circuit,factory,layer count,allocator,msf coeff,routing_algo,routing_option,total code beat,circuit volume
result_SELECT_100_Heisenberg1D_OBC_1_0_0,inner,1,SA,0.001,Double,No_MSF,8061,176904
result_SELECT_100_Heisenberg1D_OBC_1_0_0,inner,1,SA,0.001,Proj,No_MSF,7128,16664
result_SELECT_100_Heisenberg1D_OBC_1_0_0,inner,1,SA,0.001,Double,No_Top,8062,195978
result_SELECT_100_Heisenberg1D_OBC_1_0_0,inner,1,SA,0.001,Proj,No_Top,7128,35736
result_SELECT_100_Heisenberg1D_OBC_1_0_0,inner,1,SA,0.001,Single,No_Top,8664,209514
result_SELECT_100_Heisenberg1D_OBC_1_0_0,inner,1,SA,0.001,Single,No_MSF,8662,190438
result_SELECT_100_Heisenberg1D_OBC_1_0_0,inner,1,SA,0.01,Double,No_MSF,8061,176904
result_SELECT_100_Heisenberg1D_OBC_1_0_0,inner,1,SA,0.01,Double,No_Top,8062,195978
result_SELECT_100_Heisenberg1D_OBC_1_0_0,inner,1,SA,0.001,Double,Yes_Kink,8063,353059
result_SELECT_100_Heisenberg1D_OBC_1_0_0,inner,1,SA,0.01,Double,No_Kink,8070,319021
result_SELECT_100_Heisenberg1D_OBC_1_0_0,inner,1,SA,0.001,Single,No_Kink,8664,352366
result_SELECT_100_Heisenberg1D_OBC_1_0_0,inner,1,SA,0.001,Double,No_Kink,8063,355010
result_SELECT_100_Heisenberg1D_OBC_1_0_0,inner,1,SA,0.01,Proj,No_MSF,7128,16664
result_SELECT_100_Heisenberg1D_OBC_1_0_0,inner,1,SA,0.01,Proj,No_Top,7128,35736
result_SELECT_100_Heisenberg1D_OBC_1_0_0,inner,1,SA,0.01,Single,No_MSF,8662,190438
result_SELECT_100_Heisenberg1D_OBC_1_0_0,inner,1,SA,0.01,Double,Yes_Kink,8075,316531
result_SELECT_100_Heisenberg1D_OBC_1_0_0,inner,1,SA,0.01,Single,No_Top,8664,209514
result_SELECT_100_Heisenberg1D_OBC_1_0_0,inner,1,SA,0.1,Double,No_MSF,8061,176904
result_SELECT_100_Heisenberg1D_OBC_1_0_0,inner,1,SA,0.01,Single,No_Kink,8664,315412
result_SELECT_100_Heisenberg1D_OBC_1_0_0,inner,1,SA,0.1,Double,No_Top,8062,195978
result_SELECT_100_Heisenberg1D_OBC_1_0_0,inner,1,SA,0.1,Proj,No_MSF,7128,16664
result_SELECT_100_Heisenberg1D_OBC_1_0_0,inner,1,SA,0.1,Proj,No_Top,7128,35736
result_SELECT_100_Heisenberg1D_OBC_1_0_0,inner,1,SA,0.1,Double,No_Kink,8064,322459
result_SELECT_100_Heisenberg1D_OBC_1_0_0,inner,1,SA,0.1,Double,Yes_Kink,8063,326642
result_SELECT_100_Heisenberg1D_OBC_1_0_0,inner,1,SA,0.1,Single,No_MSF,8662,190438
result_SELECT_100_Heisenberg1D_OBC_1_0_0,inner,1,SA,0.1,Single,No_Top,8664,209514
result_SELECT_100_Heisenberg1D_OBC_1_0_0,inner,1,SA,0.1,Single,No_Kink,8664,318466
result_SELECT_100_Heisenberg1D_OBC_1_0_0,inner,1,SA,1,Double,No_MSF,8061,176904
result_SELECT_100_Heisenberg1D_OBC_1_0_0,inner,1,SA,1,Double,No_Kink,8068,282445
result_SELECT_100_Heisenberg1D_OBC_1_0_0,inner,1,SA,1,Double,No_Top,8062,195978
result_SELECT_100_Heisenberg1D_OBC_1_0_0,inner,1,SA,1,Double,Yes_Kink,8071,283993
result_SELECT_100_Heisenberg1D_OBC_1_0_0,inner,1,SA,1,Proj,No_MSF,7128,16664
result_SELECT_100_Heisenberg1D_OBC_1_0_0,inner,1,SA,1,Proj,No_Top,7128,35736
result_SELECT_100_Heisenberg1D_OBC_1_0_0,inner,1,SA,0.001,Proj,Yes_Kink,7132,3126083
result_SELECT_100_Heisenberg1D_OBC_1_0_0,inner,1,SA,1,Single,No_Kink,8664,277224
result_SELECT_100_Heisenberg1D_OBC_1_0_0,inner,1,SA,1,Single,No_MSF,8662,190438
result_SELECT_100_Heisenberg1D_OBC_1_0_0,inner,1,SA,1,Single,No_Top,8664,209514
result_SELECT_100_Heisenberg1D_OBC_1_0_0,inner,1,SA,0.01,Proj,Yes_Kink,7133,3158587
result_SELECT_100_Heisenberg1D_OBC_1_0_0,inner,1,SA,0.01,Proj,No_Kink,7132,3253015
result_SELECT_100_Heisenberg1D_OBC_1_0_0,inner,1,SA,0.001,Proj,No_Kink,7132,3204558
result_SELECT_100_Heisenberg1D_OBC_1_0_0,inner,1,random,0,Double,No_MSF,8061,176904
result_SELECT_100_Heisenberg1D_OBC_1_0_0,inner,1,random,0,Double,No_Top,8062,195978
result_SELECT_100_Heisenberg1D_OBC_1_0_0,inner,1,random,0,Proj,No_MSF,7128,16664
result_SELECT_100_Heisenberg1D_OBC_1_0_0,inner,1,SA,0.1,Proj,No_Kink,7136,3205714
result_SELECT_100_Heisenberg1D_OBC_1_0_0,inner,1,random,0,Double,No_Kink,8070,354865
result_SELECT_100_Heisenberg1D_OBC_1_0_0,inner,1,random,0,Proj,No_Top,7128,35736
result_SELECT_100_Heisenberg1D_OBC_1_0_0,inner,1,random,0,Double,Yes_Kink,8066,353659
result_SELECT_100_Heisenberg1D_OBC_1_0_0,inner,1,random,0,Single,No_MSF,8662,190438
result_SELECT_100_Heisenberg1D_OBC_1_0_0,inner,1,SA,0.1,Proj,Yes_Kink,7133,3181826
result_SELECT_100_Heisenberg1D_OBC_1_0_0,inner,1,random,0,Single,No_Top,8664,209514
result_SELECT_100_Heisenberg1D_OBC_1_0_0,inner,2,SA,0.001,Double,No_MSF,8061,176904
result_SELECT_100_Heisenberg1D_OBC_1_0_0,inner,2,SA,0.001,Double,No_Top,8062,195978
result_SELECT_100_Heisenberg1D_OBC_1_0_0,inner,2,SA,0.001,Double,No_Kink,8062,315813
result_SELECT_100_Heisenberg1D_OBC_1_0_0,inner,1,random,0,Single,No_Kink,8664,355946
result_SELECT_100_Heisenberg1D_OBC_1_0_0,inner,1,SA,1,Proj,No_Kink,7133,3104593
result_SELECT_100_Heisenberg1D_OBC_1_0_0,inner,2,SA,0.001,Proj,No_MSF,7128,16664
result_SELECT_100_Heisenberg1D_OBC_1_0_0,inner,2,SA,0.001,Double,Yes_Kink,8358,320900
result_SELECT_100_Heisenberg1D_OBC_1_0_0,inner,2,SA,0.001,Proj,No_Top,7128,35736
result_SELECT_100_Heisenberg1D_OBC_1_0_0,inner,2,SA,0.001,Single,No_MSF,8662,190438
result_SELECT_100_Heisenberg1D_OBC_1_0_0,inner,1,SA,1,Proj,Yes_Kink,7133,3116393
result_SELECT_100_Heisenberg1D_OBC_1_0_0,inner,2,SA,0.001,Single,No_Top,8664,209514
result_SELECT_100_Heisenberg1D_OBC_1_0_0,inner,2,SA,0.001,Single,No_Kink,8664,315864
result_SELECT_100_Heisenberg1D_OBC_1_0_0,inner,2,SA,0.01,Double,No_MSF,8061,176904
result_SELECT_100_Heisenberg1D_OBC_1_0_0,inner,2,SA,0.01,Double,No_Kink,8062,299838
result_SELECT_100_Heisenberg1D_OBC_1_0_0,inner,2,SA,0.001,Single,Yes_Kink,8664,317124
result_SELECT_100_Heisenberg1D_OBC_1_0_0,inner,2,SA,0.01,Double,No_Top,8062,195978
result_SELECT_100_Heisenberg1D_OBC_1_0_0,inner,2,SA,0.01,Proj,No_MSF,7128,16664
result_SELECT_100_Heisenberg1D_OBC_1_0_0,inner,2,SA,0.01,Double,Yes_Kink,8358,307018
result_SELECT_100_Heisenberg1D_OBC_1_0_0,inner,2,SA,0.01,Proj,No_Top,7128,35736
result_SELECT_100_Heisenberg1D_OBC_1_0_0,inner,2,SA,0.01,Single,No_MSF,8662,190438
result_SELECT_100_Heisenberg1D_OBC_1_0_0,inner,2,SA,0.01,Single,No_Top,8664,209514
result_SELECT_100_Heisenberg1D_OBC_1_0_0,inner,2,SA,0.01,Single,No_Kink,8664,299982
result_SELECT_100_Heisenberg1D_OBC_1_0_0,inner,2,SA,0.01,Single,Yes_Kink,8664,302234
result_SELECT_100_Heisenberg1D_OBC_1_0_0,inner,2,SA,0.1,Double,No_Kink,8063,296846
result_SELECT_100_Heisenberg1D_OBC_1_0_0,inner,2,SA,0.1,Double,No_MSF,8061,176904
result_SELECT_100_Heisenberg1D_OBC_1_0_0,inner,2,SA,0.1,Double,No_Top,8062,195978
result_SELECT_100_Heisenberg1D_OBC_1_0_0,inner,2,SA,0.1,Double,Yes_Kink,8359,301448
result_SELECT_100_Heisenberg1D_OBC_1_0_0,inner,2,SA,0.1,Proj,No_MSF,7128,16664
result_SELECT_100_Heisenberg1D_OBC_1_0_0,inner,2,SA,0.1,Proj,No_Top,7128,35736
result_SELECT_100_Heisenberg1D_OBC_1_0_0,inner,2,SA,0.001,Proj,No_Kink,7131,3149142
result_SELECT_100_Heisenberg1D_OBC_1_0_0,inner,2,SA,0.1,Single,No_Kink,8664,294118
result_SELECT_100_Heisenberg1D_OBC_1_0_0,inner,2,SA,0.1,Single,No_MSF,8662,190438
result_SELECT_100_Heisenberg1D_OBC_1_0_0,inner,2,SA,0.001,Proj,Yes_Kink,7129,3072240
result_SELECT_100_Heisenberg1D_OBC_1_0_0,inner,2,SA,0.01,Proj,No_Kink,7133,3015381
result_SELECT_100_Heisenberg1D_OBC_1_0_0,inner,2,SA,0.1,Single,No_Top,8664,209514
result_SELECT_100_Heisenberg1D_OBC_1_0_0,inner,2,SA,1,Double,No_MSF,8061,176904
result_SELECT_100_Heisenberg1D_OBC_1_0_0,inner,2,SA,1,Double,No_Top,8062,195978
result_SELECT_100_Heisenberg1D_OBC_1_0_0,inner,2,SA,1,Double,No_Kink,8062,273872
result_SELECT_100_Heisenberg1D_OBC_1_0_0,inner,2,SA,0.1,Single,Yes_Kink,8664,299330
result_SELECT_100_Heisenberg1D_OBC_1_0_0,inner,1,random,0,Proj,No_Kink,7129,3833027
result_SELECT_100_Heisenberg1D_OBC_1_0_0,inner,2,SA,1,Proj,No_MSF,7128,16664
result_SELECT_100_Heisenberg1D_OBC_1_0_0,inner,2,SA,1,Proj,No_Top,7128,35736
result_SELECT_100_Heisenberg1D_OBC_1_0_0,inner,2,SA,0.01,Proj,Yes_Kink,7132,3005292
result_SELECT_100_Heisenberg1D_OBC_1_0_0,inner,2,SA,1,Double,Yes_Kink,8063,273691
result_SELECT_100_Heisenberg1D_OBC_1_0_0,inner,2,SA,1,Single,No_MSF,8662,190438
result_SELECT_100_Heisenberg1D_OBC_1_0_0,inner,2,SA,1,Single,No_Top,8664,209514
result_SELECT_100_Heisenberg1D_OBC_1_0_0,inner,2,SA,1,Single,No_Kink,8664,267678
result_SELECT_100_Heisenberg1D_OBC_1_0_0,inner,2,random,0,Double,No_MSF,8061,176904
result_SELECT_100_Heisenberg1D_OBC_1_0_0,inner,1,random,0,Proj,Yes_Kink,7130,3780596
result_SELECT_100_Heisenberg1D_OBC_1_0_0,inner,2,SA,1,Single,Yes_Kink,8664,284824
result_SELECT_100_Heisenberg1D_OBC_1_0_0,inner,2,random,0,Double,No_Top,8062,195978
result_SELECT_100_Heisenberg1D_OBC_1_0_0,inner,2,random,0,Double,No_Kink,8062,320053
result_SELECT_100_Heisenberg1D_OBC_1_0_0,inner,2,random,0,Proj,No_MSF,7128,16664
result_SELECT_100_Heisenberg1D_OBC_1_0_0,inner,2,random,0,Proj,No_Top,7128,35736
result_SELECT_100_Heisenberg1D_OBC_1_0_0,inner,2,random,0,Double,Yes_Kink,8063,320523
result_SELECT_100_Heisenberg1D_OBC_1_0_0,inner,2,random,0,Single,No_MSF,8662,190438
result_SELECT_100_Heisenberg1D_OBC_1_0_0,inner,2,random,0,Single,No_Top,8664,209514
result_SELECT_100_Heisenberg1D_OBC_1_0_0,inner,2,random,0,Single,No_Kink,8664,320407
result_SELECT_100_Heisenberg1D_OBC_1_0_0,inner,2,SA,0.1,Proj,No_Kink,7132,3046941
result_SELECT_100_Heisenberg1D_OBC_1_0_0,inner,2,SA,0.1,Proj,Yes_Kink,7131,2918064
result_SELECT_100_Heisenberg1D_OBC_1_0_0,inner,2,random,0,Single,Yes_Kink,8664,329964
result_SELECT_100_Heisenberg1D_OBC_1_0_0,outer,1,SA,0.001,Double,No_MSF,8061,176904
result_SELECT_100_Heisenberg1D_OBC_1_0_0,outer,1,SA,0.001,Double,No_Top,8062,195978
result_SELECT_100_Heisenberg1D_OBC_1_0_0,outer,1,SA,0.001,Double,No_Kink,8063,338741
result_SELECT_100_Heisenberg1D_OBC_1_0_0,outer,1,SA,0.001,Proj,No_Top,7128,35736
result_SELECT_100_Heisenberg1D_OBC_1_0_0,outer,1,SA,0.001,Proj,No_MSF,7128,16664
result_SELECT_100_Heisenberg1D_OBC_1_0_0,outer,1,SA,0.001,Double,Yes_Kink,8063,336655
result_SELECT_100_Heisenberg1D_OBC_1_0_0,outer,1,SA,0.001,Single,No_MSF,8662,190438
result_SELECT_100_Heisenberg1D_OBC_1_0_0,outer,1,SA,0.001,Single,No_Kink,8664,336126
result_SELECT_100_Heisenberg1D_OBC_1_0_0,outer,1,SA,0.001,Single,No_Top,8664,209514
result_SELECT_100_Heisenberg1D_OBC_1_0_0,outer,1,SA,0.01,Double,No_MSF,8061,176904
result_SELECT_100_Heisenberg1D_OBC_1_0_0,outer,1,SA,0.01,Double,No_Top,8062,195978
result_SELECT_100_Heisenberg1D_OBC_1_0_0,outer,1,SA,0.01,Double,No_Kink,8074,335736
result_SELECT_100_Heisenberg1D_OBC_1_0_0,outer,1,SA,0.01,Double,Yes_Kink,8084,333372
result_SELECT_100_Heisenberg1D_OBC_1_0_0,outer,1,SA,0.01,Proj,No_MSF,7128,16664
result_SELECT_100_Heisenberg1D_OBC_1_0_0,outer,1,SA,0.01,Proj,No_Top,7128,35736
result_SELECT_100_Heisenberg1D_OBC_1_0_0,inner,2,SA,1,Proj,Yes_Kink,7130,2805631
result_SELECT_100_Heisenberg1D_OBC_1_0_0,inner,2,SA,1,Proj,No_Kink,7129,2973510
result_SELECT_100_Heisenberg1D_OBC_1_0_0,outer,1,SA,0.01,Single,No_MSF,8662,190438
result_SELECT_100_Heisenberg1D_OBC_1_0_0,outer,1,SA,0.01,Single,No_Kink,8664,334516
result_SELECT_100_Heisenberg1D_OBC_1_0_0,outer,1,SA,0.01,Single,No_Top,8664,209514
result_SELECT_100_Heisenberg1D_OBC_1_0_0,outer,1,SA,0.1,Double,No_MSF,8061,176904
result_SELECT_100_Heisenberg1D_OBC_1_0_0,outer,1,SA,0.1,Double,No_Top,8062,195978
result_SELECT_100_Heisenberg1D_OBC_1_0_0,outer,1,SA,0.1,Double,No_Kink,8063,328771
result_SELECT_100_Heisenberg1D_OBC_1_0_0,outer,1,SA,0.1,Double,Yes_Kink,8063,326681
result_SELECT_100_Heisenberg1D_OBC_1_0_0,outer,1,SA,0.1,Proj,No_MSF,7128,16664
result_SELECT_100_Heisenberg1D_OBC_1_0_0,outer,1,SA,0.1,Proj,No_Top,7128,35736
result_SELECT_100_Heisenberg1D_OBC_1_0_0,outer,1,SA,0.001,Proj,No_Kink,7133,3473621
result_SELECT_100_Heisenberg1D_OBC_1_0_0,inner,2,random,0,Proj,Yes_Kink,7129,3840728
result_SELECT_100_Heisenberg1D_OBC_1_0_0,outer,1,SA,0.001,Proj,Yes_Kink,7130,3409361
result_SELECT_100_Heisenberg1D_OBC_1_0_0,outer,1,SA,0.1,Single,No_MSF,8662,190438
result_SELECT_100_Heisenberg1D_OBC_1_0_0,outer,1,SA,0.1,Single,No_Kink,8664,325242
result_SELECT_100_Heisenberg1D_OBC_1_0_0,outer,1,SA,0.1,Single,No_Top,8664,209514
result_SELECT_100_Heisenberg1D_OBC_1_0_0,inner,2,random,0,Proj,No_Kink,7128,3942591
result_SELECT_100_Heisenberg1D_OBC_1_0_0,outer,1,SA,1,Double,No_MSF,8061,176904
result_SELECT_100_Heisenberg1D_OBC_1_0_0,outer,1,SA,1,Double,No_Top,8062,195978
result_SELECT_100_Heisenberg1D_OBC_1_0_0,outer,1,SA,0.01,Proj,No_Kink,7131,3433799
result_SELECT_100_Heisenberg1D_OBC_1_0_0,outer,1,SA,1,Double,No_Kink,8063,302545
result_SELECT_100_Heisenberg1D_OBC_1_0_0,outer,1,SA,1,Proj,No_MSF,7128,16664
result_SELECT_100_Heisenberg1D_OBC_1_0_0,outer,1,SA,1,Proj,No_Top,7128,35736
result_SELECT_100_Heisenberg1D_OBC_1_0_0,outer,1,SA,1,Single,No_MSF,8662,190438
result_SELECT_100_Heisenberg1D_OBC_1_0_0,outer,1,SA,1,Double,Yes_Kink,8063,301294
result_SELECT_100_Heisenberg1D_OBC_1_0_0,outer,1,SA,1,Single,No_Top,8664,209514
result_SELECT_100_Heisenberg1D_OBC_1_0_0,outer,1,SA,1,Single,No_Kink,8664,301226
result_SELECT_100_Heisenberg1D_OBC_1_0_0,outer,1,random,0,Double,No_MSF,8061,176904
result_SELECT_100_Heisenberg1D_OBC_1_0_0,outer,1,random,0,Double,No_Top,8062,195978
result_SELECT_100_Heisenberg1D_OBC_1_0_0,outer,1,SA,0.01,Proj,Yes_Kink,7134,3462456
result_SELECT_100_Heisenberg1D_OBC_1_0_0,outer,1,random,0,Double,No_Kink,8064,379337
result_SELECT_100_Heisenberg1D_OBC_1_0_0,outer,1,random,0,Proj,No_MSF,7128,16664
result_SELECT_100_Heisenberg1D_OBC_1_0_0,outer,1,random,0,Double,Yes_Kink,8064,376696
result_SELECT_100_Heisenberg1D_OBC_1_0_0,outer,1,random,0,Proj,No_Top,7128,35736
result_SELECT_100_Heisenberg1D_OBC_1_0_0,outer,1,random,0,Single,No_MSF,8662,190438
result_SELECT_100_Heisenberg1D_OBC_1_0_0,outer,1,random,0,Single,No_Top,8664,209514
result_SELECT_100_Heisenberg1D_OBC_1_0_0,outer,1,random,0,Single,No_Kink,8664,381874
result_SELECT_100_Heisenberg1D_OBC_1_0_0,outer,2,SA,0.001,Double,No_MSF,8061,176904
result_SELECT_100_Heisenberg1D_OBC_1_0_0,outer,2,SA,0.001,Double,No_Kink,8080,313741
result_SELECT_100_Heisenberg1D_OBC_1_0_0,outer,2,SA,0.001,Double,No_Top,8062,195978
result_SELECT_100_Heisenberg1D_OBC_1_0_0,outer,2,SA,0.001,Double,Yes_Kink,8395,316167
result_SELECT_100_Heisenberg1D_OBC_1_0_0,outer,2,SA,0.001,Proj,No_MSF,7128,16664
result_SELECT_100_Heisenberg1D_OBC_1_0_0,outer,2,SA,0.001,Proj,No_Top,7128,35736
result_SELECT_100_Heisenberg1D_OBC_1_0_0,outer,1,SA,0.1,Proj,No_Kink,7131,3488175
result_SELECT_100_Heisenberg1D_OBC_1_0_0,outer,2,SA,0.001,Single,No_Kink,8664,311935
result_SELECT_100_Heisenberg1D_OBC_1_0_0,outer,2,SA,0.001,Single,No_MSF,8662,190438
result_SELECT_100_Heisenberg1D_OBC_1_0_0,outer,1,SA,0.1,Proj,Yes_Kink,7131,3358977
result_SELECT_100_Heisenberg1D_OBC_1_0_0,outer,2,SA,0.001,Single,No_Top,8664,209514
result_SELECT_100_Heisenberg1D_OBC_1_0_0,outer,2,SA,0.001,Single,Yes_Kink,8664,314952
result_SELECT_100_Heisenberg1D_OBC_1_0_0,outer,2,SA,0.01,Double,No_Kink,8066,314111
result_SELECT_100_Heisenberg1D_OBC_1_0_0,outer,2,SA,0.01,Double,No_MSF,8061,176904
result_SELECT_100_Heisenberg1D_OBC_1_0_0,outer,2,SA,0.01,Double,No_Top,8062,195978
result_SELECT_100_Heisenberg1D_OBC_1_0_0,outer,2,SA,0.01,Double,Yes_Kink,8363,314199
result_SELECT_100_Heisenberg1D_OBC_1_0_0,outer,2,SA,0.01,Proj,No_MSF,7128,16664
result_SELECT_100_Heisenberg1D_OBC_1_0_0,outer,2,SA,0.01,Proj,No_Top,7128,35736
result_SELECT_100_Heisenberg1D_OBC_1_0_0,outer,1,SA,1,Proj,No_Kink,7128,3182021
result_SELECT_100_Heisenberg1D_OBC_1_0_0,outer,2,SA,0.01,Single,No_Kink,8664,311975
result_SELECT_100_Heisenberg1D_OBC_1_0_0,outer,1,SA,1,Proj,Yes_Kink,7128,3177456
result_SELECT_100_Heisenberg1D_OBC_1_0_0,outer,2,SA,0.01,Single,No_MSF,8662,190438
result_SELECT_100_Heisenberg1D_OBC_1_0_0,outer,2,SA,0.01,Single,No_Top,8664,209514
result_SELECT_100_Heisenberg1D_OBC_1_0_0,outer,2,SA,0.01,Single,Yes_Kink,8664,314130
result_SELECT_100_Heisenberg1D_OBC_1_0_0,outer,2,SA,0.1,Double,No_MSF,8061,176904
result_SELECT_100_Heisenberg1D_OBC_1_0_0,outer,2,SA,0.1,Double,No_Kink,8064,305587
result_SELECT_100_Heisenberg1D_OBC_1_0_0,outer,2,SA,0.1,Double,No_Top,8062,195978
result_SELECT_100_Heisenberg1D_OBC_1_0_0,outer,2,SA,0.1,Double,Yes_Kink,8360,307147
result_SELECT_100_Heisenberg1D_OBC_1_0_0,outer,2,SA,0.1,Proj,No_MSF,7128,16664
result_SELECT_100_Heisenberg1D_OBC_1_0_0,outer,2,SA,0.1,Proj,No_Top,7128,35736
result_SELECT_100_Heisenberg1D_OBC_1_0_0,outer,1,random,0,Proj,No_Kink,7131,3512522
result_SELECT_100_Heisenberg1D_OBC_1_0_0,outer,2,SA,0.001,Proj,No_Kink,7132,3316782
result_SELECT_100_Heisenberg1D_OBC_1_0_0,outer,2,SA,0.1,Single,No_MSF,8662,190438
result_SELECT_100_Heisenberg1D_OBC_1_0_0,outer,2,SA,0.1,Single,No_Kink,8664,303913
result_SELECT_100_Heisenberg1D_OBC_1_0_0,outer,2,SA,0.1,Single,No_Top,8664,209514
result_SELECT_100_Heisenberg1D_OBC_1_0_0,outer,1,random,0,Proj,Yes_Kink,7131,3473473
result_SELECT_100_Heisenberg1D_OBC_1_0_0,outer,2,SA,1,Double,No_MSF,8061,176904
result_SELECT_100_Heisenberg1D_OBC_1_0_0,outer,2,SA,1,Double,No_Top,8062,195978
result_SELECT_100_Heisenberg1D_OBC_1_0_0,outer,2,SA,0.1,Single,Yes_Kink,8664,307761
result_SELECT_100_Heisenberg1D_OBC_1_0_0,outer,2,SA,1,Double,No_Kink,8063,285123
result_SELECT_100_Heisenberg1D_OBC_1_0_0,outer,2,SA,0.001,Proj,Yes_Kink,7130,3227245
result_SELECT_100_Heisenberg1D_OBC_1_0_0,outer,2,SA,1,Proj,No_MSF,7128,16664
result_SELECT_100_Heisenberg1D_OBC_1_0_0,outer,2,SA,1,Proj,No_Top,7128,35736
result_SELECT_100_Heisenberg1D_OBC_1_0_0,outer,2,SA,1,Double,Yes_Kink,8063,281239
result_SELECT_100_Heisenberg1D_OBC_1_0_0,outer,2,SA,1,Single,No_MSF,8662,190438
result_SELECT_100_Heisenberg1D_OBC_1_0_0,outer,2,SA,1,Single,No_Kink,8664,283293
result_SELECT_100_Heisenberg1D_OBC_1_0_0,outer,2,SA,1,Single,No_Top,8664,209514
result_SELECT_100_Heisenberg1D_OBC_1_0_0,outer,2,SA,1,Single,Yes_Kink,8664,294193
result_SELECT_100_Heisenberg1D_OBC_1_0_0,outer,2,random,0,Double,No_MSF,8061,176904
result_SELECT_100_Heisenberg1D_OBC_1_0_0,outer,2,random,0,Double,No_Kink,8954,371999
result_SELECT_100_Heisenberg1D_OBC_1_0_0,outer,2,random,0,Double,No_Top,8062,195978
result_SELECT_100_Heisenberg1D_OBC_1_0_0,outer,2,random,0,Double,Yes_Kink,9550,382451
result_SELECT_100_Heisenberg1D_OBC_1_0_0,outer,2,random,0,Proj,No_MSF,7128,16664
result_SELECT_100_Heisenberg1D_OBC_1_0_0,outer,2,random,0,Proj,No_Top,7128,35736
result_SELECT_100_Heisenberg1D_OBC_1_0_0,outer,2,SA,0.01,Proj,No_Kink,7129,3428790
result_SELECT_100_Heisenberg1D_OBC_1_0_0,outer,2,random,0,Single,No_Kink,8664,353350
result_SELECT_100_Heisenberg1D_OBC_1_0_0,outer,2,SA,0.01,Proj,Yes_Kink,7132,3330256
result_SELECT_100_Heisenberg1D_OBC_1_0_0,outer,2,random,0,Single,No_MSF,8662,190438
result_SELECT_100_Heisenberg1D_OBC_1_0_0,outer,2,random,0,Single,No_Top,8664,209514
result_SELECT_100_Heisenberg1D_OBC_1_0_1,inner,1,SA,0.001,Double,No_Kink,4055,322467
result_SELECT_100_Heisenberg1D_OBC_1_0_0,outer,2,random,0,Single,Yes_Kink,8664,363285
result_SELECT_100_Heisenberg1D_OBC_1_0_1,inner,1,SA,0.001,Double,No_MSF,4053,174569
result_SELECT_100_Heisenberg1D_OBC_1_0_0,outer,2,SA,0.1,Proj,No_Kink,7132,3259101
result_SELECT_100_Heisenberg1D_OBC_1_0_1,inner,1,SA,0.001,Double,No_Top,4054,193761
result_SELECT_100_Heisenberg1D_OBC_1_0_1,inner,1,SA,0.001,Proj,No_MSF,3564,16760
result_SELECT_100_Heisenberg1D_OBC_1_0_1,inner,1,SA,0.001,Proj,No_Top,3564,35928
result_SELECT_100_Heisenberg1D_OBC_1_0_1,inner,1,SA,0.001,Double,Yes_Kink,4056,319880
result_SELECT_100_Heisenberg1D_OBC_1_0_1,inner,1,SA,0.001,Single,No_Kink,4360,318169
result_SELECT_100_Heisenberg1D_OBC_1_0_1,inner,1,SA,0.001,Single,No_MSF,4359,188327
result_SELECT_100_Heisenberg1D_OBC_1_0_1,inner,1,SA,0.001,Single,No_Top,4360,207499
result_SELECT_100_Heisenberg1D_OBC_1_0_0,outer,2,SA,1,Proj,No_Kink,7128,3063153
result_SELECT_100_Heisenberg1D_OBC_1_0_0,outer,2,SA,0.1,Proj,Yes_Kink,7131,3179585
result_SELECT_100_Heisenberg1D_OBC_1_0_0,outer,2,SA,1,Proj,Yes_Kink,7128,2985120
result_SELECT_100_Heisenberg1D_OBC_1_0_1,inner,1,SA,0.01,Double,No_MSF,4053,174569
result_SELECT_100_Heisenberg1D_OBC_1_0_1,inner,1,SA,0.01,Double,No_Top,4054,193761
result_SELECT_100_Heisenberg1D_OBC_1_0_1,inner,1,SA,0.01,Double,No_Kink,4054,305169
result_SELECT_100_Heisenberg1D_OBC_1_0_1,inner,1,SA,0.01,Proj,No_MSF,3564,16760
result_SELECT_100_Heisenberg1D_OBC_1_0_1,inner,1,SA,0.01,Proj,No_Top,3564,35928
result_SELECT_100_Heisenberg1D_OBC_1_0_1,inner,1,SA,0.01,Double,Yes_Kink,4058,307477
result_SELECT_100_Heisenberg1D_OBC_1_0_1,inner,1,SA,0.01,Single,No_MSF,4359,188327
result_SELECT_100_Heisenberg1D_OBC_1_0_1,inner,1,SA,0.01,Single,No_Top,4360,207499
result_SELECT_100_Heisenberg1D_OBC_1_0_1,inner,1,SA,0.01,Single,No_Kink,4360,302599
result_SELECT_100_Heisenberg1D_OBC_1_0_1,inner,1,SA,0.1,Double,No_MSF,4053,174569
result_SELECT_100_Heisenberg1D_OBC_1_0_1,inner,1,SA,0.1,Double,No_Top,4054,193761
result_SELECT_100_Heisenberg1D_OBC_1_0_1,inner,1,SA,0.1,Double,No_Kink,4054,299778
result_SELECT_100_Heisenberg1D_OBC_1_0_1,inner,1,SA,0.1,Double,Yes_Kink,4057,304464
result_SELECT_100_Heisenberg1D_OBC_1_0_1,inner,1,SA,0.1,Proj,No_MSF,3564,16760
result_SELECT_100_Heisenberg1D_OBC_1_0_1,inner,1,SA,0.1,Proj,No_Top,3564,35928
result_SELECT_100_Heisenberg1D_OBC_1_0_0,outer,2,random,0,Proj,Yes_Kink,7129,3517031
result_SELECT_100_Heisenberg1D_OBC_1_0_0,outer,2,random,0,Proj,No_Kink,7129,3574024
result_SELECT_100_Heisenberg1D_OBC_1_0_1,inner,1,SA,0.001,Proj,No_Kink,3570,1994895
result_SELECT_100_Heisenberg1D_OBC_1_0_1,inner,1,SA,0.1,Single,No_MSF,4359,188327
result_SELECT_100_Heisenberg1D_OBC_1_0_1,inner,1,SA,0.1,Single,No_Top,4360,207499
result_SELECT_100_Heisenberg1D_OBC_1_0_1,inner,1,SA,0.1,Single,No_Kink,4360,297233
result_SELECT_100_Heisenberg1D_OBC_1_0_1,inner,1,SA,1,Double,No_MSF,4053,174569
result_SELECT_100_Heisenberg1D_OBC_1_0_1,inner,1,SA,0.001,Proj,Yes_Kink,3570,1936519
result_SELECT_100_Heisenberg1D_OBC_1_0_1,inner,1,SA,1,Double,No_Top,4054,193761
result_SELECT_100_Heisenberg1D_OBC_1_0_1,inner,1,SA,1,Double,No_Kink,4058,290549
result_SELECT_100_Heisenberg1D_OBC_1_0_1,inner,1,SA,1,Proj,No_MSF,3564,16760
result_SELECT_100_Heisenberg1D_OBC_1_0_1,inner,1,SA,1,Double,Yes_Kink,4059,291581
result_SELECT_100_Heisenberg1D_OBC_1_0_1,inner,1,SA,1,Proj,No_Top,3564,35928
result_SELECT_100_Heisenberg1D_OBC_1_0_1,inner,1,SA,1,Single,No_MSF,4359,188327
result_SELECT_100_Heisenberg1D_OBC_1_0_1,inner,1,SA,1,Single,No_Kink,4360,284710
result_SELECT_100_Heisenberg1D_OBC_1_0_1,inner,1,SA,1,Single,No_Top,4360,207499
result_SELECT_100_Heisenberg1D_OBC_1_0_1,inner,1,random,0,Double,No_MSF,4053,174569
result_SELECT_100_Heisenberg1D_OBC_1_0_1,inner,1,random,0,Double,No_Top,4054,193761
result_SELECT_100_Heisenberg1D_OBC_1_0_1,inner,1,random,0,Double,No_Kink,4058,413931
result_SELECT_100_Heisenberg1D_OBC_1_0_1,inner,1,SA,0.01,Proj,No_Kink,3570,1944157
result_SELECT_100_Heisenberg1D_OBC_1_0_1,inner,1,random,0,Proj,No_MSF,3564,16760
result_SELECT_100_Heisenberg1D_OBC_1_0_1,inner,1,random,0,Proj,No_Top,3564,35928
result_SELECT_100_Heisenberg1D_OBC_1_0_1,inner,1,SA,0.01,Proj,Yes_Kink,3572,1929507
result_SELECT_100_Heisenberg1D_OBC_1_0_1,inner,1,random,0,Double,Yes_Kink,4058,413360
result_SELECT_100_Heisenberg1D_OBC_1_0_1,inner,1,random,0,Single,No_MSF,4359,188327
result_SELECT_100_Heisenberg1D_OBC_1_0_1,inner,1,random,0,Single,No_Top,4360,207499
result_SELECT_100_Heisenberg1D_OBC_1_0_1,inner,1,SA,0.1,Proj,No_Kink,3568,1924576
result_SELECT_100_Heisenberg1D_OBC_1_0_1,inner,1,random,0,Single,No_Kink,4362,422889
result_SELECT_100_Heisenberg1D_OBC_1_0_1,inner,2,SA,0.001,Double,No_MSF,4053,174569
result_SELECT_100_Heisenberg1D_OBC_1_0_1,inner,2,SA,0.001,Double,No_Kink,4054,302225
result_SELECT_100_Heisenberg1D_OBC_1_0_1,inner,2,SA,0.001,Double,No_Top,4054,193761
result_SELECT_100_Heisenberg1D_OBC_1_0_1,inner,2,SA,0.001,Proj,No_MSF,3564,16760
result_SELECT_100_Heisenberg1D_OBC_1_0_1,inner,2,SA,0.001,Proj,No_Top,3564,35928
result_SELECT_100_Heisenberg1D_OBC_1_0_1,inner,2,SA,0.001,Double,Yes_Kink,4202,303087
result_SELECT_100_Heisenberg1D_OBC_1_0_1,inner,1,SA,0.1,Proj,Yes_Kink,3569,1852116
result_SELECT_100_Heisenberg1D_OBC_1_0_1,inner,2,SA,0.001,Single,No_MSF,4359,188327
result_SELECT_100_Heisenberg1D_OBC_1_0_1,inner,2,SA,0.001,Single,No_Kink,4360,300134
result_SELECT_100_Heisenberg1D_OBC_1_0_1,inner,2,SA,0.001,Single,No_Top,4360,207499
result_SELECT_100_Heisenberg1D_OBC_1_0_1,inner,2,SA,0.001,Single,Yes_Kink,4360,308817
result_SELECT_100_Heisenberg1D_OBC_1_0_1,inner,2,SA,0.01,Double,No_Kink,4058,294847
result_SELECT_100_Heisenberg1D_OBC_1_0_1,inner,2,SA,0.01,Double,No_MSF,4053,174569
result_SELECT_100_Heisenberg1D_OBC_1_0_1,inner,2,SA,0.01,Double,No_Top,4054,193761
result_SELECT_100_Heisenberg1D_OBC_1_0_1,inner,2,SA,0.01,Double,Yes_Kink,4202,298659
result_SELECT_100_Heisenberg1D_OBC_1_0_1,inner,1,SA,1,Proj,No_Kink,3566,1887182
result_SELECT_100_Heisenberg1D_OBC_1_0_1,inner,2,SA,0.01,Proj,No_Top,3564,35928
result_SELECT_100_Heisenberg1D_OBC_1_0_1,inner,2,SA,0.01,Proj,No_MSF,3564,16760
result_SELECT_100_Heisenberg1D_OBC_1_0_1,inner,1,SA,1,Proj,Yes_Kink,3568,1849369
result_SELECT_100_Heisenberg1D_OBC_1_0_1,inner,2,SA,0.01,Single,No_MSF,4359,188327
result_SELECT_100_Heisenberg1D_OBC_1_0_1,inner,2,SA,0.01,Single,No_Kink,4360,296813
result_SELECT_100_Heisenberg1D_OBC_1_0_1,inner,2,SA,0.01,Single,No_Top,4360,207499
result_SELECT_100_Heisenberg1D_OBC_1_0_1,inner,2,SA,0.01,Single,Yes_Kink,4360,306428
result_SELECT_100_Heisenberg1D_OBC_1_0_1,inner,2,SA,0.1,Double,No_Kink,4057,281889
result_SELECT_100_Heisenberg1D_OBC_1_0_1,inner,2,SA,0.1,Double,No_MSF,4053,174569
result_SELECT_100_Heisenberg1D_OBC_1_0_1,inner,2,SA,0.1,Double,No_Top,4054,193761
result_SELECT_100_Heisenberg1D_OBC_1_0_1,inner,2,SA,0.1,Double,Yes_Kink,4205,287751
result_SELECT_100_Heisenberg1D_OBC_1_0_1,inner,2,SA,0.1,Proj,No_MSF,3564,16760
result_SELECT_100_Heisenberg1D_OBC_1_0_1,inner,2,SA,0.1,Proj,No_Top,3564,35928
result_SELECT_100_Heisenberg1D_OBC_1_0_1,inner,1,random,0,Proj,No_Kink,3567,2422206
result_SELECT_100_Heisenberg1D_OBC_1_0_1,inner,2,SA,0.001,Proj,No_Kink,3568,1893966
result_SELECT_100_Heisenberg1D_OBC_1_0_1,inner,2,SA,0.1,Single,No_MSF,4359,188327
result_SELECT_100_Heisenberg1D_OBC_1_0_1,inner,2,SA,0.001,Proj,Yes_Kink,3570,1824627
result_SELECT_100_Heisenberg1D_OBC_1_0_1,inner,1,random,0,Proj,Yes_Kink,3568,2338712
result_SELECT_100_Heisenberg1D_OBC_1_0_1,inner,2,SA,0.1,Single,No_Top,4360,207499
result_SELECT_100_Heisenberg1D_OBC_1_0_1,inner,2,SA,0.1,Single,No_Kink,4360,280591
result_SELECT_100_Heisenberg1D_OBC_1_0_1,inner,2,SA,1,Double,No_MSF,4053,174569
result_SELECT_100_Heisenberg1D_OBC_1_0_1,inner,2,SA,1,Double,No_Top,4054,193761
result_SELECT_100_Heisenberg1D_OBC_1_0_1,inner,2,SA,1,Double,No_Kink,4055,268400
result_SELECT_100_Heisenberg1D_OBC_1_0_1,inner,2,SA,0.1,Single,Yes_Kink,4360,290876
result_SELECT_100_Heisenberg1D_OBC_1_0_1,inner,2,SA,1,Proj,No_MSF,3564,16760
result_SELECT_100_Heisenberg1D_OBC_1_0_1,inner,2,SA,1,Proj,No_Top,3564,35928
result_SELECT_100_Heisenberg1D_OBC_1_0_1,inner,2,SA,1,Double,Yes_Kink,4056,269734
result_SELECT_100_Heisenberg1D_OBC_1_0_1,inner,2,SA,1,Single,No_MSF,4359,188327
result_SELECT_100_Heisenberg1D_OBC_1_0_1,inner,2,SA,1,Single,No_Top,4360,207499
result_SELECT_100_Heisenberg1D_OBC_1_0_1,inner,2,SA,1,Single,No_Kink,4360,267529
result_SELECT_100_Heisenberg1D_OBC_1_0_1,inner,2,SA,1,Single,Yes_Kink,4360,282663
result_SELECT_100_Heisenberg1D_OBC_1_0_1,inner,2,random,0,Double,No_MSF,4053,174569
result_SELECT_100_Heisenberg1D_OBC_1_0_1,inner,2,random,0,Double,No_Top,4054,193761
result_SELECT_100_Heisenberg1D_OBC_1_0_1,inner,2,SA,0.01,Proj,Yes_Kink,3570,1883063
result_SELECT_100_Heisenberg1D_OBC_1_0_1,inner,2,SA,0.01,Proj,No_Kink,3570,1926234
result_SELECT_100_Heisenberg1D_OBC_1_0_1,inner,2,random,0,Double,No_Kink,4056,394710
result_SELECT_100_Heisenberg1D_OBC_1_0_1,inner,2,random,0,Proj,No_MSF,3564,16760
result_SELECT_100_Heisenberg1D_OBC_1_0_1,inner,2,random,0,Proj,No_Top,3564,35928
result_SELECT_100_Heisenberg1D_OBC_1_0_1,inner,2,random,0,Double,Yes_Kink,4057,394368
result_SELECT_100_Heisenberg1D_OBC_1_0_1,inner,2,random,0,Single,No_MSF,4359,188327
result_SELECT_100_Heisenberg1D_OBC_1_0_1,inner,2,random,0,Single,No_Top,4360,207499
result_SELECT_100_Heisenberg1D_OBC_1_0_1,inner,2,random,0,Single,No_Kink,4360,395119
result_SELECT_100_Heisenberg1D_OBC_1_0_1,inner,2,random,0,Single,Yes_Kink,4361,402287
result_SELECT_100_Heisenberg1D_OBC_1_0_1,inner,2,SA,0.1,Proj,No_Kink,3568,1878864
result_SELECT_100_Heisenberg1D_OBC_1_0_1,outer,1,SA,0.001,Double,No_Kink,4060,304313
result_SELECT_100_Heisenberg1D_OBC_1_0_1,outer,1,SA,0.001,Double,No_MSF,4053,174569
result_SELECT_100_Heisenberg1D_OBC_1_0_1,outer,1,SA,0.001,Double,No_Top,4054,193761
result_SELECT_100_Heisenberg1D_OBC_1_0_1,outer,1,SA,0.001,Proj,No_MSF,3564,16760
result_SELECT_100_Heisenberg1D_OBC_1_0_1,inner,2,SA,0.1,Proj,Yes_Kink,3568,1842514
result_SELECT_100_Heisenberg1D_OBC_1_0_1,outer,1,SA,0.001,Double,Yes_Kink,4211,307412
result_SELECT_100_Heisenberg1D_OBC_1_0_1,outer,1,SA,0.001,Proj,No_Top,3564,35928
result_SELECT_100_Heisenberg1D_OBC_1_0_1,outer,1,SA,0.001,Single,No_MSF,4359,188327
result_SELECT_100_Heisenberg1D_OBC_1_0_1,outer,1,SA,0.001,Single,No_Top,4360,207499
result_SELECT_100_Heisenberg1D_OBC_1_0_1,outer,1,SA,0.001,Single,No_Kink,4360,303774
result_SELECT_100_Heisenberg1D_OBC_1_0_1,outer,1,SA,0.01,Double,No_MSF,4053,174569
result_SELECT_100_Heisenberg1D_OBC_1_0_1,outer,1,SA,0.01,Double,No_Top,4054,193761
result_SELECT_100_Heisenberg1D_OBC_1_0_1,inner,2,SA,1,Proj,No_Kink,3567,1757197
result_SELECT_100_Heisenberg1D_OBC_1_0_1,outer,1,SA,0.01,Double,No_Kink,4057,310795
result_SELECT_100_Heisenberg1D_OBC_1_0_1,inner,2,SA,1,Proj,Yes_Kink,3568,1690331
result_SELECT_100_Heisenberg1D_OBC_1_0_1,outer,1,SA,0.01,Proj,No_MSF,3564,16760
result_SELECT_100_Heisenberg1D_OBC_1_0_1,outer,1,SA,0.01,Proj,No_Top,3564,35928
result_SELECT_100_Heisenberg1D_OBC_1_0_1,outer,1,SA,0.01,Double,Yes_Kink,4063,309477
result_SELECT_100_Heisenberg1D_OBC_1_0_1,outer,1,SA,0.01,Single,No_MSF,4359,188327
result_SELECT_100_Heisenberg1D_OBC_1_0_1,outer,1,SA,0.01,Single,No_Top,4360,207499
result_SELECT_100_Heisenberg1D_OBC_1_0_1,outer,1,SA,0.01,Single,No_Kink,4360,308569
result_SELECT_100_Heisenberg1D_OBC_1_0_1,outer,1,SA,0.1,Double,No_MSF,4053,174569
result_SELECT_100_Heisenberg1D_OBC_1_0_1,outer,1,SA,0.1,Double,No_Top,4054,193761
result_SELECT_100_Heisenberg1D_OBC_1_0_1,outer,1,SA,0.1,Double,No_Kink,4055,306323
result_SELECT_100_Heisenberg1D_OBC_1_0_1,outer,1,SA,0.1,Double,Yes_Kink,4055,304738
result_SELECT_100_Heisenberg1D_OBC_1_0_1,outer,1,SA,0.1,Proj,No_MSF,3564,16760
result_SELECT_100_Heisenberg1D_OBC_1_0_1,outer,1,SA,0.1,Proj,No_Top,3564,35928
result_SELECT_100_Heisenberg1D_OBC_1_0_1,inner,2,random,0,Proj,Yes_Kink,3565,2561886
result_SELECT_100_Heisenberg1D_OBC_1_0_1,inner,2,random,0,Proj,No_Kink,3565,2661250
result_SELECT_100_Heisenberg1D_OBC_1_0_1,outer,1,SA,0.1,Single,No_MSF,4359,188327
result_SELECT_100_Heisenberg1D_OBC_1_0_1,outer,1,SA,0.1,Single,No_Top,4360,207499
result_SELECT_100_Heisenberg1D_OBC_1_0_1,outer,1,SA,0.1,Single,No_Kink,4360,303863
result_SELECT_100_Heisenberg1D_OBC_1_0_1,outer,1,SA,1,Double,No_MSF,4053,174569
result_SELECT_100_Heisenberg1D_OBC_1_0_1,outer,1,SA,0.001,Proj,No_Kink,3569,2202103
result_SELECT_100_Heisenberg1D_OBC_1_0_1,outer,1,SA,1,Double,No_Top,4054,193761
result_SELECT_100_Heisenberg1D_OBC_1_0_1,outer,1,SA,1,Double,No_Kink,4058,286548
result_SELECT_100_Heisenberg1D_OBC_1_0_1,outer,1,SA,1,Proj,No_MSF,3564,16760
result_SELECT_100_Heisenberg1D_OBC_1_0_1,outer,1,SA,0.001,Proj,Yes_Kink,3569,2132109
result_SELECT_100_Heisenberg1D_OBC_1_0_1,outer,1,SA,1,Double,Yes_Kink,4062,285840
result_SELECT_100_Heisenberg1D_OBC_1_0_1,outer,1,SA,1,Proj,No_Top,3564,35928
result_SELECT_100_Heisenberg1D_OBC_1_0_1,outer,1,SA,1,Single,No_MSF,4359,188327
result_SELECT_100_Heisenberg1D_OBC_1_0_1,outer,1,SA,1,Single,No_Kink,4360,284859
result_SELECT_100_Heisenberg1D_OBC_1_0_1,outer,1,SA,1,Single,No_Top,4360,207499
result_SELECT_100_Heisenberg1D_OBC_1_0_1,outer,1,random,0,Double,No_MSF,4053,174569
result_SELECT_100_Heisenberg1D_OBC_1_0_1,outer,1,random,0,Double,No_Top,4054,193761
result_SELECT_100_Heisenberg1D_OBC_1_0_1,outer,1,random,0,Double,No_Kink,4057,418080
result_SELECT_100_Heisenberg1D_OBC_1_0_1,outer,1,SA,0.01,Proj,Yes_Kink,3568,2103531
result_SELECT_100_Heisenberg1D_OBC_1_0_1,outer,1,SA,0.01,Proj,No_Kink,3569,2191960
result_SELECT_100_Heisenberg1D_OBC_1_0_1,outer,1,random,0,Proj,No_MSF,3564,16760
result_SELECT_100_Heisenberg1D_OBC_1_0_1,outer,1,random,0,Proj,No_Top,3564,35928
result_SELECT_100_Heisenberg1D_OBC_1_0_1,outer,1,random,0,Double,Yes_Kink,4058,417282
result_SELECT_100_Heisenberg1D_OBC_1_0_1,outer,1,random,0,Single,No_MSF,4359,188327
result_SELECT_100_Heisenberg1D_OBC_1_0_1,outer,1,random,0,Single,No_Top,4360,207499
result_SELECT_100_Heisenberg1D_OBC_1_0_1,outer,2,SA,0.001,Double,No_Kink,4055,301775
result_SELECT_100_Heisenberg1D_OBC_1_0_1,outer,1,random,0,Single,No_Kink,4361,426325
result_SELECT_100_Heisenberg1D_OBC_1_0_1,outer,2,SA,0.001,Double,No_MSF,4053,174569
result_SELECT_100_Heisenberg1D_OBC_1_0_1,outer,2,SA,0.001,Double,No_Top,4054,193761
result_SELECT_100_Heisenberg1D_OBC_1_0_1,outer,1,SA,0.1,Proj,No_Kink,3570,2205274
result_SELECT_100_Heisenberg1D_OBC_1_0_1,outer,1,SA,0.1,Proj,Yes_Kink,3569,2161649
result_SELECT_100_Heisenberg1D_OBC_1_0_1,outer,2,SA,0.001,Proj,No_MSF,3564,16760
result_SELECT_100_Heisenberg1D_OBC_1_0_1,outer,2,SA,0.001,Proj,No_Top,3564,35928
result_SELECT_100_Heisenberg1D_OBC_1_0_1,outer,2,SA,0.001,Double,Yes_Kink,4055,298146
result_SELECT_100_Heisenberg1D_OBC_1_0_1,outer,2,SA,0.001,Single,No_MSF,4359,188327
result_SELECT_100_Heisenberg1D_OBC_1_0_1,outer,2,SA,0.001,Single,No_Top,4360,207499
result_SELECT_100_Heisenberg1D_OBC_1_0_1,outer,2,SA,0.001,Single,No_Kink,4360,300480
result_SELECT_100_Heisenberg1D_OBC_1_0_1,outer,2,SA,0.01,Double,No_Kink,4054,297797
result_SELECT_100_Heisenberg1D_OBC_1_0_1,outer,2,SA,0.001,Single,Yes_Kink,4360,313257
result_SELECT_100_Heisenberg1D_OBC_1_0_1,outer,2,SA,0.01,Double,No_MSF,4053,174569
result_SELECT_100_Heisenberg1D_OBC_1_0_1,outer,2,SA,0.01,Double,No_Top,4054,193761
result_SELECT_100_Heisenberg1D_OBC_1_0_1,outer,2,SA,0.01,Double,Yes_Kink,4352,302286
result_SELECT_100_Heisenberg1D_OBC_1_0_1,outer,2,SA,0.01,Proj,No_MSF,3564,16760
result_SELECT_100_Heisenberg1D_OBC_1_0_1,outer,2,SA,0.01,Proj,No_Top,3564,35928
result_SELECT_100_Heisenberg1D_OBC_1_0_1,outer,1,SA,1,Proj,No_Kink,3568,1983380
result_SELECT_100_Heisenberg1D_OBC_1_0_1,outer,1,SA,1,Proj,Yes_Kink,3570,1942409
result_SELECT_100_Heisenberg1D_OBC_1_0_1,outer,2,SA,0.01,Single,No_Kink,4360,295964
result_SELECT_100_Heisenberg1D_OBC_1_0_1,outer,2,SA,0.01,Single,No_MSF,4359,188327
result_SELECT_100_Heisenberg1D_OBC_1_0_1,outer,2,SA,0.01,Single,No_Top,4360,207499
result_SELECT_100_Heisenberg1D_OBC_1_0_1,outer,2,SA,0.01,Single,Yes_Kink,4360,305050
result_SELECT_100_Heisenberg1D_OBC_1_0_1,outer,2,SA,0.1,Double,No_MSF,4053,174569
result_SELECT_100_Heisenberg1D_OBC_1_0_1,outer,2,SA,0.1,Double,No_Kink,4055,297927
result_SELECT_100_Heisenberg1D_OBC_1_0_1,outer,2,SA,0.1,Double,No_Top,4054,193761
result_SELECT_100_Heisenberg1D_OBC_1_0_1,outer,2,SA,0.1,Double,Yes_Kink,4204,296872
result_SELECT_100_Heisenberg1D_OBC_1_0_1,outer,1,random,0,Proj,Yes_Kink,3568,2181630
result_SELECT_100_Heisenberg1D_OBC_1_0_1,outer,2,SA,0.1,Proj,No_MSF,3564,16760
result_SELECT_100_Heisenberg1D_OBC_1_0_1,outer,2,SA,0.1,Proj,No_Top,3564,35928
result_SELECT_100_Heisenberg1D_OBC_1_0_1,outer,1,random,0,Proj,No_Kink,3567,2239792
result_SELECT_100_Heisenberg1D_OBC_1_0_1,outer,2,SA,0.1,Single,No_MSF,4359,188327
result_SELECT_100_Heisenberg1D_OBC_1_0_1,outer,2,SA,0.1,Single,No_Kink,4360,296036
result_SELECT_100_Heisenberg1D_OBC_1_0_1,outer,2,SA,0.1,Single,No_Top,4360,207499
result_SELECT_100_Heisenberg1D_OBC_1_0_1,outer,2,SA,0.1,Single,Yes_Kink,4360,305053
result_SELECT_100_Heisenberg1D_OBC_1_0_1,outer,2,SA,1,Double,No_Kink,4059,269341
result_SELECT_100_Heisenberg1D_OBC_1_0_1,outer,2,SA,1,Double,No_MSF,4053,174569
result_SELECT_100_Heisenberg1D_OBC_1_0_1,outer,2,SA,1,Double,No_Top,4054,193761
result_SELECT_100_Heisenberg1D_OBC_1_0_1,outer,2,SA,1,Double,Yes_Kink,4206,272401
result_SELECT_100_Heisenberg1D_OBC_1_0_1,outer,2,SA,1,Proj,No_MSF,3564,16760
result_SELECT_100_Heisenberg1D_OBC_1_0_1,outer,2,SA,0.001,Proj,Yes_Kink,3566,2196466
result_SELECT_100_Heisenberg1D_OBC_1_0_1,outer,2,SA,1,Proj,No_Top,3564,35928
result_SELECT_100_Heisenberg1D_OBC_1_0_1,outer,2,SA,1,Single,No_Kink,4360,268638
result_SELECT_100_Heisenberg1D_OBC_1_0_1,outer,2,SA,0.001,Proj,No_Kink,3566,2287048
result_SELECT_100_Heisenberg1D_OBC_1_0_1,outer,2,SA,1,Single,No_MSF,4359,188327
result_SELECT_100_Heisenberg1D_OBC_1_0_1,outer,2,SA,1,Single,No_Top,4360,207499
result_SELECT_100_Heisenberg1D_OBC_1_0_1,outer,2,SA,1,Single,Yes_Kink,4360,277734
result_SELECT_100_Heisenberg1D_OBC_1_0_1,outer,2,random,0,Double,No_MSF,4053,174569
result_SELECT_100_Heisenberg1D_OBC_1_0_1,outer,2,random,0,Double,No_Top,4054,193761
result_SELECT_100_Heisenberg1D_OBC_1_0_1,outer,2,SA,0.01,Proj,No_Kink,3566,2249326
result_SELECT_100_Heisenberg1D_OBC_1_0_1,outer,2,random,0,Double,No_Kink,4054,371739
result_SELECT_100_Heisenberg1D_OBC_1_0_1,outer,2,SA,0.01,Proj,Yes_Kink,3567,2188648
result_SELECT_100_Heisenberg1D_OBC_1_0_1,outer,2,random,0,Proj,No_MSF,3564,16760
result_SELECT_100_Heisenberg1D_OBC_1_0_1,outer,2,random,0,Proj,No_Top,3564,35928
result_SELECT_100_Heisenberg1D_OBC_1_0_1,outer,2,random,0,Double,Yes_Kink,4055,370032
result_SELECT_100_Heisenberg1D_OBC_1_0_1,outer,2,random,0,Single,No_MSF,4359,188327
result_SELECT_100_Heisenberg1D_OBC_1_0_1,outer,2,random,0,Single,No_Top,4360,207499
result_SELECT_100_Heisenberg1D_OBC_1_0_1,outer,2,random,0,Single,No_Kink,4360,372063
result_SELECT_100_Heisenberg1D_OBC_1_0_2,inner,1,SA,0.001,Double,No_Kink,2274,310419
result_SELECT_100_Heisenberg1D_OBC_1_0_1,outer,2,random,0,Single,Yes_Kink,4360,384250
result_SELECT_100_Heisenberg1D_OBC_1_0_2,inner,1,SA,0.001,Double,No_MSF,2053,168394
result_SELECT_100_Heisenberg1D_OBC_1_0_2,inner,1,SA,0.001,Double,No_Top,2053,187870
result_SELECT_100_Heisenberg1D_OBC_1_0_1,outer,2,SA,0.1,Proj,No_Kink,3570,2099505
result_SELECT_100_Heisenberg1D_OBC_1_0_2,inner,1,SA,0.001,Proj,No_MSF,1785,16980
result_SELECT_100_Heisenberg1D_OBC_1_0_2,inner,1,SA,0.001,Double,Yes_Kink,2498,317707
result_SELECT_100_Heisenberg1D_OBC_1_0_2,inner,1,SA,0.001,Proj,No_Top,1785,36436
result_SELECT_100_Heisenberg1D_OBC_1_0_2,inner,1,SA,0.001,Single,No_Kink,2215,299044
result_SELECT_100_Heisenberg1D_OBC_1_0_1,outer,2,SA,0.1,Proj,Yes_Kink,3570,2065622
result_SELECT_100_Heisenberg1D_OBC_1_0_2,inner,1,SA,0.001,Single,No_MSF,2212,182308
result_SELECT_100_Heisenberg1D_OBC_1_0_2,inner,1,SA,0.001,Single,No_Top,2212,201684
result_SELECT_100_Heisenberg1D_OBC_1_0_2,inner,1,SA,0.01,Double,No_MSF,2053,168394
result_SELECT_100_Heisenberg1D_OBC_1_0_2,inner,1,SA,0.01,Double,No_Top,2053,187870
result_SELECT_100_Heisenberg1D_OBC_1_0_2,inner,1,SA,0.01,Double,No_Kink,2059,296941
result_SELECT_100_Heisenberg1D_OBC_1_0_1,outer,2,SA,1,Proj,Yes_Kink,3568,1868938
result_SELECT_100_Heisenberg1D_OBC_1_0_2,inner,1,SA,0.01,Double,Yes_Kink,2057,296750
result_SELECT_100_Heisenberg1D_OBC_1_0_2,inner,1,SA,0.01,Proj,No_MSF,1785,16980
result_SELECT_100_Heisenberg1D_OBC_1_0_2,inner,1,SA,0.01,Proj,No_Top,1785,36436
result_SELECT_100_Heisenberg1D_OBC_1_0_1,outer,2,SA,1,Proj,No_Kink,3568,1937737
result_SELECT_100_Heisenberg1D_OBC_1_0_2,inner,1,SA,0.01,Single,No_MSF,2212,182308
result_SELECT_100_Heisenberg1D_OBC_1_0_2,inner,1,SA,0.01,Single,No_Kink,2212,295958
result_SELECT_100_Heisenberg1D_OBC_1_0_2,inner,1,SA,0.01,Single,No_Top,2212,201684
result_SELECT_100_Heisenberg1D_OBC_1_0_2,inner,1,SA,0.1,Double,No_MSF,2053,168394
result_SELECT_100_Heisenberg1D_OBC_1_0_2,inner,1,SA,0.1,Double,No_Top,2053,187870
result_SELECT_100_Heisenberg1D_OBC_1_0_2,inner,1,SA,0.1,Double,No_Kink,2056,285289
result_SELECT_100_Heisenberg1D_OBC_1_0_2,inner,1,SA,0.1,Double,Yes_Kink,2060,284058
result_SELECT_100_Heisenberg1D_OBC_1_0_2,inner,1,SA,0.1,Proj,No_MSF,1785,16980
result_SELECT_100_Heisenberg1D_OBC_1_0_2,inner,1,SA,0.001,Proj,Yes_Kink,1799,1323943
result_SELECT_100_Heisenberg1D_OBC_1_0_2,inner,1,SA,0.001,Proj,No_Kink,1796,1382868
result_SELECT_100_Heisenberg1D_OBC_1_0_2,inner,1,SA,0.1,Proj,No_Top,1785,36436
result_SELECT_100_Heisenberg1D_OBC_1_0_2,inner,1,SA,0.1,Single,No_MSF,2212,182308
result_SELECT_100_Heisenberg1D_OBC_1_0_1,outer,2,random,0,Proj,No_Kink,3568,2303886
result_SELECT_100_Heisenberg1D_OBC_1_0_2,inner,1,SA,0.1,Single,No_Kink,2212,279583
result_SELECT_100_Heisenberg1D_OBC_1_0_2,inner,1,SA,0.1,Single,No_Top,2212,201684
result_SELECT_100_Heisenberg1D_OBC_1_0_2,inner,1,SA,1,Double,No_MSF,2053,168394
result_SELECT_100_Heisenberg1D_OBC_1_0_2,inner,1,SA,1,Double,No_Top,2053,187870
result_SELECT_100_Heisenberg1D_OBC_1_0_2,inner,1,SA,1,Double,No_Kink,2158,268041
result_SELECT_100_Heisenberg1D_OBC_1_0_1,outer,2,random,0,Proj,Yes_Kink,3567,2289203
result_SELECT_100_Heisenberg1D_OBC_1_0_2,inner,1,SA,1,Proj,No_MSF,1785,16980
result_SELECT_100_Heisenberg1D_OBC_1_0_2,inner,1,SA,1,Proj,No_Top,1785,36436
result_SELECT_100_Heisenberg1D_OBC_1_0_2,inner,1,SA,0.01,Proj,No_Kink,1795,1323983
result_SELECT_100_Heisenberg1D_OBC_1_0_2,inner,1,SA,1,Double,Yes_Kink,2253,272066
result_SELECT_100_Heisenberg1D_OBC_1_0_2,inner,1,SA,1,Single,No_MSF,2212,182308
result_SELECT_100_Heisenberg1D_OBC_1_0_2,inner,1,SA,1,Single,No_Top,2212,201684
result_SELECT_100_Heisenberg1D_OBC_1_0_2,inner,1,SA,1,Single,No_Kink,2214,259788
result_SELECT_100_Heisenberg1D_OBC_1_0_2,inner,1,random,0,Double,No_MSF,2053,168394
result_SELECT_100_Heisenberg1D_OBC_1_0_2,inner,1,random,0,Double,No_Top,2053,187870
result_SELECT_100_Heisenberg1D_OBC_1_0_2,inner,1,SA,0.01,Proj,Yes_Kink,1796,1287287
result_SELECT_100_Heisenberg1D_OBC_1_0_2,inner,1,random,0,Proj,No_MSF,1785,16980
result_SELECT_100_Heisenberg1D_OBC_1_0_2,inner,1,random,0,Double,No_Kink,2161,394912
result_SELECT_100_Heisenberg1D_OBC_1_0_2,inner,1,random,0,Proj,No_Top,1785,36436
result_SELECT_100_Heisenberg1D_OBC_1_0_2,inner,1,random,0,Double,Yes_Kink,2272,400752
result_SELECT_100_Heisenberg1D_OBC_1_0_2,inner,1,random,0,Single,No_MSF,2212,182308
result_SELECT_100_Heisenberg1D_OBC_1_0_2,inner,1,random,0,Single,No_Top,2212,201684
result_SELECT_100_Heisenberg1D_OBC_1_0_2,inner,1,SA,0.1,Proj,No_Kink,1796,1253003
result_SELECT_100_Heisenberg1D_OBC_1_0_2,inner,1,random,0,Single,No_Kink,2225,412110
result_SELECT_100_Heisenberg1D_OBC_1_0_2,inner,2,SA,0.001,Double,No_MSF,2053,168394
result_SELECT_100_Heisenberg1D_OBC_1_0_2,inner,2,SA,0.001,Double,No_Top,2053,187870
result_SELECT_100_Heisenberg1D_OBC_1_0_2,inner,2,SA,0.001,Double,No_Kink,2055,277027
result_SELECT_100_Heisenberg1D_OBC_1_0_2,inner,1,SA,0.1,Proj,Yes_Kink,1799,1202450
result_SELECT_100_Heisenberg1D_OBC_1_0_2,inner,2,SA,0.001,Proj,No_MSF,1785,16980
result_SELECT_100_Heisenberg1D_OBC_1_0_2,inner,2,SA,0.001,Double,Yes_Kink,2133,277567
result_SELECT_100_Heisenberg1D_OBC_1_0_2,inner,2,SA,0.001,Proj,No_Top,1785,36436
result_SELECT_100_Heisenberg1D_OBC_1_0_2,inner,2,SA,0.001,Single,No_MSF,2212,182308
result_SELECT_100_Heisenberg1D_OBC_1_0_2,inner,2,SA,0.001,Single,No_Top,2212,201684
result_SELECT_100_Heisenberg1D_OBC_1_0_2,inner,2,SA,0.001,Single,No_Kink,2212,275866
result_SELECT_100_Heisenberg1D_OBC_1_0_2,inner,1,SA,1,Proj,No_Kink,1796,1283933
result_SELECT_100_Heisenberg1D_OBC_1_0_2,inner,2,SA,0.01,Double,No_MSF,2053,168394
result_SELECT_100_Heisenberg1D_OBC_1_0_2,inner,2,SA,0.001,Single,Yes_Kink,2213,286298
result_SELECT_100_Heisenberg1D_OBC_1_0_2,inner,2,SA,0.01,Double,No_Kink,2066,281674
result_SELECT_100_Heisenberg1D_OBC_1_0_2,inner,2,SA,0.01,Double,No_Top,2053,187870
result_SELECT_100_Heisenberg1D_OBC_1_0_2,inner,1,SA,1,Proj,Yes_Kink,1799,1219701
result_SELECT_100_Heisenberg1D_OBC_1_0_2,inner,2,SA,0.01,Proj,No_MSF,1785,16980
result_SELECT_100_Heisenberg1D_OBC_1_0_2,inner,2,SA,0.01,Proj,No_Top,1785,36436
result_SELECT_100_Heisenberg1D_OBC_1_0_2,inner,2,SA,0.01,Double,Yes_Kink,2134,280847
result_SELECT_100_Heisenberg1D_OBC_1_0_2,inner,2,SA,0.01,Single,No_MSF,2212,182308
result_SELECT_100_Heisenberg1D_OBC_1_0_2,inner,2,SA,0.01,Single,No_Top,2212,201684
result_SELECT_100_Heisenberg1D_OBC_1_0_2,inner,2,SA,0.01,Single,No_Kink,2214,278911
result_SELECT_100_Heisenberg1D_OBC_1_0_2,inner,2,SA,0.01,Single,Yes_Kink,2214,292736
result_SELECT_100_Heisenberg1D_OBC_1_0_2,inner,2,SA,0.1,Double,No_Kink,2061,270887
result_SELECT_100_Heisenberg1D_OBC_1_0_2,inner,1,random,0,Proj,No_Kink,1796,1467250
result_SELECT_100_Heisenberg1D_OBC_1_0_2,inner,2,SA,0.1,Double,No_MSF,2053,168394
result_SELECT_100_Heisenberg1D_OBC_1_0_2,inner,1,random,0,Proj,Yes_Kink,1797,1433282
result_SELECT_100_Heisenberg1D_OBC_1_0_2,inner,2,SA,0.1,Double,No_Top,2053,187870
result_SELECT_100_Heisenberg1D_OBC_1_0_2,inner,2,SA,0.1,Proj,No_MSF,1785,16980
result_SELECT_100_Heisenberg1D_OBC_1_0_2,inner,2,SA,0.1,Proj,No_Top,1785,36436
result_SELECT_100_Heisenberg1D_OBC_1_0_2,inner,2,SA,0.1,Double,Yes_Kink,2070,269720
result_SELECT_100_Heisenberg1D_OBC_1_0_2,inner,2,SA,0.1,Single,No_MSF,2212,182308
result_SELECT_100_Heisenberg1D_OBC_1_0_2,inner,2,SA,0.1,Single,No_Top,2212,201684
result_SELECT_100_Heisenberg1D_OBC_1_0_2,inner,2,SA,0.1,Single,No_Kink,2213,268242
result_SELECT_100_Heisenberg1D_OBC_1_0_2,inner,2,SA,0.001,Proj,No_Kink,1790,1259436
result_SELECT_100_Heisenberg1D_OBC_1_0_2,inner,2,SA,0.001,Proj,Yes_Kink,1792,1198728
result_SELECT_100_Heisenberg1D_OBC_1_0_2,inner,2,SA,1,Double,No_MSF,2053,168394
result_SELECT_100_Heisenberg1D_OBC_1_0_2,inner,2,SA,0.1,Single,Yes_Kink,2213,282368
result_SELECT_100_Heisenberg1D_OBC_1_0_2,inner,2,SA,1,Double,No_Kink,2057,256915
result_SELECT_100_Heisenberg1D_OBC_1_0_2,inner,2,SA,1,Double,No_Top,2053,187870
result_SELECT_100_Heisenberg1D_OBC_1_0_2,inner,2,SA,1,Proj,No_MSF,1785,16980
result_SELECT_100_Heisenberg1D_OBC_1_0_2,inner,2,SA,1,Proj,No_Top,1785,36436
result_SELECT_100_Heisenberg1D_OBC_1_0_2,inner,2,SA,1,Double,Yes_Kink,2127,259844
result_SELECT_100_Heisenberg1D_OBC_1_0_2,inner,2,SA,1,Single,No_MSF,2212,182308
result_SELECT_100_Heisenberg1D_OBC_1_0_2,inner,2,SA,1,Single,No_Kink,2212,254061
result_SELECT_100_Heisenberg1D_OBC_1_0_2,inner,2,SA,1,Single,No_Top,2212,201684
result_SELECT_100_Heisenberg1D_OBC_1_0_2,inner,2,SA,0.01,Proj,No_Kink,1793,1270896
result_SELECT_100_Heisenberg1D_OBC_1_0_2,inner,2,random,0,Double,No_MSF,2053,168394
result_SELECT_100_Heisenberg1D_OBC_1_0_2,inner,2,SA,1,Single,Yes_Kink,2212,270788
result_SELECT_100_Heisenberg1D_OBC_1_0_2,inner,2,random,0,Double,No_Top,2053,187870
result_SELECT_100_Heisenberg1D_OBC_1_0_2,inner,2,SA,0.01,Proj,Yes_Kink,1794,1225259
result_SELECT_100_Heisenberg1D_OBC_1_0_2,inner,2,random,0,Proj,No_MSF,1785,16980
result_SELECT_100_Heisenberg1D_OBC_1_0_2,inner,2,random,0,Double,No_Kink,2056,349243
result_SELECT_100_Heisenberg1D_OBC_1_0_2,inner,2,random,0,Proj,No_Top,1785,36436
result_SELECT_100_Heisenberg1D_OBC_1_0_2,inner,2,random,0,Double,Yes_Kink,2130,351963
result_SELECT_100_Heisenberg1D_OBC_1_0_2,inner,2,random,0,Single,No_MSF,2212,182308
result_SELECT_100_Heisenberg1D_OBC_1_0_2,inner,2,random,0,Single,No_Top,2212,201684
result_SELECT_100_Heisenberg1D_OBC_1_0_2,inner,2,random,0,Single,No_Kink,2214,350643
result_SELECT_100_Heisenberg1D_OBC_1_0_2,inner,2,SA,0.1,Proj,No_Kink,1794,1201518
result_SELECT_100_Heisenberg1D_OBC_1_0_2,outer,1,SA,0.001,Double,No_MSF,2053,168394
result_SELECT_100_Heisenberg1D_OBC_1_0_2,inner,2,random,0,Single,Yes_Kink,2216,359728
result_SELECT_100_Heisenberg1D_OBC_1_0_2,outer,1,SA,0.001,Double,No_Top,2053,187870
result_SELECT_100_Heisenberg1D_OBC_1_0_2,inner,2,SA,0.1,Proj,Yes_Kink,1793,1177339
result_SELECT_100_Heisenberg1D_OBC_1_0_2,outer,1,SA,0.001,Double,No_Kink,2060,294254
result_SELECT_100_Heisenberg1D_OBC_1_0_2,outer,1,SA,0.001,Proj,No_MSF,1785,16980
result_SELECT_100_Heisenberg1D_OBC_1_0_2,outer,1,SA,0.001,Proj,No_Top,1785,36436
result_SELECT_100_Heisenberg1D_OBC_1_0_2,outer,1,SA,0.001,Double,Yes_Kink,2058,292568
result_SELECT_100_Heisenberg1D_OBC_1_0_2,outer,1,SA,0.001,Single,No_MSF,2212,182308
result_SELECT_100_Heisenberg1D_OBC_1_0_2,outer,1,SA,0.001,Single,No_Kink,2213,293394
result_SELECT_100_Heisenberg1D_OBC_1_0_2,inner,2,SA,1,Proj,No_Kink,1790,1210114
result_SELECT_100_Heisenberg1D_OBC_1_0_2,inner,2,SA,1,Proj,Yes_Kink,1791,1162461
result_SELECT_100_Heisenberg1D_OBC_1_0_2,outer,1,SA,0.001,Single,No_Top,2212,201684
result_SELECT_100_Heisenberg1D_OBC_1_0_2,outer,1,SA,0.01,Double,No_MSF,2053,168394
result_SELECT_100_Heisenberg1D_OBC_1_0_2,outer,1,SA,0.01,Double,No_Top,2053,187870
result_SELECT_100_Heisenberg1D_OBC_1_0_2,outer,1,SA,0.01,Proj,No_MSF,1785,16980
result_SELECT_100_Heisenberg1D_OBC_1_0_2,outer,1,SA,0.01,Double,No_Kink,2057,291424
result_SELECT_100_Heisenberg1D_OBC_1_0_2,outer,1,SA,0.01,Double,Yes_Kink,2058,289484
result_SELECT_100_Heisenberg1D_OBC_1_0_2,outer,1,SA,0.01,Proj,No_Top,1785,36436
result_SELECT_100_Heisenberg1D_OBC_1_0_2,outer,1,SA,0.01,Single,No_MSF,2212,182308
result_SELECT_100_Heisenberg1D_OBC_1_0_2,outer,1,SA,0.01,Single,No_Kink,2214,289816
result_SELECT_100_Heisenberg1D_OBC_1_0_2,outer,1,SA,0.01,Single,No_Top,2212,201684
result_SELECT_100_Heisenberg1D_OBC_1_0_2,outer,1,SA,0.1,Double,No_MSF,2053,168394
result_SELECT_100_Heisenberg1D_OBC_1_0_2,outer,1,SA,0.1,Double,No_Top,2053,187870
result_SELECT_100_Heisenberg1D_OBC_1_0_2,outer,1,SA,0.1,Double,No_Kink,2059,284478
result_SELECT_100_Heisenberg1D_OBC_1_0_2,inner,2,random,0,Proj,No_Kink,1792,1484954
result_SELECT_100_Heisenberg1D_OBC_1_0_2,outer,1,SA,0.1,Double,Yes_Kink,2060,282736
result_SELECT_100_Heisenberg1D_OBC_1_0_2,inner,2,random,0,Proj,Yes_Kink,1792,1440824
result_SELECT_100_Heisenberg1D_OBC_1_0_2,outer,1,SA,0.1,Proj,No_MSF,1785,16980
result_SELECT_100_Heisenberg1D_OBC_1_0_2,outer,1,SA,0.1,Proj,No_Top,1785,36436
result_SELECT_100_Heisenberg1D_OBC_1_0_2,outer,1,SA,0.1,Single,No_MSF,2212,182308
result_SELECT_100_Heisenberg1D_OBC_1_0_2,outer,1,SA,0.1,Single,No_Kink,2213,281882
result_SELECT_100_Heisenberg1D_OBC_1_0_2,outer,1,SA,0.1,Single,No_Top,2212,201684
result_SELECT_100_Heisenberg1D_OBC_1_0_2,outer,1,SA,1,Double,No_MSF,2053,168394
result_SELECT_100_Heisenberg1D_OBC_1_0_2,outer,1,SA,1,Double,No_Top,2053,187870
result_SELECT_100_Heisenberg1D_OBC_1_0_2,outer,1,SA,1,Double,No_Kink,2059,268731
result_SELECT_100_Heisenberg1D_OBC_1_0_2,outer,1,SA,1,Double,Yes_Kink,2130,269945
result_SELECT_100_Heisenberg1D_OBC_1_0_2,outer,1,SA,1,Proj,No_MSF,1785,16980
result_SELECT_100_Heisenberg1D_OBC_1_0_2,outer,1,SA,0.001,Proj,Yes_Kink,1793,1371579
result_SELECT_100_Heisenberg1D_OBC_1_0_2,outer,1,SA,1,Proj,No_Top,1785,36436
result_SELECT_100_Heisenberg1D_OBC_1_0_2,outer,1,SA,0.001,Proj,No_Kink,1794,1405648
result_SELECT_100_Heisenberg1D_OBC_1_0_2,outer,1,SA,1,Single,No_MSF,2212,182308
result_SELECT_100_Heisenberg1D_OBC_1_0_2,outer,1,SA,1,Single,No_Kink,2212,266130
result_SELECT_100_Heisenberg1D_OBC_1_0_2,outer,1,SA,1,Single,No_Top,2212,201684
result_SELECT_100_Heisenberg1D_OBC_1_0_2,outer,1,SA,0.01,Proj,No_Kink,1795,1409857
result_SELECT_100_Heisenberg1D_OBC_1_0_2,outer,1,random,0,Double,No_MSF,2053,168394
result_SELECT_100_Heisenberg1D_OBC_1_0_2,outer,1,SA,0.01,Proj,Yes_Kink,1795,1382908
result_SELECT_100_Heisenberg1D_OBC_1_0_2,outer,1,random,0,Double,No_Top,2053,187870
result_SELECT_100_Heisenberg1D_OBC_1_0_2,outer,1,random,0,Proj,No_MSF,1785,16980
result_SELECT_100_Heisenberg1D_OBC_1_0_2,outer,1,random,0,Proj,No_Top,1785,36436
result_SELECT_100_Heisenberg1D_OBC_1_0_2,outer,1,random,0,Double,No_Kink,2058,397488
result_SELECT_100_Heisenberg1D_OBC_1_0_2,outer,1,random,0,Double,Yes_Kink,2063,397214
result_SELECT_100_Heisenberg1D_OBC_1_0_2,outer,1,SA,0.1,Proj,No_Kink,1793,1432633
result_SELECT_100_Heisenberg1D_OBC_1_0_2,outer,1,random,0,Single,No_MSF,2212,182308
result_SELECT_100_Heisenberg1D_OBC_1_0_2,outer,1,random,0,Single,No_Top,2212,201684
result_SELECT_100_Heisenberg1D_OBC_1_0_2,outer,2,SA,0.001,Double,No_MSF,2053,168394
result_SELECT_100_Heisenberg1D_OBC_1_0_2,outer,1,random,0,Single,No_Kink,2220,415820
result_SELECT_100_Heisenberg1D_OBC_1_0_2,outer,2,SA,0.001,Double,No_Top,2053,187870
result_SELECT_100_Heisenberg1D_OBC_1_0_2,outer,1,SA,0.1,Proj,Yes_Kink,1791,1386753
result_SELECT_100_Heisenberg1D_OBC_1_0_2,outer,2,SA,0.001,Double,No_Kink,2061,281440
result_SELECT_100_Heisenberg1D_OBC_1_0_2,outer,2,SA,0.001,Proj,No_MSF,1785,16980
result_SELECT_100_Heisenberg1D_OBC_1_0_2,outer,2,SA,0.001,Double,Yes_Kink,2061,277153
result_SELECT_100_Heisenberg1D_OBC_1_0_2,outer,2,SA,0.001,Proj,No_Top,1785,36436
result_SELECT_100_Heisenberg1D_OBC_1_0_2,outer,2,SA,0.001,Single,No_MSF,2212,182308
result_SELECT_100_Heisenberg1D_OBC_1_0_2,outer,2,SA,0.001,Single,No_Kink,2212,279304
result_SELECT_100_Heisenberg1D_OBC_1_0_2,outer,2,SA,0.001,Single,No_Top,2212,201684
result_SELECT_100_Heisenberg1D_OBC_1_0_2,outer,1,SA,1,Proj,No_Kink,1792,1395621
result_SELECT_100_Heisenberg1D_OBC_1_0_2,outer,2,SA,0.001,Single,Yes_Kink,2212,293996
result_SELECT_100_Heisenberg1D_OBC_1_0_2,outer,2,SA,0.01,Double,No_MSF,2053,168394
result_SELECT_100_Heisenberg1D_OBC_1_0_2,outer,2,SA,0.01,Double,No_Kink,2058,283223
result_SELECT_100_Heisenberg1D_OBC_1_0_2,outer,2,SA,0.01,Double,No_Top,2053,187870
result_SELECT_100_Heisenberg1D_OBC_1_0_2,outer,1,SA,1,Proj,Yes_Kink,1794,1359194
result_SELECT_100_Heisenberg1D_OBC_1_0_2,outer,2,SA,0.01,Proj,No_MSF,1785,16980
result_SELECT_100_Heisenberg1D_OBC_1_0_2,outer,2,SA,0.01,Proj,No_Top,1785,36436
result_SELECT_100_Heisenberg1D_OBC_1_0_2,outer,2,SA,0.01,Double,Yes_Kink,2066,279550
result_SELECT_100_Heisenberg1D_OBC_1_0_2,outer,2,SA,0.01,Single,No_MSF,2212,182308
result_SELECT_100_Heisenberg1D_OBC_1_0_2,outer,2,SA,0.01,Single,No_Top,2212,201684
result_SELECT_100_Heisenberg1D_OBC_1_0_2,outer,2,SA,0.01,Single,No_Kink,2212,281604
result_SELECT_100_Heisenberg1D_OBC_1_0_2,outer,2,SA,0.1,Double,No_Kink,2058,274747
result_SELECT_100_Heisenberg1D_OBC_1_0_2,outer,2,SA,0.01,Single,Yes_Kink,2212,296778
result_SELECT_100_Heisenberg1D_OBC_1_0_2,outer,1,random,0,Proj,No_Kink,1797,1504939
result_SELECT_100_Heisenberg1D_OBC_1_0_2,outer,2,SA,0.1,Double,No_MSF,2053,168394
result_SELECT_100_Heisenberg1D_OBC_1_0_2,outer,2,SA,0.1,Double,No_Top,2053,187870
result_SELECT_100_Heisenberg1D_OBC_1_0_2,outer,2,SA,0.1,Proj,No_MSF,1785,16980
result_SELECT_100_Heisenberg1D_OBC_1_0_2,outer,2,SA,0.1,Proj,No_Top,1785,36436
result_SELECT_100_Heisenberg1D_OBC_1_0_2,outer,2,SA,0.1,Double,Yes_Kink,2131,276190
result_SELECT_100_Heisenberg1D_OBC_1_0_2,outer,1,random,0,Proj,Yes_Kink,1797,1470825
result_SELECT_100_Heisenberg1D_OBC_1_0_2,outer,2,SA,0.1,Single,No_MSF,2212,182308
result_SELECT_100_Heisenberg1D_OBC_1_0_2,outer,2,SA,0.1,Single,No_Top,2212,201684
result_SELECT_100_Heisenberg1D_OBC_1_0_2,outer,2,SA,0.1,Single,No_Kink,2212,273123
result_SELECT_100_Heisenberg1D_OBC_1_0_2,outer,2,SA,0.001,Proj,No_Kink,1791,1400864
result_SELECT_100_Heisenberg1D_OBC_1_0_2,outer,2,SA,0.1,Single,Yes_Kink,2212,283683
result_SELECT_100_Heisenberg1D_OBC_1_0_2,outer,2,SA,1,Double,No_MSF,2053,168394
result_SELECT_100_Heisenberg1D_OBC_1_0_2,outer,2,SA,0.001,Proj,Yes_Kink,1794,1337016
result_SELECT_100_Heisenberg1D_OBC_1_0_2,outer,2,SA,1,Double,No_Kink,2057,263543
result_SELECT_100_Heisenberg1D_OBC_1_0_2,outer,2,SA,1,Double,No_Top,2053,187870
result_SELECT_100_Heisenberg1D_OBC_1_0_2,outer,2,SA,1,Proj,No_MSF,1785,16980
result_SELECT_100_Heisenberg1D_OBC_1_0_2,outer,2,SA,1,Proj,No_Top,1785,36436
result_SELECT_100_Heisenberg1D_OBC_1_0_2,outer,2,SA,1,Double,Yes_Kink,2059,260260
result_SELECT_100_Heisenberg1D_OBC_1_0_2,outer,2,SA,1,Single,No_MSF,2212,182308
result_SELECT_100_Heisenberg1D_OBC_1_0_2,outer,2,SA,1,Single,No_Kink,2213,261643
result_SELECT_100_Heisenberg1D_OBC_1_0_2,outer,2,SA,1,Single,No_Top,2212,201684
result_SELECT_100_Heisenberg1D_OBC_1_0_2,outer,2,SA,1,Single,Yes_Kink,2212,274301
result_SELECT_100_Heisenberg1D_OBC_1_0_2,outer,2,random,0,Double,No_MSF,2053,168394
result_SELECT_100_Heisenberg1D_OBC_1_0_2,outer,2,SA,0.01,Proj,No_Kink,1791,1403938
result_SELECT_100_Heisenberg1D_OBC_1_0_2,outer,2,SA,0.01,Proj,Yes_Kink,1791,1353349
result_SELECT_100_Heisenberg1D_OBC_1_0_2,outer,2,random,0,Double,No_Kink,2055,361156
result_SELECT_100_Heisenberg1D_OBC_1_0_2,outer,2,random,0,Double,No_Top,2053,187870
result_SELECT_100_Heisenberg1D_OBC_1_0_2,outer,2,random,0,Proj,No_MSF,1785,16980
result_SELECT_100_Heisenberg1D_OBC_1_0_2,outer,2,random,0,Proj,No_Top,1785,36436
result_SELECT_100_Heisenberg1D_OBC_1_0_2,outer,2,random,0,Double,Yes_Kink,2131,361658
result_SELECT_100_Heisenberg1D_OBC_1_0_2,outer,2,random,0,Single,No_MSF,2212,182308
result_SELECT_100_Heisenberg1D_OBC_1_0_2,outer,2,random,0,Single,No_Kink,2213,364114
result_SELECT_100_Heisenberg1D_OBC_1_0_2,outer,2,random,0,Single,No_Top,2212,201684
result_SELECT_100_Heisenberg1D_OBC_1_0_2,outer,2,SA,0.1,Proj,No_Kink,1791,1436716
result_SELECT_100_Heisenberg1D_OBC_1_0_3,inner,1,SA,0.001,Double,No_MSF,1056,156157
result_SELECT_100_Heisenberg1D_OBC_1_0_3,inner,1,SA,0.001,Double,No_Kink,1064,280517
result_SELECT_100_Heisenberg1D_OBC_1_0_2,outer,2,random,0,Single,Yes_Kink,2213,372254
result_SELECT_100_Heisenberg1D_OBC_1_0_3,inner,1,SA,0.001,Double,No_Top,1056,176084
result_SELECT_100_Heisenberg1D_OBC_1_0_2,outer,2,SA,0.1,Proj,Yes_Kink,1792,1368508
result_SELECT_100_Heisenberg1D_OBC_1_0_3,inner,1,SA,0.001,Proj,No_MSF,897,17396
result_SELECT_100_Heisenberg1D_OBC_1_0_3,inner,1,SA,0.001,Proj,No_Top,897,37364
result_SELECT_100_Heisenberg1D_OBC_1_0_3,inner,1,SA,0.001,Double,Yes_Kink,1065,280419
result_SELECT_100_Heisenberg1D_OBC_1_0_3,inner,1,SA,0.001,Single,No_MSF,1142,170094
result_SELECT_100_Heisenberg1D_OBC_1_0_2,outer,2,SA,1,Proj,Yes_Kink,1793,1276945
result_SELECT_100_Heisenberg1D_OBC_1_0_2,outer,2,SA,1,Proj,No_Kink,1791,1350812
result_SELECT_100_Heisenberg1D_OBC_1_0_3,inner,1,SA,0.001,Single,No_Kink,1145,279664
result_SELECT_100_Heisenberg1D_OBC_1_0_3,inner,1,SA,0.01,Double,No_MSF,1056,156157
result_SELECT_100_Heisenberg1D_OBC_1_0_3,inner,1,SA,0.001,Single,No_Top,1142,189910
result_SELECT_100_Heisenberg1D_OBC_1_0_3,inner,1,SA,0.01,Double,No_Top,1056,176084
result_SELECT_100_Heisenberg1D_OBC_1_0_3,inner,1,SA,0.01,Proj,No_MSF,897,17396
result_SELECT_100_Heisenberg1D_OBC_1_0_3,inner,1,SA,0.01,Double,No_Kink,1067,267259
result_SELECT_100_Heisenberg1D_OBC_1_0_3,inner,1,SA,0.01,Double,Yes_Kink,1084,267750
result_SELECT_100_Heisenberg1D_OBC_1_0_3,inner,1,SA,0.01,Proj,No_Top,897,37364
result_SELECT_100_Heisenberg1D_OBC_1_0_3,inner,1,SA,0.01,Single,No_MSF,1142,170094
result_SELECT_100_Heisenberg1D_OBC_1_0_3,inner,1,SA,0.01,Single,No_Top,1142,189910
result_SELECT_100_Heisenberg1D_OBC_1_0_3,inner,1,SA,0.01,Single,No_Kink,1145,265509
result_SELECT_100_Heisenberg1D_OBC_1_0_3,inner,1,SA,0.1,Double,No_MSF,1056,156157
result_SELECT_100_Heisenberg1D_OBC_1_0_3,inner,1,SA,0.1,Double,No_Top,1056,176084
result_SELECT_100_Heisenberg1D_OBC_1_0_3,inner,1,SA,0.1,Double,No_Kink,1059,260192
result_SELECT_100_Heisenberg1D_OBC_1_0_2,outer,2,random,0,Proj,No_Kink,1792,1507166
result_SELECT_100_Heisenberg1D_OBC_1_0_2,outer,2,random,0,Proj,Yes_Kink,1792,1452145
result_SELECT_100_Heisenberg1D_OBC_1_0_3,inner,1,SA,0.1,Proj,No_MSF,897,17396
result_SELECT_100_Heisenberg1D_OBC_1_0_3,inner,1,SA,0.1,Proj,No_Top,897,37364
result_SELECT_100_Heisenberg1D_OBC_1_0_3,inner,1,SA,0.1,Double,Yes_Kink,1059,260635
result_SELECT_100_Heisenberg1D_OBC_1_0_3,inner,1,SA,0.001,Proj,No_Kink,912,1084448
result_SELECT_100_Heisenberg1D_OBC_1_0_3,inner,1,SA,0.1,Single,No_MSF,1142,170094
result_SELECT_100_Heisenberg1D_OBC_1_0_3,inner,1,SA,0.1,Single,No_Kink,1146,257781
result_SELECT_100_Heisenberg1D_OBC_1_0_3,inner,1,SA,0.1,Single,No_Top,1142,189910
result_SELECT_100_Heisenberg1D_OBC_1_0_3,inner,1,SA,1,Double,No_MSF,1056,156157
result_SELECT_100_Heisenberg1D_OBC_1_0_3,inner,1,SA,0.001,Proj,Yes_Kink,914,1032552
result_SELECT_100_Heisenberg1D_OBC_1_0_3,inner,1,SA,1,Double,No_Top,1056,176084
result_SELECT_100_Heisenberg1D_OBC_1_0_3,inner,1,SA,1,Double,No_Kink,1071,252195
result_SELECT_100_Heisenberg1D_OBC_1_0_3,inner,1,SA,1,Proj,No_MSF,897,17396
result_SELECT_100_Heisenberg1D_OBC_1_0_3,inner,1,SA,1,Proj,No_Top,897,37364
result_SELECT_100_Heisenberg1D_OBC_1_0_3,inner,1,SA,1,Double,Yes_Kink,1073,252232
result_SELECT_100_Heisenberg1D_OBC_1_0_3,inner,1,SA,1,Single,No_MSF,1142,170094
result_SELECT_100_Heisenberg1D_OBC_1_0_3,inner,1,SA,0.01,Proj,No_Kink,909,1089606
result_SELECT_100_Heisenberg1D_OBC_1_0_3,inner,1,SA,1,Single,No_Kink,1144,248256
result_SELECT_100_Heisenberg1D_OBC_1_0_3,inner,1,SA,1,Single,No_Top,1142,189910
result_SELECT_100_Heisenberg1D_OBC_1_0_3,inner,1,random,0,Double,No_MSF,1056,156157
result_SELECT_100_Heisenberg1D_OBC_1_0_3,inner,1,SA,0.01,Proj,Yes_Kink,912,1052848
result_SELECT_100_Heisenberg1D_OBC_1_0_3,inner,1,random,0,Double,No_Top,1056,176084
result_SELECT_100_Heisenberg1D_OBC_1_0_3,inner,1,random,0,Proj,No_MSF,897,17396
result_SELECT_100_Heisenberg1D_OBC_1_0_3,inner,1,random,0,Proj,No_Top,897,37364
result_SELECT_100_Heisenberg1D_OBC_1_0_3,inner,1,random,0,Double,No_Kink,1086,453994
result_SELECT_100_Heisenberg1D_OBC_1_0_3,inner,1,SA,0.1,Proj,No_Kink,913,1054602
result_SELECT_100_Heisenberg1D_OBC_1_0_3,inner,1,random,0,Double,Yes_Kink,1085,456084
result_SELECT_100_Heisenberg1D_OBC_1_0_3,inner,1,random,0,Single,No_MSF,1142,170094
result_SELECT_100_Heisenberg1D_OBC_1_0_3,inner,1,random,0,Single,No_Top,1142,189910
result_SELECT_100_Heisenberg1D_OBC_1_0_3,inner,1,SA,0.1,Proj,Yes_Kink,914,1043214
result_SELECT_100_Heisenberg1D_OBC_1_0_3,inner,2,SA,0.001,Double,No_MSF,1056,156157
result_SELECT_100_Heisenberg1D_OBC_1_0_3,inner,2,SA,0.001,Double,No_Top,1056,176084
result_SELECT_100_Heisenberg1D_OBC_1_0_3,inner,2,SA,0.001,Double,No_Kink,1065,261195
result_SELECT_100_Heisenberg1D_OBC_1_0_3,inner,1,SA,1,Proj,No_Kink,911,1025243
result_SELECT_100_Heisenberg1D_OBC_1_0_3,inner,1,random,0,Single,No_Kink,1248,502131
result_SELECT_100_Heisenberg1D_OBC_1_0_3,inner,2,SA,0.001,Proj,No_MSF,897,17396
result_SELECT_100_Heisenberg1D_OBC_1_0_3,inner,2,SA,0.001,Proj,No_Top,897,37364
result_SELECT_100_Heisenberg1D_OBC_1_0_3,inner,2,SA,0.001,Double,Yes_Kink,1105,262236
result_SELECT_100_Heisenberg1D_OBC_1_0_3,inner,2,SA,0.001,Single,No_MSF,1142,170094
result_SELECT_100_Heisenberg1D_OBC_1_0_3,inner,1,SA,1,Proj,Yes_Kink,910,1017019
result_SELECT_100_Heisenberg1D_OBC_1_0_3,inner,2,SA,0.001,Single,No_Kink,1145,258071
result_SELECT_100_Heisenberg1D_OBC_1_0_3,inner,2,SA,0.001,Single,No_Top,1142,189910
result_SELECT_100_Heisenberg1D_OBC_1_0_3,inner,2,SA,0.01,Double,No_MSF,1056,156157
result_SELECT_100_Heisenberg1D_OBC_1_0_3,inner,2,SA,0.001,Single,Yes_Kink,1144,268018
result_SELECT_100_Heisenberg1D_OBC_1_0_3,inner,2,SA,0.01,Double,No_Top,1056,176084
result_SELECT_100_Heisenberg1D_OBC_1_0_3,inner,2,SA,0.01,Double,No_Kink,1066,257048
result_SELECT_100_Heisenberg1D_OBC_1_0_3,inner,2,SA,0.01,Proj,No_MSF,897,17396
result_SELECT_100_Heisenberg1D_OBC_1_0_3,inner,2,SA,0.01,Proj,No_Top,897,37364
result_SELECT_100_Heisenberg1D_OBC_1_0_3,inner,2,SA,0.01,Double,Yes_Kink,1102,258182
result_SELECT_100_Heisenberg1D_OBC_1_0_3,inner,2,SA,0.01,Single,No_MSF,1142,170094
result_SELECT_100_Heisenberg1D_OBC_1_0_3,inner,1,random,0,Proj,No_Kink,921,1134642
result_SELECT_100_Heisenberg1D_OBC_1_0_3,inner,2,SA,0.01,Single,No_Kink,1143,254628
result_SELECT_100_Heisenberg1D_OBC_1_0_3,inner,1,random,0,Proj,Yes_Kink,920,1119041
result_SELECT_100_Heisenberg1D_OBC_1_0_3,inner,2,SA,0.01,Single,No_Top,1142,189910
result_SELECT_100_Heisenberg1D_OBC_1_0_3,inner,2,SA,0.1,Double,No_MSF,1056,156157
result_SELECT_100_Heisenberg1D_OBC_1_0_3,inner,2,SA,0.01,Single,Yes_Kink,1144,265955
result_SELECT_100_Heisenberg1D_OBC_1_0_3,inner,2,SA,0.1,Double,No_Top,1056,176084
result_SELECT_100_Heisenberg1D_OBC_1_0_3,inner,2,SA,0.1,Double,No_Kink,1073,257847
result_SELECT_100_Heisenberg1D_OBC_1_0_3,inner,2,SA,0.1,Proj,No_MSF,897,17396
result_SELECT_100_Heisenberg1D_OBC_1_0_3,inner,2,SA,0.1,Double,Yes_Kink,1110,259798
result_SELECT_100_Heisenberg1D_OBC_1_0_3,inner,2,SA,0.1,Proj,No_Top,897,37364
result_SELECT_100_Heisenberg1D_OBC_1_0_3,inner,2,SA,0.1,Single,No_MSF,1142,170094
result_SELECT_100_Heisenberg1D_OBC_1_0_3,inner,2,SA,0.001,Proj,No_Kink,906,984720
result_SELECT_100_Heisenberg1D_OBC_1_0_3,inner,2,SA,0.001,Proj,Yes_Kink,908,963779
result_SELECT_100_Heisenberg1D_OBC_1_0_3,inner,2,SA,0.1,Single,No_Kink,1143,253323
result_SELECT_100_Heisenberg1D_OBC_1_0_3,inner,2,SA,0.1,Single,No_Top,1142,189910
result_SELECT_100_Heisenberg1D_OBC_1_0_3,inner,2,SA,1,Double,No_MSF,1056,156157
result_SELECT_100_Heisenberg1D_OBC_1_0_3,inner,2,SA,1,Double,No_Top,1056,176084
result_SELECT_100_Heisenberg1D_OBC_1_0_3,inner,2,SA,0.1,Single,Yes_Kink,1143,264194
result_SELECT_100_Heisenberg1D_OBC_1_0_3,inner,2,SA,1,Double,No_Kink,1060,252267
result_SELECT_100_Heisenberg1D_OBC_1_0_3,inner,2,SA,1,Proj,No_MSF,897,17396
result_SELECT_100_Heisenberg1D_OBC_1_0_3,inner,2,SA,1,Double,Yes_Kink,1098,254918
result_SELECT_100_Heisenberg1D_OBC_1_0_3,inner,2,SA,1,Proj,No_Top,897,37364
result_SELECT_100_Heisenberg1D_OBC_1_0_3,inner,2,SA,1,Single,No_MSF,1142,170094
result_SELECT_100_Heisenberg1D_OBC_1_0_3,inner,2,SA,1,Single,No_Kink,1142,247381
result_SELECT_100_Heisenberg1D_OBC_1_0_3,inner,2,SA,1,Single,No_Top,1142,189910
result_SELECT_100_Heisenberg1D_OBC_1_0_3,inner,2,SA,0.01,Proj,No_Kink,904,1013061
result_SELECT_100_Heisenberg1D_OBC_1_0_3,inner,2,SA,0.01,Proj,Yes_Kink,906,989803
result_SELECT_100_Heisenberg1D_OBC_1_0_3,inner,2,random,0,Double,No_MSF,1056,156157
result_SELECT_100_Heisenberg1D_OBC_1_0_3,inner,2,SA,1,Single,Yes_Kink,1142,259312
result_SELECT_100_Heisenberg1D_OBC_1_0_3,inner,2,random,0,Double,No_Top,1056,176084
result_SELECT_100_Heisenberg1D_OBC_1_0_3,inner,2,random,0,Proj,No_MSF,897,17396
result_SELECT_100_Heisenberg1D_OBC_1_0_3,inner,2,SA,0.1,Proj,No_Kink,908,990090
result_SELECT_100_Heisenberg1D_OBC_1_0_3,inner,2,random,0,Double,No_Kink,1207,404587
result_SELECT_100_Heisenberg1D_OBC_1_0_3,inner,2,random,0,Proj,No_Top,897,37364
result_SELECT_100_Heisenberg1D_OBC_1_0_3,inner,2,random,0,Single,No_MSF,1142,170094
result_SELECT_100_Heisenberg1D_OBC_1_0_3,inner,2,SA,0.1,Proj,Yes_Kink,913,941808
result_SELECT_100_Heisenberg1D_OBC_1_0_3,inner,2,random,0,Double,Yes_Kink,1212,405242
result_SELECT_100_Heisenberg1D_OBC_1_0_3,inner,2,random,0,Single,No_Top,1142,189910
result_SELECT_100_Heisenberg1D_OBC_1_0_3,outer,1,SA,0.001,Double,No_MSF,1056,156157
result_SELECT_100_Heisenberg1D_OBC_1_0_3,outer,1,SA,0.001,Double,No_Top,1056,176084
result_SELECT_100_Heisenberg1D_OBC_1_0_3,inner,2,random,0,Single,No_Kink,1147,387039
result_SELECT_100_Heisenberg1D_OBC_1_0_3,outer,1,SA,0.001,Double,No_Kink,1062,291218
result_SELECT_100_Heisenberg1D_OBC_1_0_3,inner,2,SA,1,Proj,No_Kink,908,965444
result_SELECT_100_Heisenberg1D_OBC_1_0_3,outer,1,SA,0.001,Proj,No_MSF,897,17396
result_SELECT_100_Heisenberg1D_OBC_1_0_3,outer,1,SA,0.001,Proj,No_Top,897,37364
result_SELECT_100_Heisenberg1D_OBC_1_0_3,inner,2,SA,1,Proj,Yes_Kink,908,964551
result_SELECT_100_Heisenberg1D_OBC_1_0_3,inner,2,random,0,Single,Yes_Kink,1146,393198
result_SELECT_100_Heisenberg1D_OBC_1_0_3,outer,1,SA,0.001,Single,No_MSF,1142,170094
result_SELECT_100_Heisenberg1D_OBC_1_0_3,outer,1,SA,0.001,Double,Yes_Kink,1064,290292
result_SELECT_100_Heisenberg1D_OBC_1_0_3,outer,1,SA,0.001,Single,No_Top,1142,189910
result_SELECT_100_Heisenberg1D_OBC_1_0_3,outer,1,SA,0.01,Double,No_MSF,1056,156157
result_SELECT_100_Heisenberg1D_OBC_1_0_3,outer,1,SA,0.001,Single,No_Kink,1143,290027
result_SELECT_100_Heisenberg1D_OBC_1_0_3,outer,1,SA,0.01,Double,No_Top,1056,176084
result_SELECT_100_Heisenberg1D_OBC_1_0_3,outer,1,SA,0.01,Double,No_Kink,1064,280434
result_SELECT_100_Heisenberg1D_OBC_1_0_3,outer,1,SA,0.01,Proj,No_MSF,897,17396
result_SELECT_100_Heisenberg1D_OBC_1_0_3,outer,1,SA,0.01,Proj,No_Top,897,37364
result_SELECT_100_Heisenberg1D_OBC_1_0_3,outer,1,SA,0.01,Double,Yes_Kink,1085,280298
result_SELECT_100_Heisenberg1D_OBC_1_0_3,outer,1,SA,0.01,Single,No_MSF,1142,170094
result_SELECT_100_Heisenberg1D_OBC_1_0_3,outer,1,SA,0.01,Single,No_Top,1142,189910
result_SELECT_100_Heisenberg1D_OBC_1_0_3,outer,1,SA,0.01,Single,No_Kink,1145,279671
result_SELECT_100_Heisenberg1D_OBC_1_0_3,outer,1,SA,0.1,Double,No_MSF,1056,156157
result_SELECT_100_Heisenberg1D_OBC_1_0_3,inner,2,random,0,Proj,No_Kink,908,1126082
result_SELECT_100_Heisenberg1D_OBC_1_0_3,outer,1,SA,0.1,Double,No_Top,1056,176084
result_SELECT_100_Heisenberg1D_OBC_1_0_3,inner,2,random,0,Proj,Yes_Kink,909,1095263
result_SELECT_100_Heisenberg1D_OBC_1_0_3,outer,1,SA,0.1,Double,No_Kink,1069,281301
result_SELECT_100_Heisenberg1D_OBC_1_0_3,outer,1,SA,0.1,Proj,No_MSF,897,17396
result_SELECT_100_Heisenberg1D_OBC_1_0_3,outer,1,SA,0.1,Double,Yes_Kink,1068,280433
result_SELECT_100_Heisenberg1D_OBC_1_0_3,outer,1,SA,0.1,Proj,No_Top,897,37364
result_SELECT_100_Heisenberg1D_OBC_1_0_3,outer,1,SA,0.1,Single,No_MSF,1142,170094
result_SELECT_100_Heisenberg1D_OBC_1_0_3,outer,1,SA,0.1,Single,No_Kink,1145,280910
result_SELECT_100_Heisenberg1D_OBC_1_0_3,outer,1,SA,0.1,Single,No_Top,1142,189910
result_SELECT_100_Heisenberg1D_OBC_1_0_3,outer,1,SA,1,Double,No_MSF,1056,156157
result_SELECT_100_Heisenberg1D_OBC_1_0_3,outer,1,SA,0.001,Proj,Yes_Kink,913,1104322
result_SELECT_100_Heisenberg1D_OBC_1_0_3,outer,1,SA,1,Double,No_Kink,1066,260259
result_SELECT_100_Heisenberg1D_OBC_1_0_3,outer,1,SA,0.001,Proj,No_Kink,910,1130875
result_SELECT_100_Heisenberg1D_OBC_1_0_3,outer,1,SA,1,Double,No_Top,1056,176084
result_SELECT_100_Heisenberg1D_OBC_1_0_3,outer,1,SA,1,Proj,No_MSF,897,17396
result_SELECT_100_Heisenberg1D_OBC_1_0_3,outer,1,SA,1,Proj,No_Top,897,37364
result_SELECT_100_Heisenberg1D_OBC_1_0_3,outer,1,SA,1,Double,Yes_Kink,1068,259047
result_SELECT_100_Heisenberg1D_OBC_1_0_3,outer,1,SA,1,Single,No_MSF,1142,170094
result_SELECT_100_Heisenberg1D_OBC_1_0_3,outer,1,SA,0.01,Proj,No_Kink,909,1140152
result_SELECT_100_Heisenberg1D_OBC_1_0_3,outer,1,SA,0.01,Proj,Yes_Kink,914,1093785
result_SELECT_100_Heisenberg1D_OBC_1_0_3,outer,1,SA,1,Single,No_Top,1142,189910
result_SELECT_100_Heisenberg1D_OBC_1_0_3,outer,1,SA,1,Single,No_Kink,1144,256671
result_SELECT_100_Heisenberg1D_OBC_1_0_3,outer,1,random,0,Double,No_MSF,1056,156157
result_SELECT_100_Heisenberg1D_OBC_1_0_3,outer,1,random,0,Double,No_Top,1056,176084
result_SELECT_100_Heisenberg1D_OBC_1_0_3,outer,1,random,0,Proj,No_MSF,897,17396
result_SELECT_100_Heisenberg1D_OBC_1_0_3,outer,1,random,0,Proj,No_Top,897,37364
result_SELECT_100_Heisenberg1D_OBC_1_0_3,outer,1,SA,0.1,Proj,No_Kink,914,1125108
result_SELECT_100_Heisenberg1D_OBC_1_0_3,outer,1,random,0,Double,No_Kink,1089,474233
result_SELECT_100_Heisenberg1D_OBC_1_0_3,outer,1,SA,0.1,Proj,Yes_Kink,915,1095192
result_SELECT_100_Heisenberg1D_OBC_1_0_3,outer,1,random,0,Single,No_MSF,1142,170094
result_SELECT_100_Heisenberg1D_OBC_1_0_3,outer,1,random,0,Single,No_Top,1142,189910
result_SELECT_100_Heisenberg1D_OBC_1_0_3,outer,1,random,0,Double,Yes_Kink,1110,478077
result_SELECT_100_Heisenberg1D_OBC_1_0_3,outer,2,SA,0.001,Double,No_MSF,1056,156157
result_SELECT_100_Heisenberg1D_OBC_1_0_3,outer,2,SA,0.001,Double,No_Top,1056,176084
result_SELECT_100_Heisenberg1D_OBC_1_0_3,outer,2,SA,0.001,Double,No_Kink,1068,272729
result_SELECT_100_Heisenberg1D_OBC_1_0_3,outer,2,SA,0.001,Proj,No_MSF,897,17396
result_SELECT_100_Heisenberg1D_OBC_1_0_3,outer,2,SA,0.001,Double,Yes_Kink,1102,273471
result_SELECT_100_Heisenberg1D_OBC_1_0_3,outer,2,SA,0.001,Proj,No_Top,897,37364
result_SELECT_100_Heisenberg1D_OBC_1_0_3,outer,1,random,0,Single,No_Kink,1247,532433
result_SELECT_100_Heisenberg1D_OBC_1_0_3,outer,1,SA,1,Proj,No_Kink,910,1098666
result_SELECT_100_Heisenberg1D_OBC_1_0_3,outer,2,SA,0.001,Single,No_MSF,1142,170094
result_SELECT_100_Heisenberg1D_OBC_1_0_3,outer,2,SA,0.001,Single,No_Kink,1143,270278
result_SELECT_100_Heisenberg1D_OBC_1_0_3,outer,2,SA,0.001,Single,No_Top,1142,189910
result_SELECT_100_Heisenberg1D_OBC_1_0_3,outer,1,SA,1,Proj,Yes_Kink,909,1080496
result_SELECT_100_Heisenberg1D_OBC_1_0_3,outer,2,SA,0.01,Double,No_MSF,1056,156157
result_SELECT_100_Heisenberg1D_OBC_1_0_3,outer,2,SA,0.01,Double,No_Top,1056,176084
result_SELECT_100_Heisenberg1D_OBC_1_0_3,outer,2,SA,0.001,Single,Yes_Kink,1143,281307
result_SELECT_100_Heisenberg1D_OBC_1_0_3,outer,2,SA,0.01,Double,No_Kink,1064,274210
result_SELECT_100_Heisenberg1D_OBC_1_0_3,outer,2,SA,0.01,Proj,No_MSF,897,17396
result_SELECT_100_Heisenberg1D_OBC_1_0_3,outer,2,SA,0.01,Proj,No_Top,897,37364
result_SELECT_100_Heisenberg1D_OBC_1_0_3,outer,2,SA,0.01,Double,Yes_Kink,1117,274029
result_SELECT_100_Heisenberg1D_OBC_1_0_3,outer,1,random,0,Proj,No_Kink,915,1175114
result_SELECT_100_Heisenberg1D_OBC_1_0_3,outer,2,SA,0.01,Single,No_MSF,1142,170094
result_SELECT_100_Heisenberg1D_OBC_1_0_3,outer,2,SA,0.01,Single,No_Kink,1143,271843
result_SELECT_100_Heisenberg1D_OBC_1_0_3,outer,2,SA,0.01,Single,No_Top,1142,189910
result_SELECT_100_Heisenberg1D_OBC_1_0_3,outer,1,random,0,Proj,Yes_Kink,916,1156171
result_SELECT_100_Heisenberg1D_OBC_1_0_3,outer,2,SA,0.1,Double,No_MSF,1056,156157
result_SELECT_100_Heisenberg1D_OBC_1_0_3,outer,2,SA,0.1,Double,No_Top,1056,176084
result_SELECT_100_Heisenberg1D_OBC_1_0_3,outer,2,SA,0.01,Single,Yes_Kink,1143,280854
result_SELECT_100_Heisenberg1D_OBC_1_0_3,outer,2,SA,0.1,Double,No_Kink,1075,275223
result_SELECT_100_Heisenberg1D_OBC_1_0_3,outer,2,SA,0.1,Proj,No_MSF,897,17396
result_SELECT_100_Heisenberg1D_OBC_1_0_3,outer,2,SA,0.1,Proj,No_Top,897,37364
result_SELECT_100_Heisenberg1D_OBC_1_0_3,outer,2,SA,0.1,Double,Yes_Kink,1103,273586
result_SELECT_100_Heisenberg1D_OBC_1_0_3,outer,2,SA,0.1,Single,No_MSF,1142,170094
result_SELECT_100_Heisenberg1D_OBC_1_0_3,outer,2,SA,0.1,Single,No_Top,1142,189910
result_SELECT_100_Heisenberg1D_OBC_1_0_3,outer,2,SA,0.1,Single,No_Kink,1142,271890
result_SELECT_100_Heisenberg1D_OBC_1_0_3,outer,2,SA,0.001,Proj,Yes_Kink,910,1070407
result_SELECT_100_Heisenberg1D_OBC_1_0_3,outer,2,SA,1,Double,No_MSF,1056,156157
result_SELECT_100_Heisenberg1D_OBC_1_0_3,outer,2,SA,0.001,Proj,No_Kink,907,1101587
result_SELECT_100_Heisenberg1D_OBC_1_0_3,outer,2,SA,1,Double,No_Top,1056,176084
result_SELECT_100_Heisenberg1D_OBC_1_0_3,outer,2,SA,1,Double,No_Kink,1074,256088
result_SELECT_100_Heisenberg1D_OBC_1_0_3,outer,2,SA,0.1,Single,Yes_Kink,1142,283778
result_SELECT_100_Heisenberg1D_OBC_1_0_3,outer,2,SA,1,Proj,No_MSF,897,17396
result_SELECT_100_Heisenberg1D_OBC_1_0_3,outer,2,SA,1,Proj,No_Top,897,37364
result_SELECT_100_Heisenberg1D_OBC_1_0_3,outer,2,SA,1,Double,Yes_Kink,1076,253181
result_SELECT_100_Heisenberg1D_OBC_1_0_3,outer,2,SA,1,Single,No_MSF,1142,170094
result_SELECT_100_Heisenberg1D_OBC_1_0_3,outer,2,SA,1,Single,No_Kink,1143,251959
result_SELECT_100_Heisenberg1D_OBC_1_0_3,outer,2,SA,1,Single,No_Top,1142,189910
result_SELECT_100_Heisenberg1D_OBC_1_0_3,outer,2,SA,0.01,Proj,Yes_Kink,911,1108722
result_SELECT_100_Heisenberg1D_OBC_1_0_3,outer,2,SA,0.01,Proj,No_Kink,910,1134486
result_SELECT_100_Heisenberg1D_OBC_1_0_3,outer,2,random,0,Double,No_MSF,1056,156157
result_SELECT_100_Heisenberg1D_OBC_1_0_3,outer,2,random,0,Double,No_Top,1056,176084
result_SELECT_100_Heisenberg1D_OBC_1_0_3,outer,2,SA,1,Single,Yes_Kink,1143,267044
result_SELECT_100_Heisenberg1D_OBC_1_0_3,outer,2,random,0,Proj,No_MSF,897,17396
result_SELECT_100_Heisenberg1D_OBC_1_0_3,outer,2,random,0,Proj,No_Top,897,37364
result_SELECT_100_Heisenberg1D_OBC_1_0_3,outer,2,random,0,Double,No_Kink,1178,409213
result_SELECT_100_Heisenberg1D_OBC_1_0_3,outer,2,SA,0.1,Proj,No_Kink,909,1110606
result_SELECT_100_Heisenberg1D_OBC_1_0_3,outer,2,random,0,Double,Yes_Kink,1202,410589
result_SELECT_100_Heisenberg1D_OBC_1_0_3,outer,2,random,0,Single,No_MSF,1142,170094
result_SELECT_100_Heisenberg1D_OBC_1_0_3,outer,2,random,0,Single,No_Top,1142,189910
result_SELECT_100_Heisenberg1D_OBC_1_0_3,outer,2,SA,0.1,Proj,Yes_Kink,910,1075338
result_SELECT_100_Heisenberg1D_OBC_1_0_3,outer,2,random,0,Single,No_Kink,1145,396385
result_SELECT_100_Heisenberg1D_OBC_1_0_4,inner,1,SA,0.001,Double,No_MSF,557,146681
result_SELECT_100_Heisenberg1D_OBC_1_0_4,inner,1,SA,0.001,Double,No_Top,557,167352
result_SELECT_100_Heisenberg1D_OBC_1_0_4,inner,1,SA,0.001,Double,No_Kink,598,278751
result_SELECT_100_Heisenberg1D_OBC_1_0_4,inner,1,SA,0.001,Proj,No_MSF,453,18164
result_SELECT_100_Heisenberg1D_OBC_1_0_3,outer,2,random,0,Single,Yes_Kink,1146,403969
result_SELECT_100_Heisenberg1D_OBC_1_0_3,outer,2,SA,1,Proj,Yes_Kink,912,1048776
result_SELECT_100_Heisenberg1D_OBC_1_0_4,inner,1,SA,0.001,Proj,No_Top,453,39028
result_SELECT_100_Heisenberg1D_OBC_1_0_3,outer,2,SA,1,Proj,No_Kink,911,1079428
result_SELECT_100_Heisenberg1D_OBC_1_0_4,inner,1,SA,0.001,Double,Yes_Kink,598,280931
result_SELECT_100_Heisenberg1D_OBC_1_0_4,inner,1,SA,0.001,Single,No_MSF,606,161598
result_SELECT_100_Heisenberg1D_OBC_1_0_4,inner,1,SA,0.001,Single,No_Top,606,182062
result_SELECT_100_Heisenberg1D_OBC_1_0_4,inner,1,SA,0.01,Double,No_MSF,557,146681
result_SELECT_100_Heisenberg1D_OBC_1_0_4,inner,1,SA,0.001,Single,No_Kink,622,275738
result_SELECT_100_Heisenberg1D_OBC_1_0_4,inner,1,SA,0.01,Double,No_Top,557,167352
result_SELECT_100_Heisenberg1D_OBC_1_0_4,inner,1,SA,0.01,Double,No_Kink,586,276187
result_SELECT_100_Heisenberg1D_OBC_1_0_4,inner,1,SA,0.01,Proj,No_MSF,453,18164
result_SELECT_100_Heisenberg1D_OBC_1_0_4,inner,1,SA,0.01,Proj,No_Top,453,39028
result_SELECT_100_Heisenberg1D_OBC_1_0_4,inner,1,SA,0.01,Double,Yes_Kink,575,278378
result_SELECT_100_Heisenberg1D_OBC_1_0_4,inner,1,SA,0.01,Single,No_MSF,606,161598
result_SELECT_100_Heisenberg1D_OBC_1_0_3,outer,2,random,0,Proj,No_Kink,910,1161759
result_SELECT_100_Heisenberg1D_OBC_1_0_4,inner,1,SA,0.01,Single,No_Top,606,182062
result_SELECT_100_Heisenberg1D_OBC_1_0_4,inner,1,SA,0.01,Single,No_Kink,608,274567
result_SELECT_100_Heisenberg1D_OBC_1_0_4,inner,1,SA,0.1,Double,No_MSF,557,146681
result_SELECT_100_Heisenberg1D_OBC_1_0_4,inner,1,SA,0.1,Double,No_Top,557,167352
result_SELECT_100_Heisenberg1D_OBC_1_0_4,inner,1,SA,0.1,Double,No_Kink,583,272704
result_SELECT_100_Heisenberg1D_OBC_1_0_3,outer,2,random,0,Proj,Yes_Kink,910,1140036
result_SELECT_100_Heisenberg1D_OBC_1_0_4,inner,1,SA,0.1,Proj,No_MSF,453,18164
result_SELECT_100_Heisenberg1D_OBC_1_0_4,inner,1,SA,0.001,Proj,No_Kink,471,891745
result_SELECT_100_Heisenberg1D_OBC_1_0_4,inner,1,SA,0.1,Proj,No_Top,453,39028
result_SELECT_100_Heisenberg1D_OBC_1_0_4,inner,1,SA,0.001,Proj,Yes_Kink,473,873187
result_SELECT_100_Heisenberg1D_OBC_1_0_4,inner,1,SA,0.1,Single,No_MSF,606,161598
result_SELECT_100_Heisenberg1D_OBC_1_0_4,inner,1,SA,0.1,Double,Yes_Kink,578,274412
result_SELECT_100_Heisenberg1D_OBC_1_0_4,inner,1,SA,0.1,Single,No_Top,606,182062
result_SELECT_100_Heisenberg1D_OBC_1_0_4,inner,1,SA,0.1,Single,No_Kink,611,271297
result_SELECT_100_Heisenberg1D_OBC_1_0_4,inner,1,SA,1,Double,No_MSF,557,146681
result_SELECT_100_Heisenberg1D_OBC_1_0_4,inner,1,SA,1,Double,No_Top,557,167352
result_SELECT_100_Heisenberg1D_OBC_1_0_4,inner,1,SA,1,Double,No_Kink,562,262807
result_SELECT_100_Heisenberg1D_OBC_1_0_4,inner,1,SA,1,Proj,No_MSF,453,18164
result_SELECT_100_Heisenberg1D_OBC_1_0_4,inner,1,SA,1,Double,Yes_Kink,572,265332
result_SELECT_100_Heisenberg1D_OBC_1_0_4,inner,1,SA,1,Proj,No_Top,453,39028
result_SELECT_100_Heisenberg1D_OBC_1_0_4,inner,1,SA,0.01,Proj,No_Kink,471,886983
result_SELECT_100_Heisenberg1D_OBC_1_0_4,inner,1,SA,1,Single,No_Top,606,182062
result_SELECT_100_Heisenberg1D_OBC_1_0_4,inner,1,SA,1,Single,No_MSF,606,161598
result_SELECT_100_Heisenberg1D_OBC_1_0_4,inner,1,SA,0.01,Proj,Yes_Kink,474,877901
result_SELECT_100_Heisenberg1D_OBC_1_0_4,inner,1,random,0,Double,No_MSF,557,146681
result_SELECT_100_Heisenberg1D_OBC_1_0_4,inner,1,SA,1,Single,No_Kink,612,262249
result_SELECT_100_Heisenberg1D_OBC_1_0_4,inner,1,random,0,Double,No_Top,557,167352
result_SELECT_100_Heisenberg1D_OBC_1_0_4,inner,1,random,0,Proj,No_MSF,453,18164
result_SELECT_100_Heisenberg1D_OBC_1_0_4,inner,1,random,0,Proj,No_Top,453,39028
result_SELECT_100_Heisenberg1D_OBC_1_0_4,inner,1,SA,0.1,Proj,No_Kink,475,903192
result_SELECT_100_Heisenberg1D_OBC_1_0_4,inner,1,SA,0.1,Proj,Yes_Kink,477,890012
result_SELECT_100_Heisenberg1D_OBC_1_0_4,inner,1,random,0,Single,No_MSF,606,161598
result_SELECT_100_Heisenberg1D_OBC_1_0_4,inner,1,random,0,Single,No_Top,606,182062
result_SELECT_100_Heisenberg1D_OBC_1_0_4,inner,1,SA,1,Proj,No_Kink,473,874132
result_SELECT_100_Heisenberg1D_OBC_1_0_4,inner,1,random,0,Double,No_Kink,649,611172
result_SELECT_100_Heisenberg1D_OBC_1_0_4,inner,1,random,0,Double,Yes_Kink,685,615132
result_SELECT_100_Heisenberg1D_OBC_1_0_4,inner,2,SA,0.001,Double,No_MSF,557,146681
result_SELECT_100_Heisenberg1D_OBC_1_0_4,inner,2,SA,0.001,Double,No_Top,557,167352
result_SELECT_100_Heisenberg1D_OBC_1_0_4,inner,2,SA,0.001,Double,No_Kink,727,275444
result_SELECT_100_Heisenberg1D_OBC_1_0_4,inner,1,SA,1,Proj,Yes_Kink,478,853192
result_SELECT_100_Heisenberg1D_OBC_1_0_4,inner,2,SA,0.001,Proj,No_MSF,453,18164
result_SELECT_100_Heisenberg1D_OBC_1_0_4,inner,2,SA,0.001,Proj,No_Top,453,39028
result_SELECT_100_Heisenberg1D_OBC_1_0_4,inner,2,SA,0.001,Double,Yes_Kink,698,274750
result_SELECT_100_Heisenberg1D_OBC_1_0_4,inner,2,SA,0.001,Single,No_MSF,606,161598
result_SELECT_100_Heisenberg1D_OBC_1_0_4,inner,2,SA,0.001,Single,No_Top,606,182062
result_SELECT_100_Heisenberg1D_OBC_1_0_4,inner,1,random,0,Single,No_Kink,961,727085
result_SELECT_100_Heisenberg1D_OBC_1_0_4,inner,2,SA,0.001,Single,No_Kink,607,255772
result_SELECT_100_Heisenberg1D_OBC_1_0_4,inner,2,SA,0.01,Double,No_MSF,557,146681
result_SELECT_100_Heisenberg1D_OBC_1_0_4,inner,1,random,0,Proj,No_Kink,493,958391
result_SELECT_100_Heisenberg1D_OBC_1_0_4,inner,2,SA,0.01,Double,No_Top,557,167352
result_SELECT_100_Heisenberg1D_OBC_1_0_4,inner,2,SA,0.001,Single,Yes_Kink,609,271222
result_SELECT_100_Heisenberg1D_OBC_1_0_4,inner,2,SA,0.01,Proj,No_MSF,453,18164
result_SELECT_100_Heisenberg1D_OBC_1_0_4,inner,2,SA,0.01,Proj,No_Top,453,39028
result_SELECT_100_Heisenberg1D_OBC_1_0_4,inner,2,SA,0.01,Double,No_Kink,631,263981
result_SELECT_100_Heisenberg1D_OBC_1_0_4,inner,1,random,0,Proj,Yes_Kink,498,951450
result_SELECT_100_Heisenberg1D_OBC_1_0_4,inner,2,SA,0.01,Single,No_MSF,606,161598
result_SELECT_100_Heisenberg1D_OBC_1_0_4,inner,2,SA,0.01,Double,Yes_Kink,676,268126
result_SELECT_100_Heisenberg1D_OBC_1_0_4,inner,2,SA,0.01,Single,No_Top,606,182062
result_SELECT_100_Heisenberg1D_OBC_1_0_4,inner,2,SA,0.01,Single,No_Kink,608,256356
result_SELECT_100_Heisenberg1D_OBC_1_0_4,inner,2,SA,0.1,Double,No_MSF,557,146681
result_SELECT_100_Heisenberg1D_OBC_1_0_4,inner,2,SA,0.1,Double,No_Top,557,167352
result_SELECT_100_Heisenberg1D_OBC_1_0_4,inner,2,SA,0.01,Single,Yes_Kink,608,267355
result_SELECT_100_Heisenberg1D_OBC_1_0_4,inner,2,SA,0.1,Double,No_Kink,682,260575
result_SELECT_100_Heisenberg1D_OBC_1_0_4,inner,2,SA,0.1,Proj,No_MSF,453,18164
result_SELECT_100_Heisenberg1D_OBC_1_0_4,inner,2,SA,0.1,Double,Yes_Kink,754,264461
result_SELECT_100_Heisenberg1D_OBC_1_0_4,inner,2,SA,0.1,Proj,No_Top,453,39028
result_SELECT_100_Heisenberg1D_OBC_1_0_4,inner,2,SA,0.1,Single,No_MSF,606,161598
result_SELECT_100_Heisenberg1D_OBC_1_0_4,inner,2,SA,0.001,Proj,Yes_Kink,467,872168
result_SELECT_100_Heisenberg1D_OBC_1_0_4,inner,2,SA,0.1,Single,No_Kink,608,251391
result_SELECT_100_Heisenberg1D_OBC_1_0_4,inner,2,SA,0.1,Single,No_Top,606,182062
result_SELECT_100_Heisenberg1D_OBC_1_0_4,inner,2,SA,0.001,Proj,No_Kink,466,885961
result_SELECT_100_Heisenberg1D_OBC_1_0_4,inner,2,SA,1,Double,No_MSF,557,146681
result_SELECT_100_Heisenberg1D_OBC_1_0_4,inner,2,SA,1,Double,No_Top,557,167352
result_SELECT_100_Heisenberg1D_OBC_1_0_4,inner,2,SA,0.1,Single,Yes_Kink,608,265034
result_SELECT_100_Heisenberg1D_OBC_1_0_4,inner,2,SA,1,Double,No_Kink,635,255929
result_SELECT_100_Heisenberg1D_OBC_1_0_4,inner,2,SA,1,Proj,No_MSF,453,18164
result_SELECT_100_Heisenberg1D_OBC_1_0_4,inner,2,SA,0.01,Proj,No_Kink,471,852390
result_SELECT_100_Heisenberg1D_OBC_1_0_4,inner,2,SA,1,Proj,No_Top,453,39028
result_SELECT_100_Heisenberg1D_OBC_1_0_4,inner,2,SA,1,Double,Yes_Kink,666,258680
result_SELECT_100_Heisenberg1D_OBC_1_0_4,inner,2,SA,0.01,Proj,Yes_Kink,470,847049
result_SELECT_100_Heisenberg1D_OBC_1_0_4,inner,2,SA,1,Single,No_MSF,606,161598
result_SELECT_100_Heisenberg1D_OBC_1_0_4,inner,2,SA,1,Single,No_Top,606,182062
result_SELECT_100_Heisenberg1D_OBC_1_0_4,inner,2,SA,1,Single,No_Kink,608,247022
result_SELECT_100_Heisenberg1D_OBC_1_0_4,inner,2,random,0,Double,No_MSF,557,146681
result_SELECT_100_Heisenberg1D_OBC_1_0_4,inner,2,random,0,Double,No_Top,557,167352
result_SELECT_100_Heisenberg1D_OBC_1_0_4,inner,2,SA,1,Single,Yes_Kink,607,262183
result_SELECT_100_Heisenberg1D_OBC_1_0_4,inner,2,random,0,Proj,No_MSF,453,18164
result_SELECT_100_Heisenberg1D_OBC_1_0_4,inner,2,SA,0.1,Proj,No_Kink,467,845180
result_SELECT_100_Heisenberg1D_OBC_1_0_4,inner,2,random,0,Proj,No_Top,453,39028
result_SELECT_100_Heisenberg1D_OBC_1_0_4,inner,2,random,0,Double,No_Kink,644,460146
result_SELECT_100_Heisenberg1D_OBC_1_0_4,inner,2,SA,0.1,Proj,Yes_Kink,469,820528
result_SELECT_100_Heisenberg1D_OBC_1_0_4,inner,2,random,0,Single,No_MSF,606,161598
result_SELECT_100_Heisenberg1D_OBC_1_0_4,inner,2,random,0,Single,No_Top,606,182062
result_SELECT_100_Heisenberg1D_OBC_1_0_4,inner,2,random,0,Double,Yes_Kink,653,464462
result_SELECT_100_Heisenberg1D_OBC_1_0_4,outer,1,SA,0.001,Double,No_MSF,557,146681
result_SELECT_100_Heisenberg1D_OBC_1_0_4,inner,2,SA,1,Proj,No_Kink,472,819299
result_SELECT_100_Heisenberg1D_OBC_1_0_4,inner,2,SA,1,Proj,Yes_Kink,471,811835
result_SELECT_100_Heisenberg1D_OBC_1_0_4,inner,2,random,0,Single,No_Kink,624,465041
result_SELECT_100_Heisenberg1D_OBC_1_0_4,outer,1,SA,0.001,Double,No_Top,557,167352
result_SELECT_100_Heisenberg1D_OBC_1_0_4,outer,1,SA,0.001,Double,No_Kink,581,300338
result_SELECT_100_Heisenberg1D_OBC_1_0_4,outer,1,SA,0.001,Proj,No_MSF,453,18164
result_SELECT_100_Heisenberg1D_OBC_1_0_4,outer,1,SA,0.001,Proj,No_Top,453,39028
result_SELECT_100_Heisenberg1D_OBC_1_0_4,outer,1,SA,0.001,Double,Yes_Kink,573,299850
result_SELECT_100_Heisenberg1D_OBC_1_0_4,outer,1,SA,0.001,Single,No_MSF,606,161598
result_SELECT_100_Heisenberg1D_OBC_1_0_4,inner,2,random,0,Single,Yes_Kink,624,474162
result_SELECT_100_Heisenberg1D_OBC_1_0_4,outer,1,SA,0.001,Single,No_Top,606,182062
result_SELECT_100_Heisenberg1D_OBC_1_0_4,outer,1,SA,0.001,Single,No_Kink,611,300415
result_SELECT_100_Heisenberg1D_OBC_1_0_4,outer,1,SA,0.01,Double,No_MSF,557,146681
result_SELECT_100_Heisenberg1D_OBC_1_0_4,outer,1,SA,0.01,Double,No_Top,557,167352
result_SELECT_100_Heisenberg1D_OBC_1_0_4,outer,1,SA,0.01,Proj,No_MSF,453,18164
result_SELECT_100_Heisenberg1D_OBC_1_0_4,outer,1,SA,0.01,Double,No_Kink,595,291433
result_SELECT_100_Heisenberg1D_OBC_1_0_4,outer,1,SA,0.01,Proj,No_Top,453,39028
result_SELECT_100_Heisenberg1D_OBC_1_0_4,outer,1,SA,0.01,Double,Yes_Kink,599,292809
result_SELECT_100_Heisenberg1D_OBC_1_0_4,inner,2,random,0,Proj,Yes_Kink,546,962453
result_SELECT_100_Heisenberg1D_OBC_1_0_4,inner,2,random,0,Proj,No_Kink,548,988433
result_SELECT_100_Heisenberg1D_OBC_1_0_4,outer,1,SA,0.01,Single,No_MSF,606,161598
result_SELECT_100_Heisenberg1D_OBC_1_0_4,outer,1,SA,0.01,Single,No_Top,606,182062
result_SELECT_100_Heisenberg1D_OBC_1_0_4,outer,1,SA,0.1,Double,No_MSF,557,146681
result_SELECT_100_Heisenberg1D_OBC_1_0_4,outer,1,SA,0.01,Single,No_Kink,609,288054
result_SELECT_100_Heisenberg1D_OBC_1_0_4,outer,1,SA,0.1,Double,No_Top,557,167352
result_SELECT_100_Heisenberg1D_OBC_1_0_4,outer,1,SA,0.1,Proj,No_MSF,453,18164
result_SELECT_100_Heisenberg1D_OBC_1_0_4,outer,1,SA,0.1,Double,No_Kink,640,299291
result_SELECT_100_Heisenberg1D_OBC_1_0_4,outer,1,SA,0.1,Proj,No_Top,453,39028
result_SELECT_100_Heisenberg1D_OBC_1_0_4,outer,1,SA,0.001,Proj,No_Kink,475,910160
result_SELECT_100_Heisenberg1D_OBC_1_0_4,outer,1,SA,0.1,Double,Yes_Kink,632,297864
result_SELECT_100_Heisenberg1D_OBC_1_0_4,outer,1,SA,0.1,Single,No_MSF,606,161598
result_SELECT_100_Heisenberg1D_OBC_1_0_4,outer,1,SA,0.1,Single,No_Top,606,182062
result_SELECT_100_Heisenberg1D_OBC_1_0_4,outer,1,SA,0.001,Proj,Yes_Kink,475,897894
result_SELECT_100_Heisenberg1D_OBC_1_0_4,outer,1,SA,1,Double,No_MSF,557,146681
result_SELECT_100_Heisenberg1D_OBC_1_0_4,outer,1,SA,1,Double,No_Top,557,167352
result_SELECT_100_Heisenberg1D_OBC_1_0_4,outer,1,SA,0.1,Single,No_Kink,613,293888
result_SELECT_100_Heisenberg1D_OBC_1_0_4,outer,1,SA,1,Proj,No_MSF,453,18164
result_SELECT_100_Heisenberg1D_OBC_1_0_4,outer,1,SA,1,Double,No_Kink,588,288330
result_SELECT_100_Heisenberg1D_OBC_1_0_4,outer,1,SA,1,Proj,No_Top,453,39028
result_SELECT_100_Heisenberg1D_OBC_1_0_4,outer,1,SA,0.01,Proj,No_Kink,475,900907
result_SELECT_100_Heisenberg1D_OBC_1_0_4,outer,1,SA,1,Double,Yes_Kink,573,274548
result_SELECT_100_Heisenberg1D_OBC_1_0_4,outer,1,SA,1,Single,No_MSF,606,161598
result_SELECT_100_Heisenberg1D_OBC_1_0_4,outer,1,SA,1,Single,No_Top,606,182062
result_SELECT_100_Heisenberg1D_OBC_1_0_4,outer,1,random,0,Double,No_MSF,557,146681
result_SELECT_100_Heisenberg1D_OBC_1_0_4,outer,1,SA,1,Single,No_Kink,611,271764
result_SELECT_100_Heisenberg1D_OBC_1_0_4,outer,1,SA,0.01,Proj,Yes_Kink,477,892264
result_SELECT_100_Heisenberg1D_OBC_1_0_4,outer,1,random,0,Double,No_Top,557,167352
result_SELECT_100_Heisenberg1D_OBC_1_0_4,outer,1,random,0,Proj,No_MSF,453,18164
result_SELECT_100_Heisenberg1D_OBC_1_0_4,outer,1,SA,0.1,Proj,No_Kink,469,894237
result_SELECT_100_Heisenberg1D_OBC_1_0_4,outer,1,random,0,Proj,No_Top,453,39028
result_SELECT_100_Heisenberg1D_OBC_1_0_4,outer,1,SA,0.1,Proj,Yes_Kink,472,880789
result_SELECT_100_Heisenberg1D_OBC_1_0_4,outer,1,random,0,Double,No_Kink,639,613062
result_SELECT_100_Heisenberg1D_OBC_1_0_4,outer,1,random,0,Single,No_MSF,606,161598
result_SELECT_100_Heisenberg1D_OBC_1_0_4,outer,1,random,0,Single,No_Top,606,182062
result_SELECT_100_Heisenberg1D_OBC_1_0_4,outer,1,random,0,Double,Yes_Kink,655,619087
result_SELECT_100_Heisenberg1D_OBC_1_0_4,outer,1,SA,1,Proj,Yes_Kink,476,887967
result_SELECT_100_Heisenberg1D_OBC_1_0_4,outer,2,SA,0.001,Double,No_MSF,557,146681
result_SELECT_100_Heisenberg1D_OBC_1_0_4,outer,1,SA,1,Proj,No_Kink,472,901712
result_SELECT_100_Heisenberg1D_OBC_1_0_4,outer,2,SA,0.001,Double,No_Top,557,167352
result_SELECT_100_Heisenberg1D_OBC_1_0_4,outer,2,SA,0.001,Proj,No_MSF,453,18164
result_SELECT_100_Heisenberg1D_OBC_1_0_4,outer,2,SA,0.001,Proj,No_Top,453,39028
result_SELECT_100_Heisenberg1D_OBC_1_0_4,outer,2,SA,0.001,Double,No_Kink,591,287711
result_SELECT_100_Heisenberg1D_OBC_1_0_4,outer,2,SA,0.001,Double,Yes_Kink,609,289542
result_SELECT_100_Heisenberg1D_OBC_1_0_4,outer,1,random,0,Single,No_Kink,910,753926
result_SELECT_100_Heisenberg1D_OBC_1_0_4,outer,2,SA,0.001,Single,No_MSF,606,161598
result_SELECT_100_Heisenberg1D_OBC_1_0_4,outer,2,SA,0.001,Single,No_Top,606,182062
result_SELECT_100_Heisenberg1D_OBC_1_0_4,outer,2,SA,0.001,Single,No_Kink,607,280773
result_SELECT_100_Heisenberg1D_OBC_1_0_4,outer,2,SA,0.01,Double,No_MSF,557,146681
result_SELECT_100_Heisenberg1D_OBC_1_0_4,outer,2,SA,0.01,Double,No_Top,557,167352
result_SELECT_100_Heisenberg1D_OBC_1_0_4,outer,2,SA,0.001,Single,Yes_Kink,609,293444
result_SELECT_100_Heisenberg1D_OBC_1_0_4,outer,2,SA,0.01,Double,No_Kink,580,284741
result_SELECT_100_Heisenberg1D_OBC_1_0_4,outer,2,SA,0.01,Proj,No_Top,453,39028
result_SELECT_100_Heisenberg1D_OBC_1_0_4,outer,1,random,0,Proj,No_Kink,496,970664
result_SELECT_100_Heisenberg1D_OBC_1_0_4,outer,2,SA,0.01,Proj,No_MSF,453,18164
result_SELECT_100_Heisenberg1D_OBC_1_0_4,outer,1,random,0,Proj,Yes_Kink,500,958674
result_SELECT_100_Heisenberg1D_OBC_1_0_4,outer,2,SA,0.01,Double,Yes_Kink,592,284948
result_SELECT_100_Heisenberg1D_OBC_1_0_4,outer,2,SA,0.01,Single,No_MSF,606,161598
result_SELECT_100_Heisenberg1D_OBC_1_0_4,outer,2,SA,0.01,Single,No_Top,606,182062
result_SELECT_100_Heisenberg1D_OBC_1_0_4,outer,2,SA,0.1,Double,No_MSF,557,146681
result_SELECT_100_Heisenberg1D_OBC_1_0_4,outer,2,SA,0.01,Single,No_Kink,609,282078
result_SELECT_100_Heisenberg1D_OBC_1_0_4,outer,2,SA,0.01,Single,Yes_Kink,608,298396
result_SELECT_100_Heisenberg1D_OBC_1_0_4,outer,2,SA,0.1,Double,No_Kink,573,278630
result_SELECT_100_Heisenberg1D_OBC_1_0_4,outer,2,SA,0.1,Double,No_Top,557,167352
result_SELECT_100_Heisenberg1D_OBC_1_0_4,outer,2,SA,0.1,Proj,No_MSF,453,18164
result_SELECT_100_Heisenberg1D_OBC_1_0_4,outer,2,SA,0.1,Proj,No_Top,453,39028
result_SELECT_100_Heisenberg1D_OBC_1_0_4,outer,2,SA,0.1,Double,Yes_Kink,592,279620
result_SELECT_100_Heisenberg1D_OBC_1_0_4,outer,2,SA,0.1,Single,No_MSF,606,161598
result_SELECT_100_Heisenberg1D_OBC_1_0_4,outer,2,SA,0.001,Proj,No_Kink,468,937776
result_SELECT_100_Heisenberg1D_OBC_1_0_4,outer,2,SA,0.1,Single,No_Top,606,182062
result_SELECT_100_Heisenberg1D_OBC_1_0_4,outer,2,SA,0.1,Single,No_Kink,608,275519
result_SELECT_100_Heisenberg1D_OBC_1_0_4,outer,2,SA,0.001,Proj,Yes_Kink,469,921492
result_SELECT_100_Heisenberg1D_OBC_1_0_4,outer,2,SA,1,Double,No_Top,557,167352
result_SELECT_100_Heisenberg1D_OBC_1_0_4,outer,2,SA,1,Double,No_MSF,557,146681
result_SELECT_100_Heisenberg1D_OBC_1_0_4,outer,2,SA,0.1,Single,Yes_Kink,609,291991
result_SELECT_100_Heisenberg1D_OBC_1_0_4,outer,2,SA,1,Double,No_Kink,572,261412
result_SELECT_100_Heisenberg1D_OBC_1_0_4,outer,2,SA,1,Proj,No_MSF,453,18164
result_SELECT_100_Heisenberg1D_OBC_1_0_4,outer,2,SA,1,Proj,No_Top,453,39028
result_SELECT_100_Heisenberg1D_OBC_1_0_4,outer,2,SA,1,Double,Yes_Kink,592,262949
result_SELECT_100_Heisenberg1D_OBC_1_0_4,outer,2,SA,0.01,Proj,No_Kink,468,929492
result_SELECT_100_Heisenberg1D_OBC_1_0_4,outer,2,SA,1,Single,No_MSF,606,161598
result_SELECT_100_Heisenberg1D_OBC_1_0_4,outer,2,SA,1,Single,No_Top,606,182062
result_SELECT_100_Heisenberg1D_OBC_1_0_4,outer,2,SA,0.01,Proj,Yes_Kink,470,905596
result_SELECT_100_Heisenberg1D_OBC_1_0_4,outer,2,SA,1,Single,No_Kink,608,258068
result_SELECT_100_Heisenberg1D_OBC_1_0_4,outer,2,random,0,Double,No_MSF,557,146681
result_SELECT_100_Heisenberg1D_OBC_1_0_4,outer,2,SA,1,Single,Yes_Kink,609,272130
result_SELECT_100_Heisenberg1D_OBC_1_0_4,outer,2,random,0,Double,No_Top,557,167352
result_SELECT_100_Heisenberg1D_OBC_1_0_4,outer,2,random,0,Proj,No_MSF,453,18164
result_SELECT_100_Heisenberg1D_OBC_1_0_4,outer,2,SA,0.1,Proj,No_Kink,470,951542
result_SELECT_100_Heisenberg1D_OBC_1_0_4,outer,2,random,0,Proj,No_Top,453,39028
result_SELECT_100_Heisenberg1D_OBC_1_0_4,outer,2,random,0,Double,No_Kink,588,467340
result_SELECT_100_Heisenberg1D_OBC_1_0_4,outer,2,SA,0.1,Proj,Yes_Kink,471,933110
result_SELECT_100_Heisenberg1D_OBC_1_0_4,outer,2,random,0,Single,No_MSF,606,161598
result_SELECT_100_Heisenberg1D_OBC_1_0_4,outer,2,random,0,Single,No_Top,606,182062
result_SELECT_100_Heisenberg1D_OBC_1_0_4,outer,2,random,0,Double,Yes_Kink,601,470518
result_SELECT_100_Heisenberg1D_OBC_1_0_5,inner,1,SA,0.001,Double,No_MSF,309,139150
result_SELECT_100_Heisenberg1D_OBC_1_0_4,outer,2,SA,1,Proj,No_Kink,471,939464
result_SELECT_100_Heisenberg1D_OBC_1_0_5,inner,1,SA,0.001,Double,No_Top,310,161248
result_SELECT_100_Heisenberg1D_OBC_1_0_4,outer,2,random,0,Single,No_Kink,619,479937
result_SELECT_100_Heisenberg1D_OBC_1_0_4,outer,2,SA,1,Proj,Yes_Kink,473,926686
result_SELECT_100_Heisenberg1D_OBC_1_0_5,inner,1,SA,0.001,Double,No_Kink,328,327933
result_SELECT_100_Heisenberg1D_OBC_1_0_5,inner,1,SA,0.001,Proj,No_MSF,228,19572
result_SELECT_100_Heisenberg1D_OBC_1_0_5,inner,1,SA,0.001,Proj,No_Top,228,41972
result_SELECT_100_Heisenberg1D_OBC_1_0_5,inner,1,SA,0.001,Single,No_MSF,340,156253
result_SELECT_100_Heisenberg1D_OBC_1_0_4,outer,2,random,0,Single,Yes_Kink,622,487421
result_SELECT_100_Heisenberg1D_OBC_1_0_5,inner,1,SA,0.001,Double,Yes_Kink,341,340405
result_SELECT_100_Heisenberg1D_OBC_1_0_5,inner,1,SA,0.001,Single,No_Top,341,178048
result_SELECT_100_Heisenberg1D_OBC_1_0_5,inner,1,SA,0.01,Double,No_MSF,309,139150
result_SELECT_100_Heisenberg1D_OBC_1_0_5,inner,1,SA,0.01,Double,No_Top,310,161248
result_SELECT_100_Heisenberg1D_OBC_1_0_5,inner,1,SA,0.001,Single,No_Kink,348,334667
result_SELECT_100_Heisenberg1D_OBC_1_0_4,outer,2,random,0,Proj,No_Kink,474,1002245
result_SELECT_100_Heisenberg1D_OBC_1_0_5,inner,1,SA,0.01,Proj,No_MSF,228,19572
result_SELECT_100_Heisenberg1D_OBC_1_0_5,inner,1,SA,0.01,Proj,No_Top,228,41972
result_SELECT_100_Heisenberg1D_OBC_1_0_5,inner,1,SA,0.01,Double,No_Kink,342,320567
result_SELECT_100_Heisenberg1D_OBC_1_0_4,outer,2,random,0,Proj,Yes_Kink,476,987747
result_SELECT_100_Heisenberg1D_OBC_1_0_5,inner,1,SA,0.01,Single,No_MSF,340,156253
result_SELECT_100_Heisenberg1D_OBC_1_0_5,inner,1,SA,0.01,Double,Yes_Kink,373,331537
result_SELECT_100_Heisenberg1D_OBC_1_0_5,inner,1,SA,0.01,Single,No_Top,341,178048
result_SELECT_100_Heisenberg1D_OBC_1_0_5,inner,1,SA,0.1,Double,No_MSF,309,139150
result_SELECT_100_Heisenberg1D_OBC_1_0_5,inner,1,SA,0.1,Double,No_Top,310,161248
result_SELECT_100_Heisenberg1D_OBC_1_0_5,inner,1,SA,0.001,Proj,No_Kink,281,748709
result_SELECT_100_Heisenberg1D_OBC_1_0_5,inner,1,SA,0.01,Single,No_Kink,351,322964
result_SELECT_100_Heisenberg1D_OBC_1_0_5,inner,1,SA,0.001,Proj,Yes_Kink,293,735761
result_SELECT_100_Heisenberg1D_OBC_1_0_5,inner,1,SA,0.1,Proj,No_MSF,228,19572
result_SELECT_100_Heisenberg1D_OBC_1_0_5,inner,1,SA,0.1,Double,No_Kink,380,302037
result_SELECT_100_Heisenberg1D_OBC_1_0_5,inner,1,SA,0.1,Proj,No_Top,228,41972
result_SELECT_100_Heisenberg1D_OBC_1_0_5,inner,1,SA,0.1,Single,No_MSF,340,156253
result_SELECT_100_Heisenberg1D_OBC_1_0_5,inner,1,SA,0.1,Single,No_Top,341,178048
result_SELECT_100_Heisenberg1D_OBC_1_0_5,inner,1,SA,1,Double,No_MSF,309,139150
result_SELECT_100_Heisenberg1D_OBC_1_0_5,inner,1,SA,0.1,Double,Yes_Kink,404,310135
result_SELECT_100_Heisenberg1D_OBC_1_0_5,inner,1,SA,0.1,Single,No_Kink,350,301478
result_SELECT_100_Heisenberg1D_OBC_1_0_5,inner,1,SA,1,Double,No_Top,310,161248
result_SELECT_100_Heisenberg1D_OBC_1_0_5,inner,1,SA,1,Proj,No_MSF,228,19572
result_SELECT_100_Heisenberg1D_OBC_1_0_5,inner,1,SA,1,Double,No_Kink,338,297212
result_SELECT_100_Heisenberg1D_OBC_1_0_5,inner,1,SA,0.01,Proj,No_Kink,265,743688
result_SELECT_100_Heisenberg1D_OBC_1_0_5,inner,1,SA,1,Proj,No_Top,228,41972
result_SELECT_100_Heisenberg1D_OBC_1_0_5,inner,1,SA,0.01,Proj,Yes_Kink,265,730126
result_SELECT_100_Heisenberg1D_OBC_1_0_5,inner,1,SA,1,Double,Yes_Kink,335,302382
result_SELECT_100_Heisenberg1D_OBC_1_0_5,inner,1,SA,1,Single,No_MSF,340,156253
result_SELECT_100_Heisenberg1D_OBC_1_0_5,inner,1,SA,1,Single,No_Top,341,178048
result_SELECT_100_Heisenberg1D_OBC_1_0_5,inner,1,random,0,Double,No_MSF,309,139150
result_SELECT_100_Heisenberg1D_OBC_1_0_5,inner,1,random,0,Double,No_Top,310,161248
result_SELECT_100_Heisenberg1D_OBC_1_0_5,inner,1,SA,1,Single,No_Kink,348,300236
result_SELECT_100_Heisenberg1D_OBC_1_0_5,inner,1,SA,0.1,Proj,Yes_Kink,260,720206
result_SELECT_100_Heisenberg1D_OBC_1_0_5,inner,1,random,0,Proj,No_MSF,228,19572
result_SELECT_100_Heisenberg1D_OBC_1_0_5,inner,1,random,0,Proj,No_Top,228,41972
result_SELECT_100_Heisenberg1D_OBC_1_0_5,inner,1,SA,0.1,Proj,No_Kink,261,736036
result_SELECT_100_Heisenberg1D_OBC_1_0_5,inner,1,random,0,Single,No_MSF,340,156253
result_SELECT_100_Heisenberg1D_OBC_1_0_5,inner,1,random,0,Single,No_Top,341,178048
result_SELECT_100_Heisenberg1D_OBC_1_0_5,inner,1,SA,1,Proj,No_Kink,259,732423
result_SELECT_100_Heisenberg1D_OBC_1_0_5,inner,1,SA,1,Proj,Yes_Kink,262,723844
result_SELECT_100_Heisenberg1D_OBC_1_0_5,inner,2,SA,0.001,Double,No_MSF,309,139150
result_SELECT_100_Heisenberg1D_OBC_1_0_5,inner,2,SA,0.001,Double,No_Top,310,161248
result_SELECT_100_Heisenberg1D_OBC_1_0_5,inner,2,SA,0.001,Double,No_Kink,323,285375
result_SELECT_100_Heisenberg1D_OBC_1_0_5,inner,2,SA,0.001,Proj,No_MSF,228,19572
result_SELECT_100_Heisenberg1D_OBC_1_0_5,inner,1,random,0,Double,No_Kink,455,811508
result_SELECT_100_Heisenberg1D_OBC_1_0_5,inner,1,random,0,Double,Yes_Kink,463,822941
result_SELECT_100_Heisenberg1D_OBC_1_0_5,inner,2,SA,0.001,Proj,No_Top,228,41972
result_SELECT_100_Heisenberg1D_OBC_1_0_5,inner,2,SA,0.001,Double,Yes_Kink,336,291091
result_SELECT_100_Heisenberg1D_OBC_1_0_5,inner,2,SA,0.001,Single,No_MSF,340,156253
result_SELECT_100_Heisenberg1D_OBC_1_0_5,inner,2,SA,0.001,Single,No_Top,341,178048
result_SELECT_100_Heisenberg1D_OBC_1_0_5,inner,2,SA,0.001,Single,No_Kink,344,283338
result_SELECT_100_Heisenberg1D_OBC_1_0_5,inner,1,random,0,Single,No_Kink,747,1005084
result_SELECT_100_Heisenberg1D_OBC_1_0_5,inner,2,SA,0.01,Double,No_MSF,309,139150
result_SELECT_100_Heisenberg1D_OBC_1_0_5,inner,1,random,0,Proj,No_Kink,352,1000271
result_SELECT_100_Heisenberg1D_OBC_1_0_5,inner,2,SA,0.01,Double,No_Top,310,161248
result_SELECT_100_Heisenberg1D_OBC_1_0_5,inner,2,SA,0.001,Single,Yes_Kink,348,300065
result_SELECT_100_Heisenberg1D_OBC_1_0_5,inner,2,SA,0.01,Proj,No_MSF,228,19572
result_SELECT_100_Heisenberg1D_OBC_1_0_5,inner,2,SA,0.01,Proj,No_Top,228,41972
result_SELECT_100_Heisenberg1D_OBC_1_0_5,inner,2,SA,0.01,Double,No_Kink,362,295694
result_SELECT_100_Heisenberg1D_OBC_1_0_5,inner,1,random,0,Proj,Yes_Kink,360,1005981
result_SELECT_100_Heisenberg1D_OBC_1_0_5,inner,2,SA,0.01,Double,Yes_Kink,396,299852
result_SELECT_100_Heisenberg1D_OBC_1_0_5,inner,2,SA,0.01,Single,No_MSF,340,156253
result_SELECT_100_Heisenberg1D_OBC_1_0_5,inner,2,SA,0.01,Single,No_Top,341,178048
result_SELECT_100_Heisenberg1D_OBC_1_0_5,inner,2,SA,0.1,Double,No_MSF,309,139150
result_SELECT_100_Heisenberg1D_OBC_1_0_5,inner,2,SA,0.01,Single,No_Kink,343,287895
result_SELECT_100_Heisenberg1D_OBC_1_0_5,inner,2,SA,0.1,Double,No_Top,310,161248
result_SELECT_100_Heisenberg1D_OBC_1_0_5,inner,2,SA,0.01,Single,Yes_Kink,344,303487
result_SELECT_100_Heisenberg1D_OBC_1_0_5,inner,2,SA,0.1,Double,No_Kink,339,281104
result_SELECT_100_Heisenberg1D_OBC_1_0_5,inner,2,SA,0.001,Proj,No_Kink,249,780934
result_SELECT_100_Heisenberg1D_OBC_1_0_5,inner,2,SA,0.001,Proj,Yes_Kink,252,771102
result_SELECT_100_Heisenberg1D_OBC_1_0_5,inner,2,SA,0.1,Proj,No_MSF,228,19572
result_SELECT_100_Heisenberg1D_OBC_1_0_5,inner,2,SA,0.1,Proj,No_Top,228,41972
result_SELECT_100_Heisenberg1D_OBC_1_0_5,inner,2,SA,0.1,Double,Yes_Kink,361,285975
result_SELECT_100_Heisenberg1D_OBC_1_0_5,inner,2,SA,0.1,Single,No_MSF,340,156253
result_SELECT_100_Heisenberg1D_OBC_1_0_5,inner,2,SA,0.1,Single,No_Top,341,178048
result_SELECT_100_Heisenberg1D_OBC_1_0_5,inner,2,SA,0.1,Single,No_Kink,345,275866
result_SELECT_100_Heisenberg1D_OBC_1_0_5,inner,2,SA,1,Double,No_MSF,309,139150
result_SELECT_100_Heisenberg1D_OBC_1_0_5,inner,2,SA,0.1,Single,Yes_Kink,344,288134
result_SELECT_100_Heisenberg1D_OBC_1_0_5,inner,2,SA,1,Double,No_Kink,327,267999
result_SELECT_100_Heisenberg1D_OBC_1_0_5,inner,2,SA,0.01,Proj,No_Kink,254,766226
result_SELECT_100_Heisenberg1D_OBC_1_0_5,inner,2,SA,1,Double,No_Top,310,161248
result_SELECT_100_Heisenberg1D_OBC_1_0_5,inner,2,SA,1,Proj,No_MSF,228,19572
result_SELECT_100_Heisenberg1D_OBC_1_0_5,inner,2,SA,1,Proj,No_Top,228,41972
result_SELECT_100_Heisenberg1D_OBC_1_0_5,inner,2,SA,0.01,Proj,Yes_Kink,253,765387
result_SELECT_100_Heisenberg1D_OBC_1_0_5,inner,2,SA,1,Double,Yes_Kink,343,272342
result_SELECT_100_Heisenberg1D_OBC_1_0_5,inner,2,SA,1,Single,No_MSF,340,156253
result_SELECT_100_Heisenberg1D_OBC_1_0_5,inner,2,SA,1,Single,No_Top,341,178048
result_SELECT_100_Heisenberg1D_OBC_1_0_5,inner,2,random,0,Double,No_MSF,309,139150
result_SELECT_100_Heisenberg1D_OBC_1_0_5,inner,2,SA,1,Single,No_Kink,342,266890
result_SELECT_100_Heisenberg1D_OBC_1_0_5,inner,2,random,0,Double,No_Top,310,161248
result_SELECT_100_Heisenberg1D_OBC_1_0_5,inner,2,SA,1,Single,Yes_Kink,342,281008
result_SELECT_100_Heisenberg1D_OBC_1_0_5,inner,2,SA,0.1,Proj,No_Kink,248,769079
result_SELECT_100_Heisenberg1D_OBC_1_0_5,inner,2,SA,0.1,Proj,Yes_Kink,252,751785
result_SELECT_100_Heisenberg1D_OBC_1_0_5,inner,2,random,0,Proj,No_MSF,228,19572
result_SELECT_100_Heisenberg1D_OBC_1_0_5,inner,2,random,0,Proj,No_Top,228,41972
result_SELECT_100_Heisenberg1D_OBC_1_0_5,inner,2,random,0,Single,No_MSF,340,156253
result_SELECT_100_Heisenberg1D_OBC_1_0_5,inner,2,random,0,Single,No_Top,341,178048
result_SELECT_100_Heisenberg1D_OBC_1_0_5,inner,2,random,0,Double,No_Kink,377,551800
result_SELECT_100_Heisenberg1D_OBC_1_0_5,inner,2,SA,1,Proj,No_Kink,247,745188
result_SELECT_100_Heisenberg1D_OBC_1_0_5,inner,2,SA,1,Proj,Yes_Kink,248,733956
result_SELECT_100_Heisenberg1D_OBC_1_0_5,outer,1,SA,0.001,Double,No_MSF,309,139150
result_SELECT_100_Heisenberg1D_OBC_1_0_5,inner,2,random,0,Double,Yes_Kink,384,556573
result_SELECT_100_Heisenberg1D_OBC_1_0_5,outer,1,SA,0.001,Double,No_Top,310,161248
result_SELECT_100_Heisenberg1D_OBC_1_0_5,outer,1,SA,0.001,Double,No_Kink,368,342067
result_SELECT_100_Heisenberg1D_OBC_1_0_5,outer,1,SA,0.001,Proj,No_MSF,228,19572
result_SELECT_100_Heisenberg1D_OBC_1_0_5,inner,2,random,0,Single,No_Kink,387,572501
result_SELECT_100_Heisenberg1D_OBC_1_0_5,outer,1,SA,0.001,Proj,No_Top,228,41972
result_SELECT_100_Heisenberg1D_OBC_1_0_5,outer,1,SA,0.001,Single,No_MSF,340,156253
result_SELECT_100_Heisenberg1D_OBC_1_0_5,outer,1,SA,0.001,Double,Yes_Kink,401,348826
result_SELECT_100_Heisenberg1D_OBC_1_0_5,inner,2,random,0,Single,Yes_Kink,390,579046
result_SELECT_100_Heisenberg1D_OBC_1_0_5,outer,1,SA,0.001,Single,No_Top,341,178048
result_SELECT_100_Heisenberg1D_OBC_1_0_5,inner,2,random,0,Proj,No_Kink,284,879248
result_SELECT_100_Heisenberg1D_OBC_1_0_5,outer,1,SA,0.001,Single,No_Kink,355,342998
result_SELECT_100_Heisenberg1D_OBC_1_0_5,outer,1,SA,0.01,Double,No_MSF,309,139150
result_SELECT_100_Heisenberg1D_OBC_1_0_5,outer,1,SA,0.01,Double,No_Top,310,161248
result_SELECT_100_Heisenberg1D_OBC_1_0_5,inner,2,random,0,Proj,Yes_Kink,288,881602
result_SELECT_100_Heisenberg1D_OBC_1_0_5,outer,1,SA,0.01,Proj,No_MSF,228,19572
result_SELECT_100_Heisenberg1D_OBC_1_0_5,outer,1,SA,0.01,Proj,No_Top,228,41972
result_SELECT_100_Heisenberg1D_OBC_1_0_5,outer,1,SA,0.01,Single,No_MSF,340,156253
result_SELECT_100_Heisenberg1D_OBC_1_0_5,outer,1,SA,0.01,Double,No_Kink,324,337892
result_SELECT_100_Heisenberg1D_OBC_1_0_5,outer,1,SA,0.01,Double,Yes_Kink,338,344098
result_SELECT_100_Heisenberg1D_OBC_1_0_5,outer,1,SA,0.01,Single,No_Top,341,178048
result_SELECT_100_Heisenberg1D_OBC_1_0_5,outer,1,SA,0.1,Double,No_MSF,309,139150
result_SELECT_100_Heisenberg1D_OBC_1_0_5,outer,1,SA,0.01,Single,No_Kink,351,346329
result_SELECT_100_Heisenberg1D_OBC_1_0_5,outer,1,SA,0.1,Double,No_Top,310,161248
result_SELECT_100_Heisenberg1D_OBC_1_0_5,outer,1,SA,0.001,Proj,No_Kink,259,750265
result_SELECT_100_Heisenberg1D_OBC_1_0_5,outer,1,SA,0.1,Proj,No_Top,228,41972
result_SELECT_100_Heisenberg1D_OBC_1_0_5,outer,1,SA,0.1,Proj,No_MSF,228,19572
result_SELECT_100_Heisenberg1D_OBC_1_0_5,outer,1,SA,0.001,Proj,Yes_Kink,264,744107
result_SELECT_100_Heisenberg1D_OBC_1_0_5,outer,1,SA,0.1,Double,No_Kink,368,334968
result_SELECT_100_Heisenberg1D_OBC_1_0_5,outer,1,SA,0.1,Single,No_MSF,340,156253
result_SELECT_100_Heisenberg1D_OBC_1_0_5,outer,1,SA,0.1,Single,No_Top,341,178048
result_SELECT_100_Heisenberg1D_OBC_1_0_5,outer,1,SA,0.1,Double,Yes_Kink,400,341874
result_SELECT_100_Heisenberg1D_OBC_1_0_5,outer,1,SA,1,Double,No_MSF,309,139150
result_SELECT_100_Heisenberg1D_OBC_1_0_5,outer,1,SA,1,Double,No_Top,310,161248
result_SELECT_100_Heisenberg1D_OBC_1_0_5,outer,1,SA,0.1,Single,No_Kink,357,337765
result_SELECT_100_Heisenberg1D_OBC_1_0_5,outer,1,SA,0.01,Proj,Yes_Kink,273,753778
result_SELECT_100_Heisenberg1D_OBC_1_0_5,outer,1,SA,0.01,Proj,No_Kink,268,760960
result_SELECT_100_Heisenberg1D_OBC_1_0_5,outer,1,SA,1,Double,No_Kink,354,315709
result_SELECT_100_Heisenberg1D_OBC_1_0_5,outer,1,SA,1,Proj,No_MSF,228,19572
result_SELECT_100_Heisenberg1D_OBC_1_0_5,outer,1,SA,1,Proj,No_Top,228,41972
result_SELECT_100_Heisenberg1D_OBC_1_0_5,outer,1,SA,1,Single,No_MSF,340,156253
result_SELECT_100_Heisenberg1D_OBC_1_0_5,outer,1,SA,1,Single,No_Top,341,178048
result_SELECT_100_Heisenberg1D_OBC_1_0_5,outer,1,SA,1,Double,Yes_Kink,365,320390
result_SELECT_100_Heisenberg1D_OBC_1_0_5,outer,1,random,0,Double,No_MSF,309,139150
result_SELECT_100_Heisenberg1D_OBC_1_0_5,outer,1,random,0,Double,No_Top,310,161248
result_SELECT_100_Heisenberg1D_OBC_1_0_5,outer,1,SA,1,Single,No_Kink,354,321037
result_SELECT_100_Heisenberg1D_OBC_1_0_5,outer,1,random,0,Proj,No_MSF,228,19572
result_SELECT_100_Heisenberg1D_OBC_1_0_5,outer,1,SA,0.1,Proj,No_Kink,261,756119
result_SELECT_100_Heisenberg1D_OBC_1_0_5,outer,1,SA,0.1,Proj,Yes_Kink,267,752284
result_SELECT_100_Heisenberg1D_OBC_1_0_5,outer,1,random,0,Proj,No_Top,228,41972
result_SELECT_100_Heisenberg1D_OBC_1_0_5,outer,1,random,0,Single,No_MSF,340,156253
result_SELECT_100_Heisenberg1D_OBC_1_0_5,outer,1,random,0,Single,No_Top,341,178048
result_SELECT_100_Heisenberg1D_OBC_1_0_5,outer,1,SA,1,Proj,No_Kink,263,764402
result_SELECT_100_Heisenberg1D_OBC_1_0_5,outer,1,SA,1,Proj,Yes_Kink,270,761722
result_SELECT_100_Heisenberg1D_OBC_1_0_5,outer,2,SA,0.001,Double,No_MSF,309,139150
result_SELECT_100_Heisenberg1D_OBC_1_0_5,outer,2,SA,0.001,Double,No_Kink,366,324196
result_SELECT_100_Heisenberg1D_OBC_1_0_5,outer,2,SA,0.001,Double,No_Top,310,161248
result_SELECT_100_Heisenberg1D_OBC_1_0_5,outer,2,SA,0.001,Proj,No_MSF,228,19572
result_SELECT_100_Heisenberg1D_OBC_1_0_5,outer,1,random,0,Double,No_Kink,492,883489
result_SELECT_100_Heisenberg1D_OBC_1_0_5,outer,1,random,0,Double,Yes_Kink,502,889577
result_SELECT_100_Heisenberg1D_OBC_1_0_5,outer,2,SA,0.001,Proj,No_Top,228,41972
result_SELECT_100_Heisenberg1D_OBC_1_0_5,outer,2,SA,0.001,Double,Yes_Kink,383,329544
result_SELECT_100_Heisenberg1D_OBC_1_0_5,outer,2,SA,0.001,Single,No_MSF,340,156253
result_SELECT_100_Heisenberg1D_OBC_1_0_5,outer,2,SA,0.001,Single,No_Top,341,178048
result_SELECT_100_Heisenberg1D_OBC_1_0_5,outer,1,random,0,Single,No_Kink,812,1083383
result_SELECT_100_Heisenberg1D_OBC_1_0_5,outer,2,SA,0.001,Single,No_Kink,344,323917
result_SELECT_100_Heisenberg1D_OBC_1_0_5,outer,2,SA,0.01,Double,No_MSF,309,139150
result_SELECT_100_Heisenberg1D_OBC_1_0_5,outer,1,random,0,Proj,No_Kink,363,1034706
result_SELECT_100_Heisenberg1D_OBC_1_0_5,outer,2,SA,0.01,Double,No_Top,310,161248
result_SELECT_100_Heisenberg1D_OBC_1_0_5,outer,2,SA,0.01,Proj,No_MSF,228,19572
result_SELECT_100_Heisenberg1D_OBC_1_0_5,outer,1,random,0,Proj,Yes_Kink,370,1040325
result_SELECT_100_Heisenberg1D_OBC_1_0_5,outer,2,SA,0.001,Single,Yes_Kink,345,339218
result_SELECT_100_Heisenberg1D_OBC_1_0_5,outer,2,SA,0.01,Double,No_Kink,347,326329
result_SELECT_100_Heisenberg1D_OBC_1_0_5,outer,2,SA,0.01,Proj,No_Top,228,41972
result_SELECT_100_Heisenberg1D_OBC_1_0_5,outer,2,SA,0.01,Single,No_MSF,340,156253
result_SELECT_100_Heisenberg1D_OBC_1_0_5,outer,2,SA,0.01,Single,No_Top,341,178048
result_SELECT_100_Heisenberg1D_OBC_1_0_5,outer,2,SA,0.01,Double,Yes_Kink,349,327770
result_SELECT_100_Heisenberg1D_OBC_1_0_5,outer,2,SA,0.1,Double,No_MSF,309,139150
result_SELECT_100_Heisenberg1D_OBC_1_0_5,outer,2,SA,0.001,Proj,No_Kink,252,800385
result_SELECT_100_Heisenberg1D_OBC_1_0_5,outer,2,SA,0.01,Single,No_Kink,345,327043
result_SELECT_100_Heisenberg1D_OBC_1_0_5,outer,2,SA,0.1,Double,No_Top,310,161248
result_SELECT_100_Heisenberg1D_OBC_1_0_5,outer,2,SA,0.1,Proj,No_MSF,228,19572
result_SELECT_100_Heisenberg1D_OBC_1_0_5,outer,2,SA,0.1,Double,No_Kink,334,317942
result_SELECT_100_Heisenberg1D_OBC_1_0_5,outer,2,SA,0.001,Proj,Yes_Kink,255,788523
result_SELECT_100_Heisenberg1D_OBC_1_0_5,outer,2,SA,0.01,Single,Yes_Kink,345,342736
result_SELECT_100_Heisenberg1D_OBC_1_0_5,outer,2,SA,0.1,Proj,No_Top,228,41972
result_SELECT_100_Heisenberg1D_OBC_1_0_5,outer,2,SA,0.1,Single,No_MSF,340,156253
result_SELECT_100_Heisenberg1D_OBC_1_0_5,outer,2,SA,0.1,Single,No_Top,341,178048
result_SELECT_100_Heisenberg1D_OBC_1_0_5,outer,2,SA,0.1,Double,Yes_Kink,345,322350
result_SELECT_100_Heisenberg1D_OBC_1_0_5,outer,2,SA,0.1,Single,No_Kink,345,317718
result_SELECT_100_Heisenberg1D_OBC_1_0_5,outer,2,SA,1,Double,No_MSF,309,139150
result_SELECT_100_Heisenberg1D_OBC_1_0_5,outer,2,SA,1,Double,No_Top,310,161248
result_SELECT_100_Heisenberg1D_OBC_1_0_5,outer,2,SA,0.1,Single,Yes_Kink,347,332077
result_SELECT_100_Heisenberg1D_OBC_1_0_5,outer,2,SA,0.01,Proj,No_Kink,251,811513
result_SELECT_100_Heisenberg1D_OBC_1_0_5,outer,2,SA,1,Double,No_Kink,344,290092
result_SELECT_100_Heisenberg1D_OBC_1_0_5,outer,2,SA,1,Proj,No_MSF,228,19572
result_SELECT_100_Heisenberg1D_OBC_1_0_5,outer,2,SA,0.01,Proj,Yes_Kink,254,799336
result_SELECT_100_Heisenberg1D_OBC_1_0_5,outer,2,SA,1,Proj,No_Top,228,41972
result_SELECT_100_Heisenberg1D_OBC_1_0_5,outer,2,SA,1,Single,No_MSF,340,156253
result_SELECT_100_Heisenberg1D_OBC_1_0_5,outer,2,SA,1,Double,Yes_Kink,356,293468
result_SELECT_100_Heisenberg1D_OBC_1_0_5,outer,2,SA,1,Single,No_Top,341,178048
result_SELECT_100_Heisenberg1D_OBC_1_0_5,outer,2,SA,1,Single,No_Kink,347,288586
result_SELECT_100_Heisenberg1D_OBC_1_0_5,outer,2,random,0,Double,No_MSF,309,139150
result_SELECT_100_Heisenberg1D_OBC_1_0_5,outer,2,random,0,Double,No_Top,310,161248
result_SELECT_100_Heisenberg1D_OBC_1_0_5,outer,2,SA,1,Single,Yes_Kink,348,302467
result_SELECT_100_Heisenberg1D_OBC_1_0_5,outer,2,SA,0.1,Proj,Yes_Kink,257,805632
result_SELECT_100_Heisenberg1D_OBC_1_0_5,outer,2,SA,0.1,Proj,No_Kink,258,816715
result_SELECT_100_Heisenberg1D_OBC_1_0_5,outer,2,random,0,Proj,No_MSF,228,19572
result_SELECT_100_Heisenberg1D_OBC_1_0_5,outer,2,random,0,Proj,No_Top,228,41972
result_SELECT_100_Heisenberg1D_OBC_1_0_5,outer,2,random,0,Single,No_MSF,340,156253
result_SELECT_100_Heisenberg1D_OBC_1_0_5,outer,2,random,0,Single,No_Top,341,178048
result_SELECT_100_Heisenberg1D_OBC_1_0_5,outer,2,random,0,Double,No_Kink,388,579262
result_SELECT_100_Heisenberg1D_OBC_1_0_5,outer,2,SA,1,Proj,No_Kink,259,823447
result_SELECT_100_Heisenberg1D_OBC_1_0_5,outer,2,random,0,Double,Yes_Kink,395,584736
result_SELECT_100_Heisenberg1D_OBC_1_0_5,outer,2,SA,1,Proj,Yes_Kink,263,817285
result_SELECT_100_Heisenberg1D_OBC_1_0_6,inner,1,SA,0.001,Double,No_MSF,185,135270
result_SELECT_100_Heisenberg1D_OBC_1_0_6,inner,1,SA,0.001,Double,No_Top,185,160379
result_SELECT_100_Heisenberg1D_OBC_1_0_6,inner,1,SA,0.001,Proj,No_MSF,117,22324
result_SELECT_100_Heisenberg1D_OBC_1_0_5,outer,2,random,0,Single,No_Kink,383,610415
result_SELECT_100_Heisenberg1D_OBC_1_0_6,inner,1,SA,0.001,Proj,No_Top,123,47796
result_SELECT_100_Heisenberg1D_OBC_1_0_5,outer,2,random,0,Single,Yes_Kink,389,626310
result_SELECT_100_Heisenberg1D_OBC_1_0_6,inner,1,SA,0.001,Double,No_Kink,229,425012
result_SELECT_100_Heisenberg1D_OBC_1_0_6,inner,1,SA,0.001,Single,No_MSF,206,156552
result_SELECT_100_Heisenberg1D_OBC_1_0_6,inner,1,SA,0.001,Single,No_Top,211,184110
result_SELECT_100_Heisenberg1D_OBC_1_0_5,outer,2,random,0,Proj,No_Kink,288,927020
result_SELECT_100_Heisenberg1D_OBC_1_0_6,inner,1,SA,0.001,Double,Yes_Kink,239,454446
result_SELECT_100_Heisenberg1D_OBC_1_0_6,inner,1,SA,0.01,Double,No_MSF,185,135270
result_SELECT_100_Heisenberg1D_OBC_1_0_5,outer,2,random,0,Proj,Yes_Kink,294,928188
result_SELECT_100_Heisenberg1D_OBC_1_0_6,inner,1,SA,0.01,Double,No_Top,185,160379
result_SELECT_100_Heisenberg1D_OBC_1_0_6,inner,1,SA,0.01,Proj,No_MSF,117,22324
result_SELECT_100_Heisenberg1D_OBC_1_0_6,inner,1,SA,0.01,Proj,No_Top,123,47796
result_SELECT_100_Heisenberg1D_OBC_1_0_6,inner,1,SA,0.001,Single,No_Kink,229,454639
result_SELECT_100_Heisenberg1D_OBC_1_0_6,inner,1,SA,0.01,Single,No_MSF,206,156552
result_SELECT_100_Heisenberg1D_OBC_1_0_6,inner,1,SA,0.01,Double,No_Kink,213,423057
result_SELECT_100_Heisenberg1D_OBC_1_0_6,inner,1,SA,0.01,Single,No_Top,211,184110
result_SELECT_100_Heisenberg1D_OBC_1_0_6,inner,1,SA,0.001,Proj,No_Kink,175,813340
result_SELECT_100_Heisenberg1D_OBC_1_0_6,inner,1,SA,0.01,Double,Yes_Kink,214,459508
result_SELECT_100_Heisenberg1D_OBC_1_0_6,inner,1,SA,0.1,Double,No_MSF,185,135270
result_SELECT_100_Heisenberg1D_OBC_1_0_6,inner,1,SA,0.1,Double,No_Top,185,160379
result_SELECT_100_Heisenberg1D_OBC_1_0_6,inner,1,SA,0.1,Proj,No_MSF,117,22324
result_SELECT_100_Heisenberg1D_OBC_1_0_6,inner,1,SA,0.001,Proj,Yes_Kink,181,814907
result_SELECT_100_Heisenberg1D_OBC_1_0_6,inner,1,SA,0.01,Single,No_Kink,228,442863
result_SELECT_100_Heisenberg1D_OBC_1_0_6,inner,1,SA,0.1,Proj,No_Top,123,47796
result_SELECT_100_Heisenberg1D_OBC_1_0_6,inner,1,SA,0.1,Double,No_Kink,235,415281
result_SELECT_100_Heisenberg1D_OBC_1_0_6,inner,1,SA,0.1,Single,No_MSF,206,156552
result_SELECT_100_Heisenberg1D_OBC_1_0_6,inner,1,SA,0.1,Single,No_Top,211,184110
result_SELECT_100_Heisenberg1D_OBC_1_0_6,inner,1,SA,0.1,Double,Yes_Kink,269,445135
result_SELECT_100_Heisenberg1D_OBC_1_0_6,inner,1,SA,1,Double,No_MSF,185,135270
result_SELECT_100_Heisenberg1D_OBC_1_0_6,inner,1,SA,0.01,Proj,No_Kink,170,800281
result_SELECT_100_Heisenberg1D_OBC_1_0_6,inner,1,SA,1,Double,No_Top,185,160379
result_SELECT_100_Heisenberg1D_OBC_1_0_6,inner,1,SA,0.01,Proj,Yes_Kink,179,804234
result_SELECT_100_Heisenberg1D_OBC_1_0_6,inner,1,SA,0.1,Single,No_Kink,230,441308
result_SELECT_100_Heisenberg1D_OBC_1_0_6,inner,1,SA,1,Proj,No_MSF,117,22324
result_SELECT_100_Heisenberg1D_OBC_1_0_6,inner,1,SA,1,Double,No_Kink,242,385446
result_SELECT_100_Heisenberg1D_OBC_1_0_6,inner,1,SA,1,Proj,No_Top,123,47796
result_SELECT_100_Heisenberg1D_OBC_1_0_6,inner,1,SA,1,Single,No_MSF,206,156552
result_SELECT_100_Heisenberg1D_OBC_1_0_6,inner,1,SA,1,Single,No_Top,211,184110
result_SELECT_100_Heisenberg1D_OBC_1_0_6,inner,1,SA,0.1,Proj,No_Kink,176,813745
result_SELECT_100_Heisenberg1D_OBC_1_0_6,inner,1,random,0,Double,No_MSF,185,135270
result_SELECT_100_Heisenberg1D_OBC_1_0_6,inner,1,SA,1,Double,Yes_Kink,265,411292
result_SELECT_100_Heisenberg1D_OBC_1_0_6,inner,1,random,0,Double,No_Top,185,160379
result_SELECT_100_Heisenberg1D_OBC_1_0_6,inner,1,SA,1,Single,No_Kink,226,401153
result_SELECT_100_Heisenberg1D_OBC_1_0_6,inner,1,random,0,Proj,No_MSF,117,22324
result_SELECT_100_Heisenberg1D_OBC_1_0_6,inner,1,SA,0.1,Proj,Yes_Kink,181,824184
result_SELECT_100_Heisenberg1D_OBC_1_0_6,inner,1,random,0,Proj,No_Top,123,47796
result_SELECT_100_Heisenberg1D_OBC_1_0_6,inner,1,random,0,Single,No_MSF,206,156552
result_SELECT_100_Heisenberg1D_OBC_1_0_6,inner,1,random,0,Single,No_Top,211,184110
result_SELECT_100_Heisenberg1D_OBC_1_0_6,inner,1,SA,1,Proj,Yes_Kink,172,781914
result_SELECT_100_Heisenberg1D_OBC_1_0_6,inner,1,SA,1,Proj,No_Kink,167,778585
result_SELECT_100_Heisenberg1D_OBC_1_0_6,inner,2,SA,0.001,Double,No_MSF,185,135270
result_SELECT_100_Heisenberg1D_OBC_1_0_6,inner,2,SA,0.001,Double,No_Top,185,160379
result_SELECT_100_Heisenberg1D_OBC_1_0_6,inner,2,SA,0.001,Double,No_Kink,233,376233
result_SELECT_100_Heisenberg1D_OBC_1_0_6,inner,2,SA,0.001,Proj,No_MSF,117,22324
result_SELECT_100_Heisenberg1D_OBC_1_0_6,inner,2,SA,0.001,Proj,No_Top,123,47796
result_SELECT_100_Heisenberg1D_OBC_1_0_6,inner,1,random,0,Double,No_Kink,400,1207660
result_SELECT_100_Heisenberg1D_OBC_1_0_6,inner,2,SA,0.001,Double,Yes_Kink,245,387616
result_SELECT_100_Heisenberg1D_OBC_1_0_6,inner,2,SA,0.001,Single,No_MSF,206,156552
result_SELECT_100_Heisenberg1D_OBC_1_0_6,inner,2,SA,0.001,Single,No_Top,211,184110
result_SELECT_100_Heisenberg1D_OBC_1_0_6,inner,1,random,0,Double,Yes_Kink,404,1218308
result_SELECT_100_Heisenberg1D_OBC_1_0_6,inner,1,random,0,Single,No_Kink,665,1481459
result_SELECT_100_Heisenberg1D_OBC_1_0_6,inner,2,SA,0.001,Single,No_Kink,215,379758
result_SELECT_100_Heisenberg1D_OBC_1_0_6,inner,2,SA,0.01,Double,No_MSF,185,135270
result_SELECT_100_Heisenberg1D_OBC_1_0_6,inner,2,SA,0.01,Double,No_Top,185,160379
result_SELECT_100_Heisenberg1D_OBC_1_0_6,inner,1,random,0,Proj,No_Kink,286,1363950
result_SELECT_100_Heisenberg1D_OBC_1_0_6,inner,1,random,0,Proj,Yes_Kink,292,1371719
result_SELECT_100_Heisenberg1D_OBC_1_0_6,inner,2,SA,0.001,Single,Yes_Kink,217,397607
result_SELECT_100_Heisenberg1D_OBC_1_0_6,inner,2,SA,0.001,Proj,No_Kink,160,773344
result_SELECT_100_Heisenberg1D_OBC_1_0_6,inner,2,SA,0.01,Proj,No_MSF,117,22324
result_SELECT_100_Heisenberg1D_OBC_1_0_6,inner,2,SA,0.01,Double,No_Kink,214,355336
result_SELECT_100_Heisenberg1D_OBC_1_0_6,inner,2,SA,0.01,Proj,No_Top,123,47796
result_SELECT_100_Heisenberg1D_OBC_1_0_6,inner,2,SA,0.01,Single,No_MSF,206,156552
result_SELECT_100_Heisenberg1D_OBC_1_0_6,inner,2,SA,0.01,Double,Yes_Kink,226,369584
result_SELECT_100_Heisenberg1D_OBC_1_0_6,inner,2,SA,0.01,Single,No_Top,211,184110
result_SELECT_100_Heisenberg1D_OBC_1_0_6,inner,2,SA,0.1,Double,No_MSF,185,135270
result_SELECT_100_Heisenberg1D_OBC_1_0_6,inner,2,SA,0.1,Double,No_Top,185,160379
result_SELECT_100_Heisenberg1D_OBC_1_0_6,inner,2,SA,0.001,Proj,Yes_Kink,161,771036
result_SELECT_100_Heisenberg1D_OBC_1_0_6,inner,2,SA,0.1,Proj,No_MSF,117,22324
result_SELECT_100_Heisenberg1D_OBC_1_0_6,inner,2,SA,0.01,Single,Yes_Kink,215,373910
result_SELECT_100_Heisenberg1D_OBC_1_0_6,inner,2,SA,0.01,Single,No_Kink,216,361086
result_SELECT_100_Heisenberg1D_OBC_1_0_6,inner,2,SA,0.1,Double,No_Kink,200,353611
result_SELECT_100_Heisenberg1D_OBC_1_0_6,inner,2,SA,0.1,Proj,No_Top,123,47796
result_SELECT_100_Heisenberg1D_OBC_1_0_6,inner,2,SA,0.1,Double,Yes_Kink,205,366171
result_SELECT_100_Heisenberg1D_OBC_1_0_6,inner,2,SA,0.1,Single,No_MSF,206,156552
result_SELECT_100_Heisenberg1D_OBC_1_0_6,inner,2,SA,0.1,Single,No_Top,211,184110
result_SELECT_100_Heisenberg1D_OBC_1_0_6,inner,2,SA,1,Double,No_MSF,185,135270
result_SELECT_100_Heisenberg1D_OBC_1_0_6,inner,2,SA,0.01,Proj,No_Kink,155,751359
result_SELECT_100_Heisenberg1D_OBC_1_0_6,inner,2,SA,0.1,Single,No_Kink,213,359601
result_SELECT_100_Heisenberg1D_OBC_1_0_6,inner,2,SA,1,Double,No_Top,185,160379
result_SELECT_100_Heisenberg1D_OBC_1_0_6,inner,2,SA,0.01,Proj,Yes_Kink,156,743622
result_SELECT_100_Heisenberg1D_OBC_1_0_6,inner,2,SA,0.1,Single,Yes_Kink,214,373931
result_SELECT_100_Heisenberg1D_OBC_1_0_6,inner,2,SA,1,Double,No_Kink,227,348049
result_SELECT_100_Heisenberg1D_OBC_1_0_6,inner,2,SA,1,Proj,No_MSF,117,22324
result_SELECT_100_Heisenberg1D_OBC_1_0_6,inner,2,SA,1,Proj,No_Top,123,47796
result_SELECT_100_Heisenberg1D_OBC_1_0_6,inner,2,SA,1,Single,No_MSF,206,156552
result_SELECT_100_Heisenberg1D_OBC_1_0_6,inner,2,SA,1,Single,No_Top,211,184110
result_SELECT_100_Heisenberg1D_OBC_1_0_6,inner,2,SA,0.1,Proj,No_Kink,153,747921
result_SELECT_100_Heisenberg1D_OBC_1_0_6,inner,2,SA,1,Double,Yes_Kink,233,363097
result_SELECT_100_Heisenberg1D_OBC_1_0_6,inner,2,random,0,Double,No_MSF,185,135270
result_SELECT_100_Heisenberg1D_OBC_1_0_6,inner,2,SA,0.1,Proj,Yes_Kink,154,742877
result_SELECT_100_Heisenberg1D_OBC_1_0_6,inner,2,random,0,Double,No_Top,185,160379
result_SELECT_100_Heisenberg1D_OBC_1_0_6,inner,2,SA,1,Single,No_Kink,216,353598
result_SELECT_100_Heisenberg1D_OBC_1_0_6,inner,2,random,0,Proj,No_MSF,117,22324
result_SELECT_100_Heisenberg1D_OBC_1_0_6,inner,2,SA,1,Single,Yes_Kink,217,369651
result_SELECT_100_Heisenberg1D_OBC_1_0_6,inner,2,random,0,Proj,No_Top,123,47796
result_SELECT_100_Heisenberg1D_OBC_1_0_6,inner,2,random,0,Single,No_MSF,206,156552
result_SELECT_100_Heisenberg1D_OBC_1_0_6,inner,2,SA,1,Proj,No_Kink,153,751314
result_SELECT_100_Heisenberg1D_OBC_1_0_6,inner,2,random,0,Single,No_Top,211,184110
result_SELECT_100_Heisenberg1D_OBC_1_0_6,inner,2,SA,1,Proj,Yes_Kink,157,746793
result_SELECT_100_Heisenberg1D_OBC_1_0_6,outer,1,SA,0.001,Double,No_MSF,185,135270
result_SELECT_100_Heisenberg1D_OBC_1_0_6,outer,1,SA,0.001,Double,No_Top,185,160379
result_SELECT_100_Heisenberg1D_OBC_1_0_6,inner,2,random,0,Double,No_Kink,265,790539
result_SELECT_100_Heisenberg1D_OBC_1_0_6,inner,2,random,0,Double,Yes_Kink,275,801832
result_SELECT_100_Heisenberg1D_OBC_1_0_6,outer,1,SA,0.001,Proj,No_MSF,117,22324
result_SELECT_100_Heisenberg1D_OBC_1_0_6,inner,2,random,0,Single,No_Kink,308,834980
result_SELECT_100_Heisenberg1D_OBC_1_0_6,outer,1,SA,0.001,Double,No_Kink,227,482590
result_SELECT_100_Heisenberg1D_OBC_1_0_6,outer,1,SA,0.001,Proj,No_Top,123,47796
result_SELECT_100_Heisenberg1D_OBC_1_0_6,outer,1,SA,0.001,Single,No_MSF,206,156552
result_SELECT_100_Heisenberg1D_OBC_1_0_6,outer,1,SA,0.001,Double,Yes_Kink,240,511760
result_SELECT_100_Heisenberg1D_OBC_1_0_6,inner,2,random,0,Proj,No_Kink,209,1053534
result_SELECT_100_Heisenberg1D_OBC_1_0_6,inner,2,random,0,Single,Yes_Kink,317,852218
result_SELECT_100_Heisenberg1D_OBC_1_0_6,outer,1,SA,0.001,Single,No_Top,211,184110
result_SELECT_100_Heisenberg1D_OBC_1_0_6,inner,2,random,0,Proj,Yes_Kink,214,1061362
result_SELECT_100_Heisenberg1D_OBC_1_0_6,outer,1,SA,0.01,Double,No_MSF,185,135270
result_SELECT_100_Heisenberg1D_OBC_1_0_6,outer,1,SA,0.01,Double,No_Top,185,160379
result_SELECT_100_Heisenberg1D_OBC_1_0_6,outer,1,SA,0.01,Proj,No_MSF,117,22324
result_SELECT_100_Heisenberg1D_OBC_1_0_6,outer,1,SA,0.01,Proj,No_Top,123,47796
result_SELECT_100_Heisenberg1D_OBC_1_0_6,outer,1,SA,0.001,Single,No_Kink,249,522616
result_SELECT_100_Heisenberg1D_OBC_1_0_6,outer,1,SA,0.01,Single,No_MSF,206,156552
result_SELECT_100_Heisenberg1D_OBC_1_0_6,outer,1,SA,0.01,Double,No_Kink,232,456357
result_SELECT_100_Heisenberg1D_OBC_1_0_6,outer,1,SA,0.01,Single,No_Top,211,184110
result_SELECT_100_Heisenberg1D_OBC_1_0_6,outer,1,SA,0.001,Proj,No_Kink,173,824424
result_SELECT_100_Heisenberg1D_OBC_1_0_6,outer,1,SA,0.01,Double,Yes_Kink,249,485439
result_SELECT_100_Heisenberg1D_OBC_1_0_6,outer,1,SA,0.1,Double,No_MSF,185,135270
result_SELECT_100_Heisenberg1D_OBC_1_0_6,outer,1,SA,0.1,Double,No_Top,185,160379
result_SELECT_100_Heisenberg1D_OBC_1_0_6,outer,1,SA,0.01,Single,No_Kink,237,483902
result_SELECT_100_Heisenberg1D_OBC_1_0_6,outer,1,SA,0.001,Proj,Yes_Kink,180,831731
result_SELECT_100_Heisenberg1D_OBC_1_0_6,outer,1,SA,0.1,Proj,No_MSF,117,22324
result_SELECT_100_Heisenberg1D_OBC_1_0_6,outer,1,SA,0.1,Proj,No_Top,123,47796
result_SELECT_100_Heisenberg1D_OBC_1_0_6,outer,1,SA,0.1,Single,No_MSF,206,156552
result_SELECT_100_Heisenberg1D_OBC_1_0_6,outer,1,SA,0.1,Double,No_Kink,225,469763
result_SELECT_100_Heisenberg1D_OBC_1_0_6,outer,1,SA,0.01,Proj,No_Kink,169,807538
result_SELECT_100_Heisenberg1D_OBC_1_0_6,outer,1,SA,0.1,Single,No_Top,211,184110
result_SELECT_100_Heisenberg1D_OBC_1_0_6,outer,1,SA,1,Double,No_MSF,185,135270
result_SELECT_100_Heisenberg1D_OBC_1_0_6,outer,1,SA,0.1,Double,Yes_Kink,243,497773
result_SELECT_100_Heisenberg1D_OBC_1_0_6,outer,1,SA,1,Double,No_Top,185,160379
result_SELECT_100_Heisenberg1D_OBC_1_0_6,outer,1,SA,0.01,Proj,Yes_Kink,175,812455
result_SELECT_100_Heisenberg1D_OBC_1_0_6,outer,1,SA,1,Proj,No_MSF,117,22324
result_SELECT_100_Heisenberg1D_OBC_1_0_6,outer,1,SA,1,Proj,No_Top,123,47796
result_SELECT_100_Heisenberg1D_OBC_1_0_6,outer,1,SA,0.1,Single,No_Kink,247,508433
result_SELECT_100_Heisenberg1D_OBC_1_0_6,outer,1,SA,1,Double,No_Kink,227,433306
result_SELECT_100_Heisenberg1D_OBC_1_0_6,outer,1,SA,1,Single,No_MSF,206,156552
result_SELECT_100_Heisenberg1D_OBC_1_0_6,outer,1,SA,1,Single,No_Top,211,184110
result_SELECT_100_Heisenberg1D_OBC_1_0_6,outer,1,random,0,Double,No_MSF,185,135270
result_SELECT_100_Heisenberg1D_OBC_1_0_6,outer,1,SA,1,Double,Yes_Kink,246,462277
result_SELECT_100_Heisenberg1D_OBC_1_0_6,outer,1,SA,0.1,Proj,No_Kink,177,835631
result_SELECT_100_Heisenberg1D_OBC_1_0_6,outer,1,random,0,Double,No_Top,185,160379
result_SELECT_100_Heisenberg1D_OBC_1_0_6,outer,1,SA,0.1,Proj,Yes_Kink,182,840217
result_SELECT_100_Heisenberg1D_OBC_1_0_6,outer,1,random,0,Proj,No_MSF,117,22324
result_SELECT_100_Heisenberg1D_OBC_1_0_6,outer,1,SA,1,Single,No_Kink,240,459584
result_SELECT_100_Heisenberg1D_OBC_1_0_6,outer,1,random,0,Proj,No_Top,123,47796
result_SELECT_100_Heisenberg1D_OBC_1_0_6,outer,1,random,0,Single,No_MSF,206,156552
result_SELECT_100_Heisenberg1D_OBC_1_0_6,outer,1,random,0,Single,No_Top,211,184110
result_SELECT_100_Heisenberg1D_OBC_1_0_6,outer,1,SA,1,Proj,No_Kink,177,844150
result_SELECT_100_Heisenberg1D_OBC_1_0_6,outer,2,SA,0.001,Double,No_MSF,185,135270
result_SELECT_100_Heisenberg1D_OBC_1_0_6,outer,1,SA,1,Proj,Yes_Kink,184,854795
result_SELECT_100_Heisenberg1D_OBC_1_0_6,outer,2,SA,0.001,Double,No_Top,185,160379
result_SELECT_100_Heisenberg1D_OBC_1_0_6,outer,2,SA,0.001,Double,No_Kink,217,440002
result_SELECT_100_Heisenberg1D_OBC_1_0_6,outer,2,SA,0.001,Proj,No_MSF,117,22324
result_SELECT_100_Heisenberg1D_OBC_1_0_6,outer,2,SA,0.001,Double,Yes_Kink,234,455336
result_SELECT_100_Heisenberg1D_OBC_1_0_6,outer,2,SA,0.001,Proj,No_Top,123,47796
result_SELECT_100_Heisenberg1D_OBC_1_0_6,outer,1,random,0,Double,No_Kink,436,1315894
result_SELECT_100_Heisenberg1D_OBC_1_0_6,outer,1,random,0,Double,Yes_Kink,438,1323109
result_SELECT_100_Heisenberg1D_OBC_1_0_6,outer,2,SA,0.001,Single,No_MSF,206,156552
result_SELECT_100_Heisenberg1D_OBC_1_0_6,outer,2,SA,0.001,Single,No_Top,211,184110
result_SELECT_100_Heisenberg1D_OBC_1_0_6,outer,1,random,0,Single,No_Kink,755,1646636
result_SELECT_100_Heisenberg1D_OBC_1_0_6,outer,2,SA,0.001,Proj,No_Kink,162,807364
result_SELECT_100_Heisenberg1D_OBC_1_0_6,outer,2,SA,0.01,Double,No_MSF,185,135270
result_SELECT_100_Heisenberg1D_OBC_1_0_6,outer,2,SA,0.001,Single,No_Kink,218,443021
result_SELECT_100_Heisenberg1D_OBC_1_0_6,outer,1,random,0,Proj,No_Kink,300,1435533
result_SELECT_100_Heisenberg1D_OBC_1_0_6,outer,2,SA,0.01,Double,No_Top,185,160379
result_SELECT_100_Heisenberg1D_OBC_1_0_6,outer,1,random,0,Proj,Yes_Kink,305,1440652
result_SELECT_100_Heisenberg1D_OBC_1_0_6,outer,2,SA,0.01,Proj,No_MSF,117,22324
result_SELECT_100_Heisenberg1D_OBC_1_0_6,outer,2,SA,0.01,Proj,No_Top,123,47796
result_SELECT_100_Heisenberg1D_OBC_1_0_6,outer,2,SA,0.001,Single,Yes_Kink,219,464577
result_SELECT_100_Heisenberg1D_OBC_1_0_6,outer,2,SA,0.01,Single,No_MSF,206,156552
result_SELECT_100_Heisenberg1D_OBC_1_0_6,outer,2,SA,0.01,Double,No_Kink,210,446458
result_SELECT_100_Heisenberg1D_OBC_1_0_6,outer,2,SA,0.01,Single,No_Top,211,184110
result_SELECT_100_Heisenberg1D_OBC_1_0_6,outer,2,SA,0.1,Double,No_MSF,185,135270
result_SELECT_100_Heisenberg1D_OBC_1_0_6,outer,2,SA,0.001,Proj,Yes_Kink,166,806688
result_SELECT_100_Heisenberg1D_OBC_1_0_6,outer,2,SA,0.01,Double,Yes_Kink,217,458834
result_SELECT_100_Heisenberg1D_OBC_1_0_6,outer,2,SA,0.1,Double,No_Top,185,160379
result_SELECT_100_Heisenberg1D_OBC_1_0_6,outer,2,SA,0.01,Single,No_Kink,220,447409
result_SELECT_100_Heisenberg1D_OBC_1_0_6,outer,2,SA,0.1,Proj,No_MSF,117,22324
result_SELECT_100_Heisenberg1D_OBC_1_0_6,outer,2,SA,0.1,Proj,No_Top,123,47796
result_SELECT_100_Heisenberg1D_OBC_1_0_6,outer,2,SA,0.01,Single,Yes_Kink,222,465862
result_SELECT_100_Heisenberg1D_OBC_1_0_6,outer,2,SA,0.1,Double,No_Kink,214,423768
result_SELECT_100_Heisenberg1D_OBC_1_0_6,outer,2,SA,0.1,Single,No_MSF,206,156552
result_SELECT_100_Heisenberg1D_OBC_1_0_6,outer,2,SA,0.1,Single,No_Top,211,184110
result_SELECT_100_Heisenberg1D_OBC_1_0_6,outer,2,SA,0.1,Double,Yes_Kink,223,438167
result_SELECT_100_Heisenberg1D_OBC_1_0_6,outer,2,SA,0.01,Proj,No_Kink,163,815658
result_SELECT_100_Heisenberg1D_OBC_1_0_6,outer,2,SA,1,Double,No_MSF,185,135270
result_SELECT_100_Heisenberg1D_OBC_1_0_6,outer,2,SA,0.01,Proj,Yes_Kink,166,813581
result_SELECT_100_Heisenberg1D_OBC_1_0_6,outer,2,SA,1,Double,No_Top,185,160379
result_SELECT_100_Heisenberg1D_OBC_1_0_6,outer,2,SA,0.1,Single,No_Kink,217,427661
result_SELECT_100_Heisenberg1D_OBC_1_0_6,outer,2,SA,1,Proj,No_MSF,117,22324
result_SELECT_100_Heisenberg1D_OBC_1_0_6,outer,2,SA,1,Double,No_Kink,228,385796
result_SELECT_100_Heisenberg1D_OBC_1_0_6,outer,2,SA,1,Proj,No_Top,123,47796
result_SELECT_100_Heisenberg1D_OBC_1_0_6,outer,2,SA,0.1,Single,Yes_Kink,216,449227
result_SELECT_100_Heisenberg1D_OBC_1_0_6,outer,2,SA,1,Single,No_MSF,206,156552
result_SELECT_100_Heisenberg1D_OBC_1_0_6,outer,2,SA,1,Single,No_Top,211,184110
result_SELECT_100_Heisenberg1D_OBC_1_0_6,outer,2,SA,1,Double,Yes_Kink,237,400415
result_SELECT_100_Heisenberg1D_OBC_1_0_6,outer,2,SA,0.1,Proj,No_Kink,161,813694
result_SELECT_100_Heisenberg1D_OBC_1_0_6,outer,2,random,0,Double,No_MSF,185,135270
result_SELECT_100_Heisenberg1D_OBC_1_0_6,outer,2,random,0,Double,No_Top,185,160379
result_SELECT_100_Heisenberg1D_OBC_1_0_6,outer,2,SA,1,Single,No_Kink,221,392834
result_SELECT_100_Heisenberg1D_OBC_1_0_6,outer,2,SA,0.1,Proj,Yes_Kink,164,812545
result_SELECT_100_Heisenberg1D_OBC_1_0_6,outer,2,random,0,Proj,No_MSF,117,22324
result_SELECT_100_Heisenberg1D_OBC_1_0_6,outer,2,random,0,Proj,No_Top,123,47796
result_SELECT_100_Heisenberg1D_OBC_1_0_6,outer,2,SA,1,Single,Yes_Kink,226,416525
result_SELECT_100_Heisenberg1D_OBC_1_0_6,outer,2,random,0,Single,No_MSF,206,156552
result_SELECT_100_Heisenberg1D_OBC_1_0_6,outer,2,random,0,Single,No_Top,211,184110
result_SELECT_100_Heisenberg1D_OBC_1_0_6,outer,2,SA,1,Proj,No_Kink,173,866763
result_SELECT_100_Heisenberg1D_OBC_1_0_6,outer,2,SA,1,Proj,Yes_Kink,179,873422
result_SELECT_100_Heisenberg1D_OBC_1_0_6,outer,2,random,0,Double,No_Kink,299,896758
result_SELECT_100_Heisenberg1D_OBC_1_0_6,outer,2,random,0,Double,Yes_Kink,303,916735
result_SELECT_100_Schwinger_OBC_0_0_0,inner,1,SA,0.001,Double,No_MSF,34726,3068179
result_SELECT_100_Schwinger_OBC_0_0_0,inner,1,SA,0.001,Double,No_Top,34727,3150629
result_SELECT_100_Heisenberg1D_OBC_1_0_6,outer,2,random,0,Single,No_Kink,333,939279
result_SELECT_100_Schwinger_OBC_0_0_0,inner,1,SA,0.001,Proj,No_MSF,30789,71914
result_SELECT_100_Heisenberg1D_OBC_1_0_6,outer,2,random,0,Proj,No_Kink,227,1153686
result_SELECT_100_Schwinger_OBC_0_0_0,inner,1,SA,0.001,Proj,No_Top,30789,154362
result_SELECT_100_Schwinger_OBC_0_0_0,inner,1,SA,0.001,Double,No_Kink,34793,3664355
result_SELECT_100_Heisenberg1D_OBC_1_0_6,outer,2,random,0,Proj,Yes_Kink,232,1162724
result_SELECT_100_Heisenberg1D_OBC_1_0_6,outer,2,random,0,Single,Yes_Kink,339,950069
result_SELECT_100_Schwinger_OBC_0_0_0,inner,1,SA,0.001,Single,No_MSF,37309,3297650
result_SELECT_100_Schwinger_OBC_0_0_0,inner,1,SA,0.001,Single,No_Top,37311,3380102
result_SELECT_100_Schwinger_OBC_0_0_0,inner,1,SA,0.01,Double,No_MSF,34726,3068179
result_SELECT_100_Schwinger_OBC_0_0_0,inner,1,SA,0.001,Double,Yes_Kink,34834,3654006
result_SELECT_100_Schwinger_OBC_0_0_0,inner,1,SA,0.01,Double,No_Top,34727,3150629
result_SELECT_100_Schwinger_OBC_0_0_0,inner,1,SA,0.01,Proj,No_MSF,30789,71914
result_SELECT_100_Schwinger_OBC_0_0_0,inner,1,SA,0.01,Double,No_Kink,34735,3580104
result_SELECT_100_Schwinger_OBC_0_0_0,inner,1,SA,0.01,Proj,No_Top,30789,154362
result_SELECT_100_Schwinger_OBC_0_0_0,inner,1,SA,0.001,Single,No_Kink,37311,3840666
result_SELECT_100_Schwinger_OBC_0_0_0,inner,1,SA,0.01,Single,No_MSF,37309,3297650
result_SELECT_100_Schwinger_OBC_0_0_0,inner,1,SA,0.01,Double,Yes_Kink,34748,3580825
result_SELECT_100_Schwinger_OBC_0_0_0,inner,1,SA,0.01,Single,No_Top,37311,3380102
result_SELECT_100_Schwinger_OBC_0_0_0,inner,1,SA,0.1,Double,No_MSF,34726,3068179
result_SELECT_100_Schwinger_OBC_0_0_0,inner,1,SA,0.1,Double,No_Top,34727,3150629
result_SELECT_100_Schwinger_OBC_0_0_0,inner,1,SA,0.01,Single,No_Kink,37311,3738741
result_SELECT_100_Schwinger_OBC_0_0_0,inner,1,SA,0.1,Proj,No_MSF,30789,71914
result_SELECT_100_Schwinger_OBC_0_0_0,inner,1,SA,0.1,Double,No_Kink,34889,3585560
result_SELECT_100_Schwinger_OBC_0_0_0,inner,1,SA,0.1,Proj,No_Top,30789,154362
result_SELECT_100_Schwinger_OBC_0_0_0,inner,1,SA,0.1,Double,Yes_Kink,34995,3596521
result_SELECT_100_Schwinger_OBC_0_0_0,inner,1,SA,0.1,Single,No_MSF,37309,3297650
result_SELECT_100_Schwinger_OBC_0_0_0,inner,1,SA,0.1,Single,No_Top,37311,3380102
result_SELECT_100_Schwinger_OBC_0_0_0,inner,1,SA,0.1,Single,No_Kink,37311,3733726
result_SELECT_100_Schwinger_OBC_0_0_0,inner,1,SA,1,Double,No_MSF,34726,3068179
result_SELECT_100_Schwinger_OBC_0_0_0,inner,1,SA,1,Double,No_Top,34727,3150629
result_SELECT_100_Schwinger_OBC_0_0_0,inner,1,SA,1,Double,No_Kink,34728,3510393
result_SELECT_100_Schwinger_OBC_0_0_0,inner,1,SA,1,Double,Yes_Kink,34728,3521242
result_SELECT_100_Schwinger_OBC_0_0_0,inner,1,SA,1,Proj,No_MSF,30789,71914
result_SELECT_100_Schwinger_OBC_0_0_0,inner,1,SA,1,Proj,No_Top,30789,154362
result_SELECT_100_Schwinger_OBC_0_0_0,inner,1,SA,0.001,Proj,No_Kink,30794,11520149
result_SELECT_100_Schwinger_OBC_0_0_0,inner,1,SA,0.001,Proj,Yes_Kink,30794,11200751
result_SELECT_100_Schwinger_OBC_0_0_0,inner,1,SA,1,Single,No_MSF,37309,3297650
result_SELECT_100_Schwinger_OBC_0_0_0,inner,1,SA,1,Single,No_Kink,37311,3661549
result_SELECT_100_Schwinger_OBC_0_0_0,inner,1,SA,1,Single,No_Top,37311,3380102
result_SELECT_100_Schwinger_OBC_0_0_0,inner,1,random,0,Double,No_MSF,34726,3068179
result_SELECT_100_Schwinger_OBC_0_0_0,inner,1,SA,0.01,Proj,No_Kink,30798,11714424
result_SELECT_100_Schwinger_OBC_0_0_0,inner,1,SA,0.01,Proj,Yes_Kink,30796,11424300
result_SELECT_100_Schwinger_OBC_0_0_0,inner,1,random,0,Double,No_Top,34727,3150629
result_SELECT_100_Schwinger_OBC_0_0_0,inner,1,random,0,Proj,No_MSF,30789,71914
result_SELECT_100_Schwinger_OBC_0_0_0,inner,1,random,0,Proj,No_Top,30789,154362
result_SELECT_100_Schwinger_OBC_0_0_0,inner,1,random,0,Double,No_Kink,34728,3957239
result_SELECT_100_Schwinger_OBC_0_0_0,inner,1,SA,0.1,Proj,Yes_Kink,30797,11742002
result_SELECT_100_Schwinger_OBC_0_0_0,inner,1,random,0,Single,No_MSF,37309,3297650
result_SELECT_100_Schwinger_OBC_0_0_0,inner,1,random,0,Double,Yes_Kink,34733,3956764
result_SELECT_100_Schwinger_OBC_0_0_0,inner,1,random,0,Single,No_Top,37311,3380102
result_SELECT_100_Schwinger_OBC_0_0_0,inner,1,SA,0.1,Proj,No_Kink,30794,12099508
result_SELECT_100_Schwinger_OBC_0_0_0,inner,2,SA,0.001,Double,No_MSF,34726,3068179
result_SELECT_100_Schwinger_OBC_0_0_0,inner,2,SA,0.001,Double,No_Top,34727,3150629
result_SELECT_100_Schwinger_OBC_0_0_0,inner,1,random,0,Single,No_Kink,37311,4135550
result_SELECT_100_Schwinger_OBC_0_0_0,inner,2,SA,0.001,Double,No_Kink,34728,3555437
result_SELECT_100_Schwinger_OBC_0_0_0,inner,2,SA,0.001,Proj,No_MSF,30789,71914
result_SELECT_100_Schwinger_OBC_0_0_0,inner,2,SA,0.001,Double,Yes_Kink,34728,3542771
result_SELECT_100_Schwinger_OBC_0_0_0,inner,2,SA,0.001,Proj,No_Top,30789,154362
result_SELECT_100_Schwinger_OBC_0_0_0,inner,2,SA,0.001,Single,No_MSF,37309,3297650
result_SELECT_100_Schwinger_OBC_0_0_0,inner,2,SA,0.001,Single,No_Top,37311,3380102
result_SELECT_100_Schwinger_OBC_0_0_0,inner,2,SA,0.001,Single,No_Kink,37311,3723532
result_SELECT_100_Schwinger_OBC_0_0_0,inner,1,SA,1,Proj,Yes_Kink,30795,11145729
result_SELECT_100_Schwinger_OBC_0_0_0,inner,1,SA,1,Proj,No_Kink,30796,11554259
result_SELECT_100_Schwinger_OBC_0_0_0,inner,2,SA,0.01,Double,No_MSF,34726,3068179
result_SELECT_100_Schwinger_OBC_0_0_0,inner,2,SA,0.001,Single,Yes_Kink,37311,3776816
result_SELECT_100_Schwinger_OBC_0_0_0,inner,2,SA,0.01,Double,No_Top,34727,3150629
result_SELECT_100_Schwinger_OBC_0_0_0,inner,2,SA,0.01,Double,No_Kink,34727,3506112
result_SELECT_100_Schwinger_OBC_0_0_0,inner,2,SA,0.01,Proj,No_Top,30789,154362
result_SELECT_100_Schwinger_OBC_0_0_0,inner,2,SA,0.01,Proj,No_MSF,30789,71914
result_SELECT_100_Schwinger_OBC_0_0_0,inner,2,SA,0.01,Double,Yes_Kink,34727,3492814
result_SELECT_100_Schwinger_OBC_0_0_0,inner,2,SA,0.01,Single,No_MSF,37309,3297650
result_SELECT_100_Schwinger_OBC_0_0_0,inner,2,SA,0.01,Single,No_Kink,37311,3673545
result_SELECT_100_Schwinger_OBC_0_0_0,inner,2,SA,0.01,Single,No_Top,37311,3380102
result_SELECT_100_Schwinger_OBC_0_0_0,inner,2,SA,0.01,Single,Yes_Kink,37311,3727682
result_SELECT_100_Schwinger_OBC_0_0_0,inner,2,SA,0.1,Double,No_Kink,34731,3519108
result_SELECT_100_Schwinger_OBC_0_0_0,inner,2,SA,0.1,Double,No_MSF,34726,3068179
result_SELECT_100_Schwinger_OBC_0_0_0,inner,2,SA,0.1,Double,No_Top,34727,3150629
result_SELECT_100_Schwinger_OBC_0_0_0,inner,2,SA,0.1,Double,Yes_Kink,36015,3620611
result_SELECT_100_Schwinger_OBC_0_0_0,inner,2,SA,0.1,Proj,No_MSF,30789,71914
result_SELECT_100_Schwinger_OBC_0_0_0,inner,2,SA,0.1,Proj,No_Top,30789,154362
result_SELECT_100_Schwinger_OBC_0_0_0,inner,2,SA,0.001,Proj,Yes_Kink,30791,10546228
result_SELECT_100_Schwinger_OBC_0_0_0,inner,2,SA,0.001,Proj,No_Kink,30791,10898957
result_SELECT_100_Schwinger_OBC_0_0_0,inner,2,SA,0.1,Single,No_MSF,37309,3297650
result_SELECT_100_Schwinger_OBC_0_0_0,inner,2,SA,0.1,Single,No_Kink,37311,3672699
result_SELECT_100_Schwinger_OBC_0_0_0,inner,2,SA,0.1,Single,No_Top,37311,3380102
result_SELECT_100_Schwinger_OBC_0_0_0,inner,2,SA,0.1,Single,Yes_Kink,37311,3690300
result_SELECT_100_Schwinger_OBC_0_0_0,inner,2,SA,1,Double,No_Kink,34727,3437757
result_SELECT_100_Schwinger_OBC_0_0_0,inner,2,SA,1,Double,No_MSF,34726,3068179
result_SELECT_100_Schwinger_OBC_0_0_0,inner,2,SA,1,Double,No_Top,34727,3150629
result_SELECT_100_Schwinger_OBC_0_0_0,inner,2,SA,0.01,Proj,No_Kink,30791,11124402
result_SELECT_100_Schwinger_OBC_0_0_0,inner,2,SA,1,Proj,No_MSF,30789,71914
result_SELECT_100_Schwinger_OBC_0_0_0,inner,2,SA,1,Double,Yes_Kink,34728,3429912
result_SELECT_100_Schwinger_OBC_0_0_0,inner,2,SA,1,Proj,No_Top,30789,154362
result_SELECT_100_Schwinger_OBC_0_0_0,inner,1,random,0,Proj,No_Kink,30790,14653803
result_SELECT_100_Schwinger_OBC_0_0_0,inner,2,SA,0.01,Proj,Yes_Kink,30796,10859788
result_SELECT_100_Schwinger_OBC_0_0_0,inner,2,SA,1,Single,No_MSF,37309,3297650
result_SELECT_100_Schwinger_OBC_0_0_0,inner,2,SA,1,Single,No_Top,37311,3380102
result_SELECT_100_Schwinger_OBC_0_0_0,inner,2,SA,1,Single,No_Kink,37311,3610949
result_SELECT_100_Schwinger_OBC_0_0_0,inner,2,random,0,Double,No_MSF,34726,3068179
result_SELECT_100_Schwinger_OBC_0_0_0,inner,2,SA,1,Single,Yes_Kink,37311,3664764
result_SELECT_100_Schwinger_OBC_0_0_0,inner,1,random,0,Proj,Yes_Kink,30790,14298368
result_SELECT_100_Schwinger_OBC_0_0_0,inner,2,random,0,Double,No_Top,34727,3150629
result_SELECT_100_Schwinger_OBC_0_0_0,inner,2,random,0,Proj,No_MSF,30789,71914
result_SELECT_100_Schwinger_OBC_0_0_0,inner,2,random,0,Double,No_Kink,34746,3743491
result_SELECT_100_Schwinger_OBC_0_0_0,inner,2,random,0,Proj,No_Top,30789,154362
result_SELECT_100_Schwinger_OBC_0_0_0,inner,2,random,0,Double,Yes_Kink,34770,3744008
result_SELECT_100_Schwinger_OBC_0_0_0,inner,2,random,0,Single,No_MSF,37309,3297650
result_SELECT_100_Schwinger_OBC_0_0_0,inner,2,random,0,Single,No_Top,37311,3380102
result_SELECT_100_Schwinger_OBC_0_0_0,inner,2,random,0,Single,No_Kink,37311,3914466
result_SELECT_100_Schwinger_OBC_0_0_0,inner,2,SA,0.1,Proj,No_Kink,30795,11583549
result_SELECT_100_Schwinger_OBC_0_0_0,inner,2,SA,0.1,Proj,Yes_Kink,30794,10919127
result_SELECT_100_Schwinger_OBC_0_0_0,outer,1,SA,0.001,Double,No_MSF,34726,3068179
result_SELECT_100_Schwinger_OBC_0_0_0,outer,1,SA,0.001,Double,No_Top,34727,3150629
result_SELECT_100_Schwinger_OBC_0_0_0,outer,1,SA,0.001,Double,No_Kink,34728,3634200
result_SELECT_100_Schwinger_OBC_0_0_0,inner,2,random,0,Single,Yes_Kink,37311,3955717
result_SELECT_100_Schwinger_OBC_0_0_0,outer,1,SA,0.001,Proj,No_Top,30789,154362
result_SELECT_100_Schwinger_OBC_0_0_0,outer,1,SA,0.001,Proj,No_MSF,30789,71914
result_SELECT_100_Schwinger_OBC_0_0_0,outer,1,SA,0.001,Double,Yes_Kink,34728,3625181
result_SELECT_100_Schwinger_OBC_0_0_0,outer,1,SA,0.001,Single,No_MSF,37309,3297650
result_SELECT_100_Schwinger_OBC_0_0_0,outer,1,SA,0.001,Single,No_Kink,37311,3796591
result_SELECT_100_Schwinger_OBC_0_0_0,outer,1,SA,0.001,Single,No_Top,37311,3380102
result_SELECT_100_Schwinger_OBC_0_0_0,outer,1,SA,0.01,Double,No_MSF,34726,3068179
result_SELECT_100_Schwinger_OBC_0_0_0,outer,1,SA,0.01,Double,No_Top,34727,3150629
result_SELECT_100_Schwinger_OBC_0_0_0,outer,1,SA,0.01,Double,No_Kink,34731,3632008
result_SELECT_100_Schwinger_OBC_0_0_0,outer,1,SA,0.01,Double,Yes_Kink,34733,3620348
result_SELECT_100_Schwinger_OBC_0_0_0,outer,1,SA,0.01,Proj,No_MSF,30789,71914
result_SELECT_100_Schwinger_OBC_0_0_0,outer,1,SA,0.01,Proj,No_Top,30789,154362
result_SELECT_100_Schwinger_OBC_0_0_0,inner,2,SA,1,Proj,Yes_Kink,30793,10337265
result_SELECT_100_Schwinger_OBC_0_0_0,inner,2,SA,1,Proj,No_Kink,30792,10699535
result_SELECT_100_Schwinger_OBC_0_0_0,outer,1,SA,0.01,Single,No_MSF,37309,3297650
result_SELECT_100_Schwinger_OBC_0_0_0,outer,1,SA,0.01,Single,No_Kink,37311,3796339
result_SELECT_100_Schwinger_OBC_0_0_0,outer,1,SA,0.01,Single,No_Top,37311,3380102
result_SELECT_100_Schwinger_OBC_0_0_0,outer,1,SA,0.1,Double,No_MSF,34726,3068179
result_SELECT_100_Schwinger_OBC_0_0_0,outer,1,SA,0.1,Double,No_Top,34727,3150629
result_SELECT_100_Schwinger_OBC_0_0_0,outer,1,SA,0.1,Double,No_Kink,34728,3610324
result_SELECT_100_Schwinger_OBC_0_0_0,outer,1,SA,0.1,Double,Yes_Kink,34728,3598425
result_SELECT_100_Schwinger_OBC_0_0_0,outer,1,SA,0.1,Proj,No_MSF,30789,71914
result_SELECT_100_Schwinger_OBC_0_0_0,outer,1,SA,0.1,Proj,No_Top,30789,154362
result_SELECT_100_Schwinger_OBC_0_0_0,inner,2,random,0,Proj,No_Kink,30790,13862277
result_SELECT_100_Schwinger_OBC_0_0_0,inner,2,random,0,Proj,Yes_Kink,30791,13634296
result_SELECT_100_Schwinger_OBC_0_0_0,outer,1,SA,0.001,Proj,Yes_Kink,30795,12221702
result_SELECT_100_Schwinger_OBC_0_0_0,outer,1,SA,0.1,Single,No_MSF,37309,3297650
result_SELECT_100_Schwinger_OBC_0_0_0,outer,1,SA,0.1,Single,No_Top,37311,3380102
result_SELECT_100_Schwinger_OBC_0_0_0,outer,1,SA,0.1,Single,No_Kink,37311,3769475
result_SELECT_100_Schwinger_OBC_0_0_0,outer,1,SA,1,Double,No_MSF,34726,3068179
result_SELECT_100_Schwinger_OBC_0_0_0,outer,1,SA,1,Double,No_Top,34727,3150629
result_SELECT_100_Schwinger_OBC_0_0_0,outer,1,SA,1,Double,No_Kink,34735,3533159
result_SELECT_100_Schwinger_OBC_0_0_0,outer,1,SA,0.001,Proj,No_Kink,30792,12595202
result_SELECT_100_Schwinger_OBC_0_0_0,outer,1,SA,1,Proj,No_MSF,30789,71914
result_SELECT_100_Schwinger_OBC_0_0_0,outer,1,SA,1,Double,Yes_Kink,34743,3524340
result_SELECT_100_Schwinger_OBC_0_0_0,outer,1,SA,1,Proj,No_Top,30789,154362
result_SELECT_100_Schwinger_OBC_0_0_0,outer,1,SA,1,Single,No_MSF,37309,3297650
result_SELECT_100_Schwinger_OBC_0_0_0,outer,1,SA,1,Single,No_Top,37311,3380102
result_SELECT_100_Schwinger_OBC_0_0_0,outer,1,SA,1,Single,No_Kink,37311,3710221
result_SELECT_100_Schwinger_OBC_0_0_0,outer,1,random,0,Double,No_MSF,34726,3068179
result_SELECT_100_Schwinger_OBC_0_0_0,outer,1,random,0,Double,No_Top,34727,3150629
result_SELECT_100_Schwinger_OBC_0_0_0,outer,1,SA,0.01,Proj,No_Kink,30793,12317954
result_SELECT_100_Schwinger_OBC_0_0_0,outer,1,SA,0.01,Proj,Yes_Kink,30794,11965798
result_SELECT_100_Schwinger_OBC_0_0_0,outer,1,random,0,Proj,No_MSF,30789,71914
result_SELECT_100_Schwinger_OBC_0_0_0,outer,1,random,0,Double,No_Kink,34730,3964104
result_SELECT_100_Schwinger_OBC_0_0_0,outer,1,random,0,Proj,No_Top,30789,154362
result_SELECT_100_Schwinger_OBC_0_0_0,outer,1,random,0,Double,Yes_Kink,34766,3960712
result_SELECT_100_Schwinger_OBC_0_0_0,outer,1,random,0,Single,No_MSF,37309,3297650
result_SELECT_100_Schwinger_OBC_0_0_0,outer,1,random,0,Single,No_Top,37311,3380102
result_SELECT_100_Schwinger_OBC_0_0_0,outer,1,random,0,Single,No_Kink,37311,4133885
result_SELECT_100_Schwinger_OBC_0_0_0,outer,2,SA,0.001,Double,No_MSF,34726,3068179
result_SELECT_100_Schwinger_OBC_0_0_0,outer,2,SA,0.001,Double,No_Kink,34728,3556409
result_SELECT_100_Schwinger_OBC_0_0_0,outer,2,SA,0.001,Double,No_Top,34727,3150629
result_SELECT_100_Schwinger_OBC_0_0_0,outer,2,SA,0.001,Double,Yes_Kink,34728,3536988
result_SELECT_100_Schwinger_OBC_0_0_0,outer,2,SA,0.001,Proj,No_MSF,30789,71914
result_SELECT_100_Schwinger_OBC_0_0_0,outer,2,SA,0.001,Proj,No_Top,30789,154362
result_SELECT_100_Schwinger_OBC_0_0_0,outer,1,SA,0.1,Proj,No_Kink,30793,12436427
result_SELECT_100_Schwinger_OBC_0_0_0,outer,2,SA,0.001,Single,No_Kink,37311,3724983
result_SELECT_100_Schwinger_OBC_0_0_0,outer,2,SA,0.001,Single,No_MSF,37309,3297650
result_SELECT_100_Schwinger_OBC_0_0_0,outer,2,SA,0.001,Single,No_Top,37311,3380102
result_SELECT_100_Schwinger_OBC_0_0_0,outer,1,SA,0.1,Proj,Yes_Kink,30792,12200902
result_SELECT_100_Schwinger_OBC_0_0_0,outer,2,SA,0.001,Single,Yes_Kink,37311,3778795
result_SELECT_100_Schwinger_OBC_0_0_0,outer,2,SA,0.01,Double,No_Kink,34728,3559994
result_SELECT_100_Schwinger_OBC_0_0_0,outer,2,SA,0.01,Double,No_MSF,34726,3068179
result_SELECT_100_Schwinger_OBC_0_0_0,outer,2,SA,0.01,Double,No_Top,34727,3150629
result_SELECT_100_Schwinger_OBC_0_0_0,outer,2,SA,0.01,Double,Yes_Kink,34728,3538403
result_SELECT_100_Schwinger_OBC_0_0_0,outer,2,SA,0.01,Proj,No_MSF,30789,71914
result_SELECT_100_Schwinger_OBC_0_0_0,outer,2,SA,0.01,Proj,No_Top,30789,154362
result_SELECT_100_Schwinger_OBC_0_0_0,outer,1,SA,1,Proj,Yes_Kink,30789,11699745
result_SELECT_100_Schwinger_OBC_0_0_0,outer,1,SA,1,Proj,No_Kink,30789,12184434
result_SELECT_100_Schwinger_OBC_0_0_0,outer,2,SA,0.01,Single,No_Kink,37311,3724126
result_SELECT_100_Schwinger_OBC_0_0_0,outer,2,SA,0.01,Single,No_MSF,37309,3297650
result_SELECT_100_Schwinger_OBC_0_0_0,outer,2,SA,0.01,Single,No_Top,37311,3380102
result_SELECT_100_Schwinger_OBC_0_0_0,outer,2,SA,0.01,Single,Yes_Kink,37311,3778556
result_SELECT_100_Schwinger_OBC_0_0_0,outer,2,SA,0.1,Double,No_Kink,34728,3534681
result_SELECT_100_Schwinger_OBC_0_0_0,outer,2,SA,0.1,Double,No_MSF,34726,3068179
result_SELECT_100_Schwinger_OBC_0_0_0,outer,2,SA,0.1,Double,No_Top,34727,3150629
result_SELECT_100_Schwinger_OBC_0_0_0,outer,2,SA,0.1,Double,Yes_Kink,34728,3515978
result_SELECT_100_Schwinger_OBC_0_0_0,outer,2,SA,0.1,Proj,No_MSF,30789,71914
result_SELECT_100_Schwinger_OBC_0_0_0,outer,2,SA,0.1,Proj,No_Top,30789,154362
result_SELECT_100_Schwinger_OBC_0_0_0,outer,1,random,0,Proj,No_Kink,30790,13724650
result_SELECT_100_Schwinger_OBC_0_0_0,outer,2,SA,0.001,Proj,No_Kink,30791,11637811
result_SELECT_100_Schwinger_OBC_0_0_0,outer,1,random,0,Proj,Yes_Kink,30791,13369254
result_SELECT_100_Schwinger_OBC_0_0_0,outer,2,SA,0.1,Single,No_MSF,37309,3297650
result_SELECT_100_Schwinger_OBC_0_0_0,outer,2,SA,0.1,Single,No_Top,37311,3380102
result_SELECT_100_Schwinger_OBC_0_0_0,outer,2,SA,0.1,Single,No_Kink,37311,3707404
result_SELECT_100_Schwinger_OBC_0_0_0,outer,2,SA,0.001,Proj,Yes_Kink,30791,11227163
result_SELECT_100_Schwinger_OBC_0_0_0,outer,2,SA,1,Double,No_MSF,34726,3068179
result_SELECT_100_Schwinger_OBC_0_0_0,outer,2,SA,1,Double,No_Top,34727,3150629
result_SELECT_100_Schwinger_OBC_0_0_0,outer,2,SA,1,Double,No_Kink,34728,3462118
result_SELECT_100_Schwinger_OBC_0_0_0,outer,2,SA,0.1,Single,Yes_Kink,37311,3764186
result_SELECT_100_Schwinger_OBC_0_0_0,outer,2,SA,1,Proj,No_Top,30789,154362
result_SELECT_100_Schwinger_OBC_0_0_0,outer,2,SA,1,Proj,No_MSF,30789,71914
result_SELECT_100_Schwinger_OBC_0_0_0,outer,2,SA,1,Double,Yes_Kink,34728,3452952
result_SELECT_100_Schwinger_OBC_0_0_0,outer,2,SA,1,Single,No_MSF,37309,3297650
result_SELECT_100_Schwinger_OBC_0_0_0,outer,2,SA,1,Single,No_Top,37311,3380102
result_SELECT_100_Schwinger_OBC_0_0_0,outer,2,SA,1,Single,No_Kink,37311,3629413
result_SELECT_100_Schwinger_OBC_0_0_0,outer,2,SA,1,Single,Yes_Kink,37311,3680296
result_SELECT_100_Schwinger_OBC_0_0_0,outer,2,random,0,Double,No_MSF,34726,3068179
result_SELECT_100_Schwinger_OBC_0_0_0,outer,2,random,0,Double,No_Kink,34728,3695921
result_SELECT_100_Schwinger_OBC_0_0_0,outer,2,random,0,Double,No_Top,34727,3150629
result_SELECT_100_Schwinger_OBC_0_0_0,outer,2,random,0,Double,Yes_Kink,34730,3683658
result_SELECT_100_Schwinger_OBC_0_0_0,outer,2,random,0,Proj,No_MSF,30789,71914
result_SELECT_100_Schwinger_OBC_0_0_0,outer,2,random,0,Proj,No_Top,30789,154362
result_SELECT_100_Schwinger_OBC_0_0_0,outer,2,SA,0.01,Proj,No_Kink,30791,12095212
result_SELECT_100_Schwinger_OBC_0_0_0,outer,2,SA,0.01,Proj,Yes_Kink,30793,11706516
result_SELECT_100_Schwinger_OBC_0_0_0,outer,2,random,0,Single,No_MSF,37309,3297650
result_SELECT_100_Schwinger_OBC_0_0_0,outer,2,random,0,Single,No_Kink,37311,3868494
result_SELECT_100_Schwinger_OBC_0_0_0,outer,2,random,0,Single,No_Top,37311,3380102
result_SELECT_100_Schwinger_OBC_0_0_1,inner,1,SA,0.001,Double,No_Kink,17408,2758182
result_SELECT_100_Schwinger_OBC_0_0_0,outer,2,random,0,Single,Yes_Kink,37311,3907343
result_SELECT_100_Schwinger_OBC_0_0_1,inner,1,SA,0.001,Double,No_MSF,17407,2188840
result_SELECT_100_Schwinger_OBC_0_0_1,inner,1,SA,0.001,Double,No_Top,17408,2271428
result_SELECT_100_Schwinger_OBC_0_0_1,inner,1,SA,0.001,Double,Yes_Kink,17412,2752877
result_SELECT_100_Schwinger_OBC_0_0_1,inner,1,SA,0.001,Proj,No_MSF,15416,72026
result_SELECT_100_Schwinger_OBC_0_0_1,inner,1,SA,0.001,Proj,No_Top,15416,154586
result_SELECT_100_Schwinger_OBC_0_0_0,outer,2,SA,0.1,Proj,No_Kink,30790,11530374
result_SELECT_100_Schwinger_OBC_0_0_1,inner,1,SA,0.001,Single,No_Kink,18714,2854637
result_SELECT_100_Schwinger_OBC_0_0_0,outer,2,SA,0.1,Proj,Yes_Kink,30791,11301390
result_SELECT_100_Schwinger_OBC_0_0_1,inner,1,SA,0.001,Single,No_MSF,18708,2353985
result_SELECT_100_Schwinger_OBC_0_0_1,inner,1,SA,0.001,Single,No_Top,18709,2436549
result_SELECT_100_Schwinger_OBC_0_0_1,inner,1,SA,0.01,Double,No_MSF,17407,2188840
result_SELECT_100_Schwinger_OBC_0_0_1,inner,1,SA,0.01,Double,No_Top,17408,2271428
result_SELECT_100_Schwinger_OBC_0_0_1,inner,1,SA,0.01,Double,No_Kink,17409,2735791
result_SELECT_100_Schwinger_OBC_0_0_0,outer,2,SA,1,Proj,No_Kink,30789,11695416
result_SELECT_100_Schwinger_OBC_0_0_0,outer,2,SA,1,Proj,Yes_Kink,30793,11291343
result_SELECT_100_Schwinger_OBC_0_0_1,inner,1,SA,0.01,Double,Yes_Kink,17419,2733922
result_SELECT_100_Schwinger_OBC_0_0_1,inner,1,SA,0.01,Proj,No_MSF,15416,72026
result_SELECT_100_Schwinger_OBC_0_0_1,inner,1,SA,0.01,Proj,No_Top,15416,154586
result_SELECT_100_Schwinger_OBC_0_0_1,inner,1,SA,0.01,Single,No_MSF,18708,2353985
result_SELECT_100_Schwinger_OBC_0_0_1,inner,1,SA,0.01,Single,No_Top,18709,2436549
result_SELECT_100_Schwinger_OBC_0_0_1,inner,1,SA,0.01,Single,No_Kink,18721,2834681
result_SELECT_100_Schwinger_OBC_0_0_1,inner,1,SA,0.1,Double,No_MSF,17407,2188840
result_SELECT_100_Schwinger_OBC_0_0_1,inner,1,SA,0.1,Double,No_Top,17408,2271428
result_SELECT_100_Schwinger_OBC_0_0_1,inner,1,SA,0.1,Double,No_Kink,17408,2663663
result_SELECT_100_Schwinger_OBC_0_0_0,outer,2,random,0,Proj,No_Kink,30790,11744417
result_SELECT_100_Schwinger_OBC_0_0_1,inner,1,SA,0.001,Proj,No_Kink,15425,7417821
result_SELECT_100_Schwinger_OBC_0_0_1,inner,1,SA,0.1,Proj,No_MSF,15416,72026
result_SELECT_100_Schwinger_OBC_0_0_1,inner,1,SA,0.1,Double,Yes_Kink,17414,2663303
result_SELECT_100_Schwinger_OBC_0_0_1,inner,1,SA,0.1,Proj,No_Top,15416,154586
result_SELECT_100_Schwinger_OBC_0_0_1,inner,1,SA,0.1,Single,No_MSF,18708,2353985
result_SELECT_100_Schwinger_OBC_0_0_1,inner,1,SA,0.1,Single,No_Kink,18714,2757565
result_SELECT_100_Schwinger_OBC_0_0_1,inner,1,SA,0.001,Proj,Yes_Kink,15425,7195166
result_SELECT_100_Schwinger_OBC_0_0_1,inner,1,SA,0.1,Single,No_Top,18709,2436549
result_SELECT_100_Schwinger_OBC_0_0_0,outer,2,random,0,Proj,Yes_Kink,30792,11469887
result_SELECT_100_Schwinger_OBC_0_0_1,inner,1,SA,1,Double,No_MSF,17407,2188840
result_SELECT_100_Schwinger_OBC_0_0_1,inner,1,SA,1,Double,No_Top,17408,2271428
result_SELECT_100_Schwinger_OBC_0_0_1,inner,1,SA,1,Proj,No_MSF,15416,72026
result_SELECT_100_Schwinger_OBC_0_0_1,inner,1,SA,1,Double,No_Kink,17408,2629755
result_SELECT_100_Schwinger_OBC_0_0_1,inner,1,SA,1,Double,Yes_Kink,17409,2633782
result_SELECT_100_Schwinger_OBC_0_0_1,inner,1,SA,1,Proj,No_Top,15416,154586
result_SELECT_100_Schwinger_OBC_0_0_1,inner,1,SA,1,Single,No_MSF,18708,2353985
result_SELECT_100_Schwinger_OBC_0_0_1,inner,1,SA,1,Single,No_Top,18709,2436549
result_SELECT_100_Schwinger_OBC_0_0_1,inner,1,SA,1,Single,No_Kink,18715,2729832
result_SELECT_100_Schwinger_OBC_0_0_1,inner,1,random,0,Double,No_MSF,17407,2188840
result_SELECT_100_Schwinger_OBC_0_0_1,inner,1,random,0,Double,No_Top,17408,2271428
result_SELECT_100_Schwinger_OBC_0_0_1,inner,1,random,0,Double,No_Kink,17464,3169935
result_SELECT_100_Schwinger_OBC_0_0_1,inner,1,random,0,Double,Yes_Kink,17488,3178533
result_SELECT_100_Schwinger_OBC_0_0_1,inner,1,SA,0.01,Proj,No_Kink,15424,7512094
result_SELECT_100_Schwinger_OBC_0_0_1,inner,1,random,0,Proj,No_MSF,15416,72026
result_SELECT_100_Schwinger_OBC_0_0_1,inner,1,SA,0.01,Proj,Yes_Kink,15423,7379213
result_SELECT_100_Schwinger_OBC_0_0_1,inner,1,random,0,Proj,No_Top,15416,154586
result_SELECT_100_Schwinger_OBC_0_0_1,inner,1,random,0,Single,No_MSF,18708,2353985
result_SELECT_100_Schwinger_OBC_0_0_1,inner,1,random,0,Single,No_Top,18709,2436549
result_SELECT_100_Schwinger_OBC_0_0_1,inner,1,random,0,Single,No_Kink,18732,3309382
result_SELECT_100_Schwinger_OBC_0_0_1,inner,2,SA,0.001,Double,No_Kink,17411,2678002
result_SELECT_100_Schwinger_OBC_0_0_1,inner,2,SA,0.001,Double,No_MSF,17407,2188840
result_SELECT_100_Schwinger_OBC_0_0_1,inner,1,SA,0.1,Proj,Yes_Kink,15423,7031187
result_SELECT_100_Schwinger_OBC_0_0_1,inner,1,SA,0.1,Proj,No_Kink,15423,7372931
result_SELECT_100_Schwinger_OBC_0_0_1,inner,2,SA,0.001,Double,No_Top,17408,2271428
result_SELECT_100_Schwinger_OBC_0_0_1,inner,2,SA,0.001,Proj,No_MSF,15416,72026
result_SELECT_100_Schwinger_OBC_0_0_1,inner,2,SA,0.001,Proj,No_Top,15416,154586
result_SELECT_100_Schwinger_OBC_0_0_1,inner,2,SA,0.001,Double,Yes_Kink,18035,2744155
result_SELECT_100_Schwinger_OBC_0_0_1,inner,2,SA,0.001,Single,No_MSF,18708,2353985
result_SELECT_100_Schwinger_OBC_0_0_1,inner,2,SA,0.001,Single,No_Kink,18709,2784466
result_SELECT_100_Schwinger_OBC_0_0_1,inner,2,SA,0.001,Single,No_Top,18709,2436549
result_SELECT_100_Schwinger_OBC_0_0_1,inner,2,SA,0.001,Single,Yes_Kink,18710,2831143
result_SELECT_100_Schwinger_OBC_0_0_1,inner,2,SA,0.01,Double,No_Kink,17413,2651205
result_SELECT_100_Schwinger_OBC_0_0_1,inner,1,SA,1,Proj,No_Kink,15425,7845047
result_SELECT_100_Schwinger_OBC_0_0_1,inner,1,SA,1,Proj,Yes_Kink,15425,7549799
result_SELECT_100_Schwinger_OBC_0_0_1,inner,2,SA,0.01,Double,No_MSF,17407,2188840
result_SELECT_100_Schwinger_OBC_0_0_1,inner,2,SA,0.01,Double,No_Top,17408,2271428
result_SELECT_100_Schwinger_OBC_0_0_1,inner,2,SA,0.01,Proj,No_MSF,15416,72026
result_SELECT_100_Schwinger_OBC_0_0_1,inner,2,SA,0.01,Proj,No_Top,15416,154586
result_SELECT_100_Schwinger_OBC_0_0_1,inner,2,SA,0.01,Double,Yes_Kink,18056,2719580
result_SELECT_100_Schwinger_OBC_0_0_1,inner,2,SA,0.01,Single,No_MSF,18708,2353985
result_SELECT_100_Schwinger_OBC_0_0_1,inner,2,SA,0.01,Single,No_Kink,18709,2751372
result_SELECT_100_Schwinger_OBC_0_0_1,inner,2,SA,0.01,Single,No_Top,18709,2436549
result_SELECT_100_Schwinger_OBC_0_0_1,inner,2,SA,0.01,Single,Yes_Kink,18709,2793217
result_SELECT_100_Schwinger_OBC_0_0_1,inner,2,SA,0.1,Double,No_Kink,17682,2677399
result_SELECT_100_Schwinger_OBC_0_0_1,inner,2,SA,0.1,Double,No_MSF,17407,2188840
result_SELECT_100_Schwinger_OBC_0_0_1,inner,2,SA,0.1,Double,No_Top,17408,2271428
result_SELECT_100_Schwinger_OBC_0_0_1,inner,2,SA,0.1,Double,Yes_Kink,18738,2790562
result_SELECT_100_Schwinger_OBC_0_0_1,inner,2,SA,0.1,Proj,No_MSF,15416,72026
result_SELECT_100_Schwinger_OBC_0_0_1,inner,2,SA,0.1,Proj,No_Top,15416,154586
result_SELECT_100_Schwinger_OBC_0_0_1,inner,1,random,0,Proj,No_Kink,15416,9021841
result_SELECT_100_Schwinger_OBC_0_0_1,inner,2,SA,0.1,Single,No_Kink,18709,2737475
result_SELECT_100_Schwinger_OBC_0_0_1,inner,2,SA,0.1,Single,No_MSF,18708,2353985
result_SELECT_100_Schwinger_OBC_0_0_1,inner,1,random,0,Proj,Yes_Kink,15418,8785592
result_SELECT_100_Schwinger_OBC_0_0_1,inner,2,SA,0.001,Proj,No_Kink,15423,7815007
result_SELECT_100_Schwinger_OBC_0_0_1,inner,2,SA,0.1,Single,No_Top,18709,2436549
result_SELECT_100_Schwinger_OBC_0_0_1,inner,2,SA,1,Double,No_MSF,17407,2188840
result_SELECT_100_Schwinger_OBC_0_0_1,inner,2,SA,0.001,Proj,Yes_Kink,15423,7515290
result_SELECT_100_Schwinger_OBC_0_0_1,inner,2,SA,0.1,Single,Yes_Kink,18709,2757172
result_SELECT_100_Schwinger_OBC_0_0_1,inner,2,SA,1,Double,No_Top,17408,2271428
result_SELECT_100_Schwinger_OBC_0_0_1,inner,2,SA,1,Double,No_Kink,17538,2605275
result_SELECT_100_Schwinger_OBC_0_0_1,inner,2,SA,1,Proj,No_MSF,15416,72026
result_SELECT_100_Schwinger_OBC_0_0_1,inner,2,SA,1,Proj,No_Top,15416,154586
result_SELECT_100_Schwinger_OBC_0_0_1,inner,2,SA,1,Double,Yes_Kink,17705,2617899
result_SELECT_100_Schwinger_OBC_0_0_1,inner,2,SA,1,Single,No_MSF,18708,2353985
result_SELECT_100_Schwinger_OBC_0_0_1,inner,2,SA,1,Single,No_Kink,18709,2684330
result_SELECT_100_Schwinger_OBC_0_0_1,inner,2,SA,1,Single,No_Top,18709,2436549
result_SELECT_100_Schwinger_OBC_0_0_1,inner,2,SA,0.01,Proj,No_Kink,15421,7407614
result_SELECT_100_Schwinger_OBC_0_0_1,inner,2,SA,0.01,Proj,Yes_Kink,15423,7094774
result_SELECT_100_Schwinger_OBC_0_0_1,inner,2,random,0,Double,No_MSF,17407,2188840
result_SELECT_100_Schwinger_OBC_0_0_1,inner,2,random,0,Double,No_Top,17408,2271428
result_SELECT_100_Schwinger_OBC_0_0_1,inner,2,SA,1,Single,Yes_Kink,18713,2746036
result_SELECT_100_Schwinger_OBC_0_0_1,inner,2,random,0,Proj,No_MSF,15416,72026
result_SELECT_100_Schwinger_OBC_0_0_1,inner,2,random,0,Double,No_Kink,19956,3256872
result_SELECT_100_Schwinger_OBC_0_0_1,inner,2,random,0,Proj,No_Top,15416,154586
result_SELECT_100_Schwinger_OBC_0_0_1,inner,2,random,0,Double,Yes_Kink,19504,3190697
result_SELECT_100_Schwinger_OBC_0_0_1,inner,2,random,0,Single,No_MSF,18708,2353985
result_SELECT_100_Schwinger_OBC_0_0_1,inner,2,random,0,Single,No_Top,18709,2436549
result_SELECT_100_Schwinger_OBC_0_0_1,inner,2,SA,0.1,Proj,No_Kink,15421,7329126
result_SELECT_100_Schwinger_OBC_0_0_1,inner,2,random,0,Single,No_Kink,18742,3046454
result_SELECT_100_Schwinger_OBC_0_0_1,outer,1,SA,0.001,Double,No_MSF,17407,2188840
result_SELECT_100_Schwinger_OBC_0_0_1,outer,1,SA,0.001,Double,No_Top,17408,2271428
result_SELECT_100_Schwinger_OBC_0_0_1,outer,1,SA,0.001,Double,No_Kink,17410,2740436
result_SELECT_100_Schwinger_OBC_0_0_1,inner,2,random,0,Single,Yes_Kink,18744,3088654
result_SELECT_100_Schwinger_OBC_0_0_1,inner,2,SA,0.1,Proj,Yes_Kink,15421,7010393
result_SELECT_100_Schwinger_OBC_0_0_1,outer,1,SA,0.001,Proj,No_MSF,15416,72026
result_SELECT_100_Schwinger_OBC_0_0_1,outer,1,SA,0.001,Proj,No_Top,15416,154586
result_SELECT_100_Schwinger_OBC_0_0_1,outer,1,SA,0.001,Double,Yes_Kink,17408,2731915
result_SELECT_100_Schwinger_OBC_0_0_1,outer,1,SA,0.001,Single,No_MSF,18708,2353985
result_SELECT_100_Schwinger_OBC_0_0_1,outer,1,SA,0.001,Single,No_Kink,18716,2844659
result_SELECT_100_Schwinger_OBC_0_0_1,outer,1,SA,0.001,Single,No_Top,18709,2436549
result_SELECT_100_Schwinger_OBC_0_0_1,outer,1,SA,0.01,Double,No_MSF,17407,2188840
result_SELECT_100_Schwinger_OBC_0_0_1,outer,1,SA,0.01,Double,No_Top,17408,2271428
result_SELECT_100_Schwinger_OBC_0_0_1,outer,1,SA,0.01,Double,No_Kink,17410,2717533
result_SELECT_100_Schwinger_OBC_0_0_1,inner,2,SA,1,Proj,Yes_Kink,15422,7187437
result_SELECT_100_Schwinger_OBC_0_0_1,outer,1,SA,0.01,Double,Yes_Kink,17415,2708699
result_SELECT_100_Schwinger_OBC_0_0_1,outer,1,SA,0.01,Proj,No_MSF,15416,72026
result_SELECT_100_Schwinger_OBC_0_0_1,inner,2,SA,1,Proj,No_Kink,15419,7268274
result_SELECT_100_Schwinger_OBC_0_0_1,outer,1,SA,0.01,Proj,No_Top,15416,154586
result_SELECT_100_Schwinger_OBC_0_0_1,outer,1,SA,0.01,Single,No_MSF,18708,2353985
result_SELECT_100_Schwinger_OBC_0_0_1,outer,1,SA,0.01,Single,No_Top,18709,2436549
result_SELECT_100_Schwinger_OBC_0_0_1,outer,1,SA,0.01,Single,No_Kink,18711,2811236
result_SELECT_100_Schwinger_OBC_0_0_1,outer,1,SA,0.1,Double,No_MSF,17407,2188840
result_SELECT_100_Schwinger_OBC_0_0_1,outer,1,SA,0.1,Double,No_Top,17408,2271428
result_SELECT_100_Schwinger_OBC_0_0_1,outer,1,SA,0.1,Double,No_Kink,17408,2675470
result_SELECT_100_Schwinger_OBC_0_0_1,outer,1,SA,0.1,Double,Yes_Kink,17410,2669936
result_SELECT_100_Schwinger_OBC_0_0_1,outer,1,SA,0.1,Proj,No_MSF,15416,72026
result_SELECT_100_Schwinger_OBC_0_0_1,outer,1,SA,0.1,Proj,No_Top,15416,154586
result_SELECT_100_Schwinger_OBC_0_0_1,inner,2,random,0,Proj,No_Kink,15421,8799818
result_SELECT_100_Schwinger_OBC_0_0_1,outer,1,SA,0.1,Single,No_Kink,18710,2786746
result_SELECT_100_Schwinger_OBC_0_0_1,inner,2,random,0,Proj,Yes_Kink,15419,8535466
result_SELECT_100_Schwinger_OBC_0_0_1,outer,1,SA,0.1,Single,No_MSF,18708,2353985
result_SELECT_100_Schwinger_OBC_0_0_1,outer,1,SA,0.1,Single,No_Top,18709,2436549
result_SELECT_100_Schwinger_OBC_0_0_1,outer,1,SA,1,Double,No_MSF,17407,2188840
result_SELECT_100_Schwinger_OBC_0_0_1,outer,1,SA,1,Double,No_Kink,17679,2653254
result_SELECT_100_Schwinger_OBC_0_0_1,outer,1,SA,1,Double,No_Top,17408,2271428
result_SELECT_100_Schwinger_OBC_0_0_1,outer,1,SA,0.001,Proj,Yes_Kink,15422,7821029
result_SELECT_100_Schwinger_OBC_0_0_1,outer,1,SA,0.001,Proj,No_Kink,15422,8065195
result_SELECT_100_Schwinger_OBC_0_0_1,outer,1,SA,1,Double,Yes_Kink,17531,2634252
result_SELECT_100_Schwinger_OBC_0_0_1,outer,1,SA,1,Proj,No_MSF,15416,72026
result_SELECT_100_Schwinger_OBC_0_0_1,outer,1,SA,1,Proj,No_Top,15416,154586
result_SELECT_100_Schwinger_OBC_0_0_1,outer,1,SA,1,Single,No_MSF,18708,2353985
result_SELECT_100_Schwinger_OBC_0_0_1,outer,1,SA,1,Single,No_Kink,18709,2726653
result_SELECT_100_Schwinger_OBC_0_0_1,outer,1,SA,1,Single,No_Top,18709,2436549
result_SELECT_100_Schwinger_OBC_0_0_1,outer,1,random,0,Double,No_MSF,17407,2188840
result_SELECT_100_Schwinger_OBC_0_0_1,outer,1,random,0,Double,No_Top,17408,2271428
result_SELECT_100_Schwinger_OBC_0_0_1,outer,1,SA,0.01,Proj,Yes_Kink,15421,7808939
result_SELECT_100_Schwinger_OBC_0_0_1,outer,1,random,0,Double,No_Kink,17450,3148435
result_SELECT_100_Schwinger_OBC_0_0_1,outer,1,SA,0.01,Proj,No_Kink,15422,8061722
result_SELECT_100_Schwinger_OBC_0_0_1,outer,1,random,0,Proj,No_MSF,15416,72026
result_SELECT_100_Schwinger_OBC_0_0_1,outer,1,random,0,Proj,No_Top,15416,154586
result_SELECT_100_Schwinger_OBC_0_0_1,outer,1,random,0,Double,Yes_Kink,17461,3153585
result_SELECT_100_Schwinger_OBC_0_0_1,outer,1,random,0,Single,No_MSF,18708,2353985
result_SELECT_100_Schwinger_OBC_0_0_1,outer,1,random,0,Single,No_Top,18709,2436549
result_SELECT_100_Schwinger_OBC_0_0_1,outer,1,random,0,Single,No_Kink,18725,3289992
result_SELECT_100_Schwinger_OBC_0_0_1,outer,2,SA,0.001,Double,No_MSF,17407,2188840
result_SELECT_100_Schwinger_OBC_0_0_1,outer,2,SA,0.001,Double,No_Kink,17408,2684592
result_SELECT_100_Schwinger_OBC_0_0_1,outer,1,SA,0.1,Proj,No_Kink,15422,8091869
result_SELECT_100_Schwinger_OBC_0_0_1,outer,2,SA,0.001,Double,No_Top,17408,2271428
result_SELECT_100_Schwinger_OBC_0_0_1,outer,1,SA,0.1,Proj,Yes_Kink,15421,7768964
result_SELECT_100_Schwinger_OBC_0_0_1,outer,2,SA,0.001,Proj,No_MSF,15416,72026
result_SELECT_100_Schwinger_OBC_0_0_1,outer,2,SA,0.001,Proj,No_Top,15416,154586
result_SELECT_100_Schwinger_OBC_0_0_1,outer,2,SA,0.001,Double,Yes_Kink,17410,2666171
result_SELECT_100_Schwinger_OBC_0_0_1,outer,2,SA,0.001,Single,No_MSF,18708,2353985
result_SELECT_100_Schwinger_OBC_0_0_1,outer,2,SA,0.001,Single,No_Kink,18709,2779991
result_SELECT_100_Schwinger_OBC_0_0_1,outer,2,SA,0.001,Single,No_Top,18709,2436549
result_SELECT_100_Schwinger_OBC_0_0_1,outer,2,SA,0.001,Single,Yes_Kink,18709,2838604
result_SELECT_100_Schwinger_OBC_0_0_1,outer,1,SA,1,Proj,No_Kink,15417,7504960
result_SELECT_100_Schwinger_OBC_0_0_1,outer,2,SA,0.01,Double,No_Kink,17411,2672116
result_SELECT_100_Schwinger_OBC_0_0_1,outer,2,SA,0.01,Double,No_MSF,17407,2188840
result_SELECT_100_Schwinger_OBC_0_0_1,outer,2,SA,0.01,Double,No_Top,17408,2271428
result_SELECT_100_Schwinger_OBC_0_0_1,outer,2,SA,0.01,Proj,No_MSF,15416,72026
result_SELECT_100_Schwinger_OBC_0_0_1,outer,1,SA,1,Proj,Yes_Kink,15416,7389948
result_SELECT_100_Schwinger_OBC_0_0_1,outer,2,SA,0.01,Double,Yes_Kink,17410,2651371
result_SELECT_100_Schwinger_OBC_0_0_1,outer,2,SA,0.01,Proj,No_Top,15416,154586
result_SELECT_100_Schwinger_OBC_0_0_1,outer,2,SA,0.01,Single,No_MSF,18708,2353985
result_SELECT_100_Schwinger_OBC_0_0_1,outer,2,SA,0.01,Single,No_Top,18709,2436549
result_SELECT_100_Schwinger_OBC_0_0_1,outer,2,SA,0.01,Single,No_Kink,18709,2774219
result_SELECT_100_Schwinger_OBC_0_0_1,outer,2,SA,0.01,Single,Yes_Kink,18709,2829211
result_SELECT_100_Schwinger_OBC_0_0_1,outer,2,SA,0.1,Double,No_Kink,17408,2653629
result_SELECT_100_Schwinger_OBC_0_0_1,outer,2,SA,0.1,Double,No_MSF,17407,2188840
result_SELECT_100_Schwinger_OBC_0_0_1,outer,2,SA,0.1,Double,No_Top,17408,2271428
result_SELECT_100_Schwinger_OBC_0_0_1,outer,2,SA,0.1,Double,Yes_Kink,17408,2636137
result_SELECT_100_Schwinger_OBC_0_0_1,outer,2,SA,0.1,Proj,No_MSF,15416,72026
result_SELECT_100_Schwinger_OBC_0_0_1,outer,1,random,0,Proj,No_Kink,15418,8529294
result_SELECT_100_Schwinger_OBC_0_0_1,outer,2,SA,0.1,Proj,No_Top,15416,154586
result_SELECT_100_Schwinger_OBC_0_0_1,outer,1,random,0,Proj,Yes_Kink,15418,8343646
result_SELECT_100_Schwinger_OBC_0_0_1,outer,2,SA,0.1,Single,No_Kink,18709,2758964
result_SELECT_100_Schwinger_OBC_0_0_1,outer,2,SA,0.1,Single,No_MSF,18708,2353985
result_SELECT_100_Schwinger_OBC_0_0_1,outer,2,SA,0.1,Single,No_Top,18709,2436549
result_SELECT_100_Schwinger_OBC_0_0_1,outer,2,SA,0.1,Single,Yes_Kink,18709,2813322
result_SELECT_100_Schwinger_OBC_0_0_1,outer,2,SA,1,Double,No_Kink,17461,2587028
result_SELECT_100_Schwinger_OBC_0_0_1,outer,2,SA,1,Double,No_MSF,17407,2188840
result_SELECT_100_Schwinger_OBC_0_0_1,outer,2,SA,0.001,Proj,No_Kink,15421,8237811
result_SELECT_100_Schwinger_OBC_0_0_1,outer,2,SA,1,Double,No_Top,17408,2271428
result_SELECT_100_Schwinger_OBC_0_0_1,outer,2,SA,0.001,Proj,Yes_Kink,15421,7982676
result_SELECT_100_Schwinger_OBC_0_0_1,outer,2,SA,1,Proj,No_MSF,15416,72026
result_SELECT_100_Schwinger_OBC_0_0_1,outer,2,SA,1,Proj,No_Top,15416,154586
result_SELECT_100_Schwinger_OBC_0_0_1,outer,2,SA,1,Double,Yes_Kink,17484,2573525
result_SELECT_100_Schwinger_OBC_0_0_1,outer,2,SA,1,Single,No_MSF,18708,2353985
result_SELECT_100_Schwinger_OBC_0_0_1,outer,2,SA,1,Single,No_Kink,18709,2681418
result_SELECT_100_Schwinger_OBC_0_0_1,outer,2,SA,1,Single,No_Top,18709,2436549
result_SELECT_100_Schwinger_OBC_0_0_1,outer,2,SA,0.01,Proj,No_Kink,15421,7883759
result_SELECT_100_Schwinger_OBC_0_0_1,outer,2,SA,1,Single,Yes_Kink,18709,2734493
result_SELECT_100_Schwinger_OBC_0_0_1,outer,2,SA,0.01,Proj,Yes_Kink,15422,7686655
result_SELECT_100_Schwinger_OBC_0_0_1,outer,2,random,0,Double,No_MSF,17407,2188840
result_SELECT_100_Schwinger_OBC_0_0_1,outer,2,random,0,Double,No_Top,17408,2271428
result_SELECT_100_Schwinger_OBC_0_0_1,outer,2,random,0,Double,No_Kink,17408,2898656
result_SELECT_100_Schwinger_OBC_0_0_1,outer,2,random,0,Proj,No_MSF,15416,72026
result_SELECT_100_Schwinger_OBC_0_0_1,outer,2,random,0,Proj,No_Top,15416,154586
result_SELECT_100_Schwinger_OBC_0_0_1,outer,2,random,0,Double,Yes_Kink,18022,2958766
result_SELECT_100_Schwinger_OBC_0_0_1,outer,2,random,0,Single,No_MSF,18708,2353985
result_SELECT_100_Schwinger_OBC_0_0_1,outer,2,random,0,Single,No_Kink,18709,3007664
result_SELECT_100_Schwinger_OBC_0_0_1,outer,2,random,0,Single,No_Top,18709,2436549
result_SELECT_100_Schwinger_OBC_0_0_1,outer,2,SA,0.1,Proj,No_Kink,15421,7843746
result_SELECT_100_Schwinger_OBC_0_0_2,inner,1,SA,0.001,Double,No_Kink,8739,1993489
result_SELECT_100_Schwinger_OBC_0_0_1,outer,2,SA,0.1,Proj,Yes_Kink,15421,7500419
result_SELECT_100_Schwinger_OBC_0_0_1,outer,2,random,0,Single,Yes_Kink,18710,3042619
result_SELECT_100_Schwinger_OBC_0_0_2,inner,1,SA,0.001,Double,No_MSF,8734,1440359
result_SELECT_100_Schwinger_OBC_0_0_2,inner,1,SA,0.001,Double,No_Top,8735,1523298
result_SELECT_100_Schwinger_OBC_0_0_2,inner,1,SA,0.001,Proj,No_MSF,7713,72278
result_SELECT_100_Schwinger_OBC_0_0_2,inner,1,SA,0.001,Proj,No_Top,7713,155158
result_SELECT_100_Schwinger_OBC_0_0_2,inner,1,SA,0.001,Double,Yes_Kink,8757,1989346
result_SELECT_100_Schwinger_OBC_0_0_2,inner,1,SA,0.001,Single,No_MSF,9403,1552741
result_SELECT_100_Schwinger_OBC_0_0_2,inner,1,SA,0.001,Single,No_Top,9403,1635525
result_SELECT_100_Schwinger_OBC_0_0_2,inner,1,SA,0.001,Single,No_Kink,9421,2054548
result_SELECT_100_Schwinger_OBC_0_0_2,inner,1,SA,0.01,Double,No_MSF,8734,1440359
result_SELECT_100_Schwinger_OBC_0_0_1,outer,2,SA,1,Proj,No_Kink,15419,7357410
result_SELECT_100_Schwinger_OBC_0_0_2,inner,1,SA,0.01,Double,No_Top,8735,1523298
result_SELECT_100_Schwinger_OBC_0_0_2,inner,1,SA,0.01,Double,No_Kink,8747,1983651
result_SELECT_100_Schwinger_OBC_0_0_1,outer,2,SA,1,Proj,Yes_Kink,15418,7093322
result_SELECT_100_Schwinger_OBC_0_0_2,inner,1,SA,0.01,Proj,No_MSF,7713,72278
result_SELECT_100_Schwinger_OBC_0_0_2,inner,1,SA,0.01,Proj,No_Top,7713,155158
result_SELECT_100_Schwinger_OBC_0_0_2,inner,1,SA,0.01,Double,Yes_Kink,8760,1984588
result_SELECT_100_Schwinger_OBC_0_0_2,inner,1,SA,0.01,Single,No_MSF,9403,1552741
result_SELECT_100_Schwinger_OBC_0_0_2,inner,1,SA,0.01,Single,No_Kink,9411,2034230
result_SELECT_100_Schwinger_OBC_0_0_2,inner,1,SA,0.01,Single,No_Top,9403,1635525
result_SELECT_100_Schwinger_OBC_0_0_2,inner,1,SA,0.1,Double,No_MSF,8734,1440359
result_SELECT_100_Schwinger_OBC_0_0_2,inner,1,SA,0.1,Double,No_Kink,8745,1913926
result_SELECT_100_Schwinger_OBC_0_0_2,inner,1,SA,0.1,Double,No_Top,8735,1523298
result_SELECT_100_Schwinger_OBC_0_0_2,inner,1,SA,0.1,Double,Yes_Kink,8754,1915475
result_SELECT_100_Schwinger_OBC_0_0_1,outer,2,random,0,Proj,No_Kink,15421,8112520
result_SELECT_100_Schwinger_OBC_0_0_2,inner,1,SA,0.1,Proj,No_MSF,7713,72278
result_SELECT_100_Schwinger_OBC_0_0_2,inner,1,SA,0.1,Proj,No_Top,7713,155158
result_SELECT_100_Schwinger_OBC_0_0_2,inner,1,SA,0.001,Proj,Yes_Kink,7728,5577703
result_SELECT_100_Schwinger_OBC_0_0_1,outer,2,random,0,Proj,Yes_Kink,15421,7929899
result_SELECT_100_Schwinger_OBC_0_0_2,inner,1,SA,0.001,Proj,No_Kink,7725,5685520
result_SELECT_100_Schwinger_OBC_0_0_2,inner,1,SA,0.1,Single,No_MSF,9403,1552741
result_SELECT_100_Schwinger_OBC_0_0_2,inner,1,SA,0.1,Single,No_Top,9403,1635525
result_SELECT_100_Schwinger_OBC_0_0_2,inner,1,SA,0.1,Single,No_Kink,9413,1965983
result_SELECT_100_Schwinger_OBC_0_0_2,inner,1,SA,1,Double,No_MSF,8734,1440359
result_SELECT_100_Schwinger_OBC_0_0_2,inner,1,SA,1,Double,No_Top,8735,1523298
result_SELECT_100_Schwinger_OBC_0_0_2,inner,1,SA,1,Double,No_Kink,8755,1876314
result_SELECT_100_Schwinger_OBC_0_0_2,inner,1,SA,1,Proj,No_MSF,7713,72278
result_SELECT_100_Schwinger_OBC_0_0_2,inner,1,SA,1,Proj,No_Top,7713,155158
result_SELECT_100_Schwinger_OBC_0_0_2,inner,1,SA,1,Double,Yes_Kink,8789,1884773
result_SELECT_100_Schwinger_OBC_0_0_2,inner,1,SA,1,Single,No_MSF,9403,1552741
result_SELECT_100_Schwinger_OBC_0_0_2,inner,1,SA,1,Single,No_Top,9403,1635525
result_SELECT_100_Schwinger_OBC_0_0_2,inner,1,SA,1,Single,No_Kink,9424,1918976
result_SELECT_100_Schwinger_OBC_0_0_2,inner,1,random,0,Double,No_MSF,8734,1440359
result_SELECT_100_Schwinger_OBC_0_0_2,inner,1,SA,0.01,Proj,No_Kink,7725,5534998
result_SELECT_100_Schwinger_OBC_0_0_2,inner,1,SA,0.01,Proj,Yes_Kink,7726,5518623
result_SELECT_100_Schwinger_OBC_0_0_2,inner,1,random,0,Double,No_Top,8735,1523298
result_SELECT_100_Schwinger_OBC_0_0_2,inner,1,random,0,Proj,No_MSF,7713,72278
result_SELECT_100_Schwinger_OBC_0_0_2,inner,1,random,0,Proj,No_Top,7713,155158
result_SELECT_100_Schwinger_OBC_0_0_2,inner,1,random,0,Double,No_Kink,8775,2443103
result_SELECT_100_Schwinger_OBC_0_0_2,inner,1,random,0,Double,Yes_Kink,8810,2454984
result_SELECT_100_Schwinger_OBC_0_0_2,inner,1,SA,0.1,Proj,No_Kink,7723,5459292
result_SELECT_100_Schwinger_OBC_0_0_2,inner,1,random,0,Single,No_MSF,9403,1552741
result_SELECT_100_Schwinger_OBC_0_0_2,inner,1,random,0,Single,No_Top,9403,1635525
result_SELECT_100_Schwinger_OBC_0_0_2,inner,2,SA,0.001,Double,No_MSF,8734,1440359
result_SELECT_100_Schwinger_OBC_0_0_2,inner,1,random,0,Single,No_Kink,9606,2605351
result_SELECT_100_Schwinger_OBC_0_0_2,inner,2,SA,0.001,Double,No_Top,8735,1523298
result_SELECT_100_Schwinger_OBC_0_0_2,inner,1,SA,0.1,Proj,Yes_Kink,7725,5325448
result_SELECT_100_Schwinger_OBC_0_0_2,inner,2,SA,0.001,Double,No_Kink,8743,1886770
result_SELECT_100_Schwinger_OBC_0_0_2,inner,2,SA,0.001,Proj,No_MSF,7713,72278
result_SELECT_100_Schwinger_OBC_0_0_2,inner,2,SA,0.001,Proj,No_Top,7713,155158
result_SELECT_100_Schwinger_OBC_0_0_2,inner,2,SA,0.001,Double,Yes_Kink,8759,1877540
result_SELECT_100_Schwinger_OBC_0_0_2,inner,1,SA,1,Proj,No_Kink,7721,5275602
result_SELECT_100_Schwinger_OBC_0_0_2,inner,2,SA,0.001,Single,No_MSF,9403,1552741
result_SELECT_100_Schwinger_OBC_0_0_2,inner,2,SA,0.001,Single,No_Top,9403,1635525
result_SELECT_100_Schwinger_OBC_0_0_2,inner,2,SA,0.001,Single,No_Kink,9406,1929701
result_SELECT_100_Schwinger_OBC_0_0_2,inner,1,SA,1,Proj,Yes_Kink,7726,5187266
result_SELECT_100_Schwinger_OBC_0_0_2,inner,2,SA,0.01,Double,No_MSF,8734,1440359
result_SELECT_100_Schwinger_OBC_0_0_2,inner,2,SA,0.01,Double,No_Top,8735,1523298
result_SELECT_100_Schwinger_OBC_0_0_2,inner,2,SA,0.01,Double,No_Kink,8740,1882943
result_SELECT_100_Schwinger_OBC_0_0_2,inner,2,SA,0.001,Single,Yes_Kink,9406,1993674
result_SELECT_100_Schwinger_OBC_0_0_2,inner,2,SA,0.01,Proj,No_MSF,7713,72278
result_SELECT_100_Schwinger_OBC_0_0_2,inner,2,SA,0.01,Proj,No_Top,7713,155158
result_SELECT_100_Schwinger_OBC_0_0_2,inner,2,SA,0.01,Double,Yes_Kink,8758,1874420
result_SELECT_100_Schwinger_OBC_0_0_2,inner,2,SA,0.01,Single,No_MSF,9403,1552741
result_SELECT_100_Schwinger_OBC_0_0_2,inner,2,SA,0.01,Single,No_Top,9403,1635525
result_SELECT_100_Schwinger_OBC_0_0_2,inner,2,SA,0.01,Single,No_Kink,9405,1922440
result_SELECT_100_Schwinger_OBC_0_0_2,inner,2,SA,0.01,Single,Yes_Kink,9404,1979961
result_SELECT_100_Schwinger_OBC_0_0_2,inner,2,SA,0.1,Double,No_Kink,8740,1890950
result_SELECT_100_Schwinger_OBC_0_0_2,inner,1,random,0,Proj,No_Kink,7733,6124211
result_SELECT_100_Schwinger_OBC_0_0_2,inner,1,random,0,Proj,Yes_Kink,7733,5984114
result_SELECT_100_Schwinger_OBC_0_0_2,inner,2,SA,0.1,Double,No_MSF,8734,1440359
result_SELECT_100_Schwinger_OBC_0_0_2,inner,2,SA,0.1,Double,No_Top,8735,1523298
result_SELECT_100_Schwinger_OBC_0_0_2,inner,2,SA,0.1,Proj,No_MSF,7713,72278
result_SELECT_100_Schwinger_OBC_0_0_2,inner,2,SA,0.1,Double,Yes_Kink,8756,1884034
result_SELECT_100_Schwinger_OBC_0_0_2,inner,2,SA,0.1,Proj,No_Top,7713,155158
result_SELECT_100_Schwinger_OBC_0_0_2,inner,2,SA,0.1,Single,No_MSF,9403,1552741
result_SELECT_100_Schwinger_OBC_0_0_2,inner,2,SA,0.1,Single,No_Top,9403,1635525
result_SELECT_100_Schwinger_OBC_0_0_2,inner,2,SA,0.1,Single,No_Kink,9404,1934703
result_SELECT_100_Schwinger_OBC_0_0_2,inner,2,SA,0.001,Proj,Yes_Kink,7720,5446330
result_SELECT_100_Schwinger_OBC_0_0_2,inner,2,SA,0.001,Proj,No_Kink,7718,5551015
result_SELECT_100_Schwinger_OBC_0_0_2,inner,2,SA,1,Double,No_MSF,8734,1440359
result_SELECT_100_Schwinger_OBC_0_0_2,inner,2,SA,1,Double,No_Kink,8746,1834054
result_SELECT_100_Schwinger_OBC_0_0_2,inner,2,SA,0.1,Single,Yes_Kink,9410,1996657
result_SELECT_100_Schwinger_OBC_0_0_2,inner,2,SA,1,Double,No_Top,8735,1523298
result_SELECT_100_Schwinger_OBC_0_0_2,inner,2,SA,1,Proj,No_MSF,7713,72278
result_SELECT_100_Schwinger_OBC_0_0_2,inner,2,SA,1,Proj,No_Top,7713,155158
result_SELECT_100_Schwinger_OBC_0_0_2,inner,2,SA,1,Double,Yes_Kink,8762,1831639
result_SELECT_100_Schwinger_OBC_0_0_2,inner,2,SA,1,Single,No_MSF,9403,1552741
result_SELECT_100_Schwinger_OBC_0_0_2,inner,2,SA,0.01,Proj,No_Kink,7719,5446140
result_SELECT_100_Schwinger_OBC_0_0_2,inner,2,SA,1,Single,No_Kink,9409,1879600
result_SELECT_100_Schwinger_OBC_0_0_2,inner,2,SA,1,Single,No_Top,9403,1635525
result_SELECT_100_Schwinger_OBC_0_0_2,inner,2,SA,0.01,Proj,Yes_Kink,7720,5290352
result_SELECT_100_Schwinger_OBC_0_0_2,inner,2,random,0,Double,No_MSF,8734,1440359
result_SELECT_100_Schwinger_OBC_0_0_2,inner,2,random,0,Double,No_Top,8735,1523298
result_SELECT_100_Schwinger_OBC_0_0_2,inner,2,SA,1,Single,Yes_Kink,9410,1945647
result_SELECT_100_Schwinger_OBC_0_0_2,inner,2,random,0,Proj,No_MSF,7713,72278
result_SELECT_100_Schwinger_OBC_0_0_2,inner,2,random,0,Proj,No_Top,7713,155158
result_SELECT_100_Schwinger_OBC_0_0_2,inner,2,random,0,Double,No_Kink,8800,2355079
result_SELECT_100_Schwinger_OBC_0_0_2,inner,2,random,0,Double,Yes_Kink,9056,2399255
result_SELECT_100_Schwinger_OBC_0_0_2,inner,2,random,0,Single,No_MSF,9403,1552741
result_SELECT_100_Schwinger_OBC_0_0_2,inner,2,SA,0.1,Proj,No_Kink,7722,5389631
result_SELECT_100_Schwinger_OBC_0_0_2,inner,2,SA,0.1,Proj,Yes_Kink,7721,5318208
result_SELECT_100_Schwinger_OBC_0_0_2,inner,2,random,0,Single,No_Top,9403,1635525
result_SELECT_100_Schwinger_OBC_0_0_2,inner,2,random,0,Single,No_Kink,9419,2412672
result_SELECT_100_Schwinger_OBC_0_0_2,outer,1,SA,0.001,Double,No_MSF,8734,1440359
result_SELECT_100_Schwinger_OBC_0_0_2,outer,1,SA,0.001,Double,No_Top,8735,1523298
result_SELECT_100_Schwinger_OBC_0_0_2,outer,1,SA,0.001,Double,No_Kink,8740,1992170
result_SELECT_100_Schwinger_OBC_0_0_2,inner,2,random,0,Single,Yes_Kink,9470,2450012
result_SELECT_100_Schwinger_OBC_0_0_2,outer,1,SA,0.001,Proj,No_MSF,7713,72278
result_SELECT_100_Schwinger_OBC_0_0_2,outer,1,SA,0.001,Double,Yes_Kink,8762,1989353
result_SELECT_100_Schwinger_OBC_0_0_2,outer,1,SA,0.001,Proj,No_Top,7713,155158
result_SELECT_100_Schwinger_OBC_0_0_2,inner,2,SA,1,Proj,No_Kink,7720,5068636
result_SELECT_100_Schwinger_OBC_0_0_2,outer,1,SA,0.001,Single,No_MSF,9403,1552741
result_SELECT_100_Schwinger_OBC_0_0_2,inner,2,SA,1,Proj,Yes_Kink,7721,5068418
result_SELECT_100_Schwinger_OBC_0_0_2,outer,1,SA,0.01,Double,No_MSF,8734,1440359
result_SELECT_100_Schwinger_OBC_0_0_2,outer,1,SA,0.001,Single,No_Top,9403,1635525
result_SELECT_100_Schwinger_OBC_0_0_2,outer,1,SA,0.001,Single,No_Kink,9416,2042658
result_SELECT_100_Schwinger_OBC_0_0_2,outer,1,SA,0.01,Double,No_Top,8735,1523298
result_SELECT_100_Schwinger_OBC_0_0_2,outer,1,SA,0.01,Proj,No_MSF,7713,72278
result_SELECT_100_Schwinger_OBC_0_0_2,outer,1,SA,0.01,Double,No_Kink,8752,1997246
result_SELECT_100_Schwinger_OBC_0_0_2,outer,1,SA,0.01,Proj,No_Top,7713,155158
result_SELECT_100_Schwinger_OBC_0_0_2,outer,1,SA,0.01,Double,Yes_Kink,8769,1994868
result_SELECT_100_Schwinger_OBC_0_0_2,outer,1,SA,0.01,Single,No_MSF,9403,1552741
result_SELECT_100_Schwinger_OBC_0_0_2,outer,1,SA,0.01,Single,No_Top,9403,1635525
result_SELECT_100_Schwinger_OBC_0_0_2,outer,1,SA,0.01,Single,No_Kink,9418,2059375
result_SELECT_100_Schwinger_OBC_0_0_2,outer,1,SA,0.1,Double,No_MSF,8734,1440359
result_SELECT_100_Schwinger_OBC_0_0_2,outer,1,SA,0.1,Double,No_Top,8735,1523298
result_SELECT_100_Schwinger_OBC_0_0_2,outer,1,SA,0.1,Double,No_Kink,8739,1982885
result_SELECT_100_Schwinger_OBC_0_0_2,inner,2,random,0,Proj,No_Kink,7724,6610068
result_SELECT_100_Schwinger_OBC_0_0_2,outer,1,SA,0.1,Double,Yes_Kink,8744,1977168
result_SELECT_100_Schwinger_OBC_0_0_2,inner,2,random,0,Proj,Yes_Kink,7726,6430288
result_SELECT_100_Schwinger_OBC_0_0_2,outer,1,SA,0.1,Proj,No_MSF,7713,72278
result_SELECT_100_Schwinger_OBC_0_0_2,outer,1,SA,0.1,Proj,No_Top,7713,155158
result_SELECT_100_Schwinger_OBC_0_0_2,outer,1,SA,0.1,Single,No_MSF,9403,1552741
result_SELECT_100_Schwinger_OBC_0_0_2,outer,1,SA,0.1,Single,No_Top,9403,1635525
result_SELECT_100_Schwinger_OBC_0_0_2,outer,1,SA,0.1,Single,No_Kink,9416,2043817
result_SELECT_100_Schwinger_OBC_0_0_2,outer,1,SA,0.001,Proj,No_Kink,7724,5798430
result_SELECT_100_Schwinger_OBC_0_0_2,outer,1,SA,1,Double,No_MSF,8734,1440359
result_SELECT_100_Schwinger_OBC_0_0_2,outer,1,SA,1,Double,No_Top,8735,1523298
result_SELECT_100_Schwinger_OBC_0_0_2,outer,1,SA,0.001,Proj,Yes_Kink,7725,5662353
result_SELECT_100_Schwinger_OBC_0_0_2,outer,1,SA,1,Double,No_Kink,8741,1894459
result_SELECT_100_Schwinger_OBC_0_0_2,outer,1,SA,1,Proj,No_MSF,7713,72278
result_SELECT_100_Schwinger_OBC_0_0_2,outer,1,SA,1,Proj,No_Top,7713,155158
result_SELECT_100_Schwinger_OBC_0_0_2,outer,1,SA,1,Double,Yes_Kink,8770,1895834
result_SELECT_100_Schwinger_OBC_0_0_2,outer,1,SA,1,Single,No_MSF,9403,1552741
result_SELECT_100_Schwinger_OBC_0_0_2,outer,1,SA,1,Single,No_Top,9403,1635525
result_SELECT_100_Schwinger_OBC_0_0_2,outer,1,SA,1,Single,No_Kink,9416,1952669
result_SELECT_100_Schwinger_OBC_0_0_2,outer,1,SA,0.01,Proj,No_Kink,7724,5889185
result_SELECT_100_Schwinger_OBC_0_0_2,outer,1,random,0,Double,No_MSF,8734,1440359
result_SELECT_100_Schwinger_OBC_0_0_2,outer,1,random,0,Double,No_Top,8735,1523298
result_SELECT_100_Schwinger_OBC_0_0_2,outer,1,SA,0.01,Proj,Yes_Kink,7725,5769433
result_SELECT_100_Schwinger_OBC_0_0_2,outer,1,random,0,Proj,No_MSF,7713,72278
result_SELECT_100_Schwinger_OBC_0_0_2,outer,1,random,0,Proj,No_Top,7713,155158
result_SELECT_100_Schwinger_OBC_0_0_2,outer,1,random,0,Double,No_Kink,8801,2453850
result_SELECT_100_Schwinger_OBC_0_0_2,outer,1,random,0,Double,Yes_Kink,8881,2476093
result_SELECT_100_Schwinger_OBC_0_0_2,outer,1,random,0,Single,No_MSF,9403,1552741
result_SELECT_100_Schwinger_OBC_0_0_2,outer,1,random,0,Single,No_Top,9403,1635525
result_SELECT_100_Schwinger_OBC_0_0_2,outer,1,SA,0.1,Proj,No_Kink,7723,5759644
result_SELECT_100_Schwinger_OBC_0_0_2,outer,1,SA,0.1,Proj,Yes_Kink,7724,5549334
result_SELECT_100_Schwinger_OBC_0_0_2,outer,2,SA,0.001,Double,No_MSF,8734,1440359
result_SELECT_100_Schwinger_OBC_0_0_2,outer,1,random,0,Single,No_Kink,9557,2607328
result_SELECT_100_Schwinger_OBC_0_0_2,outer,2,SA,0.001,Double,No_Kink,8740,1965586
result_SELECT_100_Schwinger_OBC_0_0_2,outer,2,SA,0.001,Double,No_Top,8735,1523298
result_SELECT_100_Schwinger_OBC_0_0_2,outer,2,SA,0.001,Proj,No_MSF,7713,72278
result_SELECT_100_Schwinger_OBC_0_0_2,outer,2,SA,0.001,Proj,No_Top,7713,155158
result_SELECT_100_Schwinger_OBC_0_0_2,outer,2,SA,0.001,Double,Yes_Kink,8751,1951925
result_SELECT_100_Schwinger_OBC_0_0_2,outer,1,SA,1,Proj,No_Kink,7718,5411773
result_SELECT_100_Schwinger_OBC_0_0_2,outer,2,SA,0.001,Single,No_MSF,9403,1552741
result_SELECT_100_Schwinger_OBC_0_0_2,outer,2,SA,0.001,Single,No_Kink,9405,2010234
result_SELECT_100_Schwinger_OBC_0_0_2,outer,2,SA,0.001,Single,No_Top,9403,1635525
result_SELECT_100_Schwinger_OBC_0_0_2,outer,1,SA,1,Proj,Yes_Kink,7719,5208539
result_SELECT_100_Schwinger_OBC_0_0_2,outer,2,SA,0.01,Double,No_MSF,8734,1440359
result_SELECT_100_Schwinger_OBC_0_0_2,outer,2,SA,0.01,Double,No_Top,8735,1523298
result_SELECT_100_Schwinger_OBC_0_0_2,outer,2,SA,0.001,Single,Yes_Kink,9407,2075935
result_SELECT_100_Schwinger_OBC_0_0_2,outer,2,SA,0.01,Double,No_Kink,8756,1922783
result_SELECT_100_Schwinger_OBC_0_0_2,outer,2,SA,0.01,Proj,No_MSF,7713,72278
result_SELECT_100_Schwinger_OBC_0_0_2,outer,2,SA,0.01,Proj,No_Top,7713,155158
result_SELECT_100_Schwinger_OBC_0_0_2,outer,2,SA,0.01,Double,Yes_Kink,8755,1907390
result_SELECT_100_Schwinger_OBC_0_0_2,outer,2,SA,0.01,Single,No_MSF,9403,1552741
result_SELECT_100_Schwinger_OBC_0_0_2,outer,2,SA,0.01,Single,No_Kink,9404,1966382
result_SELECT_100_Schwinger_OBC_0_0_2,outer,2,SA,0.01,Single,No_Top,9403,1635525
result_SELECT_100_Schwinger_OBC_0_0_2,outer,1,random,0,Proj,No_Kink,7731,6178245
result_SELECT_100_Schwinger_OBC_0_0_2,outer,2,SA,0.01,Single,Yes_Kink,9403,2023672
result_SELECT_100_Schwinger_OBC_0_0_2,outer,2,SA,0.1,Double,No_MSF,8734,1440359
result_SELECT_100_Schwinger_OBC_0_0_2,outer,2,SA,0.1,Double,No_Kink,8738,1913691
result_SELECT_100_Schwinger_OBC_0_0_2,outer,2,SA,0.1,Double,No_Top,8735,1523298
result_SELECT_100_Schwinger_OBC_0_0_2,outer,1,random,0,Proj,Yes_Kink,7731,6014503
result_SELECT_100_Schwinger_OBC_0_0_2,outer,2,SA,0.1,Proj,No_MSF,7713,72278
result_SELECT_100_Schwinger_OBC_0_0_2,outer,2,SA,0.1,Proj,No_Top,7713,155158
result_SELECT_100_Schwinger_OBC_0_0_2,outer,2,SA,0.1,Double,Yes_Kink,8739,1896088
result_SELECT_100_Schwinger_OBC_0_0_2,outer,2,SA,0.1,Single,No_MSF,9403,1552741
result_SELECT_100_Schwinger_OBC_0_0_2,outer,2,SA,0.1,Single,No_Top,9403,1635525
result_SELECT_100_Schwinger_OBC_0_0_2,outer,2,SA,0.1,Single,No_Kink,9404,1959757
result_SELECT_100_Schwinger_OBC_0_0_2,outer,2,SA,1,Double,No_Kink,8794,1847539
result_SELECT_100_Schwinger_OBC_0_0_2,outer,2,SA,0.1,Single,Yes_Kink,9403,2022672
result_SELECT_100_Schwinger_OBC_0_0_2,outer,2,SA,1,Double,No_MSF,8734,1440359
result_SELECT_100_Schwinger_OBC_0_0_2,outer,2,SA,1,Double,No_Top,8735,1523298
result_SELECT_100_Schwinger_OBC_0_0_2,outer,2,SA,0.001,Proj,Yes_Kink,7721,6224154
result_SELECT_100_Schwinger_OBC_0_0_2,outer,2,SA,0.001,Proj,No_Kink,7721,6416240
result_SELECT_100_Schwinger_OBC_0_0_2,outer,2,SA,1,Double,Yes_Kink,8791,1838915
result_SELECT_100_Schwinger_OBC_0_0_2,outer,2,SA,1,Proj,No_MSF,7713,72278
result_SELECT_100_Schwinger_OBC_0_0_2,outer,2,SA,1,Proj,No_Top,7713,155158
result_SELECT_100_Schwinger_OBC_0_0_2,outer,2,SA,1,Single,No_MSF,9403,1552741
result_SELECT_100_Schwinger_OBC_0_0_2,outer,2,SA,1,Single,No_Top,9403,1635525
result_SELECT_100_Schwinger_OBC_0_0_2,outer,2,SA,0.01,Proj,Yes_Kink,7721,5438814
result_SELECT_100_Schwinger_OBC_0_0_2,outer,2,SA,1,Single,No_Kink,9404,1882782
result_SELECT_100_Schwinger_OBC_0_0_2,outer,2,SA,0.01,Proj,No_Kink,7720,5715937
result_SELECT_100_Schwinger_OBC_0_0_2,outer,2,random,0,Double,No_MSF,8734,1440359
result_SELECT_100_Schwinger_OBC_0_0_2,outer,2,random,0,Double,No_Top,8735,1523298
result_SELECT_100_Schwinger_OBC_0_0_2,outer,2,SA,1,Single,Yes_Kink,9405,1966907
result_SELECT_100_Schwinger_OBC_0_0_2,outer,2,random,0,Proj,No_MSF,7713,72278
result_SELECT_100_Schwinger_OBC_0_0_2,outer,2,random,0,Double,No_Kink,8773,2261124
result_SELECT_100_Schwinger_OBC_0_0_2,outer,2,random,0,Proj,No_Top,7713,155158
result_SELECT_100_Schwinger_OBC_0_0_2,outer,2,random,0,Double,Yes_Kink,9142,2312434
result_SELECT_100_Schwinger_OBC_0_0_2,outer,2,random,0,Single,No_MSF,9403,1552741
result_SELECT_100_Schwinger_OBC_0_0_2,outer,2,random,0,Single,No_Top,9403,1635525
result_SELECT_100_Schwinger_OBC_0_0_2,outer,2,random,0,Single,No_Kink,9411,2322738
result_SELECT_100_Schwinger_OBC_0_0_2,outer,2,SA,0.1,Proj,No_Kink,7722,6447851
result_SELECT_100_Schwinger_OBC_0_0_2,outer,2,SA,0.1,Proj,Yes_Kink,7722,6310960
result_SELECT_100_Schwinger_OBC_0_0_3,inner,1,SA,0.001,Double,No_MSF,4394,987896
result_SELECT_100_Schwinger_OBC_0_0_3,inner,1,SA,0.001,Double,No_Top,4396,1071549
result_SELECT_100_Schwinger_OBC_0_0_3,inner,1,SA,0.001,Double,No_Kink,5049,1683343
result_SELECT_100_Schwinger_OBC_0_0_2,outer,2,random,0,Single,Yes_Kink,9412,2357035
result_SELECT_100_Schwinger_OBC_0_0_3,inner,1,SA,0.001,Proj,No_MSF,3857,72758
result_SELECT_100_Schwinger_OBC_0_0_3,inner,1,SA,0.001,Proj,No_Top,3857,156214
result_SELECT_100_Schwinger_OBC_0_0_3,inner,1,SA,0.001,Double,Yes_Kink,5559,1797691
result_SELECT_100_Schwinger_OBC_0_0_3,inner,1,SA,0.001,Single,No_MSF,4745,1068577
result_SELECT_100_Schwinger_OBC_0_0_3,inner,1,SA,0.001,Single,No_Top,4745,1151801
result_SELECT_100_Schwinger_OBC_0_0_3,inner,1,SA,0.001,Single,No_Kink,4781,1591886
result_SELECT_100_Schwinger_OBC_0_0_3,inner,1,SA,0.01,Double,No_MSF,4394,987896
result_SELECT_100_Schwinger_OBC_0_0_2,outer,2,SA,1,Proj,No_Kink,7721,6319289
result_SELECT_100_Schwinger_OBC_0_0_3,inner,1,SA,0.01,Double,No_Top,4396,1071549
result_SELECT_100_Schwinger_OBC_0_0_3,inner,1,SA,0.01,Double,No_Kink,4442,1541876
result_SELECT_100_Schwinger_OBC_0_0_2,outer,2,SA,1,Proj,Yes_Kink,7724,6139941
result_SELECT_100_Schwinger_OBC_0_0_3,inner,1,SA,0.01,Proj,No_MSF,3857,72758
result_SELECT_100_Schwinger_OBC_0_0_3,inner,1,SA,0.01,Proj,No_Top,3857,156214
result_SELECT_100_Schwinger_OBC_0_0_3,inner,1,SA,0.01,Double,Yes_Kink,4510,1566776
result_SELECT_100_Schwinger_OBC_0_0_3,inner,1,SA,0.01,Single,No_MSF,4745,1068577
result_SELECT_100_Schwinger_OBC_0_0_3,inner,1,SA,0.01,Single,No_Kink,4795,1579178
result_SELECT_100_Schwinger_OBC_0_0_3,inner,1,SA,0.01,Single,No_Top,4745,1151801
result_SELECT_100_Schwinger_OBC_0_0_2,outer,2,random,0,Proj,No_Kink,7727,6577385
result_SELECT_100_Schwinger_OBC_0_0_3,inner,1,SA,0.1,Double,No_MSF,4394,987896
result_SELECT_100_Schwinger_OBC_0_0_3,inner,1,SA,0.1,Double,No_Kink,4494,1518818
result_SELECT_100_Schwinger_OBC_0_0_3,inner,1,SA,0.1,Double,No_Top,4396,1071549
result_SELECT_100_Schwinger_OBC_0_0_3,inner,1,SA,0.001,Proj,No_Kink,3877,4440391
result_SELECT_100_Schwinger_OBC_0_0_3,inner,1,SA,0.1,Proj,No_MSF,3857,72758
result_SELECT_100_Schwinger_OBC_0_0_3,inner,1,SA,0.001,Proj,Yes_Kink,3878,4359931
result_SELECT_100_Schwinger_OBC_0_0_2,outer,2,random,0,Proj,Yes_Kink,7728,6400263
result_SELECT_100_Schwinger_OBC_0_0_3,inner,1,SA,0.1,Double,Yes_Kink,4672,1559777
result_SELECT_100_Schwinger_OBC_0_0_3,inner,1,SA,0.1,Proj,No_Top,3857,156214
result_SELECT_100_Schwinger_OBC_0_0_3,inner,1,SA,0.1,Single,No_MSF,4745,1068577
result_SELECT_100_Schwinger_OBC_0_0_3,inner,1,SA,0.1,Single,No_Top,4745,1151801
result_SELECT_100_Schwinger_OBC_0_0_3,inner,1,SA,1,Double,No_MSF,4394,987896
result_SELECT_100_Schwinger_OBC_0_0_3,inner,1,SA,1,Double,No_Top,4396,1071549
result_SELECT_100_Schwinger_OBC_0_0_3,inner,1,SA,0.1,Single,No_Kink,4785,1536928
result_SELECT_100_Schwinger_OBC_0_0_3,inner,1,SA,1,Double,No_Kink,4416,1478169
result_SELECT_100_Schwinger_OBC_0_0_3,inner,1,SA,1,Proj,No_MSF,3857,72758
result_SELECT_100_Schwinger_OBC_0_0_3,inner,1,SA,1,Proj,No_Top,3857,156214
result_SELECT_100_Schwinger_OBC_0_0_3,inner,1,SA,1,Double,Yes_Kink,4442,1490302
result_SELECT_100_Schwinger_OBC_0_0_3,inner,1,SA,1,Single,No_MSF,4745,1068577
result_SELECT_100_Schwinger_OBC_0_0_3,inner,1,SA,0.01,Proj,No_Kink,3880,4412765
result_SELECT_100_Schwinger_OBC_0_0_3,inner,1,SA,1,Single,No_Top,4745,1151801
result_SELECT_100_Schwinger_OBC_0_0_3,inner,1,SA,0.01,Proj,Yes_Kink,3879,4337074
result_SELECT_100_Schwinger_OBC_0_0_3,inner,1,SA,1,Single,No_Kink,4793,1506861
result_SELECT_100_Schwinger_OBC_0_0_3,inner,1,random,0,Double,No_MSF,4394,987896
result_SELECT_100_Schwinger_OBC_0_0_3,inner,1,random,0,Double,No_Top,4396,1071549
result_SELECT_100_Schwinger_OBC_0_0_3,inner,1,random,0,Proj,No_MSF,3857,72758
result_SELECT_100_Schwinger_OBC_0_0_3,inner,1,random,0,Proj,No_Top,3857,156214
result_SELECT_100_Schwinger_OBC_0_0_3,inner,1,random,0,Double,No_Kink,4724,2329351
result_SELECT_100_Schwinger_OBC_0_0_3,inner,1,SA,0.1,Proj,No_Kink,3875,4497098
result_SELECT_100_Schwinger_OBC_0_0_3,inner,1,random,0,Double,Yes_Kink,4744,2350274
result_SELECT_100_Schwinger_OBC_0_0_3,inner,1,SA,0.1,Proj,Yes_Kink,3877,4392890
result_SELECT_100_Schwinger_OBC_0_0_3,inner,1,random,0,Single,No_MSF,4745,1068577
result_SELECT_100_Schwinger_OBC_0_0_3,inner,1,random,0,Single,No_Top,4745,1151801
result_SELECT_100_Schwinger_OBC_0_0_3,inner,2,SA,0.001,Double,No_Top,4396,1071549
result_SELECT_100_Schwinger_OBC_0_0_3,inner,2,SA,0.001,Double,No_MSF,4394,987896
result_SELECT_100_Schwinger_OBC_0_0_3,inner,2,SA,0.001,Double,No_Kink,4408,1454822
result_SELECT_100_Schwinger_OBC_0_0_3,inner,2,SA,0.001,Proj,No_MSF,3857,72758
result_SELECT_100_Schwinger_OBC_0_0_3,inner,1,SA,1,Proj,No_Kink,3873,4410149
result_SELECT_100_Schwinger_OBC_0_0_3,inner,1,SA,1,Proj,Yes_Kink,3874,4309102
result_SELECT_100_Schwinger_OBC_0_0_3,inner,2,SA,0.001,Double,Yes_Kink,4438,1454711
result_SELECT_100_Schwinger_OBC_0_0_3,inner,2,SA,0.001,Proj,No_Top,3857,156214
result_SELECT_100_Schwinger_OBC_0_0_3,inner,2,SA,0.001,Single,No_MSF,4745,1068577
result_SELECT_100_Schwinger_OBC_0_0_3,inner,2,SA,0.001,Single,No_Top,4745,1151801
result_SELECT_100_Schwinger_OBC_0_0_3,inner,1,random,0,Single,No_Kink,5512,2611059
result_SELECT_100_Schwinger_OBC_0_0_3,inner,2,SA,0.01,Double,No_MSF,4394,987896
result_SELECT_100_Schwinger_OBC_0_0_3,inner,2,SA,0.001,Single,No_Kink,4756,1471146
result_SELECT_100_Schwinger_OBC_0_0_3,inner,2,SA,0.01,Double,No_Top,4396,1071549
result_SELECT_100_Schwinger_OBC_0_0_3,inner,2,SA,0.001,Single,Yes_Kink,4755,1543476
result_SELECT_100_Schwinger_OBC_0_0_3,inner,2,SA,0.01,Double,No_Kink,4436,1462314
result_SELECT_100_Schwinger_OBC_0_0_3,inner,1,random,0,Proj,No_Kink,3906,4561265
result_SELECT_100_Schwinger_OBC_0_0_3,inner,2,SA,0.01,Proj,No_MSF,3857,72758
result_SELECT_100_Schwinger_OBC_0_0_3,inner,2,SA,0.01,Proj,No_Top,3857,156214
result_SELECT_100_Schwinger_OBC_0_0_3,inner,2,SA,0.01,Double,Yes_Kink,4497,1468953
result_SELECT_100_Schwinger_OBC_0_0_3,inner,2,SA,0.01,Single,No_MSF,4745,1068577
result_SELECT_100_Schwinger_OBC_0_0_3,inner,2,SA,0.01,Single,No_Top,4745,1151801
result_SELECT_100_Schwinger_OBC_0_0_3,inner,2,SA,0.01,Single,No_Kink,4752,1473222
result_SELECT_100_Schwinger_OBC_0_0_3,inner,1,random,0,Proj,Yes_Kink,3957,4453039
result_SELECT_100_Schwinger_OBC_0_0_3,inner,2,SA,0.1,Double,No_MSF,4394,987896
result_SELECT_100_Schwinger_OBC_0_0_3,inner,2,SA,0.1,Double,No_Top,4396,1071549
result_SELECT_100_Schwinger_OBC_0_0_3,inner,2,SA,0.01,Single,Yes_Kink,4755,1542756
result_SELECT_100_Schwinger_OBC_0_0_3,inner,2,SA,0.1,Double,No_Kink,4893,1524682
result_SELECT_100_Schwinger_OBC_0_0_3,inner,2,SA,0.1,Proj,No_MSF,3857,72758
result_SELECT_100_Schwinger_OBC_0_0_3,inner,2,SA,0.1,Proj,No_Top,3857,156214
result_SELECT_100_Schwinger_OBC_0_0_3,inner,2,SA,0.1,Double,Yes_Kink,5365,1623075
result_SELECT_100_Schwinger_OBC_0_0_3,inner,2,SA,0.1,Single,No_MSF,4745,1068577
result_SELECT_100_Schwinger_OBC_0_0_3,inner,2,SA,0.1,Single,No_Kink,4751,1434419
result_SELECT_100_Schwinger_OBC_0_0_3,inner,2,SA,0.001,Proj,No_Kink,3869,4484039
result_SELECT_100_Schwinger_OBC_0_0_3,inner,2,SA,0.1,Single,No_Top,4745,1151801
result_SELECT_100_Schwinger_OBC_0_0_3,inner,2,SA,0.001,Proj,Yes_Kink,3868,4444609
result_SELECT_100_Schwinger_OBC_0_0_3,inner,2,SA,1,Double,No_MSF,4394,987896
result_SELECT_100_Schwinger_OBC_0_0_3,inner,2,SA,1,Double,No_Top,4396,1071549
result_SELECT_100_Schwinger_OBC_0_0_3,inner,2,SA,0.1,Single,Yes_Kink,4751,1505221
result_SELECT_100_Schwinger_OBC_0_0_3,inner,2,SA,1,Double,No_Kink,4547,1451395
result_SELECT_100_Schwinger_OBC_0_0_3,inner,2,SA,1,Proj,No_MSF,3857,72758
result_SELECT_100_Schwinger_OBC_0_0_3,inner,2,SA,1,Proj,No_Top,3857,156214
result_SELECT_100_Schwinger_OBC_0_0_3,inner,2,SA,1,Double,Yes_Kink,4599,1461629
result_SELECT_100_Schwinger_OBC_0_0_3,inner,2,SA,1,Single,No_MSF,4745,1068577
result_SELECT_100_Schwinger_OBC_0_0_3,inner,2,SA,1,Single,No_Top,4745,1151801
result_SELECT_100_Schwinger_OBC_0_0_3,inner,2,SA,1,Single,No_Kink,4761,1441864
result_SELECT_100_Schwinger_OBC_0_0_3,inner,2,SA,0.01,Proj,Yes_Kink,3872,4476035
result_SELECT_100_Schwinger_OBC_0_0_3,inner,2,SA,0.01,Proj,No_Kink,3871,4574861
result_SELECT_100_Schwinger_OBC_0_0_3,inner,2,random,0,Double,No_MSF,4394,987896
result_SELECT_100_Schwinger_OBC_0_0_3,inner,2,random,0,Double,No_Top,4396,1071549
result_SELECT_100_Schwinger_OBC_0_0_3,inner,2,SA,1,Single,Yes_Kink,4764,1515149
result_SELECT_100_Schwinger_OBC_0_0_3,inner,2,random,0,Proj,No_MSF,3857,72758
result_SELECT_100_Schwinger_OBC_0_0_3,inner,2,random,0,Double,No_Kink,4817,1947859
result_SELECT_100_Schwinger_OBC_0_0_3,inner,2,random,0,Proj,No_Top,3857,156214
result_SELECT_100_Schwinger_OBC_0_0_3,inner,2,SA,0.1,Proj,No_Kink,3873,4489017
result_SELECT_100_Schwinger_OBC_0_0_3,inner,2,random,0,Double,Yes_Kink,5172,2030667
result_SELECT_100_Schwinger_OBC_0_0_3,inner,2,random,0,Single,No_MSF,4745,1068577
result_SELECT_100_Schwinger_OBC_0_0_3,inner,2,SA,0.1,Proj,Yes_Kink,3872,4415745
result_SELECT_100_Schwinger_OBC_0_0_3,inner,2,random,0,Single,No_Top,4745,1151801
result_SELECT_100_Schwinger_OBC_0_0_3,outer,1,SA,0.001,Double,No_MSF,4394,987896
result_SELECT_100_Schwinger_OBC_0_0_3,inner,2,random,0,Single,No_Kink,4789,1899598
result_SELECT_100_Schwinger_OBC_0_0_3,outer,1,SA,0.001,Double,No_Top,4396,1071549
result_SELECT_100_Schwinger_OBC_0_0_3,outer,1,SA,0.001,Double,No_Kink,4417,1599421
result_SELECT_100_Schwinger_OBC_0_0_3,inner,2,random,0,Single,Yes_Kink,4784,1938166
result_SELECT_100_Schwinger_OBC_0_0_3,outer,1,SA,0.001,Proj,No_MSF,3857,72758
result_SELECT_100_Schwinger_OBC_0_0_3,inner,2,SA,1,Proj,No_Kink,3869,4382103
result_SELECT_100_Schwinger_OBC_0_0_3,outer,1,SA,0.001,Proj,No_Top,3857,156214
result_SELECT_100_Schwinger_OBC_0_0_3,outer,1,SA,0.001,Single,No_MSF,4745,1068577
result_SELECT_100_Schwinger_OBC_0_0_3,outer,1,SA,0.001,Double,Yes_Kink,4430,1602159
result_SELECT_100_Schwinger_OBC_0_0_3,inner,2,SA,1,Proj,Yes_Kink,3871,4238809
result_SELECT_100_Schwinger_OBC_0_0_3,outer,1,SA,0.001,Single,No_Top,4745,1151801
result_SELECT_100_Schwinger_OBC_0_0_3,outer,1,SA,0.01,Double,No_MSF,4394,987896
result_SELECT_100_Schwinger_OBC_0_0_3,outer,1,SA,0.001,Single,No_Kink,4794,1643785
result_SELECT_100_Schwinger_OBC_0_0_3,outer,1,SA,0.01,Double,No_Top,4396,1071549
result_SELECT_100_Schwinger_OBC_0_0_3,outer,1,SA,0.01,Proj,No_MSF,3857,72758
result_SELECT_100_Schwinger_OBC_0_0_3,outer,1,SA,0.01,Double,No_Kink,4409,1571285
result_SELECT_100_Schwinger_OBC_0_0_3,outer,1,SA,0.01,Proj,No_Top,3857,156214
result_SELECT_100_Schwinger_OBC_0_0_3,outer,1,SA,0.01,Double,Yes_Kink,4421,1572048
result_SELECT_100_Schwinger_OBC_0_0_3,outer,1,SA,0.01,Single,No_MSF,4745,1068577
result_SELECT_100_Schwinger_OBC_0_0_3,outer,1,SA,0.01,Single,No_Top,4745,1151801
result_SELECT_100_Schwinger_OBC_0_0_3,inner,2,random,0,Proj,No_Kink,3874,4810959
result_SELECT_100_Schwinger_OBC_0_0_3,outer,1,SA,0.01,Single,No_Kink,4776,1613967
result_SELECT_100_Schwinger_OBC_0_0_3,outer,1,SA,0.1,Double,No_MSF,4394,987896
result_SELECT_100_Schwinger_OBC_0_0_3,outer,1,SA,0.1,Double,No_Top,4396,1071549
result_SELECT_100_Schwinger_OBC_0_0_3,inner,2,random,0,Proj,Yes_Kink,3877,4718918
result_SELECT_100_Schwinger_OBC_0_0_3,outer,1,SA,0.1,Double,No_Kink,4412,1563524
result_SELECT_100_Schwinger_OBC_0_0_3,outer,1,SA,0.1,Proj,No_MSF,3857,72758
result_SELECT_100_Schwinger_OBC_0_0_3,outer,1,SA,0.1,Proj,No_Top,3857,156214
result_SELECT_100_Schwinger_OBC_0_0_3,outer,1,SA,0.1,Double,Yes_Kink,4426,1568473
result_SELECT_100_Schwinger_OBC_0_0_3,outer,1,SA,0.1,Single,No_MSF,4745,1068577
result_SELECT_100_Schwinger_OBC_0_0_3,outer,1,SA,0.001,Proj,Yes_Kink,3878,4438028
result_SELECT_100_Schwinger_OBC_0_0_3,outer,1,SA,0.001,Proj,No_Kink,3876,4505437
result_SELECT_100_Schwinger_OBC_0_0_3,outer,1,SA,0.1,Single,No_Kink,4791,1610257
result_SELECT_100_Schwinger_OBC_0_0_3,outer,1,SA,0.1,Single,No_Top,4745,1151801
result_SELECT_100_Schwinger_OBC_0_0_3,outer,1,SA,1,Double,No_MSF,4394,987896
result_SELECT_100_Schwinger_OBC_0_0_3,outer,1,SA,1,Double,No_Top,4396,1071549
result_SELECT_100_Schwinger_OBC_0_0_3,outer,1,SA,1,Proj,No_MSF,3857,72758
result_SELECT_100_Schwinger_OBC_0_0_3,outer,1,SA,1,Double,No_Kink,4413,1482721
result_SELECT_100_Schwinger_OBC_0_0_3,outer,1,SA,1,Double,Yes_Kink,4571,1513796
result_SELECT_100_Schwinger_OBC_0_0_3,outer,1,SA,1,Proj,No_Top,3857,156214
result_SELECT_100_Schwinger_OBC_0_0_3,outer,1,SA,0.01,Proj,No_Kink,3875,4549030
result_SELECT_100_Schwinger_OBC_0_0_3,outer,1,SA,1,Single,No_MSF,4745,1068577
result_SELECT_100_Schwinger_OBC_0_0_3,outer,1,SA,1,Single,No_Top,4745,1151801
result_SELECT_100_Schwinger_OBC_0_0_3,outer,1,SA,1,Single,No_Kink,4768,1523439
result_SELECT_100_Schwinger_OBC_0_0_3,outer,1,random,0,Double,No_MSF,4394,987896
result_SELECT_100_Schwinger_OBC_0_0_3,outer,1,SA,0.01,Proj,Yes_Kink,3876,4452614
result_SELECT_100_Schwinger_OBC_0_0_3,outer,1,random,0,Double,No_Top,4396,1071549
result_SELECT_100_Schwinger_OBC_0_0_3,outer,1,random,0,Proj,No_MSF,3857,72758
result_SELECT_100_Schwinger_OBC_0_0_3,outer,1,random,0,Proj,No_Top,3857,156214
result_SELECT_100_Schwinger_OBC_0_0_3,outer,1,SA,0.1,Proj,No_Kink,3878,4547942
result_SELECT_100_Schwinger_OBC_0_0_3,outer,1,random,0,Double,No_Kink,4645,2333698
result_SELECT_100_Schwinger_OBC_0_0_3,outer,1,random,0,Single,No_MSF,4745,1068577
result_SELECT_100_Schwinger_OBC_0_0_3,outer,1,SA,0.1,Proj,Yes_Kink,3878,4457001
result_SELECT_100_Schwinger_OBC_0_0_3,outer,1,random,0,Single,No_Top,4745,1151801
result_SELECT_100_Schwinger_OBC_0_0_3,outer,1,random,0,Double,Yes_Kink,4698,2355424
result_SELECT_100_Schwinger_OBC_0_0_3,outer,2,SA,0.001,Double,No_MSF,4394,987896
result_SELECT_100_Schwinger_OBC_0_0_3,outer,2,SA,0.001,Double,No_Top,4396,1071549
result_SELECT_100_Schwinger_OBC_0_0_3,outer,2,SA,0.001,Double,No_Kink,4446,1543291
result_SELECT_100_Schwinger_OBC_0_0_3,outer,1,SA,1,Proj,No_Kink,3874,4390361
result_SELECT_100_Schwinger_OBC_0_0_3,outer,2,SA,0.001,Proj,No_MSF,3857,72758
result_SELECT_100_Schwinger_OBC_0_0_3,outer,2,SA,0.001,Proj,No_Top,3857,156214
result_SELECT_100_Schwinger_OBC_0_0_3,outer,1,random,0,Single,No_Kink,5463,2652968
result_SELECT_100_Schwinger_OBC_0_0_3,outer,2,SA,0.001,Double,Yes_Kink,4564,1559458
result_SELECT_100_Schwinger_OBC_0_0_3,outer,1,SA,1,Proj,Yes_Kink,3876,4241838
result_SELECT_100_Schwinger_OBC_0_0_3,outer,2,SA,0.001,Single,No_MSF,4745,1068577
result_SELECT_100_Schwinger_OBC_0_0_3,outer,2,SA,0.001,Single,No_Top,4745,1151801
result_SELECT_100_Schwinger_OBC_0_0_3,outer,2,SA,0.001,Single,No_Kink,4763,1557208
result_SELECT_100_Schwinger_OBC_0_0_3,outer,2,SA,0.01,Double,No_MSF,4394,987896
result_SELECT_100_Schwinger_OBC_0_0_3,outer,2,SA,0.01,Double,No_Top,4396,1071549
result_SELECT_100_Schwinger_OBC_0_0_3,outer,2,SA,0.001,Single,Yes_Kink,4768,1625318
result_SELECT_100_Schwinger_OBC_0_0_3,outer,2,SA,0.01,Double,No_Kink,4422,1503124
result_SELECT_100_Schwinger_OBC_0_0_3,outer,2,SA,0.01,Proj,No_MSF,3857,72758
result_SELECT_100_Schwinger_OBC_0_0_3,outer,2,SA,0.01,Double,Yes_Kink,4429,1495240
result_SELECT_100_Schwinger_OBC_0_0_3,outer,2,SA,0.01,Proj,No_Top,3857,156214
result_SELECT_100_Schwinger_OBC_0_0_3,outer,1,random,0,Proj,No_Kink,3883,4661740
result_SELECT_100_Schwinger_OBC_0_0_3,outer,2,SA,0.01,Single,No_MSF,4745,1068577
result_SELECT_100_Schwinger_OBC_0_0_3,outer,2,SA,0.01,Single,No_Top,4745,1151801
result_SELECT_100_Schwinger_OBC_0_0_3,outer,2,SA,0.01,Single,No_Kink,4748,1519014
result_SELECT_100_Schwinger_OBC_0_0_3,outer,1,random,0,Proj,Yes_Kink,3886,4583659
result_SELECT_100_Schwinger_OBC_0_0_3,outer,2,SA,0.1,Double,No_MSF,4394,987896
result_SELECT_100_Schwinger_OBC_0_0_3,outer,2,SA,0.01,Single,Yes_Kink,4753,1586305
result_SELECT_100_Schwinger_OBC_0_0_3,outer,2,SA,0.1,Double,No_Top,4396,1071549
result_SELECT_100_Schwinger_OBC_0_0_3,outer,2,SA,0.1,Double,No_Kink,4444,1485211
result_SELECT_100_Schwinger_OBC_0_0_3,outer,2,SA,0.1,Proj,No_MSF,3857,72758
result_SELECT_100_Schwinger_OBC_0_0_3,outer,2,SA,0.1,Proj,No_Top,3857,156214
result_SELECT_100_Schwinger_OBC_0_0_3,outer,2,SA,0.1,Double,Yes_Kink,4587,1507271
result_SELECT_100_Schwinger_OBC_0_0_3,outer,2,SA,0.1,Single,No_MSF,4745,1068577
result_SELECT_100_Schwinger_OBC_0_0_3,outer,2,SA,0.1,Single,No_Top,4745,1151801
result_SELECT_100_Schwinger_OBC_0_0_3,outer,2,SA,0.1,Single,No_Kink,4748,1493024
result_SELECT_100_Schwinger_OBC_0_0_3,outer,2,SA,0.001,Proj,No_Kink,3874,4869159
result_SELECT_100_Schwinger_OBC_0_0_3,outer,2,SA,0.001,Proj,Yes_Kink,3875,4765076
result_SELECT_100_Schwinger_OBC_0_0_3,outer,2,SA,1,Double,No_MSF,4394,987896
result_SELECT_100_Schwinger_OBC_0_0_3,outer,2,SA,0.1,Single,Yes_Kink,4753,1571326
result_SELECT_100_Schwinger_OBC_0_0_3,outer,2,SA,1,Double,No_Kink,4448,1432265
result_SELECT_100_Schwinger_OBC_0_0_3,outer,2,SA,1,Double,No_Top,4396,1071549
result_SELECT_100_Schwinger_OBC_0_0_3,outer,2,SA,1,Proj,No_MSF,3857,72758
result_SELECT_100_Schwinger_OBC_0_0_3,outer,2,SA,1,Proj,No_Top,3857,156214
result_SELECT_100_Schwinger_OBC_0_0_3,outer,2,SA,1,Double,Yes_Kink,4500,1436555
result_SELECT_100_Schwinger_OBC_0_0_3,outer,2,SA,1,Single,No_MSF,4745,1068577
result_SELECT_100_Schwinger_OBC_0_0_3,outer,2,SA,0.01,Proj,No_Kink,3872,4880284
result_SELECT_100_Schwinger_OBC_0_0_3,outer,2,SA,1,Single,No_Kink,4754,1446226
result_SELECT_100_Schwinger_OBC_0_0_3,outer,2,SA,1,Single,No_Top,4745,1151801
result_SELECT_100_Schwinger_OBC_0_0_3,outer,2,SA,0.01,Proj,Yes_Kink,3872,4764903
result_SELECT_100_Schwinger_OBC_0_0_3,outer,2,random,0,Double,No_MSF,4394,987896
result_SELECT_100_Schwinger_OBC_0_0_3,outer,2,random,0,Double,No_Top,4396,1071549
result_SELECT_100_Schwinger_OBC_0_0_3,outer,2,SA,1,Single,Yes_Kink,4772,1524995
result_SELECT_100_Schwinger_OBC_0_0_3,outer,2,random,0,Proj,No_MSF,3857,72758
result_SELECT_100_Schwinger_OBC_0_0_3,outer,2,random,0,Double,No_Kink,4472,1949299
result_SELECT_100_Schwinger_OBC_0_0_3,outer,2,random,0,Proj,No_Top,3857,156214
result_SELECT_100_Schwinger_OBC_0_0_3,outer,2,random,0,Double,Yes_Kink,4556,1965080
result_SELECT_100_Schwinger_OBC_0_0_3,outer,2,SA,0.1,Proj,No_Kink,3871,4900956
result_SELECT_100_Schwinger_OBC_0_0_3,outer,2,random,0,Single,No_MSF,4745,1068577
result_SELECT_100_Schwinger_OBC_0_0_3,outer,2,SA,0.1,Proj,Yes_Kink,3873,4812279
result_SELECT_100_Schwinger_OBC_0_0_3,outer,2,random,0,Single,No_Top,4745,1151801
result_SELECT_100_Schwinger_OBC_0_0_4,inner,1,SA,0.001,Double,No_MSF,2229,733272
result_SELECT_100_Schwinger_OBC_0_0_4,inner,1,SA,0.001,Double,No_Top,2229,817522
result_SELECT_100_Schwinger_OBC_0_0_3,outer,2,random,0,Single,No_Kink,4778,1979526
result_SELECT_100_Schwinger_OBC_0_0_4,inner,1,SA,0.001,Double,No_Kink,2317,1416551
result_SELECT_100_Schwinger_OBC_0_0_3,outer,2,random,0,Single,Yes_Kink,4764,2019471
result_SELECT_100_Schwinger_OBC_0_0_3,outer,2,SA,1,Proj,No_Kink,3874,4479091
result_SELECT_100_Schwinger_OBC_0_0_4,inner,1,SA,0.001,Proj,No_MSF,1928,73702
result_SELECT_100_Schwinger_OBC_0_0_3,outer,2,SA,1,Proj,Yes_Kink,3876,4335325
result_SELECT_100_Schwinger_OBC_0_0_4,inner,1,SA,0.001,Proj,No_Top,1928,158310
result_SELECT_100_Schwinger_OBC_0_0_4,inner,1,SA,0.001,Single,No_MSF,2423,800193
result_SELECT_100_Schwinger_OBC_0_0_4,inner,1,SA,0.001,Double,Yes_Kink,2338,1446411
result_SELECT_100_Schwinger_OBC_0_0_4,inner,1,SA,0.001,Single,No_Top,2423,884229
result_SELECT_100_Schwinger_OBC_0_0_4,inner,1,SA,0.01,Double,No_MSF,2229,733272
result_SELECT_100_Schwinger_OBC_0_0_4,inner,1,SA,0.01,Double,No_Top,2229,817522
result_SELECT_100_Schwinger_OBC_0_0_4,inner,1,SA,0.001,Single,No_Kink,2545,1477245
result_SELECT_100_Schwinger_OBC_0_0_4,inner,1,SA,0.01,Double,No_Kink,2338,1393001
result_SELECT_100_Schwinger_OBC_0_0_4,inner,1,SA,0.01,Proj,No_MSF,1928,73702
result_SELECT_100_Schwinger_OBC_0_0_4,inner,1,SA,0.01,Proj,No_Top,1928,158310
result_SELECT_100_Schwinger_OBC_0_0_4,inner,1,SA,0.01,Double,Yes_Kink,2405,1430774
result_SELECT_100_Schwinger_OBC_0_0_4,inner,1,SA,0.01,Single,No_MSF,2423,800193
result_SELECT_100_Schwinger_OBC_0_0_3,outer,2,random,0,Proj,No_Kink,3878,5030339
result_SELECT_100_Schwinger_OBC_0_0_4,inner,1,SA,0.01,Single,No_Top,2423,884229
result_SELECT_100_Schwinger_OBC_0_0_4,inner,1,SA,0.01,Single,No_Kink,2590,1452793
result_SELECT_100_Schwinger_OBC_0_0_4,inner,1,SA,0.1,Double,No_MSF,2229,733272
result_SELECT_100_Schwinger_OBC_0_0_3,outer,2,random,0,Proj,Yes_Kink,3879,4902700
result_SELECT_100_Schwinger_OBC_0_0_4,inner,1,SA,0.1,Double,No_Top,2229,817522
result_SELECT_100_Schwinger_OBC_0_0_4,inner,1,SA,0.001,Proj,No_Kink,1999,3745075
result_SELECT_100_Schwinger_OBC_0_0_4,inner,1,SA,0.1,Proj,No_MSF,1928,73702
result_SELECT_100_Schwinger_OBC_0_0_4,inner,1,SA,0.1,Double,No_Kink,2278,1327318
result_SELECT_100_Schwinger_OBC_0_0_4,inner,1,SA,0.1,Proj,No_Top,1928,158310
result_SELECT_100_Schwinger_OBC_0_0_4,inner,1,SA,0.1,Single,No_MSF,2423,800193
result_SELECT_100_Schwinger_OBC_0_0_4,inner,1,SA,0.001,Proj,Yes_Kink,2044,3750009
result_SELECT_100_Schwinger_OBC_0_0_4,inner,1,SA,0.1,Double,Yes_Kink,2331,1358154
result_SELECT_100_Schwinger_OBC_0_0_4,inner,1,SA,0.1,Single,No_Top,2423,884229
result_SELECT_100_Schwinger_OBC_0_0_4,inner,1,SA,1,Double,No_MSF,2229,733272
result_SELECT_100_Schwinger_OBC_0_0_4,inner,1,SA,1,Double,No_Top,2229,817522
result_SELECT_100_Schwinger_OBC_0_0_4,inner,1,SA,0.1,Single,No_Kink,2524,1377423
result_SELECT_100_Schwinger_OBC_0_0_4,inner,1,SA,1,Double,No_Kink,2282,1264869
result_SELECT_100_Schwinger_OBC_0_0_4,inner,1,SA,1,Proj,No_MSF,1928,73702
result_SELECT_100_Schwinger_OBC_0_0_4,inner,1,SA,1,Proj,No_Top,1928,158310
result_SELECT_100_Schwinger_OBC_0_0_4,inner,1,SA,1,Double,Yes_Kink,2322,1292668
result_SELECT_100_Schwinger_OBC_0_0_4,inner,1,SA,0.01,Proj,No_Kink,2078,3929751
result_SELECT_100_Schwinger_OBC_0_0_4,inner,1,SA,1,Single,No_MSF,2423,800193
result_SELECT_100_Schwinger_OBC_0_0_4,inner,1,SA,1,Single,No_Top,2423,884229
result_SELECT_100_Schwinger_OBC_0_0_4,inner,1,SA,1,Single,No_Kink,2499,1295831
result_SELECT_100_Schwinger_OBC_0_0_4,inner,1,random,0,Double,No_MSF,2229,733272
result_SELECT_100_Schwinger_OBC_0_0_4,inner,1,SA,0.01,Proj,Yes_Kink,2143,3951578
result_SELECT_100_Schwinger_OBC_0_0_4,inner,1,random,0,Double,No_Top,2229,817522
result_SELECT_100_Schwinger_OBC_0_0_4,inner,1,random,0,Proj,No_MSF,1928,73702
result_SELECT_100_Schwinger_OBC_0_0_4,inner,1,random,0,Proj,No_Top,1928,158310
result_SELECT_100_Schwinger_OBC_0_0_4,inner,1,SA,0.1,Proj,No_Kink,2015,3754231
result_SELECT_100_Schwinger_OBC_0_0_4,inner,1,SA,0.1,Proj,Yes_Kink,2076,3778144
result_SELECT_100_Schwinger_OBC_0_0_4,inner,1,random,0,Single,No_MSF,2423,800193
result_SELECT_100_Schwinger_OBC_0_0_4,inner,1,random,0,Double,No_Kink,2731,2537616
result_SELECT_100_Schwinger_OBC_0_0_4,inner,1,random,0,Single,No_Top,2423,884229
result_SELECT_100_Schwinger_OBC_0_0_4,inner,2,SA,0.001,Double,No_MSF,2229,733272
result_SELECT_100_Schwinger_OBC_0_0_4,inner,1,random,0,Double,Yes_Kink,2751,2565948
result_SELECT_100_Schwinger_OBC_0_0_4,inner,1,SA,1,Proj,No_Kink,1958,3674983
result_SELECT_100_Schwinger_OBC_0_0_4,inner,2,SA,0.001,Double,No_Top,2229,817522
result_SELECT_100_Schwinger_OBC_0_0_4,inner,2,SA,0.001,Double,No_Kink,2632,1365880
result_SELECT_100_Schwinger_OBC_0_0_4,inner,1,SA,1,Proj,Yes_Kink,1973,3625354
result_SELECT_100_Schwinger_OBC_0_0_4,inner,2,SA,0.001,Proj,No_MSF,1928,73702
result_SELECT_100_Schwinger_OBC_0_0_4,inner,2,SA,0.001,Proj,No_Top,1928,158310
result_SELECT_100_Schwinger_OBC_0_0_4,inner,2,SA,0.001,Double,Yes_Kink,2769,1406953
result_SELECT_100_Schwinger_OBC_0_0_4,inner,2,SA,0.001,Single,No_MSF,2423,800193
result_SELECT_100_Schwinger_OBC_0_0_4,inner,1,random,0,Single,No_Kink,3818,2980655
result_SELECT_100_Schwinger_OBC_0_0_4,inner,2,SA,0.001,Single,No_Top,2423,884229
result_SELECT_100_Schwinger_OBC_0_0_4,inner,2,SA,0.001,Single,No_Kink,2437,1258247
result_SELECT_100_Schwinger_OBC_0_0_4,inner,2,SA,0.01,Double,No_MSF,2229,733272
result_SELECT_100_Schwinger_OBC_0_0_4,inner,2,SA,0.01,Double,No_Top,2229,817522
result_SELECT_100_Schwinger_OBC_0_0_4,inner,1,random,0,Proj,No_Kink,2045,3903043
result_SELECT_100_Schwinger_OBC_0_0_4,inner,2,SA,0.001,Single,Yes_Kink,2445,1324827
result_SELECT_100_Schwinger_OBC_0_0_4,inner,2,SA,0.01,Double,No_Kink,2562,1356079
result_SELECT_100_Schwinger_OBC_0_0_4,inner,2,SA,0.01,Proj,No_MSF,1928,73702
result_SELECT_100_Schwinger_OBC_0_0_4,inner,2,SA,0.01,Proj,No_Top,1928,158310
result_SELECT_100_Schwinger_OBC_0_0_4,inner,2,SA,0.01,Double,Yes_Kink,2691,1395092
result_SELECT_100_Schwinger_OBC_0_0_4,inner,2,SA,0.01,Single,No_MSF,2423,800193
result_SELECT_100_Schwinger_OBC_0_0_4,inner,1,random,0,Proj,Yes_Kink,2078,3895574
result_SELECT_100_Schwinger_OBC_0_0_4,inner,2,SA,0.01,Single,No_Top,2423,884229
result_SELECT_100_Schwinger_OBC_0_0_4,inner,2,SA,0.01,Single,No_Kink,2449,1273771
result_SELECT_100_Schwinger_OBC_0_0_4,inner,2,SA,0.1,Double,No_MSF,2229,733272
result_SELECT_100_Schwinger_OBC_0_0_4,inner,2,SA,0.1,Double,No_Top,2229,817522
result_SELECT_100_Schwinger_OBC_0_0_4,inner,2,SA,0.01,Single,Yes_Kink,2471,1348898
result_SELECT_100_Schwinger_OBC_0_0_4,inner,2,SA,0.1,Double,No_Kink,2597,1318352
result_SELECT_100_Schwinger_OBC_0_0_4,inner,2,SA,0.1,Proj,No_MSF,1928,73702
result_SELECT_100_Schwinger_OBC_0_0_4,inner,2,SA,0.1,Proj,No_Top,1928,158310
result_SELECT_100_Schwinger_OBC_0_0_4,inner,2,SA,0.001,Proj,No_Kink,1950,3726929
result_SELECT_100_Schwinger_OBC_0_0_4,inner,2,SA,0.1,Double,Yes_Kink,2746,1361474
result_SELECT_100_Schwinger_OBC_0_0_4,inner,2,SA,0.1,Single,No_Top,2423,884229
result_SELECT_100_Schwinger_OBC_0_0_4,inner,2,SA,0.1,Single,No_MSF,2423,800193
result_SELECT_100_Schwinger_OBC_0_0_4,inner,2,SA,0.001,Proj,Yes_Kink,1952,3639137
result_SELECT_100_Schwinger_OBC_0_0_4,inner,2,SA,1,Double,No_MSF,2229,733272
result_SELECT_100_Schwinger_OBC_0_0_4,inner,2,SA,0.1,Single,No_Kink,2452,1224367
result_SELECT_100_Schwinger_OBC_0_0_4,inner,2,SA,1,Double,No_Top,2229,817522
result_SELECT_100_Schwinger_OBC_0_0_4,inner,2,SA,1,Double,No_Kink,2627,1303816
result_SELECT_100_Schwinger_OBC_0_0_4,inner,2,SA,0.1,Single,Yes_Kink,2459,1303260
result_SELECT_100_Schwinger_OBC_0_0_4,inner,2,SA,1,Proj,No_MSF,1928,73702
result_SELECT_100_Schwinger_OBC_0_0_4,inner,2,SA,1,Double,Yes_Kink,2633,1307989
result_SELECT_100_Schwinger_OBC_0_0_4,inner,2,SA,1,Proj,No_Top,1928,158310
result_SELECT_100_Schwinger_OBC_0_0_4,inner,2,SA,0.01,Proj,No_Kink,1954,3752388
result_SELECT_100_Schwinger_OBC_0_0_4,inner,2,SA,1,Single,No_MSF,2423,800193
result_SELECT_100_Schwinger_OBC_0_0_4,inner,2,SA,0.01,Proj,Yes_Kink,1958,3693863
result_SELECT_100_Schwinger_OBC_0_0_4,inner,2,SA,1,Single,No_Top,2423,884229
result_SELECT_100_Schwinger_OBC_0_0_4,inner,2,SA,1,Single,No_Kink,2441,1197569
result_SELECT_100_Schwinger_OBC_0_0_4,inner,2,random,0,Double,No_MSF,2229,733272
result_SELECT_100_Schwinger_OBC_0_0_4,inner,2,random,0,Double,No_Top,2229,817522
result_SELECT_100_Schwinger_OBC_0_0_4,inner,2,SA,1,Single,Yes_Kink,2448,1270352
result_SELECT_100_Schwinger_OBC_0_0_4,inner,2,random,0,Proj,No_MSF,1928,73702
result_SELECT_100_Schwinger_OBC_0_0_4,inner,2,SA,0.1,Proj,No_Kink,1954,3703560
result_SELECT_100_Schwinger_OBC_0_0_4,inner,2,SA,0.1,Proj,Yes_Kink,1957,3621139
result_SELECT_100_Schwinger_OBC_0_0_4,inner,2,random,0,Proj,No_Top,1928,158310
result_SELECT_100_Schwinger_OBC_0_0_4,inner,2,random,0,Double,No_Kink,2373,1823160
result_SELECT_100_Schwinger_OBC_0_0_4,inner,2,random,0,Single,No_MSF,2423,800193
result_SELECT_100_Schwinger_OBC_0_0_4,inner,2,random,0,Single,No_Top,2423,884229
result_SELECT_100_Schwinger_OBC_0_0_4,inner,2,random,0,Double,Yes_Kink,2412,1843744
result_SELECT_100_Schwinger_OBC_0_0_4,outer,1,SA,0.001,Double,No_MSF,2229,733272
result_SELECT_100_Schwinger_OBC_0_0_4,outer,1,SA,0.001,Double,No_Top,2229,817522
result_SELECT_100_Schwinger_OBC_0_0_4,inner,2,SA,1,Proj,No_Kink,1949,3665785
result_SELECT_100_Schwinger_OBC_0_0_4,inner,2,random,0,Single,No_Kink,2484,1849873
result_SELECT_100_Schwinger_OBC_0_0_4,outer,1,SA,0.001,Double,No_Kink,2309,1459997
result_SELECT_100_Schwinger_OBC_0_0_4,inner,2,SA,1,Proj,Yes_Kink,1949,3603579
result_SELECT_100_Schwinger_OBC_0_0_4,outer,1,SA,0.001,Proj,No_Top,1928,158310
result_SELECT_100_Schwinger_OBC_0_0_4,outer,1,SA,0.001,Proj,No_MSF,1928,73702
result_SELECT_100_Schwinger_OBC_0_0_4,inner,2,random,0,Single,Yes_Kink,2480,1890554
result_SELECT_100_Schwinger_OBC_0_0_4,outer,1,SA,0.001,Single,No_MSF,2423,800193
result_SELECT_100_Schwinger_OBC_0_0_4,outer,1,SA,0.001,Single,No_Top,2423,884229
result_SELECT_100_Schwinger_OBC_0_0_4,outer,1,SA,0.001,Double,Yes_Kink,2329,1475634
result_SELECT_100_Schwinger_OBC_0_0_4,outer,1,SA,0.01,Double,No_MSF,2229,733272
result_SELECT_100_Schwinger_OBC_0_0_4,outer,1,SA,0.01,Double,No_Top,2229,817522
result_SELECT_100_Schwinger_OBC_0_0_4,outer,1,SA,0.001,Single,No_Kink,2538,1514586
result_SELECT_100_Schwinger_OBC_0_0_4,inner,2,random,0,Proj,No_Kink,1960,3891803
result_SELECT_100_Schwinger_OBC_0_0_4,outer,1,SA,0.01,Proj,No_MSF,1928,73702
result_SELECT_100_Schwinger_OBC_0_0_4,outer,1,SA,0.01,Double,No_Kink,2329,1472862
result_SELECT_100_Schwinger_OBC_0_0_4,outer,1,SA,0.01,Proj,No_Top,1928,158310
result_SELECT_100_Schwinger_OBC_0_0_4,inner,2,random,0,Proj,Yes_Kink,1962,3840279
result_SELECT_100_Schwinger_OBC_0_0_4,outer,1,SA,0.01,Double,Yes_Kink,2361,1494486
result_SELECT_100_Schwinger_OBC_0_0_4,outer,1,SA,0.01,Single,No_MSF,2423,800193
result_SELECT_100_Schwinger_OBC_0_0_4,outer,1,SA,0.01,Single,No_Top,2423,884229
result_SELECT_100_Schwinger_OBC_0_0_4,outer,1,SA,0.1,Double,No_MSF,2229,733272
result_SELECT_100_Schwinger_OBC_0_0_4,outer,1,SA,0.1,Double,No_Top,2229,817522
result_SELECT_100_Schwinger_OBC_0_0_4,outer,1,SA,0.01,Single,No_Kink,2566,1529628
result_SELECT_100_Schwinger_OBC_0_0_4,outer,1,SA,0.1,Proj,No_MSF,1928,73702
result_SELECT_100_Schwinger_OBC_0_0_4,outer,1,SA,0.1,Double,No_Kink,2366,1474062
result_SELECT_100_Schwinger_OBC_0_0_4,outer,1,SA,0.1,Proj,No_Top,1928,158310
result_SELECT_100_Schwinger_OBC_0_0_4,outer,1,SA,0.1,Double,Yes_Kink,2404,1497340
result_SELECT_100_Schwinger_OBC_0_0_4,outer,1,SA,0.001,Proj,No_Kink,1988,3827199
result_SELECT_100_Schwinger_OBC_0_0_4,outer,1,SA,0.001,Proj,Yes_Kink,2030,3824440
result_SELECT_100_Schwinger_OBC_0_0_4,outer,1,SA,0.1,Single,No_MSF,2423,800193
result_SELECT_100_Schwinger_OBC_0_0_4,outer,1,SA,0.1,Single,No_Top,2423,884229
result_SELECT_100_Schwinger_OBC_0_0_4,outer,1,SA,1,Double,No_MSF,2229,733272
result_SELECT_100_Schwinger_OBC_0_0_4,outer,1,SA,1,Double,No_Top,2229,817522
result_SELECT_100_Schwinger_OBC_0_0_4,outer,1,SA,0.1,Single,No_Kink,2636,1530733
result_SELECT_100_Schwinger_OBC_0_0_4,outer,1,SA,1,Double,No_Kink,2285,1383450
result_SELECT_100_Schwinger_OBC_0_0_4,outer,1,SA,0.01,Proj,No_Kink,1981,3813228
result_SELECT_100_Schwinger_OBC_0_0_4,outer,1,SA,1,Proj,No_MSF,1928,73702
result_SELECT_100_Schwinger_OBC_0_0_4,outer,1,SA,1,Proj,No_Top,1928,158310
result_SELECT_100_Schwinger_OBC_0_0_4,outer,1,SA,1,Double,Yes_Kink,2350,1410768
result_SELECT_100_Schwinger_OBC_0_0_4,outer,1,SA,0.01,Proj,Yes_Kink,2031,3819966
result_SELECT_100_Schwinger_OBC_0_0_4,outer,1,SA,1,Single,No_Top,2423,884229
result_SELECT_100_Schwinger_OBC_0_0_4,outer,1,SA,1,Single,No_MSF,2423,800193
result_SELECT_100_Schwinger_OBC_0_0_4,outer,1,random,0,Double,No_MSF,2229,733272
result_SELECT_100_Schwinger_OBC_0_0_4,outer,1,SA,1,Single,No_Kink,2613,1450977
result_SELECT_100_Schwinger_OBC_0_0_4,outer,1,random,0,Double,No_Top,2229,817522
result_SELECT_100_Schwinger_OBC_0_0_4,outer,1,random,0,Proj,No_MSF,1928,73702
result_SELECT_100_Schwinger_OBC_0_0_4,outer,1,SA,0.1,Proj,No_Kink,2136,4048029
result_SELECT_100_Schwinger_OBC_0_0_4,outer,1,random,0,Proj,No_Top,1928,158310
result_SELECT_100_Schwinger_OBC_0_0_4,outer,1,SA,0.1,Proj,Yes_Kink,2188,4060772
result_SELECT_100_Schwinger_OBC_0_0_4,outer,1,random,0,Single,No_MSF,2423,800193
result_SELECT_100_Schwinger_OBC_0_0_4,outer,1,random,0,Double,No_Kink,2764,2601770
result_SELECT_100_Schwinger_OBC_0_0_4,outer,1,random,0,Single,No_Top,2423,884229
result_SELECT_100_Schwinger_OBC_0_0_4,outer,2,SA,0.001,Double,No_MSF,2229,733272
result_SELECT_100_Schwinger_OBC_0_0_4,outer,1,SA,1,Proj,No_Kink,2088,3796232
result_SELECT_100_Schwinger_OBC_0_0_4,outer,1,random,0,Double,Yes_Kink,2757,2618546
result_SELECT_100_Schwinger_OBC_0_0_4,outer,2,SA,0.001,Double,No_Top,2229,817522
result_SELECT_100_Schwinger_OBC_0_0_4,outer,1,SA,1,Proj,Yes_Kink,2153,3828964
result_SELECT_100_Schwinger_OBC_0_0_4,outer,2,SA,0.001,Proj,No_MSF,1928,73702
result_SELECT_100_Schwinger_OBC_0_0_4,outer,2,SA,0.001,Double,No_Kink,2338,1377599
result_SELECT_100_Schwinger_OBC_0_0_4,outer,1,random,0,Single,No_Kink,3706,3066736
result_SELECT_100_Schwinger_OBC_0_0_4,outer,2,SA,0.001,Proj,No_Top,1928,158310
result_SELECT_100_Schwinger_OBC_0_0_4,outer,2,SA,0.001,Single,No_MSF,2423,800193
result_SELECT_100_Schwinger_OBC_0_0_4,outer,2,SA,0.001,Single,No_Top,2423,884229
result_SELECT_100_Schwinger_OBC_0_0_4,outer,2,SA,0.001,Double,Yes_Kink,2368,1389126
result_SELECT_100_Schwinger_OBC_0_0_4,outer,2,SA,0.01,Double,No_MSF,2229,733272
result_SELECT_100_Schwinger_OBC_0_0_4,outer,2,SA,0.001,Single,No_Kink,2445,1371746
result_SELECT_100_Schwinger_OBC_0_0_4,outer,2,SA,0.01,Double,No_Top,2229,817522
result_SELECT_100_Schwinger_OBC_0_0_4,outer,1,random,0,Proj,No_Kink,2063,3960271
result_SELECT_100_Schwinger_OBC_0_0_4,outer,2,SA,0.001,Single,Yes_Kink,2444,1446452
result_SELECT_100_Schwinger_OBC_0_0_4,outer,2,SA,0.01,Double,No_Kink,2338,1346069
result_SELECT_100_Schwinger_OBC_0_0_4,outer,2,SA,0.01,Proj,No_MSF,1928,73702
result_SELECT_100_Schwinger_OBC_0_0_4,outer,2,SA,0.01,Proj,No_Top,1928,158310
result_SELECT_100_Schwinger_OBC_0_0_4,outer,1,random,0,Proj,Yes_Kink,2083,3928758
result_SELECT_100_Schwinger_OBC_0_0_4,outer,2,SA,0.01,Double,Yes_Kink,2359,1349626
result_SELECT_100_Schwinger_OBC_0_0_4,outer,2,SA,0.01,Single,No_MSF,2423,800193
result_SELECT_100_Schwinger_OBC_0_0_4,outer,2,SA,0.01,Single,No_Top,2423,884229
result_SELECT_100_Schwinger_OBC_0_0_4,outer,2,SA,0.01,Single,No_Kink,2449,1330357
result_SELECT_100_Schwinger_OBC_0_0_4,outer,2,SA,0.1,Double,No_MSF,2229,733272
result_SELECT_100_Schwinger_OBC_0_0_4,outer,2,SA,0.1,Double,No_Top,2229,817522
result_SELECT_100_Schwinger_OBC_0_0_4,outer,2,SA,0.01,Single,Yes_Kink,2459,1414777
result_SELECT_100_Schwinger_OBC_0_0_4,outer,2,SA,0.1,Double,No_Kink,2296,1309253
result_SELECT_100_Schwinger_OBC_0_0_4,outer,2,SA,0.1,Proj,No_MSF,1928,73702
result_SELECT_100_Schwinger_OBC_0_0_4,outer,2,SA,0.1,Proj,No_Top,1928,158310
result_SELECT_100_Schwinger_OBC_0_0_4,outer,2,SA,0.1,Double,Yes_Kink,2346,1318602
result_SELECT_100_Schwinger_OBC_0_0_4,outer,2,SA,0.001,Proj,No_Kink,1954,3862891
result_SELECT_100_Schwinger_OBC_0_0_4,outer,2,SA,0.1,Single,No_MSF,2423,800193
result_SELECT_100_Schwinger_OBC_0_0_4,outer,2,SA,0.001,Proj,Yes_Kink,1956,3783509
result_SELECT_100_Schwinger_OBC_0_0_4,outer,2,SA,0.1,Single,No_Top,2423,884229
result_SELECT_100_Schwinger_OBC_0_0_4,outer,2,SA,0.1,Single,No_Kink,2458,1308212
result_SELECT_100_Schwinger_OBC_0_0_4,outer,2,SA,1,Double,No_MSF,2229,733272
result_SELECT_100_Schwinger_OBC_0_0_4,outer,2,SA,1,Double,No_Top,2229,817522
result_SELECT_100_Schwinger_OBC_0_0_4,outer,2,SA,0.1,Single,Yes_Kink,2463,1383794
result_SELECT_100_Schwinger_OBC_0_0_4,outer,2,SA,1,Double,No_Kink,2438,1285920
result_SELECT_100_Schwinger_OBC_0_0_4,outer,2,SA,1,Proj,No_MSF,1928,73702
result_SELECT_100_Schwinger_OBC_0_0_4,outer,2,SA,0.01,Proj,No_Kink,1954,3836754
result_SELECT_100_Schwinger_OBC_0_0_4,outer,2,SA,1,Proj,No_Top,1928,158310
result_SELECT_100_Schwinger_OBC_0_0_4,outer,2,SA,1,Double,Yes_Kink,2464,1289482
result_SELECT_100_Schwinger_OBC_0_0_4,outer,2,SA,1,Single,No_MSF,2423,800193
result_SELECT_100_Schwinger_OBC_0_0_4,outer,2,SA,0.01,Proj,Yes_Kink,1956,3759969
result_SELECT_100_Schwinger_OBC_0_0_4,outer,2,SA,1,Single,No_Top,2423,884229
result_SELECT_100_Schwinger_OBC_0_0_4,outer,2,SA,1,Single,No_Kink,2477,1247778
result_SELECT_100_Schwinger_OBC_0_0_4,outer,2,random,0,Double,No_MSF,2229,733272
result_SELECT_100_Schwinger_OBC_0_0_4,outer,2,random,0,Double,No_Top,2229,817522
result_SELECT_100_Schwinger_OBC_0_0_4,outer,2,SA,1,Single,Yes_Kink,2502,1326802
result_SELECT_100_Schwinger_OBC_0_0_4,outer,2,random,0,Proj,No_MSF,1928,73702
result_SELECT_100_Schwinger_OBC_0_0_4,outer,2,SA,0.1,Proj,No_Kink,1953,3824595
result_SELECT_100_Schwinger_OBC_0_0_4,outer,2,random,0,Proj,No_Top,1928,158310
result_SELECT_100_Schwinger_OBC_0_0_4,outer,2,random,0,Double,No_Kink,2527,1931885
result_SELECT_100_Schwinger_OBC_0_0_4,outer,2,SA,0.1,Proj,Yes_Kink,1959,3746108
result_SELECT_100_Schwinger_OBC_0_0_4,outer,2,random,0,Single,No_MSF,2423,800193
result_SELECT_100_Schwinger_OBC_0_0_4,outer,2,random,0,Single,No_Top,2423,884229
result_SELECT_100_Schwinger_OBC_0_0_4,outer,2,random,0,Double,Yes_Kink,2578,1947625
result_SELECT_100_Schwinger_OBC_0_0_5,inner,1,SA,0.001,Double,No_MSF,1151,585122
result_SELECT_100_Schwinger_OBC_0_0_5,inner,1,SA,0.001,Double,No_Top,1152,671490
result_SELECT_100_Schwinger_OBC_0_0_4,outer,2,SA,1,Proj,No_Kink,1960,3827216
result_SELECT_100_Schwinger_OBC_0_0_4,outer,2,random,0,Single,No_Kink,2477,1940226
result_SELECT_100_Schwinger_OBC_0_0_5,inner,1,SA,0.001,Proj,No_MSF,968,75590
result_SELECT_100_Schwinger_OBC_0_0_5,inner,1,SA,0.001,Double,No_Kink,1333,1619163
result_SELECT_100_Schwinger_OBC_0_0_4,outer,2,SA,1,Proj,Yes_Kink,1974,3796131
result_SELECT_100_Schwinger_OBC_0_0_4,outer,2,random,0,Single,Yes_Kink,2484,1972245
result_SELECT_100_Schwinger_OBC_0_0_5,inner,1,SA,0.001,Proj,No_Top,968,162502
result_SELECT_100_Schwinger_OBC_0_0_5,inner,1,SA,0.001,Single,No_MSF,1282,656035
result_SELECT_100_Schwinger_OBC_0_0_5,inner,1,SA,0.001,Single,No_Top,1282,741535
result_SELECT_100_Schwinger_OBC_0_0_5,inner,1,SA,0.001,Double,Yes_Kink,1386,1674001
result_SELECT_100_Schwinger_OBC_0_0_5,inner,1,SA,0.01,Double,No_MSF,1151,585122
result_SELECT_100_Schwinger_OBC_0_0_4,outer,2,random,0,Proj,No_Kink,1975,3969840
result_SELECT_100_Schwinger_OBC_0_0_5,inner,1,SA,0.01,Double,No_Top,1152,671490
result_SELECT_100_Schwinger_OBC_0_0_5,inner,1,SA,0.001,Single,No_Kink,1572,1695345
result_SELECT_100_Schwinger_OBC_0_0_5,inner,1,SA,0.01,Proj,No_MSF,968,75590
result_SELECT_100_Schwinger_OBC_0_0_4,outer,2,random,0,Proj,Yes_Kink,1980,3911711
result_SELECT_100_Schwinger_OBC_0_0_5,inner,1,SA,0.01,Double,No_Kink,1327,1576565
result_SELECT_100_Schwinger_OBC_0_0_5,inner,1,SA,0.01,Proj,No_Top,968,162502
result_SELECT_100_Schwinger_OBC_0_0_5,inner,1,SA,0.01,Single,No_MSF,1282,656035
result_SELECT_100_Schwinger_OBC_0_0_5,inner,1,SA,0.01,Single,No_Top,1282,741535
result_SELECT_100_Schwinger_OBC_0_0_5,inner,1,SA,0.01,Double,Yes_Kink,1376,1620543
result_SELECT_100_Schwinger_OBC_0_0_5,inner,1,SA,0.1,Double,No_MSF,1151,585122
result_SELECT_100_Schwinger_OBC_0_0_5,inner,1,SA,0.1,Double,No_Top,1152,671490
result_SELECT_100_Schwinger_OBC_0_0_5,inner,1,SA,0.01,Single,No_Kink,1558,1641435
result_SELECT_100_Schwinger_OBC_0_0_5,inner,1,SA,0.1,Proj,No_MSF,968,75590
result_SELECT_100_Schwinger_OBC_0_0_5,inner,1,SA,0.1,Double,No_Kink,1372,1514554
result_SELECT_100_Schwinger_OBC_0_0_5,inner,1,SA,0.1,Proj,No_Top,968,162502
result_SELECT_100_Schwinger_OBC_0_0_5,inner,1,SA,0.1,Double,Yes_Kink,1418,1572107
result_SELECT_100_Schwinger_OBC_0_0_5,inner,1,SA,0.1,Single,No_MSF,1282,656035
result_SELECT_100_Schwinger_OBC_0_0_5,inner,1,SA,0.001,Proj,No_Kink,1475,4601878
result_SELECT_100_Schwinger_OBC_0_0_5,inner,1,SA,0.1,Single,No_Top,1282,741535
result_SELECT_100_Schwinger_OBC_0_0_5,inner,1,SA,1,Double,No_MSF,1151,585122
result_SELECT_100_Schwinger_OBC_0_0_5,inner,1,SA,0.001,Proj,Yes_Kink,1527,4663377
result_SELECT_100_Schwinger_OBC_0_0_5,inner,1,SA,0.1,Single,No_Kink,1561,1581381
result_SELECT_100_Schwinger_OBC_0_0_5,inner,1,SA,1,Double,No_Top,1152,671490
result_SELECT_100_Schwinger_OBC_0_0_5,inner,1,SA,1,Proj,No_MSF,968,75590
result_SELECT_100_Schwinger_OBC_0_0_5,inner,1,SA,0.01,Proj,No_Kink,1408,4396578
result_SELECT_100_Schwinger_OBC_0_0_5,inner,1,SA,1,Double,No_Kink,1292,1396396
result_SELECT_100_Schwinger_OBC_0_0_5,inner,1,SA,1,Proj,No_Top,968,162502
result_SELECT_100_Schwinger_OBC_0_0_5,inner,1,SA,1,Single,No_MSF,1282,656035
result_SELECT_100_Schwinger_OBC_0_0_5,inner,1,SA,1,Double,Yes_Kink,1336,1453545
result_SELECT_100_Schwinger_OBC_0_0_5,inner,1,SA,0.01,Proj,Yes_Kink,1459,4472748
result_SELECT_100_Schwinger_OBC_0_0_5,inner,1,SA,1,Single,No_Top,1282,741535
result_SELECT_100_Schwinger_OBC_0_0_5,inner,1,random,0,Double,No_MSF,1151,585122
result_SELECT_100_Schwinger_OBC_0_0_5,inner,1,random,0,Double,No_Top,1152,671490
result_SELECT_100_Schwinger_OBC_0_0_5,inner,1,SA,1,Single,No_Kink,1512,1466199
result_SELECT_100_Schwinger_OBC_0_0_5,inner,1,random,0,Proj,No_MSF,968,75590
result_SELECT_100_Schwinger_OBC_0_0_5,inner,1,random,0,Proj,No_Top,968,162502
result_SELECT_100_Schwinger_OBC_0_0_5,inner,1,SA,0.1,Proj,No_Kink,1506,4655497
result_SELECT_100_Schwinger_OBC_0_0_5,inner,1,SA,0.1,Proj,Yes_Kink,1565,4742718
result_SELECT_100_Schwinger_OBC_0_0_5,inner,1,random,0,Single,No_MSF,1282,656035
result_SELECT_100_Schwinger_OBC_0_0_5,inner,1,random,0,Single,No_Top,1282,741535
result_SELECT_100_Schwinger_OBC_0_0_5,inner,1,random,0,Double,No_Kink,1732,3122789
result_SELECT_100_Schwinger_OBC_0_0_5,inner,2,SA,0.001,Double,No_MSF,1151,585122
result_SELECT_100_Schwinger_OBC_0_0_5,inner,1,SA,1,Proj,No_Kink,1423,4405788
result_SELECT_100_Schwinger_OBC_0_0_5,inner,1,SA,1,Proj,Yes_Kink,1482,4482469
result_SELECT_100_Schwinger_OBC_0_0_5,inner,2,SA,0.001,Double,No_Top,1152,671490
result_SELECT_100_Schwinger_OBC_0_0_5,inner,1,random,0,Double,Yes_Kink,1745,3142511
result_SELECT_100_Schwinger_OBC_0_0_5,inner,2,SA,0.001,Double,No_Kink,1578,1413408
result_SELECT_100_Schwinger_OBC_0_0_5,inner,2,SA,0.001,Proj,No_MSF,968,75590
result_SELECT_100_Schwinger_OBC_0_0_5,inner,2,SA,0.001,Proj,No_Top,968,162502
result_SELECT_100_Schwinger_OBC_0_0_5,inner,2,SA,0.001,Single,No_MSF,1282,656035
result_SELECT_100_Schwinger_OBC_0_0_5,inner,1,random,0,Single,No_Kink,2747,3931789
result_SELECT_100_Schwinger_OBC_0_0_5,inner,2,SA,0.001,Double,Yes_Kink,1684,1465787
result_SELECT_100_Schwinger_OBC_0_0_5,inner,2,SA,0.001,Single,No_Top,1282,741535
result_SELECT_100_Schwinger_OBC_0_0_5,inner,1,random,0,Proj,No_Kink,1285,4055713
result_SELECT_100_Schwinger_OBC_0_0_5,inner,2,SA,0.001,Single,No_Kink,1316,1271861
result_SELECT_100_Schwinger_OBC_0_0_5,inner,2,SA,0.01,Double,No_MSF,1151,585122
result_SELECT_100_Schwinger_OBC_0_0_5,inner,2,SA,0.01,Double,No_Top,1152,671490
result_SELECT_100_Schwinger_OBC_0_0_5,inner,2,SA,0.01,Double,No_Kink,1603,1397239
result_SELECT_100_Schwinger_OBC_0_0_5,inner,2,SA,0.01,Proj,No_MSF,968,75590
result_SELECT_100_Schwinger_OBC_0_0_5,inner,2,SA,0.001,Single,Yes_Kink,1343,1364609
result_SELECT_100_Schwinger_OBC_0_0_5,inner,1,random,0,Proj,Yes_Kink,1314,4083180
result_SELECT_100_Schwinger_OBC_0_0_5,inner,2,SA,0.01,Proj,No_Top,968,162502
result_SELECT_100_Schwinger_OBC_0_0_5,inner,2,SA,0.01,Single,No_MSF,1282,656035
result_SELECT_100_Schwinger_OBC_0_0_5,inner,2,SA,0.01,Double,Yes_Kink,1672,1432653
result_SELECT_100_Schwinger_OBC_0_0_5,inner,2,SA,0.01,Single,No_Top,1282,741535
result_SELECT_100_Schwinger_OBC_0_0_5,inner,2,SA,0.1,Double,No_MSF,1151,585122
result_SELECT_100_Schwinger_OBC_0_0_5,inner,2,SA,0.01,Single,No_Kink,1325,1259600
result_SELECT_100_Schwinger_OBC_0_0_5,inner,2,SA,0.1,Double,No_Kink,1624,1380885
result_SELECT_100_Schwinger_OBC_0_0_5,inner,2,SA,0.1,Double,No_Top,1152,671490
result_SELECT_100_Schwinger_OBC_0_0_5,inner,2,SA,0.01,Single,Yes_Kink,1347,1342524
result_SELECT_100_Schwinger_OBC_0_0_5,inner,2,SA,0.001,Proj,No_Kink,1068,3429407
result_SELECT_100_Schwinger_OBC_0_0_5,inner,2,SA,0.1,Proj,No_MSF,968,75590
result_SELECT_100_Schwinger_OBC_0_0_5,inner,2,SA,0.1,Proj,No_Top,968,162502
result_SELECT_100_Schwinger_OBC_0_0_5,inner,2,SA,0.001,Proj,Yes_Kink,1100,3441261
result_SELECT_100_Schwinger_OBC_0_0_5,inner,2,SA,0.1,Single,No_MSF,1282,656035
result_SELECT_100_Schwinger_OBC_0_0_5,inner,2,SA,0.1,Single,No_Top,1282,741535
result_SELECT_100_Schwinger_OBC_0_0_5,inner,2,SA,0.1,Double,Yes_Kink,1726,1435640
result_SELECT_100_Schwinger_OBC_0_0_5,inner,2,SA,0.1,Single,No_Kink,1332,1234828
result_SELECT_100_Schwinger_OBC_0_0_5,inner,2,SA,1,Double,No_MSF,1151,585122
result_SELECT_100_Schwinger_OBC_0_0_5,inner,2,SA,1,Double,No_Top,1152,671490
result_SELECT_100_Schwinger_OBC_0_0_5,inner,2,SA,0.01,Proj,No_Kink,1088,3465673
result_SELECT_100_Schwinger_OBC_0_0_5,inner,2,SA,1,Double,No_Kink,1526,1284239
result_SELECT_100_Schwinger_OBC_0_0_5,inner,2,SA,0.1,Single,Yes_Kink,1365,1319995
result_SELECT_100_Schwinger_OBC_0_0_5,inner,2,SA,1,Proj,No_MSF,968,75590
result_SELECT_100_Schwinger_OBC_0_0_5,inner,2,SA,1,Proj,No_Top,968,162502
result_SELECT_100_Schwinger_OBC_0_0_5,inner,2,SA,1,Double,Yes_Kink,1650,1343200
result_SELECT_100_Schwinger_OBC_0_0_5,inner,2,SA,0.01,Proj,Yes_Kink,1128,3497950
result_SELECT_100_Schwinger_OBC_0_0_5,inner,2,SA,1,Single,No_MSF,1282,656035
result_SELECT_100_Schwinger_OBC_0_0_5,inner,2,SA,1,Single,No_Top,1282,741535
result_SELECT_100_Schwinger_OBC_0_0_5,inner,2,SA,1,Single,No_Kink,1314,1163820
result_SELECT_100_Schwinger_OBC_0_0_5,inner,2,random,0,Double,No_MSF,1151,585122
result_SELECT_100_Schwinger_OBC_0_0_5,inner,2,random,0,Double,No_Top,1152,671490
result_SELECT_100_Schwinger_OBC_0_0_5,inner,2,SA,1,Single,Yes_Kink,1337,1244611
result_SELECT_100_Schwinger_OBC_0_0_5,inner,2,SA,0.1,Proj,No_Kink,1140,3604765
result_SELECT_100_Schwinger_OBC_0_0_5,inner,2,SA,0.1,Proj,Yes_Kink,1186,3660496
result_SELECT_100_Schwinger_OBC_0_0_5,inner,2,random,0,Proj,No_MSF,968,75590
result_SELECT_100_Schwinger_OBC_0_0_5,inner,2,random,0,Proj,No_Top,968,162502
result_SELECT_100_Schwinger_OBC_0_0_5,inner,2,random,0,Single,No_MSF,1282,656035
result_SELECT_100_Schwinger_OBC_0_0_5,inner,2,random,0,Single,No_Top,1282,741535
result_SELECT_100_Schwinger_OBC_0_0_5,inner,2,random,0,Double,No_Kink,1452,2176718
result_SELECT_100_Schwinger_OBC_0_0_5,inner,2,random,0,Double,Yes_Kink,1464,2197515
result_SELECT_100_Schwinger_OBC_0_0_5,outer,1,SA,0.001,Double,No_MSF,1151,585122
result_SELECT_100_Schwinger_OBC_0_0_5,inner,2,SA,1,Proj,No_Kink,1089,3435041
result_SELECT_100_Schwinger_OBC_0_0_5,inner,2,SA,1,Proj,Yes_Kink,1134,3464426
result_SELECT_100_Schwinger_OBC_0_0_5,outer,1,SA,0.001,Double,No_Top,1152,671490
result_SELECT_100_Schwinger_OBC_0_0_5,inner,2,random,0,Single,No_Kink,1422,2226855
result_SELECT_100_Schwinger_OBC_0_0_5,outer,1,SA,0.001,Proj,No_MSF,968,75590
result_SELECT_100_Schwinger_OBC_0_0_5,outer,1,SA,0.001,Proj,No_Top,968,162502
result_SELECT_100_Schwinger_OBC_0_0_5,outer,1,SA,0.001,Double,No_Kink,1351,1739482
result_SELECT_100_Schwinger_OBC_0_0_5,inner,2,random,0,Proj,No_Kink,1059,3463036
result_SELECT_100_Schwinger_OBC_0_0_5,outer,1,SA,0.001,Single,No_MSF,1282,656035
result_SELECT_100_Schwinger_OBC_0_0_5,inner,2,random,0,Single,Yes_Kink,1433,2259931
result_SELECT_100_Schwinger_OBC_0_0_5,outer,1,SA,0.001,Single,No_Top,1282,741535
result_SELECT_100_Schwinger_OBC_0_0_5,outer,1,SA,0.001,Double,Yes_Kink,1399,1788625
result_SELECT_100_Schwinger_OBC_0_0_5,outer,1,SA,0.01,Double,No_MSF,1151,585122
result_SELECT_100_Schwinger_OBC_0_0_5,inner,2,random,0,Proj,Yes_Kink,1075,3455156
result_SELECT_100_Schwinger_OBC_0_0_5,outer,1,SA,0.01,Double,No_Top,1152,671490
result_SELECT_100_Schwinger_OBC_0_0_5,outer,1,SA,0.01,Proj,No_MSF,968,75590
result_SELECT_100_Schwinger_OBC_0_0_5,outer,1,SA,0.01,Proj,No_Top,968,162502
result_SELECT_100_Schwinger_OBC_0_0_5,outer,1,SA,0.001,Single,No_Kink,1651,1792602
result_SELECT_100_Schwinger_OBC_0_0_5,outer,1,SA,0.01,Single,No_MSF,1282,656035
result_SELECT_100_Schwinger_OBC_0_0_5,outer,1,SA,0.01,Double,No_Kink,1337,1707897
result_SELECT_100_Schwinger_OBC_0_0_5,outer,1,SA,0.01,Single,No_Top,1282,741535
result_SELECT_100_Schwinger_OBC_0_0_5,outer,1,SA,0.01,Double,Yes_Kink,1381,1750798
result_SELECT_100_Schwinger_OBC_0_0_5,outer,1,SA,0.1,Double,No_MSF,1151,585122
result_SELECT_100_Schwinger_OBC_0_0_5,outer,1,SA,0.1,Double,No_Top,1152,671490
result_SELECT_100_Schwinger_OBC_0_0_5,outer,1,SA,0.01,Single,No_Kink,1618,1767458
result_SELECT_100_Schwinger_OBC_0_0_5,outer,1,SA,0.1,Proj,No_MSF,968,75590
result_SELECT_100_Schwinger_OBC_0_0_5,outer,1,SA,0.1,Proj,No_Top,968,162502
result_SELECT_100_Schwinger_OBC_0_0_5,outer,1,SA,0.1,Double,No_Kink,1289,1659306
result_SELECT_100_Schwinger_OBC_0_0_5,outer,1,SA,0.001,Proj,No_Kink,1421,4578135
result_SELECT_100_Schwinger_OBC_0_0_5,outer,1,SA,0.1,Single,No_MSF,1282,656035
result_SELECT_100_Schwinger_OBC_0_0_5,outer,1,SA,0.1,Double,Yes_Kink,1332,1710969
result_SELECT_100_Schwinger_OBC_0_0_5,outer,1,SA,0.1,Single,No_Top,1282,741535
result_SELECT_100_Schwinger_OBC_0_0_5,outer,1,SA,0.001,Proj,Yes_Kink,1464,4631847
result_SELECT_100_Schwinger_OBC_0_0_5,outer,1,SA,1,Double,No_MSF,1151,585122
result_SELECT_100_Schwinger_OBC_0_0_5,outer,1,SA,1,Double,No_Top,1152,671490
result_SELECT_100_Schwinger_OBC_0_0_5,outer,1,SA,0.1,Single,No_Kink,1581,1737444
result_SELECT_100_Schwinger_OBC_0_0_5,outer,1,SA,1,Proj,No_MSF,968,75590
result_SELECT_100_Schwinger_OBC_0_0_5,outer,1,SA,0.01,Proj,No_Kink,1395,4472865
result_SELECT_100_Schwinger_OBC_0_0_5,outer,1,SA,1,Double,No_Kink,1431,1603030
result_SELECT_100_Schwinger_OBC_0_0_5,outer,1,SA,1,Proj,No_Top,968,162502
result_SELECT_100_Schwinger_OBC_0_0_5,outer,1,SA,0.01,Proj,Yes_Kink,1447,4546837
result_SELECT_100_Schwinger_OBC_0_0_5,outer,1,SA,1,Single,No_MSF,1282,656035
result_SELECT_100_Schwinger_OBC_0_0_5,outer,1,SA,1,Double,Yes_Kink,1454,1646595
result_SELECT_100_Schwinger_OBC_0_0_5,outer,1,SA,1,Single,No_Top,1282,741535
result_SELECT_100_Schwinger_OBC_0_0_5,outer,1,random,0,Double,No_MSF,1151,585122
result_SELECT_100_Schwinger_OBC_0_0_5,outer,1,random,0,Double,No_Top,1152,671490
result_SELECT_100_Schwinger_OBC_0_0_5,outer,1,SA,1,Single,No_Kink,1710,1700072
result_SELECT_100_Schwinger_OBC_0_0_5,outer,1,SA,0.1,Proj,No_Kink,1330,4282592
result_SELECT_100_Schwinger_OBC_0_0_5,outer,1,random,0,Proj,No_MSF,968,75590
result_SELECT_100_Schwinger_OBC_0_0_5,outer,1,random,0,Proj,No_Top,968,162502
result_SELECT_100_Schwinger_OBC_0_0_5,outer,1,SA,0.1,Proj,Yes_Kink,1381,4360243
result_SELECT_100_Schwinger_OBC_0_0_5,outer,1,random,0,Single,No_MSF,1282,656035
result_SELECT_100_Schwinger_OBC_0_0_5,outer,1,random,0,Single,No_Top,1282,741535
result_SELECT_100_Schwinger_OBC_0_0_5,outer,1,SA,1,Proj,No_Kink,1490,4540595
result_SELECT_100_Schwinger_OBC_0_0_5,outer,1,random,0,Double,No_Kink,1810,3359968
result_SELECT_100_Schwinger_OBC_0_0_5,outer,2,SA,0.001,Double,No_MSF,1151,585122
result_SELECT_100_Schwinger_OBC_0_0_5,outer,2,SA,0.001,Double,No_Kink,1247,1415895
result_SELECT_100_Schwinger_OBC_0_0_5,outer,2,SA,0.001,Double,No_Top,1152,671490
result_SELECT_100_Schwinger_OBC_0_0_5,outer,1,random,0,Double,Yes_Kink,1812,3404773
result_SELECT_100_Schwinger_OBC_0_0_5,outer,2,SA,0.001,Proj,No_MSF,968,75590
result_SELECT_100_Schwinger_OBC_0_0_5,outer,2,SA,0.001,Proj,No_Top,968,162502
result_SELECT_100_Schwinger_OBC_0_0_5,outer,1,SA,1,Proj,Yes_Kink,1528,4564733
result_SELECT_100_Schwinger_OBC_0_0_5,outer,2,SA,0.001,Single,No_MSF,1282,656035
result_SELECT_100_Schwinger_OBC_0_0_5,outer,1,random,0,Single,No_Kink,3012,4294081
result_SELECT_100_Schwinger_OBC_0_0_5,outer,2,SA,0.001,Double,Yes_Kink,1301,1443952
result_SELECT_100_Schwinger_OBC_0_0_5,outer,1,random,0,Proj,No_Kink,1341,4249657
result_SELECT_100_Schwinger_OBC_0_0_5,outer,2,SA,0.001,Single,No_Top,1282,741535
result_SELECT_100_Schwinger_OBC_0_0_5,outer,2,SA,0.01,Double,No_MSF,1151,585122
result_SELECT_100_Schwinger_OBC_0_0_5,outer,2,SA,0.01,Double,No_Top,1152,671490
result_SELECT_100_Schwinger_OBC_0_0_5,outer,2,SA,0.001,Single,No_Kink,1346,1428321
result_SELECT_100_Schwinger_OBC_0_0_5,outer,1,random,0,Proj,Yes_Kink,1371,4281541
result_SELECT_100_Schwinger_OBC_0_0_5,outer,2,SA,0.01,Proj,No_MSF,968,75590
result_SELECT_100_Schwinger_OBC_0_0_5,outer,2,SA,0.01,Proj,No_Top,968,162502
result_SELECT_100_Schwinger_OBC_0_0_5,outer,2,SA,0.01,Double,No_Kink,1281,1354071
result_SELECT_100_Schwinger_OBC_0_0_5,outer,2,SA,0.001,Single,Yes_Kink,1375,1516815
result_SELECT_100_Schwinger_OBC_0_0_5,outer,2,SA,0.01,Double,Yes_Kink,1366,1394365
result_SELECT_100_Schwinger_OBC_0_0_5,outer,2,SA,0.01,Single,No_MSF,1282,656035
result_SELECT_100_Schwinger_OBC_0_0_5,outer,2,SA,0.01,Single,No_Top,1282,741535
result_SELECT_100_Schwinger_OBC_0_0_5,outer,2,SA,0.1,Double,No_MSF,1151,585122
result_SELECT_100_Schwinger_OBC_0_0_5,outer,2,SA,0.01,Single,No_Kink,1325,1347351
result_SELECT_100_Schwinger_OBC_0_0_5,outer,2,SA,0.1,Double,No_Top,1152,671490
result_SELECT_100_Schwinger_OBC_0_0_5,outer,2,SA,0.001,Proj,No_Kink,1148,3827620
result_SELECT_100_Schwinger_OBC_0_0_5,outer,2,SA,0.01,Single,Yes_Kink,1350,1442431
result_SELECT_100_Schwinger_OBC_0_0_5,outer,2,SA,0.1,Double,No_Kink,1280,1368737
result_SELECT_100_Schwinger_OBC_0_0_5,outer,2,SA,0.1,Proj,No_MSF,968,75590
result_SELECT_100_Schwinger_OBC_0_0_5,outer,2,SA,0.1,Proj,No_Top,968,162502
result_SELECT_100_Schwinger_OBC_0_0_5,outer,2,SA,0.001,Proj,Yes_Kink,1192,3886903
result_SELECT_100_Schwinger_OBC_0_0_5,outer,2,SA,0.1,Double,Yes_Kink,1412,1426699
result_SELECT_100_Schwinger_OBC_0_0_5,outer,2,SA,0.1,Single,No_MSF,1282,656035
result_SELECT_100_Schwinger_OBC_0_0_5,outer,2,SA,0.1,Single,No_Top,1282,741535
result_SELECT_100_Schwinger_OBC_0_0_5,outer,2,SA,0.1,Single,No_Kink,1338,1364743
result_SELECT_100_Schwinger_OBC_0_0_5,outer,2,SA,1,Double,No_MSF,1151,585122
result_SELECT_100_Schwinger_OBC_0_0_5,outer,2,SA,1,Double,No_Top,1152,671490
result_SELECT_100_Schwinger_OBC_0_0_5,outer,2,SA,1,Double,No_Kink,1327,1308935
result_SELECT_100_Schwinger_OBC_0_0_5,outer,2,SA,0.01,Proj,No_Kink,1102,3665312
result_SELECT_100_Schwinger_OBC_0_0_5,outer,2,SA,0.1,Single,Yes_Kink,1365,1460330
result_SELECT_100_Schwinger_OBC_0_0_5,outer,2,SA,1,Proj,No_MSF,968,75590
result_SELECT_100_Schwinger_OBC_0_0_5,outer,2,SA,1,Proj,No_Top,968,162502
result_SELECT_100_Schwinger_OBC_0_0_5,outer,2,SA,0.01,Proj,Yes_Kink,1137,3695479
result_SELECT_100_Schwinger_OBC_0_0_5,outer,2,SA,1,Double,Yes_Kink,1437,1359591
result_SELECT_100_Schwinger_OBC_0_0_5,outer,2,SA,1,Single,No_MSF,1282,656035
result_SELECT_100_Schwinger_OBC_0_0_5,outer,2,SA,1,Single,No_Top,1282,741535
result_SELECT_100_Schwinger_OBC_0_0_5,outer,2,random,0,Double,No_MSF,1151,585122
result_SELECT_100_Schwinger_OBC_0_0_5,outer,2,SA,1,Single,No_Kink,1393,1316633
result_SELECT_100_Schwinger_OBC_0_0_5,outer,2,random,0,Double,No_Top,1152,671490
result_SELECT_100_Schwinger_OBC_0_0_5,outer,2,SA,0.1,Proj,No_Kink,1094,3651883
result_SELECT_100_Schwinger_OBC_0_0_5,outer,2,SA,1,Single,Yes_Kink,1466,1430690
result_SELECT_100_Schwinger_OBC_0_0_5,outer,2,random,0,Proj,No_MSF,968,75590
result_SELECT_100_Schwinger_OBC_0_0_5,outer,2,random,0,Proj,No_Top,968,162502
result_SELECT_100_Schwinger_OBC_0_0_5,outer,2,SA,0.1,Proj,Yes_Kink,1134,3705736
result_SELECT_100_Schwinger_OBC_0_0_5,outer,2,random,0,Single,No_MSF,1282,656035
result_SELECT_100_Schwinger_OBC_0_0_5,outer,2,random,0,Single,No_Top,1282,741535
result_SELECT_100_Schwinger_OBC_0_0_5,outer,2,random,0,Double,No_Kink,1513,2352936
result_SELECT_100_Schwinger_OBC_0_0_5,outer,2,random,0,Double,Yes_Kink,1525,2366980
result_SELECT_100_Schwinger_OBC_0_0_6,inner,1,SA,0.001,Double,No_MSF,621,513630
result_SELECT_100_Schwinger_OBC_0_0_5,outer,2,SA,1,Proj,No_Kink,1282,4177715
result_SELECT_100_Schwinger_OBC_0_0_6,inner,1,SA,0.001,Double,No_Top,623,604626
result_SELECT_100_Schwinger_OBC_0_0_5,outer,2,SA,1,Proj,Yes_Kink,1329,4243647
result_SELECT_100_Schwinger_OBC_0_0_5,outer,2,random,0,Single,No_Kink,1446,2443905
result_SELECT_100_Schwinger_OBC_0_0_6,inner,1,SA,0.001,Proj,No_MSF,488,79174
result_SELECT_100_Schwinger_OBC_0_0_6,inner,1,SA,0.001,Proj,No_Top,488,170182
result_SELECT_100_Schwinger_OBC_0_0_5,outer,2,random,0,Single,Yes_Kink,1466,2476795
result_SELECT_100_Schwinger_OBC_0_0_6,inner,1,SA,0.001,Double,No_Kink,1008,2177686
result_SELECT_100_Schwinger_OBC_0_0_5,outer,2,random,0,Proj,No_Kink,1117,3689972
result_SELECT_100_Schwinger_OBC_0_0_6,inner,1,SA,0.001,Single,No_MSF,730,609985
result_SELECT_100_Schwinger_OBC_0_0_6,inner,1,SA,0.001,Single,No_Top,732,702101
result_SELECT_100_Schwinger_OBC_0_0_6,inner,1,SA,0.01,Double,No_MSF,621,513630
result_SELECT_100_Schwinger_OBC_0_0_5,outer,2,random,0,Proj,Yes_Kink,1136,3691353
result_SELECT_100_Schwinger_OBC_0_0_6,inner,1,SA,0.01,Double,No_Top,623,604626
result_SELECT_100_Schwinger_OBC_0_0_6,inner,1,SA,0.01,Proj,No_MSF,488,79174
result_SELECT_100_Schwinger_OBC_0_0_6,inner,1,SA,0.001,Double,Yes_Kink,1025,2241293
result_SELECT_100_Schwinger_OBC_0_0_6,inner,1,SA,0.01,Proj,No_Top,488,170182
result_SELECT_100_Schwinger_OBC_0_0_6,inner,1,SA,0.001,Single,No_Kink,1191,2240795
result_SELECT_100_Schwinger_OBC_0_0_6,inner,1,SA,0.01,Double,No_Kink,1011,2127677
result_SELECT_100_Schwinger_OBC_0_0_6,inner,1,SA,0.01,Single,No_MSF,730,609985
result_SELECT_100_Schwinger_OBC_0_0_6,inner,1,SA,0.01,Single,No_Top,732,702101
result_SELECT_100_Schwinger_OBC_0_0_6,inner,1,SA,0.01,Double,Yes_Kink,1037,2200137
result_SELECT_100_Schwinger_OBC_0_0_6,inner,1,SA,0.1,Double,No_MSF,621,513630
result_SELECT_100_Schwinger_OBC_0_0_6,inner,1,SA,0.1,Double,No_Top,623,604626
result_SELECT_100_Schwinger_OBC_0_0_6,inner,1,SA,0.01,Single,No_Kink,1210,2195575
result_SELECT_100_Schwinger_OBC_0_0_6,inner,1,SA,0.1,Proj,No_MSF,488,79174
result_SELECT_100_Schwinger_OBC_0_0_6,inner,1,SA,0.1,Double,No_Kink,1022,2036372
result_SELECT_100_Schwinger_OBC_0_0_6,inner,1,SA,0.1,Proj,No_Top,488,170182
result_SELECT_100_Schwinger_OBC_0_0_6,inner,1,SA,0.1,Double,Yes_Kink,1048,2127730
result_SELECT_100_Schwinger_OBC_0_0_6,inner,1,SA,0.1,Single,No_MSF,730,609985
result_SELECT_100_Schwinger_OBC_0_0_6,inner,1,SA,0.001,Proj,No_Kink,1087,5908292
result_SELECT_100_Schwinger_OBC_0_0_6,inner,1,SA,0.1,Single,No_Top,732,702101
result_SELECT_100_Schwinger_OBC_0_0_6,inner,1,SA,1,Double,No_MSF,621,513630
result_SELECT_100_Schwinger_OBC_0_0_6,inner,1,SA,0.1,Single,No_Kink,1209,2097095
result_SELECT_100_Schwinger_OBC_0_0_6,inner,1,SA,1,Double,No_Top,623,604626
result_SELECT_100_Schwinger_OBC_0_0_6,inner,1,SA,0.001,Proj,Yes_Kink,1114,5955583
result_SELECT_100_Schwinger_OBC_0_0_6,inner,1,SA,1,Proj,No_MSF,488,79174
result_SELECT_100_Schwinger_OBC_0_0_6,inner,1,SA,0.01,Proj,No_Kink,1096,5929255
result_SELECT_100_Schwinger_OBC_0_0_6,inner,1,SA,1,Proj,No_Top,488,170182
result_SELECT_100_Schwinger_OBC_0_0_6,inner,1,SA,1,Double,No_Kink,995,1911496
result_SELECT_100_Schwinger_OBC_0_0_6,inner,1,SA,1,Single,No_MSF,730,609985
result_SELECT_100_Schwinger_OBC_0_0_6,inner,1,SA,0.01,Proj,Yes_Kink,1133,6024565
result_SELECT_100_Schwinger_OBC_0_0_6,inner,1,SA,1,Double,Yes_Kink,1029,1999546
result_SELECT_100_Schwinger_OBC_0_0_6,inner,1,SA,1,Single,No_Top,732,702101
result_SELECT_100_Schwinger_OBC_0_0_6,inner,1,random,0,Double,No_MSF,621,513630
result_SELECT_100_Schwinger_OBC_0_0_6,inner,1,random,0,Double,No_Top,623,604626
result_SELECT_100_Schwinger_OBC_0_0_6,inner,1,SA,1,Single,No_Kink,1168,1947987
result_SELECT_100_Schwinger_OBC_0_0_6,inner,1,random,0,Proj,No_MSF,488,79174
result_SELECT_100_Schwinger_OBC_0_0_6,inner,1,SA,0.1,Proj,No_Kink,1119,6053853
result_SELECT_100_Schwinger_OBC_0_0_6,inner,1,random,0,Proj,No_Top,488,170182
result_SELECT_100_Schwinger_OBC_0_0_6,inner,1,SA,0.1,Proj,Yes_Kink,1161,6168962
result_SELECT_100_Schwinger_OBC_0_0_6,inner,1,random,0,Single,No_MSF,730,609985
result_SELECT_100_Schwinger_OBC_0_0_6,inner,1,random,0,Single,No_Top,732,702101
result_SELECT_100_Schwinger_OBC_0_0_6,inner,1,random,0,Double,No_Kink,1345,4678009
result_SELECT_100_Schwinger_OBC_0_0_6,inner,2,SA,0.001,Double,No_Kink,831,1592607
result_SELECT_100_Schwinger_OBC_0_0_6,inner,2,SA,0.001,Double,No_MSF,621,513630
result_SELECT_100_Schwinger_OBC_0_0_6,inner,1,SA,1,Proj,No_Kink,1124,6052751
result_SELECT_100_Schwinger_OBC_0_0_6,inner,2,SA,0.001,Double,No_Top,623,604626
result_SELECT_100_Schwinger_OBC_0_0_6,inner,1,random,0,Double,Yes_Kink,1349,4674137
result_SELECT_100_Schwinger_OBC_0_0_6,inner,2,SA,0.001,Proj,No_MSF,488,79174
result_SELECT_100_Schwinger_OBC_0_0_6,inner,2,SA,0.001,Proj,No_Top,488,170182
result_SELECT_100_Schwinger_OBC_0_0_6,inner,1,SA,1,Proj,Yes_Kink,1179,6197213
result_SELECT_100_Schwinger_OBC_0_0_6,inner,1,random,0,Proj,No_Kink,972,5311605
result_SELECT_100_Schwinger_OBC_0_0_6,inner,2,SA,0.001,Single,No_MSF,730,609985
result_SELECT_100_Schwinger_OBC_0_0_6,inner,1,random,0,Single,No_Kink,2467,5935283
result_SELECT_100_Schwinger_OBC_0_0_6,inner,2,SA,0.001,Double,Yes_Kink,854,1633049
result_SELECT_100_Schwinger_OBC_0_0_6,inner,2,SA,0.001,Single,No_Top,732,702101
result_SELECT_100_Schwinger_OBC_0_0_6,inner,2,SA,0.01,Double,No_MSF,621,513630
result_SELECT_100_Schwinger_OBC_0_0_6,inner,2,SA,0.01,Double,No_Top,623,604626
result_SELECT_100_Schwinger_OBC_0_0_6,inner,1,random,0,Proj,Yes_Kink,990,5339373
result_SELECT_100_Schwinger_OBC_0_0_6,inner,2,SA,0.001,Single,No_Kink,831,1628061
result_SELECT_100_Schwinger_OBC_0_0_6,inner,2,SA,0.01,Proj,No_MSF,488,79174
result_SELECT_100_Schwinger_OBC_0_0_6,inner,2,SA,0.01,Double,No_Kink,886,1577696
result_SELECT_100_Schwinger_OBC_0_0_6,inner,2,SA,0.01,Proj,No_Top,488,170182
result_SELECT_100_Schwinger_OBC_0_0_6,inner,2,SA,0.01,Single,No_MSF,730,609985
result_SELECT_100_Schwinger_OBC_0_0_6,inner,2,SA,0.001,Single,Yes_Kink,870,1727392
result_SELECT_100_Schwinger_OBC_0_0_6,inner,2,SA,0.01,Double,Yes_Kink,980,1642273
result_SELECT_100_Schwinger_OBC_0_0_6,inner,2,SA,0.01,Single,No_Top,732,702101
result_SELECT_100_Schwinger_OBC_0_0_6,inner,2,SA,0.1,Double,No_MSF,621,513630
result_SELECT_100_Schwinger_OBC_0_0_6,inner,2,SA,0.1,Double,No_Top,623,604626
result_SELECT_100_Schwinger_OBC_0_0_6,inner,2,SA,0.01,Single,No_Kink,837,1599668
result_SELECT_100_Schwinger_OBC_0_0_6,inner,2,SA,0.1,Double,No_Kink,869,1494291
result_SELECT_100_Schwinger_OBC_0_0_6,inner,2,SA,0.01,Single,Yes_Kink,877,1693129
result_SELECT_100_Schwinger_OBC_0_0_6,inner,2,SA,0.001,Proj,No_Kink,832,4583776
result_SELECT_100_Schwinger_OBC_0_0_6,inner,2,SA,0.1,Proj,No_MSF,488,79174
result_SELECT_100_Schwinger_OBC_0_0_6,inner,2,SA,0.1,Proj,No_Top,488,170182
result_SELECT_100_Schwinger_OBC_0_0_6,inner,2,SA,0.1,Single,No_MSF,730,609985
result_SELECT_100_Schwinger_OBC_0_0_6,inner,2,SA,0.1,Double,Yes_Kink,946,1553939
result_SELECT_100_Schwinger_OBC_0_0_6,inner,2,SA,0.001,Proj,Yes_Kink,859,4671877
result_SELECT_100_Schwinger_OBC_0_0_6,inner,2,SA,0.1,Single,No_Top,732,702101
result_SELECT_100_Schwinger_OBC_0_0_6,inner,2,SA,1,Double,No_MSF,621,513630
result_SELECT_100_Schwinger_OBC_0_0_6,inner,2,SA,0.1,Single,No_Kink,821,1511457
result_SELECT_100_Schwinger_OBC_0_0_6,inner,2,SA,1,Double,No_Top,623,604626
result_SELECT_100_Schwinger_OBC_0_0_6,inner,2,SA,0.01,Proj,No_Kink,826,4521795
result_SELECT_100_Schwinger_OBC_0_0_6,inner,2,SA,1,Proj,No_MSF,488,79174
result_SELECT_100_Schwinger_OBC_0_0_6,inner,2,SA,1,Double,No_Kink,926,1447174
result_SELECT_100_Schwinger_OBC_0_0_6,inner,2,SA,0.1,Single,Yes_Kink,854,1608072
result_SELECT_100_Schwinger_OBC_0_0_6,inner,2,SA,0.01,Proj,Yes_Kink,858,4618671
result_SELECT_100_Schwinger_OBC_0_0_6,inner,2,SA,1,Proj,No_Top,488,170182
result_SELECT_100_Schwinger_OBC_0_0_6,inner,2,SA,1,Single,No_MSF,730,609985
result_SELECT_100_Schwinger_OBC_0_0_6,inner,2,SA,1,Double,Yes_Kink,986,1495774
result_SELECT_100_Schwinger_OBC_0_0_6,inner,2,SA,1,Single,No_Top,732,702101
result_SELECT_100_Schwinger_OBC_0_0_6,inner,2,random,0,Double,No_MSF,621,513630
result_SELECT_100_Schwinger_OBC_0_0_6,inner,2,SA,1,Single,No_Kink,807,1424780
result_SELECT_100_Schwinger_OBC_0_0_6,inner,2,random,0,Double,No_Top,623,604626
result_SELECT_100_Schwinger_OBC_0_0_6,inner,2,SA,1,Single,Yes_Kink,835,1512757
result_SELECT_100_Schwinger_OBC_0_0_6,inner,2,SA,0.1,Proj,No_Kink,808,4430575
result_SELECT_100_Schwinger_OBC_0_0_6,inner,2,random,0,Proj,No_MSF,488,79174
result_SELECT_100_Schwinger_OBC_0_0_6,inner,2,random,0,Proj,No_Top,488,170182
result_SELECT_100_Schwinger_OBC_0_0_6,inner,2,SA,0.1,Proj,Yes_Kink,841,4524994
result_SELECT_100_Schwinger_OBC_0_0_6,inner,2,random,0,Single,No_MSF,730,609985
result_SELECT_100_Schwinger_OBC_0_0_6,inner,2,random,0,Single,No_Top,732,702101
result_SELECT_100_Schwinger_OBC_0_0_6,inner,2,random,0,Double,No_Kink,890,2902659
result_SELECT_100_Schwinger_OBC_0_0_6,inner,2,SA,1,Proj,No_Kink,792,4303817
result_SELECT_100_Schwinger_OBC_0_0_6,outer,1,SA,0.001,Double,No_MSF,621,513630
result_SELECT_100_Schwinger_OBC_0_0_6,inner,2,random,0,Double,Yes_Kink,911,2929068
result_SELECT_100_Schwinger_OBC_0_0_6,outer,1,SA,0.001,Double,No_Top,623,604626
result_SELECT_100_Schwinger_OBC_0_0_6,inner,2,SA,1,Proj,Yes_Kink,822,4379612
result_SELECT_100_Schwinger_OBC_0_0_6,outer,1,SA,0.001,Proj,No_MSF,488,79174
result_SELECT_100_Schwinger_OBC_0_0_6,inner,2,random,0,Single,No_Kink,960,3079460
result_SELECT_100_Schwinger_OBC_0_0_6,outer,1,SA,0.001,Proj,No_Top,488,170182
result_SELECT_100_Schwinger_OBC_0_0_6,outer,1,SA,0.001,Double,No_Kink,1057,2363209
result_SELECT_100_Schwinger_OBC_0_0_6,inner,2,random,0,Single,Yes_Kink,972,3155530
result_SELECT_100_Schwinger_OBC_0_0_6,inner,2,random,0,Proj,No_Kink,727,4072009
result_SELECT_100_Schwinger_OBC_0_0_6,outer,1,SA,0.001,Single,No_MSF,730,609985
result_SELECT_100_Schwinger_OBC_0_0_6,inner,2,random,0,Proj,Yes_Kink,742,4103692
result_SELECT_100_Schwinger_OBC_0_0_6,outer,1,SA,0.001,Single,No_Top,732,702101
result_SELECT_100_Schwinger_OBC_0_0_6,outer,1,SA,0.01,Double,No_MSF,621,513630
result_SELECT_100_Schwinger_OBC_0_0_6,outer,1,SA,0.01,Double,No_Top,623,604626
result_SELECT_100_Schwinger_OBC_0_0_6,outer,1,SA,0.001,Double,Yes_Kink,1085,2426165
result_SELECT_100_Schwinger_OBC_0_0_6,outer,1,SA,0.01,Proj,No_MSF,488,79174
result_SELECT_100_Schwinger_OBC_0_0_6,outer,1,SA,0.01,Proj,No_Top,488,170182
result_SELECT_100_Schwinger_OBC_0_0_6,outer,1,SA,0.001,Single,No_Kink,1323,2418396
result_SELECT_100_Schwinger_OBC_0_0_6,outer,1,SA,0.01,Single,No_MSF,730,609985
result_SELECT_100_Schwinger_OBC_0_0_6,outer,1,SA,0.01,Single,No_Top,732,702101
result_SELECT_100_Schwinger_OBC_0_0_6,outer,1,SA,0.01,Double,No_Kink,1036,2334626
result_SELECT_100_Schwinger_OBC_0_0_6,outer,1,SA,0.1,Double,No_MSF,621,513630
result_SELECT_100_Schwinger_OBC_0_0_6,outer,1,SA,0.01,Double,Yes_Kink,1066,2412432
result_SELECT_100_Schwinger_OBC_0_0_6,outer,1,SA,0.1,Double,No_Top,623,604626
result_SELECT_100_Schwinger_OBC_0_0_6,outer,1,SA,0.01,Single,No_Kink,1283,2360124
result_SELECT_100_Schwinger_OBC_0_0_6,outer,1,SA,0.1,Proj,No_MSF,488,79174
result_SELECT_100_Schwinger_OBC_0_0_6,outer,1,SA,0.1,Proj,No_Top,488,170182
result_SELECT_100_Schwinger_OBC_0_0_6,outer,1,SA,0.1,Double,No_Kink,1016,2307027
result_SELECT_100_Schwinger_OBC_0_0_6,outer,1,SA,0.1,Double,Yes_Kink,1039,2370183
result_SELECT_100_Schwinger_OBC_0_0_6,outer,1,SA,0.1,Single,No_MSF,730,609985
result_SELECT_100_Schwinger_OBC_0_0_6,outer,1,SA,0.001,Proj,No_Kink,1145,6337933
result_SELECT_100_Schwinger_OBC_0_0_6,outer,1,SA,0.1,Single,No_Top,732,702101
result_SELECT_100_Schwinger_OBC_0_0_6,outer,1,SA,1,Double,No_MSF,621,513630
result_SELECT_100_Schwinger_OBC_0_0_6,outer,1,SA,0.001,Proj,Yes_Kink,1168,6383319
result_SELECT_100_Schwinger_OBC_0_0_6,outer,1,SA,1,Double,No_Top,623,604626
result_SELECT_100_Schwinger_OBC_0_0_6,outer,1,SA,0.1,Single,No_Kink,1286,2391038
result_SELECT_100_Schwinger_OBC_0_0_6,outer,1,SA,1,Proj,No_MSF,488,79174
result_SELECT_100_Schwinger_OBC_0_0_6,outer,1,SA,1,Proj,No_Top,488,170182
result_SELECT_100_Schwinger_OBC_0_0_6,outer,1,SA,0.01,Proj,No_Kink,1117,6176457
result_SELECT_100_Schwinger_OBC_0_0_6,outer,1,SA,1,Double,No_Kink,1224,2276930
result_SELECT_100_Schwinger_OBC_0_0_6,outer,1,SA,0.01,Proj,Yes_Kink,1144,6249011
result_SELECT_100_Schwinger_OBC_0_0_6,outer,1,SA,1,Single,No_MSF,730,609985
result_SELECT_100_Schwinger_OBC_0_0_6,outer,1,SA,1,Single,No_Top,732,702101
result_SELECT_100_Schwinger_OBC_0_0_6,outer,1,SA,1,Double,Yes_Kink,1239,2343089
result_SELECT_100_Schwinger_OBC_0_0_6,outer,1,random,0,Double,No_MSF,621,513630
result_SELECT_100_Schwinger_OBC_0_0_6,outer,1,random,0,Double,No_Top,623,604626
result_SELECT_100_Schwinger_OBC_0_0_6,outer,1,SA,0.1,Proj,No_Kink,1045,5813035
result_SELECT_100_Schwinger_OBC_0_0_6,outer,1,random,0,Proj,No_MSF,488,79174
result_SELECT_100_Schwinger_OBC_0_0_6,outer,1,SA,1,Single,No_Kink,1402,2379848
result_SELECT_100_Schwinger_OBC_0_0_6,outer,1,random,0,Proj,No_Top,488,170182
result_SELECT_100_Schwinger_OBC_0_0_6,outer,1,SA,0.1,Proj,Yes_Kink,1074,5892505
result_SELECT_100_Schwinger_OBC_0_0_6,outer,1,random,0,Single,No_MSF,730,609985
result_SELECT_100_Schwinger_OBC_0_0_6,outer,1,random,0,Single,No_Top,732,702101
result_SELECT_100_Schwinger_OBC_0_0_6,outer,1,random,0,Double,No_Kink,1452,5074318
result_SELECT_100_Schwinger_OBC_0_0_6,outer,1,SA,1,Proj,No_Kink,1144,6255440
result_SELECT_100_Schwinger_OBC_0_0_6,outer,2,SA,0.001,Double,No_Kink,819,1727959
result_SELECT_100_Schwinger_OBC_0_0_6,outer,2,SA,0.001,Double,No_MSF,621,513630
result_SELECT_100_Schwinger_OBC_0_0_6,outer,2,SA,0.001,Double,No_Top,623,604626
result_SELECT_100_Schwinger_OBC_0_0_6,outer,1,random,0,Double,Yes_Kink,1453,5094824
result_SELECT_100_Schwinger_OBC_0_0_6,outer,2,SA,0.001,Proj,No_MSF,488,79174
result_SELECT_100_Schwinger_OBC_0_0_6,outer,2,SA,0.001,Proj,No_Top,488,170182
result_SELECT_100_Schwinger_OBC_0_0_6,outer,1,SA,1,Proj,Yes_Kink,1173,6340166
result_SELECT_100_Schwinger_OBC_0_0_6,outer,1,random,0,Single,No_Kink,2658,6428667
result_SELECT_100_Schwinger_OBC_0_0_6,outer,2,SA,0.001,Single,No_MSF,730,609985
result_SELECT_100_Schwinger_OBC_0_0_6,outer,1,random,0,Proj,No_Kink,1010,5535620
result_SELECT_100_Schwinger_OBC_0_0_6,outer,2,SA,0.001,Single,No_Top,732,702101
result_SELECT_100_Schwinger_OBC_0_0_6,outer,2,SA,0.001,Double,Yes_Kink,877,1766120
result_SELECT_100_Schwinger_OBC_0_0_6,outer,2,SA,0.01,Double,No_MSF,621,513630
result_SELECT_100_Schwinger_OBC_0_0_6,outer,1,random,0,Proj,Yes_Kink,1024,5557562
result_SELECT_100_Schwinger_OBC_0_0_6,outer,2,SA,0.01,Double,No_Top,623,604626
result_SELECT_100_Schwinger_OBC_0_0_6,outer,2,SA,0.001,Single,No_Kink,836,1759177
result_SELECT_100_Schwinger_OBC_0_0_6,outer,2,SA,0.01,Proj,No_MSF,488,79174
result_SELECT_100_Schwinger_OBC_0_0_6,outer,2,SA,0.01,Proj,No_Top,488,170182
result_SELECT_100_Schwinger_OBC_0_0_6,outer,2,SA,0.01,Double,No_Kink,818,1756126
result_SELECT_100_Schwinger_OBC_0_0_6,outer,2,SA,0.001,Single,Yes_Kink,883,1852031
result_SELECT_100_Schwinger_OBC_0_0_6,outer,2,SA,0.01,Single,No_MSF,730,609985
result_SELECT_100_Schwinger_OBC_0_0_6,outer,2,SA,0.01,Single,No_Top,732,702101
result_SELECT_100_Schwinger_OBC_0_0_6,outer,2,SA,0.01,Double,Yes_Kink,869,1805377
result_SELECT_100_Schwinger_OBC_0_0_6,outer,2,SA,0.1,Double,No_MSF,621,513630
result_SELECT_100_Schwinger_OBC_0_0_6,outer,2,SA,0.1,Double,No_Top,623,604626
result_SELECT_100_Schwinger_OBC_0_0_6,outer,2,SA,0.01,Single,No_Kink,850,1791570
result_SELECT_100_Schwinger_OBC_0_0_6,outer,2,SA,0.001,Proj,No_Kink,798,4575816
result_SELECT_100_Schwinger_OBC_0_0_6,outer,2,SA,0.1,Proj,No_MSF,488,79174
result_SELECT_100_Schwinger_OBC_0_0_6,outer,2,SA,0.1,Double,No_Kink,809,1694041
result_SELECT_100_Schwinger_OBC_0_0_6,outer,2,SA,0.01,Single,Yes_Kink,893,1872215
result_SELECT_100_Schwinger_OBC_0_0_6,outer,2,SA,0.001,Proj,Yes_Kink,825,4646630
result_SELECT_100_Schwinger_OBC_0_0_6,outer,2,SA,0.1,Proj,No_Top,488,170182
result_SELECT_100_Schwinger_OBC_0_0_6,outer,2,SA,0.1,Single,No_MSF,730,609985
result_SELECT_100_Schwinger_OBC_0_0_6,outer,2,SA,0.1,Single,No_Top,732,702101
result_SELECT_100_Schwinger_OBC_0_0_6,outer,2,SA,0.1,Double,Yes_Kink,873,1746376
result_SELECT_100_Schwinger_OBC_0_0_6,outer,2,SA,1,Double,No_MSF,621,513630
result_SELECT_100_Schwinger_OBC_0_0_6,outer,2,SA,1,Double,No_Top,623,604626
result_SELECT_100_Schwinger_OBC_0_0_6,outer,2,SA,0.1,Single,No_Kink,824,1733864
result_SELECT_100_Schwinger_OBC_0_0_6,outer,2,SA,0.01,Proj,No_Kink,809,4639258
result_SELECT_100_Schwinger_OBC_0_0_6,outer,2,SA,1,Double,No_Kink,920,1723145
result_SELECT_100_Schwinger_OBC_0_0_6,outer,2,SA,0.1,Single,Yes_Kink,861,1823002
result_SELECT_100_Schwinger_OBC_0_0_6,outer,2,SA,0.01,Proj,Yes_Kink,835,4710980
result_SELECT_100_Schwinger_OBC_0_0_6,outer,2,SA,1,Proj,No_MSF,488,79174
result_SELECT_100_Schwinger_OBC_0_0_6,outer,2,SA,1,Proj,No_Top,488,170182
result_SELECT_100_Schwinger_OBC_0_0_6,outer,2,SA,1,Single,No_MSF,730,609985
result_SELECT_100_Schwinger_OBC_0_0_6,outer,2,SA,1,Single,No_Top,732,702101
result_SELECT_100_Schwinger_OBC_0_0_6,outer,2,SA,1,Double,Yes_Kink,949,1749468
result_SELECT_100_Schwinger_OBC_0_0_6,outer,2,random,0,Double,No_MSF,621,513630
result_SELECT_100_Schwinger_OBC_0_0_6,outer,2,SA,1,Single,No_Kink,967,1693223
result_SELECT_100_Schwinger_OBC_0_0_6,outer,2,SA,0.1,Proj,No_Kink,762,4394946
result_SELECT_100_Schwinger_OBC_0_0_6,outer,2,random,0,Double,No_Top,623,604626
result_SELECT_100_Schwinger_OBC_0_0_6,outer,2,SA,1,Single,Yes_Kink,1025,1788435
result_SELECT_100_Schwinger_OBC_0_0_6,outer,2,random,0,Proj,No_MSF,488,79174
result_SELECT_100_Schwinger_OBC_0_0_6,outer,2,random,0,Proj,No_Top,488,170182
result_SELECT_100_Schwinger_OBC_0_0_6,outer,2,SA,0.1,Proj,Yes_Kink,789,4475758
result_SELECT_100_Schwinger_OBC_0_0_6,outer,2,random,0,Single,No_MSF,730,609985
result_SELECT_100_Schwinger_OBC_0_0_6,outer,2,random,0,Single,No_Top,732,702101
result_SELECT_100_Schwinger_OBC_0_0_6,outer,2,random,0,Double,No_Kink,920,3157268
result_SELECT_100_random_local_OBC_0_0_0,inner,1,SA,0.001,Double,No_Kink,8292,1065072
result_SELECT_100_random_local_OBC_0_0_0,inner,1,SA,0.001,Double,No_MSF,8289,929525
result_SELECT_100_random_local_OBC_0_0_0,inner,1,SA,0.001,Double,No_Top,8290,945527
result_SELECT_100_random_local_OBC_0_0_0,inner,1,SA,0.001,Double,Yes_Kink,8294,1064439
result_SELECT_100_Schwinger_OBC_0_0_6,outer,2,SA,1,Proj,No_Kink,903,5001148
result_SELECT_100_Schwinger_OBC_0_0_6,outer,2,random,0,Double,Yes_Kink,938,3186876
result_SELECT_100_random_local_OBC_0_0_0,inner,1,SA,0.001,Proj,No_MSF,8000,18000
result_SELECT_100_random_local_OBC_0_0_0,inner,1,SA,0.001,Proj,No_Top,8000,34000
result_SELECT_100_random_local_OBC_0_0_0,inner,1,SA,0.001,Single,No_Kink,8797,1107235
result_SELECT_100_Schwinger_OBC_0_0_6,outer,2,SA,1,Proj,Yes_Kink,927,5079121
result_SELECT_100_random_local_OBC_0_0_0,inner,1,SA,0.001,Single,No_MSF,8795,986253
result_SELECT_100_random_local_OBC_0_0_0,inner,1,SA,0.001,Single,No_Top,8797,1002257
result_SELECT_100_random_local_OBC_0_0_0,inner,1,SA,0.01,Double,No_MSF,8289,929525
result_SELECT_100_random_local_OBC_0_0_0,inner,1,SA,0.01,Double,No_Top,8290,945527
result_SELECT_100_random_local_OBC_0_0_0,inner,1,SA,0.01,Double,No_Kink,8291,1059283
result_SELECT_100_random_local_OBC_0_0_0,inner,1,SA,0.01,Double,Yes_Kink,8430,1074557
result_SELECT_100_random_local_OBC_0_0_0,inner,1,SA,0.01,Proj,No_MSF,8000,18000
result_SELECT_100_random_local_OBC_0_0_0,inner,1,SA,0.01,Proj,No_Top,8000,34000
result_SELECT_100_Schwinger_OBC_0_0_6,outer,2,random,0,Single,No_Kink,1025,3482300
result_SELECT_100_random_local_OBC_0_0_0,inner,1,SA,0.01,Single,No_Kink,8797,1102924
result_SELECT_100_random_local_OBC_0_0_0,inner,1,SA,0.01,Single,No_MSF,8795,986253
result_SELECT_100_random_local_OBC_0_0_0,inner,1,SA,0.01,Single,No_Top,8797,1002257
result_SELECT_100_random_local_OBC_0_0_0,inner,1,SA,0.1,Double,No_Kink,8425,1061480
result_SELECT_100_Schwinger_OBC_0_0_6,outer,2,random,0,Proj,No_Kink,763,4297716
result_SELECT_100_random_local_OBC_0_0_0,inner,1,SA,0.1,Double,No_MSF,8289,929525
result_SELECT_100_random_local_OBC_0_0_0,inner,1,SA,0.1,Double,No_Top,8290,945527
result_SELECT_100_Schwinger_OBC_0_0_6,outer,2,random,0,Proj,Yes_Kink,778,4329306
result_SELECT_100_random_local_OBC_0_0_0,inner,1,SA,0.1,Proj,No_MSF,8000,18000
result_SELECT_100_random_local_OBC_0_0_0,inner,1,SA,0.1,Proj,No_Top,8000,34000
result_SELECT_100_Schwinger_OBC_0_0_6,outer,2,random,0,Single,Yes_Kink,1043,3508549
result_SELECT_100_random_local_OBC_0_0_0,inner,1,SA,0.1,Double,Yes_Kink,8683,1091389
result_SELECT_100_random_local_OBC_0_0_0,inner,1,SA,0.1,Single,No_MSF,8795,986253
result_SELECT_100_random_local_OBC_0_0_0,inner,1,SA,0.1,Single,No_Top,8797,1002257
result_SELECT_100_random_local_OBC_0_0_0,inner,1,SA,0.1,Single,No_Kink,8797,1089641
result_SELECT_100_random_local_OBC_0_0_0,inner,1,SA,1,Double,No_MSF,8289,929525
result_SELECT_100_random_local_OBC_0_0_0,inner,1,SA,1,Double,No_Top,8290,945527
result_SELECT_100_random_local_OBC_0_0_0,inner,1,SA,1,Double,No_Kink,8291,1033267
result_SELECT_100_random_local_OBC_0_0_0,inner,1,SA,1,Double,Yes_Kink,8291,1035438
result_SELECT_100_random_local_OBC_0_0_0,inner,1,SA,1,Proj,No_MSF,8000,18000
result_SELECT_100_random_local_OBC_0_0_0,inner,1,SA,0.001,Proj,No_Kink,8003,3014467
result_SELECT_100_random_local_OBC_0_0_0,inner,1,SA,1,Proj,No_Top,8000,34000
result_SELECT_100_random_local_OBC_0_0_0,inner,1,SA,1,Single,No_Kink,8797,1074937
result_SELECT_100_random_local_OBC_0_0_0,inner,1,SA,1,Single,No_MSF,8795,986253
result_SELECT_100_random_local_OBC_0_0_0,inner,1,SA,1,Single,No_Top,8797,1002257
result_SELECT_100_random_local_OBC_0_0_0,inner,1,SA,0.001,Proj,Yes_Kink,8003,2986135
result_SELECT_100_random_local_OBC_0_0_0,inner,1,random,0,Double,No_MSF,8289,929525
result_SELECT_100_random_local_OBC_0_0_0,inner,1,random,0,Double,No_Kink,8290,1098033
result_SELECT_100_random_local_OBC_0_0_0,inner,1,random,0,Double,No_Top,8290,945527
result_SELECT_100_random_local_OBC_0_0_0,inner,1,random,0,Double,Yes_Kink,8290,1098423
result_SELECT_100_random_local_OBC_0_0_0,inner,1,random,0,Proj,No_MSF,8000,18000
result_SELECT_100_random_local_OBC_0_0_0,inner,1,random,0,Proj,No_Top,8000,34000
result_SELECT_100_random_local_OBC_0_0_0,inner,1,SA,0.01,Proj,No_Kink,8003,3037817
result_SELECT_100_random_local_OBC_0_0_0,inner,1,random,0,Single,No_Kink,8797,1142437
result_SELECT_100_random_local_OBC_0_0_0,inner,1,SA,0.01,Proj,Yes_Kink,8004,2964893
result_SELECT_100_random_local_OBC_0_0_0,inner,1,random,0,Single,No_MSF,8795,986253
result_SELECT_100_random_local_OBC_0_0_0,inner,1,random,0,Single,No_Top,8797,1002257
result_SELECT_100_random_local_OBC_0_0_0,inner,2,SA,0.001,Double,No_MSF,8289,929525
result_SELECT_100_random_local_OBC_0_0_0,inner,2,SA,0.001,Double,No_Top,8290,945527
result_SELECT_100_random_local_OBC_0_0_0,inner,2,SA,0.001,Double,No_Kink,8290,1041235
result_SELECT_100_random_local_OBC_0_0_0,inner,2,SA,0.001,Double,Yes_Kink,8539,1068003
result_SELECT_100_random_local_OBC_0_0_0,inner,2,SA,0.001,Proj,No_MSF,8000,18000
result_SELECT_100_random_local_OBC_0_0_0,inner,1,SA,0.1,Proj,Yes_Kink,8006,2983842
result_SELECT_100_random_local_OBC_0_0_0,inner,2,SA,0.001,Proj,No_Top,8000,34000
result_SELECT_100_random_local_OBC_0_0_0,inner,2,SA,0.001,Single,No_Kink,8797,1082783
result_SELECT_100_random_local_OBC_0_0_0,inner,1,SA,0.1,Proj,No_Kink,8005,2991154
result_SELECT_100_random_local_OBC_0_0_0,inner,2,SA,0.001,Single,No_MSF,8795,986253
result_SELECT_100_random_local_OBC_0_0_0,inner,2,SA,0.001,Single,No_Top,8797,1002257
result_SELECT_100_random_local_OBC_0_0_0,inner,1,SA,1,Proj,No_Kink,8007,2967719
result_SELECT_100_random_local_OBC_0_0_0,inner,2,SA,0.01,Double,No_MSF,8289,929525
result_SELECT_100_random_local_OBC_0_0_0,inner,2,SA,0.001,Single,Yes_Kink,8797,1090823
result_SELECT_100_random_local_OBC_0_0_0,inner,2,SA,0.01,Double,No_Top,8290,945527
result_SELECT_100_random_local_OBC_0_0_0,inner,2,SA,0.01,Double,No_Kink,8291,1040499
result_SELECT_100_random_local_OBC_0_0_0,inner,2,SA,0.01,Proj,No_MSF,8000,18000
result_SELECT_100_random_local_OBC_0_0_0,inner,2,SA,0.01,Double,Yes_Kink,8540,1067303
result_SELECT_100_random_local_OBC_0_0_0,inner,2,SA,0.01,Proj,No_Top,8000,34000
result_SELECT_100_random_local_OBC_0_0_0,inner,1,SA,1,Proj,Yes_Kink,8008,2912680
result_SELECT_100_random_local_OBC_0_0_0,inner,2,SA,0.01,Single,No_Kink,8797,1083089
result_SELECT_100_random_local_OBC_0_0_0,inner,2,SA,0.01,Single,No_MSF,8795,986253
result_SELECT_100_random_local_OBC_0_0_0,inner,2,SA,0.01,Single,No_Top,8797,1002257
result_SELECT_100_random_local_OBC_0_0_0,inner,2,SA,0.01,Single,Yes_Kink,8797,1090885
result_SELECT_100_random_local_OBC_0_0_0,inner,2,SA,0.1,Double,No_Kink,8290,1028396
result_SELECT_100_random_local_OBC_0_0_0,inner,2,SA,0.1,Double,No_MSF,8289,929525
result_SELECT_100_random_local_OBC_0_0_0,inner,2,SA,0.1,Double,No_Top,8290,945527
result_SELECT_100_random_local_OBC_0_0_0,inner,2,SA,0.1,Double,Yes_Kink,8539,1056466
result_SELECT_100_random_local_OBC_0_0_0,inner,2,SA,0.1,Proj,No_MSF,8000,18000
result_SELECT_100_random_local_OBC_0_0_0,inner,2,SA,0.1,Proj,No_Top,8000,34000
result_SELECT_100_random_local_OBC_0_0_0,inner,1,random,0,Proj,No_Kink,8001,3452698
result_SELECT_100_random_local_OBC_0_0_0,inner,2,SA,0.1,Single,No_Kink,8797,1070000
result_SELECT_100_random_local_OBC_0_0_0,inner,2,SA,0.1,Single,No_MSF,8795,986253
result_SELECT_100_random_local_OBC_0_0_0,inner,2,SA,0.001,Proj,No_Kink,8003,2965797
result_SELECT_100_random_local_OBC_0_0_0,inner,2,SA,0.1,Single,No_Top,8797,1002257
result_SELECT_100_random_local_OBC_0_0_0,inner,1,random,0,Proj,Yes_Kink,8002,3413606
result_SELECT_100_random_local_OBC_0_0_0,inner,2,SA,0.1,Single,Yes_Kink,8797,1079708
result_SELECT_100_random_local_OBC_0_0_0,inner,2,SA,1,Double,No_MSF,8289,929525
result_SELECT_100_random_local_OBC_0_0_0,inner,2,SA,1,Double,No_Kink,8291,1018025
result_SELECT_100_random_local_OBC_0_0_0,inner,2,SA,1,Double,No_Top,8290,945527
result_SELECT_100_random_local_OBC_0_0_0,inner,2,SA,0.001,Proj,Yes_Kink,8003,2914701
result_SELECT_100_random_local_OBC_0_0_0,inner,2,SA,1,Proj,No_MSF,8000,18000
result_SELECT_100_random_local_OBC_0_0_0,inner,2,SA,1,Proj,No_Top,8000,34000
result_SELECT_100_random_local_OBC_0_0_0,inner,2,SA,1,Double,Yes_Kink,8291,1018688
result_SELECT_100_random_local_OBC_0_0_0,inner,2,SA,1,Single,No_MSF,8795,986253
result_SELECT_100_random_local_OBC_0_0_0,inner,2,SA,1,Single,No_Kink,8797,1059959
result_SELECT_100_random_local_OBC_0_0_0,inner,2,SA,1,Single,No_Top,8797,1002257
result_SELECT_100_random_local_OBC_0_0_0,inner,2,SA,1,Single,Yes_Kink,8797,1079181
result_SELECT_100_random_local_OBC_0_0_0,inner,2,SA,0.01,Proj,No_Kink,8003,2990967
result_SELECT_100_random_local_OBC_0_0_0,inner,2,random,0,Double,No_MSF,8289,929525
result_SELECT_100_random_local_OBC_0_0_0,inner,2,random,0,Double,No_Top,8290,945527
result_SELECT_100_random_local_OBC_0_0_0,inner,2,random,0,Double,No_Kink,8307,1095339
result_SELECT_100_random_local_OBC_0_0_0,inner,2,random,0,Proj,No_MSF,8000,18000
result_SELECT_100_random_local_OBC_0_0_0,inner,2,SA,0.01,Proj,Yes_Kink,8006,2906040
result_SELECT_100_random_local_OBC_0_0_0,inner,2,random,0,Double,Yes_Kink,8569,1124423
result_SELECT_100_random_local_OBC_0_0_0,inner,2,random,0,Proj,No_Top,8000,34000
result_SELECT_100_random_local_OBC_0_0_0,inner,2,random,0,Single,No_MSF,8795,986253
result_SELECT_100_random_local_OBC_0_0_0,inner,2,random,0,Single,No_Top,8797,1002257
result_SELECT_100_random_local_OBC_0_0_0,inner,2,random,0,Single,No_Kink,8803,1138075
result_SELECT_100_random_local_OBC_0_0_0,inner,2,random,0,Single,Yes_Kink,8803,1144529
result_SELECT_100_random_local_OBC_0_0_0,outer,1,SA,0.001,Double,No_Kink,8295,1056701
result_SELECT_100_random_local_OBC_0_0_0,outer,1,SA,0.001,Double,No_MSF,8289,929525
result_SELECT_100_random_local_OBC_0_0_0,outer,1,SA,0.001,Double,No_Top,8290,945527
result_SELECT_100_random_local_OBC_0_0_0,inner,2,SA,0.1,Proj,No_Kink,8004,2977425
result_SELECT_100_random_local_OBC_0_0_0,outer,1,SA,0.001,Double,Yes_Kink,8301,1055774
result_SELECT_100_random_local_OBC_0_0_0,inner,2,SA,0.1,Proj,Yes_Kink,8005,2869696
result_SELECT_100_random_local_OBC_0_0_0,outer,1,SA,0.001,Proj,No_MSF,8000,18000
result_SELECT_100_random_local_OBC_0_0_0,outer,1,SA,0.001,Proj,No_Top,8000,34000
result_SELECT_100_random_local_OBC_0_0_0,outer,1,SA,0.001,Single,No_MSF,8795,986253
result_SELECT_100_random_local_OBC_0_0_0,outer,1,SA,0.001,Single,No_Top,8797,1002257
result_SELECT_100_random_local_OBC_0_0_0,outer,1,SA,0.001,Single,No_Kink,8797,1100051
result_SELECT_100_random_local_OBC_0_0_0,outer,1,SA,0.01,Double,No_MSF,8289,929525
result_SELECT_100_random_local_OBC_0_0_0,outer,1,SA,0.01,Double,No_Kink,8355,1061640
result_SELECT_100_random_local_OBC_0_0_0,outer,1,SA,0.01,Double,No_Top,8290,945527
result_SELECT_100_random_local_OBC_0_0_0,outer,1,SA,0.01,Double,Yes_Kink,8480,1074272
result_SELECT_100_random_local_OBC_0_0_0,outer,1,SA,0.01,Proj,No_MSF,8000,18000
result_SELECT_100_random_local_OBC_0_0_0,outer,1,SA,0.01,Proj,No_Top,8000,34000
result_SELECT_100_random_local_OBC_0_0_0,inner,2,SA,1,Proj,Yes_Kink,8000,2734511
result_SELECT_100_random_local_OBC_0_0_0,outer,1,SA,0.01,Single,No_Kink,8797,1096471
result_SELECT_100_random_local_OBC_0_0_0,outer,1,SA,0.01,Single,No_MSF,8795,986253
result_SELECT_100_random_local_OBC_0_0_0,inner,2,SA,1,Proj,No_Kink,8002,2857548
result_SELECT_100_random_local_OBC_0_0_0,outer,1,SA,0.01,Single,No_Top,8797,1002257
result_SELECT_100_random_local_OBC_0_0_0,outer,1,SA,0.1,Double,No_MSF,8289,929525
result_SELECT_100_random_local_OBC_0_0_0,outer,1,SA,0.1,Double,No_Top,8290,945527
result_SELECT_100_random_local_OBC_0_0_0,outer,1,SA,0.1,Double,No_Kink,8385,1062771
result_SELECT_100_random_local_OBC_0_0_0,outer,1,SA,0.1,Double,Yes_Kink,8539,1079326
result_SELECT_100_random_local_OBC_0_0_0,outer,1,SA,0.1,Proj,No_MSF,8000,18000
result_SELECT_100_random_local_OBC_0_0_0,outer,1,SA,0.1,Proj,No_Top,8000,34000
result_SELECT_100_random_local_OBC_0_0_0,inner,2,random,0,Proj,No_Kink,8006,3773302
result_SELECT_100_random_local_OBC_0_0_0,outer,1,SA,0.1,Single,No_Kink,8797,1095567
result_SELECT_100_random_local_OBC_0_0_0,outer,1,SA,0.001,Proj,Yes_Kink,8003,3029188
result_SELECT_100_random_local_OBC_0_0_0,outer,1,SA,0.001,Proj,No_Kink,8006,3059494
result_SELECT_100_random_local_OBC_0_0_0,outer,1,SA,0.1,Single,No_MSF,8795,986253
result_SELECT_100_random_local_OBC_0_0_0,outer,1,SA,0.1,Single,No_Top,8797,1002257
result_SELECT_100_random_local_OBC_0_0_0,outer,1,SA,1,Double,No_MSF,8289,929525
result_SELECT_100_random_local_OBC_0_0_0,outer,1,SA,1,Double,No_Top,8290,945527
result_SELECT_100_random_local_OBC_0_0_0,inner,2,random,0,Proj,Yes_Kink,8006,3741773
result_SELECT_100_random_local_OBC_0_0_0,outer,1,SA,1,Double,No_Kink,8291,1046045
result_SELECT_100_random_local_OBC_0_0_0,outer,1,SA,1,Proj,No_MSF,8000,18000
result_SELECT_100_random_local_OBC_0_0_0,outer,1,SA,1,Double,Yes_Kink,8789,1103334
result_SELECT_100_random_local_OBC_0_0_0,outer,1,SA,1,Proj,No_Top,8000,34000
result_SELECT_100_random_local_OBC_0_0_0,outer,1,SA,1,Single,No_MSF,8795,986253
result_SELECT_100_random_local_OBC_0_0_0,outer,1,SA,1,Single,No_Top,8797,1002257
result_SELECT_100_random_local_OBC_0_0_0,outer,1,SA,1,Single,No_Kink,8797,1089795
result_SELECT_100_random_local_OBC_0_0_0,outer,1,random,0,Double,No_MSF,8289,929525
result_SELECT_100_random_local_OBC_0_0_0,outer,1,SA,0.01,Proj,No_Kink,8003,3050533
result_SELECT_100_random_local_OBC_0_0_0,outer,1,random,0,Double,No_Top,8290,945527
result_SELECT_100_random_local_OBC_0_0_0,outer,1,random,0,Double,No_Kink,9290,1218019
result_SELECT_100_random_local_OBC_0_0_0,outer,1,SA,0.01,Proj,Yes_Kink,8002,3018234
result_SELECT_100_random_local_OBC_0_0_0,outer,1,random,0,Proj,No_MSF,8000,18000
result_SELECT_100_random_local_OBC_0_0_0,outer,1,random,0,Proj,No_Top,8000,34000
result_SELECT_100_random_local_OBC_0_0_0,outer,1,random,0,Double,Yes_Kink,10290,1331096
result_SELECT_100_random_local_OBC_0_0_0,outer,1,random,0,Single,No_MSF,8795,986253
result_SELECT_100_random_local_OBC_0_0_0,outer,1,random,0,Single,No_Top,8797,1002257
result_SELECT_100_random_local_OBC_0_0_0,outer,1,random,0,Single,No_Kink,8797,1150209
result_SELECT_100_random_local_OBC_0_0_0,outer,2,SA,0.001,Double,No_MSF,8289,929525
result_SELECT_100_random_local_OBC_0_0_0,outer,2,SA,0.001,Double,No_Top,8290,945527
result_SELECT_100_random_local_OBC_0_0_0,outer,2,SA,0.001,Double,No_Kink,8291,1038457
result_SELECT_100_random_local_OBC_0_0_0,outer,2,SA,0.001,Double,Yes_Kink,8291,1036046
result_SELECT_100_random_local_OBC_0_0_0,outer,1,SA,0.1,Proj,No_Kink,8001,3013068
result_SELECT_100_random_local_OBC_0_0_0,outer,2,SA,0.001,Proj,No_MSF,8000,18000
result_SELECT_100_random_local_OBC_0_0_0,outer,1,SA,0.1,Proj,Yes_Kink,8000,2999338
result_SELECT_100_random_local_OBC_0_0_0,outer,2,SA,0.001,Proj,No_Top,8000,34000
result_SELECT_100_random_local_OBC_0_0_0,outer,2,SA,0.001,Single,No_MSF,8795,986253
result_SELECT_100_random_local_OBC_0_0_0,outer,2,SA,0.001,Single,No_Kink,8797,1081691
result_SELECT_100_random_local_OBC_0_0_0,outer,2,SA,0.001,Single,No_Top,8797,1002257
result_SELECT_100_random_local_OBC_0_0_0,outer,2,SA,0.001,Single,Yes_Kink,8797,1094302
result_SELECT_100_random_local_OBC_0_0_0,outer,2,SA,0.01,Double,No_Kink,8291,1037547
result_SELECT_100_random_local_OBC_0_0_0,outer,2,SA,0.01,Double,No_MSF,8289,929525
result_SELECT_100_random_local_OBC_0_0_0,outer,2,SA,0.01,Double,No_Top,8290,945527
result_SELECT_100_random_local_OBC_0_0_0,outer,2,SA,0.01,Double,Yes_Kink,8293,1035206
result_SELECT_100_random_local_OBC_0_0_0,outer,2,SA,0.01,Proj,No_MSF,8000,18000
result_SELECT_100_random_local_OBC_0_0_0,outer,2,SA,0.01,Proj,No_Top,8000,34000
result_SELECT_100_random_local_OBC_0_0_0,outer,1,SA,1,Proj,No_Kink,8000,3052221
result_SELECT_100_random_local_OBC_0_0_0,outer,2,SA,0.01,Single,No_Kink,8797,1080657
result_SELECT_100_random_local_OBC_0_0_0,outer,1,SA,1,Proj,Yes_Kink,8001,3027995
result_SELECT_100_random_local_OBC_0_0_0,outer,2,SA,0.01,Single,No_Top,8797,1002257
result_SELECT_100_random_local_OBC_0_0_0,outer,2,SA,0.01,Single,No_MSF,8795,986253
result_SELECT_100_random_local_OBC_0_0_0,outer,2,SA,0.01,Single,Yes_Kink,8797,1093243
result_SELECT_100_random_local_OBC_0_0_0,outer,2,SA,0.1,Double,No_MSF,8289,929525
result_SELECT_100_random_local_OBC_0_0_0,outer,2,SA,0.1,Double,No_Kink,8291,1035402
result_SELECT_100_random_local_OBC_0_0_0,outer,2,SA,0.1,Double,No_Top,8290,945527
result_SELECT_100_random_local_OBC_0_0_0,outer,2,SA,0.1,Double,Yes_Kink,8291,1032854
result_SELECT_100_random_local_OBC_0_0_0,outer,1,random,0,Proj,No_Kink,8003,3209089
result_SELECT_100_random_local_OBC_0_0_0,outer,1,random,0,Proj,Yes_Kink,8003,3157593
result_SELECT_100_random_local_OBC_0_0_0,outer,2,SA,0.1,Proj,No_MSF,8000,18000
result_SELECT_100_random_local_OBC_0_0_0,outer,2,SA,0.1,Proj,No_Top,8000,34000
result_SELECT_100_random_local_OBC_0_0_0,outer,2,SA,0.1,Single,No_MSF,8795,986253
result_SELECT_100_random_local_OBC_0_0_0,outer,2,SA,0.1,Single,No_Top,8797,1002257
result_SELECT_100_random_local_OBC_0_0_0,outer,2,SA,0.1,Single,No_Kink,8797,1079211
result_SELECT_100_random_local_OBC_0_0_0,outer,2,SA,0.001,Proj,No_Kink,8001,3085816
result_SELECT_100_random_local_OBC_0_0_0,outer,2,SA,0.1,Single,Yes_Kink,8797,1091823
result_SELECT_100_random_local_OBC_0_0_0,outer,2,SA,1,Double,No_Kink,8291,1029221
result_SELECT_100_random_local_OBC_0_0_0,outer,2,SA,1,Double,No_MSF,8289,929525
result_SELECT_100_random_local_OBC_0_0_0,outer,2,SA,0.001,Proj,Yes_Kink,8001,3079847
result_SELECT_100_random_local_OBC_0_0_0,outer,2,SA,1,Double,No_Top,8290,945527
result_SELECT_100_random_local_OBC_0_0_0,outer,2,SA,1,Proj,No_MSF,8000,18000
result_SELECT_100_random_local_OBC_0_0_0,outer,2,SA,1,Proj,No_Top,8000,34000
result_SELECT_100_random_local_OBC_0_0_0,outer,2,SA,1,Double,Yes_Kink,8291,1027227
result_SELECT_100_random_local_OBC_0_0_0,outer,2,SA,1,Single,No_MSF,8795,986253
result_SELECT_100_random_local_OBC_0_0_0,outer,2,SA,1,Single,No_Kink,8797,1070664
result_SELECT_100_random_local_OBC_0_0_0,outer,2,SA,1,Single,No_Top,8797,1002257
result_SELECT_100_random_local_OBC_0_0_0,outer,2,SA,0.01,Proj,No_Kink,8001,2954310
result_SELECT_100_random_local_OBC_0_0_0,outer,2,SA,1,Single,Yes_Kink,8797,1082460
result_SELECT_100_random_local_OBC_0_0_0,outer,2,random,0,Double,No_MSF,8289,929525
result_SELECT_100_random_local_OBC_0_0_0,outer,2,random,0,Double,No_Top,8290,945527
result_SELECT_100_random_local_OBC_0_0_0,outer,2,random,0,Double,No_Kink,8291,1075178
result_SELECT_100_random_local_OBC_0_0_0,outer,2,random,0,Proj,No_MSF,8000,18000
result_SELECT_100_random_local_OBC_0_0_0,outer,2,SA,0.01,Proj,Yes_Kink,8001,2964070
result_SELECT_100_random_local_OBC_0_0_0,outer,2,random,0,Proj,No_Top,8000,34000
result_SELECT_100_random_local_OBC_0_0_0,outer,2,random,0,Double,Yes_Kink,8542,1103148
result_SELECT_100_random_local_OBC_0_0_0,outer,2,random,0,Single,No_MSF,8795,986253
result_SELECT_100_random_local_OBC_0_0_0,outer,2,random,0,Single,No_Top,8797,1002257
result_SELECT_100_random_local_OBC_0_0_0,outer,2,random,0,Single,No_Kink,8797,1119159
result_SELECT_100_random_local_OBC_0_0_0,outer,2,random,0,Single,Yes_Kink,8797,1130509
result_SELECT_100_random_local_OBC_0_0_1,inner,1,SA,0.001,Double,No_Kink,4170,649085
result_SELECT_100_random_local_OBC_0_0_1,inner,1,SA,0.001,Double,No_MSF,4164,515833
result_SELECT_100_random_local_OBC_0_0_1,inner,1,SA,0.001,Double,No_Top,4165,531887
result_SELECT_100_random_local_OBC_0_0_1,inner,1,SA,0.001,Double,Yes_Kink,4181,651056
result_SELECT_100_random_local_OBC_0_0_1,inner,1,SA,0.001,Proj,No_MSF,4000,18060
result_SELECT_100_random_local_OBC_0_0_1,inner,1,SA,0.001,Proj,No_Top,4000,34092
result_SELECT_100_random_local_OBC_0_0_0,outer,2,SA,0.1,Proj,No_Kink,8000,2920557
result_SELECT_100_random_local_OBC_0_0_0,outer,2,SA,0.1,Proj,Yes_Kink,8001,2952539
result_SELECT_100_random_local_OBC_0_0_1,inner,1,SA,0.001,Single,No_Kink,4449,670055
result_SELECT_100_random_local_OBC_0_0_1,inner,1,SA,0.001,Single,No_MSF,4433,549213
result_SELECT_100_random_local_OBC_0_0_1,inner,1,SA,0.001,Single,No_Top,4434,565249
result_SELECT_100_random_local_OBC_0_0_1,inner,1,SA,0.01,Double,No_MSF,4164,515833
result_SELECT_100_random_local_OBC_0_0_1,inner,1,SA,0.01,Double,No_Top,4165,531887
result_SELECT_100_random_local_OBC_0_0_0,outer,2,SA,1,Proj,No_Kink,8001,2903133
result_SELECT_100_random_local_OBC_0_0_0,outer,2,SA,1,Proj,Yes_Kink,8001,2907022
result_SELECT_100_random_local_OBC_0_0_1,inner,1,SA,0.01,Double,No_Kink,4169,649835
result_SELECT_100_random_local_OBC_0_0_1,inner,1,SA,0.01,Proj,No_MSF,4000,18060
result_SELECT_100_random_local_OBC_0_0_1,inner,1,SA,0.01,Proj,No_Top,4000,34092
result_SELECT_100_random_local_OBC_0_0_1,inner,1,SA,0.01,Double,Yes_Kink,4181,651347
result_SELECT_100_random_local_OBC_0_0_1,inner,1,SA,0.01,Single,No_MSF,4433,549213
result_SELECT_100_random_local_OBC_0_0_1,inner,1,SA,0.01,Single,No_Top,4434,565249
result_SELECT_100_random_local_OBC_0_0_1,inner,1,SA,0.01,Single,No_Kink,4451,671626
result_SELECT_100_random_local_OBC_0_0_1,inner,1,SA,0.1,Double,No_MSF,4164,515833
result_SELECT_100_random_local_OBC_0_0_1,inner,1,SA,0.1,Double,No_Top,4165,531887
result_SELECT_100_random_local_OBC_0_0_1,inner,1,SA,0.001,Proj,No_Kink,4010,1852685
result_SELECT_100_random_local_OBC_0_0_1,inner,1,SA,0.1,Double,No_Kink,4176,640578
result_SELECT_100_random_local_OBC_0_0_1,inner,1,SA,0.1,Proj,No_MSF,4000,18060
result_SELECT_100_random_local_OBC_0_0_1,inner,1,SA,0.001,Proj,Yes_Kink,4009,1802373
result_SELECT_100_random_local_OBC_0_0_1,inner,1,SA,0.1,Double,Yes_Kink,4182,644134
result_SELECT_100_random_local_OBC_0_0_1,inner,1,SA,0.1,Proj,No_Top,4000,34092
result_SELECT_100_random_local_OBC_0_0_1,inner,1,SA,0.1,Single,No_MSF,4433,549213
result_SELECT_100_random_local_OBC_0_0_0,outer,2,random,0,Proj,No_Kink,8003,3200555
result_SELECT_100_random_local_OBC_0_0_1,inner,1,SA,0.1,Single,No_Top,4434,565249
result_SELECT_100_random_local_OBC_0_0_1,inner,1,SA,0.1,Single,No_Kink,4453,662895
result_SELECT_100_random_local_OBC_0_0_1,inner,1,SA,1,Double,No_MSF,4164,515833
result_SELECT_100_random_local_OBC_0_0_0,outer,2,random,0,Proj,Yes_Kink,8002,3174542
result_SELECT_100_random_local_OBC_0_0_1,inner,1,SA,1,Double,No_Top,4165,531887
result_SELECT_100_random_local_OBC_0_0_1,inner,1,SA,1,Proj,No_MSF,4000,18060
result_SELECT_100_random_local_OBC_0_0_1,inner,1,SA,1,Double,No_Kink,4172,627401
result_SELECT_100_random_local_OBC_0_0_1,inner,1,SA,1,Proj,No_Top,4000,34092
result_SELECT_100_random_local_OBC_0_0_1,inner,1,SA,1,Double,Yes_Kink,4176,632114
result_SELECT_100_random_local_OBC_0_0_1,inner,1,SA,1,Single,No_MSF,4433,549213
result_SELECT_100_random_local_OBC_0_0_1,inner,1,SA,1,Single,No_Top,4434,565249
result_SELECT_100_random_local_OBC_0_0_1,inner,1,SA,1,Single,No_Kink,4446,646050
result_SELECT_100_random_local_OBC_0_0_1,inner,1,random,0,Double,No_MSF,4164,515833
result_SELECT_100_random_local_OBC_0_0_1,inner,1,random,0,Double,No_Top,4165,531887
result_SELECT_100_random_local_OBC_0_0_1,inner,1,random,0,Double,No_Kink,4669,768658
result_SELECT_100_random_local_OBC_0_0_1,inner,1,SA,0.01,Proj,No_Kink,4010,1828610
result_SELECT_100_random_local_OBC_0_0_1,inner,1,random,0,Proj,No_MSF,4000,18060
result_SELECT_100_random_local_OBC_0_0_1,inner,1,SA,0.01,Proj,Yes_Kink,4010,1787192
result_SELECT_100_random_local_OBC_0_0_1,inner,1,random,0,Proj,No_Top,4000,34092
result_SELECT_100_random_local_OBC_0_0_1,inner,1,random,0,Double,Yes_Kink,4690,773579
result_SELECT_100_random_local_OBC_0_0_1,inner,1,random,0,Single,No_MSF,4433,549213
result_SELECT_100_random_local_OBC_0_0_1,inner,1,random,0,Single,No_Top,4434,565249
result_SELECT_100_random_local_OBC_0_0_1,inner,1,random,0,Single,No_Kink,4473,736193
result_SELECT_100_random_local_OBC_0_0_1,inner,2,SA,0.001,Double,No_MSF,4164,515833
result_SELECT_100_random_local_OBC_0_0_1,inner,2,SA,0.001,Double,No_Top,4165,531887
result_SELECT_100_random_local_OBC_0_0_1,inner,2,SA,0.001,Double,No_Kink,4166,623680
result_SELECT_100_random_local_OBC_0_0_1,inner,1,SA,0.1,Proj,Yes_Kink,4021,1755371
result_SELECT_100_random_local_OBC_0_0_1,inner,1,SA,0.1,Proj,No_Kink,4009,1837600
result_SELECT_100_random_local_OBC_0_0_1,inner,2,SA,0.001,Proj,No_MSF,4000,18060
result_SELECT_100_random_local_OBC_0_0_1,inner,2,SA,0.001,Proj,No_Top,4000,34092
result_SELECT_100_random_local_OBC_0_0_1,inner,2,SA,0.001,Double,Yes_Kink,4290,638089
result_SELECT_100_random_local_OBC_0_0_1,inner,2,SA,0.001,Single,No_MSF,4433,549213
result_SELECT_100_random_local_OBC_0_0_1,inner,2,SA,0.001,Single,No_Kink,4442,644112
result_SELECT_100_random_local_OBC_0_0_1,inner,2,SA,0.001,Single,No_Top,4434,565249
result_SELECT_100_random_local_OBC_0_0_1,inner,2,SA,0.001,Single,Yes_Kink,4443,657100
result_SELECT_100_random_local_OBC_0_0_1,inner,1,SA,1,Proj,No_Kink,4006,1861614
result_SELECT_100_random_local_OBC_0_0_1,inner,2,SA,0.01,Double,No_Kink,4167,626032
result_SELECT_100_random_local_OBC_0_0_1,inner,1,SA,1,Proj,Yes_Kink,4007,1772784
result_SELECT_100_random_local_OBC_0_0_1,inner,2,SA,0.01,Double,No_MSF,4164,515833
result_SELECT_100_random_local_OBC_0_0_1,inner,2,SA,0.01,Double,No_Top,4165,531887
result_SELECT_100_random_local_OBC_0_0_1,inner,2,SA,0.01,Proj,No_MSF,4000,18060
result_SELECT_100_random_local_OBC_0_0_1,inner,2,SA,0.01,Proj,No_Top,4000,34092
result_SELECT_100_random_local_OBC_0_0_1,inner,2,SA,0.01,Double,Yes_Kink,4176,626256
result_SELECT_100_random_local_OBC_0_0_1,inner,2,SA,0.01,Single,No_MSF,4433,549213
result_SELECT_100_random_local_OBC_0_0_1,inner,2,SA,0.01,Single,No_Top,4434,565249
result_SELECT_100_random_local_OBC_0_0_1,inner,2,SA,0.01,Single,No_Kink,4438,645021
result_SELECT_100_random_local_OBC_0_0_1,inner,2,SA,0.01,Single,Yes_Kink,4438,656895
result_SELECT_100_random_local_OBC_0_0_1,inner,2,SA,0.1,Double,No_Kink,4167,619238
result_SELECT_100_random_local_OBC_0_0_1,inner,2,SA,0.1,Double,No_MSF,4164,515833
result_SELECT_100_random_local_OBC_0_0_1,inner,2,SA,0.1,Double,No_Top,4165,531887
result_SELECT_100_random_local_OBC_0_0_1,inner,2,SA,0.1,Double,Yes_Kink,4184,621139
result_SELECT_100_random_local_OBC_0_0_1,inner,2,SA,0.1,Proj,No_MSF,4000,18060
result_SELECT_100_random_local_OBC_0_0_1,inner,2,SA,0.1,Proj,No_Top,4000,34092
result_SELECT_100_random_local_OBC_0_0_1,inner,1,random,0,Proj,No_Kink,4005,2069741
result_SELECT_100_random_local_OBC_0_0_1,inner,2,SA,0.1,Single,No_Kink,4446,638710
result_SELECT_100_random_local_OBC_0_0_1,inner,2,SA,0.1,Single,No_MSF,4433,549213
result_SELECT_100_random_local_OBC_0_0_1,inner,2,SA,0.001,Proj,Yes_Kink,4003,1766766
result_SELECT_100_random_local_OBC_0_0_1,inner,1,random,0,Proj,Yes_Kink,4007,2031859
result_SELECT_100_random_local_OBC_0_0_1,inner,2,SA,0.1,Single,No_Top,4434,565249
result_SELECT_100_random_local_OBC_0_0_1,inner,2,SA,1,Double,No_MSF,4164,515833
result_SELECT_100_random_local_OBC_0_0_1,inner,2,SA,1,Double,No_Kink,4165,611864
result_SELECT_100_random_local_OBC_0_0_1,inner,2,SA,0.1,Single,Yes_Kink,4448,656663
result_SELECT_100_random_local_OBC_0_0_1,inner,2,SA,1,Double,No_Top,4165,531887
result_SELECT_100_random_local_OBC_0_0_1,inner,2,SA,0.001,Proj,No_Kink,4004,1813509
result_SELECT_100_random_local_OBC_0_0_1,inner,2,SA,1,Proj,No_MSF,4000,18060
result_SELECT_100_random_local_OBC_0_0_1,inner,2,SA,1,Proj,No_Top,4000,34092
result_SELECT_100_random_local_OBC_0_0_1,inner,2,SA,1,Double,Yes_Kink,4289,624517
result_SELECT_100_random_local_OBC_0_0_1,inner,2,SA,1,Single,No_MSF,4433,549213
result_SELECT_100_random_local_OBC_0_0_1,inner,2,SA,1,Single,No_Kink,4434,627992
result_SELECT_100_random_local_OBC_0_0_1,inner,2,SA,1,Single,No_Top,4434,565249
result_SELECT_100_random_local_OBC_0_0_1,inner,2,SA,0.01,Proj,No_Kink,4003,1850048
result_SELECT_100_random_local_OBC_0_0_1,inner,2,random,0,Double,No_MSF,4164,515833
result_SELECT_100_random_local_OBC_0_0_1,inner,2,SA,1,Single,Yes_Kink,4434,640904
result_SELECT_100_random_local_OBC_0_0_1,inner,2,random,0,Double,No_Top,4165,531887
result_SELECT_100_random_local_OBC_0_0_1,inner,2,SA,0.01,Proj,Yes_Kink,4004,1793471
result_SELECT_100_random_local_OBC_0_0_1,inner,2,random,0,Proj,No_MSF,4000,18060
result_SELECT_100_random_local_OBC_0_0_1,inner,2,random,0,Double,No_Kink,4167,681185
result_SELECT_100_random_local_OBC_0_0_1,inner,2,random,0,Proj,No_Top,4000,34092
result_SELECT_100_random_local_OBC_0_0_1,inner,2,random,0,Double,Yes_Kink,4182,683162
result_SELECT_100_random_local_OBC_0_0_1,inner,2,random,0,Single,No_MSF,4433,549213
result_SELECT_100_random_local_OBC_0_0_1,inner,2,random,0,Single,No_Top,4434,565249
result_SELECT_100_random_local_OBC_0_0_1,inner,2,random,0,Single,No_Kink,4463,705520
result_SELECT_100_random_local_OBC_0_0_1,outer,1,SA,0.001,Double,No_Kink,4290,663845
result_SELECT_100_random_local_OBC_0_0_1,inner,2,random,0,Single,Yes_Kink,4450,714388
result_SELECT_100_random_local_OBC_0_0_1,inner,2,SA,0.1,Proj,No_Kink,4006,1849816
result_SELECT_100_random_local_OBC_0_0_1,outer,1,SA,0.001,Double,No_MSF,4164,515833
result_SELECT_100_random_local_OBC_0_0_1,inner,2,SA,0.1,Proj,Yes_Kink,4005,1808525
result_SELECT_100_random_local_OBC_0_0_1,outer,1,SA,0.001,Double,No_Top,4165,531887
result_SELECT_100_random_local_OBC_0_0_1,outer,1,SA,0.001,Proj,No_MSF,4000,18060
result_SELECT_100_random_local_OBC_0_0_1,outer,1,SA,0.001,Proj,No_Top,4000,34092
result_SELECT_100_random_local_OBC_0_0_1,outer,1,SA,0.001,Double,Yes_Kink,4184,651295
result_SELECT_100_random_local_OBC_0_0_1,outer,1,SA,0.001,Single,No_MSF,4433,549213
result_SELECT_100_random_local_OBC_0_0_1,outer,1,SA,0.001,Single,No_Kink,4454,672924
result_SELECT_100_random_local_OBC_0_0_1,outer,1,SA,0.001,Single,No_Top,4434,565249
result_SELECT_100_random_local_OBC_0_0_1,outer,1,SA,0.01,Double,No_MSF,4164,515833
result_SELECT_100_random_local_OBC_0_0_1,outer,1,SA,0.01,Double,No_Top,4165,531887
result_SELECT_100_random_local_OBC_0_0_1,outer,1,SA,0.01,Double,No_Kink,4178,652382
result_SELECT_100_random_local_OBC_0_0_1,inner,2,SA,1,Proj,No_Kink,4003,1791432
result_SELECT_100_random_local_OBC_0_0_1,inner,2,SA,1,Proj,Yes_Kink,4003,1732970
result_SELECT_100_random_local_OBC_0_0_1,outer,1,SA,0.01,Proj,No_MSF,4000,18060
result_SELECT_100_random_local_OBC_0_0_1,outer,1,SA,0.01,Double,Yes_Kink,4192,654729
result_SELECT_100_random_local_OBC_0_0_1,outer,1,SA,0.01,Proj,No_Top,4000,34092
result_SELECT_100_random_local_OBC_0_0_1,outer,1,SA,0.01,Single,No_MSF,4433,549213
result_SELECT_100_random_local_OBC_0_0_1,outer,1,SA,0.01,Single,No_Top,4434,565249
result_SELECT_100_random_local_OBC_0_0_1,outer,1,SA,0.01,Single,No_Kink,4470,674193
result_SELECT_100_random_local_OBC_0_0_1,outer,1,SA,0.1,Double,No_MSF,4164,515833
result_SELECT_100_random_local_OBC_0_0_1,outer,1,SA,0.1,Double,No_Top,4165,531887
result_SELECT_100_random_local_OBC_0_0_1,outer,1,SA,0.1,Double,No_Kink,4169,645330
result_SELECT_100_random_local_OBC_0_0_1,outer,1,SA,0.1,Double,Yes_Kink,4185,647460
result_SELECT_100_random_local_OBC_0_0_1,outer,1,SA,0.1,Proj,No_MSF,4000,18060
result_SELECT_100_random_local_OBC_0_0_1,outer,1,SA,0.1,Proj,No_Top,4000,34092
result_SELECT_100_random_local_OBC_0_0_1,inner,2,random,0,Proj,Yes_Kink,4008,2185631
result_SELECT_100_random_local_OBC_0_0_1,inner,2,random,0,Proj,No_Kink,4004,2254125
result_SELECT_100_random_local_OBC_0_0_1,outer,1,SA,0.1,Single,No_MSF,4433,549213
result_SELECT_100_random_local_OBC_0_0_1,outer,1,SA,0.1,Single,No_Top,4434,565249
result_SELECT_100_random_local_OBC_0_0_1,outer,1,SA,0.001,Proj,No_Kink,4004,1948376
result_SELECT_100_random_local_OBC_0_0_1,outer,1,SA,0.1,Single,No_Kink,4450,666779
result_SELECT_100_random_local_OBC_0_0_1,outer,1,SA,1,Double,No_Top,4165,531887
result_SELECT_100_random_local_OBC_0_0_1,outer,1,SA,1,Double,No_MSF,4164,515833
result_SELECT_100_random_local_OBC_0_0_1,outer,1,SA,0.001,Proj,Yes_Kink,4007,1887086
result_SELECT_100_random_local_OBC_0_0_1,outer,1,SA,1,Double,No_Kink,4167,630040
result_SELECT_100_random_local_OBC_0_0_1,outer,1,SA,1,Proj,No_MSF,4000,18060
result_SELECT_100_random_local_OBC_0_0_1,outer,1,SA,1,Proj,No_Top,4000,34092
result_SELECT_100_random_local_OBC_0_0_1,outer,1,SA,1,Double,Yes_Kink,4293,646652
result_SELECT_100_random_local_OBC_0_0_1,outer,1,SA,1,Single,No_MSF,4433,549213
result_SELECT_100_random_local_OBC_0_0_1,outer,1,SA,1,Single,No_Kink,4437,651301
result_SELECT_100_random_local_OBC_0_0_1,outer,1,SA,1,Single,No_Top,4434,565249
result_SELECT_100_random_local_OBC_0_0_1,outer,1,random,0,Double,No_MSF,4164,515833
result_SELECT_100_random_local_OBC_0_0_1,outer,1,random,0,Double,No_Top,4165,531887
result_SELECT_100_random_local_OBC_0_0_1,outer,1,SA,0.01,Proj,Yes_Kink,4041,1927084
result_SELECT_100_random_local_OBC_0_0_1,outer,1,random,0,Double,No_Kink,4168,693585
result_SELECT_100_random_local_OBC_0_0_1,outer,1,random,0,Proj,No_MSF,4000,18060
result_SELECT_100_random_local_OBC_0_0_1,outer,1,random,0,Double,Yes_Kink,4181,696681
result_SELECT_100_random_local_OBC_0_0_1,outer,1,SA,0.01,Proj,No_Kink,4007,1995767
result_SELECT_100_random_local_OBC_0_0_1,outer,1,random,0,Proj,No_Top,4000,34092
result_SELECT_100_random_local_OBC_0_0_1,outer,1,random,0,Single,No_MSF,4433,549213
result_SELECT_100_random_local_OBC_0_0_1,outer,1,random,0,Single,No_Top,4434,565249
result_SELECT_100_random_local_OBC_0_0_1,outer,1,random,0,Single,No_Kink,4440,721173
result_SELECT_100_random_local_OBC_0_0_1,outer,2,SA,0.001,Double,No_Kink,4175,630411
result_SELECT_100_random_local_OBC_0_0_1,outer,2,SA,0.001,Double,No_MSF,4164,515833
result_SELECT_100_random_local_OBC_0_0_1,outer,1,SA,0.1,Proj,No_Kink,4002,1968879
result_SELECT_100_random_local_OBC_0_0_1,outer,2,SA,0.001,Double,No_Top,4165,531887
result_SELECT_100_random_local_OBC_0_0_1,outer,2,SA,0.001,Proj,No_MSF,4000,18060
result_SELECT_100_random_local_OBC_0_0_1,outer,2,SA,0.001,Proj,No_Top,4000,34092
result_SELECT_100_random_local_OBC_0_0_1,outer,2,SA,0.001,Double,Yes_Kink,4187,629327
result_SELECT_100_random_local_OBC_0_0_1,outer,1,SA,0.1,Proj,Yes_Kink,4005,1901264
result_SELECT_100_random_local_OBC_0_0_1,outer,2,SA,0.001,Single,No_MSF,4433,549213
result_SELECT_100_random_local_OBC_0_0_1,outer,2,SA,0.001,Single,No_Kink,4438,648833
result_SELECT_100_random_local_OBC_0_0_1,outer,2,SA,0.001,Single,No_Top,4434,565249
result_SELECT_100_random_local_OBC_0_0_1,outer,2,SA,0.001,Single,Yes_Kink,4438,660911
result_SELECT_100_random_local_OBC_0_0_1,outer,2,SA,0.01,Double,No_MSF,4164,515833
result_SELECT_100_random_local_OBC_0_0_1,outer,2,SA,0.01,Double,No_Kink,4165,629096
result_SELECT_100_random_local_OBC_0_0_1,outer,1,SA,1,Proj,No_Kink,4002,1854064
result_SELECT_100_random_local_OBC_0_0_1,outer,2,SA,0.01,Double,No_Top,4165,531887
result_SELECT_100_random_local_OBC_0_0_1,outer,1,SA,1,Proj,Yes_Kink,4002,1798137
result_SELECT_100_random_local_OBC_0_0_1,outer,2,SA,0.01,Proj,No_MSF,4000,18060
result_SELECT_100_random_local_OBC_0_0_1,outer,2,SA,0.01,Proj,No_Top,4000,34092
result_SELECT_100_random_local_OBC_0_0_1,outer,2,SA,0.01,Double,Yes_Kink,4172,628348
result_SELECT_100_random_local_OBC_0_0_1,outer,2,SA,0.01,Single,No_MSF,4433,549213
result_SELECT_100_random_local_OBC_0_0_1,outer,2,SA,0.01,Single,No_Top,4434,565249
result_SELECT_100_random_local_OBC_0_0_1,outer,2,SA,0.01,Single,No_Kink,4434,648691
result_SELECT_100_random_local_OBC_0_0_1,outer,2,SA,0.01,Single,Yes_Kink,4435,664436
result_SELECT_100_random_local_OBC_0_0_1,outer,2,SA,0.1,Double,No_Kink,4167,623834
result_SELECT_100_random_local_OBC_0_0_1,outer,2,SA,0.1,Double,No_MSF,4164,515833
result_SELECT_100_random_local_OBC_0_0_1,outer,2,SA,0.1,Double,No_Top,4165,531887
result_SELECT_100_random_local_OBC_0_0_1,outer,1,random,0,Proj,Yes_Kink,4008,2004226
result_SELECT_100_random_local_OBC_0_0_1,outer,1,random,0,Proj,No_Kink,4008,2045863
result_SELECT_100_random_local_OBC_0_0_1,outer,2,SA,0.1,Double,Yes_Kink,4169,623518
result_SELECT_100_random_local_OBC_0_0_1,outer,2,SA,0.1,Proj,No_Top,4000,34092
result_SELECT_100_random_local_OBC_0_0_1,outer,2,SA,0.1,Proj,No_MSF,4000,18060
result_SELECT_100_random_local_OBC_0_0_1,outer,2,SA,0.1,Single,No_MSF,4433,549213
result_SELECT_100_random_local_OBC_0_0_1,outer,2,SA,0.1,Single,No_Top,4434,565249
result_SELECT_100_random_local_OBC_0_0_1,outer,2,SA,0.1,Single,No_Kink,4434,643878
result_SELECT_100_random_local_OBC_0_0_1,outer,2,SA,1,Double,No_Kink,4165,613361
result_SELECT_100_random_local_OBC_0_0_1,outer,2,SA,0.1,Single,Yes_Kink,4435,660718
result_SELECT_100_random_local_OBC_0_0_1,outer,2,SA,1,Double,No_MSF,4164,515833
result_SELECT_100_random_local_OBC_0_0_1,outer,2,SA,1,Double,No_Top,4165,531887
result_SELECT_100_random_local_OBC_0_0_1,outer,2,SA,1,Double,Yes_Kink,4167,613226
result_SELECT_100_random_local_OBC_0_0_1,outer,2,SA,0.001,Proj,No_Kink,4005,2074055
result_SELECT_100_random_local_OBC_0_0_1,outer,2,SA,1,Proj,No_MSF,4000,18060
result_SELECT_100_random_local_OBC_0_0_1,outer,2,SA,1,Proj,No_Top,4000,34092
result_SELECT_100_random_local_OBC_0_0_1,outer,2,SA,0.001,Proj,Yes_Kink,4004,2011498
result_SELECT_100_random_local_OBC_0_0_1,outer,2,SA,1,Single,No_MSF,4433,549213
result_SELECT_100_random_local_OBC_0_0_1,outer,2,SA,1,Single,No_Kink,4434,632342
result_SELECT_100_random_local_OBC_0_0_1,outer,2,SA,1,Single,No_Top,4434,565249
result_SELECT_100_random_local_OBC_0_0_1,outer,2,SA,1,Single,Yes_Kink,4434,648107
result_SELECT_100_random_local_OBC_0_0_1,outer,2,SA,0.01,Proj,Yes_Kink,4003,2008352
result_SELECT_100_random_local_OBC_0_0_1,outer,2,random,0,Double,No_MSF,4164,515833
result_SELECT_100_random_local_OBC_0_0_1,outer,2,random,0,Double,No_Kink,4165,673931
result_SELECT_100_random_local_OBC_0_0_1,outer,2,SA,0.01,Proj,No_Kink,4004,2069878
result_SELECT_100_random_local_OBC_0_0_1,outer,2,random,0,Double,No_Top,4165,531887
result_SELECT_100_random_local_OBC_0_0_1,outer,2,random,0,Proj,No_MSF,4000,18060
result_SELECT_100_random_local_OBC_0_0_1,outer,2,random,0,Proj,No_Top,4000,34092
result_SELECT_100_random_local_OBC_0_0_1,outer,2,random,0,Double,Yes_Kink,4171,674389
result_SELECT_100_random_local_OBC_0_0_1,outer,2,random,0,Single,No_MSF,4433,549213
result_SELECT_100_random_local_OBC_0_0_1,outer,2,SA,0.1,Proj,No_Kink,4003,1902367
result_SELECT_100_random_local_OBC_0_0_1,outer,2,random,0,Single,No_Top,4434,565249
result_SELECT_100_random_local_OBC_0_0_1,outer,2,random,0,Single,No_Kink,4437,695587
result_SELECT_100_random_local_OBC_0_0_2,inner,1,SA,0.001,Double,No_MSF,2103,305207
result_SELECT_100_random_local_OBC_0_0_2,inner,1,SA,0.001,Double,No_Top,2103,321386
result_SELECT_100_random_local_OBC_0_0_1,outer,2,random,0,Single,Yes_Kink,4435,707497
result_SELECT_100_random_local_OBC_0_0_2,inner,1,SA,0.001,Double,No_Kink,2144,453826
result_SELECT_100_random_local_OBC_0_0_2,inner,1,SA,0.001,Proj,No_MSF,2000,18208
result_SELECT_100_random_local_OBC_0_0_1,outer,2,SA,0.1,Proj,Yes_Kink,4005,1874836
result_SELECT_100_random_local_OBC_0_0_2,inner,1,SA,0.001,Proj,No_Top,2000,34400
result_SELECT_100_random_local_OBC_0_0_2,inner,1,SA,0.001,Double,Yes_Kink,2189,463252
result_SELECT_100_random_local_OBC_0_0_2,inner,1,SA,0.001,Single,No_MSF,2260,328067
result_SELECT_100_random_local_OBC_0_0_2,inner,1,SA,0.001,Single,No_Top,2260,344187
result_SELECT_100_random_local_OBC_0_0_2,inner,1,SA,0.001,Single,No_Kink,2330,472286
result_SELECT_100_random_local_OBC_0_0_2,inner,1,SA,0.01,Double,No_MSF,2103,305207
result_SELECT_100_random_local_OBC_0_0_2,inner,1,SA,0.01,Double,No_Top,2103,321386
result_SELECT_100_random_local_OBC_0_0_1,outer,2,SA,1,Proj,No_Kink,4002,1851964
result_SELECT_100_random_local_OBC_0_0_2,inner,1,SA,0.01,Double,No_Kink,2355,480353
result_SELECT_100_random_local_OBC_0_0_1,outer,2,SA,1,Proj,Yes_Kink,4001,1818033
result_SELECT_100_random_local_OBC_0_0_2,inner,1,SA,0.01,Proj,No_MSF,2000,18208
result_SELECT_100_random_local_OBC_0_0_2,inner,1,SA,0.01,Proj,No_Top,2000,34400
result_SELECT_100_random_local_OBC_0_0_2,inner,1,SA,0.01,Double,Yes_Kink,2601,516467
result_SELECT_100_random_local_OBC_0_0_2,inner,1,SA,0.01,Single,No_MSF,2260,328067
result_SELECT_100_random_local_OBC_0_0_2,inner,1,SA,0.01,Single,No_Top,2260,344187
result_SELECT_100_random_local_OBC_0_0_2,inner,1,SA,0.01,Single,No_Kink,2314,466736
result_SELECT_100_random_local_OBC_0_0_2,inner,1,SA,0.1,Double,No_MSF,2103,305207
result_SELECT_100_random_local_OBC_0_0_2,inner,1,SA,0.1,Double,No_Top,2103,321386
result_SELECT_100_random_local_OBC_0_0_2,inner,1,SA,0.1,Double,No_Kink,2167,450533
result_SELECT_100_random_local_OBC_0_0_2,inner,1,SA,0.001,Proj,No_Kink,2025,1384672
result_SELECT_100_random_local_OBC_0_0_2,inner,1,SA,0.1,Double,Yes_Kink,2173,455343
result_SELECT_100_random_local_OBC_0_0_2,inner,1,SA,0.001,Proj,Yes_Kink,2040,1360591
result_SELECT_100_random_local_OBC_0_0_2,inner,1,SA,0.1,Proj,No_MSF,2000,18208
result_SELECT_100_random_local_OBC_0_0_1,outer,2,random,0,Proj,No_Kink,4008,2151479
result_SELECT_100_random_local_OBC_0_0_2,inner,1,SA,0.1,Proj,No_Top,2000,34400
result_SELECT_100_random_local_OBC_0_0_1,outer,2,random,0,Proj,Yes_Kink,4005,2124162
result_SELECT_100_random_local_OBC_0_0_2,inner,1,SA,0.1,Single,No_MSF,2260,328067
result_SELECT_100_random_local_OBC_0_0_2,inner,1,SA,0.1,Single,No_Top,2260,344187
result_SELECT_100_random_local_OBC_0_0_2,inner,1,SA,1,Double,No_MSF,2103,305207
result_SELECT_100_random_local_OBC_0_0_2,inner,1,SA,1,Double,No_Top,2103,321386
result_SELECT_100_random_local_OBC_0_0_2,inner,1,SA,0.1,Single,No_Kink,2366,470049
result_SELECT_100_random_local_OBC_0_0_2,inner,1,SA,1,Double,No_Kink,2129,434879
result_SELECT_100_random_local_OBC_0_0_2,inner,1,SA,1,Double,Yes_Kink,2137,440656
result_SELECT_100_random_local_OBC_0_0_2,inner,1,SA,1,Proj,No_MSF,2000,18208
result_SELECT_100_random_local_OBC_0_0_2,inner,1,SA,1,Proj,No_Top,2000,34400
result_SELECT_100_random_local_OBC_0_0_2,inner,1,SA,1,Single,No_MSF,2260,328067
result_SELECT_100_random_local_OBC_0_0_2,inner,1,SA,0.01,Proj,No_Kink,2011,1351904
result_SELECT_100_random_local_OBC_0_0_2,inner,1,SA,1,Single,No_Top,2260,344187
result_SELECT_100_random_local_OBC_0_0_2,inner,1,SA,1,Single,No_Kink,2317,454655
result_SELECT_100_random_local_OBC_0_0_2,inner,1,random,0,Double,No_MSF,2103,305207
result_SELECT_100_random_local_OBC_0_0_2,inner,1,random,0,Double,No_Top,2103,321386
result_SELECT_100_random_local_OBC_0_0_2,inner,1,SA,0.01,Proj,Yes_Kink,2017,1331846
result_SELECT_100_random_local_OBC_0_0_2,inner,1,random,0,Proj,No_MSF,2000,18208
result_SELECT_100_random_local_OBC_0_0_2,inner,1,random,0,Proj,No_Top,2000,34400
result_SELECT_100_random_local_OBC_0_0_2,inner,1,random,0,Double,No_Kink,2222,559963
result_SELECT_100_random_local_OBC_0_0_2,inner,1,random,0,Double,Yes_Kink,2242,566750
result_SELECT_100_random_local_OBC_0_0_2,inner,1,random,0,Single,No_MSF,2260,328067
result_SELECT_100_random_local_OBC_0_0_2,inner,1,SA,0.1,Proj,No_Kink,2087,1398265
result_SELECT_100_random_local_OBC_0_0_2,inner,1,random,0,Single,No_Kink,2541,620646
result_SELECT_100_random_local_OBC_0_0_2,inner,1,random,0,Single,No_Top,2260,344187
result_SELECT_100_random_local_OBC_0_0_2,inner,2,SA,0.001,Double,No_MSF,2103,305207
result_SELECT_100_random_local_OBC_0_0_2,inner,2,SA,0.001,Double,No_Top,2103,321386
result_SELECT_100_random_local_OBC_0_0_2,inner,1,SA,0.1,Proj,Yes_Kink,2136,1401096
result_SELECT_100_random_local_OBC_0_0_2,inner,2,SA,0.001,Proj,No_MSF,2000,18208
result_SELECT_100_random_local_OBC_0_0_2,inner,2,SA,0.001,Double,No_Kink,2178,429151
result_SELECT_100_random_local_OBC_0_0_2,inner,1,SA,1,Proj,No_Kink,2015,1249983
result_SELECT_100_random_local_OBC_0_0_2,inner,2,SA,0.001,Proj,No_Top,2000,34400
result_SELECT_100_random_local_OBC_0_0_2,inner,2,SA,0.001,Double,Yes_Kink,2204,432045
result_SELECT_100_random_local_OBC_0_0_2,inner,2,SA,0.001,Single,No_MSF,2260,328067
result_SELECT_100_random_local_OBC_0_0_2,inner,2,SA,0.001,Single,No_Top,2260,344187
result_SELECT_100_random_local_OBC_0_0_2,inner,1,SA,1,Proj,Yes_Kink,2026,1225881
result_SELECT_100_random_local_OBC_0_0_2,inner,2,SA,0.001,Single,No_Kink,2265,428464
result_SELECT_100_random_local_OBC_0_0_2,inner,2,SA,0.01,Double,No_MSF,2103,305207
result_SELECT_100_random_local_OBC_0_0_2,inner,2,SA,0.01,Double,No_Top,2103,321386
result_SELECT_100_random_local_OBC_0_0_2,inner,2,SA,0.001,Single,Yes_Kink,2273,442626
result_SELECT_100_random_local_OBC_0_0_2,inner,2,SA,0.01,Double,No_Kink,2110,416756
result_SELECT_100_random_local_OBC_0_0_2,inner,2,SA,0.01,Proj,No_MSF,2000,18208
result_SELECT_100_random_local_OBC_0_0_2,inner,2,SA,0.01,Double,Yes_Kink,2119,418527
result_SELECT_100_random_local_OBC_0_0_2,inner,2,SA,0.01,Proj,No_Top,2000,34400
result_SELECT_100_random_local_OBC_0_0_2,inner,2,SA,0.01,Single,No_MSF,2260,328067
result_SELECT_100_random_local_OBC_0_0_2,inner,2,SA,0.01,Single,No_Kink,2272,427032
result_SELECT_100_random_local_OBC_0_0_2,inner,2,SA,0.01,Single,No_Top,2260,344187
result_SELECT_100_random_local_OBC_0_0_2,inner,1,random,0,Proj,No_Kink,2072,1422717
result_SELECT_100_random_local_OBC_0_0_2,inner,2,SA,0.1,Double,No_MSF,2103,305207
result_SELECT_100_random_local_OBC_0_0_2,inner,2,SA,0.01,Single,Yes_Kink,2276,447201
result_SELECT_100_random_local_OBC_0_0_2,inner,2,SA,0.1,Double,No_Top,2103,321386
result_SELECT_100_random_local_OBC_0_0_2,inner,2,SA,0.1,Double,No_Kink,2128,418920
result_SELECT_100_random_local_OBC_0_0_2,inner,1,random,0,Proj,Yes_Kink,2065,1387109
result_SELECT_100_random_local_OBC_0_0_2,inner,2,SA,0.1,Proj,No_MSF,2000,18208
result_SELECT_100_random_local_OBC_0_0_2,inner,2,SA,0.1,Proj,No_Top,2000,34400
result_SELECT_100_random_local_OBC_0_0_2,inner,2,SA,0.1,Double,Yes_Kink,2133,419463
result_SELECT_100_random_local_OBC_0_0_2,inner,2,SA,0.1,Single,No_MSF,2260,328067
result_SELECT_100_random_local_OBC_0_0_2,inner,2,SA,0.1,Single,No_Top,2260,344187
result_SELECT_100_random_local_OBC_0_0_2,inner,2,SA,0.001,Proj,No_Kink,2009,1288323
result_SELECT_100_random_local_OBC_0_0_2,inner,2,SA,0.1,Single,No_Kink,2271,426096
result_SELECT_100_random_local_OBC_0_0_2,inner,2,SA,1,Double,No_MSF,2103,305207
result_SELECT_100_random_local_OBC_0_0_2,inner,2,SA,0.001,Proj,Yes_Kink,2010,1282758
result_SELECT_100_random_local_OBC_0_0_2,inner,2,SA,1,Double,No_Kink,2106,409132
result_SELECT_100_random_local_OBC_0_0_2,inner,2,SA,0.1,Single,Yes_Kink,2275,442807
result_SELECT_100_random_local_OBC_0_0_2,inner,2,SA,1,Double,No_Top,2103,321386
result_SELECT_100_random_local_OBC_0_0_2,inner,2,SA,0.01,Proj,Yes_Kink,2008,1281477
result_SELECT_100_random_local_OBC_0_0_2,inner,2,SA,1,Proj,No_MSF,2000,18208
result_SELECT_100_random_local_OBC_0_0_2,inner,2,SA,1,Proj,No_Top,2000,34400
result_SELECT_100_random_local_OBC_0_0_2,inner,2,SA,1,Double,Yes_Kink,2118,411722
result_SELECT_100_random_local_OBC_0_0_2,inner,2,SA,1,Single,No_MSF,2260,328067
result_SELECT_100_random_local_OBC_0_0_2,inner,2,SA,1,Single,No_Top,2260,344187
result_SELECT_100_random_local_OBC_0_0_2,inner,2,SA,0.01,Proj,No_Kink,2007,1296097
result_SELECT_100_random_local_OBC_0_0_2,inner,2,random,0,Double,No_MSF,2103,305207
result_SELECT_100_random_local_OBC_0_0_2,inner,2,SA,1,Single,No_Kink,2263,418141
result_SELECT_100_random_local_OBC_0_0_2,inner,2,random,0,Double,No_Top,2103,321386
result_SELECT_100_random_local_OBC_0_0_2,inner,2,SA,1,Single,Yes_Kink,2271,437908
result_SELECT_100_random_local_OBC_0_0_2,inner,2,random,0,Proj,No_MSF,2000,18208
result_SELECT_100_random_local_OBC_0_0_2,inner,2,random,0,Double,No_Kink,2114,500387
result_SELECT_100_random_local_OBC_0_0_2,inner,2,random,0,Proj,No_Top,2000,34400
result_SELECT_100_random_local_OBC_0_0_2,inner,2,random,0,Double,Yes_Kink,2183,512074
result_SELECT_100_random_local_OBC_0_0_2,inner,2,random,0,Single,No_MSF,2260,328067
result_SELECT_100_random_local_OBC_0_0_2,inner,2,random,0,Single,No_Kink,2267,511284
result_SELECT_100_random_local_OBC_0_0_2,inner,2,random,0,Single,No_Top,2260,344187
result_SELECT_100_random_local_OBC_0_0_2,inner,2,SA,0.1,Proj,No_Kink,2010,1316814
result_SELECT_100_random_local_OBC_0_0_2,inner,2,SA,0.1,Proj,Yes_Kink,2012,1305033
result_SELECT_100_random_local_OBC_0_0_2,outer,1,SA,0.001,Double,No_MSF,2103,305207
result_SELECT_100_random_local_OBC_0_0_2,outer,1,SA,0.001,Double,No_Top,2103,321386
result_SELECT_100_random_local_OBC_0_0_2,outer,1,SA,0.001,Double,No_Kink,2185,459055
result_SELECT_100_random_local_OBC_0_0_2,inner,2,random,0,Single,Yes_Kink,2270,519786
result_SELECT_100_random_local_OBC_0_0_2,outer,1,SA,0.001,Double,Yes_Kink,2190,461664
result_SELECT_100_random_local_OBC_0_0_2,outer,1,SA,0.001,Proj,No_MSF,2000,18208
result_SELECT_100_random_local_OBC_0_0_2,outer,1,SA,0.001,Proj,No_Top,2000,34400
result_SELECT_100_random_local_OBC_0_0_2,inner,2,SA,1,Proj,Yes_Kink,2010,1250746
result_SELECT_100_random_local_OBC_0_0_2,outer,1,SA,0.001,Single,No_MSF,2260,328067
result_SELECT_100_random_local_OBC_0_0_2,outer,1,SA,0.001,Single,No_Top,2260,344187
result_SELECT_100_random_local_OBC_0_0_2,outer,1,SA,0.001,Single,No_Kink,2309,469539
result_SELECT_100_random_local_OBC_0_0_2,outer,1,SA,0.01,Double,No_MSF,2103,305207
result_SELECT_100_random_local_OBC_0_0_2,outer,1,SA,0.01,Double,No_Top,2103,321386
result_SELECT_100_random_local_OBC_0_0_2,inner,2,SA,1,Proj,No_Kink,2009,1289122
result_SELECT_100_random_local_OBC_0_0_2,outer,1,SA,0.01,Double,No_Kink,2196,460307
result_SELECT_100_random_local_OBC_0_0_2,outer,1,SA,0.01,Proj,No_MSF,2000,18208
result_SELECT_100_random_local_OBC_0_0_2,outer,1,SA,0.01,Double,Yes_Kink,2223,466498
result_SELECT_100_random_local_OBC_0_0_2,outer,1,SA,0.01,Proj,No_Top,2000,34400
result_SELECT_100_random_local_OBC_0_0_2,outer,1,SA,0.01,Single,No_MSF,2260,328067
result_SELECT_100_random_local_OBC_0_0_2,outer,1,SA,0.01,Single,No_Top,2260,344187
result_SELECT_100_random_local_OBC_0_0_2,outer,1,SA,0.01,Single,No_Kink,2322,471159
result_SELECT_100_random_local_OBC_0_0_2,inner,2,random,0,Proj,No_Kink,2030,1437424
result_SELECT_100_random_local_OBC_0_0_2,outer,1,SA,0.1,Double,No_MSF,2103,305207
result_SELECT_100_random_local_OBC_0_0_2,outer,1,SA,0.1,Double,No_Top,2103,321386
result_SELECT_100_random_local_OBC_0_0_2,inner,2,random,0,Proj,Yes_Kink,2030,1404184
result_SELECT_100_random_local_OBC_0_0_2,outer,1,SA,0.1,Double,No_Kink,2214,461280
result_SELECT_100_random_local_OBC_0_0_2,outer,1,SA,0.1,Proj,No_MSF,2000,18208
result_SELECT_100_random_local_OBC_0_0_2,outer,1,SA,0.1,Proj,No_Top,2000,34400
result_SELECT_100_random_local_OBC_0_0_2,outer,1,SA,0.1,Double,Yes_Kink,2213,463116
result_SELECT_100_random_local_OBC_0_0_2,outer,1,SA,0.1,Single,No_MSF,2260,328067
result_SELECT_100_random_local_OBC_0_0_2,outer,1,SA,0.001,Proj,No_Kink,2016,1381224
result_SELECT_100_random_local_OBC_0_0_2,outer,1,SA,0.1,Single,No_Top,2260,344187
result_SELECT_100_random_local_OBC_0_0_2,outer,1,SA,0.1,Single,No_Kink,2312,467888
result_SELECT_100_random_local_OBC_0_0_2,outer,1,SA,1,Double,No_MSF,2103,305207
result_SELECT_100_random_local_OBC_0_0_2,outer,1,SA,1,Double,No_Top,2103,321386
result_SELECT_100_random_local_OBC_0_0_2,outer,1,SA,0.001,Proj,Yes_Kink,2034,1364278
result_SELECT_100_random_local_OBC_0_0_2,outer,1,SA,1,Double,No_Kink,2111,429825
result_SELECT_100_random_local_OBC_0_0_2,outer,1,SA,1,Proj,No_MSF,2000,18208
result_SELECT_100_random_local_OBC_0_0_2,outer,1,SA,1,Proj,No_Top,2000,34400
result_SELECT_100_random_local_OBC_0_0_2,outer,1,SA,1,Double,Yes_Kink,2118,433055
result_SELECT_100_random_local_OBC_0_0_2,outer,1,SA,1,Single,No_MSF,2260,328067
result_SELECT_100_random_local_OBC_0_0_2,outer,1,SA,0.01,Proj,No_Kink,2015,1387523
result_SELECT_100_random_local_OBC_0_0_2,outer,1,SA,1,Single,No_Top,2260,344187
result_SELECT_100_random_local_OBC_0_0_2,outer,1,SA,1,Single,No_Kink,2275,444932
result_SELECT_100_random_local_OBC_0_0_2,outer,1,random,0,Double,No_MSF,2103,305207
result_SELECT_100_random_local_OBC_0_0_2,outer,1,random,0,Double,No_Top,2103,321386
result_SELECT_100_random_local_OBC_0_0_2,outer,1,SA,0.01,Proj,Yes_Kink,2036,1366625
result_SELECT_100_random_local_OBC_0_0_2,outer,1,random,0,Proj,No_MSF,2000,18208
result_SELECT_100_random_local_OBC_0_0_2,outer,1,random,0,Proj,No_Top,2000,34400
result_SELECT_100_random_local_OBC_0_0_2,outer,1,random,0,Double,No_Kink,2136,537665
result_SELECT_100_random_local_OBC_0_0_2,outer,1,random,0,Double,Yes_Kink,2155,543749
result_SELECT_100_random_local_OBC_0_0_2,outer,1,random,0,Single,No_MSF,2260,328067
result_SELECT_100_random_local_OBC_0_0_2,outer,1,random,0,Single,No_Top,2260,344187
result_SELECT_100_random_local_OBC_0_0_2,outer,1,SA,0.1,Proj,No_Kink,2010,1389926
result_SELECT_100_random_local_OBC_0_0_2,outer,2,SA,0.001,Double,No_MSF,2103,305207
result_SELECT_100_random_local_OBC_0_0_2,outer,2,SA,0.001,Double,No_Top,2103,321386
result_SELECT_100_random_local_OBC_0_0_2,outer,1,random,0,Single,No_Kink,2302,570679
result_SELECT_100_random_local_OBC_0_0_2,outer,2,SA,0.001,Double,No_Kink,2111,425692
result_SELECT_100_random_local_OBC_0_0_2,outer,2,SA,0.001,Proj,No_MSF,2000,18208
result_SELECT_100_random_local_OBC_0_0_2,outer,1,SA,0.1,Proj,Yes_Kink,2012,1360672
result_SELECT_100_random_local_OBC_0_0_2,outer,2,SA,0.001,Proj,No_Top,2000,34400
result_SELECT_100_random_local_OBC_0_0_2,outer,2,SA,0.001,Double,Yes_Kink,2137,428980
result_SELECT_100_random_local_OBC_0_0_2,outer,1,SA,1,Proj,No_Kink,2006,1358804
result_SELECT_100_random_local_OBC_0_0_2,outer,2,SA,0.001,Single,No_MSF,2260,328067
result_SELECT_100_random_local_OBC_0_0_2,outer,2,SA,0.001,Single,No_Top,2260,344187
result_SELECT_100_random_local_OBC_0_0_2,outer,2,SA,0.001,Single,No_Kink,2266,433472
result_SELECT_100_random_local_OBC_0_0_2,outer,1,SA,1,Proj,Yes_Kink,2009,1330520
result_SELECT_100_random_local_OBC_0_0_2,outer,2,SA,0.01,Double,No_MSF,2103,305207
result_SELECT_100_random_local_OBC_0_0_2,outer,2,SA,0.01,Double,No_Top,2103,321386
result_SELECT_100_random_local_OBC_0_0_2,outer,2,SA,0.001,Single,Yes_Kink,2277,455120
result_SELECT_100_random_local_OBC_0_0_2,outer,2,SA,0.01,Proj,No_MSF,2000,18208
result_SELECT_100_random_local_OBC_0_0_2,outer,2,SA,0.01,Double,No_Kink,2176,433404
result_SELECT_100_random_local_OBC_0_0_2,outer,2,SA,0.01,Double,Yes_Kink,2221,438558
result_SELECT_100_random_local_OBC_0_0_2,outer,2,SA,0.01,Proj,No_Top,2000,34400
result_SELECT_100_random_local_OBC_0_0_2,outer,2,SA,0.01,Single,No_MSF,2260,328067
result_SELECT_100_random_local_OBC_0_0_2,outer,2,SA,0.01,Single,No_Kink,2264,432832
result_SELECT_100_random_local_OBC_0_0_2,outer,2,SA,0.01,Single,No_Top,2260,344187
result_SELECT_100_random_local_OBC_0_0_2,outer,1,random,0,Proj,No_Kink,2012,1425182
result_SELECT_100_random_local_OBC_0_0_2,outer,2,SA,0.1,Double,No_MSF,2103,305207
result_SELECT_100_random_local_OBC_0_0_2,outer,1,random,0,Proj,Yes_Kink,2013,1397944
result_SELECT_100_random_local_OBC_0_0_2,outer,2,SA,0.1,Double,No_Top,2103,321386
result_SELECT_100_random_local_OBC_0_0_2,outer,2,SA,0.01,Single,Yes_Kink,2276,451304
result_SELECT_100_random_local_OBC_0_0_2,outer,2,SA,0.1,Double,No_Kink,2173,431101
result_SELECT_100_random_local_OBC_0_0_2,outer,2,SA,0.1,Proj,No_MSF,2000,18208
result_SELECT_100_random_local_OBC_0_0_2,outer,2,SA,0.1,Proj,No_Top,2000,34400
result_SELECT_100_random_local_OBC_0_0_2,outer,2,SA,0.1,Double,Yes_Kink,2184,432509
result_SELECT_100_random_local_OBC_0_0_2,outer,2,SA,0.1,Single,No_MSF,2260,328067
result_SELECT_100_random_local_OBC_0_0_2,outer,2,SA,0.1,Single,No_Kink,2263,431200
result_SELECT_100_random_local_OBC_0_0_2,outer,2,SA,0.1,Single,No_Top,2260,344187
result_SELECT_100_random_local_OBC_0_0_2,outer,2,SA,1,Double,No_Kink,2186,418146
result_SELECT_100_random_local_OBC_0_0_2,outer,2,SA,0.1,Single,Yes_Kink,2268,450345
result_SELECT_100_random_local_OBC_0_0_2,outer,2,SA,1,Double,No_MSF,2103,305207
result_SELECT_100_random_local_OBC_0_0_2,outer,2,SA,1,Double,No_Top,2103,321386
result_SELECT_100_random_local_OBC_0_0_2,outer,2,SA,0.001,Proj,No_Kink,2011,1450370
result_SELECT_100_random_local_OBC_0_0_2,outer,2,SA,0.001,Proj,Yes_Kink,2014,1413656
result_SELECT_100_random_local_OBC_0_0_2,outer,2,SA,1,Proj,No_MSF,2000,18208
result_SELECT_100_random_local_OBC_0_0_2,outer,2,SA,1,Proj,No_Top,2000,34400
result_SELECT_100_random_local_OBC_0_0_2,outer,2,SA,1,Double,Yes_Kink,2207,420997
result_SELECT_100_random_local_OBC_0_0_2,outer,2,SA,1,Single,No_MSF,2260,328067
result_SELECT_100_random_local_OBC_0_0_2,outer,2,SA,1,Single,No_Top,2260,344187
result_SELECT_100_random_local_OBC_0_0_2,outer,2,SA,1,Single,No_Kink,2261,416323
result_SELECT_100_random_local_OBC_0_0_2,outer,2,SA,0.01,Proj,Yes_Kink,2011,1378483
result_SELECT_100_random_local_OBC_0_0_2,outer,2,SA,0.01,Proj,No_Kink,2009,1399502
result_SELECT_100_random_local_OBC_0_0_2,outer,2,random,0,Double,No_MSF,2103,305207
result_SELECT_100_random_local_OBC_0_0_2,outer,2,SA,1,Single,Yes_Kink,2263,435293
result_SELECT_100_random_local_OBC_0_0_2,outer,2,random,0,Double,No_Top,2103,321386
result_SELECT_100_random_local_OBC_0_0_2,outer,2,random,0,Proj,No_MSF,2000,18208
result_SELECT_100_random_local_OBC_0_0_2,outer,2,random,0,Double,No_Kink,2112,497060
result_SELECT_100_random_local_OBC_0_0_2,outer,2,random,0,Proj,No_Top,2000,34400
result_SELECT_100_random_local_OBC_0_0_2,outer,2,random,0,Double,Yes_Kink,2176,504966
result_SELECT_100_random_local_OBC_0_0_2,outer,2,SA,0.1,Proj,Yes_Kink,2007,1364970
result_SELECT_100_random_local_OBC_0_0_2,outer,2,random,0,Single,No_MSF,2260,328067
result_SELECT_100_random_local_OBC_0_0_2,outer,2,random,0,Single,No_Top,2260,344187
result_SELECT_100_random_local_OBC_0_0_2,outer,2,SA,0.1,Proj,No_Kink,2007,1385230
result_SELECT_100_random_local_OBC_0_0_3,inner,1,SA,0.001,Double,No_MSF,1078,195072
result_SELECT_100_random_local_OBC_0_0_2,outer,2,random,0,Single,No_Kink,2263,507506
result_SELECT_100_random_local_OBC_0_0_3,inner,1,SA,0.001,Double,No_Top,1078,211501
result_SELECT_100_random_local_OBC_0_0_2,outer,2,random,0,Single,Yes_Kink,2265,516414
result_SELECT_100_random_local_OBC_0_0_3,inner,1,SA,0.001,Double,No_Kink,1148,371207
result_SELECT_100_random_local_OBC_0_0_3,inner,1,SA,0.001,Proj,No_MSF,1003,18504
result_SELECT_100_random_local_OBC_0_0_3,inner,1,SA,0.001,Double,Yes_Kink,1213,384602
result_SELECT_100_random_local_OBC_0_0_3,inner,1,SA,0.001,Proj,No_Top,1003,35016
result_SELECT_100_random_local_OBC_0_0_2,outer,2,SA,1,Proj,No_Kink,2005,1312973
result_SELECT_100_random_local_OBC_0_0_3,inner,1,SA,0.001,Single,No_MSF,1183,214589
result_SELECT_100_random_local_OBC_0_0_3,inner,1,SA,0.001,Single,No_Top,1183,230965
result_SELECT_100_random_local_OBC_0_0_2,outer,2,SA,1,Proj,Yes_Kink,2007,1291785
result_SELECT_100_random_local_OBC_0_0_3,inner,1,SA,0.001,Single,No_Kink,1293,392994
result_SELECT_100_random_local_OBC_0_0_3,inner,1,SA,0.01,Double,No_MSF,1078,195072
result_SELECT_100_random_local_OBC_0_0_3,inner,1,SA,0.01,Double,No_Top,1078,211501
result_SELECT_100_random_local_OBC_0_0_3,inner,1,SA,0.01,Proj,No_MSF,1003,18504
result_SELECT_100_random_local_OBC_0_0_3,inner,1,SA,0.01,Proj,No_Top,1003,35016
result_SELECT_100_random_local_OBC_0_0_3,inner,1,SA,0.01,Double,No_Kink,1193,376131
result_SELECT_100_random_local_OBC_0_0_3,inner,1,SA,0.01,Double,Yes_Kink,1247,389661
result_SELECT_100_random_local_OBC_0_0_3,inner,1,SA,0.01,Single,No_MSF,1183,214589
result_SELECT_100_random_local_OBC_0_0_3,inner,1,SA,0.01,Single,No_Kink,1309,396782
result_SELECT_100_random_local_OBC_0_0_3,inner,1,SA,0.01,Single,No_Top,1183,230965
result_SELECT_100_random_local_OBC_0_0_3,inner,1,SA,0.1,Double,No_MSF,1078,195072
result_SELECT_100_random_local_OBC_0_0_2,outer,2,random,0,Proj,No_Kink,2009,1479559
result_SELECT_100_random_local_OBC_0_0_3,inner,1,SA,0.001,Proj,No_Kink,1086,1013250
result_SELECT_100_random_local_OBC_0_0_3,inner,1,SA,0.1,Double,No_Top,1078,211501
result_SELECT_100_random_local_OBC_0_0_3,inner,1,SA,0.1,Double,No_Kink,1128,355757
result_SELECT_100_random_local_OBC_0_0_3,inner,1,SA,0.001,Proj,Yes_Kink,1107,1011235
result_SELECT_100_random_local_OBC_0_0_2,outer,2,random,0,Proj,Yes_Kink,2009,1447767
result_SELECT_100_random_local_OBC_0_0_3,inner,1,SA,0.1,Proj,No_MSF,1003,18504
result_SELECT_100_random_local_OBC_0_0_3,inner,1,SA,0.1,Proj,No_Top,1003,35016
result_SELECT_100_random_local_OBC_0_0_3,inner,1,SA,0.1,Double,Yes_Kink,1160,364208
result_SELECT_100_random_local_OBC_0_0_3,inner,1,SA,0.1,Single,No_MSF,1183,214589
result_SELECT_100_random_local_OBC_0_0_3,inner,1,SA,0.1,Single,No_Top,1183,230965
result_SELECT_100_random_local_OBC_0_0_3,inner,1,SA,1,Double,No_MSF,1078,195072
result_SELECT_100_random_local_OBC_0_0_3,inner,1,SA,1,Double,No_Top,1078,211501
result_SELECT_100_random_local_OBC_0_0_3,inner,1,SA,0.1,Single,No_Kink,1276,377496
result_SELECT_100_random_local_OBC_0_0_3,inner,1,SA,1,Double,No_Kink,1138,353618
result_SELECT_100_random_local_OBC_0_0_3,inner,1,SA,1,Proj,No_MSF,1003,18504
result_SELECT_100_random_local_OBC_0_0_3,inner,1,SA,1,Proj,No_Top,1003,35016
result_SELECT_100_random_local_OBC_0_0_3,inner,1,SA,0.01,Proj,No_Kink,1076,1007444
result_SELECT_100_random_local_OBC_0_0_3,inner,1,SA,1,Double,Yes_Kink,1176,364168
result_SELECT_100_random_local_OBC_0_0_3,inner,1,SA,0.01,Proj,Yes_Kink,1100,1004479
result_SELECT_100_random_local_OBC_0_0_3,inner,1,SA,1,Single,No_Top,1183,230965
result_SELECT_100_random_local_OBC_0_0_3,inner,1,SA,1,Single,No_MSF,1183,214589
result_SELECT_100_random_local_OBC_0_0_3,inner,1,random,0,Double,No_Top,1078,211501
result_SELECT_100_random_local_OBC_0_0_3,inner,1,random,0,Double,No_MSF,1078,195072
result_SELECT_100_random_local_OBC_0_0_3,inner,1,SA,1,Single,No_Kink,1291,374069
result_SELECT_100_random_local_OBC_0_0_3,inner,1,random,0,Proj,No_MSF,1003,18504
result_SELECT_100_random_local_OBC_0_0_3,inner,1,random,0,Proj,No_Top,1003,35016
result_SELECT_100_random_local_OBC_0_0_3,inner,1,SA,0.1,Proj,No_Kink,1036,963465
result_SELECT_100_random_local_OBC_0_0_3,inner,1,SA,0.1,Proj,Yes_Kink,1052,954303
result_SELECT_100_random_local_OBC_0_0_3,inner,1,random,0,Double,No_Kink,1248,511517
result_SELECT_100_random_local_OBC_0_0_3,inner,1,random,0,Single,No_MSF,1183,214589
result_SELECT_100_random_local_OBC_0_0_3,inner,1,random,0,Double,Yes_Kink,1349,531739
result_SELECT_100_random_local_OBC_0_0_3,inner,1,random,0,Single,No_Top,1183,230965
result_SELECT_100_random_local_OBC_0_0_3,inner,2,SA,0.001,Double,No_MSF,1078,195072
result_SELECT_100_random_local_OBC_0_0_3,inner,2,SA,0.001,Double,No_Top,1078,211501
result_SELECT_100_random_local_OBC_0_0_3,inner,2,SA,0.001,Double,No_Kink,1149,329793
result_SELECT_100_random_local_OBC_0_0_3,inner,1,SA,1,Proj,No_Kink,1073,1002078
result_SELECT_100_random_local_OBC_0_0_3,inner,2,SA,0.001,Proj,No_MSF,1003,18504
result_SELECT_100_random_local_OBC_0_0_3,inner,1,random,0,Single,No_Kink,1495,573315
result_SELECT_100_random_local_OBC_0_0_3,inner,2,SA,0.001,Proj,No_Top,1003,35016
result_SELECT_100_random_local_OBC_0_0_3,inner,2,SA,0.001,Double,Yes_Kink,1164,332724
result_SELECT_100_random_local_OBC_0_0_3,inner,1,SA,1,Proj,Yes_Kink,1099,1006218
result_SELECT_100_random_local_OBC_0_0_3,inner,2,SA,0.001,Single,No_MSF,1183,214589
result_SELECT_100_random_local_OBC_0_0_3,inner,2,SA,0.001,Single,No_Top,1183,230965
result_SELECT_100_random_local_OBC_0_0_3,inner,2,SA,0.01,Double,No_MSF,1078,195072
result_SELECT_100_random_local_OBC_0_0_3,inner,2,SA,0.001,Single,No_Kink,1188,325320
result_SELECT_100_random_local_OBC_0_0_3,inner,2,SA,0.01,Double,No_Top,1078,211501
result_SELECT_100_random_local_OBC_0_0_3,inner,2,SA,0.01,Double,No_Kink,1110,323415
result_SELECT_100_random_local_OBC_0_0_3,inner,2,SA,0.001,Single,Yes_Kink,1201,345022
result_SELECT_100_random_local_OBC_0_0_3,inner,2,SA,0.01,Proj,No_MSF,1003,18504
result_SELECT_100_random_local_OBC_0_0_3,inner,1,random,0,Proj,No_Kink,1045,991868
result_SELECT_100_random_local_OBC_0_0_3,inner,2,SA,0.01,Double,Yes_Kink,1132,328479
result_SELECT_100_random_local_OBC_0_0_3,inner,2,SA,0.01,Proj,No_Top,1003,35016
result_SELECT_100_random_local_OBC_0_0_3,inner,2,SA,0.01,Single,No_MSF,1183,214589
result_SELECT_100_random_local_OBC_0_0_3,inner,2,SA,0.01,Single,No_Top,1183,230965
result_SELECT_100_random_local_OBC_0_0_3,inner,1,random,0,Proj,Yes_Kink,1057,984192
result_SELECT_100_random_local_OBC_0_0_3,inner,2,SA,0.1,Double,No_MSF,1078,195072
result_SELECT_100_random_local_OBC_0_0_3,inner,2,SA,0.01,Single,No_Kink,1202,328095
result_SELECT_100_random_local_OBC_0_0_3,inner,2,SA,0.1,Double,No_Top,1078,211501
result_SELECT_100_random_local_OBC_0_0_3,inner,2,SA,0.01,Single,Yes_Kink,1226,350509
result_SELECT_100_random_local_OBC_0_0_3,inner,2,SA,0.1,Double,No_Kink,1151,329256
result_SELECT_100_random_local_OBC_0_0_3,inner,2,SA,0.1,Proj,No_MSF,1003,18504
result_SELECT_100_random_local_OBC_0_0_3,inner,2,SA,0.1,Proj,No_Top,1003,35016
result_SELECT_100_random_local_OBC_0_0_3,inner,2,SA,0.1,Double,Yes_Kink,1170,334244
result_SELECT_100_random_local_OBC_0_0_3,inner,2,SA,0.1,Single,No_MSF,1183,214589
result_SELECT_100_random_local_OBC_0_0_3,inner,2,SA,0.1,Single,No_Top,1183,230965
result_SELECT_100_random_local_OBC_0_0_3,inner,2,SA,0.1,Single,No_Kink,1199,326331
result_SELECT_100_random_local_OBC_0_0_3,inner,2,SA,0.001,Proj,No_Kink,1015,1093647
result_SELECT_100_random_local_OBC_0_0_3,inner,2,SA,0.1,Single,Yes_Kink,1223,348917
result_SELECT_100_random_local_OBC_0_0_3,inner,2,SA,0.001,Proj,Yes_Kink,1018,1086878
result_SELECT_100_random_local_OBC_0_0_3,inner,2,SA,1,Double,No_MSF,1078,195072
result_SELECT_100_random_local_OBC_0_0_3,inner,2,SA,1,Double,No_Kink,1102,314394
result_SELECT_100_random_local_OBC_0_0_3,inner,2,SA,1,Double,No_Top,1078,211501
result_SELECT_100_random_local_OBC_0_0_3,inner,2,SA,1,Proj,No_MSF,1003,18504
result_SELECT_100_random_local_OBC_0_0_3,inner,2,SA,1,Proj,No_Top,1003,35016
result_SELECT_100_random_local_OBC_0_0_3,inner,2,SA,1,Double,Yes_Kink,1124,320283
result_SELECT_100_random_local_OBC_0_0_3,inner,2,SA,0.01,Proj,No_Kink,1037,1116274
result_SELECT_100_random_local_OBC_0_0_3,inner,2,SA,1,Single,No_MSF,1183,214589
result_SELECT_100_random_local_OBC_0_0_3,inner,2,SA,1,Single,No_Kink,1197,318971
result_SELECT_100_random_local_OBC_0_0_3,inner,2,SA,1,Single,No_Top,1183,230965
result_SELECT_100_random_local_OBC_0_0_3,inner,2,SA,0.01,Proj,Yes_Kink,1052,1117706
result_SELECT_100_random_local_OBC_0_0_3,inner,2,random,0,Double,No_MSF,1078,195072
result_SELECT_100_random_local_OBC_0_0_3,inner,2,random,0,Double,No_Top,1078,211501
result_SELECT_100_random_local_OBC_0_0_3,inner,2,SA,1,Single,Yes_Kink,1217,341710
result_SELECT_100_random_local_OBC_0_0_3,inner,2,SA,0.1,Proj,No_Kink,1033,1111591
result_SELECT_100_random_local_OBC_0_0_3,inner,2,random,0,Proj,No_MSF,1003,18504
result_SELECT_100_random_local_OBC_0_0_3,inner,2,SA,0.1,Proj,Yes_Kink,1046,1115783
result_SELECT_100_random_local_OBC_0_0_3,inner,2,random,0,Double,No_Kink,1226,440190
result_SELECT_100_random_local_OBC_0_0_3,inner,2,random,0,Proj,No_Top,1003,35016
result_SELECT_100_random_local_OBC_0_0_3,inner,2,random,0,Single,No_Top,1183,230965
result_SELECT_100_random_local_OBC_0_0_3,inner,2,random,0,Single,No_MSF,1183,214589
result_SELECT_100_random_local_OBC_0_0_3,inner,2,random,0,Double,Yes_Kink,1245,445896
result_SELECT_100_random_local_OBC_0_0_3,outer,1,SA,0.001,Double,No_MSF,1078,195072
result_SELECT_100_random_local_OBC_0_0_3,outer,1,SA,0.001,Double,No_Top,1078,211501
result_SELECT_100_random_local_OBC_0_0_3,inner,2,random,0,Single,No_Kink,1193,426002
result_SELECT_100_random_local_OBC_0_0_3,outer,1,SA,0.001,Double,No_Kink,1197,371675
result_SELECT_100_random_local_OBC_0_0_3,inner,2,random,0,Single,Yes_Kink,1200,435690
result_SELECT_100_random_local_OBC_0_0_3,outer,1,SA,0.001,Proj,No_MSF,1003,18504
result_SELECT_100_random_local_OBC_0_0_3,inner,2,SA,1,Proj,No_Kink,1019,1075449
result_SELECT_100_random_local_OBC_0_0_3,outer,1,SA,0.001,Double,Yes_Kink,1208,376973
result_SELECT_100_random_local_OBC_0_0_3,outer,1,SA,0.001,Proj,No_Top,1003,35016
result_SELECT_100_random_local_OBC_0_0_3,inner,2,SA,1,Proj,Yes_Kink,1026,1057822
result_SELECT_100_random_local_OBC_0_0_3,outer,1,SA,0.001,Single,No_MSF,1183,214589
result_SELECT_100_random_local_OBC_0_0_3,outer,1,SA,0.001,Single,No_Top,1183,230965
result_SELECT_100_random_local_OBC_0_0_3,outer,1,SA,0.01,Double,No_MSF,1078,195072
result_SELECT_100_random_local_OBC_0_0_3,outer,1,SA,0.001,Single,No_Kink,1277,382003
result_SELECT_100_random_local_OBC_0_0_3,outer,1,SA,0.01,Double,No_Top,1078,211501
result_SELECT_100_random_local_OBC_0_0_3,outer,1,SA,0.01,Proj,No_MSF,1003,18504
result_SELECT_100_random_local_OBC_0_0_3,outer,1,SA,0.01,Double,No_Kink,1137,366558
result_SELECT_100_random_local_OBC_0_0_3,outer,1,SA,0.01,Proj,No_Top,1003,35016
result_SELECT_100_random_local_OBC_0_0_3,outer,1,SA,0.01,Double,Yes_Kink,1165,373324
result_SELECT_100_random_local_OBC_0_0_3,inner,2,random,0,Proj,No_Kink,1016,1095160
result_SELECT_100_random_local_OBC_0_0_3,outer,1,SA,0.01,Single,No_Top,1183,230965
result_SELECT_100_random_local_OBC_0_0_3,outer,1,SA,0.01,Single,No_MSF,1183,214589
result_SELECT_100_random_local_OBC_0_0_3,inner,2,random,0,Proj,Yes_Kink,1017,1079397
result_SELECT_100_random_local_OBC_0_0_3,outer,1,SA,0.01,Single,No_Kink,1308,390475
result_SELECT_100_random_local_OBC_0_0_3,outer,1,SA,0.1,Double,No_Top,1078,211501
result_SELECT_100_random_local_OBC_0_0_3,outer,1,SA,0.1,Double,No_MSF,1078,195072
result_SELECT_100_random_local_OBC_0_0_3,outer,1,SA,0.1,Proj,No_MSF,1003,18504
result_SELECT_100_random_local_OBC_0_0_3,outer,1,SA,0.1,Proj,No_Top,1003,35016
result_SELECT_100_random_local_OBC_0_0_3,outer,1,SA,0.1,Double,No_Kink,1159,367006
result_SELECT_100_random_local_OBC_0_0_3,outer,1,SA,0.1,Double,Yes_Kink,1196,377279
result_SELECT_100_random_local_OBC_0_0_3,outer,1,SA,0.001,Proj,No_Kink,1044,992558
result_SELECT_100_random_local_OBC_0_0_3,outer,1,SA,0.001,Proj,Yes_Kink,1063,990326
result_SELECT_100_random_local_OBC_0_0_3,outer,1,SA,0.1,Single,No_MSF,1183,214589
result_SELECT_100_random_local_OBC_0_0_3,outer,1,SA,0.1,Single,No_Top,1183,230965
result_SELECT_100_random_local_OBC_0_0_3,outer,1,SA,1,Double,No_MSF,1078,195072
result_SELECT_100_random_local_OBC_0_0_3,outer,1,SA,1,Double,No_Top,1078,211501
result_SELECT_100_random_local_OBC_0_0_3,outer,1,SA,0.1,Single,No_Kink,1285,386828
result_SELECT_100_random_local_OBC_0_0_3,outer,1,SA,1,Proj,No_MSF,1003,18504
result_SELECT_100_random_local_OBC_0_0_3,outer,1,SA,1,Double,No_Kink,1134,352548
result_SELECT_100_random_local_OBC_0_0_3,outer,1,SA,0.01,Proj,No_Kink,1078,1026763
result_SELECT_100_random_local_OBC_0_0_3,outer,1,SA,1,Proj,No_Top,1003,35016
result_SELECT_100_random_local_OBC_0_0_3,outer,1,SA,1,Double,Yes_Kink,1152,361164
result_SELECT_100_random_local_OBC_0_0_3,outer,1,SA,1,Single,No_MSF,1183,214589
result_SELECT_100_random_local_OBC_0_0_3,outer,1,SA,1,Single,No_Top,1183,230965
result_SELECT_100_random_local_OBC_0_0_3,outer,1,SA,0.01,Proj,Yes_Kink,1114,1040655
result_SELECT_100_random_local_OBC_0_0_3,outer,1,random,0,Double,No_MSF,1078,195072
result_SELECT_100_random_local_OBC_0_0_3,outer,1,SA,1,Single,No_Kink,1304,377420
result_SELECT_100_random_local_OBC_0_0_3,outer,1,random,0,Double,No_Top,1078,211501
result_SELECT_100_random_local_OBC_0_0_3,outer,1,random,0,Proj,No_MSF,1003,18504
result_SELECT_100_random_local_OBC_0_0_3,outer,1,random,0,Proj,No_Top,1003,35016
result_SELECT_100_random_local_OBC_0_0_3,outer,1,SA,0.1,Proj,No_Kink,1043,990399
result_SELECT_100_random_local_OBC_0_0_3,outer,1,SA,0.1,Proj,Yes_Kink,1068,991597
result_SELECT_100_random_local_OBC_0_0_3,outer,1,random,0,Double,No_Kink,1171,513232
result_SELECT_100_random_local_OBC_0_0_3,outer,1,random,0,Single,No_MSF,1183,214589
result_SELECT_100_random_local_OBC_0_0_3,outer,1,random,0,Double,Yes_Kink,1214,523042
result_SELECT_100_random_local_OBC_0_0_3,outer,1,random,0,Single,No_Top,1183,230965
result_SELECT_100_random_local_OBC_0_0_3,outer,2,SA,0.001,Double,No_MSF,1078,195072
result_SELECT_100_random_local_OBC_0_0_3,outer,2,SA,0.001,Double,No_Top,1078,211501
result_SELECT_100_random_local_OBC_0_0_3,outer,1,SA,1,Proj,No_Kink,1033,985888
result_SELECT_100_random_local_OBC_0_0_3,outer,2,SA,0.001,Double,No_Kink,1124,337542
result_SELECT_100_random_local_OBC_0_0_3,outer,1,random,0,Single,No_Kink,1416,575343
result_SELECT_100_random_local_OBC_0_0_3,outer,1,SA,1,Proj,Yes_Kink,1059,988216
result_SELECT_100_random_local_OBC_0_0_3,outer,2,SA,0.001,Proj,No_Top,1003,35016
result_SELECT_100_random_local_OBC_0_0_3,outer,2,SA,0.001,Double,Yes_Kink,1135,339770
result_SELECT_100_random_local_OBC_0_0_3,outer,2,SA,0.001,Proj,No_MSF,1003,18504
result_SELECT_100_random_local_OBC_0_0_3,outer,2,SA,0.001,Single,No_MSF,1183,214589
result_SELECT_100_random_local_OBC_0_0_3,outer,2,SA,0.001,Single,No_Top,1183,230965
result_SELECT_100_random_local_OBC_0_0_3,outer,2,SA,0.001,Single,No_Kink,1209,340912
result_SELECT_100_random_local_OBC_0_0_3,outer,2,SA,0.01,Double,No_MSF,1078,195072
result_SELECT_100_random_local_OBC_0_0_3,outer,1,random,0,Proj,No_Kink,1032,988337
result_SELECT_100_random_local_OBC_0_0_3,outer,2,SA,0.01,Double,No_Top,1078,211501
result_SELECT_100_random_local_OBC_0_0_3,outer,2,SA,0.01,Proj,No_MSF,1003,18504
result_SELECT_100_random_local_OBC_0_0_3,outer,2,SA,0.001,Single,Yes_Kink,1221,361439
result_SELECT_100_random_local_OBC_0_0_3,outer,2,SA,0.01,Double,No_Kink,1107,330264
result_SELECT_100_random_local_OBC_0_0_3,outer,2,SA,0.01,Proj,No_Top,1003,35016
result_SELECT_100_random_local_OBC_0_0_3,outer,2,SA,0.01,Double,Yes_Kink,1123,334060
result_SELECT_100_random_local_OBC_0_0_3,outer,1,random,0,Proj,Yes_Kink,1033,970332
result_SELECT_100_random_local_OBC_0_0_3,outer,2,SA,0.01,Single,No_MSF,1183,214589
result_SELECT_100_random_local_OBC_0_0_3,outer,2,SA,0.01,Single,No_Top,1183,230965
result_SELECT_100_random_local_OBC_0_0_3,outer,2,SA,0.01,Single,No_Kink,1196,334861
result_SELECT_100_random_local_OBC_0_0_3,outer,2,SA,0.1,Double,No_MSF,1078,195072
result_SELECT_100_random_local_OBC_0_0_3,outer,2,SA,0.1,Double,No_Top,1078,211501
result_SELECT_100_random_local_OBC_0_0_3,outer,2,SA,0.01,Single,Yes_Kink,1214,357070
result_SELECT_100_random_local_OBC_0_0_3,outer,2,SA,0.1,Double,No_Kink,1159,338223
result_SELECT_100_random_local_OBC_0_0_3,outer,2,SA,0.1,Proj,No_MSF,1003,18504
result_SELECT_100_random_local_OBC_0_0_3,outer,2,SA,0.1,Proj,No_Top,1003,35016
result_SELECT_100_random_local_OBC_0_0_3,outer,2,SA,0.1,Double,Yes_Kink,1175,341314
result_SELECT_100_random_local_OBC_0_0_3,outer,2,SA,0.1,Single,No_MSF,1183,214589
result_SELECT_100_random_local_OBC_0_0_3,outer,2,SA,0.1,Single,No_Top,1183,230965
result_SELECT_100_random_local_OBC_0_0_3,outer,2,SA,0.1,Single,No_Kink,1195,332503
result_SELECT_100_random_local_OBC_0_0_3,outer,2,SA,0.001,Proj,No_Kink,1032,1130458
result_SELECT_100_random_local_OBC_0_0_3,outer,2,SA,1,Double,No_MSF,1078,195072
result_SELECT_100_random_local_OBC_0_0_3,outer,2,SA,1,Double,No_Top,1078,211501
result_SELECT_100_random_local_OBC_0_0_3,outer,2,SA,0.1,Single,Yes_Kink,1212,353972
result_SELECT_100_random_local_OBC_0_0_3,outer,2,SA,0.001,Proj,Yes_Kink,1039,1118204
result_SELECT_100_random_local_OBC_0_0_3,outer,2,SA,1,Double,No_Kink,1138,321190
result_SELECT_100_random_local_OBC_0_0_3,outer,2,SA,1,Proj,No_MSF,1003,18504
result_SELECT_100_random_local_OBC_0_0_3,outer,2,SA,1,Proj,No_Top,1003,35016
result_SELECT_100_random_local_OBC_0_0_3,outer,2,SA,1,Double,Yes_Kink,1144,322706
result_SELECT_100_random_local_OBC_0_0_3,outer,2,SA,0.01,Proj,No_Kink,1023,1142061
result_SELECT_100_random_local_OBC_0_0_3,outer,2,SA,1,Single,No_MSF,1183,214589
result_SELECT_100_random_local_OBC_0_0_3,outer,2,SA,1,Single,No_Kink,1192,319064
result_SELECT_100_random_local_OBC_0_0_3,outer,2,SA,1,Single,No_Top,1183,230965
result_SELECT_100_random_local_OBC_0_0_3,outer,2,random,0,Double,No_MSF,1078,195072
result_SELECT_100_random_local_OBC_0_0_3,outer,2,SA,0.01,Proj,Yes_Kink,1034,1125623
result_SELECT_100_random_local_OBC_0_0_3,outer,2,SA,1,Single,Yes_Kink,1214,339599
result_SELECT_100_random_local_OBC_0_0_3,outer,2,random,0,Double,No_Top,1078,211501
result_SELECT_100_random_local_OBC_0_0_3,outer,2,random,0,Proj,No_MSF,1003,18504
result_SELECT_100_random_local_OBC_0_0_3,outer,2,random,0,Proj,No_Top,1003,35016
result_SELECT_100_random_local_OBC_0_0_3,outer,2,SA,0.1,Proj,No_Kink,1017,1111981
result_SELECT_100_random_local_OBC_0_0_3,outer,2,random,0,Double,No_Kink,1150,431602
result_SELECT_100_random_local_OBC_0_0_3,outer,2,random,0,Single,No_MSF,1183,214589
result_SELECT_100_random_local_OBC_0_0_3,outer,2,SA,0.1,Proj,Yes_Kink,1021,1094443
result_SELECT_100_random_local_OBC_0_0_3,outer,2,random,0,Double,Yes_Kink,1168,436963
result_SELECT_100_random_local_OBC_0_0_3,outer,2,random,0,Single,No_Top,1183,230965
result_SELECT_100_random_local_OBC_0_0_4,inner,1,SA,0.001,Double,No_MSF,567,138037
result_SELECT_100_random_local_OBC_0_0_3,outer,2,random,0,Single,No_Kink,1193,433948
result_SELECT_100_random_local_OBC_0_0_4,inner,1,SA,0.001,Double,No_Top,567,154820
result_SELECT_100_random_local_OBC_0_0_4,inner,1,SA,0.001,Double,No_Kink,712,376534
result_SELECT_100_random_local_OBC_0_0_3,outer,2,random,0,Single,Yes_Kink,1195,444887
result_SELECT_100_random_local_OBC_0_0_4,inner,1,SA,0.001,Proj,No_MSF,507,19048
result_SELECT_100_random_local_OBC_0_0_4,inner,1,SA,0.001,Proj,No_Top,507,36072
result_SELECT_100_random_local_OBC_0_0_3,outer,2,SA,1,Proj,Yes_Kink,1025,1082309
result_SELECT_100_random_local_OBC_0_0_3,outer,2,SA,1,Proj,No_Kink,1021,1112241
result_SELECT_100_random_local_OBC_0_0_4,inner,1,SA,0.001,Single,No_MSF,644,158370
result_SELECT_100_random_local_OBC_0_0_4,inner,1,SA,0.001,Single,No_Top,644,175026
result_SELECT_100_random_local_OBC_0_0_4,inner,1,SA,0.001,Double,Yes_Kink,743,386672
result_SELECT_100_random_local_OBC_0_0_4,inner,1,SA,0.01,Double,No_MSF,567,138037
result_SELECT_100_random_local_OBC_0_0_4,inner,1,SA,0.01,Double,No_Top,567,154820
result_SELECT_100_random_local_OBC_0_0_4,inner,1,SA,0.001,Single,No_Kink,844,394839
result_SELECT_100_random_local_OBC_0_0_3,outer,2,random,0,Proj,No_Kink,1020,1121439
result_SELECT_100_random_local_OBC_0_0_4,inner,1,SA,0.01,Proj,No_MSF,507,19048
result_SELECT_100_random_local_OBC_0_0_4,inner,1,SA,0.01,Double,No_Kink,713,366129
result_SELECT_100_random_local_OBC_0_0_4,inner,1,SA,0.01,Proj,No_Top,507,36072
result_SELECT_100_random_local_OBC_0_0_4,inner,1,SA,0.01,Single,No_MSF,644,158370
result_SELECT_100_random_local_OBC_0_0_4,inner,1,SA,0.01,Double,Yes_Kink,727,372101
result_SELECT_100_random_local_OBC_0_0_3,outer,2,random,0,Proj,Yes_Kink,1019,1109439
result_SELECT_100_random_local_OBC_0_0_4,inner,1,SA,0.01,Single,No_Top,644,175026
result_SELECT_100_random_local_OBC_0_0_4,inner,1,SA,0.1,Double,No_MSF,567,138037
result_SELECT_100_random_local_OBC_0_0_4,inner,1,SA,0.1,Double,No_Top,567,154820
result_SELECT_100_random_local_OBC_0_0_4,inner,1,SA,0.01,Single,No_Kink,797,378709
result_SELECT_100_random_local_OBC_0_0_4,inner,1,SA,0.1,Proj,No_MSF,507,19048
result_SELECT_100_random_local_OBC_0_0_4,inner,1,SA,0.001,Proj,No_Kink,682,964702
result_SELECT_100_random_local_OBC_0_0_4,inner,1,SA,0.1,Proj,No_Top,507,36072
result_SELECT_100_random_local_OBC_0_0_4,inner,1,SA,0.1,Double,No_Kink,707,373881
result_SELECT_100_random_local_OBC_0_0_4,inner,1,SA,0.1,Single,No_MSF,644,158370
result_SELECT_100_random_local_OBC_0_0_4,inner,1,SA,0.1,Double,Yes_Kink,728,380817
result_SELECT_100_random_local_OBC_0_0_4,inner,1,SA,0.1,Single,No_Top,644,175026
result_SELECT_100_random_local_OBC_0_0_4,inner,1,SA,0.001,Proj,Yes_Kink,706,980463
result_SELECT_100_random_local_OBC_0_0_4,inner,1,SA,1,Double,No_MSF,567,138037
result_SELECT_100_random_local_OBC_0_0_4,inner,1,SA,1,Double,No_Top,567,154820
result_SELECT_100_random_local_OBC_0_0_4,inner,1,SA,0.1,Single,No_Kink,832,390054
result_SELECT_100_random_local_OBC_0_0_4,inner,1,SA,1,Proj,No_MSF,507,19048
result_SELECT_100_random_local_OBC_0_0_4,inner,1,SA,0.01,Proj,No_Kink,651,928156
result_SELECT_100_random_local_OBC_0_0_4,inner,1,SA,1,Double,No_Kink,707,359289
result_SELECT_100_random_local_OBC_0_0_4,inner,1,SA,1,Proj,No_Top,507,36072
result_SELECT_100_random_local_OBC_0_0_4,inner,1,SA,0.01,Proj,Yes_Kink,663,931179
result_SELECT_100_random_local_OBC_0_0_4,inner,1,SA,1,Double,Yes_Kink,734,368674
result_SELECT_100_random_local_OBC_0_0_4,inner,1,SA,1,Single,No_MSF,644,158370
result_SELECT_100_random_local_OBC_0_0_4,inner,1,SA,1,Single,No_Top,644,175026
result_SELECT_100_random_local_OBC_0_0_4,inner,1,random,0,Double,No_MSF,567,138037
result_SELECT_100_random_local_OBC_0_0_4,inner,1,random,0,Double,No_Top,567,154820
result_SELECT_100_random_local_OBC_0_0_4,inner,1,SA,1,Single,No_Kink,817,371875
result_SELECT_100_random_local_OBC_0_0_4,inner,1,random,0,Proj,No_MSF,507,19048
result_SELECT_100_random_local_OBC_0_0_4,inner,1,SA,0.1,Proj,No_Kink,688,972654
result_SELECT_100_random_local_OBC_0_0_4,inner,1,random,0,Proj,No_Top,507,36072
result_SELECT_100_random_local_OBC_0_0_4,inner,1,SA,0.1,Proj,Yes_Kink,719,995022
result_SELECT_100_random_local_OBC_0_0_4,inner,1,random,0,Single,No_MSF,644,158370
result_SELECT_100_random_local_OBC_0_0_4,inner,1,random,0,Double,No_Kink,736,555272
result_SELECT_100_random_local_OBC_0_0_4,inner,1,random,0,Single,No_Top,644,175026
result_SELECT_100_random_local_OBC_0_0_4,inner,2,SA,0.001,Double,No_MSF,567,138037
result_SELECT_100_random_local_OBC_0_0_4,inner,1,random,0,Double,Yes_Kink,756,562058
result_SELECT_100_random_local_OBC_0_0_4,inner,2,SA,0.001,Double,No_Top,567,154820
result_SELECT_100_random_local_OBC_0_0_4,inner,1,SA,1,Proj,No_Kink,657,924544
result_SELECT_100_random_local_OBC_0_0_4,inner,2,SA,0.001,Double,No_Kink,614,288870
result_SELECT_100_random_local_OBC_0_0_4,inner,2,SA,0.001,Proj,No_MSF,507,19048
result_SELECT_100_random_local_OBC_0_0_4,inner,2,SA,0.001,Proj,No_Top,507,36072
result_SELECT_100_random_local_OBC_0_0_4,inner,1,random,0,Single,No_Kink,999,646827
result_SELECT_100_random_local_OBC_0_0_4,inner,1,SA,1,Proj,Yes_Kink,682,945513
result_SELECT_100_random_local_OBC_0_0_4,inner,2,SA,0.001,Double,Yes_Kink,637,294662
result_SELECT_100_random_local_OBC_0_0_4,inner,2,SA,0.001,Single,No_MSF,644,158370
result_SELECT_100_random_local_OBC_0_0_4,inner,2,SA,0.001,Single,No_Top,644,175026
result_SELECT_100_random_local_OBC_0_0_4,inner,1,random,0,Proj,No_Kink,573,817553
result_SELECT_100_random_local_OBC_0_0_4,inner,1,random,0,Proj,Yes_Kink,581,814257
result_SELECT_100_random_local_OBC_0_0_4,inner,2,SA,0.01,Double,No_MSF,567,138037
result_SELECT_100_random_local_OBC_0_0_4,inner,2,SA,0.01,Double,No_Top,567,154820
result_SELECT_100_random_local_OBC_0_0_4,inner,2,SA,0.001,Single,No_Kink,671,292464
result_SELECT_100_random_local_OBC_0_0_4,inner,2,SA,0.001,Single,Yes_Kink,684,311816
result_SELECT_100_random_local_OBC_0_0_4,inner,2,SA,0.01,Proj,No_MSF,507,19048
result_SELECT_100_random_local_OBC_0_0_4,inner,2,SA,0.01,Double,No_Kink,618,294364
result_SELECT_100_random_local_OBC_0_0_4,inner,2,SA,0.01,Proj,No_Top,507,36072
result_SELECT_100_random_local_OBC_0_0_4,inner,2,SA,0.01,Single,No_MSF,644,158370
result_SELECT_100_random_local_OBC_0_0_4,inner,2,SA,0.01,Single,No_Top,644,175026
result_SELECT_100_random_local_OBC_0_0_4,inner,2,SA,0.01,Double,Yes_Kink,638,300151
result_SELECT_100_random_local_OBC_0_0_4,inner,2,SA,0.1,Double,No_MSF,567,138037
result_SELECT_100_random_local_OBC_0_0_4,inner,2,SA,0.01,Single,No_Kink,680,297700
result_SELECT_100_random_local_OBC_0_0_4,inner,2,SA,0.1,Double,No_Top,567,154820
result_SELECT_100_random_local_OBC_0_0_4,inner,2,SA,0.01,Single,Yes_Kink,698,319005
result_SELECT_100_random_local_OBC_0_0_4,inner,2,SA,0.1,Double,No_Kink,709,303386
result_SELECT_100_random_local_OBC_0_0_4,inner,2,SA,0.1,Proj,No_MSF,507,19048
result_SELECT_100_random_local_OBC_0_0_4,inner,2,SA,0.1,Proj,No_Top,507,36072
result_SELECT_100_random_local_OBC_0_0_4,inner,2,SA,0.001,Proj,No_Kink,533,925978
result_SELECT_100_random_local_OBC_0_0_4,inner,2,SA,0.1,Double,Yes_Kink,720,306281
result_SELECT_100_random_local_OBC_0_0_4,inner,2,SA,0.1,Single,No_MSF,644,158370
result_SELECT_100_random_local_OBC_0_0_4,inner,2,SA,0.1,Single,No_Top,644,175026
result_SELECT_100_random_local_OBC_0_0_4,inner,2,SA,0.001,Proj,Yes_Kink,546,929995
result_SELECT_100_random_local_OBC_0_0_4,inner,2,SA,0.1,Single,No_Kink,677,288813
result_SELECT_100_random_local_OBC_0_0_4,inner,2,SA,0.1,Single,Yes_Kink,692,308420
result_SELECT_100_random_local_OBC_0_0_4,inner,2,SA,1,Double,No_MSF,567,138037
result_SELECT_100_random_local_OBC_0_0_4,inner,2,SA,1,Double,No_Kink,644,293792
result_SELECT_100_random_local_OBC_0_0_4,inner,2,SA,1,Double,No_Top,567,154820
result_SELECT_100_random_local_OBC_0_0_4,inner,2,SA,1,Proj,No_MSF,507,19048
result_SELECT_100_random_local_OBC_0_0_4,inner,2,SA,1,Proj,No_Top,507,36072
result_SELECT_100_random_local_OBC_0_0_4,inner,2,SA,0.01,Proj,No_Kink,572,980875
result_SELECT_100_random_local_OBC_0_0_4,inner,2,SA,1,Double,Yes_Kink,664,299280
result_SELECT_100_random_local_OBC_0_0_4,inner,2,SA,1,Single,No_MSF,644,158370
result_SELECT_100_random_local_OBC_0_0_4,inner,2,SA,0.01,Proj,Yes_Kink,584,987460
result_SELECT_100_random_local_OBC_0_0_4,inner,2,SA,1,Single,No_Top,644,175026
result_SELECT_100_random_local_OBC_0_0_4,inner,2,random,0,Double,No_MSF,567,138037
result_SELECT_100_random_local_OBC_0_0_4,inner,2,SA,1,Single,No_Kink,674,290798
result_SELECT_100_random_local_OBC_0_0_4,inner,2,SA,0.1,Proj,No_Kink,544,905690
result_SELECT_100_random_local_OBC_0_0_4,inner,2,random,0,Double,No_Top,567,154820
result_SELECT_100_random_local_OBC_0_0_4,inner,2,SA,1,Single,Yes_Kink,695,312200
result_SELECT_100_random_local_OBC_0_0_4,inner,2,random,0,Proj,No_MSF,507,19048
result_SELECT_100_random_local_OBC_0_0_4,inner,2,random,0,Proj,No_Top,507,36072
result_SELECT_100_random_local_OBC_0_0_4,inner,2,SA,0.1,Proj,Yes_Kink,553,909958
result_SELECT_100_random_local_OBC_0_0_4,inner,2,random,0,Double,No_Kink,645,430156
result_SELECT_100_random_local_OBC_0_0_4,inner,2,random,0,Single,No_MSF,644,158370
result_SELECT_100_random_local_OBC_0_0_4,inner,2,random,0,Single,No_Top,644,175026
result_SELECT_100_random_local_OBC_0_0_4,inner,2,random,0,Double,Yes_Kink,661,437279
result_SELECT_100_random_local_OBC_0_0_4,outer,1,SA,0.001,Double,No_MSF,567,138037
result_SELECT_100_random_local_OBC_0_0_4,outer,1,SA,0.001,Double,No_Top,567,154820
result_SELECT_100_random_local_OBC_0_0_4,inner,2,random,0,Single,No_Kink,668,433262
result_SELECT_100_random_local_OBC_0_0_4,inner,2,SA,1,Proj,No_Kink,567,969331
result_SELECT_100_random_local_OBC_0_0_4,inner,2,random,0,Single,Yes_Kink,673,442414
result_SELECT_100_random_local_OBC_0_0_4,inner,2,SA,1,Proj,Yes_Kink,585,978790
result_SELECT_100_random_local_OBC_0_0_4,outer,1,SA,0.001,Proj,No_MSF,507,19048
result_SELECT_100_random_local_OBC_0_0_4,outer,1,SA,0.001,Double,No_Kink,742,386643
result_SELECT_100_random_local_OBC_0_0_4,outer,1,SA,0.001,Proj,No_Top,507,36072
result_SELECT_100_random_local_OBC_0_0_4,outer,1,SA,0.001,Single,No_MSF,644,158370
result_SELECT_100_random_local_OBC_0_0_4,outer,1,SA,0.001,Single,No_Top,644,175026
result_SELECT_100_random_local_OBC_0_0_4,inner,2,random,0,Proj,No_Kink,562,868663
result_SELECT_100_random_local_OBC_0_0_4,outer,1,SA,0.001,Double,Yes_Kink,754,394794
result_SELECT_100_random_local_OBC_0_0_4,outer,1,SA,0.01,Double,No_MSF,567,138037
result_SELECT_100_random_local_OBC_0_0_4,outer,1,SA,0.01,Double,No_Top,567,154820
result_SELECT_100_random_local_OBC_0_0_4,outer,1,SA,0.01,Proj,No_MSF,507,19048
result_SELECT_100_random_local_OBC_0_0_4,outer,1,SA,0.001,Single,No_Kink,867,404234
result_SELECT_100_random_local_OBC_0_0_4,inner,2,random,0,Proj,Yes_Kink,578,861552
result_SELECT_100_random_local_OBC_0_0_4,outer,1,SA,0.01,Proj,No_Top,507,36072
result_SELECT_100_random_local_OBC_0_0_4,outer,1,SA,0.01,Double,No_Kink,751,390940
result_SELECT_100_random_local_OBC_0_0_4,outer,1,SA,0.01,Single,No_Top,644,175026
result_SELECT_100_random_local_OBC_0_0_4,outer,1,SA,0.01,Single,No_MSF,644,158370
result_SELECT_100_random_local_OBC_0_0_4,outer,1,SA,0.01,Double,Yes_Kink,762,398114
result_SELECT_100_random_local_OBC_0_0_4,outer,1,SA,0.1,Double,No_MSF,567,138037
result_SELECT_100_random_local_OBC_0_0_4,outer,1,SA,0.1,Double,No_Top,567,154820
result_SELECT_100_random_local_OBC_0_0_4,outer,1,SA,0.01,Single,No_Kink,873,406766
result_SELECT_100_random_local_OBC_0_0_4,outer,1,SA,0.1,Proj,No_MSF,507,19048
result_SELECT_100_random_local_OBC_0_0_4,outer,1,SA,0.1,Proj,No_Top,507,36072
result_SELECT_100_random_local_OBC_0_0_4,outer,1,SA,0.1,Double,No_Kink,746,380873
result_SELECT_100_random_local_OBC_0_0_4,outer,1,SA,0.001,Proj,No_Kink,679,983320
result_SELECT_100_random_local_OBC_0_0_4,outer,1,SA,0.1,Double,Yes_Kink,767,388121
result_SELECT_100_random_local_OBC_0_0_4,outer,1,SA,0.1,Single,No_MSF,644,158370
result_SELECT_100_random_local_OBC_0_0_4,outer,1,SA,0.1,Single,No_Top,644,175026
result_SELECT_100_random_local_OBC_0_0_4,outer,1,SA,0.001,Proj,Yes_Kink,699,995316
result_SELECT_100_random_local_OBC_0_0_4,outer,1,SA,1,Double,No_MSF,567,138037
result_SELECT_100_random_local_OBC_0_0_4,outer,1,SA,1,Double,No_Top,567,154820
result_SELECT_100_random_local_OBC_0_0_4,outer,1,SA,0.1,Single,No_Kink,850,393666
result_SELECT_100_random_local_OBC_0_0_4,outer,1,SA,0.01,Proj,No_Kink,672,970981
result_SELECT_100_random_local_OBC_0_0_4,outer,1,SA,1,Double,No_Kink,718,378684
result_SELECT_100_random_local_OBC_0_0_4,outer,1,SA,1,Proj,No_MSF,507,19048
result_SELECT_100_random_local_OBC_0_0_4,outer,1,SA,1,Proj,No_Top,507,36072
result_SELECT_100_random_local_OBC_0_0_4,outer,1,SA,1,Single,No_MSF,644,158370
result_SELECT_100_random_local_OBC_0_0_4,outer,1,SA,0.01,Proj,Yes_Kink,695,985887
result_SELECT_100_random_local_OBC_0_0_4,outer,1,SA,1,Double,Yes_Kink,736,385099
result_SELECT_100_random_local_OBC_0_0_4,outer,1,SA,1,Single,No_Top,644,175026
result_SELECT_100_random_local_OBC_0_0_4,outer,1,random,0,Double,No_MSF,567,138037
result_SELECT_100_random_local_OBC_0_0_4,outer,1,random,0,Double,No_Top,567,154820
result_SELECT_100_random_local_OBC_0_0_4,outer,1,SA,1,Single,No_Kink,861,391375
result_SELECT_100_random_local_OBC_0_0_4,outer,1,SA,0.1,Proj,No_Kink,647,940147
result_SELECT_100_random_local_OBC_0_0_4,outer,1,random,0,Proj,No_MSF,507,19048
result_SELECT_100_random_local_OBC_0_0_4,outer,1,random,0,Proj,No_Top,507,36072
result_SELECT_100_random_local_OBC_0_0_4,outer,1,SA,0.1,Proj,Yes_Kink,667,948261
result_SELECT_100_random_local_OBC_0_0_4,outer,1,random,0,Single,No_MSF,644,158370
result_SELECT_100_random_local_OBC_0_0_4,outer,1,random,0,Single,No_Top,644,175026
result_SELECT_100_random_local_OBC_0_0_4,outer,1,random,0,Double,No_Kink,732,577357
result_SELECT_100_random_local_OBC_0_0_4,outer,2,SA,0.001,Double,No_MSF,567,138037
result_SELECT_100_random_local_OBC_0_0_4,outer,1,SA,1,Proj,No_Kink,692,1000368
result_SELECT_100_random_local_OBC_0_0_4,outer,1,random,0,Double,Yes_Kink,747,587557
result_SELECT_100_random_local_OBC_0_0_4,outer,2,SA,0.001,Double,No_Kink,679,317961
result_SELECT_100_random_local_OBC_0_0_4,outer,2,SA,0.001,Double,No_Top,567,154820
result_SELECT_100_random_local_OBC_0_0_4,outer,2,SA,0.001,Proj,No_MSF,507,19048
result_SELECT_100_random_local_OBC_0_0_4,outer,1,random,0,Single,No_Kink,982,672472
result_SELECT_100_random_local_OBC_0_0_4,outer,1,SA,1,Proj,Yes_Kink,719,1020006
result_SELECT_100_random_local_OBC_0_0_4,outer,2,SA,0.001,Proj,No_Top,507,36072
result_SELECT_100_random_local_OBC_0_0_4,outer,2,SA,0.001,Single,No_MSF,644,158370
result_SELECT_100_random_local_OBC_0_0_4,outer,2,SA,0.001,Single,No_Top,644,175026
result_SELECT_100_random_local_OBC_0_0_4,outer,2,SA,0.001,Double,Yes_Kink,700,323362
result_SELECT_100_random_local_OBC_0_0_4,outer,2,SA,0.01,Double,No_MSF,567,138037
result_SELECT_100_random_local_OBC_0_0_4,outer,2,SA,0.001,Single,No_Kink,682,312044
result_SELECT_100_random_local_OBC_0_0_4,outer,1,random,0,Proj,No_Kink,577,830014
result_SELECT_100_random_local_OBC_0_0_4,outer,2,SA,0.01,Double,No_Top,567,154820
result_SELECT_100_random_local_OBC_0_0_4,outer,1,random,0,Proj,Yes_Kink,587,828111
result_SELECT_100_random_local_OBC_0_0_4,outer,2,SA,0.001,Single,Yes_Kink,700,334465
result_SELECT_100_random_local_OBC_0_0_4,outer,2,SA,0.01,Proj,No_MSF,507,19048
result_SELECT_100_random_local_OBC_0_0_4,outer,2,SA,0.01,Double,No_Kink,625,310997
result_SELECT_100_random_local_OBC_0_0_4,outer,2,SA,0.01,Proj,No_Top,507,36072
result_SELECT_100_random_local_OBC_0_0_4,outer,2,SA,0.01,Double,Yes_Kink,646,317636
result_SELECT_100_random_local_OBC_0_0_4,outer,2,SA,0.01,Single,No_MSF,644,158370
result_SELECT_100_random_local_OBC_0_0_4,outer,2,SA,0.01,Single,No_Top,644,175026
result_SELECT_100_random_local_OBC_0_0_4,outer,2,SA,0.1,Double,No_MSF,567,138037
result_SELECT_100_random_local_OBC_0_0_4,outer,2,SA,0.01,Single,No_Kink,673,315278
result_SELECT_100_random_local_OBC_0_0_4,outer,2,SA,0.1,Double,No_Top,567,154820
result_SELECT_100_random_local_OBC_0_0_4,outer,2,SA,0.1,Double,No_Kink,612,299205
result_SELECT_100_random_local_OBC_0_0_4,outer,2,SA,0.01,Single,Yes_Kink,688,335489
result_SELECT_100_random_local_OBC_0_0_4,outer,2,SA,0.1,Proj,No_MSF,507,19048
result_SELECT_100_random_local_OBC_0_0_4,outer,2,SA,0.1,Proj,No_Top,507,36072
result_SELECT_100_random_local_OBC_0_0_4,outer,2,SA,0.001,Proj,No_Kink,565,994054
result_SELECT_100_random_local_OBC_0_0_4,outer,2,SA,0.1,Double,Yes_Kink,633,305107
result_SELECT_100_random_local_OBC_0_0_4,outer,2,SA,0.1,Single,No_MSF,644,158370
result_SELECT_100_random_local_OBC_0_0_4,outer,2,SA,0.001,Proj,Yes_Kink,580,1000831
result_SELECT_100_random_local_OBC_0_0_4,outer,2,SA,0.1,Single,No_Top,644,175026
result_SELECT_100_random_local_OBC_0_0_4,outer,2,SA,0.1,Single,No_Kink,678,304627
result_SELECT_100_random_local_OBC_0_0_4,outer,2,SA,1,Double,No_MSF,567,138037
result_SELECT_100_random_local_OBC_0_0_4,outer,2,SA,1,Double,No_Top,567,154820
result_SELECT_100_random_local_OBC_0_0_4,outer,2,SA,0.1,Single,Yes_Kink,704,327289
result_SELECT_100_random_local_OBC_0_0_4,outer,2,SA,0.01,Proj,No_Kink,543,956614
result_SELECT_100_random_local_OBC_0_0_4,outer,2,SA,1,Double,No_Kink,611,290356
result_SELECT_100_random_local_OBC_0_0_4,outer,2,SA,1,Proj,No_MSF,507,19048
result_SELECT_100_random_local_OBC_0_0_4,outer,2,SA,1,Proj,No_Top,507,36072
result_SELECT_100_random_local_OBC_0_0_4,outer,2,SA,1,Double,Yes_Kink,632,296871
result_SELECT_100_random_local_OBC_0_0_4,outer,2,SA,1,Single,No_MSF,644,158370
result_SELECT_100_random_local_OBC_0_0_4,outer,2,SA,0.01,Proj,Yes_Kink,554,962283
result_SELECT_100_random_local_OBC_0_0_4,outer,2,SA,1,Single,No_Top,644,175026
result_SELECT_100_random_local_OBC_0_0_4,outer,2,SA,1,Single,No_Kink,684,296631
result_SELECT_100_random_local_OBC_0_0_4,outer,2,random,0,Double,No_MSF,567,138037
result_SELECT_100_random_local_OBC_0_0_4,outer,2,random,0,Double,No_Top,567,154820
result_SELECT_100_random_local_OBC_0_0_4,outer,2,SA,1,Single,Yes_Kink,701,318879
result_SELECT_100_random_local_OBC_0_0_4,outer,2,random,0,Proj,No_MSF,507,19048
result_SELECT_100_random_local_OBC_0_0_4,outer,2,SA,0.1,Proj,No_Kink,545,958783
result_SELECT_100_random_local_OBC_0_0_4,outer,2,SA,0.1,Proj,Yes_Kink,554,956275
result_SELECT_100_random_local_OBC_0_0_4,outer,2,random,0,Proj,No_Top,507,36072
result_SELECT_100_random_local_OBC_0_0_4,outer,2,random,0,Double,No_Kink,632,429344
result_SELECT_100_random_local_OBC_0_0_4,outer,2,random,0,Single,No_Top,644,175026
result_SELECT_100_random_local_OBC_0_0_4,outer,2,random,0,Single,No_MSF,644,158370
result_SELECT_100_random_local_OBC_0_0_4,outer,2,random,0,Double,Yes_Kink,643,435371
result_SELECT_100_random_local_OBC_0_0_5,inner,1,SA,0.001,Double,No_MSF,311,111243
result_SELECT_100_random_local_OBC_0_0_5,inner,1,SA,0.001,Double,No_Top,312,128937
result_SELECT_100_random_local_OBC_0_0_4,outer,2,SA,1,Proj,No_Kink,567,966290
result_SELECT_100_random_local_OBC_0_0_4,outer,2,random,0,Single,No_Kink,666,440456
result_SELECT_100_random_local_OBC_0_0_4,outer,2,SA,1,Proj,Yes_Kink,584,976668
result_SELECT_100_random_local_OBC_0_0_5,inner,1,SA,0.001,Proj,No_MSF,256,20008
result_SELECT_100_random_local_OBC_0_0_5,inner,1,SA,0.001,Proj,No_Top,256,37800
result_SELECT_100_random_local_OBC_0_0_5,inner,1,SA,0.001,Double,No_Kink,546,445383
result_SELECT_100_random_local_OBC_0_0_4,outer,2,random,0,Single,Yes_Kink,665,449535
result_SELECT_100_random_local_OBC_0_0_5,inner,1,SA,0.001,Single,No_MSF,380,136761
result_SELECT_100_random_local_OBC_0_0_5,inner,1,SA,0.001,Single,No_Top,380,153765
result_SELECT_100_random_local_OBC_0_0_5,inner,1,SA,0.001,Double,Yes_Kink,556,454718
result_SELECT_100_random_local_OBC_0_0_5,inner,1,SA,0.01,Double,No_MSF,311,111243
result_SELECT_100_random_local_OBC_0_0_5,inner,1,SA,0.01,Double,No_Top,312,128937
result_SELECT_100_random_local_OBC_0_0_4,outer,2,random,0,Proj,No_Kink,530,935718
result_SELECT_100_random_local_OBC_0_0_5,inner,1,SA,0.001,Single,No_Kink,613,447258
result_SELECT_100_random_local_OBC_0_0_5,inner,1,SA,0.01,Proj,No_MSF,256,20008
result_SELECT_100_random_local_OBC_0_0_5,inner,1,SA,0.01,Proj,No_Top,256,37800
result_SELECT_100_random_local_OBC_0_0_4,outer,2,random,0,Proj,Yes_Kink,533,922412
result_SELECT_100_random_local_OBC_0_0_5,inner,1,SA,0.01,Double,No_Kink,538,452299
result_SELECT_100_random_local_OBC_0_0_5,inner,1,SA,0.01,Single,No_MSF,380,136761
result_SELECT_100_random_local_OBC_0_0_5,inner,1,SA,0.01,Single,No_Top,380,153765
result_SELECT_100_random_local_OBC_0_0_5,inner,1,SA,0.1,Double,No_MSF,311,111243
result_SELECT_100_random_local_OBC_0_0_5,inner,1,SA,0.01,Double,Yes_Kink,549,464161
result_SELECT_100_random_local_OBC_0_0_5,inner,1,SA,0.01,Single,No_Kink,638,468723
result_SELECT_100_random_local_OBC_0_0_5,inner,1,SA,0.1,Double,No_Top,312,128937
result_SELECT_100_random_local_OBC_0_0_5,inner,1,SA,0.1,Proj,No_MSF,256,20008
result_SELECT_100_random_local_OBC_0_0_5,inner,1,SA,0.1,Double,No_Kink,530,445871
result_SELECT_100_random_local_OBC_0_0_5,inner,1,SA,0.1,Proj,No_Top,256,37800
result_SELECT_100_random_local_OBC_0_0_5,inner,1,SA,0.001,Proj,No_Kink,485,1130737
result_SELECT_100_random_local_OBC_0_0_5,inner,1,SA,0.1,Double,Yes_Kink,547,460425
result_SELECT_100_random_local_OBC_0_0_5,inner,1,SA,0.001,Proj,Yes_Kink,504,1157530
result_SELECT_100_random_local_OBC_0_0_5,inner,1,SA,0.1,Single,No_MSF,380,136761
result_SELECT_100_random_local_OBC_0_0_5,inner,1,SA,0.1,Single,No_Top,380,153765
result_SELECT_100_random_local_OBC_0_0_5,inner,1,SA,1,Double,No_Top,312,128937
result_SELECT_100_random_local_OBC_0_0_5,inner,1,SA,1,Double,No_MSF,311,111243
result_SELECT_100_random_local_OBC_0_0_5,inner,1,SA,0.1,Single,No_Kink,637,458275
result_SELECT_100_random_local_OBC_0_0_5,inner,1,SA,1,Proj,No_MSF,256,20008
result_SELECT_100_random_local_OBC_0_0_5,inner,1,SA,1,Double,No_Kink,564,449548
result_SELECT_100_random_local_OBC_0_0_5,inner,1,SA,0.01,Proj,No_Kink,523,1224172
result_SELECT_100_random_local_OBC_0_0_5,inner,1,SA,0.01,Proj,Yes_Kink,541,1236193
result_SELECT_100_random_local_OBC_0_0_5,inner,1,SA,1,Proj,No_Top,256,37800
result_SELECT_100_random_local_OBC_0_0_5,inner,1,SA,1,Double,Yes_Kink,582,463400
result_SELECT_100_random_local_OBC_0_0_5,inner,1,SA,1,Single,No_MSF,380,136761
result_SELECT_100_random_local_OBC_0_0_5,inner,1,SA,1,Single,No_Top,380,153765
result_SELECT_100_random_local_OBC_0_0_5,inner,1,random,0,Double,No_MSF,311,111243
result_SELECT_100_random_local_OBC_0_0_5,inner,1,random,0,Double,No_Top,312,128937
result_SELECT_100_random_local_OBC_0_0_5,inner,1,SA,1,Single,No_Kink,633,449491
result_SELECT_100_random_local_OBC_0_0_5,inner,1,SA,0.1,Proj,No_Kink,528,1217092
result_SELECT_100_random_local_OBC_0_0_5,inner,1,random,0,Proj,No_MSF,256,20008
result_SELECT_100_random_local_OBC_0_0_5,inner,1,random,0,Proj,No_Top,256,37800
result_SELECT_100_random_local_OBC_0_0_5,inner,1,SA,0.1,Proj,Yes_Kink,545,1239800
result_SELECT_100_random_local_OBC_0_0_5,inner,1,random,0,Single,No_MSF,380,136761
result_SELECT_100_random_local_OBC_0_0_5,inner,1,random,0,Single,No_Top,380,153765
result_SELECT_100_random_local_OBC_0_0_5,inner,1,random,0,Double,No_Kink,509,711200
result_SELECT_100_random_local_OBC_0_0_5,inner,2,SA,0.001,Double,No_MSF,311,111243
result_SELECT_100_random_local_OBC_0_0_5,inner,2,SA,0.001,Double,No_Top,312,128937
result_SELECT_100_random_local_OBC_0_0_5,inner,1,SA,1,Proj,No_Kink,551,1273471
result_SELECT_100_random_local_OBC_0_0_5,inner,1,random,0,Double,Yes_Kink,519,720664
result_SELECT_100_random_local_OBC_0_0_5,inner,2,SA,0.001,Proj,No_MSF,256,20008
result_SELECT_100_random_local_OBC_0_0_5,inner,2,SA,0.001,Double,No_Kink,397,332801
result_SELECT_100_random_local_OBC_0_0_5,inner,1,random,0,Single,No_Kink,813,872304
result_SELECT_100_random_local_OBC_0_0_5,inner,2,SA,0.001,Proj,No_Top,256,37800
result_SELECT_100_random_local_OBC_0_0_5,inner,1,random,0,Proj,No_Kink,387,904297
result_SELECT_100_random_local_OBC_0_0_5,inner,2,SA,0.001,Single,No_MSF,380,136761
result_SELECT_100_random_local_OBC_0_0_5,inner,1,SA,1,Proj,Yes_Kink,571,1293686
result_SELECT_100_random_local_OBC_0_0_5,inner,2,SA,0.001,Double,Yes_Kink,414,338039
result_SELECT_100_random_local_OBC_0_0_5,inner,2,SA,0.001,Single,No_Top,380,153765
result_SELECT_100_random_local_OBC_0_0_5,inner,1,random,0,Proj,Yes_Kink,397,910744
result_SELECT_100_random_local_OBC_0_0_5,inner,2,SA,0.01,Double,No_MSF,311,111243
result_SELECT_100_random_local_OBC_0_0_5,inner,2,SA,0.01,Double,No_Top,312,128937
result_SELECT_100_random_local_OBC_0_0_5,inner,2,SA,0.01,Proj,No_MSF,256,20008
result_SELECT_100_random_local_OBC_0_0_5,inner,2,SA,0.001,Single,No_Kink,428,328500
result_SELECT_100_random_local_OBC_0_0_5,inner,2,SA,0.01,Proj,No_Top,256,37800
result_SELECT_100_random_local_OBC_0_0_5,inner,2,SA,0.01,Double,No_Kink,490,342513
result_SELECT_100_random_local_OBC_0_0_5,inner,2,SA,0.001,Single,Yes_Kink,449,353907
result_SELECT_100_random_local_OBC_0_0_5,inner,2,SA,0.01,Double,Yes_Kink,507,352218
result_SELECT_100_random_local_OBC_0_0_5,inner,2,SA,0.01,Single,No_MSF,380,136761
result_SELECT_100_random_local_OBC_0_0_5,inner,2,SA,0.01,Single,No_Top,380,153765
result_SELECT_100_random_local_OBC_0_0_5,inner,2,SA,0.1,Double,No_MSF,311,111243
result_SELECT_100_random_local_OBC_0_0_5,inner,2,SA,0.01,Single,No_Kink,427,326667
result_SELECT_100_random_local_OBC_0_0_5,inner,2,SA,0.1,Double,No_Top,312,128937
result_SELECT_100_random_local_OBC_0_0_5,inner,2,SA,0.1,Double,No_Kink,445,322223
result_SELECT_100_random_local_OBC_0_0_5,inner,2,SA,0.01,Single,Yes_Kink,445,350971
result_SELECT_100_random_local_OBC_0_0_5,inner,2,SA,0.001,Proj,No_Kink,374,970277
result_SELECT_100_random_local_OBC_0_0_5,inner,2,SA,0.1,Proj,No_MSF,256,20008
result_SELECT_100_random_local_OBC_0_0_5,inner,2,SA,0.1,Proj,No_Top,256,37800
result_SELECT_100_random_local_OBC_0_0_5,inner,2,SA,0.001,Proj,Yes_Kink,387,988293
result_SELECT_100_random_local_OBC_0_0_5,inner,2,SA,0.1,Single,No_MSF,380,136761
result_SELECT_100_random_local_OBC_0_0_5,inner,2,SA,0.1,Double,Yes_Kink,456,327127
result_SELECT_100_random_local_OBC_0_0_5,inner,2,SA,0.1,Single,No_Top,380,153765
result_SELECT_100_random_local_OBC_0_0_5,inner,2,SA,1,Double,No_MSF,311,111243
result_SELECT_100_random_local_OBC_0_0_5,inner,2,SA,0.1,Single,No_Kink,426,313522
result_SELECT_100_random_local_OBC_0_0_5,inner,2,SA,1,Double,No_Top,312,128937
result_SELECT_100_random_local_OBC_0_0_5,inner,2,SA,0.1,Single,Yes_Kink,438,334807
result_SELECT_100_random_local_OBC_0_0_5,inner,2,SA,0.01,Proj,No_Kink,360,952576
result_SELECT_100_random_local_OBC_0_0_5,inner,2,SA,1,Double,No_Kink,425,306891
result_SELECT_100_random_local_OBC_0_0_5,inner,2,SA,1,Proj,No_MSF,256,20008
result_SELECT_100_random_local_OBC_0_0_5,inner,2,SA,1,Proj,No_Top,256,37800
result_SELECT_100_random_local_OBC_0_0_5,inner,2,SA,0.01,Proj,Yes_Kink,373,970778
result_SELECT_100_random_local_OBC_0_0_5,inner,2,SA,1,Single,No_Top,380,153765
result_SELECT_100_random_local_OBC_0_0_5,inner,2,SA,1,Single,No_MSF,380,136761
result_SELECT_100_random_local_OBC_0_0_5,inner,2,SA,1,Double,Yes_Kink,436,311481
result_SELECT_100_random_local_OBC_0_0_5,inner,2,random,0,Double,No_MSF,311,111243
result_SELECT_100_random_local_OBC_0_0_5,inner,2,SA,1,Single,No_Kink,417,301242
result_SELECT_100_random_local_OBC_0_0_5,inner,2,random,0,Double,No_Top,312,128937
result_SELECT_100_random_local_OBC_0_0_5,inner,2,SA,1,Single,Yes_Kink,432,322845
result_SELECT_100_random_local_OBC_0_0_5,inner,2,random,0,Proj,No_MSF,256,20008
result_SELECT_100_random_local_OBC_0_0_5,inner,2,SA,0.1,Proj,No_Kink,352,915490
result_SELECT_100_random_local_OBC_0_0_5,inner,2,SA,0.1,Proj,Yes_Kink,363,939582
result_SELECT_100_random_local_OBC_0_0_5,inner,2,random,0,Proj,No_Top,256,37800
result_SELECT_100_random_local_OBC_0_0_5,inner,2,random,0,Double,No_Kink,396,495181
result_SELECT_100_random_local_OBC_0_0_5,inner,2,random,0,Single,No_MSF,380,136761
result_SELECT_100_random_local_OBC_0_0_5,inner,2,random,0,Single,No_Top,380,153765
result_SELECT_100_random_local_OBC_0_0_5,inner,2,random,0,Double,Yes_Kink,402,495565
result_SELECT_100_random_local_OBC_0_0_5,outer,1,SA,0.001,Double,No_MSF,311,111243
result_SELECT_100_random_local_OBC_0_0_5,outer,1,SA,0.001,Double,No_Top,312,128937
result_SELECT_100_random_local_OBC_0_0_5,inner,2,SA,1,Proj,No_Kink,333,882584
result_SELECT_100_random_local_OBC_0_0_5,inner,2,SA,1,Proj,Yes_Kink,348,904599
result_SELECT_100_random_local_OBC_0_0_5,outer,1,SA,0.001,Proj,No_MSF,256,20008
result_SELECT_100_random_local_OBC_0_0_5,inner,2,random,0,Single,No_Kink,408,504998
result_SELECT_100_random_local_OBC_0_0_5,outer,1,SA,0.001,Proj,No_Top,256,37800
result_SELECT_100_random_local_OBC_0_0_5,inner,2,random,0,Proj,No_Kink,294,780702
result_SELECT_100_random_local_OBC_0_0_5,outer,1,SA,0.001,Double,No_Kink,590,470895
result_SELECT_100_random_local_OBC_0_0_5,inner,2,random,0,Single,Yes_Kink,412,517119
result_SELECT_100_random_local_OBC_0_0_5,outer,1,SA,0.001,Single,No_MSF,380,136761
result_SELECT_100_random_local_OBC_0_0_5,outer,1,SA,0.001,Single,No_Top,380,153765
result_SELECT_100_random_local_OBC_0_0_5,outer,1,SA,0.01,Double,No_MSF,311,111243
result_SELECT_100_random_local_OBC_0_0_5,outer,1,SA,0.001,Double,Yes_Kink,598,481057
result_SELECT_100_random_local_OBC_0_0_5,outer,1,SA,0.01,Double,No_Top,312,128937
result_SELECT_100_random_local_OBC_0_0_5,inner,2,random,0,Proj,Yes_Kink,302,781236
result_SELECT_100_random_local_OBC_0_0_5,outer,1,SA,0.01,Proj,No_MSF,256,20008
result_SELECT_100_random_local_OBC_0_0_5,outer,1,SA,0.01,Proj,No_Top,256,37800
result_SELECT_100_random_local_OBC_0_0_5,outer,1,SA,0.001,Single,No_Kink,689,479707
result_SELECT_100_random_local_OBC_0_0_5,outer,1,SA,0.01,Single,No_MSF,380,136761
result_SELECT_100_random_local_OBC_0_0_5,outer,1,SA,0.01,Double,No_Kink,556,461418
result_SELECT_100_random_local_OBC_0_0_5,outer,1,SA,0.01,Single,No_Top,380,153765
result_SELECT_100_random_local_OBC_0_0_5,outer,1,SA,0.01,Double,Yes_Kink,566,472949
result_SELECT_100_random_local_OBC_0_0_5,outer,1,SA,0.1,Double,No_MSF,311,111243
result_SELECT_100_random_local_OBC_0_0_5,outer,1,SA,0.1,Double,No_Top,312,128937
result_SELECT_100_random_local_OBC_0_0_5,outer,1,SA,0.01,Single,No_Kink,665,473247
result_SELECT_100_random_local_OBC_0_0_5,outer,1,SA,0.1,Proj,No_MSF,256,20008
result_SELECT_100_random_local_OBC_0_0_5,outer,1,SA,0.1,Proj,No_Top,256,37800
result_SELECT_100_random_local_OBC_0_0_5,outer,1,SA,0.1,Double,No_Kink,550,460782
result_SELECT_100_random_local_OBC_0_0_5,outer,1,SA,0.1,Double,Yes_Kink,556,468530
result_SELECT_100_random_local_OBC_0_0_5,outer,1,SA,0.001,Proj,No_Kink,516,1217587
result_SELECT_100_random_local_OBC_0_0_5,outer,1,SA,0.1,Single,No_MSF,380,136761
result_SELECT_100_random_local_OBC_0_0_5,outer,1,SA,0.1,Single,No_Top,380,153765
result_SELECT_100_random_local_OBC_0_0_5,outer,1,SA,0.001,Proj,Yes_Kink,534,1239522
result_SELECT_100_random_local_OBC_0_0_5,outer,1,SA,1,Double,No_MSF,311,111243
result_SELECT_100_random_local_OBC_0_0_5,outer,1,SA,1,Double,No_Top,312,128937
result_SELECT_100_random_local_OBC_0_0_5,outer,1,SA,0.1,Single,No_Kink,650,464871
result_SELECT_100_random_local_OBC_0_0_5,outer,1,SA,0.01,Proj,No_Kink,505,1187541
result_SELECT_100_random_local_OBC_0_0_5,outer,1,SA,1,Proj,No_MSF,256,20008
result_SELECT_100_random_local_OBC_0_0_5,outer,1,SA,1,Proj,No_Top,256,37800
result_SELECT_100_random_local_OBC_0_0_5,outer,1,SA,0.01,Proj,Yes_Kink,518,1196255
result_SELECT_100_random_local_OBC_0_0_5,outer,1,SA,1,Double,No_Kink,624,473710
result_SELECT_100_random_local_OBC_0_0_5,outer,1,SA,1,Single,No_MSF,380,136761
result_SELECT_100_random_local_OBC_0_0_5,outer,1,SA,1,Double,Yes_Kink,631,483445
result_SELECT_100_random_local_OBC_0_0_5,outer,1,SA,1,Single,No_Top,380,153765
result_SELECT_100_random_local_OBC_0_0_5,outer,1,random,0,Double,No_MSF,311,111243
result_SELECT_100_random_local_OBC_0_0_5,outer,1,random,0,Double,No_Top,312,128937
result_SELECT_100_random_local_OBC_0_0_5,outer,1,SA,1,Single,No_Kink,701,478675
result_SELECT_100_random_local_OBC_0_0_5,outer,1,random,0,Proj,No_MSF,256,20008
result_SELECT_100_random_local_OBC_0_0_5,outer,1,SA,0.1,Proj,No_Kink,474,1111258
result_SELECT_100_random_local_OBC_0_0_5,outer,1,random,0,Proj,No_Top,256,37800
result_SELECT_100_random_local_OBC_0_0_5,outer,1,SA,0.1,Proj,Yes_Kink,489,1134383
result_SELECT_100_random_local_OBC_0_0_5,outer,1,random,0,Single,No_MSF,380,136761
result_SELECT_100_random_local_OBC_0_0_5,outer,1,random,0,Single,No_Top,380,153765
result_SELECT_100_random_local_OBC_0_0_5,outer,1,random,0,Double,No_Kink,526,758944
result_SELECT_100_random_local_OBC_0_0_5,outer,2,SA,0.001,Double,No_MSF,311,111243
result_SELECT_100_random_local_OBC_0_0_5,outer,2,SA,0.001,Double,No_Kink,461,352509
result_SELECT_100_random_local_OBC_0_0_5,outer,1,random,0,Double,Yes_Kink,527,763863
result_SELECT_100_random_local_OBC_0_0_5,outer,2,SA,0.001,Double,No_Top,312,128937
result_SELECT_100_random_local_OBC_0_0_5,outer,1,SA,1,Proj,No_Kink,570,1343775
result_SELECT_100_random_local_OBC_0_0_5,outer,2,SA,0.001,Proj,No_MSF,256,20008
result_SELECT_100_random_local_OBC_0_0_5,outer,2,SA,0.001,Proj,No_Top,256,37800
result_SELECT_100_random_local_OBC_0_0_5,outer,2,SA,0.001,Double,Yes_Kink,466,356774
result_SELECT_100_random_local_OBC_0_0_5,outer,1,random,0,Proj,No_Kink,393,920756
result_SELECT_100_random_local_OBC_0_0_5,outer,2,SA,0.001,Single,No_MSF,380,136761
result_SELECT_100_random_local_OBC_0_0_5,outer,1,random,0,Proj,Yes_Kink,402,926733
result_SELECT_100_random_local_OBC_0_0_5,outer,1,SA,1,Proj,Yes_Kink,586,1360171
result_SELECT_100_random_local_OBC_0_0_5,outer,2,SA,0.001,Single,No_Top,380,153765
result_SELECT_100_random_local_OBC_0_0_5,outer,1,random,0,Single,No_Kink,811,906485
result_SELECT_100_random_local_OBC_0_0_5,outer,2,SA,0.01,Double,No_MSF,311,111243
result_SELECT_100_random_local_OBC_0_0_5,outer,2,SA,0.01,Double,No_Top,312,128937
result_SELECT_100_random_local_OBC_0_0_5,outer,2,SA,0.001,Single,No_Kink,448,344141
result_SELECT_100_random_local_OBC_0_0_5,outer,2,SA,0.01,Proj,No_MSF,256,20008
result_SELECT_100_random_local_OBC_0_0_5,outer,2,SA,0.01,Proj,No_Top,256,37800
result_SELECT_100_random_local_OBC_0_0_5,outer,2,SA,0.001,Single,Yes_Kink,468,367203
result_SELECT_100_random_local_OBC_0_0_5,outer,2,SA,0.01,Double,No_Kink,407,358220
result_SELECT_100_random_local_OBC_0_0_5,outer,2,SA,0.01,Single,No_MSF,380,136761
result_SELECT_100_random_local_OBC_0_0_5,outer,2,SA,0.01,Double,Yes_Kink,421,366528
result_SELECT_100_random_local_OBC_0_0_5,outer,2,SA,0.01,Single,No_Top,380,153765
result_SELECT_100_random_local_OBC_0_0_5,outer,2,SA,0.1,Double,No_MSF,311,111243
result_SELECT_100_random_local_OBC_0_0_5,outer,2,SA,0.1,Double,No_Top,312,128937
result_SELECT_100_random_local_OBC_0_0_5,outer,2,SA,0.01,Single,No_Kink,439,358521
result_SELECT_100_random_local_OBC_0_0_5,outer,2,SA,0.01,Single,Yes_Kink,460,382247
result_SELECT_100_random_local_OBC_0_0_5,outer,2,SA,0.001,Proj,No_Kink,367,991331
result_SELECT_100_random_local_OBC_0_0_5,outer,2,SA,0.1,Double,No_Kink,445,356244
result_SELECT_100_random_local_OBC_0_0_5,outer,2,SA,0.1,Proj,No_MSF,256,20008
result_SELECT_100_random_local_OBC_0_0_5,outer,2,SA,0.1,Proj,No_Top,256,37800
result_SELECT_100_random_local_OBC_0_0_5,outer,2,SA,0.1,Double,Yes_Kink,455,362211
result_SELECT_100_random_local_OBC_0_0_5,outer,2,SA,0.001,Proj,Yes_Kink,381,1007184
result_SELECT_100_random_local_OBC_0_0_5,outer,2,SA,0.1,Single,No_MSF,380,136761
result_SELECT_100_random_local_OBC_0_0_5,outer,2,SA,0.1,Single,No_Top,380,153765
result_SELECT_100_random_local_OBC_0_0_5,outer,2,SA,1,Double,No_MSF,311,111243
result_SELECT_100_random_local_OBC_0_0_5,outer,2,SA,0.1,Single,No_Kink,443,349786
result_SELECT_100_random_local_OBC_0_0_5,outer,2,SA,0.01,Proj,No_Kink,360,969195
result_SELECT_100_random_local_OBC_0_0_5,outer,2,SA,1,Double,No_Top,312,128937
result_SELECT_100_random_local_OBC_0_0_5,outer,2,SA,1,Proj,No_MSF,256,20008
result_SELECT_100_random_local_OBC_0_0_5,outer,2,SA,0.1,Single,Yes_Kink,462,369322
result_SELECT_100_random_local_OBC_0_0_5,outer,2,SA,1,Double,No_Kink,422,342445
result_SELECT_100_random_local_OBC_0_0_5,outer,2,SA,1,Proj,No_Top,256,37800
result_SELECT_100_random_local_OBC_0_0_5,outer,2,SA,0.01,Proj,Yes_Kink,373,990303
result_SELECT_100_random_local_OBC_0_0_5,outer,2,SA,1,Single,No_MSF,380,136761
result_SELECT_100_random_local_OBC_0_0_5,outer,2,SA,1,Double,Yes_Kink,434,347282
result_SELECT_100_random_local_OBC_0_0_5,outer,2,SA,1,Single,No_Top,380,153765
result_SELECT_100_random_local_OBC_0_0_5,outer,2,SA,1,Single,No_Kink,464,341144
result_SELECT_100_random_local_OBC_0_0_5,outer,2,random,0,Double,No_MSF,311,111243
result_SELECT_100_random_local_OBC_0_0_5,outer,2,random,0,Double,No_Top,312,128937
result_SELECT_100_random_local_OBC_0_0_5,outer,2,SA,0.1,Proj,No_Kink,362,972402
result_SELECT_100_random_local_OBC_0_0_5,outer,2,SA,1,Single,Yes_Kink,491,366912
result_SELECT_100_random_local_OBC_0_0_5,outer,2,random,0,Proj,No_MSF,256,20008
result_SELECT_100_random_local_OBC_0_0_5,outer,2,random,0,Proj,No_Top,256,37800
result_SELECT_100_random_local_OBC_0_0_5,outer,2,SA,0.1,Proj,Yes_Kink,372,987041
result_SELECT_100_random_local_OBC_0_0_5,outer,2,random,0,Single,No_MSF,380,136761
result_SELECT_100_random_local_OBC_0_0_5,outer,2,random,0,Double,No_Kink,421,511374
result_SELECT_100_random_local_OBC_0_0_5,outer,2,random,0,Single,No_Top,380,153765
result_SELECT_100_random_local_OBC_0_0_5,outer,2,random,0,Double,Yes_Kink,425,515590
result_SELECT_100_random_local_OBC_0_0_5,outer,2,SA,1,Proj,No_Kink,422,1109080
result_SELECT_100_random_local_OBC_0_0_6,inner,1,SA,0.001,Double,No_MSF,192,109823
result_SELECT_100_random_local_OBC_0_0_5,outer,2,random,0,Single,No_Kink,412,531645
result_SELECT_100_random_local_OBC_0_0_6,inner,1,SA,0.001,Double,No_Top,193,129160
result_SELECT_100_random_local_OBC_0_0_5,outer,2,SA,1,Proj,Yes_Kink,436,1120647
result_SELECT_100_random_local_OBC_0_0_6,inner,1,SA,0.001,Proj,No_MSF,128,21864
result_SELECT_100_random_local_OBC_0_0_6,inner,1,SA,0.001,Proj,No_Top,128,41192
result_SELECT_100_random_local_OBC_0_0_6,inner,1,SA,0.001,Double,No_Kink,421,574961
result_SELECT_100_random_local_OBC_0_0_5,outer,2,random,0,Single,Yes_Kink,415,543225
result_SELECT_100_random_local_OBC_0_0_5,outer,2,random,0,Proj,No_Kink,309,829969
result_SELECT_100_random_local_OBC_0_0_6,inner,1,SA,0.001,Single,No_MSF,247,142408
result_SELECT_100_random_local_OBC_0_0_5,outer,2,random,0,Proj,Yes_Kink,316,828834
result_SELECT_100_random_local_OBC_0_0_6,inner,1,SA,0.001,Single,No_Top,247,160757
result_SELECT_100_random_local_OBC_0_0_6,inner,1,SA,0.01,Double,No_MSF,192,109823
result_SELECT_100_random_local_OBC_0_0_6,inner,1,SA,0.01,Double,No_Top,193,129160
result_SELECT_100_random_local_OBC_0_0_6,inner,1,SA,0.01,Proj,No_MSF,128,21864
result_SELECT_100_random_local_OBC_0_0_6,inner,1,SA,0.01,Proj,No_Top,128,41192
result_SELECT_100_random_local_OBC_0_0_6,inner,1,SA,0.001,Double,Yes_Kink,427,591164
result_SELECT_100_random_local_OBC_0_0_6,inner,1,SA,0.001,Single,No_Kink,508,598640
result_SELECT_100_random_local_OBC_0_0_6,inner,1,SA,0.01,Single,No_MSF,247,142408
result_SELECT_100_random_local_OBC_0_0_6,inner,1,SA,0.01,Double,No_Kink,428,581039
result_SELECT_100_random_local_OBC_0_0_6,inner,1,SA,0.01,Single,No_Top,247,160757
result_SELECT_100_random_local_OBC_0_0_6,inner,1,SA,0.01,Double,Yes_Kink,434,588142
result_SELECT_100_random_local_OBC_0_0_6,inner,1,SA,0.1,Double,No_MSF,192,109823
result_SELECT_100_random_local_OBC_0_0_6,inner,1,SA,0.1,Double,No_Top,193,129160
result_SELECT_100_random_local_OBC_0_0_6,inner,1,SA,0.01,Single,No_Kink,499,583445
result_SELECT_100_random_local_OBC_0_0_6,inner,1,SA,0.1,Proj,No_MSF,128,21864
result_SELECT_100_random_local_OBC_0_0_6,inner,1,SA,0.1,Proj,No_Top,128,41192
result_SELECT_100_random_local_OBC_0_0_6,inner,1,SA,0.1,Double,No_Kink,437,578203
result_SELECT_100_random_local_OBC_0_0_6,inner,1,SA,0.1,Double,Yes_Kink,442,594103
result_SELECT_100_random_local_OBC_0_0_6,inner,1,SA,0.1,Single,No_MSF,247,142408
result_SELECT_100_random_local_OBC_0_0_6,inner,1,SA,0.1,Single,No_Top,247,160757
result_SELECT_100_random_local_OBC_0_0_6,inner,1,SA,0.001,Proj,No_Kink,394,1605296
result_SELECT_100_random_local_OBC_0_0_6,inner,1,SA,0.1,Single,No_Kink,518,588408
result_SELECT_100_random_local_OBC_0_0_6,inner,1,SA,1,Double,No_MSF,192,109823
result_SELECT_100_random_local_OBC_0_0_6,inner,1,SA,1,Double,No_Top,193,129160
result_SELECT_100_random_local_OBC_0_0_6,inner,1,SA,0.001,Proj,Yes_Kink,407,1628740
result_SELECT_100_random_local_OBC_0_0_6,inner,1,SA,0.01,Proj,No_Kink,387,1572928
result_SELECT_100_random_local_OBC_0_0_6,inner,1,SA,1,Proj,No_MSF,128,21864
result_SELECT_100_random_local_OBC_0_0_6,inner,1,SA,1,Proj,No_Top,128,41192
result_SELECT_100_random_local_OBC_0_0_6,inner,1,SA,1,Double,No_Kink,426,546766
result_SELECT_100_random_local_OBC_0_0_6,inner,1,SA,0.01,Proj,Yes_Kink,398,1598189
result_SELECT_100_random_local_OBC_0_0_6,inner,1,SA,1,Single,No_MSF,247,142408
result_SELECT_100_random_local_OBC_0_0_6,inner,1,SA,1,Double,Yes_Kink,435,572375
result_SELECT_100_random_local_OBC_0_0_6,inner,1,SA,1,Single,No_Top,247,160757
result_SELECT_100_random_local_OBC_0_0_6,inner,1,random,0,Double,No_MSF,192,109823
result_SELECT_100_random_local_OBC_0_0_6,inner,1,random,0,Double,No_Top,193,129160
result_SELECT_100_random_local_OBC_0_0_6,inner,1,SA,1,Single,No_Kink,490,553966
result_SELECT_100_random_local_OBC_0_0_6,inner,1,random,0,Proj,No_MSF,128,21864
result_SELECT_100_random_local_OBC_0_0_6,inner,1,random,0,Proj,No_Top,128,41192
result_SELECT_100_random_local_OBC_0_0_6,inner,1,SA,0.1,Proj,No_Kink,421,1714696
result_SELECT_100_random_local_OBC_0_0_6,inner,1,SA,0.1,Proj,Yes_Kink,434,1743235
result_SELECT_100_random_local_OBC_0_0_6,inner,1,random,0,Single,No_MSF,247,142408
result_SELECT_100_random_local_OBC_0_0_6,inner,1,random,0,Single,No_Top,247,160757
result_SELECT_100_random_local_OBC_0_0_6,inner,1,random,0,Double,No_Kink,425,1069967
result_SELECT_100_random_local_OBC_0_0_6,inner,2,SA,0.001,Double,No_MSF,192,109823
result_SELECT_100_random_local_OBC_0_0_6,inner,1,random,0,Double,Yes_Kink,427,1078052
result_SELECT_100_random_local_OBC_0_0_6,inner,2,SA,0.001,Double,No_Top,193,129160
result_SELECT_100_random_local_OBC_0_0_6,inner,2,SA,0.001,Double,No_Kink,309,441755
result_SELECT_100_random_local_OBC_0_0_6,inner,1,SA,1,Proj,No_Kink,402,1631534
result_SELECT_100_random_local_OBC_0_0_6,inner,2,SA,0.001,Proj,No_MSF,128,21864
result_SELECT_100_random_local_OBC_0_0_6,inner,1,SA,1,Proj,Yes_Kink,418,1669180
result_SELECT_100_random_local_OBC_0_0_6,inner,2,SA,0.001,Proj,No_Top,128,41192
result_SELECT_100_random_local_OBC_0_0_6,inner,1,random,0,Proj,No_Kink,300,1220236
result_SELECT_100_random_local_OBC_0_0_6,inner,2,SA,0.001,Single,No_MSF,247,142408
result_SELECT_100_random_local_OBC_0_0_6,inner,2,SA,0.001,Single,No_Top,247,160757
result_SELECT_100_random_local_OBC_0_0_6,inner,1,random,0,Single,No_Kink,710,1303486
result_SELECT_100_random_local_OBC_0_0_6,inner,2,SA,0.001,Double,Yes_Kink,321,451005
result_SELECT_100_random_local_OBC_0_0_6,inner,2,SA,0.01,Double,No_MSF,192,109823
result_SELECT_100_random_local_OBC_0_0_6,inner,2,SA,0.001,Single,No_Kink,329,432850
result_SELECT_100_random_local_OBC_0_0_6,inner,2,SA,0.01,Double,No_Top,193,129160
result_SELECT_100_random_local_OBC_0_0_6,inner,1,random,0,Proj,Yes_Kink,305,1229791
result_SELECT_100_random_local_OBC_0_0_6,inner,2,SA,0.01,Proj,No_MSF,128,21864
result_SELECT_100_random_local_OBC_0_0_6,inner,2,SA,0.001,Single,Yes_Kink,348,459435
result_SELECT_100_random_local_OBC_0_0_6,inner,2,SA,0.01,Proj,No_Top,128,41192
result_SELECT_100_random_local_OBC_0_0_6,inner,2,SA,0.01,Double,No_Kink,289,420591
result_SELECT_100_random_local_OBC_0_0_6,inner,2,SA,0.01,Single,No_MSF,247,142408
result_SELECT_100_random_local_OBC_0_0_6,inner,2,SA,0.01,Single,No_Top,247,160757
result_SELECT_100_random_local_OBC_0_0_6,inner,2,SA,0.01,Double,Yes_Kink,298,431877
result_SELECT_100_random_local_OBC_0_0_6,inner,2,SA,0.1,Double,No_MSF,192,109823
result_SELECT_100_random_local_OBC_0_0_6,inner,2,SA,0.1,Double,No_Top,193,129160
result_SELECT_100_random_local_OBC_0_0_6,inner,2,SA,0.01,Single,No_Kink,319,424704
result_SELECT_100_random_local_OBC_0_0_6,inner,2,SA,0.01,Single,Yes_Kink,334,446981
result_SELECT_100_random_local_OBC_0_0_6,inner,2,SA,0.1,Double,No_Kink,280,397443
result_SELECT_100_random_local_OBC_0_0_6,inner,2,SA,0.1,Proj,No_MSF,128,21864
result_SELECT_100_random_local_OBC_0_0_6,inner,2,SA,0.1,Double,Yes_Kink,288,404369
result_SELECT_100_random_local_OBC_0_0_6,inner,2,SA,0.001,Proj,No_Kink,291,1248220
result_SELECT_100_random_local_OBC_0_0_6,inner,2,SA,0.1,Proj,No_Top,128,41192
result_SELECT_100_random_local_OBC_0_0_6,inner,2,SA,0.1,Single,No_MSF,247,142408
result_SELECT_100_random_local_OBC_0_0_6,inner,2,SA,0.1,Single,No_Top,247,160757
result_SELECT_100_random_local_OBC_0_0_6,inner,2,SA,0.001,Proj,Yes_Kink,301,1277879
result_SELECT_100_random_local_OBC_0_0_6,inner,2,SA,1,Double,No_MSF,192,109823
result_SELECT_100_random_local_OBC_0_0_6,inner,2,SA,0.1,Single,No_Kink,308,395401
result_SELECT_100_random_local_OBC_0_0_6,inner,2,SA,1,Double,No_Top,193,129160
result_SELECT_100_random_local_OBC_0_0_6,inner,2,SA,0.01,Proj,No_Kink,275,1193086
result_SELECT_100_random_local_OBC_0_0_6,inner,2,SA,1,Double,No_Kink,303,399440
result_SELECT_100_random_local_OBC_0_0_6,inner,2,SA,1,Proj,No_MSF,128,21864
result_SELECT_100_random_local_OBC_0_0_6,inner,2,SA,0.01,Proj,Yes_Kink,283,1214173
result_SELECT_100_random_local_OBC_0_0_6,inner,2,SA,1,Proj,No_Top,128,41192
result_SELECT_100_random_local_OBC_0_0_6,inner,2,SA,0.1,Single,Yes_Kink,323,418619
result_SELECT_100_random_local_OBC_0_0_6,inner,2,SA,1,Single,No_MSF,247,142408
result_SELECT_100_random_local_OBC_0_0_6,inner,2,SA,1,Single,No_Top,247,160757
result_SELECT_100_random_local_OBC_0_0_6,inner,2,SA,1,Double,Yes_Kink,313,404015
result_SELECT_100_random_local_OBC_0_0_6,inner,2,random,0,Double,No_MSF,192,109823
result_SELECT_100_random_local_OBC_0_0_6,inner,2,SA,1,Single,No_Kink,313,395789
result_SELECT_100_random_local_OBC_0_0_6,inner,2,random,0,Double,No_Top,193,129160
result_SELECT_100_random_local_OBC_0_0_6,inner,2,SA,0.1,Proj,No_Kink,262,1135550
result_SELECT_100_random_local_OBC_0_0_6,inner,2,SA,1,Single,Yes_Kink,327,415056
result_SELECT_100_random_local_OBC_0_0_6,inner,2,random,0,Proj,No_MSF,128,21864
result_SELECT_100_random_local_OBC_0_0_6,inner,2,random,0,Proj,No_Top,128,41192
result_SELECT_100_random_local_OBC_0_0_6,inner,2,SA,0.1,Proj,Yes_Kink,270,1154951
result_SELECT_100_random_local_OBC_0_0_6,inner,2,random,0,Single,No_MSF,247,142408
result_SELECT_100_random_local_OBC_0_0_6,inner,2,random,0,Single,No_Top,247,160757
result_SELECT_100_random_local_OBC_0_0_6,inner,2,random,0,Double,No_Kink,284,686729
result_SELECT_100_random_local_OBC_0_0_6,inner,2,SA,1,Proj,No_Kink,269,1156159
result_SELECT_100_random_local_OBC_0_0_6,inner,2,random,0,Double,Yes_Kink,294,692330
result_SELECT_100_random_local_OBC_0_0_6,outer,1,SA,0.001,Double,No_MSF,192,109823
result_SELECT_100_random_local_OBC_0_0_6,inner,2,SA,1,Proj,Yes_Kink,282,1195307
result_SELECT_100_random_local_OBC_0_0_6,outer,1,SA,0.001,Double,No_Top,193,129160
result_SELECT_100_random_local_OBC_0_0_6,outer,1,SA,0.001,Proj,No_MSF,128,21864
result_SELECT_100_random_local_OBC_0_0_6,outer,1,SA,0.001,Proj,No_Top,128,41192
result_SELECT_100_random_local_OBC_0_0_6,inner,2,random,0,Single,No_Kink,322,744363
result_SELECT_100_random_local_OBC_0_0_6,outer,1,SA,0.001,Double,No_Kink,422,586715
result_SELECT_100_random_local_OBC_0_0_6,inner,2,random,0,Proj,No_Kink,216,945799
result_SELECT_100_random_local_OBC_0_0_6,outer,1,SA,0.001,Single,No_MSF,247,142408
result_SELECT_100_random_local_OBC_0_0_6,inner,2,random,0,Single,Yes_Kink,330,757546
result_SELECT_100_random_local_OBC_0_0_6,outer,1,SA,0.001,Single,No_Top,247,160757
result_SELECT_100_random_local_OBC_0_0_6,inner,2,random,0,Proj,Yes_Kink,221,954383
result_SELECT_100_random_local_OBC_0_0_6,outer,1,SA,0.01,Double,No_MSF,192,109823
result_SELECT_100_random_local_OBC_0_0_6,outer,1,SA,0.01,Double,No_Top,193,129160
result_SELECT_100_random_local_OBC_0_0_6,outer,1,SA,0.001,Double,Yes_Kink,435,607178
result_SELECT_100_random_local_OBC_0_0_6,outer,1,SA,0.01,Proj,No_MSF,128,21864
result_SELECT_100_random_local_OBC_0_0_6,outer,1,SA,0.01,Proj,No_Top,128,41192
result_SELECT_100_random_local_OBC_0_0_6,outer,1,SA,0.001,Single,No_Kink,530,614146
result_SELECT_100_random_local_OBC_0_0_6,outer,1,SA,0.01,Single,No_MSF,247,142408
result_SELECT_100_random_local_OBC_0_0_6,outer,1,SA,0.01,Double,No_Kink,433,604101
result_SELECT_100_random_local_OBC_0_0_6,outer,1,SA,0.01,Single,No_Top,247,160757
result_SELECT_100_random_local_OBC_0_0_6,outer,1,SA,0.1,Double,No_MSF,192,109823
result_SELECT_100_random_local_OBC_0_0_6,outer,1,SA,0.01,Double,Yes_Kink,436,618009
result_SELECT_100_random_local_OBC_0_0_6,outer,1,SA,0.1,Double,No_Top,193,129160
result_SELECT_100_random_local_OBC_0_0_6,outer,1,SA,0.01,Single,No_Kink,531,620327
result_SELECT_100_random_local_OBC_0_0_6,outer,1,SA,0.1,Proj,No_MSF,128,21864
result_SELECT_100_random_local_OBC_0_0_6,outer,1,SA,0.1,Proj,No_Top,128,41192
result_SELECT_100_random_local_OBC_0_0_6,outer,1,SA,0.1,Double,No_Kink,457,606862
result_SELECT_100_random_local_OBC_0_0_6,outer,1,SA,0.1,Double,Yes_Kink,466,622726
result_SELECT_100_random_local_OBC_0_0_6,outer,1,SA,0.1,Single,No_MSF,247,142408
result_SELECT_100_random_local_OBC_0_0_6,outer,1,SA,0.001,Proj,No_Kink,373,1527773
result_SELECT_100_random_local_OBC_0_0_6,outer,1,SA,0.1,Single,No_Top,247,160757
result_SELECT_100_random_local_OBC_0_0_6,outer,1,SA,0.001,Proj,Yes_Kink,384,1552670
result_SELECT_100_random_local_OBC_0_0_6,outer,1,SA,1,Double,No_MSF,192,109823
result_SELECT_100_random_local_OBC_0_0_6,outer,1,SA,0.1,Single,No_Kink,541,619859
result_SELECT_100_random_local_OBC_0_0_6,outer,1,SA,1,Double,No_Top,193,129160
result_SELECT_100_random_local_OBC_0_0_6,outer,1,SA,0.01,Proj,No_Kink,375,1542530
result_SELECT_100_random_local_OBC_0_0_6,outer,1,SA,1,Proj,No_MSF,128,21864
result_SELECT_100_random_local_OBC_0_0_6,outer,1,SA,1,Proj,No_Top,128,41192
result_SELECT_100_random_local_OBC_0_0_6,outer,1,SA,1,Double,No_Kink,489,623166
result_SELECT_100_random_local_OBC_0_0_6,outer,1,SA,0.01,Proj,Yes_Kink,385,1568362
result_SELECT_100_random_local_OBC_0_0_6,outer,1,SA,1,Single,No_MSF,247,142408
result_SELECT_100_random_local_OBC_0_0_6,outer,1,SA,1,Single,No_Top,247,160757
result_SELECT_100_random_local_OBC_0_0_6,outer,1,SA,1,Double,Yes_Kink,500,643564
result_SELECT_100_random_local_OBC_0_0_6,outer,1,random,0,Double,No_MSF,192,109823
result_SELECT_100_random_local_OBC_0_0_6,outer,1,random,0,Double,No_Top,193,129160
result_SELECT_100_random_local_OBC_0_0_6,outer,1,SA,1,Single,No_Kink,595,652558
result_SELECT_100_random_local_OBC_0_0_6,outer,1,random,0,Proj,No_MSF,128,21864
result_SELECT_100_random_local_OBC_0_0_6,outer,1,random,0,Proj,No_Top,128,41192
result_SELECT_100_random_local_OBC_0_0_6,outer,1,SA,0.1,Proj,No_Kink,390,1599815
result_SELECT_100_random_local_OBC_0_0_6,outer,1,SA,0.1,Proj,Yes_Kink,401,1615829
result_SELECT_100_random_local_OBC_0_0_6,outer,1,random,0,Single,No_MSF,247,142408
result_SELECT_100_random_local_OBC_0_0_6,outer,1,random,0,Single,No_Top,247,160757
result_SELECT_100_random_local_OBC_0_0_6,outer,1,random,0,Double,No_Kink,445,1127392
result_SELECT_100_random_local_OBC_0_0_6,outer,2,SA,0.001,Double,No_MSF,192,109823
result_SELECT_100_random_local_OBC_0_0_6,outer,1,random,0,Double,Yes_Kink,448,1134414
result_SELECT_100_random_local_OBC_0_0_6,outer,2,SA,0.001,Double,No_Kink,302,443155
result_SELECT_100_random_local_OBC_0_0_6,outer,2,SA,0.001,Double,No_Top,193,129160
result_SELECT_100_random_local_OBC_0_0_6,outer,2,SA,0.001,Proj,No_MSF,128,21864
result_SELECT_100_random_local_OBC_0_0_6,outer,1,SA,1,Proj,No_Kink,453,1846370
result_SELECT_100_random_local_OBC_0_0_6,outer,2,SA,0.001,Proj,No_Top,128,41192
result_SELECT_100_random_local_OBC_0_0_6,outer,1,random,0,Single,No_Kink,741,1375980
result_SELECT_100_random_local_OBC_0_0_6,outer,2,SA,0.001,Double,Yes_Kink,308,455835
result_SELECT_100_random_local_OBC_0_0_6,outer,1,random,0,Proj,Yes_Kink,311,1258066
result_SELECT_100_random_local_OBC_0_0_6,outer,1,random,0,Proj,No_Kink,306,1253782
result_SELECT_100_random_local_OBC_0_0_6,outer,2,SA,0.001,Single,No_MSF,247,142408
result_SELECT_100_random_local_OBC_0_0_6,outer,1,SA,1,Proj,Yes_Kink,465,1867955
result_SELECT_100_random_local_OBC_0_0_6,outer,2,SA,0.001,Single,No_Top,247,160757
result_SELECT_100_random_local_OBC_0_0_6,outer,2,SA,0.01,Double,No_MSF,192,109823
result_SELECT_100_random_local_OBC_0_0_6,outer,2,SA,0.01,Double,No_Top,193,129160
result_SELECT_100_random_local_OBC_0_0_6,outer,2,SA,0.001,Single,No_Kink,331,441966
result_SELECT_100_random_local_OBC_0_0_6,outer,2,SA,0.01,Proj,No_MSF,128,21864
result_SELECT_100_random_local_OBC_0_0_6,outer,2,SA,0.01,Proj,No_Top,128,41192
result_SELECT_100_random_local_OBC_0_0_6,outer,2,SA,0.001,Single,Yes_Kink,349,468522
result_SELECT_100_random_local_OBC_0_0_6,outer,2,SA,0.01,Double,No_Kink,302,440729
result_SELECT_100_random_local_OBC_0_0_6,outer,2,SA,0.01,Single,No_MSF,247,142408
result_SELECT_100_random_local_OBC_0_0_6,outer,2,SA,0.01,Single,No_Top,247,160757
result_SELECT_100_random_local_OBC_0_0_6,outer,2,SA,0.01,Double,Yes_Kink,309,447641
result_SELECT_100_random_local_OBC_0_0_6,outer,2,SA,0.1,Double,No_MSF,192,109823
result_SELECT_100_random_local_OBC_0_0_6,outer,2,SA,0.1,Double,No_Top,193,129160
result_SELECT_100_random_local_OBC_0_0_6,outer,2,SA,0.01,Single,No_Kink,329,437633
result_SELECT_100_random_local_OBC_0_0_6,outer,2,SA,0.001,Proj,No_Kink,267,1180517
result_SELECT_100_random_local_OBC_0_0_6,outer,2,SA,0.1,Double,No_Kink,304,434629
result_SELECT_100_random_local_OBC_0_0_6,outer,2,SA,0.01,Single,Yes_Kink,348,458540
result_SELECT_100_random_local_OBC_0_0_6,outer,2,SA,0.1,Proj,No_MSF,128,21864
result_SELECT_100_random_local_OBC_0_0_6,outer,2,SA,0.1,Proj,No_Top,128,41192
result_SELECT_100_random_local_OBC_0_0_6,outer,2,SA,0.1,Single,No_MSF,247,142408
result_SELECT_100_random_local_OBC_0_0_6,outer,2,SA,0.001,Proj,Yes_Kink,274,1191468
result_SELECT_100_random_local_OBC_0_0_6,outer,2,SA,0.1,Double,Yes_Kink,308,441080
result_SELECT_100_random_local_OBC_0_0_6,outer,2,SA,0.1,Single,No_Top,247,160757
result_SELECT_100_random_local_OBC_0_0_6,outer,2,SA,1,Double,No_MSF,192,109823
result_SELECT_100_random_local_OBC_0_0_6,outer,2,SA,1,Double,No_Top,193,129160
result_SELECT_100_random_local_OBC_0_0_6,outer,2,SA,0.1,Single,No_Kink,331,431375
result_SELECT_100_random_local_OBC_0_0_6,outer,2,SA,0.01,Proj,No_Kink,267,1176795
result_SELECT_100_random_local_OBC_0_0_6,outer,2,SA,0.1,Single,Yes_Kink,344,451769
result_SELECT_100_random_local_OBC_0_0_6,outer,2,SA,1,Proj,No_MSF,128,21864
result_SELECT_100_random_local_OBC_0_0_6,outer,2,SA,1,Double,No_Kink,339,449994
result_SELECT_100_random_local_OBC_0_0_6,outer,2,SA,0.01,Proj,Yes_Kink,276,1194657
result_SELECT_100_random_local_OBC_0_0_6,outer,2,SA,1,Proj,No_Top,128,41192
result_SELECT_100_random_local_OBC_0_0_6,outer,2,SA,1,Single,No_MSF,247,142408
result_SELECT_100_random_local_OBC_0_0_6,outer,2,SA,1,Single,No_Top,247,160757
result_SELECT_100_random_local_OBC_0_0_6,outer,2,SA,1,Double,Yes_Kink,343,451947
result_SELECT_100_random_local_OBC_0_0_6,outer,2,random,0,Double,No_MSF,192,109823
result_SELECT_100_random_local_OBC_0_0_6,outer,2,SA,1,Single,No_Kink,358,442183
result_SELECT_100_random_local_OBC_0_0_6,outer,2,SA,1,Single,Yes_Kink,380,465865
result_SELECT_100_random_local_OBC_0_0_6,outer,2,SA,0.1,Proj,No_Kink,268,1176718
result_SELECT_100_random_local_OBC_0_0_6,outer,2,random,0,Double,No_Top,193,129160
result_SELECT_100_random_local_OBC_0_0_6,outer,2,random,0,Proj,No_MSF,128,21864
result_SELECT_100_random_local_OBC_0_0_6,outer,2,random,0,Proj,No_Top,128,41192
result_SELECT_100_random_local_OBC_0_0_6,outer,2,SA,0.1,Proj,Yes_Kink,277,1190622
result_SELECT_100_random_local_OBC_0_0_6,outer,2,random,0,Single,No_MSF,247,142408
result_SELECT_100_random_local_OBC_0_0_6,outer,2,random,0,Single,No_Top,247,160757
result_SELECT_100_random_local_OBC_0_0_6,outer,2,random,0,Double,No_Kink,299,771202
result_SELECT_100_random_local_OBC_0_0_6,outer,2,random,0,Double,Yes_Kink,303,770915
result_SELECT_100_random_local_OBC_0_0_6,outer,2,SA,1,Proj,No_Kink,315,1372972
result_SELECT_10_FermiHubbard2D_cylinder_0_0_0,inner,1,SA,0.001,Double,No_MSF,14537,2683687
result_SELECT_100_random_local_OBC_0_0_6,outer,2,SA,1,Proj,Yes_Kink,325,1399452
result_SELECT_100_random_local_OBC_0_0_6,outer,2,random,0,Single,No_Kink,344,819934
result_SELECT_10_FermiHubbard2D_cylinder_0_0_0,inner,1,SA,0.001,Double,No_Top,14538,2700729
result_SELECT_10_FermiHubbard2D_cylinder_0_0_0,inner,1,SA,0.001,Proj,No_MSF,14040,30240
result_SELECT_10_FermiHubbard2D_cylinder_0_0_0,inner,1,SA,0.001,Proj,No_Top,14040,47280
result_SELECT_100_random_local_OBC_0_0_6,outer,2,random,0,Proj,No_Kink,234,1032898
result_SELECT_10_FermiHubbard2D_cylinder_0_0_0,inner,1,SA,0.001,Double,No_Kink,14539,2941577
result_SELECT_10_FermiHubbard2D_cylinder_0_0_0,inner,1,SA,0.001,Single,No_MSF,14874,2736977
result_SELECT_100_random_local_OBC_0_0_6,outer,2,random,0,Proj,Yes_Kink,239,1042699
result_SELECT_10_FermiHubbard2D_cylinder_0_0_0,inner,1,SA,0.001,Single,No_Top,14876,2754021
result_SELECT_10_FermiHubbard2D_cylinder_0_0_0,inner,1,SA,0.001,Double,Yes_Kink,14546,2943335
result_SELECT_100_random_local_OBC_0_0_6,outer,2,random,0,Single,Yes_Kink,350,832975
result_SELECT_10_FermiHubbard2D_cylinder_0_0_0,inner,1,SA,0.01,Double,No_MSF,14537,2683687
result_SELECT_10_FermiHubbard2D_cylinder_0_0_0,inner,1,SA,0.01,Double,No_Top,14538,2700729
result_SELECT_10_FermiHubbard2D_cylinder_0_0_0,inner,1,SA,0.01,Proj,No_MSF,14040,30240
result_SELECT_10_FermiHubbard2D_cylinder_0_0_0,inner,1,SA,0.001,Single,No_Kink,14876,2975054
result_SELECT_10_FermiHubbard2D_cylinder_0_0_0,inner,1,SA,0.01,Proj,No_Top,14040,47280
result_SELECT_10_FermiHubbard2D_cylinder_0_0_0,inner,1,SA,0.01,Double,No_Kink,15067,3027732
result_SELECT_10_FermiHubbard2D_cylinder_0_0_0,inner,1,SA,0.01,Single,No_MSF,14874,2736977
result_SELECT_10_FermiHubbard2D_cylinder_0_0_0,inner,1,SA,0.01,Double,Yes_Kink,15346,3085334
result_SELECT_10_FermiHubbard2D_cylinder_0_0_0,inner,1,SA,0.01,Single,No_Top,14876,2754021
result_SELECT_10_FermiHubbard2D_cylinder_0_0_0,inner,1,SA,0.1,Double,No_MSF,14537,2683687
result_SELECT_10_FermiHubbard2D_cylinder_0_0_0,inner,1,SA,0.01,Single,No_Kink,14876,2967290
result_SELECT_10_FermiHubbard2D_cylinder_0_0_0,inner,1,SA,0.1,Double,No_Top,14538,2700729
result_SELECT_10_FermiHubbard2D_cylinder_0_0_0,inner,1,SA,0.1,Proj,No_MSF,14040,30240
result_SELECT_10_FermiHubbard2D_cylinder_0_0_0,inner,1,SA,0.1,Double,No_Kink,14539,2911042
result_SELECT_10_FermiHubbard2D_cylinder_0_0_0,inner,1,SA,0.1,Proj,No_Top,14040,47280
result_SELECT_10_FermiHubbard2D_cylinder_0_0_0,inner,1,SA,0.1,Double,Yes_Kink,14539,2911801
result_SELECT_10_FermiHubbard2D_cylinder_0_0_0,inner,1,SA,0.1,Single,No_MSF,14874,2736977
result_SELECT_10_FermiHubbard2D_cylinder_0_0_0,inner,1,SA,0.1,Single,No_Kink,14876,2943685
result_SELECT_10_FermiHubbard2D_cylinder_0_0_0,inner,1,SA,0.1,Single,No_Top,14876,2754021
result_SELECT_10_FermiHubbard2D_cylinder_0_0_0,inner,1,SA,1,Double,No_MSF,14537,2683687
result_SELECT_10_FermiHubbard2D_cylinder_0_0_0,inner,1,SA,1,Double,No_Top,14538,2700729
result_SELECT_10_FermiHubbard2D_cylinder_0_0_0,inner,1,SA,1,Double,No_Kink,14539,2891012
result_SELECT_10_FermiHubbard2D_cylinder_0_0_0,inner,1,SA,1,Double,Yes_Kink,14542,2894553
result_SELECT_10_FermiHubbard2D_cylinder_0_0_0,inner,1,SA,1,Proj,No_MSF,14040,30240
result_SELECT_10_FermiHubbard2D_cylinder_0_0_0,inner,1,SA,1,Proj,No_Top,14040,47280
result_SELECT_10_FermiHubbard2D_cylinder_0_0_0,inner,1,SA,0.01,Proj,Yes_Kink,14040,8786053
result_SELECT_10_FermiHubbard2D_cylinder_0_0_0,inner,1,SA,0.001,Proj,Yes_Kink,14041,8991550
result_SELECT_10_FermiHubbard2D_cylinder_0_0_0,inner,1,SA,0.001,Proj,No_Kink,14043,9120685
result_SELECT_10_FermiHubbard2D_cylinder_0_0_0,inner,1,SA,1,Single,No_MSF,14874,2736977
result_SELECT_10_FermiHubbard2D_cylinder_0_0_0,inner,1,SA,1,Single,No_Top,14876,2754021
result_SELECT_10_FermiHubbard2D_cylinder_0_0_0,inner,1,SA,1,Single,No_Kink,14876,2923075
result_SELECT_10_FermiHubbard2D_cylinder_0_0_0,inner,1,random,0,Double,No_MSF,14537,2683687
result_SELECT_10_FermiHubbard2D_cylinder_0_0_0,inner,1,random,0,Double,No_Top,14538,2700729
result_SELECT_10_FermiHubbard2D_cylinder_0_0_0,inner,1,random,0,Double,No_Kink,14541,2977401
result_SELECT_10_FermiHubbard2D_cylinder_0_0_0,inner,1,random,0,Proj,No_MSF,14040,30240
result_SELECT_10_FermiHubbard2D_cylinder_0_0_0,inner,1,random,0,Double,Yes_Kink,14543,2979176
result_SELECT_10_FermiHubbard2D_cylinder_0_0_0,inner,1,random,0,Proj,No_Top,14040,47280
result_SELECT_10_FermiHubbard2D_cylinder_0_0_0,inner,1,SA,0.1,Proj,Yes_Kink,14040,8888040
result_SELECT_10_FermiHubbard2D_cylinder_0_0_0,inner,1,SA,0.1,Proj,No_Kink,14040,8999986
result_SELECT_10_FermiHubbard2D_cylinder_0_0_0,inner,1,random,0,Single,No_MSF,14874,2736977
result_SELECT_10_FermiHubbard2D_cylinder_0_0_0,inner,1,SA,0.01,Proj,No_Kink,14040,8933143
result_SELECT_10_FermiHubbard2D_cylinder_0_0_0,inner,1,random,0,Single,No_Top,14876,2754021
result_SELECT_10_FermiHubbard2D_cylinder_0_0_0,inner,2,SA,0.001,Double,No_MSF,14537,2683687
result_SELECT_10_FermiHubbard2D_cylinder_0_0_0,inner,2,SA,0.001,Double,No_Top,14538,2700729
result_SELECT_10_FermiHubbard2D_cylinder_0_0_0,inner,1,random,0,Single,No_Kink,14876,3012791
result_SELECT_10_FermiHubbard2D_cylinder_0_0_0,inner,2,SA,0.001,Double,No_Kink,14538,2885094
result_SELECT_10_FermiHubbard2D_cylinder_0_0_0,inner,2,SA,0.001,Proj,No_MSF,14040,30240
result_SELECT_10_FermiHubbard2D_cylinder_0_0_0,inner,2,SA,0.001,Proj,No_Top,14040,47280
result_SELECT_10_FermiHubbard2D_cylinder_0_0_0,inner,2,SA,0.001,Double,Yes_Kink,14538,2887831
result_SELECT_10_FermiHubbard2D_cylinder_0_0_0,inner,2,SA,0.001,Single,No_MSF,14874,2736977
result_SELECT_10_FermiHubbard2D_cylinder_0_0_0,inner,1,SA,1,Proj,No_Kink,14041,8933549
result_SELECT_10_FermiHubbard2D_cylinder_0_0_0,inner,2,SA,0.001,Single,No_Top,14876,2754021
result_SELECT_10_FermiHubbard2D_cylinder_0_0_0,inner,2,SA,0.001,Single,No_Kink,14876,2916637
result_SELECT_10_FermiHubbard2D_cylinder_0_0_0,inner,2,SA,0.01,Double,No_MSF,14537,2683687
result_SELECT_10_FermiHubbard2D_cylinder_0_0_0,inner,2,SA,0.001,Single,Yes_Kink,14876,2936162
result_SELECT_10_FermiHubbard2D_cylinder_0_0_0,inner,2,SA,0.01,Double,No_Top,14538,2700729
result_SELECT_10_FermiHubbard2D_cylinder_0_0_0,inner,2,SA,0.01,Double,No_Kink,14539,2882409
result_SELECT_10_FermiHubbard2D_cylinder_0_0_0,inner,1,SA,1,Proj,Yes_Kink,14042,8837373
result_SELECT_10_FermiHubbard2D_cylinder_0_0_0,inner,2,SA,0.01,Proj,No_MSF,14040,30240
result_SELECT_10_FermiHubbard2D_cylinder_0_0_0,inner,2,SA,0.01,Proj,No_Top,14040,47280
result_SELECT_10_FermiHubbard2D_cylinder_0_0_0,inner,2,SA,0.01,Double,Yes_Kink,14703,2910713
result_SELECT_10_FermiHubbard2D_cylinder_0_0_0,inner,2,SA,0.01,Single,No_MSF,14874,2736977
result_SELECT_10_FermiHubbard2D_cylinder_0_0_0,inner,2,SA,0.01,Single,No_Kink,14876,2914602
result_SELECT_10_FermiHubbard2D_cylinder_0_0_0,inner,2,SA,0.01,Single,No_Top,14876,2754021
result_SELECT_10_FermiHubbard2D_cylinder_0_0_0,inner,2,SA,0.01,Single,Yes_Kink,14876,2927717
result_SELECT_10_FermiHubbard2D_cylinder_0_0_0,inner,2,SA,0.1,Double,No_Kink,14538,2864274
result_SELECT_10_FermiHubbard2D_cylinder_0_0_0,inner,2,SA,0.1,Double,No_MSF,14537,2683687
result_SELECT_10_FermiHubbard2D_cylinder_0_0_0,inner,2,SA,0.1,Double,No_Top,14538,2700729
result_SELECT_10_FermiHubbard2D_cylinder_0_0_0,inner,2,SA,0.1,Double,Yes_Kink,14538,2867283
result_SELECT_10_FermiHubbard2D_cylinder_0_0_0,inner,2,SA,0.1,Proj,No_MSF,14040,30240
result_SELECT_10_FermiHubbard2D_cylinder_0_0_0,inner,2,SA,0.1,Proj,No_Top,14040,47280
result_SELECT_10_FermiHubbard2D_cylinder_0_0_0,inner,2,SA,0.001,Proj,No_Kink,14040,8733690
result_SELECT_10_FermiHubbard2D_cylinder_0_0_0,inner,2,SA,0.1,Single,No_Kink,14876,2897029
result_SELECT_10_FermiHubbard2D_cylinder_0_0_0,inner,2,SA,0.001,Proj,Yes_Kink,14041,8548971
result_SELECT_10_FermiHubbard2D_cylinder_0_0_0,inner,2,SA,0.1,Single,No_MSF,14874,2736977
result_SELECT_10_FermiHubbard2D_cylinder_0_0_0,inner,2,SA,0.1,Single,No_Top,14876,2754021
result_SELECT_10_FermiHubbard2D_cylinder_0_0_0,inner,2,SA,0.01,Proj,Yes_Kink,14042,8383142
result_SELECT_10_FermiHubbard2D_cylinder_0_0_0,inner,2,SA,1,Double,No_MSF,14537,2683687
result_SELECT_10_FermiHubbard2D_cylinder_0_0_0,inner,2,SA,0.1,Single,Yes_Kink,14876,2916721
result_SELECT_10_FermiHubbard2D_cylinder_0_0_0,inner,2,SA,1,Double,No_Top,14538,2700729
result_SELECT_10_FermiHubbard2D_cylinder_0_0_0,inner,2,SA,1,Double,No_Kink,14538,2864811
result_SELECT_10_FermiHubbard2D_cylinder_0_0_0,inner,2,SA,1,Proj,No_MSF,14040,30240
result_SELECT_10_FermiHubbard2D_cylinder_0_0_0,inner,2,SA,1,Proj,No_Top,14040,47280
result_SELECT_10_FermiHubbard2D_cylinder_0_0_0,inner,2,SA,1,Double,Yes_Kink,14703,2892862
result_SELECT_10_FermiHubbard2D_cylinder_0_0_0,inner,2,SA,0.01,Proj,No_Kink,14042,8716454
result_SELECT_10_FermiHubbard2D_cylinder_0_0_0,inner,2,SA,1,Single,No_MSF,14874,2736977
result_SELECT_10_FermiHubbard2D_cylinder_0_0_0,inner,1,random,0,Proj,No_Kink,14041,10372167
result_SELECT_10_FermiHubbard2D_cylinder_0_0_0,inner,2,SA,1,Single,No_Kink,14876,2896625
result_SELECT_10_FermiHubbard2D_cylinder_0_0_0,inner,2,SA,1,Single,No_Top,14876,2754021
result_SELECT_10_FermiHubbard2D_cylinder_0_0_0,inner,2,random,0,Double,No_MSF,14537,2683687
result_SELECT_10_FermiHubbard2D_cylinder_0_0_0,inner,2,SA,0.1,Proj,No_Kink,14041,8330804
result_SELECT_10_FermiHubbard2D_cylinder_0_0_0,inner,2,random,0,Double,No_Top,14538,2700729
result_SELECT_10_FermiHubbard2D_cylinder_0_0_0,inner,2,SA,1,Single,Yes_Kink,14876,2909147
result_SELECT_10_FermiHubbard2D_cylinder_0_0_0,inner,2,random,0,Double,No_Kink,14538,2921040
result_SELECT_10_FermiHubbard2D_cylinder_0_0_0,inner,2,random,0,Proj,No_MSF,14040,30240
result_SELECT_10_FermiHubbard2D_cylinder_0_0_0,inner,2,SA,0.1,Proj,Yes_Kink,14040,8217341
result_SELECT_10_FermiHubbard2D_cylinder_0_0_0,inner,1,random,0,Proj,Yes_Kink,14042,10289735
result_SELECT_10_FermiHubbard2D_cylinder_0_0_0,inner,2,random,0,Proj,No_Top,14040,47280
result_SELECT_10_FermiHubbard2D_cylinder_0_0_0,inner,2,random,0,Single,No_MSF,14874,2736977
result_SELECT_10_FermiHubbard2D_cylinder_0_0_0,inner,2,random,0,Double,Yes_Kink,14543,2927400
result_SELECT_10_FermiHubbard2D_cylinder_0_0_0,inner,2,random,0,Single,No_Top,14876,2754021
result_SELECT_10_FermiHubbard2D_cylinder_0_0_0,outer,1,SA,0.001,Double,No_MSF,14537,2683687
result_SELECT_10_FermiHubbard2D_cylinder_0_0_0,outer,1,SA,0.001,Double,No_Top,14538,2700729
result_SELECT_10_FermiHubbard2D_cylinder_0_0_0,inner,2,random,0,Single,No_Kink,14876,2955017
result_SELECT_10_FermiHubbard2D_cylinder_0_0_0,inner,2,random,0,Single,Yes_Kink,14876,2970688
result_SELECT_10_FermiHubbard2D_cylinder_0_0_0,outer,1,SA,0.001,Double,No_Kink,14541,2927326
result_SELECT_10_FermiHubbard2D_cylinder_0_0_0,outer,1,SA,0.001,Proj,No_MSF,14040,30240
result_SELECT_10_FermiHubbard2D_cylinder_0_0_0,outer,1,SA,0.001,Proj,No_Top,14040,47280
result_SELECT_10_FermiHubbard2D_cylinder_0_0_0,outer,1,SA,0.001,Double,Yes_Kink,14542,2928217
result_SELECT_10_FermiHubbard2D_cylinder_0_0_0,outer,1,SA,0.001,Single,No_MSF,14874,2736977
result_SELECT_10_FermiHubbard2D_cylinder_0_0_0,outer,1,SA,0.001,Single,No_Kink,14876,2960583
result_SELECT_10_FermiHubbard2D_cylinder_0_0_0,outer,1,SA,0.001,Single,No_Top,14876,2754021
result_SELECT_10_FermiHubbard2D_cylinder_0_0_0,outer,1,SA,0.01,Double,No_MSF,14537,2683687
result_SELECT_10_FermiHubbard2D_cylinder_0_0_0,outer,1,SA,0.01,Double,No_Top,14538,2700729
result_SELECT_10_FermiHubbard2D_cylinder_0_0_0,outer,1,SA,0.01,Double,No_Kink,14728,2953975
result_SELECT_10_FermiHubbard2D_cylinder_0_0_0,outer,1,SA,0.01,Double,Yes_Kink,15128,3024941
result_SELECT_10_FermiHubbard2D_cylinder_0_0_0,outer,1,SA,0.01,Proj,No_MSF,14040,30240
result_SELECT_10_FermiHubbard2D_cylinder_0_0_0,outer,1,SA,0.01,Proj,No_Top,14040,47280
result_SELECT_10_FermiHubbard2D_cylinder_0_0_0,inner,2,SA,1,Proj,No_Kink,14040,8136267
result_SELECT_10_FermiHubbard2D_cylinder_0_0_0,inner,2,SA,1,Proj,Yes_Kink,14040,8080005
result_SELECT_10_FermiHubbard2D_cylinder_0_0_0,outer,1,SA,0.01,Single,No_MSF,14874,2736977
result_SELECT_10_FermiHubbard2D_cylinder_0_0_0,outer,1,SA,0.01,Single,No_Kink,14876,2958157
result_SELECT_10_FermiHubbard2D_cylinder_0_0_0,outer,1,SA,0.01,Single,No_Top,14876,2754021
result_SELECT_10_FermiHubbard2D_cylinder_0_0_0,outer,1,SA,0.1,Double,No_MSF,14537,2683687
result_SELECT_10_FermiHubbard2D_cylinder_0_0_0,outer,1,SA,0.1,Double,No_Top,14538,2700729
result_SELECT_10_FermiHubbard2D_cylinder_0_0_0,outer,1,SA,0.1,Double,No_Kink,14728,2953838
result_SELECT_10_FermiHubbard2D_cylinder_0_0_0,outer,1,SA,0.1,Double,Yes_Kink,15131,3024719
result_SELECT_10_FermiHubbard2D_cylinder_0_0_0,outer,1,SA,0.1,Proj,No_MSF,14040,30240
result_SELECT_10_FermiHubbard2D_cylinder_0_0_0,outer,1,SA,0.1,Proj,No_Top,14040,47280
result_SELECT_10_FermiHubbard2D_cylinder_0_0_0,outer,1,SA,0.001,Proj,No_Kink,14040,9367586
result_SELECT_10_FermiHubbard2D_cylinder_0_0_0,outer,1,SA,0.1,Single,No_Kink,14876,2957411
result_SELECT_10_FermiHubbard2D_cylinder_0_0_0,outer,1,SA,0.1,Single,No_MSF,14874,2736977
result_SELECT_10_FermiHubbard2D_cylinder_0_0_0,outer,1,SA,0.1,Single,No_Top,14876,2754021
result_SELECT_10_FermiHubbard2D_cylinder_0_0_0,outer,1,SA,0.001,Proj,Yes_Kink,14040,9251337
result_SELECT_10_FermiHubbard2D_cylinder_0_0_0,outer,1,SA,1,Double,No_MSF,14537,2683687
result_SELECT_10_FermiHubbard2D_cylinder_0_0_0,outer,1,SA,1,Double,No_Top,14538,2700729
result_SELECT_10_FermiHubbard2D_cylinder_0_0_0,outer,1,SA,1,Double,No_Kink,14542,2922411
result_SELECT_10_FermiHubbard2D_cylinder_0_0_0,outer,1,SA,1,Double,Yes_Kink,14548,2924127
result_SELECT_10_FermiHubbard2D_cylinder_0_0_0,outer,1,SA,1,Proj,No_MSF,14040,30240
result_SELECT_10_FermiHubbard2D_cylinder_0_0_0,outer,1,SA,1,Proj,No_Top,14040,47280
result_SELECT_10_FermiHubbard2D_cylinder_0_0_0,outer,1,SA,0.01,Proj,No_Kink,14041,9530825
result_SELECT_10_FermiHubbard2D_cylinder_0_0_0,inner,2,random,0,Proj,No_Kink,14040,10915573
result_SELECT_10_FermiHubbard2D_cylinder_0_0_0,outer,1,SA,0.01,Proj,Yes_Kink,14041,9411375
result_SELECT_10_FermiHubbard2D_cylinder_0_0_0,outer,1,SA,1,Single,No_MSF,14874,2736977
result_SELECT_10_FermiHubbard2D_cylinder_0_0_0,outer,1,SA,1,Single,No_Top,14876,2754021
result_SELECT_10_FermiHubbard2D_cylinder_0_0_0,outer,1,SA,1,Single,No_Kink,14876,2955671
result_SELECT_10_FermiHubbard2D_cylinder_0_0_0,outer,1,random,0,Double,No_MSF,14537,2683687
result_SELECT_10_FermiHubbard2D_cylinder_0_0_0,inner,2,random,0,Proj,Yes_Kink,14041,10751414
result_SELECT_10_FermiHubbard2D_cylinder_0_0_0,outer,1,random,0,Double,No_Top,14538,2700729
result_SELECT_10_FermiHubbard2D_cylinder_0_0_0,outer,1,random,0,Proj,No_MSF,14040,30240
result_SELECT_10_FermiHubbard2D_cylinder_0_0_0,outer,1,random,0,Proj,No_Top,14040,47280
result_SELECT_10_FermiHubbard2D_cylinder_0_0_0,outer,1,random,0,Double,No_Kink,14541,2987908
result_SELECT_10_FermiHubbard2D_cylinder_0_0_0,outer,1,random,0,Double,Yes_Kink,14547,2989872
result_SELECT_10_FermiHubbard2D_cylinder_0_0_0,outer,1,random,0,Single,No_MSF,14874,2736977
result_SELECT_10_FermiHubbard2D_cylinder_0_0_0,outer,1,random,0,Single,No_Top,14876,2754021
result_SELECT_10_FermiHubbard2D_cylinder_0_0_0,outer,1,random,0,Single,No_Kink,14876,3023523
result_SELECT_10_FermiHubbard2D_cylinder_0_0_0,outer,2,SA,0.001,Double,No_MSF,14537,2683687
result_SELECT_10_FermiHubbard2D_cylinder_0_0_0,outer,2,SA,0.001,Double,No_Top,14538,2700729
result_SELECT_10_FermiHubbard2D_cylinder_0_0_0,outer,2,SA,0.001,Double,No_Kink,14539,2877941
result_SELECT_10_FermiHubbard2D_cylinder_0_0_0,outer,2,SA,0.001,Double,Yes_Kink,14539,2879249
result_SELECT_10_FermiHubbard2D_cylinder_0_0_0,outer,2,SA,0.001,Proj,No_MSF,14040,30240
result_SELECT_10_FermiHubbard2D_cylinder_0_0_0,outer,2,SA,0.001,Proj,No_Top,14040,47280
result_SELECT_10_FermiHubbard2D_cylinder_0_0_0,outer,1,SA,0.1,Proj,Yes_Kink,14040,9114661
result_SELECT_10_FermiHubbard2D_cylinder_0_0_0,outer,1,SA,0.1,Proj,No_Kink,14040,9356467
result_SELECT_10_FermiHubbard2D_cylinder_0_0_0,outer,2,SA,0.001,Single,No_MSF,14874,2736977
result_SELECT_10_FermiHubbard2D_cylinder_0_0_0,outer,2,SA,0.001,Single,No_Kink,14876,2910956
result_SELECT_10_FermiHubbard2D_cylinder_0_0_0,outer,2,SA,0.001,Single,No_Top,14876,2754021
result_SELECT_10_FermiHubbard2D_cylinder_0_0_0,outer,2,SA,0.001,Single,Yes_Kink,14876,2932850
result_SELECT_10_FermiHubbard2D_cylinder_0_0_0,outer,2,SA,0.01,Double,No_MSF,14537,2683687
result_SELECT_10_FermiHubbard2D_cylinder_0_0_0,outer,2,SA,0.01,Double,No_Kink,14539,2879018
result_SELECT_10_FermiHubbard2D_cylinder_0_0_0,outer,2,SA,0.01,Double,No_Top,14538,2700729
result_SELECT_10_FermiHubbard2D_cylinder_0_0_0,outer,2,SA,0.01,Double,Yes_Kink,14703,2906526
result_SELECT_10_FermiHubbard2D_cylinder_0_0_0,outer,2,SA,0.01,Proj,No_MSF,14040,30240
result_SELECT_10_FermiHubbard2D_cylinder_0_0_0,outer,2,SA,0.01,Proj,No_Top,14040,47280
result_SELECT_10_FermiHubbard2D_cylinder_0_0_0,outer,1,SA,1,Proj,No_Kink,14040,9149433
result_SELECT_10_FermiHubbard2D_cylinder_0_0_0,outer,1,SA,1,Proj,Yes_Kink,14040,8998855
result_SELECT_10_FermiHubbard2D_cylinder_0_0_0,outer,2,SA,0.01,Single,No_MSF,14874,2736977
result_SELECT_10_FermiHubbard2D_cylinder_0_0_0,outer,2,SA,0.01,Single,No_Kink,14876,2912748
result_SELECT_10_FermiHubbard2D_cylinder_0_0_0,outer,2,SA,0.01,Single,No_Top,14876,2754021
result_SELECT_10_FermiHubbard2D_cylinder_0_0_0,outer,2,SA,0.01,Single,Yes_Kink,14876,2930978
result_SELECT_10_FermiHubbard2D_cylinder_0_0_0,outer,2,SA,0.1,Double,No_Kink,14543,2879683
result_SELECT_10_FermiHubbard2D_cylinder_0_0_0,outer,2,SA,0.1,Double,No_MSF,14537,2683687
result_SELECT_10_FermiHubbard2D_cylinder_0_0_0,outer,2,SA,0.1,Double,No_Top,14538,2700729
result_SELECT_10_FermiHubbard2D_cylinder_0_0_0,outer,2,SA,0.1,Double,Yes_Kink,14544,2880109
result_SELECT_10_FermiHubbard2D_cylinder_0_0_0,outer,2,SA,0.1,Proj,No_MSF,14040,30240
result_SELECT_10_FermiHubbard2D_cylinder_0_0_0,outer,2,SA,0.1,Proj,No_Top,14040,47280
result_SELECT_10_FermiHubbard2D_cylinder_0_0_0,outer,1,random,0,Proj,Yes_Kink,14043,9495366
result_SELECT_10_FermiHubbard2D_cylinder_0_0_0,outer,1,random,0,Proj,No_Kink,14043,9621492
result_SELECT_10_FermiHubbard2D_cylinder_0_0_0,outer,2,SA,0.1,Single,No_MSF,14874,2736977
result_SELECT_10_FermiHubbard2D_cylinder_0_0_0,outer,2,SA,0.1,Single,No_Top,14876,2754021
result_SELECT_10_FermiHubbard2D_cylinder_0_0_0,outer,2,SA,0.1,Single,No_Kink,14876,2911333
result_SELECT_10_FermiHubbard2D_cylinder_0_0_0,outer,2,SA,0.1,Single,Yes_Kink,14876,2930463
result_SELECT_10_FermiHubbard2D_cylinder_0_0_0,outer,2,SA,1,Double,No_Kink,14539,2869066
result_SELECT_10_FermiHubbard2D_cylinder_0_0_0,outer,2,SA,0.001,Proj,No_Kink,14040,9018041
result_SELECT_10_FermiHubbard2D_cylinder_0_0_0,outer,2,SA,0.001,Proj,Yes_Kink,14040,8795850
result_SELECT_10_FermiHubbard2D_cylinder_0_0_0,outer,2,SA,1,Double,No_MSF,14537,2683687
result_SELECT_10_FermiHubbard2D_cylinder_0_0_0,outer,2,SA,1,Double,No_Top,14538,2700729
result_SELECT_10_FermiHubbard2D_cylinder_0_0_0,outer,2,SA,1,Proj,No_MSF,14040,30240
result_SELECT_10_FermiHubbard2D_cylinder_0_0_0,outer,2,SA,1,Proj,No_Top,14040,47280
result_SELECT_10_FermiHubbard2D_cylinder_0_0_0,outer,2,SA,1,Double,Yes_Kink,14539,2872091
result_SELECT_10_FermiHubbard2D_cylinder_0_0_0,outer,2,SA,1,Single,No_MSF,14874,2736977
result_SELECT_10_FermiHubbard2D_cylinder_0_0_0,outer,2,SA,1,Single,No_Kink,14876,2901270
result_SELECT_10_FermiHubbard2D_cylinder_0_0_0,outer,2,SA,1,Single,No_Top,14876,2754021
result_SELECT_10_FermiHubbard2D_cylinder_0_0_0,outer,2,SA,1,Single,Yes_Kink,14876,2926325
result_SELECT_10_FermiHubbard2D_cylinder_0_0_0,outer,2,random,0,Double,No_Kink,15134,3031609
result_SELECT_10_FermiHubbard2D_cylinder_0_0_0,outer,2,random,0,Double,No_MSF,14537,2683687
result_SELECT_10_FermiHubbard2D_cylinder_0_0_0,outer,2,random,0,Double,No_Top,14538,2700729
result_SELECT_10_FermiHubbard2D_cylinder_0_0_0,outer,2,random,0,Double,Yes_Kink,15617,3116468
result_SELECT_10_FermiHubbard2D_cylinder_0_0_0,outer,2,random,0,Proj,No_MSF,14040,30240
result_SELECT_10_FermiHubbard2D_cylinder_0_0_0,outer,2,random,0,Proj,No_Top,14040,47280
result_SELECT_10_FermiHubbard2D_cylinder_0_0_0,outer,2,SA,0.01,Proj,No_Kink,14040,8766250
result_SELECT_10_FermiHubbard2D_cylinder_0_0_0,outer,2,SA,0.01,Proj,Yes_Kink,14041,8605620
result_SELECT_10_FermiHubbard2D_cylinder_0_0_0,outer,2,random,0,Single,No_MSF,14874,2736977
result_SELECT_10_FermiHubbard2D_cylinder_0_0_0,outer,2,random,0,Single,No_Top,14876,2754021
result_SELECT_10_FermiHubbard2D_cylinder_0_0_0,outer,2,random,0,Single,No_Kink,14876,2966113
result_SELECT_10_FermiHubbard2D_cylinder_0_0_0,outer,2,random,0,Single,Yes_Kink,14876,2982789
result_SELECT_10_FermiHubbard2D_cylinder_0_0_1,inner,1,SA,0.001,Double,No_MSF,8777,1794521
result_SELECT_10_FermiHubbard2D_cylinder_0_0_1,inner,1,SA,0.001,Double,No_Kink,8788,2050339
result_SELECT_10_FermiHubbard2D_cylinder_0_0_1,inner,1,SA,0.001,Double,No_Top,8778,1811697
result_SELECT_10_FermiHubbard2D_cylinder_0_0_1,inner,1,SA,0.001,Double,Yes_Kink,8829,2064933
result_SELECT_10_FermiHubbard2D_cylinder_0_0_1,inner,1,SA,0.001,Proj,No_MSF,8526,30344
result_SELECT_10_FermiHubbard2D_cylinder_0_0_1,inner,1,SA,0.001,Proj,No_Top,8526,47496
result_SELECT_10_FermiHubbard2D_cylinder_0_0_0,outer,2,SA,0.1,Proj,Yes_Kink,14040,8802032
result_SELECT_10_FermiHubbard2D_cylinder_0_0_0,outer,2,SA,0.1,Proj,No_Kink,14041,9031877
result_SELECT_10_FermiHubbard2D_cylinder_0_0_1,inner,1,SA,0.001,Single,No_MSF,8921,1823019
result_SELECT_10_FermiHubbard2D_cylinder_0_0_1,inner,1,SA,0.001,Single,No_Top,8922,1840175
result_SELECT_10_FermiHubbard2D_cylinder_0_0_1,inner,1,SA,0.001,Single,No_Kink,8922,2059792
result_SELECT_10_FermiHubbard2D_cylinder_0_0_1,inner,1,SA,0.01,Double,No_MSF,8777,1794521
result_SELECT_10_FermiHubbard2D_cylinder_0_0_1,inner,1,SA,0.01,Double,No_Kink,8785,2049616
result_SELECT_10_FermiHubbard2D_cylinder_0_0_1,inner,1,SA,0.01,Double,No_Top,8778,1811697
result_SELECT_10_FermiHubbard2D_cylinder_0_0_1,inner,1,SA,0.01,Double,Yes_Kink,8794,2057295
result_SELECT_10_FermiHubbard2D_cylinder_0_0_0,outer,2,SA,1,Proj,Yes_Kink,14040,8544532
result_SELECT_10_FermiHubbard2D_cylinder_0_0_0,outer,2,SA,1,Proj,No_Kink,14040,8804586
result_SELECT_10_FermiHubbard2D_cylinder_0_0_1,inner,1,SA,0.01,Proj,No_MSF,8526,30344
result_SELECT_10_FermiHubbard2D_cylinder_0_0_1,inner,1,SA,0.01,Proj,No_Top,8526,47496
result_SELECT_10_FermiHubbard2D_cylinder_0_0_1,inner,1,SA,0.01,Single,No_MSF,8921,1823019
result_SELECT_10_FermiHubbard2D_cylinder_0_0_1,inner,1,SA,0.01,Single,No_Top,8922,1840175
result_SELECT_10_FermiHubbard2D_cylinder_0_0_1,inner,1,SA,0.01,Single,No_Kink,8925,2059037
result_SELECT_10_FermiHubbard2D_cylinder_0_0_1,inner,1,SA,0.1,Double,No_MSF,8777,1794521
result_SELECT_10_FermiHubbard2D_cylinder_0_0_1,inner,1,SA,0.1,Double,No_Top,8778,1811697
result_SELECT_10_FermiHubbard2D_cylinder_0_0_1,inner,1,SA,0.1,Double,No_Kink,8786,2032262
result_SELECT_10_FermiHubbard2D_cylinder_0_0_1,inner,1,SA,0.1,Double,Yes_Kink,8794,2039762
result_SELECT_10_FermiHubbard2D_cylinder_0_0_1,inner,1,SA,0.1,Proj,No_MSF,8526,30344
result_SELECT_10_FermiHubbard2D_cylinder_0_0_1,inner,1,SA,0.1,Proj,No_Top,8526,47496
result_SELECT_10_FermiHubbard2D_cylinder_0_0_0,outer,2,random,0,Proj,Yes_Kink,14041,9616274
result_SELECT_10_FermiHubbard2D_cylinder_0_0_1,inner,1,SA,0.001,Proj,No_Kink,9315,6557342
result_SELECT_10_FermiHubbard2D_cylinder_0_0_1,inner,1,SA,0.001,Proj,Yes_Kink,9355,6416374
result_SELECT_10_FermiHubbard2D_cylinder_0_0_1,inner,1,SA,0.1,Single,No_MSF,8921,1823019
result_SELECT_10_FermiHubbard2D_cylinder_0_0_1,inner,1,SA,0.1,Single,No_Top,8922,1840175
result_SELECT_10_FermiHubbard2D_cylinder_0_0_1,inner,1,SA,1,Double,No_MSF,8777,1794521
result_SELECT_10_FermiHubbard2D_cylinder_0_0_1,inner,1,SA,1,Double,No_Top,8778,1811697
result_SELECT_10_FermiHubbard2D_cylinder_0_0_1,inner,1,SA,0.1,Single,No_Kink,8923,2041511
result_SELECT_10_FermiHubbard2D_cylinder_0_0_0,outer,2,random,0,Proj,No_Kink,14041,9754107
result_SELECT_10_FermiHubbard2D_cylinder_0_0_1,inner,1,SA,1,Double,No_Kink,8780,2012834
result_SELECT_10_FermiHubbard2D_cylinder_0_0_1,inner,1,SA,1,Proj,No_Top,8526,47496
result_SELECT_10_FermiHubbard2D_cylinder_0_0_1,inner,1,SA,1,Proj,No_MSF,8526,30344
result_SELECT_10_FermiHubbard2D_cylinder_0_0_1,inner,1,SA,1,Double,Yes_Kink,8787,2022372
result_SELECT_10_FermiHubbard2D_cylinder_0_0_1,inner,1,SA,1,Single,No_MSF,8921,1823019
result_SELECT_10_FermiHubbard2D_cylinder_0_0_1,inner,1,SA,1,Single,No_Top,8922,1840175
result_SELECT_10_FermiHubbard2D_cylinder_0_0_1,inner,1,SA,1,Single,No_Kink,8923,2022990
result_SELECT_10_FermiHubbard2D_cylinder_0_0_1,inner,1,random,0,Double,No_MSF,8777,1794521
result_SELECT_10_FermiHubbard2D_cylinder_0_0_1,inner,1,random,0,Double,No_Top,8778,1811697
result_SELECT_10_FermiHubbard2D_cylinder_0_0_1,inner,1,random,0,Double,No_Kink,8791,2205067
result_SELECT_10_FermiHubbard2D_cylinder_0_0_1,inner,1,random,0,Double,Yes_Kink,8792,2210250
result_SELECT_10_FermiHubbard2D_cylinder_0_0_1,inner,1,random,0,Proj,No_MSF,8526,30344
result_SELECT_10_FermiHubbard2D_cylinder_0_0_1,inner,1,random,0,Proj,No_Top,8526,47496
result_SELECT_10_FermiHubbard2D_cylinder_0_0_1,inner,1,SA,0.01,Proj,No_Kink,9318,6720236
result_SELECT_10_FermiHubbard2D_cylinder_0_0_1,inner,1,SA,0.01,Proj,Yes_Kink,9357,6579111
result_SELECT_10_FermiHubbard2D_cylinder_0_0_1,inner,1,random,0,Single,No_MSF,8921,1823019
result_SELECT_10_FermiHubbard2D_cylinder_0_0_1,inner,1,random,0,Single,No_Top,8922,1840175
result_SELECT_10_FermiHubbard2D_cylinder_0_0_1,inner,1,random,0,Single,No_Kink,8944,2232809
result_SELECT_10_FermiHubbard2D_cylinder_0_0_1,inner,2,SA,0.001,Double,No_MSF,8777,1794521
result_SELECT_10_FermiHubbard2D_cylinder_0_0_1,inner,2,SA,0.001,Double,No_Kink,8778,1991799
result_SELECT_10_FermiHubbard2D_cylinder_0_0_1,inner,2,SA,0.001,Double,No_Top,8778,1811697
result_SELECT_10_FermiHubbard2D_cylinder_0_0_1,inner,2,SA,0.001,Double,Yes_Kink,8802,2000972
result_SELECT_10_FermiHubbard2D_cylinder_0_0_1,inner,2,SA,0.001,Proj,No_MSF,8526,30344
result_SELECT_10_FermiHubbard2D_cylinder_0_0_1,inner,1,SA,0.1,Proj,No_Kink,9343,6664569
result_SELECT_10_FermiHubbard2D_cylinder_0_0_1,inner,2,SA,0.001,Proj,No_Top,8526,47496
result_SELECT_10_FermiHubbard2D_cylinder_0_0_1,inner,1,SA,0.1,Proj,Yes_Kink,9338,6485377
result_SELECT_10_FermiHubbard2D_cylinder_0_0_1,inner,2,SA,0.001,Single,No_MSF,8921,1823019
result_SELECT_10_FermiHubbard2D_cylinder_0_0_1,inner,2,SA,0.001,Single,No_Top,8922,1840175
result_SELECT_10_FermiHubbard2D_cylinder_0_0_1,inner,2,SA,0.001,Single,No_Kink,8922,1999166
result_SELECT_10_FermiHubbard2D_cylinder_0_0_1,inner,2,SA,0.001,Single,Yes_Kink,8922,2024200
result_SELECT_10_FermiHubbard2D_cylinder_0_0_1,inner,2,SA,0.01,Double,No_Kink,8779,1991469
result_SELECT_10_FermiHubbard2D_cylinder_0_0_1,inner,2,SA,0.01,Double,No_MSF,8777,1794521
result_SELECT_10_FermiHubbard2D_cylinder_0_0_1,inner,2,SA,0.01,Double,No_Top,8778,1811697
result_SELECT_10_FermiHubbard2D_cylinder_0_0_1,inner,2,SA,0.01,Double,Yes_Kink,8786,1996245
result_SELECT_10_FermiHubbard2D_cylinder_0_0_1,inner,2,SA,0.01,Proj,No_MSF,8526,30344
result_SELECT_10_FermiHubbard2D_cylinder_0_0_1,inner,2,SA,0.01,Proj,No_Top,8526,47496
result_SELECT_10_FermiHubbard2D_cylinder_0_0_1,inner,1,SA,1,Proj,Yes_Kink,8928,6231616
result_SELECT_10_FermiHubbard2D_cylinder_0_0_1,inner,1,SA,1,Proj,No_Kink,8923,6383710
result_SELECT_10_FermiHubbard2D_cylinder_0_0_1,inner,2,SA,0.01,Single,No_Kink,8922,1999446
result_SELECT_10_FermiHubbard2D_cylinder_0_0_1,inner,2,SA,0.01,Single,No_MSF,8921,1823019
result_SELECT_10_FermiHubbard2D_cylinder_0_0_1,inner,2,SA,0.01,Single,No_Top,8922,1840175
result_SELECT_10_FermiHubbard2D_cylinder_0_0_1,inner,2,SA,0.01,Single,Yes_Kink,8922,2026625
result_SELECT_10_FermiHubbard2D_cylinder_0_0_1,inner,2,SA,0.1,Double,No_MSF,8777,1794521
result_SELECT_10_FermiHubbard2D_cylinder_0_0_1,inner,2,SA,0.1,Double,No_Kink,8779,1978730
result_SELECT_10_FermiHubbard2D_cylinder_0_0_1,inner,2,SA,0.1,Double,No_Top,8778,1811697
result_SELECT_10_FermiHubbard2D_cylinder_0_0_1,inner,2,SA,0.1,Double,Yes_Kink,8789,1984691
result_SELECT_10_FermiHubbard2D_cylinder_0_0_1,inner,2,SA,0.1,Proj,No_MSF,8526,30344
result_SELECT_10_FermiHubbard2D_cylinder_0_0_1,inner,2,SA,0.1,Proj,No_Top,8526,47496
result_SELECT_10_FermiHubbard2D_cylinder_0_0_1,inner,1,random,0,Proj,Yes_Kink,8836,7376643
result_SELECT_10_FermiHubbard2D_cylinder_0_0_1,inner,1,random,0,Proj,No_Kink,8833,7461193
result_SELECT_10_FermiHubbard2D_cylinder_0_0_1,inner,2,SA,0.1,Single,No_MSF,8921,1823019
result_SELECT_10_FermiHubbard2D_cylinder_0_0_1,inner,2,SA,0.1,Single,No_Kink,8922,1985763
result_SELECT_10_FermiHubbard2D_cylinder_0_0_1,inner,2,SA,0.1,Single,No_Top,8922,1840175
result_SELECT_10_FermiHubbard2D_cylinder_0_0_1,inner,2,SA,0.1,Single,Yes_Kink,8922,2013985
result_SELECT_10_FermiHubbard2D_cylinder_0_0_1,inner,2,SA,1,Double,No_Kink,8782,1973094
result_SELECT_10_FermiHubbard2D_cylinder_0_0_1,inner,2,SA,1,Double,No_MSF,8777,1794521
result_SELECT_10_FermiHubbard2D_cylinder_0_0_1,inner,2,SA,1,Double,No_Top,8778,1811697
result_SELECT_10_FermiHubbard2D_cylinder_0_0_1,inner,2,SA,0.001,Proj,No_Kink,8860,6171320
result_SELECT_10_FermiHubbard2D_cylinder_0_0_1,inner,2,SA,1,Double,Yes_Kink,8792,1979140
result_SELECT_10_FermiHubbard2D_cylinder_0_0_1,inner,2,SA,1,Proj,No_MSF,8526,30344
result_SELECT_10_FermiHubbard2D_cylinder_0_0_1,inner,2,SA,1,Proj,No_Top,8526,47496
result_SELECT_10_FermiHubbard2D_cylinder_0_0_1,inner,2,SA,0.001,Proj,Yes_Kink,8908,6038802
result_SELECT_10_FermiHubbard2D_cylinder_0_0_1,inner,2,SA,1,Single,No_MSF,8921,1823019
result_SELECT_10_FermiHubbard2D_cylinder_0_0_1,inner,2,SA,1,Single,No_Top,8922,1840175
result_SELECT_10_FermiHubbard2D_cylinder_0_0_1,inner,2,SA,1,Single,No_Kink,8923,1980893
result_SELECT_10_FermiHubbard2D_cylinder_0_0_1,inner,2,SA,1,Single,Yes_Kink,8923,2010543
result_SELECT_10_FermiHubbard2D_cylinder_0_0_1,inner,2,random,0,Double,No_MSF,8777,1794521
result_SELECT_10_FermiHubbard2D_cylinder_0_0_1,inner,2,random,0,Double,No_Top,8778,1811697
result_SELECT_10_FermiHubbard2D_cylinder_0_0_1,inner,2,random,0,Double,No_Kink,8782,2133949
result_SELECT_10_FermiHubbard2D_cylinder_0_0_1,inner,2,random,0,Double,Yes_Kink,8795,2141119
result_SELECT_10_FermiHubbard2D_cylinder_0_0_1,inner,2,random,0,Proj,No_MSF,8526,30344
result_SELECT_10_FermiHubbard2D_cylinder_0_0_1,inner,2,random,0,Proj,No_Top,8526,47496
result_SELECT_10_FermiHubbard2D_cylinder_0_0_1,inner,2,SA,0.01,Proj,No_Kink,9504,6705453
result_SELECT_10_FermiHubbard2D_cylinder_0_0_1,inner,2,random,0,Single,No_Kink,8922,2142796
result_SELECT_10_FermiHubbard2D_cylinder_0_0_1,inner,2,SA,0.01,Proj,Yes_Kink,9509,6433841
result_SELECT_10_FermiHubbard2D_cylinder_0_0_1,inner,2,random,0,Single,No_MSF,8921,1823019
result_SELECT_10_FermiHubbard2D_cylinder_0_0_1,inner,2,random,0,Single,No_Top,8922,1840175
result_SELECT_10_FermiHubbard2D_cylinder_0_0_1,outer,1,SA,0.001,Double,No_Kink,8793,2048513
result_SELECT_10_FermiHubbard2D_cylinder_0_0_1,inner,2,random,0,Single,Yes_Kink,8925,2156543
result_SELECT_10_FermiHubbard2D_cylinder_0_0_1,outer,1,SA,0.001,Double,No_MSF,8777,1794521
result_SELECT_10_FermiHubbard2D_cylinder_0_0_1,outer,1,SA,0.001,Double,No_Top,8778,1811697
result_SELECT_10_FermiHubbard2D_cylinder_0_0_1,outer,1,SA,0.001,Double,Yes_Kink,8804,2056768
result_SELECT_10_FermiHubbard2D_cylinder_0_0_1,inner,2,SA,0.1,Proj,No_Kink,9516,6549904
result_SELECT_10_FermiHubbard2D_cylinder_0_0_1,outer,1,SA,0.001,Proj,No_MSF,8526,30344
result_SELECT_10_FermiHubbard2D_cylinder_0_0_1,outer,1,SA,0.001,Proj,No_Top,8526,47496
result_SELECT_10_FermiHubbard2D_cylinder_0_0_1,inner,2,SA,0.1,Proj,Yes_Kink,9503,6366576
result_SELECT_10_FermiHubbard2D_cylinder_0_0_1,outer,1,SA,0.001,Single,No_MSF,8921,1823019
result_SELECT_10_FermiHubbard2D_cylinder_0_0_1,outer,1,SA,0.001,Single,No_Top,8922,1840175
result_SELECT_10_FermiHubbard2D_cylinder_0_0_1,outer,1,SA,0.001,Single,No_Kink,8924,2057417
result_SELECT_10_FermiHubbard2D_cylinder_0_0_1,outer,1,SA,0.01,Double,No_MSF,8777,1794521
result_SELECT_10_FermiHubbard2D_cylinder_0_0_1,outer,1,SA,0.01,Double,No_Top,8778,1811697
result_SELECT_10_FermiHubbard2D_cylinder_0_0_1,outer,1,SA,0.01,Double,No_Kink,8780,2043403
result_SELECT_10_FermiHubbard2D_cylinder_0_0_1,outer,1,SA,0.01,Double,Yes_Kink,8787,2047815
result_SELECT_10_FermiHubbard2D_cylinder_0_0_1,outer,1,SA,0.01,Proj,No_MSF,8526,30344
result_SELECT_10_FermiHubbard2D_cylinder_0_0_1,outer,1,SA,0.01,Proj,No_Top,8526,47496
result_SELECT_10_FermiHubbard2D_cylinder_0_0_1,inner,2,SA,1,Proj,No_Kink,9512,6568267
result_SELECT_10_FermiHubbard2D_cylinder_0_0_1,outer,1,SA,0.01,Single,No_Kink,8923,2054626
result_SELECT_10_FermiHubbard2D_cylinder_0_0_1,outer,1,SA,0.01,Single,No_MSF,8921,1823019
result_SELECT_10_FermiHubbard2D_cylinder_0_0_1,outer,1,SA,0.01,Single,No_Top,8922,1840175
result_SELECT_10_FermiHubbard2D_cylinder_0_0_1,inner,2,SA,1,Proj,Yes_Kink,9515,6453426
result_SELECT_10_FermiHubbard2D_cylinder_0_0_1,outer,1,SA,0.1,Double,No_MSF,8777,1794521
result_SELECT_10_FermiHubbard2D_cylinder_0_0_1,outer,1,SA,0.1,Double,No_Top,8778,1811697
result_SELECT_10_FermiHubbard2D_cylinder_0_0_1,outer,1,SA,0.1,Double,No_Kink,8789,2040787
result_SELECT_10_FermiHubbard2D_cylinder_0_0_1,outer,1,SA,0.1,Double,Yes_Kink,8811,2050466
result_SELECT_10_FermiHubbard2D_cylinder_0_0_1,outer,1,SA,0.1,Proj,No_MSF,8526,30344
result_SELECT_10_FermiHubbard2D_cylinder_0_0_1,outer,1,SA,0.1,Proj,No_Top,8526,47496
result_SELECT_10_FermiHubbard2D_cylinder_0_0_1,inner,2,random,0,Proj,No_Kink,8805,8077549
result_SELECT_10_FermiHubbard2D_cylinder_0_0_1,inner,2,random,0,Proj,Yes_Kink,8796,7885363
result_SELECT_10_FermiHubbard2D_cylinder_0_0_1,outer,1,SA,0.1,Single,No_MSF,8921,1823019
result_SELECT_10_FermiHubbard2D_cylinder_0_0_1,outer,1,SA,0.1,Single,No_Top,8922,1840175
result_SELECT_10_FermiHubbard2D_cylinder_0_0_1,outer,1,SA,0.1,Single,No_Kink,8923,2048900
result_SELECT_10_FermiHubbard2D_cylinder_0_0_1,outer,1,SA,1,Double,No_MSF,8777,1794521
result_SELECT_10_FermiHubbard2D_cylinder_0_0_1,outer,1,SA,1,Double,No_Top,8778,1811697
result_SELECT_10_FermiHubbard2D_cylinder_0_0_1,outer,1,SA,0.001,Proj,No_Kink,9329,7004072
result_SELECT_10_FermiHubbard2D_cylinder_0_0_1,outer,1,SA,1,Double,No_Kink,8790,2027076
result_SELECT_10_FermiHubbard2D_cylinder_0_0_1,outer,1,SA,1,Proj,No_MSF,8526,30344
result_SELECT_10_FermiHubbard2D_cylinder_0_0_1,outer,1,SA,0.001,Proj,Yes_Kink,9344,6831216
result_SELECT_10_FermiHubbard2D_cylinder_0_0_1,outer,1,SA,1,Proj,No_Top,8526,47496
result_SELECT_10_FermiHubbard2D_cylinder_0_0_1,outer,1,SA,1,Double,Yes_Kink,8805,2033926
result_SELECT_10_FermiHubbard2D_cylinder_0_0_1,outer,1,SA,1,Single,No_MSF,8921,1823019
result_SELECT_10_FermiHubbard2D_cylinder_0_0_1,outer,1,SA,1,Single,No_Top,8922,1840175
result_SELECT_10_FermiHubbard2D_cylinder_0_0_1,outer,1,SA,1,Single,No_Kink,8922,2035641
result_SELECT_10_FermiHubbard2D_cylinder_0_0_1,outer,1,random,0,Double,No_MSF,8777,1794521
result_SELECT_10_FermiHubbard2D_cylinder_0_0_1,outer,1,random,0,Double,No_Top,8778,1811697
result_SELECT_10_FermiHubbard2D_cylinder_0_0_1,outer,1,random,0,Double,No_Kink,8787,2201092
result_SELECT_10_FermiHubbard2D_cylinder_0_0_1,outer,1,SA,0.01,Proj,No_Kink,9343,6926162
result_SELECT_10_FermiHubbard2D_cylinder_0_0_1,outer,1,SA,0.01,Proj,Yes_Kink,9358,6751112
result_SELECT_10_FermiHubbard2D_cylinder_0_0_1,outer,1,random,0,Proj,No_MSF,8526,30344
result_SELECT_10_FermiHubbard2D_cylinder_0_0_1,outer,1,random,0,Double,Yes_Kink,8800,2208817
result_SELECT_10_FermiHubbard2D_cylinder_0_0_1,outer,1,random,0,Proj,No_Top,8526,47496
result_SELECT_10_FermiHubbard2D_cylinder_0_0_1,outer,1,random,0,Single,No_MSF,8921,1823019
result_SELECT_10_FermiHubbard2D_cylinder_0_0_1,outer,1,random,0,Single,No_Top,8922,1840175
result_SELECT_10_FermiHubbard2D_cylinder_0_0_1,outer,2,SA,0.001,Double,No_Kink,8780,1992499
result_SELECT_10_FermiHubbard2D_cylinder_0_0_1,outer,1,random,0,Single,No_Kink,8922,2222151
result_SELECT_10_FermiHubbard2D_cylinder_0_0_1,outer,2,SA,0.001,Double,No_MSF,8777,1794521
result_SELECT_10_FermiHubbard2D_cylinder_0_0_1,outer,2,SA,0.001,Double,No_Top,8778,1811697
result_SELECT_10_FermiHubbard2D_cylinder_0_0_1,outer,2,SA,0.001,Double,Yes_Kink,8787,1996479
result_SELECT_10_FermiHubbard2D_cylinder_0_0_1,outer,1,SA,0.1,Proj,No_Kink,8943,6515729
result_SELECT_10_FermiHubbard2D_cylinder_0_0_1,outer,2,SA,0.001,Proj,No_MSF,8526,30344
result_SELECT_10_FermiHubbard2D_cylinder_0_0_1,outer,2,SA,0.001,Proj,No_Top,8526,47496
result_SELECT_10_FermiHubbard2D_cylinder_0_0_1,outer,2,SA,0.001,Single,No_Kink,8922,2001365
result_SELECT_10_FermiHubbard2D_cylinder_0_0_1,outer,2,SA,0.001,Single,No_MSF,8921,1823019
result_SELECT_10_FermiHubbard2D_cylinder_0_0_1,outer,1,SA,0.1,Proj,Yes_Kink,8963,6332189
result_SELECT_10_FermiHubbard2D_cylinder_0_0_1,outer,2,SA,0.001,Single,No_Top,8922,1840175
result_SELECT_10_FermiHubbard2D_cylinder_0_0_1,outer,2,SA,0.001,Single,Yes_Kink,8922,2023993
result_SELECT_10_FermiHubbard2D_cylinder_0_0_1,outer,2,SA,0.01,Double,No_Kink,8896,2018775
result_SELECT_10_FermiHubbard2D_cylinder_0_0_1,outer,2,SA,0.01,Double,No_MSF,8777,1794521
result_SELECT_10_FermiHubbard2D_cylinder_0_0_1,outer,2,SA,0.01,Double,No_Top,8778,1811697
result_SELECT_10_FermiHubbard2D_cylinder_0_0_1,outer,2,SA,0.01,Double,Yes_Kink,8858,2012331
result_SELECT_10_FermiHubbard2D_cylinder_0_0_1,outer,2,SA,0.01,Proj,No_MSF,8526,30344
result_SELECT_10_FermiHubbard2D_cylinder_0_0_1,outer,2,SA,0.01,Proj,No_Top,8526,47496
result_SELECT_10_FermiHubbard2D_cylinder_0_0_1,outer,1,SA,1,Proj,Yes_Kink,8839,6216679
result_SELECT_10_FermiHubbard2D_cylinder_0_0_1,outer,2,SA,0.01,Single,No_Kink,8922,2000343
result_SELECT_10_FermiHubbard2D_cylinder_0_0_1,outer,1,SA,1,Proj,No_Kink,8838,6365750
result_SELECT_10_FermiHubbard2D_cylinder_0_0_1,outer,2,SA,0.01,Single,No_MSF,8921,1823019
result_SELECT_10_FermiHubbard2D_cylinder_0_0_1,outer,2,SA,0.01,Single,No_Top,8922,1840175
result_SELECT_10_FermiHubbard2D_cylinder_0_0_1,outer,2,SA,0.1,Double,No_Kink,8790,1997358
result_SELECT_10_FermiHubbard2D_cylinder_0_0_1,outer,2,SA,0.01,Single,Yes_Kink,8922,2025265
result_SELECT_10_FermiHubbard2D_cylinder_0_0_1,outer,2,SA,0.1,Double,No_MSF,8777,1794521
result_SELECT_10_FermiHubbard2D_cylinder_0_0_1,outer,2,SA,0.1,Double,No_Top,8778,1811697
result_SELECT_10_FermiHubbard2D_cylinder_0_0_1,outer,2,SA,0.1,Double,Yes_Kink,8791,1999155
result_SELECT_10_FermiHubbard2D_cylinder_0_0_1,outer,2,SA,0.1,Proj,No_MSF,8526,30344
result_SELECT_10_FermiHubbard2D_cylinder_0_0_1,outer,2,SA,0.1,Proj,No_Top,8526,47496
result_SELECT_10_FermiHubbard2D_cylinder_0_0_1,outer,1,random,0,Proj,No_Kink,8840,7103628
result_SELECT_10_FermiHubbard2D_cylinder_0_0_1,outer,1,random,0,Proj,Yes_Kink,8841,6956678
result_SELECT_10_FermiHubbard2D_cylinder_0_0_1,outer,2,SA,0.1,Single,No_MSF,8921,1823019
result_SELECT_10_FermiHubbard2D_cylinder_0_0_1,outer,2,SA,0.1,Single,No_Top,8922,1840175
result_SELECT_10_FermiHubbard2D_cylinder_0_0_1,outer,2,SA,0.1,Single,No_Kink,8922,2003890
result_SELECT_10_FermiHubbard2D_cylinder_0_0_1,outer,2,SA,0.001,Proj,No_Kink,9106,6729505
result_SELECT_10_FermiHubbard2D_cylinder_0_0_1,outer,2,SA,0.001,Proj,Yes_Kink,9142,6586920
result_SELECT_10_FermiHubbard2D_cylinder_0_0_1,outer,2,SA,1,Double,No_MSF,8777,1794521
result_SELECT_10_FermiHubbard2D_cylinder_0_0_1,outer,2,SA,1,Double,No_Top,8778,1811697
result_SELECT_10_FermiHubbard2D_cylinder_0_0_1,outer,2,SA,0.1,Single,Yes_Kink,8922,2025467
result_SELECT_10_FermiHubbard2D_cylinder_0_0_1,outer,2,SA,1,Proj,No_MSF,8526,30344
result_SELECT_10_FermiHubbard2D_cylinder_0_0_1,outer,2,SA,1,Double,No_Kink,8780,1983568
result_SELECT_10_FermiHubbard2D_cylinder_0_0_1,outer,2,SA,1,Proj,No_Top,8526,47496
result_SELECT_10_FermiHubbard2D_cylinder_0_0_1,outer,2,SA,1,Double,Yes_Kink,8792,1990216
result_SELECT_10_FermiHubbard2D_cylinder_0_0_1,outer,2,SA,1,Single,No_MSF,8921,1823019
result_SELECT_10_FermiHubbard2D_cylinder_0_0_1,outer,2,SA,1,Single,No_Top,8922,1840175
result_SELECT_10_FermiHubbard2D_cylinder_0_0_1,outer,2,SA,1,Single,No_Kink,8922,1991714
result_SELECT_10_FermiHubbard2D_cylinder_0_0_1,outer,2,SA,0.01,Proj,No_Kink,8844,6398153
result_SELECT_10_FermiHubbard2D_cylinder_0_0_1,outer,2,random,0,Double,No_MSF,8777,1794521
result_SELECT_10_FermiHubbard2D_cylinder_0_0_1,outer,2,SA,1,Single,Yes_Kink,8922,2013257
result_SELECT_10_FermiHubbard2D_cylinder_0_0_1,outer,2,random,0,Double,No_Top,8778,1811697
result_SELECT_10_FermiHubbard2D_cylinder_0_0_1,outer,2,random,0,Double,No_Kink,8778,2099379
result_SELECT_10_FermiHubbard2D_cylinder_0_0_1,outer,2,random,0,Proj,No_MSF,8526,30344
result_SELECT_10_FermiHubbard2D_cylinder_0_0_1,outer,2,random,0,Proj,No_Top,8526,47496
result_SELECT_10_FermiHubbard2D_cylinder_0_0_1,outer,2,random,0,Double,Yes_Kink,8787,2103678
result_SELECT_10_FermiHubbard2D_cylinder_0_0_1,outer,2,SA,0.01,Proj,Yes_Kink,8853,6249878
result_SELECT_10_FermiHubbard2D_cylinder_0_0_1,outer,2,random,0,Single,No_MSF,8921,1823019
result_SELECT_10_FermiHubbard2D_cylinder_0_0_1,outer,2,random,0,Single,No_Top,8922,1840175
result_SELECT_10_FermiHubbard2D_cylinder_0_0_1,outer,2,random,0,Single,No_Kink,8922,2108772
result_SELECT_10_FermiHubbard2D_cylinder_0_0_1,outer,2,random,0,Single,Yes_Kink,8922,2126981
result_SELECT_10_FermiHubbard2D_cylinder_0_0_2,inner,1,SA,0.001,Double,No_Kink,4881,1379282
result_SELECT_10_FermiHubbard2D_cylinder_0_0_2,inner,1,SA,0.001,Double,No_MSF,4869,1108424
result_SELECT_10_FermiHubbard2D_cylinder_0_0_2,inner,1,SA,0.001,Double,No_Top,4869,1125750
result_SELECT_10_FermiHubbard2D_cylinder_0_0_2,inner,1,SA,0.001,Double,Yes_Kink,4889,1390072
result_SELECT_10_FermiHubbard2D_cylinder_0_0_2,inner,1,SA,0.001,Proj,No_MSF,4442,30580
result_SELECT_10_FermiHubbard2D_cylinder_0_0_2,inner,1,SA,0.001,Proj,No_Top,4442,48052
result_SELECT_10_FermiHubbard2D_cylinder_0_0_1,outer,2,SA,0.1,Proj,No_Kink,9121,6386157
result_SELECT_10_FermiHubbard2D_cylinder_0_0_2,inner,1,SA,0.001,Single,No_Kink,4944,1380528
result_SELECT_10_FermiHubbard2D_cylinder_0_0_2,inner,1,SA,0.001,Single,No_MSF,4940,1124311
result_SELECT_10_FermiHubbard2D_cylinder_0_0_2,inner,1,SA,0.001,Single,No_Top,4940,1141703
result_SELECT_10_FermiHubbard2D_cylinder_0_0_1,outer,2,SA,0.1,Proj,Yes_Kink,9135,6288163
result_SELECT_10_FermiHubbard2D_cylinder_0_0_2,inner,1,SA,0.01,Double,No_MSF,4869,1108424
result_SELECT_10_FermiHubbard2D_cylinder_0_0_2,inner,1,SA,0.01,Double,No_Top,4869,1125750
result_SELECT_10_FermiHubbard2D_cylinder_0_0_2,inner,1,SA,0.01,Double,No_Kink,5256,1460432
result_SELECT_10_FermiHubbard2D_cylinder_0_0_2,inner,1,SA,0.01,Double,Yes_Kink,5590,1547833
result_SELECT_10_FermiHubbard2D_cylinder_0_0_2,inner,1,SA,0.01,Proj,No_MSF,4442,30580
result_SELECT_10_FermiHubbard2D_cylinder_0_0_2,inner,1,SA,0.01,Proj,No_Top,4442,48052
result_SELECT_10_FermiHubbard2D_cylinder_0_0_1,outer,2,SA,1,Proj,No_Kink,8840,6061404
result_SELECT_10_FermiHubbard2D_cylinder_0_0_1,outer,2,SA,1,Proj,Yes_Kink,8842,5853972
result_SELECT_10_FermiHubbard2D_cylinder_0_0_2,inner,1,SA,0.01,Single,No_Kink,4941,1370323
result_SELECT_10_FermiHubbard2D_cylinder_0_0_2,inner,1,SA,0.01,Single,No_MSF,4940,1124311
result_SELECT_10_FermiHubbard2D_cylinder_0_0_2,inner,1,SA,0.01,Single,No_Top,4940,1141703
result_SELECT_10_FermiHubbard2D_cylinder_0_0_2,inner,1,SA,0.1,Double,No_MSF,4869,1108424
result_SELECT_10_FermiHubbard2D_cylinder_0_0_2,inner,1,SA,0.1,Double,No_Top,4869,1125750
result_SELECT_10_FermiHubbard2D_cylinder_0_0_2,inner,1,SA,0.1,Double,No_Kink,5026,1389308
result_SELECT_10_FermiHubbard2D_cylinder_0_0_2,inner,1,SA,0.1,Double,Yes_Kink,5135,1425634
result_SELECT_10_FermiHubbard2D_cylinder_0_0_2,inner,1,SA,0.1,Proj,No_MSF,4442,30580
result_SELECT_10_FermiHubbard2D_cylinder_0_0_2,inner,1,SA,0.1,Proj,No_Top,4442,48052
result_SELECT_10_FermiHubbard2D_cylinder_0_0_2,inner,1,SA,0.001,Proj,No_Kink,5652,4842778
result_SELECT_10_FermiHubbard2D_cylinder_0_0_2,inner,1,SA,0.1,Single,No_Kink,4944,1359018
result_SELECT_10_FermiHubbard2D_cylinder_0_0_2,inner,1,SA,0.1,Single,No_MSF,4940,1124311
result_SELECT_10_FermiHubbard2D_cylinder_0_0_2,inner,1,SA,0.1,Single,No_Top,4940,1141703
result_SELECT_10_FermiHubbard2D_cylinder_0_0_2,inner,1,SA,0.001,Proj,Yes_Kink,5711,4782607
result_SELECT_10_FermiHubbard2D_cylinder_0_0_2,inner,1,SA,1,Double,No_MSF,4869,1108424
result_SELECT_10_FermiHubbard2D_cylinder_0_0_2,inner,1,SA,1,Double,No_Top,4869,1125750
result_SELECT_10_FermiHubbard2D_cylinder_0_0_2,inner,1,SA,1,Double,No_Kink,4919,1355879
result_SELECT_10_FermiHubbard2D_cylinder_0_0_1,outer,2,random,0,Proj,No_Kink,8795,7253381
result_SELECT_10_FermiHubbard2D_cylinder_0_0_2,inner,1,SA,1,Double,Yes_Kink,4957,1375369
result_SELECT_10_FermiHubbard2D_cylinder_0_0_2,inner,1,SA,1,Proj,No_MSF,4442,30580
result_SELECT_10_FermiHubbard2D_cylinder_0_0_2,inner,1,SA,1,Proj,No_Top,4442,48052
result_SELECT_10_FermiHubbard2D_cylinder_0_0_1,outer,2,random,0,Proj,Yes_Kink,8810,7094197
result_SELECT_10_FermiHubbard2D_cylinder_0_0_2,inner,1,SA,1,Single,No_MSF,4940,1124311
result_SELECT_10_FermiHubbard2D_cylinder_0_0_2,inner,1,SA,1,Single,No_Top,4940,1141703
result_SELECT_10_FermiHubbard2D_cylinder_0_0_2,inner,1,SA,1,Single,No_Kink,4943,1347490
result_SELECT_10_FermiHubbard2D_cylinder_0_0_2,inner,1,random,0,Double,No_MSF,4869,1108424
result_SELECT_10_FermiHubbard2D_cylinder_0_0_2,inner,1,random,0,Double,No_Top,4869,1125750
result_SELECT_10_FermiHubbard2D_cylinder_0_0_2,inner,1,random,0,Double,No_Kink,4918,1478961
result_SELECT_10_FermiHubbard2D_cylinder_0_0_2,inner,1,SA,0.01,Proj,No_Kink,5626,4869711
result_SELECT_10_FermiHubbard2D_cylinder_0_0_2,inner,1,random,0,Proj,No_MSF,4442,30580
result_SELECT_10_FermiHubbard2D_cylinder_0_0_2,inner,1,random,0,Proj,No_Top,4442,48052
result_SELECT_10_FermiHubbard2D_cylinder_0_0_2,inner,1,random,0,Double,Yes_Kink,4964,1492670
result_SELECT_10_FermiHubbard2D_cylinder_0_0_2,inner,1,SA,0.01,Proj,Yes_Kink,5672,4781732
result_SELECT_10_FermiHubbard2D_cylinder_0_0_2,inner,1,random,0,Single,No_Kink,4948,1499340
result_SELECT_10_FermiHubbard2D_cylinder_0_0_2,inner,1,random,0,Single,No_MSF,4940,1124311
result_SELECT_10_FermiHubbard2D_cylinder_0_0_2,inner,1,random,0,Single,No_Top,4940,1141703
result_SELECT_10_FermiHubbard2D_cylinder_0_0_2,inner,2,SA,0.001,Double,No_MSF,4869,1108424
result_SELECT_10_FermiHubbard2D_cylinder_0_0_2,inner,2,SA,0.001,Double,No_Top,4869,1125750
result_SELECT_10_FermiHubbard2D_cylinder_0_0_2,inner,2,SA,0.001,Double,No_Kink,4881,1309973
result_SELECT_10_FermiHubbard2D_cylinder_0_0_2,inner,1,SA,0.1,Proj,No_Kink,5592,4843738
result_SELECT_10_FermiHubbard2D_cylinder_0_0_2,inner,2,SA,0.001,Double,Yes_Kink,4900,1319243
result_SELECT_10_FermiHubbard2D_cylinder_0_0_2,inner,2,SA,0.001,Proj,No_MSF,4442,30580
result_SELECT_10_FermiHubbard2D_cylinder_0_0_2,inner,2,SA,0.001,Proj,No_Top,4442,48052
result_SELECT_10_FermiHubbard2D_cylinder_0_0_2,inner,1,SA,0.1,Proj,Yes_Kink,5657,4702197
result_SELECT_10_FermiHubbard2D_cylinder_0_0_2,inner,2,SA,0.001,Single,No_MSF,4940,1124311
result_SELECT_10_FermiHubbard2D_cylinder_0_0_2,inner,2,SA,0.001,Single,No_Top,4940,1141703
result_SELECT_10_FermiHubbard2D_cylinder_0_0_2,inner,2,SA,0.001,Single,No_Kink,4940,1302609
result_SELECT_10_FermiHubbard2D_cylinder_0_0_2,inner,2,SA,0.001,Single,Yes_Kink,4941,1329870
result_SELECT_10_FermiHubbard2D_cylinder_0_0_2,inner,2,SA,0.01,Double,No_MSF,4869,1108424
result_SELECT_10_FermiHubbard2D_cylinder_0_0_2,inner,2,SA,0.01,Double,No_Kink,4881,1312393
result_SELECT_10_FermiHubbard2D_cylinder_0_0_2,inner,2,SA,0.01,Double,No_Top,4869,1125750
result_SELECT_10_FermiHubbard2D_cylinder_0_0_2,inner,2,SA,0.01,Double,Yes_Kink,4891,1317515
result_SELECT_10_FermiHubbard2D_cylinder_0_0_2,inner,2,SA,0.01,Proj,No_MSF,4442,30580
result_SELECT_10_FermiHubbard2D_cylinder_0_0_2,inner,2,SA,0.01,Proj,No_Top,4442,48052
result_SELECT_10_FermiHubbard2D_cylinder_0_0_2,inner,1,SA,1,Proj,No_Kink,5594,4804860
result_SELECT_10_FermiHubbard2D_cylinder_0_0_2,inner,1,SA,1,Proj,Yes_Kink,5637,4638540
result_SELECT_10_FermiHubbard2D_cylinder_0_0_2,inner,2,SA,0.01,Single,No_Kink,4940,1306329
result_SELECT_10_FermiHubbard2D_cylinder_0_0_2,inner,2,SA,0.01,Single,No_MSF,4940,1124311
result_SELECT_10_FermiHubbard2D_cylinder_0_0_2,inner,2,SA,0.01,Single,No_Top,4940,1141703
result_SELECT_10_FermiHubbard2D_cylinder_0_0_2,inner,2,SA,0.01,Single,Yes_Kink,4940,1330750
result_SELECT_10_FermiHubbard2D_cylinder_0_0_2,inner,2,SA,0.1,Double,No_Kink,4878,1301387
result_SELECT_10_FermiHubbard2D_cylinder_0_0_2,inner,2,SA,0.1,Double,No_MSF,4869,1108424
result_SELECT_10_FermiHubbard2D_cylinder_0_0_2,inner,2,SA,0.1,Double,No_Top,4869,1125750
result_SELECT_10_FermiHubbard2D_cylinder_0_0_2,inner,1,random,0,Proj,No_Kink,4713,4574116
result_SELECT_10_FermiHubbard2D_cylinder_0_0_2,inner,2,SA,0.1,Proj,No_MSF,4442,30580
result_SELECT_10_FermiHubbard2D_cylinder_0_0_2,inner,2,SA,0.1,Double,Yes_Kink,4887,1308376
result_SELECT_10_FermiHubbard2D_cylinder_0_0_2,inner,2,SA,0.1,Proj,No_Top,4442,48052
result_SELECT_10_FermiHubbard2D_cylinder_0_0_2,inner,2,SA,0.1,Single,No_Kink,4940,1295257
result_SELECT_10_FermiHubbard2D_cylinder_0_0_2,inner,1,random,0,Proj,Yes_Kink,4719,4498463
result_SELECT_10_FermiHubbard2D_cylinder_0_0_2,inner,2,SA,0.1,Single,No_Top,4940,1141703
result_SELECT_10_FermiHubbard2D_cylinder_0_0_2,inner,2,SA,0.1,Single,No_MSF,4940,1124311
result_SELECT_10_FermiHubbard2D_cylinder_0_0_2,inner,2,SA,1,Double,No_Kink,4876,1290266
result_SELECT_10_FermiHubbard2D_cylinder_0_0_2,inner,2,SA,0.1,Single,Yes_Kink,4940,1322185
result_SELECT_10_FermiHubbard2D_cylinder_0_0_2,inner,2,SA,1,Double,No_MSF,4869,1108424
result_SELECT_10_FermiHubbard2D_cylinder_0_0_2,inner,2,SA,1,Double,No_Top,4869,1125750
result_SELECT_10_FermiHubbard2D_cylinder_0_0_2,inner,2,SA,1,Double,Yes_Kink,4883,1296245
result_SELECT_10_FermiHubbard2D_cylinder_0_0_2,inner,2,SA,1,Proj,No_MSF,4442,30580
result_SELECT_10_FermiHubbard2D_cylinder_0_0_2,inner,2,SA,0.001,Proj,Yes_Kink,5581,4569569
result_SELECT_10_FermiHubbard2D_cylinder_0_0_2,inner,2,SA,1,Proj,No_Top,4442,48052
result_SELECT_10_FermiHubbard2D_cylinder_0_0_2,inner,2,SA,0.001,Proj,No_Kink,5575,4748157
result_SELECT_10_FermiHubbard2D_cylinder_0_0_2,inner,2,SA,1,Single,No_MSF,4940,1124311
result_SELECT_10_FermiHubbard2D_cylinder_0_0_2,inner,2,SA,1,Single,No_Top,4940,1141703
result_SELECT_10_FermiHubbard2D_cylinder_0_0_2,inner,2,SA,1,Single,No_Kink,4940,1284935
result_SELECT_10_FermiHubbard2D_cylinder_0_0_2,inner,2,SA,1,Single,Yes_Kink,4940,1310799
result_SELECT_10_FermiHubbard2D_cylinder_0_0_2,inner,2,random,0,Double,No_MSF,4869,1108424
result_SELECT_10_FermiHubbard2D_cylinder_0_0_2,inner,2,random,0,Double,No_Top,4869,1125750
result_SELECT_10_FermiHubbard2D_cylinder_0_0_2,inner,2,random,0,Double,No_Kink,4874,1407470
result_SELECT_10_FermiHubbard2D_cylinder_0_0_2,inner,2,SA,0.01,Proj,No_Kink,5560,4531837
result_SELECT_10_FermiHubbard2D_cylinder_0_0_2,inner,2,random,0,Proj,No_MSF,4442,30580
result_SELECT_10_FermiHubbard2D_cylinder_0_0_2,inner,2,random,0,Proj,No_Top,4442,48052
result_SELECT_10_FermiHubbard2D_cylinder_0_0_2,inner,2,SA,0.01,Proj,Yes_Kink,5575,4343294
result_SELECT_10_FermiHubbard2D_cylinder_0_0_2,inner,2,random,0,Double,Yes_Kink,4899,1417845
result_SELECT_10_FermiHubbard2D_cylinder_0_0_2,inner,2,random,0,Single,No_MSF,4940,1124311
result_SELECT_10_FermiHubbard2D_cylinder_0_0_2,inner,2,random,0,Single,No_Top,4940,1141703
result_SELECT_10_FermiHubbard2D_cylinder_0_0_2,inner,2,random,0,Single,No_Kink,4940,1404277
result_SELECT_10_FermiHubbard2D_cylinder_0_0_2,inner,2,random,0,Single,Yes_Kink,4941,1420021
result_SELECT_10_FermiHubbard2D_cylinder_0_0_2,outer,1,SA,0.001,Double,No_MSF,4869,1108424
result_SELECT_10_FermiHubbard2D_cylinder_0_0_2,outer,1,SA,0.001,Double,No_Kink,4876,1365286
result_SELECT_10_FermiHubbard2D_cylinder_0_0_2,outer,1,SA,0.001,Double,No_Top,4869,1125750
result_SELECT_10_FermiHubbard2D_cylinder_0_0_2,outer,1,SA,0.001,Double,Yes_Kink,4889,1377288
result_SELECT_10_FermiHubbard2D_cylinder_0_0_2,outer,1,SA,0.001,Proj,No_MSF,4442,30580
result_SELECT_10_FermiHubbard2D_cylinder_0_0_2,outer,1,SA,0.001,Proj,No_Top,4442,48052
result_SELECT_10_FermiHubbard2D_cylinder_0_0_2,inner,2,SA,0.1,Proj,Yes_Kink,5576,4553433
result_SELECT_10_FermiHubbard2D_cylinder_0_0_2,inner,2,SA,0.1,Proj,No_Kink,5525,4668095
result_SELECT_10_FermiHubbard2D_cylinder_0_0_2,outer,1,SA,0.001,Single,No_MSF,4940,1124311
result_SELECT_10_FermiHubbard2D_cylinder_0_0_2,outer,1,SA,0.001,Single,No_Top,4940,1141703
result_SELECT_10_FermiHubbard2D_cylinder_0_0_2,outer,1,SA,0.001,Single,No_Kink,4944,1370254
result_SELECT_10_FermiHubbard2D_cylinder_0_0_2,outer,1,SA,0.01,Double,No_MSF,4869,1108424
result_SELECT_10_FermiHubbard2D_cylinder_0_0_2,outer,1,SA,0.01,Double,No_Top,4869,1125750
result_SELECT_10_FermiHubbard2D_cylinder_0_0_2,outer,1,SA,0.01,Double,No_Kink,4880,1363345
result_SELECT_10_FermiHubbard2D_cylinder_0_0_2,outer,1,SA,0.01,Double,Yes_Kink,4897,1375385
result_SELECT_10_FermiHubbard2D_cylinder_0_0_2,inner,2,SA,1,Proj,Yes_Kink,5583,4544925
result_SELECT_10_FermiHubbard2D_cylinder_0_0_2,outer,1,SA,0.01,Proj,No_MSF,4442,30580
result_SELECT_10_FermiHubbard2D_cylinder_0_0_2,outer,1,SA,0.01,Proj,No_Top,4442,48052
result_SELECT_10_FermiHubbard2D_cylinder_0_0_2,inner,2,SA,1,Proj,No_Kink,5590,4683471
result_SELECT_10_FermiHubbard2D_cylinder_0_0_2,outer,1,SA,0.01,Single,No_MSF,4940,1124311
result_SELECT_10_FermiHubbard2D_cylinder_0_0_2,outer,1,SA,0.01,Single,No_Top,4940,1141703
result_SELECT_10_FermiHubbard2D_cylinder_0_0_2,outer,1,SA,0.01,Single,No_Kink,4941,1364382
result_SELECT_10_FermiHubbard2D_cylinder_0_0_2,outer,1,SA,0.1,Double,No_MSF,4869,1108424
result_SELECT_10_FermiHubbard2D_cylinder_0_0_2,outer,1,SA,0.1,Double,No_Top,4869,1125750
result_SELECT_10_FermiHubbard2D_cylinder_0_0_2,outer,1,SA,0.1,Double,No_Kink,4878,1363572
result_SELECT_10_FermiHubbard2D_cylinder_0_0_2,outer,1,SA,0.1,Double,Yes_Kink,4884,1372180
result_SELECT_10_FermiHubbard2D_cylinder_0_0_2,inner,2,random,0,Proj,Yes_Kink,4704,4489668
result_SELECT_10_FermiHubbard2D_cylinder_0_0_2,outer,1,SA,0.1,Proj,No_MSF,4442,30580
result_SELECT_10_FermiHubbard2D_cylinder_0_0_2,inner,2,random,0,Proj,No_Kink,4711,4602532
result_SELECT_10_FermiHubbard2D_cylinder_0_0_2,outer,1,SA,0.1,Proj,No_Top,4442,48052
result_SELECT_10_FermiHubbard2D_cylinder_0_0_2,outer,1,SA,0.1,Single,No_MSF,4940,1124311
result_SELECT_10_FermiHubbard2D_cylinder_0_0_2,outer,1,SA,0.1,Single,No_Top,4940,1141703
result_SELECT_10_FermiHubbard2D_cylinder_0_0_2,outer,1,SA,0.1,Single,No_Kink,4940,1364090
result_SELECT_10_FermiHubbard2D_cylinder_0_0_2,outer,1,SA,1,Double,No_MSF,4869,1108424
result_SELECT_10_FermiHubbard2D_cylinder_0_0_2,outer,1,SA,1,Double,No_Kink,4878,1349180
result_SELECT_10_FermiHubbard2D_cylinder_0_0_2,outer,1,SA,1,Double,No_Top,4869,1125750
result_SELECT_10_FermiHubbard2D_cylinder_0_0_2,outer,1,SA,1,Double,Yes_Kink,4886,1357685
result_SELECT_10_FermiHubbard2D_cylinder_0_0_2,outer,1,SA,1,Proj,No_MSF,4442,30580
result_SELECT_10_FermiHubbard2D_cylinder_0_0_2,outer,1,SA,1,Proj,No_Top,4442,48052
result_SELECT_10_FermiHubbard2D_cylinder_0_0_2,outer,1,SA,0.001,Proj,No_Kink,5614,5164147
result_SELECT_10_FermiHubbard2D_cylinder_0_0_2,outer,1,SA,1,Single,No_Kink,4940,1351065
result_SELECT_10_FermiHubbard2D_cylinder_0_0_2,outer,1,SA,1,Single,No_MSF,4940,1124311
result_SELECT_10_FermiHubbard2D_cylinder_0_0_2,outer,1,SA,0.001,Proj,Yes_Kink,5681,5016307
result_SELECT_10_FermiHubbard2D_cylinder_0_0_2,outer,1,SA,1,Single,No_Top,4940,1141703
result_SELECT_10_FermiHubbard2D_cylinder_0_0_2,outer,1,random,0,Double,No_MSF,4869,1108424
result_SELECT_10_FermiHubbard2D_cylinder_0_0_2,outer,1,random,0,Double,No_Top,4869,1125750
result_SELECT_10_FermiHubbard2D_cylinder_0_0_2,outer,1,random,0,Double,No_Kink,4875,1466394
result_SELECT_10_FermiHubbard2D_cylinder_0_0_2,outer,1,SA,0.01,Proj,No_Kink,5355,4874415
result_SELECT_10_FermiHubbard2D_cylinder_0_0_2,outer,1,random,0,Proj,No_MSF,4442,30580
result_SELECT_10_FermiHubbard2D_cylinder_0_0_2,outer,1,random,0,Double,Yes_Kink,4894,1476153
result_SELECT_10_FermiHubbard2D_cylinder_0_0_2,outer,1,random,0,Proj,No_Top,4442,48052
result_SELECT_10_FermiHubbard2D_cylinder_0_0_2,outer,1,SA,0.01,Proj,Yes_Kink,5398,4751902
result_SELECT_10_FermiHubbard2D_cylinder_0_0_2,outer,1,random,0,Single,No_MSF,4940,1124311
result_SELECT_10_FermiHubbard2D_cylinder_0_0_2,outer,1,random,0,Single,No_Top,4940,1141703
result_SELECT_10_FermiHubbard2D_cylinder_0_0_2,outer,1,random,0,Single,No_Kink,4942,1489562
result_SELECT_10_FermiHubbard2D_cylinder_0_0_2,outer,2,SA,0.001,Double,No_Kink,4875,1313066
result_SELECT_10_FermiHubbard2D_cylinder_0_0_2,outer,2,SA,0.001,Double,No_MSF,4869,1108424
result_SELECT_10_FermiHubbard2D_cylinder_0_0_2,outer,2,SA,0.001,Double,No_Top,4869,1125750
result_SELECT_10_FermiHubbard2D_cylinder_0_0_2,outer,2,SA,0.001,Double,Yes_Kink,4889,1319299
result_SELECT_10_FermiHubbard2D_cylinder_0_0_2,outer,2,SA,0.001,Proj,No_MSF,4442,30580
result_SELECT_10_FermiHubbard2D_cylinder_0_0_2,outer,2,SA,0.001,Proj,No_Top,4442,48052
result_SELECT_10_FermiHubbard2D_cylinder_0_0_2,outer,1,SA,0.1,Proj,Yes_Kink,5412,4734494
result_SELECT_10_FermiHubbard2D_cylinder_0_0_2,outer,1,SA,0.1,Proj,No_Kink,5378,4906425
result_SELECT_10_FermiHubbard2D_cylinder_0_0_2,outer,2,SA,0.001,Single,No_MSF,4940,1124311
result_SELECT_10_FermiHubbard2D_cylinder_0_0_2,outer,2,SA,0.001,Single,No_Top,4940,1141703
result_SELECT_10_FermiHubbard2D_cylinder_0_0_2,outer,2,SA,0.001,Single,No_Kink,4940,1307438
result_SELECT_10_FermiHubbard2D_cylinder_0_0_2,outer,2,SA,0.01,Double,No_Kink,4875,1310113
result_SELECT_10_FermiHubbard2D_cylinder_0_0_2,outer,2,SA,0.001,Single,Yes_Kink,4940,1330020
result_SELECT_10_FermiHubbard2D_cylinder_0_0_2,outer,2,SA,0.01,Double,No_MSF,4869,1108424
result_SELECT_10_FermiHubbard2D_cylinder_0_0_2,outer,1,SA,1,Proj,Yes_Kink,5194,4476678
result_SELECT_10_FermiHubbard2D_cylinder_0_0_2,outer,2,SA,0.01,Double,No_Top,4869,1125750
result_SELECT_10_FermiHubbard2D_cylinder_0_0_2,outer,1,SA,1,Proj,No_Kink,5112,4574881
result_SELECT_10_FermiHubbard2D_cylinder_0_0_2,outer,2,SA,0.01,Proj,No_MSF,4442,30580
result_SELECT_10_FermiHubbard2D_cylinder_0_0_2,outer,2,SA,0.01,Proj,No_Top,4442,48052
result_SELECT_10_FermiHubbard2D_cylinder_0_0_2,outer,2,SA,0.01,Double,Yes_Kink,4884,1315185
result_SELECT_10_FermiHubbard2D_cylinder_0_0_2,outer,2,SA,0.01,Single,No_MSF,4940,1124311
result_SELECT_10_FermiHubbard2D_cylinder_0_0_2,outer,2,SA,0.01,Single,No_Top,4940,1141703
result_SELECT_10_FermiHubbard2D_cylinder_0_0_2,outer,2,SA,0.01,Single,No_Kink,4940,1304188
result_SELECT_10_FermiHubbard2D_cylinder_0_0_2,outer,2,SA,0.01,Single,Yes_Kink,4940,1329612
result_SELECT_10_FermiHubbard2D_cylinder_0_0_2,outer,2,SA,0.1,Double,No_Kink,4878,1309519
result_SELECT_10_FermiHubbard2D_cylinder_0_0_2,outer,2,SA,0.1,Double,No_MSF,4869,1108424
result_SELECT_10_FermiHubbard2D_cylinder_0_0_2,outer,2,SA,0.1,Double,No_Top,4869,1125750
result_SELECT_10_FermiHubbard2D_cylinder_0_0_2,outer,2,SA,0.1,Double,Yes_Kink,4888,1314761
result_SELECT_10_FermiHubbard2D_cylinder_0_0_2,outer,2,SA,0.1,Proj,No_MSF,4442,30580
result_SELECT_10_FermiHubbard2D_cylinder_0_0_2,outer,2,SA,0.1,Proj,No_Top,4442,48052
result_SELECT_10_FermiHubbard2D_cylinder_0_0_2,outer,1,random,0,Proj,No_Kink,4722,4490280
result_SELECT_10_FermiHubbard2D_cylinder_0_0_2,outer,2,SA,0.1,Single,No_Kink,4941,1304055
result_SELECT_10_FermiHubbard2D_cylinder_0_0_2,outer,1,random,0,Proj,Yes_Kink,4733,4429678
result_SELECT_10_FermiHubbard2D_cylinder_0_0_2,outer,2,SA,0.1,Single,No_MSF,4940,1124311
result_SELECT_10_FermiHubbard2D_cylinder_0_0_2,outer,2,SA,0.1,Single,No_Top,4940,1141703
result_SELECT_10_FermiHubbard2D_cylinder_0_0_2,outer,2,SA,0.1,Single,Yes_Kink,4940,1327485
result_SELECT_10_FermiHubbard2D_cylinder_0_0_2,outer,2,SA,1,Double,No_MSF,4869,1108424
result_SELECT_10_FermiHubbard2D_cylinder_0_0_2,outer,2,SA,1,Double,No_Kink,4938,1332965
result_SELECT_10_FermiHubbard2D_cylinder_0_0_2,outer,2,SA,1,Double,No_Top,4869,1125750
result_SELECT_10_FermiHubbard2D_cylinder_0_0_2,outer,2,SA,1,Double,Yes_Kink,4954,1339711
result_SELECT_10_FermiHubbard2D_cylinder_0_0_2,outer,2,SA,1,Proj,No_MSF,4442,30580
result_SELECT_10_FermiHubbard2D_cylinder_0_0_2,outer,2,SA,1,Proj,No_Top,4442,48052
result_SELECT_10_FermiHubbard2D_cylinder_0_0_2,outer,2,SA,0.001,Proj,No_Kink,5542,4980548
result_SELECT_10_FermiHubbard2D_cylinder_0_0_2,outer,2,SA,0.001,Proj,Yes_Kink,5564,4783804
result_SELECT_10_FermiHubbard2D_cylinder_0_0_2,outer,2,SA,1,Single,No_Kink,4940,1293646
result_SELECT_10_FermiHubbard2D_cylinder_0_0_2,outer,2,SA,1,Single,No_MSF,4940,1124311
result_SELECT_10_FermiHubbard2D_cylinder_0_0_2,outer,2,SA,1,Single,No_Top,4940,1141703
result_SELECT_10_FermiHubbard2D_cylinder_0_0_2,outer,2,SA,1,Single,Yes_Kink,4940,1319067
result_SELECT_10_FermiHubbard2D_cylinder_0_0_2,outer,2,random,0,Double,No_MSF,4869,1108424
result_SELECT_10_FermiHubbard2D_cylinder_0_0_2,outer,2,random,0,Double,No_Kink,4875,1403897
result_SELECT_10_FermiHubbard2D_cylinder_0_0_2,outer,2,random,0,Double,No_Top,4869,1125750
result_SELECT_10_FermiHubbard2D_cylinder_0_0_2,outer,2,random,0,Double,Yes_Kink,4898,1411697
result_SELECT_10_FermiHubbard2D_cylinder_0_0_2,outer,2,SA,0.01,Proj,Yes_Kink,5692,4815402
result_SELECT_10_FermiHubbard2D_cylinder_0_0_2,outer,2,random,0,Proj,No_MSF,4442,30580
result_SELECT_10_FermiHubbard2D_cylinder_0_0_2,outer,2,random,0,Proj,No_Top,4442,48052
result_SELECT_10_FermiHubbard2D_cylinder_0_0_2,outer,2,SA,0.01,Proj,No_Kink,5659,5066930
result_SELECT_10_FermiHubbard2D_cylinder_0_0_2,outer,2,random,0,Single,No_MSF,4940,1124311
result_SELECT_10_FermiHubbard2D_cylinder_0_0_2,outer,2,random,0,Single,No_Top,4940,1141703
result_SELECT_10_FermiHubbard2D_cylinder_0_0_2,outer,2,random,0,Single,No_Kink,4940,1401342
result_SELECT_10_FermiHubbard2D_cylinder_0_0_2,outer,2,SA,0.1,Proj,No_Kink,5258,4717761
result_SELECT_10_FermiHubbard2D_cylinder_0_0_2,outer,2,random,0,Single,Yes_Kink,4940,1416564
result_SELECT_10_FermiHubbard2D_cylinder_0_0_3,inner,1,SA,0.001,Double,No_MSF,2595,714306
result_SELECT_10_FermiHubbard2D_cylinder_0_0_3,inner,1,SA,0.001,Double,No_Kink,2608,983161
result_SELECT_10_FermiHubbard2D_cylinder_0_0_2,outer,2,SA,0.1,Proj,Yes_Kink,5292,4551768
result_SELECT_10_FermiHubbard2D_cylinder_0_0_3,inner,1,SA,0.001,Double,No_Top,2595,732270
result_SELECT_10_FermiHubbard2D_cylinder_0_0_3,inner,1,SA,0.001,Proj,No_MSF,2318,31028
result_SELECT_10_FermiHubbard2D_cylinder_0_0_3,inner,1,SA,0.001,Proj,No_Top,2318,49076
result_SELECT_10_FermiHubbard2D_cylinder_0_0_3,inner,1,SA,0.001,Double,Yes_Kink,2624,997446
result_SELECT_10_FermiHubbard2D_cylinder_0_0_3,inner,1,SA,0.001,Single,No_Kink,2653,995130
result_SELECT_10_FermiHubbard2D_cylinder_0_0_3,inner,1,SA,0.001,Single,No_MSF,2640,727236
result_SELECT_10_FermiHubbard2D_cylinder_0_0_3,inner,1,SA,0.001,Single,No_Top,2640,745132
result_SELECT_10_FermiHubbard2D_cylinder_0_0_3,inner,1,SA,0.01,Double,No_MSF,2595,714306
result_SELECT_10_FermiHubbard2D_cylinder_0_0_3,inner,1,SA,0.01,Double,No_Top,2595,732270
result_SELECT_10_FermiHubbard2D_cylinder_0_0_3,inner,1,SA,0.01,Double,No_Kink,2675,992965
result_SELECT_10_FermiHubbard2D_cylinder_0_0_3,inner,1,SA,0.01,Double,Yes_Kink,2667,1001385
result_SELECT_10_FermiHubbard2D_cylinder_0_0_3,inner,1,SA,0.01,Proj,No_MSF,2318,31028
result_SELECT_10_FermiHubbard2D_cylinder_0_0_3,inner,1,SA,0.01,Proj,No_Top,2318,49076
result_SELECT_10_FermiHubbard2D_cylinder_0_0_2,outer,2,SA,1,Proj,No_Kink,5400,4615390
result_SELECT_10_FermiHubbard2D_cylinder_0_0_2,outer,2,SA,1,Proj,Yes_Kink,5421,4376174
result_SELECT_10_FermiHubbard2D_cylinder_0_0_3,inner,1,SA,0.01,Single,No_MSF,2640,727236
result_SELECT_10_FermiHubbard2D_cylinder_0_0_3,inner,1,SA,0.01,Single,No_Top,2640,745132
result_SELECT_10_FermiHubbard2D_cylinder_0_0_3,inner,1,SA,0.01,Single,No_Kink,2718,1001647
result_SELECT_10_FermiHubbard2D_cylinder_0_0_3,inner,1,SA,0.1,Double,No_MSF,2595,714306
result_SELECT_10_FermiHubbard2D_cylinder_0_0_3,inner,1,SA,0.1,Double,No_Kink,2650,981629
result_SELECT_10_FermiHubbard2D_cylinder_0_0_3,inner,1,SA,0.1,Double,No_Top,2595,732270
result_SELECT_10_FermiHubbard2D_cylinder_0_0_2,outer,2,random,0,Proj,No_Kink,4713,4317825
result_SELECT_10_FermiHubbard2D_cylinder_0_0_2,outer,2,random,0,Proj,Yes_Kink,4715,4169098
result_SELECT_10_FermiHubbard2D_cylinder_0_0_3,inner,1,SA,0.1,Double,Yes_Kink,2667,997369
result_SELECT_10_FermiHubbard2D_cylinder_0_0_3,inner,1,SA,0.1,Proj,No_MSF,2318,31028
result_SELECT_10_FermiHubbard2D_cylinder_0_0_3,inner,1,SA,0.1,Proj,No_Top,2318,49076
result_SELECT_10_FermiHubbard2D_cylinder_0_0_3,inner,1,SA,0.1,Single,No_MSF,2640,727236
result_SELECT_10_FermiHubbard2D_cylinder_0_0_3,inner,1,SA,0.1,Single,No_Top,2640,745132
result_SELECT_10_FermiHubbard2D_cylinder_0_0_3,inner,1,SA,0.1,Single,No_Kink,2713,994376
result_SELECT_10_FermiHubbard2D_cylinder_0_0_3,inner,1,SA,0.001,Proj,No_Kink,3074,3536680
result_SELECT_10_FermiHubbard2D_cylinder_0_0_3,inner,1,SA,1,Double,No_MSF,2595,714306
result_SELECT_10_FermiHubbard2D_cylinder_0_0_3,inner,1,SA,1,Double,No_Top,2595,732270
result_SELECT_10_FermiHubbard2D_cylinder_0_0_3,inner,1,SA,1,Double,No_Kink,2610,959172
result_SELECT_10_FermiHubbard2D_cylinder_0_0_3,inner,1,SA,1,Proj,No_MSF,2318,31028
result_SELECT_10_FermiHubbard2D_cylinder_0_0_3,inner,1,SA,0.001,Proj,Yes_Kink,3115,3459959
result_SELECT_10_FermiHubbard2D_cylinder_0_0_3,inner,1,SA,1,Proj,No_Top,2318,49076
result_SELECT_10_FermiHubbard2D_cylinder_0_0_3,inner,1,SA,1,Double,Yes_Kink,2637,975401
result_SELECT_10_FermiHubbard2D_cylinder_0_0_3,inner,1,SA,1,Single,No_MSF,2640,727236
result_SELECT_10_FermiHubbard2D_cylinder_0_0_3,inner,1,SA,1,Single,No_Top,2640,745132
result_SELECT_10_FermiHubbard2D_cylinder_0_0_3,inner,1,SA,1,Single,No_Kink,2665,968055
result_SELECT_10_FermiHubbard2D_cylinder_0_0_3,inner,1,random,0,Double,No_MSF,2595,714306
result_SELECT_10_FermiHubbard2D_cylinder_0_0_3,inner,1,random,0,Double,No_Top,2595,732270
result_SELECT_10_FermiHubbard2D_cylinder_0_0_3,inner,1,random,0,Double,No_Kink,2662,1199241
result_SELECT_10_FermiHubbard2D_cylinder_0_0_3,inner,1,SA,0.01,Proj,No_Kink,3176,3599135
result_SELECT_10_FermiHubbard2D_cylinder_0_0_3,inner,1,random,0,Proj,No_MSF,2318,31028
result_SELECT_10_FermiHubbard2D_cylinder_0_0_3,inner,1,random,0,Proj,No_Top,2318,49076
result_SELECT_10_FermiHubbard2D_cylinder_0_0_3,inner,1,random,0,Double,Yes_Kink,2663,1209557
result_SELECT_10_FermiHubbard2D_cylinder_0_0_3,inner,1,SA,0.01,Proj,Yes_Kink,3194,3490421
result_SELECT_10_FermiHubbard2D_cylinder_0_0_3,inner,1,random,0,Single,No_MSF,2640,727236
result_SELECT_10_FermiHubbard2D_cylinder_0_0_3,inner,1,random,0,Single,No_Top,2640,745132
result_SELECT_10_FermiHubbard2D_cylinder_0_0_3,inner,2,SA,0.001,Double,No_Kink,2609,920463
result_SELECT_10_FermiHubbard2D_cylinder_0_0_3,inner,1,random,0,Single,No_Kink,2684,1265536
result_SELECT_10_FermiHubbard2D_cylinder_0_0_3,inner,2,SA,0.001,Double,No_MSF,2595,714306
result_SELECT_10_FermiHubbard2D_cylinder_0_0_3,inner,2,SA,0.001,Double,No_Top,2595,732270
result_SELECT_10_FermiHubbard2D_cylinder_0_0_3,inner,1,SA,0.1,Proj,No_Kink,3144,3492436
result_SELECT_10_FermiHubbard2D_cylinder_0_0_3,inner,2,SA,0.001,Double,Yes_Kink,2628,928430
result_SELECT_10_FermiHubbard2D_cylinder_0_0_3,inner,1,SA,0.1,Proj,Yes_Kink,3170,3372574
result_SELECT_10_FermiHubbard2D_cylinder_0_0_3,inner,2,SA,0.001,Proj,No_MSF,2318,31028
result_SELECT_10_FermiHubbard2D_cylinder_0_0_3,inner,2,SA,0.001,Proj,No_Top,2318,49076
result_SELECT_10_FermiHubbard2D_cylinder_0_0_3,inner,2,SA,0.001,Single,No_MSF,2640,727236
result_SELECT_10_FermiHubbard2D_cylinder_0_0_3,inner,2,SA,0.001,Single,No_Top,2640,745132
result_SELECT_10_FermiHubbard2D_cylinder_0_0_3,inner,2,SA,0.001,Single,No_Kink,2640,910096
result_SELECT_10_FermiHubbard2D_cylinder_0_0_3,inner,1,SA,1,Proj,No_Kink,2937,3074514
result_SELECT_10_FermiHubbard2D_cylinder_0_0_3,inner,2,SA,0.01,Double,No_MSF,2595,714306
result_SELECT_10_FermiHubbard2D_cylinder_0_0_3,inner,1,SA,1,Proj,Yes_Kink,2980,3033612
result_SELECT_10_FermiHubbard2D_cylinder_0_0_3,inner,2,SA,0.01,Double,No_Top,2595,732270
result_SELECT_10_FermiHubbard2D_cylinder_0_0_3,inner,2,SA,0.001,Single,Yes_Kink,2643,931883
result_SELECT_10_FermiHubbard2D_cylinder_0_0_3,inner,2,SA,0.01,Double,No_Kink,2606,921718
result_SELECT_10_FermiHubbard2D_cylinder_0_0_3,inner,2,SA,0.01,Proj,No_MSF,2318,31028
result_SELECT_10_FermiHubbard2D_cylinder_0_0_3,inner,2,SA,0.01,Proj,No_Top,2318,49076
result_SELECT_10_FermiHubbard2D_cylinder_0_0_3,inner,2,SA,0.01,Double,Yes_Kink,2624,931147
result_SELECT_10_FermiHubbard2D_cylinder_0_0_3,inner,2,SA,0.01,Single,No_MSF,2640,727236
result_SELECT_10_FermiHubbard2D_cylinder_0_0_3,inner,2,SA,0.01,Single,No_Kink,2640,910540
result_SELECT_10_FermiHubbard2D_cylinder_0_0_3,inner,2,SA,0.01,Single,No_Top,2640,745132
result_SELECT_10_FermiHubbard2D_cylinder_0_0_3,inner,2,SA,0.01,Single,Yes_Kink,2647,936822
result_SELECT_10_FermiHubbard2D_cylinder_0_0_3,inner,2,SA,0.1,Double,No_Kink,2607,913827
result_SELECT_10_FermiHubbard2D_cylinder_0_0_3,inner,2,SA,0.1,Double,No_Top,2595,732270
result_SELECT_10_FermiHubbard2D_cylinder_0_0_3,inner,2,SA,0.1,Double,No_MSF,2595,714306
result_SELECT_10_FermiHubbard2D_cylinder_0_0_3,inner,1,random,0,Proj,No_Kink,2601,3476711
result_SELECT_10_FermiHubbard2D_cylinder_0_0_3,inner,1,random,0,Proj,Yes_Kink,2598,3402805
result_SELECT_10_FermiHubbard2D_cylinder_0_0_3,inner,2,SA,0.1,Proj,No_MSF,2318,31028
result_SELECT_10_FermiHubbard2D_cylinder_0_0_3,inner,2,SA,0.1,Proj,No_Top,2318,49076
result_SELECT_10_FermiHubbard2D_cylinder_0_0_3,inner,2,SA,0.1,Double,Yes_Kink,2629,924710
result_SELECT_10_FermiHubbard2D_cylinder_0_0_3,inner,2,SA,0.1,Single,No_MSF,2640,727236
result_SELECT_10_FermiHubbard2D_cylinder_0_0_3,inner,2,SA,0.1,Single,No_Top,2640,745132
result_SELECT_10_FermiHubbard2D_cylinder_0_0_3,inner,2,SA,0.1,Single,No_Kink,2642,903710
result_SELECT_10_FermiHubbard2D_cylinder_0_0_3,inner,2,SA,0.001,Proj,No_Kink,2889,3171731
result_SELECT_10_FermiHubbard2D_cylinder_0_0_3,inner,2,SA,1,Double,No_MSF,2595,714306
result_SELECT_10_FermiHubbard2D_cylinder_0_0_3,inner,2,SA,0.1,Single,Yes_Kink,2649,931668
result_SELECT_10_FermiHubbard2D_cylinder_0_0_3,inner,2,SA,1,Double,No_Top,2595,732270
result_SELECT_10_FermiHubbard2D_cylinder_0_0_3,inner,2,SA,1,Double,No_Kink,2612,907049
result_SELECT_10_FermiHubbard2D_cylinder_0_0_3,inner,2,SA,1,Proj,No_MSF,2318,31028
result_SELECT_10_FermiHubbard2D_cylinder_0_0_3,inner,2,SA,0.001,Proj,Yes_Kink,2923,3054051
result_SELECT_10_FermiHubbard2D_cylinder_0_0_3,inner,2,SA,1,Double,Yes_Kink,2631,916398
result_SELECT_10_FermiHubbard2D_cylinder_0_0_3,inner,2,SA,1,Proj,No_Top,2318,49076
result_SELECT_10_FermiHubbard2D_cylinder_0_0_3,inner,2,SA,1,Single,No_MSF,2640,727236
result_SELECT_10_FermiHubbard2D_cylinder_0_0_3,inner,2,SA,1,Single,No_Top,2640,745132
result_SELECT_10_FermiHubbard2D_cylinder_0_0_3,inner,2,SA,1,Single,No_Kink,2643,896291
result_SELECT_10_FermiHubbard2D_cylinder_0_0_3,inner,2,SA,1,Single,Yes_Kink,2646,920025
result_SELECT_10_FermiHubbard2D_cylinder_0_0_3,inner,2,random,0,Double,No_MSF,2595,714306
result_SELECT_10_FermiHubbard2D_cylinder_0_0_3,inner,2,random,0,Double,No_Kink,2750,1111468
result_SELECT_10_FermiHubbard2D_cylinder_0_0_3,inner,2,SA,0.01,Proj,Yes_Kink,3107,3222790
result_SELECT_10_FermiHubbard2D_cylinder_0_0_3,inner,2,random,0,Double,No_Top,2595,732270
result_SELECT_10_FermiHubbard2D_cylinder_0_0_3,inner,2,random,0,Proj,No_MSF,2318,31028
result_SELECT_10_FermiHubbard2D_cylinder_0_0_3,inner,2,SA,0.01,Proj,No_Kink,3114,3388801
result_SELECT_10_FermiHubbard2D_cylinder_0_0_3,inner,2,random,0,Proj,No_Top,2318,49076
result_SELECT_10_FermiHubbard2D_cylinder_0_0_3,inner,2,random,0,Double,Yes_Kink,2743,1115122
result_SELECT_10_FermiHubbard2D_cylinder_0_0_3,inner,2,random,0,Single,No_MSF,2640,727236
result_SELECT_10_FermiHubbard2D_cylinder_0_0_3,inner,2,random,0,Single,No_Top,2640,745132
result_SELECT_10_FermiHubbard2D_cylinder_0_0_3,inner,2,random,0,Single,No_Kink,2643,1068792
result_SELECT_10_FermiHubbard2D_cylinder_0_0_3,inner,2,SA,0.1,Proj,No_Kink,3130,3218762
result_SELECT_10_FermiHubbard2D_cylinder_0_0_3,outer,1,SA,0.001,Double,No_MSF,2595,714306
result_SELECT_10_FermiHubbard2D_cylinder_0_0_3,outer,1,SA,0.001,Double,No_Top,2595,732270
result_SELECT_10_FermiHubbard2D_cylinder_0_0_3,inner,2,SA,0.1,Proj,Yes_Kink,3145,3120832
result_SELECT_10_FermiHubbard2D_cylinder_0_0_3,inner,2,random,0,Single,Yes_Kink,2640,1080646
result_SELECT_10_FermiHubbard2D_cylinder_0_0_3,outer,1,SA,0.001,Double,No_Kink,2618,987239
result_SELECT_10_FermiHubbard2D_cylinder_0_0_3,outer,1,SA,0.001,Proj,No_MSF,2318,31028
result_SELECT_10_FermiHubbard2D_cylinder_0_0_3,outer,1,SA,0.001,Proj,No_Top,2318,49076
result_SELECT_10_FermiHubbard2D_cylinder_0_0_3,outer,1,SA,0.001,Double,Yes_Kink,2640,1000902
result_SELECT_10_FermiHubbard2D_cylinder_0_0_3,outer,1,SA,0.001,Single,No_MSF,2640,727236
result_SELECT_10_FermiHubbard2D_cylinder_0_0_3,outer,1,SA,0.001,Single,No_Top,2640,745132
result_SELECT_10_FermiHubbard2D_cylinder_0_0_3,inner,2,SA,1,Proj,Yes_Kink,2966,2998240
result_SELECT_10_FermiHubbard2D_cylinder_0_0_3,outer,1,SA,0.01,Double,No_MSF,2595,714306
result_SELECT_10_FermiHubbard2D_cylinder_0_0_3,outer,1,SA,0.001,Single,No_Kink,2690,1002276
result_SELECT_10_FermiHubbard2D_cylinder_0_0_3,inner,2,SA,1,Proj,No_Kink,2965,3215798
result_SELECT_10_FermiHubbard2D_cylinder_0_0_3,outer,1,SA,0.01,Double,No_Top,2595,732270
result_SELECT_10_FermiHubbard2D_cylinder_0_0_3,outer,1,SA,0.01,Proj,No_MSF,2318,31028
result_SELECT_10_FermiHubbard2D_cylinder_0_0_3,outer,1,SA,0.01,Double,No_Kink,2613,986918
result_SELECT_10_FermiHubbard2D_cylinder_0_0_3,outer,1,SA,0.01,Proj,No_Top,2318,49076
result_SELECT_10_FermiHubbard2D_cylinder_0_0_3,outer,1,SA,0.01,Double,Yes_Kink,2646,1003164
result_SELECT_10_FermiHubbard2D_cylinder_0_0_3,outer,1,SA,0.01,Single,No_MSF,2640,727236
result_SELECT_10_FermiHubbard2D_cylinder_0_0_3,outer,1,SA,0.01,Single,No_Top,2640,745132
result_SELECT_10_FermiHubbard2D_cylinder_0_0_3,outer,1,SA,0.01,Single,No_Kink,2693,1005640
result_SELECT_10_FermiHubbard2D_cylinder_0_0_3,outer,1,SA,0.1,Double,No_MSF,2595,714306
result_SELECT_10_FermiHubbard2D_cylinder_0_0_3,outer,1,SA,0.1,Double,No_Top,2595,732270
result_SELECT_10_FermiHubbard2D_cylinder_0_0_3,outer,1,SA,0.1,Double,No_Kink,2620,983260
result_SELECT_10_FermiHubbard2D_cylinder_0_0_3,outer,1,SA,0.1,Double,Yes_Kink,2649,998272
result_SELECT_10_FermiHubbard2D_cylinder_0_0_3,inner,2,random,0,Proj,No_Kink,2536,3315414
result_SELECT_10_FermiHubbard2D_cylinder_0_0_3,inner,2,random,0,Proj,Yes_Kink,2543,3236666
result_SELECT_10_FermiHubbard2D_cylinder_0_0_3,outer,1,SA,0.1,Proj,No_MSF,2318,31028
result_SELECT_10_FermiHubbard2D_cylinder_0_0_3,outer,1,SA,0.1,Proj,No_Top,2318,49076
result_SELECT_10_FermiHubbard2D_cylinder_0_0_3,outer,1,SA,0.1,Single,No_MSF,2640,727236
result_SELECT_10_FermiHubbard2D_cylinder_0_0_3,outer,1,SA,0.1,Single,No_Top,2640,745132
result_SELECT_10_FermiHubbard2D_cylinder_0_0_3,outer,1,SA,0.1,Single,No_Kink,2687,994513
result_SELECT_10_FermiHubbard2D_cylinder_0_0_3,outer,1,SA,1,Double,No_MSF,2595,714306
result_SELECT_10_FermiHubbard2D_cylinder_0_0_3,outer,1,SA,1,Double,No_Kink,2621,975962
result_SELECT_10_FermiHubbard2D_cylinder_0_0_3,outer,1,SA,1,Double,No_Top,2595,732270
result_SELECT_10_FermiHubbard2D_cylinder_0_0_3,outer,1,SA,1,Double,Yes_Kink,2635,989592
result_SELECT_10_FermiHubbard2D_cylinder_0_0_3,outer,1,SA,1,Proj,No_MSF,2318,31028
result_SELECT_10_FermiHubbard2D_cylinder_0_0_3,outer,1,SA,1,Proj,No_Top,2318,49076
result_SELECT_10_FermiHubbard2D_cylinder_0_0_3,outer,1,SA,0.001,Proj,Yes_Kink,3101,3726133
result_SELECT_10_FermiHubbard2D_cylinder_0_0_3,outer,1,SA,0.001,Proj,No_Kink,3079,3863604
result_SELECT_10_FermiHubbard2D_cylinder_0_0_3,outer,1,SA,1,Single,No_MSF,2640,727236
result_SELECT_10_FermiHubbard2D_cylinder_0_0_3,outer,1,SA,1,Single,No_Top,2640,745132
result_SELECT_10_FermiHubbard2D_cylinder_0_0_3,outer,1,SA,1,Single,No_Kink,2676,992363
result_SELECT_10_FermiHubbard2D_cylinder_0_0_3,outer,1,random,0,Double,No_MSF,2595,714306
result_SELECT_10_FermiHubbard2D_cylinder_0_0_3,outer,1,random,0,Double,No_Top,2595,732270
result_SELECT_10_FermiHubbard2D_cylinder_0_0_3,outer,1,SA,0.01,Proj,No_Kink,3104,3862283
result_SELECT_10_FermiHubbard2D_cylinder_0_0_3,outer,1,SA,0.01,Proj,Yes_Kink,3140,3766306
result_SELECT_10_FermiHubbard2D_cylinder_0_0_3,outer,1,random,0,Double,No_Kink,2665,1203625
result_SELECT_10_FermiHubbard2D_cylinder_0_0_3,outer,1,random,0,Proj,No_MSF,2318,31028
result_SELECT_10_FermiHubbard2D_cylinder_0_0_3,outer,1,random,0,Proj,No_Top,2318,49076
result_SELECT_10_FermiHubbard2D_cylinder_0_0_3,outer,1,random,0,Double,Yes_Kink,2643,1216504
result_SELECT_10_FermiHubbard2D_cylinder_0_0_3,outer,1,random,0,Single,No_MSF,2640,727236
result_SELECT_10_FermiHubbard2D_cylinder_0_0_3,outer,1,SA,0.1,Proj,No_Kink,3016,3768211
result_SELECT_10_FermiHubbard2D_cylinder_0_0_3,outer,1,random,0,Single,No_Top,2640,745132
result_SELECT_10_FermiHubbard2D_cylinder_0_0_3,outer,2,SA,0.001,Double,No_MSF,2595,714306
result_SELECT_10_FermiHubbard2D_cylinder_0_0_3,outer,2,SA,0.001,Double,No_Top,2595,732270
result_SELECT_10_FermiHubbard2D_cylinder_0_0_3,outer,2,SA,0.001,Double,No_Kink,2604,926192
result_SELECT_10_FermiHubbard2D_cylinder_0_0_3,outer,1,SA,0.1,Proj,Yes_Kink,3039,3620674
result_SELECT_10_FermiHubbard2D_cylinder_0_0_3,outer,1,random,0,Single,No_Kink,2673,1270524
result_SELECT_10_FermiHubbard2D_cylinder_0_0_3,outer,2,SA,0.001,Proj,No_MSF,2318,31028
result_SELECT_10_FermiHubbard2D_cylinder_0_0_3,outer,2,SA,0.001,Proj,No_Top,2318,49076
result_SELECT_10_FermiHubbard2D_cylinder_0_0_3,outer,2,SA,0.001,Double,Yes_Kink,2613,930875
result_SELECT_10_FermiHubbard2D_cylinder_0_0_3,outer,2,SA,0.001,Single,No_MSF,2640,727236
result_SELECT_10_FermiHubbard2D_cylinder_0_0_3,outer,2,SA,0.001,Single,No_Top,2640,745132
result_SELECT_10_FermiHubbard2D_cylinder_0_0_3,outer,2,SA,0.001,Single,No_Kink,2641,916733
result_SELECT_10_FermiHubbard2D_cylinder_0_0_3,outer,1,SA,1,Proj,No_Kink,3033,3360922
result_SELECT_10_FermiHubbard2D_cylinder_0_0_3,outer,2,SA,0.01,Double,No_MSF,2595,714306
result_SELECT_10_FermiHubbard2D_cylinder_0_0_3,outer,2,SA,0.01,Double,No_Top,2595,732270
result_SELECT_10_FermiHubbard2D_cylinder_0_0_3,outer,2,SA,0.01,Double,No_Kink,2619,928507
result_SELECT_10_FermiHubbard2D_cylinder_0_0_3,outer,2,SA,0.001,Single,Yes_Kink,2658,941800
result_SELECT_10_FermiHubbard2D_cylinder_0_0_3,outer,2,SA,0.01,Proj,No_MSF,2318,31028
result_SELECT_10_FermiHubbard2D_cylinder_0_0_3,outer,1,SA,1,Proj,Yes_Kink,3066,3316419
result_SELECT_10_FermiHubbard2D_cylinder_0_0_3,outer,2,SA,0.01,Proj,No_Top,2318,49076
result_SELECT_10_FermiHubbard2D_cylinder_0_0_3,outer,2,SA,0.01,Double,Yes_Kink,2624,933338
result_SELECT_10_FermiHubbard2D_cylinder_0_0_3,outer,2,SA,0.01,Single,No_MSF,2640,727236
result_SELECT_10_FermiHubbard2D_cylinder_0_0_3,outer,2,SA,0.01,Single,No_Top,2640,745132
result_SELECT_10_FermiHubbard2D_cylinder_0_0_3,outer,2,SA,0.01,Single,No_Kink,2640,915825
result_SELECT_10_FermiHubbard2D_cylinder_0_0_3,outer,2,SA,0.01,Single,Yes_Kink,2640,939791
result_SELECT_10_FermiHubbard2D_cylinder_0_0_3,outer,2,SA,0.1,Double,No_Kink,2621,927548
result_SELECT_10_FermiHubbard2D_cylinder_0_0_3,outer,1,random,0,Proj,No_Kink,2599,3412734
result_SELECT_10_FermiHubbard2D_cylinder_0_0_3,outer,2,SA,0.1,Double,No_MSF,2595,714306
result_SELECT_10_FermiHubbard2D_cylinder_0_0_3,outer,2,SA,0.1,Double,No_Top,2595,732270
result_SELECT_10_FermiHubbard2D_cylinder_0_0_3,outer,2,SA,0.1,Proj,No_MSF,2318,31028
result_SELECT_10_FermiHubbard2D_cylinder_0_0_3,outer,2,SA,0.1,Proj,No_Top,2318,49076
result_SELECT_10_FermiHubbard2D_cylinder_0_0_3,outer,1,random,0,Proj,Yes_Kink,2596,3330223
result_SELECT_10_FermiHubbard2D_cylinder_0_0_3,outer,2,SA,0.1,Double,Yes_Kink,2627,932335
result_SELECT_10_FermiHubbard2D_cylinder_0_0_3,outer,2,SA,0.1,Single,No_MSF,2640,727236
result_SELECT_10_FermiHubbard2D_cylinder_0_0_3,outer,2,SA,0.1,Single,No_Top,2640,745132
result_SELECT_10_FermiHubbard2D_cylinder_0_0_3,outer,2,SA,0.1,Single,No_Kink,2641,915538
result_SELECT_10_FermiHubbard2D_cylinder_0_0_3,outer,2,SA,0.1,Single,Yes_Kink,2640,936745
result_SELECT_10_FermiHubbard2D_cylinder_0_0_3,outer,2,SA,1,Double,No_Kink,2605,915358
result_SELECT_10_FermiHubbard2D_cylinder_0_0_3,outer,2,SA,1,Double,No_MSF,2595,714306
result_SELECT_10_FermiHubbard2D_cylinder_0_0_3,outer,2,SA,1,Double,No_Top,2595,732270
result_SELECT_10_FermiHubbard2D_cylinder_0_0_3,outer,2,SA,0.001,Proj,Yes_Kink,2963,3355467
result_SELECT_10_FermiHubbard2D_cylinder_0_0_3,outer,2,SA,1,Proj,No_MSF,2318,31028
result_SELECT_10_FermiHubbard2D_cylinder_0_0_3,outer,2,SA,0.001,Proj,No_Kink,2958,3526986
result_SELECT_10_FermiHubbard2D_cylinder_0_0_3,outer,2,SA,1,Double,Yes_Kink,2616,922704
result_SELECT_10_FermiHubbard2D_cylinder_0_0_3,outer,2,SA,1,Proj,No_Top,2318,49076
result_SELECT_10_FermiHubbard2D_cylinder_0_0_3,outer,2,SA,1,Single,No_MSF,2640,727236
result_SELECT_10_FermiHubbard2D_cylinder_0_0_3,outer,2,SA,1,Single,No_Top,2640,745132
result_SELECT_10_FermiHubbard2D_cylinder_0_0_3,outer,2,SA,1,Single,No_Kink,2640,907013
result_SELECT_10_FermiHubbard2D_cylinder_0_0_3,outer,2,SA,1,Single,Yes_Kink,2640,929078
result_SELECT_10_FermiHubbard2D_cylinder_0_0_3,outer,2,SA,0.01,Proj,No_Kink,2956,3495873
result_SELECT_10_FermiHubbard2D_cylinder_0_0_3,outer,2,random,0,Double,No_MSF,2595,714306
result_SELECT_10_FermiHubbard2D_cylinder_0_0_3,outer,2,random,0,Double,No_Top,2595,732270
result_SELECT_10_FermiHubbard2D_cylinder_0_0_3,outer,2,random,0,Double,No_Kink,2751,1112622
result_SELECT_10_FermiHubbard2D_cylinder_0_0_3,outer,2,random,0,Proj,No_MSF,2318,31028
result_SELECT_10_FermiHubbard2D_cylinder_0_0_3,outer,2,SA,0.01,Proj,Yes_Kink,2988,3359433
result_SELECT_10_FermiHubbard2D_cylinder_0_0_3,outer,2,random,0,Proj,No_Top,2318,49076
result_SELECT_10_FermiHubbard2D_cylinder_0_0_3,outer,2,random,0,Double,Yes_Kink,2756,1115121
result_SELECT_10_FermiHubbard2D_cylinder_0_0_3,outer,2,random,0,Single,No_MSF,2640,727236
result_SELECT_10_FermiHubbard2D_cylinder_0_0_3,outer,2,random,0,Single,No_Top,2640,745132
result_SELECT_10_FermiHubbard2D_cylinder_0_0_3,outer,2,random,0,Single,No_Kink,2640,1068917
result_SELECT_10_FermiHubbard2D_cylinder_0_0_3,outer,2,SA,0.1,Proj,Yes_Kink,3023,3350889
result_SELECT_10_FermiHubbard2D_cylinder_0_0_4,inner,1,SA,0.001,Double,No_Kink,1537,807893
result_SELECT_10_FermiHubbard2D_cylinder_0_0_3,outer,2,SA,0.1,Proj,No_Kink,2997,3471783
result_SELECT_10_FermiHubbard2D_cylinder_0_0_3,outer,2,random,0,Single,Yes_Kink,2641,1081313
result_SELECT_10_FermiHubbard2D_cylinder_0_0_4,inner,1,SA,0.001,Double,No_Top,1506,532759
result_SELECT_10_FermiHubbard2D_cylinder_0_0_4,inner,1,SA,0.001,Double,No_MSF,1506,513947
result_SELECT_10_FermiHubbard2D_cylinder_0_0_4,inner,1,SA,0.001,Proj,No_MSF,1178,31860
result_SELECT_10_FermiHubbard2D_cylinder_0_0_4,inner,1,SA,0.001,Proj,No_Top,1178,50932
result_SELECT_10_FermiHubbard2D_cylinder_0_0_4,inner,1,SA,0.001,Double,Yes_Kink,1559,826406
result_SELECT_10_FermiHubbard2D_cylinder_0_0_4,inner,1,SA,0.001,Single,No_MSF,1538,526112
result_SELECT_10_FermiHubbard2D_cylinder_0_0_4,inner,1,SA,0.001,Single,No_Kink,1580,831764
result_SELECT_10_FermiHubbard2D_cylinder_0_0_3,outer,2,SA,1,Proj,No_Kink,2960,3339395
result_SELECT_10_FermiHubbard2D_cylinder_0_0_4,inner,1,SA,0.001,Single,No_Top,1538,544784
result_SELECT_10_FermiHubbard2D_cylinder_0_0_4,inner,1,SA,0.01,Double,No_MSF,1506,513947
result_SELECT_10_FermiHubbard2D_cylinder_0_0_3,outer,2,SA,1,Proj,Yes_Kink,2974,3198618
result_SELECT_10_FermiHubbard2D_cylinder_0_0_4,inner,1,SA,0.01,Double,No_Top,1506,532759
result_SELECT_10_FermiHubbard2D_cylinder_0_0_4,inner,1,SA,0.01,Proj,No_MSF,1178,31860
result_SELECT_10_FermiHubbard2D_cylinder_0_0_4,inner,1,SA,0.01,Proj,No_Top,1178,50932
result_SELECT_10_FermiHubbard2D_cylinder_0_0_4,inner,1,SA,0.01,Double,No_Kink,1530,817589
result_SELECT_10_FermiHubbard2D_cylinder_0_0_4,inner,1,SA,0.01,Double,Yes_Kink,1552,834847
result_SELECT_10_FermiHubbard2D_cylinder_0_0_4,inner,1,SA,0.01,Single,No_MSF,1538,526112
result_SELECT_10_FermiHubbard2D_cylinder_0_0_4,inner,1,SA,0.01,Single,No_Top,1538,544784
result_SELECT_10_FermiHubbard2D_cylinder_0_0_4,inner,1,SA,0.01,Single,No_Kink,1572,838713
result_SELECT_10_FermiHubbard2D_cylinder_0_0_4,inner,1,SA,0.1,Double,No_MSF,1506,513947
result_SELECT_10_FermiHubbard2D_cylinder_0_0_3,outer,2,random,0,Proj,No_Kink,2542,3314977
result_SELECT_10_FermiHubbard2D_cylinder_0_0_4,inner,1,SA,0.1,Double,No_Top,1506,532759
result_SELECT_10_FermiHubbard2D_cylinder_0_0_4,inner,1,SA,0.1,Double,No_Kink,1537,806149
result_SELECT_10_FermiHubbard2D_cylinder_0_0_4,inner,1,SA,0.1,Proj,No_MSF,1178,31860
result_SELECT_10_FermiHubbard2D_cylinder_0_0_3,outer,2,random,0,Proj,Yes_Kink,2568,3268457
result_SELECT_10_FermiHubbard2D_cylinder_0_0_4,inner,1,SA,0.1,Proj,No_Top,1178,50932
result_SELECT_10_FermiHubbard2D_cylinder_0_0_4,inner,1,SA,0.1,Double,Yes_Kink,1566,827510
result_SELECT_10_FermiHubbard2D_cylinder_0_0_4,inner,1,SA,0.1,Single,No_MSF,1538,526112
result_SELECT_10_FermiHubbard2D_cylinder_0_0_4,inner,1,SA,0.1,Single,No_Top,1538,544784
result_SELECT_10_FermiHubbard2D_cylinder_0_0_4,inner,1,SA,0.1,Single,No_Kink,1595,840280
result_SELECT_10_FermiHubbard2D_cylinder_0_0_4,inner,1,SA,1,Double,No_MSF,1506,513947
result_SELECT_10_FermiHubbard2D_cylinder_0_0_4,inner,1,SA,1,Double,No_Top,1506,532759
result_SELECT_10_FermiHubbard2D_cylinder_0_0_4,inner,1,SA,0.001,Proj,No_Kink,1621,2904022
result_SELECT_10_FermiHubbard2D_cylinder_0_0_4,inner,1,SA,1,Double,No_Kink,1545,807478
result_SELECT_10_FermiHubbard2D_cylinder_0_0_4,inner,1,SA,0.001,Proj,Yes_Kink,1638,2802621
result_SELECT_10_FermiHubbard2D_cylinder_0_0_4,inner,1,SA,1,Proj,No_MSF,1178,31860
result_SELECT_10_FermiHubbard2D_cylinder_0_0_4,inner,1,SA,1,Proj,No_Top,1178,50932
result_SELECT_10_FermiHubbard2D_cylinder_0_0_4,inner,1,SA,1,Double,Yes_Kink,1568,824852
result_SELECT_10_FermiHubbard2D_cylinder_0_0_4,inner,1,SA,1,Single,No_MSF,1538,526112
result_SELECT_10_FermiHubbard2D_cylinder_0_0_4,inner,1,SA,1,Single,No_Kink,1612,841720
result_SELECT_10_FermiHubbard2D_cylinder_0_0_4,inner,1,SA,1,Single,No_Top,1538,544784
result_SELECT_10_FermiHubbard2D_cylinder_0_0_4,inner,1,random,0,Double,No_MSF,1506,513947
result_SELECT_10_FermiHubbard2D_cylinder_0_0_4,inner,1,random,0,Double,No_Top,1506,532759
result_SELECT_10_FermiHubbard2D_cylinder_0_0_4,inner,1,SA,0.01,Proj,No_Kink,1695,3096953
result_SELECT_10_FermiHubbard2D_cylinder_0_0_4,inner,1,SA,0.01,Proj,Yes_Kink,1697,3058967
result_SELECT_10_FermiHubbard2D_cylinder_0_0_4,inner,1,random,0,Proj,No_MSF,1178,31860
result_SELECT_10_FermiHubbard2D_cylinder_0_0_4,inner,1,random,0,Proj,No_Top,1178,50932
result_SELECT_10_FermiHubbard2D_cylinder_0_0_4,inner,1,random,0,Double,No_Kink,1562,1179151
result_SELECT_10_FermiHubbard2D_cylinder_0_0_4,inner,1,random,0,Double,Yes_Kink,1584,1193681
result_SELECT_10_FermiHubbard2D_cylinder_0_0_4,inner,1,SA,0.1,Proj,No_Kink,1660,2990592
result_SELECT_10_FermiHubbard2D_cylinder_0_0_4,inner,1,random,0,Single,No_MSF,1538,526112
result_SELECT_10_FermiHubbard2D_cylinder_0_0_4,inner,1,random,0,Single,No_Top,1538,544784
result_SELECT_10_FermiHubbard2D_cylinder_0_0_4,inner,1,SA,0.1,Proj,Yes_Kink,1680,2977940
result_SELECT_10_FermiHubbard2D_cylinder_0_0_4,inner,2,SA,0.001,Double,No_MSF,1506,513947
result_SELECT_10_FermiHubbard2D_cylinder_0_0_4,inner,2,SA,0.001,Double,No_Top,1506,532759
result_SELECT_10_FermiHubbard2D_cylinder_0_0_4,inner,2,SA,0.001,Double,No_Kink,1522,744127
result_SELECT_10_FermiHubbard2D_cylinder_0_0_4,inner,2,SA,0.001,Proj,No_MSF,1178,31860
result_SELECT_10_FermiHubbard2D_cylinder_0_0_4,inner,2,SA,0.001,Double,Yes_Kink,1536,753769
result_SELECT_10_FermiHubbard2D_cylinder_0_0_4,inner,1,random,0,Single,No_Kink,1681,1322345
result_SELECT_10_FermiHubbard2D_cylinder_0_0_4,inner,2,SA,0.001,Proj,No_Top,1178,50932
result_SELECT_10_FermiHubbard2D_cylinder_0_0_4,inner,2,SA,0.001,Single,No_MSF,1538,526112
result_SELECT_10_FermiHubbard2D_cylinder_0_0_4,inner,1,SA,1,Proj,No_Kink,1682,2921717
result_SELECT_10_FermiHubbard2D_cylinder_0_0_4,inner,2,SA,0.001,Single,No_Top,1538,544784
result_SELECT_10_FermiHubbard2D_cylinder_0_0_4,inner,2,SA,0.001,Single,No_Kink,1546,737549
result_SELECT_10_FermiHubbard2D_cylinder_0_0_4,inner,1,SA,1,Proj,Yes_Kink,1698,2947556
result_SELECT_10_FermiHubbard2D_cylinder_0_0_4,inner,2,SA,0.01,Double,No_MSF,1506,513947
result_SELECT_10_FermiHubbard2D_cylinder_0_0_4,inner,2,SA,0.01,Double,No_Top,1506,532759
result_SELECT_10_FermiHubbard2D_cylinder_0_0_4,inner,2,SA,0.01,Double,No_Kink,1558,756237
result_SELECT_10_FermiHubbard2D_cylinder_0_0_4,inner,2,SA,0.001,Single,Yes_Kink,1556,761804
result_SELECT_10_FermiHubbard2D_cylinder_0_0_4,inner,2,SA,0.01,Proj,No_MSF,1178,31860
result_SELECT_10_FermiHubbard2D_cylinder_0_0_4,inner,2,SA,0.01,Proj,No_Top,1178,50932
result_SELECT_10_FermiHubbard2D_cylinder_0_0_4,inner,2,SA,0.01,Double,Yes_Kink,1579,768066
result_SELECT_10_FermiHubbard2D_cylinder_0_0_4,inner,2,SA,0.01,Single,No_MSF,1538,526112
result_SELECT_10_FermiHubbard2D_cylinder_0_0_4,inner,1,random,0,Proj,No_Kink,1450,2775511
result_SELECT_10_FermiHubbard2D_cylinder_0_0_4,inner,2,SA,0.01,Single,No_Top,1538,544784
result_SELECT_10_FermiHubbard2D_cylinder_0_0_4,inner,2,SA,0.01,Single,No_Kink,1546,728260
result_SELECT_10_FermiHubbard2D_cylinder_0_0_4,inner,2,SA,0.1,Double,No_MSF,1506,513947
result_SELECT_10_FermiHubbard2D_cylinder_0_0_4,inner,2,SA,0.1,Double,No_Top,1506,532759
result_SELECT_10_FermiHubbard2D_cylinder_0_0_4,inner,2,SA,0.01,Single,Yes_Kink,1544,750493
result_SELECT_10_FermiHubbard2D_cylinder_0_0_4,inner,2,SA,0.1,Double,No_Kink,1569,740108
result_SELECT_10_FermiHubbard2D_cylinder_0_0_4,inner,2,SA,0.1,Proj,No_MSF,1178,31860
result_SELECT_10_FermiHubbard2D_cylinder_0_0_4,inner,1,random,0,Proj,Yes_Kink,1457,2739582
result_SELECT_10_FermiHubbard2D_cylinder_0_0_4,inner,2,SA,0.1,Proj,No_Top,1178,50932
result_SELECT_10_FermiHubbard2D_cylinder_0_0_4,inner,2,SA,0.1,Double,Yes_Kink,1605,751786
result_SELECT_10_FermiHubbard2D_cylinder_0_0_4,inner,2,SA,0.1,Single,No_MSF,1538,526112
result_SELECT_10_FermiHubbard2D_cylinder_0_0_4,inner,2,SA,0.1,Single,No_Top,1538,544784
result_SELECT_10_FermiHubbard2D_cylinder_0_0_4,inner,2,SA,0.1,Single,No_Kink,1538,719681
result_SELECT_10_FermiHubbard2D_cylinder_0_0_4,inner,2,SA,0.1,Single,Yes_Kink,1544,746549
result_SELECT_10_FermiHubbard2D_cylinder_0_0_4,inner,2,SA,1,Double,No_MSF,1506,513947
result_SELECT_10_FermiHubbard2D_cylinder_0_0_4,inner,2,SA,0.001,Proj,No_Kink,1643,2770369
result_SELECT_10_FermiHubbard2D_cylinder_0_0_4,inner,2,SA,1,Double,No_Kink,1514,717021
result_SELECT_10_FermiHubbard2D_cylinder_0_0_4,inner,2,SA,0.001,Proj,Yes_Kink,1657,2651322
result_SELECT_10_FermiHubbard2D_cylinder_0_0_4,inner,2,SA,1,Double,No_Top,1506,532759
result_SELECT_10_FermiHubbard2D_cylinder_0_0_4,inner,2,SA,1,Proj,No_MSF,1178,31860
result_SELECT_10_FermiHubbard2D_cylinder_0_0_4,inner,2,SA,1,Proj,No_Top,1178,50932
result_SELECT_10_FermiHubbard2D_cylinder_0_0_4,inner,2,SA,1,Double,Yes_Kink,1527,725385
result_SELECT_10_FermiHubbard2D_cylinder_0_0_4,inner,2,SA,1,Single,No_MSF,1538,526112
result_SELECT_10_FermiHubbard2D_cylinder_0_0_4,inner,2,SA,1,Single,No_Kink,1540,707297
result_SELECT_10_FermiHubbard2D_cylinder_0_0_4,inner,2,SA,1,Single,No_Top,1538,544784
result_SELECT_10_FermiHubbard2D_cylinder_0_0_4,inner,2,SA,0.01,Proj,No_Kink,1621,2523858
result_SELECT_10_FermiHubbard2D_cylinder_0_0_4,inner,2,random,0,Double,No_MSF,1506,513947
result_SELECT_10_FermiHubbard2D_cylinder_0_0_4,inner,2,SA,0.01,Proj,Yes_Kink,1640,2519670
result_SELECT_10_FermiHubbard2D_cylinder_0_0_4,inner,2,SA,1,Single,Yes_Kink,1540,730233
result_SELECT_10_FermiHubbard2D_cylinder_0_0_4,inner,2,random,0,Double,No_Top,1506,532759
result_SELECT_10_FermiHubbard2D_cylinder_0_0_4,inner,2,random,0,Proj,No_MSF,1178,31860
result_SELECT_10_FermiHubbard2D_cylinder_0_0_4,inner,2,random,0,Proj,No_Top,1178,50932
result_SELECT_10_FermiHubbard2D_cylinder_0_0_4,inner,2,random,0,Double,No_Kink,1528,980271
result_SELECT_10_FermiHubbard2D_cylinder_0_0_4,inner,2,random,0,Double,Yes_Kink,1535,990296
result_SELECT_10_FermiHubbard2D_cylinder_0_0_4,inner,2,SA,0.1,Proj,No_Kink,1616,2693275
result_SELECT_10_FermiHubbard2D_cylinder_0_0_4,inner,2,random,0,Single,No_MSF,1538,526112
result_SELECT_10_FermiHubbard2D_cylinder_0_0_4,inner,2,random,0,Single,No_Top,1538,544784
result_SELECT_10_FermiHubbard2D_cylinder_0_0_4,inner,2,SA,0.1,Proj,Yes_Kink,1621,2587071
result_SELECT_10_FermiHubbard2D_cylinder_0_0_4,inner,2,random,0,Single,No_Kink,1555,978401
result_SELECT_10_FermiHubbard2D_cylinder_0_0_4,outer,1,SA,0.001,Double,No_MSF,1506,513947
result_SELECT_10_FermiHubbard2D_cylinder_0_0_4,outer,1,SA,0.001,Double,No_Top,1506,532759
result_SELECT_10_FermiHubbard2D_cylinder_0_0_4,outer,1,SA,0.001,Double,No_Kink,1528,828185
result_SELECT_10_FermiHubbard2D_cylinder_0_0_4,outer,1,SA,0.001,Proj,No_MSF,1178,31860
result_SELECT_10_FermiHubbard2D_cylinder_0_0_4,inner,2,random,0,Single,Yes_Kink,1545,989325
result_SELECT_10_FermiHubbard2D_cylinder_0_0_4,outer,1,SA,0.001,Proj,No_Top,1178,50932
result_SELECT_10_FermiHubbard2D_cylinder_0_0_4,outer,1,SA,0.001,Double,Yes_Kink,1552,848362
result_SELECT_10_FermiHubbard2D_cylinder_0_0_4,inner,2,SA,1,Proj,No_Kink,1636,2616318
result_SELECT_10_FermiHubbard2D_cylinder_0_0_4,outer,1,SA,0.001,Single,No_MSF,1538,526112
result_SELECT_10_FermiHubbard2D_cylinder_0_0_4,outer,1,SA,0.001,Single,No_Top,1538,544784
result_SELECT_10_FermiHubbard2D_cylinder_0_0_4,inner,2,SA,1,Proj,Yes_Kink,1646,2543213
result_SELECT_10_FermiHubbard2D_cylinder_0_0_4,outer,1,SA,0.01,Double,No_MSF,1506,513947
result_SELECT_10_FermiHubbard2D_cylinder_0_0_4,outer,1,SA,0.01,Double,No_Top,1506,532759
result_SELECT_10_FermiHubbard2D_cylinder_0_0_4,outer,1,SA,0.001,Single,No_Kink,1599,868259
result_SELECT_10_FermiHubbard2D_cylinder_0_0_4,outer,1,SA,0.01,Proj,No_MSF,1178,31860
result_SELECT_10_FermiHubbard2D_cylinder_0_0_4,outer,1,SA,0.01,Double,No_Kink,1531,829453
result_SELECT_10_FermiHubbard2D_cylinder_0_0_4,outer,1,SA,0.01,Proj,No_Top,1178,50932
result_SELECT_10_FermiHubbard2D_cylinder_0_0_4,outer,1,SA,0.01,Double,Yes_Kink,1556,846166
result_SELECT_10_FermiHubbard2D_cylinder_0_0_4,outer,1,SA,0.01,Single,No_MSF,1538,526112
result_SELECT_10_FermiHubbard2D_cylinder_0_0_4,outer,1,SA,0.01,Single,No_Top,1538,544784
result_SELECT_10_FermiHubbard2D_cylinder_0_0_4,outer,1,SA,0.01,Single,No_Kink,1596,863147
result_SELECT_10_FermiHubbard2D_cylinder_0_0_4,inner,2,random,0,Proj,No_Kink,1469,2808523
result_SELECT_10_FermiHubbard2D_cylinder_0_0_4,outer,1,SA,0.1,Double,No_MSF,1506,513947
result_SELECT_10_FermiHubbard2D_cylinder_0_0_4,outer,1,SA,0.1,Double,No_Top,1506,532759
result_SELECT_10_FermiHubbard2D_cylinder_0_0_4,inner,2,random,0,Proj,Yes_Kink,1465,2750001
result_SELECT_10_FermiHubbard2D_cylinder_0_0_4,outer,1,SA,0.1,Double,No_Kink,1526,820372
result_SELECT_10_FermiHubbard2D_cylinder_0_0_4,outer,1,SA,0.1,Proj,No_MSF,1178,31860
result_SELECT_10_FermiHubbard2D_cylinder_0_0_4,outer,1,SA,0.1,Proj,No_Top,1178,50932
result_SELECT_10_FermiHubbard2D_cylinder_0_0_4,outer,1,SA,0.1,Double,Yes_Kink,1539,834322
result_SELECT_10_FermiHubbard2D_cylinder_0_0_4,outer,1,SA,0.1,Single,No_MSF,1538,526112
result_SELECT_10_FermiHubbard2D_cylinder_0_0_4,outer,1,SA,0.1,Single,No_Top,1538,544784
result_SELECT_10_FermiHubbard2D_cylinder_0_0_4,outer,1,SA,0.1,Single,No_Kink,1589,856658
result_SELECT_10_FermiHubbard2D_cylinder_0_0_4,outer,1,SA,1,Double,No_MSF,1506,513947
result_SELECT_10_FermiHubbard2D_cylinder_0_0_4,outer,1,SA,1,Double,No_Top,1506,532759
result_SELECT_10_FermiHubbard2D_cylinder_0_0_4,outer,1,SA,1,Double,No_Kink,1539,828166
result_SELECT_10_FermiHubbard2D_cylinder_0_0_4,outer,1,SA,1,Double,Yes_Kink,1568,845336
result_SELECT_10_FermiHubbard2D_cylinder_0_0_4,outer,1,SA,1,Proj,No_MSF,1178,31860
result_SELECT_10_FermiHubbard2D_cylinder_0_0_4,outer,1,SA,0.001,Proj,No_Kink,1702,3212111
result_SELECT_10_FermiHubbard2D_cylinder_0_0_4,outer,1,SA,1,Proj,No_Top,1178,50932
result_SELECT_10_FermiHubbard2D_cylinder_0_0_4,outer,1,SA,0.001,Proj,Yes_Kink,1716,3138209
result_SELECT_10_FermiHubbard2D_cylinder_0_0_4,outer,1,SA,1,Single,No_MSF,1538,526112
result_SELECT_10_FermiHubbard2D_cylinder_0_0_4,outer,1,SA,1,Single,No_Top,1538,544784
result_SELECT_10_FermiHubbard2D_cylinder_0_0_4,outer,1,SA,1,Single,No_Kink,1624,875366
result_SELECT_10_FermiHubbard2D_cylinder_0_0_4,outer,1,SA,0.01,Proj,No_Kink,1673,3160267
result_SELECT_10_FermiHubbard2D_cylinder_0_0_4,outer,1,random,0,Double,No_MSF,1506,513947
result_SELECT_10_FermiHubbard2D_cylinder_0_0_4,outer,1,random,0,Double,No_Top,1506,532759
result_SELECT_10_FermiHubbard2D_cylinder_0_0_4,outer,1,SA,0.01,Proj,Yes_Kink,1681,3117658
result_SELECT_10_FermiHubbard2D_cylinder_0_0_4,outer,1,random,0,Double,No_Kink,1540,1156741
result_SELECT_10_FermiHubbard2D_cylinder_0_0_4,outer,1,random,0,Proj,No_MSF,1178,31860
result_SELECT_10_FermiHubbard2D_cylinder_0_0_4,outer,1,random,0,Proj,No_Top,1178,50932
result_SELECT_10_FermiHubbard2D_cylinder_0_0_4,outer,1,random,0,Double,Yes_Kink,1555,1177703
result_SELECT_10_FermiHubbard2D_cylinder_0_0_4,outer,1,SA,0.1,Proj,No_Kink,1688,3183257
result_SELECT_10_FermiHubbard2D_cylinder_0_0_4,outer,1,random,0,Single,No_MSF,1538,526112
result_SELECT_10_FermiHubbard2D_cylinder_0_0_4,outer,1,SA,0.1,Proj,Yes_Kink,1709,3138308
result_SELECT_10_FermiHubbard2D_cylinder_0_0_4,outer,1,random,0,Single,No_Top,1538,544784
result_SELECT_10_FermiHubbard2D_cylinder_0_0_4,outer,2,SA,0.001,Double,No_MSF,1506,513947
result_SELECT_10_FermiHubbard2D_cylinder_0_0_4,outer,2,SA,0.001,Double,No_Top,1506,532759
result_SELECT_10_FermiHubbard2D_cylinder_0_0_4,outer,2,SA,0.001,Double,No_Kink,1552,774516
result_SELECT_10_FermiHubbard2D_cylinder_0_0_4,outer,2,SA,0.001,Proj,No_MSF,1178,31860
result_SELECT_10_FermiHubbard2D_cylinder_0_0_4,outer,2,SA,0.001,Double,Yes_Kink,1557,780099
result_SELECT_10_FermiHubbard2D_cylinder_0_0_4,outer,2,SA,0.001,Proj,No_Top,1178,50932
result_SELECT_10_FermiHubbard2D_cylinder_0_0_4,outer,1,random,0,Single,No_Kink,1619,1322004
result_SELECT_10_FermiHubbard2D_cylinder_0_0_4,outer,1,SA,1,Proj,No_Kink,1689,2909078
result_SELECT_10_FermiHubbard2D_cylinder_0_0_4,outer,2,SA,0.001,Single,No_MSF,1538,526112
result_SELECT_10_FermiHubbard2D_cylinder_0_0_4,outer,2,SA,0.001,Single,No_Kink,1569,765065
result_SELECT_10_FermiHubbard2D_cylinder_0_0_4,outer,2,SA,0.001,Single,No_Top,1538,544784
result_SELECT_10_FermiHubbard2D_cylinder_0_0_4,outer,1,SA,1,Proj,Yes_Kink,1702,2915076
result_SELECT_10_FermiHubbard2D_cylinder_0_0_4,outer,2,SA,0.01,Double,No_MSF,1506,513947
result_SELECT_10_FermiHubbard2D_cylinder_0_0_4,outer,2,SA,0.01,Double,No_Top,1506,532759
result_SELECT_10_FermiHubbard2D_cylinder_0_0_4,outer,2,SA,0.001,Single,Yes_Kink,1577,793713
result_SELECT_10_FermiHubbard2D_cylinder_0_0_4,outer,2,SA,0.01,Double,No_Kink,1561,768215
result_SELECT_10_FermiHubbard2D_cylinder_0_0_4,outer,2,SA,0.01,Proj,No_MSF,1178,31860
result_SELECT_10_FermiHubbard2D_cylinder_0_0_4,outer,2,SA,0.01,Proj,No_Top,1178,50932
result_SELECT_10_FermiHubbard2D_cylinder_0_0_4,outer,2,SA,0.01,Double,Yes_Kink,1588,782144
result_SELECT_10_FermiHubbard2D_cylinder_0_0_4,outer,1,random,0,Proj,No_Kink,1479,2834219
result_SELECT_10_FermiHubbard2D_cylinder_0_0_4,outer,2,SA,0.01,Single,No_MSF,1538,526112
result_SELECT_10_FermiHubbard2D_cylinder_0_0_4,outer,2,SA,0.01,Single,No_Top,1538,544784
result_SELECT_10_FermiHubbard2D_cylinder_0_0_4,outer,2,SA,0.01,Single,No_Kink,1543,743571
result_SELECT_10_FermiHubbard2D_cylinder_0_0_4,outer,2,SA,0.1,Double,No_MSF,1506,513947
result_SELECT_10_FermiHubbard2D_cylinder_0_0_4,outer,2,SA,0.1,Double,No_Top,1506,532759
result_SELECT_10_FermiHubbard2D_cylinder_0_0_4,outer,2,SA,0.1,Double,No_Kink,1521,749666
result_SELECT_10_FermiHubbard2D_cylinder_0_0_4,outer,2,SA,0.01,Single,Yes_Kink,1551,769915
result_SELECT_10_FermiHubbard2D_cylinder_0_0_4,outer,1,random,0,Proj,Yes_Kink,1483,2797363
result_SELECT_10_FermiHubbard2D_cylinder_0_0_4,outer,2,SA,0.1,Proj,No_MSF,1178,31860
result_SELECT_10_FermiHubbard2D_cylinder_0_0_4,outer,2,SA,0.1,Proj,No_Top,1178,50932
result_SELECT_10_FermiHubbard2D_cylinder_0_0_4,outer,2,SA,0.1,Double,Yes_Kink,1532,757694
result_SELECT_10_FermiHubbard2D_cylinder_0_0_4,outer,2,SA,0.1,Single,No_MSF,1538,526112
result_SELECT_10_FermiHubbard2D_cylinder_0_0_4,outer,2,SA,0.1,Single,No_Top,1538,544784
result_SELECT_10_FermiHubbard2D_cylinder_0_0_4,outer,2,SA,0.1,Single,No_Kink,1541,740531
result_SELECT_10_FermiHubbard2D_cylinder_0_0_4,outer,2,SA,0.1,Single,Yes_Kink,1543,767023
result_SELECT_10_FermiHubbard2D_cylinder_0_0_4,outer,2,SA,1,Double,No_Kink,1606,777736
result_SELECT_10_FermiHubbard2D_cylinder_0_0_4,outer,2,SA,0.001,Proj,No_Kink,1702,3050923
result_SELECT_10_FermiHubbard2D_cylinder_0_0_4,outer,2,SA,1,Double,No_MSF,1506,513947
result_SELECT_10_FermiHubbard2D_cylinder_0_0_4,outer,2,SA,1,Double,No_Top,1506,532759
result_SELECT_10_FermiHubbard2D_cylinder_0_0_4,outer,2,SA,1,Proj,No_MSF,1178,31860
result_SELECT_10_FermiHubbard2D_cylinder_0_0_4,outer,2,SA,0.001,Proj,Yes_Kink,1712,2966305
result_SELECT_10_FermiHubbard2D_cylinder_0_0_4,outer,2,SA,1,Proj,No_Top,1178,50932
result_SELECT_10_FermiHubbard2D_cylinder_0_0_4,outer,2,SA,1,Double,Yes_Kink,1619,784273
result_SELECT_10_FermiHubbard2D_cylinder_0_0_4,outer,2,SA,1,Single,No_MSF,1538,526112
result_SELECT_10_FermiHubbard2D_cylinder_0_0_4,outer,2,SA,1,Single,No_Top,1538,544784
result_SELECT_10_FermiHubbard2D_cylinder_0_0_4,outer,2,SA,1,Single,No_Kink,1539,729075
result_SELECT_10_FermiHubbard2D_cylinder_0_0_4,outer,2,SA,1,Single,Yes_Kink,1540,752183
result_SELECT_10_FermiHubbard2D_cylinder_0_0_4,outer,2,SA,0.01,Proj,Yes_Kink,1669,2897733
result_SELECT_10_FermiHubbard2D_cylinder_0_0_4,outer,2,SA,0.01,Proj,No_Kink,1660,2922585
result_SELECT_10_FermiHubbard2D_cylinder_0_0_4,outer,2,random,0,Double,No_MSF,1506,513947
result_SELECT_10_FermiHubbard2D_cylinder_0_0_4,outer,2,random,0,Double,No_Top,1506,532759
result_SELECT_10_FermiHubbard2D_cylinder_0_0_4,outer,2,random,0,Proj,No_MSF,1178,31860
result_SELECT_10_FermiHubbard2D_cylinder_0_0_4,outer,2,random,0,Double,No_Kink,1523,968199
result_SELECT_10_FermiHubbard2D_cylinder_0_0_4,outer,2,random,0,Proj,No_Top,1178,50932
result_SELECT_10_FermiHubbard2D_cylinder_0_0_4,outer,2,random,0,Double,Yes_Kink,1538,979204
result_SELECT_10_FermiHubbard2D_cylinder_0_0_4,outer,2,random,0,Single,No_MSF,1538,526112
result_SELECT_10_FermiHubbard2D_cylinder_0_0_4,outer,2,SA,0.1,Proj,No_Kink,1656,2883811
result_SELECT_10_FermiHubbard2D_cylinder_0_0_4,outer,2,random,0,Single,No_Kink,1541,964456
result_SELECT_10_FermiHubbard2D_cylinder_0_0_4,outer,2,random,0,Single,No_Top,1538,544784
result_SELECT_10_FermiHubbard2D_cylinder_0_0_4,outer,2,SA,0.1,Proj,Yes_Kink,1665,2843336
result_SELECT_10_FermiHubbard2D_cylinder_0_0_5,inner,1,SA,0.001,Double,No_MSF,860,403938
result_SELECT_10_FermiHubbard2D_cylinder_0_0_5,inner,1,SA,0.001,Double,No_Top,860,424127
result_SELECT_10_FermiHubbard2D_cylinder_0_0_5,inner,1,SA,0.001,Double,No_Kink,873,697454
result_SELECT_10_FermiHubbard2D_cylinder_0_0_5,inner,1,SA,0.001,Proj,No_MSF,770,33396
result_SELECT_10_FermiHubbard2D_cylinder_0_0_4,outer,2,random,0,Single,Yes_Kink,1542,975484
result_SELECT_10_FermiHubbard2D_cylinder_0_0_5,inner,1,SA,0.001,Proj,No_Top,770,54260
result_SELECT_10_FermiHubbard2D_cylinder_0_0_5,inner,1,SA,0.001,Double,Yes_Kink,890,718276
result_SELECT_10_FermiHubbard2D_cylinder_0_0_5,inner,1,SA,0.001,Single,No_MSF,881,418011
result_SELECT_10_FermiHubbard2D_cylinder_0_0_4,outer,2,SA,1,Proj,No_Kink,1623,2732138
result_SELECT_10_FermiHubbard2D_cylinder_0_0_5,inner,1,SA,0.001,Single,No_Top,881,437939
result_SELECT_10_FermiHubbard2D_cylinder_0_0_5,inner,1,SA,0.01,Double,No_MSF,860,403938
result_SELECT_10_FermiHubbard2D_cylinder_0_0_4,outer,2,SA,1,Proj,Yes_Kink,1626,2731646
result_SELECT_10_FermiHubbard2D_cylinder_0_0_5,inner,1,SA,0.001,Single,No_Kink,911,719915
result_SELECT_10_FermiHubbard2D_cylinder_0_0_5,inner,1,SA,0.01,Double,No_Top,860,424127
result_SELECT_10_FermiHubbard2D_cylinder_0_0_5,inner,1,SA,0.01,Proj,No_MSF,770,33396
result_SELECT_10_FermiHubbard2D_cylinder_0_0_5,inner,1,SA,0.01,Double,No_Kink,879,687727
result_SELECT_10_FermiHubbard2D_cylinder_0_0_5,inner,1,SA,0.01,Proj,No_Top,770,54260
result_SELECT_10_FermiHubbard2D_cylinder_0_0_5,inner,1,SA,0.01,Double,Yes_Kink,897,706469
result_SELECT_10_FermiHubbard2D_cylinder_0_0_4,outer,2,random,0,Proj,No_Kink,1454,2832181
result_SELECT_10_FermiHubbard2D_cylinder_0_0_5,inner,1,SA,0.01,Single,No_MSF,881,418011
result_SELECT_10_FermiHubbard2D_cylinder_0_0_5,inner,1,SA,0.01,Single,No_Kink,905,706180
result_SELECT_10_FermiHubbard2D_cylinder_0_0_5,inner,1,SA,0.01,Single,No_Top,881,437939
result_SELECT_10_FermiHubbard2D_cylinder_0_0_5,inner,1,SA,0.1,Double,No_Top,860,424127
result_SELECT_10_FermiHubbard2D_cylinder_0_0_5,inner,1,SA,0.1,Double,No_MSF,860,403938
result_SELECT_10_FermiHubbard2D_cylinder_0_0_4,outer,2,random,0,Proj,Yes_Kink,1457,2761222
result_SELECT_10_FermiHubbard2D_cylinder_0_0_5,inner,1,SA,0.1,Proj,No_MSF,770,33396
result_SELECT_10_FermiHubbard2D_cylinder_0_0_5,inner,1,SA,0.1,Proj,No_Top,770,54260
result_SELECT_10_FermiHubbard2D_cylinder_0_0_5,inner,1,SA,0.1,Double,No_Kink,876,691602
result_SELECT_10_FermiHubbard2D_cylinder_0_0_5,inner,1,SA,0.1,Double,Yes_Kink,907,708577
result_SELECT_10_FermiHubbard2D_cylinder_0_0_5,inner,1,SA,0.001,Proj,No_Kink,857,2328217
result_SELECT_10_FermiHubbard2D_cylinder_0_0_5,inner,1,SA,0.1,Single,No_MSF,881,418011
result_SELECT_10_FermiHubbard2D_cylinder_0_0_5,inner,1,SA,0.1,Single,No_Top,881,437939
result_SELECT_10_FermiHubbard2D_cylinder_0_0_5,inner,1,SA,0.1,Single,No_Kink,919,703838
result_SELECT_10_FermiHubbard2D_cylinder_0_0_5,inner,1,SA,1,Double,No_MSF,860,403938
result_SELECT_10_FermiHubbard2D_cylinder_0_0_5,inner,1,SA,0.001,Proj,Yes_Kink,860,2314520
result_SELECT_10_FermiHubbard2D_cylinder_0_0_5,inner,1,SA,1,Double,No_Top,860,424127
result_SELECT_10_FermiHubbard2D_cylinder_0_0_5,inner,1,SA,1,Double,No_Kink,870,677463
result_SELECT_10_FermiHubbard2D_cylinder_0_0_5,inner,1,SA,1,Proj,No_MSF,770,33396
result_SELECT_10_FermiHubbard2D_cylinder_0_0_5,inner,1,SA,1,Proj,No_Top,770,54260
result_SELECT_10_FermiHubbard2D_cylinder_0_0_5,inner,1,SA,1,Double,Yes_Kink,886,696373
result_SELECT_10_FermiHubbard2D_cylinder_0_0_5,inner,1,SA,0.01,Proj,No_Kink,849,2318856
result_SELECT_10_FermiHubbard2D_cylinder_0_0_5,inner,1,SA,1,Single,No_MSF,881,418011
result_SELECT_10_FermiHubbard2D_cylinder_0_0_5,inner,1,SA,1,Single,No_Top,881,437939
result_SELECT_10_FermiHubbard2D_cylinder_0_0_5,inner,1,SA,0.01,Proj,Yes_Kink,851,2270430
result_SELECT_10_FermiHubbard2D_cylinder_0_0_5,inner,1,SA,1,Single,No_Kink,909,692575
result_SELECT_10_FermiHubbard2D_cylinder_0_0_5,inner,1,random,0,Double,No_MSF,860,403938
result_SELECT_10_FermiHubbard2D_cylinder_0_0_5,inner,1,random,0,Double,No_Top,860,424127
result_SELECT_10_FermiHubbard2D_cylinder_0_0_5,inner,1,random,0,Proj,No_MSF,770,33396
result_SELECT_10_FermiHubbard2D_cylinder_0_0_5,inner,1,random,0,Proj,No_Top,770,54260
result_SELECT_10_FermiHubbard2D_cylinder_0_0_5,inner,1,SA,0.1,Proj,No_Kink,855,2276452
result_SELECT_10_FermiHubbard2D_cylinder_0_0_5,inner,1,SA,0.1,Proj,Yes_Kink,865,2241002
result_SELECT_10_FermiHubbard2D_cylinder_0_0_5,inner,1,random,0,Single,No_MSF,881,418011
result_SELECT_10_FermiHubbard2D_cylinder_0_0_5,inner,1,random,0,Single,No_Top,881,437939
result_SELECT_10_FermiHubbard2D_cylinder_0_0_5,inner,1,random,0,Double,No_Kink,910,1317673
result_SELECT_10_FermiHubbard2D_cylinder_0_0_5,inner,1,random,0,Double,Yes_Kink,929,1333675
result_SELECT_10_FermiHubbard2D_cylinder_0_0_5,inner,2,SA,0.001,Double,No_MSF,860,403938
result_SELECT_10_FermiHubbard2D_cylinder_0_0_5,inner,2,SA,0.001,Double,No_Top,860,424127
result_SELECT_10_FermiHubbard2D_cylinder_0_0_5,inner,2,SA,0.001,Double,No_Kink,870,624282
result_SELECT_10_FermiHubbard2D_cylinder_0_0_5,inner,2,SA,0.001,Proj,No_MSF,770,33396
result_SELECT_10_FermiHubbard2D_cylinder_0_0_5,inner,1,SA,1,Proj,No_Kink,851,2257712
result_SELECT_10_FermiHubbard2D_cylinder_0_0_5,inner,2,SA,0.001,Proj,No_Top,770,54260
result_SELECT_10_FermiHubbard2D_cylinder_0_0_5,inner,2,SA,0.001,Double,Yes_Kink,884,636829
result_SELECT_10_FermiHubbard2D_cylinder_0_0_5,inner,1,SA,1,Proj,Yes_Kink,854,2278926
result_SELECT_10_FermiHubbard2D_cylinder_0_0_5,inner,2,SA,0.001,Single,No_MSF,881,418011
result_SELECT_10_FermiHubbard2D_cylinder_0_0_5,inner,2,SA,0.001,Single,No_Top,881,437939
result_SELECT_10_FermiHubbard2D_cylinder_0_0_5,inner,2,SA,0.001,Single,No_Kink,888,615539
result_SELECT_10_FermiHubbard2D_cylinder_0_0_5,inner,1,random,0,Single,No_Kink,1272,1724741
result_SELECT_10_FermiHubbard2D_cylinder_0_0_5,inner,2,SA,0.01,Double,No_Top,860,424127
result_SELECT_10_FermiHubbard2D_cylinder_0_0_5,inner,2,SA,0.01,Double,No_MSF,860,403938
result_SELECT_10_FermiHubbard2D_cylinder_0_0_5,inner,2,SA,0.001,Single,Yes_Kink,884,635979
result_SELECT_10_FermiHubbard2D_cylinder_0_0_5,inner,2,SA,0.01,Double,No_Kink,875,622629
result_SELECT_10_FermiHubbard2D_cylinder_0_0_5,inner,2,SA,0.01,Proj,No_MSF,770,33396
result_SELECT_10_FermiHubbard2D_cylinder_0_0_5,inner,2,SA,0.01,Proj,No_Top,770,54260
result_SELECT_10_FermiHubbard2D_cylinder_0_0_5,inner,1,random,0,Proj,No_Kink,862,2442457
result_SELECT_10_FermiHubbard2D_cylinder_0_0_5,inner,2,SA,0.01,Double,Yes_Kink,882,629578
result_SELECT_10_FermiHubbard2D_cylinder_0_0_5,inner,2,SA,0.01,Single,No_MSF,881,418011
result_SELECT_10_FermiHubbard2D_cylinder_0_0_5,inner,2,SA,0.01,Single,No_Top,881,437939
result_SELECT_10_FermiHubbard2D_cylinder_0_0_5,inner,1,random,0,Proj,Yes_Kink,863,2415156
result_SELECT_10_FermiHubbard2D_cylinder_0_0_5,inner,2,SA,0.1,Double,No_MSF,860,403938
result_SELECT_10_FermiHubbard2D_cylinder_0_0_5,inner,2,SA,0.01,Single,No_Kink,885,610742
result_SELECT_10_FermiHubbard2D_cylinder_0_0_5,inner,2,SA,0.1,Double,No_Top,860,424127
result_SELECT_10_FermiHubbard2D_cylinder_0_0_5,inner,2,SA,0.01,Single,Yes_Kink,885,633405
result_SELECT_10_FermiHubbard2D_cylinder_0_0_5,inner,2,SA,0.1,Double,No_Kink,872,620999
result_SELECT_10_FermiHubbard2D_cylinder_0_0_5,inner,2,SA,0.1,Proj,No_MSF,770,33396
result_SELECT_10_FermiHubbard2D_cylinder_0_0_5,inner,2,SA,0.1,Proj,No_Top,770,54260
result_SELECT_10_FermiHubbard2D_cylinder_0_0_5,inner,2,SA,0.1,Double,Yes_Kink,892,633721
result_SELECT_10_FermiHubbard2D_cylinder_0_0_5,inner,2,SA,0.1,Single,No_MSF,881,418011
result_SELECT_10_FermiHubbard2D_cylinder_0_0_5,inner,2,SA,0.1,Single,No_Kink,884,609283
result_SELECT_10_FermiHubbard2D_cylinder_0_0_5,inner,2,SA,0.1,Single,No_Top,881,437939
result_SELECT_10_FermiHubbard2D_cylinder_0_0_5,inner,2,SA,0.001,Proj,No_Kink,839,2227841
result_SELECT_10_FermiHubbard2D_cylinder_0_0_5,inner,2,SA,0.001,Proj,Yes_Kink,843,2170773
result_SELECT_10_FermiHubbard2D_cylinder_0_0_5,inner,2,SA,1,Double,No_MSF,860,403938
result_SELECT_10_FermiHubbard2D_cylinder_0_0_5,inner,2,SA,0.1,Single,Yes_Kink,885,632611
result_SELECT_10_FermiHubbard2D_cylinder_0_0_5,inner,2,SA,1,Double,No_Kink,873,617122
result_SELECT_10_FermiHubbard2D_cylinder_0_0_5,inner,2,SA,1,Double,No_Top,860,424127
result_SELECT_10_FermiHubbard2D_cylinder_0_0_5,inner,2,SA,1,Proj,No_MSF,770,33396
result_SELECT_10_FermiHubbard2D_cylinder_0_0_5,inner,2,SA,1,Proj,No_Top,770,54260
result_SELECT_10_FermiHubbard2D_cylinder_0_0_5,inner,2,SA,1,Double,Yes_Kink,883,626506
result_SELECT_10_FermiHubbard2D_cylinder_0_0_5,inner,2,SA,1,Single,No_MSF,881,418011
result_SELECT_10_FermiHubbard2D_cylinder_0_0_5,inner,2,SA,1,Single,No_Kink,886,606185
result_SELECT_10_FermiHubbard2D_cylinder_0_0_5,inner,2,SA,1,Single,No_Top,881,437939
result_SELECT_10_FermiHubbard2D_cylinder_0_0_5,inner,2,SA,0.01,Proj,No_Kink,840,2313794
result_SELECT_10_FermiHubbard2D_cylinder_0_0_5,inner,2,SA,0.01,Proj,Yes_Kink,845,2273027
result_SELECT_10_FermiHubbard2D_cylinder_0_0_5,inner,2,random,0,Double,No_MSF,860,403938
result_SELECT_10_FermiHubbard2D_cylinder_0_0_5,inner,2,SA,1,Single,Yes_Kink,888,629154
result_SELECT_10_FermiHubbard2D_cylinder_0_0_5,inner,2,random,0,Double,No_Top,860,424127
result_SELECT_10_FermiHubbard2D_cylinder_0_0_5,inner,2,random,0,Proj,No_MSF,770,33396
result_SELECT_10_FermiHubbard2D_cylinder_0_0_5,inner,2,random,0,Proj,No_Top,770,54260
result_SELECT_10_FermiHubbard2D_cylinder_0_0_5,inner,2,SA,0.1,Proj,No_Kink,838,2273034
result_SELECT_10_FermiHubbard2D_cylinder_0_0_5,inner,2,SA,0.1,Proj,Yes_Kink,840,2239220
result_SELECT_10_FermiHubbard2D_cylinder_0_0_5,inner,2,random,0,Double,No_Kink,886,982121
result_SELECT_10_FermiHubbard2D_cylinder_0_0_5,inner,2,random,0,Single,No_MSF,881,418011
result_SELECT_10_FermiHubbard2D_cylinder_0_0_5,inner,2,random,0,Single,No_Top,881,437939
result_SELECT_10_FermiHubbard2D_cylinder_0_0_5,inner,2,random,0,Double,Yes_Kink,888,989712
result_SELECT_10_FermiHubbard2D_cylinder_0_0_5,outer,1,SA,0.001,Double,No_MSF,860,403938
result_SELECT_10_FermiHubbard2D_cylinder_0_0_5,inner,2,SA,1,Proj,No_Kink,836,1937306
result_SELECT_10_FermiHubbard2D_cylinder_0_0_5,outer,1,SA,0.001,Double,No_Top,860,424127
result_SELECT_10_FermiHubbard2D_cylinder_0_0_5,inner,2,SA,1,Proj,Yes_Kink,843,1843288
result_SELECT_10_FermiHubbard2D_cylinder_0_0_5,outer,1,SA,0.001,Proj,No_MSF,770,33396
result_SELECT_10_FermiHubbard2D_cylinder_0_0_5,outer,1,SA,0.001,Double,No_Kink,878,723206
result_SELECT_10_FermiHubbard2D_cylinder_0_0_5,inner,2,random,0,Single,No_Kink,885,981940
result_SELECT_10_FermiHubbard2D_cylinder_0_0_5,outer,1,SA,0.001,Proj,No_Top,770,54260
result_SELECT_10_FermiHubbard2D_cylinder_0_0_5,outer,1,SA,0.001,Double,Yes_Kink,893,735353
result_SELECT_10_FermiHubbard2D_cylinder_0_0_5,outer,1,SA,0.001,Single,No_MSF,881,418011
result_SELECT_10_FermiHubbard2D_cylinder_0_0_5,outer,1,SA,0.001,Single,No_Top,881,437939
result_SELECT_10_FermiHubbard2D_cylinder_0_0_5,inner,2,random,0,Single,Yes_Kink,888,997319
result_SELECT_10_FermiHubbard2D_cylinder_0_0_5,outer,1,SA,0.01,Double,No_MSF,860,403938
result_SELECT_10_FermiHubbard2D_cylinder_0_0_5,outer,1,SA,0.001,Single,No_Kink,920,740342
result_SELECT_10_FermiHubbard2D_cylinder_0_0_5,outer,1,SA,0.01,Double,No_Top,860,424127
result_SELECT_10_FermiHubbard2D_cylinder_0_0_5,outer,1,SA,0.01,Proj,No_MSF,770,33396
result_SELECT_10_FermiHubbard2D_cylinder_0_0_5,outer,1,SA,0.01,Double,No_Kink,878,726299
result_SELECT_10_FermiHubbard2D_cylinder_0_0_5,outer,1,SA,0.01,Proj,No_Top,770,54260
result_SELECT_10_FermiHubbard2D_cylinder_0_0_5,outer,1,SA,0.01,Double,Yes_Kink,899,744617
result_SELECT_10_FermiHubbard2D_cylinder_0_0_5,outer,1,SA,0.01,Single,No_MSF,881,418011
result_SELECT_10_FermiHubbard2D_cylinder_0_0_5,outer,1,SA,0.01,Single,No_Top,881,437939
result_SELECT_10_FermiHubbard2D_cylinder_0_0_5,inner,2,random,0,Proj,No_Kink,840,2440887
result_SELECT_10_FermiHubbard2D_cylinder_0_0_5,inner,2,random,0,Proj,Yes_Kink,845,2401041
result_SELECT_10_FermiHubbard2D_cylinder_0_0_5,outer,1,SA,0.01,Single,No_Kink,926,751174
result_SELECT_10_FermiHubbard2D_cylinder_0_0_5,outer,1,SA,0.1,Double,No_MSF,860,403938
result_SELECT_10_FermiHubbard2D_cylinder_0_0_5,outer,1,SA,0.1,Double,No_Top,860,424127
result_SELECT_10_FermiHubbard2D_cylinder_0_0_5,outer,1,SA,0.1,Proj,No_MSF,770,33396
result_SELECT_10_FermiHubbard2D_cylinder_0_0_5,outer,1,SA,0.1,Proj,No_Top,770,54260
result_SELECT_10_FermiHubbard2D_cylinder_0_0_5,outer,1,SA,0.1,Double,No_Kink,877,716487
result_SELECT_10_FermiHubbard2D_cylinder_0_0_5,outer,1,SA,0.1,Double,Yes_Kink,902,735423
result_SELECT_10_FermiHubbard2D_cylinder_0_0_5,outer,1,SA,0.1,Single,No_MSF,881,418011
result_SELECT_10_FermiHubbard2D_cylinder_0_0_5,outer,1,SA,0.001,Proj,No_Kink,854,2355445
result_SELECT_10_FermiHubbard2D_cylinder_0_0_5,outer,1,SA,0.1,Single,No_Top,881,437939
result_SELECT_10_FermiHubbard2D_cylinder_0_0_5,outer,1,SA,0.1,Single,No_Kink,911,738886
result_SELECT_10_FermiHubbard2D_cylinder_0_0_5,outer,1,SA,1,Double,No_MSF,860,403938
result_SELECT_10_FermiHubbard2D_cylinder_0_0_5,outer,1,SA,0.001,Proj,Yes_Kink,860,2320037
result_SELECT_10_FermiHubbard2D_cylinder_0_0_5,outer,1,SA,1,Double,No_Top,860,424127
result_SELECT_10_FermiHubbard2D_cylinder_0_0_5,outer,1,SA,1,Proj,No_MSF,770,33396
result_SELECT_10_FermiHubbard2D_cylinder_0_0_5,outer,1,SA,1,Double,No_Kink,885,712221
result_SELECT_10_FermiHubbard2D_cylinder_0_0_5,outer,1,SA,1,Proj,No_Top,770,54260
result_SELECT_10_FermiHubbard2D_cylinder_0_0_5,outer,1,SA,1,Double,Yes_Kink,907,730255
result_SELECT_10_FermiHubbard2D_cylinder_0_0_5,outer,1,SA,1,Single,No_MSF,881,418011
result_SELECT_10_FermiHubbard2D_cylinder_0_0_5,outer,1,SA,1,Single,No_Top,881,437939
result_SELECT_10_FermiHubbard2D_cylinder_0_0_5,outer,1,SA,0.01,Proj,No_Kink,863,2384826
result_SELECT_10_FermiHubbard2D_cylinder_0_0_5,outer,1,SA,1,Single,No_Kink,921,736938
result_SELECT_10_FermiHubbard2D_cylinder_0_0_5,outer,1,random,0,Double,No_MSF,860,403938
result_SELECT_10_FermiHubbard2D_cylinder_0_0_5,outer,1,SA,0.01,Proj,Yes_Kink,870,2353374
result_SELECT_10_FermiHubbard2D_cylinder_0_0_5,outer,1,random,0,Double,No_Top,860,424127
result_SELECT_10_FermiHubbard2D_cylinder_0_0_5,outer,1,random,0,Proj,No_MSF,770,33396
result_SELECT_10_FermiHubbard2D_cylinder_0_0_5,outer,1,random,0,Proj,No_Top,770,54260
result_SELECT_10_FermiHubbard2D_cylinder_0_0_5,outer,1,SA,0.1,Proj,No_Kink,850,2350096
result_SELECT_10_FermiHubbard2D_cylinder_0_0_5,outer,1,SA,0.1,Proj,Yes_Kink,853,2338991
result_SELECT_10_FermiHubbard2D_cylinder_0_0_5,outer,1,random,0,Single,No_MSF,881,418011
result_SELECT_10_FermiHubbard2D_cylinder_0_0_5,outer,1,random,0,Double,No_Kink,921,1362389
result_SELECT_10_FermiHubbard2D_cylinder_0_0_5,outer,1,random,0,Single,No_Top,881,437939
result_SELECT_10_FermiHubbard2D_cylinder_0_0_5,outer,1,random,0,Double,Yes_Kink,940,1367670
result_SELECT_10_FermiHubbard2D_cylinder_0_0_5,outer,2,SA,0.001,Double,No_MSF,860,403938
result_SELECT_10_FermiHubbard2D_cylinder_0_0_5,outer,2,SA,0.001,Double,No_Top,860,424127
result_SELECT_10_FermiHubbard2D_cylinder_0_0_5,outer,2,SA,0.001,Double,No_Kink,872,649588
result_SELECT_10_FermiHubbard2D_cylinder_0_0_5,outer,1,SA,1,Proj,No_Kink,850,2344569
result_SELECT_10_FermiHubbard2D_cylinder_0_0_5,outer,2,SA,0.001,Proj,No_MSF,770,33396
result_SELECT_10_FermiHubbard2D_cylinder_0_0_5,outer,2,SA,0.001,Proj,No_Top,770,54260
result_SELECT_10_FermiHubbard2D_cylinder_0_0_5,outer,2,SA,0.001,Double,Yes_Kink,881,657449
result_SELECT_10_FermiHubbard2D_cylinder_0_0_5,outer,1,SA,1,Proj,Yes_Kink,855,2303088
result_SELECT_10_FermiHubbard2D_cylinder_0_0_5,outer,2,SA,0.001,Single,No_MSF,881,418011
result_SELECT_10_FermiHubbard2D_cylinder_0_0_5,outer,1,random,0,Single,No_Kink,1269,1771693
result_SELECT_10_FermiHubbard2D_cylinder_0_0_5,outer,2,SA,0.001,Single,No_Top,881,437939
result_SELECT_10_FermiHubbard2D_cylinder_0_0_5,outer,2,SA,0.01,Double,No_MSF,860,403938
result_SELECT_10_FermiHubbard2D_cylinder_0_0_5,outer,2,SA,0.001,Single,No_Kink,883,636431
result_SELECT_10_FermiHubbard2D_cylinder_0_0_5,outer,2,SA,0.01,Double,No_Top,860,424127
result_SELECT_10_FermiHubbard2D_cylinder_0_0_5,outer,2,SA,0.001,Single,Yes_Kink,884,659193
result_SELECT_10_FermiHubbard2D_cylinder_0_0_5,outer,2,SA,0.01,Double,No_Kink,876,651830
result_SELECT_10_FermiHubbard2D_cylinder_0_0_5,outer,2,SA,0.01,Proj,No_MSF,770,33396
result_SELECT_10_FermiHubbard2D_cylinder_0_0_5,outer,2,SA,0.01,Proj,No_Top,770,54260
result_SELECT_10_FermiHubbard2D_cylinder_0_0_5,outer,2,SA,0.01,Double,Yes_Kink,881,659103
result_SELECT_10_FermiHubbard2D_cylinder_0_0_5,outer,1,random,0,Proj,No_Kink,867,2465652
result_SELECT_10_FermiHubbard2D_cylinder_0_0_5,outer,2,SA,0.01,Single,No_Top,881,437939
result_SELECT_10_FermiHubbard2D_cylinder_0_0_5,outer,2,SA,0.01,Single,No_MSF,881,418011
result_SELECT_10_FermiHubbard2D_cylinder_0_0_5,outer,2,SA,0.01,Single,No_Kink,884,639421
result_SELECT_10_FermiHubbard2D_cylinder_0_0_5,outer,1,random,0,Proj,Yes_Kink,871,2439271
result_SELECT_10_FermiHubbard2D_cylinder_0_0_5,outer,2,SA,0.1,Double,No_MSF,860,403938
result_SELECT_10_FermiHubbard2D_cylinder_0_0_5,outer,2,SA,0.1,Double,No_Top,860,424127
result_SELECT_10_FermiHubbard2D_cylinder_0_0_5,outer,2,SA,0.1,Double,No_Kink,870,658225
result_SELECT_10_FermiHubbard2D_cylinder_0_0_5,outer,2,SA,0.01,Single,Yes_Kink,885,662691
result_SELECT_10_FermiHubbard2D_cylinder_0_0_5,outer,2,SA,0.1,Proj,No_MSF,770,33396
result_SELECT_10_FermiHubbard2D_cylinder_0_0_5,outer,2,SA,0.1,Proj,No_Top,770,54260
result_SELECT_10_FermiHubbard2D_cylinder_0_0_5,outer,2,SA,0.1,Double,Yes_Kink,881,665808
result_SELECT_10_FermiHubbard2D_cylinder_0_0_5,outer,2,SA,0.1,Single,No_MSF,881,418011
result_SELECT_10_FermiHubbard2D_cylinder_0_0_5,outer,2,SA,0.1,Single,No_Top,881,437939
result_SELECT_10_FermiHubbard2D_cylinder_0_0_5,outer,2,SA,0.1,Single,No_Kink,884,646814
result_SELECT_10_FermiHubbard2D_cylinder_0_0_5,outer,2,SA,0.001,Proj,No_Kink,838,2424936
result_SELECT_10_FermiHubbard2D_cylinder_0_0_5,outer,2,SA,0.001,Proj,Yes_Kink,841,2326109
result_SELECT_10_FermiHubbard2D_cylinder_0_0_5,outer,2,SA,1,Double,No_MSF,860,403938
result_SELECT_10_FermiHubbard2D_cylinder_0_0_5,outer,2,SA,1,Double,No_Top,860,424127
result_SELECT_10_FermiHubbard2D_cylinder_0_0_5,outer,2,SA,0.1,Single,Yes_Kink,884,666368
result_SELECT_10_FermiHubbard2D_cylinder_0_0_5,outer,2,SA,1,Double,No_Kink,922,673086
result_SELECT_10_FermiHubbard2D_cylinder_0_0_5,outer,2,SA,1,Proj,No_MSF,770,33396
result_SELECT_10_FermiHubbard2D_cylinder_0_0_5,outer,2,SA,1,Proj,No_Top,770,54260
result_SELECT_10_FermiHubbard2D_cylinder_0_0_5,outer,2,SA,1,Double,Yes_Kink,931,677075
result_SELECT_10_FermiHubbard2D_cylinder_0_0_5,outer,2,SA,1,Single,No_MSF,881,418011
result_SELECT_10_FermiHubbard2D_cylinder_0_0_5,outer,2,SA,1,Single,No_Top,881,437939
result_SELECT_10_FermiHubbard2D_cylinder_0_0_5,outer,2,SA,0.01,Proj,No_Kink,844,2408682
result_SELECT_10_FermiHubbard2D_cylinder_0_0_5,outer,2,SA,1,Single,No_Kink,884,629840
result_SELECT_10_FermiHubbard2D_cylinder_0_0_5,outer,2,SA,0.01,Proj,Yes_Kink,845,2368764
result_SELECT_10_FermiHubbard2D_cylinder_0_0_5,outer,2,random,0,Double,No_MSF,860,403938
result_SELECT_10_FermiHubbard2D_cylinder_0_0_5,outer,2,random,0,Double,No_Top,860,424127
result_SELECT_10_FermiHubbard2D_cylinder_0_0_5,outer,2,SA,1,Single,Yes_Kink,884,651533
result_SELECT_10_FermiHubbard2D_cylinder_0_0_5,outer,2,random,0,Proj,No_MSF,770,33396
result_SELECT_10_FermiHubbard2D_cylinder_0_0_5,outer,2,random,0,Proj,No_Top,770,54260
result_SELECT_10_FermiHubbard2D_cylinder_0_0_5,outer,2,random,0,Double,No_Kink,881,982094
result_SELECT_10_FermiHubbard2D_cylinder_0_0_5,outer,2,SA,0.1,Proj,No_Kink,843,2391224
result_SELECT_10_FermiHubbard2D_cylinder_0_0_5,outer,2,random,0,Single,No_MSF,881,418011
result_SELECT_10_FermiHubbard2D_cylinder_0_0_5,outer,2,SA,0.1,Proj,Yes_Kink,842,2334677
result_SELECT_10_FermiHubbard2D_cylinder_0_0_5,outer,2,random,0,Double,Yes_Kink,891,993124
result_SELECT_10_FermiHubbard2D_cylinder_0_0_5,outer,2,random,0,Single,No_Top,881,437939
result_SELECT_10_FermiHubbard2D_cylinder_0_0_6,inner,1,SA,0.001,Double,No_MSF,473,323412
result_SELECT_10_FermiHubbard2D_cylinder_0_0_6,inner,1,SA,0.001,Double,No_Top,473,346680
result_SELECT_10_FermiHubbard2D_cylinder_0_0_5,outer,2,random,0,Single,No_Kink,886,988966
result_SELECT_10_FermiHubbard2D_cylinder_0_0_6,inner,1,SA,0.001,Double,No_Kink,514,731058
result_SELECT_10_FermiHubbard2D_cylinder_0_0_6,inner,1,SA,0.001,Proj,No_MSF,407,36404
result_SELECT_10_FermiHubbard2D_cylinder_0_0_6,inner,1,SA,0.001,Double,Yes_Kink,533,756173
result_SELECT_10_FermiHubbard2D_cylinder_0_0_5,outer,2,SA,1,Proj,Yes_Kink,848,2329080
result_SELECT_10_FermiHubbard2D_cylinder_0_0_6,inner,1,SA,0.001,Proj,No_Top,407,60852
result_SELECT_10_FermiHubbard2D_cylinder_0_0_5,outer,2,SA,1,Proj,No_Kink,843,2375880
result_SELECT_10_FermiHubbard2D_cylinder_0_0_5,outer,2,random,0,Single,Yes_Kink,889,1003584
result_SELECT_10_FermiHubbard2D_cylinder_0_0_6,inner,1,SA,0.001,Single,No_MSF,489,343660
result_SELECT_10_FermiHubbard2D_cylinder_0_0_6,inner,1,SA,0.001,Single,No_Top,489,365960
result_SELECT_10_FermiHubbard2D_cylinder_0_0_6,inner,1,SA,0.01,Double,No_Top,473,346680
result_SELECT_10_FermiHubbard2D_cylinder_0_0_6,inner,1,SA,0.01,Double,No_MSF,473,323412
result_SELECT_10_FermiHubbard2D_cylinder_0_0_6,inner,1,SA,0.001,Single,No_Kink,558,773253
result_SELECT_10_FermiHubbard2D_cylinder_0_0_5,outer,2,random,0,Proj,No_Kink,847,2513562
result_SELECT_10_FermiHubbard2D_cylinder_0_0_6,inner,1,SA,0.01,Double,No_Kink,587,778598
result_SELECT_10_FermiHubbard2D_cylinder_0_0_6,inner,1,SA,0.01,Proj,No_MSF,407,36404
result_SELECT_10_FermiHubbard2D_cylinder_0_0_6,inner,1,SA,0.01,Proj,No_Top,407,60852
result_SELECT_10_FermiHubbard2D_cylinder_0_0_6,inner,1,SA,0.01,Single,No_MSF,489,343660
result_SELECT_10_FermiHubbard2D_cylinder_0_0_6,inner,1,SA,0.01,Double,Yes_Kink,638,816736
result_SELECT_10_FermiHubbard2D_cylinder_0_0_6,inner,1,SA,0.01,Single,No_Top,489,365960
result_SELECT_10_FermiHubbard2D_cylinder_0_0_5,outer,2,random,0,Proj,Yes_Kink,847,2468464
result_SELECT_10_FermiHubbard2D_cylinder_0_0_6,inner,1,SA,0.1,Double,No_MSF,473,323412
result_SELECT_10_FermiHubbard2D_cylinder_0_0_6,inner,1,SA,0.1,Double,No_Top,473,346680
result_SELECT_10_FermiHubbard2D_cylinder_0_0_6,inner,1,SA,0.01,Single,No_Kink,582,810281
result_SELECT_10_FermiHubbard2D_cylinder_0_0_6,inner,1,SA,0.1,Double,No_Kink,512,725420
result_SELECT_10_FermiHubbard2D_cylinder_0_0_6,inner,1,SA,0.1,Proj,No_MSF,407,36404
result_SELECT_10_FermiHubbard2D_cylinder_0_0_6,inner,1,SA,0.1,Proj,No_Top,407,60852
result_SELECT_10_FermiHubbard2D_cylinder_0_0_6,inner,1,SA,0.1,Double,Yes_Kink,541,752728
result_SELECT_10_FermiHubbard2D_cylinder_0_0_6,inner,1,SA,0.1,Single,No_MSF,489,343660
result_SELECT_10_FermiHubbard2D_cylinder_0_0_6,inner,1,SA,0.001,Proj,No_Kink,498,2360823
result_SELECT_10_FermiHubbard2D_cylinder_0_0_6,inner,1,SA,0.1,Single,No_Top,489,365960
result_SELECT_10_FermiHubbard2D_cylinder_0_0_6,inner,1,SA,1,Double,No_MSF,473,323412
result_SELECT_10_FermiHubbard2D_cylinder_0_0_6,inner,1,SA,0.1,Single,No_Kink,557,761196
result_SELECT_10_FermiHubbard2D_cylinder_0_0_6,inner,1,SA,1,Double,No_Top,473,346680
result_SELECT_10_FermiHubbard2D_cylinder_0_0_6,inner,1,SA,0.001,Proj,Yes_Kink,510,2393179
result_SELECT_10_FermiHubbard2D_cylinder_0_0_6,inner,1,SA,1,Proj,No_MSF,407,36404
result_SELECT_10_FermiHubbard2D_cylinder_0_0_6,inner,1,SA,1,Double,No_Kink,499,689680
result_SELECT_10_FermiHubbard2D_cylinder_0_0_6,inner,1,SA,0.01,Proj,No_Kink,502,2400611
result_SELECT_10_FermiHubbard2D_cylinder_0_0_6,inner,1,SA,1,Proj,No_Top,407,60852
result_SELECT_10_FermiHubbard2D_cylinder_0_0_6,inner,1,SA,1,Single,No_MSF,489,343660
result_SELECT_10_FermiHubbard2D_cylinder_0_0_6,inner,1,SA,1,Single,No_Top,489,365960
result_SELECT_10_FermiHubbard2D_cylinder_0_0_6,inner,1,SA,1,Double,Yes_Kink,521,713902
result_SELECT_10_FermiHubbard2D_cylinder_0_0_6,inner,1,random,0,Double,No_MSF,473,323412
result_SELECT_10_FermiHubbard2D_cylinder_0_0_6,inner,1,SA,1,Single,No_Kink,540,712686
result_SELECT_10_FermiHubbard2D_cylinder_0_0_6,inner,1,random,0,Double,No_Top,473,346680
result_SELECT_10_FermiHubbard2D_cylinder_0_0_6,inner,1,SA,0.01,Proj,Yes_Kink,516,2441077
result_SELECT_10_FermiHubbard2D_cylinder_0_0_6,inner,1,random,0,Proj,No_MSF,407,36404
result_SELECT_10_FermiHubbard2D_cylinder_0_0_6,inner,1,random,0,Proj,No_Top,407,60852
result_SELECT_10_FermiHubbard2D_cylinder_0_0_6,inner,1,SA,0.1,Proj,No_Kink,491,2354340
result_SELECT_10_FermiHubbard2D_cylinder_0_0_6,inner,1,SA,0.1,Proj,Yes_Kink,508,2387579
result_SELECT_10_FermiHubbard2D_cylinder_0_0_6,inner,1,random,0,Single,No_MSF,489,343660
result_SELECT_10_FermiHubbard2D_cylinder_0_0_6,inner,1,random,0,Single,No_Top,489,365960
result_SELECT_10_FermiHubbard2D_cylinder_0_0_6,inner,1,random,0,Double,No_Kink,639,1948370
result_SELECT_10_FermiHubbard2D_cylinder_0_0_6,inner,2,SA,0.001,Double,No_Kink,498,613874
result_SELECT_10_FermiHubbard2D_cylinder_0_0_6,inner,1,SA,1,Proj,No_Kink,477,2277914
result_SELECT_10_FermiHubbard2D_cylinder_0_0_6,inner,2,SA,0.001,Double,No_MSF,473,323412
result_SELECT_10_FermiHubbard2D_cylinder_0_0_6,inner,2,SA,0.001,Double,No_Top,473,346680
result_SELECT_10_FermiHubbard2D_cylinder_0_0_6,inner,2,SA,0.001,Proj,No_MSF,407,36404
result_SELECT_10_FermiHubbard2D_cylinder_0_0_6,inner,1,random,0,Double,Yes_Kink,643,1963545
result_SELECT_10_FermiHubbard2D_cylinder_0_0_6,inner,1,SA,1,Proj,Yes_Kink,485,2302556
result_SELECT_10_FermiHubbard2D_cylinder_0_0_6,inner,2,SA,0.001,Proj,No_Top,407,60852
result_SELECT_10_FermiHubbard2D_cylinder_0_0_6,inner,2,SA,0.001,Double,Yes_Kink,508,627501
result_SELECT_10_FermiHubbard2D_cylinder_0_0_6,inner,2,SA,0.001,Single,No_MSF,489,343660
result_SELECT_10_FermiHubbard2D_cylinder_0_0_6,inner,2,SA,0.001,Single,No_Top,489,365960
result_SELECT_10_FermiHubbard2D_cylinder_0_0_6,inner,2,SA,0.001,Single,No_Kink,496,599964
result_SELECT_10_FermiHubbard2D_cylinder_0_0_6,inner,1,random,0,Proj,No_Kink,506,2440446
result_SELECT_10_FermiHubbard2D_cylinder_0_0_6,inner,1,random,0,Single,No_Kink,1108,2452814
result_SELECT_10_FermiHubbard2D_cylinder_0_0_6,inner,2,SA,0.01,Double,No_MSF,473,323412
result_SELECT_10_FermiHubbard2D_cylinder_0_0_6,inner,2,SA,0.01,Double,No_Top,473,346680
result_SELECT_10_FermiHubbard2D_cylinder_0_0_6,inner,2,SA,0.01,Proj,No_MSF,407,36404
result_SELECT_10_FermiHubbard2D_cylinder_0_0_6,inner,2,SA,0.001,Single,Yes_Kink,497,626818
result_SELECT_10_FermiHubbard2D_cylinder_0_0_6,inner,2,SA,0.01,Double,No_Kink,498,615969
result_SELECT_10_FermiHubbard2D_cylinder_0_0_6,inner,2,SA,0.01,Proj,No_Top,407,60852
result_SELECT_10_FermiHubbard2D_cylinder_0_0_6,inner,2,SA,0.01,Double,Yes_Kink,510,634547
result_SELECT_10_FermiHubbard2D_cylinder_0_0_6,inner,2,SA,0.01,Single,No_MSF,489,343660
result_SELECT_10_FermiHubbard2D_cylinder_0_0_6,inner,2,SA,0.01,Single,No_Top,489,365960
result_SELECT_10_FermiHubbard2D_cylinder_0_0_6,inner,1,random,0,Proj,Yes_Kink,524,2491815
result_SELECT_10_FermiHubbard2D_cylinder_0_0_6,inner,2,SA,0.01,Single,No_Kink,495,603894
result_SELECT_10_FermiHubbard2D_cylinder_0_0_6,inner,2,SA,0.1,Double,No_MSF,473,323412
result_SELECT_10_FermiHubbard2D_cylinder_0_0_6,inner,2,SA,0.1,Double,No_Top,473,346680
result_SELECT_10_FermiHubbard2D_cylinder_0_0_6,inner,2,SA,0.01,Single,Yes_Kink,496,631226
result_SELECT_10_FermiHubbard2D_cylinder_0_0_6,inner,2,SA,0.1,Double,No_Kink,502,615252
result_SELECT_10_FermiHubbard2D_cylinder_0_0_6,inner,2,SA,0.1,Proj,No_MSF,407,36404
result_SELECT_10_FermiHubbard2D_cylinder_0_0_6,inner,2,SA,0.1,Double,Yes_Kink,526,638341
result_SELECT_10_FermiHubbard2D_cylinder_0_0_6,inner,2,SA,0.1,Proj,No_Top,407,60852
result_SELECT_10_FermiHubbard2D_cylinder_0_0_6,inner,2,SA,0.1,Single,No_MSF,489,343660
result_SELECT_10_FermiHubbard2D_cylinder_0_0_6,inner,2,SA,0.001,Proj,No_Kink,453,2083045
result_SELECT_10_FermiHubbard2D_cylinder_0_0_6,inner,2,SA,0.001,Proj,Yes_Kink,455,2125066
result_SELECT_10_FermiHubbard2D_cylinder_0_0_6,inner,2,SA,0.1,Single,No_Top,489,365960
result_SELECT_10_FermiHubbard2D_cylinder_0_0_6,inner,2,SA,1,Double,No_MSF,473,323412
result_SELECT_10_FermiHubbard2D_cylinder_0_0_6,inner,2,SA,0.1,Single,No_Kink,495,595725
result_SELECT_10_FermiHubbard2D_cylinder_0_0_6,inner,2,SA,1,Double,No_Top,473,346680
result_SELECT_10_FermiHubbard2D_cylinder_0_0_6,inner,2,SA,1,Double,No_Kink,494,594635
result_SELECT_10_FermiHubbard2D_cylinder_0_0_6,inner,2,SA,0.1,Single,Yes_Kink,498,624577
result_SELECT_10_FermiHubbard2D_cylinder_0_0_6,inner,2,SA,1,Proj,No_MSF,407,36404
result_SELECT_10_FermiHubbard2D_cylinder_0_0_6,inner,2,SA,1,Proj,No_Top,407,60852
result_SELECT_10_FermiHubbard2D_cylinder_0_0_6,inner,2,SA,1,Double,Yes_Kink,507,608019
result_SELECT_10_FermiHubbard2D_cylinder_0_0_6,inner,2,SA,0.01,Proj,No_Kink,451,2113866
result_SELECT_10_FermiHubbard2D_cylinder_0_0_6,inner,2,SA,1,Single,No_MSF,489,343660
result_SELECT_10_FermiHubbard2D_cylinder_0_0_6,inner,2,SA,1,Single,No_Top,489,365960
result_SELECT_10_FermiHubbard2D_cylinder_0_0_6,inner,2,SA,0.01,Proj,Yes_Kink,454,2087735
result_SELECT_10_FermiHubbard2D_cylinder_0_0_6,inner,2,SA,1,Single,No_Kink,496,582206
result_SELECT_10_FermiHubbard2D_cylinder_0_0_6,inner,2,random,0,Double,No_MSF,473,323412
result_SELECT_10_FermiHubbard2D_cylinder_0_0_6,inner,2,SA,1,Single,Yes_Kink,496,607835
result_SELECT_10_FermiHubbard2D_cylinder_0_0_6,inner,2,random,0,Double,No_Top,473,346680
result_SELECT_10_FermiHubbard2D_cylinder_0_0_6,inner,2,random,0,Proj,No_MSF,407,36404
result_SELECT_10_FermiHubbard2D_cylinder_0_0_6,inner,2,random,0,Proj,No_Top,407,60852
result_SELECT_10_FermiHubbard2D_cylinder_0_0_6,inner,2,SA,0.1,Proj,No_Kink,446,2126901
result_SELECT_10_FermiHubbard2D_cylinder_0_0_6,inner,2,SA,0.1,Proj,Yes_Kink,448,2122766
result_SELECT_10_FermiHubbard2D_cylinder_0_0_6,inner,2,random,0,Double,No_Kink,518,1194882
result_SELECT_10_FermiHubbard2D_cylinder_0_0_6,inner,2,random,0,Single,No_MSF,489,343660
result_SELECT_10_FermiHubbard2D_cylinder_0_0_6,inner,2,random,0,Single,No_Top,489,365960
result_SELECT_10_FermiHubbard2D_cylinder_0_0_6,inner,2,random,0,Double,Yes_Kink,526,1202120
result_SELECT_10_FermiHubbard2D_cylinder_0_0_6,inner,2,SA,1,Proj,No_Kink,446,2095731
result_SELECT_10_FermiHubbard2D_cylinder_0_0_6,outer,1,SA,0.001,Double,No_MSF,473,323412
result_SELECT_10_FermiHubbard2D_cylinder_0_0_6,outer,1,SA,0.001,Double,No_Top,473,346680
result_SELECT_10_FermiHubbard2D_cylinder_0_0_6,inner,2,SA,1,Proj,Yes_Kink,449,2096863
result_SELECT_10_FermiHubbard2D_cylinder_0_0_6,inner,2,random,0,Single,No_Kink,514,1234648
result_SELECT_10_FermiHubbard2D_cylinder_0_0_6,outer,1,SA,0.001,Double,No_Kink,521,785259
result_SELECT_10_FermiHubbard2D_cylinder_0_0_6,outer,1,SA,0.001,Proj,No_MSF,407,36404
result_SELECT_10_FermiHubbard2D_cylinder_0_0_6,outer,1,SA,0.001,Proj,No_Top,407,60852
result_SELECT_10_FermiHubbard2D_cylinder_0_0_6,outer,1,SA,0.001,Double,Yes_Kink,546,810472
result_SELECT_10_FermiHubbard2D_cylinder_0_0_6,outer,1,SA,0.001,Single,No_MSF,489,343660
result_SELECT_10_FermiHubbard2D_cylinder_0_0_6,inner,2,random,0,Single,Yes_Kink,512,1257129
result_SELECT_10_FermiHubbard2D_cylinder_0_0_6,outer,1,SA,0.001,Single,No_Top,489,365960
result_SELECT_10_FermiHubbard2D_cylinder_0_0_6,outer,1,SA,0.01,Double,No_MSF,473,323412
result_SELECT_10_FermiHubbard2D_cylinder_0_0_6,outer,1,SA,0.01,Double,No_Top,473,346680
result_SELECT_10_FermiHubbard2D_cylinder_0_0_6,outer,1,SA,0.001,Single,No_Kink,561,818844
result_SELECT_10_FermiHubbard2D_cylinder_0_0_6,inner,2,random,0,Proj,No_Kink,465,2294707
result_SELECT_10_FermiHubbard2D_cylinder_0_0_6,outer,1,SA,0.01,Proj,No_MSF,407,36404
result_SELECT_10_FermiHubbard2D_cylinder_0_0_6,outer,1,SA,0.01,Proj,No_Top,407,60852
result_SELECT_10_FermiHubbard2D_cylinder_0_0_6,inner,2,random,0,Proj,Yes_Kink,468,2274406
result_SELECT_10_FermiHubbard2D_cylinder_0_0_6,outer,1,SA,0.01,Double,No_Kink,513,777496
result_SELECT_10_FermiHubbard2D_cylinder_0_0_6,outer,1,SA,0.01,Single,No_MSF,489,343660
result_SELECT_10_FermiHubbard2D_cylinder_0_0_6,outer,1,SA,0.01,Single,No_Top,489,365960
result_SELECT_10_FermiHubbard2D_cylinder_0_0_6,outer,1,SA,0.01,Double,Yes_Kink,536,795768
result_SELECT_10_FermiHubbard2D_cylinder_0_0_6,outer,1,SA,0.1,Double,No_MSF,473,323412
result_SELECT_10_FermiHubbard2D_cylinder_0_0_6,outer,1,SA,0.1,Double,No_Top,473,346680
result_SELECT_10_FermiHubbard2D_cylinder_0_0_6,outer,1,SA,0.01,Single,No_Kink,547,808771
result_SELECT_10_FermiHubbard2D_cylinder_0_0_6,outer,1,SA,0.1,Double,No_Kink,507,776345
result_SELECT_10_FermiHubbard2D_cylinder_0_0_6,outer,1,SA,0.1,Proj,No_MSF,407,36404
result_SELECT_10_FermiHubbard2D_cylinder_0_0_6,outer,1,SA,0.1,Proj,No_Top,407,60852
result_SELECT_10_FermiHubbard2D_cylinder_0_0_6,outer,1,SA,0.1,Double,Yes_Kink,537,799742
result_SELECT_10_FermiHubbard2D_cylinder_0_0_6,outer,1,SA,0.001,Proj,No_Kink,482,2346656
result_SELECT_10_FermiHubbard2D_cylinder_0_0_6,outer,1,SA,0.1,Single,No_MSF,489,343660
result_SELECT_10_FermiHubbard2D_cylinder_0_0_6,outer,1,SA,0.1,Single,No_Top,489,365960
result_SELECT_10_FermiHubbard2D_cylinder_0_0_6,outer,1,SA,1,Double,No_MSF,473,323412
result_SELECT_10_FermiHubbard2D_cylinder_0_0_6,outer,1,SA,0.1,Single,No_Kink,557,815976
result_SELECT_10_FermiHubbard2D_cylinder_0_0_6,outer,1,SA,0.001,Proj,Yes_Kink,494,2371651
result_SELECT_10_FermiHubbard2D_cylinder_0_0_6,outer,1,SA,1,Double,No_Top,473,346680
result_SELECT_10_FermiHubbard2D_cylinder_0_0_6,outer,1,SA,1,Proj,No_MSF,407,36404
result_SELECT_10_FermiHubbard2D_cylinder_0_0_6,outer,1,SA,1,Proj,No_Top,407,60852
result_SELECT_10_FermiHubbard2D_cylinder_0_0_6,outer,1,SA,1,Double,No_Kink,534,771264
result_SELECT_10_FermiHubbard2D_cylinder_0_0_6,outer,1,SA,0.01,Proj,No_Kink,477,2312488
result_SELECT_10_FermiHubbard2D_cylinder_0_0_6,outer,1,SA,1,Double,Yes_Kink,563,797083
result_SELECT_10_FermiHubbard2D_cylinder_0_0_6,outer,1,SA,1,Single,No_MSF,489,343660
result_SELECT_10_FermiHubbard2D_cylinder_0_0_6,outer,1,SA,1,Single,No_Top,489,365960
result_SELECT_10_FermiHubbard2D_cylinder_0_0_6,outer,1,SA,0.01,Proj,Yes_Kink,485,2322667
result_SELECT_10_FermiHubbard2D_cylinder_0_0_6,outer,1,random,0,Double,No_MSF,473,323412
result_SELECT_10_FermiHubbard2D_cylinder_0_0_6,outer,1,random,0,Double,No_Top,473,346680
result_SELECT_10_FermiHubbard2D_cylinder_0_0_6,outer,1,SA,1,Single,No_Kink,559,801392
result_SELECT_10_FermiHubbard2D_cylinder_0_0_6,outer,1,random,0,Proj,No_MSF,407,36404
result_SELECT_10_FermiHubbard2D_cylinder_0_0_6,outer,1,random,0,Proj,No_Top,407,60852
result_SELECT_10_FermiHubbard2D_cylinder_0_0_6,outer,1,SA,0.1,Proj,No_Kink,481,2347182
result_SELECT_10_FermiHubbard2D_cylinder_0_0_6,outer,1,SA,0.1,Proj,Yes_Kink,489,2358317
result_SELECT_10_FermiHubbard2D_cylinder_0_0_6,outer,1,random,0,Single,No_MSF,489,343660
result_SELECT_10_FermiHubbard2D_cylinder_0_0_6,outer,1,random,0,Single,No_Top,489,365960
result_SELECT_10_FermiHubbard2D_cylinder_0_0_6,outer,1,SA,1,Proj,No_Kink,474,2280833
result_SELECT_10_FermiHubbard2D_cylinder_0_0_6,outer,1,SA,1,Proj,Yes_Kink,483,2292109
result_SELECT_10_FermiHubbard2D_cylinder_0_0_6,outer,2,SA,0.001,Double,No_MSF,473,323412
result_SELECT_10_FermiHubbard2D_cylinder_0_0_6,outer,2,SA,0.001,Double,No_Kink,507,687432
result_SELECT_10_FermiHubbard2D_cylinder_0_0_6,outer,2,SA,0.001,Double,No_Top,473,346680
result_SELECT_10_FermiHubbard2D_cylinder_0_0_6,outer,1,random,0,Double,No_Kink,662,2055719
result_SELECT_10_FermiHubbard2D_cylinder_0_0_6,outer,2,SA,0.001,Proj,No_MSF,407,36404
result_SELECT_10_FermiHubbard2D_cylinder_0_0_6,outer,2,SA,0.001,Proj,No_Top,407,60852
result_SELECT_10_FermiHubbard2D_cylinder_0_0_6,outer,1,random,0,Double,Yes_Kink,669,2073410
result_SELECT_10_FermiHubbard2D_cylinder_0_0_6,outer,2,SA,0.001,Single,No_MSF,489,343660
result_SELECT_10_FermiHubbard2D_cylinder_0_0_6,outer,2,SA,0.001,Double,Yes_Kink,508,690112
result_SELECT_10_FermiHubbard2D_cylinder_0_0_6,outer,2,SA,0.001,Single,No_Top,489,365960
result_SELECT_10_FermiHubbard2D_cylinder_0_0_6,outer,2,SA,0.001,Single,No_Kink,500,653932
result_SELECT_10_FermiHubbard2D_cylinder_0_0_6,outer,1,random,0,Proj,No_Kink,514,2488735
result_SELECT_10_FermiHubbard2D_cylinder_0_0_6,outer,2,SA,0.01,Double,No_MSF,473,323412
result_SELECT_10_FermiHubbard2D_cylinder_0_0_6,outer,1,random,0,Single,No_Kink,1120,2546608
result_SELECT_10_FermiHubbard2D_cylinder_0_0_6,outer,2,SA,0.01,Double,No_Top,473,346680
result_SELECT_10_FermiHubbard2D_cylinder_0_0_6,outer,2,SA,0.001,Single,Yes_Kink,504,683542
result_SELECT_10_FermiHubbard2D_cylinder_0_0_6,outer,2,SA,0.01,Double,No_Kink,499,678038
result_SELECT_10_FermiHubbard2D_cylinder_0_0_6,outer,2,SA,0.01,Proj,No_MSF,407,36404
result_SELECT_10_FermiHubbard2D_cylinder_0_0_6,outer,2,SA,0.01,Proj,No_Top,407,60852
result_SELECT_10_FermiHubbard2D_cylinder_0_0_6,outer,1,random,0,Proj,Yes_Kink,518,2479916
result_SELECT_10_FermiHubbard2D_cylinder_0_0_6,outer,2,SA,0.01,Single,No_MSF,489,343660
result_SELECT_10_FermiHubbard2D_cylinder_0_0_6,outer,2,SA,0.01,Double,Yes_Kink,513,691948
result_SELECT_10_FermiHubbard2D_cylinder_0_0_6,outer,2,SA,0.01,Single,No_Top,489,365960
result_SELECT_10_FermiHubbard2D_cylinder_0_0_6,outer,2,SA,0.1,Double,No_MSF,473,323412
result_SELECT_10_FermiHubbard2D_cylinder_0_0_6,outer,2,SA,0.01,Single,No_Kink,501,665316
result_SELECT_10_FermiHubbard2D_cylinder_0_0_6,outer,2,SA,0.1,Double,No_Top,473,346680
result_SELECT_10_FermiHubbard2D_cylinder_0_0_6,outer,2,SA,0.1,Double,No_Kink,487,659834
result_SELECT_10_FermiHubbard2D_cylinder_0_0_6,outer,2,SA,0.01,Single,Yes_Kink,506,696224
result_SELECT_10_FermiHubbard2D_cylinder_0_0_6,outer,2,SA,0.1,Proj,No_MSF,407,36404
result_SELECT_10_FermiHubbard2D_cylinder_0_0_6,outer,2,SA,0.1,Proj,No_Top,407,60852
result_SELECT_10_FermiHubbard2D_cylinder_0_0_6,outer,2,SA,0.1,Double,Yes_Kink,501,675256
result_SELECT_10_FermiHubbard2D_cylinder_0_0_6,outer,2,SA,0.1,Single,No_MSF,489,343660
result_SELECT_10_FermiHubbard2D_cylinder_0_0_6,outer,2,SA,0.001,Proj,No_Kink,453,2246899
result_SELECT_10_FermiHubbard2D_cylinder_0_0_6,outer,2,SA,0.001,Proj,Yes_Kink,457,2249387
result_SELECT_10_FermiHubbard2D_cylinder_0_0_6,outer,2,SA,0.1,Single,No_Top,489,365960
result_SELECT_10_FermiHubbard2D_cylinder_0_0_6,outer,2,SA,1,Double,No_MSF,473,323412
result_SELECT_10_FermiHubbard2D_cylinder_0_0_6,outer,2,SA,0.1,Single,No_Kink,495,659190
result_SELECT_10_FermiHubbard2D_cylinder_0_0_6,outer,2,SA,1,Double,No_Top,473,346680
result_SELECT_10_FermiHubbard2D_cylinder_0_0_6,outer,2,SA,0.1,Single,Yes_Kink,496,684400
result_SELECT_10_FermiHubbard2D_cylinder_0_0_6,outer,2,SA,1,Double,No_Kink,486,636272
result_SELECT_10_FermiHubbard2D_cylinder_0_0_6,outer,2,SA,1,Proj,No_MSF,407,36404
result_SELECT_10_FermiHubbard2D_cylinder_0_0_6,outer,2,SA,1,Proj,No_Top,407,60852
result_SELECT_10_FermiHubbard2D_cylinder_0_0_6,outer,2,SA,1,Double,Yes_Kink,491,644215
result_SELECT_10_FermiHubbard2D_cylinder_0_0_6,outer,2,SA,1,Single,No_MSF,489,343660
result_SELECT_10_FermiHubbard2D_cylinder_0_0_6,outer,2,SA,0.01,Proj,No_Kink,452,2277155
result_SELECT_10_FermiHubbard2D_cylinder_0_0_6,outer,2,SA,1,Single,No_Top,489,365960
result_SELECT_10_FermiHubbard2D_cylinder_0_0_6,outer,2,SA,0.01,Proj,Yes_Kink,459,2285833
result_SELECT_10_FermiHubbard2D_cylinder_0_0_6,outer,2,SA,1,Single,No_Kink,495,625613
result_SELECT_10_FermiHubbard2D_cylinder_0_0_6,outer,2,random,0,Double,No_MSF,473,323412
result_SELECT_10_FermiHubbard2D_cylinder_0_0_6,outer,2,random,0,Double,No_Top,473,346680
result_SELECT_10_FermiHubbard2D_cylinder_0_0_6,outer,2,SA,0.1,Proj,No_Kink,445,2174115
result_SELECT_10_FermiHubbard2D_cylinder_0_0_6,outer,2,SA,1,Single,Yes_Kink,498,650864
result_SELECT_10_FermiHubbard2D_cylinder_0_0_6,outer,2,random,0,Proj,No_MSF,407,36404
result_SELECT_10_FermiHubbard2D_cylinder_0_0_6,outer,2,random,0,Proj,No_Top,407,60852
result_SELECT_10_FermiHubbard2D_cylinder_0_0_6,outer,2,SA,0.1,Proj,Yes_Kink,450,2158242
result_SELECT_10_FermiHubbard2D_cylinder_0_0_6,outer,2,random,0,Single,No_MSF,489,343660
result_SELECT_10_FermiHubbard2D_cylinder_0_0_6,outer,2,random,0,Single,No_Top,489,365960
result_SELECT_10_FermiHubbard2D_cylinder_0_0_6,outer,2,random,0,Double,No_Kink,532,1244539
result_SELECT_10_FermiHubbard2D_cylinder_0_0_6,outer,2,random,0,Double,Yes_Kink,530,1251377
result_SELECT_10_Heisenberg2D_cylinder_1_0_0,inner,1,SA,0.001,Double,No_MSF,15437,849375
result_SELECT_10_FermiHubbard2D_cylinder_0_0_6,outer,2,SA,1,Proj,No_Kink,458,2224013
result_SELECT_10_Heisenberg2D_cylinder_1_0_0,inner,1,SA,0.001,Double,No_Top,15438,885905
result_SELECT_10_Heisenberg2D_cylinder_1_0_0,inner,1,SA,0.001,Double,No_Kink,15441,1186020
result_SELECT_10_Heisenberg2D_cylinder_1_0_0,inner,1,SA,0.001,Proj,No_MSF,13680,31944
result_SELECT_10_FermiHubbard2D_cylinder_0_0_6,outer,2,random,0,Single,No_Kink,506,1304794
result_SELECT_10_Heisenberg2D_cylinder_1_0_0,inner,1,SA,0.001,Proj,No_Top,13680,68472
result_SELECT_10_FermiHubbard2D_cylinder_0_0_6,outer,2,SA,1,Proj,Yes_Kink,460,2208896
result_SELECT_10_Heisenberg2D_cylinder_1_0_0,inner,1,SA,0.001,Single,No_MSF,16585,913086
result_SELECT_10_FermiHubbard2D_cylinder_0_0_6,outer,2,random,0,Single,Yes_Kink,507,1327845
result_SELECT_10_Heisenberg2D_cylinder_1_0_0,inner,1,SA,0.001,Double,Yes_Kink,15446,1182224
result_SELECT_10_Heisenberg2D_cylinder_1_0_0,inner,1,SA,0.001,Single,No_Top,16587,949618
result_SELECT_10_Heisenberg2D_cylinder_1_0_0,inner,1,SA,0.01,Double,No_MSF,15437,849375
result_SELECT_10_Heisenberg2D_cylinder_1_0_0,inner,1,SA,0.01,Double,No_Top,15438,885905
result_SELECT_10_Heisenberg2D_cylinder_1_0_0,inner,1,SA,0.001,Single,No_Kink,16587,1220326
result_SELECT_10_Heisenberg2D_cylinder_1_0_0,inner,1,SA,0.01,Proj,No_MSF,13680,31944
result_SELECT_10_Heisenberg2D_cylinder_1_0_0,inner,1,SA,0.01,Double,No_Kink,15439,1127899
result_SELECT_10_FermiHubbard2D_cylinder_0_0_6,outer,2,random,0,Proj,No_Kink,476,2386275
result_SELECT_10_FermiHubbard2D_cylinder_0_0_6,outer,2,random,0,Proj,Yes_Kink,478,2362722
result_SELECT_10_Heisenberg2D_cylinder_1_0_0,inner,1,SA,0.01,Proj,No_Top,13680,68472
result_SELECT_10_Heisenberg2D_cylinder_1_0_0,inner,1,SA,0.01,Single,No_MSF,16585,913086
result_SELECT_10_Heisenberg2D_cylinder_1_0_0,inner,1,SA,0.01,Double,Yes_Kink,15450,1133186
result_SELECT_10_Heisenberg2D_cylinder_1_0_0,inner,1,SA,0.01,Single,No_Top,16587,949618
result_SELECT_10_Heisenberg2D_cylinder_1_0_0,inner,1,SA,0.1,Double,No_MSF,15437,849375
result_SELECT_10_Heisenberg2D_cylinder_1_0_0,inner,1,SA,0.01,Single,No_Kink,16587,1158673
result_SELECT_10_Heisenberg2D_cylinder_1_0_0,inner,1,SA,0.1,Double,No_Top,15438,885905
result_SELECT_10_Heisenberg2D_cylinder_1_0_0,inner,1,SA,0.1,Proj,No_MSF,13680,31944
result_SELECT_10_Heisenberg2D_cylinder_1_0_0,inner,1,SA,0.1,Double,No_Kink,17156,1206797
result_SELECT_10_Heisenberg2D_cylinder_1_0_0,inner,1,SA,0.1,Proj,No_Top,13680,68472
result_SELECT_10_Heisenberg2D_cylinder_1_0_0,inner,1,SA,0.1,Double,Yes_Kink,19730,1359337
result_SELECT_10_Heisenberg2D_cylinder_1_0_0,inner,1,SA,0.1,Single,No_MSF,16585,913086
result_SELECT_10_Heisenberg2D_cylinder_1_0_0,inner,1,SA,0.1,Single,No_Top,16587,949618
result_SELECT_10_Heisenberg2D_cylinder_1_0_0,inner,1,SA,0.1,Single,No_Kink,16587,1145915
result_SELECT_10_Heisenberg2D_cylinder_1_0_0,inner,1,SA,1,Double,No_MSF,15437,849375
result_SELECT_10_Heisenberg2D_cylinder_1_0_0,inner,1,SA,1,Double,No_Top,15438,885905
result_SELECT_10_Heisenberg2D_cylinder_1_0_0,inner,1,SA,1,Double,No_Kink,15441,1049425
result_SELECT_10_Heisenberg2D_cylinder_1_0_0,inner,1,SA,1,Double,Yes_Kink,15445,1053037
result_SELECT_10_Heisenberg2D_cylinder_1_0_0,inner,1,SA,1,Proj,No_MSF,13680,31944
result_SELECT_10_Heisenberg2D_cylinder_1_0_0,inner,1,SA,1,Proj,No_Top,13680,68472
result_SELECT_10_Heisenberg2D_cylinder_1_0_0,inner,1,SA,0.001,Proj,Yes_Kink,13683,6775943
result_SELECT_10_Heisenberg2D_cylinder_1_0_0,inner,1,SA,1,Single,No_Kink,16587,1082560
result_SELECT_10_Heisenberg2D_cylinder_1_0_0,inner,1,SA,0.001,Proj,No_Kink,13683,6913686
result_SELECT_10_Heisenberg2D_cylinder_1_0_0,inner,1,SA,1,Single,No_MSF,16585,913086
result_SELECT_10_Heisenberg2D_cylinder_1_0_0,inner,1,SA,1,Single,No_Top,16587,949618
result_SELECT_10_Heisenberg2D_cylinder_1_0_0,inner,1,random,0,Double,No_MSF,15437,849375
result_SELECT_10_Heisenberg2D_cylinder_1_0_0,inner,1,random,0,Double,No_Top,15438,885905
result_SELECT_10_Heisenberg2D_cylinder_1_0_0,inner,1,SA,0.01,Proj,No_Kink,13683,6763830
result_SELECT_10_Heisenberg2D_cylinder_1_0_0,inner,1,random,0,Double,No_Kink,15442,1274172
result_SELECT_10_Heisenberg2D_cylinder_1_0_0,inner,1,random,0,Proj,No_MSF,13680,31944
result_SELECT_10_Heisenberg2D_cylinder_1_0_0,inner,1,SA,0.01,Proj,Yes_Kink,13685,6654143
result_SELECT_10_Heisenberg2D_cylinder_1_0_0,inner,1,random,0,Double,Yes_Kink,15442,1271034
result_SELECT_10_Heisenberg2D_cylinder_1_0_0,inner,1,random,0,Proj,No_Top,13680,68472
result_SELECT_10_Heisenberg2D_cylinder_1_0_0,inner,1,random,0,Single,No_MSF,16585,913086
result_SELECT_10_Heisenberg2D_cylinder_1_0_0,inner,1,random,0,Single,No_Top,16587,949618
result_SELECT_10_Heisenberg2D_cylinder_1_0_0,inner,1,random,0,Single,No_Kink,16587,1314516
result_SELECT_10_Heisenberg2D_cylinder_1_0_0,inner,1,SA,0.1,Proj,Yes_Kink,13682,6725074
result_SELECT_10_Heisenberg2D_cylinder_1_0_0,inner,2,SA,0.001,Double,No_MSF,15437,849375
result_SELECT_10_Heisenberg2D_cylinder_1_0_0,inner,2,SA,0.001,Double,No_Kink,15443,1130059
result_SELECT_10_Heisenberg2D_cylinder_1_0_0,inner,1,SA,0.1,Proj,No_Kink,13683,6905036
result_SELECT_10_Heisenberg2D_cylinder_1_0_0,inner,2,SA,0.001,Double,No_Top,15438,885905
result_SELECT_10_Heisenberg2D_cylinder_1_0_0,inner,2,SA,0.001,Proj,No_MSF,13680,31944
result_SELECT_10_Heisenberg2D_cylinder_1_0_0,inner,2,SA,0.001,Proj,No_Top,13680,68472
result_SELECT_10_Heisenberg2D_cylinder_1_0_0,inner,1,SA,1,Proj,No_Kink,13687,6591711
result_SELECT_10_Heisenberg2D_cylinder_1_0_0,inner,2,SA,0.001,Double,Yes_Kink,16021,1147523
result_SELECT_10_Heisenberg2D_cylinder_1_0_0,inner,2,SA,0.001,Single,No_MSF,16585,913086
result_SELECT_10_Heisenberg2D_cylinder_1_0_0,inner,1,SA,1,Proj,Yes_Kink,13687,6518641
result_SELECT_10_Heisenberg2D_cylinder_1_0_0,inner,2,SA,0.001,Single,No_Top,16587,949618
result_SELECT_10_Heisenberg2D_cylinder_1_0_0,inner,2,SA,0.001,Single,No_Kink,16587,1162965
result_SELECT_10_Heisenberg2D_cylinder_1_0_0,inner,2,SA,0.01,Double,No_MSF,15437,849375
result_SELECT_10_Heisenberg2D_cylinder_1_0_0,inner,2,SA,0.01,Double,No_Top,15438,885905
result_SELECT_10_Heisenberg2D_cylinder_1_0_0,inner,2,SA,0.001,Single,Yes_Kink,16587,1169177
result_SELECT_10_Heisenberg2D_cylinder_1_0_0,inner,2,SA,0.01,Double,No_Kink,15438,1076478
result_SELECT_10_Heisenberg2D_cylinder_1_0_0,inner,2,SA,0.01,Proj,No_MSF,13680,31944
result_SELECT_10_Heisenberg2D_cylinder_1_0_0,inner,2,SA,0.01,Proj,No_Top,13680,68472
result_SELECT_10_Heisenberg2D_cylinder_1_0_0,inner,2,SA,0.01,Double,Yes_Kink,16007,1102517
result_SELECT_10_Heisenberg2D_cylinder_1_0_0,inner,2,SA,0.01,Single,No_MSF,16585,913086
result_SELECT_10_Heisenberg2D_cylinder_1_0_0,inner,2,SA,0.01,Single,No_Top,16587,949618
result_SELECT_10_Heisenberg2D_cylinder_1_0_0,inner,2,SA,0.01,Single,No_Kink,16587,1106201
result_SELECT_10_Heisenberg2D_cylinder_1_0_0,inner,2,SA,0.01,Single,Yes_Kink,16587,1111631
result_SELECT_10_Heisenberg2D_cylinder_1_0_0,inner,2,SA,0.1,Double,No_Kink,15447,1080216
result_SELECT_10_Heisenberg2D_cylinder_1_0_0,inner,2,SA,0.1,Double,No_MSF,15437,849375
result_SELECT_10_Heisenberg2D_cylinder_1_0_0,inner,2,SA,0.1,Double,No_Top,15438,885905
result_SELECT_10_Heisenberg2D_cylinder_1_0_0,inner,2,SA,0.1,Double,Yes_Kink,16020,1105940
result_SELECT_10_Heisenberg2D_cylinder_1_0_0,inner,2,SA,0.1,Proj,No_MSF,13680,31944
result_SELECT_10_Heisenberg2D_cylinder_1_0_0,inner,2,SA,0.1,Proj,No_Top,13680,68472
result_SELECT_10_Heisenberg2D_cylinder_1_0_0,inner,2,SA,0.001,Proj,Yes_Kink,13686,6431254
result_SELECT_10_Heisenberg2D_cylinder_1_0_0,inner,2,SA,0.001,Proj,No_Kink,13682,6683152
result_SELECT_10_Heisenberg2D_cylinder_1_0_0,inner,2,SA,0.1,Single,No_MSF,16585,913086
result_SELECT_10_Heisenberg2D_cylinder_1_0_0,inner,2,SA,0.1,Single,No_Top,16587,949618
result_SELECT_10_Heisenberg2D_cylinder_1_0_0,inner,2,SA,0.1,Single,No_Kink,16587,1112502
result_SELECT_10_Heisenberg2D_cylinder_1_0_0,inner,2,SA,0.01,Proj,Yes_Kink,13682,6278531
result_SELECT_10_Heisenberg2D_cylinder_1_0_0,inner,2,SA,0.01,Proj,No_Kink,13682,6435181
result_SELECT_10_Heisenberg2D_cylinder_1_0_0,inner,2,SA,1,Double,No_Kink,15439,1020897
result_SELECT_10_Heisenberg2D_cylinder_1_0_0,inner,2,SA,0.1,Single,Yes_Kink,16587,1118256
result_SELECT_10_Heisenberg2D_cylinder_1_0_0,inner,2,SA,1,Double,No_MSF,15437,849375
result_SELECT_10_Heisenberg2D_cylinder_1_0_0,inner,2,SA,1,Double,No_Top,15438,885905
result_SELECT_10_Heisenberg2D_cylinder_1_0_0,inner,2,SA,1,Proj,No_MSF,13680,31944
result_SELECT_10_Heisenberg2D_cylinder_1_0_0,inner,2,SA,1,Proj,No_Top,13680,68472
result_SELECT_10_Heisenberg2D_cylinder_1_0_0,inner,2,SA,1,Double,Yes_Kink,15439,1017737
result_SELECT_10_Heisenberg2D_cylinder_1_0_0,inner,2,SA,1,Single,No_MSF,16585,913086
result_SELECT_10_Heisenberg2D_cylinder_1_0_0,inner,2,SA,1,Single,No_Kink,16587,1053858
result_SELECT_10_Heisenberg2D_cylinder_1_0_0,inner,1,random,0,Proj,No_Kink,13680,8229584
result_SELECT_10_Heisenberg2D_cylinder_1_0_0,inner,2,SA,1,Single,No_Top,16587,949618
result_SELECT_10_Heisenberg2D_cylinder_1_0_0,inner,1,random,0,Proj,Yes_Kink,13680,8088910
result_SELECT_10_Heisenberg2D_cylinder_1_0_0,inner,2,random,0,Double,No_MSF,15437,849375
result_SELECT_10_Heisenberg2D_cylinder_1_0_0,inner,2,SA,1,Single,Yes_Kink,16587,1078921
result_SELECT_10_Heisenberg2D_cylinder_1_0_0,inner,2,random,0,Double,No_Top,15438,885905
result_SELECT_10_Heisenberg2D_cylinder_1_0_0,inner,2,random,0,Double,No_Kink,15438,1120201
result_SELECT_10_Heisenberg2D_cylinder_1_0_0,inner,2,random,0,Proj,No_MSF,13680,31944
result_SELECT_10_Heisenberg2D_cylinder_1_0_0,inner,2,random,0,Proj,No_Top,13680,68472
result_SELECT_10_Heisenberg2D_cylinder_1_0_0,inner,2,random,0,Double,Yes_Kink,16008,1150354
result_SELECT_10_Heisenberg2D_cylinder_1_0_0,inner,2,random,0,Single,No_MSF,16585,913086
result_SELECT_10_Heisenberg2D_cylinder_1_0_0,inner,2,random,0,Single,No_Top,16587,949618
result_SELECT_10_Heisenberg2D_cylinder_1_0_0,inner,2,random,0,Single,No_Kink,16587,1158806
result_SELECT_10_Heisenberg2D_cylinder_1_0_0,inner,2,SA,0.1,Proj,Yes_Kink,13687,6303327
result_SELECT_10_Heisenberg2D_cylinder_1_0_0,outer,1,SA,0.001,Double,No_MSF,15437,849375
result_SELECT_10_Heisenberg2D_cylinder_1_0_0,inner,2,random,0,Single,Yes_Kink,16587,1173218
result_SELECT_10_Heisenberg2D_cylinder_1_0_0,outer,1,SA,0.001,Double,No_Top,15438,885905
result_SELECT_10_Heisenberg2D_cylinder_1_0_0,inner,2,SA,0.1,Proj,No_Kink,13683,6625391
result_SELECT_10_Heisenberg2D_cylinder_1_0_0,outer,1,SA,0.001,Double,No_Kink,15439,1147950
result_SELECT_10_Heisenberg2D_cylinder_1_0_0,outer,1,SA,0.001,Proj,No_MSF,13680,31944
result_SELECT_10_Heisenberg2D_cylinder_1_0_0,outer,1,SA,0.001,Proj,No_Top,13680,68472
result_SELECT_10_Heisenberg2D_cylinder_1_0_0,outer,1,SA,0.001,Double,Yes_Kink,15442,1143954
result_SELECT_10_Heisenberg2D_cylinder_1_0_0,outer,1,SA,0.001,Single,No_MSF,16585,913086
result_SELECT_10_Heisenberg2D_cylinder_1_0_0,outer,1,SA,0.001,Single,No_Top,16587,949618
result_SELECT_10_Heisenberg2D_cylinder_1_0_0,outer,1,SA,0.001,Single,No_Kink,16587,1182234
result_SELECT_10_Heisenberg2D_cylinder_1_0_0,outer,1,SA,0.01,Double,No_MSF,15437,849375
result_SELECT_10_Heisenberg2D_cylinder_1_0_0,outer,1,SA,0.01,Double,No_Top,15438,885905
result_SELECT_10_Heisenberg2D_cylinder_1_0_0,outer,1,SA,0.01,Double,No_Kink,15439,1155679
result_SELECT_10_Heisenberg2D_cylinder_1_0_0,outer,1,SA,0.01,Double,Yes_Kink,15439,1150703
result_SELECT_10_Heisenberg2D_cylinder_1_0_0,outer,1,SA,0.01,Proj,No_MSF,13680,31944
result_SELECT_10_Heisenberg2D_cylinder_1_0_0,outer,1,SA,0.01,Proj,No_Top,13680,68472
result_SELECT_10_Heisenberg2D_cylinder_1_0_0,inner,2,SA,1,Proj,Yes_Kink,13683,5962070
result_SELECT_10_Heisenberg2D_cylinder_1_0_0,inner,2,SA,1,Proj,No_Kink,13680,6093902
result_SELECT_10_Heisenberg2D_cylinder_1_0_0,outer,1,SA,0.01,Single,No_MSF,16585,913086
result_SELECT_10_Heisenberg2D_cylinder_1_0_0,outer,1,SA,0.01,Single,No_Top,16587,949618
result_SELECT_10_Heisenberg2D_cylinder_1_0_0,outer,1,SA,0.01,Single,No_Kink,16587,1190878
result_SELECT_10_Heisenberg2D_cylinder_1_0_0,outer,1,SA,0.1,Double,No_MSF,15437,849375
result_SELECT_10_Heisenberg2D_cylinder_1_0_0,outer,1,SA,0.1,Double,No_Top,15438,885905
result_SELECT_10_Heisenberg2D_cylinder_1_0_0,outer,1,SA,0.1,Double,No_Kink,15442,1140872
result_SELECT_10_Heisenberg2D_cylinder_1_0_0,outer,1,SA,0.1,Double,Yes_Kink,15445,1137096
result_SELECT_10_Heisenberg2D_cylinder_1_0_0,outer,1,SA,0.1,Proj,No_MSF,13680,31944
result_SELECT_10_Heisenberg2D_cylinder_1_0_0,outer,1,SA,0.1,Proj,No_Top,13680,68472
result_SELECT_10_Heisenberg2D_cylinder_1_0_0,outer,1,SA,0.001,Proj,No_Kink,13684,7077713
result_SELECT_10_Heisenberg2D_cylinder_1_0_0,inner,2,random,0,Proj,Yes_Kink,13680,8147455
result_SELECT_10_Heisenberg2D_cylinder_1_0_0,outer,1,SA,0.1,Single,No_MSF,16585,913086
result_SELECT_10_Heisenberg2D_cylinder_1_0_0,outer,1,SA,0.001,Proj,Yes_Kink,13685,7071911
result_SELECT_10_Heisenberg2D_cylinder_1_0_0,outer,1,SA,0.1,Single,No_Kink,16587,1173138
result_SELECT_10_Heisenberg2D_cylinder_1_0_0,outer,1,SA,0.1,Single,No_Top,16587,949618
result_SELECT_10_Heisenberg2D_cylinder_1_0_0,inner,2,random,0,Proj,No_Kink,13680,8337506
result_SELECT_10_Heisenberg2D_cylinder_1_0_0,outer,1,SA,1,Double,No_MSF,15437,849375
result_SELECT_10_Heisenberg2D_cylinder_1_0_0,outer,1,SA,1,Double,No_Top,15438,885905
result_SELECT_10_Heisenberg2D_cylinder_1_0_0,outer,1,SA,0.01,Proj,No_Kink,13684,7285378
result_SELECT_10_Heisenberg2D_cylinder_1_0_0,outer,1,SA,1,Proj,No_MSF,13680,31944
result_SELECT_10_Heisenberg2D_cylinder_1_0_0,outer,1,SA,1,Double,No_Kink,15445,1090353
result_SELECT_10_Heisenberg2D_cylinder_1_0_0,outer,1,SA,1,Double,Yes_Kink,15448,1087771
result_SELECT_10_Heisenberg2D_cylinder_1_0_0,outer,1,SA,1,Proj,No_Top,13680,68472
result_SELECT_10_Heisenberg2D_cylinder_1_0_0,outer,1,SA,1,Single,No_MSF,16585,913086
result_SELECT_10_Heisenberg2D_cylinder_1_0_0,outer,1,SA,1,Single,No_Top,16587,949618
result_SELECT_10_Heisenberg2D_cylinder_1_0_0,outer,1,random,0,Double,No_MSF,15437,849375
result_SELECT_10_Heisenberg2D_cylinder_1_0_0,outer,1,SA,1,Single,No_Kink,16587,1140372
result_SELECT_10_Heisenberg2D_cylinder_1_0_0,outer,1,random,0,Double,No_Top,15438,885905
result_SELECT_10_Heisenberg2D_cylinder_1_0_0,outer,1,SA,0.01,Proj,Yes_Kink,13683,7121062
result_SELECT_10_Heisenberg2D_cylinder_1_0_0,outer,1,random,0,Proj,No_MSF,13680,31944
result_SELECT_10_Heisenberg2D_cylinder_1_0_0,outer,1,random,0,Double,No_Kink,15441,1306509
result_SELECT_10_Heisenberg2D_cylinder_1_0_0,outer,1,random,0,Proj,No_Top,13680,68472
result_SELECT_10_Heisenberg2D_cylinder_1_0_0,outer,1,random,0,Double,Yes_Kink,15444,1302666
result_SELECT_10_Heisenberg2D_cylinder_1_0_0,outer,1,random,0,Single,No_MSF,16585,913086
result_SELECT_10_Heisenberg2D_cylinder_1_0_0,outer,1,random,0,Single,No_Top,16587,949618
result_SELECT_10_Heisenberg2D_cylinder_1_0_0,outer,1,random,0,Single,No_Kink,16587,1347278
result_SELECT_10_Heisenberg2D_cylinder_1_0_0,outer,2,SA,0.001,Double,No_MSF,15437,849375
result_SELECT_10_Heisenberg2D_cylinder_1_0_0,outer,2,SA,0.001,Double,No_Kink,15449,1109592
result_SELECT_10_Heisenberg2D_cylinder_1_0_0,outer,2,SA,0.001,Double,No_Top,15438,885905
result_SELECT_10_Heisenberg2D_cylinder_1_0_0,outer,2,SA,0.001,Double,Yes_Kink,16026,1133005
result_SELECT_10_Heisenberg2D_cylinder_1_0_0,outer,2,SA,0.001,Proj,No_MSF,13680,31944
result_SELECT_10_Heisenberg2D_cylinder_1_0_0,outer,2,SA,0.001,Proj,No_Top,13680,68472
result_SELECT_10_Heisenberg2D_cylinder_1_0_0,outer,1,SA,0.1,Proj,No_Kink,13680,6952299
result_SELECT_10_Heisenberg2D_cylinder_1_0_0,outer,2,SA,0.001,Single,No_Kink,16587,1147159
result_SELECT_10_Heisenberg2D_cylinder_1_0_0,outer,2,SA,0.001,Single,No_MSF,16585,913086
result_SELECT_10_Heisenberg2D_cylinder_1_0_0,outer,1,SA,0.1,Proj,Yes_Kink,13680,7013915
result_SELECT_10_Heisenberg2D_cylinder_1_0_0,outer,2,SA,0.001,Single,No_Top,16587,949618
result_SELECT_10_Heisenberg2D_cylinder_1_0_0,outer,2,SA,0.001,Single,Yes_Kink,16587,1154301
result_SELECT_10_Heisenberg2D_cylinder_1_0_0,outer,2,SA,0.01,Double,No_MSF,15437,849375
result_SELECT_10_Heisenberg2D_cylinder_1_0_0,outer,2,SA,0.01,Double,No_Kink,15444,1108766
result_SELECT_10_Heisenberg2D_cylinder_1_0_0,outer,2,SA,0.01,Double,No_Top,15438,885905
result_SELECT_10_Heisenberg2D_cylinder_1_0_0,outer,2,SA,0.01,Double,Yes_Kink,16015,1130050
result_SELECT_10_Heisenberg2D_cylinder_1_0_0,outer,2,SA,0.01,Proj,No_MSF,13680,31944
result_SELECT_10_Heisenberg2D_cylinder_1_0_0,outer,2,SA,0.01,Proj,No_Top,13680,68472
result_SELECT_10_Heisenberg2D_cylinder_1_0_0,outer,1,SA,1,Proj,Yes_Kink,13681,6830387
result_SELECT_10_Heisenberg2D_cylinder_1_0_0,outer,1,SA,1,Proj,No_Kink,13681,6772656
result_SELECT_10_Heisenberg2D_cylinder_1_0_0,outer,2,SA,0.01,Single,No_MSF,16585,913086
result_SELECT_10_Heisenberg2D_cylinder_1_0_0,outer,2,SA,0.01,Single,No_Kink,16587,1144698
result_SELECT_10_Heisenberg2D_cylinder_1_0_0,outer,2,SA,0.01,Single,No_Top,16587,949618
result_SELECT_10_Heisenberg2D_cylinder_1_0_0,outer,2,SA,0.01,Single,Yes_Kink,16587,1152660
result_SELECT_10_Heisenberg2D_cylinder_1_0_0,outer,2,SA,0.1,Double,No_Kink,15439,1092666
result_SELECT_10_Heisenberg2D_cylinder_1_0_0,outer,2,SA,0.1,Double,No_MSF,15437,849375
result_SELECT_10_Heisenberg2D_cylinder_1_0_0,outer,2,SA,0.1,Double,No_Top,15438,885905
result_SELECT_10_Heisenberg2D_cylinder_1_0_0,outer,2,SA,0.1,Double,Yes_Kink,15439,1084288
result_SELECT_10_Heisenberg2D_cylinder_1_0_0,outer,2,SA,0.1,Proj,No_MSF,13680,31944
result_SELECT_10_Heisenberg2D_cylinder_1_0_0,outer,2,SA,0.1,Proj,No_Top,13680,68472
result_SELECT_10_Heisenberg2D_cylinder_1_0_0,outer,1,random,0,Proj,Yes_Kink,13680,7411327
result_SELECT_10_Heisenberg2D_cylinder_1_0_0,outer,2,SA,0.001,Proj,No_Kink,13684,6830837
result_SELECT_10_Heisenberg2D_cylinder_1_0_0,outer,1,random,0,Proj,No_Kink,13680,7401631
result_SELECT_10_Heisenberg2D_cylinder_1_0_0,outer,2,SA,0.1,Single,No_MSF,16585,913086
result_SELECT_10_Heisenberg2D_cylinder_1_0_0,outer,2,SA,0.1,Single,No_Top,16587,949618
result_SELECT_10_Heisenberg2D_cylinder_1_0_0,outer,2,SA,0.1,Single,No_Kink,16587,1126642
result_SELECT_10_Heisenberg2D_cylinder_1_0_0,outer,2,SA,1,Double,No_MSF,15437,849375
result_SELECT_10_Heisenberg2D_cylinder_1_0_0,outer,2,SA,0.1,Single,Yes_Kink,16587,1149592
result_SELECT_10_Heisenberg2D_cylinder_1_0_0,outer,2,SA,1,Double,No_Kink,15439,1054505
result_SELECT_10_Heisenberg2D_cylinder_1_0_0,outer,2,SA,1,Double,No_Top,15438,885905
result_SELECT_10_Heisenberg2D_cylinder_1_0_0,outer,2,SA,1,Proj,No_MSF,13680,31944
result_SELECT_10_Heisenberg2D_cylinder_1_0_0,outer,2,SA,0.001,Proj,Yes_Kink,13684,6745137
result_SELECT_10_Heisenberg2D_cylinder_1_0_0,outer,2,SA,1,Double,Yes_Kink,15439,1047355
result_SELECT_10_Heisenberg2D_cylinder_1_0_0,outer,2,SA,1,Proj,No_Top,13680,68472
result_SELECT_10_Heisenberg2D_cylinder_1_0_0,outer,2,SA,1,Single,No_MSF,16585,913086
result_SELECT_10_Heisenberg2D_cylinder_1_0_0,outer,2,SA,1,Single,No_Kink,16587,1091014
result_SELECT_10_Heisenberg2D_cylinder_1_0_0,outer,2,SA,1,Single,No_Top,16587,949618
result_SELECT_10_Heisenberg2D_cylinder_1_0_0,outer,2,SA,1,Single,Yes_Kink,16587,1112210
result_SELECT_10_Heisenberg2D_cylinder_1_0_0,outer,2,random,0,Double,No_MSF,15437,849375
result_SELECT_10_Heisenberg2D_cylinder_1_0_0,outer,2,random,0,Double,No_Kink,15442,1188085
result_SELECT_10_Heisenberg2D_cylinder_1_0_0,outer,2,random,0,Double,No_Top,15438,885905
result_SELECT_10_Heisenberg2D_cylinder_1_0_0,outer,2,random,0,Double,Yes_Kink,16013,1213502
result_SELECT_10_Heisenberg2D_cylinder_1_0_0,outer,2,random,0,Proj,No_MSF,13680,31944
result_SELECT_10_Heisenberg2D_cylinder_1_0_0,outer,2,random,0,Proj,No_Top,13680,68472
result_SELECT_10_Heisenberg2D_cylinder_1_0_0,outer,2,SA,0.01,Proj,No_Kink,13684,6939445
result_SELECT_10_Heisenberg2D_cylinder_1_0_0,outer,2,SA,0.01,Proj,Yes_Kink,13686,6879299
result_SELECT_10_Heisenberg2D_cylinder_1_0_0,outer,2,random,0,Single,No_MSF,16585,913086
result_SELECT_10_Heisenberg2D_cylinder_1_0_0,outer,2,random,0,Single,No_Top,16587,949618
result_SELECT_10_Heisenberg2D_cylinder_1_0_0,outer,2,random,0,Single,No_Kink,16587,1224977
result_SELECT_10_Heisenberg2D_cylinder_1_0_1,inner,1,SA,0.001,Double,No_Kink,7758,1048593
result_SELECT_10_Heisenberg2D_cylinder_1_0_0,outer,2,random,0,Single,Yes_Kink,16587,1240778
result_SELECT_10_Heisenberg2D_cylinder_1_0_1,inner,1,SA,0.001,Double,No_MSF,7742,764114
result_SELECT_10_Heisenberg2D_cylinder_1_0_1,inner,1,SA,0.001,Double,No_Top,7743,800748
result_SELECT_10_Heisenberg2D_cylinder_1_0_1,inner,1,SA,0.001,Double,Yes_Kink,7762,1045266
result_SELECT_10_Heisenberg2D_cylinder_1_0_1,inner,1,SA,0.001,Proj,No_MSF,6840,32036
result_SELECT_10_Heisenberg2D_cylinder_1_0_1,inner,1,SA,0.001,Proj,No_Top,6840,68644
result_SELECT_10_Heisenberg2D_cylinder_1_0_0,outer,2,SA,0.1,Proj,No_Kink,13681,6922290
result_SELECT_10_Heisenberg2D_cylinder_1_0_0,outer,2,SA,0.1,Proj,Yes_Kink,13680,6813462
result_SELECT_10_Heisenberg2D_cylinder_1_0_1,inner,1,SA,0.001,Single,No_MSF,8321,821866
result_SELECT_10_Heisenberg2D_cylinder_1_0_1,inner,1,SA,0.001,Single,No_Kink,8322,1078857
result_SELECT_10_Heisenberg2D_cylinder_1_0_1,inner,1,SA,0.001,Single,No_Top,8322,858478
result_SELECT_10_Heisenberg2D_cylinder_1_0_1,inner,1,SA,0.01,Double,No_MSF,7742,764114
result_SELECT_10_Heisenberg2D_cylinder_1_0_0,outer,2,SA,1,Proj,Yes_Kink,13680,6179529
result_SELECT_10_Heisenberg2D_cylinder_1_0_0,outer,2,SA,1,Proj,No_Kink,13680,6340958
result_SELECT_10_Heisenberg2D_cylinder_1_0_1,inner,1,SA,0.01,Double,No_Top,7743,800748
result_SELECT_10_Heisenberg2D_cylinder_1_0_1,inner,1,SA,0.01,Double,No_Kink,7749,1028753
result_SELECT_10_Heisenberg2D_cylinder_1_0_1,inner,1,SA,0.01,Proj,No_MSF,6840,32036
result_SELECT_10_Heisenberg2D_cylinder_1_0_1,inner,1,SA,0.01,Proj,No_Top,6840,68644
result_SELECT_10_Heisenberg2D_cylinder_1_0_1,inner,1,SA,0.01,Double,Yes_Kink,7760,1025928
result_SELECT_10_Heisenberg2D_cylinder_1_0_1,inner,1,SA,0.01,Single,No_MSF,8321,821866
result_SELECT_10_Heisenberg2D_cylinder_1_0_1,inner,1,SA,0.01,Single,No_Top,8322,858478
result_SELECT_10_Heisenberg2D_cylinder_1_0_1,inner,1,SA,0.01,Single,No_Kink,8322,1058378
result_SELECT_10_Heisenberg2D_cylinder_1_0_1,inner,1,SA,0.1,Double,No_MSF,7742,764114
result_SELECT_10_Heisenberg2D_cylinder_1_0_1,inner,1,SA,0.1,Double,No_Top,7743,800748
result_SELECT_10_Heisenberg2D_cylinder_1_0_1,inner,1,SA,0.1,Double,No_Kink,7746,995069
result_SELECT_10_Heisenberg2D_cylinder_1_0_1,inner,1,SA,0.1,Double,Yes_Kink,7755,1002552
result_SELECT_10_Heisenberg2D_cylinder_1_0_1,inner,1,SA,0.1,Proj,No_MSF,6840,32036
result_SELECT_10_Heisenberg2D_cylinder_1_0_1,inner,1,SA,0.1,Proj,No_Top,6840,68644
result_SELECT_10_Heisenberg2D_cylinder_1_0_1,inner,1,SA,0.001,Proj,No_Kink,6843,4337242
result_SELECT_10_Heisenberg2D_cylinder_1_0_1,inner,1,SA,0.1,Single,No_Kink,8322,1020798
result_SELECT_10_Heisenberg2D_cylinder_1_0_1,inner,1,SA,0.1,Single,No_MSF,8321,821866
result_SELECT_10_Heisenberg2D_cylinder_1_0_1,inner,1,SA,0.001,Proj,Yes_Kink,6846,4201067
result_SELECT_10_Heisenberg2D_cylinder_1_0_1,inner,1,SA,0.1,Single,No_Top,8322,858478
result_SELECT_10_Heisenberg2D_cylinder_1_0_1,inner,1,SA,1,Double,No_MSF,7742,764114
result_SELECT_10_Heisenberg2D_cylinder_1_0_1,inner,1,SA,1,Double,No_Kink,7744,965959
result_SELECT_10_Heisenberg2D_cylinder_1_0_1,inner,1,SA,1,Double,No_Top,7743,800748
result_SELECT_10_Heisenberg2D_cylinder_1_0_0,outer,2,random,0,Proj,No_Kink,13681,7722630
result_SELECT_10_Heisenberg2D_cylinder_1_0_1,inner,1,SA,1,Double,Yes_Kink,7744,973364
result_SELECT_10_Heisenberg2D_cylinder_1_0_1,inner,1,SA,1,Proj,No_MSF,6840,32036
result_SELECT_10_Heisenberg2D_cylinder_1_0_1,inner,1,SA,1,Proj,No_Top,6840,68644
result_SELECT_10_Heisenberg2D_cylinder_1_0_1,inner,1,SA,1,Single,No_Kink,8325,994351
result_SELECT_10_Heisenberg2D_cylinder_1_0_0,outer,2,random,0,Proj,Yes_Kink,13680,7497829
result_SELECT_10_Heisenberg2D_cylinder_1_0_1,inner,1,SA,1,Single,No_MSF,8321,821866
result_SELECT_10_Heisenberg2D_cylinder_1_0_1,inner,1,SA,1,Single,No_Top,8322,858478
result_SELECT_10_Heisenberg2D_cylinder_1_0_1,inner,1,random,0,Double,No_MSF,7742,764114
result_SELECT_10_Heisenberg2D_cylinder_1_0_1,inner,1,random,0,Double,No_Top,7743,800748
result_SELECT_10_Heisenberg2D_cylinder_1_0_1,inner,1,random,0,Double,No_Kink,7747,1228204
result_SELECT_10_Heisenberg2D_cylinder_1_0_1,inner,1,random,0,Double,Yes_Kink,7749,1226700
result_SELECT_10_Heisenberg2D_cylinder_1_0_1,inner,1,random,0,Proj,No_MSF,6840,32036
result_SELECT_10_Heisenberg2D_cylinder_1_0_1,inner,1,SA,0.01,Proj,Yes_Kink,6845,4103794
result_SELECT_10_Heisenberg2D_cylinder_1_0_1,inner,1,random,0,Proj,No_Top,6840,68644
result_SELECT_10_Heisenberg2D_cylinder_1_0_1,inner,1,SA,0.01,Proj,No_Kink,6844,4262357
result_SELECT_10_Heisenberg2D_cylinder_1_0_1,inner,1,random,0,Single,No_MSF,8321,821866
result_SELECT_10_Heisenberg2D_cylinder_1_0_1,inner,1,random,0,Single,No_Top,8322,858478
result_SELECT_10_Heisenberg2D_cylinder_1_0_1,inner,1,SA,0.1,Proj,No_Kink,6846,4160677
result_SELECT_10_Heisenberg2D_cylinder_1_0_1,inner,1,random,0,Single,No_Kink,8356,1273604
result_SELECT_10_Heisenberg2D_cylinder_1_0_1,inner,2,SA,0.001,Double,No_MSF,7742,764114
result_SELECT_10_Heisenberg2D_cylinder_1_0_1,inner,2,SA,0.001,Double,No_Kink,7744,1008837
result_SELECT_10_Heisenberg2D_cylinder_1_0_1,inner,2,SA,0.001,Double,No_Top,7743,800748
result_SELECT_10_Heisenberg2D_cylinder_1_0_1,inner,2,SA,0.001,Proj,No_MSF,6840,32036
result_SELECT_10_Heisenberg2D_cylinder_1_0_1,inner,1,SA,0.1,Proj,Yes_Kink,6848,4122314
result_SELECT_10_Heisenberg2D_cylinder_1_0_1,inner,2,SA,0.001,Double,Yes_Kink,8027,1019322
result_SELECT_10_Heisenberg2D_cylinder_1_0_1,inner,2,SA,0.001,Proj,No_Top,6840,68644
result_SELECT_10_Heisenberg2D_cylinder_1_0_1,inner,2,SA,0.001,Single,No_MSF,8321,821866
result_SELECT_10_Heisenberg2D_cylinder_1_0_1,inner,2,SA,0.001,Single,No_Top,8322,858478
result_SELECT_10_Heisenberg2D_cylinder_1_0_1,inner,2,SA,0.001,Single,No_Kink,8322,1034715
result_SELECT_10_Heisenberg2D_cylinder_1_0_1,inner,2,SA,0.001,Single,Yes_Kink,8322,1053479
result_SELECT_10_Heisenberg2D_cylinder_1_0_1,inner,2,SA,0.01,Double,No_Kink,7743,998899
result_SELECT_10_Heisenberg2D_cylinder_1_0_1,inner,2,SA,0.01,Double,No_MSF,7742,764114
result_SELECT_10_Heisenberg2D_cylinder_1_0_1,inner,2,SA,0.01,Double,No_Top,7743,800748
result_SELECT_10_Heisenberg2D_cylinder_1_0_1,inner,2,SA,0.01,Double,Yes_Kink,8028,1005461
result_SELECT_10_Heisenberg2D_cylinder_1_0_1,inner,2,SA,0.01,Proj,No_MSF,6840,32036
result_SELECT_10_Heisenberg2D_cylinder_1_0_1,inner,1,SA,1,Proj,No_Kink,6847,4147458
result_SELECT_10_Heisenberg2D_cylinder_1_0_1,inner,2,SA,0.01,Proj,No_Top,6840,68644
result_SELECT_10_Heisenberg2D_cylinder_1_0_1,inner,1,SA,1,Proj,Yes_Kink,6847,4022290
result_SELECT_10_Heisenberg2D_cylinder_1_0_1,inner,2,SA,0.01,Single,No_MSF,8321,821866
result_SELECT_10_Heisenberg2D_cylinder_1_0_1,inner,2,SA,0.01,Single,No_Kink,8322,1025842
result_SELECT_10_Heisenberg2D_cylinder_1_0_1,inner,2,SA,0.01,Single,No_Top,8322,858478
result_SELECT_10_Heisenberg2D_cylinder_1_0_1,inner,2,SA,0.01,Single,Yes_Kink,8322,1044511
result_SELECT_10_Heisenberg2D_cylinder_1_0_1,inner,2,SA,0.1,Double,No_Kink,7744,981425
result_SELECT_10_Heisenberg2D_cylinder_1_0_1,inner,2,SA,0.1,Double,No_MSF,7742,764114
result_SELECT_10_Heisenberg2D_cylinder_1_0_1,inner,2,SA,0.1,Double,No_Top,7743,800748
result_SELECT_10_Heisenberg2D_cylinder_1_0_1,inner,2,SA,0.1,Double,Yes_Kink,8030,995436
result_SELECT_10_Heisenberg2D_cylinder_1_0_1,inner,2,SA,0.1,Proj,No_MSF,6840,32036
result_SELECT_10_Heisenberg2D_cylinder_1_0_1,inner,2,SA,0.1,Proj,No_Top,6840,68644
result_SELECT_10_Heisenberg2D_cylinder_1_0_1,inner,1,random,0,Proj,No_Kink,6844,5076558
result_SELECT_10_Heisenberg2D_cylinder_1_0_1,inner,2,SA,0.1,Single,No_Kink,8322,1005840
result_SELECT_10_Heisenberg2D_cylinder_1_0_1,inner,2,SA,0.1,Single,No_MSF,8321,821866
result_SELECT_10_Heisenberg2D_cylinder_1_0_1,inner,2,SA,0.001,Proj,Yes_Kink,6842,4054105
result_SELECT_10_Heisenberg2D_cylinder_1_0_1,inner,2,SA,0.1,Single,No_Top,8322,858478
result_SELECT_10_Heisenberg2D_cylinder_1_0_1,inner,1,random,0,Proj,Yes_Kink,6844,4935707
result_SELECT_10_Heisenberg2D_cylinder_1_0_1,inner,2,SA,0.001,Proj,No_Kink,6843,4250949
result_SELECT_10_Heisenberg2D_cylinder_1_0_1,inner,2,SA,1,Double,No_MSF,7742,764114
result_SELECT_10_Heisenberg2D_cylinder_1_0_1,inner,2,SA,0.1,Single,Yes_Kink,8322,1022764
result_SELECT_10_Heisenberg2D_cylinder_1_0_1,inner,2,SA,1,Double,No_Top,7743,800748
result_SELECT_10_Heisenberg2D_cylinder_1_0_1,inner,2,SA,1,Double,No_Kink,7745,938168
result_SELECT_10_Heisenberg2D_cylinder_1_0_1,inner,2,SA,1,Proj,No_MSF,6840,32036
result_SELECT_10_Heisenberg2D_cylinder_1_0_1,inner,2,SA,1,Proj,No_Top,6840,68644
result_SELECT_10_Heisenberg2D_cylinder_1_0_1,inner,2,SA,1,Double,Yes_Kink,7744,935530
result_SELECT_10_Heisenberg2D_cylinder_1_0_1,inner,2,SA,1,Single,No_MSF,8321,821866
result_SELECT_10_Heisenberg2D_cylinder_1_0_1,inner,2,SA,1,Single,No_Kink,8322,964595
result_SELECT_10_Heisenberg2D_cylinder_1_0_1,inner,2,SA,1,Single,No_Top,8322,858478
result_SELECT_10_Heisenberg2D_cylinder_1_0_1,inner,2,SA,0.01,Proj,No_Kink,6848,4069249
result_SELECT_10_Heisenberg2D_cylinder_1_0_1,inner,2,SA,1,Single,Yes_Kink,8322,990600
result_SELECT_10_Heisenberg2D_cylinder_1_0_1,inner,2,random,0,Double,No_MSF,7742,764114
result_SELECT_10_Heisenberg2D_cylinder_1_0_1,inner,2,random,0,Double,No_Top,7743,800748
result_SELECT_10_Heisenberg2D_cylinder_1_0_1,inner,2,SA,0.01,Proj,Yes_Kink,6849,3894305
result_SELECT_10_Heisenberg2D_cylinder_1_0_1,inner,2,random,0,Double,No_Kink,7747,1170453
result_SELECT_10_Heisenberg2D_cylinder_1_0_1,inner,2,random,0,Proj,No_MSF,6840,32036
result_SELECT_10_Heisenberg2D_cylinder_1_0_1,inner,2,random,0,Proj,No_Top,6840,68644
result_SELECT_10_Heisenberg2D_cylinder_1_0_1,inner,2,random,0,Double,Yes_Kink,7758,1172397
result_SELECT_10_Heisenberg2D_cylinder_1_0_1,inner,2,random,0,Single,No_MSF,8321,821866
result_SELECT_10_Heisenberg2D_cylinder_1_0_1,inner,2,random,0,Single,No_Top,8322,858478
result_SELECT_10_Heisenberg2D_cylinder_1_0_1,inner,2,random,0,Single,No_Kink,8322,1202275
result_SELECT_10_Heisenberg2D_cylinder_1_0_1,outer,1,SA,0.001,Double,No_Kink,7747,1016959
result_SELECT_10_Heisenberg2D_cylinder_1_0_1,inner,2,random,0,Single,Yes_Kink,8322,1219374
result_SELECT_10_Heisenberg2D_cylinder_1_0_1,outer,1,SA,0.001,Double,No_MSF,7742,764114
result_SELECT_10_Heisenberg2D_cylinder_1_0_1,outer,1,SA,0.001,Double,No_Top,7743,800748
result_SELECT_10_Heisenberg2D_cylinder_1_0_1,inner,2,SA,0.1,Proj,No_Kink,6844,4202960
result_SELECT_10_Heisenberg2D_cylinder_1_0_1,outer,1,SA,0.001,Double,Yes_Kink,7749,1014729
result_SELECT_10_Heisenberg2D_cylinder_1_0_1,outer,1,SA,0.001,Proj,No_MSF,6840,32036
result_SELECT_10_Heisenberg2D_cylinder_1_0_1,outer,1,SA,0.001,Proj,No_Top,6840,68644
result_SELECT_10_Heisenberg2D_cylinder_1_0_1,inner,2,SA,0.1,Proj,Yes_Kink,6846,4072048
result_SELECT_10_Heisenberg2D_cylinder_1_0_1,outer,1,SA,0.001,Single,No_MSF,8321,821866
result_SELECT_10_Heisenberg2D_cylinder_1_0_1,outer,1,SA,0.001,Single,No_Kink,8322,1046023
result_SELECT_10_Heisenberg2D_cylinder_1_0_1,outer,1,SA,0.001,Single,No_Top,8322,858478
result_SELECT_10_Heisenberg2D_cylinder_1_0_1,outer,1,SA,0.01,Double,No_MSF,7742,764114
result_SELECT_10_Heisenberg2D_cylinder_1_0_1,outer,1,SA,0.01,Double,No_Top,7743,800748
result_SELECT_10_Heisenberg2D_cylinder_1_0_1,outer,1,SA,0.01,Double,No_Kink,7748,1027320
result_SELECT_10_Heisenberg2D_cylinder_1_0_1,outer,1,SA,0.01,Double,Yes_Kink,7747,1023304
result_SELECT_10_Heisenberg2D_cylinder_1_0_1,outer,1,SA,0.01,Proj,No_MSF,6840,32036
result_SELECT_10_Heisenberg2D_cylinder_1_0_1,inner,2,SA,1,Proj,No_Kink,6842,4088122
result_SELECT_10_Heisenberg2D_cylinder_1_0_1,inner,2,SA,1,Proj,Yes_Kink,6841,3949716
result_SELECT_10_Heisenberg2D_cylinder_1_0_1,outer,1,SA,0.01,Proj,No_Top,6840,68644
result_SELECT_10_Heisenberg2D_cylinder_1_0_1,outer,1,SA,0.01,Single,No_MSF,8321,821866
result_SELECT_10_Heisenberg2D_cylinder_1_0_1,outer,1,SA,0.01,Single,No_Top,8322,858478
result_SELECT_10_Heisenberg2D_cylinder_1_0_1,outer,1,SA,0.01,Single,No_Kink,8322,1055700
result_SELECT_10_Heisenberg2D_cylinder_1_0_1,outer,1,SA,0.1,Double,No_MSF,7742,764114
result_SELECT_10_Heisenberg2D_cylinder_1_0_1,outer,1,SA,0.1,Double,No_Top,7743,800748
result_SELECT_10_Heisenberg2D_cylinder_1_0_1,outer,1,SA,0.1,Double,No_Kink,7744,1007437
result_SELECT_10_Heisenberg2D_cylinder_1_0_1,outer,1,SA,0.1,Double,Yes_Kink,7744,1005144
result_SELECT_10_Heisenberg2D_cylinder_1_0_1,outer,1,SA,0.1,Proj,No_MSF,6840,32036
result_SELECT_10_Heisenberg2D_cylinder_1_0_1,outer,1,SA,0.1,Proj,No_Top,6840,68644
result_SELECT_10_Heisenberg2D_cylinder_1_0_1,inner,2,random,0,Proj,No_Kink,6842,5512017
result_SELECT_10_Heisenberg2D_cylinder_1_0_1,inner,2,random,0,Proj,Yes_Kink,6843,5377214
result_SELECT_10_Heisenberg2D_cylinder_1_0_1,outer,1,SA,0.1,Single,No_MSF,8321,821866
result_SELECT_10_Heisenberg2D_cylinder_1_0_1,outer,1,SA,0.001,Proj,No_Kink,6847,4696620
result_SELECT_10_Heisenberg2D_cylinder_1_0_1,outer,1,SA,0.1,Single,No_Kink,8322,1034132
result_SELECT_10_Heisenberg2D_cylinder_1_0_1,outer,1,SA,0.1,Single,No_Top,8322,858478
result_SELECT_10_Heisenberg2D_cylinder_1_0_1,outer,1,SA,1,Double,No_Top,7743,800748
result_SELECT_10_Heisenberg2D_cylinder_1_0_1,outer,1,SA,1,Double,No_MSF,7742,764114
result_SELECT_10_Heisenberg2D_cylinder_1_0_1,outer,1,SA,1,Double,No_Kink,7746,967875
result_SELECT_10_Heisenberg2D_cylinder_1_0_1,outer,1,SA,0.001,Proj,Yes_Kink,6846,4575475
result_SELECT_10_Heisenberg2D_cylinder_1_0_1,outer,1,SA,1,Proj,No_MSF,6840,32036
result_SELECT_10_Heisenberg2D_cylinder_1_0_1,outer,1,SA,1,Proj,No_Top,6840,68644
result_SELECT_10_Heisenberg2D_cylinder_1_0_1,outer,1,SA,1,Double,Yes_Kink,8318,1012140
result_SELECT_10_Heisenberg2D_cylinder_1_0_1,outer,1,SA,1,Single,No_MSF,8321,821866
result_SELECT_10_Heisenberg2D_cylinder_1_0_1,outer,1,SA,1,Single,No_Kink,8322,998613
result_SELECT_10_Heisenberg2D_cylinder_1_0_1,outer,1,SA,1,Single,No_Top,8322,858478
result_SELECT_10_Heisenberg2D_cylinder_1_0_1,outer,1,random,0,Double,No_MSF,7742,764114
result_SELECT_10_Heisenberg2D_cylinder_1_0_1,outer,1,random,0,Double,No_Top,7743,800748
result_SELECT_10_Heisenberg2D_cylinder_1_0_1,outer,1,SA,0.01,Proj,No_Kink,6845,4779096
result_SELECT_10_Heisenberg2D_cylinder_1_0_1,outer,1,random,0,Double,No_Kink,7745,1265982
result_SELECT_10_Heisenberg2D_cylinder_1_0_1,outer,1,random,0,Proj,No_MSF,6840,32036
result_SELECT_10_Heisenberg2D_cylinder_1_0_1,outer,1,random,0,Proj,No_Top,6840,68644
result_SELECT_10_Heisenberg2D_cylinder_1_0_1,outer,1,random,0,Double,Yes_Kink,7745,1264247
result_SELECT_10_Heisenberg2D_cylinder_1_0_1,outer,1,SA,0.01,Proj,Yes_Kink,6846,4654025
result_SELECT_10_Heisenberg2D_cylinder_1_0_1,outer,1,random,0,Single,No_MSF,8321,821866
result_SELECT_10_Heisenberg2D_cylinder_1_0_1,outer,1,random,0,Single,No_Top,8322,858478
result_SELECT_10_Heisenberg2D_cylinder_1_0_1,outer,1,SA,0.1,Proj,No_Kink,6846,4435042
result_SELECT_10_Heisenberg2D_cylinder_1_0_1,outer,2,SA,0.001,Double,No_MSF,7742,764114
result_SELECT_10_Heisenberg2D_cylinder_1_0_1,outer,2,SA,0.001,Double,No_Top,7743,800748
result_SELECT_10_Heisenberg2D_cylinder_1_0_1,outer,2,SA,0.001,Double,No_Kink,7745,1002134
result_SELECT_10_Heisenberg2D_cylinder_1_0_1,outer,1,random,0,Single,No_Kink,8322,1309294
result_SELECT_10_Heisenberg2D_cylinder_1_0_1,outer,2,SA,0.001,Proj,No_MSF,6840,32036
result_SELECT_10_Heisenberg2D_cylinder_1_0_1,outer,2,SA,0.001,Double,Yes_Kink,7745,993863
result_SELECT_10_Heisenberg2D_cylinder_1_0_1,outer,2,SA,0.001,Proj,No_Top,6840,68644
result_SELECT_10_Heisenberg2D_cylinder_1_0_1,outer,1,SA,0.1,Proj,Yes_Kink,6848,4379265
result_SELECT_10_Heisenberg2D_cylinder_1_0_1,outer,2,SA,0.001,Single,No_MSF,8321,821866
result_SELECT_10_Heisenberg2D_cylinder_1_0_1,outer,2,SA,0.001,Single,No_Top,8322,858478
result_SELECT_10_Heisenberg2D_cylinder_1_0_1,outer,2,SA,0.001,Single,No_Kink,8322,1030215
result_SELECT_10_Heisenberg2D_cylinder_1_0_1,outer,2,SA,0.001,Single,Yes_Kink,8322,1053978
result_SELECT_10_Heisenberg2D_cylinder_1_0_1,outer,2,SA,0.01,Double,No_Kink,7751,998873
result_SELECT_10_Heisenberg2D_cylinder_1_0_1,outer,2,SA,0.01,Double,No_MSF,7742,764114
result_SELECT_10_Heisenberg2D_cylinder_1_0_1,outer,2,SA,0.01,Double,No_Top,7743,800748
result_SELECT_10_Heisenberg2D_cylinder_1_0_1,outer,2,SA,0.01,Double,Yes_Kink,8029,1005570
result_SELECT_10_Heisenberg2D_cylinder_1_0_1,outer,2,SA,0.01,Proj,No_MSF,6840,32036
result_SELECT_10_Heisenberg2D_cylinder_1_0_1,outer,2,SA,0.01,Proj,No_Top,6840,68644
result_SELECT_10_Heisenberg2D_cylinder_1_0_1,outer,1,SA,1,Proj,No_Kink,6844,4436222
result_SELECT_10_Heisenberg2D_cylinder_1_0_1,outer,1,SA,1,Proj,Yes_Kink,6843,4389969
result_SELECT_10_Heisenberg2D_cylinder_1_0_1,outer,2,SA,0.01,Single,No_Kink,8322,1028602
result_SELECT_10_Heisenberg2D_cylinder_1_0_1,outer,2,SA,0.01,Single,No_MSF,8321,821866
result_SELECT_10_Heisenberg2D_cylinder_1_0_1,outer,2,SA,0.01,Single,No_Top,8322,858478
result_SELECT_10_Heisenberg2D_cylinder_1_0_1,outer,2,SA,0.01,Single,Yes_Kink,8322,1043572
result_SELECT_10_Heisenberg2D_cylinder_1_0_1,outer,2,SA,0.1,Double,No_MSF,7742,764114
result_SELECT_10_Heisenberg2D_cylinder_1_0_1,outer,2,SA,0.1,Double,No_Kink,7745,980488
result_SELECT_10_Heisenberg2D_cylinder_1_0_1,outer,2,SA,0.1,Double,No_Top,7743,800748
result_SELECT_10_Heisenberg2D_cylinder_1_0_1,outer,2,SA,0.1,Double,Yes_Kink,7746,972982
result_SELECT_10_Heisenberg2D_cylinder_1_0_1,outer,2,SA,0.1,Proj,No_MSF,6840,32036
result_SELECT_10_Heisenberg2D_cylinder_1_0_1,outer,2,SA,0.1,Proj,No_Top,6840,68644
result_SELECT_10_Heisenberg2D_cylinder_1_0_1,outer,1,random,0,Proj,No_Kink,6846,4879185
result_SELECT_10_Heisenberg2D_cylinder_1_0_1,outer,2,SA,0.1,Single,No_Kink,8322,1010444
result_SELECT_10_Heisenberg2D_cylinder_1_0_1,outer,1,random,0,Proj,Yes_Kink,6847,4723465
result_SELECT_10_Heisenberg2D_cylinder_1_0_1,outer,2,SA,0.1,Single,No_MSF,8321,821866
result_SELECT_10_Heisenberg2D_cylinder_1_0_1,outer,2,SA,0.1,Single,No_Top,8322,858478
result_SELECT_10_Heisenberg2D_cylinder_1_0_1,outer,2,SA,0.1,Single,Yes_Kink,8322,1033628
result_SELECT_10_Heisenberg2D_cylinder_1_0_1,outer,2,SA,1,Double,No_Kink,7743,946721
result_SELECT_10_Heisenberg2D_cylinder_1_0_1,outer,2,SA,1,Double,No_MSF,7742,764114
result_SELECT_10_Heisenberg2D_cylinder_1_0_1,outer,2,SA,1,Double,No_Top,7743,800748
result_SELECT_10_Heisenberg2D_cylinder_1_0_1,outer,2,SA,0.001,Proj,No_Kink,6843,4582997
result_SELECT_10_Heisenberg2D_cylinder_1_0_1,outer,2,SA,0.001,Proj,Yes_Kink,6843,4490726
result_SELECT_10_Heisenberg2D_cylinder_1_0_1,outer,2,SA,1,Proj,No_MSF,6840,32036
result_SELECT_10_Heisenberg2D_cylinder_1_0_1,outer,2,SA,1,Proj,No_Top,6840,68644
result_SELECT_10_Heisenberg2D_cylinder_1_0_1,outer,2,SA,1,Double,Yes_Kink,7744,939642
result_SELECT_10_Heisenberg2D_cylinder_1_0_1,outer,2,SA,1,Single,No_Kink,8322,972140
result_SELECT_10_Heisenberg2D_cylinder_1_0_1,outer,2,SA,1,Single,No_MSF,8321,821866
result_SELECT_10_Heisenberg2D_cylinder_1_0_1,outer,2,SA,1,Single,No_Top,8322,858478
result_SELECT_10_Heisenberg2D_cylinder_1_0_1,outer,2,SA,1,Single,Yes_Kink,8322,992642
result_SELECT_10_Heisenberg2D_cylinder_1_0_1,outer,2,random,0,Double,No_MSF,7742,764114
result_SELECT_10_Heisenberg2D_cylinder_1_0_1,outer,2,random,0,Double,No_Kink,7747,1140069
result_SELECT_10_Heisenberg2D_cylinder_1_0_1,outer,2,random,0,Double,No_Top,7743,800748
result_SELECT_10_Heisenberg2D_cylinder_1_0_1,outer,2,SA,0.01,Proj,No_Kink,6845,4598962
result_SELECT_10_Heisenberg2D_cylinder_1_0_1,outer,2,random,0,Double,Yes_Kink,7760,1138110
result_SELECT_10_Heisenberg2D_cylinder_1_0_1,outer,2,random,0,Proj,No_MSF,6840,32036
result_SELECT_10_Heisenberg2D_cylinder_1_0_1,outer,2,random,0,Proj,No_Top,6840,68644
result_SELECT_10_Heisenberg2D_cylinder_1_0_1,outer,2,SA,0.01,Proj,Yes_Kink,6845,4511401
result_SELECT_10_Heisenberg2D_cylinder_1_0_1,outer,2,random,0,Single,No_MSF,8321,821866
result_SELECT_10_Heisenberg2D_cylinder_1_0_1,outer,2,random,0,Single,No_Top,8322,858478
result_SELECT_10_Heisenberg2D_cylinder_1_0_1,outer,2,random,0,Single,No_Kink,8322,1173951
result_SELECT_10_Heisenberg2D_cylinder_1_0_1,outer,2,random,0,Single,Yes_Kink,8322,1195613
result_SELECT_10_Heisenberg2D_cylinder_1_0_2,inner,1,SA,0.001,Double,No_Kink,3901,826366
result_SELECT_10_Heisenberg2D_cylinder_1_0_2,inner,1,SA,0.001,Double,No_MSF,3897,585394
result_SELECT_10_Heisenberg2D_cylinder_1_0_2,inner,1,SA,0.001,Double,No_Top,3897,622274
result_SELECT_10_Heisenberg2D_cylinder_1_0_2,inner,1,SA,0.001,Double,Yes_Kink,3916,824712
result_SELECT_10_Heisenberg2D_cylinder_1_0_1,outer,2,SA,0.1,Proj,No_Kink,6842,4538891
result_SELECT_10_Heisenberg2D_cylinder_1_0_2,inner,1,SA,0.001,Proj,No_MSF,3420,32248
result_SELECT_10_Heisenberg2D_cylinder_1_0_2,inner,1,SA,0.001,Proj,No_Top,3420,69112
result_SELECT_10_Heisenberg2D_cylinder_1_0_1,outer,2,SA,0.1,Proj,Yes_Kink,6842,4335670
result_SELECT_10_Heisenberg2D_cylinder_1_0_2,inner,1,SA,0.001,Single,No_Kink,4195,842300
result_SELECT_10_Heisenberg2D_cylinder_1_0_2,inner,1,SA,0.001,Single,No_MSF,4195,630747
result_SELECT_10_Heisenberg2D_cylinder_1_0_2,inner,1,SA,0.001,Single,No_Top,4195,667523
result_SELECT_10_Heisenberg2D_cylinder_1_0_2,inner,1,SA,0.01,Double,No_MSF,3897,585394
result_SELECT_10_Heisenberg2D_cylinder_1_0_2,inner,1,SA,0.01,Double,No_Top,3897,622274
result_SELECT_10_Heisenberg2D_cylinder_1_0_2,inner,1,SA,0.01,Double,No_Kink,3902,825128
result_SELECT_10_Heisenberg2D_cylinder_1_0_1,outer,2,SA,1,Proj,Yes_Kink,6844,4067981
result_SELECT_10_Heisenberg2D_cylinder_1_0_2,inner,1,SA,0.01,Proj,No_MSF,3420,32248
result_SELECT_10_Heisenberg2D_cylinder_1_0_2,inner,1,SA,0.01,Double,Yes_Kink,3903,824948
result_SELECT_10_Heisenberg2D_cylinder_1_0_2,inner,1,SA,0.01,Proj,No_Top,3420,69112
result_SELECT_10_Heisenberg2D_cylinder_1_0_1,outer,2,SA,1,Proj,No_Kink,6841,4238561
result_SELECT_10_Heisenberg2D_cylinder_1_0_2,inner,1,SA,0.01,Single,No_MSF,4195,630747
result_SELECT_10_Heisenberg2D_cylinder_1_0_2,inner,1,SA,0.01,Single,No_Top,4195,667523
result_SELECT_10_Heisenberg2D_cylinder_1_0_2,inner,1,SA,0.01,Single,No_Kink,4197,839069
result_SELECT_10_Heisenberg2D_cylinder_1_0_2,inner,1,SA,0.1,Double,No_MSF,3897,585394
result_SELECT_10_Heisenberg2D_cylinder_1_0_2,inner,1,SA,0.1,Double,No_Top,3897,622274
result_SELECT_10_Heisenberg2D_cylinder_1_0_2,inner,1,SA,0.1,Double,No_Kink,3901,798588
result_SELECT_10_Heisenberg2D_cylinder_1_0_2,inner,1,SA,0.1,Double,Yes_Kink,3905,801639
result_SELECT_10_Heisenberg2D_cylinder_1_0_2,inner,1,SA,0.1,Proj,No_MSF,3420,32248
result_SELECT_10_Heisenberg2D_cylinder_1_0_2,inner,1,SA,0.1,Proj,No_Top,3420,69112
result_SELECT_10_Heisenberg2D_cylinder_1_0_2,inner,1,SA,0.001,Proj,No_Kink,3430,2975488
result_SELECT_10_Heisenberg2D_cylinder_1_0_2,inner,1,SA,0.1,Single,No_Kink,4196,816094
result_SELECT_10_Heisenberg2D_cylinder_1_0_2,inner,1,SA,0.001,Proj,Yes_Kink,3431,2924202
result_SELECT_10_Heisenberg2D_cylinder_1_0_1,outer,2,random,0,Proj,No_Kink,6843,5088904
result_SELECT_10_Heisenberg2D_cylinder_1_0_2,inner,1,SA,0.1,Single,No_MSF,4195,630747
result_SELECT_10_Heisenberg2D_cylinder_1_0_2,inner,1,SA,0.1,Single,No_Top,4195,667523
result_SELECT_10_Heisenberg2D_cylinder_1_0_2,inner,1,SA,1,Double,No_MSF,3897,585394
result_SELECT_10_Heisenberg2D_cylinder_1_0_2,inner,1,SA,1,Double,No_Top,3897,622274
result_SELECT_10_Heisenberg2D_cylinder_1_0_1,outer,2,random,0,Proj,Yes_Kink,6843,4927046
result_SELECT_10_Heisenberg2D_cylinder_1_0_2,inner,1,SA,1,Double,No_Kink,3900,773075
result_SELECT_10_Heisenberg2D_cylinder_1_0_2,inner,1,SA,1,Proj,No_MSF,3420,32248
result_SELECT_10_Heisenberg2D_cylinder_1_0_2,inner,1,SA,1,Double,Yes_Kink,3902,776889
result_SELECT_10_Heisenberg2D_cylinder_1_0_2,inner,1,SA,1,Proj,No_Top,3420,69112
result_SELECT_10_Heisenberg2D_cylinder_1_0_2,inner,1,SA,1,Single,No_MSF,4195,630747
result_SELECT_10_Heisenberg2D_cylinder_1_0_2,inner,1,SA,1,Single,No_Top,4195,667523
result_SELECT_10_Heisenberg2D_cylinder_1_0_2,inner,1,SA,1,Single,No_Kink,4196,786642
result_SELECT_10_Heisenberg2D_cylinder_1_0_2,inner,1,random,0,Double,No_MSF,3897,585394
result_SELECT_10_Heisenberg2D_cylinder_1_0_2,inner,1,SA,0.01,Proj,No_Kink,3435,3009303
result_SELECT_10_Heisenberg2D_cylinder_1_0_2,inner,1,random,0,Double,No_Top,3897,622274
result_SELECT_10_Heisenberg2D_cylinder_1_0_2,inner,1,SA,0.01,Proj,Yes_Kink,3438,2885548
result_SELECT_10_Heisenberg2D_cylinder_1_0_2,inner,1,random,0,Proj,No_MSF,3420,32248
result_SELECT_10_Heisenberg2D_cylinder_1_0_2,inner,1,random,0,Proj,No_Top,3420,69112
result_SELECT_10_Heisenberg2D_cylinder_1_0_2,inner,1,random,0,Double,No_Kink,3904,1113002
result_SELECT_10_Heisenberg2D_cylinder_1_0_2,inner,1,random,0,Double,Yes_Kink,3915,1117437
result_SELECT_10_Heisenberg2D_cylinder_1_0_2,inner,1,random,0,Single,No_MSF,4195,630747
result_SELECT_10_Heisenberg2D_cylinder_1_0_2,inner,1,SA,0.1,Proj,No_Kink,3428,2946324
result_SELECT_10_Heisenberg2D_cylinder_1_0_2,inner,1,random,0,Single,No_Top,4195,667523
result_SELECT_10_Heisenberg2D_cylinder_1_0_2,inner,2,SA,0.001,Double,No_MSF,3897,585394
result_SELECT_10_Heisenberg2D_cylinder_1_0_2,inner,1,random,0,Single,No_Kink,4259,1185995
result_SELECT_10_Heisenberg2D_cylinder_1_0_2,inner,2,SA,0.001,Double,No_Kink,3898,785766
result_SELECT_10_Heisenberg2D_cylinder_1_0_2,inner,2,SA,0.001,Double,No_Top,3897,622274
result_SELECT_10_Heisenberg2D_cylinder_1_0_2,inner,2,SA,0.001,Proj,No_MSF,3420,32248
result_SELECT_10_Heisenberg2D_cylinder_1_0_2,inner,1,SA,0.1,Proj,Yes_Kink,3432,2849298
result_SELECT_10_Heisenberg2D_cylinder_1_0_2,inner,2,SA,0.001,Double,Yes_Kink,4041,787771
result_SELECT_10_Heisenberg2D_cylinder_1_0_2,inner,2,SA,0.001,Proj,No_Top,3420,69112
result_SELECT_10_Heisenberg2D_cylinder_1_0_2,inner,2,SA,0.001,Single,No_MSF,4195,630747
result_SELECT_10_Heisenberg2D_cylinder_1_0_2,inner,2,SA,0.001,Single,No_Kink,4195,802942
result_SELECT_10_Heisenberg2D_cylinder_1_0_2,inner,2,SA,0.001,Single,No_Top,4195,667523
result_SELECT_10_Heisenberg2D_cylinder_1_0_2,inner,2,SA,0.001,Single,Yes_Kink,4195,826039
result_SELECT_10_Heisenberg2D_cylinder_1_0_2,inner,1,SA,1,Proj,Yes_Kink,3432,2847054
result_SELECT_10_Heisenberg2D_cylinder_1_0_2,inner,2,SA,0.01,Double,No_MSF,3897,585394
result_SELECT_10_Heisenberg2D_cylinder_1_0_2,inner,2,SA,0.01,Double,No_Kink,3902,808233
result_SELECT_10_Heisenberg2D_cylinder_1_0_2,inner,1,SA,1,Proj,No_Kink,3430,2929178
result_SELECT_10_Heisenberg2D_cylinder_1_0_2,inner,2,SA,0.01,Double,No_Top,3897,622274
result_SELECT_10_Heisenberg2D_cylinder_1_0_2,inner,2,SA,0.01,Proj,No_MSF,3420,32248
result_SELECT_10_Heisenberg2D_cylinder_1_0_2,inner,2,SA,0.01,Proj,No_Top,3420,69112
result_SELECT_10_Heisenberg2D_cylinder_1_0_2,inner,2,SA,0.01,Double,Yes_Kink,4040,817444
result_SELECT_10_Heisenberg2D_cylinder_1_0_2,inner,2,SA,0.01,Single,No_MSF,4195,630747
result_SELECT_10_Heisenberg2D_cylinder_1_0_2,inner,2,SA,0.01,Single,No_Kink,4196,822405
result_SELECT_10_Heisenberg2D_cylinder_1_0_2,inner,2,SA,0.01,Single,No_Top,4195,667523
result_SELECT_10_Heisenberg2D_cylinder_1_0_2,inner,2,SA,0.01,Single,Yes_Kink,4196,838113
result_SELECT_10_Heisenberg2D_cylinder_1_0_2,inner,2,SA,0.1,Double,No_Kink,3903,784689
result_SELECT_10_Heisenberg2D_cylinder_1_0_2,inner,2,SA,0.1,Double,No_MSF,3897,585394
result_SELECT_10_Heisenberg2D_cylinder_1_0_2,inner,2,SA,0.1,Double,No_Top,3897,622274
result_SELECT_10_Heisenberg2D_cylinder_1_0_2,inner,1,random,0,Proj,No_Kink,3431,3449838
result_SELECT_10_Heisenberg2D_cylinder_1_0_2,inner,2,SA,0.1,Double,Yes_Kink,4041,792082
result_SELECT_10_Heisenberg2D_cylinder_1_0_2,inner,1,random,0,Proj,Yes_Kink,3432,3358693
result_SELECT_10_Heisenberg2D_cylinder_1_0_2,inner,2,SA,0.1,Proj,No_MSF,3420,32248
result_SELECT_10_Heisenberg2D_cylinder_1_0_2,inner,2,SA,0.1,Proj,No_Top,3420,69112
result_SELECT_10_Heisenberg2D_cylinder_1_0_2,inner,2,SA,0.1,Single,No_MSF,4195,630747
result_SELECT_10_Heisenberg2D_cylinder_1_0_2,inner,2,SA,0.1,Single,No_Top,4195,667523
result_SELECT_10_Heisenberg2D_cylinder_1_0_2,inner,2,SA,0.001,Proj,Yes_Kink,3426,2750830
result_SELECT_10_Heisenberg2D_cylinder_1_0_2,inner,2,SA,0.1,Single,No_Kink,4195,798709
result_SELECT_10_Heisenberg2D_cylinder_1_0_2,inner,2,SA,0.001,Proj,No_Kink,3427,2840347
result_SELECT_10_Heisenberg2D_cylinder_1_0_2,inner,2,SA,1,Double,No_MSF,3897,585394
result_SELECT_10_Heisenberg2D_cylinder_1_0_2,inner,2,SA,1,Double,No_Top,3897,622274
result_SELECT_10_Heisenberg2D_cylinder_1_0_2,inner,2,SA,0.1,Single,Yes_Kink,4195,829711
result_SELECT_10_Heisenberg2D_cylinder_1_0_2,inner,2,SA,1,Double,No_Kink,3899,758004
result_SELECT_10_Heisenberg2D_cylinder_1_0_2,inner,2,SA,1,Proj,No_MSF,3420,32248
result_SELECT_10_Heisenberg2D_cylinder_1_0_2,inner,2,SA,1,Proj,No_Top,3420,69112
result_SELECT_10_Heisenberg2D_cylinder_1_0_2,inner,2,SA,1,Double,Yes_Kink,4046,767945
result_SELECT_10_Heisenberg2D_cylinder_1_0_2,inner,2,SA,1,Single,No_MSF,4195,630747
result_SELECT_10_Heisenberg2D_cylinder_1_0_2,inner,2,SA,1,Single,No_Top,4195,667523
result_SELECT_10_Heisenberg2D_cylinder_1_0_2,inner,2,SA,1,Single,No_Kink,4196,770566
result_SELECT_10_Heisenberg2D_cylinder_1_0_2,inner,2,SA,1,Single,Yes_Kink,4195,792393
result_SELECT_10_Heisenberg2D_cylinder_1_0_2,inner,2,SA,0.01,Proj,No_Kink,3426,2769321
result_SELECT_10_Heisenberg2D_cylinder_1_0_2,inner,2,SA,0.01,Proj,Yes_Kink,3428,2630726
result_SELECT_10_Heisenberg2D_cylinder_1_0_2,inner,2,random,0,Double,No_MSF,3897,585394
result_SELECT_10_Heisenberg2D_cylinder_1_0_2,inner,2,random,0,Double,No_Top,3897,622274
result_SELECT_10_Heisenberg2D_cylinder_1_0_2,inner,2,random,0,Double,No_Kink,3936,963233
result_SELECT_10_Heisenberg2D_cylinder_1_0_2,inner,2,random,0,Proj,No_MSF,3420,32248
result_SELECT_10_Heisenberg2D_cylinder_1_0_2,inner,2,random,0,Proj,No_Top,3420,69112
result_SELECT_10_Heisenberg2D_cylinder_1_0_2,inner,2,random,0,Double,Yes_Kink,4078,977529
result_SELECT_10_Heisenberg2D_cylinder_1_0_2,inner,2,random,0,Single,No_MSF,4195,630747
result_SELECT_10_Heisenberg2D_cylinder_1_0_2,inner,2,SA,0.1,Proj,No_Kink,3428,2759006
result_SELECT_10_Heisenberg2D_cylinder_1_0_2,inner,2,random,0,Single,No_Kink,4195,980902
result_SELECT_10_Heisenberg2D_cylinder_1_0_2,inner,2,random,0,Single,No_Top,4195,667523
result_SELECT_10_Heisenberg2D_cylinder_1_0_2,outer,1,SA,0.001,Double,No_MSF,3897,585394
result_SELECT_10_Heisenberg2D_cylinder_1_0_2,outer,1,SA,0.001,Double,No_Top,3897,622274
result_SELECT_10_Heisenberg2D_cylinder_1_0_2,outer,1,SA,0.001,Double,No_Kink,3902,829206
result_SELECT_10_Heisenberg2D_cylinder_1_0_2,inner,2,SA,0.1,Proj,Yes_Kink,3427,2707440
result_SELECT_10_Heisenberg2D_cylinder_1_0_2,inner,2,random,0,Single,Yes_Kink,4197,998795
result_SELECT_10_Heisenberg2D_cylinder_1_0_2,outer,1,SA,0.001,Proj,No_MSF,3420,32248
result_SELECT_10_Heisenberg2D_cylinder_1_0_2,outer,1,SA,0.001,Proj,No_Top,3420,69112
result_SELECT_10_Heisenberg2D_cylinder_1_0_2,outer,1,SA,0.001,Double,Yes_Kink,3903,824757
result_SELECT_10_Heisenberg2D_cylinder_1_0_2,outer,1,SA,0.001,Single,No_MSF,4195,630747
result_SELECT_10_Heisenberg2D_cylinder_1_0_2,outer,1,SA,0.001,Single,No_Kink,4195,842471
result_SELECT_10_Heisenberg2D_cylinder_1_0_2,inner,2,SA,1,Proj,No_Kink,3425,2785918
result_SELECT_10_Heisenberg2D_cylinder_1_0_2,outer,1,SA,0.001,Single,No_Top,4195,667523
result_SELECT_10_Heisenberg2D_cylinder_1_0_2,inner,2,SA,1,Proj,Yes_Kink,3427,2723214
result_SELECT_10_Heisenberg2D_cylinder_1_0_2,outer,1,SA,0.01,Double,No_MSF,3897,585394
result_SELECT_10_Heisenberg2D_cylinder_1_0_2,outer,1,SA,0.01,Double,No_Top,3897,622274
result_SELECT_10_Heisenberg2D_cylinder_1_0_2,outer,1,SA,0.01,Proj,No_MSF,3420,32248
result_SELECT_10_Heisenberg2D_cylinder_1_0_2,outer,1,SA,0.01,Double,No_Kink,3901,833597
result_SELECT_10_Heisenberg2D_cylinder_1_0_2,outer,1,SA,0.01,Proj,No_Top,3420,69112
result_SELECT_10_Heisenberg2D_cylinder_1_0_2,outer,1,SA,0.01,Double,Yes_Kink,3905,831575
result_SELECT_10_Heisenberg2D_cylinder_1_0_2,outer,1,SA,0.01,Single,No_MSF,4195,630747
result_SELECT_10_Heisenberg2D_cylinder_1_0_2,outer,1,SA,0.01,Single,No_Top,4195,667523
result_SELECT_10_Heisenberg2D_cylinder_1_0_2,outer,1,SA,0.01,Single,No_Kink,4195,851756
result_SELECT_10_Heisenberg2D_cylinder_1_0_2,outer,1,SA,0.1,Double,No_MSF,3897,585394
result_SELECT_10_Heisenberg2D_cylinder_1_0_2,outer,1,SA,0.1,Double,No_Top,3897,622274
result_SELECT_10_Heisenberg2D_cylinder_1_0_2,outer,1,SA,0.1,Double,No_Kink,3899,827232
result_SELECT_10_Heisenberg2D_cylinder_1_0_2,outer,1,SA,0.1,Double,Yes_Kink,3902,824827
result_SELECT_10_Heisenberg2D_cylinder_1_0_2,outer,1,SA,0.1,Proj,No_MSF,3420,32248
result_SELECT_10_Heisenberg2D_cylinder_1_0_2,outer,1,SA,0.1,Proj,No_Top,3420,69112
result_SELECT_10_Heisenberg2D_cylinder_1_0_2,inner,2,random,0,Proj,Yes_Kink,3429,3409987
result_SELECT_10_Heisenberg2D_cylinder_1_0_2,inner,2,random,0,Proj,No_Kink,3428,3515465
result_SELECT_10_Heisenberg2D_cylinder_1_0_2,outer,1,SA,0.1,Single,No_MSF,4195,630747
result_SELECT_10_Heisenberg2D_cylinder_1_0_2,outer,1,SA,0.1,Single,No_Kink,4196,841168
result_SELECT_10_Heisenberg2D_cylinder_1_0_2,outer,1,SA,0.1,Single,No_Top,4195,667523
result_SELECT_10_Heisenberg2D_cylinder_1_0_2,outer,1,SA,1,Double,No_MSF,3897,585394
result_SELECT_10_Heisenberg2D_cylinder_1_0_2,outer,1,SA,1,Double,No_Top,3897,622274
result_SELECT_10_Heisenberg2D_cylinder_1_0_2,outer,1,SA,1,Double,No_Kink,4040,791414
result_SELECT_10_Heisenberg2D_cylinder_1_0_2,outer,1,SA,0.001,Proj,No_Kink,3430,3195471
result_SELECT_10_Heisenberg2D_cylinder_1_0_2,outer,1,SA,1,Double,Yes_Kink,4044,789270
result_SELECT_10_Heisenberg2D_cylinder_1_0_2,outer,1,SA,1,Proj,No_MSF,3420,32248
result_SELECT_10_Heisenberg2D_cylinder_1_0_2,outer,1,SA,1,Proj,No_Top,3420,69112
result_SELECT_10_Heisenberg2D_cylinder_1_0_2,outer,1,SA,0.001,Proj,Yes_Kink,3429,3090163
result_SELECT_10_Heisenberg2D_cylinder_1_0_2,outer,1,SA,1,Single,No_MSF,4195,630747
result_SELECT_10_Heisenberg2D_cylinder_1_0_2,outer,1,SA,1,Single,No_Top,4195,667523
result_SELECT_10_Heisenberg2D_cylinder_1_0_2,outer,1,SA,1,Single,No_Kink,4195,789790
result_SELECT_10_Heisenberg2D_cylinder_1_0_2,outer,1,SA,0.01,Proj,No_Kink,3431,3143738
result_SELECT_10_Heisenberg2D_cylinder_1_0_2,outer,1,random,0,Double,No_MSF,3897,585394
result_SELECT_10_Heisenberg2D_cylinder_1_0_2,outer,1,random,0,Double,No_Top,3897,622274
result_SELECT_10_Heisenberg2D_cylinder_1_0_2,outer,1,SA,0.01,Proj,Yes_Kink,3429,3125714
result_SELECT_10_Heisenberg2D_cylinder_1_0_2,outer,1,random,0,Proj,No_MSF,3420,32248
result_SELECT_10_Heisenberg2D_cylinder_1_0_2,outer,1,random,0,Proj,No_Top,3420,69112
result_SELECT_10_Heisenberg2D_cylinder_1_0_2,outer,1,random,0,Double,No_Kink,3906,1077065
result_SELECT_10_Heisenberg2D_cylinder_1_0_2,outer,1,random,0,Double,Yes_Kink,3934,1080077
result_SELECT_10_Heisenberg2D_cylinder_1_0_2,outer,1,random,0,Single,No_MSF,4195,630747
result_SELECT_10_Heisenberg2D_cylinder_1_0_2,outer,1,random,0,Single,No_Top,4195,667523
result_SELECT_10_Heisenberg2D_cylinder_1_0_2,outer,1,SA,0.1,Proj,No_Kink,3429,3346173
result_SELECT_10_Heisenberg2D_cylinder_1_0_2,outer,1,random,0,Single,No_Kink,4222,1161642
result_SELECT_10_Heisenberg2D_cylinder_1_0_2,outer,2,SA,0.001,Double,No_MSF,3897,585394
result_SELECT_10_Heisenberg2D_cylinder_1_0_2,outer,2,SA,0.001,Double,No_Kink,3905,811990
result_SELECT_10_Heisenberg2D_cylinder_1_0_2,outer,2,SA,0.001,Double,No_Top,3897,622274
result_SELECT_10_Heisenberg2D_cylinder_1_0_2,outer,2,SA,0.001,Proj,No_MSF,3420,32248
result_SELECT_10_Heisenberg2D_cylinder_1_0_2,outer,2,SA,0.001,Double,Yes_Kink,4040,812661
result_SELECT_10_Heisenberg2D_cylinder_1_0_2,outer,2,SA,0.001,Proj,No_Top,3420,69112
result_SELECT_10_Heisenberg2D_cylinder_1_0_2,outer,1,SA,0.1,Proj,Yes_Kink,3428,3241406
result_SELECT_10_Heisenberg2D_cylinder_1_0_2,outer,2,SA,0.001,Single,No_MSF,4195,630747
result_SELECT_10_Heisenberg2D_cylinder_1_0_2,outer,2,SA,0.001,Single,No_Kink,4195,827482
result_SELECT_10_Heisenberg2D_cylinder_1_0_2,outer,1,SA,1,Proj,No_Kink,3431,3113072
result_SELECT_10_Heisenberg2D_cylinder_1_0_2,outer,2,SA,0.001,Single,No_Top,4195,667523
result_SELECT_10_Heisenberg2D_cylinder_1_0_2,outer,2,SA,0.01,Double,No_MSF,3897,585394
result_SELECT_10_Heisenberg2D_cylinder_1_0_2,outer,2,SA,0.001,Single,Yes_Kink,4195,847310
result_SELECT_10_Heisenberg2D_cylinder_1_0_2,outer,2,SA,0.01,Double,No_Top,3897,622274
result_SELECT_10_Heisenberg2D_cylinder_1_0_2,outer,1,SA,1,Proj,Yes_Kink,3430,3014647
result_SELECT_10_Heisenberg2D_cylinder_1_0_2,outer,2,SA,0.01,Double,No_Kink,3904,812112
result_SELECT_10_Heisenberg2D_cylinder_1_0_2,outer,2,SA,0.01,Proj,No_MSF,3420,32248
result_SELECT_10_Heisenberg2D_cylinder_1_0_2,outer,2,SA,0.01,Proj,No_Top,3420,69112
result_SELECT_10_Heisenberg2D_cylinder_1_0_2,outer,2,SA,0.01,Double,Yes_Kink,3905,804026
result_SELECT_10_Heisenberg2D_cylinder_1_0_2,outer,2,SA,0.01,Single,No_MSF,4195,630747
result_SELECT_10_Heisenberg2D_cylinder_1_0_2,outer,2,SA,0.01,Single,No_Kink,4195,826427
result_SELECT_10_Heisenberg2D_cylinder_1_0_2,outer,2,SA,0.01,Single,No_Top,4195,667523
result_SELECT_10_Heisenberg2D_cylinder_1_0_2,outer,2,SA,0.01,Single,Yes_Kink,4195,853228
result_SELECT_10_Heisenberg2D_cylinder_1_0_2,outer,2,SA,0.1,Double,No_Kink,3904,795078
result_SELECT_10_Heisenberg2D_cylinder_1_0_2,outer,2,SA,0.1,Double,No_MSF,3897,585394
result_SELECT_10_Heisenberg2D_cylinder_1_0_2,outer,2,SA,0.1,Double,No_Top,3897,622274
result_SELECT_10_Heisenberg2D_cylinder_1_0_2,outer,1,random,0,Proj,No_Kink,3434,3402607
result_SELECT_10_Heisenberg2D_cylinder_1_0_2,outer,2,SA,0.1,Proj,No_MSF,3420,32248
result_SELECT_10_Heisenberg2D_cylinder_1_0_2,outer,2,SA,0.1,Proj,No_Top,3420,69112
result_SELECT_10_Heisenberg2D_cylinder_1_0_2,outer,2,SA,0.1,Double,Yes_Kink,4046,798398
result_SELECT_10_Heisenberg2D_cylinder_1_0_2,outer,1,random,0,Proj,Yes_Kink,3434,3351346
result_SELECT_10_Heisenberg2D_cylinder_1_0_2,outer,2,SA,0.1,Single,No_MSF,4195,630747
result_SELECT_10_Heisenberg2D_cylinder_1_0_2,outer,2,SA,0.1,Single,No_Kink,4195,810141
result_SELECT_10_Heisenberg2D_cylinder_1_0_2,outer,2,SA,0.1,Single,No_Top,4195,667523
result_SELECT_10_Heisenberg2D_cylinder_1_0_2,outer,2,SA,0.1,Single,Yes_Kink,4195,826198
result_SELECT_10_Heisenberg2D_cylinder_1_0_2,outer,2,SA,1,Double,No_Kink,3907,768613
result_SELECT_10_Heisenberg2D_cylinder_1_0_2,outer,2,SA,1,Double,No_MSF,3897,585394
result_SELECT_10_Heisenberg2D_cylinder_1_0_2,outer,2,SA,1,Double,No_Top,3897,622274
result_SELECT_10_Heisenberg2D_cylinder_1_0_2,outer,2,SA,0.001,Proj,No_Kink,3426,3307190
result_SELECT_10_Heisenberg2D_cylinder_1_0_2,outer,2,SA,0.001,Proj,Yes_Kink,3428,3143070
result_SELECT_10_Heisenberg2D_cylinder_1_0_2,outer,2,SA,1,Proj,No_MSF,3420,32248
result_SELECT_10_Heisenberg2D_cylinder_1_0_2,outer,2,SA,1,Proj,No_Top,3420,69112
result_SELECT_10_Heisenberg2D_cylinder_1_0_2,outer,2,SA,1,Double,Yes_Kink,4044,772830
result_SELECT_10_Heisenberg2D_cylinder_1_0_2,outer,2,SA,1,Single,No_MSF,4195,630747
result_SELECT_10_Heisenberg2D_cylinder_1_0_2,outer,2,SA,1,Single,No_Kink,4196,785381
result_SELECT_10_Heisenberg2D_cylinder_1_0_2,outer,2,SA,1,Single,No_Top,4195,667523
result_SELECT_10_Heisenberg2D_cylinder_1_0_2,outer,2,SA,1,Single,Yes_Kink,4198,806287
result_SELECT_10_Heisenberg2D_cylinder_1_0_2,outer,2,random,0,Double,No_MSF,3897,585394
result_SELECT_10_Heisenberg2D_cylinder_1_0_2,outer,2,SA,0.01,Proj,No_Kink,3428,3162126
result_SELECT_10_Heisenberg2D_cylinder_1_0_2,outer,2,random,0,Double,No_Top,3897,622274
result_SELECT_10_Heisenberg2D_cylinder_1_0_2,outer,2,random,0,Double,No_Kink,3926,977586
result_SELECT_10_Heisenberg2D_cylinder_1_0_2,outer,2,SA,0.01,Proj,Yes_Kink,3428,3079593
result_SELECT_10_Heisenberg2D_cylinder_1_0_2,outer,2,random,0,Proj,No_MSF,3420,32248
result_SELECT_10_Heisenberg2D_cylinder_1_0_2,outer,2,random,0,Proj,No_Top,3420,69112
result_SELECT_10_Heisenberg2D_cylinder_1_0_2,outer,2,random,0,Double,Yes_Kink,4093,994464
result_SELECT_10_Heisenberg2D_cylinder_1_0_2,outer,2,random,0,Single,No_MSF,4195,630747
result_SELECT_10_Heisenberg2D_cylinder_1_0_2,outer,2,random,0,Single,No_Top,4195,667523
result_SELECT_10_Heisenberg2D_cylinder_1_0_2,outer,2,random,0,Single,No_Kink,4195,998581
result_SELECT_10_Heisenberg2D_cylinder_1_0_2,outer,2,SA,0.1,Proj,No_Kink,3427,3172062
result_SELECT_10_Heisenberg2D_cylinder_1_0_2,outer,2,SA,0.1,Proj,Yes_Kink,3427,3048998
result_SELECT_10_Heisenberg2D_cylinder_1_0_3,inner,1,SA,0.001,Double,No_MSF,1979,399172
result_SELECT_10_Heisenberg2D_cylinder_1_0_3,inner,1,SA,0.001,Double,No_Top,1979,436596
result_SELECT_10_Heisenberg2D_cylinder_1_0_3,inner,1,SA,0.001,Double,No_Kink,2017,661468
result_SELECT_10_Heisenberg2D_cylinder_1_0_2,outer,2,random,0,Single,Yes_Kink,4197,1014597
result_SELECT_10_Heisenberg2D_cylinder_1_0_3,inner,1,SA,0.001,Proj,No_MSF,1713,32672
result_SELECT_10_Heisenberg2D_cylinder_1_0_3,inner,1,SA,0.001,Proj,No_Top,1713,70048
result_SELECT_10_Heisenberg2D_cylinder_1_0_3,inner,1,SA,0.001,Double,Yes_Kink,2026,663554
result_SELECT_10_Heisenberg2D_cylinder_1_0_3,inner,1,SA,0.001,Single,No_MSF,2135,431899
result_SELECT_10_Heisenberg2D_cylinder_1_0_3,inner,1,SA,0.001,Single,No_Top,2135,469107
result_SELECT_10_Heisenberg2D_cylinder_1_0_3,inner,1,SA,0.001,Single,No_Kink,2138,664203
result_SELECT_10_Heisenberg2D_cylinder_1_0_3,inner,1,SA,0.01,Double,No_MSF,1979,399172
result_SELECT_10_Heisenberg2D_cylinder_1_0_2,outer,2,SA,1,Proj,No_Kink,3428,3080719
result_SELECT_10_Heisenberg2D_cylinder_1_0_3,inner,1,SA,0.01,Double,No_Top,1979,436596
result_SELECT_10_Heisenberg2D_cylinder_1_0_3,inner,1,SA,0.01,Double,No_Kink,2046,641172
result_SELECT_10_Heisenberg2D_cylinder_1_0_2,outer,2,SA,1,Proj,Yes_Kink,3429,2951035
result_SELECT_10_Heisenberg2D_cylinder_1_0_3,inner,1,SA,0.01,Proj,No_MSF,1713,32672
result_SELECT_10_Heisenberg2D_cylinder_1_0_3,inner,1,SA,0.01,Proj,No_Top,1713,70048
result_SELECT_10_Heisenberg2D_cylinder_1_0_3,inner,1,SA,0.01,Double,Yes_Kink,2059,642755
result_SELECT_10_Heisenberg2D_cylinder_1_0_3,inner,1,SA,0.01,Single,No_MSF,2135,431899
result_SELECT_10_Heisenberg2D_cylinder_1_0_3,inner,1,SA,0.01,Single,No_Top,2135,469107
result_SELECT_10_Heisenberg2D_cylinder_1_0_3,inner,1,SA,0.01,Single,No_Kink,2141,639656
result_SELECT_10_Heisenberg2D_cylinder_1_0_3,inner,1,SA,0.1,Double,No_MSF,1979,399172
result_SELECT_10_Heisenberg2D_cylinder_1_0_3,inner,1,SA,0.1,Double,No_Kink,1988,606851
result_SELECT_10_Heisenberg2D_cylinder_1_0_3,inner,1,SA,0.1,Double,No_Top,1979,436596
result_SELECT_10_Heisenberg2D_cylinder_1_0_3,inner,1,SA,0.1,Double,Yes_Kink,1990,608270
result_SELECT_10_Heisenberg2D_cylinder_1_0_3,inner,1,SA,0.001,Proj,No_Kink,1734,2189854
result_SELECT_10_Heisenberg2D_cylinder_1_0_3,inner,1,SA,0.1,Proj,No_MSF,1713,32672
result_SELECT_10_Heisenberg2D_cylinder_1_0_3,inner,1,SA,0.001,Proj,Yes_Kink,1736,2141072
result_SELECT_10_Heisenberg2D_cylinder_1_0_2,outer,2,random,0,Proj,No_Kink,3428,3564638
result_SELECT_10_Heisenberg2D_cylinder_1_0_3,inner,1,SA,0.1,Proj,No_Top,1713,70048
result_SELECT_10_Heisenberg2D_cylinder_1_0_2,outer,2,random,0,Proj,Yes_Kink,3428,3454663
result_SELECT_10_Heisenberg2D_cylinder_1_0_3,inner,1,SA,0.1,Single,No_MSF,2135,431899
result_SELECT_10_Heisenberg2D_cylinder_1_0_3,inner,1,SA,0.1,Single,No_Top,2135,469107
result_SELECT_10_Heisenberg2D_cylinder_1_0_3,inner,1,SA,0.1,Single,No_Kink,2139,606608
result_SELECT_10_Heisenberg2D_cylinder_1_0_3,inner,1,SA,1,Double,No_MSF,1979,399172
result_SELECT_10_Heisenberg2D_cylinder_1_0_3,inner,1,SA,1,Double,No_Top,1979,436596
result_SELECT_10_Heisenberg2D_cylinder_1_0_3,inner,1,SA,1,Double,No_Kink,1986,593274
result_SELECT_10_Heisenberg2D_cylinder_1_0_3,inner,1,SA,1,Proj,No_MSF,1713,32672
result_SELECT_10_Heisenberg2D_cylinder_1_0_3,inner,1,SA,1,Proj,No_Top,1713,70048
result_SELECT_10_Heisenberg2D_cylinder_1_0_3,inner,1,SA,1,Double,Yes_Kink,1988,595210
result_SELECT_10_Heisenberg2D_cylinder_1_0_3,inner,1,SA,1,Single,No_MSF,2135,431899
result_SELECT_10_Heisenberg2D_cylinder_1_0_3,inner,1,SA,1,Single,No_Kink,2138,592764
result_SELECT_10_Heisenberg2D_cylinder_1_0_3,inner,1,SA,1,Single,No_Top,2135,469107
result_SELECT_10_Heisenberg2D_cylinder_1_0_3,inner,1,SA,0.01,Proj,No_Kink,1735,2135275
result_SELECT_10_Heisenberg2D_cylinder_1_0_3,inner,1,random,0,Double,No_MSF,1979,399172
result_SELECT_10_Heisenberg2D_cylinder_1_0_3,inner,1,SA,0.01,Proj,Yes_Kink,1738,2117543
result_SELECT_10_Heisenberg2D_cylinder_1_0_3,inner,1,random,0,Double,No_Top,1979,436596
result_SELECT_10_Heisenberg2D_cylinder_1_0_3,inner,1,random,0,Proj,No_MSF,1713,32672
result_SELECT_10_Heisenberg2D_cylinder_1_0_3,inner,1,random,0,Proj,No_Top,1713,70048
result_SELECT_10_Heisenberg2D_cylinder_1_0_3,inner,1,random,0,Double,No_Kink,2060,1027420
result_SELECT_10_Heisenberg2D_cylinder_1_0_3,inner,1,random,0,Double,Yes_Kink,2140,1037370
result_SELECT_10_Heisenberg2D_cylinder_1_0_3,inner,1,SA,0.1,Proj,No_Kink,1734,2129776
result_SELECT_10_Heisenberg2D_cylinder_1_0_3,inner,1,random,0,Single,No_MSF,2135,431899
result_SELECT_10_Heisenberg2D_cylinder_1_0_3,inner,1,random,0,Single,No_Top,2135,469107
result_SELECT_10_Heisenberg2D_cylinder_1_0_3,inner,1,SA,0.1,Proj,Yes_Kink,1735,2086241
result_SELECT_10_Heisenberg2D_cylinder_1_0_3,inner,2,SA,0.001,Double,No_MSF,1979,399172
result_SELECT_10_Heisenberg2D_cylinder_1_0_3,inner,2,SA,0.001,Double,No_Top,1979,436596
result_SELECT_10_Heisenberg2D_cylinder_1_0_3,inner,2,SA,0.001,Double,No_Kink,1995,607270
result_SELECT_10_Heisenberg2D_cylinder_1_0_3,inner,2,SA,0.001,Proj,No_MSF,1713,32672
result_SELECT_10_Heisenberg2D_cylinder_1_0_3,inner,1,SA,1,Proj,No_Kink,1733,2058040
result_SELECT_10_Heisenberg2D_cylinder_1_0_3,inner,2,SA,0.001,Proj,No_Top,1713,70048
result_SELECT_10_Heisenberg2D_cylinder_1_0_3,inner,1,random,0,Single,No_Kink,2512,1168575
result_SELECT_10_Heisenberg2D_cylinder_1_0_3,inner,2,SA,0.001,Double,Yes_Kink,2071,610973
result_SELECT_10_Heisenberg2D_cylinder_1_0_3,inner,1,SA,1,Proj,Yes_Kink,1729,2032114
result_SELECT_10_Heisenberg2D_cylinder_1_0_3,inner,2,SA,0.001,Single,No_MSF,2135,431899
result_SELECT_10_Heisenberg2D_cylinder_1_0_3,inner,2,SA,0.001,Single,No_Top,2135,469107
result_SELECT_10_Heisenberg2D_cylinder_1_0_3,inner,2,SA,0.01,Double,No_MSF,1979,399172
result_SELECT_10_Heisenberg2D_cylinder_1_0_3,inner,2,SA,0.001,Single,No_Kink,2136,610436
result_SELECT_10_Heisenberg2D_cylinder_1_0_3,inner,2,SA,0.01,Double,No_Top,1979,436596
result_SELECT_10_Heisenberg2D_cylinder_1_0_3,inner,2,SA,0.01,Double,No_Kink,1998,591023
result_SELECT_10_Heisenberg2D_cylinder_1_0_3,inner,2,SA,0.001,Single,Yes_Kink,2137,635197
result_SELECT_10_Heisenberg2D_cylinder_1_0_3,inner,2,SA,0.01,Proj,No_MSF,1713,32672
result_SELECT_10_Heisenberg2D_cylinder_1_0_3,inner,2,SA,0.01,Proj,No_Top,1713,70048
result_SELECT_10_Heisenberg2D_cylinder_1_0_3,inner,2,SA,0.01,Double,Yes_Kink,2066,598930
result_SELECT_10_Heisenberg2D_cylinder_1_0_3,inner,2,SA,0.01,Single,No_MSF,2135,431899
result_SELECT_10_Heisenberg2D_cylinder_1_0_3,inner,2,SA,0.01,Single,No_Top,2135,469107
result_SELECT_10_Heisenberg2D_cylinder_1_0_3,inner,2,SA,0.01,Single,No_Kink,2136,593451
result_SELECT_10_Heisenberg2D_cylinder_1_0_3,inner,2,SA,0.01,Single,Yes_Kink,2136,613012
result_SELECT_10_Heisenberg2D_cylinder_1_0_3,inner,1,random,0,Proj,No_Kink,2159,2704668
result_SELECT_10_Heisenberg2D_cylinder_1_0_3,inner,2,SA,0.1,Double,No_MSF,1979,399172
result_SELECT_10_Heisenberg2D_cylinder_1_0_3,inner,2,SA,0.1,Double,No_Kink,1987,590678
result_SELECT_10_Heisenberg2D_cylinder_1_0_3,inner,2,SA,0.1,Double,No_Top,1979,436596
result_SELECT_10_Heisenberg2D_cylinder_1_0_3,inner,2,SA,0.1,Proj,No_MSF,1713,32672
result_SELECT_10_Heisenberg2D_cylinder_1_0_3,inner,2,SA,0.1,Double,Yes_Kink,2056,592654
result_SELECT_10_Heisenberg2D_cylinder_1_0_3,inner,1,random,0,Proj,Yes_Kink,2181,2666262
result_SELECT_10_Heisenberg2D_cylinder_1_0_3,inner,2,SA,0.1,Proj,No_Top,1713,70048
result_SELECT_10_Heisenberg2D_cylinder_1_0_3,inner,2,SA,0.001,Proj,No_Kink,1727,2110996
result_SELECT_10_Heisenberg2D_cylinder_1_0_3,inner,2,SA,0.1,Single,No_MSF,2135,431899
result_SELECT_10_Heisenberg2D_cylinder_1_0_3,inner,2,SA,0.1,Single,No_Top,2135,469107
result_SELECT_10_Heisenberg2D_cylinder_1_0_3,inner,2,SA,0.001,Proj,Yes_Kink,1728,2032598
result_SELECT_10_Heisenberg2D_cylinder_1_0_3,inner,2,SA,0.1,Single,No_Kink,2137,589987
result_SELECT_10_Heisenberg2D_cylinder_1_0_3,inner,2,SA,1,Double,No_MSF,1979,399172
result_SELECT_10_Heisenberg2D_cylinder_1_0_3,inner,2,SA,1,Double,No_Top,1979,436596
result_SELECT_10_Heisenberg2D_cylinder_1_0_3,inner,2,SA,0.1,Single,Yes_Kink,2136,615851
result_SELECT_10_Heisenberg2D_cylinder_1_0_3,inner,2,SA,1,Double,No_Kink,1984,576258
result_SELECT_10_Heisenberg2D_cylinder_1_0_3,inner,2,SA,1,Proj,No_MSF,1713,32672
result_SELECT_10_Heisenberg2D_cylinder_1_0_3,inner,2,SA,1,Proj,No_Top,1713,70048
result_SELECT_10_Heisenberg2D_cylinder_1_0_3,inner,2,SA,1,Double,Yes_Kink,2052,583752
result_SELECT_10_Heisenberg2D_cylinder_1_0_3,inner,2,SA,1,Single,No_MSF,2135,431899
result_SELECT_10_Heisenberg2D_cylinder_1_0_3,inner,2,SA,0.01,Proj,No_Kink,1722,2036971
result_SELECT_10_Heisenberg2D_cylinder_1_0_3,inner,2,SA,1,Single,No_Top,2135,469107
result_SELECT_10_Heisenberg2D_cylinder_1_0_3,inner,2,SA,1,Single,No_Kink,2136,578081
result_SELECT_10_Heisenberg2D_cylinder_1_0_3,inner,2,SA,0.01,Proj,Yes_Kink,1726,1912824
result_SELECT_10_Heisenberg2D_cylinder_1_0_3,inner,2,random,0,Double,No_MSF,1979,399172
result_SELECT_10_Heisenberg2D_cylinder_1_0_3,inner,2,random,0,Double,No_Top,1979,436596
result_SELECT_10_Heisenberg2D_cylinder_1_0_3,inner,2,SA,1,Single,Yes_Kink,2137,612175
result_SELECT_10_Heisenberg2D_cylinder_1_0_3,inner,2,random,0,Proj,No_MSF,1713,32672
result_SELECT_10_Heisenberg2D_cylinder_1_0_3,inner,2,random,0,Double,No_Kink,2063,839800
result_SELECT_10_Heisenberg2D_cylinder_1_0_3,inner,2,random,0,Proj,No_Top,1713,70048
result_SELECT_10_Heisenberg2D_cylinder_1_0_3,inner,2,random,0,Double,Yes_Kink,2063,839636
result_SELECT_10_Heisenberg2D_cylinder_1_0_3,inner,2,random,0,Single,No_MSF,2135,431899
result_SELECT_10_Heisenberg2D_cylinder_1_0_3,inner,2,SA,0.1,Proj,No_Kink,1723,2099763
result_SELECT_10_Heisenberg2D_cylinder_1_0_3,inner,2,random,0,Single,No_Top,2135,469107
result_SELECT_10_Heisenberg2D_cylinder_1_0_3,inner,2,SA,0.1,Proj,Yes_Kink,1726,1993114
result_SELECT_10_Heisenberg2D_cylinder_1_0_3,outer,1,SA,0.001,Double,No_MSF,1979,399172
result_SELECT_10_Heisenberg2D_cylinder_1_0_3,inner,2,random,0,Single,No_Kink,2138,837996
result_SELECT_10_Heisenberg2D_cylinder_1_0_3,outer,1,SA,0.001,Double,No_Top,1979,436596
result_SELECT_10_Heisenberg2D_cylinder_1_0_3,outer,1,SA,0.001,Double,No_Kink,1994,647409
result_SELECT_10_Heisenberg2D_cylinder_1_0_3,outer,1,SA,0.001,Proj,No_MSF,1713,32672
result_SELECT_10_Heisenberg2D_cylinder_1_0_3,inner,2,random,0,Single,Yes_Kink,2140,853999
result_SELECT_10_Heisenberg2D_cylinder_1_0_3,inner,2,SA,1,Proj,No_Kink,1725,2019987
result_SELECT_10_Heisenberg2D_cylinder_1_0_3,outer,1,SA,0.001,Proj,No_Top,1713,70048
result_SELECT_10_Heisenberg2D_cylinder_1_0_3,outer,1,SA,0.001,Double,Yes_Kink,1997,644915
result_SELECT_10_Heisenberg2D_cylinder_1_0_3,inner,2,SA,1,Proj,Yes_Kink,1726,1936295
result_SELECT_10_Heisenberg2D_cylinder_1_0_3,outer,1,SA,0.001,Single,No_MSF,2135,431899
result_SELECT_10_Heisenberg2D_cylinder_1_0_3,outer,1,SA,0.001,Single,No_Top,2135,469107
result_SELECT_10_Heisenberg2D_cylinder_1_0_3,outer,1,SA,0.01,Double,No_MSF,1979,399172
result_SELECT_10_Heisenberg2D_cylinder_1_0_3,outer,1,SA,0.01,Double,No_Top,1979,436596
result_SELECT_10_Heisenberg2D_cylinder_1_0_3,outer,1,SA,0.001,Single,No_Kink,2137,651620
result_SELECT_10_Heisenberg2D_cylinder_1_0_3,outer,1,SA,0.01,Proj,No_MSF,1713,32672
result_SELECT_10_Heisenberg2D_cylinder_1_0_3,outer,1,SA,0.01,Double,No_Kink,1990,642203
result_SELECT_10_Heisenberg2D_cylinder_1_0_3,outer,1,SA,0.01,Proj,No_Top,1713,70048
result_SELECT_10_Heisenberg2D_cylinder_1_0_3,outer,1,SA,0.01,Double,Yes_Kink,1991,639606
result_SELECT_10_Heisenberg2D_cylinder_1_0_3,outer,1,SA,0.01,Single,No_MSF,2135,431899
result_SELECT_10_Heisenberg2D_cylinder_1_0_3,inner,2,random,0,Proj,No_Kink,1728,2261608
result_SELECT_10_Heisenberg2D_cylinder_1_0_3,outer,1,SA,0.01,Single,No_Kink,2141,646700
result_SELECT_10_Heisenberg2D_cylinder_1_0_3,outer,1,SA,0.01,Single,No_Top,2135,469107
result_SELECT_10_Heisenberg2D_cylinder_1_0_3,inner,2,random,0,Proj,Yes_Kink,1729,2216650
result_SELECT_10_Heisenberg2D_cylinder_1_0_3,outer,1,SA,0.1,Double,No_MSF,1979,399172
result_SELECT_10_Heisenberg2D_cylinder_1_0_3,outer,1,SA,0.1,Double,No_Top,1979,436596
result_SELECT_10_Heisenberg2D_cylinder_1_0_3,outer,1,SA,0.1,Double,No_Kink,1990,630663
result_SELECT_10_Heisenberg2D_cylinder_1_0_3,outer,1,SA,0.1,Proj,No_MSF,1713,32672
result_SELECT_10_Heisenberg2D_cylinder_1_0_3,outer,1,SA,0.1,Proj,No_Top,1713,70048
result_SELECT_10_Heisenberg2D_cylinder_1_0_3,outer,1,SA,0.1,Double,Yes_Kink,1992,627375
result_SELECT_10_Heisenberg2D_cylinder_1_0_3,outer,1,SA,0.1,Single,No_MSF,2135,431899
result_SELECT_10_Heisenberg2D_cylinder_1_0_3,outer,1,SA,0.1,Single,No_Kink,2138,633841
result_SELECT_10_Heisenberg2D_cylinder_1_0_3,outer,1,SA,0.1,Single,No_Top,2135,469107
result_SELECT_10_Heisenberg2D_cylinder_1_0_3,outer,1,SA,1,Double,No_MSF,1979,399172
result_SELECT_10_Heisenberg2D_cylinder_1_0_3,outer,1,SA,1,Double,No_Top,1979,436596
result_SELECT_10_Heisenberg2D_cylinder_1_0_3,outer,1,SA,0.001,Proj,No_Kink,1728,2266371
result_SELECT_10_Heisenberg2D_cylinder_1_0_3,outer,1,SA,1,Double,No_Kink,2035,618044
result_SELECT_10_Heisenberg2D_cylinder_1_0_3,outer,1,SA,0.001,Proj,Yes_Kink,1729,2221919
result_SELECT_10_Heisenberg2D_cylinder_1_0_3,outer,1,SA,1,Proj,No_MSF,1713,32672
result_SELECT_10_Heisenberg2D_cylinder_1_0_3,outer,1,SA,1,Proj,No_Top,1713,70048
result_SELECT_10_Heisenberg2D_cylinder_1_0_3,outer,1,SA,1,Double,Yes_Kink,2043,618176
result_SELECT_10_Heisenberg2D_cylinder_1_0_3,outer,1,SA,1,Single,No_MSF,2135,431899
result_SELECT_10_Heisenberg2D_cylinder_1_0_3,outer,1,SA,1,Single,No_Top,2135,469107
result_SELECT_10_Heisenberg2D_cylinder_1_0_3,outer,1,SA,1,Single,No_Kink,2138,616046
result_SELECT_10_Heisenberg2D_cylinder_1_0_3,outer,1,SA,0.01,Proj,No_Kink,1726,2254083
result_SELECT_10_Heisenberg2D_cylinder_1_0_3,outer,1,random,0,Double,No_MSF,1979,399172
result_SELECT_10_Heisenberg2D_cylinder_1_0_3,outer,1,random,0,Double,No_Top,1979,436596
result_SELECT_10_Heisenberg2D_cylinder_1_0_3,outer,1,SA,0.01,Proj,Yes_Kink,1726,2211829
result_SELECT_10_Heisenberg2D_cylinder_1_0_3,outer,1,random,0,Proj,No_MSF,1713,32672
result_SELECT_10_Heisenberg2D_cylinder_1_0_3,outer,1,random,0,Proj,No_Top,1713,70048
result_SELECT_10_Heisenberg2D_cylinder_1_0_3,outer,1,SA,0.1,Proj,No_Kink,1734,2250823
result_SELECT_10_Heisenberg2D_cylinder_1_0_3,outer,1,SA,0.1,Proj,Yes_Kink,1735,2198470
result_SELECT_10_Heisenberg2D_cylinder_1_0_3,outer,1,random,0,Double,No_Kink,2086,1023969
result_SELECT_10_Heisenberg2D_cylinder_1_0_3,outer,1,random,0,Single,No_MSF,2135,431899
result_SELECT_10_Heisenberg2D_cylinder_1_0_3,outer,1,random,0,Single,No_Top,2135,469107
result_SELECT_10_Heisenberg2D_cylinder_1_0_3,outer,1,random,0,Double,Yes_Kink,2237,1043529
result_SELECT_10_Heisenberg2D_cylinder_1_0_3,outer,2,SA,0.001,Double,No_MSF,1979,399172
result_SELECT_10_Heisenberg2D_cylinder_1_0_3,outer,2,SA,0.001,Double,No_Top,1979,436596
result_SELECT_10_Heisenberg2D_cylinder_1_0_3,outer,2,SA,0.001,Double,No_Kink,1989,624598
result_SELECT_10_Heisenberg2D_cylinder_1_0_3,outer,2,SA,0.001,Proj,No_MSF,1713,32672
result_SELECT_10_Heisenberg2D_cylinder_1_0_3,outer,2,SA,0.001,Double,Yes_Kink,2109,631855
result_SELECT_10_Heisenberg2D_cylinder_1_0_3,outer,2,SA,0.001,Proj,No_Top,1713,70048
result_SELECT_10_Heisenberg2D_cylinder_1_0_3,outer,1,random,0,Single,No_Kink,2340,1167676
result_SELECT_10_Heisenberg2D_cylinder_1_0_3,outer,1,SA,1,Proj,No_Kink,1730,2205552
result_SELECT_10_Heisenberg2D_cylinder_1_0_3,outer,2,SA,0.001,Single,No_MSF,2135,431899
result_SELECT_10_Heisenberg2D_cylinder_1_0_3,outer,2,SA,0.001,Single,No_Top,2135,469107
result_SELECT_10_Heisenberg2D_cylinder_1_0_3,outer,2,SA,0.001,Single,No_Kink,2136,628506
result_SELECT_10_Heisenberg2D_cylinder_1_0_3,outer,1,SA,1,Proj,Yes_Kink,1733,2142311
result_SELECT_10_Heisenberg2D_cylinder_1_0_3,outer,2,SA,0.01,Double,No_MSF,1979,399172
result_SELECT_10_Heisenberg2D_cylinder_1_0_3,outer,2,SA,0.01,Double,No_Top,1979,436596
result_SELECT_10_Heisenberg2D_cylinder_1_0_3,outer,2,SA,0.001,Single,Yes_Kink,2136,649924
result_SELECT_10_Heisenberg2D_cylinder_1_0_3,outer,2,SA,0.01,Double,No_Kink,2003,626078
result_SELECT_10_Heisenberg2D_cylinder_1_0_3,outer,2,SA,0.01,Proj,No_MSF,1713,32672
result_SELECT_10_Heisenberg2D_cylinder_1_0_3,outer,2,SA,0.01,Double,Yes_Kink,2067,631180
result_SELECT_10_Heisenberg2D_cylinder_1_0_3,outer,2,SA,0.01,Proj,No_Top,1713,70048
result_SELECT_10_Heisenberg2D_cylinder_1_0_3,outer,2,SA,0.01,Single,No_MSF,2135,431899
result_SELECT_10_Heisenberg2D_cylinder_1_0_3,outer,1,random,0,Proj,No_Kink,1736,2304472
result_SELECT_10_Heisenberg2D_cylinder_1_0_3,outer,2,SA,0.01,Single,No_Top,2135,469107
result_SELECT_10_Heisenberg2D_cylinder_1_0_3,outer,2,SA,0.01,Single,No_Kink,2135,628106
result_SELECT_10_Heisenberg2D_cylinder_1_0_3,outer,2,SA,0.1,Double,No_MSF,1979,399172
result_SELECT_10_Heisenberg2D_cylinder_1_0_3,outer,1,random,0,Proj,Yes_Kink,1736,2275866
result_SELECT_10_Heisenberg2D_cylinder_1_0_3,outer,2,SA,0.1,Double,No_Top,1979,436596
result_SELECT_10_Heisenberg2D_cylinder_1_0_3,outer,2,SA,0.1,Double,No_Kink,2000,614472
result_SELECT_10_Heisenberg2D_cylinder_1_0_3,outer,2,SA,0.01,Single,Yes_Kink,2135,649630
result_SELECT_10_Heisenberg2D_cylinder_1_0_3,outer,2,SA,0.1,Proj,No_MSF,1713,32672
result_SELECT_10_Heisenberg2D_cylinder_1_0_3,outer,2,SA,0.1,Proj,No_Top,1713,70048
result_SELECT_10_Heisenberg2D_cylinder_1_0_3,outer,2,SA,0.1,Double,Yes_Kink,2062,614302
result_SELECT_10_Heisenberg2D_cylinder_1_0_3,outer,2,SA,0.1,Single,No_MSF,2135,431899
result_SELECT_10_Heisenberg2D_cylinder_1_0_3,outer,2,SA,0.1,Single,No_Top,2135,469107
result_SELECT_10_Heisenberg2D_cylinder_1_0_3,outer,2,SA,0.001,Proj,No_Kink,1725,2253167
result_SELECT_10_Heisenberg2D_cylinder_1_0_3,outer,2,SA,0.1,Single,No_Kink,2136,616604
result_SELECT_10_Heisenberg2D_cylinder_1_0_3,outer,2,SA,0.001,Proj,Yes_Kink,1725,2189502
result_SELECT_10_Heisenberg2D_cylinder_1_0_3,outer,2,SA,1,Double,No_MSF,1979,399172
result_SELECT_10_Heisenberg2D_cylinder_1_0_3,outer,2,SA,1,Double,No_Top,1979,436596
result_SELECT_10_Heisenberg2D_cylinder_1_0_3,outer,2,SA,1,Double,No_Kink,1995,590290
result_SELECT_10_Heisenberg2D_cylinder_1_0_3,outer,2,SA,0.1,Single,Yes_Kink,2136,643723
result_SELECT_10_Heisenberg2D_cylinder_1_0_3,outer,2,SA,1,Proj,No_MSF,1713,32672
result_SELECT_10_Heisenberg2D_cylinder_1_0_3,outer,2,SA,1,Double,Yes_Kink,2057,592253
result_SELECT_10_Heisenberg2D_cylinder_1_0_3,outer,2,SA,1,Proj,No_Top,1713,70048
result_SELECT_10_Heisenberg2D_cylinder_1_0_3,outer,2,SA,1,Single,No_MSF,2135,431899
result_SELECT_10_Heisenberg2D_cylinder_1_0_3,outer,2,SA,0.01,Proj,No_Kink,1725,2254051
result_SELECT_10_Heisenberg2D_cylinder_1_0_3,outer,2,SA,1,Single,No_Kink,2135,589037
result_SELECT_10_Heisenberg2D_cylinder_1_0_3,outer,2,SA,0.01,Proj,Yes_Kink,1726,2185785
result_SELECT_10_Heisenberg2D_cylinder_1_0_3,outer,2,SA,1,Single,No_Top,2135,469107
result_SELECT_10_Heisenberg2D_cylinder_1_0_3,outer,2,random,0,Double,No_MSF,1979,399172
result_SELECT_10_Heisenberg2D_cylinder_1_0_3,outer,2,random,0,Double,No_Top,1979,436596
result_SELECT_10_Heisenberg2D_cylinder_1_0_3,outer,2,SA,1,Single,Yes_Kink,2135,616265
result_SELECT_10_Heisenberg2D_cylinder_1_0_3,outer,2,random,0,Proj,No_MSF,1713,32672
result_SELECT_10_Heisenberg2D_cylinder_1_0_3,outer,2,random,0,Proj,No_Top,1713,70048
result_SELECT_10_Heisenberg2D_cylinder_1_0_3,outer,2,random,0,Double,No_Kink,2160,884429
result_SELECT_10_Heisenberg2D_cylinder_1_0_3,outer,2,random,0,Double,Yes_Kink,2165,883196
result_SELECT_10_Heisenberg2D_cylinder_1_0_3,outer,2,random,0,Single,No_MSF,2135,431899
result_SELECT_10_Heisenberg2D_cylinder_1_0_3,outer,2,SA,0.1,Proj,No_Kink,1727,2257433
result_SELECT_10_Heisenberg2D_cylinder_1_0_3,outer,2,random,0,Single,No_Top,2135,469107
result_SELECT_10_Heisenberg2D_cylinder_1_0_3,outer,2,SA,0.1,Proj,Yes_Kink,1728,2185760
result_SELECT_10_Heisenberg2D_cylinder_1_0_4,inner,1,SA,0.001,Double,No_MSF,1021,339334
result_SELECT_10_Heisenberg2D_cylinder_1_0_3,outer,2,random,0,Single,No_Kink,2138,865095
result_SELECT_10_Heisenberg2D_cylinder_1_0_4,inner,1,SA,0.001,Double,No_Top,1021,377316
result_SELECT_10_Heisenberg2D_cylinder_1_0_4,inner,1,SA,0.001,Double,No_Kink,1037,604756
result_SELECT_10_Heisenberg2D_cylinder_1_0_4,inner,1,SA,0.001,Proj,No_MSF,861,33472
result_SELECT_10_Heisenberg2D_cylinder_1_0_3,outer,2,random,0,Single,Yes_Kink,2139,880773
result_SELECT_10_Heisenberg2D_cylinder_1_0_4,inner,1,SA,0.001,Proj,No_Top,861,71744
result_SELECT_10_Heisenberg2D_cylinder_1_0_4,inner,1,SA,0.001,Double,Yes_Kink,1046,611366
result_SELECT_10_Heisenberg2D_cylinder_1_0_3,outer,2,SA,1,Proj,No_Kink,1725,2190673
result_SELECT_10_Heisenberg2D_cylinder_1_0_3,outer,2,SA,1,Proj,Yes_Kink,1728,2120569
result_SELECT_10_Heisenberg2D_cylinder_1_0_4,inner,1,SA,0.001,Single,No_MSF,1107,369759
result_SELECT_10_Heisenberg2D_cylinder_1_0_4,inner,1,SA,0.001,Single,No_Top,1107,407551
result_SELECT_10_Heisenberg2D_cylinder_1_0_4,inner,1,SA,0.01,Double,No_MSF,1021,339334
result_SELECT_10_Heisenberg2D_cylinder_1_0_4,inner,1,SA,0.01,Double,No_Top,1021,377316
result_SELECT_10_Heisenberg2D_cylinder_1_0_4,inner,1,SA,0.001,Single,No_Kink,1113,613011
result_SELECT_10_Heisenberg2D_cylinder_1_0_4,inner,1,SA,0.01,Double,No_Kink,1042,588720
result_SELECT_10_Heisenberg2D_cylinder_1_0_4,inner,1,SA,0.01,Proj,No_MSF,861,33472
result_SELECT_10_Heisenberg2D_cylinder_1_0_4,inner,1,SA,0.01,Proj,No_Top,861,71744
result_SELECT_10_Heisenberg2D_cylinder_1_0_4,inner,1,SA,0.01,Double,Yes_Kink,1043,593793
result_SELECT_10_Heisenberg2D_cylinder_1_0_3,outer,2,random,0,Proj,No_Kink,1729,2325740
result_SELECT_10_Heisenberg2D_cylinder_1_0_4,inner,1,SA,0.01,Single,No_MSF,1107,369759
result_SELECT_10_Heisenberg2D_cylinder_1_0_4,inner,1,SA,0.01,Single,No_Top,1107,407551
result_SELECT_10_Heisenberg2D_cylinder_1_0_3,outer,2,random,0,Proj,Yes_Kink,1731,2281659
result_SELECT_10_Heisenberg2D_cylinder_1_0_4,inner,1,SA,0.01,Single,No_Kink,1116,593201
result_SELECT_10_Heisenberg2D_cylinder_1_0_4,inner,1,SA,0.1,Double,No_MSF,1021,339334
result_SELECT_10_Heisenberg2D_cylinder_1_0_4,inner,1,SA,0.1,Double,No_Top,1021,377316
result_SELECT_10_Heisenberg2D_cylinder_1_0_4,inner,1,SA,0.1,Double,No_Kink,1108,576228
result_SELECT_10_Heisenberg2D_cylinder_1_0_4,inner,1,SA,0.1,Proj,No_MSF,861,33472
result_SELECT_10_Heisenberg2D_cylinder_1_0_4,inner,1,SA,0.1,Proj,No_Top,861,71744
result_SELECT_10_Heisenberg2D_cylinder_1_0_4,inner,1,SA,0.1,Double,Yes_Kink,1229,594346
result_SELECT_10_Heisenberg2D_cylinder_1_0_4,inner,1,SA,0.1,Single,No_MSF,1107,369759
result_SELECT_10_Heisenberg2D_cylinder_1_0_4,inner,1,SA,0.001,Proj,No_Kink,886,1738763
result_SELECT_10_Heisenberg2D_cylinder_1_0_4,inner,1,SA,0.001,Proj,Yes_Kink,888,1702486
result_SELECT_10_Heisenberg2D_cylinder_1_0_4,inner,1,SA,0.1,Single,No_Top,1107,407551
result_SELECT_10_Heisenberg2D_cylinder_1_0_4,inner,1,SA,0.1,Single,No_Kink,1113,579603
result_SELECT_10_Heisenberg2D_cylinder_1_0_4,inner,1,SA,1,Double,No_MSF,1021,339334
result_SELECT_10_Heisenberg2D_cylinder_1_0_4,inner,1,SA,1,Double,No_Top,1021,377316
result_SELECT_10_Heisenberg2D_cylinder_1_0_4,inner,1,SA,1,Proj,No_MSF,861,33472
result_SELECT_10_Heisenberg2D_cylinder_1_0_4,inner,1,SA,1,Double,No_Kink,1034,554701
result_SELECT_10_Heisenberg2D_cylinder_1_0_4,inner,1,SA,1,Proj,No_Top,861,71744
result_SELECT_10_Heisenberg2D_cylinder_1_0_4,inner,1,SA,1,Double,Yes_Kink,1047,558876
result_SELECT_10_Heisenberg2D_cylinder_1_0_4,inner,1,SA,0.01,Proj,No_Kink,888,1728930
result_SELECT_10_Heisenberg2D_cylinder_1_0_4,inner,1,SA,0.01,Proj,Yes_Kink,890,1689167
result_SELECT_10_Heisenberg2D_cylinder_1_0_4,inner,1,SA,1,Single,No_MSF,1107,369759
result_SELECT_10_Heisenberg2D_cylinder_1_0_4,inner,1,SA,1,Single,No_Top,1107,407551
result_SELECT_10_Heisenberg2D_cylinder_1_0_4,inner,1,random,0,Double,No_MSF,1021,339334
result_SELECT_10_Heisenberg2D_cylinder_1_0_4,inner,1,SA,1,Single,No_Kink,1118,555084
result_SELECT_10_Heisenberg2D_cylinder_1_0_4,inner,1,random,0,Double,No_Top,1021,377316
result_SELECT_10_Heisenberg2D_cylinder_1_0_4,inner,1,random,0,Proj,No_MSF,861,33472
result_SELECT_10_Heisenberg2D_cylinder_1_0_4,inner,1,random,0,Proj,No_Top,861,71744
result_SELECT_10_Heisenberg2D_cylinder_1_0_4,inner,1,SA,0.1,Proj,No_Kink,887,1715650
result_SELECT_10_Heisenberg2D_cylinder_1_0_4,inner,1,SA,0.1,Proj,Yes_Kink,892,1688320
result_SELECT_10_Heisenberg2D_cylinder_1_0_4,inner,1,random,0,Single,No_MSF,1107,369759
result_SELECT_10_Heisenberg2D_cylinder_1_0_4,inner,1,random,0,Single,No_Top,1107,407551
result_SELECT_10_Heisenberg2D_cylinder_1_0_4,inner,1,random,0,Double,No_Kink,1172,1176943
result_SELECT_10_Heisenberg2D_cylinder_1_0_4,inner,2,SA,0.001,Double,No_MSF,1021,339334
result_SELECT_10_Heisenberg2D_cylinder_1_0_4,inner,2,SA,0.001,Double,No_Top,1021,377316
result_SELECT_10_Heisenberg2D_cylinder_1_0_4,inner,1,random,0,Double,Yes_Kink,1183,1183285
result_SELECT_10_Heisenberg2D_cylinder_1_0_4,inner,2,SA,0.001,Double,No_Kink,1056,571442
result_SELECT_10_Heisenberg2D_cylinder_1_0_4,inner,1,SA,1,Proj,No_Kink,887,1710337
result_SELECT_10_Heisenberg2D_cylinder_1_0_4,inner,2,SA,0.001,Proj,No_MSF,861,33472
result_SELECT_10_Heisenberg2D_cylinder_1_0_4,inner,2,SA,0.001,Proj,No_Top,861,71744
result_SELECT_10_Heisenberg2D_cylinder_1_0_4,inner,1,SA,1,Proj,Yes_Kink,892,1673398
result_SELECT_10_Heisenberg2D_cylinder_1_0_4,inner,2,SA,0.001,Double,Yes_Kink,1119,576762
result_SELECT_10_Heisenberg2D_cylinder_1_0_4,inner,2,SA,0.001,Single,No_MSF,1107,369759
result_SELECT_10_Heisenberg2D_cylinder_1_0_4,inner,2,SA,0.001,Single,No_Top,1107,407551
result_SELECT_10_Heisenberg2D_cylinder_1_0_4,inner,2,SA,0.001,Single,No_Kink,1108,566739
result_SELECT_10_Heisenberg2D_cylinder_1_0_4,inner,1,random,0,Single,No_Kink,1722,1428231
result_SELECT_10_Heisenberg2D_cylinder_1_0_4,inner,2,SA,0.01,Double,No_MSF,1021,339334
result_SELECT_10_Heisenberg2D_cylinder_1_0_4,inner,2,SA,0.01,Double,No_Top,1021,377316
result_SELECT_10_Heisenberg2D_cylinder_1_0_4,inner,2,SA,0.001,Single,Yes_Kink,1108,590317
result_SELECT_10_Heisenberg2D_cylinder_1_0_4,inner,2,SA,0.01,Double,No_Kink,1058,552329
result_SELECT_10_Heisenberg2D_cylinder_1_0_4,inner,1,random,0,Proj,No_Kink,904,1818402
result_SELECT_10_Heisenberg2D_cylinder_1_0_4,inner,2,SA,0.01,Proj,No_MSF,861,33472
result_SELECT_10_Heisenberg2D_cylinder_1_0_4,inner,2,SA,0.01,Proj,No_Top,861,71744
result_SELECT_10_Heisenberg2D_cylinder_1_0_4,inner,1,random,0,Proj,Yes_Kink,910,1797310
result_SELECT_10_Heisenberg2D_cylinder_1_0_4,inner,2,SA,0.01,Double,Yes_Kink,1078,557092
result_SELECT_10_Heisenberg2D_cylinder_1_0_4,inner,2,SA,0.01,Single,No_MSF,1107,369759
result_SELECT_10_Heisenberg2D_cylinder_1_0_4,inner,2,SA,0.01,Single,No_Top,1107,407551
result_SELECT_10_Heisenberg2D_cylinder_1_0_4,inner,2,SA,0.1,Double,No_MSF,1021,339334
result_SELECT_10_Heisenberg2D_cylinder_1_0_4,inner,2,SA,0.01,Single,No_Kink,1110,545950
result_SELECT_10_Heisenberg2D_cylinder_1_0_4,inner,2,SA,0.01,Single,Yes_Kink,1108,572469
result_SELECT_10_Heisenberg2D_cylinder_1_0_4,inner,2,SA,0.1,Double,No_Top,1021,377316
result_SELECT_10_Heisenberg2D_cylinder_1_0_4,inner,2,SA,0.1,Double,No_Kink,1069,562827
result_SELECT_10_Heisenberg2D_cylinder_1_0_4,inner,2,SA,0.1,Proj,No_MSF,861,33472
result_SELECT_10_Heisenberg2D_cylinder_1_0_4,inner,2,SA,0.1,Proj,No_Top,861,71744
result_SELECT_10_Heisenberg2D_cylinder_1_0_4,inner,2,SA,0.1,Double,Yes_Kink,1111,568448
result_SELECT_10_Heisenberg2D_cylinder_1_0_4,inner,2,SA,0.001,Proj,No_Kink,880,1772758
result_SELECT_10_Heisenberg2D_cylinder_1_0_4,inner,2,SA,0.1,Single,No_MSF,1107,369759
result_SELECT_10_Heisenberg2D_cylinder_1_0_4,inner,2,SA,0.1,Single,No_Kink,1109,553516
result_SELECT_10_Heisenberg2D_cylinder_1_0_4,inner,2,SA,0.001,Proj,Yes_Kink,879,1749060
result_SELECT_10_Heisenberg2D_cylinder_1_0_4,inner,2,SA,0.1,Single,No_Top,1107,407551
result_SELECT_10_Heisenberg2D_cylinder_1_0_4,inner,2,SA,1,Double,No_MSF,1021,339334
result_SELECT_10_Heisenberg2D_cylinder_1_0_4,inner,2,SA,1,Double,No_Top,1021,377316
result_SELECT_10_Heisenberg2D_cylinder_1_0_4,inner,2,SA,1,Double,No_Kink,1142,533418
result_SELECT_10_Heisenberg2D_cylinder_1_0_4,inner,2,SA,0.1,Single,Yes_Kink,1109,580812
result_SELECT_10_Heisenberg2D_cylinder_1_0_4,inner,2,SA,1,Proj,No_MSF,861,33472
result_SELECT_10_Heisenberg2D_cylinder_1_0_4,inner,2,SA,1,Proj,No_Top,861,71744
result_SELECT_10_Heisenberg2D_cylinder_1_0_4,inner,2,SA,1,Double,Yes_Kink,1143,538069
result_SELECT_10_Heisenberg2D_cylinder_1_0_4,inner,2,SA,1,Single,No_MSF,1107,369759
result_SELECT_10_Heisenberg2D_cylinder_1_0_4,inner,2,SA,0.01,Proj,No_Kink,879,1730384
result_SELECT_10_Heisenberg2D_cylinder_1_0_4,inner,2,SA,0.01,Proj,Yes_Kink,879,1716015
result_SELECT_10_Heisenberg2D_cylinder_1_0_4,inner,2,SA,1,Single,No_Kink,1108,522479
result_SELECT_10_Heisenberg2D_cylinder_1_0_4,inner,2,SA,1,Single,No_Top,1107,407551
result_SELECT_10_Heisenberg2D_cylinder_1_0_4,inner,2,random,0,Double,No_MSF,1021,339334
result_SELECT_10_Heisenberg2D_cylinder_1_0_4,inner,2,random,0,Double,No_Top,1021,377316
result_SELECT_10_Heisenberg2D_cylinder_1_0_4,inner,2,SA,1,Single,Yes_Kink,1109,555123
result_SELECT_10_Heisenberg2D_cylinder_1_0_4,inner,2,random,0,Proj,No_MSF,861,33472
result_SELECT_10_Heisenberg2D_cylinder_1_0_4,inner,2,SA,0.1,Proj,No_Kink,882,1767260
result_SELECT_10_Heisenberg2D_cylinder_1_0_4,inner,2,SA,0.1,Proj,Yes_Kink,880,1752137
result_SELECT_10_Heisenberg2D_cylinder_1_0_4,inner,2,random,0,Proj,No_Top,861,71744
result_SELECT_10_Heisenberg2D_cylinder_1_0_4,inner,2,random,0,Double,No_Kink,1115,904213
result_SELECT_10_Heisenberg2D_cylinder_1_0_4,inner,2,random,0,Single,No_MSF,1107,369759
result_SELECT_10_Heisenberg2D_cylinder_1_0_4,inner,2,random,0,Single,No_Top,1107,407551
result_SELECT_10_Heisenberg2D_cylinder_1_0_4,inner,2,random,0,Double,Yes_Kink,1122,910338
result_SELECT_10_Heisenberg2D_cylinder_1_0_4,inner,2,SA,1,Proj,No_Kink,877,1669663
result_SELECT_10_Heisenberg2D_cylinder_1_0_4,outer,1,SA,0.001,Double,No_MSF,1021,339334
result_SELECT_10_Heisenberg2D_cylinder_1_0_4,outer,1,SA,0.001,Double,No_Top,1021,377316
result_SELECT_10_Heisenberg2D_cylinder_1_0_4,inner,2,random,0,Single,No_Kink,1125,900785
result_SELECT_10_Heisenberg2D_cylinder_1_0_4,inner,2,SA,1,Proj,Yes_Kink,880,1620038
result_SELECT_10_Heisenberg2D_cylinder_1_0_4,outer,1,SA,0.001,Double,No_Kink,1048,620030
result_SELECT_10_Heisenberg2D_cylinder_1_0_4,outer,1,SA,0.001,Proj,No_MSF,861,33472
result_SELECT_10_Heisenberg2D_cylinder_1_0_4,outer,1,SA,0.001,Proj,No_Top,861,71744
result_SELECT_10_Heisenberg2D_cylinder_1_0_4,outer,1,SA,0.001,Double,Yes_Kink,1063,622849
result_SELECT_10_Heisenberg2D_cylinder_1_0_4,inner,2,random,0,Single,Yes_Kink,1127,916502
result_SELECT_10_Heisenberg2D_cylinder_1_0_4,outer,1,SA,0.001,Single,No_MSF,1107,369759
result_SELECT_10_Heisenberg2D_cylinder_1_0_4,outer,1,SA,0.001,Single,No_Top,1107,407551
result_SELECT_10_Heisenberg2D_cylinder_1_0_4,outer,1,SA,0.01,Double,No_MSF,1021,339334
result_SELECT_10_Heisenberg2D_cylinder_1_0_4,outer,1,SA,0.01,Double,No_Top,1021,377316
result_SELECT_10_Heisenberg2D_cylinder_1_0_4,outer,1,SA,0.001,Single,No_Kink,1114,625118
result_SELECT_10_Heisenberg2D_cylinder_1_0_4,outer,1,SA,0.01,Proj,No_MSF,861,33472
result_SELECT_10_Heisenberg2D_cylinder_1_0_4,outer,1,SA,0.01,Double,No_Kink,1044,620627
result_SELECT_10_Heisenberg2D_cylinder_1_0_4,inner,2,random,0,Proj,No_Kink,884,1849826
result_SELECT_10_Heisenberg2D_cylinder_1_0_4,outer,1,SA,0.01,Proj,No_Top,861,71744
result_SELECT_10_Heisenberg2D_cylinder_1_0_4,outer,1,SA,0.01,Double,Yes_Kink,1074,624626
result_SELECT_10_Heisenberg2D_cylinder_1_0_4,inner,2,random,0,Proj,Yes_Kink,898,1803132
result_SELECT_10_Heisenberg2D_cylinder_1_0_4,outer,1,SA,0.01,Single,No_MSF,1107,369759
result_SELECT_10_Heisenberg2D_cylinder_1_0_4,outer,1,SA,0.01,Single,No_Top,1107,407551
result_SELECT_10_Heisenberg2D_cylinder_1_0_4,outer,1,SA,0.1,Double,No_MSF,1021,339334
result_SELECT_10_Heisenberg2D_cylinder_1_0_4,outer,1,SA,0.01,Single,No_Kink,1114,628782
result_SELECT_10_Heisenberg2D_cylinder_1_0_4,outer,1,SA,0.1,Double,No_Top,1021,377316
result_SELECT_10_Heisenberg2D_cylinder_1_0_4,outer,1,SA,0.1,Proj,No_MSF,861,33472
result_SELECT_10_Heisenberg2D_cylinder_1_0_4,outer,1,SA,0.1,Double,No_Kink,1054,620311
result_SELECT_10_Heisenberg2D_cylinder_1_0_4,outer,1,SA,0.1,Proj,No_Top,861,71744
result_SELECT_10_Heisenberg2D_cylinder_1_0_4,outer,1,SA,0.1,Double,Yes_Kink,1074,626053
result_SELECT_10_Heisenberg2D_cylinder_1_0_4,outer,1,SA,0.1,Single,No_MSF,1107,369759
result_SELECT_10_Heisenberg2D_cylinder_1_0_4,outer,1,SA,0.001,Proj,Yes_Kink,887,1743425
result_SELECT_10_Heisenberg2D_cylinder_1_0_4,outer,1,SA,0.1,Single,No_Top,1107,407551
result_SELECT_10_Heisenberg2D_cylinder_1_0_4,outer,1,SA,0.001,Proj,No_Kink,886,1770796
result_SELECT_10_Heisenberg2D_cylinder_1_0_4,outer,1,SA,1,Double,No_MSF,1021,339334
result_SELECT_10_Heisenberg2D_cylinder_1_0_4,outer,1,SA,0.1,Single,No_Kink,1116,626147
result_SELECT_10_Heisenberg2D_cylinder_1_0_4,outer,1,SA,1,Double,No_Top,1021,377316
result_SELECT_10_Heisenberg2D_cylinder_1_0_4,outer,1,SA,1,Proj,No_MSF,861,33472
result_SELECT_10_Heisenberg2D_cylinder_1_0_4,outer,1,SA,0.01,Proj,No_Kink,885,1781135
result_SELECT_10_Heisenberg2D_cylinder_1_0_4,outer,1,SA,1,Double,No_Kink,1090,592203
result_SELECT_10_Heisenberg2D_cylinder_1_0_4,outer,1,SA,1,Proj,No_Top,861,71744
result_SELECT_10_Heisenberg2D_cylinder_1_0_4,outer,1,SA,1,Double,Yes_Kink,1101,595499
result_SELECT_10_Heisenberg2D_cylinder_1_0_4,outer,1,SA,1,Single,No_MSF,1107,369759
result_SELECT_10_Heisenberg2D_cylinder_1_0_4,outer,1,SA,0.01,Proj,Yes_Kink,885,1750890
result_SELECT_10_Heisenberg2D_cylinder_1_0_4,outer,1,SA,1,Single,No_Top,1107,407551
result_SELECT_10_Heisenberg2D_cylinder_1_0_4,outer,1,SA,1,Single,No_Kink,1119,591638
result_SELECT_10_Heisenberg2D_cylinder_1_0_4,outer,1,random,0,Double,No_MSF,1021,339334
result_SELECT_10_Heisenberg2D_cylinder_1_0_4,outer,1,random,0,Double,No_Top,1021,377316
result_SELECT_10_Heisenberg2D_cylinder_1_0_4,outer,1,random,0,Proj,No_MSF,861,33472
result_SELECT_10_Heisenberg2D_cylinder_1_0_4,outer,1,random,0,Proj,No_Top,861,71744
result_SELECT_10_Heisenberg2D_cylinder_1_0_4,outer,1,SA,0.1,Proj,No_Kink,884,1780387
result_SELECT_10_Heisenberg2D_cylinder_1_0_4,outer,1,SA,0.1,Proj,Yes_Kink,885,1745144
result_SELECT_10_Heisenberg2D_cylinder_1_0_4,outer,1,random,0,Single,No_MSF,1107,369759
result_SELECT_10_Heisenberg2D_cylinder_1_0_4,outer,1,random,0,Single,No_Top,1107,407551
result_SELECT_10_Heisenberg2D_cylinder_1_0_4,outer,1,random,0,Double,No_Kink,1126,1204316
result_SELECT_10_Heisenberg2D_cylinder_1_0_4,outer,2,SA,0.001,Double,No_MSF,1021,339334
result_SELECT_10_Heisenberg2D_cylinder_1_0_4,outer,2,SA,0.001,Double,No_Top,1021,377316
result_SELECT_10_Heisenberg2D_cylinder_1_0_4,outer,1,random,0,Double,Yes_Kink,1144,1215660
result_SELECT_10_Heisenberg2D_cylinder_1_0_4,outer,1,SA,1,Proj,No_Kink,887,1755068
result_SELECT_10_Heisenberg2D_cylinder_1_0_4,outer,2,SA,0.001,Double,No_Kink,1055,603806
result_SELECT_10_Heisenberg2D_cylinder_1_0_4,outer,2,SA,0.001,Proj,No_MSF,861,33472
result_SELECT_10_Heisenberg2D_cylinder_1_0_4,outer,1,SA,1,Proj,Yes_Kink,887,1742788
result_SELECT_10_Heisenberg2D_cylinder_1_0_4,outer,2,SA,0.001,Proj,No_Top,861,71744
result_SELECT_10_Heisenberg2D_cylinder_1_0_4,outer,2,SA,0.001,Single,No_MSF,1107,369759
result_SELECT_10_Heisenberg2D_cylinder_1_0_4,outer,2,SA,0.001,Double,Yes_Kink,1096,606302
result_SELECT_10_Heisenberg2D_cylinder_1_0_4,outer,2,SA,0.001,Single,No_Top,1107,407551
result_SELECT_10_Heisenberg2D_cylinder_1_0_4,outer,1,random,0,Single,No_Kink,1659,1458375
result_SELECT_10_Heisenberg2D_cylinder_1_0_4,outer,2,SA,0.001,Single,No_Kink,1109,596749
result_SELECT_10_Heisenberg2D_cylinder_1_0_4,outer,1,random,0,Proj,No_Kink,914,1846944
result_SELECT_10_Heisenberg2D_cylinder_1_0_4,outer,2,SA,0.01,Double,No_MSF,1021,339334
result_SELECT_10_Heisenberg2D_cylinder_1_0_4,outer,2,SA,0.01,Double,No_Top,1021,377316
result_SELECT_10_Heisenberg2D_cylinder_1_0_4,outer,2,SA,0.001,Single,Yes_Kink,1108,624346
result_SELECT_10_Heisenberg2D_cylinder_1_0_4,outer,2,SA,0.01,Proj,No_MSF,861,33472
result_SELECT_10_Heisenberg2D_cylinder_1_0_4,outer,2,SA,0.01,Double,No_Kink,1056,605926
result_SELECT_10_Heisenberg2D_cylinder_1_0_4,outer,2,SA,0.01,Proj,No_Top,861,71744
result_SELECT_10_Heisenberg2D_cylinder_1_0_4,outer,2,SA,0.01,Double,Yes_Kink,1082,609826
result_SELECT_10_Heisenberg2D_cylinder_1_0_4,outer,1,random,0,Proj,Yes_Kink,922,1827627
result_SELECT_10_Heisenberg2D_cylinder_1_0_4,outer,2,SA,0.01,Single,No_MSF,1107,369759
result_SELECT_10_Heisenberg2D_cylinder_1_0_4,outer,2,SA,0.01,Single,No_Top,1107,407551
result_SELECT_10_Heisenberg2D_cylinder_1_0_4,outer,2,SA,0.01,Single,No_Kink,1109,602010
result_SELECT_10_Heisenberg2D_cylinder_1_0_4,outer,2,SA,0.1,Double,No_MSF,1021,339334
result_SELECT_10_Heisenberg2D_cylinder_1_0_4,outer,2,SA,0.1,Double,No_Top,1021,377316
result_SELECT_10_Heisenberg2D_cylinder_1_0_4,outer,2,SA,0.1,Double,No_Kink,1031,584899
result_SELECT_10_Heisenberg2D_cylinder_1_0_4,outer,2,SA,0.01,Single,Yes_Kink,1109,627031
result_SELECT_10_Heisenberg2D_cylinder_1_0_4,outer,2,SA,0.1,Proj,No_MSF,861,33472
result_SELECT_10_Heisenberg2D_cylinder_1_0_4,outer,2,SA,0.1,Proj,No_Top,861,71744
result_SELECT_10_Heisenberg2D_cylinder_1_0_4,outer,2,SA,0.1,Double,Yes_Kink,1080,592249
result_SELECT_10_Heisenberg2D_cylinder_1_0_4,outer,2,SA,0.1,Single,No_MSF,1107,369759
result_SELECT_10_Heisenberg2D_cylinder_1_0_4,outer,2,SA,0.001,Proj,No_Kink,879,1855837
result_SELECT_10_Heisenberg2D_cylinder_1_0_4,outer,2,SA,0.1,Single,No_Top,1107,407551
result_SELECT_10_Heisenberg2D_cylinder_1_0_4,outer,2,SA,0.1,Single,No_Kink,1111,585404
result_SELECT_10_Heisenberg2D_cylinder_1_0_4,outer,2,SA,0.001,Proj,Yes_Kink,881,1814976
result_SELECT_10_Heisenberg2D_cylinder_1_0_4,outer,2,SA,1,Double,No_MSF,1021,339334
result_SELECT_10_Heisenberg2D_cylinder_1_0_4,outer,2,SA,1,Double,No_Top,1021,377316
result_SELECT_10_Heisenberg2D_cylinder_1_0_4,outer,2,SA,0.1,Single,Yes_Kink,1111,610510
result_SELECT_10_Heisenberg2D_cylinder_1_0_4,outer,2,SA,1,Double,No_Kink,1030,556584
result_SELECT_10_Heisenberg2D_cylinder_1_0_4,outer,2,SA,1,Proj,No_MSF,861,33472
result_SELECT_10_Heisenberg2D_cylinder_1_0_4,outer,2,SA,1,Proj,No_Top,861,71744
result_SELECT_10_Heisenberg2D_cylinder_1_0_4,outer,2,SA,1,Double,Yes_Kink,1075,558646
result_SELECT_10_Heisenberg2D_cylinder_1_0_4,outer,2,SA,0.01,Proj,No_Kink,881,1847259
result_SELECT_10_Heisenberg2D_cylinder_1_0_4,outer,2,SA,1,Single,No_MSF,1107,369759
result_SELECT_10_Heisenberg2D_cylinder_1_0_4,outer,2,SA,1,Single,No_Top,1107,407551
result_SELECT_10_Heisenberg2D_cylinder_1_0_4,outer,2,SA,1,Single,No_Kink,1110,556755
result_SELECT_10_Heisenberg2D_cylinder_1_0_4,outer,2,SA,0.01,Proj,Yes_Kink,882,1819633
result_SELECT_10_Heisenberg2D_cylinder_1_0_4,outer,2,SA,1,Single,Yes_Kink,1112,583869
result_SELECT_10_Heisenberg2D_cylinder_1_0_4,outer,2,random,0,Double,No_MSF,1021,339334
result_SELECT_10_Heisenberg2D_cylinder_1_0_4,outer,2,random,0,Double,No_Top,1021,377316
result_SELECT_10_Heisenberg2D_cylinder_1_0_4,outer,2,random,0,Proj,No_MSF,861,33472
result_SELECT_10_Heisenberg2D_cylinder_1_0_4,outer,2,SA,0.1,Proj,No_Kink,880,1847460
result_SELECT_10_Heisenberg2D_cylinder_1_0_4,outer,2,random,0,Proj,No_Top,861,71744
result_SELECT_10_Heisenberg2D_cylinder_1_0_4,outer,2,random,0,Double,No_Kink,1146,924950
result_SELECT_10_Heisenberg2D_cylinder_1_0_4,outer,2,SA,0.1,Proj,Yes_Kink,882,1818019
result_SELECT_10_Heisenberg2D_cylinder_1_0_4,outer,2,random,0,Single,No_MSF,1107,369759
result_SELECT_10_Heisenberg2D_cylinder_1_0_4,outer,2,random,0,Single,No_Top,1107,407551
result_SELECT_10_Heisenberg2D_cylinder_1_0_4,outer,2,random,0,Double,Yes_Kink,1148,924854
result_SELECT_10_Heisenberg2D_cylinder_1_0_5,inner,1,SA,0.001,Double,No_MSF,542,264568
result_SELECT_10_Heisenberg2D_cylinder_1_0_5,inner,1,SA,0.001,Double,No_Top,543,303942
result_SELECT_10_Heisenberg2D_cylinder_1_0_4,outer,2,random,0,Single,No_Kink,1125,926592
result_SELECT_10_Heisenberg2D_cylinder_1_0_5,inner,1,SA,0.001,Double,No_Kink,639,626699
result_SELECT_10_Heisenberg2D_cylinder_1_0_4,outer,2,SA,1,Proj,No_Kink,881,1856263
result_SELECT_10_Heisenberg2D_cylinder_1_0_4,outer,2,SA,1,Proj,Yes_Kink,884,1825470
result_SELECT_10_Heisenberg2D_cylinder_1_0_4,outer,2,random,0,Single,Yes_Kink,1128,944411
result_SELECT_10_Heisenberg2D_cylinder_1_0_5,inner,1,SA,0.001,Proj,No_MSF,432,34944
result_SELECT_10_Heisenberg2D_cylinder_1_0_5,inner,1,SA,0.001,Proj,No_Top,432,74752
result_SELECT_10_Heisenberg2D_cylinder_1_0_5,inner,1,SA,0.001,Single,No_MSF,591,292985
result_SELECT_10_Heisenberg2D_cylinder_1_0_5,inner,1,SA,0.001,Single,No_Top,591,331753
result_SELECT_10_Heisenberg2D_cylinder_1_0_5,inner,1,SA,0.001,Double,Yes_Kink,678,649505
result_SELECT_10_Heisenberg2D_cylinder_1_0_5,inner,1,SA,0.01,Double,No_MSF,542,264568
result_SELECT_10_Heisenberg2D_cylinder_1_0_5,inner,1,SA,0.001,Single,No_Kink,616,646954
result_SELECT_10_Heisenberg2D_cylinder_1_0_5,inner,1,SA,0.01,Double,No_Top,543,303942
result_SELECT_10_Heisenberg2D_cylinder_1_0_5,inner,1,SA,0.01,Double,No_Kink,624,611825
result_SELECT_10_Heisenberg2D_cylinder_1_0_5,inner,1,SA,0.01,Proj,No_MSF,432,34944
result_SELECT_10_Heisenberg2D_cylinder_1_0_4,outer,2,random,0,Proj,No_Kink,886,1927054
result_SELECT_10_Heisenberg2D_cylinder_1_0_5,inner,1,SA,0.01,Proj,No_Top,432,74752
result_SELECT_10_Heisenberg2D_cylinder_1_0_5,inner,1,SA,0.01,Single,No_MSF,591,292985
result_SELECT_10_Heisenberg2D_cylinder_1_0_5,inner,1,SA,0.01,Double,Yes_Kink,661,639637
result_SELECT_10_Heisenberg2D_cylinder_1_0_5,inner,1,SA,0.01,Single,No_Top,591,331753
result_SELECT_10_Heisenberg2D_cylinder_1_0_4,outer,2,random,0,Proj,Yes_Kink,887,1899427
result_SELECT_10_Heisenberg2D_cylinder_1_0_5,inner,1,SA,0.1,Double,No_MSF,542,264568
result_SELECT_10_Heisenberg2D_cylinder_1_0_5,inner,1,SA,0.01,Single,No_Kink,616,621664
result_SELECT_10_Heisenberg2D_cylinder_1_0_5,inner,1,SA,0.1,Double,No_Top,543,303942
result_SELECT_10_Heisenberg2D_cylinder_1_0_5,inner,1,SA,0.001,Proj,No_Kink,482,1475566
result_SELECT_10_Heisenberg2D_cylinder_1_0_5,inner,1,SA,0.1,Proj,No_MSF,432,34944
result_SELECT_10_Heisenberg2D_cylinder_1_0_5,inner,1,SA,0.1,Double,No_Kink,639,613580
result_SELECT_10_Heisenberg2D_cylinder_1_0_5,inner,1,SA,0.1,Proj,No_Top,432,74752
result_SELECT_10_Heisenberg2D_cylinder_1_0_5,inner,1,SA,0.1,Single,No_MSF,591,292985
result_SELECT_10_Heisenberg2D_cylinder_1_0_5,inner,1,SA,0.001,Proj,Yes_Kink,494,1478964
result_SELECT_10_Heisenberg2D_cylinder_1_0_5,inner,1,SA,0.1,Double,Yes_Kink,694,642807
result_SELECT_10_Heisenberg2D_cylinder_1_0_5,inner,1,SA,0.1,Single,No_Top,591,331753
result_SELECT_10_Heisenberg2D_cylinder_1_0_5,inner,1,SA,1,Double,No_MSF,542,264568
result_SELECT_10_Heisenberg2D_cylinder_1_0_5,inner,1,SA,0.1,Single,No_Kink,625,617533
result_SELECT_10_Heisenberg2D_cylinder_1_0_5,inner,1,SA,1,Double,No_Top,543,303942
result_SELECT_10_Heisenberg2D_cylinder_1_0_5,inner,1,SA,0.01,Proj,No_Kink,487,1486189
result_SELECT_10_Heisenberg2D_cylinder_1_0_5,inner,1,SA,1,Proj,No_MSF,432,34944
result_SELECT_10_Heisenberg2D_cylinder_1_0_5,inner,1,SA,1,Double,No_Kink,684,583573
result_SELECT_10_Heisenberg2D_cylinder_1_0_5,inner,1,SA,1,Proj,No_Top,432,74752
result_SELECT_10_Heisenberg2D_cylinder_1_0_5,inner,1,SA,1,Single,No_MSF,591,292985
result_SELECT_10_Heisenberg2D_cylinder_1_0_5,inner,1,SA,0.01,Proj,Yes_Kink,501,1486039
result_SELECT_10_Heisenberg2D_cylinder_1_0_5,inner,1,SA,1,Double,Yes_Kink,733,612616
result_SELECT_10_Heisenberg2D_cylinder_1_0_5,inner,1,SA,1,Single,No_Top,591,331753
result_SELECT_10_Heisenberg2D_cylinder_1_0_5,inner,1,random,0,Double,No_MSF,542,264568
result_SELECT_10_Heisenberg2D_cylinder_1_0_5,inner,1,random,0,Double,No_Top,543,303942
result_SELECT_10_Heisenberg2D_cylinder_1_0_5,inner,1,SA,1,Single,No_Kink,609,566082
result_SELECT_10_Heisenberg2D_cylinder_1_0_5,inner,1,random,0,Proj,No_MSF,432,34944
result_SELECT_10_Heisenberg2D_cylinder_1_0_5,inner,1,SA,0.1,Proj,No_Kink,497,1509455
result_SELECT_10_Heisenberg2D_cylinder_1_0_5,inner,1,random,0,Proj,No_Top,432,74752
result_SELECT_10_Heisenberg2D_cylinder_1_0_5,inner,1,SA,0.1,Proj,Yes_Kink,512,1510187
result_SELECT_10_Heisenberg2D_cylinder_1_0_5,inner,1,random,0,Single,No_MSF,591,292985
result_SELECT_10_Heisenberg2D_cylinder_1_0_5,inner,1,random,0,Single,No_Top,591,331753
result_SELECT_10_Heisenberg2D_cylinder_1_0_5,inner,1,SA,1,Proj,No_Kink,478,1451762
result_SELECT_10_Heisenberg2D_cylinder_1_0_5,inner,1,SA,1,Proj,Yes_Kink,489,1444087
result_SELECT_10_Heisenberg2D_cylinder_1_0_5,inner,2,SA,0.001,Double,No_MSF,542,264568
result_SELECT_10_Heisenberg2D_cylinder_1_0_5,inner,2,SA,0.001,Double,No_Top,543,303942
result_SELECT_10_Heisenberg2D_cylinder_1_0_5,inner,1,random,0,Double,No_Kink,792,1511102
result_SELECT_10_Heisenberg2D_cylinder_1_0_5,inner,2,SA,0.001,Proj,No_MSF,432,34944
result_SELECT_10_Heisenberg2D_cylinder_1_0_5,inner,2,SA,0.001,Double,No_Kink,578,558677
result_SELECT_10_Heisenberg2D_cylinder_1_0_5,inner,2,SA,0.001,Double,Yes_Kink,589,568374
result_SELECT_10_Heisenberg2D_cylinder_1_0_5,inner,1,random,0,Double,Yes_Kink,806,1517736
result_SELECT_10_Heisenberg2D_cylinder_1_0_5,inner,2,SA,0.001,Proj,No_Top,432,74752
result_SELECT_10_Heisenberg2D_cylinder_1_0_5,inner,2,SA,0.001,Single,No_MSF,591,292985
result_SELECT_10_Heisenberg2D_cylinder_1_0_5,inner,2,SA,0.001,Single,No_Top,591,331753
result_SELECT_10_Heisenberg2D_cylinder_1_0_5,inner,1,random,0,Single,No_Kink,1346,1904084
result_SELECT_10_Heisenberg2D_cylinder_1_0_5,inner,2,SA,0.01,Double,No_MSF,542,264568
result_SELECT_10_Heisenberg2D_cylinder_1_0_5,inner,1,random,0,Proj,No_Kink,609,1869885
result_SELECT_10_Heisenberg2D_cylinder_1_0_5,inner,2,SA,0.001,Single,No_Kink,599,552513
result_SELECT_10_Heisenberg2D_cylinder_1_0_5,inner,2,SA,0.01,Double,No_Top,543,303942
result_SELECT_10_Heisenberg2D_cylinder_1_0_5,inner,1,random,0,Proj,Yes_Kink,626,1889366
result_SELECT_10_Heisenberg2D_cylinder_1_0_5,inner,2,SA,0.01,Double,No_Kink,698,565286
result_SELECT_10_Heisenberg2D_cylinder_1_0_5,inner,2,SA,0.01,Proj,No_Top,432,74752
result_SELECT_10_Heisenberg2D_cylinder_1_0_5,inner,2,SA,0.01,Proj,No_MSF,432,34944
result_SELECT_10_Heisenberg2D_cylinder_1_0_5,inner,2,SA,0.001,Single,Yes_Kink,604,579559
result_SELECT_10_Heisenberg2D_cylinder_1_0_5,inner,2,SA,0.01,Single,No_MSF,591,292985
result_SELECT_10_Heisenberg2D_cylinder_1_0_5,inner,2,SA,0.01,Single,No_Top,591,331753
result_SELECT_10_Heisenberg2D_cylinder_1_0_5,inner,2,SA,0.01,Double,Yes_Kink,720,574148
result_SELECT_10_Heisenberg2D_cylinder_1_0_5,inner,2,SA,0.01,Single,No_Kink,594,519961
result_SELECT_10_Heisenberg2D_cylinder_1_0_5,inner,2,SA,0.1,Double,No_MSF,542,264568
result_SELECT_10_Heisenberg2D_cylinder_1_0_5,inner,2,SA,0.1,Double,No_Top,543,303942
result_SELECT_10_Heisenberg2D_cylinder_1_0_5,inner,2,SA,0.1,Double,No_Kink,689,550837
result_SELECT_10_Heisenberg2D_cylinder_1_0_5,inner,2,SA,0.001,Proj,No_Kink,456,1565058
result_SELECT_10_Heisenberg2D_cylinder_1_0_5,inner,2,SA,0.01,Single,Yes_Kink,600,549986
result_SELECT_10_Heisenberg2D_cylinder_1_0_5,inner,2,SA,0.1,Proj,No_Top,432,74752
result_SELECT_10_Heisenberg2D_cylinder_1_0_5,inner,2,SA,0.1,Proj,No_MSF,432,34944
result_SELECT_10_Heisenberg2D_cylinder_1_0_5,inner,2,SA,0.001,Proj,Yes_Kink,455,1535093
result_SELECT_10_Heisenberg2D_cylinder_1_0_5,inner,2,SA,0.1,Double,Yes_Kink,719,568476
result_SELECT_10_Heisenberg2D_cylinder_1_0_5,inner,2,SA,0.1,Single,No_MSF,591,292985
result_SELECT_10_Heisenberg2D_cylinder_1_0_5,inner,2,SA,0.1,Single,No_Top,591,331753
result_SELECT_10_Heisenberg2D_cylinder_1_0_5,inner,2,SA,1,Double,No_MSF,542,264568
result_SELECT_10_Heisenberg2D_cylinder_1_0_5,inner,2,SA,0.1,Single,No_Kink,596,525146
result_SELECT_10_Heisenberg2D_cylinder_1_0_5,inner,2,SA,1,Double,No_Top,543,303942
result_SELECT_10_Heisenberg2D_cylinder_1_0_5,inner,2,SA,1,Double,No_Kink,672,524175
result_SELECT_10_Heisenberg2D_cylinder_1_0_5,inner,2,SA,0.1,Single,Yes_Kink,596,553835
result_SELECT_10_Heisenberg2D_cylinder_1_0_5,inner,2,SA,1,Proj,No_MSF,432,34944
result_SELECT_10_Heisenberg2D_cylinder_1_0_5,inner,2,SA,1,Proj,No_Top,432,74752
result_SELECT_10_Heisenberg2D_cylinder_1_0_5,inner,2,SA,0.01,Proj,Yes_Kink,459,1520362
result_SELECT_10_Heisenberg2D_cylinder_1_0_5,inner,2,SA,0.01,Proj,No_Kink,457,1552107
result_SELECT_10_Heisenberg2D_cylinder_1_0_5,inner,2,SA,1,Double,Yes_Kink,719,537864
result_SELECT_10_Heisenberg2D_cylinder_1_0_5,inner,2,SA,1,Single,No_MSF,591,292985
result_SELECT_10_Heisenberg2D_cylinder_1_0_5,inner,2,SA,1,Single,No_Top,591,331753
result_SELECT_10_Heisenberg2D_cylinder_1_0_5,inner,2,SA,1,Single,No_Kink,596,506264
result_SELECT_10_Heisenberg2D_cylinder_1_0_5,inner,2,random,0,Double,No_MSF,542,264568
result_SELECT_10_Heisenberg2D_cylinder_1_0_5,inner,2,random,0,Double,No_Top,543,303942
result_SELECT_10_Heisenberg2D_cylinder_1_0_5,inner,2,SA,1,Single,Yes_Kink,596,527564
result_SELECT_10_Heisenberg2D_cylinder_1_0_5,inner,2,random,0,Proj,No_MSF,432,34944
result_SELECT_10_Heisenberg2D_cylinder_1_0_5,inner,2,SA,0.1,Proj,No_Kink,458,1544381
result_SELECT_10_Heisenberg2D_cylinder_1_0_5,inner,2,SA,0.1,Proj,Yes_Kink,461,1524743
result_SELECT_10_Heisenberg2D_cylinder_1_0_5,inner,2,random,0,Proj,No_Top,432,74752
result_SELECT_10_Heisenberg2D_cylinder_1_0_5,inner,2,random,0,Single,No_MSF,591,292985
result_SELECT_10_Heisenberg2D_cylinder_1_0_5,inner,2,random,0,Double,No_Kink,627,1008034
result_SELECT_10_Heisenberg2D_cylinder_1_0_5,inner,2,random,0,Single,No_Top,591,331753
result_SELECT_10_Heisenberg2D_cylinder_1_0_5,inner,2,random,0,Double,Yes_Kink,635,1015880
result_SELECT_10_Heisenberg2D_cylinder_1_0_5,inner,2,SA,1,Proj,No_Kink,456,1510877
result_SELECT_10_Heisenberg2D_cylinder_1_0_5,outer,1,SA,0.001,Double,No_MSF,542,264568
result_SELECT_10_Heisenberg2D_cylinder_1_0_5,outer,1,SA,0.001,Double,No_Top,543,303942
result_SELECT_10_Heisenberg2D_cylinder_1_0_5,outer,1,SA,0.001,Double,No_Kink,568,655312
result_SELECT_10_Heisenberg2D_cylinder_1_0_5,inner,2,SA,1,Proj,Yes_Kink,456,1483905
result_SELECT_10_Heisenberg2D_cylinder_1_0_5,inner,2,random,0,Single,No_Kink,643,1040819
result_SELECT_10_Heisenberg2D_cylinder_1_0_5,outer,1,SA,0.001,Proj,No_MSF,432,34944
result_SELECT_10_Heisenberg2D_cylinder_1_0_5,outer,1,SA,0.001,Proj,No_Top,432,74752
result_SELECT_10_Heisenberg2D_cylinder_1_0_5,outer,1,SA,0.001,Single,No_MSF,591,292985
result_SELECT_10_Heisenberg2D_cylinder_1_0_5,inner,2,random,0,Single,Yes_Kink,653,1060787
result_SELECT_10_Heisenberg2D_cylinder_1_0_5,outer,1,SA,0.001,Double,Yes_Kink,580,670721
result_SELECT_10_Heisenberg2D_cylinder_1_0_5,outer,1,SA,0.001,Single,No_Top,591,331753
result_SELECT_10_Heisenberg2D_cylinder_1_0_5,outer,1,SA,0.01,Double,No_MSF,542,264568
result_SELECT_10_Heisenberg2D_cylinder_1_0_5,inner,2,random,0,Proj,No_Kink,483,1687294
result_SELECT_10_Heisenberg2D_cylinder_1_0_5,outer,1,SA,0.01,Double,No_Top,543,303942
result_SELECT_10_Heisenberg2D_cylinder_1_0_5,outer,1,SA,0.001,Single,No_Kink,620,689586
result_SELECT_10_Heisenberg2D_cylinder_1_0_5,outer,1,SA,0.01,Proj,No_MSF,432,34944
result_SELECT_10_Heisenberg2D_cylinder_1_0_5,inner,2,random,0,Proj,Yes_Kink,488,1680093
result_SELECT_10_Heisenberg2D_cylinder_1_0_5,outer,1,SA,0.01,Proj,No_Top,432,74752
result_SELECT_10_Heisenberg2D_cylinder_1_0_5,outer,1,SA,0.01,Double,No_Kink,582,658245
result_SELECT_10_Heisenberg2D_cylinder_1_0_5,outer,1,SA,0.01,Single,No_MSF,591,292985
result_SELECT_10_Heisenberg2D_cylinder_1_0_5,outer,1,SA,0.01,Single,No_Top,591,331753
result_SELECT_10_Heisenberg2D_cylinder_1_0_5,outer,1,SA,0.1,Double,No_MSF,542,264568
result_SELECT_10_Heisenberg2D_cylinder_1_0_5,outer,1,SA,0.01,Double,Yes_Kink,622,681764
result_SELECT_10_Heisenberg2D_cylinder_1_0_5,outer,1,SA,0.1,Double,No_Top,543,303942
result_SELECT_10_Heisenberg2D_cylinder_1_0_5,outer,1,SA,0.001,Proj,No_Kink,476,1492645
result_SELECT_10_Heisenberg2D_cylinder_1_0_5,outer,1,SA,0.01,Single,No_Kink,623,689671
result_SELECT_10_Heisenberg2D_cylinder_1_0_5,outer,1,SA,0.1,Proj,No_MSF,432,34944
result_SELECT_10_Heisenberg2D_cylinder_1_0_5,outer,1,SA,0.1,Double,No_Kink,575,618690
result_SELECT_10_Heisenberg2D_cylinder_1_0_5,outer,1,SA,0.1,Proj,No_Top,432,74752
result_SELECT_10_Heisenberg2D_cylinder_1_0_5,outer,1,SA,0.001,Proj,Yes_Kink,484,1484200
result_SELECT_10_Heisenberg2D_cylinder_1_0_5,outer,1,SA,0.1,Single,No_MSF,591,292985
result_SELECT_10_Heisenberg2D_cylinder_1_0_5,outer,1,SA,0.1,Double,Yes_Kink,582,630091
result_SELECT_10_Heisenberg2D_cylinder_1_0_5,outer,1,SA,0.1,Single,No_Top,591,331753
result_SELECT_10_Heisenberg2D_cylinder_1_0_5,outer,1,SA,1,Double,No_MSF,542,264568
result_SELECT_10_Heisenberg2D_cylinder_1_0_5,outer,1,SA,1,Double,No_Top,543,303942
result_SELECT_10_Heisenberg2D_cylinder_1_0_5,outer,1,SA,0.1,Single,No_Kink,620,636479
result_SELECT_10_Heisenberg2D_cylinder_1_0_5,outer,1,SA,0.01,Proj,No_Kink,483,1504918
result_SELECT_10_Heisenberg2D_cylinder_1_0_5,outer,1,SA,1,Proj,No_MSF,432,34944
result_SELECT_10_Heisenberg2D_cylinder_1_0_5,outer,1,SA,1,Proj,No_Top,432,74752
result_SELECT_10_Heisenberg2D_cylinder_1_0_5,outer,1,SA,1,Double,No_Kink,582,612739
result_SELECT_10_Heisenberg2D_cylinder_1_0_5,outer,1,SA,1,Double,Yes_Kink,596,630891
result_SELECT_10_Heisenberg2D_cylinder_1_0_5,outer,1,SA,1,Single,No_MSF,591,292985
result_SELECT_10_Heisenberg2D_cylinder_1_0_5,outer,1,SA,0.01,Proj,Yes_Kink,493,1504304
result_SELECT_10_Heisenberg2D_cylinder_1_0_5,outer,1,SA,1,Single,No_Top,591,331753
result_SELECT_10_Heisenberg2D_cylinder_1_0_5,outer,1,random,0,Double,No_MSF,542,264568
result_SELECT_10_Heisenberg2D_cylinder_1_0_5,outer,1,random,0,Double,No_Top,543,303942
result_SELECT_10_Heisenberg2D_cylinder_1_0_5,outer,1,SA,1,Single,No_Kink,632,633960
result_SELECT_10_Heisenberg2D_cylinder_1_0_5,outer,1,SA,0.1,Proj,No_Kink,475,1484910
result_SELECT_10_Heisenberg2D_cylinder_1_0_5,outer,1,random,0,Proj,No_MSF,432,34944
result_SELECT_10_Heisenberg2D_cylinder_1_0_5,outer,1,SA,0.1,Proj,Yes_Kink,483,1476090
result_SELECT_10_Heisenberg2D_cylinder_1_0_5,outer,1,random,0,Proj,No_Top,432,74752
result_SELECT_10_Heisenberg2D_cylinder_1_0_5,outer,1,random,0,Single,No_MSF,591,292985
result_SELECT_10_Heisenberg2D_cylinder_1_0_5,outer,1,random,0,Single,No_Top,591,331753
result_SELECT_10_Heisenberg2D_cylinder_1_0_5,outer,1,SA,1,Proj,No_Kink,511,1564087
result_SELECT_10_Heisenberg2D_cylinder_1_0_5,outer,2,SA,0.001,Double,No_MSF,542,264568
result_SELECT_10_Heisenberg2D_cylinder_1_0_5,outer,1,SA,1,Proj,Yes_Kink,527,1576744
result_SELECT_10_Heisenberg2D_cylinder_1_0_5,outer,2,SA,0.001,Double,No_Kink,596,612651
result_SELECT_10_Heisenberg2D_cylinder_1_0_5,outer,2,SA,0.001,Double,No_Top,543,303942
result_SELECT_10_Heisenberg2D_cylinder_1_0_5,outer,1,random,0,Double,No_Kink,846,1663138
result_SELECT_10_Heisenberg2D_cylinder_1_0_5,outer,2,SA,0.001,Proj,No_MSF,432,34944
result_SELECT_10_Heisenberg2D_cylinder_1_0_5,outer,2,SA,0.001,Proj,No_Top,432,74752
result_SELECT_10_Heisenberg2D_cylinder_1_0_5,outer,1,random,0,Double,Yes_Kink,859,1686995
result_SELECT_10_Heisenberg2D_cylinder_1_0_5,outer,2,SA,0.001,Single,No_MSF,591,292985
result_SELECT_10_Heisenberg2D_cylinder_1_0_5,outer,1,random,0,Single,No_Kink,1422,2065953
result_SELECT_10_Heisenberg2D_cylinder_1_0_5,outer,2,SA,0.001,Double,Yes_Kink,600,617146
result_SELECT_10_Heisenberg2D_cylinder_1_0_5,outer,1,random,0,Proj,No_Kink,631,1941721
result_SELECT_10_Heisenberg2D_cylinder_1_0_5,outer,2,SA,0.001,Single,No_Top,591,331753
result_SELECT_10_Heisenberg2D_cylinder_1_0_5,outer,2,SA,0.001,Single,No_Kink,596,602166
result_SELECT_10_Heisenberg2D_cylinder_1_0_5,outer,2,SA,0.01,Double,No_MSF,542,264568
result_SELECT_10_Heisenberg2D_cylinder_1_0_5,outer,2,SA,0.01,Double,No_Top,543,303942
result_SELECT_10_Heisenberg2D_cylinder_1_0_5,outer,1,random,0,Proj,Yes_Kink,643,1952542
result_SELECT_10_Heisenberg2D_cylinder_1_0_5,outer,2,SA,0.01,Proj,No_MSF,432,34944
result_SELECT_10_Heisenberg2D_cylinder_1_0_5,outer,2,SA,0.001,Single,Yes_Kink,598,630195
result_SELECT_10_Heisenberg2D_cylinder_1_0_5,outer,2,SA,0.01,Proj,No_Top,432,74752
result_SELECT_10_Heisenberg2D_cylinder_1_0_5,outer,2,SA,0.01,Double,No_Kink,590,605537
result_SELECT_10_Heisenberg2D_cylinder_1_0_5,outer,2,SA,0.01,Single,No_MSF,591,292985
result_SELECT_10_Heisenberg2D_cylinder_1_0_5,outer,2,SA,0.01,Double,Yes_Kink,590,610273
result_SELECT_10_Heisenberg2D_cylinder_1_0_5,outer,2,SA,0.01,Single,No_Top,591,331753
result_SELECT_10_Heisenberg2D_cylinder_1_0_5,outer,2,SA,0.1,Double,No_MSF,542,264568
result_SELECT_10_Heisenberg2D_cylinder_1_0_5,outer,2,SA,0.01,Single,No_Kink,594,601845
result_SELECT_10_Heisenberg2D_cylinder_1_0_5,outer,2,SA,0.1,Double,No_Top,543,303942
result_SELECT_10_Heisenberg2D_cylinder_1_0_5,outer,2,SA,0.01,Single,Yes_Kink,600,625985
result_SELECT_10_Heisenberg2D_cylinder_1_0_5,outer,2,SA,0.1,Double,No_Kink,580,596558
result_SELECT_10_Heisenberg2D_cylinder_1_0_5,outer,2,SA,0.001,Proj,No_Kink,456,1617926
result_SELECT_10_Heisenberg2D_cylinder_1_0_5,outer,2,SA,0.001,Proj,Yes_Kink,457,1589563
result_SELECT_10_Heisenberg2D_cylinder_1_0_5,outer,2,SA,0.1,Proj,No_MSF,432,34944
result_SELECT_10_Heisenberg2D_cylinder_1_0_5,outer,2,SA,0.1,Proj,No_Top,432,74752
result_SELECT_10_Heisenberg2D_cylinder_1_0_5,outer,2,SA,0.1,Single,No_MSF,591,292985
result_SELECT_10_Heisenberg2D_cylinder_1_0_5,outer,2,SA,0.1,Single,No_Top,591,331753
result_SELECT_10_Heisenberg2D_cylinder_1_0_5,outer,2,SA,0.1,Double,Yes_Kink,594,604418
result_SELECT_10_Heisenberg2D_cylinder_1_0_5,outer,2,SA,1,Double,No_MSF,542,264568
result_SELECT_10_Heisenberg2D_cylinder_1_0_5,outer,2,SA,0.1,Single,No_Kink,596,590759
result_SELECT_10_Heisenberg2D_cylinder_1_0_5,outer,2,SA,1,Double,No_Top,543,303942
result_SELECT_10_Heisenberg2D_cylinder_1_0_5,outer,2,SA,0.01,Proj,No_Kink,458,1629011
result_SELECT_10_Heisenberg2D_cylinder_1_0_5,outer,2,SA,1,Double,No_Kink,606,545715
result_SELECT_10_Heisenberg2D_cylinder_1_0_5,outer,2,SA,0.1,Single,Yes_Kink,598,620730
result_SELECT_10_Heisenberg2D_cylinder_1_0_5,outer,2,SA,1,Proj,No_MSF,432,34944
result_SELECT_10_Heisenberg2D_cylinder_1_0_5,outer,2,SA,1,Proj,No_Top,432,74752
result_SELECT_10_Heisenberg2D_cylinder_1_0_5,outer,2,SA,1,Double,Yes_Kink,648,557563
result_SELECT_10_Heisenberg2D_cylinder_1_0_5,outer,2,SA,0.01,Proj,Yes_Kink,460,1604966
result_SELECT_10_Heisenberg2D_cylinder_1_0_5,outer,2,SA,1,Single,No_MSF,591,292985
result_SELECT_10_Heisenberg2D_cylinder_1_0_5,outer,2,SA,1,Single,No_Top,591,331753
result_SELECT_10_Heisenberg2D_cylinder_1_0_5,outer,2,random,0,Double,No_MSF,542,264568
result_SELECT_10_Heisenberg2D_cylinder_1_0_5,outer,2,SA,1,Single,No_Kink,595,533886
result_SELECT_10_Heisenberg2D_cylinder_1_0_5,outer,2,random,0,Double,No_Top,543,303942
result_SELECT_10_Heisenberg2D_cylinder_1_0_5,outer,2,SA,1,Single,Yes_Kink,597,564502
result_SELECT_10_Heisenberg2D_cylinder_1_0_5,outer,2,random,0,Proj,No_MSF,432,34944
result_SELECT_10_Heisenberg2D_cylinder_1_0_5,outer,2,SA,0.1,Proj,No_Kink,459,1614236
result_SELECT_10_Heisenberg2D_cylinder_1_0_5,outer,2,SA,0.1,Proj,Yes_Kink,463,1597995
result_SELECT_10_Heisenberg2D_cylinder_1_0_5,outer,2,random,0,Proj,No_Top,432,74752
result_SELECT_10_Heisenberg2D_cylinder_1_0_5,outer,2,random,0,Single,No_MSF,591,292985
result_SELECT_10_Heisenberg2D_cylinder_1_0_5,outer,2,random,0,Single,No_Top,591,331753
result_SELECT_10_Heisenberg2D_cylinder_1_0_5,outer,2,random,0,Double,No_Kink,643,1058174
result_SELECT_10_Heisenberg2D_cylinder_1_0_5,outer,2,SA,1,Proj,No_Kink,467,1635448
result_SELECT_10_Heisenberg2D_cylinder_1_0_5,outer,2,random,0,Double,Yes_Kink,661,1066040
result_SELECT_10_Heisenberg2D_cylinder_1_0_5,outer,2,SA,1,Proj,Yes_Kink,472,1623089
result_SELECT_10_Heisenberg2D_cylinder_1_0_6,inner,1,SA,0.001,Double,No_MSF,302,244332
result_SELECT_10_Heisenberg2D_cylinder_1_0_6,inner,1,SA,0.001,Double,No_Top,303,287015
result_SELECT_10_Heisenberg2D_cylinder_1_0_6,inner,1,SA,0.001,Proj,No_MSF,216,37824
result_SELECT_10_Heisenberg2D_cylinder_1_0_5,outer,2,random,0,Single,No_Kink,653,1113131
result_SELECT_10_Heisenberg2D_cylinder_1_0_6,inner,1,SA,0.001,Proj,No_Top,216,80704
result_SELECT_10_Heisenberg2D_cylinder_1_0_6,inner,1,SA,0.001,Double,No_Kink,356,863246
result_SELECT_10_Heisenberg2D_cylinder_1_0_6,inner,1,SA,0.001,Single,No_MSF,336,278398
result_SELECT_10_Heisenberg2D_cylinder_1_0_5,outer,2,random,0,Single,Yes_Kink,659,1128878
result_SELECT_10_Heisenberg2D_cylinder_1_0_6,inner,1,SA,0.001,Double,Yes_Kink,397,907244
result_SELECT_10_Heisenberg2D_cylinder_1_0_5,outer,2,random,0,Proj,No_Kink,491,1735559
result_SELECT_10_Heisenberg2D_cylinder_1_0_6,inner,1,SA,0.001,Single,No_Top,341,324531
result_SELECT_10_Heisenberg2D_cylinder_1_0_5,outer,2,random,0,Proj,Yes_Kink,497,1729052
result_SELECT_10_Heisenberg2D_cylinder_1_0_6,inner,1,SA,0.01,Double,No_MSF,302,244332
result_SELECT_10_Heisenberg2D_cylinder_1_0_6,inner,1,SA,0.01,Double,No_Top,303,287015
result_SELECT_10_Heisenberg2D_cylinder_1_0_6,inner,1,SA,0.01,Proj,No_MSF,216,37824
result_SELECT_10_Heisenberg2D_cylinder_1_0_6,inner,1,SA,0.01,Proj,No_Top,216,80704
result_SELECT_10_Heisenberg2D_cylinder_1_0_6,inner,1,SA,0.001,Single,No_Kink,401,897474
result_SELECT_10_Heisenberg2D_cylinder_1_0_6,inner,1,SA,0.01,Single,No_MSF,336,278398
result_SELECT_10_Heisenberg2D_cylinder_1_0_6,inner,1,SA,0.01,Double,No_Kink,377,812039
result_SELECT_10_Heisenberg2D_cylinder_1_0_6,inner,1,SA,0.01,Single,No_Top,341,324531
result_SELECT_10_Heisenberg2D_cylinder_1_0_6,inner,1,SA,0.001,Proj,No_Kink,323,1696965
result_SELECT_10_Heisenberg2D_cylinder_1_0_6,inner,1,SA,0.1,Double,No_MSF,302,244332
result_SELECT_10_Heisenberg2D_cylinder_1_0_6,inner,1,SA,0.01,Double,Yes_Kink,405,864442
result_SELECT_10_Heisenberg2D_cylinder_1_0_6,inner,1,SA,0.1,Double,No_Top,303,287015
result_SELECT_10_Heisenberg2D_cylinder_1_0_6,inner,1,SA,0.01,Single,No_Kink,404,852894
result_SELECT_10_Heisenberg2D_cylinder_1_0_6,inner,1,SA,0.1,Proj,No_MSF,216,37824
result_SELECT_10_Heisenberg2D_cylinder_1_0_6,inner,1,SA,0.1,Proj,No_Top,216,80704
result_SELECT_10_Heisenberg2D_cylinder_1_0_6,inner,1,SA,0.001,Proj,Yes_Kink,335,1705804
result_SELECT_10_Heisenberg2D_cylinder_1_0_6,inner,1,SA,0.1,Double,No_Kink,373,755328
result_SELECT_10_Heisenberg2D_cylinder_1_0_6,inner,1,SA,0.1,Single,No_MSF,336,278398
result_SELECT_10_Heisenberg2D_cylinder_1_0_6,inner,1,SA,0.1,Single,No_Top,341,324531
result_SELECT_10_Heisenberg2D_cylinder_1_0_6,inner,1,SA,0.1,Double,Yes_Kink,409,800575
result_SELECT_10_Heisenberg2D_cylinder_1_0_6,inner,1,SA,1,Double,No_MSF,302,244332
result_SELECT_10_Heisenberg2D_cylinder_1_0_6,inner,1,SA,0.01,Proj,No_Kink,326,1720168
result_SELECT_10_Heisenberg2D_cylinder_1_0_6,inner,1,SA,1,Double,No_Top,303,287015
result_SELECT_10_Heisenberg2D_cylinder_1_0_6,inner,1,SA,1,Proj,No_MSF,216,37824
result_SELECT_10_Heisenberg2D_cylinder_1_0_6,inner,1,SA,0.1,Single,No_Kink,387,812395
result_SELECT_10_Heisenberg2D_cylinder_1_0_6,inner,1,SA,0.01,Proj,Yes_Kink,339,1731550
result_SELECT_10_Heisenberg2D_cylinder_1_0_6,inner,1,SA,1,Double,No_Kink,334,716306
result_SELECT_10_Heisenberg2D_cylinder_1_0_6,inner,1,SA,1,Proj,No_Top,216,80704
result_SELECT_10_Heisenberg2D_cylinder_1_0_6,inner,1,SA,1,Single,No_MSF,336,278398
result_SELECT_10_Heisenberg2D_cylinder_1_0_6,inner,1,SA,1,Single,No_Top,341,324531
result_SELECT_10_Heisenberg2D_cylinder_1_0_6,inner,1,SA,1,Double,Yes_Kink,360,768441
result_SELECT_10_Heisenberg2D_cylinder_1_0_6,inner,1,random,0,Double,No_MSF,302,244332
result_SELECT_10_Heisenberg2D_cylinder_1_0_6,inner,1,random,0,Double,No_Top,303,287015
result_SELECT_10_Heisenberg2D_cylinder_1_0_6,inner,1,SA,0.1,Proj,No_Kink,306,1610462
result_SELECT_10_Heisenberg2D_cylinder_1_0_6,inner,1,random,0,Proj,No_MSF,216,37824
result_SELECT_10_Heisenberg2D_cylinder_1_0_6,inner,1,SA,1,Single,No_Kink,379,744316
result_SELECT_10_Heisenberg2D_cylinder_1_0_6,inner,1,random,0,Proj,No_Top,216,80704
result_SELECT_10_Heisenberg2D_cylinder_1_0_6,inner,1,SA,0.1,Proj,Yes_Kink,316,1630441
result_SELECT_10_Heisenberg2D_cylinder_1_0_6,inner,1,random,0,Single,No_MSF,336,278398
result_SELECT_10_Heisenberg2D_cylinder_1_0_6,inner,1,random,0,Single,No_Top,341,324531
result_SELECT_10_Heisenberg2D_cylinder_1_0_6,inner,1,SA,1,Proj,No_Kink,305,1595963
result_SELECT_10_Heisenberg2D_cylinder_1_0_6,inner,2,SA,0.001,Double,No_MSF,302,244332
result_SELECT_10_Heisenberg2D_cylinder_1_0_6,inner,1,SA,1,Proj,Yes_Kink,315,1623523
result_SELECT_10_Heisenberg2D_cylinder_1_0_6,inner,2,SA,0.001,Double,No_Kink,392,644669
result_SELECT_10_Heisenberg2D_cylinder_1_0_6,inner,2,SA,0.001,Double,No_Top,303,287015
result_SELECT_10_Heisenberg2D_cylinder_1_0_6,inner,2,SA,0.001,Proj,No_MSF,216,37824
result_SELECT_10_Heisenberg2D_cylinder_1_0_6,inner,2,SA,0.001,Proj,No_Top,216,80704
result_SELECT_10_Heisenberg2D_cylinder_1_0_6,inner,2,SA,0.001,Double,Yes_Kink,426,663841
result_SELECT_10_Heisenberg2D_cylinder_1_0_6,inner,1,random,0,Double,No_Kink,631,2168494
result_SELECT_10_Heisenberg2D_cylinder_1_0_6,inner,1,random,0,Double,Yes_Kink,633,2171796
result_SELECT_10_Heisenberg2D_cylinder_1_0_6,inner,2,SA,0.001,Single,No_MSF,336,278398
result_SELECT_10_Heisenberg2D_cylinder_1_0_6,inner,2,SA,0.001,Single,No_Top,341,324531
result_SELECT_10_Heisenberg2D_cylinder_1_0_6,inner,1,random,0,Proj,No_Kink,447,2407586
result_SELECT_10_Heisenberg2D_cylinder_1_0_6,inner,2,SA,0.001,Single,No_Kink,347,639210
result_SELECT_10_Heisenberg2D_cylinder_1_0_6,inner,1,random,0,Single,No_Kink,1114,2716863
result_SELECT_10_Heisenberg2D_cylinder_1_0_6,inner,2,SA,0.01,Double,No_MSF,302,244332
result_SELECT_10_Heisenberg2D_cylinder_1_0_6,inner,2,SA,0.01,Double,No_Top,303,287015
result_SELECT_10_Heisenberg2D_cylinder_1_0_6,inner,2,SA,0.01,Proj,No_MSF,216,37824
result_SELECT_10_Heisenberg2D_cylinder_1_0_6,inner,2,SA,0.001,Single,Yes_Kink,349,668057
result_SELECT_10_Heisenberg2D_cylinder_1_0_6,inner,1,random,0,Proj,Yes_Kink,457,2421439
result_SELECT_10_Heisenberg2D_cylinder_1_0_6,inner,2,SA,0.01,Double,No_Kink,390,658329
result_SELECT_10_Heisenberg2D_cylinder_1_0_6,inner,2,SA,0.01,Proj,No_Top,216,80704
result_SELECT_10_Heisenberg2D_cylinder_1_0_6,inner,2,SA,0.001,Proj,No_Kink,264,1439850
result_SELECT_10_Heisenberg2D_cylinder_1_0_6,inner,2,SA,0.01,Single,No_MSF,336,278398
result_SELECT_10_Heisenberg2D_cylinder_1_0_6,inner,2,SA,0.01,Double,Yes_Kink,417,681509
result_SELECT_10_Heisenberg2D_cylinder_1_0_6,inner,2,SA,0.01,Single,No_Top,341,324531
result_SELECT_10_Heisenberg2D_cylinder_1_0_6,inner,2,SA,0.1,Double,No_MSF,302,244332
result_SELECT_10_Heisenberg2D_cylinder_1_0_6,inner,2,SA,0.001,Proj,Yes_Kink,269,1434026
result_SELECT_10_Heisenberg2D_cylinder_1_0_6,inner,2,SA,0.1,Double,No_Top,303,287015
result_SELECT_10_Heisenberg2D_cylinder_1_0_6,inner,2,SA,0.01,Single,No_Kink,344,660768
result_SELECT_10_Heisenberg2D_cylinder_1_0_6,inner,2,SA,0.1,Proj,No_MSF,216,37824
result_SELECT_10_Heisenberg2D_cylinder_1_0_6,inner,2,SA,0.1,Proj,No_Top,216,80704
result_SELECT_10_Heisenberg2D_cylinder_1_0_6,inner,2,SA,0.01,Single,Yes_Kink,346,691327
result_SELECT_10_Heisenberg2D_cylinder_1_0_6,inner,2,SA,0.1,Double,No_Kink,414,642867
result_SELECT_10_Heisenberg2D_cylinder_1_0_6,inner,2,SA,0.1,Single,No_MSF,336,278398
result_SELECT_10_Heisenberg2D_cylinder_1_0_6,inner,2,SA,0.1,Single,No_Top,341,324531
result_SELECT_10_Heisenberg2D_cylinder_1_0_6,inner,2,SA,0.1,Double,Yes_Kink,446,666504
result_SELECT_10_Heisenberg2D_cylinder_1_0_6,inner,2,SA,0.01,Proj,No_Kink,265,1437124
result_SELECT_10_Heisenberg2D_cylinder_1_0_6,inner,2,SA,1,Double,No_MSF,302,244332
result_SELECT_10_Heisenberg2D_cylinder_1_0_6,inner,2,SA,1,Double,No_Top,303,287015
result_SELECT_10_Heisenberg2D_cylinder_1_0_6,inner,2,SA,0.1,Single,No_Kink,343,637473
result_SELECT_10_Heisenberg2D_cylinder_1_0_6,inner,2,SA,0.01,Proj,Yes_Kink,269,1428993
result_SELECT_10_Heisenberg2D_cylinder_1_0_6,inner,2,SA,1,Proj,No_MSF,216,37824
result_SELECT_10_Heisenberg2D_cylinder_1_0_6,inner,2,SA,1,Double,No_Kink,388,607302
result_SELECT_10_Heisenberg2D_cylinder_1_0_6,inner,2,SA,0.1,Single,Yes_Kink,345,667063
result_SELECT_10_Heisenberg2D_cylinder_1_0_6,inner,2,SA,1,Proj,No_Top,216,80704
result_SELECT_10_Heisenberg2D_cylinder_1_0_6,inner,2,SA,1,Single,No_MSF,336,278398
result_SELECT_10_Heisenberg2D_cylinder_1_0_6,inner,2,SA,1,Double,Yes_Kink,407,625966
result_SELECT_10_Heisenberg2D_cylinder_1_0_6,inner,2,SA,1,Single,No_Top,341,324531
result_SELECT_10_Heisenberg2D_cylinder_1_0_6,inner,2,SA,0.1,Proj,No_Kink,258,1398235
result_SELECT_10_Heisenberg2D_cylinder_1_0_6,inner,2,random,0,Double,No_MSF,302,244332
result_SELECT_10_Heisenberg2D_cylinder_1_0_6,inner,2,random,0,Double,No_Top,303,287015
result_SELECT_10_Heisenberg2D_cylinder_1_0_6,inner,2,SA,1,Single,No_Kink,343,599679
result_SELECT_10_Heisenberg2D_cylinder_1_0_6,inner,2,SA,0.1,Proj,Yes_Kink,263,1385475
result_SELECT_10_Heisenberg2D_cylinder_1_0_6,inner,2,random,0,Proj,No_MSF,216,37824
result_SELECT_10_Heisenberg2D_cylinder_1_0_6,inner,2,SA,1,Single,Yes_Kink,344,626919
result_SELECT_10_Heisenberg2D_cylinder_1_0_6,inner,2,random,0,Proj,No_Top,216,80704
result_SELECT_10_Heisenberg2D_cylinder_1_0_6,inner,2,random,0,Single,No_MSF,336,278398
result_SELECT_10_Heisenberg2D_cylinder_1_0_6,inner,2,random,0,Single,No_Top,341,324531
result_SELECT_10_Heisenberg2D_cylinder_1_0_6,inner,2,SA,1,Proj,No_Kink,259,1385234
result_SELECT_10_Heisenberg2D_cylinder_1_0_6,inner,2,SA,1,Proj,Yes_Kink,259,1376545
result_SELECT_10_Heisenberg2D_cylinder_1_0_6,inner,2,random,0,Double,No_Kink,423,1403421
result_SELECT_10_Heisenberg2D_cylinder_1_0_6,outer,1,SA,0.001,Double,No_MSF,302,244332
result_SELECT_10_Heisenberg2D_cylinder_1_0_6,outer,1,SA,0.001,Double,No_Top,303,287015
result_SELECT_10_Heisenberg2D_cylinder_1_0_6,inner,2,random,0,Double,Yes_Kink,429,1415823
result_SELECT_10_Heisenberg2D_cylinder_1_0_6,inner,2,random,0,Single,No_Kink,492,1516226
result_SELECT_10_Heisenberg2D_cylinder_1_0_6,outer,1,SA,0.001,Proj,No_MSF,216,37824
result_SELECT_10_Heisenberg2D_cylinder_1_0_6,outer,1,SA,0.001,Proj,No_Top,216,80704
result_SELECT_10_Heisenberg2D_cylinder_1_0_6,outer,1,SA,0.001,Double,No_Kink,366,907656
result_SELECT_10_Heisenberg2D_cylinder_1_0_6,outer,1,SA,0.001,Single,No_MSF,336,278398
result_SELECT_10_Heisenberg2D_cylinder_1_0_6,outer,1,SA,0.001,Double,Yes_Kink,375,947699
result_SELECT_10_Heisenberg2D_cylinder_1_0_6,inner,2,random,0,Single,Yes_Kink,500,1535959
result_SELECT_10_Heisenberg2D_cylinder_1_0_6,inner,2,random,0,Proj,No_Kink,344,1896780
result_SELECT_10_Heisenberg2D_cylinder_1_0_6,inner,2,random,0,Proj,Yes_Kink,352,1907653
result_SELECT_10_Heisenberg2D_cylinder_1_0_6,outer,1,SA,0.01,Double,No_MSF,302,244332
result_SELECT_10_Heisenberg2D_cylinder_1_0_6,outer,1,SA,0.001,Single,No_Top,341,324531
result_SELECT_10_Heisenberg2D_cylinder_1_0_6,outer,1,SA,0.01,Double,No_Top,303,287015
result_SELECT_10_Heisenberg2D_cylinder_1_0_6,outer,1,SA,0.01,Proj,No_MSF,216,37824
result_SELECT_10_Heisenberg2D_cylinder_1_0_6,outer,1,SA,0.01,Proj,No_Top,216,80704
result_SELECT_10_Heisenberg2D_cylinder_1_0_6,outer,1,SA,0.001,Single,No_Kink,443,991538
result_SELECT_10_Heisenberg2D_cylinder_1_0_6,outer,1,SA,0.01,Single,No_MSF,336,278398
result_SELECT_10_Heisenberg2D_cylinder_1_0_6,outer,1,SA,0.01,Double,No_Kink,370,903996
result_SELECT_10_Heisenberg2D_cylinder_1_0_6,outer,1,SA,0.01,Single,No_Top,341,324531
result_SELECT_10_Heisenberg2D_cylinder_1_0_6,outer,1,SA,0.01,Double,Yes_Kink,401,935032
result_SELECT_10_Heisenberg2D_cylinder_1_0_6,outer,1,SA,0.001,Proj,No_Kink,298,1629127
result_SELECT_10_Heisenberg2D_cylinder_1_0_6,outer,1,SA,0.1,Double,No_MSF,302,244332
result_SELECT_10_Heisenberg2D_cylinder_1_0_6,outer,1,SA,0.1,Double,No_Top,303,287015
result_SELECT_10_Heisenberg2D_cylinder_1_0_6,outer,1,SA,0.01,Single,No_Kink,429,973500
result_SELECT_10_Heisenberg2D_cylinder_1_0_6,outer,1,SA,0.1,Proj,No_MSF,216,37824
result_SELECT_10_Heisenberg2D_cylinder_1_0_6,outer,1,SA,0.001,Proj,Yes_Kink,308,1642971
result_SELECT_10_Heisenberg2D_cylinder_1_0_6,outer,1,SA,0.1,Proj,No_Top,216,80704
result_SELECT_10_Heisenberg2D_cylinder_1_0_6,outer,1,SA,0.1,Single,No_MSF,336,278398
result_SELECT_10_Heisenberg2D_cylinder_1_0_6,outer,1,SA,0.1,Double,No_Kink,351,882876
result_SELECT_10_Heisenberg2D_cylinder_1_0_6,outer,1,SA,0.1,Single,No_Top,341,324531
result_SELECT_10_Heisenberg2D_cylinder_1_0_6,outer,1,SA,0.01,Proj,No_Kink,293,1601059
result_SELECT_10_Heisenberg2D_cylinder_1_0_6,outer,1,SA,1,Double,No_MSF,302,244332
result_SELECT_10_Heisenberg2D_cylinder_1_0_6,outer,1,SA,0.1,Double,Yes_Kink,384,921059
result_SELECT_10_Heisenberg2D_cylinder_1_0_6,outer,1,SA,1,Double,No_Top,303,287015
result_SELECT_10_Heisenberg2D_cylinder_1_0_6,outer,1,SA,0.01,Proj,Yes_Kink,302,1617811
result_SELECT_10_Heisenberg2D_cylinder_1_0_6,outer,1,SA,1,Proj,No_MSF,216,37824
result_SELECT_10_Heisenberg2D_cylinder_1_0_6,outer,1,SA,0.1,Single,No_Kink,432,940548
result_SELECT_10_Heisenberg2D_cylinder_1_0_6,outer,1,SA,1,Proj,No_Top,216,80704
result_SELECT_10_Heisenberg2D_cylinder_1_0_6,outer,1,SA,1,Double,No_Kink,358,832379
result_SELECT_10_Heisenberg2D_cylinder_1_0_6,outer,1,SA,1,Single,No_MSF,336,278398
result_SELECT_10_Heisenberg2D_cylinder_1_0_6,outer,1,SA,1,Single,No_Top,341,324531
result_SELECT_10_Heisenberg2D_cylinder_1_0_6,outer,1,SA,0.1,Proj,No_Kink,291,1581658
result_SELECT_10_Heisenberg2D_cylinder_1_0_6,outer,1,random,0,Double,No_MSF,302,244332
result_SELECT_10_Heisenberg2D_cylinder_1_0_6,outer,1,random,0,Double,No_Top,303,287015
result_SELECT_10_Heisenberg2D_cylinder_1_0_6,outer,1,SA,1,Double,Yes_Kink,385,871708
result_SELECT_10_Heisenberg2D_cylinder_1_0_6,outer,1,random,0,Proj,No_MSF,216,37824
result_SELECT_10_Heisenberg2D_cylinder_1_0_6,outer,1,SA,0.1,Proj,Yes_Kink,299,1592290
result_SELECT_10_Heisenberg2D_cylinder_1_0_6,outer,1,SA,1,Single,No_Kink,421,883952
result_SELECT_10_Heisenberg2D_cylinder_1_0_6,outer,1,random,0,Proj,No_Top,216,80704
result_SELECT_10_Heisenberg2D_cylinder_1_0_6,outer,1,random,0,Single,No_MSF,336,278398
result_SELECT_10_Heisenberg2D_cylinder_1_0_6,outer,1,random,0,Single,No_Top,341,324531
result_SELECT_10_Heisenberg2D_cylinder_1_0_6,outer,1,SA,1,Proj,No_Kink,303,1639345
result_SELECT_10_Heisenberg2D_cylinder_1_0_6,outer,2,SA,0.001,Double,No_MSF,302,244332
result_SELECT_10_Heisenberg2D_cylinder_1_0_6,outer,1,SA,1,Proj,Yes_Kink,316,1674005
result_SELECT_10_Heisenberg2D_cylinder_1_0_6,outer,2,SA,0.001,Double,No_Top,303,287015
result_SELECT_10_Heisenberg2D_cylinder_1_0_6,outer,2,SA,0.001,Double,No_Kink,377,785628
result_SELECT_10_Heisenberg2D_cylinder_1_0_6,outer,2,SA,0.001,Proj,No_MSF,216,37824
result_SELECT_10_Heisenberg2D_cylinder_1_0_6,outer,2,SA,0.001,Proj,No_Top,216,80704
result_SELECT_10_Heisenberg2D_cylinder_1_0_6,outer,2,SA,0.001,Double,Yes_Kink,402,808904
result_SELECT_10_Heisenberg2D_cylinder_1_0_6,outer,1,random,0,Double,No_Kink,693,2357056
result_SELECT_10_Heisenberg2D_cylinder_1_0_6,outer,1,random,0,Double,Yes_Kink,700,2392095
result_SELECT_10_Heisenberg2D_cylinder_1_0_6,outer,2,SA,0.001,Single,No_MSF,336,278398
result_SELECT_10_Heisenberg2D_cylinder_1_0_6,outer,2,SA,0.001,Single,No_Top,341,324531
result_SELECT_10_Heisenberg2D_cylinder_1_0_6,outer,1,random,0,Proj,No_Kink,475,2556861
result_SELECT_10_Heisenberg2D_cylinder_1_0_6,outer,2,SA,0.001,Single,No_Kink,354,793759
result_SELECT_10_Heisenberg2D_cylinder_1_0_6,outer,1,random,0,Single,No_Kink,1243,3019850
result_SELECT_10_Heisenberg2D_cylinder_1_0_6,outer,1,random,0,Proj,Yes_Kink,483,2571112
result_SELECT_10_Heisenberg2D_cylinder_1_0_6,outer,2,SA,0.01,Double,No_MSF,302,244332
result_SELECT_10_Heisenberg2D_cylinder_1_0_6,outer,2,SA,0.01,Double,No_Top,303,287015
result_SELECT_10_Heisenberg2D_cylinder_1_0_6,outer,2,SA,0.001,Proj,No_Kink,278,1532459
result_SELECT_10_Heisenberg2D_cylinder_1_0_6,outer,2,SA,0.01,Proj,No_MSF,216,37824
result_SELECT_10_Heisenberg2D_cylinder_1_0_6,outer,2,SA,0.01,Double,No_Kink,355,732932
result_SELECT_10_Heisenberg2D_cylinder_1_0_6,outer,2,SA,0.01,Proj,No_Top,216,80704
result_SELECT_10_Heisenberg2D_cylinder_1_0_6,outer,2,SA,0.001,Single,Yes_Kink,356,823641
result_SELECT_10_Heisenberg2D_cylinder_1_0_6,outer,2,SA,0.01,Single,No_MSF,336,278398
result_SELECT_10_Heisenberg2D_cylinder_1_0_6,outer,2,SA,0.01,Single,No_Top,341,324531
result_SELECT_10_Heisenberg2D_cylinder_1_0_6,outer,2,SA,0.1,Double,No_MSF,302,244332
result_SELECT_10_Heisenberg2D_cylinder_1_0_6,outer,2,SA,0.001,Proj,Yes_Kink,284,1533117
result_SELECT_10_Heisenberg2D_cylinder_1_0_6,outer,2,SA,0.1,Double,No_Top,303,287015
result_SELECT_10_Heisenberg2D_cylinder_1_0_6,outer,2,SA,0.01,Double,Yes_Kink,375,756243
result_SELECT_10_Heisenberg2D_cylinder_1_0_6,outer,2,SA,0.01,Single,No_Kink,349,744154
result_SELECT_10_Heisenberg2D_cylinder_1_0_6,outer,2,SA,0.1,Proj,No_MSF,216,37824
result_SELECT_10_Heisenberg2D_cylinder_1_0_6,outer,2,SA,0.1,Proj,No_Top,216,80704
result_SELECT_10_Heisenberg2D_cylinder_1_0_6,outer,2,SA,0.1,Double,No_Kink,384,696814
result_SELECT_10_Heisenberg2D_cylinder_1_0_6,outer,2,SA,0.01,Single,Yes_Kink,350,777995
result_SELECT_10_Heisenberg2D_cylinder_1_0_6,outer,2,SA,0.1,Single,No_MSF,336,278398
result_SELECT_10_Heisenberg2D_cylinder_1_0_6,outer,2,SA,0.1,Single,No_Top,341,324531
result_SELECT_10_Heisenberg2D_cylinder_1_0_6,outer,2,SA,0.1,Double,Yes_Kink,393,715479
result_SELECT_10_Heisenberg2D_cylinder_1_0_6,outer,2,SA,1,Double,No_MSF,302,244332
result_SELECT_10_Heisenberg2D_cylinder_1_0_6,outer,2,SA,1,Double,No_Top,303,287015
result_SELECT_10_Heisenberg2D_cylinder_1_0_6,outer,2,SA,0.1,Single,No_Kink,348,701850
result_SELECT_10_Heisenberg2D_cylinder_1_0_6,outer,2,SA,0.01,Proj,Yes_Kink,272,1489313
result_SELECT_10_Heisenberg2D_cylinder_1_0_6,outer,2,SA,0.01,Proj,No_Kink,267,1494522
result_SELECT_10_Heisenberg2D_cylinder_1_0_6,outer,2,SA,0.1,Single,Yes_Kink,351,734355
result_SELECT_10_Heisenberg2D_cylinder_1_0_6,outer,2,SA,1,Proj,No_MSF,216,37824
result_SELECT_10_Heisenberg2D_cylinder_1_0_6,outer,2,SA,1,Proj,No_Top,216,80704
result_SELECT_10_Heisenberg2D_cylinder_1_0_6,outer,2,SA,1,Double,No_Kink,373,672254
result_SELECT_10_Heisenberg2D_cylinder_1_0_6,outer,2,SA,1,Single,No_Top,341,324531
result_SELECT_10_Heisenberg2D_cylinder_1_0_6,outer,2,SA,1,Single,No_MSF,336,278398
result_SELECT_10_Heisenberg2D_cylinder_1_0_6,outer,2,SA,1,Double,Yes_Kink,396,692379
result_SELECT_10_Heisenberg2D_cylinder_1_0_6,outer,2,SA,0.1,Proj,No_Kink,268,1501074
result_SELECT_10_Heisenberg2D_cylinder_1_0_6,outer,2,random,0,Double,No_MSF,302,244332
result_SELECT_10_Heisenberg2D_cylinder_1_0_6,outer,2,SA,0.1,Proj,Yes_Kink,273,1495319
result_SELECT_10_Heisenberg2D_cylinder_1_0_6,outer,2,random,0,Double,No_Top,303,287015
result_SELECT_10_Heisenberg2D_cylinder_1_0_6,outer,2,SA,1,Single,No_Kink,360,685322
result_SELECT_10_Heisenberg2D_cylinder_1_0_6,outer,2,random,0,Proj,No_MSF,216,37824
result_SELECT_10_Heisenberg2D_cylinder_1_0_6,outer,2,random,0,Proj,No_Top,216,80704
result_SELECT_10_Heisenberg2D_cylinder_1_0_6,outer,2,SA,1,Single,Yes_Kink,371,716466
result_SELECT_10_Heisenberg2D_cylinder_1_0_6,outer,2,random,0,Single,No_MSF,336,278398
result_SELECT_10_Heisenberg2D_cylinder_1_0_6,outer,2,random,0,Single,No_Top,341,324531
result_SELECT_10_Heisenberg2D_cylinder_1_0_6,outer,2,SA,1,Proj,No_Kink,295,1628911
result_SELECT_10_Heisenberg2D_cylinder_1_0_6,outer,2,SA,1,Proj,Yes_Kink,303,1646805
result_SELECT_10_Z2LatticeGauge2D_PBC_0_0_0,inner,1,SA,0.001,Double,No_MSF,2059,239834
result_SELECT_10_Z2LatticeGauge2D_PBC_0_0_0,inner,1,SA,0.001,Double,No_Top,2060,244668
result_SELECT_10_Z2LatticeGauge2D_PBC_0_0_0,inner,1,SA,0.001,Double,No_Kink,2061,284033
result_SELECT_10_Z2LatticeGauge2D_PBC_0_0_0,inner,1,SA,0.001,Double,Yes_Kink,2061,283514
result_SELECT_10_Z2LatticeGauge2D_PBC_0_0_0,inner,1,SA,0.001,Proj,No_MSF,1800,4216
result_SELECT_10_Z2LatticeGauge2D_PBC_0_0_0,inner,1,SA,0.001,Proj,No_Top,1800,9048
result_SELECT_10_Heisenberg2D_cylinder_1_0_6,outer,2,random,0,Double,No_Kink,451,1573041
result_SELECT_10_Z2LatticeGauge2D_PBC_0_0_0,inner,1,SA,0.001,Single,No_Kink,2216,297571
result_SELECT_10_Z2LatticeGauge2D_PBC_0_0_0,inner,1,SA,0.001,Single,No_MSF,2214,257733
result_SELECT_10_Heisenberg2D_cylinder_1_0_6,outer,2,random,0,Double,Yes_Kink,466,1592890
result_SELECT_10_Z2LatticeGauge2D_PBC_0_0_0,inner,1,SA,0.001,Single,No_Top,2216,262569
result_SELECT_10_Z2LatticeGauge2D_PBC_0_0_0,inner,1,SA,0.01,Double,No_MSF,2059,239834
result_SELECT_10_Z2LatticeGauge2D_PBC_0_0_0,inner,1,SA,0.01,Double,No_Top,2060,244668
result_SELECT_10_Z2LatticeGauge2D_PBC_0_0_0,inner,1,SA,0.01,Double,No_Kink,2061,278170
result_SELECT_10_Z2LatticeGauge2D_PBC_0_0_0,inner,1,SA,0.01,Double,Yes_Kink,2061,278804
result_SELECT_10_Z2LatticeGauge2D_PBC_0_0_0,inner,1,SA,0.01,Proj,No_MSF,1800,4216
result_SELECT_10_Z2LatticeGauge2D_PBC_0_0_0,inner,1,SA,0.01,Proj,No_Top,1800,9048
result_SELECT_10_Heisenberg2D_cylinder_1_0_6,outer,2,random,0,Single,No_Kink,526,1684750
result_SELECT_10_Z2LatticeGauge2D_PBC_0_0_0,inner,1,SA,0.01,Single,No_Kink,2216,292499
result_SELECT_10_Z2LatticeGauge2D_PBC_0_0_0,inner,1,SA,0.01,Single,No_MSF,2214,257733
result_SELECT_10_Z2LatticeGauge2D_PBC_0_0_0,inner,1,SA,0.01,Single,No_Top,2216,262569
result_SELECT_10_Z2LatticeGauge2D_PBC_0_0_0,inner,1,SA,0.1,Double,No_Kink,2061,275388
result_SELECT_10_Z2LatticeGauge2D_PBC_0_0_0,inner,1,SA,0.1,Double,No_MSF,2059,239834
result_SELECT_10_Z2LatticeGauge2D_PBC_0_0_0,inner,1,SA,0.1,Double,No_Top,2060,244668
result_SELECT_10_Z2LatticeGauge2D_PBC_0_0_0,inner,1,SA,0.001,Proj,No_Kink,1802,859021
result_SELECT_10_Heisenberg2D_cylinder_1_0_6,outer,2,random,0,Proj,No_Kink,366,2025493
result_SELECT_10_Z2LatticeGauge2D_PBC_0_0_0,inner,1,SA,0.1,Double,Yes_Kink,2064,276756
result_SELECT_10_Z2LatticeGauge2D_PBC_0_0_0,inner,1,SA,0.1,Proj,No_MSF,1800,4216
result_SELECT_10_Z2LatticeGauge2D_PBC_0_0_0,inner,1,SA,0.1,Proj,No_Top,1800,9048
result_SELECT_10_Z2LatticeGauge2D_PBC_0_0_0,inner,1,SA,0.001,Proj,Yes_Kink,1803,849597
result_SELECT_10_Z2LatticeGauge2D_PBC_0_0_0,inner,1,SA,0.1,Single,No_MSF,2214,257733
result_SELECT_10_Z2LatticeGauge2D_PBC_0_0_0,inner,1,SA,0.1,Single,No_Top,2216,262569
result_SELECT_10_Z2LatticeGauge2D_PBC_0_0_0,inner,1,SA,0.1,Single,No_Kink,2216,289887
result_SELECT_10_Z2LatticeGauge2D_PBC_0_0_0,inner,1,SA,1,Double,No_MSF,2059,239834
result_SELECT_10_Z2LatticeGauge2D_PBC_0_0_0,inner,1,SA,1,Double,No_Top,2060,244668
result_SELECT_10_Z2LatticeGauge2D_PBC_0_0_0,inner,1,SA,1,Double,No_Kink,2061,268509
result_SELECT_10_Z2LatticeGauge2D_PBC_0_0_0,inner,1,SA,1,Double,Yes_Kink,2062,268876
result_SELECT_10_Z2LatticeGauge2D_PBC_0_0_0,inner,1,SA,1,Proj,No_MSF,1800,4216
result_SELECT_10_Z2LatticeGauge2D_PBC_0_0_0,inner,1,SA,1,Proj,No_Top,1800,9048
result_SELECT_10_Heisenberg2D_cylinder_1_0_6,outer,2,random,0,Proj,Yes_Kink,373,2036156
result_SELECT_10_Z2LatticeGauge2D_PBC_0_0_0,inner,1,SA,1,Single,No_Kink,2216,281951
result_SELECT_10_Z2LatticeGauge2D_PBC_0_0_0,inner,1,SA,1,Single,No_MSF,2214,257733
result_SELECT_10_Z2LatticeGauge2D_PBC_0_0_0,inner,1,SA,1,Single,No_Top,2216,262569
result_SELECT_10_Heisenberg2D_cylinder_1_0_6,outer,2,random,0,Single,Yes_Kink,533,1694947
result_SELECT_10_Z2LatticeGauge2D_PBC_0_0_0,inner,1,random,0,Double,No_MSF,2059,239834
result_SELECT_10_Z2LatticeGauge2D_PBC_0_0_0,inner,1,random,0,Double,No_Top,2060,244668
result_SELECT_10_Z2LatticeGauge2D_PBC_0_0_0,inner,1,random,0,Double,No_Kink,2060,305708
result_SELECT_10_Z2LatticeGauge2D_PBC_0_0_0,inner,1,random,0,Double,Yes_Kink,2061,305468
result_SELECT_10_Z2LatticeGauge2D_PBC_0_0_0,inner,1,random,0,Proj,No_MSF,1800,4216
result_SELECT_10_Z2LatticeGauge2D_PBC_0_0_0,inner,1,random,0,Proj,No_Top,1800,9048
result_SELECT_10_Z2LatticeGauge2D_PBC_0_0_0,inner,1,SA,0.01,Proj,No_Kink,1802,878902
result_SELECT_10_Z2LatticeGauge2D_PBC_0_0_0,inner,1,SA,0.01,Proj,Yes_Kink,1805,859828
result_SELECT_10_Z2LatticeGauge2D_PBC_0_0_0,inner,1,random,0,Single,No_MSF,2214,257733
result_SELECT_10_Z2LatticeGauge2D_PBC_0_0_0,inner,1,random,0,Single,No_Top,2216,262569
result_SELECT_10_Z2LatticeGauge2D_PBC_0_0_0,inner,1,random,0,Single,No_Kink,2218,321462
result_SELECT_10_Z2LatticeGauge2D_PBC_0_0_0,inner,2,SA,0.001,Double,No_MSF,2059,239834
result_SELECT_10_Z2LatticeGauge2D_PBC_0_0_0,inner,2,SA,0.001,Double,No_Kink,2060,275892
result_SELECT_10_Z2LatticeGauge2D_PBC_0_0_0,inner,2,SA,0.001,Double,No_Top,2060,244668
result_SELECT_10_Z2LatticeGauge2D_PBC_0_0_0,inner,1,SA,0.1,Proj,No_Kink,1809,831563
result_SELECT_10_Z2LatticeGauge2D_PBC_0_0_0,inner,2,SA,0.001,Proj,No_MSF,1800,4216
result_SELECT_10_Z2LatticeGauge2D_PBC_0_0_0,inner,2,SA,0.001,Double,Yes_Kink,2135,284204
result_SELECT_10_Z2LatticeGauge2D_PBC_0_0_0,inner,2,SA,0.001,Proj,No_Top,1800,9048
result_SELECT_10_Z2LatticeGauge2D_PBC_0_0_0,inner,1,SA,0.1,Proj,Yes_Kink,1807,843517
result_SELECT_10_Z2LatticeGauge2D_PBC_0_0_0,inner,2,SA,0.001,Single,No_Kink,2216,289961
result_SELECT_10_Z2LatticeGauge2D_PBC_0_0_0,inner,2,SA,0.001,Single,No_MSF,2214,257733
result_SELECT_10_Z2LatticeGauge2D_PBC_0_0_0,inner,2,SA,0.001,Single,No_Top,2216,262569
result_SELECT_10_Z2LatticeGauge2D_PBC_0_0_0,inner,2,SA,0.001,Single,Yes_Kink,2216,291031
result_SELECT_10_Z2LatticeGauge2D_PBC_0_0_0,inner,1,SA,1,Proj,No_Kink,1805,777725
result_SELECT_10_Z2LatticeGauge2D_PBC_0_0_0,inner,2,SA,0.01,Double,No_MSF,2059,239834
result_SELECT_10_Z2LatticeGauge2D_PBC_0_0_0,inner,2,SA,0.01,Double,No_Top,2060,244668
result_SELECT_10_Z2LatticeGauge2D_PBC_0_0_0,inner,2,SA,0.01,Double,No_Kink,2060,270043
result_SELECT_10_Z2LatticeGauge2D_PBC_0_0_0,inner,2,SA,0.01,Proj,No_MSF,1800,4216
result_SELECT_10_Z2LatticeGauge2D_PBC_0_0_0,inner,2,SA,0.01,Double,Yes_Kink,2134,278315
result_SELECT_10_Z2LatticeGauge2D_PBC_0_0_0,inner,1,SA,1,Proj,Yes_Kink,1806,790164
result_SELECT_10_Z2LatticeGauge2D_PBC_0_0_0,inner,2,SA,0.01,Proj,No_Top,1800,9048
result_SELECT_10_Z2LatticeGauge2D_PBC_0_0_0,inner,2,SA,0.01,Single,No_MSF,2214,257733
result_SELECT_10_Z2LatticeGauge2D_PBC_0_0_0,inner,2,SA,0.01,Single,No_Top,2216,262569
result_SELECT_10_Z2LatticeGauge2D_PBC_0_0_0,inner,2,SA,0.01,Single,No_Kink,2216,284750
result_SELECT_10_Z2LatticeGauge2D_PBC_0_0_0,inner,2,SA,0.1,Double,No_Kink,2061,268954
result_SELECT_10_Z2LatticeGauge2D_PBC_0_0_0,inner,2,SA,0.1,Double,No_MSF,2059,239834
result_SELECT_10_Z2LatticeGauge2D_PBC_0_0_0,inner,2,SA,0.01,Single,Yes_Kink,2216,285450
result_SELECT_10_Z2LatticeGauge2D_PBC_0_0_0,inner,2,SA,0.1,Double,No_Top,2060,244668
result_SELECT_10_Z2LatticeGauge2D_PBC_0_0_0,inner,2,SA,0.1,Double,Yes_Kink,2062,268801
result_SELECT_10_Z2LatticeGauge2D_PBC_0_0_0,inner,2,SA,0.1,Proj,No_MSF,1800,4216
result_SELECT_10_Z2LatticeGauge2D_PBC_0_0_0,inner,2,SA,0.1,Proj,No_Top,1800,9048
result_SELECT_10_Z2LatticeGauge2D_PBC_0_0_0,inner,1,random,0,Proj,No_Kink,1800,968377
result_SELECT_10_Z2LatticeGauge2D_PBC_0_0_0,inner,1,random,0,Proj,Yes_Kink,1800,952815
result_SELECT_10_Z2LatticeGauge2D_PBC_0_0_0,inner,2,SA,0.1,Single,No_MSF,2214,257733
result_SELECT_10_Z2LatticeGauge2D_PBC_0_0_0,inner,2,SA,0.1,Single,No_Kink,2216,283199
result_SELECT_10_Z2LatticeGauge2D_PBC_0_0_0,inner,2,SA,0.1,Single,No_Top,2216,262569
result_SELECT_10_Z2LatticeGauge2D_PBC_0_0_0,inner,2,SA,0.001,Proj,No_Kink,1806,804777
result_SELECT_10_Z2LatticeGauge2D_PBC_0_0_0,inner,2,SA,0.001,Proj,Yes_Kink,1807,790977
result_SELECT_10_Z2LatticeGauge2D_PBC_0_0_0,inner,2,SA,1,Double,No_MSF,2059,239834
result_SELECT_10_Z2LatticeGauge2D_PBC_0_0_0,inner,2,SA,1,Double,No_Kink,2061,265147
result_SELECT_10_Z2LatticeGauge2D_PBC_0_0_0,inner,2,SA,0.1,Single,Yes_Kink,2216,286813
result_SELECT_10_Z2LatticeGauge2D_PBC_0_0_0,inner,2,SA,1,Double,No_Top,2060,244668
result_SELECT_10_Z2LatticeGauge2D_PBC_0_0_0,inner,2,SA,1,Proj,No_MSF,1800,4216
result_SELECT_10_Z2LatticeGauge2D_PBC_0_0_0,inner,2,SA,1,Proj,No_Top,1800,9048
result_SELECT_10_Z2LatticeGauge2D_PBC_0_0_0,inner,2,SA,1,Double,Yes_Kink,2061,264852
result_SELECT_10_Z2LatticeGauge2D_PBC_0_0_0,inner,2,SA,1,Single,No_MSF,2214,257733
result_SELECT_10_Z2LatticeGauge2D_PBC_0_0_0,inner,2,SA,1,Single,No_Kink,2216,278620
result_SELECT_10_Z2LatticeGauge2D_PBC_0_0_0,inner,2,SA,1,Single,No_Top,2216,262569
result_SELECT_10_Z2LatticeGauge2D_PBC_0_0_0,inner,2,SA,1,Single,Yes_Kink,2216,282935
result_SELECT_10_Z2LatticeGauge2D_PBC_0_0_0,inner,2,random,0,Double,No_MSF,2059,239834
result_SELECT_10_Z2LatticeGauge2D_PBC_0_0_0,inner,2,random,0,Double,No_Top,2060,244668
result_SELECT_10_Z2LatticeGauge2D_PBC_0_0_0,inner,2,random,0,Double,No_Kink,2060,286156
result_SELECT_10_Z2LatticeGauge2D_PBC_0_0_0,inner,2,SA,0.01,Proj,No_Kink,1807,842817
result_SELECT_10_Z2LatticeGauge2D_PBC_0_0_0,inner,2,random,0,Proj,No_MSF,1800,4216
result_SELECT_10_Z2LatticeGauge2D_PBC_0_0_0,inner,2,random,0,Double,Yes_Kink,2061,287088
result_SELECT_10_Z2LatticeGauge2D_PBC_0_0_0,inner,2,random,0,Proj,No_Top,1800,9048
result_SELECT_10_Z2LatticeGauge2D_PBC_0_0_0,inner,2,SA,0.01,Proj,Yes_Kink,1809,821061
result_SELECT_10_Z2LatticeGauge2D_PBC_0_0_0,inner,2,random,0,Single,No_MSF,2214,257733
result_SELECT_10_Z2LatticeGauge2D_PBC_0_0_0,inner,2,random,0,Single,No_Kink,2216,300866
result_SELECT_10_Z2LatticeGauge2D_PBC_0_0_0,inner,2,random,0,Single,No_Top,2216,262569
result_SELECT_10_Z2LatticeGauge2D_PBC_0_0_0,inner,2,SA,0.1,Proj,No_Kink,1801,750393
result_SELECT_10_Z2LatticeGauge2D_PBC_0_0_0,inner,2,SA,0.1,Proj,Yes_Kink,1802,726739
result_SELECT_10_Z2LatticeGauge2D_PBC_0_0_0,inner,2,random,0,Single,Yes_Kink,2216,303384
result_SELECT_10_Z2LatticeGauge2D_PBC_0_0_0,outer,1,SA,0.001,Double,No_Top,2060,244668
result_SELECT_10_Z2LatticeGauge2D_PBC_0_0_0,outer,1,SA,0.001,Double,No_MSF,2059,239834
result_SELECT_10_Z2LatticeGauge2D_PBC_0_0_0,outer,1,SA,0.001,Proj,No_MSF,1800,4216
result_SELECT_10_Z2LatticeGauge2D_PBC_0_0_0,outer,1,SA,0.001,Double,No_Kink,2171,292520
result_SELECT_10_Z2LatticeGauge2D_PBC_0_0_0,outer,1,SA,0.001,Proj,No_Top,1800,9048
result_SELECT_10_Z2LatticeGauge2D_PBC_0_0_0,outer,1,SA,0.001,Double,Yes_Kink,2281,305103
result_SELECT_10_Z2LatticeGauge2D_PBC_0_0_0,outer,1,SA,0.001,Single,No_MSF,2214,257733
result_SELECT_10_Z2LatticeGauge2D_PBC_0_0_0,outer,1,SA,0.001,Single,No_Top,2216,262569
result_SELECT_10_Z2LatticeGauge2D_PBC_0_0_0,outer,1,SA,0.001,Single,No_Kink,2216,293725
result_SELECT_10_Z2LatticeGauge2D_PBC_0_0_0,outer,1,SA,0.01,Double,No_MSF,2059,239834
result_SELECT_10_Z2LatticeGauge2D_PBC_0_0_0,outer,1,SA,0.01,Double,No_Top,2060,244668
result_SELECT_10_Z2LatticeGauge2D_PBC_0_0_0,outer,1,SA,0.01,Double,No_Kink,2061,281477
result_SELECT_10_Z2LatticeGauge2D_PBC_0_0_0,outer,1,SA,0.01,Double,Yes_Kink,2061,280980
result_SELECT_10_Z2LatticeGauge2D_PBC_0_0_0,outer,1,SA,0.01,Proj,No_MSF,1800,4216
result_SELECT_10_Z2LatticeGauge2D_PBC_0_0_0,outer,1,SA,0.01,Proj,No_Top,1800,9048
result_SELECT_10_Z2LatticeGauge2D_PBC_0_0_0,inner,2,SA,1,Proj,Yes_Kink,1800,755845
result_SELECT_10_Z2LatticeGauge2D_PBC_0_0_0,inner,2,SA,1,Proj,No_Kink,1802,754619
result_SELECT_10_Z2LatticeGauge2D_PBC_0_0_0,outer,1,SA,0.01,Single,No_MSF,2214,257733
result_SELECT_10_Z2LatticeGauge2D_PBC_0_0_0,outer,1,SA,0.01,Single,No_Top,2216,262569
result_SELECT_10_Z2LatticeGauge2D_PBC_0_0_0,outer,1,SA,0.01,Single,No_Kink,2216,294829
result_SELECT_10_Z2LatticeGauge2D_PBC_0_0_0,outer,1,SA,0.1,Double,No_MSF,2059,239834
result_SELECT_10_Z2LatticeGauge2D_PBC_0_0_0,outer,1,SA,0.1,Double,No_Top,2060,244668
result_SELECT_10_Z2LatticeGauge2D_PBC_0_0_0,outer,1,SA,0.1,Double,No_Kink,2061,279079
result_SELECT_10_Z2LatticeGauge2D_PBC_0_0_0,outer,1,SA,0.1,Double,Yes_Kink,2061,278625
result_SELECT_10_Z2LatticeGauge2D_PBC_0_0_0,outer,1,SA,0.1,Proj,No_MSF,1800,4216
result_SELECT_10_Z2LatticeGauge2D_PBC_0_0_0,outer,1,SA,0.1,Proj,No_Top,1800,9048
result_SELECT_10_Z2LatticeGauge2D_PBC_0_0_0,inner,2,random,0,Proj,No_Kink,1800,958539
result_SELECT_10_Z2LatticeGauge2D_PBC_0_0_0,outer,1,SA,0.1,Single,No_Kink,2216,292911
result_SELECT_10_Z2LatticeGauge2D_PBC_0_0_0,outer,1,SA,0.1,Single,No_MSF,2214,257733
result_SELECT_10_Z2LatticeGauge2D_PBC_0_0_0,outer,1,SA,0.1,Single,No_Top,2216,262569
result_SELECT_10_Z2LatticeGauge2D_PBC_0_0_0,outer,1,SA,1,Double,No_Kink,2061,272422
result_SELECT_10_Z2LatticeGauge2D_PBC_0_0_0,outer,1,SA,1,Double,No_MSF,2059,239834
result_SELECT_10_Z2LatticeGauge2D_PBC_0_0_0,inner,2,random,0,Proj,Yes_Kink,1800,949187
result_SELECT_10_Z2LatticeGauge2D_PBC_0_0_0,outer,1,SA,1,Double,No_Top,2060,244668
result_SELECT_10_Z2LatticeGauge2D_PBC_0_0_0,outer,1,SA,0.001,Proj,Yes_Kink,1803,888520
result_SELECT_10_Z2LatticeGauge2D_PBC_0_0_0,outer,1,SA,1,Proj,No_MSF,1800,4216
result_SELECT_10_Z2LatticeGauge2D_PBC_0_0_0,outer,1,SA,0.001,Proj,No_Kink,1802,878326
result_SELECT_10_Z2LatticeGauge2D_PBC_0_0_0,outer,1,SA,1,Double,Yes_Kink,2061,272087
result_SELECT_10_Z2LatticeGauge2D_PBC_0_0_0,outer,1,SA,1,Proj,No_Top,1800,9048
result_SELECT_10_Z2LatticeGauge2D_PBC_0_0_0,outer,1,SA,1,Single,No_MSF,2214,257733
result_SELECT_10_Z2LatticeGauge2D_PBC_0_0_0,outer,1,SA,1,Single,No_Top,2216,262569
result_SELECT_10_Z2LatticeGauge2D_PBC_0_0_0,outer,1,SA,1,Single,No_Kink,2216,286513
result_SELECT_10_Z2LatticeGauge2D_PBC_0_0_0,outer,1,random,0,Double,No_MSF,2059,239834
result_SELECT_10_Z2LatticeGauge2D_PBC_0_0_0,outer,1,random,0,Double,No_Top,2060,244668
result_SELECT_10_Z2LatticeGauge2D_PBC_0_0_0,outer,1,SA,0.01,Proj,No_Kink,1802,918501
result_SELECT_10_Z2LatticeGauge2D_PBC_0_0_0,outer,1,random,0,Double,No_Kink,2071,309943
result_SELECT_10_Z2LatticeGauge2D_PBC_0_0_0,outer,1,random,0,Proj,No_MSF,1800,4216
result_SELECT_10_Z2LatticeGauge2D_PBC_0_0_0,outer,1,random,0,Proj,No_Top,1800,9048
result_SELECT_10_Z2LatticeGauge2D_PBC_0_0_0,outer,1,SA,0.01,Proj,Yes_Kink,1802,923878
result_SELECT_10_Z2LatticeGauge2D_PBC_0_0_0,outer,1,random,0,Double,Yes_Kink,2085,311533
result_SELECT_10_Z2LatticeGauge2D_PBC_0_0_0,outer,1,random,0,Single,No_MSF,2214,257733
result_SELECT_10_Z2LatticeGauge2D_PBC_0_0_0,outer,1,random,0,Single,No_Kink,2216,324217
result_SELECT_10_Z2LatticeGauge2D_PBC_0_0_0,outer,1,random,0,Single,No_Top,2216,262569
result_SELECT_10_Z2LatticeGauge2D_PBC_0_0_0,outer,2,SA,0.001,Double,No_MSF,2059,239834
result_SELECT_10_Z2LatticeGauge2D_PBC_0_0_0,outer,2,SA,0.001,Double,No_Kink,2069,273905
result_SELECT_10_Z2LatticeGauge2D_PBC_0_0_0,outer,2,SA,0.001,Double,No_Top,2060,244668
result_SELECT_10_Z2LatticeGauge2D_PBC_0_0_0,outer,1,SA,0.1,Proj,No_Kink,1803,877410
result_SELECT_10_Z2LatticeGauge2D_PBC_0_0_0,outer,2,SA,0.001,Double,Yes_Kink,2099,276132
result_SELECT_10_Z2LatticeGauge2D_PBC_0_0_0,outer,2,SA,0.001,Proj,No_MSF,1800,4216
result_SELECT_10_Z2LatticeGauge2D_PBC_0_0_0,outer,2,SA,0.001,Proj,No_Top,1800,9048
result_SELECT_10_Z2LatticeGauge2D_PBC_0_0_0,outer,2,SA,0.001,Single,No_Kink,2216,287196
result_SELECT_10_Z2LatticeGauge2D_PBC_0_0_0,outer,2,SA,0.001,Single,No_MSF,2214,257733
result_SELECT_10_Z2LatticeGauge2D_PBC_0_0_0,outer,2,SA,0.001,Single,No_Top,2216,262569
result_SELECT_10_Z2LatticeGauge2D_PBC_0_0_0,outer,1,SA,0.1,Proj,Yes_Kink,1805,897579
result_SELECT_10_Z2LatticeGauge2D_PBC_0_0_0,outer,2,SA,0.001,Single,Yes_Kink,2216,289766
result_SELECT_10_Z2LatticeGauge2D_PBC_0_0_0,outer,2,SA,0.01,Double,No_MSF,2059,239834
result_SELECT_10_Z2LatticeGauge2D_PBC_0_0_0,outer,2,SA,0.01,Double,No_Top,2060,244668
result_SELECT_10_Z2LatticeGauge2D_PBC_0_0_0,outer,2,SA,0.01,Double,No_Kink,2061,273321
result_SELECT_10_Z2LatticeGauge2D_PBC_0_0_0,outer,2,SA,0.01,Double,Yes_Kink,2135,281123
result_SELECT_10_Z2LatticeGauge2D_PBC_0_0_0,outer,2,SA,0.01,Proj,No_MSF,1800,4216
result_SELECT_10_Z2LatticeGauge2D_PBC_0_0_0,outer,2,SA,0.01,Proj,No_Top,1800,9048
result_SELECT_10_Z2LatticeGauge2D_PBC_0_0_0,outer,1,SA,1,Proj,Yes_Kink,1801,779716
result_SELECT_10_Z2LatticeGauge2D_PBC_0_0_0,outer,1,SA,1,Proj,No_Kink,1800,795579
result_SELECT_10_Z2LatticeGauge2D_PBC_0_0_0,outer,2,SA,0.01,Single,No_Kink,2216,287181
result_SELECT_10_Z2LatticeGauge2D_PBC_0_0_0,outer,2,SA,0.01,Single,No_MSF,2214,257733
result_SELECT_10_Z2LatticeGauge2D_PBC_0_0_0,outer,2,SA,0.01,Single,No_Top,2216,262569
result_SELECT_10_Z2LatticeGauge2D_PBC_0_0_0,outer,2,SA,0.01,Single,Yes_Kink,2216,289365
result_SELECT_10_Z2LatticeGauge2D_PBC_0_0_0,outer,2,SA,0.1,Double,No_MSF,2059,239834
result_SELECT_10_Z2LatticeGauge2D_PBC_0_0_0,outer,2,SA,0.1,Double,No_Kink,2064,271883
result_SELECT_10_Z2LatticeGauge2D_PBC_0_0_0,outer,2,SA,0.1,Double,No_Top,2060,244668
result_SELECT_10_Z2LatticeGauge2D_PBC_0_0_0,outer,2,SA,0.1,Double,Yes_Kink,2074,271981
result_SELECT_10_Z2LatticeGauge2D_PBC_0_0_0,outer,2,SA,0.1,Proj,No_MSF,1800,4216
result_SELECT_10_Z2LatticeGauge2D_PBC_0_0_0,outer,2,SA,0.1,Proj,No_Top,1800,9048
result_SELECT_10_Z2LatticeGauge2D_PBC_0_0_0,outer,1,random,0,Proj,Yes_Kink,1801,942924
result_SELECT_10_Z2LatticeGauge2D_PBC_0_0_0,outer,1,random,0,Proj,No_Kink,1801,971165
result_SELECT_10_Z2LatticeGauge2D_PBC_0_0_0,outer,2,SA,0.1,Single,No_Kink,2216,285709
result_SELECT_10_Z2LatticeGauge2D_PBC_0_0_0,outer,2,SA,0.1,Single,No_MSF,2214,257733
result_SELECT_10_Z2LatticeGauge2D_PBC_0_0_0,outer,2,SA,0.1,Single,No_Top,2216,262569
result_SELECT_10_Z2LatticeGauge2D_PBC_0_0_0,outer,2,SA,0.001,Proj,No_Kink,1802,851189
result_SELECT_10_Z2LatticeGauge2D_PBC_0_0_0,outer,2,SA,0.1,Single,Yes_Kink,2216,288178
result_SELECT_10_Z2LatticeGauge2D_PBC_0_0_0,outer,2,SA,1,Double,No_MSF,2059,239834
result_SELECT_10_Z2LatticeGauge2D_PBC_0_0_0,outer,2,SA,1,Double,No_Kink,2061,267441
result_SELECT_10_Z2LatticeGauge2D_PBC_0_0_0,outer,2,SA,1,Double,No_Top,2060,244668
result_SELECT_10_Z2LatticeGauge2D_PBC_0_0_0,outer,2,SA,1,Proj,No_MSF,1800,4216
result_SELECT_10_Z2LatticeGauge2D_PBC_0_0_0,outer,2,SA,1,Proj,No_Top,1800,9048
result_SELECT_10_Z2LatticeGauge2D_PBC_0_0_0,outer,2,SA,1,Double,Yes_Kink,2061,266307
result_SELECT_10_Z2LatticeGauge2D_PBC_0_0_0,outer,2,SA,0.001,Proj,Yes_Kink,1802,873720
result_SELECT_10_Z2LatticeGauge2D_PBC_0_0_0,outer,2,SA,1,Single,No_Kink,2216,281566
result_SELECT_10_Z2LatticeGauge2D_PBC_0_0_0,outer,2,SA,1,Single,No_MSF,2214,257733
result_SELECT_10_Z2LatticeGauge2D_PBC_0_0_0,outer,2,SA,1,Single,No_Top,2216,262569
result_SELECT_10_Z2LatticeGauge2D_PBC_0_0_0,outer,2,SA,1,Single,Yes_Kink,2216,283646
result_SELECT_10_Z2LatticeGauge2D_PBC_0_0_0,outer,2,random,0,Double,No_MSF,2059,239834
result_SELECT_10_Z2LatticeGauge2D_PBC_0_0_0,outer,2,random,0,Double,No_Top,2060,244668
result_SELECT_10_Z2LatticeGauge2D_PBC_0_0_0,outer,2,random,0,Double,No_Kink,2061,292919
result_SELECT_10_Z2LatticeGauge2D_PBC_0_0_0,outer,2,random,0,Double,Yes_Kink,2064,293404
result_SELECT_10_Z2LatticeGauge2D_PBC_0_0_0,outer,2,random,0,Proj,No_MSF,1800,4216
result_SELECT_10_Z2LatticeGauge2D_PBC_0_0_0,outer,2,random,0,Proj,No_Top,1800,9048
result_SELECT_10_Z2LatticeGauge2D_PBC_0_0_0,outer,2,SA,0.01,Proj,Yes_Kink,1803,884295
result_SELECT_10_Z2LatticeGauge2D_PBC_0_0_0,outer,2,SA,0.01,Proj,No_Kink,1803,890378
result_SELECT_10_Z2LatticeGauge2D_PBC_0_0_0,outer,2,random,0,Single,No_MSF,2214,257733
result_SELECT_10_Z2LatticeGauge2D_PBC_0_0_0,outer,2,random,0,Single,No_Top,2216,262569
result_SELECT_10_Z2LatticeGauge2D_PBC_0_0_0,outer,2,random,0,Single,No_Kink,2216,307677
result_SELECT_10_Z2LatticeGauge2D_PBC_0_0_0,outer,2,random,0,Single,Yes_Kink,2216,310207
result_SELECT_10_Z2LatticeGauge2D_PBC_0_0_1,inner,1,SA,0.001,Double,No_Kink,1159,162913
result_SELECT_10_Z2LatticeGauge2D_PBC_0_0_1,inner,1,SA,0.001,Double,No_MSF,1158,118066
result_SELECT_10_Z2LatticeGauge2D_PBC_0_0_1,inner,1,SA,0.001,Double,No_Top,1159,122982
result_SELECT_10_Z2LatticeGauge2D_PBC_0_0_1,inner,1,SA,0.001,Double,Yes_Kink,1161,162870
result_SELECT_10_Z2LatticeGauge2D_PBC_0_0_1,inner,1,SA,0.001,Proj,No_MSF,1050,4288
result_SELECT_10_Z2LatticeGauge2D_PBC_0_0_1,inner,1,SA,0.001,Proj,No_Top,1050,9184
result_SELECT_10_Z2LatticeGauge2D_PBC_0_0_0,outer,2,SA,1,Proj,No_Kink,1800,778658
result_SELECT_10_Z2LatticeGauge2D_PBC_0_0_0,outer,2,SA,1,Proj,Yes_Kink,1800,768451
result_SELECT_10_Z2LatticeGauge2D_PBC_0_0_0,outer,2,SA,0.1,Proj,No_Kink,1801,857226
result_SELECT_10_Z2LatticeGauge2D_PBC_0_0_0,outer,2,SA,0.1,Proj,Yes_Kink,1800,865899
result_SELECT_10_Z2LatticeGauge2D_PBC_0_0_1,inner,1,SA,0.001,Single,No_MSF,1240,126227
result_SELECT_10_Z2LatticeGauge2D_PBC_0_0_1,inner,1,SA,0.001,Single,No_Top,1241,131127
result_SELECT_10_Z2LatticeGauge2D_PBC_0_0_1,inner,1,SA,0.01,Double,No_MSF,1158,118066
result_SELECT_10_Z2LatticeGauge2D_PBC_0_0_1,inner,1,SA,0.001,Single,No_Kink,1242,167324
result_SELECT_10_Z2LatticeGauge2D_PBC_0_0_1,inner,1,SA,0.01,Double,No_Top,1159,122982
result_SELECT_10_Z2LatticeGauge2D_PBC_0_0_1,inner,1,SA,0.01,Proj,No_MSF,1050,4288
result_SELECT_10_Z2LatticeGauge2D_PBC_0_0_1,inner,1,SA,0.01,Double,No_Kink,1160,157741
result_SELECT_10_Z2LatticeGauge2D_PBC_0_0_1,inner,1,SA,0.01,Double,Yes_Kink,1159,158093
result_SELECT_10_Z2LatticeGauge2D_PBC_0_0_1,inner,1,SA,0.01,Proj,No_Top,1050,9184
result_SELECT_10_Z2LatticeGauge2D_PBC_0_0_1,inner,1,SA,0.01,Single,No_MSF,1240,126227
result_SELECT_10_Z2LatticeGauge2D_PBC_0_0_1,inner,1,SA,0.01,Single,No_Top,1241,131127
result_SELECT_10_Z2LatticeGauge2D_PBC_0_0_1,inner,1,SA,0.01,Single,No_Kink,1242,162195
result_SELECT_10_Z2LatticeGauge2D_PBC_0_0_1,inner,1,SA,0.1,Double,No_MSF,1158,118066
result_SELECT_10_Z2LatticeGauge2D_PBC_0_0_1,inner,1,SA,0.1,Double,No_Top,1159,122982
result_SELECT_10_Z2LatticeGauge2D_PBC_0_0_1,inner,1,SA,0.1,Double,No_Kink,1159,157505
result_SELECT_10_Z2LatticeGauge2D_PBC_0_0_1,inner,1,SA,0.1,Double,Yes_Kink,1161,158373
result_SELECT_10_Z2LatticeGauge2D_PBC_0_0_1,inner,1,SA,0.1,Proj,No_MSF,1050,4288
result_SELECT_10_Z2LatticeGauge2D_PBC_0_0_1,inner,1,SA,0.1,Proj,No_Top,1050,9184
result_SELECT_10_Z2LatticeGauge2D_PBC_0_0_1,inner,1,SA,0.001,Proj,No_Kink,1059,520645
result_SELECT_10_Z2LatticeGauge2D_PBC_0_0_1,inner,1,SA,0.1,Single,No_Kink,1242,162696
result_SELECT_10_Z2LatticeGauge2D_PBC_0_0_0,outer,2,random,0,Proj,No_Kink,1800,970021
result_SELECT_10_Z2LatticeGauge2D_PBC_0_0_1,inner,1,SA,0.1,Single,No_MSF,1240,126227
result_SELECT_10_Z2LatticeGauge2D_PBC_0_0_1,inner,1,SA,0.1,Single,No_Top,1241,131127
result_SELECT_10_Z2LatticeGauge2D_PBC_0_0_1,inner,1,SA,0.001,Proj,Yes_Kink,1059,519082
result_SELECT_10_Z2LatticeGauge2D_PBC_0_0_1,inner,1,SA,1,Double,No_MSF,1158,118066
result_SELECT_10_Z2LatticeGauge2D_PBC_0_0_1,inner,1,SA,1,Double,No_Top,1159,122982
result_SELECT_10_Z2LatticeGauge2D_PBC_0_0_1,inner,1,SA,1,Double,No_Kink,1159,151770
result_SELECT_10_Z2LatticeGauge2D_PBC_0_0_0,outer,2,random,0,Proj,Yes_Kink,1800,941783
result_SELECT_10_Z2LatticeGauge2D_PBC_0_0_1,inner,1,SA,1,Proj,No_MSF,1050,4288
result_SELECT_10_Z2LatticeGauge2D_PBC_0_0_1,inner,1,SA,1,Proj,No_Top,1050,9184
result_SELECT_10_Z2LatticeGauge2D_PBC_0_0_1,inner,1,SA,1,Double,Yes_Kink,1161,152630
result_SELECT_10_Z2LatticeGauge2D_PBC_0_0_1,inner,1,SA,1,Single,No_MSF,1240,126227
result_SELECT_10_Z2LatticeGauge2D_PBC_0_0_1,inner,1,SA,1,Single,No_Kink,1242,156477
result_SELECT_10_Z2LatticeGauge2D_PBC_0_0_1,inner,1,SA,1,Single,No_Top,1241,131127
result_SELECT_10_Z2LatticeGauge2D_PBC_0_0_1,inner,1,SA,0.01,Proj,No_Kink,1059,506317
result_SELECT_10_Z2LatticeGauge2D_PBC_0_0_1,inner,1,random,0,Double,No_MSF,1158,118066
result_SELECT_10_Z2LatticeGauge2D_PBC_0_0_1,inner,1,random,0,Double,No_Top,1159,122982
result_SELECT_10_Z2LatticeGauge2D_PBC_0_0_1,inner,1,SA,0.01,Proj,Yes_Kink,1062,499776
result_SELECT_10_Z2LatticeGauge2D_PBC_0_0_1,inner,1,random,0,Double,No_Kink,1159,173498
result_SELECT_10_Z2LatticeGauge2D_PBC_0_0_1,inner,1,random,0,Proj,No_MSF,1050,4288
result_SELECT_10_Z2LatticeGauge2D_PBC_0_0_1,inner,1,random,0,Double,Yes_Kink,1163,174343
result_SELECT_10_Z2LatticeGauge2D_PBC_0_0_1,inner,1,random,0,Proj,No_Top,1050,9184
result_SELECT_10_Z2LatticeGauge2D_PBC_0_0_1,inner,1,random,0,Single,No_MSF,1240,126227
result_SELECT_10_Z2LatticeGauge2D_PBC_0_0_1,inner,1,random,0,Single,No_Top,1241,131127
result_SELECT_10_Z2LatticeGauge2D_PBC_0_0_1,inner,1,random,0,Single,No_Kink,1243,180017
result_SELECT_10_Z2LatticeGauge2D_PBC_0_0_1,inner,2,SA,0.001,Double,No_Kink,1165,154355
result_SELECT_10_Z2LatticeGauge2D_PBC_0_0_1,inner,1,SA,0.1,Proj,No_Kink,1060,515813
result_SELECT_10_Z2LatticeGauge2D_PBC_0_0_1,inner,2,SA,0.001,Double,No_MSF,1158,118066
result_SELECT_10_Z2LatticeGauge2D_PBC_0_0_1,inner,2,SA,0.001,Double,No_Top,1159,122982
result_SELECT_10_Z2LatticeGauge2D_PBC_0_0_1,inner,2,SA,0.001,Double,Yes_Kink,1197,156566
result_SELECT_10_Z2LatticeGauge2D_PBC_0_0_1,inner,2,SA,0.001,Proj,No_MSF,1050,4288
result_SELECT_10_Z2LatticeGauge2D_PBC_0_0_1,inner,1,SA,0.1,Proj,Yes_Kink,1060,512517
result_SELECT_10_Z2LatticeGauge2D_PBC_0_0_1,inner,2,SA,0.001,Proj,No_Top,1050,9184
result_SELECT_10_Z2LatticeGauge2D_PBC_0_0_1,inner,2,SA,0.001,Single,No_MSF,1240,126227
result_SELECT_10_Z2LatticeGauge2D_PBC_0_0_1,inner,2,SA,0.001,Single,No_Kink,1241,158298
result_SELECT_10_Z2LatticeGauge2D_PBC_0_0_1,inner,2,SA,0.001,Single,No_Top,1241,131127
result_SELECT_10_Z2LatticeGauge2D_PBC_0_0_1,inner,1,SA,1,Proj,No_Kink,1059,474437
result_SELECT_10_Z2LatticeGauge2D_PBC_0_0_1,inner,2,SA,0.01,Double,No_Kink,1159,149916
result_SELECT_10_Z2LatticeGauge2D_PBC_0_0_1,inner,2,SA,0.001,Single,Yes_Kink,1241,159502
result_SELECT_10_Z2LatticeGauge2D_PBC_0_0_1,inner,2,SA,0.01,Double,No_MSF,1158,118066
result_SELECT_10_Z2LatticeGauge2D_PBC_0_0_1,inner,2,SA,0.01,Double,No_Top,1159,122982
result_SELECT_10_Z2LatticeGauge2D_PBC_0_0_1,inner,2,SA,0.01,Proj,No_MSF,1050,4288
result_SELECT_10_Z2LatticeGauge2D_PBC_0_0_1,inner,2,SA,0.01,Double,Yes_Kink,1196,153596
result_SELECT_10_Z2LatticeGauge2D_PBC_0_0_1,inner,2,SA,0.01,Proj,No_Top,1050,9184
result_SELECT_10_Z2LatticeGauge2D_PBC_0_0_1,inner,1,SA,1,Proj,Yes_Kink,1060,469927
result_SELECT_10_Z2LatticeGauge2D_PBC_0_0_1,inner,2,SA,0.01,Single,No_MSF,1240,126227
result_SELECT_10_Z2LatticeGauge2D_PBC_0_0_1,inner,2,SA,0.01,Single,No_Top,1241,131127
result_SELECT_10_Z2LatticeGauge2D_PBC_0_0_1,inner,2,SA,0.01,Single,No_Kink,1242,154548
result_SELECT_10_Z2LatticeGauge2D_PBC_0_0_1,inner,2,SA,0.01,Single,Yes_Kink,1242,156245
result_SELECT_10_Z2LatticeGauge2D_PBC_0_0_1,inner,2,SA,0.1,Double,No_Kink,1160,147998
result_SELECT_10_Z2LatticeGauge2D_PBC_0_0_1,inner,2,SA,0.1,Double,No_MSF,1158,118066
result_SELECT_10_Z2LatticeGauge2D_PBC_0_0_1,inner,2,SA,0.1,Double,No_Top,1159,122982
result_SELECT_10_Z2LatticeGauge2D_PBC_0_0_1,inner,1,random,0,Proj,No_Kink,1057,561585
result_SELECT_10_Z2LatticeGauge2D_PBC_0_0_1,inner,2,SA,0.1,Double,Yes_Kink,1160,147623
result_SELECT_10_Z2LatticeGauge2D_PBC_0_0_1,inner,2,SA,0.1,Proj,No_MSF,1050,4288
result_SELECT_10_Z2LatticeGauge2D_PBC_0_0_1,inner,2,SA,0.1,Proj,No_Top,1050,9184
result_SELECT_10_Z2LatticeGauge2D_PBC_0_0_1,inner,1,random,0,Proj,Yes_Kink,1061,556089
result_SELECT_10_Z2LatticeGauge2D_PBC_0_0_1,inner,2,SA,0.1,Single,No_MSF,1240,126227
result_SELECT_10_Z2LatticeGauge2D_PBC_0_0_1,inner,2,SA,0.1,Single,No_Kink,1241,152585
result_SELECT_10_Z2LatticeGauge2D_PBC_0_0_1,inner,2,SA,0.1,Single,No_Top,1241,131127
result_SELECT_10_Z2LatticeGauge2D_PBC_0_0_1,inner,2,SA,0.001,Proj,No_Kink,1055,490654
result_SELECT_10_Z2LatticeGauge2D_PBC_0_0_1,inner,2,SA,1,Double,No_MSF,1158,118066
result_SELECT_10_Z2LatticeGauge2D_PBC_0_0_1,inner,2,SA,1,Double,No_Kink,1160,144393
result_SELECT_10_Z2LatticeGauge2D_PBC_0_0_1,inner,2,SA,0.1,Single,Yes_Kink,1241,156067
result_SELECT_10_Z2LatticeGauge2D_PBC_0_0_1,inner,2,SA,1,Double,No_Top,1159,122982
result_SELECT_10_Z2LatticeGauge2D_PBC_0_0_1,inner,2,SA,1,Proj,No_MSF,1050,4288
result_SELECT_10_Z2LatticeGauge2D_PBC_0_0_1,inner,2,SA,0.001,Proj,Yes_Kink,1055,497729
result_SELECT_10_Z2LatticeGauge2D_PBC_0_0_1,inner,2,SA,1,Double,Yes_Kink,1160,144216
result_SELECT_10_Z2LatticeGauge2D_PBC_0_0_1,inner,2,SA,1,Proj,No_Top,1050,9184
result_SELECT_10_Z2LatticeGauge2D_PBC_0_0_1,inner,2,SA,1,Single,No_MSF,1240,126227
result_SELECT_10_Z2LatticeGauge2D_PBC_0_0_1,inner,2,SA,1,Single,No_Kink,1242,148722
result_SELECT_10_Z2LatticeGauge2D_PBC_0_0_1,inner,2,SA,1,Single,No_Top,1241,131127
result_SELECT_10_Z2LatticeGauge2D_PBC_0_0_1,inner,2,SA,0.01,Proj,No_Kink,1055,481213
result_SELECT_10_Z2LatticeGauge2D_PBC_0_0_1,inner,2,random,0,Double,No_MSF,1158,118066
result_SELECT_10_Z2LatticeGauge2D_PBC_0_0_1,inner,2,SA,1,Single,Yes_Kink,1242,152478
result_SELECT_10_Z2LatticeGauge2D_PBC_0_0_1,inner,2,random,0,Double,No_Top,1159,122982
result_SELECT_10_Z2LatticeGauge2D_PBC_0_0_1,inner,2,random,0,Double,No_Kink,1177,162635
result_SELECT_10_Z2LatticeGauge2D_PBC_0_0_1,inner,2,SA,0.01,Proj,Yes_Kink,1056,470420
result_SELECT_10_Z2LatticeGauge2D_PBC_0_0_1,inner,2,random,0,Proj,No_MSF,1050,4288
result_SELECT_10_Z2LatticeGauge2D_PBC_0_0_1,inner,2,random,0,Proj,No_Top,1050,9184
result_SELECT_10_Z2LatticeGauge2D_PBC_0_0_1,inner,2,random,0,Double,Yes_Kink,1202,165348
result_SELECT_10_Z2LatticeGauge2D_PBC_0_0_1,inner,2,random,0,Single,No_MSF,1240,126227
result_SELECT_10_Z2LatticeGauge2D_PBC_0_0_1,inner,2,SA,0.1,Proj,No_Kink,1055,452051
result_SELECT_10_Z2LatticeGauge2D_PBC_0_0_1,inner,2,random,0,Single,No_Top,1241,131127
result_SELECT_10_Z2LatticeGauge2D_PBC_0_0_1,inner,2,random,0,Single,No_Kink,1241,165312
result_SELECT_10_Z2LatticeGauge2D_PBC_0_0_1,outer,1,SA,0.001,Double,No_MSF,1158,118066
result_SELECT_10_Z2LatticeGauge2D_PBC_0_0_1,outer,1,SA,0.001,Double,No_Top,1159,122982
result_SELECT_10_Z2LatticeGauge2D_PBC_0_0_1,inner,2,random,0,Single,Yes_Kink,1241,167115
result_SELECT_10_Z2LatticeGauge2D_PBC_0_0_1,inner,2,SA,0.1,Proj,Yes_Kink,1057,440075
result_SELECT_10_Z2LatticeGauge2D_PBC_0_0_1,outer,1,SA,0.001,Proj,No_MSF,1050,4288
result_SELECT_10_Z2LatticeGauge2D_PBC_0_0_1,outer,1,SA,0.001,Double,No_Kink,1161,158951
result_SELECT_10_Z2LatticeGauge2D_PBC_0_0_1,outer,1,SA,0.001,Proj,No_Top,1050,9184
result_SELECT_10_Z2LatticeGauge2D_PBC_0_0_1,outer,1,SA,0.001,Double,Yes_Kink,1162,157974
result_SELECT_10_Z2LatticeGauge2D_PBC_0_0_1,outer,1,SA,0.001,Single,No_MSF,1240,126227
result_SELECT_10_Z2LatticeGauge2D_PBC_0_0_1,outer,1,SA,0.001,Single,No_Top,1241,131127
result_SELECT_10_Z2LatticeGauge2D_PBC_0_0_1,outer,1,SA,0.001,Single,No_Kink,1242,163910
result_SELECT_10_Z2LatticeGauge2D_PBC_0_0_1,outer,1,SA,0.01,Double,No_MSF,1158,118066
result_SELECT_10_Z2LatticeGauge2D_PBC_0_0_1,outer,1,SA,0.01,Double,No_Top,1159,122982
result_SELECT_10_Z2LatticeGauge2D_PBC_0_0_1,inner,2,SA,1,Proj,Yes_Kink,1056,425416
result_SELECT_10_Z2LatticeGauge2D_PBC_0_0_1,outer,1,SA,0.01,Double,No_Kink,1160,156762
result_SELECT_10_Z2LatticeGauge2D_PBC_0_0_1,inner,2,SA,1,Proj,No_Kink,1054,435714
result_SELECT_10_Z2LatticeGauge2D_PBC_0_0_1,outer,1,SA,0.01,Proj,No_Top,1050,9184
result_SELECT_10_Z2LatticeGauge2D_PBC_0_0_1,outer,1,SA,0.01,Proj,No_MSF,1050,4288
result_SELECT_10_Z2LatticeGauge2D_PBC_0_0_1,outer,1,SA,0.01,Double,Yes_Kink,1161,155605
result_SELECT_10_Z2LatticeGauge2D_PBC_0_0_1,outer,1,SA,0.01,Single,No_MSF,1240,126227
result_SELECT_10_Z2LatticeGauge2D_PBC_0_0_1,outer,1,SA,0.01,Single,No_Top,1241,131127
result_SELECT_10_Z2LatticeGauge2D_PBC_0_0_1,outer,1,SA,0.01,Single,No_Kink,1241,161655
result_SELECT_10_Z2LatticeGauge2D_PBC_0_0_1,outer,1,SA,0.1,Double,No_MSF,1158,118066
result_SELECT_10_Z2LatticeGauge2D_PBC_0_0_1,outer,1,SA,0.1,Double,No_Kink,1159,156525
result_SELECT_10_Z2LatticeGauge2D_PBC_0_0_1,outer,1,SA,0.1,Double,No_Top,1159,122982
result_SELECT_10_Z2LatticeGauge2D_PBC_0_0_1,outer,1,SA,0.1,Double,Yes_Kink,1159,155943
result_SELECT_10_Z2LatticeGauge2D_PBC_0_0_1,outer,1,SA,0.1,Proj,No_MSF,1050,4288
result_SELECT_10_Z2LatticeGauge2D_PBC_0_0_1,outer,1,SA,0.1,Proj,No_Top,1050,9184
result_SELECT_10_Z2LatticeGauge2D_PBC_0_0_1,inner,2,random,0,Proj,No_Kink,1053,565052
result_SELECT_10_Z2LatticeGauge2D_PBC_0_0_1,inner,2,random,0,Proj,Yes_Kink,1052,552094
result_SELECT_10_Z2LatticeGauge2D_PBC_0_0_1,outer,1,SA,0.1,Single,No_MSF,1240,126227
result_SELECT_10_Z2LatticeGauge2D_PBC_0_0_1,outer,1,SA,0.1,Single,No_Top,1241,131127
result_SELECT_10_Z2LatticeGauge2D_PBC_0_0_1,outer,1,SA,0.1,Single,No_Kink,1241,161298
result_SELECT_10_Z2LatticeGauge2D_PBC_0_0_1,outer,1,SA,1,Double,No_MSF,1158,118066
result_SELECT_10_Z2LatticeGauge2D_PBC_0_0_1,outer,1,SA,0.001,Proj,No_Kink,1054,546240
result_SELECT_10_Z2LatticeGauge2D_PBC_0_0_1,outer,1,SA,1,Double,No_Top,1159,122982
result_SELECT_10_Z2LatticeGauge2D_PBC_0_0_1,outer,1,SA,1,Double,No_Kink,1160,149754
result_SELECT_10_Z2LatticeGauge2D_PBC_0_0_1,outer,1,SA,1,Proj,No_MSF,1050,4288
result_SELECT_10_Z2LatticeGauge2D_PBC_0_0_1,outer,1,SA,1,Double,Yes_Kink,1160,149295
result_SELECT_10_Z2LatticeGauge2D_PBC_0_0_1,outer,1,SA,1,Proj,No_Top,1050,9184
result_SELECT_10_Z2LatticeGauge2D_PBC_0_0_1,outer,1,SA,0.001,Proj,Yes_Kink,1056,549472
result_SELECT_10_Z2LatticeGauge2D_PBC_0_0_1,outer,1,SA,1,Single,No_MSF,1240,126227
result_SELECT_10_Z2LatticeGauge2D_PBC_0_0_1,outer,1,SA,0.01,Proj,No_Kink,1055,502672
result_SELECT_10_Z2LatticeGauge2D_PBC_0_0_1,outer,1,SA,1,Single,No_Kink,1241,154209
result_SELECT_10_Z2LatticeGauge2D_PBC_0_0_1,outer,1,SA,1,Single,No_Top,1241,131127
result_SELECT_10_Z2LatticeGauge2D_PBC_0_0_1,outer,1,SA,0.01,Proj,Yes_Kink,1055,515675
result_SELECT_10_Z2LatticeGauge2D_PBC_0_0_1,outer,1,random,0,Double,No_MSF,1158,118066
result_SELECT_10_Z2LatticeGauge2D_PBC_0_0_1,outer,1,random,0,Double,No_Top,1159,122982
result_SELECT_10_Z2LatticeGauge2D_PBC_0_0_1,outer,1,random,0,Proj,No_MSF,1050,4288
result_SELECT_10_Z2LatticeGauge2D_PBC_0_0_1,outer,1,random,0,Proj,No_Top,1050,9184
result_SELECT_10_Z2LatticeGauge2D_PBC_0_0_1,outer,1,random,0,Double,No_Kink,1160,177696
result_SELECT_10_Z2LatticeGauge2D_PBC_0_0_1,outer,1,random,0,Double,Yes_Kink,1160,177587
result_SELECT_10_Z2LatticeGauge2D_PBC_0_0_1,outer,1,random,0,Single,No_MSF,1240,126227
result_SELECT_10_Z2LatticeGauge2D_PBC_0_0_1,outer,1,random,0,Single,No_Top,1241,131127
result_SELECT_10_Z2LatticeGauge2D_PBC_0_0_1,outer,1,random,0,Single,No_Kink,1242,185997
result_SELECT_10_Z2LatticeGauge2D_PBC_0_0_1,outer,1,SA,0.1,Proj,No_Kink,1053,499935
result_SELECT_10_Z2LatticeGauge2D_PBC_0_0_1,outer,2,SA,0.001,Double,No_MSF,1158,118066
result_SELECT_10_Z2LatticeGauge2D_PBC_0_0_1,outer,2,SA,0.001,Double,No_Kink,1159,152971
result_SELECT_10_Z2LatticeGauge2D_PBC_0_0_1,outer,2,SA,0.001,Double,No_Top,1159,122982
result_SELECT_10_Z2LatticeGauge2D_PBC_0_0_1,outer,2,SA,0.001,Proj,No_MSF,1050,4288
result_SELECT_10_Z2LatticeGauge2D_PBC_0_0_1,outer,2,SA,0.001,Double,Yes_Kink,1197,155701
result_SELECT_10_Z2LatticeGauge2D_PBC_0_0_1,outer,2,SA,0.001,Proj,No_Top,1050,9184
result_SELECT_10_Z2LatticeGauge2D_PBC_0_0_1,outer,1,SA,0.1,Proj,Yes_Kink,1052,488248
result_SELECT_10_Z2LatticeGauge2D_PBC_0_0_1,outer,2,SA,0.001,Single,No_MSF,1240,126227
result_SELECT_10_Z2LatticeGauge2D_PBC_0_0_1,outer,2,SA,0.001,Single,No_Top,1241,131127
result_SELECT_10_Z2LatticeGauge2D_PBC_0_0_1,outer,2,SA,0.001,Single,No_Kink,1241,157658
result_SELECT_10_Z2LatticeGauge2D_PBC_0_0_1,outer,1,SA,1,Proj,No_Kink,1051,450733
result_SELECT_10_Z2LatticeGauge2D_PBC_0_0_1,outer,2,SA,0.001,Single,Yes_Kink,1241,159677
result_SELECT_10_Z2LatticeGauge2D_PBC_0_0_1,outer,2,SA,0.01,Double,No_MSF,1158,118066
result_SELECT_10_Z2LatticeGauge2D_PBC_0_0_1,outer,2,SA,0.01,Double,No_Top,1159,122982
result_SELECT_10_Z2LatticeGauge2D_PBC_0_0_1,outer,2,SA,0.01,Double,No_Kink,1159,151347
result_SELECT_10_Z2LatticeGauge2D_PBC_0_0_1,outer,1,SA,1,Proj,Yes_Kink,1050,458347
result_SELECT_10_Z2LatticeGauge2D_PBC_0_0_1,outer,2,SA,0.01,Proj,No_MSF,1050,4288
result_SELECT_10_Z2LatticeGauge2D_PBC_0_0_1,outer,2,SA,0.01,Proj,No_Top,1050,9184
result_SELECT_10_Z2LatticeGauge2D_PBC_0_0_1,outer,2,SA,0.01,Double,Yes_Kink,1160,150059
result_SELECT_10_Z2LatticeGauge2D_PBC_0_0_1,outer,2,SA,0.01,Single,No_MSF,1240,126227
result_SELECT_10_Z2LatticeGauge2D_PBC_0_0_1,outer,2,SA,0.01,Single,No_Top,1241,131127
result_SELECT_10_Z2LatticeGauge2D_PBC_0_0_1,outer,2,SA,0.01,Single,No_Kink,1242,156331
result_SELECT_10_Z2LatticeGauge2D_PBC_0_0_1,outer,2,SA,0.1,Double,No_Kink,1159,150930
result_SELECT_10_Z2LatticeGauge2D_PBC_0_0_1,outer,2,SA,0.01,Single,Yes_Kink,1241,159226
result_SELECT_10_Z2LatticeGauge2D_PBC_0_0_1,outer,2,SA,0.1,Double,No_MSF,1158,118066
result_SELECT_10_Z2LatticeGauge2D_PBC_0_0_1,outer,2,SA,0.1,Double,No_Top,1159,122982
result_SELECT_10_Z2LatticeGauge2D_PBC_0_0_1,outer,2,SA,0.1,Double,Yes_Kink,1159,150193
result_SELECT_10_Z2LatticeGauge2D_PBC_0_0_1,outer,2,SA,0.1,Proj,No_MSF,1050,4288
result_SELECT_10_Z2LatticeGauge2D_PBC_0_0_1,outer,1,random,0,Proj,Yes_Kink,1054,568915
result_SELECT_10_Z2LatticeGauge2D_PBC_0_0_1,outer,1,random,0,Proj,No_Kink,1054,577088
result_SELECT_10_Z2LatticeGauge2D_PBC_0_0_1,outer,2,SA,0.1,Proj,No_Top,1050,9184
result_SELECT_10_Z2LatticeGauge2D_PBC_0_0_1,outer,2,SA,0.1,Single,No_MSF,1240,126227
result_SELECT_10_Z2LatticeGauge2D_PBC_0_0_1,outer,2,SA,0.1,Single,No_Top,1241,131127
result_SELECT_10_Z2LatticeGauge2D_PBC_0_0_1,outer,2,SA,0.1,Single,No_Kink,1241,155523
result_SELECT_10_Z2LatticeGauge2D_PBC_0_0_1,outer,2,SA,0.1,Single,Yes_Kink,1242,159874
result_SELECT_10_Z2LatticeGauge2D_PBC_0_0_1,outer,2,SA,1,Double,No_Kink,1162,145667
result_SELECT_10_Z2LatticeGauge2D_PBC_0_0_1,outer,2,SA,1,Double,No_MSF,1158,118066
result_SELECT_10_Z2LatticeGauge2D_PBC_0_0_1,outer,2,SA,1,Double,No_Top,1159,122982
result_SELECT_10_Z2LatticeGauge2D_PBC_0_0_1,outer,2,SA,0.001,Proj,No_Kink,1057,547598
result_SELECT_10_Z2LatticeGauge2D_PBC_0_0_1,outer,2,SA,0.001,Proj,Yes_Kink,1056,543857
result_SELECT_10_Z2LatticeGauge2D_PBC_0_0_1,outer,2,SA,1,Proj,No_MSF,1050,4288
result_SELECT_10_Z2LatticeGauge2D_PBC_0_0_1,outer,2,SA,1,Double,Yes_Kink,1170,145422
result_SELECT_10_Z2LatticeGauge2D_PBC_0_0_1,outer,2,SA,1,Proj,No_Top,1050,9184
result_SELECT_10_Z2LatticeGauge2D_PBC_0_0_1,outer,2,SA,1,Single,No_MSF,1240,126227
result_SELECT_10_Z2LatticeGauge2D_PBC_0_0_1,outer,2,SA,1,Single,No_Top,1241,131127
result_SELECT_10_Z2LatticeGauge2D_PBC_0_0_1,outer,2,SA,1,Single,No_Kink,1241,150078
result_SELECT_10_Z2LatticeGauge2D_PBC_0_0_1,outer,2,SA,0.01,Proj,No_Kink,1054,493744
result_SELECT_10_Z2LatticeGauge2D_PBC_0_0_1,outer,2,random,0,Double,No_MSF,1158,118066
result_SELECT_10_Z2LatticeGauge2D_PBC_0_0_1,outer,2,SA,1,Single,Yes_Kink,1242,153143
result_SELECT_10_Z2LatticeGauge2D_PBC_0_0_1,outer,2,random,0,Double,No_Top,1159,122982
result_SELECT_10_Z2LatticeGauge2D_PBC_0_0_1,outer,2,random,0,Double,No_Kink,1159,164647
result_SELECT_10_Z2LatticeGauge2D_PBC_0_0_1,outer,2,random,0,Proj,No_MSF,1050,4288
result_SELECT_10_Z2LatticeGauge2D_PBC_0_0_1,outer,2,SA,0.01,Proj,Yes_Kink,1052,503081
result_SELECT_10_Z2LatticeGauge2D_PBC_0_0_1,outer,2,random,0,Proj,No_Top,1050,9184
result_SELECT_10_Z2LatticeGauge2D_PBC_0_0_1,outer,2,random,0,Double,Yes_Kink,1196,167755
result_SELECT_10_Z2LatticeGauge2D_PBC_0_0_1,outer,2,random,0,Single,No_MSF,1240,126227
result_SELECT_10_Z2LatticeGauge2D_PBC_0_0_1,outer,2,random,0,Single,No_Top,1241,131127
result_SELECT_10_Z2LatticeGauge2D_PBC_0_0_1,outer,2,SA,0.1,Proj,No_Kink,1052,509666
result_SELECT_10_Z2LatticeGauge2D_PBC_0_0_1,outer,2,random,0,Single,No_Kink,1241,169704
result_SELECT_10_Z2LatticeGauge2D_PBC_0_0_2,inner,1,SA,0.001,Double,No_MSF,656,78109
result_SELECT_10_Z2LatticeGauge2D_PBC_0_0_1,outer,2,random,0,Single,Yes_Kink,1241,171407
result_SELECT_10_Z2LatticeGauge2D_PBC_0_0_2,inner,1,SA,0.001,Double,No_Top,657,83291
result_SELECT_10_Z2LatticeGauge2D_PBC_0_0_2,inner,1,SA,0.001,Double,No_Kink,657,121899
result_SELECT_10_Z2LatticeGauge2D_PBC_0_0_1,outer,2,SA,0.1,Proj,Yes_Kink,1053,504219
result_SELECT_10_Z2LatticeGauge2D_PBC_0_0_2,inner,1,SA,0.001,Proj,No_MSF,603,4460
result_SELECT_10_Z2LatticeGauge2D_PBC_0_0_2,inner,1,SA,0.001,Proj,No_Top,603,9580
result_SELECT_10_Z2LatticeGauge2D_PBC_0_0_2,inner,1,SA,0.001,Double,Yes_Kink,659,122033
result_SELECT_10_Z2LatticeGauge2D_PBC_0_0_2,inner,1,SA,0.001,Single,No_MSF,702,83929
result_SELECT_10_Z2LatticeGauge2D_PBC_0_0_2,inner,1,SA,0.001,Single,No_Top,702,88985
result_SELECT_10_Z2LatticeGauge2D_PBC_0_0_2,inner,1,SA,0.001,Single,No_Kink,703,124352
result_SELECT_10_Z2LatticeGauge2D_PBC_0_0_2,inner,1,SA,0.01,Double,No_MSF,656,78109
result_SELECT_10_Z2LatticeGauge2D_PBC_0_0_2,inner,1,SA,0.01,Double,No_Top,657,83291
result_SELECT_10_Z2LatticeGauge2D_PBC_0_0_1,outer,2,SA,1,Proj,No_Kink,1050,450678
result_SELECT_10_Z2LatticeGauge2D_PBC_0_0_2,inner,1,SA,0.01,Double,No_Kink,660,120231
result_SELECT_10_Z2LatticeGauge2D_PBC_0_0_2,inner,1,SA,0.01,Proj,No_MSF,603,4460
result_SELECT_10_Z2LatticeGauge2D_PBC_0_0_2,inner,1,SA,0.01,Double,Yes_Kink,661,121000
result_SELECT_10_Z2LatticeGauge2D_PBC_0_0_2,inner,1,SA,0.01,Proj,No_Top,603,9580
result_SELECT_10_Z2LatticeGauge2D_PBC_0_0_1,outer,2,SA,1,Proj,Yes_Kink,1050,454713
result_SELECT_10_Z2LatticeGauge2D_PBC_0_0_2,inner,1,SA,0.01,Single,No_MSF,702,83929
result_SELECT_10_Z2LatticeGauge2D_PBC_0_0_2,inner,1,SA,0.01,Single,No_Top,702,88985
result_SELECT_10_Z2LatticeGauge2D_PBC_0_0_2,inner,1,SA,0.01,Single,No_Kink,704,122874
result_SELECT_10_Z2LatticeGauge2D_PBC_0_0_2,inner,1,SA,0.1,Double,No_MSF,656,78109
result_SELECT_10_Z2LatticeGauge2D_PBC_0_0_2,inner,1,SA,0.1,Double,No_Top,657,83291
result_SELECT_10_Z2LatticeGauge2D_PBC_0_0_1,outer,2,random,0,Proj,No_Kink,1053,543065
result_SELECT_10_Z2LatticeGauge2D_PBC_0_0_2,inner,1,SA,0.1,Double,No_Kink,658,115334
result_SELECT_10_Z2LatticeGauge2D_PBC_0_0_2,inner,1,SA,0.1,Proj,No_MSF,603,4460
result_SELECT_10_Z2LatticeGauge2D_PBC_0_0_2,inner,1,SA,0.1,Proj,No_Top,603,9580
result_SELECT_10_Z2LatticeGauge2D_PBC_0_0_2,inner,1,SA,0.1,Double,Yes_Kink,661,116132
result_SELECT_10_Z2LatticeGauge2D_PBC_0_0_2,inner,1,SA,0.001,Proj,Yes_Kink,616,364458
result_SELECT_10_Z2LatticeGauge2D_PBC_0_0_2,inner,1,SA,0.1,Single,No_MSF,702,83929
result_SELECT_10_Z2LatticeGauge2D_PBC_0_0_1,outer,2,random,0,Proj,Yes_Kink,1052,531890
result_SELECT_10_Z2LatticeGauge2D_PBC_0_0_2,inner,1,SA,0.001,Proj,No_Kink,614,372421
result_SELECT_10_Z2LatticeGauge2D_PBC_0_0_2,inner,1,SA,0.1,Single,No_Top,702,88985
result_SELECT_10_Z2LatticeGauge2D_PBC_0_0_2,inner,1,SA,1,Double,No_MSF,656,78109
result_SELECT_10_Z2LatticeGauge2D_PBC_0_0_2,inner,1,SA,0.1,Single,No_Kink,702,117554
result_SELECT_10_Z2LatticeGauge2D_PBC_0_0_2,inner,1,SA,1,Double,No_Top,657,83291
result_SELECT_10_Z2LatticeGauge2D_PBC_0_0_2,inner,1,SA,1,Proj,No_MSF,603,4460
result_SELECT_10_Z2LatticeGauge2D_PBC_0_0_2,inner,1,SA,1,Double,No_Kink,658,110786
result_SELECT_10_Z2LatticeGauge2D_PBC_0_0_2,inner,1,SA,1,Proj,No_Top,603,9580
result_SELECT_10_Z2LatticeGauge2D_PBC_0_0_2,inner,1,SA,1,Double,Yes_Kink,658,112028
result_SELECT_10_Z2LatticeGauge2D_PBC_0_0_2,inner,1,SA,1,Single,No_MSF,702,83929
result_SELECT_10_Z2LatticeGauge2D_PBC_0_0_2,inner,1,SA,0.01,Proj,No_Kink,615,361857
result_SELECT_10_Z2LatticeGauge2D_PBC_0_0_2,inner,1,SA,0.01,Proj,Yes_Kink,617,355769
result_SELECT_10_Z2LatticeGauge2D_PBC_0_0_2,inner,1,SA,1,Single,No_Top,702,88985
result_SELECT_10_Z2LatticeGauge2D_PBC_0_0_2,inner,1,SA,1,Single,No_Kink,702,112965
result_SELECT_10_Z2LatticeGauge2D_PBC_0_0_2,inner,1,random,0,Double,No_MSF,656,78109
result_SELECT_10_Z2LatticeGauge2D_PBC_0_0_2,inner,1,random,0,Double,No_Top,657,83291
result_SELECT_10_Z2LatticeGauge2D_PBC_0_0_2,inner,1,random,0,Proj,No_MSF,603,4460
result_SELECT_10_Z2LatticeGauge2D_PBC_0_0_2,inner,1,random,0,Proj,No_Top,603,9580
result_SELECT_10_Z2LatticeGauge2D_PBC_0_0_2,inner,1,random,0,Double,No_Kink,657,141644
result_SELECT_10_Z2LatticeGauge2D_PBC_0_0_2,inner,1,random,0,Double,Yes_Kink,657,141772
result_SELECT_10_Z2LatticeGauge2D_PBC_0_0_2,inner,1,random,0,Single,No_MSF,702,83929
result_SELECT_10_Z2LatticeGauge2D_PBC_0_0_2,inner,1,SA,0.1,Proj,No_Kink,616,358796
result_SELECT_10_Z2LatticeGauge2D_PBC_0_0_2,inner,1,random,0,Single,No_Top,702,88985
result_SELECT_10_Z2LatticeGauge2D_PBC_0_0_2,inner,2,SA,0.001,Double,No_MSF,656,78109
result_SELECT_10_Z2LatticeGauge2D_PBC_0_0_2,inner,2,SA,0.001,Double,No_Top,657,83291
result_SELECT_10_Z2LatticeGauge2D_PBC_0_0_2,inner,1,random,0,Single,No_Kink,703,148864
result_SELECT_10_Z2LatticeGauge2D_PBC_0_0_2,inner,2,SA,0.001,Double,No_Kink,659,112934
result_SELECT_10_Z2LatticeGauge2D_PBC_0_0_2,inner,1,SA,1,Proj,No_Kink,611,300486
result_SELECT_10_Z2LatticeGauge2D_PBC_0_0_2,inner,2,SA,0.001,Proj,No_MSF,603,4460
result_SELECT_10_Z2LatticeGauge2D_PBC_0_0_2,inner,2,SA,0.001,Proj,No_Top,603,9580
result_SELECT_10_Z2LatticeGauge2D_PBC_0_0_2,inner,2,SA,0.001,Double,Yes_Kink,678,114821
result_SELECT_10_Z2LatticeGauge2D_PBC_0_0_2,inner,1,SA,0.1,Proj,Yes_Kink,615,348125
result_SELECT_10_Z2LatticeGauge2D_PBC_0_0_2,inner,2,SA,0.001,Single,No_Top,702,88985
result_SELECT_10_Z2LatticeGauge2D_PBC_0_0_2,inner,2,SA,0.001,Single,No_MSF,702,83929
result_SELECT_10_Z2LatticeGauge2D_PBC_0_0_2,inner,1,SA,1,Proj,Yes_Kink,611,297397
result_SELECT_10_Z2LatticeGauge2D_PBC_0_0_2,inner,2,SA,0.01,Double,No_MSF,656,78109
result_SELECT_10_Z2LatticeGauge2D_PBC_0_0_2,inner,2,SA,0.001,Single,No_Kink,702,114664
result_SELECT_10_Z2LatticeGauge2D_PBC_0_0_2,inner,2,SA,0.01,Double,No_Top,657,83291
result_SELECT_10_Z2LatticeGauge2D_PBC_0_0_2,inner,2,SA,0.001,Single,Yes_Kink,702,117561
result_SELECT_10_Z2LatticeGauge2D_PBC_0_0_2,inner,2,SA,0.01,Double,No_Kink,658,111183
result_SELECT_10_Z2LatticeGauge2D_PBC_0_0_2,inner,2,SA,0.01,Proj,No_MSF,603,4460
result_SELECT_10_Z2LatticeGauge2D_PBC_0_0_2,inner,2,SA,0.01,Double,Yes_Kink,662,111147
result_SELECT_10_Z2LatticeGauge2D_PBC_0_0_2,inner,2,SA,0.01,Proj,No_Top,603,9580
result_SELECT_10_Z2LatticeGauge2D_PBC_0_0_2,inner,2,SA,0.01,Single,No_MSF,702,83929
result_SELECT_10_Z2LatticeGauge2D_PBC_0_0_2,inner,2,SA,0.01,Single,No_Top,702,88985
result_SELECT_10_Z2LatticeGauge2D_PBC_0_0_2,inner,2,SA,0.01,Single,No_Kink,702,112206
result_SELECT_10_Z2LatticeGauge2D_PBC_0_0_2,inner,2,SA,0.01,Single,Yes_Kink,702,115367
result_SELECT_10_Z2LatticeGauge2D_PBC_0_0_2,inner,2,SA,0.1,Double,No_Kink,660,108531
result_SELECT_10_Z2LatticeGauge2D_PBC_0_0_2,inner,2,SA,0.1,Double,No_MSF,656,78109
result_SELECT_10_Z2LatticeGauge2D_PBC_0_0_2,inner,2,SA,0.1,Double,No_Top,657,83291
result_SELECT_10_Z2LatticeGauge2D_PBC_0_0_2,inner,1,random,0,Proj,No_Kink,610,418115
result_SELECT_10_Z2LatticeGauge2D_PBC_0_0_2,inner,2,SA,0.1,Double,Yes_Kink,679,110456
result_SELECT_10_Z2LatticeGauge2D_PBC_0_0_2,inner,2,SA,0.1,Proj,No_MSF,603,4460
result_SELECT_10_Z2LatticeGauge2D_PBC_0_0_2,inner,2,SA,0.001,Proj,No_Kink,609,320154
result_SELECT_10_Z2LatticeGauge2D_PBC_0_0_2,inner,2,SA,0.001,Proj,Yes_Kink,609,306405
result_SELECT_10_Z2LatticeGauge2D_PBC_0_0_2,inner,1,random,0,Proj,Yes_Kink,612,411620
result_SELECT_10_Z2LatticeGauge2D_PBC_0_0_2,inner,2,SA,0.1,Proj,No_Top,603,9580
result_SELECT_10_Z2LatticeGauge2D_PBC_0_0_2,inner,2,SA,0.1,Single,No_MSF,702,83929
result_SELECT_10_Z2LatticeGauge2D_PBC_0_0_2,inner,2,SA,0.1,Single,No_Top,702,88985
result_SELECT_10_Z2LatticeGauge2D_PBC_0_0_2,inner,2,SA,0.1,Single,No_Kink,702,109824
result_SELECT_10_Z2LatticeGauge2D_PBC_0_0_2,inner,2,SA,1,Double,No_MSF,656,78109
result_SELECT_10_Z2LatticeGauge2D_PBC_0_0_2,inner,2,SA,0.1,Single,Yes_Kink,703,113170
result_SELECT_10_Z2LatticeGauge2D_PBC_0_0_2,inner,2,SA,1,Double,No_Top,657,83291
result_SELECT_10_Z2LatticeGauge2D_PBC_0_0_2,inner,2,SA,1,Double,No_Kink,658,105323
result_SELECT_10_Z2LatticeGauge2D_PBC_0_0_2,inner,2,SA,1,Proj,No_MSF,603,4460
result_SELECT_10_Z2LatticeGauge2D_PBC_0_0_2,inner,2,SA,1,Proj,No_Top,603,9580
result_SELECT_10_Z2LatticeGauge2D_PBC_0_0_2,inner,2,SA,1,Double,Yes_Kink,677,107556
result_SELECT_10_Z2LatticeGauge2D_PBC_0_0_2,inner,2,SA,1,Single,No_MSF,702,83929
result_SELECT_10_Z2LatticeGauge2D_PBC_0_0_2,inner,2,SA,0.01,Proj,Yes_Kink,609,306811
result_SELECT_10_Z2LatticeGauge2D_PBC_0_0_2,inner,2,SA,1,Single,No_Kink,702,106698
result_SELECT_10_Z2LatticeGauge2D_PBC_0_0_2,inner,2,SA,1,Single,No_Top,702,88985
result_SELECT_10_Z2LatticeGauge2D_PBC_0_0_2,inner,2,SA,0.01,Proj,No_Kink,608,316307
result_SELECT_10_Z2LatticeGauge2D_PBC_0_0_2,inner,2,random,0,Double,No_MSF,656,78109
result_SELECT_10_Z2LatticeGauge2D_PBC_0_0_2,inner,2,SA,1,Single,Yes_Kink,702,110219
result_SELECT_10_Z2LatticeGauge2D_PBC_0_0_2,inner,2,random,0,Double,No_Top,657,83291
result_SELECT_10_Z2LatticeGauge2D_PBC_0_0_2,inner,2,random,0,Proj,No_MSF,603,4460
result_SELECT_10_Z2LatticeGauge2D_PBC_0_0_2,inner,2,random,0,Proj,No_Top,603,9580
result_SELECT_10_Z2LatticeGauge2D_PBC_0_0_2,inner,2,random,0,Double,No_Kink,657,133052
result_SELECT_10_Z2LatticeGauge2D_PBC_0_0_2,inner,2,random,0,Double,Yes_Kink,660,133563
result_SELECT_10_Z2LatticeGauge2D_PBC_0_0_2,inner,2,SA,0.1,Proj,No_Kink,611,322848
result_SELECT_10_Z2LatticeGauge2D_PBC_0_0_2,inner,2,random,0,Single,No_MSF,702,83929
result_SELECT_10_Z2LatticeGauge2D_PBC_0_0_2,inner,2,random,0,Single,No_Top,702,88985
result_SELECT_10_Z2LatticeGauge2D_PBC_0_0_2,inner,2,random,0,Single,No_Kink,703,135541
result_SELECT_10_Z2LatticeGauge2D_PBC_0_0_2,inner,2,SA,0.1,Proj,Yes_Kink,612,310481
result_SELECT_10_Z2LatticeGauge2D_PBC_0_0_2,outer,1,SA,0.001,Double,No_MSF,656,78109
result_SELECT_10_Z2LatticeGauge2D_PBC_0_0_2,outer,1,SA,0.001,Double,No_Kink,660,116830
result_SELECT_10_Z2LatticeGauge2D_PBC_0_0_2,outer,1,SA,0.001,Double,No_Top,657,83291
result_SELECT_10_Z2LatticeGauge2D_PBC_0_0_2,inner,2,random,0,Single,Yes_Kink,702,137887
result_SELECT_10_Z2LatticeGauge2D_PBC_0_0_2,inner,2,SA,1,Proj,No_Kink,607,296297
result_SELECT_10_Z2LatticeGauge2D_PBC_0_0_2,outer,1,SA,0.001,Proj,No_MSF,603,4460
result_SELECT_10_Z2LatticeGauge2D_PBC_0_0_2,inner,2,SA,1,Proj,Yes_Kink,612,292432
result_SELECT_10_Z2LatticeGauge2D_PBC_0_0_2,outer,1,SA,0.001,Proj,No_Top,603,9580
result_SELECT_10_Z2LatticeGauge2D_PBC_0_0_2,outer,1,SA,0.001,Single,No_MSF,702,83929
result_SELECT_10_Z2LatticeGauge2D_PBC_0_0_2,outer,1,SA,0.001,Single,No_Top,702,88985
result_SELECT_10_Z2LatticeGauge2D_PBC_0_0_2,outer,1,SA,0.001,Double,Yes_Kink,660,116537
result_SELECT_10_Z2LatticeGauge2D_PBC_0_0_2,outer,1,SA,0.01,Double,No_MSF,656,78109
result_SELECT_10_Z2LatticeGauge2D_PBC_0_0_2,outer,1,SA,0.001,Single,No_Kink,702,118564
result_SELECT_10_Z2LatticeGauge2D_PBC_0_0_2,outer,1,SA,0.01,Double,No_Top,657,83291
result_SELECT_10_Z2LatticeGauge2D_PBC_0_0_2,outer,1,SA,0.01,Double,No_Kink,661,120636
result_SELECT_10_Z2LatticeGauge2D_PBC_0_0_2,outer,1,SA,0.01,Proj,No_MSF,603,4460
result_SELECT_10_Z2LatticeGauge2D_PBC_0_0_2,outer,1,SA,0.01,Proj,No_Top,603,9580
result_SELECT_10_Z2LatticeGauge2D_PBC_0_0_2,outer,1,SA,0.01,Double,Yes_Kink,661,120343
result_SELECT_10_Z2LatticeGauge2D_PBC_0_0_2,outer,1,SA,0.01,Single,No_MSF,702,83929
result_SELECT_10_Z2LatticeGauge2D_PBC_0_0_2,outer,1,SA,0.01,Single,No_Top,702,88985
result_SELECT_10_Z2LatticeGauge2D_PBC_0_0_2,outer,1,SA,0.01,Single,No_Kink,702,122293
result_SELECT_10_Z2LatticeGauge2D_PBC_0_0_2,outer,1,SA,0.1,Double,No_MSF,656,78109
result_SELECT_10_Z2LatticeGauge2D_PBC_0_0_2,outer,1,SA,0.1,Double,No_Top,657,83291
result_SELECT_10_Z2LatticeGauge2D_PBC_0_0_2,outer,1,SA,0.1,Double,No_Kink,658,116343
result_SELECT_10_Z2LatticeGauge2D_PBC_0_0_2,outer,1,SA,0.1,Double,Yes_Kink,659,116235
result_SELECT_10_Z2LatticeGauge2D_PBC_0_0_2,inner,2,random,0,Proj,No_Kink,609,424613
result_SELECT_10_Z2LatticeGauge2D_PBC_0_0_2,outer,1,SA,0.1,Proj,No_MSF,603,4460
result_SELECT_10_Z2LatticeGauge2D_PBC_0_0_2,outer,1,SA,0.1,Proj,No_Top,603,9580
result_SELECT_10_Z2LatticeGauge2D_PBC_0_0_2,inner,2,random,0,Proj,Yes_Kink,607,411727
result_SELECT_10_Z2LatticeGauge2D_PBC_0_0_2,outer,1,SA,0.1,Single,No_MSF,702,83929
result_SELECT_10_Z2LatticeGauge2D_PBC_0_0_2,outer,1,SA,0.1,Single,No_Top,702,88985
result_SELECT_10_Z2LatticeGauge2D_PBC_0_0_2,outer,1,SA,0.1,Single,No_Kink,702,118639
result_SELECT_10_Z2LatticeGauge2D_PBC_0_0_2,outer,1,SA,0.001,Proj,Yes_Kink,610,339767
result_SELECT_10_Z2LatticeGauge2D_PBC_0_0_2,outer,1,SA,1,Double,No_MSF,656,78109
result_SELECT_10_Z2LatticeGauge2D_PBC_0_0_2,outer,1,SA,1,Double,No_Kink,662,110603
result_SELECT_10_Z2LatticeGauge2D_PBC_0_0_2,outer,1,SA,0.001,Proj,No_Kink,609,345372
result_SELECT_10_Z2LatticeGauge2D_PBC_0_0_2,outer,1,SA,1,Double,No_Top,657,83291
result_SELECT_10_Z2LatticeGauge2D_PBC_0_0_2,outer,1,SA,1,Proj,No_MSF,603,4460
result_SELECT_10_Z2LatticeGauge2D_PBC_0_0_2,outer,1,SA,1,Proj,No_Top,603,9580
result_SELECT_10_Z2LatticeGauge2D_PBC_0_0_2,outer,1,SA,1,Double,Yes_Kink,662,110327
result_SELECT_10_Z2LatticeGauge2D_PBC_0_0_2,outer,1,SA,1,Single,No_Kink,702,112342
result_SELECT_10_Z2LatticeGauge2D_PBC_0_0_2,outer,1,SA,1,Single,No_MSF,702,83929
result_SELECT_10_Z2LatticeGauge2D_PBC_0_0_2,outer,1,SA,0.01,Proj,No_Kink,611,387065
result_SELECT_10_Z2LatticeGauge2D_PBC_0_0_2,outer,1,SA,1,Single,No_Top,702,88985
result_SELECT_10_Z2LatticeGauge2D_PBC_0_0_2,outer,1,random,0,Double,No_MSF,656,78109
result_SELECT_10_Z2LatticeGauge2D_PBC_0_0_2,outer,1,random,0,Double,No_Top,657,83291
result_SELECT_10_Z2LatticeGauge2D_PBC_0_0_2,outer,1,SA,0.01,Proj,Yes_Kink,613,389412
result_SELECT_10_Z2LatticeGauge2D_PBC_0_0_2,outer,1,random,0,Proj,No_MSF,603,4460
result_SELECT_10_Z2LatticeGauge2D_PBC_0_0_2,outer,1,random,0,Proj,No_Top,603,9580
result_SELECT_10_Z2LatticeGauge2D_PBC_0_0_2,outer,1,random,0,Double,No_Kink,659,146685
result_SELECT_10_Z2LatticeGauge2D_PBC_0_0_2,outer,1,SA,0.1,Proj,No_Kink,609,340114
result_SELECT_10_Z2LatticeGauge2D_PBC_0_0_2,outer,1,random,0,Single,No_MSF,702,83929
result_SELECT_10_Z2LatticeGauge2D_PBC_0_0_2,outer,1,random,0,Double,Yes_Kink,659,147097
result_SELECT_10_Z2LatticeGauge2D_PBC_0_0_2,outer,1,random,0,Single,No_Top,702,88985
result_SELECT_10_Z2LatticeGauge2D_PBC_0_0_2,outer,2,SA,0.001,Double,No_MSF,656,78109
result_SELECT_10_Z2LatticeGauge2D_PBC_0_0_2,outer,1,SA,1,Proj,No_Kink,605,294731
result_SELECT_10_Z2LatticeGauge2D_PBC_0_0_2,outer,1,random,0,Single,No_Kink,703,155143
result_SELECT_10_Z2LatticeGauge2D_PBC_0_0_2,outer,2,SA,0.001,Double,No_Top,657,83291
result_SELECT_10_Z2LatticeGauge2D_PBC_0_0_2,outer,1,SA,0.1,Proj,Yes_Kink,609,346140
result_SELECT_10_Z2LatticeGauge2D_PBC_0_0_2,outer,2,SA,0.001,Double,No_Kink,668,113484
result_SELECT_10_Z2LatticeGauge2D_PBC_0_0_2,outer,2,SA,0.001,Proj,No_Top,603,9580
result_SELECT_10_Z2LatticeGauge2D_PBC_0_0_2,outer,2,SA,0.001,Proj,No_MSF,603,4460
result_SELECT_10_Z2LatticeGauge2D_PBC_0_0_2,outer,2,SA,0.001,Double,Yes_Kink,664,112150
result_SELECT_10_Z2LatticeGauge2D_PBC_0_0_2,outer,2,SA,0.001,Single,No_MSF,702,83929
result_SELECT_10_Z2LatticeGauge2D_PBC_0_0_2,outer,2,SA,0.001,Single,No_Top,702,88985
result_SELECT_10_Z2LatticeGauge2D_PBC_0_0_2,outer,2,SA,0.001,Single,No_Kink,702,114529
result_SELECT_10_Z2LatticeGauge2D_PBC_0_0_2,outer,1,SA,1,Proj,Yes_Kink,606,296083
result_SELECT_10_Z2LatticeGauge2D_PBC_0_0_2,outer,2,SA,0.01,Double,No_Top,657,83291
result_SELECT_10_Z2LatticeGauge2D_PBC_0_0_2,outer,2,SA,0.01,Double,No_MSF,656,78109
result_SELECT_10_Z2LatticeGauge2D_PBC_0_0_2,outer,2,SA,0.01,Double,No_Kink,658,113462
result_SELECT_10_Z2LatticeGauge2D_PBC_0_0_2,outer,2,SA,0.001,Single,Yes_Kink,702,117563
result_SELECT_10_Z2LatticeGauge2D_PBC_0_0_2,outer,2,SA,0.01,Proj,No_MSF,603,4460
result_SELECT_10_Z2LatticeGauge2D_PBC_0_0_2,outer,2,SA,0.01,Proj,No_Top,603,9580
result_SELECT_10_Z2LatticeGauge2D_PBC_0_0_2,outer,2,SA,0.01,Double,Yes_Kink,657,112500
result_SELECT_10_Z2LatticeGauge2D_PBC_0_0_2,outer,2,SA,0.01,Single,No_MSF,702,83929
result_SELECT_10_Z2LatticeGauge2D_PBC_0_0_2,outer,2,SA,0.01,Single,No_Kink,702,115019
result_SELECT_10_Z2LatticeGauge2D_PBC_0_0_2,outer,2,SA,0.01,Single,No_Top,702,88985
result_SELECT_10_Z2LatticeGauge2D_PBC_0_0_2,outer,2,SA,0.01,Single,Yes_Kink,702,118302
result_SELECT_10_Z2LatticeGauge2D_PBC_0_0_2,outer,2,SA,0.1,Double,No_Kink,667,113750
result_SELECT_10_Z2LatticeGauge2D_PBC_0_0_2,outer,2,SA,0.1,Double,No_MSF,656,78109
result_SELECT_10_Z2LatticeGauge2D_PBC_0_0_2,outer,2,SA,0.1,Double,No_Top,657,83291
result_SELECT_10_Z2LatticeGauge2D_PBC_0_0_2,outer,1,random,0,Proj,No_Kink,610,438411
result_SELECT_10_Z2LatticeGauge2D_PBC_0_0_2,outer,2,SA,0.001,Proj,Yes_Kink,608,337660
result_SELECT_10_Z2LatticeGauge2D_PBC_0_0_2,outer,2,SA,0.1,Double,Yes_Kink,662,112205
result_SELECT_10_Z2LatticeGauge2D_PBC_0_0_2,outer,2,SA,0.1,Proj,No_MSF,603,4460
result_SELECT_10_Z2LatticeGauge2D_PBC_0_0_2,outer,1,random,0,Proj,Yes_Kink,611,428324
result_SELECT_10_Z2LatticeGauge2D_PBC_0_0_2,outer,2,SA,0.001,Proj,No_Kink,607,349349
result_SELECT_10_Z2LatticeGauge2D_PBC_0_0_2,outer,2,SA,0.1,Proj,No_Top,603,9580
result_SELECT_10_Z2LatticeGauge2D_PBC_0_0_2,outer,2,SA,0.1,Single,No_MSF,702,83929
result_SELECT_10_Z2LatticeGauge2D_PBC_0_0_2,outer,2,SA,0.1,Single,No_Top,702,88985
result_SELECT_10_Z2LatticeGauge2D_PBC_0_0_2,outer,2,SA,1,Double,No_MSF,656,78109
result_SELECT_10_Z2LatticeGauge2D_PBC_0_0_2,outer,2,SA,0.1,Single,No_Kink,702,114624
result_SELECT_10_Z2LatticeGauge2D_PBC_0_0_2,outer,2,SA,0.1,Single,Yes_Kink,702,116969
result_SELECT_10_Z2LatticeGauge2D_PBC_0_0_2,outer,2,SA,1,Double,No_Top,657,83291
result_SELECT_10_Z2LatticeGauge2D_PBC_0_0_2,outer,2,SA,1,Double,No_Kink,657,105781
result_SELECT_10_Z2LatticeGauge2D_PBC_0_0_2,outer,2,SA,1,Proj,No_MSF,603,4460
result_SELECT_10_Z2LatticeGauge2D_PBC_0_0_2,outer,2,SA,1,Double,Yes_Kink,658,105278
result_SELECT_10_Z2LatticeGauge2D_PBC_0_0_2,outer,2,SA,1,Proj,No_Top,603,9580
result_SELECT_10_Z2LatticeGauge2D_PBC_0_0_2,outer,2,SA,1,Single,No_MSF,702,83929
result_SELECT_10_Z2LatticeGauge2D_PBC_0_0_2,outer,2,SA,1,Single,No_Kink,702,107499
result_SELECT_10_Z2LatticeGauge2D_PBC_0_0_2,outer,2,SA,1,Single,No_Top,702,88985
result_SELECT_10_Z2LatticeGauge2D_PBC_0_0_2,outer,2,SA,0.01,Proj,No_Kink,611,370107
result_SELECT_10_Z2LatticeGauge2D_PBC_0_0_2,outer,2,random,0,Double,No_MSF,656,78109
result_SELECT_10_Z2LatticeGauge2D_PBC_0_0_2,outer,2,random,0,Double,No_Top,657,83291
result_SELECT_10_Z2LatticeGauge2D_PBC_0_0_2,outer,2,SA,1,Single,Yes_Kink,702,111736
result_SELECT_10_Z2LatticeGauge2D_PBC_0_0_2,outer,2,SA,0.01,Proj,Yes_Kink,610,366391
result_SELECT_10_Z2LatticeGauge2D_PBC_0_0_2,outer,2,random,0,Proj,No_MSF,603,4460
result_SELECT_10_Z2LatticeGauge2D_PBC_0_0_2,outer,2,random,0,Double,No_Kink,662,136272
result_SELECT_10_Z2LatticeGauge2D_PBC_0_0_2,outer,2,random,0,Proj,No_Top,603,9580
result_SELECT_10_Z2LatticeGauge2D_PBC_0_0_2,outer,2,random,0,Double,Yes_Kink,660,135496
result_SELECT_10_Z2LatticeGauge2D_PBC_0_0_2,outer,2,random,0,Single,No_MSF,702,83929
result_SELECT_10_Z2LatticeGauge2D_PBC_0_0_2,outer,2,random,0,Single,No_Top,702,88985
result_SELECT_10_Z2LatticeGauge2D_PBC_0_0_2,outer,2,SA,0.1,Proj,No_Kink,607,363426
result_SELECT_10_Z2LatticeGauge2D_PBC_0_0_2,outer,2,random,0,Single,No_Kink,702,138207
result_SELECT_10_Z2LatticeGauge2D_PBC_0_0_3,inner,1,SA,0.001,Double,No_MSF,345,52439
result_SELECT_10_Z2LatticeGauge2D_PBC_0_0_2,outer,2,SA,0.1,Proj,Yes_Kink,609,360393
result_SELECT_10_Z2LatticeGauge2D_PBC_0_0_3,inner,1,SA,0.001,Double,No_Top,346,58031
result_SELECT_10_Z2LatticeGauge2D_PBC_0_0_2,outer,2,SA,1,Proj,No_Kink,605,310392
result_SELECT_10_Z2LatticeGauge2D_PBC_0_0_2,outer,2,random,0,Single,Yes_Kink,702,140751
result_SELECT_10_Z2LatticeGauge2D_PBC_0_0_3,inner,1,SA,0.001,Double,No_Kink,351,97411
result_SELECT_10_Z2LatticeGauge2D_PBC_0_0_2,outer,2,SA,1,Proj,Yes_Kink,604,316958
result_SELECT_10_Z2LatticeGauge2D_PBC_0_0_3,inner,1,SA,0.001,Proj,No_MSF,300,4780
result_SELECT_10_Z2LatticeGauge2D_PBC_0_0_3,inner,1,SA,0.001,Proj,No_Top,300,10284
result_SELECT_10_Z2LatticeGauge2D_PBC_0_0_3,inner,1,SA,0.001,Single,No_MSF,378,57651
result_SELECT_10_Z2LatticeGauge2D_PBC_0_0_3,inner,1,SA,0.001,Single,No_Top,378,63035
result_SELECT_10_Z2LatticeGauge2D_PBC_0_0_3,inner,1,SA,0.001,Double,Yes_Kink,354,98084
result_SELECT_10_Z2LatticeGauge2D_PBC_0_0_3,inner,1,SA,0.01,Double,No_MSF,345,52439
result_SELECT_10_Z2LatticeGauge2D_PBC_0_0_3,inner,1,SA,0.01,Double,No_Top,346,58031
result_SELECT_10_Z2LatticeGauge2D_PBC_0_0_3,inner,1,SA,0.001,Single,No_Kink,380,99551
result_SELECT_10_Z2LatticeGauge2D_PBC_0_0_3,inner,1,SA,0.01,Proj,No_MSF,300,4780
result_SELECT_10_Z2LatticeGauge2D_PBC_0_0_3,inner,1,SA,0.01,Double,No_Kink,349,96483
result_SELECT_10_Z2LatticeGauge2D_PBC_0_0_3,inner,1,SA,0.01,Proj,No_Top,300,10284
result_SELECT_10_Z2LatticeGauge2D_PBC_0_0_3,inner,1,SA,0.01,Double,Yes_Kink,350,96882
result_SELECT_10_Z2LatticeGauge2D_PBC_0_0_3,inner,1,SA,0.01,Single,No_MSF,378,57651
result_SELECT_10_Z2LatticeGauge2D_PBC_0_0_3,inner,1,SA,0.01,Single,No_Top,378,63035
result_SELECT_10_Z2LatticeGauge2D_PBC_0_0_3,inner,1,SA,0.01,Single,No_Kink,382,98606
result_SELECT_10_Z2LatticeGauge2D_PBC_0_0_2,outer,2,random,0,Proj,No_Kink,607,401576
result_SELECT_10_Z2LatticeGauge2D_PBC_0_0_3,inner,1,SA,0.1,Double,No_MSF,345,52439
result_SELECT_10_Z2LatticeGauge2D_PBC_0_0_3,inner,1,SA,0.1,Double,No_Top,346,58031
result_SELECT_10_Z2LatticeGauge2D_PBC_0_0_3,inner,1,SA,0.1,Double,No_Kink,350,93623
result_SELECT_10_Z2LatticeGauge2D_PBC_0_0_3,inner,1,SA,0.001,Proj,Yes_Kink,315,246485
result_SELECT_10_Z2LatticeGauge2D_PBC_0_0_3,inner,1,SA,0.1,Proj,No_MSF,300,4780
result_SELECT_10_Z2LatticeGauge2D_PBC_0_0_3,inner,1,SA,0.001,Proj,No_Kink,314,245435
result_SELECT_10_Z2LatticeGauge2D_PBC_0_0_3,inner,1,SA,0.1,Proj,No_Top,300,10284
result_SELECT_10_Z2LatticeGauge2D_PBC_0_0_2,outer,2,random,0,Proj,Yes_Kink,606,386804
result_SELECT_10_Z2LatticeGauge2D_PBC_0_0_3,inner,1,SA,0.1,Single,No_MSF,378,57651
result_SELECT_10_Z2LatticeGauge2D_PBC_0_0_3,inner,1,SA,0.1,Double,Yes_Kink,354,94553
result_SELECT_10_Z2LatticeGauge2D_PBC_0_0_3,inner,1,SA,0.1,Single,No_Top,378,63035
result_SELECT_10_Z2LatticeGauge2D_PBC_0_0_3,inner,1,SA,1,Double,No_Top,346,58031
result_SELECT_10_Z2LatticeGauge2D_PBC_0_0_3,inner,1,SA,0.1,Single,No_Kink,379,94942
result_SELECT_10_Z2LatticeGauge2D_PBC_0_0_3,inner,1,SA,1,Double,No_MSF,345,52439
result_SELECT_10_Z2LatticeGauge2D_PBC_0_0_3,inner,1,SA,1,Double,No_Kink,359,95657
result_SELECT_10_Z2LatticeGauge2D_PBC_0_0_3,inner,1,SA,1,Proj,No_MSF,300,4780
result_SELECT_10_Z2LatticeGauge2D_PBC_0_0_3,inner,1,SA,0.01,Proj,Yes_Kink,315,250818
result_SELECT_10_Z2LatticeGauge2D_PBC_0_0_3,inner,1,SA,0.01,Proj,No_Kink,314,255434
result_SELECT_10_Z2LatticeGauge2D_PBC_0_0_3,inner,1,SA,1,Proj,No_Top,300,10284
result_SELECT_10_Z2LatticeGauge2D_PBC_0_0_3,inner,1,SA,1,Single,No_MSF,378,57651
result_SELECT_10_Z2LatticeGauge2D_PBC_0_0_3,inner,1,SA,1,Double,Yes_Kink,363,97493
result_SELECT_10_Z2LatticeGauge2D_PBC_0_0_3,inner,1,SA,1,Single,No_Top,378,63035
result_SELECT_10_Z2LatticeGauge2D_PBC_0_0_3,inner,1,random,0,Double,No_MSF,345,52439
result_SELECT_10_Z2LatticeGauge2D_PBC_0_0_3,inner,1,random,0,Double,No_Top,346,58031
result_SELECT_10_Z2LatticeGauge2D_PBC_0_0_3,inner,1,SA,1,Single,No_Kink,382,97595
result_SELECT_10_Z2LatticeGauge2D_PBC_0_0_3,inner,1,random,0,Proj,No_MSF,300,4780
result_SELECT_10_Z2LatticeGauge2D_PBC_0_0_3,inner,1,random,0,Proj,No_Top,300,10284
result_SELECT_10_Z2LatticeGauge2D_PBC_0_0_3,inner,1,SA,0.1,Proj,No_Kink,317,253798
result_SELECT_10_Z2LatticeGauge2D_PBC_0_0_3,inner,1,SA,0.1,Proj,Yes_Kink,316,248615
result_SELECT_10_Z2LatticeGauge2D_PBC_0_0_3,inner,1,random,0,Double,No_Kink,351,139313
result_SELECT_10_Z2LatticeGauge2D_PBC_0_0_3,inner,1,random,0,Double,Yes_Kink,354,139978
result_SELECT_10_Z2LatticeGauge2D_PBC_0_0_3,inner,1,random,0,Single,No_MSF,378,57651
result_SELECT_10_Z2LatticeGauge2D_PBC_0_0_3,inner,1,random,0,Single,No_Top,378,63035
result_SELECT_10_Z2LatticeGauge2D_PBC_0_0_3,inner,2,SA,0.001,Double,No_MSF,345,52439
result_SELECT_10_Z2LatticeGauge2D_PBC_0_0_3,inner,2,SA,0.001,Double,No_Top,346,58031
result_SELECT_10_Z2LatticeGauge2D_PBC_0_0_3,inner,2,SA,0.001,Double,No_Kink,443,102974
result_SELECT_10_Z2LatticeGauge2D_PBC_0_0_3,inner,1,SA,1,Proj,No_Kink,320,274256
result_SELECT_10_Z2LatticeGauge2D_PBC_0_0_3,inner,2,SA,0.001,Double,Yes_Kink,457,104353
result_SELECT_10_Z2LatticeGauge2D_PBC_0_0_3,inner,2,SA,0.001,Proj,No_MSF,300,4780
result_SELECT_10_Z2LatticeGauge2D_PBC_0_0_3,inner,1,SA,1,Proj,Yes_Kink,325,270596
result_SELECT_10_Z2LatticeGauge2D_PBC_0_0_3,inner,2,SA,0.001,Proj,No_Top,300,10284
result_SELECT_10_Z2LatticeGauge2D_PBC_0_0_3,inner,2,SA,0.001,Single,No_MSF,378,57651
result_SELECT_10_Z2LatticeGauge2D_PBC_0_0_3,inner,1,random,0,Single,No_Kink,393,152549
result_SELECT_10_Z2LatticeGauge2D_PBC_0_0_3,inner,2,SA,0.001,Single,No_Top,378,63035
result_SELECT_10_Z2LatticeGauge2D_PBC_0_0_3,inner,2,SA,0.01,Double,No_MSF,345,52439
result_SELECT_10_Z2LatticeGauge2D_PBC_0_0_3,inner,2,SA,0.001,Single,No_Kink,378,90762
result_SELECT_10_Z2LatticeGauge2D_PBC_0_0_3,inner,2,SA,0.01,Double,No_Top,346,58031
result_SELECT_10_Z2LatticeGauge2D_PBC_0_0_3,inner,2,SA,0.001,Single,Yes_Kink,378,94436
result_SELECT_10_Z2LatticeGauge2D_PBC_0_0_3,inner,2,SA,0.01,Double,No_Kink,356,90875
result_SELECT_10_Z2LatticeGauge2D_PBC_0_0_3,inner,2,SA,0.01,Proj,No_MSF,300,4780
result_SELECT_10_Z2LatticeGauge2D_PBC_0_0_3,inner,2,SA,0.01,Double,Yes_Kink,366,92303
result_SELECT_10_Z2LatticeGauge2D_PBC_0_0_3,inner,2,SA,0.01,Proj,No_Top,300,10284
result_SELECT_10_Z2LatticeGauge2D_PBC_0_0_3,inner,2,SA,0.01,Single,No_MSF,378,57651
result_SELECT_10_Z2LatticeGauge2D_PBC_0_0_3,inner,1,random,0,Proj,No_Kink,316,316691
result_SELECT_10_Z2LatticeGauge2D_PBC_0_0_3,inner,1,random,0,Proj,Yes_Kink,316,311452
result_SELECT_10_Z2LatticeGauge2D_PBC_0_0_3,inner,2,SA,0.01,Single,No_Top,378,63035
result_SELECT_10_Z2LatticeGauge2D_PBC_0_0_3,inner,2,SA,0.01,Single,No_Kink,382,90887
result_SELECT_10_Z2LatticeGauge2D_PBC_0_0_3,inner,2,SA,0.1,Double,No_MSF,345,52439
result_SELECT_10_Z2LatticeGauge2D_PBC_0_0_3,inner,2,SA,0.1,Double,No_Top,346,58031
result_SELECT_10_Z2LatticeGauge2D_PBC_0_0_3,inner,2,SA,0.01,Single,Yes_Kink,382,94567
result_SELECT_10_Z2LatticeGauge2D_PBC_0_0_3,inner,2,SA,0.1,Double,No_Kink,348,87655
result_SELECT_10_Z2LatticeGauge2D_PBC_0_0_3,inner,2,SA,0.001,Proj,No_Kink,311,234828
result_SELECT_10_Z2LatticeGauge2D_PBC_0_0_3,inner,2,SA,0.1,Proj,No_MSF,300,4780
result_SELECT_10_Z2LatticeGauge2D_PBC_0_0_3,inner,2,SA,0.1,Proj,No_Top,300,10284
result_SELECT_10_Z2LatticeGauge2D_PBC_0_0_3,inner,2,SA,0.001,Proj,Yes_Kink,311,233781
result_SELECT_10_Z2LatticeGauge2D_PBC_0_0_3,inner,2,SA,0.1,Single,No_MSF,378,57651
result_SELECT_10_Z2LatticeGauge2D_PBC_0_0_3,inner,2,SA,0.1,Double,Yes_Kink,351,87947
result_SELECT_10_Z2LatticeGauge2D_PBC_0_0_3,inner,2,SA,0.1,Single,No_Top,378,63035
result_SELECT_10_Z2LatticeGauge2D_PBC_0_0_3,inner,2,SA,0.1,Single,No_Kink,378,88098
result_SELECT_10_Z2LatticeGauge2D_PBC_0_0_3,inner,2,SA,1,Double,No_MSF,345,52439
result_SELECT_10_Z2LatticeGauge2D_PBC_0_0_3,inner,2,SA,0.1,Single,Yes_Kink,379,91914
result_SELECT_10_Z2LatticeGauge2D_PBC_0_0_3,inner,2,SA,1,Double,No_Top,346,58031
result_SELECT_10_Z2LatticeGauge2D_PBC_0_0_3,inner,2,SA,1,Double,No_Kink,346,83142
result_SELECT_10_Z2LatticeGauge2D_PBC_0_0_3,inner,2,SA,0.01,Proj,No_Kink,310,240594
result_SELECT_10_Z2LatticeGauge2D_PBC_0_0_3,inner,2,SA,1,Proj,No_MSF,300,4780
result_SELECT_10_Z2LatticeGauge2D_PBC_0_0_3,inner,2,SA,1,Proj,No_Top,300,10284
result_SELECT_10_Z2LatticeGauge2D_PBC_0_0_3,inner,2,SA,1,Double,Yes_Kink,360,84366
result_SELECT_10_Z2LatticeGauge2D_PBC_0_0_3,inner,2,SA,1,Single,No_MSF,378,57651
result_SELECT_10_Z2LatticeGauge2D_PBC_0_0_3,inner,2,SA,0.01,Proj,Yes_Kink,310,234819
result_SELECT_10_Z2LatticeGauge2D_PBC_0_0_3,inner,2,SA,1,Single,No_Top,378,63035
result_SELECT_10_Z2LatticeGauge2D_PBC_0_0_3,inner,2,SA,1,Single,No_Kink,378,83939
result_SELECT_10_Z2LatticeGauge2D_PBC_0_0_3,inner,2,random,0,Double,No_MSF,345,52439
result_SELECT_10_Z2LatticeGauge2D_PBC_0_0_3,inner,2,random,0,Double,No_Top,346,58031
result_SELECT_10_Z2LatticeGauge2D_PBC_0_0_3,inner,2,SA,1,Single,Yes_Kink,378,87523
result_SELECT_10_Z2LatticeGauge2D_PBC_0_0_3,inner,2,random,0,Proj,No_MSF,300,4780
result_SELECT_10_Z2LatticeGauge2D_PBC_0_0_3,inner,2,SA,0.1,Proj,No_Kink,311,222629
result_SELECT_10_Z2LatticeGauge2D_PBC_0_0_3,inner,2,random,0,Double,No_Kink,359,117748
result_SELECT_10_Z2LatticeGauge2D_PBC_0_0_3,inner,2,random,0,Proj,No_Top,300,10284
result_SELECT_10_Z2LatticeGauge2D_PBC_0_0_3,inner,2,SA,0.1,Proj,Yes_Kink,311,221119
result_SELECT_10_Z2LatticeGauge2D_PBC_0_0_3,inner,2,random,0,Double,Yes_Kink,371,118917
result_SELECT_10_Z2LatticeGauge2D_PBC_0_0_3,inner,2,random,0,Single,No_MSF,378,57651
result_SELECT_10_Z2LatticeGauge2D_PBC_0_0_3,inner,2,random,0,Single,No_Top,378,63035
result_SELECT_10_Z2LatticeGauge2D_PBC_0_0_3,outer,1,SA,0.001,Double,No_MSF,345,52439
result_SELECT_10_Z2LatticeGauge2D_PBC_0_0_3,inner,2,SA,1,Proj,No_Kink,307,205827
result_SELECT_10_Z2LatticeGauge2D_PBC_0_0_3,outer,1,SA,0.001,Double,No_Top,346,58031
result_SELECT_10_Z2LatticeGauge2D_PBC_0_0_3,inner,2,random,0,Single,No_Kink,380,118047
result_SELECT_10_Z2LatticeGauge2D_PBC_0_0_3,outer,1,SA,0.001,Double,No_Kink,354,96099
result_SELECT_10_Z2LatticeGauge2D_PBC_0_0_3,inner,2,SA,1,Proj,Yes_Kink,308,203688
result_SELECT_10_Z2LatticeGauge2D_PBC_0_0_3,inner,2,random,0,Single,Yes_Kink,379,120283
result_SELECT_10_Z2LatticeGauge2D_PBC_0_0_3,outer,1,SA,0.001,Proj,No_MSF,300,4780
result_SELECT_10_Z2LatticeGauge2D_PBC_0_0_3,outer,1,SA,0.001,Proj,No_Top,300,10284
result_SELECT_10_Z2LatticeGauge2D_PBC_0_0_3,outer,1,SA,0.001,Single,No_MSF,378,57651
result_SELECT_10_Z2LatticeGauge2D_PBC_0_0_3,outer,1,SA,0.001,Single,No_Top,378,63035
result_SELECT_10_Z2LatticeGauge2D_PBC_0_0_3,outer,1,SA,0.001,Double,Yes_Kink,355,96458
result_SELECT_10_Z2LatticeGauge2D_PBC_0_0_3,outer,1,SA,0.01,Double,No_Top,346,58031
result_SELECT_10_Z2LatticeGauge2D_PBC_0_0_3,outer,1,SA,0.01,Double,No_MSF,345,52439
result_SELECT_10_Z2LatticeGauge2D_PBC_0_0_3,outer,1,SA,0.001,Single,No_Kink,378,97513
result_SELECT_10_Z2LatticeGauge2D_PBC_0_0_3,outer,1,SA,0.01,Proj,No_MSF,300,4780
result_SELECT_10_Z2LatticeGauge2D_PBC_0_0_3,outer,1,SA,0.01,Double,No_Kink,350,96671
result_SELECT_10_Z2LatticeGauge2D_PBC_0_0_3,outer,1,SA,0.01,Proj,No_Top,300,10284
result_SELECT_10_Z2LatticeGauge2D_PBC_0_0_3,outer,1,SA,0.01,Double,Yes_Kink,352,96967
result_SELECT_10_Z2LatticeGauge2D_PBC_0_0_3,outer,1,SA,0.01,Single,No_MSF,378,57651
result_SELECT_10_Z2LatticeGauge2D_PBC_0_0_3,outer,1,SA,0.01,Single,No_Top,378,63035
result_SELECT_10_Z2LatticeGauge2D_PBC_0_0_3,outer,1,SA,0.01,Single,No_Kink,380,98517
result_SELECT_10_Z2LatticeGauge2D_PBC_0_0_3,inner,2,random,0,Proj,No_Kink,310,312853
result_SELECT_10_Z2LatticeGauge2D_PBC_0_0_3,outer,1,SA,0.1,Double,No_MSF,345,52439
result_SELECT_10_Z2LatticeGauge2D_PBC_0_0_3,outer,1,SA,0.1,Double,No_Top,346,58031
result_SELECT_10_Z2LatticeGauge2D_PBC_0_0_3,inner,2,random,0,Proj,Yes_Kink,310,308090
result_SELECT_10_Z2LatticeGauge2D_PBC_0_0_3,outer,1,SA,0.1,Proj,No_MSF,300,4780
result_SELECT_10_Z2LatticeGauge2D_PBC_0_0_3,outer,1,SA,0.1,Double,No_Kink,352,97283
result_SELECT_10_Z2LatticeGauge2D_PBC_0_0_3,outer,1,SA,0.001,Proj,No_Kink,313,254558
result_SELECT_10_Z2LatticeGauge2D_PBC_0_0_3,outer,1,SA,0.1,Proj,No_Top,300,10284
result_SELECT_10_Z2LatticeGauge2D_PBC_0_0_3,outer,1,SA,0.1,Double,Yes_Kink,353,97653
result_SELECT_10_Z2LatticeGauge2D_PBC_0_0_3,outer,1,SA,0.001,Proj,Yes_Kink,315,250427
result_SELECT_10_Z2LatticeGauge2D_PBC_0_0_3,outer,1,SA,0.1,Single,No_MSF,378,57651
result_SELECT_10_Z2LatticeGauge2D_PBC_0_0_3,outer,1,SA,0.1,Single,No_Top,378,63035
result_SELECT_10_Z2LatticeGauge2D_PBC_0_0_3,outer,1,SA,1,Double,No_Top,346,58031
result_SELECT_10_Z2LatticeGauge2D_PBC_0_0_3,outer,1,SA,1,Double,No_MSF,345,52439
result_SELECT_10_Z2LatticeGauge2D_PBC_0_0_3,outer,1,SA,1,Double,No_Kink,352,89312
result_SELECT_10_Z2LatticeGauge2D_PBC_0_0_3,outer,1,SA,0.1,Single,No_Kink,380,99205
result_SELECT_10_Z2LatticeGauge2D_PBC_0_0_3,outer,1,SA,0.01,Proj,No_Kink,315,259016
result_SELECT_10_Z2LatticeGauge2D_PBC_0_0_3,outer,1,SA,1,Proj,No_MSF,300,4780
result_SELECT_10_Z2LatticeGauge2D_PBC_0_0_3,outer,1,SA,1,Proj,No_Top,300,10284
result_SELECT_10_Z2LatticeGauge2D_PBC_0_0_3,outer,1,SA,1,Double,Yes_Kink,354,89608
result_SELECT_10_Z2LatticeGauge2D_PBC_0_0_3,outer,1,SA,0.01,Proj,Yes_Kink,317,254482
result_SELECT_10_Z2LatticeGauge2D_PBC_0_0_3,outer,1,SA,1,Single,No_MSF,378,57651
result_SELECT_10_Z2LatticeGauge2D_PBC_0_0_3,outer,1,SA,1,Single,No_Top,378,63035
result_SELECT_10_Z2LatticeGauge2D_PBC_0_0_3,outer,1,SA,1,Single,No_Kink,379,90032
result_SELECT_10_Z2LatticeGauge2D_PBC_0_0_3,outer,1,random,0,Double,No_MSF,345,52439
result_SELECT_10_Z2LatticeGauge2D_PBC_0_0_3,outer,1,random,0,Double,No_Top,346,58031
result_SELECT_10_Z2LatticeGauge2D_PBC_0_0_3,outer,1,random,0,Proj,No_MSF,300,4780
result_SELECT_10_Z2LatticeGauge2D_PBC_0_0_3,outer,1,random,0,Proj,No_Top,300,10284
result_SELECT_10_Z2LatticeGauge2D_PBC_0_0_3,outer,1,SA,0.1,Proj,No_Kink,312,251321
result_SELECT_10_Z2LatticeGauge2D_PBC_0_0_3,outer,1,random,0,Double,No_Kink,354,139147
result_SELECT_10_Z2LatticeGauge2D_PBC_0_0_3,outer,1,SA,0.1,Proj,Yes_Kink,313,244457
result_SELECT_10_Z2LatticeGauge2D_PBC_0_0_3,outer,1,random,0,Single,No_MSF,378,57651
result_SELECT_10_Z2LatticeGauge2D_PBC_0_0_3,outer,1,random,0,Single,No_Top,378,63035
result_SELECT_10_Z2LatticeGauge2D_PBC_0_0_3,outer,1,random,0,Double,Yes_Kink,355,139632
result_SELECT_10_Z2LatticeGauge2D_PBC_0_0_3,outer,2,SA,0.001,Double,No_MSF,345,52439
result_SELECT_10_Z2LatticeGauge2D_PBC_0_0_3,outer,2,SA,0.001,Double,No_Top,346,58031
result_SELECT_10_Z2LatticeGauge2D_PBC_0_0_3,outer,2,SA,0.001,Double,No_Kink,353,94009
result_SELECT_10_Z2LatticeGauge2D_PBC_0_0_3,outer,1,SA,1,Proj,No_Kink,308,248280
result_SELECT_10_Z2LatticeGauge2D_PBC_0_0_3,outer,2,SA,0.001,Proj,No_MSF,300,4780
result_SELECT_10_Z2LatticeGauge2D_PBC_0_0_3,outer,2,SA,0.001,Proj,No_Top,300,10284
result_SELECT_10_Z2LatticeGauge2D_PBC_0_0_3,outer,1,random,0,Single,No_Kink,384,154425
result_SELECT_10_Z2LatticeGauge2D_PBC_0_0_3,outer,1,SA,1,Proj,Yes_Kink,312,251126
result_SELECT_10_Z2LatticeGauge2D_PBC_0_0_3,outer,2,SA,0.001,Double,Yes_Kink,365,94243
result_SELECT_10_Z2LatticeGauge2D_PBC_0_0_3,outer,2,SA,0.001,Single,No_MSF,378,57651
result_SELECT_10_Z2LatticeGauge2D_PBC_0_0_3,outer,2,SA,0.001,Single,No_Top,378,63035
result_SELECT_10_Z2LatticeGauge2D_PBC_0_0_3,outer,2,SA,0.01,Double,No_MSF,345,52439
result_SELECT_10_Z2LatticeGauge2D_PBC_0_0_3,outer,2,SA,0.001,Single,No_Kink,378,94439
result_SELECT_10_Z2LatticeGauge2D_PBC_0_0_3,outer,2,SA,0.01,Double,No_Top,346,58031
result_SELECT_10_Z2LatticeGauge2D_PBC_0_0_3,outer,2,SA,0.001,Single,Yes_Kink,378,97475
result_SELECT_10_Z2LatticeGauge2D_PBC_0_0_3,outer,2,SA,0.01,Double,No_Kink,352,91812
result_SELECT_10_Z2LatticeGauge2D_PBC_0_0_3,outer,2,SA,0.01,Proj,No_MSF,300,4780
result_SELECT_10_Z2LatticeGauge2D_PBC_0_0_3,outer,2,SA,0.01,Proj,No_Top,300,10284
result_SELECT_10_Z2LatticeGauge2D_PBC_0_0_3,outer,2,SA,0.01,Double,Yes_Kink,352,91230
result_SELECT_10_Z2LatticeGauge2D_PBC_0_0_3,outer,2,SA,0.01,Single,No_MSF,378,57651
result_SELECT_10_Z2LatticeGauge2D_PBC_0_0_3,outer,2,SA,0.01,Single,No_Top,378,63035
result_SELECT_10_Z2LatticeGauge2D_PBC_0_0_3,outer,1,random,0,Proj,No_Kink,316,321047
result_SELECT_10_Z2LatticeGauge2D_PBC_0_0_3,outer,2,SA,0.01,Single,No_Kink,378,91615
result_SELECT_10_Z2LatticeGauge2D_PBC_0_0_3,outer,1,random,0,Proj,Yes_Kink,317,311408
result_SELECT_10_Z2LatticeGauge2D_PBC_0_0_3,outer,2,SA,0.1,Double,No_MSF,345,52439
result_SELECT_10_Z2LatticeGauge2D_PBC_0_0_3,outer,2,SA,0.1,Double,No_Top,346,58031
result_SELECT_10_Z2LatticeGauge2D_PBC_0_0_3,outer,2,SA,0.01,Single,Yes_Kink,379,95686
result_SELECT_10_Z2LatticeGauge2D_PBC_0_0_3,outer,2,SA,0.1,Double,No_Kink,357,92503
result_SELECT_10_Z2LatticeGauge2D_PBC_0_0_3,outer,2,SA,0.1,Proj,No_MSF,300,4780
result_SELECT_10_Z2LatticeGauge2D_PBC_0_0_3,outer,2,SA,0.1,Proj,No_Top,300,10284
result_SELECT_10_Z2LatticeGauge2D_PBC_0_0_3,outer,2,SA,0.001,Proj,No_Kink,311,275726
result_SELECT_10_Z2LatticeGauge2D_PBC_0_0_3,outer,2,SA,0.001,Proj,Yes_Kink,311,270158
result_SELECT_10_Z2LatticeGauge2D_PBC_0_0_3,outer,2,SA,0.1,Single,No_MSF,378,57651
result_SELECT_10_Z2LatticeGauge2D_PBC_0_0_3,outer,2,SA,0.1,Single,No_Top,378,63035
result_SELECT_10_Z2LatticeGauge2D_PBC_0_0_3,outer,2,SA,0.1,Double,Yes_Kink,357,91666
result_SELECT_10_Z2LatticeGauge2D_PBC_0_0_3,outer,2,SA,1,Double,No_MSF,345,52439
result_SELECT_10_Z2LatticeGauge2D_PBC_0_0_3,outer,2,SA,0.1,Single,No_Kink,378,91688
result_SELECT_10_Z2LatticeGauge2D_PBC_0_0_3,outer,2,SA,1,Double,No_Top,346,58031
result_SELECT_10_Z2LatticeGauge2D_PBC_0_0_3,outer,2,SA,0.01,Proj,No_Kink,311,267310
result_SELECT_10_Z2LatticeGauge2D_PBC_0_0_3,outer,2,SA,1,Double,No_Kink,353,85170
result_SELECT_10_Z2LatticeGauge2D_PBC_0_0_3,outer,2,SA,0.1,Single,Yes_Kink,379,96419
result_SELECT_10_Z2LatticeGauge2D_PBC_0_0_3,outer,2,SA,1,Proj,No_MSF,300,4780
result_SELECT_10_Z2LatticeGauge2D_PBC_0_0_3,outer,2,SA,1,Proj,No_Top,300,10284
result_SELECT_10_Z2LatticeGauge2D_PBC_0_0_3,outer,2,SA,1,Double,Yes_Kink,367,85990
result_SELECT_10_Z2LatticeGauge2D_PBC_0_0_3,outer,2,SA,1,Single,No_MSF,378,57651
result_SELECT_10_Z2LatticeGauge2D_PBC_0_0_3,outer,2,SA,0.01,Proj,Yes_Kink,312,263904
result_SELECT_10_Z2LatticeGauge2D_PBC_0_0_3,outer,2,SA,1,Single,No_Top,378,63035
result_SELECT_10_Z2LatticeGauge2D_PBC_0_0_3,outer,2,SA,1,Single,No_Kink,378,85157
result_SELECT_10_Z2LatticeGauge2D_PBC_0_0_3,outer,2,random,0,Double,No_MSF,345,52439
result_SELECT_10_Z2LatticeGauge2D_PBC_0_0_3,outer,2,random,0,Double,No_Top,346,58031
result_SELECT_10_Z2LatticeGauge2D_PBC_0_0_3,outer,2,SA,1,Single,Yes_Kink,378,89059
result_SELECT_10_Z2LatticeGauge2D_PBC_0_0_3,outer,2,random,0,Proj,No_MSF,300,4780
result_SELECT_10_Z2LatticeGauge2D_PBC_0_0_3,outer,2,SA,0.1,Proj,No_Kink,312,249615
result_SELECT_10_Z2LatticeGauge2D_PBC_0_0_3,outer,2,random,0,Double,No_Kink,352,119453
result_SELECT_10_Z2LatticeGauge2D_PBC_0_0_3,outer,2,random,0,Proj,No_Top,300,10284
result_SELECT_10_Z2LatticeGauge2D_PBC_0_0_3,outer,2,random,0,Single,No_MSF,378,57651
result_SELECT_10_Z2LatticeGauge2D_PBC_0_0_3,outer,2,SA,0.1,Proj,Yes_Kink,312,248735
result_SELECT_10_Z2LatticeGauge2D_PBC_0_0_3,outer,2,random,0,Double,Yes_Kink,363,120146
result_SELECT_10_Z2LatticeGauge2D_PBC_0_0_3,outer,2,random,0,Single,No_Top,378,63035
result_SELECT_10_Z2LatticeGauge2D_PBC_0_0_3,outer,2,SA,1,Proj,No_Kink,305,208996
result_SELECT_10_Z2LatticeGauge2D_PBC_0_0_4,inner,1,SA,0.001,Double,No_MSF,198,40155
result_SELECT_10_Z2LatticeGauge2D_PBC_0_0_3,outer,2,SA,1,Proj,Yes_Kink,306,201742
result_SELECT_10_Z2LatticeGauge2D_PBC_0_0_3,outer,2,random,0,Single,No_Kink,380,120753
result_SELECT_10_Z2LatticeGauge2D_PBC_0_0_4,inner,1,SA,0.001,Double,No_Top,198,46408
result_SELECT_10_Z2LatticeGauge2D_PBC_0_0_4,inner,1,SA,0.001,Proj,No_MSF,155,5404
result_SELECT_10_Z2LatticeGauge2D_PBC_0_0_4,inner,1,SA,0.001,Proj,No_Top,155,11676
result_SELECT_10_Z2LatticeGauge2D_PBC_0_0_4,inner,1,SA,0.001,Double,No_Kink,214,95826
result_SELECT_10_Z2LatticeGauge2D_PBC_0_0_3,outer,2,random,0,Single,Yes_Kink,378,122849
result_SELECT_10_Z2LatticeGauge2D_PBC_0_0_4,inner,1,SA,0.001,Single,No_MSF,217,45790
result_SELECT_10_Z2LatticeGauge2D_PBC_0_0_4,inner,1,SA,0.001,Single,No_Top,217,51798
result_SELECT_10_Z2LatticeGauge2D_PBC_0_0_4,inner,1,SA,0.001,Double,Yes_Kink,210,96247
result_SELECT_10_Z2LatticeGauge2D_PBC_0_0_4,inner,1,SA,0.01,Double,No_MSF,198,40155
result_SELECT_10_Z2LatticeGauge2D_PBC_0_0_4,inner,1,SA,0.01,Double,No_Top,198,46408
result_SELECT_10_Z2LatticeGauge2D_PBC_0_0_4,inner,1,SA,0.001,Single,No_Kink,221,96432
result_SELECT_10_Z2LatticeGauge2D_PBC_0_0_4,inner,1,SA,0.01,Proj,No_MSF,155,5404
result_SELECT_10_Z2LatticeGauge2D_PBC_0_0_4,inner,1,SA,0.01,Proj,No_Top,155,11676
result_SELECT_10_Z2LatticeGauge2D_PBC_0_0_4,inner,1,SA,0.01,Double,No_Kink,208,93265
result_SELECT_10_Z2LatticeGauge2D_PBC_0_0_4,inner,1,SA,0.01,Double,Yes_Kink,212,95210
result_SELECT_10_Z2LatticeGauge2D_PBC_0_0_3,outer,2,random,0,Proj,No_Kink,312,317898
result_SELECT_10_Z2LatticeGauge2D_PBC_0_0_4,inner,1,SA,0.01,Single,No_MSF,217,45790
result_SELECT_10_Z2LatticeGauge2D_PBC_0_0_4,inner,1,SA,0.01,Single,No_Top,217,51798
result_SELECT_10_Z2LatticeGauge2D_PBC_0_0_3,outer,2,random,0,Proj,Yes_Kink,312,309354
result_SELECT_10_Z2LatticeGauge2D_PBC_0_0_4,inner,1,SA,0.01,Single,No_Kink,222,95016
result_SELECT_10_Z2LatticeGauge2D_PBC_0_0_4,inner,1,SA,0.1,Double,No_MSF,198,40155
result_SELECT_10_Z2LatticeGauge2D_PBC_0_0_4,inner,1,SA,0.1,Double,No_Top,198,46408
result_SELECT_10_Z2LatticeGauge2D_PBC_0_0_4,inner,1,SA,0.001,Proj,Yes_Kink,172,237529
result_SELECT_10_Z2LatticeGauge2D_PBC_0_0_4,inner,1,SA,0.001,Proj,No_Kink,170,236405
result_SELECT_10_Z2LatticeGauge2D_PBC_0_0_4,inner,1,SA,0.1,Proj,No_MSF,155,5404
result_SELECT_10_Z2LatticeGauge2D_PBC_0_0_4,inner,1,SA,0.1,Double,No_Kink,208,91738
result_SELECT_10_Z2LatticeGauge2D_PBC_0_0_4,inner,1,SA,0.1,Single,No_MSF,217,45790
result_SELECT_10_Z2LatticeGauge2D_PBC_0_0_4,inner,1,SA,0.1,Proj,No_Top,155,11676
result_SELECT_10_Z2LatticeGauge2D_PBC_0_0_4,inner,1,SA,0.1,Single,No_Top,217,51798
result_SELECT_10_Z2LatticeGauge2D_PBC_0_0_4,inner,1,SA,0.1,Double,Yes_Kink,210,93739
result_SELECT_10_Z2LatticeGauge2D_PBC_0_0_4,inner,1,SA,1,Double,No_MSF,198,40155
result_SELECT_10_Z2LatticeGauge2D_PBC_0_0_4,inner,1,SA,0.01,Proj,No_Kink,171,232628
result_SELECT_10_Z2LatticeGauge2D_PBC_0_0_4,inner,1,SA,1,Double,No_Top,198,46408
result_SELECT_10_Z2LatticeGauge2D_PBC_0_0_4,inner,1,SA,0.1,Single,No_Kink,218,92433
result_SELECT_10_Z2LatticeGauge2D_PBC_0_0_4,inner,1,SA,1,Proj,No_MSF,155,5404
result_SELECT_10_Z2LatticeGauge2D_PBC_0_0_4,inner,1,SA,1,Proj,No_Top,155,11676
result_SELECT_10_Z2LatticeGauge2D_PBC_0_0_4,inner,1,SA,1,Double,No_Kink,206,89858
result_SELECT_10_Z2LatticeGauge2D_PBC_0_0_4,inner,1,SA,0.01,Proj,Yes_Kink,172,233361
result_SELECT_10_Z2LatticeGauge2D_PBC_0_0_4,inner,1,SA,1,Single,No_MSF,217,45790
result_SELECT_10_Z2LatticeGauge2D_PBC_0_0_4,inner,1,SA,1,Single,No_Top,217,51798
result_SELECT_10_Z2LatticeGauge2D_PBC_0_0_4,inner,1,random,0,Double,No_MSF,198,40155
result_SELECT_10_Z2LatticeGauge2D_PBC_0_0_4,inner,1,SA,1,Double,Yes_Kink,205,91610
result_SELECT_10_Z2LatticeGauge2D_PBC_0_0_4,inner,1,random,0,Double,No_Top,198,46408
result_SELECT_10_Z2LatticeGauge2D_PBC_0_0_4,inner,1,SA,1,Single,No_Kink,222,91156
result_SELECT_10_Z2LatticeGauge2D_PBC_0_0_4,inner,1,SA,0.1,Proj,No_Kink,172,221562
result_SELECT_10_Z2LatticeGauge2D_PBC_0_0_4,inner,1,random,0,Proj,No_MSF,155,5404
result_SELECT_10_Z2LatticeGauge2D_PBC_0_0_4,inner,1,random,0,Proj,No_Top,155,11676
result_SELECT_10_Z2LatticeGauge2D_PBC_0_0_4,inner,1,SA,0.1,Proj,Yes_Kink,173,227603
result_SELECT_10_Z2LatticeGauge2D_PBC_0_0_4,inner,1,random,0,Single,No_MSF,217,45790
result_SELECT_10_Z2LatticeGauge2D_PBC_0_0_4,inner,1,random,0,Double,No_Kink,233,164731
result_SELECT_10_Z2LatticeGauge2D_PBC_0_0_4,inner,1,random,0,Single,No_Top,217,51798
result_SELECT_10_Z2LatticeGauge2D_PBC_0_0_4,inner,1,SA,1,Proj,No_Kink,169,229418
result_SELECT_10_Z2LatticeGauge2D_PBC_0_0_4,inner,1,SA,1,Proj,Yes_Kink,170,228112
result_SELECT_10_Z2LatticeGauge2D_PBC_0_0_4,inner,2,SA,0.001,Double,No_MSF,198,40155
result_SELECT_10_Z2LatticeGauge2D_PBC_0_0_4,inner,1,random,0,Double,Yes_Kink,232,165820
result_SELECT_10_Z2LatticeGauge2D_PBC_0_0_4,inner,2,SA,0.001,Double,No_Top,198,46408
result_SELECT_10_Z2LatticeGauge2D_PBC_0_0_4,inner,2,SA,0.001,Double,No_Kink,203,85229
result_SELECT_10_Z2LatticeGauge2D_PBC_0_0_4,inner,2,SA,0.001,Proj,No_MSF,155,5404
result_SELECT_10_Z2LatticeGauge2D_PBC_0_0_4,inner,2,SA,0.001,Proj,No_Top,155,11676
result_SELECT_10_Z2LatticeGauge2D_PBC_0_0_4,inner,1,random,0,Single,No_Kink,287,194425
result_SELECT_10_Z2LatticeGauge2D_PBC_0_0_4,inner,2,SA,0.001,Double,Yes_Kink,207,86432
result_SELECT_10_Z2LatticeGauge2D_PBC_0_0_4,inner,2,SA,0.001,Single,No_MSF,217,45790
result_SELECT_10_Z2LatticeGauge2D_PBC_0_0_4,inner,2,SA,0.001,Single,No_Top,217,51798
result_SELECT_10_Z2LatticeGauge2D_PBC_0_0_4,inner,2,SA,0.01,Double,No_MSF,198,40155
result_SELECT_10_Z2LatticeGauge2D_PBC_0_0_4,inner,2,SA,0.01,Double,No_Top,198,46408
result_SELECT_10_Z2LatticeGauge2D_PBC_0_0_4,inner,1,random,0,Proj,No_Kink,175,258859
result_SELECT_10_Z2LatticeGauge2D_PBC_0_0_4,inner,2,SA,0.001,Single,No_Kink,218,85562
result_SELECT_10_Z2LatticeGauge2D_PBC_0_0_4,inner,2,SA,0.001,Single,Yes_Kink,218,89519
result_SELECT_10_Z2LatticeGauge2D_PBC_0_0_4,inner,1,random,0,Proj,Yes_Kink,177,257995
result_SELECT_10_Z2LatticeGauge2D_PBC_0_0_4,inner,2,SA,0.01,Double,No_Kink,202,85198
result_SELECT_10_Z2LatticeGauge2D_PBC_0_0_4,inner,2,SA,0.01,Proj,No_MSF,155,5404
result_SELECT_10_Z2LatticeGauge2D_PBC_0_0_4,inner,2,SA,0.01,Proj,No_Top,155,11676
result_SELECT_10_Z2LatticeGauge2D_PBC_0_0_4,inner,2,SA,0.01,Single,No_MSF,217,45790
result_SELECT_10_Z2LatticeGauge2D_PBC_0_0_4,inner,2,SA,0.01,Double,Yes_Kink,207,86041
result_SELECT_10_Z2LatticeGauge2D_PBC_0_0_4,inner,2,SA,0.01,Single,No_Top,217,51798
result_SELECT_10_Z2LatticeGauge2D_PBC_0_0_4,inner,2,SA,0.01,Single,No_Kink,217,85169
result_SELECT_10_Z2LatticeGauge2D_PBC_0_0_4,inner,2,SA,0.1,Double,No_MSF,198,40155
result_SELECT_10_Z2LatticeGauge2D_PBC_0_0_4,inner,2,SA,0.1,Double,No_Top,198,46408
result_SELECT_10_Z2LatticeGauge2D_PBC_0_0_4,inner,2,SA,0.001,Proj,No_Kink,165,214638
result_SELECT_10_Z2LatticeGauge2D_PBC_0_0_4,inner,2,SA,0.001,Proj,Yes_Kink,166,218767
result_SELECT_10_Z2LatticeGauge2D_PBC_0_0_4,inner,2,SA,0.01,Single,Yes_Kink,217,89321
result_SELECT_10_Z2LatticeGauge2D_PBC_0_0_4,inner,2,SA,0.1,Double,No_Kink,201,83634
result_SELECT_10_Z2LatticeGauge2D_PBC_0_0_4,inner,2,SA,0.1,Proj,No_MSF,155,5404
result_SELECT_10_Z2LatticeGauge2D_PBC_0_0_4,inner,2,SA,0.1,Proj,No_Top,155,11676
result_SELECT_10_Z2LatticeGauge2D_PBC_0_0_4,inner,2,SA,0.1,Single,No_MSF,217,45790
result_SELECT_10_Z2LatticeGauge2D_PBC_0_0_4,inner,2,SA,0.1,Double,Yes_Kink,205,84615
result_SELECT_10_Z2LatticeGauge2D_PBC_0_0_4,inner,2,SA,0.1,Single,No_Top,217,51798
result_SELECT_10_Z2LatticeGauge2D_PBC_0_0_4,inner,2,SA,0.1,Single,No_Kink,217,83616
result_SELECT_10_Z2LatticeGauge2D_PBC_0_0_4,inner,2,SA,1,Double,No_Top,198,46408
result_SELECT_10_Z2LatticeGauge2D_PBC_0_0_4,inner,2,SA,1,Double,No_MSF,198,40155
result_SELECT_10_Z2LatticeGauge2D_PBC_0_0_4,inner,2,SA,0.1,Single,Yes_Kink,217,87469
result_SELECT_10_Z2LatticeGauge2D_PBC_0_0_4,inner,2,SA,0.01,Proj,No_Kink,168,227688
result_SELECT_10_Z2LatticeGauge2D_PBC_0_0_4,inner,2,SA,1,Double,No_Kink,206,83173
result_SELECT_10_Z2LatticeGauge2D_PBC_0_0_4,inner,2,SA,1,Proj,No_MSF,155,5404
result_SELECT_10_Z2LatticeGauge2D_PBC_0_0_4,inner,2,SA,1,Proj,No_Top,155,11676
result_SELECT_10_Z2LatticeGauge2D_PBC_0_0_4,inner,2,SA,0.01,Proj,Yes_Kink,170,229544
result_SELECT_10_Z2LatticeGauge2D_PBC_0_0_4,inner,2,SA,1,Double,Yes_Kink,210,83938
result_SELECT_10_Z2LatticeGauge2D_PBC_0_0_4,inner,2,SA,1,Single,No_MSF,217,45790
result_SELECT_10_Z2LatticeGauge2D_PBC_0_0_4,inner,2,SA,1,Single,No_Top,217,51798
result_SELECT_10_Z2LatticeGauge2D_PBC_0_0_4,inner,2,random,0,Double,No_MSF,198,40155
result_SELECT_10_Z2LatticeGauge2D_PBC_0_0_4,inner,2,SA,1,Single,No_Kink,219,81893
result_SELECT_10_Z2LatticeGauge2D_PBC_0_0_4,inner,2,random,0,Double,No_Top,198,46408
result_SELECT_10_Z2LatticeGauge2D_PBC_0_0_4,inner,2,SA,0.1,Proj,No_Kink,168,221935
result_SELECT_10_Z2LatticeGauge2D_PBC_0_0_4,inner,2,SA,1,Single,Yes_Kink,218,85602
result_SELECT_10_Z2LatticeGauge2D_PBC_0_0_4,inner,2,SA,0.1,Proj,Yes_Kink,169,216494
result_SELECT_10_Z2LatticeGauge2D_PBC_0_0_4,inner,2,random,0,Proj,No_MSF,155,5404
result_SELECT_10_Z2LatticeGauge2D_PBC_0_0_4,inner,2,random,0,Proj,No_Top,155,11676
result_SELECT_10_Z2LatticeGauge2D_PBC_0_0_4,inner,2,random,0,Single,No_MSF,217,45790
result_SELECT_10_Z2LatticeGauge2D_PBC_0_0_4,inner,2,random,0,Double,No_Kink,213,128784
result_SELECT_10_Z2LatticeGauge2D_PBC_0_0_4,inner,2,random,0,Single,No_Top,217,51798
result_SELECT_10_Z2LatticeGauge2D_PBC_0_0_4,inner,2,random,0,Double,Yes_Kink,217,129961
result_SELECT_10_Z2LatticeGauge2D_PBC_0_0_4,outer,1,SA,0.001,Double,No_MSF,198,40155
result_SELECT_10_Z2LatticeGauge2D_PBC_0_0_4,inner,2,SA,1,Proj,Yes_Kink,168,218155
result_SELECT_10_Z2LatticeGauge2D_PBC_0_0_4,inner,2,SA,1,Proj,No_Kink,167,214797
result_SELECT_10_Z2LatticeGauge2D_PBC_0_0_4,inner,2,random,0,Single,No_Kink,221,127764
result_SELECT_10_Z2LatticeGauge2D_PBC_0_0_4,outer,1,SA,0.001,Double,No_Top,198,46408
result_SELECT_10_Z2LatticeGauge2D_PBC_0_0_4,outer,1,SA,0.001,Proj,No_MSF,155,5404
result_SELECT_10_Z2LatticeGauge2D_PBC_0_0_4,outer,1,SA,0.001,Double,No_Kink,211,97349
result_SELECT_10_Z2LatticeGauge2D_PBC_0_0_4,outer,1,SA,0.001,Proj,No_Top,155,11676
result_SELECT_10_Z2LatticeGauge2D_PBC_0_0_4,inner,2,random,0,Single,Yes_Kink,220,130569
result_SELECT_10_Z2LatticeGauge2D_PBC_0_0_4,outer,1,SA,0.001,Single,No_MSF,217,45790
result_SELECT_10_Z2LatticeGauge2D_PBC_0_0_4,outer,1,SA,0.001,Single,No_Top,217,51798
result_SELECT_10_Z2LatticeGauge2D_PBC_0_0_4,outer,1,SA,0.001,Double,Yes_Kink,211,98091
result_SELECT_10_Z2LatticeGauge2D_PBC_0_0_4,outer,1,SA,0.01,Double,No_MSF,198,40155
result_SELECT_10_Z2LatticeGauge2D_PBC_0_0_4,outer,1,SA,0.001,Single,No_Kink,218,98554
result_SELECT_10_Z2LatticeGauge2D_PBC_0_0_4,outer,1,SA,0.01,Double,No_Top,198,46408
result_SELECT_10_Z2LatticeGauge2D_PBC_0_0_4,outer,1,SA,0.01,Proj,No_MSF,155,5404
result_SELECT_10_Z2LatticeGauge2D_PBC_0_0_4,inner,2,random,0,Proj,Yes_Kink,168,247717
result_SELECT_10_Z2LatticeGauge2D_PBC_0_0_4,inner,2,random,0,Proj,No_Kink,167,248232
result_SELECT_10_Z2LatticeGauge2D_PBC_0_0_4,outer,1,SA,0.01,Double,No_Kink,205,95472
result_SELECT_10_Z2LatticeGauge2D_PBC_0_0_4,outer,1,SA,0.01,Proj,No_Top,155,11676
result_SELECT_10_Z2LatticeGauge2D_PBC_0_0_4,outer,1,SA,0.01,Double,Yes_Kink,207,96356
result_SELECT_10_Z2LatticeGauge2D_PBC_0_0_4,outer,1,SA,0.01,Single,No_MSF,217,45790
result_SELECT_10_Z2LatticeGauge2D_PBC_0_0_4,outer,1,SA,0.01,Single,No_Top,217,51798
result_SELECT_10_Z2LatticeGauge2D_PBC_0_0_4,outer,1,SA,0.1,Double,No_MSF,198,40155
result_SELECT_10_Z2LatticeGauge2D_PBC_0_0_4,outer,1,SA,0.01,Single,No_Kink,219,97921
result_SELECT_10_Z2LatticeGauge2D_PBC_0_0_4,outer,1,SA,0.1,Double,No_Top,198,46408
result_SELECT_10_Z2LatticeGauge2D_PBC_0_0_4,outer,1,SA,0.001,Proj,No_Kink,173,247533
result_SELECT_10_Z2LatticeGauge2D_PBC_0_0_4,outer,1,SA,0.1,Proj,No_MSF,155,5404
result_SELECT_10_Z2LatticeGauge2D_PBC_0_0_4,outer,1,SA,0.1,Double,No_Kink,204,93441
result_SELECT_10_Z2LatticeGauge2D_PBC_0_0_4,outer,1,SA,0.1,Proj,No_Top,155,11676
result_SELECT_10_Z2LatticeGauge2D_PBC_0_0_4,outer,1,SA,0.001,Proj,Yes_Kink,175,243685
result_SELECT_10_Z2LatticeGauge2D_PBC_0_0_4,outer,1,SA,0.1,Double,Yes_Kink,208,94615
result_SELECT_10_Z2LatticeGauge2D_PBC_0_0_4,outer,1,SA,0.1,Single,No_MSF,217,45790
result_SELECT_10_Z2LatticeGauge2D_PBC_0_0_4,outer,1,SA,0.1,Single,No_Top,217,51798
result_SELECT_10_Z2LatticeGauge2D_PBC_0_0_4,outer,1,SA,1,Double,No_MSF,198,40155
result_SELECT_10_Z2LatticeGauge2D_PBC_0_0_4,outer,1,SA,1,Double,No_Top,198,46408
result_SELECT_10_Z2LatticeGauge2D_PBC_0_0_4,outer,1,SA,0.01,Proj,No_Kink,171,225945
result_SELECT_10_Z2LatticeGauge2D_PBC_0_0_4,outer,1,SA,0.1,Single,No_Kink,219,96079
result_SELECT_10_Z2LatticeGauge2D_PBC_0_0_4,outer,1,SA,1,Double,No_Kink,210,90360
result_SELECT_10_Z2LatticeGauge2D_PBC_0_0_4,outer,1,SA,1,Proj,No_MSF,155,5404
result_SELECT_10_Z2LatticeGauge2D_PBC_0_0_4,outer,1,SA,1,Proj,No_Top,155,11676
result_SELECT_10_Z2LatticeGauge2D_PBC_0_0_4,outer,1,SA,0.01,Proj,Yes_Kink,172,228823
result_SELECT_10_Z2LatticeGauge2D_PBC_0_0_4,outer,1,SA,1,Double,Yes_Kink,211,91113
result_SELECT_10_Z2LatticeGauge2D_PBC_0_0_4,outer,1,SA,1,Single,No_MSF,217,45790
result_SELECT_10_Z2LatticeGauge2D_PBC_0_0_4,outer,1,SA,1,Single,No_Top,217,51798
result_SELECT_10_Z2LatticeGauge2D_PBC_0_0_4,outer,1,random,0,Double,No_MSF,198,40155
result_SELECT_10_Z2LatticeGauge2D_PBC_0_0_4,outer,1,random,0,Double,No_Top,198,46408
result_SELECT_10_Z2LatticeGauge2D_PBC_0_0_4,outer,1,SA,1,Single,No_Kink,220,91612
result_SELECT_10_Z2LatticeGauge2D_PBC_0_0_4,outer,1,random,0,Proj,No_MSF,155,5404
result_SELECT_10_Z2LatticeGauge2D_PBC_0_0_4,outer,1,SA,0.1,Proj,No_Kink,170,229092
result_SELECT_10_Z2LatticeGauge2D_PBC_0_0_4,outer,1,SA,0.1,Proj,Yes_Kink,172,230302
result_SELECT_10_Z2LatticeGauge2D_PBC_0_0_4,outer,1,random,0,Proj,No_Top,155,11676
result_SELECT_10_Z2LatticeGauge2D_PBC_0_0_4,outer,1,random,0,Single,No_MSF,217,45790
result_SELECT_10_Z2LatticeGauge2D_PBC_0_0_4,outer,1,random,0,Single,No_Top,217,51798
result_SELECT_10_Z2LatticeGauge2D_PBC_0_0_4,outer,1,random,0,Double,No_Kink,240,171364
result_SELECT_10_Z2LatticeGauge2D_PBC_0_0_4,outer,1,SA,1,Proj,No_Kink,173,220058
result_SELECT_10_Z2LatticeGauge2D_PBC_0_0_4,outer,2,SA,0.001,Double,No_MSF,198,40155
result_SELECT_10_Z2LatticeGauge2D_PBC_0_0_4,outer,2,SA,0.001,Double,No_Top,198,46408
result_SELECT_10_Z2LatticeGauge2D_PBC_0_0_4,outer,1,random,0,Double,Yes_Kink,235,171342
result_SELECT_10_Z2LatticeGauge2D_PBC_0_0_4,outer,2,SA,0.001,Proj,No_MSF,155,5404
result_SELECT_10_Z2LatticeGauge2D_PBC_0_0_4,outer,1,SA,1,Proj,Yes_Kink,173,218879
result_SELECT_10_Z2LatticeGauge2D_PBC_0_0_4,outer,2,SA,0.001,Double,No_Kink,210,89086
result_SELECT_10_Z2LatticeGauge2D_PBC_0_0_4,outer,2,SA,0.001,Proj,No_Top,155,11676
result_SELECT_10_Z2LatticeGauge2D_PBC_0_0_4,outer,2,SA,0.001,Double,Yes_Kink,211,88916
result_SELECT_10_Z2LatticeGauge2D_PBC_0_0_4,outer,1,random,0,Single,No_Kink,298,201435
result_SELECT_10_Z2LatticeGauge2D_PBC_0_0_4,outer,2,SA,0.001,Single,No_MSF,217,45790
result_SELECT_10_Z2LatticeGauge2D_PBC_0_0_4,outer,2,SA,0.001,Single,No_Top,217,51798
result_SELECT_10_Z2LatticeGauge2D_PBC_0_0_4,outer,2,SA,0.01,Double,No_MSF,198,40155
result_SELECT_10_Z2LatticeGauge2D_PBC_0_0_4,outer,2,SA,0.001,Single,No_Kink,217,88235
result_SELECT_10_Z2LatticeGauge2D_PBC_0_0_4,outer,2,SA,0.01,Double,No_Top,198,46408
result_SELECT_10_Z2LatticeGauge2D_PBC_0_0_4,outer,1,random,0,Proj,No_Kink,177,264325
result_SELECT_10_Z2LatticeGauge2D_PBC_0_0_4,outer,2,SA,0.001,Single,Yes_Kink,217,92559
result_SELECT_10_Z2LatticeGauge2D_PBC_0_0_4,outer,1,random,0,Proj,Yes_Kink,177,263657
result_SELECT_10_Z2LatticeGauge2D_PBC_0_0_4,outer,2,SA,0.01,Proj,No_MSF,155,5404
result_SELECT_10_Z2LatticeGauge2D_PBC_0_0_4,outer,2,SA,0.01,Double,No_Kink,213,90761
result_SELECT_10_Z2LatticeGauge2D_PBC_0_0_4,outer,2,SA,0.01,Proj,No_Top,155,11676
result_SELECT_10_Z2LatticeGauge2D_PBC_0_0_4,outer,2,SA,0.01,Double,Yes_Kink,210,90181
result_SELECT_10_Z2LatticeGauge2D_PBC_0_0_4,outer,2,SA,0.01,Single,No_Top,217,51798
result_SELECT_10_Z2LatticeGauge2D_PBC_0_0_4,outer,2,SA,0.01,Single,No_MSF,217,45790
result_SELECT_10_Z2LatticeGauge2D_PBC_0_0_4,outer,2,SA,0.001,Proj,No_Kink,168,214875
result_SELECT_10_Z2LatticeGauge2D_PBC_0_0_4,outer,2,SA,0.01,Single,No_Kink,218,88842
result_SELECT_10_Z2LatticeGauge2D_PBC_0_0_4,outer,2,SA,0.1,Double,No_MSF,198,40155
result_SELECT_10_Z2LatticeGauge2D_PBC_0_0_4,outer,2,SA,0.1,Double,No_Top,198,46408
result_SELECT_10_Z2LatticeGauge2D_PBC_0_0_4,outer,2,SA,0.001,Proj,Yes_Kink,170,214642
result_SELECT_10_Z2LatticeGauge2D_PBC_0_0_4,outer,2,SA,0.1,Double,No_Kink,211,89550
result_SELECT_10_Z2LatticeGauge2D_PBC_0_0_4,outer,2,SA,0.1,Proj,No_MSF,155,5404
result_SELECT_10_Z2LatticeGauge2D_PBC_0_0_4,outer,2,SA,0.01,Single,Yes_Kink,217,93221
result_SELECT_10_Z2LatticeGauge2D_PBC_0_0_4,outer,2,SA,0.1,Proj,No_Top,155,11676
result_SELECT_10_Z2LatticeGauge2D_PBC_0_0_4,outer,2,SA,0.1,Double,Yes_Kink,214,89982
result_SELECT_10_Z2LatticeGauge2D_PBC_0_0_4,outer,2,SA,0.1,Single,No_MSF,217,45790
result_SELECT_10_Z2LatticeGauge2D_PBC_0_0_4,outer,2,SA,0.1,Single,No_Top,217,51798
result_SELECT_10_Z2LatticeGauge2D_PBC_0_0_4,outer,2,SA,1,Double,No_MSF,198,40155
result_SELECT_10_Z2LatticeGauge2D_PBC_0_0_4,outer,2,SA,0.1,Single,No_Kink,217,88144
result_SELECT_10_Z2LatticeGauge2D_PBC_0_0_4,outer,2,SA,1,Double,No_Top,198,46408
result_SELECT_10_Z2LatticeGauge2D_PBC_0_0_4,outer,2,SA,1,Double,No_Kink,209,81758
result_SELECT_10_Z2LatticeGauge2D_PBC_0_0_4,outer,2,SA,0.01,Proj,No_Kink,172,242935
result_SELECT_10_Z2LatticeGauge2D_PBC_0_0_4,outer,2,SA,1,Proj,No_MSF,155,5404
result_SELECT_10_Z2LatticeGauge2D_PBC_0_0_4,outer,2,SA,0.1,Single,Yes_Kink,217,92156
result_SELECT_10_Z2LatticeGauge2D_PBC_0_0_4,outer,2,SA,1,Proj,No_Top,155,11676
result_SELECT_10_Z2LatticeGauge2D_PBC_0_0_4,outer,2,SA,0.01,Proj,Yes_Kink,173,244269
result_SELECT_10_Z2LatticeGauge2D_PBC_0_0_4,outer,2,SA,1,Double,Yes_Kink,212,82127
result_SELECT_10_Z2LatticeGauge2D_PBC_0_0_4,outer,2,SA,1,Single,No_MSF,217,45790
result_SELECT_10_Z2LatticeGauge2D_PBC_0_0_4,outer,2,SA,1,Single,No_Top,217,51798
result_SELECT_10_Z2LatticeGauge2D_PBC_0_0_4,outer,2,SA,1,Single,No_Kink,219,81341
result_SELECT_10_Z2LatticeGauge2D_PBC_0_0_4,outer,2,random,0,Double,No_MSF,198,40155
result_SELECT_10_Z2LatticeGauge2D_PBC_0_0_4,outer,2,random,0,Double,No_Top,198,46408
result_SELECT_10_Z2LatticeGauge2D_PBC_0_0_4,outer,2,SA,0.1,Proj,No_Kink,168,225974
result_SELECT_10_Z2LatticeGauge2D_PBC_0_0_4,outer,2,SA,1,Single,Yes_Kink,218,84733
result_SELECT_10_Z2LatticeGauge2D_PBC_0_0_4,outer,2,SA,0.1,Proj,Yes_Kink,168,227369
result_SELECT_10_Z2LatticeGauge2D_PBC_0_0_4,outer,2,random,0,Proj,No_MSF,155,5404
result_SELECT_10_Z2LatticeGauge2D_PBC_0_0_4,outer,2,random,0,Proj,No_Top,155,11676
result_SELECT_10_Z2LatticeGauge2D_PBC_0_0_4,outer,2,random,0,Single,No_MSF,217,45790
result_SELECT_10_Z2LatticeGauge2D_PBC_0_0_4,outer,2,random,0,Double,No_Kink,217,128902
result_SELECT_10_Z2LatticeGauge2D_PBC_0_0_4,outer,2,random,0,Single,No_Top,217,51798
result_SELECT_10_Z2LatticeGauge2D_PBC_0_0_4,outer,2,SA,1,Proj,No_Kink,169,201963
result_SELECT_10_Z2LatticeGauge2D_PBC_0_0_4,outer,2,SA,1,Proj,Yes_Kink,170,198078
result_SELECT_10_Z2LatticeGauge2D_PBC_0_0_4,outer,2,random,0,Double,Yes_Kink,220,130205
result_SELECT_10_Z2LatticeGauge2D_PBC_0_0_5,inner,1,SA,0.001,Double,No_MSF,120,38594
result_SELECT_10_Z2LatticeGauge2D_PBC_0_0_5,inner,1,SA,0.001,Double,No_Top,120,45730
result_SELECT_10_Z2LatticeGauge2D_PBC_0_0_4,outer,2,random,0,Single,No_Kink,219,129332
result_SELECT_10_Z2LatticeGauge2D_PBC_0_0_5,inner,1,SA,0.001,Proj,No_MSF,76,6556
result_SELECT_10_Z2LatticeGauge2D_PBC_0_0_5,inner,1,SA,0.001,Proj,No_Top,76,14108
result_SELECT_10_Z2LatticeGauge2D_PBC_0_0_4,outer,2,random,0,Single,Yes_Kink,220,131955
result_SELECT_10_Z2LatticeGauge2D_PBC_0_0_5,inner,1,SA,0.001,Double,No_Kink,132,122658
result_SELECT_10_Z2LatticeGauge2D_PBC_0_0_5,inner,1,SA,0.001,Single,No_Top,143,53256
result_SELECT_10_Z2LatticeGauge2D_PBC_0_0_5,inner,1,SA,0.001,Double,Yes_Kink,139,125544
result_SELECT_10_Z2LatticeGauge2D_PBC_0_0_5,inner,1,SA,0.001,Single,No_MSF,143,46288
result_SELECT_10_Z2LatticeGauge2D_PBC_0_0_5,inner,1,SA,0.01,Double,No_MSF,120,38594
result_SELECT_10_Z2LatticeGauge2D_PBC_0_0_4,outer,2,random,0,Proj,No_Kink,171,259932
result_SELECT_10_Z2LatticeGauge2D_PBC_0_0_5,inner,1,SA,0.01,Double,No_Top,120,45730
result_SELECT_10_Z2LatticeGauge2D_PBC_0_0_5,inner,1,SA,0.001,Single,No_Kink,151,128402
result_SELECT_10_Z2LatticeGauge2D_PBC_0_0_4,outer,2,random,0,Proj,Yes_Kink,170,254687
result_SELECT_10_Z2LatticeGauge2D_PBC_0_0_5,inner,1,SA,0.01,Proj,No_MSF,76,6556
result_SELECT_10_Z2LatticeGauge2D_PBC_0_0_5,inner,1,SA,0.01,Proj,No_Top,76,14108
result_SELECT_10_Z2LatticeGauge2D_PBC_0_0_5,inner,1,SA,0.01,Single,No_MSF,143,46288
result_SELECT_10_Z2LatticeGauge2D_PBC_0_0_5,inner,1,SA,0.01,Double,No_Kink,132,119060
result_SELECT_10_Z2LatticeGauge2D_PBC_0_0_5,inner,1,SA,0.01,Double,Yes_Kink,134,123780
result_SELECT_10_Z2LatticeGauge2D_PBC_0_0_5,inner,1,SA,0.01,Single,No_Top,143,53256
result_SELECT_10_Z2LatticeGauge2D_PBC_0_0_5,inner,1,SA,0.001,Proj,No_Kink,111,243559
result_SELECT_10_Z2LatticeGauge2D_PBC_0_0_5,inner,1,SA,0.1,Double,No_MSF,120,38594
result_SELECT_10_Z2LatticeGauge2D_PBC_0_0_5,inner,1,SA,0.1,Double,No_Top,120,45730
result_SELECT_10_Z2LatticeGauge2D_PBC_0_0_5,inner,1,SA,0.001,Proj,Yes_Kink,117,246395
result_SELECT_10_Z2LatticeGauge2D_PBC_0_0_5,inner,1,SA,0.01,Single,No_Kink,150,126064
result_SELECT_10_Z2LatticeGauge2D_PBC_0_0_5,inner,1,SA,0.1,Proj,No_MSF,76,6556
result_SELECT_10_Z2LatticeGauge2D_PBC_0_0_5,inner,1,SA,0.1,Proj,No_Top,76,14108
result_SELECT_10_Z2LatticeGauge2D_PBC_0_0_5,inner,1,SA,0.1,Single,No_MSF,143,46288
result_SELECT_10_Z2LatticeGauge2D_PBC_0_0_5,inner,1,SA,0.1,Double,No_Kink,144,119568
result_SELECT_10_Z2LatticeGauge2D_PBC_0_0_5,inner,1,SA,0.1,Single,No_Top,143,53256
result_SELECT_10_Z2LatticeGauge2D_PBC_0_0_5,inner,1,SA,0.1,Double,Yes_Kink,163,125335
result_SELECT_10_Z2LatticeGauge2D_PBC_0_0_5,inner,1,SA,1,Double,No_MSF,120,38594
result_SELECT_10_Z2LatticeGauge2D_PBC_0_0_5,inner,1,SA,0.01,Proj,No_Kink,109,240575
result_SELECT_10_Z2LatticeGauge2D_PBC_0_0_5,inner,1,SA,0.01,Proj,Yes_Kink,112,239624
result_SELECT_10_Z2LatticeGauge2D_PBC_0_0_5,inner,1,SA,1,Double,No_Top,120,45730
result_SELECT_10_Z2LatticeGauge2D_PBC_0_0_5,inner,1,SA,1,Proj,No_MSF,76,6556
result_SELECT_10_Z2LatticeGauge2D_PBC_0_0_5,inner,1,SA,0.1,Single,No_Kink,148,126611
result_SELECT_10_Z2LatticeGauge2D_PBC_0_0_5,inner,1,SA,1,Proj,No_Top,76,14108
result_SELECT_10_Z2LatticeGauge2D_PBC_0_0_5,inner,1,SA,1,Double,No_Kink,140,108971
result_SELECT_10_Z2LatticeGauge2D_PBC_0_0_5,inner,1,SA,1,Single,No_MSF,143,46288
result_SELECT_10_Z2LatticeGauge2D_PBC_0_0_5,inner,1,SA,1,Double,Yes_Kink,146,115858
result_SELECT_10_Z2LatticeGauge2D_PBC_0_0_5,inner,1,SA,1,Single,No_Top,143,53256
result_SELECT_10_Z2LatticeGauge2D_PBC_0_0_5,inner,1,random,0,Double,No_MSF,120,38594
result_SELECT_10_Z2LatticeGauge2D_PBC_0_0_5,inner,1,SA,0.1,Proj,No_Kink,111,242456
result_SELECT_10_Z2LatticeGauge2D_PBC_0_0_5,inner,1,SA,1,Single,No_Kink,150,114066
result_SELECT_10_Z2LatticeGauge2D_PBC_0_0_5,inner,1,random,0,Double,No_Top,120,45730
result_SELECT_10_Z2LatticeGauge2D_PBC_0_0_5,inner,1,SA,0.1,Proj,Yes_Kink,111,240501
result_SELECT_10_Z2LatticeGauge2D_PBC_0_0_5,inner,1,random,0,Proj,No_MSF,76,6556
result_SELECT_10_Z2LatticeGauge2D_PBC_0_0_5,inner,1,random,0,Proj,No_Top,76,14108
result_SELECT_10_Z2LatticeGauge2D_PBC_0_0_5,inner,1,random,0,Single,No_MSF,143,46288
result_SELECT_10_Z2LatticeGauge2D_PBC_0_0_5,inner,1,random,0,Single,No_Top,143,53256
result_SELECT_10_Z2LatticeGauge2D_PBC_0_0_5,inner,1,SA,1,Proj,No_Kink,104,226153
result_SELECT_10_Z2LatticeGauge2D_PBC_0_0_5,inner,1,SA,1,Proj,Yes_Kink,105,227407
result_SELECT_10_Z2LatticeGauge2D_PBC_0_0_5,inner,2,SA,0.001,Double,No_MSF,120,38594
result_SELECT_10_Z2LatticeGauge2D_PBC_0_0_5,inner,2,SA,0.001,Double,No_Top,120,45730
result_SELECT_10_Z2LatticeGauge2D_PBC_0_0_5,inner,2,SA,0.001,Double,No_Kink,151,101482
result_SELECT_10_Z2LatticeGauge2D_PBC_0_0_5,inner,1,random,0,Double,No_Kink,183,242451
result_SELECT_10_Z2LatticeGauge2D_PBC_0_0_5,inner,1,random,0,Double,Yes_Kink,191,246669
result_SELECT_10_Z2LatticeGauge2D_PBC_0_0_5,inner,2,SA,0.001,Proj,No_Top,76,14108
result_SELECT_10_Z2LatticeGauge2D_PBC_0_0_5,inner,2,SA,0.001,Proj,No_MSF,76,6556
result_SELECT_10_Z2LatticeGauge2D_PBC_0_0_5,inner,2,SA,0.001,Double,Yes_Kink,152,103764
result_SELECT_10_Z2LatticeGauge2D_PBC_0_0_5,inner,1,random,0,Single,No_Kink,273,280580
result_SELECT_10_Z2LatticeGauge2D_PBC_0_0_5,inner,2,SA,0.001,Single,No_MSF,143,46288
result_SELECT_10_Z2LatticeGauge2D_PBC_0_0_5,inner,2,SA,0.001,Single,No_Top,143,53256
result_SELECT_10_Z2LatticeGauge2D_PBC_0_0_5,inner,2,SA,0.01,Double,No_MSF,120,38594
result_SELECT_10_Z2LatticeGauge2D_PBC_0_0_5,inner,1,random,0,Proj,No_Kink,130,301628
result_SELECT_10_Z2LatticeGauge2D_PBC_0_0_5,inner,2,SA,0.001,Single,No_Kink,143,99559
result_SELECT_10_Z2LatticeGauge2D_PBC_0_0_5,inner,2,SA,0.01,Double,No_Top,120,45730
result_SELECT_10_Z2LatticeGauge2D_PBC_0_0_5,inner,1,random,0,Proj,Yes_Kink,133,304871
result_SELECT_10_Z2LatticeGauge2D_PBC_0_0_5,inner,2,SA,0.001,Single,Yes_Kink,143,104343
result_SELECT_10_Z2LatticeGauge2D_PBC_0_0_5,inner,2,SA,0.01,Proj,No_MSF,76,6556
result_SELECT_10_Z2LatticeGauge2D_PBC_0_0_5,inner,2,SA,0.01,Double,No_Kink,137,101750
result_SELECT_10_Z2LatticeGauge2D_PBC_0_0_5,inner,2,SA,0.01,Proj,No_Top,76,14108
result_SELECT_10_Z2LatticeGauge2D_PBC_0_0_5,inner,2,SA,0.01,Double,Yes_Kink,139,102917
result_SELECT_10_Z2LatticeGauge2D_PBC_0_0_5,inner,2,SA,0.01,Single,No_MSF,143,46288
result_SELECT_10_Z2LatticeGauge2D_PBC_0_0_5,inner,2,SA,0.01,Single,No_Top,143,53256
result_SELECT_10_Z2LatticeGauge2D_PBC_0_0_5,inner,2,SA,0.001,Proj,No_Kink,94,212641
result_SELECT_10_Z2LatticeGauge2D_PBC_0_0_5,inner,2,SA,0.1,Double,No_MSF,120,38594
result_SELECT_10_Z2LatticeGauge2D_PBC_0_0_5,inner,2,SA,0.001,Proj,Yes_Kink,98,215463
result_SELECT_10_Z2LatticeGauge2D_PBC_0_0_5,inner,2,SA,0.1,Double,No_Top,120,45730
result_SELECT_10_Z2LatticeGauge2D_PBC_0_0_5,inner,2,SA,0.01,Single,No_Kink,146,101001
result_SELECT_10_Z2LatticeGauge2D_PBC_0_0_5,inner,2,SA,0.1,Double,No_Kink,131,97791
result_SELECT_10_Z2LatticeGauge2D_PBC_0_0_5,inner,2,SA,0.1,Proj,No_MSF,76,6556
result_SELECT_10_Z2LatticeGauge2D_PBC_0_0_5,inner,2,SA,0.01,Single,Yes_Kink,147,106357
result_SELECT_10_Z2LatticeGauge2D_PBC_0_0_5,inner,2,SA,0.1,Proj,No_Top,76,14108
result_SELECT_10_Z2LatticeGauge2D_PBC_0_0_5,inner,2,SA,0.1,Single,No_MSF,143,46288
result_SELECT_10_Z2LatticeGauge2D_PBC_0_0_5,inner,2,SA,0.1,Double,Yes_Kink,137,99962
result_SELECT_10_Z2LatticeGauge2D_PBC_0_0_5,inner,2,SA,0.1,Single,No_Top,143,53256
result_SELECT_10_Z2LatticeGauge2D_PBC_0_0_5,inner,2,SA,0.01,Proj,No_Kink,96,216452
result_SELECT_10_Z2LatticeGauge2D_PBC_0_0_5,inner,2,SA,1,Double,No_MSF,120,38594
result_SELECT_10_Z2LatticeGauge2D_PBC_0_0_5,inner,2,SA,0.01,Proj,Yes_Kink,100,218620
result_SELECT_10_Z2LatticeGauge2D_PBC_0_0_5,inner,2,SA,0.1,Single,No_Kink,144,97093
result_SELECT_10_Z2LatticeGauge2D_PBC_0_0_5,inner,2,SA,1,Double,No_Top,120,45730
result_SELECT_10_Z2LatticeGauge2D_PBC_0_0_5,inner,2,SA,1,Double,No_Kink,130,96501
result_SELECT_10_Z2LatticeGauge2D_PBC_0_0_5,inner,2,SA,1,Proj,No_Top,76,14108
result_SELECT_10_Z2LatticeGauge2D_PBC_0_0_5,inner,2,SA,0.1,Single,Yes_Kink,143,102231
result_SELECT_10_Z2LatticeGauge2D_PBC_0_0_5,inner,2,SA,1,Proj,No_MSF,76,6556
result_SELECT_10_Z2LatticeGauge2D_PBC_0_0_5,inner,2,SA,1,Single,No_MSF,143,46288
result_SELECT_10_Z2LatticeGauge2D_PBC_0_0_5,inner,2,SA,1,Single,No_Top,143,53256
result_SELECT_10_Z2LatticeGauge2D_PBC_0_0_5,inner,2,SA,1,Double,Yes_Kink,132,97779
result_SELECT_10_Z2LatticeGauge2D_PBC_0_0_5,inner,2,SA,0.1,Proj,No_Kink,97,206295
result_SELECT_10_Z2LatticeGauge2D_PBC_0_0_5,inner,2,SA,0.1,Proj,Yes_Kink,96,206601
result_SELECT_10_Z2LatticeGauge2D_PBC_0_0_5,inner,2,random,0,Double,No_MSF,120,38594
result_SELECT_10_Z2LatticeGauge2D_PBC_0_0_5,inner,2,SA,1,Single,No_Kink,143,96448
result_SELECT_10_Z2LatticeGauge2D_PBC_0_0_5,inner,2,random,0,Double,No_Top,120,45730
result_SELECT_10_Z2LatticeGauge2D_PBC_0_0_5,inner,2,SA,1,Single,Yes_Kink,143,101058
result_SELECT_10_Z2LatticeGauge2D_PBC_0_0_5,inner,2,random,0,Proj,No_MSF,76,6556
result_SELECT_10_Z2LatticeGauge2D_PBC_0_0_5,inner,2,random,0,Proj,No_Top,76,14108
result_SELECT_10_Z2LatticeGauge2D_PBC_0_0_5,inner,2,random,0,Single,No_MSF,143,46288
result_SELECT_10_Z2LatticeGauge2D_PBC_0_0_5,inner,2,random,0,Single,No_Top,143,53256
result_SELECT_10_Z2LatticeGauge2D_PBC_0_0_5,inner,2,SA,1,Proj,No_Kink,94,204116
result_SELECT_10_Z2LatticeGauge2D_PBC_0_0_5,inner,2,random,0,Double,No_Kink,145,171719
result_SELECT_10_Z2LatticeGauge2D_PBC_0_0_5,inner,2,SA,1,Proj,Yes_Kink,95,206371
result_SELECT_10_Z2LatticeGauge2D_PBC_0_0_5,outer,1,SA,0.001,Double,No_MSF,120,38594
result_SELECT_10_Z2LatticeGauge2D_PBC_0_0_5,outer,1,SA,0.001,Double,No_Top,120,45730
result_SELECT_10_Z2LatticeGauge2D_PBC_0_0_5,inner,2,random,0,Double,Yes_Kink,152,173395
result_SELECT_10_Z2LatticeGauge2D_PBC_0_0_5,outer,1,SA,0.001,Proj,No_MSF,76,6556
result_SELECT_10_Z2LatticeGauge2D_PBC_0_0_5,inner,2,random,0,Single,No_Kink,158,177958
result_SELECT_10_Z2LatticeGauge2D_PBC_0_0_5,outer,1,SA,0.001,Double,No_Kink,135,129275
result_SELECT_10_Z2LatticeGauge2D_PBC_0_0_5,outer,1,SA,0.001,Proj,No_Top,76,14108
result_SELECT_10_Z2LatticeGauge2D_PBC_0_0_5,inner,2,random,0,Single,Yes_Kink,163,181340
result_SELECT_10_Z2LatticeGauge2D_PBC_0_0_5,outer,1,SA,0.001,Single,No_MSF,143,46288
result_SELECT_10_Z2LatticeGauge2D_PBC_0_0_5,outer,1,SA,0.001,Double,Yes_Kink,137,129049
result_SELECT_10_Z2LatticeGauge2D_PBC_0_0_5,inner,2,random,0,Proj,No_Kink,112,263733
result_SELECT_10_Z2LatticeGauge2D_PBC_0_0_5,outer,1,SA,0.001,Single,No_Top,143,53256
result_SELECT_10_Z2LatticeGauge2D_PBC_0_0_5,inner,2,random,0,Proj,Yes_Kink,116,264698
result_SELECT_10_Z2LatticeGauge2D_PBC_0_0_5,outer,1,SA,0.01,Double,No_Top,120,45730
result_SELECT_10_Z2LatticeGauge2D_PBC_0_0_5,outer,1,SA,0.01,Double,No_MSF,120,38594
result_SELECT_10_Z2LatticeGauge2D_PBC_0_0_5,outer,1,SA,0.01,Proj,No_MSF,76,6556
result_SELECT_10_Z2LatticeGauge2D_PBC_0_0_5,outer,1,SA,0.001,Single,No_Kink,160,132632
result_SELECT_10_Z2LatticeGauge2D_PBC_0_0_5,outer,1,SA,0.01,Proj,No_Top,76,14108
result_SELECT_10_Z2LatticeGauge2D_PBC_0_0_5,outer,1,SA,0.01,Single,No_MSF,143,46288
result_SELECT_10_Z2LatticeGauge2D_PBC_0_0_5,outer,1,SA,0.001,Proj,No_Kink,107,243174
result_SELECT_10_Z2LatticeGauge2D_PBC_0_0_5,outer,1,SA,0.01,Double,No_Kink,133,126517
result_SELECT_10_Z2LatticeGauge2D_PBC_0_0_5,outer,1,SA,0.01,Double,Yes_Kink,136,130180
result_SELECT_10_Z2LatticeGauge2D_PBC_0_0_5,outer,1,SA,0.01,Single,No_Top,143,53256
result_SELECT_10_Z2LatticeGauge2D_PBC_0_0_5,outer,1,SA,0.1,Double,No_MSF,120,38594
result_SELECT_10_Z2LatticeGauge2D_PBC_0_0_5,outer,1,SA,0.1,Double,No_Top,120,45730
result_SELECT_10_Z2LatticeGauge2D_PBC_0_0_5,outer,1,SA,0.01,Single,No_Kink,154,132306
result_SELECT_10_Z2LatticeGauge2D_PBC_0_0_5,outer,1,SA,0.1,Proj,No_MSF,76,6556
result_SELECT_10_Z2LatticeGauge2D_PBC_0_0_5,outer,1,SA,0.001,Proj,Yes_Kink,111,244685
result_SELECT_10_Z2LatticeGauge2D_PBC_0_0_5,outer,1,SA,0.1,Proj,No_Top,76,14108
result_SELECT_10_Z2LatticeGauge2D_PBC_0_0_5,outer,1,SA,0.1,Double,No_Kink,134,128410
result_SELECT_10_Z2LatticeGauge2D_PBC_0_0_5,outer,1,SA,0.1,Single,No_MSF,143,46288
result_SELECT_10_Z2LatticeGauge2D_PBC_0_0_5,outer,1,SA,0.1,Single,No_Top,143,53256
result_SELECT_10_Z2LatticeGauge2D_PBC_0_0_5,outer,1,SA,0.1,Double,Yes_Kink,139,130470
result_SELECT_10_Z2LatticeGauge2D_PBC_0_0_5,outer,1,SA,1,Double,No_MSF,120,38594
result_SELECT_10_Z2LatticeGauge2D_PBC_0_0_5,outer,1,SA,0.1,Single,No_Kink,159,134520
result_SELECT_10_Z2LatticeGauge2D_PBC_0_0_5,outer,1,SA,0.01,Proj,No_Kink,105,241492
result_SELECT_10_Z2LatticeGauge2D_PBC_0_0_5,outer,1,SA,1,Double,No_Top,120,45730
result_SELECT_10_Z2LatticeGauge2D_PBC_0_0_5,outer,1,SA,0.01,Proj,Yes_Kink,107,243247
result_SELECT_10_Z2LatticeGauge2D_PBC_0_0_5,outer,1,SA,1,Proj,No_MSF,76,6556
result_SELECT_10_Z2LatticeGauge2D_PBC_0_0_5,outer,1,SA,1,Proj,No_Top,76,14108
result_SELECT_10_Z2LatticeGauge2D_PBC_0_0_5,outer,1,SA,1,Double,No_Kink,135,118909
result_SELECT_10_Z2LatticeGauge2D_PBC_0_0_5,outer,1,SA,1,Single,No_MSF,143,46288
result_SELECT_10_Z2LatticeGauge2D_PBC_0_0_5,outer,1,SA,1,Single,No_Top,143,53256
result_SELECT_10_Z2LatticeGauge2D_PBC_0_0_5,outer,1,SA,0.1,Proj,No_Kink,108,245104
result_SELECT_10_Z2LatticeGauge2D_PBC_0_0_5,outer,1,SA,1,Double,Yes_Kink,139,123512
result_SELECT_10_Z2LatticeGauge2D_PBC_0_0_5,outer,1,random,0,Double,No_MSF,120,38594
result_SELECT_10_Z2LatticeGauge2D_PBC_0_0_5,outer,1,random,0,Double,No_Top,120,45730
result_SELECT_10_Z2LatticeGauge2D_PBC_0_0_5,outer,1,SA,1,Single,No_Kink,155,124474
result_SELECT_10_Z2LatticeGauge2D_PBC_0_0_5,outer,1,SA,0.1,Proj,Yes_Kink,111,245962
result_SELECT_10_Z2LatticeGauge2D_PBC_0_0_5,outer,1,random,0,Proj,No_MSF,76,6556
result_SELECT_10_Z2LatticeGauge2D_PBC_0_0_5,outer,1,random,0,Proj,No_Top,76,14108
result_SELECT_10_Z2LatticeGauge2D_PBC_0_0_5,outer,1,random,0,Single,No_MSF,143,46288
result_SELECT_10_Z2LatticeGauge2D_PBC_0_0_5,outer,1,random,0,Single,No_Top,143,53256
result_SELECT_10_Z2LatticeGauge2D_PBC_0_0_5,outer,1,SA,1,Proj,No_Kink,104,231634
result_SELECT_10_Z2LatticeGauge2D_PBC_0_0_5,outer,1,SA,1,Proj,Yes_Kink,105,232340
result_SELECT_10_Z2LatticeGauge2D_PBC_0_0_5,outer,2,SA,0.001,Double,No_MSF,120,38594
result_SELECT_10_Z2LatticeGauge2D_PBC_0_0_5,outer,2,SA,0.001,Double,No_Top,120,45730
result_SELECT_10_Z2LatticeGauge2D_PBC_0_0_5,outer,2,SA,0.001,Double,No_Kink,135,113047
result_SELECT_10_Z2LatticeGauge2D_PBC_0_0_5,outer,1,random,0,Double,No_Kink,203,267946
result_SELECT_10_Z2LatticeGauge2D_PBC_0_0_5,outer,2,SA,0.001,Proj,No_MSF,76,6556
result_SELECT_10_Z2LatticeGauge2D_PBC_0_0_5,outer,2,SA,0.001,Proj,No_Top,76,14108
result_SELECT_10_Z2LatticeGauge2D_PBC_0_0_5,outer,1,random,0,Double,Yes_Kink,200,269301
result_SELECT_10_Z2LatticeGauge2D_PBC_0_0_5,outer,2,SA,0.001,Double,Yes_Kink,142,116773
result_SELECT_10_Z2LatticeGauge2D_PBC_0_0_5,outer,1,random,0,Single,No_Kink,301,308710
result_SELECT_10_Z2LatticeGauge2D_PBC_0_0_5,outer,2,SA,0.001,Single,No_Top,143,53256
result_SELECT_10_Z2LatticeGauge2D_PBC_0_0_5,outer,2,SA,0.001,Single,No_MSF,143,46288
result_SELECT_10_Z2LatticeGauge2D_PBC_0_0_5,outer,2,SA,0.01,Double,No_MSF,120,38594
result_SELECT_10_Z2LatticeGauge2D_PBC_0_0_5,outer,1,random,0,Proj,No_Kink,138,321825
result_SELECT_10_Z2LatticeGauge2D_PBC_0_0_5,outer,2,SA,0.001,Single,No_Kink,145,112990
result_SELECT_10_Z2LatticeGauge2D_PBC_0_0_5,outer,2,SA,0.01,Double,No_Top,120,45730
result_SELECT_10_Z2LatticeGauge2D_PBC_0_0_5,outer,2,SA,0.001,Single,Yes_Kink,147,118892
result_SELECT_10_Z2LatticeGauge2D_PBC_0_0_5,outer,1,random,0,Proj,Yes_Kink,140,321692
result_SELECT_10_Z2LatticeGauge2D_PBC_0_0_5,outer,2,SA,0.001,Proj,No_Kink,97,217379
result_SELECT_10_Z2LatticeGauge2D_PBC_0_0_5,outer,2,SA,0.01,Double,No_Kink,134,109529
result_SELECT_10_Z2LatticeGauge2D_PBC_0_0_5,outer,2,SA,0.01,Proj,No_MSF,76,6556
result_SELECT_10_Z2LatticeGauge2D_PBC_0_0_5,outer,2,SA,0.01,Proj,No_Top,76,14108
result_SELECT_10_Z2LatticeGauge2D_PBC_0_0_5,outer,2,SA,0.01,Single,No_MSF,143,46288
result_SELECT_10_Z2LatticeGauge2D_PBC_0_0_5,outer,2,SA,0.01,Single,No_Top,143,53256
result_SELECT_10_Z2LatticeGauge2D_PBC_0_0_5,outer,2,SA,0.01,Double,Yes_Kink,139,110965
result_SELECT_10_Z2LatticeGauge2D_PBC_0_0_5,outer,2,SA,0.001,Proj,Yes_Kink,98,219092
result_SELECT_10_Z2LatticeGauge2D_PBC_0_0_5,outer,2,SA,0.1,Double,No_MSF,120,38594
result_SELECT_10_Z2LatticeGauge2D_PBC_0_0_5,outer,2,SA,0.01,Single,No_Kink,143,110201
result_SELECT_10_Z2LatticeGauge2D_PBC_0_0_5,outer,2,SA,0.1,Double,No_Top,120,45730
result_SELECT_10_Z2LatticeGauge2D_PBC_0_0_5,outer,2,SA,0.1,Proj,No_MSF,76,6556
result_SELECT_10_Z2LatticeGauge2D_PBC_0_0_5,outer,2,SA,0.1,Proj,No_Top,76,14108
result_SELECT_10_Z2LatticeGauge2D_PBC_0_0_5,outer,2,SA,0.01,Single,Yes_Kink,145,115454
result_SELECT_10_Z2LatticeGauge2D_PBC_0_0_5,outer,2,SA,0.1,Double,No_Kink,142,110668
result_SELECT_10_Z2LatticeGauge2D_PBC_0_0_5,outer,2,SA,0.1,Single,No_MSF,143,46288
result_SELECT_10_Z2LatticeGauge2D_PBC_0_0_5,outer,2,SA,0.1,Double,Yes_Kink,144,112998
result_SELECT_10_Z2LatticeGauge2D_PBC_0_0_5,outer,2,SA,0.1,Single,No_Top,143,53256
result_SELECT_10_Z2LatticeGauge2D_PBC_0_0_5,outer,2,SA,0.01,Proj,No_Kink,96,224314
result_SELECT_10_Z2LatticeGauge2D_PBC_0_0_5,outer,2,SA,1,Double,No_MSF,120,38594
result_SELECT_10_Z2LatticeGauge2D_PBC_0_0_5,outer,2,SA,0.01,Proj,Yes_Kink,99,224323
result_SELECT_10_Z2LatticeGauge2D_PBC_0_0_5,outer,2,SA,1,Double,No_Top,120,45730
result_SELECT_10_Z2LatticeGauge2D_PBC_0_0_5,outer,2,SA,0.1,Single,No_Kink,145,109738
result_SELECT_10_Z2LatticeGauge2D_PBC_0_0_5,outer,2,SA,1,Double,No_Kink,149,101516
result_SELECT_10_Z2LatticeGauge2D_PBC_0_0_5,outer,2,SA,1,Proj,No_MSF,76,6556
result_SELECT_10_Z2LatticeGauge2D_PBC_0_0_5,outer,2,SA,0.1,Single,Yes_Kink,146,115497
result_SELECT_10_Z2LatticeGauge2D_PBC_0_0_5,outer,2,SA,1,Proj,No_Top,76,14108
result_SELECT_10_Z2LatticeGauge2D_PBC_0_0_5,outer,2,SA,1,Single,No_MSF,143,46288
result_SELECT_10_Z2LatticeGauge2D_PBC_0_0_5,outer,2,SA,1,Double,Yes_Kink,138,102098
result_SELECT_10_Z2LatticeGauge2D_PBC_0_0_5,outer,2,SA,1,Single,No_Top,143,53256
result_SELECT_10_Z2LatticeGauge2D_PBC_0_0_5,outer,2,SA,0.1,Proj,No_Kink,100,225558
result_SELECT_10_Z2LatticeGauge2D_PBC_0_0_5,outer,2,SA,1,Single,No_Kink,146,100477
result_SELECT_10_Z2LatticeGauge2D_PBC_0_0_5,outer,2,random,0,Double,No_MSF,120,38594
result_SELECT_10_Z2LatticeGauge2D_PBC_0_0_5,outer,2,SA,0.1,Proj,Yes_Kink,100,222707
result_SELECT_10_Z2LatticeGauge2D_PBC_0_0_5,outer,2,random,0,Double,No_Top,120,45730
result_SELECT_10_Z2LatticeGauge2D_PBC_0_0_5,outer,2,SA,1,Single,Yes_Kink,146,105097
result_SELECT_10_Z2LatticeGauge2D_PBC_0_0_5,outer,2,random,0,Proj,No_MSF,76,6556
result_SELECT_10_Z2LatticeGauge2D_PBC_0_0_5,outer,2,random,0,Proj,No_Top,76,14108
result_SELECT_10_Z2LatticeGauge2D_PBC_0_0_5,outer,2,random,0,Single,No_MSF,143,46288
result_SELECT_10_Z2LatticeGauge2D_PBC_0_0_5,outer,2,random,0,Single,No_Top,143,53256
result_SELECT_10_Z2LatticeGauge2D_PBC_0_0_5,outer,2,SA,1,Proj,No_Kink,96,217762
result_SELECT_10_Z2LatticeGauge2D_PBC_0_0_5,outer,2,SA,1,Proj,Yes_Kink,97,216978
result_SELECT_10_Z2LatticeGauge2D_PBC_0_0_5,outer,2,random,0,Double,No_Kink,152,186561
result_SELECT_10_Z2LatticeGauge2D_PBC_0_0_5,outer,2,random,0,Double,Yes_Kink,150,186706
result_SELECT_10_Z2LatticeGauge2D_PBC_0_0_6,inner,1,SA,0.001,Double,No_MSF,91,49002
result_SELECT_10_Z2LatticeGauge2D_PBC_0_0_6,inner,1,SA,0.001,Double,No_Top,98,59672
result_SELECT_10_Z2LatticeGauge2D_PBC_0_0_6,inner,1,SA,0.001,Proj,No_MSF,43,8796
result_SELECT_10_Z2LatticeGauge2D_PBC_0_0_5,outer,2,random,0,Single,No_Kink,168,191845
result_SELECT_10_Z2LatticeGauge2D_PBC_0_0_6,inner,1,SA,0.001,Proj,No_Top,57,18908
result_SELECT_10_Z2LatticeGauge2D_PBC_0_0_5,outer,2,random,0,Single,Yes_Kink,168,194273
result_SELECT_10_Z2LatticeGauge2D_PBC_0_0_5,outer,2,random,0,Proj,No_Kink,111,269837
result_SELECT_10_Z2LatticeGauge2D_PBC_0_0_6,inner,1,SA,0.001,Single,No_MSF,113,59577
result_SELECT_10_Z2LatticeGauge2D_PBC_0_0_6,inner,1,SA,0.001,Double,No_Kink,133,202076
result_SELECT_10_Z2LatticeGauge2D_PBC_0_0_5,outer,2,random,0,Proj,Yes_Kink,115,271743
result_SELECT_10_Z2LatticeGauge2D_PBC_0_0_6,inner,1,SA,0.001,Single,No_Top,119,70014
result_SELECT_10_Z2LatticeGauge2D_PBC_0_0_6,inner,1,SA,0.01,Double,No_MSF,91,49002
result_SELECT_10_Z2LatticeGauge2D_PBC_0_0_6,inner,1,SA,0.01,Double,No_Top,98,59672
result_SELECT_10_Z2LatticeGauge2D_PBC_0_0_6,inner,1,SA,0.001,Double,Yes_Kink,142,212364
result_SELECT_10_Z2LatticeGauge2D_PBC_0_0_6,inner,1,SA,0.01,Proj,No_MSF,43,8796
result_SELECT_10_Z2LatticeGauge2D_PBC_0_0_6,inner,1,SA,0.01,Proj,No_Top,57,18908
result_SELECT_10_Z2LatticeGauge2D_PBC_0_0_6,inner,1,SA,0.001,Single,No_Kink,164,208624
result_SELECT_10_Z2LatticeGauge2D_PBC_0_0_6,inner,1,SA,0.01,Single,No_MSF,113,59577
result_SELECT_10_Z2LatticeGauge2D_PBC_0_0_6,inner,1,SA,0.01,Double,No_Kink,137,198252
result_SELECT_10_Z2LatticeGauge2D_PBC_0_0_6,inner,1,SA,0.01,Single,No_Top,119,70014
result_SELECT_10_Z2LatticeGauge2D_PBC_0_0_6,inner,1,SA,0.01,Double,Yes_Kink,143,207618
result_SELECT_10_Z2LatticeGauge2D_PBC_0_0_6,inner,1,SA,0.1,Double,No_MSF,91,49002
result_SELECT_10_Z2LatticeGauge2D_PBC_0_0_6,inner,1,SA,0.1,Double,No_Top,98,59672
result_SELECT_10_Z2LatticeGauge2D_PBC_0_0_6,inner,1,SA,0.001,Proj,No_Kink,101,337862
result_SELECT_10_Z2LatticeGauge2D_PBC_0_0_6,inner,1,SA,0.1,Proj,No_MSF,43,8796
result_SELECT_10_Z2LatticeGauge2D_PBC_0_0_6,inner,1,SA,0.001,Proj,Yes_Kink,109,343698
result_SELECT_10_Z2LatticeGauge2D_PBC_0_0_6,inner,1,SA,0.1,Proj,No_Top,57,18908
result_SELECT_10_Z2LatticeGauge2D_PBC_0_0_6,inner,1,SA,0.01,Single,No_Kink,160,203965
result_SELECT_10_Z2LatticeGauge2D_PBC_0_0_6,inner,1,SA,0.1,Double,No_Kink,131,191063
result_SELECT_10_Z2LatticeGauge2D_PBC_0_0_6,inner,1,SA,0.1,Single,No_MSF,113,59577
result_SELECT_10_Z2LatticeGauge2D_PBC_0_0_6,inner,1,SA,0.1,Single,No_Top,119,70014
result_SELECT_10_Z2LatticeGauge2D_PBC_0_0_6,inner,1,SA,0.01,Proj,No_Kink,102,335193
result_SELECT_10_Z2LatticeGauge2D_PBC_0_0_6,inner,1,SA,1,Double,No_MSF,91,49002
result_SELECT_10_Z2LatticeGauge2D_PBC_0_0_6,inner,1,SA,1,Double,No_Top,98,59672
result_SELECT_10_Z2LatticeGauge2D_PBC_0_0_6,inner,1,SA,0.1,Double,Yes_Kink,133,198763
result_SELECT_10_Z2LatticeGauge2D_PBC_0_0_6,inner,1,SA,0.01,Proj,Yes_Kink,105,345715
result_SELECT_10_Z2LatticeGauge2D_PBC_0_0_6,inner,1,SA,1,Proj,No_MSF,43,8796
result_SELECT_10_Z2LatticeGauge2D_PBC_0_0_6,inner,1,SA,1,Proj,No_Top,57,18908
result_SELECT_10_Z2LatticeGauge2D_PBC_0_0_6,inner,1,SA,0.1,Single,No_Kink,157,196611
result_SELECT_10_Z2LatticeGauge2D_PBC_0_0_6,inner,1,SA,1,Single,No_MSF,113,59577
result_SELECT_10_Z2LatticeGauge2D_PBC_0_0_6,inner,1,SA,0.1,Proj,No_Kink,93,312126
result_SELECT_10_Z2LatticeGauge2D_PBC_0_0_6,inner,1,SA,1,Double,No_Kink,129,185141
result_SELECT_10_Z2LatticeGauge2D_PBC_0_0_6,inner,1,SA,1,Single,No_Top,119,70014
result_SELECT_10_Z2LatticeGauge2D_PBC_0_0_6,inner,1,random,0,Double,No_MSF,91,49002
result_SELECT_10_Z2LatticeGauge2D_PBC_0_0_6,inner,1,SA,1,Double,Yes_Kink,131,190632
result_SELECT_10_Z2LatticeGauge2D_PBC_0_0_6,inner,1,random,0,Double,No_Top,98,59672
result_SELECT_10_Z2LatticeGauge2D_PBC_0_0_6,inner,1,SA,1,Single,No_Kink,156,190986
result_SELECT_10_Z2LatticeGauge2D_PBC_0_0_6,inner,1,random,0,Proj,No_MSF,43,8796
result_SELECT_10_Z2LatticeGauge2D_PBC_0_0_6,inner,1,random,0,Proj,No_Top,57,18908
result_SELECT_10_Z2LatticeGauge2D_PBC_0_0_6,inner,1,SA,0.1,Proj,Yes_Kink,94,317247
result_SELECT_10_Z2LatticeGauge2D_PBC_0_0_6,inner,1,SA,1,Proj,No_Kink,92,312620
result_SELECT_10_Z2LatticeGauge2D_PBC_0_0_6,inner,1,random,0,Single,No_MSF,113,59577
result_SELECT_10_Z2LatticeGauge2D_PBC_0_0_6,inner,1,SA,1,Proj,Yes_Kink,96,316487
result_SELECT_10_Z2LatticeGauge2D_PBC_0_0_6,inner,1,random,0,Single,No_Top,119,70014
result_SELECT_10_Z2LatticeGauge2D_PBC_0_0_6,inner,2,SA,0.001,Double,No_MSF,91,49002
result_SELECT_10_Z2LatticeGauge2D_PBC_0_0_6,inner,2,SA,0.001,Double,No_Top,98,59672
result_SELECT_10_Z2LatticeGauge2D_PBC_0_0_6,inner,2,SA,0.001,Double,No_Kink,121,158825
result_SELECT_10_Z2LatticeGauge2D_PBC_0_0_6,inner,1,random,0,Double,No_Kink,191,405412
result_SELECT_10_Z2LatticeGauge2D_PBC_0_0_6,inner,2,SA,0.001,Double,Yes_Kink,127,163428
result_SELECT_10_Z2LatticeGauge2D_PBC_0_0_6,inner,1,random,0,Double,Yes_Kink,194,409365
result_SELECT_10_Z2LatticeGauge2D_PBC_0_0_6,inner,2,SA,0.001,Proj,No_Top,57,18908
result_SELECT_10_Z2LatticeGauge2D_PBC_0_0_6,inner,2,SA,0.001,Proj,No_MSF,43,8796
result_SELECT_10_Z2LatticeGauge2D_PBC_0_0_6,inner,2,SA,0.001,Single,No_MSF,113,59577
result_SELECT_10_Z2LatticeGauge2D_PBC_0_0_6,inner,2,SA,0.001,Single,No_Top,119,70014
result_SELECT_10_Z2LatticeGauge2D_PBC_0_0_6,inner,1,random,0,Single,No_Kink,296,475193
result_SELECT_10_Z2LatticeGauge2D_PBC_0_0_6,inner,2,SA,0.01,Double,No_MSF,91,49002
result_SELECT_10_Z2LatticeGauge2D_PBC_0_0_6,inner,1,random,0,Proj,No_Kink,133,475277
result_SELECT_10_Z2LatticeGauge2D_PBC_0_0_6,inner,2,SA,0.001,Single,No_Kink,125,163257
result_SELECT_10_Z2LatticeGauge2D_PBC_0_0_6,inner,2,SA,0.001,Proj,No_Kink,74,277591
result_SELECT_10_Z2LatticeGauge2D_PBC_0_0_6,inner,2,SA,0.01,Double,No_Top,98,59672
result_SELECT_10_Z2LatticeGauge2D_PBC_0_0_6,inner,2,SA,0.01,Proj,No_MSF,43,8796
result_SELECT_10_Z2LatticeGauge2D_PBC_0_0_6,inner,2,SA,0.01,Double,No_Kink,119,153331
result_SELECT_10_Z2LatticeGauge2D_PBC_0_0_6,inner,1,random,0,Proj,Yes_Kink,136,481065
result_SELECT_10_Z2LatticeGauge2D_PBC_0_0_6,inner,2,SA,0.01,Proj,No_Top,57,18908
result_SELECT_10_Z2LatticeGauge2D_PBC_0_0_6,inner,2,SA,0.001,Single,Yes_Kink,130,169470
result_SELECT_10_Z2LatticeGauge2D_PBC_0_0_6,inner,2,SA,0.01,Single,No_MSF,113,59577
result_SELECT_10_Z2LatticeGauge2D_PBC_0_0_6,inner,2,SA,0.001,Proj,Yes_Kink,77,279246
result_SELECT_10_Z2LatticeGauge2D_PBC_0_0_6,inner,2,SA,0.01,Single,No_Top,119,70014
result_SELECT_10_Z2LatticeGauge2D_PBC_0_0_6,inner,2,SA,0.1,Double,No_MSF,91,49002
result_SELECT_10_Z2LatticeGauge2D_PBC_0_0_6,inner,2,SA,0.01,Double,Yes_Kink,129,159303
result_SELECT_10_Z2LatticeGauge2D_PBC_0_0_6,inner,2,SA,0.1,Double,No_Top,98,59672
result_SELECT_10_Z2LatticeGauge2D_PBC_0_0_6,inner,2,SA,0.1,Proj,No_MSF,43,8796
result_SELECT_10_Z2LatticeGauge2D_PBC_0_0_6,inner,2,SA,0.01,Single,No_Kink,125,158477
result_SELECT_10_Z2LatticeGauge2D_PBC_0_0_6,inner,2,SA,0.01,Single,Yes_Kink,126,164388
result_SELECT_10_Z2LatticeGauge2D_PBC_0_0_6,inner,2,SA,0.1,Double,No_Kink,121,152116
result_SELECT_10_Z2LatticeGauge2D_PBC_0_0_6,inner,2,SA,0.1,Proj,No_Top,57,18908
result_SELECT_10_Z2LatticeGauge2D_PBC_0_0_6,inner,2,SA,0.1,Single,No_MSF,113,59577
result_SELECT_10_Z2LatticeGauge2D_PBC_0_0_6,inner,2,SA,0.01,Proj,No_Kink,74,271040
result_SELECT_10_Z2LatticeGauge2D_PBC_0_0_6,inner,2,SA,0.1,Double,Yes_Kink,122,157114
result_SELECT_10_Z2LatticeGauge2D_PBC_0_0_6,inner,2,SA,0.1,Single,No_Top,119,70014
result_SELECT_10_Z2LatticeGauge2D_PBC_0_0_6,inner,2,SA,1,Double,No_MSF,91,49002
result_SELECT_10_Z2LatticeGauge2D_PBC_0_0_6,inner,2,SA,0.01,Proj,Yes_Kink,81,274310
result_SELECT_10_Z2LatticeGauge2D_PBC_0_0_6,inner,2,SA,0.1,Single,No_Kink,126,156613
result_SELECT_10_Z2LatticeGauge2D_PBC_0_0_6,inner,2,SA,1,Double,No_Top,98,59672
result_SELECT_10_Z2LatticeGauge2D_PBC_0_0_6,inner,2,SA,1,Proj,No_MSF,43,8796
result_SELECT_10_Z2LatticeGauge2D_PBC_0_0_6,inner,2,SA,1,Proj,No_Top,57,18908
result_SELECT_10_Z2LatticeGauge2D_PBC_0_0_6,inner,2,SA,1,Double,No_Kink,121,146575
result_SELECT_10_Z2LatticeGauge2D_PBC_0_0_6,inner,2,SA,0.1,Single,Yes_Kink,128,162257
result_SELECT_10_Z2LatticeGauge2D_PBC_0_0_6,inner,2,SA,0.1,Proj,No_Kink,74,264813
result_SELECT_10_Z2LatticeGauge2D_PBC_0_0_6,inner,2,SA,1,Double,Yes_Kink,126,151418
result_SELECT_10_Z2LatticeGauge2D_PBC_0_0_6,inner,2,SA,1,Single,No_MSF,113,59577
result_SELECT_10_Z2LatticeGauge2D_PBC_0_0_6,inner,2,SA,1,Single,No_Top,119,70014
result_SELECT_10_Z2LatticeGauge2D_PBC_0_0_6,inner,2,random,0,Double,No_MSF,91,49002
result_SELECT_10_Z2LatticeGauge2D_PBC_0_0_6,inner,2,SA,0.1,Proj,Yes_Kink,75,268620
result_SELECT_10_Z2LatticeGauge2D_PBC_0_0_6,inner,2,random,0,Double,No_Top,98,59672
result_SELECT_10_Z2LatticeGauge2D_PBC_0_0_6,inner,2,random,0,Proj,No_MSF,43,8796
result_SELECT_10_Z2LatticeGauge2D_PBC_0_0_6,inner,2,SA,1,Single,No_Kink,127,149149
result_SELECT_10_Z2LatticeGauge2D_PBC_0_0_6,inner,2,random,0,Proj,No_Top,57,18908
result_SELECT_10_Z2LatticeGauge2D_PBC_0_0_6,inner,2,SA,1,Single,Yes_Kink,126,157555
result_SELECT_10_Z2LatticeGauge2D_PBC_0_0_6,inner,2,random,0,Single,No_MSF,113,59577
result_SELECT_10_Z2LatticeGauge2D_PBC_0_0_6,inner,2,SA,1,Proj,No_Kink,72,263501
result_SELECT_10_Z2LatticeGauge2D_PBC_0_0_6,inner,2,random,0,Single,No_Top,119,70014
result_SELECT_10_Z2LatticeGauge2D_PBC_0_0_6,inner,2,SA,1,Proj,Yes_Kink,73,264522
result_SELECT_10_Z2LatticeGauge2D_PBC_0_0_6,outer,1,SA,0.001,Double,No_MSF,91,49002
result_SELECT_10_Z2LatticeGauge2D_PBC_0_0_6,inner,2,random,0,Double,No_Kink,143,287493
result_SELECT_10_Z2LatticeGauge2D_PBC_0_0_6,outer,1,SA,0.001,Double,No_Top,98,59672
result_SELECT_10_Z2LatticeGauge2D_PBC_0_0_6,inner,2,random,0,Double,Yes_Kink,150,290167
result_SELECT_10_Z2LatticeGauge2D_PBC_0_0_6,outer,1,SA,0.001,Proj,No_MSF,43,8796
result_SELECT_10_Z2LatticeGauge2D_PBC_0_0_6,inner,2,random,0,Single,No_Kink,160,293045
result_SELECT_10_Z2LatticeGauge2D_PBC_0_0_6,outer,1,SA,0.001,Proj,No_Top,57,18908
result_SELECT_10_Z2LatticeGauge2D_PBC_0_0_6,outer,1,SA,0.001,Double,No_Kink,134,204622
result_SELECT_10_Z2LatticeGauge2D_PBC_0_0_6,inner,2,random,0,Proj,No_Kink,92,378679
result_SELECT_10_Z2LatticeGauge2D_PBC_0_0_6,outer,1,SA,0.001,Double,Yes_Kink,135,211313
result_SELECT_10_Z2LatticeGauge2D_PBC_0_0_6,outer,1,SA,0.001,Single,No_MSF,113,59577
result_SELECT_10_Z2LatticeGauge2D_PBC_0_0_6,outer,1,SA,0.001,Single,No_Top,119,70014
result_SELECT_10_Z2LatticeGauge2D_PBC_0_0_6,outer,1,SA,0.01,Double,No_MSF,91,49002
result_SELECT_10_Z2LatticeGauge2D_PBC_0_0_6,inner,2,random,0,Single,Yes_Kink,162,294816
result_SELECT_10_Z2LatticeGauge2D_PBC_0_0_6,inner,2,random,0,Proj,Yes_Kink,94,379955
result_SELECT_10_Z2LatticeGauge2D_PBC_0_0_6,outer,1,SA,0.01,Double,No_Top,98,59672
result_SELECT_10_Z2LatticeGauge2D_PBC_0_0_6,outer,1,SA,0.01,Proj,No_MSF,43,8796
result_SELECT_10_Z2LatticeGauge2D_PBC_0_0_6,outer,1,SA,0.01,Proj,No_Top,57,18908
result_SELECT_10_Z2LatticeGauge2D_PBC_0_0_6,outer,1,SA,0.001,Proj,No_Kink,85,296504
result_SELECT_10_Z2LatticeGauge2D_PBC_0_0_6,outer,1,SA,0.001,Single,No_Kink,159,210388
result_SELECT_10_Z2LatticeGauge2D_PBC_0_0_6,outer,1,SA,0.01,Single,No_MSF,113,59577
result_SELECT_10_Z2LatticeGauge2D_PBC_0_0_6,outer,1,SA,0.01,Double,No_Kink,138,209838
result_SELECT_10_Z2LatticeGauge2D_PBC_0_0_6,outer,1,SA,0.01,Single,No_Top,119,70014
result_SELECT_10_Z2LatticeGauge2D_PBC_0_0_6,outer,1,SA,0.1,Double,No_MSF,91,49002
result_SELECT_10_Z2LatticeGauge2D_PBC_0_0_6,outer,1,SA,0.1,Double,No_Top,98,59672
result_SELECT_10_Z2LatticeGauge2D_PBC_0_0_6,outer,1,SA,0.01,Double,Yes_Kink,136,217747
result_SELECT_10_Z2LatticeGauge2D_PBC_0_0_6,outer,1,SA,0.001,Proj,Yes_Kink,87,299926
result_SELECT_10_Z2LatticeGauge2D_PBC_0_0_6,outer,1,SA,0.1,Proj,No_MSF,43,8796
result_SELECT_10_Z2LatticeGauge2D_PBC_0_0_6,outer,1,SA,0.01,Single,No_Kink,165,219834
result_SELECT_10_Z2LatticeGauge2D_PBC_0_0_6,outer,1,SA,0.1,Proj,No_Top,57,18908
result_SELECT_10_Z2LatticeGauge2D_PBC_0_0_6,outer,1,SA,0.1,Double,No_Kink,132,201324
result_SELECT_10_Z2LatticeGauge2D_PBC_0_0_6,outer,1,SA,0.1,Single,No_MSF,113,59577
result_SELECT_10_Z2LatticeGauge2D_PBC_0_0_6,outer,1,SA,0.01,Proj,No_Kink,92,322106
result_SELECT_10_Z2LatticeGauge2D_PBC_0_0_6,outer,1,SA,0.1,Single,No_Top,119,70014
result_SELECT_10_Z2LatticeGauge2D_PBC_0_0_6,outer,1,SA,1,Double,No_MSF,91,49002
result_SELECT_10_Z2LatticeGauge2D_PBC_0_0_6,outer,1,SA,0.1,Double,Yes_Kink,134,210125
result_SELECT_10_Z2LatticeGauge2D_PBC_0_0_6,outer,1,SA,1,Double,No_Top,98,59672
result_SELECT_10_Z2LatticeGauge2D_PBC_0_0_6,outer,1,SA,0.01,Proj,Yes_Kink,96,327060
result_SELECT_10_Z2LatticeGauge2D_PBC_0_0_6,outer,1,SA,1,Proj,No_MSF,43,8796
result_SELECT_10_Z2LatticeGauge2D_PBC_0_0_6,outer,1,SA,1,Proj,No_Top,57,18908
result_SELECT_10_Z2LatticeGauge2D_PBC_0_0_6,outer,1,SA,0.1,Single,No_Kink,159,208567
result_SELECT_10_Z2LatticeGauge2D_PBC_0_0_6,outer,1,SA,1,Single,No_MSF,113,59577
result_SELECT_10_Z2LatticeGauge2D_PBC_0_0_6,outer,1,SA,1,Single,No_Top,119,70014
result_SELECT_10_Z2LatticeGauge2D_PBC_0_0_6,outer,1,SA,0.1,Proj,No_Kink,88,307449
result_SELECT_10_Z2LatticeGauge2D_PBC_0_0_6,outer,1,SA,1,Double,No_Kink,132,186032
result_SELECT_10_Z2LatticeGauge2D_PBC_0_0_6,outer,1,SA,0.1,Proj,Yes_Kink,90,307913
result_SELECT_10_Z2LatticeGauge2D_PBC_0_0_6,outer,1,SA,1,Single,No_Kink,155,193447
result_SELECT_10_Z2LatticeGauge2D_PBC_0_0_6,outer,1,random,0,Double,No_MSF,91,49002
result_SELECT_10_Z2LatticeGauge2D_PBC_0_0_6,outer,1,random,0,Double,No_Top,98,59672
result_SELECT_10_Z2LatticeGauge2D_PBC_0_0_6,outer,1,SA,1,Double,Yes_Kink,134,196170
result_SELECT_10_Z2LatticeGauge2D_PBC_0_0_6,outer,1,random,0,Proj,No_MSF,43,8796
result_SELECT_10_Z2LatticeGauge2D_PBC_0_0_6,outer,1,random,0,Proj,No_Top,57,18908
result_SELECT_10_Z2LatticeGauge2D_PBC_0_0_6,outer,1,SA,1,Proj,No_Kink,89,298226
result_SELECT_10_Z2LatticeGauge2D_PBC_0_0_6,outer,1,random,0,Single,No_MSF,113,59577
result_SELECT_10_Z2LatticeGauge2D_PBC_0_0_6,outer,1,random,0,Single,No_Top,119,70014
result_SELECT_10_Z2LatticeGauge2D_PBC_0_0_6,outer,2,SA,0.001,Double,No_MSF,91,49002
result_SELECT_10_Z2LatticeGauge2D_PBC_0_0_6,outer,2,SA,0.001,Double,No_Top,98,59672
result_SELECT_10_Z2LatticeGauge2D_PBC_0_0_6,outer,1,SA,1,Proj,Yes_Kink,93,305213
result_SELECT_10_Z2LatticeGauge2D_PBC_0_0_6,outer,2,SA,0.001,Double,No_Kink,127,189983
result_SELECT_10_Z2LatticeGauge2D_PBC_0_0_6,outer,2,SA,0.001,Proj,No_MSF,43,8796
result_SELECT_10_Z2LatticeGauge2D_PBC_0_0_6,outer,2,SA,0.001,Proj,No_Top,57,18908
result_SELECT_10_Z2LatticeGauge2D_PBC_0_0_6,outer,1,random,0,Double,No_Kink,204,435102
result_SELECT_10_Z2LatticeGauge2D_PBC_0_0_6,outer,1,random,0,Double,Yes_Kink,208,437764
result_SELECT_10_Z2LatticeGauge2D_PBC_0_0_6,outer,2,SA,0.001,Double,Yes_Kink,131,195423
result_SELECT_10_Z2LatticeGauge2D_PBC_0_0_6,outer,2,SA,0.001,Single,No_MSF,113,59577
result_SELECT_10_Z2LatticeGauge2D_PBC_0_0_6,outer,1,random,0,Single,No_Kink,325,519548
result_SELECT_10_Z2LatticeGauge2D_PBC_0_0_6,outer,2,SA,0.001,Single,No_Top,119,70014
result_SELECT_10_Z2LatticeGauge2D_PBC_0_0_6,outer,1,random,0,Proj,No_Kink,137,491185
result_SELECT_10_Z2LatticeGauge2D_PBC_0_0_6,outer,2,SA,0.01,Double,No_MSF,91,49002
result_SELECT_10_Z2LatticeGauge2D_PBC_0_0_6,outer,2,SA,0.01,Double,No_Top,98,59672
result_SELECT_10_Z2LatticeGauge2D_PBC_0_0_6,outer,1,random,0,Proj,Yes_Kink,139,495172
result_SELECT_10_Z2LatticeGauge2D_PBC_0_0_6,outer,2,SA,0.01,Proj,No_MSF,43,8796
result_SELECT_10_Z2LatticeGauge2D_PBC_0_0_6,outer,2,SA,0.001,Proj,No_Kink,75,302840
result_SELECT_10_Z2LatticeGauge2D_PBC_0_0_6,outer,2,SA,0.001,Single,No_Kink,139,191709
result_SELECT_10_Z2LatticeGauge2D_PBC_0_0_6,outer,2,SA,0.01,Proj,No_Top,57,18908
result_SELECT_10_Z2LatticeGauge2D_PBC_0_0_6,outer,2,SA,0.001,Single,Yes_Kink,142,197297
result_SELECT_10_Z2LatticeGauge2D_PBC_0_0_6,outer,2,SA,0.01,Double,No_Kink,128,183508
result_SELECT_10_Z2LatticeGauge2D_PBC_0_0_6,outer,2,SA,0.01,Single,No_MSF,113,59577
result_SELECT_10_Z2LatticeGauge2D_PBC_0_0_6,outer,2,SA,0.01,Single,No_Top,119,70014
result_SELECT_10_Z2LatticeGauge2D_PBC_0_0_6,outer,2,SA,0.1,Double,No_MSF,91,49002
result_SELECT_10_Z2LatticeGauge2D_PBC_0_0_6,outer,2,SA,0.001,Proj,Yes_Kink,78,306544
result_SELECT_10_Z2LatticeGauge2D_PBC_0_0_6,outer,2,SA,0.01,Double,Yes_Kink,127,186005
result_SELECT_10_Z2LatticeGauge2D_PBC_0_0_6,outer,2,SA,0.1,Double,No_Top,98,59672
result_SELECT_10_Z2LatticeGauge2D_PBC_0_0_6,outer,2,SA,0.1,Proj,No_MSF,43,8796
result_SELECT_10_Z2LatticeGauge2D_PBC_0_0_6,outer,2,SA,0.01,Single,No_Kink,138,187420
result_SELECT_10_Z2LatticeGauge2D_PBC_0_0_6,outer,2,SA,0.1,Double,No_Kink,125,177721
result_SELECT_10_Z2LatticeGauge2D_PBC_0_0_6,outer,2,SA,0.1,Proj,No_Top,57,18908
result_SELECT_10_Z2LatticeGauge2D_PBC_0_0_6,outer,2,SA,0.01,Single,Yes_Kink,137,190838
result_SELECT_10_Z2LatticeGauge2D_PBC_0_0_6,outer,2,SA,0.1,Single,No_Top,119,70014
result_SELECT_10_Z2LatticeGauge2D_PBC_0_0_6,outer,2,SA,0.1,Single,No_MSF,113,59577
result_SELECT_10_Z2LatticeGauge2D_PBC_0_0_6,outer,2,SA,0.1,Double,Yes_Kink,129,184646
result_SELECT_10_Z2LatticeGauge2D_PBC_0_0_6,outer,2,SA,0.01,Proj,No_Kink,81,305613
result_SELECT_10_Z2LatticeGauge2D_PBC_0_0_6,outer,2,SA,1,Double,No_MSF,91,49002
result_SELECT_10_Z2LatticeGauge2D_PBC_0_0_6,outer,2,SA,0.01,Proj,Yes_Kink,82,306987
result_SELECT_10_Z2LatticeGauge2D_PBC_0_0_6,outer,2,SA,1,Double,No_Top,98,59672
result_SELECT_10_Z2LatticeGauge2D_PBC_0_0_6,outer,2,SA,1,Proj,No_MSF,43,8796
result_SELECT_10_Z2LatticeGauge2D_PBC_0_0_6,outer,2,SA,0.1,Single,No_Kink,132,179105
result_SELECT_10_Z2LatticeGauge2D_PBC_0_0_6,outer,2,SA,1,Proj,No_Top,57,18908
result_SELECT_10_Z2LatticeGauge2D_PBC_0_0_6,outer,2,SA,0.1,Proj,No_Kink,71,285724
result_SELECT_10_Z2LatticeGauge2D_PBC_0_0_6,outer,2,SA,1,Double,No_Kink,124,162724
result_SELECT_10_Z2LatticeGauge2D_PBC_0_0_6,outer,2,SA,0.1,Single,Yes_Kink,135,184322
result_SELECT_10_Z2LatticeGauge2D_PBC_0_0_6,outer,2,SA,1,Single,No_MSF,113,59577
result_SELECT_10_Z2LatticeGauge2D_PBC_0_0_6,outer,2,SA,1,Double,Yes_Kink,127,165321
result_SELECT_10_Z2LatticeGauge2D_PBC_0_0_6,outer,2,SA,1,Single,No_Top,119,70014
result_SELECT_10_Z2LatticeGauge2D_PBC_0_0_6,outer,2,random,0,Double,No_MSF,91,49002
result_SELECT_10_Z2LatticeGauge2D_PBC_0_0_6,outer,2,random,0,Double,No_Top,98,59672
result_SELECT_10_Z2LatticeGauge2D_PBC_0_0_6,outer,2,SA,0.1,Proj,Yes_Kink,73,287048
result_SELECT_10_Z2LatticeGauge2D_PBC_0_0_6,outer,2,SA,1,Single,No_Kink,138,164668
result_SELECT_10_Z2LatticeGauge2D_PBC_0_0_6,outer,2,random,0,Proj,No_MSF,43,8796
result_SELECT_10_Z2LatticeGauge2D_PBC_0_0_6,outer,2,random,0,Proj,No_Top,57,18908
result_SELECT_10_Z2LatticeGauge2D_PBC_0_0_6,outer,2,SA,1,Single,Yes_Kink,141,171398
result_SELECT_10_Z2LatticeGauge2D_PBC_0_0_6,outer,2,SA,1,Proj,No_Kink,80,307813
result_SELECT_10_Z2LatticeGauge2D_PBC_0_0_6,outer,2,random,0,Single,No_MSF,113,59577
result_SELECT_10_Z2LatticeGauge2D_PBC_0_0_6,outer,2,random,0,Single,No_Top,119,70014
result_SELECT_10_Z2LatticeGauge2D_PBC_0_0_6,outer,2,random,0,Double,Yes_Kink,152,315647
result_SELECT_10_Z2LatticeGauge2D_PBC_0_0_6,outer,2,SA,1,Proj,Yes_Kink,84,308940
result_SELECT_10_Z2LatticeGauge2D_PBC_0_0_6,outer,2,random,0,Double,No_Kink,147,310673
result_SELECT_10_Z2LatticeGauge2D_PBC_0_0_6,outer,2,random,0,Single,No_Kink,169,321323
result_SELECT_10_Z2LatticeGauge2D_PBC_0_0_6,outer,2,random,0,Proj,No_Kink,99,410036
result_SELECT_10_Z2LatticeGauge2D_PBC_0_0_6,outer,2,random,0,Single,Yes_Kink,168,324064
result_SELECT_10_Z2LatticeGauge2D_PBC_0_0_6,outer,2,random,0,Proj,Yes_Kink,102,413792
result_trotter_100_Schwinger_OBC_0_0_det,inner,1,SA,0.001,Double,No_MSF,4113,118838
result_trotter_100_Schwinger_OBC_0_0_det,inner,1,SA,0.001,Double,No_Top,7413,705745
result_trotter_100_Schwinger_OBC_0_0_det,inner,1,SA,0.001,Proj,No_MSF,2048,20196
result_trotter_100_Schwinger_OBC_0_0_det,inner,1,SA,0.001,Proj,No_Top,6018,373084
result_trotter_100_Schwinger_OBC_0_0_det,inner,1,SA,0.001,Single,No_MSF,4304,128706
result_trotter_100_Schwinger_OBC_0_0_det,inner,1,SA,0.001,Single,No_Top,7586,717642
result_trotter_100_Schwinger_OBC_0_0_det,inner,1,SA,0.01,Double,No_MSF,4113,118838
result_trotter_100_Schwinger_OBC_0_0_det,inner,1,SA,0.01,Double,No_Top,7413,705745
result_trotter_100_Schwinger_OBC_0_0_det,inner,1,SA,0.001,Double,No_Kink,9795,1979676
result_trotter_100_Schwinger_OBC_0_0_det,inner,1,SA,0.001,Double,Yes_Kink,10895,2098113
result_trotter_100_Schwinger_OBC_0_0_det,inner,1,SA,0.001,Single,No_Kink,9828,1863717
result_trotter_100_Schwinger_OBC_0_0_det,inner,1,SA,0.01,Proj,No_MSF,2048,20196
result_trotter_100_Schwinger_OBC_0_0_det,inner,1,SA,0.01,Proj,No_Top,6018,373084
result_trotter_100_Schwinger_OBC_0_0_det,inner,1,SA,0.01,Double,No_Kink,10397,1823913
result_trotter_100_Schwinger_OBC_0_0_det,inner,1,SA,0.01,Single,No_MSF,4304,128706
result_trotter_100_Schwinger_OBC_0_0_det,inner,1,SA,0.01,Single,No_Top,7586,717642
result_trotter_100_Schwinger_OBC_0_0_det,inner,1,SA,0.01,Double,Yes_Kink,11942,1976087
result_trotter_100_Schwinger_OBC_0_0_det,inner,1,SA,0.1,Double,No_MSF,4113,118838
result_trotter_100_Schwinger_OBC_0_0_det,inner,1,SA,0.1,Double,No_Top,7413,705745
result_trotter_100_Schwinger_OBC_0_0_det,inner,1,SA,0.01,Single,No_Kink,9503,1789249
result_trotter_100_Schwinger_OBC_0_0_det,inner,1,SA,0.1,Double,No_Kink,9027,1809271
result_trotter_100_Schwinger_OBC_0_0_det,inner,1,SA,0.1,Proj,No_MSF,2048,20196
result_trotter_100_Schwinger_OBC_0_0_det,inner,1,SA,0.1,Proj,No_Top,6018,373084
result_trotter_100_Schwinger_OBC_0_0_det,inner,1,SA,0.1,Double,Yes_Kink,10877,1958956
result_trotter_100_Schwinger_OBC_0_0_det,inner,1,SA,0.1,Single,No_MSF,4304,128706
result_trotter_100_Schwinger_OBC_0_0_det,inner,1,SA,0.1,Single,No_Top,7586,717642
result_trotter_100_Schwinger_OBC_0_0_det,inner,1,SA,0.1,Single,No_Kink,8435,1656866
result_trotter_100_Schwinger_OBC_0_0_det,inner,1,SA,1,Double,No_MSF,4113,118838
result_trotter_100_Schwinger_OBC_0_0_det,inner,1,SA,1,Double,No_Top,7413,705745
result_trotter_100_Schwinger_OBC_0_0_det,inner,1,SA,1,Double,No_Kink,9091,1767661
result_trotter_100_Schwinger_OBC_0_0_det,inner,1,SA,0.001,Proj,Yes_Kink,25650,8253532
result_trotter_100_Schwinger_OBC_0_0_det,inner,1,SA,1,Proj,No_MSF,2048,20196
result_trotter_100_Schwinger_OBC_0_0_det,inner,1,SA,1,Double,Yes_Kink,10252,1858699
result_trotter_100_Schwinger_OBC_0_0_det,inner,1,SA,0.001,Proj,No_Kink,24720,8482596
result_trotter_100_Schwinger_OBC_0_0_det,inner,1,SA,1,Proj,No_Top,6018,373084
result_trotter_100_Schwinger_OBC_0_0_det,inner,1,SA,0.1,Proj,No_Kink,17004,5994584
result_trotter_100_Schwinger_OBC_0_0_det,inner,1,SA,1,Single,No_MSF,4304,128706
result_trotter_100_Schwinger_OBC_0_0_det,inner,1,SA,1,Single,No_Top,7586,717642
result_trotter_100_Schwinger_OBC_0_0_det,inner,1,random,0,Double,No_MSF,4113,118838
result_trotter_100_Schwinger_OBC_0_0_det,inner,1,SA,0.1,Proj,Yes_Kink,17737,5902497
result_trotter_100_Schwinger_OBC_0_0_det,inner,1,SA,1,Single,No_Kink,9007,1646864
result_trotter_100_Schwinger_OBC_0_0_det,inner,1,random,0,Double,No_Top,7413,705745
result_trotter_100_Schwinger_OBC_0_0_det,inner,1,random,0,Double,No_Kink,8375,1660059
result_trotter_100_Schwinger_OBC_0_0_det,inner,1,SA,0.01,Proj,Yes_Kink,28013,9066140
result_trotter_100_Schwinger_OBC_0_0_det,inner,1,random,0,Proj,No_MSF,2048,20196
result_trotter_100_Schwinger_OBC_0_0_det,inner,1,SA,0.01,Proj,No_Kink,27013,9265337
result_trotter_100_Schwinger_OBC_0_0_det,inner,1,random,0,Proj,No_Top,6018,373084
result_trotter_100_Schwinger_OBC_0_0_det,inner,1,random,0,Single,No_MSF,4304,128706
result_trotter_100_Schwinger_OBC_0_0_det,inner,1,random,0,Double,Yes_Kink,9604,1794215
result_trotter_100_Schwinger_OBC_0_0_det,inner,1,random,0,Single,No_Top,7586,717642
result_trotter_100_Schwinger_OBC_0_0_det,inner,2,SA,0.001,Double,No_MSF,4113,118838
result_trotter_100_Schwinger_OBC_0_0_det,inner,2,SA,0.001,Double,No_Top,7413,705745
result_trotter_100_Schwinger_OBC_0_0_det,inner,1,random,0,Single,No_Kink,8047,1545985
result_trotter_100_Schwinger_OBC_0_0_det,inner,2,SA,0.001,Proj,No_MSF,2048,20196
result_trotter_100_Schwinger_OBC_0_0_det,inner,2,SA,0.001,Double,No_Kink,9493,1774011
result_trotter_100_Schwinger_OBC_0_0_det,inner,2,SA,0.001,Proj,No_Top,6018,373084
result_trotter_100_Schwinger_OBC_0_0_det,inner,2,SA,0.001,Double,Yes_Kink,9831,1842263
result_trotter_100_Schwinger_OBC_0_0_det,inner,2,SA,0.001,Single,No_MSF,4304,128706
result_trotter_100_Schwinger_OBC_0_0_det,inner,1,SA,1,Proj,No_Kink,21433,7234136
result_trotter_100_Schwinger_OBC_0_0_det,inner,2,SA,0.001,Single,No_Top,7586,717642
result_trotter_100_Schwinger_OBC_0_0_det,inner,1,random,0,Proj,No_Kink,11971,4182267
result_trotter_100_Schwinger_OBC_0_0_det,inner,2,SA,0.001,Single,No_Kink,7865,1721063
result_trotter_100_Schwinger_OBC_0_0_det,inner,1,random,0,Proj,Yes_Kink,13280,4243623
result_trotter_100_Schwinger_OBC_0_0_det,inner,2,SA,0.01,Double,No_MSF,4113,118838
result_trotter_100_Schwinger_OBC_0_0_det,inner,2,SA,0.01,Double,No_Top,7413,705745
result_trotter_100_Schwinger_OBC_0_0_det,inner,2,SA,0.01,Proj,No_MSF,2048,20196
result_trotter_100_Schwinger_OBC_0_0_det,inner,1,SA,1,Proj,Yes_Kink,22968,7177479
result_trotter_100_Schwinger_OBC_0_0_det,inner,2,SA,0.001,Single,Yes_Kink,7907,1761140
result_trotter_100_Schwinger_OBC_0_0_det,inner,2,SA,0.01,Double,No_Kink,9277,1696371
result_trotter_100_Schwinger_OBC_0_0_det,inner,2,SA,0.01,Proj,No_Top,6018,373084
result_trotter_100_Schwinger_OBC_0_0_det,inner,2,SA,0.01,Double,Yes_Kink,9425,1756737
result_trotter_100_Schwinger_OBC_0_0_det,inner,2,SA,0.01,Single,No_MSF,4304,128706
result_trotter_100_Schwinger_OBC_0_0_det,inner,2,SA,0.01,Single,No_Top,7586,717642
result_trotter_100_Schwinger_OBC_0_0_det,inner,2,SA,0.1,Double,No_MSF,4113,118838
result_trotter_100_Schwinger_OBC_0_0_det,inner,2,SA,0.01,Single,No_Kink,8244,1618023
result_trotter_100_Schwinger_OBC_0_0_det,inner,2,SA,0.1,Double,No_Top,7413,705745
result_trotter_100_Schwinger_OBC_0_0_det,inner,2,SA,0.01,Single,Yes_Kink,8218,1687513
result_trotter_100_Schwinger_OBC_0_0_det,inner,2,SA,0.1,Double,No_Kink,7776,1445359
result_trotter_100_Schwinger_OBC_0_0_det,inner,2,SA,0.1,Proj,No_MSF,2048,20196
result_trotter_100_Schwinger_OBC_0_0_det,inner,2,SA,0.1,Proj,No_Top,6018,373084
result_trotter_100_Schwinger_OBC_0_0_det,inner,2,SA,0.1,Double,Yes_Kink,8402,1520421
result_trotter_100_Schwinger_OBC_0_0_det,inner,2,SA,0.1,Single,No_MSF,4304,128706
result_trotter_100_Schwinger_OBC_0_0_det,inner,2,SA,0.1,Single,No_Top,7586,717642
result_trotter_100_Schwinger_OBC_0_0_det,inner,2,SA,0.1,Single,No_Kink,7680,1436884
result_trotter_100_Schwinger_OBC_0_0_det,inner,2,SA,0.001,Proj,No_Kink,18039,7914102
result_trotter_100_Schwinger_OBC_0_0_det,inner,2,SA,1,Double,No_MSF,4113,118838
result_trotter_100_Schwinger_OBC_0_0_det,inner,2,SA,1,Double,No_Top,7413,705745
result_trotter_100_Schwinger_OBC_0_0_det,inner,2,SA,0.001,Proj,Yes_Kink,18733,7852974
result_trotter_100_Schwinger_OBC_0_0_det,inner,2,SA,0.1,Single,Yes_Kink,7656,1445100
result_trotter_100_Schwinger_OBC_0_0_det,inner,2,SA,1,Double,No_Kink,7448,1418390
result_trotter_100_Schwinger_OBC_0_0_det,inner,2,SA,1,Proj,No_MSF,2048,20196
result_trotter_100_Schwinger_OBC_0_0_det,inner,2,SA,1,Proj,No_Top,6018,373084
result_trotter_100_Schwinger_OBC_0_0_det,inner,2,SA,1,Double,Yes_Kink,8133,1477844
result_trotter_100_Schwinger_OBC_0_0_det,inner,2,SA,1,Single,No_MSF,4304,128706
result_trotter_100_Schwinger_OBC_0_0_det,inner,2,SA,1,Single,No_Kink,7623,1353373
result_trotter_100_Schwinger_OBC_0_0_det,inner,2,SA,0.01,Proj,No_Kink,16777,7449836
result_trotter_100_Schwinger_OBC_0_0_det,inner,2,SA,1,Single,No_Top,7586,717642
result_trotter_100_Schwinger_OBC_0_0_det,inner,2,SA,0.1,Proj,No_Kink,11479,5495864
result_trotter_100_Schwinger_OBC_0_0_det,inner,2,SA,0.01,Proj,Yes_Kink,17427,7349829
result_trotter_100_Schwinger_OBC_0_0_det,inner,2,random,0,Double,No_MSF,4113,118838
result_trotter_100_Schwinger_OBC_0_0_det,inner,2,SA,0.1,Proj,Yes_Kink,11970,5424169
result_trotter_100_Schwinger_OBC_0_0_det,inner,2,random,0,Double,No_Top,7413,705745
result_trotter_100_Schwinger_OBC_0_0_det,inner,2,random,0,Proj,No_MSF,2048,20196
result_trotter_100_Schwinger_OBC_0_0_det,inner,2,SA,1,Single,Yes_Kink,7602,1364883
result_trotter_100_Schwinger_OBC_0_0_det,inner,2,random,0,Proj,No_Top,6018,373084
result_trotter_100_Schwinger_OBC_0_0_det,inner,2,random,0,Double,No_Kink,7942,1461884
result_trotter_100_Schwinger_OBC_0_0_det,inner,2,random,0,Single,No_MSF,4304,128706
result_trotter_100_Schwinger_OBC_0_0_det,inner,2,random,0,Double,Yes_Kink,8404,1516854
result_trotter_100_Schwinger_OBC_0_0_det,inner,2,random,0,Single,No_Top,7586,717642
result_trotter_100_Schwinger_OBC_0_0_det,outer,1,SA,0.001,Double,No_MSF,4113,118838
result_trotter_100_Schwinger_OBC_0_0_det,inner,2,random,0,Single,No_Kink,7597,1385066
result_trotter_100_Schwinger_OBC_0_0_det,inner,2,SA,1,Proj,No_Kink,9535,4496907
result_trotter_100_Schwinger_OBC_0_0_det,outer,1,SA,0.001,Double,No_Top,7413,705745
result_trotter_100_Schwinger_OBC_0_0_det,inner,2,SA,1,Proj,Yes_Kink,9841,4413715
result_trotter_100_Schwinger_OBC_0_0_det,inner,2,random,0,Single,Yes_Kink,7608,1400361
result_trotter_100_Schwinger_OBC_0_0_det,outer,1,SA,0.001,Proj,No_MSF,2048,20196
result_trotter_100_Schwinger_OBC_0_0_det,outer,1,SA,0.001,Double,No_Kink,8811,1805956
result_trotter_100_Schwinger_OBC_0_0_det,outer,1,SA,0.001,Proj,No_Top,6018,373084
result_trotter_100_Schwinger_OBC_0_0_det,outer,1,SA,0.001,Single,No_MSF,4304,128706
result_trotter_100_Schwinger_OBC_0_0_det,outer,1,SA,0.001,Single,No_Top,7586,717642
result_trotter_100_Schwinger_OBC_0_0_det,outer,1,SA,0.001,Double,Yes_Kink,10349,1935833
result_trotter_100_Schwinger_OBC_0_0_det,outer,1,SA,0.01,Double,No_MSF,4113,118838
result_trotter_100_Schwinger_OBC_0_0_det,outer,1,SA,0.001,Single,No_Kink,8934,1651376
result_trotter_100_Schwinger_OBC_0_0_det,outer,1,SA,0.01,Double,No_Top,7413,705745
result_trotter_100_Schwinger_OBC_0_0_det,inner,2,random,0,Proj,No_Kink,8823,4227159
result_trotter_100_Schwinger_OBC_0_0_det,outer,1,SA,0.01,Proj,No_MSF,2048,20196
result_trotter_100_Schwinger_OBC_0_0_det,inner,2,random,0,Proj,Yes_Kink,9105,4140532
result_trotter_100_Schwinger_OBC_0_0_det,outer,1,SA,0.01,Double,No_Kink,8740,1738985
result_trotter_100_Schwinger_OBC_0_0_det,outer,1,SA,0.01,Proj,No_Top,6018,373084
result_trotter_100_Schwinger_OBC_0_0_det,outer,1,SA,0.01,Single,No_MSF,4304,128706
result_trotter_100_Schwinger_OBC_0_0_det,outer,1,SA,0.01,Single,No_Top,7586,717642
result_trotter_100_Schwinger_OBC_0_0_det,outer,1,SA,0.01,Double,Yes_Kink,10216,1882182
result_trotter_100_Schwinger_OBC_0_0_det,outer,1,SA,0.1,Double,No_MSF,4113,118838
result_trotter_100_Schwinger_OBC_0_0_det,outer,1,SA,0.1,Double,No_Top,7413,705745
result_trotter_100_Schwinger_OBC_0_0_det,outer,1,SA,0.01,Single,No_Kink,8529,1505713
result_trotter_100_Schwinger_OBC_0_0_det,outer,1,SA,0.1,Proj,No_MSF,2048,20196
result_trotter_100_Schwinger_OBC_0_0_det,outer,1,SA,0.1,Double,No_Kink,8571,1705778
result_trotter_100_Schwinger_OBC_0_0_det,outer,1,SA,0.1,Proj,No_Top,6018,373084
result_trotter_100_Schwinger_OBC_0_0_det,outer,1,SA,0.1,Double,Yes_Kink,10246,1890002
result_trotter_100_Schwinger_OBC_0_0_det,outer,1,SA,0.1,Single,No_MSF,4304,128706
result_trotter_100_Schwinger_OBC_0_0_det,outer,1,SA,0.1,Single,No_Kink,8302,1485057
result_trotter_100_Schwinger_OBC_0_0_det,outer,1,SA,0.1,Single,No_Top,7586,717642
result_trotter_100_Schwinger_OBC_0_0_det,outer,1,SA,1,Double,No_MSF,4113,118838
result_trotter_100_Schwinger_OBC_0_0_det,outer,1,SA,0.001,Proj,No_Kink,20701,7443530
result_trotter_100_Schwinger_OBC_0_0_det,outer,1,SA,1,Double,No_Top,7413,705745
result_trotter_100_Schwinger_OBC_0_0_det,outer,1,SA,1,Double,No_Kink,8442,1675062
result_trotter_100_Schwinger_OBC_0_0_det,outer,1,SA,0.001,Proj,Yes_Kink,21370,7211120
result_trotter_100_Schwinger_OBC_0_0_det,outer,1,SA,1,Proj,No_MSF,2048,20196
result_trotter_100_Schwinger_OBC_0_0_det,outer,1,SA,1,Proj,No_Top,6018,373084
result_trotter_100_Schwinger_OBC_0_0_det,outer,1,SA,1,Double,Yes_Kink,9854,1859942
result_trotter_100_Schwinger_OBC_0_0_det,outer,1,SA,1,Single,No_MSF,4304,128706
result_trotter_100_Schwinger_OBC_0_0_det,outer,1,SA,1,Single,No_Top,7586,717642
result_trotter_100_Schwinger_OBC_0_0_det,outer,1,SA,1,Single,No_Kink,8212,1499839
result_trotter_100_Schwinger_OBC_0_0_det,outer,1,SA,0.01,Proj,Yes_Kink,21974,7365067
result_trotter_100_Schwinger_OBC_0_0_det,outer,1,SA,0.01,Proj,No_Kink,21261,7597832
result_trotter_100_Schwinger_OBC_0_0_det,outer,1,random,0,Double,No_MSF,4113,118838
result_trotter_100_Schwinger_OBC_0_0_det,outer,1,random,0,Double,No_Top,7413,705745
result_trotter_100_Schwinger_OBC_0_0_det,outer,1,random,0,Proj,No_MSF,2048,20196
result_trotter_100_Schwinger_OBC_0_0_det,outer,1,random,0,Double,No_Kink,8955,1849501
result_trotter_100_Schwinger_OBC_0_0_det,outer,1,random,0,Proj,No_Top,6018,373084
result_trotter_100_Schwinger_OBC_0_0_det,outer,1,random,0,Double,Yes_Kink,10539,1994680
result_trotter_100_Schwinger_OBC_0_0_det,outer,1,random,0,Single,No_MSF,4304,128706
result_trotter_100_Schwinger_OBC_0_0_det,outer,1,random,0,Single,No_Top,7586,717642
result_trotter_100_Schwinger_OBC_0_0_det,outer,1,SA,0.1,Proj,No_Kink,24227,8552519
result_trotter_100_Schwinger_OBC_0_0_det,outer,1,SA,0.1,Proj,Yes_Kink,24629,8136659
result_trotter_100_Schwinger_OBC_0_0_det,outer,1,random,0,Single,No_Kink,8733,1736273
result_trotter_100_Schwinger_OBC_0_0_det,outer,2,SA,0.001,Double,No_MSF,4113,118838
result_trotter_100_Schwinger_OBC_0_0_det,outer,1,SA,1,Proj,No_Kink,15807,5749704
result_trotter_100_Schwinger_OBC_0_0_det,outer,2,SA,0.001,Double,No_Top,7413,705745
result_trotter_100_Schwinger_OBC_0_0_det,outer,2,SA,0.001,Proj,No_MSF,2048,20196
result_trotter_100_Schwinger_OBC_0_0_det,outer,1,SA,1,Proj,Yes_Kink,16321,5588659
result_trotter_100_Schwinger_OBC_0_0_det,outer,2,SA,0.001,Proj,No_Top,6018,373084
result_trotter_100_Schwinger_OBC_0_0_det,outer,2,SA,0.001,Double,No_Kink,8371,1779335
result_trotter_100_Schwinger_OBC_0_0_det,outer,2,SA,0.001,Single,No_MSF,4304,128706
result_trotter_100_Schwinger_OBC_0_0_det,outer,2,SA,0.001,Single,No_Top,7586,717642
result_trotter_100_Schwinger_OBC_0_0_det,outer,1,random,0,Proj,No_Kink,11509,4241318
result_trotter_100_Schwinger_OBC_0_0_det,outer,2,SA,0.001,Double,Yes_Kink,9113,1869089
result_trotter_100_Schwinger_OBC_0_0_det,outer,2,SA,0.01,Double,No_MSF,4113,118838
result_trotter_100_Schwinger_OBC_0_0_det,outer,2,SA,0.001,Single,No_Kink,7703,1653589
result_trotter_100_Schwinger_OBC_0_0_det,outer,2,SA,0.01,Double,No_Top,7413,705745
result_trotter_100_Schwinger_OBC_0_0_det,outer,1,random,0,Proj,Yes_Kink,11753,4133479
result_trotter_100_Schwinger_OBC_0_0_det,outer,2,SA,0.01,Proj,No_MSF,2048,20196
result_trotter_100_Schwinger_OBC_0_0_det,outer,2,SA,0.001,Single,Yes_Kink,7738,1662045
result_trotter_100_Schwinger_OBC_0_0_det,outer,2,SA,0.01,Proj,No_Top,6018,373084
result_trotter_100_Schwinger_OBC_0_0_det,outer,2,SA,0.01,Double,No_Kink,8854,1716609
result_trotter_100_Schwinger_OBC_0_0_det,outer,2,SA,0.01,Single,No_MSF,4304,128706
result_trotter_100_Schwinger_OBC_0_0_det,outer,2,SA,0.01,Double,Yes_Kink,9813,1819414
result_trotter_100_Schwinger_OBC_0_0_det,outer,2,SA,0.01,Single,No_Top,7586,717642
result_trotter_100_Schwinger_OBC_0_0_det,outer,2,SA,0.1,Double,No_MSF,4113,118838
result_trotter_100_Schwinger_OBC_0_0_det,outer,2,SA,0.01,Single,No_Kink,7904,1562477
result_trotter_100_Schwinger_OBC_0_0_det,outer,2,SA,0.1,Double,No_Top,7413,705745
result_trotter_100_Schwinger_OBC_0_0_det,outer,2,SA,0.1,Double,No_Kink,8372,1577448
result_trotter_100_Schwinger_OBC_0_0_det,outer,2,SA,0.01,Single,Yes_Kink,7915,1582692
result_trotter_100_Schwinger_OBC_0_0_det,outer,2,SA,0.1,Proj,No_MSF,2048,20196
result_trotter_100_Schwinger_OBC_0_0_det,outer,2,SA,0.1,Proj,No_Top,6018,373084
result_trotter_100_Schwinger_OBC_0_0_det,outer,2,SA,0.1,Double,Yes_Kink,9248,1666211
result_trotter_100_Schwinger_OBC_0_0_det,outer,2,SA,0.1,Single,No_MSF,4304,128706
result_trotter_100_Schwinger_OBC_0_0_det,outer,2,SA,0.1,Single,No_Top,7586,717642
result_trotter_100_Schwinger_OBC_0_0_det,outer,2,SA,0.1,Single,No_Kink,7814,1441051
result_trotter_100_Schwinger_OBC_0_0_det,outer,2,SA,0.1,Single,Yes_Kink,7734,1450525
result_trotter_100_Schwinger_OBC_0_0_det,outer,2,SA,0.001,Proj,Yes_Kink,15499,7276285
result_trotter_100_Schwinger_OBC_0_0_det,outer,2,SA,0.001,Proj,No_Kink,14923,7349557
result_trotter_100_Schwinger_OBC_0_0_det,outer,2,SA,1,Double,No_Kink,8240,1575533
result_trotter_100_Schwinger_OBC_0_0_det,outer,2,SA,1,Double,No_MSF,4113,118838
result_trotter_100_Schwinger_OBC_0_0_det,outer,2,SA,1,Double,No_Top,7413,705745
result_trotter_100_Schwinger_OBC_0_0_det,outer,2,SA,1,Proj,No_MSF,2048,20196
result_trotter_100_Schwinger_OBC_0_0_det,outer,2,SA,1,Proj,No_Top,6018,373084
result_trotter_100_Schwinger_OBC_0_0_det,outer,2,SA,1,Double,Yes_Kink,9131,1679493
result_trotter_100_Schwinger_OBC_0_0_det,outer,2,SA,1,Single,No_MSF,4304,128706
result_trotter_100_Schwinger_OBC_0_0_det,outer,2,SA,1,Single,No_Kink,7826,1453309
result_trotter_100_Schwinger_OBC_0_0_det,outer,2,SA,1,Single,No_Top,7586,717642
result_trotter_100_Schwinger_OBC_0_0_det,outer,2,SA,0.01,Proj,No_Kink,17544,8277892
result_trotter_100_Schwinger_OBC_0_0_det,outer,2,SA,0.1,Proj,No_Kink,13053,6317546
result_trotter_100_Schwinger_OBC_0_0_det,outer,2,SA,1,Single,Yes_Kink,7843,1446049
result_trotter_100_Schwinger_OBC_0_0_det,outer,2,random,0,Double,No_MSF,4113,118838
result_trotter_100_Schwinger_OBC_0_0_det,outer,2,SA,0.1,Proj,Yes_Kink,13423,6211418
result_trotter_100_Schwinger_OBC_0_0_det,outer,2,random,0,Double,No_Top,7413,705745
result_trotter_100_Schwinger_OBC_0_0_det,outer,2,SA,0.01,Proj,Yes_Kink,18424,8255480
result_trotter_100_Schwinger_OBC_0_0_det,outer,2,random,0,Double,No_Kink,7963,1780621
result_trotter_100_Schwinger_OBC_0_0_det,outer,2,random,0,Proj,No_MSF,2048,20196
result_trotter_100_Schwinger_OBC_0_0_det,outer,2,random,0,Proj,No_Top,6018,373084
result_trotter_100_Schwinger_OBC_0_0_det,outer,2,random,0,Single,No_MSF,4304,128706
result_trotter_100_Schwinger_OBC_0_0_det,outer,2,random,0,Single,No_Top,7586,717642
result_trotter_100_Schwinger_OBC_0_0_det,outer,2,random,0,Double,Yes_Kink,8850,1861638
result_trotter_100_Schwinger_OBC_0_0_rand,inner,1,SA,0.001,Double,No_MSF,6435,535158
result_trotter_100_Schwinger_OBC_0_0_det,outer,2,random,0,Single,No_Kink,7654,1648911
result_trotter_100_Schwinger_OBC_0_0_det,outer,2,random,0,Single,Yes_Kink,7744,1672299
result_trotter_100_Schwinger_OBC_0_0_rand,inner,1,SA,0.001,Double,No_Top,6529,896716
result_trotter_100_Schwinger_OBC_0_0_rand,inner,1,SA,0.001,Proj,No_MSF,2048,20196
result_trotter_100_Schwinger_OBC_0_0_rand,inner,1,SA,0.001,Double,No_Kink,8083,2002231
result_trotter_100_Schwinger_OBC_0_0_rand,inner,1,SA,0.001,Proj,No_Top,6018,373084
result_trotter_100_Schwinger_OBC_0_0_det,outer,2,SA,1,Proj,No_Kink,14011,6558218
result_trotter_100_Schwinger_OBC_0_0_rand,inner,1,SA,0.001,Double,Yes_Kink,9263,2158415
result_trotter_100_Schwinger_OBC_0_0_rand,inner,1,SA,0.001,Single,No_MSF,6730,564036
result_trotter_100_Schwinger_OBC_0_0_det,outer,2,SA,1,Proj,Yes_Kink,14453,6404879
result_trotter_100_Schwinger_OBC_0_0_rand,inner,1,SA,0.001,Single,No_Top,6749,918063
result_trotter_100_Schwinger_OBC_0_0_rand,inner,1,SA,0.01,Double,No_MSF,6435,535158
result_trotter_100_Schwinger_OBC_0_0_rand,inner,1,SA,0.01,Double,No_Top,6529,896716
result_trotter_100_Schwinger_OBC_0_0_rand,inner,1,SA,0.001,Single,No_Kink,7154,1878961
result_trotter_100_Schwinger_OBC_0_0_rand,inner,1,SA,0.01,Proj,No_MSF,2048,20196
result_trotter_100_Schwinger_OBC_0_0_det,outer,2,random,0,Proj,No_Kink,9529,5103951
result_trotter_100_Schwinger_OBC_0_0_rand,inner,1,SA,0.01,Double,No_Kink,8232,1952896
result_trotter_100_Schwinger_OBC_0_0_det,outer,2,random,0,Proj,Yes_Kink,9728,5041829
result_trotter_100_Schwinger_OBC_0_0_rand,inner,1,SA,0.01,Proj,No_Top,6018,373084
result_trotter_100_Schwinger_OBC_0_0_rand,inner,1,SA,0.01,Double,Yes_Kink,9366,2098427
result_trotter_100_Schwinger_OBC_0_0_rand,inner,1,SA,0.01,Single,No_MSF,6730,564036
result_trotter_100_Schwinger_OBC_0_0_rand,inner,1,SA,0.01,Single,No_Top,6749,918063
result_trotter_100_Schwinger_OBC_0_0_rand,inner,1,SA,0.1,Double,No_MSF,6435,535158
result_trotter_100_Schwinger_OBC_0_0_rand,inner,1,SA,0.1,Double,No_Top,6529,896716
result_trotter_100_Schwinger_OBC_0_0_rand,inner,1,SA,0.001,Proj,No_Kink,13012,5106561
result_trotter_100_Schwinger_OBC_0_0_rand,inner,1,SA,0.01,Single,No_Kink,7051,1819400
result_trotter_100_Schwinger_OBC_0_0_rand,inner,1,SA,0.1,Proj,No_MSF,2048,20196
result_trotter_100_Schwinger_OBC_0_0_rand,inner,1,SA,0.1,Proj,No_Top,6018,373084
result_trotter_100_Schwinger_OBC_0_0_rand,inner,1,SA,0.001,Proj,Yes_Kink,13526,5046823
result_trotter_100_Schwinger_OBC_0_0_rand,inner,1,SA,0.1,Double,No_Kink,7966,1927077
result_trotter_100_Schwinger_OBC_0_0_rand,inner,1,SA,0.1,Single,No_MSF,6730,564036
result_trotter_100_Schwinger_OBC_0_0_rand,inner,1,SA,0.1,Single,No_Top,6749,918063
result_trotter_100_Schwinger_OBC_0_0_rand,inner,1,SA,0.1,Double,Yes_Kink,9033,2094030
result_trotter_100_Schwinger_OBC_0_0_rand,inner,1,SA,1,Double,No_MSF,6435,535158
result_trotter_100_Schwinger_OBC_0_0_rand,inner,1,SA,1,Double,No_Top,6529,896716
result_trotter_100_Schwinger_OBC_0_0_rand,inner,1,SA,0.1,Single,No_Kink,6974,1805017
result_trotter_100_Schwinger_OBC_0_0_rand,inner,1,SA,1,Proj,No_MSF,2048,20196
result_trotter_100_Schwinger_OBC_0_0_rand,inner,1,SA,1,Double,No_Kink,7397,1862254
result_trotter_100_Schwinger_OBC_0_0_rand,inner,1,SA,0.01,Proj,No_Kink,13015,5129421
result_trotter_100_Schwinger_OBC_0_0_rand,inner,1,SA,1,Proj,No_Top,6018,373084
result_trotter_100_Schwinger_OBC_0_0_rand,inner,1,SA,0.01,Proj,Yes_Kink,13421,5039808
result_trotter_100_Schwinger_OBC_0_0_rand,inner,1,SA,1,Single,No_MSF,6730,564036
result_trotter_100_Schwinger_OBC_0_0_rand,inner,1,SA,1,Double,Yes_Kink,8347,2026480
result_trotter_100_Schwinger_OBC_0_0_rand,inner,1,SA,1,Single,No_Top,6749,918063
result_trotter_100_Schwinger_OBC_0_0_rand,inner,1,random,0,Double,No_MSF,6435,535158
result_trotter_100_Schwinger_OBC_0_0_rand,inner,1,random,0,Double,No_Top,6529,896716
result_trotter_100_Schwinger_OBC_0_0_rand,inner,1,SA,0.1,Proj,No_Kink,11876,4689917
result_trotter_100_Schwinger_OBC_0_0_rand,inner,1,SA,1,Single,No_Kink,6931,1750319
result_trotter_100_Schwinger_OBC_0_0_rand,inner,1,random,0,Proj,No_MSF,2048,20196
result_trotter_100_Schwinger_OBC_0_0_rand,inner,1,SA,0.1,Proj,Yes_Kink,12287,4609576
result_trotter_100_Schwinger_OBC_0_0_rand,inner,1,random,0,Proj,No_Top,6018,373084
result_trotter_100_Schwinger_OBC_0_0_rand,inner,1,random,0,Double,No_Kink,7748,1751088
result_trotter_100_Schwinger_OBC_0_0_rand,inner,1,random,0,Double,Yes_Kink,8696,1908764
result_trotter_100_Schwinger_OBC_0_0_rand,inner,1,random,0,Single,No_MSF,6730,564036
result_trotter_100_Schwinger_OBC_0_0_rand,inner,1,random,0,Single,No_Top,6749,918063
result_trotter_100_Schwinger_OBC_0_0_rand,inner,2,SA,0.001,Double,No_MSF,6435,535158
result_trotter_100_Schwinger_OBC_0_0_rand,inner,2,SA,0.001,Double,No_Top,6529,896716
result_trotter_100_Schwinger_OBC_0_0_rand,inner,1,random,0,Single,No_Kink,6923,1629182
result_trotter_100_Schwinger_OBC_0_0_rand,inner,1,SA,1,Proj,No_Kink,11640,4526714
result_trotter_100_Schwinger_OBC_0_0_rand,inner,2,SA,0.001,Proj,No_MSF,2048,20196
result_trotter_100_Schwinger_OBC_0_0_rand,inner,1,SA,1,Proj,Yes_Kink,12190,4463685
result_trotter_100_Schwinger_OBC_0_0_rand,inner,2,SA,0.001,Double,No_Kink,7839,1920919
result_trotter_100_Schwinger_OBC_0_0_rand,inner,2,SA,0.001,Proj,No_Top,6018,373084
result_trotter_100_Schwinger_OBC_0_0_rand,inner,2,SA,0.001,Double,Yes_Kink,8213,2007209
result_trotter_100_Schwinger_OBC_0_0_rand,inner,2,SA,0.001,Single,No_MSF,6730,564036
result_trotter_100_Schwinger_OBC_0_0_rand,inner,2,SA,0.001,Single,No_Top,6749,918063
result_trotter_100_Schwinger_OBC_0_0_rand,inner,2,SA,0.01,Double,No_MSF,6435,535158
result_trotter_100_Schwinger_OBC_0_0_rand,inner,2,SA,0.001,Single,No_Kink,6798,1830518
result_trotter_100_Schwinger_OBC_0_0_rand,inner,2,SA,0.01,Double,No_Top,6529,896716
result_trotter_100_Schwinger_OBC_0_0_rand,inner,2,SA,0.01,Double,No_Kink,7352,1698794
result_trotter_100_Schwinger_OBC_0_0_rand,inner,2,SA,0.001,Single,Yes_Kink,6821,1856627
result_trotter_100_Schwinger_OBC_0_0_rand,inner,1,random,0,Proj,No_Kink,13338,5057161
result_trotter_100_Schwinger_OBC_0_0_rand,inner,2,SA,0.01,Proj,No_MSF,2048,20196
result_trotter_100_Schwinger_OBC_0_0_rand,inner,2,SA,0.01,Proj,No_Top,6018,373084
result_trotter_100_Schwinger_OBC_0_0_rand,inner,1,random,0,Proj,Yes_Kink,14086,4958948
result_trotter_100_Schwinger_OBC_0_0_rand,inner,2,SA,0.01,Double,Yes_Kink,7802,1793122
result_trotter_100_Schwinger_OBC_0_0_rand,inner,2,SA,0.01,Single,No_MSF,6730,564036
result_trotter_100_Schwinger_OBC_0_0_rand,inner,2,SA,0.01,Single,No_Top,6749,918063
result_trotter_100_Schwinger_OBC_0_0_rand,inner,2,SA,0.01,Single,No_Kink,6779,1605019
result_trotter_100_Schwinger_OBC_0_0_rand,inner,2,SA,0.1,Double,No_MSF,6435,535158
result_trotter_100_Schwinger_OBC_0_0_rand,inner,2,SA,0.1,Double,No_Top,6529,896716
result_trotter_100_Schwinger_OBC_0_0_rand,inner,2,SA,0.01,Single,Yes_Kink,6765,1617230
result_trotter_100_Schwinger_OBC_0_0_rand,inner,2,SA,0.1,Double,No_Kink,7364,1733592
result_trotter_100_Schwinger_OBC_0_0_rand,inner,2,SA,0.1,Proj,No_MSF,2048,20196
result_trotter_100_Schwinger_OBC_0_0_rand,inner,2,SA,0.1,Proj,No_Top,6018,373084
result_trotter_100_Schwinger_OBC_0_0_rand,inner,2,SA,0.1,Double,Yes_Kink,7685,1826389
result_trotter_100_Schwinger_OBC_0_0_rand,inner,2,SA,0.001,Proj,No_Kink,12097,6094424
result_trotter_100_Schwinger_OBC_0_0_rand,inner,2,SA,0.1,Single,No_MSF,6730,564036
result_trotter_100_Schwinger_OBC_0_0_rand,inner,2,SA,0.001,Proj,Yes_Kink,12372,5987153
result_trotter_100_Schwinger_OBC_0_0_rand,inner,2,SA,0.1,Single,No_Top,6749,918063
result_trotter_100_Schwinger_OBC_0_0_rand,inner,2,SA,1,Double,No_MSF,6435,535158
result_trotter_100_Schwinger_OBC_0_0_rand,inner,2,SA,0.1,Single,No_Kink,6790,1652800
result_trotter_100_Schwinger_OBC_0_0_rand,inner,2,SA,0.01,Proj,No_Kink,9836,4981187
result_trotter_100_Schwinger_OBC_0_0_rand,inner,2,SA,1,Double,No_Top,6529,896716
result_trotter_100_Schwinger_OBC_0_0_rand,inner,2,SA,0.01,Proj,Yes_Kink,10063,4860635
result_trotter_100_Schwinger_OBC_0_0_rand,inner,2,SA,0.1,Single,Yes_Kink,6785,1668090
result_trotter_100_Schwinger_OBC_0_0_rand,inner,2,SA,1,Proj,No_MSF,2048,20196
result_trotter_100_Schwinger_OBC_0_0_rand,inner,2,SA,1,Double,No_Kink,7112,1626579
result_trotter_100_Schwinger_OBC_0_0_rand,inner,2,SA,1,Proj,No_Top,6018,373084
result_trotter_100_Schwinger_OBC_0_0_rand,inner,2,SA,1,Single,No_MSF,6730,564036
result_trotter_100_Schwinger_OBC_0_0_rand,inner,2,SA,1,Double,Yes_Kink,7486,1710141
result_trotter_100_Schwinger_OBC_0_0_rand,inner,2,SA,1,Single,No_Top,6749,918063
result_trotter_100_Schwinger_OBC_0_0_rand,inner,2,random,0,Double,No_MSF,6435,535158
result_trotter_100_Schwinger_OBC_0_0_rand,inner,2,SA,1,Single,No_Kink,6777,1548455
result_trotter_100_Schwinger_OBC_0_0_rand,inner,2,random,0,Double,No_Top,6529,896716
result_trotter_100_Schwinger_OBC_0_0_rand,inner,2,SA,1,Single,Yes_Kink,6780,1561751
result_trotter_100_Schwinger_OBC_0_0_rand,inner,2,random,0,Double,No_Kink,7028,1667722
result_trotter_100_Schwinger_OBC_0_0_rand,inner,2,SA,0.1,Proj,No_Kink,9877,5041723
result_trotter_100_Schwinger_OBC_0_0_rand,inner,2,random,0,Proj,No_MSF,2048,20196
result_trotter_100_Schwinger_OBC_0_0_rand,inner,2,random,0,Proj,No_Top,6018,373084
result_trotter_100_Schwinger_OBC_0_0_rand,inner,2,SA,0.1,Proj,Yes_Kink,10194,4942692
result_trotter_100_Schwinger_OBC_0_0_rand,inner,2,random,0,Single,No_MSF,6730,564036
result_trotter_100_Schwinger_OBC_0_0_rand,inner,2,random,0,Double,Yes_Kink,7343,1745730
result_trotter_100_Schwinger_OBC_0_0_rand,inner,2,random,0,Single,No_Top,6749,918063
result_trotter_100_Schwinger_OBC_0_0_rand,inner,2,random,0,Single,No_Kink,6818,1585343
result_trotter_100_Schwinger_OBC_0_0_rand,outer,1,SA,0.001,Double,No_MSF,6435,535158
result_trotter_100_Schwinger_OBC_0_0_rand,inner,2,SA,1,Proj,No_Kink,8847,4407780
result_trotter_100_Schwinger_OBC_0_0_rand,outer,1,SA,0.001,Double,No_Top,6529,896716
result_trotter_100_Schwinger_OBC_0_0_rand,inner,2,random,0,Single,Yes_Kink,6813,1599578
result_trotter_100_Schwinger_OBC_0_0_rand,outer,1,SA,0.001,Double,No_Kink,7742,1870728
result_trotter_100_Schwinger_OBC_0_0_rand,outer,1,SA,0.001,Proj,No_MSF,2048,20196
result_trotter_100_Schwinger_OBC_0_0_rand,inner,2,SA,1,Proj,Yes_Kink,9266,4394649
result_trotter_100_Schwinger_OBC_0_0_rand,outer,1,SA,0.001,Proj,No_Top,6018,373084
result_trotter_100_Schwinger_OBC_0_0_rand,outer,1,SA,0.001,Single,No_MSF,6730,564036
result_trotter_100_Schwinger_OBC_0_0_rand,outer,1,SA,0.001,Single,No_Top,6749,918063
result_trotter_100_Schwinger_OBC_0_0_rand,outer,1,SA,0.001,Double,Yes_Kink,8858,2044412
result_trotter_100_Schwinger_OBC_0_0_rand,outer,1,SA,0.01,Double,No_MSF,6435,535158
result_trotter_100_Schwinger_OBC_0_0_rand,outer,1,SA,0.01,Double,No_Top,6529,896716
result_trotter_100_Schwinger_OBC_0_0_rand,outer,1,SA,0.001,Single,No_Kink,6943,1747779
result_trotter_100_Schwinger_OBC_0_0_rand,outer,1,SA,0.01,Double,No_Kink,7687,1828585
result_trotter_100_Schwinger_OBC_0_0_rand,outer,1,SA,0.01,Proj,No_MSF,2048,20196
result_trotter_100_Schwinger_OBC_0_0_rand,inner,2,random,0,Proj,Yes_Kink,10286,4831283
result_trotter_100_Schwinger_OBC_0_0_rand,outer,1,SA,0.01,Proj,No_Top,6018,373084
result_trotter_100_Schwinger_OBC_0_0_rand,inner,2,random,0,Proj,No_Kink,9906,4907548
result_trotter_100_Schwinger_OBC_0_0_rand,outer,1,SA,0.01,Double,Yes_Kink,8772,2004874
result_trotter_100_Schwinger_OBC_0_0_rand,outer,1,SA,0.01,Single,No_MSF,6730,564036
result_trotter_100_Schwinger_OBC_0_0_rand,outer,1,SA,0.01,Single,No_Top,6749,918063
result_trotter_100_Schwinger_OBC_0_0_rand,outer,1,SA,0.1,Double,No_MSF,6435,535158
result_trotter_100_Schwinger_OBC_0_0_rand,outer,1,SA,0.001,Proj,No_Kink,10968,4407617
result_trotter_100_Schwinger_OBC_0_0_rand,outer,1,SA,0.1,Double,No_Top,6529,896716
result_trotter_100_Schwinger_OBC_0_0_rand,outer,1,SA,0.1,Proj,No_MSF,2048,20196
result_trotter_100_Schwinger_OBC_0_0_rand,outer,1,SA,0.01,Single,No_Kink,6898,1714125
result_trotter_100_Schwinger_OBC_0_0_rand,outer,1,SA,0.001,Proj,Yes_Kink,11305,4341650
result_trotter_100_Schwinger_OBC_0_0_rand,outer,1,SA,0.1,Double,No_Kink,7807,1814563
result_trotter_100_Schwinger_OBC_0_0_rand,outer,1,SA,0.1,Proj,No_Top,6018,373084
result_trotter_100_Schwinger_OBC_0_0_rand,outer,1,SA,0.1,Single,No_MSF,6730,564036
result_trotter_100_Schwinger_OBC_0_0_rand,outer,1,SA,0.1,Double,Yes_Kink,8929,1997502
result_trotter_100_Schwinger_OBC_0_0_rand,outer,1,SA,0.1,Single,No_Top,6749,918063
result_trotter_100_Schwinger_OBC_0_0_rand,outer,1,SA,1,Double,No_MSF,6435,535158
result_trotter_100_Schwinger_OBC_0_0_rand,outer,1,SA,0.1,Single,No_Kink,6887,1686804
result_trotter_100_Schwinger_OBC_0_0_rand,outer,1,SA,1,Double,No_Top,6529,896716
result_trotter_100_Schwinger_OBC_0_0_rand,outer,1,SA,0.01,Proj,No_Kink,10686,4292568
result_trotter_100_Schwinger_OBC_0_0_rand,outer,1,SA,1,Proj,No_MSF,2048,20196
result_trotter_100_Schwinger_OBC_0_0_rand,outer,1,SA,1,Proj,No_Top,6018,373084
result_trotter_100_Schwinger_OBC_0_0_rand,outer,1,SA,1,Double,No_Kink,7611,1810326
result_trotter_100_Schwinger_OBC_0_0_rand,outer,1,SA,0.01,Proj,Yes_Kink,11089,4246755
result_trotter_100_Schwinger_OBC_0_0_rand,outer,1,SA,1,Single,No_MSF,6730,564036
result_trotter_100_Schwinger_OBC_0_0_rand,outer,1,SA,1,Single,No_Top,6749,918063
result_trotter_100_Schwinger_OBC_0_0_rand,outer,1,SA,1,Double,Yes_Kink,8733,1991712
result_trotter_100_Schwinger_OBC_0_0_rand,outer,1,random,0,Double,No_MSF,6435,535158
result_trotter_100_Schwinger_OBC_0_0_rand,outer,1,random,0,Double,No_Top,6529,896716
result_trotter_100_Schwinger_OBC_0_0_rand,outer,1,SA,1,Single,No_Kink,6890,1691761
result_trotter_100_Schwinger_OBC_0_0_rand,outer,1,SA,0.1,Proj,No_Kink,10602,4249728
result_trotter_100_Schwinger_OBC_0_0_rand,outer,1,random,0,Proj,No_MSF,2048,20196
result_trotter_100_Schwinger_OBC_0_0_rand,outer,1,SA,0.1,Proj,Yes_Kink,10969,4199450
result_trotter_100_Schwinger_OBC_0_0_rand,outer,1,random,0,Double,No_Kink,7772,1933956
result_trotter_100_Schwinger_OBC_0_0_rand,outer,1,random,0,Proj,No_Top,6018,373084
result_trotter_100_Schwinger_OBC_0_0_rand,outer,1,random,0,Single,No_MSF,6730,564036
result_trotter_100_Schwinger_OBC_0_0_rand,outer,1,random,0,Single,No_Top,6749,918063
result_trotter_100_Schwinger_OBC_0_0_rand,outer,1,random,0,Double,Yes_Kink,9114,2107171
result_trotter_100_Schwinger_OBC_0_0_rand,outer,2,SA,0.001,Double,No_MSF,6435,535158
result_trotter_100_Schwinger_OBC_0_0_rand,outer,2,SA,0.001,Double,No_Top,6529,896716
result_trotter_100_Schwinger_OBC_0_0_rand,outer,1,random,0,Single,No_Kink,7013,1801749
result_trotter_100_Schwinger_OBC_0_0_rand,outer,1,SA,1,Proj,No_Kink,10619,4268131
result_trotter_100_Schwinger_OBC_0_0_rand,outer,1,SA,1,Proj,Yes_Kink,10947,4194274
result_trotter_100_Schwinger_OBC_0_0_rand,outer,2,SA,0.001,Proj,No_MSF,2048,20196
result_trotter_100_Schwinger_OBC_0_0_rand,outer,2,SA,0.001,Proj,No_Top,6018,373084
result_trotter_100_Schwinger_OBC_0_0_rand,outer,2,SA,0.001,Double,No_Kink,7514,1875130
result_trotter_100_Schwinger_OBC_0_0_rand,outer,2,SA,0.001,Single,No_MSF,6730,564036
result_trotter_100_Schwinger_OBC_0_0_rand,outer,2,SA,0.001,Single,No_Top,6749,918063
result_trotter_100_Schwinger_OBC_0_0_rand,outer,2,SA,0.001,Double,Yes_Kink,7988,1953534
result_trotter_100_Schwinger_OBC_0_0_rand,outer,2,SA,0.01,Double,No_MSF,6435,535158
result_trotter_100_Schwinger_OBC_0_0_rand,outer,2,SA,0.001,Single,No_Kink,6801,1780165
result_trotter_100_Schwinger_OBC_0_0_rand,outer,1,random,0,Proj,No_Kink,11186,4504370
result_trotter_100_Schwinger_OBC_0_0_rand,outer,2,SA,0.01,Double,No_Top,6529,896716
result_trotter_100_Schwinger_OBC_0_0_rand,outer,2,SA,0.001,Single,Yes_Kink,6811,1789045
result_trotter_100_Schwinger_OBC_0_0_rand,outer,2,SA,0.01,Proj,No_MSF,2048,20196
result_trotter_100_Schwinger_OBC_0_0_rand,outer,1,random,0,Proj,Yes_Kink,11622,4463944
result_trotter_100_Schwinger_OBC_0_0_rand,outer,2,SA,0.01,Double,No_Kink,7183,1788123
result_trotter_100_Schwinger_OBC_0_0_rand,outer,2,SA,0.01,Proj,No_Top,6018,373084
result_trotter_100_Schwinger_OBC_0_0_rand,outer,2,SA,0.01,Single,No_MSF,6730,564036
result_trotter_100_Schwinger_OBC_0_0_rand,outer,2,SA,0.01,Double,Yes_Kink,7704,1867237
result_trotter_100_Schwinger_OBC_0_0_rand,outer,2,SA,0.01,Single,No_Top,6749,918063
result_trotter_100_Schwinger_OBC_0_0_rand,outer,2,SA,0.1,Double,No_MSF,6435,535158
result_trotter_100_Schwinger_OBC_0_0_rand,outer,2,SA,0.01,Single,No_Kink,6784,1705839
result_trotter_100_Schwinger_OBC_0_0_rand,outer,2,SA,0.1,Double,No_Top,6529,896716
result_trotter_100_Schwinger_OBC_0_0_rand,outer,2,SA,0.01,Single,Yes_Kink,6789,1711196
result_trotter_100_Schwinger_OBC_0_0_rand,outer,2,SA,0.1,Double,No_Kink,7164,1713776
result_trotter_100_Schwinger_OBC_0_0_rand,outer,2,SA,0.1,Proj,No_MSF,2048,20196
result_trotter_100_Schwinger_OBC_0_0_rand,outer,2,SA,0.1,Proj,No_Top,6018,373084
result_trotter_100_Schwinger_OBC_0_0_rand,outer,2,SA,0.1,Double,Yes_Kink,7645,1801636
result_trotter_100_Schwinger_OBC_0_0_rand,outer,2,SA,0.001,Proj,No_Kink,10417,5659217
result_trotter_100_Schwinger_OBC_0_0_rand,outer,2,SA,0.001,Proj,Yes_Kink,10667,5587961
result_trotter_100_Schwinger_OBC_0_0_rand,outer,2,SA,0.1,Single,No_MSF,6730,564036
result_trotter_100_Schwinger_OBC_0_0_rand,outer,2,SA,0.1,Single,No_Top,6749,918063
result_trotter_100_Schwinger_OBC_0_0_rand,outer,2,SA,0.1,Single,No_Kink,6827,1625929
result_trotter_100_Schwinger_OBC_0_0_rand,outer,2,SA,1,Double,No_MSF,6435,535158
result_trotter_100_Schwinger_OBC_0_0_rand,outer,2,SA,1,Double,No_Top,6529,896716
result_trotter_100_Schwinger_OBC_0_0_rand,outer,2,SA,1,Double,No_Kink,7346,1680921
result_trotter_100_Schwinger_OBC_0_0_rand,outer,2,SA,0.1,Single,Yes_Kink,6816,1631325
result_trotter_100_Schwinger_OBC_0_0_rand,outer,2,SA,0.01,Proj,No_Kink,10803,5775745
result_trotter_100_Schwinger_OBC_0_0_rand,outer,2,SA,1,Proj,No_MSF,2048,20196
result_trotter_100_Schwinger_OBC_0_0_rand,outer,2,SA,1,Proj,No_Top,6018,373084
result_trotter_100_Schwinger_OBC_0_0_rand,outer,2,SA,1,Double,Yes_Kink,7867,1772043
result_trotter_100_Schwinger_OBC_0_0_rand,outer,2,SA,1,Single,No_MSF,6730,564036
result_trotter_100_Schwinger_OBC_0_0_rand,outer,2,SA,0.01,Proj,Yes_Kink,11136,5720249
result_trotter_100_Schwinger_OBC_0_0_rand,outer,2,SA,1,Single,No_Top,6749,918063
result_trotter_100_Schwinger_OBC_0_0_rand,outer,2,random,0,Double,No_MSF,6435,535158
result_trotter_100_Schwinger_OBC_0_0_rand,outer,2,SA,1,Single,No_Kink,6755,1577316
result_trotter_100_Schwinger_OBC_0_0_rand,outer,2,random,0,Double,No_Top,6529,896716
result_trotter_100_Schwinger_OBC_0_0_rand,outer,2,SA,1,Single,Yes_Kink,6773,1582205
result_trotter_100_Schwinger_OBC_0_0_rand,outer,2,random,0,Proj,No_MSF,2048,20196
result_trotter_100_Schwinger_OBC_0_0_rand,outer,2,random,0,Double,No_Kink,7425,1937524
result_trotter_100_Schwinger_OBC_0_0_rand,outer,2,SA,0.1,Proj,No_Kink,10786,5643569
result_trotter_100_Schwinger_OBC_0_0_rand,outer,2,SA,0.1,Proj,Yes_Kink,11069,5572945
result_trotter_100_Schwinger_OBC_0_0_rand,outer,2,random,0,Proj,No_Top,6018,373084
result_trotter_100_Schwinger_OBC_0_0_rand,outer,2,random,0,Double,Yes_Kink,7891,2019454
result_trotter_100_Schwinger_OBC_0_0_rand,outer,2,random,0,Single,No_MSF,6730,564036
result_trotter_100_random_local_OBC_0_0_det,inner,1,SA,0.001,Double,No_Kink,917,168742
result_trotter_100_random_local_OBC_0_0_det,inner,1,SA,0.001,Double,No_MSF,833,80161
result_trotter_100_Schwinger_OBC_0_0_rand,outer,2,random,0,Single,No_Top,6749,918063
result_trotter_100_random_local_OBC_0_0_det,inner,1,SA,0.001,Double,No_Top,833,80161
result_trotter_100_random_local_OBC_0_0_det,inner,1,SA,0.001,Double,Yes_Kink,943,175703
result_trotter_100_random_local_OBC_0_0_det,inner,1,SA,0.001,Proj,No_MSF,274,12000
result_trotter_100_random_local_OBC_0_0_det,inner,1,SA,0.001,Proj,No_Top,274,12000
result_trotter_100_random_local_OBC_0_0_det,inner,1,SA,0.001,Proj,No_Kink,734,267079
result_trotter_100_random_local_OBC_0_0_det,inner,1,SA,0.001,Single,No_Kink,1146,186438
result_trotter_100_random_local_OBC_0_0_det,inner,1,SA,0.001,Single,No_MSF,1120,107694
result_trotter_100_random_local_OBC_0_0_det,inner,1,SA,0.001,Proj,Yes_Kink,790,282349
result_trotter_100_random_local_OBC_0_0_det,inner,1,SA,0.001,Single,No_Top,1120,107694
result_trotter_100_random_local_OBC_0_0_det,inner,1,SA,0.01,Double,No_MSF,833,80161
result_trotter_100_random_local_OBC_0_0_det,inner,1,SA,0.01,Double,No_Top,833,80161
result_trotter_100_random_local_OBC_0_0_det,inner,1,SA,0.01,Double,No_Kink,917,168742
result_trotter_100_random_local_OBC_0_0_det,inner,1,SA,0.01,Double,Yes_Kink,943,175703
result_trotter_100_random_local_OBC_0_0_det,inner,1,SA,0.01,Proj,No_MSF,274,12000
result_trotter_100_random_local_OBC_0_0_det,inner,1,SA,0.01,Proj,No_Top,274,12000
result_trotter_100_random_local_OBC_0_0_det,inner,1,SA,0.01,Proj,No_Kink,734,267079
result_trotter_100_Schwinger_OBC_0_0_rand,outer,2,random,0,Single,No_Kink,6771,1858187
result_trotter_100_random_local_OBC_0_0_det,inner,1,SA,0.01,Single,No_MSF,1120,107694
result_trotter_100_random_local_OBC_0_0_det,inner,1,SA,0.01,Single,No_Top,1120,107694
result_trotter_100_random_local_OBC_0_0_det,inner,1,SA,0.01,Single,No_Kink,1146,186438
result_trotter_100_random_local_OBC_0_0_det,inner,1,SA,0.1,Double,No_MSF,833,80161
result_trotter_100_random_local_OBC_0_0_det,inner,1,SA,0.1,Double,No_Top,833,80161
result_trotter_100_random_local_OBC_0_0_det,inner,1,SA,0.01,Proj,Yes_Kink,790,282349
result_trotter_100_random_local_OBC_0_0_det,inner,1,SA,0.1,Double,No_Kink,917,168742
result_trotter_100_random_local_OBC_0_0_det,inner,1,SA,0.1,Proj,No_MSF,274,12000
result_trotter_100_random_local_OBC_0_0_det,inner,1,SA,0.1,Proj,No_Top,274,12000
result_trotter_100_Schwinger_OBC_0_0_rand,outer,2,SA,1,Proj,No_Kink,10523,5486226
result_trotter_100_random_local_OBC_0_0_det,inner,1,SA,0.1,Double,Yes_Kink,943,175703
result_trotter_100_random_local_OBC_0_0_det,inner,1,SA,0.1,Single,No_MSF,1120,107694
result_trotter_100_random_local_OBC_0_0_det,inner,1,SA,0.1,Single,No_Top,1120,107694
result_trotter_100_random_local_OBC_0_0_det,inner,1,SA,0.1,Single,No_Kink,1146,186438
result_trotter_100_random_local_OBC_0_0_det,inner,1,SA,1,Double,No_MSF,833,80161
result_trotter_100_random_local_OBC_0_0_det,inner,1,SA,0.1,Proj,No_Kink,734,267079
result_trotter_100_random_local_OBC_0_0_det,inner,1,SA,1,Double,No_Top,833,80161
result_trotter_100_random_local_OBC_0_0_det,inner,1,SA,1,Double,No_Kink,917,168742
result_trotter_100_Schwinger_OBC_0_0_rand,outer,2,random,0,Single,Yes_Kink,6773,1879217
result_trotter_100_random_local_OBC_0_0_det,inner,1,SA,0.1,Proj,Yes_Kink,790,282349
result_trotter_100_random_local_OBC_0_0_det,inner,1,SA,1,Proj,No_MSF,274,12000
result_trotter_100_random_local_OBC_0_0_det,inner,1,SA,1,Proj,No_Top,274,12000
result_trotter_100_random_local_OBC_0_0_det,inner,1,SA,1,Double,Yes_Kink,943,175703
result_trotter_100_random_local_OBC_0_0_det,inner,1,SA,1,Single,No_MSF,1120,107694
result_trotter_100_random_local_OBC_0_0_det,inner,1,SA,1,Single,No_Top,1120,107694
result_trotter_100_random_local_OBC_0_0_det,inner,1,random,0,Double,No_MSF,833,80161
result_trotter_100_random_local_OBC_0_0_det,inner,1,random,0,Double,No_Top,833,80161
result_trotter_100_random_local_OBC_0_0_det,inner,1,SA,1,Single,No_Kink,1146,186438
result_trotter_100_random_local_OBC_0_0_det,inner,1,SA,1,Proj,No_Kink,734,267079
result_trotter_100_random_local_OBC_0_0_det,inner,1,random,0,Double,No_Kink,1020,209150
result_trotter_100_random_local_OBC_0_0_det,inner,1,random,0,Proj,No_MSF,274,12000
result_trotter_100_random_local_OBC_0_0_det,inner,1,random,0,Proj,No_Top,274,12000
result_trotter_100_random_local_OBC_0_0_det,inner,1,SA,1,Proj,Yes_Kink,790,282349
result_trotter_100_random_local_OBC_0_0_det,inner,1,random,0,Single,No_MSF,1120,107694
result_trotter_100_random_local_OBC_0_0_det,inner,1,random,0,Single,No_Top,1120,107694
result_trotter_100_random_local_OBC_0_0_det,inner,1,random,0,Double,Yes_Kink,1067,217514
result_trotter_100_random_local_OBC_0_0_det,inner,2,SA,0.001,Double,No_MSF,833,80161
result_trotter_100_random_local_OBC_0_0_det,inner,1,random,0,Single,No_Kink,1287,228902
result_trotter_100_random_local_OBC_0_0_det,inner,2,SA,0.001,Double,No_Top,833,80161
result_trotter_100_random_local_OBC_0_0_det,inner,2,SA,0.001,Double,No_Kink,863,138565
result_trotter_100_random_local_OBC_0_0_det,inner,1,random,0,Proj,No_Kink,704,267130
result_trotter_100_random_local_OBC_0_0_det,inner,2,SA,0.001,Proj,No_MSF,274,12000
result_trotter_100_random_local_OBC_0_0_det,inner,1,random,0,Proj,Yes_Kink,744,275800
result_trotter_100_random_local_OBC_0_0_det,inner,2,SA,0.001,Proj,No_Top,274,12000
result_trotter_100_random_local_OBC_0_0_det,inner,2,SA,0.001,Double,Yes_Kink,927,146750
result_trotter_100_random_local_OBC_0_0_det,inner,2,SA,0.001,Single,No_MSF,1120,107694
result_trotter_100_random_local_OBC_0_0_det,inner,2,SA,0.001,Single,No_Top,1120,107694
result_trotter_100_random_local_OBC_0_0_det,inner,2,SA,0.001,Single,No_Kink,1126,156972
result_trotter_100_random_local_OBC_0_0_det,inner,2,SA,0.01,Double,No_MSF,833,80161
result_trotter_100_random_local_OBC_0_0_det,inner,2,SA,0.01,Double,No_Top,833,80161
result_trotter_100_random_local_OBC_0_0_det,inner,2,SA,0.01,Double,No_Kink,863,138565
result_trotter_100_random_local_OBC_0_0_det,inner,2,SA,0.001,Single,Yes_Kink,1126,164985
result_trotter_100_random_local_OBC_0_0_det,inner,2,SA,0.01,Proj,No_MSF,274,12000
result_trotter_100_random_local_OBC_0_0_det,inner,2,SA,0.01,Proj,No_Top,274,12000
result_trotter_100_random_local_OBC_0_0_det,inner,2,SA,0.01,Double,Yes_Kink,927,146750
result_trotter_100_Schwinger_OBC_0_0_rand,outer,2,SA,1,Proj,Yes_Kink,10839,5433602
result_trotter_100_random_local_OBC_0_0_det,inner,2,SA,0.01,Single,No_MSF,1120,107694
result_trotter_100_random_local_OBC_0_0_det,inner,2,SA,0.001,Proj,No_Kink,600,333653
result_trotter_100_random_local_OBC_0_0_det,inner,2,SA,0.01,Single,No_Top,1120,107694
result_trotter_100_random_local_OBC_0_0_det,inner,2,SA,0.01,Single,No_Kink,1126,156972
result_trotter_100_random_local_OBC_0_0_det,inner,2,SA,0.001,Proj,Yes_Kink,636,347203
result_trotter_100_random_local_OBC_0_0_det,inner,2,SA,0.1,Double,No_MSF,833,80161
result_trotter_100_random_local_OBC_0_0_det,inner,2,SA,0.1,Double,No_Top,833,80161
result_trotter_100_random_local_OBC_0_0_det,inner,2,SA,0.01,Single,Yes_Kink,1126,164985
result_trotter_100_random_local_OBC_0_0_det,inner,2,SA,0.1,Proj,No_MSF,274,12000
result_trotter_100_random_local_OBC_0_0_det,inner,2,SA,0.1,Double,No_Kink,863,138565
result_trotter_100_random_local_OBC_0_0_det,inner,2,SA,0.1,Proj,No_Top,274,12000
result_trotter_100_random_local_OBC_0_0_det,inner,2,SA,0.1,Double,Yes_Kink,927,146750
result_trotter_100_random_local_OBC_0_0_det,inner,2,SA,0.1,Single,No_MSF,1120,107694
result_trotter_100_random_local_OBC_0_0_det,inner,2,SA,0.01,Proj,No_Kink,600,333653
result_trotter_100_random_local_OBC_0_0_det,inner,2,SA,0.1,Single,No_Top,1120,107694
result_trotter_100_random_local_OBC_0_0_det,inner,2,SA,0.1,Single,No_Kink,1126,156972
result_trotter_100_random_local_OBC_0_0_det,inner,2,SA,1,Double,No_MSF,833,80161
result_trotter_100_random_local_OBC_0_0_det,inner,2,SA,1,Double,No_Top,833,80161
result_trotter_100_random_local_OBC_0_0_det,inner,2,SA,1,Double,No_Kink,863,138565
result_trotter_100_random_local_OBC_0_0_det,inner,2,SA,0.01,Proj,Yes_Kink,636,347203
result_trotter_100_random_local_OBC_0_0_det,inner,2,SA,0.1,Single,Yes_Kink,1126,164985
result_trotter_100_random_local_OBC_0_0_det,inner,2,SA,1,Proj,No_MSF,274,12000
result_trotter_100_random_local_OBC_0_0_det,inner,2,SA,1,Proj,No_Top,274,12000
result_trotter_100_random_local_OBC_0_0_det,inner,2,SA,1,Double,Yes_Kink,927,146750
result_trotter_100_random_local_OBC_0_0_det,inner,2,SA,1,Single,No_MSF,1120,107694
result_trotter_100_random_local_OBC_0_0_det,inner,2,SA,0.1,Proj,No_Kink,600,333653
result_trotter_100_random_local_OBC_0_0_det,inner,2,SA,0.1,Proj,Yes_Kink,636,347203
result_trotter_100_random_local_OBC_0_0_det,inner,2,SA,1,Single,No_Top,1120,107694
result_trotter_100_random_local_OBC_0_0_det,inner,2,SA,1,Single,No_Kink,1126,156972
result_trotter_100_random_local_OBC_0_0_det,inner,2,random,0,Double,No_MSF,833,80161
result_trotter_100_random_local_OBC_0_0_det,inner,2,random,0,Double,No_Top,833,80161
result_trotter_100_random_local_OBC_0_0_det,inner,2,SA,1,Single,Yes_Kink,1126,164985
result_trotter_100_random_local_OBC_0_0_det,inner,2,random,0,Proj,No_MSF,274,12000
result_trotter_100_random_local_OBC_0_0_det,inner,2,random,0,Double,No_Kink,934,177323
result_trotter_100_random_local_OBC_0_0_det,inner,2,random,0,Proj,No_Top,274,12000
result_trotter_100_random_local_OBC_0_0_det,inner,2,random,0,Double,Yes_Kink,1005,187600
result_trotter_100_random_local_OBC_0_0_det,inner,2,SA,1,Proj,No_Kink,600,333653
result_trotter_100_random_local_OBC_0_0_det,inner,2,random,0,Single,No_MSF,1120,107694
result_trotter_100_random_local_OBC_0_0_det,inner,2,random,0,Single,No_Top,1120,107694
result_trotter_100_random_local_OBC_0_0_det,inner,2,SA,1,Proj,Yes_Kink,636,347203
result_trotter_100_random_local_OBC_0_0_det,inner,2,random,0,Single,No_Kink,1136,191744
result_trotter_100_random_local_OBC_0_0_det,outer,1,SA,0.001,Double,No_MSF,833,80161
result_trotter_100_random_local_OBC_0_0_det,outer,1,SA,0.001,Double,No_Top,833,80161
result_trotter_100_random_local_OBC_0_0_det,inner,2,random,0,Proj,No_Kink,427,233363
result_trotter_100_random_local_OBC_0_0_det,inner,2,random,0,Single,Yes_Kink,1142,198242
result_trotter_100_random_local_OBC_0_0_det,outer,1,SA,0.001,Proj,No_MSF,274,12000
result_trotter_100_random_local_OBC_0_0_det,outer,1,SA,0.001,Double,No_Kink,920,167909
result_trotter_100_random_local_OBC_0_0_det,outer,1,SA,0.001,Proj,No_Top,274,12000
result_trotter_100_random_local_OBC_0_0_det,inner,2,random,0,Proj,Yes_Kink,443,236886
result_trotter_100_random_local_OBC_0_0_det,outer,1,SA,0.001,Single,No_MSF,1120,107694
result_trotter_100_random_local_OBC_0_0_det,outer,1,SA,0.001,Single,No_Top,1120,107694
result_trotter_100_random_local_OBC_0_0_det,outer,1,SA,0.001,Double,Yes_Kink,956,176654
result_trotter_100_random_local_OBC_0_0_det,outer,1,SA,0.01,Double,No_MSF,833,80161
result_trotter_100_random_local_OBC_0_0_det,outer,1,SA,0.001,Single,No_Kink,1147,185158
result_trotter_100_random_local_OBC_0_0_det,outer,1,SA,0.01,Double,No_Top,833,80161
result_trotter_100_random_local_OBC_0_0_det,outer,1,SA,0.01,Proj,No_MSF,274,12000
result_trotter_100_random_local_OBC_0_0_det,outer,1,SA,0.001,Proj,No_Kink,718,257521
result_trotter_100_random_local_OBC_0_0_det,outer,1,SA,0.01,Double,No_Kink,920,167909
result_trotter_100_random_local_OBC_0_0_det,outer,1,SA,0.01,Proj,No_Top,274,12000
result_trotter_100_random_local_OBC_0_0_det,outer,1,SA,0.01,Double,Yes_Kink,956,176654
result_trotter_100_random_local_OBC_0_0_det,outer,1,SA,0.01,Single,No_MSF,1120,107694
result_trotter_100_random_local_OBC_0_0_det,outer,1,SA,0.001,Proj,Yes_Kink,771,272892
result_trotter_100_random_local_OBC_0_0_det,outer,1,SA,0.01,Single,No_Top,1120,107694
result_trotter_100_random_local_OBC_0_0_det,outer,1,SA,0.1,Double,No_MSF,833,80161
result_trotter_100_random_local_OBC_0_0_det,outer,1,SA,0.1,Double,No_Top,833,80161
result_trotter_100_random_local_OBC_0_0_det,outer,1,SA,0.01,Single,No_Kink,1147,185158
result_trotter_100_random_local_OBC_0_0_det,outer,1,SA,0.1,Double,No_Kink,920,167909
result_trotter_100_random_local_OBC_0_0_det,outer,1,SA,0.1,Proj,No_MSF,274,12000
result_trotter_100_random_local_OBC_0_0_det,outer,1,SA,0.01,Proj,No_Kink,718,257521
result_trotter_100_random_local_OBC_0_0_det,outer,1,SA,0.1,Proj,No_Top,274,12000
result_trotter_100_random_local_OBC_0_0_det,outer,1,SA,0.1,Double,Yes_Kink,956,176654
result_trotter_100_random_local_OBC_0_0_det,outer,1,SA,0.01,Proj,Yes_Kink,771,272892
result_trotter_100_random_local_OBC_0_0_det,outer,1,SA,0.1,Single,No_MSF,1120,107694
result_trotter_100_random_local_OBC_0_0_det,outer,1,SA,0.1,Single,No_Top,1120,107694
result_trotter_100_random_local_OBC_0_0_det,outer,1,SA,1,Double,No_MSF,833,80161
result_trotter_100_random_local_OBC_0_0_det,outer,1,SA,1,Double,No_Top,833,80161
result_trotter_100_random_local_OBC_0_0_det,outer,1,SA,0.1,Single,No_Kink,1147,185158
result_trotter_100_random_local_OBC_0_0_det,outer,1,SA,1,Proj,No_MSF,274,12000
result_trotter_100_random_local_OBC_0_0_det,outer,1,SA,1,Double,No_Kink,920,167909
result_trotter_100_random_local_OBC_0_0_det,outer,1,SA,1,Proj,No_Top,274,12000
result_trotter_100_Schwinger_OBC_0_0_rand,outer,2,random,0,Proj,No_Kink,9737,5419712
result_trotter_100_random_local_OBC_0_0_det,outer,1,SA,0.1,Proj,No_Kink,718,257521
result_trotter_100_random_local_OBC_0_0_det,outer,1,SA,1,Double,Yes_Kink,956,176654
result_trotter_100_random_local_OBC_0_0_det,outer,1,SA,1,Single,No_MSF,1120,107694
result_trotter_100_random_local_OBC_0_0_det,outer,1,SA,1,Single,No_Top,1120,107694
result_trotter_100_random_local_OBC_0_0_det,outer,1,random,0,Double,No_MSF,833,80161
result_trotter_100_random_local_OBC_0_0_det,outer,1,SA,0.1,Proj,Yes_Kink,771,272892
result_trotter_100_random_local_OBC_0_0_det,outer,1,random,0,Double,No_Top,833,80161
result_trotter_100_random_local_OBC_0_0_det,outer,1,SA,1,Single,No_Kink,1147,185158
result_trotter_100_random_local_OBC_0_0_det,outer,1,random,0,Proj,No_MSF,274,12000
result_trotter_100_random_local_OBC_0_0_det,outer,1,random,0,Proj,No_Top,274,12000
result_trotter_100_random_local_OBC_0_0_det,outer,1,SA,1,Proj,No_Kink,718,257521
result_trotter_100_random_local_OBC_0_0_det,outer,1,random,0,Double,No_Kink,936,186747
result_trotter_100_random_local_OBC_0_0_det,outer,1,random,0,Single,No_MSF,1120,107694
result_trotter_100_random_local_OBC_0_0_det,outer,1,random,0,Single,No_Top,1120,107694
result_trotter_100_random_local_OBC_0_0_det,outer,1,SA,1,Proj,Yes_Kink,771,272892
result_trotter_100_random_local_OBC_0_0_det,outer,2,SA,0.001,Double,No_MSF,833,80161
result_trotter_100_random_local_OBC_0_0_det,outer,1,random,0,Double,Yes_Kink,975,195955
result_trotter_100_random_local_OBC_0_0_det,outer,2,SA,0.001,Double,No_Top,833,80161
result_trotter_100_random_local_OBC_0_0_det,outer,1,random,0,Single,No_Kink,1157,205117
result_trotter_100_random_local_OBC_0_0_det,outer,2,SA,0.001,Proj,No_MSF,274,12000
result_trotter_100_random_local_OBC_0_0_det,outer,2,SA,0.001,Double,No_Kink,864,138714
result_trotter_100_random_local_OBC_0_0_det,outer,2,SA,0.001,Proj,No_Top,274,12000
result_trotter_100_random_local_OBC_0_0_det,outer,1,random,0,Proj,No_Kink,692,246613
result_trotter_100_random_local_OBC_0_0_det,outer,2,SA,0.001,Single,No_MSF,1120,107694
result_trotter_100_random_local_OBC_0_0_det,outer,2,SA,0.001,Single,No_Top,1120,107694
result_trotter_100_random_local_OBC_0_0_det,outer,2,SA,0.001,Double,Yes_Kink,933,146982
result_trotter_100_random_local_OBC_0_0_det,outer,2,SA,0.001,Single,No_Kink,1121,156589
result_trotter_100_random_local_OBC_0_0_det,outer,2,SA,0.01,Double,No_MSF,833,80161
result_trotter_100_random_local_OBC_0_0_det,outer,1,random,0,Proj,Yes_Kink,733,256618
result_trotter_100_random_local_OBC_0_0_det,outer,2,SA,0.01,Double,No_Top,833,80161
result_trotter_100_random_local_OBC_0_0_det,outer,2,SA,0.01,Proj,No_MSF,274,12000
result_trotter_100_random_local_OBC_0_0_det,outer,2,SA,0.001,Single,Yes_Kink,1129,164816
result_trotter_100_random_local_OBC_0_0_det,outer,2,SA,0.01,Double,No_Kink,864,138714
result_trotter_100_random_local_OBC_0_0_det,outer,2,SA,0.01,Proj,No_Top,274,12000
result_trotter_100_random_local_OBC_0_0_det,outer,2,SA,0.01,Double,Yes_Kink,933,146982
result_trotter_100_random_local_OBC_0_0_det,outer,2,SA,0.01,Single,No_MSF,1120,107694
result_trotter_100_random_local_OBC_0_0_det,outer,2,SA,0.01,Single,No_Top,1120,107694
result_trotter_100_random_local_OBC_0_0_det,outer,2,SA,0.01,Single,No_Kink,1121,156589
result_trotter_100_random_local_OBC_0_0_det,outer,2,SA,0.1,Double,No_MSF,833,80161
result_trotter_100_random_local_OBC_0_0_det,outer,2,SA,0.001,Proj,No_Kink,550,295150
result_trotter_100_random_local_OBC_0_0_det,outer,2,SA,0.1,Double,No_Top,833,80161
result_trotter_100_random_local_OBC_0_0_det,outer,2,SA,0.001,Proj,Yes_Kink,583,308861
result_trotter_100_random_local_OBC_0_0_det,outer,2,SA,0.1,Double,No_Kink,864,138714
result_trotter_100_random_local_OBC_0_0_det,outer,2,SA,0.1,Proj,No_MSF,274,12000
result_trotter_100_random_local_OBC_0_0_det,outer,2,SA,0.01,Single,Yes_Kink,1129,164816
result_trotter_100_random_local_OBC_0_0_det,outer,2,SA,0.1,Proj,No_Top,274,12000
result_trotter_100_random_local_OBC_0_0_det,outer,2,SA,0.1,Double,Yes_Kink,933,146982
result_trotter_100_random_local_OBC_0_0_det,outer,2,SA,0.1,Single,No_MSF,1120,107694
result_trotter_100_random_local_OBC_0_0_det,outer,2,SA,0.1,Single,No_Top,1120,107694
result_trotter_100_random_local_OBC_0_0_det,outer,2,SA,0.1,Single,No_Kink,1121,156589
result_trotter_100_random_local_OBC_0_0_det,outer,2,SA,0.01,Proj,No_Kink,550,295150
result_trotter_100_random_local_OBC_0_0_det,outer,2,SA,1,Double,No_MSF,833,80161
result_trotter_100_random_local_OBC_0_0_det,outer,2,SA,1,Double,No_Top,833,80161
result_trotter_100_random_local_OBC_0_0_det,outer,2,SA,0.1,Single,Yes_Kink,1129,164816
result_trotter_100_random_local_OBC_0_0_det,outer,2,SA,0.01,Proj,Yes_Kink,583,308861
result_trotter_100_random_local_OBC_0_0_det,outer,2,SA,1,Proj,No_MSF,274,12000
result_trotter_100_random_local_OBC_0_0_det,outer,2,SA,1,Double,No_Kink,864,138714
result_trotter_100_random_local_OBC_0_0_det,outer,2,SA,1,Proj,No_Top,274,12000
result_trotter_100_random_local_OBC_0_0_det,outer,2,SA,1,Double,Yes_Kink,933,146982
result_trotter_100_random_local_OBC_0_0_det,outer,2,SA,1,Single,No_MSF,1120,107694
result_trotter_100_random_local_OBC_0_0_det,outer,2,SA,1,Single,No_Top,1120,107694
result_trotter_100_random_local_OBC_0_0_det,outer,2,SA,0.1,Proj,No_Kink,550,295150
result_trotter_100_random_local_OBC_0_0_det,outer,2,SA,1,Single,No_Kink,1121,156589
result_trotter_100_random_local_OBC_0_0_det,outer,2,SA,0.1,Proj,Yes_Kink,583,308861
result_trotter_100_random_local_OBC_0_0_det,outer,2,SA,1,Single,Yes_Kink,1129,164816
result_trotter_100_random_local_OBC_0_0_det,outer,2,random,0,Double,No_MSF,833,80161
result_trotter_100_random_local_OBC_0_0_det,outer,2,random,0,Double,No_Top,833,80161
result_trotter_100_Schwinger_OBC_0_0_rand,outer,2,random,0,Proj,Yes_Kink,9995,5362082
result_trotter_100_random_local_OBC_0_0_det,outer,2,random,0,Proj,No_MSF,274,12000
result_trotter_100_random_local_OBC_0_0_det,outer,2,random,0,Proj,No_Top,274,12000
result_trotter_100_random_local_OBC_0_0_det,outer,2,random,0,Double,No_Kink,884,158440
result_trotter_100_random_local_OBC_0_0_det,outer,2,random,0,Single,No_MSF,1120,107694
result_trotter_100_random_local_OBC_0_0_det,outer,2,random,0,Double,Yes_Kink,948,167377
result_trotter_100_random_local_OBC_0_0_det,outer,2,random,0,Single,No_Top,1120,107694
result_trotter_100_random_local_OBC_0_0_rand,inner,1,SA,0.001,Double,No_MSF,856,80574
result_trotter_100_random_local_OBC_0_0_det,outer,2,random,0,Single,No_Kink,1123,175409
result_trotter_100_random_local_OBC_0_0_det,outer,2,SA,1,Proj,No_Kink,550,295150
result_trotter_100_random_local_OBC_0_0_rand,inner,1,SA,0.001,Double,No_Top,856,80574
result_trotter_100_random_local_OBC_0_0_det,outer,2,SA,1,Proj,Yes_Kink,583,308861
result_trotter_100_random_local_OBC_0_0_det,outer,2,random,0,Single,Yes_Kink,1123,181640
result_trotter_100_random_local_OBC_0_0_rand,inner,1,SA,0.001,Proj,No_MSF,274,12000
result_trotter_100_random_local_OBC_0_0_rand,inner,1,SA,0.001,Double,No_Kink,950,168620
result_trotter_100_random_local_OBC_0_0_rand,inner,1,SA,0.001,Proj,No_Top,274,12000
result_trotter_100_random_local_OBC_0_0_rand,inner,1,SA,0.001,Single,No_MSF,1136,107480
result_trotter_100_random_local_OBC_0_0_det,outer,2,random,0,Proj,No_Kink,435,229048
result_trotter_100_random_local_OBC_0_0_rand,inner,1,SA,0.001,Double,Yes_Kink,979,176972
result_trotter_100_random_local_OBC_0_0_rand,inner,1,SA,0.001,Single,No_Top,1136,107480
result_trotter_100_random_local_OBC_0_0_rand,inner,1,SA,0.01,Double,No_MSF,856,80574
result_trotter_100_random_local_OBC_0_0_det,outer,2,random,0,Proj,Yes_Kink,462,238203
result_trotter_100_random_local_OBC_0_0_rand,inner,1,SA,0.01,Double,No_Top,856,80574
result_trotter_100_random_local_OBC_0_0_rand,inner,1,SA,0.01,Proj,No_MSF,274,12000
result_trotter_100_random_local_OBC_0_0_rand,inner,1,SA,0.01,Proj,No_Top,274,12000
result_trotter_100_random_local_OBC_0_0_rand,inner,1,SA,0.001,Single,No_Kink,1167,186259
result_trotter_100_random_local_OBC_0_0_rand,inner,1,SA,0.01,Double,No_Kink,950,168620
result_trotter_100_random_local_OBC_0_0_rand,inner,1,SA,0.01,Single,No_MSF,1136,107480
result_trotter_100_random_local_OBC_0_0_rand,inner,1,SA,0.01,Single,No_Top,1136,107480
result_trotter_100_random_local_OBC_0_0_rand,inner,1,SA,0.001,Proj,No_Kink,729,262413
result_trotter_100_random_local_OBC_0_0_rand,inner,1,SA,0.01,Double,Yes_Kink,979,176972
result_trotter_100_random_local_OBC_0_0_rand,inner,1,SA,0.1,Double,No_MSF,856,80574
result_trotter_100_random_local_OBC_0_0_rand,inner,1,SA,0.1,Double,No_Top,856,80574
result_trotter_100_random_local_OBC_0_0_rand,inner,1,SA,0.01,Single,No_Kink,1167,186259
result_trotter_100_random_local_OBC_0_0_rand,inner,1,SA,0.001,Proj,Yes_Kink,783,278440
result_trotter_100_random_local_OBC_0_0_rand,inner,1,SA,0.1,Proj,No_MSF,274,12000
result_trotter_100_random_local_OBC_0_0_rand,inner,1,SA,0.1,Proj,No_Top,274,12000
result_trotter_100_random_local_OBC_0_0_rand,inner,1,SA,0.1,Double,No_Kink,950,168620
result_trotter_100_random_local_OBC_0_0_rand,inner,1,SA,0.1,Single,No_MSF,1136,107480
result_trotter_100_random_local_OBC_0_0_rand,inner,1,SA,0.1,Single,No_Top,1136,107480
result_trotter_100_random_local_OBC_0_0_rand,inner,1,SA,0.1,Double,Yes_Kink,979,176972
result_trotter_100_random_local_OBC_0_0_rand,inner,1,SA,1,Double,No_MSF,856,80574
result_trotter_100_random_local_OBC_0_0_rand,inner,1,SA,0.01,Proj,No_Kink,729,262413
result_trotter_100_random_local_OBC_0_0_rand,inner,1,SA,1,Double,No_Top,856,80574
result_trotter_100_random_local_OBC_0_0_rand,inner,1,SA,0.1,Single,No_Kink,1167,186259
result_trotter_100_random_local_OBC_0_0_rand,inner,1,SA,1,Proj,No_MSF,274,12000
result_trotter_100_random_local_OBC_0_0_rand,inner,1,SA,1,Double,No_Kink,950,168620
result_trotter_100_random_local_OBC_0_0_rand,inner,1,SA,0.01,Proj,Yes_Kink,783,278440
result_trotter_100_random_local_OBC_0_0_rand,inner,1,SA,1,Proj,No_Top,274,12000
result_trotter_100_random_local_OBC_0_0_rand,inner,1,SA,0.1,Proj,No_Kink,729,262413
result_trotter_100_random_local_OBC_0_0_rand,inner,1,SA,1,Single,No_MSF,1136,107480
result_trotter_100_random_local_OBC_0_0_rand,inner,1,SA,1,Single,No_Top,1136,107480
result_trotter_100_random_local_OBC_0_0_rand,inner,1,SA,1,Double,Yes_Kink,979,176972
result_trotter_100_random_local_OBC_0_0_rand,inner,1,random,0,Double,No_MSF,856,80574
result_trotter_100_random_local_OBC_0_0_rand,inner,1,random,0,Double,No_Top,856,80574
result_trotter_100_random_local_OBC_0_0_rand,inner,1,SA,1,Single,No_Kink,1167,186259
result_trotter_100_random_local_OBC_0_0_rand,inner,1,SA,0.1,Proj,Yes_Kink,783,278440
result_trotter_100_random_local_OBC_0_0_rand,inner,1,random,0,Proj,No_MSF,274,12000
result_trotter_100_random_local_OBC_0_0_rand,inner,1,random,0,Proj,No_Top,274,12000
result_trotter_100_random_local_OBC_0_0_rand,inner,1,random,0,Single,No_MSF,1136,107480
result_trotter_100_random_local_OBC_0_0_rand,inner,1,random,0,Single,No_Top,1136,107480
result_trotter_100_random_local_OBC_0_0_rand,inner,1,random,0,Double,No_Kink,1002,201600
result_trotter_100_random_local_OBC_0_0_rand,inner,1,SA,1,Proj,No_Kink,729,262413
result_trotter_100_random_local_OBC_0_0_rand,inner,2,SA,0.001,Double,No_Top,856,80574
result_trotter_100_random_local_OBC_0_0_rand,inner,2,SA,0.001,Double,No_MSF,856,80574
result_trotter_100_random_local_OBC_0_0_rand,inner,1,random,0,Double,Yes_Kink,1027,209190
result_trotter_100_random_local_OBC_0_0_rand,inner,1,SA,1,Proj,Yes_Kink,783,278440
result_trotter_100_random_local_OBC_0_0_rand,inner,2,SA,0.001,Proj,No_MSF,274,12000
result_trotter_100_random_local_OBC_0_0_rand,inner,2,SA,0.001,Proj,No_Top,274,12000
result_trotter_100_random_local_OBC_0_0_rand,inner,1,random,0,Single,No_Kink,1255,223324
result_trotter_100_random_local_OBC_0_0_rand,inner,2,SA,0.001,Double,No_Kink,903,140022
result_trotter_100_random_local_OBC_0_0_rand,inner,2,SA,0.001,Single,No_MSF,1136,107480
result_trotter_100_random_local_OBC_0_0_rand,inner,2,SA,0.001,Double,Yes_Kink,958,147601
result_trotter_100_random_local_OBC_0_0_rand,inner,2,SA,0.001,Single,No_Top,1136,107480
result_trotter_100_random_local_OBC_0_0_rand,inner,1,random,0,Proj,No_Kink,699,261889
result_trotter_100_random_local_OBC_0_0_rand,inner,2,SA,0.001,Single,No_Kink,1139,156254
result_trotter_100_random_local_OBC_0_0_rand,inner,2,SA,0.01,Double,No_Top,856,80574
result_trotter_100_random_local_OBC_0_0_rand,inner,2,SA,0.01,Double,No_MSF,856,80574
result_trotter_100_random_local_OBC_0_0_rand,inner,1,random,0,Proj,Yes_Kink,745,272860
result_trotter_100_random_local_OBC_0_0_rand,inner,2,SA,0.001,Single,Yes_Kink,1139,164252
result_trotter_100_random_local_OBC_0_0_rand,inner,2,SA,0.01,Double,No_Kink,903,140022
result_trotter_100_random_local_OBC_0_0_rand,inner,2,SA,0.01,Proj,No_MSF,274,12000
result_trotter_100_random_local_OBC_0_0_rand,inner,2,SA,0.01,Proj,No_Top,274,12000
result_trotter_100_random_local_OBC_0_0_rand,inner,2,SA,0.01,Double,Yes_Kink,958,147601
result_trotter_100_random_local_OBC_0_0_rand,inner,2,SA,0.01,Single,No_Top,1136,107480
result_trotter_100_random_local_OBC_0_0_rand,inner,2,SA,0.01,Single,No_MSF,1136,107480
result_trotter_100_random_local_OBC_0_0_rand,inner,2,SA,0.01,Single,No_Kink,1139,156254
result_trotter_100_random_local_OBC_0_0_rand,inner,2,SA,0.1,Double,No_MSF,856,80574
result_trotter_100_random_local_OBC_0_0_rand,inner,2,SA,0.1,Double,No_Top,856,80574
result_trotter_100_random_local_OBC_0_0_rand,inner,2,SA,0.01,Single,Yes_Kink,1139,164252
result_trotter_100_random_local_OBC_0_0_rand,inner,2,SA,0.1,Double,No_Kink,903,140022
result_trotter_100_random_local_OBC_0_0_rand,inner,2,SA,0.001,Proj,No_Kink,550,301979
result_trotter_100_random_local_OBC_0_0_rand,inner,2,SA,0.1,Proj,No_Top,274,12000
result_trotter_100_random_local_OBC_0_0_rand,inner,2,SA,0.1,Proj,No_MSF,274,12000
result_trotter_100_random_local_OBC_0_0_rand,inner,2,SA,0.001,Proj,Yes_Kink,577,312073
result_trotter_100_random_local_OBC_0_0_rand,inner,2,SA,0.1,Double,Yes_Kink,958,147601
result_trotter_100_random_local_OBC_0_0_rand,inner,2,SA,0.1,Single,No_Top,1136,107480
result_trotter_100_random_local_OBC_0_0_rand,inner,2,SA,0.1,Single,No_MSF,1136,107480
result_trotter_100_random_local_OBC_0_0_rand,inner,2,SA,1,Double,No_MSF,856,80574
result_trotter_100_random_local_OBC_0_0_rand,inner,2,SA,0.1,Single,No_Kink,1139,156254
result_trotter_100_random_local_OBC_0_0_rand,inner,2,SA,0.01,Proj,No_Kink,550,301979
result_trotter_100_random_local_OBC_0_0_rand,inner,2,SA,1,Double,No_Top,856,80574
result_trotter_100_random_local_OBC_0_0_rand,inner,2,SA,0.1,Single,Yes_Kink,1139,164252
result_trotter_100_random_local_OBC_0_0_rand,inner,2,SA,1,Proj,No_MSF,274,12000
result_trotter_100_random_local_OBC_0_0_rand,inner,2,SA,1,Double,No_Kink,903,140022
result_trotter_100_random_local_OBC_0_0_rand,inner,2,SA,1,Proj,No_Top,274,12000
result_trotter_100_random_local_OBC_0_0_rand,inner,2,SA,0.01,Proj,Yes_Kink,577,312073
result_trotter_100_random_local_OBC_0_0_rand,inner,2,SA,1,Double,Yes_Kink,958,147601
result_trotter_100_random_local_OBC_0_0_rand,inner,2,SA,1,Single,No_MSF,1136,107480
result_trotter_100_random_local_OBC_0_0_rand,inner,2,SA,1,Single,No_Top,1136,107480
result_trotter_100_random_local_OBC_0_0_rand,inner,2,SA,1,Single,No_Kink,1139,156254
result_trotter_100_random_local_OBC_0_0_rand,inner,2,SA,0.1,Proj,No_Kink,550,301979
result_trotter_100_random_local_OBC_0_0_rand,inner,2,random,0,Double,No_MSF,856,80574
result_trotter_100_random_local_OBC_0_0_rand,inner,2,random,0,Double,No_Top,856,80574
result_trotter_100_random_local_OBC_0_0_rand,inner,2,SA,1,Single,Yes_Kink,1139,164252
result_trotter_100_random_local_OBC_0_0_rand,inner,2,random,0,Proj,No_MSF,274,12000
result_trotter_100_random_local_OBC_0_0_rand,inner,2,SA,0.1,Proj,Yes_Kink,577,312073
result_trotter_100_random_local_OBC_0_0_rand,inner,2,random,0,Proj,No_Top,274,12000
result_trotter_100_random_local_OBC_0_0_rand,inner,2,random,0,Double,No_Kink,964,178721
result_trotter_100_random_local_OBC_0_0_rand,inner,2,random,0,Single,No_MSF,1136,107480
result_trotter_100_random_local_OBC_0_0_rand,inner,2,random,0,Single,No_Top,1136,107480
result_trotter_100_random_local_OBC_0_0_rand,inner,2,random,0,Double,Yes_Kink,1014,186709
result_trotter_100_random_local_OBC_0_0_rand,outer,1,SA,0.001,Double,No_MSF,856,80574
result_trotter_100_random_local_OBC_0_0_rand,inner,2,SA,1,Proj,No_Kink,550,301979
result_trotter_100_random_local_OBC_0_0_rand,inner,2,random,0,Single,No_Kink,1138,190535
result_trotter_100_random_local_OBC_0_0_rand,outer,1,SA,0.001,Double,No_Top,856,80574
result_trotter_100_random_local_OBC_0_0_rand,inner,2,SA,1,Proj,Yes_Kink,577,312073
result_trotter_100_random_local_OBC_0_0_rand,outer,1,SA,0.001,Proj,No_MSF,274,12000
result_trotter_100_random_local_OBC_0_0_rand,inner,2,random,0,Single,Yes_Kink,1144,197125
result_trotter_100_random_local_OBC_0_0_rand,outer,1,SA,0.001,Proj,No_Top,274,12000
result_trotter_100_random_local_OBC_0_0_rand,outer,1,SA,0.001,Double,No_Kink,939,168906
result_trotter_100_random_local_OBC_0_0_rand,inner,2,random,0,Proj,No_Kink,446,240076
result_trotter_100_random_local_OBC_0_0_rand,outer,1,SA,0.001,Single,No_MSF,1136,107480
result_trotter_100_random_local_OBC_0_0_rand,outer,1,SA,0.001,Single,No_Top,1136,107480
result_trotter_100_random_local_OBC_0_0_rand,outer,1,SA,0.001,Double,Yes_Kink,966,176685
result_trotter_100_random_local_OBC_0_0_rand,inner,2,random,0,Proj,Yes_Kink,458,243012
result_trotter_100_random_local_OBC_0_0_rand,outer,1,SA,0.01,Double,No_MSF,856,80574
result_trotter_100_random_local_OBC_0_0_rand,outer,1,SA,0.01,Double,No_Top,856,80574
result_trotter_100_random_local_OBC_0_0_rand,outer,1,SA,0.01,Proj,No_MSF,274,12000
result_trotter_100_random_local_OBC_0_0_rand,outer,1,SA,0.001,Single,No_Kink,1153,185160
result_trotter_100_random_local_OBC_0_0_rand,outer,1,SA,0.01,Proj,No_Top,274,12000
result_trotter_100_random_local_OBC_0_0_rand,outer,1,SA,0.01,Single,No_MSF,1136,107480
result_trotter_100_random_local_OBC_0_0_rand,outer,1,SA,0.001,Proj,No_Kink,722,257616
result_trotter_100_random_local_OBC_0_0_rand,outer,1,SA,0.01,Double,No_Kink,939,168906
result_trotter_100_random_local_OBC_0_0_rand,outer,1,SA,0.01,Single,No_Top,1136,107480
result_trotter_100_random_local_OBC_0_0_rand,outer,1,SA,0.1,Double,No_MSF,856,80574
result_trotter_100_random_local_OBC_0_0_rand,outer,1,SA,0.01,Double,Yes_Kink,966,176685
result_trotter_100_random_local_OBC_0_0_rand,outer,1,SA,0.1,Double,No_Top,856,80574
result_trotter_100_random_local_OBC_0_0_rand,outer,1,SA,0.01,Single,No_Kink,1153,185160
result_trotter_100_random_local_OBC_0_0_rand,outer,1,SA,0.001,Proj,Yes_Kink,768,271353
result_trotter_100_random_local_OBC_0_0_rand,outer,1,SA,0.1,Proj,No_Top,274,12000
result_trotter_100_random_local_OBC_0_0_rand,outer,1,SA,0.1,Proj,No_MSF,274,12000
result_trotter_100_random_local_OBC_0_0_rand,outer,1,SA,0.1,Double,No_Kink,939,168906
result_trotter_100_random_local_OBC_0_0_rand,outer,1,SA,0.1,Single,No_MSF,1136,107480
result_trotter_100_random_local_OBC_0_0_rand,outer,1,SA,0.1,Single,No_Top,1136,107480
result_trotter_100_random_local_OBC_0_0_rand,outer,1,SA,0.1,Double,Yes_Kink,966,176685
result_trotter_100_random_local_OBC_0_0_rand,outer,1,SA,0.01,Proj,No_Kink,722,257616
result_trotter_100_random_local_OBC_0_0_rand,outer,1,SA,1,Double,No_MSF,856,80574
result_trotter_100_random_local_OBC_0_0_rand,outer,1,SA,1,Double,No_Top,856,80574
result_trotter_100_random_local_OBC_0_0_rand,outer,1,SA,0.01,Proj,Yes_Kink,768,271353
result_trotter_100_random_local_OBC_0_0_rand,outer,1,SA,0.1,Single,No_Kink,1153,185160
result_trotter_100_random_local_OBC_0_0_rand,outer,1,SA,1,Proj,No_MSF,274,12000
result_trotter_100_random_local_OBC_0_0_rand,outer,1,SA,1,Proj,No_Top,274,12000
result_trotter_100_random_local_OBC_0_0_rand,outer,1,SA,1,Single,No_MSF,1136,107480
result_trotter_100_random_local_OBC_0_0_rand,outer,1,SA,1,Double,No_Kink,939,168906
result_trotter_100_random_local_OBC_0_0_rand,outer,1,SA,1,Single,No_Top,1136,107480
result_trotter_100_random_local_OBC_0_0_rand,outer,1,SA,0.1,Proj,No_Kink,722,257616
result_trotter_100_random_local_OBC_0_0_rand,outer,1,random,0,Double,No_MSF,856,80574
result_trotter_100_random_local_OBC_0_0_rand,outer,1,random,0,Double,No_Top,856,80574
result_trotter_100_random_local_OBC_0_0_rand,outer,1,SA,1,Double,Yes_Kink,966,176685
result_trotter_100_random_local_OBC_0_0_rand,outer,1,SA,0.1,Proj,Yes_Kink,768,271353
result_trotter_100_random_local_OBC_0_0_rand,outer,1,random,0,Proj,No_MSF,274,12000
result_trotter_100_random_local_OBC_0_0_rand,outer,1,SA,1,Single,No_Kink,1153,185160
result_trotter_100_random_local_OBC_0_0_rand,outer,1,random,0,Proj,No_Top,274,12000
result_trotter_100_random_local_OBC_0_0_rand,outer,1,SA,1,Proj,No_Kink,722,257616
result_trotter_100_random_local_OBC_0_0_rand,outer,1,random,0,Double,No_Kink,970,188057
result_trotter_100_random_local_OBC_0_0_rand,outer,1,random,0,Single,No_MSF,1136,107480
result_trotter_100_random_local_OBC_0_0_rand,outer,1,random,0,Single,No_Top,1136,107480
result_trotter_100_random_local_OBC_0_0_rand,outer,1,random,0,Double,Yes_Kink,1004,196267
result_trotter_100_random_local_OBC_0_0_rand,outer,1,SA,1,Proj,Yes_Kink,768,271353
result_trotter_100_random_local_OBC_0_0_rand,outer,2,SA,0.001,Double,No_MSF,856,80574
result_trotter_100_random_local_OBC_0_0_rand,outer,2,SA,0.001,Double,No_Top,856,80574
result_trotter_100_random_local_OBC_0_0_rand,outer,2,SA,0.001,Proj,No_Top,274,12000
result_trotter_100_random_local_OBC_0_0_rand,outer,2,SA,0.001,Proj,No_MSF,274,12000
result_trotter_100_random_local_OBC_0_0_rand,outer,1,random,0,Single,No_Kink,1166,204200
result_trotter_100_random_local_OBC_0_0_rand,outer,2,SA,0.001,Double,No_Kink,898,139423
result_trotter_100_random_local_OBC_0_0_rand,outer,2,SA,0.001,Double,Yes_Kink,951,146576
result_trotter_100_random_local_OBC_0_0_rand,outer,1,random,0,Proj,No_Kink,681,242887
result_trotter_100_random_local_OBC_0_0_rand,outer,2,SA,0.001,Single,No_MSF,1136,107480
result_trotter_100_random_local_OBC_0_0_rand,outer,2,SA,0.001,Single,No_Top,1136,107480
result_trotter_100_random_local_OBC_0_0_rand,outer,2,SA,0.001,Single,No_Kink,1141,156242
result_trotter_100_random_local_OBC_0_0_rand,outer,1,random,0,Proj,Yes_Kink,730,255219
result_trotter_100_random_local_OBC_0_0_rand,outer,2,SA,0.01,Double,No_MSF,856,80574
result_trotter_100_random_local_OBC_0_0_rand,outer,2,SA,0.01,Double,No_Top,856,80574
result_trotter_100_random_local_OBC_0_0_rand,outer,2,SA,0.01,Proj,No_MSF,274,12000
result_trotter_100_random_local_OBC_0_0_rand,outer,2,SA,0.001,Single,Yes_Kink,1139,163804
result_trotter_100_random_local_OBC_0_0_rand,outer,2,SA,0.01,Double,No_Kink,898,139423
result_trotter_100_random_local_OBC_0_0_rand,outer,2,SA,0.01,Proj,No_Top,274,12000
result_trotter_100_random_local_OBC_0_0_rand,outer,2,SA,0.01,Single,No_MSF,1136,107480
result_trotter_100_random_local_OBC_0_0_rand,outer,2,SA,0.01,Double,Yes_Kink,951,146576
result_trotter_100_random_local_OBC_0_0_rand,outer,2,SA,0.01,Single,No_Top,1136,107480
result_trotter_100_random_local_OBC_0_0_rand,outer,2,SA,0.01,Single,No_Kink,1141,156242
result_trotter_100_random_local_OBC_0_0_rand,outer,2,SA,0.1,Double,No_MSF,856,80574
result_trotter_100_random_local_OBC_0_0_rand,outer,2,SA,0.001,Proj,No_Kink,555,296483
result_trotter_100_random_local_OBC_0_0_rand,outer,2,SA,0.1,Double,No_Top,856,80574
result_trotter_100_random_local_OBC_0_0_rand,outer,2,SA,0.01,Single,Yes_Kink,1139,163804
result_trotter_100_random_local_OBC_0_0_rand,outer,2,SA,0.1,Proj,No_MSF,274,12000
result_trotter_100_random_local_OBC_0_0_rand,outer,2,SA,0.1,Proj,No_Top,274,12000
result_trotter_100_random_local_OBC_0_0_rand,outer,2,SA,0.1,Double,No_Kink,898,139423
result_trotter_100_random_local_OBC_0_0_rand,outer,2,SA,0.001,Proj,Yes_Kink,590,310490
result_trotter_100_random_local_OBC_0_0_rand,outer,2,SA,0.1,Single,No_MSF,1136,107480
result_trotter_100_random_local_OBC_0_0_rand,outer,2,SA,0.1,Double,Yes_Kink,951,146576
result_trotter_100_random_local_OBC_0_0_rand,outer,2,SA,0.1,Single,No_Top,1136,107480
result_trotter_100_random_local_OBC_0_0_rand,outer,2,SA,0.1,Single,No_Kink,1141,156242
result_trotter_100_random_local_OBC_0_0_rand,outer,2,SA,1,Double,No_MSF,856,80574
result_trotter_100_random_local_OBC_0_0_rand,outer,2,SA,1,Double,No_Top,856,80574
result_trotter_100_random_local_OBC_0_0_rand,outer,2,SA,0.01,Proj,No_Kink,555,296483
result_trotter_100_random_local_OBC_0_0_rand,outer,2,SA,0.1,Single,Yes_Kink,1139,163804
result_trotter_100_random_local_OBC_0_0_rand,outer,2,SA,1,Proj,No_MSF,274,12000
result_trotter_100_random_local_OBC_0_0_rand,outer,2,SA,1,Double,No_Kink,898,139423
result_trotter_100_random_local_OBC_0_0_rand,outer,2,SA,1,Proj,No_Top,274,12000
result_trotter_100_random_local_OBC_0_0_rand,outer,2,SA,1,Double,Yes_Kink,951,146576
result_trotter_100_random_local_OBC_0_0_rand,outer,2,SA,0.01,Proj,Yes_Kink,590,310490
result_trotter_100_random_local_OBC_0_0_rand,outer,2,SA,1,Single,No_MSF,1136,107480
result_trotter_100_random_local_OBC_0_0_rand,outer,2,SA,1,Single,No_Top,1136,107480
result_trotter_100_random_local_OBC_0_0_rand,outer,2,SA,1,Single,No_Kink,1141,156242
result_trotter_100_random_local_OBC_0_0_rand,outer,2,random,0,Double,No_MSF,856,80574
result_trotter_100_random_local_OBC_0_0_rand,outer,2,SA,0.1,Proj,No_Kink,555,296483
result_trotter_100_random_local_OBC_0_0_rand,outer,2,random,0,Double,No_Top,856,80574
result_trotter_100_random_local_OBC_0_0_rand,outer,2,SA,0.1,Proj,Yes_Kink,590,310490
result_trotter_100_random_local_OBC_0_0_rand,outer,2,random,0,Proj,No_MSF,274,12000
result_trotter_100_random_local_OBC_0_0_rand,outer,2,SA,1,Single,Yes_Kink,1139,163804
result_trotter_100_random_local_OBC_0_0_rand,outer,2,random,0,Double,No_Kink,893,155399
result_trotter_100_random_local_OBC_0_0_rand,outer,2,random,0,Proj,No_Top,274,12000
result_trotter_100_random_local_OBC_0_0_rand,outer,2,random,0,Single,No_MSF,1136,107480
result_trotter_100_random_local_OBC_0_0_rand,outer,2,random,0,Single,No_Top,1136,107480
result_trotter_100_random_local_OBC_0_0_rand,outer,2,SA,1,Proj,No_Kink,555,296483
result_trotter_100_random_local_OBC_0_0_rand,outer,2,random,0,Single,No_Kink,1137,172998
result_trotter_100_random_local_OBC_0_0_rand,outer,2,random,0,Double,Yes_Kink,959,164428
result_trotter_100_random_local_OBC_0_0_rand,outer,2,random,0,Single,Yes_Kink,1137,179479
result_trotter_10_FermiHubbard2D_cylinder_0_0_det,inner,1,SA,0.001,Double,No_MSF,6587,713073
result_trotter_100_random_local_OBC_0_0_rand,outer,2,SA,1,Proj,Yes_Kink,590,310490
result_trotter_100_random_local_OBC_0_0_rand,outer,2,random,0,Proj,No_Kink,451,237913
result_trotter_10_FermiHubbard2D_cylinder_0_0_det,inner,1,SA,0.001,Double,No_Top,6587,713073
result_trotter_10_FermiHubbard2D_cylinder_0_0_det,inner,1,SA,0.001,Proj,No_MSF,250,34960
result_trotter_100_random_local_OBC_0_0_rand,outer,2,random,0,Proj,Yes_Kink,473,243825
result_trotter_10_FermiHubbard2D_cylinder_0_0_det,inner,1,SA,0.001,Proj,No_Top,250,34960
result_trotter_10_FermiHubbard2D_cylinder_0_0_det,inner,1,SA,0.001,Double,No_Kink,6600,849019
result_trotter_10_FermiHubbard2D_cylinder_0_0_det,inner,1,SA,0.001,Double,Yes_Kink,6627,860485
result_trotter_10_FermiHubbard2D_cylinder_0_0_det,inner,1,SA,0.001,Single,No_Top,6724,727139
result_trotter_10_FermiHubbard2D_cylinder_0_0_det,inner,1,SA,0.001,Single,No_MSF,6724,727139
result_trotter_10_FermiHubbard2D_cylinder_0_0_det,inner,1,SA,0.01,Double,No_MSF,6587,713073
result_trotter_10_FermiHubbard2D_cylinder_0_0_det,inner,1,SA,0.01,Double,No_Top,6587,713073
result_trotter_10_FermiHubbard2D_cylinder_0_0_det,inner,1,SA,0.01,Proj,No_MSF,250,34960
result_trotter_10_FermiHubbard2D_cylinder_0_0_det,inner,1,SA,0.001,Single,No_Kink,6724,842659
result_trotter_10_FermiHubbard2D_cylinder_0_0_det,inner,1,SA,0.01,Proj,No_Top,250,34960
result_trotter_10_FermiHubbard2D_cylinder_0_0_det,inner,1,SA,0.01,Double,No_Kink,6600,849019
result_trotter_10_FermiHubbard2D_cylinder_0_0_det,inner,1,SA,0.01,Single,No_MSF,6724,727139
result_trotter_10_FermiHubbard2D_cylinder_0_0_det,inner,1,SA,0.01,Single,No_Top,6724,727139
result_trotter_10_FermiHubbard2D_cylinder_0_0_det,inner,1,SA,0.01,Double,Yes_Kink,6627,860485
result_trotter_10_FermiHubbard2D_cylinder_0_0_det,inner,1,SA,0.1,Double,No_MSF,6587,713073
result_trotter_10_FermiHubbard2D_cylinder_0_0_det,inner,1,SA,0.1,Double,No_Top,6587,713073
result_trotter_10_FermiHubbard2D_cylinder_0_0_det,inner,1,SA,0.01,Single,No_Kink,6724,842659
result_trotter_10_FermiHubbard2D_cylinder_0_0_det,inner,1,SA,0.1,Double,No_Kink,6600,849019
result_trotter_10_FermiHubbard2D_cylinder_0_0_det,inner,1,SA,0.1,Proj,No_MSF,250,34960
result_trotter_10_FermiHubbard2D_cylinder_0_0_det,inner,1,SA,0.1,Proj,No_Top,250,34960
result_trotter_10_FermiHubbard2D_cylinder_0_0_det,inner,1,SA,0.1,Double,Yes_Kink,6627,860485
result_trotter_10_FermiHubbard2D_cylinder_0_0_det,inner,1,SA,0.1,Single,No_MSF,6724,727139
result_trotter_10_FermiHubbard2D_cylinder_0_0_det,inner,1,SA,0.1,Single,No_Kink,6724,842659
result_trotter_10_FermiHubbard2D_cylinder_0_0_det,inner,1,SA,0.1,Single,No_Top,6724,727139
result_trotter_10_FermiHubbard2D_cylinder_0_0_det,inner,1,SA,1,Double,No_MSF,6587,713073
result_trotter_10_FermiHubbard2D_cylinder_0_0_det,inner,1,SA,1,Double,No_Top,6587,713073
result_trotter_10_FermiHubbard2D_cylinder_0_0_det,inner,1,SA,1,Double,No_Kink,6600,849019
result_trotter_10_FermiHubbard2D_cylinder_0_0_det,inner,1,SA,1,Double,Yes_Kink,6627,860485
result_trotter_10_FermiHubbard2D_cylinder_0_0_det,inner,1,SA,1,Proj,No_MSF,250,34960
result_trotter_10_FermiHubbard2D_cylinder_0_0_det,inner,1,SA,1,Proj,No_Top,250,34960
result_trotter_10_FermiHubbard2D_cylinder_0_0_det,inner,1,SA,0.001,Proj,Yes_Kink,6909,4234690
result_trotter_10_FermiHubbard2D_cylinder_0_0_det,inner,1,SA,0.001,Proj,No_Kink,6532,4064253
result_trotter_10_FermiHubbard2D_cylinder_0_0_det,inner,1,SA,1,Single,No_MSF,6724,727139
result_trotter_10_FermiHubbard2D_cylinder_0_0_det,inner,1,SA,0.01,Proj,Yes_Kink,6909,4234690
result_trotter_10_FermiHubbard2D_cylinder_0_0_det,inner,1,SA,0.01,Proj,No_Kink,6532,4064253
result_trotter_10_FermiHubbard2D_cylinder_0_0_det,inner,1,SA,1,Single,No_Kink,6724,842659
result_trotter_10_FermiHubbard2D_cylinder_0_0_det,inner,1,SA,1,Single,No_Top,6724,727139
result_trotter_10_FermiHubbard2D_cylinder_0_0_det,inner,1,random,0,Double,No_MSF,6587,713073
result_trotter_10_FermiHubbard2D_cylinder_0_0_det,inner,1,random,0,Double,No_Top,6587,713073
result_trotter_10_FermiHubbard2D_cylinder_0_0_det,inner,1,random,0,Proj,No_MSF,250,34960
result_trotter_10_FermiHubbard2D_cylinder_0_0_det,inner,1,random,0,Proj,No_Top,250,34960
result_trotter_10_FermiHubbard2D_cylinder_0_0_det,inner,1,SA,0.1,Proj,No_Kink,6532,4064253
result_trotter_10_FermiHubbard2D_cylinder_0_0_det,inner,1,random,0,Double,No_Kink,6828,1151258
result_trotter_10_FermiHubbard2D_cylinder_0_0_det,inner,1,random,0,Single,No_MSF,6724,727139
result_trotter_10_FermiHubbard2D_cylinder_0_0_det,inner,1,SA,0.1,Proj,Yes_Kink,6909,4234690
result_trotter_10_FermiHubbard2D_cylinder_0_0_det,inner,1,random,0,Double,Yes_Kink,6828,1166179
result_trotter_10_FermiHubbard2D_cylinder_0_0_det,inner,1,random,0,Single,No_Top,6724,727139
result_trotter_10_FermiHubbard2D_cylinder_0_0_det,inner,2,SA,0.001,Double,No_MSF,6587,713073
result_trotter_10_FermiHubbard2D_cylinder_0_0_det,inner,1,SA,1,Proj,No_Kink,6532,4064253
result_trotter_10_FermiHubbard2D_cylinder_0_0_det,inner,2,SA,0.001,Double,No_Top,6587,713073
result_trotter_10_FermiHubbard2D_cylinder_0_0_det,inner,2,SA,0.001,Double,No_Kink,6867,860178
result_trotter_10_FermiHubbard2D_cylinder_0_0_det,inner,2,SA,0.001,Proj,No_MSF,250,34960
result_trotter_10_FermiHubbard2D_cylinder_0_0_det,inner,2,SA,0.001,Double,Yes_Kink,6945,874116
result_trotter_10_FermiHubbard2D_cylinder_0_0_det,inner,1,random,0,Single,No_Kink,6894,1177413
result_trotter_10_FermiHubbard2D_cylinder_0_0_det,inner,2,SA,0.001,Proj,No_Top,250,34960
result_trotter_10_FermiHubbard2D_cylinder_0_0_det,inner,2,SA,0.001,Single,No_MSF,6724,727139
result_trotter_10_FermiHubbard2D_cylinder_0_0_det,inner,2,SA,0.001,Single,No_Top,6724,727139
result_trotter_10_FermiHubbard2D_cylinder_0_0_det,inner,2,SA,0.001,Single,No_Kink,6724,820191
result_trotter_10_FermiHubbard2D_cylinder_0_0_det,inner,2,SA,0.01,Double,No_MSF,6587,713073
result_trotter_10_FermiHubbard2D_cylinder_0_0_det,inner,2,SA,0.001,Single,Yes_Kink,6724,841867
result_trotter_10_FermiHubbard2D_cylinder_0_0_det,inner,2,SA,0.01,Double,No_Kink,6867,860178
result_trotter_10_FermiHubbard2D_cylinder_0_0_det,inner,2,SA,0.01,Double,No_Top,6587,713073
result_trotter_10_FermiHubbard2D_cylinder_0_0_det,inner,2,SA,0.01,Proj,No_MSF,250,34960
result_trotter_10_FermiHubbard2D_cylinder_0_0_det,inner,2,SA,0.01,Proj,No_Top,250,34960
result_trotter_10_FermiHubbard2D_cylinder_0_0_det,inner,2,SA,0.01,Double,Yes_Kink,6945,874116
result_trotter_10_FermiHubbard2D_cylinder_0_0_det,inner,1,SA,1,Proj,Yes_Kink,6909,4234690
result_trotter_10_FermiHubbard2D_cylinder_0_0_det,inner,2,SA,0.01,Single,No_MSF,6724,727139
result_trotter_10_FermiHubbard2D_cylinder_0_0_det,inner,2,SA,0.01,Single,No_Top,6724,727139
result_trotter_10_FermiHubbard2D_cylinder_0_0_det,inner,2,SA,0.01,Single,No_Kink,6724,820191
result_trotter_10_FermiHubbard2D_cylinder_0_0_det,inner,2,SA,0.01,Single,Yes_Kink,6724,841867
result_trotter_10_FermiHubbard2D_cylinder_0_0_det,inner,2,SA,0.1,Double,No_Kink,6867,860178
result_trotter_10_FermiHubbard2D_cylinder_0_0_det,inner,2,SA,0.1,Double,No_MSF,6587,713073
result_trotter_10_FermiHubbard2D_cylinder_0_0_det,inner,2,SA,0.1,Double,No_Top,6587,713073
result_trotter_10_FermiHubbard2D_cylinder_0_0_det,inner,2,SA,0.1,Double,Yes_Kink,6945,874116
result_trotter_10_FermiHubbard2D_cylinder_0_0_det,inner,2,SA,0.1,Proj,No_MSF,250,34960
result_trotter_10_FermiHubbard2D_cylinder_0_0_det,inner,2,SA,0.1,Proj,No_Top,250,34960
result_trotter_10_FermiHubbard2D_cylinder_0_0_det,inner,1,random,0,Proj,No_Kink,5639,4157353
result_trotter_10_FermiHubbard2D_cylinder_0_0_det,inner,2,SA,0.1,Single,No_Kink,6724,820191
result_trotter_10_FermiHubbard2D_cylinder_0_0_det,inner,1,random,0,Proj,Yes_Kink,5769,4199349
result_trotter_10_FermiHubbard2D_cylinder_0_0_det,inner,2,SA,0.001,Proj,No_Kink,6560,3863125
result_trotter_10_FermiHubbard2D_cylinder_0_0_det,inner,2,SA,0.1,Single,No_MSF,6724,727139
result_trotter_10_FermiHubbard2D_cylinder_0_0_det,inner,2,SA,0.1,Single,No_Top,6724,727139
result_trotter_10_FermiHubbard2D_cylinder_0_0_det,inner,2,SA,1,Double,No_MSF,6587,713073
result_trotter_10_FermiHubbard2D_cylinder_0_0_det,inner,2,SA,1,Double,No_Top,6587,713073
result_trotter_10_FermiHubbard2D_cylinder_0_0_det,inner,2,SA,0.001,Proj,Yes_Kink,6858,3883599
result_trotter_10_FermiHubbard2D_cylinder_0_0_det,inner,2,SA,0.1,Single,Yes_Kink,6724,841867
result_trotter_10_FermiHubbard2D_cylinder_0_0_det,inner,2,SA,1,Double,No_Kink,6867,860178
result_trotter_10_FermiHubbard2D_cylinder_0_0_det,inner,2,SA,1,Proj,No_MSF,250,34960
result_trotter_10_FermiHubbard2D_cylinder_0_0_det,inner,2,SA,0.01,Proj,No_Kink,6560,3863125
result_trotter_10_FermiHubbard2D_cylinder_0_0_det,inner,2,SA,1,Proj,No_Top,250,34960
result_trotter_10_FermiHubbard2D_cylinder_0_0_det,inner,2,SA,1,Double,Yes_Kink,6945,874116
result_trotter_10_FermiHubbard2D_cylinder_0_0_det,inner,2,SA,1,Single,No_MSF,6724,727139
result_trotter_10_FermiHubbard2D_cylinder_0_0_det,inner,2,SA,1,Single,No_Top,6724,727139
result_trotter_10_FermiHubbard2D_cylinder_0_0_det,inner,2,SA,1,Single,No_Kink,6724,820191
result_trotter_10_FermiHubbard2D_cylinder_0_0_det,inner,2,random,0,Double,No_MSF,6587,713073
result_trotter_10_FermiHubbard2D_cylinder_0_0_det,inner,2,SA,1,Single,Yes_Kink,6724,841867
result_trotter_10_FermiHubbard2D_cylinder_0_0_det,inner,2,random,0,Double,No_Top,6587,713073
result_trotter_10_FermiHubbard2D_cylinder_0_0_det,inner,2,SA,0.01,Proj,Yes_Kink,6858,3883599
result_trotter_10_FermiHubbard2D_cylinder_0_0_det,inner,2,random,0,Proj,No_MSF,250,34960
result_trotter_10_FermiHubbard2D_cylinder_0_0_det,inner,2,random,0,Double,No_Kink,6675,1015425
result_trotter_10_FermiHubbard2D_cylinder_0_0_det,inner,2,random,0,Proj,No_Top,250,34960
result_trotter_10_FermiHubbard2D_cylinder_0_0_det,inner,2,SA,0.1,Proj,No_Kink,6560,3863125
result_trotter_10_FermiHubbard2D_cylinder_0_0_det,inner,2,random,0,Double,Yes_Kink,6737,1034162
result_trotter_10_FermiHubbard2D_cylinder_0_0_det,inner,2,random,0,Single,No_MSF,6724,727139
result_trotter_10_FermiHubbard2D_cylinder_0_0_det,inner,2,random,0,Single,No_Top,6724,727139
result_trotter_10_FermiHubbard2D_cylinder_0_0_det,inner,2,random,0,Single,No_Kink,6764,1005553
result_trotter_10_FermiHubbard2D_cylinder_0_0_det,outer,1,SA,0.001,Double,No_MSF,6587,713073
result_trotter_10_FermiHubbard2D_cylinder_0_0_det,outer,1,SA,0.001,Double,No_Kink,6753,865086
result_trotter_10_FermiHubbard2D_cylinder_0_0_det,outer,1,SA,0.001,Double,No_Top,6587,713073
result_trotter_10_FermiHubbard2D_cylinder_0_0_det,inner,2,random,0,Single,Yes_Kink,6749,1020819
result_trotter_10_FermiHubbard2D_cylinder_0_0_det,inner,2,SA,0.1,Proj,Yes_Kink,6858,3883599
result_trotter_10_FermiHubbard2D_cylinder_0_0_det,outer,1,SA,0.001,Proj,No_MSF,250,34960
result_trotter_10_FermiHubbard2D_cylinder_0_0_det,outer,1,SA,0.001,Proj,No_Top,250,34960
result_trotter_10_FermiHubbard2D_cylinder_0_0_det,outer,1,SA,0.001,Double,Yes_Kink,6761,874676
result_trotter_10_FermiHubbard2D_cylinder_0_0_det,outer,1,SA,0.001,Single,No_MSF,6724,727139
result_trotter_10_FermiHubbard2D_cylinder_0_0_det,outer,1,SA,0.001,Single,No_Kink,6724,842909
result_trotter_10_FermiHubbard2D_cylinder_0_0_det,outer,1,SA,0.001,Single,No_Top,6724,727139
result_trotter_10_FermiHubbard2D_cylinder_0_0_det,outer,1,SA,0.01,Double,No_MSF,6587,713073
result_trotter_10_FermiHubbard2D_cylinder_0_0_det,outer,1,SA,0.01,Double,No_Top,6587,713073
result_trotter_10_FermiHubbard2D_cylinder_0_0_det,outer,1,SA,0.01,Double,No_Kink,6753,865086
result_trotter_10_FermiHubbard2D_cylinder_0_0_det,outer,1,SA,0.01,Double,Yes_Kink,6761,874676
result_trotter_10_FermiHubbard2D_cylinder_0_0_det,outer,1,SA,0.01,Proj,No_MSF,250,34960
result_trotter_10_FermiHubbard2D_cylinder_0_0_det,outer,1,SA,0.01,Proj,No_Top,250,34960
result_trotter_10_FermiHubbard2D_cylinder_0_0_det,inner,2,SA,1,Proj,No_Kink,6560,3863125
result_trotter_10_FermiHubbard2D_cylinder_0_0_det,outer,1,SA,0.01,Single,No_Kink,6724,842909
result_trotter_10_FermiHubbard2D_cylinder_0_0_det,inner,2,SA,1,Proj,Yes_Kink,6858,3883599
result_trotter_10_FermiHubbard2D_cylinder_0_0_det,outer,1,SA,0.01,Single,No_MSF,6724,727139
result_trotter_10_FermiHubbard2D_cylinder_0_0_det,outer,1,SA,0.01,Single,No_Top,6724,727139
result_trotter_10_FermiHubbard2D_cylinder_0_0_det,outer,1,SA,0.1,Double,No_MSF,6587,713073
result_trotter_10_FermiHubbard2D_cylinder_0_0_det,outer,1,SA,0.1,Double,No_Top,6587,713073
result_trotter_10_FermiHubbard2D_cylinder_0_0_det,outer,1,SA,0.1,Double,No_Kink,6753,865086
result_trotter_10_FermiHubbard2D_cylinder_0_0_det,inner,2,random,0,Proj,No_Kink,5993,4035405
result_trotter_10_FermiHubbard2D_cylinder_0_0_det,outer,1,SA,0.1,Proj,No_MSF,250,34960
result_trotter_10_FermiHubbard2D_cylinder_0_0_det,outer,1,SA,0.1,Double,Yes_Kink,6761,874676
result_trotter_10_FermiHubbard2D_cylinder_0_0_det,inner,2,random,0,Proj,Yes_Kink,6002,3968405
result_trotter_10_FermiHubbard2D_cylinder_0_0_det,outer,1,SA,0.1,Proj,No_Top,250,34960
result_trotter_10_FermiHubbard2D_cylinder_0_0_det,outer,1,SA,0.1,Single,No_MSF,6724,727139
result_trotter_10_FermiHubbard2D_cylinder_0_0_det,outer,1,SA,0.1,Single,No_Top,6724,727139
result_trotter_10_FermiHubbard2D_cylinder_0_0_det,outer,1,SA,0.1,Single,No_Kink,6724,842909
result_trotter_10_FermiHubbard2D_cylinder_0_0_det,outer,1,SA,1,Double,No_MSF,6587,713073
result_trotter_10_FermiHubbard2D_cylinder_0_0_det,outer,1,SA,1,Double,No_Top,6587,713073
result_trotter_10_FermiHubbard2D_cylinder_0_0_det,outer,1,SA,1,Double,No_Kink,6753,865086
result_trotter_10_FermiHubbard2D_cylinder_0_0_det,outer,1,SA,1,Double,Yes_Kink,6761,874676
result_trotter_10_FermiHubbard2D_cylinder_0_0_det,outer,1,SA,1,Proj,No_MSF,250,34960
result_trotter_10_FermiHubbard2D_cylinder_0_0_det,outer,1,SA,1,Proj,No_Top,250,34960
result_trotter_10_FermiHubbard2D_cylinder_0_0_det,outer,1,SA,0.001,Proj,No_Kink,7374,4689720
result_trotter_10_FermiHubbard2D_cylinder_0_0_det,outer,1,SA,1,Single,No_Kink,6724,842909
result_trotter_10_FermiHubbard2D_cylinder_0_0_det,outer,1,SA,1,Single,No_MSF,6724,727139
result_trotter_10_FermiHubbard2D_cylinder_0_0_det,outer,1,SA,1,Single,No_Top,6724,727139
result_trotter_10_FermiHubbard2D_cylinder_0_0_det,outer,1,SA,0.001,Proj,Yes_Kink,8131,5142774
result_trotter_10_FermiHubbard2D_cylinder_0_0_det,outer,1,random,0,Double,No_MSF,6587,713073
result_trotter_10_FermiHubbard2D_cylinder_0_0_det,outer,1,random,0,Double,No_Top,6587,713073
result_trotter_10_FermiHubbard2D_cylinder_0_0_det,outer,1,random,0,Double,No_Kink,6796,1095173
result_trotter_10_FermiHubbard2D_cylinder_0_0_det,outer,1,SA,0.01,Proj,No_Kink,7374,4689720
result_trotter_10_FermiHubbard2D_cylinder_0_0_det,outer,1,random,0,Proj,No_MSF,250,34960
result_trotter_10_FermiHubbard2D_cylinder_0_0_det,outer,1,random,0,Proj,No_Top,250,34960
result_trotter_10_FermiHubbard2D_cylinder_0_0_det,outer,1,random,0,Double,Yes_Kink,6784,1111631
result_trotter_10_FermiHubbard2D_cylinder_0_0_det,outer,1,SA,0.01,Proj,Yes_Kink,8131,5142774
result_trotter_10_FermiHubbard2D_cylinder_0_0_det,outer,1,random,0,Single,No_MSF,6724,727139
result_trotter_10_FermiHubbard2D_cylinder_0_0_det,outer,1,random,0,Single,No_Top,6724,727139
result_trotter_10_FermiHubbard2D_cylinder_0_0_det,outer,1,random,0,Single,No_Kink,6756,1099921
result_trotter_10_FermiHubbard2D_cylinder_0_0_det,outer,2,SA,0.001,Double,No_MSF,6587,713073
result_trotter_10_FermiHubbard2D_cylinder_0_0_det,outer,2,SA,0.001,Double,No_Top,6587,713073
result_trotter_10_FermiHubbard2D_cylinder_0_0_det,outer,2,SA,0.001,Double,No_Kink,6602,831871
result_trotter_10_FermiHubbard2D_cylinder_0_0_det,outer,2,SA,0.001,Double,Yes_Kink,6648,841853
result_trotter_10_FermiHubbard2D_cylinder_0_0_det,outer,2,SA,0.001,Proj,No_MSF,250,34960
result_trotter_10_FermiHubbard2D_cylinder_0_0_det,outer,2,SA,0.001,Proj,No_Top,250,34960
result_trotter_10_FermiHubbard2D_cylinder_0_0_det,outer,1,SA,0.1,Proj,No_Kink,7374,4689720
result_trotter_10_FermiHubbard2D_cylinder_0_0_det,outer,2,SA,0.001,Single,No_Kink,6724,822217
result_trotter_10_FermiHubbard2D_cylinder_0_0_det,outer,2,SA,0.001,Single,No_MSF,6724,727139
result_trotter_10_FermiHubbard2D_cylinder_0_0_det,outer,2,SA,0.001,Single,No_Top,6724,727139
result_trotter_10_FermiHubbard2D_cylinder_0_0_det,outer,1,SA,1,Proj,No_Kink,7374,4689720
result_trotter_10_FermiHubbard2D_cylinder_0_0_det,outer,1,SA,0.1,Proj,Yes_Kink,8131,5142774
result_trotter_10_FermiHubbard2D_cylinder_0_0_det,outer,2,SA,0.001,Single,Yes_Kink,6724,842985
result_trotter_10_FermiHubbard2D_cylinder_0_0_det,outer,2,SA,0.01,Double,No_MSF,6587,713073
result_trotter_10_FermiHubbard2D_cylinder_0_0_det,outer,2,SA,0.01,Double,No_Top,6587,713073
result_trotter_10_FermiHubbard2D_cylinder_0_0_det,outer,2,SA,0.01,Double,No_Kink,6602,831871
result_trotter_10_FermiHubbard2D_cylinder_0_0_det,outer,2,SA,0.01,Proj,No_MSF,250,34960
result_trotter_10_FermiHubbard2D_cylinder_0_0_det,outer,2,SA,0.01,Double,Yes_Kink,6648,841853
result_trotter_10_FermiHubbard2D_cylinder_0_0_det,outer,2,SA,0.01,Proj,No_Top,250,34960
result_trotter_10_FermiHubbard2D_cylinder_0_0_det,outer,2,SA,0.01,Single,No_Kink,6724,822217
result_trotter_10_FermiHubbard2D_cylinder_0_0_det,outer,2,SA,0.01,Single,No_MSF,6724,727139
result_trotter_10_FermiHubbard2D_cylinder_0_0_det,outer,2,SA,0.01,Single,No_Top,6724,727139
result_trotter_10_FermiHubbard2D_cylinder_0_0_det,outer,1,SA,1,Proj,Yes_Kink,8131,5142774
result_trotter_10_FermiHubbard2D_cylinder_0_0_det,outer,2,SA,0.01,Single,Yes_Kink,6724,842985
result_trotter_10_FermiHubbard2D_cylinder_0_0_det,outer,2,SA,0.1,Double,No_Kink,6602,831871
result_trotter_10_FermiHubbard2D_cylinder_0_0_det,outer,2,SA,0.1,Double,No_MSF,6587,713073
result_trotter_10_FermiHubbard2D_cylinder_0_0_det,outer,2,SA,0.1,Double,No_Top,6587,713073
result_trotter_10_FermiHubbard2D_cylinder_0_0_det,outer,2,SA,0.1,Double,Yes_Kink,6648,841853
result_trotter_10_FermiHubbard2D_cylinder_0_0_det,outer,1,random,0,Proj,No_Kink,6006,4226620
result_trotter_10_FermiHubbard2D_cylinder_0_0_det,outer,2,SA,0.1,Proj,No_MSF,250,34960
result_trotter_10_FermiHubbard2D_cylinder_0_0_det,outer,2,SA,0.1,Proj,No_Top,250,34960
result_trotter_10_FermiHubbard2D_cylinder_0_0_det,outer,2,SA,0.1,Single,No_Kink,6724,822217
result_trotter_10_FermiHubbard2D_cylinder_0_0_det,outer,2,SA,0.1,Single,No_MSF,6724,727139
result_trotter_10_FermiHubbard2D_cylinder_0_0_det,outer,2,SA,0.1,Single,No_Top,6724,727139
result_trotter_10_FermiHubbard2D_cylinder_0_0_det,outer,1,random,0,Proj,Yes_Kink,6152,4294122
result_trotter_10_FermiHubbard2D_cylinder_0_0_det,outer,2,SA,0.1,Single,Yes_Kink,6724,842985
result_trotter_10_FermiHubbard2D_cylinder_0_0_det,outer,2,SA,1,Double,No_MSF,6587,713073
result_trotter_10_FermiHubbard2D_cylinder_0_0_det,outer,2,SA,1,Double,No_Kink,6602,831871
result_trotter_10_FermiHubbard2D_cylinder_0_0_det,outer,2,SA,1,Double,No_Top,6587,713073
result_trotter_10_FermiHubbard2D_cylinder_0_0_det,outer,2,SA,1,Double,Yes_Kink,6648,841853
result_trotter_10_FermiHubbard2D_cylinder_0_0_det,outer,2,SA,1,Proj,No_MSF,250,34960
result_trotter_10_FermiHubbard2D_cylinder_0_0_det,outer,2,SA,1,Proj,No_Top,250,34960
result_trotter_10_FermiHubbard2D_cylinder_0_0_det,outer,2,SA,0.001,Proj,No_Kink,9818,6018122
result_trotter_10_FermiHubbard2D_cylinder_0_0_det,outer,2,SA,1,Single,No_Kink,6724,822217
result_trotter_10_FermiHubbard2D_cylinder_0_0_det,outer,2,SA,1,Single,No_MSF,6724,727139
result_trotter_10_FermiHubbard2D_cylinder_0_0_det,outer,2,SA,1,Single,No_Top,6724,727139
result_trotter_10_FermiHubbard2D_cylinder_0_0_det,outer,2,SA,0.001,Proj,Yes_Kink,10249,6140373
result_trotter_10_FermiHubbard2D_cylinder_0_0_det,outer,2,SA,1,Single,Yes_Kink,6724,842985
result_trotter_10_FermiHubbard2D_cylinder_0_0_det,outer,2,random,0,Double,No_MSF,6587,713073
result_trotter_10_FermiHubbard2D_cylinder_0_0_det,outer,2,random,0,Double,No_Top,6587,713073
result_trotter_10_FermiHubbard2D_cylinder_0_0_det,outer,2,random,0,Double,No_Kink,6670,976047
result_trotter_10_FermiHubbard2D_cylinder_0_0_det,outer,2,random,0,Double,Yes_Kink,6716,992932
result_trotter_10_FermiHubbard2D_cylinder_0_0_det,outer,2,random,0,Proj,No_MSF,250,34960
result_trotter_10_FermiHubbard2D_cylinder_0_0_det,outer,2,random,0,Proj,No_Top,250,34960
result_trotter_10_FermiHubbard2D_cylinder_0_0_det,outer,2,SA,0.01,Proj,No_Kink,9818,6018122
result_trotter_10_FermiHubbard2D_cylinder_0_0_det,outer,2,SA,0.01,Proj,Yes_Kink,10249,6140373
result_trotter_10_FermiHubbard2D_cylinder_0_0_det,outer,2,random,0,Single,No_MSF,6724,727139
result_trotter_10_FermiHubbard2D_cylinder_0_0_det,outer,2,random,0,Single,No_Top,6724,727139
result_trotter_10_FermiHubbard2D_cylinder_0_0_det,outer,2,random,0,Single,No_Kink,6732,961763
result_trotter_10_FermiHubbard2D_cylinder_0_0_rand,inner,1,SA,0.001,Double,No_Kink,3461,791949
result_trotter_10_FermiHubbard2D_cylinder_0_0_rand,inner,1,SA,0.001,Double,No_MSF,3432,654321
result_trotter_10_FermiHubbard2D_cylinder_0_0_det,outer,2,random,0,Single,Yes_Kink,6727,978671
result_trotter_10_FermiHubbard2D_cylinder_0_0_rand,inner,1,SA,0.001,Double,No_Top,3432,654321
result_trotter_10_FermiHubbard2D_cylinder_0_0_rand,inner,1,SA,0.001,Double,Yes_Kink,3451,801463
result_trotter_10_FermiHubbard2D_cylinder_0_0_rand,inner,1,SA,0.001,Proj,No_MSF,250,34960
result_trotter_10_FermiHubbard2D_cylinder_0_0_rand,inner,1,SA,0.001,Proj,No_Top,250,34960
result_trotter_10_FermiHubbard2D_cylinder_0_0_det,outer,2,SA,0.1,Proj,No_Kink,9818,6018122
result_trotter_10_FermiHubbard2D_cylinder_0_0_rand,inner,1,SA,0.001,Single,No_Kink,3551,793362
result_trotter_10_FermiHubbard2D_cylinder_0_0_det,outer,2,SA,0.1,Proj,Yes_Kink,10249,6140373
result_trotter_10_FermiHubbard2D_cylinder_0_0_rand,inner,1,SA,0.001,Single,No_MSF,3550,677025
result_trotter_10_FermiHubbard2D_cylinder_0_0_rand,inner,1,SA,0.001,Single,No_Top,3550,677025
result_trotter_10_FermiHubbard2D_cylinder_0_0_rand,inner,1,SA,0.01,Double,No_MSF,3432,654321
result_trotter_10_FermiHubbard2D_cylinder_0_0_rand,inner,1,SA,0.01,Double,No_Top,3432,654321
result_trotter_10_FermiHubbard2D_cylinder_0_0_rand,inner,1,SA,0.01,Double,No_Kink,3461,791949
result_trotter_10_FermiHubbard2D_cylinder_0_0_rand,inner,1,SA,0.01,Double,Yes_Kink,3451,801463
result_trotter_10_FermiHubbard2D_cylinder_0_0_rand,inner,1,SA,0.01,Proj,No_MSF,250,34960
result_trotter_10_FermiHubbard2D_cylinder_0_0_det,outer,2,SA,1,Proj,No_Kink,9818,6018122
result_trotter_10_FermiHubbard2D_cylinder_0_0_rand,inner,1,SA,0.01,Proj,No_Top,250,34960
result_trotter_10_FermiHubbard2D_cylinder_0_0_rand,inner,1,SA,0.001,Proj,No_Kink,2435,1811808
result_trotter_10_FermiHubbard2D_cylinder_0_0_rand,inner,1,SA,0.01,Single,No_Kink,3551,793362
result_trotter_10_FermiHubbard2D_cylinder_0_0_rand,inner,1,SA,0.01,Single,No_MSF,3550,677025
result_trotter_10_FermiHubbard2D_cylinder_0_0_rand,inner,1,SA,0.01,Single,No_Top,3550,677025
result_trotter_10_FermiHubbard2D_cylinder_0_0_det,outer,2,SA,1,Proj,Yes_Kink,10249,6140373
result_trotter_10_FermiHubbard2D_cylinder_0_0_rand,inner,1,SA,0.1,Double,No_MSF,3432,654321
result_trotter_10_FermiHubbard2D_cylinder_0_0_rand,inner,1,SA,0.1,Double,No_Kink,3461,791949
result_trotter_10_FermiHubbard2D_cylinder_0_0_rand,inner,1,SA,0.1,Double,No_Top,3432,654321
result_trotter_10_FermiHubbard2D_cylinder_0_0_rand,inner,1,SA,0.001,Proj,Yes_Kink,2568,1877614
result_trotter_10_FermiHubbard2D_cylinder_0_0_rand,inner,1,SA,0.1,Proj,No_MSF,250,34960
result_trotter_10_FermiHubbard2D_cylinder_0_0_rand,inner,1,SA,0.1,Proj,No_Top,250,34960
result_trotter_10_FermiHubbard2D_cylinder_0_0_rand,inner,1,SA,0.1,Double,Yes_Kink,3451,801463
result_trotter_10_FermiHubbard2D_cylinder_0_0_det,outer,2,random,0,Proj,No_Kink,6300,4079714
result_trotter_10_FermiHubbard2D_cylinder_0_0_rand,inner,1,SA,0.1,Single,No_MSF,3550,677025
result_trotter_10_FermiHubbard2D_cylinder_0_0_rand,inner,1,SA,0.1,Single,No_Top,3550,677025
result_trotter_10_FermiHubbard2D_cylinder_0_0_rand,inner,1,SA,0.1,Single,No_Kink,3551,793362
result_trotter_10_FermiHubbard2D_cylinder_0_0_rand,inner,1,SA,1,Double,No_MSF,3432,654321
result_trotter_10_FermiHubbard2D_cylinder_0_0_rand,inner,1,SA,1,Double,No_Top,3432,654321
result_trotter_10_FermiHubbard2D_cylinder_0_0_rand,inner,1,SA,0.01,Proj,No_Kink,2435,1811808
result_trotter_10_FermiHubbard2D_cylinder_0_0_rand,inner,1,SA,1,Double,No_Kink,3461,791949
result_trotter_10_FermiHubbard2D_cylinder_0_0_det,outer,2,random,0,Proj,Yes_Kink,6335,4044831
result_trotter_10_FermiHubbard2D_cylinder_0_0_rand,inner,1,SA,1,Proj,No_MSF,250,34960
result_trotter_10_FermiHubbard2D_cylinder_0_0_rand,inner,1,SA,1,Proj,No_Top,250,34960
result_trotter_10_FermiHubbard2D_cylinder_0_0_rand,inner,1,SA,1,Double,Yes_Kink,3451,801463
result_trotter_10_FermiHubbard2D_cylinder_0_0_rand,inner,1,SA,1,Single,No_MSF,3550,677025
result_trotter_10_FermiHubbard2D_cylinder_0_0_rand,inner,1,SA,1,Single,No_Top,3550,677025
result_trotter_10_FermiHubbard2D_cylinder_0_0_rand,inner,1,SA,1,Single,No_Kink,3551,793362
result_trotter_10_FermiHubbard2D_cylinder_0_0_rand,inner,1,random,0,Double,No_MSF,3432,654321
result_trotter_10_FermiHubbard2D_cylinder_0_0_rand,inner,1,random,0,Double,No_Top,3432,654321
result_trotter_10_FermiHubbard2D_cylinder_0_0_rand,inner,1,SA,0.01,Proj,Yes_Kink,2568,1877614
result_trotter_10_FermiHubbard2D_cylinder_0_0_rand,inner,1,random,0,Proj,No_MSF,250,34960
result_trotter_10_FermiHubbard2D_cylinder_0_0_rand,inner,1,random,0,Proj,No_Top,250,34960
result_trotter_10_FermiHubbard2D_cylinder_0_0_rand,inner,1,random,0,Double,No_Kink,3525,1087425
result_trotter_10_FermiHubbard2D_cylinder_0_0_rand,inner,1,random,0,Double,Yes_Kink,3548,1110306
result_trotter_10_FermiHubbard2D_cylinder_0_0_rand,inner,1,SA,0.1,Proj,No_Kink,2435,1811808
result_trotter_10_FermiHubbard2D_cylinder_0_0_rand,inner,1,random,0,Single,No_MSF,3550,677025
result_trotter_10_FermiHubbard2D_cylinder_0_0_rand,inner,1,random,0,Single,No_Top,3550,677025
result_trotter_10_FermiHubbard2D_cylinder_0_0_rand,inner,2,SA,0.001,Double,No_MSF,3432,654321
result_trotter_10_FermiHubbard2D_cylinder_0_0_rand,inner,1,SA,0.1,Proj,Yes_Kink,2568,1877614
result_trotter_10_FermiHubbard2D_cylinder_0_0_rand,inner,2,SA,0.001,Double,No_Top,3432,654321
result_trotter_10_FermiHubbard2D_cylinder_0_0_rand,inner,2,SA,0.001,Double,No_Kink,3507,779188
result_trotter_10_FermiHubbard2D_cylinder_0_0_rand,inner,1,random,0,Single,No_Kink,3700,1156213
result_trotter_10_FermiHubbard2D_cylinder_0_0_rand,inner,2,SA,0.001,Proj,No_MSF,250,34960
result_trotter_10_FermiHubbard2D_cylinder_0_0_rand,inner,2,SA,0.001,Double,Yes_Kink,3569,795146
result_trotter_10_FermiHubbard2D_cylinder_0_0_rand,inner,2,SA,0.001,Proj,No_Top,250,34960
result_trotter_10_FermiHubbard2D_cylinder_0_0_rand,inner,2,SA,0.001,Single,No_MSF,3550,677025
result_trotter_10_FermiHubbard2D_cylinder_0_0_rand,inner,1,SA,1,Proj,No_Kink,2435,1811808
result_trotter_10_FermiHubbard2D_cylinder_0_0_rand,inner,2,SA,0.001,Single,No_Kink,3551,770919
result_trotter_10_FermiHubbard2D_cylinder_0_0_rand,inner,1,SA,1,Proj,Yes_Kink,2568,1877614
result_trotter_10_FermiHubbard2D_cylinder_0_0_rand,inner,2,SA,0.001,Single,No_Top,3550,677025
result_trotter_10_FermiHubbard2D_cylinder_0_0_rand,inner,2,SA,0.01,Double,No_MSF,3432,654321
result_trotter_10_FermiHubbard2D_cylinder_0_0_rand,inner,2,SA,0.01,Double,No_Top,3432,654321
result_trotter_10_FermiHubbard2D_cylinder_0_0_rand,inner,2,SA,0.001,Single,Yes_Kink,3551,792838
result_trotter_10_FermiHubbard2D_cylinder_0_0_rand,inner,2,SA,0.01,Double,No_Kink,3507,779188
result_trotter_10_FermiHubbard2D_cylinder_0_0_rand,inner,2,SA,0.01,Double,Yes_Kink,3569,795146
result_trotter_10_FermiHubbard2D_cylinder_0_0_rand,inner,2,SA,0.01,Proj,No_MSF,250,34960
result_trotter_10_FermiHubbard2D_cylinder_0_0_rand,inner,2,SA,0.01,Proj,No_Top,250,34960
result_trotter_10_FermiHubbard2D_cylinder_0_0_rand,inner,2,SA,0.01,Single,No_MSF,3550,677025
result_trotter_10_FermiHubbard2D_cylinder_0_0_rand,inner,2,SA,0.01,Single,No_Top,3550,677025
result_trotter_10_FermiHubbard2D_cylinder_0_0_rand,inner,2,SA,0.01,Single,No_Kink,3551,770919
result_trotter_10_FermiHubbard2D_cylinder_0_0_rand,inner,2,SA,0.01,Single,Yes_Kink,3551,792838
result_trotter_10_FermiHubbard2D_cylinder_0_0_rand,inner,2,SA,0.1,Double,No_Kink,3507,779188
result_trotter_10_FermiHubbard2D_cylinder_0_0_rand,inner,1,random,0,Proj,Yes_Kink,2714,2094503
result_trotter_10_FermiHubbard2D_cylinder_0_0_rand,inner,2,SA,0.1,Double,No_MSF,3432,654321
result_trotter_10_FermiHubbard2D_cylinder_0_0_rand,inner,1,random,0,Proj,No_Kink,2639,2060993
result_trotter_10_FermiHubbard2D_cylinder_0_0_rand,inner,2,SA,0.1,Double,No_Top,3432,654321
result_trotter_10_FermiHubbard2D_cylinder_0_0_rand,inner,2,SA,0.1,Proj,No_MSF,250,34960
result_trotter_10_FermiHubbard2D_cylinder_0_0_rand,inner,2,SA,0.1,Proj,No_Top,250,34960
result_trotter_10_FermiHubbard2D_cylinder_0_0_rand,inner,2,SA,0.1,Double,Yes_Kink,3569,795146
result_trotter_10_FermiHubbard2D_cylinder_0_0_rand,inner,2,SA,0.001,Proj,No_Kink,2394,1661572
result_trotter_10_FermiHubbard2D_cylinder_0_0_rand,inner,2,SA,0.1,Single,No_MSF,3550,677025
result_trotter_10_FermiHubbard2D_cylinder_0_0_rand,inner,2,SA,0.1,Single,No_Top,3550,677025
result_trotter_10_FermiHubbard2D_cylinder_0_0_rand,inner,2,SA,0.1,Single,No_Kink,3551,770919
result_trotter_10_FermiHubbard2D_cylinder_0_0_rand,inner,2,SA,0.001,Proj,Yes_Kink,2516,1655719
result_trotter_10_FermiHubbard2D_cylinder_0_0_rand,inner,2,SA,1,Double,No_MSF,3432,654321
result_trotter_10_FermiHubbard2D_cylinder_0_0_rand,inner,2,SA,0.1,Single,Yes_Kink,3551,792838
result_trotter_10_FermiHubbard2D_cylinder_0_0_rand,inner,2,SA,1,Double,No_Top,3432,654321
result_trotter_10_FermiHubbard2D_cylinder_0_0_rand,inner,2,SA,1,Double,No_Kink,3507,779188
result_trotter_10_FermiHubbard2D_cylinder_0_0_rand,inner,2,SA,1,Proj,No_MSF,250,34960
result_trotter_10_FermiHubbard2D_cylinder_0_0_rand,inner,2,SA,1,Proj,No_Top,250,34960
result_trotter_10_FermiHubbard2D_cylinder_0_0_rand,inner,2,SA,1,Double,Yes_Kink,3569,795146
result_trotter_10_FermiHubbard2D_cylinder_0_0_rand,inner,2,SA,1,Single,No_MSF,3550,677025
result_trotter_10_FermiHubbard2D_cylinder_0_0_rand,inner,2,SA,1,Single,No_Kink,3551,770919
result_trotter_10_FermiHubbard2D_cylinder_0_0_rand,inner,2,SA,0.01,Proj,No_Kink,2394,1661572
result_trotter_10_FermiHubbard2D_cylinder_0_0_rand,inner,2,SA,1,Single,No_Top,3550,677025
result_trotter_10_FermiHubbard2D_cylinder_0_0_rand,inner,2,SA,0.01,Proj,Yes_Kink,2516,1655719
result_trotter_10_FermiHubbard2D_cylinder_0_0_rand,inner,2,random,0,Double,No_MSF,3432,654321
result_trotter_10_FermiHubbard2D_cylinder_0_0_rand,inner,2,SA,1,Single,Yes_Kink,3551,792838
result_trotter_10_FermiHubbard2D_cylinder_0_0_rand,inner,2,random,0,Double,No_Top,3432,654321
result_trotter_10_FermiHubbard2D_cylinder_0_0_rand,inner,2,random,0,Proj,No_MSF,250,34960
result_trotter_10_FermiHubbard2D_cylinder_0_0_rand,inner,2,random,0,Proj,No_Top,250,34960
result_trotter_10_FermiHubbard2D_cylinder_0_0_rand,inner,2,random,0,Double,No_Kink,3503,958092
result_trotter_10_FermiHubbard2D_cylinder_0_0_rand,inner,2,random,0,Double,Yes_Kink,3548,978659
result_trotter_10_FermiHubbard2D_cylinder_0_0_rand,inner,2,SA,0.1,Proj,No_Kink,2394,1661572
result_trotter_10_FermiHubbard2D_cylinder_0_0_rand,inner,2,random,0,Single,No_MSF,3550,677025
result_trotter_10_FermiHubbard2D_cylinder_0_0_rand,inner,2,random,0,Single,No_Top,3550,677025
result_trotter_10_FermiHubbard2D_cylinder_0_0_rand,inner,2,random,0,Single,No_Kink,3555,956343
result_trotter_10_FermiHubbard2D_cylinder_0_0_rand,inner,2,SA,0.1,Proj,Yes_Kink,2516,1655719
result_trotter_10_FermiHubbard2D_cylinder_0_0_rand,outer,1,SA,0.001,Double,No_MSF,3432,654321
result_trotter_10_FermiHubbard2D_cylinder_0_0_rand,outer,1,SA,0.001,Double,No_Kink,3478,799372
result_trotter_10_FermiHubbard2D_cylinder_0_0_rand,outer,1,SA,0.001,Double,No_Top,3432,654321
result_trotter_10_FermiHubbard2D_cylinder_0_0_rand,outer,1,SA,0.001,Proj,No_MSF,250,34960
result_trotter_10_FermiHubbard2D_cylinder_0_0_rand,inner,2,random,0,Single,Yes_Kink,3555,972393
result_trotter_10_FermiHubbard2D_cylinder_0_0_rand,outer,1,SA,0.001,Proj,No_Top,250,34960
result_trotter_10_FermiHubbard2D_cylinder_0_0_rand,outer,1,SA,0.001,Double,Yes_Kink,3488,811027
result_trotter_10_FermiHubbard2D_cylinder_0_0_rand,inner,2,SA,1,Proj,Yes_Kink,2516,1655719
result_trotter_10_FermiHubbard2D_cylinder_0_0_rand,inner,2,SA,1,Proj,No_Kink,2394,1661572
result_trotter_10_FermiHubbard2D_cylinder_0_0_rand,outer,1,SA,0.001,Single,No_Top,3550,677025
result_trotter_10_FermiHubbard2D_cylinder_0_0_rand,outer,1,SA,0.001,Single,No_MSF,3550,677025
result_trotter_10_FermiHubbard2D_cylinder_0_0_rand,outer,1,SA,0.001,Single,No_Kink,3550,794715
result_trotter_10_FermiHubbard2D_cylinder_0_0_rand,outer,1,SA,0.01,Double,No_MSF,3432,654321
result_trotter_10_FermiHubbard2D_cylinder_0_0_rand,outer,1,SA,0.01,Double,No_Top,3432,654321
result_trotter_10_FermiHubbard2D_cylinder_0_0_rand,outer,1,SA,0.01,Double,No_Kink,3478,799372
result_trotter_10_FermiHubbard2D_cylinder_0_0_rand,outer,1,SA,0.01,Proj,No_MSF,250,34960
result_trotter_10_FermiHubbard2D_cylinder_0_0_rand,outer,1,SA,0.01,Proj,No_Top,250,34960
result_trotter_10_FermiHubbard2D_cylinder_0_0_rand,outer,1,SA,0.01,Double,Yes_Kink,3488,811027
result_trotter_10_FermiHubbard2D_cylinder_0_0_rand,inner,2,random,0,Proj,No_Kink,2294,1683458
result_trotter_10_FermiHubbard2D_cylinder_0_0_rand,outer,1,SA,0.01,Single,No_MSF,3550,677025
result_trotter_10_FermiHubbard2D_cylinder_0_0_rand,outer,1,SA,0.01,Single,No_Top,3550,677025
result_trotter_10_FermiHubbard2D_cylinder_0_0_rand,outer,1,SA,0.01,Single,No_Kink,3550,794715
result_trotter_10_FermiHubbard2D_cylinder_0_0_rand,outer,1,SA,0.1,Double,No_Top,3432,654321
result_trotter_10_FermiHubbard2D_cylinder_0_0_rand,outer,1,SA,0.1,Double,No_MSF,3432,654321
result_trotter_10_FermiHubbard2D_cylinder_0_0_rand,outer,1,SA,0.1,Double,No_Kink,3478,799372
result_trotter_10_FermiHubbard2D_cylinder_0_0_rand,inner,2,random,0,Proj,Yes_Kink,2361,1694698
result_trotter_10_FermiHubbard2D_cylinder_0_0_rand,outer,1,SA,0.1,Proj,No_MSF,250,34960
result_trotter_10_FermiHubbard2D_cylinder_0_0_rand,outer,1,SA,0.1,Proj,No_Top,250,34960
result_trotter_10_FermiHubbard2D_cylinder_0_0_rand,outer,1,SA,0.1,Double,Yes_Kink,3488,811027
result_trotter_10_FermiHubbard2D_cylinder_0_0_rand,outer,1,SA,0.1,Single,No_MSF,3550,677025
result_trotter_10_FermiHubbard2D_cylinder_0_0_rand,outer,1,SA,0.1,Single,No_Top,3550,677025
result_trotter_10_FermiHubbard2D_cylinder_0_0_rand,outer,1,SA,0.1,Single,No_Kink,3550,794715
result_trotter_10_FermiHubbard2D_cylinder_0_0_rand,outer,1,SA,1,Double,No_MSF,3432,654321
result_trotter_10_FermiHubbard2D_cylinder_0_0_rand,outer,1,SA,1,Double,No_Kink,3478,799372
result_trotter_10_FermiHubbard2D_cylinder_0_0_rand,outer,1,SA,1,Double,No_Top,3432,654321
result_trotter_10_FermiHubbard2D_cylinder_0_0_rand,outer,1,SA,0.001,Proj,No_Kink,2438,1795246
result_trotter_10_FermiHubbard2D_cylinder_0_0_rand,outer,1,SA,1,Proj,No_MSF,250,34960
result_trotter_10_FermiHubbard2D_cylinder_0_0_rand,outer,1,SA,1,Proj,No_Top,250,34960
result_trotter_10_FermiHubbard2D_cylinder_0_0_rand,outer,1,SA,1,Double,Yes_Kink,3488,811027
result_trotter_10_FermiHubbard2D_cylinder_0_0_rand,outer,1,SA,0.001,Proj,Yes_Kink,2609,1891254
result_trotter_10_FermiHubbard2D_cylinder_0_0_rand,outer,1,SA,1,Single,No_Kink,3550,794715
result_trotter_10_FermiHubbard2D_cylinder_0_0_rand,outer,1,SA,1,Single,No_MSF,3550,677025
result_trotter_10_FermiHubbard2D_cylinder_0_0_rand,outer,1,SA,1,Single,No_Top,3550,677025
result_trotter_10_FermiHubbard2D_cylinder_0_0_rand,outer,1,SA,0.01,Proj,No_Kink,2438,1795246
result_trotter_10_FermiHubbard2D_cylinder_0_0_rand,outer,1,random,0,Double,No_MSF,3432,654321
result_trotter_10_FermiHubbard2D_cylinder_0_0_rand,outer,1,random,0,Double,No_Top,3432,654321
result_trotter_10_FermiHubbard2D_cylinder_0_0_rand,outer,1,SA,0.01,Proj,Yes_Kink,2609,1891254
result_trotter_10_FermiHubbard2D_cylinder_0_0_rand,outer,1,random,0,Proj,No_MSF,250,34960
result_trotter_10_FermiHubbard2D_cylinder_0_0_rand,outer,1,random,0,Proj,No_Top,250,34960
result_trotter_10_FermiHubbard2D_cylinder_0_0_rand,outer,1,random,0,Double,No_Kink,3511,1042070
result_trotter_10_FermiHubbard2D_cylinder_0_0_rand,outer,1,SA,0.1,Proj,No_Kink,2438,1795246
result_trotter_10_FermiHubbard2D_cylinder_0_0_rand,outer,1,random,0,Double,Yes_Kink,3519,1064981
result_trotter_10_FermiHubbard2D_cylinder_0_0_rand,outer,1,random,0,Single,No_MSF,3550,677025
result_trotter_10_FermiHubbard2D_cylinder_0_0_rand,outer,1,random,0,Single,No_Top,3550,677025
result_trotter_10_FermiHubbard2D_cylinder_0_0_rand,outer,1,SA,0.1,Proj,Yes_Kink,2609,1891254
result_trotter_10_FermiHubbard2D_cylinder_0_0_rand,outer,2,SA,0.001,Double,No_MSF,3432,654321
result_trotter_10_FermiHubbard2D_cylinder_0_0_rand,outer,2,SA,0.001,Double,No_Kink,3491,779411
result_trotter_10_FermiHubbard2D_cylinder_0_0_rand,outer,2,SA,0.001,Double,No_Top,3432,654321
result_trotter_10_FermiHubbard2D_cylinder_0_0_rand,outer,2,SA,0.001,Proj,No_MSF,250,34960
result_trotter_10_FermiHubbard2D_cylinder_0_0_rand,outer,2,SA,0.001,Double,Yes_Kink,3531,791603
result_trotter_10_FermiHubbard2D_cylinder_0_0_rand,outer,2,SA,0.001,Proj,No_Top,250,34960
result_trotter_10_FermiHubbard2D_cylinder_0_0_rand,outer,1,random,0,Single,No_Kink,3596,1091340
result_trotter_10_FermiHubbard2D_cylinder_0_0_rand,outer,2,SA,0.001,Single,No_MSF,3550,677025
result_trotter_10_FermiHubbard2D_cylinder_0_0_rand,outer,1,SA,1,Proj,No_Kink,2438,1795246
result_trotter_10_FermiHubbard2D_cylinder_0_0_rand,outer,2,SA,0.001,Single,No_Kink,3550,772595
result_trotter_10_FermiHubbard2D_cylinder_0_0_rand,outer,2,SA,0.001,Single,No_Top,3550,677025
result_trotter_10_FermiHubbard2D_cylinder_0_0_rand,outer,1,SA,1,Proj,Yes_Kink,2609,1891254
result_trotter_10_FermiHubbard2D_cylinder_0_0_rand,outer,2,SA,0.01,Double,No_MSF,3432,654321
result_trotter_10_FermiHubbard2D_cylinder_0_0_rand,outer,2,SA,0.001,Single,Yes_Kink,3550,793707
result_trotter_10_FermiHubbard2D_cylinder_0_0_rand,outer,2,SA,0.01,Double,No_Kink,3491,779411
result_trotter_10_FermiHubbard2D_cylinder_0_0_rand,outer,2,SA,0.01,Double,No_Top,3432,654321
result_trotter_10_FermiHubbard2D_cylinder_0_0_rand,outer,2,SA,0.01,Proj,No_MSF,250,34960
result_trotter_10_FermiHubbard2D_cylinder_0_0_rand,outer,2,SA,0.01,Proj,No_Top,250,34960
result_trotter_10_FermiHubbard2D_cylinder_0_0_rand,outer,2,SA,0.01,Double,Yes_Kink,3531,791603
result_trotter_10_FermiHubbard2D_cylinder_0_0_rand,outer,2,SA,0.01,Single,No_MSF,3550,677025
result_trotter_10_FermiHubbard2D_cylinder_0_0_rand,outer,1,random,0,Proj,No_Kink,2585,1957223
result_trotter_10_FermiHubbard2D_cylinder_0_0_rand,outer,2,SA,0.01,Single,No_Kink,3550,772595
result_trotter_10_FermiHubbard2D_cylinder_0_0_rand,outer,2,SA,0.01,Single,No_Top,3550,677025
result_trotter_10_FermiHubbard2D_cylinder_0_0_rand,outer,2,SA,0.1,Double,No_MSF,3432,654321
result_trotter_10_FermiHubbard2D_cylinder_0_0_rand,outer,2,SA,0.01,Single,Yes_Kink,3550,793707
result_trotter_10_FermiHubbard2D_cylinder_0_0_rand,outer,2,SA,0.1,Double,No_Top,3432,654321
result_trotter_10_FermiHubbard2D_cylinder_0_0_rand,outer,1,random,0,Proj,Yes_Kink,2659,1994370
result_trotter_10_FermiHubbard2D_cylinder_0_0_rand,outer,2,SA,0.1,Double,No_Kink,3491,779411
result_trotter_10_FermiHubbard2D_cylinder_0_0_rand,outer,2,SA,0.1,Proj,No_MSF,250,34960
result_trotter_10_FermiHubbard2D_cylinder_0_0_rand,outer,2,SA,0.1,Proj,No_Top,250,34960
result_trotter_10_FermiHubbard2D_cylinder_0_0_rand,outer,2,SA,0.001,Proj,No_Kink,2198,1533196
result_trotter_10_FermiHubbard2D_cylinder_0_0_rand,outer,2,SA,0.1,Single,No_MSF,3550,677025
result_trotter_10_FermiHubbard2D_cylinder_0_0_rand,outer,2,SA,0.1,Double,Yes_Kink,3531,791603
result_trotter_10_FermiHubbard2D_cylinder_0_0_rand,outer,2,SA,0.1,Single,No_Top,3550,677025
result_trotter_10_FermiHubbard2D_cylinder_0_0_rand,outer,2,SA,0.1,Single,No_Kink,3550,772595
result_trotter_10_FermiHubbard2D_cylinder_0_0_rand,outer,2,SA,0.001,Proj,Yes_Kink,2317,1562897
result_trotter_10_FermiHubbard2D_cylinder_0_0_rand,outer,2,SA,1,Double,No_MSF,3432,654321
result_trotter_10_FermiHubbard2D_cylinder_0_0_rand,outer,2,SA,1,Double,No_Top,3432,654321
result_trotter_10_FermiHubbard2D_cylinder_0_0_rand,outer,2,SA,0.1,Single,Yes_Kink,3550,793707
result_trotter_10_FermiHubbard2D_cylinder_0_0_rand,outer,2,SA,1,Double,No_Kink,3491,779411
result_trotter_10_FermiHubbard2D_cylinder_0_0_rand,outer,2,SA,1,Proj,No_MSF,250,34960
result_trotter_10_FermiHubbard2D_cylinder_0_0_rand,outer,2,SA,1,Proj,No_Top,250,34960
result_trotter_10_FermiHubbard2D_cylinder_0_0_rand,outer,2,SA,1,Double,Yes_Kink,3531,791603
result_trotter_10_FermiHubbard2D_cylinder_0_0_rand,outer,2,SA,1,Single,No_MSF,3550,677025
result_trotter_10_FermiHubbard2D_cylinder_0_0_rand,outer,2,SA,0.01,Proj,No_Kink,2198,1533196
result_trotter_10_FermiHubbard2D_cylinder_0_0_rand,outer,2,SA,1,Single,No_Kink,3550,772595
result_trotter_10_FermiHubbard2D_cylinder_0_0_rand,outer,2,SA,0.01,Proj,Yes_Kink,2317,1562897
result_trotter_10_FermiHubbard2D_cylinder_0_0_rand,outer,2,SA,1,Single,No_Top,3550,677025
result_trotter_10_FermiHubbard2D_cylinder_0_0_rand,outer,2,random,0,Double,No_MSF,3432,654321
result_trotter_10_FermiHubbard2D_cylinder_0_0_rand,outer,2,random,0,Double,No_Top,3432,654321
result_trotter_10_FermiHubbard2D_cylinder_0_0_rand,outer,2,SA,1,Single,Yes_Kink,3550,793707
result_trotter_10_FermiHubbard2D_cylinder_0_0_rand,outer,2,random,0,Proj,No_MSF,250,34960
result_trotter_10_FermiHubbard2D_cylinder_0_0_rand,outer,2,random,0,Double,No_Kink,3462,910482
result_trotter_10_FermiHubbard2D_cylinder_0_0_rand,outer,2,random,0,Proj,No_Top,250,34960
result_trotter_10_FermiHubbard2D_cylinder_0_0_rand,outer,2,SA,0.1,Proj,No_Kink,2198,1533196
result_trotter_10_FermiHubbard2D_cylinder_0_0_rand,outer,2,random,0,Double,Yes_Kink,3491,927173
result_trotter_10_FermiHubbard2D_cylinder_0_0_rand,outer,2,random,0,Single,No_MSF,3550,677025
result_trotter_10_FermiHubbard2D_cylinder_0_0_rand,outer,2,random,0,Single,No_Top,3550,677025
result_trotter_10_Heisenberg2D_cylinder_0.5_0.5_det,inner,1,SA,0.001,Double,No_Kink,318,27267
result_trotter_10_Heisenberg2D_cylinder_0.5_0.5_det,inner,1,SA,0.001,Double,No_MSF,294,12679
result_trotter_10_Heisenberg2D_cylinder_0.5_0.5_det,inner,1,SA,0.001,Double,No_Top,294,12679
result_trotter_10_FermiHubbard2D_cylinder_0_0_rand,outer,2,SA,0.1,Proj,Yes_Kink,2317,1562897
result_trotter_10_Heisenberg2D_cylinder_0.5_0.5_det,inner,1,SA,0.001,Double,Yes_Kink,330,28998
result_trotter_10_Heisenberg2D_cylinder_0.5_0.5_det,inner,1,SA,0.001,Proj,No_MSF,48,4440
result_trotter_10_Heisenberg2D_cylinder_0.5_0.5_det,inner,1,SA,0.001,Proj,No_Top,48,4440
result_trotter_10_FermiHubbard2D_cylinder_0_0_rand,outer,2,random,0,Single,No_Kink,3558,917556
result_trotter_10_Heisenberg2D_cylinder_0.5_0.5_det,inner,1,SA,0.001,Single,No_Kink,324,24720
result_trotter_10_Heisenberg2D_cylinder_0.5_0.5_det,inner,1,SA,0.001,Proj,No_Kink,478,152106
result_trotter_10_Heisenberg2D_cylinder_0.5_0.5_det,inner,1,SA,0.001,Single,No_MSF,318,13776
result_trotter_10_Heisenberg2D_cylinder_0.5_0.5_det,inner,1,SA,0.001,Single,No_Top,318,13776
result_trotter_10_Heisenberg2D_cylinder_0.5_0.5_det,inner,1,SA,0.01,Double,No_MSF,294,12679
result_trotter_10_Heisenberg2D_cylinder_0.5_0.5_det,inner,1,SA,0.01,Double,No_Top,294,12679
result_trotter_10_Heisenberg2D_cylinder_0.5_0.5_det,inner,1,SA,0.01,Double,No_Kink,318,27267
result_trotter_10_FermiHubbard2D_cylinder_0_0_rand,outer,2,random,0,Single,Yes_Kink,3558,933969
result_trotter_10_Heisenberg2D_cylinder_0.5_0.5_det,inner,1,SA,0.01,Proj,No_MSF,48,4440
result_trotter_10_Heisenberg2D_cylinder_0.5_0.5_det,inner,1,SA,0.01,Double,Yes_Kink,330,28998
result_trotter_10_Heisenberg2D_cylinder_0.5_0.5_det,inner,1,SA,0.001,Proj,Yes_Kink,508,157745
result_trotter_10_Heisenberg2D_cylinder_0.5_0.5_det,inner,1,SA,0.01,Proj,No_Top,48,4440
result_trotter_10_Heisenberg2D_cylinder_0.5_0.5_det,inner,1,SA,0.01,Single,No_MSF,318,13776
result_trotter_10_Heisenberg2D_cylinder_0.5_0.5_det,inner,1,SA,0.01,Single,No_Kink,324,24720
result_trotter_10_Heisenberg2D_cylinder_0.5_0.5_det,inner,1,SA,0.01,Single,No_Top,318,13776
result_trotter_10_Heisenberg2D_cylinder_0.5_0.5_det,inner,1,SA,0.1,Double,No_MSF,294,12679
result_trotter_10_Heisenberg2D_cylinder_0.5_0.5_det,inner,1,SA,0.1,Double,No_Kink,318,27267
result_trotter_10_Heisenberg2D_cylinder_0.5_0.5_det,inner,1,SA,0.1,Double,No_Top,294,12679
result_trotter_10_Heisenberg2D_cylinder_0.5_0.5_det,inner,1,SA,0.1,Double,Yes_Kink,330,28998
result_trotter_10_Heisenberg2D_cylinder_0.5_0.5_det,inner,1,SA,0.01,Proj,No_Kink,478,152106
result_trotter_10_FermiHubbard2D_cylinder_0_0_rand,outer,2,SA,1,Proj,No_Kink,2198,1533196
result_trotter_10_Heisenberg2D_cylinder_0.5_0.5_det,inner,1,SA,0.1,Proj,No_Top,48,4440
result_trotter_10_Heisenberg2D_cylinder_0.5_0.5_det,inner,1,SA,0.1,Proj,No_MSF,48,4440
result_trotter_10_Heisenberg2D_cylinder_0.5_0.5_det,inner,1,SA,0.1,Single,No_MSF,318,13776
result_trotter_10_Heisenberg2D_cylinder_0.5_0.5_det,inner,1,SA,0.1,Single,No_Kink,324,24720
result_trotter_10_Heisenberg2D_cylinder_0.5_0.5_det,inner,1,SA,0.1,Single,No_Top,318,13776
result_trotter_10_Heisenberg2D_cylinder_0.5_0.5_det,inner,1,SA,1,Double,No_MSF,294,12679
result_trotter_10_Heisenberg2D_cylinder_0.5_0.5_det,inner,1,SA,1,Double,No_Kink,318,27267
result_trotter_10_Heisenberg2D_cylinder_0.5_0.5_det,inner,1,SA,1,Double,No_Top,294,12679
result_trotter_10_Heisenberg2D_cylinder_0.5_0.5_det,inner,1,SA,0.01,Proj,Yes_Kink,508,157745
result_trotter_10_Heisenberg2D_cylinder_0.5_0.5_det,inner,1,SA,1,Proj,No_MSF,48,4440
result_trotter_10_Heisenberg2D_cylinder_0.5_0.5_det,inner,1,SA,1,Double,Yes_Kink,330,28998
result_trotter_10_Heisenberg2D_cylinder_0.5_0.5_det,inner,1,SA,1,Proj,No_Top,48,4440
result_trotter_10_FermiHubbard2D_cylinder_0_0_rand,outer,2,SA,1,Proj,Yes_Kink,2317,1562897
result_trotter_10_Heisenberg2D_cylinder_0.5_0.5_det,inner,1,SA,1,Single,No_MSF,318,13776
result_trotter_10_Heisenberg2D_cylinder_0.5_0.5_det,inner,1,SA,0.1,Proj,No_Kink,478,152106
result_trotter_10_Heisenberg2D_cylinder_0.5_0.5_det,inner,1,SA,1,Single,No_Kink,324,24720
result_trotter_10_Heisenberg2D_cylinder_0.5_0.5_det,inner,1,SA,1,Single,No_Top,318,13776
result_trotter_10_Heisenberg2D_cylinder_0.5_0.5_det,inner,1,random,0,Double,No_MSF,294,12679
result_trotter_10_Heisenberg2D_cylinder_0.5_0.5_det,inner,1,random,0,Double,No_Top,294,12679
result_trotter_10_Heisenberg2D_cylinder_0.5_0.5_det,inner,1,random,0,Double,No_Kink,413,60250
result_trotter_10_Heisenberg2D_cylinder_0.5_0.5_det,inner,1,random,0,Proj,No_MSF,48,4440
result_trotter_10_Heisenberg2D_cylinder_0.5_0.5_det,inner,1,SA,0.1,Proj,Yes_Kink,508,157745
result_trotter_10_Heisenberg2D_cylinder_0.5_0.5_det,inner,1,random,0,Double,Yes_Kink,396,59904
result_trotter_10_Heisenberg2D_cylinder_0.5_0.5_det,inner,1,random,0,Proj,No_Top,48,4440
result_trotter_10_Heisenberg2D_cylinder_0.5_0.5_det,inner,1,random,0,Single,No_MSF,318,13776
result_trotter_10_Heisenberg2D_cylinder_0.5_0.5_det,inner,1,random,0,Single,No_Top,318,13776
result_trotter_10_Heisenberg2D_cylinder_0.5_0.5_det,inner,1,SA,1,Proj,No_Kink,478,152106
result_trotter_10_Heisenberg2D_cylinder_0.5_0.5_det,inner,2,SA,0.001,Double,No_MSF,294,12679
result_trotter_10_Heisenberg2D_cylinder_0.5_0.5_det,inner,1,SA,1,Proj,Yes_Kink,508,157745
result_trotter_10_Heisenberg2D_cylinder_0.5_0.5_det,inner,2,SA,0.001,Double,No_Top,294,12679
result_trotter_10_Heisenberg2D_cylinder_0.5_0.5_det,inner,2,SA,0.001,Double,No_Kink,313,25491
result_trotter_10_Heisenberg2D_cylinder_0.5_0.5_det,inner,1,random,0,Single,No_Kink,432,58506
result_trotter_10_Heisenberg2D_cylinder_0.5_0.5_det,inner,2,SA,0.001,Proj,No_Top,48,4440
result_trotter_10_Heisenberg2D_cylinder_0.5_0.5_det,inner,2,SA,0.001,Double,Yes_Kink,326,25886
result_trotter_10_Heisenberg2D_cylinder_0.5_0.5_det,inner,2,SA,0.001,Proj,No_MSF,48,4440
result_trotter_10_Heisenberg2D_cylinder_0.5_0.5_det,inner,1,random,0,Proj,No_Kink,383,129948
result_trotter_10_Heisenberg2D_cylinder_0.5_0.5_det,inner,2,SA,0.001,Single,No_MSF,318,13776
result_trotter_10_Heisenberg2D_cylinder_0.5_0.5_det,inner,2,SA,0.001,Single,No_Kink,324,23400
result_trotter_10_Heisenberg2D_cylinder_0.5_0.5_det,inner,2,SA,0.001,Single,No_Top,318,13776
result_trotter_10_Heisenberg2D_cylinder_0.5_0.5_det,inner,2,SA,0.01,Double,No_MSF,294,12679
result_trotter_10_Heisenberg2D_cylinder_0.5_0.5_det,inner,2,SA,0.001,Single,Yes_Kink,324,26940
result_trotter_10_Heisenberg2D_cylinder_0.5_0.5_det,inner,2,SA,0.01,Double,No_Kink,313,25491
result_trotter_10_Heisenberg2D_cylinder_0.5_0.5_det,inner,2,SA,0.01,Double,No_Top,294,12679
result_trotter_10_Heisenberg2D_cylinder_0.5_0.5_det,inner,1,random,0,Proj,Yes_Kink,396,131127
result_trotter_10_Heisenberg2D_cylinder_0.5_0.5_det,inner,2,SA,0.01,Proj,No_MSF,48,4440
result_trotter_10_Heisenberg2D_cylinder_0.5_0.5_det,inner,2,SA,0.01,Double,Yes_Kink,326,25886
result_trotter_10_Heisenberg2D_cylinder_0.5_0.5_det,inner,2,SA,0.01,Proj,No_Top,48,4440
result_trotter_10_Heisenberg2D_cylinder_0.5_0.5_det,inner,2,SA,0.01,Single,No_Kink,324,23400
result_trotter_10_Heisenberg2D_cylinder_0.5_0.5_det,inner,2,SA,0.01,Single,No_MSF,318,13776
result_trotter_10_Heisenberg2D_cylinder_0.5_0.5_det,inner,2,SA,0.01,Single,No_Top,318,13776
result_trotter_10_Heisenberg2D_cylinder_0.5_0.5_det,inner,2,SA,0.01,Single,Yes_Kink,324,26940
result_trotter_10_Heisenberg2D_cylinder_0.5_0.5_det,inner,2,SA,0.1,Double,No_Kink,313,25491
result_trotter_10_Heisenberg2D_cylinder_0.5_0.5_det,inner,2,SA,0.1,Double,No_MSF,294,12679
result_trotter_10_Heisenberg2D_cylinder_0.5_0.5_det,inner,2,SA,0.001,Proj,No_Kink,325,152663
result_trotter_10_Heisenberg2D_cylinder_0.5_0.5_det,inner,2,SA,0.1,Double,No_Top,294,12679
result_trotter_10_Heisenberg2D_cylinder_0.5_0.5_det,inner,2,SA,0.1,Double,Yes_Kink,326,25886
result_trotter_10_Heisenberg2D_cylinder_0.5_0.5_det,inner,2,SA,0.001,Proj,Yes_Kink,351,159379
result_trotter_10_Heisenberg2D_cylinder_0.5_0.5_det,inner,2,SA,0.1,Proj,No_Top,48,4440
result_trotter_10_Heisenberg2D_cylinder_0.5_0.5_det,inner,2,SA,0.1,Proj,No_MSF,48,4440
result_trotter_10_Heisenberg2D_cylinder_0.5_0.5_det,inner,2,SA,0.1,Single,No_Kink,324,23400
result_trotter_10_Heisenberg2D_cylinder_0.5_0.5_det,inner,2,SA,0.01,Proj,No_Kink,325,152663
result_trotter_10_Heisenberg2D_cylinder_0.5_0.5_det,inner,2,SA,0.1,Single,No_MSF,318,13776
result_trotter_10_Heisenberg2D_cylinder_0.5_0.5_det,inner,2,SA,0.1,Single,Yes_Kink,324,26940
result_trotter_10_Heisenberg2D_cylinder_0.5_0.5_det,inner,2,SA,0.1,Single,No_Top,318,13776
result_trotter_10_Heisenberg2D_cylinder_0.5_0.5_det,inner,2,SA,0.01,Proj,Yes_Kink,351,159379
result_trotter_10_Heisenberg2D_cylinder_0.5_0.5_det,inner,2,SA,1,Double,No_Top,294,12679
result_trotter_10_Heisenberg2D_cylinder_0.5_0.5_det,inner,2,SA,1,Double,No_MSF,294,12679
result_trotter_10_Heisenberg2D_cylinder_0.5_0.5_det,inner,2,SA,1,Double,No_Kink,313,25491
result_trotter_10_Heisenberg2D_cylinder_0.5_0.5_det,inner,2,SA,1,Proj,No_MSF,48,4440
result_trotter_10_Heisenberg2D_cylinder_0.5_0.5_det,inner,2,SA,1,Proj,No_Top,48,4440
result_trotter_10_Heisenberg2D_cylinder_0.5_0.5_det,inner,2,SA,1,Double,Yes_Kink,326,25886
result_trotter_10_Heisenberg2D_cylinder_0.5_0.5_det,inner,2,SA,0.1,Proj,No_Kink,325,152663
result_trotter_10_Heisenberg2D_cylinder_0.5_0.5_det,inner,2,SA,1,Single,No_MSF,318,13776
result_trotter_10_Heisenberg2D_cylinder_0.5_0.5_det,inner,2,SA,1,Single,No_Top,318,13776
result_trotter_10_Heisenberg2D_cylinder_0.5_0.5_det,inner,2,SA,1,Single,No_Kink,324,23400
result_trotter_10_Heisenberg2D_cylinder_0.5_0.5_det,inner,2,random,0,Double,No_MSF,294,12679
result_trotter_10_Heisenberg2D_cylinder_0.5_0.5_det,inner,2,SA,1,Single,Yes_Kink,324,26940
result_trotter_10_Heisenberg2D_cylinder_0.5_0.5_det,inner,2,random,0,Double,No_Top,294,12679
result_trotter_10_Heisenberg2D_cylinder_0.5_0.5_det,inner,2,random,0,Double,No_Kink,351,49253
result_trotter_10_FermiHubbard2D_cylinder_0_0_rand,outer,2,random,0,Proj,No_Kink,2360,1681219
result_trotter_10_Heisenberg2D_cylinder_0.5_0.5_det,inner,2,SA,0.1,Proj,Yes_Kink,351,159379
result_trotter_10_Heisenberg2D_cylinder_0.5_0.5_det,inner,2,random,0,Proj,No_MSF,48,4440
result_trotter_10_Heisenberg2D_cylinder_0.5_0.5_det,inner,2,random,0,Proj,No_Top,48,4440
result_trotter_10_Heisenberg2D_cylinder_0.5_0.5_det,inner,2,random,0,Single,No_MSF,318,13776
result_trotter_10_Heisenberg2D_cylinder_0.5_0.5_det,inner,2,random,0,Double,Yes_Kink,359,50179
result_trotter_10_Heisenberg2D_cylinder_0.5_0.5_det,inner,2,random,0,Single,No_Top,318,13776
result_trotter_10_Heisenberg2D_cylinder_0.5_0.5_det,inner,2,random,0,Single,No_Kink,336,45966
result_trotter_10_Heisenberg2D_cylinder_0.5_0.5_det,inner,2,SA,1,Proj,No_Kink,325,152663
result_trotter_10_Heisenberg2D_cylinder_0.5_0.5_det,outer,1,SA,0.001,Double,No_MSF,294,12679
result_trotter_10_Heisenberg2D_cylinder_0.5_0.5_det,outer,1,SA,0.001,Double,No_Kink,334,29053
result_trotter_10_Heisenberg2D_cylinder_0.5_0.5_det,outer,1,SA,0.001,Double,No_Top,294,12679
result_trotter_10_Heisenberg2D_cylinder_0.5_0.5_det,inner,2,SA,1,Proj,Yes_Kink,351,159379
result_trotter_10_Heisenberg2D_cylinder_0.5_0.5_det,outer,1,SA,0.001,Proj,No_MSF,48,4440
result_trotter_10_Heisenberg2D_cylinder_0.5_0.5_det,outer,1,SA,0.001,Proj,No_Top,48,4440
result_trotter_10_Heisenberg2D_cylinder_0.5_0.5_det,inner,2,random,0,Single,Yes_Kink,324,47622
result_trotter_10_Heisenberg2D_cylinder_0.5_0.5_det,outer,1,SA,0.001,Double,Yes_Kink,342,29956
result_trotter_10_Heisenberg2D_cylinder_0.5_0.5_det,outer,1,SA,0.001,Single,No_Top,318,13776
result_trotter_10_Heisenberg2D_cylinder_0.5_0.5_det,outer,1,SA,0.001,Single,No_MSF,318,13776
result_trotter_10_Heisenberg2D_cylinder_0.5_0.5_det,outer,1,SA,0.001,Single,No_Kink,330,24708
result_trotter_10_Heisenberg2D_cylinder_0.5_0.5_det,inner,2,random,0,Proj,No_Kink,228,112934
result_trotter_10_Heisenberg2D_cylinder_0.5_0.5_det,outer,1,SA,0.01,Double,No_MSF,294,12679
result_trotter_10_Heisenberg2D_cylinder_0.5_0.5_det,outer,1,SA,0.01,Double,No_Top,294,12679
result_trotter_10_Heisenberg2D_cylinder_0.5_0.5_det,outer,1,SA,0.01,Double,No_Kink,334,29053
result_trotter_10_Heisenberg2D_cylinder_0.5_0.5_det,inner,2,random,0,Proj,Yes_Kink,240,115172
result_trotter_10_Heisenberg2D_cylinder_0.5_0.5_det,outer,1,SA,0.01,Proj,No_MSF,48,4440
result_trotter_10_Heisenberg2D_cylinder_0.5_0.5_det,outer,1,SA,0.01,Proj,No_Top,48,4440
result_trotter_10_Heisenberg2D_cylinder_0.5_0.5_det,outer,1,SA,0.01,Double,Yes_Kink,342,29956
result_trotter_10_Heisenberg2D_cylinder_0.5_0.5_det,outer,1,SA,0.01,Single,No_MSF,318,13776
result_trotter_10_Heisenberg2D_cylinder_0.5_0.5_det,outer,1,SA,0.01,Single,No_Top,318,13776
result_trotter_10_Heisenberg2D_cylinder_0.5_0.5_det,outer,1,SA,0.01,Single,No_Kink,330,24708
result_trotter_10_Heisenberg2D_cylinder_0.5_0.5_det,outer,1,SA,0.1,Double,No_MSF,294,12679
result_trotter_10_Heisenberg2D_cylinder_0.5_0.5_det,outer,1,SA,0.1,Double,No_Top,294,12679
result_trotter_10_Heisenberg2D_cylinder_0.5_0.5_det,outer,1,SA,0.1,Double,No_Kink,334,29053
result_trotter_10_Heisenberg2D_cylinder_0.5_0.5_det,outer,1,SA,0.1,Proj,No_MSF,48,4440
result_trotter_10_Heisenberg2D_cylinder_0.5_0.5_det,outer,1,SA,0.1,Double,Yes_Kink,342,29956
result_trotter_10_Heisenberg2D_cylinder_0.5_0.5_det,outer,1,SA,0.1,Proj,No_Top,48,4440
result_trotter_10_Heisenberg2D_cylinder_0.5_0.5_det,outer,1,SA,0.001,Proj,No_Kink,462,146749
result_trotter_10_FermiHubbard2D_cylinder_0_0_rand,outer,2,random,0,Proj,Yes_Kink,2472,1723166
result_trotter_10_Heisenberg2D_cylinder_0.5_0.5_det,outer,1,SA,0.1,Single,No_MSF,318,13776
result_trotter_10_Heisenberg2D_cylinder_0.5_0.5_det,outer,1,SA,0.1,Single,No_Top,318,13776
result_trotter_10_Heisenberg2D_cylinder_0.5_0.5_det,outer,1,SA,0.1,Single,No_Kink,330,24708
result_trotter_10_Heisenberg2D_cylinder_0.5_0.5_det,outer,1,SA,0.001,Proj,Yes_Kink,496,155757
result_trotter_10_Heisenberg2D_cylinder_0.5_0.5_det,outer,1,SA,1,Double,No_MSF,294,12679
result_trotter_10_Heisenberg2D_cylinder_0.5_0.5_det,outer,1,SA,1,Double,No_Top,294,12679
result_trotter_10_Heisenberg2D_cylinder_0.5_0.5_det,outer,1,SA,1,Double,No_Kink,334,29053
result_trotter_10_Heisenberg2D_cylinder_0.5_0.5_det,outer,1,SA,1,Proj,No_MSF,48,4440
result_trotter_10_Heisenberg2D_cylinder_0.5_0.5_det,outer,1,SA,1,Proj,No_Top,48,4440
result_trotter_10_Heisenberg2D_cylinder_0.5_0.5_det,outer,1,SA,1,Double,Yes_Kink,342,29956
result_trotter_10_Heisenberg2D_cylinder_0.5_0.5_det,outer,1,SA,1,Single,No_MSF,318,13776
result_trotter_10_Heisenberg2D_cylinder_0.5_0.5_det,outer,1,SA,1,Single,No_Kink,330,24708
result_trotter_10_Heisenberg2D_cylinder_0.5_0.5_det,outer,1,SA,1,Single,No_Top,318,13776
result_trotter_10_Heisenberg2D_cylinder_0.5_0.5_det,outer,1,SA,0.01,Proj,Yes_Kink,496,155757
result_trotter_10_Heisenberg2D_cylinder_0.5_0.5_det,outer,1,SA,0.01,Proj,No_Kink,462,146749
result_trotter_10_Heisenberg2D_cylinder_0.5_0.5_det,outer,1,random,0,Double,No_Top,294,12679
result_trotter_10_Heisenberg2D_cylinder_0.5_0.5_det,outer,1,random,0,Double,No_MSF,294,12679
result_trotter_10_Heisenberg2D_cylinder_0.5_0.5_det,outer,1,random,0,Proj,No_MSF,48,4440
result_trotter_10_Heisenberg2D_cylinder_0.5_0.5_det,outer,1,SA,0.1,Proj,No_Kink,462,146749
result_trotter_10_Heisenberg2D_cylinder_0.5_0.5_det,outer,1,random,0,Proj,No_Top,48,4440
result_trotter_10_Heisenberg2D_cylinder_0.5_0.5_det,outer,1,random,0,Double,No_Kink,368,54677
result_trotter_10_Heisenberg2D_cylinder_0.5_0.5_det,outer,1,random,0,Single,No_MSF,318,13776
result_trotter_10_Heisenberg2D_cylinder_0.5_0.5_det,outer,1,random,0,Double,Yes_Kink,373,55640
result_trotter_10_Heisenberg2D_cylinder_0.5_0.5_det,outer,1,random,0,Single,No_Top,318,13776
result_trotter_10_Heisenberg2D_cylinder_0.5_0.5_det,outer,1,SA,0.1,Proj,Yes_Kink,496,155757
result_trotter_10_Heisenberg2D_cylinder_0.5_0.5_det,outer,2,SA,0.001,Double,No_MSF,294,12679
result_trotter_10_Heisenberg2D_cylinder_0.5_0.5_det,outer,2,SA,0.001,Double,No_Top,294,12679
result_trotter_10_Heisenberg2D_cylinder_0.5_0.5_det,outer,1,random,0,Single,No_Kink,360,53232
result_trotter_10_Heisenberg2D_cylinder_0.5_0.5_det,outer,2,SA,0.001,Proj,No_MSF,48,4440
result_trotter_10_Heisenberg2D_cylinder_0.5_0.5_det,outer,1,SA,1,Proj,No_Kink,462,146749
result_trotter_10_Heisenberg2D_cylinder_0.5_0.5_det,outer,2,SA,0.001,Double,No_Kink,311,25339
result_trotter_10_Heisenberg2D_cylinder_0.5_0.5_det,outer,2,SA,0.001,Double,Yes_Kink,319,26248
result_trotter_10_Heisenberg2D_cylinder_0.5_0.5_det,outer,2,SA,0.001,Proj,No_Top,48,4440
result_trotter_10_Heisenberg2D_cylinder_0.5_0.5_det,outer,1,SA,1,Proj,Yes_Kink,496,155757
result_trotter_10_Heisenberg2D_cylinder_0.5_0.5_det,outer,2,SA,0.001,Single,No_MSF,318,13776
result_trotter_10_Heisenberg2D_cylinder_0.5_0.5_det,outer,2,SA,0.001,Single,No_Top,318,13776
result_trotter_10_Heisenberg2D_cylinder_0.5_0.5_det,outer,2,SA,0.001,Single,No_Kink,318,22956
result_trotter_10_Heisenberg2D_cylinder_0.5_0.5_det,outer,2,SA,0.01,Double,No_MSF,294,12679
result_trotter_10_Heisenberg2D_cylinder_0.5_0.5_det,outer,1,random,0,Proj,No_Kink,391,125866
result_trotter_10_Heisenberg2D_cylinder_0.5_0.5_det,outer,2,SA,0.01,Double,No_Top,294,12679
result_trotter_10_Heisenberg2D_cylinder_0.5_0.5_det,outer,2,SA,0.001,Single,Yes_Kink,324,27648
result_trotter_10_Heisenberg2D_cylinder_0.5_0.5_det,outer,1,random,0,Proj,Yes_Kink,400,126584
result_trotter_10_Heisenberg2D_cylinder_0.5_0.5_det,outer,2,SA,0.01,Double,No_Kink,311,25339
result_trotter_10_Heisenberg2D_cylinder_0.5_0.5_det,outer,2,SA,0.01,Proj,No_MSF,48,4440
result_trotter_10_Heisenberg2D_cylinder_0.5_0.5_det,outer,2,SA,0.01,Proj,No_Top,48,4440
result_trotter_10_Heisenberg2D_cylinder_0.5_0.5_det,outer,2,SA,0.01,Double,Yes_Kink,319,26248
result_trotter_10_Heisenberg2D_cylinder_0.5_0.5_det,outer,2,SA,0.01,Single,No_Top,318,13776
result_trotter_10_Heisenberg2D_cylinder_0.5_0.5_det,outer,2,SA,0.01,Single,No_Kink,318,22956
result_trotter_10_Heisenberg2D_cylinder_0.5_0.5_det,outer,2,SA,0.01,Single,No_MSF,318,13776
result_trotter_10_Heisenberg2D_cylinder_0.5_0.5_det,outer,2,SA,0.1,Double,No_MSF,294,12679
result_trotter_10_Heisenberg2D_cylinder_0.5_0.5_det,outer,2,SA,0.1,Double,No_Top,294,12679
result_trotter_10_Heisenberg2D_cylinder_0.5_0.5_det,outer,2,SA,0.01,Single,Yes_Kink,324,27648
result_trotter_10_Heisenberg2D_cylinder_0.5_0.5_det,outer,2,SA,0.1,Double,No_Kink,311,25339
result_trotter_10_Heisenberg2D_cylinder_0.5_0.5_det,outer,2,SA,0.1,Proj,No_MSF,48,4440
result_trotter_10_Heisenberg2D_cylinder_0.5_0.5_det,outer,2,SA,0.1,Proj,No_Top,48,4440
result_trotter_10_Heisenberg2D_cylinder_0.5_0.5_det,outer,2,SA,0.1,Double,Yes_Kink,319,26248
result_trotter_10_Heisenberg2D_cylinder_0.5_0.5_det,outer,2,SA,0.1,Single,No_MSF,318,13776
result_trotter_10_Heisenberg2D_cylinder_0.5_0.5_det,outer,2,SA,0.1,Single,No_Top,318,13776
result_trotter_10_Heisenberg2D_cylinder_0.5_0.5_det,outer,2,SA,0.1,Single,No_Kink,318,22956
result_trotter_10_Heisenberg2D_cylinder_0.5_0.5_det,outer,2,SA,0.001,Proj,No_Kink,337,153991
result_trotter_10_Heisenberg2D_cylinder_0.5_0.5_det,outer,2,SA,1,Double,No_MSF,294,12679
result_trotter_10_Heisenberg2D_cylinder_0.5_0.5_det,outer,2,SA,1,Double,No_Kink,311,25339
result_trotter_10_Heisenberg2D_cylinder_0.5_0.5_det,outer,2,SA,0.1,Single,Yes_Kink,324,27648
result_trotter_10_Heisenberg2D_cylinder_0.5_0.5_det,outer,2,SA,1,Double,No_Top,294,12679
result_trotter_10_Heisenberg2D_cylinder_0.5_0.5_det,outer,2,SA,0.001,Proj,Yes_Kink,368,163387
result_trotter_10_Heisenberg2D_cylinder_0.5_0.5_det,outer,2,SA,1,Proj,No_MSF,48,4440
result_trotter_10_Heisenberg2D_cylinder_0.5_0.5_det,outer,2,SA,1,Proj,No_Top,48,4440
result_trotter_10_Heisenberg2D_cylinder_0.5_0.5_det,outer,2,SA,1,Double,Yes_Kink,319,26248
result_trotter_10_Heisenberg2D_cylinder_0.5_0.5_det,outer,2,SA,1,Single,No_Kink,318,22956
result_trotter_10_Heisenberg2D_cylinder_0.5_0.5_det,outer,2,SA,1,Single,No_MSF,318,13776
result_trotter_10_Heisenberg2D_cylinder_0.5_0.5_det,outer,2,SA,1,Single,No_Top,318,13776
result_trotter_10_Heisenberg2D_cylinder_0.5_0.5_det,outer,2,SA,0.01,Proj,No_Kink,337,153991
result_trotter_10_Heisenberg2D_cylinder_0.5_0.5_det,outer,2,random,0,Double,No_MSF,294,12679
result_trotter_10_Heisenberg2D_cylinder_0.5_0.5_det,outer,2,SA,0.01,Proj,Yes_Kink,368,163387
result_trotter_10_Heisenberg2D_cylinder_0.5_0.5_det,outer,2,SA,1,Single,Yes_Kink,324,27648
result_trotter_10_Heisenberg2D_cylinder_0.5_0.5_det,outer,2,random,0,Double,No_Top,294,12679
result_trotter_10_Heisenberg2D_cylinder_0.5_0.5_det,outer,2,random,0,Proj,No_MSF,48,4440
result_trotter_10_Heisenberg2D_cylinder_0.5_0.5_det,outer,2,SA,0.1,Proj,No_Kink,337,153991
result_trotter_10_Heisenberg2D_cylinder_0.5_0.5_det,outer,2,random,0,Double,No_Kink,318,42031
result_trotter_10_Heisenberg2D_cylinder_0.5_0.5_det,outer,2,random,0,Proj,No_Top,48,4440
result_trotter_10_Heisenberg2D_cylinder_0.5_0.5_det,outer,2,random,0,Single,No_MSF,318,13776
result_trotter_10_Heisenberg2D_cylinder_0.5_0.5_det,outer,2,random,0,Double,Yes_Kink,335,43545
result_trotter_10_Heisenberg2D_cylinder_0.5_0.5_det,outer,2,random,0,Single,No_Top,318,13776
result_trotter_10_Heisenberg2D_cylinder_0.5_0.5_det,outer,2,SA,0.1,Proj,Yes_Kink,368,163387
result_trotter_10_Heisenberg2D_cylinder_0.5_0.5_det,outer,2,random,0,Single,No_Kink,324,40320
result_trotter_10_Heisenberg2D_cylinder_0.5_0.5_rand,inner,1,SA,0.001,Double,No_MSF,109,9530
result_trotter_10_Heisenberg2D_cylinder_0.5_0.5_rand,inner,1,SA,0.001,Double,No_Top,109,9530
result_trotter_10_Heisenberg2D_cylinder_0.5_0.5_rand,inner,1,SA,0.001,Double,No_Kink,118,24915
result_trotter_10_Heisenberg2D_cylinder_0.5_0.5_det,outer,2,random,0,Single,Yes_Kink,330,43152
result_trotter_10_Heisenberg2D_cylinder_0.5_0.5_rand,inner,1,SA,0.001,Proj,No_MSF,48,4440
result_trotter_10_Heisenberg2D_cylinder_0.5_0.5_rand,inner,1,SA,0.001,Proj,No_Top,48,4440
result_trotter_10_Heisenberg2D_cylinder_0.5_0.5_rand,inner,1,SA,0.001,Double,Yes_Kink,129,26795
result_trotter_10_Heisenberg2D_cylinder_0.5_0.5_rand,inner,1,SA,0.001,Single,No_MSF,132,11702
result_trotter_10_Heisenberg2D_cylinder_0.5_0.5_det,outer,2,SA,1,Proj,No_Kink,337,153991
result_trotter_10_Heisenberg2D_cylinder_0.5_0.5_rand,inner,1,SA,0.001,Single,No_Top,132,11702
result_trotter_10_Heisenberg2D_cylinder_0.5_0.5_det,outer,2,SA,1,Proj,Yes_Kink,368,163387
result_trotter_10_Heisenberg2D_cylinder_0.5_0.5_rand,inner,1,SA,0.001,Single,No_Kink,132,23086
result_trotter_10_Heisenberg2D_cylinder_0.5_0.5_det,outer,2,random,0,Proj,No_Kink,243,118869
result_trotter_10_Heisenberg2D_cylinder_0.5_0.5_rand,inner,1,SA,0.01,Double,No_MSF,109,9530
result_trotter_10_Heisenberg2D_cylinder_0.5_0.5_rand,inner,1,SA,0.01,Double,No_Top,109,9530
result_trotter_10_Heisenberg2D_cylinder_0.5_0.5_rand,inner,1,SA,0.001,Proj,No_Kink,110,38655
result_trotter_10_Heisenberg2D_cylinder_0.5_0.5_rand,inner,1,SA,0.01,Double,No_Kink,118,24915
result_trotter_10_Heisenberg2D_cylinder_0.5_0.5_rand,inner,1,SA,0.001,Proj,Yes_Kink,124,41741
result_trotter_10_Heisenberg2D_cylinder_0.5_0.5_rand,inner,1,SA,0.01,Proj,No_MSF,48,4440
result_trotter_10_Heisenberg2D_cylinder_0.5_0.5_rand,inner,1,SA,0.01,Proj,No_Top,48,4440
result_trotter_10_Heisenberg2D_cylinder_0.5_0.5_det,outer,2,random,0,Proj,Yes_Kink,250,120834
result_trotter_10_Heisenberg2D_cylinder_0.5_0.5_rand,inner,1,SA,0.01,Single,No_Top,132,11702
result_trotter_10_Heisenberg2D_cylinder_0.5_0.5_rand,inner,1,SA,0.01,Single,No_MSF,132,11702
result_trotter_10_Heisenberg2D_cylinder_0.5_0.5_rand,inner,1,SA,0.01,Double,Yes_Kink,129,26795
result_trotter_10_Heisenberg2D_cylinder_0.5_0.5_rand,inner,1,SA,0.1,Double,No_MSF,109,9530
result_trotter_10_Heisenberg2D_cylinder_0.5_0.5_rand,inner,1,SA,0.1,Double,No_Top,109,9530
result_trotter_10_Heisenberg2D_cylinder_0.5_0.5_rand,inner,1,SA,0.01,Proj,No_Kink,110,38655
result_trotter_10_Heisenberg2D_cylinder_0.5_0.5_rand,inner,1,SA,0.01,Single,No_Kink,132,23086
result_trotter_10_Heisenberg2D_cylinder_0.5_0.5_rand,inner,1,SA,0.1,Double,No_Kink,118,24915
result_trotter_10_Heisenberg2D_cylinder_0.5_0.5_rand,inner,1,SA,0.1,Proj,No_MSF,48,4440
result_trotter_10_Heisenberg2D_cylinder_0.5_0.5_rand,inner,1,SA,0.1,Proj,No_Top,48,4440
result_trotter_10_Heisenberg2D_cylinder_0.5_0.5_rand,inner,1,SA,0.01,Proj,Yes_Kink,124,41741
result_trotter_10_Heisenberg2D_cylinder_0.5_0.5_rand,inner,1,SA,0.1,Single,No_MSF,132,11702
result_trotter_10_Heisenberg2D_cylinder_0.5_0.5_rand,inner,1,SA,0.1,Single,No_Top,132,11702
result_trotter_10_Heisenberg2D_cylinder_0.5_0.5_rand,inner,1,SA,0.1,Double,Yes_Kink,129,26795
result_trotter_10_Heisenberg2D_cylinder_0.5_0.5_rand,inner,1,SA,1,Double,No_MSF,109,9530
result_trotter_10_Heisenberg2D_cylinder_0.5_0.5_rand,inner,1,SA,0.1,Single,No_Kink,132,23086
result_trotter_10_Heisenberg2D_cylinder_0.5_0.5_rand,inner,1,SA,0.1,Proj,No_Kink,110,38655
result_trotter_10_Heisenberg2D_cylinder_0.5_0.5_rand,inner,1,SA,1,Double,No_Top,109,9530
result_trotter_10_Heisenberg2D_cylinder_0.5_0.5_rand,inner,1,SA,1,Double,No_Kink,118,24915
result_trotter_10_Heisenberg2D_cylinder_0.5_0.5_rand,inner,1,SA,1,Proj,No_MSF,48,4440
result_trotter_10_Heisenberg2D_cylinder_0.5_0.5_rand,inner,1,SA,1,Proj,No_Top,48,4440
result_trotter_10_Heisenberg2D_cylinder_0.5_0.5_rand,inner,1,SA,0.1,Proj,Yes_Kink,124,41741
result_trotter_10_Heisenberg2D_cylinder_0.5_0.5_rand,inner,1,SA,1,Single,No_MSF,132,11702
result_trotter_10_Heisenberg2D_cylinder_0.5_0.5_rand,inner,1,SA,1,Double,Yes_Kink,129,26795
result_trotter_10_Heisenberg2D_cylinder_0.5_0.5_rand,inner,1,SA,1,Single,No_Top,132,11702
result_trotter_10_Heisenberg2D_cylinder_0.5_0.5_rand,inner,1,SA,1,Single,No_Kink,132,23086
result_trotter_10_Heisenberg2D_cylinder_0.5_0.5_rand,inner,1,random,0,Double,No_Top,109,9530
result_trotter_10_Heisenberg2D_cylinder_0.5_0.5_rand,inner,1,random,0,Double,No_MSF,109,9530
result_trotter_10_Heisenberg2D_cylinder_0.5_0.5_rand,inner,1,SA,1,Proj,No_Kink,110,38655
result_trotter_10_Heisenberg2D_cylinder_0.5_0.5_rand,inner,1,random,0,Proj,No_MSF,48,4440
result_trotter_10_Heisenberg2D_cylinder_0.5_0.5_rand,inner,1,random,0,Proj,No_Top,48,4440
result_trotter_10_Heisenberg2D_cylinder_0.5_0.5_rand,inner,1,random,0,Single,No_MSF,132,11702
result_trotter_10_Heisenberg2D_cylinder_0.5_0.5_rand,inner,1,SA,1,Proj,Yes_Kink,124,41741
result_trotter_10_Heisenberg2D_cylinder_0.5_0.5_rand,inner,1,random,0,Single,No_Top,132,11702
result_trotter_10_Heisenberg2D_cylinder_0.5_0.5_rand,inner,2,SA,0.001,Double,No_MSF,109,9530
result_trotter_10_Heisenberg2D_cylinder_0.5_0.5_rand,inner,2,SA,0.001,Double,No_Top,109,9530
result_trotter_10_Heisenberg2D_cylinder_0.5_0.5_rand,inner,1,random,0,Double,No_Kink,248,65700
result_trotter_10_Heisenberg2D_cylinder_0.5_0.5_rand,inner,2,SA,0.001,Double,No_Kink,119,22296
result_trotter_10_Heisenberg2D_cylinder_0.5_0.5_rand,inner,1,random,0,Double,Yes_Kink,250,67679
result_trotter_10_Heisenberg2D_cylinder_0.5_0.5_rand,inner,2,SA,0.001,Proj,No_MSF,48,4440
result_trotter_10_Heisenberg2D_cylinder_0.5_0.5_rand,inner,2,SA,0.001,Double,Yes_Kink,128,23647
result_trotter_10_Heisenberg2D_cylinder_0.5_0.5_rand,inner,2,SA,0.001,Proj,No_Top,48,4440
result_trotter_10_Heisenberg2D_cylinder_0.5_0.5_rand,inner,1,random,0,Single,No_Kink,300,66184
result_trotter_10_Heisenberg2D_cylinder_0.5_0.5_rand,inner,1,random,0,Proj,No_Kink,215,79874
result_trotter_10_Heisenberg2D_cylinder_0.5_0.5_rand,inner,2,SA,0.001,Single,No_Kink,132,21160
result_trotter_10_Heisenberg2D_cylinder_0.5_0.5_rand,inner,2,SA,0.001,Single,No_Top,132,11702
result_trotter_10_Heisenberg2D_cylinder_0.5_0.5_rand,inner,2,SA,0.001,Single,No_MSF,132,11702
result_trotter_10_Heisenberg2D_cylinder_0.5_0.5_rand,inner,1,random,0,Proj,Yes_Kink,225,81564
result_trotter_10_Heisenberg2D_cylinder_0.5_0.5_rand,inner,2,SA,0.01,Double,No_MSF,109,9530
result_trotter_10_Heisenberg2D_cylinder_0.5_0.5_rand,inner,2,SA,0.01,Double,No_Top,109,9530
result_trotter_10_Heisenberg2D_cylinder_0.5_0.5_rand,inner,2,SA,0.01,Double,No_Kink,119,22296
result_trotter_10_Heisenberg2D_cylinder_0.5_0.5_rand,inner,2,SA,0.001,Single,Yes_Kink,134,26478
result_trotter_10_Heisenberg2D_cylinder_0.5_0.5_rand,inner,2,SA,0.001,Proj,No_Kink,92,46209
result_trotter_10_Heisenberg2D_cylinder_0.5_0.5_rand,inner,2,SA,0.01,Proj,No_MSF,48,4440
result_trotter_10_Heisenberg2D_cylinder_0.5_0.5_rand,inner,2,SA,0.01,Proj,No_Top,48,4440
result_trotter_10_Heisenberg2D_cylinder_0.5_0.5_rand,inner,2,SA,0.001,Proj,Yes_Kink,99,48341
result_trotter_10_Heisenberg2D_cylinder_0.5_0.5_rand,inner,2,SA,0.01,Double,Yes_Kink,128,23647
result_trotter_10_Heisenberg2D_cylinder_0.5_0.5_rand,inner,2,SA,0.01,Single,No_MSF,132,11702
result_trotter_10_Heisenberg2D_cylinder_0.5_0.5_rand,inner,2,SA,0.01,Single,No_Top,132,11702
result_trotter_10_Heisenberg2D_cylinder_0.5_0.5_rand,inner,2,SA,0.01,Single,No_Kink,132,21160
result_trotter_10_Heisenberg2D_cylinder_0.5_0.5_rand,inner,2,SA,0.1,Double,No_MSF,109,9530
result_trotter_10_Heisenberg2D_cylinder_0.5_0.5_rand,inner,2,SA,0.1,Double,No_Top,109,9530
result_trotter_10_Heisenberg2D_cylinder_0.5_0.5_rand,inner,2,SA,0.1,Double,No_Kink,119,22296
result_trotter_10_Heisenberg2D_cylinder_0.5_0.5_rand,inner,2,SA,0.1,Proj,No_Top,48,4440
result_trotter_10_Heisenberg2D_cylinder_0.5_0.5_rand,inner,2,SA,0.1,Proj,No_MSF,48,4440
result_trotter_10_Heisenberg2D_cylinder_0.5_0.5_rand,inner,2,SA,0.01,Proj,No_Kink,92,46209
result_trotter_10_Heisenberg2D_cylinder_0.5_0.5_rand,inner,2,SA,0.1,Double,Yes_Kink,128,23647
result_trotter_10_Heisenberg2D_cylinder_0.5_0.5_rand,inner,2,SA,0.01,Single,Yes_Kink,134,26478
result_trotter_10_Heisenberg2D_cylinder_0.5_0.5_rand,inner,2,SA,0.01,Proj,Yes_Kink,99,48341
result_trotter_10_Heisenberg2D_cylinder_0.5_0.5_rand,inner,2,SA,0.1,Single,No_MSF,132,11702
result_trotter_10_Heisenberg2D_cylinder_0.5_0.5_rand,inner,2,SA,0.1,Single,No_Top,132,11702
result_trotter_10_Heisenberg2D_cylinder_0.5_0.5_rand,inner,2,SA,1,Double,No_MSF,109,9530
result_trotter_10_Heisenberg2D_cylinder_0.5_0.5_rand,inner,2,SA,1,Double,No_Top,109,9530
result_trotter_10_Heisenberg2D_cylinder_0.5_0.5_rand,inner,2,SA,0.1,Single,No_Kink,132,21160
result_trotter_10_Heisenberg2D_cylinder_0.5_0.5_rand,inner,2,SA,0.1,Single,Yes_Kink,134,26478
result_trotter_10_Heisenberg2D_cylinder_0.5_0.5_rand,inner,2,SA,1,Double,No_Kink,119,22296
result_trotter_10_Heisenberg2D_cylinder_0.5_0.5_rand,inner,2,SA,1,Proj,No_MSF,48,4440
result_trotter_10_Heisenberg2D_cylinder_0.5_0.5_rand,inner,2,SA,1,Proj,No_Top,48,4440
result_trotter_10_Heisenberg2D_cylinder_0.5_0.5_rand,inner,2,SA,0.1,Proj,No_Kink,92,46209
result_trotter_10_Heisenberg2D_cylinder_0.5_0.5_rand,inner,2,SA,1,Double,Yes_Kink,128,23647
result_trotter_10_Heisenberg2D_cylinder_0.5_0.5_rand,inner,2,SA,1,Single,No_Top,132,11702
result_trotter_10_Heisenberg2D_cylinder_0.5_0.5_rand,inner,2,SA,0.1,Proj,Yes_Kink,99,48341
result_trotter_10_Heisenberg2D_cylinder_0.5_0.5_rand,inner,2,SA,1,Single,No_MSF,132,11702
result_trotter_10_Heisenberg2D_cylinder_0.5_0.5_rand,inner,2,SA,1,Single,No_Kink,132,21160
result_trotter_10_Heisenberg2D_cylinder_0.5_0.5_rand,inner,2,random,0,Double,No_MSF,109,9530
result_trotter_10_Heisenberg2D_cylinder_0.5_0.5_rand,inner,2,random,0,Double,No_Top,109,9530
result_trotter_10_Heisenberg2D_cylinder_0.5_0.5_rand,inner,2,SA,1,Single,Yes_Kink,134,26478
result_trotter_10_Heisenberg2D_cylinder_0.5_0.5_rand,inner,2,SA,1,Proj,No_Kink,92,46209
result_trotter_10_Heisenberg2D_cylinder_0.5_0.5_rand,inner,2,random,0,Proj,No_Top,48,4440
result_trotter_10_Heisenberg2D_cylinder_0.5_0.5_rand,inner,2,random,0,Proj,No_MSF,48,4440
result_trotter_10_Heisenberg2D_cylinder_0.5_0.5_rand,inner,2,random,0,Single,No_MSF,132,11702
result_trotter_10_Heisenberg2D_cylinder_0.5_0.5_rand,inner,2,random,0,Single,No_Top,132,11702
result_trotter_10_Heisenberg2D_cylinder_0.5_0.5_rand,inner,2,random,0,Double,No_Kink,151,47160
result_trotter_10_Heisenberg2D_cylinder_0.5_0.5_rand,inner,2,SA,1,Proj,Yes_Kink,99,48341
result_trotter_10_Heisenberg2D_cylinder_0.5_0.5_rand,outer,1,SA,0.001,Double,No_MSF,109,9530
result_trotter_10_Heisenberg2D_cylinder_0.5_0.5_rand,outer,1,SA,0.001,Double,No_Top,109,9530
result_trotter_10_Heisenberg2D_cylinder_0.5_0.5_rand,inner,2,random,0,Double,Yes_Kink,162,48938
result_trotter_10_Heisenberg2D_cylinder_0.5_0.5_rand,outer,1,SA,0.001,Double,No_Kink,126,25521
result_trotter_10_Heisenberg2D_cylinder_0.5_0.5_rand,inner,2,random,0,Single,No_Kink,150,45454
result_trotter_10_Heisenberg2D_cylinder_0.5_0.5_rand,outer,1,SA,0.001,Proj,No_MSF,48,4440
result_trotter_10_Heisenberg2D_cylinder_0.5_0.5_rand,inner,2,random,0,Proj,No_Kink,122,63926
result_trotter_10_Heisenberg2D_cylinder_0.5_0.5_rand,outer,1,SA,0.001,Double,Yes_Kink,135,27451
result_trotter_10_Heisenberg2D_cylinder_0.5_0.5_rand,outer,1,SA,0.001,Proj,No_Top,48,4440
result_trotter_10_Heisenberg2D_cylinder_0.5_0.5_rand,inner,2,random,0,Proj,Yes_Kink,128,64956
result_trotter_10_Heisenberg2D_cylinder_0.5_0.5_rand,inner,2,random,0,Single,Yes_Kink,156,49248
result_trotter_10_Heisenberg2D_cylinder_0.5_0.5_rand,outer,1,SA,0.001,Single,No_MSF,132,11702
result_trotter_10_Heisenberg2D_cylinder_0.5_0.5_rand,outer,1,SA,0.001,Single,No_Top,132,11702
result_trotter_10_Heisenberg2D_cylinder_0.5_0.5_rand,outer,1,SA,0.01,Double,No_MSF,109,9530
result_trotter_10_Heisenberg2D_cylinder_0.5_0.5_rand,outer,1,SA,0.01,Double,No_Top,109,9530
result_trotter_10_Heisenberg2D_cylinder_0.5_0.5_rand,outer,1,SA,0.001,Proj,No_Kink,110,37706
result_trotter_10_Heisenberg2D_cylinder_0.5_0.5_rand,outer,1,SA,0.001,Single,No_Kink,136,23362
result_trotter_10_Heisenberg2D_cylinder_0.5_0.5_rand,outer,1,SA,0.01,Proj,No_MSF,48,4440
result_trotter_10_Heisenberg2D_cylinder_0.5_0.5_rand,outer,1,SA,0.01,Proj,No_Top,48,4440
result_trotter_10_Heisenberg2D_cylinder_0.5_0.5_rand,outer,1,SA,0.01,Double,No_Kink,126,25521
result_trotter_10_Heisenberg2D_cylinder_0.5_0.5_rand,outer,1,SA,0.01,Single,No_MSF,132,11702
result_trotter_10_Heisenberg2D_cylinder_0.5_0.5_rand,outer,1,SA,0.01,Single,No_Top,132,11702
result_trotter_10_Heisenberg2D_cylinder_0.5_0.5_rand,outer,1,SA,0.001,Proj,Yes_Kink,123,39864
result_trotter_10_Heisenberg2D_cylinder_0.5_0.5_rand,outer,1,SA,0.01,Double,Yes_Kink,135,27451
result_trotter_10_Heisenberg2D_cylinder_0.5_0.5_rand,outer,1,SA,0.01,Single,No_Kink,136,23362
result_trotter_10_Heisenberg2D_cylinder_0.5_0.5_rand,outer,1,SA,0.1,Double,No_MSF,109,9530
result_trotter_10_Heisenberg2D_cylinder_0.5_0.5_rand,outer,1,SA,0.1,Double,No_Top,109,9530
result_trotter_10_Heisenberg2D_cylinder_0.5_0.5_rand,outer,1,SA,0.01,Proj,No_Kink,110,37706
result_trotter_10_Heisenberg2D_cylinder_0.5_0.5_rand,outer,1,SA,0.1,Double,No_Kink,126,25521
result_trotter_10_Heisenberg2D_cylinder_0.5_0.5_rand,outer,1,SA,0.1,Proj,No_MSF,48,4440
result_trotter_10_Heisenberg2D_cylinder_0.5_0.5_rand,outer,1,SA,0.1,Proj,No_Top,48,4440
result_trotter_10_Heisenberg2D_cylinder_0.5_0.5_rand,outer,1,SA,0.1,Single,No_MSF,132,11702
result_trotter_10_Heisenberg2D_cylinder_0.5_0.5_rand,outer,1,SA,0.1,Single,No_Top,132,11702
result_trotter_10_Heisenberg2D_cylinder_0.5_0.5_rand,outer,1,SA,0.01,Proj,Yes_Kink,123,39864
result_trotter_10_Heisenberg2D_cylinder_0.5_0.5_rand,outer,1,SA,0.1,Double,Yes_Kink,135,27451
result_trotter_10_Heisenberg2D_cylinder_0.5_0.5_rand,outer,1,SA,0.1,Single,No_Kink,136,23362
result_trotter_10_Heisenberg2D_cylinder_0.5_0.5_rand,outer,1,SA,1,Double,No_MSF,109,9530
result_trotter_10_Heisenberg2D_cylinder_0.5_0.5_rand,outer,1,SA,1,Double,No_Top,109,9530
result_trotter_10_Heisenberg2D_cylinder_0.5_0.5_rand,outer,1,SA,0.1,Proj,No_Kink,110,37706
result_trotter_10_Heisenberg2D_cylinder_0.5_0.5_rand,outer,1,SA,1,Double,No_Kink,126,25521
result_trotter_10_Heisenberg2D_cylinder_0.5_0.5_rand,outer,1,SA,1,Proj,No_MSF,48,4440
result_trotter_10_Heisenberg2D_cylinder_0.5_0.5_rand,outer,1,SA,1,Proj,No_Top,48,4440
result_trotter_10_Heisenberg2D_cylinder_0.5_0.5_rand,outer,1,SA,0.1,Proj,Yes_Kink,123,39864
result_trotter_10_Heisenberg2D_cylinder_0.5_0.5_rand,outer,1,SA,1,Single,No_MSF,132,11702
result_trotter_10_Heisenberg2D_cylinder_0.5_0.5_rand,outer,1,SA,1,Single,No_Top,132,11702
result_trotter_10_Heisenberg2D_cylinder_0.5_0.5_rand,outer,1,SA,1,Double,Yes_Kink,135,27451
result_trotter_10_Heisenberg2D_cylinder_0.5_0.5_rand,outer,1,random,0,Double,No_MSF,109,9530
result_trotter_10_Heisenberg2D_cylinder_0.5_0.5_rand,outer,1,random,0,Double,No_Top,109,9530
result_trotter_10_Heisenberg2D_cylinder_0.5_0.5_rand,outer,1,SA,1,Single,No_Kink,136,23362
result_trotter_10_Heisenberg2D_cylinder_0.5_0.5_rand,outer,1,random,0,Proj,No_MSF,48,4440
result_trotter_10_Heisenberg2D_cylinder_0.5_0.5_rand,outer,1,SA,1,Proj,No_Kink,110,37706
result_trotter_10_Heisenberg2D_cylinder_0.5_0.5_rand,outer,1,random,0,Proj,No_Top,48,4440
result_trotter_10_Heisenberg2D_cylinder_0.5_0.5_rand,outer,1,random,0,Single,No_MSF,132,11702
result_trotter_10_Heisenberg2D_cylinder_0.5_0.5_rand,outer,1,random,0,Single,No_Top,132,11702
result_trotter_10_Heisenberg2D_cylinder_0.5_0.5_rand,outer,1,SA,1,Proj,Yes_Kink,123,39864
result_trotter_10_Heisenberg2D_cylinder_0.5_0.5_rand,outer,2,SA,0.001,Double,No_MSF,109,9530
result_trotter_10_Heisenberg2D_cylinder_0.5_0.5_rand,outer,2,SA,0.001,Double,No_Top,109,9530
result_trotter_10_Heisenberg2D_cylinder_0.5_0.5_rand,outer,2,SA,0.001,Double,No_Kink,116,22041
result_trotter_10_Heisenberg2D_cylinder_0.5_0.5_rand,outer,1,random,0,Double,Yes_Kink,223,62535
result_trotter_10_Heisenberg2D_cylinder_0.5_0.5_rand,outer,1,random,0,Double,No_Kink,225,62267
result_trotter_10_Heisenberg2D_cylinder_0.5_0.5_rand,outer,2,SA,0.001,Double,Yes_Kink,129,23149
result_trotter_10_Heisenberg2D_cylinder_0.5_0.5_rand,outer,1,random,0,Single,No_Kink,246,59594
result_trotter_10_Heisenberg2D_cylinder_0.5_0.5_rand,outer,2,SA,0.001,Proj,No_Top,48,4440
result_trotter_10_Heisenberg2D_cylinder_0.5_0.5_rand,outer,2,SA,0.001,Proj,No_MSF,48,4440
result_trotter_10_Heisenberg2D_cylinder_0.5_0.5_rand,outer,2,SA,0.001,Single,No_MSF,132,11702
result_trotter_10_Heisenberg2D_cylinder_0.5_0.5_rand,outer,1,random,0,Proj,Yes_Kink,213,74332
result_trotter_10_Heisenberg2D_cylinder_0.5_0.5_rand,outer,1,random,0,Proj,No_Kink,203,72055
result_trotter_10_Heisenberg2D_cylinder_0.5_0.5_rand,outer,2,SA,0.001,Single,No_Top,132,11702
result_trotter_10_Heisenberg2D_cylinder_0.5_0.5_rand,outer,2,SA,0.001,Single,No_Kink,132,21084
result_trotter_10_Heisenberg2D_cylinder_0.5_0.5_rand,outer,2,SA,0.001,Proj,No_Kink,89,44261
result_trotter_10_Heisenberg2D_cylinder_0.5_0.5_rand,outer,2,SA,0.01,Double,No_Top,109,9530
result_trotter_10_Heisenberg2D_cylinder_0.5_0.5_rand,outer,2,SA,0.01,Double,No_MSF,109,9530
result_trotter_10_Heisenberg2D_cylinder_0.5_0.5_rand,outer,2,SA,0.001,Single,Yes_Kink,132,25718
result_trotter_10_Heisenberg2D_cylinder_0.5_0.5_rand,outer,2,SA,0.01,Double,No_Kink,116,22041
result_trotter_10_Heisenberg2D_cylinder_0.5_0.5_rand,outer,2,SA,0.01,Proj,No_MSF,48,4440
result_trotter_10_Heisenberg2D_cylinder_0.5_0.5_rand,outer,2,SA,0.01,Proj,No_Top,48,4440
result_trotter_10_Heisenberg2D_cylinder_0.5_0.5_rand,outer,2,SA,0.01,Double,Yes_Kink,129,23149
result_trotter_10_Heisenberg2D_cylinder_0.5_0.5_rand,outer,2,SA,0.01,Single,No_MSF,132,11702
result_trotter_10_Heisenberg2D_cylinder_0.5_0.5_rand,outer,2,SA,0.001,Proj,Yes_Kink,98,46745
result_trotter_10_Heisenberg2D_cylinder_0.5_0.5_rand,outer,2,SA,0.01,Single,No_Top,132,11702
result_trotter_10_Heisenberg2D_cylinder_0.5_0.5_rand,outer,2,SA,0.01,Single,No_Kink,132,21084
result_trotter_10_Heisenberg2D_cylinder_0.5_0.5_rand,outer,2,SA,0.1,Double,No_MSF,109,9530
result_trotter_10_Heisenberg2D_cylinder_0.5_0.5_rand,outer,2,SA,0.1,Double,No_Top,109,9530
result_trotter_10_Heisenberg2D_cylinder_0.5_0.5_rand,outer,2,SA,0.1,Double,No_Kink,116,22041
result_trotter_10_Heisenberg2D_cylinder_0.5_0.5_rand,outer,2,SA,0.1,Proj,No_MSF,48,4440
result_trotter_10_Heisenberg2D_cylinder_0.5_0.5_rand,outer,2,SA,0.01,Proj,No_Kink,89,44261
result_trotter_10_Heisenberg2D_cylinder_0.5_0.5_rand,outer,2,SA,0.1,Proj,No_Top,48,4440
result_trotter_10_Heisenberg2D_cylinder_0.5_0.5_rand,outer,2,SA,0.01,Single,Yes_Kink,132,25718
result_trotter_10_Heisenberg2D_cylinder_0.5_0.5_rand,outer,2,SA,0.1,Double,Yes_Kink,129,23149
result_trotter_10_Heisenberg2D_cylinder_0.5_0.5_rand,outer,2,SA,0.1,Single,No_MSF,132,11702
result_trotter_10_Heisenberg2D_cylinder_0.5_0.5_rand,outer,2,SA,0.1,Single,No_Top,132,11702
result_trotter_10_Heisenberg2D_cylinder_0.5_0.5_rand,outer,2,SA,0.01,Proj,Yes_Kink,98,46745
result_trotter_10_Heisenberg2D_cylinder_0.5_0.5_rand,outer,2,SA,0.1,Single,No_Kink,132,21084
result_trotter_10_Heisenberg2D_cylinder_0.5_0.5_rand,outer,2,SA,1,Double,No_Top,109,9530
result_trotter_10_Heisenberg2D_cylinder_0.5_0.5_rand,outer,2,SA,1,Double,No_MSF,109,9530
result_trotter_10_Heisenberg2D_cylinder_0.5_0.5_rand,outer,2,SA,0.1,Single,Yes_Kink,132,25718
result_trotter_10_Heisenberg2D_cylinder_0.5_0.5_rand,outer,2,SA,1,Double,No_Kink,116,22041
result_trotter_10_Heisenberg2D_cylinder_0.5_0.5_rand,outer,2,SA,1,Proj,No_Top,48,4440
result_trotter_10_Heisenberg2D_cylinder_0.5_0.5_rand,outer,2,SA,1,Proj,No_MSF,48,4440
result_trotter_10_Heisenberg2D_cylinder_0.5_0.5_rand,outer,2,SA,0.1,Proj,No_Kink,89,44261
result_trotter_10_Heisenberg2D_cylinder_0.5_0.5_rand,outer,2,SA,1,Double,Yes_Kink,129,23149
result_trotter_10_Heisenberg2D_cylinder_0.5_0.5_rand,outer,2,SA,1,Single,No_MSF,132,11702
result_trotter_10_Heisenberg2D_cylinder_0.5_0.5_rand,outer,2,SA,1,Single,No_Top,132,11702
result_trotter_10_Heisenberg2D_cylinder_0.5_0.5_rand,outer,2,SA,0.1,Proj,Yes_Kink,98,46745
result_trotter_10_Heisenberg2D_cylinder_0.5_0.5_rand,outer,2,random,0,Double,No_MSF,109,9530
result_trotter_10_Heisenberg2D_cylinder_0.5_0.5_rand,outer,2,random,0,Double,No_Top,109,9530
result_trotter_10_Heisenberg2D_cylinder_0.5_0.5_rand,outer,2,SA,1,Single,No_Kink,132,21084
result_trotter_10_Heisenberg2D_cylinder_0.5_0.5_rand,outer,2,SA,1,Single,Yes_Kink,132,25718
result_trotter_10_Heisenberg2D_cylinder_0.5_0.5_rand,outer,2,random,0,Proj,No_MSF,48,4440
result_trotter_10_Heisenberg2D_cylinder_0.5_0.5_rand,outer,2,SA,1,Proj,No_Kink,89,44261
result_trotter_10_Heisenberg2D_cylinder_0.5_0.5_rand,outer,2,random,0,Proj,No_Top,48,4440
result_trotter_10_Heisenberg2D_cylinder_0.5_0.5_rand,outer,2,random,0,Single,No_MSF,132,11702
result_trotter_10_Heisenberg2D_cylinder_0.5_0.5_rand,outer,2,SA,1,Proj,Yes_Kink,98,46745
result_trotter_10_Heisenberg2D_cylinder_0.5_0.5_rand,outer,2,random,0,Double,No_Kink,144,43164
result_trotter_10_Heisenberg2D_cylinder_0.5_0.5_rand,outer,2,random,0,Single,No_Top,132,11702
result_trotter_10_Heisenberg2D_cylinder_0.5_0.5_rand,outer,2,random,0,Double,Yes_Kink,153,44787
result_trotter_10_Heisenberg2D_cylinder_0.5_0.5_rand,outer,2,random,0,Single,Yes_Kink,152,46614
result_trotter_10_Heisenberg2D_cylinder_0.5_0.5_rand,outer,2,random,0,Proj,No_Kink,122,62678
result_trotter_10_Heisenberg2D_cylinder_0.5_0.5_rand,outer,2,random,0,Single,No_Kink,138,41948
result_trotter_10_Heisenberg2D_cylinder_0.5_0.5_rand,outer,2,random,0,Proj,Yes_Kink,127,63910
