circuit,factory,layer_count,allocator,msf_coeff,msf_prep_time,routing_algo,routing_option,total_code_beat,circuit_volume
result_SELECT_10_Heisenberg2D_cylinder_0.5_0.5_1,inner,1,random,0.0,0,Single,No_MSF,4079,591856
result_SELECT_10_Heisenberg2D_cylinder_0.5_0.5_1,inner,1,random,0.0,0,Single,No_Top,4079,587376
result_SELECT_10_Heisenberg2D_cylinder_0.5_0.5_1,inner,1,random,0.0,0,Single,No_Kink,4086,721030
result_SELECT_10_Heisenberg2D_cylinder_0.5_0.5_1,inner,1,random,0.0,0,Double,No_MSF,3792,550528
result_SELECT_10_Heisenberg2D_cylinder_0.5_0.5_1,inner,1,random,0.0,0,Double,No_Top,3792,546048
result_SELECT_10_Heisenberg2D_cylinder_0.5_0.5_1,inner,1,random,0.0,0,Double,No_Kink,3795,688443
result_SELECT_10_Heisenberg2D_cylinder_0.5_0.5_1,inner,1,random,0.0,0,Double,Yes_Kink,3796,688802
result_SELECT_10_Heisenberg2D_cylinder_0.5_0.5_1,inner,1,random,0.0,0,Proj,No_MSF,3333,484432
result_SELECT_10_Heisenberg2D_cylinder_0.5_0.5_1,inner,1,random,0.0,0,Proj,No_Top,3333,479952
result_SELECT_10_Heisenberg2D_cylinder_0.5_0.5_1,inner,1,random,0.0,0,Proj,No_Kink,3341,1680639
result_SELECT_10_Heisenberg2D_cylinder_0.5_0.5_1,inner,1,random,0.0,0,Proj,Yes_Kink,3341,1648852
result_SELECT_10_Heisenberg2D_cylinder_0.5_0.5_1,inner,1,naive,0.0,0,Single,No_MSF,4079,591856
result_SELECT_10_Heisenberg2D_cylinder_0.5_0.5_1,inner,1,naive,0.0,0,Single,No_Top,4079,587376
result_SELECT_10_Heisenberg2D_cylinder_0.5_0.5_1,inner,1,naive,0.0,0,Single,No_Kink,4081,706764
result_SELECT_10_Heisenberg2D_cylinder_0.5_0.5_1,inner,1,naive,0.0,0,Double,No_MSF,3792,550528
result_SELECT_10_Heisenberg2D_cylinder_0.5_0.5_1,inner,1,naive,0.0,0,Double,No_Top,3792,546048
result_SELECT_10_Heisenberg2D_cylinder_0.5_0.5_1,inner,1,naive,0.0,0,Double,No_Kink,3795,673195
result_SELECT_10_Heisenberg2D_cylinder_0.5_0.5_1,inner,1,naive,0.0,0,Double,Yes_Kink,3801,672574
result_SELECT_10_Heisenberg2D_cylinder_0.5_0.5_1,inner,1,naive,0.0,0,Proj,No_MSF,3333,484432
result_SELECT_10_Heisenberg2D_cylinder_0.5_0.5_1,inner,1,naive,0.0,0,Proj,No_Top,3333,479952
result_SELECT_10_Heisenberg2D_cylinder_0.5_0.5_1,inner,1,naive,0.0,0,Proj,No_Kink,3355,1736874
result_SELECT_10_Heisenberg2D_cylinder_0.5_0.5_1,inner,1,naive,0.0,0,Proj,Yes_Kink,3361,1708178
result_SELECT_10_Heisenberg2D_cylinder_0.5_0.5_2,outer,1,SA,0.1,2,Single,No_MSF,2072,403168
result_SELECT_10_Heisenberg2D_cylinder_0.5_0.5_2,outer,1,SA,0.1,2,Single,No_Top,2072,398624
result_SELECT_10_Heisenberg2D_cylinder_0.5_0.5_2,outer,1,SA,0.1,2,Single,No_Kink,2081,478402
result_SELECT_10_Heisenberg2D_cylinder_0.5_0.5_2,outer,1,SA,0.1,2,Double,No_MSF,1921,374780
result_SELECT_10_Heisenberg2D_cylinder_0.5_0.5_2,outer,1,SA,0.1,2,Double,No_Top,1921,370236
result_SELECT_10_Heisenberg2D_cylinder_0.5_0.5_2,outer,1,SA,0.1,2,Double,No_Kink,1924,460382
result_SELECT_10_Heisenberg2D_cylinder_0.5_0.5_2,outer,1,SA,0.1,2,Double,Yes_Kink,1928,460693
result_SELECT_10_Heisenberg2D_cylinder_0.5_0.5_2,outer,1,SA,0.1,2,Proj,No_MSF,1668,327216
result_SELECT_10_Heisenberg2D_cylinder_0.5_0.5_2,outer,1,SA,0.1,2,Proj,No_Top,1668,322672
result_SELECT_10_Heisenberg2D_cylinder_0.5_0.5_2,outer,1,SA,0.1,2,Proj,No_Kink,1679,1181972
result_SELECT_10_Heisenberg2D_cylinder_0.5_0.5_2,outer,1,SA,0.1,2,Proj,Yes_Kink,1685,1147829
result_SELECT_10_Heisenberg2D_cylinder_0.5_0.5_0,inner,1,random,0.0,0,Single,No_MSF,8099,992534
result_SELECT_10_Heisenberg2D_cylinder_0.5_0.5_0,inner,1,random,0.0,0,Single,No_Top,8099,988078
result_SELECT_10_Heisenberg2D_cylinder_0.5_0.5_0,inner,1,random,0.0,0,Single,No_Kink,8107,1175012
result_SELECT_10_Heisenberg2D_cylinder_0.5_0.5_0,inner,1,random,0.0,0,Double,No_MSF,7536,923848
result_SELECT_10_Heisenberg2D_cylinder_0.5_0.5_0,inner,1,random,0.0,0,Double,No_Top,7536,919392
result_SELECT_10_Heisenberg2D_cylinder_0.5_0.5_0,inner,1,random,0.0,0,Double,No_Kink,7536,1111948
result_SELECT_10_Heisenberg2D_cylinder_0.5_0.5_0,inner,1,random,0.0,0,Double,Yes_Kink,7536,1115257
result_SELECT_10_Heisenberg2D_cylinder_0.5_0.5_0,inner,1,random,0.0,0,Proj,No_MSF,6660,816976
result_SELECT_10_Heisenberg2D_cylinder_0.5_0.5_0,inner,1,random,0.0,0,Proj,No_Top,6660,812520
result_SELECT_10_Heisenberg2D_cylinder_0.5_0.5_0,inner,1,random,0.0,0,Proj,No_Kink,6660,3242419
result_SELECT_10_Heisenberg2D_cylinder_0.5_0.5_0,inner,1,random,0.0,0,Proj,Yes_Kink,6661,3170146
result_SELECT_10_Heisenberg2D_cylinder_0.5_0.5_0,outer,2,SA,0.001,0,Single,No_MSF,8099,992534
result_SELECT_10_Heisenberg2D_cylinder_0.5_0.5_0,outer,2,SA,0.001,0,Single,No_Top,8099,988078
result_SELECT_10_Heisenberg2D_cylinder_0.5_0.5_0,outer,2,SA,0.001,0,Single,No_Kink,8099,1059505
result_SELECT_10_Heisenberg2D_cylinder_0.5_0.5_0,outer,2,SA,0.001,0,Single,Yes_Kink,8099,1071415
result_SELECT_10_Heisenberg2D_cylinder_0.5_0.5_0,outer,2,SA,0.001,0,Double,No_MSF,7536,923848
result_SELECT_10_Heisenberg2D_cylinder_0.5_0.5_0,outer,2,SA,0.001,0,Double,No_Top,7536,919392
result_SELECT_10_Heisenberg2D_cylinder_0.5_0.5_0,outer,2,SA,0.001,0,Double,No_Kink,7536,1003511
result_SELECT_10_Heisenberg2D_cylinder_0.5_0.5_0,outer,2,SA,0.001,0,Double,Yes_Kink,7536,999354
result_SELECT_10_Heisenberg2D_cylinder_0.5_0.5_0,outer,2,SA,0.001,0,Proj,No_MSF,6660,816976
result_SELECT_10_Heisenberg2D_cylinder_0.5_0.5_0,outer,2,SA,0.001,0,Proj,No_Top,6660,812520
result_SELECT_10_Heisenberg2D_cylinder_0.5_0.5_0,outer,2,SA,0.001,0,Proj,No_Kink,6661,2576813
result_SELECT_10_Heisenberg2D_cylinder_0.5_0.5_0,outer,2,SA,0.001,0,Proj,Yes_Kink,6660,2500372
result_SELECT_10_Heisenberg2D_cylinder_0.5_0.5_1,outer,2,SA,0.01,0,Single,No_MSF,4079,591856
result_SELECT_10_Heisenberg2D_cylinder_0.5_0.5_1,outer,2,SA,0.01,0,Single,No_Top,4079,587376
result_SELECT_10_Heisenberg2D_cylinder_0.5_0.5_1,outer,2,SA,0.01,0,Single,No_Kink,4079,662869
result_SELECT_10_Heisenberg2D_cylinder_0.5_0.5_1,outer,2,SA,0.01,0,Single,Yes_Kink,4079,673545
result_SELECT_10_Heisenberg2D_cylinder_0.5_0.5_1,outer,2,SA,0.01,0,Double,No_MSF,3792,550528
result_SELECT_10_Heisenberg2D_cylinder_0.5_0.5_1,outer,2,SA,0.01,0,Double,No_Top,3792,546048
result_SELECT_10_Heisenberg2D_cylinder_0.5_0.5_1,outer,2,SA,0.01,0,Double,No_Kink,3792,634052
result_SELECT_10_Heisenberg2D_cylinder_0.5_0.5_1,outer,2,SA,0.01,0,Double,Yes_Kink,3930,649853
result_SELECT_10_Heisenberg2D_cylinder_0.5_0.5_1,outer,2,SA,0.01,0,Proj,No_MSF,3333,484432
result_SELECT_10_Heisenberg2D_cylinder_0.5_0.5_1,outer,2,SA,0.01,0,Proj,No_Top,3333,479952
result_SELECT_10_Heisenberg2D_cylinder_0.5_0.5_1,outer,2,SA,0.01,0,Proj,No_Kink,3337,1725827
result_SELECT_10_Heisenberg2D_cylinder_0.5_0.5_1,outer,2,SA,0.01,0,Proj,Yes_Kink,3342,1671319
result_SELECT_10_Heisenberg2D_cylinder_0.5_0.5_2,outer,2,SA,0.001,0,Single,No_MSF,2072,394080
result_SELECT_10_Heisenberg2D_cylinder_0.5_0.5_2,outer,2,SA,0.001,0,Single,No_Top,2072,389536
result_SELECT_10_Heisenberg2D_cylinder_0.5_0.5_2,outer,2,SA,0.001,0,Single,No_Kink,2073,462240
result_SELECT_10_Heisenberg2D_cylinder_0.5_0.5_2,outer,2,SA,0.001,0,Single,Yes_Kink,2074,471957
result_SELECT_10_Heisenberg2D_cylinder_0.5_0.5_2,outer,2,SA,0.001,0,Double,No_MSF,1921,365692
result_SELECT_10_Heisenberg2D_cylinder_0.5_0.5_2,outer,2,SA,0.001,0,Double,No_Top,1921,361148
result_SELECT_10_Heisenberg2D_cylinder_0.5_0.5_2,outer,2,SA,0.001,0,Double,No_Kink,1921,447361
result_SELECT_10_Heisenberg2D_cylinder_0.5_0.5_2,outer,2,SA,0.001,0,Double,Yes_Kink,1992,455684
result_SELECT_10_Heisenberg2D_cylinder_0.5_0.5_2,outer,2,SA,0.001,0,Proj,No_MSF,1668,318128
result_SELECT_10_Heisenberg2D_cylinder_0.5_0.5_2,outer,2,SA,0.001,0,Proj,No_Top,1668,313584
result_SELECT_10_Heisenberg2D_cylinder_0.5_0.5_2,outer,2,SA,0.001,0,Proj,No_Kink,1677,1250804
result_SELECT_10_Heisenberg2D_cylinder_0.5_0.5_2,outer,2,SA,0.001,0,Proj,Yes_Kink,1680,1231519
result_SELECT_10_Heisenberg2D_cylinder_0.5_0.5_0,outer,1,SA,0.01,2,Single,No_MSF,8099,1001446
result_SELECT_10_Heisenberg2D_cylinder_0.5_0.5_0,outer,1,SA,0.01,2,Single,No_Top,8101,997234
result_SELECT_10_Heisenberg2D_cylinder_0.5_0.5_0,outer,1,SA,0.01,2,Single,No_Kink,8101,1089998
result_SELECT_10_Heisenberg2D_cylinder_0.5_0.5_0,outer,1,SA,0.01,2,Double,No_MSF,7536,932760
result_SELECT_10_Heisenberg2D_cylinder_0.5_0.5_0,outer,1,SA,0.01,2,Double,No_Top,7537,928426
result_SELECT_10_Heisenberg2D_cylinder_0.5_0.5_0,outer,1,SA,0.01,2,Double,No_Kink,7537,1034837
result_SELECT_10_Heisenberg2D_cylinder_0.5_0.5_0,outer,1,SA,0.01,2,Double,Yes_Kink,7537,1032646
result_SELECT_10_Heisenberg2D_cylinder_0.5_0.5_0,outer,1,SA,0.01,2,Proj,No_MSF,6660,825888
result_SELECT_10_Heisenberg2D_cylinder_0.5_0.5_0,outer,1,SA,0.01,2,Proj,No_Top,6660,821432
result_SELECT_10_Heisenberg2D_cylinder_0.5_0.5_0,outer,1,SA,0.01,2,Proj,No_Kink,6665,2785068
result_SELECT_10_Heisenberg2D_cylinder_0.5_0.5_0,outer,1,SA,0.01,2,Proj,Yes_Kink,6666,2748426
result_SELECT_10_Heisenberg2D_cylinder_0.5_0.5_5,outer,1,SA,0.001,2,Single,No_MSF,327,256704
result_SELECT_10_Heisenberg2D_cylinder_0.5_0.5_5,outer,1,SA,0.001,2,Single,No_Top,327,251360
result_SELECT_10_Heisenberg2D_cylinder_0.5_0.5_5,outer,1,SA,0.001,2,Single,No_Kink,352,442932
result_SELECT_10_Heisenberg2D_cylinder_0.5_0.5_5,outer,1,SA,0.001,2,Double,No_MSF,290,229472
result_SELECT_10_Heisenberg2D_cylinder_0.5_0.5_5,outer,1,SA,0.001,2,Double,No_Top,291,224864
result_SELECT_10_Heisenberg2D_cylinder_0.5_0.5_5,outer,1,SA,0.001,2,Double,No_Kink,297,421599
result_SELECT_10_Heisenberg2D_cylinder_0.5_0.5_5,outer,1,SA,0.001,2,Double,Yes_Kink,304,433014
result_SELECT_10_Heisenberg2D_cylinder_0.5_0.5_5,outer,1,SA,0.001,2,Proj,No_MSF,213,172800
result_SELECT_10_Heisenberg2D_cylinder_0.5_0.5_5,outer,1,SA,0.001,2,Proj,No_Top,213,167456
result_SELECT_10_Heisenberg2D_cylinder_0.5_0.5_5,outer,1,SA,0.001,2,Proj,No_Kink,268,734483
result_SELECT_10_Heisenberg2D_cylinder_0.5_0.5_5,outer,1,SA,0.001,2,Proj,Yes_Kink,273,732712
result_SELECT_10_Heisenberg2D_cylinder_0.5_0.5_6,outer,1,SA,0.001,8,Single,No_MSF,211,331840
result_SELECT_10_Heisenberg2D_cylinder_0.5_0.5_6,outer,1,SA,0.001,8,Single,No_Top,408,584192
result_SELECT_10_Heisenberg2D_cylinder_0.5_0.5_6,outer,1,SA,0.001,8,Single,No_Kink,423,996648
result_SELECT_10_Heisenberg2D_cylinder_0.5_0.5_6,outer,1,SA,0.001,8,Double,No_MSF,177,287232
result_SELECT_10_Heisenberg2D_cylinder_0.5_0.5_6,outer,1,SA,0.001,8,Double,No_Top,392,563200
result_SELECT_10_Heisenberg2D_cylinder_0.5_0.5_6,outer,1,SA,0.001,8,Double,No_Kink,391,1016867
result_SELECT_10_Heisenberg2D_cylinder_0.5_0.5_6,outer,1,SA,0.001,8,Double,Yes_Kink,392,1030565
result_SELECT_10_Heisenberg2D_cylinder_0.5_0.5_6,outer,1,SA,0.001,8,Proj,No_MSF,108,196704
result_SELECT_10_Heisenberg2D_cylinder_0.5_0.5_6,outer,1,SA,0.001,8,Proj,No_Top,369,533024
result_SELECT_10_Heisenberg2D_cylinder_0.5_0.5_6,outer,1,SA,0.001,8,Proj,No_Kink,378,1669118
result_SELECT_10_Heisenberg2D_cylinder_0.5_0.5_6,outer,1,SA,0.001,8,Proj,Yes_Kink,378,1655932
result_trotter_10_Heisenberg2D_cylinder_0.5_0.5_rand,outer,2,SA,0.001,1,Single,No_MSF,744,125400
result_trotter_10_Heisenberg2D_cylinder_0.5_0.5_rand,outer,2,SA,0.001,1,Single,No_Top,1231,148600
result_trotter_10_Heisenberg2D_cylinder_0.5_0.5_rand,outer,2,SA,0.001,1,Single,No_Kink,1313,422304
result_trotter_10_Heisenberg2D_cylinder_0.5_0.5_rand,outer,2,SA,0.001,1,Single,Yes_Kink,1333,425293
result_trotter_10_Heisenberg2D_cylinder_0.5_0.5_rand,outer,2,SA,0.001,1,Double,No_MSF,721,123100
result_trotter_10_Heisenberg2D_cylinder_0.5_0.5_rand,outer,2,SA,0.001,1,Double,No_Top,1211,146600
result_trotter_10_Heisenberg2D_cylinder_0.5_0.5_rand,outer,2,SA,0.001,1,Double,No_Kink,1226,462539
result_trotter_10_Heisenberg2D_cylinder_0.5_0.5_rand,outer,2,SA,0.001,1,Double,Yes_Kink,1267,473036
result_trotter_10_Heisenberg2D_cylinder_0.5_0.5_rand,outer,2,SA,0.001,1,Proj,No_MSF,390,90000
result_trotter_10_Heisenberg2D_cylinder_0.5_0.5_rand,outer,2,SA,0.001,1,Proj,No_Top,1160,141500
result_trotter_10_Heisenberg2D_cylinder_0.5_0.5_rand,outer,2,SA,0.001,1,Proj,No_Kink,1201,691470
result_trotter_10_Heisenberg2D_cylinder_0.5_0.5_rand,outer,2,SA,0.001,1,Proj,Yes_Kink,1224,685886
result_trotter_10_Heisenberg2D_cylinder_0.5_0.5_rand,inner,2,random,0.0,1,Single,No_MSF,744,125400
result_trotter_10_Heisenberg2D_cylinder_0.5_0.5_rand,inner,2,random,0.0,1,Single,No_Top,1231,148600
result_trotter_10_Heisenberg2D_cylinder_0.5_0.5_rand,inner,2,random,0.0,1,Single,No_Kink,1283,339746
result_trotter_10_Heisenberg2D_cylinder_0.5_0.5_rand,inner,2,random,0.0,1,Single,Yes_Kink,1288,340721
result_trotter_10_Heisenberg2D_cylinder_0.5_0.5_rand,inner,2,random,0.0,1,Double,No_MSF,721,123100
result_trotter_10_Heisenberg2D_cylinder_0.5_0.5_rand,inner,2,random,0.0,1,Double,No_Top,1211,146600
result_trotter_10_Heisenberg2D_cylinder_0.5_0.5_rand,inner,2,random,0.0,1,Double,No_Kink,1219,360265
result_trotter_10_Heisenberg2D_cylinder_0.5_0.5_rand,inner,2,random,0.0,1,Double,Yes_Kink,1238,373611
result_trotter_10_Heisenberg2D_cylinder_0.5_0.5_rand,inner,2,random,0.0,1,Proj,No_MSF,390,90000
result_trotter_10_Heisenberg2D_cylinder_0.5_0.5_rand,inner,2,random,0.0,1,Proj,No_Top,1160,141500
result_trotter_10_Heisenberg2D_cylinder_0.5_0.5_rand,inner,2,random,0.0,1,Proj,No_Kink,1226,667353
result_trotter_10_Heisenberg2D_cylinder_0.5_0.5_rand,inner,2,random,0.0,1,Proj,Yes_Kink,1234,641312
result_trotter_10_Heisenberg2D_cylinder_0.5_0.5_det,outer,2,naive,0.0,2,Single,No_MSF,756,152100
result_trotter_10_Heisenberg2D_cylinder_0.5_0.5_det,outer,2,naive,0.0,2,Single,No_Top,1864,237400
result_trotter_10_Heisenberg2D_cylinder_0.5_0.5_det,outer,2,naive,0.0,2,Single,No_Kink,1901,491329
result_trotter_10_Heisenberg2D_cylinder_0.5_0.5_det,outer,2,naive,0.0,2,Single,Yes_Kink,1909,489938
result_trotter_10_Heisenberg2D_cylinder_0.5_0.5_det,outer,2,naive,0.0,2,Double,No_MSF,749,151400
result_trotter_10_Heisenberg2D_cylinder_0.5_0.5_det,outer,2,naive,0.0,2,Double,No_Top,1861,237100
result_trotter_10_Heisenberg2D_cylinder_0.5_0.5_det,outer,2,naive,0.0,2,Double,No_Kink,1863,509221
result_trotter_10_Heisenberg2D_cylinder_0.5_0.5_det,outer,2,naive,0.0,2,Double,Yes_Kink,1875,522967
result_trotter_10_Heisenberg2D_cylinder_0.5_0.5_det,outer,2,naive,0.0,2,Proj,No_MSF,390,115500
result_trotter_10_Heisenberg2D_cylinder_0.5_0.5_det,outer,2,naive,0.0,2,Proj,No_Top,1740,225000
result_trotter_10_Heisenberg2D_cylinder_0.5_0.5_det,outer,2,naive,0.0,2,Proj,No_Kink,2020,1149467
result_trotter_10_Heisenberg2D_cylinder_0.5_0.5_det,outer,2,naive,0.0,2,Proj,Yes_Kink,2024,1127573
result_SELECT_10_Heisenberg2D_cylinder_0.5_0.5_3,inner,2,SA,0.01,2,Single,No_MSF,1069,304784
result_SELECT_10_Heisenberg2D_cylinder_0.5_0.5_3,inner,2,SA,0.01,2,Single,No_Top,1069,300112
result_SELECT_10_Heisenberg2D_cylinder_0.5_0.5_3,inner,2,SA,0.01,2,Single,No_Kink,1070,362955
result_SELECT_10_Heisenberg2D_cylinder_0.5_0.5_3,inner,2,SA,0.01,2,Single,Yes_Kink,1070,373535
result_SELECT_10_Heisenberg2D_cylinder_0.5_0.5_3,inner,2,SA,0.01,2,Double,No_MSF,987,282480
result_SELECT_10_Heisenberg2D_cylinder_0.5_0.5_3,inner,2,SA,0.01,2,Double,No_Top,987,277808
result_SELECT_10_Heisenberg2D_cylinder_0.5_0.5_3,inner,2,SA,0.01,2,Double,No_Kink,990,355595
result_SELECT_10_Heisenberg2D_cylinder_0.5_0.5_3,inner,2,SA,0.01,2,Double,Yes_Kink,1024,361371
result_SELECT_10_Heisenberg2D_cylinder_0.5_0.5_3,inner,2,SA,0.01,2,Proj,No_MSF,837,241680
result_SELECT_10_Heisenberg2D_cylinder_0.5_0.5_3,inner,2,SA,0.01,2,Proj,No_Top,837,237008
result_SELECT_10_Heisenberg2D_cylinder_0.5_0.5_3,inner,2,SA,0.01,2,Proj,No_Kink,851,901805
result_SELECT_10_Heisenberg2D_cylinder_0.5_0.5_3,inner,2,SA,0.01,2,Proj,Yes_Kink,852,903318
result_trotter_10_Heisenberg2D_cylinder_0.5_0.5_det,inner,2,SA,0.001,0,Single,No_MSF,756,101100
result_trotter_10_Heisenberg2D_cylinder_0.5_0.5_det,inner,2,SA,0.001,0,Single,No_Top,784,78400
result_trotter_10_Heisenberg2D_cylinder_0.5_0.5_det,inner,2,SA,0.001,0,Single,No_Kink,906,263987
result_trotter_10_Heisenberg2D_cylinder_0.5_0.5_det,inner,2,SA,0.001,0,Single,Yes_Kink,930,271330
result_trotter_10_Heisenberg2D_cylinder_0.5_0.5_det,inner,2,SA,0.001,0,Double,No_MSF,749,100400
result_trotter_10_Heisenberg2D_cylinder_0.5_0.5_det,inner,2,SA,0.001,0,Double,No_Top,762,76200
result_trotter_10_Heisenberg2D_cylinder_0.5_0.5_det,inner,2,SA,0.001,0,Double,No_Kink,886,323245
result_trotter_10_Heisenberg2D_cylinder_0.5_0.5_det,inner,2,SA,0.001,0,Double,Yes_Kink,925,328284
result_trotter_10_Heisenberg2D_cylinder_0.5_0.5_det,inner,2,SA,0.001,0,Proj,No_MSF,390,64500
result_trotter_10_Heisenberg2D_cylinder_0.5_0.5_det,inner,2,SA,0.001,0,Proj,No_Top,580,58000
result_trotter_10_Heisenberg2D_cylinder_0.5_0.5_det,inner,2,SA,0.001,0,Proj,No_Kink,880,452402
result_trotter_10_Heisenberg2D_cylinder_0.5_0.5_det,inner,2,SA,0.001,0,Proj,Yes_Kink,918,449865
result_trotter_10_Heisenberg2D_cylinder_0.5_0.5_det,inner,2,SA,0.1,1,Single,No_MSF,756,126600
result_trotter_10_Heisenberg2D_cylinder_0.5_0.5_det,inner,2,SA,0.1,1,Single,No_Top,1315,157000
result_trotter_10_Heisenberg2D_cylinder_0.5_0.5_det,inner,2,SA,0.1,1,Single,No_Kink,1321,327745
result_trotter_10_Heisenberg2D_cylinder_0.5_0.5_det,inner,2,SA,0.1,1,Single,Yes_Kink,1328,339301
result_trotter_10_Heisenberg2D_cylinder_0.5_0.5_det,inner,2,SA,0.1,1,Double,No_MSF,749,125900
result_trotter_10_Heisenberg2D_cylinder_0.5_0.5_det,inner,2,SA,0.1,1,Double,No_Top,1292,154700
result_trotter_10_Heisenberg2D_cylinder_0.5_0.5_det,inner,2,SA,0.1,1,Double,No_Kink,1291,322281
result_trotter_10_Heisenberg2D_cylinder_0.5_0.5_det,inner,2,SA,0.1,1,Double,Yes_Kink,1300,364614
result_trotter_10_Heisenberg2D_cylinder_0.5_0.5_det,inner,2,SA,0.1,1,Proj,No_MSF,390,90000
result_trotter_10_Heisenberg2D_cylinder_0.5_0.5_det,inner,2,SA,0.1,1,Proj,No_Top,1160,141500
result_trotter_10_Heisenberg2D_cylinder_0.5_0.5_det,inner,2,SA,0.1,1,Proj,No_Kink,1290,675409
result_trotter_10_Heisenberg2D_cylinder_0.5_0.5_det,inner,2,SA,0.1,1,Proj,Yes_Kink,1295,644909
result_SELECT_10_Heisenberg2D_cylinder_0.5_0.5_2,inner,2,SA,0.01,0,Single,No_MSF,2072,394080
result_SELECT_10_Heisenberg2D_cylinder_0.5_0.5_2,inner,2,SA,0.01,0,Single,No_Top,2072,389536
result_SELECT_10_Heisenberg2D_cylinder_0.5_0.5_2,inner,2,SA,0.01,0,Single,No_Kink,2072,447037
result_SELECT_10_Heisenberg2D_cylinder_0.5_0.5_2,inner,2,SA,0.01,0,Single,Yes_Kink,2074,462244
result_SELECT_10_Heisenberg2D_cylinder_0.5_0.5_2,inner,2,SA,0.01,0,Double,No_MSF,1921,365692
result_SELECT_10_Heisenberg2D_cylinder_0.5_0.5_2,inner,2,SA,0.01,0,Double,No_Top,1921,361148
result_SELECT_10_Heisenberg2D_cylinder_0.5_0.5_2,inner,2,SA,0.01,0,Double,No_Kink,1921,433717
result_SELECT_10_Heisenberg2D_cylinder_0.5_0.5_2,inner,2,SA,0.01,0,Double,Yes_Kink,1992,445305
result_SELECT_10_Heisenberg2D_cylinder_0.5_0.5_2,inner,2,SA,0.01,0,Proj,No_MSF,1668,318128
result_SELECT_10_Heisenberg2D_cylinder_0.5_0.5_2,inner,2,SA,0.01,0,Proj,No_Top,1668,313584
result_SELECT_10_Heisenberg2D_cylinder_0.5_0.5_2,inner,2,SA,0.01,0,Proj,No_Kink,1673,1156432
result_SELECT_10_Heisenberg2D_cylinder_0.5_0.5_2,inner,2,SA,0.01,0,Proj,Yes_Kink,1673,1144347
result_trotter_10_Heisenberg2D_cylinder_0.5_0.5_det,outer,2,SA,0.001,0,Single,No_MSF,756,101100
result_trotter_10_Heisenberg2D_cylinder_0.5_0.5_det,outer,2,SA,0.001,0,Single,No_Top,784,78400
result_trotter_10_Heisenberg2D_cylinder_0.5_0.5_det,outer,2,SA,0.001,0,Single,No_Kink,1181,348307
result_trotter_10_Heisenberg2D_cylinder_0.5_0.5_det,outer,2,SA,0.001,0,Single,Yes_Kink,1160,348054
result_trotter_10_Heisenberg2D_cylinder_0.5_0.5_det,outer,2,SA,0.001,0,Double,No_MSF,749,100400
result_trotter_10_Heisenberg2D_cylinder_0.5_0.5_det,outer,2,SA,0.001,0,Double,No_Top,762,76200
result_trotter_10_Heisenberg2D_cylinder_0.5_0.5_det,outer,2,SA,0.001,0,Double,No_Kink,1119,395367
result_trotter_10_Heisenberg2D_cylinder_0.5_0.5_det,outer,2,SA,0.001,0,Double,Yes_Kink,1183,419026
result_trotter_10_Heisenberg2D_cylinder_0.5_0.5_det,outer,2,SA,0.001,0,Proj,No_MSF,390,64500
result_trotter_10_Heisenberg2D_cylinder_0.5_0.5_det,outer,2,SA,0.001,0,Proj,No_Top,580,58000
result_trotter_10_Heisenberg2D_cylinder_0.5_0.5_det,outer,2,SA,0.001,0,Proj,No_Kink,968,519411
result_trotter_10_Heisenberg2D_cylinder_0.5_0.5_det,outer,2,SA,0.001,0,Proj,Yes_Kink,1012,523531
result_SELECT_100_random_local_OBC_0_0_6,outer,1,naive,0.0,2,Single,No_MSF,247,306944
result_SELECT_100_random_local_OBC_0_0_6,outer,1,naive,0.0,2,Single,No_Top,247,302112
result_SELECT_100_random_local_OBC_0_0_6,outer,1,naive,0.0,2,Single,No_Kink,887,1644502
result_SELECT_100_random_local_OBC_0_0_6,outer,1,naive,0.0,2,Double,No_MSF,192,241824
result_SELECT_100_random_local_OBC_0_0_6,outer,1,naive,0.0,2,Double,No_Top,193,238176
result_SELECT_100_random_local_OBC_0_0_6,outer,1,naive,0.0,2,Double,No_Kink,696,1447032
result_SELECT_100_random_local_OBC_0_0_6,outer,1,naive,0.0,2,Double,Yes_Kink,701,1459143
result_SELECT_100_random_local_OBC_0_0_6,outer,1,naive,0.0,2,Proj,No_MSF,128,166048
result_SELECT_100_random_local_OBC_0_0_6,outer,1,naive,0.0,2,Proj,No_Top,128,161216
result_SELECT_100_random_local_OBC_0_0_6,outer,1,naive,0.0,2,Proj,No_Kink,652,2702446
result_SELECT_100_random_local_OBC_0_0_6,outer,1,naive,0.0,2,Proj,Yes_Kink,659,2695459
result_SELECT_10_Heisenberg2D_cylinder_0.5_0.5_5,inner,1,SA,1.0,0,Single,No_MSF,327,246016
result_SELECT_10_Heisenberg2D_cylinder_0.5_0.5_5,inner,1,SA,1.0,0,Single,No_Top,327,240672
result_SELECT_10_Heisenberg2D_cylinder_0.5_0.5_5,inner,1,SA,1.0,0,Single,No_Kink,337,345908
result_SELECT_10_Heisenberg2D_cylinder_0.5_0.5_5,inner,1,SA,1.0,0,Double,No_MSF,290,218784
result_SELECT_10_Heisenberg2D_cylinder_0.5_0.5_5,inner,1,SA,1.0,0,Double,No_Top,290,213440
result_SELECT_10_Heisenberg2D_cylinder_0.5_0.5_5,inner,1,SA,1.0,0,Double,No_Kink,295,327644
result_SELECT_10_Heisenberg2D_cylinder_0.5_0.5_5,inner,1,SA,1.0,0,Double,Yes_Kink,305,338096
result_SELECT_10_Heisenberg2D_cylinder_0.5_0.5_5,inner,1,SA,1.0,0,Proj,No_MSF,213,162112
result_SELECT_10_Heisenberg2D_cylinder_0.5_0.5_5,inner,1,SA,1.0,0,Proj,No_Top,213,156768
result_SELECT_10_Heisenberg2D_cylinder_0.5_0.5_5,inner,1,SA,1.0,0,Proj,No_Kink,241,652635
result_SELECT_10_Heisenberg2D_cylinder_0.5_0.5_5,inner,1,SA,1.0,0,Proj,Yes_Kink,244,648449
result_SELECT_10_Heisenberg2D_cylinder_0.5_0.5_6,inner,1,SA,0.001,0,Single,No_MSF,211,282944
result_SELECT_10_Heisenberg2D_cylinder_0.5_0.5_6,inner,1,SA,0.001,0,Single,No_Top,211,276832
result_SELECT_10_Heisenberg2D_cylinder_0.5_0.5_6,inner,1,SA,0.001,0,Single,No_Kink,243,546968
result_SELECT_10_Heisenberg2D_cylinder_0.5_0.5_6,inner,1,SA,0.001,0,Double,No_MSF,177,238336
result_SELECT_10_Heisenberg2D_cylinder_0.5_0.5_6,inner,1,SA,0.001,0,Double,No_Top,177,232224
result_SELECT_10_Heisenberg2D_cylinder_0.5_0.5_6,inner,1,SA,0.001,0,Double,No_Kink,200,520545
result_SELECT_10_Heisenberg2D_cylinder_0.5_0.5_6,inner,1,SA,0.001,0,Double,Yes_Kink,205,545448
result_SELECT_10_Heisenberg2D_cylinder_0.5_0.5_6,inner,1,SA,0.001,0,Proj,No_MSF,108,147808
result_SELECT_10_Heisenberg2D_cylinder_0.5_0.5_6,inner,1,SA,0.001,0,Proj,No_Top,108,141696
result_SELECT_10_Heisenberg2D_cylinder_0.5_0.5_6,inner,1,SA,0.001,0,Proj,No_Kink,179,819573
result_SELECT_10_Heisenberg2D_cylinder_0.5_0.5_6,inner,1,SA,0.001,0,Proj,Yes_Kink,186,839163
result_SELECT_10_Heisenberg2D_cylinder_0.5_0.5_4,inner,1,random,0.0,0,Single,No_MSF,571,251568
result_SELECT_10_Heisenberg2D_cylinder_0.5_0.5_4,inner,1,random,0.0,0,Single,No_Top,571,246672
result_SELECT_10_Heisenberg2D_cylinder_0.5_0.5_4,inner,1,random,0.0,0,Single,No_Kink,947,742766
result_SELECT_10_Heisenberg2D_cylinder_0.5_0.5_4,inner,1,random,0.0,0,Double,No_MSF,522,230400
result_SELECT_10_Heisenberg2D_cylinder_0.5_0.5_4,inner,1,random,0.0,0,Double,No_Top,522,225504
result_SELECT_10_Heisenberg2D_cylinder_0.5_0.5_4,inner,1,random,0.0,0,Double,No_Kink,601,607491
result_SELECT_10_Heisenberg2D_cylinder_0.5_0.5_4,inner,1,random,0.0,0,Double,Yes_Kink,601,610831
result_SELECT_10_Heisenberg2D_cylinder_0.5_0.5_4,inner,1,random,0.0,0,Proj,No_MSF,420,186336
result_SELECT_10_Heisenberg2D_cylinder_0.5_0.5_4,inner,1,random,0.0,0,Proj,No_Top,420,181440
result_SELECT_10_Heisenberg2D_cylinder_0.5_0.5_4,inner,1,random,0.0,0,Proj,No_Kink,495,778566
result_SELECT_10_Heisenberg2D_cylinder_0.5_0.5_4,inner,1,random,0.0,0,Proj,Yes_Kink,504,775943
result_SELECT_10_Heisenberg2D_cylinder_0.5_0.5_6,outer,2,random,0.0,6,Single,No_MSF,211,319616
result_SELECT_10_Heisenberg2D_cylinder_0.5_0.5_6,outer,2,random,0.0,6,Single,No_Top,331,470944
result_SELECT_10_Heisenberg2D_cylinder_0.5_0.5_6,outer,2,random,0.0,6,Single,No_Kink,364,1121976
result_SELECT_10_Heisenberg2D_cylinder_0.5_0.5_6,outer,2,random,0.0,6,Single,Yes_Kink,370,1132069
result_SELECT_10_Heisenberg2D_cylinder_0.5_0.5_6,outer,2,random,0.0,6,Double,No_MSF,177,275008
result_SELECT_10_Heisenberg2D_cylinder_0.5_0.5_6,outer,2,random,0.0,6,Double,No_Top,314,448640
result_SELECT_10_Heisenberg2D_cylinder_0.5_0.5_6,outer,2,random,0.0,6,Double,No_Kink,323,1092588
result_SELECT_10_Heisenberg2D_cylinder_0.5_0.5_6,outer,2,random,0.0,6,Double,Yes_Kink,327,1094344
result_SELECT_10_Heisenberg2D_cylinder_0.5_0.5_6,outer,2,random,0.0,6,Proj,No_MSF,108,184480
result_SELECT_10_Heisenberg2D_cylinder_0.5_0.5_6,outer,2,random,0.0,6,Proj,No_Top,287,413216
result_SELECT_10_Heisenberg2D_cylinder_0.5_0.5_6,outer,2,random,0.0,6,Proj,No_Kink,303,1422827
result_SELECT_10_Heisenberg2D_cylinder_0.5_0.5_6,outer,2,random,0.0,6,Proj,Yes_Kink,308,1420730
result_trotter_10_Heisenberg2D_cylinder_0.5_0.5_rand,outer,1,naive,0.0,1,Single,No_MSF,744,125400
result_trotter_10_Heisenberg2D_cylinder_0.5_0.5_rand,outer,1,naive,0.0,1,Single,No_Top,1231,148600
result_trotter_10_Heisenberg2D_cylinder_0.5_0.5_rand,outer,1,naive,0.0,1,Single,No_Kink,1432,402618
result_trotter_10_Heisenberg2D_cylinder_0.5_0.5_rand,outer,1,naive,0.0,1,Double,No_MSF,721,123100
result_trotter_10_Heisenberg2D_cylinder_0.5_0.5_rand,outer,1,naive,0.0,1,Double,No_Top,1211,146600
result_trotter_10_Heisenberg2D_cylinder_0.5_0.5_rand,outer,1,naive,0.0,1,Double,No_Kink,1350,459975
result_trotter_10_Heisenberg2D_cylinder_0.5_0.5_rand,outer,1,naive,0.0,1,Double,Yes_Kink,1437,474960
result_trotter_10_Heisenberg2D_cylinder_0.5_0.5_rand,outer,1,naive,0.0,1,Proj,No_MSF,390,90000
result_trotter_10_Heisenberg2D_cylinder_0.5_0.5_rand,outer,1,naive,0.0,1,Proj,No_Top,1160,141500
result_trotter_10_Heisenberg2D_cylinder_0.5_0.5_rand,outer,1,naive,0.0,1,Proj,No_Kink,1321,528178
result_trotter_10_Heisenberg2D_cylinder_0.5_0.5_rand,outer,1,naive,0.0,1,Proj,Yes_Kink,1357,520319
result_trotter_10_Heisenberg2D_cylinder_0.5_0.5_rand,inner,2,SA,1.0,2,Single,No_MSF,744,150900
result_trotter_10_Heisenberg2D_cylinder_0.5_0.5_rand,inner,2,SA,1.0,2,Single,No_Top,1782,229200
result_trotter_10_Heisenberg2D_cylinder_0.5_0.5_rand,inner,2,SA,1.0,2,Single,No_Kink,1784,386430
result_trotter_10_Heisenberg2D_cylinder_0.5_0.5_rand,inner,2,SA,1.0,2,Single,Yes_Kink,1787,391609
result_trotter_10_Heisenberg2D_cylinder_0.5_0.5_rand,inner,2,SA,1.0,2,Double,No_MSF,721,148600
result_trotter_10_Heisenberg2D_cylinder_0.5_0.5_rand,inner,2,SA,1.0,2,Double,No_Top,1777,228700
result_trotter_10_Heisenberg2D_cylinder_0.5_0.5_rand,inner,2,SA,1.0,2,Double,No_Kink,1779,365522
result_trotter_10_Heisenberg2D_cylinder_0.5_0.5_rand,inner,2,SA,1.0,2,Double,Yes_Kink,1779,364304
result_trotter_10_Heisenberg2D_cylinder_0.5_0.5_rand,inner,2,SA,1.0,2,Proj,No_MSF,390,115500
result_trotter_10_Heisenberg2D_cylinder_0.5_0.5_rand,inner,2,SA,1.0,2,Proj,No_Top,1740,225000
result_trotter_10_Heisenberg2D_cylinder_0.5_0.5_rand,inner,2,SA,1.0,2,Proj,No_Kink,1863,984129
result_trotter_10_Heisenberg2D_cylinder_0.5_0.5_rand,inner,2,SA,1.0,2,Proj,Yes_Kink,1866,937320
result_SELECT_100_random_local_OBC_0_0_6,outer,2,SA,0.1,2,Single,No_MSF,247,306944
result_SELECT_100_random_local_OBC_0_0_6,outer,2,SA,0.1,2,Single,No_Top,247,302112
result_SELECT_100_random_local_OBC_0_0_6,outer,2,SA,0.1,2,Single,No_Kink,331,627483
result_SELECT_100_random_local_OBC_0_0_6,outer,2,SA,0.1,2,Single,Yes_Kink,344,655619
result_SELECT_100_random_local_OBC_0_0_6,outer,2,SA,0.1,2,Double,No_MSF,192,241824
result_SELECT_100_random_local_OBC_0_0_6,outer,2,SA,0.1,2,Double,No_Top,193,238176
result_SELECT_100_random_local_OBC_0_0_6,outer,2,SA,0.1,2,Double,No_Kink,291,606227
result_SELECT_100_random_local_OBC_0_0_6,outer,2,SA,0.1,2,Double,Yes_Kink,297,616058
result_SELECT_100_random_local_OBC_0_0_6,outer,2,SA,0.1,2,Proj,No_MSF,128,166048
result_SELECT_100_random_local_OBC_0_0_6,outer,2,SA,0.1,2,Proj,No_Top,128,161216
result_SELECT_100_random_local_OBC_0_0_6,outer,2,SA,0.1,2,Proj,No_Kink,268,1196793
result_SELECT_100_random_local_OBC_0_0_6,outer,2,SA,0.1,2,Proj,Yes_Kink,277,1213234
result_SELECT_10_Heisenberg2D_cylinder_0.5_0.5_2,outer,1,random,0.0,0,Single,No_MSF,2072,394080
result_SELECT_10_Heisenberg2D_cylinder_0.5_0.5_2,outer,1,random,0.0,0,Single,No_Top,2072,389536
result_SELECT_10_Heisenberg2D_cylinder_0.5_0.5_2,outer,1,random,0.0,0,Single,No_Kink,2088,601556
result_SELECT_10_Heisenberg2D_cylinder_0.5_0.5_2,outer,1,random,0.0,0,Double,No_MSF,1921,365692
result_SELECT_10_Heisenberg2D_cylinder_0.5_0.5_2,outer,1,random,0.0,0,Double,No_Top,1921,361148
result_SELECT_10_Heisenberg2D_cylinder_0.5_0.5_2,outer,1,random,0.0,0,Double,No_Kink,1922,565005
result_SELECT_10_Heisenberg2D_cylinder_0.5_0.5_2,outer,1,random,0.0,0,Double,Yes_Kink,1925,565361
result_SELECT_10_Heisenberg2D_cylinder_0.5_0.5_2,outer,1,random,0.0,0,Proj,No_MSF,1668,318128
result_SELECT_10_Heisenberg2D_cylinder_0.5_0.5_2,outer,1,random,0.0,0,Proj,No_Top,1668,313584
result_SELECT_10_Heisenberg2D_cylinder_0.5_0.5_2,outer,1,random,0.0,0,Proj,No_Kink,1679,1191776
result_SELECT_10_Heisenberg2D_cylinder_0.5_0.5_2,outer,1,random,0.0,0,Proj,Yes_Kink,1680,1172470
result_SELECT_10_Heisenberg2D_cylinder_0.5_0.5_6,inner,1,SA,0.01,8,Single,No_MSF,211,331840
result_SELECT_10_Heisenberg2D_cylinder_0.5_0.5_6,inner,1,SA,0.01,8,Single,No_Top,408,584192
result_SELECT_10_Heisenberg2D_cylinder_0.5_0.5_6,inner,1,SA,0.01,8,Single,No_Kink,407,934386
result_SELECT_10_Heisenberg2D_cylinder_0.5_0.5_6,inner,1,SA,0.01,8,Double,No_MSF,177,287232
result_SELECT_10_Heisenberg2D_cylinder_0.5_0.5_6,inner,1,SA,0.01,8,Double,No_Top,392,563200
result_SELECT_10_Heisenberg2D_cylinder_0.5_0.5_6,inner,1,SA,0.01,8,Double,No_Kink,390,961313
result_SELECT_10_Heisenberg2D_cylinder_0.5_0.5_6,inner,1,SA,0.01,8,Double,Yes_Kink,394,955844
result_SELECT_10_Heisenberg2D_cylinder_0.5_0.5_6,inner,1,SA,0.01,8,Proj,No_MSF,108,196704
result_SELECT_10_Heisenberg2D_cylinder_0.5_0.5_6,inner,1,SA,0.01,8,Proj,No_Top,369,533024
result_SELECT_10_Heisenberg2D_cylinder_0.5_0.5_6,inner,1,SA,0.01,8,Proj,No_Kink,1593,5507202
result_SELECT_10_Heisenberg2D_cylinder_0.5_0.5_6,inner,1,SA,0.01,8,Proj,Yes_Kink,1512,5114349
result_SELECT_10_Heisenberg2D_cylinder_0.5_0.5_1,inner,2,SA,1.0,2,Single,No_MSF,4079,600816
result_SELECT_10_Heisenberg2D_cylinder_0.5_0.5_1,inner,2,SA,1.0,2,Single,No_Top,4080,596480
result_SELECT_10_Heisenberg2D_cylinder_0.5_0.5_1,inner,2,SA,1.0,2,Single,No_Kink,4080,651712
result_SELECT_10_Heisenberg2D_cylinder_0.5_0.5_1,inner,2,SA,1.0,2,Single,Yes_Kink,4080,660017
result_SELECT_10_Heisenberg2D_cylinder_0.5_0.5_1,inner,2,SA,1.0,2,Double,No_MSF,3792,559488
result_SELECT_10_Heisenberg2D_cylinder_0.5_0.5_1,inner,2,SA,1.0,2,Double,No_Top,3793,555152
result_SELECT_10_Heisenberg2D_cylinder_0.5_0.5_1,inner,2,SA,1.0,2,Double,No_Kink,3793,627511
result_SELECT_10_Heisenberg2D_cylinder_0.5_0.5_1,inner,2,SA,1.0,2,Double,Yes_Kink,3934,645078
result_SELECT_10_Heisenberg2D_cylinder_0.5_0.5_1,inner,2,SA,1.0,2,Proj,No_MSF,3333,493392
result_SELECT_10_Heisenberg2D_cylinder_0.5_0.5_1,inner,2,SA,1.0,2,Proj,No_Top,3333,488912
result_SELECT_10_Heisenberg2D_cylinder_0.5_0.5_1,inner,2,SA,1.0,2,Proj,No_Kink,3340,1525520
result_SELECT_10_Heisenberg2D_cylinder_0.5_0.5_1,inner,2,SA,1.0,2,Proj,Yes_Kink,3341,1505724
result_SELECT_10_Z2LatticeGauge2D_PBC_0_0_6,outer,1,random,0.0,2,Single,No_MSF,113,138212
result_SELECT_10_Z2LatticeGauge2D_PBC_0_0_6,outer,1,random,0.0,2,Single,No_Top,119,142620
result_SELECT_10_Z2LatticeGauge2D_PBC_0_0_6,outer,1,random,0.0,2,Single,No_Kink,325,682892
result_SELECT_10_Z2LatticeGauge2D_PBC_0_0_6,outer,1,random,0.0,2,Double,No_MSF,91,112780
result_SELECT_10_Z2LatticeGauge2D_PBC_0_0_6,outer,1,random,0.0,2,Double,No_Top,98,118344
result_SELECT_10_Z2LatticeGauge2D_PBC_0_0_6,outer,1,random,0.0,2,Double,No_Kink,196,538815
result_SELECT_10_Z2LatticeGauge2D_PBC_0_0_6,outer,1,random,0.0,2,Double,Yes_Kink,197,543977
result_SELECT_10_Z2LatticeGauge2D_PBC_0_0_6,outer,1,random,0.0,2,Proj,No_MSF,43,57292
result_SELECT_10_Z2LatticeGauge2D_PBC_0_0_6,outer,1,random,0.0,2,Proj,No_Top,57,70948
result_SELECT_10_Z2LatticeGauge2D_PBC_0_0_6,outer,1,random,0.0,2,Proj,No_Kink,137,541530
result_SELECT_10_Z2LatticeGauge2D_PBC_0_0_6,outer,1,random,0.0,2,Proj,Yes_Kink,139,545849
result_SELECT_10_Heisenberg2D_cylinder_0.5_0.5_1,outer,2,random,0.0,0,Single,No_MSF,4079,591856
result_SELECT_10_Heisenberg2D_cylinder_0.5_0.5_1,outer,2,random,0.0,0,Single,No_Top,4079,587376
result_SELECT_10_Heisenberg2D_cylinder_0.5_0.5_1,outer,2,random,0.0,0,Single,No_Kink,4080,700432
result_SELECT_10_Heisenberg2D_cylinder_0.5_0.5_1,outer,2,random,0.0,0,Single,Yes_Kink,4080,711181
result_SELECT_10_Heisenberg2D_cylinder_0.5_0.5_1,outer,2,random,0.0,0,Double,No_MSF,3792,550528
result_SELECT_10_Heisenberg2D_cylinder_0.5_0.5_1,outer,2,random,0.0,0,Double,No_Top,3792,546048
result_SELECT_10_Heisenberg2D_cylinder_0.5_0.5_1,outer,2,random,0.0,0,Double,No_Kink,3792,670948
result_SELECT_10_Heisenberg2D_cylinder_0.5_0.5_1,outer,2,random,0.0,0,Double,Yes_Kink,3795,668512
result_SELECT_10_Heisenberg2D_cylinder_0.5_0.5_1,outer,2,random,0.0,0,Proj,No_MSF,3333,484432
result_SELECT_10_Heisenberg2D_cylinder_0.5_0.5_1,outer,2,random,0.0,0,Proj,No_Top,3333,479952
result_SELECT_10_Heisenberg2D_cylinder_0.5_0.5_1,outer,2,random,0.0,0,Proj,No_Kink,3337,1666792
result_SELECT_10_Heisenberg2D_cylinder_0.5_0.5_1,outer,2,random,0.0,0,Proj,Yes_Kink,3338,1629790
result_SELECT_100_Heisenberg1D_OBC_1_0_6,outer,2,random,0.0,2,Single,No_MSF,206,309976
result_SELECT_100_Heisenberg1D_OBC_1_0_6,outer,2,random,0.0,2,Single,No_Top,211,310668
result_SELECT_100_Heisenberg1D_OBC_1_0_6,outer,2,random,0.0,2,Single,No_Kink,333,1091712
result_SELECT_100_Heisenberg1D_OBC_1_0_6,outer,2,random,0.0,2,Single,Yes_Kink,339,1105074
result_SELECT_100_Heisenberg1D_OBC_1_0_6,outer,2,random,0.0,2,Double,No_MSF,185,280324
result_SELECT_100_Heisenberg1D_OBC_1_0_6,outer,2,random,0.0,2,Double,No_Top,185,273956
result_SELECT_100_Heisenberg1D_OBC_1_0_6,outer,2,random,0.0,2,Double,No_Kink,280,1048576
result_SELECT_100_Heisenberg1D_OBC_1_0_6,outer,2,random,0.0,2,Double,Yes_Kink,288,1066400
result_SELECT_100_Heisenberg1D_OBC_1_0_6,outer,2,random,0.0,2,Proj,No_MSF,117,184308
result_SELECT_100_Heisenberg1D_OBC_1_0_6,outer,2,random,0.0,2,Proj,No_Top,123,186412
result_SELECT_100_Heisenberg1D_OBC_1_0_6,outer,2,random,0.0,2,Proj,No_Kink,227,1196943
result_SELECT_100_Heisenberg1D_OBC_1_0_6,outer,2,random,0.0,2,Proj,Yes_Kink,232,1207260
result_SELECT_10_Heisenberg2D_cylinder_0.5_0.5_6,inner,2,random,0.0,0,Single,No_MSF,211,282944
result_SELECT_10_Heisenberg2D_cylinder_0.5_0.5_6,inner,2,random,0.0,0,Single,No_Top,211,276832
result_SELECT_10_Heisenberg2D_cylinder_0.5_0.5_6,inner,2,random,0.0,0,Single,No_Kink,309,895944
result_SELECT_10_Heisenberg2D_cylinder_0.5_0.5_6,inner,2,random,0.0,0,Single,Yes_Kink,313,906799
result_SELECT_10_Heisenberg2D_cylinder_0.5_0.5_6,inner,2,random,0.0,0,Double,No_MSF,177,238336
result_SELECT_10_Heisenberg2D_cylinder_0.5_0.5_6,inner,2,random,0.0,0,Double,No_Top,177,232224
result_SELECT_10_Heisenberg2D_cylinder_0.5_0.5_6,inner,2,random,0.0,0,Double,No_Kink,253,850391
result_SELECT_10_Heisenberg2D_cylinder_0.5_0.5_6,inner,2,random,0.0,0,Double,Yes_Kink,258,858332
result_SELECT_10_Heisenberg2D_cylinder_0.5_0.5_6,inner,2,random,0.0,0,Proj,No_MSF,108,147808
result_SELECT_10_Heisenberg2D_cylinder_0.5_0.5_6,inner,2,random,0.0,0,Proj,No_Top,108,141696
result_SELECT_10_Heisenberg2D_cylinder_0.5_0.5_6,inner,2,random,0.0,0,Proj,No_Kink,199,955124
result_SELECT_10_Heisenberg2D_cylinder_0.5_0.5_6,inner,2,random,0.0,0,Proj,Yes_Kink,204,964938
result_SELECT_10_Heisenberg2D_cylinder_0.5_0.5_0,outer,2,SA,0.01,0,Single,No_MSF,8099,992534
result_SELECT_10_Heisenberg2D_cylinder_0.5_0.5_0,outer,2,SA,0.01,0,Single,No_Top,8099,988078
result_SELECT_10_Heisenberg2D_cylinder_0.5_0.5_0,outer,2,SA,0.01,0,Single,No_Kink,8099,1063303
result_SELECT_10_Heisenberg2D_cylinder_0.5_0.5_0,outer,2,SA,0.01,0,Single,Yes_Kink,8099,1073192
result_SELECT_10_Heisenberg2D_cylinder_0.5_0.5_0,outer,2,SA,0.01,0,Double,No_MSF,7536,923848
result_SELECT_10_Heisenberg2D_cylinder_0.5_0.5_0,outer,2,SA,0.01,0,Double,No_Top,7536,919392
result_SELECT_10_Heisenberg2D_cylinder_0.5_0.5_0,outer,2,SA,0.01,0,Double,No_Kink,7536,1009579
result_SELECT_10_Heisenberg2D_cylinder_0.5_0.5_0,outer,2,SA,0.01,0,Double,Yes_Kink,7536,1004930
result_SELECT_10_Heisenberg2D_cylinder_0.5_0.5_0,outer,2,SA,0.01,0,Proj,No_MSF,6660,816976
result_SELECT_10_Heisenberg2D_cylinder_0.5_0.5_0,outer,2,SA,0.01,0,Proj,No_Top,6660,812520
result_SELECT_10_Heisenberg2D_cylinder_0.5_0.5_0,outer,2,SA,0.01,0,Proj,No_Kink,6663,2593517
result_SELECT_10_Heisenberg2D_cylinder_0.5_0.5_0,outer,2,SA,0.01,0,Proj,Yes_Kink,6664,2640290
result_SELECT_10_Heisenberg2D_cylinder_0.5_0.5_5,inner,1,SA,0.01,2,Single,No_MSF,327,256704
result_SELECT_10_Heisenberg2D_cylinder_0.5_0.5_5,inner,1,SA,0.01,2,Single,No_Top,327,251360
result_SELECT_10_Heisenberg2D_cylinder_0.5_0.5_5,inner,1,SA,0.01,2,Single,No_Kink,342,398018
result_SELECT_10_Heisenberg2D_cylinder_0.5_0.5_5,inner,1,SA,0.01,2,Double,No_MSF,290,229472
result_SELECT_10_Heisenberg2D_cylinder_0.5_0.5_5,inner,1,SA,0.01,2,Double,No_Top,291,224864
result_SELECT_10_Heisenberg2D_cylinder_0.5_0.5_5,inner,1,SA,0.01,2,Double,No_Kink,298,382150
result_SELECT_10_Heisenberg2D_cylinder_0.5_0.5_5,inner,1,SA,0.01,2,Double,Yes_Kink,308,395303
result_SELECT_10_Heisenberg2D_cylinder_0.5_0.5_5,inner,1,SA,0.01,2,Proj,No_MSF,213,172800
result_SELECT_10_Heisenberg2D_cylinder_0.5_0.5_5,inner,1,SA,0.01,2,Proj,No_Top,213,167456
result_SELECT_10_Heisenberg2D_cylinder_0.5_0.5_5,inner,1,SA,0.01,2,Proj,No_Kink,267,726983
result_SELECT_10_Heisenberg2D_cylinder_0.5_0.5_5,inner,1,SA,0.01,2,Proj,Yes_Kink,276,732458
result_trotter_10_Heisenberg2D_cylinder_0.5_0.5_det,outer,2,SA,0.1,1,Single,No_MSF,756,126600
result_trotter_10_Heisenberg2D_cylinder_0.5_0.5_det,outer,2,SA,0.1,1,Single,No_Top,1315,157000
result_trotter_10_Heisenberg2D_cylinder_0.5_0.5_det,outer,2,SA,0.1,1,Single,No_Kink,1353,372263
result_trotter_10_Heisenberg2D_cylinder_0.5_0.5_det,outer,2,SA,0.1,1,Single,Yes_Kink,1372,369771
result_trotter_10_Heisenberg2D_cylinder_0.5_0.5_det,outer,2,SA,0.1,1,Double,No_MSF,749,125900
result_trotter_10_Heisenberg2D_cylinder_0.5_0.5_det,outer,2,SA,0.1,1,Double,No_Top,1292,154700
result_trotter_10_Heisenberg2D_cylinder_0.5_0.5_det,outer,2,SA,0.1,1,Double,No_Kink,1306,414817
result_trotter_10_Heisenberg2D_cylinder_0.5_0.5_det,outer,2,SA,0.1,1,Double,Yes_Kink,1340,414332
result_trotter_10_Heisenberg2D_cylinder_0.5_0.5_det,outer,2,SA,0.1,1,Proj,No_MSF,390,90000
result_trotter_10_Heisenberg2D_cylinder_0.5_0.5_det,outer,2,SA,0.1,1,Proj,No_Top,1160,141500
result_trotter_10_Heisenberg2D_cylinder_0.5_0.5_det,outer,2,SA,0.1,1,Proj,No_Kink,1291,729104
result_trotter_10_Heisenberg2D_cylinder_0.5_0.5_det,outer,2,SA,0.1,1,Proj,Yes_Kink,1316,723767
result_SELECT_100_Heisenberg1D_OBC_1_0_6,outer,1,naive,0.0,2,Single,No_MSF,206,309976
result_SELECT_100_Heisenberg1D_OBC_1_0_6,outer,1,naive,0.0,2,Single,No_Top,211,310668
result_SELECT_100_Heisenberg1D_OBC_1_0_6,outer,1,naive,0.0,2,Single,No_Kink,1039,2288402
result_SELECT_100_Heisenberg1D_OBC_1_0_6,outer,1,naive,0.0,2,Double,No_MSF,185,280324
result_SELECT_100_Heisenberg1D_OBC_1_0_6,outer,1,naive,0.0,2,Double,No_Top,185,273956
result_SELECT_100_Heisenberg1D_OBC_1_0_6,outer,1,naive,0.0,2,Double,No_Kink,738,1887449
result_SELECT_100_Heisenberg1D_OBC_1_0_6,outer,1,naive,0.0,2,Double,Yes_Kink,740,1891742
result_SELECT_100_Heisenberg1D_OBC_1_0_6,outer,1,naive,0.0,2,Proj,No_MSF,117,184308
result_SELECT_100_Heisenberg1D_OBC_1_0_6,outer,1,naive,0.0,2,Proj,No_Top,123,186412
result_SELECT_100_Heisenberg1D_OBC_1_0_6,outer,1,naive,0.0,2,Proj,No_Kink,692,3372358
result_SELECT_100_Heisenberg1D_OBC_1_0_6,outer,1,naive,0.0,2,Proj,Yes_Kink,705,3393044
result_SELECT_10_Heisenberg2D_cylinder_0.5_0.5_5,outer,2,SA,1.0,2,Single,No_MSF,327,256704
result_SELECT_10_Heisenberg2D_cylinder_0.5_0.5_5,outer,2,SA,1.0,2,Single,No_Top,327,251360
result_SELECT_10_Heisenberg2D_cylinder_0.5_0.5_5,outer,2,SA,1.0,2,Single,No_Kink,330,356524
result_SELECT_10_Heisenberg2D_cylinder_0.5_0.5_5,outer,2,SA,1.0,2,Single,Yes_Kink,332,371933
result_SELECT_10_Heisenberg2D_cylinder_0.5_0.5_5,outer,2,SA,1.0,2,Double,No_MSF,290,229472
result_SELECT_10_Heisenberg2D_cylinder_0.5_0.5_5,outer,2,SA,1.0,2,Double,No_Top,291,224864
result_SELECT_10_Heisenberg2D_cylinder_0.5_0.5_5,outer,2,SA,1.0,2,Double,No_Kink,292,344045
result_SELECT_10_Heisenberg2D_cylinder_0.5_0.5_5,outer,2,SA,1.0,2,Double,Yes_Kink,304,351985
result_SELECT_10_Heisenberg2D_cylinder_0.5_0.5_5,outer,2,SA,1.0,2,Proj,No_MSF,213,172800
result_SELECT_10_Heisenberg2D_cylinder_0.5_0.5_5,outer,2,SA,1.0,2,Proj,No_Top,213,167456
result_SELECT_10_Heisenberg2D_cylinder_0.5_0.5_5,outer,2,SA,1.0,2,Proj,No_Kink,254,754881
result_SELECT_10_Heisenberg2D_cylinder_0.5_0.5_5,outer,2,SA,1.0,2,Proj,Yes_Kink,257,750832
result_SELECT_10_FermiHubbard2D_cylinder_0_0_6,inner,2,SA,1.0,2,Single,No_MSF,489,708804
result_SELECT_10_FermiHubbard2D_cylinder_0_0_6,inner,2,SA,1.0,2,Single,No_Top,489,702692
result_SELECT_10_FermiHubbard2D_cylinder_0_0_6,inner,2,SA,1.0,2,Single,No_Kink,496,923046
result_SELECT_10_FermiHubbard2D_cylinder_0_0_6,inner,2,SA,1.0,2,Single,Yes_Kink,496,945822
result_SELECT_10_FermiHubbard2D_cylinder_0_0_6,inner,2,SA,1.0,2,Double,No_MSF,473,686212
result_SELECT_10_FermiHubbard2D_cylinder_0_0_6,inner,2,SA,1.0,2,Double,No_Top,473,680100
result_SELECT_10_FermiHubbard2D_cylinder_0_0_6,inner,2,SA,1.0,2,Double,No_Kink,478,919896
result_SELECT_10_FermiHubbard2D_cylinder_0_0_6,inner,2,SA,1.0,2,Double,Yes_Kink,483,933246
result_SELECT_10_FermiHubbard2D_cylinder_0_0_6,inner,2,SA,1.0,2,Proj,No_MSF,407,593020
result_SELECT_10_FermiHubbard2D_cylinder_0_0_6,inner,2,SA,1.0,2,Proj,No_Top,407,586908
result_SELECT_10_FermiHubbard2D_cylinder_0_0_6,inner,2,SA,1.0,2,Proj,No_Kink,446,2172460
result_SELECT_10_FermiHubbard2D_cylinder_0_0_6,inner,2,SA,1.0,2,Proj,Yes_Kink,449,2154064
result_SELECT_10_Heisenberg2D_cylinder_0.5_0.5_5,outer,2,random,0.0,0,Single,No_MSF,327,246016
result_SELECT_10_Heisenberg2D_cylinder_0.5_0.5_5,outer,2,random,0.0,0,Single,No_Top,327,240672
result_SELECT_10_Heisenberg2D_cylinder_0.5_0.5_5,outer,2,random,0.0,0,Single,No_Kink,365,626076
result_SELECT_10_Heisenberg2D_cylinder_0.5_0.5_5,outer,2,random,0.0,0,Single,Yes_Kink,367,633277
result_SELECT_10_Heisenberg2D_cylinder_0.5_0.5_5,outer,2,random,0.0,0,Double,No_MSF,290,218784
result_SELECT_10_Heisenberg2D_cylinder_0.5_0.5_5,outer,2,random,0.0,0,Double,No_Top,290,213440
result_SELECT_10_Heisenberg2D_cylinder_0.5_0.5_5,outer,2,random,0.0,0,Double,No_Kink,307,597826
result_SELECT_10_Heisenberg2D_cylinder_0.5_0.5_5,outer,2,random,0.0,0,Double,Yes_Kink,318,601393
result_SELECT_10_Heisenberg2D_cylinder_0.5_0.5_5,outer,2,random,0.0,0,Proj,No_MSF,213,162112
result_SELECT_10_Heisenberg2D_cylinder_0.5_0.5_5,outer,2,random,0.0,0,Proj,No_Top,213,156768
result_SELECT_10_Heisenberg2D_cylinder_0.5_0.5_5,outer,2,random,0.0,0,Proj,No_Kink,272,812514
result_SELECT_10_Heisenberg2D_cylinder_0.5_0.5_5,outer,2,random,0.0,0,Proj,Yes_Kink,278,815195
result_SELECT_10_Heisenberg2D_cylinder_0.5_0.5_0,outer,2,naive,0.0,0,Single,No_MSF,8099,992534
result_SELECT_10_Heisenberg2D_cylinder_0.5_0.5_0,outer,2,naive,0.0,0,Single,No_Top,8099,988078
result_SELECT_10_Heisenberg2D_cylinder_0.5_0.5_0,outer,2,naive,0.0,0,Single,No_Kink,8099,1056173
result_SELECT_10_Heisenberg2D_cylinder_0.5_0.5_0,outer,2,naive,0.0,0,Single,Yes_Kink,8099,1066059
result_SELECT_10_Heisenberg2D_cylinder_0.5_0.5_0,outer,2,naive,0.0,0,Double,No_MSF,7536,923848
result_SELECT_10_Heisenberg2D_cylinder_0.5_0.5_0,outer,2,naive,0.0,0,Double,No_Top,7536,919392
result_SELECT_10_Heisenberg2D_cylinder_0.5_0.5_0,outer,2,naive,0.0,0,Double,No_Kink,7536,1001239
result_SELECT_10_Heisenberg2D_cylinder_0.5_0.5_0,outer,2,naive,0.0,0,Double,Yes_Kink,7536,997824
result_SELECT_10_Heisenberg2D_cylinder_0.5_0.5_0,outer,2,naive,0.0,0,Proj,No_MSF,6660,816976
result_SELECT_10_Heisenberg2D_cylinder_0.5_0.5_0,outer,2,naive,0.0,0,Proj,No_Top,6660,812520
result_SELECT_10_Heisenberg2D_cylinder_0.5_0.5_0,outer,2,naive,0.0,0,Proj,No_Kink,6660,2446005
result_SELECT_10_Heisenberg2D_cylinder_0.5_0.5_0,outer,2,naive,0.0,0,Proj,Yes_Kink,6664,2422567
result_SELECT_100_Heisenberg1D_OBC_1_0_6,inner,1,random,0.0,2,Single,No_MSF,206,309976
result_SELECT_100_Heisenberg1D_OBC_1_0_6,inner,1,random,0.0,2,Single,No_Top,211,310668
result_SELECT_100_Heisenberg1D_OBC_1_0_6,inner,1,random,0.0,2,Single,No_Kink,665,1749750
result_SELECT_100_Heisenberg1D_OBC_1_0_6,inner,1,random,0.0,2,Double,No_MSF,185,280324
result_SELECT_100_Heisenberg1D_OBC_1_0_6,inner,1,random,0.0,2,Double,No_Top,185,273956
result_SELECT_100_Heisenberg1D_OBC_1_0_6,inner,1,random,0.0,2,Double,No_Kink,386,1362861
result_SELECT_100_Heisenberg1D_OBC_1_0_6,inner,1,random,0.0,2,Double,Yes_Kink,393,1384894
result_SELECT_100_Heisenberg1D_OBC_1_0_6,inner,1,random,0.0,2,Proj,No_MSF,117,184308
result_SELECT_100_Heisenberg1D_OBC_1_0_6,inner,1,random,0.0,2,Proj,No_Top,123,186412
result_SELECT_100_Heisenberg1D_OBC_1_0_6,inner,1,random,0.0,2,Proj,No_Kink,286,1422798
result_SELECT_100_Heisenberg1D_OBC_1_0_6,inner,1,random,0.0,2,Proj,Yes_Kink,292,1432274
result_SELECT_10_Heisenberg2D_cylinder_0.5_0.5_1,outer,2,naive,0.0,0,Single,No_MSF,4079,591856
result_SELECT_10_Heisenberg2D_cylinder_0.5_0.5_1,outer,2,naive,0.0,0,Single,No_Top,4079,587376
result_SELECT_10_Heisenberg2D_cylinder_0.5_0.5_1,outer,2,naive,0.0,0,Single,No_Kink,4079,665530
result_SELECT_10_Heisenberg2D_cylinder_0.5_0.5_1,outer,2,naive,0.0,0,Single,Yes_Kink,4079,688173
result_SELECT_10_Heisenberg2D_cylinder_0.5_0.5_1,outer,2,naive,0.0,0,Double,No_MSF,3792,550528
result_SELECT_10_Heisenberg2D_cylinder_0.5_0.5_1,outer,2,naive,0.0,0,Double,No_Top,3792,546048
result_SELECT_10_Heisenberg2D_cylinder_0.5_0.5_1,outer,2,naive,0.0,0,Double,No_Kink,3792,636334
result_SELECT_10_Heisenberg2D_cylinder_0.5_0.5_1,outer,2,naive,0.0,0,Double,Yes_Kink,3793,634538
result_SELECT_10_Heisenberg2D_cylinder_0.5_0.5_1,outer,2,naive,0.0,0,Proj,No_MSF,3333,484432
result_SELECT_10_Heisenberg2D_cylinder_0.5_0.5_1,outer,2,naive,0.0,0,Proj,No_Top,3333,479952
result_SELECT_10_Heisenberg2D_cylinder_0.5_0.5_1,outer,2,naive,0.0,0,Proj,No_Kink,3342,1649020
result_SELECT_10_Heisenberg2D_cylinder_0.5_0.5_1,outer,2,naive,0.0,0,Proj,Yes_Kink,3342,1624652
result_trotter_10_Heisenberg2D_cylinder_0.5_0.5_rand,outer,2,SA,0.1,1,Single,No_MSF,744,125400
result_trotter_10_Heisenberg2D_cylinder_0.5_0.5_rand,outer,2,SA,0.1,1,Single,No_Top,1231,148600
result_trotter_10_Heisenberg2D_cylinder_0.5_0.5_rand,outer,2,SA,0.1,1,Single,No_Kink,1283,361919
result_trotter_10_Heisenberg2D_cylinder_0.5_0.5_rand,outer,2,SA,0.1,1,Single,Yes_Kink,1299,361944
result_trotter_10_Heisenberg2D_cylinder_0.5_0.5_rand,outer,2,SA,0.1,1,Double,No_MSF,721,123100
result_trotter_10_Heisenberg2D_cylinder_0.5_0.5_rand,outer,2,SA,0.1,1,Double,No_Top,1211,146600
result_trotter_10_Heisenberg2D_cylinder_0.5_0.5_rand,outer,2,SA,0.1,1,Double,No_Kink,1224,400066
result_trotter_10_Heisenberg2D_cylinder_0.5_0.5_rand,outer,2,SA,0.1,1,Double,Yes_Kink,1267,402857
result_trotter_10_Heisenberg2D_cylinder_0.5_0.5_rand,outer,2,SA,0.1,1,Proj,No_MSF,390,90000
result_trotter_10_Heisenberg2D_cylinder_0.5_0.5_rand,outer,2,SA,0.1,1,Proj,No_Top,1160,141500
result_trotter_10_Heisenberg2D_cylinder_0.5_0.5_rand,outer,2,SA,0.1,1,Proj,No_Kink,1223,707041
result_trotter_10_Heisenberg2D_cylinder_0.5_0.5_rand,outer,2,SA,0.1,1,Proj,Yes_Kink,1254,702238
result_SELECT_10_Heisenberg2D_cylinder_0.5_0.5_6,inner,2,naive,0.0,8,Single,No_MSF,211,331840
result_SELECT_10_Heisenberg2D_cylinder_0.5_0.5_6,inner,2,naive,0.0,8,Single,No_Top,408,584192
result_SELECT_10_Heisenberg2D_cylinder_0.5_0.5_6,inner,2,naive,0.0,8,Single,No_Kink,681,1548299
result_SELECT_10_Heisenberg2D_cylinder_0.5_0.5_6,inner,2,naive,0.0,8,Single,Yes_Kink,610,1485873
result_SELECT_10_Heisenberg2D_cylinder_0.5_0.5_6,inner,2,naive,0.0,8,Double,No_MSF,177,287232
result_SELECT_10_Heisenberg2D_cylinder_0.5_0.5_6,inner,2,naive,0.0,8,Double,No_Top,392,563200
result_SELECT_10_Heisenberg2D_cylinder_0.5_0.5_6,inner,2,naive,0.0,8,Double,No_Kink,582,1466961
result_SELECT_10_Heisenberg2D_cylinder_0.5_0.5_6,inner,2,naive,0.0,8,Double,Yes_Kink,577,1460795
result_SELECT_10_Heisenberg2D_cylinder_0.5_0.5_6,inner,2,naive,0.0,8,Proj,No_MSF,108,196704
result_SELECT_10_Heisenberg2D_cylinder_0.5_0.5_6,inner,2,naive,0.0,8,Proj,No_Top,369,533024
result_SELECT_10_Heisenberg2D_cylinder_0.5_0.5_6,inner,2,naive,0.0,8,Proj,No_Kink,1923,8206205
result_SELECT_10_Heisenberg2D_cylinder_0.5_0.5_6,inner,2,naive,0.0,8,Proj,Yes_Kink,1773,7520008
result_SELECT_10_Heisenberg2D_cylinder_0.5_0.5_3,outer,2,SA,1.0,0,Single,No_MSF,1069,295440
result_SELECT_10_Heisenberg2D_cylinder_0.5_0.5_3,outer,2,SA,1.0,0,Single,No_Top,1069,290768
result_SELECT_10_Heisenberg2D_cylinder_0.5_0.5_3,outer,2,SA,1.0,0,Single,No_Kink,1069,349487
result_SELECT_10_Heisenberg2D_cylinder_0.5_0.5_3,outer,2,SA,1.0,0,Single,Yes_Kink,1069,361892
result_SELECT_10_Heisenberg2D_cylinder_0.5_0.5_3,outer,2,SA,1.0,0,Double,No_MSF,987,273136
result_SELECT_10_Heisenberg2D_cylinder_0.5_0.5_3,outer,2,SA,1.0,0,Double,No_Top,987,268464
result_SELECT_10_Heisenberg2D_cylinder_0.5_0.5_3,outer,2,SA,1.0,0,Double,No_Kink,987,341923
result_SELECT_10_Heisenberg2D_cylinder_0.5_0.5_3,outer,2,SA,1.0,0,Double,Yes_Kink,1021,347014
result_SELECT_10_Heisenberg2D_cylinder_0.5_0.5_3,outer,2,SA,1.0,0,Proj,No_MSF,837,232336
result_SELECT_10_Heisenberg2D_cylinder_0.5_0.5_3,outer,2,SA,1.0,0,Proj,No_Top,837,227664
result_SELECT_10_Heisenberg2D_cylinder_0.5_0.5_3,outer,2,SA,1.0,0,Proj,No_Kink,853,876023
result_SELECT_10_Heisenberg2D_cylinder_0.5_0.5_3,outer,2,SA,1.0,0,Proj,Yes_Kink,853,871058
result_SELECT_10_Heisenberg2D_cylinder_0.5_0.5_6,inner,1,random,0.0,4,Single,No_MSF,211,307392
result_SELECT_10_Heisenberg2D_cylinder_0.5_0.5_6,inner,1,random,0.0,4,Single,No_Top,254,357696
result_SELECT_10_Heisenberg2D_cylinder_0.5_0.5_6,inner,1,random,0.0,4,Single,No_Kink,666,1637286
result_SELECT_10_Heisenberg2D_cylinder_0.5_0.5_6,inner,1,random,0.0,4,Double,No_MSF,177,262784
result_SELECT_10_Heisenberg2D_cylinder_0.5_0.5_6,inner,1,random,0.0,4,Double,No_Top,239,338016
result_SELECT_10_Heisenberg2D_cylinder_0.5_0.5_6,inner,1,random,0.0,4,Double,No_Kink,388,1298956
result_SELECT_10_Heisenberg2D_cylinder_0.5_0.5_6,inner,1,random,0.0,4,Double,Yes_Kink,400,1334825
result_SELECT_10_Heisenberg2D_cylinder_0.5_0.5_6,inner,1,random,0.0,4,Proj,No_MSF,108,172256
result_SELECT_10_Heisenberg2D_cylinder_0.5_0.5_6,inner,1,random,0.0,4,Proj,No_Top,205,293408
result_SELECT_10_Heisenberg2D_cylinder_0.5_0.5_6,inner,1,random,0.0,4,Proj,No_Kink,314,1481701
result_SELECT_10_Heisenberg2D_cylinder_0.5_0.5_6,inner,1,random,0.0,4,Proj,Yes_Kink,326,1503563
result_SELECT_10_Heisenberg2D_cylinder_0.5_0.5_3,outer,2,SA,0.01,2,Single,No_MSF,1069,304784
result_SELECT_10_Heisenberg2D_cylinder_0.5_0.5_3,outer,2,SA,0.01,2,Single,No_Top,1069,300112
result_SELECT_10_Heisenberg2D_cylinder_0.5_0.5_3,outer,2,SA,0.01,2,Single,No_Kink,1069,376510
result_SELECT_10_Heisenberg2D_cylinder_0.5_0.5_3,outer,2,SA,0.01,2,Single,Yes_Kink,1069,387804
result_SELECT_10_Heisenberg2D_cylinder_0.5_0.5_3,outer,2,SA,0.01,2,Double,No_MSF,987,282480
result_SELECT_10_Heisenberg2D_cylinder_0.5_0.5_3,outer,2,SA,0.01,2,Double,No_Top,987,277808
result_SELECT_10_Heisenberg2D_cylinder_0.5_0.5_3,outer,2,SA,0.01,2,Double,No_Kink,988,369061
result_SELECT_10_Heisenberg2D_cylinder_0.5_0.5_3,outer,2,SA,0.01,2,Double,Yes_Kink,1021,373551
result_SELECT_10_Heisenberg2D_cylinder_0.5_0.5_3,outer,2,SA,0.01,2,Proj,No_MSF,837,241680
result_SELECT_10_Heisenberg2D_cylinder_0.5_0.5_3,outer,2,SA,0.01,2,Proj,No_Top,837,237008
result_SELECT_10_Heisenberg2D_cylinder_0.5_0.5_3,outer,2,SA,0.01,2,Proj,No_Kink,850,939976
result_SELECT_10_Heisenberg2D_cylinder_0.5_0.5_3,outer,2,SA,0.01,2,Proj,Yes_Kink,852,919040
result_SELECT_10_Heisenberg2D_cylinder_0.5_0.5_5,outer,1,SA,1.0,0,Single,No_MSF,327,246016
result_SELECT_10_Heisenberg2D_cylinder_0.5_0.5_5,outer,1,SA,1.0,0,Single,No_Top,327,240672
result_SELECT_10_Heisenberg2D_cylinder_0.5_0.5_5,outer,1,SA,1.0,0,Single,No_Kink,350,389554
result_SELECT_10_Heisenberg2D_cylinder_0.5_0.5_5,outer,1,SA,1.0,0,Double,No_MSF,290,218784
result_SELECT_10_Heisenberg2D_cylinder_0.5_0.5_5,outer,1,SA,1.0,0,Double,No_Top,290,213440
result_SELECT_10_Heisenberg2D_cylinder_0.5_0.5_5,outer,1,SA,1.0,0,Double,No_Kink,306,365118
result_SELECT_10_Heisenberg2D_cylinder_0.5_0.5_5,outer,1,SA,1.0,0,Double,Yes_Kink,314,371698
result_SELECT_10_Heisenberg2D_cylinder_0.5_0.5_5,outer,1,SA,1.0,0,Proj,No_MSF,213,162112
result_SELECT_10_Heisenberg2D_cylinder_0.5_0.5_5,outer,1,SA,1.0,0,Proj,No_Top,213,156768
result_SELECT_10_Heisenberg2D_cylinder_0.5_0.5_5,outer,1,SA,1.0,0,Proj,No_Kink,260,716682
result_SELECT_10_Heisenberg2D_cylinder_0.5_0.5_5,outer,1,SA,1.0,0,Proj,Yes_Kink,268,721908
result_SELECT_10_Heisenberg2D_cylinder_0.5_0.5_1,inner,2,SA,0.1,2,Single,No_MSF,4079,600816
result_SELECT_10_Heisenberg2D_cylinder_0.5_0.5_1,inner,2,SA,0.1,2,Single,No_Top,4080,596480
result_SELECT_10_Heisenberg2D_cylinder_0.5_0.5_1,inner,2,SA,0.1,2,Single,No_Kink,4080,663046
result_SELECT_10_Heisenberg2D_cylinder_0.5_0.5_1,inner,2,SA,0.1,2,Single,Yes_Kink,4081,675133
result_SELECT_10_Heisenberg2D_cylinder_0.5_0.5_1,inner,2,SA,0.1,2,Double,No_MSF,3792,559488
result_SELECT_10_Heisenberg2D_cylinder_0.5_0.5_1,inner,2,SA,0.1,2,Double,No_Top,3793,555152
result_SELECT_10_Heisenberg2D_cylinder_0.5_0.5_1,inner,2,SA,0.1,2,Double,No_Kink,3794,635575
result_SELECT_10_Heisenberg2D_cylinder_0.5_0.5_1,inner,2,SA,0.1,2,Double,Yes_Kink,3799,636004
result_SELECT_10_Heisenberg2D_cylinder_0.5_0.5_1,inner,2,SA,0.1,2,Proj,No_MSF,3333,493392
result_SELECT_10_Heisenberg2D_cylinder_0.5_0.5_1,inner,2,SA,0.1,2,Proj,No_Top,3333,488912
result_SELECT_10_Heisenberg2D_cylinder_0.5_0.5_1,inner,2,SA,0.1,2,Proj,No_Kink,3339,1594591
result_SELECT_10_Heisenberg2D_cylinder_0.5_0.5_1,inner,2,SA,0.1,2,Proj,Yes_Kink,3342,1553269
result_trotter_10_Heisenberg2D_cylinder_0.5_0.5_rand,inner,2,SA,0.1,2,Single,No_MSF,744,150900
result_trotter_10_Heisenberg2D_cylinder_0.5_0.5_rand,inner,2,SA,0.1,2,Single,No_Top,1782,229200
result_trotter_10_Heisenberg2D_cylinder_0.5_0.5_rand,inner,2,SA,0.1,2,Single,No_Kink,1783,403962
result_trotter_10_Heisenberg2D_cylinder_0.5_0.5_rand,inner,2,SA,0.1,2,Single,Yes_Kink,1790,411929
result_trotter_10_Heisenberg2D_cylinder_0.5_0.5_rand,inner,2,SA,0.1,2,Double,No_MSF,721,148600
result_trotter_10_Heisenberg2D_cylinder_0.5_0.5_rand,inner,2,SA,0.1,2,Double,No_Top,1777,228700
result_trotter_10_Heisenberg2D_cylinder_0.5_0.5_rand,inner,2,SA,0.1,2,Double,No_Kink,1779,376384
result_trotter_10_Heisenberg2D_cylinder_0.5_0.5_rand,inner,2,SA,0.1,2,Double,Yes_Kink,1780,389073
result_trotter_10_Heisenberg2D_cylinder_0.5_0.5_rand,inner,2,SA,0.1,2,Proj,No_MSF,390,115500
result_trotter_10_Heisenberg2D_cylinder_0.5_0.5_rand,inner,2,SA,0.1,2,Proj,No_Top,1740,225000
result_trotter_10_Heisenberg2D_cylinder_0.5_0.5_rand,inner,2,SA,0.1,2,Proj,No_Kink,1821,1025291
result_trotter_10_Heisenberg2D_cylinder_0.5_0.5_rand,inner,2,SA,0.1,2,Proj,Yes_Kink,1818,972817
result_trotter_10_Heisenberg2D_cylinder_0.5_0.5_rand,outer,2,random,0.0,0,Single,No_MSF,744,99900
result_trotter_10_Heisenberg2D_cylinder_0.5_0.5_rand,outer,2,random,0.0,0,Single,No_Top,749,74900
result_trotter_10_Heisenberg2D_cylinder_0.5_0.5_rand,outer,2,random,0.0,0,Single,No_Kink,921,312925
result_trotter_10_Heisenberg2D_cylinder_0.5_0.5_rand,outer,2,random,0.0,0,Single,Yes_Kink,944,318581
result_trotter_10_Heisenberg2D_cylinder_0.5_0.5_rand,outer,2,random,0.0,0,Double,No_MSF,721,97600
result_trotter_10_Heisenberg2D_cylinder_0.5_0.5_rand,outer,2,random,0.0,0,Double,No_Top,721,72100
result_trotter_10_Heisenberg2D_cylinder_0.5_0.5_rand,outer,2,random,0.0,0,Double,No_Kink,912,364098
result_trotter_10_Heisenberg2D_cylinder_0.5_0.5_rand,outer,2,random,0.0,0,Double,Yes_Kink,1026,397872
result_trotter_10_Heisenberg2D_cylinder_0.5_0.5_rand,outer,2,random,0.0,0,Proj,No_MSF,390,64500
result_trotter_10_Heisenberg2D_cylinder_0.5_0.5_rand,outer,2,random,0.0,0,Proj,No_Top,580,58000
result_trotter_10_Heisenberg2D_cylinder_0.5_0.5_rand,outer,2,random,0.0,0,Proj,No_Kink,911,515184
result_trotter_10_Heisenberg2D_cylinder_0.5_0.5_rand,outer,2,random,0.0,0,Proj,Yes_Kink,952,520873
result_SELECT_10_Heisenberg2D_cylinder_0.5_0.5_6,inner,2,SA,0.001,4,Single,No_MSF,211,307392
result_SELECT_10_Heisenberg2D_cylinder_0.5_0.5_6,inner,2,SA,0.001,4,Single,No_Top,254,357696
result_SELECT_10_Heisenberg2D_cylinder_0.5_0.5_6,inner,2,SA,0.001,4,Single,No_Kink,249,579721
result_SELECT_10_Heisenberg2D_cylinder_0.5_0.5_6,inner,2,SA,0.001,4,Single,Yes_Kink,252,597717
result_SELECT_10_Heisenberg2D_cylinder_0.5_0.5_6,inner,2,SA,0.001,4,Double,No_MSF,177,262784
result_SELECT_10_Heisenberg2D_cylinder_0.5_0.5_6,inner,2,SA,0.001,4,Double,No_Top,239,338016
result_SELECT_10_Heisenberg2D_cylinder_0.5_0.5_6,inner,2,SA,0.001,4,Double,No_Kink,241,582853
result_SELECT_10_Heisenberg2D_cylinder_0.5_0.5_6,inner,2,SA,0.001,4,Double,Yes_Kink,240,583226
result_SELECT_10_Heisenberg2D_cylinder_0.5_0.5_6,inner,2,SA,0.001,4,Proj,No_MSF,108,172256
result_SELECT_10_Heisenberg2D_cylinder_0.5_0.5_6,inner,2,SA,0.001,4,Proj,No_Top,205,293408
result_SELECT_10_Heisenberg2D_cylinder_0.5_0.5_6,inner,2,SA,0.001,4,Proj,No_Kink,246,1012075
result_SELECT_10_Heisenberg2D_cylinder_0.5_0.5_6,inner,2,SA,0.001,4,Proj,Yes_Kink,241,970090
result_SELECT_10_FermiHubbard2D_cylinder_0_0_6,outer,2,random,0.0,2,Single,No_MSF,489,708804
result_SELECT_10_FermiHubbard2D_cylinder_0_0_6,outer,2,random,0.0,2,Single,No_Top,489,702692
result_SELECT_10_FermiHubbard2D_cylinder_0_0_6,outer,2,random,0.0,2,Single,No_Kink,506,1612434
result_SELECT_10_FermiHubbard2D_cylinder_0_0_6,outer,2,random,0.0,2,Single,Yes_Kink,507,1627776
result_SELECT_10_FermiHubbard2D_cylinder_0_0_6,outer,2,random,0.0,2,Double,No_MSF,473,686212
result_SELECT_10_FermiHubbard2D_cylinder_0_0_6,outer,2,random,0.0,2,Double,No_Top,473,680100
result_SELECT_10_FermiHubbard2D_cylinder_0_0_6,outer,2,random,0.0,2,Double,No_Kink,486,1555298
result_SELECT_10_FermiHubbard2D_cylinder_0_0_6,outer,2,random,0.0,2,Double,Yes_Kink,503,1583635
result_SELECT_10_FermiHubbard2D_cylinder_0_0_6,outer,2,random,0.0,2,Proj,No_MSF,407,593020
result_SELECT_10_FermiHubbard2D_cylinder_0_0_6,outer,2,random,0.0,2,Proj,No_Top,407,586908
result_SELECT_10_FermiHubbard2D_cylinder_0_0_6,outer,2,random,0.0,2,Proj,No_Kink,476,2428905
result_SELECT_10_FermiHubbard2D_cylinder_0_0_6,outer,2,random,0.0,2,Proj,Yes_Kink,478,2406338
result_SELECT_10_Heisenberg2D_cylinder_0.5_0.5_0,inner,2,naive,0.0,0,Single,No_MSF,8099,992534
result_SELECT_10_Heisenberg2D_cylinder_0.5_0.5_0,inner,2,naive,0.0,0,Single,No_Top,8099,988078
result_SELECT_10_Heisenberg2D_cylinder_0.5_0.5_0,inner,2,naive,0.0,0,Single,No_Kink,8099,1056173
result_SELECT_10_Heisenberg2D_cylinder_0.5_0.5_0,inner,2,naive,0.0,0,Single,Yes_Kink,8099,1066059
result_SELECT_10_Heisenberg2D_cylinder_0.5_0.5_0,inner,2,naive,0.0,0,Double,No_MSF,7536,923848
result_SELECT_10_Heisenberg2D_cylinder_0.5_0.5_0,inner,2,naive,0.0,0,Double,No_Top,7536,919392
result_SELECT_10_Heisenberg2D_cylinder_0.5_0.5_0,inner,2,naive,0.0,0,Double,No_Kink,7536,1001239
result_SELECT_10_Heisenberg2D_cylinder_0.5_0.5_0,inner,2,naive,0.0,0,Double,Yes_Kink,7536,997824
result_SELECT_10_Heisenberg2D_cylinder_0.5_0.5_0,inner,2,naive,0.0,0,Proj,No_MSF,6660,816976
result_SELECT_10_Heisenberg2D_cylinder_0.5_0.5_0,inner,2,naive,0.0,0,Proj,No_Top,6660,812520
result_SELECT_10_Heisenberg2D_cylinder_0.5_0.5_0,inner,2,naive,0.0,0,Proj,No_Kink,6660,2446005
result_SELECT_10_Heisenberg2D_cylinder_0.5_0.5_0,inner,2,naive,0.0,0,Proj,Yes_Kink,6664,2422567
result_trotter_10_Heisenberg2D_cylinder_0.5_0.5_det,inner,1,SA,1.0,0,Single,No_MSF,756,101100
result_trotter_10_Heisenberg2D_cylinder_0.5_0.5_det,inner,1,SA,1.0,0,Single,No_Top,784,78400
result_trotter_10_Heisenberg2D_cylinder_0.5_0.5_det,inner,1,SA,1.0,0,Single,No_Kink,818,196728
result_trotter_10_Heisenberg2D_cylinder_0.5_0.5_det,inner,1,SA,1.0,0,Double,No_MSF,749,100400
result_trotter_10_Heisenberg2D_cylinder_0.5_0.5_det,inner,1,SA,1.0,0,Double,No_Top,762,76200
result_trotter_10_Heisenberg2D_cylinder_0.5_0.5_det,inner,1,SA,1.0,0,Double,No_Kink,823,244307
result_trotter_10_Heisenberg2D_cylinder_0.5_0.5_det,inner,1,SA,1.0,0,Double,Yes_Kink,897,245859
result_trotter_10_Heisenberg2D_cylinder_0.5_0.5_det,inner,1,SA,1.0,0,Proj,No_MSF,390,64500
result_trotter_10_Heisenberg2D_cylinder_0.5_0.5_det,inner,1,SA,1.0,0,Proj,No_Top,580,58000
result_trotter_10_Heisenberg2D_cylinder_0.5_0.5_det,inner,1,SA,1.0,0,Proj,No_Kink,851,285409
result_trotter_10_Heisenberg2D_cylinder_0.5_0.5_det,inner,1,SA,1.0,0,Proj,Yes_Kink,874,279714
result_SELECT_10_FermiHubbard2D_cylinder_0_0_6,inner,1,SA,0.001,2,Single,No_MSF,489,708804
result_SELECT_10_FermiHubbard2D_cylinder_0_0_6,inner,1,SA,0.001,2,Single,No_Top,489,702692
result_SELECT_10_FermiHubbard2D_cylinder_0_0_6,inner,1,SA,0.001,2,Single,No_Kink,549,1154136
result_SELECT_10_FermiHubbard2D_cylinder_0_0_6,inner,1,SA,0.001,2,Double,No_MSF,473,686212
result_SELECT_10_FermiHubbard2D_cylinder_0_0_6,inner,1,SA,0.001,2,Double,No_Top,473,680100
result_SELECT_10_FermiHubbard2D_cylinder_0_0_6,inner,1,SA,0.001,2,Double,No_Kink,498,1084567
result_SELECT_10_FermiHubbard2D_cylinder_0_0_6,inner,1,SA,0.001,2,Double,Yes_Kink,518,1124356
result_SELECT_10_FermiHubbard2D_cylinder_0_0_6,inner,1,SA,0.001,2,Proj,No_MSF,407,593020
result_SELECT_10_FermiHubbard2D_cylinder_0_0_6,inner,1,SA,0.001,2,Proj,No_Top,407,586908
result_SELECT_10_FermiHubbard2D_cylinder_0_0_6,inner,1,SA,0.001,2,Proj,No_Kink,484,2366204
result_SELECT_10_FermiHubbard2D_cylinder_0_0_6,inner,1,SA,0.001,2,Proj,Yes_Kink,497,2393669
result_SELECT_10_Heisenberg2D_cylinder_0.5_0.5_6,outer,2,SA,1.0,0,Single,No_MSF,211,282944
result_SELECT_10_Heisenberg2D_cylinder_0.5_0.5_6,outer,2,SA,1.0,0,Single,No_Top,211,276832
result_SELECT_10_Heisenberg2D_cylinder_0.5_0.5_6,outer,2,SA,1.0,0,Single,No_Kink,222,457952
result_SELECT_10_Heisenberg2D_cylinder_0.5_0.5_6,outer,2,SA,1.0,0,Single,Yes_Kink,228,484051
result_SELECT_10_Heisenberg2D_cylinder_0.5_0.5_6,outer,2,SA,1.0,0,Double,No_MSF,177,238336
result_SELECT_10_Heisenberg2D_cylinder_0.5_0.5_6,outer,2,SA,1.0,0,Double,No_Top,177,232224
result_SELECT_10_Heisenberg2D_cylinder_0.5_0.5_6,outer,2,SA,1.0,0,Double,No_Kink,189,431306
result_SELECT_10_Heisenberg2D_cylinder_0.5_0.5_6,outer,2,SA,1.0,0,Double,Yes_Kink,195,435477
result_SELECT_10_Heisenberg2D_cylinder_0.5_0.5_6,outer,2,SA,1.0,0,Proj,No_MSF,108,147808
result_SELECT_10_Heisenberg2D_cylinder_0.5_0.5_6,outer,2,SA,1.0,0,Proj,No_Top,108,141696
result_SELECT_10_Heisenberg2D_cylinder_0.5_0.5_6,outer,2,SA,1.0,0,Proj,No_Kink,173,823037
result_SELECT_10_Heisenberg2D_cylinder_0.5_0.5_6,outer,2,SA,1.0,0,Proj,Yes_Kink,178,837051
result_trotter_10_Heisenberg2D_cylinder_0.5_0.5_det,inner,1,SA,0.01,2,Single,No_MSF,756,152100
result_trotter_10_Heisenberg2D_cylinder_0.5_0.5_det,inner,1,SA,0.01,2,Single,No_Top,1864,237400
result_trotter_10_Heisenberg2D_cylinder_0.5_0.5_det,inner,1,SA,0.01,2,Single,No_Kink,1920,505278
result_trotter_10_Heisenberg2D_cylinder_0.5_0.5_det,inner,1,SA,0.01,2,Double,No_MSF,749,151400
result_trotter_10_Heisenberg2D_cylinder_0.5_0.5_det,inner,1,SA,0.01,2,Double,No_Top,1861,237100
result_trotter_10_Heisenberg2D_cylinder_0.5_0.5_det,inner,1,SA,0.01,2,Double,No_Kink,1877,572899
result_trotter_10_Heisenberg2D_cylinder_0.5_0.5_det,inner,1,SA,0.01,2,Double,Yes_Kink,1931,587807
result_trotter_10_Heisenberg2D_cylinder_0.5_0.5_det,inner,1,SA,0.01,2,Proj,No_MSF,390,115500
result_trotter_10_Heisenberg2D_cylinder_0.5_0.5_det,inner,1,SA,0.01,2,Proj,No_Top,1740,225000
result_trotter_10_Heisenberg2D_cylinder_0.5_0.5_det,inner,1,SA,0.01,2,Proj,No_Kink,2486,973075
result_trotter_10_Heisenberg2D_cylinder_0.5_0.5_det,inner,1,SA,0.01,2,Proj,Yes_Kink,2649,971162
result_trotter_10_Heisenberg2D_cylinder_0.5_0.5_rand,inner,2,SA,0.001,2,Single,No_MSF,744,150900
result_trotter_10_Heisenberg2D_cylinder_0.5_0.5_rand,inner,2,SA,0.001,2,Single,No_Top,1782,229200
result_trotter_10_Heisenberg2D_cylinder_0.5_0.5_rand,inner,2,SA,0.001,2,Single,No_Kink,1785,439792
result_trotter_10_Heisenberg2D_cylinder_0.5_0.5_rand,inner,2,SA,0.001,2,Single,Yes_Kink,1791,447122
result_trotter_10_Heisenberg2D_cylinder_0.5_0.5_rand,inner,2,SA,0.001,2,Double,No_MSF,721,148600
result_trotter_10_Heisenberg2D_cylinder_0.5_0.5_rand,inner,2,SA,0.001,2,Double,No_Top,1777,228700
result_trotter_10_Heisenberg2D_cylinder_0.5_0.5_rand,inner,2,SA,0.001,2,Double,No_Kink,1777,423849
result_trotter_10_Heisenberg2D_cylinder_0.5_0.5_rand,inner,2,SA,0.001,2,Double,Yes_Kink,1780,443812
result_trotter_10_Heisenberg2D_cylinder_0.5_0.5_rand,inner,2,SA,0.001,2,Proj,No_MSF,390,115500
result_trotter_10_Heisenberg2D_cylinder_0.5_0.5_rand,inner,2,SA,0.001,2,Proj,No_Top,1740,225000
result_trotter_10_Heisenberg2D_cylinder_0.5_0.5_rand,inner,2,SA,0.001,2,Proj,No_Kink,1764,999245
result_trotter_10_Heisenberg2D_cylinder_0.5_0.5_rand,inner,2,SA,0.001,2,Proj,Yes_Kink,1765,948964
result_SELECT_10_Heisenberg2D_cylinder_0.5_0.5_6,inner,1,naive,0.0,6,Single,No_MSF,211,319616
result_SELECT_10_Heisenberg2D_cylinder_0.5_0.5_6,inner,1,naive,0.0,6,Single,No_Top,331,470944
result_SELECT_10_Heisenberg2D_cylinder_0.5_0.5_6,inner,1,naive,0.0,6,Single,No_Kink,973,2072940
result_SELECT_10_Heisenberg2D_cylinder_0.5_0.5_6,inner,1,naive,0.0,6,Double,No_MSF,177,275008
result_SELECT_10_Heisenberg2D_cylinder_0.5_0.5_6,inner,1,naive,0.0,6,Double,No_Top,314,448640
result_SELECT_10_Heisenberg2D_cylinder_0.5_0.5_6,inner,1,naive,0.0,6,Double,No_Kink,730,1787410
result_SELECT_10_Heisenberg2D_cylinder_0.5_0.5_6,inner,1,naive,0.0,6,Double,Yes_Kink,730,1786406
result_SELECT_10_Heisenberg2D_cylinder_0.5_0.5_6,inner,1,naive,0.0,6,Proj,No_MSF,108,184480
result_SELECT_10_Heisenberg2D_cylinder_0.5_0.5_6,inner,1,naive,0.0,6,Proj,No_Top,287,413216
result_SELECT_10_Heisenberg2D_cylinder_0.5_0.5_6,inner,1,naive,0.0,6,Proj,No_Kink,692,3219392
result_SELECT_10_Heisenberg2D_cylinder_0.5_0.5_6,inner,1,naive,0.0,6,Proj,Yes_Kink,707,3239269
result_SELECT_10_Heisenberg2D_cylinder_0.5_0.5_3,outer,2,SA,0.1,0,Single,No_MSF,1069,295440
result_SELECT_10_Heisenberg2D_cylinder_0.5_0.5_3,outer,2,SA,0.1,0,Single,No_Top,1069,290768
result_SELECT_10_Heisenberg2D_cylinder_0.5_0.5_3,outer,2,SA,0.1,0,Single,No_Kink,1069,358393
result_SELECT_10_Heisenberg2D_cylinder_0.5_0.5_3,outer,2,SA,0.1,0,Single,Yes_Kink,1071,374864
result_SELECT_10_Heisenberg2D_cylinder_0.5_0.5_3,outer,2,SA,0.1,0,Double,No_MSF,987,273136
result_SELECT_10_Heisenberg2D_cylinder_0.5_0.5_3,outer,2,SA,0.1,0,Double,No_Top,987,268464
result_SELECT_10_Heisenberg2D_cylinder_0.5_0.5_3,outer,2,SA,0.1,0,Double,No_Kink,987,351215
result_SELECT_10_Heisenberg2D_cylinder_0.5_0.5_3,outer,2,SA,0.1,0,Double,Yes_Kink,1023,357568
result_SELECT_10_Heisenberg2D_cylinder_0.5_0.5_3,outer,2,SA,0.1,0,Proj,No_MSF,837,232336
result_SELECT_10_Heisenberg2D_cylinder_0.5_0.5_3,outer,2,SA,0.1,0,Proj,No_Top,837,227664
result_SELECT_10_Heisenberg2D_cylinder_0.5_0.5_3,outer,2,SA,0.1,0,Proj,No_Kink,847,934945
result_SELECT_10_Heisenberg2D_cylinder_0.5_0.5_3,outer,2,SA,0.1,0,Proj,Yes_Kink,848,910521
result_SELECT_10_Heisenberg2D_cylinder_0.5_0.5_1,inner,2,SA,0.001,2,Single,No_MSF,4079,600816
result_SELECT_10_Heisenberg2D_cylinder_0.5_0.5_1,inner,2,SA,0.001,2,Single,No_Top,4080,596480
result_SELECT_10_Heisenberg2D_cylinder_0.5_0.5_1,inner,2,SA,0.001,2,Single,No_Kink,4080,664736
result_SELECT_10_Heisenberg2D_cylinder_0.5_0.5_1,inner,2,SA,0.001,2,Single,Yes_Kink,4081,677274
result_SELECT_10_Heisenberg2D_cylinder_0.5_0.5_1,inner,2,SA,0.001,2,Double,No_MSF,3792,559488
result_SELECT_10_Heisenberg2D_cylinder_0.5_0.5_1,inner,2,SA,0.001,2,Double,No_Top,3793,555152
result_SELECT_10_Heisenberg2D_cylinder_0.5_0.5_1,inner,2,SA,0.001,2,Double,No_Kink,3794,639815
result_SELECT_10_Heisenberg2D_cylinder_0.5_0.5_1,inner,2,SA,0.001,2,Double,Yes_Kink,3793,636866
result_SELECT_10_Heisenberg2D_cylinder_0.5_0.5_1,inner,2,SA,0.001,2,Proj,No_MSF,3333,493392
result_SELECT_10_Heisenberg2D_cylinder_0.5_0.5_1,inner,2,SA,0.001,2,Proj,No_Top,3333,488912
result_SELECT_10_Heisenberg2D_cylinder_0.5_0.5_1,inner,2,SA,0.001,2,Proj,No_Kink,3336,1618355
result_SELECT_10_Heisenberg2D_cylinder_0.5_0.5_1,inner,2,SA,0.001,2,Proj,Yes_Kink,3336,1543364
result_SELECT_10_Heisenberg2D_cylinder_0.5_0.5_6,inner,1,random,0.0,2,Single,No_MSF,211,295168
result_SELECT_10_Heisenberg2D_cylinder_0.5_0.5_6,inner,1,random,0.0,2,Single,No_Top,211,289056
result_SELECT_10_Heisenberg2D_cylinder_0.5_0.5_6,inner,1,random,0.0,2,Single,No_Kink,664,1620776
result_SELECT_10_Heisenberg2D_cylinder_0.5_0.5_6,inner,1,random,0.0,2,Double,No_MSF,177,250560
result_SELECT_10_Heisenberg2D_cylinder_0.5_0.5_6,inner,1,random,0.0,2,Double,No_Top,177,244448
result_SELECT_10_Heisenberg2D_cylinder_0.5_0.5_6,inner,1,random,0.0,2,Double,No_Kink,380,1258848
result_SELECT_10_Heisenberg2D_cylinder_0.5_0.5_6,inner,1,random,0.0,2,Double,Yes_Kink,388,1277846
result_SELECT_10_Heisenberg2D_cylinder_0.5_0.5_6,inner,1,random,0.0,2,Proj,No_MSF,108,160032
result_SELECT_10_Heisenberg2D_cylinder_0.5_0.5_6,inner,1,random,0.0,2,Proj,No_Top,123,173600
result_SELECT_10_Heisenberg2D_cylinder_0.5_0.5_6,inner,1,random,0.0,2,Proj,No_Kink,281,1326802
result_SELECT_10_Heisenberg2D_cylinder_0.5_0.5_6,inner,1,random,0.0,2,Proj,Yes_Kink,287,1333347
result_trotter_10_Heisenberg2D_cylinder_0.5_0.5_rand,outer,2,SA,0.01,0,Single,No_MSF,744,99900
result_trotter_10_Heisenberg2D_cylinder_0.5_0.5_rand,outer,2,SA,0.01,0,Single,No_Top,749,74900
result_trotter_10_Heisenberg2D_cylinder_0.5_0.5_rand,outer,2,SA,0.01,0,Single,No_Kink,1052,318883
result_trotter_10_Heisenberg2D_cylinder_0.5_0.5_rand,outer,2,SA,0.01,0,Single,Yes_Kink,1042,315097
result_trotter_10_Heisenberg2D_cylinder_0.5_0.5_rand,outer,2,SA,0.01,0,Double,No_MSF,721,97600
result_trotter_10_Heisenberg2D_cylinder_0.5_0.5_rand,outer,2,SA,0.01,0,Double,No_Top,721,72100
result_trotter_10_Heisenberg2D_cylinder_0.5_0.5_rand,outer,2,SA,0.01,0,Double,No_Kink,1017,362203
result_trotter_10_Heisenberg2D_cylinder_0.5_0.5_rand,outer,2,SA,0.01,0,Double,Yes_Kink,1102,386040
result_trotter_10_Heisenberg2D_cylinder_0.5_0.5_rand,outer,2,SA,0.01,0,Proj,No_MSF,390,64500
result_trotter_10_Heisenberg2D_cylinder_0.5_0.5_rand,outer,2,SA,0.01,0,Proj,No_Top,580,58000
result_trotter_10_Heisenberg2D_cylinder_0.5_0.5_rand,outer,2,SA,0.01,0,Proj,No_Kink,865,490299
result_trotter_10_Heisenberg2D_cylinder_0.5_0.5_rand,outer,2,SA,0.01,0,Proj,Yes_Kink,904,493511
result_SELECT_10_Heisenberg2D_cylinder_0.5_0.5_6,inner,2,SA,0.001,2,Single,No_MSF,211,295168
result_SELECT_10_Heisenberg2D_cylinder_0.5_0.5_6,inner,2,SA,0.001,2,Single,No_Top,211,289056
result_SELECT_10_Heisenberg2D_cylinder_0.5_0.5_6,inner,2,SA,0.001,2,Single,No_Kink,215,477137
result_SELECT_10_Heisenberg2D_cylinder_0.5_0.5_6,inner,2,SA,0.001,2,Single,Yes_Kink,217,494535
result_SELECT_10_Heisenberg2D_cylinder_0.5_0.5_6,inner,2,SA,0.001,2,Double,No_MSF,177,250560
result_SELECT_10_Heisenberg2D_cylinder_0.5_0.5_6,inner,2,SA,0.001,2,Double,No_Top,177,244448
result_SELECT_10_Heisenberg2D_cylinder_0.5_0.5_6,inner,2,SA,0.001,2,Double,No_Kink,183,462988
result_SELECT_10_Heisenberg2D_cylinder_0.5_0.5_6,inner,2,SA,0.001,2,Double,Yes_Kink,190,471598
result_SELECT_10_Heisenberg2D_cylinder_0.5_0.5_6,inner,2,SA,0.001,2,Proj,No_MSF,108,160032
result_SELECT_10_Heisenberg2D_cylinder_0.5_0.5_6,inner,2,SA,0.001,2,Proj,No_Top,123,173600
result_SELECT_10_Heisenberg2D_cylinder_0.5_0.5_6,inner,2,SA,0.001,2,Proj,No_Kink,159,739229
result_SELECT_10_Heisenberg2D_cylinder_0.5_0.5_6,inner,2,SA,0.001,2,Proj,Yes_Kink,162,739609
result_SELECT_10_Heisenberg2D_cylinder_0.5_0.5_4,inner,1,naive,0.0,0,Single,No_MSF,571,251568
result_SELECT_10_Heisenberg2D_cylinder_0.5_0.5_4,inner,1,naive,0.0,0,Single,No_Top,571,246672
result_SELECT_10_Heisenberg2D_cylinder_0.5_0.5_4,inner,1,naive,0.0,0,Single,No_Kink,1123,787632
result_SELECT_10_Heisenberg2D_cylinder_0.5_0.5_4,inner,1,naive,0.0,0,Double,No_MSF,522,230400
result_SELECT_10_Heisenberg2D_cylinder_0.5_0.5_4,inner,1,naive,0.0,0,Double,No_Top,522,225504
result_SELECT_10_Heisenberg2D_cylinder_0.5_0.5_4,inner,1,naive,0.0,0,Double,No_Kink,869,692476
result_SELECT_10_Heisenberg2D_cylinder_0.5_0.5_4,inner,1,naive,0.0,0,Double,Yes_Kink,870,691571
result_SELECT_10_Heisenberg2D_cylinder_0.5_0.5_4,inner,1,naive,0.0,0,Proj,No_MSF,420,186336
result_SELECT_10_Heisenberg2D_cylinder_0.5_0.5_4,inner,1,naive,0.0,0,Proj,No_Top,420,181440
result_SELECT_10_Heisenberg2D_cylinder_0.5_0.5_4,inner,1,naive,0.0,0,Proj,No_Kink,872,1370427
result_SELECT_10_Heisenberg2D_cylinder_0.5_0.5_4,inner,1,naive,0.0,0,Proj,Yes_Kink,902,1391456
result_SELECT_10_Heisenberg2D_cylinder_0.5_0.5_6,inner,2,SA,1.0,10,Single,No_MSF,211,344064
result_SELECT_10_Heisenberg2D_cylinder_0.5_0.5_6,inner,2,SA,1.0,10,Single,No_Top,483,694816
result_SELECT_10_Heisenberg2D_cylinder_0.5_0.5_6,inner,2,SA,1.0,10,Single,No_Kink,483,931138
result_SELECT_10_Heisenberg2D_cylinder_0.5_0.5_6,inner,2,SA,1.0,10,Single,Yes_Kink,483,947445
result_SELECT_10_Heisenberg2D_cylinder_0.5_0.5_6,inner,2,SA,1.0,10,Double,No_MSF,177,299456
result_SELECT_10_Heisenberg2D_cylinder_0.5_0.5_6,inner,2,SA,1.0,10,Double,No_Top,473,681696
result_SELECT_10_Heisenberg2D_cylinder_0.5_0.5_6,inner,2,SA,1.0,10,Double,No_Kink,474,943820
result_SELECT_10_Heisenberg2D_cylinder_0.5_0.5_6,inner,2,SA,1.0,10,Double,Yes_Kink,474,944571
result_SELECT_10_Heisenberg2D_cylinder_0.5_0.5_6,inner,2,SA,1.0,10,Proj,No_MSF,108,208928
result_SELECT_10_Heisenberg2D_cylinder_0.5_0.5_6,inner,2,SA,1.0,10,Proj,No_Top,451,652832
result_SELECT_10_Heisenberg2D_cylinder_0.5_0.5_6,inner,2,SA,1.0,10,Proj,No_Kink,1661,5642407
result_SELECT_10_Heisenberg2D_cylinder_0.5_0.5_6,inner,2,SA,1.0,10,Proj,Yes_Kink,1584,5173898
result_SELECT_10_Heisenberg2D_cylinder_0.5_0.5_2,inner,2,naive,0.0,0,Single,No_MSF,2072,394080
result_SELECT_10_Heisenberg2D_cylinder_0.5_0.5_2,inner,2,naive,0.0,0,Single,No_Top,2072,389536
result_SELECT_10_Heisenberg2D_cylinder_0.5_0.5_2,inner,2,naive,0.0,0,Single,No_Kink,2081,499772
result_SELECT_10_Heisenberg2D_cylinder_0.5_0.5_2,inner,2,naive,0.0,0,Single,Yes_Kink,2111,520452
result_SELECT_10_Heisenberg2D_cylinder_0.5_0.5_2,inner,2,naive,0.0,0,Double,No_MSF,1921,365692
result_SELECT_10_Heisenberg2D_cylinder_0.5_0.5_2,inner,2,naive,0.0,0,Double,No_Top,1921,361148
result_SELECT_10_Heisenberg2D_cylinder_0.5_0.5_2,inner,2,naive,0.0,0,Double,No_Kink,1923,482526
result_SELECT_10_Heisenberg2D_cylinder_0.5_0.5_2,inner,2,naive,0.0,0,Double,Yes_Kink,1950,487507
result_SELECT_10_Heisenberg2D_cylinder_0.5_0.5_2,inner,2,naive,0.0,0,Proj,No_MSF,1668,318128
result_SELECT_10_Heisenberg2D_cylinder_0.5_0.5_2,inner,2,naive,0.0,0,Proj,No_Top,1668,313584
result_SELECT_10_Heisenberg2D_cylinder_0.5_0.5_2,inner,2,naive,0.0,0,Proj,No_Kink,1696,1282985
result_SELECT_10_Heisenberg2D_cylinder_0.5_0.5_2,inner,2,naive,0.0,0,Proj,Yes_Kink,1705,1255013
result_SELECT_10_Heisenberg2D_cylinder_0.5_0.5_5,inner,1,random,0.0,2,Single,No_MSF,327,256704
result_SELECT_10_Heisenberg2D_cylinder_0.5_0.5_5,inner,1,random,0.0,2,Single,No_Top,327,251360
result_SELECT_10_Heisenberg2D_cylinder_0.5_0.5_5,inner,1,random,0.0,2,Single,No_Kink,730,1041152
result_SELECT_10_Heisenberg2D_cylinder_0.5_0.5_5,inner,1,random,0.0,2,Double,No_MSF,290,229472
result_SELECT_10_Heisenberg2D_cylinder_0.5_0.5_5,inner,1,random,0.0,2,Double,No_Top,291,224864
result_SELECT_10_Heisenberg2D_cylinder_0.5_0.5_5,inner,1,random,0.0,2,Double,No_Kink,444,843220
result_SELECT_10_Heisenberg2D_cylinder_0.5_0.5_5,inner,1,random,0.0,2,Double,Yes_Kink,451,851990
result_SELECT_10_Heisenberg2D_cylinder_0.5_0.5_5,inner,1,random,0.0,2,Proj,No_MSF,213,172800
result_SELECT_10_Heisenberg2D_cylinder_0.5_0.5_5,inner,1,random,0.0,2,Proj,No_Top,213,167456
result_SELECT_10_Heisenberg2D_cylinder_0.5_0.5_5,inner,1,random,0.0,2,Proj,No_Kink,345,952931
result_SELECT_10_Heisenberg2D_cylinder_0.5_0.5_5,inner,1,random,0.0,2,Proj,Yes_Kink,354,963378
result_SELECT_10_Heisenberg2D_cylinder_0.5_0.5_5,inner,2,SA,0.01,0,Single,No_MSF,327,246016
result_SELECT_10_Heisenberg2D_cylinder_0.5_0.5_5,inner,2,SA,0.01,0,Single,No_Top,327,240672
result_SELECT_10_Heisenberg2D_cylinder_0.5_0.5_5,inner,2,SA,0.01,0,Single,No_Kink,329,325536
result_SELECT_10_Heisenberg2D_cylinder_0.5_0.5_5,inner,2,SA,0.01,0,Single,Yes_Kink,330,340177
result_SELECT_10_Heisenberg2D_cylinder_0.5_0.5_5,inner,2,SA,0.01,0,Double,No_MSF,290,218784
result_SELECT_10_Heisenberg2D_cylinder_0.5_0.5_5,inner,2,SA,0.01,0,Double,No_Top,290,213440
result_SELECT_10_Heisenberg2D_cylinder_0.5_0.5_5,inner,2,SA,0.01,0,Double,No_Kink,292,315041
result_SELECT_10_Heisenberg2D_cylinder_0.5_0.5_5,inner,2,SA,0.01,0,Double,Yes_Kink,304,323109
result_SELECT_10_Heisenberg2D_cylinder_0.5_0.5_5,inner,2,SA,0.01,0,Proj,No_MSF,213,162112
result_SELECT_10_Heisenberg2D_cylinder_0.5_0.5_5,inner,2,SA,0.01,0,Proj,No_Top,213,156768
result_SELECT_10_Heisenberg2D_cylinder_0.5_0.5_5,inner,2,SA,0.01,0,Proj,No_Kink,230,676309
result_SELECT_10_Heisenberg2D_cylinder_0.5_0.5_5,inner,2,SA,0.01,0,Proj,Yes_Kink,233,668211
result_SELECT_10_Heisenberg2D_cylinder_0.5_0.5_5,inner,2,naive,0.0,0,Single,No_MSF,327,246016
result_SELECT_10_Heisenberg2D_cylinder_0.5_0.5_5,inner,2,naive,0.0,0,Single,No_Top,327,240672
result_SELECT_10_Heisenberg2D_cylinder_0.5_0.5_5,inner,2,naive,0.0,0,Single,No_Kink,652,784251
result_SELECT_10_Heisenberg2D_cylinder_0.5_0.5_5,inner,2,naive,0.0,0,Single,Yes_Kink,629,783680
result_SELECT_10_Heisenberg2D_cylinder_0.5_0.5_5,inner,2,naive,0.0,0,Double,No_MSF,290,218784
result_SELECT_10_Heisenberg2D_cylinder_0.5_0.5_5,inner,2,naive,0.0,0,Double,No_Top,290,213440
result_SELECT_10_Heisenberg2D_cylinder_0.5_0.5_5,inner,2,naive,0.0,0,Double,No_Kink,556,729004
result_SELECT_10_Heisenberg2D_cylinder_0.5_0.5_5,inner,2,naive,0.0,0,Double,Yes_Kink,559,729757
result_SELECT_10_Heisenberg2D_cylinder_0.5_0.5_5,inner,2,naive,0.0,0,Proj,No_MSF,213,162112
result_SELECT_10_Heisenberg2D_cylinder_0.5_0.5_5,inner,2,naive,0.0,0,Proj,No_Top,213,156768
result_SELECT_10_Heisenberg2D_cylinder_0.5_0.5_5,inner,2,naive,0.0,0,Proj,No_Kink,555,1621937
result_SELECT_10_Heisenberg2D_cylinder_0.5_0.5_5,inner,2,naive,0.0,0,Proj,Yes_Kink,567,1631380
result_SELECT_10_Heisenberg2D_cylinder_0.5_0.5_2,inner,1,SA,0.1,2,Single,No_MSF,2072,403168
result_SELECT_10_Heisenberg2D_cylinder_0.5_0.5_2,inner,1,SA,0.1,2,Single,No_Top,2072,398624
result_SELECT_10_Heisenberg2D_cylinder_0.5_0.5_2,inner,1,SA,0.1,2,Single,No_Kink,2077,478886
result_SELECT_10_Heisenberg2D_cylinder_0.5_0.5_2,inner,1,SA,0.1,2,Double,No_MSF,1921,374780
result_SELECT_10_Heisenberg2D_cylinder_0.5_0.5_2,inner,1,SA,0.1,2,Double,No_Top,1921,370236
result_SELECT_10_Heisenberg2D_cylinder_0.5_0.5_2,inner,1,SA,0.1,2,Double,No_Kink,1924,464866
result_SELECT_10_Heisenberg2D_cylinder_0.5_0.5_2,inner,1,SA,0.1,2,Double,Yes_Kink,1931,465011
result_SELECT_10_Heisenberg2D_cylinder_0.5_0.5_2,inner,1,SA,0.1,2,Proj,No_MSF,1668,327216
result_SELECT_10_Heisenberg2D_cylinder_0.5_0.5_2,inner,1,SA,0.1,2,Proj,No_Top,1668,322672
result_SELECT_10_Heisenberg2D_cylinder_0.5_0.5_2,inner,1,SA,0.1,2,Proj,No_Kink,1681,1159213
result_SELECT_10_Heisenberg2D_cylinder_0.5_0.5_2,inner,1,SA,0.1,2,Proj,Yes_Kink,1681,1150103
result_SELECT_10_Heisenberg2D_cylinder_0.5_0.5_6,outer,1,SA,0.001,0,Single,No_MSF,211,282944
result_SELECT_10_Heisenberg2D_cylinder_0.5_0.5_6,outer,1,SA,0.001,0,Single,No_Top,211,276832
result_SELECT_10_Heisenberg2D_cylinder_0.5_0.5_6,outer,1,SA,0.001,0,Single,No_Kink,317,681758
result_SELECT_10_Heisenberg2D_cylinder_0.5_0.5_6,outer,1,SA,0.001,0,Double,No_MSF,177,238336
result_SELECT_10_Heisenberg2D_cylinder_0.5_0.5_6,outer,1,SA,0.001,0,Double,No_Top,177,232224
result_SELECT_10_Heisenberg2D_cylinder_0.5_0.5_6,outer,1,SA,0.001,0,Double,No_Kink,252,619924
result_SELECT_10_Heisenberg2D_cylinder_0.5_0.5_6,outer,1,SA,0.001,0,Double,Yes_Kink,257,635629
result_SELECT_10_Heisenberg2D_cylinder_0.5_0.5_6,outer,1,SA,0.001,0,Proj,No_MSF,108,147808
result_SELECT_10_Heisenberg2D_cylinder_0.5_0.5_6,outer,1,SA,0.001,0,Proj,No_Top,108,141696
result_SELECT_10_Heisenberg2D_cylinder_0.5_0.5_6,outer,1,SA,0.001,0,Proj,No_Kink,217,999515
result_SELECT_10_Heisenberg2D_cylinder_0.5_0.5_6,outer,1,SA,0.001,0,Proj,Yes_Kink,225,1020437
result_SELECT_10_Heisenberg2D_cylinder_0.5_0.5_6,outer,2,SA,0.001,8,Single,No_MSF,211,331840
result_SELECT_10_Heisenberg2D_cylinder_0.5_0.5_6,outer,2,SA,0.001,8,Single,No_Top,408,584192
result_SELECT_10_Heisenberg2D_cylinder_0.5_0.5_6,outer,2,SA,0.001,8,Single,No_Kink,402,868523
result_SELECT_10_Heisenberg2D_cylinder_0.5_0.5_6,outer,2,SA,0.001,8,Single,Yes_Kink,402,883509
result_SELECT_10_Heisenberg2D_cylinder_0.5_0.5_6,outer,2,SA,0.001,8,Double,No_MSF,177,287232
result_SELECT_10_Heisenberg2D_cylinder_0.5_0.5_6,outer,2,SA,0.001,8,Double,No_Top,392,563200
result_SELECT_10_Heisenberg2D_cylinder_0.5_0.5_6,outer,2,SA,0.001,8,Double,No_Kink,388,854156
result_SELECT_10_Heisenberg2D_cylinder_0.5_0.5_6,outer,2,SA,0.001,8,Double,Yes_Kink,391,860299
result_SELECT_10_Heisenberg2D_cylinder_0.5_0.5_6,outer,2,SA,0.001,8,Proj,No_MSF,108,196704
result_SELECT_10_Heisenberg2D_cylinder_0.5_0.5_6,outer,2,SA,0.001,8,Proj,No_Top,369,533024
result_SELECT_10_Heisenberg2D_cylinder_0.5_0.5_6,outer,2,SA,0.001,8,Proj,No_Kink,369,1542525
result_SELECT_10_Heisenberg2D_cylinder_0.5_0.5_6,outer,2,SA,0.001,8,Proj,Yes_Kink,369,1510898
result_SELECT_100_Schwinger_OBC_0_0_6,inner,1,SA,0.01,2,Single,No_MSF,730,1212896
result_SELECT_100_Schwinger_OBC_0_0_6,inner,1,SA,0.01,2,Single,No_Top,732,1193280
result_SELECT_100_Schwinger_OBC_0_0_6,inner,1,SA,0.01,2,Single,No_Kink,1218,3053291
result_SELECT_100_Schwinger_OBC_0_0_6,inner,1,SA,0.01,2,Double,No_MSF,621,1041984
result_SELECT_100_Schwinger_OBC_0_0_6,inner,1,SA,0.01,2,Double,No_Top,623,1022368
result_SELECT_100_Schwinger_OBC_0_0_6,inner,1,SA,0.01,2,Double,No_Kink,1020,2870800
result_SELECT_100_Schwinger_OBC_0_0_6,inner,1,SA,0.01,2,Double,Yes_Kink,1045,2970589
result_SELECT_100_Schwinger_OBC_0_0_6,inner,1,SA,0.01,2,Proj,No_MSF,488,833440
result_SELECT_100_Schwinger_OBC_0_0_6,inner,1,SA,0.01,2,Proj,No_Top,488,810688
result_SELECT_100_Schwinger_OBC_0_0_6,inner,1,SA,0.01,2,Proj,No_Kink,1140,6224440
result_SELECT_100_Schwinger_OBC_0_0_6,inner,1,SA,0.01,2,Proj,Yes_Kink,1172,6301136
result_trotter_10_Heisenberg2D_cylinder_0.5_0.5_det,inner,2,SA,0.01,0,Single,No_MSF,756,101100
result_trotter_10_Heisenberg2D_cylinder_0.5_0.5_det,inner,2,SA,0.01,0,Single,No_Top,784,78400
result_trotter_10_Heisenberg2D_cylinder_0.5_0.5_det,inner,2,SA,0.01,0,Single,No_Kink,808,231479
result_trotter_10_Heisenberg2D_cylinder_0.5_0.5_det,inner,2,SA,0.01,0,Single,Yes_Kink,829,239380
result_trotter_10_Heisenberg2D_cylinder_0.5_0.5_det,inner,2,SA,0.01,0,Double,No_MSF,749,100400
result_trotter_10_Heisenberg2D_cylinder_0.5_0.5_det,inner,2,SA,0.01,0,Double,No_Top,762,76200
result_trotter_10_Heisenberg2D_cylinder_0.5_0.5_det,inner,2,SA,0.01,0,Double,No_Kink,808,284649
result_trotter_10_Heisenberg2D_cylinder_0.5_0.5_det,inner,2,SA,0.01,0,Double,Yes_Kink,837,266285
result_trotter_10_Heisenberg2D_cylinder_0.5_0.5_det,inner,2,SA,0.01,0,Proj,No_MSF,390,64500
result_trotter_10_Heisenberg2D_cylinder_0.5_0.5_det,inner,2,SA,0.01,0,Proj,No_Top,580,58000
result_trotter_10_Heisenberg2D_cylinder_0.5_0.5_det,inner,2,SA,0.01,0,Proj,No_Kink,812,394572
result_trotter_10_Heisenberg2D_cylinder_0.5_0.5_det,inner,2,SA,0.01,0,Proj,Yes_Kink,826,387436
result_SELECT_10_Heisenberg2D_cylinder_0.5_0.5_5,inner,1,naive,0.0,2,Single,No_MSF,327,256704
result_SELECT_10_Heisenberg2D_cylinder_0.5_0.5_5,inner,1,naive,0.0,2,Single,No_Top,327,251360
result_SELECT_10_Heisenberg2D_cylinder_0.5_0.5_5,inner,1,naive,0.0,2,Single,No_Kink,850,1064440
result_SELECT_10_Heisenberg2D_cylinder_0.5_0.5_5,inner,1,naive,0.0,2,Double,No_MSF,290,229472
result_SELECT_10_Heisenberg2D_cylinder_0.5_0.5_5,inner,1,naive,0.0,2,Double,No_Top,291,224864
result_SELECT_10_Heisenberg2D_cylinder_0.5_0.5_5,inner,1,naive,0.0,2,Double,No_Kink,650,940749
result_SELECT_10_Heisenberg2D_cylinder_0.5_0.5_5,inner,1,naive,0.0,2,Double,Yes_Kink,647,941211
result_SELECT_10_Heisenberg2D_cylinder_0.5_0.5_5,inner,1,naive,0.0,2,Proj,No_MSF,213,172800
result_SELECT_10_Heisenberg2D_cylinder_0.5_0.5_5,inner,1,naive,0.0,2,Proj,No_Top,213,167456
result_SELECT_10_Heisenberg2D_cylinder_0.5_0.5_5,inner,1,naive,0.0,2,Proj,No_Kink,725,1972015
result_SELECT_10_Heisenberg2D_cylinder_0.5_0.5_5,inner,1,naive,0.0,2,Proj,Yes_Kink,739,1982374
result_SELECT_10_Heisenberg2D_cylinder_0.5_0.5_6,inner,1,SA,0.001,6,Single,No_MSF,211,319616
result_SELECT_10_Heisenberg2D_cylinder_0.5_0.5_6,inner,1,SA,0.001,6,Single,No_Top,331,470944
result_SELECT_10_Heisenberg2D_cylinder_0.5_0.5_6,inner,1,SA,0.001,6,Single,No_Kink,343,846668
result_SELECT_10_Heisenberg2D_cylinder_0.5_0.5_6,inner,1,SA,0.001,6,Double,No_MSF,177,275008
result_SELECT_10_Heisenberg2D_cylinder_0.5_0.5_6,inner,1,SA,0.001,6,Double,No_Top,314,448640
result_SELECT_10_Heisenberg2D_cylinder_0.5_0.5_6,inner,1,SA,0.001,6,Double,No_Kink,316,855125
result_SELECT_10_Heisenberg2D_cylinder_0.5_0.5_6,inner,1,SA,0.001,6,Double,Yes_Kink,318,864143
result_SELECT_10_Heisenberg2D_cylinder_0.5_0.5_6,inner,1,SA,0.001,6,Proj,No_MSF,108,184480
result_SELECT_10_Heisenberg2D_cylinder_0.5_0.5_6,inner,1,SA,0.001,6,Proj,No_Top,287,413216
result_SELECT_10_Heisenberg2D_cylinder_0.5_0.5_6,inner,1,SA,0.001,6,Proj,No_Kink,955,3535903
result_SELECT_10_Heisenberg2D_cylinder_0.5_0.5_6,inner,1,SA,0.001,6,Proj,Yes_Kink,925,3323396
result_SELECT_10_Heisenberg2D_cylinder_0.5_0.5_0,inner,2,SA,0.01,2,Single,No_MSF,8099,1001446
result_SELECT_10_Heisenberg2D_cylinder_0.5_0.5_0,inner,2,SA,0.01,2,Single,No_Top,8101,997234
result_SELECT_10_Heisenberg2D_cylinder_0.5_0.5_0,inner,2,SA,0.01,2,Single,No_Kink,8101,1059128
result_SELECT_10_Heisenberg2D_cylinder_0.5_0.5_0,inner,2,SA,0.01,2,Single,Yes_Kink,8101,1072071
result_SELECT_10_Heisenberg2D_cylinder_0.5_0.5_0,inner,2,SA,0.01,2,Double,No_MSF,7536,932760
result_SELECT_10_Heisenberg2D_cylinder_0.5_0.5_0,inner,2,SA,0.01,2,Double,No_Top,7537,928426
result_SELECT_10_Heisenberg2D_cylinder_0.5_0.5_0,inner,2,SA,0.01,2,Double,No_Kink,7537,1005184
result_SELECT_10_Heisenberg2D_cylinder_0.5_0.5_0,inner,2,SA,0.01,2,Double,Yes_Kink,7537,1003860
result_SELECT_10_Heisenberg2D_cylinder_0.5_0.5_0,inner,2,SA,0.01,2,Proj,No_MSF,6660,825888
result_SELECT_10_Heisenberg2D_cylinder_0.5_0.5_0,inner,2,SA,0.01,2,Proj,No_Top,6660,821432
result_SELECT_10_Heisenberg2D_cylinder_0.5_0.5_0,inner,2,SA,0.01,2,Proj,No_Kink,6664,2486504
result_SELECT_10_Heisenberg2D_cylinder_0.5_0.5_0,inner,2,SA,0.01,2,Proj,Yes_Kink,6663,2367620
result_SELECT_10_Heisenberg2D_cylinder_0.5_0.5_5,outer,1,SA,0.01,2,Single,No_MSF,327,256704
result_SELECT_10_Heisenberg2D_cylinder_0.5_0.5_5,outer,1,SA,0.01,2,Single,No_Top,327,251360
result_SELECT_10_Heisenberg2D_cylinder_0.5_0.5_5,outer,1,SA,0.01,2,Single,No_Kink,354,432858
result_SELECT_10_Heisenberg2D_cylinder_0.5_0.5_5,outer,1,SA,0.01,2,Double,No_MSF,290,229472
result_SELECT_10_Heisenberg2D_cylinder_0.5_0.5_5,outer,1,SA,0.01,2,Double,No_Top,291,224864
result_SELECT_10_Heisenberg2D_cylinder_0.5_0.5_5,outer,1,SA,0.01,2,Double,No_Kink,302,406408
result_SELECT_10_Heisenberg2D_cylinder_0.5_0.5_5,outer,1,SA,0.01,2,Double,Yes_Kink,310,418646
result_SELECT_10_Heisenberg2D_cylinder_0.5_0.5_5,outer,1,SA,0.01,2,Proj,No_MSF,213,172800
result_SELECT_10_Heisenberg2D_cylinder_0.5_0.5_5,outer,1,SA,0.01,2,Proj,No_Top,213,167456
result_SELECT_10_Heisenberg2D_cylinder_0.5_0.5_5,outer,1,SA,0.01,2,Proj,No_Kink,261,723482
result_SELECT_10_Heisenberg2D_cylinder_0.5_0.5_5,outer,1,SA,0.01,2,Proj,Yes_Kink,269,727252
result_SELECT_10_Heisenberg2D_cylinder_0.5_0.5_6,inner,2,random,0.0,6,Single,No_MSF,211,319616
result_SELECT_10_Heisenberg2D_cylinder_0.5_0.5_6,inner,2,random,0.0,6,Single,No_Top,331,470944
result_SELECT_10_Heisenberg2D_cylinder_0.5_0.5_6,inner,2,random,0.0,6,Single,No_Kink,353,1056822
result_SELECT_10_Heisenberg2D_cylinder_0.5_0.5_6,inner,2,random,0.0,6,Single,Yes_Kink,355,1063960
result_SELECT_10_Heisenberg2D_cylinder_0.5_0.5_6,inner,2,random,0.0,6,Double,No_MSF,177,275008
result_SELECT_10_Heisenberg2D_cylinder_0.5_0.5_6,inner,2,random,0.0,6,Double,No_Top,314,448640
result_SELECT_10_Heisenberg2D_cylinder_0.5_0.5_6,inner,2,random,0.0,6,Double,No_Kink,319,1035812
result_SELECT_10_Heisenberg2D_cylinder_0.5_0.5_6,inner,2,random,0.0,6,Double,Yes_Kink,325,1047685
result_SELECT_10_Heisenberg2D_cylinder_0.5_0.5_6,inner,2,random,0.0,6,Proj,No_MSF,108,184480
result_SELECT_10_Heisenberg2D_cylinder_0.5_0.5_6,inner,2,random,0.0,6,Proj,No_Top,287,413216
result_SELECT_10_Heisenberg2D_cylinder_0.5_0.5_6,inner,2,random,0.0,6,Proj,No_Kink,445,1955468
result_SELECT_10_Heisenberg2D_cylinder_0.5_0.5_6,inner,2,random,0.0,6,Proj,Yes_Kink,448,1912699
result_SELECT_10_FermiHubbard2D_cylinder_0_0_6,outer,1,random,0.0,2,Single,No_MSF,489,708804
result_SELECT_10_FermiHubbard2D_cylinder_0_0_6,outer,1,random,0.0,2,Single,No_Top,489,702692
result_SELECT_10_FermiHubbard2D_cylinder_0_0_6,outer,1,random,0.0,2,Single,No_Kink,1120,2950978
result_SELECT_10_FermiHubbard2D_cylinder_0_0_6,outer,1,random,0.0,2,Double,No_MSF,473,686212
result_SELECT_10_FermiHubbard2D_cylinder_0_0_6,outer,1,random,0.0,2,Double,No_Top,473,680100
result_SELECT_10_FermiHubbard2D_cylinder_0_0_6,outer,1,random,0.0,2,Double,No_Kink,645,2284410
result_SELECT_10_FermiHubbard2D_cylinder_0_0_6,outer,1,random,0.0,2,Double,Yes_Kink,650,2292259
result_SELECT_10_FermiHubbard2D_cylinder_0_0_6,outer,1,random,0.0,2,Proj,No_MSF,407,593020
result_SELECT_10_FermiHubbard2D_cylinder_0_0_6,outer,1,random,0.0,2,Proj,No_Top,407,586908
result_SELECT_10_FermiHubbard2D_cylinder_0_0_6,outer,1,random,0.0,2,Proj,No_Kink,514,2549162
result_SELECT_10_FermiHubbard2D_cylinder_0_0_6,outer,1,random,0.0,2,Proj,Yes_Kink,518,2541578
result_SELECT_100_Schwinger_OBC_0_0_6,outer,2,SA,0.01,2,Single,No_MSF,730,1212896
result_SELECT_100_Schwinger_OBC_0_0_6,outer,2,SA,0.01,2,Single,No_Top,732,1193280
result_SELECT_100_Schwinger_OBC_0_0_6,outer,2,SA,0.01,2,Single,No_Kink,850,2359656
result_SELECT_100_Schwinger_OBC_0_0_6,outer,2,SA,0.01,2,Single,Yes_Kink,893,2473413
result_SELECT_100_Schwinger_OBC_0_0_6,outer,2,SA,0.01,2,Double,No_MSF,621,1041984
result_SELECT_100_Schwinger_OBC_0_0_6,outer,2,SA,0.01,2,Double,No_Top,623,1022368
result_SELECT_100_Schwinger_OBC_0_0_6,outer,2,SA,0.01,2,Double,No_Kink,739,2286250
result_SELECT_100_Schwinger_OBC_0_0_6,outer,2,SA,0.01,2,Double,Yes_Kink,771,2374637
result_SELECT_100_Schwinger_OBC_0_0_6,outer,2,SA,0.01,2,Proj,No_MSF,488,833440
result_SELECT_100_Schwinger_OBC_0_0_6,outer,2,SA,0.01,2,Proj,No_Top,488,810688
result_SELECT_100_Schwinger_OBC_0_0_6,outer,2,SA,0.01,2,Proj,No_Kink,809,4657044
result_SELECT_100_Schwinger_OBC_0_0_6,outer,2,SA,0.01,2,Proj,Yes_Kink,835,4729303
result_SELECT_10_Heisenberg2D_cylinder_0.5_0.5_5,inner,2,SA,1.0,0,Single,No_MSF,327,246016
result_SELECT_10_Heisenberg2D_cylinder_0.5_0.5_5,inner,2,SA,1.0,0,Single,No_Top,327,240672
result_SELECT_10_Heisenberg2D_cylinder_0.5_0.5_5,inner,2,SA,1.0,0,Single,No_Kink,328,320553
result_SELECT_10_Heisenberg2D_cylinder_0.5_0.5_5,inner,2,SA,1.0,0,Single,Yes_Kink,328,335694
result_SELECT_10_Heisenberg2D_cylinder_0.5_0.5_5,inner,2,SA,1.0,0,Double,No_MSF,290,218784
result_SELECT_10_Heisenberg2D_cylinder_0.5_0.5_5,inner,2,SA,1.0,0,Double,No_Top,290,213440
result_SELECT_10_Heisenberg2D_cylinder_0.5_0.5_5,inner,2,SA,1.0,0,Double,No_Kink,291,309891
result_SELECT_10_Heisenberg2D_cylinder_0.5_0.5_5,inner,2,SA,1.0,0,Double,Yes_Kink,303,318029
result_SELECT_10_Heisenberg2D_cylinder_0.5_0.5_5,inner,2,SA,1.0,0,Proj,No_MSF,213,162112
result_SELECT_10_Heisenberg2D_cylinder_0.5_0.5_5,inner,2,SA,1.0,0,Proj,No_Top,213,156768
result_SELECT_10_Heisenberg2D_cylinder_0.5_0.5_5,inner,2,SA,1.0,0,Proj,No_Kink,229,664462
result_SELECT_10_Heisenberg2D_cylinder_0.5_0.5_5,inner,2,SA,1.0,0,Proj,Yes_Kink,233,655059
result_SELECT_10_Heisenberg2D_cylinder_0.5_0.5_6,inner,1,SA,0.01,0,Single,No_MSF,211,282944
result_SELECT_10_Heisenberg2D_cylinder_0.5_0.5_6,inner,1,SA,0.01,0,Single,No_Top,211,276832
result_SELECT_10_Heisenberg2D_cylinder_0.5_0.5_6,inner,1,SA,0.01,0,Single,No_Kink,234,503398
result_SELECT_10_Heisenberg2D_cylinder_0.5_0.5_6,inner,1,SA,0.01,0,Double,No_MSF,177,238336
result_SELECT_10_Heisenberg2D_cylinder_0.5_0.5_6,inner,1,SA,0.01,0,Double,No_Top,177,232224
result_SELECT_10_Heisenberg2D_cylinder_0.5_0.5_6,inner,1,SA,0.01,0,Double,No_Kink,190,461375
result_SELECT_10_Heisenberg2D_cylinder_0.5_0.5_6,inner,1,SA,0.01,0,Double,Yes_Kink,200,489474
result_SELECT_10_Heisenberg2D_cylinder_0.5_0.5_6,inner,1,SA,0.01,0,Proj,No_MSF,108,147808
result_SELECT_10_Heisenberg2D_cylinder_0.5_0.5_6,inner,1,SA,0.01,0,Proj,No_Top,108,141696
result_SELECT_10_Heisenberg2D_cylinder_0.5_0.5_6,inner,1,SA,0.01,0,Proj,No_Kink,162,746943
result_SELECT_10_Heisenberg2D_cylinder_0.5_0.5_6,inner,1,SA,0.01,0,Proj,Yes_Kink,170,768995
result_SELECT_100_Heisenberg1D_OBC_1_0_6,inner,1,naive,0.0,2,Single,No_MSF,206,309976
result_SELECT_100_Heisenberg1D_OBC_1_0_6,inner,1,naive,0.0,2,Single,No_Top,211,310668
result_SELECT_100_Heisenberg1D_OBC_1_0_6,inner,1,naive,0.0,2,Single,No_Kink,1039,2288402
result_SELECT_100_Heisenberg1D_OBC_1_0_6,inner,1,naive,0.0,2,Double,No_MSF,185,280324
result_SELECT_100_Heisenberg1D_OBC_1_0_6,inner,1,naive,0.0,2,Double,No_Top,185,273956
result_SELECT_100_Heisenberg1D_OBC_1_0_6,inner,1,naive,0.0,2,Double,No_Kink,738,1887449
result_SELECT_100_Heisenberg1D_OBC_1_0_6,inner,1,naive,0.0,2,Double,Yes_Kink,740,1891742
result_SELECT_100_Heisenberg1D_OBC_1_0_6,inner,1,naive,0.0,2,Proj,No_MSF,117,184308
result_SELECT_100_Heisenberg1D_OBC_1_0_6,inner,1,naive,0.0,2,Proj,No_Top,123,186412
result_SELECT_100_Heisenberg1D_OBC_1_0_6,inner,1,naive,0.0,2,Proj,No_Kink,692,3372358
result_SELECT_100_Heisenberg1D_OBC_1_0_6,inner,1,naive,0.0,2,Proj,Yes_Kink,705,3393044
result_trotter_10_Heisenberg2D_cylinder_0.5_0.5_det,outer,2,random,0.0,1,Single,No_MSF,756,126600
result_trotter_10_Heisenberg2D_cylinder_0.5_0.5_det,outer,2,random,0.0,1,Single,No_Top,1315,157000
result_trotter_10_Heisenberg2D_cylinder_0.5_0.5_det,outer,2,random,0.0,1,Single,No_Kink,1399,450036
result_trotter_10_Heisenberg2D_cylinder_0.5_0.5_det,outer,2,random,0.0,1,Single,Yes_Kink,1415,456314
result_trotter_10_Heisenberg2D_cylinder_0.5_0.5_det,outer,2,random,0.0,1,Double,No_MSF,749,125900
result_trotter_10_Heisenberg2D_cylinder_0.5_0.5_det,outer,2,random,0.0,1,Double,No_Top,1292,154700
result_trotter_10_Heisenberg2D_cylinder_0.5_0.5_det,outer,2,random,0.0,1,Double,No_Kink,1332,487209
result_trotter_10_Heisenberg2D_cylinder_0.5_0.5_det,outer,2,random,0.0,1,Double,Yes_Kink,1358,486927
result_trotter_10_Heisenberg2D_cylinder_0.5_0.5_det,outer,2,random,0.0,1,Proj,No_MSF,390,90000
result_trotter_10_Heisenberg2D_cylinder_0.5_0.5_det,outer,2,random,0.0,1,Proj,No_Top,1160,141500
result_trotter_10_Heisenberg2D_cylinder_0.5_0.5_det,outer,2,random,0.0,1,Proj,No_Kink,1416,796856
result_trotter_10_Heisenberg2D_cylinder_0.5_0.5_det,outer,2,random,0.0,1,Proj,Yes_Kink,1442,789617
result_SELECT_10_Heisenberg2D_cylinder_0.5_0.5_6,outer,2,random,0.0,2,Single,No_MSF,211,295168
result_SELECT_10_Heisenberg2D_cylinder_0.5_0.5_6,outer,2,random,0.0,2,Single,No_Top,211,289056
result_SELECT_10_Heisenberg2D_cylinder_0.5_0.5_6,outer,2,random,0.0,2,Single,No_Kink,327,998734
result_SELECT_10_Heisenberg2D_cylinder_0.5_0.5_6,outer,2,random,0.0,2,Single,Yes_Kink,336,1011186
result_SELECT_10_Heisenberg2D_cylinder_0.5_0.5_6,outer,2,random,0.0,2,Double,No_MSF,177,250560
result_SELECT_10_Heisenberg2D_cylinder_0.5_0.5_6,outer,2,random,0.0,2,Double,No_Top,177,244448
result_SELECT_10_Heisenberg2D_cylinder_0.5_0.5_6,outer,2,random,0.0,2,Double,No_Kink,276,964355
result_SELECT_10_Heisenberg2D_cylinder_0.5_0.5_6,outer,2,random,0.0,2,Double,Yes_Kink,282,978395
result_SELECT_10_Heisenberg2D_cylinder_0.5_0.5_6,outer,2,random,0.0,2,Proj,No_MSF,108,160032
result_SELECT_10_Heisenberg2D_cylinder_0.5_0.5_6,outer,2,random,0.0,2,Proj,No_Top,123,173600
result_SELECT_10_Heisenberg2D_cylinder_0.5_0.5_6,outer,2,random,0.0,2,Proj,No_Kink,226,1103595
result_SELECT_10_Heisenberg2D_cylinder_0.5_0.5_6,outer,2,random,0.0,2,Proj,Yes_Kink,230,1111254
result_trotter_10_Heisenberg2D_cylinder_0.5_0.5_det,outer,1,SA,1.0,0,Single,No_MSF,756,101100
result_trotter_10_Heisenberg2D_cylinder_0.5_0.5_det,outer,1,SA,1.0,0,Single,No_Top,784,78400
result_trotter_10_Heisenberg2D_cylinder_0.5_0.5_det,outer,1,SA,1.0,0,Single,No_Kink,947,254374
result_trotter_10_Heisenberg2D_cylinder_0.5_0.5_det,outer,1,SA,1.0,0,Double,No_MSF,749,100400
result_trotter_10_Heisenberg2D_cylinder_0.5_0.5_det,outer,1,SA,1.0,0,Double,No_Top,762,76200
result_trotter_10_Heisenberg2D_cylinder_0.5_0.5_det,outer,1,SA,1.0,0,Double,No_Kink,944,306431
result_trotter_10_Heisenberg2D_cylinder_0.5_0.5_det,outer,1,SA,1.0,0,Double,Yes_Kink,1145,351014
result_trotter_10_Heisenberg2D_cylinder_0.5_0.5_det,outer,1,SA,1.0,0,Proj,No_MSF,390,64500
result_trotter_10_Heisenberg2D_cylinder_0.5_0.5_det,outer,1,SA,1.0,0,Proj,No_Top,580,58000
result_trotter_10_Heisenberg2D_cylinder_0.5_0.5_det,outer,1,SA,1.0,0,Proj,No_Kink,920,337156
result_trotter_10_Heisenberg2D_cylinder_0.5_0.5_det,outer,1,SA,1.0,0,Proj,Yes_Kink,940,332961
result_SELECT_10_Heisenberg2D_cylinder_0.5_0.5_2,outer,2,naive,0.0,0,Single,No_MSF,2072,394080
result_SELECT_10_Heisenberg2D_cylinder_0.5_0.5_2,outer,2,naive,0.0,0,Single,No_Top,2072,389536
result_SELECT_10_Heisenberg2D_cylinder_0.5_0.5_2,outer,2,naive,0.0,0,Single,No_Kink,2081,499772
result_SELECT_10_Heisenberg2D_cylinder_0.5_0.5_2,outer,2,naive,0.0,0,Single,Yes_Kink,2111,520452
result_SELECT_10_Heisenberg2D_cylinder_0.5_0.5_2,outer,2,naive,0.0,0,Double,No_MSF,1921,365692
result_SELECT_10_Heisenberg2D_cylinder_0.5_0.5_2,outer,2,naive,0.0,0,Double,No_Top,1921,361148
result_SELECT_10_Heisenberg2D_cylinder_0.5_0.5_2,outer,2,naive,0.0,0,Double,No_Kink,1923,482526
result_SELECT_10_Heisenberg2D_cylinder_0.5_0.5_2,outer,2,naive,0.0,0,Double,Yes_Kink,1950,487507
result_SELECT_10_Heisenberg2D_cylinder_0.5_0.5_2,outer,2,naive,0.0,0,Proj,No_MSF,1668,318128
result_SELECT_10_Heisenberg2D_cylinder_0.5_0.5_2,outer,2,naive,0.0,0,Proj,No_Top,1668,313584
result_SELECT_10_Heisenberg2D_cylinder_0.5_0.5_2,outer,2,naive,0.0,0,Proj,No_Kink,1696,1282985
result_SELECT_10_Heisenberg2D_cylinder_0.5_0.5_2,outer,2,naive,0.0,0,Proj,Yes_Kink,1705,1255013
result_trotter_10_Heisenberg2D_cylinder_0.5_0.5_det,outer,1,SA,0.01,2,Single,No_MSF,756,152100
result_trotter_10_Heisenberg2D_cylinder_0.5_0.5_det,outer,1,SA,0.01,2,Single,No_Top,1864,237400
result_trotter_10_Heisenberg2D_cylinder_0.5_0.5_det,outer,1,SA,0.01,2,Single,No_Kink,1900,494352
result_trotter_10_Heisenberg2D_cylinder_0.5_0.5_det,outer,1,SA,0.01,2,Double,No_MSF,749,151400
result_trotter_10_Heisenberg2D_cylinder_0.5_0.5_det,outer,1,SA,0.01,2,Double,No_Top,1861,237100
result_trotter_10_Heisenberg2D_cylinder_0.5_0.5_det,outer,1,SA,0.01,2,Double,No_Kink,1866,564371
result_trotter_10_Heisenberg2D_cylinder_0.5_0.5_det,outer,1,SA,0.01,2,Double,Yes_Kink,1891,577405
result_trotter_10_Heisenberg2D_cylinder_0.5_0.5_det,outer,1,SA,0.01,2,Proj,No_MSF,390,115500
result_trotter_10_Heisenberg2D_cylinder_0.5_0.5_det,outer,1,SA,0.01,2,Proj,No_Top,1740,225000
result_trotter_10_Heisenberg2D_cylinder_0.5_0.5_det,outer,1,SA,0.01,2,Proj,No_Kink,1938,769274
result_trotter_10_Heisenberg2D_cylinder_0.5_0.5_det,outer,1,SA,0.01,2,Proj,Yes_Kink,1941,740447
result_SELECT_10_Heisenberg2D_cylinder_0.5_0.5_3,inner,1,random,0.0,0,Single,No_MSF,1069,295440
result_SELECT_10_Heisenberg2D_cylinder_0.5_0.5_3,inner,1,random,0.0,0,Single,No_Top,1069,290768
result_SELECT_10_Heisenberg2D_cylinder_0.5_0.5_3,inner,1,random,0.0,0,Single,No_Kink,1302,609562
result_SELECT_10_Heisenberg2D_cylinder_0.5_0.5_3,inner,1,random,0.0,0,Double,No_MSF,987,273136
result_SELECT_10_Heisenberg2D_cylinder_0.5_0.5_3,inner,1,random,0.0,0,Double,No_Top,987,268464
result_SELECT_10_Heisenberg2D_cylinder_0.5_0.5_3,inner,1,random,0.0,0,Double,No_Kink,1016,521564
result_SELECT_10_Heisenberg2D_cylinder_0.5_0.5_3,inner,1,random,0.0,0,Double,Yes_Kink,1019,524056
result_SELECT_10_Heisenberg2D_cylinder_0.5_0.5_3,inner,1,random,0.0,0,Proj,No_MSF,837,232336
result_SELECT_10_Heisenberg2D_cylinder_0.5_0.5_3,inner,1,random,0.0,0,Proj,No_Top,837,227664
result_SELECT_10_Heisenberg2D_cylinder_0.5_0.5_3,inner,1,random,0.0,0,Proj,No_Kink,856,908466
result_SELECT_10_Heisenberg2D_cylinder_0.5_0.5_3,inner,1,random,0.0,0,Proj,Yes_Kink,858,894881
result_SELECT_10_Heisenberg2D_cylinder_0.5_0.5_1,outer,1,SA,0.1,2,Single,No_MSF,4079,600816
result_SELECT_10_Heisenberg2D_cylinder_0.5_0.5_1,outer,1,SA,0.1,2,Single,No_Top,4080,596480
result_SELECT_10_Heisenberg2D_cylinder_0.5_0.5_1,outer,1,SA,0.1,2,Single,No_Kink,4083,684934
result_SELECT_10_Heisenberg2D_cylinder_0.5_0.5_1,outer,1,SA,0.1,2,Double,No_MSF,3792,559488
result_SELECT_10_Heisenberg2D_cylinder_0.5_0.5_1,outer,1,SA,0.1,2,Double,No_Top,3793,555152
result_SELECT_10_Heisenberg2D_cylinder_0.5_0.5_1,outer,1,SA,0.1,2,Double,No_Kink,3793,656678
result_SELECT_10_Heisenberg2D_cylinder_0.5_0.5_1,outer,1,SA,0.1,2,Double,Yes_Kink,3795,655325
result_SELECT_10_Heisenberg2D_cylinder_0.5_0.5_1,outer,1,SA,0.1,2,Proj,No_MSF,3333,493392
result_SELECT_10_Heisenberg2D_cylinder_0.5_0.5_1,outer,1,SA,0.1,2,Proj,No_Top,3333,488912
result_SELECT_10_Heisenberg2D_cylinder_0.5_0.5_1,outer,1,SA,0.1,2,Proj,No_Kink,3340,1692305
result_SELECT_10_Heisenberg2D_cylinder_0.5_0.5_1,outer,1,SA,0.1,2,Proj,Yes_Kink,3339,1623762
result_SELECT_10_Z2LatticeGauge2D_PBC_0_0_6,inner,2,SA,0.001,2,Single,No_MSF,113,138212
result_SELECT_10_Z2LatticeGauge2D_PBC_0_0_6,inner,2,SA,0.001,2,Single,No_Top,119,142620
result_SELECT_10_Z2LatticeGauge2D_PBC_0_0_6,inner,2,SA,0.001,2,Single,No_Kink,124,232367
result_SELECT_10_Z2LatticeGauge2D_PBC_0_0_6,inner,2,SA,0.001,2,Single,Yes_Kink,124,239626
result_SELECT_10_Z2LatticeGauge2D_PBC_0_0_6,inner,2,SA,0.001,2,Double,No_MSF,91,112780
result_SELECT_10_Z2LatticeGauge2D_PBC_0_0_6,inner,2,SA,0.001,2,Double,No_Top,98,118344
result_SELECT_10_Z2LatticeGauge2D_PBC_0_0_6,inner,2,SA,0.001,2,Double,No_Kink,100,214643
result_SELECT_10_Z2LatticeGauge2D_PBC_0_0_6,inner,2,SA,0.001,2,Double,Yes_Kink,104,220696
result_SELECT_10_Z2LatticeGauge2D_PBC_0_0_6,inner,2,SA,0.001,2,Proj,No_MSF,43,57292
result_SELECT_10_Z2LatticeGauge2D_PBC_0_0_6,inner,2,SA,0.001,2,Proj,No_Top,57,70948
result_SELECT_10_Z2LatticeGauge2D_PBC_0_0_6,inner,2,SA,0.001,2,Proj,No_Kink,70,288522
result_SELECT_10_Z2LatticeGauge2D_PBC_0_0_6,inner,2,SA,0.001,2,Proj,Yes_Kink,73,291889
result_SELECT_10_FermiHubbard2D_cylinder_0_0_6,inner,2,naive,0.0,2,Single,No_MSF,489,708804
result_SELECT_10_FermiHubbard2D_cylinder_0_0_6,inner,2,naive,0.0,2,Single,No_Top,489,702692
result_SELECT_10_FermiHubbard2D_cylinder_0_0_6,inner,2,naive,0.0,2,Single,No_Kink,837,1910244
result_SELECT_10_FermiHubbard2D_cylinder_0_0_6,inner,2,naive,0.0,2,Single,Yes_Kink,794,1873698
result_SELECT_10_FermiHubbard2D_cylinder_0_0_6,inner,2,naive,0.0,2,Double,No_MSF,473,686212
result_SELECT_10_FermiHubbard2D_cylinder_0_0_6,inner,2,naive,0.0,2,Double,No_Top,473,680100
result_SELECT_10_FermiHubbard2D_cylinder_0_0_6,inner,2,naive,0.0,2,Double,No_Kink,720,1779896
result_SELECT_10_FermiHubbard2D_cylinder_0_0_6,inner,2,naive,0.0,2,Double,Yes_Kink,735,1811633
result_SELECT_10_FermiHubbard2D_cylinder_0_0_6,inner,2,naive,0.0,2,Proj,No_MSF,407,593020
result_SELECT_10_FermiHubbard2D_cylinder_0_0_6,inner,2,naive,0.0,2,Proj,No_Top,407,586908
result_SELECT_10_FermiHubbard2D_cylinder_0_0_6,inner,2,naive,0.0,2,Proj,No_Kink,764,3912385
result_SELECT_10_FermiHubbard2D_cylinder_0_0_6,inner,2,naive,0.0,2,Proj,Yes_Kink,778,3943580
result_SELECT_10_Heisenberg2D_cylinder_0.5_0.5_0,inner,1,SA,0.001,0,Single,No_MSF,8099,992534
result_SELECT_10_Heisenberg2D_cylinder_0.5_0.5_0,inner,1,SA,0.001,0,Single,No_Top,8099,988078
result_SELECT_10_Heisenberg2D_cylinder_0.5_0.5_0,inner,1,SA,0.001,0,Single,No_Kink,8099,1079234
result_SELECT_10_Heisenberg2D_cylinder_0.5_0.5_0,inner,1,SA,0.001,0,Double,No_MSF,7536,923848
result_SELECT_10_Heisenberg2D_cylinder_0.5_0.5_0,inner,1,SA,0.001,0,Double,No_Top,7536,919392
result_SELECT_10_Heisenberg2D_cylinder_0.5_0.5_0,inner,1,SA,0.001,0,Double,No_Kink,7536,1022141
result_SELECT_10_Heisenberg2D_cylinder_0.5_0.5_0,inner,1,SA,0.001,0,Double,Yes_Kink,7536,1020078
result_SELECT_10_Heisenberg2D_cylinder_0.5_0.5_0,inner,1,SA,0.001,0,Proj,No_MSF,6660,816976
result_SELECT_10_Heisenberg2D_cylinder_0.5_0.5_0,inner,1,SA,0.001,0,Proj,No_Top,6660,812520
result_SELECT_10_Heisenberg2D_cylinder_0.5_0.5_0,inner,1,SA,0.001,0,Proj,No_Kink,6664,2610980
result_SELECT_10_Heisenberg2D_cylinder_0.5_0.5_0,inner,1,SA,0.001,0,Proj,Yes_Kink,6664,2556926
result_trotter_10_Heisenberg2D_cylinder_0.5_0.5_rand,outer,1,SA,1.0,1,Single,No_MSF,744,125400
result_trotter_10_Heisenberg2D_cylinder_0.5_0.5_rand,outer,1,SA,1.0,1,Single,No_Top,1231,148600
result_trotter_10_Heisenberg2D_cylinder_0.5_0.5_rand,outer,1,SA,1.0,1,Single,No_Kink,1311,361254
result_trotter_10_Heisenberg2D_cylinder_0.5_0.5_rand,outer,1,SA,1.0,1,Double,No_MSF,721,123100
result_trotter_10_Heisenberg2D_cylinder_0.5_0.5_rand,outer,1,SA,1.0,1,Double,No_Top,1211,146600
result_trotter_10_Heisenberg2D_cylinder_0.5_0.5_rand,outer,1,SA,1.0,1,Double,No_Kink,1257,423196
result_trotter_10_Heisenberg2D_cylinder_0.5_0.5_rand,outer,1,SA,1.0,1,Double,Yes_Kink,1348,438751
result_trotter_10_Heisenberg2D_cylinder_0.5_0.5_rand,outer,1,SA,1.0,1,Proj,No_MSF,390,90000
result_trotter_10_Heisenberg2D_cylinder_0.5_0.5_rand,outer,1,SA,1.0,1,Proj,No_Top,1160,141500
result_trotter_10_Heisenberg2D_cylinder_0.5_0.5_rand,outer,1,SA,1.0,1,Proj,No_Kink,1264,508620
result_trotter_10_Heisenberg2D_cylinder_0.5_0.5_rand,outer,1,SA,1.0,1,Proj,Yes_Kink,1294,499645
result_SELECT_10_Heisenberg2D_cylinder_0.5_0.5_3,inner,2,SA,0.1,0,Single,No_MSF,1069,295440
result_SELECT_10_Heisenberg2D_cylinder_0.5_0.5_3,inner,2,SA,0.1,0,Single,No_Top,1069,290768
result_SELECT_10_Heisenberg2D_cylinder_0.5_0.5_3,inner,2,SA,0.1,0,Single,No_Kink,1069,340411
result_SELECT_10_Heisenberg2D_cylinder_0.5_0.5_3,inner,2,SA,0.1,0,Single,Yes_Kink,1069,351783
result_SELECT_10_Heisenberg2D_cylinder_0.5_0.5_3,inner,2,SA,0.1,0,Double,No_MSF,987,273136
result_SELECT_10_Heisenberg2D_cylinder_0.5_0.5_3,inner,2,SA,0.1,0,Double,No_Top,987,268464
result_SELECT_10_Heisenberg2D_cylinder_0.5_0.5_3,inner,2,SA,0.1,0,Double,No_Kink,988,335113
result_SELECT_10_Heisenberg2D_cylinder_0.5_0.5_3,inner,2,SA,0.1,0,Double,Yes_Kink,1025,342712
result_SELECT_10_Heisenberg2D_cylinder_0.5_0.5_3,inner,2,SA,0.1,0,Proj,No_MSF,837,232336
result_SELECT_10_Heisenberg2D_cylinder_0.5_0.5_3,inner,2,SA,0.1,0,Proj,No_Top,837,227664
result_SELECT_10_Heisenberg2D_cylinder_0.5_0.5_3,inner,2,SA,0.1,0,Proj,No_Kink,847,875182
result_SELECT_10_Heisenberg2D_cylinder_0.5_0.5_3,inner,2,SA,0.1,0,Proj,Yes_Kink,849,861495
result_trotter_10_Heisenberg2D_cylinder_0.5_0.5_det,outer,2,SA,0.01,0,Single,No_MSF,756,101100
result_trotter_10_Heisenberg2D_cylinder_0.5_0.5_det,outer,2,SA,0.01,0,Single,No_Top,784,78400
result_trotter_10_Heisenberg2D_cylinder_0.5_0.5_det,outer,2,SA,0.01,0,Single,No_Kink,1027,322748
result_trotter_10_Heisenberg2D_cylinder_0.5_0.5_det,outer,2,SA,0.01,0,Single,Yes_Kink,1047,323695
result_trotter_10_Heisenberg2D_cylinder_0.5_0.5_det,outer,2,SA,0.01,0,Double,No_MSF,749,100400
result_trotter_10_Heisenberg2D_cylinder_0.5_0.5_det,outer,2,SA,0.01,0,Double,No_Top,762,76200
result_trotter_10_Heisenberg2D_cylinder_0.5_0.5_det,outer,2,SA,0.01,0,Double,No_Kink,1011,380142
result_trotter_10_Heisenberg2D_cylinder_0.5_0.5_det,outer,2,SA,0.01,0,Double,Yes_Kink,1123,417485
result_trotter_10_Heisenberg2D_cylinder_0.5_0.5_det,outer,2,SA,0.01,0,Proj,No_MSF,390,64500
result_trotter_10_Heisenberg2D_cylinder_0.5_0.5_det,outer,2,SA,0.01,0,Proj,No_Top,580,58000
result_trotter_10_Heisenberg2D_cylinder_0.5_0.5_det,outer,2,SA,0.01,0,Proj,No_Kink,875,464213
result_trotter_10_Heisenberg2D_cylinder_0.5_0.5_det,outer,2,SA,0.01,0,Proj,Yes_Kink,924,474440
result_trotter_10_Heisenberg2D_cylinder_0.5_0.5_det,inner,1,random,0.0,1,Single,No_MSF,756,126600
result_trotter_10_Heisenberg2D_cylinder_0.5_0.5_det,inner,1,random,0.0,1,Single,No_Top,1315,157000
result_trotter_10_Heisenberg2D_cylinder_0.5_0.5_det,inner,1,random,0.0,1,Single,No_Kink,1446,354364
result_trotter_10_Heisenberg2D_cylinder_0.5_0.5_det,inner,1,random,0.0,1,Double,No_MSF,749,125900
result_trotter_10_Heisenberg2D_cylinder_0.5_0.5_det,inner,1,random,0.0,1,Double,No_Top,1292,154700
result_trotter_10_Heisenberg2D_cylinder_0.5_0.5_det,inner,1,random,0.0,1,Double,No_Kink,1379,392855
result_trotter_10_Heisenberg2D_cylinder_0.5_0.5_det,inner,1,random,0.0,1,Double,Yes_Kink,1418,397721
result_trotter_10_Heisenberg2D_cylinder_0.5_0.5_det,inner,1,random,0.0,1,Proj,No_MSF,390,90000
result_trotter_10_Heisenberg2D_cylinder_0.5_0.5_det,inner,1,random,0.0,1,Proj,No_Top,1160,141500
result_trotter_10_Heisenberg2D_cylinder_0.5_0.5_det,inner,1,random,0.0,1,Proj,No_Kink,1395,525903
result_trotter_10_Heisenberg2D_cylinder_0.5_0.5_det,inner,1,random,0.0,1,Proj,Yes_Kink,1451,515740
result_SELECT_10_Heisenberg2D_cylinder_0.5_0.5_5,outer,1,SA,0.1,0,Single,No_MSF,327,246016
result_SELECT_10_Heisenberg2D_cylinder_0.5_0.5_5,outer,1,SA,0.1,0,Single,No_Top,327,240672
result_SELECT_10_Heisenberg2D_cylinder_0.5_0.5_5,outer,1,SA,0.1,0,Single,No_Kink,347,407832
result_SELECT_10_Heisenberg2D_cylinder_0.5_0.5_5,outer,1,SA,0.1,0,Double,No_MSF,290,218784
result_SELECT_10_Heisenberg2D_cylinder_0.5_0.5_5,outer,1,SA,0.1,0,Double,No_Top,290,213440
result_SELECT_10_Heisenberg2D_cylinder_0.5_0.5_5,outer,1,SA,0.1,0,Double,No_Kink,308,388283
result_SELECT_10_Heisenberg2D_cylinder_0.5_0.5_5,outer,1,SA,0.1,0,Double,Yes_Kink,309,389344
result_SELECT_10_Heisenberg2D_cylinder_0.5_0.5_5,outer,1,SA,0.1,0,Proj,No_MSF,213,162112
result_SELECT_10_Heisenberg2D_cylinder_0.5_0.5_5,outer,1,SA,0.1,0,Proj,No_Top,213,156768
result_SELECT_10_Heisenberg2D_cylinder_0.5_0.5_5,outer,1,SA,0.1,0,Proj,No_Kink,258,711090
result_SELECT_10_Heisenberg2D_cylinder_0.5_0.5_5,outer,1,SA,0.1,0,Proj,Yes_Kink,265,717960
result_SELECT_10_Heisenberg2D_cylinder_0.5_0.5_0,inner,2,SA,0.001,2,Single,No_MSF,8099,1001446
result_SELECT_10_Heisenberg2D_cylinder_0.5_0.5_0,inner,2,SA,0.001,2,Single,No_Top,8101,997234
result_SELECT_10_Heisenberg2D_cylinder_0.5_0.5_0,inner,2,SA,0.001,2,Single,No_Kink,8101,1069354
result_SELECT_10_Heisenberg2D_cylinder_0.5_0.5_0,inner,2,SA,0.001,2,Single,Yes_Kink,8101,1080912
result_SELECT_10_Heisenberg2D_cylinder_0.5_0.5_0,inner,2,SA,0.001,2,Double,No_MSF,7536,932760
result_SELECT_10_Heisenberg2D_cylinder_0.5_0.5_0,inner,2,SA,0.001,2,Double,No_Top,7537,928426
result_SELECT_10_Heisenberg2D_cylinder_0.5_0.5_0,inner,2,SA,0.001,2,Double,No_Kink,7537,1015103
result_SELECT_10_Heisenberg2D_cylinder_0.5_0.5_0,inner,2,SA,0.001,2,Double,Yes_Kink,7537,1013749
result_SELECT_10_Heisenberg2D_cylinder_0.5_0.5_0,inner,2,SA,0.001,2,Proj,No_MSF,6660,825888
result_SELECT_10_Heisenberg2D_cylinder_0.5_0.5_0,inner,2,SA,0.001,2,Proj,No_Top,6660,821432
result_SELECT_10_Heisenberg2D_cylinder_0.5_0.5_0,inner,2,SA,0.001,2,Proj,No_Kink,6661,2452989
result_SELECT_10_Heisenberg2D_cylinder_0.5_0.5_0,inner,2,SA,0.001,2,Proj,Yes_Kink,6663,2376313
result_SELECT_100_Heisenberg1D_OBC_1_0_6,outer,1,SA,1.0,2,Single,No_MSF,206,309976
result_SELECT_100_Heisenberg1D_OBC_1_0_6,outer,1,SA,1.0,2,Single,No_Top,211,310668
result_SELECT_100_Heisenberg1D_OBC_1_0_6,outer,1,SA,1.0,2,Single,No_Kink,240,592920
result_SELECT_100_Heisenberg1D_OBC_1_0_6,outer,1,SA,1.0,2,Double,No_MSF,185,280324
result_SELECT_100_Heisenberg1D_OBC_1_0_6,outer,1,SA,1.0,2,Double,No_Top,185,273956
result_SELECT_100_Heisenberg1D_OBC_1_0_6,outer,1,SA,1.0,2,Double,No_Kink,197,560353
result_SELECT_100_Heisenberg1D_OBC_1_0_6,outer,1,SA,1.0,2,Double,Yes_Kink,204,590693
result_SELECT_100_Heisenberg1D_OBC_1_0_6,outer,1,SA,1.0,2,Proj,No_MSF,117,184308
result_SELECT_100_Heisenberg1D_OBC_1_0_6,outer,1,SA,1.0,2,Proj,No_Top,123,186412
result_SELECT_100_Heisenberg1D_OBC_1_0_6,outer,1,SA,1.0,2,Proj,No_Kink,177,878597
result_SELECT_100_Heisenberg1D_OBC_1_0_6,outer,1,SA,1.0,2,Proj,Yes_Kink,184,892394
result_SELECT_10_Heisenberg2D_cylinder_0.5_0.5_1,outer,2,SA,1.0,0,Single,No_MSF,4079,591856
result_SELECT_10_Heisenberg2D_cylinder_0.5_0.5_1,outer,2,SA,1.0,0,Single,No_Top,4079,587376
result_SELECT_10_Heisenberg2D_cylinder_0.5_0.5_1,outer,2,SA,1.0,0,Single,No_Kink,4079,641215
result_SELECT_10_Heisenberg2D_cylinder_0.5_0.5_1,outer,2,SA,1.0,0,Single,Yes_Kink,4079,652879
result_SELECT_10_Heisenberg2D_cylinder_0.5_0.5_1,outer,2,SA,1.0,0,Double,No_MSF,3792,550528
result_SELECT_10_Heisenberg2D_cylinder_0.5_0.5_1,outer,2,SA,1.0,0,Double,No_Top,3792,546048
result_SELECT_10_Heisenberg2D_cylinder_0.5_0.5_1,outer,2,SA,1.0,0,Double,No_Kink,3792,614175
result_SELECT_10_Heisenberg2D_cylinder_0.5_0.5_1,outer,2,SA,1.0,0,Double,Yes_Kink,3792,610668
result_SELECT_10_Heisenberg2D_cylinder_0.5_0.5_1,outer,2,SA,1.0,0,Proj,No_MSF,3333,484432
result_SELECT_10_Heisenberg2D_cylinder_0.5_0.5_1,outer,2,SA,1.0,0,Proj,No_Top,3333,479952
result_SELECT_10_Heisenberg2D_cylinder_0.5_0.5_1,outer,2,SA,1.0,0,Proj,No_Kink,3335,1544376
result_SELECT_10_Heisenberg2D_cylinder_0.5_0.5_1,outer,2,SA,1.0,0,Proj,Yes_Kink,3338,1494933
result_SELECT_10_Heisenberg2D_cylinder_0.5_0.5_5,inner,1,SA,0.1,0,Single,No_MSF,327,246016
result_SELECT_10_Heisenberg2D_cylinder_0.5_0.5_5,inner,1,SA,0.1,0,Single,No_Top,327,240672
result_SELECT_10_Heisenberg2D_cylinder_0.5_0.5_5,inner,1,SA,0.1,0,Single,No_Kink,342,368890
result_SELECT_10_Heisenberg2D_cylinder_0.5_0.5_5,inner,1,SA,0.1,0,Double,No_MSF,290,218784
result_SELECT_10_Heisenberg2D_cylinder_0.5_0.5_5,inner,1,SA,0.1,0,Double,No_Top,290,213440
result_SELECT_10_Heisenberg2D_cylinder_0.5_0.5_5,inner,1,SA,0.1,0,Double,No_Kink,298,346294
result_SELECT_10_Heisenberg2D_cylinder_0.5_0.5_5,inner,1,SA,0.1,0,Double,Yes_Kink,310,366236
result_SELECT_10_Heisenberg2D_cylinder_0.5_0.5_5,inner,1,SA,0.1,0,Proj,No_MSF,213,162112
result_SELECT_10_Heisenberg2D_cylinder_0.5_0.5_5,inner,1,SA,0.1,0,Proj,No_Top,213,156768
result_SELECT_10_Heisenberg2D_cylinder_0.5_0.5_5,inner,1,SA,0.1,0,Proj,No_Kink,262,706087
result_SELECT_10_Heisenberg2D_cylinder_0.5_0.5_5,inner,1,SA,0.1,0,Proj,Yes_Kink,271,710994
result_SELECT_100_Heisenberg1D_OBC_1_0_6,inner,2,SA,0.1,2,Single,No_MSF,206,309976
result_SELECT_100_Heisenberg1D_OBC_1_0_6,inner,2,SA,0.1,2,Single,No_Top,211,310668
result_SELECT_100_Heisenberg1D_OBC_1_0_6,inner,2,SA,0.1,2,Single,No_Kink,213,486864
result_SELECT_100_Heisenberg1D_OBC_1_0_6,inner,2,SA,0.1,2,Single,Yes_Kink,214,501272
result_SELECT_100_Heisenberg1D_OBC_1_0_6,inner,2,SA,0.1,2,Double,No_MSF,185,280324
result_SELECT_100_Heisenberg1D_OBC_1_0_6,inner,2,SA,0.1,2,Double,No_Top,185,273956
result_SELECT_100_Heisenberg1D_OBC_1_0_6,inner,2,SA,0.1,2,Double,No_Kink,186,466181
result_SELECT_100_Heisenberg1D_OBC_1_0_6,inner,2,SA,0.1,2,Double,Yes_Kink,192,478650
result_SELECT_100_Heisenberg1D_OBC_1_0_6,inner,2,SA,0.1,2,Proj,No_MSF,117,184308
result_SELECT_100_Heisenberg1D_OBC_1_0_6,inner,2,SA,0.1,2,Proj,No_Top,123,186412
result_SELECT_100_Heisenberg1D_OBC_1_0_6,inner,2,SA,0.1,2,Proj,No_Kink,153,781005
result_SELECT_100_Heisenberg1D_OBC_1_0_6,inner,2,SA,0.1,2,Proj,Yes_Kink,154,774524
result_trotter_10_Heisenberg2D_cylinder_0.5_0.5_det,inner,1,SA,0.1,0,Single,No_MSF,756,101100
result_trotter_10_Heisenberg2D_cylinder_0.5_0.5_det,inner,1,SA,0.1,0,Single,No_Top,784,78400
result_trotter_10_Heisenberg2D_cylinder_0.5_0.5_det,inner,1,SA,0.1,0,Single,No_Kink,931,231736
result_trotter_10_Heisenberg2D_cylinder_0.5_0.5_det,inner,1,SA,0.1,0,Double,No_MSF,749,100400
result_trotter_10_Heisenberg2D_cylinder_0.5_0.5_det,inner,1,SA,0.1,0,Double,No_Top,762,76200
result_trotter_10_Heisenberg2D_cylinder_0.5_0.5_det,inner,1,SA,0.1,0,Double,No_Kink,933,289608
result_trotter_10_Heisenberg2D_cylinder_0.5_0.5_det,inner,1,SA,0.1,0,Double,Yes_Kink,1126,337895
result_trotter_10_Heisenberg2D_cylinder_0.5_0.5_det,inner,1,SA,0.1,0,Proj,No_MSF,390,64500
result_trotter_10_Heisenberg2D_cylinder_0.5_0.5_det,inner,1,SA,0.1,0,Proj,No_Top,580,58000
result_trotter_10_Heisenberg2D_cylinder_0.5_0.5_det,inner,1,SA,0.1,0,Proj,No_Kink,921,327151
result_trotter_10_Heisenberg2D_cylinder_0.5_0.5_det,inner,1,SA,0.1,0,Proj,Yes_Kink,958,320588
result_trotter_10_Heisenberg2D_cylinder_0.5_0.5_rand,outer,1,SA,0.1,1,Single,No_MSF,744,125400
result_trotter_10_Heisenberg2D_cylinder_0.5_0.5_rand,outer,1,SA,0.1,1,Single,No_Top,1231,148600
result_trotter_10_Heisenberg2D_cylinder_0.5_0.5_rand,outer,1,SA,0.1,1,Single,No_Kink,1310,366796
result_trotter_10_Heisenberg2D_cylinder_0.5_0.5_rand,outer,1,SA,0.1,1,Double,No_MSF,721,123100
result_trotter_10_Heisenberg2D_cylinder_0.5_0.5_rand,outer,1,SA,0.1,1,Double,No_Top,1211,146600
result_trotter_10_Heisenberg2D_cylinder_0.5_0.5_rand,outer,1,SA,0.1,1,Double,No_Kink,1255,427713
result_trotter_10_Heisenberg2D_cylinder_0.5_0.5_rand,outer,1,SA,0.1,1,Double,Yes_Kink,1350,445556
result_trotter_10_Heisenberg2D_cylinder_0.5_0.5_rand,outer,1,SA,0.1,1,Proj,No_MSF,390,90000
result_trotter_10_Heisenberg2D_cylinder_0.5_0.5_rand,outer,1,SA,0.1,1,Proj,No_Top,1160,141500
result_trotter_10_Heisenberg2D_cylinder_0.5_0.5_rand,outer,1,SA,0.1,1,Proj,No_Kink,1276,513186
result_trotter_10_Heisenberg2D_cylinder_0.5_0.5_rand,outer,1,SA,0.1,1,Proj,Yes_Kink,1302,501760
result_SELECT_10_Heisenberg2D_cylinder_0.5_0.5_6,inner,2,naive,0.0,0,Single,No_MSF,211,282944
result_SELECT_10_Heisenberg2D_cylinder_0.5_0.5_6,inner,2,naive,0.0,0,Single,No_Top,211,276832
result_SELECT_10_Heisenberg2D_cylinder_0.5_0.5_6,inner,2,naive,0.0,0,Single,No_Kink,619,1292609
result_SELECT_10_Heisenberg2D_cylinder_0.5_0.5_6,inner,2,naive,0.0,0,Single,Yes_Kink,564,1242291
result_SELECT_10_Heisenberg2D_cylinder_0.5_0.5_6,inner,2,naive,0.0,0,Double,No_MSF,177,238336
result_SELECT_10_Heisenberg2D_cylinder_0.5_0.5_6,inner,2,naive,0.0,0,Double,No_Top,177,232224
result_SELECT_10_Heisenberg2D_cylinder_0.5_0.5_6,inner,2,naive,0.0,0,Double,No_Kink,531,1202408
result_SELECT_10_Heisenberg2D_cylinder_0.5_0.5_6,inner,2,naive,0.0,0,Double,Yes_Kink,543,1227550
result_SELECT_10_Heisenberg2D_cylinder_0.5_0.5_6,inner,2,naive,0.0,0,Proj,No_MSF,108,147808
result_SELECT_10_Heisenberg2D_cylinder_0.5_0.5_6,inner,2,naive,0.0,0,Proj,No_Top,108,141696
result_SELECT_10_Heisenberg2D_cylinder_0.5_0.5_6,inner,2,naive,0.0,0,Proj,No_Kink,518,2468618
result_SELECT_10_Heisenberg2D_cylinder_0.5_0.5_6,inner,2,naive,0.0,0,Proj,Yes_Kink,526,2478110
result_SELECT_10_Heisenberg2D_cylinder_0.5_0.5_6,outer,2,SA,1.0,6,Single,No_MSF,211,319616
result_SELECT_10_Heisenberg2D_cylinder_0.5_0.5_6,outer,2,SA,1.0,6,Single,No_Top,331,470944
result_SELECT_10_Heisenberg2D_cylinder_0.5_0.5_6,outer,2,SA,1.0,6,Single,No_Kink,333,737785
result_SELECT_10_Heisenberg2D_cylinder_0.5_0.5_6,outer,2,SA,1.0,6,Single,Yes_Kink,334,749673
result_SELECT_10_Heisenberg2D_cylinder_0.5_0.5_6,outer,2,SA,1.0,6,Double,No_MSF,177,275008
result_SELECT_10_Heisenberg2D_cylinder_0.5_0.5_6,outer,2,SA,1.0,6,Double,No_Top,314,448640
result_SELECT_10_Heisenberg2D_cylinder_0.5_0.5_6,outer,2,SA,1.0,6,Double,No_Kink,317,723028
result_SELECT_10_Heisenberg2D_cylinder_0.5_0.5_6,outer,2,SA,1.0,6,Double,Yes_Kink,324,731043
result_SELECT_10_Heisenberg2D_cylinder_0.5_0.5_6,outer,2,SA,1.0,6,Proj,No_MSF,108,184480
result_SELECT_10_Heisenberg2D_cylinder_0.5_0.5_6,outer,2,SA,1.0,6,Proj,No_Top,287,413216
result_SELECT_10_Heisenberg2D_cylinder_0.5_0.5_6,outer,2,SA,1.0,6,Proj,No_Kink,287,1286624
result_SELECT_10_Heisenberg2D_cylinder_0.5_0.5_6,outer,2,SA,1.0,6,Proj,Yes_Kink,287,1293741
result_SELECT_10_Heisenberg2D_cylinder_0.5_0.5_5,outer,2,SA,0.1,2,Single,No_MSF,327,256704
result_SELECT_10_Heisenberg2D_cylinder_0.5_0.5_5,outer,2,SA,0.1,2,Single,No_Top,327,251360
result_SELECT_10_Heisenberg2D_cylinder_0.5_0.5_5,outer,2,SA,0.1,2,Single,No_Kink,337,384323
result_SELECT_10_Heisenberg2D_cylinder_0.5_0.5_5,outer,2,SA,0.1,2,Single,Yes_Kink,344,404737
result_SELECT_10_Heisenberg2D_cylinder_0.5_0.5_5,outer,2,SA,0.1,2,Double,No_MSF,290,229472
result_SELECT_10_Heisenberg2D_cylinder_0.5_0.5_5,outer,2,SA,0.1,2,Double,No_Top,291,224864
result_SELECT_10_Heisenberg2D_cylinder_0.5_0.5_5,outer,2,SA,0.1,2,Double,No_Kink,299,372690
result_SELECT_10_Heisenberg2D_cylinder_0.5_0.5_5,outer,2,SA,0.1,2,Double,Yes_Kink,306,378629
result_SELECT_10_Heisenberg2D_cylinder_0.5_0.5_5,outer,2,SA,0.1,2,Proj,No_MSF,213,172800
result_SELECT_10_Heisenberg2D_cylinder_0.5_0.5_5,outer,2,SA,0.1,2,Proj,No_Top,213,167456
result_SELECT_10_Heisenberg2D_cylinder_0.5_0.5_5,outer,2,SA,0.1,2,Proj,No_Kink,245,741622
result_SELECT_10_Heisenberg2D_cylinder_0.5_0.5_5,outer,2,SA,0.1,2,Proj,Yes_Kink,249,735357
result_SELECT_10_Heisenberg2D_cylinder_0.5_0.5_3,inner,2,SA,1.0,2,Single,No_MSF,1069,304784
result_SELECT_10_Heisenberg2D_cylinder_0.5_0.5_3,inner,2,SA,1.0,2,Single,No_Top,1069,300112
result_SELECT_10_Heisenberg2D_cylinder_0.5_0.5_3,inner,2,SA,1.0,2,Single,No_Kink,1070,351327
result_SELECT_10_Heisenberg2D_cylinder_0.5_0.5_3,inner,2,SA,1.0,2,Single,Yes_Kink,1070,363866
result_SELECT_10_Heisenberg2D_cylinder_0.5_0.5_3,inner,2,SA,1.0,2,Double,No_MSF,987,282480
result_SELECT_10_Heisenberg2D_cylinder_0.5_0.5_3,inner,2,SA,1.0,2,Double,No_Top,987,277808
result_SELECT_10_Heisenberg2D_cylinder_0.5_0.5_3,inner,2,SA,1.0,2,Double,No_Kink,990,345346
result_SELECT_10_Heisenberg2D_cylinder_0.5_0.5_3,inner,2,SA,1.0,2,Double,Yes_Kink,1022,350713
result_SELECT_10_Heisenberg2D_cylinder_0.5_0.5_3,inner,2,SA,1.0,2,Proj,No_MSF,837,241680
result_SELECT_10_Heisenberg2D_cylinder_0.5_0.5_3,inner,2,SA,1.0,2,Proj,No_Top,837,237008
result_SELECT_10_Heisenberg2D_cylinder_0.5_0.5_3,inner,2,SA,1.0,2,Proj,No_Kink,850,850115
result_SELECT_10_Heisenberg2D_cylinder_0.5_0.5_3,inner,2,SA,1.0,2,Proj,Yes_Kink,859,783314
result_SELECT_10_Z2LatticeGauge2D_PBC_0_0_6,outer,2,SA,0.001,2,Single,No_MSF,113,138212
result_SELECT_10_Z2LatticeGauge2D_PBC_0_0_6,outer,2,SA,0.001,2,Single,No_Top,119,142620
result_SELECT_10_Z2LatticeGauge2D_PBC_0_0_6,outer,2,SA,0.001,2,Single,No_Kink,139,279428
result_SELECT_10_Z2LatticeGauge2D_PBC_0_0_6,outer,2,SA,0.001,2,Single,Yes_Kink,142,286684
result_SELECT_10_Z2LatticeGauge2D_PBC_0_0_6,outer,2,SA,0.001,2,Double,No_MSF,91,112780
result_SELECT_10_Z2LatticeGauge2D_PBC_0_0_6,outer,2,SA,0.001,2,Double,No_Top,98,118344
result_SELECT_10_Z2LatticeGauge2D_PBC_0_0_6,outer,2,SA,0.001,2,Double,No_Kink,114,260899
result_SELECT_10_Z2LatticeGauge2D_PBC_0_0_6,outer,2,SA,0.001,2,Double,Yes_Kink,118,270274
result_SELECT_10_Z2LatticeGauge2D_PBC_0_0_6,outer,2,SA,0.001,2,Proj,No_MSF,43,57292
result_SELECT_10_Z2LatticeGauge2D_PBC_0_0_6,outer,2,SA,0.001,2,Proj,No_Top,57,70948
result_SELECT_10_Z2LatticeGauge2D_PBC_0_0_6,outer,2,SA,0.001,2,Proj,No_Kink,75,327042
result_SELECT_10_Z2LatticeGauge2D_PBC_0_0_6,outer,2,SA,0.001,2,Proj,Yes_Kink,78,332416
result_SELECT_10_Heisenberg2D_cylinder_0.5_0.5_6,outer,1,naive,0.0,8,Single,No_MSF,211,331840
result_SELECT_10_Heisenberg2D_cylinder_0.5_0.5_6,outer,1,naive,0.0,8,Single,No_Top,408,584192
result_SELECT_10_Heisenberg2D_cylinder_0.5_0.5_6,outer,1,naive,0.0,8,Single,No_Kink,1014,2158382
result_SELECT_10_Heisenberg2D_cylinder_0.5_0.5_6,outer,1,naive,0.0,8,Double,No_MSF,177,287232
result_SELECT_10_Heisenberg2D_cylinder_0.5_0.5_6,outer,1,naive,0.0,8,Double,No_Top,392,563200
result_SELECT_10_Heisenberg2D_cylinder_0.5_0.5_6,outer,1,naive,0.0,8,Double,No_Kink,765,1859913
result_SELECT_10_Heisenberg2D_cylinder_0.5_0.5_6,outer,1,naive,0.0,8,Double,Yes_Kink,768,1872763
result_SELECT_10_Heisenberg2D_cylinder_0.5_0.5_6,outer,1,naive,0.0,8,Proj,No_MSF,108,196704
result_SELECT_10_Heisenberg2D_cylinder_0.5_0.5_6,outer,1,naive,0.0,8,Proj,No_Top,369,533024
result_SELECT_10_Heisenberg2D_cylinder_0.5_0.5_6,outer,1,naive,0.0,8,Proj,No_Kink,736,3405508
result_SELECT_10_Heisenberg2D_cylinder_0.5_0.5_6,outer,1,naive,0.0,8,Proj,Yes_Kink,744,3401790
result_SELECT_10_Heisenberg2D_cylinder_0.5_0.5_1,inner,1,naive,0.0,2,Single,No_MSF,4079,600816
result_SELECT_10_Heisenberg2D_cylinder_0.5_0.5_1,inner,1,naive,0.0,2,Single,No_Top,4080,596480
result_SELECT_10_Heisenberg2D_cylinder_0.5_0.5_1,inner,1,naive,0.0,2,Single,No_Kink,4082,715796
result_SELECT_10_Heisenberg2D_cylinder_0.5_0.5_1,inner,1,naive,0.0,2,Double,No_MSF,3792,559488
result_SELECT_10_Heisenberg2D_cylinder_0.5_0.5_1,inner,1,naive,0.0,2,Double,No_Top,3793,555152
result_SELECT_10_Heisenberg2D_cylinder_0.5_0.5_1,inner,1,naive,0.0,2,Double,No_Kink,3796,682956
result_SELECT_10_Heisenberg2D_cylinder_0.5_0.5_1,inner,1,naive,0.0,2,Double,Yes_Kink,3799,681681
result_SELECT_10_Heisenberg2D_cylinder_0.5_0.5_1,inner,1,naive,0.0,2,Proj,No_MSF,3333,493392
result_SELECT_10_Heisenberg2D_cylinder_0.5_0.5_1,inner,1,naive,0.0,2,Proj,No_Top,3333,488912
result_SELECT_10_Heisenberg2D_cylinder_0.5_0.5_1,inner,1,naive,0.0,2,Proj,No_Kink,3354,1732178
result_SELECT_10_Heisenberg2D_cylinder_0.5_0.5_1,inner,1,naive,0.0,2,Proj,Yes_Kink,3356,1710266
result_SELECT_100_random_local_OBC_0_0_6,outer,1,SA,0.1,2,Single,No_MSF,247,306944
result_SELECT_100_random_local_OBC_0_0_6,outer,1,SA,0.1,2,Single,No_Top,247,302112
result_SELECT_100_random_local_OBC_0_0_6,outer,1,SA,0.1,2,Single,No_Kink,541,953396
result_SELECT_100_random_local_OBC_0_0_6,outer,1,SA,0.1,2,Double,No_MSF,192,241824
result_SELECT_100_random_local_OBC_0_0_6,outer,1,SA,0.1,2,Double,No_Top,193,238176
result_SELECT_100_random_local_OBC_0_0_6,outer,1,SA,0.1,2,Double,No_Kink,437,871445
result_SELECT_100_random_local_OBC_0_0_6,outer,1,SA,0.1,2,Double,Yes_Kink,443,888937
result_SELECT_100_random_local_OBC_0_0_6,outer,1,SA,0.1,2,Proj,No_MSF,128,166048
result_SELECT_100_random_local_OBC_0_0_6,outer,1,SA,0.1,2,Proj,No_Top,128,161216
result_SELECT_100_random_local_OBC_0_0_6,outer,1,SA,0.1,2,Proj,No_Kink,390,1630132
result_SELECT_100_random_local_OBC_0_0_6,outer,1,SA,0.1,2,Proj,Yes_Kink,401,1649028
result_trotter_10_Heisenberg2D_cylinder_0.5_0.5_rand,outer,1,random,0.0,0,Single,No_MSF,744,99900
result_trotter_10_Heisenberg2D_cylinder_0.5_0.5_rand,outer,1,random,0.0,0,Single,No_Top,749,74900
result_trotter_10_Heisenberg2D_cylinder_0.5_0.5_rand,outer,1,random,0.0,0,Single,No_Kink,1074,300636
result_trotter_10_Heisenberg2D_cylinder_0.5_0.5_rand,outer,1,random,0.0,0,Double,No_MSF,721,97600
result_trotter_10_Heisenberg2D_cylinder_0.5_0.5_rand,outer,1,random,0.0,0,Double,No_Top,721,72100
result_trotter_10_Heisenberg2D_cylinder_0.5_0.5_rand,outer,1,random,0.0,0,Double,No_Kink,1037,348147
result_trotter_10_Heisenberg2D_cylinder_0.5_0.5_rand,outer,1,random,0.0,0,Double,Yes_Kink,1205,385314
result_trotter_10_Heisenberg2D_cylinder_0.5_0.5_rand,outer,1,random,0.0,0,Proj,No_MSF,390,64500
result_trotter_10_Heisenberg2D_cylinder_0.5_0.5_rand,outer,1,random,0.0,0,Proj,No_Top,580,58000
result_trotter_10_Heisenberg2D_cylinder_0.5_0.5_rand,outer,1,random,0.0,0,Proj,No_Kink,982,375043
result_trotter_10_Heisenberg2D_cylinder_0.5_0.5_rand,outer,1,random,0.0,0,Proj,Yes_Kink,1001,367798
result_SELECT_10_Heisenberg2D_cylinder_0.5_0.5_4,outer,2,SA,0.1,2,Single,No_MSF,571,261360
result_SELECT_10_Heisenberg2D_cylinder_0.5_0.5_4,outer,2,SA,0.1,2,Single,No_Top,571,256464
result_SELECT_10_Heisenberg2D_cylinder_0.5_0.5_4,outer,2,SA,0.1,2,Single,No_Kink,573,345846
result_SELECT_10_Heisenberg2D_cylinder_0.5_0.5_4,outer,2,SA,0.1,2,Single,Yes_Kink,575,359722
result_SELECT_10_Heisenberg2D_cylinder_0.5_0.5_4,outer,2,SA,0.1,2,Double,No_MSF,522,240192
result_SELECT_10_Heisenberg2D_cylinder_0.5_0.5_4,outer,2,SA,0.1,2,Double,No_Top,522,235296
result_SELECT_10_Heisenberg2D_cylinder_0.5_0.5_4,outer,2,SA,0.1,2,Double,No_Kink,523,338505
result_SELECT_10_Heisenberg2D_cylinder_0.5_0.5_4,outer,2,SA,0.1,2,Double,Yes_Kink,542,343899
result_SELECT_10_Heisenberg2D_cylinder_0.5_0.5_4,outer,2,SA,0.1,2,Proj,No_MSF,420,196128
result_SELECT_10_Heisenberg2D_cylinder_0.5_0.5_4,outer,2,SA,0.1,2,Proj,No_Top,420,191232
result_SELECT_10_Heisenberg2D_cylinder_0.5_0.5_4,outer,2,SA,0.1,2,Proj,No_Kink,440,773076
result_SELECT_10_Heisenberg2D_cylinder_0.5_0.5_4,outer,2,SA,0.1,2,Proj,Yes_Kink,439,757029
result_SELECT_100_Schwinger_OBC_0_0_6,inner,1,naive,0.0,2,Single,No_MSF,730,1212896
result_SELECT_100_Schwinger_OBC_0_0_6,inner,1,naive,0.0,2,Single,No_Top,732,1193280
result_SELECT_100_Schwinger_OBC_0_0_6,inner,1,naive,0.0,2,Single,No_Kink,3880,9281129
result_SELECT_100_Schwinger_OBC_0_0_6,inner,1,naive,0.0,2,Double,No_MSF,621,1041984
result_SELECT_100_Schwinger_OBC_0_0_6,inner,1,naive,0.0,2,Double,No_Top,623,1022368
result_SELECT_100_Schwinger_OBC_0_0_6,inner,1,naive,0.0,2,Double,No_Kink,2729,7445502
result_SELECT_100_Schwinger_OBC_0_0_6,inner,1,naive,0.0,2,Double,Yes_Kink,2709,7431617
result_SELECT_100_Schwinger_OBC_0_0_6,inner,1,naive,0.0,2,Proj,No_MSF,488,833440
result_SELECT_100_Schwinger_OBC_0_0_6,inner,1,naive,0.0,2,Proj,No_Top,488,810688
result_SELECT_100_Schwinger_OBC_0_0_6,inner,1,naive,0.0,2,Proj,No_Kink,2378,12887451
result_SELECT_100_Schwinger_OBC_0_0_6,inner,1,naive,0.0,2,Proj,Yes_Kink,2412,12925347
result_trotter_10_Heisenberg2D_cylinder_0.5_0.5_rand,inner,1,SA,0.001,1,Single,No_MSF,744,125400
result_trotter_10_Heisenberg2D_cylinder_0.5_0.5_rand,inner,1,SA,0.001,1,Single,No_Top,1231,148600
result_trotter_10_Heisenberg2D_cylinder_0.5_0.5_rand,inner,1,SA,0.001,1,Single,No_Kink,1657,427724
result_trotter_10_Heisenberg2D_cylinder_0.5_0.5_rand,inner,1,SA,0.001,1,Double,No_MSF,721,123100
result_trotter_10_Heisenberg2D_cylinder_0.5_0.5_rand,inner,1,SA,0.001,1,Double,No_Top,1211,146600
result_trotter_10_Heisenberg2D_cylinder_0.5_0.5_rand,inner,1,SA,0.001,1,Double,No_Kink,1566,476321
result_trotter_10_Heisenberg2D_cylinder_0.5_0.5_rand,inner,1,SA,0.001,1,Double,Yes_Kink,1724,502850
result_trotter_10_Heisenberg2D_cylinder_0.5_0.5_rand,inner,1,SA,0.001,1,Proj,No_MSF,390,90000
result_trotter_10_Heisenberg2D_cylinder_0.5_0.5_rand,inner,1,SA,0.001,1,Proj,No_Top,1160,141500
result_trotter_10_Heisenberg2D_cylinder_0.5_0.5_rand,inner,1,SA,0.001,1,Proj,No_Kink,2037,804934
result_trotter_10_Heisenberg2D_cylinder_0.5_0.5_rand,inner,1,SA,0.001,1,Proj,Yes_Kink,2116,788476
result_SELECT_10_Heisenberg2D_cylinder_0.5_0.5_2,outer,2,SA,0.001,2,Single,No_MSF,2072,403168
result_SELECT_10_Heisenberg2D_cylinder_0.5_0.5_2,outer,2,SA,0.001,2,Single,No_Top,2072,398624
result_SELECT_10_Heisenberg2D_cylinder_0.5_0.5_2,outer,2,SA,0.001,2,Single,No_Kink,2073,471491
result_SELECT_10_Heisenberg2D_cylinder_0.5_0.5_2,outer,2,SA,0.001,2,Single,Yes_Kink,2074,481323
result_SELECT_10_Heisenberg2D_cylinder_0.5_0.5_2,outer,2,SA,0.001,2,Double,No_MSF,1921,374780
result_SELECT_10_Heisenberg2D_cylinder_0.5_0.5_2,outer,2,SA,0.001,2,Double,No_Top,1921,370236
result_SELECT_10_Heisenberg2D_cylinder_0.5_0.5_2,outer,2,SA,0.001,2,Double,No_Kink,1921,456997
result_SELECT_10_Heisenberg2D_cylinder_0.5_0.5_2,outer,2,SA,0.001,2,Double,Yes_Kink,1992,465443
result_SELECT_10_Heisenberg2D_cylinder_0.5_0.5_2,outer,2,SA,0.001,2,Proj,No_MSF,1668,327216
result_SELECT_10_Heisenberg2D_cylinder_0.5_0.5_2,outer,2,SA,0.001,2,Proj,No_Top,1668,322672
result_SELECT_10_Heisenberg2D_cylinder_0.5_0.5_2,outer,2,SA,0.001,2,Proj,No_Kink,1678,1269000
result_SELECT_10_Heisenberg2D_cylinder_0.5_0.5_2,outer,2,SA,0.001,2,Proj,Yes_Kink,1686,1188888
result_SELECT_10_Heisenberg2D_cylinder_0.5_0.5_6,outer,1,SA,0.001,6,Single,No_MSF,211,319616
result_SELECT_10_Heisenberg2D_cylinder_0.5_0.5_6,outer,1,SA,0.001,6,Single,No_Top,331,470944
result_SELECT_10_Heisenberg2D_cylinder_0.5_0.5_6,outer,1,SA,0.001,6,Single,No_Kink,363,872146
result_SELECT_10_Heisenberg2D_cylinder_0.5_0.5_6,outer,1,SA,0.001,6,Double,No_MSF,177,275008
result_SELECT_10_Heisenberg2D_cylinder_0.5_0.5_6,outer,1,SA,0.001,6,Double,No_Top,314,448640
result_SELECT_10_Heisenberg2D_cylinder_0.5_0.5_6,outer,1,SA,0.001,6,Double,No_Kink,314,899457
result_SELECT_10_Heisenberg2D_cylinder_0.5_0.5_6,outer,1,SA,0.001,6,Double,Yes_Kink,317,916249
result_SELECT_10_Heisenberg2D_cylinder_0.5_0.5_6,outer,1,SA,0.001,6,Proj,No_MSF,108,184480
result_SELECT_10_Heisenberg2D_cylinder_0.5_0.5_6,outer,1,SA,0.001,6,Proj,No_Top,287,413216
result_SELECT_10_Heisenberg2D_cylinder_0.5_0.5_6,outer,1,SA,0.001,6,Proj,No_Kink,294,1336423
result_SELECT_10_Heisenberg2D_cylinder_0.5_0.5_6,outer,1,SA,0.001,6,Proj,Yes_Kink,294,1329542
result_SELECT_10_Heisenberg2D_cylinder_0.5_0.5_0,outer,1,SA,1.0,2,Single,No_MSF,8099,1001446
result_SELECT_10_Heisenberg2D_cylinder_0.5_0.5_0,outer,1,SA,1.0,2,Single,No_Top,8101,997234
result_SELECT_10_Heisenberg2D_cylinder_0.5_0.5_0,outer,1,SA,1.0,2,Single,No_Kink,8101,1063134
result_SELECT_10_Heisenberg2D_cylinder_0.5_0.5_0,outer,1,SA,1.0,2,Double,No_MSF,7536,932760
result_SELECT_10_Heisenberg2D_cylinder_0.5_0.5_0,outer,1,SA,1.0,2,Double,No_Top,7537,928426
result_SELECT_10_Heisenberg2D_cylinder_0.5_0.5_0,outer,1,SA,1.0,2,Double,No_Kink,7537,1008325
result_SELECT_10_Heisenberg2D_cylinder_0.5_0.5_0,outer,1,SA,1.0,2,Double,Yes_Kink,7537,1007094
result_SELECT_10_Heisenberg2D_cylinder_0.5_0.5_0,outer,1,SA,1.0,2,Proj,No_MSF,6660,825888
result_SELECT_10_Heisenberg2D_cylinder_0.5_0.5_0,outer,1,SA,1.0,2,Proj,No_Top,6660,821432
result_SELECT_10_Heisenberg2D_cylinder_0.5_0.5_0,outer,1,SA,1.0,2,Proj,No_Kink,6660,2505116
result_SELECT_10_Heisenberg2D_cylinder_0.5_0.5_0,outer,1,SA,1.0,2,Proj,Yes_Kink,6660,2502681
result_SELECT_100_random_local_OBC_0_0_6,inner,1,random,0.0,2,Single,No_MSF,247,306944
result_SELECT_100_random_local_OBC_0_0_6,inner,1,random,0.0,2,Single,No_Top,247,302112
result_SELECT_100_random_local_OBC_0_0_6,inner,1,random,0.0,2,Single,No_Kink,710,1563586
result_SELECT_100_random_local_OBC_0_0_6,inner,1,random,0.0,2,Double,No_MSF,192,241824
result_SELECT_100_random_local_OBC_0_0_6,inner,1,random,0.0,2,Double,No_Top,193,238176
result_SELECT_100_random_local_OBC_0_0_6,inner,1,random,0.0,2,Double,No_Kink,409,1219610
result_SELECT_100_random_local_OBC_0_0_6,inner,1,random,0.0,2,Double,Yes_Kink,412,1231496
result_SELECT_100_random_local_OBC_0_0_6,inner,1,random,0.0,2,Proj,No_MSF,128,166048
result_SELECT_100_random_local_OBC_0_0_6,inner,1,random,0.0,2,Proj,No_Top,128,161216
result_SELECT_100_random_local_OBC_0_0_6,inner,1,random,0.0,2,Proj,No_Kink,300,1264559
result_SELECT_100_random_local_OBC_0_0_6,inner,1,random,0.0,2,Proj,Yes_Kink,305,1273862
result_SELECT_10_Heisenberg2D_cylinder_0.5_0.5_1,inner,1,random,0.0,2,Single,No_MSF,4079,600816
result_SELECT_10_Heisenberg2D_cylinder_0.5_0.5_1,inner,1,random,0.0,2,Single,No_Top,4080,596480
result_SELECT_10_Heisenberg2D_cylinder_0.5_0.5_1,inner,1,random,0.0,2,Single,No_Kink,4086,733582
result_SELECT_10_Heisenberg2D_cylinder_0.5_0.5_1,inner,1,random,0.0,2,Double,No_MSF,3792,559488
result_SELECT_10_Heisenberg2D_cylinder_0.5_0.5_1,inner,1,random,0.0,2,Double,No_Top,3793,555152
result_SELECT_10_Heisenberg2D_cylinder_0.5_0.5_1,inner,1,random,0.0,2,Double,No_Kink,3794,699696
result_SELECT_10_Heisenberg2D_cylinder_0.5_0.5_1,inner,1,random,0.0,2,Double,Yes_Kink,3797,700604
result_SELECT_10_Heisenberg2D_cylinder_0.5_0.5_1,inner,1,random,0.0,2,Proj,No_MSF,3333,493392
result_SELECT_10_Heisenberg2D_cylinder_0.5_0.5_1,inner,1,random,0.0,2,Proj,No_Top,3333,488912
result_SELECT_10_Heisenberg2D_cylinder_0.5_0.5_1,inner,1,random,0.0,2,Proj,No_Kink,3341,1694430
result_SELECT_10_Heisenberg2D_cylinder_0.5_0.5_1,inner,1,random,0.0,2,Proj,Yes_Kink,3341,1654355
result_SELECT_10_Heisenberg2D_cylinder_0.5_0.5_0,inner,1,random,0.0,2,Single,No_MSF,8099,1001446
result_SELECT_10_Heisenberg2D_cylinder_0.5_0.5_0,inner,1,random,0.0,2,Single,No_Top,8101,997234
result_SELECT_10_Heisenberg2D_cylinder_0.5_0.5_0,inner,1,random,0.0,2,Single,No_Kink,8109,1186746
result_SELECT_10_Heisenberg2D_cylinder_0.5_0.5_0,inner,1,random,0.0,2,Double,No_MSF,7536,932760
result_SELECT_10_Heisenberg2D_cylinder_0.5_0.5_0,inner,1,random,0.0,2,Double,No_Top,7537,928426
result_SELECT_10_Heisenberg2D_cylinder_0.5_0.5_0,inner,1,random,0.0,2,Double,No_Kink,7537,1123171
result_SELECT_10_Heisenberg2D_cylinder_0.5_0.5_0,inner,1,random,0.0,2,Double,Yes_Kink,7537,1126210
result_SELECT_10_Heisenberg2D_cylinder_0.5_0.5_0,inner,1,random,0.0,2,Proj,No_MSF,6660,825888
result_SELECT_10_Heisenberg2D_cylinder_0.5_0.5_0,inner,1,random,0.0,2,Proj,No_Top,6660,821432
result_SELECT_10_Heisenberg2D_cylinder_0.5_0.5_0,inner,1,random,0.0,2,Proj,No_Kink,6660,3242758
result_SELECT_10_Heisenberg2D_cylinder_0.5_0.5_0,inner,1,random,0.0,2,Proj,Yes_Kink,6662,3202057
result_trotter_10_Heisenberg2D_cylinder_0.5_0.5_rand,outer,1,SA,0.001,1,Single,No_MSF,744,125400
result_trotter_10_Heisenberg2D_cylinder_0.5_0.5_rand,outer,1,SA,0.001,1,Single,No_Top,1231,148600
result_trotter_10_Heisenberg2D_cylinder_0.5_0.5_rand,outer,1,SA,0.001,1,Single,No_Kink,1333,378828
result_trotter_10_Heisenberg2D_cylinder_0.5_0.5_rand,outer,1,SA,0.001,1,Double,No_MSF,721,123100
result_trotter_10_Heisenberg2D_cylinder_0.5_0.5_rand,outer,1,SA,0.001,1,Double,No_Top,1211,146600
result_trotter_10_Heisenberg2D_cylinder_0.5_0.5_rand,outer,1,SA,0.001,1,Double,No_Kink,1265,436638
result_trotter_10_Heisenberg2D_cylinder_0.5_0.5_rand,outer,1,SA,0.001,1,Double,Yes_Kink,1366,455010
result_trotter_10_Heisenberg2D_cylinder_0.5_0.5_rand,outer,1,SA,0.001,1,Proj,No_MSF,390,90000
result_trotter_10_Heisenberg2D_cylinder_0.5_0.5_rand,outer,1,SA,0.001,1,Proj,No_Top,1160,141500
result_trotter_10_Heisenberg2D_cylinder_0.5_0.5_rand,outer,1,SA,0.001,1,Proj,No_Kink,1287,517754
result_trotter_10_Heisenberg2D_cylinder_0.5_0.5_rand,outer,1,SA,0.001,1,Proj,Yes_Kink,1314,506880
result_SELECT_10_Heisenberg2D_cylinder_0.5_0.5_5,inner,2,random,0.0,2,Single,No_MSF,327,256704
result_SELECT_10_Heisenberg2D_cylinder_0.5_0.5_5,inner,2,random,0.0,2,Single,No_Top,327,251360
result_SELECT_10_Heisenberg2D_cylinder_0.5_0.5_5,inner,2,random,0.0,2,Single,No_Kink,356,601273
result_SELECT_10_Heisenberg2D_cylinder_0.5_0.5_5,inner,2,random,0.0,2,Single,Yes_Kink,359,610240
result_SELECT_10_Heisenberg2D_cylinder_0.5_0.5_5,inner,2,random,0.0,2,Double,No_MSF,290,229472
result_SELECT_10_Heisenberg2D_cylinder_0.5_0.5_5,inner,2,random,0.0,2,Double,No_Top,291,224864
result_SELECT_10_Heisenberg2D_cylinder_0.5_0.5_5,inner,2,random,0.0,2,Double,No_Kink,304,575979
result_SELECT_10_Heisenberg2D_cylinder_0.5_0.5_5,inner,2,random,0.0,2,Double,Yes_Kink,317,583890
result_SELECT_10_Heisenberg2D_cylinder_0.5_0.5_5,inner,2,random,0.0,2,Proj,No_MSF,213,172800
result_SELECT_10_Heisenberg2D_cylinder_0.5_0.5_5,inner,2,random,0.0,2,Proj,No_Top,213,167456
result_SELECT_10_Heisenberg2D_cylinder_0.5_0.5_5,inner,2,random,0.0,2,Proj,No_Kink,264,787783
result_SELECT_10_Heisenberg2D_cylinder_0.5_0.5_5,inner,2,random,0.0,2,Proj,Yes_Kink,269,788081
result_SELECT_10_Heisenberg2D_cylinder_0.5_0.5_6,inner,1,random,0.0,10,Single,No_MSF,211,344064
result_SELECT_10_Heisenberg2D_cylinder_0.5_0.5_6,inner,1,random,0.0,10,Single,No_Top,483,694816
result_SELECT_10_Heisenberg2D_cylinder_0.5_0.5_6,inner,1,random,0.0,10,Single,No_Kink,697,1758176
result_SELECT_10_Heisenberg2D_cylinder_0.5_0.5_6,inner,1,random,0.0,10,Double,No_MSF,177,299456
result_SELECT_10_Heisenberg2D_cylinder_0.5_0.5_6,inner,1,random,0.0,10,Double,No_Top,473,681696
result_SELECT_10_Heisenberg2D_cylinder_0.5_0.5_6,inner,1,random,0.0,10,Double,No_Kink,483,1546666
result_SELECT_10_Heisenberg2D_cylinder_0.5_0.5_6,inner,1,random,0.0,10,Double,Yes_Kink,487,1559061
result_SELECT_10_Heisenberg2D_cylinder_0.5_0.5_6,inner,1,random,0.0,10,Proj,No_MSF,108,208928
result_SELECT_10_Heisenberg2D_cylinder_0.5_0.5_6,inner,1,random,0.0,10,Proj,No_Top,451,652832
result_SELECT_10_Heisenberg2D_cylinder_0.5_0.5_6,inner,1,random,0.0,10,Proj,No_Kink,1388,6046942
result_SELECT_10_Heisenberg2D_cylinder_0.5_0.5_6,inner,1,random,0.0,10,Proj,Yes_Kink,1337,5776115
result_SELECT_10_Heisenberg2D_cylinder_0.5_0.5_6,outer,2,SA,0.001,0,Single,No_MSF,211,282944
result_SELECT_10_Heisenberg2D_cylinder_0.5_0.5_6,outer,2,SA,0.001,0,Single,No_Top,211,276832
result_SELECT_10_Heisenberg2D_cylinder_0.5_0.5_6,outer,2,SA,0.001,0,Single,No_Kink,222,496765
result_SELECT_10_Heisenberg2D_cylinder_0.5_0.5_6,outer,2,SA,0.001,0,Single,Yes_Kink,223,514979
result_SELECT_10_Heisenberg2D_cylinder_0.5_0.5_6,outer,2,SA,0.001,0,Double,No_MSF,177,238336
result_SELECT_10_Heisenberg2D_cylinder_0.5_0.5_6,outer,2,SA,0.001,0,Double,No_Top,177,232224
result_SELECT_10_Heisenberg2D_cylinder_0.5_0.5_6,outer,2,SA,0.001,0,Double,No_Kink,186,465489
result_SELECT_10_Heisenberg2D_cylinder_0.5_0.5_6,outer,2,SA,0.001,0,Double,Yes_Kink,193,477450
result_SELECT_10_Heisenberg2D_cylinder_0.5_0.5_6,outer,2,SA,0.001,0,Proj,No_MSF,108,147808
result_SELECT_10_Heisenberg2D_cylinder_0.5_0.5_6,outer,2,SA,0.001,0,Proj,No_Top,108,141696
result_SELECT_10_Heisenberg2D_cylinder_0.5_0.5_6,outer,2,SA,0.001,0,Proj,No_Kink,158,760869
result_SELECT_10_Heisenberg2D_cylinder_0.5_0.5_6,outer,2,SA,0.001,0,Proj,Yes_Kink,162,767803
result_SELECT_10_Heisenberg2D_cylinder_0.5_0.5_5,outer,2,naive,0.0,0,Single,No_MSF,327,246016
result_SELECT_10_Heisenberg2D_cylinder_0.5_0.5_5,outer,2,naive,0.0,0,Single,No_Top,327,240672
result_SELECT_10_Heisenberg2D_cylinder_0.5_0.5_5,outer,2,naive,0.0,0,Single,No_Kink,652,784251
result_SELECT_10_Heisenberg2D_cylinder_0.5_0.5_5,outer,2,naive,0.0,0,Single,Yes_Kink,629,783680
result_SELECT_10_Heisenberg2D_cylinder_0.5_0.5_5,outer,2,naive,0.0,0,Double,No_MSF,290,218784
result_SELECT_10_Heisenberg2D_cylinder_0.5_0.5_5,outer,2,naive,0.0,0,Double,No_Top,290,213440
result_SELECT_10_Heisenberg2D_cylinder_0.5_0.5_5,outer,2,naive,0.0,0,Double,No_Kink,556,729004
result_SELECT_10_Heisenberg2D_cylinder_0.5_0.5_5,outer,2,naive,0.0,0,Double,Yes_Kink,559,729757
result_SELECT_10_Heisenberg2D_cylinder_0.5_0.5_5,outer,2,naive,0.0,0,Proj,No_MSF,213,162112
result_SELECT_10_Heisenberg2D_cylinder_0.5_0.5_5,outer,2,naive,0.0,0,Proj,No_Top,213,156768
result_SELECT_10_Heisenberg2D_cylinder_0.5_0.5_5,outer,2,naive,0.0,0,Proj,No_Kink,555,1621937
result_SELECT_10_Heisenberg2D_cylinder_0.5_0.5_5,outer,2,naive,0.0,0,Proj,Yes_Kink,567,1631380
result_SELECT_10_Heisenberg2D_cylinder_0.5_0.5_4,outer,2,random,0.0,0,Single,No_MSF,571,251568
result_SELECT_10_Heisenberg2D_cylinder_0.5_0.5_4,outer,2,random,0.0,0,Single,No_Top,571,246672
result_SELECT_10_Heisenberg2D_cylinder_0.5_0.5_4,outer,2,random,0.0,0,Single,No_Kink,587,499663
result_SELECT_10_Heisenberg2D_cylinder_0.5_0.5_4,outer,2,random,0.0,0,Single,Yes_Kink,591,509588
result_SELECT_10_Heisenberg2D_cylinder_0.5_0.5_4,outer,2,random,0.0,0,Double,No_MSF,522,230400
result_SELECT_10_Heisenberg2D_cylinder_0.5_0.5_4,outer,2,random,0.0,0,Double,No_Top,522,225504
result_SELECT_10_Heisenberg2D_cylinder_0.5_0.5_4,outer,2,random,0.0,0,Double,No_Kink,531,481012
result_SELECT_10_Heisenberg2D_cylinder_0.5_0.5_4,outer,2,random,0.0,0,Double,Yes_Kink,549,484372
result_SELECT_10_Heisenberg2D_cylinder_0.5_0.5_4,outer,2,random,0.0,0,Proj,No_MSF,420,186336
result_SELECT_10_Heisenberg2D_cylinder_0.5_0.5_4,outer,2,random,0.0,0,Proj,No_Top,420,181440
result_SELECT_10_Heisenberg2D_cylinder_0.5_0.5_4,outer,2,random,0.0,0,Proj,No_Kink,452,792944
result_SELECT_10_Heisenberg2D_cylinder_0.5_0.5_4,outer,2,random,0.0,0,Proj,Yes_Kink,453,782435
result_SELECT_100_random_local_OBC_0_0_6,inner,2,random,0.0,2,Single,No_MSF,247,306944
result_SELECT_100_random_local_OBC_0_0_6,inner,2,random,0.0,2,Single,No_Top,247,302112
result_SELECT_100_random_local_OBC_0_0_6,inner,2,random,0.0,2,Single,No_Kink,322,881127
result_SELECT_100_random_local_OBC_0_0_6,inner,2,random,0.0,2,Single,Yes_Kink,330,895635
result_SELECT_100_random_local_OBC_0_0_6,inner,2,random,0.0,2,Double,No_MSF,192,241824
result_SELECT_100_random_local_OBC_0_0_6,inner,2,random,0.0,2,Double,No_Top,193,238176
result_SELECT_100_random_local_OBC_0_0_6,inner,2,random,0.0,2,Double,No_Kink,268,842932
result_SELECT_100_random_local_OBC_0_0_6,inner,2,random,0.0,2,Double,Yes_Kink,269,851801
result_SELECT_100_random_local_OBC_0_0_6,inner,2,random,0.0,2,Proj,No_MSF,128,166048
result_SELECT_100_random_local_OBC_0_0_6,inner,2,random,0.0,2,Proj,No_Top,128,161216
result_SELECT_100_random_local_OBC_0_0_6,inner,2,random,0.0,2,Proj,No_Kink,216,973515
result_SELECT_100_random_local_OBC_0_0_6,inner,2,random,0.0,2,Proj,Yes_Kink,221,983453
result_SELECT_10_Heisenberg2D_cylinder_0.5_0.5_2,inner,2,SA,1.0,0,Single,No_MSF,2072,394080
result_SELECT_10_Heisenberg2D_cylinder_0.5_0.5_2,inner,2,SA,1.0,0,Single,No_Top,2072,389536
result_SELECT_10_Heisenberg2D_cylinder_0.5_0.5_2,inner,2,SA,1.0,0,Single,No_Kink,2072,432925
result_SELECT_10_Heisenberg2D_cylinder_0.5_0.5_2,inner,2,SA,1.0,0,Single,Yes_Kink,2073,453060
result_SELECT_10_Heisenberg2D_cylinder_0.5_0.5_2,inner,2,SA,1.0,0,Double,No_MSF,1921,365692
result_SELECT_10_Heisenberg2D_cylinder_0.5_0.5_2,inner,2,SA,1.0,0,Double,No_Top,1921,361148
result_SELECT_10_Heisenberg2D_cylinder_0.5_0.5_2,inner,2,SA,1.0,0,Double,No_Kink,1921,420959
result_SELECT_10_Heisenberg2D_cylinder_0.5_0.5_2,inner,2,SA,1.0,0,Double,Yes_Kink,1922,420709
result_SELECT_10_Heisenberg2D_cylinder_0.5_0.5_2,inner,2,SA,1.0,0,Proj,No_MSF,1668,318128
result_SELECT_10_Heisenberg2D_cylinder_0.5_0.5_2,inner,2,SA,1.0,0,Proj,No_Top,1668,313584
result_SELECT_10_Heisenberg2D_cylinder_0.5_0.5_2,inner,2,SA,1.0,0,Proj,No_Kink,1673,1079827
result_SELECT_10_Heisenberg2D_cylinder_0.5_0.5_2,inner,2,SA,1.0,0,Proj,Yes_Kink,1672,1068185
result_trotter_10_Heisenberg2D_cylinder_0.5_0.5_det,outer,1,SA,0.1,0,Single,No_MSF,756,101100
result_trotter_10_Heisenberg2D_cylinder_0.5_0.5_det,outer,1,SA,0.1,0,Single,No_Top,784,78400
result_trotter_10_Heisenberg2D_cylinder_0.5_0.5_det,outer,1,SA,0.1,0,Single,No_Kink,986,268944
result_trotter_10_Heisenberg2D_cylinder_0.5_0.5_det,outer,1,SA,0.1,0,Double,No_MSF,749,100400
result_trotter_10_Heisenberg2D_cylinder_0.5_0.5_det,outer,1,SA,0.1,0,Double,No_Top,762,76200
result_trotter_10_Heisenberg2D_cylinder_0.5_0.5_det,outer,1,SA,0.1,0,Double,No_Kink,971,318425
result_trotter_10_Heisenberg2D_cylinder_0.5_0.5_det,outer,1,SA,0.1,0,Double,Yes_Kink,1172,366892
result_trotter_10_Heisenberg2D_cylinder_0.5_0.5_det,outer,1,SA,0.1,0,Proj,No_MSF,390,64500
result_trotter_10_Heisenberg2D_cylinder_0.5_0.5_det,outer,1,SA,0.1,0,Proj,No_Top,580,58000
result_trotter_10_Heisenberg2D_cylinder_0.5_0.5_det,outer,1,SA,0.1,0,Proj,No_Kink,952,351842
result_trotter_10_Heisenberg2D_cylinder_0.5_0.5_det,outer,1,SA,0.1,0,Proj,Yes_Kink,974,346452
result_SELECT_10_FermiHubbard2D_cylinder_0_0_6,outer,2,naive,0.0,2,Single,No_MSF,489,708804
result_SELECT_10_FermiHubbard2D_cylinder_0_0_6,outer,2,naive,0.0,2,Single,No_Top,489,702692
result_SELECT_10_FermiHubbard2D_cylinder_0_0_6,outer,2,naive,0.0,2,Single,No_Kink,837,1910244
result_SELECT_10_FermiHubbard2D_cylinder_0_0_6,outer,2,naive,0.0,2,Single,Yes_Kink,794,1873698
result_SELECT_10_FermiHubbard2D_cylinder_0_0_6,outer,2,naive,0.0,2,Double,No_MSF,473,686212
result_SELECT_10_FermiHubbard2D_cylinder_0_0_6,outer,2,naive,0.0,2,Double,No_Top,473,680100
result_SELECT_10_FermiHubbard2D_cylinder_0_0_6,outer,2,naive,0.0,2,Double,No_Kink,720,1779896
result_SELECT_10_FermiHubbard2D_cylinder_0_0_6,outer,2,naive,0.0,2,Double,Yes_Kink,735,1811633
result_SELECT_10_FermiHubbard2D_cylinder_0_0_6,outer,2,naive,0.0,2,Proj,No_MSF,407,593020
result_SELECT_10_FermiHubbard2D_cylinder_0_0_6,outer,2,naive,0.0,2,Proj,No_Top,407,586908
result_SELECT_10_FermiHubbard2D_cylinder_0_0_6,outer,2,naive,0.0,2,Proj,No_Kink,764,3912385
result_SELECT_10_FermiHubbard2D_cylinder_0_0_6,outer,2,naive,0.0,2,Proj,Yes_Kink,778,3943580
result_SELECT_10_Heisenberg2D_cylinder_0.5_0.5_6,inner,1,SA,0.01,6,Single,No_MSF,211,319616
result_SELECT_10_Heisenberg2D_cylinder_0.5_0.5_6,inner,1,SA,0.01,6,Single,No_Top,331,470944
result_SELECT_10_Heisenberg2D_cylinder_0.5_0.5_6,inner,1,SA,0.01,6,Single,No_Kink,342,817002
result_SELECT_10_Heisenberg2D_cylinder_0.5_0.5_6,inner,1,SA,0.01,6,Double,No_MSF,177,275008
result_SELECT_10_Heisenberg2D_cylinder_0.5_0.5_6,inner,1,SA,0.01,6,Double,No_Top,314,448640
result_SELECT_10_Heisenberg2D_cylinder_0.5_0.5_6,inner,1,SA,0.01,6,Double,No_Kink,316,820633
result_SELECT_10_Heisenberg2D_cylinder_0.5_0.5_6,inner,1,SA,0.01,6,Double,Yes_Kink,316,819583
result_SELECT_10_Heisenberg2D_cylinder_0.5_0.5_6,inner,1,SA,0.01,6,Proj,No_MSF,108,184480
result_SELECT_10_Heisenberg2D_cylinder_0.5_0.5_6,inner,1,SA,0.01,6,Proj,No_Top,287,413216
result_SELECT_10_Heisenberg2D_cylinder_0.5_0.5_6,inner,1,SA,0.01,6,Proj,No_Kink,639,2441069
result_SELECT_10_Heisenberg2D_cylinder_0.5_0.5_6,inner,1,SA,0.01,6,Proj,Yes_Kink,625,2312477
result_SELECT_10_Heisenberg2D_cylinder_0.5_0.5_3,inner,1,SA,0.01,0,Single,No_MSF,1069,295440
result_SELECT_10_Heisenberg2D_cylinder_0.5_0.5_3,inner,1,SA,0.01,0,Single,No_Top,1069,290768
result_SELECT_10_Heisenberg2D_cylinder_0.5_0.5_3,inner,1,SA,0.01,0,Single,No_Kink,1079,361548
result_SELECT_10_Heisenberg2D_cylinder_0.5_0.5_3,inner,1,SA,0.01,0,Double,No_MSF,987,273136
result_SELECT_10_Heisenberg2D_cylinder_0.5_0.5_3,inner,1,SA,0.01,0,Double,No_Top,987,268464
result_SELECT_10_Heisenberg2D_cylinder_0.5_0.5_3,inner,1,SA,0.01,0,Double,No_Kink,988,351361
result_SELECT_10_Heisenberg2D_cylinder_0.5_0.5_3,inner,1,SA,0.01,0,Double,Yes_Kink,990,351180
result_SELECT_10_Heisenberg2D_cylinder_0.5_0.5_3,inner,1,SA,0.01,0,Proj,No_MSF,837,232336
result_SELECT_10_Heisenberg2D_cylinder_0.5_0.5_3,inner,1,SA,0.01,0,Proj,No_Top,837,227664
result_SELECT_10_Heisenberg2D_cylinder_0.5_0.5_3,inner,1,SA,0.01,0,Proj,No_Kink,851,883767
result_SELECT_10_Heisenberg2D_cylinder_0.5_0.5_3,inner,1,SA,0.01,0,Proj,Yes_Kink,850,862434
result_SELECT_10_Heisenberg2D_cylinder_0.5_0.5_6,inner,1,SA,1.0,8,Single,No_MSF,211,331840
result_SELECT_10_Heisenberg2D_cylinder_0.5_0.5_6,inner,1,SA,1.0,8,Single,No_Top,408,584192
result_SELECT_10_Heisenberg2D_cylinder_0.5_0.5_6,inner,1,SA,1.0,8,Single,No_Kink,411,946770
result_SELECT_10_Heisenberg2D_cylinder_0.5_0.5_6,inner,1,SA,1.0,8,Double,No_MSF,177,287232
result_SELECT_10_Heisenberg2D_cylinder_0.5_0.5_6,inner,1,SA,1.0,8,Double,No_Top,392,563200
result_SELECT_10_Heisenberg2D_cylinder_0.5_0.5_6,inner,1,SA,1.0,8,Double,No_Kink,394,961404
result_SELECT_10_Heisenberg2D_cylinder_0.5_0.5_6,inner,1,SA,1.0,8,Double,Yes_Kink,394,961141
result_SELECT_10_Heisenberg2D_cylinder_0.5_0.5_6,inner,1,SA,1.0,8,Proj,No_MSF,108,196704
result_SELECT_10_Heisenberg2D_cylinder_0.5_0.5_6,inner,1,SA,1.0,8,Proj,No_Top,369,533024
result_SELECT_10_Heisenberg2D_cylinder_0.5_0.5_6,inner,1,SA,1.0,8,Proj,No_Kink,974,3378841
result_SELECT_10_Heisenberg2D_cylinder_0.5_0.5_6,inner,1,SA,1.0,8,Proj,Yes_Kink,955,3181607
result_SELECT_10_Heisenberg2D_cylinder_0.5_0.5_6,inner,2,SA,0.001,10,Single,No_MSF,211,344064
result_SELECT_10_Heisenberg2D_cylinder_0.5_0.5_6,inner,2,SA,0.001,10,Single,No_Top,483,694816
result_SELECT_10_Heisenberg2D_cylinder_0.5_0.5_6,inner,2,SA,0.001,10,Single,No_Kink,484,940839
result_SELECT_10_Heisenberg2D_cylinder_0.5_0.5_6,inner,2,SA,0.001,10,Single,Yes_Kink,484,958131
result_SELECT_10_Heisenberg2D_cylinder_0.5_0.5_6,inner,2,SA,0.001,10,Double,No_MSF,177,299456
result_SELECT_10_Heisenberg2D_cylinder_0.5_0.5_6,inner,2,SA,0.001,10,Double,No_Top,473,681696
result_SELECT_10_Heisenberg2D_cylinder_0.5_0.5_6,inner,2,SA,0.001,10,Double,No_Kink,473,954604
result_SELECT_10_Heisenberg2D_cylinder_0.5_0.5_6,inner,2,SA,0.001,10,Double,Yes_Kink,479,969520
result_SELECT_10_Heisenberg2D_cylinder_0.5_0.5_6,inner,2,SA,0.001,10,Proj,No_MSF,108,208928
result_SELECT_10_Heisenberg2D_cylinder_0.5_0.5_6,inner,2,SA,0.001,10,Proj,No_Top,451,652832
result_SELECT_10_Heisenberg2D_cylinder_0.5_0.5_6,inner,2,SA,0.001,10,Proj,No_Kink,2805,9300046
result_SELECT_10_Heisenberg2D_cylinder_0.5_0.5_6,inner,2,SA,0.001,10,Proj,Yes_Kink,2728,8672565
result_SELECT_10_Heisenberg2D_cylinder_0.5_0.5_4,inner,1,random,0.0,2,Single,No_MSF,571,261360
result_SELECT_10_Heisenberg2D_cylinder_0.5_0.5_4,inner,1,random,0.0,2,Single,No_Top,571,256464
result_SELECT_10_Heisenberg2D_cylinder_0.5_0.5_4,inner,1,random,0.0,2,Single,No_Kink,962,764560
result_SELECT_10_Heisenberg2D_cylinder_0.5_0.5_4,inner,1,random,0.0,2,Double,No_MSF,522,240192
result_SELECT_10_Heisenberg2D_cylinder_0.5_0.5_4,inner,1,random,0.0,2,Double,No_Top,522,235296
result_SELECT_10_Heisenberg2D_cylinder_0.5_0.5_4,inner,1,random,0.0,2,Double,No_Kink,600,624760
result_SELECT_10_Heisenberg2D_cylinder_0.5_0.5_4,inner,1,random,0.0,2,Double,Yes_Kink,607,626604
result_SELECT_10_Heisenberg2D_cylinder_0.5_0.5_4,inner,1,random,0.0,2,Proj,No_MSF,420,196128
result_SELECT_10_Heisenberg2D_cylinder_0.5_0.5_4,inner,1,random,0.0,2,Proj,No_Top,420,191232
result_SELECT_10_Heisenberg2D_cylinder_0.5_0.5_4,inner,1,random,0.0,2,Proj,No_Kink,513,807708
result_SELECT_10_Heisenberg2D_cylinder_0.5_0.5_4,inner,1,random,0.0,2,Proj,Yes_Kink,536,823742
result_SELECT_10_Heisenberg2D_cylinder_0.5_0.5_0,outer,2,random,0.0,2,Single,No_MSF,8099,1001446
result_SELECT_10_Heisenberg2D_cylinder_0.5_0.5_0,outer,2,random,0.0,2,Single,No_Top,8101,997234
result_SELECT_10_Heisenberg2D_cylinder_0.5_0.5_0,outer,2,random,0.0,2,Single,No_Kink,8101,1106526
result_SELECT_10_Heisenberg2D_cylinder_0.5_0.5_0,outer,2,random,0.0,2,Single,Yes_Kink,8101,1118308
result_SELECT_10_Heisenberg2D_cylinder_0.5_0.5_0,outer,2,random,0.0,2,Double,No_MSF,7536,932760
result_SELECT_10_Heisenberg2D_cylinder_0.5_0.5_0,outer,2,random,0.0,2,Double,No_Top,7537,928426
result_SELECT_10_Heisenberg2D_cylinder_0.5_0.5_0,outer,2,random,0.0,2,Double,No_Kink,7537,1049830
result_SELECT_10_Heisenberg2D_cylinder_0.5_0.5_0,outer,2,random,0.0,2,Double,Yes_Kink,7537,1048810
result_SELECT_10_Heisenberg2D_cylinder_0.5_0.5_0,outer,2,random,0.0,2,Proj,No_MSF,6660,825888
result_SELECT_10_Heisenberg2D_cylinder_0.5_0.5_0,outer,2,random,0.0,2,Proj,No_Top,6660,821432
result_SELECT_10_Heisenberg2D_cylinder_0.5_0.5_0,outer,2,random,0.0,2,Proj,No_Kink,6662,2665029
result_SELECT_10_Heisenberg2D_cylinder_0.5_0.5_0,outer,2,random,0.0,2,Proj,Yes_Kink,6662,2611588
result_SELECT_10_Heisenberg2D_cylinder_0.5_0.5_2,inner,2,SA,0.01,2,Single,No_MSF,2072,403168
result_SELECT_10_Heisenberg2D_cylinder_0.5_0.5_2,inner,2,SA,0.01,2,Single,No_Top,2072,398624
result_SELECT_10_Heisenberg2D_cylinder_0.5_0.5_2,inner,2,SA,0.01,2,Single,No_Kink,2072,460120
result_SELECT_10_Heisenberg2D_cylinder_0.5_0.5_2,inner,2,SA,0.01,2,Single,Yes_Kink,2074,475001
result_SELECT_10_Heisenberg2D_cylinder_0.5_0.5_2,inner,2,SA,0.01,2,Double,No_MSF,1921,374780
result_SELECT_10_Heisenberg2D_cylinder_0.5_0.5_2,inner,2,SA,0.01,2,Double,No_Top,1921,370236
result_SELECT_10_Heisenberg2D_cylinder_0.5_0.5_2,inner,2,SA,0.01,2,Double,No_Kink,1921,446533
result_SELECT_10_Heisenberg2D_cylinder_0.5_0.5_2,inner,2,SA,0.01,2,Double,Yes_Kink,1992,457693
result_SELECT_10_Heisenberg2D_cylinder_0.5_0.5_2,inner,2,SA,0.01,2,Proj,No_MSF,1668,327216
result_SELECT_10_Heisenberg2D_cylinder_0.5_0.5_2,inner,2,SA,0.01,2,Proj,No_Top,1668,322672
result_SELECT_10_Heisenberg2D_cylinder_0.5_0.5_2,inner,2,SA,0.01,2,Proj,No_Kink,1673,1176192
result_SELECT_10_Heisenberg2D_cylinder_0.5_0.5_2,inner,2,SA,0.01,2,Proj,Yes_Kink,1674,1149330
result_trotter_10_Heisenberg2D_cylinder_0.5_0.5_det,inner,2,random,0.0,2,Single,No_MSF,756,152100
result_trotter_10_Heisenberg2D_cylinder_0.5_0.5_det,inner,2,random,0.0,2,Single,No_Top,1864,237400
result_trotter_10_Heisenberg2D_cylinder_0.5_0.5_det,inner,2,random,0.0,2,Single,No_Kink,1908,443836
result_trotter_10_Heisenberg2D_cylinder_0.5_0.5_det,inner,2,random,0.0,2,Single,Yes_Kink,1913,446927
result_trotter_10_Heisenberg2D_cylinder_0.5_0.5_det,inner,2,random,0.0,2,Double,No_MSF,749,151400
result_trotter_10_Heisenberg2D_cylinder_0.5_0.5_det,inner,2,random,0.0,2,Double,No_Top,1861,237100
result_trotter_10_Heisenberg2D_cylinder_0.5_0.5_det,inner,2,random,0.0,2,Double,No_Kink,1865,475652
result_trotter_10_Heisenberg2D_cylinder_0.5_0.5_det,inner,2,random,0.0,2,Double,Yes_Kink,1871,477301
result_trotter_10_Heisenberg2D_cylinder_0.5_0.5_det,inner,2,random,0.0,2,Proj,No_MSF,390,115500
result_trotter_10_Heisenberg2D_cylinder_0.5_0.5_det,inner,2,random,0.0,2,Proj,No_Top,1740,225000
result_trotter_10_Heisenberg2D_cylinder_0.5_0.5_det,inner,2,random,0.0,2,Proj,No_Kink,1914,964158
result_trotter_10_Heisenberg2D_cylinder_0.5_0.5_det,inner,2,random,0.0,2,Proj,Yes_Kink,1922,934453
result_SELECT_10_Heisenberg2D_cylinder_0.5_0.5_6,inner,2,random,0.0,4,Single,No_MSF,211,307392
result_SELECT_10_Heisenberg2D_cylinder_0.5_0.5_6,inner,2,random,0.0,4,Single,No_Top,254,357696
result_SELECT_10_Heisenberg2D_cylinder_0.5_0.5_6,inner,2,random,0.0,4,Single,No_Kink,321,978301
result_SELECT_10_Heisenberg2D_cylinder_0.5_0.5_6,inner,2,random,0.0,4,Single,Yes_Kink,325,986531
result_SELECT_10_Heisenberg2D_cylinder_0.5_0.5_6,inner,2,random,0.0,4,Double,No_MSF,177,262784
result_SELECT_10_Heisenberg2D_cylinder_0.5_0.5_6,inner,2,random,0.0,4,Double,No_Top,239,338016
result_SELECT_10_Heisenberg2D_cylinder_0.5_0.5_6,inner,2,random,0.0,4,Double,No_Kink,272,955049
result_SELECT_10_Heisenberg2D_cylinder_0.5_0.5_6,inner,2,random,0.0,4,Double,Yes_Kink,279,968007
result_SELECT_10_Heisenberg2D_cylinder_0.5_0.5_6,inner,2,random,0.0,4,Proj,No_MSF,108,172256
result_SELECT_10_Heisenberg2D_cylinder_0.5_0.5_6,inner,2,random,0.0,4,Proj,No_Top,205,293408
result_SELECT_10_Heisenberg2D_cylinder_0.5_0.5_6,inner,2,random,0.0,4,Proj,No_Kink,244,1162859
result_SELECT_10_Heisenberg2D_cylinder_0.5_0.5_6,inner,2,random,0.0,4,Proj,Yes_Kink,259,1187623
result_SELECT_10_Heisenberg2D_cylinder_0.5_0.5_0,outer,2,SA,1.0,0,Single,No_MSF,8099,992534
result_SELECT_10_Heisenberg2D_cylinder_0.5_0.5_0,outer,2,SA,1.0,0,Single,No_Top,8099,988078
result_SELECT_10_Heisenberg2D_cylinder_0.5_0.5_0,outer,2,SA,1.0,0,Single,No_Kink,8099,1040154
result_SELECT_10_Heisenberg2D_cylinder_0.5_0.5_0,outer,2,SA,1.0,0,Single,Yes_Kink,8099,1051871
result_SELECT_10_Heisenberg2D_cylinder_0.5_0.5_0,outer,2,SA,1.0,0,Double,No_MSF,7536,923848
result_SELECT_10_Heisenberg2D_cylinder_0.5_0.5_0,outer,2,SA,1.0,0,Double,No_Top,7536,919392
result_SELECT_10_Heisenberg2D_cylinder_0.5_0.5_0,outer,2,SA,1.0,0,Double,No_Kink,7536,986377
result_SELECT_10_Heisenberg2D_cylinder_0.5_0.5_0,outer,2,SA,1.0,0,Double,Yes_Kink,7536,984113
result_SELECT_10_Heisenberg2D_cylinder_0.5_0.5_0,outer,2,SA,1.0,0,Proj,No_MSF,6660,816976
result_SELECT_10_Heisenberg2D_cylinder_0.5_0.5_0,outer,2,SA,1.0,0,Proj,No_Top,6660,812520
result_SELECT_10_Heisenberg2D_cylinder_0.5_0.5_0,outer,2,SA,1.0,0,Proj,No_Kink,6660,2538924
result_SELECT_10_Heisenberg2D_cylinder_0.5_0.5_0,outer,2,SA,1.0,0,Proj,Yes_Kink,6660,2454441
result_SELECT_10_Heisenberg2D_cylinder_0.5_0.5_1,outer,2,random,0.0,2,Single,No_MSF,4079,600816
result_SELECT_10_Heisenberg2D_cylinder_0.5_0.5_1,outer,2,random,0.0,2,Single,No_Top,4080,596480
result_SELECT_10_Heisenberg2D_cylinder_0.5_0.5_1,outer,2,random,0.0,2,Single,No_Kink,4081,709974
result_SELECT_10_Heisenberg2D_cylinder_0.5_0.5_1,outer,2,random,0.0,2,Single,Yes_Kink,4081,720842
result_SELECT_10_Heisenberg2D_cylinder_0.5_0.5_1,outer,2,random,0.0,2,Double,No_MSF,3792,559488
result_SELECT_10_Heisenberg2D_cylinder_0.5_0.5_1,outer,2,random,0.0,2,Double,No_Top,3793,555152
result_SELECT_10_Heisenberg2D_cylinder_0.5_0.5_1,outer,2,random,0.0,2,Double,No_Kink,3793,680422
result_SELECT_10_Heisenberg2D_cylinder_0.5_0.5_1,outer,2,random,0.0,2,Double,Yes_Kink,3796,678226
result_SELECT_10_Heisenberg2D_cylinder_0.5_0.5_1,outer,2,random,0.0,2,Proj,No_MSF,3333,493392
result_SELECT_10_Heisenberg2D_cylinder_0.5_0.5_1,outer,2,random,0.0,2,Proj,No_Top,3333,488912
result_SELECT_10_Heisenberg2D_cylinder_0.5_0.5_1,outer,2,random,0.0,2,Proj,No_Kink,3339,1684164
result_SELECT_10_Heisenberg2D_cylinder_0.5_0.5_1,outer,2,random,0.0,2,Proj,Yes_Kink,3339,1634062
result_SELECT_10_Heisenberg2D_cylinder_0.5_0.5_0,outer,2,SA,0.01,2,Single,No_MSF,8099,1001446
result_SELECT_10_Heisenberg2D_cylinder_0.5_0.5_0,outer,2,SA,0.01,2,Single,No_Top,8101,997234
result_SELECT_10_Heisenberg2D_cylinder_0.5_0.5_0,outer,2,SA,0.01,2,Single,No_Kink,8101,1072445
result_SELECT_10_Heisenberg2D_cylinder_0.5_0.5_0,outer,2,SA,0.01,2,Single,Yes_Kink,8101,1082342
result_SELECT_10_Heisenberg2D_cylinder_0.5_0.5_0,outer,2,SA,0.01,2,Double,No_MSF,7536,932760
result_SELECT_10_Heisenberg2D_cylinder_0.5_0.5_0,outer,2,SA,0.01,2,Double,No_Top,7537,928426
result_SELECT_10_Heisenberg2D_cylinder_0.5_0.5_0,outer,2,SA,0.01,2,Double,No_Kink,7537,1018424
result_SELECT_10_Heisenberg2D_cylinder_0.5_0.5_0,outer,2,SA,0.01,2,Double,Yes_Kink,7537,1013192
result_SELECT_10_Heisenberg2D_cylinder_0.5_0.5_0,outer,2,SA,0.01,2,Proj,No_MSF,6660,825888
result_SELECT_10_Heisenberg2D_cylinder_0.5_0.5_0,outer,2,SA,0.01,2,Proj,No_Top,6660,821432
result_SELECT_10_Heisenberg2D_cylinder_0.5_0.5_0,outer,2,SA,0.01,2,Proj,No_Kink,6662,2672734
result_SELECT_10_Heisenberg2D_cylinder_0.5_0.5_0,outer,2,SA,0.01,2,Proj,Yes_Kink,6663,2642454
result_trotter_10_Heisenberg2D_cylinder_0.5_0.5_rand,inner,1,random,0.0,0,Single,No_MSF,744,99900
result_trotter_10_Heisenberg2D_cylinder_0.5_0.5_rand,inner,1,random,0.0,0,Single,No_Top,749,74900
result_trotter_10_Heisenberg2D_cylinder_0.5_0.5_rand,inner,1,random,0.0,0,Single,No_Kink,914,218006
result_trotter_10_Heisenberg2D_cylinder_0.5_0.5_rand,inner,1,random,0.0,0,Double,No_MSF,721,97600
result_trotter_10_Heisenberg2D_cylinder_0.5_0.5_rand,inner,1,random,0.0,0,Double,No_Top,721,72100
result_trotter_10_Heisenberg2D_cylinder_0.5_0.5_rand,inner,1,random,0.0,0,Double,No_Kink,888,273739
result_trotter_10_Heisenberg2D_cylinder_0.5_0.5_rand,inner,1,random,0.0,0,Double,Yes_Kink,965,277305
result_trotter_10_Heisenberg2D_cylinder_0.5_0.5_rand,inner,1,random,0.0,0,Proj,No_MSF,390,64500
result_trotter_10_Heisenberg2D_cylinder_0.5_0.5_rand,inner,1,random,0.0,0,Proj,No_Top,580,58000
result_trotter_10_Heisenberg2D_cylinder_0.5_0.5_rand,inner,1,random,0.0,0,Proj,No_Kink,889,329084
result_trotter_10_Heisenberg2D_cylinder_0.5_0.5_rand,inner,1,random,0.0,0,Proj,Yes_Kink,915,323219
result_SELECT_100_Schwinger_OBC_0_0_6,inner,1,SA,1.0,2,Single,No_MSF,730,1212896
result_SELECT_100_Schwinger_OBC_0_0_6,inner,1,SA,1.0,2,Single,No_Top,732,1193280
result_SELECT_100_Schwinger_OBC_0_0_6,inner,1,SA,1.0,2,Single,No_Kink,1168,2762021
result_SELECT_100_Schwinger_OBC_0_0_6,inner,1,SA,1.0,2,Double,No_MSF,621,1041984
result_SELECT_100_Schwinger_OBC_0_0_6,inner,1,SA,1.0,2,Double,No_Top,623,1022368
result_SELECT_100_Schwinger_OBC_0_0_6,inner,1,SA,1.0,2,Double,No_Kink,991,2605735
result_SELECT_100_Schwinger_OBC_0_0_6,inner,1,SA,1.0,2,Double,Yes_Kink,1015,2714624
result_SELECT_100_Schwinger_OBC_0_0_6,inner,1,SA,1.0,2,Proj,No_MSF,488,833440
result_SELECT_100_Schwinger_OBC_0_0_6,inner,1,SA,1.0,2,Proj,No_Top,488,810688
result_SELECT_100_Schwinger_OBC_0_0_6,inner,1,SA,1.0,2,Proj,No_Kink,1124,6115917
result_SELECT_100_Schwinger_OBC_0_0_6,inner,1,SA,1.0,2,Proj,Yes_Kink,1179,6266878
result_SELECT_100_Heisenberg1D_OBC_1_0_6,outer,1,SA,0.1,2,Single,No_MSF,206,309976
result_SELECT_100_Heisenberg1D_OBC_1_0_6,outer,1,SA,0.1,2,Single,No_Top,211,310668
result_SELECT_100_Heisenberg1D_OBC_1_0_6,outer,1,SA,0.1,2,Single,No_Kink,247,642412
result_SELECT_100_Heisenberg1D_OBC_1_0_6,outer,1,SA,0.1,2,Double,No_MSF,185,280324
result_SELECT_100_Heisenberg1D_OBC_1_0_6,outer,1,SA,0.1,2,Double,No_Top,185,273956
result_SELECT_100_Heisenberg1D_OBC_1_0_6,outer,1,SA,0.1,2,Double,No_Kink,198,604674
result_SELECT_100_Heisenberg1D_OBC_1_0_6,outer,1,SA,0.1,2,Double,Yes_Kink,206,644778
result_SELECT_100_Heisenberg1D_OBC_1_0_6,outer,1,SA,0.1,2,Proj,No_MSF,117,184308
result_SELECT_100_Heisenberg1D_OBC_1_0_6,outer,1,SA,0.1,2,Proj,No_Top,123,186412
result_SELECT_100_Heisenberg1D_OBC_1_0_6,outer,1,SA,0.1,2,Proj,No_Kink,177,872811
result_SELECT_100_Heisenberg1D_OBC_1_0_6,outer,1,SA,0.1,2,Proj,Yes_Kink,182,879066
result_SELECT_10_Heisenberg2D_cylinder_0.5_0.5_3,outer,1,random,0.0,0,Single,No_MSF,1069,295440
result_SELECT_10_Heisenberg2D_cylinder_0.5_0.5_3,outer,1,random,0.0,0,Single,No_Top,1069,290768
result_SELECT_10_Heisenberg2D_cylinder_0.5_0.5_3,outer,1,random,0.0,0,Single,No_Kink,1206,595164
result_SELECT_10_Heisenberg2D_cylinder_0.5_0.5_3,outer,1,random,0.0,0,Double,No_MSF,987,273136
result_SELECT_10_Heisenberg2D_cylinder_0.5_0.5_3,outer,1,random,0.0,0,Double,No_Top,987,268464
result_SELECT_10_Heisenberg2D_cylinder_0.5_0.5_3,outer,1,random,0.0,0,Double,No_Kink,995,521029
result_SELECT_10_Heisenberg2D_cylinder_0.5_0.5_3,outer,1,random,0.0,0,Double,Yes_Kink,1005,523942
result_SELECT_10_Heisenberg2D_cylinder_0.5_0.5_3,outer,1,random,0.0,0,Proj,No_MSF,837,232336
result_SELECT_10_Heisenberg2D_cylinder_0.5_0.5_3,outer,1,random,0.0,0,Proj,No_Top,837,227664
result_SELECT_10_Heisenberg2D_cylinder_0.5_0.5_3,outer,1,random,0.0,0,Proj,No_Kink,859,918195
result_SELECT_10_Heisenberg2D_cylinder_0.5_0.5_3,outer,1,random,0.0,0,Proj,Yes_Kink,859,903100
result_SELECT_10_Heisenberg2D_cylinder_0.5_0.5_0,outer,2,naive,0.0,2,Single,No_MSF,8099,1001446
result_SELECT_10_Heisenberg2D_cylinder_0.5_0.5_0,outer,2,naive,0.0,2,Single,No_Top,8101,997234
result_SELECT_10_Heisenberg2D_cylinder_0.5_0.5_0,outer,2,naive,0.0,2,Single,No_Kink,8101,1065615
result_SELECT_10_Heisenberg2D_cylinder_0.5_0.5_0,outer,2,naive,0.0,2,Single,Yes_Kink,8101,1075488
result_SELECT_10_Heisenberg2D_cylinder_0.5_0.5_0,outer,2,naive,0.0,2,Double,No_MSF,7536,932760
result_SELECT_10_Heisenberg2D_cylinder_0.5_0.5_0,outer,2,naive,0.0,2,Double,No_Top,7537,928426
result_SELECT_10_Heisenberg2D_cylinder_0.5_0.5_0,outer,2,naive,0.0,2,Double,No_Kink,7537,1010586
result_SELECT_10_Heisenberg2D_cylinder_0.5_0.5_0,outer,2,naive,0.0,2,Double,Yes_Kink,7537,1007096
result_SELECT_10_Heisenberg2D_cylinder_0.5_0.5_0,outer,2,naive,0.0,2,Proj,No_MSF,6660,825888
result_SELECT_10_Heisenberg2D_cylinder_0.5_0.5_0,outer,2,naive,0.0,2,Proj,No_Top,6660,821432
result_SELECT_10_Heisenberg2D_cylinder_0.5_0.5_0,outer,2,naive,0.0,2,Proj,No_Kink,6664,2434321
result_SELECT_10_Heisenberg2D_cylinder_0.5_0.5_0,outer,2,naive,0.0,2,Proj,Yes_Kink,6663,2422132
result_SELECT_10_Heisenberg2D_cylinder_0.5_0.5_5,inner,1,SA,1.0,2,Single,No_MSF,327,256704
result_SELECT_10_Heisenberg2D_cylinder_0.5_0.5_5,inner,1,SA,1.0,2,Single,No_Top,327,251360
result_SELECT_10_Heisenberg2D_cylinder_0.5_0.5_5,inner,1,SA,1.0,2,Single,No_Kink,338,378056
result_SELECT_10_Heisenberg2D_cylinder_0.5_0.5_5,inner,1,SA,1.0,2,Double,No_MSF,290,229472
result_SELECT_10_Heisenberg2D_cylinder_0.5_0.5_5,inner,1,SA,1.0,2,Double,No_Top,291,224864
result_SELECT_10_Heisenberg2D_cylinder_0.5_0.5_5,inner,1,SA,1.0,2,Double,No_Kink,295,358782
result_SELECT_10_Heisenberg2D_cylinder_0.5_0.5_5,inner,1,SA,1.0,2,Double,Yes_Kink,303,371316
result_SELECT_10_Heisenberg2D_cylinder_0.5_0.5_5,inner,1,SA,1.0,2,Proj,No_MSF,213,172800
result_SELECT_10_Heisenberg2D_cylinder_0.5_0.5_5,inner,1,SA,1.0,2,Proj,No_Top,213,167456
result_SELECT_10_Heisenberg2D_cylinder_0.5_0.5_5,inner,1,SA,1.0,2,Proj,No_Kink,255,694839
result_SELECT_10_Heisenberg2D_cylinder_0.5_0.5_5,inner,1,SA,1.0,2,Proj,Yes_Kink,264,697352
result_SELECT_100_Heisenberg1D_OBC_1_0_6,outer,2,naive,0.0,2,Single,No_MSF,206,309976
result_SELECT_100_Heisenberg1D_OBC_1_0_6,outer,2,naive,0.0,2,Single,No_Top,211,310668
result_SELECT_100_Heisenberg1D_OBC_1_0_6,outer,2,naive,0.0,2,Single,No_Kink,607,1396719
result_SELECT_100_Heisenberg1D_OBC_1_0_6,outer,2,naive,0.0,2,Single,Yes_Kink,550,1340683
result_SELECT_100_Heisenberg1D_OBC_1_0_6,outer,2,naive,0.0,2,Double,No_MSF,185,280324
result_SELECT_100_Heisenberg1D_OBC_1_0_6,outer,2,naive,0.0,2,Double,No_Top,185,273956
result_SELECT_100_Heisenberg1D_OBC_1_0_6,outer,2,naive,0.0,2,Double,No_Kink,530,1323090
result_SELECT_100_Heisenberg1D_OBC_1_0_6,outer,2,naive,0.0,2,Double,Yes_Kink,550,1365262
result_SELECT_100_Heisenberg1D_OBC_1_0_6,outer,2,naive,0.0,2,Proj,No_MSF,117,184308
result_SELECT_100_Heisenberg1D_OBC_1_0_6,outer,2,naive,0.0,2,Proj,No_Top,123,186412
result_SELECT_100_Heisenberg1D_OBC_1_0_6,outer,2,naive,0.0,2,Proj,No_Kink,540,2776254
result_SELECT_100_Heisenberg1D_OBC_1_0_6,outer,2,naive,0.0,2,Proj,Yes_Kink,547,2779199
result_trotter_10_Heisenberg2D_cylinder_0.5_0.5_det,inner,2,SA,1.0,0,Single,No_MSF,756,101100
result_trotter_10_Heisenberg2D_cylinder_0.5_0.5_det,inner,2,SA,1.0,0,Single,No_Top,784,78400
result_trotter_10_Heisenberg2D_cylinder_0.5_0.5_det,inner,2,SA,1.0,0,Single,No_Kink,789,174289
result_trotter_10_Heisenberg2D_cylinder_0.5_0.5_det,inner,2,SA,1.0,0,Single,Yes_Kink,796,178251
result_trotter_10_Heisenberg2D_cylinder_0.5_0.5_det,inner,2,SA,1.0,0,Double,No_MSF,749,100400
result_trotter_10_Heisenberg2D_cylinder_0.5_0.5_det,inner,2,SA,1.0,0,Double,No_Top,762,76200
result_trotter_10_Heisenberg2D_cylinder_0.5_0.5_det,inner,2,SA,1.0,0,Double,No_Kink,778,202404
result_trotter_10_Heisenberg2D_cylinder_0.5_0.5_det,inner,2,SA,1.0,0,Double,Yes_Kink,797,197642
result_trotter_10_Heisenberg2D_cylinder_0.5_0.5_det,inner,2,SA,1.0,0,Proj,No_MSF,390,64500
result_trotter_10_Heisenberg2D_cylinder_0.5_0.5_det,inner,2,SA,1.0,0,Proj,No_Top,580,58000
result_trotter_10_Heisenberg2D_cylinder_0.5_0.5_det,inner,2,SA,1.0,0,Proj,No_Kink,778,361197
result_trotter_10_Heisenberg2D_cylinder_0.5_0.5_det,inner,2,SA,1.0,0,Proj,Yes_Kink,786,353305
result_SELECT_10_Heisenberg2D_cylinder_0.5_0.5_2,inner,2,SA,0.1,0,Single,No_MSF,2072,394080
result_SELECT_10_Heisenberg2D_cylinder_0.5_0.5_2,inner,2,SA,0.1,0,Single,No_Top,2072,389536
result_SELECT_10_Heisenberg2D_cylinder_0.5_0.5_2,inner,2,SA,0.1,0,Single,No_Kink,2073,441198
result_SELECT_10_Heisenberg2D_cylinder_0.5_0.5_2,inner,2,SA,0.1,0,Single,Yes_Kink,2072,453535
result_SELECT_10_Heisenberg2D_cylinder_0.5_0.5_2,inner,2,SA,0.1,0,Double,No_MSF,1921,365692
result_SELECT_10_Heisenberg2D_cylinder_0.5_0.5_2,inner,2,SA,0.1,0,Double,No_Top,1921,361148
result_SELECT_10_Heisenberg2D_cylinder_0.5_0.5_2,inner,2,SA,0.1,0,Double,No_Kink,1922,427804
result_SELECT_10_Heisenberg2D_cylinder_0.5_0.5_2,inner,2,SA,0.1,0,Double,Yes_Kink,1926,426963
result_SELECT_10_Heisenberg2D_cylinder_0.5_0.5_2,inner,2,SA,0.1,0,Proj,No_MSF,1668,318128
result_SELECT_10_Heisenberg2D_cylinder_0.5_0.5_2,inner,2,SA,0.1,0,Proj,No_Top,1668,313584
result_SELECT_10_Heisenberg2D_cylinder_0.5_0.5_2,inner,2,SA,0.1,0,Proj,No_Kink,1676,1169792
result_SELECT_10_Heisenberg2D_cylinder_0.5_0.5_2,inner,2,SA,0.1,0,Proj,Yes_Kink,1676,1120491
result_SELECT_100_Schwinger_OBC_0_0_6,outer,2,random,0.0,2,Single,No_MSF,730,1212896
result_SELECT_100_Schwinger_OBC_0_0_6,outer,2,random,0.0,2,Single,No_Top,732,1193280
result_SELECT_100_Schwinger_OBC_0_0_6,outer,2,random,0.0,2,Single,No_Kink,1025,3879634
result_SELECT_100_Schwinger_OBC_0_0_6,outer,2,random,0.0,2,Single,Yes_Kink,1043,3911307
result_SELECT_100_Schwinger_OBC_0_0_6,outer,2,random,0.0,2,Double,No_MSF,621,1041984
result_SELECT_100_Schwinger_OBC_0_0_6,outer,2,random,0.0,2,Double,No_Top,623,1022368
result_SELECT_100_Schwinger_OBC_0_0_6,outer,2,random,0.0,2,Double,No_Kink,871,3759142
result_SELECT_100_Schwinger_OBC_0_0_6,outer,2,random,0.0,2,Double,Yes_Kink,892,3816004
result_SELECT_100_Schwinger_OBC_0_0_6,outer,2,random,0.0,2,Proj,No_MSF,488,833440
result_SELECT_100_Schwinger_OBC_0_0_6,outer,2,random,0.0,2,Proj,No_Top,488,810688
result_SELECT_100_Schwinger_OBC_0_0_6,outer,2,random,0.0,2,Proj,No_Kink,763,4331475
result_SELECT_100_Schwinger_OBC_0_0_6,outer,2,random,0.0,2,Proj,Yes_Kink,778,4363998
result_SELECT_10_Heisenberg2D_cylinder_0.5_0.5_5,outer,2,random,0.0,2,Single,No_MSF,327,256704
result_SELECT_10_Heisenberg2D_cylinder_0.5_0.5_5,outer,2,random,0.0,2,Single,No_Top,327,251360
result_SELECT_10_Heisenberg2D_cylinder_0.5_0.5_5,outer,2,random,0.0,2,Single,No_Kink,366,640133
result_SELECT_10_Heisenberg2D_cylinder_0.5_0.5_5,outer,2,random,0.0,2,Single,Yes_Kink,369,651783
result_SELECT_10_Heisenberg2D_cylinder_0.5_0.5_5,outer,2,random,0.0,2,Double,No_MSF,290,229472
result_SELECT_10_Heisenberg2D_cylinder_0.5_0.5_5,outer,2,random,0.0,2,Double,No_Top,291,224864
result_SELECT_10_Heisenberg2D_cylinder_0.5_0.5_5,outer,2,random,0.0,2,Double,No_Kink,309,615716
result_SELECT_10_Heisenberg2D_cylinder_0.5_0.5_5,outer,2,random,0.0,2,Double,Yes_Kink,319,625552
result_SELECT_10_Heisenberg2D_cylinder_0.5_0.5_5,outer,2,random,0.0,2,Proj,No_MSF,213,172800
result_SELECT_10_Heisenberg2D_cylinder_0.5_0.5_5,outer,2,random,0.0,2,Proj,No_Top,213,167456
result_SELECT_10_Heisenberg2D_cylinder_0.5_0.5_5,outer,2,random,0.0,2,Proj,No_Kink,278,836750
result_SELECT_10_Heisenberg2D_cylinder_0.5_0.5_5,outer,2,random,0.0,2,Proj,Yes_Kink,282,835634
result_SELECT_10_Heisenberg2D_cylinder_0.5_0.5_3,outer,2,SA,1.0,2,Single,No_MSF,1069,304784
result_SELECT_10_Heisenberg2D_cylinder_0.5_0.5_3,outer,2,SA,1.0,2,Single,No_Top,1069,300112
result_SELECT_10_Heisenberg2D_cylinder_0.5_0.5_3,outer,2,SA,1.0,2,Single,No_Kink,1069,360174
result_SELECT_10_Heisenberg2D_cylinder_0.5_0.5_3,outer,2,SA,1.0,2,Single,Yes_Kink,1069,372192
result_SELECT_10_Heisenberg2D_cylinder_0.5_0.5_3,outer,2,SA,1.0,2,Double,No_MSF,987,282480
result_SELECT_10_Heisenberg2D_cylinder_0.5_0.5_3,outer,2,SA,1.0,2,Double,No_Top,987,277808
result_SELECT_10_Heisenberg2D_cylinder_0.5_0.5_3,outer,2,SA,1.0,2,Double,No_Kink,987,351999
result_SELECT_10_Heisenberg2D_cylinder_0.5_0.5_3,outer,2,SA,1.0,2,Double,Yes_Kink,1020,357297
result_SELECT_10_Heisenberg2D_cylinder_0.5_0.5_3,outer,2,SA,1.0,2,Proj,No_MSF,837,241680
result_SELECT_10_Heisenberg2D_cylinder_0.5_0.5_3,outer,2,SA,1.0,2,Proj,No_Top,837,237008
result_SELECT_10_Heisenberg2D_cylinder_0.5_0.5_3,outer,2,SA,1.0,2,Proj,No_Kink,853,893696
result_SELECT_10_Heisenberg2D_cylinder_0.5_0.5_3,outer,2,SA,1.0,2,Proj,Yes_Kink,855,900345
result_SELECT_10_FermiHubbard2D_cylinder_0_0_6,inner,2,SA,0.001,2,Single,No_MSF,489,708804
result_SELECT_10_FermiHubbard2D_cylinder_0_0_6,inner,2,SA,0.001,2,Single,No_Top,489,702692
result_SELECT_10_FermiHubbard2D_cylinder_0_0_6,inner,2,SA,0.001,2,Single,No_Kink,499,945702
result_SELECT_10_FermiHubbard2D_cylinder_0_0_6,inner,2,SA,0.001,2,Single,Yes_Kink,501,972910
result_SELECT_10_FermiHubbard2D_cylinder_0_0_6,inner,2,SA,0.001,2,Double,No_MSF,473,686212
result_SELECT_10_FermiHubbard2D_cylinder_0_0_6,inner,2,SA,0.001,2,Double,No_Top,473,680100
result_SELECT_10_FermiHubbard2D_cylinder_0_0_6,inner,2,SA,0.001,2,Double,No_Kink,479,941125
result_SELECT_10_FermiHubbard2D_cylinder_0_0_6,inner,2,SA,0.001,2,Double,Yes_Kink,491,963317
result_SELECT_10_FermiHubbard2D_cylinder_0_0_6,inner,2,SA,0.001,2,Proj,No_MSF,407,593020
result_SELECT_10_FermiHubbard2D_cylinder_0_0_6,inner,2,SA,0.001,2,Proj,No_Top,407,586908
result_SELECT_10_FermiHubbard2D_cylinder_0_0_6,inner,2,SA,0.001,2,Proj,No_Kink,445,2179559
result_SELECT_10_FermiHubbard2D_cylinder_0_0_6,inner,2,SA,0.001,2,Proj,Yes_Kink,448,2151312
result_SELECT_10_Heisenberg2D_cylinder_0.5_0.5_6,inner,2,random,0.0,2,Single,No_MSF,211,295168
result_SELECT_10_Heisenberg2D_cylinder_0.5_0.5_6,inner,2,random,0.0,2,Single,No_Top,211,289056
result_SELECT_10_Heisenberg2D_cylinder_0.5_0.5_6,inner,2,random,0.0,2,Single,No_Kink,311,924497
result_SELECT_10_Heisenberg2D_cylinder_0.5_0.5_6,inner,2,random,0.0,2,Single,Yes_Kink,316,933502
result_SELECT_10_Heisenberg2D_cylinder_0.5_0.5_6,inner,2,random,0.0,2,Double,No_MSF,177,250560
result_SELECT_10_Heisenberg2D_cylinder_0.5_0.5_6,inner,2,random,0.0,2,Double,No_Top,177,244448
result_SELECT_10_Heisenberg2D_cylinder_0.5_0.5_6,inner,2,random,0.0,2,Double,No_Kink,256,879972
result_SELECT_10_Heisenberg2D_cylinder_0.5_0.5_6,inner,2,random,0.0,2,Double,Yes_Kink,265,898754
result_SELECT_10_Heisenberg2D_cylinder_0.5_0.5_6,inner,2,random,0.0,2,Proj,No_MSF,108,160032
result_SELECT_10_Heisenberg2D_cylinder_0.5_0.5_6,inner,2,random,0.0,2,Proj,No_Top,123,173600
result_SELECT_10_Heisenberg2D_cylinder_0.5_0.5_6,inner,2,random,0.0,2,Proj,No_Kink,210,1017940
result_SELECT_10_Heisenberg2D_cylinder_0.5_0.5_6,inner,2,random,0.0,2,Proj,Yes_Kink,214,1023275
result_SELECT_10_Heisenberg2D_cylinder_0.5_0.5_5,outer,1,SA,1.0,2,Single,No_MSF,327,256704
result_SELECT_10_Heisenberg2D_cylinder_0.5_0.5_5,outer,1,SA,1.0,2,Single,No_Top,327,251360
result_SELECT_10_Heisenberg2D_cylinder_0.5_0.5_5,outer,1,SA,1.0,2,Single,No_Kink,359,414906
result_SELECT_10_Heisenberg2D_cylinder_0.5_0.5_5,outer,1,SA,1.0,2,Double,No_MSF,290,229472
result_SELECT_10_Heisenberg2D_cylinder_0.5_0.5_5,outer,1,SA,1.0,2,Double,No_Top,291,224864
result_SELECT_10_Heisenberg2D_cylinder_0.5_0.5_5,outer,1,SA,1.0,2,Double,No_Kink,307,388879
result_SELECT_10_Heisenberg2D_cylinder_0.5_0.5_5,outer,1,SA,1.0,2,Double,Yes_Kink,316,397633
result_SELECT_10_Heisenberg2D_cylinder_0.5_0.5_5,outer,1,SA,1.0,2,Proj,No_MSF,213,172800
result_SELECT_10_Heisenberg2D_cylinder_0.5_0.5_5,outer,1,SA,1.0,2,Proj,No_Top,213,167456
result_SELECT_10_Heisenberg2D_cylinder_0.5_0.5_5,outer,1,SA,1.0,2,Proj,No_Kink,261,726701
result_SELECT_10_Heisenberg2D_cylinder_0.5_0.5_5,outer,1,SA,1.0,2,Proj,Yes_Kink,271,736491
result_SELECT_10_Heisenberg2D_cylinder_0.5_0.5_6,inner,2,naive,0.0,6,Single,No_MSF,211,319616
result_SELECT_10_Heisenberg2D_cylinder_0.5_0.5_6,inner,2,naive,0.0,6,Single,No_Top,331,470944
result_SELECT_10_Heisenberg2D_cylinder_0.5_0.5_6,inner,2,naive,0.0,6,Single,No_Kink,659,1479470
result_SELECT_10_Heisenberg2D_cylinder_0.5_0.5_6,inner,2,naive,0.0,6,Single,Yes_Kink,605,1437996
result_SELECT_10_Heisenberg2D_cylinder_0.5_0.5_6,inner,2,naive,0.0,6,Double,No_MSF,177,275008
result_SELECT_10_Heisenberg2D_cylinder_0.5_0.5_6,inner,2,naive,0.0,6,Double,No_Top,314,448640
result_SELECT_10_Heisenberg2D_cylinder_0.5_0.5_6,inner,2,naive,0.0,6,Double,No_Kink,588,1427115
result_SELECT_10_Heisenberg2D_cylinder_0.5_0.5_6,inner,2,naive,0.0,6,Double,Yes_Kink,587,1434108
result_SELECT_10_Heisenberg2D_cylinder_0.5_0.5_6,inner,2,naive,0.0,6,Proj,No_MSF,108,184480
result_SELECT_10_Heisenberg2D_cylinder_0.5_0.5_6,inner,2,naive,0.0,6,Proj,No_Top,287,413216
result_SELECT_10_Heisenberg2D_cylinder_0.5_0.5_6,inner,2,naive,0.0,6,Proj,No_Kink,599,2804487
result_SELECT_10_Heisenberg2D_cylinder_0.5_0.5_6,inner,2,naive,0.0,6,Proj,Yes_Kink,612,2819156
result_trotter_10_Heisenberg2D_cylinder_0.5_0.5_det,outer,2,SA,1.0,0,Single,No_MSF,756,101100
result_trotter_10_Heisenberg2D_cylinder_0.5_0.5_det,outer,2,SA,1.0,0,Single,No_Top,784,78400
result_trotter_10_Heisenberg2D_cylinder_0.5_0.5_det,outer,2,SA,1.0,0,Single,No_Kink,980,281527
result_trotter_10_Heisenberg2D_cylinder_0.5_0.5_det,outer,2,SA,1.0,0,Single,Yes_Kink,981,273084
result_trotter_10_Heisenberg2D_cylinder_0.5_0.5_det,outer,2,SA,1.0,0,Double,No_MSF,749,100400
result_trotter_10_Heisenberg2D_cylinder_0.5_0.5_det,outer,2,SA,1.0,0,Double,No_Top,762,76200
result_trotter_10_Heisenberg2D_cylinder_0.5_0.5_det,outer,2,SA,1.0,0,Double,No_Kink,984,325881
result_trotter_10_Heisenberg2D_cylinder_0.5_0.5_det,outer,2,SA,1.0,0,Double,Yes_Kink,1107,345956
result_trotter_10_Heisenberg2D_cylinder_0.5_0.5_det,outer,2,SA,1.0,0,Proj,No_MSF,390,64500
result_trotter_10_Heisenberg2D_cylinder_0.5_0.5_det,outer,2,SA,1.0,0,Proj,No_Top,580,58000
result_trotter_10_Heisenberg2D_cylinder_0.5_0.5_det,outer,2,SA,1.0,0,Proj,No_Kink,874,458868
result_trotter_10_Heisenberg2D_cylinder_0.5_0.5_det,outer,2,SA,1.0,0,Proj,Yes_Kink,911,466706
result_SELECT_10_Heisenberg2D_cylinder_0.5_0.5_0,inner,1,SA,0.01,0,Single,No_MSF,8099,992534
result_SELECT_10_Heisenberg2D_cylinder_0.5_0.5_0,inner,1,SA,0.01,0,Single,No_Top,8099,988078
result_SELECT_10_Heisenberg2D_cylinder_0.5_0.5_0,inner,1,SA,0.01,0,Single,No_Kink,8099,1037694
result_SELECT_10_Heisenberg2D_cylinder_0.5_0.5_0,inner,1,SA,0.01,0,Double,No_MSF,7536,923848
result_SELECT_10_Heisenberg2D_cylinder_0.5_0.5_0,inner,1,SA,0.01,0,Double,No_Top,7536,919392
result_SELECT_10_Heisenberg2D_cylinder_0.5_0.5_0,inner,1,SA,0.01,0,Double,No_Kink,7536,988930
result_SELECT_10_Heisenberg2D_cylinder_0.5_0.5_0,inner,1,SA,0.01,0,Double,Yes_Kink,7537,996045
result_SELECT_10_Heisenberg2D_cylinder_0.5_0.5_0,inner,1,SA,0.01,0,Proj,No_MSF,6660,816976
result_SELECT_10_Heisenberg2D_cylinder_0.5_0.5_0,inner,1,SA,0.01,0,Proj,No_Top,6660,812520
result_SELECT_10_Heisenberg2D_cylinder_0.5_0.5_0,inner,1,SA,0.01,0,Proj,No_Kink,6663,2581243
result_SELECT_10_Heisenberg2D_cylinder_0.5_0.5_0,inner,1,SA,0.01,0,Proj,Yes_Kink,6664,2515689
result_SELECT_100_Schwinger_OBC_0_0_6,inner,2,naive,0.0,2,Single,No_MSF,730,1212896
result_SELECT_100_Schwinger_OBC_0_0_6,inner,2,naive,0.0,2,Single,No_Top,732,1193280
result_SELECT_100_Schwinger_OBC_0_0_6,inner,2,naive,0.0,2,Single,No_Kink,2259,5611016
result_SELECT_100_Schwinger_OBC_0_0_6,inner,2,naive,0.0,2,Single,Yes_Kink,2086,5447800
result_SELECT_100_Schwinger_OBC_0_0_6,inner,2,naive,0.0,2,Double,No_MSF,621,1041984
result_SELECT_100_Schwinger_OBC_0_0_6,inner,2,naive,0.0,2,Double,No_Top,623,1022368
result_SELECT_100_Schwinger_OBC_0_0_6,inner,2,naive,0.0,2,Double,No_Kink,2011,5354313
result_SELECT_100_Schwinger_OBC_0_0_6,inner,2,naive,0.0,2,Double,Yes_Kink,2062,5484461
result_SELECT_100_Schwinger_OBC_0_0_6,inner,2,naive,0.0,2,Proj,No_MSF,488,833440
result_SELECT_100_Schwinger_OBC_0_0_6,inner,2,naive,0.0,2,Proj,No_Top,488,810688
result_SELECT_100_Schwinger_OBC_0_0_6,inner,2,naive,0.0,2,Proj,No_Kink,2038,11235284
result_SELECT_100_Schwinger_OBC_0_0_6,inner,2,naive,0.0,2,Proj,Yes_Kink,2065,11223611
result_trotter_10_Heisenberg2D_cylinder_0.5_0.5_rand,outer,2,random,0.0,2,Single,No_MSF,744,150900
result_trotter_10_Heisenberg2D_cylinder_0.5_0.5_rand,outer,2,random,0.0,2,Single,No_Top,1782,229200
result_trotter_10_Heisenberg2D_cylinder_0.5_0.5_rand,outer,2,random,0.0,2,Single,No_Kink,1828,515167
result_trotter_10_Heisenberg2D_cylinder_0.5_0.5_rand,outer,2,random,0.0,2,Single,Yes_Kink,1836,516587
result_trotter_10_Heisenberg2D_cylinder_0.5_0.5_rand,outer,2,random,0.0,2,Double,No_MSF,721,148600
result_trotter_10_Heisenberg2D_cylinder_0.5_0.5_rand,outer,2,random,0.0,2,Double,No_Top,1777,228700
result_trotter_10_Heisenberg2D_cylinder_0.5_0.5_rand,outer,2,random,0.0,2,Double,No_Kink,1779,526383
result_trotter_10_Heisenberg2D_cylinder_0.5_0.5_rand,outer,2,random,0.0,2,Double,Yes_Kink,1786,547362
result_trotter_10_Heisenberg2D_cylinder_0.5_0.5_rand,outer,2,random,0.0,2,Proj,No_MSF,390,115500
result_trotter_10_Heisenberg2D_cylinder_0.5_0.5_rand,outer,2,random,0.0,2,Proj,No_Top,1740,225000
result_trotter_10_Heisenberg2D_cylinder_0.5_0.5_rand,outer,2,random,0.0,2,Proj,No_Kink,1934,1146880
result_trotter_10_Heisenberg2D_cylinder_0.5_0.5_rand,outer,2,random,0.0,2,Proj,Yes_Kink,1935,1121133
result_SELECT_10_Heisenberg2D_cylinder_0.5_0.5_3,outer,1,SA,0.1,2,Single,No_MSF,1069,304784
result_SELECT_10_Heisenberg2D_cylinder_0.5_0.5_3,outer,1,SA,0.1,2,Single,No_Top,1069,300112
result_SELECT_10_Heisenberg2D_cylinder_0.5_0.5_3,outer,1,SA,0.1,2,Single,No_Kink,1073,384132
result_SELECT_10_Heisenberg2D_cylinder_0.5_0.5_3,outer,1,SA,0.1,2,Double,No_MSF,987,282480
result_SELECT_10_Heisenberg2D_cylinder_0.5_0.5_3,outer,1,SA,0.1,2,Double,No_Top,987,277808
result_SELECT_10_Heisenberg2D_cylinder_0.5_0.5_3,outer,1,SA,0.1,2,Double,No_Kink,991,374546
result_SELECT_10_Heisenberg2D_cylinder_0.5_0.5_3,outer,1,SA,0.1,2,Double,Yes_Kink,992,374314
result_SELECT_10_Heisenberg2D_cylinder_0.5_0.5_3,outer,1,SA,0.1,2,Proj,No_MSF,837,241680
result_SELECT_10_Heisenberg2D_cylinder_0.5_0.5_3,outer,1,SA,0.1,2,Proj,No_Top,837,237008
result_SELECT_10_Heisenberg2D_cylinder_0.5_0.5_3,outer,1,SA,0.1,2,Proj,No_Kink,852,898021
result_SELECT_10_Heisenberg2D_cylinder_0.5_0.5_3,outer,1,SA,0.1,2,Proj,Yes_Kink,854,877060
result_SELECT_10_Heisenberg2D_cylinder_0.5_0.5_6,inner,1,SA,0.1,8,Single,No_MSF,211,331840
result_SELECT_10_Heisenberg2D_cylinder_0.5_0.5_6,inner,1,SA,0.1,8,Single,No_Top,408,584192
result_SELECT_10_Heisenberg2D_cylinder_0.5_0.5_6,inner,1,SA,0.1,8,Single,No_Kink,406,933926
result_SELECT_10_Heisenberg2D_cylinder_0.5_0.5_6,inner,1,SA,0.1,8,Double,No_MSF,177,287232
result_SELECT_10_Heisenberg2D_cylinder_0.5_0.5_6,inner,1,SA,0.1,8,Double,No_Top,392,563200
result_SELECT_10_Heisenberg2D_cylinder_0.5_0.5_6,inner,1,SA,0.1,8,Double,No_Kink,390,940743
result_SELECT_10_Heisenberg2D_cylinder_0.5_0.5_6,inner,1,SA,0.1,8,Double,Yes_Kink,393,943657
result_SELECT_10_Heisenberg2D_cylinder_0.5_0.5_6,inner,1,SA,0.1,8,Proj,No_MSF,108,196704
result_SELECT_10_Heisenberg2D_cylinder_0.5_0.5_6,inner,1,SA,0.1,8,Proj,No_Top,369,533024
result_SELECT_10_Heisenberg2D_cylinder_0.5_0.5_6,inner,1,SA,0.1,8,Proj,No_Kink,1377,4908777
result_SELECT_10_Heisenberg2D_cylinder_0.5_0.5_6,inner,1,SA,0.1,8,Proj,Yes_Kink,1314,4485483
result_SELECT_100_Heisenberg1D_OBC_1_0_6,outer,1,SA,0.001,2,Single,No_MSF,206,309976
result_SELECT_100_Heisenberg1D_OBC_1_0_6,outer,1,SA,0.001,2,Single,No_Top,211,310668
result_SELECT_100_Heisenberg1D_OBC_1_0_6,outer,1,SA,0.001,2,Single,No_Kink,249,656854
result_SELECT_100_Heisenberg1D_OBC_1_0_6,outer,1,SA,0.001,2,Double,No_MSF,185,280324
result_SELECT_100_Heisenberg1D_OBC_1_0_6,outer,1,SA,0.001,2,Double,No_Top,185,273956
result_SELECT_100_Heisenberg1D_OBC_1_0_6,outer,1,SA,0.001,2,Double,No_Kink,194,608580
result_SELECT_100_Heisenberg1D_OBC_1_0_6,outer,1,SA,0.001,2,Double,Yes_Kink,201,641517
result_SELECT_100_Heisenberg1D_OBC_1_0_6,outer,1,SA,0.001,2,Proj,No_MSF,117,184308
result_SELECT_100_Heisenberg1D_OBC_1_0_6,outer,1,SA,0.001,2,Proj,No_Top,123,186412
result_SELECT_100_Heisenberg1D_OBC_1_0_6,outer,1,SA,0.001,2,Proj,No_Kink,173,859824
result_SELECT_100_Heisenberg1D_OBC_1_0_6,outer,1,SA,0.001,2,Proj,Yes_Kink,180,871516
result_SELECT_10_Heisenberg2D_cylinder_0.5_0.5_6,outer,1,naive,0.0,0,Single,No_MSF,211,282944
result_SELECT_10_Heisenberg2D_cylinder_0.5_0.5_6,outer,1,naive,0.0,0,Single,No_Top,211,276832
result_SELECT_10_Heisenberg2D_cylinder_0.5_0.5_6,outer,1,naive,0.0,0,Single,No_Kink,924,1944312
result_SELECT_10_Heisenberg2D_cylinder_0.5_0.5_6,outer,1,naive,0.0,0,Double,No_MSF,177,238336
result_SELECT_10_Heisenberg2D_cylinder_0.5_0.5_6,outer,1,naive,0.0,0,Double,No_Top,177,232224
result_SELECT_10_Heisenberg2D_cylinder_0.5_0.5_6,outer,1,naive,0.0,0,Double,No_Kink,680,1626792
result_SELECT_10_Heisenberg2D_cylinder_0.5_0.5_6,outer,1,naive,0.0,0,Double,Yes_Kink,668,1615281
result_SELECT_10_Heisenberg2D_cylinder_0.5_0.5_6,outer,1,naive,0.0,0,Proj,No_MSF,108,147808
result_SELECT_10_Heisenberg2D_cylinder_0.5_0.5_6,outer,1,naive,0.0,0,Proj,No_Top,108,141696
result_SELECT_10_Heisenberg2D_cylinder_0.5_0.5_6,outer,1,naive,0.0,0,Proj,No_Kink,683,3150199
result_SELECT_10_Heisenberg2D_cylinder_0.5_0.5_6,outer,1,naive,0.0,0,Proj,Yes_Kink,697,3179793
result_trotter_10_Heisenberg2D_cylinder_0.5_0.5_rand,outer,1,SA,0.01,0,Single,No_MSF,744,99900
result_trotter_10_Heisenberg2D_cylinder_0.5_0.5_rand,outer,1,SA,0.01,0,Single,No_Top,749,74900
result_trotter_10_Heisenberg2D_cylinder_0.5_0.5_rand,outer,1,SA,0.01,0,Single,No_Kink,941,265898
result_trotter_10_Heisenberg2D_cylinder_0.5_0.5_rand,outer,1,SA,0.01,0,Double,No_MSF,721,97600
result_trotter_10_Heisenberg2D_cylinder_0.5_0.5_rand,outer,1,SA,0.01,0,Double,No_Top,721,72100
result_trotter_10_Heisenberg2D_cylinder_0.5_0.5_rand,outer,1,SA,0.01,0,Double,No_Kink,931,316241
result_trotter_10_Heisenberg2D_cylinder_0.5_0.5_rand,outer,1,SA,0.01,0,Double,Yes_Kink,1106,354826
result_trotter_10_Heisenberg2D_cylinder_0.5_0.5_rand,outer,1,SA,0.01,0,Proj,No_MSF,390,64500
result_trotter_10_Heisenberg2D_cylinder_0.5_0.5_rand,outer,1,SA,0.01,0,Proj,No_Top,580,58000
result_trotter_10_Heisenberg2D_cylinder_0.5_0.5_rand,outer,1,SA,0.01,0,Proj,No_Kink,906,347349
result_trotter_10_Heisenberg2D_cylinder_0.5_0.5_rand,outer,1,SA,0.01,0,Proj,Yes_Kink,927,341891
result_SELECT_10_Heisenberg2D_cylinder_0.5_0.5_4,inner,2,random,0.0,0,Single,No_MSF,571,251568
result_SELECT_10_Heisenberg2D_cylinder_0.5_0.5_4,inner,2,random,0.0,0,Single,No_Top,571,246672
result_SELECT_10_Heisenberg2D_cylinder_0.5_0.5_4,inner,2,random,0.0,0,Single,No_Kink,591,480842
result_SELECT_10_Heisenberg2D_cylinder_0.5_0.5_4,inner,2,random,0.0,0,Single,Yes_Kink,589,486932
result_SELECT_10_Heisenberg2D_cylinder_0.5_0.5_4,inner,2,random,0.0,0,Double,No_MSF,522,230400
result_SELECT_10_Heisenberg2D_cylinder_0.5_0.5_4,inner,2,random,0.0,0,Double,No_Top,522,225504
result_SELECT_10_Heisenberg2D_cylinder_0.5_0.5_4,inner,2,random,0.0,0,Double,No_Kink,541,465276
result_SELECT_10_Heisenberg2D_cylinder_0.5_0.5_4,inner,2,random,0.0,0,Double,Yes_Kink,547,468852
result_SELECT_10_Heisenberg2D_cylinder_0.5_0.5_4,inner,2,random,0.0,0,Proj,No_MSF,420,186336
result_SELECT_10_Heisenberg2D_cylinder_0.5_0.5_4,inner,2,random,0.0,0,Proj,No_Top,420,181440
result_SELECT_10_Heisenberg2D_cylinder_0.5_0.5_4,inner,2,random,0.0,0,Proj,No_Kink,457,780665
result_SELECT_10_Heisenberg2D_cylinder_0.5_0.5_4,inner,2,random,0.0,0,Proj,Yes_Kink,473,769308
result_trotter_10_Heisenberg2D_cylinder_0.5_0.5_det,inner,1,SA,1.0,2,Single,No_MSF,756,152100
result_trotter_10_Heisenberg2D_cylinder_0.5_0.5_det,inner,1,SA,1.0,2,Single,No_Top,1864,237400
result_trotter_10_Heisenberg2D_cylinder_0.5_0.5_det,inner,1,SA,1.0,2,Single,No_Kink,1885,449708
result_trotter_10_Heisenberg2D_cylinder_0.5_0.5_det,inner,1,SA,1.0,2,Double,No_MSF,749,151400
result_trotter_10_Heisenberg2D_cylinder_0.5_0.5_det,inner,1,SA,1.0,2,Double,No_Top,1861,237100
result_trotter_10_Heisenberg2D_cylinder_0.5_0.5_det,inner,1,SA,1.0,2,Double,No_Kink,1863,469832
result_trotter_10_Heisenberg2D_cylinder_0.5_0.5_det,inner,1,SA,1.0,2,Double,Yes_Kink,1879,531781
result_trotter_10_Heisenberg2D_cylinder_0.5_0.5_det,inner,1,SA,1.0,2,Proj,No_MSF,390,115500
result_trotter_10_Heisenberg2D_cylinder_0.5_0.5_det,inner,1,SA,1.0,2,Proj,No_Top,1740,225000
result_trotter_10_Heisenberg2D_cylinder_0.5_0.5_det,inner,1,SA,1.0,2,Proj,No_Kink,1977,745048
result_trotter_10_Heisenberg2D_cylinder_0.5_0.5_det,inner,1,SA,1.0,2,Proj,Yes_Kink,1989,695844
result_SELECT_10_Heisenberg2D_cylinder_0.5_0.5_6,outer,2,random,0.0,10,Single,No_MSF,211,344064
result_SELECT_10_Heisenberg2D_cylinder_0.5_0.5_6,outer,2,random,0.0,10,Single,No_Top,483,694816
result_SELECT_10_Heisenberg2D_cylinder_0.5_0.5_6,outer,2,random,0.0,10,Single,No_Kink,482,1300989
result_SELECT_10_Heisenberg2D_cylinder_0.5_0.5_6,outer,2,random,0.0,10,Single,Yes_Kink,483,1304781
result_SELECT_10_Heisenberg2D_cylinder_0.5_0.5_6,outer,2,random,0.0,10,Double,No_MSF,177,299456
result_SELECT_10_Heisenberg2D_cylinder_0.5_0.5_6,outer,2,random,0.0,10,Double,No_Top,473,681696
result_SELECT_10_Heisenberg2D_cylinder_0.5_0.5_6,outer,2,random,0.0,10,Double,No_Kink,469,1284932
result_SELECT_10_Heisenberg2D_cylinder_0.5_0.5_6,outer,2,random,0.0,10,Double,Yes_Kink,471,1284031
result_SELECT_10_Heisenberg2D_cylinder_0.5_0.5_6,outer,2,random,0.0,10,Proj,No_MSF,108,208928
result_SELECT_10_Heisenberg2D_cylinder_0.5_0.5_6,outer,2,random,0.0,10,Proj,No_Top,451,652832
result_SELECT_10_Heisenberg2D_cylinder_0.5_0.5_6,outer,2,random,0.0,10,Proj,No_Kink,2233,8229804
result_SELECT_10_Heisenberg2D_cylinder_0.5_0.5_6,outer,2,random,0.0,10,Proj,Yes_Kink,2123,7685492
result_SELECT_10_Heisenberg2D_cylinder_0.5_0.5_6,outer,1,SA,1.0,0,Single,No_MSF,211,282944
result_SELECT_10_Heisenberg2D_cylinder_0.5_0.5_6,outer,1,SA,1.0,0,Single,No_Top,211,276832
result_SELECT_10_Heisenberg2D_cylinder_0.5_0.5_6,outer,1,SA,1.0,0,Single,No_Kink,282,615638
result_SELECT_10_Heisenberg2D_cylinder_0.5_0.5_6,outer,1,SA,1.0,0,Double,No_MSF,177,238336
result_SELECT_10_Heisenberg2D_cylinder_0.5_0.5_6,outer,1,SA,1.0,0,Double,No_Top,177,232224
result_SELECT_10_Heisenberg2D_cylinder_0.5_0.5_6,outer,1,SA,1.0,0,Double,No_Kink,226,572581
result_SELECT_10_Heisenberg2D_cylinder_0.5_0.5_6,outer,1,SA,1.0,0,Double,Yes_Kink,234,588063
result_SELECT_10_Heisenberg2D_cylinder_0.5_0.5_6,outer,1,SA,1.0,0,Proj,No_MSF,108,147808
result_SELECT_10_Heisenberg2D_cylinder_0.5_0.5_6,outer,1,SA,1.0,0,Proj,No_Top,108,141696
result_SELECT_10_Heisenberg2D_cylinder_0.5_0.5_6,outer,1,SA,1.0,0,Proj,No_Kink,212,981888
result_SELECT_10_Heisenberg2D_cylinder_0.5_0.5_6,outer,1,SA,1.0,0,Proj,Yes_Kink,221,1006442
result_SELECT_10_Heisenberg2D_cylinder_0.5_0.5_0,inner,2,naive,0.0,2,Single,No_MSF,8099,1001446
result_SELECT_10_Heisenberg2D_cylinder_0.5_0.5_0,inner,2,naive,0.0,2,Single,No_Top,8101,997234
result_SELECT_10_Heisenberg2D_cylinder_0.5_0.5_0,inner,2,naive,0.0,2,Single,No_Kink,8101,1065615
result_SELECT_10_Heisenberg2D_cylinder_0.5_0.5_0,inner,2,naive,0.0,2,Single,Yes_Kink,8101,1075488
result_SELECT_10_Heisenberg2D_cylinder_0.5_0.5_0,inner,2,naive,0.0,2,Double,No_MSF,7536,932760
result_SELECT_10_Heisenberg2D_cylinder_0.5_0.5_0,inner,2,naive,0.0,2,Double,No_Top,7537,928426
result_SELECT_10_Heisenberg2D_cylinder_0.5_0.5_0,inner,2,naive,0.0,2,Double,No_Kink,7537,1010586
result_SELECT_10_Heisenberg2D_cylinder_0.5_0.5_0,inner,2,naive,0.0,2,Double,Yes_Kink,7537,1007096
result_SELECT_10_Heisenberg2D_cylinder_0.5_0.5_0,inner,2,naive,0.0,2,Proj,No_MSF,6660,825888
result_SELECT_10_Heisenberg2D_cylinder_0.5_0.5_0,inner,2,naive,0.0,2,Proj,No_Top,6660,821432
result_SELECT_10_Heisenberg2D_cylinder_0.5_0.5_0,inner,2,naive,0.0,2,Proj,No_Kink,6664,2434321
result_SELECT_10_Heisenberg2D_cylinder_0.5_0.5_0,inner,2,naive,0.0,2,Proj,Yes_Kink,6663,2422132
result_SELECT_10_Heisenberg2D_cylinder_0.5_0.5_0,outer,1,SA,0.1,2,Single,No_MSF,8099,1001446
result_SELECT_10_Heisenberg2D_cylinder_0.5_0.5_0,outer,1,SA,0.1,2,Single,No_Top,8101,997234
result_SELECT_10_Heisenberg2D_cylinder_0.5_0.5_0,outer,1,SA,0.1,2,Single,No_Kink,8101,1080856
result_SELECT_10_Heisenberg2D_cylinder_0.5_0.5_0,outer,1,SA,0.1,2,Double,No_MSF,7536,932760
result_SELECT_10_Heisenberg2D_cylinder_0.5_0.5_0,outer,1,SA,0.1,2,Double,No_Top,7537,928426
result_SELECT_10_Heisenberg2D_cylinder_0.5_0.5_0,outer,1,SA,0.1,2,Double,No_Kink,7537,1028058
result_SELECT_10_Heisenberg2D_cylinder_0.5_0.5_0,outer,1,SA,0.1,2,Double,Yes_Kink,7537,1026162
result_SELECT_10_Heisenberg2D_cylinder_0.5_0.5_0,outer,1,SA,0.1,2,Proj,No_MSF,6660,825888
result_SELECT_10_Heisenberg2D_cylinder_0.5_0.5_0,outer,1,SA,0.1,2,Proj,No_Top,6660,821432
result_SELECT_10_Heisenberg2D_cylinder_0.5_0.5_0,outer,1,SA,0.1,2,Proj,No_Kink,6661,2675886
result_SELECT_10_Heisenberg2D_cylinder_0.5_0.5_0,outer,1,SA,0.1,2,Proj,Yes_Kink,6663,2649103
result_trotter_10_Heisenberg2D_cylinder_0.5_0.5_rand,outer,2,SA,1.0,0,Single,No_MSF,744,99900
result_trotter_10_Heisenberg2D_cylinder_0.5_0.5_rand,outer,2,SA,1.0,0,Single,No_Top,749,74900
result_trotter_10_Heisenberg2D_cylinder_0.5_0.5_rand,outer,2,SA,1.0,0,Single,No_Kink,924,272523
result_trotter_10_Heisenberg2D_cylinder_0.5_0.5_rand,outer,2,SA,1.0,0,Single,Yes_Kink,926,267823
result_trotter_10_Heisenberg2D_cylinder_0.5_0.5_rand,outer,2,SA,1.0,0,Double,No_MSF,721,97600
result_trotter_10_Heisenberg2D_cylinder_0.5_0.5_rand,outer,2,SA,1.0,0,Double,No_Top,721,72100
result_trotter_10_Heisenberg2D_cylinder_0.5_0.5_rand,outer,2,SA,1.0,0,Double,No_Kink,916,318099
result_trotter_10_Heisenberg2D_cylinder_0.5_0.5_rand,outer,2,SA,1.0,0,Double,Yes_Kink,1036,334476
result_trotter_10_Heisenberg2D_cylinder_0.5_0.5_rand,outer,2,SA,1.0,0,Proj,No_MSF,390,64500
result_trotter_10_Heisenberg2D_cylinder_0.5_0.5_rand,outer,2,SA,1.0,0,Proj,No_Top,580,58000
result_trotter_10_Heisenberg2D_cylinder_0.5_0.5_rand,outer,2,SA,1.0,0,Proj,No_Kink,820,451755
result_trotter_10_Heisenberg2D_cylinder_0.5_0.5_rand,outer,2,SA,1.0,0,Proj,Yes_Kink,850,456669
result_SELECT_10_Heisenberg2D_cylinder_0.5_0.5_3,outer,2,SA,0.1,2,Single,No_MSF,1069,304784
result_SELECT_10_Heisenberg2D_cylinder_0.5_0.5_3,outer,2,SA,0.1,2,Single,No_Top,1069,300112
result_SELECT_10_Heisenberg2D_cylinder_0.5_0.5_3,outer,2,SA,0.1,2,Single,No_Kink,1069,368640
result_SELECT_10_Heisenberg2D_cylinder_0.5_0.5_3,outer,2,SA,0.1,2,Single,Yes_Kink,1071,385230
result_SELECT_10_Heisenberg2D_cylinder_0.5_0.5_3,outer,2,SA,0.1,2,Double,No_MSF,987,282480
result_SELECT_10_Heisenberg2D_cylinder_0.5_0.5_3,outer,2,SA,0.1,2,Double,No_Top,987,277808
result_SELECT_10_Heisenberg2D_cylinder_0.5_0.5_3,outer,2,SA,0.1,2,Double,No_Kink,987,361554
result_SELECT_10_Heisenberg2D_cylinder_0.5_0.5_3,outer,2,SA,0.1,2,Double,Yes_Kink,1023,368204
result_SELECT_10_Heisenberg2D_cylinder_0.5_0.5_3,outer,2,SA,0.1,2,Proj,No_MSF,837,241680
result_SELECT_10_Heisenberg2D_cylinder_0.5_0.5_3,outer,2,SA,0.1,2,Proj,No_Top,837,237008
result_SELECT_10_Heisenberg2D_cylinder_0.5_0.5_3,outer,2,SA,0.1,2,Proj,No_Kink,850,939681
result_SELECT_10_Heisenberg2D_cylinder_0.5_0.5_3,outer,2,SA,0.1,2,Proj,Yes_Kink,852,902728
result_SELECT_10_Heisenberg2D_cylinder_0.5_0.5_4,inner,1,naive,0.0,2,Single,No_MSF,571,261360
result_SELECT_10_Heisenberg2D_cylinder_0.5_0.5_4,inner,1,naive,0.0,2,Single,No_Top,571,256464
result_SELECT_10_Heisenberg2D_cylinder_0.5_0.5_4,inner,1,naive,0.0,2,Single,No_Kink,1122,802286
result_SELECT_10_Heisenberg2D_cylinder_0.5_0.5_4,inner,1,naive,0.0,2,Double,No_MSF,522,240192
result_SELECT_10_Heisenberg2D_cylinder_0.5_0.5_4,inner,1,naive,0.0,2,Double,No_Top,522,235296
result_SELECT_10_Heisenberg2D_cylinder_0.5_0.5_4,inner,1,naive,0.0,2,Double,No_Kink,862,703029
result_SELECT_10_Heisenberg2D_cylinder_0.5_0.5_4,inner,1,naive,0.0,2,Double,Yes_Kink,870,710319
result_SELECT_10_Heisenberg2D_cylinder_0.5_0.5_4,inner,1,naive,0.0,2,Proj,No_MSF,420,196128
result_SELECT_10_Heisenberg2D_cylinder_0.5_0.5_4,inner,1,naive,0.0,2,Proj,No_Top,420,191232
result_SELECT_10_Heisenberg2D_cylinder_0.5_0.5_4,inner,1,naive,0.0,2,Proj,No_Kink,871,1377929
result_SELECT_10_Heisenberg2D_cylinder_0.5_0.5_4,inner,1,naive,0.0,2,Proj,Yes_Kink,896,1392298
result_SELECT_10_Heisenberg2D_cylinder_0.5_0.5_5,inner,1,SA,0.001,2,Single,No_MSF,327,256704
result_SELECT_10_Heisenberg2D_cylinder_0.5_0.5_5,inner,1,SA,0.001,2,Single,No_Top,327,251360
result_SELECT_10_Heisenberg2D_cylinder_0.5_0.5_5,inner,1,SA,0.001,2,Single,No_Kink,345,412862
result_SELECT_10_Heisenberg2D_cylinder_0.5_0.5_5,inner,1,SA,0.001,2,Double,No_MSF,290,229472
result_SELECT_10_Heisenberg2D_cylinder_0.5_0.5_5,inner,1,SA,0.001,2,Double,No_Top,291,224864
result_SELECT_10_Heisenberg2D_cylinder_0.5_0.5_5,inner,1,SA,0.001,2,Double,No_Kink,297,392021
result_SELECT_10_Heisenberg2D_cylinder_0.5_0.5_5,inner,1,SA,0.001,2,Double,Yes_Kink,309,411516
result_SELECT_10_Heisenberg2D_cylinder_0.5_0.5_5,inner,1,SA,0.001,2,Proj,No_MSF,213,172800
result_SELECT_10_Heisenberg2D_cylinder_0.5_0.5_5,inner,1,SA,0.001,2,Proj,No_Top,213,167456
result_SELECT_10_Heisenberg2D_cylinder_0.5_0.5_5,inner,1,SA,0.001,2,Proj,No_Kink,266,724115
result_SELECT_10_Heisenberg2D_cylinder_0.5_0.5_5,inner,1,SA,0.001,2,Proj,Yes_Kink,276,730888
result_SELECT_10_Heisenberg2D_cylinder_0.5_0.5_0,inner,2,SA,0.1,0,Single,No_MSF,8099,992534
result_SELECT_10_Heisenberg2D_cylinder_0.5_0.5_0,inner,2,SA,0.1,0,Single,No_Top,8099,988078
result_SELECT_10_Heisenberg2D_cylinder_0.5_0.5_0,inner,2,SA,0.1,0,Single,No_Kink,8099,1034153
result_SELECT_10_Heisenberg2D_cylinder_0.5_0.5_0,inner,2,SA,0.1,0,Single,Yes_Kink,8099,1046362
result_SELECT_10_Heisenberg2D_cylinder_0.5_0.5_0,inner,2,SA,0.1,0,Double,No_MSF,7536,923848
result_SELECT_10_Heisenberg2D_cylinder_0.5_0.5_0,inner,2,SA,0.1,0,Double,No_Top,7536,919392
result_SELECT_10_Heisenberg2D_cylinder_0.5_0.5_0,inner,2,SA,0.1,0,Double,No_Kink,7536,984540
result_SELECT_10_Heisenberg2D_cylinder_0.5_0.5_0,inner,2,SA,0.1,0,Double,Yes_Kink,7536,984080
result_SELECT_10_Heisenberg2D_cylinder_0.5_0.5_0,inner,2,SA,0.1,0,Proj,No_MSF,6660,816976
result_SELECT_10_Heisenberg2D_cylinder_0.5_0.5_0,inner,2,SA,0.1,0,Proj,No_Top,6660,812520
result_SELECT_10_Heisenberg2D_cylinder_0.5_0.5_0,inner,2,SA,0.1,0,Proj,No_Kink,6662,2503355
result_SELECT_10_Heisenberg2D_cylinder_0.5_0.5_0,inner,2,SA,0.1,0,Proj,Yes_Kink,6662,2403809
result_SELECT_10_Heisenberg2D_cylinder_0.5_0.5_6,outer,2,SA,0.001,6,Single,No_MSF,211,319616
result_SELECT_10_Heisenberg2D_cylinder_0.5_0.5_6,outer,2,SA,0.001,6,Single,No_Top,331,470944
result_SELECT_10_Heisenberg2D_cylinder_0.5_0.5_6,outer,2,SA,0.001,6,Single,No_Kink,326,754709
result_SELECT_10_Heisenberg2D_cylinder_0.5_0.5_6,outer,2,SA,0.001,6,Single,Yes_Kink,325,770125
result_SELECT_10_Heisenberg2D_cylinder_0.5_0.5_6,outer,2,SA,0.001,6,Double,No_MSF,177,275008
result_SELECT_10_Heisenberg2D_cylinder_0.5_0.5_6,outer,2,SA,0.001,6,Double,No_Top,314,448640
result_SELECT_10_Heisenberg2D_cylinder_0.5_0.5_6,outer,2,SA,0.001,6,Double,No_Kink,311,744743
result_SELECT_10_Heisenberg2D_cylinder_0.5_0.5_6,outer,2,SA,0.001,6,Double,Yes_Kink,316,752547
result_SELECT_10_Heisenberg2D_cylinder_0.5_0.5_6,outer,2,SA,0.001,6,Proj,No_MSF,108,184480
result_SELECT_10_Heisenberg2D_cylinder_0.5_0.5_6,outer,2,SA,0.001,6,Proj,No_Top,287,413216
result_SELECT_10_Heisenberg2D_cylinder_0.5_0.5_6,outer,2,SA,0.001,6,Proj,No_Kink,287,1240324
result_SELECT_10_Heisenberg2D_cylinder_0.5_0.5_6,outer,2,SA,0.001,6,Proj,Yes_Kink,288,1227700
result_SELECT_100_random_local_OBC_0_0_6,outer,2,random,0.0,2,Single,No_MSF,247,306944
result_SELECT_100_random_local_OBC_0_0_6,outer,2,random,0.0,2,Single,No_Top,247,302112
result_SELECT_100_random_local_OBC_0_0_6,outer,2,random,0.0,2,Single,No_Kink,344,957724
result_SELECT_100_random_local_OBC_0_0_6,outer,2,random,0.0,2,Single,Yes_Kink,350,973208
result_SELECT_100_random_local_OBC_0_0_6,outer,2,random,0.0,2,Double,No_MSF,192,241824
result_SELECT_100_random_local_OBC_0_0_6,outer,2,random,0.0,2,Double,No_Top,193,238176
result_SELECT_100_random_local_OBC_0_0_6,outer,2,random,0.0,2,Double,No_Kink,293,930950
result_SELECT_100_random_local_OBC_0_0_6,outer,2,random,0.0,2,Double,Yes_Kink,296,939301
result_SELECT_100_random_local_OBC_0_0_6,outer,2,random,0.0,2,Proj,No_MSF,128,166048
result_SELECT_100_random_local_OBC_0_0_6,outer,2,random,0.0,2,Proj,No_Top,128,161216
result_SELECT_100_random_local_OBC_0_0_6,outer,2,random,0.0,2,Proj,No_Kink,234,1063116
result_SELECT_100_random_local_OBC_0_0_6,outer,2,random,0.0,2,Proj,Yes_Kink,239,1073197
result_SELECT_10_Z2LatticeGauge2D_PBC_0_0_6,outer,2,SA,0.01,2,Single,No_MSF,113,138212
result_SELECT_10_Z2LatticeGauge2D_PBC_0_0_6,outer,2,SA,0.01,2,Single,No_Top,119,142620
result_SELECT_10_Z2LatticeGauge2D_PBC_0_0_6,outer,2,SA,0.01,2,Single,No_Kink,138,275196
result_SELECT_10_Z2LatticeGauge2D_PBC_0_0_6,outer,2,SA,0.01,2,Single,Yes_Kink,137,277076
result_SELECT_10_Z2LatticeGauge2D_PBC_0_0_6,outer,2,SA,0.01,2,Double,No_MSF,91,112780
result_SELECT_10_Z2LatticeGauge2D_PBC_0_0_6,outer,2,SA,0.01,2,Double,No_Top,98,118344
result_SELECT_10_Z2LatticeGauge2D_PBC_0_0_6,outer,2,SA,0.01,2,Double,No_Kink,109,252660
result_SELECT_10_Z2LatticeGauge2D_PBC_0_0_6,outer,2,SA,0.01,2,Double,Yes_Kink,110,257274
result_SELECT_10_Z2LatticeGauge2D_PBC_0_0_6,outer,2,SA,0.01,2,Proj,No_MSF,43,57292
result_SELECT_10_Z2LatticeGauge2D_PBC_0_0_6,outer,2,SA,0.01,2,Proj,No_Top,57,70948
result_SELECT_10_Z2LatticeGauge2D_PBC_0_0_6,outer,2,SA,0.01,2,Proj,No_Kink,81,336593
result_SELECT_10_Z2LatticeGauge2D_PBC_0_0_6,outer,2,SA,0.01,2,Proj,Yes_Kink,82,337496
result_SELECT_10_Heisenberg2D_cylinder_0.5_0.5_2,inner,2,naive,0.0,2,Single,No_MSF,2072,403168
result_SELECT_10_Heisenberg2D_cylinder_0.5_0.5_2,inner,2,naive,0.0,2,Single,No_Top,2072,398624
result_SELECT_10_Heisenberg2D_cylinder_0.5_0.5_2,inner,2,naive,0.0,2,Single,No_Kink,2082,510480
result_SELECT_10_Heisenberg2D_cylinder_0.5_0.5_2,inner,2,naive,0.0,2,Single,Yes_Kink,2140,537393
result_SELECT_10_Heisenberg2D_cylinder_0.5_0.5_2,inner,2,naive,0.0,2,Double,No_MSF,1921,374780
result_SELECT_10_Heisenberg2D_cylinder_0.5_0.5_2,inner,2,naive,0.0,2,Double,No_Top,1921,370236
result_SELECT_10_Heisenberg2D_cylinder_0.5_0.5_2,inner,2,naive,0.0,2,Double,No_Kink,1932,495440
result_SELECT_10_Heisenberg2D_cylinder_0.5_0.5_2,inner,2,naive,0.0,2,Double,Yes_Kink,1956,499820
result_SELECT_10_Heisenberg2D_cylinder_0.5_0.5_2,inner,2,naive,0.0,2,Proj,No_MSF,1668,327216
result_SELECT_10_Heisenberg2D_cylinder_0.5_0.5_2,inner,2,naive,0.0,2,Proj,No_Top,1668,322672
result_SELECT_10_Heisenberg2D_cylinder_0.5_0.5_2,inner,2,naive,0.0,2,Proj,No_Kink,1700,1289846
result_SELECT_10_Heisenberg2D_cylinder_0.5_0.5_2,inner,2,naive,0.0,2,Proj,Yes_Kink,1707,1268552
result_SELECT_10_Heisenberg2D_cylinder_0.5_0.5_1,outer,2,SA,0.001,0,Single,No_MSF,4079,591856
result_SELECT_10_Heisenberg2D_cylinder_0.5_0.5_1,outer,2,SA,0.001,0,Single,No_Top,4079,587376
result_SELECT_10_Heisenberg2D_cylinder_0.5_0.5_1,outer,2,SA,0.001,0,Single,No_Kink,4079,665964
result_SELECT_10_Heisenberg2D_cylinder_0.5_0.5_1,outer,2,SA,0.001,0,Single,Yes_Kink,4079,674477
result_SELECT_10_Heisenberg2D_cylinder_0.5_0.5_1,outer,2,SA,0.001,0,Double,No_MSF,3792,550528
result_SELECT_10_Heisenberg2D_cylinder_0.5_0.5_1,outer,2,SA,0.001,0,Double,No_Top,3792,546048
result_SELECT_10_Heisenberg2D_cylinder_0.5_0.5_1,outer,2,SA,0.001,0,Double,No_Kink,3792,639158
result_SELECT_10_Heisenberg2D_cylinder_0.5_0.5_1,outer,2,SA,0.001,0,Double,Yes_Kink,3930,654822
result_SELECT_10_Heisenberg2D_cylinder_0.5_0.5_1,outer,2,SA,0.001,0,Proj,No_MSF,3333,484432
result_SELECT_10_Heisenberg2D_cylinder_0.5_0.5_1,outer,2,SA,0.001,0,Proj,No_Top,3333,479952
result_SELECT_10_Heisenberg2D_cylinder_0.5_0.5_1,outer,2,SA,0.001,0,Proj,No_Kink,3338,1785020
result_SELECT_10_Heisenberg2D_cylinder_0.5_0.5_1,outer,2,SA,0.001,0,Proj,Yes_Kink,3339,1744173
result_SELECT_10_Heisenberg2D_cylinder_0.5_0.5_6,outer,1,SA,0.001,2,Single,No_MSF,211,295168
result_SELECT_10_Heisenberg2D_cylinder_0.5_0.5_6,outer,1,SA,0.001,2,Single,No_Top,211,289056
result_SELECT_10_Heisenberg2D_cylinder_0.5_0.5_6,outer,1,SA,0.001,2,Single,No_Kink,333,739050
result_SELECT_10_Heisenberg2D_cylinder_0.5_0.5_6,outer,1,SA,0.001,2,Double,No_MSF,177,250560
result_SELECT_10_Heisenberg2D_cylinder_0.5_0.5_6,outer,1,SA,0.001,2,Double,No_Top,177,244448
result_SELECT_10_Heisenberg2D_cylinder_0.5_0.5_6,outer,1,SA,0.001,2,Double,No_Kink,254,683651
result_SELECT_10_Heisenberg2D_cylinder_0.5_0.5_6,outer,1,SA,0.001,2,Double,Yes_Kink,244,691543
result_SELECT_10_Heisenberg2D_cylinder_0.5_0.5_6,outer,1,SA,0.001,2,Proj,No_MSF,108,160032
result_SELECT_10_Heisenberg2D_cylinder_0.5_0.5_6,outer,1,SA,0.001,2,Proj,No_Top,123,173600
result_SELECT_10_Heisenberg2D_cylinder_0.5_0.5_6,outer,1,SA,0.001,2,Proj,No_Kink,220,1023504
result_SELECT_10_Heisenberg2D_cylinder_0.5_0.5_6,outer,1,SA,0.001,2,Proj,Yes_Kink,228,1039598
result_SELECT_10_Heisenberg2D_cylinder_0.5_0.5_5,inner,2,SA,0.01,2,Single,No_MSF,327,256704
result_SELECT_10_Heisenberg2D_cylinder_0.5_0.5_5,inner,2,SA,0.01,2,Single,No_Top,327,251360
result_SELECT_10_Heisenberg2D_cylinder_0.5_0.5_5,inner,2,SA,0.01,2,Single,No_Kink,329,353327
result_SELECT_10_Heisenberg2D_cylinder_0.5_0.5_5,inner,2,SA,0.01,2,Single,Yes_Kink,329,367491
result_SELECT_10_Heisenberg2D_cylinder_0.5_0.5_5,inner,2,SA,0.01,2,Double,No_MSF,290,229472
result_SELECT_10_Heisenberg2D_cylinder_0.5_0.5_5,inner,2,SA,0.01,2,Double,No_Top,291,224864
result_SELECT_10_Heisenberg2D_cylinder_0.5_0.5_5,inner,2,SA,0.01,2,Double,No_Kink,293,344795
result_SELECT_10_Heisenberg2D_cylinder_0.5_0.5_5,inner,2,SA,0.01,2,Double,Yes_Kink,301,351187
result_SELECT_10_Heisenberg2D_cylinder_0.5_0.5_5,inner,2,SA,0.01,2,Proj,No_MSF,213,172800
result_SELECT_10_Heisenberg2D_cylinder_0.5_0.5_5,inner,2,SA,0.01,2,Proj,No_Top,213,167456
result_SELECT_10_Heisenberg2D_cylinder_0.5_0.5_5,inner,2,SA,0.01,2,Proj,No_Kink,240,701465
result_SELECT_10_Heisenberg2D_cylinder_0.5_0.5_5,inner,2,SA,0.01,2,Proj,Yes_Kink,243,695262
result_SELECT_100_random_local_OBC_0_0_6,inner,1,naive,0.0,2,Single,No_MSF,247,306944
result_SELECT_100_random_local_OBC_0_0_6,inner,1,naive,0.0,2,Single,No_Top,247,302112
result_SELECT_100_random_local_OBC_0_0_6,inner,1,naive,0.0,2,Single,No_Kink,887,1644502
result_SELECT_100_random_local_OBC_0_0_6,inner,1,naive,0.0,2,Double,No_MSF,192,241824
result_SELECT_100_random_local_OBC_0_0_6,inner,1,naive,0.0,2,Double,No_Top,193,238176
result_SELECT_100_random_local_OBC_0_0_6,inner,1,naive,0.0,2,Double,No_Kink,696,1447032
result_SELECT_100_random_local_OBC_0_0_6,inner,1,naive,0.0,2,Double,Yes_Kink,701,1459143
result_SELECT_100_random_local_OBC_0_0_6,inner,1,naive,0.0,2,Proj,No_MSF,128,166048
result_SELECT_100_random_local_OBC_0_0_6,inner,1,naive,0.0,2,Proj,No_Top,128,161216
result_SELECT_100_random_local_OBC_0_0_6,inner,1,naive,0.0,2,Proj,No_Kink,652,2702446
result_SELECT_100_random_local_OBC_0_0_6,inner,1,naive,0.0,2,Proj,Yes_Kink,659,2695459
result_SELECT_10_Heisenberg2D_cylinder_0.5_0.5_5,inner,2,naive,0.0,2,Single,No_MSF,327,256704
result_SELECT_10_Heisenberg2D_cylinder_0.5_0.5_5,inner,2,naive,0.0,2,Single,No_Top,327,251360
result_SELECT_10_Heisenberg2D_cylinder_0.5_0.5_5,inner,2,naive,0.0,2,Single,No_Kink,648,804586
result_SELECT_10_Heisenberg2D_cylinder_0.5_0.5_5,inner,2,naive,0.0,2,Single,Yes_Kink,641,814787
result_SELECT_10_Heisenberg2D_cylinder_0.5_0.5_5,inner,2,naive,0.0,2,Double,No_MSF,290,229472
result_SELECT_10_Heisenberg2D_cylinder_0.5_0.5_5,inner,2,naive,0.0,2,Double,No_Top,291,224864
result_SELECT_10_Heisenberg2D_cylinder_0.5_0.5_5,inner,2,naive,0.0,2,Double,No_Kink,559,760965
result_SELECT_10_Heisenberg2D_cylinder_0.5_0.5_5,inner,2,naive,0.0,2,Double,Yes_Kink,571,777158
result_SELECT_10_Heisenberg2D_cylinder_0.5_0.5_5,inner,2,naive,0.0,2,Proj,No_MSF,213,172800
result_SELECT_10_Heisenberg2D_cylinder_0.5_0.5_5,inner,2,naive,0.0,2,Proj,No_Top,213,167456
result_SELECT_10_Heisenberg2D_cylinder_0.5_0.5_5,inner,2,naive,0.0,2,Proj,No_Kink,577,1696424
result_SELECT_10_Heisenberg2D_cylinder_0.5_0.5_5,inner,2,naive,0.0,2,Proj,Yes_Kink,588,1700022
result_SELECT_10_Heisenberg2D_cylinder_0.5_0.5_4,outer,1,SA,0.01,0,Single,No_MSF,571,251568
result_SELECT_10_Heisenberg2D_cylinder_0.5_0.5_4,outer,1,SA,0.01,0,Single,No_Top,571,246672
result_SELECT_10_Heisenberg2D_cylinder_0.5_0.5_4,outer,1,SA,0.01,0,Single,No_Kink,584,353440
result_SELECT_10_Heisenberg2D_cylinder_0.5_0.5_4,outer,1,SA,0.01,0,Double,No_MSF,522,230400
result_SELECT_10_Heisenberg2D_cylinder_0.5_0.5_4,outer,1,SA,0.01,0,Double,No_Top,522,225504
result_SELECT_10_Heisenberg2D_cylinder_0.5_0.5_4,outer,1,SA,0.01,0,Double,No_Kink,528,341875
result_SELECT_10_Heisenberg2D_cylinder_0.5_0.5_4,outer,1,SA,0.01,0,Double,Yes_Kink,532,343062
result_SELECT_10_Heisenberg2D_cylinder_0.5_0.5_4,outer,1,SA,0.01,0,Proj,No_MSF,420,186336
result_SELECT_10_Heisenberg2D_cylinder_0.5_0.5_4,outer,1,SA,0.01,0,Proj,No_Top,420,181440
result_SELECT_10_Heisenberg2D_cylinder_0.5_0.5_4,outer,1,SA,0.01,0,Proj,No_Kink,441,708929
result_SELECT_10_Heisenberg2D_cylinder_0.5_0.5_4,outer,1,SA,0.01,0,Proj,Yes_Kink,447,698210
result_trotter_10_Heisenberg2D_cylinder_0.5_0.5_rand,inner,1,SA,0.01,1,Single,No_MSF,744,125400
result_trotter_10_Heisenberg2D_cylinder_0.5_0.5_rand,inner,1,SA,0.01,1,Single,No_Top,1231,148600
result_trotter_10_Heisenberg2D_cylinder_0.5_0.5_rand,inner,1,SA,0.01,1,Single,No_Kink,1425,391866
result_trotter_10_Heisenberg2D_cylinder_0.5_0.5_rand,inner,1,SA,0.01,1,Double,No_MSF,721,123100
result_trotter_10_Heisenberg2D_cylinder_0.5_0.5_rand,inner,1,SA,0.01,1,Double,No_Top,1211,146600
result_trotter_10_Heisenberg2D_cylinder_0.5_0.5_rand,inner,1,SA,0.01,1,Double,No_Kink,1395,451892
result_trotter_10_Heisenberg2D_cylinder_0.5_0.5_rand,inner,1,SA,0.01,1,Double,Yes_Kink,1538,479017
result_trotter_10_Heisenberg2D_cylinder_0.5_0.5_rand,inner,1,SA,0.01,1,Proj,No_MSF,390,90000
result_trotter_10_Heisenberg2D_cylinder_0.5_0.5_rand,inner,1,SA,0.01,1,Proj,No_Top,1160,141500
result_trotter_10_Heisenberg2D_cylinder_0.5_0.5_rand,inner,1,SA,0.01,1,Proj,No_Kink,1439,578314
result_trotter_10_Heisenberg2D_cylinder_0.5_0.5_rand,inner,1,SA,0.01,1,Proj,Yes_Kink,1505,570660
result_SELECT_10_Z2LatticeGauge2D_PBC_0_0_6,outer,2,naive,0.0,2,Single,No_MSF,113,138212
result_SELECT_10_Z2LatticeGauge2D_PBC_0_0_6,outer,2,naive,0.0,2,Single,No_Top,119,142620
result_SELECT_10_Z2LatticeGauge2D_PBC_0_0_6,outer,2,naive,0.0,2,Single,No_Kink,247,485289
result_SELECT_10_Z2LatticeGauge2D_PBC_0_0_6,outer,2,naive,0.0,2,Single,Yes_Kink,241,485520
result_SELECT_10_Z2LatticeGauge2D_PBC_0_0_6,outer,2,naive,0.0,2,Double,No_MSF,91,112780
result_SELECT_10_Z2LatticeGauge2D_PBC_0_0_6,outer,2,naive,0.0,2,Double,No_Top,98,118344
result_SELECT_10_Z2LatticeGauge2D_PBC_0_0_6,outer,2,naive,0.0,2,Double,No_Kink,210,453552
result_SELECT_10_Z2LatticeGauge2D_PBC_0_0_6,outer,2,naive,0.0,2,Double,Yes_Kink,222,471935
result_SELECT_10_Z2LatticeGauge2D_PBC_0_0_6,outer,2,naive,0.0,2,Proj,No_MSF,43,57292
result_SELECT_10_Z2LatticeGauge2D_PBC_0_0_6,outer,2,naive,0.0,2,Proj,No_Top,57,70948
result_SELECT_10_Z2LatticeGauge2D_PBC_0_0_6,outer,2,naive,0.0,2,Proj,No_Kink,217,937973
result_SELECT_10_Z2LatticeGauge2D_PBC_0_0_6,outer,2,naive,0.0,2,Proj,Yes_Kink,222,941810
result_SELECT_10_Heisenberg2D_cylinder_0.5_0.5_6,inner,2,SA,1.0,4,Single,No_MSF,211,307392
result_SELECT_10_Heisenberg2D_cylinder_0.5_0.5_6,inner,2,SA,1.0,4,Single,No_Top,254,357696
result_SELECT_10_Heisenberg2D_cylinder_0.5_0.5_6,inner,2,SA,1.0,4,Single,No_Kink,252,573081
result_SELECT_10_Heisenberg2D_cylinder_0.5_0.5_6,inner,2,SA,1.0,4,Single,Yes_Kink,255,594460
result_SELECT_10_Heisenberg2D_cylinder_0.5_0.5_6,inner,2,SA,1.0,4,Double,No_MSF,177,262784
result_SELECT_10_Heisenberg2D_cylinder_0.5_0.5_6,inner,2,SA,1.0,4,Double,No_Top,239,338016
result_SELECT_10_Heisenberg2D_cylinder_0.5_0.5_6,inner,2,SA,1.0,4,Double,No_Kink,235,562132
result_SELECT_10_Heisenberg2D_cylinder_0.5_0.5_6,inner,2,SA,1.0,4,Double,Yes_Kink,241,571894
result_SELECT_10_Heisenberg2D_cylinder_0.5_0.5_6,inner,2,SA,1.0,4,Proj,No_MSF,108,172256
result_SELECT_10_Heisenberg2D_cylinder_0.5_0.5_6,inner,2,SA,1.0,4,Proj,No_Top,205,293408
result_SELECT_10_Heisenberg2D_cylinder_0.5_0.5_6,inner,2,SA,1.0,4,Proj,No_Kink,212,937041
result_SELECT_10_Heisenberg2D_cylinder_0.5_0.5_6,inner,2,SA,1.0,4,Proj,Yes_Kink,211,922206
result_SELECT_10_Heisenberg2D_cylinder_0.5_0.5_0,inner,2,SA,1.0,2,Single,No_MSF,8099,1001446
result_SELECT_10_Heisenberg2D_cylinder_0.5_0.5_0,inner,2,SA,1.0,2,Single,No_Top,8101,997234
result_SELECT_10_Heisenberg2D_cylinder_0.5_0.5_0,inner,2,SA,1.0,2,Single,No_Kink,8101,1047731
result_SELECT_10_Heisenberg2D_cylinder_0.5_0.5_0,inner,2,SA,1.0,2,Single,Yes_Kink,8101,1065088
result_SELECT_10_Heisenberg2D_cylinder_0.5_0.5_0,inner,2,SA,1.0,2,Double,No_MSF,7536,932760
result_SELECT_10_Heisenberg2D_cylinder_0.5_0.5_0,inner,2,SA,1.0,2,Double,No_Top,7537,928426
result_SELECT_10_Heisenberg2D_cylinder_0.5_0.5_0,inner,2,SA,1.0,2,Double,No_Kink,7537,997118
result_SELECT_10_Heisenberg2D_cylinder_0.5_0.5_0,inner,2,SA,1.0,2,Double,Yes_Kink,7537,996098
result_SELECT_10_Heisenberg2D_cylinder_0.5_0.5_0,inner,2,SA,1.0,2,Proj,No_MSF,6660,825888
result_SELECT_10_Heisenberg2D_cylinder_0.5_0.5_0,inner,2,SA,1.0,2,Proj,No_Top,6660,821432
result_SELECT_10_Heisenberg2D_cylinder_0.5_0.5_0,inner,2,SA,1.0,2,Proj,No_Kink,6665,2418314
result_SELECT_10_Heisenberg2D_cylinder_0.5_0.5_0,inner,2,SA,1.0,2,Proj,Yes_Kink,6664,2348952
result_trotter_10_Heisenberg2D_cylinder_0.5_0.5_det,inner,2,SA,0.01,2,Single,No_MSF,756,152100
result_trotter_10_Heisenberg2D_cylinder_0.5_0.5_det,inner,2,SA,0.01,2,Single,No_Top,1864,237400
result_trotter_10_Heisenberg2D_cylinder_0.5_0.5_det,inner,2,SA,0.01,2,Single,No_Kink,1870,450458
result_trotter_10_Heisenberg2D_cylinder_0.5_0.5_det,inner,2,SA,0.01,2,Single,Yes_Kink,1882,467229
result_trotter_10_Heisenberg2D_cylinder_0.5_0.5_det,inner,2,SA,0.01,2,Double,No_MSF,749,151400
result_trotter_10_Heisenberg2D_cylinder_0.5_0.5_det,inner,2,SA,0.01,2,Double,No_Top,1861,237100
result_trotter_10_Heisenberg2D_cylinder_0.5_0.5_det,inner,2,SA,0.01,2,Double,No_Kink,1861,431051
result_trotter_10_Heisenberg2D_cylinder_0.5_0.5_det,inner,2,SA,0.01,2,Double,Yes_Kink,1861,447435
result_trotter_10_Heisenberg2D_cylinder_0.5_0.5_det,inner,2,SA,0.01,2,Proj,No_MSF,390,115500
result_trotter_10_Heisenberg2D_cylinder_0.5_0.5_det,inner,2,SA,0.01,2,Proj,No_Top,1740,225000
result_trotter_10_Heisenberg2D_cylinder_0.5_0.5_det,inner,2,SA,0.01,2,Proj,No_Kink,1975,1047435
result_trotter_10_Heisenberg2D_cylinder_0.5_0.5_det,inner,2,SA,0.01,2,Proj,Yes_Kink,1975,999917
result_SELECT_10_Heisenberg2D_cylinder_0.5_0.5_5,inner,2,SA,0.1,0,Single,No_MSF,327,246016
result_SELECT_10_Heisenberg2D_cylinder_0.5_0.5_5,inner,2,SA,0.1,0,Single,No_Top,327,240672
result_SELECT_10_Heisenberg2D_cylinder_0.5_0.5_5,inner,2,SA,0.1,0,Single,No_Kink,329,326146
result_SELECT_10_Heisenberg2D_cylinder_0.5_0.5_5,inner,2,SA,0.1,0,Single,Yes_Kink,329,342343
result_SELECT_10_Heisenberg2D_cylinder_0.5_0.5_5,inner,2,SA,0.1,0,Double,No_MSF,290,218784
result_SELECT_10_Heisenberg2D_cylinder_0.5_0.5_5,inner,2,SA,0.1,0,Double,No_Top,290,213440
result_SELECT_10_Heisenberg2D_cylinder_0.5_0.5_5,inner,2,SA,0.1,0,Double,No_Kink,291,314013
result_SELECT_10_Heisenberg2D_cylinder_0.5_0.5_5,inner,2,SA,0.1,0,Double,Yes_Kink,300,320566
result_SELECT_10_Heisenberg2D_cylinder_0.5_0.5_5,inner,2,SA,0.1,0,Proj,No_MSF,213,162112
result_SELECT_10_Heisenberg2D_cylinder_0.5_0.5_5,inner,2,SA,0.1,0,Proj,No_Top,213,156768
result_SELECT_10_Heisenberg2D_cylinder_0.5_0.5_5,inner,2,SA,0.1,0,Proj,No_Kink,235,678229
result_SELECT_10_Heisenberg2D_cylinder_0.5_0.5_5,inner,2,SA,0.1,0,Proj,Yes_Kink,236,668043
result_SELECT_10_Heisenberg2D_cylinder_0.5_0.5_6,outer,1,random,0.0,4,Single,No_MSF,211,307392
result_SELECT_10_Heisenberg2D_cylinder_0.5_0.5_6,outer,1,random,0.0,4,Single,No_Top,254,357696
result_SELECT_10_Heisenberg2D_cylinder_0.5_0.5_6,outer,1,random,0.0,4,Single,No_Kink,726,1780902
result_SELECT_10_Heisenberg2D_cylinder_0.5_0.5_6,outer,1,random,0.0,4,Double,No_MSF,177,262784
result_SELECT_10_Heisenberg2D_cylinder_0.5_0.5_6,outer,1,random,0.0,4,Double,No_Top,239,338016
result_SELECT_10_Heisenberg2D_cylinder_0.5_0.5_6,outer,1,random,0.0,4,Double,No_Kink,417,1400137
result_SELECT_10_Heisenberg2D_cylinder_0.5_0.5_6,outer,1,random,0.0,4,Double,Yes_Kink,423,1417336
result_SELECT_10_Heisenberg2D_cylinder_0.5_0.5_6,outer,1,random,0.0,4,Proj,No_MSF,108,172256
result_SELECT_10_Heisenberg2D_cylinder_0.5_0.5_6,outer,1,random,0.0,4,Proj,No_Top,205,293408
result_SELECT_10_Heisenberg2D_cylinder_0.5_0.5_6,outer,1,random,0.0,4,Proj,No_Kink,300,1425582
result_SELECT_10_Heisenberg2D_cylinder_0.5_0.5_6,outer,1,random,0.0,4,Proj,Yes_Kink,305,1432871
result_SELECT_10_FermiHubbard2D_cylinder_0_0_6,inner,2,SA,0.01,2,Single,No_MSF,489,708804
result_SELECT_10_FermiHubbard2D_cylinder_0_0_6,inner,2,SA,0.01,2,Single,No_Top,489,702692
result_SELECT_10_FermiHubbard2D_cylinder_0_0_6,inner,2,SA,0.01,2,Single,No_Kink,496,939944
result_SELECT_10_FermiHubbard2D_cylinder_0_0_6,inner,2,SA,0.01,2,Single,Yes_Kink,498,967015
result_SELECT_10_FermiHubbard2D_cylinder_0_0_6,inner,2,SA,0.01,2,Double,No_MSF,473,686212
result_SELECT_10_FermiHubbard2D_cylinder_0_0_6,inner,2,SA,0.01,2,Double,No_Top,473,680100
result_SELECT_10_FermiHubbard2D_cylinder_0_0_6,inner,2,SA,0.01,2,Double,No_Kink,477,934752
result_SELECT_10_FermiHubbard2D_cylinder_0_0_6,inner,2,SA,0.01,2,Double,Yes_Kink,490,958095
result_SELECT_10_FermiHubbard2D_cylinder_0_0_6,inner,2,SA,0.01,2,Proj,No_MSF,407,593020
result_SELECT_10_FermiHubbard2D_cylinder_0_0_6,inner,2,SA,0.01,2,Proj,No_Top,407,586908
result_SELECT_10_FermiHubbard2D_cylinder_0_0_6,inner,2,SA,0.01,2,Proj,No_Kink,442,2185248
result_SELECT_10_FermiHubbard2D_cylinder_0_0_6,inner,2,SA,0.01,2,Proj,Yes_Kink,449,2175930
result_SELECT_10_Heisenberg2D_cylinder_0.5_0.5_6,outer,2,SA,0.01,0,Single,No_MSF,211,282944
result_SELECT_10_Heisenberg2D_cylinder_0.5_0.5_6,outer,2,SA,0.01,0,Single,No_Top,211,276832
result_SELECT_10_Heisenberg2D_cylinder_0.5_0.5_6,outer,2,SA,0.01,0,Single,No_Kink,221,478485
result_SELECT_10_Heisenberg2D_cylinder_0.5_0.5_6,outer,2,SA,0.01,0,Single,Yes_Kink,222,498290
result_SELECT_10_Heisenberg2D_cylinder_0.5_0.5_6,outer,2,SA,0.01,0,Double,No_MSF,177,238336
result_SELECT_10_Heisenberg2D_cylinder_0.5_0.5_6,outer,2,SA,0.01,0,Double,No_Top,177,232224
result_SELECT_10_Heisenberg2D_cylinder_0.5_0.5_6,outer,2,SA,0.01,0,Double,No_Kink,186,448884
result_SELECT_10_Heisenberg2D_cylinder_0.5_0.5_6,outer,2,SA,0.01,0,Double,Yes_Kink,195,457398
result_SELECT_10_Heisenberg2D_cylinder_0.5_0.5_6,outer,2,SA,0.01,0,Proj,No_MSF,108,147808
result_SELECT_10_Heisenberg2D_cylinder_0.5_0.5_6,outer,2,SA,0.01,0,Proj,No_Top,108,141696
result_SELECT_10_Heisenberg2D_cylinder_0.5_0.5_6,outer,2,SA,0.01,0,Proj,No_Kink,158,762261
result_SELECT_10_Heisenberg2D_cylinder_0.5_0.5_6,outer,2,SA,0.01,0,Proj,Yes_Kink,163,768916
result_trotter_10_Heisenberg2D_cylinder_0.5_0.5_rand,outer,2,naive,0.0,2,Single,No_MSF,744,150900
result_trotter_10_Heisenberg2D_cylinder_0.5_0.5_rand,outer,2,naive,0.0,2,Single,No_Top,1782,229200
result_trotter_10_Heisenberg2D_cylinder_0.5_0.5_rand,outer,2,naive,0.0,2,Single,No_Kink,1834,473065
result_trotter_10_Heisenberg2D_cylinder_0.5_0.5_rand,outer,2,naive,0.0,2,Single,Yes_Kink,1841,476579
result_trotter_10_Heisenberg2D_cylinder_0.5_0.5_rand,outer,2,naive,0.0,2,Double,No_MSF,721,148600
result_trotter_10_Heisenberg2D_cylinder_0.5_0.5_rand,outer,2,naive,0.0,2,Double,No_Top,1777,228700
result_trotter_10_Heisenberg2D_cylinder_0.5_0.5_rand,outer,2,naive,0.0,2,Double,No_Kink,1781,497011
result_trotter_10_Heisenberg2D_cylinder_0.5_0.5_rand,outer,2,naive,0.0,2,Double,Yes_Kink,1797,508982
result_trotter_10_Heisenberg2D_cylinder_0.5_0.5_rand,outer,2,naive,0.0,2,Proj,No_MSF,390,115500
result_trotter_10_Heisenberg2D_cylinder_0.5_0.5_rand,outer,2,naive,0.0,2,Proj,No_Top,1740,225000
result_trotter_10_Heisenberg2D_cylinder_0.5_0.5_rand,outer,2,naive,0.0,2,Proj,No_Kink,1936,1136201
result_trotter_10_Heisenberg2D_cylinder_0.5_0.5_rand,outer,2,naive,0.0,2,Proj,Yes_Kink,1939,1116237
result_trotter_10_Heisenberg2D_cylinder_0.5_0.5_det,outer,1,SA,1.0,2,Single,No_MSF,756,152100
result_trotter_10_Heisenberg2D_cylinder_0.5_0.5_det,outer,1,SA,1.0,2,Single,No_Top,1864,237400
result_trotter_10_Heisenberg2D_cylinder_0.5_0.5_det,outer,1,SA,1.0,2,Single,No_Kink,1898,489612
result_trotter_10_Heisenberg2D_cylinder_0.5_0.5_det,outer,1,SA,1.0,2,Double,No_MSF,749,151400
result_trotter_10_Heisenberg2D_cylinder_0.5_0.5_det,outer,1,SA,1.0,2,Double,No_Top,1861,237100
result_trotter_10_Heisenberg2D_cylinder_0.5_0.5_det,outer,1,SA,1.0,2,Double,No_Kink,1868,544426
result_trotter_10_Heisenberg2D_cylinder_0.5_0.5_det,outer,1,SA,1.0,2,Double,Yes_Kink,1891,574531
result_trotter_10_Heisenberg2D_cylinder_0.5_0.5_det,outer,1,SA,1.0,2,Proj,No_MSF,390,115500
result_trotter_10_Heisenberg2D_cylinder_0.5_0.5_det,outer,1,SA,1.0,2,Proj,No_Top,1740,225000
result_trotter_10_Heisenberg2D_cylinder_0.5_0.5_det,outer,1,SA,1.0,2,Proj,No_Kink,1935,772655
result_trotter_10_Heisenberg2D_cylinder_0.5_0.5_det,outer,1,SA,1.0,2,Proj,Yes_Kink,1937,746931
result_SELECT_10_Heisenberg2D_cylinder_0.5_0.5_6,inner,1,SA,0.01,4,Single,No_MSF,211,307392
result_SELECT_10_Heisenberg2D_cylinder_0.5_0.5_6,inner,1,SA,0.01,4,Single,No_Top,254,357696
result_SELECT_10_Heisenberg2D_cylinder_0.5_0.5_6,inner,1,SA,0.01,4,Single,No_Kink,282,695382
result_SELECT_10_Heisenberg2D_cylinder_0.5_0.5_6,inner,1,SA,0.01,4,Double,No_MSF,177,262784
result_SELECT_10_Heisenberg2D_cylinder_0.5_0.5_6,inner,1,SA,0.01,4,Double,No_Top,239,338016
result_SELECT_10_Heisenberg2D_cylinder_0.5_0.5_6,inner,1,SA,0.01,4,Double,No_Kink,247,702840
result_SELECT_10_Heisenberg2D_cylinder_0.5_0.5_6,inner,1,SA,0.01,4,Double,Yes_Kink,249,715777
result_SELECT_10_Heisenberg2D_cylinder_0.5_0.5_6,inner,1,SA,0.01,4,Proj,No_MSF,108,172256
result_SELECT_10_Heisenberg2D_cylinder_0.5_0.5_6,inner,1,SA,0.01,4,Proj,No_Top,205,293408
result_SELECT_10_Heisenberg2D_cylinder_0.5_0.5_6,inner,1,SA,0.01,4,Proj,No_Kink,241,1070785
result_SELECT_10_Heisenberg2D_cylinder_0.5_0.5_6,inner,1,SA,0.01,4,Proj,Yes_Kink,248,1079745
result_SELECT_100_Schwinger_OBC_0_0_6,inner,1,SA,0.1,2,Single,No_MSF,730,1212896
result_SELECT_100_Schwinger_OBC_0_0_6,inner,1,SA,0.1,2,Single,No_Top,732,1193280
result_SELECT_100_Schwinger_OBC_0_0_6,inner,1,SA,0.1,2,Single,No_Kink,1209,2938523
result_SELECT_100_Schwinger_OBC_0_0_6,inner,1,SA,0.1,2,Double,No_MSF,621,1041984
result_SELECT_100_Schwinger_OBC_0_0_6,inner,1,SA,0.1,2,Double,No_Top,623,1022368
result_SELECT_100_Schwinger_OBC_0_0_6,inner,1,SA,0.1,2,Double,No_Kink,1020,2768224
result_SELECT_100_Schwinger_OBC_0_0_6,inner,1,SA,0.1,2,Double,Yes_Kink,1043,2874241
result_SELECT_100_Schwinger_OBC_0_0_6,inner,1,SA,0.1,2,Proj,No_MSF,488,833440
result_SELECT_100_Schwinger_OBC_0_0_6,inner,1,SA,0.1,2,Proj,No_Top,488,810688
result_SELECT_100_Schwinger_OBC_0_0_6,inner,1,SA,0.1,2,Proj,No_Kink,1119,6110212
result_SELECT_100_Schwinger_OBC_0_0_6,inner,1,SA,0.1,2,Proj,Yes_Kink,1161,6223065
result_trotter_10_Heisenberg2D_cylinder_0.5_0.5_det,inner,1,SA,0.001,2,Single,No_MSF,756,152100
result_trotter_10_Heisenberg2D_cylinder_0.5_0.5_det,inner,1,SA,0.001,2,Single,No_Top,1864,237400
result_trotter_10_Heisenberg2D_cylinder_0.5_0.5_det,inner,1,SA,0.001,2,Single,No_Kink,1902,521978
result_trotter_10_Heisenberg2D_cylinder_0.5_0.5_det,inner,1,SA,0.001,2,Double,No_MSF,749,151400
result_trotter_10_Heisenberg2D_cylinder_0.5_0.5_det,inner,1,SA,0.001,2,Double,No_Top,1861,237100
result_trotter_10_Heisenberg2D_cylinder_0.5_0.5_det,inner,1,SA,0.001,2,Double,No_Kink,1869,584870
result_trotter_10_Heisenberg2D_cylinder_0.5_0.5_det,inner,1,SA,0.001,2,Double,Yes_Kink,1898,598760
result_trotter_10_Heisenberg2D_cylinder_0.5_0.5_det,inner,1,SA,0.001,2,Proj,No_MSF,390,115500
result_trotter_10_Heisenberg2D_cylinder_0.5_0.5_det,inner,1,SA,0.001,2,Proj,No_Top,1740,225000
result_trotter_10_Heisenberg2D_cylinder_0.5_0.5_det,inner,1,SA,0.001,2,Proj,No_Kink,2289,907756
result_trotter_10_Heisenberg2D_cylinder_0.5_0.5_det,inner,1,SA,0.001,2,Proj,Yes_Kink,2325,883300
result_SELECT_10_Heisenberg2D_cylinder_0.5_0.5_2,outer,2,naive,0.0,2,Single,No_MSF,2072,403168
result_SELECT_10_Heisenberg2D_cylinder_0.5_0.5_2,outer,2,naive,0.0,2,Single,No_Top,2072,398624
result_SELECT_10_Heisenberg2D_cylinder_0.5_0.5_2,outer,2,naive,0.0,2,Single,No_Kink,2082,510480
result_SELECT_10_Heisenberg2D_cylinder_0.5_0.5_2,outer,2,naive,0.0,2,Single,Yes_Kink,2140,537393
result_SELECT_10_Heisenberg2D_cylinder_0.5_0.5_2,outer,2,naive,0.0,2,Double,No_MSF,1921,374780
result_SELECT_10_Heisenberg2D_cylinder_0.5_0.5_2,outer,2,naive,0.0,2,Double,No_Top,1921,370236
result_SELECT_10_Heisenberg2D_cylinder_0.5_0.5_2,outer,2,naive,0.0,2,Double,No_Kink,1932,495440
result_SELECT_10_Heisenberg2D_cylinder_0.5_0.5_2,outer,2,naive,0.0,2,Double,Yes_Kink,1956,499820
result_SELECT_10_Heisenberg2D_cylinder_0.5_0.5_2,outer,2,naive,0.0,2,Proj,No_MSF,1668,327216
result_SELECT_10_Heisenberg2D_cylinder_0.5_0.5_2,outer,2,naive,0.0,2,Proj,No_Top,1668,322672
result_SELECT_10_Heisenberg2D_cylinder_0.5_0.5_2,outer,2,naive,0.0,2,Proj,No_Kink,1700,1289846
result_SELECT_10_Heisenberg2D_cylinder_0.5_0.5_2,outer,2,naive,0.0,2,Proj,Yes_Kink,1707,1268552
result_SELECT_10_Heisenberg2D_cylinder_0.5_0.5_3,inner,1,random,0.0,2,Single,No_MSF,1069,304784
result_SELECT_10_Heisenberg2D_cylinder_0.5_0.5_3,inner,1,random,0.0,2,Single,No_Top,1069,300112
result_SELECT_10_Heisenberg2D_cylinder_0.5_0.5_3,inner,1,random,0.0,2,Single,No_Kink,1323,627626
result_SELECT_10_Heisenberg2D_cylinder_0.5_0.5_3,inner,1,random,0.0,2,Double,No_MSF,987,282480
result_SELECT_10_Heisenberg2D_cylinder_0.5_0.5_3,inner,1,random,0.0,2,Double,No_Top,987,277808
result_SELECT_10_Heisenberg2D_cylinder_0.5_0.5_3,inner,1,random,0.0,2,Double,No_Kink,1037,541435
result_SELECT_10_Heisenberg2D_cylinder_0.5_0.5_3,inner,1,random,0.0,2,Double,Yes_Kink,1040,542453
result_SELECT_10_Heisenberg2D_cylinder_0.5_0.5_3,inner,1,random,0.0,2,Proj,No_MSF,837,241680
result_SELECT_10_Heisenberg2D_cylinder_0.5_0.5_3,inner,1,random,0.0,2,Proj,No_Top,837,237008
result_SELECT_10_Heisenberg2D_cylinder_0.5_0.5_3,inner,1,random,0.0,2,Proj,No_Kink,857,918041
result_SELECT_10_Heisenberg2D_cylinder_0.5_0.5_3,inner,1,random,0.0,2,Proj,Yes_Kink,864,901413
result_trotter_10_Heisenberg2D_cylinder_0.5_0.5_rand,outer,2,SA,0.001,0,Single,No_MSF,744,99900
result_trotter_10_Heisenberg2D_cylinder_0.5_0.5_rand,outer,2,SA,0.001,0,Single,No_Top,749,74900
result_trotter_10_Heisenberg2D_cylinder_0.5_0.5_rand,outer,2,SA,0.001,0,Single,No_Kink,1062,328490
result_trotter_10_Heisenberg2D_cylinder_0.5_0.5_rand,outer,2,SA,0.001,0,Single,Yes_Kink,1048,325972
result_trotter_10_Heisenberg2D_cylinder_0.5_0.5_rand,outer,2,SA,0.001,0,Double,No_MSF,721,97600
result_trotter_10_Heisenberg2D_cylinder_0.5_0.5_rand,outer,2,SA,0.001,0,Double,No_Top,721,72100
result_trotter_10_Heisenberg2D_cylinder_0.5_0.5_rand,outer,2,SA,0.001,0,Double,No_Kink,1022,371308
result_trotter_10_Heisenberg2D_cylinder_0.5_0.5_rand,outer,2,SA,0.001,0,Double,Yes_Kink,1093,393409
result_trotter_10_Heisenberg2D_cylinder_0.5_0.5_rand,outer,2,SA,0.001,0,Proj,No_MSF,390,64500
result_trotter_10_Heisenberg2D_cylinder_0.5_0.5_rand,outer,2,SA,0.001,0,Proj,No_Top,580,58000
result_trotter_10_Heisenberg2D_cylinder_0.5_0.5_rand,outer,2,SA,0.001,0,Proj,No_Kink,877,493485
result_trotter_10_Heisenberg2D_cylinder_0.5_0.5_rand,outer,2,SA,0.001,0,Proj,Yes_Kink,916,494516
result_SELECT_10_Heisenberg2D_cylinder_0.5_0.5_2,inner,1,SA,0.01,0,Single,No_MSF,2072,394080
result_SELECT_10_Heisenberg2D_cylinder_0.5_0.5_2,inner,1,SA,0.01,0,Single,No_Top,2072,389536
result_SELECT_10_Heisenberg2D_cylinder_0.5_0.5_2,inner,1,SA,0.01,0,Single,No_Kink,2080,477436
result_SELECT_10_Heisenberg2D_cylinder_0.5_0.5_2,inner,1,SA,0.01,0,Double,No_MSF,1921,365692
result_SELECT_10_Heisenberg2D_cylinder_0.5_0.5_2,inner,1,SA,0.01,0,Double,No_Top,1921,361148
result_SELECT_10_Heisenberg2D_cylinder_0.5_0.5_2,inner,1,SA,0.01,0,Double,No_Kink,1924,461588
result_SELECT_10_Heisenberg2D_cylinder_0.5_0.5_2,inner,1,SA,0.01,0,Double,Yes_Kink,1931,461059
result_SELECT_10_Heisenberg2D_cylinder_0.5_0.5_2,inner,1,SA,0.01,0,Proj,No_MSF,1668,318128
result_SELECT_10_Heisenberg2D_cylinder_0.5_0.5_2,inner,1,SA,0.01,0,Proj,No_Top,1668,313584
result_SELECT_10_Heisenberg2D_cylinder_0.5_0.5_2,inner,1,SA,0.01,0,Proj,No_Kink,1676,1162952
result_SELECT_10_Heisenberg2D_cylinder_0.5_0.5_2,inner,1,SA,0.01,0,Proj,Yes_Kink,1684,1149164
result_SELECT_10_Heisenberg2D_cylinder_0.5_0.5_1,inner,1,SA,0.001,0,Single,No_MSF,4079,591856
result_SELECT_10_Heisenberg2D_cylinder_0.5_0.5_1,inner,1,SA,0.001,0,Single,No_Top,4079,587376
result_SELECT_10_Heisenberg2D_cylinder_0.5_0.5_1,inner,1,SA,0.001,0,Single,No_Kink,4090,684224
result_SELECT_10_Heisenberg2D_cylinder_0.5_0.5_1,inner,1,SA,0.001,0,Double,No_MSF,3792,550528
result_SELECT_10_Heisenberg2D_cylinder_0.5_0.5_1,inner,1,SA,0.001,0,Double,No_Top,3792,546048
result_SELECT_10_Heisenberg2D_cylinder_0.5_0.5_1,inner,1,SA,0.001,0,Double,No_Kink,3804,656194
result_SELECT_10_Heisenberg2D_cylinder_0.5_0.5_1,inner,1,SA,0.001,0,Double,Yes_Kink,3803,654396
result_SELECT_10_Heisenberg2D_cylinder_0.5_0.5_1,inner,1,SA,0.001,0,Proj,No_MSF,3333,484432
result_SELECT_10_Heisenberg2D_cylinder_0.5_0.5_1,inner,1,SA,0.001,0,Proj,No_Top,3333,479952
result_SELECT_10_Heisenberg2D_cylinder_0.5_0.5_1,inner,1,SA,0.001,0,Proj,No_Kink,3344,1609224
result_SELECT_10_Heisenberg2D_cylinder_0.5_0.5_1,inner,1,SA,0.001,0,Proj,Yes_Kink,3374,1590849
result_trotter_10_Heisenberg2D_cylinder_0.5_0.5_rand,inner,2,random,0.0,0,Single,No_MSF,744,99900
result_trotter_10_Heisenberg2D_cylinder_0.5_0.5_rand,inner,2,random,0.0,0,Single,No_Top,749,74900
result_trotter_10_Heisenberg2D_cylinder_0.5_0.5_rand,inner,2,random,0.0,0,Single,No_Kink,792,224233
result_trotter_10_Heisenberg2D_cylinder_0.5_0.5_rand,inner,2,random,0.0,0,Single,Yes_Kink,801,228926
result_trotter_10_Heisenberg2D_cylinder_0.5_0.5_rand,inner,2,random,0.0,0,Double,No_MSF,721,97600
result_trotter_10_Heisenberg2D_cylinder_0.5_0.5_rand,inner,2,random,0.0,0,Double,No_Top,721,72100
result_trotter_10_Heisenberg2D_cylinder_0.5_0.5_rand,inner,2,random,0.0,0,Double,No_Kink,780,269921
result_trotter_10_Heisenberg2D_cylinder_0.5_0.5_rand,inner,2,random,0.0,0,Double,Yes_Kink,808,262602
result_trotter_10_Heisenberg2D_cylinder_0.5_0.5_rand,inner,2,random,0.0,0,Proj,No_MSF,390,64500
result_trotter_10_Heisenberg2D_cylinder_0.5_0.5_rand,inner,2,random,0.0,0,Proj,No_Top,580,58000
result_trotter_10_Heisenberg2D_cylinder_0.5_0.5_rand,inner,2,random,0.0,0,Proj,No_Kink,741,391265
result_trotter_10_Heisenberg2D_cylinder_0.5_0.5_rand,inner,2,random,0.0,0,Proj,Yes_Kink,762,385798
result_SELECT_10_Heisenberg2D_cylinder_0.5_0.5_2,outer,2,SA,0.1,0,Single,No_MSF,2072,394080
result_SELECT_10_Heisenberg2D_cylinder_0.5_0.5_2,outer,2,SA,0.1,0,Single,No_Top,2072,389536
result_SELECT_10_Heisenberg2D_cylinder_0.5_0.5_2,outer,2,SA,0.1,0,Single,No_Kink,2072,452349
result_SELECT_10_Heisenberg2D_cylinder_0.5_0.5_2,outer,2,SA,0.1,0,Single,Yes_Kink,2072,462554
result_SELECT_10_Heisenberg2D_cylinder_0.5_0.5_2,outer,2,SA,0.1,0,Double,No_MSF,1921,365692
result_SELECT_10_Heisenberg2D_cylinder_0.5_0.5_2,outer,2,SA,0.1,0,Double,No_Top,1921,361148
result_SELECT_10_Heisenberg2D_cylinder_0.5_0.5_2,outer,2,SA,0.1,0,Double,No_Kink,1921,437459
result_SELECT_10_Heisenberg2D_cylinder_0.5_0.5_2,outer,2,SA,0.1,0,Double,Yes_Kink,1991,446735
result_SELECT_10_Heisenberg2D_cylinder_0.5_0.5_2,outer,2,SA,0.1,0,Proj,No_MSF,1668,318128
result_SELECT_10_Heisenberg2D_cylinder_0.5_0.5_2,outer,2,SA,0.1,0,Proj,No_Top,1668,313584
result_SELECT_10_Heisenberg2D_cylinder_0.5_0.5_2,outer,2,SA,0.1,0,Proj,No_Kink,1678,1146799
result_SELECT_10_Heisenberg2D_cylinder_0.5_0.5_2,outer,2,SA,0.1,0,Proj,Yes_Kink,1679,1110024
result_SELECT_10_Heisenberg2D_cylinder_0.5_0.5_6,outer,1,SA,0.1,8,Single,No_MSF,211,331840
result_SELECT_10_Heisenberg2D_cylinder_0.5_0.5_6,outer,1,SA,0.1,8,Single,No_Top,408,584192
result_SELECT_10_Heisenberg2D_cylinder_0.5_0.5_6,outer,1,SA,0.1,8,Single,No_Kink,410,960688
result_SELECT_10_Heisenberg2D_cylinder_0.5_0.5_6,outer,1,SA,0.1,8,Double,No_MSF,177,287232
result_SELECT_10_Heisenberg2D_cylinder_0.5_0.5_6,outer,1,SA,0.1,8,Double,No_Top,392,563200
result_SELECT_10_Heisenberg2D_cylinder_0.5_0.5_6,outer,1,SA,0.1,8,Double,No_Kink,389,973274
result_SELECT_10_Heisenberg2D_cylinder_0.5_0.5_6,outer,1,SA,0.1,8,Double,Yes_Kink,389,986086
result_SELECT_10_Heisenberg2D_cylinder_0.5_0.5_6,outer,1,SA,0.1,8,Proj,No_MSF,108,196704
result_SELECT_10_Heisenberg2D_cylinder_0.5_0.5_6,outer,1,SA,0.1,8,Proj,No_Top,369,533024
result_SELECT_10_Heisenberg2D_cylinder_0.5_0.5_6,outer,1,SA,0.1,8,Proj,No_Kink,378,1645740
result_SELECT_10_Heisenberg2D_cylinder_0.5_0.5_6,outer,1,SA,0.1,8,Proj,Yes_Kink,378,1629225
result_SELECT_100_Schwinger_OBC_0_0_6,outer,1,SA,1.0,2,Single,No_MSF,730,1212896
result_SELECT_100_Schwinger_OBC_0_0_6,outer,1,SA,1.0,2,Single,No_Top,732,1193280
result_SELECT_100_Schwinger_OBC_0_0_6,outer,1,SA,1.0,2,Single,No_Kink,1402,3354347
result_SELECT_100_Schwinger_OBC_0_0_6,outer,1,SA,1.0,2,Double,No_MSF,621,1041984
result_SELECT_100_Schwinger_OBC_0_0_6,outer,1,SA,1.0,2,Double,No_Top,623,1022368
result_SELECT_100_Schwinger_OBC_0_0_6,outer,1,SA,1.0,2,Double,No_Kink,1124,3019666
result_SELECT_100_Schwinger_OBC_0_0_6,outer,1,SA,1.0,2,Double,Yes_Kink,1140,3100246
result_SELECT_100_Schwinger_OBC_0_0_6,outer,1,SA,1.0,2,Proj,No_MSF,488,833440
result_SELECT_100_Schwinger_OBC_0_0_6,outer,1,SA,1.0,2,Proj,No_Top,488,810688
result_SELECT_100_Schwinger_OBC_0_0_6,outer,1,SA,1.0,2,Proj,No_Kink,1144,6292896
result_SELECT_100_Schwinger_OBC_0_0_6,outer,1,SA,1.0,2,Proj,Yes_Kink,1173,6377398
result_SELECT_10_Heisenberg2D_cylinder_0.5_0.5_6,outer,1,naive,0.0,6,Single,No_MSF,211,319616
result_SELECT_10_Heisenberg2D_cylinder_0.5_0.5_6,outer,1,naive,0.0,6,Single,No_Top,331,470944
result_SELECT_10_Heisenberg2D_cylinder_0.5_0.5_6,outer,1,naive,0.0,6,Single,No_Kink,973,2072940
result_SELECT_10_Heisenberg2D_cylinder_0.5_0.5_6,outer,1,naive,0.0,6,Double,No_MSF,177,275008
result_SELECT_10_Heisenberg2D_cylinder_0.5_0.5_6,outer,1,naive,0.0,6,Double,No_Top,314,448640
result_SELECT_10_Heisenberg2D_cylinder_0.5_0.5_6,outer,1,naive,0.0,6,Double,No_Kink,730,1787410
result_SELECT_10_Heisenberg2D_cylinder_0.5_0.5_6,outer,1,naive,0.0,6,Double,Yes_Kink,730,1786406
result_SELECT_10_Heisenberg2D_cylinder_0.5_0.5_6,outer,1,naive,0.0,6,Proj,No_MSF,108,184480
result_SELECT_10_Heisenberg2D_cylinder_0.5_0.5_6,outer,1,naive,0.0,6,Proj,No_Top,287,413216
result_SELECT_10_Heisenberg2D_cylinder_0.5_0.5_6,outer,1,naive,0.0,6,Proj,No_Kink,692,3219392
result_SELECT_10_Heisenberg2D_cylinder_0.5_0.5_6,outer,1,naive,0.0,6,Proj,Yes_Kink,707,3239269
result_trotter_10_Heisenberg2D_cylinder_0.5_0.5_det,inner,2,SA,0.1,0,Single,No_MSF,756,101100
result_trotter_10_Heisenberg2D_cylinder_0.5_0.5_det,inner,2,SA,0.1,0,Single,No_Top,784,78400
result_trotter_10_Heisenberg2D_cylinder_0.5_0.5_det,inner,2,SA,0.1,0,Single,No_Kink,790,193302
result_trotter_10_Heisenberg2D_cylinder_0.5_0.5_det,inner,2,SA,0.1,0,Single,Yes_Kink,800,198974
result_trotter_10_Heisenberg2D_cylinder_0.5_0.5_det,inner,2,SA,0.1,0,Double,No_MSF,749,100400
result_trotter_10_Heisenberg2D_cylinder_0.5_0.5_det,inner,2,SA,0.1,0,Double,No_Top,762,76200
result_trotter_10_Heisenberg2D_cylinder_0.5_0.5_det,inner,2,SA,0.1,0,Double,No_Kink,779,227230
result_trotter_10_Heisenberg2D_cylinder_0.5_0.5_det,inner,2,SA,0.1,0,Double,Yes_Kink,824,225669
result_trotter_10_Heisenberg2D_cylinder_0.5_0.5_det,inner,2,SA,0.1,0,Proj,No_MSF,390,64500
result_trotter_10_Heisenberg2D_cylinder_0.5_0.5_det,inner,2,SA,0.1,0,Proj,No_Top,580,58000
result_trotter_10_Heisenberg2D_cylinder_0.5_0.5_det,inner,2,SA,0.1,0,Proj,No_Kink,754,366221
result_trotter_10_Heisenberg2D_cylinder_0.5_0.5_det,inner,2,SA,0.1,0,Proj,Yes_Kink,772,366020
result_SELECT_10_Heisenberg2D_cylinder_0.5_0.5_3,inner,2,SA,0.1,2,Single,No_MSF,1069,304784
result_SELECT_10_Heisenberg2D_cylinder_0.5_0.5_3,inner,2,SA,0.1,2,Single,No_Top,1069,300112
result_SELECT_10_Heisenberg2D_cylinder_0.5_0.5_3,inner,2,SA,0.1,2,Single,No_Kink,1069,357884
result_SELECT_10_Heisenberg2D_cylinder_0.5_0.5_3,inner,2,SA,0.1,2,Single,Yes_Kink,1069,369844
result_SELECT_10_Heisenberg2D_cylinder_0.5_0.5_3,inner,2,SA,0.1,2,Double,No_MSF,987,282480
result_SELECT_10_Heisenberg2D_cylinder_0.5_0.5_3,inner,2,SA,0.1,2,Double,No_Top,987,277808
result_SELECT_10_Heisenberg2D_cylinder_0.5_0.5_3,inner,2,SA,0.1,2,Double,No_Kink,987,351907
result_SELECT_10_Heisenberg2D_cylinder_0.5_0.5_3,inner,2,SA,0.1,2,Double,Yes_Kink,1023,358720
result_SELECT_10_Heisenberg2D_cylinder_0.5_0.5_3,inner,2,SA,0.1,2,Proj,No_MSF,837,241680
result_SELECT_10_Heisenberg2D_cylinder_0.5_0.5_3,inner,2,SA,0.1,2,Proj,No_Top,837,237008
result_SELECT_10_Heisenberg2D_cylinder_0.5_0.5_3,inner,2,SA,0.1,2,Proj,No_Kink,853,871055
result_SELECT_10_Heisenberg2D_cylinder_0.5_0.5_3,inner,2,SA,0.1,2,Proj,Yes_Kink,851,872772
result_SELECT_10_Heisenberg2D_cylinder_0.5_0.5_0,outer,2,SA,0.1,0,Single,No_MSF,8099,992534
result_SELECT_10_Heisenberg2D_cylinder_0.5_0.5_0,outer,2,SA,0.1,0,Single,No_Top,8099,988078
result_SELECT_10_Heisenberg2D_cylinder_0.5_0.5_0,outer,2,SA,0.1,0,Single,No_Kink,8099,1061610
result_SELECT_10_Heisenberg2D_cylinder_0.5_0.5_0,outer,2,SA,0.1,0,Single,Yes_Kink,8099,1072628
result_SELECT_10_Heisenberg2D_cylinder_0.5_0.5_0,outer,2,SA,0.1,0,Double,No_MSF,7536,923848
result_SELECT_10_Heisenberg2D_cylinder_0.5_0.5_0,outer,2,SA,0.1,0,Double,No_Top,7536,919392
result_SELECT_10_Heisenberg2D_cylinder_0.5_0.5_0,outer,2,SA,0.1,0,Double,No_Kink,7536,1006912
result_SELECT_10_Heisenberg2D_cylinder_0.5_0.5_0,outer,2,SA,0.1,0,Double,Yes_Kink,7537,1002777
result_SELECT_10_Heisenberg2D_cylinder_0.5_0.5_0,outer,2,SA,0.1,0,Proj,No_MSF,6660,816976
result_SELECT_10_Heisenberg2D_cylinder_0.5_0.5_0,outer,2,SA,0.1,0,Proj,No_Top,6660,812520
result_SELECT_10_Heisenberg2D_cylinder_0.5_0.5_0,outer,2,SA,0.1,0,Proj,No_Kink,6662,2701977
result_SELECT_10_Heisenberg2D_cylinder_0.5_0.5_0,outer,2,SA,0.1,0,Proj,Yes_Kink,6662,2631744
result_SELECT_10_Heisenberg2D_cylinder_0.5_0.5_1,inner,2,random,0.0,0,Single,No_MSF,4079,591856
result_SELECT_10_Heisenberg2D_cylinder_0.5_0.5_1,inner,2,random,0.0,0,Single,No_Top,4079,587376
result_SELECT_10_Heisenberg2D_cylinder_0.5_0.5_1,inner,2,random,0.0,0,Single,No_Kink,4081,689481
result_SELECT_10_Heisenberg2D_cylinder_0.5_0.5_1,inner,2,random,0.0,0,Single,Yes_Kink,4080,700434
result_SELECT_10_Heisenberg2D_cylinder_0.5_0.5_1,inner,2,random,0.0,0,Double,No_MSF,3792,550528
result_SELECT_10_Heisenberg2D_cylinder_0.5_0.5_1,inner,2,random,0.0,0,Double,No_Top,3792,546048
result_SELECT_10_Heisenberg2D_cylinder_0.5_0.5_1,inner,2,random,0.0,0,Double,No_Kink,3792,660072
result_SELECT_10_Heisenberg2D_cylinder_0.5_0.5_1,inner,2,random,0.0,0,Double,Yes_Kink,3820,666575
result_SELECT_10_Heisenberg2D_cylinder_0.5_0.5_1,inner,2,random,0.0,0,Proj,No_MSF,3333,484432
result_SELECT_10_Heisenberg2D_cylinder_0.5_0.5_1,inner,2,random,0.0,0,Proj,No_Top,3333,479952
result_SELECT_10_Heisenberg2D_cylinder_0.5_0.5_1,inner,2,random,0.0,0,Proj,No_Kink,3336,1821913
result_SELECT_10_Heisenberg2D_cylinder_0.5_0.5_1,inner,2,random,0.0,0,Proj,Yes_Kink,3335,1747288
result_SELECT_10_Heisenberg2D_cylinder_0.5_0.5_6,inner,1,SA,1.0,0,Single,No_MSF,211,282944
result_SELECT_10_Heisenberg2D_cylinder_0.5_0.5_6,inner,1,SA,1.0,0,Single,No_Top,211,276832
result_SELECT_10_Heisenberg2D_cylinder_0.5_0.5_6,inner,1,SA,1.0,0,Single,No_Kink,238,492172
result_SELECT_10_Heisenberg2D_cylinder_0.5_0.5_6,inner,1,SA,1.0,0,Double,No_MSF,177,238336
result_SELECT_10_Heisenberg2D_cylinder_0.5_0.5_6,inner,1,SA,1.0,0,Double,No_Top,177,232224
result_SELECT_10_Heisenberg2D_cylinder_0.5_0.5_6,inner,1,SA,1.0,0,Double,No_Kink,194,453328
result_SELECT_10_Heisenberg2D_cylinder_0.5_0.5_6,inner,1,SA,1.0,0,Double,Yes_Kink,202,474859
result_SELECT_10_Heisenberg2D_cylinder_0.5_0.5_6,inner,1,SA,1.0,0,Proj,No_MSF,108,147808
result_SELECT_10_Heisenberg2D_cylinder_0.5_0.5_6,inner,1,SA,1.0,0,Proj,No_Top,108,141696
result_SELECT_10_Heisenberg2D_cylinder_0.5_0.5_6,inner,1,SA,1.0,0,Proj,No_Kink,167,771676
result_SELECT_10_Heisenberg2D_cylinder_0.5_0.5_6,inner,1,SA,1.0,0,Proj,Yes_Kink,173,781023
result_SELECT_100_random_local_OBC_0_0_6,inner,1,SA,0.001,2,Single,No_MSF,247,306944
result_SELECT_100_random_local_OBC_0_0_6,inner,1,SA,0.001,2,Single,No_Top,247,302112
result_SELECT_100_random_local_OBC_0_0_6,inner,1,SA,0.001,2,Single,No_Kink,508,904482
result_SELECT_100_random_local_OBC_0_0_6,inner,1,SA,0.001,2,Double,No_MSF,192,241824
result_SELECT_100_random_local_OBC_0_0_6,inner,1,SA,0.001,2,Double,No_Top,193,238176
result_SELECT_100_random_local_OBC_0_0_6,inner,1,SA,0.001,2,Double,No_Kink,412,825099
result_SELECT_100_random_local_OBC_0_0_6,inner,1,SA,0.001,2,Double,Yes_Kink,423,852593
result_SELECT_100_random_local_OBC_0_0_6,inner,1,SA,0.001,2,Proj,No_MSF,128,166048
result_SELECT_100_random_local_OBC_0_0_6,inner,1,SA,0.001,2,Proj,No_Top,128,161216
result_SELECT_100_random_local_OBC_0_0_6,inner,1,SA,0.001,2,Proj,No_Kink,394,1630284
result_SELECT_100_random_local_OBC_0_0_6,inner,1,SA,0.001,2,Proj,Yes_Kink,405,1658637
result_trotter_10_Heisenberg2D_cylinder_0.5_0.5_rand,outer,1,naive,0.0,0,Single,No_MSF,744,99900
result_trotter_10_Heisenberg2D_cylinder_0.5_0.5_rand,outer,1,naive,0.0,0,Single,No_Top,749,74900
result_trotter_10_Heisenberg2D_cylinder_0.5_0.5_rand,outer,1,naive,0.0,0,Single,No_Kink,1061,293386
result_trotter_10_Heisenberg2D_cylinder_0.5_0.5_rand,outer,1,naive,0.0,0,Double,No_MSF,721,97600
result_trotter_10_Heisenberg2D_cylinder_0.5_0.5_rand,outer,1,naive,0.0,0,Double,No_Top,721,72100
result_trotter_10_Heisenberg2D_cylinder_0.5_0.5_rand,outer,1,naive,0.0,0,Double,No_Kink,1036,344729
result_trotter_10_Heisenberg2D_cylinder_0.5_0.5_rand,outer,1,naive,0.0,0,Double,Yes_Kink,1197,380924
result_trotter_10_Heisenberg2D_cylinder_0.5_0.5_rand,outer,1,naive,0.0,0,Proj,No_MSF,390,64500
result_trotter_10_Heisenberg2D_cylinder_0.5_0.5_rand,outer,1,naive,0.0,0,Proj,No_Top,580,58000
result_trotter_10_Heisenberg2D_cylinder_0.5_0.5_rand,outer,1,naive,0.0,0,Proj,No_Kink,974,372238
result_trotter_10_Heisenberg2D_cylinder_0.5_0.5_rand,outer,1,naive,0.0,0,Proj,Yes_Kink,997,365552
result_trotter_10_Heisenberg2D_cylinder_0.5_0.5_det,outer,2,SA,0.01,2,Single,No_MSF,756,152100
result_trotter_10_Heisenberg2D_cylinder_0.5_0.5_det,outer,2,SA,0.01,2,Single,No_Top,1864,237400
result_trotter_10_Heisenberg2D_cylinder_0.5_0.5_det,outer,2,SA,0.01,2,Single,No_Kink,1880,536440
result_trotter_10_Heisenberg2D_cylinder_0.5_0.5_det,outer,2,SA,0.01,2,Single,Yes_Kink,1892,536018
result_trotter_10_Heisenberg2D_cylinder_0.5_0.5_det,outer,2,SA,0.01,2,Double,No_MSF,749,151400
result_trotter_10_Heisenberg2D_cylinder_0.5_0.5_det,outer,2,SA,0.01,2,Double,No_Top,1861,237100
result_trotter_10_Heisenberg2D_cylinder_0.5_0.5_det,outer,2,SA,0.01,2,Double,No_Kink,1861,530729
result_trotter_10_Heisenberg2D_cylinder_0.5_0.5_det,outer,2,SA,0.01,2,Double,Yes_Kink,1861,571397
result_trotter_10_Heisenberg2D_cylinder_0.5_0.5_det,outer,2,SA,0.01,2,Proj,No_MSF,390,115500
result_trotter_10_Heisenberg2D_cylinder_0.5_0.5_det,outer,2,SA,0.01,2,Proj,No_Top,1740,225000
result_trotter_10_Heisenberg2D_cylinder_0.5_0.5_det,outer,2,SA,0.01,2,Proj,No_Kink,1836,1068018
result_trotter_10_Heisenberg2D_cylinder_0.5_0.5_det,outer,2,SA,0.01,2,Proj,Yes_Kink,1844,1043840
result_SELECT_10_Heisenberg2D_cylinder_0.5_0.5_5,outer,1,SA,0.1,2,Single,No_MSF,327,256704
result_SELECT_10_Heisenberg2D_cylinder_0.5_0.5_5,outer,1,SA,0.1,2,Single,No_Top,327,251360
result_SELECT_10_Heisenberg2D_cylinder_0.5_0.5_5,outer,1,SA,0.1,2,Single,No_Kink,346,431012
result_SELECT_10_Heisenberg2D_cylinder_0.5_0.5_5,outer,1,SA,0.1,2,Double,No_MSF,290,229472
result_SELECT_10_Heisenberg2D_cylinder_0.5_0.5_5,outer,1,SA,0.1,2,Double,No_Top,291,224864
result_SELECT_10_Heisenberg2D_cylinder_0.5_0.5_5,outer,1,SA,0.1,2,Double,No_Kink,303,408359
result_SELECT_10_Heisenberg2D_cylinder_0.5_0.5_5,outer,1,SA,0.1,2,Double,Yes_Kink,306,419002
result_SELECT_10_Heisenberg2D_cylinder_0.5_0.5_5,outer,1,SA,0.1,2,Proj,No_MSF,213,172800
result_SELECT_10_Heisenberg2D_cylinder_0.5_0.5_5,outer,1,SA,0.1,2,Proj,No_Top,213,167456
result_SELECT_10_Heisenberg2D_cylinder_0.5_0.5_5,outer,1,SA,0.1,2,Proj,No_Kink,261,722813
result_SELECT_10_Heisenberg2D_cylinder_0.5_0.5_5,outer,1,SA,0.1,2,Proj,Yes_Kink,268,730141
result_SELECT_10_Heisenberg2D_cylinder_0.5_0.5_5,inner,2,SA,1.0,2,Single,No_MSF,327,256704
result_SELECT_10_Heisenberg2D_cylinder_0.5_0.5_5,inner,2,SA,1.0,2,Single,No_Top,327,251360
result_SELECT_10_Heisenberg2D_cylinder_0.5_0.5_5,inner,2,SA,1.0,2,Single,No_Kink,328,349104
result_SELECT_10_Heisenberg2D_cylinder_0.5_0.5_5,inner,2,SA,1.0,2,Single,Yes_Kink,328,363821
result_SELECT_10_Heisenberg2D_cylinder_0.5_0.5_5,inner,2,SA,1.0,2,Double,No_MSF,290,229472
result_SELECT_10_Heisenberg2D_cylinder_0.5_0.5_5,inner,2,SA,1.0,2,Double,No_Top,291,224864
result_SELECT_10_Heisenberg2D_cylinder_0.5_0.5_5,inner,2,SA,1.0,2,Double,No_Kink,293,340349
result_SELECT_10_Heisenberg2D_cylinder_0.5_0.5_5,inner,2,SA,1.0,2,Double,Yes_Kink,302,346703
result_SELECT_10_Heisenberg2D_cylinder_0.5_0.5_5,inner,2,SA,1.0,2,Proj,No_MSF,213,172800
result_SELECT_10_Heisenberg2D_cylinder_0.5_0.5_5,inner,2,SA,1.0,2,Proj,No_Top,213,167456
result_SELECT_10_Heisenberg2D_cylinder_0.5_0.5_5,inner,2,SA,1.0,2,Proj,No_Kink,236,689505
result_SELECT_10_Heisenberg2D_cylinder_0.5_0.5_5,inner,2,SA,1.0,2,Proj,Yes_Kink,242,685895
result_SELECT_10_Heisenberg2D_cylinder_0.5_0.5_5,inner,2,SA,0.001,0,Single,No_MSF,327,246016
result_SELECT_10_Heisenberg2D_cylinder_0.5_0.5_5,inner,2,SA,0.001,0,Single,No_Top,327,240672
result_SELECT_10_Heisenberg2D_cylinder_0.5_0.5_5,inner,2,SA,0.001,0,Single,No_Kink,330,334691
result_SELECT_10_Heisenberg2D_cylinder_0.5_0.5_5,inner,2,SA,0.001,0,Single,Yes_Kink,331,351642
result_SELECT_10_Heisenberg2D_cylinder_0.5_0.5_5,inner,2,SA,0.001,0,Double,No_MSF,290,218784
result_SELECT_10_Heisenberg2D_cylinder_0.5_0.5_5,inner,2,SA,0.001,0,Double,No_Top,290,213440
result_SELECT_10_Heisenberg2D_cylinder_0.5_0.5_5,inner,2,SA,0.001,0,Double,No_Kink,297,326239
result_SELECT_10_Heisenberg2D_cylinder_0.5_0.5_5,inner,2,SA,0.001,0,Double,Yes_Kink,300,330196
result_SELECT_10_Heisenberg2D_cylinder_0.5_0.5_5,inner,2,SA,0.001,0,Proj,No_MSF,213,162112
result_SELECT_10_Heisenberg2D_cylinder_0.5_0.5_5,inner,2,SA,0.001,0,Proj,No_Top,213,156768
result_SELECT_10_Heisenberg2D_cylinder_0.5_0.5_5,inner,2,SA,0.001,0,Proj,No_Kink,236,682765
result_SELECT_10_Heisenberg2D_cylinder_0.5_0.5_5,inner,2,SA,0.001,0,Proj,Yes_Kink,237,672139
result_trotter_10_Heisenberg2D_cylinder_0.5_0.5_det,inner,1,SA,0.01,1,Single,No_MSF,756,126600
result_trotter_10_Heisenberg2D_cylinder_0.5_0.5_det,inner,1,SA,0.01,1,Single,No_Top,1315,157000
result_trotter_10_Heisenberg2D_cylinder_0.5_0.5_det,inner,1,SA,0.01,1,Single,No_Kink,1479,395078
result_trotter_10_Heisenberg2D_cylinder_0.5_0.5_det,inner,1,SA,0.01,1,Double,No_MSF,749,125900
result_trotter_10_Heisenberg2D_cylinder_0.5_0.5_det,inner,1,SA,0.01,1,Double,No_Top,1292,154700
result_trotter_10_Heisenberg2D_cylinder_0.5_0.5_det,inner,1,SA,0.01,1,Double,No_Kink,1457,460056
result_trotter_10_Heisenberg2D_cylinder_0.5_0.5_det,inner,1,SA,0.01,1,Double,Yes_Kink,1620,495623
result_trotter_10_Heisenberg2D_cylinder_0.5_0.5_det,inner,1,SA,0.01,1,Proj,No_MSF,390,90000
result_trotter_10_Heisenberg2D_cylinder_0.5_0.5_det,inner,1,SA,0.01,1,Proj,No_Top,1160,141500
result_trotter_10_Heisenberg2D_cylinder_0.5_0.5_det,inner,1,SA,0.01,1,Proj,No_Kink,1868,716861
result_trotter_10_Heisenberg2D_cylinder_0.5_0.5_det,inner,1,SA,0.01,1,Proj,Yes_Kink,1927,698027
result_SELECT_10_Heisenberg2D_cylinder_0.5_0.5_2,outer,2,SA,1.0,2,Single,No_MSF,2072,403168
result_SELECT_10_Heisenberg2D_cylinder_0.5_0.5_2,outer,2,SA,1.0,2,Single,No_Top,2072,398624
result_SELECT_10_Heisenberg2D_cylinder_0.5_0.5_2,outer,2,SA,1.0,2,Single,No_Kink,2073,451909
result_SELECT_10_Heisenberg2D_cylinder_0.5_0.5_2,outer,2,SA,1.0,2,Single,Yes_Kink,2072,463702
result_SELECT_10_Heisenberg2D_cylinder_0.5_0.5_2,outer,2,SA,1.0,2,Double,No_MSF,1921,374780
result_SELECT_10_Heisenberg2D_cylinder_0.5_0.5_2,outer,2,SA,1.0,2,Double,No_Top,1921,370236
result_SELECT_10_Heisenberg2D_cylinder_0.5_0.5_2,outer,2,SA,1.0,2,Double,No_Kink,1921,437953
result_SELECT_10_Heisenberg2D_cylinder_0.5_0.5_2,outer,2,SA,1.0,2,Double,Yes_Kink,1923,435027
result_SELECT_10_Heisenberg2D_cylinder_0.5_0.5_2,outer,2,SA,1.0,2,Proj,No_MSF,1668,327216
result_SELECT_10_Heisenberg2D_cylinder_0.5_0.5_2,outer,2,SA,1.0,2,Proj,No_Top,1668,322672
result_SELECT_10_Heisenberg2D_cylinder_0.5_0.5_2,outer,2,SA,1.0,2,Proj,No_Kink,1675,1154733
result_SELECT_10_Heisenberg2D_cylinder_0.5_0.5_2,outer,2,SA,1.0,2,Proj,Yes_Kink,1676,1123528
result_SELECT_10_Heisenberg2D_cylinder_0.5_0.5_6,inner,1,SA,0.01,2,Single,No_MSF,211,295168
result_SELECT_10_Heisenberg2D_cylinder_0.5_0.5_6,inner,1,SA,0.01,2,Single,No_Top,211,289056
result_SELECT_10_Heisenberg2D_cylinder_0.5_0.5_6,inner,1,SA,0.01,2,Single,No_Kink,243,580340
result_SELECT_10_Heisenberg2D_cylinder_0.5_0.5_6,inner,1,SA,0.01,2,Double,No_MSF,177,250560
result_SELECT_10_Heisenberg2D_cylinder_0.5_0.5_6,inner,1,SA,0.01,2,Double,No_Top,177,244448
result_SELECT_10_Heisenberg2D_cylinder_0.5_0.5_6,inner,1,SA,0.01,2,Double,No_Kink,197,550903
result_SELECT_10_Heisenberg2D_cylinder_0.5_0.5_6,inner,1,SA,0.01,2,Double,Yes_Kink,205,589626
result_SELECT_10_Heisenberg2D_cylinder_0.5_0.5_6,inner,1,SA,0.01,2,Proj,No_MSF,108,160032
result_SELECT_10_Heisenberg2D_cylinder_0.5_0.5_6,inner,1,SA,0.01,2,Proj,No_Top,123,173600
result_SELECT_10_Heisenberg2D_cylinder_0.5_0.5_6,inner,1,SA,0.01,2,Proj,No_Kink,186,862789
result_SELECT_10_Heisenberg2D_cylinder_0.5_0.5_6,inner,1,SA,0.01,2,Proj,Yes_Kink,194,881902
result_trotter_10_Heisenberg2D_cylinder_0.5_0.5_rand,inner,2,SA,0.001,1,Single,No_MSF,744,125400
result_trotter_10_Heisenberg2D_cylinder_0.5_0.5_rand,inner,2,SA,0.001,1,Single,No_Top,1231,148600
result_trotter_10_Heisenberg2D_cylinder_0.5_0.5_rand,inner,2,SA,0.001,1,Single,No_Kink,1243,344845
result_trotter_10_Heisenberg2D_cylinder_0.5_0.5_rand,inner,2,SA,0.001,1,Single,Yes_Kink,1254,353208
result_trotter_10_Heisenberg2D_cylinder_0.5_0.5_rand,inner,2,SA,0.001,1,Double,No_MSF,721,123100
result_trotter_10_Heisenberg2D_cylinder_0.5_0.5_rand,inner,2,SA,0.001,1,Double,No_Top,1211,146600
result_trotter_10_Heisenberg2D_cylinder_0.5_0.5_rand,inner,2,SA,0.001,1,Double,No_Kink,1212,347590
result_trotter_10_Heisenberg2D_cylinder_0.5_0.5_rand,inner,2,SA,0.001,1,Double,Yes_Kink,1215,380846
result_trotter_10_Heisenberg2D_cylinder_0.5_0.5_rand,inner,2,SA,0.001,1,Proj,No_MSF,390,90000
result_trotter_10_Heisenberg2D_cylinder_0.5_0.5_rand,inner,2,SA,0.001,1,Proj,No_Top,1160,141500
result_trotter_10_Heisenberg2D_cylinder_0.5_0.5_rand,inner,2,SA,0.001,1,Proj,No_Kink,1199,666592
result_trotter_10_Heisenberg2D_cylinder_0.5_0.5_rand,inner,2,SA,0.001,1,Proj,Yes_Kink,1198,635189
result_SELECT_10_Heisenberg2D_cylinder_0.5_0.5_3,inner,2,random,0.0,0,Single,No_MSF,1069,295440
result_SELECT_10_Heisenberg2D_cylinder_0.5_0.5_3,inner,2,random,0.0,0,Single,No_Top,1069,290768
result_SELECT_10_Heisenberg2D_cylinder_0.5_0.5_3,inner,2,random,0.0,0,Single,No_Kink,1077,458167
result_SELECT_10_Heisenberg2D_cylinder_0.5_0.5_3,inner,2,random,0.0,0,Single,Yes_Kink,1076,465703
result_SELECT_10_Heisenberg2D_cylinder_0.5_0.5_3,inner,2,random,0.0,0,Double,No_MSF,987,273136
result_SELECT_10_Heisenberg2D_cylinder_0.5_0.5_3,inner,2,random,0.0,0,Double,No_Top,987,268464
result_SELECT_10_Heisenberg2D_cylinder_0.5_0.5_3,inner,2,random,0.0,0,Double,No_Kink,992,446130
result_SELECT_10_Heisenberg2D_cylinder_0.5_0.5_3,inner,2,random,0.0,0,Double,Yes_Kink,1025,453906
result_SELECT_10_Heisenberg2D_cylinder_0.5_0.5_3,inner,2,random,0.0,0,Proj,No_MSF,837,232336
result_SELECT_10_Heisenberg2D_cylinder_0.5_0.5_3,inner,2,random,0.0,0,Proj,No_Top,837,227664
result_SELECT_10_Heisenberg2D_cylinder_0.5_0.5_3,inner,2,random,0.0,0,Proj,No_Kink,851,914874
result_SELECT_10_Heisenberg2D_cylinder_0.5_0.5_3,inner,2,random,0.0,0,Proj,Yes_Kink,851,899954
result_trotter_10_Heisenberg2D_cylinder_0.5_0.5_det,inner,1,SA,0.1,2,Single,No_MSF,756,152100
result_trotter_10_Heisenberg2D_cylinder_0.5_0.5_det,inner,1,SA,0.1,2,Single,No_Top,1864,237400
result_trotter_10_Heisenberg2D_cylinder_0.5_0.5_det,inner,1,SA,0.1,2,Single,No_Kink,1908,489324
result_trotter_10_Heisenberg2D_cylinder_0.5_0.5_det,inner,1,SA,0.1,2,Double,No_MSF,749,151400
result_trotter_10_Heisenberg2D_cylinder_0.5_0.5_det,inner,1,SA,0.1,2,Double,No_Top,1861,237100
result_trotter_10_Heisenberg2D_cylinder_0.5_0.5_det,inner,1,SA,0.1,2,Double,No_Kink,1869,549901
result_trotter_10_Heisenberg2D_cylinder_0.5_0.5_det,inner,1,SA,0.1,2,Double,Yes_Kink,1894,565234
result_trotter_10_Heisenberg2D_cylinder_0.5_0.5_det,inner,1,SA,0.1,2,Proj,No_MSF,390,115500
result_trotter_10_Heisenberg2D_cylinder_0.5_0.5_det,inner,1,SA,0.1,2,Proj,No_Top,1740,225000
result_trotter_10_Heisenberg2D_cylinder_0.5_0.5_det,inner,1,SA,0.1,2,Proj,No_Kink,2046,791207
result_trotter_10_Heisenberg2D_cylinder_0.5_0.5_det,inner,1,SA,0.1,2,Proj,Yes_Kink,2079,753164
result_trotter_10_Heisenberg2D_cylinder_0.5_0.5_det,outer,2,SA,0.1,0,Single,No_MSF,756,101100
result_trotter_10_Heisenberg2D_cylinder_0.5_0.5_det,outer,2,SA,0.1,0,Single,No_Top,784,78400
result_trotter_10_Heisenberg2D_cylinder_0.5_0.5_det,outer,2,SA,0.1,0,Single,No_Kink,960,277204
result_trotter_10_Heisenberg2D_cylinder_0.5_0.5_det,outer,2,SA,0.1,0,Single,Yes_Kink,976,272196
result_trotter_10_Heisenberg2D_cylinder_0.5_0.5_det,outer,2,SA,0.1,0,Double,No_MSF,749,100400
result_trotter_10_Heisenberg2D_cylinder_0.5_0.5_det,outer,2,SA,0.1,0,Double,No_Top,762,76200
result_trotter_10_Heisenberg2D_cylinder_0.5_0.5_det,outer,2,SA,0.1,0,Double,No_Kink,968,320986
result_trotter_10_Heisenberg2D_cylinder_0.5_0.5_det,outer,2,SA,0.1,0,Double,Yes_Kink,1093,342090
result_trotter_10_Heisenberg2D_cylinder_0.5_0.5_det,outer,2,SA,0.1,0,Proj,No_MSF,390,64500
result_trotter_10_Heisenberg2D_cylinder_0.5_0.5_det,outer,2,SA,0.1,0,Proj,No_Top,580,58000
result_trotter_10_Heisenberg2D_cylinder_0.5_0.5_det,outer,2,SA,0.1,0,Proj,No_Kink,869,460424
result_trotter_10_Heisenberg2D_cylinder_0.5_0.5_det,outer,2,SA,0.1,0,Proj,Yes_Kink,911,469879
result_SELECT_10_Heisenberg2D_cylinder_0.5_0.5_3,inner,2,SA,0.001,2,Single,No_MSF,1069,304784
result_SELECT_10_Heisenberg2D_cylinder_0.5_0.5_3,inner,2,SA,0.001,2,Single,No_Top,1069,300112
result_SELECT_10_Heisenberg2D_cylinder_0.5_0.5_3,inner,2,SA,0.001,2,Single,No_Kink,1070,367385
result_SELECT_10_Heisenberg2D_cylinder_0.5_0.5_3,inner,2,SA,0.001,2,Single,Yes_Kink,1070,378504
result_SELECT_10_Heisenberg2D_cylinder_0.5_0.5_3,inner,2,SA,0.001,2,Double,No_MSF,987,282480
result_SELECT_10_Heisenberg2D_cylinder_0.5_0.5_3,inner,2,SA,0.001,2,Double,No_Top,987,277808
result_SELECT_10_Heisenberg2D_cylinder_0.5_0.5_3,inner,2,SA,0.001,2,Double,No_Kink,989,359853
result_SELECT_10_Heisenberg2D_cylinder_0.5_0.5_3,inner,2,SA,0.001,2,Double,Yes_Kink,1022,366320
result_SELECT_10_Heisenberg2D_cylinder_0.5_0.5_3,inner,2,SA,0.001,2,Proj,No_MSF,837,241680
result_SELECT_10_Heisenberg2D_cylinder_0.5_0.5_3,inner,2,SA,0.001,2,Proj,No_Top,837,237008
result_SELECT_10_Heisenberg2D_cylinder_0.5_0.5_3,inner,2,SA,0.001,2,Proj,No_Kink,850,918167
result_SELECT_10_Heisenberg2D_cylinder_0.5_0.5_3,inner,2,SA,0.001,2,Proj,Yes_Kink,853,902676
result_SELECT_10_Heisenberg2D_cylinder_0.5_0.5_6,outer,1,SA,1.0,6,Single,No_MSF,211,319616
result_SELECT_10_Heisenberg2D_cylinder_0.5_0.5_6,outer,1,SA,1.0,6,Single,No_Top,331,470944
result_SELECT_10_Heisenberg2D_cylinder_0.5_0.5_6,outer,1,SA,1.0,6,Single,No_Kink,352,852720
result_SELECT_10_Heisenberg2D_cylinder_0.5_0.5_6,outer,1,SA,1.0,6,Double,No_MSF,177,275008
result_SELECT_10_Heisenberg2D_cylinder_0.5_0.5_6,outer,1,SA,1.0,6,Double,No_Top,314,448640
result_SELECT_10_Heisenberg2D_cylinder_0.5_0.5_6,outer,1,SA,1.0,6,Double,No_Kink,322,904002
result_SELECT_10_Heisenberg2D_cylinder_0.5_0.5_6,outer,1,SA,1.0,6,Double,Yes_Kink,328,916185
result_SELECT_10_Heisenberg2D_cylinder_0.5_0.5_6,outer,1,SA,1.0,6,Proj,No_MSF,108,184480
result_SELECT_10_Heisenberg2D_cylinder_0.5_0.5_6,outer,1,SA,1.0,6,Proj,No_Top,287,413216
result_SELECT_10_Heisenberg2D_cylinder_0.5_0.5_6,outer,1,SA,1.0,6,Proj,No_Kink,294,1351755
result_SELECT_10_Heisenberg2D_cylinder_0.5_0.5_6,outer,1,SA,1.0,6,Proj,Yes_Kink,295,1347032
result_trotter_10_Heisenberg2D_cylinder_0.5_0.5_rand,outer,2,SA,0.1,0,Single,No_MSF,744,99900
result_trotter_10_Heisenberg2D_cylinder_0.5_0.5_rand,outer,2,SA,0.1,0,Single,No_Top,749,74900
result_trotter_10_Heisenberg2D_cylinder_0.5_0.5_rand,outer,2,SA,0.1,0,Single,No_Kink,930,269728
result_trotter_10_Heisenberg2D_cylinder_0.5_0.5_rand,outer,2,SA,0.1,0,Single,Yes_Kink,931,265430
result_trotter_10_Heisenberg2D_cylinder_0.5_0.5_rand,outer,2,SA,0.1,0,Double,No_MSF,721,97600
result_trotter_10_Heisenberg2D_cylinder_0.5_0.5_rand,outer,2,SA,0.1,0,Double,No_Top,721,72100
result_trotter_10_Heisenberg2D_cylinder_0.5_0.5_rand,outer,2,SA,0.1,0,Double,No_Kink,921,313528
result_trotter_10_Heisenberg2D_cylinder_0.5_0.5_rand,outer,2,SA,0.1,0,Double,Yes_Kink,1037,332743
result_trotter_10_Heisenberg2D_cylinder_0.5_0.5_rand,outer,2,SA,0.1,0,Proj,No_MSF,390,64500
result_trotter_10_Heisenberg2D_cylinder_0.5_0.5_rand,outer,2,SA,0.1,0,Proj,No_Top,580,58000
result_trotter_10_Heisenberg2D_cylinder_0.5_0.5_rand,outer,2,SA,0.1,0,Proj,No_Kink,822,452013
result_trotter_10_Heisenberg2D_cylinder_0.5_0.5_rand,outer,2,SA,0.1,0,Proj,Yes_Kink,852,457460
result_trotter_10_Heisenberg2D_cylinder_0.5_0.5_rand,inner,1,naive,0.0,1,Single,No_MSF,744,125400
result_trotter_10_Heisenberg2D_cylinder_0.5_0.5_rand,inner,1,naive,0.0,1,Single,No_Top,1231,148600
result_trotter_10_Heisenberg2D_cylinder_0.5_0.5_rand,inner,1,naive,0.0,1,Single,No_Kink,1432,402618
result_trotter_10_Heisenberg2D_cylinder_0.5_0.5_rand,inner,1,naive,0.0,1,Double,No_MSF,721,123100
result_trotter_10_Heisenberg2D_cylinder_0.5_0.5_rand,inner,1,naive,0.0,1,Double,No_Top,1211,146600
result_trotter_10_Heisenberg2D_cylinder_0.5_0.5_rand,inner,1,naive,0.0,1,Double,No_Kink,1350,459975
result_trotter_10_Heisenberg2D_cylinder_0.5_0.5_rand,inner,1,naive,0.0,1,Double,Yes_Kink,1437,474960
result_trotter_10_Heisenberg2D_cylinder_0.5_0.5_rand,inner,1,naive,0.0,1,Proj,No_MSF,390,90000
result_trotter_10_Heisenberg2D_cylinder_0.5_0.5_rand,inner,1,naive,0.0,1,Proj,No_Top,1160,141500
result_trotter_10_Heisenberg2D_cylinder_0.5_0.5_rand,inner,1,naive,0.0,1,Proj,No_Kink,1321,528178
result_trotter_10_Heisenberg2D_cylinder_0.5_0.5_rand,inner,1,naive,0.0,1,Proj,Yes_Kink,1357,520319
result_SELECT_10_Heisenberg2D_cylinder_0.5_0.5_4,inner,1,SA,0.001,0,Single,No_MSF,571,251568
result_SELECT_10_Heisenberg2D_cylinder_0.5_0.5_4,inner,1,SA,0.001,0,Single,No_Top,571,246672
result_SELECT_10_Heisenberg2D_cylinder_0.5_0.5_4,inner,1,SA,0.001,0,Single,No_Kink,577,345922
result_SELECT_10_Heisenberg2D_cylinder_0.5_0.5_4,inner,1,SA,0.001,0,Double,No_MSF,522,230400
result_SELECT_10_Heisenberg2D_cylinder_0.5_0.5_4,inner,1,SA,0.001,0,Double,No_Top,522,225504
result_SELECT_10_Heisenberg2D_cylinder_0.5_0.5_4,inner,1,SA,0.001,0,Double,No_Kink,524,334383
result_SELECT_10_Heisenberg2D_cylinder_0.5_0.5_4,inner,1,SA,0.001,0,Double,Yes_Kink,528,337950
result_SELECT_10_Heisenberg2D_cylinder_0.5_0.5_4,inner,1,SA,0.001,0,Proj,No_MSF,420,186336
result_SELECT_10_Heisenberg2D_cylinder_0.5_0.5_4,inner,1,SA,0.001,0,Proj,No_Top,420,181440
result_SELECT_10_Heisenberg2D_cylinder_0.5_0.5_4,inner,1,SA,0.001,0,Proj,No_Kink,444,698416
result_SELECT_10_Heisenberg2D_cylinder_0.5_0.5_4,inner,1,SA,0.001,0,Proj,Yes_Kink,450,689204
result_trotter_10_Heisenberg2D_cylinder_0.5_0.5_rand,outer,1,random,0.0,2,Single,No_MSF,744,150900
result_trotter_10_Heisenberg2D_cylinder_0.5_0.5_rand,outer,1,random,0.0,2,Single,No_Top,1782,229200
result_trotter_10_Heisenberg2D_cylinder_0.5_0.5_rand,outer,1,random,0.0,2,Single,No_Kink,1940,513362
result_trotter_10_Heisenberg2D_cylinder_0.5_0.5_rand,outer,1,random,0.0,2,Double,No_MSF,721,148600
result_trotter_10_Heisenberg2D_cylinder_0.5_0.5_rand,outer,1,random,0.0,2,Double,No_Top,1777,228700
result_trotter_10_Heisenberg2D_cylinder_0.5_0.5_rand,outer,1,random,0.0,2,Double,No_Kink,1849,558337
result_trotter_10_Heisenberg2D_cylinder_0.5_0.5_rand,outer,1,random,0.0,2,Double,Yes_Kink,1885,569220
result_trotter_10_Heisenberg2D_cylinder_0.5_0.5_rand,outer,1,random,0.0,2,Proj,No_MSF,390,115500
result_trotter_10_Heisenberg2D_cylinder_0.5_0.5_rand,outer,1,random,0.0,2,Proj,No_Top,1740,225000
result_trotter_10_Heisenberg2D_cylinder_0.5_0.5_rand,outer,1,random,0.0,2,Proj,No_Kink,1849,752838
result_trotter_10_Heisenberg2D_cylinder_0.5_0.5_rand,outer,1,random,0.0,2,Proj,Yes_Kink,1869,731850
result_SELECT_10_Heisenberg2D_cylinder_0.5_0.5_2,inner,1,random,0.0,0,Single,No_MSF,2072,394080
result_SELECT_10_Heisenberg2D_cylinder_0.5_0.5_2,inner,1,random,0.0,0,Single,No_Top,2072,389536
result_SELECT_10_Heisenberg2D_cylinder_0.5_0.5_2,inner,1,random,0.0,0,Single,No_Kink,2124,607394
result_SELECT_10_Heisenberg2D_cylinder_0.5_0.5_2,inner,1,random,0.0,0,Double,No_MSF,1921,365692
result_SELECT_10_Heisenberg2D_cylinder_0.5_0.5_2,inner,1,random,0.0,0,Double,No_Top,1921,361148
result_SELECT_10_Heisenberg2D_cylinder_0.5_0.5_2,inner,1,random,0.0,0,Double,No_Kink,1924,568659
result_SELECT_10_Heisenberg2D_cylinder_0.5_0.5_2,inner,1,random,0.0,0,Double,Yes_Kink,1928,568410
result_SELECT_10_Heisenberg2D_cylinder_0.5_0.5_2,inner,1,random,0.0,0,Proj,No_MSF,1668,318128
result_SELECT_10_Heisenberg2D_cylinder_0.5_0.5_2,inner,1,random,0.0,0,Proj,No_Top,1668,313584
result_SELECT_10_Heisenberg2D_cylinder_0.5_0.5_2,inner,1,random,0.0,0,Proj,No_Kink,1680,1191419
result_SELECT_10_Heisenberg2D_cylinder_0.5_0.5_2,inner,1,random,0.0,0,Proj,Yes_Kink,1682,1168403
result_SELECT_10_Z2LatticeGauge2D_PBC_0_0_6,inner,1,random,0.0,2,Single,No_MSF,113,138212
result_SELECT_10_Z2LatticeGauge2D_PBC_0_0_6,inner,1,random,0.0,2,Single,No_Top,119,142620
result_SELECT_10_Z2LatticeGauge2D_PBC_0_0_6,inner,1,random,0.0,2,Single,No_Kink,296,626394
result_SELECT_10_Z2LatticeGauge2D_PBC_0_0_6,inner,1,random,0.0,2,Double,No_MSF,91,112780
result_SELECT_10_Z2LatticeGauge2D_PBC_0_0_6,inner,1,random,0.0,2,Double,No_Top,98,118344
result_SELECT_10_Z2LatticeGauge2D_PBC_0_0_6,inner,1,random,0.0,2,Double,No_Kink,185,505838
result_SELECT_10_Z2LatticeGauge2D_PBC_0_0_6,inner,1,random,0.0,2,Double,Yes_Kink,185,507350
result_SELECT_10_Z2LatticeGauge2D_PBC_0_0_6,inner,1,random,0.0,2,Proj,No_MSF,43,57292
result_SELECT_10_Z2LatticeGauge2D_PBC_0_0_6,inner,1,random,0.0,2,Proj,No_Top,57,70948
result_SELECT_10_Z2LatticeGauge2D_PBC_0_0_6,inner,1,random,0.0,2,Proj,No_Kink,133,524076
result_SELECT_10_Z2LatticeGauge2D_PBC_0_0_6,inner,1,random,0.0,2,Proj,Yes_Kink,136,530306
result_SELECT_10_Heisenberg2D_cylinder_0.5_0.5_1,inner,1,SA,0.01,0,Single,No_MSF,4079,591856
result_SELECT_10_Heisenberg2D_cylinder_0.5_0.5_1,inner,1,SA,0.01,0,Single,No_Top,4079,587376
result_SELECT_10_Heisenberg2D_cylinder_0.5_0.5_1,inner,1,SA,0.01,0,Single,No_Kink,4093,660076
result_SELECT_10_Heisenberg2D_cylinder_0.5_0.5_1,inner,1,SA,0.01,0,Double,No_MSF,3792,550528
result_SELECT_10_Heisenberg2D_cylinder_0.5_0.5_1,inner,1,SA,0.01,0,Double,No_Top,3792,546048
result_SELECT_10_Heisenberg2D_cylinder_0.5_0.5_1,inner,1,SA,0.01,0,Double,No_Kink,3805,629807
result_SELECT_10_Heisenberg2D_cylinder_0.5_0.5_1,inner,1,SA,0.01,0,Double,Yes_Kink,3808,639570
result_SELECT_10_Heisenberg2D_cylinder_0.5_0.5_1,inner,1,SA,0.01,0,Proj,No_MSF,3333,484432
result_SELECT_10_Heisenberg2D_cylinder_0.5_0.5_1,inner,1,SA,0.01,0,Proj,No_Top,3333,479952
result_SELECT_10_Heisenberg2D_cylinder_0.5_0.5_1,inner,1,SA,0.01,0,Proj,No_Kink,3342,1563720
result_SELECT_10_Heisenberg2D_cylinder_0.5_0.5_1,inner,1,SA,0.01,0,Proj,Yes_Kink,3373,1537273
result_SELECT_10_Heisenberg2D_cylinder_0.5_0.5_6,inner,1,SA,0.1,0,Single,No_MSF,211,282944
result_SELECT_10_Heisenberg2D_cylinder_0.5_0.5_6,inner,1,SA,0.1,0,Single,No_Top,211,276832
result_SELECT_10_Heisenberg2D_cylinder_0.5_0.5_6,inner,1,SA,0.1,0,Single,No_Kink,233,495254
result_SELECT_10_Heisenberg2D_cylinder_0.5_0.5_6,inner,1,SA,0.1,0,Double,No_MSF,177,238336
result_SELECT_10_Heisenberg2D_cylinder_0.5_0.5_6,inner,1,SA,0.1,0,Double,No_Top,177,232224
result_SELECT_10_Heisenberg2D_cylinder_0.5_0.5_6,inner,1,SA,0.1,0,Double,No_Kink,193,458523
result_SELECT_10_Heisenberg2D_cylinder_0.5_0.5_6,inner,1,SA,0.1,0,Double,Yes_Kink,198,482738
result_SELECT_10_Heisenberg2D_cylinder_0.5_0.5_6,inner,1,SA,0.1,0,Proj,No_MSF,108,147808
result_SELECT_10_Heisenberg2D_cylinder_0.5_0.5_6,inner,1,SA,0.1,0,Proj,No_Top,108,141696
result_SELECT_10_Heisenberg2D_cylinder_0.5_0.5_6,inner,1,SA,0.1,0,Proj,No_Kink,163,748700
result_SELECT_10_Heisenberg2D_cylinder_0.5_0.5_6,inner,1,SA,0.1,0,Proj,Yes_Kink,169,761700
result_SELECT_10_Heisenberg2D_cylinder_0.5_0.5_6,inner,2,random,0.0,10,Single,No_MSF,211,344064
result_SELECT_10_Heisenberg2D_cylinder_0.5_0.5_6,inner,2,random,0.0,10,Single,No_Top,483,694816
result_SELECT_10_Heisenberg2D_cylinder_0.5_0.5_6,inner,2,random,0.0,10,Single,No_Kink,488,1261398
result_SELECT_10_Heisenberg2D_cylinder_0.5_0.5_6,inner,2,random,0.0,10,Single,Yes_Kink,487,1271355
result_SELECT_10_Heisenberg2D_cylinder_0.5_0.5_6,inner,2,random,0.0,10,Double,No_MSF,177,299456
result_SELECT_10_Heisenberg2D_cylinder_0.5_0.5_6,inner,2,random,0.0,10,Double,No_Top,473,681696
result_SELECT_10_Heisenberg2D_cylinder_0.5_0.5_6,inner,2,random,0.0,10,Double,No_Kink,472,1250840
result_SELECT_10_Heisenberg2D_cylinder_0.5_0.5_6,inner,2,random,0.0,10,Double,Yes_Kink,474,1256679
result_SELECT_10_Heisenberg2D_cylinder_0.5_0.5_6,inner,2,random,0.0,10,Proj,No_MSF,108,208928
result_SELECT_10_Heisenberg2D_cylinder_0.5_0.5_6,inner,2,random,0.0,10,Proj,No_Top,451,652832
result_SELECT_10_Heisenberg2D_cylinder_0.5_0.5_6,inner,2,random,0.0,10,Proj,No_Kink,1496,6342843
result_SELECT_10_Heisenberg2D_cylinder_0.5_0.5_6,inner,2,random,0.0,10,Proj,Yes_Kink,1431,5934471
result_trotter_10_Heisenberg2D_cylinder_0.5_0.5_det,outer,1,naive,0.0,2,Single,No_MSF,756,152100
result_trotter_10_Heisenberg2D_cylinder_0.5_0.5_det,outer,1,naive,0.0,2,Single,No_Top,1864,237400
result_trotter_10_Heisenberg2D_cylinder_0.5_0.5_det,outer,1,naive,0.0,2,Single,No_Kink,1949,504310
result_trotter_10_Heisenberg2D_cylinder_0.5_0.5_det,outer,1,naive,0.0,2,Double,No_MSF,749,151400
result_trotter_10_Heisenberg2D_cylinder_0.5_0.5_det,outer,1,naive,0.0,2,Double,No_Top,1861,237100
result_trotter_10_Heisenberg2D_cylinder_0.5_0.5_det,outer,1,naive,0.0,2,Double,No_Kink,1901,562164
result_trotter_10_Heisenberg2D_cylinder_0.5_0.5_det,outer,1,naive,0.0,2,Double,Yes_Kink,1934,586317
result_trotter_10_Heisenberg2D_cylinder_0.5_0.5_det,outer,1,naive,0.0,2,Proj,No_MSF,390,115500
result_trotter_10_Heisenberg2D_cylinder_0.5_0.5_det,outer,1,naive,0.0,2,Proj,No_Top,1740,225000
result_trotter_10_Heisenberg2D_cylinder_0.5_0.5_det,outer,1,naive,0.0,2,Proj,No_Kink,1928,772809
result_trotter_10_Heisenberg2D_cylinder_0.5_0.5_det,outer,1,naive,0.0,2,Proj,Yes_Kink,1942,749086
result_SELECT_10_Heisenberg2D_cylinder_0.5_0.5_2,inner,1,naive,0.0,0,Single,No_MSF,2072,394080
result_SELECT_10_Heisenberg2D_cylinder_0.5_0.5_2,inner,1,naive,0.0,0,Single,No_Top,2072,389536
result_SELECT_10_Heisenberg2D_cylinder_0.5_0.5_2,inner,1,naive,0.0,0,Single,No_Kink,2524,667328
result_SELECT_10_Heisenberg2D_cylinder_0.5_0.5_2,inner,1,naive,0.0,0,Double,No_MSF,1921,365692
result_SELECT_10_Heisenberg2D_cylinder_0.5_0.5_2,inner,1,naive,0.0,0,Double,No_Top,1921,361148
result_SELECT_10_Heisenberg2D_cylinder_0.5_0.5_2,inner,1,naive,0.0,0,Double,No_Kink,2115,592092
result_SELECT_10_Heisenberg2D_cylinder_0.5_0.5_2,inner,1,naive,0.0,0,Double,Yes_Kink,2131,596112
result_SELECT_10_Heisenberg2D_cylinder_0.5_0.5_2,inner,1,naive,0.0,0,Proj,No_MSF,1668,318128
result_SELECT_10_Heisenberg2D_cylinder_0.5_0.5_2,inner,1,naive,0.0,0,Proj,No_Top,1668,313584
result_SELECT_10_Heisenberg2D_cylinder_0.5_0.5_2,inner,1,naive,0.0,0,Proj,No_Kink,1747,1254299
result_SELECT_10_Heisenberg2D_cylinder_0.5_0.5_2,inner,1,naive,0.0,0,Proj,Yes_Kink,1756,1233068
result_SELECT_10_Heisenberg2D_cylinder_0.5_0.5_1,inner,2,naive,0.0,0,Single,No_MSF,4079,591856
result_SELECT_10_Heisenberg2D_cylinder_0.5_0.5_1,inner,2,naive,0.0,0,Single,No_Top,4079,587376
result_SELECT_10_Heisenberg2D_cylinder_0.5_0.5_1,inner,2,naive,0.0,0,Single,No_Kink,4079,665530
result_SELECT_10_Heisenberg2D_cylinder_0.5_0.5_1,inner,2,naive,0.0,0,Single,Yes_Kink,4079,688173
result_SELECT_10_Heisenberg2D_cylinder_0.5_0.5_1,inner,2,naive,0.0,0,Double,No_MSF,3792,550528
result_SELECT_10_Heisenberg2D_cylinder_0.5_0.5_1,inner,2,naive,0.0,0,Double,No_Top,3792,546048
result_SELECT_10_Heisenberg2D_cylinder_0.5_0.5_1,inner,2,naive,0.0,0,Double,No_Kink,3792,636334
result_SELECT_10_Heisenberg2D_cylinder_0.5_0.5_1,inner,2,naive,0.0,0,Double,Yes_Kink,3793,634538
result_SELECT_10_Heisenberg2D_cylinder_0.5_0.5_1,inner,2,naive,0.0,0,Proj,No_MSF,3333,484432
result_SELECT_10_Heisenberg2D_cylinder_0.5_0.5_1,inner,2,naive,0.0,0,Proj,No_Top,3333,479952
result_SELECT_10_Heisenberg2D_cylinder_0.5_0.5_1,inner,2,naive,0.0,0,Proj,No_Kink,3342,1649020
result_SELECT_10_Heisenberg2D_cylinder_0.5_0.5_1,inner,2,naive,0.0,0,Proj,Yes_Kink,3342,1624652
result_SELECT_10_Heisenberg2D_cylinder_0.5_0.5_6,outer,1,SA,0.01,4,Single,No_MSF,211,307392
result_SELECT_10_Heisenberg2D_cylinder_0.5_0.5_6,outer,1,SA,0.01,4,Single,No_Top,254,357696
result_SELECT_10_Heisenberg2D_cylinder_0.5_0.5_6,outer,1,SA,0.01,4,Single,No_Kink,344,797784
result_SELECT_10_Heisenberg2D_cylinder_0.5_0.5_6,outer,1,SA,0.01,4,Double,No_MSF,177,262784
result_SELECT_10_Heisenberg2D_cylinder_0.5_0.5_6,outer,1,SA,0.01,4,Double,No_Top,239,338016
result_SELECT_10_Heisenberg2D_cylinder_0.5_0.5_6,outer,1,SA,0.01,4,Double,No_Kink,270,781020
result_SELECT_10_Heisenberg2D_cylinder_0.5_0.5_6,outer,1,SA,0.01,4,Double,Yes_Kink,278,806015
result_SELECT_10_Heisenberg2D_cylinder_0.5_0.5_6,outer,1,SA,0.01,4,Proj,No_MSF,108,172256
result_SELECT_10_Heisenberg2D_cylinder_0.5_0.5_6,outer,1,SA,0.01,4,Proj,No_Top,205,293408
result_SELECT_10_Heisenberg2D_cylinder_0.5_0.5_6,outer,1,SA,0.01,4,Proj,No_Kink,226,1053616
result_SELECT_10_Heisenberg2D_cylinder_0.5_0.5_6,outer,1,SA,0.01,4,Proj,Yes_Kink,232,1065097
result_SELECT_10_Heisenberg2D_cylinder_0.5_0.5_6,outer,2,SA,0.01,6,Single,No_MSF,211,319616
result_SELECT_10_Heisenberg2D_cylinder_0.5_0.5_6,outer,2,SA,0.01,6,Single,No_Top,331,470944
result_SELECT_10_Heisenberg2D_cylinder_0.5_0.5_6,outer,2,SA,0.01,6,Single,No_Kink,329,740305
result_SELECT_10_Heisenberg2D_cylinder_0.5_0.5_6,outer,2,SA,0.01,6,Single,Yes_Kink,327,748694
result_SELECT_10_Heisenberg2D_cylinder_0.5_0.5_6,outer,2,SA,0.01,6,Double,No_MSF,177,275008
result_SELECT_10_Heisenberg2D_cylinder_0.5_0.5_6,outer,2,SA,0.01,6,Double,No_Top,314,448640
result_SELECT_10_Heisenberg2D_cylinder_0.5_0.5_6,outer,2,SA,0.01,6,Double,No_Kink,312,736945
result_SELECT_10_Heisenberg2D_cylinder_0.5_0.5_6,outer,2,SA,0.01,6,Double,Yes_Kink,320,736642
result_SELECT_10_Heisenberg2D_cylinder_0.5_0.5_6,outer,2,SA,0.01,6,Proj,No_MSF,108,184480
result_SELECT_10_Heisenberg2D_cylinder_0.5_0.5_6,outer,2,SA,0.01,6,Proj,No_Top,287,413216
result_SELECT_10_Heisenberg2D_cylinder_0.5_0.5_6,outer,2,SA,0.01,6,Proj,No_Kink,287,1244770
result_SELECT_10_Heisenberg2D_cylinder_0.5_0.5_6,outer,2,SA,0.01,6,Proj,Yes_Kink,287,1241703
result_SELECT_10_Z2LatticeGauge2D_PBC_0_0_6,inner,2,SA,1.0,2,Single,No_MSF,113,138212
result_SELECT_10_Z2LatticeGauge2D_PBC_0_0_6,inner,2,SA,1.0,2,Single,No_Top,119,142620
result_SELECT_10_Z2LatticeGauge2D_PBC_0_0_6,inner,2,SA,1.0,2,Single,No_Kink,127,228757
result_SELECT_10_Z2LatticeGauge2D_PBC_0_0_6,inner,2,SA,1.0,2,Single,Yes_Kink,126,234690
result_SELECT_10_Z2LatticeGauge2D_PBC_0_0_6,inner,2,SA,1.0,2,Double,No_MSF,91,112780
result_SELECT_10_Z2LatticeGauge2D_PBC_0_0_6,inner,2,SA,1.0,2,Double,No_Top,98,118344
result_SELECT_10_Z2LatticeGauge2D_PBC_0_0_6,inner,2,SA,1.0,2,Double,No_Kink,100,210165
result_SELECT_10_Z2LatticeGauge2D_PBC_0_0_6,inner,2,SA,1.0,2,Double,Yes_Kink,106,219641
result_SELECT_10_Z2LatticeGauge2D_PBC_0_0_6,inner,2,SA,1.0,2,Proj,No_MSF,43,57292
result_SELECT_10_Z2LatticeGauge2D_PBC_0_0_6,inner,2,SA,1.0,2,Proj,No_Top,57,70948
result_SELECT_10_Z2LatticeGauge2D_PBC_0_0_6,inner,2,SA,1.0,2,Proj,No_Kink,72,291927
result_SELECT_10_Z2LatticeGauge2D_PBC_0_0_6,inner,2,SA,1.0,2,Proj,Yes_Kink,73,292634
result_SELECT_10_Z2LatticeGauge2D_PBC_0_0_6,inner,1,SA,0.01,2,Single,No_MSF,113,138212
result_SELECT_10_Z2LatticeGauge2D_PBC_0_0_6,inner,1,SA,0.01,2,Single,No_Top,119,142620
result_SELECT_10_Z2LatticeGauge2D_PBC_0_0_6,inner,1,SA,0.01,2,Single,No_Kink,160,303428
result_SELECT_10_Z2LatticeGauge2D_PBC_0_0_6,inner,1,SA,0.01,2,Double,No_MSF,91,112780
result_SELECT_10_Z2LatticeGauge2D_PBC_0_0_6,inner,1,SA,0.01,2,Double,No_Top,98,118344
result_SELECT_10_Z2LatticeGauge2D_PBC_0_0_6,inner,1,SA,0.01,2,Double,No_Kink,125,278333
result_SELECT_10_Z2LatticeGauge2D_PBC_0_0_6,inner,1,SA,0.01,2,Double,Yes_Kink,129,291415
result_SELECT_10_Z2LatticeGauge2D_PBC_0_0_6,inner,1,SA,0.01,2,Proj,No_MSF,43,57292
result_SELECT_10_Z2LatticeGauge2D_PBC_0_0_6,inner,1,SA,0.01,2,Proj,No_Top,57,70948
result_SELECT_10_Z2LatticeGauge2D_PBC_0_0_6,inner,1,SA,0.01,2,Proj,No_Kink,102,375779
result_SELECT_10_Z2LatticeGauge2D_PBC_0_0_6,inner,1,SA,0.01,2,Proj,Yes_Kink,105,385491
result_SELECT_100_Heisenberg1D_OBC_1_0_6,inner,1,SA,0.001,2,Single,No_MSF,206,309976
result_SELECT_100_Heisenberg1D_OBC_1_0_6,inner,1,SA,0.001,2,Single,No_Top,211,310668
result_SELECT_100_Heisenberg1D_OBC_1_0_6,inner,1,SA,0.001,2,Single,No_Kink,232,598062
result_SELECT_100_Heisenberg1D_OBC_1_0_6,inner,1,SA,0.001,2,Double,No_MSF,185,280324
result_SELECT_100_Heisenberg1D_OBC_1_0_6,inner,1,SA,0.001,2,Double,No_Top,185,273956
result_SELECT_100_Heisenberg1D_OBC_1_0_6,inner,1,SA,0.001,2,Double,No_Kink,192,571818
result_SELECT_100_Heisenberg1D_OBC_1_0_6,inner,1,SA,0.001,2,Double,Yes_Kink,201,609940
result_SELECT_100_Heisenberg1D_OBC_1_0_6,inner,1,SA,0.001,2,Proj,No_MSF,117,184308
result_SELECT_100_Heisenberg1D_OBC_1_0_6,inner,1,SA,0.001,2,Proj,No_Top,123,186412
result_SELECT_100_Heisenberg1D_OBC_1_0_6,inner,1,SA,0.001,2,Proj,No_Kink,175,849709
result_SELECT_100_Heisenberg1D_OBC_1_0_6,inner,1,SA,0.001,2,Proj,Yes_Kink,181,856862
result_SELECT_10_FermiHubbard2D_cylinder_0_0_6,outer,2,SA,0.01,2,Single,No_MSF,489,708804
result_SELECT_10_FermiHubbard2D_cylinder_0_0_6,outer,2,SA,0.01,2,Single,No_Top,489,702692
result_SELECT_10_FermiHubbard2D_cylinder_0_0_6,outer,2,SA,0.01,2,Single,No_Kink,501,1008136
result_SELECT_10_FermiHubbard2D_cylinder_0_0_6,outer,2,SA,0.01,2,Single,Yes_Kink,506,1042196
result_SELECT_10_FermiHubbard2D_cylinder_0_0_6,outer,2,SA,0.01,2,Double,No_MSF,473,686212
result_SELECT_10_FermiHubbard2D_cylinder_0_0_6,outer,2,SA,0.01,2,Double,No_Top,473,680100
result_SELECT_10_FermiHubbard2D_cylinder_0_0_6,outer,2,SA,0.01,2,Double,No_Kink,480,999376
result_SELECT_10_FermiHubbard2D_cylinder_0_0_6,outer,2,SA,0.01,2,Double,Yes_Kink,496,1028392
result_SELECT_10_FermiHubbard2D_cylinder_0_0_6,outer,2,SA,0.01,2,Proj,No_MSF,407,593020
result_SELECT_10_FermiHubbard2D_cylinder_0_0_6,outer,2,SA,0.01,2,Proj,No_Top,407,586908
result_SELECT_10_FermiHubbard2D_cylinder_0_0_6,outer,2,SA,0.01,2,Proj,No_Kink,452,2310494
result_SELECT_10_FermiHubbard2D_cylinder_0_0_6,outer,2,SA,0.01,2,Proj,Yes_Kink,459,2318007
result_SELECT_10_Heisenberg2D_cylinder_0.5_0.5_4,outer,2,random,0.0,2,Single,No_MSF,571,261360
result_SELECT_10_Heisenberg2D_cylinder_0.5_0.5_4,outer,2,random,0.0,2,Single,No_Top,571,256464
result_SELECT_10_Heisenberg2D_cylinder_0.5_0.5_4,outer,2,random,0.0,2,Single,No_Kink,589,514657
result_SELECT_10_Heisenberg2D_cylinder_0.5_0.5_4,outer,2,random,0.0,2,Single,Yes_Kink,590,523314
result_SELECT_10_Heisenberg2D_cylinder_0.5_0.5_4,outer,2,random,0.0,2,Double,No_MSF,522,240192
result_SELECT_10_Heisenberg2D_cylinder_0.5_0.5_4,outer,2,random,0.0,2,Double,No_Top,522,235296
result_SELECT_10_Heisenberg2D_cylinder_0.5_0.5_4,outer,2,random,0.0,2,Double,No_Kink,529,493745
result_SELECT_10_Heisenberg2D_cylinder_0.5_0.5_4,outer,2,random,0.0,2,Double,Yes_Kink,544,498010
result_SELECT_10_Heisenberg2D_cylinder_0.5_0.5_4,outer,2,random,0.0,2,Proj,No_MSF,420,196128
result_SELECT_10_Heisenberg2D_cylinder_0.5_0.5_4,outer,2,random,0.0,2,Proj,No_Top,420,191232
result_SELECT_10_Heisenberg2D_cylinder_0.5_0.5_4,outer,2,random,0.0,2,Proj,No_Kink,454,803249
result_SELECT_10_Heisenberg2D_cylinder_0.5_0.5_4,outer,2,random,0.0,2,Proj,Yes_Kink,456,792353
result_trotter_10_Heisenberg2D_cylinder_0.5_0.5_rand,inner,1,SA,1.0,1,Single,No_MSF,744,125400
result_trotter_10_Heisenberg2D_cylinder_0.5_0.5_rand,inner,1,SA,1.0,1,Single,No_Top,1231,148600
result_trotter_10_Heisenberg2D_cylinder_0.5_0.5_rand,inner,1,SA,1.0,1,Single,No_Kink,1260,319330
result_trotter_10_Heisenberg2D_cylinder_0.5_0.5_rand,inner,1,SA,1.0,1,Double,No_MSF,721,123100
result_trotter_10_Heisenberg2D_cylinder_0.5_0.5_rand,inner,1,SA,1.0,1,Double,No_Top,1211,146600
result_trotter_10_Heisenberg2D_cylinder_0.5_0.5_rand,inner,1,SA,1.0,1,Double,No_Kink,1219,357678
result_trotter_10_Heisenberg2D_cylinder_0.5_0.5_rand,inner,1,SA,1.0,1,Double,Yes_Kink,1251,364684
result_trotter_10_Heisenberg2D_cylinder_0.5_0.5_rand,inner,1,SA,1.0,1,Proj,No_MSF,390,90000
result_trotter_10_Heisenberg2D_cylinder_0.5_0.5_rand,inner,1,SA,1.0,1,Proj,No_Top,1160,141500
result_trotter_10_Heisenberg2D_cylinder_0.5_0.5_rand,inner,1,SA,1.0,1,Proj,No_Kink,1375,532956
result_trotter_10_Heisenberg2D_cylinder_0.5_0.5_rand,inner,1,SA,1.0,1,Proj,Yes_Kink,1412,506657
result_SELECT_100_Schwinger_OBC_0_0_6,outer,2,SA,0.001,2,Single,No_MSF,730,1212896
result_SELECT_100_Schwinger_OBC_0_0_6,outer,2,SA,0.001,2,Single,No_Top,732,1193280
result_SELECT_100_Schwinger_OBC_0_0_6,outer,2,SA,0.001,2,Single,No_Kink,836,2316829
result_SELECT_100_Schwinger_OBC_0_0_6,outer,2,SA,0.001,2,Single,Yes_Kink,883,2445913
result_SELECT_100_Schwinger_OBC_0_0_6,outer,2,SA,0.001,2,Double,No_MSF,621,1041984
result_SELECT_100_Schwinger_OBC_0_0_6,outer,2,SA,0.001,2,Double,No_Top,623,1022368
result_SELECT_100_Schwinger_OBC_0_0_6,outer,2,SA,0.001,2,Double,No_Kink,727,2255714
result_SELECT_100_Schwinger_OBC_0_0_6,outer,2,SA,0.001,2,Double,Yes_Kink,757,2323999
result_SELECT_100_Schwinger_OBC_0_0_6,outer,2,SA,0.001,2,Proj,No_MSF,488,833440
result_SELECT_100_Schwinger_OBC_0_0_6,outer,2,SA,0.001,2,Proj,No_Top,488,810688
result_SELECT_100_Schwinger_OBC_0_0_6,outer,2,SA,0.001,2,Proj,No_Kink,798,4592339
result_SELECT_100_Schwinger_OBC_0_0_6,outer,2,SA,0.001,2,Proj,Yes_Kink,825,4665378
result_SELECT_10_Heisenberg2D_cylinder_0.5_0.5_2,inner,2,SA,1.0,2,Single,No_MSF,2072,403168
result_SELECT_10_Heisenberg2D_cylinder_0.5_0.5_2,inner,2,SA,1.0,2,Single,No_Top,2072,398624
result_SELECT_10_Heisenberg2D_cylinder_0.5_0.5_2,inner,2,SA,1.0,2,Single,No_Kink,2072,447527
result_SELECT_10_Heisenberg2D_cylinder_0.5_0.5_2,inner,2,SA,1.0,2,Single,Yes_Kink,2074,468147
result_SELECT_10_Heisenberg2D_cylinder_0.5_0.5_2,inner,2,SA,1.0,2,Double,No_MSF,1921,374780
result_SELECT_10_Heisenberg2D_cylinder_0.5_0.5_2,inner,2,SA,1.0,2,Double,No_Top,1921,370236
result_SELECT_10_Heisenberg2D_cylinder_0.5_0.5_2,inner,2,SA,1.0,2,Double,No_Kink,1921,437134
result_SELECT_10_Heisenberg2D_cylinder_0.5_0.5_2,inner,2,SA,1.0,2,Double,Yes_Kink,1922,435553
result_SELECT_10_Heisenberg2D_cylinder_0.5_0.5_2,inner,2,SA,1.0,2,Proj,No_MSF,1668,327216
result_SELECT_10_Heisenberg2D_cylinder_0.5_0.5_2,inner,2,SA,1.0,2,Proj,No_Top,1668,322672
result_SELECT_10_Heisenberg2D_cylinder_0.5_0.5_2,inner,2,SA,1.0,2,Proj,No_Kink,1676,1122263
result_SELECT_10_Heisenberg2D_cylinder_0.5_0.5_2,inner,2,SA,1.0,2,Proj,Yes_Kink,1676,1051775
result_SELECT_10_Heisenberg2D_cylinder_0.5_0.5_1,outer,1,random,0.0,0,Single,No_MSF,4079,591856
result_SELECT_10_Heisenberg2D_cylinder_0.5_0.5_1,outer,1,random,0.0,0,Single,No_Top,4079,587376
result_SELECT_10_Heisenberg2D_cylinder_0.5_0.5_1,outer,1,random,0.0,0,Single,No_Kink,4087,725858
result_SELECT_10_Heisenberg2D_cylinder_0.5_0.5_1,outer,1,random,0.0,0,Double,No_MSF,3792,550528
result_SELECT_10_Heisenberg2D_cylinder_0.5_0.5_1,outer,1,random,0.0,0,Double,No_Top,3792,546048
result_SELECT_10_Heisenberg2D_cylinder_0.5_0.5_1,outer,1,random,0.0,0,Double,No_Kink,3794,691124
result_SELECT_10_Heisenberg2D_cylinder_0.5_0.5_1,outer,1,random,0.0,0,Double,Yes_Kink,3795,690317
result_SELECT_10_Heisenberg2D_cylinder_0.5_0.5_1,outer,1,random,0.0,0,Proj,No_MSF,3333,484432
result_SELECT_10_Heisenberg2D_cylinder_0.5_0.5_1,outer,1,random,0.0,0,Proj,No_Top,3333,479952
result_SELECT_10_Heisenberg2D_cylinder_0.5_0.5_1,outer,1,random,0.0,0,Proj,No_Kink,3341,1691514
result_SELECT_10_Heisenberg2D_cylinder_0.5_0.5_1,outer,1,random,0.0,0,Proj,Yes_Kink,3341,1661605
result_trotter_10_Heisenberg2D_cylinder_0.5_0.5_det,outer,1,SA,0.1,2,Single,No_MSF,756,152100
result_trotter_10_Heisenberg2D_cylinder_0.5_0.5_det,outer,1,SA,0.1,2,Single,No_Top,1864,237400
result_trotter_10_Heisenberg2D_cylinder_0.5_0.5_det,outer,1,SA,0.1,2,Single,No_Kink,1898,489694
result_trotter_10_Heisenberg2D_cylinder_0.5_0.5_det,outer,1,SA,0.1,2,Double,No_MSF,749,151400
result_trotter_10_Heisenberg2D_cylinder_0.5_0.5_det,outer,1,SA,0.1,2,Double,No_Top,1861,237100
result_trotter_10_Heisenberg2D_cylinder_0.5_0.5_det,outer,1,SA,0.1,2,Double,No_Kink,1867,561562
result_trotter_10_Heisenberg2D_cylinder_0.5_0.5_det,outer,1,SA,0.1,2,Double,Yes_Kink,1894,579404
result_trotter_10_Heisenberg2D_cylinder_0.5_0.5_det,outer,1,SA,0.1,2,Proj,No_MSF,390,115500
result_trotter_10_Heisenberg2D_cylinder_0.5_0.5_det,outer,1,SA,0.1,2,Proj,No_Top,1740,225000
result_trotter_10_Heisenberg2D_cylinder_0.5_0.5_det,outer,1,SA,0.1,2,Proj,No_Kink,1936,773438
result_trotter_10_Heisenberg2D_cylinder_0.5_0.5_det,outer,1,SA,0.1,2,Proj,Yes_Kink,1940,744851
result_SELECT_10_Heisenberg2D_cylinder_0.5_0.5_4,inner,1,SA,0.01,0,Single,No_MSF,571,251568
result_SELECT_10_Heisenberg2D_cylinder_0.5_0.5_4,inner,1,SA,0.01,0,Single,No_Top,571,246672
result_SELECT_10_Heisenberg2D_cylinder_0.5_0.5_4,inner,1,SA,0.01,0,Single,No_Kink,577,325704
result_SELECT_10_Heisenberg2D_cylinder_0.5_0.5_4,inner,1,SA,0.01,0,Double,No_MSF,522,230400
result_SELECT_10_Heisenberg2D_cylinder_0.5_0.5_4,inner,1,SA,0.01,0,Double,No_Top,522,225504
result_SELECT_10_Heisenberg2D_cylinder_0.5_0.5_4,inner,1,SA,0.01,0,Double,No_Kink,523,316718
result_SELECT_10_Heisenberg2D_cylinder_0.5_0.5_4,inner,1,SA,0.01,0,Double,Yes_Kink,526,321328
result_SELECT_10_Heisenberg2D_cylinder_0.5_0.5_4,inner,1,SA,0.01,0,Proj,No_MSF,420,186336
result_SELECT_10_Heisenberg2D_cylinder_0.5_0.5_4,inner,1,SA,0.01,0,Proj,No_Top,420,181440
result_SELECT_10_Heisenberg2D_cylinder_0.5_0.5_4,inner,1,SA,0.01,0,Proj,No_Kink,444,688481
result_SELECT_10_Heisenberg2D_cylinder_0.5_0.5_4,inner,1,SA,0.01,0,Proj,Yes_Kink,445,676218
result_SELECT_10_Z2LatticeGauge2D_PBC_0_0_6,outer,1,SA,0.01,2,Single,No_MSF,113,138212
result_SELECT_10_Z2LatticeGauge2D_PBC_0_0_6,outer,1,SA,0.01,2,Single,No_Top,119,142620
result_SELECT_10_Z2LatticeGauge2D_PBC_0_0_6,outer,1,SA,0.01,2,Single,No_Kink,165,319832
result_SELECT_10_Z2LatticeGauge2D_PBC_0_0_6,outer,1,SA,0.01,2,Double,No_MSF,91,112780
result_SELECT_10_Z2LatticeGauge2D_PBC_0_0_6,outer,1,SA,0.01,2,Double,No_Top,98,118344
result_SELECT_10_Z2LatticeGauge2D_PBC_0_0_6,outer,1,SA,0.01,2,Double,No_Kink,127,291666
result_SELECT_10_Z2LatticeGauge2D_PBC_0_0_6,outer,1,SA,0.01,2,Double,Yes_Kink,128,296757
result_SELECT_10_Z2LatticeGauge2D_PBC_0_0_6,outer,1,SA,0.01,2,Proj,No_MSF,43,57292
result_SELECT_10_Z2LatticeGauge2D_PBC_0_0_6,outer,1,SA,0.01,2,Proj,No_Top,57,70948
result_SELECT_10_Z2LatticeGauge2D_PBC_0_0_6,outer,1,SA,0.01,2,Proj,No_Kink,92,354421
result_SELECT_10_Z2LatticeGauge2D_PBC_0_0_6,outer,1,SA,0.01,2,Proj,Yes_Kink,96,361656
result_SELECT_10_Heisenberg2D_cylinder_0.5_0.5_6,outer,1,SA,0.01,2,Single,No_MSF,211,295168
result_SELECT_10_Heisenberg2D_cylinder_0.5_0.5_6,outer,1,SA,0.01,2,Single,No_Top,211,289056
result_SELECT_10_Heisenberg2D_cylinder_0.5_0.5_6,outer,1,SA,0.01,2,Single,No_Kink,323,723558
result_SELECT_10_Heisenberg2D_cylinder_0.5_0.5_6,outer,1,SA,0.01,2,Double,No_MSF,177,250560
result_SELECT_10_Heisenberg2D_cylinder_0.5_0.5_6,outer,1,SA,0.01,2,Double,No_Top,177,244448
result_SELECT_10_Heisenberg2D_cylinder_0.5_0.5_6,outer,1,SA,0.01,2,Double,No_Kink,247,668574
result_SELECT_10_Heisenberg2D_cylinder_0.5_0.5_6,outer,1,SA,0.01,2,Double,Yes_Kink,259,703506
result_SELECT_10_Heisenberg2D_cylinder_0.5_0.5_6,outer,1,SA,0.01,2,Proj,No_MSF,108,160032
result_SELECT_10_Heisenberg2D_cylinder_0.5_0.5_6,outer,1,SA,0.01,2,Proj,No_Top,123,173600
result_SELECT_10_Heisenberg2D_cylinder_0.5_0.5_6,outer,1,SA,0.01,2,Proj,No_Kink,207,967664
result_SELECT_10_Heisenberg2D_cylinder_0.5_0.5_6,outer,1,SA,0.01,2,Proj,Yes_Kink,214,980079
result_SELECT_10_Heisenberg2D_cylinder_0.5_0.5_6,inner,1,SA,1.0,6,Single,No_MSF,211,319616
result_SELECT_10_Heisenberg2D_cylinder_0.5_0.5_6,inner,1,SA,1.0,6,Single,No_Top,331,470944
result_SELECT_10_Heisenberg2D_cylinder_0.5_0.5_6,inner,1,SA,1.0,6,Single,No_Kink,338,815118
result_SELECT_10_Heisenberg2D_cylinder_0.5_0.5_6,inner,1,SA,1.0,6,Double,No_MSF,177,275008
result_SELECT_10_Heisenberg2D_cylinder_0.5_0.5_6,inner,1,SA,1.0,6,Double,No_Top,314,448640
result_SELECT_10_Heisenberg2D_cylinder_0.5_0.5_6,inner,1,SA,1.0,6,Double,No_Kink,317,815573
result_SELECT_10_Heisenberg2D_cylinder_0.5_0.5_6,inner,1,SA,1.0,6,Double,Yes_Kink,320,829288
result_SELECT_10_Heisenberg2D_cylinder_0.5_0.5_6,inner,1,SA,1.0,6,Proj,No_MSF,108,184480
result_SELECT_10_Heisenberg2D_cylinder_0.5_0.5_6,inner,1,SA,1.0,6,Proj,No_Top,287,413216
result_SELECT_10_Heisenberg2D_cylinder_0.5_0.5_6,inner,1,SA,1.0,6,Proj,No_Kink,498,1846413
result_SELECT_10_Heisenberg2D_cylinder_0.5_0.5_6,inner,1,SA,1.0,6,Proj,Yes_Kink,511,1826726
result_SELECT_10_Heisenberg2D_cylinder_0.5_0.5_0,outer,2,SA,1.0,2,Single,No_MSF,8099,1001446
result_SELECT_10_Heisenberg2D_cylinder_0.5_0.5_0,outer,2,SA,1.0,2,Single,No_Top,8101,997234
result_SELECT_10_Heisenberg2D_cylinder_0.5_0.5_0,outer,2,SA,1.0,2,Single,No_Kink,8101,1050592
result_SELECT_10_Heisenberg2D_cylinder_0.5_0.5_0,outer,2,SA,1.0,2,Single,Yes_Kink,8101,1062033
result_SELECT_10_Heisenberg2D_cylinder_0.5_0.5_0,outer,2,SA,1.0,2,Double,No_MSF,7536,932760
result_SELECT_10_Heisenberg2D_cylinder_0.5_0.5_0,outer,2,SA,1.0,2,Double,No_Top,7537,928426
result_SELECT_10_Heisenberg2D_cylinder_0.5_0.5_0,outer,2,SA,1.0,2,Double,No_Kink,7537,995320
result_SELECT_10_Heisenberg2D_cylinder_0.5_0.5_0,outer,2,SA,1.0,2,Double,Yes_Kink,7537,993546
result_SELECT_10_Heisenberg2D_cylinder_0.5_0.5_0,outer,2,SA,1.0,2,Proj,No_MSF,6660,825888
result_SELECT_10_Heisenberg2D_cylinder_0.5_0.5_0,outer,2,SA,1.0,2,Proj,No_Top,6660,821432
result_SELECT_10_Heisenberg2D_cylinder_0.5_0.5_0,outer,2,SA,1.0,2,Proj,No_Kink,6660,2557703
result_SELECT_10_Heisenberg2D_cylinder_0.5_0.5_0,outer,2,SA,1.0,2,Proj,Yes_Kink,6661,2460979
result_trotter_10_Heisenberg2D_cylinder_0.5_0.5_rand,inner,1,random,0.0,2,Single,No_MSF,744,150900
result_trotter_10_Heisenberg2D_cylinder_0.5_0.5_rand,inner,1,random,0.0,2,Single,No_Top,1782,229200
result_trotter_10_Heisenberg2D_cylinder_0.5_0.5_rand,inner,1,random,0.0,2,Single,No_Kink,1905,459804
result_trotter_10_Heisenberg2D_cylinder_0.5_0.5_rand,inner,1,random,0.0,2,Double,No_MSF,721,148600
result_trotter_10_Heisenberg2D_cylinder_0.5_0.5_rand,inner,1,random,0.0,2,Double,No_Top,1777,228700
result_trotter_10_Heisenberg2D_cylinder_0.5_0.5_rand,inner,1,random,0.0,2,Double,No_Kink,1812,486664
result_trotter_10_Heisenberg2D_cylinder_0.5_0.5_rand,inner,1,random,0.0,2,Double,Yes_Kink,1852,501268
result_trotter_10_Heisenberg2D_cylinder_0.5_0.5_rand,inner,1,random,0.0,2,Proj,No_MSF,390,115500
result_trotter_10_Heisenberg2D_cylinder_0.5_0.5_rand,inner,1,random,0.0,2,Proj,No_Top,1740,225000
result_trotter_10_Heisenberg2D_cylinder_0.5_0.5_rand,inner,1,random,0.0,2,Proj,No_Kink,1960,754058
result_trotter_10_Heisenberg2D_cylinder_0.5_0.5_rand,inner,1,random,0.0,2,Proj,Yes_Kink,2029,731941
result_SELECT_10_FermiHubbard2D_cylinder_0_0_6,inner,1,SA,0.1,2,Single,No_MSF,489,708804
result_SELECT_10_FermiHubbard2D_cylinder_0_0_6,inner,1,SA,0.1,2,Single,No_Top,489,702692
result_SELECT_10_FermiHubbard2D_cylinder_0_0_6,inner,1,SA,0.1,2,Single,No_Kink,557,1140930
result_SELECT_10_FermiHubbard2D_cylinder_0_0_6,inner,1,SA,0.1,2,Double,No_MSF,473,686212
result_SELECT_10_FermiHubbard2D_cylinder_0_0_6,inner,1,SA,0.1,2,Double,No_Top,473,680100
result_SELECT_10_FermiHubbard2D_cylinder_0_0_6,inner,1,SA,0.1,2,Double,No_Kink,504,1075453
result_SELECT_10_FermiHubbard2D_cylinder_0_0_6,inner,1,SA,0.1,2,Double,Yes_Kink,533,1130635
result_SELECT_10_FermiHubbard2D_cylinder_0_0_6,inner,1,SA,0.1,2,Proj,No_MSF,407,593020
result_SELECT_10_FermiHubbard2D_cylinder_0_0_6,inner,1,SA,0.1,2,Proj,No_Top,407,586908
result_SELECT_10_FermiHubbard2D_cylinder_0_0_6,inner,1,SA,0.1,2,Proj,No_Kink,491,2399472
result_SELECT_10_FermiHubbard2D_cylinder_0_0_6,inner,1,SA,0.1,2,Proj,Yes_Kink,508,2438967
result_trotter_10_Heisenberg2D_cylinder_0.5_0.5_det,outer,1,SA,0.001,2,Single,No_MSF,756,152100
result_trotter_10_Heisenberg2D_cylinder_0.5_0.5_det,outer,1,SA,0.001,2,Single,No_Top,1864,237400
result_trotter_10_Heisenberg2D_cylinder_0.5_0.5_det,outer,1,SA,0.001,2,Single,No_Kink,1901,494024
result_trotter_10_Heisenberg2D_cylinder_0.5_0.5_det,outer,1,SA,0.001,2,Double,No_MSF,749,151400
result_trotter_10_Heisenberg2D_cylinder_0.5_0.5_det,outer,1,SA,0.001,2,Double,No_Top,1861,237100
result_trotter_10_Heisenberg2D_cylinder_0.5_0.5_det,outer,1,SA,0.001,2,Double,No_Kink,1866,561092
result_trotter_10_Heisenberg2D_cylinder_0.5_0.5_det,outer,1,SA,0.001,2,Double,Yes_Kink,1892,580019
result_trotter_10_Heisenberg2D_cylinder_0.5_0.5_det,outer,1,SA,0.001,2,Proj,No_MSF,390,115500
result_trotter_10_Heisenberg2D_cylinder_0.5_0.5_det,outer,1,SA,0.001,2,Proj,No_Top,1740,225000
result_trotter_10_Heisenberg2D_cylinder_0.5_0.5_det,outer,1,SA,0.001,2,Proj,No_Kink,1933,769423
result_trotter_10_Heisenberg2D_cylinder_0.5_0.5_det,outer,1,SA,0.001,2,Proj,Yes_Kink,1935,740472
result_SELECT_10_Heisenberg2D_cylinder_0.5_0.5_6,inner,2,SA,0.1,4,Single,No_MSF,211,307392
result_SELECT_10_Heisenberg2D_cylinder_0.5_0.5_6,inner,2,SA,0.1,4,Single,No_Top,254,357696
result_SELECT_10_Heisenberg2D_cylinder_0.5_0.5_6,inner,2,SA,0.1,4,Single,No_Kink,253,587631
result_SELECT_10_Heisenberg2D_cylinder_0.5_0.5_6,inner,2,SA,0.1,4,Single,Yes_Kink,251,598888
result_SELECT_10_Heisenberg2D_cylinder_0.5_0.5_6,inner,2,SA,0.1,4,Double,No_MSF,177,262784
result_SELECT_10_Heisenberg2D_cylinder_0.5_0.5_6,inner,2,SA,0.1,4,Double,No_Top,239,338016
result_SELECT_10_Heisenberg2D_cylinder_0.5_0.5_6,inner,2,SA,0.1,4,Double,No_Kink,238,581598
result_SELECT_10_Heisenberg2D_cylinder_0.5_0.5_6,inner,2,SA,0.1,4,Double,Yes_Kink,244,588867
result_SELECT_10_Heisenberg2D_cylinder_0.5_0.5_6,inner,2,SA,0.1,4,Proj,No_MSF,108,172256
result_SELECT_10_Heisenberg2D_cylinder_0.5_0.5_6,inner,2,SA,0.1,4,Proj,No_Top,205,293408
result_SELECT_10_Heisenberg2D_cylinder_0.5_0.5_6,inner,2,SA,0.1,4,Proj,No_Kink,221,964236
result_SELECT_10_Heisenberg2D_cylinder_0.5_0.5_6,inner,2,SA,0.1,4,Proj,Yes_Kink,222,946474
result_SELECT_10_Z2LatticeGauge2D_PBC_0_0_6,outer,2,SA,1.0,2,Single,No_MSF,113,138212
result_SELECT_10_Z2LatticeGauge2D_PBC_0_0_6,outer,2,SA,1.0,2,Single,No_Top,119,142620
result_SELECT_10_Z2LatticeGauge2D_PBC_0_0_6,outer,2,SA,1.0,2,Single,No_Kink,138,253240
result_SELECT_10_Z2LatticeGauge2D_PBC_0_0_6,outer,2,SA,1.0,2,Single,Yes_Kink,141,261367
result_SELECT_10_Z2LatticeGauge2D_PBC_0_0_6,outer,2,SA,1.0,2,Double,No_MSF,91,112780
result_SELECT_10_Z2LatticeGauge2D_PBC_0_0_6,outer,2,SA,1.0,2,Double,No_Top,98,118344
result_SELECT_10_Z2LatticeGauge2D_PBC_0_0_6,outer,2,SA,1.0,2,Double,No_Kink,118,239785
result_SELECT_10_Z2LatticeGauge2D_PBC_0_0_6,outer,2,SA,1.0,2,Double,Yes_Kink,124,251576
result_SELECT_10_Z2LatticeGauge2D_PBC_0_0_6,outer,2,SA,1.0,2,Proj,No_MSF,43,57292
result_SELECT_10_Z2LatticeGauge2D_PBC_0_0_6,outer,2,SA,1.0,2,Proj,No_Top,57,70948
result_SELECT_10_Z2LatticeGauge2D_PBC_0_0_6,outer,2,SA,1.0,2,Proj,No_Kink,80,337055
result_SELECT_10_Z2LatticeGauge2D_PBC_0_0_6,outer,2,SA,1.0,2,Proj,Yes_Kink,84,341663
result_trotter_10_Heisenberg2D_cylinder_0.5_0.5_det,outer,2,random,0.0,0,Single,No_MSF,756,101100
result_trotter_10_Heisenberg2D_cylinder_0.5_0.5_det,outer,2,random,0.0,0,Single,No_Top,784,78400
result_trotter_10_Heisenberg2D_cylinder_0.5_0.5_det,outer,2,random,0.0,0,Single,No_Kink,1026,337999
result_trotter_10_Heisenberg2D_cylinder_0.5_0.5_det,outer,2,random,0.0,0,Single,Yes_Kink,1049,346053
result_trotter_10_Heisenberg2D_cylinder_0.5_0.5_det,outer,2,random,0.0,0,Double,No_MSF,749,100400
result_trotter_10_Heisenberg2D_cylinder_0.5_0.5_det,outer,2,random,0.0,0,Double,No_Top,762,76200
result_trotter_10_Heisenberg2D_cylinder_0.5_0.5_det,outer,2,random,0.0,0,Double,No_Kink,1016,392778
result_trotter_10_Heisenberg2D_cylinder_0.5_0.5_det,outer,2,random,0.0,0,Double,Yes_Kink,1119,424391
result_trotter_10_Heisenberg2D_cylinder_0.5_0.5_det,outer,2,random,0.0,0,Proj,No_MSF,390,64500
result_trotter_10_Heisenberg2D_cylinder_0.5_0.5_det,outer,2,random,0.0,0,Proj,No_Top,580,58000
result_trotter_10_Heisenberg2D_cylinder_0.5_0.5_det,outer,2,random,0.0,0,Proj,No_Kink,1021,543819
result_trotter_10_Heisenberg2D_cylinder_0.5_0.5_det,outer,2,random,0.0,0,Proj,Yes_Kink,1057,547189
result_SELECT_10_Heisenberg2D_cylinder_0.5_0.5_6,inner,2,SA,0.1,2,Single,No_MSF,211,295168
result_SELECT_10_Heisenberg2D_cylinder_0.5_0.5_6,inner,2,SA,0.1,2,Single,No_Top,211,289056
result_SELECT_10_Heisenberg2D_cylinder_0.5_0.5_6,inner,2,SA,0.1,2,Single,No_Kink,218,479167
result_SELECT_10_Heisenberg2D_cylinder_0.5_0.5_6,inner,2,SA,0.1,2,Single,Yes_Kink,219,496825
result_SELECT_10_Heisenberg2D_cylinder_0.5_0.5_6,inner,2,SA,0.1,2,Double,No_MSF,177,250560
result_SELECT_10_Heisenberg2D_cylinder_0.5_0.5_6,inner,2,SA,0.1,2,Double,No_Top,177,244448
result_SELECT_10_Heisenberg2D_cylinder_0.5_0.5_6,inner,2,SA,0.1,2,Double,No_Kink,186,461562
result_SELECT_10_Heisenberg2D_cylinder_0.5_0.5_6,inner,2,SA,0.1,2,Double,Yes_Kink,195,480644
result_SELECT_10_Heisenberg2D_cylinder_0.5_0.5_6,inner,2,SA,0.1,2,Proj,No_MSF,108,160032
result_SELECT_10_Heisenberg2D_cylinder_0.5_0.5_6,inner,2,SA,0.1,2,Proj,No_Top,123,173600
result_SELECT_10_Heisenberg2D_cylinder_0.5_0.5_6,inner,2,SA,0.1,2,Proj,No_Kink,162,768753
result_SELECT_10_Heisenberg2D_cylinder_0.5_0.5_6,inner,2,SA,0.1,2,Proj,Yes_Kink,168,778975
result_SELECT_10_Heisenberg2D_cylinder_0.5_0.5_6,outer,1,SA,0.1,0,Single,No_MSF,211,282944
result_SELECT_10_Heisenberg2D_cylinder_0.5_0.5_6,outer,1,SA,0.1,0,Single,No_Top,211,276832
result_SELECT_10_Heisenberg2D_cylinder_0.5_0.5_6,outer,1,SA,0.1,0,Single,No_Kink,276,622280
result_SELECT_10_Heisenberg2D_cylinder_0.5_0.5_6,outer,1,SA,0.1,0,Double,No_MSF,177,238336
result_SELECT_10_Heisenberg2D_cylinder_0.5_0.5_6,outer,1,SA,0.1,0,Double,No_Top,177,232224
result_SELECT_10_Heisenberg2D_cylinder_0.5_0.5_6,outer,1,SA,0.1,0,Double,No_Kink,224,577472
result_SELECT_10_Heisenberg2D_cylinder_0.5_0.5_6,outer,1,SA,0.1,0,Double,Yes_Kink,229,586946
result_SELECT_10_Heisenberg2D_cylinder_0.5_0.5_6,outer,1,SA,0.1,0,Proj,No_MSF,108,147808
result_SELECT_10_Heisenberg2D_cylinder_0.5_0.5_6,outer,1,SA,0.1,0,Proj,No_Top,108,141696
result_SELECT_10_Heisenberg2D_cylinder_0.5_0.5_6,outer,1,SA,0.1,0,Proj,No_Kink,199,932461
result_SELECT_10_Heisenberg2D_cylinder_0.5_0.5_6,outer,1,SA,0.1,0,Proj,Yes_Kink,205,945985
result_trotter_10_Heisenberg2D_cylinder_0.5_0.5_det,inner,2,SA,1.0,2,Single,No_MSF,756,152100
result_trotter_10_Heisenberg2D_cylinder_0.5_0.5_det,inner,2,SA,1.0,2,Single,No_Top,1864,237400
result_trotter_10_Heisenberg2D_cylinder_0.5_0.5_det,inner,2,SA,1.0,2,Single,No_Kink,1869,399154
result_trotter_10_Heisenberg2D_cylinder_0.5_0.5_det,inner,2,SA,1.0,2,Single,Yes_Kink,1875,418746
result_trotter_10_Heisenberg2D_cylinder_0.5_0.5_det,inner,2,SA,1.0,2,Double,No_MSF,749,151400
result_trotter_10_Heisenberg2D_cylinder_0.5_0.5_det,inner,2,SA,1.0,2,Double,No_Top,1861,237100
result_trotter_10_Heisenberg2D_cylinder_0.5_0.5_det,inner,2,SA,1.0,2,Double,No_Kink,1862,372784
result_trotter_10_Heisenberg2D_cylinder_0.5_0.5_det,inner,2,SA,1.0,2,Double,Yes_Kink,1862,377369
result_trotter_10_Heisenberg2D_cylinder_0.5_0.5_det,inner,2,SA,1.0,2,Proj,No_MSF,390,115500
result_trotter_10_Heisenberg2D_cylinder_0.5_0.5_det,inner,2,SA,1.0,2,Proj,No_Top,1740,225000
result_trotter_10_Heisenberg2D_cylinder_0.5_0.5_det,inner,2,SA,1.0,2,Proj,No_Kink,2006,912953
result_trotter_10_Heisenberg2D_cylinder_0.5_0.5_det,inner,2,SA,1.0,2,Proj,Yes_Kink,2003,875149
result_SELECT_10_Heisenberg2D_cylinder_0.5_0.5_6,outer,2,naive,0.0,0,Single,No_MSF,211,282944
result_SELECT_10_Heisenberg2D_cylinder_0.5_0.5_6,outer,2,naive,0.0,0,Single,No_Top,211,276832
result_SELECT_10_Heisenberg2D_cylinder_0.5_0.5_6,outer,2,naive,0.0,0,Single,No_Kink,619,1292609
result_SELECT_10_Heisenberg2D_cylinder_0.5_0.5_6,outer,2,naive,0.0,0,Single,Yes_Kink,564,1242291
result_SELECT_10_Heisenberg2D_cylinder_0.5_0.5_6,outer,2,naive,0.0,0,Double,No_MSF,177,238336
result_SELECT_10_Heisenberg2D_cylinder_0.5_0.5_6,outer,2,naive,0.0,0,Double,No_Top,177,232224
result_SELECT_10_Heisenberg2D_cylinder_0.5_0.5_6,outer,2,naive,0.0,0,Double,No_Kink,531,1202408
result_SELECT_10_Heisenberg2D_cylinder_0.5_0.5_6,outer,2,naive,0.0,0,Double,Yes_Kink,543,1227550
result_SELECT_10_Heisenberg2D_cylinder_0.5_0.5_6,outer,2,naive,0.0,0,Proj,No_MSF,108,147808
result_SELECT_10_Heisenberg2D_cylinder_0.5_0.5_6,outer,2,naive,0.0,0,Proj,No_Top,108,141696
result_SELECT_10_Heisenberg2D_cylinder_0.5_0.5_6,outer,2,naive,0.0,0,Proj,No_Kink,518,2468618
result_SELECT_10_Heisenberg2D_cylinder_0.5_0.5_6,outer,2,naive,0.0,0,Proj,Yes_Kink,526,2478110
result_SELECT_10_Heisenberg2D_cylinder_0.5_0.5_2,inner,2,SA,0.1,2,Single,No_MSF,2072,403168
result_SELECT_10_Heisenberg2D_cylinder_0.5_0.5_2,inner,2,SA,0.1,2,Single,No_Top,2072,398624
result_SELECT_10_Heisenberg2D_cylinder_0.5_0.5_2,inner,2,SA,0.1,2,Single,No_Kink,2073,458654
result_SELECT_10_Heisenberg2D_cylinder_0.5_0.5_2,inner,2,SA,0.1,2,Single,Yes_Kink,2072,471628
result_SELECT_10_Heisenberg2D_cylinder_0.5_0.5_2,inner,2,SA,0.1,2,Double,No_MSF,1921,374780
result_SELECT_10_Heisenberg2D_cylinder_0.5_0.5_2,inner,2,SA,0.1,2,Double,No_Top,1921,370236
result_SELECT_10_Heisenberg2D_cylinder_0.5_0.5_2,inner,2,SA,0.1,2,Double,No_Kink,1922,444753
result_SELECT_10_Heisenberg2D_cylinder_0.5_0.5_2,inner,2,SA,0.1,2,Double,Yes_Kink,1928,444380
result_SELECT_10_Heisenberg2D_cylinder_0.5_0.5_2,inner,2,SA,0.1,2,Proj,No_MSF,1668,327216
result_SELECT_10_Heisenberg2D_cylinder_0.5_0.5_2,inner,2,SA,0.1,2,Proj,No_Top,1668,322672
result_SELECT_10_Heisenberg2D_cylinder_0.5_0.5_2,inner,2,SA,0.1,2,Proj,No_Kink,1677,1181903
result_SELECT_10_Heisenberg2D_cylinder_0.5_0.5_2,inner,2,SA,0.1,2,Proj,Yes_Kink,1680,1109576
result_SELECT_10_Heisenberg2D_cylinder_0.5_0.5_6,outer,2,SA,0.1,8,Single,No_MSF,211,331840
result_SELECT_10_Heisenberg2D_cylinder_0.5_0.5_6,outer,2,SA,0.1,8,Single,No_Top,408,584192
result_SELECT_10_Heisenberg2D_cylinder_0.5_0.5_6,outer,2,SA,0.1,8,Single,No_Kink,405,844561
result_SELECT_10_Heisenberg2D_cylinder_0.5_0.5_6,outer,2,SA,0.1,8,Single,Yes_Kink,404,868755
result_SELECT_10_Heisenberg2D_cylinder_0.5_0.5_6,outer,2,SA,0.1,8,Double,No_MSF,177,287232
result_SELECT_10_Heisenberg2D_cylinder_0.5_0.5_6,outer,2,SA,0.1,8,Double,No_Top,392,563200
result_SELECT_10_Heisenberg2D_cylinder_0.5_0.5_6,outer,2,SA,0.1,8,Double,No_Kink,391,849950
result_SELECT_10_Heisenberg2D_cylinder_0.5_0.5_6,outer,2,SA,0.1,8,Double,Yes_Kink,395,851693
result_SELECT_10_Heisenberg2D_cylinder_0.5_0.5_6,outer,2,SA,0.1,8,Proj,No_MSF,108,196704
result_SELECT_10_Heisenberg2D_cylinder_0.5_0.5_6,outer,2,SA,0.1,8,Proj,No_Top,369,533024
result_SELECT_10_Heisenberg2D_cylinder_0.5_0.5_6,outer,2,SA,0.1,8,Proj,No_Kink,369,1537319
result_SELECT_10_Heisenberg2D_cylinder_0.5_0.5_6,outer,2,SA,0.1,8,Proj,Yes_Kink,370,1511377
result_SELECT_10_Heisenberg2D_cylinder_0.5_0.5_6,outer,1,naive,0.0,4,Single,No_MSF,211,307392
result_SELECT_10_Heisenberg2D_cylinder_0.5_0.5_6,outer,1,naive,0.0,4,Single,No_Top,254,357696
result_SELECT_10_Heisenberg2D_cylinder_0.5_0.5_6,outer,1,naive,0.0,4,Single,No_Kink,953,2021432
result_SELECT_10_Heisenberg2D_cylinder_0.5_0.5_6,outer,1,naive,0.0,4,Double,No_MSF,177,262784
result_SELECT_10_Heisenberg2D_cylinder_0.5_0.5_6,outer,1,naive,0.0,4,Double,No_Top,239,338016
result_SELECT_10_Heisenberg2D_cylinder_0.5_0.5_6,outer,1,naive,0.0,4,Double,No_Kink,699,1722554
result_SELECT_10_Heisenberg2D_cylinder_0.5_0.5_6,outer,1,naive,0.0,4,Double,Yes_Kink,686,1705497
result_SELECT_10_Heisenberg2D_cylinder_0.5_0.5_6,outer,1,naive,0.0,4,Proj,No_MSF,108,172256
result_SELECT_10_Heisenberg2D_cylinder_0.5_0.5_6,outer,1,naive,0.0,4,Proj,No_Top,205,293408
result_SELECT_10_Heisenberg2D_cylinder_0.5_0.5_6,outer,1,naive,0.0,4,Proj,No_Kink,682,3164090
result_SELECT_10_Heisenberg2D_cylinder_0.5_0.5_6,outer,1,naive,0.0,4,Proj,Yes_Kink,699,3198501
result_SELECT_10_Heisenberg2D_cylinder_0.5_0.5_0,inner,1,SA,1.0,0,Single,No_MSF,8099,992534
result_SELECT_10_Heisenberg2D_cylinder_0.5_0.5_0,inner,1,SA,1.0,0,Single,No_Top,8099,988078
result_SELECT_10_Heisenberg2D_cylinder_0.5_0.5_0,inner,1,SA,1.0,0,Single,No_Kink,8099,1036818
result_SELECT_10_Heisenberg2D_cylinder_0.5_0.5_0,inner,1,SA,1.0,0,Double,No_MSF,7536,923848
result_SELECT_10_Heisenberg2D_cylinder_0.5_0.5_0,inner,1,SA,1.0,0,Double,No_Top,7536,919392
result_SELECT_10_Heisenberg2D_cylinder_0.5_0.5_0,inner,1,SA,1.0,0,Double,No_Kink,7536,982899
result_SELECT_10_Heisenberg2D_cylinder_0.5_0.5_0,inner,1,SA,1.0,0,Double,Yes_Kink,7536,981536
result_SELECT_10_Heisenberg2D_cylinder_0.5_0.5_0,inner,1,SA,1.0,0,Proj,No_MSF,6660,816976
result_SELECT_10_Heisenberg2D_cylinder_0.5_0.5_0,inner,1,SA,1.0,0,Proj,No_Top,6660,812520
result_SELECT_10_Heisenberg2D_cylinder_0.5_0.5_0,inner,1,SA,1.0,0,Proj,No_Kink,6664,2594268
result_SELECT_10_Heisenberg2D_cylinder_0.5_0.5_0,inner,1,SA,1.0,0,Proj,Yes_Kink,6663,2485610
result_SELECT_10_Heisenberg2D_cylinder_0.5_0.5_0,inner,1,SA,0.01,2,Single,No_MSF,8099,1001446
result_SELECT_10_Heisenberg2D_cylinder_0.5_0.5_0,inner,1,SA,0.01,2,Single,No_Top,8101,997234
result_SELECT_10_Heisenberg2D_cylinder_0.5_0.5_0,inner,1,SA,0.01,2,Single,No_Kink,8101,1067066
result_SELECT_10_Heisenberg2D_cylinder_0.5_0.5_0,inner,1,SA,0.01,2,Double,No_MSF,7536,932760
result_SELECT_10_Heisenberg2D_cylinder_0.5_0.5_0,inner,1,SA,0.01,2,Double,No_Top,7537,928426
result_SELECT_10_Heisenberg2D_cylinder_0.5_0.5_0,inner,1,SA,0.01,2,Double,No_Kink,7537,1015591
result_SELECT_10_Heisenberg2D_cylinder_0.5_0.5_0,inner,1,SA,0.01,2,Double,Yes_Kink,7537,1018403
result_SELECT_10_Heisenberg2D_cylinder_0.5_0.5_0,inner,1,SA,0.01,2,Proj,No_MSF,6660,825888
result_SELECT_10_Heisenberg2D_cylinder_0.5_0.5_0,inner,1,SA,0.01,2,Proj,No_Top,6660,821432
result_SELECT_10_Heisenberg2D_cylinder_0.5_0.5_0,inner,1,SA,0.01,2,Proj,No_Kink,6663,2561282
result_SELECT_10_Heisenberg2D_cylinder_0.5_0.5_0,inner,1,SA,0.01,2,Proj,Yes_Kink,6666,2500219
result_trotter_10_Heisenberg2D_cylinder_0.5_0.5_det,outer,2,SA,1.0,2,Single,No_MSF,756,152100
result_trotter_10_Heisenberg2D_cylinder_0.5_0.5_det,outer,2,SA,1.0,2,Single,No_Top,1864,237400
result_trotter_10_Heisenberg2D_cylinder_0.5_0.5_det,outer,2,SA,1.0,2,Single,No_Kink,1884,469171
result_trotter_10_Heisenberg2D_cylinder_0.5_0.5_det,outer,2,SA,1.0,2,Single,Yes_Kink,1894,467652
result_trotter_10_Heisenberg2D_cylinder_0.5_0.5_det,outer,2,SA,1.0,2,Double,No_MSF,749,151400
result_trotter_10_Heisenberg2D_cylinder_0.5_0.5_det,outer,2,SA,1.0,2,Double,No_Top,1861,237100
result_trotter_10_Heisenberg2D_cylinder_0.5_0.5_det,outer,2,SA,1.0,2,Double,No_Kink,1861,462200
result_trotter_10_Heisenberg2D_cylinder_0.5_0.5_det,outer,2,SA,1.0,2,Double,Yes_Kink,1865,500482
result_trotter_10_Heisenberg2D_cylinder_0.5_0.5_det,outer,2,SA,1.0,2,Proj,No_MSF,390,115500
result_trotter_10_Heisenberg2D_cylinder_0.5_0.5_det,outer,2,SA,1.0,2,Proj,No_Top,1740,225000
result_trotter_10_Heisenberg2D_cylinder_0.5_0.5_det,outer,2,SA,1.0,2,Proj,No_Kink,1846,1062158
result_trotter_10_Heisenberg2D_cylinder_0.5_0.5_det,outer,2,SA,1.0,2,Proj,Yes_Kink,1846,1039416
result_SELECT_10_Heisenberg2D_cylinder_0.5_0.5_6,outer,1,SA,1.0,4,Single,No_MSF,211,307392
result_SELECT_10_Heisenberg2D_cylinder_0.5_0.5_6,outer,1,SA,1.0,4,Single,No_Top,254,357696
result_SELECT_10_Heisenberg2D_cylinder_0.5_0.5_6,outer,1,SA,1.0,4,Single,No_Kink,326,766522
result_SELECT_10_Heisenberg2D_cylinder_0.5_0.5_6,outer,1,SA,1.0,4,Double,No_MSF,177,262784
result_SELECT_10_Heisenberg2D_cylinder_0.5_0.5_6,outer,1,SA,1.0,4,Double,No_Top,239,338016
result_SELECT_10_Heisenberg2D_cylinder_0.5_0.5_6,outer,1,SA,1.0,4,Double,No_Kink,280,778725
result_SELECT_10_Heisenberg2D_cylinder_0.5_0.5_6,outer,1,SA,1.0,4,Double,Yes_Kink,279,802086
result_SELECT_10_Heisenberg2D_cylinder_0.5_0.5_6,outer,1,SA,1.0,4,Proj,No_MSF,108,172256
result_SELECT_10_Heisenberg2D_cylinder_0.5_0.5_6,outer,1,SA,1.0,4,Proj,No_Top,205,293408
result_SELECT_10_Heisenberg2D_cylinder_0.5_0.5_6,outer,1,SA,1.0,4,Proj,No_Kink,240,1114325
result_SELECT_10_Heisenberg2D_cylinder_0.5_0.5_6,outer,1,SA,1.0,4,Proj,Yes_Kink,248,1133156
result_trotter_10_Heisenberg2D_cylinder_0.5_0.5_det,inner,1,naive,0.0,0,Single,No_MSF,756,101100
result_trotter_10_Heisenberg2D_cylinder_0.5_0.5_det,inner,1,naive,0.0,0,Single,No_Top,784,78400
result_trotter_10_Heisenberg2D_cylinder_0.5_0.5_det,inner,1,naive,0.0,0,Single,No_Kink,1034,277080
result_trotter_10_Heisenberg2D_cylinder_0.5_0.5_det,inner,1,naive,0.0,0,Double,No_MSF,749,100400
result_trotter_10_Heisenberg2D_cylinder_0.5_0.5_det,inner,1,naive,0.0,0,Double,No_Top,762,76200
result_trotter_10_Heisenberg2D_cylinder_0.5_0.5_det,inner,1,naive,0.0,0,Double,No_Kink,1020,328894
result_trotter_10_Heisenberg2D_cylinder_0.5_0.5_det,inner,1,naive,0.0,0,Double,Yes_Kink,1207,373075
result_trotter_10_Heisenberg2D_cylinder_0.5_0.5_det,inner,1,naive,0.0,0,Proj,No_MSF,390,64500
result_trotter_10_Heisenberg2D_cylinder_0.5_0.5_det,inner,1,naive,0.0,0,Proj,No_Top,580,58000
result_trotter_10_Heisenberg2D_cylinder_0.5_0.5_det,inner,1,naive,0.0,0,Proj,No_Kink,972,359179
result_trotter_10_Heisenberg2D_cylinder_0.5_0.5_det,inner,1,naive,0.0,0,Proj,Yes_Kink,998,354765
result_SELECT_10_FermiHubbard2D_cylinder_0_0_6,outer,2,SA,1.0,2,Single,No_MSF,489,708804
result_SELECT_10_FermiHubbard2D_cylinder_0_0_6,outer,2,SA,1.0,2,Single,No_Top,489,702692
result_SELECT_10_FermiHubbard2D_cylinder_0_0_6,outer,2,SA,1.0,2,Single,No_Kink,495,963893
result_SELECT_10_FermiHubbard2D_cylinder_0_0_6,outer,2,SA,1.0,2,Single,Yes_Kink,498,991767
result_SELECT_10_FermiHubbard2D_cylinder_0_0_6,outer,2,SA,1.0,2,Double,No_MSF,473,686212
result_SELECT_10_FermiHubbard2D_cylinder_0_0_6,outer,2,SA,1.0,2,Double,No_Top,473,680100
result_SELECT_10_FermiHubbard2D_cylinder_0_0_6,outer,2,SA,1.0,2,Double,No_Kink,475,957334
result_SELECT_10_FermiHubbard2D_cylinder_0_0_6,outer,2,SA,1.0,2,Double,Yes_Kink,484,972950
result_SELECT_10_FermiHubbard2D_cylinder_0_0_6,outer,2,SA,1.0,2,Proj,No_MSF,407,593020
result_SELECT_10_FermiHubbard2D_cylinder_0_0_6,outer,2,SA,1.0,2,Proj,No_Top,407,586908
result_SELECT_10_FermiHubbard2D_cylinder_0_0_6,outer,2,SA,1.0,2,Proj,No_Kink,458,2269140
result_SELECT_10_FermiHubbard2D_cylinder_0_0_6,outer,2,SA,1.0,2,Proj,Yes_Kink,460,2252298
result_SELECT_100_Schwinger_OBC_0_0_6,inner,2,SA,0.001,2,Single,No_MSF,730,1212896
result_SELECT_100_Schwinger_OBC_0_0_6,inner,2,SA,0.001,2,Single,No_Top,732,1193280
result_SELECT_100_Schwinger_OBC_0_0_6,inner,2,SA,0.001,2,Single,No_Kink,831,2191601
result_SELECT_100_Schwinger_OBC_0_0_6,inner,2,SA,0.001,2,Single,Yes_Kink,870,2318384
result_SELECT_100_Schwinger_OBC_0_0_6,inner,2,SA,0.001,2,Double,No_MSF,621,1041984
result_SELECT_100_Schwinger_OBC_0_0_6,inner,2,SA,0.001,2,Double,No_Top,623,1022368
result_SELECT_100_Schwinger_OBC_0_0_6,inner,2,SA,0.001,2,Double,No_Kink,726,2116589
result_SELECT_100_Schwinger_OBC_0_0_6,inner,2,SA,0.001,2,Double,Yes_Kink,752,2168550
result_SELECT_100_Schwinger_OBC_0_0_6,inner,2,SA,0.001,2,Proj,No_MSF,488,833440
result_SELECT_100_Schwinger_OBC_0_0_6,inner,2,SA,0.001,2,Proj,No_Top,488,810688
result_SELECT_100_Schwinger_OBC_0_0_6,inner,2,SA,0.001,2,Proj,No_Kink,832,4615973
result_SELECT_100_Schwinger_OBC_0_0_6,inner,2,SA,0.001,2,Proj,Yes_Kink,859,4700920
result_SELECT_10_Heisenberg2D_cylinder_0.5_0.5_6,inner,1,SA,0.1,6,Single,No_MSF,211,319616
result_SELECT_10_Heisenberg2D_cylinder_0.5_0.5_6,inner,1,SA,0.1,6,Single,No_Top,331,470944
result_SELECT_10_Heisenberg2D_cylinder_0.5_0.5_6,inner,1,SA,0.1,6,Single,No_Kink,338,813434
result_SELECT_10_Heisenberg2D_cylinder_0.5_0.5_6,inner,1,SA,0.1,6,Double,No_MSF,177,275008
result_SELECT_10_Heisenberg2D_cylinder_0.5_0.5_6,inner,1,SA,0.1,6,Double,No_Top,314,448640
result_SELECT_10_Heisenberg2D_cylinder_0.5_0.5_6,inner,1,SA,0.1,6,Double,No_Kink,313,812722
result_SELECT_10_Heisenberg2D_cylinder_0.5_0.5_6,inner,1,SA,0.1,6,Double,Yes_Kink,315,820876
result_SELECT_10_Heisenberg2D_cylinder_0.5_0.5_6,inner,1,SA,0.1,6,Proj,No_MSF,108,184480
result_SELECT_10_Heisenberg2D_cylinder_0.5_0.5_6,inner,1,SA,0.1,6,Proj,No_Top,287,413216
result_SELECT_10_Heisenberg2D_cylinder_0.5_0.5_6,inner,1,SA,0.1,6,Proj,No_Kink,665,2502689
result_SELECT_10_Heisenberg2D_cylinder_0.5_0.5_6,inner,1,SA,0.1,6,Proj,Yes_Kink,637,2306428
result_SELECT_10_Heisenberg2D_cylinder_0.5_0.5_3,inner,1,SA,0.001,0,Single,No_MSF,1069,295440
result_SELECT_10_Heisenberg2D_cylinder_0.5_0.5_3,inner,1,SA,0.001,0,Single,No_Top,1069,290768
result_SELECT_10_Heisenberg2D_cylinder_0.5_0.5_3,inner,1,SA,0.001,0,Single,No_Kink,1074,370822
result_SELECT_10_Heisenberg2D_cylinder_0.5_0.5_3,inner,1,SA,0.001,0,Double,No_MSF,987,273136
result_SELECT_10_Heisenberg2D_cylinder_0.5_0.5_3,inner,1,SA,0.001,0,Double,No_Top,987,268464
result_SELECT_10_Heisenberg2D_cylinder_0.5_0.5_3,inner,1,SA,0.001,0,Double,No_Kink,988,361233
result_SELECT_10_Heisenberg2D_cylinder_0.5_0.5_3,inner,1,SA,0.001,0,Double,Yes_Kink,990,361393
result_SELECT_10_Heisenberg2D_cylinder_0.5_0.5_3,inner,1,SA,0.001,0,Proj,No_MSF,837,232336
result_SELECT_10_Heisenberg2D_cylinder_0.5_0.5_3,inner,1,SA,0.001,0,Proj,No_Top,837,227664
result_SELECT_10_Heisenberg2D_cylinder_0.5_0.5_3,inner,1,SA,0.001,0,Proj,No_Kink,851,879849
result_SELECT_10_Heisenberg2D_cylinder_0.5_0.5_3,inner,1,SA,0.001,0,Proj,Yes_Kink,851,864461
result_SELECT_100_Schwinger_OBC_0_0_6,outer,1,SA,0.1,2,Single,No_MSF,730,1212896
result_SELECT_100_Schwinger_OBC_0_0_6,outer,1,SA,0.1,2,Single,No_Top,732,1193280
result_SELECT_100_Schwinger_OBC_0_0_6,outer,1,SA,0.1,2,Single,No_Kink,1286,3257633
result_SELECT_100_Schwinger_OBC_0_0_6,outer,1,SA,0.1,2,Double,No_MSF,621,1041984
result_SELECT_100_Schwinger_OBC_0_0_6,outer,1,SA,0.1,2,Double,No_Top,623,1022368
result_SELECT_100_Schwinger_OBC_0_0_6,outer,1,SA,0.1,2,Double,No_Kink,997,3006505
result_SELECT_100_Schwinger_OBC_0_0_6,outer,1,SA,0.1,2,Double,Yes_Kink,1014,3082797
result_SELECT_100_Schwinger_OBC_0_0_6,outer,1,SA,0.1,2,Proj,No_MSF,488,833440
result_SELECT_100_Schwinger_OBC_0_0_6,outer,1,SA,0.1,2,Proj,No_Top,488,810688
result_SELECT_100_Schwinger_OBC_0_0_6,outer,1,SA,0.1,2,Proj,No_Kink,1045,5837914
result_SELECT_100_Schwinger_OBC_0_0_6,outer,1,SA,0.1,2,Proj,Yes_Kink,1074,5919835
result_SELECT_10_Heisenberg2D_cylinder_0.5_0.5_4,inner,2,random,0.0,2,Single,No_MSF,571,261360
result_SELECT_10_Heisenberg2D_cylinder_0.5_0.5_4,inner,2,random,0.0,2,Single,No_Top,571,256464
result_SELECT_10_Heisenberg2D_cylinder_0.5_0.5_4,inner,2,random,0.0,2,Single,No_Kink,589,494044
result_SELECT_10_Heisenberg2D_cylinder_0.5_0.5_4,inner,2,random,0.0,2,Single,Yes_Kink,588,500244
result_SELECT_10_Heisenberg2D_cylinder_0.5_0.5_4,inner,2,random,0.0,2,Double,No_MSF,522,240192
result_SELECT_10_Heisenberg2D_cylinder_0.5_0.5_4,inner,2,random,0.0,2,Double,No_Top,522,235296
result_SELECT_10_Heisenberg2D_cylinder_0.5_0.5_4,inner,2,random,0.0,2,Double,No_Kink,529,475551
result_SELECT_10_Heisenberg2D_cylinder_0.5_0.5_4,inner,2,random,0.0,2,Double,Yes_Kink,547,481989
result_SELECT_10_Heisenberg2D_cylinder_0.5_0.5_4,inner,2,random,0.0,2,Proj,No_MSF,420,196128
result_SELECT_10_Heisenberg2D_cylinder_0.5_0.5_4,inner,2,random,0.0,2,Proj,No_Top,420,191232
result_SELECT_10_Heisenberg2D_cylinder_0.5_0.5_4,inner,2,random,0.0,2,Proj,No_Kink,469,792308
result_SELECT_10_Heisenberg2D_cylinder_0.5_0.5_4,inner,2,random,0.0,2,Proj,Yes_Kink,468,781460
result_SELECT_10_Heisenberg2D_cylinder_0.5_0.5_6,outer,1,SA,1.0,2,Single,No_MSF,211,295168
result_SELECT_10_Heisenberg2D_cylinder_0.5_0.5_6,outer,1,SA,1.0,2,Single,No_Top,211,289056
result_SELECT_10_Heisenberg2D_cylinder_0.5_0.5_6,outer,1,SA,1.0,2,Single,No_Kink,298,674032
result_SELECT_10_Heisenberg2D_cylinder_0.5_0.5_6,outer,1,SA,1.0,2,Double,No_MSF,177,250560
result_SELECT_10_Heisenberg2D_cylinder_0.5_0.5_6,outer,1,SA,1.0,2,Double,No_Top,177,244448
result_SELECT_10_Heisenberg2D_cylinder_0.5_0.5_6,outer,1,SA,1.0,2,Double,No_Kink,246,651313
result_SELECT_10_Heisenberg2D_cylinder_0.5_0.5_6,outer,1,SA,1.0,2,Double,Yes_Kink,250,682114
result_SELECT_10_Heisenberg2D_cylinder_0.5_0.5_6,outer,1,SA,1.0,2,Proj,No_MSF,108,160032
result_SELECT_10_Heisenberg2D_cylinder_0.5_0.5_6,outer,1,SA,1.0,2,Proj,No_Top,123,173600
result_SELECT_10_Heisenberg2D_cylinder_0.5_0.5_6,outer,1,SA,1.0,2,Proj,No_Kink,217,1011790
result_SELECT_10_Heisenberg2D_cylinder_0.5_0.5_6,outer,1,SA,1.0,2,Proj,Yes_Kink,228,1041962
result_trotter_10_Heisenberg2D_cylinder_0.5_0.5_rand,outer,1,SA,1.0,0,Single,No_MSF,744,99900
result_trotter_10_Heisenberg2D_cylinder_0.5_0.5_rand,outer,1,SA,1.0,0,Single,No_Top,749,74900
result_trotter_10_Heisenberg2D_cylinder_0.5_0.5_rand,outer,1,SA,1.0,0,Single,No_Kink,910,248996
result_trotter_10_Heisenberg2D_cylinder_0.5_0.5_rand,outer,1,SA,1.0,0,Double,No_MSF,721,97600
result_trotter_10_Heisenberg2D_cylinder_0.5_0.5_rand,outer,1,SA,1.0,0,Double,No_Top,721,72100
result_trotter_10_Heisenberg2D_cylinder_0.5_0.5_rand,outer,1,SA,1.0,0,Double,No_Kink,902,300547
result_trotter_10_Heisenberg2D_cylinder_0.5_0.5_rand,outer,1,SA,1.0,0,Double,Yes_Kink,1079,337586
result_trotter_10_Heisenberg2D_cylinder_0.5_0.5_rand,outer,1,SA,1.0,0,Proj,No_MSF,390,64500
result_trotter_10_Heisenberg2D_cylinder_0.5_0.5_rand,outer,1,SA,1.0,0,Proj,No_Top,580,58000
result_trotter_10_Heisenberg2D_cylinder_0.5_0.5_rand,outer,1,SA,1.0,0,Proj,No_Kink,858,327658
result_trotter_10_Heisenberg2D_cylinder_0.5_0.5_rand,outer,1,SA,1.0,0,Proj,Yes_Kink,878,322782
result_SELECT_10_Heisenberg2D_cylinder_0.5_0.5_2,inner,2,SA,0.001,2,Single,No_MSF,2072,403168
result_SELECT_10_Heisenberg2D_cylinder_0.5_0.5_2,inner,2,SA,0.001,2,Single,No_Top,2072,398624
result_SELECT_10_Heisenberg2D_cylinder_0.5_0.5_2,inner,2,SA,0.001,2,Single,No_Kink,2073,466068
result_SELECT_10_Heisenberg2D_cylinder_0.5_0.5_2,inner,2,SA,0.001,2,Single,Yes_Kink,2074,476805
result_SELECT_10_Heisenberg2D_cylinder_0.5_0.5_2,inner,2,SA,0.001,2,Double,No_MSF,1921,374780
result_SELECT_10_Heisenberg2D_cylinder_0.5_0.5_2,inner,2,SA,0.001,2,Double,No_Top,1921,370236
result_SELECT_10_Heisenberg2D_cylinder_0.5_0.5_2,inner,2,SA,0.001,2,Double,No_Kink,1924,452844
result_SELECT_10_Heisenberg2D_cylinder_0.5_0.5_2,inner,2,SA,0.001,2,Double,Yes_Kink,1993,462998
result_SELECT_10_Heisenberg2D_cylinder_0.5_0.5_2,inner,2,SA,0.001,2,Proj,No_MSF,1668,327216
result_SELECT_10_Heisenberg2D_cylinder_0.5_0.5_2,inner,2,SA,0.001,2,Proj,No_Top,1668,322672
result_SELECT_10_Heisenberg2D_cylinder_0.5_0.5_2,inner,2,SA,0.001,2,Proj,No_Kink,1675,1143667
result_SELECT_10_Heisenberg2D_cylinder_0.5_0.5_2,inner,2,SA,0.001,2,Proj,Yes_Kink,1675,1119663
result_SELECT_10_Heisenberg2D_cylinder_0.5_0.5_6,outer,1,naive,0.0,2,Single,No_MSF,211,295168
result_SELECT_10_Heisenberg2D_cylinder_0.5_0.5_6,outer,1,naive,0.0,2,Single,No_Top,211,289056
result_SELECT_10_Heisenberg2D_cylinder_0.5_0.5_6,outer,1,naive,0.0,2,Single,No_Kink,931,1970606
result_SELECT_10_Heisenberg2D_cylinder_0.5_0.5_6,outer,1,naive,0.0,2,Double,No_MSF,177,250560
result_SELECT_10_Heisenberg2D_cylinder_0.5_0.5_6,outer,1,naive,0.0,2,Double,No_Top,177,244448
result_SELECT_10_Heisenberg2D_cylinder_0.5_0.5_6,outer,1,naive,0.0,2,Double,No_Kink,671,1657033
result_SELECT_10_Heisenberg2D_cylinder_0.5_0.5_6,outer,1,naive,0.0,2,Double,Yes_Kink,673,1655577
result_SELECT_10_Heisenberg2D_cylinder_0.5_0.5_6,outer,1,naive,0.0,2,Proj,No_MSF,108,160032
result_SELECT_10_Heisenberg2D_cylinder_0.5_0.5_6,outer,1,naive,0.0,2,Proj,No_Top,123,173600
result_SELECT_10_Heisenberg2D_cylinder_0.5_0.5_6,outer,1,naive,0.0,2,Proj,No_Kink,684,3161661
result_SELECT_10_Heisenberg2D_cylinder_0.5_0.5_6,outer,1,naive,0.0,2,Proj,Yes_Kink,696,3178018
result_SELECT_10_Heisenberg2D_cylinder_0.5_0.5_2,outer,1,SA,0.001,0,Single,No_MSF,2072,394080
result_SELECT_10_Heisenberg2D_cylinder_0.5_0.5_2,outer,1,SA,0.001,0,Single,No_Top,2072,389536
result_SELECT_10_Heisenberg2D_cylinder_0.5_0.5_2,outer,1,SA,0.001,0,Single,No_Kink,2080,472534
result_SELECT_10_Heisenberg2D_cylinder_0.5_0.5_2,outer,1,SA,0.001,0,Double,No_MSF,1921,365692
result_SELECT_10_Heisenberg2D_cylinder_0.5_0.5_2,outer,1,SA,0.001,0,Double,No_Top,1921,361148
result_SELECT_10_Heisenberg2D_cylinder_0.5_0.5_2,outer,1,SA,0.001,0,Double,No_Kink,1924,457686
result_SELECT_10_Heisenberg2D_cylinder_0.5_0.5_2,outer,1,SA,0.001,0,Double,Yes_Kink,1931,459013
result_SELECT_10_Heisenberg2D_cylinder_0.5_0.5_2,outer,1,SA,0.001,0,Proj,No_MSF,1668,318128
result_SELECT_10_Heisenberg2D_cylinder_0.5_0.5_2,outer,1,SA,0.001,0,Proj,No_Top,1668,313584
result_SELECT_10_Heisenberg2D_cylinder_0.5_0.5_2,outer,1,SA,0.001,0,Proj,No_Kink,1678,1189824
result_SELECT_10_Heisenberg2D_cylinder_0.5_0.5_2,outer,1,SA,0.001,0,Proj,Yes_Kink,1690,1167471
result_trotter_10_Heisenberg2D_cylinder_0.5_0.5_rand,inner,2,SA,0.01,1,Single,No_MSF,744,125400
result_trotter_10_Heisenberg2D_cylinder_0.5_0.5_rand,inner,2,SA,0.01,1,Single,No_Top,1231,148600
result_trotter_10_Heisenberg2D_cylinder_0.5_0.5_rand,inner,2,SA,0.01,1,Single,No_Kink,1244,361644
result_trotter_10_Heisenberg2D_cylinder_0.5_0.5_rand,inner,2,SA,0.01,1,Single,Yes_Kink,1261,374522
result_trotter_10_Heisenberg2D_cylinder_0.5_0.5_rand,inner,2,SA,0.01,1,Double,No_MSF,721,123100
result_trotter_10_Heisenberg2D_cylinder_0.5_0.5_rand,inner,2,SA,0.01,1,Double,No_Top,1211,146600
result_trotter_10_Heisenberg2D_cylinder_0.5_0.5_rand,inner,2,SA,0.01,1,Double,No_Kink,1213,372704
result_trotter_10_Heisenberg2D_cylinder_0.5_0.5_rand,inner,2,SA,0.01,1,Double,Yes_Kink,1221,398657
result_trotter_10_Heisenberg2D_cylinder_0.5_0.5_rand,inner,2,SA,0.01,1,Proj,No_MSF,390,90000
result_trotter_10_Heisenberg2D_cylinder_0.5_0.5_rand,inner,2,SA,0.01,1,Proj,No_Top,1160,141500
result_trotter_10_Heisenberg2D_cylinder_0.5_0.5_rand,inner,2,SA,0.01,1,Proj,No_Kink,1249,695575
result_trotter_10_Heisenberg2D_cylinder_0.5_0.5_rand,inner,2,SA,0.01,1,Proj,Yes_Kink,1251,663047
result_SELECT_10_Heisenberg2D_cylinder_0.5_0.5_6,outer,1,random,0.0,10,Single,No_MSF,211,344064
result_SELECT_10_Heisenberg2D_cylinder_0.5_0.5_6,outer,1,random,0.0,10,Single,No_Top,483,694816
result_SELECT_10_Heisenberg2D_cylinder_0.5_0.5_6,outer,1,random,0.0,10,Single,No_Kink,742,1866806
result_SELECT_10_Heisenberg2D_cylinder_0.5_0.5_6,outer,1,random,0.0,10,Double,No_MSF,177,299456
result_SELECT_10_Heisenberg2D_cylinder_0.5_0.5_6,outer,1,random,0.0,10,Double,No_Top,473,681696
result_SELECT_10_Heisenberg2D_cylinder_0.5_0.5_6,outer,1,random,0.0,10,Double,No_Kink,490,1612440
result_SELECT_10_Heisenberg2D_cylinder_0.5_0.5_6,outer,1,random,0.0,10,Double,Yes_Kink,496,1614247
result_SELECT_10_Heisenberg2D_cylinder_0.5_0.5_6,outer,1,random,0.0,10,Proj,No_MSF,108,208928
result_SELECT_10_Heisenberg2D_cylinder_0.5_0.5_6,outer,1,random,0.0,10,Proj,No_Top,451,652832
result_SELECT_10_Heisenberg2D_cylinder_0.5_0.5_6,outer,1,random,0.0,10,Proj,No_Kink,566,2548389
result_SELECT_10_Heisenberg2D_cylinder_0.5_0.5_6,outer,1,random,0.0,10,Proj,Yes_Kink,555,2473598
result_trotter_10_Heisenberg2D_cylinder_0.5_0.5_det,inner,1,random,0.0,0,Single,No_MSF,756,101100
result_trotter_10_Heisenberg2D_cylinder_0.5_0.5_det,inner,1,random,0.0,0,Single,No_Top,784,78400
result_trotter_10_Heisenberg2D_cylinder_0.5_0.5_det,inner,1,random,0.0,0,Single,No_Kink,956,227806
result_trotter_10_Heisenberg2D_cylinder_0.5_0.5_det,inner,1,random,0.0,0,Double,No_MSF,749,100400
result_trotter_10_Heisenberg2D_cylinder_0.5_0.5_det,inner,1,random,0.0,0,Double,No_Top,762,76200
result_trotter_10_Heisenberg2D_cylinder_0.5_0.5_det,inner,1,random,0.0,0,Double,No_Kink,938,280876
result_trotter_10_Heisenberg2D_cylinder_0.5_0.5_det,inner,1,random,0.0,0,Double,Yes_Kink,1020,282717
result_trotter_10_Heisenberg2D_cylinder_0.5_0.5_det,inner,1,random,0.0,0,Proj,No_MSF,390,64500
result_trotter_10_Heisenberg2D_cylinder_0.5_0.5_det,inner,1,random,0.0,0,Proj,No_Top,580,58000
result_trotter_10_Heisenberg2D_cylinder_0.5_0.5_det,inner,1,random,0.0,0,Proj,No_Kink,931,328476
result_trotter_10_Heisenberg2D_cylinder_0.5_0.5_det,inner,1,random,0.0,0,Proj,Yes_Kink,965,324545
result_SELECT_10_Heisenberg2D_cylinder_0.5_0.5_4,outer,2,SA,0.01,0,Single,No_MSF,571,251568
result_SELECT_10_Heisenberg2D_cylinder_0.5_0.5_4,outer,2,SA,0.01,0,Single,No_Top,571,246672
result_SELECT_10_Heisenberg2D_cylinder_0.5_0.5_4,outer,2,SA,0.01,0,Single,No_Kink,573,336390
result_SELECT_10_Heisenberg2D_cylinder_0.5_0.5_4,outer,2,SA,0.01,0,Single,Yes_Kink,577,351867
result_SELECT_10_Heisenberg2D_cylinder_0.5_0.5_4,outer,2,SA,0.01,0,Double,No_MSF,522,230400
result_SELECT_10_Heisenberg2D_cylinder_0.5_0.5_4,outer,2,SA,0.01,0,Double,No_Top,522,225504
result_SELECT_10_Heisenberg2D_cylinder_0.5_0.5_4,outer,2,SA,0.01,0,Double,No_Kink,525,329946
result_SELECT_10_Heisenberg2D_cylinder_0.5_0.5_4,outer,2,SA,0.01,0,Double,Yes_Kink,539,332842
result_SELECT_10_Heisenberg2D_cylinder_0.5_0.5_4,outer,2,SA,0.01,0,Proj,No_MSF,420,186336
result_SELECT_10_Heisenberg2D_cylinder_0.5_0.5_4,outer,2,SA,0.01,0,Proj,No_Top,420,181440
result_SELECT_10_Heisenberg2D_cylinder_0.5_0.5_4,outer,2,SA,0.01,0,Proj,No_Kink,437,763636
result_SELECT_10_Heisenberg2D_cylinder_0.5_0.5_4,outer,2,SA,0.01,0,Proj,Yes_Kink,439,751495
result_SELECT_100_random_local_OBC_0_0_6,inner,1,SA,0.01,2,Single,No_MSF,247,306944
result_SELECT_100_random_local_OBC_0_0_6,inner,1,SA,0.01,2,Single,No_Top,247,302112
result_SELECT_100_random_local_OBC_0_0_6,inner,1,SA,0.01,2,Single,No_Kink,490,874624
result_SELECT_100_random_local_OBC_0_0_6,inner,1,SA,0.01,2,Double,No_MSF,192,241824
result_SELECT_100_random_local_OBC_0_0_6,inner,1,SA,0.01,2,Double,No_Top,193,238176
result_SELECT_100_random_local_OBC_0_0_6,inner,1,SA,0.01,2,Double,No_Kink,407,814589
result_SELECT_100_random_local_OBC_0_0_6,inner,1,SA,0.01,2,Double,Yes_Kink,414,829435
result_SELECT_100_random_local_OBC_0_0_6,inner,1,SA,0.01,2,Proj,No_MSF,128,166048
result_SELECT_100_random_local_OBC_0_0_6,inner,1,SA,0.01,2,Proj,No_Top,128,161216
result_SELECT_100_random_local_OBC_0_0_6,inner,1,SA,0.01,2,Proj,No_Kink,387,1601313
result_SELECT_100_random_local_OBC_0_0_6,inner,1,SA,0.01,2,Proj,Yes_Kink,400,1630654
result_SELECT_10_Heisenberg2D_cylinder_0.5_0.5_0,inner,1,SA,0.1,0,Single,No_MSF,8099,992534
result_SELECT_10_Heisenberg2D_cylinder_0.5_0.5_0,inner,1,SA,0.1,0,Single,No_Top,8099,988078
result_SELECT_10_Heisenberg2D_cylinder_0.5_0.5_0,inner,1,SA,0.1,0,Single,No_Kink,8099,1038758
result_SELECT_10_Heisenberg2D_cylinder_0.5_0.5_0,inner,1,SA,0.1,0,Double,No_MSF,7536,923848
result_SELECT_10_Heisenberg2D_cylinder_0.5_0.5_0,inner,1,SA,0.1,0,Double,No_Top,7536,919392
result_SELECT_10_Heisenberg2D_cylinder_0.5_0.5_0,inner,1,SA,0.1,0,Double,No_Kink,7536,990205
result_SELECT_10_Heisenberg2D_cylinder_0.5_0.5_0,inner,1,SA,0.1,0,Double,Yes_Kink,7536,997635
result_SELECT_10_Heisenberg2D_cylinder_0.5_0.5_0,inner,1,SA,0.1,0,Proj,No_MSF,6660,816976
result_SELECT_10_Heisenberg2D_cylinder_0.5_0.5_0,inner,1,SA,0.1,0,Proj,No_Top,6660,812520
result_SELECT_10_Heisenberg2D_cylinder_0.5_0.5_0,inner,1,SA,0.1,0,Proj,No_Kink,6667,2611669
result_SELECT_10_Heisenberg2D_cylinder_0.5_0.5_0,inner,1,SA,0.1,0,Proj,Yes_Kink,6664,2559968
result_SELECT_10_Heisenberg2D_cylinder_0.5_0.5_2,outer,1,naive,0.0,0,Single,No_MSF,2072,394080
result_SELECT_10_Heisenberg2D_cylinder_0.5_0.5_2,outer,1,naive,0.0,0,Single,No_Top,2072,389536
result_SELECT_10_Heisenberg2D_cylinder_0.5_0.5_2,outer,1,naive,0.0,0,Single,No_Kink,2524,667328
result_SELECT_10_Heisenberg2D_cylinder_0.5_0.5_2,outer,1,naive,0.0,0,Double,No_MSF,1921,365692
result_SELECT_10_Heisenberg2D_cylinder_0.5_0.5_2,outer,1,naive,0.0,0,Double,No_Top,1921,361148
result_SELECT_10_Heisenberg2D_cylinder_0.5_0.5_2,outer,1,naive,0.0,0,Double,No_Kink,2115,592092
result_SELECT_10_Heisenberg2D_cylinder_0.5_0.5_2,outer,1,naive,0.0,0,Double,Yes_Kink,2131,596112
result_SELECT_10_Heisenberg2D_cylinder_0.5_0.5_2,outer,1,naive,0.0,0,Proj,No_MSF,1668,318128
result_SELECT_10_Heisenberg2D_cylinder_0.5_0.5_2,outer,1,naive,0.0,0,Proj,No_Top,1668,313584
result_SELECT_10_Heisenberg2D_cylinder_0.5_0.5_2,outer,1,naive,0.0,0,Proj,No_Kink,1747,1254299
result_SELECT_10_Heisenberg2D_cylinder_0.5_0.5_2,outer,1,naive,0.0,0,Proj,Yes_Kink,1756,1233068
result_SELECT_10_Heisenberg2D_cylinder_0.5_0.5_0,inner,2,SA,0.1,2,Single,No_MSF,8099,1001446
result_SELECT_10_Heisenberg2D_cylinder_0.5_0.5_0,inner,2,SA,0.1,2,Single,No_Top,8101,997234
result_SELECT_10_Heisenberg2D_cylinder_0.5_0.5_0,inner,2,SA,0.1,2,Single,No_Kink,8101,1058035
result_SELECT_10_Heisenberg2D_cylinder_0.5_0.5_0,inner,2,SA,0.1,2,Single,Yes_Kink,8101,1069651
result_SELECT_10_Heisenberg2D_cylinder_0.5_0.5_0,inner,2,SA,0.1,2,Double,No_MSF,7536,932760
result_SELECT_10_Heisenberg2D_cylinder_0.5_0.5_0,inner,2,SA,0.1,2,Double,No_Top,7537,928426
result_SELECT_10_Heisenberg2D_cylinder_0.5_0.5_0,inner,2,SA,0.1,2,Double,No_Kink,7538,1005018
result_SELECT_10_Heisenberg2D_cylinder_0.5_0.5_0,inner,2,SA,0.1,2,Double,Yes_Kink,7538,1004382
result_SELECT_10_Heisenberg2D_cylinder_0.5_0.5_0,inner,2,SA,0.1,2,Proj,No_MSF,6660,825888
result_SELECT_10_Heisenberg2D_cylinder_0.5_0.5_0,inner,2,SA,0.1,2,Proj,No_Top,6660,821432
result_SELECT_10_Heisenberg2D_cylinder_0.5_0.5_0,inner,2,SA,0.1,2,Proj,No_Kink,6661,2486883
result_SELECT_10_Heisenberg2D_cylinder_0.5_0.5_0,inner,2,SA,0.1,2,Proj,Yes_Kink,6662,2413286
result_trotter_10_Heisenberg2D_cylinder_0.5_0.5_det,inner,2,random,0.0,1,Single,No_MSF,756,126600
result_trotter_10_Heisenberg2D_cylinder_0.5_0.5_det,inner,2,random,0.0,1,Single,No_Top,1315,157000
result_trotter_10_Heisenberg2D_cylinder_0.5_0.5_det,inner,2,random,0.0,1,Single,No_Kink,1370,344273
result_trotter_10_Heisenberg2D_cylinder_0.5_0.5_det,inner,2,random,0.0,1,Single,Yes_Kink,1376,348758
result_trotter_10_Heisenberg2D_cylinder_0.5_0.5_det,inner,2,random,0.0,1,Double,No_MSF,749,125900
result_trotter_10_Heisenberg2D_cylinder_0.5_0.5_det,inner,2,random,0.0,1,Double,No_Top,1292,154700
result_trotter_10_Heisenberg2D_cylinder_0.5_0.5_det,inner,2,random,0.0,1,Double,No_Kink,1310,371889
result_trotter_10_Heisenberg2D_cylinder_0.5_0.5_det,inner,2,random,0.0,1,Double,Yes_Kink,1327,377792
result_trotter_10_Heisenberg2D_cylinder_0.5_0.5_det,inner,2,random,0.0,1,Proj,No_MSF,390,90000
result_trotter_10_Heisenberg2D_cylinder_0.5_0.5_det,inner,2,random,0.0,1,Proj,No_Top,1160,141500
result_trotter_10_Heisenberg2D_cylinder_0.5_0.5_det,inner,2,random,0.0,1,Proj,No_Kink,1304,676066
result_trotter_10_Heisenberg2D_cylinder_0.5_0.5_det,inner,2,random,0.0,1,Proj,Yes_Kink,1312,652066
result_SELECT_10_Heisenberg2D_cylinder_0.5_0.5_6,inner,1,SA,0.01,10,Single,No_MSF,211,344064
result_SELECT_10_Heisenberg2D_cylinder_0.5_0.5_6,inner,1,SA,0.01,10,Single,No_Top,483,694816
result_SELECT_10_Heisenberg2D_cylinder_0.5_0.5_6,inner,1,SA,0.01,10,Single,No_Kink,489,1070920
result_SELECT_10_Heisenberg2D_cylinder_0.5_0.5_6,inner,1,SA,0.01,10,Double,No_MSF,177,299456
result_SELECT_10_Heisenberg2D_cylinder_0.5_0.5_6,inner,1,SA,0.01,10,Double,No_Top,473,681696
result_SELECT_10_Heisenberg2D_cylinder_0.5_0.5_6,inner,1,SA,0.01,10,Double,No_Kink,469,1092555
result_SELECT_10_Heisenberg2D_cylinder_0.5_0.5_6,inner,1,SA,0.01,10,Double,Yes_Kink,471,1083069
result_SELECT_10_Heisenberg2D_cylinder_0.5_0.5_6,inner,1,SA,0.01,10,Proj,No_MSF,108,208928
result_SELECT_10_Heisenberg2D_cylinder_0.5_0.5_6,inner,1,SA,0.01,10,Proj,No_Top,451,652832
result_SELECT_10_Heisenberg2D_cylinder_0.5_0.5_6,inner,1,SA,0.01,10,Proj,No_Kink,2882,9070280
result_SELECT_10_Heisenberg2D_cylinder_0.5_0.5_6,inner,1,SA,0.01,10,Proj,Yes_Kink,2717,8404833
result_SELECT_10_Heisenberg2D_cylinder_0.5_0.5_1,outer,1,SA,0.01,0,Single,No_MSF,4079,591856
result_SELECT_10_Heisenberg2D_cylinder_0.5_0.5_1,outer,1,SA,0.01,0,Single,No_Top,4079,587376
result_SELECT_10_Heisenberg2D_cylinder_0.5_0.5_1,outer,1,SA,0.01,0,Single,No_Kink,4083,680742
result_SELECT_10_Heisenberg2D_cylinder_0.5_0.5_1,outer,1,SA,0.01,0,Double,No_MSF,3792,550528
result_SELECT_10_Heisenberg2D_cylinder_0.5_0.5_1,outer,1,SA,0.01,0,Double,No_Top,3792,546048
result_SELECT_10_Heisenberg2D_cylinder_0.5_0.5_1,outer,1,SA,0.01,0,Double,No_Kink,3793,651062
result_SELECT_10_Heisenberg2D_cylinder_0.5_0.5_1,outer,1,SA,0.01,0,Double,Yes_Kink,3795,649799
result_SELECT_10_Heisenberg2D_cylinder_0.5_0.5_1,outer,1,SA,0.01,0,Proj,No_MSF,3333,484432
result_SELECT_10_Heisenberg2D_cylinder_0.5_0.5_1,outer,1,SA,0.01,0,Proj,No_Top,3333,479952
result_SELECT_10_Heisenberg2D_cylinder_0.5_0.5_1,outer,1,SA,0.01,0,Proj,No_Kink,3341,1698544
result_SELECT_10_Heisenberg2D_cylinder_0.5_0.5_1,outer,1,SA,0.01,0,Proj,Yes_Kink,3351,1661240
result_SELECT_10_Heisenberg2D_cylinder_0.5_0.5_1,inner,1,SA,1.0,0,Single,No_MSF,4079,591856
result_SELECT_10_Heisenberg2D_cylinder_0.5_0.5_1,inner,1,SA,1.0,0,Single,No_Top,4079,587376
result_SELECT_10_Heisenberg2D_cylinder_0.5_0.5_1,inner,1,SA,1.0,0,Single,No_Kink,4086,640958
result_SELECT_10_Heisenberg2D_cylinder_0.5_0.5_1,inner,1,SA,1.0,0,Double,No_MSF,3792,550528
result_SELECT_10_Heisenberg2D_cylinder_0.5_0.5_1,inner,1,SA,1.0,0,Double,No_Top,3792,546048
result_SELECT_10_Heisenberg2D_cylinder_0.5_0.5_1,inner,1,SA,1.0,0,Double,No_Kink,3795,615599
result_SELECT_10_Heisenberg2D_cylinder_0.5_0.5_1,inner,1,SA,1.0,0,Double,Yes_Kink,3796,615792
result_SELECT_10_Heisenberg2D_cylinder_0.5_0.5_1,inner,1,SA,1.0,0,Proj,No_MSF,3333,484432
result_SELECT_10_Heisenberg2D_cylinder_0.5_0.5_1,inner,1,SA,1.0,0,Proj,No_Top,3333,479952
result_SELECT_10_Heisenberg2D_cylinder_0.5_0.5_1,inner,1,SA,1.0,0,Proj,No_Kink,3338,1578114
result_SELECT_10_Heisenberg2D_cylinder_0.5_0.5_1,inner,1,SA,1.0,0,Proj,Yes_Kink,3338,1535481
result_SELECT_10_Heisenberg2D_cylinder_0.5_0.5_4,outer,1,SA,1.0,0,Single,No_MSF,571,251568
result_SELECT_10_Heisenberg2D_cylinder_0.5_0.5_4,outer,1,SA,1.0,0,Single,No_Top,571,246672
result_SELECT_10_Heisenberg2D_cylinder_0.5_0.5_4,outer,1,SA,1.0,0,Single,No_Kink,579,332578
result_SELECT_10_Heisenberg2D_cylinder_0.5_0.5_4,outer,1,SA,1.0,0,Double,No_MSF,522,230400
result_SELECT_10_Heisenberg2D_cylinder_0.5_0.5_4,outer,1,SA,1.0,0,Double,No_Top,522,225504
result_SELECT_10_Heisenberg2D_cylinder_0.5_0.5_4,outer,1,SA,1.0,0,Double,No_Kink,524,322581
result_SELECT_10_Heisenberg2D_cylinder_0.5_0.5_4,outer,1,SA,1.0,0,Double,Yes_Kink,526,322812
result_SELECT_10_Heisenberg2D_cylinder_0.5_0.5_4,outer,1,SA,1.0,0,Proj,No_MSF,420,186336
result_SELECT_10_Heisenberg2D_cylinder_0.5_0.5_4,outer,1,SA,1.0,0,Proj,No_Top,420,181440
result_SELECT_10_Heisenberg2D_cylinder_0.5_0.5_4,outer,1,SA,1.0,0,Proj,No_Kink,441,713745
result_SELECT_10_Heisenberg2D_cylinder_0.5_0.5_4,outer,1,SA,1.0,0,Proj,Yes_Kink,445,704239
result_SELECT_10_Z2LatticeGauge2D_PBC_0_0_6,outer,1,naive,0.0,2,Single,No_MSF,113,138212
result_SELECT_10_Z2LatticeGauge2D_PBC_0_0_6,outer,1,naive,0.0,2,Single,No_Top,119,142620
result_SELECT_10_Z2LatticeGauge2D_PBC_0_0_6,outer,1,naive,0.0,2,Single,No_Kink,361,664160
result_SELECT_10_Z2LatticeGauge2D_PBC_0_0_6,outer,1,naive,0.0,2,Double,No_MSF,91,112780
result_SELECT_10_Z2LatticeGauge2D_PBC_0_0_6,outer,1,naive,0.0,2,Double,No_Top,98,118344
result_SELECT_10_Z2LatticeGauge2D_PBC_0_0_6,outer,1,naive,0.0,2,Double,No_Kink,254,558979
result_SELECT_10_Z2LatticeGauge2D_PBC_0_0_6,outer,1,naive,0.0,2,Double,Yes_Kink,252,557798
result_SELECT_10_Z2LatticeGauge2D_PBC_0_0_6,outer,1,naive,0.0,2,Proj,No_MSF,43,57292
result_SELECT_10_Z2LatticeGauge2D_PBC_0_0_6,outer,1,naive,0.0,2,Proj,No_Top,57,70948
result_SELECT_10_Z2LatticeGauge2D_PBC_0_0_6,outer,1,naive,0.0,2,Proj,No_Kink,282,1086215
result_SELECT_10_Z2LatticeGauge2D_PBC_0_0_6,outer,1,naive,0.0,2,Proj,Yes_Kink,290,1101487
result_SELECT_10_Heisenberg2D_cylinder_0.5_0.5_4,outer,1,SA,0.01,2,Single,No_MSF,571,261360
result_SELECT_10_Heisenberg2D_cylinder_0.5_0.5_4,outer,1,SA,0.01,2,Single,No_Top,571,256464
result_SELECT_10_Heisenberg2D_cylinder_0.5_0.5_4,outer,1,SA,0.01,2,Single,No_Kink,578,366098
result_SELECT_10_Heisenberg2D_cylinder_0.5_0.5_4,outer,1,SA,0.01,2,Double,No_MSF,522,240192
result_SELECT_10_Heisenberg2D_cylinder_0.5_0.5_4,outer,1,SA,0.01,2,Double,No_Top,522,235296
result_SELECT_10_Heisenberg2D_cylinder_0.5_0.5_4,outer,1,SA,0.01,2,Double,No_Kink,526,355195
result_SELECT_10_Heisenberg2D_cylinder_0.5_0.5_4,outer,1,SA,0.01,2,Double,Yes_Kink,531,358095
result_SELECT_10_Heisenberg2D_cylinder_0.5_0.5_4,outer,1,SA,0.01,2,Proj,No_MSF,420,196128
result_SELECT_10_Heisenberg2D_cylinder_0.5_0.5_4,outer,1,SA,0.01,2,Proj,No_Top,420,191232
result_SELECT_10_Heisenberg2D_cylinder_0.5_0.5_4,outer,1,SA,0.01,2,Proj,No_Kink,442,717369
result_SELECT_10_Heisenberg2D_cylinder_0.5_0.5_4,outer,1,SA,0.01,2,Proj,Yes_Kink,448,707501
result_SELECT_10_Z2LatticeGauge2D_PBC_0_0_6,inner,2,SA,0.1,2,Single,No_MSF,113,138212
result_SELECT_10_Z2LatticeGauge2D_PBC_0_0_6,inner,2,SA,0.1,2,Single,No_Top,119,142620
result_SELECT_10_Z2LatticeGauge2D_PBC_0_0_6,inner,2,SA,0.1,2,Single,No_Kink,127,236833
result_SELECT_10_Z2LatticeGauge2D_PBC_0_0_6,inner,2,SA,0.1,2,Single,Yes_Kink,126,239095
result_SELECT_10_Z2LatticeGauge2D_PBC_0_0_6,inner,2,SA,0.1,2,Double,No_MSF,91,112780
result_SELECT_10_Z2LatticeGauge2D_PBC_0_0_6,inner,2,SA,0.1,2,Double,No_Top,98,118344
result_SELECT_10_Z2LatticeGauge2D_PBC_0_0_6,inner,2,SA,0.1,2,Double,No_Kink,101,214400
result_SELECT_10_Z2LatticeGauge2D_PBC_0_0_6,inner,2,SA,0.1,2,Double,Yes_Kink,105,221578
result_SELECT_10_Z2LatticeGauge2D_PBC_0_0_6,inner,2,SA,0.1,2,Proj,No_MSF,43,57292
result_SELECT_10_Z2LatticeGauge2D_PBC_0_0_6,inner,2,SA,0.1,2,Proj,No_Top,57,70948
result_SELECT_10_Z2LatticeGauge2D_PBC_0_0_6,inner,2,SA,0.1,2,Proj,No_Kink,78,314663
result_SELECT_10_Z2LatticeGauge2D_PBC_0_0_6,inner,2,SA,0.1,2,Proj,Yes_Kink,79,316447
result_SELECT_10_Z2LatticeGauge2D_PBC_0_0_6,outer,2,SA,0.1,2,Single,No_MSF,113,138212
result_SELECT_10_Z2LatticeGauge2D_PBC_0_0_6,outer,2,SA,0.1,2,Single,No_Top,119,142620
result_SELECT_10_Z2LatticeGauge2D_PBC_0_0_6,outer,2,SA,0.1,2,Single,No_Kink,132,261728
result_SELECT_10_Z2LatticeGauge2D_PBC_0_0_6,outer,2,SA,0.1,2,Single,Yes_Kink,135,269113
result_SELECT_10_Z2LatticeGauge2D_PBC_0_0_6,outer,2,SA,0.1,2,Double,No_MSF,91,112780
result_SELECT_10_Z2LatticeGauge2D_PBC_0_0_6,outer,2,SA,0.1,2,Double,No_Top,98,118344
result_SELECT_10_Z2LatticeGauge2D_PBC_0_0_6,outer,2,SA,0.1,2,Double,No_Kink,109,247297
result_SELECT_10_Z2LatticeGauge2D_PBC_0_0_6,outer,2,SA,0.1,2,Double,Yes_Kink,113,255027
result_SELECT_10_Z2LatticeGauge2D_PBC_0_0_6,outer,2,SA,0.1,2,Proj,No_MSF,43,57292
result_SELECT_10_Z2LatticeGauge2D_PBC_0_0_6,outer,2,SA,0.1,2,Proj,No_Top,57,70948
result_SELECT_10_Z2LatticeGauge2D_PBC_0_0_6,outer,2,SA,0.1,2,Proj,No_Kink,71,308722
result_SELECT_10_Z2LatticeGauge2D_PBC_0_0_6,outer,2,SA,0.1,2,Proj,Yes_Kink,73,310965
result_SELECT_10_Heisenberg2D_cylinder_0.5_0.5_1,outer,1,naive,0.0,0,Single,No_MSF,4079,591856
result_SELECT_10_Heisenberg2D_cylinder_0.5_0.5_1,outer,1,naive,0.0,0,Single,No_Top,4079,587376
result_SELECT_10_Heisenberg2D_cylinder_0.5_0.5_1,outer,1,naive,0.0,0,Single,No_Kink,4081,706764
result_SELECT_10_Heisenberg2D_cylinder_0.5_0.5_1,outer,1,naive,0.0,0,Double,No_MSF,3792,550528
result_SELECT_10_Heisenberg2D_cylinder_0.5_0.5_1,outer,1,naive,0.0,0,Double,No_Top,3792,546048
result_SELECT_10_Heisenberg2D_cylinder_0.5_0.5_1,outer,1,naive,0.0,0,Double,No_Kink,3795,673195
result_SELECT_10_Heisenberg2D_cylinder_0.5_0.5_1,outer,1,naive,0.0,0,Double,Yes_Kink,3801,672574
result_SELECT_10_Heisenberg2D_cylinder_0.5_0.5_1,outer,1,naive,0.0,0,Proj,No_MSF,3333,484432
result_SELECT_10_Heisenberg2D_cylinder_0.5_0.5_1,outer,1,naive,0.0,0,Proj,No_Top,3333,479952
result_SELECT_10_Heisenberg2D_cylinder_0.5_0.5_1,outer,1,naive,0.0,0,Proj,No_Kink,3355,1736874
result_SELECT_10_Heisenberg2D_cylinder_0.5_0.5_1,outer,1,naive,0.0,0,Proj,Yes_Kink,3361,1708178
result_SELECT_10_FermiHubbard2D_cylinder_0_0_6,outer,1,SA,0.01,2,Single,No_MSF,489,708804
result_SELECT_10_FermiHubbard2D_cylinder_0_0_6,outer,1,SA,0.01,2,Single,No_Top,489,702692
result_SELECT_10_FermiHubbard2D_cylinder_0_0_6,outer,1,SA,0.01,2,Single,No_Kink,547,1175554
result_SELECT_10_FermiHubbard2D_cylinder_0_0_6,outer,1,SA,0.01,2,Double,No_MSF,473,686212
result_SELECT_10_FermiHubbard2D_cylinder_0_0_6,outer,1,SA,0.01,2,Double,No_Top,473,680100
result_SELECT_10_FermiHubbard2D_cylinder_0_0_6,outer,1,SA,0.01,2,Double,No_Kink,495,1115405
result_SELECT_10_FermiHubbard2D_cylinder_0_0_6,outer,1,SA,0.01,2,Double,Yes_Kink,514,1154496
result_SELECT_10_FermiHubbard2D_cylinder_0_0_6,outer,1,SA,0.01,2,Proj,No_MSF,407,593020
result_SELECT_10_FermiHubbard2D_cylinder_0_0_6,outer,1,SA,0.01,2,Proj,No_Top,407,586908
result_SELECT_10_FermiHubbard2D_cylinder_0_0_6,outer,1,SA,0.01,2,Proj,No_Kink,477,2351170
result_SELECT_10_FermiHubbard2D_cylinder_0_0_6,outer,1,SA,0.01,2,Proj,Yes_Kink,485,2362454
result_SELECT_10_Heisenberg2D_cylinder_0.5_0.5_6,outer,2,SA,0.01,4,Single,No_MSF,211,307392
result_SELECT_10_Heisenberg2D_cylinder_0.5_0.5_6,outer,2,SA,0.01,4,Single,No_Top,254,357696
result_SELECT_10_Heisenberg2D_cylinder_0.5_0.5_6,outer,2,SA,0.01,4,Single,No_Kink,257,615516
result_SELECT_10_Heisenberg2D_cylinder_0.5_0.5_6,outer,2,SA,0.01,4,Single,Yes_Kink,261,634317
result_SELECT_10_Heisenberg2D_cylinder_0.5_0.5_6,outer,2,SA,0.01,4,Double,No_MSF,177,262784
result_SELECT_10_Heisenberg2D_cylinder_0.5_0.5_6,outer,2,SA,0.01,4,Double,No_Top,239,338016
result_SELECT_10_Heisenberg2D_cylinder_0.5_0.5_6,outer,2,SA,0.01,4,Double,No_Kink,238,612361
result_SELECT_10_Heisenberg2D_cylinder_0.5_0.5_6,outer,2,SA,0.01,4,Double,Yes_Kink,244,617808
result_SELECT_10_Heisenberg2D_cylinder_0.5_0.5_6,outer,2,SA,0.01,4,Proj,No_MSF,108,172256
result_SELECT_10_Heisenberg2D_cylinder_0.5_0.5_6,outer,2,SA,0.01,4,Proj,No_Top,205,293408
result_SELECT_10_Heisenberg2D_cylinder_0.5_0.5_6,outer,2,SA,0.01,4,Proj,No_Kink,205,979560
result_SELECT_10_Heisenberg2D_cylinder_0.5_0.5_6,outer,2,SA,0.01,4,Proj,Yes_Kink,206,972915
result_trotter_10_Heisenberg2D_cylinder_0.5_0.5_rand,outer,1,SA,0.001,0,Single,No_MSF,744,99900
result_trotter_10_Heisenberg2D_cylinder_0.5_0.5_rand,outer,1,SA,0.001,0,Single,No_Top,749,74900
result_trotter_10_Heisenberg2D_cylinder_0.5_0.5_rand,outer,1,SA,0.001,0,Single,No_Kink,949,267650
result_trotter_10_Heisenberg2D_cylinder_0.5_0.5_rand,outer,1,SA,0.001,0,Double,No_MSF,721,97600
result_trotter_10_Heisenberg2D_cylinder_0.5_0.5_rand,outer,1,SA,0.001,0,Double,No_Top,721,72100
result_trotter_10_Heisenberg2D_cylinder_0.5_0.5_rand,outer,1,SA,0.001,0,Double,No_Kink,934,317790
result_trotter_10_Heisenberg2D_cylinder_0.5_0.5_rand,outer,1,SA,0.001,0,Double,Yes_Kink,1108,355871
result_trotter_10_Heisenberg2D_cylinder_0.5_0.5_rand,outer,1,SA,0.001,0,Proj,No_MSF,390,64500
result_trotter_10_Heisenberg2D_cylinder_0.5_0.5_rand,outer,1,SA,0.001,0,Proj,No_Top,580,58000
result_trotter_10_Heisenberg2D_cylinder_0.5_0.5_rand,outer,1,SA,0.001,0,Proj,No_Kink,909,349567
result_trotter_10_Heisenberg2D_cylinder_0.5_0.5_rand,outer,1,SA,0.001,0,Proj,Yes_Kink,932,344049
result_SELECT_10_Heisenberg2D_cylinder_0.5_0.5_6,outer,1,SA,0.1,6,Single,No_MSF,211,319616
result_SELECT_10_Heisenberg2D_cylinder_0.5_0.5_6,outer,1,SA,0.1,6,Single,No_Top,331,470944
result_SELECT_10_Heisenberg2D_cylinder_0.5_0.5_6,outer,1,SA,0.1,6,Single,No_Kink,348,844670
result_SELECT_10_Heisenberg2D_cylinder_0.5_0.5_6,outer,1,SA,0.1,6,Double,No_MSF,177,275008
result_SELECT_10_Heisenberg2D_cylinder_0.5_0.5_6,outer,1,SA,0.1,6,Double,No_Top,314,448640
result_SELECT_10_Heisenberg2D_cylinder_0.5_0.5_6,outer,1,SA,0.1,6,Double,No_Kink,310,865005
result_SELECT_10_Heisenberg2D_cylinder_0.5_0.5_6,outer,1,SA,0.1,6,Double,Yes_Kink,315,868906
result_SELECT_10_Heisenberg2D_cylinder_0.5_0.5_6,outer,1,SA,0.1,6,Proj,No_MSF,108,184480
result_SELECT_10_Heisenberg2D_cylinder_0.5_0.5_6,outer,1,SA,0.1,6,Proj,No_Top,287,413216
result_SELECT_10_Heisenberg2D_cylinder_0.5_0.5_6,outer,1,SA,0.1,6,Proj,No_Kink,294,1326040
result_SELECT_10_Heisenberg2D_cylinder_0.5_0.5_6,outer,1,SA,0.1,6,Proj,Yes_Kink,294,1321187
result_SELECT_10_Heisenberg2D_cylinder_0.5_0.5_6,outer,2,random,0.0,4,Single,No_MSF,211,307392
result_SELECT_10_Heisenberg2D_cylinder_0.5_0.5_6,outer,2,random,0.0,4,Single,No_Top,254,357696
result_SELECT_10_Heisenberg2D_cylinder_0.5_0.5_6,outer,2,random,0.0,4,Single,No_Kink,339,1058155
result_SELECT_10_Heisenberg2D_cylinder_0.5_0.5_6,outer,2,random,0.0,4,Single,Yes_Kink,345,1068701
result_SELECT_10_Heisenberg2D_cylinder_0.5_0.5_6,outer,2,random,0.0,4,Double,No_MSF,177,262784
result_SELECT_10_Heisenberg2D_cylinder_0.5_0.5_6,outer,2,random,0.0,4,Double,No_Top,239,338016
result_SELECT_10_Heisenberg2D_cylinder_0.5_0.5_6,outer,2,random,0.0,4,Double,No_Kink,288,1035260
result_SELECT_10_Heisenberg2D_cylinder_0.5_0.5_6,outer,2,random,0.0,4,Double,Yes_Kink,293,1038062
result_SELECT_10_Heisenberg2D_cylinder_0.5_0.5_6,outer,2,random,0.0,4,Proj,No_MSF,108,172256
result_SELECT_10_Heisenberg2D_cylinder_0.5_0.5_6,outer,2,random,0.0,4,Proj,No_Top,205,293408
result_SELECT_10_Heisenberg2D_cylinder_0.5_0.5_6,outer,2,random,0.0,4,Proj,No_Kink,244,1188924
result_SELECT_10_Heisenberg2D_cylinder_0.5_0.5_6,outer,2,random,0.0,4,Proj,Yes_Kink,250,1200168
result_SELECT_100_Heisenberg1D_OBC_1_0_6,outer,2,SA,0.01,2,Single,No_MSF,206,309976
result_SELECT_100_Heisenberg1D_OBC_1_0_6,outer,2,SA,0.01,2,Single,No_Top,211,310668
result_SELECT_100_Heisenberg1D_OBC_1_0_6,outer,2,SA,0.01,2,Single,No_Kink,220,578928
result_SELECT_100_Heisenberg1D_OBC_1_0_6,outer,2,SA,0.01,2,Single,Yes_Kink,222,597778
result_SELECT_100_Heisenberg1D_OBC_1_0_6,outer,2,SA,0.01,2,Double,No_MSF,185,280324
result_SELECT_100_Heisenberg1D_OBC_1_0_6,outer,2,SA,0.01,2,Double,No_Top,185,273956
result_SELECT_100_Heisenberg1D_OBC_1_0_6,outer,2,SA,0.01,2,Double,No_Kink,193,566790
result_SELECT_100_Heisenberg1D_OBC_1_0_6,outer,2,SA,0.01,2,Double,Yes_Kink,200,580394
result_SELECT_100_Heisenberg1D_OBC_1_0_6,outer,2,SA,0.01,2,Proj,No_MSF,117,184308
result_SELECT_100_Heisenberg1D_OBC_1_0_6,outer,2,SA,0.01,2,Proj,No_Top,123,186412
result_SELECT_100_Heisenberg1D_OBC_1_0_6,outer,2,SA,0.01,2,Proj,No_Kink,163,847268
result_SELECT_100_Heisenberg1D_OBC_1_0_6,outer,2,SA,0.01,2,Proj,Yes_Kink,166,845741
result_SELECT_10_Heisenberg2D_cylinder_0.5_0.5_6,outer,2,SA,0.01,2,Single,No_MSF,211,295168
result_SELECT_10_Heisenberg2D_cylinder_0.5_0.5_6,outer,2,SA,0.01,2,Single,No_Top,211,289056
result_SELECT_10_Heisenberg2D_cylinder_0.5_0.5_6,outer,2,SA,0.01,2,Single,No_Kink,219,515141
result_SELECT_10_Heisenberg2D_cylinder_0.5_0.5_6,outer,2,SA,0.01,2,Single,Yes_Kink,225,538527
result_SELECT_10_Heisenberg2D_cylinder_0.5_0.5_6,outer,2,SA,0.01,2,Double,No_MSF,177,250560
result_SELECT_10_Heisenberg2D_cylinder_0.5_0.5_6,outer,2,SA,0.01,2,Double,No_Top,177,244448
result_SELECT_10_Heisenberg2D_cylinder_0.5_0.5_6,outer,2,SA,0.01,2,Double,No_Kink,187,498320
result_SELECT_10_Heisenberg2D_cylinder_0.5_0.5_6,outer,2,SA,0.01,2,Double,Yes_Kink,197,512905
result_SELECT_10_Heisenberg2D_cylinder_0.5_0.5_6,outer,2,SA,0.01,2,Proj,No_MSF,108,160032
result_SELECT_10_Heisenberg2D_cylinder_0.5_0.5_6,outer,2,SA,0.01,2,Proj,No_Top,123,173600
result_SELECT_10_Heisenberg2D_cylinder_0.5_0.5_6,outer,2,SA,0.01,2,Proj,No_Kink,164,799214
result_SELECT_10_Heisenberg2D_cylinder_0.5_0.5_6,outer,2,SA,0.01,2,Proj,Yes_Kink,169,806457
result_SELECT_100_Heisenberg1D_OBC_1_0_6,inner,1,SA,0.01,2,Single,No_MSF,206,309976
result_SELECT_100_Heisenberg1D_OBC_1_0_6,inner,1,SA,0.01,2,Single,No_Top,211,310668
result_SELECT_100_Heisenberg1D_OBC_1_0_6,inner,1,SA,0.01,2,Single,No_Kink,228,573068
result_SELECT_100_Heisenberg1D_OBC_1_0_6,inner,1,SA,0.01,2,Double,No_MSF,185,280324
result_SELECT_100_Heisenberg1D_OBC_1_0_6,inner,1,SA,0.01,2,Double,No_Top,185,273956
result_SELECT_100_Heisenberg1D_OBC_1_0_6,inner,1,SA,0.01,2,Double,No_Kink,193,555137
result_SELECT_100_Heisenberg1D_OBC_1_0_6,inner,1,SA,0.01,2,Double,Yes_Kink,200,590928
result_SELECT_100_Heisenberg1D_OBC_1_0_6,inner,1,SA,0.01,2,Proj,No_MSF,117,184308
result_SELECT_100_Heisenberg1D_OBC_1_0_6,inner,1,SA,0.01,2,Proj,No_Top,123,186412
result_SELECT_100_Heisenberg1D_OBC_1_0_6,inner,1,SA,0.01,2,Proj,No_Kink,170,836273
result_SELECT_100_Heisenberg1D_OBC_1_0_6,inner,1,SA,0.01,2,Proj,Yes_Kink,179,846160
result_trotter_10_Heisenberg2D_cylinder_0.5_0.5_rand,outer,2,SA,0.001,2,Single,No_MSF,744,150900
result_trotter_10_Heisenberg2D_cylinder_0.5_0.5_rand,outer,2,SA,0.001,2,Single,No_Top,1782,229200
result_trotter_10_Heisenberg2D_cylinder_0.5_0.5_rand,outer,2,SA,0.001,2,Single,No_Kink,1797,506055
result_trotter_10_Heisenberg2D_cylinder_0.5_0.5_rand,outer,2,SA,0.001,2,Single,Yes_Kink,1811,509662
result_trotter_10_Heisenberg2D_cylinder_0.5_0.5_rand,outer,2,SA,0.001,2,Double,No_MSF,721,148600
result_trotter_10_Heisenberg2D_cylinder_0.5_0.5_rand,outer,2,SA,0.001,2,Double,No_Top,1777,228700
result_trotter_10_Heisenberg2D_cylinder_0.5_0.5_rand,outer,2,SA,0.001,2,Double,No_Kink,1779,517203
result_trotter_10_Heisenberg2D_cylinder_0.5_0.5_rand,outer,2,SA,0.001,2,Double,Yes_Kink,1779,539169
result_trotter_10_Heisenberg2D_cylinder_0.5_0.5_rand,outer,2,SA,0.001,2,Proj,No_MSF,390,115500
result_trotter_10_Heisenberg2D_cylinder_0.5_0.5_rand,outer,2,SA,0.001,2,Proj,No_Top,1740,225000
result_trotter_10_Heisenberg2D_cylinder_0.5_0.5_rand,outer,2,SA,0.001,2,Proj,No_Kink,1764,1029356
result_trotter_10_Heisenberg2D_cylinder_0.5_0.5_rand,outer,2,SA,0.001,2,Proj,Yes_Kink,1766,1006209
result_trotter_10_Heisenberg2D_cylinder_0.5_0.5_rand,outer,2,random,0.0,1,Single,No_MSF,744,125400
result_trotter_10_Heisenberg2D_cylinder_0.5_0.5_rand,outer,2,random,0.0,1,Single,No_Top,1231,148600
result_trotter_10_Heisenberg2D_cylinder_0.5_0.5_rand,outer,2,random,0.0,1,Single,No_Kink,1307,424669
result_trotter_10_Heisenberg2D_cylinder_0.5_0.5_rand,outer,2,random,0.0,1,Single,Yes_Kink,1325,431445
result_trotter_10_Heisenberg2D_cylinder_0.5_0.5_rand,outer,2,random,0.0,1,Double,No_MSF,721,123100
result_trotter_10_Heisenberg2D_cylinder_0.5_0.5_rand,outer,2,random,0.0,1,Double,No_Top,1211,146600
result_trotter_10_Heisenberg2D_cylinder_0.5_0.5_rand,outer,2,random,0.0,1,Double,No_Kink,1241,460105
result_trotter_10_Heisenberg2D_cylinder_0.5_0.5_rand,outer,2,random,0.0,1,Double,Yes_Kink,1269,464937
result_trotter_10_Heisenberg2D_cylinder_0.5_0.5_rand,outer,2,random,0.0,1,Proj,No_MSF,390,90000
result_trotter_10_Heisenberg2D_cylinder_0.5_0.5_rand,outer,2,random,0.0,1,Proj,No_Top,1160,141500
result_trotter_10_Heisenberg2D_cylinder_0.5_0.5_rand,outer,2,random,0.0,1,Proj,No_Kink,1323,774912
result_trotter_10_Heisenberg2D_cylinder_0.5_0.5_rand,outer,2,random,0.0,1,Proj,Yes_Kink,1347,768020
result_SELECT_100_random_local_OBC_0_0_6,inner,2,SA,0.001,2,Single,No_MSF,247,306944
result_SELECT_100_random_local_OBC_0_0_6,inner,2,SA,0.001,2,Single,No_Top,247,302112
result_SELECT_100_random_local_OBC_0_0_6,inner,2,SA,0.001,2,Single,No_Kink,327,629673
result_SELECT_100_random_local_OBC_0_0_6,inner,2,SA,0.001,2,Single,Yes_Kink,346,664674
result_SELECT_100_random_local_OBC_0_0_6,inner,2,SA,0.001,2,Double,No_MSF,192,241824
result_SELECT_100_random_local_OBC_0_0_6,inner,2,SA,0.001,2,Double,No_Top,193,238176
result_SELECT_100_random_local_OBC_0_0_6,inner,2,SA,0.001,2,Double,No_Kink,291,611161
result_SELECT_100_random_local_OBC_0_0_6,inner,2,SA,0.001,2,Double,Yes_Kink,298,626446
result_SELECT_100_random_local_OBC_0_0_6,inner,2,SA,0.001,2,Proj,No_MSF,128,166048
result_SELECT_100_random_local_OBC_0_0_6,inner,2,SA,0.001,2,Proj,No_Top,128,161216
result_SELECT_100_random_local_OBC_0_0_6,inner,2,SA,0.001,2,Proj,No_Kink,283,1240527
result_SELECT_100_random_local_OBC_0_0_6,inner,2,SA,0.001,2,Proj,Yes_Kink,292,1266958
result_SELECT_10_Heisenberg2D_cylinder_0.5_0.5_5,outer,2,SA,0.01,0,Single,No_MSF,327,246016
result_SELECT_10_Heisenberg2D_cylinder_0.5_0.5_5,outer,2,SA,0.01,0,Single,No_Top,327,240672
result_SELECT_10_Heisenberg2D_cylinder_0.5_0.5_5,outer,2,SA,0.01,0,Single,No_Kink,330,366032
result_SELECT_10_Heisenberg2D_cylinder_0.5_0.5_5,outer,2,SA,0.01,0,Single,Yes_Kink,338,386629
result_SELECT_10_Heisenberg2D_cylinder_0.5_0.5_5,outer,2,SA,0.01,0,Double,No_MSF,290,218784
result_SELECT_10_Heisenberg2D_cylinder_0.5_0.5_5,outer,2,SA,0.01,0,Double,No_Top,290,213440
result_SELECT_10_Heisenberg2D_cylinder_0.5_0.5_5,outer,2,SA,0.01,0,Double,No_Kink,294,353597
result_SELECT_10_Heisenberg2D_cylinder_0.5_0.5_5,outer,2,SA,0.01,0,Double,Yes_Kink,303,357134
result_SELECT_10_Heisenberg2D_cylinder_0.5_0.5_5,outer,2,SA,0.01,0,Proj,No_MSF,213,162112
result_SELECT_10_Heisenberg2D_cylinder_0.5_0.5_5,outer,2,SA,0.01,0,Proj,No_Top,213,156768
result_SELECT_10_Heisenberg2D_cylinder_0.5_0.5_5,outer,2,SA,0.01,0,Proj,No_Kink,240,720824
result_SELECT_10_Heisenberg2D_cylinder_0.5_0.5_5,outer,2,SA,0.01,0,Proj,Yes_Kink,246,717304
result_SELECT_10_Heisenberg2D_cylinder_0.5_0.5_5,inner,2,SA,0.001,2,Single,No_MSF,327,256704
result_SELECT_10_Heisenberg2D_cylinder_0.5_0.5_5,inner,2,SA,0.001,2,Single,No_Top,327,251360
result_SELECT_10_Heisenberg2D_cylinder_0.5_0.5_5,inner,2,SA,0.001,2,Single,No_Kink,329,366610
result_SELECT_10_Heisenberg2D_cylinder_0.5_0.5_5,inner,2,SA,0.001,2,Single,Yes_Kink,330,382037
result_SELECT_10_Heisenberg2D_cylinder_0.5_0.5_5,inner,2,SA,0.001,2,Double,No_MSF,290,229472
result_SELECT_10_Heisenberg2D_cylinder_0.5_0.5_5,inner,2,SA,0.001,2,Double,No_Top,291,224864
result_SELECT_10_Heisenberg2D_cylinder_0.5_0.5_5,inner,2,SA,0.001,2,Double,No_Kink,297,358579
result_SELECT_10_Heisenberg2D_cylinder_0.5_0.5_5,inner,2,SA,0.001,2,Double,Yes_Kink,303,363623
result_SELECT_10_Heisenberg2D_cylinder_0.5_0.5_5,inner,2,SA,0.001,2,Proj,No_MSF,213,172800
result_SELECT_10_Heisenberg2D_cylinder_0.5_0.5_5,inner,2,SA,0.001,2,Proj,No_Top,213,167456
result_SELECT_10_Heisenberg2D_cylinder_0.5_0.5_5,inner,2,SA,0.001,2,Proj,No_Kink,248,710874
result_SELECT_10_Heisenberg2D_cylinder_0.5_0.5_5,inner,2,SA,0.001,2,Proj,Yes_Kink,252,705660
result_trotter_10_Heisenberg2D_cylinder_0.5_0.5_det,inner,2,SA,0.1,2,Single,No_MSF,756,152100
result_trotter_10_Heisenberg2D_cylinder_0.5_0.5_det,inner,2,SA,0.1,2,Single,No_Top,1864,237400
result_trotter_10_Heisenberg2D_cylinder_0.5_0.5_det,inner,2,SA,0.1,2,Single,No_Kink,1869,422034
result_trotter_10_Heisenberg2D_cylinder_0.5_0.5_det,inner,2,SA,0.1,2,Single,Yes_Kink,1877,445317
result_trotter_10_Heisenberg2D_cylinder_0.5_0.5_det,inner,2,SA,0.1,2,Double,No_MSF,749,151400
result_trotter_10_Heisenberg2D_cylinder_0.5_0.5_det,inner,2,SA,0.1,2,Double,No_Top,1861,237100
result_trotter_10_Heisenberg2D_cylinder_0.5_0.5_det,inner,2,SA,0.1,2,Double,No_Kink,1858,387550
result_trotter_10_Heisenberg2D_cylinder_0.5_0.5_det,inner,2,SA,0.1,2,Double,Yes_Kink,1861,405963
result_trotter_10_Heisenberg2D_cylinder_0.5_0.5_det,inner,2,SA,0.1,2,Proj,No_MSF,390,115500
result_trotter_10_Heisenberg2D_cylinder_0.5_0.5_det,inner,2,SA,0.1,2,Proj,No_Top,1740,225000
result_trotter_10_Heisenberg2D_cylinder_0.5_0.5_det,inner,2,SA,0.1,2,Proj,No_Kink,1924,938788
result_trotter_10_Heisenberg2D_cylinder_0.5_0.5_det,inner,2,SA,0.1,2,Proj,Yes_Kink,1926,911920
result_SELECT_10_Heisenberg2D_cylinder_0.5_0.5_2,outer,2,SA,0.1,2,Single,No_MSF,2072,403168
result_SELECT_10_Heisenberg2D_cylinder_0.5_0.5_2,outer,2,SA,0.1,2,Single,No_Top,2072,398624
result_SELECT_10_Heisenberg2D_cylinder_0.5_0.5_2,outer,2,SA,0.1,2,Single,No_Kink,2072,461377
result_SELECT_10_Heisenberg2D_cylinder_0.5_0.5_2,outer,2,SA,0.1,2,Single,Yes_Kink,2072,471920
result_SELECT_10_Heisenberg2D_cylinder_0.5_0.5_2,outer,2,SA,0.1,2,Double,No_MSF,1921,374780
result_SELECT_10_Heisenberg2D_cylinder_0.5_0.5_2,outer,2,SA,0.1,2,Double,No_Top,1921,370236
result_SELECT_10_Heisenberg2D_cylinder_0.5_0.5_2,outer,2,SA,0.1,2,Double,No_Kink,1921,446459
result_SELECT_10_Heisenberg2D_cylinder_0.5_0.5_2,outer,2,SA,0.1,2,Double,Yes_Kink,1991,456322
result_SELECT_10_Heisenberg2D_cylinder_0.5_0.5_2,outer,2,SA,0.1,2,Proj,No_MSF,1668,327216
result_SELECT_10_Heisenberg2D_cylinder_0.5_0.5_2,outer,2,SA,0.1,2,Proj,No_Top,1668,322672
result_SELECT_10_Heisenberg2D_cylinder_0.5_0.5_2,outer,2,SA,0.1,2,Proj,No_Kink,1681,1149286
result_SELECT_10_Heisenberg2D_cylinder_0.5_0.5_2,outer,2,SA,0.1,2,Proj,Yes_Kink,1682,1107937
result_SELECT_10_Z2LatticeGauge2D_PBC_0_0_6,inner,1,SA,1.0,2,Single,No_MSF,113,138212
result_SELECT_10_Z2LatticeGauge2D_PBC_0_0_6,inner,1,SA,1.0,2,Single,No_Top,119,142620
result_SELECT_10_Z2LatticeGauge2D_PBC_0_0_6,inner,1,SA,1.0,2,Single,No_Kink,156,288710
result_SELECT_10_Z2LatticeGauge2D_PBC_0_0_6,inner,1,SA,1.0,2,Double,No_MSF,91,112780
result_SELECT_10_Z2LatticeGauge2D_PBC_0_0_6,inner,1,SA,1.0,2,Double,No_Top,98,118344
result_SELECT_10_Z2LatticeGauge2D_PBC_0_0_6,inner,1,SA,1.0,2,Double,No_Kink,119,259856
result_SELECT_10_Z2LatticeGauge2D_PBC_0_0_6,inner,1,SA,1.0,2,Double,Yes_Kink,122,274048
result_SELECT_10_Z2LatticeGauge2D_PBC_0_0_6,inner,1,SA,1.0,2,Proj,No_MSF,43,57292
result_SELECT_10_Z2LatticeGauge2D_PBC_0_0_6,inner,1,SA,1.0,2,Proj,No_Top,57,70948
result_SELECT_10_Z2LatticeGauge2D_PBC_0_0_6,inner,1,SA,1.0,2,Proj,No_Kink,92,346319
result_SELECT_10_Z2LatticeGauge2D_PBC_0_0_6,inner,1,SA,1.0,2,Proj,Yes_Kink,96,352239
result_SELECT_10_Heisenberg2D_cylinder_0.5_0.5_6,inner,1,SA,1.0,2,Single,No_MSF,211,295168
result_SELECT_10_Heisenberg2D_cylinder_0.5_0.5_6,inner,1,SA,1.0,2,Single,No_Top,211,289056
result_SELECT_10_Heisenberg2D_cylinder_0.5_0.5_6,inner,1,SA,1.0,2,Single,No_Kink,256,574130
result_SELECT_10_Heisenberg2D_cylinder_0.5_0.5_6,inner,1,SA,1.0,2,Double,No_MSF,177,250560
result_SELECT_10_Heisenberg2D_cylinder_0.5_0.5_6,inner,1,SA,1.0,2,Double,No_Top,177,244448
result_SELECT_10_Heisenberg2D_cylinder_0.5_0.5_6,inner,1,SA,1.0,2,Double,No_Kink,203,541781
result_SELECT_10_Heisenberg2D_cylinder_0.5_0.5_6,inner,1,SA,1.0,2,Double,Yes_Kink,214,582533
result_SELECT_10_Heisenberg2D_cylinder_0.5_0.5_6,inner,1,SA,1.0,2,Proj,No_MSF,108,160032
result_SELECT_10_Heisenberg2D_cylinder_0.5_0.5_6,inner,1,SA,1.0,2,Proj,No_Top,123,173600
result_SELECT_10_Heisenberg2D_cylinder_0.5_0.5_6,inner,1,SA,1.0,2,Proj,No_Kink,201,920726
result_SELECT_10_Heisenberg2D_cylinder_0.5_0.5_6,inner,1,SA,1.0,2,Proj,Yes_Kink,209,941344
result_SELECT_10_Heisenberg2D_cylinder_0.5_0.5_1,outer,2,SA,0.01,2,Single,No_MSF,4079,600816
result_SELECT_10_Heisenberg2D_cylinder_0.5_0.5_1,outer,2,SA,0.01,2,Single,No_Top,4080,596480
result_SELECT_10_Heisenberg2D_cylinder_0.5_0.5_1,outer,2,SA,0.01,2,Single,No_Kink,4080,672033
result_SELECT_10_Heisenberg2D_cylinder_0.5_0.5_1,outer,2,SA,0.01,2,Single,Yes_Kink,4080,682693
result_SELECT_10_Heisenberg2D_cylinder_0.5_0.5_1,outer,2,SA,0.01,2,Double,No_MSF,3792,559488
result_SELECT_10_Heisenberg2D_cylinder_0.5_0.5_1,outer,2,SA,0.01,2,Double,No_Top,3793,555152
result_SELECT_10_Heisenberg2D_cylinder_0.5_0.5_1,outer,2,SA,0.01,2,Double,No_Kink,3793,643362
result_SELECT_10_Heisenberg2D_cylinder_0.5_0.5_1,outer,2,SA,0.01,2,Double,Yes_Kink,3931,658952
result_SELECT_10_Heisenberg2D_cylinder_0.5_0.5_1,outer,2,SA,0.01,2,Proj,No_MSF,3333,493392
result_SELECT_10_Heisenberg2D_cylinder_0.5_0.5_1,outer,2,SA,0.01,2,Proj,No_Top,3333,488912
result_SELECT_10_Heisenberg2D_cylinder_0.5_0.5_1,outer,2,SA,0.01,2,Proj,No_Kink,3338,1714710
result_SELECT_10_Heisenberg2D_cylinder_0.5_0.5_1,outer,2,SA,0.01,2,Proj,Yes_Kink,3340,1650885
result_trotter_10_Heisenberg2D_cylinder_0.5_0.5_rand,inner,2,naive,0.0,1,Single,No_MSF,744,125400
result_trotter_10_Heisenberg2D_cylinder_0.5_0.5_rand,inner,2,naive,0.0,1,Single,No_Top,1231,148600
result_trotter_10_Heisenberg2D_cylinder_0.5_0.5_rand,inner,2,naive,0.0,1,Single,No_Kink,1316,384924
result_trotter_10_Heisenberg2D_cylinder_0.5_0.5_rand,inner,2,naive,0.0,1,Single,Yes_Kink,1327,385841
result_trotter_10_Heisenberg2D_cylinder_0.5_0.5_rand,inner,2,naive,0.0,1,Double,No_MSF,721,123100
result_trotter_10_Heisenberg2D_cylinder_0.5_0.5_rand,inner,2,naive,0.0,1,Double,No_Top,1211,146600
result_trotter_10_Heisenberg2D_cylinder_0.5_0.5_rand,inner,2,naive,0.0,1,Double,No_Kink,1249,414839
result_trotter_10_Heisenberg2D_cylinder_0.5_0.5_rand,inner,2,naive,0.0,1,Double,Yes_Kink,1284,418919
result_trotter_10_Heisenberg2D_cylinder_0.5_0.5_rand,inner,2,naive,0.0,1,Proj,No_MSF,390,90000
result_trotter_10_Heisenberg2D_cylinder_0.5_0.5_rand,inner,2,naive,0.0,1,Proj,No_Top,1160,141500
result_trotter_10_Heisenberg2D_cylinder_0.5_0.5_rand,inner,2,naive,0.0,1,Proj,No_Kink,1344,782486
result_trotter_10_Heisenberg2D_cylinder_0.5_0.5_rand,inner,2,naive,0.0,1,Proj,Yes_Kink,1371,778331
result_SELECT_10_Heisenberg2D_cylinder_0.5_0.5_0,outer,2,SA,0.1,2,Single,No_MSF,8099,1001446
result_SELECT_10_Heisenberg2D_cylinder_0.5_0.5_0,outer,2,SA,0.1,2,Single,No_Top,8101,997234
result_SELECT_10_Heisenberg2D_cylinder_0.5_0.5_0,outer,2,SA,0.1,2,Single,No_Kink,8101,1070780
result_SELECT_10_Heisenberg2D_cylinder_0.5_0.5_0,outer,2,SA,0.1,2,Single,Yes_Kink,8101,1081798
result_SELECT_10_Heisenberg2D_cylinder_0.5_0.5_0,outer,2,SA,0.1,2,Double,No_MSF,7536,932760
result_SELECT_10_Heisenberg2D_cylinder_0.5_0.5_0,outer,2,SA,0.1,2,Double,No_Top,7537,928426
result_SELECT_10_Heisenberg2D_cylinder_0.5_0.5_0,outer,2,SA,0.1,2,Double,No_Kink,7537,1015963
result_SELECT_10_Heisenberg2D_cylinder_0.5_0.5_0,outer,2,SA,0.1,2,Double,Yes_Kink,7538,1011861
result_SELECT_10_Heisenberg2D_cylinder_0.5_0.5_0,outer,2,SA,0.1,2,Proj,No_MSF,6660,825888
result_SELECT_10_Heisenberg2D_cylinder_0.5_0.5_0,outer,2,SA,0.1,2,Proj,No_Top,6660,821432
result_SELECT_10_Heisenberg2D_cylinder_0.5_0.5_0,outer,2,SA,0.1,2,Proj,No_Kink,6660,2707018
result_SELECT_10_Heisenberg2D_cylinder_0.5_0.5_0,outer,2,SA,0.1,2,Proj,Yes_Kink,6661,2633268
result_SELECT_10_Heisenberg2D_cylinder_0.5_0.5_6,outer,2,naive,0.0,6,Single,No_MSF,211,319616
result_SELECT_10_Heisenberg2D_cylinder_0.5_0.5_6,outer,2,naive,0.0,6,Single,No_Top,331,470944
result_SELECT_10_Heisenberg2D_cylinder_0.5_0.5_6,outer,2,naive,0.0,6,Single,No_Kink,659,1479470
result_SELECT_10_Heisenberg2D_cylinder_0.5_0.5_6,outer,2,naive,0.0,6,Single,Yes_Kink,605,1437996
result_SELECT_10_Heisenberg2D_cylinder_0.5_0.5_6,outer,2,naive,0.0,6,Double,No_MSF,177,275008
result_SELECT_10_Heisenberg2D_cylinder_0.5_0.5_6,outer,2,naive,0.0,6,Double,No_Top,314,448640
result_SELECT_10_Heisenberg2D_cylinder_0.5_0.5_6,outer,2,naive,0.0,6,Double,No_Kink,588,1427115
result_SELECT_10_Heisenberg2D_cylinder_0.5_0.5_6,outer,2,naive,0.0,6,Double,Yes_Kink,587,1434108
result_SELECT_10_Heisenberg2D_cylinder_0.5_0.5_6,outer,2,naive,0.0,6,Proj,No_MSF,108,184480
result_SELECT_10_Heisenberg2D_cylinder_0.5_0.5_6,outer,2,naive,0.0,6,Proj,No_Top,287,413216
result_SELECT_10_Heisenberg2D_cylinder_0.5_0.5_6,outer,2,naive,0.0,6,Proj,No_Kink,599,2804487
result_SELECT_10_Heisenberg2D_cylinder_0.5_0.5_6,outer,2,naive,0.0,6,Proj,Yes_Kink,612,2819156
result_SELECT_10_Heisenberg2D_cylinder_0.5_0.5_4,inner,2,SA,0.001,0,Single,No_MSF,571,251568
result_SELECT_10_Heisenberg2D_cylinder_0.5_0.5_4,inner,2,SA,0.001,0,Single,No_Top,571,246672
result_SELECT_10_Heisenberg2D_cylinder_0.5_0.5_4,inner,2,SA,0.001,0,Single,No_Kink,575,312232
result_SELECT_10_Heisenberg2D_cylinder_0.5_0.5_4,inner,2,SA,0.001,0,Single,Yes_Kink,574,325969
result_SELECT_10_Heisenberg2D_cylinder_0.5_0.5_4,inner,2,SA,0.001,0,Double,No_MSF,522,230400
result_SELECT_10_Heisenberg2D_cylinder_0.5_0.5_4,inner,2,SA,0.001,0,Double,No_Top,522,225504
result_SELECT_10_Heisenberg2D_cylinder_0.5_0.5_4,inner,2,SA,0.001,0,Double,No_Kink,524,305126
result_SELECT_10_Heisenberg2D_cylinder_0.5_0.5_4,inner,2,SA,0.001,0,Double,Yes_Kink,542,312390
result_SELECT_10_Heisenberg2D_cylinder_0.5_0.5_4,inner,2,SA,0.001,0,Proj,No_MSF,420,186336
result_SELECT_10_Heisenberg2D_cylinder_0.5_0.5_4,inner,2,SA,0.001,0,Proj,No_Top,420,181440
result_SELECT_10_Heisenberg2D_cylinder_0.5_0.5_4,inner,2,SA,0.001,0,Proj,No_Kink,438,734372
result_SELECT_10_Heisenberg2D_cylinder_0.5_0.5_4,inner,2,SA,0.001,0,Proj,Yes_Kink,438,719336
result_SELECT_10_Heisenberg2D_cylinder_0.5_0.5_6,inner,1,naive,0.0,4,Single,No_MSF,211,307392
result_SELECT_10_Heisenberg2D_cylinder_0.5_0.5_6,inner,1,naive,0.0,4,Single,No_Top,254,357696
result_SELECT_10_Heisenberg2D_cylinder_0.5_0.5_6,inner,1,naive,0.0,4,Single,No_Kink,953,2021432
result_SELECT_10_Heisenberg2D_cylinder_0.5_0.5_6,inner,1,naive,0.0,4,Double,No_MSF,177,262784
result_SELECT_10_Heisenberg2D_cylinder_0.5_0.5_6,inner,1,naive,0.0,4,Double,No_Top,239,338016
result_SELECT_10_Heisenberg2D_cylinder_0.5_0.5_6,inner,1,naive,0.0,4,Double,No_Kink,699,1722554
result_SELECT_10_Heisenberg2D_cylinder_0.5_0.5_6,inner,1,naive,0.0,4,Double,Yes_Kink,686,1705497
result_SELECT_10_Heisenberg2D_cylinder_0.5_0.5_6,inner,1,naive,0.0,4,Proj,No_MSF,108,172256
result_SELECT_10_Heisenberg2D_cylinder_0.5_0.5_6,inner,1,naive,0.0,4,Proj,No_Top,205,293408
result_SELECT_10_Heisenberg2D_cylinder_0.5_0.5_6,inner,1,naive,0.0,4,Proj,No_Kink,682,3164090
result_SELECT_10_Heisenberg2D_cylinder_0.5_0.5_6,inner,1,naive,0.0,4,Proj,Yes_Kink,699,3198501
result_SELECT_10_Heisenberg2D_cylinder_0.5_0.5_1,outer,1,SA,1.0,0,Single,No_MSF,4079,591856
result_SELECT_10_Heisenberg2D_cylinder_0.5_0.5_1,outer,1,SA,1.0,0,Single,No_Top,4079,587376
result_SELECT_10_Heisenberg2D_cylinder_0.5_0.5_1,outer,1,SA,1.0,0,Single,No_Kink,4079,654354
result_SELECT_10_Heisenberg2D_cylinder_0.5_0.5_1,outer,1,SA,1.0,0,Double,No_MSF,3792,550528
result_SELECT_10_Heisenberg2D_cylinder_0.5_0.5_1,outer,1,SA,1.0,0,Double,No_Top,3792,546048
result_SELECT_10_Heisenberg2D_cylinder_0.5_0.5_1,outer,1,SA,1.0,0,Double,No_Kink,3792,626358
result_SELECT_10_Heisenberg2D_cylinder_0.5_0.5_1,outer,1,SA,1.0,0,Double,Yes_Kink,3793,625771
result_SELECT_10_Heisenberg2D_cylinder_0.5_0.5_1,outer,1,SA,1.0,0,Proj,No_MSF,3333,484432
result_SELECT_10_Heisenberg2D_cylinder_0.5_0.5_1,outer,1,SA,1.0,0,Proj,No_Top,3333,479952
result_SELECT_10_Heisenberg2D_cylinder_0.5_0.5_1,outer,1,SA,1.0,0,Proj,No_Kink,3334,1600425
result_SELECT_10_Heisenberg2D_cylinder_0.5_0.5_1,outer,1,SA,1.0,0,Proj,Yes_Kink,3335,1534596
result_SELECT_10_Heisenberg2D_cylinder_0.5_0.5_4,outer,1,SA,0.001,0,Single,No_MSF,571,251568
result_SELECT_10_Heisenberg2D_cylinder_0.5_0.5_4,outer,1,SA,0.001,0,Single,No_Top,571,246672
result_SELECT_10_Heisenberg2D_cylinder_0.5_0.5_4,outer,1,SA,0.001,0,Single,No_Kink,579,356842
result_SELECT_10_Heisenberg2D_cylinder_0.5_0.5_4,outer,1,SA,0.001,0,Double,No_MSF,522,230400
result_SELECT_10_Heisenberg2D_cylinder_0.5_0.5_4,outer,1,SA,0.001,0,Double,No_Top,522,225504
result_SELECT_10_Heisenberg2D_cylinder_0.5_0.5_4,outer,1,SA,0.001,0,Double,No_Kink,527,345337
result_SELECT_10_Heisenberg2D_cylinder_0.5_0.5_4,outer,1,SA,0.001,0,Double,Yes_Kink,538,349875
result_SELECT_10_Heisenberg2D_cylinder_0.5_0.5_4,outer,1,SA,0.001,0,Proj,No_MSF,420,186336
result_SELECT_10_Heisenberg2D_cylinder_0.5_0.5_4,outer,1,SA,0.001,0,Proj,No_Top,420,181440
result_SELECT_10_Heisenberg2D_cylinder_0.5_0.5_4,outer,1,SA,0.001,0,Proj,No_Kink,444,710843
result_SELECT_10_Heisenberg2D_cylinder_0.5_0.5_4,outer,1,SA,0.001,0,Proj,Yes_Kink,448,700908
result_SELECT_10_Heisenberg2D_cylinder_0.5_0.5_6,outer,1,SA,0.01,10,Single,No_MSF,211,344064
result_SELECT_10_Heisenberg2D_cylinder_0.5_0.5_6,outer,1,SA,0.01,10,Single,No_Top,483,694816
result_SELECT_10_Heisenberg2D_cylinder_0.5_0.5_6,outer,1,SA,0.01,10,Single,No_Kink,489,1104950
result_SELECT_10_Heisenberg2D_cylinder_0.5_0.5_6,outer,1,SA,0.01,10,Double,No_MSF,177,299456
result_SELECT_10_Heisenberg2D_cylinder_0.5_0.5_6,outer,1,SA,0.01,10,Double,No_Top,473,681696
result_SELECT_10_Heisenberg2D_cylinder_0.5_0.5_6,outer,1,SA,0.01,10,Double,No_Kink,470,1160858
result_SELECT_10_Heisenberg2D_cylinder_0.5_0.5_6,outer,1,SA,0.01,10,Double,Yes_Kink,472,1167751
result_SELECT_10_Heisenberg2D_cylinder_0.5_0.5_6,outer,1,SA,0.01,10,Proj,No_MSF,108,208928
result_SELECT_10_Heisenberg2D_cylinder_0.5_0.5_6,outer,1,SA,0.01,10,Proj,No_Top,451,652832
result_SELECT_10_Heisenberg2D_cylinder_0.5_0.5_6,outer,1,SA,0.01,10,Proj,No_Kink,462,2010246
result_SELECT_10_Heisenberg2D_cylinder_0.5_0.5_6,outer,1,SA,0.01,10,Proj,Yes_Kink,462,1980596
result_SELECT_10_Heisenberg2D_cylinder_0.5_0.5_6,outer,2,SA,0.1,0,Single,No_MSF,211,282944
result_SELECT_10_Heisenberg2D_cylinder_0.5_0.5_6,outer,2,SA,0.1,0,Single,No_Top,211,276832
result_SELECT_10_Heisenberg2D_cylinder_0.5_0.5_6,outer,2,SA,0.1,0,Single,No_Kink,218,469201
result_SELECT_10_Heisenberg2D_cylinder_0.5_0.5_6,outer,2,SA,0.1,0,Single,Yes_Kink,219,487008
result_SELECT_10_Heisenberg2D_cylinder_0.5_0.5_6,outer,2,SA,0.1,0,Double,No_MSF,177,238336
result_SELECT_10_Heisenberg2D_cylinder_0.5_0.5_6,outer,2,SA,0.1,0,Double,No_Top,177,232224
result_SELECT_10_Heisenberg2D_cylinder_0.5_0.5_6,outer,2,SA,0.1,0,Double,No_Kink,182,439391
result_SELECT_10_Heisenberg2D_cylinder_0.5_0.5_6,outer,2,SA,0.1,0,Double,Yes_Kink,190,446794
result_SELECT_10_Heisenberg2D_cylinder_0.5_0.5_6,outer,2,SA,0.1,0,Proj,No_MSF,108,147808
result_SELECT_10_Heisenberg2D_cylinder_0.5_0.5_6,outer,2,SA,0.1,0,Proj,No_Top,108,141696
result_SELECT_10_Heisenberg2D_cylinder_0.5_0.5_6,outer,2,SA,0.1,0,Proj,No_Kink,151,732668
result_SELECT_10_Heisenberg2D_cylinder_0.5_0.5_6,outer,2,SA,0.1,0,Proj,Yes_Kink,157,739972
result_SELECT_10_Z2LatticeGauge2D_PBC_0_0_6,inner,2,random,0.0,2,Single,No_MSF,113,138212
result_SELECT_10_Z2LatticeGauge2D_PBC_0_0_6,inner,2,random,0.0,2,Single,No_Top,119,142620
result_SELECT_10_Z2LatticeGauge2D_PBC_0_0_6,inner,2,random,0.0,2,Single,No_Kink,160,385978
result_SELECT_10_Z2LatticeGauge2D_PBC_0_0_6,inner,2,random,0.0,2,Single,Yes_Kink,162,389944
result_SELECT_10_Z2LatticeGauge2D_PBC_0_0_6,inner,2,random,0.0,2,Double,No_MSF,91,112780
result_SELECT_10_Z2LatticeGauge2D_PBC_0_0_6,inner,2,random,0.0,2,Double,No_Top,98,118344
result_SELECT_10_Z2LatticeGauge2D_PBC_0_0_6,inner,2,random,0.0,2,Double,No_Kink,131,361927
result_SELECT_10_Z2LatticeGauge2D_PBC_0_0_6,inner,2,random,0.0,2,Double,Yes_Kink,136,369695
result_SELECT_10_Z2LatticeGauge2D_PBC_0_0_6,inner,2,random,0.0,2,Proj,No_MSF,43,57292
result_SELECT_10_Z2LatticeGauge2D_PBC_0_0_6,inner,2,random,0.0,2,Proj,No_Top,57,70948
result_SELECT_10_Z2LatticeGauge2D_PBC_0_0_6,inner,2,random,0.0,2,Proj,No_Kink,92,410942
result_SELECT_10_Z2LatticeGauge2D_PBC_0_0_6,inner,2,random,0.0,2,Proj,Yes_Kink,94,413082
result_SELECT_10_Heisenberg2D_cylinder_0.5_0.5_4,inner,1,SA,0.001,2,Single,No_MSF,571,261360
result_SELECT_10_Heisenberg2D_cylinder_0.5_0.5_4,inner,1,SA,0.001,2,Single,No_Top,571,256464
result_SELECT_10_Heisenberg2D_cylinder_0.5_0.5_4,inner,1,SA,0.001,2,Single,No_Kink,577,367924
result_SELECT_10_Heisenberg2D_cylinder_0.5_0.5_4,inner,1,SA,0.001,2,Double,No_MSF,522,240192
result_SELECT_10_Heisenberg2D_cylinder_0.5_0.5_4,inner,1,SA,0.001,2,Double,No_Top,522,235296
result_SELECT_10_Heisenberg2D_cylinder_0.5_0.5_4,inner,1,SA,0.001,2,Double,No_Kink,525,356328
result_SELECT_10_Heisenberg2D_cylinder_0.5_0.5_4,inner,1,SA,0.001,2,Double,Yes_Kink,532,360599
result_SELECT_10_Heisenberg2D_cylinder_0.5_0.5_4,inner,1,SA,0.001,2,Proj,No_MSF,420,196128
result_SELECT_10_Heisenberg2D_cylinder_0.5_0.5_4,inner,1,SA,0.001,2,Proj,No_Top,420,191232
result_SELECT_10_Heisenberg2D_cylinder_0.5_0.5_4,inner,1,SA,0.001,2,Proj,No_Kink,451,715042
result_SELECT_10_Heisenberg2D_cylinder_0.5_0.5_4,inner,1,SA,0.001,2,Proj,Yes_Kink,455,701479
result_trotter_10_Heisenberg2D_cylinder_0.5_0.5_det,inner,2,naive,0.0,1,Single,No_MSF,756,126600
result_trotter_10_Heisenberg2D_cylinder_0.5_0.5_det,inner,2,naive,0.0,1,Single,No_Top,1315,157000
result_trotter_10_Heisenberg2D_cylinder_0.5_0.5_det,inner,2,naive,0.0,1,Single,No_Kink,1373,389922
result_trotter_10_Heisenberg2D_cylinder_0.5_0.5_det,inner,2,naive,0.0,1,Single,Yes_Kink,1385,395897
result_trotter_10_Heisenberg2D_cylinder_0.5_0.5_det,inner,2,naive,0.0,1,Double,No_MSF,749,125900
result_trotter_10_Heisenberg2D_cylinder_0.5_0.5_det,inner,2,naive,0.0,1,Double,No_Top,1292,154700
result_trotter_10_Heisenberg2D_cylinder_0.5_0.5_det,inner,2,naive,0.0,1,Double,No_Kink,1321,432855
result_trotter_10_Heisenberg2D_cylinder_0.5_0.5_det,inner,2,naive,0.0,1,Double,Yes_Kink,1345,428973
result_trotter_10_Heisenberg2D_cylinder_0.5_0.5_det,inner,2,naive,0.0,1,Proj,No_MSF,390,90000
result_trotter_10_Heisenberg2D_cylinder_0.5_0.5_det,inner,2,naive,0.0,1,Proj,No_Top,1160,141500
result_trotter_10_Heisenberg2D_cylinder_0.5_0.5_det,inner,2,naive,0.0,1,Proj,No_Kink,1425,795461
result_trotter_10_Heisenberg2D_cylinder_0.5_0.5_det,inner,2,naive,0.0,1,Proj,Yes_Kink,1455,790071
result_SELECT_10_Heisenberg2D_cylinder_0.5_0.5_6,inner,1,naive,0.0,2,Single,No_MSF,211,295168
result_SELECT_10_Heisenberg2D_cylinder_0.5_0.5_6,inner,1,naive,0.0,2,Single,No_Top,211,289056
result_SELECT_10_Heisenberg2D_cylinder_0.5_0.5_6,inner,1,naive,0.0,2,Single,No_Kink,931,1970606
result_SELECT_10_Heisenberg2D_cylinder_0.5_0.5_6,inner,1,naive,0.0,2,Double,No_MSF,177,250560
result_SELECT_10_Heisenberg2D_cylinder_0.5_0.5_6,inner,1,naive,0.0,2,Double,No_Top,177,244448
result_SELECT_10_Heisenberg2D_cylinder_0.5_0.5_6,inner,1,naive,0.0,2,Double,No_Kink,671,1657033
result_SELECT_10_Heisenberg2D_cylinder_0.5_0.5_6,inner,1,naive,0.0,2,Double,Yes_Kink,673,1655577
result_SELECT_10_Heisenberg2D_cylinder_0.5_0.5_6,inner,1,naive,0.0,2,Proj,No_MSF,108,160032
result_SELECT_10_Heisenberg2D_cylinder_0.5_0.5_6,inner,1,naive,0.0,2,Proj,No_Top,123,173600
result_SELECT_10_Heisenberg2D_cylinder_0.5_0.5_6,inner,1,naive,0.0,2,Proj,No_Kink,684,3161661
result_SELECT_10_Heisenberg2D_cylinder_0.5_0.5_6,inner,1,naive,0.0,2,Proj,Yes_Kink,696,3178018
result_SELECT_10_Heisenberg2D_cylinder_0.5_0.5_0,outer,2,SA,0.001,2,Single,No_MSF,8099,1001446
result_SELECT_10_Heisenberg2D_cylinder_0.5_0.5_0,outer,2,SA,0.001,2,Single,No_Top,8101,997234
result_SELECT_10_Heisenberg2D_cylinder_0.5_0.5_0,outer,2,SA,0.001,2,Single,No_Kink,8101,1068675
result_SELECT_10_Heisenberg2D_cylinder_0.5_0.5_0,outer,2,SA,0.001,2,Single,Yes_Kink,8101,1080585
result_SELECT_10_Heisenberg2D_cylinder_0.5_0.5_0,outer,2,SA,0.001,2,Double,No_MSF,7536,932760
result_SELECT_10_Heisenberg2D_cylinder_0.5_0.5_0,outer,2,SA,0.001,2,Double,No_Top,7537,928426
result_SELECT_10_Heisenberg2D_cylinder_0.5_0.5_0,outer,2,SA,0.001,2,Double,No_Kink,7537,1012698
result_SELECT_10_Heisenberg2D_cylinder_0.5_0.5_0,outer,2,SA,0.001,2,Double,Yes_Kink,7537,1008491
result_SELECT_10_Heisenberg2D_cylinder_0.5_0.5_0,outer,2,SA,0.001,2,Proj,No_MSF,6660,825888
result_SELECT_10_Heisenberg2D_cylinder_0.5_0.5_0,outer,2,SA,0.001,2,Proj,No_Top,6660,821432
result_SELECT_10_Heisenberg2D_cylinder_0.5_0.5_0,outer,2,SA,0.001,2,Proj,No_Kink,6661,2623533
result_SELECT_10_Heisenberg2D_cylinder_0.5_0.5_0,outer,2,SA,0.001,2,Proj,Yes_Kink,6661,2501965
result_trotter_10_Heisenberg2D_cylinder_0.5_0.5_det,inner,2,SA,0.001,2,Single,No_MSF,756,152100
result_trotter_10_Heisenberg2D_cylinder_0.5_0.5_det,inner,2,SA,0.001,2,Single,No_Top,1864,237400
result_trotter_10_Heisenberg2D_cylinder_0.5_0.5_det,inner,2,SA,0.001,2,Single,No_Kink,1874,489439
result_trotter_10_Heisenberg2D_cylinder_0.5_0.5_det,inner,2,SA,0.001,2,Single,Yes_Kink,1888,505132
result_trotter_10_Heisenberg2D_cylinder_0.5_0.5_det,inner,2,SA,0.001,2,Double,No_MSF,749,151400
result_trotter_10_Heisenberg2D_cylinder_0.5_0.5_det,inner,2,SA,0.001,2,Double,No_Top,1861,237100
result_trotter_10_Heisenberg2D_cylinder_0.5_0.5_det,inner,2,SA,0.001,2,Double,No_Kink,1861,474526
result_trotter_10_Heisenberg2D_cylinder_0.5_0.5_det,inner,2,SA,0.001,2,Double,Yes_Kink,1861,492283
result_trotter_10_Heisenberg2D_cylinder_0.5_0.5_det,inner,2,SA,0.001,2,Proj,No_MSF,390,115500
result_trotter_10_Heisenberg2D_cylinder_0.5_0.5_det,inner,2,SA,0.001,2,Proj,No_Top,1740,225000
result_trotter_10_Heisenberg2D_cylinder_0.5_0.5_det,inner,2,SA,0.001,2,Proj,No_Kink,1919,1065707
result_trotter_10_Heisenberg2D_cylinder_0.5_0.5_det,inner,2,SA,0.001,2,Proj,Yes_Kink,1928,1018928
result_SELECT_10_Heisenberg2D_cylinder_0.5_0.5_0,outer,1,random,0.0,0,Single,No_MSF,8099,992534
result_SELECT_10_Heisenberg2D_cylinder_0.5_0.5_0,outer,1,random,0.0,0,Single,No_Top,8099,988078
result_SELECT_10_Heisenberg2D_cylinder_0.5_0.5_0,outer,1,random,0.0,0,Single,No_Kink,8099,1135216
result_SELECT_10_Heisenberg2D_cylinder_0.5_0.5_0,outer,1,random,0.0,0,Double,No_MSF,7536,923848
result_SELECT_10_Heisenberg2D_cylinder_0.5_0.5_0,outer,1,random,0.0,0,Double,No_Top,7536,919392
result_SELECT_10_Heisenberg2D_cylinder_0.5_0.5_0,outer,1,random,0.0,0,Double,No_Kink,7536,1079032
result_SELECT_10_Heisenberg2D_cylinder_0.5_0.5_0,outer,1,random,0.0,0,Double,Yes_Kink,7536,1079479
result_SELECT_10_Heisenberg2D_cylinder_0.5_0.5_0,outer,1,random,0.0,0,Proj,No_MSF,6660,816976
result_SELECT_10_Heisenberg2D_cylinder_0.5_0.5_0,outer,1,random,0.0,0,Proj,No_Top,6660,812520
result_SELECT_10_Heisenberg2D_cylinder_0.5_0.5_0,outer,1,random,0.0,0,Proj,No_Kink,6660,2975407
result_SELECT_10_Heisenberg2D_cylinder_0.5_0.5_0,outer,1,random,0.0,0,Proj,Yes_Kink,6660,2912527
result_SELECT_100_Heisenberg1D_OBC_1_0_6,inner,1,SA,1.0,2,Single,No_MSF,206,309976
result_SELECT_100_Heisenberg1D_OBC_1_0_6,inner,1,SA,1.0,2,Single,No_Top,211,310668
result_SELECT_100_Heisenberg1D_OBC_1_0_6,inner,1,SA,1.0,2,Single,No_Kink,226,537098
result_SELECT_100_Heisenberg1D_OBC_1_0_6,inner,1,SA,1.0,2,Double,No_MSF,185,280324
result_SELECT_100_Heisenberg1D_OBC_1_0_6,inner,1,SA,1.0,2,Double,No_Top,185,273956
result_SELECT_100_Heisenberg1D_OBC_1_0_6,inner,1,SA,1.0,2,Double,No_Kink,192,516492
result_SELECT_100_Heisenberg1D_OBC_1_0_6,inner,1,SA,1.0,2,Double,Yes_Kink,198,543269
result_SELECT_100_Heisenberg1D_OBC_1_0_6,inner,1,SA,1.0,2,Proj,No_MSF,117,184308
result_SELECT_100_Heisenberg1D_OBC_1_0_6,inner,1,SA,1.0,2,Proj,No_Top,123,186412
result_SELECT_100_Heisenberg1D_OBC_1_0_6,inner,1,SA,1.0,2,Proj,No_Kink,167,816989
result_SELECT_100_Heisenberg1D_OBC_1_0_6,inner,1,SA,1.0,2,Proj,Yes_Kink,172,821767
result_trotter_10_Heisenberg2D_cylinder_0.5_0.5_det,outer,2,SA,0.1,2,Single,No_MSF,756,152100
result_trotter_10_Heisenberg2D_cylinder_0.5_0.5_det,outer,2,SA,0.1,2,Single,No_Top,1864,237400
result_trotter_10_Heisenberg2D_cylinder_0.5_0.5_det,outer,2,SA,0.1,2,Single,No_Kink,1882,462497
result_trotter_10_Heisenberg2D_cylinder_0.5_0.5_det,outer,2,SA,0.1,2,Single,Yes_Kink,1895,469348
result_trotter_10_Heisenberg2D_cylinder_0.5_0.5_det,outer,2,SA,0.1,2,Double,No_MSF,749,151400
result_trotter_10_Heisenberg2D_cylinder_0.5_0.5_det,outer,2,SA,0.1,2,Double,No_Top,1861,237100
result_trotter_10_Heisenberg2D_cylinder_0.5_0.5_det,outer,2,SA,0.1,2,Double,No_Kink,1861,463764
result_trotter_10_Heisenberg2D_cylinder_0.5_0.5_det,outer,2,SA,0.1,2,Double,Yes_Kink,1866,504840
result_trotter_10_Heisenberg2D_cylinder_0.5_0.5_det,outer,2,SA,0.1,2,Proj,No_MSF,390,115500
result_trotter_10_Heisenberg2D_cylinder_0.5_0.5_det,outer,2,SA,0.1,2,Proj,No_Top,1740,225000
result_trotter_10_Heisenberg2D_cylinder_0.5_0.5_det,outer,2,SA,0.1,2,Proj,No_Kink,1840,1061689
result_trotter_10_Heisenberg2D_cylinder_0.5_0.5_det,outer,2,SA,0.1,2,Proj,Yes_Kink,1845,1039660
result_SELECT_10_Heisenberg2D_cylinder_0.5_0.5_6,inner,2,SA,0.1,10,Single,No_MSF,211,344064
result_SELECT_10_Heisenberg2D_cylinder_0.5_0.5_6,inner,2,SA,0.1,10,Single,No_Top,483,694816
result_SELECT_10_Heisenberg2D_cylinder_0.5_0.5_6,inner,2,SA,0.1,10,Single,No_Kink,484,949324
result_SELECT_10_Heisenberg2D_cylinder_0.5_0.5_6,inner,2,SA,0.1,10,Single,Yes_Kink,485,964417
result_SELECT_10_Heisenberg2D_cylinder_0.5_0.5_6,inner,2,SA,0.1,10,Double,No_MSF,177,299456
result_SELECT_10_Heisenberg2D_cylinder_0.5_0.5_6,inner,2,SA,0.1,10,Double,No_Top,473,681696
result_SELECT_10_Heisenberg2D_cylinder_0.5_0.5_6,inner,2,SA,0.1,10,Double,No_Kink,473,956448
result_SELECT_10_Heisenberg2D_cylinder_0.5_0.5_6,inner,2,SA,0.1,10,Double,Yes_Kink,479,966579
result_SELECT_10_Heisenberg2D_cylinder_0.5_0.5_6,inner,2,SA,0.1,10,Proj,No_MSF,108,208928
result_SELECT_10_Heisenberg2D_cylinder_0.5_0.5_6,inner,2,SA,0.1,10,Proj,No_Top,451,652832
result_SELECT_10_Heisenberg2D_cylinder_0.5_0.5_6,inner,2,SA,0.1,10,Proj,No_Kink,2178,7378521
result_SELECT_10_Heisenberg2D_cylinder_0.5_0.5_6,inner,2,SA,0.1,10,Proj,Yes_Kink,2201,6959624
result_trotter_10_Heisenberg2D_cylinder_0.5_0.5_det,outer,1,random,0.0,1,Single,No_MSF,756,126600
result_trotter_10_Heisenberg2D_cylinder_0.5_0.5_det,outer,1,random,0.0,1,Single,No_Top,1315,157000
result_trotter_10_Heisenberg2D_cylinder_0.5_0.5_det,outer,1,random,0.0,1,Single,No_Kink,1500,409776
result_trotter_10_Heisenberg2D_cylinder_0.5_0.5_det,outer,1,random,0.0,1,Double,No_MSF,749,125900
result_trotter_10_Heisenberg2D_cylinder_0.5_0.5_det,outer,1,random,0.0,1,Double,No_Top,1292,154700
result_trotter_10_Heisenberg2D_cylinder_0.5_0.5_det,outer,1,random,0.0,1,Double,No_Kink,1434,472271
result_trotter_10_Heisenberg2D_cylinder_0.5_0.5_det,outer,1,random,0.0,1,Double,Yes_Kink,1514,483913
result_trotter_10_Heisenberg2D_cylinder_0.5_0.5_det,outer,1,random,0.0,1,Proj,No_MSF,390,90000
result_trotter_10_Heisenberg2D_cylinder_0.5_0.5_det,outer,1,random,0.0,1,Proj,No_Top,1160,141500
result_trotter_10_Heisenberg2D_cylinder_0.5_0.5_det,outer,1,random,0.0,1,Proj,No_Kink,1406,550631
result_trotter_10_Heisenberg2D_cylinder_0.5_0.5_det,outer,1,random,0.0,1,Proj,Yes_Kink,1442,543617
result_SELECT_10_Heisenberg2D_cylinder_0.5_0.5_6,inner,1,SA,0.1,2,Single,No_MSF,211,295168
result_SELECT_10_Heisenberg2D_cylinder_0.5_0.5_6,inner,1,SA,0.1,2,Single,No_Top,211,289056
result_SELECT_10_Heisenberg2D_cylinder_0.5_0.5_6,inner,1,SA,0.1,2,Single,No_Kink,242,573698
result_SELECT_10_Heisenberg2D_cylinder_0.5_0.5_6,inner,1,SA,0.1,2,Double,No_MSF,177,250560
result_SELECT_10_Heisenberg2D_cylinder_0.5_0.5_6,inner,1,SA,0.1,2,Double,No_Top,177,244448
result_SELECT_10_Heisenberg2D_cylinder_0.5_0.5_6,inner,1,SA,0.1,2,Double,No_Kink,197,552653
result_SELECT_10_Heisenberg2D_cylinder_0.5_0.5_6,inner,1,SA,0.1,2,Double,Yes_Kink,204,588731
result_SELECT_10_Heisenberg2D_cylinder_0.5_0.5_6,inner,1,SA,0.1,2,Proj,No_MSF,108,160032
result_SELECT_10_Heisenberg2D_cylinder_0.5_0.5_6,inner,1,SA,0.1,2,Proj,No_Top,123,173600
result_SELECT_10_Heisenberg2D_cylinder_0.5_0.5_6,inner,1,SA,0.1,2,Proj,No_Kink,186,867451
result_SELECT_10_Heisenberg2D_cylinder_0.5_0.5_6,inner,1,SA,0.1,2,Proj,Yes_Kink,194,886932
result_SELECT_10_Heisenberg2D_cylinder_0.5_0.5_6,inner,2,SA,0.001,8,Single,No_MSF,211,331840
result_SELECT_10_Heisenberg2D_cylinder_0.5_0.5_6,inner,2,SA,0.001,8,Single,No_Top,408,584192
result_SELECT_10_Heisenberg2D_cylinder_0.5_0.5_6,inner,2,SA,0.001,8,Single,No_Kink,408,817941
result_SELECT_10_Heisenberg2D_cylinder_0.5_0.5_6,inner,2,SA,0.001,8,Single,Yes_Kink,408,833046
result_SELECT_10_Heisenberg2D_cylinder_0.5_0.5_6,inner,2,SA,0.001,8,Double,No_MSF,177,287232
result_SELECT_10_Heisenberg2D_cylinder_0.5_0.5_6,inner,2,SA,0.001,8,Double,No_Top,392,563200
result_SELECT_10_Heisenberg2D_cylinder_0.5_0.5_6,inner,2,SA,0.001,8,Double,No_Kink,394,834790
result_SELECT_10_Heisenberg2D_cylinder_0.5_0.5_6,inner,2,SA,0.001,8,Double,Yes_Kink,395,836073
result_SELECT_10_Heisenberg2D_cylinder_0.5_0.5_6,inner,2,SA,0.001,8,Proj,No_MSF,108,196704
result_SELECT_10_Heisenberg2D_cylinder_0.5_0.5_6,inner,2,SA,0.001,8,Proj,No_Top,369,533024
result_SELECT_10_Heisenberg2D_cylinder_0.5_0.5_6,inner,2,SA,0.001,8,Proj,No_Kink,1629,5716419
result_SELECT_10_Heisenberg2D_cylinder_0.5_0.5_6,inner,2,SA,0.001,8,Proj,Yes_Kink,1584,5262007
result_SELECT_10_Heisenberg2D_cylinder_0.5_0.5_2,inner,1,random,0.0,2,Single,No_MSF,2072,403168
result_SELECT_10_Heisenberg2D_cylinder_0.5_0.5_2,inner,1,random,0.0,2,Single,No_Top,2072,398624
result_SELECT_10_Heisenberg2D_cylinder_0.5_0.5_2,inner,1,random,0.0,2,Single,No_Kink,2125,619952
result_SELECT_10_Heisenberg2D_cylinder_0.5_0.5_2,inner,1,random,0.0,2,Double,No_MSF,1921,374780
result_SELECT_10_Heisenberg2D_cylinder_0.5_0.5_2,inner,1,random,0.0,2,Double,No_Top,1921,370236
result_SELECT_10_Heisenberg2D_cylinder_0.5_0.5_2,inner,1,random,0.0,2,Double,No_Kink,1924,581821
result_SELECT_10_Heisenberg2D_cylinder_0.5_0.5_2,inner,1,random,0.0,2,Double,Yes_Kink,1931,582037
result_SELECT_10_Heisenberg2D_cylinder_0.5_0.5_2,inner,1,random,0.0,2,Proj,No_MSF,1668,327216
result_SELECT_10_Heisenberg2D_cylinder_0.5_0.5_2,inner,1,random,0.0,2,Proj,No_Top,1668,322672
result_SELECT_10_Heisenberg2D_cylinder_0.5_0.5_2,inner,1,random,0.0,2,Proj,No_Kink,1681,1198184
result_SELECT_10_Heisenberg2D_cylinder_0.5_0.5_2,inner,1,random,0.0,2,Proj,Yes_Kink,1681,1166955
result_SELECT_10_Heisenberg2D_cylinder_0.5_0.5_6,inner,1,SA,0.001,4,Single,No_MSF,211,307392
result_SELECT_10_Heisenberg2D_cylinder_0.5_0.5_6,inner,1,SA,0.001,4,Single,No_Top,254,357696
result_SELECT_10_Heisenberg2D_cylinder_0.5_0.5_6,inner,1,SA,0.001,4,Single,No_Kink,301,745230
result_SELECT_10_Heisenberg2D_cylinder_0.5_0.5_6,inner,1,SA,0.001,4,Double,No_MSF,177,262784
result_SELECT_10_Heisenberg2D_cylinder_0.5_0.5_6,inner,1,SA,0.001,4,Double,No_Top,239,338016
result_SELECT_10_Heisenberg2D_cylinder_0.5_0.5_6,inner,1,SA,0.001,4,Double,No_Kink,244,737060
result_SELECT_10_Heisenberg2D_cylinder_0.5_0.5_6,inner,1,SA,0.001,4,Double,Yes_Kink,252,754841
result_SELECT_10_Heisenberg2D_cylinder_0.5_0.5_6,inner,1,SA,0.001,4,Proj,No_MSF,108,172256
result_SELECT_10_Heisenberg2D_cylinder_0.5_0.5_6,inner,1,SA,0.001,4,Proj,No_Top,205,293408
result_SELECT_10_Heisenberg2D_cylinder_0.5_0.5_6,inner,1,SA,0.001,4,Proj,No_Kink,248,1119742
result_SELECT_10_Heisenberg2D_cylinder_0.5_0.5_6,inner,1,SA,0.001,4,Proj,Yes_Kink,266,1158095
result_SELECT_10_Heisenberg2D_cylinder_0.5_0.5_4,inner,2,SA,0.01,0,Single,No_MSF,571,251568
result_SELECT_10_Heisenberg2D_cylinder_0.5_0.5_4,inner,2,SA,0.01,0,Single,No_Top,571,246672
result_SELECT_10_Heisenberg2D_cylinder_0.5_0.5_4,inner,2,SA,0.01,0,Single,No_Kink,575,309326
result_SELECT_10_Heisenberg2D_cylinder_0.5_0.5_4,inner,2,SA,0.01,0,Single,Yes_Kink,578,326804
result_SELECT_10_Heisenberg2D_cylinder_0.5_0.5_4,inner,2,SA,0.01,0,Double,No_MSF,522,230400
result_SELECT_10_Heisenberg2D_cylinder_0.5_0.5_4,inner,2,SA,0.01,0,Double,No_Top,522,225504
result_SELECT_10_Heisenberg2D_cylinder_0.5_0.5_4,inner,2,SA,0.01,0,Double,No_Kink,523,302479
result_SELECT_10_Heisenberg2D_cylinder_0.5_0.5_4,inner,2,SA,0.01,0,Double,Yes_Kink,541,308825
result_SELECT_10_Heisenberg2D_cylinder_0.5_0.5_4,inner,2,SA,0.01,0,Proj,No_MSF,420,186336
result_SELECT_10_Heisenberg2D_cylinder_0.5_0.5_4,inner,2,SA,0.01,0,Proj,No_Top,420,181440
result_SELECT_10_Heisenberg2D_cylinder_0.5_0.5_4,inner,2,SA,0.01,0,Proj,No_Kink,435,727061
result_SELECT_10_Heisenberg2D_cylinder_0.5_0.5_4,inner,2,SA,0.01,0,Proj,Yes_Kink,436,713975
result_trotter_10_Heisenberg2D_cylinder_0.5_0.5_det,outer,2,SA,0.001,2,Single,No_MSF,756,152100
result_trotter_10_Heisenberg2D_cylinder_0.5_0.5_det,outer,2,SA,0.001,2,Single,No_Top,1864,237400
result_trotter_10_Heisenberg2D_cylinder_0.5_0.5_det,outer,2,SA,0.001,2,Single,No_Kink,1887,533706
result_trotter_10_Heisenberg2D_cylinder_0.5_0.5_det,outer,2,SA,0.001,2,Single,Yes_Kink,1898,540779
result_trotter_10_Heisenberg2D_cylinder_0.5_0.5_det,outer,2,SA,0.001,2,Double,No_MSF,749,151400
result_trotter_10_Heisenberg2D_cylinder_0.5_0.5_det,outer,2,SA,0.001,2,Double,No_Top,1861,237100
result_trotter_10_Heisenberg2D_cylinder_0.5_0.5_det,outer,2,SA,0.001,2,Double,No_Kink,1861,540244
result_trotter_10_Heisenberg2D_cylinder_0.5_0.5_det,outer,2,SA,0.001,2,Double,Yes_Kink,1863,564314
result_trotter_10_Heisenberg2D_cylinder_0.5_0.5_det,outer,2,SA,0.001,2,Proj,No_MSF,390,115500
result_trotter_10_Heisenberg2D_cylinder_0.5_0.5_det,outer,2,SA,0.001,2,Proj,No_Top,1740,225000
result_trotter_10_Heisenberg2D_cylinder_0.5_0.5_det,outer,2,SA,0.001,2,Proj,No_Kink,1843,1047248
result_trotter_10_Heisenberg2D_cylinder_0.5_0.5_det,outer,2,SA,0.001,2,Proj,Yes_Kink,1848,1023744
result_SELECT_10_Heisenberg2D_cylinder_0.5_0.5_6,outer,1,naive,0.0,10,Single,No_MSF,211,344064
result_SELECT_10_Heisenberg2D_cylinder_0.5_0.5_6,outer,1,naive,0.0,10,Single,No_Top,483,694816
result_SELECT_10_Heisenberg2D_cylinder_0.5_0.5_6,outer,1,naive,0.0,10,Single,No_Kink,1044,2210554
result_SELECT_10_Heisenberg2D_cylinder_0.5_0.5_6,outer,1,naive,0.0,10,Double,No_MSF,177,299456
result_SELECT_10_Heisenberg2D_cylinder_0.5_0.5_6,outer,1,naive,0.0,10,Double,No_Top,473,681696
result_SELECT_10_Heisenberg2D_cylinder_0.5_0.5_6,outer,1,naive,0.0,10,Double,No_Kink,794,1930280
result_SELECT_10_Heisenberg2D_cylinder_0.5_0.5_6,outer,1,naive,0.0,10,Double,Yes_Kink,794,1928569
result_SELECT_10_Heisenberg2D_cylinder_0.5_0.5_6,outer,1,naive,0.0,10,Proj,No_MSF,108,208928
result_SELECT_10_Heisenberg2D_cylinder_0.5_0.5_6,outer,1,naive,0.0,10,Proj,No_Top,451,652832
result_SELECT_10_Heisenberg2D_cylinder_0.5_0.5_6,outer,1,naive,0.0,10,Proj,No_Kink,1107,4933361
result_SELECT_10_Heisenberg2D_cylinder_0.5_0.5_6,outer,1,naive,0.0,10,Proj,Yes_Kink,1181,5067960
result_SELECT_10_Heisenberg2D_cylinder_0.5_0.5_2,outer,1,SA,0.01,0,Single,No_MSF,2072,394080
result_SELECT_10_Heisenberg2D_cylinder_0.5_0.5_2,outer,1,SA,0.01,0,Single,No_Top,2072,389536
result_SELECT_10_Heisenberg2D_cylinder_0.5_0.5_2,outer,1,SA,0.01,0,Single,No_Kink,2080,480710
result_SELECT_10_Heisenberg2D_cylinder_0.5_0.5_2,outer,1,SA,0.01,0,Double,No_MSF,1921,365692
result_SELECT_10_Heisenberg2D_cylinder_0.5_0.5_2,outer,1,SA,0.01,0,Double,No_Top,1921,361148
result_SELECT_10_Heisenberg2D_cylinder_0.5_0.5_2,outer,1,SA,0.01,0,Double,No_Kink,1924,465343
result_SELECT_10_Heisenberg2D_cylinder_0.5_0.5_2,outer,1,SA,0.01,0,Double,Yes_Kink,1934,466408
result_SELECT_10_Heisenberg2D_cylinder_0.5_0.5_2,outer,1,SA,0.01,0,Proj,No_MSF,1668,318128
result_SELECT_10_Heisenberg2D_cylinder_0.5_0.5_2,outer,1,SA,0.01,0,Proj,No_Top,1668,313584
result_SELECT_10_Heisenberg2D_cylinder_0.5_0.5_2,outer,1,SA,0.01,0,Proj,No_Kink,1679,1180125
result_SELECT_10_Heisenberg2D_cylinder_0.5_0.5_2,outer,1,SA,0.01,0,Proj,Yes_Kink,1682,1156251
result_trotter_10_Heisenberg2D_cylinder_0.5_0.5_rand,outer,2,naive,0.0,1,Single,No_MSF,744,125400
result_trotter_10_Heisenberg2D_cylinder_0.5_0.5_rand,outer,2,naive,0.0,1,Single,No_Top,1231,148600
result_trotter_10_Heisenberg2D_cylinder_0.5_0.5_rand,outer,2,naive,0.0,1,Single,No_Kink,1316,384924
result_trotter_10_Heisenberg2D_cylinder_0.5_0.5_rand,outer,2,naive,0.0,1,Single,Yes_Kink,1327,385841
result_trotter_10_Heisenberg2D_cylinder_0.5_0.5_rand,outer,2,naive,0.0,1,Double,No_MSF,721,123100
result_trotter_10_Heisenberg2D_cylinder_0.5_0.5_rand,outer,2,naive,0.0,1,Double,No_Top,1211,146600
result_trotter_10_Heisenberg2D_cylinder_0.5_0.5_rand,outer,2,naive,0.0,1,Double,No_Kink,1249,414839
result_trotter_10_Heisenberg2D_cylinder_0.5_0.5_rand,outer,2,naive,0.0,1,Double,Yes_Kink,1284,418919
result_trotter_10_Heisenberg2D_cylinder_0.5_0.5_rand,outer,2,naive,0.0,1,Proj,No_MSF,390,90000
result_trotter_10_Heisenberg2D_cylinder_0.5_0.5_rand,outer,2,naive,0.0,1,Proj,No_Top,1160,141500
result_trotter_10_Heisenberg2D_cylinder_0.5_0.5_rand,outer,2,naive,0.0,1,Proj,No_Kink,1344,782486
result_trotter_10_Heisenberg2D_cylinder_0.5_0.5_rand,outer,2,naive,0.0,1,Proj,Yes_Kink,1371,778331
result_SELECT_10_Heisenberg2D_cylinder_0.5_0.5_6,inner,1,SA,0.001,2,Single,No_MSF,211,295168
result_SELECT_10_Heisenberg2D_cylinder_0.5_0.5_6,inner,1,SA,0.001,2,Single,No_Top,211,289056
result_SELECT_10_Heisenberg2D_cylinder_0.5_0.5_6,inner,1,SA,0.001,2,Single,No_Kink,278,660550
result_SELECT_10_Heisenberg2D_cylinder_0.5_0.5_6,inner,1,SA,0.001,2,Double,No_MSF,177,250560
result_SELECT_10_Heisenberg2D_cylinder_0.5_0.5_6,inner,1,SA,0.001,2,Double,No_Top,177,244448
result_SELECT_10_Heisenberg2D_cylinder_0.5_0.5_6,inner,1,SA,0.001,2,Double,No_Kink,209,612015
result_SELECT_10_Heisenberg2D_cylinder_0.5_0.5_6,inner,1,SA,0.001,2,Double,Yes_Kink,223,652642
result_SELECT_10_Heisenberg2D_cylinder_0.5_0.5_6,inner,1,SA,0.001,2,Proj,No_MSF,108,160032
result_SELECT_10_Heisenberg2D_cylinder_0.5_0.5_6,inner,1,SA,0.001,2,Proj,No_Top,123,173600
result_SELECT_10_Heisenberg2D_cylinder_0.5_0.5_6,inner,1,SA,0.001,2,Proj,No_Kink,203,945972
result_SELECT_10_Heisenberg2D_cylinder_0.5_0.5_6,inner,1,SA,0.001,2,Proj,Yes_Kink,213,966544
result_SELECT_10_Heisenberg2D_cylinder_0.5_0.5_1,inner,1,SA,0.01,2,Single,No_MSF,4079,600816
result_SELECT_10_Heisenberg2D_cylinder_0.5_0.5_1,inner,1,SA,0.01,2,Single,No_Top,4080,596480
result_SELECT_10_Heisenberg2D_cylinder_0.5_0.5_1,inner,1,SA,0.01,2,Single,No_Kink,4095,685320
result_SELECT_10_Heisenberg2D_cylinder_0.5_0.5_1,inner,1,SA,0.01,2,Double,No_MSF,3792,559488
result_SELECT_10_Heisenberg2D_cylinder_0.5_0.5_1,inner,1,SA,0.01,2,Double,No_Top,3793,555152
result_SELECT_10_Heisenberg2D_cylinder_0.5_0.5_1,inner,1,SA,0.01,2,Double,No_Kink,3804,657525
result_SELECT_10_Heisenberg2D_cylinder_0.5_0.5_1,inner,1,SA,0.01,2,Double,Yes_Kink,3806,658128
result_SELECT_10_Heisenberg2D_cylinder_0.5_0.5_1,inner,1,SA,0.01,2,Proj,No_MSF,3333,493392
result_SELECT_10_Heisenberg2D_cylinder_0.5_0.5_1,inner,1,SA,0.01,2,Proj,No_Top,3333,488912
result_SELECT_10_Heisenberg2D_cylinder_0.5_0.5_1,inner,1,SA,0.01,2,Proj,No_Kink,3342,1575679
result_SELECT_10_Heisenberg2D_cylinder_0.5_0.5_1,inner,1,SA,0.01,2,Proj,Yes_Kink,3390,1545749
result_SELECT_10_Heisenberg2D_cylinder_0.5_0.5_0,outer,1,SA,0.01,0,Single,No_MSF,8099,992534
result_SELECT_10_Heisenberg2D_cylinder_0.5_0.5_0,outer,1,SA,0.01,0,Single,No_Top,8099,988078
result_SELECT_10_Heisenberg2D_cylinder_0.5_0.5_0,outer,1,SA,0.01,0,Single,No_Kink,8099,1080842
result_SELECT_10_Heisenberg2D_cylinder_0.5_0.5_0,outer,1,SA,0.01,0,Double,No_MSF,7536,923848
result_SELECT_10_Heisenberg2D_cylinder_0.5_0.5_0,outer,1,SA,0.01,0,Double,No_Top,7536,919392
result_SELECT_10_Heisenberg2D_cylinder_0.5_0.5_0,outer,1,SA,0.01,0,Double,No_Kink,7536,1025622
result_SELECT_10_Heisenberg2D_cylinder_0.5_0.5_0,outer,1,SA,0.01,0,Double,Yes_Kink,7536,1023443
result_SELECT_10_Heisenberg2D_cylinder_0.5_0.5_0,outer,1,SA,0.01,0,Proj,No_MSF,6660,816976
result_SELECT_10_Heisenberg2D_cylinder_0.5_0.5_0,outer,1,SA,0.01,0,Proj,No_Top,6660,812520
result_SELECT_10_Heisenberg2D_cylinder_0.5_0.5_0,outer,1,SA,0.01,0,Proj,No_Kink,6666,2781980
result_SELECT_10_Heisenberg2D_cylinder_0.5_0.5_0,outer,1,SA,0.01,0,Proj,Yes_Kink,6664,2733219
result_trotter_10_Heisenberg2D_cylinder_0.5_0.5_rand,inner,1,SA,0.1,1,Single,No_MSF,744,125400
result_trotter_10_Heisenberg2D_cylinder_0.5_0.5_rand,inner,1,SA,0.1,1,Single,No_Top,1231,148600
result_trotter_10_Heisenberg2D_cylinder_0.5_0.5_rand,inner,1,SA,0.1,1,Single,No_Kink,1385,356628
result_trotter_10_Heisenberg2D_cylinder_0.5_0.5_rand,inner,1,SA,0.1,1,Double,No_MSF,721,123100
result_trotter_10_Heisenberg2D_cylinder_0.5_0.5_rand,inner,1,SA,0.1,1,Double,No_Top,1211,146600
result_trotter_10_Heisenberg2D_cylinder_0.5_0.5_rand,inner,1,SA,0.1,1,Double,No_Kink,1346,401896
result_trotter_10_Heisenberg2D_cylinder_0.5_0.5_rand,inner,1,SA,0.1,1,Double,Yes_Kink,1444,430138
result_trotter_10_Heisenberg2D_cylinder_0.5_0.5_rand,inner,1,SA,0.1,1,Proj,No_MSF,390,90000
result_trotter_10_Heisenberg2D_cylinder_0.5_0.5_rand,inner,1,SA,0.1,1,Proj,No_Top,1160,141500
result_trotter_10_Heisenberg2D_cylinder_0.5_0.5_rand,inner,1,SA,0.1,1,Proj,No_Kink,1572,596136
result_trotter_10_Heisenberg2D_cylinder_0.5_0.5_rand,inner,1,SA,0.1,1,Proj,Yes_Kink,1599,567499
result_SELECT_10_Heisenberg2D_cylinder_0.5_0.5_2,outer,1,random,0.0,2,Single,No_MSF,2072,403168
result_SELECT_10_Heisenberg2D_cylinder_0.5_0.5_2,outer,1,random,0.0,2,Single,No_Top,2072,398624
result_SELECT_10_Heisenberg2D_cylinder_0.5_0.5_2,outer,1,random,0.0,2,Single,No_Kink,2088,611190
result_SELECT_10_Heisenberg2D_cylinder_0.5_0.5_2,outer,1,random,0.0,2,Double,No_MSF,1921,374780
result_SELECT_10_Heisenberg2D_cylinder_0.5_0.5_2,outer,1,random,0.0,2,Double,No_Top,1921,370236
result_SELECT_10_Heisenberg2D_cylinder_0.5_0.5_2,outer,1,random,0.0,2,Double,No_Kink,1921,574643
result_SELECT_10_Heisenberg2D_cylinder_0.5_0.5_2,outer,1,random,0.0,2,Double,Yes_Kink,1927,575790
result_SELECT_10_Heisenberg2D_cylinder_0.5_0.5_2,outer,1,random,0.0,2,Proj,No_MSF,1668,327216
result_SELECT_10_Heisenberg2D_cylinder_0.5_0.5_2,outer,1,random,0.0,2,Proj,No_Top,1668,322672
result_SELECT_10_Heisenberg2D_cylinder_0.5_0.5_2,outer,1,random,0.0,2,Proj,No_Kink,1679,1203516
result_SELECT_10_Heisenberg2D_cylinder_0.5_0.5_2,outer,1,random,0.0,2,Proj,Yes_Kink,1681,1179045
result_SELECT_10_FermiHubbard2D_cylinder_0_0_6,inner,2,SA,0.1,2,Single,No_MSF,489,708804
result_SELECT_10_FermiHubbard2D_cylinder_0_0_6,inner,2,SA,0.1,2,Single,No_Top,489,702692
result_SELECT_10_FermiHubbard2D_cylinder_0_0_6,inner,2,SA,0.1,2,Single,No_Kink,495,933646
result_SELECT_10_FermiHubbard2D_cylinder_0_0_6,inner,2,SA,0.1,2,Single,Yes_Kink,498,964891
result_SELECT_10_FermiHubbard2D_cylinder_0_0_6,inner,2,SA,0.1,2,Double,No_MSF,473,686212
result_SELECT_10_FermiHubbard2D_cylinder_0_0_6,inner,2,SA,0.1,2,Double,No_Top,473,680100
result_SELECT_10_FermiHubbard2D_cylinder_0_0_6,inner,2,SA,0.1,2,Double,No_Kink,476,928542
result_SELECT_10_FermiHubbard2D_cylinder_0_0_6,inner,2,SA,0.1,2,Double,Yes_Kink,487,950858
result_SELECT_10_FermiHubbard2D_cylinder_0_0_6,inner,2,SA,0.1,2,Proj,No_MSF,407,593020
result_SELECT_10_FermiHubbard2D_cylinder_0_0_6,inner,2,SA,0.1,2,Proj,No_Top,407,586908
result_SELECT_10_FermiHubbard2D_cylinder_0_0_6,inner,2,SA,0.1,2,Proj,No_Kink,446,2185484
result_SELECT_10_FermiHubbard2D_cylinder_0_0_6,inner,2,SA,0.1,2,Proj,Yes_Kink,448,2180569
result_trotter_10_Heisenberg2D_cylinder_0.5_0.5_det,inner,1,SA,0.001,1,Single,No_MSF,756,126600
result_trotter_10_Heisenberg2D_cylinder_0.5_0.5_det,inner,1,SA,0.001,1,Single,No_Top,1315,157000
result_trotter_10_Heisenberg2D_cylinder_0.5_0.5_det,inner,1,SA,0.001,1,Single,No_Kink,1436,410848
result_trotter_10_Heisenberg2D_cylinder_0.5_0.5_det,inner,1,SA,0.001,1,Double,No_MSF,749,125900
result_trotter_10_Heisenberg2D_cylinder_0.5_0.5_det,inner,1,SA,0.001,1,Double,No_Top,1292,154700
result_trotter_10_Heisenberg2D_cylinder_0.5_0.5_det,inner,1,SA,0.001,1,Double,No_Kink,1418,478290
result_trotter_10_Heisenberg2D_cylinder_0.5_0.5_det,inner,1,SA,0.001,1,Double,Yes_Kink,1533,498719
result_trotter_10_Heisenberg2D_cylinder_0.5_0.5_det,inner,1,SA,0.001,1,Proj,No_MSF,390,90000
result_trotter_10_Heisenberg2D_cylinder_0.5_0.5_det,inner,1,SA,0.001,1,Proj,No_Top,1160,141500
result_trotter_10_Heisenberg2D_cylinder_0.5_0.5_det,inner,1,SA,0.001,1,Proj,No_Kink,1621,634177
result_trotter_10_Heisenberg2D_cylinder_0.5_0.5_det,inner,1,SA,0.001,1,Proj,Yes_Kink,1666,624580
result_SELECT_10_Heisenberg2D_cylinder_0.5_0.5_6,outer,1,SA,1.0,10,Single,No_MSF,211,344064
result_SELECT_10_Heisenberg2D_cylinder_0.5_0.5_6,outer,1,SA,1.0,10,Single,No_Top,483,694816
result_SELECT_10_Heisenberg2D_cylinder_0.5_0.5_6,outer,1,SA,1.0,10,Single,No_Kink,496,1115426
result_SELECT_10_Heisenberg2D_cylinder_0.5_0.5_6,outer,1,SA,1.0,10,Double,No_MSF,177,299456
result_SELECT_10_Heisenberg2D_cylinder_0.5_0.5_6,outer,1,SA,1.0,10,Double,No_Top,473,681696
result_SELECT_10_Heisenberg2D_cylinder_0.5_0.5_6,outer,1,SA,1.0,10,Double,No_Kink,473,1174283
result_SELECT_10_Heisenberg2D_cylinder_0.5_0.5_6,outer,1,SA,1.0,10,Double,Yes_Kink,478,1167403
result_SELECT_10_Heisenberg2D_cylinder_0.5_0.5_6,outer,1,SA,1.0,10,Proj,No_MSF,108,208928
result_SELECT_10_Heisenberg2D_cylinder_0.5_0.5_6,outer,1,SA,1.0,10,Proj,No_Top,451,652832
result_SELECT_10_Heisenberg2D_cylinder_0.5_0.5_6,outer,1,SA,1.0,10,Proj,No_Kink,473,2023582
result_SELECT_10_Heisenberg2D_cylinder_0.5_0.5_6,outer,1,SA,1.0,10,Proj,Yes_Kink,466,1991516
result_SELECT_10_Heisenberg2D_cylinder_0.5_0.5_4,outer,1,SA,0.1,0,Single,No_MSF,571,251568
result_SELECT_10_Heisenberg2D_cylinder_0.5_0.5_4,outer,1,SA,0.1,0,Single,No_Top,571,246672
result_SELECT_10_Heisenberg2D_cylinder_0.5_0.5_4,outer,1,SA,0.1,0,Single,No_Kink,580,347952
result_SELECT_10_Heisenberg2D_cylinder_0.5_0.5_4,outer,1,SA,0.1,0,Double,No_MSF,522,230400
result_SELECT_10_Heisenberg2D_cylinder_0.5_0.5_4,outer,1,SA,0.1,0,Double,No_Top,522,225504
result_SELECT_10_Heisenberg2D_cylinder_0.5_0.5_4,outer,1,SA,0.1,0,Double,No_Kink,526,336110
result_SELECT_10_Heisenberg2D_cylinder_0.5_0.5_4,outer,1,SA,0.1,0,Double,Yes_Kink,529,335180
result_SELECT_10_Heisenberg2D_cylinder_0.5_0.5_4,outer,1,SA,0.1,0,Proj,No_MSF,420,186336
result_SELECT_10_Heisenberg2D_cylinder_0.5_0.5_4,outer,1,SA,0.1,0,Proj,No_Top,420,181440
result_SELECT_10_Heisenberg2D_cylinder_0.5_0.5_4,outer,1,SA,0.1,0,Proj,No_Kink,444,713986
result_SELECT_10_Heisenberg2D_cylinder_0.5_0.5_4,outer,1,SA,0.1,0,Proj,Yes_Kink,446,702389
result_SELECT_10_Heisenberg2D_cylinder_0.5_0.5_1,inner,2,naive,0.0,2,Single,No_MSF,4079,600816
result_SELECT_10_Heisenberg2D_cylinder_0.5_0.5_1,inner,2,naive,0.0,2,Single,No_Top,4080,596480
result_SELECT_10_Heisenberg2D_cylinder_0.5_0.5_1,inner,2,naive,0.0,2,Single,No_Kink,4080,674589
result_SELECT_10_Heisenberg2D_cylinder_0.5_0.5_1,inner,2,naive,0.0,2,Single,Yes_Kink,4080,697285
result_SELECT_10_Heisenberg2D_cylinder_0.5_0.5_1,inner,2,naive,0.0,2,Double,No_MSF,3792,559488
result_SELECT_10_Heisenberg2D_cylinder_0.5_0.5_1,inner,2,naive,0.0,2,Double,No_Top,3793,555152
result_SELECT_10_Heisenberg2D_cylinder_0.5_0.5_1,inner,2,naive,0.0,2,Double,No_Kink,3793,645476
result_SELECT_10_Heisenberg2D_cylinder_0.5_0.5_1,inner,2,naive,0.0,2,Double,Yes_Kink,3794,643666
result_SELECT_10_Heisenberg2D_cylinder_0.5_0.5_1,inner,2,naive,0.0,2,Proj,No_MSF,3333,493392
result_SELECT_10_Heisenberg2D_cylinder_0.5_0.5_1,inner,2,naive,0.0,2,Proj,No_Top,3333,488912
result_SELECT_10_Heisenberg2D_cylinder_0.5_0.5_1,inner,2,naive,0.0,2,Proj,No_Kink,3343,1659831
result_SELECT_10_Heisenberg2D_cylinder_0.5_0.5_1,inner,2,naive,0.0,2,Proj,Yes_Kink,3342,1636504
result_SELECT_10_Heisenberg2D_cylinder_0.5_0.5_4,inner,1,SA,1.0,0,Single,No_MSF,571,251568
result_SELECT_10_Heisenberg2D_cylinder_0.5_0.5_4,inner,1,SA,1.0,0,Single,No_Top,571,246672
result_SELECT_10_Heisenberg2D_cylinder_0.5_0.5_4,inner,1,SA,1.0,0,Single,No_Kink,574,310318
result_SELECT_10_Heisenberg2D_cylinder_0.5_0.5_4,inner,1,SA,1.0,0,Double,No_MSF,522,230400
result_SELECT_10_Heisenberg2D_cylinder_0.5_0.5_4,inner,1,SA,1.0,0,Double,No_Top,522,225504
result_SELECT_10_Heisenberg2D_cylinder_0.5_0.5_4,inner,1,SA,1.0,0,Double,No_Kink,528,305597
result_SELECT_10_Heisenberg2D_cylinder_0.5_0.5_4,inner,1,SA,1.0,0,Double,Yes_Kink,531,307617
result_SELECT_10_Heisenberg2D_cylinder_0.5_0.5_4,inner,1,SA,1.0,0,Proj,No_MSF,420,186336
result_SELECT_10_Heisenberg2D_cylinder_0.5_0.5_4,inner,1,SA,1.0,0,Proj,No_Top,420,181440
result_SELECT_10_Heisenberg2D_cylinder_0.5_0.5_4,inner,1,SA,1.0,0,Proj,No_Kink,436,681791
result_SELECT_10_Heisenberg2D_cylinder_0.5_0.5_4,inner,1,SA,1.0,0,Proj,Yes_Kink,439,669568
result_SELECT_10_Heisenberg2D_cylinder_0.5_0.5_6,inner,2,SA,0.01,8,Single,No_MSF,211,331840
result_SELECT_10_Heisenberg2D_cylinder_0.5_0.5_6,inner,2,SA,0.01,8,Single,No_Top,408,584192
result_SELECT_10_Heisenberg2D_cylinder_0.5_0.5_6,inner,2,SA,0.01,8,Single,No_Kink,408,827331
result_SELECT_10_Heisenberg2D_cylinder_0.5_0.5_6,inner,2,SA,0.01,8,Single,Yes_Kink,409,843846
result_SELECT_10_Heisenberg2D_cylinder_0.5_0.5_6,inner,2,SA,0.01,8,Double,No_MSF,177,287232
result_SELECT_10_Heisenberg2D_cylinder_0.5_0.5_6,inner,2,SA,0.01,8,Double,No_Top,392,563200
result_SELECT_10_Heisenberg2D_cylinder_0.5_0.5_6,inner,2,SA,0.01,8,Double,No_Kink,394,840147
result_SELECT_10_Heisenberg2D_cylinder_0.5_0.5_6,inner,2,SA,0.01,8,Double,Yes_Kink,398,845727
result_SELECT_10_Heisenberg2D_cylinder_0.5_0.5_6,inner,2,SA,0.01,8,Proj,No_MSF,108,196704
result_SELECT_10_Heisenberg2D_cylinder_0.5_0.5_6,inner,2,SA,0.01,8,Proj,No_Top,369,533024
result_SELECT_10_Heisenberg2D_cylinder_0.5_0.5_6,inner,2,SA,0.01,8,Proj,No_Kink,1179,4256150
result_SELECT_10_Heisenberg2D_cylinder_0.5_0.5_6,inner,2,SA,0.01,8,Proj,Yes_Kink,1153,3928427
result_SELECT_10_Heisenberg2D_cylinder_0.5_0.5_6,outer,2,naive,0.0,4,Single,No_MSF,211,307392
result_SELECT_10_Heisenberg2D_cylinder_0.5_0.5_6,outer,2,naive,0.0,4,Single,No_Top,254,357696
result_SELECT_10_Heisenberg2D_cylinder_0.5_0.5_6,outer,2,naive,0.0,4,Single,No_Kink,656,1434531
result_SELECT_10_Heisenberg2D_cylinder_0.5_0.5_6,outer,2,naive,0.0,4,Single,Yes_Kink,602,1388078
result_SELECT_10_Heisenberg2D_cylinder_0.5_0.5_6,outer,2,naive,0.0,4,Double,No_MSF,177,262784
result_SELECT_10_Heisenberg2D_cylinder_0.5_0.5_6,outer,2,naive,0.0,4,Double,No_Top,239,338016
result_SELECT_10_Heisenberg2D_cylinder_0.5_0.5_6,outer,2,naive,0.0,4,Double,No_Kink,569,1358419
result_SELECT_10_Heisenberg2D_cylinder_0.5_0.5_6,outer,2,naive,0.0,4,Double,Yes_Kink,582,1382047
result_SELECT_10_Heisenberg2D_cylinder_0.5_0.5_6,outer,2,naive,0.0,4,Proj,No_MSF,108,172256
result_SELECT_10_Heisenberg2D_cylinder_0.5_0.5_6,outer,2,naive,0.0,4,Proj,No_Top,205,293408
result_SELECT_10_Heisenberg2D_cylinder_0.5_0.5_6,outer,2,naive,0.0,4,Proj,No_Kink,563,2679995
result_SELECT_10_Heisenberg2D_cylinder_0.5_0.5_6,outer,2,naive,0.0,4,Proj,Yes_Kink,573,2691117
result_SELECT_10_FermiHubbard2D_cylinder_0_0_6,outer,2,SA,0.1,2,Single,No_MSF,489,708804
result_SELECT_10_FermiHubbard2D_cylinder_0_0_6,outer,2,SA,0.1,2,Single,No_Top,489,702692
result_SELECT_10_FermiHubbard2D_cylinder_0_0_6,outer,2,SA,0.1,2,Single,No_Kink,495,997539
result_SELECT_10_FermiHubbard2D_cylinder_0_0_6,outer,2,SA,0.1,2,Single,Yes_Kink,496,1023654
result_SELECT_10_FermiHubbard2D_cylinder_0_0_6,outer,2,SA,0.1,2,Double,No_MSF,473,686212
result_SELECT_10_FermiHubbard2D_cylinder_0_0_6,outer,2,SA,0.1,2,Double,No_Top,473,680100
result_SELECT_10_FermiHubbard2D_cylinder_0_0_6,outer,2,SA,0.1,2,Double,No_Kink,477,991242
result_SELECT_10_FermiHubbard2D_cylinder_0_0_6,outer,2,SA,0.1,2,Double,Yes_Kink,489,1012891
result_SELECT_10_FermiHubbard2D_cylinder_0_0_6,outer,2,SA,0.1,2,Proj,No_MSF,407,593020
result_SELECT_10_FermiHubbard2D_cylinder_0_0_6,outer,2,SA,0.1,2,Proj,No_Top,407,586908
result_SELECT_10_FermiHubbard2D_cylinder_0_0_6,outer,2,SA,0.1,2,Proj,No_Kink,445,2213282
result_SELECT_10_FermiHubbard2D_cylinder_0_0_6,outer,2,SA,0.1,2,Proj,Yes_Kink,450,2199922
result_SELECT_10_Heisenberg2D_cylinder_0.5_0.5_1,outer,2,naive,0.0,2,Single,No_MSF,4079,600816
result_SELECT_10_Heisenberg2D_cylinder_0.5_0.5_1,outer,2,naive,0.0,2,Single,No_Top,4080,596480
result_SELECT_10_Heisenberg2D_cylinder_0.5_0.5_1,outer,2,naive,0.0,2,Single,No_Kink,4080,674589
result_SELECT_10_Heisenberg2D_cylinder_0.5_0.5_1,outer,2,naive,0.0,2,Single,Yes_Kink,4080,697285
result_SELECT_10_Heisenberg2D_cylinder_0.5_0.5_1,outer,2,naive,0.0,2,Double,No_MSF,3792,559488
result_SELECT_10_Heisenberg2D_cylinder_0.5_0.5_1,outer,2,naive,0.0,2,Double,No_Top,3793,555152
result_SELECT_10_Heisenberg2D_cylinder_0.5_0.5_1,outer,2,naive,0.0,2,Double,No_Kink,3793,645476
result_SELECT_10_Heisenberg2D_cylinder_0.5_0.5_1,outer,2,naive,0.0,2,Double,Yes_Kink,3794,643666
result_SELECT_10_Heisenberg2D_cylinder_0.5_0.5_1,outer,2,naive,0.0,2,Proj,No_MSF,3333,493392
result_SELECT_10_Heisenberg2D_cylinder_0.5_0.5_1,outer,2,naive,0.0,2,Proj,No_Top,3333,488912
result_SELECT_10_Heisenberg2D_cylinder_0.5_0.5_1,outer,2,naive,0.0,2,Proj,No_Kink,3343,1659831
result_SELECT_10_Heisenberg2D_cylinder_0.5_0.5_1,outer,2,naive,0.0,2,Proj,Yes_Kink,3342,1636504
result_SELECT_10_FermiHubbard2D_cylinder_0_0_6,outer,1,naive,0.0,2,Single,No_MSF,489,708804
result_SELECT_10_FermiHubbard2D_cylinder_0_0_6,outer,1,naive,0.0,2,Single,No_Top,489,702692
result_SELECT_10_FermiHubbard2D_cylinder_0_0_6,outer,1,naive,0.0,2,Single,No_Kink,1471,3169306
result_SELECT_10_FermiHubbard2D_cylinder_0_0_6,outer,1,naive,0.0,2,Double,No_MSF,473,686212
result_SELECT_10_FermiHubbard2D_cylinder_0_0_6,outer,1,naive,0.0,2,Double,No_Top,473,680100
result_SELECT_10_FermiHubbard2D_cylinder_0_0_6,outer,1,naive,0.0,2,Double,No_Kink,1100,2681478
result_SELECT_10_FermiHubbard2D_cylinder_0_0_6,outer,1,naive,0.0,2,Double,Yes_Kink,1103,2683713
result_SELECT_10_FermiHubbard2D_cylinder_0_0_6,outer,1,naive,0.0,2,Proj,No_MSF,407,593020
result_SELECT_10_FermiHubbard2D_cylinder_0_0_6,outer,1,naive,0.0,2,Proj,No_Top,407,586908
result_SELECT_10_FermiHubbard2D_cylinder_0_0_6,outer,1,naive,0.0,2,Proj,No_Kink,955,4642990
result_SELECT_10_FermiHubbard2D_cylinder_0_0_6,outer,1,naive,0.0,2,Proj,Yes_Kink,975,4694110
result_SELECT_10_Heisenberg2D_cylinder_0.5_0.5_6,outer,2,SA,1.0,4,Single,No_MSF,211,307392
result_SELECT_10_Heisenberg2D_cylinder_0.5_0.5_6,outer,2,SA,1.0,4,Single,No_Top,254,357696
result_SELECT_10_Heisenberg2D_cylinder_0.5_0.5_6,outer,2,SA,1.0,4,Single,No_Kink,263,608025
result_SELECT_10_Heisenberg2D_cylinder_0.5_0.5_6,outer,2,SA,1.0,4,Single,Yes_Kink,268,625715
result_SELECT_10_Heisenberg2D_cylinder_0.5_0.5_6,outer,2,SA,1.0,4,Double,No_MSF,177,262784
result_SELECT_10_Heisenberg2D_cylinder_0.5_0.5_6,outer,2,SA,1.0,4,Double,No_Top,239,338016
result_SELECT_10_Heisenberg2D_cylinder_0.5_0.5_6,outer,2,SA,1.0,4,Double,No_Kink,240,599612
result_SELECT_10_Heisenberg2D_cylinder_0.5_0.5_6,outer,2,SA,1.0,4,Double,Yes_Kink,246,604107
result_SELECT_10_Heisenberg2D_cylinder_0.5_0.5_6,outer,2,SA,1.0,4,Proj,No_MSF,108,172256
result_SELECT_10_Heisenberg2D_cylinder_0.5_0.5_6,outer,2,SA,1.0,4,Proj,No_Top,205,293408
result_SELECT_10_Heisenberg2D_cylinder_0.5_0.5_6,outer,2,SA,1.0,4,Proj,No_Kink,210,1002585
result_SELECT_10_Heisenberg2D_cylinder_0.5_0.5_6,outer,2,SA,1.0,4,Proj,Yes_Kink,214,1011591
result_SELECT_100_random_local_OBC_0_0_6,inner,2,SA,0.01,2,Single,No_MSF,247,306944
result_SELECT_100_random_local_OBC_0_0_6,inner,2,SA,0.01,2,Single,No_Top,247,302112
result_SELECT_100_random_local_OBC_0_0_6,inner,2,SA,0.01,2,Single,No_Kink,324,617903
result_SELECT_100_random_local_OBC_0_0_6,inner,2,SA,0.01,2,Single,Yes_Kink,339,649361
result_SELECT_100_random_local_OBC_0_0_6,inner,2,SA,0.01,2,Double,No_MSF,192,241824
result_SELECT_100_random_local_OBC_0_0_6,inner,2,SA,0.01,2,Double,No_Top,193,238176
result_SELECT_100_random_local_OBC_0_0_6,inner,2,SA,0.01,2,Double,No_Kink,287,603441
result_SELECT_100_random_local_OBC_0_0_6,inner,2,SA,0.01,2,Double,Yes_Kink,295,615373
result_SELECT_100_random_local_OBC_0_0_6,inner,2,SA,0.01,2,Proj,No_MSF,128,166048
result_SELECT_100_random_local_OBC_0_0_6,inner,2,SA,0.01,2,Proj,No_Top,128,161216
result_SELECT_100_random_local_OBC_0_0_6,inner,2,SA,0.01,2,Proj,No_Kink,276,1228460
result_SELECT_100_random_local_OBC_0_0_6,inner,2,SA,0.01,2,Proj,Yes_Kink,292,1266428
result_SELECT_10_Heisenberg2D_cylinder_0.5_0.5_4,inner,1,SA,0.01,2,Single,No_MSF,571,261360
result_SELECT_10_Heisenberg2D_cylinder_0.5_0.5_4,inner,1,SA,0.01,2,Single,No_Top,571,256464
result_SELECT_10_Heisenberg2D_cylinder_0.5_0.5_4,inner,1,SA,0.01,2,Single,No_Kink,579,353562
result_SELECT_10_Heisenberg2D_cylinder_0.5_0.5_4,inner,1,SA,0.01,2,Double,No_MSF,522,240192
result_SELECT_10_Heisenberg2D_cylinder_0.5_0.5_4,inner,1,SA,0.01,2,Double,No_Top,522,235296
result_SELECT_10_Heisenberg2D_cylinder_0.5_0.5_4,inner,1,SA,0.01,2,Double,No_Kink,527,344794
result_SELECT_10_Heisenberg2D_cylinder_0.5_0.5_4,inner,1,SA,0.01,2,Double,Yes_Kink,528,347760
result_SELECT_10_Heisenberg2D_cylinder_0.5_0.5_4,inner,1,SA,0.01,2,Proj,No_MSF,420,196128
result_SELECT_10_Heisenberg2D_cylinder_0.5_0.5_4,inner,1,SA,0.01,2,Proj,No_Top,420,191232
result_SELECT_10_Heisenberg2D_cylinder_0.5_0.5_4,inner,1,SA,0.01,2,Proj,No_Kink,445,702337
result_SELECT_10_Heisenberg2D_cylinder_0.5_0.5_4,inner,1,SA,0.01,2,Proj,Yes_Kink,453,690725
result_SELECT_10_Z2LatticeGauge2D_PBC_0_0_6,outer,1,SA,1.0,2,Single,No_MSF,113,138212
result_SELECT_10_Z2LatticeGauge2D_PBC_0_0_6,outer,1,SA,1.0,2,Single,No_Top,119,142620
result_SELECT_10_Z2LatticeGauge2D_PBC_0_0_6,outer,1,SA,1.0,2,Single,No_Kink,155,289974
result_SELECT_10_Z2LatticeGauge2D_PBC_0_0_6,outer,1,SA,1.0,2,Double,No_MSF,91,112780
result_SELECT_10_Z2LatticeGauge2D_PBC_0_0_6,outer,1,SA,1.0,2,Double,No_Top,98,118344
result_SELECT_10_Z2LatticeGauge2D_PBC_0_0_6,outer,1,SA,1.0,2,Double,No_Kink,119,258911
result_SELECT_10_Z2LatticeGauge2D_PBC_0_0_6,outer,1,SA,1.0,2,Double,Yes_Kink,124,274320
result_SELECT_10_Z2LatticeGauge2D_PBC_0_0_6,outer,1,SA,1.0,2,Proj,No_MSF,43,57292
result_SELECT_10_Z2LatticeGauge2D_PBC_0_0_6,outer,1,SA,1.0,2,Proj,No_Top,57,70948
result_SELECT_10_Z2LatticeGauge2D_PBC_0_0_6,outer,1,SA,1.0,2,Proj,No_Kink,89,332864
result_SELECT_10_Z2LatticeGauge2D_PBC_0_0_6,outer,1,SA,1.0,2,Proj,Yes_Kink,93,341880
result_SELECT_10_Heisenberg2D_cylinder_0.5_0.5_1,outer,1,random,0.0,2,Single,No_MSF,4079,600816
result_SELECT_10_Heisenberg2D_cylinder_0.5_0.5_1,outer,1,random,0.0,2,Single,No_Top,4080,596480
result_SELECT_10_Heisenberg2D_cylinder_0.5_0.5_1,outer,1,random,0.0,2,Single,No_Kink,4088,735600
result_SELECT_10_Heisenberg2D_cylinder_0.5_0.5_1,outer,1,random,0.0,2,Double,No_MSF,3792,559488
result_SELECT_10_Heisenberg2D_cylinder_0.5_0.5_1,outer,1,random,0.0,2,Double,No_Top,3793,555152
result_SELECT_10_Heisenberg2D_cylinder_0.5_0.5_1,outer,1,random,0.0,2,Double,No_Kink,3794,700485
result_SELECT_10_Heisenberg2D_cylinder_0.5_0.5_1,outer,1,random,0.0,2,Double,Yes_Kink,3796,699848
result_SELECT_10_Heisenberg2D_cylinder_0.5_0.5_1,outer,1,random,0.0,2,Proj,No_MSF,3333,493392
result_SELECT_10_Heisenberg2D_cylinder_0.5_0.5_1,outer,1,random,0.0,2,Proj,No_Top,3333,488912
result_SELECT_10_Heisenberg2D_cylinder_0.5_0.5_1,outer,1,random,0.0,2,Proj,No_Kink,3341,1700152
result_SELECT_10_Heisenberg2D_cylinder_0.5_0.5_1,outer,1,random,0.0,2,Proj,Yes_Kink,3341,1658600
result_SELECT_10_Heisenberg2D_cylinder_0.5_0.5_6,outer,2,naive,0.0,2,Single,No_MSF,211,295168
result_SELECT_10_Heisenberg2D_cylinder_0.5_0.5_6,outer,2,naive,0.0,2,Single,No_Top,211,289056
result_SELECT_10_Heisenberg2D_cylinder_0.5_0.5_6,outer,2,naive,0.0,2,Single,No_Kink,642,1369358
result_SELECT_10_Heisenberg2D_cylinder_0.5_0.5_6,outer,2,naive,0.0,2,Single,Yes_Kink,594,1336300
result_SELECT_10_Heisenberg2D_cylinder_0.5_0.5_6,outer,2,naive,0.0,2,Double,No_MSF,177,250560
result_SELECT_10_Heisenberg2D_cylinder_0.5_0.5_6,outer,2,naive,0.0,2,Double,No_Top,177,244448
result_SELECT_10_Heisenberg2D_cylinder_0.5_0.5_6,outer,2,naive,0.0,2,Double,No_Kink,558,1296312
result_SELECT_10_Heisenberg2D_cylinder_0.5_0.5_6,outer,2,naive,0.0,2,Double,Yes_Kink,581,1334468
result_SELECT_10_Heisenberg2D_cylinder_0.5_0.5_6,outer,2,naive,0.0,2,Proj,No_MSF,108,160032
result_SELECT_10_Heisenberg2D_cylinder_0.5_0.5_6,outer,2,naive,0.0,2,Proj,No_Top,123,173600
result_SELECT_10_Heisenberg2D_cylinder_0.5_0.5_6,outer,2,naive,0.0,2,Proj,No_Kink,549,2623426
result_SELECT_10_Heisenberg2D_cylinder_0.5_0.5_6,outer,2,naive,0.0,2,Proj,Yes_Kink,553,2616415
result_SELECT_10_Heisenberg2D_cylinder_0.5_0.5_3,outer,2,random,0.0,0,Single,No_MSF,1069,295440
result_SELECT_10_Heisenberg2D_cylinder_0.5_0.5_3,outer,2,random,0.0,0,Single,No_Top,1069,290768
result_SELECT_10_Heisenberg2D_cylinder_0.5_0.5_3,outer,2,random,0.0,0,Single,No_Kink,1072,471670
result_SELECT_10_Heisenberg2D_cylinder_0.5_0.5_3,outer,2,random,0.0,0,Single,Yes_Kink,1074,478972
result_SELECT_10_Heisenberg2D_cylinder_0.5_0.5_3,outer,2,random,0.0,0,Double,No_MSF,987,273136
result_SELECT_10_Heisenberg2D_cylinder_0.5_0.5_3,outer,2,random,0.0,0,Double,No_Top,987,268464
result_SELECT_10_Heisenberg2D_cylinder_0.5_0.5_3,outer,2,random,0.0,0,Double,No_Kink,989,459344
result_SELECT_10_Heisenberg2D_cylinder_0.5_0.5_3,outer,2,random,0.0,0,Double,Yes_Kink,1023,464313
result_SELECT_10_Heisenberg2D_cylinder_0.5_0.5_3,outer,2,random,0.0,0,Proj,No_MSF,837,232336
result_SELECT_10_Heisenberg2D_cylinder_0.5_0.5_3,outer,2,random,0.0,0,Proj,No_Top,837,227664
result_SELECT_10_Heisenberg2D_cylinder_0.5_0.5_3,outer,2,random,0.0,0,Proj,No_Kink,852,955159
result_SELECT_10_Heisenberg2D_cylinder_0.5_0.5_3,outer,2,random,0.0,0,Proj,Yes_Kink,853,938121
result_SELECT_10_FermiHubbard2D_cylinder_0_0_6,inner,1,random,0.0,2,Single,No_MSF,489,708804
result_SELECT_10_FermiHubbard2D_cylinder_0_0_6,inner,1,random,0.0,2,Single,No_Top,489,702692
result_SELECT_10_FermiHubbard2D_cylinder_0_0_6,inner,1,random,0.0,2,Single,No_Kink,1108,2859766
result_SELECT_10_FermiHubbard2D_cylinder_0_0_6,inner,1,random,0.0,2,Double,No_MSF,473,686212
result_SELECT_10_FermiHubbard2D_cylinder_0_0_6,inner,1,random,0.0,2,Double,No_Top,473,680100
result_SELECT_10_FermiHubbard2D_cylinder_0_0_6,inner,1,random,0.0,2,Double,No_Kink,626,2188320
result_SELECT_10_FermiHubbard2D_cylinder_0_0_6,inner,1,random,0.0,2,Double,Yes_Kink,632,2208937
result_SELECT_10_FermiHubbard2D_cylinder_0_0_6,inner,1,random,0.0,2,Proj,No_MSF,407,593020
result_SELECT_10_FermiHubbard2D_cylinder_0_0_6,inner,1,random,0.0,2,Proj,No_Top,407,586908
result_SELECT_10_FermiHubbard2D_cylinder_0_0_6,inner,1,random,0.0,2,Proj,No_Kink,506,2498176
result_SELECT_10_FermiHubbard2D_cylinder_0_0_6,inner,1,random,0.0,2,Proj,Yes_Kink,524,2550845
result_SELECT_10_Heisenberg2D_cylinder_0.5_0.5_3,outer,2,naive,0.0,0,Single,No_MSF,1069,295440
result_SELECT_10_Heisenberg2D_cylinder_0.5_0.5_3,outer,2,naive,0.0,0,Single,No_Top,1069,290768
result_SELECT_10_Heisenberg2D_cylinder_0.5_0.5_3,outer,2,naive,0.0,0,Single,No_Kink,1181,478652
result_SELECT_10_Heisenberg2D_cylinder_0.5_0.5_3,outer,2,naive,0.0,0,Single,Yes_Kink,1172,490349
result_SELECT_10_Heisenberg2D_cylinder_0.5_0.5_3,outer,2,naive,0.0,0,Double,No_MSF,987,273136
result_SELECT_10_Heisenberg2D_cylinder_0.5_0.5_3,outer,2,naive,0.0,0,Double,No_Top,987,268464
result_SELECT_10_Heisenberg2D_cylinder_0.5_0.5_3,outer,2,naive,0.0,0,Double,No_Kink,1076,460337
result_SELECT_10_Heisenberg2D_cylinder_0.5_0.5_3,outer,2,naive,0.0,0,Double,Yes_Kink,1086,462341
result_SELECT_10_Heisenberg2D_cylinder_0.5_0.5_3,outer,2,naive,0.0,0,Proj,No_MSF,837,232336
result_SELECT_10_Heisenberg2D_cylinder_0.5_0.5_3,outer,2,naive,0.0,0,Proj,No_Top,837,227664
result_SELECT_10_Heisenberg2D_cylinder_0.5_0.5_3,outer,2,naive,0.0,0,Proj,No_Kink,924,1057176
result_SELECT_10_Heisenberg2D_cylinder_0.5_0.5_3,outer,2,naive,0.0,0,Proj,Yes_Kink,936,1053612
result_SELECT_10_Heisenberg2D_cylinder_0.5_0.5_6,outer,2,SA,0.1,6,Single,No_MSF,211,319616
result_SELECT_10_Heisenberg2D_cylinder_0.5_0.5_6,outer,2,SA,0.1,6,Single,No_Top,331,470944
result_SELECT_10_Heisenberg2D_cylinder_0.5_0.5_6,outer,2,SA,0.1,6,Single,No_Kink,327,731346
result_SELECT_10_Heisenberg2D_cylinder_0.5_0.5_6,outer,2,SA,0.1,6,Single,Yes_Kink,329,744857
result_SELECT_10_Heisenberg2D_cylinder_0.5_0.5_6,outer,2,SA,0.1,6,Double,No_MSF,177,275008
result_SELECT_10_Heisenberg2D_cylinder_0.5_0.5_6,outer,2,SA,0.1,6,Double,No_Top,314,448640
result_SELECT_10_Heisenberg2D_cylinder_0.5_0.5_6,outer,2,SA,0.1,6,Double,No_Kink,313,726068
result_SELECT_10_Heisenberg2D_cylinder_0.5_0.5_6,outer,2,SA,0.1,6,Double,Yes_Kink,318,728054
result_SELECT_10_Heisenberg2D_cylinder_0.5_0.5_6,outer,2,SA,0.1,6,Proj,No_MSF,108,184480
result_SELECT_10_Heisenberg2D_cylinder_0.5_0.5_6,outer,2,SA,0.1,6,Proj,No_Top,287,413216
result_SELECT_10_Heisenberg2D_cylinder_0.5_0.5_6,outer,2,SA,0.1,6,Proj,No_Kink,287,1244858
result_SELECT_10_Heisenberg2D_cylinder_0.5_0.5_6,outer,2,SA,0.1,6,Proj,Yes_Kink,287,1233346
result_SELECT_100_Heisenberg1D_OBC_1_0_6,inner,2,random,0.0,2,Single,No_MSF,206,309976
result_SELECT_100_Heisenberg1D_OBC_1_0_6,inner,2,random,0.0,2,Single,No_Top,211,310668
result_SELECT_100_Heisenberg1D_OBC_1_0_6,inner,2,random,0.0,2,Single,No_Kink,308,984289
result_SELECT_100_Heisenberg1D_OBC_1_0_6,inner,2,random,0.0,2,Single,Yes_Kink,317,1005345
result_SELECT_100_Heisenberg1D_OBC_1_0_6,inner,2,random,0.0,2,Double,No_MSF,185,280324
result_SELECT_100_Heisenberg1D_OBC_1_0_6,inner,2,random,0.0,2,Double,No_Top,185,273956
result_SELECT_100_Heisenberg1D_OBC_1_0_6,inner,2,random,0.0,2,Double,No_Kink,256,943367
result_SELECT_100_Heisenberg1D_OBC_1_0_6,inner,2,random,0.0,2,Double,Yes_Kink,263,960315
result_SELECT_100_Heisenberg1D_OBC_1_0_6,inner,2,random,0.0,2,Proj,No_MSF,117,184308
result_SELECT_100_Heisenberg1D_OBC_1_0_6,inner,2,random,0.0,2,Proj,No_Top,123,186412
result_SELECT_100_Heisenberg1D_OBC_1_0_6,inner,2,random,0.0,2,Proj,No_Kink,209,1093228
result_SELECT_100_Heisenberg1D_OBC_1_0_6,inner,2,random,0.0,2,Proj,Yes_Kink,214,1102737
result_SELECT_10_Heisenberg2D_cylinder_0.5_0.5_6,outer,1,SA,0.1,4,Single,No_MSF,211,307392
result_SELECT_10_Heisenberg2D_cylinder_0.5_0.5_6,outer,1,SA,0.1,4,Single,No_Top,254,357696
result_SELECT_10_Heisenberg2D_cylinder_0.5_0.5_6,outer,1,SA,0.1,4,Single,No_Kink,299,736614
result_SELECT_10_Heisenberg2D_cylinder_0.5_0.5_6,outer,1,SA,0.1,4,Double,No_MSF,177,262784
result_SELECT_10_Heisenberg2D_cylinder_0.5_0.5_6,outer,1,SA,0.1,4,Double,No_Top,239,338016
result_SELECT_10_Heisenberg2D_cylinder_0.5_0.5_6,outer,1,SA,0.1,4,Double,No_Kink,245,744081
result_SELECT_10_Heisenberg2D_cylinder_0.5_0.5_6,outer,1,SA,0.1,4,Double,Yes_Kink,254,766238
result_SELECT_10_Heisenberg2D_cylinder_0.5_0.5_6,outer,1,SA,0.1,4,Proj,No_MSF,108,172256
result_SELECT_10_Heisenberg2D_cylinder_0.5_0.5_6,outer,1,SA,0.1,4,Proj,No_Top,205,293408
result_SELECT_10_Heisenberg2D_cylinder_0.5_0.5_6,outer,1,SA,0.1,4,Proj,No_Kink,220,1037530
result_SELECT_10_Heisenberg2D_cylinder_0.5_0.5_6,outer,1,SA,0.1,4,Proj,Yes_Kink,226,1049558
result_trotter_10_Heisenberg2D_cylinder_0.5_0.5_rand,inner,1,SA,0.01,0,Single,No_MSF,744,99900
result_trotter_10_Heisenberg2D_cylinder_0.5_0.5_rand,inner,1,SA,0.01,0,Single,No_Top,749,74900
result_trotter_10_Heisenberg2D_cylinder_0.5_0.5_rand,inner,1,SA,0.01,0,Single,No_Kink,1002,268230
result_trotter_10_Heisenberg2D_cylinder_0.5_0.5_rand,inner,1,SA,0.01,0,Double,No_MSF,721,97600
result_trotter_10_Heisenberg2D_cylinder_0.5_0.5_rand,inner,1,SA,0.01,0,Double,No_Top,721,72100
result_trotter_10_Heisenberg2D_cylinder_0.5_0.5_rand,inner,1,SA,0.01,0,Double,No_Kink,1013,329460
result_trotter_10_Heisenberg2D_cylinder_0.5_0.5_rand,inner,1,SA,0.01,0,Double,Yes_Kink,1155,361332
result_trotter_10_Heisenberg2D_cylinder_0.5_0.5_rand,inner,1,SA,0.01,0,Proj,No_MSF,390,64500
result_trotter_10_Heisenberg2D_cylinder_0.5_0.5_rand,inner,1,SA,0.01,0,Proj,No_Top,580,58000
result_trotter_10_Heisenberg2D_cylinder_0.5_0.5_rand,inner,1,SA,0.01,0,Proj,No_Kink,970,369265
result_trotter_10_Heisenberg2D_cylinder_0.5_0.5_rand,inner,1,SA,0.01,0,Proj,Yes_Kink,1007,364275
result_trotter_10_Heisenberg2D_cylinder_0.5_0.5_det,inner,1,SA,0.1,1,Single,No_MSF,756,126600
result_trotter_10_Heisenberg2D_cylinder_0.5_0.5_det,inner,1,SA,0.1,1,Single,No_Top,1315,157000
result_trotter_10_Heisenberg2D_cylinder_0.5_0.5_det,inner,1,SA,0.1,1,Single,No_Kink,1416,371810
result_trotter_10_Heisenberg2D_cylinder_0.5_0.5_det,inner,1,SA,0.1,1,Double,No_MSF,749,125900
result_trotter_10_Heisenberg2D_cylinder_0.5_0.5_det,inner,1,SA,0.1,1,Double,No_Top,1292,154700
result_trotter_10_Heisenberg2D_cylinder_0.5_0.5_det,inner,1,SA,0.1,1,Double,No_Kink,1393,438387
result_trotter_10_Heisenberg2D_cylinder_0.5_0.5_det,inner,1,SA,0.1,1,Double,Yes_Kink,1475,450275
result_trotter_10_Heisenberg2D_cylinder_0.5_0.5_det,inner,1,SA,0.1,1,Proj,No_MSF,390,90000
result_trotter_10_Heisenberg2D_cylinder_0.5_0.5_det,inner,1,SA,0.1,1,Proj,No_Top,1160,141500
result_trotter_10_Heisenberg2D_cylinder_0.5_0.5_det,inner,1,SA,0.1,1,Proj,No_Kink,1447,550033
result_trotter_10_Heisenberg2D_cylinder_0.5_0.5_det,inner,1,SA,0.1,1,Proj,Yes_Kink,1487,531334
result_SELECT_10_Heisenberg2D_cylinder_0.5_0.5_5,outer,1,random,0.0,0,Single,No_MSF,327,246016
result_SELECT_10_Heisenberg2D_cylinder_0.5_0.5_5,outer,1,random,0.0,0,Single,No_Top,327,240672
result_SELECT_10_Heisenberg2D_cylinder_0.5_0.5_5,outer,1,random,0.0,0,Single,No_Kink,792,1109538
result_SELECT_10_Heisenberg2D_cylinder_0.5_0.5_5,outer,1,random,0.0,0,Double,No_MSF,290,218784
result_SELECT_10_Heisenberg2D_cylinder_0.5_0.5_5,outer,1,random,0.0,0,Double,No_Top,290,213440
result_SELECT_10_Heisenberg2D_cylinder_0.5_0.5_5,outer,1,random,0.0,0,Double,No_Kink,479,885875
result_SELECT_10_Heisenberg2D_cylinder_0.5_0.5_5,outer,1,random,0.0,0,Double,Yes_Kink,476,883007
result_SELECT_10_Heisenberg2D_cylinder_0.5_0.5_5,outer,1,random,0.0,0,Proj,No_MSF,213,162112
result_SELECT_10_Heisenberg2D_cylinder_0.5_0.5_5,outer,1,random,0.0,0,Proj,No_Top,213,156768
result_SELECT_10_Heisenberg2D_cylinder_0.5_0.5_5,outer,1,random,0.0,0,Proj,No_Kink,355,976401
result_SELECT_10_Heisenberg2D_cylinder_0.5_0.5_5,outer,1,random,0.0,0,Proj,Yes_Kink,362,981750
result_SELECT_10_Heisenberg2D_cylinder_0.5_0.5_3,outer,1,SA,0.01,0,Single,No_MSF,1069,295440
result_SELECT_10_Heisenberg2D_cylinder_0.5_0.5_3,outer,1,SA,0.01,0,Single,No_Top,1069,290768
result_SELECT_10_Heisenberg2D_cylinder_0.5_0.5_3,outer,1,SA,0.01,0,Single,No_Kink,1070,379698
result_SELECT_10_Heisenberg2D_cylinder_0.5_0.5_3,outer,1,SA,0.01,0,Double,No_MSF,987,273136
result_SELECT_10_Heisenberg2D_cylinder_0.5_0.5_3,outer,1,SA,0.01,0,Double,No_Top,987,268464
result_SELECT_10_Heisenberg2D_cylinder_0.5_0.5_3,outer,1,SA,0.01,0,Double,No_Kink,988,368564
result_SELECT_10_Heisenberg2D_cylinder_0.5_0.5_3,outer,1,SA,0.01,0,Double,Yes_Kink,997,369225
result_SELECT_10_Heisenberg2D_cylinder_0.5_0.5_3,outer,1,SA,0.01,0,Proj,No_MSF,837,232336
result_SELECT_10_Heisenberg2D_cylinder_0.5_0.5_3,outer,1,SA,0.01,0,Proj,No_Top,837,227664
result_SELECT_10_Heisenberg2D_cylinder_0.5_0.5_3,outer,1,SA,0.01,0,Proj,No_Kink,855,897542
result_SELECT_10_Heisenberg2D_cylinder_0.5_0.5_3,outer,1,SA,0.01,0,Proj,Yes_Kink,857,875976
result_SELECT_10_Heisenberg2D_cylinder_0.5_0.5_6,outer,2,SA,1.0,2,Single,No_MSF,211,295168
result_SELECT_10_Heisenberg2D_cylinder_0.5_0.5_6,outer,2,SA,1.0,2,Single,No_Top,211,289056
result_SELECT_10_Heisenberg2D_cylinder_0.5_0.5_6,outer,2,SA,1.0,2,Single,No_Kink,223,496855
result_SELECT_10_Heisenberg2D_cylinder_0.5_0.5_6,outer,2,SA,1.0,2,Single,Yes_Kink,230,520713
result_SELECT_10_Heisenberg2D_cylinder_0.5_0.5_6,outer,2,SA,1.0,2,Double,No_MSF,177,250560
result_SELECT_10_Heisenberg2D_cylinder_0.5_0.5_6,outer,2,SA,1.0,2,Double,No_Top,177,244448
result_SELECT_10_Heisenberg2D_cylinder_0.5_0.5_6,outer,2,SA,1.0,2,Double,No_Kink,190,480143
result_SELECT_10_Heisenberg2D_cylinder_0.5_0.5_6,outer,2,SA,1.0,2,Double,Yes_Kink,199,495865
result_SELECT_10_Heisenberg2D_cylinder_0.5_0.5_6,outer,2,SA,1.0,2,Proj,No_MSF,108,160032
result_SELECT_10_Heisenberg2D_cylinder_0.5_0.5_6,outer,2,SA,1.0,2,Proj,No_Top,123,173600
result_SELECT_10_Heisenberg2D_cylinder_0.5_0.5_6,outer,2,SA,1.0,2,Proj,No_Kink,178,867115
result_SELECT_10_Heisenberg2D_cylinder_0.5_0.5_6,outer,2,SA,1.0,2,Proj,Yes_Kink,187,884751
result_SELECT_10_Heisenberg2D_cylinder_0.5_0.5_6,outer,1,SA,0.1,2,Single,No_MSF,211,295168
result_SELECT_10_Heisenberg2D_cylinder_0.5_0.5_6,outer,1,SA,0.1,2,Single,No_Top,211,289056
result_SELECT_10_Heisenberg2D_cylinder_0.5_0.5_6,outer,1,SA,0.1,2,Single,No_Kink,298,684554
result_SELECT_10_Heisenberg2D_cylinder_0.5_0.5_6,outer,1,SA,0.1,2,Double,No_MSF,177,250560
result_SELECT_10_Heisenberg2D_cylinder_0.5_0.5_6,outer,1,SA,0.1,2,Double,No_Top,177,244448
result_SELECT_10_Heisenberg2D_cylinder_0.5_0.5_6,outer,1,SA,0.1,2,Double,No_Kink,222,623391
result_SELECT_10_Heisenberg2D_cylinder_0.5_0.5_6,outer,1,SA,0.1,2,Double,Yes_Kink,230,651029
result_SELECT_10_Heisenberg2D_cylinder_0.5_0.5_6,outer,1,SA,0.1,2,Proj,No_MSF,108,160032
result_SELECT_10_Heisenberg2D_cylinder_0.5_0.5_6,outer,1,SA,0.1,2,Proj,No_Top,123,173600
result_SELECT_10_Heisenberg2D_cylinder_0.5_0.5_6,outer,1,SA,0.1,2,Proj,No_Kink,202,953347
result_SELECT_10_Heisenberg2D_cylinder_0.5_0.5_6,outer,1,SA,0.1,2,Proj,Yes_Kink,208,966479
result_SELECT_10_FermiHubbard2D_cylinder_0_0_6,outer,2,SA,0.001,2,Single,No_MSF,489,708804
result_SELECT_10_FermiHubbard2D_cylinder_0_0_6,outer,2,SA,0.001,2,Single,No_Top,489,702692
result_SELECT_10_FermiHubbard2D_cylinder_0_0_6,outer,2,SA,0.001,2,Single,No_Kink,500,997045
result_SELECT_10_FermiHubbard2D_cylinder_0_0_6,outer,2,SA,0.001,2,Single,Yes_Kink,504,1029121
result_SELECT_10_FermiHubbard2D_cylinder_0_0_6,outer,2,SA,0.001,2,Double,No_MSF,473,686212
result_SELECT_10_FermiHubbard2D_cylinder_0_0_6,outer,2,SA,0.001,2,Double,No_Top,473,680100
result_SELECT_10_FermiHubbard2D_cylinder_0_0_6,outer,2,SA,0.001,2,Double,No_Kink,479,989931
result_SELECT_10_FermiHubbard2D_cylinder_0_0_6,outer,2,SA,0.001,2,Double,Yes_Kink,488,1010260
result_SELECT_10_FermiHubbard2D_cylinder_0_0_6,outer,2,SA,0.001,2,Proj,No_MSF,407,593020
result_SELECT_10_FermiHubbard2D_cylinder_0_0_6,outer,2,SA,0.001,2,Proj,No_Top,407,586908
result_SELECT_10_FermiHubbard2D_cylinder_0_0_6,outer,2,SA,0.001,2,Proj,No_Kink,453,2283034
result_SELECT_10_FermiHubbard2D_cylinder_0_0_6,outer,2,SA,0.001,2,Proj,Yes_Kink,457,2283423
result_SELECT_100_Heisenberg1D_OBC_1_0_6,inner,2,SA,0.01,2,Single,No_MSF,206,309976
result_SELECT_100_Heisenberg1D_OBC_1_0_6,inner,2,SA,0.01,2,Single,No_Top,211,310668
result_SELECT_100_Heisenberg1D_OBC_1_0_6,inner,2,SA,0.01,2,Single,No_Kink,213,497621
result_SELECT_100_Heisenberg1D_OBC_1_0_6,inner,2,SA,0.01,2,Single,Yes_Kink,214,516403
result_SELECT_100_Heisenberg1D_OBC_1_0_6,inner,2,SA,0.01,2,Double,No_MSF,185,280324
result_SELECT_100_Heisenberg1D_OBC_1_0_6,inner,2,SA,0.01,2,Double,No_Top,185,273956
result_SELECT_100_Heisenberg1D_OBC_1_0_6,inner,2,SA,0.01,2,Double,No_Kink,187,485419
result_SELECT_100_Heisenberg1D_OBC_1_0_6,inner,2,SA,0.01,2,Double,Yes_Kink,194,495562
result_SELECT_100_Heisenberg1D_OBC_1_0_6,inner,2,SA,0.01,2,Proj,No_MSF,117,184308
result_SELECT_100_Heisenberg1D_OBC_1_0_6,inner,2,SA,0.01,2,Proj,No_Top,123,186412
result_SELECT_100_Heisenberg1D_OBC_1_0_6,inner,2,SA,0.01,2,Proj,No_Kink,159,803417
result_SELECT_100_Heisenberg1D_OBC_1_0_6,inner,2,SA,0.01,2,Proj,Yes_Kink,162,804498
result_SELECT_10_Heisenberg2D_cylinder_0.5_0.5_5,outer,2,SA,1.0,0,Single,No_MSF,327,246016
result_SELECT_10_Heisenberg2D_cylinder_0.5_0.5_5,outer,2,SA,1.0,0,Single,No_Top,327,240672
result_SELECT_10_Heisenberg2D_cylinder_0.5_0.5_5,outer,2,SA,1.0,0,Single,No_Kink,330,340842
result_SELECT_10_Heisenberg2D_cylinder_0.5_0.5_5,outer,2,SA,1.0,0,Single,Yes_Kink,333,356961
result_SELECT_10_Heisenberg2D_cylinder_0.5_0.5_5,outer,2,SA,1.0,0,Double,No_MSF,290,218784
result_SELECT_10_Heisenberg2D_cylinder_0.5_0.5_5,outer,2,SA,1.0,0,Double,No_Top,290,213440
result_SELECT_10_Heisenberg2D_cylinder_0.5_0.5_5,outer,2,SA,1.0,0,Double,No_Kink,293,328472
result_SELECT_10_Heisenberg2D_cylinder_0.5_0.5_5,outer,2,SA,1.0,0,Double,Yes_Kink,302,331540
result_SELECT_10_Heisenberg2D_cylinder_0.5_0.5_5,outer,2,SA,1.0,0,Proj,No_MSF,213,162112
result_SELECT_10_Heisenberg2D_cylinder_0.5_0.5_5,outer,2,SA,1.0,0,Proj,No_Top,213,156768
result_SELECT_10_Heisenberg2D_cylinder_0.5_0.5_5,outer,2,SA,1.0,0,Proj,No_Kink,245,727782
result_SELECT_10_Heisenberg2D_cylinder_0.5_0.5_5,outer,2,SA,1.0,0,Proj,Yes_Kink,250,727444
result_SELECT_10_Z2LatticeGauge2D_PBC_0_0_6,outer,1,SA,0.1,2,Single,No_MSF,113,138212
result_SELECT_10_Z2LatticeGauge2D_PBC_0_0_6,outer,1,SA,0.1,2,Single,No_Top,119,142620
result_SELECT_10_Z2LatticeGauge2D_PBC_0_0_6,outer,1,SA,0.1,2,Single,No_Kink,159,307574
result_SELECT_10_Z2LatticeGauge2D_PBC_0_0_6,outer,1,SA,0.1,2,Double,No_MSF,91,112780
result_SELECT_10_Z2LatticeGauge2D_PBC_0_0_6,outer,1,SA,0.1,2,Double,No_Top,98,118344
result_SELECT_10_Z2LatticeGauge2D_PBC_0_0_6,outer,1,SA,0.1,2,Double,No_Kink,121,278716
result_SELECT_10_Z2LatticeGauge2D_PBC_0_0_6,outer,1,SA,0.1,2,Double,Yes_Kink,122,287688
result_SELECT_10_Z2LatticeGauge2D_PBC_0_0_6,outer,1,SA,0.1,2,Proj,No_MSF,43,57292
result_SELECT_10_Z2LatticeGauge2D_PBC_0_0_6,outer,1,SA,0.1,2,Proj,No_Top,57,70948
result_SELECT_10_Z2LatticeGauge2D_PBC_0_0_6,outer,1,SA,0.1,2,Proj,No_Kink,88,338579
result_SELECT_10_Z2LatticeGauge2D_PBC_0_0_6,outer,1,SA,0.1,2,Proj,Yes_Kink,90,340216
result_SELECT_100_random_local_OBC_0_0_6,outer,1,random,0.0,2,Single,No_MSF,247,306944
result_SELECT_100_random_local_OBC_0_0_6,outer,1,random,0.0,2,Single,No_Top,247,302112
result_SELECT_100_random_local_OBC_0_0_6,outer,1,random,0.0,2,Single,No_Kink,741,1639108
result_SELECT_100_random_local_OBC_0_0_6,outer,1,random,0.0,2,Double,No_MSF,192,241824
result_SELECT_100_random_local_OBC_0_0_6,outer,1,random,0.0,2,Double,No_Top,193,238176
result_SELECT_100_random_local_OBC_0_0_6,outer,1,random,0.0,2,Double,No_Kink,431,1286165
result_SELECT_100_random_local_OBC_0_0_6,outer,1,random,0.0,2,Double,Yes_Kink,433,1291646
result_SELECT_100_random_local_OBC_0_0_6,outer,1,random,0.0,2,Proj,No_MSF,128,166048
result_SELECT_100_random_local_OBC_0_0_6,outer,1,random,0.0,2,Proj,No_Top,128,161216
result_SELECT_100_random_local_OBC_0_0_6,outer,1,random,0.0,2,Proj,No_Kink,306,1296556
result_SELECT_100_random_local_OBC_0_0_6,outer,1,random,0.0,2,Proj,Yes_Kink,311,1302299
result_SELECT_10_Heisenberg2D_cylinder_0.5_0.5_1,outer,2,SA,0.1,0,Single,No_MSF,4079,591856
result_SELECT_10_Heisenberg2D_cylinder_0.5_0.5_1,outer,2,SA,0.1,0,Single,No_Top,4079,587376
result_SELECT_10_Heisenberg2D_cylinder_0.5_0.5_1,outer,2,SA,0.1,0,Single,No_Kink,4079,658340
result_SELECT_10_Heisenberg2D_cylinder_0.5_0.5_1,outer,2,SA,0.1,0,Single,Yes_Kink,4079,670101
result_SELECT_10_Heisenberg2D_cylinder_0.5_0.5_1,outer,2,SA,0.1,0,Double,No_MSF,3792,550528
result_SELECT_10_Heisenberg2D_cylinder_0.5_0.5_1,outer,2,SA,0.1,0,Double,No_Top,3792,546048
result_SELECT_10_Heisenberg2D_cylinder_0.5_0.5_1,outer,2,SA,0.1,0,Double,No_Kink,3792,630083
result_SELECT_10_Heisenberg2D_cylinder_0.5_0.5_1,outer,2,SA,0.1,0,Double,Yes_Kink,3793,625985
result_SELECT_10_Heisenberg2D_cylinder_0.5_0.5_1,outer,2,SA,0.1,0,Proj,No_MSF,3333,484432
result_SELECT_10_Heisenberg2D_cylinder_0.5_0.5_1,outer,2,SA,0.1,0,Proj,No_Top,3333,479952
result_SELECT_10_Heisenberg2D_cylinder_0.5_0.5_1,outer,2,SA,0.1,0,Proj,No_Kink,3337,1635319
result_SELECT_10_Heisenberg2D_cylinder_0.5_0.5_1,outer,2,SA,0.1,0,Proj,Yes_Kink,3339,1624782
result_SELECT_10_Heisenberg2D_cylinder_0.5_0.5_6,outer,1,SA,0.001,4,Single,No_MSF,211,307392
result_SELECT_10_Heisenberg2D_cylinder_0.5_0.5_6,outer,1,SA,0.001,4,Single,No_Top,254,357696
result_SELECT_10_Heisenberg2D_cylinder_0.5_0.5_6,outer,1,SA,0.001,4,Single,No_Kink,358,815788
result_SELECT_10_Heisenberg2D_cylinder_0.5_0.5_6,outer,1,SA,0.001,4,Double,No_MSF,177,262784
result_SELECT_10_Heisenberg2D_cylinder_0.5_0.5_6,outer,1,SA,0.001,4,Double,No_Top,239,338016
result_SELECT_10_Heisenberg2D_cylinder_0.5_0.5_6,outer,1,SA,0.001,4,Double,No_Kink,269,793037
result_SELECT_10_Heisenberg2D_cylinder_0.5_0.5_6,outer,1,SA,0.001,4,Double,Yes_Kink,276,822175
result_SELECT_10_Heisenberg2D_cylinder_0.5_0.5_6,outer,1,SA,0.001,4,Proj,No_MSF,108,172256
result_SELECT_10_Heisenberg2D_cylinder_0.5_0.5_6,outer,1,SA,0.001,4,Proj,No_Top,205,293408
result_SELECT_10_Heisenberg2D_cylinder_0.5_0.5_6,outer,1,SA,0.001,4,Proj,No_Kink,240,1102739
result_SELECT_10_Heisenberg2D_cylinder_0.5_0.5_6,outer,1,SA,0.001,4,Proj,Yes_Kink,245,1115726
result_trotter_10_Heisenberg2D_cylinder_0.5_0.5_rand,outer,2,SA,0.01,2,Single,No_MSF,744,150900
result_trotter_10_Heisenberg2D_cylinder_0.5_0.5_rand,outer,2,SA,0.01,2,Single,No_Top,1782,229200
result_trotter_10_Heisenberg2D_cylinder_0.5_0.5_rand,outer,2,SA,0.01,2,Single,No_Kink,1800,495767
result_trotter_10_Heisenberg2D_cylinder_0.5_0.5_rand,outer,2,SA,0.01,2,Single,Yes_Kink,1814,499888
result_trotter_10_Heisenberg2D_cylinder_0.5_0.5_rand,outer,2,SA,0.01,2,Double,No_MSF,721,148600
result_trotter_10_Heisenberg2D_cylinder_0.5_0.5_rand,outer,2,SA,0.01,2,Double,No_Top,1777,228700
result_trotter_10_Heisenberg2D_cylinder_0.5_0.5_rand,outer,2,SA,0.01,2,Double,No_Kink,1778,507374
result_trotter_10_Heisenberg2D_cylinder_0.5_0.5_rand,outer,2,SA,0.01,2,Double,Yes_Kink,1780,526981
result_trotter_10_Heisenberg2D_cylinder_0.5_0.5_rand,outer,2,SA,0.01,2,Proj,No_MSF,390,115500
result_trotter_10_Heisenberg2D_cylinder_0.5_0.5_rand,outer,2,SA,0.01,2,Proj,No_Top,1740,225000
result_trotter_10_Heisenberg2D_cylinder_0.5_0.5_rand,outer,2,SA,0.01,2,Proj,No_Kink,1758,1031665
result_trotter_10_Heisenberg2D_cylinder_0.5_0.5_rand,outer,2,SA,0.01,2,Proj,Yes_Kink,1762,1009300
result_SELECT_10_Heisenberg2D_cylinder_0.5_0.5_0,inner,1,SA,1.0,2,Single,No_MSF,8099,1001446
result_SELECT_10_Heisenberg2D_cylinder_0.5_0.5_0,inner,1,SA,1.0,2,Single,No_Top,8101,997234
result_SELECT_10_Heisenberg2D_cylinder_0.5_0.5_0,inner,1,SA,1.0,2,Single,No_Kink,8101,1050244
result_SELECT_10_Heisenberg2D_cylinder_0.5_0.5_0,inner,1,SA,1.0,2,Double,No_MSF,7536,932760
result_SELECT_10_Heisenberg2D_cylinder_0.5_0.5_0,inner,1,SA,1.0,2,Double,No_Top,7537,928426
result_SELECT_10_Heisenberg2D_cylinder_0.5_0.5_0,inner,1,SA,1.0,2,Double,No_Kink,7537,997761
result_SELECT_10_Heisenberg2D_cylinder_0.5_0.5_0,inner,1,SA,1.0,2,Double,Yes_Kink,7537,997721
result_SELECT_10_Heisenberg2D_cylinder_0.5_0.5_0,inner,1,SA,1.0,2,Proj,No_MSF,6660,825888
result_SELECT_10_Heisenberg2D_cylinder_0.5_0.5_0,inner,1,SA,1.0,2,Proj,No_Top,6660,821432
result_SELECT_10_Heisenberg2D_cylinder_0.5_0.5_0,inner,1,SA,1.0,2,Proj,No_Kink,6667,2511648
result_SELECT_10_Heisenberg2D_cylinder_0.5_0.5_0,inner,1,SA,1.0,2,Proj,Yes_Kink,6667,2523820
result_SELECT_10_Heisenberg2D_cylinder_0.5_0.5_6,outer,2,SA,0.01,10,Single,No_MSF,211,344064
result_SELECT_10_Heisenberg2D_cylinder_0.5_0.5_6,outer,2,SA,0.01,10,Single,No_Top,483,694816
result_SELECT_10_Heisenberg2D_cylinder_0.5_0.5_6,outer,2,SA,0.01,10,Single,No_Kink,480,985808
result_SELECT_10_Heisenberg2D_cylinder_0.5_0.5_6,outer,2,SA,0.01,10,Single,Yes_Kink,481,996792
result_SELECT_10_Heisenberg2D_cylinder_0.5_0.5_6,outer,2,SA,0.01,10,Double,No_MSF,177,299456
result_SELECT_10_Heisenberg2D_cylinder_0.5_0.5_6,outer,2,SA,0.01,10,Double,No_Top,473,681696
result_SELECT_10_Heisenberg2D_cylinder_0.5_0.5_6,outer,2,SA,0.01,10,Double,No_Kink,473,990713
result_SELECT_10_Heisenberg2D_cylinder_0.5_0.5_6,outer,2,SA,0.01,10,Double,Yes_Kink,479,992679
result_SELECT_10_Heisenberg2D_cylinder_0.5_0.5_6,outer,2,SA,0.01,10,Proj,No_MSF,108,208928
result_SELECT_10_Heisenberg2D_cylinder_0.5_0.5_6,outer,2,SA,0.01,10,Proj,No_Top,451,652832
result_SELECT_10_Heisenberg2D_cylinder_0.5_0.5_6,outer,2,SA,0.01,10,Proj,No_Kink,451,1853880
result_SELECT_10_Heisenberg2D_cylinder_0.5_0.5_6,outer,2,SA,0.01,10,Proj,Yes_Kink,452,1797513
result_SELECT_100_Schwinger_OBC_0_0_6,inner,2,SA,1.0,2,Single,No_MSF,730,1212896
result_SELECT_100_Schwinger_OBC_0_0_6,inner,2,SA,1.0,2,Single,No_Top,732,1193280
result_SELECT_100_Schwinger_OBC_0_0_6,inner,2,SA,1.0,2,Single,No_Kink,807,1970070
result_SELECT_100_Schwinger_OBC_0_0_6,inner,2,SA,1.0,2,Single,Yes_Kink,835,2079050
result_SELECT_100_Schwinger_OBC_0_0_6,inner,2,SA,1.0,2,Double,No_MSF,621,1041984
result_SELECT_100_Schwinger_OBC_0_0_6,inner,2,SA,1.0,2,Double,No_Top,623,1022368
result_SELECT_100_Schwinger_OBC_0_0_6,inner,2,SA,1.0,2,Double,No_Kink,705,1898403
result_SELECT_100_Schwinger_OBC_0_0_6,inner,2,SA,1.0,2,Double,Yes_Kink,733,1951582
result_SELECT_100_Schwinger_OBC_0_0_6,inner,2,SA,1.0,2,Proj,No_MSF,488,833440
result_SELECT_100_Schwinger_OBC_0_0_6,inner,2,SA,1.0,2,Proj,No_Top,488,810688
result_SELECT_100_Schwinger_OBC_0_0_6,inner,2,SA,1.0,2,Proj,No_Kink,792,4342702
result_SELECT_100_Schwinger_OBC_0_0_6,inner,2,SA,1.0,2,Proj,Yes_Kink,822,4418416
result_SELECT_100_random_local_OBC_0_0_6,inner,1,SA,1.0,2,Single,No_MSF,247,306944
result_SELECT_100_random_local_OBC_0_0_6,inner,1,SA,1.0,2,Single,No_Top,247,302112
result_SELECT_100_random_local_OBC_0_0_6,inner,1,SA,1.0,2,Single,No_Kink,490,856132
result_SELECT_100_random_local_OBC_0_0_6,inner,1,SA,1.0,2,Double,No_MSF,192,241824
result_SELECT_100_random_local_OBC_0_0_6,inner,1,SA,1.0,2,Double,No_Top,193,238176
result_SELECT_100_random_local_OBC_0_0_6,inner,1,SA,1.0,2,Double,No_Kink,407,794924
result_SELECT_100_random_local_OBC_0_0_6,inner,1,SA,1.0,2,Double,Yes_Kink,415,817028
result_SELECT_100_random_local_OBC_0_0_6,inner,1,SA,1.0,2,Proj,No_MSF,128,166048
result_SELECT_100_random_local_OBC_0_0_6,inner,1,SA,1.0,2,Proj,No_Top,128,161216
result_SELECT_100_random_local_OBC_0_0_6,inner,1,SA,1.0,2,Proj,No_Kink,402,1671086
result_SELECT_100_random_local_OBC_0_0_6,inner,1,SA,1.0,2,Proj,Yes_Kink,418,1712798
result_SELECT_10_Heisenberg2D_cylinder_0.5_0.5_4,inner,2,naive,0.0,0,Single,No_MSF,571,251568
result_SELECT_10_Heisenberg2D_cylinder_0.5_0.5_4,inner,2,naive,0.0,0,Single,No_Top,571,246672
result_SELECT_10_Heisenberg2D_cylinder_0.5_0.5_4,inner,2,naive,0.0,0,Single,No_Kink,905,624783
result_SELECT_10_Heisenberg2D_cylinder_0.5_0.5_4,inner,2,naive,0.0,0,Single,Yes_Kink,894,634745
result_SELECT_10_Heisenberg2D_cylinder_0.5_0.5_4,inner,2,naive,0.0,0,Double,No_MSF,522,230400
result_SELECT_10_Heisenberg2D_cylinder_0.5_0.5_4,inner,2,naive,0.0,0,Double,No_Top,522,225504
result_SELECT_10_Heisenberg2D_cylinder_0.5_0.5_4,inner,2,naive,0.0,0,Double,No_Kink,805,594614
result_SELECT_10_Heisenberg2D_cylinder_0.5_0.5_4,inner,2,naive,0.0,0,Double,Yes_Kink,803,588870
result_SELECT_10_Heisenberg2D_cylinder_0.5_0.5_4,inner,2,naive,0.0,0,Proj,No_MSF,420,186336
result_SELECT_10_Heisenberg2D_cylinder_0.5_0.5_4,inner,2,naive,0.0,0,Proj,No_Top,420,181440
result_SELECT_10_Heisenberg2D_cylinder_0.5_0.5_4,inner,2,naive,0.0,0,Proj,No_Kink,645,1117155
result_SELECT_10_Heisenberg2D_cylinder_0.5_0.5_4,inner,2,naive,0.0,0,Proj,Yes_Kink,660,1122412
result_SELECT_10_Heisenberg2D_cylinder_0.5_0.5_3,outer,2,SA,0.01,0,Single,No_MSF,1069,295440
result_SELECT_10_Heisenberg2D_cylinder_0.5_0.5_3,outer,2,SA,0.01,0,Single,No_Top,1069,290768
result_SELECT_10_Heisenberg2D_cylinder_0.5_0.5_3,outer,2,SA,0.01,0,Single,No_Kink,1069,366479
result_SELECT_10_Heisenberg2D_cylinder_0.5_0.5_3,outer,2,SA,0.01,0,Single,Yes_Kink,1069,377754
result_SELECT_10_Heisenberg2D_cylinder_0.5_0.5_3,outer,2,SA,0.01,0,Double,No_MSF,987,273136
result_SELECT_10_Heisenberg2D_cylinder_0.5_0.5_3,outer,2,SA,0.01,0,Double,No_Top,987,268464
result_SELECT_10_Heisenberg2D_cylinder_0.5_0.5_3,outer,2,SA,0.01,0,Double,No_Kink,987,358740
result_SELECT_10_Heisenberg2D_cylinder_0.5_0.5_3,outer,2,SA,0.01,0,Double,Yes_Kink,1022,363204
result_SELECT_10_Heisenberg2D_cylinder_0.5_0.5_3,outer,2,SA,0.01,0,Proj,No_MSF,837,232336
result_SELECT_10_Heisenberg2D_cylinder_0.5_0.5_3,outer,2,SA,0.01,0,Proj,No_Top,837,227664
result_SELECT_10_Heisenberg2D_cylinder_0.5_0.5_3,outer,2,SA,0.01,0,Proj,No_Kink,849,935978
result_SELECT_10_Heisenberg2D_cylinder_0.5_0.5_3,outer,2,SA,0.01,0,Proj,Yes_Kink,848,912012
result_trotter_10_Heisenberg2D_cylinder_0.5_0.5_det,outer,2,naive,0.0,1,Single,No_MSF,756,126600
result_trotter_10_Heisenberg2D_cylinder_0.5_0.5_det,outer,2,naive,0.0,1,Single,No_Top,1315,157000
result_trotter_10_Heisenberg2D_cylinder_0.5_0.5_det,outer,2,naive,0.0,1,Single,No_Kink,1373,389922
result_trotter_10_Heisenberg2D_cylinder_0.5_0.5_det,outer,2,naive,0.0,1,Single,Yes_Kink,1385,395897
result_trotter_10_Heisenberg2D_cylinder_0.5_0.5_det,outer,2,naive,0.0,1,Double,No_MSF,749,125900
result_trotter_10_Heisenberg2D_cylinder_0.5_0.5_det,outer,2,naive,0.0,1,Double,No_Top,1292,154700
result_trotter_10_Heisenberg2D_cylinder_0.5_0.5_det,outer,2,naive,0.0,1,Double,No_Kink,1321,432855
result_trotter_10_Heisenberg2D_cylinder_0.5_0.5_det,outer,2,naive,0.0,1,Double,Yes_Kink,1345,428973
result_trotter_10_Heisenberg2D_cylinder_0.5_0.5_det,outer,2,naive,0.0,1,Proj,No_MSF,390,90000
result_trotter_10_Heisenberg2D_cylinder_0.5_0.5_det,outer,2,naive,0.0,1,Proj,No_Top,1160,141500
result_trotter_10_Heisenberg2D_cylinder_0.5_0.5_det,outer,2,naive,0.0,1,Proj,No_Kink,1425,795461
result_trotter_10_Heisenberg2D_cylinder_0.5_0.5_det,outer,2,naive,0.0,1,Proj,Yes_Kink,1455,790071
result_trotter_10_Heisenberg2D_cylinder_0.5_0.5_det,inner,1,naive,0.0,2,Single,No_MSF,756,152100
result_trotter_10_Heisenberg2D_cylinder_0.5_0.5_det,inner,1,naive,0.0,2,Single,No_Top,1864,237400
result_trotter_10_Heisenberg2D_cylinder_0.5_0.5_det,inner,1,naive,0.0,2,Single,No_Kink,1949,504310
result_trotter_10_Heisenberg2D_cylinder_0.5_0.5_det,inner,1,naive,0.0,2,Double,No_MSF,749,151400
result_trotter_10_Heisenberg2D_cylinder_0.5_0.5_det,inner,1,naive,0.0,2,Double,No_Top,1861,237100
result_trotter_10_Heisenberg2D_cylinder_0.5_0.5_det,inner,1,naive,0.0,2,Double,No_Kink,1901,562164
result_trotter_10_Heisenberg2D_cylinder_0.5_0.5_det,inner,1,naive,0.0,2,Double,Yes_Kink,1934,586317
result_trotter_10_Heisenberg2D_cylinder_0.5_0.5_det,inner,1,naive,0.0,2,Proj,No_MSF,390,115500
result_trotter_10_Heisenberg2D_cylinder_0.5_0.5_det,inner,1,naive,0.0,2,Proj,No_Top,1740,225000
result_trotter_10_Heisenberg2D_cylinder_0.5_0.5_det,inner,1,naive,0.0,2,Proj,No_Kink,1928,772809
result_trotter_10_Heisenberg2D_cylinder_0.5_0.5_det,inner,1,naive,0.0,2,Proj,Yes_Kink,1942,749086
result_SELECT_10_Heisenberg2D_cylinder_0.5_0.5_3,inner,1,naive,0.0,0,Single,No_MSF,1069,295440
result_SELECT_10_Heisenberg2D_cylinder_0.5_0.5_3,inner,1,naive,0.0,0,Single,No_Top,1069,290768
result_SELECT_10_Heisenberg2D_cylinder_0.5_0.5_3,inner,1,naive,0.0,0,Single,No_Kink,1757,732744
result_SELECT_10_Heisenberg2D_cylinder_0.5_0.5_3,inner,1,naive,0.0,0,Double,No_MSF,987,273136
result_SELECT_10_Heisenberg2D_cylinder_0.5_0.5_3,inner,1,naive,0.0,0,Double,No_Top,987,268464
result_SELECT_10_Heisenberg2D_cylinder_0.5_0.5_3,inner,1,naive,0.0,0,Double,No_Kink,1403,637142
result_SELECT_10_Heisenberg2D_cylinder_0.5_0.5_3,inner,1,naive,0.0,0,Double,Yes_Kink,1388,633076
result_SELECT_10_Heisenberg2D_cylinder_0.5_0.5_3,inner,1,naive,0.0,0,Proj,No_MSF,837,232336
result_SELECT_10_Heisenberg2D_cylinder_0.5_0.5_3,inner,1,naive,0.0,0,Proj,No_Top,837,227664
result_SELECT_10_Heisenberg2D_cylinder_0.5_0.5_3,inner,1,naive,0.0,0,Proj,No_Kink,1051,1112755
result_SELECT_10_Heisenberg2D_cylinder_0.5_0.5_3,inner,1,naive,0.0,0,Proj,Yes_Kink,1075,1115700
result_SELECT_10_Z2LatticeGauge2D_PBC_0_0_6,inner,2,naive,0.0,2,Single,No_MSF,113,138212
result_SELECT_10_Z2LatticeGauge2D_PBC_0_0_6,inner,2,naive,0.0,2,Single,No_Top,119,142620
result_SELECT_10_Z2LatticeGauge2D_PBC_0_0_6,inner,2,naive,0.0,2,Single,No_Kink,247,485289
result_SELECT_10_Z2LatticeGauge2D_PBC_0_0_6,inner,2,naive,0.0,2,Single,Yes_Kink,241,485520
result_SELECT_10_Z2LatticeGauge2D_PBC_0_0_6,inner,2,naive,0.0,2,Double,No_MSF,91,112780
result_SELECT_10_Z2LatticeGauge2D_PBC_0_0_6,inner,2,naive,0.0,2,Double,No_Top,98,118344
result_SELECT_10_Z2LatticeGauge2D_PBC_0_0_6,inner,2,naive,0.0,2,Double,No_Kink,210,453552
result_SELECT_10_Z2LatticeGauge2D_PBC_0_0_6,inner,2,naive,0.0,2,Double,Yes_Kink,222,471935
result_SELECT_10_Z2LatticeGauge2D_PBC_0_0_6,inner,2,naive,0.0,2,Proj,No_MSF,43,57292
result_SELECT_10_Z2LatticeGauge2D_PBC_0_0_6,inner,2,naive,0.0,2,Proj,No_Top,57,70948
result_SELECT_10_Z2LatticeGauge2D_PBC_0_0_6,inner,2,naive,0.0,2,Proj,No_Kink,217,937973
result_SELECT_10_Z2LatticeGauge2D_PBC_0_0_6,inner,2,naive,0.0,2,Proj,Yes_Kink,222,941810
result_SELECT_100_random_local_OBC_0_0_6,outer,2,SA,1.0,2,Single,No_MSF,247,306944
result_SELECT_100_random_local_OBC_0_0_6,outer,2,SA,1.0,2,Single,No_Top,247,302112
result_SELECT_100_random_local_OBC_0_0_6,outer,2,SA,1.0,2,Single,No_Kink,358,654156
result_SELECT_100_random_local_OBC_0_0_6,outer,2,SA,1.0,2,Single,Yes_Kink,380,691122
result_SELECT_100_random_local_OBC_0_0_6,outer,2,SA,1.0,2,Double,No_MSF,192,241824
result_SELECT_100_random_local_OBC_0_0_6,outer,2,SA,1.0,2,Double,No_Top,193,238176
result_SELECT_100_random_local_OBC_0_0_6,outer,2,SA,1.0,2,Double,No_Kink,318,629963
result_SELECT_100_random_local_OBC_0_0_6,outer,2,SA,1.0,2,Double,Yes_Kink,326,643481
result_SELECT_100_random_local_OBC_0_0_6,outer,2,SA,1.0,2,Proj,No_MSF,128,166048
result_SELECT_100_random_local_OBC_0_0_6,outer,2,SA,1.0,2,Proj,No_Top,128,161216
result_SELECT_100_random_local_OBC_0_0_6,outer,2,SA,1.0,2,Proj,No_Kink,315,1399059
result_SELECT_100_random_local_OBC_0_0_6,outer,2,SA,1.0,2,Proj,Yes_Kink,325,1427247
result_SELECT_10_Z2LatticeGauge2D_PBC_0_0_6,outer,1,SA,0.001,2,Single,No_MSF,113,138212
result_SELECT_10_Z2LatticeGauge2D_PBC_0_0_6,outer,1,SA,0.001,2,Single,No_Top,119,142620
result_SELECT_10_Z2LatticeGauge2D_PBC_0_0_6,outer,1,SA,0.001,2,Single,No_Kink,159,308262
result_SELECT_10_Z2LatticeGauge2D_PBC_0_0_6,outer,1,SA,0.001,2,Double,No_MSF,91,112780
result_SELECT_10_Z2LatticeGauge2D_PBC_0_0_6,outer,1,SA,0.001,2,Double,No_Top,98,118344
result_SELECT_10_Z2LatticeGauge2D_PBC_0_0_6,outer,1,SA,0.001,2,Double,No_Kink,121,277905
result_SELECT_10_Z2LatticeGauge2D_PBC_0_0_6,outer,1,SA,0.001,2,Double,Yes_Kink,124,288124
result_SELECT_10_Z2LatticeGauge2D_PBC_0_0_6,outer,1,SA,0.001,2,Proj,No_MSF,43,57292
result_SELECT_10_Z2LatticeGauge2D_PBC_0_0_6,outer,1,SA,0.001,2,Proj,No_Top,57,70948
result_SELECT_10_Z2LatticeGauge2D_PBC_0_0_6,outer,1,SA,0.001,2,Proj,No_Kink,85,325582
result_SELECT_10_Z2LatticeGauge2D_PBC_0_0_6,outer,1,SA,0.001,2,Proj,Yes_Kink,87,329637
result_SELECT_10_Heisenberg2D_cylinder_0.5_0.5_4,outer,2,SA,1.0,0,Single,No_MSF,571,251568
result_SELECT_10_Heisenberg2D_cylinder_0.5_0.5_4,outer,2,SA,1.0,0,Single,No_Top,571,246672
result_SELECT_10_Heisenberg2D_cylinder_0.5_0.5_4,outer,2,SA,1.0,0,Single,No_Kink,576,321047
result_SELECT_10_Heisenberg2D_cylinder_0.5_0.5_4,outer,2,SA,1.0,0,Single,Yes_Kink,577,335219
result_SELECT_10_Heisenberg2D_cylinder_0.5_0.5_4,outer,2,SA,1.0,0,Double,No_MSF,522,230400
result_SELECT_10_Heisenberg2D_cylinder_0.5_0.5_4,outer,2,SA,1.0,0,Double,No_Top,522,225504
result_SELECT_10_Heisenberg2D_cylinder_0.5_0.5_4,outer,2,SA,1.0,0,Double,No_Kink,523,312164
result_SELECT_10_Heisenberg2D_cylinder_0.5_0.5_4,outer,2,SA,1.0,0,Double,Yes_Kink,541,316798
result_SELECT_10_Heisenberg2D_cylinder_0.5_0.5_4,outer,2,SA,1.0,0,Proj,No_MSF,420,186336
result_SELECT_10_Heisenberg2D_cylinder_0.5_0.5_4,outer,2,SA,1.0,0,Proj,No_Top,420,181440
result_SELECT_10_Heisenberg2D_cylinder_0.5_0.5_4,outer,2,SA,1.0,0,Proj,No_Kink,438,751566
result_SELECT_10_Heisenberg2D_cylinder_0.5_0.5_4,outer,2,SA,1.0,0,Proj,Yes_Kink,440,736369
result_trotter_10_Heisenberg2D_cylinder_0.5_0.5_rand,inner,2,SA,1.0,1,Single,No_MSF,744,125400
result_trotter_10_Heisenberg2D_cylinder_0.5_0.5_rand,inner,2,SA,1.0,1,Single,No_Top,1231,148600
result_trotter_10_Heisenberg2D_cylinder_0.5_0.5_rand,inner,2,SA,1.0,1,Single,No_Kink,1236,282883
result_trotter_10_Heisenberg2D_cylinder_0.5_0.5_rand,inner,2,SA,1.0,1,Single,Yes_Kink,1242,290690
result_trotter_10_Heisenberg2D_cylinder_0.5_0.5_rand,inner,2,SA,1.0,1,Double,No_MSF,721,123100
result_trotter_10_Heisenberg2D_cylinder_0.5_0.5_rand,inner,2,SA,1.0,1,Double,No_Top,1211,146600
result_trotter_10_Heisenberg2D_cylinder_0.5_0.5_rand,inner,2,SA,1.0,1,Double,No_Kink,1211,280263
result_trotter_10_Heisenberg2D_cylinder_0.5_0.5_rand,inner,2,SA,1.0,1,Double,Yes_Kink,1214,311404
result_trotter_10_Heisenberg2D_cylinder_0.5_0.5_rand,inner,2,SA,1.0,1,Proj,No_MSF,390,90000
result_trotter_10_Heisenberg2D_cylinder_0.5_0.5_rand,inner,2,SA,1.0,1,Proj,No_Top,1160,141500
result_trotter_10_Heisenberg2D_cylinder_0.5_0.5_rand,inner,2,SA,1.0,1,Proj,No_Kink,1251,681149
result_trotter_10_Heisenberg2D_cylinder_0.5_0.5_rand,inner,2,SA,1.0,1,Proj,Yes_Kink,1252,650231
result_SELECT_10_Heisenberg2D_cylinder_0.5_0.5_4,outer,2,SA,0.01,2,Single,No_MSF,571,261360
result_SELECT_10_Heisenberg2D_cylinder_0.5_0.5_4,outer,2,SA,0.01,2,Single,No_Top,571,256464
result_SELECT_10_Heisenberg2D_cylinder_0.5_0.5_4,outer,2,SA,0.01,2,Single,No_Kink,574,349518
result_SELECT_10_Heisenberg2D_cylinder_0.5_0.5_4,outer,2,SA,0.01,2,Single,Yes_Kink,577,364517
result_SELECT_10_Heisenberg2D_cylinder_0.5_0.5_4,outer,2,SA,0.01,2,Double,No_MSF,522,240192
result_SELECT_10_Heisenberg2D_cylinder_0.5_0.5_4,outer,2,SA,0.01,2,Double,No_Top,522,235296
result_SELECT_10_Heisenberg2D_cylinder_0.5_0.5_4,outer,2,SA,0.01,2,Double,No_Kink,525,342683
result_SELECT_10_Heisenberg2D_cylinder_0.5_0.5_4,outer,2,SA,0.01,2,Double,Yes_Kink,541,346791
result_SELECT_10_Heisenberg2D_cylinder_0.5_0.5_4,outer,2,SA,0.01,2,Proj,No_MSF,420,196128
result_SELECT_10_Heisenberg2D_cylinder_0.5_0.5_4,outer,2,SA,0.01,2,Proj,No_Top,420,191232
result_SELECT_10_Heisenberg2D_cylinder_0.5_0.5_4,outer,2,SA,0.01,2,Proj,No_Kink,439,773955
result_SELECT_10_Heisenberg2D_cylinder_0.5_0.5_4,outer,2,SA,0.01,2,Proj,Yes_Kink,441,758800
result_trotter_10_Heisenberg2D_cylinder_0.5_0.5_det,outer,1,naive,0.0,1,Single,No_MSF,756,126600
result_trotter_10_Heisenberg2D_cylinder_0.5_0.5_det,outer,1,naive,0.0,1,Single,No_Top,1315,157000
result_trotter_10_Heisenberg2D_cylinder_0.5_0.5_det,outer,1,naive,0.0,1,Single,No_Kink,1436,391970
result_trotter_10_Heisenberg2D_cylinder_0.5_0.5_det,outer,1,naive,0.0,1,Double,No_MSF,749,125900
result_trotter_10_Heisenberg2D_cylinder_0.5_0.5_det,outer,1,naive,0.0,1,Double,No_Top,1292,154700
result_trotter_10_Heisenberg2D_cylinder_0.5_0.5_det,outer,1,naive,0.0,1,Double,No_Kink,1380,454932
result_trotter_10_Heisenberg2D_cylinder_0.5_0.5_det,outer,1,naive,0.0,1,Double,Yes_Kink,1466,468920
result_trotter_10_Heisenberg2D_cylinder_0.5_0.5_det,outer,1,naive,0.0,1,Proj,No_MSF,390,90000
result_trotter_10_Heisenberg2D_cylinder_0.5_0.5_det,outer,1,naive,0.0,1,Proj,No_Top,1160,141500
result_trotter_10_Heisenberg2D_cylinder_0.5_0.5_det,outer,1,naive,0.0,1,Proj,No_Kink,1379,539961
result_trotter_10_Heisenberg2D_cylinder_0.5_0.5_det,outer,1,naive,0.0,1,Proj,Yes_Kink,1411,532682
result_SELECT_10_Heisenberg2D_cylinder_0.5_0.5_6,inner,1,SA,1.0,10,Single,No_MSF,211,344064
result_SELECT_10_Heisenberg2D_cylinder_0.5_0.5_6,inner,1,SA,1.0,10,Single,No_Top,483,694816
result_SELECT_10_Heisenberg2D_cylinder_0.5_0.5_6,inner,1,SA,1.0,10,Single,No_Kink,489,1069498
result_SELECT_10_Heisenberg2D_cylinder_0.5_0.5_6,inner,1,SA,1.0,10,Double,No_MSF,177,299456
result_SELECT_10_Heisenberg2D_cylinder_0.5_0.5_6,inner,1,SA,1.0,10,Double,No_Top,473,681696
result_SELECT_10_Heisenberg2D_cylinder_0.5_0.5_6,inner,1,SA,1.0,10,Double,No_Kink,474,1094254
result_SELECT_10_Heisenberg2D_cylinder_0.5_0.5_6,inner,1,SA,1.0,10,Double,Yes_Kink,474,1088200
result_SELECT_10_Heisenberg2D_cylinder_0.5_0.5_6,inner,1,SA,1.0,10,Proj,No_MSF,108,208928
result_SELECT_10_Heisenberg2D_cylinder_0.5_0.5_6,inner,1,SA,1.0,10,Proj,No_Top,451,652832
result_SELECT_10_Heisenberg2D_cylinder_0.5_0.5_6,inner,1,SA,1.0,10,Proj,No_Kink,1672,5487504
result_SELECT_10_Heisenberg2D_cylinder_0.5_0.5_6,inner,1,SA,1.0,10,Proj,Yes_Kink,1617,5143276
result_trotter_10_Heisenberg2D_cylinder_0.5_0.5_det,inner,1,SA,0.01,0,Single,No_MSF,756,101100
result_trotter_10_Heisenberg2D_cylinder_0.5_0.5_det,inner,1,SA,0.01,0,Single,No_Top,784,78400
result_trotter_10_Heisenberg2D_cylinder_0.5_0.5_det,inner,1,SA,0.01,0,Single,No_Kink,1083,270384
result_trotter_10_Heisenberg2D_cylinder_0.5_0.5_det,inner,1,SA,0.01,0,Double,No_MSF,749,100400
result_trotter_10_Heisenberg2D_cylinder_0.5_0.5_det,inner,1,SA,0.01,0,Double,No_Top,762,76200
result_trotter_10_Heisenberg2D_cylinder_0.5_0.5_det,inner,1,SA,0.01,0,Double,No_Kink,1067,324019
result_trotter_10_Heisenberg2D_cylinder_0.5_0.5_det,inner,1,SA,0.01,0,Double,Yes_Kink,1313,383455
result_trotter_10_Heisenberg2D_cylinder_0.5_0.5_det,inner,1,SA,0.01,0,Proj,No_MSF,390,64500
result_trotter_10_Heisenberg2D_cylinder_0.5_0.5_det,inner,1,SA,0.01,0,Proj,No_Top,580,58000
result_trotter_10_Heisenberg2D_cylinder_0.5_0.5_det,inner,1,SA,0.01,0,Proj,No_Kink,1189,429227
result_trotter_10_Heisenberg2D_cylinder_0.5_0.5_det,inner,1,SA,0.01,0,Proj,Yes_Kink,1211,419099
result_SELECT_100_Heisenberg1D_OBC_1_0_6,inner,2,naive,0.0,2,Single,No_MSF,206,309976
result_SELECT_100_Heisenberg1D_OBC_1_0_6,inner,2,naive,0.0,2,Single,No_Top,211,310668
result_SELECT_100_Heisenberg1D_OBC_1_0_6,inner,2,naive,0.0,2,Single,No_Kink,607,1396719
result_SELECT_100_Heisenberg1D_OBC_1_0_6,inner,2,naive,0.0,2,Single,Yes_Kink,550,1340683
result_SELECT_100_Heisenberg1D_OBC_1_0_6,inner,2,naive,0.0,2,Double,No_MSF,185,280324
result_SELECT_100_Heisenberg1D_OBC_1_0_6,inner,2,naive,0.0,2,Double,No_Top,185,273956
result_SELECT_100_Heisenberg1D_OBC_1_0_6,inner,2,naive,0.0,2,Double,No_Kink,530,1323090
result_SELECT_100_Heisenberg1D_OBC_1_0_6,inner,2,naive,0.0,2,Double,Yes_Kink,550,1365262
result_SELECT_100_Heisenberg1D_OBC_1_0_6,inner,2,naive,0.0,2,Proj,No_MSF,117,184308
result_SELECT_100_Heisenberg1D_OBC_1_0_6,inner,2,naive,0.0,2,Proj,No_Top,123,186412
result_SELECT_100_Heisenberg1D_OBC_1_0_6,inner,2,naive,0.0,2,Proj,No_Kink,540,2776254
result_SELECT_100_Heisenberg1D_OBC_1_0_6,inner,2,naive,0.0,2,Proj,Yes_Kink,547,2779199
result_trotter_10_Heisenberg2D_cylinder_0.5_0.5_rand,inner,2,SA,0.001,0,Single,No_MSF,744,99900
result_trotter_10_Heisenberg2D_cylinder_0.5_0.5_rand,inner,2,SA,0.001,0,Single,No_Top,749,74900
result_trotter_10_Heisenberg2D_cylinder_0.5_0.5_rand,inner,2,SA,0.001,0,Single,No_Kink,772,229516
result_trotter_10_Heisenberg2D_cylinder_0.5_0.5_rand,inner,2,SA,0.001,0,Single,Yes_Kink,788,237786
result_trotter_10_Heisenberg2D_cylinder_0.5_0.5_rand,inner,2,SA,0.001,0,Double,No_MSF,721,97600
result_trotter_10_Heisenberg2D_cylinder_0.5_0.5_rand,inner,2,SA,0.001,0,Double,No_Top,721,72100
result_trotter_10_Heisenberg2D_cylinder_0.5_0.5_rand,inner,2,SA,0.001,0,Double,No_Kink,774,284356
result_trotter_10_Heisenberg2D_cylinder_0.5_0.5_rand,inner,2,SA,0.001,0,Double,Yes_Kink,807,280241
result_trotter_10_Heisenberg2D_cylinder_0.5_0.5_rand,inner,2,SA,0.001,0,Proj,No_MSF,390,64500
result_trotter_10_Heisenberg2D_cylinder_0.5_0.5_rand,inner,2,SA,0.001,0,Proj,No_Top,580,58000
result_trotter_10_Heisenberg2D_cylinder_0.5_0.5_rand,inner,2,SA,0.001,0,Proj,No_Kink,731,390811
result_trotter_10_Heisenberg2D_cylinder_0.5_0.5_rand,inner,2,SA,0.001,0,Proj,Yes_Kink,753,383605
result_SELECT_10_Heisenberg2D_cylinder_0.5_0.5_1,inner,2,SA,0.001,0,Single,No_MSF,4079,591856
result_SELECT_10_Heisenberg2D_cylinder_0.5_0.5_1,inner,2,SA,0.001,0,Single,No_Top,4079,587376
result_SELECT_10_Heisenberg2D_cylinder_0.5_0.5_1,inner,2,SA,0.001,0,Single,No_Kink,4079,652883
result_SELECT_10_Heisenberg2D_cylinder_0.5_0.5_1,inner,2,SA,0.001,0,Single,Yes_Kink,4080,665614
result_SELECT_10_Heisenberg2D_cylinder_0.5_0.5_1,inner,2,SA,0.001,0,Double,No_MSF,3792,550528
result_SELECT_10_Heisenberg2D_cylinder_0.5_0.5_1,inner,2,SA,0.001,0,Double,No_Top,3792,546048
result_SELECT_10_Heisenberg2D_cylinder_0.5_0.5_1,inner,2,SA,0.001,0,Double,No_Kink,3792,627494
result_SELECT_10_Heisenberg2D_cylinder_0.5_0.5_1,inner,2,SA,0.001,0,Double,Yes_Kink,3793,624861
result_SELECT_10_Heisenberg2D_cylinder_0.5_0.5_1,inner,2,SA,0.001,0,Proj,No_MSF,3333,484432
result_SELECT_10_Heisenberg2D_cylinder_0.5_0.5_1,inner,2,SA,0.001,0,Proj,No_Top,3333,479952
result_SELECT_10_Heisenberg2D_cylinder_0.5_0.5_1,inner,2,SA,0.001,0,Proj,No_Kink,3335,1544606
result_SELECT_10_Heisenberg2D_cylinder_0.5_0.5_1,inner,2,SA,0.001,0,Proj,Yes_Kink,3335,1514577
result_trotter_10_Heisenberg2D_cylinder_0.5_0.5_det,inner,1,random,0.0,2,Single,No_MSF,756,152100
result_trotter_10_Heisenberg2D_cylinder_0.5_0.5_det,inner,1,random,0.0,2,Single,No_Top,1864,237400
result_trotter_10_Heisenberg2D_cylinder_0.5_0.5_det,inner,1,random,0.0,2,Single,No_Kink,1982,468814
result_trotter_10_Heisenberg2D_cylinder_0.5_0.5_det,inner,1,random,0.0,2,Double,No_MSF,749,151400
result_trotter_10_Heisenberg2D_cylinder_0.5_0.5_det,inner,1,random,0.0,2,Double,No_Top,1861,237100
result_trotter_10_Heisenberg2D_cylinder_0.5_0.5_det,inner,1,random,0.0,2,Double,No_Kink,1909,498473
result_trotter_10_Heisenberg2D_cylinder_0.5_0.5_det,inner,1,random,0.0,2,Double,Yes_Kink,1948,511184
result_trotter_10_Heisenberg2D_cylinder_0.5_0.5_det,inner,1,random,0.0,2,Proj,No_MSF,390,115500
result_trotter_10_Heisenberg2D_cylinder_0.5_0.5_det,inner,1,random,0.0,2,Proj,No_Top,1740,225000
result_trotter_10_Heisenberg2D_cylinder_0.5_0.5_det,inner,1,random,0.0,2,Proj,No_Kink,1996,758838
result_trotter_10_Heisenberg2D_cylinder_0.5_0.5_det,inner,1,random,0.0,2,Proj,Yes_Kink,2045,728993
result_SELECT_10_Heisenberg2D_cylinder_0.5_0.5_0,inner,1,SA,0.1,2,Single,No_MSF,8099,1001446
result_SELECT_10_Heisenberg2D_cylinder_0.5_0.5_0,inner,1,SA,0.1,2,Single,No_Top,8101,997234
result_SELECT_10_Heisenberg2D_cylinder_0.5_0.5_0,inner,1,SA,0.1,2,Single,No_Kink,8101,1072336
result_SELECT_10_Heisenberg2D_cylinder_0.5_0.5_0,inner,1,SA,0.1,2,Double,No_MSF,7536,932760
result_SELECT_10_Heisenberg2D_cylinder_0.5_0.5_0,inner,1,SA,0.1,2,Double,No_Top,7537,928426
result_SELECT_10_Heisenberg2D_cylinder_0.5_0.5_0,inner,1,SA,0.1,2,Double,No_Kink,7537,1019743
result_SELECT_10_Heisenberg2D_cylinder_0.5_0.5_0,inner,1,SA,0.1,2,Double,Yes_Kink,7537,1021904
result_SELECT_10_Heisenberg2D_cylinder_0.5_0.5_0,inner,1,SA,0.1,2,Proj,No_MSF,6660,825888
result_SELECT_10_Heisenberg2D_cylinder_0.5_0.5_0,inner,1,SA,0.1,2,Proj,No_Top,6660,821432
result_SELECT_10_Heisenberg2D_cylinder_0.5_0.5_0,inner,1,SA,0.1,2,Proj,No_Kink,6664,2627335
result_SELECT_10_Heisenberg2D_cylinder_0.5_0.5_0,inner,1,SA,0.1,2,Proj,Yes_Kink,6666,2578766
result_SELECT_100_Schwinger_OBC_0_0_6,outer,2,SA,1.0,2,Single,No_MSF,730,1212896
result_SELECT_100_Schwinger_OBC_0_0_6,outer,2,SA,1.0,2,Single,No_Top,732,1193280
result_SELECT_100_Schwinger_OBC_0_0_6,outer,2,SA,1.0,2,Single,No_Kink,967,2353178
result_SELECT_100_Schwinger_OBC_0_0_6,outer,2,SA,1.0,2,Single,Yes_Kink,1025,2489480
result_SELECT_100_Schwinger_OBC_0_0_6,outer,2,SA,1.0,2,Double,No_MSF,621,1041984
result_SELECT_100_Schwinger_OBC_0_0_6,outer,2,SA,1.0,2,Double,No_Top,623,1022368
result_SELECT_100_Schwinger_OBC_0_0_6,outer,2,SA,1.0,2,Double,No_Kink,869,2301139
result_SELECT_100_Schwinger_OBC_0_0_6,outer,2,SA,1.0,2,Double,Yes_Kink,889,2359299
result_SELECT_100_Schwinger_OBC_0_0_6,outer,2,SA,1.0,2,Proj,No_MSF,488,833440
result_SELECT_100_Schwinger_OBC_0_0_6,outer,2,SA,1.0,2,Proj,No_Top,488,810688
result_SELECT_100_Schwinger_OBC_0_0_6,outer,2,SA,1.0,2,Proj,No_Kink,903,5034311
result_SELECT_100_Schwinger_OBC_0_0_6,outer,2,SA,1.0,2,Proj,Yes_Kink,927,5106762
result_SELECT_10_Heisenberg2D_cylinder_0.5_0.5_1,inner,1,SA,0.1,0,Single,No_MSF,4079,591856
result_SELECT_10_Heisenberg2D_cylinder_0.5_0.5_1,inner,1,SA,0.1,0,Single,No_Top,4079,587376
result_SELECT_10_Heisenberg2D_cylinder_0.5_0.5_1,inner,1,SA,0.1,0,Single,No_Kink,4086,656244
result_SELECT_10_Heisenberg2D_cylinder_0.5_0.5_1,inner,1,SA,0.1,0,Double,No_MSF,3792,550528
result_SELECT_10_Heisenberg2D_cylinder_0.5_0.5_1,inner,1,SA,0.1,0,Double,No_Top,3792,546048
result_SELECT_10_Heisenberg2D_cylinder_0.5_0.5_1,inner,1,SA,0.1,0,Double,No_Kink,3797,635744
result_SELECT_10_Heisenberg2D_cylinder_0.5_0.5_1,inner,1,SA,0.1,0,Double,Yes_Kink,3806,641229
result_SELECT_10_Heisenberg2D_cylinder_0.5_0.5_1,inner,1,SA,0.1,0,Proj,No_MSF,3333,484432
result_SELECT_10_Heisenberg2D_cylinder_0.5_0.5_1,inner,1,SA,0.1,0,Proj,No_Top,3333,479952
result_SELECT_10_Heisenberg2D_cylinder_0.5_0.5_1,inner,1,SA,0.1,0,Proj,No_Kink,3345,1624854
result_SELECT_10_Heisenberg2D_cylinder_0.5_0.5_1,inner,1,SA,0.1,0,Proj,Yes_Kink,3349,1585956
result_SELECT_10_Heisenberg2D_cylinder_0.5_0.5_4,outer,2,naive,0.0,0,Single,No_MSF,571,251568
result_SELECT_10_Heisenberg2D_cylinder_0.5_0.5_4,outer,2,naive,0.0,0,Single,No_Top,571,246672
result_SELECT_10_Heisenberg2D_cylinder_0.5_0.5_4,outer,2,naive,0.0,0,Single,No_Kink,905,624783
result_SELECT_10_Heisenberg2D_cylinder_0.5_0.5_4,outer,2,naive,0.0,0,Single,Yes_Kink,894,634745
result_SELECT_10_Heisenberg2D_cylinder_0.5_0.5_4,outer,2,naive,0.0,0,Double,No_MSF,522,230400
result_SELECT_10_Heisenberg2D_cylinder_0.5_0.5_4,outer,2,naive,0.0,0,Double,No_Top,522,225504
result_SELECT_10_Heisenberg2D_cylinder_0.5_0.5_4,outer,2,naive,0.0,0,Double,No_Kink,805,594614
result_SELECT_10_Heisenberg2D_cylinder_0.5_0.5_4,outer,2,naive,0.0,0,Double,Yes_Kink,803,588870
result_SELECT_10_Heisenberg2D_cylinder_0.5_0.5_4,outer,2,naive,0.0,0,Proj,No_MSF,420,186336
result_SELECT_10_Heisenberg2D_cylinder_0.5_0.5_4,outer,2,naive,0.0,0,Proj,No_Top,420,181440
result_SELECT_10_Heisenberg2D_cylinder_0.5_0.5_4,outer,2,naive,0.0,0,Proj,No_Kink,645,1117155
result_SELECT_10_Heisenberg2D_cylinder_0.5_0.5_4,outer,2,naive,0.0,0,Proj,Yes_Kink,660,1122412
result_SELECT_10_Heisenberg2D_cylinder_0.5_0.5_5,inner,1,random,0.0,0,Single,No_MSF,327,246016
result_SELECT_10_Heisenberg2D_cylinder_0.5_0.5_5,inner,1,random,0.0,0,Single,No_Top,327,240672
result_SELECT_10_Heisenberg2D_cylinder_0.5_0.5_5,inner,1,random,0.0,0,Single,No_Kink,725,1020688
result_SELECT_10_Heisenberg2D_cylinder_0.5_0.5_5,inner,1,random,0.0,0,Double,No_MSF,290,218784
result_SELECT_10_Heisenberg2D_cylinder_0.5_0.5_5,inner,1,random,0.0,0,Double,No_Top,290,213440
result_SELECT_10_Heisenberg2D_cylinder_0.5_0.5_5,inner,1,random,0.0,0,Double,No_Kink,437,817998
result_SELECT_10_Heisenberg2D_cylinder_0.5_0.5_5,inner,1,random,0.0,0,Double,Yes_Kink,441,824458
result_SELECT_10_Heisenberg2D_cylinder_0.5_0.5_5,inner,1,random,0.0,0,Proj,No_MSF,213,162112
result_SELECT_10_Heisenberg2D_cylinder_0.5_0.5_5,inner,1,random,0.0,0,Proj,No_Top,213,156768
result_SELECT_10_Heisenberg2D_cylinder_0.5_0.5_5,inner,1,random,0.0,0,Proj,No_Kink,334,912481
result_SELECT_10_Heisenberg2D_cylinder_0.5_0.5_5,inner,1,random,0.0,0,Proj,Yes_Kink,343,924205
result_SELECT_100_random_local_OBC_0_0_6,inner,1,SA,0.1,2,Single,No_MSF,247,306944
result_SELECT_100_random_local_OBC_0_0_6,inner,1,SA,0.1,2,Single,No_Top,247,302112
result_SELECT_100_random_local_OBC_0_0_6,inner,1,SA,0.1,2,Single,No_Kink,518,906302
result_SELECT_100_random_local_OBC_0_0_6,inner,1,SA,0.1,2,Double,No_MSF,192,241824
result_SELECT_100_random_local_OBC_0_0_6,inner,1,SA,0.1,2,Double,No_Top,193,238176
result_SELECT_100_random_local_OBC_0_0_6,inner,1,SA,0.1,2,Double,No_Kink,425,836474
result_SELECT_100_random_local_OBC_0_0_6,inner,1,SA,0.1,2,Double,Yes_Kink,434,861568
result_SELECT_100_random_local_OBC_0_0_6,inner,1,SA,0.1,2,Proj,No_MSF,128,166048
result_SELECT_100_random_local_OBC_0_0_6,inner,1,SA,0.1,2,Proj,No_Top,128,161216
result_SELECT_100_random_local_OBC_0_0_6,inner,1,SA,0.1,2,Proj,No_Kink,421,1752517
result_SELECT_100_random_local_OBC_0_0_6,inner,1,SA,0.1,2,Proj,Yes_Kink,434,1779976
result_trotter_10_Heisenberg2D_cylinder_0.5_0.5_rand,inner,2,SA,0.1,1,Single,No_MSF,744,125400
result_trotter_10_Heisenberg2D_cylinder_0.5_0.5_rand,inner,2,SA,0.1,1,Single,No_Top,1231,148600
result_trotter_10_Heisenberg2D_cylinder_0.5_0.5_rand,inner,2,SA,0.1,1,Single,No_Kink,1239,300129
result_trotter_10_Heisenberg2D_cylinder_0.5_0.5_rand,inner,2,SA,0.1,1,Single,Yes_Kink,1247,313569
result_trotter_10_Heisenberg2D_cylinder_0.5_0.5_rand,inner,2,SA,0.1,1,Double,No_MSF,721,123100
result_trotter_10_Heisenberg2D_cylinder_0.5_0.5_rand,inner,2,SA,0.1,1,Double,No_Top,1211,146600
result_trotter_10_Heisenberg2D_cylinder_0.5_0.5_rand,inner,2,SA,0.1,1,Double,No_Kink,1212,296147
result_trotter_10_Heisenberg2D_cylinder_0.5_0.5_rand,inner,2,SA,0.1,1,Double,Yes_Kink,1215,335643
result_trotter_10_Heisenberg2D_cylinder_0.5_0.5_rand,inner,2,SA,0.1,1,Proj,No_MSF,390,90000
result_trotter_10_Heisenberg2D_cylinder_0.5_0.5_rand,inner,2,SA,0.1,1,Proj,No_Top,1160,141500
result_trotter_10_Heisenberg2D_cylinder_0.5_0.5_rand,inner,2,SA,0.1,1,Proj,No_Kink,1216,682378
result_trotter_10_Heisenberg2D_cylinder_0.5_0.5_rand,inner,2,SA,0.1,1,Proj,Yes_Kink,1217,648054
result_SELECT_10_Heisenberg2D_cylinder_0.5_0.5_2,outer,1,naive,0.0,2,Single,No_MSF,2072,403168
result_SELECT_10_Heisenberg2D_cylinder_0.5_0.5_2,outer,1,naive,0.0,2,Single,No_Top,2072,398624
result_SELECT_10_Heisenberg2D_cylinder_0.5_0.5_2,outer,1,naive,0.0,2,Single,No_Kink,2515,676004
result_SELECT_10_Heisenberg2D_cylinder_0.5_0.5_2,outer,1,naive,0.0,2,Double,No_MSF,1921,374780
result_SELECT_10_Heisenberg2D_cylinder_0.5_0.5_2,outer,1,naive,0.0,2,Double,No_Top,1921,370236
result_SELECT_10_Heisenberg2D_cylinder_0.5_0.5_2,outer,1,naive,0.0,2,Double,No_Kink,2111,604536
result_SELECT_10_Heisenberg2D_cylinder_0.5_0.5_2,outer,1,naive,0.0,2,Double,Yes_Kink,2124,609489
result_SELECT_10_Heisenberg2D_cylinder_0.5_0.5_2,outer,1,naive,0.0,2,Proj,No_MSF,1668,327216
result_SELECT_10_Heisenberg2D_cylinder_0.5_0.5_2,outer,1,naive,0.0,2,Proj,No_Top,1668,322672
result_SELECT_10_Heisenberg2D_cylinder_0.5_0.5_2,outer,1,naive,0.0,2,Proj,No_Kink,1745,1251063
result_SELECT_10_Heisenberg2D_cylinder_0.5_0.5_2,outer,1,naive,0.0,2,Proj,Yes_Kink,1755,1234737
result_SELECT_10_Heisenberg2D_cylinder_0.5_0.5_6,inner,1,naive,0.0,10,Single,No_MSF,211,344064
result_SELECT_10_Heisenberg2D_cylinder_0.5_0.5_6,inner,1,naive,0.0,10,Single,No_Top,483,694816
result_SELECT_10_Heisenberg2D_cylinder_0.5_0.5_6,inner,1,naive,0.0,10,Single,No_Kink,1044,2210554
result_SELECT_10_Heisenberg2D_cylinder_0.5_0.5_6,inner,1,naive,0.0,10,Double,No_MSF,177,299456
result_SELECT_10_Heisenberg2D_cylinder_0.5_0.5_6,inner,1,naive,0.0,10,Double,No_Top,473,681696
result_SELECT_10_Heisenberg2D_cylinder_0.5_0.5_6,inner,1,naive,0.0,10,Double,No_Kink,794,1930280
result_SELECT_10_Heisenberg2D_cylinder_0.5_0.5_6,inner,1,naive,0.0,10,Double,Yes_Kink,794,1928569
result_SELECT_10_Heisenberg2D_cylinder_0.5_0.5_6,inner,1,naive,0.0,10,Proj,No_MSF,108,208928
result_SELECT_10_Heisenberg2D_cylinder_0.5_0.5_6,inner,1,naive,0.0,10,Proj,No_Top,451,652832
result_SELECT_10_Heisenberg2D_cylinder_0.5_0.5_6,inner,1,naive,0.0,10,Proj,No_Kink,1107,4933361
result_SELECT_10_Heisenberg2D_cylinder_0.5_0.5_6,inner,1,naive,0.0,10,Proj,Yes_Kink,1181,5067960
result_SELECT_100_random_local_OBC_0_0_6,inner,2,naive,0.0,2,Single,No_MSF,247,306944
result_SELECT_100_random_local_OBC_0_0_6,inner,2,naive,0.0,2,Single,No_Top,247,302112
result_SELECT_100_random_local_OBC_0_0_6,inner,2,naive,0.0,2,Single,No_Kink,662,1275695
result_SELECT_100_random_local_OBC_0_0_6,inner,2,naive,0.0,2,Single,Yes_Kink,619,1236350
result_SELECT_100_random_local_OBC_0_0_6,inner,2,naive,0.0,2,Double,No_MSF,192,241824
result_SELECT_100_random_local_OBC_0_0_6,inner,2,naive,0.0,2,Double,No_Top,193,238176
result_SELECT_100_random_local_OBC_0_0_6,inner,2,naive,0.0,2,Double,No_Kink,582,1207652
result_SELECT_100_random_local_OBC_0_0_6,inner,2,naive,0.0,2,Double,Yes_Kink,599,1234799
result_SELECT_100_random_local_OBC_0_0_6,inner,2,naive,0.0,2,Proj,No_MSF,128,166048
result_SELECT_100_random_local_OBC_0_0_6,inner,2,naive,0.0,2,Proj,No_Top,128,161216
result_SELECT_100_random_local_OBC_0_0_6,inner,2,naive,0.0,2,Proj,No_Kink,517,2297451
result_SELECT_100_random_local_OBC_0_0_6,inner,2,naive,0.0,2,Proj,Yes_Kink,523,2289938
result_SELECT_10_Heisenberg2D_cylinder_0.5_0.5_5,outer,1,naive,0.0,0,Single,No_MSF,327,246016
result_SELECT_10_Heisenberg2D_cylinder_0.5_0.5_5,outer,1,naive,0.0,0,Single,No_Top,327,240672
result_SELECT_10_Heisenberg2D_cylinder_0.5_0.5_5,outer,1,naive,0.0,0,Single,No_Kink,845,1048028
result_SELECT_10_Heisenberg2D_cylinder_0.5_0.5_5,outer,1,naive,0.0,0,Double,No_MSF,290,218784
result_SELECT_10_Heisenberg2D_cylinder_0.5_0.5_5,outer,1,naive,0.0,0,Double,No_Top,290,213440
result_SELECT_10_Heisenberg2D_cylinder_0.5_0.5_5,outer,1,naive,0.0,0,Double,No_Kink,640,907713
result_SELECT_10_Heisenberg2D_cylinder_0.5_0.5_5,outer,1,naive,0.0,0,Double,Yes_Kink,633,902174
result_SELECT_10_Heisenberg2D_cylinder_0.5_0.5_5,outer,1,naive,0.0,0,Proj,No_MSF,213,162112
result_SELECT_10_Heisenberg2D_cylinder_0.5_0.5_5,outer,1,naive,0.0,0,Proj,No_Top,213,156768
result_SELECT_10_Heisenberg2D_cylinder_0.5_0.5_5,outer,1,naive,0.0,0,Proj,No_Kink,723,1963757
result_SELECT_10_Heisenberg2D_cylinder_0.5_0.5_5,outer,1,naive,0.0,0,Proj,Yes_Kink,738,1974797
result_SELECT_10_FermiHubbard2D_cylinder_0_0_6,outer,1,SA,1.0,2,Single,No_MSF,489,708804
result_SELECT_10_FermiHubbard2D_cylinder_0_0_6,outer,1,SA,1.0,2,Single,No_Top,489,702692
result_SELECT_10_FermiHubbard2D_cylinder_0_0_6,outer,1,SA,1.0,2,Single,No_Kink,559,1173600
result_SELECT_10_FermiHubbard2D_cylinder_0_0_6,outer,1,SA,1.0,2,Double,No_MSF,473,686212
result_SELECT_10_FermiHubbard2D_cylinder_0_0_6,outer,1,SA,1.0,2,Double,No_Top,473,680100
result_SELECT_10_FermiHubbard2D_cylinder_0_0_6,outer,1,SA,1.0,2,Double,No_Kink,499,1097536
result_SELECT_10_FermiHubbard2D_cylinder_0_0_6,outer,1,SA,1.0,2,Double,Yes_Kink,521,1140202
result_SELECT_10_FermiHubbard2D_cylinder_0_0_6,outer,1,SA,1.0,2,Proj,No_MSF,407,593020
result_SELECT_10_FermiHubbard2D_cylinder_0_0_6,outer,1,SA,1.0,2,Proj,No_Top,407,586908
result_SELECT_10_FermiHubbard2D_cylinder_0_0_6,outer,1,SA,1.0,2,Proj,No_Kink,474,2318524
result_SELECT_10_FermiHubbard2D_cylinder_0_0_6,outer,1,SA,1.0,2,Proj,Yes_Kink,483,2331901
result_SELECT_10_Heisenberg2D_cylinder_0.5_0.5_0,inner,1,SA,0.001,2,Single,No_MSF,8099,1001446
result_SELECT_10_Heisenberg2D_cylinder_0.5_0.5_0,inner,1,SA,0.001,2,Single,No_Top,8101,997234
result_SELECT_10_Heisenberg2D_cylinder_0.5_0.5_0,inner,1,SA,0.001,2,Single,No_Kink,8101,1092640
result_SELECT_10_Heisenberg2D_cylinder_0.5_0.5_0,inner,1,SA,0.001,2,Double,No_MSF,7536,932760
result_SELECT_10_Heisenberg2D_cylinder_0.5_0.5_0,inner,1,SA,0.001,2,Double,No_Top,7537,928426
result_SELECT_10_Heisenberg2D_cylinder_0.5_0.5_0,inner,1,SA,0.001,2,Double,No_Kink,7537,1035593
result_SELECT_10_Heisenberg2D_cylinder_0.5_0.5_0,inner,1,SA,0.001,2,Double,Yes_Kink,7537,1032556
result_SELECT_10_Heisenberg2D_cylinder_0.5_0.5_0,inner,1,SA,0.001,2,Proj,No_MSF,6660,825888
result_SELECT_10_Heisenberg2D_cylinder_0.5_0.5_0,inner,1,SA,0.001,2,Proj,No_Top,6660,821432
result_SELECT_10_Heisenberg2D_cylinder_0.5_0.5_0,inner,1,SA,0.001,2,Proj,No_Kink,6664,2658709
result_SELECT_10_Heisenberg2D_cylinder_0.5_0.5_0,inner,1,SA,0.001,2,Proj,Yes_Kink,6666,2596843
result_SELECT_10_Heisenberg2D_cylinder_0.5_0.5_1,inner,1,SA,1.0,2,Single,No_MSF,4079,600816
result_SELECT_10_Heisenberg2D_cylinder_0.5_0.5_1,inner,1,SA,1.0,2,Single,No_Top,4080,596480
result_SELECT_10_Heisenberg2D_cylinder_0.5_0.5_1,inner,1,SA,1.0,2,Single,No_Kink,4087,661212
result_SELECT_10_Heisenberg2D_cylinder_0.5_0.5_1,inner,1,SA,1.0,2,Double,No_MSF,3792,559488
result_SELECT_10_Heisenberg2D_cylinder_0.5_0.5_1,inner,1,SA,1.0,2,Double,No_Top,3793,555152
result_SELECT_10_Heisenberg2D_cylinder_0.5_0.5_1,inner,1,SA,1.0,2,Double,No_Kink,3797,634777
result_SELECT_10_Heisenberg2D_cylinder_0.5_0.5_1,inner,1,SA,1.0,2,Double,Yes_Kink,3797,638069
result_SELECT_10_Heisenberg2D_cylinder_0.5_0.5_1,inner,1,SA,1.0,2,Proj,No_MSF,3333,493392
result_SELECT_10_Heisenberg2D_cylinder_0.5_0.5_1,inner,1,SA,1.0,2,Proj,No_Top,3333,488912
result_SELECT_10_Heisenberg2D_cylinder_0.5_0.5_1,inner,1,SA,1.0,2,Proj,No_Kink,3344,1595484
result_SELECT_10_Heisenberg2D_cylinder_0.5_0.5_1,inner,1,SA,1.0,2,Proj,Yes_Kink,3341,1544405
result_trotter_10_Heisenberg2D_cylinder_0.5_0.5_rand,inner,1,naive,0.0,0,Single,No_MSF,744,99900
result_trotter_10_Heisenberg2D_cylinder_0.5_0.5_rand,inner,1,naive,0.0,0,Single,No_Top,749,74900
result_trotter_10_Heisenberg2D_cylinder_0.5_0.5_rand,inner,1,naive,0.0,0,Single,No_Kink,1061,293386
result_trotter_10_Heisenberg2D_cylinder_0.5_0.5_rand,inner,1,naive,0.0,0,Double,No_MSF,721,97600
result_trotter_10_Heisenberg2D_cylinder_0.5_0.5_rand,inner,1,naive,0.0,0,Double,No_Top,721,72100
result_trotter_10_Heisenberg2D_cylinder_0.5_0.5_rand,inner,1,naive,0.0,0,Double,No_Kink,1036,344729
result_trotter_10_Heisenberg2D_cylinder_0.5_0.5_rand,inner,1,naive,0.0,0,Double,Yes_Kink,1197,380924
result_trotter_10_Heisenberg2D_cylinder_0.5_0.5_rand,inner,1,naive,0.0,0,Proj,No_MSF,390,64500
result_trotter_10_Heisenberg2D_cylinder_0.5_0.5_rand,inner,1,naive,0.0,0,Proj,No_Top,580,58000
result_trotter_10_Heisenberg2D_cylinder_0.5_0.5_rand,inner,1,naive,0.0,0,Proj,No_Kink,974,372238
result_trotter_10_Heisenberg2D_cylinder_0.5_0.5_rand,inner,1,naive,0.0,0,Proj,Yes_Kink,997,365552
result_SELECT_10_Heisenberg2D_cylinder_0.5_0.5_4,outer,1,SA,1.0,2,Single,No_MSF,571,261360
result_SELECT_10_Heisenberg2D_cylinder_0.5_0.5_4,outer,1,SA,1.0,2,Single,No_Top,571,256464
result_SELECT_10_Heisenberg2D_cylinder_0.5_0.5_4,outer,1,SA,1.0,2,Single,No_Kink,579,344628
result_SELECT_10_Heisenberg2D_cylinder_0.5_0.5_4,outer,1,SA,1.0,2,Double,No_MSF,522,240192
result_SELECT_10_Heisenberg2D_cylinder_0.5_0.5_4,outer,1,SA,1.0,2,Double,No_Top,522,235296
result_SELECT_10_Heisenberg2D_cylinder_0.5_0.5_4,outer,1,SA,1.0,2,Double,No_Kink,525,335536
result_SELECT_10_Heisenberg2D_cylinder_0.5_0.5_4,outer,1,SA,1.0,2,Double,Yes_Kink,528,336779
result_SELECT_10_Heisenberg2D_cylinder_0.5_0.5_4,outer,1,SA,1.0,2,Proj,No_MSF,420,196128
result_SELECT_10_Heisenberg2D_cylinder_0.5_0.5_4,outer,1,SA,1.0,2,Proj,No_Top,420,191232
result_SELECT_10_Heisenberg2D_cylinder_0.5_0.5_4,outer,1,SA,1.0,2,Proj,No_Kink,442,721639
result_SELECT_10_Heisenberg2D_cylinder_0.5_0.5_4,outer,1,SA,1.0,2,Proj,Yes_Kink,447,713050
result_SELECT_100_Schwinger_OBC_0_0_6,outer,2,naive,0.0,2,Single,No_MSF,730,1212896
result_SELECT_100_Schwinger_OBC_0_0_6,outer,2,naive,0.0,2,Single,No_Top,732,1193280
result_SELECT_100_Schwinger_OBC_0_0_6,outer,2,naive,0.0,2,Single,No_Kink,2259,5611016
result_SELECT_100_Schwinger_OBC_0_0_6,outer,2,naive,0.0,2,Single,Yes_Kink,2086,5447800
result_SELECT_100_Schwinger_OBC_0_0_6,outer,2,naive,0.0,2,Double,No_MSF,621,1041984
result_SELECT_100_Schwinger_OBC_0_0_6,outer,2,naive,0.0,2,Double,No_Top,623,1022368
result_SELECT_100_Schwinger_OBC_0_0_6,outer,2,naive,0.0,2,Double,No_Kink,2011,5354313
result_SELECT_100_Schwinger_OBC_0_0_6,outer,2,naive,0.0,2,Double,Yes_Kink,2062,5484461
result_SELECT_100_Schwinger_OBC_0_0_6,outer,2,naive,0.0,2,Proj,No_MSF,488,833440
result_SELECT_100_Schwinger_OBC_0_0_6,outer,2,naive,0.0,2,Proj,No_Top,488,810688
result_SELECT_100_Schwinger_OBC_0_0_6,outer,2,naive,0.0,2,Proj,No_Kink,2038,11235284
result_SELECT_100_Schwinger_OBC_0_0_6,outer,2,naive,0.0,2,Proj,Yes_Kink,2065,11223611
result_SELECT_10_Heisenberg2D_cylinder_0.5_0.5_4,inner,1,SA,0.1,0,Single,No_MSF,571,251568
result_SELECT_10_Heisenberg2D_cylinder_0.5_0.5_4,inner,1,SA,0.1,0,Single,No_Top,571,246672
result_SELECT_10_Heisenberg2D_cylinder_0.5_0.5_4,inner,1,SA,0.1,0,Single,No_Kink,584,324286
result_SELECT_10_Heisenberg2D_cylinder_0.5_0.5_4,inner,1,SA,0.1,0,Double,No_MSF,522,230400
result_SELECT_10_Heisenberg2D_cylinder_0.5_0.5_4,inner,1,SA,0.1,0,Double,No_Top,522,225504
result_SELECT_10_Heisenberg2D_cylinder_0.5_0.5_4,inner,1,SA,0.1,0,Double,No_Kink,529,313415
result_SELECT_10_Heisenberg2D_cylinder_0.5_0.5_4,inner,1,SA,0.1,0,Double,Yes_Kink,535,318454
result_SELECT_10_Heisenberg2D_cylinder_0.5_0.5_4,inner,1,SA,0.1,0,Proj,No_MSF,420,186336
result_SELECT_10_Heisenberg2D_cylinder_0.5_0.5_4,inner,1,SA,0.1,0,Proj,No_Top,420,181440
result_SELECT_10_Heisenberg2D_cylinder_0.5_0.5_4,inner,1,SA,0.1,0,Proj,No_Kink,444,691558
result_SELECT_10_Heisenberg2D_cylinder_0.5_0.5_4,inner,1,SA,0.1,0,Proj,Yes_Kink,447,677614
result_SELECT_10_Heisenberg2D_cylinder_0.5_0.5_5,inner,1,SA,0.1,2,Single,No_MSF,327,256704
result_SELECT_10_Heisenberg2D_cylinder_0.5_0.5_5,inner,1,SA,0.1,2,Single,No_Top,327,251360
result_SELECT_10_Heisenberg2D_cylinder_0.5_0.5_5,inner,1,SA,0.1,2,Single,No_Kink,345,414644
result_SELECT_10_Heisenberg2D_cylinder_0.5_0.5_5,inner,1,SA,0.1,2,Double,No_MSF,290,229472
result_SELECT_10_Heisenberg2D_cylinder_0.5_0.5_5,inner,1,SA,0.1,2,Double,No_Top,291,224864
result_SELECT_10_Heisenberg2D_cylinder_0.5_0.5_5,inner,1,SA,0.1,2,Double,No_Kink,302,394979
result_SELECT_10_Heisenberg2D_cylinder_0.5_0.5_5,inner,1,SA,0.1,2,Double,Yes_Kink,311,412471
result_SELECT_10_Heisenberg2D_cylinder_0.5_0.5_5,inner,1,SA,0.1,2,Proj,No_MSF,213,172800
result_SELECT_10_Heisenberg2D_cylinder_0.5_0.5_5,inner,1,SA,0.1,2,Proj,No_Top,213,167456
result_SELECT_10_Heisenberg2D_cylinder_0.5_0.5_5,inner,1,SA,0.1,2,Proj,No_Kink,289,778683
result_SELECT_10_Heisenberg2D_cylinder_0.5_0.5_5,inner,1,SA,0.1,2,Proj,Yes_Kink,300,790713
result_SELECT_10_Heisenberg2D_cylinder_0.5_0.5_1,outer,1,SA,0.01,2,Single,No_MSF,4079,600816
result_SELECT_10_Heisenberg2D_cylinder_0.5_0.5_1,outer,1,SA,0.01,2,Single,No_Top,4080,596480
result_SELECT_10_Heisenberg2D_cylinder_0.5_0.5_1,outer,1,SA,0.01,2,Single,No_Kink,4084,689870
result_SELECT_10_Heisenberg2D_cylinder_0.5_0.5_1,outer,1,SA,0.01,2,Double,No_MSF,3792,559488
result_SELECT_10_Heisenberg2D_cylinder_0.5_0.5_1,outer,1,SA,0.01,2,Double,No_Top,3793,555152
result_SELECT_10_Heisenberg2D_cylinder_0.5_0.5_1,outer,1,SA,0.01,2,Double,No_Kink,3793,660762
result_SELECT_10_Heisenberg2D_cylinder_0.5_0.5_1,outer,1,SA,0.01,2,Double,Yes_Kink,3805,660832
result_SELECT_10_Heisenberg2D_cylinder_0.5_0.5_1,outer,1,SA,0.01,2,Proj,No_MSF,3333,493392
result_SELECT_10_Heisenberg2D_cylinder_0.5_0.5_1,outer,1,SA,0.01,2,Proj,No_Top,3333,488912
result_SELECT_10_Heisenberg2D_cylinder_0.5_0.5_1,outer,1,SA,0.01,2,Proj,No_Kink,3342,1705104
result_SELECT_10_Heisenberg2D_cylinder_0.5_0.5_1,outer,1,SA,0.01,2,Proj,Yes_Kink,3353,1665500
result_trotter_10_Heisenberg2D_cylinder_0.5_0.5_det,outer,1,SA,0.001,1,Single,No_MSF,756,126600
result_trotter_10_Heisenberg2D_cylinder_0.5_0.5_det,outer,1,SA,0.001,1,Single,No_Top,1315,157000
result_trotter_10_Heisenberg2D_cylinder_0.5_0.5_det,outer,1,SA,0.001,1,Single,No_Kink,1407,385742
result_trotter_10_Heisenberg2D_cylinder_0.5_0.5_det,outer,1,SA,0.001,1,Double,No_MSF,749,125900
result_trotter_10_Heisenberg2D_cylinder_0.5_0.5_det,outer,1,SA,0.001,1,Double,No_Top,1292,154700
result_trotter_10_Heisenberg2D_cylinder_0.5_0.5_det,outer,1,SA,0.001,1,Double,No_Kink,1361,448468
result_trotter_10_Heisenberg2D_cylinder_0.5_0.5_det,outer,1,SA,0.001,1,Double,Yes_Kink,1463,469595
result_trotter_10_Heisenberg2D_cylinder_0.5_0.5_det,outer,1,SA,0.001,1,Proj,No_MSF,390,90000
result_trotter_10_Heisenberg2D_cylinder_0.5_0.5_det,outer,1,SA,0.001,1,Proj,No_Top,1160,141500
result_trotter_10_Heisenberg2D_cylinder_0.5_0.5_det,outer,1,SA,0.001,1,Proj,No_Kink,1369,534668
result_trotter_10_Heisenberg2D_cylinder_0.5_0.5_det,outer,1,SA,0.001,1,Proj,Yes_Kink,1400,525223
result_SELECT_10_Heisenberg2D_cylinder_0.5_0.5_6,inner,2,naive,0.0,4,Single,No_MSF,211,307392
result_SELECT_10_Heisenberg2D_cylinder_0.5_0.5_6,inner,2,naive,0.0,4,Single,No_Top,254,357696
result_SELECT_10_Heisenberg2D_cylinder_0.5_0.5_6,inner,2,naive,0.0,4,Single,No_Kink,656,1434531
result_SELECT_10_Heisenberg2D_cylinder_0.5_0.5_6,inner,2,naive,0.0,4,Single,Yes_Kink,602,1388078
result_SELECT_10_Heisenberg2D_cylinder_0.5_0.5_6,inner,2,naive,0.0,4,Double,No_MSF,177,262784
result_SELECT_10_Heisenberg2D_cylinder_0.5_0.5_6,inner,2,naive,0.0,4,Double,No_Top,239,338016
result_SELECT_10_Heisenberg2D_cylinder_0.5_0.5_6,inner,2,naive,0.0,4,Double,No_Kink,569,1358419
result_SELECT_10_Heisenberg2D_cylinder_0.5_0.5_6,inner,2,naive,0.0,4,Double,Yes_Kink,582,1382047
result_SELECT_10_Heisenberg2D_cylinder_0.5_0.5_6,inner,2,naive,0.0,4,Proj,No_MSF,108,172256
result_SELECT_10_Heisenberg2D_cylinder_0.5_0.5_6,inner,2,naive,0.0,4,Proj,No_Top,205,293408
result_SELECT_10_Heisenberg2D_cylinder_0.5_0.5_6,inner,2,naive,0.0,4,Proj,No_Kink,563,2679995
result_SELECT_10_Heisenberg2D_cylinder_0.5_0.5_6,inner,2,naive,0.0,4,Proj,Yes_Kink,573,2691117
result_SELECT_10_Heisenberg2D_cylinder_0.5_0.5_3,outer,1,naive,0.0,0,Single,No_MSF,1069,295440
result_SELECT_10_Heisenberg2D_cylinder_0.5_0.5_3,outer,1,naive,0.0,0,Single,No_Top,1069,290768
result_SELECT_10_Heisenberg2D_cylinder_0.5_0.5_3,outer,1,naive,0.0,0,Single,No_Kink,1757,732744
result_SELECT_10_Heisenberg2D_cylinder_0.5_0.5_3,outer,1,naive,0.0,0,Double,No_MSF,987,273136
result_SELECT_10_Heisenberg2D_cylinder_0.5_0.5_3,outer,1,naive,0.0,0,Double,No_Top,987,268464
result_SELECT_10_Heisenberg2D_cylinder_0.5_0.5_3,outer,1,naive,0.0,0,Double,No_Kink,1403,637142
result_SELECT_10_Heisenberg2D_cylinder_0.5_0.5_3,outer,1,naive,0.0,0,Double,Yes_Kink,1388,633076
result_SELECT_10_Heisenberg2D_cylinder_0.5_0.5_3,outer,1,naive,0.0,0,Proj,No_MSF,837,232336
result_SELECT_10_Heisenberg2D_cylinder_0.5_0.5_3,outer,1,naive,0.0,0,Proj,No_Top,837,227664
result_SELECT_10_Heisenberg2D_cylinder_0.5_0.5_3,outer,1,naive,0.0,0,Proj,No_Kink,1051,1112755
result_SELECT_10_Heisenberg2D_cylinder_0.5_0.5_3,outer,1,naive,0.0,0,Proj,Yes_Kink,1075,1115700
result_SELECT_10_Heisenberg2D_cylinder_0.5_0.5_6,inner,2,SA,0.01,0,Single,No_MSF,211,282944
result_SELECT_10_Heisenberg2D_cylinder_0.5_0.5_6,inner,2,SA,0.01,0,Single,No_Top,211,276832
result_SELECT_10_Heisenberg2D_cylinder_0.5_0.5_6,inner,2,SA,0.01,0,Single,No_Kink,212,414782
result_SELECT_10_Heisenberg2D_cylinder_0.5_0.5_6,inner,2,SA,0.01,0,Single,Yes_Kink,215,433286
result_SELECT_10_Heisenberg2D_cylinder_0.5_0.5_6,inner,2,SA,0.01,0,Double,No_MSF,177,238336
result_SELECT_10_Heisenberg2D_cylinder_0.5_0.5_6,inner,2,SA,0.01,0,Double,No_Top,177,232224
result_SELECT_10_Heisenberg2D_cylinder_0.5_0.5_6,inner,2,SA,0.01,0,Double,No_Kink,180,389279
result_SELECT_10_Heisenberg2D_cylinder_0.5_0.5_6,inner,2,SA,0.01,0,Double,Yes_Kink,188,406140
result_SELECT_10_Heisenberg2D_cylinder_0.5_0.5_6,inner,2,SA,0.01,0,Proj,No_MSF,108,147808
result_SELECT_10_Heisenberg2D_cylinder_0.5_0.5_6,inner,2,SA,0.01,0,Proj,No_Top,108,141696
result_SELECT_10_Heisenberg2D_cylinder_0.5_0.5_6,inner,2,SA,0.01,0,Proj,No_Kink,142,676861
result_SELECT_10_Heisenberg2D_cylinder_0.5_0.5_6,inner,2,SA,0.01,0,Proj,Yes_Kink,147,685160
result_SELECT_10_Heisenberg2D_cylinder_0.5_0.5_6,inner,1,SA,0.001,10,Single,No_MSF,211,344064
result_SELECT_10_Heisenberg2D_cylinder_0.5_0.5_6,inner,1,SA,0.001,10,Single,No_Top,483,694816
result_SELECT_10_Heisenberg2D_cylinder_0.5_0.5_6,inner,1,SA,0.001,10,Single,No_Kink,482,1103740
result_SELECT_10_Heisenberg2D_cylinder_0.5_0.5_6,inner,1,SA,0.001,10,Double,No_MSF,177,299456
result_SELECT_10_Heisenberg2D_cylinder_0.5_0.5_6,inner,1,SA,0.001,10,Double,No_Top,473,681696
result_SELECT_10_Heisenberg2D_cylinder_0.5_0.5_6,inner,1,SA,0.001,10,Double,No_Kink,469,1110741
result_SELECT_10_Heisenberg2D_cylinder_0.5_0.5_6,inner,1,SA,0.001,10,Double,Yes_Kink,472,1117155
result_SELECT_10_Heisenberg2D_cylinder_0.5_0.5_6,inner,1,SA,0.001,10,Proj,No_MSF,108,208928
result_SELECT_10_Heisenberg2D_cylinder_0.5_0.5_6,inner,1,SA,0.001,10,Proj,No_Top,451,652832
result_SELECT_10_Heisenberg2D_cylinder_0.5_0.5_6,inner,1,SA,0.001,10,Proj,No_Kink,3344,11177121
result_SELECT_10_Heisenberg2D_cylinder_0.5_0.5_6,inner,1,SA,0.001,10,Proj,Yes_Kink,3355,10734427
result_SELECT_100_Heisenberg1D_OBC_1_0_6,outer,2,SA,1.0,2,Single,No_MSF,206,309976
result_SELECT_100_Heisenberg1D_OBC_1_0_6,outer,2,SA,1.0,2,Single,No_Top,211,310668
result_SELECT_100_Heisenberg1D_OBC_1_0_6,outer,2,SA,1.0,2,Single,No_Kink,221,524812
result_SELECT_100_Heisenberg1D_OBC_1_0_6,outer,2,SA,1.0,2,Single,Yes_Kink,226,551481
result_SELECT_100_Heisenberg1D_OBC_1_0_6,outer,2,SA,1.0,2,Double,No_MSF,185,280324
result_SELECT_100_Heisenberg1D_OBC_1_0_6,outer,2,SA,1.0,2,Double,No_Top,185,273956
result_SELECT_100_Heisenberg1D_OBC_1_0_6,outer,2,SA,1.0,2,Double,No_Kink,194,512024
result_SELECT_100_Heisenberg1D_OBC_1_0_6,outer,2,SA,1.0,2,Double,Yes_Kink,201,524995
result_SELECT_100_Heisenberg1D_OBC_1_0_6,outer,2,SA,1.0,2,Proj,No_MSF,117,184308
result_SELECT_100_Heisenberg1D_OBC_1_0_6,outer,2,SA,1.0,2,Proj,No_Top,123,186412
result_SELECT_100_Heisenberg1D_OBC_1_0_6,outer,2,SA,1.0,2,Proj,No_Kink,173,900179
result_SELECT_100_Heisenberg1D_OBC_1_0_6,outer,2,SA,1.0,2,Proj,Yes_Kink,179,910180
result_SELECT_10_Heisenberg2D_cylinder_0.5_0.5_5,outer,1,SA,0.01,0,Single,No_MSF,327,246016
result_SELECT_10_Heisenberg2D_cylinder_0.5_0.5_5,outer,1,SA,0.01,0,Single,No_Top,327,240672
result_SELECT_10_Heisenberg2D_cylinder_0.5_0.5_5,outer,1,SA,0.01,0,Single,No_Kink,350,409560
result_SELECT_10_Heisenberg2D_cylinder_0.5_0.5_5,outer,1,SA,0.01,0,Double,No_MSF,290,218784
result_SELECT_10_Heisenberg2D_cylinder_0.5_0.5_5,outer,1,SA,0.01,0,Double,No_Top,290,213440
result_SELECT_10_Heisenberg2D_cylinder_0.5_0.5_5,outer,1,SA,0.01,0,Double,No_Kink,301,383172
result_SELECT_10_Heisenberg2D_cylinder_0.5_0.5_5,outer,1,SA,0.01,0,Double,Yes_Kink,309,387935
result_SELECT_10_Heisenberg2D_cylinder_0.5_0.5_5,outer,1,SA,0.01,0,Proj,No_MSF,213,162112
result_SELECT_10_Heisenberg2D_cylinder_0.5_0.5_5,outer,1,SA,0.01,0,Proj,No_Top,213,156768
result_SELECT_10_Heisenberg2D_cylinder_0.5_0.5_5,outer,1,SA,0.01,0,Proj,No_Kink,262,718012
result_SELECT_10_Heisenberg2D_cylinder_0.5_0.5_5,outer,1,SA,0.01,0,Proj,Yes_Kink,269,722327
result_SELECT_10_Heisenberg2D_cylinder_0.5_0.5_0,inner,2,SA,0.01,0,Single,No_MSF,8099,992534
result_SELECT_10_Heisenberg2D_cylinder_0.5_0.5_0,inner,2,SA,0.01,0,Single,No_Top,8099,988078
result_SELECT_10_Heisenberg2D_cylinder_0.5_0.5_0,inner,2,SA,0.01,0,Single,No_Kink,8099,1037923
result_SELECT_10_Heisenberg2D_cylinder_0.5_0.5_0,inner,2,SA,0.01,0,Single,Yes_Kink,8099,1052509
result_SELECT_10_Heisenberg2D_cylinder_0.5_0.5_0,inner,2,SA,0.01,0,Double,No_MSF,7536,923848
result_SELECT_10_Heisenberg2D_cylinder_0.5_0.5_0,inner,2,SA,0.01,0,Double,No_Top,7536,919392
result_SELECT_10_Heisenberg2D_cylinder_0.5_0.5_0,inner,2,SA,0.01,0,Double,No_Kink,7536,986900
result_SELECT_10_Heisenberg2D_cylinder_0.5_0.5_0,inner,2,SA,0.01,0,Double,Yes_Kink,7536,986837
result_SELECT_10_Heisenberg2D_cylinder_0.5_0.5_0,inner,2,SA,0.01,0,Proj,No_MSF,6660,816976
result_SELECT_10_Heisenberg2D_cylinder_0.5_0.5_0,inner,2,SA,0.01,0,Proj,No_Top,6660,812520
result_SELECT_10_Heisenberg2D_cylinder_0.5_0.5_0,inner,2,SA,0.01,0,Proj,No_Kink,6664,2500168
result_SELECT_10_Heisenberg2D_cylinder_0.5_0.5_0,inner,2,SA,0.01,0,Proj,Yes_Kink,6661,2359118
result_SELECT_10_FermiHubbard2D_cylinder_0_0_6,inner,1,naive,0.0,2,Single,No_MSF,489,708804
result_SELECT_10_FermiHubbard2D_cylinder_0_0_6,inner,1,naive,0.0,2,Single,No_Top,489,702692
result_SELECT_10_FermiHubbard2D_cylinder_0_0_6,inner,1,naive,0.0,2,Single,No_Kink,1471,3169306
result_SELECT_10_FermiHubbard2D_cylinder_0_0_6,inner,1,naive,0.0,2,Double,No_MSF,473,686212
result_SELECT_10_FermiHubbard2D_cylinder_0_0_6,inner,1,naive,0.0,2,Double,No_Top,473,680100
result_SELECT_10_FermiHubbard2D_cylinder_0_0_6,inner,1,naive,0.0,2,Double,No_Kink,1100,2681478
result_SELECT_10_FermiHubbard2D_cylinder_0_0_6,inner,1,naive,0.0,2,Double,Yes_Kink,1103,2683713
result_SELECT_10_FermiHubbard2D_cylinder_0_0_6,inner,1,naive,0.0,2,Proj,No_MSF,407,593020
result_SELECT_10_FermiHubbard2D_cylinder_0_0_6,inner,1,naive,0.0,2,Proj,No_Top,407,586908
result_SELECT_10_FermiHubbard2D_cylinder_0_0_6,inner,1,naive,0.0,2,Proj,No_Kink,955,4642990
result_SELECT_10_FermiHubbard2D_cylinder_0_0_6,inner,1,naive,0.0,2,Proj,Yes_Kink,975,4694110
result_trotter_10_Heisenberg2D_cylinder_0.5_0.5_rand,outer,1,SA,0.001,2,Single,No_MSF,744,150900
result_trotter_10_Heisenberg2D_cylinder_0.5_0.5_rand,outer,1,SA,0.001,2,Single,No_Top,1782,229200
result_trotter_10_Heisenberg2D_cylinder_0.5_0.5_rand,outer,1,SA,0.001,2,Single,No_Kink,1820,481170
result_trotter_10_Heisenberg2D_cylinder_0.5_0.5_rand,outer,1,SA,0.001,2,Double,No_MSF,721,148600
result_trotter_10_Heisenberg2D_cylinder_0.5_0.5_rand,outer,1,SA,0.001,2,Double,No_Top,1777,228700
result_trotter_10_Heisenberg2D_cylinder_0.5_0.5_rand,outer,1,SA,0.001,2,Double,No_Kink,1779,515153
result_trotter_10_Heisenberg2D_cylinder_0.5_0.5_rand,outer,1,SA,0.001,2,Double,Yes_Kink,1800,539986
result_trotter_10_Heisenberg2D_cylinder_0.5_0.5_rand,outer,1,SA,0.001,2,Proj,No_MSF,390,115500
result_trotter_10_Heisenberg2D_cylinder_0.5_0.5_rand,outer,1,SA,0.001,2,Proj,No_Top,1740,225000
result_trotter_10_Heisenberg2D_cylinder_0.5_0.5_rand,outer,1,SA,0.001,2,Proj,No_Kink,1850,756441
result_trotter_10_Heisenberg2D_cylinder_0.5_0.5_rand,outer,1,SA,0.001,2,Proj,Yes_Kink,1855,726707
result_SELECT_10_Heisenberg2D_cylinder_0.5_0.5_4,outer,2,SA,0.001,0,Single,No_MSF,571,251568
result_SELECT_10_Heisenberg2D_cylinder_0.5_0.5_4,outer,2,SA,0.001,0,Single,No_Top,571,246672
result_SELECT_10_Heisenberg2D_cylinder_0.5_0.5_4,outer,2,SA,0.001,0,Single,No_Kink,572,338190
result_SELECT_10_Heisenberg2D_cylinder_0.5_0.5_4,outer,2,SA,0.001,0,Single,Yes_Kink,573,350797
result_SELECT_10_Heisenberg2D_cylinder_0.5_0.5_4,outer,2,SA,0.001,0,Double,No_MSF,522,230400
result_SELECT_10_Heisenberg2D_cylinder_0.5_0.5_4,outer,2,SA,0.001,0,Double,No_Top,522,225504
result_SELECT_10_Heisenberg2D_cylinder_0.5_0.5_4,outer,2,SA,0.001,0,Double,No_Kink,524,330851
result_SELECT_10_Heisenberg2D_cylinder_0.5_0.5_4,outer,2,SA,0.001,0,Double,Yes_Kink,545,336378
result_SELECT_10_Heisenberg2D_cylinder_0.5_0.5_4,outer,2,SA,0.001,0,Proj,No_MSF,420,186336
result_SELECT_10_Heisenberg2D_cylinder_0.5_0.5_4,outer,2,SA,0.001,0,Proj,No_Top,420,181440
result_SELECT_10_Heisenberg2D_cylinder_0.5_0.5_4,outer,2,SA,0.001,0,Proj,No_Kink,436,760376
result_SELECT_10_Heisenberg2D_cylinder_0.5_0.5_4,outer,2,SA,0.001,0,Proj,Yes_Kink,437,747865
result_SELECT_10_Heisenberg2D_cylinder_0.5_0.5_1,outer,1,SA,0.1,0,Single,No_MSF,4079,591856
result_SELECT_10_Heisenberg2D_cylinder_0.5_0.5_1,outer,1,SA,0.1,0,Single,No_Top,4079,587376
result_SELECT_10_Heisenberg2D_cylinder_0.5_0.5_1,outer,1,SA,0.1,0,Single,No_Kink,4082,675758
result_SELECT_10_Heisenberg2D_cylinder_0.5_0.5_1,outer,1,SA,0.1,0,Double,No_MSF,3792,550528
result_SELECT_10_Heisenberg2D_cylinder_0.5_0.5_1,outer,1,SA,0.1,0,Double,No_Top,3792,546048
result_SELECT_10_Heisenberg2D_cylinder_0.5_0.5_1,outer,1,SA,0.1,0,Double,No_Kink,3792,647013
result_SELECT_10_Heisenberg2D_cylinder_0.5_0.5_1,outer,1,SA,0.1,0,Double,Yes_Kink,3794,645159
result_SELECT_10_Heisenberg2D_cylinder_0.5_0.5_1,outer,1,SA,0.1,0,Proj,No_MSF,3333,484432
result_SELECT_10_Heisenberg2D_cylinder_0.5_0.5_1,outer,1,SA,0.1,0,Proj,No_Top,3333,479952
result_SELECT_10_Heisenberg2D_cylinder_0.5_0.5_1,outer,1,SA,0.1,0,Proj,No_Kink,3339,1695235
result_SELECT_10_Heisenberg2D_cylinder_0.5_0.5_1,outer,1,SA,0.1,0,Proj,Yes_Kink,3342,1630397
result_SELECT_10_Heisenberg2D_cylinder_0.5_0.5_1,outer,2,SA,1.0,2,Single,No_MSF,4079,600816
result_SELECT_10_Heisenberg2D_cylinder_0.5_0.5_1,outer,2,SA,1.0,2,Single,No_Top,4080,596480
result_SELECT_10_Heisenberg2D_cylinder_0.5_0.5_1,outer,2,SA,1.0,2,Single,No_Kink,4080,650937
result_SELECT_10_Heisenberg2D_cylinder_0.5_0.5_1,outer,2,SA,1.0,2,Single,Yes_Kink,4080,663027
result_SELECT_10_Heisenberg2D_cylinder_0.5_0.5_1,outer,2,SA,1.0,2,Double,No_MSF,3792,559488
result_SELECT_10_Heisenberg2D_cylinder_0.5_0.5_1,outer,2,SA,1.0,2,Double,No_Top,3793,555152
result_SELECT_10_Heisenberg2D_cylinder_0.5_0.5_1,outer,2,SA,1.0,2,Double,No_Kink,3793,623242
result_SELECT_10_Heisenberg2D_cylinder_0.5_0.5_1,outer,2,SA,1.0,2,Double,Yes_Kink,3793,620522
result_SELECT_10_Heisenberg2D_cylinder_0.5_0.5_1,outer,2,SA,1.0,2,Proj,No_MSF,3333,493392
result_SELECT_10_Heisenberg2D_cylinder_0.5_0.5_1,outer,2,SA,1.0,2,Proj,No_Top,3333,488912
result_SELECT_10_Heisenberg2D_cylinder_0.5_0.5_1,outer,2,SA,1.0,2,Proj,No_Kink,3334,1616260
result_SELECT_10_Heisenberg2D_cylinder_0.5_0.5_1,outer,2,SA,1.0,2,Proj,Yes_Kink,3336,1528156
result_SELECT_10_Heisenberg2D_cylinder_0.5_0.5_2,inner,1,SA,0.001,0,Single,No_MSF,2072,394080
result_SELECT_10_Heisenberg2D_cylinder_0.5_0.5_2,inner,1,SA,0.001,0,Single,No_Top,2072,389536
result_SELECT_10_Heisenberg2D_cylinder_0.5_0.5_2,inner,1,SA,0.001,0,Single,No_Kink,2078,470430
result_SELECT_10_Heisenberg2D_cylinder_0.5_0.5_2,inner,1,SA,0.001,0,Double,No_MSF,1921,365692
result_SELECT_10_Heisenberg2D_cylinder_0.5_0.5_2,inner,1,SA,0.001,0,Double,No_Top,1921,361148
result_SELECT_10_Heisenberg2D_cylinder_0.5_0.5_2,inner,1,SA,0.001,0,Double,No_Kink,1924,455642
result_SELECT_10_Heisenberg2D_cylinder_0.5_0.5_2,inner,1,SA,0.001,0,Double,Yes_Kink,1927,454893
result_SELECT_10_Heisenberg2D_cylinder_0.5_0.5_2,inner,1,SA,0.001,0,Proj,No_MSF,1668,318128
result_SELECT_10_Heisenberg2D_cylinder_0.5_0.5_2,inner,1,SA,0.001,0,Proj,No_Top,1668,313584
result_SELECT_10_Heisenberg2D_cylinder_0.5_0.5_2,inner,1,SA,0.001,0,Proj,No_Kink,1680,1166026
result_SELECT_10_Heisenberg2D_cylinder_0.5_0.5_2,inner,1,SA,0.001,0,Proj,Yes_Kink,1689,1126077
result_trotter_10_Heisenberg2D_cylinder_0.5_0.5_det,outer,2,SA,1.0,1,Single,No_MSF,756,126600
result_trotter_10_Heisenberg2D_cylinder_0.5_0.5_det,outer,2,SA,1.0,1,Single,No_Top,1315,157000
result_trotter_10_Heisenberg2D_cylinder_0.5_0.5_det,outer,2,SA,1.0,1,Single,No_Kink,1362,375436
result_trotter_10_Heisenberg2D_cylinder_0.5_0.5_det,outer,2,SA,1.0,1,Single,Yes_Kink,1381,374353
result_trotter_10_Heisenberg2D_cylinder_0.5_0.5_det,outer,2,SA,1.0,1,Double,No_MSF,749,125900
result_trotter_10_Heisenberg2D_cylinder_0.5_0.5_det,outer,2,SA,1.0,1,Double,No_Top,1292,154700
result_trotter_10_Heisenberg2D_cylinder_0.5_0.5_det,outer,2,SA,1.0,1,Double,No_Kink,1306,414951
result_trotter_10_Heisenberg2D_cylinder_0.5_0.5_det,outer,2,SA,1.0,1,Double,Yes_Kink,1343,415800
result_trotter_10_Heisenberg2D_cylinder_0.5_0.5_det,outer,2,SA,1.0,1,Proj,No_MSF,390,90000
result_trotter_10_Heisenberg2D_cylinder_0.5_0.5_det,outer,2,SA,1.0,1,Proj,No_Top,1160,141500
result_trotter_10_Heisenberg2D_cylinder_0.5_0.5_det,outer,2,SA,1.0,1,Proj,No_Kink,1301,728075
result_trotter_10_Heisenberg2D_cylinder_0.5_0.5_det,outer,2,SA,1.0,1,Proj,Yes_Kink,1318,721585
result_SELECT_10_Heisenberg2D_cylinder_0.5_0.5_3,outer,1,SA,1.0,0,Single,No_MSF,1069,295440
result_SELECT_10_Heisenberg2D_cylinder_0.5_0.5_3,outer,1,SA,1.0,0,Single,No_Top,1069,290768
result_SELECT_10_Heisenberg2D_cylinder_0.5_0.5_3,outer,1,SA,1.0,0,Single,No_Kink,1074,362316
result_SELECT_10_Heisenberg2D_cylinder_0.5_0.5_3,outer,1,SA,1.0,0,Double,No_MSF,987,273136
result_SELECT_10_Heisenberg2D_cylinder_0.5_0.5_3,outer,1,SA,1.0,0,Double,No_Top,987,268464
result_SELECT_10_Heisenberg2D_cylinder_0.5_0.5_3,outer,1,SA,1.0,0,Double,No_Kink,991,352693
result_SELECT_10_Heisenberg2D_cylinder_0.5_0.5_3,outer,1,SA,1.0,0,Double,Yes_Kink,995,352748
result_SELECT_10_Heisenberg2D_cylinder_0.5_0.5_3,outer,1,SA,1.0,0,Proj,No_MSF,837,232336
result_SELECT_10_Heisenberg2D_cylinder_0.5_0.5_3,outer,1,SA,1.0,0,Proj,No_Top,837,227664
result_SELECT_10_Heisenberg2D_cylinder_0.5_0.5_3,outer,1,SA,1.0,0,Proj,No_Kink,852,891577
result_SELECT_10_Heisenberg2D_cylinder_0.5_0.5_3,outer,1,SA,1.0,0,Proj,Yes_Kink,855,864967
result_SELECT_100_Schwinger_OBC_0_0_6,inner,2,SA,0.1,2,Single,No_MSF,730,1212896
result_SELECT_100_Schwinger_OBC_0_0_6,inner,2,SA,0.1,2,Single,No_Top,732,1193280
result_SELECT_100_Schwinger_OBC_0_0_6,inner,2,SA,0.1,2,Single,No_Kink,821,2068046
result_SELECT_100_Schwinger_OBC_0_0_6,inner,2,SA,0.1,2,Single,Yes_Kink,854,2188125
result_SELECT_100_Schwinger_OBC_0_0_6,inner,2,SA,0.1,2,Double,No_MSF,621,1041984
result_SELECT_100_Schwinger_OBC_0_0_6,inner,2,SA,0.1,2,Double,No_Top,623,1022368
result_SELECT_100_Schwinger_OBC_0_0_6,inner,2,SA,0.1,2,Double,No_Kink,716,1996566
result_SELECT_100_Schwinger_OBC_0_0_6,inner,2,SA,0.1,2,Double,Yes_Kink,747,2059498
result_SELECT_100_Schwinger_OBC_0_0_6,inner,2,SA,0.1,2,Proj,No_MSF,488,833440
result_SELECT_100_Schwinger_OBC_0_0_6,inner,2,SA,0.1,2,Proj,No_Top,488,810688
result_SELECT_100_Schwinger_OBC_0_0_6,inner,2,SA,0.1,2,Proj,No_Kink,808,4457269
result_SELECT_100_Schwinger_OBC_0_0_6,inner,2,SA,0.1,2,Proj,Yes_Kink,841,4555566
result_trotter_10_Heisenberg2D_cylinder_0.5_0.5_rand,inner,1,SA,1.0,0,Single,No_MSF,744,99900
result_trotter_10_Heisenberg2D_cylinder_0.5_0.5_rand,inner,1,SA,1.0,0,Single,No_Top,749,74900
result_trotter_10_Heisenberg2D_cylinder_0.5_0.5_rand,inner,1,SA,1.0,0,Single,No_Kink,789,190608
result_trotter_10_Heisenberg2D_cylinder_0.5_0.5_rand,inner,1,SA,1.0,0,Double,No_MSF,721,97600
result_trotter_10_Heisenberg2D_cylinder_0.5_0.5_rand,inner,1,SA,1.0,0,Double,No_Top,721,72100
result_trotter_10_Heisenberg2D_cylinder_0.5_0.5_rand,inner,1,SA,1.0,0,Double,No_Kink,786,239780
result_trotter_10_Heisenberg2D_cylinder_0.5_0.5_rand,inner,1,SA,1.0,0,Double,Yes_Kink,872,251327
result_trotter_10_Heisenberg2D_cylinder_0.5_0.5_rand,inner,1,SA,1.0,0,Proj,No_MSF,390,64500
result_trotter_10_Heisenberg2D_cylinder_0.5_0.5_rand,inner,1,SA,1.0,0,Proj,No_Top,580,58000
result_trotter_10_Heisenberg2D_cylinder_0.5_0.5_rand,inner,1,SA,1.0,0,Proj,No_Kink,823,296061
result_trotter_10_Heisenberg2D_cylinder_0.5_0.5_rand,inner,1,SA,1.0,0,Proj,Yes_Kink,851,288548
result_SELECT_10_Heisenberg2D_cylinder_0.5_0.5_6,inner,2,naive,0.0,2,Single,No_MSF,211,295168
result_SELECT_10_Heisenberg2D_cylinder_0.5_0.5_6,inner,2,naive,0.0,2,Single,No_Top,211,289056
result_SELECT_10_Heisenberg2D_cylinder_0.5_0.5_6,inner,2,naive,0.0,2,Single,No_Kink,642,1369358
result_SELECT_10_Heisenberg2D_cylinder_0.5_0.5_6,inner,2,naive,0.0,2,Single,Yes_Kink,594,1336300
result_SELECT_10_Heisenberg2D_cylinder_0.5_0.5_6,inner,2,naive,0.0,2,Double,No_MSF,177,250560
result_SELECT_10_Heisenberg2D_cylinder_0.5_0.5_6,inner,2,naive,0.0,2,Double,No_Top,177,244448
result_SELECT_10_Heisenberg2D_cylinder_0.5_0.5_6,inner,2,naive,0.0,2,Double,No_Kink,558,1296312
result_SELECT_10_Heisenberg2D_cylinder_0.5_0.5_6,inner,2,naive,0.0,2,Double,Yes_Kink,581,1334468
result_SELECT_10_Heisenberg2D_cylinder_0.5_0.5_6,inner,2,naive,0.0,2,Proj,No_MSF,108,160032
result_SELECT_10_Heisenberg2D_cylinder_0.5_0.5_6,inner,2,naive,0.0,2,Proj,No_Top,123,173600
result_SELECT_10_Heisenberg2D_cylinder_0.5_0.5_6,inner,2,naive,0.0,2,Proj,No_Kink,549,2623426
result_SELECT_10_Heisenberg2D_cylinder_0.5_0.5_6,inner,2,naive,0.0,2,Proj,Yes_Kink,553,2616415
result_SELECT_10_Heisenberg2D_cylinder_0.5_0.5_1,outer,1,SA,0.001,0,Single,No_MSF,4079,591856
result_SELECT_10_Heisenberg2D_cylinder_0.5_0.5_1,outer,1,SA,0.001,0,Single,No_Top,4079,587376
result_SELECT_10_Heisenberg2D_cylinder_0.5_0.5_1,outer,1,SA,0.001,0,Single,No_Kink,4089,684406
result_SELECT_10_Heisenberg2D_cylinder_0.5_0.5_1,outer,1,SA,0.001,0,Double,No_MSF,3792,550528
result_SELECT_10_Heisenberg2D_cylinder_0.5_0.5_1,outer,1,SA,0.001,0,Double,No_Top,3792,546048
result_SELECT_10_Heisenberg2D_cylinder_0.5_0.5_1,outer,1,SA,0.001,0,Double,No_Kink,3801,658363
result_SELECT_10_Heisenberg2D_cylinder_0.5_0.5_1,outer,1,SA,0.001,0,Double,Yes_Kink,3801,656875
result_SELECT_10_Heisenberg2D_cylinder_0.5_0.5_1,outer,1,SA,0.001,0,Proj,No_MSF,3333,484432
result_SELECT_10_Heisenberg2D_cylinder_0.5_0.5_1,outer,1,SA,0.001,0,Proj,No_Top,3333,479952
result_SELECT_10_Heisenberg2D_cylinder_0.5_0.5_1,outer,1,SA,0.001,0,Proj,No_Kink,3342,1684672
result_SELECT_10_Heisenberg2D_cylinder_0.5_0.5_1,outer,1,SA,0.001,0,Proj,Yes_Kink,3355,1636742
result_SELECT_10_Heisenberg2D_cylinder_0.5_0.5_6,inner,2,random,0.0,8,Single,No_MSF,211,331840
result_SELECT_10_Heisenberg2D_cylinder_0.5_0.5_6,inner,2,random,0.0,8,Single,No_Top,408,584192
result_SELECT_10_Heisenberg2D_cylinder_0.5_0.5_6,inner,2,random,0.0,8,Single,No_Kink,415,1156422
result_SELECT_10_Heisenberg2D_cylinder_0.5_0.5_6,inner,2,random,0.0,8,Single,Yes_Kink,415,1160317
result_SELECT_10_Heisenberg2D_cylinder_0.5_0.5_6,inner,2,random,0.0,8,Double,No_MSF,177,287232
result_SELECT_10_Heisenberg2D_cylinder_0.5_0.5_6,inner,2,random,0.0,8,Double,No_Top,392,563200
result_SELECT_10_Heisenberg2D_cylinder_0.5_0.5_6,inner,2,random,0.0,8,Double,No_Kink,392,1141156
result_SELECT_10_Heisenberg2D_cylinder_0.5_0.5_6,inner,2,random,0.0,8,Double,Yes_Kink,397,1147308
result_SELECT_10_Heisenberg2D_cylinder_0.5_0.5_6,inner,2,random,0.0,8,Proj,No_MSF,108,196704
result_SELECT_10_Heisenberg2D_cylinder_0.5_0.5_6,inner,2,random,0.0,8,Proj,No_Top,369,533024
result_SELECT_10_Heisenberg2D_cylinder_0.5_0.5_6,inner,2,random,0.0,8,Proj,No_Kink,911,3966860
result_SELECT_10_Heisenberg2D_cylinder_0.5_0.5_6,inner,2,random,0.0,8,Proj,Yes_Kink,909,3807666
result_SELECT_10_Z2LatticeGauge2D_PBC_0_0_6,inner,1,SA,0.001,2,Single,No_MSF,113,138212
result_SELECT_10_Z2LatticeGauge2D_PBC_0_0_6,inner,1,SA,0.001,2,Single,No_Top,119,142620
result_SELECT_10_Z2LatticeGauge2D_PBC_0_0_6,inner,1,SA,0.001,2,Single,No_Kink,155,295954
result_SELECT_10_Z2LatticeGauge2D_PBC_0_0_6,inner,1,SA,0.001,2,Double,No_MSF,91,112780
result_SELECT_10_Z2LatticeGauge2D_PBC_0_0_6,inner,1,SA,0.001,2,Double,No_Top,98,118344
result_SELECT_10_Z2LatticeGauge2D_PBC_0_0_6,inner,1,SA,0.001,2,Double,No_Kink,122,272141
result_SELECT_10_Z2LatticeGauge2D_PBC_0_0_6,inner,1,SA,0.001,2,Double,Yes_Kink,127,283758
result_SELECT_10_Z2LatticeGauge2D_PBC_0_0_6,inner,1,SA,0.001,2,Proj,No_MSF,43,57292
result_SELECT_10_Z2LatticeGauge2D_PBC_0_0_6,inner,1,SA,0.001,2,Proj,No_Top,57,70948
result_SELECT_10_Z2LatticeGauge2D_PBC_0_0_6,inner,1,SA,0.001,2,Proj,No_Kink,95,353025
result_SELECT_10_Z2LatticeGauge2D_PBC_0_0_6,inner,1,SA,0.001,2,Proj,Yes_Kink,103,364045
result_SELECT_10_Heisenberg2D_cylinder_0.5_0.5_4,outer,1,SA,0.001,2,Single,No_MSF,571,261360
result_SELECT_10_Heisenberg2D_cylinder_0.5_0.5_4,outer,1,SA,0.001,2,Single,No_Top,571,256464
result_SELECT_10_Heisenberg2D_cylinder_0.5_0.5_4,outer,1,SA,0.001,2,Single,No_Kink,581,374160
result_SELECT_10_Heisenberg2D_cylinder_0.5_0.5_4,outer,1,SA,0.001,2,Double,No_MSF,522,240192
result_SELECT_10_Heisenberg2D_cylinder_0.5_0.5_4,outer,1,SA,0.001,2,Double,No_Top,522,235296
result_SELECT_10_Heisenberg2D_cylinder_0.5_0.5_4,outer,1,SA,0.001,2,Double,No_Kink,524,358839
result_SELECT_10_Heisenberg2D_cylinder_0.5_0.5_4,outer,1,SA,0.001,2,Double,Yes_Kink,534,363844
result_SELECT_10_Heisenberg2D_cylinder_0.5_0.5_4,outer,1,SA,0.001,2,Proj,No_MSF,420,196128
result_SELECT_10_Heisenberg2D_cylinder_0.5_0.5_4,outer,1,SA,0.001,2,Proj,No_Top,420,191232
result_SELECT_10_Heisenberg2D_cylinder_0.5_0.5_4,outer,1,SA,0.001,2,Proj,No_Kink,444,718264
result_SELECT_10_Heisenberg2D_cylinder_0.5_0.5_4,outer,1,SA,0.001,2,Proj,Yes_Kink,449,707162
result_SELECT_100_Schwinger_OBC_0_0_6,outer,1,naive,0.0,2,Single,No_MSF,730,1212896
result_SELECT_100_Schwinger_OBC_0_0_6,outer,1,naive,0.0,2,Single,No_Top,732,1193280
result_SELECT_100_Schwinger_OBC_0_0_6,outer,1,naive,0.0,2,Single,No_Kink,3880,9281129
result_SELECT_100_Schwinger_OBC_0_0_6,outer,1,naive,0.0,2,Double,No_MSF,621,1041984
result_SELECT_100_Schwinger_OBC_0_0_6,outer,1,naive,0.0,2,Double,No_Top,623,1022368
result_SELECT_100_Schwinger_OBC_0_0_6,outer,1,naive,0.0,2,Double,No_Kink,2729,7445502
result_SELECT_100_Schwinger_OBC_0_0_6,outer,1,naive,0.0,2,Double,Yes_Kink,2709,7431617
result_SELECT_100_Schwinger_OBC_0_0_6,outer,1,naive,0.0,2,Proj,No_MSF,488,833440
result_SELECT_100_Schwinger_OBC_0_0_6,outer,1,naive,0.0,2,Proj,No_Top,488,810688
result_SELECT_100_Schwinger_OBC_0_0_6,outer,1,naive,0.0,2,Proj,No_Kink,2378,12887451
result_SELECT_100_Schwinger_OBC_0_0_6,outer,1,naive,0.0,2,Proj,Yes_Kink,2412,12925347
result_SELECT_10_Heisenberg2D_cylinder_0.5_0.5_1,outer,1,SA,1.0,2,Single,No_MSF,4079,600816
result_SELECT_10_Heisenberg2D_cylinder_0.5_0.5_1,outer,1,SA,1.0,2,Single,No_Top,4080,596480
result_SELECT_10_Heisenberg2D_cylinder_0.5_0.5_1,outer,1,SA,1.0,2,Single,No_Kink,4080,664740
result_SELECT_10_Heisenberg2D_cylinder_0.5_0.5_1,outer,1,SA,1.0,2,Double,No_MSF,3792,559488
result_SELECT_10_Heisenberg2D_cylinder_0.5_0.5_1,outer,1,SA,1.0,2,Double,No_Top,3793,555152
result_SELECT_10_Heisenberg2D_cylinder_0.5_0.5_1,outer,1,SA,1.0,2,Double,No_Kink,3793,636664
result_SELECT_10_Heisenberg2D_cylinder_0.5_0.5_1,outer,1,SA,1.0,2,Double,Yes_Kink,3794,635762
result_SELECT_10_Heisenberg2D_cylinder_0.5_0.5_1,outer,1,SA,1.0,2,Proj,No_MSF,3333,493392
result_SELECT_10_Heisenberg2D_cylinder_0.5_0.5_1,outer,1,SA,1.0,2,Proj,No_Top,3333,488912
result_SELECT_10_Heisenberg2D_cylinder_0.5_0.5_1,outer,1,SA,1.0,2,Proj,No_Kink,3335,1575786
result_SELECT_10_Heisenberg2D_cylinder_0.5_0.5_1,outer,1,SA,1.0,2,Proj,Yes_Kink,3335,1561623
result_SELECT_100_Schwinger_OBC_0_0_6,outer,1,random,0.0,2,Single,No_MSF,730,1212896
result_SELECT_100_Schwinger_OBC_0_0_6,outer,1,random,0.0,2,Single,No_Top,732,1193280
result_SELECT_100_Schwinger_OBC_0_0_6,outer,1,random,0.0,2,Single,No_Kink,2658,7483539
result_SELECT_100_Schwinger_OBC_0_0_6,outer,1,random,0.0,2,Double,No_MSF,621,1041984
result_SELECT_100_Schwinger_OBC_0_0_6,outer,1,random,0.0,2,Double,No_Top,623,1022368
result_SELECT_100_Schwinger_OBC_0_0_6,outer,1,random,0.0,2,Double,No_Kink,1420,5573243
result_SELECT_100_Schwinger_OBC_0_0_6,outer,1,random,0.0,2,Double,Yes_Kink,1419,5577001
result_SELECT_100_Schwinger_OBC_0_0_6,outer,1,random,0.0,2,Proj,No_MSF,488,833440
result_SELECT_100_Schwinger_OBC_0_0_6,outer,1,random,0.0,2,Proj,No_Top,488,810688
result_SELECT_100_Schwinger_OBC_0_0_6,outer,1,random,0.0,2,Proj,No_Kink,1010,5589340
result_SELECT_100_Schwinger_OBC_0_0_6,outer,1,random,0.0,2,Proj,Yes_Kink,1024,5612447
result_SELECT_100_Heisenberg1D_OBC_1_0_6,inner,1,SA,0.1,2,Single,No_MSF,206,309976
result_SELECT_100_Heisenberg1D_OBC_1_0_6,inner,1,SA,0.1,2,Single,No_Top,211,310668
result_SELECT_100_Heisenberg1D_OBC_1_0_6,inner,1,SA,0.1,2,Single,No_Kink,230,574974
result_SELECT_100_Heisenberg1D_OBC_1_0_6,inner,1,SA,0.1,2,Double,No_MSF,185,280324
result_SELECT_100_Heisenberg1D_OBC_1_0_6,inner,1,SA,0.1,2,Double,No_Top,185,273956
result_SELECT_100_Heisenberg1D_OBC_1_0_6,inner,1,SA,0.1,2,Double,No_Kink,192,548962
result_SELECT_100_Heisenberg1D_OBC_1_0_6,inner,1,SA,0.1,2,Double,Yes_Kink,198,581140
result_SELECT_100_Heisenberg1D_OBC_1_0_6,inner,1,SA,0.1,2,Proj,No_MSF,117,184308
result_SELECT_100_Heisenberg1D_OBC_1_0_6,inner,1,SA,0.1,2,Proj,No_Top,123,186412
result_SELECT_100_Heisenberg1D_OBC_1_0_6,inner,1,SA,0.1,2,Proj,No_Kink,176,855343
result_SELECT_100_Heisenberg1D_OBC_1_0_6,inner,1,SA,0.1,2,Proj,Yes_Kink,181,863708
result_trotter_10_Heisenberg2D_cylinder_0.5_0.5_det,outer,1,SA,0.01,1,Single,No_MSF,756,126600
result_trotter_10_Heisenberg2D_cylinder_0.5_0.5_det,outer,1,SA,0.01,1,Single,No_Top,1315,157000
result_trotter_10_Heisenberg2D_cylinder_0.5_0.5_det,outer,1,SA,0.01,1,Single,No_Kink,1393,385632
result_trotter_10_Heisenberg2D_cylinder_0.5_0.5_det,outer,1,SA,0.01,1,Double,No_MSF,749,125900
result_trotter_10_Heisenberg2D_cylinder_0.5_0.5_det,outer,1,SA,0.01,1,Double,No_Top,1292,154700
result_trotter_10_Heisenberg2D_cylinder_0.5_0.5_det,outer,1,SA,0.01,1,Double,No_Kink,1345,449379
result_trotter_10_Heisenberg2D_cylinder_0.5_0.5_det,outer,1,SA,0.01,1,Double,Yes_Kink,1453,468926
result_trotter_10_Heisenberg2D_cylinder_0.5_0.5_det,outer,1,SA,0.01,1,Proj,No_MSF,390,90000
result_trotter_10_Heisenberg2D_cylinder_0.5_0.5_det,outer,1,SA,0.01,1,Proj,No_Top,1160,141500
result_trotter_10_Heisenberg2D_cylinder_0.5_0.5_det,outer,1,SA,0.01,1,Proj,No_Kink,1367,530678
result_trotter_10_Heisenberg2D_cylinder_0.5_0.5_det,outer,1,SA,0.01,1,Proj,Yes_Kink,1400,521621
result_SELECT_10_Heisenberg2D_cylinder_0.5_0.5_6,outer,2,SA,0.1,2,Single,No_MSF,211,295168
result_SELECT_10_Heisenberg2D_cylinder_0.5_0.5_6,outer,2,SA,0.1,2,Single,No_Top,211,289056
result_SELECT_10_Heisenberg2D_cylinder_0.5_0.5_6,outer,2,SA,0.1,2,Single,No_Kink,217,509319
result_SELECT_10_Heisenberg2D_cylinder_0.5_0.5_6,outer,2,SA,0.1,2,Single,Yes_Kink,219,525418
result_SELECT_10_Heisenberg2D_cylinder_0.5_0.5_6,outer,2,SA,0.1,2,Double,No_MSF,177,250560
result_SELECT_10_Heisenberg2D_cylinder_0.5_0.5_6,outer,2,SA,0.1,2,Double,No_Top,177,244448
result_SELECT_10_Heisenberg2D_cylinder_0.5_0.5_6,outer,2,SA,0.1,2,Double,No_Kink,184,492513
result_SELECT_10_Heisenberg2D_cylinder_0.5_0.5_6,outer,2,SA,0.1,2,Double,Yes_Kink,195,508020
result_SELECT_10_Heisenberg2D_cylinder_0.5_0.5_6,outer,2,SA,0.1,2,Proj,No_MSF,108,160032
result_SELECT_10_Heisenberg2D_cylinder_0.5_0.5_6,outer,2,SA,0.1,2,Proj,No_Top,123,173600
result_SELECT_10_Heisenberg2D_cylinder_0.5_0.5_6,outer,2,SA,0.1,2,Proj,No_Kink,160,783070
result_SELECT_10_Heisenberg2D_cylinder_0.5_0.5_6,outer,2,SA,0.1,2,Proj,Yes_Kink,165,789075
result_SELECT_10_Heisenberg2D_cylinder_0.5_0.5_6,outer,2,SA,0.001,4,Single,No_MSF,211,307392
result_SELECT_10_Heisenberg2D_cylinder_0.5_0.5_6,outer,2,SA,0.001,4,Single,No_Top,254,357696
result_SELECT_10_Heisenberg2D_cylinder_0.5_0.5_6,outer,2,SA,0.001,4,Single,No_Kink,257,643965
result_SELECT_10_Heisenberg2D_cylinder_0.5_0.5_6,outer,2,SA,0.001,4,Single,Yes_Kink,261,664632
result_SELECT_10_Heisenberg2D_cylinder_0.5_0.5_6,outer,2,SA,0.001,4,Double,No_MSF,177,262784
result_SELECT_10_Heisenberg2D_cylinder_0.5_0.5_6,outer,2,SA,0.001,4,Double,No_Top,239,338016
result_SELECT_10_Heisenberg2D_cylinder_0.5_0.5_6,outer,2,SA,0.001,4,Double,No_Kink,235,632184
result_SELECT_10_Heisenberg2D_cylinder_0.5_0.5_6,outer,2,SA,0.001,4,Double,Yes_Kink,238,636057
result_SELECT_10_Heisenberg2D_cylinder_0.5_0.5_6,outer,2,SA,0.001,4,Proj,No_MSF,108,172256
result_SELECT_10_Heisenberg2D_cylinder_0.5_0.5_6,outer,2,SA,0.001,4,Proj,No_Top,205,293408
result_SELECT_10_Heisenberg2D_cylinder_0.5_0.5_6,outer,2,SA,0.001,4,Proj,No_Kink,205,980310
result_SELECT_10_Heisenberg2D_cylinder_0.5_0.5_6,outer,2,SA,0.001,4,Proj,Yes_Kink,207,975420
result_SELECT_10_FermiHubbard2D_cylinder_0_0_6,outer,1,SA,0.001,2,Single,No_MSF,489,708804
result_SELECT_10_FermiHubbard2D_cylinder_0_0_6,outer,1,SA,0.001,2,Single,No_Top,489,702692
result_SELECT_10_FermiHubbard2D_cylinder_0_0_6,outer,1,SA,0.001,2,Single,No_Kink,561,1196164
result_SELECT_10_FermiHubbard2D_cylinder_0_0_6,outer,1,SA,0.001,2,Double,No_MSF,473,686212
result_SELECT_10_FermiHubbard2D_cylinder_0_0_6,outer,1,SA,0.001,2,Double,No_Top,473,680100
result_SELECT_10_FermiHubbard2D_cylinder_0_0_6,outer,1,SA,0.001,2,Double,No_Kink,502,1129848
result_SELECT_10_FermiHubbard2D_cylinder_0_0_6,outer,1,SA,0.001,2,Double,Yes_Kink,522,1164747
result_SELECT_10_FermiHubbard2D_cylinder_0_0_6,outer,1,SA,0.001,2,Proj,No_MSF,407,593020
result_SELECT_10_FermiHubbard2D_cylinder_0_0_6,outer,1,SA,0.001,2,Proj,No_Top,407,586908
result_SELECT_10_FermiHubbard2D_cylinder_0_0_6,outer,1,SA,0.001,2,Proj,No_Kink,482,2380684
result_SELECT_10_FermiHubbard2D_cylinder_0_0_6,outer,1,SA,0.001,2,Proj,Yes_Kink,494,2407689
result_SELECT_10_Heisenberg2D_cylinder_0.5_0.5_0,outer,1,random,0.0,2,Single,No_MSF,8099,1001446
result_SELECT_10_Heisenberg2D_cylinder_0.5_0.5_0,outer,1,random,0.0,2,Single,No_Top,8101,997234
result_SELECT_10_Heisenberg2D_cylinder_0.5_0.5_0,outer,1,random,0.0,2,Single,No_Kink,8101,1146624
result_SELECT_10_Heisenberg2D_cylinder_0.5_0.5_0,outer,1,random,0.0,2,Double,No_MSF,7536,932760
result_SELECT_10_Heisenberg2D_cylinder_0.5_0.5_0,outer,1,random,0.0,2,Double,No_Top,7537,928426
result_SELECT_10_Heisenberg2D_cylinder_0.5_0.5_0,outer,1,random,0.0,2,Double,No_Kink,7537,1090291
result_SELECT_10_Heisenberg2D_cylinder_0.5_0.5_0,outer,1,random,0.0,2,Double,Yes_Kink,7537,1089628
result_SELECT_10_Heisenberg2D_cylinder_0.5_0.5_0,outer,1,random,0.0,2,Proj,No_MSF,6660,825888
result_SELECT_10_Heisenberg2D_cylinder_0.5_0.5_0,outer,1,random,0.0,2,Proj,No_Top,6660,821432
result_SELECT_10_Heisenberg2D_cylinder_0.5_0.5_0,outer,1,random,0.0,2,Proj,No_Kink,6660,3007920
result_SELECT_10_Heisenberg2D_cylinder_0.5_0.5_0,outer,1,random,0.0,2,Proj,Yes_Kink,6660,2921462
result_SELECT_10_Heisenberg2D_cylinder_0.5_0.5_0,inner,2,random,0.0,0,Single,No_MSF,8099,992534
result_SELECT_10_Heisenberg2D_cylinder_0.5_0.5_0,inner,2,random,0.0,0,Single,No_Top,8099,988078
result_SELECT_10_Heisenberg2D_cylinder_0.5_0.5_0,inner,2,random,0.0,0,Single,No_Kink,8099,1100716
result_SELECT_10_Heisenberg2D_cylinder_0.5_0.5_0,inner,2,random,0.0,0,Single,Yes_Kink,8105,1106407
result_SELECT_10_Heisenberg2D_cylinder_0.5_0.5_0,inner,2,random,0.0,0,Double,No_MSF,7536,923848
result_SELECT_10_Heisenberg2D_cylinder_0.5_0.5_0,inner,2,random,0.0,0,Double,No_Top,7536,919392
result_SELECT_10_Heisenberg2D_cylinder_0.5_0.5_0,inner,2,random,0.0,0,Double,No_Kink,7536,1044399
result_SELECT_10_Heisenberg2D_cylinder_0.5_0.5_0,inner,2,random,0.0,0,Double,Yes_Kink,7814,1076001
result_SELECT_10_Heisenberg2D_cylinder_0.5_0.5_0,inner,2,random,0.0,0,Proj,No_MSF,6660,816976
result_SELECT_10_Heisenberg2D_cylinder_0.5_0.5_0,inner,2,random,0.0,0,Proj,No_Top,6660,812520
result_SELECT_10_Heisenberg2D_cylinder_0.5_0.5_0,inner,2,random,0.0,0,Proj,No_Kink,6666,2968782
result_SELECT_10_Heisenberg2D_cylinder_0.5_0.5_0,inner,2,random,0.0,0,Proj,Yes_Kink,6667,2951030
result_SELECT_10_Heisenberg2D_cylinder_0.5_0.5_6,outer,1,SA,0.1,10,Single,No_MSF,211,344064
result_SELECT_10_Heisenberg2D_cylinder_0.5_0.5_6,outer,1,SA,0.1,10,Single,No_Top,483,694816
result_SELECT_10_Heisenberg2D_cylinder_0.5_0.5_6,outer,1,SA,0.1,10,Single,No_Kink,483,1086476
result_SELECT_10_Heisenberg2D_cylinder_0.5_0.5_6,outer,1,SA,0.1,10,Double,No_MSF,177,299456
result_SELECT_10_Heisenberg2D_cylinder_0.5_0.5_6,outer,1,SA,0.1,10,Double,No_Top,473,681696
result_SELECT_10_Heisenberg2D_cylinder_0.5_0.5_6,outer,1,SA,0.1,10,Double,No_Kink,469,1114107
result_SELECT_10_Heisenberg2D_cylinder_0.5_0.5_6,outer,1,SA,0.1,10,Double,Yes_Kink,469,1115411
result_SELECT_10_Heisenberg2D_cylinder_0.5_0.5_6,outer,1,SA,0.1,10,Proj,No_MSF,108,208928
result_SELECT_10_Heisenberg2D_cylinder_0.5_0.5_6,outer,1,SA,0.1,10,Proj,No_Top,451,652832
result_SELECT_10_Heisenberg2D_cylinder_0.5_0.5_6,outer,1,SA,0.1,10,Proj,No_Kink,462,1978655
result_SELECT_10_Heisenberg2D_cylinder_0.5_0.5_6,outer,1,SA,0.1,10,Proj,Yes_Kink,462,1942277
result_SELECT_10_Heisenberg2D_cylinder_0.5_0.5_6,outer,2,SA,1.0,10,Single,No_MSF,211,344064
result_SELECT_10_Heisenberg2D_cylinder_0.5_0.5_6,outer,2,SA,1.0,10,Single,No_Top,483,694816
result_SELECT_10_Heisenberg2D_cylinder_0.5_0.5_6,outer,2,SA,1.0,10,Single,No_Kink,481,973140
result_SELECT_10_Heisenberg2D_cylinder_0.5_0.5_6,outer,2,SA,1.0,10,Single,Yes_Kink,483,990480
result_SELECT_10_Heisenberg2D_cylinder_0.5_0.5_6,outer,2,SA,1.0,10,Double,No_MSF,177,299456
result_SELECT_10_Heisenberg2D_cylinder_0.5_0.5_6,outer,2,SA,1.0,10,Double,No_Top,473,681696
result_SELECT_10_Heisenberg2D_cylinder_0.5_0.5_6,outer,2,SA,1.0,10,Double,No_Kink,475,990576
result_SELECT_10_Heisenberg2D_cylinder_0.5_0.5_6,outer,2,SA,1.0,10,Double,Yes_Kink,478,990342
result_SELECT_10_Heisenberg2D_cylinder_0.5_0.5_6,outer,2,SA,1.0,10,Proj,No_MSF,108,208928
result_SELECT_10_Heisenberg2D_cylinder_0.5_0.5_6,outer,2,SA,1.0,10,Proj,No_Top,451,652832
result_SELECT_10_Heisenberg2D_cylinder_0.5_0.5_6,outer,2,SA,1.0,10,Proj,No_Kink,451,1852753
result_SELECT_10_Heisenberg2D_cylinder_0.5_0.5_6,outer,2,SA,1.0,10,Proj,Yes_Kink,452,1811314
result_SELECT_10_Heisenberg2D_cylinder_0.5_0.5_0,inner,1,naive,0.0,0,Single,No_MSF,8099,992534
result_SELECT_10_Heisenberg2D_cylinder_0.5_0.5_0,inner,1,naive,0.0,0,Single,No_Top,8099,988078
result_SELECT_10_Heisenberg2D_cylinder_0.5_0.5_0,inner,1,naive,0.0,0,Single,No_Kink,8099,1073612
result_SELECT_10_Heisenberg2D_cylinder_0.5_0.5_0,inner,1,naive,0.0,0,Double,No_MSF,7536,923848
result_SELECT_10_Heisenberg2D_cylinder_0.5_0.5_0,inner,1,naive,0.0,0,Double,No_Top,7536,919392
result_SELECT_10_Heisenberg2D_cylinder_0.5_0.5_0,inner,1,naive,0.0,0,Double,No_Kink,7536,1016964
result_SELECT_10_Heisenberg2D_cylinder_0.5_0.5_0,inner,1,naive,0.0,0,Double,Yes_Kink,7536,1015023
result_SELECT_10_Heisenberg2D_cylinder_0.5_0.5_0,inner,1,naive,0.0,0,Proj,No_MSF,6660,816976
result_SELECT_10_Heisenberg2D_cylinder_0.5_0.5_0,inner,1,naive,0.0,0,Proj,No_Top,6660,812520
result_SELECT_10_Heisenberg2D_cylinder_0.5_0.5_0,inner,1,naive,0.0,0,Proj,No_Kink,6661,2587278
result_SELECT_10_Heisenberg2D_cylinder_0.5_0.5_0,inner,1,naive,0.0,0,Proj,Yes_Kink,6663,2576333
result_SELECT_10_Heisenberg2D_cylinder_0.5_0.5_6,outer,2,SA,0.001,2,Single,No_MSF,211,295168
result_SELECT_10_Heisenberg2D_cylinder_0.5_0.5_6,outer,2,SA,0.001,2,Single,No_Top,211,289056
result_SELECT_10_Heisenberg2D_cylinder_0.5_0.5_6,outer,2,SA,0.001,2,Single,No_Kink,220,551962
result_SELECT_10_Heisenberg2D_cylinder_0.5_0.5_6,outer,2,SA,0.001,2,Single,Yes_Kink,224,567116
result_SELECT_10_Heisenberg2D_cylinder_0.5_0.5_6,outer,2,SA,0.001,2,Double,No_MSF,177,250560
result_SELECT_10_Heisenberg2D_cylinder_0.5_0.5_6,outer,2,SA,0.001,2,Double,No_Top,177,244448
result_SELECT_10_Heisenberg2D_cylinder_0.5_0.5_6,outer,2,SA,0.001,2,Double,No_Kink,186,534645
result_SELECT_10_Heisenberg2D_cylinder_0.5_0.5_6,outer,2,SA,0.001,2,Double,Yes_Kink,197,553246
result_SELECT_10_Heisenberg2D_cylinder_0.5_0.5_6,outer,2,SA,0.001,2,Proj,No_MSF,108,160032
result_SELECT_10_Heisenberg2D_cylinder_0.5_0.5_6,outer,2,SA,0.001,2,Proj,No_Top,123,173600
result_SELECT_10_Heisenberg2D_cylinder_0.5_0.5_6,outer,2,SA,0.001,2,Proj,No_Kink,166,812535
result_SELECT_10_Heisenberg2D_cylinder_0.5_0.5_6,outer,2,SA,0.001,2,Proj,Yes_Kink,171,817203
result_SELECT_100_Heisenberg1D_OBC_1_0_6,outer,2,SA,0.001,2,Single,No_MSF,206,309976
result_SELECT_100_Heisenberg1D_OBC_1_0_6,outer,2,SA,0.001,2,Single,No_Top,211,310668
result_SELECT_100_Heisenberg1D_OBC_1_0_6,outer,2,SA,0.001,2,Single,No_Kink,218,572747
result_SELECT_100_Heisenberg1D_OBC_1_0_6,outer,2,SA,0.001,2,Single,Yes_Kink,219,593084
result_SELECT_100_Heisenberg1D_OBC_1_0_6,outer,2,SA,0.001,2,Double,No_MSF,185,280324
result_SELECT_100_Heisenberg1D_OBC_1_0_6,outer,2,SA,0.001,2,Double,No_Top,185,273956
result_SELECT_100_Heisenberg1D_OBC_1_0_6,outer,2,SA,0.001,2,Double,No_Kink,192,559512
result_SELECT_100_Heisenberg1D_OBC_1_0_6,outer,2,SA,0.001,2,Double,Yes_Kink,202,579858
result_SELECT_100_Heisenberg1D_OBC_1_0_6,outer,2,SA,0.001,2,Proj,No_MSF,117,184308
result_SELECT_100_Heisenberg1D_OBC_1_0_6,outer,2,SA,0.001,2,Proj,No_Top,123,186412
result_SELECT_100_Heisenberg1D_OBC_1_0_6,outer,2,SA,0.001,2,Proj,No_Kink,162,838457
result_SELECT_100_Heisenberg1D_OBC_1_0_6,outer,2,SA,0.001,2,Proj,Yes_Kink,166,839411
result_SELECT_10_Heisenberg2D_cylinder_0.5_0.5_4,inner,2,SA,1.0,0,Single,No_MSF,571,251568
result_SELECT_10_Heisenberg2D_cylinder_0.5_0.5_4,inner,2,SA,1.0,0,Single,No_Top,571,246672
result_SELECT_10_Heisenberg2D_cylinder_0.5_0.5_4,inner,2,SA,1.0,0,Single,No_Kink,572,301375
result_SELECT_10_Heisenberg2D_cylinder_0.5_0.5_4,inner,2,SA,1.0,0,Single,Yes_Kink,573,314760
result_SELECT_10_Heisenberg2D_cylinder_0.5_0.5_4,inner,2,SA,1.0,0,Double,No_MSF,522,230400
result_SELECT_10_Heisenberg2D_cylinder_0.5_0.5_4,inner,2,SA,1.0,0,Double,No_Top,522,225504
result_SELECT_10_Heisenberg2D_cylinder_0.5_0.5_4,inner,2,SA,1.0,0,Double,No_Kink,522,296119
result_SELECT_10_Heisenberg2D_cylinder_0.5_0.5_4,inner,2,SA,1.0,0,Double,Yes_Kink,541,302264
result_SELECT_10_Heisenberg2D_cylinder_0.5_0.5_4,inner,2,SA,1.0,0,Proj,No_MSF,420,186336
result_SELECT_10_Heisenberg2D_cylinder_0.5_0.5_4,inner,2,SA,1.0,0,Proj,No_Top,420,181440
result_SELECT_10_Heisenberg2D_cylinder_0.5_0.5_4,inner,2,SA,1.0,0,Proj,No_Kink,434,717681
result_SELECT_10_Heisenberg2D_cylinder_0.5_0.5_4,inner,2,SA,1.0,0,Proj,Yes_Kink,432,702466
result_SELECT_10_Heisenberg2D_cylinder_0.5_0.5_5,outer,2,SA,0.001,0,Single,No_MSF,327,246016
result_SELECT_10_Heisenberg2D_cylinder_0.5_0.5_5,outer,2,SA,0.001,0,Single,No_Top,327,240672
result_SELECT_10_Heisenberg2D_cylinder_0.5_0.5_5,outer,2,SA,0.001,0,Single,No_Kink,335,371951
result_SELECT_10_Heisenberg2D_cylinder_0.5_0.5_5,outer,2,SA,0.001,0,Single,Yes_Kink,335,384510
result_SELECT_10_Heisenberg2D_cylinder_0.5_0.5_5,outer,2,SA,0.001,0,Double,No_MSF,290,218784
result_SELECT_10_Heisenberg2D_cylinder_0.5_0.5_5,outer,2,SA,0.001,0,Double,No_Top,290,213440
result_SELECT_10_Heisenberg2D_cylinder_0.5_0.5_5,outer,2,SA,0.001,0,Double,No_Kink,294,356050
result_SELECT_10_Heisenberg2D_cylinder_0.5_0.5_5,outer,2,SA,0.001,0,Double,Yes_Kink,304,361393
result_SELECT_10_Heisenberg2D_cylinder_0.5_0.5_5,outer,2,SA,0.001,0,Proj,No_MSF,213,162112
result_SELECT_10_Heisenberg2D_cylinder_0.5_0.5_5,outer,2,SA,0.001,0,Proj,No_Top,213,156768
result_SELECT_10_Heisenberg2D_cylinder_0.5_0.5_5,outer,2,SA,0.001,0,Proj,No_Kink,238,704481
result_SELECT_10_Heisenberg2D_cylinder_0.5_0.5_5,outer,2,SA,0.001,0,Proj,Yes_Kink,241,696461
result_SELECT_10_Heisenberg2D_cylinder_0.5_0.5_4,outer,2,SA,0.1,0,Single,No_MSF,571,251568
result_SELECT_10_Heisenberg2D_cylinder_0.5_0.5_4,outer,2,SA,0.1,0,Single,No_Top,571,246672
result_SELECT_10_Heisenberg2D_cylinder_0.5_0.5_4,outer,2,SA,0.1,0,Single,No_Kink,573,332671
result_SELECT_10_Heisenberg2D_cylinder_0.5_0.5_4,outer,2,SA,0.1,0,Single,Yes_Kink,575,346943
result_SELECT_10_Heisenberg2D_cylinder_0.5_0.5_4,outer,2,SA,0.1,0,Double,No_MSF,522,230400
result_SELECT_10_Heisenberg2D_cylinder_0.5_0.5_4,outer,2,SA,0.1,0,Double,No_Top,522,225504
result_SELECT_10_Heisenberg2D_cylinder_0.5_0.5_4,outer,2,SA,0.1,0,Double,No_Kink,523,325561
result_SELECT_10_Heisenberg2D_cylinder_0.5_0.5_4,outer,2,SA,0.1,0,Double,Yes_Kink,544,330900
result_SELECT_10_Heisenberg2D_cylinder_0.5_0.5_4,outer,2,SA,0.1,0,Proj,No_MSF,420,186336
result_SELECT_10_Heisenberg2D_cylinder_0.5_0.5_4,outer,2,SA,0.1,0,Proj,No_Top,420,181440
result_SELECT_10_Heisenberg2D_cylinder_0.5_0.5_4,outer,2,SA,0.1,0,Proj,No_Kink,438,761331
result_SELECT_10_Heisenberg2D_cylinder_0.5_0.5_4,outer,2,SA,0.1,0,Proj,Yes_Kink,437,746106
result_SELECT_10_Heisenberg2D_cylinder_0.5_0.5_2,outer,1,SA,1.0,0,Single,No_MSF,2072,394080
result_SELECT_10_Heisenberg2D_cylinder_0.5_0.5_2,outer,1,SA,1.0,0,Single,No_Top,2072,389536
result_SELECT_10_Heisenberg2D_cylinder_0.5_0.5_2,outer,1,SA,1.0,0,Single,No_Kink,2074,451206
result_SELECT_10_Heisenberg2D_cylinder_0.5_0.5_2,outer,1,SA,1.0,0,Double,No_MSF,1921,365692
result_SELECT_10_Heisenberg2D_cylinder_0.5_0.5_2,outer,1,SA,1.0,0,Double,No_Top,1921,361148
result_SELECT_10_Heisenberg2D_cylinder_0.5_0.5_2,outer,1,SA,1.0,0,Double,No_Kink,1923,437232
result_SELECT_10_Heisenberg2D_cylinder_0.5_0.5_2,outer,1,SA,1.0,0,Double,Yes_Kink,1927,437807
result_SELECT_10_Heisenberg2D_cylinder_0.5_0.5_2,outer,1,SA,1.0,0,Proj,No_MSF,1668,318128
result_SELECT_10_Heisenberg2D_cylinder_0.5_0.5_2,outer,1,SA,1.0,0,Proj,No_Top,1668,313584
result_SELECT_10_Heisenberg2D_cylinder_0.5_0.5_2,outer,1,SA,1.0,0,Proj,No_Kink,1679,1117213
result_SELECT_10_Heisenberg2D_cylinder_0.5_0.5_2,outer,1,SA,1.0,0,Proj,Yes_Kink,1680,1087767
result_SELECT_100_random_local_OBC_0_0_6,outer,2,naive,0.0,2,Single,No_MSF,247,306944
result_SELECT_100_random_local_OBC_0_0_6,outer,2,naive,0.0,2,Single,No_Top,247,302112
result_SELECT_100_random_local_OBC_0_0_6,outer,2,naive,0.0,2,Single,No_Kink,662,1275695
result_SELECT_100_random_local_OBC_0_0_6,outer,2,naive,0.0,2,Single,Yes_Kink,619,1236350
result_SELECT_100_random_local_OBC_0_0_6,outer,2,naive,0.0,2,Double,No_MSF,192,241824
result_SELECT_100_random_local_OBC_0_0_6,outer,2,naive,0.0,2,Double,No_Top,193,238176
result_SELECT_100_random_local_OBC_0_0_6,outer,2,naive,0.0,2,Double,No_Kink,582,1207652
result_SELECT_100_random_local_OBC_0_0_6,outer,2,naive,0.0,2,Double,Yes_Kink,599,1234799
result_SELECT_100_random_local_OBC_0_0_6,outer,2,naive,0.0,2,Proj,No_MSF,128,166048
result_SELECT_100_random_local_OBC_0_0_6,outer,2,naive,0.0,2,Proj,No_Top,128,161216
result_SELECT_100_random_local_OBC_0_0_6,outer,2,naive,0.0,2,Proj,No_Kink,517,2297451
result_SELECT_100_random_local_OBC_0_0_6,outer,2,naive,0.0,2,Proj,Yes_Kink,523,2289938
result_SELECT_10_Heisenberg2D_cylinder_0.5_0.5_6,outer,2,naive,0.0,10,Single,No_MSF,211,344064
result_SELECT_10_Heisenberg2D_cylinder_0.5_0.5_6,outer,2,naive,0.0,10,Single,No_Top,483,694816
result_SELECT_10_Heisenberg2D_cylinder_0.5_0.5_6,outer,2,naive,0.0,10,Single,No_Kink,670,1568968
result_SELECT_10_Heisenberg2D_cylinder_0.5_0.5_6,outer,2,naive,0.0,10,Single,Yes_Kink,607,1514908
result_SELECT_10_Heisenberg2D_cylinder_0.5_0.5_6,outer,2,naive,0.0,10,Double,No_MSF,177,299456
result_SELECT_10_Heisenberg2D_cylinder_0.5_0.5_6,outer,2,naive,0.0,10,Double,No_Top,473,681696
result_SELECT_10_Heisenberg2D_cylinder_0.5_0.5_6,outer,2,naive,0.0,10,Double,No_Kink,574,1487045
result_SELECT_10_Heisenberg2D_cylinder_0.5_0.5_6,outer,2,naive,0.0,10,Double,Yes_Kink,585,1499515
result_SELECT_10_Heisenberg2D_cylinder_0.5_0.5_6,outer,2,naive,0.0,10,Proj,No_MSF,108,208928
result_SELECT_10_Heisenberg2D_cylinder_0.5_0.5_6,outer,2,naive,0.0,10,Proj,No_Top,451,652832
result_SELECT_10_Heisenberg2D_cylinder_0.5_0.5_6,outer,2,naive,0.0,10,Proj,No_Kink,5224,20835471
result_SELECT_10_Heisenberg2D_cylinder_0.5_0.5_6,outer,2,naive,0.0,10,Proj,Yes_Kink,5167,20064022
result_SELECT_10_Heisenberg2D_cylinder_0.5_0.5_5,outer,2,naive,0.0,2,Single,No_MSF,327,256704
result_SELECT_10_Heisenberg2D_cylinder_0.5_0.5_5,outer,2,naive,0.0,2,Single,No_Top,327,251360
result_SELECT_10_Heisenberg2D_cylinder_0.5_0.5_5,outer,2,naive,0.0,2,Single,No_Kink,648,804586
result_SELECT_10_Heisenberg2D_cylinder_0.5_0.5_5,outer,2,naive,0.0,2,Single,Yes_Kink,641,814787
result_SELECT_10_Heisenberg2D_cylinder_0.5_0.5_5,outer,2,naive,0.0,2,Double,No_MSF,290,229472
result_SELECT_10_Heisenberg2D_cylinder_0.5_0.5_5,outer,2,naive,0.0,2,Double,No_Top,291,224864
result_SELECT_10_Heisenberg2D_cylinder_0.5_0.5_5,outer,2,naive,0.0,2,Double,No_Kink,559,760965
result_SELECT_10_Heisenberg2D_cylinder_0.5_0.5_5,outer,2,naive,0.0,2,Double,Yes_Kink,571,777158
result_SELECT_10_Heisenberg2D_cylinder_0.5_0.5_5,outer,2,naive,0.0,2,Proj,No_MSF,213,172800
result_SELECT_10_Heisenberg2D_cylinder_0.5_0.5_5,outer,2,naive,0.0,2,Proj,No_Top,213,167456
result_SELECT_10_Heisenberg2D_cylinder_0.5_0.5_5,outer,2,naive,0.0,2,Proj,No_Kink,577,1696424
result_SELECT_10_Heisenberg2D_cylinder_0.5_0.5_5,outer,2,naive,0.0,2,Proj,Yes_Kink,588,1700022
result_SELECT_10_Heisenberg2D_cylinder_0.5_0.5_4,inner,2,SA,0.01,2,Single,No_MSF,571,261360
result_SELECT_10_Heisenberg2D_cylinder_0.5_0.5_4,inner,2,SA,0.01,2,Single,No_Top,571,256464
result_SELECT_10_Heisenberg2D_cylinder_0.5_0.5_4,inner,2,SA,0.01,2,Single,No_Kink,575,327040
result_SELECT_10_Heisenberg2D_cylinder_0.5_0.5_4,inner,2,SA,0.01,2,Single,Yes_Kink,578,344910
result_SELECT_10_Heisenberg2D_cylinder_0.5_0.5_4,inner,2,SA,0.01,2,Double,No_MSF,522,240192
result_SELECT_10_Heisenberg2D_cylinder_0.5_0.5_4,inner,2,SA,0.01,2,Double,No_Top,522,235296
result_SELECT_10_Heisenberg2D_cylinder_0.5_0.5_4,inner,2,SA,0.01,2,Double,No_Kink,523,320853
result_SELECT_10_Heisenberg2D_cylinder_0.5_0.5_4,inner,2,SA,0.01,2,Double,Yes_Kink,542,327441
result_SELECT_10_Heisenberg2D_cylinder_0.5_0.5_4,inner,2,SA,0.01,2,Proj,No_MSF,420,196128
result_SELECT_10_Heisenberg2D_cylinder_0.5_0.5_4,inner,2,SA,0.01,2,Proj,No_Top,420,191232
result_SELECT_10_Heisenberg2D_cylinder_0.5_0.5_4,inner,2,SA,0.01,2,Proj,No_Kink,438,739809
result_SELECT_10_Heisenberg2D_cylinder_0.5_0.5_4,inner,2,SA,0.01,2,Proj,Yes_Kink,438,726990
result_SELECT_10_Heisenberg2D_cylinder_0.5_0.5_2,inner,2,random,0.0,0,Single,No_MSF,2072,394080
result_SELECT_10_Heisenberg2D_cylinder_0.5_0.5_2,inner,2,random,0.0,0,Single,No_Top,2072,389536
result_SELECT_10_Heisenberg2D_cylinder_0.5_0.5_2,inner,2,random,0.0,0,Single,No_Kink,2073,532631
result_SELECT_10_Heisenberg2D_cylinder_0.5_0.5_2,inner,2,random,0.0,0,Single,Yes_Kink,2075,541321
result_SELECT_10_Heisenberg2D_cylinder_0.5_0.5_2,inner,2,random,0.0,0,Double,No_MSF,1921,365692
result_SELECT_10_Heisenberg2D_cylinder_0.5_0.5_2,inner,2,random,0.0,0,Double,No_Top,1921,361148
result_SELECT_10_Heisenberg2D_cylinder_0.5_0.5_2,inner,2,random,0.0,0,Double,No_Kink,1922,516475
result_SELECT_10_Heisenberg2D_cylinder_0.5_0.5_2,inner,2,random,0.0,0,Double,Yes_Kink,1992,529410
result_SELECT_10_Heisenberg2D_cylinder_0.5_0.5_2,inner,2,random,0.0,0,Proj,No_MSF,1668,318128
result_SELECT_10_Heisenberg2D_cylinder_0.5_0.5_2,inner,2,random,0.0,0,Proj,No_Top,1668,313584
result_SELECT_10_Heisenberg2D_cylinder_0.5_0.5_2,inner,2,random,0.0,0,Proj,No_Kink,1676,1219295
result_SELECT_10_Heisenberg2D_cylinder_0.5_0.5_2,inner,2,random,0.0,0,Proj,Yes_Kink,1677,1188406
result_SELECT_10_Heisenberg2D_cylinder_0.5_0.5_0,outer,1,SA,1.0,0,Single,No_MSF,8099,992534
result_SELECT_10_Heisenberg2D_cylinder_0.5_0.5_0,outer,1,SA,1.0,0,Single,No_Top,8099,988078
result_SELECT_10_Heisenberg2D_cylinder_0.5_0.5_0,outer,1,SA,1.0,0,Single,No_Kink,8099,1051898
result_SELECT_10_Heisenberg2D_cylinder_0.5_0.5_0,outer,1,SA,1.0,0,Double,No_MSF,7536,923848
result_SELECT_10_Heisenberg2D_cylinder_0.5_0.5_0,outer,1,SA,1.0,0,Double,No_Top,7536,919392
result_SELECT_10_Heisenberg2D_cylinder_0.5_0.5_0,outer,1,SA,1.0,0,Double,No_Kink,7536,997180
result_SELECT_10_Heisenberg2D_cylinder_0.5_0.5_0,outer,1,SA,1.0,0,Double,Yes_Kink,7536,996984
result_SELECT_10_Heisenberg2D_cylinder_0.5_0.5_0,outer,1,SA,1.0,0,Proj,No_MSF,6660,816976
result_SELECT_10_Heisenberg2D_cylinder_0.5_0.5_0,outer,1,SA,1.0,0,Proj,No_Top,6660,812520
result_SELECT_10_Heisenberg2D_cylinder_0.5_0.5_0,outer,1,SA,1.0,0,Proj,No_Kink,6660,2535188
result_SELECT_10_Heisenberg2D_cylinder_0.5_0.5_0,outer,1,SA,1.0,0,Proj,Yes_Kink,6660,2491638
result_SELECT_10_Heisenberg2D_cylinder_0.5_0.5_3,inner,1,SA,1.0,0,Single,No_MSF,1069,295440
result_SELECT_10_Heisenberg2D_cylinder_0.5_0.5_3,inner,1,SA,1.0,0,Single,No_Top,1069,290768
result_SELECT_10_Heisenberg2D_cylinder_0.5_0.5_3,inner,1,SA,1.0,0,Single,No_Kink,1075,344138
result_SELECT_10_Heisenberg2D_cylinder_0.5_0.5_3,inner,1,SA,1.0,0,Double,No_MSF,987,273136
result_SELECT_10_Heisenberg2D_cylinder_0.5_0.5_3,inner,1,SA,1.0,0,Double,No_Top,987,268464
result_SELECT_10_Heisenberg2D_cylinder_0.5_0.5_3,inner,1,SA,1.0,0,Double,No_Kink,988,335132
result_SELECT_10_Heisenberg2D_cylinder_0.5_0.5_3,inner,1,SA,1.0,0,Double,Yes_Kink,993,337930
result_SELECT_10_Heisenberg2D_cylinder_0.5_0.5_3,inner,1,SA,1.0,0,Proj,No_MSF,837,232336
result_SELECT_10_Heisenberg2D_cylinder_0.5_0.5_3,inner,1,SA,1.0,0,Proj,No_Top,837,227664
result_SELECT_10_Heisenberg2D_cylinder_0.5_0.5_3,inner,1,SA,1.0,0,Proj,No_Kink,849,862804
result_SELECT_10_Heisenberg2D_cylinder_0.5_0.5_3,inner,1,SA,1.0,0,Proj,Yes_Kink,848,846617
result_SELECT_10_Heisenberg2D_cylinder_0.5_0.5_2,outer,1,SA,0.01,2,Single,No_MSF,2072,403168
result_SELECT_10_Heisenberg2D_cylinder_0.5_0.5_2,outer,1,SA,0.01,2,Single,No_Top,2072,398624
result_SELECT_10_Heisenberg2D_cylinder_0.5_0.5_2,outer,1,SA,0.01,2,Single,No_Kink,2080,491586
result_SELECT_10_Heisenberg2D_cylinder_0.5_0.5_2,outer,1,SA,0.01,2,Double,No_MSF,1921,374780
result_SELECT_10_Heisenberg2D_cylinder_0.5_0.5_2,outer,1,SA,0.01,2,Double,No_Top,1921,370236
result_SELECT_10_Heisenberg2D_cylinder_0.5_0.5_2,outer,1,SA,0.01,2,Double,No_Kink,1924,474617
result_SELECT_10_Heisenberg2D_cylinder_0.5_0.5_2,outer,1,SA,0.01,2,Double,Yes_Kink,1933,476154
result_SELECT_10_Heisenberg2D_cylinder_0.5_0.5_2,outer,1,SA,0.01,2,Proj,No_MSF,1668,327216
result_SELECT_10_Heisenberg2D_cylinder_0.5_0.5_2,outer,1,SA,0.01,2,Proj,No_Top,1668,322672
result_SELECT_10_Heisenberg2D_cylinder_0.5_0.5_2,outer,1,SA,0.01,2,Proj,No_Kink,1679,1183597
result_SELECT_10_Heisenberg2D_cylinder_0.5_0.5_2,outer,1,SA,0.01,2,Proj,Yes_Kink,1680,1158047
result_SELECT_10_Heisenberg2D_cylinder_0.5_0.5_3,inner,1,SA,0.01,2,Single,No_MSF,1069,304784
result_SELECT_10_Heisenberg2D_cylinder_0.5_0.5_3,inner,1,SA,0.01,2,Single,No_Top,1069,300112
result_SELECT_10_Heisenberg2D_cylinder_0.5_0.5_3,inner,1,SA,0.01,2,Single,No_Kink,1077,376750
result_SELECT_10_Heisenberg2D_cylinder_0.5_0.5_3,inner,1,SA,0.01,2,Double,No_MSF,987,282480
result_SELECT_10_Heisenberg2D_cylinder_0.5_0.5_3,inner,1,SA,0.01,2,Double,No_Top,987,277808
result_SELECT_10_Heisenberg2D_cylinder_0.5_0.5_3,inner,1,SA,0.01,2,Double,No_Kink,989,366835
result_SELECT_10_Heisenberg2D_cylinder_0.5_0.5_3,inner,1,SA,0.01,2,Double,Yes_Kink,992,368191
result_SELECT_10_Heisenberg2D_cylinder_0.5_0.5_3,inner,1,SA,0.01,2,Proj,No_MSF,837,241680
result_SELECT_10_Heisenberg2D_cylinder_0.5_0.5_3,inner,1,SA,0.01,2,Proj,No_Top,837,237008
result_SELECT_10_Heisenberg2D_cylinder_0.5_0.5_3,inner,1,SA,0.01,2,Proj,No_Kink,853,888759
result_SELECT_10_Heisenberg2D_cylinder_0.5_0.5_3,inner,1,SA,0.01,2,Proj,Yes_Kink,853,875657
result_SELECT_10_Heisenberg2D_cylinder_0.5_0.5_4,outer,1,SA,0.1,2,Single,No_MSF,571,261360
result_SELECT_10_Heisenberg2D_cylinder_0.5_0.5_4,outer,1,SA,0.1,2,Single,No_Top,571,256464
result_SELECT_10_Heisenberg2D_cylinder_0.5_0.5_4,outer,1,SA,0.1,2,Single,No_Kink,577,360060
result_SELECT_10_Heisenberg2D_cylinder_0.5_0.5_4,outer,1,SA,0.1,2,Double,No_MSF,522,240192
result_SELECT_10_Heisenberg2D_cylinder_0.5_0.5_4,outer,1,SA,0.1,2,Double,No_Top,522,235296
result_SELECT_10_Heisenberg2D_cylinder_0.5_0.5_4,outer,1,SA,0.1,2,Double,No_Kink,526,349535
result_SELECT_10_Heisenberg2D_cylinder_0.5_0.5_4,outer,1,SA,0.1,2,Double,Yes_Kink,531,351372
result_SELECT_10_Heisenberg2D_cylinder_0.5_0.5_4,outer,1,SA,0.1,2,Proj,No_MSF,420,196128
result_SELECT_10_Heisenberg2D_cylinder_0.5_0.5_4,outer,1,SA,0.1,2,Proj,No_Top,420,191232
result_SELECT_10_Heisenberg2D_cylinder_0.5_0.5_4,outer,1,SA,0.1,2,Proj,No_Kink,446,721988
result_SELECT_10_Heisenberg2D_cylinder_0.5_0.5_4,outer,1,SA,0.1,2,Proj,Yes_Kink,447,705725
result_trotter_10_Heisenberg2D_cylinder_0.5_0.5_rand,inner,2,SA,0.01,0,Single,No_MSF,744,99900
result_trotter_10_Heisenberg2D_cylinder_0.5_0.5_rand,inner,2,SA,0.01,0,Single,No_Top,749,74900
result_trotter_10_Heisenberg2D_cylinder_0.5_0.5_rand,inner,2,SA,0.01,0,Single,No_Kink,787,232192
result_trotter_10_Heisenberg2D_cylinder_0.5_0.5_rand,inner,2,SA,0.01,0,Single,Yes_Kink,813,239124
result_trotter_10_Heisenberg2D_cylinder_0.5_0.5_rand,inner,2,SA,0.01,0,Double,No_MSF,721,97600
result_trotter_10_Heisenberg2D_cylinder_0.5_0.5_rand,inner,2,SA,0.01,0,Double,No_Top,721,72100
result_trotter_10_Heisenberg2D_cylinder_0.5_0.5_rand,inner,2,SA,0.01,0,Double,No_Kink,794,297848
result_trotter_10_Heisenberg2D_cylinder_0.5_0.5_rand,inner,2,SA,0.01,0,Double,Yes_Kink,841,303778
result_trotter_10_Heisenberg2D_cylinder_0.5_0.5_rand,inner,2,SA,0.01,0,Proj,No_MSF,390,64500
result_trotter_10_Heisenberg2D_cylinder_0.5_0.5_rand,inner,2,SA,0.01,0,Proj,No_Top,580,58000
result_trotter_10_Heisenberg2D_cylinder_0.5_0.5_rand,inner,2,SA,0.01,0,Proj,No_Kink,754,402897
result_trotter_10_Heisenberg2D_cylinder_0.5_0.5_rand,inner,2,SA,0.01,0,Proj,Yes_Kink,783,399386
result_SELECT_10_Heisenberg2D_cylinder_0.5_0.5_5,inner,2,random,0.0,0,Single,No_MSF,327,246016
result_SELECT_10_Heisenberg2D_cylinder_0.5_0.5_5,inner,2,random,0.0,0,Single,No_Top,327,240672
result_SELECT_10_Heisenberg2D_cylinder_0.5_0.5_5,inner,2,random,0.0,0,Single,No_Kink,358,582339
result_SELECT_10_Heisenberg2D_cylinder_0.5_0.5_5,inner,2,random,0.0,0,Single,Yes_Kink,361,593584
result_SELECT_10_Heisenberg2D_cylinder_0.5_0.5_5,inner,2,random,0.0,0,Double,No_MSF,290,218784
result_SELECT_10_Heisenberg2D_cylinder_0.5_0.5_5,inner,2,random,0.0,0,Double,No_Top,290,213440
result_SELECT_10_Heisenberg2D_cylinder_0.5_0.5_5,inner,2,random,0.0,0,Double,No_Kink,304,557853
result_SELECT_10_Heisenberg2D_cylinder_0.5_0.5_5,inner,2,random,0.0,0,Double,Yes_Kink,315,563223
result_SELECT_10_Heisenberg2D_cylinder_0.5_0.5_5,inner,2,random,0.0,0,Proj,No_MSF,213,162112
result_SELECT_10_Heisenberg2D_cylinder_0.5_0.5_5,inner,2,random,0.0,0,Proj,No_Top,213,156768
result_SELECT_10_Heisenberg2D_cylinder_0.5_0.5_5,inner,2,random,0.0,0,Proj,No_Kink,257,759498
result_SELECT_10_Heisenberg2D_cylinder_0.5_0.5_5,inner,2,random,0.0,0,Proj,Yes_Kink,261,759232
result_SELECT_10_Heisenberg2D_cylinder_0.5_0.5_3,outer,1,random,0.0,2,Single,No_MSF,1069,304784
result_SELECT_10_Heisenberg2D_cylinder_0.5_0.5_3,outer,1,random,0.0,2,Single,No_Top,1069,300112
result_SELECT_10_Heisenberg2D_cylinder_0.5_0.5_3,outer,1,random,0.0,2,Single,No_Kink,1189,597368
result_SELECT_10_Heisenberg2D_cylinder_0.5_0.5_3,outer,1,random,0.0,2,Double,No_MSF,987,282480
result_SELECT_10_Heisenberg2D_cylinder_0.5_0.5_3,outer,1,random,0.0,2,Double,No_Top,987,277808
result_SELECT_10_Heisenberg2D_cylinder_0.5_0.5_3,outer,1,random,0.0,2,Double,No_Kink,999,533225
result_SELECT_10_Heisenberg2D_cylinder_0.5_0.5_3,outer,1,random,0.0,2,Double,Yes_Kink,1003,531574
result_SELECT_10_Heisenberg2D_cylinder_0.5_0.5_3,outer,1,random,0.0,2,Proj,No_MSF,837,241680
result_SELECT_10_Heisenberg2D_cylinder_0.5_0.5_3,outer,1,random,0.0,2,Proj,No_Top,837,237008
result_SELECT_10_Heisenberg2D_cylinder_0.5_0.5_3,outer,1,random,0.0,2,Proj,No_Kink,859,926340
result_SELECT_10_Heisenberg2D_cylinder_0.5_0.5_3,outer,1,random,0.0,2,Proj,Yes_Kink,860,910248
result_SELECT_10_Heisenberg2D_cylinder_0.5_0.5_1,inner,2,SA,0.01,0,Single,No_MSF,4079,591856
result_SELECT_10_Heisenberg2D_cylinder_0.5_0.5_1,inner,2,SA,0.01,0,Single,No_Top,4079,587376
result_SELECT_10_Heisenberg2D_cylinder_0.5_0.5_1,inner,2,SA,0.01,0,Single,No_Kink,4079,657863
result_SELECT_10_Heisenberg2D_cylinder_0.5_0.5_1,inner,2,SA,0.01,0,Single,Yes_Kink,4079,670336
result_SELECT_10_Heisenberg2D_cylinder_0.5_0.5_1,inner,2,SA,0.01,0,Double,No_MSF,3792,550528
result_SELECT_10_Heisenberg2D_cylinder_0.5_0.5_1,inner,2,SA,0.01,0,Double,No_Top,3792,546048
result_SELECT_10_Heisenberg2D_cylinder_0.5_0.5_1,inner,2,SA,0.01,0,Double,No_Kink,3796,629249
result_SELECT_10_Heisenberg2D_cylinder_0.5_0.5_1,inner,2,SA,0.01,0,Double,Yes_Kink,3797,627388
result_SELECT_10_Heisenberg2D_cylinder_0.5_0.5_1,inner,2,SA,0.01,0,Proj,No_MSF,3333,484432
result_SELECT_10_Heisenberg2D_cylinder_0.5_0.5_1,inner,2,SA,0.01,0,Proj,No_Top,3333,479952
result_SELECT_10_Heisenberg2D_cylinder_0.5_0.5_1,inner,2,SA,0.01,0,Proj,No_Kink,3341,1567755
result_SELECT_10_Heisenberg2D_cylinder_0.5_0.5_1,inner,2,SA,0.01,0,Proj,Yes_Kink,3341,1548711
result_SELECT_10_Heisenberg2D_cylinder_0.5_0.5_6,outer,1,SA,0.001,10,Single,No_MSF,211,344064
result_SELECT_10_Heisenberg2D_cylinder_0.5_0.5_6,outer,1,SA,0.001,10,Single,No_Top,483,694816
result_SELECT_10_Heisenberg2D_cylinder_0.5_0.5_6,outer,1,SA,0.001,10,Single,No_Kink,494,1120162
result_SELECT_10_Heisenberg2D_cylinder_0.5_0.5_6,outer,1,SA,0.001,10,Double,No_MSF,177,299456
result_SELECT_10_Heisenberg2D_cylinder_0.5_0.5_6,outer,1,SA,0.001,10,Double,No_Top,473,681696
result_SELECT_10_Heisenberg2D_cylinder_0.5_0.5_6,outer,1,SA,0.001,10,Double,No_Kink,468,1141274
result_SELECT_10_Heisenberg2D_cylinder_0.5_0.5_6,outer,1,SA,0.001,10,Double,Yes_Kink,470,1138313
result_SELECT_10_Heisenberg2D_cylinder_0.5_0.5_6,outer,1,SA,0.001,10,Proj,No_MSF,108,208928
result_SELECT_10_Heisenberg2D_cylinder_0.5_0.5_6,outer,1,SA,0.001,10,Proj,No_Top,451,652832
result_SELECT_10_Heisenberg2D_cylinder_0.5_0.5_6,outer,1,SA,0.001,10,Proj,No_Kink,462,2000028
result_SELECT_10_Heisenberg2D_cylinder_0.5_0.5_6,outer,1,SA,0.001,10,Proj,Yes_Kink,462,1974946
result_SELECT_10_Heisenberg2D_cylinder_0.5_0.5_3,inner,1,SA,0.1,0,Single,No_MSF,1069,295440
result_SELECT_10_Heisenberg2D_cylinder_0.5_0.5_3,inner,1,SA,0.1,0,Single,No_Top,1069,290768
result_SELECT_10_Heisenberg2D_cylinder_0.5_0.5_3,inner,1,SA,0.1,0,Single,No_Kink,1071,347306
result_SELECT_10_Heisenberg2D_cylinder_0.5_0.5_3,inner,1,SA,0.1,0,Double,No_MSF,987,273136
result_SELECT_10_Heisenberg2D_cylinder_0.5_0.5_3,inner,1,SA,0.1,0,Double,No_Top,987,268464
result_SELECT_10_Heisenberg2D_cylinder_0.5_0.5_3,inner,1,SA,0.1,0,Double,No_Kink,989,340727
result_SELECT_10_Heisenberg2D_cylinder_0.5_0.5_3,inner,1,SA,0.1,0,Double,Yes_Kink,994,343943
result_SELECT_10_Heisenberg2D_cylinder_0.5_0.5_3,inner,1,SA,0.1,0,Proj,No_MSF,837,232336
result_SELECT_10_Heisenberg2D_cylinder_0.5_0.5_3,inner,1,SA,0.1,0,Proj,No_Top,837,227664
result_SELECT_10_Heisenberg2D_cylinder_0.5_0.5_3,inner,1,SA,0.1,0,Proj,No_Kink,855,861934
result_SELECT_10_Heisenberg2D_cylinder_0.5_0.5_3,inner,1,SA,0.1,0,Proj,Yes_Kink,855,847345
result_SELECT_10_Heisenberg2D_cylinder_0.5_0.5_4,outer,1,random,0.0,0,Single,No_MSF,571,251568
result_SELECT_10_Heisenberg2D_cylinder_0.5_0.5_4,outer,1,random,0.0,0,Single,No_Top,571,246672
result_SELECT_10_Heisenberg2D_cylinder_0.5_0.5_4,outer,1,random,0.0,0,Single,No_Kink,912,765902
result_SELECT_10_Heisenberg2D_cylinder_0.5_0.5_4,outer,1,random,0.0,0,Double,No_MSF,522,230400
result_SELECT_10_Heisenberg2D_cylinder_0.5_0.5_4,outer,1,random,0.0,0,Double,No_Top,522,225504
result_SELECT_10_Heisenberg2D_cylinder_0.5_0.5_4,outer,1,random,0.0,0,Double,No_Kink,607,642086
result_SELECT_10_Heisenberg2D_cylinder_0.5_0.5_4,outer,1,random,0.0,0,Double,Yes_Kink,606,646706
result_SELECT_10_Heisenberg2D_cylinder_0.5_0.5_4,outer,1,random,0.0,0,Proj,No_MSF,420,186336
result_SELECT_10_Heisenberg2D_cylinder_0.5_0.5_4,outer,1,random,0.0,0,Proj,No_Top,420,181440
result_SELECT_10_Heisenberg2D_cylinder_0.5_0.5_4,outer,1,random,0.0,0,Proj,No_Kink,504,795899
result_SELECT_10_Heisenberg2D_cylinder_0.5_0.5_4,outer,1,random,0.0,0,Proj,Yes_Kink,514,797875
result_SELECT_100_Schwinger_OBC_0_0_6,inner,1,random,0.0,2,Single,No_MSF,730,1212896
result_SELECT_100_Schwinger_OBC_0_0_6,inner,1,random,0.0,2,Single,No_Top,732,1193280
result_SELECT_100_Schwinger_OBC_0_0_6,inner,1,random,0.0,2,Single,No_Kink,2467,6930891
result_SELECT_100_Schwinger_OBC_0_0_6,inner,1,random,0.0,2,Double,No_MSF,621,1041984
result_SELECT_100_Schwinger_OBC_0_0_6,inner,1,random,0.0,2,Double,No_Top,623,1022368
result_SELECT_100_Schwinger_OBC_0_0_6,inner,1,random,0.0,2,Double,No_Kink,1311,5177888
result_SELECT_100_Schwinger_OBC_0_0_6,inner,1,random,0.0,2,Double,Yes_Kink,1321,5205688
result_SELECT_100_Schwinger_OBC_0_0_6,inner,1,random,0.0,2,Proj,No_MSF,488,833440
result_SELECT_100_Schwinger_OBC_0_0_6,inner,1,random,0.0,2,Proj,No_Top,488,810688
result_SELECT_100_Schwinger_OBC_0_0_6,inner,1,random,0.0,2,Proj,No_Kink,972,5365709
result_SELECT_100_Schwinger_OBC_0_0_6,inner,1,random,0.0,2,Proj,Yes_Kink,990,5393826
result_SELECT_10_Heisenberg2D_cylinder_0.5_0.5_2,outer,2,random,0.0,0,Single,No_MSF,2072,394080
result_SELECT_10_Heisenberg2D_cylinder_0.5_0.5_2,outer,2,random,0.0,0,Single,No_Top,2072,389536
result_SELECT_10_Heisenberg2D_cylinder_0.5_0.5_2,outer,2,random,0.0,0,Single,No_Kink,2072,532035
result_SELECT_10_Heisenberg2D_cylinder_0.5_0.5_2,outer,2,random,0.0,0,Single,Yes_Kink,2073,541320
result_SELECT_10_Heisenberg2D_cylinder_0.5_0.5_2,outer,2,random,0.0,0,Double,No_MSF,1921,365692
result_SELECT_10_Heisenberg2D_cylinder_0.5_0.5_2,outer,2,random,0.0,0,Double,No_Top,1921,361148
result_SELECT_10_Heisenberg2D_cylinder_0.5_0.5_2,outer,2,random,0.0,0,Double,No_Kink,1921,516543
result_SELECT_10_Heisenberg2D_cylinder_0.5_0.5_2,outer,2,random,0.0,0,Double,Yes_Kink,1994,526685
result_SELECT_10_Heisenberg2D_cylinder_0.5_0.5_2,outer,2,random,0.0,0,Proj,No_MSF,1668,318128
result_SELECT_10_Heisenberg2D_cylinder_0.5_0.5_2,outer,2,random,0.0,0,Proj,No_Top,1668,313584
result_SELECT_10_Heisenberg2D_cylinder_0.5_0.5_2,outer,2,random,0.0,0,Proj,No_Kink,1678,1263276
result_SELECT_10_Heisenberg2D_cylinder_0.5_0.5_2,outer,2,random,0.0,0,Proj,Yes_Kink,1678,1233200
result_trotter_10_Heisenberg2D_cylinder_0.5_0.5_det,inner,2,random,0.0,0,Single,No_MSF,756,101100
result_trotter_10_Heisenberg2D_cylinder_0.5_0.5_det,inner,2,random,0.0,0,Single,No_Top,784,78400
result_trotter_10_Heisenberg2D_cylinder_0.5_0.5_det,inner,2,random,0.0,0,Single,No_Kink,844,237280
result_trotter_10_Heisenberg2D_cylinder_0.5_0.5_det,inner,2,random,0.0,0,Single,Yes_Kink,848,236749
result_trotter_10_Heisenberg2D_cylinder_0.5_0.5_det,inner,2,random,0.0,0,Double,No_MSF,749,100400
result_trotter_10_Heisenberg2D_cylinder_0.5_0.5_det,inner,2,random,0.0,0,Double,No_Top,762,76200
result_trotter_10_Heisenberg2D_cylinder_0.5_0.5_det,inner,2,random,0.0,0,Double,No_Kink,823,274160
result_trotter_10_Heisenberg2D_cylinder_0.5_0.5_det,inner,2,random,0.0,0,Double,Yes_Kink,863,271650
result_trotter_10_Heisenberg2D_cylinder_0.5_0.5_det,inner,2,random,0.0,0,Proj,No_MSF,390,64500
result_trotter_10_Heisenberg2D_cylinder_0.5_0.5_det,inner,2,random,0.0,0,Proj,No_Top,580,58000
result_trotter_10_Heisenberg2D_cylinder_0.5_0.5_det,inner,2,random,0.0,0,Proj,No_Kink,807,394337
result_trotter_10_Heisenberg2D_cylinder_0.5_0.5_det,inner,2,random,0.0,0,Proj,Yes_Kink,824,391990
result_SELECT_10_Heisenberg2D_cylinder_0.5_0.5_4,inner,1,SA,1.0,2,Single,No_MSF,571,261360
result_SELECT_10_Heisenberg2D_cylinder_0.5_0.5_4,inner,1,SA,1.0,2,Single,No_Top,571,256464
result_SELECT_10_Heisenberg2D_cylinder_0.5_0.5_4,inner,1,SA,1.0,2,Single,No_Kink,574,332962
result_SELECT_10_Heisenberg2D_cylinder_0.5_0.5_4,inner,1,SA,1.0,2,Double,No_MSF,522,240192
result_SELECT_10_Heisenberg2D_cylinder_0.5_0.5_4,inner,1,SA,1.0,2,Double,No_Top,522,235296
result_SELECT_10_Heisenberg2D_cylinder_0.5_0.5_4,inner,1,SA,1.0,2,Double,No_Kink,527,328143
result_SELECT_10_Heisenberg2D_cylinder_0.5_0.5_4,inner,1,SA,1.0,2,Double,Yes_Kink,534,333849
result_SELECT_10_Heisenberg2D_cylinder_0.5_0.5_4,inner,1,SA,1.0,2,Proj,No_MSF,420,196128
result_SELECT_10_Heisenberg2D_cylinder_0.5_0.5_4,inner,1,SA,1.0,2,Proj,No_Top,420,191232
result_SELECT_10_Heisenberg2D_cylinder_0.5_0.5_4,inner,1,SA,1.0,2,Proj,No_Kink,446,701664
result_SELECT_10_Heisenberg2D_cylinder_0.5_0.5_4,inner,1,SA,1.0,2,Proj,Yes_Kink,459,692851
result_SELECT_10_Heisenberg2D_cylinder_0.5_0.5_0,outer,2,random,0.0,0,Single,No_MSF,8099,992534
result_SELECT_10_Heisenberg2D_cylinder_0.5_0.5_0,outer,2,random,0.0,0,Single,No_Top,8099,988078
result_SELECT_10_Heisenberg2D_cylinder_0.5_0.5_0,outer,2,random,0.0,0,Single,No_Kink,8099,1096954
result_SELECT_10_Heisenberg2D_cylinder_0.5_0.5_0,outer,2,random,0.0,0,Single,Yes_Kink,8099,1108736
result_SELECT_10_Heisenberg2D_cylinder_0.5_0.5_0,outer,2,random,0.0,0,Double,No_MSF,7536,923848
result_SELECT_10_Heisenberg2D_cylinder_0.5_0.5_0,outer,2,random,0.0,0,Double,No_Top,7536,919392
result_SELECT_10_Heisenberg2D_cylinder_0.5_0.5_0,outer,2,random,0.0,0,Double,No_Kink,7536,1040441
result_SELECT_10_Heisenberg2D_cylinder_0.5_0.5_0,outer,2,random,0.0,0,Double,Yes_Kink,7536,1038590
result_SELECT_10_Heisenberg2D_cylinder_0.5_0.5_0,outer,2,random,0.0,0,Proj,No_MSF,6660,816976
result_SELECT_10_Heisenberg2D_cylinder_0.5_0.5_0,outer,2,random,0.0,0,Proj,No_Top,6660,812520
result_SELECT_10_Heisenberg2D_cylinder_0.5_0.5_0,outer,2,random,0.0,0,Proj,No_Kink,6661,2664150
result_SELECT_10_Heisenberg2D_cylinder_0.5_0.5_0,outer,2,random,0.0,0,Proj,Yes_Kink,6660,2603094
result_SELECT_100_random_local_OBC_0_0_6,outer,2,SA,0.001,2,Single,No_MSF,247,306944
result_SELECT_100_random_local_OBC_0_0_6,outer,2,SA,0.001,2,Single,No_Top,247,302112
result_SELECT_100_random_local_OBC_0_0_6,outer,2,SA,0.001,2,Single,No_Kink,331,638232
result_SELECT_100_random_local_OBC_0_0_6,outer,2,SA,0.001,2,Single,Yes_Kink,349,676091
result_SELECT_100_random_local_OBC_0_0_6,outer,2,SA,0.001,2,Double,No_MSF,192,241824
result_SELECT_100_random_local_OBC_0_0_6,outer,2,SA,0.001,2,Double,No_Top,193,238176
result_SELECT_100_random_local_OBC_0_0_6,outer,2,SA,0.001,2,Double,No_Kink,287,614195
result_SELECT_100_random_local_OBC_0_0_6,outer,2,SA,0.001,2,Double,Yes_Kink,299,631131
result_SELECT_100_random_local_OBC_0_0_6,outer,2,SA,0.001,2,Proj,No_MSF,128,166048
result_SELECT_100_random_local_OBC_0_0_6,outer,2,SA,0.001,2,Proj,No_Top,128,161216
result_SELECT_100_random_local_OBC_0_0_6,outer,2,SA,0.001,2,Proj,No_Kink,267,1200093
result_SELECT_100_random_local_OBC_0_0_6,outer,2,SA,0.001,2,Proj,Yes_Kink,274,1212739
result_SELECT_10_Heisenberg2D_cylinder_0.5_0.5_3,outer,2,random,0.0,2,Single,No_MSF,1069,304784
result_SELECT_10_Heisenberg2D_cylinder_0.5_0.5_3,outer,2,random,0.0,2,Single,No_Top,1069,300112
result_SELECT_10_Heisenberg2D_cylinder_0.5_0.5_3,outer,2,random,0.0,2,Single,No_Kink,1072,482307
result_SELECT_10_Heisenberg2D_cylinder_0.5_0.5_3,outer,2,random,0.0,2,Single,Yes_Kink,1074,489359
result_SELECT_10_Heisenberg2D_cylinder_0.5_0.5_3,outer,2,random,0.0,2,Double,No_MSF,987,282480
result_SELECT_10_Heisenberg2D_cylinder_0.5_0.5_3,outer,2,random,0.0,2,Double,No_Top,987,277808
result_SELECT_10_Heisenberg2D_cylinder_0.5_0.5_3,outer,2,random,0.0,2,Double,No_Kink,989,470082
result_SELECT_10_Heisenberg2D_cylinder_0.5_0.5_3,outer,2,random,0.0,2,Double,Yes_Kink,1023,475114
result_SELECT_10_Heisenberg2D_cylinder_0.5_0.5_3,outer,2,random,0.0,2,Proj,No_MSF,837,241680
result_SELECT_10_Heisenberg2D_cylinder_0.5_0.5_3,outer,2,random,0.0,2,Proj,No_Top,837,237008
result_SELECT_10_Heisenberg2D_cylinder_0.5_0.5_3,outer,2,random,0.0,2,Proj,No_Kink,853,963524
result_SELECT_10_Heisenberg2D_cylinder_0.5_0.5_3,outer,2,random,0.0,2,Proj,Yes_Kink,854,948413
result_SELECT_10_FermiHubbard2D_cylinder_0_0_6,outer,1,SA,0.1,2,Single,No_MSF,489,708804
result_SELECT_10_FermiHubbard2D_cylinder_0_0_6,outer,1,SA,0.1,2,Single,No_Top,489,702692
result_SELECT_10_FermiHubbard2D_cylinder_0_0_6,outer,1,SA,0.1,2,Single,No_Kink,557,1188522
result_SELECT_10_FermiHubbard2D_cylinder_0_0_6,outer,1,SA,0.1,2,Double,No_MSF,473,686212
result_SELECT_10_FermiHubbard2D_cylinder_0_0_6,outer,1,SA,0.1,2,Double,No_Top,473,680100
result_SELECT_10_FermiHubbard2D_cylinder_0_0_6,outer,1,SA,0.1,2,Double,No_Kink,500,1123013
result_SELECT_10_FermiHubbard2D_cylinder_0_0_6,outer,1,SA,0.1,2,Double,Yes_Kink,522,1161599
result_SELECT_10_FermiHubbard2D_cylinder_0_0_6,outer,1,SA,0.1,2,Proj,No_MSF,407,593020
result_SELECT_10_FermiHubbard2D_cylinder_0_0_6,outer,1,SA,0.1,2,Proj,No_Top,407,586908
result_SELECT_10_FermiHubbard2D_cylinder_0_0_6,outer,1,SA,0.1,2,Proj,No_Kink,481,2379638
result_SELECT_10_FermiHubbard2D_cylinder_0_0_6,outer,1,SA,0.1,2,Proj,Yes_Kink,489,2392187
result_SELECT_10_Heisenberg2D_cylinder_0.5_0.5_2,outer,2,SA,0.01,0,Single,No_MSF,2072,394080
result_SELECT_10_Heisenberg2D_cylinder_0.5_0.5_2,outer,2,SA,0.01,0,Single,No_Top,2072,389536
result_SELECT_10_Heisenberg2D_cylinder_0.5_0.5_2,outer,2,SA,0.01,0,Single,No_Kink,2072,460872
result_SELECT_10_Heisenberg2D_cylinder_0.5_0.5_2,outer,2,SA,0.01,0,Single,Yes_Kink,2074,474925
result_SELECT_10_Heisenberg2D_cylinder_0.5_0.5_2,outer,2,SA,0.01,0,Double,No_MSF,1921,365692
result_SELECT_10_Heisenberg2D_cylinder_0.5_0.5_2,outer,2,SA,0.01,0,Double,No_Top,1921,361148
result_SELECT_10_Heisenberg2D_cylinder_0.5_0.5_2,outer,2,SA,0.01,0,Double,No_Kink,1921,447495
result_SELECT_10_Heisenberg2D_cylinder_0.5_0.5_2,outer,2,SA,0.01,0,Double,Yes_Kink,1992,456956
result_SELECT_10_Heisenberg2D_cylinder_0.5_0.5_2,outer,2,SA,0.01,0,Proj,No_MSF,1668,318128
result_SELECT_10_Heisenberg2D_cylinder_0.5_0.5_2,outer,2,SA,0.01,0,Proj,No_Top,1668,313584
result_SELECT_10_Heisenberg2D_cylinder_0.5_0.5_2,outer,2,SA,0.01,0,Proj,No_Kink,1675,1234466
result_SELECT_10_Heisenberg2D_cylinder_0.5_0.5_2,outer,2,SA,0.01,0,Proj,Yes_Kink,1679,1197044
result_SELECT_10_Heisenberg2D_cylinder_0.5_0.5_3,outer,2,naive,0.0,2,Single,No_MSF,1069,304784
result_SELECT_10_Heisenberg2D_cylinder_0.5_0.5_3,outer,2,naive,0.0,2,Single,No_Top,1069,300112
result_SELECT_10_Heisenberg2D_cylinder_0.5_0.5_3,outer,2,naive,0.0,2,Single,No_Kink,1188,492136
result_SELECT_10_Heisenberg2D_cylinder_0.5_0.5_3,outer,2,naive,0.0,2,Single,Yes_Kink,1180,504895
result_SELECT_10_Heisenberg2D_cylinder_0.5_0.5_3,outer,2,naive,0.0,2,Double,No_MSF,987,282480
result_SELECT_10_Heisenberg2D_cylinder_0.5_0.5_3,outer,2,naive,0.0,2,Double,No_Top,987,277808
result_SELECT_10_Heisenberg2D_cylinder_0.5_0.5_3,outer,2,naive,0.0,2,Double,No_Kink,1070,470774
result_SELECT_10_Heisenberg2D_cylinder_0.5_0.5_3,outer,2,naive,0.0,2,Double,Yes_Kink,1083,474531
result_SELECT_10_Heisenberg2D_cylinder_0.5_0.5_3,outer,2,naive,0.0,2,Proj,No_MSF,837,241680
result_SELECT_10_Heisenberg2D_cylinder_0.5_0.5_3,outer,2,naive,0.0,2,Proj,No_Top,837,237008
result_SELECT_10_Heisenberg2D_cylinder_0.5_0.5_3,outer,2,naive,0.0,2,Proj,No_Kink,923,1068553
result_SELECT_10_Heisenberg2D_cylinder_0.5_0.5_3,outer,2,naive,0.0,2,Proj,Yes_Kink,934,1059525
result_SELECT_10_Heisenberg2D_cylinder_0.5_0.5_6,inner,2,SA,0.01,6,Single,No_MSF,211,319616
result_SELECT_10_Heisenberg2D_cylinder_0.5_0.5_6,inner,2,SA,0.01,6,Single,No_Top,331,470944
result_SELECT_10_Heisenberg2D_cylinder_0.5_0.5_6,inner,2,SA,0.01,6,Single,No_Kink,332,718864
result_SELECT_10_Heisenberg2D_cylinder_0.5_0.5_6,inner,2,SA,0.01,6,Single,Yes_Kink,332,722599
result_SELECT_10_Heisenberg2D_cylinder_0.5_0.5_6,inner,2,SA,0.01,6,Double,No_MSF,177,275008
result_SELECT_10_Heisenberg2D_cylinder_0.5_0.5_6,inner,2,SA,0.01,6,Double,No_Top,314,448640
result_SELECT_10_Heisenberg2D_cylinder_0.5_0.5_6,inner,2,SA,0.01,6,Double,No_Kink,316,704450
result_SELECT_10_Heisenberg2D_cylinder_0.5_0.5_6,inner,2,SA,0.01,6,Double,Yes_Kink,321,713527
result_SELECT_10_Heisenberg2D_cylinder_0.5_0.5_6,inner,2,SA,0.01,6,Proj,No_MSF,108,184480
result_SELECT_10_Heisenberg2D_cylinder_0.5_0.5_6,inner,2,SA,0.01,6,Proj,No_Top,287,413216
result_SELECT_10_Heisenberg2D_cylinder_0.5_0.5_6,inner,2,SA,0.01,6,Proj,No_Kink,378,1494480
result_SELECT_10_Heisenberg2D_cylinder_0.5_0.5_6,inner,2,SA,0.01,6,Proj,Yes_Kink,385,1451076
result_SELECT_10_Heisenberg2D_cylinder_0.5_0.5_3,outer,1,SA,0.01,2,Single,No_MSF,1069,304784
result_SELECT_10_Heisenberg2D_cylinder_0.5_0.5_3,outer,1,SA,0.01,2,Single,No_Top,1069,300112
result_SELECT_10_Heisenberg2D_cylinder_0.5_0.5_3,outer,1,SA,0.01,2,Single,No_Kink,1070,391844
result_SELECT_10_Heisenberg2D_cylinder_0.5_0.5_3,outer,1,SA,0.01,2,Double,No_MSF,987,282480
result_SELECT_10_Heisenberg2D_cylinder_0.5_0.5_3,outer,1,SA,0.01,2,Double,No_Top,987,277808
result_SELECT_10_Heisenberg2D_cylinder_0.5_0.5_3,outer,1,SA,0.01,2,Double,No_Kink,990,380260
result_SELECT_10_Heisenberg2D_cylinder_0.5_0.5_3,outer,1,SA,0.01,2,Double,Yes_Kink,994,379902
result_SELECT_10_Heisenberg2D_cylinder_0.5_0.5_3,outer,1,SA,0.01,2,Proj,No_MSF,837,241680
result_SELECT_10_Heisenberg2D_cylinder_0.5_0.5_3,outer,1,SA,0.01,2,Proj,No_Top,837,237008
result_SELECT_10_Heisenberg2D_cylinder_0.5_0.5_3,outer,1,SA,0.01,2,Proj,No_Kink,855,904449
result_SELECT_10_Heisenberg2D_cylinder_0.5_0.5_3,outer,1,SA,0.01,2,Proj,Yes_Kink,855,885386
result_trotter_10_Heisenberg2D_cylinder_0.5_0.5_rand,outer,1,SA,0.01,2,Single,No_MSF,744,150900
result_trotter_10_Heisenberg2D_cylinder_0.5_0.5_rand,outer,1,SA,0.01,2,Single,No_Top,1782,229200
result_trotter_10_Heisenberg2D_cylinder_0.5_0.5_rand,outer,1,SA,0.01,2,Single,No_Kink,1817,480762
result_trotter_10_Heisenberg2D_cylinder_0.5_0.5_rand,outer,1,SA,0.01,2,Double,No_MSF,721,148600
result_trotter_10_Heisenberg2D_cylinder_0.5_0.5_rand,outer,1,SA,0.01,2,Double,No_Top,1777,228700
result_trotter_10_Heisenberg2D_cylinder_0.5_0.5_rand,outer,1,SA,0.01,2,Double,No_Kink,1778,507872
result_trotter_10_Heisenberg2D_cylinder_0.5_0.5_rand,outer,1,SA,0.01,2,Double,Yes_Kink,1801,540672
result_trotter_10_Heisenberg2D_cylinder_0.5_0.5_rand,outer,1,SA,0.01,2,Proj,No_MSF,390,115500
result_trotter_10_Heisenberg2D_cylinder_0.5_0.5_rand,outer,1,SA,0.01,2,Proj,No_Top,1740,225000
result_trotter_10_Heisenberg2D_cylinder_0.5_0.5_rand,outer,1,SA,0.01,2,Proj,No_Kink,1849,754914
result_trotter_10_Heisenberg2D_cylinder_0.5_0.5_rand,outer,1,SA,0.01,2,Proj,Yes_Kink,1856,725890
result_SELECT_10_Heisenberg2D_cylinder_0.5_0.5_3,inner,2,naive,0.0,0,Single,No_MSF,1069,295440
result_SELECT_10_Heisenberg2D_cylinder_0.5_0.5_3,inner,2,naive,0.0,0,Single,No_Top,1069,290768
result_SELECT_10_Heisenberg2D_cylinder_0.5_0.5_3,inner,2,naive,0.0,0,Single,No_Kink,1181,478652
result_SELECT_10_Heisenberg2D_cylinder_0.5_0.5_3,inner,2,naive,0.0,0,Single,Yes_Kink,1172,490349
result_SELECT_10_Heisenberg2D_cylinder_0.5_0.5_3,inner,2,naive,0.0,0,Double,No_MSF,987,273136
result_SELECT_10_Heisenberg2D_cylinder_0.5_0.5_3,inner,2,naive,0.0,0,Double,No_Top,987,268464
result_SELECT_10_Heisenberg2D_cylinder_0.5_0.5_3,inner,2,naive,0.0,0,Double,No_Kink,1076,460337
result_SELECT_10_Heisenberg2D_cylinder_0.5_0.5_3,inner,2,naive,0.0,0,Double,Yes_Kink,1086,462341
result_SELECT_10_Heisenberg2D_cylinder_0.5_0.5_3,inner,2,naive,0.0,0,Proj,No_MSF,837,232336
result_SELECT_10_Heisenberg2D_cylinder_0.5_0.5_3,inner,2,naive,0.0,0,Proj,No_Top,837,227664
result_SELECT_10_Heisenberg2D_cylinder_0.5_0.5_3,inner,2,naive,0.0,0,Proj,No_Kink,924,1057176
result_SELECT_10_Heisenberg2D_cylinder_0.5_0.5_3,inner,2,naive,0.0,0,Proj,Yes_Kink,936,1053612
result_trotter_10_Heisenberg2D_cylinder_0.5_0.5_rand,inner,1,SA,0.01,2,Single,No_MSF,744,150900
result_trotter_10_Heisenberg2D_cylinder_0.5_0.5_rand,inner,1,SA,0.01,2,Single,No_Top,1782,229200
result_trotter_10_Heisenberg2D_cylinder_0.5_0.5_rand,inner,1,SA,0.01,2,Single,No_Kink,1867,500964
result_trotter_10_Heisenberg2D_cylinder_0.5_0.5_rand,inner,1,SA,0.01,2,Double,No_MSF,721,148600
result_trotter_10_Heisenberg2D_cylinder_0.5_0.5_rand,inner,1,SA,0.01,2,Double,No_Top,1777,228700
result_trotter_10_Heisenberg2D_cylinder_0.5_0.5_rand,inner,1,SA,0.01,2,Double,No_Kink,1806,563498
result_trotter_10_Heisenberg2D_cylinder_0.5_0.5_rand,inner,1,SA,0.01,2,Double,Yes_Kink,1852,576705
result_trotter_10_Heisenberg2D_cylinder_0.5_0.5_rand,inner,1,SA,0.01,2,Proj,No_MSF,390,115500
result_trotter_10_Heisenberg2D_cylinder_0.5_0.5_rand,inner,1,SA,0.01,2,Proj,No_Top,1740,225000
result_trotter_10_Heisenberg2D_cylinder_0.5_0.5_rand,inner,1,SA,0.01,2,Proj,No_Kink,2034,827089
result_trotter_10_Heisenberg2D_cylinder_0.5_0.5_rand,inner,1,SA,0.01,2,Proj,Yes_Kink,2088,799759
result_SELECT_10_Heisenberg2D_cylinder_0.5_0.5_6,inner,2,SA,1.0,8,Single,No_MSF,211,331840
result_SELECT_10_Heisenberg2D_cylinder_0.5_0.5_6,inner,2,SA,1.0,8,Single,No_Top,408,584192
result_SELECT_10_Heisenberg2D_cylinder_0.5_0.5_6,inner,2,SA,1.0,8,Single,No_Kink,408,810274
result_SELECT_10_Heisenberg2D_cylinder_0.5_0.5_6,inner,2,SA,1.0,8,Single,Yes_Kink,408,821559
result_SELECT_10_Heisenberg2D_cylinder_0.5_0.5_6,inner,2,SA,1.0,8,Double,No_MSF,177,287232
result_SELECT_10_Heisenberg2D_cylinder_0.5_0.5_6,inner,2,SA,1.0,8,Double,No_Top,392,563200
result_SELECT_10_Heisenberg2D_cylinder_0.5_0.5_6,inner,2,SA,1.0,8,Double,No_Kink,393,818175
result_SELECT_10_Heisenberg2D_cylinder_0.5_0.5_6,inner,2,SA,1.0,8,Double,Yes_Kink,394,818046
result_SELECT_10_Heisenberg2D_cylinder_0.5_0.5_6,inner,2,SA,1.0,8,Proj,No_MSF,108,196704
result_SELECT_10_Heisenberg2D_cylinder_0.5_0.5_6,inner,2,SA,1.0,8,Proj,No_Top,369,533024
result_SELECT_10_Heisenberg2D_cylinder_0.5_0.5_6,inner,2,SA,1.0,8,Proj,No_Kink,1017,3649893
result_SELECT_10_Heisenberg2D_cylinder_0.5_0.5_6,inner,2,SA,1.0,8,Proj,Yes_Kink,1014,3449401
result_SELECT_10_Heisenberg2D_cylinder_0.5_0.5_1,outer,2,SA,0.1,2,Single,No_MSF,4079,600816
result_SELECT_10_Heisenberg2D_cylinder_0.5_0.5_1,outer,2,SA,0.1,2,Single,No_Top,4080,596480
result_SELECT_10_Heisenberg2D_cylinder_0.5_0.5_1,outer,2,SA,0.1,2,Single,No_Kink,4080,667458
result_SELECT_10_Heisenberg2D_cylinder_0.5_0.5_1,outer,2,SA,0.1,2,Single,Yes_Kink,4080,679225
result_SELECT_10_Heisenberg2D_cylinder_0.5_0.5_1,outer,2,SA,0.1,2,Double,No_MSF,3792,559488
result_SELECT_10_Heisenberg2D_cylinder_0.5_0.5_1,outer,2,SA,0.1,2,Double,No_Top,3793,555152
result_SELECT_10_Heisenberg2D_cylinder_0.5_0.5_1,outer,2,SA,0.1,2,Double,No_Kink,3793,639667
result_SELECT_10_Heisenberg2D_cylinder_0.5_0.5_1,outer,2,SA,0.1,2,Double,Yes_Kink,3794,635834
result_SELECT_10_Heisenberg2D_cylinder_0.5_0.5_1,outer,2,SA,0.1,2,Proj,No_MSF,3333,493392
result_SELECT_10_Heisenberg2D_cylinder_0.5_0.5_1,outer,2,SA,0.1,2,Proj,No_Top,3333,488912
result_SELECT_10_Heisenberg2D_cylinder_0.5_0.5_1,outer,2,SA,0.1,2,Proj,No_Kink,3338,1664733
result_SELECT_10_Heisenberg2D_cylinder_0.5_0.5_1,outer,2,SA,0.1,2,Proj,Yes_Kink,3338,1640605
result_trotter_10_Heisenberg2D_cylinder_0.5_0.5_rand,outer,2,SA,1.0,2,Single,No_MSF,744,150900
result_trotter_10_Heisenberg2D_cylinder_0.5_0.5_rand,outer,2,SA,1.0,2,Single,No_Top,1782,229200
result_trotter_10_Heisenberg2D_cylinder_0.5_0.5_rand,outer,2,SA,1.0,2,Single,No_Kink,1798,451835
result_trotter_10_Heisenberg2D_cylinder_0.5_0.5_rand,outer,2,SA,1.0,2,Single,Yes_Kink,1808,454999
result_trotter_10_Heisenberg2D_cylinder_0.5_0.5_rand,outer,2,SA,1.0,2,Double,No_MSF,721,148600
result_trotter_10_Heisenberg2D_cylinder_0.5_0.5_rand,outer,2,SA,1.0,2,Double,No_Top,1777,228700
result_trotter_10_Heisenberg2D_cylinder_0.5_0.5_rand,outer,2,SA,1.0,2,Double,No_Kink,1778,458837
result_trotter_10_Heisenberg2D_cylinder_0.5_0.5_rand,outer,2,SA,1.0,2,Double,Yes_Kink,1782,486212
result_trotter_10_Heisenberg2D_cylinder_0.5_0.5_rand,outer,2,SA,1.0,2,Proj,No_MSF,390,115500
result_trotter_10_Heisenberg2D_cylinder_0.5_0.5_rand,outer,2,SA,1.0,2,Proj,No_Top,1740,225000
result_trotter_10_Heisenberg2D_cylinder_0.5_0.5_rand,outer,2,SA,1.0,2,Proj,No_Kink,1771,1040768
result_trotter_10_Heisenberg2D_cylinder_0.5_0.5_rand,outer,2,SA,1.0,2,Proj,Yes_Kink,1769,1019558
result_SELECT_10_Heisenberg2D_cylinder_0.5_0.5_5,outer,1,random,0.0,2,Single,No_MSF,327,256704
result_SELECT_10_Heisenberg2D_cylinder_0.5_0.5_5,outer,1,random,0.0,2,Single,No_Top,327,251360
result_SELECT_10_Heisenberg2D_cylinder_0.5_0.5_5,outer,1,random,0.0,2,Single,No_Kink,786,1114520
result_SELECT_10_Heisenberg2D_cylinder_0.5_0.5_5,outer,1,random,0.0,2,Double,No_MSF,290,229472
result_SELECT_10_Heisenberg2D_cylinder_0.5_0.5_5,outer,1,random,0.0,2,Double,No_Top,291,224864
result_SELECT_10_Heisenberg2D_cylinder_0.5_0.5_5,outer,1,random,0.0,2,Double,No_Kink,476,898486
result_SELECT_10_Heisenberg2D_cylinder_0.5_0.5_5,outer,1,random,0.0,2,Double,Yes_Kink,479,907193
result_SELECT_10_Heisenberg2D_cylinder_0.5_0.5_5,outer,1,random,0.0,2,Proj,No_MSF,213,172800
result_SELECT_10_Heisenberg2D_cylinder_0.5_0.5_5,outer,1,random,0.0,2,Proj,No_Top,213,167456
result_SELECT_10_Heisenberg2D_cylinder_0.5_0.5_5,outer,1,random,0.0,2,Proj,No_Kink,355,985879
result_SELECT_10_Heisenberg2D_cylinder_0.5_0.5_5,outer,1,random,0.0,2,Proj,Yes_Kink,364,992768
result_SELECT_10_Heisenberg2D_cylinder_0.5_0.5_3,inner,1,naive,0.0,2,Single,No_MSF,1069,304784
result_SELECT_10_Heisenberg2D_cylinder_0.5_0.5_3,inner,1,naive,0.0,2,Single,No_Top,1069,300112
result_SELECT_10_Heisenberg2D_cylinder_0.5_0.5_3,inner,1,naive,0.0,2,Single,No_Kink,1755,745342
result_SELECT_10_Heisenberg2D_cylinder_0.5_0.5_3,inner,1,naive,0.0,2,Double,No_MSF,987,282480
result_SELECT_10_Heisenberg2D_cylinder_0.5_0.5_3,inner,1,naive,0.0,2,Double,No_Top,987,277808
result_SELECT_10_Heisenberg2D_cylinder_0.5_0.5_3,inner,1,naive,0.0,2,Double,No_Kink,1351,635552
result_SELECT_10_Heisenberg2D_cylinder_0.5_0.5_3,inner,1,naive,0.0,2,Double,Yes_Kink,1374,646098
result_SELECT_10_Heisenberg2D_cylinder_0.5_0.5_3,inner,1,naive,0.0,2,Proj,No_MSF,837,241680
result_SELECT_10_Heisenberg2D_cylinder_0.5_0.5_3,inner,1,naive,0.0,2,Proj,No_Top,837,237008
result_SELECT_10_Heisenberg2D_cylinder_0.5_0.5_3,inner,1,naive,0.0,2,Proj,No_Kink,1053,1122489
result_SELECT_10_Heisenberg2D_cylinder_0.5_0.5_3,inner,1,naive,0.0,2,Proj,Yes_Kink,1083,1132621
result_trotter_10_Heisenberg2D_cylinder_0.5_0.5_det,inner,2,SA,0.001,1,Single,No_MSF,756,126600
result_trotter_10_Heisenberg2D_cylinder_0.5_0.5_det,inner,2,SA,0.001,1,Single,No_Top,1315,157000
result_trotter_10_Heisenberg2D_cylinder_0.5_0.5_det,inner,2,SA,0.001,1,Single,No_Kink,1328,393300
result_trotter_10_Heisenberg2D_cylinder_0.5_0.5_det,inner,2,SA,0.001,1,Single,Yes_Kink,1344,402111
result_trotter_10_Heisenberg2D_cylinder_0.5_0.5_det,inner,2,SA,0.001,1,Double,No_MSF,749,125900
result_trotter_10_Heisenberg2D_cylinder_0.5_0.5_det,inner,2,SA,0.001,1,Double,No_Top,1292,154700
result_trotter_10_Heisenberg2D_cylinder_0.5_0.5_det,inner,2,SA,0.001,1,Double,No_Kink,1293,396548
result_trotter_10_Heisenberg2D_cylinder_0.5_0.5_det,inner,2,SA,0.001,1,Double,Yes_Kink,1302,426090
result_trotter_10_Heisenberg2D_cylinder_0.5_0.5_det,inner,2,SA,0.001,1,Proj,No_MSF,390,90000
result_trotter_10_Heisenberg2D_cylinder_0.5_0.5_det,inner,2,SA,0.001,1,Proj,No_Top,1160,141500
result_trotter_10_Heisenberg2D_cylinder_0.5_0.5_det,inner,2,SA,0.001,1,Proj,No_Kink,1333,715482
result_trotter_10_Heisenberg2D_cylinder_0.5_0.5_det,inner,2,SA,0.001,1,Proj,Yes_Kink,1332,686518
result_SELECT_10_Heisenberg2D_cylinder_0.5_0.5_3,outer,1,SA,0.1,0,Single,No_MSF,1069,295440
result_SELECT_10_Heisenberg2D_cylinder_0.5_0.5_3,outer,1,SA,0.1,0,Single,No_Top,1069,290768
result_SELECT_10_Heisenberg2D_cylinder_0.5_0.5_3,outer,1,SA,0.1,0,Single,No_Kink,1073,372646
result_SELECT_10_Heisenberg2D_cylinder_0.5_0.5_3,outer,1,SA,0.1,0,Double,No_MSF,987,273136
result_SELECT_10_Heisenberg2D_cylinder_0.5_0.5_3,outer,1,SA,0.1,0,Double,No_Top,987,268464
result_SELECT_10_Heisenberg2D_cylinder_0.5_0.5_3,outer,1,SA,0.1,0,Double,No_Kink,992,363539
result_SELECT_10_Heisenberg2D_cylinder_0.5_0.5_3,outer,1,SA,0.1,0,Double,Yes_Kink,993,363011
result_SELECT_10_Heisenberg2D_cylinder_0.5_0.5_3,outer,1,SA,0.1,0,Proj,No_MSF,837,232336
result_SELECT_10_Heisenberg2D_cylinder_0.5_0.5_3,outer,1,SA,0.1,0,Proj,No_Top,837,227664
result_SELECT_10_Heisenberg2D_cylinder_0.5_0.5_3,outer,1,SA,0.1,0,Proj,No_Kink,851,889685
result_SELECT_10_Heisenberg2D_cylinder_0.5_0.5_3,outer,1,SA,0.1,0,Proj,Yes_Kink,853,870263
result_SELECT_10_Heisenberg2D_cylinder_0.5_0.5_6,outer,1,random,0.0,8,Single,No_MSF,211,331840
result_SELECT_10_Heisenberg2D_cylinder_0.5_0.5_6,outer,1,random,0.0,8,Single,No_Top,408,584192
result_SELECT_10_Heisenberg2D_cylinder_0.5_0.5_6,outer,1,random,0.0,8,Single,No_Kink,735,1833266
result_SELECT_10_Heisenberg2D_cylinder_0.5_0.5_6,outer,1,random,0.0,8,Double,No_MSF,177,287232
result_SELECT_10_Heisenberg2D_cylinder_0.5_0.5_6,outer,1,random,0.0,8,Double,No_Top,392,563200
result_SELECT_10_Heisenberg2D_cylinder_0.5_0.5_6,outer,1,random,0.0,8,Double,No_Kink,454,1557203
result_SELECT_10_Heisenberg2D_cylinder_0.5_0.5_6,outer,1,random,0.0,8,Double,Yes_Kink,456,1552221
result_SELECT_10_Heisenberg2D_cylinder_0.5_0.5_6,outer,1,random,0.0,8,Proj,No_MSF,108,196704
result_SELECT_10_Heisenberg2D_cylinder_0.5_0.5_6,outer,1,random,0.0,8,Proj,No_Top,369,533024
result_SELECT_10_Heisenberg2D_cylinder_0.5_0.5_6,outer,1,random,0.0,8,Proj,No_Kink,379,1775238
result_SELECT_10_Heisenberg2D_cylinder_0.5_0.5_6,outer,1,random,0.0,8,Proj,Yes_Kink,381,1764221
result_trotter_10_Heisenberg2D_cylinder_0.5_0.5_det,outer,2,SA,0.001,1,Single,No_MSF,756,126600
result_trotter_10_Heisenberg2D_cylinder_0.5_0.5_det,outer,2,SA,0.001,1,Single,No_Top,1315,157000
result_trotter_10_Heisenberg2D_cylinder_0.5_0.5_det,outer,2,SA,0.001,1,Single,No_Kink,1399,443591
result_trotter_10_Heisenberg2D_cylinder_0.5_0.5_det,outer,2,SA,0.001,1,Single,Yes_Kink,1406,449395
result_trotter_10_Heisenberg2D_cylinder_0.5_0.5_det,outer,2,SA,0.001,1,Double,No_MSF,749,125900
result_trotter_10_Heisenberg2D_cylinder_0.5_0.5_det,outer,2,SA,0.001,1,Double,No_Top,1292,154700
result_trotter_10_Heisenberg2D_cylinder_0.5_0.5_det,outer,2,SA,0.001,1,Double,No_Kink,1308,493752
result_trotter_10_Heisenberg2D_cylinder_0.5_0.5_det,outer,2,SA,0.001,1,Double,Yes_Kink,1345,498947
result_trotter_10_Heisenberg2D_cylinder_0.5_0.5_det,outer,2,SA,0.001,1,Proj,No_MSF,390,90000
result_trotter_10_Heisenberg2D_cylinder_0.5_0.5_det,outer,2,SA,0.001,1,Proj,No_Top,1160,141500
result_trotter_10_Heisenberg2D_cylinder_0.5_0.5_det,outer,2,SA,0.001,1,Proj,No_Kink,1281,705985
result_trotter_10_Heisenberg2D_cylinder_0.5_0.5_det,outer,2,SA,0.001,1,Proj,Yes_Kink,1294,698392
result_SELECT_100_Schwinger_OBC_0_0_6,outer,2,SA,0.1,2,Single,No_MSF,730,1212896
result_SELECT_100_Schwinger_OBC_0_0_6,outer,2,SA,0.1,2,Single,No_Top,732,1193280
result_SELECT_100_Schwinger_OBC_0_0_6,outer,2,SA,0.1,2,Single,No_Kink,824,2284183
result_SELECT_100_Schwinger_OBC_0_0_6,outer,2,SA,0.1,2,Single,Yes_Kink,861,2396451
result_SELECT_100_Schwinger_OBC_0_0_6,outer,2,SA,0.1,2,Double,No_MSF,621,1041984
result_SELECT_100_Schwinger_OBC_0_0_6,outer,2,SA,0.1,2,Double,No_Top,623,1022368
result_SELECT_100_Schwinger_OBC_0_0_6,outer,2,SA,0.1,2,Double,No_Kink,712,2217213
result_SELECT_100_Schwinger_OBC_0_0_6,outer,2,SA,0.1,2,Double,Yes_Kink,744,2283763
result_SELECT_100_Schwinger_OBC_0_0_6,outer,2,SA,0.1,2,Proj,No_MSF,488,833440
result_SELECT_100_Schwinger_OBC_0_0_6,outer,2,SA,0.1,2,Proj,No_Top,488,810688
result_SELECT_100_Schwinger_OBC_0_0_6,outer,2,SA,0.1,2,Proj,No_Kink,762,4410301
result_SELECT_100_Schwinger_OBC_0_0_6,outer,2,SA,0.1,2,Proj,Yes_Kink,789,4492055
result_SELECT_10_Heisenberg2D_cylinder_0.5_0.5_4,inner,2,naive,0.0,2,Single,No_MSF,571,261360
result_SELECT_10_Heisenberg2D_cylinder_0.5_0.5_4,inner,2,naive,0.0,2,Single,No_Top,571,256464
result_SELECT_10_Heisenberg2D_cylinder_0.5_0.5_4,inner,2,naive,0.0,2,Single,No_Kink,903,643612
result_SELECT_10_Heisenberg2D_cylinder_0.5_0.5_4,inner,2,naive,0.0,2,Single,Yes_Kink,890,652427
result_SELECT_10_Heisenberg2D_cylinder_0.5_0.5_4,inner,2,naive,0.0,2,Double,No_MSF,522,240192
result_SELECT_10_Heisenberg2D_cylinder_0.5_0.5_4,inner,2,naive,0.0,2,Double,No_Top,522,235296
result_SELECT_10_Heisenberg2D_cylinder_0.5_0.5_4,inner,2,naive,0.0,2,Double,No_Kink,804,611354
result_SELECT_10_Heisenberg2D_cylinder_0.5_0.5_4,inner,2,naive,0.0,2,Double,Yes_Kink,813,621512
result_SELECT_10_Heisenberg2D_cylinder_0.5_0.5_4,inner,2,naive,0.0,2,Proj,No_MSF,420,196128
result_SELECT_10_Heisenberg2D_cylinder_0.5_0.5_4,inner,2,naive,0.0,2,Proj,No_Top,420,191232
result_SELECT_10_Heisenberg2D_cylinder_0.5_0.5_4,inner,2,naive,0.0,2,Proj,No_Kink,668,1162806
result_SELECT_10_Heisenberg2D_cylinder_0.5_0.5_4,inner,2,naive,0.0,2,Proj,Yes_Kink,690,1178222
result_SELECT_10_Z2LatticeGauge2D_PBC_0_0_6,inner,1,naive,0.0,2,Single,No_MSF,113,138212
result_SELECT_10_Z2LatticeGauge2D_PBC_0_0_6,inner,1,naive,0.0,2,Single,No_Top,119,142620
result_SELECT_10_Z2LatticeGauge2D_PBC_0_0_6,inner,1,naive,0.0,2,Single,No_Kink,361,664160
result_SELECT_10_Z2LatticeGauge2D_PBC_0_0_6,inner,1,naive,0.0,2,Double,No_MSF,91,112780
result_SELECT_10_Z2LatticeGauge2D_PBC_0_0_6,inner,1,naive,0.0,2,Double,No_Top,98,118344
result_SELECT_10_Z2LatticeGauge2D_PBC_0_0_6,inner,1,naive,0.0,2,Double,No_Kink,254,558979
result_SELECT_10_Z2LatticeGauge2D_PBC_0_0_6,inner,1,naive,0.0,2,Double,Yes_Kink,252,557798
result_SELECT_10_Z2LatticeGauge2D_PBC_0_0_6,inner,1,naive,0.0,2,Proj,No_MSF,43,57292
result_SELECT_10_Z2LatticeGauge2D_PBC_0_0_6,inner,1,naive,0.0,2,Proj,No_Top,57,70948
result_SELECT_10_Z2LatticeGauge2D_PBC_0_0_6,inner,1,naive,0.0,2,Proj,No_Kink,282,1086215
result_SELECT_10_Z2LatticeGauge2D_PBC_0_0_6,inner,1,naive,0.0,2,Proj,Yes_Kink,290,1101487
result_trotter_10_Heisenberg2D_cylinder_0.5_0.5_rand,inner,2,naive,0.0,0,Single,No_MSF,744,99900
result_trotter_10_Heisenberg2D_cylinder_0.5_0.5_rand,inner,2,naive,0.0,0,Single,No_Top,749,74900
result_trotter_10_Heisenberg2D_cylinder_0.5_0.5_rand,inner,2,naive,0.0,0,Single,No_Kink,895,267612
result_trotter_10_Heisenberg2D_cylinder_0.5_0.5_rand,inner,2,naive,0.0,0,Single,Yes_Kink,910,270812
result_trotter_10_Heisenberg2D_cylinder_0.5_0.5_rand,inner,2,naive,0.0,0,Double,No_MSF,721,97600
result_trotter_10_Heisenberg2D_cylinder_0.5_0.5_rand,inner,2,naive,0.0,0,Double,No_Top,721,72100
result_trotter_10_Heisenberg2D_cylinder_0.5_0.5_rand,inner,2,naive,0.0,0,Double,No_Kink,886,311096
result_trotter_10_Heisenberg2D_cylinder_0.5_0.5_rand,inner,2,naive,0.0,0,Double,Yes_Kink,1044,351425
result_trotter_10_Heisenberg2D_cylinder_0.5_0.5_rand,inner,2,naive,0.0,0,Proj,No_MSF,390,64500
result_trotter_10_Heisenberg2D_cylinder_0.5_0.5_rand,inner,2,naive,0.0,0,Proj,No_Top,580,58000
result_trotter_10_Heisenberg2D_cylinder_0.5_0.5_rand,inner,2,naive,0.0,0,Proj,No_Kink,935,529930
result_trotter_10_Heisenberg2D_cylinder_0.5_0.5_rand,inner,2,naive,0.0,0,Proj,Yes_Kink,983,536508
result_SELECT_100_random_local_OBC_0_0_6,outer,1,SA,1.0,2,Single,No_MSF,247,306944
result_SELECT_100_random_local_OBC_0_0_6,outer,1,SA,1.0,2,Single,No_Top,247,302112
result_SELECT_100_random_local_OBC_0_0_6,outer,1,SA,1.0,2,Single,No_Kink,595,1017790
result_SELECT_100_random_local_OBC_0_0_6,outer,1,SA,1.0,2,Double,No_MSF,192,241824
result_SELECT_100_random_local_OBC_0_0_6,outer,1,SA,1.0,2,Double,No_Top,193,238176
result_SELECT_100_random_local_OBC_0_0_6,outer,1,SA,1.0,2,Double,No_Kink,486,924589
result_SELECT_100_random_local_OBC_0_0_6,outer,1,SA,1.0,2,Double,Yes_Kink,498,951250
result_SELECT_100_random_local_OBC_0_0_6,outer,1,SA,1.0,2,Proj,No_MSF,128,166048
result_SELECT_100_random_local_OBC_0_0_6,outer,1,SA,1.0,2,Proj,No_Top,128,161216
result_SELECT_100_random_local_OBC_0_0_6,outer,1,SA,1.0,2,Proj,No_Kink,453,1893008
result_SELECT_100_random_local_OBC_0_0_6,outer,1,SA,1.0,2,Proj,Yes_Kink,465,1916178
result_trotter_10_Heisenberg2D_cylinder_0.5_0.5_rand,outer,1,SA,0.1,0,Single,No_MSF,744,99900
result_trotter_10_Heisenberg2D_cylinder_0.5_0.5_rand,outer,1,SA,0.1,0,Single,No_Top,749,74900
result_trotter_10_Heisenberg2D_cylinder_0.5_0.5_rand,outer,1,SA,0.1,0,Single,No_Kink,917,256688
result_trotter_10_Heisenberg2D_cylinder_0.5_0.5_rand,outer,1,SA,0.1,0,Double,No_MSF,721,97600
result_trotter_10_Heisenberg2D_cylinder_0.5_0.5_rand,outer,1,SA,0.1,0,Double,No_Top,721,72100
result_trotter_10_Heisenberg2D_cylinder_0.5_0.5_rand,outer,1,SA,0.1,0,Double,No_Kink,903,305836
result_trotter_10_Heisenberg2D_cylinder_0.5_0.5_rand,outer,1,SA,0.1,0,Double,Yes_Kink,1077,342427
result_trotter_10_Heisenberg2D_cylinder_0.5_0.5_rand,outer,1,SA,0.1,0,Proj,No_MSF,390,64500
result_trotter_10_Heisenberg2D_cylinder_0.5_0.5_rand,outer,1,SA,0.1,0,Proj,No_Top,580,58000
result_trotter_10_Heisenberg2D_cylinder_0.5_0.5_rand,outer,1,SA,0.1,0,Proj,No_Kink,875,334549
result_trotter_10_Heisenberg2D_cylinder_0.5_0.5_rand,outer,1,SA,0.1,0,Proj,Yes_Kink,897,328473
result_SELECT_100_random_local_OBC_0_0_6,inner,2,SA,1.0,2,Single,No_MSF,247,306944
result_SELECT_100_random_local_OBC_0_0_6,inner,2,SA,1.0,2,Single,No_Top,247,302112
result_SELECT_100_random_local_OBC_0_0_6,inner,2,SA,1.0,2,Single,No_Kink,313,579681
result_SELECT_100_random_local_OBC_0_0_6,inner,2,SA,1.0,2,Single,Yes_Kink,327,608085
result_SELECT_100_random_local_OBC_0_0_6,inner,2,SA,1.0,2,Double,No_MSF,192,241824
result_SELECT_100_random_local_OBC_0_0_6,inner,2,SA,1.0,2,Double,No_Top,193,238176
result_SELECT_100_random_local_OBC_0_0_6,inner,2,SA,1.0,2,Double,No_Kink,276,559491
result_SELECT_100_random_local_OBC_0_0_6,inner,2,SA,1.0,2,Double,Yes_Kink,284,572012
result_SELECT_100_random_local_OBC_0_0_6,inner,2,SA,1.0,2,Proj,No_MSF,128,166048
result_SELECT_100_random_local_OBC_0_0_6,inner,2,SA,1.0,2,Proj,No_Top,128,161216
result_SELECT_100_random_local_OBC_0_0_6,inner,2,SA,1.0,2,Proj,No_Kink,269,1181917
result_SELECT_100_random_local_OBC_0_0_6,inner,2,SA,1.0,2,Proj,Yes_Kink,282,1221759
result_SELECT_10_Heisenberg2D_cylinder_0.5_0.5_0,outer,1,naive,0.0,0,Single,No_MSF,8099,992534
result_SELECT_10_Heisenberg2D_cylinder_0.5_0.5_0,outer,1,naive,0.0,0,Single,No_Top,8099,988078
result_SELECT_10_Heisenberg2D_cylinder_0.5_0.5_0,outer,1,naive,0.0,0,Single,No_Kink,8099,1073612
result_SELECT_10_Heisenberg2D_cylinder_0.5_0.5_0,outer,1,naive,0.0,0,Double,No_MSF,7536,923848
result_SELECT_10_Heisenberg2D_cylinder_0.5_0.5_0,outer,1,naive,0.0,0,Double,No_Top,7536,919392
result_SELECT_10_Heisenberg2D_cylinder_0.5_0.5_0,outer,1,naive,0.0,0,Double,No_Kink,7536,1016964
result_SELECT_10_Heisenberg2D_cylinder_0.5_0.5_0,outer,1,naive,0.0,0,Double,Yes_Kink,7536,1015023
result_SELECT_10_Heisenberg2D_cylinder_0.5_0.5_0,outer,1,naive,0.0,0,Proj,No_MSF,6660,816976
result_SELECT_10_Heisenberg2D_cylinder_0.5_0.5_0,outer,1,naive,0.0,0,Proj,No_Top,6660,812520
result_SELECT_10_Heisenberg2D_cylinder_0.5_0.5_0,outer,1,naive,0.0,0,Proj,No_Kink,6661,2587278
result_SELECT_10_Heisenberg2D_cylinder_0.5_0.5_0,outer,1,naive,0.0,0,Proj,Yes_Kink,6663,2576333
result_SELECT_10_Heisenberg2D_cylinder_0.5_0.5_4,outer,2,SA,1.0,2,Single,No_MSF,571,261360
result_SELECT_10_Heisenberg2D_cylinder_0.5_0.5_4,outer,2,SA,1.0,2,Single,No_Top,571,256464
result_SELECT_10_Heisenberg2D_cylinder_0.5_0.5_4,outer,2,SA,1.0,2,Single,No_Kink,576,333562
result_SELECT_10_Heisenberg2D_cylinder_0.5_0.5_4,outer,2,SA,1.0,2,Single,Yes_Kink,577,347818
result_SELECT_10_Heisenberg2D_cylinder_0.5_0.5_4,outer,2,SA,1.0,2,Double,No_MSF,522,240192
result_SELECT_10_Heisenberg2D_cylinder_0.5_0.5_4,outer,2,SA,1.0,2,Double,No_Top,522,235296
result_SELECT_10_Heisenberg2D_cylinder_0.5_0.5_4,outer,2,SA,1.0,2,Double,No_Kink,522,324941
result_SELECT_10_Heisenberg2D_cylinder_0.5_0.5_4,outer,2,SA,1.0,2,Double,Yes_Kink,542,331160
result_SELECT_10_Heisenberg2D_cylinder_0.5_0.5_4,outer,2,SA,1.0,2,Proj,No_MSF,420,196128
result_SELECT_10_Heisenberg2D_cylinder_0.5_0.5_4,outer,2,SA,1.0,2,Proj,No_Top,420,191232
result_SELECT_10_Heisenberg2D_cylinder_0.5_0.5_4,outer,2,SA,1.0,2,Proj,No_Kink,440,763321
result_SELECT_10_Heisenberg2D_cylinder_0.5_0.5_4,outer,2,SA,1.0,2,Proj,Yes_Kink,442,750290
result_SELECT_10_Heisenberg2D_cylinder_0.5_0.5_1,outer,2,SA,0.001,2,Single,No_MSF,4079,600816
result_SELECT_10_Heisenberg2D_cylinder_0.5_0.5_1,outer,2,SA,0.001,2,Single,No_Top,4080,596480
result_SELECT_10_Heisenberg2D_cylinder_0.5_0.5_1,outer,2,SA,0.001,2,Single,No_Kink,4080,675073
result_SELECT_10_Heisenberg2D_cylinder_0.5_0.5_1,outer,2,SA,0.001,2,Single,Yes_Kink,4080,683593
result_SELECT_10_Heisenberg2D_cylinder_0.5_0.5_1,outer,2,SA,0.001,2,Double,No_MSF,3792,559488
result_SELECT_10_Heisenberg2D_cylinder_0.5_0.5_1,outer,2,SA,0.001,2,Double,No_Top,3793,555152
result_SELECT_10_Heisenberg2D_cylinder_0.5_0.5_1,outer,2,SA,0.001,2,Double,No_Kink,3793,648052
result_SELECT_10_Heisenberg2D_cylinder_0.5_0.5_1,outer,2,SA,0.001,2,Double,Yes_Kink,3931,663682
result_SELECT_10_Heisenberg2D_cylinder_0.5_0.5_1,outer,2,SA,0.001,2,Proj,No_MSF,3333,493392
result_SELECT_10_Heisenberg2D_cylinder_0.5_0.5_1,outer,2,SA,0.001,2,Proj,No_Top,3333,488912
result_SELECT_10_Heisenberg2D_cylinder_0.5_0.5_1,outer,2,SA,0.001,2,Proj,No_Kink,3338,1785413
result_SELECT_10_Heisenberg2D_cylinder_0.5_0.5_1,outer,2,SA,0.001,2,Proj,Yes_Kink,3340,1744407
result_trotter_10_Heisenberg2D_cylinder_0.5_0.5_rand,inner,1,SA,0.001,0,Single,No_MSF,744,99900
result_trotter_10_Heisenberg2D_cylinder_0.5_0.5_rand,inner,1,SA,0.001,0,Single,No_Top,749,74900
result_trotter_10_Heisenberg2D_cylinder_0.5_0.5_rand,inner,1,SA,0.001,0,Single,No_Kink,1235,311412
result_trotter_10_Heisenberg2D_cylinder_0.5_0.5_rand,inner,1,SA,0.001,0,Double,No_MSF,721,97600
result_trotter_10_Heisenberg2D_cylinder_0.5_0.5_rand,inner,1,SA,0.001,0,Double,No_Top,721,72100
result_trotter_10_Heisenberg2D_cylinder_0.5_0.5_rand,inner,1,SA,0.001,0,Double,No_Kink,1211,367594
result_trotter_10_Heisenberg2D_cylinder_0.5_0.5_rand,inner,1,SA,0.001,0,Double,Yes_Kink,1387,396401
result_trotter_10_Heisenberg2D_cylinder_0.5_0.5_rand,inner,1,SA,0.001,0,Proj,No_MSF,390,64500
result_trotter_10_Heisenberg2D_cylinder_0.5_0.5_rand,inner,1,SA,0.001,0,Proj,No_Top,580,58000
result_trotter_10_Heisenberg2D_cylinder_0.5_0.5_rand,inner,1,SA,0.001,0,Proj,No_Kink,1290,486798
result_trotter_10_Heisenberg2D_cylinder_0.5_0.5_rand,inner,1,SA,0.001,0,Proj,Yes_Kink,1318,474167
result_SELECT_10_Heisenberg2D_cylinder_0.5_0.5_1,inner,1,SA,0.1,2,Single,No_MSF,4079,600816
result_SELECT_10_Heisenberg2D_cylinder_0.5_0.5_1,inner,1,SA,0.1,2,Single,No_Top,4080,596480
result_SELECT_10_Heisenberg2D_cylinder_0.5_0.5_1,inner,1,SA,0.1,2,Single,No_Kink,4086,683516
result_SELECT_10_Heisenberg2D_cylinder_0.5_0.5_1,inner,1,SA,0.1,2,Double,No_MSF,3792,559488
result_SELECT_10_Heisenberg2D_cylinder_0.5_0.5_1,inner,1,SA,0.1,2,Double,No_Top,3793,555152
result_SELECT_10_Heisenberg2D_cylinder_0.5_0.5_1,inner,1,SA,0.1,2,Double,No_Kink,3797,657287
result_SELECT_10_Heisenberg2D_cylinder_0.5_0.5_1,inner,1,SA,0.1,2,Double,Yes_Kink,3804,658793
result_SELECT_10_Heisenberg2D_cylinder_0.5_0.5_1,inner,1,SA,0.1,2,Proj,No_MSF,3333,493392
result_SELECT_10_Heisenberg2D_cylinder_0.5_0.5_1,inner,1,SA,0.1,2,Proj,No_Top,3333,488912
result_SELECT_10_Heisenberg2D_cylinder_0.5_0.5_1,inner,1,SA,0.1,2,Proj,No_Kink,3345,1630043
result_SELECT_10_Heisenberg2D_cylinder_0.5_0.5_1,inner,1,SA,0.1,2,Proj,Yes_Kink,3351,1580430
result_SELECT_10_Heisenberg2D_cylinder_0.5_0.5_4,outer,2,naive,0.0,2,Single,No_MSF,571,261360
result_SELECT_10_Heisenberg2D_cylinder_0.5_0.5_4,outer,2,naive,0.0,2,Single,No_Top,571,256464
result_SELECT_10_Heisenberg2D_cylinder_0.5_0.5_4,outer,2,naive,0.0,2,Single,No_Kink,903,643612
result_SELECT_10_Heisenberg2D_cylinder_0.5_0.5_4,outer,2,naive,0.0,2,Single,Yes_Kink,890,652427
result_SELECT_10_Heisenberg2D_cylinder_0.5_0.5_4,outer,2,naive,0.0,2,Double,No_MSF,522,240192
result_SELECT_10_Heisenberg2D_cylinder_0.5_0.5_4,outer,2,naive,0.0,2,Double,No_Top,522,235296
result_SELECT_10_Heisenberg2D_cylinder_0.5_0.5_4,outer,2,naive,0.0,2,Double,No_Kink,804,611354
result_SELECT_10_Heisenberg2D_cylinder_0.5_0.5_4,outer,2,naive,0.0,2,Double,Yes_Kink,813,621512
result_SELECT_10_Heisenberg2D_cylinder_0.5_0.5_4,outer,2,naive,0.0,2,Proj,No_MSF,420,196128
result_SELECT_10_Heisenberg2D_cylinder_0.5_0.5_4,outer,2,naive,0.0,2,Proj,No_Top,420,191232
result_SELECT_10_Heisenberg2D_cylinder_0.5_0.5_4,outer,2,naive,0.0,2,Proj,No_Kink,668,1162806
result_SELECT_10_Heisenberg2D_cylinder_0.5_0.5_4,outer,2,naive,0.0,2,Proj,Yes_Kink,690,1178222
result_SELECT_10_Heisenberg2D_cylinder_0.5_0.5_6,outer,2,SA,0.1,10,Single,No_MSF,211,344064
result_SELECT_10_Heisenberg2D_cylinder_0.5_0.5_6,outer,2,SA,0.1,10,Single,No_Top,483,694816
result_SELECT_10_Heisenberg2D_cylinder_0.5_0.5_6,outer,2,SA,0.1,10,Single,No_Kink,481,968119
result_SELECT_10_Heisenberg2D_cylinder_0.5_0.5_6,outer,2,SA,0.1,10,Single,Yes_Kink,479,987415
result_SELECT_10_Heisenberg2D_cylinder_0.5_0.5_6,outer,2,SA,0.1,10,Double,No_MSF,177,299456
result_SELECT_10_Heisenberg2D_cylinder_0.5_0.5_6,outer,2,SA,0.1,10,Double,No_Top,473,681696
result_SELECT_10_Heisenberg2D_cylinder_0.5_0.5_6,outer,2,SA,0.1,10,Double,No_Kink,472,978031
result_SELECT_10_Heisenberg2D_cylinder_0.5_0.5_6,outer,2,SA,0.1,10,Double,Yes_Kink,474,975205
result_SELECT_10_Heisenberg2D_cylinder_0.5_0.5_6,outer,2,SA,0.1,10,Proj,No_MSF,108,208928
result_SELECT_10_Heisenberg2D_cylinder_0.5_0.5_6,outer,2,SA,0.1,10,Proj,No_Top,451,652832
result_SELECT_10_Heisenberg2D_cylinder_0.5_0.5_6,outer,2,SA,0.1,10,Proj,No_Kink,451,1838326
result_SELECT_10_Heisenberg2D_cylinder_0.5_0.5_6,outer,2,SA,0.1,10,Proj,Yes_Kink,451,1784650
result_trotter_10_Heisenberg2D_cylinder_0.5_0.5_det,inner,2,naive,0.0,0,Single,No_MSF,756,101100
result_trotter_10_Heisenberg2D_cylinder_0.5_0.5_det,inner,2,naive,0.0,0,Single,No_Top,784,78400
result_trotter_10_Heisenberg2D_cylinder_0.5_0.5_det,inner,2,naive,0.0,0,Single,No_Kink,913,265127
result_trotter_10_Heisenberg2D_cylinder_0.5_0.5_det,inner,2,naive,0.0,0,Single,Yes_Kink,931,267160
result_trotter_10_Heisenberg2D_cylinder_0.5_0.5_det,inner,2,naive,0.0,0,Double,No_MSF,749,100400
result_trotter_10_Heisenberg2D_cylinder_0.5_0.5_det,inner,2,naive,0.0,0,Double,No_Top,762,76200
result_trotter_10_Heisenberg2D_cylinder_0.5_0.5_det,inner,2,naive,0.0,0,Double,No_Kink,909,309731
result_trotter_10_Heisenberg2D_cylinder_0.5_0.5_det,inner,2,naive,0.0,0,Double,Yes_Kink,1092,360947
result_trotter_10_Heisenberg2D_cylinder_0.5_0.5_det,inner,2,naive,0.0,0,Proj,No_MSF,390,64500
result_trotter_10_Heisenberg2D_cylinder_0.5_0.5_det,inner,2,naive,0.0,0,Proj,No_Top,580,58000
result_trotter_10_Heisenberg2D_cylinder_0.5_0.5_det,inner,2,naive,0.0,0,Proj,No_Kink,993,523232
result_trotter_10_Heisenberg2D_cylinder_0.5_0.5_det,inner,2,naive,0.0,0,Proj,Yes_Kink,1033,532957
result_SELECT_10_Heisenberg2D_cylinder_0.5_0.5_3,outer,1,SA,0.001,0,Single,No_MSF,1069,295440
result_SELECT_10_Heisenberg2D_cylinder_0.5_0.5_3,outer,1,SA,0.001,0,Single,No_Top,1069,290768
result_SELECT_10_Heisenberg2D_cylinder_0.5_0.5_3,outer,1,SA,0.001,0,Single,No_Kink,1073,377320
result_SELECT_10_Heisenberg2D_cylinder_0.5_0.5_3,outer,1,SA,0.001,0,Double,No_MSF,987,273136
result_SELECT_10_Heisenberg2D_cylinder_0.5_0.5_3,outer,1,SA,0.001,0,Double,No_Top,987,268464
result_SELECT_10_Heisenberg2D_cylinder_0.5_0.5_3,outer,1,SA,0.001,0,Double,No_Kink,989,367470
result_SELECT_10_Heisenberg2D_cylinder_0.5_0.5_3,outer,1,SA,0.001,0,Double,Yes_Kink,994,366290
result_SELECT_10_Heisenberg2D_cylinder_0.5_0.5_3,outer,1,SA,0.001,0,Proj,No_MSF,837,232336
result_SELECT_10_Heisenberg2D_cylinder_0.5_0.5_3,outer,1,SA,0.001,0,Proj,No_Top,837,227664
result_SELECT_10_Heisenberg2D_cylinder_0.5_0.5_3,outer,1,SA,0.001,0,Proj,No_Kink,851,892129
result_SELECT_10_Heisenberg2D_cylinder_0.5_0.5_3,outer,1,SA,0.001,0,Proj,Yes_Kink,857,873355
result_SELECT_10_Heisenberg2D_cylinder_0.5_0.5_5,inner,1,SA,0.001,0,Single,No_MSF,327,246016
result_SELECT_10_Heisenberg2D_cylinder_0.5_0.5_5,inner,1,SA,0.001,0,Single,No_Top,327,240672
result_SELECT_10_Heisenberg2D_cylinder_0.5_0.5_5,inner,1,SA,0.001,0,Single,No_Kink,341,370080
result_SELECT_10_Heisenberg2D_cylinder_0.5_0.5_5,inner,1,SA,0.001,0,Double,No_MSF,290,218784
result_SELECT_10_Heisenberg2D_cylinder_0.5_0.5_5,inner,1,SA,0.001,0,Double,No_Top,290,213440
result_SELECT_10_Heisenberg2D_cylinder_0.5_0.5_5,inner,1,SA,0.001,0,Double,No_Kink,297,348670
result_SELECT_10_Heisenberg2D_cylinder_0.5_0.5_5,inner,1,SA,0.001,0,Double,Yes_Kink,302,360363
result_SELECT_10_Heisenberg2D_cylinder_0.5_0.5_5,inner,1,SA,0.001,0,Proj,No_MSF,213,162112
result_SELECT_10_Heisenberg2D_cylinder_0.5_0.5_5,inner,1,SA,0.001,0,Proj,No_Top,213,156768
result_SELECT_10_Heisenberg2D_cylinder_0.5_0.5_5,inner,1,SA,0.001,0,Proj,No_Kink,254,687250
result_SELECT_10_Heisenberg2D_cylinder_0.5_0.5_5,inner,1,SA,0.001,0,Proj,Yes_Kink,261,691588
result_SELECT_10_Heisenberg2D_cylinder_0.5_0.5_5,inner,2,SA,0.1,2,Single,No_MSF,327,256704
result_SELECT_10_Heisenberg2D_cylinder_0.5_0.5_5,inner,2,SA,0.1,2,Single,No_Top,327,251360
result_SELECT_10_Heisenberg2D_cylinder_0.5_0.5_5,inner,2,SA,0.1,2,Single,No_Kink,329,354665
result_SELECT_10_Heisenberg2D_cylinder_0.5_0.5_5,inner,2,SA,0.1,2,Single,Yes_Kink,331,372059
result_SELECT_10_Heisenberg2D_cylinder_0.5_0.5_5,inner,2,SA,0.1,2,Double,No_MSF,290,229472
result_SELECT_10_Heisenberg2D_cylinder_0.5_0.5_5,inner,2,SA,0.1,2,Double,No_Top,291,224864
result_SELECT_10_Heisenberg2D_cylinder_0.5_0.5_5,inner,2,SA,0.1,2,Double,No_Kink,292,343257
result_SELECT_10_Heisenberg2D_cylinder_0.5_0.5_5,inner,2,SA,0.1,2,Double,Yes_Kink,303,352632
result_SELECT_10_Heisenberg2D_cylinder_0.5_0.5_5,inner,2,SA,0.1,2,Proj,No_MSF,213,172800
result_SELECT_10_Heisenberg2D_cylinder_0.5_0.5_5,inner,2,SA,0.1,2,Proj,No_Top,213,167456
result_SELECT_10_Heisenberg2D_cylinder_0.5_0.5_5,inner,2,SA,0.1,2,Proj,No_Kink,243,704472
result_SELECT_10_Heisenberg2D_cylinder_0.5_0.5_5,inner,2,SA,0.1,2,Proj,Yes_Kink,246,697676
result_SELECT_100_Heisenberg1D_OBC_1_0_6,inner,2,SA,1.0,2,Single,No_MSF,206,309976
result_SELECT_100_Heisenberg1D_OBC_1_0_6,inner,2,SA,1.0,2,Single,No_Top,211,310668
result_SELECT_100_Heisenberg1D_OBC_1_0_6,inner,2,SA,1.0,2,Single,No_Kink,216,483825
result_SELECT_100_Heisenberg1D_OBC_1_0_6,inner,2,SA,1.0,2,Single,Yes_Kink,217,500805
result_SELECT_100_Heisenberg1D_OBC_1_0_6,inner,2,SA,1.0,2,Double,No_MSF,185,280324
result_SELECT_100_Heisenberg1D_OBC_1_0_6,inner,2,SA,1.0,2,Double,No_Top,185,273956
result_SELECT_100_Heisenberg1D_OBC_1_0_6,inner,2,SA,1.0,2,Double,No_Kink,187,467280
result_SELECT_100_Heisenberg1D_OBC_1_0_6,inner,2,SA,1.0,2,Double,Yes_Kink,193,481029
result_SELECT_100_Heisenberg1D_OBC_1_0_6,inner,2,SA,1.0,2,Proj,No_MSF,117,184308
result_SELECT_100_Heisenberg1D_OBC_1_0_6,inner,2,SA,1.0,2,Proj,No_Top,123,186412
result_SELECT_100_Heisenberg1D_OBC_1_0_6,inner,2,SA,1.0,2,Proj,No_Kink,153,782603
result_SELECT_100_Heisenberg1D_OBC_1_0_6,inner,2,SA,1.0,2,Proj,Yes_Kink,157,780226
result_SELECT_10_Heisenberg2D_cylinder_0.5_0.5_0,outer,1,SA,0.1,0,Single,No_MSF,8099,992534
result_SELECT_10_Heisenberg2D_cylinder_0.5_0.5_0,outer,1,SA,0.1,0,Single,No_Top,8099,988078
result_SELECT_10_Heisenberg2D_cylinder_0.5_0.5_0,outer,1,SA,0.1,0,Single,No_Kink,8099,1071712
result_SELECT_10_Heisenberg2D_cylinder_0.5_0.5_0,outer,1,SA,0.1,0,Double,No_MSF,7536,923848
result_SELECT_10_Heisenberg2D_cylinder_0.5_0.5_0,outer,1,SA,0.1,0,Double,No_Top,7536,919392
result_SELECT_10_Heisenberg2D_cylinder_0.5_0.5_0,outer,1,SA,0.1,0,Double,No_Kink,7536,1019033
result_SELECT_10_Heisenberg2D_cylinder_0.5_0.5_0,outer,1,SA,0.1,0,Double,Yes_Kink,7536,1016925
result_SELECT_10_Heisenberg2D_cylinder_0.5_0.5_0,outer,1,SA,0.1,0,Proj,No_MSF,6660,816976
result_SELECT_10_Heisenberg2D_cylinder_0.5_0.5_0,outer,1,SA,0.1,0,Proj,No_Top,6660,812520
result_SELECT_10_Heisenberg2D_cylinder_0.5_0.5_0,outer,1,SA,0.1,0,Proj,No_Kink,6662,2660827
result_SELECT_10_Heisenberg2D_cylinder_0.5_0.5_0,outer,1,SA,0.1,0,Proj,Yes_Kink,6661,2642478
result_SELECT_10_Heisenberg2D_cylinder_0.5_0.5_6,inner,2,naive,0.0,10,Single,No_MSF,211,344064
result_SELECT_10_Heisenberg2D_cylinder_0.5_0.5_6,inner,2,naive,0.0,10,Single,No_Top,483,694816
result_SELECT_10_Heisenberg2D_cylinder_0.5_0.5_6,inner,2,naive,0.0,10,Single,No_Kink,670,1568968
result_SELECT_10_Heisenberg2D_cylinder_0.5_0.5_6,inner,2,naive,0.0,10,Single,Yes_Kink,607,1514908
result_SELECT_10_Heisenberg2D_cylinder_0.5_0.5_6,inner,2,naive,0.0,10,Double,No_MSF,177,299456
result_SELECT_10_Heisenberg2D_cylinder_0.5_0.5_6,inner,2,naive,0.0,10,Double,No_Top,473,681696
result_SELECT_10_Heisenberg2D_cylinder_0.5_0.5_6,inner,2,naive,0.0,10,Double,No_Kink,574,1487045
result_SELECT_10_Heisenberg2D_cylinder_0.5_0.5_6,inner,2,naive,0.0,10,Double,Yes_Kink,585,1499515
result_SELECT_10_Heisenberg2D_cylinder_0.5_0.5_6,inner,2,naive,0.0,10,Proj,No_MSF,108,208928
result_SELECT_10_Heisenberg2D_cylinder_0.5_0.5_6,inner,2,naive,0.0,10,Proj,No_Top,451,652832
result_SELECT_10_Heisenberg2D_cylinder_0.5_0.5_6,inner,2,naive,0.0,10,Proj,No_Kink,5224,20835471
result_SELECT_10_Heisenberg2D_cylinder_0.5_0.5_6,inner,2,naive,0.0,10,Proj,Yes_Kink,5167,20064022
result_SELECT_10_Heisenberg2D_cylinder_0.5_0.5_4,inner,2,SA,0.1,0,Single,No_MSF,571,251568
result_SELECT_10_Heisenberg2D_cylinder_0.5_0.5_4,inner,2,SA,0.1,0,Single,No_Top,571,246672
result_SELECT_10_Heisenberg2D_cylinder_0.5_0.5_4,inner,2,SA,0.1,0,Single,No_Kink,572,302741
result_SELECT_10_Heisenberg2D_cylinder_0.5_0.5_4,inner,2,SA,0.1,0,Single,Yes_Kink,572,314653
result_SELECT_10_Heisenberg2D_cylinder_0.5_0.5_4,inner,2,SA,0.1,0,Double,No_MSF,522,230400
result_SELECT_10_Heisenberg2D_cylinder_0.5_0.5_4,inner,2,SA,0.1,0,Double,No_Top,522,225504
result_SELECT_10_Heisenberg2D_cylinder_0.5_0.5_4,inner,2,SA,0.1,0,Double,No_Kink,522,297186
result_SELECT_10_Heisenberg2D_cylinder_0.5_0.5_4,inner,2,SA,0.1,0,Double,Yes_Kink,542,303178
result_SELECT_10_Heisenberg2D_cylinder_0.5_0.5_4,inner,2,SA,0.1,0,Proj,No_MSF,420,186336
result_SELECT_10_Heisenberg2D_cylinder_0.5_0.5_4,inner,2,SA,0.1,0,Proj,No_Top,420,181440
result_SELECT_10_Heisenberg2D_cylinder_0.5_0.5_4,inner,2,SA,0.1,0,Proj,No_Kink,435,710978
result_SELECT_10_Heisenberg2D_cylinder_0.5_0.5_4,inner,2,SA,0.1,0,Proj,Yes_Kink,434,700322
result_SELECT_10_Heisenberg2D_cylinder_0.5_0.5_2,inner,1,SA,1.0,0,Single,No_MSF,2072,394080
result_SELECT_10_Heisenberg2D_cylinder_0.5_0.5_2,inner,1,SA,1.0,0,Single,No_Top,2072,389536
result_SELECT_10_Heisenberg2D_cylinder_0.5_0.5_2,inner,1,SA,1.0,0,Single,No_Kink,2076,440792
result_SELECT_10_Heisenberg2D_cylinder_0.5_0.5_2,inner,1,SA,1.0,0,Double,No_MSF,1921,365692
result_SELECT_10_Heisenberg2D_cylinder_0.5_0.5_2,inner,1,SA,1.0,0,Double,No_Top,1921,361148
result_SELECT_10_Heisenberg2D_cylinder_0.5_0.5_2,inner,1,SA,1.0,0,Double,No_Kink,1923,428930
result_SELECT_10_Heisenberg2D_cylinder_0.5_0.5_2,inner,1,SA,1.0,0,Double,Yes_Kink,1924,429063
result_SELECT_10_Heisenberg2D_cylinder_0.5_0.5_2,inner,1,SA,1.0,0,Proj,No_MSF,1668,318128
result_SELECT_10_Heisenberg2D_cylinder_0.5_0.5_2,inner,1,SA,1.0,0,Proj,No_Top,1668,313584
result_SELECT_10_Heisenberg2D_cylinder_0.5_0.5_2,inner,1,SA,1.0,0,Proj,No_Kink,1677,1104188
result_SELECT_10_Heisenberg2D_cylinder_0.5_0.5_2,inner,1,SA,1.0,0,Proj,Yes_Kink,1677,1105476
result_SELECT_10_Heisenberg2D_cylinder_0.5_0.5_6,inner,1,SA,1.0,4,Single,No_MSF,211,307392
result_SELECT_10_Heisenberg2D_cylinder_0.5_0.5_6,inner,1,SA,1.0,4,Single,No_Top,254,357696
result_SELECT_10_Heisenberg2D_cylinder_0.5_0.5_6,inner,1,SA,1.0,4,Single,No_Kink,298,703338
result_SELECT_10_Heisenberg2D_cylinder_0.5_0.5_6,inner,1,SA,1.0,4,Double,No_MSF,177,262784
result_SELECT_10_Heisenberg2D_cylinder_0.5_0.5_6,inner,1,SA,1.0,4,Double,No_Top,239,338016
result_SELECT_10_Heisenberg2D_cylinder_0.5_0.5_6,inner,1,SA,1.0,4,Double,No_Kink,238,690158
result_SELECT_10_Heisenberg2D_cylinder_0.5_0.5_6,inner,1,SA,1.0,4,Double,Yes_Kink,247,704067
result_SELECT_10_Heisenberg2D_cylinder_0.5_0.5_6,inner,1,SA,1.0,4,Proj,No_MSF,108,172256
result_SELECT_10_Heisenberg2D_cylinder_0.5_0.5_6,inner,1,SA,1.0,4,Proj,No_Top,205,293408
result_SELECT_10_Heisenberg2D_cylinder_0.5_0.5_6,inner,1,SA,1.0,4,Proj,No_Kink,262,1137224
result_SELECT_10_Heisenberg2D_cylinder_0.5_0.5_6,inner,1,SA,1.0,4,Proj,Yes_Kink,270,1153624
result_SELECT_10_Heisenberg2D_cylinder_0.5_0.5_4,outer,1,naive,0.0,0,Single,No_MSF,571,251568
result_SELECT_10_Heisenberg2D_cylinder_0.5_0.5_4,outer,1,naive,0.0,0,Single,No_Top,571,246672
result_SELECT_10_Heisenberg2D_cylinder_0.5_0.5_4,outer,1,naive,0.0,0,Single,No_Kink,1123,787632
result_SELECT_10_Heisenberg2D_cylinder_0.5_0.5_4,outer,1,naive,0.0,0,Double,No_MSF,522,230400
result_SELECT_10_Heisenberg2D_cylinder_0.5_0.5_4,outer,1,naive,0.0,0,Double,No_Top,522,225504
result_SELECT_10_Heisenberg2D_cylinder_0.5_0.5_4,outer,1,naive,0.0,0,Double,No_Kink,869,692476
result_SELECT_10_Heisenberg2D_cylinder_0.5_0.5_4,outer,1,naive,0.0,0,Double,Yes_Kink,870,691571
result_SELECT_10_Heisenberg2D_cylinder_0.5_0.5_4,outer,1,naive,0.0,0,Proj,No_MSF,420,186336
result_SELECT_10_Heisenberg2D_cylinder_0.5_0.5_4,outer,1,naive,0.0,0,Proj,No_Top,420,181440
result_SELECT_10_Heisenberg2D_cylinder_0.5_0.5_4,outer,1,naive,0.0,0,Proj,No_Kink,872,1370427
result_SELECT_10_Heisenberg2D_cylinder_0.5_0.5_4,outer,1,naive,0.0,0,Proj,Yes_Kink,902,1391456
result_trotter_10_Heisenberg2D_cylinder_0.5_0.5_det,outer,1,random,0.0,0,Single,No_MSF,756,101100
result_trotter_10_Heisenberg2D_cylinder_0.5_0.5_det,outer,1,random,0.0,0,Single,No_Top,784,78400
result_trotter_10_Heisenberg2D_cylinder_0.5_0.5_det,outer,1,random,0.0,0,Single,No_Kink,1108,302234
result_trotter_10_Heisenberg2D_cylinder_0.5_0.5_det,outer,1,random,0.0,0,Double,No_MSF,749,100400
result_trotter_10_Heisenberg2D_cylinder_0.5_0.5_det,outer,1,random,0.0,0,Double,No_Top,762,76200
result_trotter_10_Heisenberg2D_cylinder_0.5_0.5_det,outer,1,random,0.0,0,Double,No_Kink,1081,352256
result_trotter_10_Heisenberg2D_cylinder_0.5_0.5_det,outer,1,random,0.0,0,Double,Yes_Kink,1250,386698
result_trotter_10_Heisenberg2D_cylinder_0.5_0.5_det,outer,1,random,0.0,0,Proj,No_MSF,390,64500
result_trotter_10_Heisenberg2D_cylinder_0.5_0.5_det,outer,1,random,0.0,0,Proj,No_Top,580,58000
result_trotter_10_Heisenberg2D_cylinder_0.5_0.5_det,outer,1,random,0.0,0,Proj,No_Kink,1027,380564
result_trotter_10_Heisenberg2D_cylinder_0.5_0.5_det,outer,1,random,0.0,0,Proj,Yes_Kink,1051,374953
result_SELECT_10_Heisenberg2D_cylinder_0.5_0.5_2,inner,1,SA,0.01,2,Single,No_MSF,2072,403168
result_SELECT_10_Heisenberg2D_cylinder_0.5_0.5_2,inner,1,SA,0.01,2,Single,No_Top,2072,398624
result_SELECT_10_Heisenberg2D_cylinder_0.5_0.5_2,inner,1,SA,0.01,2,Single,No_Kink,2080,489038
result_SELECT_10_Heisenberg2D_cylinder_0.5_0.5_2,inner,1,SA,0.01,2,Double,No_MSF,1921,374780
result_SELECT_10_Heisenberg2D_cylinder_0.5_0.5_2,inner,1,SA,0.01,2,Double,No_Top,1921,370236
result_SELECT_10_Heisenberg2D_cylinder_0.5_0.5_2,inner,1,SA,0.01,2,Double,No_Kink,1925,473565
result_SELECT_10_Heisenberg2D_cylinder_0.5_0.5_2,inner,1,SA,0.01,2,Double,Yes_Kink,1929,472621
result_SELECT_10_Heisenberg2D_cylinder_0.5_0.5_2,inner,1,SA,0.01,2,Proj,No_MSF,1668,327216
result_SELECT_10_Heisenberg2D_cylinder_0.5_0.5_2,inner,1,SA,0.01,2,Proj,No_Top,1668,322672
result_SELECT_10_Heisenberg2D_cylinder_0.5_0.5_2,inner,1,SA,0.01,2,Proj,No_Kink,1680,1179417
result_SELECT_10_Heisenberg2D_cylinder_0.5_0.5_2,inner,1,SA,0.01,2,Proj,Yes_Kink,1689,1142498
result_SELECT_10_Heisenberg2D_cylinder_0.5_0.5_3,outer,2,SA,0.001,0,Single,No_MSF,1069,295440
result_SELECT_10_Heisenberg2D_cylinder_0.5_0.5_3,outer,2,SA,0.001,0,Single,No_Top,1069,290768
result_SELECT_10_Heisenberg2D_cylinder_0.5_0.5_3,outer,2,SA,0.001,0,Single,No_Kink,1069,364071
result_SELECT_10_Heisenberg2D_cylinder_0.5_0.5_3,outer,2,SA,0.001,0,Single,Yes_Kink,1071,376536
result_SELECT_10_Heisenberg2D_cylinder_0.5_0.5_3,outer,2,SA,0.001,0,Double,No_MSF,987,273136
result_SELECT_10_Heisenberg2D_cylinder_0.5_0.5_3,outer,2,SA,0.001,0,Double,No_Top,987,268464
result_SELECT_10_Heisenberg2D_cylinder_0.5_0.5_3,outer,2,SA,0.001,0,Double,No_Kink,989,356666
result_SELECT_10_Heisenberg2D_cylinder_0.5_0.5_3,outer,2,SA,0.001,0,Double,Yes_Kink,1021,361557
result_SELECT_10_Heisenberg2D_cylinder_0.5_0.5_3,outer,2,SA,0.001,0,Proj,No_MSF,837,232336
result_SELECT_10_Heisenberg2D_cylinder_0.5_0.5_3,outer,2,SA,0.001,0,Proj,No_Top,837,227664
result_SELECT_10_Heisenberg2D_cylinder_0.5_0.5_3,outer,2,SA,0.001,0,Proj,No_Kink,851,938358
result_SELECT_10_Heisenberg2D_cylinder_0.5_0.5_3,outer,2,SA,0.001,0,Proj,Yes_Kink,851,921575
result_SELECT_10_Heisenberg2D_cylinder_0.5_0.5_5,outer,1,naive,0.0,2,Single,No_MSF,327,256704
result_SELECT_10_Heisenberg2D_cylinder_0.5_0.5_5,outer,1,naive,0.0,2,Single,No_Top,327,251360
result_SELECT_10_Heisenberg2D_cylinder_0.5_0.5_5,outer,1,naive,0.0,2,Single,No_Kink,850,1064440
result_SELECT_10_Heisenberg2D_cylinder_0.5_0.5_5,outer,1,naive,0.0,2,Double,No_MSF,290,229472
result_SELECT_10_Heisenberg2D_cylinder_0.5_0.5_5,outer,1,naive,0.0,2,Double,No_Top,291,224864
result_SELECT_10_Heisenberg2D_cylinder_0.5_0.5_5,outer,1,naive,0.0,2,Double,No_Kink,650,940749
result_SELECT_10_Heisenberg2D_cylinder_0.5_0.5_5,outer,1,naive,0.0,2,Double,Yes_Kink,647,941211
result_SELECT_10_Heisenberg2D_cylinder_0.5_0.5_5,outer,1,naive,0.0,2,Proj,No_MSF,213,172800
result_SELECT_10_Heisenberg2D_cylinder_0.5_0.5_5,outer,1,naive,0.0,2,Proj,No_Top,213,167456
result_SELECT_10_Heisenberg2D_cylinder_0.5_0.5_5,outer,1,naive,0.0,2,Proj,No_Kink,725,1972015
result_SELECT_10_Heisenberg2D_cylinder_0.5_0.5_5,outer,1,naive,0.0,2,Proj,Yes_Kink,739,1982374
result_SELECT_10_FermiHubbard2D_cylinder_0_0_6,inner,2,random,0.0,2,Single,No_MSF,489,708804
result_SELECT_10_FermiHubbard2D_cylinder_0_0_6,inner,2,random,0.0,2,Single,No_Top,489,702692
result_SELECT_10_FermiHubbard2D_cylinder_0_0_6,inner,2,random,0.0,2,Single,No_Kink,514,1558584
result_SELECT_10_FermiHubbard2D_cylinder_0_0_6,inner,2,random,0.0,2,Single,Yes_Kink,512,1573606
result_SELECT_10_FermiHubbard2D_cylinder_0_0_6,inner,2,random,0.0,2,Double,No_MSF,473,686212
result_SELECT_10_FermiHubbard2D_cylinder_0_0_6,inner,2,random,0.0,2,Double,No_Top,473,680100
result_SELECT_10_FermiHubbard2D_cylinder_0_0_6,inner,2,random,0.0,2,Double,No_Kink,484,1505448
result_SELECT_10_FermiHubbard2D_cylinder_0_0_6,inner,2,random,0.0,2,Double,Yes_Kink,497,1525997
result_SELECT_10_FermiHubbard2D_cylinder_0_0_6,inner,2,random,0.0,2,Proj,No_MSF,407,593020
result_SELECT_10_FermiHubbard2D_cylinder_0_0_6,inner,2,random,0.0,2,Proj,No_Top,407,586908
result_SELECT_10_FermiHubbard2D_cylinder_0_0_6,inner,2,random,0.0,2,Proj,No_Kink,465,2335361
result_SELECT_10_FermiHubbard2D_cylinder_0_0_6,inner,2,random,0.0,2,Proj,Yes_Kink,468,2316637
result_SELECT_10_Heisenberg2D_cylinder_0.5_0.5_1,inner,1,SA,0.001,2,Single,No_MSF,4079,600816
result_SELECT_10_Heisenberg2D_cylinder_0.5_0.5_1,inner,1,SA,0.001,2,Single,No_Top,4080,596480
result_SELECT_10_Heisenberg2D_cylinder_0.5_0.5_1,inner,1,SA,0.001,2,Single,No_Kink,4091,694260
result_SELECT_10_Heisenberg2D_cylinder_0.5_0.5_1,inner,1,SA,0.001,2,Double,No_MSF,3792,559488
result_SELECT_10_Heisenberg2D_cylinder_0.5_0.5_1,inner,1,SA,0.001,2,Double,No_Top,3793,555152
result_SELECT_10_Heisenberg2D_cylinder_0.5_0.5_1,inner,1,SA,0.001,2,Double,No_Kink,3804,666023
result_SELECT_10_Heisenberg2D_cylinder_0.5_0.5_1,inner,1,SA,0.001,2,Double,Yes_Kink,3802,664604
result_SELECT_10_Heisenberg2D_cylinder_0.5_0.5_1,inner,1,SA,0.001,2,Proj,No_MSF,3333,493392
result_SELECT_10_Heisenberg2D_cylinder_0.5_0.5_1,inner,1,SA,0.001,2,Proj,No_Top,3333,488912
result_SELECT_10_Heisenberg2D_cylinder_0.5_0.5_1,inner,1,SA,0.001,2,Proj,No_Kink,3345,1667516
result_SELECT_10_Heisenberg2D_cylinder_0.5_0.5_1,inner,1,SA,0.001,2,Proj,Yes_Kink,3371,1595927
result_trotter_10_Heisenberg2D_cylinder_0.5_0.5_rand,inner,1,naive,0.0,2,Single,No_MSF,744,150900
result_trotter_10_Heisenberg2D_cylinder_0.5_0.5_rand,inner,1,naive,0.0,2,Single,No_Top,1782,229200
result_trotter_10_Heisenberg2D_cylinder_0.5_0.5_rand,inner,1,naive,0.0,2,Single,No_Kink,1921,507384
result_trotter_10_Heisenberg2D_cylinder_0.5_0.5_rand,inner,1,naive,0.0,2,Double,No_MSF,721,148600
result_trotter_10_Heisenberg2D_cylinder_0.5_0.5_rand,inner,1,naive,0.0,2,Double,No_Top,1777,228700
result_trotter_10_Heisenberg2D_cylinder_0.5_0.5_rand,inner,1,naive,0.0,2,Double,No_Kink,1832,550195
result_trotter_10_Heisenberg2D_cylinder_0.5_0.5_rand,inner,1,naive,0.0,2,Double,Yes_Kink,1869,564434
result_trotter_10_Heisenberg2D_cylinder_0.5_0.5_rand,inner,1,naive,0.0,2,Proj,No_MSF,390,115500
result_trotter_10_Heisenberg2D_cylinder_0.5_0.5_rand,inner,1,naive,0.0,2,Proj,No_Top,1740,225000
result_trotter_10_Heisenberg2D_cylinder_0.5_0.5_rand,inner,1,naive,0.0,2,Proj,No_Kink,1855,752897
result_trotter_10_Heisenberg2D_cylinder_0.5_0.5_rand,inner,1,naive,0.0,2,Proj,Yes_Kink,1867,728431
result_SELECT_10_Heisenberg2D_cylinder_0.5_0.5_0,outer,1,SA,0.001,0,Single,No_MSF,8099,992534
result_SELECT_10_Heisenberg2D_cylinder_0.5_0.5_0,outer,1,SA,0.001,0,Single,No_Top,8099,988078
result_SELECT_10_Heisenberg2D_cylinder_0.5_0.5_0,outer,1,SA,0.001,0,Single,No_Kink,8099,1080952
result_SELECT_10_Heisenberg2D_cylinder_0.5_0.5_0,outer,1,SA,0.001,0,Double,No_MSF,7536,923848
result_SELECT_10_Heisenberg2D_cylinder_0.5_0.5_0,outer,1,SA,0.001,0,Double,No_Top,7536,919392
result_SELECT_10_Heisenberg2D_cylinder_0.5_0.5_0,outer,1,SA,0.001,0,Double,No_Kink,7536,1026439
result_SELECT_10_Heisenberg2D_cylinder_0.5_0.5_0,outer,1,SA,0.001,0,Double,Yes_Kink,7536,1025028
result_SELECT_10_Heisenberg2D_cylinder_0.5_0.5_0,outer,1,SA,0.001,0,Proj,No_MSF,6660,816976
result_SELECT_10_Heisenberg2D_cylinder_0.5_0.5_0,outer,1,SA,0.001,0,Proj,No_Top,6660,812520
result_SELECT_10_Heisenberg2D_cylinder_0.5_0.5_0,outer,1,SA,0.001,0,Proj,No_Kink,6665,2799901
result_SELECT_10_Heisenberg2D_cylinder_0.5_0.5_0,outer,1,SA,0.001,0,Proj,Yes_Kink,6665,2759495
result_SELECT_10_Heisenberg2D_cylinder_0.5_0.5_6,outer,2,SA,0.001,10,Single,No_MSF,211,344064
result_SELECT_10_Heisenberg2D_cylinder_0.5_0.5_6,outer,2,SA,0.001,10,Single,No_Top,483,694816
result_SELECT_10_Heisenberg2D_cylinder_0.5_0.5_6,outer,2,SA,0.001,10,Single,No_Kink,477,980892
result_SELECT_10_Heisenberg2D_cylinder_0.5_0.5_6,outer,2,SA,0.001,10,Single,Yes_Kink,477,992609
result_SELECT_10_Heisenberg2D_cylinder_0.5_0.5_6,outer,2,SA,0.001,10,Double,No_MSF,177,299456
result_SELECT_10_Heisenberg2D_cylinder_0.5_0.5_6,outer,2,SA,0.001,10,Double,No_Top,473,681696
result_SELECT_10_Heisenberg2D_cylinder_0.5_0.5_6,outer,2,SA,0.001,10,Double,No_Kink,470,979924
result_SELECT_10_Heisenberg2D_cylinder_0.5_0.5_6,outer,2,SA,0.001,10,Double,Yes_Kink,471,979610
result_SELECT_10_Heisenberg2D_cylinder_0.5_0.5_6,outer,2,SA,0.001,10,Proj,No_MSF,108,208928
result_SELECT_10_Heisenberg2D_cylinder_0.5_0.5_6,outer,2,SA,0.001,10,Proj,No_Top,451,652832
result_SELECT_10_Heisenberg2D_cylinder_0.5_0.5_6,outer,2,SA,0.001,10,Proj,No_Kink,451,1856218
result_SELECT_10_Heisenberg2D_cylinder_0.5_0.5_6,outer,2,SA,0.001,10,Proj,Yes_Kink,451,1801478
result_SELECT_10_Heisenberg2D_cylinder_0.5_0.5_6,inner,2,SA,0.01,4,Single,No_MSF,211,307392
result_SELECT_10_Heisenberg2D_cylinder_0.5_0.5_6,inner,2,SA,0.01,4,Single,No_Top,254,357696
result_SELECT_10_Heisenberg2D_cylinder_0.5_0.5_6,inner,2,SA,0.01,4,Single,No_Kink,253,589919
result_SELECT_10_Heisenberg2D_cylinder_0.5_0.5_6,inner,2,SA,0.01,4,Single,Yes_Kink,249,597471
result_SELECT_10_Heisenberg2D_cylinder_0.5_0.5_6,inner,2,SA,0.01,4,Double,No_MSF,177,262784
result_SELECT_10_Heisenberg2D_cylinder_0.5_0.5_6,inner,2,SA,0.01,4,Double,No_Top,239,338016
result_SELECT_10_Heisenberg2D_cylinder_0.5_0.5_6,inner,2,SA,0.01,4,Double,No_Kink,237,580778
result_SELECT_10_Heisenberg2D_cylinder_0.5_0.5_6,inner,2,SA,0.01,4,Double,Yes_Kink,242,584420
result_SELECT_10_Heisenberg2D_cylinder_0.5_0.5_6,inner,2,SA,0.01,4,Proj,No_MSF,108,172256
result_SELECT_10_Heisenberg2D_cylinder_0.5_0.5_6,inner,2,SA,0.01,4,Proj,No_Top,205,293408
result_SELECT_10_Heisenberg2D_cylinder_0.5_0.5_6,inner,2,SA,0.01,4,Proj,No_Kink,225,960332
result_SELECT_10_Heisenberg2D_cylinder_0.5_0.5_6,inner,2,SA,0.01,4,Proj,Yes_Kink,225,948821
result_trotter_10_Heisenberg2D_cylinder_0.5_0.5_rand,inner,2,random,0.0,2,Single,No_MSF,744,150900
result_trotter_10_Heisenberg2D_cylinder_0.5_0.5_rand,inner,2,random,0.0,2,Single,No_Top,1782,229200
result_trotter_10_Heisenberg2D_cylinder_0.5_0.5_rand,inner,2,random,0.0,2,Single,No_Kink,1812,441403
result_trotter_10_Heisenberg2D_cylinder_0.5_0.5_rand,inner,2,random,0.0,2,Single,Yes_Kink,1818,442734
result_trotter_10_Heisenberg2D_cylinder_0.5_0.5_rand,inner,2,random,0.0,2,Double,No_MSF,721,148600
result_trotter_10_Heisenberg2D_cylinder_0.5_0.5_rand,inner,2,random,0.0,2,Double,No_Top,1777,228700
result_trotter_10_Heisenberg2D_cylinder_0.5_0.5_rand,inner,2,random,0.0,2,Double,No_Kink,1778,436826
result_trotter_10_Heisenberg2D_cylinder_0.5_0.5_rand,inner,2,random,0.0,2,Double,Yes_Kink,1781,461583
result_trotter_10_Heisenberg2D_cylinder_0.5_0.5_rand,inner,2,random,0.0,2,Proj,No_MSF,390,115500
result_trotter_10_Heisenberg2D_cylinder_0.5_0.5_rand,inner,2,random,0.0,2,Proj,No_Top,1740,225000
result_trotter_10_Heisenberg2D_cylinder_0.5_0.5_rand,inner,2,random,0.0,2,Proj,No_Kink,1874,967370
result_trotter_10_Heisenberg2D_cylinder_0.5_0.5_rand,inner,2,random,0.0,2,Proj,Yes_Kink,1875,932754
result_SELECT_100_Heisenberg1D_OBC_1_0_6,inner,2,SA,0.001,2,Single,No_MSF,206,309976
result_SELECT_100_Heisenberg1D_OBC_1_0_6,inner,2,SA,0.001,2,Single,No_Top,211,310668
result_SELECT_100_Heisenberg1D_OBC_1_0_6,inner,2,SA,0.001,2,Single,No_Kink,217,504220
result_SELECT_100_Heisenberg1D_OBC_1_0_6,inner,2,SA,0.001,2,Single,Yes_Kink,216,521174
result_SELECT_100_Heisenberg1D_OBC_1_0_6,inner,2,SA,0.001,2,Double,No_MSF,185,280324
result_SELECT_100_Heisenberg1D_OBC_1_0_6,inner,2,SA,0.001,2,Double,No_Top,185,273956
result_SELECT_100_Heisenberg1D_OBC_1_0_6,inner,2,SA,0.001,2,Double,No_Kink,187,484229
result_SELECT_100_Heisenberg1D_OBC_1_0_6,inner,2,SA,0.001,2,Double,Yes_Kink,208,513719
result_SELECT_100_Heisenberg1D_OBC_1_0_6,inner,2,SA,0.001,2,Proj,No_MSF,117,184308
result_SELECT_100_Heisenberg1D_OBC_1_0_6,inner,2,SA,0.001,2,Proj,No_Top,123,186412
result_SELECT_100_Heisenberg1D_OBC_1_0_6,inner,2,SA,0.001,2,Proj,No_Kink,156,796147
result_SELECT_100_Heisenberg1D_OBC_1_0_6,inner,2,SA,0.001,2,Proj,Yes_Kink,160,793275
result_SELECT_10_Heisenberg2D_cylinder_0.5_0.5_4,inner,1,SA,0.1,2,Single,No_MSF,571,261360
result_SELECT_10_Heisenberg2D_cylinder_0.5_0.5_4,inner,1,SA,0.1,2,Single,No_Top,571,256464
result_SELECT_10_Heisenberg2D_cylinder_0.5_0.5_4,inner,1,SA,0.1,2,Single,No_Kink,590,348390
result_SELECT_10_Heisenberg2D_cylinder_0.5_0.5_4,inner,1,SA,0.1,2,Double,No_MSF,522,240192
result_SELECT_10_Heisenberg2D_cylinder_0.5_0.5_4,inner,1,SA,0.1,2,Double,No_Top,522,235296
result_SELECT_10_Heisenberg2D_cylinder_0.5_0.5_4,inner,1,SA,0.1,2,Double,No_Kink,531,335376
result_SELECT_10_Heisenberg2D_cylinder_0.5_0.5_4,inner,1,SA,0.1,2,Double,Yes_Kink,534,338493
result_SELECT_10_Heisenberg2D_cylinder_0.5_0.5_4,inner,1,SA,0.1,2,Proj,No_MSF,420,196128
result_SELECT_10_Heisenberg2D_cylinder_0.5_0.5_4,inner,1,SA,0.1,2,Proj,No_Top,420,191232
result_SELECT_10_Heisenberg2D_cylinder_0.5_0.5_4,inner,1,SA,0.1,2,Proj,No_Kink,450,708415
result_SELECT_10_Heisenberg2D_cylinder_0.5_0.5_4,inner,1,SA,0.1,2,Proj,Yes_Kink,458,695715
result_SELECT_10_Heisenberg2D_cylinder_0.5_0.5_1,inner,2,random,0.0,2,Single,No_MSF,4079,600816
result_SELECT_10_Heisenberg2D_cylinder_0.5_0.5_1,inner,2,random,0.0,2,Single,No_Top,4080,596480
result_SELECT_10_Heisenberg2D_cylinder_0.5_0.5_1,inner,2,random,0.0,2,Single,No_Kink,4082,700225
result_SELECT_10_Heisenberg2D_cylinder_0.5_0.5_1,inner,2,random,0.0,2,Single,Yes_Kink,4081,710815
result_SELECT_10_Heisenberg2D_cylinder_0.5_0.5_1,inner,2,random,0.0,2,Double,No_MSF,3792,559488
result_SELECT_10_Heisenberg2D_cylinder_0.5_0.5_1,inner,2,random,0.0,2,Double,No_Top,3793,555152
result_SELECT_10_Heisenberg2D_cylinder_0.5_0.5_1,inner,2,random,0.0,2,Double,No_Kink,3793,670644
result_SELECT_10_Heisenberg2D_cylinder_0.5_0.5_1,inner,2,random,0.0,2,Double,Yes_Kink,3821,676430
result_SELECT_10_Heisenberg2D_cylinder_0.5_0.5_1,inner,2,random,0.0,2,Proj,No_MSF,3333,493392
result_SELECT_10_Heisenberg2D_cylinder_0.5_0.5_1,inner,2,random,0.0,2,Proj,No_Top,3333,488912
result_SELECT_10_Heisenberg2D_cylinder_0.5_0.5_1,inner,2,random,0.0,2,Proj,No_Kink,3336,1812710
result_SELECT_10_Heisenberg2D_cylinder_0.5_0.5_1,inner,2,random,0.0,2,Proj,Yes_Kink,3335,1767976
result_trotter_10_Heisenberg2D_cylinder_0.5_0.5_rand,outer,1,naive,0.0,2,Single,No_MSF,744,150900
result_trotter_10_Heisenberg2D_cylinder_0.5_0.5_rand,outer,1,naive,0.0,2,Single,No_Top,1782,229200
result_trotter_10_Heisenberg2D_cylinder_0.5_0.5_rand,outer,1,naive,0.0,2,Single,No_Kink,1921,507384
result_trotter_10_Heisenberg2D_cylinder_0.5_0.5_rand,outer,1,naive,0.0,2,Double,No_MSF,721,148600
result_trotter_10_Heisenberg2D_cylinder_0.5_0.5_rand,outer,1,naive,0.0,2,Double,No_Top,1777,228700
result_trotter_10_Heisenberg2D_cylinder_0.5_0.5_rand,outer,1,naive,0.0,2,Double,No_Kink,1832,550195
result_trotter_10_Heisenberg2D_cylinder_0.5_0.5_rand,outer,1,naive,0.0,2,Double,Yes_Kink,1869,564434
result_trotter_10_Heisenberg2D_cylinder_0.5_0.5_rand,outer,1,naive,0.0,2,Proj,No_MSF,390,115500
result_trotter_10_Heisenberg2D_cylinder_0.5_0.5_rand,outer,1,naive,0.0,2,Proj,No_Top,1740,225000
result_trotter_10_Heisenberg2D_cylinder_0.5_0.5_rand,outer,1,naive,0.0,2,Proj,No_Kink,1855,752897
result_trotter_10_Heisenberg2D_cylinder_0.5_0.5_rand,outer,1,naive,0.0,2,Proj,Yes_Kink,1867,728431
result_SELECT_10_Heisenberg2D_cylinder_0.5_0.5_6,outer,1,SA,0.01,8,Single,No_MSF,211,331840
result_SELECT_10_Heisenberg2D_cylinder_0.5_0.5_6,outer,1,SA,0.01,8,Single,No_Top,408,584192
result_SELECT_10_Heisenberg2D_cylinder_0.5_0.5_6,outer,1,SA,0.01,8,Single,No_Kink,423,986506
result_SELECT_10_Heisenberg2D_cylinder_0.5_0.5_6,outer,1,SA,0.01,8,Double,No_MSF,177,287232
result_SELECT_10_Heisenberg2D_cylinder_0.5_0.5_6,outer,1,SA,0.01,8,Double,No_Top,392,563200
result_SELECT_10_Heisenberg2D_cylinder_0.5_0.5_6,outer,1,SA,0.01,8,Double,No_Kink,390,1033062
result_SELECT_10_Heisenberg2D_cylinder_0.5_0.5_6,outer,1,SA,0.01,8,Double,Yes_Kink,393,1026281
result_SELECT_10_Heisenberg2D_cylinder_0.5_0.5_6,outer,1,SA,0.01,8,Proj,No_MSF,108,196704
result_SELECT_10_Heisenberg2D_cylinder_0.5_0.5_6,outer,1,SA,0.01,8,Proj,No_Top,369,533024
result_SELECT_10_Heisenberg2D_cylinder_0.5_0.5_6,outer,1,SA,0.01,8,Proj,No_Kink,378,1674024
result_SELECT_10_Heisenberg2D_cylinder_0.5_0.5_6,outer,1,SA,0.01,8,Proj,Yes_Kink,378,1653974
result_SELECT_10_Heisenberg2D_cylinder_0.5_0.5_3,outer,1,naive,0.0,2,Single,No_MSF,1069,304784
result_SELECT_10_Heisenberg2D_cylinder_0.5_0.5_3,outer,1,naive,0.0,2,Single,No_Top,1069,300112
result_SELECT_10_Heisenberg2D_cylinder_0.5_0.5_3,outer,1,naive,0.0,2,Single,No_Kink,1755,745342
result_SELECT_10_Heisenberg2D_cylinder_0.5_0.5_3,outer,1,naive,0.0,2,Double,No_MSF,987,282480
result_SELECT_10_Heisenberg2D_cylinder_0.5_0.5_3,outer,1,naive,0.0,2,Double,No_Top,987,277808
result_SELECT_10_Heisenberg2D_cylinder_0.5_0.5_3,outer,1,naive,0.0,2,Double,No_Kink,1351,635552
result_SELECT_10_Heisenberg2D_cylinder_0.5_0.5_3,outer,1,naive,0.0,2,Double,Yes_Kink,1374,646098
result_SELECT_10_Heisenberg2D_cylinder_0.5_0.5_3,outer,1,naive,0.0,2,Proj,No_MSF,837,241680
result_SELECT_10_Heisenberg2D_cylinder_0.5_0.5_3,outer,1,naive,0.0,2,Proj,No_Top,837,237008
result_SELECT_10_Heisenberg2D_cylinder_0.5_0.5_3,outer,1,naive,0.0,2,Proj,No_Kink,1053,1122489
result_SELECT_10_Heisenberg2D_cylinder_0.5_0.5_3,outer,1,naive,0.0,2,Proj,Yes_Kink,1083,1132621
result_trotter_10_Heisenberg2D_cylinder_0.5_0.5_det,inner,1,SA,1.0,1,Single,No_MSF,756,126600
result_trotter_10_Heisenberg2D_cylinder_0.5_0.5_det,inner,1,SA,1.0,1,Single,No_Top,1315,157000
result_trotter_10_Heisenberg2D_cylinder_0.5_0.5_det,inner,1,SA,1.0,1,Single,No_Kink,1338,334348
result_trotter_10_Heisenberg2D_cylinder_0.5_0.5_det,inner,1,SA,1.0,1,Double,No_MSF,749,125900
result_trotter_10_Heisenberg2D_cylinder_0.5_0.5_det,inner,1,SA,1.0,1,Double,No_Top,1292,154700
result_trotter_10_Heisenberg2D_cylinder_0.5_0.5_det,inner,1,SA,1.0,1,Double,No_Kink,1305,381008
result_trotter_10_Heisenberg2D_cylinder_0.5_0.5_det,inner,1,SA,1.0,1,Double,Yes_Kink,1332,390448
result_trotter_10_Heisenberg2D_cylinder_0.5_0.5_det,inner,1,SA,1.0,1,Proj,No_MSF,390,90000
result_trotter_10_Heisenberg2D_cylinder_0.5_0.5_det,inner,1,SA,1.0,1,Proj,No_Top,1160,141500
result_trotter_10_Heisenberg2D_cylinder_0.5_0.5_det,inner,1,SA,1.0,1,Proj,No_Kink,1352,494884
result_trotter_10_Heisenberg2D_cylinder_0.5_0.5_det,inner,1,SA,1.0,1,Proj,Yes_Kink,1372,471753
result_SELECT_10_Heisenberg2D_cylinder_0.5_0.5_0,inner,2,SA,1.0,0,Single,No_MSF,8099,992534
result_SELECT_10_Heisenberg2D_cylinder_0.5_0.5_0,inner,2,SA,1.0,0,Single,No_Top,8099,988078
result_SELECT_10_Heisenberg2D_cylinder_0.5_0.5_0,inner,2,SA,1.0,0,Single,No_Kink,8099,1029691
result_SELECT_10_Heisenberg2D_cylinder_0.5_0.5_0,inner,2,SA,1.0,0,Single,Yes_Kink,8099,1046463
result_SELECT_10_Heisenberg2D_cylinder_0.5_0.5_0,inner,2,SA,1.0,0,Double,No_MSF,7536,923848
result_SELECT_10_Heisenberg2D_cylinder_0.5_0.5_0,inner,2,SA,1.0,0,Double,No_Top,7536,919392
result_SELECT_10_Heisenberg2D_cylinder_0.5_0.5_0,inner,2,SA,1.0,0,Double,No_Kink,7536,976476
result_SELECT_10_Heisenberg2D_cylinder_0.5_0.5_0,inner,2,SA,1.0,0,Double,Yes_Kink,7537,975850
result_SELECT_10_Heisenberg2D_cylinder_0.5_0.5_0,inner,2,SA,1.0,0,Proj,No_MSF,6660,816976
result_SELECT_10_Heisenberg2D_cylinder_0.5_0.5_0,inner,2,SA,1.0,0,Proj,No_Top,6660,812520
result_SELECT_10_Heisenberg2D_cylinder_0.5_0.5_0,inner,2,SA,1.0,0,Proj,No_Kink,6662,2377072
result_SELECT_10_Heisenberg2D_cylinder_0.5_0.5_0,inner,2,SA,1.0,0,Proj,Yes_Kink,6662,2294245
result_trotter_10_Heisenberg2D_cylinder_0.5_0.5_rand,outer,2,naive,0.0,0,Single,No_MSF,744,99900
result_trotter_10_Heisenberg2D_cylinder_0.5_0.5_rand,outer,2,naive,0.0,0,Single,No_Top,749,74900
result_trotter_10_Heisenberg2D_cylinder_0.5_0.5_rand,outer,2,naive,0.0,0,Single,No_Kink,895,267612
result_trotter_10_Heisenberg2D_cylinder_0.5_0.5_rand,outer,2,naive,0.0,0,Single,Yes_Kink,910,270812
result_trotter_10_Heisenberg2D_cylinder_0.5_0.5_rand,outer,2,naive,0.0,0,Double,No_MSF,721,97600
result_trotter_10_Heisenberg2D_cylinder_0.5_0.5_rand,outer,2,naive,0.0,0,Double,No_Top,721,72100
result_trotter_10_Heisenberg2D_cylinder_0.5_0.5_rand,outer,2,naive,0.0,0,Double,No_Kink,886,311096
result_trotter_10_Heisenberg2D_cylinder_0.5_0.5_rand,outer,2,naive,0.0,0,Double,Yes_Kink,1044,351425
result_trotter_10_Heisenberg2D_cylinder_0.5_0.5_rand,outer,2,naive,0.0,0,Proj,No_MSF,390,64500
result_trotter_10_Heisenberg2D_cylinder_0.5_0.5_rand,outer,2,naive,0.0,0,Proj,No_Top,580,58000
result_trotter_10_Heisenberg2D_cylinder_0.5_0.5_rand,outer,2,naive,0.0,0,Proj,No_Kink,935,529930
result_trotter_10_Heisenberg2D_cylinder_0.5_0.5_rand,outer,2,naive,0.0,0,Proj,Yes_Kink,983,536508
result_SELECT_10_Heisenberg2D_cylinder_0.5_0.5_4,outer,2,SA,0.001,2,Single,No_MSF,571,261360
result_SELECT_10_Heisenberg2D_cylinder_0.5_0.5_4,outer,2,SA,0.001,2,Single,No_Top,571,256464
result_SELECT_10_Heisenberg2D_cylinder_0.5_0.5_4,outer,2,SA,0.001,2,Single,No_Kink,572,351441
result_SELECT_10_Heisenberg2D_cylinder_0.5_0.5_4,outer,2,SA,0.001,2,Single,Yes_Kink,573,364024
result_SELECT_10_Heisenberg2D_cylinder_0.5_0.5_4,outer,2,SA,0.001,2,Double,No_MSF,522,240192
result_SELECT_10_Heisenberg2D_cylinder_0.5_0.5_4,outer,2,SA,0.001,2,Double,No_Top,522,235296
result_SELECT_10_Heisenberg2D_cylinder_0.5_0.5_4,outer,2,SA,0.001,2,Double,No_Kink,524,344062
result_SELECT_10_Heisenberg2D_cylinder_0.5_0.5_4,outer,2,SA,0.001,2,Double,Yes_Kink,542,348677
result_SELECT_10_Heisenberg2D_cylinder_0.5_0.5_4,outer,2,SA,0.001,2,Proj,No_MSF,420,196128
result_SELECT_10_Heisenberg2D_cylinder_0.5_0.5_4,outer,2,SA,0.001,2,Proj,No_Top,420,191232
result_SELECT_10_Heisenberg2D_cylinder_0.5_0.5_4,outer,2,SA,0.001,2,Proj,No_Kink,437,769165
result_SELECT_10_Heisenberg2D_cylinder_0.5_0.5_4,outer,2,SA,0.001,2,Proj,Yes_Kink,441,754955
result_trotter_10_Heisenberg2D_cylinder_0.5_0.5_rand,inner,1,SA,0.1,0,Single,No_MSF,744,99900
result_trotter_10_Heisenberg2D_cylinder_0.5_0.5_rand,inner,1,SA,0.1,0,Single,No_Top,749,74900
result_trotter_10_Heisenberg2D_cylinder_0.5_0.5_rand,inner,1,SA,0.1,0,Single,No_Kink,915,223534
result_trotter_10_Heisenberg2D_cylinder_0.5_0.5_rand,inner,1,SA,0.1,0,Double,No_MSF,721,97600
result_trotter_10_Heisenberg2D_cylinder_0.5_0.5_rand,inner,1,SA,0.1,0,Double,No_Top,721,72100
result_trotter_10_Heisenberg2D_cylinder_0.5_0.5_rand,inner,1,SA,0.1,0,Double,No_Kink,902,269587
result_trotter_10_Heisenberg2D_cylinder_0.5_0.5_rand,inner,1,SA,0.1,0,Double,Yes_Kink,1071,304540
result_trotter_10_Heisenberg2D_cylinder_0.5_0.5_rand,inner,1,SA,0.1,0,Proj,No_MSF,390,64500
result_trotter_10_Heisenberg2D_cylinder_0.5_0.5_rand,inner,1,SA,0.1,0,Proj,No_Top,580,58000
result_trotter_10_Heisenberg2D_cylinder_0.5_0.5_rand,inner,1,SA,0.1,0,Proj,No_Kink,918,331777
result_trotter_10_Heisenberg2D_cylinder_0.5_0.5_rand,inner,1,SA,0.1,0,Proj,Yes_Kink,941,323438
result_SELECT_100_random_local_OBC_0_0_6,inner,2,SA,0.1,2,Single,No_MSF,247,306944
result_SELECT_100_random_local_OBC_0_0_6,inner,2,SA,0.1,2,Single,No_Top,247,302112
result_SELECT_100_random_local_OBC_0_0_6,inner,2,SA,0.1,2,Single,No_Kink,308,576276
result_SELECT_100_random_local_OBC_0_0_6,inner,2,SA,0.1,2,Single,Yes_Kink,323,609551
result_SELECT_100_random_local_OBC_0_0_6,inner,2,SA,0.1,2,Double,No_MSF,192,241824
result_SELECT_100_random_local_OBC_0_0_6,inner,2,SA,0.1,2,Double,No_Top,193,238176
result_SELECT_100_random_local_OBC_0_0_6,inner,2,SA,0.1,2,Double,No_Kink,275,559672
result_SELECT_100_random_local_OBC_0_0_6,inner,2,SA,0.1,2,Double,Yes_Kink,283,572243
result_SELECT_100_random_local_OBC_0_0_6,inner,2,SA,0.1,2,Proj,No_MSF,128,166048
result_SELECT_100_random_local_OBC_0_0_6,inner,2,SA,0.1,2,Proj,No_Top,128,161216
result_SELECT_100_random_local_OBC_0_0_6,inner,2,SA,0.1,2,Proj,No_Kink,262,1160176
result_SELECT_100_random_local_OBC_0_0_6,inner,2,SA,0.1,2,Proj,Yes_Kink,270,1179473
result_SELECT_10_Heisenberg2D_cylinder_0.5_0.5_6,inner,2,SA,1.0,0,Single,No_MSF,211,282944
result_SELECT_10_Heisenberg2D_cylinder_0.5_0.5_6,inner,2,SA,1.0,0,Single,No_Top,211,276832
result_SELECT_10_Heisenberg2D_cylinder_0.5_0.5_6,inner,2,SA,1.0,0,Single,No_Kink,213,409645
result_SELECT_10_Heisenberg2D_cylinder_0.5_0.5_6,inner,2,SA,1.0,0,Single,Yes_Kink,218,431789
result_SELECT_10_Heisenberg2D_cylinder_0.5_0.5_6,inner,2,SA,1.0,0,Double,No_MSF,177,238336
result_SELECT_10_Heisenberg2D_cylinder_0.5_0.5_6,inner,2,SA,1.0,0,Double,No_Top,177,232224
result_SELECT_10_Heisenberg2D_cylinder_0.5_0.5_6,inner,2,SA,1.0,0,Double,No_Kink,179,383477
result_SELECT_10_Heisenberg2D_cylinder_0.5_0.5_6,inner,2,SA,1.0,0,Double,Yes_Kink,188,396855
result_SELECT_10_Heisenberg2D_cylinder_0.5_0.5_6,inner,2,SA,1.0,0,Proj,No_MSF,108,147808
result_SELECT_10_Heisenberg2D_cylinder_0.5_0.5_6,inner,2,SA,1.0,0,Proj,No_Top,108,141696
result_SELECT_10_Heisenberg2D_cylinder_0.5_0.5_6,inner,2,SA,1.0,0,Proj,No_Kink,137,654049
result_SELECT_10_Heisenberg2D_cylinder_0.5_0.5_6,inner,2,SA,1.0,0,Proj,Yes_Kink,141,656763
result_trotter_10_Heisenberg2D_cylinder_0.5_0.5_rand,outer,2,SA,0.01,1,Single,No_MSF,744,125400
result_trotter_10_Heisenberg2D_cylinder_0.5_0.5_rand,outer,2,SA,0.01,1,Single,No_Top,1231,148600
result_trotter_10_Heisenberg2D_cylinder_0.5_0.5_rand,outer,2,SA,0.01,1,Single,No_Kink,1325,412108
result_trotter_10_Heisenberg2D_cylinder_0.5_0.5_rand,outer,2,SA,0.01,1,Single,Yes_Kink,1336,412687
result_trotter_10_Heisenberg2D_cylinder_0.5_0.5_rand,outer,2,SA,0.01,1,Double,No_MSF,721,123100
result_trotter_10_Heisenberg2D_cylinder_0.5_0.5_rand,outer,2,SA,0.01,1,Double,No_Top,1211,146600
result_trotter_10_Heisenberg2D_cylinder_0.5_0.5_rand,outer,2,SA,0.01,1,Double,No_Kink,1228,454577
result_trotter_10_Heisenberg2D_cylinder_0.5_0.5_rand,outer,2,SA,0.01,1,Double,Yes_Kink,1271,461776
result_trotter_10_Heisenberg2D_cylinder_0.5_0.5_rand,outer,2,SA,0.01,1,Proj,No_MSF,390,90000
result_trotter_10_Heisenberg2D_cylinder_0.5_0.5_rand,outer,2,SA,0.01,1,Proj,No_Top,1160,141500
result_trotter_10_Heisenberg2D_cylinder_0.5_0.5_rand,outer,2,SA,0.01,1,Proj,No_Kink,1198,691994
result_trotter_10_Heisenberg2D_cylinder_0.5_0.5_rand,outer,2,SA,0.01,1,Proj,Yes_Kink,1217,686340
result_trotter_10_Heisenberg2D_cylinder_0.5_0.5_det,inner,1,naive,0.0,1,Single,No_MSF,756,126600
result_trotter_10_Heisenberg2D_cylinder_0.5_0.5_det,inner,1,naive,0.0,1,Single,No_Top,1315,157000
result_trotter_10_Heisenberg2D_cylinder_0.5_0.5_det,inner,1,naive,0.0,1,Single,No_Kink,1436,391970
result_trotter_10_Heisenberg2D_cylinder_0.5_0.5_det,inner,1,naive,0.0,1,Double,No_MSF,749,125900
result_trotter_10_Heisenberg2D_cylinder_0.5_0.5_det,inner,1,naive,0.0,1,Double,No_Top,1292,154700
result_trotter_10_Heisenberg2D_cylinder_0.5_0.5_det,inner,1,naive,0.0,1,Double,No_Kink,1380,454932
result_trotter_10_Heisenberg2D_cylinder_0.5_0.5_det,inner,1,naive,0.0,1,Double,Yes_Kink,1466,468920
result_trotter_10_Heisenberg2D_cylinder_0.5_0.5_det,inner,1,naive,0.0,1,Proj,No_MSF,390,90000
result_trotter_10_Heisenberg2D_cylinder_0.5_0.5_det,inner,1,naive,0.0,1,Proj,No_Top,1160,141500
result_trotter_10_Heisenberg2D_cylinder_0.5_0.5_det,inner,1,naive,0.0,1,Proj,No_Kink,1379,539961
result_trotter_10_Heisenberg2D_cylinder_0.5_0.5_det,inner,1,naive,0.0,1,Proj,Yes_Kink,1411,532682
result_SELECT_10_Heisenberg2D_cylinder_0.5_0.5_6,inner,2,SA,0.01,2,Single,No_MSF,211,295168
result_SELECT_10_Heisenberg2D_cylinder_0.5_0.5_6,inner,2,SA,0.01,2,Single,No_Top,211,289056
result_SELECT_10_Heisenberg2D_cylinder_0.5_0.5_6,inner,2,SA,0.01,2,Single,No_Kink,213,476970
result_SELECT_10_Heisenberg2D_cylinder_0.5_0.5_6,inner,2,SA,0.01,2,Single,Yes_Kink,216,493596
result_SELECT_10_Heisenberg2D_cylinder_0.5_0.5_6,inner,2,SA,0.01,2,Double,No_MSF,177,250560
result_SELECT_10_Heisenberg2D_cylinder_0.5_0.5_6,inner,2,SA,0.01,2,Double,No_Top,177,244448
result_SELECT_10_Heisenberg2D_cylinder_0.5_0.5_6,inner,2,SA,0.01,2,Double,No_Kink,182,463007
result_SELECT_10_Heisenberg2D_cylinder_0.5_0.5_6,inner,2,SA,0.01,2,Double,Yes_Kink,190,474178
result_SELECT_10_Heisenberg2D_cylinder_0.5_0.5_6,inner,2,SA,0.01,2,Proj,No_MSF,108,160032
result_SELECT_10_Heisenberg2D_cylinder_0.5_0.5_6,inner,2,SA,0.01,2,Proj,No_Top,123,173600
result_SELECT_10_Heisenberg2D_cylinder_0.5_0.5_6,inner,2,SA,0.01,2,Proj,No_Kink,161,758359
result_SELECT_10_Heisenberg2D_cylinder_0.5_0.5_6,inner,2,SA,0.01,2,Proj,Yes_Kink,164,759901
result_SELECT_10_Heisenberg2D_cylinder_0.5_0.5_2,inner,1,SA,0.001,2,Single,No_MSF,2072,403168
result_SELECT_10_Heisenberg2D_cylinder_0.5_0.5_2,inner,1,SA,0.001,2,Single,No_Top,2072,398624
result_SELECT_10_Heisenberg2D_cylinder_0.5_0.5_2,inner,1,SA,0.001,2,Single,No_Kink,2078,482266
result_SELECT_10_Heisenberg2D_cylinder_0.5_0.5_2,inner,1,SA,0.001,2,Double,No_MSF,1921,374780
result_SELECT_10_Heisenberg2D_cylinder_0.5_0.5_2,inner,1,SA,0.001,2,Double,No_Top,1921,370236
result_SELECT_10_Heisenberg2D_cylinder_0.5_0.5_2,inner,1,SA,0.001,2,Double,No_Kink,1924,467242
result_SELECT_10_Heisenberg2D_cylinder_0.5_0.5_2,inner,1,SA,0.001,2,Double,Yes_Kink,1926,466759
result_SELECT_10_Heisenberg2D_cylinder_0.5_0.5_2,inner,1,SA,0.001,2,Proj,No_MSF,1668,327216
result_SELECT_10_Heisenberg2D_cylinder_0.5_0.5_2,inner,1,SA,0.001,2,Proj,No_Top,1668,322672
result_SELECT_10_Heisenberg2D_cylinder_0.5_0.5_2,inner,1,SA,0.001,2,Proj,No_Kink,1683,1154040
result_SELECT_10_Heisenberg2D_cylinder_0.5_0.5_2,inner,1,SA,0.001,2,Proj,Yes_Kink,1687,1153713
result_trotter_10_Heisenberg2D_cylinder_0.5_0.5_det,inner,1,SA,0.001,0,Single,No_MSF,756,101100
result_trotter_10_Heisenberg2D_cylinder_0.5_0.5_det,inner,1,SA,0.001,0,Single,No_Top,784,78400
result_trotter_10_Heisenberg2D_cylinder_0.5_0.5_det,inner,1,SA,0.001,0,Single,No_Kink,1223,320002
result_trotter_10_Heisenberg2D_cylinder_0.5_0.5_det,inner,1,SA,0.001,0,Double,No_MSF,749,100400
result_trotter_10_Heisenberg2D_cylinder_0.5_0.5_det,inner,1,SA,0.001,0,Double,No_Top,762,76200
result_trotter_10_Heisenberg2D_cylinder_0.5_0.5_det,inner,1,SA,0.001,0,Double,No_Kink,1243,390846
result_trotter_10_Heisenberg2D_cylinder_0.5_0.5_det,inner,1,SA,0.001,0,Double,Yes_Kink,1330,412869
result_trotter_10_Heisenberg2D_cylinder_0.5_0.5_det,inner,1,SA,0.001,0,Proj,No_MSF,390,64500
result_trotter_10_Heisenberg2D_cylinder_0.5_0.5_det,inner,1,SA,0.001,0,Proj,No_Top,580,58000
result_trotter_10_Heisenberg2D_cylinder_0.5_0.5_det,inner,1,SA,0.001,0,Proj,No_Kink,1194,450628
result_trotter_10_Heisenberg2D_cylinder_0.5_0.5_det,inner,1,SA,0.001,0,Proj,Yes_Kink,1227,442357
result_SELECT_10_Heisenberg2D_cylinder_0.5_0.5_3,outer,1,SA,1.0,2,Single,No_MSF,1069,304784
result_SELECT_10_Heisenberg2D_cylinder_0.5_0.5_3,outer,1,SA,1.0,2,Single,No_Top,1069,300112
result_SELECT_10_Heisenberg2D_cylinder_0.5_0.5_3,outer,1,SA,1.0,2,Single,No_Kink,1072,373882
result_SELECT_10_Heisenberg2D_cylinder_0.5_0.5_3,outer,1,SA,1.0,2,Double,No_MSF,987,282480
result_SELECT_10_Heisenberg2D_cylinder_0.5_0.5_3,outer,1,SA,1.0,2,Double,No_Top,987,277808
result_SELECT_10_Heisenberg2D_cylinder_0.5_0.5_3,outer,1,SA,1.0,2,Double,No_Kink,991,364716
result_SELECT_10_Heisenberg2D_cylinder_0.5_0.5_3,outer,1,SA,1.0,2,Double,Yes_Kink,991,364455
result_SELECT_10_Heisenberg2D_cylinder_0.5_0.5_3,outer,1,SA,1.0,2,Proj,No_MSF,837,241680
result_SELECT_10_Heisenberg2D_cylinder_0.5_0.5_3,outer,1,SA,1.0,2,Proj,No_Top,837,237008
result_SELECT_10_Heisenberg2D_cylinder_0.5_0.5_3,outer,1,SA,1.0,2,Proj,No_Kink,853,894574
result_SELECT_10_Heisenberg2D_cylinder_0.5_0.5_3,outer,1,SA,1.0,2,Proj,Yes_Kink,856,878788
result_SELECT_10_Heisenberg2D_cylinder_0.5_0.5_6,inner,2,SA,0.1,8,Single,No_MSF,211,331840
result_SELECT_10_Heisenberg2D_cylinder_0.5_0.5_6,inner,2,SA,0.1,8,Single,No_Top,408,584192
result_SELECT_10_Heisenberg2D_cylinder_0.5_0.5_6,inner,2,SA,0.1,8,Single,No_Kink,409,824221
result_SELECT_10_Heisenberg2D_cylinder_0.5_0.5_6,inner,2,SA,0.1,8,Single,Yes_Kink,410,841359
result_SELECT_10_Heisenberg2D_cylinder_0.5_0.5_6,inner,2,SA,0.1,8,Double,No_MSF,177,287232
result_SELECT_10_Heisenberg2D_cylinder_0.5_0.5_6,inner,2,SA,0.1,8,Double,No_Top,392,563200
result_SELECT_10_Heisenberg2D_cylinder_0.5_0.5_6,inner,2,SA,0.1,8,Double,No_Kink,394,833368
result_SELECT_10_Heisenberg2D_cylinder_0.5_0.5_6,inner,2,SA,0.1,8,Double,Yes_Kink,398,837946
result_SELECT_10_Heisenberg2D_cylinder_0.5_0.5_6,inner,2,SA,0.1,8,Proj,No_MSF,108,196704
result_SELECT_10_Heisenberg2D_cylinder_0.5_0.5_6,inner,2,SA,0.1,8,Proj,No_Top,369,533024
result_SELECT_10_Heisenberg2D_cylinder_0.5_0.5_6,inner,2,SA,0.1,8,Proj,No_Kink,1404,4968820
result_SELECT_10_Heisenberg2D_cylinder_0.5_0.5_6,inner,2,SA,0.1,8,Proj,Yes_Kink,1278,4257383
result_SELECT_100_random_local_OBC_0_0_6,outer,2,SA,0.01,2,Single,No_MSF,247,306944
result_SELECT_100_random_local_OBC_0_0_6,outer,2,SA,0.01,2,Single,No_Top,247,302112
result_SELECT_100_random_local_OBC_0_0_6,outer,2,SA,0.01,2,Single,No_Kink,329,631468
result_SELECT_100_random_local_OBC_0_0_6,outer,2,SA,0.01,2,Single,Yes_Kink,348,666166
result_SELECT_100_random_local_OBC_0_0_6,outer,2,SA,0.01,2,Double,No_MSF,192,241824
result_SELECT_100_random_local_OBC_0_0_6,outer,2,SA,0.01,2,Double,No_Top,193,238176
result_SELECT_100_random_local_OBC_0_0_6,outer,2,SA,0.01,2,Double,No_Kink,291,612930
result_SELECT_100_random_local_OBC_0_0_6,outer,2,SA,0.01,2,Double,Yes_Kink,300,626725
result_SELECT_100_random_local_OBC_0_0_6,outer,2,SA,0.01,2,Proj,No_MSF,128,166048
result_SELECT_100_random_local_OBC_0_0_6,outer,2,SA,0.01,2,Proj,No_Top,128,161216
result_SELECT_100_random_local_OBC_0_0_6,outer,2,SA,0.01,2,Proj,No_Kink,267,1197216
result_SELECT_100_random_local_OBC_0_0_6,outer,2,SA,0.01,2,Proj,Yes_Kink,276,1216640
result_SELECT_10_Heisenberg2D_cylinder_0.5_0.5_6,inner,1,SA,0.1,4,Single,No_MSF,211,307392
result_SELECT_10_Heisenberg2D_cylinder_0.5_0.5_6,inner,1,SA,0.1,4,Single,No_Top,254,357696
result_SELECT_10_Heisenberg2D_cylinder_0.5_0.5_6,inner,1,SA,0.1,4,Single,No_Kink,290,702060
result_SELECT_10_Heisenberg2D_cylinder_0.5_0.5_6,inner,1,SA,0.1,4,Double,No_MSF,177,262784
result_SELECT_10_Heisenberg2D_cylinder_0.5_0.5_6,inner,1,SA,0.1,4,Double,No_Top,239,338016
result_SELECT_10_Heisenberg2D_cylinder_0.5_0.5_6,inner,1,SA,0.1,4,Double,No_Kink,239,701481
result_SELECT_10_Heisenberg2D_cylinder_0.5_0.5_6,inner,1,SA,0.1,4,Double,Yes_Kink,245,709342
result_SELECT_10_Heisenberg2D_cylinder_0.5_0.5_6,inner,1,SA,0.1,4,Proj,No_MSF,108,172256
result_SELECT_10_Heisenberg2D_cylinder_0.5_0.5_6,inner,1,SA,0.1,4,Proj,No_Top,205,293408
result_SELECT_10_Heisenberg2D_cylinder_0.5_0.5_6,inner,1,SA,0.1,4,Proj,No_Kink,228,1035130
result_SELECT_10_Heisenberg2D_cylinder_0.5_0.5_6,inner,1,SA,0.1,4,Proj,Yes_Kink,244,1064016
result_SELECT_10_Heisenberg2D_cylinder_0.5_0.5_1,outer,1,SA,0.001,2,Single,No_MSF,4079,600816
result_SELECT_10_Heisenberg2D_cylinder_0.5_0.5_1,outer,1,SA,0.001,2,Single,No_Top,4080,596480
result_SELECT_10_Heisenberg2D_cylinder_0.5_0.5_1,outer,1,SA,0.001,2,Single,No_Kink,4090,693596
result_SELECT_10_Heisenberg2D_cylinder_0.5_0.5_1,outer,1,SA,0.001,2,Double,No_MSF,3792,559488
result_SELECT_10_Heisenberg2D_cylinder_0.5_0.5_1,outer,1,SA,0.001,2,Double,No_Top,3793,555152
result_SELECT_10_Heisenberg2D_cylinder_0.5_0.5_1,outer,1,SA,0.001,2,Double,No_Kink,3802,666936
result_SELECT_10_Heisenberg2D_cylinder_0.5_0.5_1,outer,1,SA,0.001,2,Double,Yes_Kink,3802,665486
result_SELECT_10_Heisenberg2D_cylinder_0.5_0.5_1,outer,1,SA,0.001,2,Proj,No_MSF,3333,493392
result_SELECT_10_Heisenberg2D_cylinder_0.5_0.5_1,outer,1,SA,0.001,2,Proj,No_Top,3333,488912
result_SELECT_10_Heisenberg2D_cylinder_0.5_0.5_1,outer,1,SA,0.001,2,Proj,No_Kink,3342,1691320
result_SELECT_10_Heisenberg2D_cylinder_0.5_0.5_1,outer,1,SA,0.001,2,Proj,Yes_Kink,3355,1644898
result_SELECT_10_Heisenberg2D_cylinder_0.5_0.5_3,inner,2,random,0.0,2,Single,No_MSF,1069,304784
result_SELECT_10_Heisenberg2D_cylinder_0.5_0.5_3,inner,2,random,0.0,2,Single,No_Top,1069,300112
result_SELECT_10_Heisenberg2D_cylinder_0.5_0.5_3,inner,2,random,0.0,2,Single,No_Kink,1077,470188
result_SELECT_10_Heisenberg2D_cylinder_0.5_0.5_3,inner,2,random,0.0,2,Single,Yes_Kink,1077,477850
result_SELECT_10_Heisenberg2D_cylinder_0.5_0.5_3,inner,2,random,0.0,2,Double,No_MSF,987,282480
result_SELECT_10_Heisenberg2D_cylinder_0.5_0.5_3,inner,2,random,0.0,2,Double,No_Top,987,277808
result_SELECT_10_Heisenberg2D_cylinder_0.5_0.5_3,inner,2,random,0.0,2,Double,No_Kink,991,458054
result_SELECT_10_Heisenberg2D_cylinder_0.5_0.5_3,inner,2,random,0.0,2,Double,Yes_Kink,1025,465276
result_SELECT_10_Heisenberg2D_cylinder_0.5_0.5_3,inner,2,random,0.0,2,Proj,No_MSF,837,241680
result_SELECT_10_Heisenberg2D_cylinder_0.5_0.5_3,inner,2,random,0.0,2,Proj,No_Top,837,237008
result_SELECT_10_Heisenberg2D_cylinder_0.5_0.5_3,inner,2,random,0.0,2,Proj,No_Kink,851,929161
result_SELECT_10_Heisenberg2D_cylinder_0.5_0.5_3,inner,2,random,0.0,2,Proj,Yes_Kink,852,911366
result_trotter_10_Heisenberg2D_cylinder_0.5_0.5_rand,outer,2,SA,0.1,2,Single,No_MSF,744,150900
result_trotter_10_Heisenberg2D_cylinder_0.5_0.5_rand,outer,2,SA,0.1,2,Single,No_Top,1782,229200
result_trotter_10_Heisenberg2D_cylinder_0.5_0.5_rand,outer,2,SA,0.1,2,Single,No_Kink,1795,448140
result_trotter_10_Heisenberg2D_cylinder_0.5_0.5_rand,outer,2,SA,0.1,2,Single,Yes_Kink,1811,455125
result_trotter_10_Heisenberg2D_cylinder_0.5_0.5_rand,outer,2,SA,0.1,2,Double,No_MSF,721,148600
result_trotter_10_Heisenberg2D_cylinder_0.5_0.5_rand,outer,2,SA,0.1,2,Double,No_Top,1777,228700
result_trotter_10_Heisenberg2D_cylinder_0.5_0.5_rand,outer,2,SA,0.1,2,Double,No_Kink,1778,454281
result_trotter_10_Heisenberg2D_cylinder_0.5_0.5_rand,outer,2,SA,0.1,2,Double,Yes_Kink,1783,485579
result_trotter_10_Heisenberg2D_cylinder_0.5_0.5_rand,outer,2,SA,0.1,2,Proj,No_MSF,390,115500
result_trotter_10_Heisenberg2D_cylinder_0.5_0.5_rand,outer,2,SA,0.1,2,Proj,No_Top,1740,225000
result_trotter_10_Heisenberg2D_cylinder_0.5_0.5_rand,outer,2,SA,0.1,2,Proj,No_Kink,1772,1039610
result_trotter_10_Heisenberg2D_cylinder_0.5_0.5_rand,outer,2,SA,0.1,2,Proj,Yes_Kink,1776,1019392
result_trotter_10_Heisenberg2D_cylinder_0.5_0.5_rand,inner,1,SA,1.0,2,Single,No_MSF,744,150900
result_trotter_10_Heisenberg2D_cylinder_0.5_0.5_rand,inner,1,SA,1.0,2,Single,No_Top,1782,229200
result_trotter_10_Heisenberg2D_cylinder_0.5_0.5_rand,inner,1,SA,1.0,2,Single,No_Kink,1801,431082
result_trotter_10_Heisenberg2D_cylinder_0.5_0.5_rand,inner,1,SA,1.0,2,Double,No_MSF,721,148600
result_trotter_10_Heisenberg2D_cylinder_0.5_0.5_rand,inner,1,SA,1.0,2,Double,No_Top,1777,228700
result_trotter_10_Heisenberg2D_cylinder_0.5_0.5_rand,inner,1,SA,1.0,2,Double,No_Kink,1778,428638
result_trotter_10_Heisenberg2D_cylinder_0.5_0.5_rand,inner,1,SA,1.0,2,Double,Yes_Kink,1789,477659
result_trotter_10_Heisenberg2D_cylinder_0.5_0.5_rand,inner,1,SA,1.0,2,Proj,No_MSF,390,115500
result_trotter_10_Heisenberg2D_cylinder_0.5_0.5_rand,inner,1,SA,1.0,2,Proj,No_Top,1740,225000
result_trotter_10_Heisenberg2D_cylinder_0.5_0.5_rand,inner,1,SA,1.0,2,Proj,No_Kink,2021,781509
result_trotter_10_Heisenberg2D_cylinder_0.5_0.5_rand,inner,1,SA,1.0,2,Proj,Yes_Kink,2071,742620
result_SELECT_10_Heisenberg2D_cylinder_0.5_0.5_2,outer,2,SA,1.0,0,Single,No_MSF,2072,394080
result_SELECT_10_Heisenberg2D_cylinder_0.5_0.5_2,outer,2,SA,1.0,0,Single,No_Top,2072,389536
result_SELECT_10_Heisenberg2D_cylinder_0.5_0.5_2,outer,2,SA,1.0,0,Single,No_Kink,2073,442206
result_SELECT_10_Heisenberg2D_cylinder_0.5_0.5_2,outer,2,SA,1.0,0,Single,Yes_Kink,2072,454191
result_SELECT_10_Heisenberg2D_cylinder_0.5_0.5_2,outer,2,SA,1.0,0,Double,No_MSF,1921,365692
result_SELECT_10_Heisenberg2D_cylinder_0.5_0.5_2,outer,2,SA,1.0,0,Double,No_Top,1921,361148
result_SELECT_10_Heisenberg2D_cylinder_0.5_0.5_2,outer,2,SA,1.0,0,Double,No_Kink,1921,428345
result_SELECT_10_Heisenberg2D_cylinder_0.5_0.5_2,outer,2,SA,1.0,0,Double,Yes_Kink,1923,424707
result_SELECT_10_Heisenberg2D_cylinder_0.5_0.5_2,outer,2,SA,1.0,0,Proj,No_MSF,1668,318128
result_SELECT_10_Heisenberg2D_cylinder_0.5_0.5_2,outer,2,SA,1.0,0,Proj,No_Top,1668,313584
result_SELECT_10_Heisenberg2D_cylinder_0.5_0.5_2,outer,2,SA,1.0,0,Proj,No_Kink,1672,1143086
result_SELECT_10_Heisenberg2D_cylinder_0.5_0.5_2,outer,2,SA,1.0,0,Proj,Yes_Kink,1673,1125668
result_SELECT_10_Heisenberg2D_cylinder_0.5_0.5_2,outer,1,SA,0.1,0,Single,No_MSF,2072,394080
result_SELECT_10_Heisenberg2D_cylinder_0.5_0.5_2,outer,1,SA,0.1,0,Single,No_Top,2072,389536
result_SELECT_10_Heisenberg2D_cylinder_0.5_0.5_2,outer,1,SA,0.1,0,Single,No_Kink,2081,468850
result_SELECT_10_Heisenberg2D_cylinder_0.5_0.5_2,outer,1,SA,0.1,0,Double,No_MSF,1921,365692
result_SELECT_10_Heisenberg2D_cylinder_0.5_0.5_2,outer,1,SA,0.1,0,Double,No_Top,1921,361148
result_SELECT_10_Heisenberg2D_cylinder_0.5_0.5_2,outer,1,SA,0.1,0,Double,No_Kink,1924,450562
result_SELECT_10_Heisenberg2D_cylinder_0.5_0.5_2,outer,1,SA,0.1,0,Double,Yes_Kink,1926,449299
result_SELECT_10_Heisenberg2D_cylinder_0.5_0.5_2,outer,1,SA,0.1,0,Proj,No_MSF,1668,318128
result_SELECT_10_Heisenberg2D_cylinder_0.5_0.5_2,outer,1,SA,0.1,0,Proj,No_Top,1668,313584
result_SELECT_10_Heisenberg2D_cylinder_0.5_0.5_2,outer,1,SA,0.1,0,Proj,No_Kink,1678,1164090
result_SELECT_10_Heisenberg2D_cylinder_0.5_0.5_2,outer,1,SA,0.1,0,Proj,Yes_Kink,1683,1140890
result_trotter_10_Heisenberg2D_cylinder_0.5_0.5_det,outer,1,SA,1.0,1,Single,No_MSF,756,126600
result_trotter_10_Heisenberg2D_cylinder_0.5_0.5_det,outer,1,SA,1.0,1,Single,No_Top,1315,157000
result_trotter_10_Heisenberg2D_cylinder_0.5_0.5_det,outer,1,SA,1.0,1,Single,No_Kink,1381,373474
result_trotter_10_Heisenberg2D_cylinder_0.5_0.5_det,outer,1,SA,1.0,1,Double,No_MSF,749,125900
result_trotter_10_Heisenberg2D_cylinder_0.5_0.5_det,outer,1,SA,1.0,1,Double,No_Top,1292,154700
result_trotter_10_Heisenberg2D_cylinder_0.5_0.5_det,outer,1,SA,1.0,1,Double,No_Kink,1339,443139
result_trotter_10_Heisenberg2D_cylinder_0.5_0.5_det,outer,1,SA,1.0,1,Double,Yes_Kink,1438,462193
result_trotter_10_Heisenberg2D_cylinder_0.5_0.5_det,outer,1,SA,1.0,1,Proj,No_MSF,390,90000
result_trotter_10_Heisenberg2D_cylinder_0.5_0.5_det,outer,1,SA,1.0,1,Proj,No_Top,1160,141500
result_trotter_10_Heisenberg2D_cylinder_0.5_0.5_det,outer,1,SA,1.0,1,Proj,No_Kink,1354,529557
result_trotter_10_Heisenberg2D_cylinder_0.5_0.5_det,outer,1,SA,1.0,1,Proj,Yes_Kink,1378,518750
result_SELECT_10_Heisenberg2D_cylinder_0.5_0.5_3,inner,2,SA,0.01,0,Single,No_MSF,1069,295440
result_SELECT_10_Heisenberg2D_cylinder_0.5_0.5_3,inner,2,SA,0.01,0,Single,No_Top,1069,290768
result_SELECT_10_Heisenberg2D_cylinder_0.5_0.5_3,inner,2,SA,0.01,0,Single,No_Kink,1070,348982
result_SELECT_10_Heisenberg2D_cylinder_0.5_0.5_3,inner,2,SA,0.01,0,Single,Yes_Kink,1070,359720
result_SELECT_10_Heisenberg2D_cylinder_0.5_0.5_3,inner,2,SA,0.01,0,Double,No_MSF,987,273136
result_SELECT_10_Heisenberg2D_cylinder_0.5_0.5_3,inner,2,SA,0.01,0,Double,No_Top,987,268464
result_SELECT_10_Heisenberg2D_cylinder_0.5_0.5_3,inner,2,SA,0.01,0,Double,No_Kink,988,341490
result_SELECT_10_Heisenberg2D_cylinder_0.5_0.5_3,inner,2,SA,0.01,0,Double,Yes_Kink,1023,347005
result_SELECT_10_Heisenberg2D_cylinder_0.5_0.5_3,inner,2,SA,0.01,0,Proj,No_MSF,837,232336
result_SELECT_10_Heisenberg2D_cylinder_0.5_0.5_3,inner,2,SA,0.01,0,Proj,No_Top,837,227664
result_SELECT_10_Heisenberg2D_cylinder_0.5_0.5_3,inner,2,SA,0.01,0,Proj,No_Kink,849,905159
result_SELECT_10_Heisenberg2D_cylinder_0.5_0.5_3,inner,2,SA,0.01,0,Proj,Yes_Kink,849,886314
result_SELECT_10_Heisenberg2D_cylinder_0.5_0.5_2,inner,1,naive,0.0,2,Single,No_MSF,2072,403168
result_SELECT_10_Heisenberg2D_cylinder_0.5_0.5_2,inner,1,naive,0.0,2,Single,No_Top,2072,398624
result_SELECT_10_Heisenberg2D_cylinder_0.5_0.5_2,inner,1,naive,0.0,2,Single,No_Kink,2515,676004
result_SELECT_10_Heisenberg2D_cylinder_0.5_0.5_2,inner,1,naive,0.0,2,Double,No_MSF,1921,374780
result_SELECT_10_Heisenberg2D_cylinder_0.5_0.5_2,inner,1,naive,0.0,2,Double,No_Top,1921,370236
result_SELECT_10_Heisenberg2D_cylinder_0.5_0.5_2,inner,1,naive,0.0,2,Double,No_Kink,2111,604536
result_SELECT_10_Heisenberg2D_cylinder_0.5_0.5_2,inner,1,naive,0.0,2,Double,Yes_Kink,2124,609489
result_SELECT_10_Heisenberg2D_cylinder_0.5_0.5_2,inner,1,naive,0.0,2,Proj,No_MSF,1668,327216
result_SELECT_10_Heisenberg2D_cylinder_0.5_0.5_2,inner,1,naive,0.0,2,Proj,No_Top,1668,322672
result_SELECT_10_Heisenberg2D_cylinder_0.5_0.5_2,inner,1,naive,0.0,2,Proj,No_Kink,1745,1251063
result_SELECT_10_Heisenberg2D_cylinder_0.5_0.5_2,inner,1,naive,0.0,2,Proj,Yes_Kink,1755,1234737
result_SELECT_10_Heisenberg2D_cylinder_0.5_0.5_6,inner,1,random,0.0,8,Single,No_MSF,211,331840
result_SELECT_10_Heisenberg2D_cylinder_0.5_0.5_6,inner,1,random,0.0,8,Single,No_Top,408,584192
result_SELECT_10_Heisenberg2D_cylinder_0.5_0.5_6,inner,1,random,0.0,8,Single,No_Kink,684,1707116
result_SELECT_10_Heisenberg2D_cylinder_0.5_0.5_6,inner,1,random,0.0,8,Double,No_MSF,177,287232
result_SELECT_10_Heisenberg2D_cylinder_0.5_0.5_6,inner,1,random,0.0,8,Double,No_Top,392,563200
result_SELECT_10_Heisenberg2D_cylinder_0.5_0.5_6,inner,1,random,0.0,8,Double,No_Kink,438,1457594
result_SELECT_10_Heisenberg2D_cylinder_0.5_0.5_6,inner,1,random,0.0,8,Double,Yes_Kink,444,1475371
result_SELECT_10_Heisenberg2D_cylinder_0.5_0.5_6,inner,1,random,0.0,8,Proj,No_MSF,108,196704
result_SELECT_10_Heisenberg2D_cylinder_0.5_0.5_6,inner,1,random,0.0,8,Proj,No_Top,369,533024
result_SELECT_10_Heisenberg2D_cylinder_0.5_0.5_6,inner,1,random,0.0,8,Proj,No_Kink,864,3850871
result_SELECT_10_Heisenberg2D_cylinder_0.5_0.5_6,inner,1,random,0.0,8,Proj,Yes_Kink,880,3840514
result_SELECT_10_Heisenberg2D_cylinder_0.5_0.5_0,inner,2,random,0.0,2,Single,No_MSF,8099,1001446
result_SELECT_10_Heisenberg2D_cylinder_0.5_0.5_0,inner,2,random,0.0,2,Single,No_Top,8101,997234
result_SELECT_10_Heisenberg2D_cylinder_0.5_0.5_0,inner,2,random,0.0,2,Single,No_Kink,8101,1112101
result_SELECT_10_Heisenberg2D_cylinder_0.5_0.5_0,inner,2,random,0.0,2,Single,Yes_Kink,8107,1117789
result_SELECT_10_Heisenberg2D_cylinder_0.5_0.5_0,inner,2,random,0.0,2,Double,No_MSF,7536,932760
result_SELECT_10_Heisenberg2D_cylinder_0.5_0.5_0,inner,2,random,0.0,2,Double,No_Top,7537,928426
result_SELECT_10_Heisenberg2D_cylinder_0.5_0.5_0,inner,2,random,0.0,2,Double,No_Kink,7537,1055613
result_SELECT_10_Heisenberg2D_cylinder_0.5_0.5_0,inner,2,random,0.0,2,Double,Yes_Kink,7815,1085283
result_SELECT_10_Heisenberg2D_cylinder_0.5_0.5_0,inner,2,random,0.0,2,Proj,No_MSF,6660,825888
result_SELECT_10_Heisenberg2D_cylinder_0.5_0.5_0,inner,2,random,0.0,2,Proj,No_Top,6660,821432
result_SELECT_10_Heisenberg2D_cylinder_0.5_0.5_0,inner,2,random,0.0,2,Proj,No_Kink,6665,2973712
result_SELECT_10_Heisenberg2D_cylinder_0.5_0.5_0,inner,2,random,0.0,2,Proj,Yes_Kink,6665,2905767
result_SELECT_10_Heisenberg2D_cylinder_0.5_0.5_0,inner,1,naive,0.0,2,Single,No_MSF,8099,1001446
result_SELECT_10_Heisenberg2D_cylinder_0.5_0.5_0,inner,1,naive,0.0,2,Single,No_Top,8101,997234
result_SELECT_10_Heisenberg2D_cylinder_0.5_0.5_0,inner,1,naive,0.0,2,Single,No_Kink,8101,1082936
result_SELECT_10_Heisenberg2D_cylinder_0.5_0.5_0,inner,1,naive,0.0,2,Double,No_MSF,7536,932760
result_SELECT_10_Heisenberg2D_cylinder_0.5_0.5_0,inner,1,naive,0.0,2,Double,No_Top,7537,928426
result_SELECT_10_Heisenberg2D_cylinder_0.5_0.5_0,inner,1,naive,0.0,2,Double,No_Kink,7537,1026122
result_SELECT_10_Heisenberg2D_cylinder_0.5_0.5_0,inner,1,naive,0.0,2,Double,Yes_Kink,7537,1024224
result_SELECT_10_Heisenberg2D_cylinder_0.5_0.5_0,inner,1,naive,0.0,2,Proj,No_MSF,6660,825888
result_SELECT_10_Heisenberg2D_cylinder_0.5_0.5_0,inner,1,naive,0.0,2,Proj,No_Top,6660,821432
result_SELECT_10_Heisenberg2D_cylinder_0.5_0.5_0,inner,1,naive,0.0,2,Proj,No_Kink,6664,2604180
result_SELECT_10_Heisenberg2D_cylinder_0.5_0.5_0,inner,1,naive,0.0,2,Proj,Yes_Kink,6664,2562321
result_SELECT_10_Heisenberg2D_cylinder_0.5_0.5_5,outer,1,SA,0.001,0,Single,No_MSF,327,246016
result_SELECT_10_Heisenberg2D_cylinder_0.5_0.5_5,outer,1,SA,0.001,0,Single,No_Top,327,240672
result_SELECT_10_Heisenberg2D_cylinder_0.5_0.5_5,outer,1,SA,0.001,0,Single,No_Kink,347,417224
result_SELECT_10_Heisenberg2D_cylinder_0.5_0.5_5,outer,1,SA,0.001,0,Double,No_MSF,290,218784
result_SELECT_10_Heisenberg2D_cylinder_0.5_0.5_5,outer,1,SA,0.001,0,Double,No_Top,290,213440
result_SELECT_10_Heisenberg2D_cylinder_0.5_0.5_5,outer,1,SA,0.001,0,Double,No_Kink,299,389498
result_SELECT_10_Heisenberg2D_cylinder_0.5_0.5_5,outer,1,SA,0.001,0,Double,Yes_Kink,305,395449
result_SELECT_10_Heisenberg2D_cylinder_0.5_0.5_5,outer,1,SA,0.001,0,Proj,No_MSF,213,162112
result_SELECT_10_Heisenberg2D_cylinder_0.5_0.5_5,outer,1,SA,0.001,0,Proj,No_Top,213,156768
result_SELECT_10_Heisenberg2D_cylinder_0.5_0.5_5,outer,1,SA,0.001,0,Proj,No_Kink,265,723341
result_SELECT_10_Heisenberg2D_cylinder_0.5_0.5_5,outer,1,SA,0.001,0,Proj,Yes_Kink,273,728429
result_trotter_10_Heisenberg2D_cylinder_0.5_0.5_det,inner,2,SA,0.01,1,Single,No_MSF,756,126600
result_trotter_10_Heisenberg2D_cylinder_0.5_0.5_det,inner,2,SA,0.01,1,Single,No_Top,1315,157000
result_trotter_10_Heisenberg2D_cylinder_0.5_0.5_det,inner,2,SA,0.01,1,Single,No_Kink,1324,353916
result_trotter_10_Heisenberg2D_cylinder_0.5_0.5_det,inner,2,SA,0.01,1,Single,Yes_Kink,1336,366145
result_trotter_10_Heisenberg2D_cylinder_0.5_0.5_det,inner,2,SA,0.01,1,Double,No_MSF,749,125900
result_trotter_10_Heisenberg2D_cylinder_0.5_0.5_det,inner,2,SA,0.01,1,Double,No_Top,1292,154700
result_trotter_10_Heisenberg2D_cylinder_0.5_0.5_det,inner,2,SA,0.01,1,Double,No_Kink,1292,351449
result_trotter_10_Heisenberg2D_cylinder_0.5_0.5_det,inner,2,SA,0.01,1,Double,Yes_Kink,1297,387409
result_trotter_10_Heisenberg2D_cylinder_0.5_0.5_det,inner,2,SA,0.01,1,Proj,No_MSF,390,90000
result_trotter_10_Heisenberg2D_cylinder_0.5_0.5_det,inner,2,SA,0.01,1,Proj,No_Top,1160,141500
result_trotter_10_Heisenberg2D_cylinder_0.5_0.5_det,inner,2,SA,0.01,1,Proj,No_Kink,1338,704245
result_trotter_10_Heisenberg2D_cylinder_0.5_0.5_det,inner,2,SA,0.01,1,Proj,Yes_Kink,1336,672448
result_SELECT_10_Heisenberg2D_cylinder_0.5_0.5_6,outer,1,random,0.0,0,Single,No_MSF,211,282944
result_SELECT_10_Heisenberg2D_cylinder_0.5_0.5_6,outer,1,random,0.0,0,Single,No_Top,211,276832
result_SELECT_10_Heisenberg2D_cylinder_0.5_0.5_6,outer,1,random,0.0,0,Single,No_Kink,725,1746050
result_SELECT_10_Heisenberg2D_cylinder_0.5_0.5_6,outer,1,random,0.0,0,Double,No_MSF,177,238336
result_SELECT_10_Heisenberg2D_cylinder_0.5_0.5_6,outer,1,random,0.0,0,Double,No_Top,177,232224
result_SELECT_10_Heisenberg2D_cylinder_0.5_0.5_6,outer,1,random,0.0,0,Double,No_Kink,416,1350174
result_SELECT_10_Heisenberg2D_cylinder_0.5_0.5_6,outer,1,random,0.0,0,Double,Yes_Kink,414,1350580
result_SELECT_10_Heisenberg2D_cylinder_0.5_0.5_6,outer,1,random,0.0,0,Proj,No_MSF,108,147808
result_SELECT_10_Heisenberg2D_cylinder_0.5_0.5_6,outer,1,random,0.0,0,Proj,No_Top,108,141696
result_SELECT_10_Heisenberg2D_cylinder_0.5_0.5_6,outer,1,random,0.0,0,Proj,No_Kink,292,1375524
result_SELECT_10_Heisenberg2D_cylinder_0.5_0.5_6,outer,1,random,0.0,0,Proj,Yes_Kink,298,1385744
result_SELECT_10_Heisenberg2D_cylinder_0.5_0.5_3,inner,2,SA,0.001,0,Single,No_MSF,1069,295440
result_SELECT_10_Heisenberg2D_cylinder_0.5_0.5_3,inner,2,SA,0.001,0,Single,No_Top,1069,290768
result_SELECT_10_Heisenberg2D_cylinder_0.5_0.5_3,inner,2,SA,0.001,0,Single,No_Kink,1070,353340
result_SELECT_10_Heisenberg2D_cylinder_0.5_0.5_3,inner,2,SA,0.001,0,Single,Yes_Kink,1070,364265
result_SELECT_10_Heisenberg2D_cylinder_0.5_0.5_3,inner,2,SA,0.001,0,Double,No_MSF,987,273136
result_SELECT_10_Heisenberg2D_cylinder_0.5_0.5_3,inner,2,SA,0.001,0,Double,No_Top,987,268464
result_SELECT_10_Heisenberg2D_cylinder_0.5_0.5_3,inner,2,SA,0.001,0,Double,No_Kink,988,345984
result_SELECT_10_Heisenberg2D_cylinder_0.5_0.5_3,inner,2,SA,0.001,0,Double,Yes_Kink,1021,352128
result_SELECT_10_Heisenberg2D_cylinder_0.5_0.5_3,inner,2,SA,0.001,0,Proj,No_MSF,837,232336
result_SELECT_10_Heisenberg2D_cylinder_0.5_0.5_3,inner,2,SA,0.001,0,Proj,No_Top,837,227664
result_SELECT_10_Heisenberg2D_cylinder_0.5_0.5_3,inner,2,SA,0.001,0,Proj,No_Kink,847,907791
result_SELECT_10_Heisenberg2D_cylinder_0.5_0.5_3,inner,2,SA,0.001,0,Proj,Yes_Kink,852,890279
result_SELECT_10_Heisenberg2D_cylinder_0.5_0.5_6,outer,1,SA,1.0,8,Single,No_MSF,211,331840
result_SELECT_10_Heisenberg2D_cylinder_0.5_0.5_6,outer,1,SA,1.0,8,Single,No_Top,408,584192
result_SELECT_10_Heisenberg2D_cylinder_0.5_0.5_6,outer,1,SA,1.0,8,Single,No_Kink,425,990582
result_SELECT_10_Heisenberg2D_cylinder_0.5_0.5_6,outer,1,SA,1.0,8,Double,No_MSF,177,287232
result_SELECT_10_Heisenberg2D_cylinder_0.5_0.5_6,outer,1,SA,1.0,8,Double,No_Top,392,563200
result_SELECT_10_Heisenberg2D_cylinder_0.5_0.5_6,outer,1,SA,1.0,8,Double,No_Kink,396,1032907
result_SELECT_10_Heisenberg2D_cylinder_0.5_0.5_6,outer,1,SA,1.0,8,Double,Yes_Kink,400,1039664
result_SELECT_10_Heisenberg2D_cylinder_0.5_0.5_6,outer,1,SA,1.0,8,Proj,No_MSF,108,196704
result_SELECT_10_Heisenberg2D_cylinder_0.5_0.5_6,outer,1,SA,1.0,8,Proj,No_Top,369,533024
result_SELECT_10_Heisenberg2D_cylinder_0.5_0.5_6,outer,1,SA,1.0,8,Proj,No_Kink,378,1678840
result_SELECT_10_Heisenberg2D_cylinder_0.5_0.5_6,outer,1,SA,1.0,8,Proj,Yes_Kink,379,1664723
result_SELECT_10_Heisenberg2D_cylinder_0.5_0.5_2,outer,1,SA,1.0,2,Single,No_MSF,2072,403168
result_SELECT_10_Heisenberg2D_cylinder_0.5_0.5_2,outer,1,SA,1.0,2,Single,No_Top,2072,398624
result_SELECT_10_Heisenberg2D_cylinder_0.5_0.5_2,outer,1,SA,1.0,2,Single,No_Kink,2074,462524
result_SELECT_10_Heisenberg2D_cylinder_0.5_0.5_2,outer,1,SA,1.0,2,Double,No_MSF,1921,374780
result_SELECT_10_Heisenberg2D_cylinder_0.5_0.5_2,outer,1,SA,1.0,2,Double,No_Top,1921,370236
result_SELECT_10_Heisenberg2D_cylinder_0.5_0.5_2,outer,1,SA,1.0,2,Double,No_Kink,1922,448128
result_SELECT_10_Heisenberg2D_cylinder_0.5_0.5_2,outer,1,SA,1.0,2,Double,Yes_Kink,1930,448004
result_SELECT_10_Heisenberg2D_cylinder_0.5_0.5_2,outer,1,SA,1.0,2,Proj,No_MSF,1668,327216
result_SELECT_10_Heisenberg2D_cylinder_0.5_0.5_2,outer,1,SA,1.0,2,Proj,No_Top,1668,322672
result_SELECT_10_Heisenberg2D_cylinder_0.5_0.5_2,outer,1,SA,1.0,2,Proj,No_Kink,1679,1110134
result_SELECT_10_Heisenberg2D_cylinder_0.5_0.5_2,outer,1,SA,1.0,2,Proj,Yes_Kink,1685,1073074
result_trotter_10_Heisenberg2D_cylinder_0.5_0.5_det,outer,2,naive,0.0,0,Single,No_MSF,756,101100
result_trotter_10_Heisenberg2D_cylinder_0.5_0.5_det,outer,2,naive,0.0,0,Single,No_Top,784,78400
result_trotter_10_Heisenberg2D_cylinder_0.5_0.5_det,outer,2,naive,0.0,0,Single,No_Kink,913,265127
result_trotter_10_Heisenberg2D_cylinder_0.5_0.5_det,outer,2,naive,0.0,0,Single,Yes_Kink,931,267160
result_trotter_10_Heisenberg2D_cylinder_0.5_0.5_det,outer,2,naive,0.0,0,Double,No_MSF,749,100400
result_trotter_10_Heisenberg2D_cylinder_0.5_0.5_det,outer,2,naive,0.0,0,Double,No_Top,762,76200
result_trotter_10_Heisenberg2D_cylinder_0.5_0.5_det,outer,2,naive,0.0,0,Double,No_Kink,909,309731
result_trotter_10_Heisenberg2D_cylinder_0.5_0.5_det,outer,2,naive,0.0,0,Double,Yes_Kink,1092,360947
result_trotter_10_Heisenberg2D_cylinder_0.5_0.5_det,outer,2,naive,0.0,0,Proj,No_MSF,390,64500
result_trotter_10_Heisenberg2D_cylinder_0.5_0.5_det,outer,2,naive,0.0,0,Proj,No_Top,580,58000
result_trotter_10_Heisenberg2D_cylinder_0.5_0.5_det,outer,2,naive,0.0,0,Proj,No_Kink,993,523232
result_trotter_10_Heisenberg2D_cylinder_0.5_0.5_det,outer,2,naive,0.0,0,Proj,Yes_Kink,1033,532957
result_trotter_10_Heisenberg2D_cylinder_0.5_0.5_det,outer,2,SA,0.01,1,Single,No_MSF,756,126600
result_trotter_10_Heisenberg2D_cylinder_0.5_0.5_det,outer,2,SA,0.01,1,Single,No_Top,1315,157000
result_trotter_10_Heisenberg2D_cylinder_0.5_0.5_det,outer,2,SA,0.01,1,Single,No_Kink,1354,438078
result_trotter_10_Heisenberg2D_cylinder_0.5_0.5_det,outer,2,SA,0.01,1,Single,Yes_Kink,1378,439972
result_trotter_10_Heisenberg2D_cylinder_0.5_0.5_det,outer,2,SA,0.01,1,Double,No_MSF,749,125900
result_trotter_10_Heisenberg2D_cylinder_0.5_0.5_det,outer,2,SA,0.01,1,Double,No_Top,1292,154700
result_trotter_10_Heisenberg2D_cylinder_0.5_0.5_det,outer,2,SA,0.01,1,Double,No_Kink,1298,483791
result_trotter_10_Heisenberg2D_cylinder_0.5_0.5_det,outer,2,SA,0.01,1,Double,Yes_Kink,1324,483602
result_trotter_10_Heisenberg2D_cylinder_0.5_0.5_det,outer,2,SA,0.01,1,Proj,No_MSF,390,90000
result_trotter_10_Heisenberg2D_cylinder_0.5_0.5_det,outer,2,SA,0.01,1,Proj,No_Top,1160,141500
result_trotter_10_Heisenberg2D_cylinder_0.5_0.5_det,outer,2,SA,0.01,1,Proj,No_Kink,1281,715960
result_trotter_10_Heisenberg2D_cylinder_0.5_0.5_det,outer,2,SA,0.01,1,Proj,Yes_Kink,1293,705819
result_SELECT_10_Heisenberg2D_cylinder_0.5_0.5_3,inner,1,SA,1.0,2,Single,No_MSF,1069,304784
result_SELECT_10_Heisenberg2D_cylinder_0.5_0.5_3,inner,1,SA,1.0,2,Single,No_Top,1069,300112
result_SELECT_10_Heisenberg2D_cylinder_0.5_0.5_3,inner,1,SA,1.0,2,Single,No_Kink,1083,364568
result_SELECT_10_Heisenberg2D_cylinder_0.5_0.5_3,inner,1,SA,1.0,2,Double,No_MSF,987,282480
result_SELECT_10_Heisenberg2D_cylinder_0.5_0.5_3,inner,1,SA,1.0,2,Double,No_Top,987,277808
result_SELECT_10_Heisenberg2D_cylinder_0.5_0.5_3,inner,1,SA,1.0,2,Double,No_Kink,988,355061
result_SELECT_10_Heisenberg2D_cylinder_0.5_0.5_3,inner,1,SA,1.0,2,Double,Yes_Kink,992,356948
result_SELECT_10_Heisenberg2D_cylinder_0.5_0.5_3,inner,1,SA,1.0,2,Proj,No_MSF,837,241680
result_SELECT_10_Heisenberg2D_cylinder_0.5_0.5_3,inner,1,SA,1.0,2,Proj,No_Top,837,237008
result_SELECT_10_Heisenberg2D_cylinder_0.5_0.5_3,inner,1,SA,1.0,2,Proj,No_Kink,853,874770
result_SELECT_10_Heisenberg2D_cylinder_0.5_0.5_3,inner,1,SA,1.0,2,Proj,Yes_Kink,854,850387
result_SELECT_10_Heisenberg2D_cylinder_0.5_0.5_2,inner,2,random,0.0,2,Single,No_MSF,2072,403168
result_SELECT_10_Heisenberg2D_cylinder_0.5_0.5_2,inner,2,random,0.0,2,Single,No_Top,2072,398624
result_SELECT_10_Heisenberg2D_cylinder_0.5_0.5_2,inner,2,random,0.0,2,Single,No_Kink,2073,544453
result_SELECT_10_Heisenberg2D_cylinder_0.5_0.5_2,inner,2,random,0.0,2,Single,Yes_Kink,2075,553071
result_SELECT_10_Heisenberg2D_cylinder_0.5_0.5_2,inner,2,random,0.0,2,Double,No_MSF,1921,374780
result_SELECT_10_Heisenberg2D_cylinder_0.5_0.5_2,inner,2,random,0.0,2,Double,No_Top,1921,370236
result_SELECT_10_Heisenberg2D_cylinder_0.5_0.5_2,inner,2,random,0.0,2,Double,No_Kink,1922,528147
result_SELECT_10_Heisenberg2D_cylinder_0.5_0.5_2,inner,2,random,0.0,2,Double,Yes_Kink,1994,540928
result_SELECT_10_Heisenberg2D_cylinder_0.5_0.5_2,inner,2,random,0.0,2,Proj,No_MSF,1668,327216
result_SELECT_10_Heisenberg2D_cylinder_0.5_0.5_2,inner,2,random,0.0,2,Proj,No_Top,1668,322672
result_SELECT_10_Heisenberg2D_cylinder_0.5_0.5_2,inner,2,random,0.0,2,Proj,No_Kink,1679,1225944
result_SELECT_10_Heisenberg2D_cylinder_0.5_0.5_2,inner,2,random,0.0,2,Proj,Yes_Kink,1680,1199072
result_SELECT_10_Heisenberg2D_cylinder_0.5_0.5_5,outer,2,SA,0.001,2,Single,No_MSF,327,256704
result_SELECT_10_Heisenberg2D_cylinder_0.5_0.5_5,outer,2,SA,0.001,2,Single,No_Top,327,251360
result_SELECT_10_Heisenberg2D_cylinder_0.5_0.5_5,outer,2,SA,0.001,2,Single,No_Kink,334,395534
result_SELECT_10_Heisenberg2D_cylinder_0.5_0.5_5,outer,2,SA,0.001,2,Single,Yes_Kink,336,408039
result_SELECT_10_Heisenberg2D_cylinder_0.5_0.5_5,outer,2,SA,0.001,2,Double,No_MSF,290,229472
result_SELECT_10_Heisenberg2D_cylinder_0.5_0.5_5,outer,2,SA,0.001,2,Double,No_Top,291,224864
result_SELECT_10_Heisenberg2D_cylinder_0.5_0.5_5,outer,2,SA,0.001,2,Double,No_Kink,296,380910
result_SELECT_10_Heisenberg2D_cylinder_0.5_0.5_5,outer,2,SA,0.001,2,Double,Yes_Kink,305,389400
result_SELECT_10_Heisenberg2D_cylinder_0.5_0.5_5,outer,2,SA,0.001,2,Proj,No_MSF,213,172800
result_SELECT_10_Heisenberg2D_cylinder_0.5_0.5_5,outer,2,SA,0.001,2,Proj,No_Top,213,167456
result_SELECT_10_Heisenberg2D_cylinder_0.5_0.5_5,outer,2,SA,0.001,2,Proj,No_Kink,242,718127
result_SELECT_10_Heisenberg2D_cylinder_0.5_0.5_5,outer,2,SA,0.001,2,Proj,Yes_Kink,245,712311
result_SELECT_10_Heisenberg2D_cylinder_0.5_0.5_4,inner,2,SA,1.0,2,Single,No_MSF,571,261360
result_SELECT_10_Heisenberg2D_cylinder_0.5_0.5_4,inner,2,SA,1.0,2,Single,No_Top,571,256464
result_SELECT_10_Heisenberg2D_cylinder_0.5_0.5_4,inner,2,SA,1.0,2,Single,No_Kink,572,319758
result_SELECT_10_Heisenberg2D_cylinder_0.5_0.5_4,inner,2,SA,1.0,2,Single,Yes_Kink,573,332810
result_SELECT_10_Heisenberg2D_cylinder_0.5_0.5_4,inner,2,SA,1.0,2,Double,No_MSF,522,240192
result_SELECT_10_Heisenberg2D_cylinder_0.5_0.5_4,inner,2,SA,1.0,2,Double,No_Top,522,235296
result_SELECT_10_Heisenberg2D_cylinder_0.5_0.5_4,inner,2,SA,1.0,2,Double,No_Kink,522,314330
result_SELECT_10_Heisenberg2D_cylinder_0.5_0.5_4,inner,2,SA,1.0,2,Double,Yes_Kink,541,319694
result_SELECT_10_Heisenberg2D_cylinder_0.5_0.5_4,inner,2,SA,1.0,2,Proj,No_MSF,420,196128
result_SELECT_10_Heisenberg2D_cylinder_0.5_0.5_4,inner,2,SA,1.0,2,Proj,No_Top,420,191232
result_SELECT_10_Heisenberg2D_cylinder_0.5_0.5_4,inner,2,SA,1.0,2,Proj,No_Kink,436,730420
result_SELECT_10_Heisenberg2D_cylinder_0.5_0.5_4,inner,2,SA,1.0,2,Proj,Yes_Kink,436,714581
result_trotter_10_Heisenberg2D_cylinder_0.5_0.5_rand,inner,2,SA,1.0,0,Single,No_MSF,744,99900
result_trotter_10_Heisenberg2D_cylinder_0.5_0.5_rand,inner,2,SA,1.0,0,Single,No_Top,749,74900
result_trotter_10_Heisenberg2D_cylinder_0.5_0.5_rand,inner,2,SA,1.0,0,Single,No_Kink,751,164620
result_trotter_10_Heisenberg2D_cylinder_0.5_0.5_rand,inner,2,SA,1.0,0,Single,Yes_Kink,756,171030
result_trotter_10_Heisenberg2D_cylinder_0.5_0.5_rand,inner,2,SA,1.0,0,Double,No_MSF,721,97600
result_trotter_10_Heisenberg2D_cylinder_0.5_0.5_rand,inner,2,SA,1.0,0,Double,No_Top,721,72100
result_trotter_10_Heisenberg2D_cylinder_0.5_0.5_rand,inner,2,SA,1.0,0,Double,No_Kink,734,201144
result_trotter_10_Heisenberg2D_cylinder_0.5_0.5_rand,inner,2,SA,1.0,0,Double,Yes_Kink,753,196876
result_trotter_10_Heisenberg2D_cylinder_0.5_0.5_rand,inner,2,SA,1.0,0,Proj,No_MSF,390,64500
result_trotter_10_Heisenberg2D_cylinder_0.5_0.5_rand,inner,2,SA,1.0,0,Proj,No_Top,580,58000
result_trotter_10_Heisenberg2D_cylinder_0.5_0.5_rand,inner,2,SA,1.0,0,Proj,No_Kink,718,365849
result_trotter_10_Heisenberg2D_cylinder_0.5_0.5_rand,inner,2,SA,1.0,0,Proj,Yes_Kink,733,357628
result_trotter_10_Heisenberg2D_cylinder_0.5_0.5_det,outer,1,naive,0.0,0,Single,No_MSF,756,101100
result_trotter_10_Heisenberg2D_cylinder_0.5_0.5_det,outer,1,naive,0.0,0,Single,No_Top,784,78400
result_trotter_10_Heisenberg2D_cylinder_0.5_0.5_det,outer,1,naive,0.0,0,Single,No_Kink,1034,277080
result_trotter_10_Heisenberg2D_cylinder_0.5_0.5_det,outer,1,naive,0.0,0,Double,No_MSF,749,100400
result_trotter_10_Heisenberg2D_cylinder_0.5_0.5_det,outer,1,naive,0.0,0,Double,No_Top,762,76200
result_trotter_10_Heisenberg2D_cylinder_0.5_0.5_det,outer,1,naive,0.0,0,Double,No_Kink,1020,328894
result_trotter_10_Heisenberg2D_cylinder_0.5_0.5_det,outer,1,naive,0.0,0,Double,Yes_Kink,1207,373075
result_trotter_10_Heisenberg2D_cylinder_0.5_0.5_det,outer,1,naive,0.0,0,Proj,No_MSF,390,64500
result_trotter_10_Heisenberg2D_cylinder_0.5_0.5_det,outer,1,naive,0.0,0,Proj,No_Top,580,58000
result_trotter_10_Heisenberg2D_cylinder_0.5_0.5_det,outer,1,naive,0.0,0,Proj,No_Kink,972,359179
result_trotter_10_Heisenberg2D_cylinder_0.5_0.5_det,outer,1,naive,0.0,0,Proj,Yes_Kink,998,354765
result_SELECT_10_Heisenberg2D_cylinder_0.5_0.5_1,inner,2,SA,1.0,0,Single,No_MSF,4079,591856
result_SELECT_10_Heisenberg2D_cylinder_0.5_0.5_1,inner,2,SA,1.0,0,Single,No_Top,4079,587376
result_SELECT_10_Heisenberg2D_cylinder_0.5_0.5_1,inner,2,SA,1.0,0,Single,No_Kink,4079,632079
result_SELECT_10_Heisenberg2D_cylinder_0.5_0.5_1,inner,2,SA,1.0,0,Single,Yes_Kink,4079,640401
result_SELECT_10_Heisenberg2D_cylinder_0.5_0.5_1,inner,2,SA,1.0,0,Double,No_MSF,3792,550528
result_SELECT_10_Heisenberg2D_cylinder_0.5_0.5_1,inner,2,SA,1.0,0,Double,No_Top,3792,546048
result_SELECT_10_Heisenberg2D_cylinder_0.5_0.5_1,inner,2,SA,1.0,0,Double,No_Kink,3792,607925
result_SELECT_10_Heisenberg2D_cylinder_0.5_0.5_1,inner,2,SA,1.0,0,Double,Yes_Kink,3933,626197
result_SELECT_10_Heisenberg2D_cylinder_0.5_0.5_1,inner,2,SA,1.0,0,Proj,No_MSF,3333,484432
result_SELECT_10_Heisenberg2D_cylinder_0.5_0.5_1,inner,2,SA,1.0,0,Proj,No_Top,3333,479952
result_SELECT_10_Heisenberg2D_cylinder_0.5_0.5_1,inner,2,SA,1.0,0,Proj,No_Kink,3340,1524935
result_SELECT_10_Heisenberg2D_cylinder_0.5_0.5_1,inner,2,SA,1.0,0,Proj,Yes_Kink,3341,1487165
result_trotter_10_Heisenberg2D_cylinder_0.5_0.5_rand,inner,2,SA,0.01,2,Single,No_MSF,744,150900
result_trotter_10_Heisenberg2D_cylinder_0.5_0.5_rand,inner,2,SA,0.01,2,Single,No_Top,1782,229200
result_trotter_10_Heisenberg2D_cylinder_0.5_0.5_rand,inner,2,SA,0.01,2,Single,No_Kink,1787,455374
result_trotter_10_Heisenberg2D_cylinder_0.5_0.5_rand,inner,2,SA,0.01,2,Single,Yes_Kink,1799,470725
result_trotter_10_Heisenberg2D_cylinder_0.5_0.5_rand,inner,2,SA,0.01,2,Double,No_MSF,721,148600
result_trotter_10_Heisenberg2D_cylinder_0.5_0.5_rand,inner,2,SA,0.01,2,Double,No_Top,1777,228700
result_trotter_10_Heisenberg2D_cylinder_0.5_0.5_rand,inner,2,SA,0.01,2,Double,No_Kink,1777,448133
result_trotter_10_Heisenberg2D_cylinder_0.5_0.5_rand,inner,2,SA,0.01,2,Double,Yes_Kink,1780,469582
result_trotter_10_Heisenberg2D_cylinder_0.5_0.5_rand,inner,2,SA,0.01,2,Proj,No_MSF,390,115500
result_trotter_10_Heisenberg2D_cylinder_0.5_0.5_rand,inner,2,SA,0.01,2,Proj,No_Top,1740,225000
result_trotter_10_Heisenberg2D_cylinder_0.5_0.5_rand,inner,2,SA,0.01,2,Proj,No_Kink,1839,1043420
result_trotter_10_Heisenberg2D_cylinder_0.5_0.5_rand,inner,2,SA,0.01,2,Proj,Yes_Kink,1842,993302
result_SELECT_100_random_local_OBC_0_0_6,outer,1,SA,0.001,2,Single,No_MSF,247,306944
result_SELECT_100_random_local_OBC_0_0_6,outer,1,SA,0.001,2,Single,No_Top,247,302112
result_SELECT_100_random_local_OBC_0_0_6,outer,1,SA,0.001,2,Single,No_Kink,530,941394
result_SELECT_100_random_local_OBC_0_0_6,outer,1,SA,0.001,2,Double,No_MSF,192,241824
result_SELECT_100_random_local_OBC_0_0_6,outer,1,SA,0.001,2,Double,No_Top,193,238176
result_SELECT_100_random_local_OBC_0_0_6,outer,1,SA,0.001,2,Double,No_Kink,419,855612
result_SELECT_100_random_local_OBC_0_0_6,outer,1,SA,0.001,2,Double,Yes_Kink,424,864899
result_SELECT_100_random_local_OBC_0_0_6,outer,1,SA,0.001,2,Proj,No_MSF,128,166048
result_SELECT_100_random_local_OBC_0_0_6,outer,1,SA,0.001,2,Proj,No_Top,128,161216
result_SELECT_100_random_local_OBC_0_0_6,outer,1,SA,0.001,2,Proj,No_Kink,373,1559142
result_SELECT_100_random_local_OBC_0_0_6,outer,1,SA,0.001,2,Proj,Yes_Kink,384,1585743
result_SELECT_100_Schwinger_OBC_0_0_6,outer,1,SA,0.01,2,Single,No_MSF,730,1212896
result_SELECT_100_Schwinger_OBC_0_0_6,outer,1,SA,0.01,2,Single,No_Top,732,1193280
result_SELECT_100_Schwinger_OBC_0_0_6,outer,1,SA,0.01,2,Single,No_Kink,1283,3241413
result_SELECT_100_Schwinger_OBC_0_0_6,outer,1,SA,0.01,2,Double,No_MSF,621,1041984
result_SELECT_100_Schwinger_OBC_0_0_6,outer,1,SA,0.01,2,Double,No_Top,623,1022368
result_SELECT_100_Schwinger_OBC_0_0_6,outer,1,SA,0.01,2,Double,No_Kink,1014,3033758
result_SELECT_100_Schwinger_OBC_0_0_6,outer,1,SA,0.01,2,Double,Yes_Kink,1042,3130269
result_SELECT_100_Schwinger_OBC_0_0_6,outer,1,SA,0.01,2,Proj,No_MSF,488,833440
result_SELECT_100_Schwinger_OBC_0_0_6,outer,1,SA,0.01,2,Proj,No_Top,488,810688
result_SELECT_100_Schwinger_OBC_0_0_6,outer,1,SA,0.01,2,Proj,No_Kink,1117,6204043
result_SELECT_100_Schwinger_OBC_0_0_6,outer,1,SA,0.01,2,Proj,Yes_Kink,1144,6277292
result_SELECT_10_Heisenberg2D_cylinder_0.5_0.5_1,inner,2,SA,0.01,2,Single,No_MSF,4079,600816
result_SELECT_10_Heisenberg2D_cylinder_0.5_0.5_1,inner,2,SA,0.01,2,Single,No_Top,4080,596480
result_SELECT_10_Heisenberg2D_cylinder_0.5_0.5_1,inner,2,SA,0.01,2,Single,No_Kink,4080,668716
result_SELECT_10_Heisenberg2D_cylinder_0.5_0.5_1,inner,2,SA,0.01,2,Single,Yes_Kink,4080,680947
result_SELECT_10_Heisenberg2D_cylinder_0.5_0.5_1,inner,2,SA,0.01,2,Double,No_MSF,3792,559488
result_SELECT_10_Heisenberg2D_cylinder_0.5_0.5_1,inner,2,SA,0.01,2,Double,No_Top,3793,555152
result_SELECT_10_Heisenberg2D_cylinder_0.5_0.5_1,inner,2,SA,0.01,2,Double,No_Kink,3796,639814
result_SELECT_10_Heisenberg2D_cylinder_0.5_0.5_1,inner,2,SA,0.01,2,Double,Yes_Kink,3796,637936
result_SELECT_10_Heisenberg2D_cylinder_0.5_0.5_1,inner,2,SA,0.01,2,Proj,No_MSF,3333,493392
result_SELECT_10_Heisenberg2D_cylinder_0.5_0.5_1,inner,2,SA,0.01,2,Proj,No_Top,3333,488912
result_SELECT_10_Heisenberg2D_cylinder_0.5_0.5_1,inner,2,SA,0.01,2,Proj,No_Kink,3339,1596529
result_SELECT_10_Heisenberg2D_cylinder_0.5_0.5_1,inner,2,SA,0.01,2,Proj,Yes_Kink,3340,1537326
result_SELECT_10_Heisenberg2D_cylinder_0.5_0.5_4,outer,1,random,0.0,2,Single,No_MSF,571,261360
result_SELECT_10_Heisenberg2D_cylinder_0.5_0.5_4,outer,1,random,0.0,2,Single,No_Top,571,256464
result_SELECT_10_Heisenberg2D_cylinder_0.5_0.5_4,outer,1,random,0.0,2,Single,No_Kink,908,774450
result_SELECT_10_Heisenberg2D_cylinder_0.5_0.5_4,outer,1,random,0.0,2,Double,No_MSF,522,240192
result_SELECT_10_Heisenberg2D_cylinder_0.5_0.5_4,outer,1,random,0.0,2,Double,No_Top,522,235296
result_SELECT_10_Heisenberg2D_cylinder_0.5_0.5_4,outer,1,random,0.0,2,Double,No_Kink,611,658804
result_SELECT_10_Heisenberg2D_cylinder_0.5_0.5_4,outer,1,random,0.0,2,Double,Yes_Kink,611,660227
result_SELECT_10_Heisenberg2D_cylinder_0.5_0.5_4,outer,1,random,0.0,2,Proj,No_MSF,420,196128
result_SELECT_10_Heisenberg2D_cylinder_0.5_0.5_4,outer,1,random,0.0,2,Proj,No_Top,420,191232
result_SELECT_10_Heisenberg2D_cylinder_0.5_0.5_4,outer,1,random,0.0,2,Proj,No_Kink,504,804085
result_SELECT_10_Heisenberg2D_cylinder_0.5_0.5_4,outer,1,random,0.0,2,Proj,Yes_Kink,516,807867
result_SELECT_10_Heisenberg2D_cylinder_0.5_0.5_3,inner,1,SA,0.1,2,Single,No_MSF,1069,304784
result_SELECT_10_Heisenberg2D_cylinder_0.5_0.5_3,inner,1,SA,0.1,2,Single,No_Top,1069,300112
result_SELECT_10_Heisenberg2D_cylinder_0.5_0.5_3,inner,1,SA,0.1,2,Single,No_Kink,1072,368508
result_SELECT_10_Heisenberg2D_cylinder_0.5_0.5_3,inner,1,SA,0.1,2,Double,No_MSF,987,282480
result_SELECT_10_Heisenberg2D_cylinder_0.5_0.5_3,inner,1,SA,0.1,2,Double,No_Top,987,277808
result_SELECT_10_Heisenberg2D_cylinder_0.5_0.5_3,inner,1,SA,0.1,2,Double,No_Kink,988,360204
result_SELECT_10_Heisenberg2D_cylinder_0.5_0.5_3,inner,1,SA,0.1,2,Double,Yes_Kink,999,363752
result_SELECT_10_Heisenberg2D_cylinder_0.5_0.5_3,inner,1,SA,0.1,2,Proj,No_MSF,837,241680
result_SELECT_10_Heisenberg2D_cylinder_0.5_0.5_3,inner,1,SA,0.1,2,Proj,No_Top,837,237008
result_SELECT_10_Heisenberg2D_cylinder_0.5_0.5_3,inner,1,SA,0.1,2,Proj,No_Kink,865,860265
result_SELECT_10_Heisenberg2D_cylinder_0.5_0.5_3,inner,1,SA,0.1,2,Proj,Yes_Kink,864,850531
result_SELECT_10_Heisenberg2D_cylinder_0.5_0.5_5,inner,1,SA,0.01,0,Single,No_MSF,327,246016
result_SELECT_10_Heisenberg2D_cylinder_0.5_0.5_5,inner,1,SA,0.01,0,Single,No_Top,327,240672
result_SELECT_10_Heisenberg2D_cylinder_0.5_0.5_5,inner,1,SA,0.01,0,Single,No_Kink,337,358210
result_SELECT_10_Heisenberg2D_cylinder_0.5_0.5_5,inner,1,SA,0.01,0,Double,No_MSF,290,218784
result_SELECT_10_Heisenberg2D_cylinder_0.5_0.5_5,inner,1,SA,0.01,0,Double,No_Top,290,213440
result_SELECT_10_Heisenberg2D_cylinder_0.5_0.5_5,inner,1,SA,0.01,0,Double,No_Kink,297,340135
result_SELECT_10_Heisenberg2D_cylinder_0.5_0.5_5,inner,1,SA,0.01,0,Double,Yes_Kink,305,350145
result_SELECT_10_Heisenberg2D_cylinder_0.5_0.5_5,inner,1,SA,0.01,0,Proj,No_MSF,213,162112
result_SELECT_10_Heisenberg2D_cylinder_0.5_0.5_5,inner,1,SA,0.01,0,Proj,No_Top,213,156768
result_SELECT_10_Heisenberg2D_cylinder_0.5_0.5_5,inner,1,SA,0.01,0,Proj,No_Kink,248,669211
result_SELECT_10_Heisenberg2D_cylinder_0.5_0.5_5,inner,1,SA,0.01,0,Proj,Yes_Kink,254,670069
result_trotter_10_Heisenberg2D_cylinder_0.5_0.5_det,outer,2,random,0.0,2,Single,No_MSF,756,152100
result_trotter_10_Heisenberg2D_cylinder_0.5_0.5_det,outer,2,random,0.0,2,Single,No_Top,1864,237400
result_trotter_10_Heisenberg2D_cylinder_0.5_0.5_det,outer,2,random,0.0,2,Single,No_Kink,1922,533855
result_trotter_10_Heisenberg2D_cylinder_0.5_0.5_det,outer,2,random,0.0,2,Single,Yes_Kink,1931,536744
result_trotter_10_Heisenberg2D_cylinder_0.5_0.5_det,outer,2,random,0.0,2,Double,No_MSF,749,151400
result_trotter_10_Heisenberg2D_cylinder_0.5_0.5_det,outer,2,random,0.0,2,Double,No_Top,1861,237100
result_trotter_10_Heisenberg2D_cylinder_0.5_0.5_det,outer,2,random,0.0,2,Double,No_Kink,1866,550685
result_trotter_10_Heisenberg2D_cylinder_0.5_0.5_det,outer,2,random,0.0,2,Double,Yes_Kink,1883,567349
result_trotter_10_Heisenberg2D_cylinder_0.5_0.5_det,outer,2,random,0.0,2,Proj,No_MSF,390,115500
result_trotter_10_Heisenberg2D_cylinder_0.5_0.5_det,outer,2,random,0.0,2,Proj,No_Top,1740,225000
result_trotter_10_Heisenberg2D_cylinder_0.5_0.5_det,outer,2,random,0.0,2,Proj,No_Kink,2019,1165164
result_trotter_10_Heisenberg2D_cylinder_0.5_0.5_det,outer,2,random,0.0,2,Proj,Yes_Kink,2026,1141370
result_SELECT_10_Z2LatticeGauge2D_PBC_0_0_6,outer,2,random,0.0,2,Single,No_MSF,113,138212
result_SELECT_10_Z2LatticeGauge2D_PBC_0_0_6,outer,2,random,0.0,2,Single,No_Top,119,142620
result_SELECT_10_Z2LatticeGauge2D_PBC_0_0_6,outer,2,random,0.0,2,Single,No_Kink,169,421148
result_SELECT_10_Z2LatticeGauge2D_PBC_0_0_6,outer,2,random,0.0,2,Single,Yes_Kink,168,422444
result_SELECT_10_Z2LatticeGauge2D_PBC_0_0_6,outer,2,random,0.0,2,Double,No_MSF,91,112780
result_SELECT_10_Z2LatticeGauge2D_PBC_0_0_6,outer,2,random,0.0,2,Double,No_Top,98,118344
result_SELECT_10_Z2LatticeGauge2D_PBC_0_0_6,outer,2,random,0.0,2,Double,No_Kink,135,393671
result_SELECT_10_Z2LatticeGauge2D_PBC_0_0_6,outer,2,random,0.0,2,Double,Yes_Kink,142,404503
result_SELECT_10_Z2LatticeGauge2D_PBC_0_0_6,outer,2,random,0.0,2,Proj,No_MSF,43,57292
result_SELECT_10_Z2LatticeGauge2D_PBC_0_0_6,outer,2,random,0.0,2,Proj,No_Top,57,70948
result_SELECT_10_Z2LatticeGauge2D_PBC_0_0_6,outer,2,random,0.0,2,Proj,No_Kink,99,444395
result_SELECT_10_Z2LatticeGauge2D_PBC_0_0_6,outer,2,random,0.0,2,Proj,Yes_Kink,102,449814
result_trotter_10_Heisenberg2D_cylinder_0.5_0.5_rand,inner,2,SA,0.1,0,Single,No_MSF,744,99900
result_trotter_10_Heisenberg2D_cylinder_0.5_0.5_rand,inner,2,SA,0.1,0,Single,No_Top,749,74900
result_trotter_10_Heisenberg2D_cylinder_0.5_0.5_rand,inner,2,SA,0.1,0,Single,No_Kink,752,178003
result_trotter_10_Heisenberg2D_cylinder_0.5_0.5_rand,inner,2,SA,0.1,0,Single,Yes_Kink,759,189570
result_trotter_10_Heisenberg2D_cylinder_0.5_0.5_rand,inner,2,SA,0.1,0,Double,No_MSF,721,97600
result_trotter_10_Heisenberg2D_cylinder_0.5_0.5_rand,inner,2,SA,0.1,0,Double,No_Top,721,72100
result_trotter_10_Heisenberg2D_cylinder_0.5_0.5_rand,inner,2,SA,0.1,0,Double,No_Kink,737,221577
result_trotter_10_Heisenberg2D_cylinder_0.5_0.5_rand,inner,2,SA,0.1,0,Double,Yes_Kink,762,216416
result_trotter_10_Heisenberg2D_cylinder_0.5_0.5_rand,inner,2,SA,0.1,0,Proj,No_MSF,390,64500
result_trotter_10_Heisenberg2D_cylinder_0.5_0.5_rand,inner,2,SA,0.1,0,Proj,No_Top,580,58000
result_trotter_10_Heisenberg2D_cylinder_0.5_0.5_rand,inner,2,SA,0.1,0,Proj,No_Kink,709,370027
result_trotter_10_Heisenberg2D_cylinder_0.5_0.5_rand,inner,2,SA,0.1,0,Proj,Yes_Kink,718,361141
result_SELECT_10_Z2LatticeGauge2D_PBC_0_0_6,inner,2,SA,0.01,2,Single,No_MSF,113,138212
result_SELECT_10_Z2LatticeGauge2D_PBC_0_0_6,inner,2,SA,0.01,2,Single,No_Top,119,142620
result_SELECT_10_Z2LatticeGauge2D_PBC_0_0_6,inner,2,SA,0.01,2,Single,No_Kink,127,245354
result_SELECT_10_Z2LatticeGauge2D_PBC_0_0_6,inner,2,SA,0.01,2,Single,Yes_Kink,128,250902
result_SELECT_10_Z2LatticeGauge2D_PBC_0_0_6,inner,2,SA,0.01,2,Double,No_MSF,91,112780
result_SELECT_10_Z2LatticeGauge2D_PBC_0_0_6,inner,2,SA,0.01,2,Double,No_Top,98,118344
result_SELECT_10_Z2LatticeGauge2D_PBC_0_0_6,inner,2,SA,0.01,2,Double,No_Kink,102,226967
result_SELECT_10_Z2LatticeGauge2D_PBC_0_0_6,inner,2,SA,0.01,2,Double,Yes_Kink,108,235892
result_SELECT_10_Z2LatticeGauge2D_PBC_0_0_6,inner,2,SA,0.01,2,Proj,No_MSF,43,57292
result_SELECT_10_Z2LatticeGauge2D_PBC_0_0_6,inner,2,SA,0.01,2,Proj,No_Top,57,70948
result_SELECT_10_Z2LatticeGauge2D_PBC_0_0_6,inner,2,SA,0.01,2,Proj,No_Kink,76,312929
result_SELECT_10_Z2LatticeGauge2D_PBC_0_0_6,inner,2,SA,0.01,2,Proj,Yes_Kink,77,313674
result_SELECT_10_Heisenberg2D_cylinder_0.5_0.5_2,outer,2,random,0.0,2,Single,No_MSF,2072,403168
result_SELECT_10_Heisenberg2D_cylinder_0.5_0.5_2,outer,2,random,0.0,2,Single,No_Top,2072,398624
result_SELECT_10_Heisenberg2D_cylinder_0.5_0.5_2,outer,2,random,0.0,2,Single,No_Kink,2072,542151
result_SELECT_10_Heisenberg2D_cylinder_0.5_0.5_2,outer,2,random,0.0,2,Single,Yes_Kink,2075,551903
result_SELECT_10_Heisenberg2D_cylinder_0.5_0.5_2,outer,2,random,0.0,2,Double,No_MSF,1921,374780
result_SELECT_10_Heisenberg2D_cylinder_0.5_0.5_2,outer,2,random,0.0,2,Double,No_Top,1921,370236
result_SELECT_10_Heisenberg2D_cylinder_0.5_0.5_2,outer,2,random,0.0,2,Double,No_Kink,1921,527124
result_SELECT_10_Heisenberg2D_cylinder_0.5_0.5_2,outer,2,random,0.0,2,Double,Yes_Kink,1993,537594
result_SELECT_10_Heisenberg2D_cylinder_0.5_0.5_2,outer,2,random,0.0,2,Proj,No_MSF,1668,327216
result_SELECT_10_Heisenberg2D_cylinder_0.5_0.5_2,outer,2,random,0.0,2,Proj,No_Top,1668,322672
result_SELECT_10_Heisenberg2D_cylinder_0.5_0.5_2,outer,2,random,0.0,2,Proj,No_Kink,1679,1267517
result_SELECT_10_Heisenberg2D_cylinder_0.5_0.5_2,outer,2,random,0.0,2,Proj,Yes_Kink,1680,1237127
result_trotter_10_Heisenberg2D_cylinder_0.5_0.5_rand,outer,1,random,0.0,1,Single,No_MSF,744,125400
result_trotter_10_Heisenberg2D_cylinder_0.5_0.5_rand,outer,1,random,0.0,1,Single,No_Top,1231,148600
result_trotter_10_Heisenberg2D_cylinder_0.5_0.5_rand,outer,1,random,0.0,1,Single,No_Kink,1444,408372
result_trotter_10_Heisenberg2D_cylinder_0.5_0.5_rand,outer,1,random,0.0,1,Double,No_MSF,721,123100
result_trotter_10_Heisenberg2D_cylinder_0.5_0.5_rand,outer,1,random,0.0,1,Double,No_Top,1211,146600
result_trotter_10_Heisenberg2D_cylinder_0.5_0.5_rand,outer,1,random,0.0,1,Double,No_Kink,1362,466748
result_trotter_10_Heisenberg2D_cylinder_0.5_0.5_rand,outer,1,random,0.0,1,Double,Yes_Kink,1452,481111
result_trotter_10_Heisenberg2D_cylinder_0.5_0.5_rand,outer,1,random,0.0,1,Proj,No_MSF,390,90000
result_trotter_10_Heisenberg2D_cylinder_0.5_0.5_rand,outer,1,random,0.0,1,Proj,No_Top,1160,141500
result_trotter_10_Heisenberg2D_cylinder_0.5_0.5_rand,outer,1,random,0.0,1,Proj,No_Kink,1334,533211
result_trotter_10_Heisenberg2D_cylinder_0.5_0.5_rand,outer,1,random,0.0,1,Proj,Yes_Kink,1369,525875
result_SELECT_10_Heisenberg2D_cylinder_0.5_0.5_6,outer,1,SA,0.01,0,Single,No_MSF,211,282944
result_SELECT_10_Heisenberg2D_cylinder_0.5_0.5_6,outer,1,SA,0.01,0,Single,No_Top,211,276832
result_SELECT_10_Heisenberg2D_cylinder_0.5_0.5_6,outer,1,SA,0.01,0,Single,No_Kink,305,664086
result_SELECT_10_Heisenberg2D_cylinder_0.5_0.5_6,outer,1,SA,0.01,0,Double,No_MSF,177,238336
result_SELECT_10_Heisenberg2D_cylinder_0.5_0.5_6,outer,1,SA,0.01,0,Double,No_Top,177,232224
result_SELECT_10_Heisenberg2D_cylinder_0.5_0.5_6,outer,1,SA,0.01,0,Double,No_Kink,242,606248
result_SELECT_10_Heisenberg2D_cylinder_0.5_0.5_6,outer,1,SA,0.01,0,Double,Yes_Kink,243,614489
result_SELECT_10_Heisenberg2D_cylinder_0.5_0.5_6,outer,1,SA,0.01,0,Proj,No_MSF,108,147808
result_SELECT_10_Heisenberg2D_cylinder_0.5_0.5_6,outer,1,SA,0.01,0,Proj,No_Top,108,141696
result_SELECT_10_Heisenberg2D_cylinder_0.5_0.5_6,outer,1,SA,0.01,0,Proj,No_Kink,202,940315
result_SELECT_10_Heisenberg2D_cylinder_0.5_0.5_6,outer,1,SA,0.01,0,Proj,Yes_Kink,210,957811
result_SELECT_10_Heisenberg2D_cylinder_0.5_0.5_6,outer,2,SA,0.01,8,Single,No_MSF,211,331840
result_SELECT_10_Heisenberg2D_cylinder_0.5_0.5_6,outer,2,SA,0.01,8,Single,No_Top,408,584192
result_SELECT_10_Heisenberg2D_cylinder_0.5_0.5_6,outer,2,SA,0.01,8,Single,No_Kink,406,861309
result_SELECT_10_Heisenberg2D_cylinder_0.5_0.5_6,outer,2,SA,0.01,8,Single,Yes_Kink,406,880420
result_SELECT_10_Heisenberg2D_cylinder_0.5_0.5_6,outer,2,SA,0.01,8,Double,No_MSF,177,287232
result_SELECT_10_Heisenberg2D_cylinder_0.5_0.5_6,outer,2,SA,0.01,8,Double,No_Top,392,563200
result_SELECT_10_Heisenberg2D_cylinder_0.5_0.5_6,outer,2,SA,0.01,8,Double,No_Kink,392,862709
result_SELECT_10_Heisenberg2D_cylinder_0.5_0.5_6,outer,2,SA,0.01,8,Double,Yes_Kink,398,864789
result_SELECT_10_Heisenberg2D_cylinder_0.5_0.5_6,outer,2,SA,0.01,8,Proj,No_MSF,108,196704
result_SELECT_10_Heisenberg2D_cylinder_0.5_0.5_6,outer,2,SA,0.01,8,Proj,No_Top,369,533024
result_SELECT_10_Heisenberg2D_cylinder_0.5_0.5_6,outer,2,SA,0.01,8,Proj,No_Kink,369,1541324
result_SELECT_10_Heisenberg2D_cylinder_0.5_0.5_6,outer,2,SA,0.01,8,Proj,Yes_Kink,369,1520714
result_SELECT_10_Heisenberg2D_cylinder_0.5_0.5_1,inner,2,SA,0.1,0,Single,No_MSF,4079,591856
result_SELECT_10_Heisenberg2D_cylinder_0.5_0.5_1,inner,2,SA,0.1,0,Single,No_Top,4079,587376
result_SELECT_10_Heisenberg2D_cylinder_0.5_0.5_1,inner,2,SA,0.1,0,Single,No_Kink,4079,640428
result_SELECT_10_Heisenberg2D_cylinder_0.5_0.5_1,inner,2,SA,0.1,0,Single,Yes_Kink,4080,652980
result_SELECT_10_Heisenberg2D_cylinder_0.5_0.5_1,inner,2,SA,0.1,0,Double,No_MSF,3792,550528
result_SELECT_10_Heisenberg2D_cylinder_0.5_0.5_1,inner,2,SA,0.1,0,Double,No_Top,3792,546048
result_SELECT_10_Heisenberg2D_cylinder_0.5_0.5_1,inner,2,SA,0.1,0,Double,No_Kink,3794,613027
result_SELECT_10_Heisenberg2D_cylinder_0.5_0.5_1,inner,2,SA,0.1,0,Double,Yes_Kink,3796,619482
result_SELECT_10_Heisenberg2D_cylinder_0.5_0.5_1,inner,2,SA,0.1,0,Proj,No_MSF,3333,484432
result_SELECT_10_Heisenberg2D_cylinder_0.5_0.5_1,inner,2,SA,0.1,0,Proj,No_Top,3333,479952
result_SELECT_10_Heisenberg2D_cylinder_0.5_0.5_1,inner,2,SA,0.1,0,Proj,No_Kink,3339,1549073
result_SELECT_10_Heisenberg2D_cylinder_0.5_0.5_1,inner,2,SA,0.1,0,Proj,Yes_Kink,3339,1571083
result_SELECT_10_Heisenberg2D_cylinder_0.5_0.5_6,outer,2,random,0.0,8,Single,No_MSF,211,331840
result_SELECT_10_Heisenberg2D_cylinder_0.5_0.5_6,outer,2,random,0.0,8,Single,No_Top,408,584192
result_SELECT_10_Heisenberg2D_cylinder_0.5_0.5_6,outer,2,random,0.0,8,Single,No_Kink,411,1200140
result_SELECT_10_Heisenberg2D_cylinder_0.5_0.5_6,outer,2,random,0.0,8,Single,Yes_Kink,417,1215285
result_SELECT_10_Heisenberg2D_cylinder_0.5_0.5_6,outer,2,random,0.0,8,Double,No_MSF,177,287232
result_SELECT_10_Heisenberg2D_cylinder_0.5_0.5_6,outer,2,random,0.0,8,Double,No_Top,392,563200
result_SELECT_10_Heisenberg2D_cylinder_0.5_0.5_6,outer,2,random,0.0,8,Double,No_Kink,390,1176443
result_SELECT_10_Heisenberg2D_cylinder_0.5_0.5_6,outer,2,random,0.0,8,Double,Yes_Kink,391,1183395
result_SELECT_10_Heisenberg2D_cylinder_0.5_0.5_6,outer,2,random,0.0,8,Proj,No_MSF,108,196704
result_SELECT_10_Heisenberg2D_cylinder_0.5_0.5_6,outer,2,random,0.0,8,Proj,No_Top,369,533024
result_SELECT_10_Heisenberg2D_cylinder_0.5_0.5_6,outer,2,random,0.0,8,Proj,No_Kink,396,1786280
result_SELECT_10_Heisenberg2D_cylinder_0.5_0.5_6,outer,2,random,0.0,8,Proj,Yes_Kink,406,1810257
result_SELECT_10_Heisenberg2D_cylinder_0.5_0.5_2,outer,2,SA,0.01,2,Single,No_MSF,2072,403168
result_SELECT_10_Heisenberg2D_cylinder_0.5_0.5_2,outer,2,SA,0.01,2,Single,No_Top,2072,398624
result_SELECT_10_Heisenberg2D_cylinder_0.5_0.5_2,outer,2,SA,0.01,2,Single,No_Kink,2072,470218
result_SELECT_10_Heisenberg2D_cylinder_0.5_0.5_2,outer,2,SA,0.01,2,Single,Yes_Kink,2074,484223
result_SELECT_10_Heisenberg2D_cylinder_0.5_0.5_2,outer,2,SA,0.01,2,Double,No_MSF,1921,374780
result_SELECT_10_Heisenberg2D_cylinder_0.5_0.5_2,outer,2,SA,0.01,2,Double,No_Top,1921,370236
result_SELECT_10_Heisenberg2D_cylinder_0.5_0.5_2,outer,2,SA,0.01,2,Double,No_Kink,1922,457005
result_SELECT_10_Heisenberg2D_cylinder_0.5_0.5_2,outer,2,SA,0.01,2,Double,Yes_Kink,1992,466368
result_SELECT_10_Heisenberg2D_cylinder_0.5_0.5_2,outer,2,SA,0.01,2,Proj,No_MSF,1668,327216
result_SELECT_10_Heisenberg2D_cylinder_0.5_0.5_2,outer,2,SA,0.01,2,Proj,No_Top,1668,322672
result_SELECT_10_Heisenberg2D_cylinder_0.5_0.5_2,outer,2,SA,0.01,2,Proj,No_Kink,1675,1243941
result_SELECT_10_Heisenberg2D_cylinder_0.5_0.5_2,outer,2,SA,0.01,2,Proj,Yes_Kink,1678,1207547
result_trotter_10_Heisenberg2D_cylinder_0.5_0.5_det,outer,1,SA,0.001,0,Single,No_MSF,756,101100
result_trotter_10_Heisenberg2D_cylinder_0.5_0.5_det,outer,1,SA,0.001,0,Single,No_Top,784,78400
result_trotter_10_Heisenberg2D_cylinder_0.5_0.5_det,outer,1,SA,0.001,0,Single,No_Kink,1017,274378
result_trotter_10_Heisenberg2D_cylinder_0.5_0.5_det,outer,1,SA,0.001,0,Double,No_MSF,749,100400
result_trotter_10_Heisenberg2D_cylinder_0.5_0.5_det,outer,1,SA,0.001,0,Double,No_Top,762,76200
result_trotter_10_Heisenberg2D_cylinder_0.5_0.5_det,outer,1,SA,0.001,0,Double,No_Kink,995,323342
result_trotter_10_Heisenberg2D_cylinder_0.5_0.5_det,outer,1,SA,0.001,0,Double,Yes_Kink,1192,367883
result_trotter_10_Heisenberg2D_cylinder_0.5_0.5_det,outer,1,SA,0.001,0,Proj,No_MSF,390,64500
result_trotter_10_Heisenberg2D_cylinder_0.5_0.5_det,outer,1,SA,0.001,0,Proj,No_Top,580,58000
result_trotter_10_Heisenberg2D_cylinder_0.5_0.5_det,outer,1,SA,0.001,0,Proj,No_Kink,976,361158
result_trotter_10_Heisenberg2D_cylinder_0.5_0.5_det,outer,1,SA,0.001,0,Proj,Yes_Kink,999,355941
result_SELECT_10_Heisenberg2D_cylinder_0.5_0.5_2,outer,1,SA,0.001,2,Single,No_MSF,2072,403168
result_SELECT_10_Heisenberg2D_cylinder_0.5_0.5_2,outer,1,SA,0.001,2,Single,No_Top,2072,398624
result_SELECT_10_Heisenberg2D_cylinder_0.5_0.5_2,outer,1,SA,0.001,2,Single,No_Kink,2080,483384
result_SELECT_10_Heisenberg2D_cylinder_0.5_0.5_2,outer,1,SA,0.001,2,Double,No_MSF,1921,374780
result_SELECT_10_Heisenberg2D_cylinder_0.5_0.5_2,outer,1,SA,0.001,2,Double,No_Top,1921,370236
result_SELECT_10_Heisenberg2D_cylinder_0.5_0.5_2,outer,1,SA,0.001,2,Double,No_Kink,1928,469618
result_SELECT_10_Heisenberg2D_cylinder_0.5_0.5_2,outer,1,SA,0.001,2,Double,Yes_Kink,1930,469119
result_SELECT_10_Heisenberg2D_cylinder_0.5_0.5_2,outer,1,SA,0.001,2,Proj,No_MSF,1668,327216
result_SELECT_10_Heisenberg2D_cylinder_0.5_0.5_2,outer,1,SA,0.001,2,Proj,No_Top,1668,322672
result_SELECT_10_Heisenberg2D_cylinder_0.5_0.5_2,outer,1,SA,0.001,2,Proj,No_Kink,1677,1194208
result_SELECT_10_Heisenberg2D_cylinder_0.5_0.5_2,outer,1,SA,0.001,2,Proj,Yes_Kink,1688,1177719
result_trotter_10_Heisenberg2D_cylinder_0.5_0.5_rand,outer,1,SA,1.0,2,Single,No_MSF,744,150900
result_trotter_10_Heisenberg2D_cylinder_0.5_0.5_rand,outer,1,SA,1.0,2,Single,No_Top,1782,229200
result_trotter_10_Heisenberg2D_cylinder_0.5_0.5_rand,outer,1,SA,1.0,2,Single,No_Kink,1818,468830
result_trotter_10_Heisenberg2D_cylinder_0.5_0.5_rand,outer,1,SA,1.0,2,Double,No_MSF,721,148600
result_trotter_10_Heisenberg2D_cylinder_0.5_0.5_rand,outer,1,SA,1.0,2,Double,No_Top,1777,228700
result_trotter_10_Heisenberg2D_cylinder_0.5_0.5_rand,outer,1,SA,1.0,2,Double,No_Kink,1780,513135
result_trotter_10_Heisenberg2D_cylinder_0.5_0.5_rand,outer,1,SA,1.0,2,Double,Yes_Kink,1800,522396
result_trotter_10_Heisenberg2D_cylinder_0.5_0.5_rand,outer,1,SA,1.0,2,Proj,No_MSF,390,115500
result_trotter_10_Heisenberg2D_cylinder_0.5_0.5_rand,outer,1,SA,1.0,2,Proj,No_Top,1740,225000
result_trotter_10_Heisenberg2D_cylinder_0.5_0.5_rand,outer,1,SA,1.0,2,Proj,No_Kink,1851,753542
result_trotter_10_Heisenberg2D_cylinder_0.5_0.5_rand,outer,1,SA,1.0,2,Proj,Yes_Kink,1848,724800
result_SELECT_10_Heisenberg2D_cylinder_0.5_0.5_3,inner,2,naive,0.0,2,Single,No_MSF,1069,304784
result_SELECT_10_Heisenberg2D_cylinder_0.5_0.5_3,inner,2,naive,0.0,2,Single,No_Top,1069,300112
result_SELECT_10_Heisenberg2D_cylinder_0.5_0.5_3,inner,2,naive,0.0,2,Single,No_Kink,1188,492136
result_SELECT_10_Heisenberg2D_cylinder_0.5_0.5_3,inner,2,naive,0.0,2,Single,Yes_Kink,1180,504895
result_SELECT_10_Heisenberg2D_cylinder_0.5_0.5_3,inner,2,naive,0.0,2,Double,No_MSF,987,282480
result_SELECT_10_Heisenberg2D_cylinder_0.5_0.5_3,inner,2,naive,0.0,2,Double,No_Top,987,277808
result_SELECT_10_Heisenberg2D_cylinder_0.5_0.5_3,inner,2,naive,0.0,2,Double,No_Kink,1070,470774
result_SELECT_10_Heisenberg2D_cylinder_0.5_0.5_3,inner,2,naive,0.0,2,Double,Yes_Kink,1083,474531
result_SELECT_10_Heisenberg2D_cylinder_0.5_0.5_3,inner,2,naive,0.0,2,Proj,No_MSF,837,241680
result_SELECT_10_Heisenberg2D_cylinder_0.5_0.5_3,inner,2,naive,0.0,2,Proj,No_Top,837,237008
result_SELECT_10_Heisenberg2D_cylinder_0.5_0.5_3,inner,2,naive,0.0,2,Proj,No_Kink,923,1068553
result_SELECT_10_Heisenberg2D_cylinder_0.5_0.5_3,inner,2,naive,0.0,2,Proj,Yes_Kink,934,1059525
result_SELECT_10_Heisenberg2D_cylinder_0.5_0.5_6,outer,1,random,0.0,6,Single,No_MSF,211,319616
result_SELECT_10_Heisenberg2D_cylinder_0.5_0.5_6,outer,1,random,0.0,6,Single,No_Top,331,470944
result_SELECT_10_Heisenberg2D_cylinder_0.5_0.5_6,outer,1,random,0.0,6,Single,No_Kink,734,1811306
result_SELECT_10_Heisenberg2D_cylinder_0.5_0.5_6,outer,1,random,0.0,6,Double,No_MSF,177,275008
result_SELECT_10_Heisenberg2D_cylinder_0.5_0.5_6,outer,1,random,0.0,6,Double,No_Top,314,448640
result_SELECT_10_Heisenberg2D_cylinder_0.5_0.5_6,outer,1,random,0.0,6,Double,No_Kink,429,1458967
result_SELECT_10_Heisenberg2D_cylinder_0.5_0.5_6,outer,1,random,0.0,6,Double,Yes_Kink,433,1482992
result_SELECT_10_Heisenberg2D_cylinder_0.5_0.5_6,outer,1,random,0.0,6,Proj,No_MSF,108,184480
result_SELECT_10_Heisenberg2D_cylinder_0.5_0.5_6,outer,1,random,0.0,6,Proj,No_Top,287,413216
result_SELECT_10_Heisenberg2D_cylinder_0.5_0.5_6,outer,1,random,0.0,6,Proj,No_Kink,315,1505238
result_SELECT_10_Heisenberg2D_cylinder_0.5_0.5_6,outer,1,random,0.0,6,Proj,Yes_Kink,322,1517577
result_SELECT_10_FermiHubbard2D_cylinder_0_0_6,inner,1,SA,0.01,2,Single,No_MSF,489,708804
result_SELECT_10_FermiHubbard2D_cylinder_0_0_6,inner,1,SA,0.01,2,Single,No_Top,489,702692
result_SELECT_10_FermiHubbard2D_cylinder_0_0_6,inner,1,SA,0.01,2,Single,No_Kink,560,1142330
result_SELECT_10_FermiHubbard2D_cylinder_0_0_6,inner,1,SA,0.01,2,Double,No_MSF,473,686212
result_SELECT_10_FermiHubbard2D_cylinder_0_0_6,inner,1,SA,0.01,2,Double,No_Top,473,680100
result_SELECT_10_FermiHubbard2D_cylinder_0_0_6,inner,1,SA,0.01,2,Double,No_Kink,501,1070293
result_SELECT_10_FermiHubbard2D_cylinder_0_0_6,inner,1,SA,0.01,2,Double,Yes_Kink,523,1113292
result_SELECT_10_FermiHubbard2D_cylinder_0_0_6,inner,1,SA,0.01,2,Proj,No_MSF,407,593020
result_SELECT_10_FermiHubbard2D_cylinder_0_0_6,inner,1,SA,0.01,2,Proj,No_Top,407,586908
result_SELECT_10_FermiHubbard2D_cylinder_0_0_6,inner,1,SA,0.01,2,Proj,No_Kink,481,2341606
result_SELECT_10_FermiHubbard2D_cylinder_0_0_6,inner,1,SA,0.01,2,Proj,Yes_Kink,493,2364656
result_trotter_10_Heisenberg2D_cylinder_0.5_0.5_det,outer,1,SA,0.1,1,Single,No_MSF,756,126600
result_trotter_10_Heisenberg2D_cylinder_0.5_0.5_det,outer,1,SA,0.1,1,Single,No_Top,1315,157000
result_trotter_10_Heisenberg2D_cylinder_0.5_0.5_det,outer,1,SA,0.1,1,Single,No_Kink,1384,383788
result_trotter_10_Heisenberg2D_cylinder_0.5_0.5_det,outer,1,SA,0.1,1,Double,No_MSF,749,125900
result_trotter_10_Heisenberg2D_cylinder_0.5_0.5_det,outer,1,SA,0.1,1,Double,No_Top,1292,154700
result_trotter_10_Heisenberg2D_cylinder_0.5_0.5_det,outer,1,SA,0.1,1,Double,No_Kink,1347,449965
result_trotter_10_Heisenberg2D_cylinder_0.5_0.5_det,outer,1,SA,0.1,1,Double,Yes_Kink,1445,468010
result_trotter_10_Heisenberg2D_cylinder_0.5_0.5_det,outer,1,SA,0.1,1,Proj,No_MSF,390,90000
result_trotter_10_Heisenberg2D_cylinder_0.5_0.5_det,outer,1,SA,0.1,1,Proj,No_Top,1160,141500
result_trotter_10_Heisenberg2D_cylinder_0.5_0.5_det,outer,1,SA,0.1,1,Proj,No_Kink,1363,532988
result_trotter_10_Heisenberg2D_cylinder_0.5_0.5_det,outer,1,SA,0.1,1,Proj,Yes_Kink,1392,523583
result_SELECT_10_Heisenberg2D_cylinder_0.5_0.5_6,inner,2,SA,1.0,6,Single,No_MSF,211,319616
result_SELECT_10_Heisenberg2D_cylinder_0.5_0.5_6,inner,2,SA,1.0,6,Single,No_Top,331,470944
result_SELECT_10_Heisenberg2D_cylinder_0.5_0.5_6,inner,2,SA,1.0,6,Single,No_Kink,331,689700
result_SELECT_10_Heisenberg2D_cylinder_0.5_0.5_6,inner,2,SA,1.0,6,Single,Yes_Kink,332,712655
result_SELECT_10_Heisenberg2D_cylinder_0.5_0.5_6,inner,2,SA,1.0,6,Double,No_MSF,177,275008
result_SELECT_10_Heisenberg2D_cylinder_0.5_0.5_6,inner,2,SA,1.0,6,Double,No_Top,314,448640
result_SELECT_10_Heisenberg2D_cylinder_0.5_0.5_6,inner,2,SA,1.0,6,Double,No_Kink,313,683978
result_SELECT_10_Heisenberg2D_cylinder_0.5_0.5_6,inner,2,SA,1.0,6,Double,Yes_Kink,316,692830
result_SELECT_10_Heisenberg2D_cylinder_0.5_0.5_6,inner,2,SA,1.0,6,Proj,No_MSF,108,184480
result_SELECT_10_Heisenberg2D_cylinder_0.5_0.5_6,inner,2,SA,1.0,6,Proj,No_Top,287,413216
result_SELECT_10_Heisenberg2D_cylinder_0.5_0.5_6,inner,2,SA,1.0,6,Proj,No_Kink,414,1597478
result_SELECT_10_Heisenberg2D_cylinder_0.5_0.5_6,inner,2,SA,1.0,6,Proj,Yes_Kink,449,1618986
result_trotter_10_Heisenberg2D_cylinder_0.5_0.5_rand,outer,1,SA,0.1,2,Single,No_MSF,744,150900
result_trotter_10_Heisenberg2D_cylinder_0.5_0.5_rand,outer,1,SA,0.1,2,Single,No_Top,1782,229200
result_trotter_10_Heisenberg2D_cylinder_0.5_0.5_rand,outer,1,SA,0.1,2,Single,No_Kink,1814,466714
result_trotter_10_Heisenberg2D_cylinder_0.5_0.5_rand,outer,1,SA,0.1,2,Double,No_MSF,721,148600
result_trotter_10_Heisenberg2D_cylinder_0.5_0.5_rand,outer,1,SA,0.1,2,Double,No_Top,1777,228700
result_trotter_10_Heisenberg2D_cylinder_0.5_0.5_rand,outer,1,SA,0.1,2,Double,No_Kink,1780,496647
result_trotter_10_Heisenberg2D_cylinder_0.5_0.5_rand,outer,1,SA,0.1,2,Double,Yes_Kink,1801,529043
result_trotter_10_Heisenberg2D_cylinder_0.5_0.5_rand,outer,1,SA,0.1,2,Proj,No_MSF,390,115500
result_trotter_10_Heisenberg2D_cylinder_0.5_0.5_rand,outer,1,SA,0.1,2,Proj,No_Top,1740,225000
result_trotter_10_Heisenberg2D_cylinder_0.5_0.5_rand,outer,1,SA,0.1,2,Proj,No_Kink,1846,754167
result_trotter_10_Heisenberg2D_cylinder_0.5_0.5_rand,outer,1,SA,0.1,2,Proj,Yes_Kink,1849,725282
result_SELECT_10_Heisenberg2D_cylinder_0.5_0.5_3,inner,1,SA,0.001,2,Single,No_MSF,1069,304784
result_SELECT_10_Heisenberg2D_cylinder_0.5_0.5_3,inner,1,SA,0.001,2,Single,No_Top,1069,300112
result_SELECT_10_Heisenberg2D_cylinder_0.5_0.5_3,inner,1,SA,0.001,2,Single,No_Kink,1074,387138
result_SELECT_10_Heisenberg2D_cylinder_0.5_0.5_3,inner,1,SA,0.001,2,Double,No_MSF,987,282480
result_SELECT_10_Heisenberg2D_cylinder_0.5_0.5_3,inner,1,SA,0.001,2,Double,No_Top,987,277808
result_SELECT_10_Heisenberg2D_cylinder_0.5_0.5_3,inner,1,SA,0.001,2,Double,No_Kink,989,376716
result_SELECT_10_Heisenberg2D_cylinder_0.5_0.5_3,inner,1,SA,0.001,2,Double,Yes_Kink,992,378028
result_SELECT_10_Heisenberg2D_cylinder_0.5_0.5_3,inner,1,SA,0.001,2,Proj,No_MSF,837,241680
result_SELECT_10_Heisenberg2D_cylinder_0.5_0.5_3,inner,1,SA,0.001,2,Proj,No_Top,837,237008
result_SELECT_10_Heisenberg2D_cylinder_0.5_0.5_3,inner,1,SA,0.001,2,Proj,No_Kink,853,888442
result_SELECT_10_Heisenberg2D_cylinder_0.5_0.5_3,inner,1,SA,0.001,2,Proj,Yes_Kink,855,872926
result_SELECT_10_Heisenberg2D_cylinder_0.5_0.5_0,outer,1,naive,0.0,2,Single,No_MSF,8099,1001446
result_SELECT_10_Heisenberg2D_cylinder_0.5_0.5_0,outer,1,naive,0.0,2,Single,No_Top,8101,997234
result_SELECT_10_Heisenberg2D_cylinder_0.5_0.5_0,outer,1,naive,0.0,2,Single,No_Kink,8101,1082936
result_SELECT_10_Heisenberg2D_cylinder_0.5_0.5_0,outer,1,naive,0.0,2,Double,No_MSF,7536,932760
result_SELECT_10_Heisenberg2D_cylinder_0.5_0.5_0,outer,1,naive,0.0,2,Double,No_Top,7537,928426
result_SELECT_10_Heisenberg2D_cylinder_0.5_0.5_0,outer,1,naive,0.0,2,Double,No_Kink,7537,1026122
result_SELECT_10_Heisenberg2D_cylinder_0.5_0.5_0,outer,1,naive,0.0,2,Double,Yes_Kink,7537,1024224
result_SELECT_10_Heisenberg2D_cylinder_0.5_0.5_0,outer,1,naive,0.0,2,Proj,No_MSF,6660,825888
result_SELECT_10_Heisenberg2D_cylinder_0.5_0.5_0,outer,1,naive,0.0,2,Proj,No_Top,6660,821432
result_SELECT_10_Heisenberg2D_cylinder_0.5_0.5_0,outer,1,naive,0.0,2,Proj,No_Kink,6664,2604180
result_SELECT_10_Heisenberg2D_cylinder_0.5_0.5_0,outer,1,naive,0.0,2,Proj,Yes_Kink,6664,2562321
result_trotter_10_Heisenberg2D_cylinder_0.5_0.5_rand,inner,2,naive,0.0,2,Single,No_MSF,744,150900
result_trotter_10_Heisenberg2D_cylinder_0.5_0.5_rand,inner,2,naive,0.0,2,Single,No_Top,1782,229200
result_trotter_10_Heisenberg2D_cylinder_0.5_0.5_rand,inner,2,naive,0.0,2,Single,No_Kink,1834,473065
result_trotter_10_Heisenberg2D_cylinder_0.5_0.5_rand,inner,2,naive,0.0,2,Single,Yes_Kink,1841,476579
result_trotter_10_Heisenberg2D_cylinder_0.5_0.5_rand,inner,2,naive,0.0,2,Double,No_MSF,721,148600
result_trotter_10_Heisenberg2D_cylinder_0.5_0.5_rand,inner,2,naive,0.0,2,Double,No_Top,1777,228700
result_trotter_10_Heisenberg2D_cylinder_0.5_0.5_rand,inner,2,naive,0.0,2,Double,No_Kink,1781,497011
result_trotter_10_Heisenberg2D_cylinder_0.5_0.5_rand,inner,2,naive,0.0,2,Double,Yes_Kink,1797,508982
result_trotter_10_Heisenberg2D_cylinder_0.5_0.5_rand,inner,2,naive,0.0,2,Proj,No_MSF,390,115500
result_trotter_10_Heisenberg2D_cylinder_0.5_0.5_rand,inner,2,naive,0.0,2,Proj,No_Top,1740,225000
result_trotter_10_Heisenberg2D_cylinder_0.5_0.5_rand,inner,2,naive,0.0,2,Proj,No_Kink,1936,1136201
result_trotter_10_Heisenberg2D_cylinder_0.5_0.5_rand,inner,2,naive,0.0,2,Proj,Yes_Kink,1939,1116237
result_SELECT_10_Heisenberg2D_cylinder_0.5_0.5_2,inner,2,SA,0.001,0,Single,No_MSF,2072,394080
result_SELECT_10_Heisenberg2D_cylinder_0.5_0.5_2,inner,2,SA,0.001,0,Single,No_Top,2072,389536
result_SELECT_10_Heisenberg2D_cylinder_0.5_0.5_2,inner,2,SA,0.001,0,Single,No_Kink,2073,455110
result_SELECT_10_Heisenberg2D_cylinder_0.5_0.5_2,inner,2,SA,0.001,0,Single,Yes_Kink,2074,465633
result_SELECT_10_Heisenberg2D_cylinder_0.5_0.5_2,inner,2,SA,0.001,0,Double,No_MSF,1921,365692
result_SELECT_10_Heisenberg2D_cylinder_0.5_0.5_2,inner,2,SA,0.001,0,Double,No_Top,1921,361148
result_SELECT_10_Heisenberg2D_cylinder_0.5_0.5_2,inner,2,SA,0.001,0,Double,No_Kink,1924,441981
result_SELECT_10_Heisenberg2D_cylinder_0.5_0.5_2,inner,2,SA,0.001,0,Double,Yes_Kink,1993,451956
result_SELECT_10_Heisenberg2D_cylinder_0.5_0.5_2,inner,2,SA,0.001,0,Proj,No_MSF,1668,318128
result_SELECT_10_Heisenberg2D_cylinder_0.5_0.5_2,inner,2,SA,0.001,0,Proj,No_Top,1668,313584
result_SELECT_10_Heisenberg2D_cylinder_0.5_0.5_2,inner,2,SA,0.001,0,Proj,No_Kink,1675,1105987
result_SELECT_10_Heisenberg2D_cylinder_0.5_0.5_2,inner,2,SA,0.001,0,Proj,Yes_Kink,1675,1084430
result_SELECT_10_Heisenberg2D_cylinder_0.5_0.5_6,inner,1,random,0.0,0,Single,No_MSF,211,282944
result_SELECT_10_Heisenberg2D_cylinder_0.5_0.5_6,inner,1,random,0.0,0,Single,No_Top,211,276832
result_SELECT_10_Heisenberg2D_cylinder_0.5_0.5_6,inner,1,random,0.0,0,Single,No_Kink,663,1601786
result_SELECT_10_Heisenberg2D_cylinder_0.5_0.5_6,inner,1,random,0.0,0,Double,No_MSF,177,238336
result_SELECT_10_Heisenberg2D_cylinder_0.5_0.5_6,inner,1,random,0.0,0,Double,No_Top,177,232224
result_SELECT_10_Heisenberg2D_cylinder_0.5_0.5_6,inner,1,random,0.0,0,Double,No_Kink,374,1227312
result_SELECT_10_Heisenberg2D_cylinder_0.5_0.5_6,inner,1,random,0.0,0,Double,Yes_Kink,378,1235877
result_SELECT_10_Heisenberg2D_cylinder_0.5_0.5_6,inner,1,random,0.0,0,Proj,No_MSF,108,147808
result_SELECT_10_Heisenberg2D_cylinder_0.5_0.5_6,inner,1,random,0.0,0,Proj,No_Top,108,141696
result_SELECT_10_Heisenberg2D_cylinder_0.5_0.5_6,inner,1,random,0.0,0,Proj,No_Kink,268,1255713
result_SELECT_10_Heisenberg2D_cylinder_0.5_0.5_6,inner,1,random,0.0,0,Proj,Yes_Kink,275,1268715
result_SELECT_10_Heisenberg2D_cylinder_0.5_0.5_2,inner,1,SA,0.1,0,Single,No_MSF,2072,394080
result_SELECT_10_Heisenberg2D_cylinder_0.5_0.5_2,inner,1,SA,0.1,0,Single,No_Top,2072,389536
result_SELECT_10_Heisenberg2D_cylinder_0.5_0.5_2,inner,1,SA,0.1,0,Single,No_Kink,2077,453088
result_SELECT_10_Heisenberg2D_cylinder_0.5_0.5_2,inner,1,SA,0.1,0,Double,No_MSF,1921,365692
result_SELECT_10_Heisenberg2D_cylinder_0.5_0.5_2,inner,1,SA,0.1,0,Double,No_Top,1921,361148
result_SELECT_10_Heisenberg2D_cylinder_0.5_0.5_2,inner,1,SA,0.1,0,Double,No_Kink,1929,443078
result_SELECT_10_Heisenberg2D_cylinder_0.5_0.5_2,inner,1,SA,0.1,0,Double,Yes_Kink,1933,444416
result_SELECT_10_Heisenberg2D_cylinder_0.5_0.5_2,inner,1,SA,0.1,0,Proj,No_MSF,1668,318128
result_SELECT_10_Heisenberg2D_cylinder_0.5_0.5_2,inner,1,SA,0.1,0,Proj,No_Top,1668,313584
result_SELECT_10_Heisenberg2D_cylinder_0.5_0.5_2,inner,1,SA,0.1,0,Proj,No_Kink,1678,1168528
result_SELECT_10_Heisenberg2D_cylinder_0.5_0.5_2,inner,1,SA,0.1,0,Proj,Yes_Kink,1679,1140208
result_trotter_10_Heisenberg2D_cylinder_0.5_0.5_rand,inner,1,random,0.0,1,Single,No_MSF,744,125400
result_trotter_10_Heisenberg2D_cylinder_0.5_0.5_rand,inner,1,random,0.0,1,Single,No_Top,1231,148600
result_trotter_10_Heisenberg2D_cylinder_0.5_0.5_rand,inner,1,random,0.0,1,Single,No_Kink,1395,351704
result_trotter_10_Heisenberg2D_cylinder_0.5_0.5_rand,inner,1,random,0.0,1,Double,No_MSF,721,123100
result_trotter_10_Heisenberg2D_cylinder_0.5_0.5_rand,inner,1,random,0.0,1,Double,No_Top,1211,146600
result_trotter_10_Heisenberg2D_cylinder_0.5_0.5_rand,inner,1,random,0.0,1,Double,No_Kink,1298,382700
result_trotter_10_Heisenberg2D_cylinder_0.5_0.5_rand,inner,1,random,0.0,1,Double,Yes_Kink,1335,390909
result_trotter_10_Heisenberg2D_cylinder_0.5_0.5_rand,inner,1,random,0.0,1,Proj,No_MSF,390,90000
result_trotter_10_Heisenberg2D_cylinder_0.5_0.5_rand,inner,1,random,0.0,1,Proj,No_Top,1160,141500
result_trotter_10_Heisenberg2D_cylinder_0.5_0.5_rand,inner,1,random,0.0,1,Proj,No_Kink,1336,517450
result_trotter_10_Heisenberg2D_cylinder_0.5_0.5_rand,inner,1,random,0.0,1,Proj,Yes_Kink,1388,509440
result_SELECT_10_Heisenberg2D_cylinder_0.5_0.5_5,inner,1,naive,0.0,0,Single,No_MSF,327,246016
result_SELECT_10_Heisenberg2D_cylinder_0.5_0.5_5,inner,1,naive,0.0,0,Single,No_Top,327,240672
result_SELECT_10_Heisenberg2D_cylinder_0.5_0.5_5,inner,1,naive,0.0,0,Single,No_Kink,845,1048028
result_SELECT_10_Heisenberg2D_cylinder_0.5_0.5_5,inner,1,naive,0.0,0,Double,No_MSF,290,218784
result_SELECT_10_Heisenberg2D_cylinder_0.5_0.5_5,inner,1,naive,0.0,0,Double,No_Top,290,213440
result_SELECT_10_Heisenberg2D_cylinder_0.5_0.5_5,inner,1,naive,0.0,0,Double,No_Kink,640,907713
result_SELECT_10_Heisenberg2D_cylinder_0.5_0.5_5,inner,1,naive,0.0,0,Double,Yes_Kink,633,902174
result_SELECT_10_Heisenberg2D_cylinder_0.5_0.5_5,inner,1,naive,0.0,0,Proj,No_MSF,213,162112
result_SELECT_10_Heisenberg2D_cylinder_0.5_0.5_5,inner,1,naive,0.0,0,Proj,No_Top,213,156768
result_SELECT_10_Heisenberg2D_cylinder_0.5_0.5_5,inner,1,naive,0.0,0,Proj,No_Kink,723,1963757
result_SELECT_10_Heisenberg2D_cylinder_0.5_0.5_5,inner,1,naive,0.0,0,Proj,Yes_Kink,738,1974797
result_SELECT_10_Heisenberg2D_cylinder_0.5_0.5_6,inner,2,SA,0.1,0,Single,No_MSF,211,282944
result_SELECT_10_Heisenberg2D_cylinder_0.5_0.5_6,inner,2,SA,0.1,0,Single,No_Top,211,276832
result_SELECT_10_Heisenberg2D_cylinder_0.5_0.5_6,inner,2,SA,0.1,0,Single,No_Kink,217,421217
result_SELECT_10_Heisenberg2D_cylinder_0.5_0.5_6,inner,2,SA,0.1,0,Single,Yes_Kink,219,439390
result_SELECT_10_Heisenberg2D_cylinder_0.5_0.5_6,inner,2,SA,0.1,0,Double,No_MSF,177,238336
result_SELECT_10_Heisenberg2D_cylinder_0.5_0.5_6,inner,2,SA,0.1,0,Double,No_Top,177,232224
result_SELECT_10_Heisenberg2D_cylinder_0.5_0.5_6,inner,2,SA,0.1,0,Double,No_Kink,186,397706
result_SELECT_10_Heisenberg2D_cylinder_0.5_0.5_6,inner,2,SA,0.1,0,Double,Yes_Kink,190,407596
result_SELECT_10_Heisenberg2D_cylinder_0.5_0.5_6,inner,2,SA,0.1,0,Proj,No_MSF,108,147808
result_SELECT_10_Heisenberg2D_cylinder_0.5_0.5_6,inner,2,SA,0.1,0,Proj,No_Top,108,141696
result_SELECT_10_Heisenberg2D_cylinder_0.5_0.5_6,inner,2,SA,0.1,0,Proj,No_Kink,146,694788
result_SELECT_10_Heisenberg2D_cylinder_0.5_0.5_6,inner,2,SA,0.1,0,Proj,Yes_Kink,150,697288
result_trotter_10_Heisenberg2D_cylinder_0.5_0.5_rand,inner,1,SA,0.001,2,Single,No_MSF,744,150900
result_trotter_10_Heisenberg2D_cylinder_0.5_0.5_rand,inner,1,SA,0.001,2,Single,No_Top,1782,229200
result_trotter_10_Heisenberg2D_cylinder_0.5_0.5_rand,inner,1,SA,0.001,2,Single,No_Kink,2026,524030
result_trotter_10_Heisenberg2D_cylinder_0.5_0.5_rand,inner,1,SA,0.001,2,Double,No_MSF,721,148600
result_trotter_10_Heisenberg2D_cylinder_0.5_0.5_rand,inner,1,SA,0.001,2,Double,No_Top,1777,228700
result_trotter_10_Heisenberg2D_cylinder_0.5_0.5_rand,inner,1,SA,0.001,2,Double,No_Kink,1919,569305
result_trotter_10_Heisenberg2D_cylinder_0.5_0.5_rand,inner,1,SA,0.001,2,Double,Yes_Kink,2012,610167
result_trotter_10_Heisenberg2D_cylinder_0.5_0.5_rand,inner,1,SA,0.001,2,Proj,No_MSF,390,115500
result_trotter_10_Heisenberg2D_cylinder_0.5_0.5_rand,inner,1,SA,0.001,2,Proj,No_Top,1740,225000
result_trotter_10_Heisenberg2D_cylinder_0.5_0.5_rand,inner,1,SA,0.001,2,Proj,No_Kink,2747,1103731
result_trotter_10_Heisenberg2D_cylinder_0.5_0.5_rand,inner,1,SA,0.001,2,Proj,Yes_Kink,2999,1130069
result_SELECT_10_Heisenberg2D_cylinder_0.5_0.5_6,inner,2,SA,0.01,10,Single,No_MSF,211,344064
result_SELECT_10_Heisenberg2D_cylinder_0.5_0.5_6,inner,2,SA,0.01,10,Single,No_Top,483,694816
result_SELECT_10_Heisenberg2D_cylinder_0.5_0.5_6,inner,2,SA,0.01,10,Single,No_Kink,484,946958
result_SELECT_10_Heisenberg2D_cylinder_0.5_0.5_6,inner,2,SA,0.01,10,Single,Yes_Kink,484,963806
result_SELECT_10_Heisenberg2D_cylinder_0.5_0.5_6,inner,2,SA,0.01,10,Double,No_MSF,177,299456
result_SELECT_10_Heisenberg2D_cylinder_0.5_0.5_6,inner,2,SA,0.01,10,Double,No_Top,473,681696
result_SELECT_10_Heisenberg2D_cylinder_0.5_0.5_6,inner,2,SA,0.01,10,Double,No_Kink,473,968416
result_SELECT_10_Heisenberg2D_cylinder_0.5_0.5_6,inner,2,SA,0.01,10,Double,Yes_Kink,476,966095
result_SELECT_10_Heisenberg2D_cylinder_0.5_0.5_6,inner,2,SA,0.01,10,Proj,No_MSF,108,208928
result_SELECT_10_Heisenberg2D_cylinder_0.5_0.5_6,inner,2,SA,0.01,10,Proj,No_Top,451,652832
result_SELECT_10_Heisenberg2D_cylinder_0.5_0.5_6,inner,2,SA,0.01,10,Proj,No_Kink,1792,6388808
result_SELECT_10_Heisenberg2D_cylinder_0.5_0.5_6,inner,2,SA,0.01,10,Proj,Yes_Kink,1782,5999271
result_SELECT_10_Heisenberg2D_cylinder_0.5_0.5_6,inner,1,SA,0.1,10,Single,No_MSF,211,344064
result_SELECT_10_Heisenberg2D_cylinder_0.5_0.5_6,inner,1,SA,0.1,10,Single,No_Top,483,694816
result_SELECT_10_Heisenberg2D_cylinder_0.5_0.5_6,inner,1,SA,0.1,10,Single,No_Kink,483,1067472
result_SELECT_10_Heisenberg2D_cylinder_0.5_0.5_6,inner,1,SA,0.1,10,Double,No_MSF,177,299456
result_SELECT_10_Heisenberg2D_cylinder_0.5_0.5_6,inner,1,SA,0.1,10,Double,No_Top,473,681696
result_SELECT_10_Heisenberg2D_cylinder_0.5_0.5_6,inner,1,SA,0.1,10,Double,No_Kink,470,1069346
result_SELECT_10_Heisenberg2D_cylinder_0.5_0.5_6,inner,1,SA,0.1,10,Double,Yes_Kink,470,1059023
result_SELECT_10_Heisenberg2D_cylinder_0.5_0.5_6,inner,1,SA,0.1,10,Proj,No_MSF,108,208928
result_SELECT_10_Heisenberg2D_cylinder_0.5_0.5_6,inner,1,SA,0.1,10,Proj,No_Top,451,652832
result_SELECT_10_Heisenberg2D_cylinder_0.5_0.5_6,inner,1,SA,0.1,10,Proj,No_Kink,2233,7572861
result_SELECT_10_Heisenberg2D_cylinder_0.5_0.5_6,inner,1,SA,0.1,10,Proj,Yes_Kink,2134,6966754
result_SELECT_10_Z2LatticeGauge2D_PBC_0_0_6,inner,1,SA,0.1,2,Single,No_MSF,113,138212
result_SELECT_10_Z2LatticeGauge2D_PBC_0_0_6,inner,1,SA,0.1,2,Single,No_Top,119,142620
result_SELECT_10_Z2LatticeGauge2D_PBC_0_0_6,inner,1,SA,0.1,2,Single,No_Kink,157,294422
result_SELECT_10_Z2LatticeGauge2D_PBC_0_0_6,inner,1,SA,0.1,2,Double,No_MSF,91,112780
result_SELECT_10_Z2LatticeGauge2D_PBC_0_0_6,inner,1,SA,0.1,2,Double,No_Top,98,118344
result_SELECT_10_Z2LatticeGauge2D_PBC_0_0_6,inner,1,SA,0.1,2,Double,No_Kink,126,272171
result_SELECT_10_Z2LatticeGauge2D_PBC_0_0_6,inner,1,SA,0.1,2,Double,Yes_Kink,126,283159
result_SELECT_10_Z2LatticeGauge2D_PBC_0_0_6,inner,1,SA,0.1,2,Proj,No_MSF,43,57292
result_SELECT_10_Z2LatticeGauge2D_PBC_0_0_6,inner,1,SA,0.1,2,Proj,No_Top,57,70948
result_SELECT_10_Z2LatticeGauge2D_PBC_0_0_6,inner,1,SA,0.1,2,Proj,No_Kink,93,347227
result_SELECT_10_Z2LatticeGauge2D_PBC_0_0_6,inner,1,SA,0.1,2,Proj,Yes_Kink,94,350775
result_trotter_10_Heisenberg2D_cylinder_0.5_0.5_det,inner,2,SA,1.0,1,Single,No_MSF,756,126600
result_trotter_10_Heisenberg2D_cylinder_0.5_0.5_det,inner,2,SA,1.0,1,Single,No_Top,1315,157000
result_trotter_10_Heisenberg2D_cylinder_0.5_0.5_det,inner,2,SA,1.0,1,Single,No_Kink,1320,304667
result_trotter_10_Heisenberg2D_cylinder_0.5_0.5_det,inner,2,SA,1.0,1,Single,Yes_Kink,1330,321643
result_trotter_10_Heisenberg2D_cylinder_0.5_0.5_det,inner,2,SA,1.0,1,Double,No_MSF,749,125900
result_trotter_10_Heisenberg2D_cylinder_0.5_0.5_det,inner,2,SA,1.0,1,Double,No_Top,1292,154700
result_trotter_10_Heisenberg2D_cylinder_0.5_0.5_det,inner,2,SA,1.0,1,Double,No_Kink,1293,297463
result_trotter_10_Heisenberg2D_cylinder_0.5_0.5_det,inner,2,SA,1.0,1,Double,Yes_Kink,1297,346332
result_trotter_10_Heisenberg2D_cylinder_0.5_0.5_det,inner,2,SA,1.0,1,Proj,No_MSF,390,90000
result_trotter_10_Heisenberg2D_cylinder_0.5_0.5_det,inner,2,SA,1.0,1,Proj,No_Top,1160,141500
result_trotter_10_Heisenberg2D_cylinder_0.5_0.5_det,inner,2,SA,1.0,1,Proj,No_Kink,1350,650983
result_trotter_10_Heisenberg2D_cylinder_0.5_0.5_det,inner,2,SA,1.0,1,Proj,Yes_Kink,1349,624995
result_SELECT_10_Heisenberg2D_cylinder_0.5_0.5_3,outer,1,SA,0.001,2,Single,No_MSF,1069,304784
result_SELECT_10_Heisenberg2D_cylinder_0.5_0.5_3,outer,1,SA,0.001,2,Single,No_Top,1069,300112
result_SELECT_10_Heisenberg2D_cylinder_0.5_0.5_3,outer,1,SA,0.001,2,Single,No_Kink,1073,387720
result_SELECT_10_Heisenberg2D_cylinder_0.5_0.5_3,outer,1,SA,0.001,2,Double,No_MSF,987,282480
result_SELECT_10_Heisenberg2D_cylinder_0.5_0.5_3,outer,1,SA,0.001,2,Double,No_Top,987,277808
result_SELECT_10_Heisenberg2D_cylinder_0.5_0.5_3,outer,1,SA,0.001,2,Double,No_Kink,989,376824
result_SELECT_10_Heisenberg2D_cylinder_0.5_0.5_3,outer,1,SA,0.001,2,Double,Yes_Kink,995,377382
result_SELECT_10_Heisenberg2D_cylinder_0.5_0.5_3,outer,1,SA,0.001,2,Proj,No_MSF,837,241680
result_SELECT_10_Heisenberg2D_cylinder_0.5_0.5_3,outer,1,SA,0.001,2,Proj,No_Top,837,237008
result_SELECT_10_Heisenberg2D_cylinder_0.5_0.5_3,outer,1,SA,0.001,2,Proj,No_Kink,853,894980
result_SELECT_10_Heisenberg2D_cylinder_0.5_0.5_3,outer,1,SA,0.001,2,Proj,Yes_Kink,855,881927
result_SELECT_10_Heisenberg2D_cylinder_0.5_0.5_6,inner,1,SA,0.001,8,Single,No_MSF,211,331840
result_SELECT_10_Heisenberg2D_cylinder_0.5_0.5_6,inner,1,SA,0.001,8,Single,No_Top,408,584192
result_SELECT_10_Heisenberg2D_cylinder_0.5_0.5_6,inner,1,SA,0.001,8,Single,No_Kink,409,970364
result_SELECT_10_Heisenberg2D_cylinder_0.5_0.5_6,inner,1,SA,0.001,8,Double,No_MSF,177,287232
result_SELECT_10_Heisenberg2D_cylinder_0.5_0.5_6,inner,1,SA,0.001,8,Double,No_Top,392,563200
result_SELECT_10_Heisenberg2D_cylinder_0.5_0.5_6,inner,1,SA,0.001,8,Double,No_Kink,390,989922
result_SELECT_10_Heisenberg2D_cylinder_0.5_0.5_6,inner,1,SA,0.001,8,Double,Yes_Kink,392,986611
result_SELECT_10_Heisenberg2D_cylinder_0.5_0.5_6,inner,1,SA,0.001,8,Proj,No_MSF,108,196704
result_SELECT_10_Heisenberg2D_cylinder_0.5_0.5_6,inner,1,SA,0.001,8,Proj,No_Top,369,533024
result_SELECT_10_Heisenberg2D_cylinder_0.5_0.5_6,inner,1,SA,0.001,8,Proj,No_Kink,2268,7746111
result_SELECT_10_Heisenberg2D_cylinder_0.5_0.5_6,inner,1,SA,0.001,8,Proj,Yes_Kink,2277,7453741
result_SELECT_10_Heisenberg2D_cylinder_0.5_0.5_6,inner,1,naive,0.0,8,Single,No_MSF,211,331840
result_SELECT_10_Heisenberg2D_cylinder_0.5_0.5_6,inner,1,naive,0.0,8,Single,No_Top,408,584192
result_SELECT_10_Heisenberg2D_cylinder_0.5_0.5_6,inner,1,naive,0.0,8,Single,No_Kink,1014,2158382
result_SELECT_10_Heisenberg2D_cylinder_0.5_0.5_6,inner,1,naive,0.0,8,Double,No_MSF,177,287232
result_SELECT_10_Heisenberg2D_cylinder_0.5_0.5_6,inner,1,naive,0.0,8,Double,No_Top,392,563200
result_SELECT_10_Heisenberg2D_cylinder_0.5_0.5_6,inner,1,naive,0.0,8,Double,No_Kink,765,1859913
result_SELECT_10_Heisenberg2D_cylinder_0.5_0.5_6,inner,1,naive,0.0,8,Double,Yes_Kink,768,1872763
result_SELECT_10_Heisenberg2D_cylinder_0.5_0.5_6,inner,1,naive,0.0,8,Proj,No_MSF,108,196704
result_SELECT_10_Heisenberg2D_cylinder_0.5_0.5_6,inner,1,naive,0.0,8,Proj,No_Top,369,533024
result_SELECT_10_Heisenberg2D_cylinder_0.5_0.5_6,inner,1,naive,0.0,8,Proj,No_Kink,736,3405508
result_SELECT_10_Heisenberg2D_cylinder_0.5_0.5_6,inner,1,naive,0.0,8,Proj,Yes_Kink,744,3401790
result_SELECT_10_Heisenberg2D_cylinder_0.5_0.5_1,outer,1,naive,0.0,2,Single,No_MSF,4079,600816
result_SELECT_10_Heisenberg2D_cylinder_0.5_0.5_1,outer,1,naive,0.0,2,Single,No_Top,4080,596480
result_SELECT_10_Heisenberg2D_cylinder_0.5_0.5_1,outer,1,naive,0.0,2,Single,No_Kink,4082,715796
result_SELECT_10_Heisenberg2D_cylinder_0.5_0.5_1,outer,1,naive,0.0,2,Double,No_MSF,3792,559488
result_SELECT_10_Heisenberg2D_cylinder_0.5_0.5_1,outer,1,naive,0.0,2,Double,No_Top,3793,555152
result_SELECT_10_Heisenberg2D_cylinder_0.5_0.5_1,outer,1,naive,0.0,2,Double,No_Kink,3796,682956
result_SELECT_10_Heisenberg2D_cylinder_0.5_0.5_1,outer,1,naive,0.0,2,Double,Yes_Kink,3799,681681
result_SELECT_10_Heisenberg2D_cylinder_0.5_0.5_1,outer,1,naive,0.0,2,Proj,No_MSF,3333,493392
result_SELECT_10_Heisenberg2D_cylinder_0.5_0.5_1,outer,1,naive,0.0,2,Proj,No_Top,3333,488912
result_SELECT_10_Heisenberg2D_cylinder_0.5_0.5_1,outer,1,naive,0.0,2,Proj,No_Kink,3354,1732178
result_SELECT_10_Heisenberg2D_cylinder_0.5_0.5_1,outer,1,naive,0.0,2,Proj,Yes_Kink,3356,1710266
result_SELECT_10_Heisenberg2D_cylinder_0.5_0.5_6,inner,2,SA,0.001,0,Single,No_MSF,211,282944
result_SELECT_10_Heisenberg2D_cylinder_0.5_0.5_6,inner,2,SA,0.001,0,Single,No_Top,211,276832
result_SELECT_10_Heisenberg2D_cylinder_0.5_0.5_6,inner,2,SA,0.001,0,Single,No_Kink,214,421550
result_SELECT_10_Heisenberg2D_cylinder_0.5_0.5_6,inner,2,SA,0.001,0,Single,Yes_Kink,215,437911
result_SELECT_10_Heisenberg2D_cylinder_0.5_0.5_6,inner,2,SA,0.001,0,Double,No_MSF,177,238336
result_SELECT_10_Heisenberg2D_cylinder_0.5_0.5_6,inner,2,SA,0.001,0,Double,No_Top,177,232224
result_SELECT_10_Heisenberg2D_cylinder_0.5_0.5_6,inner,2,SA,0.001,0,Double,No_Kink,181,396946
result_SELECT_10_Heisenberg2D_cylinder_0.5_0.5_6,inner,2,SA,0.001,0,Double,Yes_Kink,187,407736
result_SELECT_10_Heisenberg2D_cylinder_0.5_0.5_6,inner,2,SA,0.001,0,Proj,No_MSF,108,147808
result_SELECT_10_Heisenberg2D_cylinder_0.5_0.5_6,inner,2,SA,0.001,0,Proj,No_Top,108,141696
result_SELECT_10_Heisenberg2D_cylinder_0.5_0.5_6,inner,2,SA,0.001,0,Proj,No_Kink,140,665778
result_SELECT_10_Heisenberg2D_cylinder_0.5_0.5_6,inner,2,SA,0.001,0,Proj,Yes_Kink,143,664788
result_trotter_10_Heisenberg2D_cylinder_0.5_0.5_det,inner,2,naive,0.0,2,Single,No_MSF,756,152100
result_trotter_10_Heisenberg2D_cylinder_0.5_0.5_det,inner,2,naive,0.0,2,Single,No_Top,1864,237400
result_trotter_10_Heisenberg2D_cylinder_0.5_0.5_det,inner,2,naive,0.0,2,Single,No_Kink,1901,491329
result_trotter_10_Heisenberg2D_cylinder_0.5_0.5_det,inner,2,naive,0.0,2,Single,Yes_Kink,1909,489938
result_trotter_10_Heisenberg2D_cylinder_0.5_0.5_det,inner,2,naive,0.0,2,Double,No_MSF,749,151400
result_trotter_10_Heisenberg2D_cylinder_0.5_0.5_det,inner,2,naive,0.0,2,Double,No_Top,1861,237100
result_trotter_10_Heisenberg2D_cylinder_0.5_0.5_det,inner,2,naive,0.0,2,Double,No_Kink,1863,509221
result_trotter_10_Heisenberg2D_cylinder_0.5_0.5_det,inner,2,naive,0.0,2,Double,Yes_Kink,1875,522967
result_trotter_10_Heisenberg2D_cylinder_0.5_0.5_det,inner,2,naive,0.0,2,Proj,No_MSF,390,115500
result_trotter_10_Heisenberg2D_cylinder_0.5_0.5_det,inner,2,naive,0.0,2,Proj,No_Top,1740,225000
result_trotter_10_Heisenberg2D_cylinder_0.5_0.5_det,inner,2,naive,0.0,2,Proj,No_Kink,2020,1149467
result_trotter_10_Heisenberg2D_cylinder_0.5_0.5_det,inner,2,naive,0.0,2,Proj,Yes_Kink,2024,1127573
result_SELECT_10_Heisenberg2D_cylinder_0.5_0.5_4,inner,2,SA,0.1,2,Single,No_MSF,571,261360
result_SELECT_10_Heisenberg2D_cylinder_0.5_0.5_4,inner,2,SA,0.1,2,Single,No_Top,571,256464
result_SELECT_10_Heisenberg2D_cylinder_0.5_0.5_4,inner,2,SA,0.1,2,Single,No_Kink,574,321142
result_SELECT_10_Heisenberg2D_cylinder_0.5_0.5_4,inner,2,SA,0.1,2,Single,Yes_Kink,572,332269
result_SELECT_10_Heisenberg2D_cylinder_0.5_0.5_4,inner,2,SA,0.1,2,Double,No_MSF,522,240192
result_SELECT_10_Heisenberg2D_cylinder_0.5_0.5_4,inner,2,SA,0.1,2,Double,No_Top,522,235296
result_SELECT_10_Heisenberg2D_cylinder_0.5_0.5_4,inner,2,SA,0.1,2,Double,No_Kink,522,314595
result_SELECT_10_Heisenberg2D_cylinder_0.5_0.5_4,inner,2,SA,0.1,2,Double,Yes_Kink,543,321003
result_SELECT_10_Heisenberg2D_cylinder_0.5_0.5_4,inner,2,SA,0.1,2,Proj,No_MSF,420,196128
result_SELECT_10_Heisenberg2D_cylinder_0.5_0.5_4,inner,2,SA,0.1,2,Proj,No_Top,420,191232
result_SELECT_10_Heisenberg2D_cylinder_0.5_0.5_4,inner,2,SA,0.1,2,Proj,No_Kink,437,727042
result_SELECT_10_Heisenberg2D_cylinder_0.5_0.5_4,inner,2,SA,0.1,2,Proj,Yes_Kink,440,708931
result_trotter_10_Heisenberg2D_cylinder_0.5_0.5_det,outer,1,SA,0.01,0,Single,No_MSF,756,101100
result_trotter_10_Heisenberg2D_cylinder_0.5_0.5_det,outer,1,SA,0.01,0,Single,No_Top,784,78400
result_trotter_10_Heisenberg2D_cylinder_0.5_0.5_det,outer,1,SA,0.01,0,Single,No_Kink,1005,271602
result_trotter_10_Heisenberg2D_cylinder_0.5_0.5_det,outer,1,SA,0.01,0,Double,No_MSF,749,100400
result_trotter_10_Heisenberg2D_cylinder_0.5_0.5_det,outer,1,SA,0.01,0,Double,No_Top,762,76200
result_trotter_10_Heisenberg2D_cylinder_0.5_0.5_det,outer,1,SA,0.01,0,Double,No_Kink,998,323017
result_trotter_10_Heisenberg2D_cylinder_0.5_0.5_det,outer,1,SA,0.01,0,Double,Yes_Kink,1189,368735
result_trotter_10_Heisenberg2D_cylinder_0.5_0.5_det,outer,1,SA,0.01,0,Proj,No_MSF,390,64500
result_trotter_10_Heisenberg2D_cylinder_0.5_0.5_det,outer,1,SA,0.01,0,Proj,No_Top,580,58000
result_trotter_10_Heisenberg2D_cylinder_0.5_0.5_det,outer,1,SA,0.01,0,Proj,No_Kink,976,356994
result_trotter_10_Heisenberg2D_cylinder_0.5_0.5_det,outer,1,SA,0.01,0,Proj,Yes_Kink,995,350581
result_SELECT_10_Heisenberg2D_cylinder_0.5_0.5_2,inner,1,SA,1.0,2,Single,No_MSF,2072,403168
result_SELECT_10_Heisenberg2D_cylinder_0.5_0.5_2,inner,1,SA,1.0,2,Single,No_Top,2072,398624
result_SELECT_10_Heisenberg2D_cylinder_0.5_0.5_2,inner,1,SA,1.0,2,Single,No_Kink,2076,462012
result_SELECT_10_Heisenberg2D_cylinder_0.5_0.5_2,inner,1,SA,1.0,2,Double,No_MSF,1921,374780
result_SELECT_10_Heisenberg2D_cylinder_0.5_0.5_2,inner,1,SA,1.0,2,Double,No_Top,1921,370236
result_SELECT_10_Heisenberg2D_cylinder_0.5_0.5_2,inner,1,SA,1.0,2,Double,No_Kink,1923,449729
result_SELECT_10_Heisenberg2D_cylinder_0.5_0.5_2,inner,1,SA,1.0,2,Double,Yes_Kink,1926,451631
result_SELECT_10_Heisenberg2D_cylinder_0.5_0.5_2,inner,1,SA,1.0,2,Proj,No_MSF,1668,327216
result_SELECT_10_Heisenberg2D_cylinder_0.5_0.5_2,inner,1,SA,1.0,2,Proj,No_Top,1668,322672
result_SELECT_10_Heisenberg2D_cylinder_0.5_0.5_2,inner,1,SA,1.0,2,Proj,No_Kink,1683,1115779
result_SELECT_10_Heisenberg2D_cylinder_0.5_0.5_2,inner,1,SA,1.0,2,Proj,Yes_Kink,1683,1091924
result_SELECT_10_Heisenberg2D_cylinder_0.5_0.5_4,outer,1,naive,0.0,2,Single,No_MSF,571,261360
result_SELECT_10_Heisenberg2D_cylinder_0.5_0.5_4,outer,1,naive,0.0,2,Single,No_Top,571,256464
result_SELECT_10_Heisenberg2D_cylinder_0.5_0.5_4,outer,1,naive,0.0,2,Single,No_Kink,1122,802286
result_SELECT_10_Heisenberg2D_cylinder_0.5_0.5_4,outer,1,naive,0.0,2,Double,No_MSF,522,240192
result_SELECT_10_Heisenberg2D_cylinder_0.5_0.5_4,outer,1,naive,0.0,2,Double,No_Top,522,235296
result_SELECT_10_Heisenberg2D_cylinder_0.5_0.5_4,outer,1,naive,0.0,2,Double,No_Kink,862,703029
result_SELECT_10_Heisenberg2D_cylinder_0.5_0.5_4,outer,1,naive,0.0,2,Double,Yes_Kink,870,710319
result_SELECT_10_Heisenberg2D_cylinder_0.5_0.5_4,outer,1,naive,0.0,2,Proj,No_MSF,420,196128
result_SELECT_10_Heisenberg2D_cylinder_0.5_0.5_4,outer,1,naive,0.0,2,Proj,No_Top,420,191232
result_SELECT_10_Heisenberg2D_cylinder_0.5_0.5_4,outer,1,naive,0.0,2,Proj,No_Kink,871,1377929
result_SELECT_10_Heisenberg2D_cylinder_0.5_0.5_4,outer,1,naive,0.0,2,Proj,Yes_Kink,896,1392298
result_SELECT_10_FermiHubbard2D_cylinder_0_0_6,inner,1,SA,1.0,2,Single,No_MSF,489,708804
result_SELECT_10_FermiHubbard2D_cylinder_0_0_6,inner,1,SA,1.0,2,Single,No_Top,489,702692
result_SELECT_10_FermiHubbard2D_cylinder_0_0_6,inner,1,SA,1.0,2,Single,No_Kink,540,1079480
result_SELECT_10_FermiHubbard2D_cylinder_0_0_6,inner,1,SA,1.0,2,Double,No_MSF,473,686212
result_SELECT_10_FermiHubbard2D_cylinder_0_0_6,inner,1,SA,1.0,2,Double,No_Top,473,680100
result_SELECT_10_FermiHubbard2D_cylinder_0_0_6,inner,1,SA,1.0,2,Double,No_Kink,492,1025940
result_SELECT_10_FermiHubbard2D_cylinder_0_0_6,inner,1,SA,1.0,2,Double,Yes_Kink,515,1073108
result_SELECT_10_FermiHubbard2D_cylinder_0_0_6,inner,1,SA,1.0,2,Proj,No_MSF,407,593020
result_SELECT_10_FermiHubbard2D_cylinder_0_0_6,inner,1,SA,1.0,2,Proj,No_Top,407,586908
result_SELECT_10_FermiHubbard2D_cylinder_0_0_6,inner,1,SA,1.0,2,Proj,No_Kink,477,2324613
result_SELECT_10_FermiHubbard2D_cylinder_0_0_6,inner,1,SA,1.0,2,Proj,Yes_Kink,485,2344558
result_SELECT_10_Heisenberg2D_cylinder_0.5_0.5_6,outer,1,SA,0.01,6,Single,No_MSF,211,319616
result_SELECT_10_Heisenberg2D_cylinder_0.5_0.5_6,outer,1,SA,0.01,6,Single,No_Top,331,470944
result_SELECT_10_Heisenberg2D_cylinder_0.5_0.5_6,outer,1,SA,0.01,6,Single,No_Kink,377,886374
result_SELECT_10_Heisenberg2D_cylinder_0.5_0.5_6,outer,1,SA,0.01,6,Double,No_MSF,177,275008
result_SELECT_10_Heisenberg2D_cylinder_0.5_0.5_6,outer,1,SA,0.01,6,Double,No_Top,314,448640
result_SELECT_10_Heisenberg2D_cylinder_0.5_0.5_6,outer,1,SA,0.01,6,Double,No_Kink,314,888342
result_SELECT_10_Heisenberg2D_cylinder_0.5_0.5_6,outer,1,SA,0.01,6,Double,Yes_Kink,318,900590
result_SELECT_10_Heisenberg2D_cylinder_0.5_0.5_6,outer,1,SA,0.01,6,Proj,No_MSF,108,184480
result_SELECT_10_Heisenberg2D_cylinder_0.5_0.5_6,outer,1,SA,0.01,6,Proj,No_Top,287,413216
result_SELECT_10_Heisenberg2D_cylinder_0.5_0.5_6,outer,1,SA,0.01,6,Proj,No_Kink,294,1333885
result_SELECT_10_Heisenberg2D_cylinder_0.5_0.5_6,outer,1,SA,0.01,6,Proj,Yes_Kink,295,1329512
result_SELECT_10_Heisenberg2D_cylinder_0.5_0.5_3,outer,2,SA,0.001,2,Single,No_MSF,1069,304784
result_SELECT_10_Heisenberg2D_cylinder_0.5_0.5_3,outer,2,SA,0.001,2,Single,No_Top,1069,300112
result_SELECT_10_Heisenberg2D_cylinder_0.5_0.5_3,outer,2,SA,0.001,2,Single,No_Kink,1070,374546
result_SELECT_10_Heisenberg2D_cylinder_0.5_0.5_3,outer,2,SA,0.001,2,Single,Yes_Kink,1071,386404
result_SELECT_10_Heisenberg2D_cylinder_0.5_0.5_3,outer,2,SA,0.001,2,Double,No_MSF,987,282480
result_SELECT_10_Heisenberg2D_cylinder_0.5_0.5_3,outer,2,SA,0.001,2,Double,No_Top,987,277808
result_SELECT_10_Heisenberg2D_cylinder_0.5_0.5_3,outer,2,SA,0.001,2,Double,No_Kink,988,366622
result_SELECT_10_Heisenberg2D_cylinder_0.5_0.5_3,outer,2,SA,0.001,2,Double,Yes_Kink,1022,372101
result_SELECT_10_Heisenberg2D_cylinder_0.5_0.5_3,outer,2,SA,0.001,2,Proj,No_MSF,837,241680
result_SELECT_10_Heisenberg2D_cylinder_0.5_0.5_3,outer,2,SA,0.001,2,Proj,No_Top,837,237008
result_SELECT_10_Heisenberg2D_cylinder_0.5_0.5_3,outer,2,SA,0.001,2,Proj,No_Kink,853,940872
result_SELECT_10_Heisenberg2D_cylinder_0.5_0.5_3,outer,2,SA,0.001,2,Proj,Yes_Kink,852,924584
result_SELECT_100_Heisenberg1D_OBC_1_0_6,outer,1,random,0.0,2,Single,No_MSF,206,309976
result_SELECT_100_Heisenberg1D_OBC_1_0_6,outer,1,random,0.0,2,Single,No_Top,211,310668
result_SELECT_100_Heisenberg1D_OBC_1_0_6,outer,1,random,0.0,2,Single,No_Kink,755,1943414
result_SELECT_100_Heisenberg1D_OBC_1_0_6,outer,1,random,0.0,2,Double,No_MSF,185,280324
result_SELECT_100_Heisenberg1D_OBC_1_0_6,outer,1,random,0.0,2,Double,No_Top,185,273956
result_SELECT_100_Heisenberg1D_OBC_1_0_6,outer,1,random,0.0,2,Double,No_Kink,426,1496756
result_SELECT_100_Heisenberg1D_OBC_1_0_6,outer,1,random,0.0,2,Double,Yes_Kink,427,1498730
result_SELECT_100_Heisenberg1D_OBC_1_0_6,outer,1,random,0.0,2,Proj,No_MSF,117,184308
result_SELECT_100_Heisenberg1D_OBC_1_0_6,outer,1,random,0.0,2,Proj,No_Top,123,186412
result_SELECT_100_Heisenberg1D_OBC_1_0_6,outer,1,random,0.0,2,Proj,No_Kink,300,1496743
result_SELECT_100_Heisenberg1D_OBC_1_0_6,outer,1,random,0.0,2,Proj,Yes_Kink,305,1503508
result_SELECT_10_Heisenberg2D_cylinder_0.5_0.5_5,outer,2,SA,0.01,2,Single,No_MSF,327,256704
result_SELECT_10_Heisenberg2D_cylinder_0.5_0.5_5,outer,2,SA,0.01,2,Single,No_Top,327,251360
result_SELECT_10_Heisenberg2D_cylinder_0.5_0.5_5,outer,2,SA,0.01,2,Single,No_Kink,332,388435
result_SELECT_10_Heisenberg2D_cylinder_0.5_0.5_5,outer,2,SA,0.01,2,Single,Yes_Kink,331,402954
result_SELECT_10_Heisenberg2D_cylinder_0.5_0.5_5,outer,2,SA,0.01,2,Double,No_MSF,290,229472
result_SELECT_10_Heisenberg2D_cylinder_0.5_0.5_5,outer,2,SA,0.01,2,Double,No_Top,291,224864
result_SELECT_10_Heisenberg2D_cylinder_0.5_0.5_5,outer,2,SA,0.01,2,Double,No_Kink,294,377150
result_SELECT_10_Heisenberg2D_cylinder_0.5_0.5_5,outer,2,SA,0.01,2,Double,Yes_Kink,303,382545
result_SELECT_10_Heisenberg2D_cylinder_0.5_0.5_5,outer,2,SA,0.01,2,Proj,No_MSF,213,172800
result_SELECT_10_Heisenberg2D_cylinder_0.5_0.5_5,outer,2,SA,0.01,2,Proj,No_Top,213,167456
result_SELECT_10_Heisenberg2D_cylinder_0.5_0.5_5,outer,2,SA,0.01,2,Proj,No_Kink,245,738137
result_SELECT_10_Heisenberg2D_cylinder_0.5_0.5_5,outer,2,SA,0.01,2,Proj,Yes_Kink,247,730590
result_trotter_10_Heisenberg2D_cylinder_0.5_0.5_det,outer,1,random,0.0,2,Single,No_MSF,756,152100
result_trotter_10_Heisenberg2D_cylinder_0.5_0.5_det,outer,1,random,0.0,2,Single,No_Top,1864,237400
result_trotter_10_Heisenberg2D_cylinder_0.5_0.5_det,outer,1,random,0.0,2,Single,No_Kink,2004,518686
result_trotter_10_Heisenberg2D_cylinder_0.5_0.5_det,outer,1,random,0.0,2,Double,No_MSF,749,151400
result_trotter_10_Heisenberg2D_cylinder_0.5_0.5_det,outer,1,random,0.0,2,Double,No_Top,1861,237100
result_trotter_10_Heisenberg2D_cylinder_0.5_0.5_det,outer,1,random,0.0,2,Double,No_Kink,1934,561607
result_trotter_10_Heisenberg2D_cylinder_0.5_0.5_det,outer,1,random,0.0,2,Double,Yes_Kink,1968,581039
result_trotter_10_Heisenberg2D_cylinder_0.5_0.5_det,outer,1,random,0.0,2,Proj,No_MSF,390,115500
result_trotter_10_Heisenberg2D_cylinder_0.5_0.5_det,outer,1,random,0.0,2,Proj,No_Top,1740,225000
result_trotter_10_Heisenberg2D_cylinder_0.5_0.5_det,outer,1,random,0.0,2,Proj,No_Kink,1939,774297
result_trotter_10_Heisenberg2D_cylinder_0.5_0.5_det,outer,1,random,0.0,2,Proj,Yes_Kink,1954,752744
result_SELECT_10_Heisenberg2D_cylinder_0.5_0.5_6,outer,2,random,0.0,0,Single,No_MSF,211,282944
result_SELECT_10_Heisenberg2D_cylinder_0.5_0.5_6,outer,2,random,0.0,0,Single,No_Top,211,276832
result_SELECT_10_Heisenberg2D_cylinder_0.5_0.5_6,outer,2,random,0.0,0,Single,No_Kink,324,973014
result_SELECT_10_Heisenberg2D_cylinder_0.5_0.5_6,outer,2,random,0.0,0,Single,Yes_Kink,331,984140
result_SELECT_10_Heisenberg2D_cylinder_0.5_0.5_6,outer,2,random,0.0,0,Double,No_MSF,177,238336
result_SELECT_10_Heisenberg2D_cylinder_0.5_0.5_6,outer,2,random,0.0,0,Double,No_Top,177,232224
result_SELECT_10_Heisenberg2D_cylinder_0.5_0.5_6,outer,2,random,0.0,0,Double,No_Kink,274,933546
result_SELECT_10_Heisenberg2D_cylinder_0.5_0.5_6,outer,2,random,0.0,0,Double,Yes_Kink,274,933452
result_SELECT_10_Heisenberg2D_cylinder_0.5_0.5_6,outer,2,random,0.0,0,Proj,No_MSF,108,147808
result_SELECT_10_Heisenberg2D_cylinder_0.5_0.5_6,outer,2,random,0.0,0,Proj,No_Top,108,141696
result_SELECT_10_Heisenberg2D_cylinder_0.5_0.5_6,outer,2,random,0.0,0,Proj,No_Kink,217,1057377
result_SELECT_10_Heisenberg2D_cylinder_0.5_0.5_6,outer,2,random,0.0,0,Proj,Yes_Kink,223,1068674
result_SELECT_100_random_local_OBC_0_0_6,outer,1,SA,0.01,2,Single,No_MSF,247,306944
result_SELECT_100_random_local_OBC_0_0_6,outer,1,SA,0.01,2,Single,No_Top,247,302112
result_SELECT_100_random_local_OBC_0_0_6,outer,1,SA,0.01,2,Single,No_Kink,531,946148
result_SELECT_100_random_local_OBC_0_0_6,outer,1,SA,0.01,2,Double,No_MSF,192,241824
result_SELECT_100_random_local_OBC_0_0_6,outer,1,SA,0.01,2,Double,No_Top,193,238176
result_SELECT_100_random_local_OBC_0_0_6,outer,1,SA,0.01,2,Double,No_Kink,426,867277
result_SELECT_100_random_local_OBC_0_0_6,outer,1,SA,0.01,2,Double,Yes_Kink,433,883658
result_SELECT_100_random_local_OBC_0_0_6,outer,1,SA,0.01,2,Proj,No_MSF,128,166048
result_SELECT_100_random_local_OBC_0_0_6,outer,1,SA,0.01,2,Proj,No_Top,128,161216
result_SELECT_100_random_local_OBC_0_0_6,outer,1,SA,0.01,2,Proj,No_Kink,375,1571176
result_SELECT_100_random_local_OBC_0_0_6,outer,1,SA,0.01,2,Proj,Yes_Kink,385,1597510
result_SELECT_10_Heisenberg2D_cylinder_0.5_0.5_6,outer,2,SA,0.1,4,Single,No_MSF,211,307392
result_SELECT_10_Heisenberg2D_cylinder_0.5_0.5_6,outer,2,SA,0.1,4,Single,No_Top,254,357696
result_SELECT_10_Heisenberg2D_cylinder_0.5_0.5_6,outer,2,SA,0.1,4,Single,No_Kink,256,609929
result_SELECT_10_Heisenberg2D_cylinder_0.5_0.5_6,outer,2,SA,0.1,4,Single,Yes_Kink,259,627701
result_SELECT_10_Heisenberg2D_cylinder_0.5_0.5_6,outer,2,SA,0.1,4,Double,No_MSF,177,262784
result_SELECT_10_Heisenberg2D_cylinder_0.5_0.5_6,outer,2,SA,0.1,4,Double,No_Top,239,338016
result_SELECT_10_Heisenberg2D_cylinder_0.5_0.5_6,outer,2,SA,0.1,4,Double,No_Kink,237,610633
result_SELECT_10_Heisenberg2D_cylinder_0.5_0.5_6,outer,2,SA,0.1,4,Double,Yes_Kink,240,606175
result_SELECT_10_Heisenberg2D_cylinder_0.5_0.5_6,outer,2,SA,0.1,4,Proj,No_MSF,108,172256
result_SELECT_10_Heisenberg2D_cylinder_0.5_0.5_6,outer,2,SA,0.1,4,Proj,No_Top,205,293408
result_SELECT_10_Heisenberg2D_cylinder_0.5_0.5_6,outer,2,SA,0.1,4,Proj,No_Kink,205,980331
result_SELECT_10_Heisenberg2D_cylinder_0.5_0.5_6,outer,2,SA,0.1,4,Proj,Yes_Kink,206,972585
result_SELECT_10_Heisenberg2D_cylinder_0.5_0.5_0,outer,1,SA,0.001,2,Single,No_MSF,8099,1001446
result_SELECT_10_Heisenberg2D_cylinder_0.5_0.5_0,outer,1,SA,0.001,2,Single,No_Top,8101,997234
result_SELECT_10_Heisenberg2D_cylinder_0.5_0.5_0,outer,1,SA,0.001,2,Single,No_Kink,8101,1090114
result_SELECT_10_Heisenberg2D_cylinder_0.5_0.5_0,outer,1,SA,0.001,2,Double,No_MSF,7536,932760
result_SELECT_10_Heisenberg2D_cylinder_0.5_0.5_0,outer,1,SA,0.001,2,Double,No_Top,7537,928426
result_SELECT_10_Heisenberg2D_cylinder_0.5_0.5_0,outer,1,SA,0.001,2,Double,No_Kink,7537,1035566
result_SELECT_10_Heisenberg2D_cylinder_0.5_0.5_0,outer,1,SA,0.001,2,Double,Yes_Kink,7537,1034149
result_SELECT_10_Heisenberg2D_cylinder_0.5_0.5_0,outer,1,SA,0.001,2,Proj,No_MSF,6660,825888
result_SELECT_10_Heisenberg2D_cylinder_0.5_0.5_0,outer,1,SA,0.001,2,Proj,No_Top,6660,821432
result_SELECT_10_Heisenberg2D_cylinder_0.5_0.5_0,outer,1,SA,0.001,2,Proj,No_Kink,6665,2801299
result_SELECT_10_Heisenberg2D_cylinder_0.5_0.5_0,outer,1,SA,0.001,2,Proj,Yes_Kink,6665,2767267
result_SELECT_10_Heisenberg2D_cylinder_0.5_0.5_6,inner,2,SA,0.1,6,Single,No_MSF,211,319616
result_SELECT_10_Heisenberg2D_cylinder_0.5_0.5_6,inner,2,SA,0.1,6,Single,No_Top,331,470944
result_SELECT_10_Heisenberg2D_cylinder_0.5_0.5_6,inner,2,SA,0.1,6,Single,No_Kink,332,714119
result_SELECT_10_Heisenberg2D_cylinder_0.5_0.5_6,inner,2,SA,0.1,6,Single,Yes_Kink,333,737636
result_SELECT_10_Heisenberg2D_cylinder_0.5_0.5_6,inner,2,SA,0.1,6,Double,No_MSF,177,275008
result_SELECT_10_Heisenberg2D_cylinder_0.5_0.5_6,inner,2,SA,0.1,6,Double,No_Top,314,448640
result_SELECT_10_Heisenberg2D_cylinder_0.5_0.5_6,inner,2,SA,0.1,6,Double,No_Kink,315,703091
result_SELECT_10_Heisenberg2D_cylinder_0.5_0.5_6,inner,2,SA,0.1,6,Double,Yes_Kink,321,711794
result_SELECT_10_Heisenberg2D_cylinder_0.5_0.5_6,inner,2,SA,0.1,6,Proj,No_MSF,108,184480
result_SELECT_10_Heisenberg2D_cylinder_0.5_0.5_6,inner,2,SA,0.1,6,Proj,No_Top,287,413216
result_SELECT_10_Heisenberg2D_cylinder_0.5_0.5_6,inner,2,SA,0.1,6,Proj,No_Kink,518,1929701
result_SELECT_10_Heisenberg2D_cylinder_0.5_0.5_6,inner,2,SA,0.1,6,Proj,Yes_Kink,478,1715951
result_trotter_10_Heisenberg2D_cylinder_0.5_0.5_rand,outer,1,SA,0.01,1,Single,No_MSF,744,125400
result_trotter_10_Heisenberg2D_cylinder_0.5_0.5_rand,outer,1,SA,0.01,1,Single,No_Top,1231,148600
result_trotter_10_Heisenberg2D_cylinder_0.5_0.5_rand,outer,1,SA,0.01,1,Single,No_Kink,1334,376338
result_trotter_10_Heisenberg2D_cylinder_0.5_0.5_rand,outer,1,SA,0.01,1,Double,No_MSF,721,123100
result_trotter_10_Heisenberg2D_cylinder_0.5_0.5_rand,outer,1,SA,0.01,1,Double,No_Top,1211,146600
result_trotter_10_Heisenberg2D_cylinder_0.5_0.5_rand,outer,1,SA,0.01,1,Double,No_Kink,1270,437954
result_trotter_10_Heisenberg2D_cylinder_0.5_0.5_rand,outer,1,SA,0.01,1,Double,Yes_Kink,1372,457350
result_trotter_10_Heisenberg2D_cylinder_0.5_0.5_rand,outer,1,SA,0.01,1,Proj,No_MSF,390,90000
result_trotter_10_Heisenberg2D_cylinder_0.5_0.5_rand,outer,1,SA,0.01,1,Proj,No_Top,1160,141500
result_trotter_10_Heisenberg2D_cylinder_0.5_0.5_rand,outer,1,SA,0.01,1,Proj,No_Kink,1286,516663
result_trotter_10_Heisenberg2D_cylinder_0.5_0.5_rand,outer,1,SA,0.01,1,Proj,Yes_Kink,1315,507484
result_SELECT_10_Heisenberg2D_cylinder_0.5_0.5_0,inner,2,SA,0.001,0,Single,No_MSF,8099,992534
result_SELECT_10_Heisenberg2D_cylinder_0.5_0.5_0,inner,2,SA,0.001,0,Single,No_Top,8099,988078
result_SELECT_10_Heisenberg2D_cylinder_0.5_0.5_0,inner,2,SA,0.001,0,Single,No_Kink,8099,1059644
result_SELECT_10_Heisenberg2D_cylinder_0.5_0.5_0,inner,2,SA,0.001,0,Single,Yes_Kink,8099,1071267
result_SELECT_10_Heisenberg2D_cylinder_0.5_0.5_0,inner,2,SA,0.001,0,Double,No_MSF,7536,923848
result_SELECT_10_Heisenberg2D_cylinder_0.5_0.5_0,inner,2,SA,0.001,0,Double,No_Top,7536,919392
result_SELECT_10_Heisenberg2D_cylinder_0.5_0.5_0,inner,2,SA,0.001,0,Double,No_Kink,7536,1005717
result_SELECT_10_Heisenberg2D_cylinder_0.5_0.5_0,inner,2,SA,0.001,0,Double,Yes_Kink,7536,1004611
result_SELECT_10_Heisenberg2D_cylinder_0.5_0.5_0,inner,2,SA,0.001,0,Proj,No_MSF,6660,816976
result_SELECT_10_Heisenberg2D_cylinder_0.5_0.5_0,inner,2,SA,0.001,0,Proj,No_Top,6660,812520
result_SELECT_10_Heisenberg2D_cylinder_0.5_0.5_0,inner,2,SA,0.001,0,Proj,No_Kink,6661,2458395
result_SELECT_10_Heisenberg2D_cylinder_0.5_0.5_0,inner,2,SA,0.001,0,Proj,Yes_Kink,6661,2369945
result_SELECT_10_Heisenberg2D_cylinder_0.5_0.5_6,inner,2,SA,1.0,2,Single,No_MSF,211,295168
result_SELECT_10_Heisenberg2D_cylinder_0.5_0.5_6,inner,2,SA,1.0,2,Single,No_Top,211,289056
result_SELECT_10_Heisenberg2D_cylinder_0.5_0.5_6,inner,2,SA,1.0,2,Single,No_Kink,214,465671
result_SELECT_10_Heisenberg2D_cylinder_0.5_0.5_6,inner,2,SA,1.0,2,Single,Yes_Kink,218,484944
result_SELECT_10_Heisenberg2D_cylinder_0.5_0.5_6,inner,2,SA,1.0,2,Double,No_MSF,177,250560
result_SELECT_10_Heisenberg2D_cylinder_0.5_0.5_6,inner,2,SA,1.0,2,Double,No_Top,177,244448
result_SELECT_10_Heisenberg2D_cylinder_0.5_0.5_6,inner,2,SA,1.0,2,Double,No_Kink,182,449934
result_SELECT_10_Heisenberg2D_cylinder_0.5_0.5_6,inner,2,SA,1.0,2,Double,Yes_Kink,189,462432
result_SELECT_10_Heisenberg2D_cylinder_0.5_0.5_6,inner,2,SA,1.0,2,Proj,No_MSF,108,160032
result_SELECT_10_Heisenberg2D_cylinder_0.5_0.5_6,inner,2,SA,1.0,2,Proj,No_Top,123,173600
result_SELECT_10_Heisenberg2D_cylinder_0.5_0.5_6,inner,2,SA,1.0,2,Proj,No_Kink,155,732795
result_SELECT_10_Heisenberg2D_cylinder_0.5_0.5_6,inner,2,SA,1.0,2,Proj,Yes_Kink,161,739605
result_trotter_10_Heisenberg2D_cylinder_0.5_0.5_rand,outer,2,SA,1.0,1,Single,No_MSF,744,125400
result_trotter_10_Heisenberg2D_cylinder_0.5_0.5_rand,outer,2,SA,1.0,1,Single,No_Top,1231,148600
result_trotter_10_Heisenberg2D_cylinder_0.5_0.5_rand,outer,2,SA,1.0,1,Single,No_Kink,1284,361839
result_trotter_10_Heisenberg2D_cylinder_0.5_0.5_rand,outer,2,SA,1.0,1,Single,Yes_Kink,1298,365362
result_trotter_10_Heisenberg2D_cylinder_0.5_0.5_rand,outer,2,SA,1.0,1,Double,No_MSF,721,123100
result_trotter_10_Heisenberg2D_cylinder_0.5_0.5_rand,outer,2,SA,1.0,1,Double,No_Top,1211,146600
result_trotter_10_Heisenberg2D_cylinder_0.5_0.5_rand,outer,2,SA,1.0,1,Double,No_Kink,1226,403279
result_trotter_10_Heisenberg2D_cylinder_0.5_0.5_rand,outer,2,SA,1.0,1,Double,Yes_Kink,1267,404955
result_trotter_10_Heisenberg2D_cylinder_0.5_0.5_rand,outer,2,SA,1.0,1,Proj,No_MSF,390,90000
result_trotter_10_Heisenberg2D_cylinder_0.5_0.5_rand,outer,2,SA,1.0,1,Proj,No_Top,1160,141500
result_trotter_10_Heisenberg2D_cylinder_0.5_0.5_rand,outer,2,SA,1.0,1,Proj,No_Kink,1219,707332
result_trotter_10_Heisenberg2D_cylinder_0.5_0.5_rand,outer,2,SA,1.0,1,Proj,Yes_Kink,1241,701150
result_SELECT_100_Heisenberg1D_OBC_1_0_6,outer,1,SA,0.01,2,Single,No_MSF,206,309976
result_SELECT_100_Heisenberg1D_OBC_1_0_6,outer,1,SA,0.01,2,Single,No_Top,211,310668
result_SELECT_100_Heisenberg1D_OBC_1_0_6,outer,1,SA,0.01,2,Single,No_Kink,237,616034
result_SELECT_100_Heisenberg1D_OBC_1_0_6,outer,1,SA,0.01,2,Double,No_MSF,185,280324
result_SELECT_100_Heisenberg1D_OBC_1_0_6,outer,1,SA,0.01,2,Double,No_Top,185,273956
result_SELECT_100_Heisenberg1D_OBC_1_0_6,outer,1,SA,0.01,2,Double,No_Kink,195,580381
result_SELECT_100_Heisenberg1D_OBC_1_0_6,outer,1,SA,0.01,2,Double,Yes_Kink,199,611439
result_SELECT_100_Heisenberg1D_OBC_1_0_6,outer,1,SA,0.01,2,Proj,No_MSF,117,184308
result_SELECT_100_Heisenberg1D_OBC_1_0_6,outer,1,SA,0.01,2,Proj,No_Top,123,186412
result_SELECT_100_Heisenberg1D_OBC_1_0_6,outer,1,SA,0.01,2,Proj,No_Kink,169,841292
result_SELECT_100_Heisenberg1D_OBC_1_0_6,outer,1,SA,0.01,2,Proj,Yes_Kink,175,849719
result_SELECT_10_Heisenberg2D_cylinder_0.5_0.5_6,outer,2,naive,0.0,8,Single,No_MSF,211,331840
result_SELECT_10_Heisenberg2D_cylinder_0.5_0.5_6,outer,2,naive,0.0,8,Single,No_Top,408,584192
result_SELECT_10_Heisenberg2D_cylinder_0.5_0.5_6,outer,2,naive,0.0,8,Single,No_Kink,681,1548299
result_SELECT_10_Heisenberg2D_cylinder_0.5_0.5_6,outer,2,naive,0.0,8,Single,Yes_Kink,610,1485873
result_SELECT_10_Heisenberg2D_cylinder_0.5_0.5_6,outer,2,naive,0.0,8,Double,No_MSF,177,287232
result_SELECT_10_Heisenberg2D_cylinder_0.5_0.5_6,outer,2,naive,0.0,8,Double,No_Top,392,563200
result_SELECT_10_Heisenberg2D_cylinder_0.5_0.5_6,outer,2,naive,0.0,8,Double,No_Kink,582,1466961
result_SELECT_10_Heisenberg2D_cylinder_0.5_0.5_6,outer,2,naive,0.0,8,Double,Yes_Kink,577,1460795
result_SELECT_10_Heisenberg2D_cylinder_0.5_0.5_6,outer,2,naive,0.0,8,Proj,No_MSF,108,196704
result_SELECT_10_Heisenberg2D_cylinder_0.5_0.5_6,outer,2,naive,0.0,8,Proj,No_Top,369,533024
result_SELECT_10_Heisenberg2D_cylinder_0.5_0.5_6,outer,2,naive,0.0,8,Proj,No_Kink,1923,8206205
result_SELECT_10_Heisenberg2D_cylinder_0.5_0.5_6,outer,2,naive,0.0,8,Proj,Yes_Kink,1773,7520008
result_SELECT_10_Heisenberg2D_cylinder_0.5_0.5_4,inner,2,SA,0.001,2,Single,No_MSF,571,261360
result_SELECT_10_Heisenberg2D_cylinder_0.5_0.5_4,inner,2,SA,0.001,2,Single,No_Top,571,256464
result_SELECT_10_Heisenberg2D_cylinder_0.5_0.5_4,inner,2,SA,0.001,2,Single,No_Kink,575,332130
result_SELECT_10_Heisenberg2D_cylinder_0.5_0.5_4,inner,2,SA,0.001,2,Single,Yes_Kink,574,345791
result_SELECT_10_Heisenberg2D_cylinder_0.5_0.5_4,inner,2,SA,0.001,2,Double,No_MSF,522,240192
result_SELECT_10_Heisenberg2D_cylinder_0.5_0.5_4,inner,2,SA,0.001,2,Double,No_Top,522,235296
result_SELECT_10_Heisenberg2D_cylinder_0.5_0.5_4,inner,2,SA,0.001,2,Double,No_Kink,523,324446
result_SELECT_10_Heisenberg2D_cylinder_0.5_0.5_4,inner,2,SA,0.001,2,Double,Yes_Kink,542,331109
result_SELECT_10_Heisenberg2D_cylinder_0.5_0.5_4,inner,2,SA,0.001,2,Proj,No_MSF,420,196128
result_SELECT_10_Heisenberg2D_cylinder_0.5_0.5_4,inner,2,SA,0.001,2,Proj,No_Top,420,191232
result_SELECT_10_Heisenberg2D_cylinder_0.5_0.5_4,inner,2,SA,0.001,2,Proj,No_Kink,439,745781
result_SELECT_10_Heisenberg2D_cylinder_0.5_0.5_4,inner,2,SA,0.001,2,Proj,Yes_Kink,439,727852
result_trotter_10_Heisenberg2D_cylinder_0.5_0.5_rand,inner,1,SA,0.1,2,Single,No_MSF,744,150900
result_trotter_10_Heisenberg2D_cylinder_0.5_0.5_rand,inner,1,SA,0.1,2,Single,No_Top,1782,229200
result_trotter_10_Heisenberg2D_cylinder_0.5_0.5_rand,inner,1,SA,0.1,2,Single,No_Kink,1843,469172
result_trotter_10_Heisenberg2D_cylinder_0.5_0.5_rand,inner,1,SA,0.1,2,Double,No_MSF,721,148600
result_trotter_10_Heisenberg2D_cylinder_0.5_0.5_rand,inner,1,SA,0.1,2,Double,No_Top,1777,228700
result_trotter_10_Heisenberg2D_cylinder_0.5_0.5_rand,inner,1,SA,0.1,2,Double,No_Kink,1787,526262
result_trotter_10_Heisenberg2D_cylinder_0.5_0.5_rand,inner,1,SA,0.1,2,Double,Yes_Kink,1832,532917
result_trotter_10_Heisenberg2D_cylinder_0.5_0.5_rand,inner,1,SA,0.1,2,Proj,No_MSF,390,115500
result_trotter_10_Heisenberg2D_cylinder_0.5_0.5_rand,inner,1,SA,0.1,2,Proj,No_Top,1740,225000
result_trotter_10_Heisenberg2D_cylinder_0.5_0.5_rand,inner,1,SA,0.1,2,Proj,No_Kink,2232,872534
result_trotter_10_Heisenberg2D_cylinder_0.5_0.5_rand,inner,1,SA,0.1,2,Proj,Yes_Kink,2318,828725
result_SELECT_10_Heisenberg2D_cylinder_0.5_0.5_6,inner,1,random,0.0,6,Single,No_MSF,211,319616
result_SELECT_10_Heisenberg2D_cylinder_0.5_0.5_6,inner,1,random,0.0,6,Single,No_Top,331,470944
result_SELECT_10_Heisenberg2D_cylinder_0.5_0.5_6,inner,1,random,0.0,6,Single,No_Kink,677,1679496
result_SELECT_10_Heisenberg2D_cylinder_0.5_0.5_6,inner,1,random,0.0,6,Double,No_MSF,177,275008
result_SELECT_10_Heisenberg2D_cylinder_0.5_0.5_6,inner,1,random,0.0,6,Double,No_Top,314,448640
result_SELECT_10_Heisenberg2D_cylinder_0.5_0.5_6,inner,1,random,0.0,6,Double,No_Kink,411,1393626
result_SELECT_10_Heisenberg2D_cylinder_0.5_0.5_6,inner,1,random,0.0,6,Double,Yes_Kink,418,1409987
result_SELECT_10_Heisenberg2D_cylinder_0.5_0.5_6,inner,1,random,0.0,6,Proj,No_MSF,108,184480
result_SELECT_10_Heisenberg2D_cylinder_0.5_0.5_6,inner,1,random,0.0,6,Proj,No_Top,287,413216
result_SELECT_10_Heisenberg2D_cylinder_0.5_0.5_6,inner,1,random,0.0,6,Proj,No_Kink,501,2259930
result_SELECT_10_Heisenberg2D_cylinder_0.5_0.5_6,inner,1,random,0.0,6,Proj,Yes_Kink,491,2171628
result_SELECT_100_Heisenberg1D_OBC_1_0_6,outer,2,SA,0.1,2,Single,No_MSF,206,309976
result_SELECT_100_Heisenberg1D_OBC_1_0_6,outer,2,SA,0.1,2,Single,No_Top,211,310668
result_SELECT_100_Heisenberg1D_OBC_1_0_6,outer,2,SA,0.1,2,Single,No_Kink,217,556979
result_SELECT_100_Heisenberg1D_OBC_1_0_6,outer,2,SA,0.1,2,Single,Yes_Kink,216,575135
result_SELECT_100_Heisenberg1D_OBC_1_0_6,outer,2,SA,0.1,2,Double,No_MSF,185,280324
result_SELECT_100_Heisenberg1D_OBC_1_0_6,outer,2,SA,0.1,2,Double,No_Top,185,273956
result_SELECT_100_Heisenberg1D_OBC_1_0_6,outer,2,SA,0.1,2,Double,No_Kink,190,543071
result_SELECT_100_Heisenberg1D_OBC_1_0_6,outer,2,SA,0.1,2,Double,Yes_Kink,197,558134
result_SELECT_100_Heisenberg1D_OBC_1_0_6,outer,2,SA,0.1,2,Proj,No_MSF,117,184308
result_SELECT_100_Heisenberg1D_OBC_1_0_6,outer,2,SA,0.1,2,Proj,No_Top,123,186412
result_SELECT_100_Heisenberg1D_OBC_1_0_6,outer,2,SA,0.1,2,Proj,No_Kink,161,843360
result_SELECT_100_Heisenberg1D_OBC_1_0_6,outer,2,SA,0.1,2,Proj,Yes_Kink,164,842849
result_SELECT_10_Heisenberg2D_cylinder_0.5_0.5_5,outer,2,SA,0.1,0,Single,No_MSF,327,246016
result_SELECT_10_Heisenberg2D_cylinder_0.5_0.5_5,outer,2,SA,0.1,0,Single,No_Top,327,240672
result_SELECT_10_Heisenberg2D_cylinder_0.5_0.5_5,outer,2,SA,0.1,0,Single,No_Kink,338,363713
result_SELECT_10_Heisenberg2D_cylinder_0.5_0.5_5,outer,2,SA,0.1,0,Single,Yes_Kink,343,384217
result_SELECT_10_Heisenberg2D_cylinder_0.5_0.5_5,outer,2,SA,0.1,0,Double,No_MSF,290,218784
result_SELECT_10_Heisenberg2D_cylinder_0.5_0.5_5,outer,2,SA,0.1,0,Double,No_Top,290,213440
result_SELECT_10_Heisenberg2D_cylinder_0.5_0.5_5,outer,2,SA,0.1,0,Double,No_Kink,300,350823
result_SELECT_10_Heisenberg2D_cylinder_0.5_0.5_5,outer,2,SA,0.1,0,Double,Yes_Kink,308,353711
result_SELECT_10_Heisenberg2D_cylinder_0.5_0.5_5,outer,2,SA,0.1,0,Proj,No_MSF,213,162112
result_SELECT_10_Heisenberg2D_cylinder_0.5_0.5_5,outer,2,SA,0.1,0,Proj,No_Top,213,156768
result_SELECT_10_Heisenberg2D_cylinder_0.5_0.5_5,outer,2,SA,0.1,0,Proj,No_Kink,242,723738
result_SELECT_10_Heisenberg2D_cylinder_0.5_0.5_5,outer,2,SA,0.1,0,Proj,Yes_Kink,245,715048
result_SELECT_10_Heisenberg2D_cylinder_0.5_0.5_3,inner,2,SA,1.0,0,Single,No_MSF,1069,295440
result_SELECT_10_Heisenberg2D_cylinder_0.5_0.5_3,inner,2,SA,1.0,0,Single,No_Top,1069,290768
result_SELECT_10_Heisenberg2D_cylinder_0.5_0.5_3,inner,2,SA,1.0,0,Single,No_Kink,1070,336170
result_SELECT_10_Heisenberg2D_cylinder_0.5_0.5_3,inner,2,SA,1.0,0,Single,Yes_Kink,1070,349166
result_SELECT_10_Heisenberg2D_cylinder_0.5_0.5_3,inner,2,SA,1.0,0,Double,No_MSF,987,273136
result_SELECT_10_Heisenberg2D_cylinder_0.5_0.5_3,inner,2,SA,1.0,0,Double,No_Top,987,268464
result_SELECT_10_Heisenberg2D_cylinder_0.5_0.5_3,inner,2,SA,1.0,0,Double,No_Kink,990,330422
result_SELECT_10_Heisenberg2D_cylinder_0.5_0.5_3,inner,2,SA,1.0,0,Double,Yes_Kink,1022,336350
result_SELECT_10_Heisenberg2D_cylinder_0.5_0.5_3,inner,2,SA,1.0,0,Proj,No_MSF,837,232336
result_SELECT_10_Heisenberg2D_cylinder_0.5_0.5_3,inner,2,SA,1.0,0,Proj,No_Top,837,227664
result_SELECT_10_Heisenberg2D_cylinder_0.5_0.5_3,inner,2,SA,1.0,0,Proj,No_Kink,845,836728
result_SELECT_10_Heisenberg2D_cylinder_0.5_0.5_3,inner,2,SA,1.0,0,Proj,Yes_Kink,849,807008
result_SELECT_10_Heisenberg2D_cylinder_0.5_0.5_6,outer,2,SA,1.0,8,Single,No_MSF,211,331840
result_SELECT_10_Heisenberg2D_cylinder_0.5_0.5_6,outer,2,SA,1.0,8,Single,No_Top,408,584192
result_SELECT_10_Heisenberg2D_cylinder_0.5_0.5_6,outer,2,SA,1.0,8,Single,No_Kink,407,848586
result_SELECT_10_Heisenberg2D_cylinder_0.5_0.5_6,outer,2,SA,1.0,8,Single,Yes_Kink,407,869846
result_SELECT_10_Heisenberg2D_cylinder_0.5_0.5_6,outer,2,SA,1.0,8,Double,No_MSF,177,287232
result_SELECT_10_Heisenberg2D_cylinder_0.5_0.5_6,outer,2,SA,1.0,8,Double,No_Top,392,563200
result_SELECT_10_Heisenberg2D_cylinder_0.5_0.5_6,outer,2,SA,1.0,8,Double,No_Kink,396,861628
result_SELECT_10_Heisenberg2D_cylinder_0.5_0.5_6,outer,2,SA,1.0,8,Double,Yes_Kink,398,855564
result_SELECT_10_Heisenberg2D_cylinder_0.5_0.5_6,outer,2,SA,1.0,8,Proj,No_MSF,108,196704
result_SELECT_10_Heisenberg2D_cylinder_0.5_0.5_6,outer,2,SA,1.0,8,Proj,No_Top,369,533024
result_SELECT_10_Heisenberg2D_cylinder_0.5_0.5_6,outer,2,SA,1.0,8,Proj,No_Kink,369,1566413
result_SELECT_10_Heisenberg2D_cylinder_0.5_0.5_6,outer,2,SA,1.0,8,Proj,Yes_Kink,369,1559661
result_SELECT_10_Heisenberg2D_cylinder_0.5_0.5_6,outer,1,random,0.0,2,Single,No_MSF,211,295168
result_SELECT_10_Heisenberg2D_cylinder_0.5_0.5_6,outer,1,random,0.0,2,Single,No_Top,211,289056
result_SELECT_10_Heisenberg2D_cylinder_0.5_0.5_6,outer,1,random,0.0,2,Single,No_Kink,725,1762018
result_SELECT_10_Heisenberg2D_cylinder_0.5_0.5_6,outer,1,random,0.0,2,Double,No_MSF,177,250560
result_SELECT_10_Heisenberg2D_cylinder_0.5_0.5_6,outer,1,random,0.0,2,Double,No_Top,177,244448
result_SELECT_10_Heisenberg2D_cylinder_0.5_0.5_6,outer,1,random,0.0,2,Double,No_Kink,417,1373012
result_SELECT_10_Heisenberg2D_cylinder_0.5_0.5_6,outer,1,random,0.0,2,Double,Yes_Kink,416,1372848
result_SELECT_10_Heisenberg2D_cylinder_0.5_0.5_6,outer,1,random,0.0,2,Proj,No_MSF,108,160032
result_SELECT_10_Heisenberg2D_cylinder_0.5_0.5_6,outer,1,random,0.0,2,Proj,No_Top,123,173600
result_SELECT_10_Heisenberg2D_cylinder_0.5_0.5_6,outer,1,random,0.0,2,Proj,No_Kink,293,1388803
result_SELECT_10_Heisenberg2D_cylinder_0.5_0.5_6,outer,1,random,0.0,2,Proj,Yes_Kink,299,1398882
result_SELECT_10_Heisenberg2D_cylinder_0.5_0.5_6,inner,2,SA,0.001,6,Single,No_MSF,211,319616
result_SELECT_10_Heisenberg2D_cylinder_0.5_0.5_6,inner,2,SA,0.001,6,Single,No_Top,331,470944
result_SELECT_10_Heisenberg2D_cylinder_0.5_0.5_6,inner,2,SA,0.001,6,Single,No_Kink,333,705473
result_SELECT_10_Heisenberg2D_cylinder_0.5_0.5_6,inner,2,SA,0.001,6,Single,Yes_Kink,333,721845
result_SELECT_10_Heisenberg2D_cylinder_0.5_0.5_6,inner,2,SA,0.001,6,Double,No_MSF,177,275008
result_SELECT_10_Heisenberg2D_cylinder_0.5_0.5_6,inner,2,SA,0.001,6,Double,No_Top,314,448640
result_SELECT_10_Heisenberg2D_cylinder_0.5_0.5_6,inner,2,SA,0.001,6,Double,No_Kink,315,700509
result_SELECT_10_Heisenberg2D_cylinder_0.5_0.5_6,inner,2,SA,0.001,6,Double,Yes_Kink,322,713207
result_SELECT_10_Heisenberg2D_cylinder_0.5_0.5_6,inner,2,SA,0.001,6,Proj,No_MSF,108,184480
result_SELECT_10_Heisenberg2D_cylinder_0.5_0.5_6,inner,2,SA,0.001,6,Proj,No_Top,287,413216
result_SELECT_10_Heisenberg2D_cylinder_0.5_0.5_6,inner,2,SA,0.001,6,Proj,No_Kink,630,2383484
result_SELECT_10_Heisenberg2D_cylinder_0.5_0.5_6,inner,2,SA,0.001,6,Proj,Yes_Kink,623,2204797
result_SELECT_10_Heisenberg2D_cylinder_0.5_0.5_6,inner,1,naive,0.0,0,Single,No_MSF,211,282944
result_SELECT_10_Heisenberg2D_cylinder_0.5_0.5_6,inner,1,naive,0.0,0,Single,No_Top,211,276832
result_SELECT_10_Heisenberg2D_cylinder_0.5_0.5_6,inner,1,naive,0.0,0,Single,No_Kink,924,1944312
result_SELECT_10_Heisenberg2D_cylinder_0.5_0.5_6,inner,1,naive,0.0,0,Double,No_MSF,177,238336
result_SELECT_10_Heisenberg2D_cylinder_0.5_0.5_6,inner,1,naive,0.0,0,Double,No_Top,177,232224
result_SELECT_10_Heisenberg2D_cylinder_0.5_0.5_6,inner,1,naive,0.0,0,Double,No_Kink,680,1626792
result_SELECT_10_Heisenberg2D_cylinder_0.5_0.5_6,inner,1,naive,0.0,0,Double,Yes_Kink,668,1615281
result_SELECT_10_Heisenberg2D_cylinder_0.5_0.5_6,inner,1,naive,0.0,0,Proj,No_MSF,108,147808
result_SELECT_10_Heisenberg2D_cylinder_0.5_0.5_6,inner,1,naive,0.0,0,Proj,No_Top,108,141696
result_SELECT_10_Heisenberg2D_cylinder_0.5_0.5_6,inner,1,naive,0.0,0,Proj,No_Kink,683,3150199
result_SELECT_10_Heisenberg2D_cylinder_0.5_0.5_6,inner,1,naive,0.0,0,Proj,Yes_Kink,697,3179793
result_SELECT_100_Schwinger_OBC_0_0_6,inner,1,SA,0.001,2,Single,No_MSF,730,1212896
result_SELECT_100_Schwinger_OBC_0_0_6,inner,1,SA,0.001,2,Single,No_Top,732,1193280
result_SELECT_100_Schwinger_OBC_0_0_6,inner,1,SA,0.001,2,Single,No_Kink,1232,3132375
result_SELECT_100_Schwinger_OBC_0_0_6,inner,1,SA,0.001,2,Double,No_MSF,621,1041984
result_SELECT_100_Schwinger_OBC_0_0_6,inner,1,SA,0.001,2,Double,No_Top,623,1022368
result_SELECT_100_Schwinger_OBC_0_0_6,inner,1,SA,0.001,2,Double,No_Kink,1029,2943125
result_SELECT_100_Schwinger_OBC_0_0_6,inner,1,SA,0.001,2,Double,Yes_Kink,1053,3033407
result_SELECT_100_Schwinger_OBC_0_0_6,inner,1,SA,0.001,2,Proj,No_MSF,488,833440
result_SELECT_100_Schwinger_OBC_0_0_6,inner,1,SA,0.001,2,Proj,No_Top,488,810688
result_SELECT_100_Schwinger_OBC_0_0_6,inner,1,SA,0.001,2,Proj,No_Kink,1140,6219240
result_SELECT_100_Schwinger_OBC_0_0_6,inner,1,SA,0.001,2,Proj,Yes_Kink,1167,6263345
result_SELECT_100_Schwinger_OBC_0_0_6,outer,1,SA,0.001,2,Single,No_MSF,730,1212896
result_SELECT_100_Schwinger_OBC_0_0_6,outer,1,SA,0.001,2,Single,No_Top,732,1193280
result_SELECT_100_Schwinger_OBC_0_0_6,outer,1,SA,0.001,2,Single,No_Kink,1323,3316471
result_SELECT_100_Schwinger_OBC_0_0_6,outer,1,SA,0.001,2,Double,No_MSF,621,1041984
result_SELECT_100_Schwinger_OBC_0_0_6,outer,1,SA,0.001,2,Double,No_Top,623,1022368
result_SELECT_100_Schwinger_OBC_0_0_6,outer,1,SA,0.001,2,Double,No_Kink,1041,3092674
result_SELECT_100_Schwinger_OBC_0_0_6,outer,1,SA,0.001,2,Double,Yes_Kink,1066,3181283
result_SELECT_100_Schwinger_OBC_0_0_6,outer,1,SA,0.001,2,Proj,No_MSF,488,833440
result_SELECT_100_Schwinger_OBC_0_0_6,outer,1,SA,0.001,2,Proj,No_Top,488,810688
result_SELECT_100_Schwinger_OBC_0_0_6,outer,1,SA,0.001,2,Proj,No_Kink,1145,6367171
result_SELECT_100_Schwinger_OBC_0_0_6,outer,1,SA,0.001,2,Proj,Yes_Kink,1168,6415633
result_SELECT_100_Schwinger_OBC_0_0_6,inner,2,random,0.0,2,Single,No_MSF,730,1212896
result_SELECT_100_Schwinger_OBC_0_0_6,inner,2,random,0.0,2,Single,No_Top,732,1193280
result_SELECT_100_Schwinger_OBC_0_0_6,inner,2,random,0.0,2,Single,No_Kink,960,3561011
result_SELECT_100_Schwinger_OBC_0_0_6,inner,2,random,0.0,2,Single,Yes_Kink,972,3596424
result_SELECT_100_Schwinger_OBC_0_0_6,inner,2,random,0.0,2,Double,No_MSF,621,1041984
result_SELECT_100_Schwinger_OBC_0_0_6,inner,2,random,0.0,2,Double,No_Top,623,1022368
result_SELECT_100_Schwinger_OBC_0_0_6,inner,2,random,0.0,2,Double,No_Kink,800,3435528
result_SELECT_100_Schwinger_OBC_0_0_6,inner,2,random,0.0,2,Double,Yes_Kink,815,3478925
result_SELECT_100_Schwinger_OBC_0_0_6,inner,2,random,0.0,2,Proj,No_MSF,488,833440
result_SELECT_100_Schwinger_OBC_0_0_6,inner,2,random,0.0,2,Proj,No_Top,488,810688
result_SELECT_100_Schwinger_OBC_0_0_6,inner,2,random,0.0,2,Proj,No_Kink,727,4104249
result_SELECT_100_Schwinger_OBC_0_0_6,inner,2,random,0.0,2,Proj,Yes_Kink,742,4136865
result_SELECT_100_Schwinger_OBC_0_0_6,inner,2,SA,0.01,2,Single,No_MSF,730,1212896
result_SELECT_100_Schwinger_OBC_0_0_6,inner,2,SA,0.01,2,Single,No_Top,732,1193280
result_SELECT_100_Schwinger_OBC_0_0_6,inner,2,SA,0.01,2,Single,No_Kink,824,2146542
result_SELECT_100_Schwinger_OBC_0_0_6,inner,2,SA,0.01,2,Single,Yes_Kink,858,2262724
result_SELECT_100_Schwinger_OBC_0_0_6,inner,2,SA,0.01,2,Double,No_MSF,621,1041984
result_SELECT_100_Schwinger_OBC_0_0_6,inner,2,SA,0.01,2,Double,No_Top,623,1022368
result_SELECT_100_Schwinger_OBC_0_0_6,inner,2,SA,0.01,2,Double,No_Kink,721,2079946
result_SELECT_100_Schwinger_OBC_0_0_6,inner,2,SA,0.01,2,Double,Yes_Kink,749,2146573
result_SELECT_100_Schwinger_OBC_0_0_6,inner,2,SA,0.01,2,Proj,No_MSF,488,833440
result_SELECT_100_Schwinger_OBC_0_0_6,inner,2,SA,0.01,2,Proj,No_Top,488,810688
result_SELECT_100_Schwinger_OBC_0_0_6,inner,2,SA,0.01,2,Proj,No_Kink,823,4546938
result_SELECT_100_Schwinger_OBC_0_0_6,inner,2,SA,0.01,2,Proj,Yes_Kink,856,4627040
