circuit,factory,layer_count,allocator,msf_coeff,msf_prep_time,routing_algo,routing_option,total_code_beat,circuit_volume
result_SELECT_10_Heisenberg2D_cylinder_0.5_0.5_5,inner,1,SA,0.001,0,Double,No_MSF,290,116781
result_SELECT_10_Heisenberg2D_cylinder_0.5_0.5_5,inner,1,SA,0.001,0,Proj,No_MSF,213,18556
result_SELECT_10_Heisenberg2D_cylinder_0.5_0.5_5,inner,1,SA,0.001,0,Proj,No_Top,213,39932
result_SELECT_10_Heisenberg2D_cylinder_0.5_0.5_5,inner,1,SA,0.001,0,Single,No_MSF,327,133783
result_SELECT_10_Heisenberg2D_cylinder_0.5_0.5_5,inner,1,SA,0.001,10,Double,No_MSF,290,116781
result_SELECT_10_Heisenberg2D_cylinder_0.5_0.5_5,inner,1,SA,0.001,0,Double,No_Top,290,138137
result_SELECT_10_Heisenberg2D_cylinder_0.5_0.5_5,inner,1,SA,0.001,0,Single,No_Top,327,155003
result_SELECT_10_Heisenberg2D_cylinder_0.5_0.5_5,inner,1,SA,0.001,10,Double,No_Top,533,297244
result_SELECT_10_Heisenberg2D_cylinder_0.5_0.5_5,inner,1,SA,0.001,10,Proj,No_Top,517,39932
result_SELECT_10_Heisenberg2D_cylinder_0.5_0.5_5,inner,1,SA,0.001,10,Single,No_MSF,327,133783
result_SELECT_10_Heisenberg2D_cylinder_0.5_0.5_5,inner,1,SA,0.001,2,Double,No_MSF,290,116781
result_SELECT_10_Heisenberg2D_cylinder_0.5_0.5_5,inner,1,SA,0.001,10,Proj,No_MSF,213,18556
result_SELECT_10_Heisenberg2D_cylinder_0.5_0.5_5,inner,1,SA,0.001,10,Single,No_Top,546,300501
result_SELECT_10_Heisenberg2D_cylinder_0.5_0.5_5,inner,1,SA,0.001,0,Double,No_Kink,297,270816
result_SELECT_10_Heisenberg2D_cylinder_0.5_0.5_5,inner,1,SA,0.001,2,Double,No_Top,291,137869
result_SELECT_10_Heisenberg2D_cylinder_0.5_0.5_5,inner,1,SA,0.001,2,Proj,No_Top,213,39932
result_SELECT_10_Heisenberg2D_cylinder_0.5_0.5_5,inner,1,SA,0.001,2,Proj,No_MSF,213,18556
result_SELECT_10_Heisenberg2D_cylinder_0.5_0.5_5,inner,1,SA,0.001,0,Single,No_Kink,341,279703
result_SELECT_10_Heisenberg2D_cylinder_0.5_0.5_5,inner,1,SA,0.001,0,Double,Yes_Kink,302,280580
result_SELECT_10_Heisenberg2D_cylinder_0.5_0.5_5,inner,1,SA,0.001,2,Single,No_MSF,327,133783
result_SELECT_10_Heisenberg2D_cylinder_0.5_0.5_5,inner,1,SA,0.001,2,Single,No_Top,327,154300
result_SELECT_10_Heisenberg2D_cylinder_0.5_0.5_5,inner,1,SA,0.001,2,Double,No_Kink,297,303279
result_SELECT_10_Heisenberg2D_cylinder_0.5_0.5_5,inner,1,SA,0.001,4,Double,No_MSF,290,116781
result_SELECT_10_Heisenberg2D_cylinder_0.5_0.5_5,inner,1,SA,0.001,4,Double,No_Top,295,141302
result_SELECT_10_Heisenberg2D_cylinder_0.5_0.5_5,inner,1,SA,0.001,10,Double,Yes_Kink,532,560395
result_SELECT_10_Heisenberg2D_cylinder_0.5_0.5_5,inner,1,SA,0.001,2,Double,Yes_Kink,309,317184
result_SELECT_10_Heisenberg2D_cylinder_0.5_0.5_5,inner,1,SA,0.001,10,Single,No_Kink,545,538808
result_SELECT_10_Heisenberg2D_cylinder_0.5_0.5_5,inner,1,SA,0.001,10,Double,No_Kink,530,563926
result_SELECT_10_Heisenberg2D_cylinder_0.5_0.5_5,inner,1,SA,0.001,4,Proj,No_Top,235,39932
result_SELECT_10_Heisenberg2D_cylinder_0.5_0.5_5,inner,1,SA,0.001,4,Proj,No_MSF,213,18556
result_SELECT_10_Heisenberg2D_cylinder_0.5_0.5_5,inner,1,SA,0.001,2,Single,No_Kink,345,310153
result_SELECT_10_Heisenberg2D_cylinder_0.5_0.5_5,inner,1,SA,0.001,4,Single,No_MSF,327,133783
result_SELECT_10_Heisenberg2D_cylinder_0.5_0.5_5,inner,1,SA,0.001,4,Single,No_Top,335,158628
result_SELECT_10_Heisenberg2D_cylinder_0.5_0.5_5,inner,1,SA,0.001,6,Double,No_MSF,290,116781
result_SELECT_10_Heisenberg2D_cylinder_0.5_0.5_5,inner,1,SA,0.001,6,Double,No_Top,344,173016
result_SELECT_10_Heisenberg2D_cylinder_0.5_0.5_5,inner,1,SA,0.001,6,Proj,No_MSF,213,18556
result_SELECT_10_Heisenberg2D_cylinder_0.5_0.5_5,inner,1,SA,0.001,6,Proj,No_Top,329,39932
result_SELECT_10_Heisenberg2D_cylinder_0.5_0.5_5,inner,1,SA,0.001,4,Double,No_Kink,301,352922
result_SELECT_10_Heisenberg2D_cylinder_0.5_0.5_5,inner,1,SA,0.001,0,Proj,No_Kink,254,683094
result_SELECT_10_Heisenberg2D_cylinder_0.5_0.5_5,inner,1,SA,0.001,0,Proj,Yes_Kink,261,688026
result_SELECT_10_Heisenberg2D_cylinder_0.5_0.5_5,inner,1,SA,0.001,4,Double,Yes_Kink,314,366863
result_SELECT_10_Heisenberg2D_cylinder_0.5_0.5_5,inner,1,SA,0.001,4,Single,No_Kink,351,349328
result_SELECT_10_Heisenberg2D_cylinder_0.5_0.5_5,inner,1,SA,0.001,6,Single,No_MSF,327,133783
result_SELECT_10_Heisenberg2D_cylinder_0.5_0.5_5,inner,1,SA,0.001,6,Single,No_Top,370,179954
result_SELECT_10_Heisenberg2D_cylinder_0.5_0.5_5,inner,1,SA,0.001,8,Double,No_MSF,290,116781
result_SELECT_10_Heisenberg2D_cylinder_0.5_0.5_5,inner,1,SA,0.001,8,Double,No_Top,442,240080
result_SELECT_10_Heisenberg2D_cylinder_0.5_0.5_5,inner,1,SA,0.001,6,Double,No_Kink,343,416782
result_SELECT_10_Heisenberg2D_cylinder_0.5_0.5_5,inner,1,SA,0.001,2,Proj,No_Kink,266,707830
result_SELECT_10_Heisenberg2D_cylinder_0.5_0.5_5,inner,1,SA,0.001,8,Proj,No_Top,423,39932
result_SELECT_10_Heisenberg2D_cylinder_0.5_0.5_5,inner,1,SA,0.001,6,Double,Yes_Kink,345,422190
result_SELECT_10_Heisenberg2D_cylinder_0.5_0.5_5,inner,1,SA,0.001,2,Proj,Yes_Kink,276,713667
result_SELECT_10_Heisenberg2D_cylinder_0.5_0.5_5,inner,1,SA,0.001,8,Proj,No_MSF,213,18556
result_SELECT_10_Heisenberg2D_cylinder_0.5_0.5_5,inner,1,SA,0.001,8,Single,No_MSF,327,133783
result_SELECT_10_Heisenberg2D_cylinder_0.5_0.5_5,inner,1,SA,0.001,6,Single,No_Kink,378,403388
result_SELECT_10_Heisenberg2D_cylinder_0.5_0.5_5,inner,1,SA,0.001,8,Single,No_Top,446,235861
result_SELECT_10_Heisenberg2D_cylinder_0.5_0.5_5,inner,1,SA,0.01,0,Double,No_MSF,290,116781
result_SELECT_10_Heisenberg2D_cylinder_0.5_0.5_5,inner,1,SA,0.01,0,Double,No_Top,290,138137
result_SELECT_10_Heisenberg2D_cylinder_0.5_0.5_5,inner,1,SA,0.01,0,Proj,No_MSF,213,18556
result_SELECT_10_Heisenberg2D_cylinder_0.5_0.5_5,inner,1,SA,0.001,4,Proj,Yes_Kink,310,750942
result_SELECT_10_Heisenberg2D_cylinder_0.5_0.5_5,inner,1,SA,0.01,0,Proj,No_Top,213,39932
result_SELECT_10_Heisenberg2D_cylinder_0.5_0.5_5,inner,1,SA,0.01,0,Double,No_Kink,297,261713
result_SELECT_10_Heisenberg2D_cylinder_0.5_0.5_5,inner,1,SA,0.001,8,Single,No_Kink,448,470753
result_SELECT_10_Heisenberg2D_cylinder_0.5_0.5_5,inner,1,SA,0.001,4,Proj,No_Kink,295,748378
result_SELECT_10_Heisenberg2D_cylinder_0.5_0.5_5,inner,1,SA,0.01,0,Single,No_MSF,327,133783
result_SELECT_10_Heisenberg2D_cylinder_0.5_0.5_5,inner,1,SA,0.001,8,Double,No_Kink,439,488034
result_SELECT_10_Heisenberg2D_cylinder_0.5_0.5_5,inner,1,SA,0.01,0,Double,Yes_Kink,305,268171
result_SELECT_10_Heisenberg2D_cylinder_0.5_0.5_5,inner,1,SA,0.01,0,Single,No_Top,327,155003
result_SELECT_10_Heisenberg2D_cylinder_0.5_0.5_5,inner,1,SA,0.01,10,Double,No_MSF,290,116781
result_SELECT_10_Heisenberg2D_cylinder_0.5_0.5_5,inner,1,SA,0.01,10,Double,No_Top,533,297244
result_SELECT_10_Heisenberg2D_cylinder_0.5_0.5_5,inner,1,SA,0.01,10,Proj,No_MSF,213,18556
result_SELECT_10_Heisenberg2D_cylinder_0.5_0.5_5,inner,1,SA,0.001,8,Double,Yes_Kink,442,487696
result_SELECT_10_Heisenberg2D_cylinder_0.5_0.5_5,inner,1,SA,0.01,0,Single,No_Kink,337,268839
result_SELECT_10_Heisenberg2D_cylinder_0.5_0.5_5,inner,1,SA,0.01,10,Proj,No_Top,517,39932
result_SELECT_10_Heisenberg2D_cylinder_0.5_0.5_5,inner,1,SA,0.01,10,Single,No_MSF,327,133783
result_SELECT_10_Heisenberg2D_cylinder_0.5_0.5_5,inner,1,SA,0.01,10,Single,No_Top,546,300501
result_SELECT_10_Heisenberg2D_cylinder_0.5_0.5_5,inner,1,SA,0.01,2,Double,No_MSF,290,116781
result_SELECT_10_Heisenberg2D_cylinder_0.5_0.5_5,inner,1,SA,0.01,2,Double,No_Top,291,137869
result_SELECT_10_Heisenberg2D_cylinder_0.5_0.5_5,inner,1,SA,0.01,10,Double,No_Kink,530,559408
result_SELECT_10_Heisenberg2D_cylinder_0.5_0.5_5,inner,1,SA,0.01,2,Double,No_Kink,298,292311
result_SELECT_10_Heisenberg2D_cylinder_0.5_0.5_5,inner,1,SA,0.01,2,Proj,No_MSF,213,18556
result_SELECT_10_Heisenberg2D_cylinder_0.5_0.5_5,inner,1,SA,0.01,0,Proj,No_Kink,248,665463
result_SELECT_10_Heisenberg2D_cylinder_0.5_0.5_5,inner,1,SA,0.01,10,Single,No_Kink,547,545125
result_SELECT_10_Heisenberg2D_cylinder_0.5_0.5_5,inner,1,SA,0.01,2,Proj,No_Top,213,39932
result_SELECT_10_Heisenberg2D_cylinder_0.5_0.5_5,inner,1,SA,0.001,6,Proj,No_Kink,588,1262182
result_SELECT_10_Heisenberg2D_cylinder_0.5_0.5_5,inner,1,SA,0.01,10,Double,Yes_Kink,534,564682
result_SELECT_10_Heisenberg2D_cylinder_0.5_0.5_5,inner,1,SA,0.01,2,Single,No_MSF,327,133783
result_SELECT_10_Heisenberg2D_cylinder_0.5_0.5_5,inner,1,SA,0.01,2,Single,No_Top,327,154300
result_SELECT_10_Heisenberg2D_cylinder_0.5_0.5_5,inner,1,SA,0.01,2,Double,Yes_Kink,308,301914
result_SELECT_10_Heisenberg2D_cylinder_0.5_0.5_5,inner,1,SA,0.01,4,Double,No_MSF,290,116781
result_SELECT_10_Heisenberg2D_cylinder_0.5_0.5_5,inner,1,SA,0.01,4,Double,No_Top,295,141302
result_SELECT_10_Heisenberg2D_cylinder_0.5_0.5_5,inner,1,SA,0.001,6,Proj,Yes_Kink,567,1158392
result_SELECT_10_Heisenberg2D_cylinder_0.5_0.5_5,inner,1,SA,0.01,0,Proj,Yes_Kink,254,666189
result_SELECT_10_Heisenberg2D_cylinder_0.5_0.5_5,inner,1,SA,0.01,4,Proj,No_MSF,213,18556
result_SELECT_10_Heisenberg2D_cylinder_0.5_0.5_5,inner,1,SA,0.01,4,Proj,No_Top,235,39932
result_SELECT_10_Heisenberg2D_cylinder_0.5_0.5_5,inner,1,SA,0.01,2,Single,No_Kink,342,295154
result_SELECT_10_Heisenberg2D_cylinder_0.5_0.5_5,inner,1,SA,0.01,4,Single,No_Top,335,158628
result_SELECT_10_Heisenberg2D_cylinder_0.5_0.5_5,inner,1,SA,0.01,4,Single,No_MSF,327,133783
result_SELECT_10_Heisenberg2D_cylinder_0.5_0.5_5,inner,1,SA,0.01,6,Double,No_MSF,290,116781
result_SELECT_10_Heisenberg2D_cylinder_0.5_0.5_5,inner,1,SA,0.01,6,Double,No_Top,344,173016
result_SELECT_10_Heisenberg2D_cylinder_0.5_0.5_5,inner,1,SA,0.01,4,Double,No_Kink,302,347411
result_SELECT_10_Heisenberg2D_cylinder_0.5_0.5_5,inner,1,SA,0.01,4,Double,Yes_Kink,314,361684
result_SELECT_10_Heisenberg2D_cylinder_0.5_0.5_5,inner,1,SA,0.01,4,Single,No_Kink,348,341244
result_SELECT_10_Heisenberg2D_cylinder_0.5_0.5_5,inner,1,SA,0.01,6,Proj,No_MSF,213,18556
result_SELECT_10_Heisenberg2D_cylinder_0.5_0.5_5,inner,1,SA,0.01,2,Proj,No_Kink,267,711522
result_SELECT_10_Heisenberg2D_cylinder_0.5_0.5_5,inner,1,SA,0.01,6,Proj,No_Top,329,39932
result_SELECT_10_Heisenberg2D_cylinder_0.5_0.5_5,inner,1,SA,0.01,6,Single,No_MSF,327,133783
result_SELECT_10_Heisenberg2D_cylinder_0.5_0.5_5,inner,1,SA,0.01,6,Double,No_Kink,343,415232
result_SELECT_10_Heisenberg2D_cylinder_0.5_0.5_5,inner,1,SA,0.01,2,Proj,Yes_Kink,276,716269
result_SELECT_10_Heisenberg2D_cylinder_0.5_0.5_5,inner,1,SA,0.01,6,Single,No_Top,370,179954
result_SELECT_10_Heisenberg2D_cylinder_0.5_0.5_5,inner,1,SA,0.01,8,Double,No_MSF,290,116781
result_SELECT_10_Heisenberg2D_cylinder_0.5_0.5_5,inner,1,SA,0.01,8,Double,No_Top,442,240080
result_SELECT_10_Heisenberg2D_cylinder_0.5_0.5_5,inner,1,SA,0.01,6,Double,Yes_Kink,345,421257
result_SELECT_10_Heisenberg2D_cylinder_0.5_0.5_5,inner,1,SA,0.01,8,Proj,No_MSF,213,18556
result_SELECT_10_Heisenberg2D_cylinder_0.5_0.5_5,inner,1,SA,0.01,8,Proj,No_Top,423,39932
result_SELECT_10_Heisenberg2D_cylinder_0.5_0.5_5,inner,1,SA,0.01,6,Single,No_Kink,373,398663
result_SELECT_10_Heisenberg2D_cylinder_0.5_0.5_5,inner,1,SA,0.01,8,Single,No_MSF,327,133783
result_SELECT_10_Heisenberg2D_cylinder_0.5_0.5_5,inner,1,SA,0.01,4,Proj,No_Kink,319,786041
result_SELECT_10_Heisenberg2D_cylinder_0.5_0.5_5,inner,1,SA,0.01,8,Double,No_Kink,436,481468
result_SELECT_10_Heisenberg2D_cylinder_0.5_0.5_5,inner,1,SA,0.01,8,Single,No_Top,446,235861
result_SELECT_10_Heisenberg2D_cylinder_0.5_0.5_5,inner,1,SA,0.1,0,Double,No_MSF,290,116781
result_SELECT_10_Heisenberg2D_cylinder_0.5_0.5_5,inner,1,SA,0.01,4,Proj,Yes_Kink,329,787006
result_SELECT_10_Heisenberg2D_cylinder_0.5_0.5_5,inner,1,SA,0.01,8,Double,Yes_Kink,442,495785
result_SELECT_10_Heisenberg2D_cylinder_0.5_0.5_5,inner,1,SA,0.1,0,Double,No_Top,290,138137
result_SELECT_10_Heisenberg2D_cylinder_0.5_0.5_5,inner,1,SA,0.1,0,Proj,No_MSF,213,18556
result_SELECT_10_Heisenberg2D_cylinder_0.5_0.5_5,inner,1,SA,0.1,0,Proj,No_Top,213,39932
result_SELECT_10_Heisenberg2D_cylinder_0.5_0.5_5,inner,1,SA,0.01,8,Single,No_Kink,445,468433
result_SELECT_10_Heisenberg2D_cylinder_0.5_0.5_5,inner,1,SA,0.1,0,Double,No_Kink,298,267758
result_SELECT_10_Heisenberg2D_cylinder_0.5_0.5_5,inner,1,SA,0.1,0,Single,No_MSF,327,133783
result_SELECT_10_Heisenberg2D_cylinder_0.5_0.5_5,inner,1,SA,0.1,0,Double,Yes_Kink,310,282556
result_SELECT_10_Heisenberg2D_cylinder_0.5_0.5_5,inner,1,SA,0.1,0,Single,No_Top,327,155003
result_SELECT_10_Heisenberg2D_cylinder_0.5_0.5_5,inner,1,SA,0.1,10,Double,No_MSF,290,116781
result_SELECT_10_Heisenberg2D_cylinder_0.5_0.5_5,inner,1,SA,0.1,0,Single,No_Kink,342,278364
result_SELECT_10_Heisenberg2D_cylinder_0.5_0.5_5,inner,1,SA,0.1,10,Double,No_Top,533,297244
result_SELECT_10_Heisenberg2D_cylinder_0.5_0.5_5,inner,1,SA,0.1,10,Proj,No_MSF,213,18556
result_SELECT_10_Heisenberg2D_cylinder_0.5_0.5_5,inner,1,SA,0.1,10,Proj,No_Top,517,39932
result_SELECT_10_Heisenberg2D_cylinder_0.5_0.5_5,inner,1,SA,0.01,6,Proj,No_Kink,504,1123882
result_SELECT_10_Heisenberg2D_cylinder_0.5_0.5_5,inner,1,SA,0.01,6,Proj,Yes_Kink,567,1132498
result_SELECT_10_Heisenberg2D_cylinder_0.5_0.5_5,inner,1,SA,0.1,10,Double,No_Kink,531,568650
result_SELECT_10_Heisenberg2D_cylinder_0.5_0.5_5,inner,1,SA,0.1,10,Single,No_MSF,327,133783
result_SELECT_10_Heisenberg2D_cylinder_0.5_0.5_5,inner,1,SA,0.001,8,Proj,Yes_Kink,1845,3064119
result_SELECT_10_Heisenberg2D_cylinder_0.5_0.5_5,inner,1,SA,0.1,10,Single,No_Top,546,300501
result_SELECT_10_Heisenberg2D_cylinder_0.5_0.5_5,inner,1,SA,0.1,10,Double,Yes_Kink,535,567178
result_SELECT_10_Heisenberg2D_cylinder_0.5_0.5_5,inner,1,SA,0.1,2,Double,No_MSF,290,116781
result_SELECT_10_Heisenberg2D_cylinder_0.5_0.5_5,inner,1,SA,0.1,0,Proj,Yes_Kink,271,705961
result_SELECT_10_Heisenberg2D_cylinder_0.5_0.5_5,inner,1,SA,0.1,2,Double,No_Top,291,137869
result_SELECT_10_Heisenberg2D_cylinder_0.5_0.5_5,inner,1,SA,0.1,0,Proj,No_Kink,262,701452
result_SELECT_10_Heisenberg2D_cylinder_0.5_0.5_5,inner,1,SA,0.1,2,Proj,No_MSF,213,18556
result_SELECT_10_Heisenberg2D_cylinder_0.5_0.5_5,inner,1,SA,0.1,2,Proj,No_Top,213,39932
result_SELECT_10_Heisenberg2D_cylinder_0.5_0.5_5,inner,1,SA,0.1,2,Single,No_MSF,327,133783
result_SELECT_10_Heisenberg2D_cylinder_0.5_0.5_5,inner,1,SA,0.1,10,Single,No_Kink,541,532035
result_SELECT_10_Heisenberg2D_cylinder_0.5_0.5_5,inner,1,SA,0.1,2,Double,No_Kink,302,304074
result_SELECT_10_Heisenberg2D_cylinder_0.5_0.5_5,inner,1,SA,0.1,2,Double,Yes_Kink,311,318569
result_SELECT_10_Heisenberg2D_cylinder_0.5_0.5_5,inner,1,SA,0.1,2,Single,No_Top,327,154300
result_SELECT_10_Heisenberg2D_cylinder_0.5_0.5_5,inner,1,SA,0.1,4,Double,No_Top,295,141302
result_SELECT_10_Heisenberg2D_cylinder_0.5_0.5_5,inner,1,SA,0.1,4,Double,No_MSF,290,116781
result_SELECT_10_Heisenberg2D_cylinder_0.5_0.5_5,inner,1,SA,0.1,2,Single,No_Kink,345,313281
result_SELECT_10_Heisenberg2D_cylinder_0.5_0.5_5,inner,1,SA,0.1,4,Proj,No_MSF,213,18556
result_SELECT_10_Heisenberg2D_cylinder_0.5_0.5_5,inner,1,SA,0.1,4,Proj,No_Top,235,39932
result_SELECT_10_Heisenberg2D_cylinder_0.5_0.5_5,inner,1,SA,0.1,4,Double,Yes_Kink,316,367213
result_SELECT_10_Heisenberg2D_cylinder_0.5_0.5_5,inner,1,SA,0.1,4,Double,No_Kink,307,355996
result_SELECT_10_Heisenberg2D_cylinder_0.5_0.5_5,inner,1,SA,0.001,8,Proj,No_Kink,1989,3520193
result_SELECT_10_Heisenberg2D_cylinder_0.5_0.5_5,inner,1,SA,0.1,4,Single,No_MSF,327,133783
result_SELECT_10_Heisenberg2D_cylinder_0.5_0.5_5,inner,1,SA,0.1,4,Single,No_Top,335,158628
result_SELECT_10_Heisenberg2D_cylinder_0.5_0.5_5,inner,1,SA,0.1,2,Proj,No_Kink,289,756914
result_SELECT_10_Heisenberg2D_cylinder_0.5_0.5_5,inner,1,SA,0.1,4,Single,No_Kink,355,350999
result_SELECT_10_Heisenberg2D_cylinder_0.5_0.5_5,inner,1,SA,0.1,6,Double,No_MSF,290,116781
result_SELECT_10_Heisenberg2D_cylinder_0.5_0.5_5,inner,1,SA,0.1,6,Double,No_Top,344,173016
result_SELECT_10_Heisenberg2D_cylinder_0.5_0.5_5,inner,1,SA,0.1,6,Proj,No_MSF,213,18556
result_SELECT_10_Heisenberg2D_cylinder_0.5_0.5_5,inner,1,SA,0.1,6,Proj,No_Top,329,39932
result_SELECT_10_Heisenberg2D_cylinder_0.5_0.5_5,inner,1,SA,0.1,2,Proj,Yes_Kink,300,771097
result_SELECT_10_Heisenberg2D_cylinder_0.5_0.5_5,inner,1,SA,0.001,10,Proj,Yes_Kink,3245,5089465
result_SELECT_10_Heisenberg2D_cylinder_0.5_0.5_5,inner,1,SA,0.1,6,Single,No_MSF,327,133783
result_SELECT_10_Heisenberg2D_cylinder_0.5_0.5_5,inner,1,SA,0.1,6,Double,No_Kink,346,416466
result_SELECT_10_Heisenberg2D_cylinder_0.5_0.5_5,inner,1,SA,0.1,6,Single,No_Top,370,179954
result_SELECT_10_Heisenberg2D_cylinder_0.5_0.5_5,inner,1,SA,0.1,8,Double,No_MSF,290,116781
result_SELECT_10_Heisenberg2D_cylinder_0.5_0.5_5,inner,1,SA,0.01,8,Proj,Yes_Kink,1467,2479630
result_SELECT_10_Heisenberg2D_cylinder_0.5_0.5_5,inner,1,SA,0.1,4,Proj,No_Kink,337,833759
result_SELECT_10_Heisenberg2D_cylinder_0.5_0.5_5,inner,1,SA,0.1,6,Double,Yes_Kink,348,426193
result_SELECT_10_Heisenberg2D_cylinder_0.5_0.5_5,inner,1,SA,0.1,8,Double,No_Top,442,240080
result_SELECT_10_Heisenberg2D_cylinder_0.5_0.5_5,inner,1,SA,0.01,10,Proj,Yes_Kink,2442,3991647
result_SELECT_10_Heisenberg2D_cylinder_0.5_0.5_5,inner,1,SA,0.1,8,Proj,No_MSF,213,18556
result_SELECT_10_Heisenberg2D_cylinder_0.5_0.5_5,inner,1,SA,0.01,8,Proj,No_Kink,1423,2577474
result_SELECT_10_Heisenberg2D_cylinder_0.5_0.5_5,inner,1,SA,0.1,8,Proj,No_Top,423,39932
result_SELECT_10_Heisenberg2D_cylinder_0.5_0.5_5,inner,1,SA,0.1,6,Single,No_Kink,382,403410
result_SELECT_10_Heisenberg2D_cylinder_0.5_0.5_5,inner,1,SA,0.1,8,Single,No_MSF,327,133783
result_SELECT_10_Heisenberg2D_cylinder_0.5_0.5_5,inner,1,SA,0.1,4,Proj,Yes_Kink,355,850884
result_SELECT_10_Heisenberg2D_cylinder_0.5_0.5_5,inner,1,SA,0.001,10,Proj,No_Kink,3289,5407158
result_SELECT_10_Heisenberg2D_cylinder_0.5_0.5_5,inner,1,SA,0.1,8,Single,No_Top,446,235861
result_SELECT_10_Heisenberg2D_cylinder_0.5_0.5_5,inner,1,SA,1,0,Double,No_Top,290,138137
result_SELECT_10_Heisenberg2D_cylinder_0.5_0.5_5,inner,1,SA,1,0,Double,No_MSF,290,116781
result_SELECT_10_Heisenberg2D_cylinder_0.5_0.5_5,inner,1,SA,1,0,Proj,No_MSF,213,18556
result_SELECT_10_Heisenberg2D_cylinder_0.5_0.5_5,inner,1,SA,0.1,8,Double,No_Kink,440,482516
result_SELECT_10_Heisenberg2D_cylinder_0.5_0.5_5,inner,1,SA,1,0,Proj,No_Top,213,39932
result_SELECT_10_Heisenberg2D_cylinder_0.5_0.5_5,inner,1,SA,1,0,Double,No_Kink,295,250610
result_SELECT_10_Heisenberg2D_cylinder_0.5_0.5_5,inner,1,SA,0.1,8,Double,Yes_Kink,444,490045
result_SELECT_10_Heisenberg2D_cylinder_0.5_0.5_5,inner,1,SA,1,0,Double,Yes_Kink,305,255981
result_SELECT_10_Heisenberg2D_cylinder_0.5_0.5_5,inner,1,SA,1,0,Single,No_MSF,327,133783
result_SELECT_10_Heisenberg2D_cylinder_0.5_0.5_5,inner,1,SA,1,0,Single,No_Top,327,155003
result_SELECT_10_Heisenberg2D_cylinder_0.5_0.5_5,inner,1,SA,0.1,8,Single,No_Kink,451,466722
result_SELECT_10_Heisenberg2D_cylinder_0.5_0.5_5,inner,1,SA,1,10,Double,No_MSF,290,116781
result_SELECT_10_Heisenberg2D_cylinder_0.5_0.5_5,inner,1,SA,1,10,Double,No_Top,533,297244
result_SELECT_10_Heisenberg2D_cylinder_0.5_0.5_5,inner,1,SA,0.01,10,Proj,No_Kink,2475,4265608
result_SELECT_10_Heisenberg2D_cylinder_0.5_0.5_5,inner,1,SA,1,0,Single,No_Kink,337,257030
result_SELECT_10_Heisenberg2D_cylinder_0.5_0.5_5,inner,1,SA,1,10,Proj,No_MSF,213,18556
result_SELECT_10_Heisenberg2D_cylinder_0.5_0.5_5,inner,1,SA,1,10,Proj,No_Top,517,39932
result_SELECT_10_Heisenberg2D_cylinder_0.5_0.5_5,inner,1,SA,1,10,Single,No_MSF,327,133783
result_SELECT_10_Heisenberg2D_cylinder_0.5_0.5_5,inner,1,SA,1,10,Single,No_Top,546,300501
result_SELECT_10_Heisenberg2D_cylinder_0.5_0.5_5,inner,1,SA,1,2,Double,No_MSF,290,116781
result_SELECT_10_Heisenberg2D_cylinder_0.5_0.5_5,inner,1,SA,1,2,Double,No_Top,291,137869
result_SELECT_10_Heisenberg2D_cylinder_0.5_0.5_5,inner,1,SA,1,10,Double,No_Kink,536,535119
result_SELECT_10_Heisenberg2D_cylinder_0.5_0.5_5,inner,1,SA,0.1,6,Proj,Yes_Kink,581,1107572
result_SELECT_10_Heisenberg2D_cylinder_0.5_0.5_5,inner,1,SA,0.1,6,Proj,No_Kink,582,1164478
result_SELECT_10_Heisenberg2D_cylinder_0.5_0.5_5,inner,1,SA,1,2,Proj,No_MSF,213,18556
result_SELECT_10_Heisenberg2D_cylinder_0.5_0.5_5,inner,1,SA,1,2,Double,No_Kink,295,270206
result_SELECT_10_Heisenberg2D_cylinder_0.5_0.5_5,inner,1,SA,1,2,Proj,No_Top,213,39932
result_SELECT_10_Heisenberg2D_cylinder_0.5_0.5_5,inner,1,SA,1,10,Double,Yes_Kink,538,537488
result_SELECT_10_Heisenberg2D_cylinder_0.5_0.5_5,inner,1,SA,1,0,Proj,No_Kink,241,650991
result_SELECT_10_Heisenberg2D_cylinder_0.5_0.5_5,inner,1,SA,1,10,Single,No_Kink,550,525547
result_SELECT_10_Heisenberg2D_cylinder_0.5_0.5_5,inner,1,SA,1,2,Single,No_MSF,327,133783
result_SELECT_10_Heisenberg2D_cylinder_0.5_0.5_5,inner,1,SA,1,2,Single,No_Top,327,154300
result_SELECT_10_Heisenberg2D_cylinder_0.5_0.5_5,inner,1,SA,1,2,Double,Yes_Kink,303,279067
result_SELECT_10_Heisenberg2D_cylinder_0.5_0.5_5,inner,1,SA,1,4,Double,No_MSF,290,116781
result_SELECT_10_Heisenberg2D_cylinder_0.5_0.5_5,inner,1,SA,1,4,Double,No_Top,295,141302
result_SELECT_10_Heisenberg2D_cylinder_0.5_0.5_5,inner,1,SA,1,0,Proj,Yes_Kink,244,647021
result_SELECT_10_Heisenberg2D_cylinder_0.5_0.5_5,inner,1,SA,1,4,Proj,No_MSF,213,18556
result_SELECT_10_Heisenberg2D_cylinder_0.5_0.5_5,inner,1,SA,1,4,Proj,No_Top,235,39932
result_SELECT_10_Heisenberg2D_cylinder_0.5_0.5_5,inner,1,SA,1,2,Single,No_Kink,338,277524
result_SELECT_10_Heisenberg2D_cylinder_0.5_0.5_5,inner,1,SA,1,4,Single,No_MSF,327,133783
result_SELECT_10_Heisenberg2D_cylinder_0.5_0.5_5,inner,1,SA,1,4,Single,No_Top,335,158628
result_SELECT_10_Heisenberg2D_cylinder_0.5_0.5_5,inner,1,SA,1,6,Double,No_MSF,290,116781
result_SELECT_10_Heisenberg2D_cylinder_0.5_0.5_5,inner,1,SA,1,4,Double,No_Kink,298,315752
result_SELECT_10_Heisenberg2D_cylinder_0.5_0.5_5,inner,1,SA,1,6,Double,No_Top,344,173016
result_SELECT_10_Heisenberg2D_cylinder_0.5_0.5_5,inner,1,SA,1,4,Double,Yes_Kink,307,329856
result_SELECT_10_Heisenberg2D_cylinder_0.5_0.5_5,inner,1,SA,1,4,Single,No_Kink,343,316924
result_SELECT_10_Heisenberg2D_cylinder_0.5_0.5_5,inner,1,SA,1,6,Proj,No_MSF,213,18556
result_SELECT_10_Heisenberg2D_cylinder_0.5_0.5_5,inner,1,SA,1,6,Proj,No_Top,329,39932
result_SELECT_10_Heisenberg2D_cylinder_0.5_0.5_5,inner,1,SA,1,6,Single,No_MSF,327,133783
result_SELECT_10_Heisenberg2D_cylinder_0.5_0.5_5,inner,1,SA,1,6,Double,No_Kink,344,385647
result_SELECT_10_Heisenberg2D_cylinder_0.5_0.5_5,inner,1,SA,1,2,Proj,No_Kink,255,679675
result_SELECT_10_Heisenberg2D_cylinder_0.5_0.5_5,inner,1,SA,1,2,Proj,Yes_Kink,264,679397
result_SELECT_10_Heisenberg2D_cylinder_0.5_0.5_5,inner,1,SA,1,6,Single,No_Top,370,179954
result_SELECT_10_Heisenberg2D_cylinder_0.5_0.5_5,inner,1,SA,1,6,Double,Yes_Kink,346,390553
result_SELECT_10_Heisenberg2D_cylinder_0.5_0.5_5,inner,1,SA,1,8,Double,No_MSF,290,116781
result_SELECT_10_Heisenberg2D_cylinder_0.5_0.5_5,inner,1,SA,1,8,Double,No_Top,442,240080
result_SELECT_10_Heisenberg2D_cylinder_0.5_0.5_5,inner,1,SA,1,8,Proj,No_MSF,213,18556
result_SELECT_10_Heisenberg2D_cylinder_0.5_0.5_5,inner,1,SA,1,6,Single,No_Kink,372,377004
result_SELECT_10_Heisenberg2D_cylinder_0.5_0.5_5,inner,1,SA,1,8,Proj,No_Top,423,39932
result_SELECT_10_Heisenberg2D_cylinder_0.5_0.5_5,inner,1,SA,1,4,Proj,No_Kink,296,737257
result_SELECT_10_Heisenberg2D_cylinder_0.5_0.5_5,inner,1,SA,1,8,Single,No_MSF,327,133783
result_SELECT_10_Heisenberg2D_cylinder_0.5_0.5_5,inner,1,SA,1,4,Proj,Yes_Kink,311,744910
result_SELECT_10_Heisenberg2D_cylinder_0.5_0.5_5,inner,1,SA,1,8,Single,No_Top,446,235861
result_SELECT_10_Heisenberg2D_cylinder_0.5_0.5_5,inner,1,SA,1,8,Double,No_Kink,443,464602
result_SELECT_10_Heisenberg2D_cylinder_0.5_0.5_5,inner,1,naive,0,0,Double,No_MSF,290,116781
result_SELECT_10_Heisenberg2D_cylinder_0.5_0.5_5,inner,1,naive,0,0,Double,No_Top,290,138137
result_SELECT_10_Heisenberg2D_cylinder_0.5_0.5_5,inner,1,SA,1,8,Double,Yes_Kink,447,467262
result_SELECT_10_Heisenberg2D_cylinder_0.5_0.5_5,inner,1,naive,0,0,Proj,No_MSF,213,18556
result_SELECT_10_Heisenberg2D_cylinder_0.5_0.5_5,inner,1,naive,0,0,Proj,No_Top,213,39932
result_SELECT_10_Heisenberg2D_cylinder_0.5_0.5_5,inner,1,SA,1,8,Single,No_Kink,450,454060
result_SELECT_10_Heisenberg2D_cylinder_0.5_0.5_5,inner,1,naive,0,0,Single,No_MSF,327,133783
result_SELECT_10_Heisenberg2D_cylinder_0.5_0.5_5,inner,1,naive,0,0,Single,No_Top,327,155003
result_SELECT_10_Heisenberg2D_cylinder_0.5_0.5_5,inner,1,SA,1,6,Proj,No_Kink,455,949552
result_SELECT_10_Heisenberg2D_cylinder_0.5_0.5_5,inner,1,SA,1,6,Proj,Yes_Kink,511,1006198
result_SELECT_10_Heisenberg2D_cylinder_0.5_0.5_5,inner,1,naive,0,10,Double,No_MSF,290,116781
result_SELECT_10_Heisenberg2D_cylinder_0.5_0.5_5,inner,1,naive,0,10,Double,No_Top,533,297244
result_SELECT_10_Heisenberg2D_cylinder_0.5_0.5_5,inner,1,naive,0,0,Double,No_Kink,640,729286
result_SELECT_10_Heisenberg2D_cylinder_0.5_0.5_5,inner,1,naive,0,0,Double,Yes_Kink,633,725251
result_SELECT_10_Heisenberg2D_cylinder_0.5_0.5_5,inner,1,naive,0,10,Proj,No_MSF,213,18556
result_SELECT_10_Heisenberg2D_cylinder_0.5_0.5_5,inner,1,naive,0,10,Proj,No_Top,517,39932
result_SELECT_10_Heisenberg2D_cylinder_0.5_0.5_5,inner,1,naive,0,0,Single,No_Kink,845,813691
result_SELECT_10_Heisenberg2D_cylinder_0.5_0.5_5,inner,1,naive,0,10,Single,No_MSF,327,133783
result_SELECT_10_Heisenberg2D_cylinder_0.5_0.5_5,inner,1,naive,0,10,Single,No_Top,546,300501
result_SELECT_10_Heisenberg2D_cylinder_0.5_0.5_5,inner,1,naive,0,10,Double,No_Kink,748,864850
result_SELECT_10_Heisenberg2D_cylinder_0.5_0.5_5,inner,1,naive,0,2,Double,No_MSF,290,116781
result_SELECT_10_Heisenberg2D_cylinder_0.5_0.5_5,inner,1,SA,0.1,8,Proj,Yes_Kink,2034,3162929
result_SELECT_10_Heisenberg2D_cylinder_0.5_0.5_5,inner,1,naive,0,10,Double,Yes_Kink,761,869843
result_SELECT_10_Heisenberg2D_cylinder_0.5_0.5_5,inner,1,naive,0,2,Double,No_Top,291,137869
result_SELECT_10_Heisenberg2D_cylinder_0.5_0.5_5,inner,1,naive,0,2,Proj,No_MSF,213,18556
result_SELECT_10_Heisenberg2D_cylinder_0.5_0.5_5,inner,1,naive,0,2,Proj,No_Top,213,39932
result_SELECT_10_Heisenberg2D_cylinder_0.5_0.5_5,inner,1,naive,0,10,Single,No_Kink,944,896439
result_SELECT_10_Heisenberg2D_cylinder_0.5_0.5_5,inner,1,naive,0,2,Double,No_Kink,650,747601
result_SELECT_10_Heisenberg2D_cylinder_0.5_0.5_5,inner,1,SA,1,8,Proj,Yes_Kink,1083,1975248
result_SELECT_10_Heisenberg2D_cylinder_0.5_0.5_5,inner,1,SA,0.1,8,Proj,No_Kink,2214,3596333
result_SELECT_10_Heisenberg2D_cylinder_0.5_0.5_5,inner,1,naive,0,2,Single,No_MSF,327,133783
result_SELECT_10_Heisenberg2D_cylinder_0.5_0.5_5,inner,1,naive,0,2,Single,No_Top,327,154300
result_SELECT_10_Heisenberg2D_cylinder_0.5_0.5_5,inner,1,naive,0,4,Double,No_MSF,290,116781
result_SELECT_10_Heisenberg2D_cylinder_0.5_0.5_5,inner,1,SA,1,10,Proj,Yes_Kink,1877,3189270
result_SELECT_10_Heisenberg2D_cylinder_0.5_0.5_5,inner,1,naive,0,4,Double,No_Top,295,141302
result_SELECT_10_Heisenberg2D_cylinder_0.5_0.5_5,inner,1,naive,0,2,Double,Yes_Kink,647,749169
result_SELECT_10_Heisenberg2D_cylinder_0.5_0.5_5,inner,1,SA,1,8,Proj,No_Kink,1107,2165352
result_SELECT_10_Heisenberg2D_cylinder_0.5_0.5_5,inner,1,naive,0,4,Proj,No_MSF,213,18556
result_SELECT_10_Heisenberg2D_cylinder_0.5_0.5_5,inner,1,SA,1,10,Proj,No_Kink,1909,3412170
result_SELECT_10_Heisenberg2D_cylinder_0.5_0.5_5,inner,1,naive,0,4,Proj,No_Top,235,39932
result_SELECT_10_Heisenberg2D_cylinder_0.5_0.5_5,inner,1,naive,0,0,Proj,No_Kink,723,1928041
result_SELECT_10_Heisenberg2D_cylinder_0.5_0.5_5,inner,1,naive,0,4,Single,No_MSF,327,133783
result_SELECT_10_Heisenberg2D_cylinder_0.5_0.5_5,inner,1,naive,0,0,Proj,Yes_Kink,738,1936363
result_SELECT_10_Heisenberg2D_cylinder_0.5_0.5_5,inner,1,naive,0,4,Single,No_Top,335,158628
result_SELECT_10_Heisenberg2D_cylinder_0.5_0.5_5,inner,1,naive,0,6,Double,No_MSF,290,116781
result_SELECT_10_Heisenberg2D_cylinder_0.5_0.5_5,inner,1,naive,0,2,Single,No_Kink,850,817104
result_SELECT_10_Heisenberg2D_cylinder_0.5_0.5_5,inner,1,naive,0,6,Double,No_Top,344,173016
result_SELECT_10_Heisenberg2D_cylinder_0.5_0.5_5,inner,1,SA,0.1,10,Proj,No_Kink,4224,5791710
result_SELECT_10_Heisenberg2D_cylinder_0.5_0.5_5,inner,1,SA,0.1,10,Proj,Yes_Kink,3960,5278759
result_SELECT_10_Heisenberg2D_cylinder_0.5_0.5_5,inner,1,naive,0,6,Proj,No_MSF,213,18556
result_SELECT_10_Heisenberg2D_cylinder_0.5_0.5_5,inner,1,naive,0,6,Proj,No_Top,329,39932
result_SELECT_10_Heisenberg2D_cylinder_0.5_0.5_5,inner,1,naive,0,6,Single,No_MSF,327,133783
result_SELECT_10_Heisenberg2D_cylinder_0.5_0.5_5,inner,1,naive,0,6,Single,No_Top,370,179954
result_SELECT_10_Heisenberg2D_cylinder_0.5_0.5_5,inner,1,naive,0,4,Double,No_Kink,675,776249
result_SELECT_10_Heisenberg2D_cylinder_0.5_0.5_5,inner,1,naive,0,8,Double,No_MSF,290,116781
result_SELECT_10_Heisenberg2D_cylinder_0.5_0.5_5,inner,1,naive,0,8,Double,No_Top,442,240080
result_SELECT_10_Heisenberg2D_cylinder_0.5_0.5_5,inner,1,naive,0,4,Double,Yes_Kink,673,775552
result_SELECT_10_Heisenberg2D_cylinder_0.5_0.5_5,inner,1,naive,0,8,Proj,No_MSF,213,18556
result_SELECT_10_Heisenberg2D_cylinder_0.5_0.5_5,inner,1,naive,0,4,Single,No_Kink,885,842722
result_SELECT_10_Heisenberg2D_cylinder_0.5_0.5_5,inner,1,naive,0,8,Proj,No_Top,423,39932
result_SELECT_10_Heisenberg2D_cylinder_0.5_0.5_5,inner,1,naive,0,6,Double,No_Kink,702,798349
result_SELECT_10_Heisenberg2D_cylinder_0.5_0.5_5,inner,1,naive,0,10,Proj,No_Kink,891,2194732
result_SELECT_10_Heisenberg2D_cylinder_0.5_0.5_5,inner,1,naive,0,8,Single,No_MSF,327,133783
result_SELECT_10_Heisenberg2D_cylinder_0.5_0.5_5,inner,1,naive,0,6,Double,Yes_Kink,708,806235
result_SELECT_10_Heisenberg2D_cylinder_0.5_0.5_5,inner,1,naive,0,6,Single,No_Kink,902,854448
result_SELECT_10_Heisenberg2D_cylinder_0.5_0.5_5,inner,1,naive,0,8,Single,No_Top,446,235861
result_SELECT_10_Heisenberg2D_cylinder_0.5_0.5_5,inner,1,random,0,0,Double,No_MSF,290,116781
result_SELECT_10_Heisenberg2D_cylinder_0.5_0.5_5,inner,1,naive,0,10,Proj,Yes_Kink,909,2250657
result_SELECT_10_Heisenberg2D_cylinder_0.5_0.5_5,inner,1,random,0,0,Double,No_Top,290,138137
result_SELECT_10_Heisenberg2D_cylinder_0.5_0.5_5,inner,1,random,0,0,Proj,No_MSF,213,18556
result_SELECT_10_Heisenberg2D_cylinder_0.5_0.5_5,inner,1,random,0,0,Proj,No_Top,213,39932
result_SELECT_10_Heisenberg2D_cylinder_0.5_0.5_5,inner,1,naive,0,8,Double,No_Kink,730,836616
result_SELECT_10_Heisenberg2D_cylinder_0.5_0.5_5,inner,1,random,0,0,Single,No_MSF,327,133783
result_SELECT_10_Heisenberg2D_cylinder_0.5_0.5_5,inner,1,naive,0,8,Double,Yes_Kink,726,838065
result_SELECT_10_Heisenberg2D_cylinder_0.5_0.5_5,inner,1,random,0,0,Single,No_Top,327,155003
result_SELECT_10_Heisenberg2D_cylinder_0.5_0.5_5,inner,1,random,0,10,Double,No_MSF,290,116781
result_SELECT_10_Heisenberg2D_cylinder_0.5_0.5_5,inner,1,naive,0,2,Proj,No_Kink,725,1924712
result_SELECT_10_Heisenberg2D_cylinder_0.5_0.5_5,inner,1,naive,0,8,Single,No_Kink,933,873320
result_SELECT_10_Heisenberg2D_cylinder_0.5_0.5_5,inner,1,naive,0,2,Proj,Yes_Kink,739,1933173
result_SELECT_10_Heisenberg2D_cylinder_0.5_0.5_5,inner,1,random,0,10,Double,No_Top,533,297244
result_SELECT_10_Heisenberg2D_cylinder_0.5_0.5_5,inner,1,random,0,10,Proj,No_MSF,213,18556
result_SELECT_10_Heisenberg2D_cylinder_0.5_0.5_5,inner,1,random,0,10,Proj,No_Top,517,39932
result_SELECT_10_Heisenberg2D_cylinder_0.5_0.5_5,inner,1,random,0,0,Double,No_Kink,437,751324
result_SELECT_10_Heisenberg2D_cylinder_0.5_0.5_5,inner,1,random,0,10,Single,No_MSF,327,133783
result_SELECT_10_Heisenberg2D_cylinder_0.5_0.5_5,inner,1,random,0,0,Double,Yes_Kink,441,753787
result_SELECT_10_Heisenberg2D_cylinder_0.5_0.5_5,inner,1,random,0,10,Single,No_Top,546,300501
result_SELECT_10_Heisenberg2D_cylinder_0.5_0.5_5,inner,1,random,0,0,Single,No_Kink,725,905626
result_SELECT_10_Heisenberg2D_cylinder_0.5_0.5_5,inner,1,random,0,2,Double,No_MSF,290,116781
result_SELECT_10_Heisenberg2D_cylinder_0.5_0.5_5,inner,1,random,0,0,Proj,No_Kink,334,902718
result_SELECT_10_Heisenberg2D_cylinder_0.5_0.5_5,inner,1,naive,0,4,Proj,No_Kink,726,1922989
result_SELECT_10_Heisenberg2D_cylinder_0.5_0.5_5,inner,1,random,0,2,Double,No_Top,291,137869
result_SELECT_10_Heisenberg2D_cylinder_0.5_0.5_5,inner,1,naive,0,4,Proj,Yes_Kink,742,1938960
result_SELECT_10_Heisenberg2D_cylinder_0.5_0.5_5,inner,1,random,0,2,Proj,No_MSF,213,18556
result_SELECT_10_Heisenberg2D_cylinder_0.5_0.5_5,inner,1,random,0,0,Proj,Yes_Kink,343,913349
result_SELECT_10_Heisenberg2D_cylinder_0.5_0.5_5,inner,1,random,0,2,Proj,No_Top,213,39932
result_SELECT_10_Heisenberg2D_cylinder_0.5_0.5_5,inner,1,naive,0,6,Proj,No_Kink,734,1940929
result_SELECT_10_Heisenberg2D_cylinder_0.5_0.5_5,inner,1,random,0,2,Single,No_MSF,327,133783
result_SELECT_10_Heisenberg2D_cylinder_0.5_0.5_5,inner,1,random,0,10,Double,No_Kink,550,885602
result_SELECT_10_Heisenberg2D_cylinder_0.5_0.5_5,inner,1,random,0,2,Single,No_Top,327,154300
result_SELECT_10_Heisenberg2D_cylinder_0.5_0.5_5,inner,1,naive,0,6,Proj,Yes_Kink,740,1920073
result_SELECT_10_Heisenberg2D_cylinder_0.5_0.5_5,inner,1,random,0,4,Double,No_MSF,290,116781
result_SELECT_10_Heisenberg2D_cylinder_0.5_0.5_5,inner,1,random,0,4,Double,No_Top,295,141302
result_SELECT_10_Heisenberg2D_cylinder_0.5_0.5_5,inner,1,random,0,10,Double,Yes_Kink,557,888201
result_SELECT_10_Heisenberg2D_cylinder_0.5_0.5_5,inner,1,random,0,4,Proj,No_MSF,213,18556
result_SELECT_10_Heisenberg2D_cylinder_0.5_0.5_5,inner,1,random,0,4,Proj,No_Top,235,39932
result_SELECT_10_Heisenberg2D_cylinder_0.5_0.5_5,inner,1,random,0,10,Single,No_Kink,773,971028
result_SELECT_10_Heisenberg2D_cylinder_0.5_0.5_5,inner,1,random,0,4,Single,No_MSF,327,133783
result_SELECT_10_Heisenberg2D_cylinder_0.5_0.5_5,inner,1,random,0,4,Single,No_Top,335,158628
result_SELECT_10_Heisenberg2D_cylinder_0.5_0.5_5,inner,1,random,0,2,Double,No_Kink,444,761562
result_SELECT_10_Heisenberg2D_cylinder_0.5_0.5_5,inner,1,random,0,6,Double,No_MSF,290,116781
result_SELECT_10_Heisenberg2D_cylinder_0.5_0.5_5,inner,1,naive,0,8,Proj,No_Kink,763,1996073
result_SELECT_10_Heisenberg2D_cylinder_0.5_0.5_5,inner,1,random,0,6,Double,No_Top,344,173016
result_SELECT_10_Heisenberg2D_cylinder_0.5_0.5_5,inner,1,random,0,2,Double,Yes_Kink,451,768099
result_SELECT_10_Heisenberg2D_cylinder_0.5_0.5_5,inner,1,random,0,6,Proj,No_MSF,213,18556
result_SELECT_10_Heisenberg2D_cylinder_0.5_0.5_5,inner,1,naive,0,8,Proj,Yes_Kink,785,1991332
result_SELECT_10_Heisenberg2D_cylinder_0.5_0.5_5,inner,1,random,0,6,Proj,No_Top,329,39932
result_SELECT_10_Heisenberg2D_cylinder_0.5_0.5_5,inner,1,random,0,2,Single,No_Kink,730,912309
result_SELECT_10_Heisenberg2D_cylinder_0.5_0.5_5,inner,1,random,0,6,Single,No_MSF,327,133783
result_SELECT_10_Heisenberg2D_cylinder_0.5_0.5_5,inner,1,random,0,4,Double,No_Kink,453,784011
result_SELECT_10_Heisenberg2D_cylinder_0.5_0.5_5,inner,1,random,0,6,Single,No_Top,370,179954
result_SELECT_10_Heisenberg2D_cylinder_0.5_0.5_5,inner,1,random,0,4,Double,Yes_Kink,460,792057
result_SELECT_10_Heisenberg2D_cylinder_0.5_0.5_5,inner,1,random,0,8,Double,No_MSF,290,116781
result_SELECT_10_Heisenberg2D_cylinder_0.5_0.5_5,inner,1,random,0,2,Proj,Yes_Kink,354,940306
result_SELECT_10_Heisenberg2D_cylinder_0.5_0.5_5,inner,1,random,0,8,Double,No_Top,442,240080
result_SELECT_10_Heisenberg2D_cylinder_0.5_0.5_5,inner,1,random,0,2,Proj,No_Kink,345,931224
result_SELECT_10_Heisenberg2D_cylinder_0.5_0.5_5,inner,1,random,0,4,Single,No_Kink,732,913755
result_SELECT_10_Heisenberg2D_cylinder_0.5_0.5_5,inner,1,random,0,8,Proj,No_MSF,213,18556
result_SELECT_10_Heisenberg2D_cylinder_0.5_0.5_5,inner,1,random,0,8,Proj,No_Top,423,39932
result_SELECT_10_Heisenberg2D_cylinder_0.5_0.5_5,inner,1,random,0,8,Single,No_MSF,327,133783
result_SELECT_10_Heisenberg2D_cylinder_0.5_0.5_5,inner,1,random,0,8,Single,No_Top,446,235861
result_SELECT_10_Heisenberg2D_cylinder_0.5_0.5_5,inner,1,random,0,4,Proj,No_Kink,374,992446
result_SELECT_10_Heisenberg2D_cylinder_0.5_0.5_5,inner,1,random,0,6,Double,No_Kink,470,816716
result_SELECT_10_Heisenberg2D_cylinder_0.5_0.5_5,inner,2,SA,0.001,0,Double,No_MSF,290,116781
result_SELECT_10_Heisenberg2D_cylinder_0.5_0.5_5,inner,2,SA,0.001,0,Double,No_Top,290,138137
result_SELECT_10_Heisenberg2D_cylinder_0.5_0.5_5,inner,1,random,0,6,Double,Yes_Kink,481,830323
result_SELECT_10_Heisenberg2D_cylinder_0.5_0.5_5,inner,2,SA,0.001,0,Double,No_Kink,297,247335
result_SELECT_10_Heisenberg2D_cylinder_0.5_0.5_5,inner,2,SA,0.001,0,Proj,No_MSF,213,18556
result_SELECT_10_Heisenberg2D_cylinder_0.5_0.5_5,inner,1,random,0,4,Proj,Yes_Kink,378,997088
result_SELECT_10_Heisenberg2D_cylinder_0.5_0.5_5,inner,2,SA,0.001,0,Proj,No_Top,213,39932
result_SELECT_10_Heisenberg2D_cylinder_0.5_0.5_5,inner,2,SA,0.001,0,Double,Yes_Kink,300,251592
result_SELECT_10_Heisenberg2D_cylinder_0.5_0.5_5,inner,1,random,0,6,Single,No_Kink,733,924049
result_SELECT_10_Heisenberg2D_cylinder_0.5_0.5_5,inner,2,SA,0.001,0,Single,No_MSF,327,133783
result_SELECT_10_Heisenberg2D_cylinder_0.5_0.5_5,inner,2,SA,0.001,0,Single,No_Top,327,155003
result_SELECT_10_Heisenberg2D_cylinder_0.5_0.5_5,inner,2,SA,0.001,10,Double,No_MSF,290,116781
result_SELECT_10_Heisenberg2D_cylinder_0.5_0.5_5,inner,2,SA,0.001,0,Single,No_Kink,330,248082
result_SELECT_10_Heisenberg2D_cylinder_0.5_0.5_5,inner,2,SA,0.001,10,Double,No_Top,533,297244
result_SELECT_10_Heisenberg2D_cylinder_0.5_0.5_5,inner,1,random,0,8,Double,No_Kink,500,854933
result_SELECT_10_Heisenberg2D_cylinder_0.5_0.5_5,inner,2,SA,0.001,0,Single,Yes_Kink,331,264876
result_SELECT_10_Heisenberg2D_cylinder_0.5_0.5_5,inner,2,SA,0.001,10,Proj,No_MSF,213,18556
result_SELECT_10_Heisenberg2D_cylinder_0.5_0.5_5,inner,2,SA,0.001,10,Proj,No_Top,517,39932
result_SELECT_10_Heisenberg2D_cylinder_0.5_0.5_5,inner,1,random,0,8,Single,No_Kink,745,936913
result_SELECT_10_Heisenberg2D_cylinder_0.5_0.5_5,inner,1,random,0,8,Double,Yes_Kink,506,861697
result_SELECT_10_Heisenberg2D_cylinder_0.5_0.5_5,inner,2,SA,0.001,10,Double,No_Kink,536,493179
result_SELECT_10_Heisenberg2D_cylinder_0.5_0.5_5,inner,2,SA,0.001,10,Single,No_MSF,327,133783
result_SELECT_10_Heisenberg2D_cylinder_0.5_0.5_5,inner,2,SA,0.001,10,Single,No_Top,546,300501
result_SELECT_10_Heisenberg2D_cylinder_0.5_0.5_5,inner,1,random,0,6,Proj,No_Kink,525,1322077
result_SELECT_10_Heisenberg2D_cylinder_0.5_0.5_5,inner,2,SA,0.001,2,Double,No_MSF,290,116781
result_SELECT_10_Heisenberg2D_cylinder_0.5_0.5_5,inner,2,SA,0.001,10,Double,Yes_Kink,538,492016
result_SELECT_10_Heisenberg2D_cylinder_0.5_0.5_5,inner,2,SA,0.001,2,Double,No_Top,291,137869
result_SELECT_10_Heisenberg2D_cylinder_0.5_0.5_5,inner,2,SA,0.001,2,Proj,No_MSF,213,18556
result_SELECT_10_Heisenberg2D_cylinder_0.5_0.5_5,inner,2,SA,0.001,10,Single,No_Kink,547,477679
result_SELECT_10_Heisenberg2D_cylinder_0.5_0.5_5,inner,2,SA,0.001,2,Proj,No_Top,213,39932
result_SELECT_10_Heisenberg2D_cylinder_0.5_0.5_5,inner,2,SA,0.001,0,Proj,No_Kink,236,680892
result_SELECT_10_Heisenberg2D_cylinder_0.5_0.5_5,inner,2,SA,0.001,2,Double,No_Kink,297,268356
result_SELECT_10_Heisenberg2D_cylinder_0.5_0.5_5,inner,1,random,0,6,Proj,Yes_Kink,525,1306555
result_SELECT_10_Heisenberg2D_cylinder_0.5_0.5_5,inner,2,SA,0.001,0,Proj,Yes_Kink,237,671663
result_SELECT_10_Heisenberg2D_cylinder_0.5_0.5_5,inner,2,SA,0.001,2,Single,No_MSF,327,133783
result_SELECT_10_Heisenberg2D_cylinder_0.5_0.5_5,inner,2,SA,0.001,2,Double,Yes_Kink,303,272109
result_SELECT_10_Heisenberg2D_cylinder_0.5_0.5_5,inner,2,SA,0.001,2,Single,No_Top,327,154300
result_SELECT_10_Heisenberg2D_cylinder_0.5_0.5_5,inner,2,SA,0.001,10,Single,Yes_Kink,547,490550
result_SELECT_10_Heisenberg2D_cylinder_0.5_0.5_5,inner,2,SA,0.001,4,Double,No_MSF,290,116781
result_SELECT_10_Heisenberg2D_cylinder_0.5_0.5_5,inner,2,SA,0.001,4,Double,No_Top,295,141302
result_SELECT_10_Heisenberg2D_cylinder_0.5_0.5_5,inner,2,SA,0.001,2,Single,No_Kink,329,269362
result_SELECT_10_Heisenberg2D_cylinder_0.5_0.5_5,inner,2,SA,0.001,4,Proj,No_MSF,213,18556
result_SELECT_10_Heisenberg2D_cylinder_0.5_0.5_5,inner,2,SA,0.001,4,Proj,No_Top,235,39932
result_SELECT_10_Heisenberg2D_cylinder_0.5_0.5_5,inner,2,SA,0.001,2,Single,Yes_Kink,330,284757
result_SELECT_10_Heisenberg2D_cylinder_0.5_0.5_5,inner,2,SA,0.001,4,Single,No_MSF,327,133783
result_SELECT_10_Heisenberg2D_cylinder_0.5_0.5_5,inner,2,SA,0.001,4,Single,No_Top,335,158628
result_SELECT_10_Heisenberg2D_cylinder_0.5_0.5_5,inner,2,SA,0.001,4,Double,No_Kink,305,298428
result_SELECT_10_Heisenberg2D_cylinder_0.5_0.5_5,inner,2,SA,0.001,4,Double,Yes_Kink,309,301766
result_SELECT_10_Heisenberg2D_cylinder_0.5_0.5_5,inner,2,SA,0.001,6,Double,No_MSF,290,116781
result_SELECT_10_Heisenberg2D_cylinder_0.5_0.5_5,inner,2,SA,0.001,6,Double,No_Top,344,173016
result_SELECT_10_Heisenberg2D_cylinder_0.5_0.5_5,inner,2,SA,0.001,4,Single,No_Kink,333,299963
result_SELECT_10_Heisenberg2D_cylinder_0.5_0.5_5,inner,2,SA,0.001,4,Single,Yes_Kink,335,314170
result_SELECT_10_Heisenberg2D_cylinder_0.5_0.5_5,inner,2,SA,0.001,6,Proj,No_MSF,213,18556
result_SELECT_10_Heisenberg2D_cylinder_0.5_0.5_5,inner,2,SA,0.001,6,Proj,No_Top,329,39932
result_SELECT_10_Heisenberg2D_cylinder_0.5_0.5_5,inner,2,SA,0.001,2,Proj,No_Kink,248,694163
result_SELECT_10_Heisenberg2D_cylinder_0.5_0.5_5,inner,2,SA,0.001,6,Double,No_Kink,345,353031
result_SELECT_10_Heisenberg2D_cylinder_0.5_0.5_5,inner,2,SA,0.001,6,Single,No_MSF,327,133783
result_SELECT_10_Heisenberg2D_cylinder_0.5_0.5_5,inner,2,SA,0.001,6,Single,No_Top,370,179954
result_SELECT_10_Heisenberg2D_cylinder_0.5_0.5_5,inner,2,SA,0.001,6,Double,Yes_Kink,349,358418
result_SELECT_10_Heisenberg2D_cylinder_0.5_0.5_5,inner,2,SA,0.001,2,Proj,Yes_Kink,252,689119
result_SELECT_10_Heisenberg2D_cylinder_0.5_0.5_5,inner,2,SA,0.001,8,Double,No_MSF,290,116781
result_SELECT_10_Heisenberg2D_cylinder_0.5_0.5_5,inner,2,SA,0.001,8,Double,No_Top,442,240080
result_SELECT_10_Heisenberg2D_cylinder_0.5_0.5_5,inner,2,SA,0.001,4,Proj,No_Kink,285,718820
result_SELECT_10_Heisenberg2D_cylinder_0.5_0.5_5,inner,2,SA,0.001,8,Proj,No_MSF,213,18556
result_SELECT_10_Heisenberg2D_cylinder_0.5_0.5_5,inner,2,SA,0.001,6,Single,No_Kink,368,344861
result_SELECT_10_Heisenberg2D_cylinder_0.5_0.5_5,inner,2,SA,0.001,8,Proj,No_Top,423,39932
result_SELECT_10_Heisenberg2D_cylinder_0.5_0.5_5,inner,2,SA,0.001,8,Double,No_Kink,442,421196
result_SELECT_10_Heisenberg2D_cylinder_0.5_0.5_5,inner,2,SA,0.001,6,Single,Yes_Kink,369,356058
result_SELECT_10_Heisenberg2D_cylinder_0.5_0.5_5,inner,2,SA,0.001,4,Proj,Yes_Kink,290,708526
result_SELECT_10_Heisenberg2D_cylinder_0.5_0.5_5,inner,2,SA,0.001,8,Double,Yes_Kink,447,429680
result_SELECT_10_Heisenberg2D_cylinder_0.5_0.5_5,inner,2,SA,0.001,8,Single,No_MSF,327,133783
result_SELECT_10_Heisenberg2D_cylinder_0.5_0.5_5,inner,2,SA,0.001,8,Single,No_Top,446,235861
result_SELECT_10_Heisenberg2D_cylinder_0.5_0.5_5,inner,2,SA,0.01,0,Double,No_MSF,290,116781
result_SELECT_10_Heisenberg2D_cylinder_0.5_0.5_5,inner,2,SA,0.01,0,Double,No_Top,290,138137
result_SELECT_10_Heisenberg2D_cylinder_0.5_0.5_5,inner,2,SA,0.01,0,Proj,No_MSF,213,18556
result_SELECT_10_Heisenberg2D_cylinder_0.5_0.5_5,inner,2,SA,0.01,0,Double,Yes_Kink,304,242278
result_SELECT_10_Heisenberg2D_cylinder_0.5_0.5_5,inner,2,SA,0.01,0,Proj,No_Top,213,39932
result_SELECT_10_Heisenberg2D_cylinder_0.5_0.5_5,inner,2,SA,0.001,8,Single,Yes_Kink,453,429396
result_SELECT_10_Heisenberg2D_cylinder_0.5_0.5_5,inner,1,random,0,8,Proj,No_Kink,1041,2546582
result_SELECT_10_Heisenberg2D_cylinder_0.5_0.5_5,inner,2,SA,0.01,0,Double,No_Kink,292,238967
result_SELECT_10_Heisenberg2D_cylinder_0.5_0.5_5,inner,2,SA,0.001,8,Single,No_Kink,450,409382
result_SELECT_10_Heisenberg2D_cylinder_0.5_0.5_5,inner,2,SA,0.01,0,Single,No_MSF,327,133783
result_SELECT_10_Heisenberg2D_cylinder_0.5_0.5_5,inner,2,SA,0.01,0,Single,No_Top,327,155003
result_SELECT_10_Heisenberg2D_cylinder_0.5_0.5_5,inner,2,SA,0.001,6,Proj,Yes_Kink,507,1014924
result_SELECT_10_Heisenberg2D_cylinder_0.5_0.5_5,inner,2,SA,0.01,10,Double,No_MSF,290,116781
result_SELECT_10_Heisenberg2D_cylinder_0.5_0.5_5,inner,1,random,0,8,Proj,Yes_Kink,1072,2564031
result_SELECT_10_Heisenberg2D_cylinder_0.5_0.5_5,inner,2,SA,0.01,0,Single,No_Kink,329,239602
result_SELECT_10_Heisenberg2D_cylinder_0.5_0.5_5,inner,2,SA,0.01,10,Double,No_Top,533,297244
result_SELECT_10_Heisenberg2D_cylinder_0.5_0.5_5,inner,2,SA,0.01,10,Proj,No_MSF,213,18556
result_SELECT_10_Heisenberg2D_cylinder_0.5_0.5_5,inner,2,SA,0.01,10,Proj,No_Top,517,39932
result_SELECT_10_Heisenberg2D_cylinder_0.5_0.5_5,inner,2,SA,0.01,0,Single,Yes_Kink,330,253636
result_SELECT_10_Heisenberg2D_cylinder_0.5_0.5_5,inner,1,random,0,10,Proj,No_Kink,1804,4397990
result_SELECT_10_Heisenberg2D_cylinder_0.5_0.5_5,inner,2,SA,0.01,10,Single,No_MSF,327,133783
result_SELECT_10_Heisenberg2D_cylinder_0.5_0.5_5,inner,2,SA,0.01,10,Single,No_Top,546,300501
result_SELECT_10_Heisenberg2D_cylinder_0.5_0.5_5,inner,2,SA,0.01,10,Double,No_Kink,534,485305
result_SELECT_10_Heisenberg2D_cylinder_0.5_0.5_5,inner,1,random,0,10,Proj,Yes_Kink,1759,4140872
result_SELECT_10_Heisenberg2D_cylinder_0.5_0.5_5,inner,2,SA,0.01,2,Double,No_MSF,290,116781
result_SELECT_10_Heisenberg2D_cylinder_0.5_0.5_5,inner,2,SA,0.01,10,Double,Yes_Kink,537,483386
result_SELECT_10_Heisenberg2D_cylinder_0.5_0.5_5,inner,2,SA,0.01,2,Double,No_Top,291,137869
result_SELECT_10_Heisenberg2D_cylinder_0.5_0.5_5,inner,2,SA,0.01,10,Single,No_Kink,548,465719
result_SELECT_10_Heisenberg2D_cylinder_0.5_0.5_5,inner,2,SA,0.001,6,Proj,No_Kink,721,1439978
result_SELECT_10_Heisenberg2D_cylinder_0.5_0.5_5,inner,2,SA,0.01,2,Proj,No_MSF,213,18556
result_SELECT_10_Heisenberg2D_cylinder_0.5_0.5_5,inner,2,SA,0.01,0,Proj,No_Kink,230,677048
result_SELECT_10_Heisenberg2D_cylinder_0.5_0.5_5,inner,2,SA,0.01,2,Proj,No_Top,213,39932
result_SELECT_10_Heisenberg2D_cylinder_0.5_0.5_5,inner,2,SA,0.01,2,Double,No_Kink,293,257197
result_SELECT_10_Heisenberg2D_cylinder_0.5_0.5_5,inner,2,SA,0.01,2,Single,No_MSF,327,133783
result_SELECT_10_Heisenberg2D_cylinder_0.5_0.5_5,inner,2,SA,0.01,0,Proj,Yes_Kink,233,667876
result_SELECT_10_Heisenberg2D_cylinder_0.5_0.5_5,inner,2,SA,0.01,10,Single,Yes_Kink,545,476707
result_SELECT_10_Heisenberg2D_cylinder_0.5_0.5_5,inner,2,SA,0.01,4,Double,No_MSF,290,116781
result_SELECT_10_Heisenberg2D_cylinder_0.5_0.5_5,inner,2,SA,0.01,2,Single,No_Top,327,154300
result_SELECT_10_Heisenberg2D_cylinder_0.5_0.5_5,inner,2,SA,0.01,2,Double,Yes_Kink,301,260748
result_SELECT_10_Heisenberg2D_cylinder_0.5_0.5_5,inner,2,SA,0.01,4,Double,No_Top,295,141302
result_SELECT_10_Heisenberg2D_cylinder_0.5_0.5_5,inner,2,SA,0.01,2,Single,No_Kink,329,256159
result_SELECT_10_Heisenberg2D_cylinder_0.5_0.5_5,inner,2,SA,0.01,4,Proj,No_Top,235,39932
result_SELECT_10_Heisenberg2D_cylinder_0.5_0.5_5,inner,2,SA,0.01,4,Proj,No_MSF,213,18556
result_SELECT_10_Heisenberg2D_cylinder_0.5_0.5_5,inner,2,SA,0.01,4,Single,No_MSF,327,133783
result_SELECT_10_Heisenberg2D_cylinder_0.5_0.5_5,inner,2,SA,0.01,2,Single,Yes_Kink,329,270239
result_SELECT_10_Heisenberg2D_cylinder_0.5_0.5_5,inner,2,SA,0.01,4,Double,No_Kink,298,289389
result_SELECT_10_Heisenberg2D_cylinder_0.5_0.5_5,inner,2,SA,0.01,4,Single,No_Top,335,158628
result_SELECT_10_Heisenberg2D_cylinder_0.5_0.5_5,inner,2,SA,0.01,4,Double,Yes_Kink,308,291243
result_SELECT_10_Heisenberg2D_cylinder_0.5_0.5_5,inner,2,SA,0.01,6,Double,No_MSF,290,116781
result_SELECT_10_Heisenberg2D_cylinder_0.5_0.5_5,inner,2,SA,0.01,6,Double,No_Top,344,173016
result_SELECT_10_Heisenberg2D_cylinder_0.5_0.5_5,inner,2,SA,0.01,4,Single,No_Kink,334,285465
result_SELECT_10_Heisenberg2D_cylinder_0.5_0.5_5,inner,2,SA,0.01,6,Proj,No_MSF,213,18556
result_SELECT_10_Heisenberg2D_cylinder_0.5_0.5_5,inner,2,SA,0.01,6,Proj,No_Top,329,39932
result_SELECT_10_Heisenberg2D_cylinder_0.5_0.5_5,inner,2,SA,0.01,4,Single,Yes_Kink,333,301688
result_SELECT_10_Heisenberg2D_cylinder_0.5_0.5_5,inner,2,SA,0.01,6,Double,No_Kink,346,339816
result_SELECT_10_Heisenberg2D_cylinder_0.5_0.5_5,inner,2,SA,0.01,2,Proj,Yes_Kink,243,681701
result_SELECT_10_Heisenberg2D_cylinder_0.5_0.5_5,inner,2,SA,0.01,6,Single,No_MSF,327,133783
result_SELECT_10_Heisenberg2D_cylinder_0.5_0.5_5,inner,2,SA,0.01,6,Double,Yes_Kink,349,347226
result_SELECT_10_Heisenberg2D_cylinder_0.5_0.5_5,inner,2,SA,0.01,6,Single,No_Top,370,179954
result_SELECT_10_Heisenberg2D_cylinder_0.5_0.5_5,inner,2,SA,0.01,8,Double,No_MSF,290,116781
result_SELECT_10_Heisenberg2D_cylinder_0.5_0.5_5,inner,2,SA,0.01,2,Proj,No_Kink,240,688266
result_SELECT_10_Heisenberg2D_cylinder_0.5_0.5_5,inner,2,SA,0.01,8,Double,No_Top,442,240080
result_SELECT_10_Heisenberg2D_cylinder_0.5_0.5_5,inner,2,SA,0.01,4,Proj,No_Kink,275,698666
result_SELECT_10_Heisenberg2D_cylinder_0.5_0.5_5,inner,2,SA,0.01,6,Single,No_Kink,369,332664
result_SELECT_10_Heisenberg2D_cylinder_0.5_0.5_5,inner,2,SA,0.01,8,Proj,No_MSF,213,18556
result_SELECT_10_Heisenberg2D_cylinder_0.5_0.5_5,inner,2,SA,0.01,4,Proj,Yes_Kink,276,694875
result_SELECT_10_Heisenberg2D_cylinder_0.5_0.5_5,inner,2,SA,0.01,8,Proj,No_Top,423,39932
result_SELECT_10_Heisenberg2D_cylinder_0.5_0.5_5,inner,2,SA,0.01,8,Double,No_Kink,442,413465
result_SELECT_10_Heisenberg2D_cylinder_0.5_0.5_5,inner,2,SA,0.01,6,Single,Yes_Kink,368,350921
result_SELECT_10_Heisenberg2D_cylinder_0.5_0.5_5,inner,2,SA,0.01,8,Single,No_MSF,327,133783
result_SELECT_10_Heisenberg2D_cylinder_0.5_0.5_5,inner,2,SA,0.01,8,Single,No_Top,446,235861
result_SELECT_10_Heisenberg2D_cylinder_0.5_0.5_5,inner,2,SA,0.1,0,Double,No_MSF,290,116781
result_SELECT_10_Heisenberg2D_cylinder_0.5_0.5_5,inner,2,SA,0.01,8,Double,Yes_Kink,444,415921
result_SELECT_10_Heisenberg2D_cylinder_0.5_0.5_5,inner,2,SA,0.1,0,Double,No_Top,290,138137
result_SELECT_10_Heisenberg2D_cylinder_0.5_0.5_5,inner,2,SA,0.01,8,Single,No_Kink,451,392246
result_SELECT_10_Heisenberg2D_cylinder_0.5_0.5_5,inner,2,SA,0.1,0,Double,No_Kink,291,238787
result_SELECT_10_Heisenberg2D_cylinder_0.5_0.5_5,inner,2,SA,0.1,0,Proj,No_MSF,213,18556
result_SELECT_10_Heisenberg2D_cylinder_0.5_0.5_5,inner,2,SA,0.1,0,Proj,No_Top,213,39932
result_SELECT_10_Heisenberg2D_cylinder_0.5_0.5_5,inner,2,SA,0.1,0,Double,Yes_Kink,300,241310
result_SELECT_10_Heisenberg2D_cylinder_0.5_0.5_5,inner,2,SA,0.01,8,Single,Yes_Kink,449,410234
result_SELECT_10_Heisenberg2D_cylinder_0.5_0.5_5,inner,2,SA,0.01,6,Proj,No_Kink,393,864244
result_SELECT_10_Heisenberg2D_cylinder_0.5_0.5_5,inner,2,SA,0.1,0,Single,No_MSF,327,133783
result_SELECT_10_Heisenberg2D_cylinder_0.5_0.5_5,inner,2,SA,0.1,0,Single,No_Top,327,155003
result_SELECT_10_Heisenberg2D_cylinder_0.5_0.5_5,inner,2,SA,0.1,0,Single,No_Kink,329,240220
result_SELECT_10_Heisenberg2D_cylinder_0.5_0.5_5,inner,2,SA,0.1,10,Double,No_MSF,290,116781
result_SELECT_10_Heisenberg2D_cylinder_0.5_0.5_5,inner,2,SA,0.01,6,Proj,Yes_Kink,417,857791
result_SELECT_10_Heisenberg2D_cylinder_0.5_0.5_5,inner,2,SA,0.1,10,Double,No_Top,533,297244
result_SELECT_10_Heisenberg2D_cylinder_0.5_0.5_5,inner,2,SA,0.1,10,Proj,No_MSF,213,18556
result_SELECT_10_Heisenberg2D_cylinder_0.5_0.5_5,inner,2,SA,0.1,0,Single,Yes_Kink,329,256653
result_SELECT_10_Heisenberg2D_cylinder_0.5_0.5_5,inner,2,SA,0.1,10,Proj,No_Top,517,39932
result_SELECT_10_Heisenberg2D_cylinder_0.5_0.5_5,inner,2,SA,0.1,10,Double,No_Kink,534,481356
result_SELECT_10_Heisenberg2D_cylinder_0.5_0.5_5,inner,2,SA,0.1,10,Single,No_MSF,327,133783
result_SELECT_10_Heisenberg2D_cylinder_0.5_0.5_5,inner,2,SA,0.001,8,Proj,No_Kink,1602,2897771
result_SELECT_10_Heisenberg2D_cylinder_0.5_0.5_5,inner,2,SA,0.1,10,Single,No_Top,546,300501
result_SELECT_10_Heisenberg2D_cylinder_0.5_0.5_5,inner,2,SA,0.1,10,Double,Yes_Kink,535,484545
result_SELECT_10_Heisenberg2D_cylinder_0.5_0.5_5,inner,2,SA,0.001,10,Proj,Yes_Kink,2860,4542844
result_SELECT_10_Heisenberg2D_cylinder_0.5_0.5_5,inner,2,SA,0.001,8,Proj,Yes_Kink,1638,2746355
result_SELECT_10_Heisenberg2D_cylinder_0.5_0.5_5,inner,2,SA,0.1,2,Double,No_MSF,290,116781
result_SELECT_10_Heisenberg2D_cylinder_0.5_0.5_5,inner,2,SA,0.1,2,Double,No_Top,291,137869
result_SELECT_10_Heisenberg2D_cylinder_0.5_0.5_5,inner,2,SA,0.1,10,Single,No_Kink,546,472435
result_SELECT_10_Heisenberg2D_cylinder_0.5_0.5_5,inner,2,SA,0.1,0,Proj,No_Kink,235,675804
result_SELECT_10_Heisenberg2D_cylinder_0.5_0.5_5,inner,2,SA,0.1,2,Proj,No_MSF,213,18556
result_SELECT_10_Heisenberg2D_cylinder_0.5_0.5_5,inner,2,SA,0.1,2,Double,No_Kink,292,256119
result_SELECT_10_Heisenberg2D_cylinder_0.5_0.5_5,inner,2,SA,0.1,2,Proj,No_Top,213,39932
result_SELECT_10_Heisenberg2D_cylinder_0.5_0.5_5,inner,2,SA,0.1,0,Proj,Yes_Kink,236,666674
result_SELECT_10_Heisenberg2D_cylinder_0.5_0.5_5,inner,2,SA,0.1,10,Single,Yes_Kink,546,480282
result_SELECT_10_Heisenberg2D_cylinder_0.5_0.5_5,inner,2,SA,0.1,2,Single,No_MSF,327,133783
result_SELECT_10_Heisenberg2D_cylinder_0.5_0.5_5,inner,2,SA,0.1,2,Single,No_Top,327,154300
result_SELECT_10_Heisenberg2D_cylinder_0.5_0.5_5,inner,2,SA,0.1,2,Double,Yes_Kink,303,260592
result_SELECT_10_Heisenberg2D_cylinder_0.5_0.5_5,inner,2,SA,0.1,4,Double,No_MSF,290,116781
result_SELECT_10_Heisenberg2D_cylinder_0.5_0.5_5,inner,2,SA,0.1,2,Single,No_Kink,329,257377
result_SELECT_10_Heisenberg2D_cylinder_0.5_0.5_5,inner,2,SA,0.1,4,Double,No_Top,295,141302
result_SELECT_10_Heisenberg2D_cylinder_0.5_0.5_5,inner,2,SA,0.1,4,Proj,No_MSF,213,18556
result_SELECT_10_Heisenberg2D_cylinder_0.5_0.5_5,inner,2,SA,0.1,2,Single,Yes_Kink,331,273761
result_SELECT_10_Heisenberg2D_cylinder_0.5_0.5_5,inner,2,SA,0.1,4,Proj,No_Top,235,39932
result_SELECT_10_Heisenberg2D_cylinder_0.5_0.5_5,inner,2,SA,0.1,4,Double,No_Kink,298,287819
result_SELECT_10_Heisenberg2D_cylinder_0.5_0.5_5,inner,2,SA,0.1,4,Single,No_MSF,327,133783
result_SELECT_10_Heisenberg2D_cylinder_0.5_0.5_5,inner,2,SA,0.1,4,Single,No_Top,335,158628
result_SELECT_10_Heisenberg2D_cylinder_0.5_0.5_5,inner,2,SA,0.1,4,Double,Yes_Kink,309,293028
result_SELECT_10_Heisenberg2D_cylinder_0.5_0.5_5,inner,2,SA,0.1,6,Double,No_MSF,290,116781
result_SELECT_10_Heisenberg2D_cylinder_0.5_0.5_5,inner,2,SA,0.1,6,Double,No_Top,344,173016
result_SELECT_10_Heisenberg2D_cylinder_0.5_0.5_5,inner,2,SA,0.1,4,Single,No_Kink,335,285495
result_SELECT_10_Heisenberg2D_cylinder_0.5_0.5_5,inner,2,SA,0.1,6,Proj,No_MSF,213,18556
result_SELECT_10_Heisenberg2D_cylinder_0.5_0.5_5,inner,2,SA,0.1,4,Single,Yes_Kink,332,303703
result_SELECT_10_Heisenberg2D_cylinder_0.5_0.5_5,inner,2,SA,0.1,2,Proj,No_Kink,243,690266
result_SELECT_10_Heisenberg2D_cylinder_0.5_0.5_5,inner,2,SA,0.1,6,Double,No_Kink,345,343344
result_SELECT_10_Heisenberg2D_cylinder_0.5_0.5_5,inner,2,SA,0.1,6,Proj,No_Top,329,39932
result_SELECT_10_Heisenberg2D_cylinder_0.5_0.5_5,inner,2,SA,0.1,2,Proj,Yes_Kink,246,682881
result_SELECT_10_Heisenberg2D_cylinder_0.5_0.5_5,inner,2,SA,0.001,10,Proj,No_Kink,2959,5052240
result_SELECT_10_Heisenberg2D_cylinder_0.5_0.5_5,inner,2,SA,0.1,6,Single,No_MSF,327,133783
result_SELECT_10_Heisenberg2D_cylinder_0.5_0.5_5,inner,2,SA,0.1,6,Double,Yes_Kink,348,352079
result_SELECT_10_Heisenberg2D_cylinder_0.5_0.5_5,inner,2,SA,0.1,6,Single,No_Top,370,179954
result_SELECT_10_Heisenberg2D_cylinder_0.5_0.5_5,inner,2,SA,0.1,8,Double,No_MSF,290,116781
result_SELECT_10_Heisenberg2D_cylinder_0.5_0.5_5,inner,2,SA,0.1,8,Double,No_Top,442,240080
result_SELECT_10_Heisenberg2D_cylinder_0.5_0.5_5,inner,2,SA,0.1,4,Proj,No_Kink,276,692866
result_SELECT_10_Heisenberg2D_cylinder_0.5_0.5_5,inner,2,SA,0.1,4,Proj,Yes_Kink,275,681780
result_SELECT_10_Heisenberg2D_cylinder_0.5_0.5_5,inner,2,SA,0.01,8,Proj,Yes_Kink,1282,2126486
result_SELECT_10_Heisenberg2D_cylinder_0.5_0.5_5,inner,2,SA,0.1,8,Proj,No_MSF,213,18556
result_SELECT_10_Heisenberg2D_cylinder_0.5_0.5_5,inner,2,SA,0.1,6,Single,No_Kink,369,335870
result_SELECT_10_Heisenberg2D_cylinder_0.5_0.5_5,inner,2,SA,0.1,8,Proj,No_Top,423,39932
result_SELECT_10_Heisenberg2D_cylinder_0.5_0.5_5,inner,2,SA,0.1,8,Single,No_MSF,327,133783
result_SELECT_10_Heisenberg2D_cylinder_0.5_0.5_5,inner,2,SA,0.1,6,Single,Yes_Kink,368,351388
result_SELECT_10_Heisenberg2D_cylinder_0.5_0.5_5,inner,2,SA,0.01,10,Proj,Yes_Kink,2211,3581729
result_SELECT_10_Heisenberg2D_cylinder_0.5_0.5_5,inner,2,SA,0.1,8,Double,No_Kink,442,415281
result_SELECT_10_Heisenberg2D_cylinder_0.5_0.5_5,inner,2,SA,0.1,8,Single,No_Top,446,235861
result_SELECT_10_Heisenberg2D_cylinder_0.5_0.5_5,inner,2,SA,0.1,8,Double,Yes_Kink,444,420400
result_SELECT_10_Heisenberg2D_cylinder_0.5_0.5_5,inner,2,SA,1,0,Double,No_MSF,290,116781
result_SELECT_10_Heisenberg2D_cylinder_0.5_0.5_5,inner,2,SA,1,0,Double,No_Top,290,138137
result_SELECT_10_Heisenberg2D_cylinder_0.5_0.5_5,inner,2,SA,1,0,Proj,No_MSF,213,18556
result_SELECT_10_Heisenberg2D_cylinder_0.5_0.5_5,inner,2,SA,1,0,Proj,No_Top,213,39932
result_SELECT_10_Heisenberg2D_cylinder_0.5_0.5_5,inner,2,SA,0.1,8,Single,No_Kink,448,392798
result_SELECT_10_Heisenberg2D_cylinder_0.5_0.5_5,inner,2,SA,1,0,Double,No_Kink,291,234366
result_SELECT_10_Heisenberg2D_cylinder_0.5_0.5_5,inner,2,SA,0.01,8,Proj,No_Kink,1305,2362585
result_SELECT_10_Heisenberg2D_cylinder_0.5_0.5_5,inner,2,SA,1,0,Double,Yes_Kink,303,237406
result_SELECT_10_Heisenberg2D_cylinder_0.5_0.5_5,inner,2,SA,1,0,Single,No_MSF,327,133783
result_SELECT_10_Heisenberg2D_cylinder_0.5_0.5_5,inner,2,SA,1,0,Single,No_Top,327,155003
result_SELECT_10_Heisenberg2D_cylinder_0.5_0.5_5,inner,2,SA,0.1,8,Single,Yes_Kink,451,416545
result_SELECT_10_Heisenberg2D_cylinder_0.5_0.5_5,inner,2,SA,1,10,Double,No_MSF,290,116781
result_SELECT_10_Heisenberg2D_cylinder_0.5_0.5_5,inner,2,SA,1,10,Double,No_Top,533,297244
result_SELECT_10_Heisenberg2D_cylinder_0.5_0.5_5,inner,2,SA,0.01,10,Proj,No_Kink,2200,3839465
result_SELECT_10_Heisenberg2D_cylinder_0.5_0.5_5,inner,2,SA,1,0,Single,No_Kink,328,234372
result_SELECT_10_Heisenberg2D_cylinder_0.5_0.5_5,inner,2,SA,1,10,Proj,No_MSF,213,18556
result_SELECT_10_Heisenberg2D_cylinder_0.5_0.5_5,inner,2,SA,1,0,Single,Yes_Kink,328,249765
result_SELECT_10_Heisenberg2D_cylinder_0.5_0.5_5,inner,2,SA,1,10,Proj,No_Top,517,39932
result_SELECT_10_Heisenberg2D_cylinder_0.5_0.5_5,inner,2,SA,0.1,6,Proj,No_Kink,518,1048942
result_SELECT_10_Heisenberg2D_cylinder_0.5_0.5_5,inner,2,SA,1,10,Single,No_MSF,327,133783
result_SELECT_10_Heisenberg2D_cylinder_0.5_0.5_5,inner,2,SA,1,10,Single,No_Top,546,300501
result_SELECT_10_Heisenberg2D_cylinder_0.5_0.5_5,inner,2,SA,0.1,6,Proj,Yes_Kink,490,988541
result_SELECT_10_Heisenberg2D_cylinder_0.5_0.5_5,inner,2,SA,1,10,Double,No_Kink,534,473635
result_SELECT_10_Heisenberg2D_cylinder_0.5_0.5_5,inner,2,SA,1,10,Double,Yes_Kink,536,475602
result_SELECT_10_Heisenberg2D_cylinder_0.5_0.5_5,inner,2,SA,1,2,Double,No_MSF,290,116781
result_SELECT_10_Heisenberg2D_cylinder_0.5_0.5_5,inner,2,SA,1,2,Double,No_Top,291,137869
result_SELECT_10_Heisenberg2D_cylinder_0.5_0.5_5,inner,2,SA,1,10,Single,No_Kink,546,454110
result_SELECT_10_Heisenberg2D_cylinder_0.5_0.5_5,inner,2,SA,1,2,Proj,No_MSF,213,18556
result_SELECT_10_Heisenberg2D_cylinder_0.5_0.5_5,inner,2,SA,1,2,Proj,No_Top,213,39932
result_SELECT_10_Heisenberg2D_cylinder_0.5_0.5_5,inner,2,SA,1,2,Double,No_Kink,293,252353
result_SELECT_10_Heisenberg2D_cylinder_0.5_0.5_5,inner,2,SA,1,10,Single,Yes_Kink,547,469159
result_SELECT_10_Heisenberg2D_cylinder_0.5_0.5_5,inner,2,SA,1,2,Single,No_MSF,327,133783
result_SELECT_10_Heisenberg2D_cylinder_0.5_0.5_5,inner,2,SA,1,2,Single,No_Top,327,154300
result_SELECT_10_Heisenberg2D_cylinder_0.5_0.5_5,inner,2,SA,1,0,Proj,No_Kink,229,664245
result_SELECT_10_Heisenberg2D_cylinder_0.5_0.5_5,inner,2,SA,1,2,Double,Yes_Kink,302,255645
result_SELECT_10_Heisenberg2D_cylinder_0.5_0.5_5,inner,2,SA,1,0,Proj,Yes_Kink,233,653443
result_SELECT_10_Heisenberg2D_cylinder_0.5_0.5_5,inner,2,SA,1,4,Double,No_MSF,290,116781
result_SELECT_10_Heisenberg2D_cylinder_0.5_0.5_5,inner,2,SA,1,4,Double,No_Top,295,141302
result_SELECT_10_Heisenberg2D_cylinder_0.5_0.5_5,inner,2,SA,1,4,Proj,No_MSF,213,18556
result_SELECT_10_Heisenberg2D_cylinder_0.5_0.5_5,inner,2,SA,1,2,Single,No_Kink,328,251634
result_SELECT_10_Heisenberg2D_cylinder_0.5_0.5_5,inner,2,SA,1,4,Proj,No_Top,235,39932
result_SELECT_10_Heisenberg2D_cylinder_0.5_0.5_5,inner,2,SA,1,2,Single,Yes_Kink,328,266673
result_SELECT_10_Heisenberg2D_cylinder_0.5_0.5_5,inner,2,SA,1,4,Single,No_MSF,327,133783
result_SELECT_10_Heisenberg2D_cylinder_0.5_0.5_5,inner,2,SA,1,4,Single,No_Top,335,158628
result_SELECT_10_Heisenberg2D_cylinder_0.5_0.5_5,inner,2,SA,1,4,Double,No_Kink,297,281723
result_SELECT_10_Heisenberg2D_cylinder_0.5_0.5_5,inner,2,SA,1,4,Double,Yes_Kink,306,286629
result_SELECT_10_Heisenberg2D_cylinder_0.5_0.5_5,inner,2,SA,1,6,Double,No_MSF,290,116781
result_SELECT_10_Heisenberg2D_cylinder_0.5_0.5_5,inner,2,SA,1,6,Double,No_Top,344,173016
result_SELECT_10_Heisenberg2D_cylinder_0.5_0.5_5,inner,2,SA,1,4,Single,No_Kink,335,279700
result_SELECT_10_Heisenberg2D_cylinder_0.5_0.5_5,inner,2,SA,1,6,Proj,No_MSF,213,18556
result_SELECT_10_Heisenberg2D_cylinder_0.5_0.5_5,inner,2,SA,1,6,Proj,No_Top,329,39932
result_SELECT_10_Heisenberg2D_cylinder_0.5_0.5_5,inner,2,SA,1,4,Single,Yes_Kink,334,296880
result_SELECT_10_Heisenberg2D_cylinder_0.5_0.5_5,inner,2,SA,1,6,Double,No_Kink,345,333920
result_SELECT_10_Heisenberg2D_cylinder_0.5_0.5_5,inner,2,SA,1,6,Single,No_MSF,327,133783
result_SELECT_10_Heisenberg2D_cylinder_0.5_0.5_5,inner,2,SA,1,2,Proj,No_Kink,236,677786
result_SELECT_10_Heisenberg2D_cylinder_0.5_0.5_5,inner,2,SA,1,2,Proj,Yes_Kink,242,671936
result_SELECT_10_Heisenberg2D_cylinder_0.5_0.5_5,inner,2,SA,1,6,Single,No_Top,370,179954
result_SELECT_10_Heisenberg2D_cylinder_0.5_0.5_5,inner,2,SA,1,6,Double,Yes_Kink,348,337255
result_SELECT_10_Heisenberg2D_cylinder_0.5_0.5_5,inner,2,SA,1,8,Double,No_MSF,290,116781
result_SELECT_10_Heisenberg2D_cylinder_0.5_0.5_5,inner,2,SA,1,8,Double,No_Top,442,240080
result_SELECT_10_Heisenberg2D_cylinder_0.5_0.5_5,inner,2,SA,1,6,Single,No_Kink,372,326408
result_SELECT_10_Heisenberg2D_cylinder_0.5_0.5_5,inner,2,SA,1,8,Proj,No_MSF,213,18556
result_SELECT_10_Heisenberg2D_cylinder_0.5_0.5_5,inner,2,SA,1,4,Proj,No_Kink,271,698908
result_SELECT_10_Heisenberg2D_cylinder_0.5_0.5_5,inner,2,SA,1,4,Proj,Yes_Kink,276,689765
result_SELECT_10_Heisenberg2D_cylinder_0.5_0.5_5,inner,2,SA,1,8,Proj,No_Top,423,39932
result_SELECT_10_Heisenberg2D_cylinder_0.5_0.5_5,inner,2,SA,1,6,Single,Yes_Kink,372,340394
result_SELECT_10_Heisenberg2D_cylinder_0.5_0.5_5,inner,2,SA,1,8,Double,No_Kink,442,407106
result_SELECT_10_Heisenberg2D_cylinder_0.5_0.5_5,inner,2,SA,1,8,Single,No_MSF,327,133783
result_SELECT_10_Heisenberg2D_cylinder_0.5_0.5_5,inner,2,SA,1,8,Double,Yes_Kink,445,411793
result_SELECT_10_Heisenberg2D_cylinder_0.5_0.5_5,inner,2,SA,1,8,Single,No_Top,446,235861
result_SELECT_10_Heisenberg2D_cylinder_0.5_0.5_5,inner,2,naive,0,0,Double,No_MSF,290,116781
result_SELECT_10_Heisenberg2D_cylinder_0.5_0.5_5,inner,2,naive,0,0,Double,No_Top,290,138137
result_SELECT_10_Heisenberg2D_cylinder_0.5_0.5_5,inner,2,SA,1,8,Single,No_Kink,450,390148
result_SELECT_10_Heisenberg2D_cylinder_0.5_0.5_5,inner,2,naive,0,0,Proj,No_MSF,213,18556
result_SELECT_10_Heisenberg2D_cylinder_0.5_0.5_5,inner,2,SA,0.1,8,Proj,Yes_Kink,1281,2199428
result_SELECT_10_Heisenberg2D_cylinder_0.5_0.5_5,inner,2,SA,1,8,Single,Yes_Kink,449,403015
result_SELECT_10_Heisenberg2D_cylinder_0.5_0.5_5,inner,2,naive,0,0,Proj,No_Top,213,39932
result_SELECT_10_Heisenberg2D_cylinder_0.5_0.5_5,inner,2,naive,0,0,Single,No_MSF,327,133783
result_SELECT_10_Heisenberg2D_cylinder_0.5_0.5_5,inner,2,naive,0,0,Single,No_Top,327,155003
result_SELECT_10_Heisenberg2D_cylinder_0.5_0.5_5,inner,2,SA,0.1,8,Proj,No_Kink,1251,2352248
result_SELECT_10_Heisenberg2D_cylinder_0.5_0.5_5,inner,2,SA,1,6,Proj,Yes_Kink,476,935675
result_SELECT_10_Heisenberg2D_cylinder_0.5_0.5_5,inner,2,SA,1,6,Proj,No_Kink,469,997309
result_SELECT_10_Heisenberg2D_cylinder_0.5_0.5_5,inner,2,SA,0.1,10,Proj,Yes_Kink,2255,3741172
result_SELECT_10_Heisenberg2D_cylinder_0.5_0.5_5,inner,2,naive,0,10,Double,No_MSF,290,116781
result_SELECT_10_Heisenberg2D_cylinder_0.5_0.5_5,inner,2,naive,0,0,Double,No_Kink,556,570421
result_SELECT_10_Heisenberg2D_cylinder_0.5_0.5_5,inner,2,naive,0,10,Double,No_Top,533,297244
result_SELECT_10_Heisenberg2D_cylinder_0.5_0.5_5,inner,2,naive,0,0,Double,Yes_Kink,559,570417
result_SELECT_10_Heisenberg2D_cylinder_0.5_0.5_5,inner,2,naive,0,10,Proj,No_MSF,213,18556
result_SELECT_10_Heisenberg2D_cylinder_0.5_0.5_5,inner,2,naive,0,10,Proj,No_Top,517,39932
result_SELECT_10_Heisenberg2D_cylinder_0.5_0.5_5,inner,2,naive,0,10,Single,No_MSF,327,133783
result_SELECT_10_Heisenberg2D_cylinder_0.5_0.5_5,inner,2,naive,0,10,Single,No_Top,546,300501
result_SELECT_10_Heisenberg2D_cylinder_0.5_0.5_5,inner,2,naive,0,0,Single,No_Kink,652,594991
result_SELECT_10_Heisenberg2D_cylinder_0.5_0.5_5,inner,2,SA,0.1,10,Proj,No_Kink,2255,4038282
result_SELECT_10_Heisenberg2D_cylinder_0.5_0.5_5,inner,2,naive,0,2,Double,No_MSF,290,116781
result_SELECT_10_Heisenberg2D_cylinder_0.5_0.5_5,inner,2,naive,0,0,Single,Yes_Kink,629,603243
result_SELECT_10_Heisenberg2D_cylinder_0.5_0.5_5,inner,2,naive,0,2,Double,No_Top,291,137869
result_SELECT_10_Heisenberg2D_cylinder_0.5_0.5_5,inner,2,naive,0,2,Proj,No_MSF,213,18556
result_SELECT_10_Heisenberg2D_cylinder_0.5_0.5_5,inner,2,naive,0,10,Double,No_Kink,584,685958
result_SELECT_10_Heisenberg2D_cylinder_0.5_0.5_5,inner,2,naive,0,2,Proj,No_Top,213,39932
result_SELECT_10_Heisenberg2D_cylinder_0.5_0.5_5,inner,2,naive,0,10,Double,Yes_Kink,588,692589
result_SELECT_10_Heisenberg2D_cylinder_0.5_0.5_5,inner,2,naive,0,10,Single,No_Kink,662,686842
result_SELECT_10_Heisenberg2D_cylinder_0.5_0.5_5,inner,2,naive,0,2,Single,No_MSF,327,133783
result_SELECT_10_Heisenberg2D_cylinder_0.5_0.5_5,inner,2,naive,0,2,Double,No_Kink,559,589961
result_SELECT_10_Heisenberg2D_cylinder_0.5_0.5_5,inner,2,naive,0,2,Single,No_Top,327,154300
result_SELECT_10_Heisenberg2D_cylinder_0.5_0.5_5,inner,2,naive,0,10,Single,Yes_Kink,651,703262
result_SELECT_10_Heisenberg2D_cylinder_0.5_0.5_5,inner,2,naive,0,2,Double,Yes_Kink,571,602307
result_SELECT_10_Heisenberg2D_cylinder_0.5_0.5_5,inner,2,naive,0,4,Double,No_MSF,290,116781
result_SELECT_10_Heisenberg2D_cylinder_0.5_0.5_5,inner,2,naive,0,4,Double,No_Top,295,141302
result_SELECT_10_Heisenberg2D_cylinder_0.5_0.5_5,inner,2,naive,0,4,Proj,No_MSF,213,18556
result_SELECT_10_Heisenberg2D_cylinder_0.5_0.5_5,inner,2,naive,0,2,Single,No_Kink,648,605476
result_SELECT_10_Heisenberg2D_cylinder_0.5_0.5_5,inner,2,naive,0,4,Proj,No_Top,235,39932
result_SELECT_10_Heisenberg2D_cylinder_0.5_0.5_5,inner,2,SA,1,10,Proj,Yes_Kink,2057,3306084
result_SELECT_10_Heisenberg2D_cylinder_0.5_0.5_5,inner,2,naive,0,2,Single,Yes_Kink,641,619022
result_SELECT_10_Heisenberg2D_cylinder_0.5_0.5_5,inner,2,naive,0,0,Proj,No_Kink,555,1595849
result_SELECT_10_Heisenberg2D_cylinder_0.5_0.5_5,inner,2,naive,0,4,Single,No_MSF,327,133783
result_SELECT_10_Heisenberg2D_cylinder_0.5_0.5_5,inner,2,naive,0,4,Single,No_Top,335,158628
result_SELECT_10_Heisenberg2D_cylinder_0.5_0.5_5,inner,2,naive,0,4,Double,No_Kink,573,620596
result_SELECT_10_Heisenberg2D_cylinder_0.5_0.5_5,inner,2,naive,0,6,Double,No_Top,344,173016
result_SELECT_10_Heisenberg2D_cylinder_0.5_0.5_5,inner,2,naive,0,6,Double,No_MSF,290,116781
result_SELECT_10_Heisenberg2D_cylinder_0.5_0.5_5,inner,2,naive,0,0,Proj,Yes_Kink,567,1604062
result_SELECT_10_Heisenberg2D_cylinder_0.5_0.5_5,inner,2,naive,0,4,Double,Yes_Kink,573,629829
result_SELECT_10_Heisenberg2D_cylinder_0.5_0.5_5,inner,2,SA,1,8,Proj,Yes_Kink,1332,2186889
result_SELECT_10_Heisenberg2D_cylinder_0.5_0.5_5,inner,2,naive,0,6,Proj,No_MSF,213,18556
result_SELECT_10_Heisenberg2D_cylinder_0.5_0.5_5,inner,2,naive,0,6,Proj,No_Top,329,39932
result_SELECT_10_Heisenberg2D_cylinder_0.5_0.5_5,inner,2,SA,1,8,Proj,No_Kink,1278,2307369
result_SELECT_10_Heisenberg2D_cylinder_0.5_0.5_5,inner,2,naive,0,6,Single,No_MSF,327,133783
result_SELECT_10_Heisenberg2D_cylinder_0.5_0.5_5,inner,2,naive,0,4,Single,No_Kink,667,633856
result_SELECT_10_Heisenberg2D_cylinder_0.5_0.5_5,inner,2,naive,0,6,Single,No_Top,370,179954
result_SELECT_10_Heisenberg2D_cylinder_0.5_0.5_5,inner,2,naive,0,8,Double,No_MSF,290,116781
result_SELECT_10_Heisenberg2D_cylinder_0.5_0.5_5,inner,2,SA,1,10,Proj,No_Kink,2068,3654437
result_SELECT_10_Heisenberg2D_cylinder_0.5_0.5_5,inner,2,naive,0,8,Double,No_Top,442,240080
result_SELECT_10_Heisenberg2D_cylinder_0.5_0.5_5,inner,2,naive,0,4,Single,Yes_Kink,645,643201
result_SELECT_10_Heisenberg2D_cylinder_0.5_0.5_5,inner,2,naive,0,8,Proj,No_MSF,213,18556
result_SELECT_10_Heisenberg2D_cylinder_0.5_0.5_5,inner,2,naive,0,6,Double,No_Kink,567,641117
result_SELECT_10_Heisenberg2D_cylinder_0.5_0.5_5,inner,2,naive,0,6,Double,Yes_Kink,569,642292
result_SELECT_10_Heisenberg2D_cylinder_0.5_0.5_5,inner,2,naive,0,8,Proj,No_Top,423,39932
result_SELECT_10_Heisenberg2D_cylinder_0.5_0.5_5,inner,2,naive,0,2,Proj,No_Kink,577,1659528
result_SELECT_10_Heisenberg2D_cylinder_0.5_0.5_5,inner,2,naive,0,8,Single,No_MSF,327,133783
result_SELECT_10_Heisenberg2D_cylinder_0.5_0.5_5,inner,2,naive,0,6,Single,No_Kink,662,647590
result_SELECT_10_Heisenberg2D_cylinder_0.5_0.5_5,inner,2,naive,0,8,Single,No_Top,446,235861
result_SELECT_10_Heisenberg2D_cylinder_0.5_0.5_5,inner,2,naive,0,6,Single,Yes_Kink,639,662348
result_SELECT_10_Heisenberg2D_cylinder_0.5_0.5_5,inner,2,naive,0,2,Proj,Yes_Kink,588,1661980
result_SELECT_10_Heisenberg2D_cylinder_0.5_0.5_5,inner,2,random,0,0,Double,No_MSF,290,116781
result_SELECT_10_Heisenberg2D_cylinder_0.5_0.5_5,inner,2,naive,0,8,Double,No_Kink,572,660077
result_SELECT_10_Heisenberg2D_cylinder_0.5_0.5_5,inner,2,random,0,0,Double,No_Top,290,138137
result_SELECT_10_Heisenberg2D_cylinder_0.5_0.5_5,inner,2,naive,0,8,Double,Yes_Kink,573,662138
result_SELECT_10_Heisenberg2D_cylinder_0.5_0.5_5,inner,2,random,0,0,Proj,No_MSF,213,18556
result_SELECT_10_Heisenberg2D_cylinder_0.5_0.5_5,inner,2,random,0,0,Proj,No_Top,213,39932
result_SELECT_10_Heisenberg2D_cylinder_0.5_0.5_5,inner,2,random,0,0,Single,No_MSF,327,133783
result_SELECT_10_Heisenberg2D_cylinder_0.5_0.5_5,inner,2,random,0,0,Single,No_Top,327,155003
result_SELECT_10_Heisenberg2D_cylinder_0.5_0.5_5,inner,2,naive,0,8,Single,No_Kink,658,664816
result_SELECT_10_Heisenberg2D_cylinder_0.5_0.5_5,inner,2,random,0,0,Double,No_Kink,304,483670
result_SELECT_10_Heisenberg2D_cylinder_0.5_0.5_5,inner,2,naive,0,4,Proj,No_Kink,596,1692793
result_SELECT_10_Heisenberg2D_cylinder_0.5_0.5_5,inner,2,naive,0,8,Single,Yes_Kink,642,677991
result_SELECT_10_Heisenberg2D_cylinder_0.5_0.5_5,inner,2,random,0,10,Double,No_MSF,290,116781
result_SELECT_10_Heisenberg2D_cylinder_0.5_0.5_5,inner,2,random,0,10,Double,No_Top,533,297244
result_SELECT_10_Heisenberg2D_cylinder_0.5_0.5_5,inner,2,random,0,0,Double,Yes_Kink,315,483479
result_SELECT_10_Heisenberg2D_cylinder_0.5_0.5_5,inner,2,naive,0,4,Proj,Yes_Kink,609,1694268
result_SELECT_10_Heisenberg2D_cylinder_0.5_0.5_5,inner,2,random,0,10,Proj,No_MSF,213,18556
result_SELECT_10_Heisenberg2D_cylinder_0.5_0.5_5,inner,2,random,0,10,Proj,No_Top,517,39932
result_SELECT_10_Heisenberg2D_cylinder_0.5_0.5_5,inner,2,random,0,0,Single,No_Kink,358,495227
result_SELECT_10_Heisenberg2D_cylinder_0.5_0.5_5,inner,2,random,0,10,Single,No_MSF,327,133783
result_SELECT_10_Heisenberg2D_cylinder_0.5_0.5_5,inner,2,random,0,10,Single,No_Top,546,300501
result_SELECT_10_Heisenberg2D_cylinder_0.5_0.5_5,inner,2,random,0,0,Proj,No_Kink,257,756796
result_SELECT_10_Heisenberg2D_cylinder_0.5_0.5_5,inner,2,random,0,0,Single,Yes_Kink,361,506723
result_SELECT_10_Heisenberg2D_cylinder_0.5_0.5_5,inner,2,naive,0,6,Proj,No_Kink,616,1698859
result_SELECT_10_Heisenberg2D_cylinder_0.5_0.5_5,inner,2,random,0,2,Double,No_MSF,290,116781
result_SELECT_10_Heisenberg2D_cylinder_0.5_0.5_5,inner,2,random,0,10,Double,No_Kink,534,682165
result_SELECT_10_Heisenberg2D_cylinder_0.5_0.5_5,inner,2,random,0,2,Double,No_Top,291,137869
result_SELECT_10_Heisenberg2D_cylinder_0.5_0.5_5,inner,2,naive,0,6,Proj,Yes_Kink,624,1694286
result_SELECT_10_Heisenberg2D_cylinder_0.5_0.5_5,inner,2,random,0,0,Proj,Yes_Kink,261,756115
result_SELECT_10_Heisenberg2D_cylinder_0.5_0.5_5,inner,2,random,0,2,Proj,No_MSF,213,18556
result_SELECT_10_Heisenberg2D_cylinder_0.5_0.5_5,inner,2,random,0,2,Proj,No_Top,213,39932
result_SELECT_10_Heisenberg2D_cylinder_0.5_0.5_5,inner,2,random,0,10,Double,Yes_Kink,536,690067
result_SELECT_10_Heisenberg2D_cylinder_0.5_0.5_5,inner,2,random,0,2,Single,No_MSF,327,133783
result_SELECT_10_Heisenberg2D_cylinder_0.5_0.5_5,inner,2,random,0,2,Single,No_Top,327,154300
result_SELECT_10_Heisenberg2D_cylinder_0.5_0.5_5,inner,2,random,0,10,Single,No_Kink,546,674537
result_SELECT_10_Heisenberg2D_cylinder_0.5_0.5_5,inner,2,random,0,4,Double,No_MSF,290,116781
result_SELECT_10_Heisenberg2D_cylinder_0.5_0.5_5,inner,2,random,0,4,Double,No_Top,295,141302
result_SELECT_10_Heisenberg2D_cylinder_0.5_0.5_5,inner,2,random,0,2,Double,No_Kink,304,491181
result_SELECT_10_Heisenberg2D_cylinder_0.5_0.5_5,inner,2,random,0,10,Single,Yes_Kink,549,682464
result_SELECT_10_Heisenberg2D_cylinder_0.5_0.5_5,inner,2,random,0,4,Proj,No_MSF,213,18556
result_SELECT_10_Heisenberg2D_cylinder_0.5_0.5_5,inner,2,random,0,4,Proj,No_Top,235,39932
result_SELECT_10_Heisenberg2D_cylinder_0.5_0.5_5,inner,2,random,0,2,Double,Yes_Kink,317,492408
result_SELECT_10_Heisenberg2D_cylinder_0.5_0.5_5,inner,2,random,0,2,Single,No_Kink,356,505468
result_SELECT_10_Heisenberg2D_cylinder_0.5_0.5_5,inner,2,random,0,4,Single,No_MSF,327,133783
result_SELECT_10_Heisenberg2D_cylinder_0.5_0.5_5,inner,2,naive,0,8,Proj,No_Kink,756,2019765
result_SELECT_10_Heisenberg2D_cylinder_0.5_0.5_5,inner,2,random,0,2,Single,Yes_Kink,359,515001
result_SELECT_10_Heisenberg2D_cylinder_0.5_0.5_5,inner,2,random,0,4,Single,No_Top,335,158628
result_SELECT_10_Heisenberg2D_cylinder_0.5_0.5_5,inner,2,naive,0,8,Proj,Yes_Kink,774,1999699
result_SELECT_10_Heisenberg2D_cylinder_0.5_0.5_5,inner,2,random,0,6,Double,No_MSF,290,116781
result_SELECT_10_Heisenberg2D_cylinder_0.5_0.5_5,inner,2,random,0,4,Double,No_Kink,308,520575
result_SELECT_10_Heisenberg2D_cylinder_0.5_0.5_5,inner,2,random,0,6,Double,No_Top,344,173016
result_SELECT_10_Heisenberg2D_cylinder_0.5_0.5_5,inner,2,random,0,2,Proj,No_Kink,264,773641
result_SELECT_10_Heisenberg2D_cylinder_0.5_0.5_5,inner,2,random,0,6,Proj,No_MSF,213,18556
result_SELECT_10_Heisenberg2D_cylinder_0.5_0.5_5,inner,2,random,0,2,Proj,Yes_Kink,269,772856
result_SELECT_10_Heisenberg2D_cylinder_0.5_0.5_5,inner,2,random,0,6,Proj,No_Top,329,39932
result_SELECT_10_Heisenberg2D_cylinder_0.5_0.5_5,inner,2,random,0,4,Double,Yes_Kink,318,527663
result_SELECT_10_Heisenberg2D_cylinder_0.5_0.5_5,inner,2,random,0,6,Single,No_MSF,327,133783
result_SELECT_10_Heisenberg2D_cylinder_0.5_0.5_5,inner,2,random,0,4,Single,No_Kink,360,528267
result_SELECT_10_Heisenberg2D_cylinder_0.5_0.5_5,inner,2,random,0,6,Single,No_Top,370,179954
result_SELECT_10_Heisenberg2D_cylinder_0.5_0.5_5,inner,2,random,0,8,Double,No_MSF,290,116781
result_SELECT_10_Heisenberg2D_cylinder_0.5_0.5_5,inner,2,random,0,8,Double,No_Top,442,240080
result_SELECT_10_Heisenberg2D_cylinder_0.5_0.5_5,inner,2,random,0,4,Single,Yes_Kink,365,538693
result_SELECT_10_Heisenberg2D_cylinder_0.5_0.5_5,inner,2,random,0,4,Proj,No_Kink,299,837439
result_SELECT_10_Heisenberg2D_cylinder_0.5_0.5_5,inner,2,random,0,8,Proj,No_MSF,213,18556
result_SELECT_10_Heisenberg2D_cylinder_0.5_0.5_5,inner,2,random,0,6,Double,No_Kink,348,574753
result_SELECT_10_Heisenberg2D_cylinder_0.5_0.5_5,inner,2,random,0,8,Proj,No_Top,423,39932
result_SELECT_10_Heisenberg2D_cylinder_0.5_0.5_5,inner,2,random,0,4,Proj,Yes_Kink,307,835330
result_SELECT_10_Heisenberg2D_cylinder_0.5_0.5_5,inner,2,random,0,6,Double,Yes_Kink,358,582561
result_SELECT_10_Heisenberg2D_cylinder_0.5_0.5_5,inner,2,random,0,8,Single,No_MSF,327,133783
result_SELECT_10_Heisenberg2D_cylinder_0.5_0.5_5,inner,2,random,0,8,Single,No_Top,446,235861
result_SELECT_10_Heisenberg2D_cylinder_0.5_0.5_5,inner,2,random,0,6,Single,No_Kink,386,566846
result_SELECT_10_Heisenberg2D_cylinder_0.5_0.5_5,outer,1,SA,0.001,0,Double,No_MSF,290,116781
result_SELECT_10_Heisenberg2D_cylinder_0.5_0.5_5,inner,2,random,0,6,Single,Yes_Kink,391,574170
result_SELECT_10_Heisenberg2D_cylinder_0.5_0.5_5,outer,1,SA,0.001,0,Double,No_Top,290,138137
result_SELECT_10_Heisenberg2D_cylinder_0.5_0.5_5,inner,2,random,0,8,Double,No_Kink,444,626771
result_SELECT_10_Heisenberg2D_cylinder_0.5_0.5_5,outer,1,SA,0.001,0,Proj,No_MSF,213,18556
result_SELECT_10_Heisenberg2D_cylinder_0.5_0.5_5,outer,1,SA,0.001,0,Proj,No_Top,213,39932
result_SELECT_10_Heisenberg2D_cylinder_0.5_0.5_5,inner,2,naive,0,10,Proj,Yes_Kink,2167,4934175
result_SELECT_10_Heisenberg2D_cylinder_0.5_0.5_5,inner,2,random,0,8,Double,Yes_Kink,445,634926
result_SELECT_10_Heisenberg2D_cylinder_0.5_0.5_5,outer,1,SA,0.001,0,Double,No_Kink,299,311315
result_SELECT_10_Heisenberg2D_cylinder_0.5_0.5_5,outer,1,SA,0.001,0,Single,No_MSF,327,133783
result_SELECT_10_Heisenberg2D_cylinder_0.5_0.5_5,outer,1,SA,0.001,0,Single,No_Top,327,155003
result_SELECT_10_Heisenberg2D_cylinder_0.5_0.5_5,outer,1,SA,0.001,0,Double,Yes_Kink,305,315338
result_SELECT_10_Heisenberg2D_cylinder_0.5_0.5_5,outer,1,SA,0.001,10,Double,No_MSF,290,116781
result_SELECT_10_Heisenberg2D_cylinder_0.5_0.5_5,inner,2,random,0,8,Single,No_Kink,456,619118
result_SELECT_10_Heisenberg2D_cylinder_0.5_0.5_5,outer,1,SA,0.001,10,Double,No_Top,533,297244
result_SELECT_10_Heisenberg2D_cylinder_0.5_0.5_5,inner,2,naive,0,10,Proj,No_Kink,2144,5104621
result_SELECT_10_Heisenberg2D_cylinder_0.5_0.5_5,inner,2,random,0,8,Single,Yes_Kink,455,621047
result_SELECT_10_Heisenberg2D_cylinder_0.5_0.5_5,outer,1,SA,0.001,0,Single,No_Kink,347,326927
result_SELECT_10_Heisenberg2D_cylinder_0.5_0.5_5,outer,1,SA,0.001,10,Proj,No_MSF,213,18556
result_SELECT_10_Heisenberg2D_cylinder_0.5_0.5_5,outer,1,SA,0.001,10,Proj,No_Top,517,39932
result_SELECT_10_Heisenberg2D_cylinder_0.5_0.5_5,inner,2,random,0,6,Proj,No_Kink,491,1248848
result_SELECT_10_Heisenberg2D_cylinder_0.5_0.5_5,outer,1,SA,0.001,10,Single,No_MSF,327,133783
result_SELECT_10_Heisenberg2D_cylinder_0.5_0.5_5,outer,1,SA,0.001,10,Single,No_Top,546,300501
result_SELECT_10_Heisenberg2D_cylinder_0.5_0.5_5,inner,2,random,0,6,Proj,Yes_Kink,488,1205625
result_SELECT_10_Heisenberg2D_cylinder_0.5_0.5_5,outer,1,SA,0.001,2,Double,No_MSF,290,116781
result_SELECT_10_Heisenberg2D_cylinder_0.5_0.5_5,outer,1,SA,0.001,2,Double,No_Top,291,137869
result_SELECT_10_Heisenberg2D_cylinder_0.5_0.5_5,outer,1,SA,0.001,10,Double,No_Kink,531,580389
result_SELECT_10_Heisenberg2D_cylinder_0.5_0.5_5,outer,1,SA,0.001,2,Proj,No_MSF,213,18556
result_SELECT_10_Heisenberg2D_cylinder_0.5_0.5_5,outer,1,SA,0.001,2,Proj,No_Top,213,39932
result_SELECT_10_Heisenberg2D_cylinder_0.5_0.5_5,outer,1,SA,0.001,10,Double,Yes_Kink,533,581958
result_SELECT_10_Heisenberg2D_cylinder_0.5_0.5_5,outer,1,SA,0.001,2,Double,No_Kink,297,333907
result_SELECT_10_Heisenberg2D_cylinder_0.5_0.5_5,outer,1,SA,0.001,2,Single,No_MSF,327,133783
result_SELECT_10_Heisenberg2D_cylinder_0.5_0.5_5,outer,1,SA,0.001,0,Proj,No_Kink,265,720259
result_SELECT_10_Heisenberg2D_cylinder_0.5_0.5_5,outer,1,SA,0.001,2,Single,No_Top,327,154300
result_SELECT_10_Heisenberg2D_cylinder_0.5_0.5_5,outer,1,SA,0.001,10,Single,No_Kink,542,545075
result_SELECT_10_Heisenberg2D_cylinder_0.5_0.5_5,outer,1,SA,0.001,2,Double,Yes_Kink,304,343189
result_SELECT_10_Heisenberg2D_cylinder_0.5_0.5_5,outer,1,SA,0.001,4,Double,No_MSF,290,116781
result_SELECT_10_Heisenberg2D_cylinder_0.5_0.5_5,outer,1,SA,0.001,0,Proj,Yes_Kink,273,723627
result_SELECT_10_Heisenberg2D_cylinder_0.5_0.5_5,outer,1,SA,0.001,4,Double,No_Top,295,141302
result_SELECT_10_Heisenberg2D_cylinder_0.5_0.5_5,outer,1,SA,0.001,4,Proj,No_MSF,213,18556
result_SELECT_10_Heisenberg2D_cylinder_0.5_0.5_5,outer,1,SA,0.001,4,Proj,No_Top,235,39932
result_SELECT_10_Heisenberg2D_cylinder_0.5_0.5_5,outer,1,SA,0.001,2,Single,No_Kink,352,339648
result_SELECT_10_Heisenberg2D_cylinder_0.5_0.5_5,outer,1,SA,0.001,4,Single,No_MSF,327,133783
result_SELECT_10_Heisenberg2D_cylinder_0.5_0.5_5,outer,1,SA,0.001,4,Single,No_Top,335,158628
result_SELECT_10_Heisenberg2D_cylinder_0.5_0.5_5,outer,1,SA,0.001,6,Double,No_MSF,290,116781
result_SELECT_10_Heisenberg2D_cylinder_0.5_0.5_5,outer,1,SA,0.001,6,Double,No_Top,344,173016
result_SELECT_10_Heisenberg2D_cylinder_0.5_0.5_5,outer,1,SA,0.001,4,Double,No_Kink,300,381808
result_SELECT_10_Heisenberg2D_cylinder_0.5_0.5_5,inner,2,random,0,10,Proj,Yes_Kink,1370,3216199
result_SELECT_10_Heisenberg2D_cylinder_0.5_0.5_5,outer,1,SA,0.001,4,Double,Yes_Kink,309,393477
result_SELECT_10_Heisenberg2D_cylinder_0.5_0.5_5,outer,1,SA,0.001,6,Proj,No_MSF,213,18556
result_SELECT_10_Heisenberg2D_cylinder_0.5_0.5_5,inner,2,random,0,10,Proj,No_Kink,1361,3244045
result_SELECT_10_Heisenberg2D_cylinder_0.5_0.5_5,outer,1,SA,0.001,4,Single,No_Kink,358,372515
result_SELECT_10_Heisenberg2D_cylinder_0.5_0.5_5,outer,1,SA,0.001,2,Proj,No_Kink,268,719559
result_SELECT_10_Heisenberg2D_cylinder_0.5_0.5_5,outer,1,SA,0.001,6,Proj,No_Top,329,39932
result_SELECT_10_Heisenberg2D_cylinder_0.5_0.5_5,outer,1,SA,0.001,6,Single,No_MSF,327,133783
result_SELECT_10_Heisenberg2D_cylinder_0.5_0.5_5,outer,1,SA,0.001,6,Single,No_Top,370,179954
result_SELECT_10_Heisenberg2D_cylinder_0.5_0.5_5,outer,1,SA,0.001,8,Double,No_MSF,290,116781
result_SELECT_10_Heisenberg2D_cylinder_0.5_0.5_5,outer,1,SA,0.001,8,Double,No_Top,442,240080
result_SELECT_10_Heisenberg2D_cylinder_0.5_0.5_5,outer,1,SA,0.001,6,Double,No_Kink,343,443909
result_SELECT_10_Heisenberg2D_cylinder_0.5_0.5_5,outer,1,SA,0.001,2,Proj,Yes_Kink,273,717065
result_SELECT_10_Heisenberg2D_cylinder_0.5_0.5_5,outer,1,SA,0.001,8,Proj,No_MSF,213,18556
result_SELECT_10_Heisenberg2D_cylinder_0.5_0.5_5,outer,1,SA,0.001,8,Proj,No_Top,423,39932
result_SELECT_10_Heisenberg2D_cylinder_0.5_0.5_5,outer,1,SA,0.001,6,Double,Yes_Kink,345,445237
result_SELECT_10_Heisenberg2D_cylinder_0.5_0.5_5,outer,1,SA,0.001,10,Proj,No_Kink,528,1245129
result_SELECT_10_Heisenberg2D_cylinder_0.5_0.5_5,outer,1,SA,0.001,8,Single,No_MSF,327,133783
result_SELECT_10_Heisenberg2D_cylinder_0.5_0.5_5,outer,1,SA,0.001,6,Single,No_Kink,391,415920
result_SELECT_10_Heisenberg2D_cylinder_0.5_0.5_5,inner,2,random,0,8,Proj,No_Kink,842,2064387
result_SELECT_10_Heisenberg2D_cylinder_0.5_0.5_5,outer,1,SA,0.001,4,Proj,No_Kink,277,735268
result_SELECT_10_Heisenberg2D_cylinder_0.5_0.5_5,outer,1,SA,0.001,8,Single,No_Top,446,235861
result_SELECT_10_Heisenberg2D_cylinder_0.5_0.5_5,outer,1,SA,0.001,10,Proj,Yes_Kink,528,1216746
result_SELECT_10_Heisenberg2D_cylinder_0.5_0.5_5,outer,1,SA,0.01,0,Double,No_MSF,290,116781
result_SELECT_10_Heisenberg2D_cylinder_0.5_0.5_5,outer,1,SA,0.01,0,Double,No_Top,290,138137
result_SELECT_10_Heisenberg2D_cylinder_0.5_0.5_5,outer,1,SA,0.001,4,Proj,Yes_Kink,281,733859
result_SELECT_10_Heisenberg2D_cylinder_0.5_0.5_5,inner,2,random,0,8,Proj,Yes_Kink,851,2035978
result_SELECT_10_Heisenberg2D_cylinder_0.5_0.5_5,outer,1,SA,0.01,0,Proj,No_MSF,213,18556
result_SELECT_10_Heisenberg2D_cylinder_0.5_0.5_5,outer,1,SA,0.001,8,Double,No_Kink,438,519313
result_SELECT_10_Heisenberg2D_cylinder_0.5_0.5_5,outer,1,SA,0.01,0,Proj,No_Top,213,39932
result_SELECT_10_Heisenberg2D_cylinder_0.5_0.5_5,outer,1,SA,0.01,0,Single,No_MSF,327,133783
result_SELECT_10_Heisenberg2D_cylinder_0.5_0.5_5,outer,1,SA,0.01,0,Single,No_Top,327,155003
result_SELECT_10_Heisenberg2D_cylinder_0.5_0.5_5,outer,1,SA,0.01,10,Double,No_MSF,290,116781
result_SELECT_10_Heisenberg2D_cylinder_0.5_0.5_5,outer,1,SA,0.001,8,Double,Yes_Kink,442,517921
result_SELECT_10_Heisenberg2D_cylinder_0.5_0.5_5,outer,1,SA,0.01,0,Double,No_Kink,301,302989
result_SELECT_10_Heisenberg2D_cylinder_0.5_0.5_5,outer,1,SA,0.01,10,Double,No_Top,533,297244
result_SELECT_10_Heisenberg2D_cylinder_0.5_0.5_5,outer,1,SA,0.001,8,Single,No_Kink,451,470886
result_SELECT_10_Heisenberg2D_cylinder_0.5_0.5_5,outer,1,SA,0.01,0,Double,Yes_Kink,309,304549
result_SELECT_10_Heisenberg2D_cylinder_0.5_0.5_5,outer,1,SA,0.01,10,Proj,No_MSF,213,18556
result_SELECT_10_Heisenberg2D_cylinder_0.5_0.5_5,outer,1,SA,0.01,10,Proj,No_Top,517,39932
result_SELECT_10_Heisenberg2D_cylinder_0.5_0.5_5,outer,1,SA,0.01,10,Single,No_MSF,327,133783
result_SELECT_10_Heisenberg2D_cylinder_0.5_0.5_5,outer,1,SA,0.01,10,Single,No_Top,546,300501
result_SELECT_10_Heisenberg2D_cylinder_0.5_0.5_5,outer,1,SA,0.01,0,Single,No_Kink,350,316392
result_SELECT_10_Heisenberg2D_cylinder_0.5_0.5_5,outer,1,SA,0.01,2,Double,No_MSF,290,116781
result_SELECT_10_Heisenberg2D_cylinder_0.5_0.5_5,outer,1,SA,0.001,6,Proj,No_Kink,336,854735
result_SELECT_10_Heisenberg2D_cylinder_0.5_0.5_5,outer,1,SA,0.01,2,Double,No_Top,291,137869
result_SELECT_10_Heisenberg2D_cylinder_0.5_0.5_5,outer,1,SA,0.01,2,Proj,No_MSF,213,18556
result_SELECT_10_Heisenberg2D_cylinder_0.5_0.5_5,outer,1,SA,0.001,6,Proj,Yes_Kink,336,848628
result_SELECT_10_Heisenberg2D_cylinder_0.5_0.5_5,outer,1,SA,0.01,10,Double,No_Kink,533,578599
result_SELECT_10_Heisenberg2D_cylinder_0.5_0.5_5,outer,1,SA,0.01,2,Proj,No_Top,213,39932
result_SELECT_10_Heisenberg2D_cylinder_0.5_0.5_5,outer,1,SA,0.01,2,Single,No_MSF,327,133783
result_SELECT_10_Heisenberg2D_cylinder_0.5_0.5_5,outer,1,SA,0.01,2,Double,No_Kink,302,314921
result_SELECT_10_Heisenberg2D_cylinder_0.5_0.5_5,outer,1,SA,0.01,2,Single,No_Top,327,154300
result_SELECT_10_Heisenberg2D_cylinder_0.5_0.5_5,outer,1,SA,0.01,10,Single,No_Kink,544,534512
result_SELECT_10_Heisenberg2D_cylinder_0.5_0.5_5,outer,1,SA,0.01,4,Double,No_MSF,290,116781
result_SELECT_10_Heisenberg2D_cylinder_0.5_0.5_5,outer,1,SA,0.01,10,Double,Yes_Kink,531,573752
result_SELECT_10_Heisenberg2D_cylinder_0.5_0.5_5,outer,1,SA,0.01,2,Double,Yes_Kink,310,323686
result_SELECT_10_Heisenberg2D_cylinder_0.5_0.5_5,outer,1,SA,0.01,4,Double,No_Top,295,141302
result_SELECT_10_Heisenberg2D_cylinder_0.5_0.5_5,outer,1,SA,0.01,4,Proj,No_MSF,213,18556
result_SELECT_10_Heisenberg2D_cylinder_0.5_0.5_5,outer,1,SA,0.01,0,Proj,No_Kink,262,715816
result_SELECT_10_Heisenberg2D_cylinder_0.5_0.5_5,outer,1,SA,0.01,4,Proj,No_Top,235,39932
result_SELECT_10_Heisenberg2D_cylinder_0.5_0.5_5,outer,1,SA,0.01,2,Single,No_Kink,354,326791
result_SELECT_10_Heisenberg2D_cylinder_0.5_0.5_5,outer,1,SA,0.01,4,Single,No_MSF,327,133783
result_SELECT_10_Heisenberg2D_cylinder_0.5_0.5_5,outer,1,SA,0.01,0,Proj,Yes_Kink,269,719203
result_SELECT_10_Heisenberg2D_cylinder_0.5_0.5_5,outer,1,SA,0.001,8,Proj,No_Kink,432,1050267
result_SELECT_10_Heisenberg2D_cylinder_0.5_0.5_5,outer,1,SA,0.001,8,Proj,Yes_Kink,432,1038808
result_SELECT_10_Heisenberg2D_cylinder_0.5_0.5_5,outer,1,SA,0.01,4,Single,No_Top,335,158628
result_SELECT_10_Heisenberg2D_cylinder_0.5_0.5_5,outer,1,SA,0.01,6,Double,No_MSF,290,116781
result_SELECT_10_Heisenberg2D_cylinder_0.5_0.5_5,outer,1,SA,0.01,6,Double,No_Top,344,173016
result_SELECT_10_Heisenberg2D_cylinder_0.5_0.5_5,outer,1,SA,0.01,6,Proj,No_MSF,213,18556
result_SELECT_10_Heisenberg2D_cylinder_0.5_0.5_5,outer,1,SA,0.01,4,Double,No_Kink,306,355524
result_SELECT_10_Heisenberg2D_cylinder_0.5_0.5_5,outer,1,SA,0.01,6,Proj,No_Top,329,39932
result_SELECT_10_Heisenberg2D_cylinder_0.5_0.5_5,outer,1,SA,0.01,6,Single,No_MSF,327,133783
result_SELECT_10_Heisenberg2D_cylinder_0.5_0.5_5,outer,1,SA,0.01,4,Double,Yes_Kink,313,368747
result_SELECT_10_Heisenberg2D_cylinder_0.5_0.5_5,outer,1,SA,0.01,4,Single,No_Kink,358,357719
result_SELECT_10_Heisenberg2D_cylinder_0.5_0.5_5,outer,1,SA,0.01,6,Single,No_Top,370,179954
result_SELECT_10_Heisenberg2D_cylinder_0.5_0.5_5,outer,1,SA,0.01,8,Double,No_MSF,290,116781
result_SELECT_10_Heisenberg2D_cylinder_0.5_0.5_5,outer,1,SA,0.01,8,Double,No_Top,442,240080
result_SELECT_10_Heisenberg2D_cylinder_0.5_0.5_5,outer,1,SA,0.01,2,Proj,No_Kink,261,710727
result_SELECT_10_Heisenberg2D_cylinder_0.5_0.5_5,outer,1,SA,0.01,8,Proj,No_MSF,213,18556
result_SELECT_10_Heisenberg2D_cylinder_0.5_0.5_5,outer,1,SA,0.01,2,Proj,Yes_Kink,269,713182
result_SELECT_10_Heisenberg2D_cylinder_0.5_0.5_5,outer,1,SA,0.01,8,Proj,No_Top,423,39932
result_SELECT_10_Heisenberg2D_cylinder_0.5_0.5_5,outer,1,SA,0.01,6,Double,No_Kink,341,438131
result_SELECT_10_Heisenberg2D_cylinder_0.5_0.5_5,outer,1,SA,0.01,6,Single,No_Kink,380,405031
result_SELECT_10_Heisenberg2D_cylinder_0.5_0.5_5,outer,1,SA,0.01,6,Double,Yes_Kink,346,431086
result_SELECT_10_Heisenberg2D_cylinder_0.5_0.5_5,outer,1,SA,0.01,8,Single,No_MSF,327,133783
result_SELECT_10_Heisenberg2D_cylinder_0.5_0.5_5,outer,1,SA,0.1,0,Double,No_MSF,290,116781
result_SELECT_10_Heisenberg2D_cylinder_0.5_0.5_5,outer,1,SA,0.01,8,Single,No_Top,446,235861
result_SELECT_10_Heisenberg2D_cylinder_0.5_0.5_5,outer,1,SA,0.1,0,Double,No_Top,290,138137
result_SELECT_10_Heisenberg2D_cylinder_0.5_0.5_5,outer,1,SA,0.1,0,Proj,No_MSF,213,18556
result_SELECT_10_Heisenberg2D_cylinder_0.5_0.5_5,outer,1,SA,0.01,8,Double,No_Kink,437,505117
result_SELECT_10_Heisenberg2D_cylinder_0.5_0.5_5,outer,1,SA,0.1,0,Proj,No_Top,213,39932
result_SELECT_10_Heisenberg2D_cylinder_0.5_0.5_5,outer,1,SA,0.01,10,Proj,No_Kink,528,1240934
result_SELECT_10_Heisenberg2D_cylinder_0.5_0.5_5,outer,1,SA,0.01,8,Double,Yes_Kink,443,507696
result_SELECT_10_Heisenberg2D_cylinder_0.5_0.5_5,outer,1,SA,0.01,10,Proj,Yes_Kink,529,1209801
result_SELECT_10_Heisenberg2D_cylinder_0.5_0.5_5,outer,1,SA,0.01,4,Proj,Yes_Kink,282,732560
result_SELECT_10_Heisenberg2D_cylinder_0.5_0.5_5,outer,1,SA,0.1,0,Single,No_MSF,327,133783
result_SELECT_10_Heisenberg2D_cylinder_0.5_0.5_5,outer,1,SA,0.01,4,Proj,No_Kink,271,726865
result_SELECT_10_Heisenberg2D_cylinder_0.5_0.5_5,outer,1,SA,0.1,0,Single,No_Top,327,155003
result_SELECT_10_Heisenberg2D_cylinder_0.5_0.5_5,outer,1,SA,0.1,10,Double,No_MSF,290,116781
result_SELECT_10_Heisenberg2D_cylinder_0.5_0.5_5,outer,1,SA,0.1,10,Double,No_Top,533,297244
result_SELECT_10_Heisenberg2D_cylinder_0.5_0.5_5,outer,1,SA,0.01,8,Single,No_Kink,452,465995
result_SELECT_10_Heisenberg2D_cylinder_0.5_0.5_5,outer,1,SA,0.1,0,Double,Yes_Kink,309,304887
result_SELECT_10_Heisenberg2D_cylinder_0.5_0.5_5,outer,1,SA,0.1,10,Proj,No_MSF,213,18556
result_SELECT_10_Heisenberg2D_cylinder_0.5_0.5_5,outer,1,SA,0.1,0,Double,No_Kink,308,304019
result_SELECT_10_Heisenberg2D_cylinder_0.5_0.5_5,outer,1,SA,0.1,10,Proj,No_Top,517,39932
result_SELECT_10_Heisenberg2D_cylinder_0.5_0.5_5,outer,1,SA,0.1,10,Single,No_MSF,327,133783
result_SELECT_10_Heisenberg2D_cylinder_0.5_0.5_5,outer,1,SA,0.1,10,Single,No_Top,546,300501
result_SELECT_10_Heisenberg2D_cylinder_0.5_0.5_5,outer,1,SA,0.1,0,Single,No_Kink,347,315403
result_SELECT_10_Heisenberg2D_cylinder_0.5_0.5_5,outer,1,SA,0.1,2,Double,No_MSF,290,116781
result_SELECT_10_Heisenberg2D_cylinder_0.5_0.5_5,outer,1,SA,0.01,6,Proj,No_Kink,336,853704
result_SELECT_10_Heisenberg2D_cylinder_0.5_0.5_5,outer,1,SA,0.1,2,Double,No_Top,291,137869
result_SELECT_10_Heisenberg2D_cylinder_0.5_0.5_5,outer,1,SA,0.1,2,Proj,No_MSF,213,18556
result_SELECT_10_Heisenberg2D_cylinder_0.5_0.5_5,outer,1,SA,0.1,2,Proj,No_Top,213,39932
result_SELECT_10_Heisenberg2D_cylinder_0.5_0.5_5,outer,1,SA,0.1,10,Double,No_Kink,533,554817
result_SELECT_10_Heisenberg2D_cylinder_0.5_0.5_5,outer,1,SA,0.01,6,Proj,Yes_Kink,336,847948
result_SELECT_10_Heisenberg2D_cylinder_0.5_0.5_5,outer,1,SA,0.1,10,Double,Yes_Kink,532,560509
result_SELECT_10_Heisenberg2D_cylinder_0.5_0.5_5,outer,1,SA,0.1,2,Single,No_MSF,327,133783
result_SELECT_10_Heisenberg2D_cylinder_0.5_0.5_5,outer,1,SA,0.1,2,Single,No_Top,327,154300
result_SELECT_10_Heisenberg2D_cylinder_0.5_0.5_5,outer,1,SA,0.1,2,Double,No_Kink,303,316023
result_SELECT_10_Heisenberg2D_cylinder_0.5_0.5_5,outer,1,SA,0.1,10,Single,No_Kink,545,538454
result_SELECT_10_Heisenberg2D_cylinder_0.5_0.5_5,outer,1,SA,0.1,2,Double,Yes_Kink,306,326360
result_SELECT_10_Heisenberg2D_cylinder_0.5_0.5_5,outer,1,SA,0.1,4,Double,No_MSF,290,116781
result_SELECT_10_Heisenberg2D_cylinder_0.5_0.5_5,outer,1,SA,0.1,4,Double,No_Top,295,141302
result_SELECT_10_Heisenberg2D_cylinder_0.5_0.5_5,outer,1,SA,0.1,4,Proj,No_MSF,213,18556
result_SELECT_10_Heisenberg2D_cylinder_0.5_0.5_5,outer,1,SA,0.1,0,Proj,No_Kink,258,708812
result_SELECT_10_Heisenberg2D_cylinder_0.5_0.5_5,outer,1,SA,0.1,2,Single,No_Kink,346,329745
result_SELECT_10_Heisenberg2D_cylinder_0.5_0.5_5,outer,1,SA,0.1,4,Proj,No_Top,235,39932
result_SELECT_10_Heisenberg2D_cylinder_0.5_0.5_5,outer,1,SA,0.1,4,Single,No_MSF,327,133783
result_SELECT_10_Heisenberg2D_cylinder_0.5_0.5_5,outer,1,SA,0.1,0,Proj,Yes_Kink,265,715722
result_SELECT_10_Heisenberg2D_cylinder_0.5_0.5_5,outer,1,SA,0.1,6,Double,No_MSF,290,116781
result_SELECT_10_Heisenberg2D_cylinder_0.5_0.5_5,outer,1,SA,0.1,4,Single,No_Top,335,158628
result_SELECT_10_Heisenberg2D_cylinder_0.5_0.5_5,outer,1,SA,0.01,8,Proj,No_Kink,432,1045590
result_SELECT_10_Heisenberg2D_cylinder_0.5_0.5_5,outer,1,SA,0.01,8,Proj,Yes_Kink,432,1032511
result_SELECT_10_Heisenberg2D_cylinder_0.5_0.5_5,outer,1,SA,0.1,6,Double,No_Top,344,173016
result_SELECT_10_Heisenberg2D_cylinder_0.5_0.5_5,outer,1,SA,0.1,6,Proj,No_MSF,213,18556
result_SELECT_10_Heisenberg2D_cylinder_0.5_0.5_5,outer,1,SA,0.1,4,Double,No_Kink,303,362197
result_SELECT_10_Heisenberg2D_cylinder_0.5_0.5_5,outer,1,SA,0.1,6,Proj,No_Top,329,39932
result_SELECT_10_Heisenberg2D_cylinder_0.5_0.5_5,outer,1,SA,0.1,6,Single,No_MSF,327,133783
result_SELECT_10_Heisenberg2D_cylinder_0.5_0.5_5,outer,1,SA,0.1,4,Single,No_Kink,353,360504
result_SELECT_10_Heisenberg2D_cylinder_0.5_0.5_5,outer,1,SA,0.1,4,Double,Yes_Kink,308,373947
result_SELECT_10_Heisenberg2D_cylinder_0.5_0.5_5,outer,1,SA,0.1,6,Single,No_Top,370,179954
result_SELECT_10_Heisenberg2D_cylinder_0.5_0.5_5,outer,1,SA,0.1,8,Double,No_MSF,290,116781
result_SELECT_10_Heisenberg2D_cylinder_0.5_0.5_5,outer,1,SA,0.1,8,Double,No_Top,442,240080
result_SELECT_10_Heisenberg2D_cylinder_0.5_0.5_5,outer,1,SA,0.1,2,Proj,No_Kink,261,708741
result_SELECT_10_Heisenberg2D_cylinder_0.5_0.5_5,outer,1,SA,0.1,6,Double,No_Kink,342,419109
result_SELECT_10_Heisenberg2D_cylinder_0.5_0.5_5,outer,1,SA,0.1,8,Proj,No_MSF,213,18556
result_SELECT_10_Heisenberg2D_cylinder_0.5_0.5_5,outer,1,SA,0.1,8,Proj,No_Top,423,39932
result_SELECT_10_Heisenberg2D_cylinder_0.5_0.5_5,outer,1,SA,0.1,2,Proj,Yes_Kink,268,715983
result_SELECT_10_Heisenberg2D_cylinder_0.5_0.5_5,outer,1,SA,0.1,6,Double,Yes_Kink,346,425918
result_SELECT_10_Heisenberg2D_cylinder_0.5_0.5_5,outer,1,SA,0.1,8,Single,No_MSF,327,133783
result_SELECT_10_Heisenberg2D_cylinder_0.5_0.5_5,outer,1,SA,0.1,6,Single,No_Kink,375,405319
result_SELECT_10_Heisenberg2D_cylinder_0.5_0.5_5,outer,1,SA,0.1,8,Single,No_Top,446,235861
result_SELECT_10_Heisenberg2D_cylinder_0.5_0.5_5,outer,1,SA,1,0,Double,No_MSF,290,116781
result_SELECT_10_Heisenberg2D_cylinder_0.5_0.5_5,outer,1,SA,1,0,Double,No_Top,290,138137
result_SELECT_10_Heisenberg2D_cylinder_0.5_0.5_5,outer,1,SA,1,0,Proj,No_MSF,213,18556
result_SELECT_10_Heisenberg2D_cylinder_0.5_0.5_5,outer,1,SA,0.1,8,Double,No_Kink,440,499287
result_SELECT_10_Heisenberg2D_cylinder_0.5_0.5_5,outer,1,SA,1,0,Proj,No_Top,213,39932
result_SELECT_10_Heisenberg2D_cylinder_0.5_0.5_5,outer,1,SA,0.1,8,Double,Yes_Kink,441,490845
result_SELECT_10_Heisenberg2D_cylinder_0.5_0.5_5,outer,1,SA,0.1,10,Proj,Yes_Kink,530,1202536
result_SELECT_10_Heisenberg2D_cylinder_0.5_0.5_5,outer,1,SA,0.1,4,Proj,Yes_Kink,274,724268
result_SELECT_10_Heisenberg2D_cylinder_0.5_0.5_5,outer,1,SA,0.1,4,Proj,No_Kink,271,726745
result_SELECT_10_Heisenberg2D_cylinder_0.5_0.5_5,outer,1,SA,0.1,10,Proj,No_Kink,528,1235423
result_SELECT_10_Heisenberg2D_cylinder_0.5_0.5_5,outer,1,SA,1,0,Double,No_Kink,306,283677
result_SELECT_10_Heisenberg2D_cylinder_0.5_0.5_5,outer,1,SA,1,0,Single,No_MSF,327,133783
result_SELECT_10_Heisenberg2D_cylinder_0.5_0.5_5,outer,1,SA,1,0,Single,No_Top,327,155003
result_SELECT_10_Heisenberg2D_cylinder_0.5_0.5_5,outer,1,SA,1,10,Double,No_MSF,290,116781
result_SELECT_10_Heisenberg2D_cylinder_0.5_0.5_5,outer,1,SA,1,10,Double,No_Top,533,297244
result_SELECT_10_Heisenberg2D_cylinder_0.5_0.5_5,outer,1,SA,0.1,8,Single,No_Kink,451,467879
result_SELECT_10_Heisenberg2D_cylinder_0.5_0.5_5,outer,1,SA,1,0,Double,Yes_Kink,314,287139
result_SELECT_10_Heisenberg2D_cylinder_0.5_0.5_5,outer,1,SA,1,10,Proj,No_MSF,213,18556
result_SELECT_10_Heisenberg2D_cylinder_0.5_0.5_5,outer,1,SA,1,10,Proj,No_Top,517,39932
result_SELECT_10_Heisenberg2D_cylinder_0.5_0.5_5,outer,1,SA,1,10,Single,No_MSF,327,133783
result_SELECT_10_Heisenberg2D_cylinder_0.5_0.5_5,outer,1,SA,1,10,Single,No_Top,546,300501
result_SELECT_10_Heisenberg2D_cylinder_0.5_0.5_5,outer,1,SA,1,0,Single,No_Kink,350,296499
result_SELECT_10_Heisenberg2D_cylinder_0.5_0.5_5,outer,1,SA,1,2,Double,No_MSF,290,116781
result_SELECT_10_Heisenberg2D_cylinder_0.5_0.5_5,outer,1,SA,1,2,Double,No_Top,291,137869
result_SELECT_10_Heisenberg2D_cylinder_0.5_0.5_5,outer,1,SA,0.1,6,Proj,No_Kink,336,852650
result_SELECT_10_Heisenberg2D_cylinder_0.5_0.5_5,outer,1,SA,0.1,6,Proj,Yes_Kink,336,847220
result_SELECT_10_Heisenberg2D_cylinder_0.5_0.5_5,outer,1,SA,1,2,Proj,No_MSF,213,18556
result_SELECT_10_Heisenberg2D_cylinder_0.5_0.5_5,outer,1,SA,1,2,Proj,No_Top,213,39932
result_SELECT_10_Heisenberg2D_cylinder_0.5_0.5_5,outer,1,SA,1,2,Single,No_MSF,327,133783
result_SELECT_10_Heisenberg2D_cylinder_0.5_0.5_5,outer,1,SA,1,2,Double,No_Kink,307,295919
result_SELECT_10_Heisenberg2D_cylinder_0.5_0.5_5,outer,1,SA,1,10,Double,No_Kink,531,565233
result_SELECT_10_Heisenberg2D_cylinder_0.5_0.5_5,outer,1,SA,1,2,Single,No_Top,327,154300
result_SELECT_10_Heisenberg2D_cylinder_0.5_0.5_5,outer,1,SA,1,2,Double,Yes_Kink,316,301157
result_SELECT_10_Heisenberg2D_cylinder_0.5_0.5_5,outer,1,SA,1,4,Double,No_Top,295,141302
result_SELECT_10_Heisenberg2D_cylinder_0.5_0.5_5,outer,1,SA,1,4,Double,No_MSF,290,116781
result_SELECT_10_Heisenberg2D_cylinder_0.5_0.5_5,outer,1,SA,1,10,Double,Yes_Kink,533,564719
result_SELECT_10_Heisenberg2D_cylinder_0.5_0.5_5,outer,1,SA,1,2,Single,No_Kink,359,306052
result_SELECT_10_Heisenberg2D_cylinder_0.5_0.5_5,outer,1,SA,1,0,Proj,No_Kink,260,714141
result_SELECT_10_Heisenberg2D_cylinder_0.5_0.5_5,outer,1,SA,1,4,Proj,No_MSF,213,18556
result_SELECT_10_Heisenberg2D_cylinder_0.5_0.5_5,outer,1,SA,1,10,Single,No_Kink,548,528981
result_SELECT_10_Heisenberg2D_cylinder_0.5_0.5_5,outer,1,SA,1,4,Proj,No_Top,235,39932
result_SELECT_10_Heisenberg2D_cylinder_0.5_0.5_5,outer,1,SA,1,4,Single,No_MSF,327,133783
result_SELECT_10_Heisenberg2D_cylinder_0.5_0.5_5,outer,1,SA,1,4,Single,No_Top,335,158628
result_SELECT_10_Heisenberg2D_cylinder_0.5_0.5_5,outer,1,SA,1,6,Double,No_MSF,290,116781
result_SELECT_10_Heisenberg2D_cylinder_0.5_0.5_5,outer,1,SA,0.1,8,Proj,Yes_Kink,432,1024360
result_SELECT_10_Heisenberg2D_cylinder_0.5_0.5_5,outer,1,SA,1,0,Proj,Yes_Kink,268,717878
result_SELECT_10_Heisenberg2D_cylinder_0.5_0.5_5,outer,1,SA,1,4,Double,No_Kink,313,329602
result_SELECT_10_Heisenberg2D_cylinder_0.5_0.5_5,outer,1,SA,1,6,Double,No_Top,344,173016
result_SELECT_10_Heisenberg2D_cylinder_0.5_0.5_5,outer,1,SA,0.1,8,Proj,No_Kink,432,1043088
result_SELECT_10_Heisenberg2D_cylinder_0.5_0.5_5,outer,1,SA,1,6,Proj,No_MSF,213,18556
result_SELECT_10_Heisenberg2D_cylinder_0.5_0.5_5,outer,1,SA,1,6,Proj,No_Top,329,39932
result_SELECT_10_Heisenberg2D_cylinder_0.5_0.5_5,outer,1,SA,1,6,Single,No_MSF,327,133783
result_SELECT_10_Heisenberg2D_cylinder_0.5_0.5_5,outer,1,SA,1,4,Double,Yes_Kink,321,348168
result_SELECT_10_Heisenberg2D_cylinder_0.5_0.5_5,outer,1,SA,1,4,Single,No_Kink,364,329317
result_SELECT_10_Heisenberg2D_cylinder_0.5_0.5_5,outer,1,SA,1,6,Single,No_Top,370,179954
result_SELECT_10_Heisenberg2D_cylinder_0.5_0.5_5,outer,1,SA,1,8,Double,No_MSF,290,116781
result_SELECT_10_Heisenberg2D_cylinder_0.5_0.5_5,outer,1,SA,1,8,Double,No_Top,442,240080
result_SELECT_10_Heisenberg2D_cylinder_0.5_0.5_5,outer,1,SA,1,8,Proj,No_MSF,213,18556
result_SELECT_10_Heisenberg2D_cylinder_0.5_0.5_5,outer,1,SA,1,2,Proj,Yes_Kink,271,722000
result_SELECT_10_Heisenberg2D_cylinder_0.5_0.5_5,outer,1,SA,1,6,Double,Yes_Kink,349,419264
result_SELECT_10_Heisenberg2D_cylinder_0.5_0.5_5,outer,1,SA,1,8,Proj,No_Top,423,39932
result_SELECT_10_Heisenberg2D_cylinder_0.5_0.5_5,outer,1,SA,1,6,Double,No_Kink,344,417244
result_SELECT_10_Heisenberg2D_cylinder_0.5_0.5_5,outer,1,SA,1,2,Proj,No_Kink,261,713437
result_SELECT_10_Heisenberg2D_cylinder_0.5_0.5_5,outer,1,SA,1,6,Single,No_Kink,380,384031
result_SELECT_10_Heisenberg2D_cylinder_0.5_0.5_5,outer,1,SA,1,8,Single,No_MSF,327,133783
result_SELECT_10_Heisenberg2D_cylinder_0.5_0.5_5,outer,1,naive,0,0,Double,No_Top,290,138137
result_SELECT_10_Heisenberg2D_cylinder_0.5_0.5_5,outer,1,SA,1,8,Single,No_Top,446,235861
result_SELECT_10_Heisenberg2D_cylinder_0.5_0.5_5,outer,1,naive,0,0,Double,No_MSF,290,116781
result_SELECT_10_Heisenberg2D_cylinder_0.5_0.5_5,outer,1,SA,1,8,Double,No_Kink,441,487224
result_SELECT_10_Heisenberg2D_cylinder_0.5_0.5_5,outer,1,SA,1,4,Proj,No_Kink,276,744046
result_SELECT_10_Heisenberg2D_cylinder_0.5_0.5_5,outer,1,SA,1,10,Proj,No_Kink,528,1207584
result_SELECT_10_Heisenberg2D_cylinder_0.5_0.5_5,outer,1,SA,1,10,Proj,Yes_Kink,528,1171954
result_SELECT_10_Heisenberg2D_cylinder_0.5_0.5_5,outer,1,naive,0,0,Proj,No_MSF,213,18556
result_SELECT_10_Heisenberg2D_cylinder_0.5_0.5_5,outer,1,naive,0,0,Proj,No_Top,213,39932
result_SELECT_10_Heisenberg2D_cylinder_0.5_0.5_5,outer,1,SA,1,8,Double,Yes_Kink,442,487350
result_SELECT_10_Heisenberg2D_cylinder_0.5_0.5_5,outer,1,naive,0,0,Single,No_MSF,327,133783
result_SELECT_10_Heisenberg2D_cylinder_0.5_0.5_5,outer,1,naive,0,0,Single,No_Top,327,155003
result_SELECT_10_Heisenberg2D_cylinder_0.5_0.5_5,outer,1,SA,1,8,Single,No_Kink,456,455169
result_SELECT_10_Heisenberg2D_cylinder_0.5_0.5_5,outer,1,naive,0,10,Double,No_Top,533,297244
result_SELECT_10_Heisenberg2D_cylinder_0.5_0.5_5,outer,1,naive,0,10,Double,No_MSF,290,116781
result_SELECT_10_Heisenberg2D_cylinder_0.5_0.5_5,outer,1,naive,0,10,Proj,No_MSF,213,18556
result_SELECT_10_Heisenberg2D_cylinder_0.5_0.5_5,outer,1,SA,1,4,Proj,Yes_Kink,286,754864
result_SELECT_10_Heisenberg2D_cylinder_0.5_0.5_5,outer,1,naive,0,10,Proj,No_Top,517,39932
result_SELECT_10_Heisenberg2D_cylinder_0.5_0.5_5,outer,1,SA,1,6,Proj,No_Kink,336,863397
result_SELECT_10_Heisenberg2D_cylinder_0.5_0.5_5,outer,1,naive,0,10,Single,No_MSF,327,133783
result_SELECT_10_Heisenberg2D_cylinder_0.5_0.5_5,outer,1,naive,0,10,Single,No_Top,546,300501
result_SELECT_10_Heisenberg2D_cylinder_0.5_0.5_5,outer,1,SA,1,6,Proj,Yes_Kink,336,859124
result_SELECT_10_Heisenberg2D_cylinder_0.5_0.5_5,outer,1,naive,0,2,Double,No_MSF,290,116781
result_SELECT_10_Heisenberg2D_cylinder_0.5_0.5_5,outer,1,naive,0,2,Double,No_Top,291,137869
result_SELECT_10_Heisenberg2D_cylinder_0.5_0.5_5,outer,1,naive,0,0,Double,Yes_Kink,633,725251
result_SELECT_10_Heisenberg2D_cylinder_0.5_0.5_5,outer,1,naive,0,2,Proj,No_MSF,213,18556
result_SELECT_10_Heisenberg2D_cylinder_0.5_0.5_5,outer,1,naive,0,2,Proj,No_Top,213,39932
result_SELECT_10_Heisenberg2D_cylinder_0.5_0.5_5,outer,1,naive,0,0,Double,No_Kink,640,729286
result_SELECT_10_Heisenberg2D_cylinder_0.5_0.5_5,outer,1,naive,0,0,Single,No_Kink,845,813691
result_SELECT_10_Heisenberg2D_cylinder_0.5_0.5_5,outer,1,naive,0,2,Single,No_MSF,327,133783
result_SELECT_10_Heisenberg2D_cylinder_0.5_0.5_5,outer,1,SA,1,8,Proj,No_Kink,432,1034514
result_SELECT_10_Heisenberg2D_cylinder_0.5_0.5_5,outer,1,naive,0,2,Single,No_Top,327,154300
result_SELECT_10_Heisenberg2D_cylinder_0.5_0.5_5,outer,1,naive,0,4,Double,No_MSF,290,116781
result_SELECT_10_Heisenberg2D_cylinder_0.5_0.5_5,outer,1,naive,0,4,Double,No_Top,295,141302
result_SELECT_10_Heisenberg2D_cylinder_0.5_0.5_5,outer,1,SA,1,8,Proj,Yes_Kink,432,1037714
result_SELECT_10_Heisenberg2D_cylinder_0.5_0.5_5,outer,1,naive,0,10,Double,Yes_Kink,761,869843
result_SELECT_10_Heisenberg2D_cylinder_0.5_0.5_5,outer,1,naive,0,4,Proj,No_MSF,213,18556
result_SELECT_10_Heisenberg2D_cylinder_0.5_0.5_5,outer,1,naive,0,10,Single,No_Kink,944,896439
result_SELECT_10_Heisenberg2D_cylinder_0.5_0.5_5,outer,1,naive,0,2,Double,No_Kink,650,747601
result_SELECT_10_Heisenberg2D_cylinder_0.5_0.5_5,outer,1,naive,0,10,Double,No_Kink,748,864850
result_SELECT_10_Heisenberg2D_cylinder_0.5_0.5_5,outer,1,naive,0,4,Proj,No_Top,235,39932
result_SELECT_10_Heisenberg2D_cylinder_0.5_0.5_5,outer,1,naive,0,4,Single,No_MSF,327,133783
result_SELECT_10_Heisenberg2D_cylinder_0.5_0.5_5,outer,1,naive,0,4,Single,No_Top,335,158628
result_SELECT_10_Heisenberg2D_cylinder_0.5_0.5_5,outer,1,naive,0,2,Double,Yes_Kink,647,749169
result_SELECT_10_Heisenberg2D_cylinder_0.5_0.5_5,outer,1,naive,0,6,Double,No_MSF,290,116781
result_SELECT_10_Heisenberg2D_cylinder_0.5_0.5_5,outer,1,naive,0,6,Double,No_Top,344,173016
result_SELECT_10_Heisenberg2D_cylinder_0.5_0.5_5,outer,1,naive,0,6,Proj,No_MSF,213,18556
result_SELECT_10_Heisenberg2D_cylinder_0.5_0.5_5,outer,1,naive,0,2,Single,No_Kink,850,817104
result_SELECT_10_Heisenberg2D_cylinder_0.5_0.5_5,outer,1,naive,0,6,Proj,No_Top,329,39932
result_SELECT_10_Heisenberg2D_cylinder_0.5_0.5_5,outer,1,naive,0,4,Double,No_Kink,675,776249
result_SELECT_10_Heisenberg2D_cylinder_0.5_0.5_5,outer,1,naive,0,4,Double,Yes_Kink,673,775552
result_SELECT_10_Heisenberg2D_cylinder_0.5_0.5_5,outer,1,naive,0,6,Single,No_MSF,327,133783
result_SELECT_10_Heisenberg2D_cylinder_0.5_0.5_5,outer,1,naive,0,6,Single,No_Top,370,179954
result_SELECT_10_Heisenberg2D_cylinder_0.5_0.5_5,outer,1,naive,0,4,Single,No_Kink,885,842722
result_SELECT_10_Heisenberg2D_cylinder_0.5_0.5_5,outer,1,naive,0,8,Double,No_MSF,290,116781
result_SELECT_10_Heisenberg2D_cylinder_0.5_0.5_5,outer,1,naive,0,8,Double,No_Top,442,240080
result_SELECT_10_Heisenberg2D_cylinder_0.5_0.5_5,outer,1,naive,0,6,Double,No_Kink,702,798349
result_SELECT_10_Heisenberg2D_cylinder_0.5_0.5_5,outer,1,naive,0,6,Double,Yes_Kink,708,806235
result_SELECT_10_Heisenberg2D_cylinder_0.5_0.5_5,outer,1,naive,0,0,Proj,No_Kink,723,1928041
result_SELECT_10_Heisenberg2D_cylinder_0.5_0.5_5,outer,1,naive,0,8,Proj,No_MSF,213,18556
result_SELECT_10_Heisenberg2D_cylinder_0.5_0.5_5,outer,1,naive,0,8,Proj,No_Top,423,39932
result_SELECT_10_Heisenberg2D_cylinder_0.5_0.5_5,outer,1,naive,0,8,Single,No_MSF,327,133783
result_SELECT_10_Heisenberg2D_cylinder_0.5_0.5_5,outer,1,naive,0,0,Proj,Yes_Kink,738,1936363
result_SELECT_10_Heisenberg2D_cylinder_0.5_0.5_5,outer,1,naive,0,8,Single,No_Top,446,235861
result_SELECT_10_Heisenberg2D_cylinder_0.5_0.5_5,outer,1,naive,0,6,Single,No_Kink,902,854448
result_SELECT_10_Heisenberg2D_cylinder_0.5_0.5_5,outer,1,random,0,0,Double,No_MSF,290,116781
result_SELECT_10_Heisenberg2D_cylinder_0.5_0.5_5,outer,1,random,0,0,Double,No_Top,290,138137
result_SELECT_10_Heisenberg2D_cylinder_0.5_0.5_5,outer,1,naive,0,10,Proj,No_Kink,891,2194732
result_SELECT_10_Heisenberg2D_cylinder_0.5_0.5_5,outer,1,naive,0,8,Double,No_Kink,730,836616
result_SELECT_10_Heisenberg2D_cylinder_0.5_0.5_5,outer,1,naive,0,8,Double,Yes_Kink,726,838065
result_SELECT_10_Heisenberg2D_cylinder_0.5_0.5_5,outer,1,random,0,0,Proj,No_MSF,213,18556
result_SELECT_10_Heisenberg2D_cylinder_0.5_0.5_5,outer,1,naive,0,2,Proj,Yes_Kink,739,1933173
result_SELECT_10_Heisenberg2D_cylinder_0.5_0.5_5,outer,1,naive,0,8,Single,No_Kink,933,873320
result_SELECT_10_Heisenberg2D_cylinder_0.5_0.5_5,outer,1,random,0,0,Proj,No_Top,213,39932
result_SELECT_10_Heisenberg2D_cylinder_0.5_0.5_5,outer,1,random,0,0,Single,No_MSF,327,133783
result_SELECT_10_Heisenberg2D_cylinder_0.5_0.5_5,outer,1,random,0,0,Single,No_Top,327,155003
result_SELECT_10_Heisenberg2D_cylinder_0.5_0.5_5,outer,1,random,0,10,Double,No_MSF,290,116781
result_SELECT_10_Heisenberg2D_cylinder_0.5_0.5_5,outer,1,naive,0,2,Proj,No_Kink,725,1924712
result_SELECT_10_Heisenberg2D_cylinder_0.5_0.5_5,outer,1,random,0,10,Double,No_Top,533,297244
result_SELECT_10_Heisenberg2D_cylinder_0.5_0.5_5,outer,1,random,0,0,Double,No_Kink,479,819932
result_SELECT_10_Heisenberg2D_cylinder_0.5_0.5_5,outer,1,naive,0,10,Proj,Yes_Kink,909,2250657
result_SELECT_10_Heisenberg2D_cylinder_0.5_0.5_5,outer,1,random,0,10,Proj,No_MSF,213,18556
result_SELECT_10_Heisenberg2D_cylinder_0.5_0.5_5,outer,1,random,0,10,Proj,No_Top,517,39932
result_SELECT_10_Heisenberg2D_cylinder_0.5_0.5_5,outer,1,naive,0,4,Proj,No_Kink,726,1922989
result_SELECT_10_Heisenberg2D_cylinder_0.5_0.5_5,outer,1,naive,0,4,Proj,Yes_Kink,742,1938960
result_SELECT_10_Heisenberg2D_cylinder_0.5_0.5_5,outer,1,random,0,0,Double,Yes_Kink,476,815254
result_SELECT_10_Heisenberg2D_cylinder_0.5_0.5_5,outer,1,random,0,10,Single,No_MSF,327,133783
result_SELECT_10_Heisenberg2D_cylinder_0.5_0.5_5,outer,1,random,0,10,Single,No_Top,546,300501
result_SELECT_10_Heisenberg2D_cylinder_0.5_0.5_5,outer,1,random,0,2,Double,No_MSF,290,116781
result_SELECT_10_Heisenberg2D_cylinder_0.5_0.5_5,outer,1,random,0,2,Double,No_Top,291,137869
result_SELECT_10_Heisenberg2D_cylinder_0.5_0.5_5,outer,1,naive,0,6,Proj,No_Kink,734,1940929
result_SELECT_10_Heisenberg2D_cylinder_0.5_0.5_5,outer,1,random,0,2,Proj,No_MSF,213,18556
result_SELECT_10_Heisenberg2D_cylinder_0.5_0.5_5,outer,1,random,0,2,Proj,No_Top,213,39932
result_SELECT_10_Heisenberg2D_cylinder_0.5_0.5_5,outer,1,naive,0,6,Proj,Yes_Kink,740,1920073
result_SELECT_10_Heisenberg2D_cylinder_0.5_0.5_5,outer,1,random,0,2,Single,No_MSF,327,133783
result_SELECT_10_Heisenberg2D_cylinder_0.5_0.5_5,outer,1,random,0,0,Single,No_Kink,792,992855
result_SELECT_10_Heisenberg2D_cylinder_0.5_0.5_5,outer,1,random,0,2,Single,No_Top,327,154300
result_SELECT_10_Heisenberg2D_cylinder_0.5_0.5_5,outer,1,random,0,4,Double,No_MSF,290,116781
result_SELECT_10_Heisenberg2D_cylinder_0.5_0.5_5,outer,1,random,0,0,Proj,No_Kink,355,964923
result_SELECT_10_Heisenberg2D_cylinder_0.5_0.5_5,outer,1,random,0,0,Proj,Yes_Kink,362,969536
result_SELECT_10_Heisenberg2D_cylinder_0.5_0.5_5,outer,1,random,0,4,Double,No_Top,295,141302
result_SELECT_10_Heisenberg2D_cylinder_0.5_0.5_5,outer,1,random,0,10,Double,No_Kink,555,913945
result_SELECT_10_Heisenberg2D_cylinder_0.5_0.5_5,outer,1,random,0,10,Double,Yes_Kink,562,911576
result_SELECT_10_Heisenberg2D_cylinder_0.5_0.5_5,outer,1,random,0,4,Proj,No_MSF,213,18556
result_SELECT_10_Heisenberg2D_cylinder_0.5_0.5_5,outer,1,random,0,4,Proj,No_Top,235,39932
result_SELECT_10_Heisenberg2D_cylinder_0.5_0.5_5,outer,1,random,0,10,Single,No_Kink,817,1036608
result_SELECT_10_Heisenberg2D_cylinder_0.5_0.5_5,outer,1,random,0,4,Single,No_MSF,327,133783
result_SELECT_10_Heisenberg2D_cylinder_0.5_0.5_5,outer,1,random,0,4,Single,No_Top,335,158628
result_SELECT_10_Heisenberg2D_cylinder_0.5_0.5_5,outer,1,random,0,2,Double,No_Kink,476,819247
result_SELECT_10_Heisenberg2D_cylinder_0.5_0.5_5,outer,1,naive,0,8,Proj,No_Kink,763,1996073
result_SELECT_10_Heisenberg2D_cylinder_0.5_0.5_5,outer,1,random,0,2,Double,Yes_Kink,479,828637
result_SELECT_10_Heisenberg2D_cylinder_0.5_0.5_5,outer,1,random,0,6,Double,No_MSF,290,116781
result_SELECT_10_Heisenberg2D_cylinder_0.5_0.5_5,outer,1,naive,0,8,Proj,Yes_Kink,785,1991332
result_SELECT_10_Heisenberg2D_cylinder_0.5_0.5_5,outer,1,random,0,6,Double,No_Top,344,173016
result_SELECT_10_Heisenberg2D_cylinder_0.5_0.5_5,outer,1,random,0,6,Proj,No_MSF,213,18556
result_SELECT_10_Heisenberg2D_cylinder_0.5_0.5_5,outer,1,random,0,6,Proj,No_Top,329,39932
result_SELECT_10_Heisenberg2D_cylinder_0.5_0.5_5,outer,1,random,0,2,Single,No_Kink,786,982772
result_SELECT_10_Heisenberg2D_cylinder_0.5_0.5_5,outer,1,random,0,6,Single,No_MSF,327,133783
result_SELECT_10_Heisenberg2D_cylinder_0.5_0.5_5,outer,1,random,0,6,Single,No_Top,370,179954
result_SELECT_10_Heisenberg2D_cylinder_0.5_0.5_5,outer,1,random,0,2,Proj,No_Kink,355,964097
result_SELECT_10_Heisenberg2D_cylinder_0.5_0.5_5,outer,1,random,0,2,Proj,Yes_Kink,364,969211
result_SELECT_10_Heisenberg2D_cylinder_0.5_0.5_5,outer,1,random,0,8,Double,No_MSF,290,116781
result_SELECT_10_Heisenberg2D_cylinder_0.5_0.5_5,outer,1,random,0,8,Double,No_Top,442,240080
result_SELECT_10_Heisenberg2D_cylinder_0.5_0.5_5,outer,1,random,0,4,Double,No_Kink,477,834784
result_SELECT_10_Heisenberg2D_cylinder_0.5_0.5_5,outer,1,random,0,8,Proj,No_MSF,213,18556
result_SELECT_10_Heisenberg2D_cylinder_0.5_0.5_5,outer,1,random,0,10,Proj,Yes_Kink,552,1352157
result_SELECT_10_Heisenberg2D_cylinder_0.5_0.5_5,outer,1,random,0,8,Proj,No_Top,423,39932
result_SELECT_10_Heisenberg2D_cylinder_0.5_0.5_5,outer,1,random,0,10,Proj,No_Kink,540,1361074
result_SELECT_10_Heisenberg2D_cylinder_0.5_0.5_5,outer,1,random,0,4,Double,Yes_Kink,480,840511
result_SELECT_10_Heisenberg2D_cylinder_0.5_0.5_5,outer,1,random,0,8,Single,No_MSF,327,133783
result_SELECT_10_Heisenberg2D_cylinder_0.5_0.5_5,outer,1,random,0,8,Single,No_Top,446,235861
result_SELECT_10_Heisenberg2D_cylinder_0.5_0.5_5,outer,1,random,0,4,Single,No_Kink,792,994356
result_SELECT_10_Heisenberg2D_cylinder_0.5_0.5_5,outer,2,SA,0.001,0,Double,No_MSF,290,116781
result_SELECT_10_Heisenberg2D_cylinder_0.5_0.5_5,outer,2,SA,0.001,0,Double,No_Top,290,138137
result_SELECT_10_Heisenberg2D_cylinder_0.5_0.5_5,outer,2,SA,0.001,0,Proj,No_MSF,213,18556
result_SELECT_10_Heisenberg2D_cylinder_0.5_0.5_5,outer,2,SA,0.001,0,Double,No_Kink,294,278486
result_SELECT_10_Heisenberg2D_cylinder_0.5_0.5_5,outer,1,random,0,4,Proj,No_Kink,360,971957
result_SELECT_10_Heisenberg2D_cylinder_0.5_0.5_5,outer,1,random,0,6,Double,No_Kink,485,858540
result_SELECT_10_Heisenberg2D_cylinder_0.5_0.5_5,outer,2,SA,0.001,0,Proj,No_Top,213,39932
result_SELECT_10_Heisenberg2D_cylinder_0.5_0.5_5,outer,1,random,0,6,Double,Yes_Kink,491,868254
result_SELECT_10_Heisenberg2D_cylinder_0.5_0.5_5,outer,1,random,0,4,Proj,Yes_Kink,370,980975
result_SELECT_10_Heisenberg2D_cylinder_0.5_0.5_5,outer,2,SA,0.001,0,Double,Yes_Kink,304,281373
result_SELECT_10_Heisenberg2D_cylinder_0.5_0.5_5,outer,2,SA,0.001,0,Single,No_MSF,327,133783
result_SELECT_10_Heisenberg2D_cylinder_0.5_0.5_5,outer,2,SA,0.001,0,Single,No_Top,327,155003
result_SELECT_10_Heisenberg2D_cylinder_0.5_0.5_5,outer,1,random,0,6,Single,No_Kink,798,1002921
result_SELECT_10_Heisenberg2D_cylinder_0.5_0.5_5,outer,2,SA,0.001,10,Double,No_MSF,290,116781
result_SELECT_10_Heisenberg2D_cylinder_0.5_0.5_5,outer,2,SA,0.001,10,Double,No_Top,533,297244
result_SELECT_10_Heisenberg2D_cylinder_0.5_0.5_5,outer,2,SA,0.001,0,Single,No_Kink,335,283539
result_SELECT_10_Heisenberg2D_cylinder_0.5_0.5_5,outer,1,random,0,6,Proj,No_Kink,374,1003123
result_SELECT_10_Heisenberg2D_cylinder_0.5_0.5_5,outer,2,SA,0.001,10,Proj,No_MSF,213,18556
result_SELECT_10_Heisenberg2D_cylinder_0.5_0.5_5,outer,2,SA,0.001,10,Proj,No_Top,517,39932
result_SELECT_10_Heisenberg2D_cylinder_0.5_0.5_5,outer,1,random,0,6,Proj,Yes_Kink,383,1006422
result_SELECT_10_Heisenberg2D_cylinder_0.5_0.5_5,outer,2,SA,0.001,0,Single,Yes_Kink,335,295864
result_SELECT_10_Heisenberg2D_cylinder_0.5_0.5_5,outer,1,random,0,8,Double,No_Kink,505,888147
result_SELECT_10_Heisenberg2D_cylinder_0.5_0.5_5,outer,2,SA,0.001,10,Single,No_MSF,327,133783
result_SELECT_10_Heisenberg2D_cylinder_0.5_0.5_5,outer,1,random,0,8,Double,Yes_Kink,516,899563
result_SELECT_10_Heisenberg2D_cylinder_0.5_0.5_5,outer,2,SA,0.001,10,Single,No_Top,546,300501
result_SELECT_10_Heisenberg2D_cylinder_0.5_0.5_5,outer,1,random,0,8,Single,No_Kink,799,1013351
result_SELECT_10_Heisenberg2D_cylinder_0.5_0.5_5,outer,2,SA,0.001,10,Double,No_Kink,531,510539
result_SELECT_10_Heisenberg2D_cylinder_0.5_0.5_5,outer,2,SA,0.001,2,Double,No_MSF,290,116781
result_SELECT_10_Heisenberg2D_cylinder_0.5_0.5_5,outer,2,SA,0.001,2,Double,No_Top,291,137869
result_SELECT_10_Heisenberg2D_cylinder_0.5_0.5_5,outer,2,SA,0.001,2,Proj,No_MSF,213,18556
result_SELECT_10_Heisenberg2D_cylinder_0.5_0.5_5,outer,2,SA,0.001,10,Double,Yes_Kink,533,507238
result_SELECT_10_Heisenberg2D_cylinder_0.5_0.5_5,outer,2,SA,0.001,2,Proj,No_Top,213,39932
result_SELECT_10_Heisenberg2D_cylinder_0.5_0.5_5,outer,2,SA,0.001,2,Single,No_MSF,327,133783
result_SELECT_10_Heisenberg2D_cylinder_0.5_0.5_5,outer,2,SA,0.001,0,Proj,No_Kink,238,704665
result_SELECT_10_Heisenberg2D_cylinder_0.5_0.5_5,outer,2,SA,0.001,2,Single,No_Top,327,154300
result_SELECT_10_Heisenberg2D_cylinder_0.5_0.5_5,outer,2,SA,0.001,10,Single,No_Kink,542,495814
result_SELECT_10_Heisenberg2D_cylinder_0.5_0.5_5,outer,2,SA,0.001,2,Double,No_Kink,296,292184
result_SELECT_10_Heisenberg2D_cylinder_0.5_0.5_5,outer,2,SA,0.001,2,Double,Yes_Kink,305,298541
result_SELECT_10_Heisenberg2D_cylinder_0.5_0.5_5,outer,2,SA,0.001,4,Double,No_MSF,290,116781
result_SELECT_10_Heisenberg2D_cylinder_0.5_0.5_5,outer,2,SA,0.001,10,Single,Yes_Kink,542,506800
result_SELECT_10_Heisenberg2D_cylinder_0.5_0.5_5,outer,1,random,0,8,Proj,No_Kink,432,1120166
result_SELECT_10_Heisenberg2D_cylinder_0.5_0.5_5,outer,2,SA,0.001,4,Double,No_Top,295,141302
result_SELECT_10_Heisenberg2D_cylinder_0.5_0.5_5,outer,2,SA,0.001,0,Proj,Yes_Kink,241,696081
result_SELECT_10_Heisenberg2D_cylinder_0.5_0.5_5,outer,2,SA,0.001,2,Single,No_Kink,334,295641
result_SELECT_10_Heisenberg2D_cylinder_0.5_0.5_5,outer,2,SA,0.001,4,Proj,No_MSF,213,18556
result_SELECT_10_Heisenberg2D_cylinder_0.5_0.5_5,outer,1,random,0,8,Proj,Yes_Kink,434,1107543
result_SELECT_10_Heisenberg2D_cylinder_0.5_0.5_5,outer,2,SA,0.001,4,Proj,No_Top,235,39932
result_SELECT_10_Heisenberg2D_cylinder_0.5_0.5_5,outer,2,SA,0.001,4,Single,No_MSF,327,133783
result_SELECT_10_Heisenberg2D_cylinder_0.5_0.5_5,outer,2,SA,0.001,4,Single,No_Top,335,158628
result_SELECT_10_Heisenberg2D_cylinder_0.5_0.5_5,outer,2,SA,0.001,2,Single,Yes_Kink,336,307429
result_SELECT_10_Heisenberg2D_cylinder_0.5_0.5_5,outer,2,SA,0.001,6,Double,No_MSF,290,116781
result_SELECT_10_Heisenberg2D_cylinder_0.5_0.5_5,outer,2,SA,0.001,6,Double,No_Top,344,173016
result_SELECT_10_Heisenberg2D_cylinder_0.5_0.5_5,outer,2,SA,0.001,6,Proj,No_MSF,213,18556
result_SELECT_10_Heisenberg2D_cylinder_0.5_0.5_5,outer,2,SA,0.001,4,Double,No_Kink,299,319029
result_SELECT_10_Heisenberg2D_cylinder_0.5_0.5_5,outer,2,SA,0.001,4,Double,Yes_Kink,308,324472
result_SELECT_10_Heisenberg2D_cylinder_0.5_0.5_5,outer,2,SA,0.001,6,Proj,No_Top,329,39932
result_SELECT_10_Heisenberg2D_cylinder_0.5_0.5_5,outer,2,SA,0.001,4,Single,No_Kink,335,319139
result_SELECT_10_Heisenberg2D_cylinder_0.5_0.5_5,outer,2,SA,0.001,6,Single,No_MSF,327,133783
result_SELECT_10_Heisenberg2D_cylinder_0.5_0.5_5,outer,2,SA,0.001,6,Single,No_Top,370,179954
result_SELECT_10_Heisenberg2D_cylinder_0.5_0.5_5,outer,2,SA,0.001,4,Single,Yes_Kink,338,331981
result_SELECT_10_Heisenberg2D_cylinder_0.5_0.5_5,outer,2,SA,0.001,8,Double,No_MSF,290,116781
result_SELECT_10_Heisenberg2D_cylinder_0.5_0.5_5,outer,2,SA,0.001,6,Double,No_Kink,341,375129
result_SELECT_10_Heisenberg2D_cylinder_0.5_0.5_5,outer,2,SA,0.001,8,Double,No_Top,442,240080
result_SELECT_10_Heisenberg2D_cylinder_0.5_0.5_5,outer,2,SA,0.001,6,Double,Yes_Kink,347,376367
result_SELECT_10_Heisenberg2D_cylinder_0.5_0.5_5,outer,2,SA,0.001,8,Proj,No_MSF,213,18556
result_SELECT_10_Heisenberg2D_cylinder_0.5_0.5_5,outer,2,SA,0.001,2,Proj,No_Kink,242,705535
result_SELECT_10_Heisenberg2D_cylinder_0.5_0.5_5,outer,2,SA,0.001,8,Proj,No_Top,423,39932
result_SELECT_10_Heisenberg2D_cylinder_0.5_0.5_5,outer,2,SA,0.001,2,Proj,Yes_Kink,245,699995
result_SELECT_10_Heisenberg2D_cylinder_0.5_0.5_5,outer,2,SA,0.001,6,Single,No_Kink,362,363611
result_SELECT_10_Heisenberg2D_cylinder_0.5_0.5_5,outer,2,SA,0.001,6,Single,Yes_Kink,366,375188
result_SELECT_10_Heisenberg2D_cylinder_0.5_0.5_5,outer,2,SA,0.001,8,Single,No_MSF,327,133783
result_SELECT_10_Heisenberg2D_cylinder_0.5_0.5_5,outer,2,SA,0.001,8,Single,No_Top,446,235861
result_SELECT_10_Heisenberg2D_cylinder_0.5_0.5_5,outer,2,SA,0.001,8,Double,No_Kink,438,439701
result_SELECT_10_Heisenberg2D_cylinder_0.5_0.5_5,outer,2,SA,0.001,10,Proj,Yes_Kink,517,1132207
result_SELECT_10_Heisenberg2D_cylinder_0.5_0.5_5,outer,2,SA,0.01,0,Double,No_MSF,290,116781
result_SELECT_10_Heisenberg2D_cylinder_0.5_0.5_5,outer,2,SA,0.001,10,Proj,No_Kink,517,1169968
result_SELECT_10_Heisenberg2D_cylinder_0.5_0.5_5,outer,2,SA,0.01,0,Double,No_Top,290,138137
result_SELECT_10_Heisenberg2D_cylinder_0.5_0.5_5,outer,2,SA,0.001,8,Double,Yes_Kink,443,441513
result_SELECT_10_Heisenberg2D_cylinder_0.5_0.5_5,outer,2,SA,0.01,0,Proj,No_MSF,213,18556
result_SELECT_10_Heisenberg2D_cylinder_0.5_0.5_5,outer,2,SA,0.001,4,Proj,No_Kink,255,724769
result_SELECT_10_Heisenberg2D_cylinder_0.5_0.5_5,outer,2,SA,0.01,0,Proj,No_Top,213,39932
result_SELECT_10_Heisenberg2D_cylinder_0.5_0.5_5,outer,2,SA,0.001,4,Proj,Yes_Kink,256,720970
result_SELECT_10_Heisenberg2D_cylinder_0.5_0.5_5,outer,2,SA,0.01,0,Single,No_MSF,327,133783
result_SELECT_10_Heisenberg2D_cylinder_0.5_0.5_5,outer,2,SA,0.01,0,Double,No_Kink,294,276593
result_SELECT_10_Heisenberg2D_cylinder_0.5_0.5_5,outer,2,SA,0.01,0,Single,No_Top,327,155003
result_SELECT_10_Heisenberg2D_cylinder_0.5_0.5_5,outer,2,SA,0.001,8,Single,No_Kink,451,428201
result_SELECT_10_Heisenberg2D_cylinder_0.5_0.5_5,outer,2,SA,0.01,10,Double,No_MSF,290,116781
result_SELECT_10_Heisenberg2D_cylinder_0.5_0.5_5,outer,2,SA,0.001,8,Single,Yes_Kink,450,442254
result_SELECT_10_Heisenberg2D_cylinder_0.5_0.5_5,outer,2,SA,0.01,0,Double,Yes_Kink,303,277744
result_SELECT_10_Heisenberg2D_cylinder_0.5_0.5_5,outer,2,SA,0.01,10,Double,No_Top,533,297244
result_SELECT_10_Heisenberg2D_cylinder_0.5_0.5_5,outer,2,SA,0.01,10,Proj,No_MSF,213,18556
result_SELECT_10_Heisenberg2D_cylinder_0.5_0.5_5,outer,2,SA,0.01,0,Single,No_Kink,330,278987
result_SELECT_10_Heisenberg2D_cylinder_0.5_0.5_5,outer,2,SA,0.01,10,Proj,No_Top,517,39932
result_SELECT_10_Heisenberg2D_cylinder_0.5_0.5_5,outer,2,SA,0.01,10,Single,No_MSF,327,133783
result_SELECT_10_Heisenberg2D_cylinder_0.5_0.5_5,outer,2,SA,0.01,10,Single,No_Top,546,300501
result_SELECT_10_Heisenberg2D_cylinder_0.5_0.5_5,outer,2,SA,0.001,6,Proj,No_Kink,329,829475
result_SELECT_10_Heisenberg2D_cylinder_0.5_0.5_5,outer,2,SA,0.01,0,Single,Yes_Kink,338,295180
result_SELECT_10_Heisenberg2D_cylinder_0.5_0.5_5,outer,2,SA,0.01,2,Double,No_MSF,290,116781
result_SELECT_10_Heisenberg2D_cylinder_0.5_0.5_5,outer,2,SA,0.001,6,Proj,Yes_Kink,329,837081
result_SELECT_10_Heisenberg2D_cylinder_0.5_0.5_5,outer,2,SA,0.01,2,Double,No_Top,291,137869
result_SELECT_10_Heisenberg2D_cylinder_0.5_0.5_5,outer,2,SA,0.01,2,Proj,No_MSF,213,18556
result_SELECT_10_Heisenberg2D_cylinder_0.5_0.5_5,outer,2,SA,0.01,2,Proj,No_Top,213,39932
result_SELECT_10_Heisenberg2D_cylinder_0.5_0.5_5,outer,2,SA,0.01,10,Double,No_Kink,533,502026
result_SELECT_10_Heisenberg2D_cylinder_0.5_0.5_5,outer,2,SA,0.01,10,Double,Yes_Kink,532,504111
result_SELECT_10_Heisenberg2D_cylinder_0.5_0.5_5,outer,2,SA,0.01,10,Single,No_Kink,541,489568
result_SELECT_10_Heisenberg2D_cylinder_0.5_0.5_5,outer,2,SA,0.01,2,Double,No_Kink,294,288801
result_SELECT_10_Heisenberg2D_cylinder_0.5_0.5_5,outer,2,SA,0.01,2,Single,No_Top,327,154300
result_SELECT_10_Heisenberg2D_cylinder_0.5_0.5_5,outer,2,SA,0.01,2,Single,No_MSF,327,133783
result_SELECT_10_Heisenberg2D_cylinder_0.5_0.5_5,outer,2,SA,0.01,2,Double,Yes_Kink,303,291329
result_SELECT_10_Heisenberg2D_cylinder_0.5_0.5_5,outer,2,SA,0.01,10,Single,Yes_Kink,541,502827
result_SELECT_10_Heisenberg2D_cylinder_0.5_0.5_5,outer,2,SA,0.01,4,Double,No_MSF,290,116781
result_SELECT_10_Heisenberg2D_cylinder_0.5_0.5_5,outer,2,SA,0.01,4,Double,No_Top,295,141302
result_SELECT_10_Heisenberg2D_cylinder_0.5_0.5_5,outer,2,SA,0.01,4,Proj,No_MSF,213,18556
result_SELECT_10_Heisenberg2D_cylinder_0.5_0.5_5,outer,2,SA,0.01,2,Single,No_Kink,332,288848
result_SELECT_10_Heisenberg2D_cylinder_0.5_0.5_5,outer,2,SA,0.01,4,Proj,No_Top,235,39932
result_SELECT_10_Heisenberg2D_cylinder_0.5_0.5_5,outer,2,SA,0.01,0,Proj,No_Kink,240,720705
result_SELECT_10_Heisenberg2D_cylinder_0.5_0.5_5,outer,2,SA,0.01,2,Single,Yes_Kink,331,304495
result_SELECT_10_Heisenberg2D_cylinder_0.5_0.5_5,outer,2,SA,0.001,8,Proj,No_Kink,423,995663
result_SELECT_10_Heisenberg2D_cylinder_0.5_0.5_5,outer,2,SA,0.01,0,Proj,Yes_Kink,246,715412
result_SELECT_10_Heisenberg2D_cylinder_0.5_0.5_5,outer,2,SA,0.001,8,Proj,Yes_Kink,423,971933
result_SELECT_10_Heisenberg2D_cylinder_0.5_0.5_5,outer,2,SA,0.01,4,Single,No_MSF,327,133783
result_SELECT_10_Heisenberg2D_cylinder_0.5_0.5_5,outer,2,SA,0.01,4,Single,No_Top,335,158628
result_SELECT_10_Heisenberg2D_cylinder_0.5_0.5_5,outer,2,SA,0.01,6,Double,No_MSF,290,116781
result_SELECT_10_Heisenberg2D_cylinder_0.5_0.5_5,outer,2,SA,0.01,6,Double,No_Top,344,173016
result_SELECT_10_Heisenberg2D_cylinder_0.5_0.5_5,outer,2,SA,0.01,4,Double,No_Kink,301,319677
result_SELECT_10_Heisenberg2D_cylinder_0.5_0.5_5,outer,2,SA,0.01,4,Double,Yes_Kink,306,320937
result_SELECT_10_Heisenberg2D_cylinder_0.5_0.5_5,outer,2,SA,0.01,6,Proj,No_MSF,213,18556
result_SELECT_10_Heisenberg2D_cylinder_0.5_0.5_5,outer,2,SA,0.01,6,Proj,No_Top,329,39932
result_SELECT_10_Heisenberg2D_cylinder_0.5_0.5_5,outer,2,SA,0.01,6,Single,No_MSF,327,133783
result_SELECT_10_Heisenberg2D_cylinder_0.5_0.5_5,outer,2,SA,0.01,6,Single,No_Top,370,179954
result_SELECT_10_Heisenberg2D_cylinder_0.5_0.5_5,outer,2,SA,0.01,4,Single,No_Kink,334,315386
result_SELECT_10_Heisenberg2D_cylinder_0.5_0.5_5,outer,2,SA,0.01,4,Single,Yes_Kink,332,330495
result_SELECT_10_Heisenberg2D_cylinder_0.5_0.5_5,outer,2,SA,0.01,8,Double,No_MSF,290,116781
result_SELECT_10_Heisenberg2D_cylinder_0.5_0.5_5,outer,2,SA,0.01,8,Double,No_Top,442,240080
result_SELECT_10_Heisenberg2D_cylinder_0.5_0.5_5,outer,2,SA,0.01,6,Double,No_Kink,341,377924
result_SELECT_10_Heisenberg2D_cylinder_0.5_0.5_5,outer,2,SA,0.01,6,Double,Yes_Kink,344,373633
result_SELECT_10_Heisenberg2D_cylinder_0.5_0.5_5,outer,2,SA,0.01,2,Proj,No_Kink,245,726141
result_SELECT_10_Heisenberg2D_cylinder_0.5_0.5_5,outer,2,SA,0.01,8,Proj,No_MSF,213,18556
result_SELECT_10_Heisenberg2D_cylinder_0.5_0.5_5,outer,2,SA,0.01,6,Single,No_Kink,363,363562
result_SELECT_10_Heisenberg2D_cylinder_0.5_0.5_5,outer,2,SA,0.01,2,Proj,Yes_Kink,247,719128
result_SELECT_10_Heisenberg2D_cylinder_0.5_0.5_5,outer,2,SA,0.01,8,Proj,No_Top,423,39932
result_SELECT_10_Heisenberg2D_cylinder_0.5_0.5_5,outer,2,SA,0.01,8,Single,No_MSF,327,133783
result_SELECT_10_Heisenberg2D_cylinder_0.5_0.5_5,outer,2,SA,0.01,8,Single,No_Top,446,235861
result_SELECT_10_Heisenberg2D_cylinder_0.5_0.5_5,outer,2,SA,0.01,6,Single,Yes_Kink,363,376295
result_SELECT_10_Heisenberg2D_cylinder_0.5_0.5_5,outer,2,SA,0.01,8,Double,No_Kink,440,440645
result_SELECT_10_Heisenberg2D_cylinder_0.5_0.5_5,outer,2,SA,0.01,10,Proj,Yes_Kink,517,1130532
result_SELECT_10_Heisenberg2D_cylinder_0.5_0.5_5,outer,2,SA,0.01,10,Proj,No_Kink,517,1167224
result_SELECT_10_Heisenberg2D_cylinder_0.5_0.5_5,outer,2,SA,0.1,0,Double,No_MSF,290,116781
result_SELECT_10_Heisenberg2D_cylinder_0.5_0.5_5,outer,2,SA,0.1,0,Double,No_Top,290,138137
result_SELECT_10_Heisenberg2D_cylinder_0.5_0.5_5,outer,2,SA,0.1,0,Proj,No_MSF,213,18556
result_SELECT_10_Heisenberg2D_cylinder_0.5_0.5_5,outer,2,SA,0.01,8,Double,Yes_Kink,445,443061
result_SELECT_10_Heisenberg2D_cylinder_0.5_0.5_5,outer,2,SA,0.1,0,Proj,No_Top,213,39932
result_SELECT_10_Heisenberg2D_cylinder_0.5_0.5_5,outer,2,SA,0.01,4,Proj,No_Kink,255,744349
result_SELECT_10_Heisenberg2D_cylinder_0.5_0.5_5,outer,2,SA,0.1,0,Double,No_Kink,300,270371
result_SELECT_10_Heisenberg2D_cylinder_0.5_0.5_5,outer,2,SA,0.1,0,Single,No_MSF,327,133783
result_SELECT_10_Heisenberg2D_cylinder_0.5_0.5_5,outer,2,SA,0.01,8,Single,No_Kink,445,426650
result_SELECT_10_Heisenberg2D_cylinder_0.5_0.5_5,outer,2,SA,0.01,4,Proj,Yes_Kink,260,740717
result_SELECT_10_Heisenberg2D_cylinder_0.5_0.5_5,outer,2,SA,0.1,0,Single,No_Top,327,155003
result_SELECT_10_Heisenberg2D_cylinder_0.5_0.5_5,outer,2,SA,0.1,10,Double,No_MSF,290,116781
result_SELECT_10_Heisenberg2D_cylinder_0.5_0.5_5,outer,2,SA,0.01,8,Single,Yes_Kink,450,445244
result_SELECT_10_Heisenberg2D_cylinder_0.5_0.5_5,outer,2,SA,0.1,0,Double,Yes_Kink,308,271066
result_SELECT_10_Heisenberg2D_cylinder_0.5_0.5_5,outer,2,SA,0.1,10,Double,No_Top,533,297244
result_SELECT_10_Heisenberg2D_cylinder_0.5_0.5_5,outer,2,SA,0.1,10,Proj,No_MSF,213,18556
result_SELECT_10_Heisenberg2D_cylinder_0.5_0.5_5,outer,2,SA,0.1,0,Single,No_Kink,338,273446
result_SELECT_10_Heisenberg2D_cylinder_0.5_0.5_5,outer,2,SA,0.01,6,Proj,No_Kink,329,822326
result_SELECT_10_Heisenberg2D_cylinder_0.5_0.5_5,outer,2,SA,0.1,10,Proj,No_Top,517,39932
result_SELECT_10_Heisenberg2D_cylinder_0.5_0.5_5,outer,2,SA,0.1,10,Single,No_MSF,327,133783
result_SELECT_10_Heisenberg2D_cylinder_0.5_0.5_5,outer,2,SA,0.1,0,Single,Yes_Kink,343,292045
result_SELECT_10_Heisenberg2D_cylinder_0.5_0.5_5,outer,2,SA,0.1,10,Single,No_Top,546,300501
result_SELECT_10_Heisenberg2D_cylinder_0.5_0.5_5,outer,2,SA,0.1,2,Double,No_MSF,290,116781
result_SELECT_10_Heisenberg2D_cylinder_0.5_0.5_5,outer,2,SA,0.01,6,Proj,Yes_Kink,329,821619
result_SELECT_10_Heisenberg2D_cylinder_0.5_0.5_5,outer,2,SA,0.1,2,Double,No_Top,291,137869
result_SELECT_10_Heisenberg2D_cylinder_0.5_0.5_5,outer,2,SA,0.1,10,Double,No_Kink,533,499948
result_SELECT_10_Heisenberg2D_cylinder_0.5_0.5_5,outer,2,SA,0.1,2,Proj,No_MSF,213,18556
result_SELECT_10_Heisenberg2D_cylinder_0.5_0.5_5,outer,2,SA,0.1,10,Double,Yes_Kink,533,505274
result_SELECT_10_Heisenberg2D_cylinder_0.5_0.5_5,outer,2,SA,0.1,2,Proj,No_Top,213,39932
result_SELECT_10_Heisenberg2D_cylinder_0.5_0.5_5,outer,2,SA,0.1,2,Single,No_MSF,327,133783
result_SELECT_10_Heisenberg2D_cylinder_0.5_0.5_5,outer,2,SA,0.1,2,Double,No_Kink,299,281856
result_SELECT_10_Heisenberg2D_cylinder_0.5_0.5_5,outer,2,SA,0.1,2,Single,No_Top,327,154300
result_SELECT_10_Heisenberg2D_cylinder_0.5_0.5_5,outer,2,SA,0.1,10,Single,No_Kink,542,484892
result_SELECT_10_Heisenberg2D_cylinder_0.5_0.5_5,outer,2,SA,0.1,2,Double,Yes_Kink,306,286848
result_SELECT_10_Heisenberg2D_cylinder_0.5_0.5_5,outer,2,SA,0.1,10,Single,Yes_Kink,542,494027
result_SELECT_10_Heisenberg2D_cylinder_0.5_0.5_5,outer,2,SA,0.1,4,Double,No_MSF,290,116781
result_SELECT_10_Heisenberg2D_cylinder_0.5_0.5_5,outer,2,SA,0.1,4,Double,No_Top,295,141302
result_SELECT_10_Heisenberg2D_cylinder_0.5_0.5_5,outer,2,SA,0.1,2,Single,No_Kink,337,283146
result_SELECT_10_Heisenberg2D_cylinder_0.5_0.5_5,outer,2,SA,0.1,4,Proj,No_MSF,213,18556
result_SELECT_10_Heisenberg2D_cylinder_0.5_0.5_5,outer,2,SA,0.01,8,Proj,No_Kink,423,986271
result_SELECT_10_Heisenberg2D_cylinder_0.5_0.5_5,outer,2,SA,0.1,0,Proj,No_Kink,242,722974
result_SELECT_10_Heisenberg2D_cylinder_0.5_0.5_5,outer,2,SA,0.1,4,Proj,No_Top,235,39932
result_SELECT_10_Heisenberg2D_cylinder_0.5_0.5_5,outer,2,SA,0.1,2,Single,Yes_Kink,344,300192
result_SELECT_10_Heisenberg2D_cylinder_0.5_0.5_5,outer,2,SA,0.1,0,Proj,Yes_Kink,245,714007
result_SELECT_10_Heisenberg2D_cylinder_0.5_0.5_5,outer,2,SA,0.1,4,Single,No_MSF,327,133783
result_SELECT_10_Heisenberg2D_cylinder_0.5_0.5_5,outer,2,SA,0.01,8,Proj,Yes_Kink,423,969659
result_SELECT_10_Heisenberg2D_cylinder_0.5_0.5_5,outer,2,SA,0.1,4,Single,No_Top,335,158628
result_SELECT_10_Heisenberg2D_cylinder_0.5_0.5_5,outer,2,SA,0.1,6,Double,No_MSF,290,116781
result_SELECT_10_Heisenberg2D_cylinder_0.5_0.5_5,outer,2,SA,0.1,4,Double,No_Kink,302,307585
result_SELECT_10_Heisenberg2D_cylinder_0.5_0.5_5,outer,2,SA,0.1,6,Double,No_Top,344,173016
result_SELECT_10_Heisenberg2D_cylinder_0.5_0.5_5,outer,2,SA,0.1,6,Proj,No_MSF,213,18556
result_SELECT_10_Heisenberg2D_cylinder_0.5_0.5_5,outer,2,SA,0.1,4,Double,Yes_Kink,308,313003
result_SELECT_10_Heisenberg2D_cylinder_0.5_0.5_5,outer,2,SA,0.1,6,Proj,No_Top,329,39932
result_SELECT_10_Heisenberg2D_cylinder_0.5_0.5_5,outer,2,SA,0.1,4,Single,No_Kink,337,308606
result_SELECT_10_Heisenberg2D_cylinder_0.5_0.5_5,outer,2,SA,0.1,6,Single,No_MSF,327,133783
result_SELECT_10_Heisenberg2D_cylinder_0.5_0.5_5,outer,2,SA,0.1,6,Single,No_Top,370,179954
result_SELECT_10_Heisenberg2D_cylinder_0.5_0.5_5,outer,2,SA,0.1,4,Single,Yes_Kink,340,326244
result_SELECT_10_Heisenberg2D_cylinder_0.5_0.5_5,outer,2,SA,0.1,8,Double,No_MSF,290,116781
result_SELECT_10_Heisenberg2D_cylinder_0.5_0.5_5,outer,2,SA,0.1,6,Double,No_Kink,342,360481
result_SELECT_10_Heisenberg2D_cylinder_0.5_0.5_5,outer,2,SA,0.1,8,Double,No_Top,442,240080
result_SELECT_10_Heisenberg2D_cylinder_0.5_0.5_5,outer,2,SA,0.1,6,Double,Yes_Kink,346,365589
result_SELECT_10_Heisenberg2D_cylinder_0.5_0.5_5,outer,2,SA,0.1,2,Proj,No_Kink,245,730236
result_SELECT_10_Heisenberg2D_cylinder_0.5_0.5_5,outer,2,SA,0.1,8,Proj,No_MSF,213,18556
result_SELECT_10_Heisenberg2D_cylinder_0.5_0.5_5,outer,2,SA,0.1,6,Single,No_Kink,363,352168
result_SELECT_10_Heisenberg2D_cylinder_0.5_0.5_5,outer,2,SA,0.1,8,Proj,No_Top,423,39932
result_SELECT_10_Heisenberg2D_cylinder_0.5_0.5_5,outer,2,SA,0.1,2,Proj,Yes_Kink,249,722964
result_SELECT_10_Heisenberg2D_cylinder_0.5_0.5_5,outer,2,SA,0.1,8,Single,No_MSF,327,133783
result_SELECT_10_Heisenberg2D_cylinder_0.5_0.5_5,outer,2,SA,0.1,6,Single,Yes_Kink,367,372293
result_SELECT_10_Heisenberg2D_cylinder_0.5_0.5_5,outer,2,SA,0.1,8,Single,No_Top,446,235861
result_SELECT_10_Heisenberg2D_cylinder_0.5_0.5_5,outer,2,SA,0.1,10,Proj,No_Kink,517,1147943
result_SELECT_10_Heisenberg2D_cylinder_0.5_0.5_5,outer,2,SA,0.1,10,Proj,Yes_Kink,517,1107312
result_SELECT_10_Heisenberg2D_cylinder_0.5_0.5_5,outer,2,SA,0.1,8,Double,No_Kink,439,432850
result_SELECT_10_Heisenberg2D_cylinder_0.5_0.5_5,outer,2,SA,1,0,Double,No_MSF,290,116781
result_SELECT_10_Heisenberg2D_cylinder_0.5_0.5_5,outer,2,SA,1,0,Double,No_Top,290,138137
result_SELECT_10_Heisenberg2D_cylinder_0.5_0.5_5,outer,2,SA,1,0,Proj,No_MSF,213,18556
result_SELECT_10_Heisenberg2D_cylinder_0.5_0.5_5,outer,2,SA,0.1,8,Double,Yes_Kink,442,438729
result_SELECT_10_Heisenberg2D_cylinder_0.5_0.5_5,outer,2,SA,1,0,Proj,No_Top,213,39932
result_SELECT_10_Heisenberg2D_cylinder_0.5_0.5_5,outer,2,SA,0.1,4,Proj,No_Kink,260,750418
result_SELECT_10_Heisenberg2D_cylinder_0.5_0.5_5,outer,2,SA,1,0,Single,No_MSF,327,133783
result_SELECT_10_Heisenberg2D_cylinder_0.5_0.5_5,outer,2,SA,1,0,Double,No_Kink,293,252477
result_SELECT_10_Heisenberg2D_cylinder_0.5_0.5_5,outer,2,SA,0.1,4,Proj,Yes_Kink,262,745424
result_SELECT_10_Heisenberg2D_cylinder_0.5_0.5_5,outer,2,SA,0.1,8,Single,No_Kink,446,417188
result_SELECT_10_Heisenberg2D_cylinder_0.5_0.5_5,outer,2,SA,1,0,Single,No_Top,327,155003
result_SELECT_10_Heisenberg2D_cylinder_0.5_0.5_5,outer,2,SA,1,0,Double,Yes_Kink,302,252770
result_SELECT_10_Heisenberg2D_cylinder_0.5_0.5_5,outer,2,SA,1,10,Double,No_MSF,290,116781
result_SELECT_10_Heisenberg2D_cylinder_0.5_0.5_5,outer,2,SA,1,10,Double,No_Top,533,297244
result_SELECT_10_Heisenberg2D_cylinder_0.5_0.5_5,outer,2,SA,1,10,Proj,No_MSF,213,18556
result_SELECT_10_Heisenberg2D_cylinder_0.5_0.5_5,outer,2,SA,1,0,Single,No_Kink,330,254796
result_SELECT_10_Heisenberg2D_cylinder_0.5_0.5_5,outer,2,SA,0.1,8,Single,Yes_Kink,448,439214
result_SELECT_10_Heisenberg2D_cylinder_0.5_0.5_5,outer,2,SA,1,10,Proj,No_Top,517,39932
result_SELECT_10_Heisenberg2D_cylinder_0.5_0.5_5,outer,2,SA,1,0,Single,Yes_Kink,333,269509
result_SELECT_10_Heisenberg2D_cylinder_0.5_0.5_5,outer,2,SA,1,10,Single,No_MSF,327,133783
result_SELECT_10_Heisenberg2D_cylinder_0.5_0.5_5,outer,2,SA,1,10,Single,No_Top,546,300501
result_SELECT_10_Heisenberg2D_cylinder_0.5_0.5_5,outer,2,SA,1,2,Double,No_MSF,290,116781
result_SELECT_10_Heisenberg2D_cylinder_0.5_0.5_5,outer,2,SA,0.1,6,Proj,No_Kink,329,830573
result_SELECT_10_Heisenberg2D_cylinder_0.5_0.5_5,outer,2,SA,1,2,Double,No_Top,291,137869
result_SELECT_10_Heisenberg2D_cylinder_0.5_0.5_5,outer,2,SA,0.1,6,Proj,Yes_Kink,329,833167
result_SELECT_10_Heisenberg2D_cylinder_0.5_0.5_5,outer,2,SA,1,10,Double,No_Kink,531,493667
result_SELECT_10_Heisenberg2D_cylinder_0.5_0.5_5,outer,2,SA,1,10,Double,Yes_Kink,534,484287
result_SELECT_10_Heisenberg2D_cylinder_0.5_0.5_5,outer,2,SA,1,2,Proj,No_MSF,213,18556
result_SELECT_10_Heisenberg2D_cylinder_0.5_0.5_5,outer,2,SA,1,2,Proj,No_Top,213,39932
result_SELECT_10_Heisenberg2D_cylinder_0.5_0.5_5,outer,2,SA,1,2,Double,No_Kink,292,257931
result_SELECT_10_Heisenberg2D_cylinder_0.5_0.5_5,outer,2,SA,1,2,Double,Yes_Kink,304,260547
result_SELECT_10_Heisenberg2D_cylinder_0.5_0.5_5,outer,2,SA,1,2,Single,No_MSF,327,133783
result_SELECT_10_Heisenberg2D_cylinder_0.5_0.5_5,outer,2,SA,1,10,Single,No_Kink,542,473935
result_SELECT_10_Heisenberg2D_cylinder_0.5_0.5_5,outer,2,SA,1,2,Single,No_Kink,330,258973
result_SELECT_10_Heisenberg2D_cylinder_0.5_0.5_5,outer,2,SA,1,2,Single,No_Top,327,154300
result_SELECT_10_Heisenberg2D_cylinder_0.5_0.5_5,outer,2,SA,1,4,Double,No_MSF,290,116781
result_SELECT_10_Heisenberg2D_cylinder_0.5_0.5_5,outer,2,SA,1,10,Single,Yes_Kink,543,486340
result_SELECT_10_Heisenberg2D_cylinder_0.5_0.5_5,outer,2,SA,1,4,Double,No_Top,295,141302
result_SELECT_10_Heisenberg2D_cylinder_0.5_0.5_5,outer,2,SA,1,2,Single,Yes_Kink,332,273772
result_SELECT_10_Heisenberg2D_cylinder_0.5_0.5_5,outer,2,SA,1,4,Double,No_Kink,297,286813
result_SELECT_10_Heisenberg2D_cylinder_0.5_0.5_5,outer,2,SA,1,4,Proj,No_Top,235,39932
result_SELECT_10_Heisenberg2D_cylinder_0.5_0.5_5,outer,2,SA,0.1,8,Proj,No_Kink,423,973330
result_SELECT_10_Heisenberg2D_cylinder_0.5_0.5_5,outer,2,SA,1,4,Proj,No_MSF,213,18556
result_SELECT_10_Heisenberg2D_cylinder_0.5_0.5_5,outer,2,SA,0.1,8,Proj,Yes_Kink,423,956697
result_SELECT_10_Heisenberg2D_cylinder_0.5_0.5_5,outer,2,SA,1,0,Proj,Yes_Kink,250,724914
result_SELECT_10_Heisenberg2D_cylinder_0.5_0.5_5,outer,2,SA,1,0,Proj,No_Kink,245,726698
result_SELECT_10_Heisenberg2D_cylinder_0.5_0.5_5,outer,2,SA,1,4,Single,No_MSF,327,133783
result_SELECT_10_Heisenberg2D_cylinder_0.5_0.5_5,outer,2,SA,1,4,Single,No_Top,335,158628
result_SELECT_10_Heisenberg2D_cylinder_0.5_0.5_5,outer,2,SA,1,6,Double,No_Top,344,173016
result_SELECT_10_Heisenberg2D_cylinder_0.5_0.5_5,outer,2,SA,1,6,Double,No_MSF,290,116781
result_SELECT_10_Heisenberg2D_cylinder_0.5_0.5_5,outer,2,SA,1,6,Proj,No_MSF,213,18556
result_SELECT_10_Heisenberg2D_cylinder_0.5_0.5_5,outer,2,SA,1,6,Proj,No_Top,329,39932
result_SELECT_10_Heisenberg2D_cylinder_0.5_0.5_5,outer,2,SA,1,4,Double,Yes_Kink,310,291648
result_SELECT_10_Heisenberg2D_cylinder_0.5_0.5_5,outer,2,SA,1,6,Single,No_MSF,327,133783
result_SELECT_10_Heisenberg2D_cylinder_0.5_0.5_5,outer,2,SA,1,6,Single,No_Top,370,179954
result_SELECT_10_Heisenberg2D_cylinder_0.5_0.5_5,outer,2,SA,1,4,Single,No_Kink,334,283689
result_SELECT_10_Heisenberg2D_cylinder_0.5_0.5_5,outer,2,SA,1,4,Single,Yes_Kink,335,297034
result_SELECT_10_Heisenberg2D_cylinder_0.5_0.5_5,outer,2,SA,1,6,Double,Yes_Kink,346,352160
result_SELECT_10_Heisenberg2D_cylinder_0.5_0.5_5,outer,2,SA,1,6,Double,No_Kink,344,350198
result_SELECT_10_Heisenberg2D_cylinder_0.5_0.5_5,outer,2,SA,1,8,Double,No_MSF,290,116781
result_SELECT_10_Heisenberg2D_cylinder_0.5_0.5_5,outer,2,SA,1,8,Double,No_Top,442,240080
result_SELECT_10_Heisenberg2D_cylinder_0.5_0.5_5,outer,2,SA,1,8,Proj,No_MSF,213,18556
result_SELECT_10_Heisenberg2D_cylinder_0.5_0.5_5,outer,2,SA,1,8,Proj,No_Top,423,39932
result_SELECT_10_Heisenberg2D_cylinder_0.5_0.5_5,outer,2,SA,1,2,Proj,No_Kink,254,741088
result_SELECT_10_Heisenberg2D_cylinder_0.5_0.5_5,outer,2,SA,1,6,Single,No_Kink,366,332647
result_SELECT_10_Heisenberg2D_cylinder_0.5_0.5_5,outer,2,SA,1,2,Proj,Yes_Kink,257,737423
result_SELECT_10_Heisenberg2D_cylinder_0.5_0.5_5,outer,2,SA,1,8,Single,No_MSF,327,133783
result_SELECT_10_Heisenberg2D_cylinder_0.5_0.5_5,outer,2,SA,1,8,Single,No_Top,446,235861
result_SELECT_10_Heisenberg2D_cylinder_0.5_0.5_5,outer,2,SA,1,10,Proj,Yes_Kink,517,1092493
result_SELECT_10_Heisenberg2D_cylinder_0.5_0.5_5,outer,2,SA,1,6,Single,Yes_Kink,367,348145
result_SELECT_10_Heisenberg2D_cylinder_0.5_0.5_5,outer,2,SA,1,8,Double,No_Kink,439,408562
result_SELECT_10_Heisenberg2D_cylinder_0.5_0.5_5,outer,2,naive,0,0,Double,No_MSF,290,116781
result_SELECT_10_Heisenberg2D_cylinder_0.5_0.5_5,outer,2,SA,1,10,Proj,No_Kink,517,1124933
result_SELECT_10_Heisenberg2D_cylinder_0.5_0.5_5,outer,2,naive,0,0,Double,No_Top,290,138137
result_SELECT_10_Heisenberg2D_cylinder_0.5_0.5_5,outer,2,SA,1,8,Double,Yes_Kink,446,425762
result_SELECT_10_Heisenberg2D_cylinder_0.5_0.5_5,outer,2,naive,0,0,Proj,No_MSF,213,18556
result_SELECT_10_Heisenberg2D_cylinder_0.5_0.5_5,outer,2,naive,0,0,Proj,No_Top,213,39932
result_SELECT_10_Heisenberg2D_cylinder_0.5_0.5_5,outer,2,naive,0,0,Single,No_MSF,327,133783
result_SELECT_10_Heisenberg2D_cylinder_0.5_0.5_5,outer,2,SA,1,8,Single,No_Kink,446,396759
result_SELECT_10_Heisenberg2D_cylinder_0.5_0.5_5,outer,2,naive,0,0,Single,No_Top,327,155003
result_SELECT_10_Heisenberg2D_cylinder_0.5_0.5_5,outer,2,SA,1,4,Proj,No_Kink,270,774612
result_SELECT_10_Heisenberg2D_cylinder_0.5_0.5_5,outer,2,naive,0,10,Double,No_MSF,290,116781
result_SELECT_10_Heisenberg2D_cylinder_0.5_0.5_5,outer,2,SA,1,8,Single,Yes_Kink,451,423298
result_SELECT_10_Heisenberg2D_cylinder_0.5_0.5_5,outer,2,naive,0,10,Double,No_Top,533,297244
result_SELECT_10_Heisenberg2D_cylinder_0.5_0.5_5,outer,2,SA,1,4,Proj,Yes_Kink,278,780070
result_SELECT_10_Heisenberg2D_cylinder_0.5_0.5_5,outer,2,naive,0,10,Proj,No_MSF,213,18556
result_SELECT_10_Heisenberg2D_cylinder_0.5_0.5_5,outer,2,naive,0,10,Proj,No_Top,517,39932
result_SELECT_10_Heisenberg2D_cylinder_0.5_0.5_5,outer,2,SA,1,6,Proj,No_Kink,329,842191
result_SELECT_10_Heisenberg2D_cylinder_0.5_0.5_5,outer,2,naive,0,0,Double,No_Kink,556,570421
result_SELECT_10_Heisenberg2D_cylinder_0.5_0.5_5,outer,2,naive,0,10,Single,No_MSF,327,133783
result_SELECT_10_Heisenberg2D_cylinder_0.5_0.5_5,outer,2,naive,0,10,Single,No_Top,546,300501
result_SELECT_10_Heisenberg2D_cylinder_0.5_0.5_5,outer,2,SA,1,6,Proj,Yes_Kink,329,856107
result_SELECT_10_Heisenberg2D_cylinder_0.5_0.5_5,outer,2,naive,0,0,Double,Yes_Kink,559,570417
result_SELECT_10_Heisenberg2D_cylinder_0.5_0.5_5,outer,2,naive,0,2,Double,No_MSF,290,116781
result_SELECT_10_Heisenberg2D_cylinder_0.5_0.5_5,outer,2,naive,0,0,Single,No_Kink,652,594991
result_SELECT_10_Heisenberg2D_cylinder_0.5_0.5_5,outer,2,naive,0,2,Double,No_Top,291,137869
result_SELECT_10_Heisenberg2D_cylinder_0.5_0.5_5,outer,2,naive,0,0,Single,Yes_Kink,629,603243
result_SELECT_10_Heisenberg2D_cylinder_0.5_0.5_5,outer,2,naive,0,2,Proj,No_MSF,213,18556
result_SELECT_10_Heisenberg2D_cylinder_0.5_0.5_5,outer,2,naive,0,2,Proj,No_Top,213,39932
result_SELECT_10_Heisenberg2D_cylinder_0.5_0.5_5,outer,2,SA,1,8,Proj,No_Kink,423,964641
result_SELECT_10_Heisenberg2D_cylinder_0.5_0.5_5,outer,2,naive,0,2,Single,No_MSF,327,133783
result_SELECT_10_Heisenberg2D_cylinder_0.5_0.5_5,outer,2,naive,0,10,Double,Yes_Kink,588,692589
result_SELECT_10_Heisenberg2D_cylinder_0.5_0.5_5,outer,2,naive,0,10,Double,No_Kink,584,685958
result_SELECT_10_Heisenberg2D_cylinder_0.5_0.5_5,outer,2,naive,0,2,Single,No_Top,327,154300
result_SELECT_10_Heisenberg2D_cylinder_0.5_0.5_5,outer,2,SA,1,8,Proj,Yes_Kink,423,966391
result_SELECT_10_Heisenberg2D_cylinder_0.5_0.5_5,outer,2,naive,0,4,Double,No_MSF,290,116781
result_SELECT_10_Heisenberg2D_cylinder_0.5_0.5_5,outer,2,naive,0,4,Double,No_Top,295,141302
result_SELECT_10_Heisenberg2D_cylinder_0.5_0.5_5,outer,2,naive,0,2,Double,No_Kink,559,589961
result_SELECT_10_Heisenberg2D_cylinder_0.5_0.5_5,outer,2,naive,0,2,Double,Yes_Kink,571,602307
result_SELECT_10_Heisenberg2D_cylinder_0.5_0.5_5,outer,2,naive,0,4,Proj,No_MSF,213,18556
result_SELECT_10_Heisenberg2D_cylinder_0.5_0.5_5,outer,2,naive,0,10,Single,No_Kink,662,686842
result_SELECT_10_Heisenberg2D_cylinder_0.5_0.5_5,outer,2,naive,0,10,Single,Yes_Kink,651,703262
result_SELECT_10_Heisenberg2D_cylinder_0.5_0.5_5,outer,2,naive,0,4,Proj,No_Top,235,39932
result_SELECT_10_Heisenberg2D_cylinder_0.5_0.5_5,outer,2,naive,0,4,Single,No_MSF,327,133783
result_SELECT_10_Heisenberg2D_cylinder_0.5_0.5_5,outer,2,naive,0,4,Single,No_Top,335,158628
result_SELECT_10_Heisenberg2D_cylinder_0.5_0.5_5,outer,2,naive,0,2,Single,No_Kink,648,605476
result_SELECT_10_Heisenberg2D_cylinder_0.5_0.5_5,outer,2,naive,0,6,Double,No_MSF,290,116781
result_SELECT_10_Heisenberg2D_cylinder_0.5_0.5_5,outer,2,naive,0,6,Double,No_Top,344,173016
result_SELECT_10_Heisenberg2D_cylinder_0.5_0.5_5,outer,2,naive,0,2,Single,Yes_Kink,641,619022
result_SELECT_10_Heisenberg2D_cylinder_0.5_0.5_5,outer,2,naive,0,4,Double,No_Kink,573,620596
result_SELECT_10_Heisenberg2D_cylinder_0.5_0.5_5,outer,2,naive,0,6,Proj,No_MSF,213,18556
result_SELECT_10_Heisenberg2D_cylinder_0.5_0.5_5,outer,2,naive,0,6,Proj,No_Top,329,39932
result_SELECT_10_Heisenberg2D_cylinder_0.5_0.5_5,outer,2,naive,0,4,Double,Yes_Kink,573,629829
result_SELECT_10_Heisenberg2D_cylinder_0.5_0.5_5,outer,2,naive,0,6,Single,No_MSF,327,133783
result_SELECT_10_Heisenberg2D_cylinder_0.5_0.5_5,outer,2,naive,0,4,Single,Yes_Kink,645,643201
result_SELECT_10_Heisenberg2D_cylinder_0.5_0.5_5,outer,2,naive,0,4,Single,No_Kink,667,633856
result_SELECT_10_Heisenberg2D_cylinder_0.5_0.5_5,outer,2,naive,0,6,Single,No_Top,370,179954
result_SELECT_10_Heisenberg2D_cylinder_0.5_0.5_5,outer,2,naive,0,8,Double,No_MSF,290,116781
result_SELECT_10_Heisenberg2D_cylinder_0.5_0.5_5,outer,2,naive,0,6,Double,No_Kink,567,641117
result_SELECT_10_Heisenberg2D_cylinder_0.5_0.5_5,outer,2,naive,0,0,Proj,Yes_Kink,567,1604062
result_SELECT_10_Heisenberg2D_cylinder_0.5_0.5_5,outer,2,naive,0,8,Double,No_Top,442,240080
result_SELECT_10_Heisenberg2D_cylinder_0.5_0.5_5,outer,2,naive,0,6,Double,Yes_Kink,569,642292
result_SELECT_10_Heisenberg2D_cylinder_0.5_0.5_5,outer,2,naive,0,0,Proj,No_Kink,555,1595849
result_SELECT_10_Heisenberg2D_cylinder_0.5_0.5_5,outer,2,naive,0,8,Proj,No_MSF,213,18556
result_SELECT_10_Heisenberg2D_cylinder_0.5_0.5_5,outer,2,naive,0,8,Proj,No_Top,423,39932
result_SELECT_10_Heisenberg2D_cylinder_0.5_0.5_5,outer,2,naive,0,6,Single,No_Kink,662,647590
result_SELECT_10_Heisenberg2D_cylinder_0.5_0.5_5,outer,2,naive,0,8,Single,No_MSF,327,133783
result_SELECT_10_Heisenberg2D_cylinder_0.5_0.5_5,outer,2,naive,0,8,Single,No_Top,446,235861
result_SELECT_10_Heisenberg2D_cylinder_0.5_0.5_5,outer,2,naive,0,6,Single,Yes_Kink,639,662348
result_SELECT_10_Heisenberg2D_cylinder_0.5_0.5_5,outer,2,random,0,0,Double,No_MSF,290,116781
result_SELECT_10_Heisenberg2D_cylinder_0.5_0.5_5,outer,2,naive,0,8,Double,No_Kink,572,660077
result_SELECT_10_Heisenberg2D_cylinder_0.5_0.5_5,outer,2,naive,0,2,Proj,No_Kink,577,1659528
result_SELECT_10_Heisenberg2D_cylinder_0.5_0.5_5,outer,2,naive,0,2,Proj,Yes_Kink,588,1661980
result_SELECT_10_Heisenberg2D_cylinder_0.5_0.5_5,outer,2,random,0,0,Double,No_Top,290,138137
result_SELECT_10_Heisenberg2D_cylinder_0.5_0.5_5,outer,2,random,0,0,Proj,No_MSF,213,18556
result_SELECT_10_Heisenberg2D_cylinder_0.5_0.5_5,outer,2,random,0,0,Proj,No_Top,213,39932
result_SELECT_10_Heisenberg2D_cylinder_0.5_0.5_5,outer,2,naive,0,8,Single,No_Kink,658,664816
result_SELECT_10_Heisenberg2D_cylinder_0.5_0.5_5,outer,2,naive,0,8,Double,Yes_Kink,573,662138
result_SELECT_10_Heisenberg2D_cylinder_0.5_0.5_5,outer,2,random,0,0,Single,No_MSF,327,133783
result_SELECT_10_Heisenberg2D_cylinder_0.5_0.5_5,outer,2,random,0,0,Single,No_Top,327,155003
result_SELECT_10_Heisenberg2D_cylinder_0.5_0.5_5,outer,2,naive,0,4,Proj,No_Kink,596,1692793
result_SELECT_10_Heisenberg2D_cylinder_0.5_0.5_5,outer,2,random,0,0,Double,No_Kink,307,526765
result_SELECT_10_Heisenberg2D_cylinder_0.5_0.5_5,outer,2,naive,0,8,Single,Yes_Kink,642,677991
result_SELECT_10_Heisenberg2D_cylinder_0.5_0.5_5,outer,2,naive,0,4,Proj,Yes_Kink,609,1694268
result_SELECT_10_Heisenberg2D_cylinder_0.5_0.5_5,outer,2,random,0,10,Double,No_Top,533,297244
result_SELECT_10_Heisenberg2D_cylinder_0.5_0.5_5,outer,2,random,0,10,Double,No_MSF,290,116781
result_SELECT_10_Heisenberg2D_cylinder_0.5_0.5_5,outer,2,random,0,10,Proj,No_MSF,213,18556
result_SELECT_10_Heisenberg2D_cylinder_0.5_0.5_5,outer,2,random,0,10,Proj,No_Top,517,39932
result_SELECT_10_Heisenberg2D_cylinder_0.5_0.5_5,outer,2,random,0,0,Double,Yes_Kink,318,525023
result_SELECT_10_Heisenberg2D_cylinder_0.5_0.5_5,outer,2,random,0,10,Single,No_MSF,327,133783
result_SELECT_10_Heisenberg2D_cylinder_0.5_0.5_5,outer,2,naive,0,6,Proj,No_Kink,616,1698859
result_SELECT_10_Heisenberg2D_cylinder_0.5_0.5_5,outer,2,random,0,0,Single,No_Kink,365,543805
result_SELECT_10_Heisenberg2D_cylinder_0.5_0.5_5,outer,2,random,0,0,Single,Yes_Kink,367,552348
result_SELECT_10_Heisenberg2D_cylinder_0.5_0.5_5,outer,2,random,0,10,Single,No_Top,546,300501
result_SELECT_10_Heisenberg2D_cylinder_0.5_0.5_5,outer,2,naive,0,6,Proj,Yes_Kink,624,1694286
result_SELECT_10_Heisenberg2D_cylinder_0.5_0.5_5,outer,2,random,0,2,Double,No_MSF,290,116781
result_SELECT_10_Heisenberg2D_cylinder_0.5_0.5_5,outer,2,random,0,2,Double,No_Top,291,137869
result_SELECT_10_Heisenberg2D_cylinder_0.5_0.5_5,outer,2,random,0,0,Proj,No_Kink,272,808777
result_SELECT_10_Heisenberg2D_cylinder_0.5_0.5_5,outer,2,random,0,10,Double,No_Kink,532,699797
result_SELECT_10_Heisenberg2D_cylinder_0.5_0.5_5,outer,2,random,0,0,Proj,Yes_Kink,278,810314
result_SELECT_10_Heisenberg2D_cylinder_0.5_0.5_5,outer,2,random,0,10,Double,Yes_Kink,534,701286
result_SELECT_10_Heisenberg2D_cylinder_0.5_0.5_5,outer,2,random,0,2,Proj,No_Top,213,39932
result_SELECT_10_Heisenberg2D_cylinder_0.5_0.5_5,outer,2,random,0,2,Proj,No_MSF,213,18556
result_SELECT_10_Heisenberg2D_cylinder_0.5_0.5_5,outer,2,random,0,2,Single,No_MSF,327,133783
result_SELECT_10_Heisenberg2D_cylinder_0.5_0.5_5,outer,2,random,0,2,Single,No_Top,327,154300
result_SELECT_10_Heisenberg2D_cylinder_0.5_0.5_5,outer,2,random,0,10,Single,No_Kink,550,700695
result_SELECT_10_Heisenberg2D_cylinder_0.5_0.5_5,outer,2,random,0,4,Double,No_MSF,290,116781
result_SELECT_10_Heisenberg2D_cylinder_0.5_0.5_5,outer,2,random,0,4,Double,No_Top,295,141302
result_SELECT_10_Heisenberg2D_cylinder_0.5_0.5_5,outer,2,random,0,2,Double,No_Kink,309,534249
result_SELECT_10_Heisenberg2D_cylinder_0.5_0.5_5,outer,2,random,0,10,Single,Yes_Kink,547,705894
result_SELECT_10_Heisenberg2D_cylinder_0.5_0.5_5,outer,2,random,0,4,Proj,No_MSF,213,18556
result_SELECT_10_Heisenberg2D_cylinder_0.5_0.5_5,outer,2,random,0,2,Double,Yes_Kink,319,539725
result_SELECT_10_Heisenberg2D_cylinder_0.5_0.5_5,outer,2,random,0,4,Proj,No_Top,235,39932
result_SELECT_10_Heisenberg2D_cylinder_0.5_0.5_5,outer,2,naive,0,8,Proj,No_Kink,756,2019765
result_SELECT_10_Heisenberg2D_cylinder_0.5_0.5_5,outer,2,random,0,2,Single,No_Kink,366,547059
result_SELECT_10_Heisenberg2D_cylinder_0.5_0.5_5,outer,2,random,0,4,Single,No_MSF,327,133783
result_SELECT_10_Heisenberg2D_cylinder_0.5_0.5_5,outer,2,random,0,4,Single,No_Top,335,158628
result_SELECT_10_Heisenberg2D_cylinder_0.5_0.5_5,outer,2,random,0,4,Double,No_Kink,312,566108
result_SELECT_10_Heisenberg2D_cylinder_0.5_0.5_5,outer,2,random,0,6,Double,No_MSF,290,116781
result_SELECT_10_Heisenberg2D_cylinder_0.5_0.5_5,outer,2,random,0,2,Proj,No_Kink,278,821463
result_SELECT_10_Heisenberg2D_cylinder_0.5_0.5_5,outer,2,random,0,2,Single,Yes_Kink,369,560126
result_SELECT_10_Heisenberg2D_cylinder_0.5_0.5_5,outer,2,random,0,6,Double,No_Top,344,173016
result_SELECT_10_Heisenberg2D_cylinder_0.5_0.5_5,outer,2,naive,0,8,Proj,Yes_Kink,774,1999699
result_SELECT_10_Heisenberg2D_cylinder_0.5_0.5_5,outer,2,random,0,4,Double,Yes_Kink,323,567673
result_SELECT_10_Heisenberg2D_cylinder_0.5_0.5_5,outer,2,random,0,6,Proj,No_MSF,213,18556
result_SELECT_10_Heisenberg2D_cylinder_0.5_0.5_5,outer,2,random,0,6,Proj,No_Top,329,39932
result_SELECT_10_Heisenberg2D_cylinder_0.5_0.5_5,outer,2,random,0,6,Single,No_Top,370,179954
result_SELECT_10_Heisenberg2D_cylinder_0.5_0.5_5,outer,2,random,0,6,Single,No_MSF,327,133783
result_SELECT_10_Heisenberg2D_cylinder_0.5_0.5_5,outer,2,random,0,4,Single,No_Kink,370,574694
result_SELECT_10_Heisenberg2D_cylinder_0.5_0.5_5,outer,2,random,0,2,Proj,Yes_Kink,282,820096
result_SELECT_10_Heisenberg2D_cylinder_0.5_0.5_5,outer,2,random,0,4,Single,Yes_Kink,376,585657
result_SELECT_10_Heisenberg2D_cylinder_0.5_0.5_5,outer,2,random,0,8,Double,No_MSF,290,116781
result_SELECT_10_Heisenberg2D_cylinder_0.5_0.5_5,outer,2,random,0,8,Double,No_Top,442,240080
result_SELECT_10_Heisenberg2D_cylinder_0.5_0.5_5,outer,2,random,0,4,Proj,No_Kink,295,848038
result_SELECT_10_Heisenberg2D_cylinder_0.5_0.5_5,outer,2,random,0,8,Proj,No_MSF,213,18556
result_SELECT_10_Heisenberg2D_cylinder_0.5_0.5_5,outer,2,random,0,8,Proj,No_Top,423,39932
result_SELECT_10_Heisenberg2D_cylinder_0.5_0.5_5,outer,2,random,0,4,Proj,Yes_Kink,300,848171
result_SELECT_10_Heisenberg2D_cylinder_0.5_0.5_5,outer,2,random,0,6,Double,Yes_Kink,355,608342
result_SELECT_10_Heisenberg2D_cylinder_0.5_0.5_5,outer,2,random,0,6,Single,No_Kink,394,605240
result_SELECT_10_Heisenberg2D_cylinder_0.5_0.5_5,outer,2,random,0,6,Double,No_Kink,362,611165
result_SELECT_10_Heisenberg2D_cylinder_0.5_0.5_5,outer,2,random,0,8,Single,No_MSF,327,133783
result_SELECT_10_Heisenberg2D_cylinder_0.5_0.5_5,outer,2,random,0,8,Single,No_Top,446,235861
result_SELECT_10_Heisenberg2D_cylinder_0.5_0.5_6,inner,1,SA,0.001,0,Double,No_MSF,177,121590
result_SELECT_10_Heisenberg2D_cylinder_0.5_0.5_6,inner,1,SA,0.001,0,Double,No_Top,177,145898
result_SELECT_10_Heisenberg2D_cylinder_0.5_0.5_5,outer,2,random,0,6,Single,Yes_Kink,403,620134
result_SELECT_10_Heisenberg2D_cylinder_0.5_0.5_6,inner,1,SA,0.001,0,Proj,No_MSF,108,21372
result_SELECT_10_Heisenberg2D_cylinder_0.5_0.5_5,outer,2,random,0,6,Proj,No_Kink,350,943257
result_SELECT_10_Heisenberg2D_cylinder_0.5_0.5_5,outer,2,random,0,8,Double,Yes_Kink,446,655588
result_SELECT_10_Heisenberg2D_cylinder_0.5_0.5_6,inner,1,SA,0.001,0,Proj,No_Top,108,45820
result_SELECT_10_Heisenberg2D_cylinder_0.5_0.5_5,outer,2,random,0,6,Proj,Yes_Kink,350,934723
result_SELECT_10_Heisenberg2D_cylinder_0.5_0.5_5,outer,2,random,0,8,Double,No_Kink,441,655509
result_SELECT_10_Heisenberg2D_cylinder_0.5_0.5_6,inner,1,SA,0.001,0,Single,No_MSF,211,146329
result_SELECT_10_Heisenberg2D_cylinder_0.5_0.5_6,inner,1,SA,0.001,0,Single,No_Top,211,170345
result_SELECT_10_Heisenberg2D_cylinder_0.5_0.5_5,outer,2,random,0,8,Single,No_Kink,467,651382
result_SELECT_10_Heisenberg2D_cylinder_0.5_0.5_6,inner,1,SA,0.001,0,Double,No_Kink,200,425868
result_SELECT_10_Heisenberg2D_cylinder_0.5_0.5_6,inner,1,SA,0.001,10,Double,No_MSF,177,121590
result_SELECT_10_Heisenberg2D_cylinder_0.5_0.5_6,inner,1,SA,0.001,0,Double,Yes_Kink,205,449622
result_SELECT_10_Heisenberg2D_cylinder_0.5_0.5_6,inner,1,SA,0.001,10,Double,No_Top,473,412560
result_SELECT_10_Heisenberg2D_cylinder_0.5_0.5_5,outer,2,random,0,8,Single,Yes_Kink,472,662026
result_SELECT_10_Heisenberg2D_cylinder_0.5_0.5_5,outer,2,naive,0,10,Proj,No_Kink,2144,5104621
result_SELECT_10_Heisenberg2D_cylinder_0.5_0.5_6,inner,1,SA,0.001,10,Proj,No_MSF,108,21372
result_SELECT_10_Heisenberg2D_cylinder_0.5_0.5_6,inner,1,SA,0.001,10,Proj,No_Top,451,45820
result_SELECT_10_Heisenberg2D_cylinder_0.5_0.5_6,inner,1,SA,0.001,10,Single,No_MSF,211,146329
result_SELECT_10_Heisenberg2D_cylinder_0.5_0.5_6,inner,1,SA,0.001,0,Single,No_Kink,243,434487
result_SELECT_10_Heisenberg2D_cylinder_0.5_0.5_6,inner,1,SA,0.001,10,Single,No_Top,483,420755
result_SELECT_10_Heisenberg2D_cylinder_0.5_0.5_6,inner,1,SA,0.001,2,Double,No_MSF,177,121590
result_SELECT_10_Heisenberg2D_cylinder_0.5_0.5_6,inner,1,SA,0.001,2,Double,No_Top,177,146330
result_SELECT_10_Heisenberg2D_cylinder_0.5_0.5_5,outer,2,random,0,8,Proj,No_Kink,442,1141470
result_SELECT_10_Heisenberg2D_cylinder_0.5_0.5_6,inner,1,SA,0.001,2,Proj,No_MSF,108,21372
result_SELECT_10_Heisenberg2D_cylinder_0.5_0.5_6,inner,1,SA,0.001,2,Proj,No_Top,123,45820
result_SELECT_10_Heisenberg2D_cylinder_0.5_0.5_5,outer,2,naive,0,10,Proj,Yes_Kink,2167,4934175
result_SELECT_10_Heisenberg2D_cylinder_0.5_0.5_6,inner,1,SA,0.001,0,Proj,No_Kink,179,802967
result_SELECT_10_Heisenberg2D_cylinder_0.5_0.5_6,inner,1,SA,0.001,2,Single,No_MSF,211,146329
result_SELECT_10_Heisenberg2D_cylinder_0.5_0.5_6,inner,1,SA,0.001,10,Double,No_Kink,469,844756
result_SELECT_10_Heisenberg2D_cylinder_0.5_0.5_6,inner,1,SA,0.001,2,Single,No_Top,211,170527
result_SELECT_10_Heisenberg2D_cylinder_0.5_0.5_5,outer,2,random,0,8,Proj,Yes_Kink,450,1124962
result_SELECT_10_Heisenberg2D_cylinder_0.5_0.5_6,inner,1,SA,0.001,0,Proj,Yes_Kink,186,822319
result_SELECT_10_Heisenberg2D_cylinder_0.5_0.5_6,inner,1,SA,0.001,10,Double,Yes_Kink,472,847733
result_SELECT_10_Heisenberg2D_cylinder_0.5_0.5_6,inner,1,SA,0.001,4,Double,No_MSF,177,121590
result_SELECT_10_Heisenberg2D_cylinder_0.5_0.5_5,outer,2,random,0,10,Proj,Yes_Kink,1500,3284585
result_SELECT_10_Heisenberg2D_cylinder_0.5_0.5_6,inner,1,SA,0.001,2,Double,No_Kink,209,506498
result_SELECT_10_Heisenberg2D_cylinder_0.5_0.5_6,inner,1,SA,0.001,4,Double,No_Top,239,199075
result_SELECT_10_Heisenberg2D_cylinder_0.5_0.5_6,inner,1,SA,0.001,10,Single,No_Kink,482,826239
result_SELECT_10_Heisenberg2D_cylinder_0.5_0.5_5,outer,2,random,0,10,Proj,No_Kink,1551,3522537
result_SELECT_10_Heisenberg2D_cylinder_0.5_0.5_6,inner,1,SA,0.001,4,Proj,No_MSF,108,21372
result_SELECT_10_Heisenberg2D_cylinder_0.5_0.5_6,inner,1,SA,0.001,4,Proj,No_Top,205,45820
result_SELECT_10_Heisenberg2D_cylinder_0.5_0.5_6,inner,1,SA,0.001,2,Double,Yes_Kink,223,534638
result_SELECT_10_Heisenberg2D_cylinder_0.5_0.5_6,inner,1,SA,0.001,4,Single,No_MSF,211,146329
result_SELECT_10_Heisenberg2D_cylinder_0.5_0.5_6,inner,1,SA,0.001,4,Single,No_Top,254,207761
result_SELECT_10_Heisenberg2D_cylinder_0.5_0.5_6,inner,1,SA,0.001,6,Double,No_MSF,177,121590
result_SELECT_10_Heisenberg2D_cylinder_0.5_0.5_6,inner,1,SA,0.001,6,Double,No_Top,314,275746
result_SELECT_10_Heisenberg2D_cylinder_0.5_0.5_6,inner,1,SA,0.001,2,Single,No_Kink,278,510840
result_SELECT_10_Heisenberg2D_cylinder_0.5_0.5_6,inner,1,SA,0.001,6,Proj,No_MSF,108,21372
result_SELECT_10_Heisenberg2D_cylinder_0.5_0.5_6,inner,1,SA,0.001,6,Proj,No_Top,287,45820
result_SELECT_10_Heisenberg2D_cylinder_0.5_0.5_6,inner,1,SA,0.001,6,Single,No_MSF,211,146329
result_SELECT_10_Heisenberg2D_cylinder_0.5_0.5_6,inner,1,SA,0.001,6,Single,No_Top,331,276147
result_SELECT_10_Heisenberg2D_cylinder_0.5_0.5_6,inner,1,SA,0.001,4,Double,No_Kink,244,594548
result_SELECT_10_Heisenberg2D_cylinder_0.5_0.5_6,inner,1,SA,0.001,8,Double,No_MSF,177,121590
result_SELECT_10_Heisenberg2D_cylinder_0.5_0.5_6,inner,1,SA,0.001,4,Single,No_Kink,301,573489
result_SELECT_10_Heisenberg2D_cylinder_0.5_0.5_6,inner,1,SA,0.001,4,Double,Yes_Kink,252,608472
result_SELECT_10_Heisenberg2D_cylinder_0.5_0.5_6,inner,1,SA,0.001,8,Double,No_Top,392,343895
result_SELECT_10_Heisenberg2D_cylinder_0.5_0.5_6,inner,1,SA,0.001,8,Proj,No_MSF,108,21372
result_SELECT_10_Heisenberg2D_cylinder_0.5_0.5_6,inner,1,SA,0.001,2,Proj,No_Kink,203,912378
result_SELECT_10_Heisenberg2D_cylinder_0.5_0.5_6,inner,1,SA,0.001,8,Proj,No_Top,369,45820
result_SELECT_10_Heisenberg2D_cylinder_0.5_0.5_6,inner,1,SA,0.001,6,Double,No_Kink,316,672204
result_SELECT_10_Heisenberg2D_cylinder_0.5_0.5_6,inner,1,SA,0.001,2,Proj,Yes_Kink,213,930162
result_SELECT_10_Heisenberg2D_cylinder_0.5_0.5_6,inner,1,SA,0.001,6,Double,Yes_Kink,318,683325
result_SELECT_10_Heisenberg2D_cylinder_0.5_0.5_6,inner,1,SA,0.001,6,Single,No_Kink,343,643718
result_SELECT_10_Heisenberg2D_cylinder_0.5_0.5_6,inner,1,SA,0.001,8,Single,No_MSF,211,146329
result_SELECT_10_Heisenberg2D_cylinder_0.5_0.5_6,inner,1,SA,0.001,8,Single,No_Top,408,348843
result_SELECT_10_Heisenberg2D_cylinder_0.5_0.5_6,inner,1,SA,0.01,0,Double,No_MSF,177,121590
result_SELECT_10_Heisenberg2D_cylinder_0.5_0.5_6,inner,1,SA,0.01,0,Double,No_Top,177,145898
result_SELECT_10_Heisenberg2D_cylinder_0.5_0.5_6,inner,1,SA,0.01,0,Proj,No_MSF,108,21372
result_SELECT_10_Heisenberg2D_cylinder_0.5_0.5_6,inner,1,SA,0.01,0,Proj,No_Top,108,45820
result_SELECT_10_Heisenberg2D_cylinder_0.5_0.5_6,inner,1,SA,0.001,8,Double,No_Kink,390,771235
result_SELECT_10_Heisenberg2D_cylinder_0.5_0.5_6,inner,1,SA,0.001,4,Proj,No_Kink,248,1051353
result_SELECT_10_Heisenberg2D_cylinder_0.5_0.5_6,inner,1,SA,0.001,4,Proj,Yes_Kink,266,1082752
result_SELECT_10_Heisenberg2D_cylinder_0.5_0.5_6,inner,1,SA,0.01,0,Double,No_Kink,190,369575
result_SELECT_10_Heisenberg2D_cylinder_0.5_0.5_6,inner,1,SA,0.01,0,Single,No_MSF,211,146329
result_SELECT_10_Heisenberg2D_cylinder_0.5_0.5_6,inner,1,SA,0.01,0,Single,No_Top,211,170345
result_SELECT_10_Heisenberg2D_cylinder_0.5_0.5_6,inner,1,SA,0.01,0,Double,Yes_Kink,200,389748
result_SELECT_10_Heisenberg2D_cylinder_0.5_0.5_6,inner,1,SA,0.01,10,Double,No_MSF,177,121590
result_SELECT_10_Heisenberg2D_cylinder_0.5_0.5_6,inner,1,SA,0.001,8,Double,Yes_Kink,392,766037
result_SELECT_10_Heisenberg2D_cylinder_0.5_0.5_6,inner,1,SA,0.01,10,Double,No_Top,473,412560
result_SELECT_10_Heisenberg2D_cylinder_0.5_0.5_6,inner,1,SA,0.001,8,Single,No_Kink,409,731399
result_SELECT_10_Heisenberg2D_cylinder_0.5_0.5_6,inner,1,SA,0.01,10,Proj,No_MSF,108,21372
result_SELECT_10_Heisenberg2D_cylinder_0.5_0.5_6,inner,1,SA,0.01,10,Proj,No_Top,451,45820
result_SELECT_10_Heisenberg2D_cylinder_0.5_0.5_6,inner,1,SA,0.01,0,Single,No_Kink,234,389046
result_SELECT_10_Heisenberg2D_cylinder_0.5_0.5_6,inner,1,SA,0.01,10,Single,No_MSF,211,146329
result_SELECT_10_Heisenberg2D_cylinder_0.5_0.5_6,inner,1,SA,0.01,10,Single,No_Top,483,420755
result_SELECT_10_Heisenberg2D_cylinder_0.5_0.5_6,inner,1,SA,0.01,2,Double,No_MSF,177,121590
result_SELECT_10_Heisenberg2D_cylinder_0.5_0.5_6,inner,1,SA,0.01,2,Double,No_Top,177,146330
result_SELECT_10_Heisenberg2D_cylinder_0.5_0.5_6,inner,1,SA,0.01,0,Proj,No_Kink,162,734190
result_SELECT_10_Heisenberg2D_cylinder_0.5_0.5_6,inner,1,SA,0.01,2,Proj,No_MSF,108,21372
result_SELECT_10_Heisenberg2D_cylinder_0.5_0.5_6,inner,1,SA,0.01,10,Double,No_Kink,469,826664
result_SELECT_10_Heisenberg2D_cylinder_0.5_0.5_6,inner,1,SA,0.01,0,Proj,Yes_Kink,170,754530
result_SELECT_10_Heisenberg2D_cylinder_0.5_0.5_6,inner,1,SA,0.01,10,Double,Yes_Kink,471,815199
result_SELECT_10_Heisenberg2D_cylinder_0.5_0.5_6,inner,1,SA,0.01,2,Proj,No_Top,123,45820
result_SELECT_10_Heisenberg2D_cylinder_0.5_0.5_6,inner,1,SA,0.01,10,Single,No_Kink,489,786572
result_SELECT_10_Heisenberg2D_cylinder_0.5_0.5_6,inner,1,SA,0.01,2,Single,No_MSF,211,146329
result_SELECT_10_Heisenberg2D_cylinder_0.5_0.5_6,inner,1,SA,0.01,2,Double,No_Kink,197,444934
result_SELECT_10_Heisenberg2D_cylinder_0.5_0.5_6,inner,1,SA,0.01,2,Single,No_Top,211,170527
result_SELECT_10_Heisenberg2D_cylinder_0.5_0.5_6,inner,1,SA,0.01,4,Double,No_MSF,177,121590
result_SELECT_10_Heisenberg2D_cylinder_0.5_0.5_6,inner,1,SA,0.01,4,Double,No_Top,239,199075
result_SELECT_10_Heisenberg2D_cylinder_0.5_0.5_6,inner,1,SA,0.01,2,Double,Yes_Kink,205,478627
result_SELECT_10_Heisenberg2D_cylinder_0.5_0.5_6,inner,1,SA,0.01,4,Proj,No_MSF,108,21372
result_SELECT_10_Heisenberg2D_cylinder_0.5_0.5_6,inner,1,SA,0.01,4,Proj,No_Top,205,45820
result_SELECT_10_Heisenberg2D_cylinder_0.5_0.5_6,inner,1,SA,0.01,2,Single,No_Kink,243,454915
result_SELECT_10_Heisenberg2D_cylinder_0.5_0.5_6,inner,1,SA,0.01,4,Single,No_MSF,211,146329
result_SELECT_10_Heisenberg2D_cylinder_0.5_0.5_6,inner,1,SA,0.01,4,Double,No_Kink,247,559365
result_SELECT_10_Heisenberg2D_cylinder_0.5_0.5_6,inner,1,SA,0.01,4,Single,No_Top,254,207761
result_SELECT_10_Heisenberg2D_cylinder_0.5_0.5_6,inner,1,SA,0.01,4,Double,Yes_Kink,249,571662
result_SELECT_10_Heisenberg2D_cylinder_0.5_0.5_6,inner,1,SA,0.01,2,Proj,No_Kink,186,829504
result_SELECT_10_Heisenberg2D_cylinder_0.5_0.5_6,inner,1,SA,0.01,6,Double,No_MSF,177,121590
result_SELECT_10_Heisenberg2D_cylinder_0.5_0.5_6,inner,1,SA,0.01,6,Double,No_Top,314,275746
result_SELECT_10_Heisenberg2D_cylinder_0.5_0.5_6,inner,1,SA,0.01,2,Proj,Yes_Kink,194,848961
result_SELECT_10_Heisenberg2D_cylinder_0.5_0.5_6,inner,1,SA,0.01,4,Single,No_Kink,282,533074
result_SELECT_10_Heisenberg2D_cylinder_0.5_0.5_6,inner,1,SA,0.01,6,Proj,No_MSF,108,21372
result_SELECT_10_Heisenberg2D_cylinder_0.5_0.5_6,inner,1,SA,0.01,6,Proj,No_Top,287,45820
result_SELECT_10_Heisenberg2D_cylinder_0.5_0.5_6,inner,1,SA,0.01,6,Single,No_MSF,211,146329
result_SELECT_10_Heisenberg2D_cylinder_0.5_0.5_6,inner,1,SA,0.01,6,Single,No_Top,331,276147
result_SELECT_10_Heisenberg2D_cylinder_0.5_0.5_6,inner,1,SA,0.01,6,Double,No_Kink,316,642312
result_SELECT_10_Heisenberg2D_cylinder_0.5_0.5_6,inner,1,SA,0.01,4,Proj,No_Kink,241,1000307
result_SELECT_10_Heisenberg2D_cylinder_0.5_0.5_6,inner,1,SA,0.01,8,Double,No_MSF,177,121590
result_SELECT_10_Heisenberg2D_cylinder_0.5_0.5_6,inner,1,SA,0.001,6,Proj,No_Kink,955,3086231
result_SELECT_10_Heisenberg2D_cylinder_0.5_0.5_6,inner,1,SA,0.001,6,Proj,Yes_Kink,925,2905072
result_SELECT_10_Heisenberg2D_cylinder_0.5_0.5_6,inner,1,SA,0.01,6,Double,Yes_Kink,316,642640
result_SELECT_10_Heisenberg2D_cylinder_0.5_0.5_6,inner,1,SA,0.01,4,Proj,Yes_Kink,248,1013148
result_SELECT_10_Heisenberg2D_cylinder_0.5_0.5_6,inner,1,SA,0.01,8,Double,No_Top,392,343895
result_SELECT_10_Heisenberg2D_cylinder_0.5_0.5_6,inner,1,SA,0.01,6,Single,No_Kink,342,616457
result_SELECT_10_Heisenberg2D_cylinder_0.5_0.5_6,inner,1,SA,0.01,8,Proj,No_Top,369,45820
result_SELECT_10_Heisenberg2D_cylinder_0.5_0.5_6,inner,1,SA,0.01,8,Proj,No_MSF,108,21372
result_SELECT_10_Heisenberg2D_cylinder_0.5_0.5_6,inner,1,SA,0.01,8,Single,No_MSF,211,146329
result_SELECT_10_Heisenberg2D_cylinder_0.5_0.5_6,inner,1,SA,0.01,8,Single,No_Top,408,348843
result_SELECT_10_Heisenberg2D_cylinder_0.5_0.5_6,inner,1,SA,0.1,0,Double,No_MSF,177,121590
result_SELECT_10_Heisenberg2D_cylinder_0.5_0.5_6,inner,1,SA,0.1,0,Double,No_Top,177,145898
result_SELECT_10_Heisenberg2D_cylinder_0.5_0.5_6,inner,1,SA,0.01,8,Double,No_Kink,390,742899
result_SELECT_10_Heisenberg2D_cylinder_0.5_0.5_6,inner,1,SA,0.1,0,Proj,No_MSF,108,21372
result_SELECT_10_Heisenberg2D_cylinder_0.5_0.5_6,inner,1,SA,0.1,0,Double,No_Kink,193,361632
result_SELECT_10_Heisenberg2D_cylinder_0.5_0.5_6,inner,1,SA,0.1,0,Proj,No_Top,108,45820
result_SELECT_10_Heisenberg2D_cylinder_0.5_0.5_6,inner,1,SA,0.01,8,Double,Yes_Kink,394,733922
result_SELECT_10_Heisenberg2D_cylinder_0.5_0.5_6,inner,1,SA,0.1,0,Double,Yes_Kink,198,383845
result_SELECT_10_Heisenberg2D_cylinder_0.5_0.5_6,inner,1,SA,0.1,0,Single,No_MSF,211,146329
result_SELECT_10_Heisenberg2D_cylinder_0.5_0.5_6,inner,1,SA,0.01,8,Single,No_Kink,407,696323
result_SELECT_10_Heisenberg2D_cylinder_0.5_0.5_6,inner,1,SA,0.1,0,Single,No_Top,211,170345
result_SELECT_10_Heisenberg2D_cylinder_0.5_0.5_6,inner,1,SA,0.1,10,Double,No_MSF,177,121590
result_SELECT_10_Heisenberg2D_cylinder_0.5_0.5_6,inner,1,SA,0.1,10,Double,No_Top,473,412560
result_SELECT_10_Heisenberg2D_cylinder_0.5_0.5_6,inner,1,SA,0.1,0,Single,No_Kink,233,381150
result_SELECT_10_Heisenberg2D_cylinder_0.5_0.5_6,inner,1,SA,0.1,10,Proj,No_MSF,108,21372
result_SELECT_10_Heisenberg2D_cylinder_0.5_0.5_6,inner,1,SA,0.1,10,Proj,No_Top,451,45820
result_SELECT_10_Heisenberg2D_cylinder_0.5_0.5_6,inner,1,SA,0.1,0,Proj,No_Kink,163,734610
result_SELECT_10_Heisenberg2D_cylinder_0.5_0.5_6,inner,1,SA,0.1,10,Double,No_Kink,470,801980
result_SELECT_10_Heisenberg2D_cylinder_0.5_0.5_6,inner,1,SA,0.1,10,Double,Yes_Kink,470,792001
result_SELECT_10_Heisenberg2D_cylinder_0.5_0.5_6,inner,1,SA,0.1,10,Single,No_MSF,211,146329
result_SELECT_10_Heisenberg2D_cylinder_0.5_0.5_6,inner,1,SA,0.1,0,Proj,Yes_Kink,169,746829
result_SELECT_10_Heisenberg2D_cylinder_0.5_0.5_6,inner,1,SA,0.1,10,Single,No_Top,483,420755
result_SELECT_10_Heisenberg2D_cylinder_0.5_0.5_6,inner,1,SA,0.1,2,Double,No_MSF,177,121590
result_SELECT_10_Heisenberg2D_cylinder_0.5_0.5_6,inner,1,SA,0.01,6,Proj,Yes_Kink,625,2057021
result_SELECT_10_Heisenberg2D_cylinder_0.5_0.5_6,inner,1,SA,0.1,2,Double,No_Top,177,146330
result_SELECT_10_Heisenberg2D_cylinder_0.5_0.5_6,inner,1,SA,0.1,2,Proj,No_MSF,108,21372
result_SELECT_10_Heisenberg2D_cylinder_0.5_0.5_6,inner,1,SA,0.01,6,Proj,No_Kink,639,2168357
result_SELECT_10_Heisenberg2D_cylinder_0.5_0.5_6,inner,1,SA,0.1,2,Proj,No_Top,123,45820
result_SELECT_10_Heisenberg2D_cylinder_0.5_0.5_6,inner,1,SA,0.1,10,Single,No_Kink,483,791118
result_SELECT_10_Heisenberg2D_cylinder_0.5_0.5_6,inner,1,SA,0.1,2,Double,No_Kink,197,446783
result_SELECT_10_Heisenberg2D_cylinder_0.5_0.5_6,inner,1,SA,0.1,2,Single,No_MSF,211,146329
result_SELECT_10_Heisenberg2D_cylinder_0.5_0.5_6,inner,1,SA,0.1,2,Single,No_Top,211,170527
result_SELECT_10_Heisenberg2D_cylinder_0.5_0.5_6,inner,1,SA,0.1,2,Double,Yes_Kink,204,480064
result_SELECT_10_Heisenberg2D_cylinder_0.5_0.5_6,inner,1,SA,0.1,4,Double,No_MSF,177,121590
result_SELECT_10_Heisenberg2D_cylinder_0.5_0.5_6,inner,1,SA,0.1,4,Double,No_Top,239,199075
result_SELECT_10_Heisenberg2D_cylinder_0.5_0.5_6,inner,1,SA,0.1,2,Single,No_Kink,242,450753
result_SELECT_10_Heisenberg2D_cylinder_0.5_0.5_6,inner,1,SA,0.1,4,Proj,No_MSF,108,21372
result_SELECT_10_Heisenberg2D_cylinder_0.5_0.5_6,inner,1,SA,0.1,4,Proj,No_Top,205,45820
result_SELECT_10_Heisenberg2D_cylinder_0.5_0.5_6,inner,1,SA,0.1,2,Proj,No_Kink,186,837100
result_SELECT_10_Heisenberg2D_cylinder_0.5_0.5_6,inner,1,SA,0.1,4,Double,No_Kink,239,563771
result_SELECT_10_Heisenberg2D_cylinder_0.5_0.5_6,inner,1,SA,0.1,4,Double,Yes_Kink,245,567867
result_SELECT_10_Heisenberg2D_cylinder_0.5_0.5_6,inner,1,SA,0.1,4,Single,No_MSF,211,146329
result_SELECT_10_Heisenberg2D_cylinder_0.5_0.5_6,inner,1,SA,0.1,4,Single,No_Top,254,207761
result_SELECT_10_Heisenberg2D_cylinder_0.5_0.5_6,inner,1,SA,0.1,2,Proj,Yes_Kink,194,856445
result_SELECT_10_Heisenberg2D_cylinder_0.5_0.5_6,inner,1,SA,0.1,6,Double,No_MSF,177,121590
result_SELECT_10_Heisenberg2D_cylinder_0.5_0.5_6,inner,1,SA,0.1,6,Double,No_Top,314,275746
result_SELECT_10_Heisenberg2D_cylinder_0.5_0.5_6,inner,1,SA,0.1,4,Single,No_Kink,290,532109
result_SELECT_10_Heisenberg2D_cylinder_0.5_0.5_6,inner,1,SA,0.1,6,Proj,No_MSF,108,21372
result_SELECT_10_Heisenberg2D_cylinder_0.5_0.5_6,inner,1,SA,0.1,6,Proj,No_Top,287,45820
result_SELECT_10_Heisenberg2D_cylinder_0.5_0.5_6,inner,1,SA,0.1,4,Proj,No_Kink,228,974161
result_SELECT_10_Heisenberg2D_cylinder_0.5_0.5_6,inner,1,SA,0.001,8,Proj,Yes_Kink,2277,6213061
result_SELECT_10_Heisenberg2D_cylinder_0.5_0.5_6,inner,1,SA,0.1,6,Double,No_Kink,313,638252
result_SELECT_10_Heisenberg2D_cylinder_0.5_0.5_6,inner,1,SA,0.1,6,Single,No_MSF,211,146329
result_SELECT_10_Heisenberg2D_cylinder_0.5_0.5_6,inner,1,SA,0.1,4,Proj,Yes_Kink,244,998421
result_SELECT_10_Heisenberg2D_cylinder_0.5_0.5_6,inner,1,SA,0.1,6,Double,Yes_Kink,315,645317
result_SELECT_10_Heisenberg2D_cylinder_0.5_0.5_6,inner,1,SA,0.001,8,Proj,No_Kink,2268,6468669
result_SELECT_10_Heisenberg2D_cylinder_0.5_0.5_6,inner,1,SA,0.1,6,Single,No_Top,331,276147
result_SELECT_10_Heisenberg2D_cylinder_0.5_0.5_6,inner,1,SA,0.1,8,Double,No_MSF,177,121590
result_SELECT_10_Heisenberg2D_cylinder_0.5_0.5_6,inner,1,SA,0.1,8,Double,No_Top,392,343895
result_SELECT_10_Heisenberg2D_cylinder_0.5_0.5_6,inner,1,SA,0.1,8,Proj,No_MSF,108,21372
result_SELECT_10_Heisenberg2D_cylinder_0.5_0.5_6,inner,1,SA,0.1,8,Proj,No_Top,369,45820
result_SELECT_10_Heisenberg2D_cylinder_0.5_0.5_6,inner,1,SA,0.1,6,Single,No_Kink,338,613879
result_SELECT_10_Heisenberg2D_cylinder_0.5_0.5_6,inner,1,SA,0.1,8,Single,No_MSF,211,146329
result_SELECT_10_Heisenberg2D_cylinder_0.5_0.5_6,inner,1,SA,0.01,8,Proj,Yes_Kink,1512,4354855
result_SELECT_10_Heisenberg2D_cylinder_0.5_0.5_6,inner,1,SA,0.1,8,Single,No_Top,408,348843
result_SELECT_10_Heisenberg2D_cylinder_0.5_0.5_6,inner,1,SA,0.1,8,Double,No_Kink,390,721358
result_SELECT_10_Heisenberg2D_cylinder_0.5_0.5_6,inner,1,SA,0.1,8,Double,Yes_Kink,393,722365
result_SELECT_10_Heisenberg2D_cylinder_0.5_0.5_6,inner,1,SA,1,0,Double,No_MSF,177,121590
result_SELECT_10_Heisenberg2D_cylinder_0.5_0.5_6,inner,1,SA,1,0,Double,No_Top,177,145898
result_SELECT_10_Heisenberg2D_cylinder_0.5_0.5_6,inner,1,SA,1,0,Proj,No_MSF,108,21372
result_SELECT_10_Heisenberg2D_cylinder_0.5_0.5_6,inner,1,SA,0.01,8,Proj,No_Kink,1593,4630842
result_SELECT_10_Heisenberg2D_cylinder_0.5_0.5_6,inner,1,SA,0.01,10,Proj,Yes_Kink,2717,6713163
result_SELECT_10_Heisenberg2D_cylinder_0.5_0.5_6,inner,1,SA,1,0,Double,No_Kink,194,358501
result_SELECT_10_Heisenberg2D_cylinder_0.5_0.5_6,inner,1,SA,0.1,8,Single,No_Kink,406,698529
result_SELECT_10_Heisenberg2D_cylinder_0.5_0.5_6,inner,1,SA,1,0,Proj,No_Top,108,45820
result_SELECT_10_Heisenberg2D_cylinder_0.5_0.5_6,inner,1,SA,1,0,Single,No_MSF,211,146329
result_SELECT_10_Heisenberg2D_cylinder_0.5_0.5_6,inner,1,SA,1,0,Single,No_Top,211,170345
result_SELECT_10_Heisenberg2D_cylinder_0.5_0.5_6,inner,1,SA,1,0,Double,Yes_Kink,202,373929
result_SELECT_10_Heisenberg2D_cylinder_0.5_0.5_6,inner,1,SA,1,10,Double,No_MSF,177,121590
result_SELECT_10_Heisenberg2D_cylinder_0.5_0.5_6,inner,1,SA,1,10,Double,No_Top,473,412560
result_SELECT_10_Heisenberg2D_cylinder_0.5_0.5_6,inner,1,SA,1,10,Proj,No_MSF,108,21372
result_SELECT_10_Heisenberg2D_cylinder_0.5_0.5_6,inner,1,SA,1,0,Single,No_Kink,238,374412
result_SELECT_10_Heisenberg2D_cylinder_0.5_0.5_6,inner,1,SA,1,10,Proj,No_Top,451,45820
result_SELECT_10_Heisenberg2D_cylinder_0.5_0.5_6,inner,1,SA,0.001,10,Proj,Yes_Kink,3355,8830836
result_SELECT_10_Heisenberg2D_cylinder_0.5_0.5_6,inner,1,SA,0.1,6,Proj,No_Kink,665,2203993
result_SELECT_10_Heisenberg2D_cylinder_0.5_0.5_6,inner,1,SA,1,10,Double,No_Kink,474,825339
result_SELECT_10_Heisenberg2D_cylinder_0.5_0.5_6,inner,1,SA,0.1,6,Proj,Yes_Kink,637,2039316
result_SELECT_10_Heisenberg2D_cylinder_0.5_0.5_6,inner,1,SA,1,0,Proj,No_Kink,167,756236
result_SELECT_10_Heisenberg2D_cylinder_0.5_0.5_6,inner,1,SA,1,10,Single,No_MSF,211,146329
result_SELECT_10_Heisenberg2D_cylinder_0.5_0.5_6,inner,1,SA,1,10,Single,No_Top,483,420755
result_SELECT_10_Heisenberg2D_cylinder_0.5_0.5_6,inner,1,SA,1,0,Proj,Yes_Kink,173,763521
result_SELECT_10_Heisenberg2D_cylinder_0.5_0.5_6,inner,1,SA,1,2,Double,No_MSF,177,121590
result_SELECT_10_Heisenberg2D_cylinder_0.5_0.5_6,inner,1,SA,1,10,Double,Yes_Kink,474,818497
result_SELECT_10_Heisenberg2D_cylinder_0.5_0.5_6,inner,1,SA,1,2,Double,No_Top,177,146330
result_SELECT_10_Heisenberg2D_cylinder_0.5_0.5_6,inner,1,SA,1,2,Proj,No_MSF,108,21372
result_SELECT_10_Heisenberg2D_cylinder_0.5_0.5_6,inner,1,SA,1,2,Proj,No_Top,123,45820
result_SELECT_10_Heisenberg2D_cylinder_0.5_0.5_6,inner,1,SA,1,2,Single,No_MSF,211,146329
result_SELECT_10_Heisenberg2D_cylinder_0.5_0.5_6,inner,1,SA,1,2,Single,No_Top,211,170527
result_SELECT_10_Heisenberg2D_cylinder_0.5_0.5_6,inner,1,SA,1,10,Single,No_Kink,489,785763
result_SELECT_10_Heisenberg2D_cylinder_0.5_0.5_6,inner,1,SA,1,4,Double,No_MSF,177,121590
result_SELECT_10_Heisenberg2D_cylinder_0.5_0.5_6,inner,1,SA,1,2,Double,No_Kink,203,432720
result_SELECT_10_Heisenberg2D_cylinder_0.5_0.5_6,inner,1,SA,1,4,Double,No_Top,239,199075
result_SELECT_10_Heisenberg2D_cylinder_0.5_0.5_6,inner,1,SA,1,2,Double,Yes_Kink,214,466143
result_SELECT_10_Heisenberg2D_cylinder_0.5_0.5_6,inner,1,SA,1,2,Single,No_Kink,256,436126
result_SELECT_10_Heisenberg2D_cylinder_0.5_0.5_6,inner,1,SA,1,4,Proj,No_MSF,108,21372
result_SELECT_10_Heisenberg2D_cylinder_0.5_0.5_6,inner,1,SA,0.01,10,Proj,No_Kink,2882,7145674
result_SELECT_10_Heisenberg2D_cylinder_0.5_0.5_6,inner,1,SA,1,4,Proj,No_Top,205,45820
result_SELECT_10_Heisenberg2D_cylinder_0.5_0.5_6,inner,1,SA,0.001,10,Proj,No_Kink,3344,9238266
result_SELECT_10_Heisenberg2D_cylinder_0.5_0.5_6,inner,1,SA,1,4,Single,No_MSF,211,146329
result_SELECT_10_Heisenberg2D_cylinder_0.5_0.5_6,inner,1,SA,1,4,Single,No_Top,254,207761
result_SELECT_10_Heisenberg2D_cylinder_0.5_0.5_6,inner,1,SA,1,4,Double,No_Kink,238,555408
result_SELECT_10_Heisenberg2D_cylinder_0.5_0.5_6,inner,1,SA,1,6,Double,No_Top,314,275746
result_SELECT_10_Heisenberg2D_cylinder_0.5_0.5_6,inner,1,SA,1,6,Double,No_MSF,177,121590
result_SELECT_10_Heisenberg2D_cylinder_0.5_0.5_6,inner,1,SA,1,4,Double,Yes_Kink,247,564808
result_SELECT_10_Heisenberg2D_cylinder_0.5_0.5_6,inner,1,SA,1,6,Proj,No_MSF,108,21372
result_SELECT_10_Heisenberg2D_cylinder_0.5_0.5_6,inner,1,SA,1,2,Proj,No_Kink,201,879929
result_SELECT_10_Heisenberg2D_cylinder_0.5_0.5_6,inner,1,SA,1,6,Proj,No_Top,287,45820
result_SELECT_10_Heisenberg2D_cylinder_0.5_0.5_6,inner,1,SA,1,2,Proj,Yes_Kink,209,901307
result_SELECT_10_Heisenberg2D_cylinder_0.5_0.5_6,inner,1,SA,1,4,Single,No_Kink,298,522496
result_SELECT_10_Heisenberg2D_cylinder_0.5_0.5_6,inner,1,SA,1,6,Single,No_MSF,211,146329
result_SELECT_10_Heisenberg2D_cylinder_0.5_0.5_6,inner,1,SA,1,6,Single,No_Top,331,276147
result_SELECT_10_Heisenberg2D_cylinder_0.5_0.5_6,inner,1,SA,1,8,Double,No_MSF,177,121590
result_SELECT_10_Heisenberg2D_cylinder_0.5_0.5_6,inner,1,SA,1,8,Double,No_Top,392,343895
result_SELECT_10_Heisenberg2D_cylinder_0.5_0.5_6,inner,1,SA,1,6,Double,No_Kink,317,635300
result_SELECT_10_Heisenberg2D_cylinder_0.5_0.5_6,inner,1,SA,1,6,Double,Yes_Kink,320,648007
result_SELECT_10_Heisenberg2D_cylinder_0.5_0.5_6,inner,1,SA,1,8,Proj,No_MSF,108,21372
result_SELECT_10_Heisenberg2D_cylinder_0.5_0.5_6,inner,1,SA,0.1,10,Proj,Yes_Kink,2134,5785531
result_SELECT_10_Heisenberg2D_cylinder_0.5_0.5_6,inner,1,SA,1,8,Proj,No_Top,369,45820
result_SELECT_10_Heisenberg2D_cylinder_0.5_0.5_6,inner,1,SA,1,6,Single,No_Kink,338,620756
result_SELECT_10_Heisenberg2D_cylinder_0.5_0.5_6,inner,1,SA,1,4,Proj,No_Kink,262,1048991
result_SELECT_10_Heisenberg2D_cylinder_0.5_0.5_6,inner,1,SA,1,8,Single,No_MSF,211,146329
result_SELECT_10_Heisenberg2D_cylinder_0.5_0.5_6,inner,1,SA,1,8,Single,No_Top,408,348843
result_SELECT_10_Heisenberg2D_cylinder_0.5_0.5_6,inner,1,naive,0,0,Double,No_MSF,177,121590
result_SELECT_10_Heisenberg2D_cylinder_0.5_0.5_6,inner,1,SA,1,8,Double,No_Kink,394,739107
result_SELECT_10_Heisenberg2D_cylinder_0.5_0.5_6,inner,1,naive,0,0,Double,No_Top,177,145898
result_SELECT_10_Heisenberg2D_cylinder_0.5_0.5_6,inner,1,SA,1,4,Proj,Yes_Kink,270,1070337
result_SELECT_10_Heisenberg2D_cylinder_0.5_0.5_6,inner,1,SA,1,8,Double,Yes_Kink,394,738583
result_SELECT_10_Heisenberg2D_cylinder_0.5_0.5_6,inner,1,naive,0,0,Proj,No_MSF,108,21372
result_SELECT_10_Heisenberg2D_cylinder_0.5_0.5_6,inner,1,naive,0,0,Proj,No_Top,108,45820
result_SELECT_10_Heisenberg2D_cylinder_0.5_0.5_6,inner,1,naive,0,0,Single,No_MSF,211,146329
result_SELECT_10_Heisenberg2D_cylinder_0.5_0.5_6,inner,1,SA,1,8,Single,No_Kink,411,711330
result_SELECT_10_Heisenberg2D_cylinder_0.5_0.5_6,inner,1,naive,0,0,Single,No_Top,211,170345
result_SELECT_10_Heisenberg2D_cylinder_0.5_0.5_6,inner,1,naive,0,10,Double,No_MSF,177,121590
result_SELECT_10_Heisenberg2D_cylinder_0.5_0.5_6,inner,1,SA,0.1,10,Proj,No_Kink,2233,6266973
result_SELECT_10_Heisenberg2D_cylinder_0.5_0.5_6,inner,1,naive,0,10,Double,No_Top,473,412560
result_SELECT_10_Heisenberg2D_cylinder_0.5_0.5_6,inner,1,SA,1,6,Proj,No_Kink,498,1590379
result_SELECT_10_Heisenberg2D_cylinder_0.5_0.5_6,inner,1,SA,0.1,8,Proj,Yes_Kink,1314,3829243
result_SELECT_10_Heisenberg2D_cylinder_0.5_0.5_6,inner,1,naive,0,10,Proj,No_MSF,108,21372
result_SELECT_10_Heisenberg2D_cylinder_0.5_0.5_6,inner,1,SA,1,6,Proj,Yes_Kink,511,1571099
result_SELECT_10_Heisenberg2D_cylinder_0.5_0.5_6,inner,1,naive,0,10,Proj,No_Top,451,45820
result_SELECT_10_Heisenberg2D_cylinder_0.5_0.5_6,inner,1,naive,0,0,Double,No_Kink,680,1254204
result_SELECT_10_Heisenberg2D_cylinder_0.5_0.5_6,inner,1,naive,0,0,Double,Yes_Kink,668,1250498
result_SELECT_10_Heisenberg2D_cylinder_0.5_0.5_6,inner,1,naive,0,10,Single,No_MSF,211,146329
result_SELECT_10_Heisenberg2D_cylinder_0.5_0.5_6,inner,1,naive,0,2,Double,No_MSF,177,121590
result_SELECT_10_Heisenberg2D_cylinder_0.5_0.5_6,inner,1,naive,0,10,Single,No_Top,483,420755
result_SELECT_10_Heisenberg2D_cylinder_0.5_0.5_6,inner,1,naive,0,2,Double,No_Top,177,146330
result_SELECT_10_Heisenberg2D_cylinder_0.5_0.5_6,inner,1,SA,0.1,8,Proj,No_Kink,1377,4190051
result_SELECT_10_Heisenberg2D_cylinder_0.5_0.5_6,inner,1,naive,0,0,Single,No_Kink,924,1449201
result_SELECT_10_Heisenberg2D_cylinder_0.5_0.5_6,inner,1,naive,0,2,Proj,No_MSF,108,21372
result_SELECT_10_Heisenberg2D_cylinder_0.5_0.5_6,inner,1,naive,0,2,Proj,No_Top,123,45820
result_SELECT_10_Heisenberg2D_cylinder_0.5_0.5_6,inner,1,naive,0,10,Double,No_Kink,794,1406123
result_SELECT_10_Heisenberg2D_cylinder_0.5_0.5_6,inner,1,naive,0,2,Single,No_MSF,211,146329
result_SELECT_10_Heisenberg2D_cylinder_0.5_0.5_6,inner,1,naive,0,2,Single,No_Top,211,170527
result_SELECT_10_Heisenberg2D_cylinder_0.5_0.5_6,inner,1,naive,0,10,Double,Yes_Kink,794,1402437
result_SELECT_10_Heisenberg2D_cylinder_0.5_0.5_6,inner,1,SA,1,10,Proj,Yes_Kink,1617,4160446
result_SELECT_10_Heisenberg2D_cylinder_0.5_0.5_6,inner,1,naive,0,4,Double,No_MSF,177,121590
result_SELECT_10_Heisenberg2D_cylinder_0.5_0.5_6,inner,1,naive,0,4,Double,No_Top,239,199075
result_SELECT_10_Heisenberg2D_cylinder_0.5_0.5_6,inner,1,SA,1,10,Proj,No_Kink,1672,4411351
result_SELECT_10_Heisenberg2D_cylinder_0.5_0.5_6,inner,1,naive,0,2,Double,No_Kink,671,1274823
result_SELECT_10_Heisenberg2D_cylinder_0.5_0.5_6,inner,1,naive,0,4,Proj,No_MSF,108,21372
result_SELECT_10_Heisenberg2D_cylinder_0.5_0.5_6,inner,1,naive,0,4,Proj,No_Top,205,45820
result_SELECT_10_Heisenberg2D_cylinder_0.5_0.5_6,inner,1,SA,1,8,Proj,No_Kink,974,2821006
result_SELECT_10_Heisenberg2D_cylinder_0.5_0.5_6,inner,1,naive,0,10,Single,No_Kink,1044,1552041
result_SELECT_10_Heisenberg2D_cylinder_0.5_0.5_6,inner,1,naive,0,4,Single,No_MSF,211,146329
result_SELECT_10_Heisenberg2D_cylinder_0.5_0.5_6,inner,1,naive,0,2,Double,Yes_Kink,673,1266255
result_SELECT_10_Heisenberg2D_cylinder_0.5_0.5_6,inner,1,naive,0,4,Single,No_Top,254,207761
result_SELECT_10_Heisenberg2D_cylinder_0.5_0.5_6,inner,1,naive,0,6,Double,No_MSF,177,121590
result_SELECT_10_Heisenberg2D_cylinder_0.5_0.5_6,inner,1,naive,0,6,Double,No_Top,314,275746
result_SELECT_10_Heisenberg2D_cylinder_0.5_0.5_6,inner,1,naive,0,2,Single,No_Kink,931,1451704
result_SELECT_10_Heisenberg2D_cylinder_0.5_0.5_6,inner,1,naive,0,6,Proj,No_MSF,108,21372
result_SELECT_10_Heisenberg2D_cylinder_0.5_0.5_6,inner,1,SA,1,8,Proj,Yes_Kink,955,2651005
result_SELECT_10_Heisenberg2D_cylinder_0.5_0.5_6,inner,1,naive,0,6,Proj,No_Top,287,45820
result_SELECT_10_Heisenberg2D_cylinder_0.5_0.5_6,inner,1,naive,0,4,Double,No_Kink,699,1306728
result_SELECT_10_Heisenberg2D_cylinder_0.5_0.5_6,inner,1,naive,0,6,Single,No_MSF,211,146329
result_SELECT_10_Heisenberg2D_cylinder_0.5_0.5_6,inner,1,naive,0,6,Single,No_Top,331,276147
result_SELECT_10_Heisenberg2D_cylinder_0.5_0.5_6,inner,1,naive,0,4,Double,Yes_Kink,686,1293163
result_SELECT_10_Heisenberg2D_cylinder_0.5_0.5_6,inner,1,naive,0,0,Proj,Yes_Kink,697,3070769
result_SELECT_10_Heisenberg2D_cylinder_0.5_0.5_6,inner,1,naive,0,8,Double,No_MSF,177,121590
result_SELECT_10_Heisenberg2D_cylinder_0.5_0.5_6,inner,1,naive,0,8,Double,No_Top,392,343895
result_SELECT_10_Heisenberg2D_cylinder_0.5_0.5_6,inner,1,naive,0,4,Single,No_Kink,953,1472111
result_SELECT_10_Heisenberg2D_cylinder_0.5_0.5_6,inner,1,naive,0,8,Proj,No_MSF,108,21372
result_SELECT_10_Heisenberg2D_cylinder_0.5_0.5_6,inner,1,naive,0,8,Proj,No_Top,369,45820
result_SELECT_10_Heisenberg2D_cylinder_0.5_0.5_6,inner,1,naive,0,0,Proj,No_Kink,683,3044068
result_SELECT_10_Heisenberg2D_cylinder_0.5_0.5_6,inner,1,naive,0,6,Double,No_Kink,730,1331163
result_SELECT_10_Heisenberg2D_cylinder_0.5_0.5_6,inner,1,naive,0,8,Single,No_MSF,211,146329
result_SELECT_10_Heisenberg2D_cylinder_0.5_0.5_6,inner,1,naive,0,6,Double,Yes_Kink,730,1329415
result_SELECT_10_Heisenberg2D_cylinder_0.5_0.5_6,inner,1,naive,0,8,Single,No_Top,408,348843
result_SELECT_10_Heisenberg2D_cylinder_0.5_0.5_6,inner,1,random,0,0,Double,No_MSF,177,121590
result_SELECT_10_Heisenberg2D_cylinder_0.5_0.5_6,inner,1,naive,0,6,Single,No_Kink,973,1492310
result_SELECT_10_Heisenberg2D_cylinder_0.5_0.5_6,inner,1,random,0,0,Double,No_Top,177,145898
result_SELECT_10_Heisenberg2D_cylinder_0.5_0.5_6,inner,1,naive,0,8,Double,No_Kink,765,1368084
result_SELECT_10_Heisenberg2D_cylinder_0.5_0.5_6,inner,1,naive,0,2,Proj,No_Kink,684,3044090
result_SELECT_10_Heisenberg2D_cylinder_0.5_0.5_6,inner,1,random,0,0,Proj,No_MSF,108,21372
result_SELECT_10_Heisenberg2D_cylinder_0.5_0.5_6,inner,1,random,0,0,Proj,No_Top,108,45820
result_SELECT_10_Heisenberg2D_cylinder_0.5_0.5_6,inner,1,naive,0,8,Double,Yes_Kink,768,1379201
result_SELECT_10_Heisenberg2D_cylinder_0.5_0.5_6,inner,1,random,0,0,Single,No_MSF,211,146329
result_SELECT_10_Heisenberg2D_cylinder_0.5_0.5_6,inner,1,random,0,0,Single,No_Top,211,170345
result_SELECT_10_Heisenberg2D_cylinder_0.5_0.5_6,inner,1,naive,0,8,Single,No_Kink,1014,1530192
result_SELECT_10_Heisenberg2D_cylinder_0.5_0.5_6,inner,1,naive,0,2,Proj,Yes_Kink,696,3056641
result_SELECT_10_Heisenberg2D_cylinder_0.5_0.5_6,inner,1,random,0,0,Double,No_Kink,374,1096099
result_SELECT_10_Heisenberg2D_cylinder_0.5_0.5_6,inner,1,random,0,10,Double,No_MSF,177,121590
result_SELECT_10_Heisenberg2D_cylinder_0.5_0.5_6,inner,1,random,0,10,Double,No_Top,473,412560
result_SELECT_10_Heisenberg2D_cylinder_0.5_0.5_6,inner,1,random,0,10,Proj,No_MSF,108,21372
result_SELECT_10_Heisenberg2D_cylinder_0.5_0.5_6,inner,1,random,0,0,Double,Yes_Kink,378,1103361
result_SELECT_10_Heisenberg2D_cylinder_0.5_0.5_6,inner,1,naive,0,4,Proj,No_Kink,682,3035282
result_SELECT_10_Heisenberg2D_cylinder_0.5_0.5_6,inner,1,random,0,10,Proj,No_Top,451,45820
result_SELECT_10_Heisenberg2D_cylinder_0.5_0.5_6,inner,1,random,0,0,Proj,No_Kink,268,1221890
result_SELECT_10_Heisenberg2D_cylinder_0.5_0.5_6,inner,1,naive,0,4,Proj,Yes_Kink,699,3063509
result_SELECT_10_Heisenberg2D_cylinder_0.5_0.5_6,inner,1,naive,0,10,Proj,No_Kink,1107,4647891
result_SELECT_10_Heisenberg2D_cylinder_0.5_0.5_6,inner,1,random,0,10,Single,No_MSF,211,146329
result_SELECT_10_Heisenberg2D_cylinder_0.5_0.5_6,inner,1,random,0,10,Single,No_Top,483,420755
result_SELECT_10_Heisenberg2D_cylinder_0.5_0.5_6,inner,1,random,0,2,Double,No_MSF,177,121590
result_SELECT_10_Heisenberg2D_cylinder_0.5_0.5_6,inner,1,random,0,2,Double,No_Top,177,146330
result_SELECT_10_Heisenberg2D_cylinder_0.5_0.5_6,inner,1,random,0,0,Single,No_Kink,663,1365962
result_SELECT_10_Heisenberg2D_cylinder_0.5_0.5_6,inner,1,random,0,2,Proj,No_MSF,108,21372
result_SELECT_10_Heisenberg2D_cylinder_0.5_0.5_6,inner,1,random,0,2,Proj,No_Top,123,45820
result_SELECT_10_Heisenberg2D_cylinder_0.5_0.5_6,inner,1,naive,0,10,Proj,Yes_Kink,1181,4765904
result_SELECT_10_Heisenberg2D_cylinder_0.5_0.5_6,inner,1,random,0,2,Single,No_MSF,211,146329
result_SELECT_10_Heisenberg2D_cylinder_0.5_0.5_6,inner,1,random,0,2,Single,No_Top,211,170527
result_SELECT_10_Heisenberg2D_cylinder_0.5_0.5_6,inner,1,random,0,0,Proj,Yes_Kink,275,1232441
result_SELECT_10_Heisenberg2D_cylinder_0.5_0.5_6,inner,1,naive,0,6,Proj,No_Kink,692,3076928
result_SELECT_10_Heisenberg2D_cylinder_0.5_0.5_6,inner,1,random,0,4,Double,No_MSF,177,121590
result_SELECT_10_Heisenberg2D_cylinder_0.5_0.5_6,inner,1,random,0,4,Double,No_Top,239,199075
result_SELECT_10_Heisenberg2D_cylinder_0.5_0.5_6,inner,1,random,0,10,Double,No_Kink,483,1290227
result_SELECT_10_Heisenberg2D_cylinder_0.5_0.5_6,inner,1,naive,0,6,Proj,Yes_Kink,707,3090725
result_SELECT_10_Heisenberg2D_cylinder_0.5_0.5_6,inner,1,random,0,10,Double,Yes_Kink,487,1301564
result_SELECT_10_Heisenberg2D_cylinder_0.5_0.5_6,inner,1,random,0,4,Proj,No_MSF,108,21372
result_SELECT_10_Heisenberg2D_cylinder_0.5_0.5_6,inner,1,random,0,2,Double,No_Kink,380,1111561
result_SELECT_10_Heisenberg2D_cylinder_0.5_0.5_6,inner,1,random,0,10,Single,No_Kink,697,1441720
result_SELECT_10_Heisenberg2D_cylinder_0.5_0.5_6,inner,1,random,0,4,Proj,No_Top,205,45820
result_SELECT_10_Heisenberg2D_cylinder_0.5_0.5_6,inner,1,random,0,4,Single,No_MSF,211,146329
result_SELECT_10_Heisenberg2D_cylinder_0.5_0.5_6,inner,1,random,0,4,Single,No_Top,254,207761
result_SELECT_10_Heisenberg2D_cylinder_0.5_0.5_6,inner,1,random,0,6,Double,No_MSF,177,121590
result_SELECT_10_Heisenberg2D_cylinder_0.5_0.5_6,inner,1,naive,0,8,Proj,No_Kink,736,3245901
result_SELECT_10_Heisenberg2D_cylinder_0.5_0.5_6,inner,1,random,0,6,Double,No_Top,314,275746
result_SELECT_10_Heisenberg2D_cylinder_0.5_0.5_6,inner,1,random,0,2,Double,Yes_Kink,388,1127948
result_SELECT_10_Heisenberg2D_cylinder_0.5_0.5_6,inner,1,random,0,2,Proj,No_Kink,281,1278453
result_SELECT_10_Heisenberg2D_cylinder_0.5_0.5_6,inner,1,random,0,6,Proj,No_Top,287,45820
result_SELECT_10_Heisenberg2D_cylinder_0.5_0.5_6,inner,1,random,0,6,Proj,No_MSF,108,21372
result_SELECT_10_Heisenberg2D_cylinder_0.5_0.5_6,inner,1,random,0,6,Single,No_MSF,211,146329
result_SELECT_10_Heisenberg2D_cylinder_0.5_0.5_6,inner,1,random,0,2,Single,No_Kink,664,1371252
result_SELECT_10_Heisenberg2D_cylinder_0.5_0.5_6,inner,1,random,0,2,Proj,Yes_Kink,287,1282514
result_SELECT_10_Heisenberg2D_cylinder_0.5_0.5_6,inner,1,random,0,6,Single,No_Top,331,276147
result_SELECT_10_Heisenberg2D_cylinder_0.5_0.5_6,inner,1,naive,0,8,Proj,Yes_Kink,744,3238855
result_SELECT_10_Heisenberg2D_cylinder_0.5_0.5_6,inner,1,random,0,8,Double,No_MSF,177,121590
result_SELECT_10_Heisenberg2D_cylinder_0.5_0.5_6,inner,1,random,0,8,Double,No_Top,392,343895
result_SELECT_10_Heisenberg2D_cylinder_0.5_0.5_6,inner,1,random,0,4,Double,Yes_Kink,400,1167639
result_SELECT_10_Heisenberg2D_cylinder_0.5_0.5_6,inner,1,random,0,8,Proj,No_MSF,108,21372
result_SELECT_10_Heisenberg2D_cylinder_0.5_0.5_6,inner,1,random,0,8,Proj,No_Top,369,45820
result_SELECT_10_Heisenberg2D_cylinder_0.5_0.5_6,inner,1,random,0,4,Double,No_Kink,388,1137111
result_SELECT_10_Heisenberg2D_cylinder_0.5_0.5_6,inner,1,random,0,4,Single,No_Kink,666,1373402
result_SELECT_10_Heisenberg2D_cylinder_0.5_0.5_6,inner,1,random,0,8,Single,No_MSF,211,146329
result_SELECT_10_Heisenberg2D_cylinder_0.5_0.5_6,inner,1,random,0,8,Single,No_Top,408,348843
result_SELECT_10_Heisenberg2D_cylinder_0.5_0.5_6,inner,2,SA,0.001,0,Double,No_MSF,177,121590
result_SELECT_10_Heisenberg2D_cylinder_0.5_0.5_6,inner,1,random,0,4,Proj,No_Kink,314,1414960
result_SELECT_10_Heisenberg2D_cylinder_0.5_0.5_6,inner,2,SA,0.001,0,Double,No_Top,177,145898
result_SELECT_10_Heisenberg2D_cylinder_0.5_0.5_6,inner,1,random,0,6,Double,No_Kink,411,1209962
result_SELECT_10_Heisenberg2D_cylinder_0.5_0.5_6,inner,1,random,0,6,Double,Yes_Kink,418,1223798
result_SELECT_10_Heisenberg2D_cylinder_0.5_0.5_6,inner,2,SA,0.001,0,Double,No_Kink,181,306730
result_SELECT_10_Heisenberg2D_cylinder_0.5_0.5_6,inner,2,SA,0.001,0,Proj,No_MSF,108,21372
result_SELECT_10_Heisenberg2D_cylinder_0.5_0.5_6,inner,2,SA,0.001,0,Proj,No_Top,108,45820
result_SELECT_10_Heisenberg2D_cylinder_0.5_0.5_6,inner,2,SA,0.001,0,Double,Yes_Kink,187,315599
result_SELECT_10_Heisenberg2D_cylinder_0.5_0.5_6,inner,2,SA,0.001,0,Single,No_MSF,211,146329
result_SELECT_10_Heisenberg2D_cylinder_0.5_0.5_6,inner,1,random,0,4,Proj,Yes_Kink,326,1432069
result_SELECT_10_Heisenberg2D_cylinder_0.5_0.5_6,inner,2,SA,0.001,0,Single,No_Top,211,170345
result_SELECT_10_Heisenberg2D_cylinder_0.5_0.5_6,inner,1,random,0,6,Single,No_Kink,677,1398925
result_SELECT_10_Heisenberg2D_cylinder_0.5_0.5_6,inner,2,SA,0.001,10,Double,No_MSF,177,121590
result_SELECT_10_Heisenberg2D_cylinder_0.5_0.5_6,inner,2,SA,0.001,0,Single,No_Kink,214,314414
result_SELECT_10_Heisenberg2D_cylinder_0.5_0.5_6,inner,2,SA,0.001,10,Double,No_Top,473,412560
result_SELECT_10_Heisenberg2D_cylinder_0.5_0.5_6,inner,1,random,0,8,Double,No_Kink,438,1250545
result_SELECT_10_Heisenberg2D_cylinder_0.5_0.5_6,inner,1,random,0,8,Double,Yes_Kink,444,1263788
result_SELECT_10_Heisenberg2D_cylinder_0.5_0.5_6,inner,2,SA,0.001,0,Single,Yes_Kink,215,330938
result_SELECT_10_Heisenberg2D_cylinder_0.5_0.5_6,inner,2,SA,0.001,10,Proj,No_MSF,108,21372
result_SELECT_10_Heisenberg2D_cylinder_0.5_0.5_6,inner,2,SA,0.001,10,Proj,No_Top,451,45820
result_SELECT_10_Heisenberg2D_cylinder_0.5_0.5_6,inner,2,SA,0.001,0,Proj,No_Kink,140,658341
result_SELECT_10_Heisenberg2D_cylinder_0.5_0.5_6,inner,1,random,0,8,Single,No_Kink,684,1409801
result_SELECT_10_Heisenberg2D_cylinder_0.5_0.5_6,inner,2,SA,0.001,10,Single,No_MSF,211,146329
result_SELECT_10_Heisenberg2D_cylinder_0.5_0.5_6,inner,2,SA,0.001,10,Single,No_Top,483,420755
result_SELECT_10_Heisenberg2D_cylinder_0.5_0.5_6,inner,2,SA,0.001,10,Double,No_Kink,473,685997
result_SELECT_10_Heisenberg2D_cylinder_0.5_0.5_6,inner,2,SA,0.001,0,Proj,Yes_Kink,143,656457
result_SELECT_10_Heisenberg2D_cylinder_0.5_0.5_6,inner,2,SA,0.001,10,Double,Yes_Kink,479,694093
result_SELECT_10_Heisenberg2D_cylinder_0.5_0.5_6,inner,2,SA,0.001,2,Double,No_MSF,177,121590
result_SELECT_10_Heisenberg2D_cylinder_0.5_0.5_6,inner,2,SA,0.001,2,Double,No_Top,177,146330
result_SELECT_10_Heisenberg2D_cylinder_0.5_0.5_6,inner,2,SA,0.001,2,Proj,No_MSF,108,21372
result_SELECT_10_Heisenberg2D_cylinder_0.5_0.5_6,inner,2,SA,0.001,2,Proj,No_Top,123,45820
result_SELECT_10_Heisenberg2D_cylinder_0.5_0.5_6,inner,2,SA,0.001,10,Single,No_Kink,484,665735
result_SELECT_10_Heisenberg2D_cylinder_0.5_0.5_6,inner,1,random,0,6,Proj,Yes_Kink,491,2061273
result_SELECT_10_Heisenberg2D_cylinder_0.5_0.5_6,inner,2,SA,0.001,2,Double,No_Kink,183,360586
result_SELECT_10_Heisenberg2D_cylinder_0.5_0.5_6,inner,1,random,0,6,Proj,No_Kink,501,2152630
result_SELECT_10_Heisenberg2D_cylinder_0.5_0.5_6,inner,2,SA,0.001,10,Single,Yes_Kink,484,682348
result_SELECT_10_Heisenberg2D_cylinder_0.5_0.5_6,inner,2,SA,0.001,2,Single,No_MSF,211,146329
result_SELECT_10_Heisenberg2D_cylinder_0.5_0.5_6,inner,2,SA,0.001,2,Single,No_Top,211,170527
result_SELECT_10_Heisenberg2D_cylinder_0.5_0.5_6,inner,2,SA,0.001,4,Double,No_MSF,177,121590
result_SELECT_10_Heisenberg2D_cylinder_0.5_0.5_6,inner,2,SA,0.001,2,Double,Yes_Kink,190,365518
result_SELECT_10_Heisenberg2D_cylinder_0.5_0.5_6,inner,2,SA,0.001,4,Double,No_Top,239,199075
result_SELECT_10_Heisenberg2D_cylinder_0.5_0.5_6,inner,2,SA,0.001,2,Single,No_Kink,215,357990
result_SELECT_10_Heisenberg2D_cylinder_0.5_0.5_6,inner,2,SA,0.001,4,Proj,No_MSF,108,21372
result_SELECT_10_Heisenberg2D_cylinder_0.5_0.5_6,inner,2,SA,0.001,4,Proj,No_Top,205,45820
result_SELECT_10_Heisenberg2D_cylinder_0.5_0.5_6,inner,2,SA,0.001,4,Single,No_MSF,211,146329
result_SELECT_10_Heisenberg2D_cylinder_0.5_0.5_6,inner,2,SA,0.001,2,Single,Yes_Kink,217,374266
result_SELECT_10_Heisenberg2D_cylinder_0.5_0.5_6,inner,2,SA,0.001,4,Single,No_Top,254,207761
result_SELECT_10_Heisenberg2D_cylinder_0.5_0.5_6,inner,2,SA,0.001,4,Double,No_Kink,241,441321
result_SELECT_10_Heisenberg2D_cylinder_0.5_0.5_6,inner,2,SA,0.001,4,Double,Yes_Kink,240,444978
result_SELECT_10_Heisenberg2D_cylinder_0.5_0.5_6,inner,2,SA,0.001,6,Double,No_MSF,177,121590
result_SELECT_10_Heisenberg2D_cylinder_0.5_0.5_6,inner,2,SA,0.001,6,Double,No_Top,314,275746
result_SELECT_10_Heisenberg2D_cylinder_0.5_0.5_6,inner,2,SA,0.001,4,Single,No_Kink,249,434559
result_SELECT_10_Heisenberg2D_cylinder_0.5_0.5_6,inner,2,SA,0.001,6,Proj,No_MSF,108,21372
result_SELECT_10_Heisenberg2D_cylinder_0.5_0.5_6,inner,2,SA,0.001,2,Proj,No_Kink,159,707165
result_SELECT_10_Heisenberg2D_cylinder_0.5_0.5_6,inner,2,SA,0.001,2,Proj,Yes_Kink,162,708289
result_SELECT_10_Heisenberg2D_cylinder_0.5_0.5_6,inner,2,SA,0.001,6,Proj,No_Top,287,45820
result_SELECT_10_Heisenberg2D_cylinder_0.5_0.5_6,inner,2,SA,0.001,4,Single,Yes_Kink,252,451683
result_SELECT_10_Heisenberg2D_cylinder_0.5_0.5_6,inner,2,SA,0.001,6,Single,No_MSF,211,146329
result_SELECT_10_Heisenberg2D_cylinder_0.5_0.5_6,inner,2,SA,0.001,6,Double,No_Kink,315,525283
result_SELECT_10_Heisenberg2D_cylinder_0.5_0.5_6,inner,2,SA,0.001,6,Single,No_Top,331,276147
result_SELECT_10_Heisenberg2D_cylinder_0.5_0.5_6,inner,2,SA,0.001,8,Double,No_MSF,177,121590
result_SELECT_10_Heisenberg2D_cylinder_0.5_0.5_6,inner,2,SA,0.001,8,Double,No_Top,392,343895
result_SELECT_10_Heisenberg2D_cylinder_0.5_0.5_6,inner,2,SA,0.001,6,Double,Yes_Kink,322,531010
result_SELECT_10_Heisenberg2D_cylinder_0.5_0.5_6,inner,2,SA,0.001,8,Proj,No_MSF,108,21372
result_SELECT_10_Heisenberg2D_cylinder_0.5_0.5_6,inner,2,SA,0.001,4,Proj,No_Kink,246,934551
result_SELECT_10_Heisenberg2D_cylinder_0.5_0.5_6,inner,2,SA,0.001,6,Single,No_Kink,333,513150
result_SELECT_10_Heisenberg2D_cylinder_0.5_0.5_6,inner,2,SA,0.001,8,Proj,No_Top,369,45820
result_SELECT_10_Heisenberg2D_cylinder_0.5_0.5_6,inner,2,SA,0.001,6,Single,Yes_Kink,333,528890
result_SELECT_10_Heisenberg2D_cylinder_0.5_0.5_6,inner,2,SA,0.001,4,Proj,Yes_Kink,241,895232
result_SELECT_10_Heisenberg2D_cylinder_0.5_0.5_6,inner,2,SA,0.001,8,Double,No_Kink,394,612804
result_SELECT_10_Heisenberg2D_cylinder_0.5_0.5_6,inner,2,SA,0.001,8,Single,No_MSF,211,146329
result_SELECT_10_Heisenberg2D_cylinder_0.5_0.5_6,inner,2,SA,0.001,8,Single,No_Top,408,348843
result_SELECT_10_Heisenberg2D_cylinder_0.5_0.5_6,inner,2,SA,0.01,0,Double,No_MSF,177,121590
result_SELECT_10_Heisenberg2D_cylinder_0.5_0.5_6,inner,2,SA,0.001,8,Double,Yes_Kink,395,614065
result_SELECT_10_Heisenberg2D_cylinder_0.5_0.5_6,inner,2,SA,0.01,0,Double,No_Top,177,145898
result_SELECT_10_Heisenberg2D_cylinder_0.5_0.5_6,inner,2,SA,0.01,0,Proj,No_MSF,108,21372
result_SELECT_10_Heisenberg2D_cylinder_0.5_0.5_6,inner,2,SA,0.001,8,Single,No_Kink,408,582333
result_SELECT_10_Heisenberg2D_cylinder_0.5_0.5_6,inner,2,SA,0.01,0,Double,No_Kink,180,301519
result_SELECT_10_Heisenberg2D_cylinder_0.5_0.5_6,inner,2,SA,0.01,0,Proj,No_Top,108,45820
result_SELECT_10_Heisenberg2D_cylinder_0.5_0.5_6,inner,2,SA,0.01,0,Single,No_MSF,211,146329
result_SELECT_10_Heisenberg2D_cylinder_0.5_0.5_6,inner,2,SA,0.01,0,Double,Yes_Kink,188,313329
result_SELECT_10_Heisenberg2D_cylinder_0.5_0.5_6,inner,2,SA,0.001,8,Single,Yes_Kink,408,596715
result_SELECT_10_Heisenberg2D_cylinder_0.5_0.5_6,inner,2,SA,0.01,0,Single,No_Top,211,170345
result_SELECT_10_Heisenberg2D_cylinder_0.5_0.5_6,inner,2,SA,0.01,0,Single,No_Kink,212,309023
result_SELECT_10_Heisenberg2D_cylinder_0.5_0.5_6,inner,2,SA,0.01,10,Double,No_MSF,177,121590
result_SELECT_10_Heisenberg2D_cylinder_0.5_0.5_6,inner,1,random,0,8,Proj,No_Kink,864,3676247
result_SELECT_10_Heisenberg2D_cylinder_0.5_0.5_6,inner,2,SA,0.01,10,Double,No_Top,473,412560
result_SELECT_10_Heisenberg2D_cylinder_0.5_0.5_6,inner,2,SA,0.01,0,Single,Yes_Kink,215,325685
result_SELECT_10_Heisenberg2D_cylinder_0.5_0.5_6,inner,2,SA,0.01,10,Proj,No_MSF,108,21372
result_SELECT_10_Heisenberg2D_cylinder_0.5_0.5_6,inner,2,SA,0.01,0,Proj,No_Kink,142,669863
result_SELECT_10_Heisenberg2D_cylinder_0.5_0.5_6,inner,2,SA,0.01,10,Proj,No_Top,451,45820
result_SELECT_10_Heisenberg2D_cylinder_0.5_0.5_6,inner,2,SA,0.01,10,Single,No_MSF,211,146329
result_SELECT_10_Heisenberg2D_cylinder_0.5_0.5_6,inner,2,SA,0.01,10,Double,No_Kink,473,699616
result_SELECT_10_Heisenberg2D_cylinder_0.5_0.5_6,inner,2,SA,0.01,0,Proj,Yes_Kink,147,676263
result_SELECT_10_Heisenberg2D_cylinder_0.5_0.5_6,inner,2,SA,0.01,10,Single,No_Top,483,420755
result_SELECT_10_Heisenberg2D_cylinder_0.5_0.5_6,inner,1,random,0,8,Proj,Yes_Kink,880,3658138
result_SELECT_10_Heisenberg2D_cylinder_0.5_0.5_6,inner,2,SA,0.01,10,Double,Yes_Kink,476,694442
result_SELECT_10_Heisenberg2D_cylinder_0.5_0.5_6,inner,2,SA,0.01,2,Double,No_MSF,177,121590
result_SELECT_10_Heisenberg2D_cylinder_0.5_0.5_6,inner,2,SA,0.01,2,Double,No_Top,177,146330
result_SELECT_10_Heisenberg2D_cylinder_0.5_0.5_6,inner,2,SA,0.001,6,Proj,Yes_Kink,623,1974538
result_SELECT_10_Heisenberg2D_cylinder_0.5_0.5_6,inner,2,SA,0.01,10,Single,No_Kink,484,671730
result_SELECT_10_Heisenberg2D_cylinder_0.5_0.5_6,inner,1,random,0,10,Proj,No_Kink,1388,5713207
result_SELECT_10_Heisenberg2D_cylinder_0.5_0.5_6,inner,2,SA,0.01,2,Proj,No_MSF,108,21372
result_SELECT_10_Heisenberg2D_cylinder_0.5_0.5_6,inner,2,SA,0.01,2,Proj,No_Top,123,45820
result_SELECT_10_Heisenberg2D_cylinder_0.5_0.5_6,inner,2,SA,0.01,2,Double,No_Kink,182,361583
result_SELECT_10_Heisenberg2D_cylinder_0.5_0.5_6,inner,1,random,0,10,Proj,Yes_Kink,1337,5476677
result_SELECT_10_Heisenberg2D_cylinder_0.5_0.5_6,inner,2,SA,0.001,6,Proj,No_Kink,630,2149775
result_SELECT_10_Heisenberg2D_cylinder_0.5_0.5_6,inner,2,SA,0.01,2,Single,No_MSF,211,146329
result_SELECT_10_Heisenberg2D_cylinder_0.5_0.5_6,inner,2,SA,0.01,2,Single,No_Top,211,170527
result_SELECT_10_Heisenberg2D_cylinder_0.5_0.5_6,inner,2,SA,0.01,10,Single,Yes_Kink,484,688492
result_SELECT_10_Heisenberg2D_cylinder_0.5_0.5_6,inner,2,SA,0.01,2,Double,Yes_Kink,190,366348
result_SELECT_10_Heisenberg2D_cylinder_0.5_0.5_6,inner,2,SA,0.01,4,Double,No_MSF,177,121590
result_SELECT_10_Heisenberg2D_cylinder_0.5_0.5_6,inner,2,SA,0.01,4,Double,No_Top,239,199075
result_SELECT_10_Heisenberg2D_cylinder_0.5_0.5_6,inner,2,SA,0.01,4,Proj,No_MSF,108,21372
result_SELECT_10_Heisenberg2D_cylinder_0.5_0.5_6,inner,2,SA,0.01,4,Proj,No_Top,205,45820
result_SELECT_10_Heisenberg2D_cylinder_0.5_0.5_6,inner,2,SA,0.01,2,Single,No_Kink,213,359518
result_SELECT_10_Heisenberg2D_cylinder_0.5_0.5_6,inner,2,SA,0.01,4,Single,No_MSF,211,146329
result_SELECT_10_Heisenberg2D_cylinder_0.5_0.5_6,inner,2,SA,0.01,2,Single,Yes_Kink,216,374269
result_SELECT_10_Heisenberg2D_cylinder_0.5_0.5_6,inner,2,SA,0.01,4,Single,No_Top,254,207761
result_SELECT_10_Heisenberg2D_cylinder_0.5_0.5_6,inner,2,SA,0.01,4,Double,No_Kink,237,443669
result_SELECT_10_Heisenberg2D_cylinder_0.5_0.5_6,inner,2,SA,0.01,4,Double,Yes_Kink,242,443638
result_SELECT_10_Heisenberg2D_cylinder_0.5_0.5_6,inner,2,SA,0.01,6,Double,No_MSF,177,121590
result_SELECT_10_Heisenberg2D_cylinder_0.5_0.5_6,inner,2,SA,0.01,6,Double,No_Top,314,275746
result_SELECT_10_Heisenberg2D_cylinder_0.5_0.5_6,inner,2,SA,0.01,2,Proj,No_Kink,161,729520
result_SELECT_10_Heisenberg2D_cylinder_0.5_0.5_6,inner,2,SA,0.01,4,Single,No_Kink,253,439860
result_SELECT_10_Heisenberg2D_cylinder_0.5_0.5_6,inner,2,SA,0.01,6,Proj,No_MSF,108,21372
result_SELECT_10_Heisenberg2D_cylinder_0.5_0.5_6,inner,2,SA,0.01,2,Proj,Yes_Kink,164,731812
result_SELECT_10_Heisenberg2D_cylinder_0.5_0.5_6,inner,2,SA,0.01,6,Proj,No_Top,287,45820
result_SELECT_10_Heisenberg2D_cylinder_0.5_0.5_6,inner,2,SA,0.01,6,Single,No_MSF,211,146329
result_SELECT_10_Heisenberg2D_cylinder_0.5_0.5_6,inner,2,SA,0.01,4,Single,Yes_Kink,249,452790
result_SELECT_10_Heisenberg2D_cylinder_0.5_0.5_6,inner,2,SA,0.01,6,Single,No_Top,331,276147
result_SELECT_10_Heisenberg2D_cylinder_0.5_0.5_6,inner,2,SA,0.01,6,Double,No_Kink,316,528895
result_SELECT_10_Heisenberg2D_cylinder_0.5_0.5_6,inner,2,SA,0.01,8,Double,No_MSF,177,121590
result_SELECT_10_Heisenberg2D_cylinder_0.5_0.5_6,inner,2,SA,0.01,8,Double,No_Top,392,343895
result_SELECT_10_Heisenberg2D_cylinder_0.5_0.5_6,inner,2,SA,0.01,6,Double,Yes_Kink,321,531864
result_SELECT_10_Heisenberg2D_cylinder_0.5_0.5_6,inner,2,SA,0.01,8,Proj,No_MSF,108,21372
result_SELECT_10_Heisenberg2D_cylinder_0.5_0.5_6,inner,2,SA,0.01,6,Single,No_Kink,332,528862
result_SELECT_10_Heisenberg2D_cylinder_0.5_0.5_6,inner,2,SA,0.01,4,Proj,No_Kink,225,884853
result_SELECT_10_Heisenberg2D_cylinder_0.5_0.5_6,inner,2,SA,0.01,4,Proj,Yes_Kink,225,874540
result_SELECT_10_Heisenberg2D_cylinder_0.5_0.5_6,inner,2,SA,0.01,8,Proj,No_Top,369,45820
result_SELECT_10_Heisenberg2D_cylinder_0.5_0.5_6,inner,2,SA,0.01,8,Single,No_MSF,211,146329
result_SELECT_10_Heisenberg2D_cylinder_0.5_0.5_6,inner,2,SA,0.01,6,Single,Yes_Kink,332,531851
result_SELECT_10_Heisenberg2D_cylinder_0.5_0.5_6,inner,2,SA,0.01,8,Double,No_Kink,394,618681
result_SELECT_10_Heisenberg2D_cylinder_0.5_0.5_6,inner,2,SA,0.01,8,Single,No_Top,408,348843
result_SELECT_10_Heisenberg2D_cylinder_0.5_0.5_6,inner,2,SA,0.01,8,Double,Yes_Kink,398,619933
result_SELECT_10_Heisenberg2D_cylinder_0.5_0.5_6,inner,2,SA,0.1,0,Double,No_MSF,177,121590
result_SELECT_10_Heisenberg2D_cylinder_0.5_0.5_6,inner,2,SA,0.1,0,Double,No_Top,177,145898
result_SELECT_10_Heisenberg2D_cylinder_0.5_0.5_6,inner,2,SA,0.1,0,Proj,No_MSF,108,21372
result_SELECT_10_Heisenberg2D_cylinder_0.5_0.5_6,inner,2,SA,0.01,8,Single,No_Kink,408,591611
result_SELECT_10_Heisenberg2D_cylinder_0.5_0.5_6,inner,2,SA,0.1,0,Double,No_Kink,186,304892
result_SELECT_10_Heisenberg2D_cylinder_0.5_0.5_6,inner,2,SA,0.1,0,Proj,No_Top,108,45820
result_SELECT_10_Heisenberg2D_cylinder_0.5_0.5_6,inner,2,SA,0.01,8,Single,Yes_Kink,409,606663
result_SELECT_10_Heisenberg2D_cylinder_0.5_0.5_6,inner,2,SA,0.1,0,Double,Yes_Kink,190,311878
result_SELECT_10_Heisenberg2D_cylinder_0.5_0.5_6,inner,2,SA,0.1,0,Single,No_MSF,211,146329
result_SELECT_10_Heisenberg2D_cylinder_0.5_0.5_6,inner,2,SA,0.1,0,Single,No_Top,211,170345
result_SELECT_10_Heisenberg2D_cylinder_0.5_0.5_6,inner,2,SA,0.1,10,Double,No_MSF,177,121590
result_SELECT_10_Heisenberg2D_cylinder_0.5_0.5_6,inner,2,SA,0.1,0,Single,No_Kink,217,312542
result_SELECT_10_Heisenberg2D_cylinder_0.5_0.5_6,inner,2,SA,0.01,6,Proj,No_Kink,378,1358312
result_SELECT_10_Heisenberg2D_cylinder_0.5_0.5_6,inner,2,SA,0.01,6,Proj,Yes_Kink,385,1320015
result_SELECT_10_Heisenberg2D_cylinder_0.5_0.5_6,inner,2,SA,0.1,10,Double,No_Top,473,412560
result_SELECT_10_Heisenberg2D_cylinder_0.5_0.5_6,inner,2,SA,0.1,0,Single,Yes_Kink,219,328961
result_SELECT_10_Heisenberg2D_cylinder_0.5_0.5_6,inner,2,SA,0.1,10,Proj,No_MSF,108,21372
result_SELECT_10_Heisenberg2D_cylinder_0.5_0.5_6,inner,2,SA,0.1,10,Proj,No_Top,451,45820
result_SELECT_10_Heisenberg2D_cylinder_0.5_0.5_6,inner,2,SA,0.1,0,Proj,No_Kink,146,687419
result_SELECT_10_Heisenberg2D_cylinder_0.5_0.5_6,inner,2,SA,0.1,10,Double,No_Kink,473,687721
result_SELECT_10_Heisenberg2D_cylinder_0.5_0.5_6,inner,2,SA,0.1,10,Single,No_MSF,211,146329
result_SELECT_10_Heisenberg2D_cylinder_0.5_0.5_6,inner,2,SA,0.1,10,Single,No_Top,483,420755
result_SELECT_10_Heisenberg2D_cylinder_0.5_0.5_6,inner,2,SA,0.1,0,Proj,Yes_Kink,150,688445
result_SELECT_10_Heisenberg2D_cylinder_0.5_0.5_6,inner,2,SA,0.1,2,Double,No_MSF,177,121590
result_SELECT_10_Heisenberg2D_cylinder_0.5_0.5_6,inner,2,SA,0.1,10,Double,Yes_Kink,479,691124
result_SELECT_10_Heisenberg2D_cylinder_0.5_0.5_6,inner,2,SA,0.1,2,Double,No_Top,177,146330
result_SELECT_10_Heisenberg2D_cylinder_0.5_0.5_6,inner,2,SA,0.1,10,Single,No_Kink,484,673679
result_SELECT_10_Heisenberg2D_cylinder_0.5_0.5_6,inner,2,SA,0.1,2,Double,No_Kink,186,355771
result_SELECT_10_Heisenberg2D_cylinder_0.5_0.5_6,inner,2,SA,0.1,2,Proj,No_MSF,108,21372
result_SELECT_10_Heisenberg2D_cylinder_0.5_0.5_6,inner,2,SA,0.1,10,Single,Yes_Kink,485,687478
result_SELECT_10_Heisenberg2D_cylinder_0.5_0.5_6,inner,2,SA,0.1,2,Proj,No_Top,123,45820
result_SELECT_10_Heisenberg2D_cylinder_0.5_0.5_6,inner,2,SA,0.001,8,Proj,Yes_Kink,1584,4564321
result_SELECT_10_Heisenberg2D_cylinder_0.5_0.5_6,inner,2,SA,0.1,2,Single,No_MSF,211,146329
result_SELECT_10_Heisenberg2D_cylinder_0.5_0.5_6,inner,2,SA,0.1,2,Single,No_Top,211,170527
result_SELECT_10_Heisenberg2D_cylinder_0.5_0.5_6,inner,2,SA,0.1,2,Double,Yes_Kink,195,368532
result_SELECT_10_Heisenberg2D_cylinder_0.5_0.5_6,inner,2,SA,0.1,4,Double,No_MSF,177,121590
result_SELECT_10_Heisenberg2D_cylinder_0.5_0.5_6,inner,2,SA,0.1,4,Double,No_Top,239,199075
result_SELECT_10_Heisenberg2D_cylinder_0.5_0.5_6,inner,2,SA,0.1,2,Single,No_Kink,218,357945
result_SELECT_10_Heisenberg2D_cylinder_0.5_0.5_6,inner,2,SA,0.1,2,Single,Yes_Kink,219,375263
result_SELECT_10_Heisenberg2D_cylinder_0.5_0.5_6,inner,2,SA,0.1,4,Proj,No_MSF,108,21372
result_SELECT_10_Heisenberg2D_cylinder_0.5_0.5_6,inner,2,SA,0.001,8,Proj,No_Kink,1629,4953517
result_SELECT_10_Heisenberg2D_cylinder_0.5_0.5_6,inner,2,SA,0.1,4,Double,No_Kink,238,443761
result_SELECT_10_Heisenberg2D_cylinder_0.5_0.5_6,inner,2,SA,0.1,4,Proj,No_Top,205,45820
result_SELECT_10_Heisenberg2D_cylinder_0.5_0.5_6,inner,2,SA,0.1,2,Proj,No_Kink,162,741857
result_SELECT_10_Heisenberg2D_cylinder_0.5_0.5_6,inner,2,SA,0.1,4,Single,No_MSF,211,146329
result_SELECT_10_Heisenberg2D_cylinder_0.5_0.5_6,inner,2,SA,0.1,4,Double,Yes_Kink,244,444959
result_SELECT_10_Heisenberg2D_cylinder_0.5_0.5_6,inner,2,SA,0.1,4,Single,No_Top,254,207761
result_SELECT_10_Heisenberg2D_cylinder_0.5_0.5_6,inner,2,SA,0.1,6,Double,No_MSF,177,121590
result_SELECT_10_Heisenberg2D_cylinder_0.5_0.5_6,inner,2,SA,0.1,6,Double,No_Top,314,275746
result_SELECT_10_Heisenberg2D_cylinder_0.5_0.5_6,inner,2,SA,0.1,2,Proj,Yes_Kink,168,751622
result_SELECT_10_Heisenberg2D_cylinder_0.5_0.5_6,inner,2,SA,0.1,4,Single,No_Kink,253,440383
result_SELECT_10_Heisenberg2D_cylinder_0.5_0.5_6,inner,2,SA,0.1,6,Proj,No_MSF,108,21372
result_SELECT_10_Heisenberg2D_cylinder_0.5_0.5_6,inner,2,SA,0.1,6,Proj,No_Top,287,45820
result_SELECT_10_Heisenberg2D_cylinder_0.5_0.5_6,inner,2,SA,0.1,4,Single,Yes_Kink,251,452295
result_SELECT_10_Heisenberg2D_cylinder_0.5_0.5_6,inner,2,SA,0.1,6,Double,No_Kink,315,526679
result_SELECT_10_Heisenberg2D_cylinder_0.5_0.5_6,inner,2,SA,0.001,10,Proj,Yes_Kink,2728,7297236
result_SELECT_10_Heisenberg2D_cylinder_0.5_0.5_6,inner,2,SA,0.1,6,Single,No_MSF,211,146329
result_SELECT_10_Heisenberg2D_cylinder_0.5_0.5_6,inner,2,SA,0.1,6,Single,No_Top,331,276147
result_SELECT_10_Heisenberg2D_cylinder_0.5_0.5_6,inner,2,SA,0.1,6,Double,Yes_Kink,321,530459
result_SELECT_10_Heisenberg2D_cylinder_0.5_0.5_6,inner,2,SA,0.1,4,Proj,No_Kink,221,889535
result_SELECT_10_Heisenberg2D_cylinder_0.5_0.5_6,inner,2,SA,0.1,8,Double,No_MSF,177,121590
result_SELECT_10_Heisenberg2D_cylinder_0.5_0.5_6,inner,2,SA,0.1,8,Double,No_Top,392,343895
result_SELECT_10_Heisenberg2D_cylinder_0.5_0.5_6,inner,2,SA,0.1,8,Proj,No_MSF,108,21372
result_SELECT_10_Heisenberg2D_cylinder_0.5_0.5_6,inner,2,SA,0.1,4,Proj,Yes_Kink,222,873902
result_SELECT_10_Heisenberg2D_cylinder_0.5_0.5_6,inner,2,SA,0.1,6,Single,No_Kink,332,520061
result_SELECT_10_Heisenberg2D_cylinder_0.5_0.5_6,inner,2,SA,0.1,8,Proj,No_Top,369,45820
result_SELECT_10_Heisenberg2D_cylinder_0.5_0.5_6,inner,2,SA,0.1,6,Single,Yes_Kink,333,545914
result_SELECT_10_Heisenberg2D_cylinder_0.5_0.5_6,inner,2,SA,0.1,8,Single,No_MSF,211,146329
result_SELECT_10_Heisenberg2D_cylinder_0.5_0.5_6,inner,2,SA,0.1,8,Double,No_Kink,394,611573
result_SELECT_10_Heisenberg2D_cylinder_0.5_0.5_6,inner,2,SA,0.1,8,Single,No_Top,408,348843
result_SELECT_10_Heisenberg2D_cylinder_0.5_0.5_6,inner,2,SA,0.1,8,Double,Yes_Kink,398,612477
result_SELECT_10_Heisenberg2D_cylinder_0.5_0.5_6,inner,2,SA,1,0,Double,No_MSF,177,121590
result_SELECT_10_Heisenberg2D_cylinder_0.5_0.5_6,inner,2,SA,0.01,8,Proj,Yes_Kink,1153,3442672
result_SELECT_10_Heisenberg2D_cylinder_0.5_0.5_6,inner,2,SA,1,0,Double,No_Top,177,145898
result_SELECT_10_Heisenberg2D_cylinder_0.5_0.5_6,inner,2,SA,0.01,10,Proj,Yes_Kink,1782,5225714
result_SELECT_10_Heisenberg2D_cylinder_0.5_0.5_6,inner,2,SA,1,0,Proj,No_MSF,108,21372
result_SELECT_10_Heisenberg2D_cylinder_0.5_0.5_6,inner,2,SA,0.1,8,Single,No_Kink,409,587411
result_SELECT_10_Heisenberg2D_cylinder_0.5_0.5_6,inner,2,SA,1,0,Double,No_Kink,179,296680
result_SELECT_10_Heisenberg2D_cylinder_0.5_0.5_6,inner,2,SA,1,0,Proj,No_Top,108,45820
result_SELECT_10_Heisenberg2D_cylinder_0.5_0.5_6,inner,2,SA,1,0,Single,No_MSF,211,146329
result_SELECT_10_Heisenberg2D_cylinder_0.5_0.5_6,inner,2,SA,1,0,Single,No_Top,211,170345
result_SELECT_10_Heisenberg2D_cylinder_0.5_0.5_6,inner,2,SA,0.1,8,Single,Yes_Kink,410,603583
result_SELECT_10_Heisenberg2D_cylinder_0.5_0.5_6,inner,2,SA,1,0,Double,Yes_Kink,188,302751
result_SELECT_10_Heisenberg2D_cylinder_0.5_0.5_6,inner,2,SA,1,10,Double,No_MSF,177,121590
result_SELECT_10_Heisenberg2D_cylinder_0.5_0.5_6,inner,2,SA,1,10,Double,No_Top,473,412560
result_SELECT_10_Heisenberg2D_cylinder_0.5_0.5_6,inner,2,SA,1,0,Single,No_Kink,213,303329
result_SELECT_10_Heisenberg2D_cylinder_0.5_0.5_6,inner,2,SA,0.01,10,Proj,No_Kink,1792,5539928
result_SELECT_10_Heisenberg2D_cylinder_0.5_0.5_6,inner,2,SA,0.01,8,Proj,No_Kink,1179,3735043
result_SELECT_10_Heisenberg2D_cylinder_0.5_0.5_6,inner,2,SA,1,10,Proj,No_Top,451,45820
result_SELECT_10_Heisenberg2D_cylinder_0.5_0.5_6,inner,2,SA,1,10,Proj,No_MSF,108,21372
result_SELECT_10_Heisenberg2D_cylinder_0.5_0.5_6,inner,2,SA,1,0,Single,Yes_Kink,218,322703
result_SELECT_10_Heisenberg2D_cylinder_0.5_0.5_6,inner,2,SA,0.001,10,Proj,No_Kink,2805,7736963
result_SELECT_10_Heisenberg2D_cylinder_0.5_0.5_6,inner,2,SA,1,10,Single,No_MSF,211,146329
result_SELECT_10_Heisenberg2D_cylinder_0.5_0.5_6,inner,2,SA,0.1,6,Proj,Yes_Kink,478,1521946
result_SELECT_10_Heisenberg2D_cylinder_0.5_0.5_6,inner,2,SA,1,10,Single,No_Top,483,420755
result_SELECT_10_Heisenberg2D_cylinder_0.5_0.5_6,inner,2,SA,1,10,Double,No_Kink,474,673646
result_SELECT_10_Heisenberg2D_cylinder_0.5_0.5_6,inner,2,SA,1,2,Double,No_MSF,177,121590
result_SELECT_10_Heisenberg2D_cylinder_0.5_0.5_6,inner,2,SA,1,2,Double,No_Top,177,146330
result_SELECT_10_Heisenberg2D_cylinder_0.5_0.5_6,inner,2,SA,1,0,Proj,No_Kink,137,647171
result_SELECT_10_Heisenberg2D_cylinder_0.5_0.5_6,inner,2,SA,0.1,6,Proj,No_Kink,518,1706111
result_SELECT_10_Heisenberg2D_cylinder_0.5_0.5_6,inner,2,SA,1,2,Proj,No_MSF,108,21372
result_SELECT_10_Heisenberg2D_cylinder_0.5_0.5_6,inner,2,SA,1,2,Proj,No_Top,123,45820
result_SELECT_10_Heisenberg2D_cylinder_0.5_0.5_6,inner,2,SA,1,10,Double,Yes_Kink,474,675266
result_SELECT_10_Heisenberg2D_cylinder_0.5_0.5_6,inner,2,SA,1,0,Proj,Yes_Kink,141,648505
result_SELECT_10_Heisenberg2D_cylinder_0.5_0.5_6,inner,2,SA,1,10,Single,No_Kink,483,656659
result_SELECT_10_Heisenberg2D_cylinder_0.5_0.5_6,inner,2,SA,1,2,Single,No_MSF,211,146329
result_SELECT_10_Heisenberg2D_cylinder_0.5_0.5_6,inner,2,SA,1,2,Single,No_Top,211,170527
result_SELECT_10_Heisenberg2D_cylinder_0.5_0.5_6,inner,2,SA,1,2,Double,No_Kink,182,348084
result_SELECT_10_Heisenberg2D_cylinder_0.5_0.5_6,inner,2,SA,1,10,Single,Yes_Kink,483,673210
result_SELECT_10_Heisenberg2D_cylinder_0.5_0.5_6,inner,2,SA,1,4,Double,No_MSF,177,121590
result_SELECT_10_Heisenberg2D_cylinder_0.5_0.5_6,inner,2,SA,1,4,Double,No_Top,239,199075
result_SELECT_10_Heisenberg2D_cylinder_0.5_0.5_6,inner,2,SA,1,2,Double,Yes_Kink,189,355498
result_SELECT_10_Heisenberg2D_cylinder_0.5_0.5_6,inner,2,SA,1,4,Proj,No_MSF,108,21372
result_SELECT_10_Heisenberg2D_cylinder_0.5_0.5_6,inner,2,SA,1,4,Proj,No_Top,205,45820
result_SELECT_10_Heisenberg2D_cylinder_0.5_0.5_6,inner,2,SA,1,2,Single,No_Kink,214,346901
result_SELECT_10_Heisenberg2D_cylinder_0.5_0.5_6,inner,2,SA,1,4,Single,No_MSF,211,146329
result_SELECT_10_Heisenberg2D_cylinder_0.5_0.5_6,inner,2,SA,1,4,Single,No_Top,254,207761
result_SELECT_10_Heisenberg2D_cylinder_0.5_0.5_6,inner,2,SA,1,2,Single,Yes_Kink,218,363667
result_SELECT_10_Heisenberg2D_cylinder_0.5_0.5_6,inner,2,SA,1,4,Double,No_Kink,235,427182
result_SELECT_10_Heisenberg2D_cylinder_0.5_0.5_6,inner,2,SA,1,4,Double,Yes_Kink,241,433682
result_SELECT_10_Heisenberg2D_cylinder_0.5_0.5_6,inner,2,SA,1,6,Double,No_MSF,177,121590
result_SELECT_10_Heisenberg2D_cylinder_0.5_0.5_6,inner,2,SA,1,6,Double,No_Top,314,275746
result_SELECT_10_Heisenberg2D_cylinder_0.5_0.5_6,inner,2,SA,1,4,Single,No_Kink,252,425753
result_SELECT_10_Heisenberg2D_cylinder_0.5_0.5_6,inner,2,SA,1,6,Proj,No_MSF,108,21372
result_SELECT_10_Heisenberg2D_cylinder_0.5_0.5_6,inner,2,SA,1,2,Proj,No_Kink,155,704891
result_SELECT_10_Heisenberg2D_cylinder_0.5_0.5_6,inner,2,SA,1,6,Proj,No_Top,287,45820
result_SELECT_10_Heisenberg2D_cylinder_0.5_0.5_6,inner,2,SA,1,2,Proj,Yes_Kink,161,709575
result_SELECT_10_Heisenberg2D_cylinder_0.5_0.5_6,inner,2,SA,1,4,Single,Yes_Kink,255,445320
result_SELECT_10_Heisenberg2D_cylinder_0.5_0.5_6,inner,2,SA,1,6,Single,No_MSF,211,146329
result_SELECT_10_Heisenberg2D_cylinder_0.5_0.5_6,inner,2,SA,1,6,Double,No_Kink,313,510042
result_SELECT_10_Heisenberg2D_cylinder_0.5_0.5_6,inner,2,SA,1,6,Single,No_Top,331,276147
result_SELECT_10_Heisenberg2D_cylinder_0.5_0.5_6,inner,2,SA,1,6,Double,Yes_Kink,316,516532
result_SELECT_10_Heisenberg2D_cylinder_0.5_0.5_6,inner,2,SA,1,8,Double,No_MSF,177,121590
result_SELECT_10_Heisenberg2D_cylinder_0.5_0.5_6,inner,2,SA,1,8,Double,No_Top,392,343895
result_SELECT_10_Heisenberg2D_cylinder_0.5_0.5_6,inner,2,SA,1,6,Single,No_Kink,331,497567
result_SELECT_10_Heisenberg2D_cylinder_0.5_0.5_6,inner,2,SA,1,8,Proj,No_MSF,108,21372
result_SELECT_10_Heisenberg2D_cylinder_0.5_0.5_6,inner,2,SA,1,4,Proj,No_Kink,212,875474
result_SELECT_10_Heisenberg2D_cylinder_0.5_0.5_6,inner,2,SA,1,4,Proj,Yes_Kink,211,864992
result_SELECT_10_Heisenberg2D_cylinder_0.5_0.5_6,inner,2,SA,1,8,Proj,No_Top,369,45820
result_SELECT_10_Heisenberg2D_cylinder_0.5_0.5_6,inner,2,SA,1,8,Single,No_MSF,211,146329
result_SELECT_10_Heisenberg2D_cylinder_0.5_0.5_6,inner,2,SA,1,6,Single,Yes_Kink,332,522365
result_SELECT_10_Heisenberg2D_cylinder_0.5_0.5_6,inner,2,SA,1,8,Double,No_Kink,393,598100
result_SELECT_10_Heisenberg2D_cylinder_0.5_0.5_6,inner,2,SA,1,8,Single,No_Top,408,348843
result_SELECT_10_Heisenberg2D_cylinder_0.5_0.5_6,inner,2,naive,0,0,Double,No_MSF,177,121590
result_SELECT_10_Heisenberg2D_cylinder_0.5_0.5_6,inner,2,SA,1,8,Double,Yes_Kink,394,596944
result_SELECT_10_Heisenberg2D_cylinder_0.5_0.5_6,inner,2,naive,0,0,Double,No_Top,177,145898
result_SELECT_10_Heisenberg2D_cylinder_0.5_0.5_6,inner,2,naive,0,0,Proj,No_MSF,108,21372
result_SELECT_10_Heisenberg2D_cylinder_0.5_0.5_6,inner,2,SA,1,8,Single,No_Kink,408,575298
result_SELECT_10_Heisenberg2D_cylinder_0.5_0.5_6,inner,2,naive,0,0,Proj,No_Top,108,45820
result_SELECT_10_Heisenberg2D_cylinder_0.5_0.5_6,inner,2,SA,1,8,Single,Yes_Kink,408,586260
result_SELECT_10_Heisenberg2D_cylinder_0.5_0.5_6,inner,2,naive,0,0,Single,No_MSF,211,146329
result_SELECT_10_Heisenberg2D_cylinder_0.5_0.5_6,inner,2,naive,0,0,Single,No_Top,211,170345
result_SELECT_10_Heisenberg2D_cylinder_0.5_0.5_6,inner,2,naive,0,0,Double,No_Kink,531,904364
result_SELECT_10_Heisenberg2D_cylinder_0.5_0.5_6,inner,2,SA,1,6,Proj,No_Kink,414,1442618
result_SELECT_10_Heisenberg2D_cylinder_0.5_0.5_6,inner,2,SA,1,6,Proj,Yes_Kink,449,1456434
result_SELECT_10_Heisenberg2D_cylinder_0.5_0.5_6,inner,2,naive,0,0,Double,Yes_Kink,543,918728
result_SELECT_10_Heisenberg2D_cylinder_0.5_0.5_6,inner,2,naive,0,10,Double,No_MSF,177,121590
result_SELECT_10_Heisenberg2D_cylinder_0.5_0.5_6,inner,2,naive,0,10,Double,No_Top,473,412560
result_SELECT_10_Heisenberg2D_cylinder_0.5_0.5_6,inner,2,naive,0,10,Proj,No_MSF,108,21372
result_SELECT_10_Heisenberg2D_cylinder_0.5_0.5_6,inner,2,SA,0.1,8,Proj,Yes_Kink,1278,3689252
result_SELECT_10_Heisenberg2D_cylinder_0.5_0.5_6,inner,2,SA,0.1,10,Proj,Yes_Kink,2201,5778164
result_SELECT_10_Heisenberg2D_cylinder_0.5_0.5_6,inner,2,naive,0,0,Single,No_Kink,619,945991
result_SELECT_10_Heisenberg2D_cylinder_0.5_0.5_6,inner,2,naive,0,10,Proj,No_Top,451,45820
result_SELECT_10_Heisenberg2D_cylinder_0.5_0.5_6,inner,2,naive,0,10,Single,No_MSF,211,146329
result_SELECT_10_Heisenberg2D_cylinder_0.5_0.5_6,inner,2,naive,0,10,Single,No_Top,483,420755
result_SELECT_10_Heisenberg2D_cylinder_0.5_0.5_6,inner,2,naive,0,0,Single,Yes_Kink,564,928035
result_SELECT_10_Heisenberg2D_cylinder_0.5_0.5_6,inner,2,naive,0,2,Double,No_MSF,177,121590
result_SELECT_10_Heisenberg2D_cylinder_0.5_0.5_6,inner,2,SA,0.1,8,Proj,No_Kink,1404,4286785
result_SELECT_10_Heisenberg2D_cylinder_0.5_0.5_6,inner,2,naive,0,2,Double,No_Top,177,146330
result_SELECT_10_Heisenberg2D_cylinder_0.5_0.5_6,inner,2,naive,0,10,Double,No_Kink,574,1094387
result_SELECT_10_Heisenberg2D_cylinder_0.5_0.5_6,inner,2,SA,0.1,10,Proj,No_Kink,2178,6163596
result_SELECT_10_Heisenberg2D_cylinder_0.5_0.5_6,inner,2,naive,0,2,Proj,No_MSF,108,21372
result_SELECT_10_Heisenberg2D_cylinder_0.5_0.5_6,inner,2,naive,0,2,Proj,No_Top,123,45820
result_SELECT_10_Heisenberg2D_cylinder_0.5_0.5_6,inner,2,naive,0,10,Double,Yes_Kink,585,1097203
result_SELECT_10_Heisenberg2D_cylinder_0.5_0.5_6,inner,2,naive,0,2,Single,No_MSF,211,146329
result_SELECT_10_Heisenberg2D_cylinder_0.5_0.5_6,inner,2,naive,0,10,Single,No_Kink,670,1119589
result_SELECT_10_Heisenberg2D_cylinder_0.5_0.5_6,inner,2,naive,0,2,Double,No_Kink,558,967645
result_SELECT_10_Heisenberg2D_cylinder_0.5_0.5_6,inner,2,naive,0,2,Single,No_Top,211,170527
result_SELECT_10_Heisenberg2D_cylinder_0.5_0.5_6,inner,2,naive,0,10,Single,Yes_Kink,607,1107781
result_SELECT_10_Heisenberg2D_cylinder_0.5_0.5_6,inner,2,naive,0,4,Double,No_MSF,177,121590
result_SELECT_10_Heisenberg2D_cylinder_0.5_0.5_6,inner,2,naive,0,4,Double,No_Top,239,199075
result_SELECT_10_Heisenberg2D_cylinder_0.5_0.5_6,inner,2,naive,0,2,Double,Yes_Kink,581,991942
result_SELECT_10_Heisenberg2D_cylinder_0.5_0.5_6,inner,2,naive,0,4,Proj,No_MSF,108,21372
result_SELECT_10_Heisenberg2D_cylinder_0.5_0.5_6,inner,2,naive,0,0,Proj,No_Kink,518,2398034
result_SELECT_10_Heisenberg2D_cylinder_0.5_0.5_6,inner,2,naive,0,4,Proj,No_Top,205,45820
result_SELECT_10_Heisenberg2D_cylinder_0.5_0.5_6,inner,2,SA,1,10,Proj,Yes_Kink,1584,4393710
result_SELECT_10_Heisenberg2D_cylinder_0.5_0.5_6,inner,2,naive,0,2,Single,No_Kink,642,989875
result_SELECT_10_Heisenberg2D_cylinder_0.5_0.5_6,inner,2,naive,0,4,Single,No_MSF,211,146329
result_SELECT_10_Heisenberg2D_cylinder_0.5_0.5_6,inner,2,SA,1,8,Proj,No_Kink,1017,3174149
result_SELECT_10_Heisenberg2D_cylinder_0.5_0.5_6,inner,2,naive,0,4,Single,No_Top,254,207761
result_SELECT_10_Heisenberg2D_cylinder_0.5_0.5_6,inner,2,SA,1,8,Proj,Yes_Kink,1014,3010355
result_SELECT_10_Heisenberg2D_cylinder_0.5_0.5_6,inner,2,naive,0,2,Single,Yes_Kink,594,987707
result_SELECT_10_Heisenberg2D_cylinder_0.5_0.5_6,inner,2,naive,0,6,Double,No_MSF,177,121590
result_SELECT_10_Heisenberg2D_cylinder_0.5_0.5_6,inner,2,naive,0,0,Proj,Yes_Kink,526,2405047
result_SELECT_10_Heisenberg2D_cylinder_0.5_0.5_6,inner,2,naive,0,6,Double,No_Top,314,275746
result_SELECT_10_Heisenberg2D_cylinder_0.5_0.5_6,inner,2,SA,1,10,Proj,No_Kink,1661,4729323
result_SELECT_10_Heisenberg2D_cylinder_0.5_0.5_6,inner,2,naive,0,6,Proj,No_Top,287,45820
result_SELECT_10_Heisenberg2D_cylinder_0.5_0.5_6,inner,2,naive,0,4,Double,No_Kink,569,1001643
result_SELECT_10_Heisenberg2D_cylinder_0.5_0.5_6,inner,2,naive,0,6,Proj,No_MSF,108,21372
result_SELECT_10_Heisenberg2D_cylinder_0.5_0.5_6,inner,2,naive,0,6,Single,No_MSF,211,146329
result_SELECT_10_Heisenberg2D_cylinder_0.5_0.5_6,inner,2,naive,0,4,Double,Yes_Kink,582,1022984
result_SELECT_10_Heisenberg2D_cylinder_0.5_0.5_6,inner,2,naive,0,6,Single,No_Top,331,276147
result_SELECT_10_Heisenberg2D_cylinder_0.5_0.5_6,inner,2,naive,0,8,Double,No_MSF,177,121590
result_SELECT_10_Heisenberg2D_cylinder_0.5_0.5_6,inner,2,naive,0,8,Double,No_Top,392,343895
result_SELECT_10_Heisenberg2D_cylinder_0.5_0.5_6,inner,2,naive,0,4,Single,No_Kink,656,1031927
result_SELECT_10_Heisenberg2D_cylinder_0.5_0.5_6,inner,2,naive,0,4,Single,Yes_Kink,602,1019201
result_SELECT_10_Heisenberg2D_cylinder_0.5_0.5_6,inner,2,naive,0,8,Proj,No_MSF,108,21372
result_SELECT_10_Heisenberg2D_cylinder_0.5_0.5_6,inner,2,naive,0,6,Double,No_Kink,588,1047901
result_SELECT_10_Heisenberg2D_cylinder_0.5_0.5_6,inner,2,naive,0,6,Double,Yes_Kink,587,1056205
result_SELECT_10_Heisenberg2D_cylinder_0.5_0.5_6,inner,2,naive,0,8,Proj,No_Top,369,45820
result_SELECT_10_Heisenberg2D_cylinder_0.5_0.5_6,inner,2,naive,0,6,Single,No_Kink,659,1062611
result_SELECT_10_Heisenberg2D_cylinder_0.5_0.5_6,inner,2,naive,0,8,Single,No_MSF,211,146329
result_SELECT_10_Heisenberg2D_cylinder_0.5_0.5_6,inner,2,naive,0,8,Single,No_Top,408,348843
result_SELECT_10_Heisenberg2D_cylinder_0.5_0.5_6,inner,2,naive,0,8,Double,No_Kink,582,1077227
result_SELECT_10_Heisenberg2D_cylinder_0.5_0.5_6,inner,2,naive,0,6,Single,Yes_Kink,605,1054043
result_SELECT_10_Heisenberg2D_cylinder_0.5_0.5_6,inner,2,naive,0,2,Proj,No_Kink,549,2537633
result_SELECT_10_Heisenberg2D_cylinder_0.5_0.5_6,inner,2,random,0,0,Double,No_MSF,177,121590
result_SELECT_10_Heisenberg2D_cylinder_0.5_0.5_6,inner,2,random,0,0,Double,No_Top,177,145898
result_SELECT_10_Heisenberg2D_cylinder_0.5_0.5_6,inner,2,random,0,0,Proj,No_MSF,108,21372
result_SELECT_10_Heisenberg2D_cylinder_0.5_0.5_6,inner,2,naive,0,2,Proj,Yes_Kink,553,2529927
result_SELECT_10_Heisenberg2D_cylinder_0.5_0.5_6,inner,2,random,0,0,Proj,No_Top,108,45820
result_SELECT_10_Heisenberg2D_cylinder_0.5_0.5_6,inner,2,naive,0,8,Double,Yes_Kink,577,1075003
result_SELECT_10_Heisenberg2D_cylinder_0.5_0.5_6,inner,2,random,0,0,Single,No_MSF,211,146329
result_SELECT_10_Heisenberg2D_cylinder_0.5_0.5_6,inner,2,random,0,0,Single,No_Top,211,170345
result_SELECT_10_Heisenberg2D_cylinder_0.5_0.5_6,inner,2,naive,0,8,Single,No_Kink,681,1103401
result_SELECT_10_Heisenberg2D_cylinder_0.5_0.5_6,inner,2,random,0,0,Double,No_Kink,253,754769
result_SELECT_10_Heisenberg2D_cylinder_0.5_0.5_6,inner,2,naive,0,4,Proj,No_Kink,563,2580425
result_SELECT_10_Heisenberg2D_cylinder_0.5_0.5_6,inner,2,naive,0,8,Single,Yes_Kink,610,1086856
result_SELECT_10_Heisenberg2D_cylinder_0.5_0.5_6,inner,2,random,0,0,Double,Yes_Kink,258,758313
result_SELECT_10_Heisenberg2D_cylinder_0.5_0.5_6,inner,2,random,0,10,Double,No_MSF,177,121590
result_SELECT_10_Heisenberg2D_cylinder_0.5_0.5_6,inner,2,random,0,10,Double,No_Top,473,412560
result_SELECT_10_Heisenberg2D_cylinder_0.5_0.5_6,inner,2,random,0,10,Proj,No_MSF,108,21372
result_SELECT_10_Heisenberg2D_cylinder_0.5_0.5_6,inner,2,random,0,10,Proj,No_Top,451,45820
result_SELECT_10_Heisenberg2D_cylinder_0.5_0.5_6,inner,2,random,0,0,Proj,No_Kink,199,934270
result_SELECT_10_Heisenberg2D_cylinder_0.5_0.5_6,inner,2,random,0,0,Single,No_Kink,309,772516
result_SELECT_10_Heisenberg2D_cylinder_0.5_0.5_6,inner,2,random,0,10,Single,No_MSF,211,146329
result_SELECT_10_Heisenberg2D_cylinder_0.5_0.5_6,inner,2,naive,0,4,Proj,Yes_Kink,573,2588986
result_SELECT_10_Heisenberg2D_cylinder_0.5_0.5_6,inner,2,random,0,10,Single,No_Top,483,420755
result_SELECT_10_Heisenberg2D_cylinder_0.5_0.5_6,inner,2,random,0,2,Double,No_MSF,177,121590
result_SELECT_10_Heisenberg2D_cylinder_0.5_0.5_6,inner,2,random,0,0,Single,Yes_Kink,313,786423
result_SELECT_10_Heisenberg2D_cylinder_0.5_0.5_6,inner,2,random,0,0,Proj,Yes_Kink,204,942224
result_SELECT_10_Heisenberg2D_cylinder_0.5_0.5_6,inner,2,random,0,2,Double,No_Top,177,146330
result_SELECT_10_Heisenberg2D_cylinder_0.5_0.5_6,inner,2,random,0,2,Proj,No_MSF,108,21372
result_SELECT_10_Heisenberg2D_cylinder_0.5_0.5_6,inner,2,naive,0,6,Proj,No_Kink,599,2684193
result_SELECT_10_Heisenberg2D_cylinder_0.5_0.5_6,inner,2,random,0,10,Double,No_Kink,472,983342
result_SELECT_10_Heisenberg2D_cylinder_0.5_0.5_6,inner,2,random,0,2,Proj,No_Top,123,45820
result_SELECT_10_Heisenberg2D_cylinder_0.5_0.5_6,inner,2,naive,0,6,Proj,Yes_Kink,612,2695921
result_SELECT_10_Heisenberg2D_cylinder_0.5_0.5_6,inner,2,random,0,10,Double,Yes_Kink,474,987192
result_SELECT_10_Heisenberg2D_cylinder_0.5_0.5_6,inner,2,random,0,2,Single,No_MSF,211,146329
result_SELECT_10_Heisenberg2D_cylinder_0.5_0.5_6,inner,2,random,0,2,Single,No_Top,211,170527
result_SELECT_10_Heisenberg2D_cylinder_0.5_0.5_6,inner,2,random,0,10,Single,No_Kink,488,988038
result_SELECT_10_Heisenberg2D_cylinder_0.5_0.5_6,inner,2,random,0,4,Double,No_MSF,177,121590
result_SELECT_10_Heisenberg2D_cylinder_0.5_0.5_6,inner,2,random,0,4,Double,No_Top,239,199075
result_SELECT_10_Heisenberg2D_cylinder_0.5_0.5_6,inner,2,random,0,2,Double,No_Kink,256,771951
result_SELECT_10_Heisenberg2D_cylinder_0.5_0.5_6,inner,2,random,0,10,Single,Yes_Kink,487,997632
result_SELECT_10_Heisenberg2D_cylinder_0.5_0.5_6,inner,2,random,0,4,Proj,No_MSF,108,21372
result_SELECT_10_Heisenberg2D_cylinder_0.5_0.5_6,inner,2,random,0,4,Proj,No_Top,205,45820
result_SELECT_10_Heisenberg2D_cylinder_0.5_0.5_6,inner,2,random,0,2,Double,Yes_Kink,265,782404
result_SELECT_10_Heisenberg2D_cylinder_0.5_0.5_6,inner,2,random,0,2,Single,No_Kink,311,789526
result_SELECT_10_Heisenberg2D_cylinder_0.5_0.5_6,inner,2,random,0,2,Single,Yes_Kink,316,798688
result_SELECT_10_Heisenberg2D_cylinder_0.5_0.5_6,inner,2,random,0,4,Single,No_MSF,211,146329
result_SELECT_10_Heisenberg2D_cylinder_0.5_0.5_6,inner,2,random,0,2,Proj,No_Kink,210,982812
result_SELECT_10_Heisenberg2D_cylinder_0.5_0.5_6,inner,2,random,0,4,Single,No_Top,254,207761
result_SELECT_10_Heisenberg2D_cylinder_0.5_0.5_6,inner,2,random,0,4,Double,No_Kink,272,827655
result_SELECT_10_Heisenberg2D_cylinder_0.5_0.5_6,inner,2,random,0,6,Double,No_MSF,177,121590
result_SELECT_10_Heisenberg2D_cylinder_0.5_0.5_6,inner,2,random,0,6,Double,No_Top,314,275746
result_SELECT_10_Heisenberg2D_cylinder_0.5_0.5_6,inner,2,random,0,2,Proj,Yes_Kink,214,987402
result_SELECT_10_Heisenberg2D_cylinder_0.5_0.5_6,inner,2,random,0,6,Proj,No_MSF,108,21372
result_SELECT_10_Heisenberg2D_cylinder_0.5_0.5_6,inner,2,random,0,6,Proj,No_Top,287,45820
result_SELECT_10_Heisenberg2D_cylinder_0.5_0.5_6,inner,2,random,0,4,Double,Yes_Kink,279,835098
result_SELECT_10_Heisenberg2D_cylinder_0.5_0.5_6,inner,2,random,0,4,Single,No_Kink,321,828768
result_SELECT_10_Heisenberg2D_cylinder_0.5_0.5_6,inner,2,random,0,6,Single,No_MSF,211,146329
result_SELECT_10_Heisenberg2D_cylinder_0.5_0.5_6,inner,2,random,0,6,Single,No_Top,331,276147
result_SELECT_10_Heisenberg2D_cylinder_0.5_0.5_6,inner,2,random,0,4,Proj,No_Kink,244,1098916
result_SELECT_10_Heisenberg2D_cylinder_0.5_0.5_6,inner,2,random,0,4,Single,Yes_Kink,325,837280
result_SELECT_10_Heisenberg2D_cylinder_0.5_0.5_6,inner,2,random,0,8,Double,No_MSF,177,121590
result_SELECT_10_Heisenberg2D_cylinder_0.5_0.5_6,inner,2,random,0,8,Double,No_Top,392,343895
result_SELECT_10_Heisenberg2D_cylinder_0.5_0.5_6,inner,2,random,0,6,Double,Yes_Kink,325,872278
result_SELECT_10_Heisenberg2D_cylinder_0.5_0.5_6,inner,2,random,0,6,Single,No_Kink,353,870524
result_SELECT_10_Heisenberg2D_cylinder_0.5_0.5_6,inner,2,random,0,6,Double,No_Kink,319,866715
result_SELECT_10_Heisenberg2D_cylinder_0.5_0.5_6,inner,2,random,0,8,Proj,No_MSF,108,21372
result_SELECT_10_Heisenberg2D_cylinder_0.5_0.5_6,inner,2,random,0,8,Proj,No_Top,369,45820
result_SELECT_10_Heisenberg2D_cylinder_0.5_0.5_6,inner,2,random,0,8,Single,No_MSF,211,146329
result_SELECT_10_Heisenberg2D_cylinder_0.5_0.5_6,inner,2,random,0,4,Proj,Yes_Kink,259,1111062
result_SELECT_10_Heisenberg2D_cylinder_0.5_0.5_6,inner,2,random,0,6,Single,Yes_Kink,355,880308
result_SELECT_10_Heisenberg2D_cylinder_0.5_0.5_6,inner,2,random,0,8,Single,No_Top,408,348843
result_SELECT_10_Heisenberg2D_cylinder_0.5_0.5_6,outer,1,SA,0.001,0,Double,No_MSF,177,121590
result_SELECT_10_Heisenberg2D_cylinder_0.5_0.5_6,inner,2,random,0,8,Double,No_Kink,392,923485
result_SELECT_10_Heisenberg2D_cylinder_0.5_0.5_6,outer,1,SA,0.001,0,Double,No_Top,177,145898
result_SELECT_10_Heisenberg2D_cylinder_0.5_0.5_6,inner,2,random,0,8,Double,Yes_Kink,397,926392
result_SELECT_10_Heisenberg2D_cylinder_0.5_0.5_6,outer,1,SA,0.001,0,Proj,No_MSF,108,21372
result_SELECT_10_Heisenberg2D_cylinder_0.5_0.5_6,outer,1,SA,0.001,0,Double,No_Kink,252,488597
result_SELECT_10_Heisenberg2D_cylinder_0.5_0.5_6,inner,2,random,0,6,Proj,No_Kink,445,1848118
result_SELECT_10_Heisenberg2D_cylinder_0.5_0.5_6,outer,1,SA,0.001,0,Proj,No_Top,108,45820
result_SELECT_10_Heisenberg2D_cylinder_0.5_0.5_6,outer,1,SA,0.001,0,Double,Yes_Kink,257,500471
result_SELECT_10_Heisenberg2D_cylinder_0.5_0.5_6,inner,2,random,0,6,Proj,Yes_Kink,448,1792208
result_SELECT_10_Heisenberg2D_cylinder_0.5_0.5_6,outer,1,SA,0.001,0,Single,No_MSF,211,146329
result_SELECT_10_Heisenberg2D_cylinder_0.5_0.5_6,inner,2,random,0,8,Single,No_Kink,415,926096
result_SELECT_10_Heisenberg2D_cylinder_0.5_0.5_6,outer,1,SA,0.001,0,Single,No_Top,211,170345
result_SELECT_10_Heisenberg2D_cylinder_0.5_0.5_6,outer,1,SA,0.001,10,Double,No_MSF,177,121590
result_SELECT_10_Heisenberg2D_cylinder_0.5_0.5_6,outer,1,SA,0.001,10,Double,No_Top,473,412560
result_SELECT_10_Heisenberg2D_cylinder_0.5_0.5_6,inner,2,random,0,8,Single,Yes_Kink,415,930694
result_SELECT_10_Heisenberg2D_cylinder_0.5_0.5_6,outer,1,SA,0.001,10,Proj,No_MSF,108,21372
result_SELECT_10_Heisenberg2D_cylinder_0.5_0.5_6,outer,1,SA,0.001,0,Single,No_Kink,317,515932
result_SELECT_10_Heisenberg2D_cylinder_0.5_0.5_6,outer,1,SA,0.001,10,Proj,No_Top,451,45820
result_SELECT_10_Heisenberg2D_cylinder_0.5_0.5_6,outer,1,SA,0.001,10,Single,No_MSF,211,146329
result_SELECT_10_Heisenberg2D_cylinder_0.5_0.5_6,outer,1,SA,0.001,10,Single,No_Top,483,420755
result_SELECT_10_Heisenberg2D_cylinder_0.5_0.5_6,outer,1,SA,0.001,10,Double,No_Kink,468,877198
result_SELECT_10_Heisenberg2D_cylinder_0.5_0.5_6,outer,1,SA,0.001,0,Proj,No_Kink,217,977575
result_SELECT_10_Heisenberg2D_cylinder_0.5_0.5_6,outer,1,SA,0.001,10,Double,Yes_Kink,470,869132
result_SELECT_10_Heisenberg2D_cylinder_0.5_0.5_6,outer,1,SA,0.001,2,Double,No_MSF,177,121590
result_SELECT_10_Heisenberg2D_cylinder_0.5_0.5_6,outer,1,SA,0.001,2,Double,No_Top,177,146330
result_SELECT_10_Heisenberg2D_cylinder_0.5_0.5_6,outer,1,SA,0.001,0,Proj,Yes_Kink,225,997294
result_SELECT_10_Heisenberg2D_cylinder_0.5_0.5_6,outer,1,SA,0.001,2,Proj,No_MSF,108,21372
result_SELECT_10_Heisenberg2D_cylinder_0.5_0.5_6,outer,1,SA,0.001,10,Single,No_Kink,494,815033
result_SELECT_10_Heisenberg2D_cylinder_0.5_0.5_6,outer,1,SA,0.001,2,Proj,No_Top,123,45820
result_SELECT_10_Heisenberg2D_cylinder_0.5_0.5_6,outer,1,SA,0.001,2,Single,No_MSF,211,146329
result_SELECT_10_Heisenberg2D_cylinder_0.5_0.5_6,outer,1,SA,0.001,2,Single,No_Top,211,170527
result_SELECT_10_Heisenberg2D_cylinder_0.5_0.5_6,outer,1,SA,0.001,2,Double,No_Kink,254,539906
result_SELECT_10_Heisenberg2D_cylinder_0.5_0.5_6,outer,1,SA,0.001,2,Double,Yes_Kink,244,564992
result_SELECT_10_Heisenberg2D_cylinder_0.5_0.5_6,outer,1,SA,0.001,4,Double,No_MSF,177,121590
result_SELECT_10_Heisenberg2D_cylinder_0.5_0.5_6,outer,1,SA,0.001,4,Double,No_Top,239,199075
result_SELECT_10_Heisenberg2D_cylinder_0.5_0.5_6,outer,1,SA,0.001,2,Single,No_Kink,333,551298
result_SELECT_10_Heisenberg2D_cylinder_0.5_0.5_6,outer,1,SA,0.001,4,Proj,No_MSF,108,21372
result_SELECT_10_Heisenberg2D_cylinder_0.5_0.5_6,outer,1,SA,0.001,4,Proj,No_Top,205,45820
result_SELECT_10_Heisenberg2D_cylinder_0.5_0.5_6,outer,1,SA,0.001,2,Proj,No_Kink,220,990202
result_SELECT_10_Heisenberg2D_cylinder_0.5_0.5_6,outer,1,SA,0.001,4,Double,No_Kink,269,628567
result_SELECT_10_Heisenberg2D_cylinder_0.5_0.5_6,inner,2,random,0,10,Proj,Yes_Kink,1431,5586601
result_SELECT_10_Heisenberg2D_cylinder_0.5_0.5_6,outer,1,SA,0.001,4,Single,No_MSF,211,146329
result_SELECT_10_Heisenberg2D_cylinder_0.5_0.5_6,outer,1,SA,0.001,4,Single,No_Top,254,207761
result_SELECT_10_Heisenberg2D_cylinder_0.5_0.5_6,outer,1,SA,0.001,4,Double,Yes_Kink,276,654511
result_SELECT_10_Heisenberg2D_cylinder_0.5_0.5_6,outer,1,SA,0.001,2,Proj,Yes_Kink,228,1003475
result_SELECT_10_Heisenberg2D_cylinder_0.5_0.5_6,outer,1,SA,0.001,6,Double,No_MSF,177,121590
result_SELECT_10_Heisenberg2D_cylinder_0.5_0.5_6,outer,1,SA,0.001,10,Proj,Yes_Kink,462,1818705
result_SELECT_10_Heisenberg2D_cylinder_0.5_0.5_6,outer,1,SA,0.001,6,Double,No_Top,314,275746
result_SELECT_10_Heisenberg2D_cylinder_0.5_0.5_6,inner,2,random,0,10,Proj,No_Kink,1496,5963672
result_SELECT_10_Heisenberg2D_cylinder_0.5_0.5_6,outer,1,SA,0.001,6,Proj,No_MSF,108,21372
result_SELECT_10_Heisenberg2D_cylinder_0.5_0.5_6,outer,1,SA,0.001,6,Proj,No_Top,287,45820
result_SELECT_10_Heisenberg2D_cylinder_0.5_0.5_6,outer,1,SA,0.001,10,Proj,No_Kink,462,1837780
result_SELECT_10_Heisenberg2D_cylinder_0.5_0.5_6,outer,1,SA,0.001,6,Single,No_MSF,211,146329
result_SELECT_10_Heisenberg2D_cylinder_0.5_0.5_6,inner,2,naive,0,8,Proj,Yes_Kink,1773,7196547
result_SELECT_10_Heisenberg2D_cylinder_0.5_0.5_6,outer,1,SA,0.001,4,Single,No_Kink,358,601479
result_SELECT_10_Heisenberg2D_cylinder_0.5_0.5_6,outer,1,SA,0.001,6,Single,No_Top,331,276147
result_SELECT_10_Heisenberg2D_cylinder_0.5_0.5_6,outer,1,SA,0.001,8,Double,No_MSF,177,121590
result_SELECT_10_Heisenberg2D_cylinder_0.5_0.5_6,outer,1,SA,0.001,8,Double,No_Top,392,343895
result_SELECT_10_Heisenberg2D_cylinder_0.5_0.5_6,outer,1,SA,0.001,8,Proj,No_MSF,108,21372
result_SELECT_10_Heisenberg2D_cylinder_0.5_0.5_6,outer,1,SA,0.001,6,Double,No_Kink,314,717020
result_SELECT_10_Heisenberg2D_cylinder_0.5_0.5_6,outer,1,SA,0.001,8,Proj,No_Top,369,45820
result_SELECT_10_Heisenberg2D_cylinder_0.5_0.5_6,inner,2,random,0,8,Proj,No_Kink,911,3754223
result_SELECT_10_Heisenberg2D_cylinder_0.5_0.5_6,outer,1,SA,0.001,4,Proj,No_Kink,240,1046720
result_SELECT_10_Heisenberg2D_cylinder_0.5_0.5_6,outer,1,SA,0.001,6,Single,No_Kink,363,658052
result_SELECT_10_Heisenberg2D_cylinder_0.5_0.5_6,outer,1,SA,0.001,4,Proj,Yes_Kink,245,1061560
result_SELECT_10_Heisenberg2D_cylinder_0.5_0.5_6,outer,1,SA,0.001,8,Single,No_MSF,211,146329
result_SELECT_10_Heisenberg2D_cylinder_0.5_0.5_6,outer,1,SA,0.001,6,Double,Yes_Kink,317,733626
result_SELECT_10_Heisenberg2D_cylinder_0.5_0.5_6,outer,1,SA,0.001,8,Single,No_Top,408,348843
result_SELECT_10_Heisenberg2D_cylinder_0.5_0.5_6,outer,1,SA,0.01,0,Double,No_MSF,177,121590
result_SELECT_10_Heisenberg2D_cylinder_0.5_0.5_6,outer,1,SA,0.01,0,Double,No_Top,177,145898
result_SELECT_10_Heisenberg2D_cylinder_0.5_0.5_6,outer,1,SA,0.01,0,Proj,No_MSF,108,21372
result_SELECT_10_Heisenberg2D_cylinder_0.5_0.5_6,outer,1,SA,0.01,0,Proj,No_Top,108,45820
result_SELECT_10_Heisenberg2D_cylinder_0.5_0.5_6,inner,2,naive,0,8,Proj,No_Kink,1923,7794956
result_SELECT_10_Heisenberg2D_cylinder_0.5_0.5_6,outer,1,SA,0.001,8,Double,No_Kink,391,789753
result_SELECT_10_Heisenberg2D_cylinder_0.5_0.5_6,inner,2,random,0,8,Proj,Yes_Kink,909,3584401
result_SELECT_10_Heisenberg2D_cylinder_0.5_0.5_6,outer,1,SA,0.01,0,Single,No_MSF,211,146329
result_SELECT_10_Heisenberg2D_cylinder_0.5_0.5_6,outer,1,SA,0.01,0,Single,No_Top,211,170345
result_SELECT_10_Heisenberg2D_cylinder_0.5_0.5_6,outer,1,SA,0.001,8,Double,Yes_Kink,392,805046
result_SELECT_10_Heisenberg2D_cylinder_0.5_0.5_6,outer,1,SA,0.01,10,Double,No_MSF,177,121590
result_SELECT_10_Heisenberg2D_cylinder_0.5_0.5_6,outer,1,SA,0.01,0,Double,No_Kink,242,482880
result_SELECT_10_Heisenberg2D_cylinder_0.5_0.5_6,outer,1,SA,0.01,10,Double,No_Top,473,412560
result_SELECT_10_Heisenberg2D_cylinder_0.5_0.5_6,outer,1,SA,0.001,8,Single,No_Kink,423,731050
result_SELECT_10_Heisenberg2D_cylinder_0.5_0.5_6,outer,1,SA,0.01,10,Proj,No_MSF,108,21372
result_SELECT_10_Heisenberg2D_cylinder_0.5_0.5_6,outer,1,SA,0.001,6,Proj,No_Kink,294,1246474
result_SELECT_10_Heisenberg2D_cylinder_0.5_0.5_6,outer,1,SA,0.01,0,Double,Yes_Kink,243,489689
result_SELECT_10_Heisenberg2D_cylinder_0.5_0.5_6,outer,1,SA,0.01,10,Proj,No_Top,451,45820
result_SELECT_10_Heisenberg2D_cylinder_0.5_0.5_6,outer,1,SA,0.01,10,Single,No_MSF,211,146329
result_SELECT_10_Heisenberg2D_cylinder_0.5_0.5_6,outer,1,SA,0.01,10,Single,No_Top,483,420755
result_SELECT_10_Heisenberg2D_cylinder_0.5_0.5_6,outer,1,SA,0.001,6,Proj,Yes_Kink,294,1244638
result_SELECT_10_Heisenberg2D_cylinder_0.5_0.5_6,outer,1,SA,0.01,0,Single,No_Kink,305,509430
result_SELECT_10_Heisenberg2D_cylinder_0.5_0.5_6,outer,1,SA,0.01,2,Double,No_MSF,177,121590
result_SELECT_10_Heisenberg2D_cylinder_0.5_0.5_6,outer,1,SA,0.01,2,Double,No_Top,177,146330
result_SELECT_10_Heisenberg2D_cylinder_0.5_0.5_6,outer,1,SA,0.01,2,Proj,No_MSF,108,21372
result_SELECT_10_Heisenberg2D_cylinder_0.5_0.5_6,outer,1,SA,0.01,2,Proj,No_Top,123,45820
result_SELECT_10_Heisenberg2D_cylinder_0.5_0.5_6,outer,1,SA,0.01,0,Proj,No_Kink,202,922802
result_SELECT_10_Heisenberg2D_cylinder_0.5_0.5_6,outer,1,SA,0.01,10,Double,No_Kink,470,894435
result_SELECT_10_Heisenberg2D_cylinder_0.5_0.5_6,outer,1,SA,0.01,2,Double,No_Kink,247,532295
result_SELECT_10_Heisenberg2D_cylinder_0.5_0.5_6,outer,1,SA,0.01,0,Proj,Yes_Kink,210,937214
result_SELECT_10_Heisenberg2D_cylinder_0.5_0.5_6,outer,1,SA,0.01,10,Single,No_Kink,489,817745
result_SELECT_10_Heisenberg2D_cylinder_0.5_0.5_6,outer,1,SA,0.01,2,Single,No_MSF,211,146329
result_SELECT_10_Heisenberg2D_cylinder_0.5_0.5_6,outer,1,SA,0.01,2,Double,Yes_Kink,259,558124
result_SELECT_10_Heisenberg2D_cylinder_0.5_0.5_6,outer,1,SA,0.001,8,Proj,No_Kink,378,1543890
result_SELECT_10_Heisenberg2D_cylinder_0.5_0.5_6,outer,1,SA,0.01,4,Double,No_MSF,177,121590
result_SELECT_10_Heisenberg2D_cylinder_0.5_0.5_6,outer,1,SA,0.01,2,Single,No_Top,211,170527
result_SELECT_10_Heisenberg2D_cylinder_0.5_0.5_6,outer,1,SA,0.01,10,Double,Yes_Kink,472,900410
result_SELECT_10_Heisenberg2D_cylinder_0.5_0.5_6,outer,1,SA,0.01,4,Double,No_Top,239,199075
result_SELECT_10_Heisenberg2D_cylinder_0.5_0.5_6,outer,1,SA,0.01,4,Proj,No_MSF,108,21372
result_SELECT_10_Heisenberg2D_cylinder_0.5_0.5_6,outer,1,SA,0.01,4,Proj,No_Top,205,45820
result_SELECT_10_Heisenberg2D_cylinder_0.5_0.5_6,outer,1,SA,0.01,2,Single,No_Kink,323,548449
result_SELECT_10_Heisenberg2D_cylinder_0.5_0.5_6,outer,1,SA,0.001,8,Proj,Yes_Kink,378,1536346
result_SELECT_10_Heisenberg2D_cylinder_0.5_0.5_6,outer,1,SA,0.01,4,Single,No_MSF,211,146329
result_SELECT_10_Heisenberg2D_cylinder_0.5_0.5_6,outer,1,SA,0.01,4,Single,No_Top,254,207761
result_SELECT_10_Heisenberg2D_cylinder_0.5_0.5_6,outer,1,SA,0.01,6,Double,No_MSF,177,121590
result_SELECT_10_Heisenberg2D_cylinder_0.5_0.5_6,outer,1,SA,0.01,6,Double,No_Top,314,275746
result_SELECT_10_Heisenberg2D_cylinder_0.5_0.5_6,outer,1,SA,0.01,6,Proj,No_MSF,108,21372
result_SELECT_10_Heisenberg2D_cylinder_0.5_0.5_6,outer,1,SA,0.01,6,Proj,No_Top,287,45820
result_SELECT_10_Heisenberg2D_cylinder_0.5_0.5_6,outer,1,SA,0.01,2,Proj,No_Kink,207,935982
result_SELECT_10_Heisenberg2D_cylinder_0.5_0.5_6,outer,1,SA,0.01,4,Double,No_Kink,270,620832
result_SELECT_10_Heisenberg2D_cylinder_0.5_0.5_6,outer,1,SA,0.01,2,Proj,Yes_Kink,214,945763
result_SELECT_10_Heisenberg2D_cylinder_0.5_0.5_6,outer,1,SA,0.01,6,Single,No_MSF,211,146329
result_SELECT_10_Heisenberg2D_cylinder_0.5_0.5_6,outer,1,SA,0.01,4,Single,No_Kink,344,600854
result_SELECT_10_Heisenberg2D_cylinder_0.5_0.5_6,outer,1,SA,0.01,6,Single,No_Top,331,276147
result_SELECT_10_Heisenberg2D_cylinder_0.5_0.5_6,outer,1,SA,0.01,8,Double,No_MSF,177,121590
result_SELECT_10_Heisenberg2D_cylinder_0.5_0.5_6,outer,1,SA,0.01,4,Double,Yes_Kink,278,637750
result_SELECT_10_Heisenberg2D_cylinder_0.5_0.5_6,outer,1,SA,0.01,8,Double,No_Top,392,343895
result_SELECT_10_Heisenberg2D_cylinder_0.5_0.5_6,outer,1,SA,0.01,8,Proj,No_MSF,108,21372
result_SELECT_10_Heisenberg2D_cylinder_0.5_0.5_6,outer,1,SA,0.01,6,Double,No_Kink,314,704904
result_SELECT_10_Heisenberg2D_cylinder_0.5_0.5_6,outer,1,SA,0.01,8,Proj,No_Top,369,45820
result_SELECT_10_Heisenberg2D_cylinder_0.5_0.5_6,outer,1,SA,0.01,6,Double,Yes_Kink,318,716281
result_SELECT_10_Heisenberg2D_cylinder_0.5_0.5_6,outer,1,SA,0.01,6,Single,No_Kink,377,657155
result_SELECT_10_Heisenberg2D_cylinder_0.5_0.5_6,outer,1,SA,0.01,8,Single,No_Top,408,348843
result_SELECT_10_Heisenberg2D_cylinder_0.5_0.5_6,outer,1,SA,0.01,8,Single,No_MSF,211,146329
result_SELECT_10_Heisenberg2D_cylinder_0.5_0.5_6,outer,1,SA,0.01,10,Proj,No_Kink,462,1851137
result_SELECT_10_Heisenberg2D_cylinder_0.5_0.5_6,outer,1,SA,0.01,4,Proj,No_Kink,226,1001923
result_SELECT_10_Heisenberg2D_cylinder_0.5_0.5_6,outer,1,SA,0.1,0,Double,No_MSF,177,121590
result_SELECT_10_Heisenberg2D_cylinder_0.5_0.5_6,outer,1,SA,0.1,0,Double,No_Top,177,145898
result_SELECT_10_Heisenberg2D_cylinder_0.5_0.5_6,outer,1,SA,0.01,4,Proj,Yes_Kink,232,1012962
result_SELECT_10_Heisenberg2D_cylinder_0.5_0.5_6,outer,1,SA,0.1,0,Proj,No_MSF,108,21372
result_SELECT_10_Heisenberg2D_cylinder_0.5_0.5_6,outer,1,SA,0.1,0,Proj,No_Top,108,45820
result_SELECT_10_Heisenberg2D_cylinder_0.5_0.5_6,outer,1,SA,0.01,10,Proj,Yes_Kink,462,1827894
result_SELECT_10_Heisenberg2D_cylinder_0.5_0.5_6,outer,1,SA,0.01,8,Double,No_Kink,390,813118
result_SELECT_10_Heisenberg2D_cylinder_0.5_0.5_6,outer,1,SA,0.1,0,Single,No_MSF,211,146329
result_SELECT_10_Heisenberg2D_cylinder_0.5_0.5_6,outer,1,SA,0.1,0,Single,No_Top,211,170345
result_SELECT_10_Heisenberg2D_cylinder_0.5_0.5_6,outer,1,SA,0.01,8,Double,Yes_Kink,393,802735
result_SELECT_10_Heisenberg2D_cylinder_0.5_0.5_6,outer,1,SA,0.1,0,Double,No_Kink,224,464985
result_SELECT_10_Heisenberg2D_cylinder_0.5_0.5_6,outer,1,SA,0.1,10,Double,No_MSF,177,121590
result_SELECT_10_Heisenberg2D_cylinder_0.5_0.5_6,outer,1,SA,0.1,10,Double,No_Top,473,412560
result_SELECT_10_Heisenberg2D_cylinder_0.5_0.5_6,outer,1,SA,0.01,8,Single,No_Kink,423,732269
result_SELECT_10_Heisenberg2D_cylinder_0.5_0.5_6,outer,1,SA,0.01,6,Proj,No_Kink,294,1244546
result_SELECT_10_Heisenberg2D_cylinder_0.5_0.5_6,outer,1,SA,0.1,10,Proj,No_MSF,108,21372
result_SELECT_10_Heisenberg2D_cylinder_0.5_0.5_6,outer,1,SA,0.1,0,Double,Yes_Kink,229,469216
result_SELECT_10_Heisenberg2D_cylinder_0.5_0.5_6,outer,1,SA,0.1,10,Proj,No_Top,451,45820
result_SELECT_10_Heisenberg2D_cylinder_0.5_0.5_6,outer,1,SA,0.1,0,Single,No_Kink,276,488165
result_SELECT_10_Heisenberg2D_cylinder_0.5_0.5_6,outer,1,SA,0.1,10,Single,No_MSF,211,146329
result_SELECT_10_Heisenberg2D_cylinder_0.5_0.5_6,outer,1,SA,0.01,6,Proj,Yes_Kink,295,1243278
result_SELECT_10_Heisenberg2D_cylinder_0.5_0.5_6,outer,1,SA,0.1,10,Single,No_Top,483,420755
result_SELECT_10_Heisenberg2D_cylinder_0.5_0.5_6,outer,1,SA,0.1,2,Double,No_MSF,177,121590
result_SELECT_10_Heisenberg2D_cylinder_0.5_0.5_6,outer,1,SA,0.1,2,Double,No_Top,177,146330
result_SELECT_10_Heisenberg2D_cylinder_0.5_0.5_6,outer,1,SA,0.1,2,Proj,No_MSF,108,21372
result_SELECT_10_Heisenberg2D_cylinder_0.5_0.5_6,outer,1,SA,0.1,2,Proj,No_Top,123,45820
result_SELECT_10_Heisenberg2D_cylinder_0.5_0.5_6,outer,1,SA,0.1,10,Double,No_Kink,469,847838
result_SELECT_10_Heisenberg2D_cylinder_0.5_0.5_6,outer,1,SA,0.1,10,Double,Yes_Kink,469,848668
result_SELECT_10_Heisenberg2D_cylinder_0.5_0.5_6,outer,1,SA,0.1,10,Single,No_Kink,483,807294
result_SELECT_10_Heisenberg2D_cylinder_0.5_0.5_6,outer,1,SA,0.1,2,Single,No_MSF,211,146329
result_SELECT_10_Heisenberg2D_cylinder_0.5_0.5_6,outer,1,SA,0.1,0,Proj,No_Kink,199,919512
result_SELECT_10_Heisenberg2D_cylinder_0.5_0.5_6,outer,1,SA,0.1,2,Double,No_Kink,222,503141
result_SELECT_10_Heisenberg2D_cylinder_0.5_0.5_6,outer,1,SA,0.1,2,Single,No_Top,211,170527
result_SELECT_10_Heisenberg2D_cylinder_0.5_0.5_6,outer,1,SA,0.1,4,Double,No_MSF,177,121590
result_SELECT_10_Heisenberg2D_cylinder_0.5_0.5_6,outer,1,SA,0.1,2,Double,Yes_Kink,230,526742
result_SELECT_10_Heisenberg2D_cylinder_0.5_0.5_6,outer,1,SA,0.1,4,Double,No_Top,239,199075
result_SELECT_10_Heisenberg2D_cylinder_0.5_0.5_6,outer,1,SA,0.1,0,Proj,Yes_Kink,205,931301
result_SELECT_10_Heisenberg2D_cylinder_0.5_0.5_6,outer,1,SA,0.1,4,Proj,No_MSF,108,21372
result_SELECT_10_Heisenberg2D_cylinder_0.5_0.5_6,outer,1,SA,0.01,8,Proj,No_Kink,378,1549141
result_SELECT_10_Heisenberg2D_cylinder_0.5_0.5_6,outer,1,SA,0.1,4,Proj,No_Top,205,45820
result_SELECT_10_Heisenberg2D_cylinder_0.5_0.5_6,outer,1,SA,0.1,2,Single,No_Kink,298,520258
result_SELECT_10_Heisenberg2D_cylinder_0.5_0.5_6,outer,1,SA,0.1,4,Single,No_MSF,211,146329
result_SELECT_10_Heisenberg2D_cylinder_0.5_0.5_6,outer,1,SA,0.1,4,Single,No_Top,254,207761
result_SELECT_10_Heisenberg2D_cylinder_0.5_0.5_6,outer,1,SA,0.1,6,Double,No_MSF,177,121590
result_SELECT_10_Heisenberg2D_cylinder_0.5_0.5_6,outer,1,SA,0.1,6,Double,No_Top,314,275746
result_SELECT_10_Heisenberg2D_cylinder_0.5_0.5_6,outer,1,SA,0.01,8,Proj,Yes_Kink,378,1533939
result_SELECT_10_Heisenberg2D_cylinder_0.5_0.5_6,outer,1,SA,0.1,6,Proj,No_MSF,108,21372
result_SELECT_10_Heisenberg2D_cylinder_0.5_0.5_6,outer,1,SA,0.1,6,Proj,No_Top,287,45820
result_SELECT_10_Heisenberg2D_cylinder_0.5_0.5_6,outer,1,SA,0.1,4,Double,No_Kink,245,600441
result_SELECT_10_Heisenberg2D_cylinder_0.5_0.5_6,outer,1,SA,0.1,2,Proj,No_Kink,202,927220
result_SELECT_10_Heisenberg2D_cylinder_0.5_0.5_6,outer,1,SA,0.1,4,Double,Yes_Kink,254,621317
result_SELECT_10_Heisenberg2D_cylinder_0.5_0.5_6,outer,1,SA,0.1,6,Single,No_MSF,211,146329
result_SELECT_10_Heisenberg2D_cylinder_0.5_0.5_6,outer,1,SA,0.1,4,Single,No_Kink,299,571337
result_SELECT_10_Heisenberg2D_cylinder_0.5_0.5_6,outer,1,SA,0.1,6,Single,No_Top,331,276147
result_SELECT_10_Heisenberg2D_cylinder_0.5_0.5_6,outer,1,SA,0.1,2,Proj,Yes_Kink,208,938432
result_SELECT_10_Heisenberg2D_cylinder_0.5_0.5_6,outer,1,SA,0.1,8,Double,No_MSF,177,121590
result_SELECT_10_Heisenberg2D_cylinder_0.5_0.5_6,outer,1,SA,0.1,6,Double,No_Kink,310,689876
result_SELECT_10_Heisenberg2D_cylinder_0.5_0.5_6,outer,1,SA,0.1,8,Double,No_Top,392,343895
result_SELECT_10_Heisenberg2D_cylinder_0.5_0.5_6,outer,1,SA,0.1,8,Proj,No_MSF,108,21372
result_SELECT_10_Heisenberg2D_cylinder_0.5_0.5_6,outer,1,SA,0.1,8,Proj,No_Top,369,45820
result_SELECT_10_Heisenberg2D_cylinder_0.5_0.5_6,outer,1,SA,0.1,6,Double,Yes_Kink,315,691738
result_SELECT_10_Heisenberg2D_cylinder_0.5_0.5_6,outer,1,SA,0.1,8,Single,No_MSF,211,146329
result_SELECT_10_Heisenberg2D_cylinder_0.5_0.5_6,outer,1,SA,0.1,8,Single,No_Top,408,348843
result_SELECT_10_Heisenberg2D_cylinder_0.5_0.5_6,outer,1,SA,0.1,10,Proj,No_Kink,462,1807158
result_SELECT_10_Heisenberg2D_cylinder_0.5_0.5_6,outer,1,SA,0.1,10,Proj,Yes_Kink,462,1775280
result_SELECT_10_Heisenberg2D_cylinder_0.5_0.5_6,outer,1,SA,0.1,4,Proj,No_Kink,220,990730
result_SELECT_10_Heisenberg2D_cylinder_0.5_0.5_6,outer,1,SA,0.1,4,Proj,Yes_Kink,226,1002664
result_SELECT_10_Heisenberg2D_cylinder_0.5_0.5_6,outer,1,SA,0.1,6,Single,No_Kink,348,644911
result_SELECT_10_Heisenberg2D_cylinder_0.5_0.5_6,outer,1,SA,1,0,Double,No_MSF,177,121590
result_SELECT_10_Heisenberg2D_cylinder_0.5_0.5_6,outer,1,SA,1,0,Proj,No_MSF,108,21372
result_SELECT_10_Heisenberg2D_cylinder_0.5_0.5_6,outer,1,SA,1,0,Double,No_Top,177,145898
result_SELECT_10_Heisenberg2D_cylinder_0.5_0.5_6,outer,1,SA,1,0,Proj,No_Top,108,45820
result_SELECT_10_Heisenberg2D_cylinder_0.5_0.5_6,outer,1,SA,0.1,8,Double,No_Kink,389,749568
result_SELECT_10_Heisenberg2D_cylinder_0.5_0.5_6,outer,1,SA,1,0,Single,No_MSF,211,146329
result_SELECT_10_Heisenberg2D_cylinder_0.5_0.5_6,outer,1,SA,1,0,Single,No_Top,211,170345
result_SELECT_10_Heisenberg2D_cylinder_0.5_0.5_6,outer,1,SA,1,10,Double,No_MSF,177,121590
result_SELECT_10_Heisenberg2D_cylinder_0.5_0.5_6,outer,1,SA,0.1,8,Double,Yes_Kink,389,766687
result_SELECT_10_Heisenberg2D_cylinder_0.5_0.5_6,outer,1,SA,1,0,Double,No_Kink,226,465320
result_SELECT_10_Heisenberg2D_cylinder_0.5_0.5_6,outer,1,SA,1,10,Double,No_Top,473,412560
result_SELECT_10_Heisenberg2D_cylinder_0.5_0.5_6,outer,1,SA,0.1,8,Single,No_Kink,410,720441
result_SELECT_10_Heisenberg2D_cylinder_0.5_0.5_6,outer,1,SA,1,10,Proj,No_MSF,108,21372
result_SELECT_10_Heisenberg2D_cylinder_0.5_0.5_6,outer,1,SA,0.1,6,Proj,No_Kink,294,1236177
result_SELECT_10_Heisenberg2D_cylinder_0.5_0.5_6,outer,1,SA,1,0,Double,Yes_Kink,234,476190
result_SELECT_10_Heisenberg2D_cylinder_0.5_0.5_6,outer,1,SA,1,10,Proj,No_Top,451,45820
result_SELECT_10_Heisenberg2D_cylinder_0.5_0.5_6,outer,1,SA,1,0,Single,No_Kink,282,482726
result_SELECT_10_Heisenberg2D_cylinder_0.5_0.5_6,outer,1,SA,1,10,Single,No_MSF,211,146329
result_SELECT_10_Heisenberg2D_cylinder_0.5_0.5_6,outer,1,SA,1,10,Single,No_Top,483,420755
result_SELECT_10_Heisenberg2D_cylinder_0.5_0.5_6,outer,1,SA,1,2,Double,No_MSF,177,121590
result_SELECT_10_Heisenberg2D_cylinder_0.5_0.5_6,outer,1,SA,1,2,Double,No_Top,177,146330
result_SELECT_10_Heisenberg2D_cylinder_0.5_0.5_6,outer,1,SA,0.1,6,Proj,Yes_Kink,294,1235979
result_SELECT_10_Heisenberg2D_cylinder_0.5_0.5_6,outer,1,SA,1,2,Proj,No_MSF,108,21372
result_SELECT_10_Heisenberg2D_cylinder_0.5_0.5_6,outer,1,SA,1,2,Proj,No_Top,123,45820
result_SELECT_10_Heisenberg2D_cylinder_0.5_0.5_6,outer,1,SA,1,10,Double,No_Kink,473,908507
result_SELECT_10_Heisenberg2D_cylinder_0.5_0.5_6,outer,1,SA,1,2,Single,No_MSF,211,146329
result_SELECT_10_Heisenberg2D_cylinder_0.5_0.5_6,outer,1,SA,1,0,Proj,No_Kink,212,963551
result_SELECT_10_Heisenberg2D_cylinder_0.5_0.5_6,outer,1,SA,1,10,Single,No_Kink,496,827357
result_SELECT_10_Heisenberg2D_cylinder_0.5_0.5_6,outer,1,SA,1,0,Proj,Yes_Kink,221,985726
result_SELECT_10_Heisenberg2D_cylinder_0.5_0.5_6,outer,1,SA,1,2,Double,Yes_Kink,250,553899
result_SELECT_10_Heisenberg2D_cylinder_0.5_0.5_6,outer,1,SA,1,2,Single,No_Top,211,170527
result_SELECT_10_Heisenberg2D_cylinder_0.5_0.5_6,outer,1,SA,1,2,Double,No_Kink,246,522360
result_SELECT_10_Heisenberg2D_cylinder_0.5_0.5_6,outer,1,SA,1,4,Double,No_MSF,177,121590
result_SELECT_10_Heisenberg2D_cylinder_0.5_0.5_6,outer,1,SA,1,10,Double,Yes_Kink,478,896123
result_SELECT_10_Heisenberg2D_cylinder_0.5_0.5_6,outer,1,SA,1,4,Double,No_Top,239,199075
result_SELECT_10_Heisenberg2D_cylinder_0.5_0.5_6,outer,1,SA,1,4,Proj,No_MSF,108,21372
result_SELECT_10_Heisenberg2D_cylinder_0.5_0.5_6,outer,1,SA,1,4,Proj,No_Top,205,45820
result_SELECT_10_Heisenberg2D_cylinder_0.5_0.5_6,outer,1,SA,1,2,Single,No_Kink,298,522434
result_SELECT_10_Heisenberg2D_cylinder_0.5_0.5_6,outer,1,SA,1,4,Single,No_MSF,211,146329
result_SELECT_10_Heisenberg2D_cylinder_0.5_0.5_6,outer,1,SA,1,4,Single,No_Top,254,207761
result_SELECT_10_Heisenberg2D_cylinder_0.5_0.5_6,outer,1,SA,1,6,Double,No_MSF,177,121590
result_SELECT_10_Heisenberg2D_cylinder_0.5_0.5_6,outer,1,SA,0.1,8,Proj,No_Kink,378,1513566
result_SELECT_10_Heisenberg2D_cylinder_0.5_0.5_6,outer,1,SA,0.1,8,Proj,Yes_Kink,378,1504765
result_SELECT_10_Heisenberg2D_cylinder_0.5_0.5_6,outer,1,SA,1,6,Double,No_Top,314,275746
result_SELECT_10_Heisenberg2D_cylinder_0.5_0.5_6,outer,1,SA,1,6,Proj,No_MSF,108,21372
result_SELECT_10_Heisenberg2D_cylinder_0.5_0.5_6,outer,1,SA,1,6,Proj,No_Top,287,45820
result_SELECT_10_Heisenberg2D_cylinder_0.5_0.5_6,outer,1,SA,1,2,Proj,No_Kink,217,980321
result_SELECT_10_Heisenberg2D_cylinder_0.5_0.5_6,outer,1,SA,1,4,Double,No_Kink,280,609687
result_SELECT_10_Heisenberg2D_cylinder_0.5_0.5_6,outer,1,SA,1,6,Single,No_MSF,211,146329
result_SELECT_10_Heisenberg2D_cylinder_0.5_0.5_6,outer,1,SA,1,4,Single,No_Kink,326,584048
result_SELECT_10_Heisenberg2D_cylinder_0.5_0.5_6,outer,1,SA,1,6,Single,No_Top,331,276147
result_SELECT_10_Heisenberg2D_cylinder_0.5_0.5_6,outer,1,SA,1,4,Double,Yes_Kink,279,641412
result_SELECT_10_Heisenberg2D_cylinder_0.5_0.5_6,outer,1,SA,1,8,Double,No_MSF,177,121590
result_SELECT_10_Heisenberg2D_cylinder_0.5_0.5_6,outer,1,SA,1,2,Proj,Yes_Kink,228,1006858
result_SELECT_10_Heisenberg2D_cylinder_0.5_0.5_6,outer,1,SA,1,8,Double,No_Top,392,343895
result_SELECT_10_Heisenberg2D_cylinder_0.5_0.5_6,outer,1,SA,1,6,Double,No_Kink,322,720795
result_SELECT_10_Heisenberg2D_cylinder_0.5_0.5_6,outer,1,SA,1,8,Proj,No_MSF,108,21372
result_SELECT_10_Heisenberg2D_cylinder_0.5_0.5_6,outer,1,SA,1,8,Proj,No_Top,369,45820
result_SELECT_10_Heisenberg2D_cylinder_0.5_0.5_6,outer,1,SA,1,8,Single,No_MSF,211,146329
result_SELECT_10_Heisenberg2D_cylinder_0.5_0.5_6,outer,1,SA,1,6,Single,No_Kink,352,649309
result_SELECT_10_Heisenberg2D_cylinder_0.5_0.5_6,outer,1,SA,1,10,Proj,No_Kink,473,1841746
result_SELECT_10_Heisenberg2D_cylinder_0.5_0.5_6,outer,1,SA,1,6,Double,Yes_Kink,328,732174
result_SELECT_10_Heisenberg2D_cylinder_0.5_0.5_6,outer,1,SA,1,8,Single,No_Top,408,348843
result_SELECT_10_Heisenberg2D_cylinder_0.5_0.5_6,outer,1,SA,1,4,Proj,No_Kink,240,1061726
result_SELECT_10_Heisenberg2D_cylinder_0.5_0.5_6,outer,1,SA,1,10,Proj,Yes_Kink,466,1827426
result_SELECT_10_Heisenberg2D_cylinder_0.5_0.5_6,outer,1,naive,0,0,Double,No_MSF,177,121590
result_SELECT_10_Heisenberg2D_cylinder_0.5_0.5_6,outer,1,naive,0,0,Double,No_Top,177,145898
result_SELECT_10_Heisenberg2D_cylinder_0.5_0.5_6,outer,1,naive,0,0,Proj,No_MSF,108,21372
result_SELECT_10_Heisenberg2D_cylinder_0.5_0.5_6,outer,1,SA,1,4,Proj,Yes_Kink,248,1078723
result_SELECT_10_Heisenberg2D_cylinder_0.5_0.5_6,outer,1,naive,0,0,Proj,No_Top,108,45820
result_SELECT_10_Heisenberg2D_cylinder_0.5_0.5_6,outer,1,SA,1,8,Double,No_Kink,396,807778
result_SELECT_10_Heisenberg2D_cylinder_0.5_0.5_6,outer,1,naive,0,0,Single,No_MSF,211,146329
result_SELECT_10_Heisenberg2D_cylinder_0.5_0.5_6,outer,1,naive,0,0,Single,No_Top,211,170345
result_SELECT_10_Heisenberg2D_cylinder_0.5_0.5_6,outer,1,naive,0,10,Double,No_MSF,177,121590
result_SELECT_10_Heisenberg2D_cylinder_0.5_0.5_6,outer,1,SA,1,8,Single,No_Kink,425,740388
result_SELECT_10_Heisenberg2D_cylinder_0.5_0.5_6,outer,1,SA,1,8,Double,Yes_Kink,400,816346
result_SELECT_10_Heisenberg2D_cylinder_0.5_0.5_6,outer,1,naive,0,10,Double,No_Top,473,412560
result_SELECT_10_Heisenberg2D_cylinder_0.5_0.5_6,outer,1,naive,0,10,Proj,No_MSF,108,21372
result_SELECT_10_Heisenberg2D_cylinder_0.5_0.5_6,outer,1,naive,0,10,Proj,No_Top,451,45820
result_SELECT_10_Heisenberg2D_cylinder_0.5_0.5_6,outer,1,SA,1,6,Proj,No_Kink,294,1266436
result_SELECT_10_Heisenberg2D_cylinder_0.5_0.5_6,outer,1,SA,1,6,Proj,Yes_Kink,295,1265339
result_SELECT_10_Heisenberg2D_cylinder_0.5_0.5_6,outer,1,naive,0,10,Single,No_MSF,211,146329
result_SELECT_10_Heisenberg2D_cylinder_0.5_0.5_6,outer,1,naive,0,10,Single,No_Top,483,420755
result_SELECT_10_Heisenberg2D_cylinder_0.5_0.5_6,outer,1,naive,0,2,Double,No_MSF,177,121590
result_SELECT_10_Heisenberg2D_cylinder_0.5_0.5_6,outer,1,naive,0,2,Double,No_Top,177,146330
result_SELECT_10_Heisenberg2D_cylinder_0.5_0.5_6,outer,1,naive,0,0,Double,No_Kink,680,1254204
result_SELECT_10_Heisenberg2D_cylinder_0.5_0.5_6,outer,1,naive,0,0,Double,Yes_Kink,668,1250498
result_SELECT_10_Heisenberg2D_cylinder_0.5_0.5_6,outer,1,naive,0,2,Proj,No_MSF,108,21372
result_SELECT_10_Heisenberg2D_cylinder_0.5_0.5_6,outer,1,SA,1,8,Proj,No_Kink,378,1551556
result_SELECT_10_Heisenberg2D_cylinder_0.5_0.5_6,outer,1,naive,0,0,Single,No_Kink,924,1449201
result_SELECT_10_Heisenberg2D_cylinder_0.5_0.5_6,outer,1,SA,1,8,Proj,Yes_Kink,379,1542752
result_SELECT_10_Heisenberg2D_cylinder_0.5_0.5_6,inner,2,naive,0,10,Proj,Yes_Kink,5167,18753589
result_SELECT_10_Heisenberg2D_cylinder_0.5_0.5_6,outer,1,naive,0,2,Proj,No_Top,123,45820
result_SELECT_10_Heisenberg2D_cylinder_0.5_0.5_6,outer,1,naive,0,10,Double,No_Kink,794,1406123
result_SELECT_10_Heisenberg2D_cylinder_0.5_0.5_6,outer,1,naive,0,2,Single,No_MSF,211,146329
result_SELECT_10_Heisenberg2D_cylinder_0.5_0.5_6,outer,1,naive,0,2,Single,No_Top,211,170527
result_SELECT_10_Heisenberg2D_cylinder_0.5_0.5_6,outer,1,naive,0,4,Double,No_MSF,177,121590
result_SELECT_10_Heisenberg2D_cylinder_0.5_0.5_6,outer,1,naive,0,4,Double,No_Top,239,199075
result_SELECT_10_Heisenberg2D_cylinder_0.5_0.5_6,outer,1,naive,0,10,Double,Yes_Kink,794,1402437
result_SELECT_10_Heisenberg2D_cylinder_0.5_0.5_6,outer,1,naive,0,10,Single,No_Kink,1044,1552041
result_SELECT_10_Heisenberg2D_cylinder_0.5_0.5_6,outer,1,naive,0,4,Proj,No_MSF,108,21372
result_SELECT_10_Heisenberg2D_cylinder_0.5_0.5_6,outer,1,naive,0,4,Proj,No_Top,205,45820
result_SELECT_10_Heisenberg2D_cylinder_0.5_0.5_6,outer,1,naive,0,4,Single,No_MSF,211,146329
result_SELECT_10_Heisenberg2D_cylinder_0.5_0.5_6,outer,1,naive,0,2,Double,No_Kink,671,1274823
result_SELECT_10_Heisenberg2D_cylinder_0.5_0.5_6,outer,1,naive,0,4,Single,No_Top,254,207761
result_SELECT_10_Heisenberg2D_cylinder_0.5_0.5_6,outer,1,naive,0,6,Double,No_MSF,177,121590
result_SELECT_10_Heisenberg2D_cylinder_0.5_0.5_6,outer,1,naive,0,2,Double,Yes_Kink,673,1266255
result_SELECT_10_Heisenberg2D_cylinder_0.5_0.5_6,outer,1,naive,0,6,Double,No_Top,314,275746
result_SELECT_10_Heisenberg2D_cylinder_0.5_0.5_6,outer,1,naive,0,2,Single,No_Kink,931,1451704
result_SELECT_10_Heisenberg2D_cylinder_0.5_0.5_6,outer,1,naive,0,6,Proj,No_MSF,108,21372
result_SELECT_10_Heisenberg2D_cylinder_0.5_0.5_6,outer,1,naive,0,4,Double,No_Kink,699,1306728
result_SELECT_10_Heisenberg2D_cylinder_0.5_0.5_6,outer,1,naive,0,4,Double,Yes_Kink,686,1293163
result_SELECT_10_Heisenberg2D_cylinder_0.5_0.5_6,outer,1,naive,0,6,Proj,No_Top,287,45820
result_SELECT_10_Heisenberg2D_cylinder_0.5_0.5_6,outer,1,naive,0,6,Single,No_MSF,211,146329
result_SELECT_10_Heisenberg2D_cylinder_0.5_0.5_6,outer,1,naive,0,4,Single,No_Kink,953,1472111
result_SELECT_10_Heisenberg2D_cylinder_0.5_0.5_6,outer,1,naive,0,6,Single,No_Top,331,276147
result_SELECT_10_Heisenberg2D_cylinder_0.5_0.5_6,outer,1,naive,0,8,Double,No_MSF,177,121590
result_SELECT_10_Heisenberg2D_cylinder_0.5_0.5_6,outer,1,naive,0,8,Double,No_Top,392,343895
result_SELECT_10_Heisenberg2D_cylinder_0.5_0.5_6,outer,1,naive,0,6,Double,No_Kink,730,1331163
result_SELECT_10_Heisenberg2D_cylinder_0.5_0.5_6,outer,1,naive,0,0,Proj,No_Kink,683,3044068
result_SELECT_10_Heisenberg2D_cylinder_0.5_0.5_6,outer,1,naive,0,8,Proj,No_MSF,108,21372
result_SELECT_10_Heisenberg2D_cylinder_0.5_0.5_6,outer,1,naive,0,6,Double,Yes_Kink,730,1329415
result_SELECT_10_Heisenberg2D_cylinder_0.5_0.5_6,outer,1,naive,0,8,Proj,No_Top,369,45820
result_SELECT_10_Heisenberg2D_cylinder_0.5_0.5_6,outer,1,naive,0,0,Proj,Yes_Kink,697,3070769
result_SELECT_10_Heisenberg2D_cylinder_0.5_0.5_6,outer,1,naive,0,8,Single,No_MSF,211,146329
result_SELECT_10_Heisenberg2D_cylinder_0.5_0.5_6,outer,1,naive,0,6,Single,No_Kink,973,1492310
result_SELECT_10_Heisenberg2D_cylinder_0.5_0.5_6,outer,1,naive,0,8,Single,No_Top,408,348843
result_SELECT_10_Heisenberg2D_cylinder_0.5_0.5_6,inner,2,naive,0,10,Proj,No_Kink,5224,19575148
result_SELECT_10_Heisenberg2D_cylinder_0.5_0.5_6,outer,1,random,0,0,Double,No_MSF,177,121590
result_SELECT_10_Heisenberg2D_cylinder_0.5_0.5_6,outer,1,random,0,0,Double,No_Top,177,145898
result_SELECT_10_Heisenberg2D_cylinder_0.5_0.5_6,outer,1,naive,0,8,Double,No_Kink,765,1368084
result_SELECT_10_Heisenberg2D_cylinder_0.5_0.5_6,outer,1,random,0,0,Proj,No_MSF,108,21372
result_SELECT_10_Heisenberg2D_cylinder_0.5_0.5_6,outer,1,naive,0,2,Proj,No_Kink,684,3044090
result_SELECT_10_Heisenberg2D_cylinder_0.5_0.5_6,outer,1,random,0,0,Proj,No_Top,108,45820
result_SELECT_10_Heisenberg2D_cylinder_0.5_0.5_6,outer,1,naive,0,8,Double,Yes_Kink,768,1379201
result_SELECT_10_Heisenberg2D_cylinder_0.5_0.5_6,outer,1,naive,0,2,Proj,Yes_Kink,696,3056641
result_SELECT_10_Heisenberg2D_cylinder_0.5_0.5_6,outer,1,random,0,0,Single,No_MSF,211,146329
result_SELECT_10_Heisenberg2D_cylinder_0.5_0.5_6,outer,1,random,0,0,Single,No_Top,211,170345
result_SELECT_10_Heisenberg2D_cylinder_0.5_0.5_6,outer,1,naive,0,8,Single,No_Kink,1014,1530192
result_SELECT_10_Heisenberg2D_cylinder_0.5_0.5_6,outer,1,random,0,10,Double,No_MSF,177,121590
result_SELECT_10_Heisenberg2D_cylinder_0.5_0.5_6,outer,1,naive,0,4,Proj,No_Kink,682,3035282
result_SELECT_10_Heisenberg2D_cylinder_0.5_0.5_6,outer,1,random,0,10,Double,No_Top,473,412560
result_SELECT_10_Heisenberg2D_cylinder_0.5_0.5_6,outer,1,random,0,10,Proj,No_MSF,108,21372
result_SELECT_10_Heisenberg2D_cylinder_0.5_0.5_6,outer,1,naive,0,4,Proj,Yes_Kink,699,3063509
result_SELECT_10_Heisenberg2D_cylinder_0.5_0.5_6,outer,1,random,0,10,Proj,No_Top,451,45820
result_SELECT_10_Heisenberg2D_cylinder_0.5_0.5_6,outer,1,random,0,0,Double,No_Kink,416,1203694
result_SELECT_10_Heisenberg2D_cylinder_0.5_0.5_6,outer,1,random,0,10,Single,No_MSF,211,146329
result_SELECT_10_Heisenberg2D_cylinder_0.5_0.5_6,outer,1,random,0,10,Single,No_Top,483,420755
result_SELECT_10_Heisenberg2D_cylinder_0.5_0.5_6,outer,1,random,0,0,Double,Yes_Kink,414,1206243
result_SELECT_10_Heisenberg2D_cylinder_0.5_0.5_6,outer,1,naive,0,10,Proj,No_Kink,1107,4647891
result_SELECT_10_Heisenberg2D_cylinder_0.5_0.5_6,outer,1,random,0,2,Double,No_MSF,177,121590
result_SELECT_10_Heisenberg2D_cylinder_0.5_0.5_6,outer,1,random,0,2,Double,No_Top,177,146330
result_SELECT_10_Heisenberg2D_cylinder_0.5_0.5_6,outer,1,random,0,0,Single,No_Kink,725,1494794
result_SELECT_10_Heisenberg2D_cylinder_0.5_0.5_6,outer,1,random,0,0,Proj,No_Kink,292,1337990
result_SELECT_10_Heisenberg2D_cylinder_0.5_0.5_6,outer,1,random,0,2,Proj,No_MSF,108,21372
result_SELECT_10_Heisenberg2D_cylinder_0.5_0.5_6,outer,1,naive,0,6,Proj,No_Kink,692,3076928
result_SELECT_10_Heisenberg2D_cylinder_0.5_0.5_6,outer,1,naive,0,10,Proj,Yes_Kink,1181,4765904
result_SELECT_10_Heisenberg2D_cylinder_0.5_0.5_6,outer,1,random,0,2,Proj,No_Top,123,45820
result_SELECT_10_Heisenberg2D_cylinder_0.5_0.5_6,outer,1,random,0,2,Single,No_MSF,211,146329
result_SELECT_10_Heisenberg2D_cylinder_0.5_0.5_6,outer,1,random,0,2,Single,No_Top,211,170527
result_SELECT_10_Heisenberg2D_cylinder_0.5_0.5_6,outer,1,random,0,0,Proj,Yes_Kink,298,1345566
result_SELECT_10_Heisenberg2D_cylinder_0.5_0.5_6,outer,1,random,0,4,Double,No_MSF,177,121590
result_SELECT_10_Heisenberg2D_cylinder_0.5_0.5_6,outer,1,random,0,4,Double,No_Top,239,199075
result_SELECT_10_Heisenberg2D_cylinder_0.5_0.5_6,outer,1,naive,0,6,Proj,Yes_Kink,707,3090725
result_SELECT_10_Heisenberg2D_cylinder_0.5_0.5_6,outer,1,random,0,10,Double,Yes_Kink,496,1352679
result_SELECT_10_Heisenberg2D_cylinder_0.5_0.5_6,outer,1,random,0,4,Proj,No_MSF,108,21372
result_SELECT_10_Heisenberg2D_cylinder_0.5_0.5_6,outer,1,random,0,10,Double,No_Kink,490,1354948
result_SELECT_10_Heisenberg2D_cylinder_0.5_0.5_6,outer,1,random,0,4,Proj,No_Top,205,45820
result_SELECT_10_Heisenberg2D_cylinder_0.5_0.5_6,outer,1,random,0,10,Single,No_Kink,742,1564959
result_SELECT_10_Heisenberg2D_cylinder_0.5_0.5_6,outer,1,random,0,4,Single,No_MSF,211,146329
result_SELECT_10_Heisenberg2D_cylinder_0.5_0.5_6,outer,1,random,0,4,Single,No_Top,254,207761
result_SELECT_10_Heisenberg2D_cylinder_0.5_0.5_6,outer,1,random,0,6,Double,No_MSF,177,121590
result_SELECT_10_Heisenberg2D_cylinder_0.5_0.5_6,outer,1,random,0,2,Double,No_Kink,417,1213263
result_SELECT_10_Heisenberg2D_cylinder_0.5_0.5_6,outer,1,random,0,6,Double,No_Top,314,275746
result_SELECT_10_Heisenberg2D_cylinder_0.5_0.5_6,outer,1,naive,0,8,Proj,No_Kink,736,3245901
result_SELECT_10_Heisenberg2D_cylinder_0.5_0.5_6,outer,1,random,0,2,Double,Yes_Kink,416,1216117
result_SELECT_10_Heisenberg2D_cylinder_0.5_0.5_6,outer,1,naive,0,8,Proj,Yes_Kink,744,3238855
result_SELECT_10_Heisenberg2D_cylinder_0.5_0.5_6,outer,1,random,0,6,Proj,No_Top,287,45820
result_SELECT_10_Heisenberg2D_cylinder_0.5_0.5_6,outer,1,random,0,6,Proj,No_MSF,108,21372
result_SELECT_10_Heisenberg2D_cylinder_0.5_0.5_6,outer,1,random,0,6,Single,No_MSF,211,146329
result_SELECT_10_Heisenberg2D_cylinder_0.5_0.5_6,outer,1,random,0,2,Single,No_Kink,725,1495906
result_SELECT_10_Heisenberg2D_cylinder_0.5_0.5_6,outer,1,random,0,2,Proj,No_Kink,293,1338846
result_SELECT_10_Heisenberg2D_cylinder_0.5_0.5_6,outer,1,random,0,6,Single,No_Top,331,276147
result_SELECT_10_Heisenberg2D_cylinder_0.5_0.5_6,outer,1,random,0,8,Double,No_MSF,177,121590
result_SELECT_10_Heisenberg2D_cylinder_0.5_0.5_6,outer,1,random,0,8,Double,No_Top,392,343895
result_SELECT_10_Heisenberg2D_cylinder_0.5_0.5_6,outer,1,random,0,2,Proj,Yes_Kink,299,1346555
result_SELECT_10_Heisenberg2D_cylinder_0.5_0.5_6,outer,1,random,0,4,Double,No_Kink,417,1229220
result_SELECT_10_Heisenberg2D_cylinder_0.5_0.5_6,outer,1,random,0,8,Proj,No_MSF,108,21372
result_SELECT_10_Heisenberg2D_cylinder_0.5_0.5_6,outer,1,random,0,10,Proj,No_Kink,566,2394487
result_SELECT_10_Heisenberg2D_cylinder_0.5_0.5_6,outer,1,random,0,4,Double,Yes_Kink,423,1243422
result_SELECT_10_Heisenberg2D_cylinder_0.5_0.5_6,outer,1,random,0,8,Proj,No_Top,369,45820
result_SELECT_10_Heisenberg2D_cylinder_0.5_0.5_6,outer,1,random,0,10,Proj,Yes_Kink,555,2329836
result_SELECT_10_Heisenberg2D_cylinder_0.5_0.5_6,outer,1,random,0,4,Proj,No_Kink,300,1361338
result_SELECT_10_Heisenberg2D_cylinder_0.5_0.5_6,outer,1,random,0,8,Single,No_MSF,211,146329
result_SELECT_10_Heisenberg2D_cylinder_0.5_0.5_6,outer,1,random,0,4,Single,No_Kink,726,1509388
result_SELECT_10_Heisenberg2D_cylinder_0.5_0.5_6,outer,1,random,0,8,Single,No_Top,408,348843
result_SELECT_10_Heisenberg2D_cylinder_0.5_0.5_6,outer,2,SA,0.001,0,Double,No_MSF,177,121590
result_SELECT_10_Heisenberg2D_cylinder_0.5_0.5_6,outer,1,random,0,6,Double,No_Kink,429,1270960
result_SELECT_10_Heisenberg2D_cylinder_0.5_0.5_6,outer,2,SA,0.001,0,Double,No_Top,177,145898
result_SELECT_10_Heisenberg2D_cylinder_0.5_0.5_6,outer,1,random,0,4,Proj,Yes_Kink,305,1366895
result_SELECT_10_Heisenberg2D_cylinder_0.5_0.5_6,outer,2,SA,0.001,0,Proj,No_MSF,108,21372
result_SELECT_10_Heisenberg2D_cylinder_0.5_0.5_6,outer,2,SA,0.001,0,Proj,No_Top,108,45820
result_SELECT_10_Heisenberg2D_cylinder_0.5_0.5_6,outer,2,SA,0.001,0,Single,No_MSF,211,146329
result_SELECT_10_Heisenberg2D_cylinder_0.5_0.5_6,outer,2,SA,0.001,0,Single,No_Top,211,170345
result_SELECT_10_Heisenberg2D_cylinder_0.5_0.5_6,outer,2,SA,0.001,0,Double,No_Kink,186,374302
result_SELECT_10_Heisenberg2D_cylinder_0.5_0.5_6,outer,1,random,0,6,Double,Yes_Kink,433,1293709
result_SELECT_10_Heisenberg2D_cylinder_0.5_0.5_6,outer,2,SA,0.001,10,Double,No_MSF,177,121590
result_SELECT_10_Heisenberg2D_cylinder_0.5_0.5_6,outer,2,SA,0.001,10,Double,No_Top,473,412560
result_SELECT_10_Heisenberg2D_cylinder_0.5_0.5_6,outer,2,SA,0.001,0,Double,Yes_Kink,193,381688
result_SELECT_10_Heisenberg2D_cylinder_0.5_0.5_6,outer,2,SA,0.001,0,Single,No_Kink,222,385846
result_SELECT_10_Heisenberg2D_cylinder_0.5_0.5_6,outer,1,random,0,6,Single,No_Kink,734,1526001
result_SELECT_10_Heisenberg2D_cylinder_0.5_0.5_6,outer,2,SA,0.001,10,Proj,No_MSF,108,21372
result_SELECT_10_Heisenberg2D_cylinder_0.5_0.5_6,outer,1,random,0,6,Proj,No_Kink,315,1426458
result_SELECT_10_Heisenberg2D_cylinder_0.5_0.5_6,outer,2,SA,0.001,10,Proj,No_Top,451,45820
result_SELECT_10_Heisenberg2D_cylinder_0.5_0.5_6,outer,2,SA,0.001,10,Single,No_MSF,211,146329
result_SELECT_10_Heisenberg2D_cylinder_0.5_0.5_6,outer,2,SA,0.001,0,Single,Yes_Kink,223,405651
result_SELECT_10_Heisenberg2D_cylinder_0.5_0.5_6,outer,2,SA,0.001,10,Single,No_Top,483,420755
result_SELECT_10_Heisenberg2D_cylinder_0.5_0.5_6,outer,2,SA,0.001,10,Double,No_Kink,470,711831
result_SELECT_10_Heisenberg2D_cylinder_0.5_0.5_6,outer,1,random,0,8,Double,No_Kink,454,1345298
result_SELECT_10_Heisenberg2D_cylinder_0.5_0.5_6,outer,1,random,0,6,Proj,Yes_Kink,322,1436574
result_SELECT_10_Heisenberg2D_cylinder_0.5_0.5_6,outer,2,SA,0.001,2,Double,No_MSF,177,121590
result_SELECT_10_Heisenberg2D_cylinder_0.5_0.5_6,outer,1,random,0,8,Double,Yes_Kink,456,1340683
result_SELECT_10_Heisenberg2D_cylinder_0.5_0.5_6,outer,2,SA,0.001,10,Double,Yes_Kink,471,711028
result_SELECT_10_Heisenberg2D_cylinder_0.5_0.5_6,outer,2,SA,0.001,0,Proj,No_Kink,158,750587
result_SELECT_10_Heisenberg2D_cylinder_0.5_0.5_6,outer,2,SA,0.001,2,Double,No_Top,177,146330
result_SELECT_10_Heisenberg2D_cylinder_0.5_0.5_6,outer,2,SA,0.001,2,Proj,No_MSF,108,21372
result_SELECT_10_Heisenberg2D_cylinder_0.5_0.5_6,outer,2,SA,0.001,2,Proj,No_Top,123,45820
result_SELECT_10_Heisenberg2D_cylinder_0.5_0.5_6,outer,2,SA,0.001,2,Single,No_MSF,211,146329
result_SELECT_10_Heisenberg2D_cylinder_0.5_0.5_6,outer,2,SA,0.001,0,Proj,Yes_Kink,162,757719
result_SELECT_10_Heisenberg2D_cylinder_0.5_0.5_6,outer,2,SA,0.001,2,Single,No_Top,211,170527
result_SELECT_10_Heisenberg2D_cylinder_0.5_0.5_6,outer,2,SA,0.001,10,Single,No_Kink,477,708036
result_SELECT_10_Heisenberg2D_cylinder_0.5_0.5_6,outer,2,SA,0.001,4,Double,No_MSF,177,121590
result_SELECT_10_Heisenberg2D_cylinder_0.5_0.5_6,outer,2,SA,0.001,4,Double,No_Top,239,199075
result_SELECT_10_Heisenberg2D_cylinder_0.5_0.5_6,outer,1,random,0,8,Single,No_Kink,735,1540383
result_SELECT_10_Heisenberg2D_cylinder_0.5_0.5_6,outer,2,SA,0.001,2,Double,No_Kink,186,434005
result_SELECT_10_Heisenberg2D_cylinder_0.5_0.5_6,outer,2,SA,0.001,4,Proj,No_MSF,108,21372
result_SELECT_10_Heisenberg2D_cylinder_0.5_0.5_6,outer,2,SA,0.001,10,Single,Yes_Kink,477,720134
result_SELECT_10_Heisenberg2D_cylinder_0.5_0.5_6,outer,2,SA,0.001,4,Proj,No_Top,205,45820
result_SELECT_10_Heisenberg2D_cylinder_0.5_0.5_6,outer,2,SA,0.001,2,Double,Yes_Kink,197,443665
result_SELECT_10_Heisenberg2D_cylinder_0.5_0.5_6,outer,2,SA,0.001,4,Single,No_MSF,211,146329
result_SELECT_10_Heisenberg2D_cylinder_0.5_0.5_6,outer,2,SA,0.001,2,Single,No_Kink,220,434738
result_SELECT_10_Heisenberg2D_cylinder_0.5_0.5_6,outer,2,SA,0.001,4,Single,No_Top,254,207761
result_SELECT_10_Heisenberg2D_cylinder_0.5_0.5_6,outer,2,SA,0.001,2,Single,Yes_Kink,224,450406
result_SELECT_10_Heisenberg2D_cylinder_0.5_0.5_6,outer,1,random,0,8,Proj,No_Kink,379,1669791
result_SELECT_10_Heisenberg2D_cylinder_0.5_0.5_6,outer,2,SA,0.001,6,Double,No_Top,314,275746
result_SELECT_10_Heisenberg2D_cylinder_0.5_0.5_6,outer,2,SA,0.001,6,Double,No_MSF,177,121590
result_SELECT_10_Heisenberg2D_cylinder_0.5_0.5_6,outer,2,SA,0.001,4,Double,No_Kink,235,495616
result_SELECT_10_Heisenberg2D_cylinder_0.5_0.5_6,outer,1,random,0,8,Proj,Yes_Kink,381,1658557
result_SELECT_10_Heisenberg2D_cylinder_0.5_0.5_6,outer,2,SA,0.001,4,Double,Yes_Kink,238,497859
result_SELECT_10_Heisenberg2D_cylinder_0.5_0.5_6,outer,2,SA,0.001,6,Proj,No_MSF,108,21372
result_SELECT_10_Heisenberg2D_cylinder_0.5_0.5_6,outer,2,SA,0.001,6,Proj,No_Top,287,45820
result_SELECT_10_Heisenberg2D_cylinder_0.5_0.5_6,outer,2,SA,0.001,6,Single,No_MSF,211,146329
result_SELECT_10_Heisenberg2D_cylinder_0.5_0.5_6,outer,2,SA,0.001,6,Single,No_Top,331,276147
result_SELECT_10_Heisenberg2D_cylinder_0.5_0.5_6,outer,2,SA,0.001,2,Proj,No_Kink,166,790036
result_SELECT_10_Heisenberg2D_cylinder_0.5_0.5_6,outer,2,SA,0.001,4,Single,No_Kink,257,494008
result_SELECT_10_Heisenberg2D_cylinder_0.5_0.5_6,outer,2,SA,0.001,2,Proj,Yes_Kink,171,792487
result_SELECT_10_Heisenberg2D_cylinder_0.5_0.5_6,outer,2,SA,0.001,4,Single,Yes_Kink,261,510629
result_SELECT_10_Heisenberg2D_cylinder_0.5_0.5_6,outer,2,SA,0.001,8,Double,No_MSF,177,121590
result_SELECT_10_Heisenberg2D_cylinder_0.5_0.5_6,outer,2,SA,0.001,8,Double,No_Top,392,343895
result_SELECT_10_Heisenberg2D_cylinder_0.5_0.5_6,outer,2,SA,0.001,6,Double,No_Kink,311,570904
result_SELECT_10_Heisenberg2D_cylinder_0.5_0.5_6,outer,2,SA,0.001,8,Proj,No_MSF,108,21372
result_SELECT_10_Heisenberg2D_cylinder_0.5_0.5_6,outer,2,SA,0.001,8,Proj,No_Top,369,45820
result_SELECT_10_Heisenberg2D_cylinder_0.5_0.5_6,outer,2,SA,0.001,6,Double,Yes_Kink,316,575765
result_SELECT_10_Heisenberg2D_cylinder_0.5_0.5_6,outer,2,SA,0.001,8,Single,No_MSF,211,146329
result_SELECT_10_Heisenberg2D_cylinder_0.5_0.5_6,outer,2,SA,0.001,8,Single,No_Top,408,348843
result_SELECT_10_Heisenberg2D_cylinder_0.5_0.5_6,outer,2,SA,0.001,6,Single,No_Kink,326,566287
result_SELECT_10_Heisenberg2D_cylinder_0.5_0.5_6,outer,2,SA,0.01,0,Double,No_MSF,177,121590
result_SELECT_10_Heisenberg2D_cylinder_0.5_0.5_6,outer,2,SA,0.001,10,Proj,No_Kink,451,1681520
result_SELECT_10_Heisenberg2D_cylinder_0.5_0.5_6,outer,2,SA,0.001,6,Single,Yes_Kink,325,582395
result_SELECT_10_Heisenberg2D_cylinder_0.5_0.5_6,outer,2,SA,0.01,0,Double,No_Top,177,145898
result_SELECT_10_Heisenberg2D_cylinder_0.5_0.5_6,outer,2,SA,0.001,4,Proj,No_Kink,205,926457
result_SELECT_10_Heisenberg2D_cylinder_0.5_0.5_6,outer,2,SA,0.001,8,Double,No_Kink,388,636506
result_SELECT_10_Heisenberg2D_cylinder_0.5_0.5_6,outer,2,SA,0.01,0,Proj,No_MSF,108,21372
result_SELECT_10_Heisenberg2D_cylinder_0.5_0.5_6,outer,2,SA,0.001,10,Proj,Yes_Kink,451,1632361
result_SELECT_10_Heisenberg2D_cylinder_0.5_0.5_6,outer,2,SA,0.01,0,Proj,No_Top,108,45820
result_SELECT_10_Heisenberg2D_cylinder_0.5_0.5_6,outer,2,SA,0.001,8,Double,Yes_Kink,391,639904
result_SELECT_10_Heisenberg2D_cylinder_0.5_0.5_6,outer,2,SA,0.001,4,Proj,Yes_Kink,207,923259
result_SELECT_10_Heisenberg2D_cylinder_0.5_0.5_6,outer,2,SA,0.01,0,Single,No_MSF,211,146329
result_SELECT_10_Heisenberg2D_cylinder_0.5_0.5_6,outer,2,SA,0.01,0,Single,No_Top,211,170345
result_SELECT_10_Heisenberg2D_cylinder_0.5_0.5_6,outer,2,SA,0.01,10,Double,No_MSF,177,121590
result_SELECT_10_Heisenberg2D_cylinder_0.5_0.5_6,outer,2,SA,0.001,8,Single,No_Kink,402,637990
result_SELECT_10_Heisenberg2D_cylinder_0.5_0.5_6,outer,2,SA,0.01,0,Double,No_Kink,186,357639
result_SELECT_10_Heisenberg2D_cylinder_0.5_0.5_6,outer,2,SA,0.01,10,Double,No_Top,473,412560
result_SELECT_10_Heisenberg2D_cylinder_0.5_0.5_6,outer,2,SA,0.001,8,Single,Yes_Kink,402,653091
result_SELECT_10_Heisenberg2D_cylinder_0.5_0.5_6,outer,2,SA,0.01,10,Proj,No_MSF,108,21372
result_SELECT_10_Heisenberg2D_cylinder_0.5_0.5_6,outer,2,SA,0.01,10,Proj,No_Top,451,45820
result_SELECT_10_Heisenberg2D_cylinder_0.5_0.5_6,outer,2,SA,0.01,0,Single,No_Kink,221,367760
result_SELECT_10_Heisenberg2D_cylinder_0.5_0.5_6,outer,2,SA,0.01,0,Double,Yes_Kink,195,359001
result_SELECT_10_Heisenberg2D_cylinder_0.5_0.5_6,outer,2,SA,0.01,10,Single,No_MSF,211,146329
result_SELECT_10_Heisenberg2D_cylinder_0.5_0.5_6,outer,2,SA,0.01,0,Single,Yes_Kink,222,388831
result_SELECT_10_Heisenberg2D_cylinder_0.5_0.5_6,outer,2,SA,0.01,10,Single,No_Top,483,420755
result_SELECT_10_Heisenberg2D_cylinder_0.5_0.5_6,outer,2,SA,0.001,6,Proj,No_Kink,287,1146744
result_SELECT_10_Heisenberg2D_cylinder_0.5_0.5_6,outer,2,SA,0.01,2,Double,No_Top,177,146330
result_SELECT_10_Heisenberg2D_cylinder_0.5_0.5_6,outer,2,SA,0.01,2,Double,No_MSF,177,121590
result_SELECT_10_Heisenberg2D_cylinder_0.5_0.5_6,outer,2,SA,0.001,6,Proj,Yes_Kink,288,1138261
result_SELECT_10_Heisenberg2D_cylinder_0.5_0.5_6,outer,2,SA,0.01,10,Double,No_Kink,473,721367
result_SELECT_10_Heisenberg2D_cylinder_0.5_0.5_6,outer,2,SA,0.01,2,Proj,No_MSF,108,21372
result_SELECT_10_Heisenberg2D_cylinder_0.5_0.5_6,outer,2,SA,0.01,2,Proj,No_Top,123,45820
result_SELECT_10_Heisenberg2D_cylinder_0.5_0.5_6,outer,2,SA,0.01,10,Double,Yes_Kink,479,716629
result_SELECT_10_Heisenberg2D_cylinder_0.5_0.5_6,outer,2,SA,0.01,2,Single,No_MSF,211,146329
result_SELECT_10_Heisenberg2D_cylinder_0.5_0.5_6,outer,2,SA,0.01,2,Single,No_Top,211,170527
result_SELECT_10_Heisenberg2D_cylinder_0.5_0.5_6,outer,2,SA,0.01,10,Single,No_Kink,480,711906
result_SELECT_10_Heisenberg2D_cylinder_0.5_0.5_6,outer,2,SA,0.01,2,Double,No_Kink,187,393909
result_SELECT_10_Heisenberg2D_cylinder_0.5_0.5_6,outer,2,SA,0.01,0,Proj,Yes_Kink,163,756422
result_SELECT_10_Heisenberg2D_cylinder_0.5_0.5_6,outer,2,SA,0.01,2,Double,Yes_Kink,197,401450
result_SELECT_10_Heisenberg2D_cylinder_0.5_0.5_6,outer,2,SA,0.01,4,Double,No_Top,239,199075
result_SELECT_10_Heisenberg2D_cylinder_0.5_0.5_6,outer,2,SA,0.01,0,Proj,No_Kink,158,751938
result_SELECT_10_Heisenberg2D_cylinder_0.5_0.5_6,outer,2,SA,0.01,4,Double,No_MSF,177,121590
result_SELECT_10_Heisenberg2D_cylinder_0.5_0.5_6,outer,2,SA,0.01,10,Single,Yes_Kink,481,721391
result_SELECT_10_Heisenberg2D_cylinder_0.5_0.5_6,outer,2,SA,0.01,4,Proj,No_MSF,108,21372
result_SELECT_10_Heisenberg2D_cylinder_0.5_0.5_6,outer,2,SA,0.001,8,Proj,No_Kink,369,1407813
result_SELECT_10_Heisenberg2D_cylinder_0.5_0.5_6,outer,2,SA,0.01,4,Proj,No_Top,205,45820
result_SELECT_10_Heisenberg2D_cylinder_0.5_0.5_6,outer,2,SA,0.01,2,Single,No_Kink,219,394976
result_SELECT_10_Heisenberg2D_cylinder_0.5_0.5_6,outer,2,SA,0.001,8,Proj,Yes_Kink,369,1385332
result_SELECT_10_Heisenberg2D_cylinder_0.5_0.5_6,outer,2,SA,0.01,4,Single,No_Top,254,207761
result_SELECT_10_Heisenberg2D_cylinder_0.5_0.5_6,outer,2,SA,0.01,4,Single,No_MSF,211,146329
result_SELECT_10_Heisenberg2D_cylinder_0.5_0.5_6,outer,2,SA,0.01,2,Single,Yes_Kink,225,414741
result_SELECT_10_Heisenberg2D_cylinder_0.5_0.5_6,outer,2,SA,0.01,6,Double,No_Top,314,275746
result_SELECT_10_Heisenberg2D_cylinder_0.5_0.5_6,outer,2,SA,0.01,6,Double,No_MSF,177,121590
result_SELECT_10_Heisenberg2D_cylinder_0.5_0.5_6,outer,2,SA,0.01,6,Proj,No_MSF,108,21372
result_SELECT_10_Heisenberg2D_cylinder_0.5_0.5_6,outer,2,SA,0.01,6,Proj,No_Top,287,45820
result_SELECT_10_Heisenberg2D_cylinder_0.5_0.5_6,outer,2,SA,0.01,4,Double,No_Kink,238,474349
result_SELECT_10_Heisenberg2D_cylinder_0.5_0.5_6,outer,2,SA,0.01,4,Double,Yes_Kink,244,474293
result_SELECT_10_Heisenberg2D_cylinder_0.5_0.5_6,outer,2,SA,0.01,6,Single,No_MSF,211,146329
result_SELECT_10_Heisenberg2D_cylinder_0.5_0.5_6,outer,2,SA,0.01,6,Single,No_Top,331,276147
result_SELECT_10_Heisenberg2D_cylinder_0.5_0.5_6,outer,2,SA,0.01,2,Proj,No_Kink,164,774287
result_SELECT_10_Heisenberg2D_cylinder_0.5_0.5_6,outer,2,SA,0.01,4,Single,Yes_Kink,261,484342
result_SELECT_10_Heisenberg2D_cylinder_0.5_0.5_6,outer,2,SA,0.01,4,Single,No_Kink,257,466029
result_SELECT_10_Heisenberg2D_cylinder_0.5_0.5_6,outer,2,SA,0.01,8,Double,No_MSF,177,121590
result_SELECT_10_Heisenberg2D_cylinder_0.5_0.5_6,outer,2,SA,0.01,8,Double,No_Top,392,343895
result_SELECT_10_Heisenberg2D_cylinder_0.5_0.5_6,outer,2,SA,0.01,6,Double,No_Kink,312,562659
result_SELECT_10_Heisenberg2D_cylinder_0.5_0.5_6,outer,2,SA,0.01,2,Proj,Yes_Kink,169,780376
result_SELECT_10_Heisenberg2D_cylinder_0.5_0.5_6,outer,2,SA,0.01,8,Proj,No_MSF,108,21372
result_SELECT_10_Heisenberg2D_cylinder_0.5_0.5_6,outer,2,SA,0.01,6,Double,Yes_Kink,320,555664
result_SELECT_10_Heisenberg2D_cylinder_0.5_0.5_6,outer,2,SA,0.01,8,Proj,No_Top,369,45820
result_SELECT_10_Heisenberg2D_cylinder_0.5_0.5_6,outer,2,SA,0.01,8,Single,No_MSF,211,146329
result_SELECT_10_Heisenberg2D_cylinder_0.5_0.5_6,outer,2,SA,0.01,6,Single,No_Kink,329,551392
result_SELECT_10_Heisenberg2D_cylinder_0.5_0.5_6,outer,2,SA,0.01,8,Single,No_Top,408,348843
result_SELECT_10_Heisenberg2D_cylinder_0.5_0.5_6,outer,2,SA,0.01,6,Single,Yes_Kink,327,559705
result_SELECT_10_Heisenberg2D_cylinder_0.5_0.5_6,outer,2,SA,0.1,0,Double,No_MSF,177,121590
result_SELECT_10_Heisenberg2D_cylinder_0.5_0.5_6,outer,2,SA,0.1,0,Double,No_Top,177,145898
result_SELECT_10_Heisenberg2D_cylinder_0.5_0.5_6,outer,2,SA,0.01,10,Proj,Yes_Kink,452,1610397
result_SELECT_10_Heisenberg2D_cylinder_0.5_0.5_6,outer,2,SA,0.01,8,Double,No_Kink,392,642523
result_SELECT_10_Heisenberg2D_cylinder_0.5_0.5_6,outer,2,SA,0.01,10,Proj,No_Kink,451,1659242
result_SELECT_10_Heisenberg2D_cylinder_0.5_0.5_6,outer,2,SA,0.01,4,Proj,No_Kink,205,928045
result_SELECT_10_Heisenberg2D_cylinder_0.5_0.5_6,outer,2,SA,0.1,0,Proj,No_MSF,108,21372
result_SELECT_10_Heisenberg2D_cylinder_0.5_0.5_6,outer,2,SA,0.1,0,Proj,No_Top,108,45820
result_SELECT_10_Heisenberg2D_cylinder_0.5_0.5_6,outer,2,SA,0.01,8,Double,Yes_Kink,398,639035
result_SELECT_10_Heisenberg2D_cylinder_0.5_0.5_6,outer,2,SA,0.1,0,Single,No_MSF,211,146329
result_SELECT_10_Heisenberg2D_cylinder_0.5_0.5_6,outer,2,SA,0.1,0,Single,No_Top,211,170345
result_SELECT_10_Heisenberg2D_cylinder_0.5_0.5_6,outer,2,SA,0.01,8,Single,No_Kink,406,630305
result_SELECT_10_Heisenberg2D_cylinder_0.5_0.5_6,outer,2,SA,0.01,4,Proj,Yes_Kink,206,923631
result_SELECT_10_Heisenberg2D_cylinder_0.5_0.5_6,outer,2,SA,0.1,0,Double,No_Kink,182,350832
result_SELECT_10_Heisenberg2D_cylinder_0.5_0.5_6,outer,2,SA,0.1,10,Double,No_MSF,177,121590
result_SELECT_10_Heisenberg2D_cylinder_0.5_0.5_6,outer,2,SA,0.1,10,Double,No_Top,473,412560
result_SELECT_10_Heisenberg2D_cylinder_0.5_0.5_6,outer,2,SA,0.01,8,Single,Yes_Kink,406,649648
result_SELECT_10_Heisenberg2D_cylinder_0.5_0.5_6,outer,2,SA,0.1,0,Double,Yes_Kink,190,353784
result_SELECT_10_Heisenberg2D_cylinder_0.5_0.5_6,outer,2,SA,0.1,10,Proj,No_MSF,108,21372
result_SELECT_10_Heisenberg2D_cylinder_0.5_0.5_6,outer,2,SA,0.1,10,Proj,No_Top,451,45820
result_SELECT_10_Heisenberg2D_cylinder_0.5_0.5_6,outer,2,SA,0.1,0,Single,No_Kink,218,360870
result_SELECT_10_Heisenberg2D_cylinder_0.5_0.5_6,outer,2,SA,0.1,10,Single,No_MSF,211,146329
result_SELECT_10_Heisenberg2D_cylinder_0.5_0.5_6,outer,2,SA,0.1,10,Single,No_Top,483,420755
result_SELECT_10_Heisenberg2D_cylinder_0.5_0.5_6,outer,2,SA,0.1,0,Single,Yes_Kink,219,379090
result_SELECT_10_Heisenberg2D_cylinder_0.5_0.5_6,outer,2,SA,0.01,6,Proj,Yes_Kink,287,1146695
result_SELECT_10_Heisenberg2D_cylinder_0.5_0.5_6,outer,2,SA,0.1,2,Double,No_MSF,177,121590
result_SELECT_10_Heisenberg2D_cylinder_0.5_0.5_6,outer,2,SA,0.1,2,Double,No_Top,177,146330
result_SELECT_10_Heisenberg2D_cylinder_0.5_0.5_6,outer,2,SA,0.01,6,Proj,No_Kink,287,1139472
result_SELECT_10_Heisenberg2D_cylinder_0.5_0.5_6,outer,2,SA,0.1,2,Proj,No_MSF,108,21372
result_SELECT_10_Heisenberg2D_cylinder_0.5_0.5_6,outer,2,SA,0.1,10,Double,No_Kink,472,710489
result_SELECT_10_Heisenberg2D_cylinder_0.5_0.5_6,outer,2,SA,0.1,2,Proj,No_Top,123,45820
result_SELECT_10_Heisenberg2D_cylinder_0.5_0.5_6,outer,2,SA,0.1,10,Double,Yes_Kink,474,705510
result_SELECT_10_Heisenberg2D_cylinder_0.5_0.5_6,outer,2,SA,0.1,2,Single,No_MSF,211,146329
result_SELECT_10_Heisenberg2D_cylinder_0.5_0.5_6,outer,2,SA,0.1,2,Single,No_Top,211,170527
result_SELECT_10_Heisenberg2D_cylinder_0.5_0.5_6,outer,2,SA,0.1,0,Proj,No_Kink,151,724598
result_SELECT_10_Heisenberg2D_cylinder_0.5_0.5_6,outer,2,SA,0.1,10,Single,No_Kink,481,693109
result_SELECT_10_Heisenberg2D_cylinder_0.5_0.5_6,outer,2,SA,0.1,2,Double,No_Kink,184,391406
result_SELECT_10_Heisenberg2D_cylinder_0.5_0.5_6,outer,2,SA,0.1,0,Proj,Yes_Kink,157,728523
result_SELECT_10_Heisenberg2D_cylinder_0.5_0.5_6,outer,2,SA,0.1,4,Double,No_MSF,177,121590
result_SELECT_10_Heisenberg2D_cylinder_0.5_0.5_6,outer,2,SA,0.1,2,Double,Yes_Kink,195,399215
result_SELECT_10_Heisenberg2D_cylinder_0.5_0.5_6,outer,2,SA,0.1,4,Double,No_Top,239,199075
result_SELECT_10_Heisenberg2D_cylinder_0.5_0.5_6,outer,2,SA,0.1,10,Single,Yes_Kink,479,713662
result_SELECT_10_Heisenberg2D_cylinder_0.5_0.5_6,outer,2,SA,0.1,4,Proj,No_MSF,108,21372
result_SELECT_10_Heisenberg2D_cylinder_0.5_0.5_6,outer,2,SA,0.1,4,Single,No_MSF,211,146329
result_SELECT_10_Heisenberg2D_cylinder_0.5_0.5_6,outer,2,SA,0.1,4,Proj,No_Top,205,45820
result_SELECT_10_Heisenberg2D_cylinder_0.5_0.5_6,outer,2,SA,0.1,2,Single,No_Kink,217,390744
result_SELECT_10_Heisenberg2D_cylinder_0.5_0.5_6,outer,2,SA,0.1,4,Single,No_Top,254,207761
result_SELECT_10_Heisenberg2D_cylinder_0.5_0.5_6,outer,2,SA,0.1,2,Single,Yes_Kink,219,407241
result_SELECT_10_Heisenberg2D_cylinder_0.5_0.5_6,outer,2,SA,0.01,8,Proj,Yes_Kink,369,1379786
result_SELECT_10_Heisenberg2D_cylinder_0.5_0.5_6,outer,2,SA,0.1,6,Double,No_MSF,177,121590
result_SELECT_10_Heisenberg2D_cylinder_0.5_0.5_6,outer,2,SA,0.1,6,Double,No_Top,314,275746
result_SELECT_10_Heisenberg2D_cylinder_0.5_0.5_6,outer,2,SA,0.01,8,Proj,No_Kink,369,1390924
result_SELECT_10_Heisenberg2D_cylinder_0.5_0.5_6,outer,2,SA,0.1,4,Double,No_Kink,237,473817
result_SELECT_10_Heisenberg2D_cylinder_0.5_0.5_6,outer,2,SA,0.1,6,Proj,No_MSF,108,21372
result_SELECT_10_Heisenberg2D_cylinder_0.5_0.5_6,outer,2,SA,0.1,6,Proj,No_Top,287,45820
result_SELECT_10_Heisenberg2D_cylinder_0.5_0.5_6,outer,2,SA,0.1,6,Single,No_MSF,211,146329
result_SELECT_10_Heisenberg2D_cylinder_0.5_0.5_6,outer,2,SA,0.1,4,Double,Yes_Kink,240,465762
result_SELECT_10_Heisenberg2D_cylinder_0.5_0.5_6,outer,2,SA,0.1,4,Single,No_Kink,256,459547
result_SELECT_10_Heisenberg2D_cylinder_0.5_0.5_6,outer,2,SA,0.1,6,Single,No_Top,331,276147
result_SELECT_10_Heisenberg2D_cylinder_0.5_0.5_6,outer,2,SA,0.1,2,Proj,No_Kink,160,759842
result_SELECT_10_Heisenberg2D_cylinder_0.5_0.5_6,outer,2,SA,0.1,8,Double,No_MSF,177,121590
result_SELECT_10_Heisenberg2D_cylinder_0.5_0.5_6,outer,2,SA,0.1,4,Single,Yes_Kink,259,477764
result_SELECT_10_Heisenberg2D_cylinder_0.5_0.5_6,outer,2,SA,0.1,8,Double,No_Top,392,343895
result_SELECT_10_Heisenberg2D_cylinder_0.5_0.5_6,outer,2,SA,0.1,8,Proj,No_MSF,108,21372
result_SELECT_10_Heisenberg2D_cylinder_0.5_0.5_6,outer,2,SA,0.1,6,Double,No_Kink,313,552108
result_SELECT_10_Heisenberg2D_cylinder_0.5_0.5_6,outer,2,SA,0.1,6,Double,Yes_Kink,318,548613
result_SELECT_10_Heisenberg2D_cylinder_0.5_0.5_6,outer,2,SA,0.1,2,Proj,Yes_Kink,165,764068
result_SELECT_10_Heisenberg2D_cylinder_0.5_0.5_6,outer,2,SA,0.1,8,Proj,No_Top,369,45820
result_SELECT_10_Heisenberg2D_cylinder_0.5_0.5_6,outer,2,SA,0.1,6,Single,No_Kink,327,544342
result_SELECT_10_Heisenberg2D_cylinder_0.5_0.5_6,outer,2,SA,0.1,8,Single,No_MSF,211,146329
result_SELECT_10_Heisenberg2D_cylinder_0.5_0.5_6,outer,2,SA,0.1,8,Single,No_Top,408,348843
result_SELECT_10_Heisenberg2D_cylinder_0.5_0.5_6,outer,2,SA,1,0,Double,No_MSF,177,121590
result_SELECT_10_Heisenberg2D_cylinder_0.5_0.5_6,outer,2,SA,0.1,6,Single,Yes_Kink,329,552990
result_SELECT_10_Heisenberg2D_cylinder_0.5_0.5_6,outer,2,SA,1,0,Double,No_Top,177,145898
result_SELECT_10_Heisenberg2D_cylinder_0.5_0.5_6,outer,2,SA,0.1,4,Proj,No_Kink,205,927969
result_SELECT_10_Heisenberg2D_cylinder_0.5_0.5_6,outer,2,SA,0.1,4,Proj,Yes_Kink,206,922633
result_SELECT_10_Heisenberg2D_cylinder_0.5_0.5_6,outer,2,SA,0.1,10,Proj,No_Kink,451,1644581
result_SELECT_10_Heisenberg2D_cylinder_0.5_0.5_6,outer,2,SA,0.1,8,Double,Yes_Kink,395,628787
result_SELECT_10_Heisenberg2D_cylinder_0.5_0.5_6,outer,2,SA,0.1,8,Double,No_Kink,391,629880
result_SELECT_10_Heisenberg2D_cylinder_0.5_0.5_6,outer,2,SA,0.1,10,Proj,Yes_Kink,451,1601595
result_SELECT_10_Heisenberg2D_cylinder_0.5_0.5_6,outer,2,SA,1,0,Proj,No_MSF,108,21372
result_SELECT_10_Heisenberg2D_cylinder_0.5_0.5_6,outer,2,SA,1,0,Proj,No_Top,108,45820
result_SELECT_10_Heisenberg2D_cylinder_0.5_0.5_6,outer,2,SA,1,0,Single,No_MSF,211,146329
result_SELECT_10_Heisenberg2D_cylinder_0.5_0.5_6,outer,2,SA,1,0,Double,No_Kink,189,338730
result_SELECT_10_Heisenberg2D_cylinder_0.5_0.5_6,outer,2,SA,1,0,Single,No_Top,211,170345
result_SELECT_10_Heisenberg2D_cylinder_0.5_0.5_6,outer,2,SA,0.1,8,Single,No_Kink,405,613358
result_SELECT_10_Heisenberg2D_cylinder_0.5_0.5_6,outer,2,SA,1,10,Double,No_MSF,177,121590
result_SELECT_10_Heisenberg2D_cylinder_0.5_0.5_6,outer,2,SA,0.1,8,Single,Yes_Kink,404,638596
result_SELECT_10_Heisenberg2D_cylinder_0.5_0.5_6,outer,2,SA,1,10,Double,No_Top,473,412560
result_SELECT_10_Heisenberg2D_cylinder_0.5_0.5_6,outer,2,SA,1,0,Double,Yes_Kink,195,338490
result_SELECT_10_Heisenberg2D_cylinder_0.5_0.5_6,outer,2,SA,1,10,Proj,No_MSF,108,21372
result_SELECT_10_Heisenberg2D_cylinder_0.5_0.5_6,outer,2,SA,1,10,Proj,No_Top,451,45820
result_SELECT_10_Heisenberg2D_cylinder_0.5_0.5_6,outer,2,SA,1,0,Single,No_Kink,222,347361
result_SELECT_10_Heisenberg2D_cylinder_0.5_0.5_6,outer,2,SA,1,10,Single,No_MSF,211,146329
result_SELECT_10_Heisenberg2D_cylinder_0.5_0.5_6,outer,2,SA,1,10,Single,No_Top,483,420755
result_SELECT_10_Heisenberg2D_cylinder_0.5_0.5_6,outer,2,SA,0.1,6,Proj,No_Kink,287,1143432
result_SELECT_10_Heisenberg2D_cylinder_0.5_0.5_6,outer,2,SA,1,0,Single,Yes_Kink,228,370435
result_SELECT_10_Heisenberg2D_cylinder_0.5_0.5_6,outer,2,SA,1,2,Double,No_MSF,177,121590
result_SELECT_10_Heisenberg2D_cylinder_0.5_0.5_6,outer,2,SA,1,2,Proj,No_MSF,108,21372
result_SELECT_10_Heisenberg2D_cylinder_0.5_0.5_6,outer,2,SA,1,2,Double,No_Top,177,146330
result_SELECT_10_Heisenberg2D_cylinder_0.5_0.5_6,outer,2,SA,1,10,Double,No_Kink,475,719891
result_SELECT_10_Heisenberg2D_cylinder_0.5_0.5_6,outer,2,SA,1,10,Double,Yes_Kink,478,717520
result_SELECT_10_Heisenberg2D_cylinder_0.5_0.5_6,outer,2,SA,1,2,Double,No_Kink,190,375969
result_SELECT_10_Heisenberg2D_cylinder_0.5_0.5_6,outer,2,SA,1,2,Single,No_MSF,211,146329
result_SELECT_10_Heisenberg2D_cylinder_0.5_0.5_6,outer,2,SA,1,2,Proj,No_Top,123,45820
result_SELECT_10_Heisenberg2D_cylinder_0.5_0.5_6,outer,2,SA,0.1,6,Proj,Yes_Kink,287,1140575
result_SELECT_10_Heisenberg2D_cylinder_0.5_0.5_6,outer,2,SA,1,2,Double,Yes_Kink,199,385554
result_SELECT_10_Heisenberg2D_cylinder_0.5_0.5_6,outer,2,SA,1,2,Single,No_Top,211,170527
result_SELECT_10_Heisenberg2D_cylinder_0.5_0.5_6,outer,2,SA,1,10,Single,Yes_Kink,483,713684
result_SELECT_10_Heisenberg2D_cylinder_0.5_0.5_6,outer,2,SA,1,10,Single,No_Kink,481,698793
result_SELECT_10_Heisenberg2D_cylinder_0.5_0.5_6,outer,2,SA,1,0,Proj,No_Kink,173,808208
result_SELECT_10_Heisenberg2D_cylinder_0.5_0.5_6,outer,2,SA,1,0,Proj,Yes_Kink,178,822497
result_SELECT_10_Heisenberg2D_cylinder_0.5_0.5_6,outer,2,SA,1,4,Double,No_MSF,177,121590
result_SELECT_10_Heisenberg2D_cylinder_0.5_0.5_6,outer,2,SA,1,4,Double,No_Top,239,199075
result_SELECT_10_Heisenberg2D_cylinder_0.5_0.5_6,outer,2,SA,1,4,Proj,No_MSF,108,21372
result_SELECT_10_Heisenberg2D_cylinder_0.5_0.5_6,outer,2,SA,1,4,Proj,No_Top,205,45820
result_SELECT_10_Heisenberg2D_cylinder_0.5_0.5_6,outer,2,SA,1,2,Single,No_Kink,223,374658
result_SELECT_10_Heisenberg2D_cylinder_0.5_0.5_6,outer,2,SA,0.1,8,Proj,No_Kink,369,1390507
result_SELECT_10_Heisenberg2D_cylinder_0.5_0.5_6,outer,2,SA,0.1,8,Proj,Yes_Kink,370,1373875
result_SELECT_10_Heisenberg2D_cylinder_0.5_0.5_6,outer,2,SA,1,4,Single,No_MSF,211,146329
result_SELECT_10_Heisenberg2D_cylinder_0.5_0.5_6,outer,2,SA,1,4,Single,No_Top,254,207761
result_SELECT_10_Heisenberg2D_cylinder_0.5_0.5_6,outer,2,SA,1,2,Single,Yes_Kink,230,394756
result_SELECT_10_Heisenberg2D_cylinder_0.5_0.5_6,outer,2,SA,1,6,Double,No_MSF,177,121590
result_SELECT_10_Heisenberg2D_cylinder_0.5_0.5_6,outer,2,SA,1,6,Double,No_Top,314,275746
result_SELECT_10_Heisenberg2D_cylinder_0.5_0.5_6,outer,2,SA,1,4,Double,No_Kink,240,460552
result_SELECT_10_Heisenberg2D_cylinder_0.5_0.5_6,outer,2,SA,1,6,Proj,No_MSF,108,21372
result_SELECT_10_Heisenberg2D_cylinder_0.5_0.5_6,outer,2,SA,1,6,Proj,No_Top,287,45820
result_SELECT_10_Heisenberg2D_cylinder_0.5_0.5_6,outer,2,SA,1,4,Double,Yes_Kink,246,461596
result_SELECT_10_Heisenberg2D_cylinder_0.5_0.5_6,outer,2,SA,1,6,Single,No_MSF,211,146329
result_SELECT_10_Heisenberg2D_cylinder_0.5_0.5_6,outer,2,SA,1,6,Single,No_Top,331,276147
result_SELECT_10_Heisenberg2D_cylinder_0.5_0.5_6,outer,2,SA,1,4,Single,No_Kink,263,456647
result_SELECT_10_Heisenberg2D_cylinder_0.5_0.5_6,outer,2,SA,1,2,Proj,No_Kink,178,840715
result_SELECT_10_Heisenberg2D_cylinder_0.5_0.5_6,outer,2,SA,1,4,Single,Yes_Kink,268,473608
result_SELECT_10_Heisenberg2D_cylinder_0.5_0.5_6,outer,2,SA,1,8,Double,No_MSF,177,121590
result_SELECT_10_Heisenberg2D_cylinder_0.5_0.5_6,outer,2,SA,1,6,Double,No_Kink,317,546834
result_SELECT_10_Heisenberg2D_cylinder_0.5_0.5_6,outer,2,SA,1,6,Double,Yes_Kink,324,546626
result_SELECT_10_Heisenberg2D_cylinder_0.5_0.5_6,outer,2,SA,1,8,Double,No_Top,392,343895
result_SELECT_10_Heisenberg2D_cylinder_0.5_0.5_6,outer,2,SA,1,8,Proj,No_MSF,108,21372
result_SELECT_10_Heisenberg2D_cylinder_0.5_0.5_6,outer,2,SA,1,2,Proj,Yes_Kink,187,853437
result_SELECT_10_Heisenberg2D_cylinder_0.5_0.5_6,outer,2,SA,1,8,Proj,No_Top,369,45820
result_SELECT_10_Heisenberg2D_cylinder_0.5_0.5_6,outer,2,SA,1,8,Single,No_MSF,211,146329
result_SELECT_10_Heisenberg2D_cylinder_0.5_0.5_6,outer,2,SA,1,8,Single,No_Top,408,348843
result_SELECT_10_Heisenberg2D_cylinder_0.5_0.5_6,outer,2,SA,1,6,Single,No_Kink,333,546233
result_SELECT_10_Heisenberg2D_cylinder_0.5_0.5_6,outer,2,naive,0,0,Double,No_MSF,177,121590
result_SELECT_10_Heisenberg2D_cylinder_0.5_0.5_6,outer,2,SA,1,6,Single,Yes_Kink,334,560702
result_SELECT_10_Heisenberg2D_cylinder_0.5_0.5_6,outer,2,SA,1,8,Double,No_Kink,396,637877
result_SELECT_10_Heisenberg2D_cylinder_0.5_0.5_6,outer,2,naive,0,0,Double,No_Top,177,145898
result_SELECT_10_Heisenberg2D_cylinder_0.5_0.5_6,outer,2,SA,1,8,Double,Yes_Kink,398,630123
result_SELECT_10_Heisenberg2D_cylinder_0.5_0.5_6,outer,2,SA,1,4,Proj,No_Kink,210,950584
result_SELECT_10_Heisenberg2D_cylinder_0.5_0.5_6,outer,2,naive,0,0,Proj,No_MSF,108,21372
result_SELECT_10_Heisenberg2D_cylinder_0.5_0.5_6,outer,2,SA,1,10,Proj,Yes_Kink,452,1599623
result_SELECT_10_Heisenberg2D_cylinder_0.5_0.5_6,outer,2,SA,1,4,Proj,Yes_Kink,214,961612
result_SELECT_10_Heisenberg2D_cylinder_0.5_0.5_6,outer,2,naive,0,0,Proj,No_Top,108,45820
result_SELECT_10_Heisenberg2D_cylinder_0.5_0.5_6,outer,2,naive,0,0,Single,No_MSF,211,146329
result_SELECT_10_Heisenberg2D_cylinder_0.5_0.5_6,outer,2,SA,1,8,Single,No_Kink,407,614414
result_SELECT_10_Heisenberg2D_cylinder_0.5_0.5_6,outer,2,naive,0,0,Single,No_Top,211,170345
result_SELECT_10_Heisenberg2D_cylinder_0.5_0.5_6,outer,2,SA,1,8,Single,Yes_Kink,407,637518
result_SELECT_10_Heisenberg2D_cylinder_0.5_0.5_6,outer,2,naive,0,10,Double,No_MSF,177,121590
result_SELECT_10_Heisenberg2D_cylinder_0.5_0.5_6,outer,2,SA,1,10,Proj,No_Kink,451,1631933
result_SELECT_10_Heisenberg2D_cylinder_0.5_0.5_6,outer,2,naive,0,10,Double,No_Top,473,412560
result_SELECT_10_Heisenberg2D_cylinder_0.5_0.5_6,outer,2,naive,0,10,Proj,No_MSF,108,21372
result_SELECT_10_Heisenberg2D_cylinder_0.5_0.5_6,outer,2,naive,0,10,Proj,No_Top,451,45820
result_SELECT_10_Heisenberg2D_cylinder_0.5_0.5_6,outer,2,naive,0,10,Single,No_MSF,211,146329
result_SELECT_10_Heisenberg2D_cylinder_0.5_0.5_6,outer,2,SA,1,6,Proj,Yes_Kink,287,1205981
result_SELECT_10_Heisenberg2D_cylinder_0.5_0.5_6,outer,2,naive,0,0,Double,No_Kink,531,904364
result_SELECT_10_Heisenberg2D_cylinder_0.5_0.5_6,outer,2,SA,1,6,Proj,No_Kink,287,1184926
result_SELECT_10_Heisenberg2D_cylinder_0.5_0.5_6,outer,2,naive,0,10,Single,No_Top,483,420755
result_SELECT_10_Heisenberg2D_cylinder_0.5_0.5_6,outer,2,naive,0,0,Double,Yes_Kink,543,918728
result_SELECT_10_Heisenberg2D_cylinder_0.5_0.5_6,outer,2,naive,0,2,Double,No_MSF,177,121590
result_SELECT_10_Heisenberg2D_cylinder_0.5_0.5_6,outer,2,naive,0,2,Double,No_Top,177,146330
result_SELECT_10_Heisenberg2D_cylinder_0.5_0.5_6,outer,2,naive,0,0,Single,No_Kink,619,945991
result_SELECT_10_Heisenberg2D_cylinder_0.5_0.5_6,outer,2,naive,0,0,Single,Yes_Kink,564,928035
result_SELECT_10_Heisenberg2D_cylinder_0.5_0.5_6,outer,2,naive,0,2,Proj,No_MSF,108,21372
result_SELECT_10_Heisenberg2D_cylinder_0.5_0.5_6,outer,2,naive,0,2,Proj,No_Top,123,45820
result_SELECT_10_Heisenberg2D_cylinder_0.5_0.5_6,outer,2,naive,0,2,Single,No_MSF,211,146329
result_SELECT_10_Heisenberg2D_cylinder_0.5_0.5_6,outer,2,SA,1,8,Proj,No_Kink,369,1405620
result_SELECT_10_Heisenberg2D_cylinder_0.5_0.5_6,outer,2,naive,0,10,Double,No_Kink,574,1094387
result_SELECT_10_Heisenberg2D_cylinder_0.5_0.5_6,outer,2,naive,0,2,Single,No_Top,211,170527
result_SELECT_10_Heisenberg2D_cylinder_0.5_0.5_6,outer,2,SA,1,8,Proj,Yes_Kink,369,1413213
result_SELECT_10_Heisenberg2D_cylinder_0.5_0.5_6,outer,2,naive,0,4,Double,No_MSF,177,121590
result_SELECT_10_Heisenberg2D_cylinder_0.5_0.5_6,outer,2,naive,0,10,Double,Yes_Kink,585,1097203
result_SELECT_10_Heisenberg2D_cylinder_0.5_0.5_6,outer,2,naive,0,10,Single,No_Kink,670,1119589
result_SELECT_10_Heisenberg2D_cylinder_0.5_0.5_6,outer,2,naive,0,4,Double,No_Top,239,199075
result_SELECT_10_Heisenberg2D_cylinder_0.5_0.5_6,outer,2,naive,0,4,Proj,No_MSF,108,21372
result_SELECT_10_Heisenberg2D_cylinder_0.5_0.5_6,outer,2,naive,0,4,Proj,No_Top,205,45820
result_SELECT_10_Heisenberg2D_cylinder_0.5_0.5_6,outer,2,naive,0,2,Double,No_Kink,558,967645
result_SELECT_10_Heisenberg2D_cylinder_0.5_0.5_6,outer,2,naive,0,4,Single,No_MSF,211,146329
result_SELECT_10_Heisenberg2D_cylinder_0.5_0.5_6,outer,2,naive,0,2,Double,Yes_Kink,581,991942
result_SELECT_10_Heisenberg2D_cylinder_0.5_0.5_6,outer,2,naive,0,10,Single,Yes_Kink,607,1107781
result_SELECT_10_Heisenberg2D_cylinder_0.5_0.5_6,outer,2,naive,0,4,Single,No_Top,254,207761
result_SELECT_10_Heisenberg2D_cylinder_0.5_0.5_6,outer,2,naive,0,2,Single,No_Kink,642,989875
result_SELECT_10_Heisenberg2D_cylinder_0.5_0.5_6,outer,2,naive,0,6,Double,No_MSF,177,121590
result_SELECT_10_Heisenberg2D_cylinder_0.5_0.5_6,outer,2,naive,0,6,Double,No_Top,314,275746
result_SELECT_10_Heisenberg2D_cylinder_0.5_0.5_6,outer,2,naive,0,2,Single,Yes_Kink,594,987707
result_SELECT_10_Heisenberg2D_cylinder_0.5_0.5_6,outer,2,naive,0,4,Double,No_Kink,569,1001643
result_SELECT_10_Heisenberg2D_cylinder_0.5_0.5_6,outer,2,naive,0,6,Proj,No_MSF,108,21372
result_SELECT_10_Heisenberg2D_cylinder_0.5_0.5_6,outer,2,naive,0,6,Proj,No_Top,287,45820
result_SELECT_10_Heisenberg2D_cylinder_0.5_0.5_6,outer,2,naive,0,4,Double,Yes_Kink,582,1022984
result_SELECT_10_Heisenberg2D_cylinder_0.5_0.5_6,outer,2,naive,0,6,Single,No_MSF,211,146329
result_SELECT_10_Heisenberg2D_cylinder_0.5_0.5_6,outer,2,naive,0,4,Single,No_Kink,656,1031927
result_SELECT_10_Heisenberg2D_cylinder_0.5_0.5_6,outer,2,naive,0,6,Single,No_Top,331,276147
result_SELECT_10_Heisenberg2D_cylinder_0.5_0.5_6,outer,2,naive,0,4,Single,Yes_Kink,602,1019201
result_SELECT_10_Heisenberg2D_cylinder_0.5_0.5_6,outer,2,naive,0,0,Proj,Yes_Kink,526,2405047
result_SELECT_10_Heisenberg2D_cylinder_0.5_0.5_6,outer,2,naive,0,8,Double,No_MSF,177,121590
result_SELECT_10_Heisenberg2D_cylinder_0.5_0.5_6,outer,2,naive,0,6,Double,No_Kink,588,1047901
result_SELECT_10_Heisenberg2D_cylinder_0.5_0.5_6,outer,2,naive,0,0,Proj,No_Kink,518,2398034
result_SELECT_10_Heisenberg2D_cylinder_0.5_0.5_6,outer,2,naive,0,8,Double,No_Top,392,343895
result_SELECT_10_Heisenberg2D_cylinder_0.5_0.5_6,outer,2,naive,0,8,Proj,No_MSF,108,21372
result_SELECT_10_Heisenberg2D_cylinder_0.5_0.5_6,outer,2,naive,0,8,Proj,No_Top,369,45820
result_SELECT_10_Heisenberg2D_cylinder_0.5_0.5_6,outer,2,naive,0,6,Double,Yes_Kink,587,1056205
result_SELECT_10_Heisenberg2D_cylinder_0.5_0.5_6,outer,2,naive,0,8,Single,No_MSF,211,146329
result_SELECT_10_Heisenberg2D_cylinder_0.5_0.5_6,outer,2,naive,0,6,Single,No_Kink,659,1062611
result_SELECT_10_Heisenberg2D_cylinder_0.5_0.5_6,outer,2,naive,0,8,Single,No_Top,408,348843
result_SELECT_10_Heisenberg2D_cylinder_0.5_0.5_6,outer,2,naive,0,6,Single,Yes_Kink,605,1054043
result_SELECT_10_Heisenberg2D_cylinder_0.5_0.5_6,outer,2,naive,0,8,Double,No_Kink,582,1077227
result_SELECT_10_Heisenberg2D_cylinder_0.5_0.5_6,outer,2,random,0,0,Double,No_MSF,177,121590
result_SELECT_10_Heisenberg2D_cylinder_0.5_0.5_6,outer,2,random,0,0,Double,No_Top,177,145898
result_SELECT_10_Heisenberg2D_cylinder_0.5_0.5_6,outer,2,naive,0,2,Proj,No_Kink,549,2537633
result_SELECT_10_Heisenberg2D_cylinder_0.5_0.5_6,outer,2,naive,0,2,Proj,Yes_Kink,553,2529927
result_SELECT_10_Heisenberg2D_cylinder_0.5_0.5_6,outer,2,naive,0,8,Double,Yes_Kink,577,1075003
result_SELECT_10_Heisenberg2D_cylinder_0.5_0.5_6,outer,2,random,0,0,Proj,No_MSF,108,21372
result_SELECT_10_Heisenberg2D_cylinder_0.5_0.5_6,outer,2,random,0,0,Proj,No_Top,108,45820
result_SELECT_10_Heisenberg2D_cylinder_0.5_0.5_6,outer,2,naive,0,8,Single,No_Kink,681,1103401
result_SELECT_10_Heisenberg2D_cylinder_0.5_0.5_6,outer,2,random,0,0,Single,No_MSF,211,146329
result_SELECT_10_Heisenberg2D_cylinder_0.5_0.5_6,outer,2,random,0,0,Single,No_Top,211,170345
result_SELECT_10_Heisenberg2D_cylinder_0.5_0.5_6,outer,2,naive,0,4,Proj,No_Kink,563,2580425
result_SELECT_10_Heisenberg2D_cylinder_0.5_0.5_6,outer,2,naive,0,8,Single,Yes_Kink,610,1086856
result_SELECT_10_Heisenberg2D_cylinder_0.5_0.5_6,outer,2,random,0,10,Double,No_MSF,177,121590
result_SELECT_10_Heisenberg2D_cylinder_0.5_0.5_6,outer,2,random,0,0,Double,No_Kink,274,830841
result_SELECT_10_Heisenberg2D_cylinder_0.5_0.5_6,outer,2,random,0,10,Double,No_Top,473,412560
result_SELECT_10_Heisenberg2D_cylinder_0.5_0.5_6,outer,2,naive,0,4,Proj,Yes_Kink,573,2588986
result_SELECT_10_Heisenberg2D_cylinder_0.5_0.5_6,outer,2,random,0,10,Proj,No_MSF,108,21372
result_SELECT_10_Heisenberg2D_cylinder_0.5_0.5_6,outer,2,random,0,10,Proj,No_Top,451,45820
result_SELECT_10_Heisenberg2D_cylinder_0.5_0.5_6,outer,2,random,0,0,Double,Yes_Kink,274,830641
result_SELECT_10_Heisenberg2D_cylinder_0.5_0.5_6,outer,2,random,0,10,Single,No_MSF,211,146329
result_SELECT_10_Heisenberg2D_cylinder_0.5_0.5_6,outer,2,random,0,10,Single,No_Top,483,420755
result_SELECT_10_Heisenberg2D_cylinder_0.5_0.5_6,outer,2,random,0,0,Single,No_Kink,324,852781
result_SELECT_10_Heisenberg2D_cylinder_0.5_0.5_6,outer,2,random,0,0,Proj,No_Kink,217,1034848
result_SELECT_10_Heisenberg2D_cylinder_0.5_0.5_6,outer,2,random,0,0,Single,Yes_Kink,331,858998
result_SELECT_10_Heisenberg2D_cylinder_0.5_0.5_6,outer,2,naive,0,6,Proj,No_Kink,599,2684193
result_SELECT_10_Heisenberg2D_cylinder_0.5_0.5_6,outer,2,random,0,2,Double,No_MSF,177,121590
result_SELECT_10_Heisenberg2D_cylinder_0.5_0.5_6,outer,2,random,0,10,Double,No_Kink,469,1020572
result_SELECT_10_Heisenberg2D_cylinder_0.5_0.5_6,outer,2,random,0,2,Double,No_Top,177,146330
result_SELECT_10_Heisenberg2D_cylinder_0.5_0.5_6,outer,2,random,0,0,Proj,Yes_Kink,223,1043539
result_SELECT_10_Heisenberg2D_cylinder_0.5_0.5_6,outer,2,naive,0,6,Proj,Yes_Kink,612,2695921
result_SELECT_10_Heisenberg2D_cylinder_0.5_0.5_6,outer,2,random,0,2,Proj,No_MSF,108,21372
result_SELECT_10_Heisenberg2D_cylinder_0.5_0.5_6,outer,2,random,0,2,Proj,No_Top,123,45820
result_SELECT_10_Heisenberg2D_cylinder_0.5_0.5_6,outer,2,random,0,10,Double,Yes_Kink,471,1017481
result_SELECT_10_Heisenberg2D_cylinder_0.5_0.5_6,outer,2,random,0,2,Single,No_MSF,211,146329
result_SELECT_10_Heisenberg2D_cylinder_0.5_0.5_6,outer,2,random,0,2,Single,No_Top,211,170527
result_SELECT_10_Heisenberg2D_cylinder_0.5_0.5_6,outer,2,random,0,4,Double,No_MSF,177,121590
result_SELECT_10_Heisenberg2D_cylinder_0.5_0.5_6,outer,2,random,0,10,Single,No_Kink,482,1025939
result_SELECT_10_Heisenberg2D_cylinder_0.5_0.5_6,outer,2,random,0,4,Double,No_Top,239,199075
result_SELECT_10_Heisenberg2D_cylinder_0.5_0.5_6,outer,2,random,0,2,Double,No_Kink,276,850921
result_SELECT_10_Heisenberg2D_cylinder_0.5_0.5_6,outer,2,random,0,10,Single,Yes_Kink,483,1031759
result_SELECT_10_Heisenberg2D_cylinder_0.5_0.5_6,outer,2,random,0,4,Proj,No_MSF,108,21372
result_SELECT_10_Heisenberg2D_cylinder_0.5_0.5_6,outer,2,random,0,2,Double,Yes_Kink,282,860320
result_SELECT_10_Heisenberg2D_cylinder_0.5_0.5_6,outer,2,random,0,4,Proj,No_Top,205,45820
result_SELECT_10_Heisenberg2D_cylinder_0.5_0.5_6,outer,2,random,0,2,Single,Yes_Kink,336,870272
result_SELECT_10_Heisenberg2D_cylinder_0.5_0.5_6,outer,2,random,0,2,Single,No_Kink,327,863632
result_SELECT_10_Heisenberg2D_cylinder_0.5_0.5_6,outer,2,random,0,4,Single,No_MSF,211,146329
result_SELECT_10_Heisenberg2D_cylinder_0.5_0.5_6,outer,2,random,0,4,Single,No_Top,254,207761
result_SELECT_10_Heisenberg2D_cylinder_0.5_0.5_6,outer,2,random,0,2,Proj,No_Kink,226,1065356
result_SELECT_10_Heisenberg2D_cylinder_0.5_0.5_6,outer,2,random,0,4,Double,No_Kink,288,905044
result_SELECT_10_Heisenberg2D_cylinder_0.5_0.5_6,outer,2,random,0,6,Double,No_MSF,177,121590
result_SELECT_10_Heisenberg2D_cylinder_0.5_0.5_6,outer,2,random,0,6,Double,No_Top,314,275746
result_SELECT_10_Heisenberg2D_cylinder_0.5_0.5_6,outer,2,random,0,4,Double,Yes_Kink,293,904528
result_SELECT_10_Heisenberg2D_cylinder_0.5_0.5_6,outer,2,random,0,2,Proj,Yes_Kink,230,1072497
result_SELECT_10_Heisenberg2D_cylinder_0.5_0.5_6,outer,2,random,0,6,Proj,No_MSF,108,21372
result_SELECT_10_Heisenberg2D_cylinder_0.5_0.5_6,outer,2,random,0,6,Proj,No_Top,287,45820
result_SELECT_10_Heisenberg2D_cylinder_0.5_0.5_6,outer,2,random,0,6,Single,No_MSF,211,146329
result_SELECT_10_Heisenberg2D_cylinder_0.5_0.5_6,outer,2,random,0,6,Single,No_Top,331,276147
result_SELECT_10_Heisenberg2D_cylinder_0.5_0.5_6,outer,2,random,0,4,Proj,No_Kink,244,1131869
result_SELECT_10_Heisenberg2D_cylinder_0.5_0.5_6,outer,2,random,0,4,Single,No_Kink,339,906402
result_SELECT_10_Heisenberg2D_cylinder_0.5_0.5_6,outer,2,random,0,8,Double,No_MSF,177,121590
result_SELECT_10_Heisenberg2D_cylinder_0.5_0.5_6,outer,2,random,0,4,Single,Yes_Kink,345,913093
result_SELECT_10_Heisenberg2D_cylinder_0.5_0.5_6,outer,2,random,0,8,Double,No_Top,392,343895
result_SELECT_10_Heisenberg2D_cylinder_0.5_0.5_6,outer,2,random,0,6,Double,Yes_Kink,327,920515
result_SELECT_10_Heisenberg2D_cylinder_0.5_0.5_6,outer,2,random,0,6,Double,No_Kink,323,922300
result_SELECT_10_Heisenberg2D_cylinder_0.5_0.5_6,outer,2,random,0,4,Proj,Yes_Kink,250,1141459
result_SELECT_10_Heisenberg2D_cylinder_0.5_0.5_6,outer,2,random,0,8,Proj,No_MSF,108,21372
result_SELECT_10_Heisenberg2D_cylinder_0.5_0.5_6,outer,2,random,0,6,Single,No_Kink,364,936563
result_SELECT_10_Heisenberg2D_cylinder_0.5_0.5_6,outer,2,random,0,8,Proj,No_Top,369,45820
result_SELECT_10_Heisenberg2D_cylinder_0.5_0.5_6,outer,2,random,0,8,Single,No_MSF,211,146329
result_SELECT_10_Heisenberg2D_cylinder_0.5_0.5_6,outer,2,random,0,8,Single,No_Top,408,348843
result_SELECT_10_Heisenberg2D_cylinder_0.5_0.5_6,outer,2,random,0,6,Single,Yes_Kink,370,943524
result_SELECT_10_Heisenberg2D_cylinder_0.5_0.5_6,outer,2,random,0,8,Double,No_Kink,390,959363
result_SELECT_10_Heisenberg2D_cylinder_0.5_0.5_6,outer,2,random,0,6,Proj,No_Kink,303,1338140
result_SELECT_10_Heisenberg2D_cylinder_0.5_0.5_6,outer,2,random,0,6,Proj,Yes_Kink,308,1331142
result_SELECT_10_Heisenberg2D_cylinder_0.5_0.5_6,outer,2,random,0,8,Double,Yes_Kink,391,965939
result_SELECT_10_Heisenberg2D_cylinder_0.5_0.5_6,outer,2,random,0,8,Single,No_Kink,411,971314
result_SELECT_10_Heisenberg2D_cylinder_0.5_0.5_6,outer,2,random,0,8,Single,Yes_Kink,417,986236
result_SELECT_10_Heisenberg2D_cylinder_0.5_0.5_6,outer,2,random,0,8,Proj,No_Kink,396,1665095
result_SELECT_10_Heisenberg2D_cylinder_0.5_0.5_6,outer,2,random,0,8,Proj,Yes_Kink,406,1694665
result_SELECT_10_Heisenberg2D_cylinder_0.5_0.5_6,outer,2,naive,0,8,Proj,Yes_Kink,1773,7196547
result_SELECT_10_Heisenberg2D_cylinder_0.5_0.5_6,outer,2,naive,0,8,Proj,No_Kink,1923,7794956
result_SELECT_10_Heisenberg2D_cylinder_0.5_0.5_6,outer,2,random,0,10,Proj,Yes_Kink,2123,6816572
result_SELECT_10_Heisenberg2D_cylinder_0.5_0.5_6,outer,2,random,0,10,Proj,No_Kink,2233,7317594
result_SELECT_10_Heisenberg2D_cylinder_0.5_0.5_6,outer,2,naive,0,10,Proj,Yes_Kink,5167,18753589
result_SELECT_10_Heisenberg2D_cylinder_0.5_0.5_6,outer,2,naive,0,10,Proj,No_Kink,5224,19575148
