circuit,factory,layer_count,allocator,msf_coeff,msf_prep_time,routing_algo,routing_option,total_code_beat,circuit_volume
result_SELECT_10_Heisenberg2D_cylinder_0.5_0.5_0,inner,1,SA,0.001,1,Double,No_MSF,7536,589658
result_SELECT_10_Heisenberg2D_cylinder_0.5_0.5_0,inner,1,SA,0.001,0,Proj,No_MSF,6660,15572
result_SELECT_10_Heisenberg2D_cylinder_0.5_0.5_0,inner,1,SA,0.001,0,Proj,No_Top,6660,33396
result_SELECT_10_Heisenberg2D_cylinder_0.5_0.5_0,inner,1,SA,0.001,0,Double,No_MSF,7536,589658
result_SELECT_10_Heisenberg2D_cylinder_0.5_0.5_0,inner,1,SA,0.001,0,Single,No_Top,8099,651664
result_SELECT_10_Heisenberg2D_cylinder_0.5_0.5_0,inner,1,SA,0.001,1,Double,No_Top,7536,607482
result_SELECT_10_Heisenberg2D_cylinder_0.5_0.5_0,inner,1,SA,0.001,0,Single,No_MSF,8099,633840
result_SELECT_10_Heisenberg2D_cylinder_0.5_0.5_0,inner,1,SA,0.001,0,Double,No_Top,7536,607482
result_SELECT_10_Heisenberg2D_cylinder_0.5_0.5_0,inner,1,SA,0.001,1,Proj,No_MSF,6660,15572
result_SELECT_10_Heisenberg2D_cylinder_0.5_0.5_0,inner,1,SA,0.001,1,Single,No_MSF,8099,633840
result_SELECT_10_Heisenberg2D_cylinder_0.5_0.5_0,inner,1,SA,0.001,1,Proj,No_Top,6660,33396
result_SELECT_10_Heisenberg2D_cylinder_0.5_0.5_0,inner,1,SA,0.001,2,Double,No_MSF,7536,589658
result_SELECT_10_Heisenberg2D_cylinder_0.5_0.5_0,inner,1,SA,0.001,1,Single,No_Top,8100,651666
result_SELECT_10_Heisenberg2D_cylinder_0.5_0.5_0,inner,1,SA,0.001,0,Double,Yes_Kink,7536,708172
result_SELECT_10_Heisenberg2D_cylinder_0.5_0.5_0,inner,1,SA,0.001,0,Single,No_Kink,8099,742820
result_SELECT_10_Heisenberg2D_cylinder_0.5_0.5_0,inner,1,SA,0.001,2,Double,No_Top,7537,607484
result_SELECT_10_Heisenberg2D_cylinder_0.5_0.5_0,inner,1,SA,0.001,2,Proj,No_MSF,6660,15572
result_SELECT_10_Heisenberg2D_cylinder_0.5_0.5_0,inner,1,SA,0.001,1,Double,Yes_Kink,7536,710227
result_SELECT_10_Heisenberg2D_cylinder_0.5_0.5_0,inner,1,SA,0.001,0,Double,No_Kink,7536,710234
result_SELECT_10_Heisenberg2D_cylinder_0.5_0.5_0,inner,1,SA,0.001,1,Double,No_Kink,7536,710816
result_SELECT_10_Heisenberg2D_cylinder_0.5_0.5_0,inner,1,SA,0.001,2,Proj,No_Top,6660,33396
result_SELECT_10_Heisenberg2D_cylinder_0.5_0.5_0,inner,1,SA,0.001,1,Single,No_Kink,8100,743914
result_SELECT_10_Heisenberg2D_cylinder_0.5_0.5_0,inner,1,SA,0.001,2,Double,No_Kink,7537,714654
result_SELECT_10_Heisenberg2D_cylinder_0.5_0.5_0,inner,1,SA,0.001,2,Single,No_Top,8101,651668
result_SELECT_10_Heisenberg2D_cylinder_0.5_0.5_0,inner,1,SA,0.001,2,Single,No_MSF,8099,633840
result_SELECT_10_Heisenberg2D_cylinder_0.5_0.5_0,inner,1,SA,0.01,0,Double,No_Top,7536,607482
result_SELECT_10_Heisenberg2D_cylinder_0.5_0.5_0,inner,1,SA,0.01,0,Double,No_MSF,7536,589658
result_SELECT_10_Heisenberg2D_cylinder_0.5_0.5_0,inner,1,SA,0.001,2,Double,Yes_Kink,7537,711616
result_SELECT_10_Heisenberg2D_cylinder_0.5_0.5_0,inner,1,SA,0.01,0,Proj,No_MSF,6660,15572
result_SELECT_10_Heisenberg2D_cylinder_0.5_0.5_0,inner,1,SA,0.01,0,Proj,No_Top,6660,33396
result_SELECT_10_Heisenberg2D_cylinder_0.5_0.5_0,inner,1,SA,0.001,2,Single,No_Kink,8101,747074
result_SELECT_10_Heisenberg2D_cylinder_0.5_0.5_0,inner,1,SA,0.01,0,Double,No_Kink,7536,677021
result_SELECT_10_Heisenberg2D_cylinder_0.5_0.5_0,inner,1,SA,0.01,0,Single,No_MSF,8099,633840
result_SELECT_10_Heisenberg2D_cylinder_0.5_0.5_0,inner,1,SA,0.01,0,Single,No_Top,8099,651664
result_SELECT_10_Heisenberg2D_cylinder_0.5_0.5_0,inner,1,SA,0.01,1,Double,No_MSF,7536,589658
result_SELECT_10_Heisenberg2D_cylinder_0.5_0.5_0,inner,1,SA,0.01,0,Double,Yes_Kink,7537,684026
result_SELECT_10_Heisenberg2D_cylinder_0.5_0.5_0,inner,1,SA,0.01,1,Double,No_Top,7536,607482
result_SELECT_10_Heisenberg2D_cylinder_0.5_0.5_0,inner,1,SA,0.01,0,Single,No_Kink,8099,701279
result_SELECT_10_Heisenberg2D_cylinder_0.5_0.5_0,inner,1,SA,0.01,1,Proj,No_MSF,6660,15572
result_SELECT_10_Heisenberg2D_cylinder_0.5_0.5_0,inner,1,SA,0.01,1,Proj,No_Top,6660,33396
result_SELECT_10_Heisenberg2D_cylinder_0.5_0.5_0,inner,1,SA,0.01,1,Single,No_MSF,8099,633840
result_SELECT_10_Heisenberg2D_cylinder_0.5_0.5_0,inner,1,SA,0.01,1,Double,No_Kink,7536,686693
result_SELECT_10_Heisenberg2D_cylinder_0.5_0.5_0,inner,1,SA,0.01,1,Single,No_Top,8100,651666
result_SELECT_10_Heisenberg2D_cylinder_0.5_0.5_0,inner,1,SA,0.01,1,Double,Yes_Kink,7537,686485
result_SELECT_10_Heisenberg2D_cylinder_0.5_0.5_0,inner,1,SA,0.01,1,Single,No_Kink,8100,705751
result_SELECT_10_Heisenberg2D_cylinder_0.5_0.5_0,inner,1,SA,0.01,2,Double,No_MSF,7536,589658
result_SELECT_10_Heisenberg2D_cylinder_0.5_0.5_0,inner,1,SA,0.01,2,Double,No_Top,7537,607484
result_SELECT_10_Heisenberg2D_cylinder_0.5_0.5_0,inner,1,SA,0.01,2,Proj,No_MSF,6660,15572
result_SELECT_10_Heisenberg2D_cylinder_0.5_0.5_0,inner,1,SA,0.01,2,Proj,No_Top,6660,33396
result_SELECT_10_Heisenberg2D_cylinder_0.5_0.5_0,inner,1,SA,0.01,2,Double,No_Kink,7537,694652
result_SELECT_10_Heisenberg2D_cylinder_0.5_0.5_0,inner,1,SA,0.01,2,Single,No_MSF,8099,633840
result_SELECT_10_Heisenberg2D_cylinder_0.5_0.5_0,inner,1,SA,0.01,2,Double,Yes_Kink,7537,697464
result_SELECT_10_Heisenberg2D_cylinder_0.5_0.5_0,inner,1,SA,0.01,2,Single,No_Top,8101,651668
result_SELECT_10_Heisenberg2D_cylinder_0.5_0.5_0,inner,1,SA,0.1,0,Double,No_MSF,7536,589658
result_SELECT_10_Heisenberg2D_cylinder_0.5_0.5_0,inner,1,SA,0.1,0,Double,No_Top,7536,607482
result_SELECT_10_Heisenberg2D_cylinder_0.5_0.5_0,inner,1,SA,0.01,2,Single,No_Kink,8101,721501
result_SELECT_10_Heisenberg2D_cylinder_0.5_0.5_0,inner,1,SA,0.1,0,Proj,No_MSF,6660,15572
result_SELECT_10_Heisenberg2D_cylinder_0.5_0.5_0,inner,1,SA,0.1,0,Double,No_Kink,7536,678299
result_SELECT_10_Heisenberg2D_cylinder_0.5_0.5_0,inner,1,SA,0.1,0,Proj,No_Top,6660,33396
result_SELECT_10_Heisenberg2D_cylinder_0.5_0.5_0,inner,1,SA,0.1,0,Double,Yes_Kink,7536,685727
result_SELECT_10_Heisenberg2D_cylinder_0.5_0.5_0,inner,1,SA,0.1,0,Single,No_MSF,8099,633840
result_SELECT_10_Heisenberg2D_cylinder_0.5_0.5_0,inner,1,SA,0.1,0,Single,No_Kink,8099,702347
result_SELECT_10_Heisenberg2D_cylinder_0.5_0.5_0,inner,1,SA,0.1,0,Single,No_Top,8099,651664
result_SELECT_10_Heisenberg2D_cylinder_0.5_0.5_0,inner,1,SA,0.1,1,Double,No_MSF,7536,589658
result_SELECT_10_Heisenberg2D_cylinder_0.5_0.5_0,inner,1,SA,0.1,1,Double,No_Top,7536,607482
result_SELECT_10_Heisenberg2D_cylinder_0.5_0.5_0,inner,1,SA,0.1,1,Double,No_Kink,7536,688476
result_SELECT_10_Heisenberg2D_cylinder_0.5_0.5_0,inner,1,SA,0.1,1,Double,Yes_Kink,7536,688232
result_SELECT_10_Heisenberg2D_cylinder_0.5_0.5_0,inner,1,SA,0.1,1,Proj,No_MSF,6660,15572
result_SELECT_10_Heisenberg2D_cylinder_0.5_0.5_0,inner,1,SA,0.1,1,Proj,No_Top,6660,33396
result_SELECT_10_Heisenberg2D_cylinder_0.5_0.5_0,inner,1,SA,0.01,0,Proj,Yes_Kink,6664,2253085
result_SELECT_10_Heisenberg2D_cylinder_0.5_0.5_0,inner,1,SA,0.001,2,Proj,Yes_Kink,6666,2329872
result_SELECT_10_Heisenberg2D_cylinder_0.5_0.5_0,inner,1,SA,0.001,2,Proj,No_Kink,6664,2387957
result_SELECT_10_Heisenberg2D_cylinder_0.5_0.5_0,inner,1,SA,0.1,1,Single,No_MSF,8099,633840
result_SELECT_10_Heisenberg2D_cylinder_0.5_0.5_0,inner,1,SA,0.01,0,Proj,No_Kink,6663,2312754
result_SELECT_10_Heisenberg2D_cylinder_0.5_0.5_0,inner,1,SA,0.1,1,Single,No_Kink,8100,710803
result_SELECT_10_Heisenberg2D_cylinder_0.5_0.5_0,inner,1,SA,0.001,1,Proj,No_Kink,6664,2343512
result_SELECT_10_Heisenberg2D_cylinder_0.5_0.5_0,inner,1,SA,0.1,1,Single,No_Top,8100,651666
result_SELECT_10_Heisenberg2D_cylinder_0.5_0.5_0,inner,1,SA,0.001,0,Proj,Yes_Kink,6664,2293947
result_SELECT_10_Heisenberg2D_cylinder_0.5_0.5_0,inner,1,SA,0.1,2,Double,No_MSF,7536,589658
result_SELECT_10_Heisenberg2D_cylinder_0.5_0.5_0,inner,1,SA,0.1,2,Double,No_Top,7537,607484
result_SELECT_10_Heisenberg2D_cylinder_0.5_0.5_0,inner,1,SA,0.001,0,Proj,No_Kink,6664,2346411
result_SELECT_10_Heisenberg2D_cylinder_0.5_0.5_0,inner,1,SA,0.1,2,Proj,No_MSF,6660,15572
result_SELECT_10_Heisenberg2D_cylinder_0.5_0.5_0,inner,1,SA,0.01,1,Proj,Yes_Kink,6667,2263119
result_SELECT_10_Heisenberg2D_cylinder_0.5_0.5_0,inner,1,SA,0.1,2,Proj,No_Top,6660,33396
result_SELECT_10_Heisenberg2D_cylinder_0.5_0.5_0,inner,1,SA,0.001,1,Proj,Yes_Kink,6664,2308617
result_SELECT_10_Heisenberg2D_cylinder_0.5_0.5_0,inner,1,SA,0.1,2,Double,No_Kink,7537,698803
result_SELECT_10_Heisenberg2D_cylinder_0.5_0.5_0,inner,1,SA,0.1,2,Single,No_Top,8101,651668
result_SELECT_10_Heisenberg2D_cylinder_0.5_0.5_0,inner,1,SA,0.1,2,Single,No_MSF,8099,633840
result_SELECT_10_Heisenberg2D_cylinder_0.5_0.5_0,inner,1,SA,0.01,2,Proj,Yes_Kink,6666,2223464
result_SELECT_10_Heisenberg2D_cylinder_0.5_0.5_0,inner,1,SA,0.1,2,Double,Yes_Kink,7537,700966
result_SELECT_10_Heisenberg2D_cylinder_0.5_0.5_0,inner,1,SA,1,0,Double,No_MSF,7536,589658
result_SELECT_10_Heisenberg2D_cylinder_0.5_0.5_0,inner,1,SA,0.01,1,Proj,No_Kink,6665,2296702
result_SELECT_10_Heisenberg2D_cylinder_0.5_0.5_0,inner,1,SA,0.01,2,Proj,No_Kink,6663,2277212
result_SELECT_10_Heisenberg2D_cylinder_0.5_0.5_0,inner,1,SA,1,0,Double,No_Top,7536,607482
result_SELECT_10_Heisenberg2D_cylinder_0.5_0.5_0,inner,1,SA,1,0,Proj,No_MSF,6660,15572
result_SELECT_10_Heisenberg2D_cylinder_0.5_0.5_0,inner,1,SA,1,0,Proj,No_Top,6660,33396
result_SELECT_10_Heisenberg2D_cylinder_0.5_0.5_0,inner,1,SA,1,0,Double,No_Kink,7536,670989
result_SELECT_10_Heisenberg2D_cylinder_0.5_0.5_0,inner,1,SA,1,0,Single,No_MSF,8099,633840
result_SELECT_10_Heisenberg2D_cylinder_0.5_0.5_0,inner,1,SA,1,0,Single,No_Top,8099,651664
result_SELECT_10_Heisenberg2D_cylinder_0.5_0.5_0,inner,1,SA,1,0,Double,Yes_Kink,7536,669625
result_SELECT_10_Heisenberg2D_cylinder_0.5_0.5_0,inner,1,SA,0.1,2,Single,No_Kink,8101,726773
result_SELECT_10_Heisenberg2D_cylinder_0.5_0.5_0,inner,1,SA,1,1,Double,No_Top,7536,607482
result_SELECT_10_Heisenberg2D_cylinder_0.5_0.5_0,inner,1,SA,1,1,Double,No_MSF,7536,589658
result_SELECT_10_Heisenberg2D_cylinder_0.5_0.5_0,inner,1,SA,1,0,Single,No_Kink,8099,700404
result_SELECT_10_Heisenberg2D_cylinder_0.5_0.5_0,inner,1,SA,1,1,Proj,No_MSF,6660,15572
result_SELECT_10_Heisenberg2D_cylinder_0.5_0.5_0,inner,1,SA,1,1,Proj,No_Top,6660,33396
result_SELECT_10_Heisenberg2D_cylinder_0.5_0.5_0,inner,1,SA,1,1,Double,No_Kink,7536,671003
result_SELECT_10_Heisenberg2D_cylinder_0.5_0.5_0,inner,1,SA,1,1,Double,Yes_Kink,7536,671358
result_SELECT_10_Heisenberg2D_cylinder_0.5_0.5_0,inner,1,SA,1,1,Single,No_MSF,8099,633840
result_SELECT_10_Heisenberg2D_cylinder_0.5_0.5_0,inner,1,SA,1,1,Single,No_Top,8100,651666
result_SELECT_10_Heisenberg2D_cylinder_0.5_0.5_0,inner,1,SA,1,1,Single,No_Kink,8100,700406
result_SELECT_10_Heisenberg2D_cylinder_0.5_0.5_0,inner,1,SA,1,2,Double,No_MSF,7536,589658
result_SELECT_10_Heisenberg2D_cylinder_0.5_0.5_0,inner,1,SA,1,2,Double,No_Top,7537,607484
result_SELECT_10_Heisenberg2D_cylinder_0.5_0.5_0,inner,1,SA,0.1,0,Proj,No_Kink,6667,2355057
result_SELECT_10_Heisenberg2D_cylinder_0.5_0.5_0,inner,1,SA,1,2,Proj,No_MSF,6660,15572
result_SELECT_10_Heisenberg2D_cylinder_0.5_0.5_0,inner,1,SA,1,2,Proj,No_Top,6660,33396
result_SELECT_10_Heisenberg2D_cylinder_0.5_0.5_0,inner,1,SA,0.1,0,Proj,Yes_Kink,6664,2302843
result_SELECT_10_Heisenberg2D_cylinder_0.5_0.5_0,inner,1,SA,1,2,Double,No_Kink,7537,676819
result_SELECT_10_Heisenberg2D_cylinder_0.5_0.5_0,inner,1,SA,1,2,Single,No_MSF,8099,633840
result_SELECT_10_Heisenberg2D_cylinder_0.5_0.5_0,inner,1,SA,1,2,Single,No_Top,8101,651668
result_SELECT_10_Heisenberg2D_cylinder_0.5_0.5_0,inner,1,SA,1,2,Double,Yes_Kink,7537,676778
result_SELECT_10_Heisenberg2D_cylinder_0.5_0.5_0,inner,1,naive,0,0,Double,No_MSF,7536,589658
result_SELECT_10_Heisenberg2D_cylinder_0.5_0.5_0,inner,1,SA,1,2,Single,No_Kink,8101,704678
result_SELECT_10_Heisenberg2D_cylinder_0.5_0.5_0,inner,1,naive,0,0,Double,No_Top,7536,607482
result_SELECT_10_Heisenberg2D_cylinder_0.5_0.5_0,inner,1,naive,0,0,Proj,No_MSF,6660,15572
result_SELECT_10_Heisenberg2D_cylinder_0.5_0.5_0,inner,1,naive,0,0,Proj,No_Top,6660,33396
result_SELECT_10_Heisenberg2D_cylinder_0.5_0.5_0,inner,1,naive,0,0,Double,No_Kink,7536,705066
result_SELECT_10_Heisenberg2D_cylinder_0.5_0.5_0,inner,1,naive,0,0,Single,No_MSF,8099,633840
result_SELECT_10_Heisenberg2D_cylinder_0.5_0.5_0,inner,1,naive,0,0,Double,Yes_Kink,7536,703132
result_SELECT_10_Heisenberg2D_cylinder_0.5_0.5_0,inner,1,naive,0,0,Single,No_Top,8099,651664
result_SELECT_10_Heisenberg2D_cylinder_0.5_0.5_0,inner,1,naive,0,1,Double,No_MSF,7536,589658
result_SELECT_10_Heisenberg2D_cylinder_0.5_0.5_0,inner,1,naive,0,1,Double,No_Top,7536,607482
result_SELECT_10_Heisenberg2D_cylinder_0.5_0.5_0,inner,1,naive,0,0,Single,No_Kink,8099,737198
result_SELECT_10_Heisenberg2D_cylinder_0.5_0.5_0,inner,1,naive,0,1,Double,No_Kink,7536,705080
result_SELECT_10_Heisenberg2D_cylinder_0.5_0.5_0,inner,1,naive,0,1,Proj,No_MSF,6660,15572
result_SELECT_10_Heisenberg2D_cylinder_0.5_0.5_0,inner,1,SA,0.1,1,Proj,No_Kink,6667,2353333
result_SELECT_10_Heisenberg2D_cylinder_0.5_0.5_0,inner,1,naive,0,1,Double,Yes_Kink,7536,703081
result_SELECT_10_Heisenberg2D_cylinder_0.5_0.5_0,inner,1,naive,0,1,Proj,No_Top,6660,33396
result_SELECT_10_Heisenberg2D_cylinder_0.5_0.5_0,inner,1,naive,0,1,Single,No_MSF,8099,633840
result_SELECT_10_Heisenberg2D_cylinder_0.5_0.5_0,inner,1,naive,0,1,Single,No_Top,8100,651666
result_SELECT_10_Heisenberg2D_cylinder_0.5_0.5_0,inner,1,naive,0,1,Single,No_Kink,8100,737200
result_SELECT_10_Heisenberg2D_cylinder_0.5_0.5_0,inner,1,naive,0,2,Double,No_MSF,7536,589658
result_SELECT_10_Heisenberg2D_cylinder_0.5_0.5_0,inner,1,naive,0,2,Double,No_Top,7537,607484
result_SELECT_10_Heisenberg2D_cylinder_0.5_0.5_0,inner,1,SA,0.1,1,Proj,Yes_Kink,6665,2299953
result_SELECT_10_Heisenberg2D_cylinder_0.5_0.5_0,inner,1,naive,0,2,Double,No_Kink,7537,705194
result_SELECT_10_Heisenberg2D_cylinder_0.5_0.5_0,inner,1,naive,0,2,Proj,No_MSF,6660,15572
result_SELECT_10_Heisenberg2D_cylinder_0.5_0.5_0,inner,1,naive,0,2,Proj,No_Top,6660,33396
result_SELECT_10_Heisenberg2D_cylinder_0.5_0.5_0,inner,1,naive,0,2,Double,Yes_Kink,7537,703305
result_SELECT_10_Heisenberg2D_cylinder_0.5_0.5_0,inner,1,naive,0,2,Single,No_MSF,8099,633840
result_SELECT_10_Heisenberg2D_cylinder_0.5_0.5_0,inner,1,naive,0,2,Single,No_Kink,8101,737370
result_SELECT_10_Heisenberg2D_cylinder_0.5_0.5_0,inner,1,naive,0,2,Single,No_Top,8101,651668
result_SELECT_10_Heisenberg2D_cylinder_0.5_0.5_0,inner,1,random,0,0,Double,No_MSF,7536,589658
result_SELECT_10_Heisenberg2D_cylinder_0.5_0.5_0,inner,1,random,0,0,Double,No_Top,7536,607482
result_SELECT_10_Heisenberg2D_cylinder_0.5_0.5_0,inner,1,random,0,0,Double,No_Kink,7536,800039
result_SELECT_10_Heisenberg2D_cylinder_0.5_0.5_0,inner,1,random,0,0,Double,Yes_Kink,7536,803349
result_SELECT_10_Heisenberg2D_cylinder_0.5_0.5_0,inner,1,random,0,0,Proj,No_MSF,6660,15572
result_SELECT_10_Heisenberg2D_cylinder_0.5_0.5_0,inner,1,random,0,0,Proj,No_Top,6660,33396
result_SELECT_10_Heisenberg2D_cylinder_0.5_0.5_0,inner,1,SA,0.1,2,Proj,Yes_Kink,6666,2312114
result_SELECT_10_Heisenberg2D_cylinder_0.5_0.5_0,inner,1,SA,1,1,Proj,No_Kink,6663,2237001
result_SELECT_10_Heisenberg2D_cylinder_0.5_0.5_0,inner,1,random,0,0,Single,No_MSF,8099,633840
result_SELECT_10_Heisenberg2D_cylinder_0.5_0.5_0,inner,1,SA,1,0,Proj,Yes_Kink,6663,2206034
result_SELECT_10_Heisenberg2D_cylinder_0.5_0.5_0,inner,1,SA,1,2,Proj,No_Kink,6667,2227774
result_SELECT_10_Heisenberg2D_cylinder_0.5_0.5_0,inner,1,random,0,0,Single,No_Top,8099,651664
result_SELECT_10_Heisenberg2D_cylinder_0.5_0.5_0,inner,1,SA,1,0,Proj,No_Kink,6664,2314172
result_SELECT_10_Heisenberg2D_cylinder_0.5_0.5_0,inner,1,SA,1,1,Proj,Yes_Kink,6666,2236554
result_SELECT_10_Heisenberg2D_cylinder_0.5_0.5_0,inner,1,SA,0.1,2,Proj,No_Kink,6664,2363876
result_SELECT_10_Heisenberg2D_cylinder_0.5_0.5_0,inner,1,random,0,0,Single,No_Kink,8107,838261
result_SELECT_10_Heisenberg2D_cylinder_0.5_0.5_0,inner,1,random,0,1,Double,No_MSF,7536,589658
result_SELECT_10_Heisenberg2D_cylinder_0.5_0.5_0,inner,1,random,0,1,Double,No_Top,7536,607482
result_SELECT_10_Heisenberg2D_cylinder_0.5_0.5_0,inner,1,random,0,1,Proj,No_MSF,6660,15572
result_SELECT_10_Heisenberg2D_cylinder_0.5_0.5_0,inner,1,random,0,1,Proj,No_Top,6660,33396
result_SELECT_10_Heisenberg2D_cylinder_0.5_0.5_0,inner,1,SA,1,2,Proj,Yes_Kink,6667,2242557
result_SELECT_10_Heisenberg2D_cylinder_0.5_0.5_0,inner,1,random,0,1,Single,No_MSF,8099,633840
result_SELECT_10_Heisenberg2D_cylinder_0.5_0.5_0,inner,1,random,0,1,Single,No_Top,8100,651666
result_SELECT_10_Heisenberg2D_cylinder_0.5_0.5_0,inner,1,random,0,1,Double,No_Kink,7536,800055
result_SELECT_10_Heisenberg2D_cylinder_0.5_0.5_0,inner,1,random,0,2,Double,No_MSF,7536,589658
result_SELECT_10_Heisenberg2D_cylinder_0.5_0.5_0,inner,1,random,0,2,Double,No_Top,7537,607484
result_SELECT_10_Heisenberg2D_cylinder_0.5_0.5_0,inner,1,naive,0,0,Proj,No_Kink,6661,2417110
result_SELECT_10_Heisenberg2D_cylinder_0.5_0.5_0,inner,1,random,0,2,Proj,No_MSF,6660,15572
result_SELECT_10_Heisenberg2D_cylinder_0.5_0.5_0,inner,1,naive,0,0,Proj,Yes_Kink,6663,2402656
result_SELECT_10_Heisenberg2D_cylinder_0.5_0.5_0,inner,1,random,0,1,Double,Yes_Kink,7536,803940
result_SELECT_10_Heisenberg2D_cylinder_0.5_0.5_0,inner,1,random,0,2,Proj,No_Top,6660,33396
result_SELECT_10_Heisenberg2D_cylinder_0.5_0.5_0,inner,1,random,0,1,Single,No_Kink,8108,838263
result_SELECT_10_Heisenberg2D_cylinder_0.5_0.5_0,inner,1,random,0,2,Single,No_MSF,8099,633840
result_SELECT_10_Heisenberg2D_cylinder_0.5_0.5_0,inner,1,random,0,2,Single,No_Top,8101,651668
result_SELECT_10_Heisenberg2D_cylinder_0.5_0.5_0,inner,1,random,0,2,Double,No_Kink,7537,802230
result_SELECT_10_Heisenberg2D_cylinder_0.5_0.5_0,inner,2,SA,0.001,0,Double,No_MSF,7536,589658
result_SELECT_10_Heisenberg2D_cylinder_0.5_0.5_0,inner,2,SA,0.001,0,Double,No_Top,7536,607482
result_SELECT_10_Heisenberg2D_cylinder_0.5_0.5_0,inner,2,SA,0.001,0,Double,No_Kink,7536,693816
result_SELECT_10_Heisenberg2D_cylinder_0.5_0.5_0,inner,1,random,0,2,Double,Yes_Kink,7537,805270
result_SELECT_10_Heisenberg2D_cylinder_0.5_0.5_0,inner,2,SA,0.001,0,Proj,No_MSF,6660,15572
result_SELECT_10_Heisenberg2D_cylinder_0.5_0.5_0,inner,1,random,0,2,Single,No_Kink,8109,840843
result_SELECT_10_Heisenberg2D_cylinder_0.5_0.5_0,inner,2,SA,0.001,0,Proj,No_Top,6660,33396
result_SELECT_10_Heisenberg2D_cylinder_0.5_0.5_0,inner,2,SA,0.001,0,Double,Yes_Kink,7536,692728
result_SELECT_10_Heisenberg2D_cylinder_0.5_0.5_0,inner,2,SA,0.001,0,Single,No_MSF,8099,633840
result_SELECT_10_Heisenberg2D_cylinder_0.5_0.5_0,inner,1,naive,0,1,Proj,No_Kink,6660,2436424
result_SELECT_10_Heisenberg2D_cylinder_0.5_0.5_0,inner,2,SA,0.001,0,Single,No_Top,8099,651664
result_SELECT_10_Heisenberg2D_cylinder_0.5_0.5_0,inner,2,SA,0.001,0,Single,No_Kink,8099,723230
result_SELECT_10_Heisenberg2D_cylinder_0.5_0.5_0,inner,2,SA,0.001,1,Double,No_MSF,7536,589658
result_SELECT_10_Heisenberg2D_cylinder_0.5_0.5_0,inner,2,SA,0.001,1,Double,No_Top,7536,607482
result_SELECT_10_Heisenberg2D_cylinder_0.5_0.5_0,inner,2,SA,0.001,0,Single,Yes_Kink,8099,734853
result_SELECT_10_Heisenberg2D_cylinder_0.5_0.5_0,inner,2,SA,0.001,1,Double,No_Kink,7536,693680
result_SELECT_10_Heisenberg2D_cylinder_0.5_0.5_0,inner,2,SA,0.001,1,Proj,No_MSF,6660,15572
result_SELECT_10_Heisenberg2D_cylinder_0.5_0.5_0,inner,1,naive,0,1,Proj,Yes_Kink,6663,2402705
result_SELECT_10_Heisenberg2D_cylinder_0.5_0.5_0,inner,2,SA,0.001,1,Proj,No_Top,6660,33396
result_SELECT_10_Heisenberg2D_cylinder_0.5_0.5_0,inner,1,naive,0,2,Proj,Yes_Kink,6664,2380777
result_SELECT_10_Heisenberg2D_cylinder_0.5_0.5_0,inner,2,SA,0.001,1,Single,No_MSF,8099,633840
result_SELECT_10_Heisenberg2D_cylinder_0.5_0.5_0,inner,2,SA,0.001,1,Double,Yes_Kink,7536,692524
result_SELECT_10_Heisenberg2D_cylinder_0.5_0.5_0,inner,2,SA,0.001,1,Single,No_Top,8100,651666
result_SELECT_10_Heisenberg2D_cylinder_0.5_0.5_0,inner,2,SA,0.001,2,Double,No_MSF,7536,589658
result_SELECT_10_Heisenberg2D_cylinder_0.5_0.5_0,inner,2,SA,0.001,1,Single,No_Kink,8100,723266
result_SELECT_10_Heisenberg2D_cylinder_0.5_0.5_0,inner,2,SA,0.001,2,Double,No_Top,7537,607484
result_SELECT_10_Heisenberg2D_cylinder_0.5_0.5_0,inner,1,naive,0,2,Proj,No_Kink,6664,2422856
result_SELECT_10_Heisenberg2D_cylinder_0.5_0.5_0,inner,2,SA,0.001,2,Proj,No_MSF,6660,15572
result_SELECT_10_Heisenberg2D_cylinder_0.5_0.5_0,inner,2,SA,0.001,1,Single,Yes_Kink,8100,734855
result_SELECT_10_Heisenberg2D_cylinder_0.5_0.5_0,inner,2,SA,0.001,2,Proj,No_Top,6660,33396
result_SELECT_10_Heisenberg2D_cylinder_0.5_0.5_0,inner,2,SA,0.001,2,Double,No_Kink,7537,694169
result_SELECT_10_Heisenberg2D_cylinder_0.5_0.5_0,inner,2,SA,0.001,2,Single,No_MSF,8099,633840
result_SELECT_10_Heisenberg2D_cylinder_0.5_0.5_0,inner,2,SA,0.001,2,Single,No_Top,8101,651668
result_SELECT_10_Heisenberg2D_cylinder_0.5_0.5_0,inner,2,SA,0.001,2,Double,Yes_Kink,7537,692832
result_SELECT_10_Heisenberg2D_cylinder_0.5_0.5_0,inner,2,SA,0.001,2,Single,No_Kink,8101,723788
result_SELECT_10_Heisenberg2D_cylinder_0.5_0.5_0,inner,2,SA,0.01,0,Double,No_MSF,7536,589658
result_SELECT_10_Heisenberg2D_cylinder_0.5_0.5_0,inner,2,SA,0.01,0,Double,No_Top,7536,607482
result_SELECT_10_Heisenberg2D_cylinder_0.5_0.5_0,inner,2,SA,0.01,0,Double,No_Kink,7536,674995
result_SELECT_10_Heisenberg2D_cylinder_0.5_0.5_0,inner,2,SA,0.001,2,Single,Yes_Kink,8101,735346
result_SELECT_10_Heisenberg2D_cylinder_0.5_0.5_0,inner,2,SA,0.01,0,Proj,No_MSF,6660,15572
result_SELECT_10_Heisenberg2D_cylinder_0.5_0.5_0,inner,2,SA,0.01,0,Double,Yes_Kink,7536,674933
result_SELECT_10_Heisenberg2D_cylinder_0.5_0.5_0,inner,2,SA,0.01,0,Proj,No_Top,6660,33396
result_SELECT_10_Heisenberg2D_cylinder_0.5_0.5_0,inner,2,SA,0.01,0,Single,No_MSF,8099,633840
result_SELECT_10_Heisenberg2D_cylinder_0.5_0.5_0,inner,2,SA,0.01,0,Single,No_Kink,8099,701509
result_SELECT_10_Heisenberg2D_cylinder_0.5_0.5_0,inner,2,SA,0.01,0,Single,No_Top,8099,651664
result_SELECT_10_Heisenberg2D_cylinder_0.5_0.5_0,inner,2,SA,0.01,0,Single,Yes_Kink,8099,716095
result_SELECT_10_Heisenberg2D_cylinder_0.5_0.5_0,inner,2,SA,0.01,1,Double,No_Kink,7536,678810
result_SELECT_10_Heisenberg2D_cylinder_0.5_0.5_0,inner,2,SA,0.01,1,Double,No_MSF,7536,589658
result_SELECT_10_Heisenberg2D_cylinder_0.5_0.5_0,inner,2,SA,0.01,1,Double,No_Top,7536,607482
result_SELECT_10_Heisenberg2D_cylinder_0.5_0.5_0,inner,2,SA,0.01,1,Double,Yes_Kink,7536,680375
result_SELECT_10_Heisenberg2D_cylinder_0.5_0.5_0,inner,2,SA,0.01,1,Proj,No_MSF,6660,15572
result_SELECT_10_Heisenberg2D_cylinder_0.5_0.5_0,inner,2,SA,0.01,1,Proj,No_Top,6660,33396
result_SELECT_10_Heisenberg2D_cylinder_0.5_0.5_0,inner,1,random,0,0,Proj,No_Kink,6660,3012767
result_SELECT_10_Heisenberg2D_cylinder_0.5_0.5_0,inner,2,SA,0.01,1,Single,No_Kink,8100,704490
result_SELECT_10_Heisenberg2D_cylinder_0.5_0.5_0,inner,2,SA,0.001,0,Proj,No_Kink,6661,2196873
result_SELECT_10_Heisenberg2D_cylinder_0.5_0.5_0,inner,2,SA,0.01,1,Single,No_MSF,8099,633840
result_SELECT_10_Heisenberg2D_cylinder_0.5_0.5_0,inner,2,SA,0.001,0,Proj,Yes_Kink,6661,2118027
result_SELECT_10_Heisenberg2D_cylinder_0.5_0.5_0,inner,2,SA,0.01,1,Single,No_Top,8100,651666
result_SELECT_10_Heisenberg2D_cylinder_0.5_0.5_0,inner,1,random,0,0,Proj,Yes_Kink,6661,2939682
result_SELECT_10_Heisenberg2D_cylinder_0.5_0.5_0,inner,2,SA,0.01,2,Double,No_MSF,7536,589658
result_SELECT_10_Heisenberg2D_cylinder_0.5_0.5_0,inner,2,SA,0.01,2,Double,No_Top,7537,607484
result_SELECT_10_Heisenberg2D_cylinder_0.5_0.5_0,inner,2,SA,0.01,1,Single,Yes_Kink,8100,717426
result_SELECT_10_Heisenberg2D_cylinder_0.5_0.5_0,inner,2,SA,0.01,2,Double,No_Kink,7537,684246
result_SELECT_10_Heisenberg2D_cylinder_0.5_0.5_0,inner,2,SA,0.01,2,Proj,No_MSF,6660,15572
result_SELECT_10_Heisenberg2D_cylinder_0.5_0.5_0,inner,2,SA,0.001,1,Proj,Yes_Kink,6662,2134705
result_SELECT_10_Heisenberg2D_cylinder_0.5_0.5_0,inner,2,SA,0.01,2,Proj,No_Top,6660,33396
result_SELECT_10_Heisenberg2D_cylinder_0.5_0.5_0,inner,2,SA,0.01,2,Double,Yes_Kink,7537,682922
result_SELECT_10_Heisenberg2D_cylinder_0.5_0.5_0,inner,2,SA,0.001,1,Proj,No_Kink,6662,2150511
result_SELECT_10_Heisenberg2D_cylinder_0.5_0.5_0,inner,2,SA,0.01,2,Single,No_MSF,8099,633840
result_SELECT_10_Heisenberg2D_cylinder_0.5_0.5_0,inner,2,SA,0.01,2,Single,No_Top,8101,651668
result_SELECT_10_Heisenberg2D_cylinder_0.5_0.5_0,inner,2,SA,0.01,2,Single,No_Kink,8101,713562
result_SELECT_10_Heisenberg2D_cylinder_0.5_0.5_0,inner,2,SA,0.1,0,Double,No_MSF,7536,589658
result_SELECT_10_Heisenberg2D_cylinder_0.5_0.5_0,inner,2,SA,0.01,2,Single,Yes_Kink,8101,726505
result_SELECT_10_Heisenberg2D_cylinder_0.5_0.5_0,inner,2,SA,0.1,0,Double,No_Top,7536,607482
result_SELECT_10_Heisenberg2D_cylinder_0.5_0.5_0,inner,1,random,0,1,Proj,Yes_Kink,6660,2950643
result_SELECT_10_Heisenberg2D_cylinder_0.5_0.5_0,inner,2,SA,0.1,0,Double,No_Kink,7536,672642
result_SELECT_10_Heisenberg2D_cylinder_0.5_0.5_0,inner,2,SA,0.1,0,Proj,No_MSF,6660,15572
result_SELECT_10_Heisenberg2D_cylinder_0.5_0.5_0,inner,2,SA,0.001,2,Proj,Yes_Kink,6663,2118616
result_SELECT_10_Heisenberg2D_cylinder_0.5_0.5_0,inner,2,SA,0.001,2,Proj,No_Kink,6661,2194728
result_SELECT_10_Heisenberg2D_cylinder_0.5_0.5_0,inner,2,SA,0.1,0,Proj,No_Top,6660,33396
result_SELECT_10_Heisenberg2D_cylinder_0.5_0.5_0,inner,2,SA,0.1,0,Double,Yes_Kink,7536,672212
result_SELECT_10_Heisenberg2D_cylinder_0.5_0.5_0,inner,2,SA,0.1,0,Single,No_MSF,8099,633840
result_SELECT_10_Heisenberg2D_cylinder_0.5_0.5_0,inner,2,SA,0.1,0,Single,No_Top,8099,651664
result_SELECT_10_Heisenberg2D_cylinder_0.5_0.5_0,inner,1,random,0,1,Proj,No_Kink,6661,3000084
result_SELECT_10_Heisenberg2D_cylinder_0.5_0.5_0,inner,2,SA,0.1,0,Single,No_Kink,8099,697739
result_SELECT_10_Heisenberg2D_cylinder_0.5_0.5_0,inner,2,SA,0.1,1,Double,No_MSF,7536,589658
result_SELECT_10_Heisenberg2D_cylinder_0.5_0.5_0,inner,2,SA,0.1,1,Double,No_Top,7536,607482
result_SELECT_10_Heisenberg2D_cylinder_0.5_0.5_0,inner,2,SA,0.1,0,Single,Yes_Kink,8099,709948
result_SELECT_10_Heisenberg2D_cylinder_0.5_0.5_0,inner,1,random,0,2,Proj,No_Kink,6660,3000567
result_SELECT_10_Heisenberg2D_cylinder_0.5_0.5_0,inner,2,SA,0.1,1,Double,No_Kink,7537,677928
result_SELECT_10_Heisenberg2D_cylinder_0.5_0.5_0,inner,1,random,0,2,Proj,Yes_Kink,6662,2964462
result_SELECT_10_Heisenberg2D_cylinder_0.5_0.5_0,inner,2,SA,0.1,1,Proj,No_MSF,6660,15572
result_SELECT_10_Heisenberg2D_cylinder_0.5_0.5_0,inner,2,SA,0.1,1,Proj,No_Top,6660,33396
result_SELECT_10_Heisenberg2D_cylinder_0.5_0.5_0,inner,2,SA,0.1,1,Double,Yes_Kink,7537,677017
result_SELECT_10_Heisenberg2D_cylinder_0.5_0.5_0,inner,2,SA,0.1,1,Single,No_MSF,8099,633840
result_SELECT_10_Heisenberg2D_cylinder_0.5_0.5_0,inner,2,SA,0.1,1,Single,No_Top,8100,651666
result_SELECT_10_Heisenberg2D_cylinder_0.5_0.5_0,inner,2,SA,0.01,0,Proj,Yes_Kink,6661,2102799
result_SELECT_10_Heisenberg2D_cylinder_0.5_0.5_0,inner,2,SA,0.1,1,Single,No_Kink,8100,702315
result_SELECT_10_Heisenberg2D_cylinder_0.5_0.5_0,inner,2,SA,0.1,2,Double,No_MSF,7536,589658
result_SELECT_10_Heisenberg2D_cylinder_0.5_0.5_0,inner,2,SA,0.1,2,Double,No_Top,7537,607484
result_SELECT_10_Heisenberg2D_cylinder_0.5_0.5_0,inner,2,SA,0.1,1,Single,Yes_Kink,8100,713929
result_SELECT_10_Heisenberg2D_cylinder_0.5_0.5_0,inner,2,SA,0.1,2,Proj,No_MSF,6660,15572
result_SELECT_10_Heisenberg2D_cylinder_0.5_0.5_0,inner,2,SA,0.1,2,Proj,No_Top,6660,33396
result_SELECT_10_Heisenberg2D_cylinder_0.5_0.5_0,inner,2,SA,0.1,2,Double,No_Kink,7538,683979
result_SELECT_10_Heisenberg2D_cylinder_0.5_0.5_0,inner,2,SA,0.1,2,Double,Yes_Kink,7538,683372
result_SELECT_10_Heisenberg2D_cylinder_0.5_0.5_0,inner,2,SA,0.1,2,Single,No_MSF,8099,633840
result_SELECT_10_Heisenberg2D_cylinder_0.5_0.5_0,inner,2,SA,0.1,2,Single,No_Top,8101,651668
result_SELECT_10_Heisenberg2D_cylinder_0.5_0.5_0,inner,2,SA,0.1,2,Single,No_Kink,8101,712469
result_SELECT_10_Heisenberg2D_cylinder_0.5_0.5_0,inner,2,SA,1,0,Double,No_MSF,7536,589658
result_SELECT_10_Heisenberg2D_cylinder_0.5_0.5_0,inner,2,SA,0.1,2,Single,Yes_Kink,8101,724085
result_SELECT_10_Heisenberg2D_cylinder_0.5_0.5_0,inner,2,SA,1,0,Double,No_Top,7536,607482
result_SELECT_10_Heisenberg2D_cylinder_0.5_0.5_0,inner,2,SA,0.01,0,Proj,No_Kink,6664,2245420
result_SELECT_10_Heisenberg2D_cylinder_0.5_0.5_0,inner,2,SA,1,0,Double,No_Kink,7536,664566
result_SELECT_10_Heisenberg2D_cylinder_0.5_0.5_0,inner,2,SA,1,0,Proj,No_MSF,6660,15572
result_SELECT_10_Heisenberg2D_cylinder_0.5_0.5_0,inner,2,SA,1,0,Proj,No_Top,6660,33396
result_SELECT_10_Heisenberg2D_cylinder_0.5_0.5_0,inner,2,SA,1,0,Double,Yes_Kink,7537,663861
result_SELECT_10_Heisenberg2D_cylinder_0.5_0.5_0,inner,2,SA,1,0,Single,No_MSF,8099,633840
result_SELECT_10_Heisenberg2D_cylinder_0.5_0.5_0,inner,2,SA,1,0,Single,No_Kink,8099,693277
result_SELECT_10_Heisenberg2D_cylinder_0.5_0.5_0,inner,2,SA,1,0,Single,No_Top,8099,651664
result_SELECT_10_Heisenberg2D_cylinder_0.5_0.5_0,inner,2,SA,1,1,Double,No_Top,7536,607482
result_SELECT_10_Heisenberg2D_cylinder_0.5_0.5_0,inner,2,SA,1,1,Double,No_MSF,7536,589658
result_SELECT_10_Heisenberg2D_cylinder_0.5_0.5_0,inner,2,SA,1,0,Single,Yes_Kink,8099,710049
result_SELECT_10_Heisenberg2D_cylinder_0.5_0.5_0,inner,2,SA,1,1,Double,No_Kink,7536,665553
result_SELECT_10_Heisenberg2D_cylinder_0.5_0.5_0,inner,2,SA,1,1,Proj,No_MSF,6660,15572
result_SELECT_10_Heisenberg2D_cylinder_0.5_0.5_0,inner,2,SA,1,1,Proj,No_Top,6660,33396
result_SELECT_10_Heisenberg2D_cylinder_0.5_0.5_0,inner,2,SA,1,1,Double,Yes_Kink,7537,663885
result_SELECT_10_Heisenberg2D_cylinder_0.5_0.5_0,inner,2,SA,0.01,1,Proj,No_Kink,6661,2203346
result_SELECT_10_Heisenberg2D_cylinder_0.5_0.5_0,inner,2,SA,1,1,Single,No_MSF,8099,633840
result_SELECT_10_Heisenberg2D_cylinder_0.5_0.5_0,inner,2,SA,1,1,Single,No_Kink,8100,693831
result_SELECT_10_Heisenberg2D_cylinder_0.5_0.5_0,inner,2,SA,1,1,Single,No_Top,8100,651666
result_SELECT_10_Heisenberg2D_cylinder_0.5_0.5_0,inner,2,SA,1,2,Double,No_MSF,7536,589658
result_SELECT_10_Heisenberg2D_cylinder_0.5_0.5_0,inner,2,SA,1,1,Single,Yes_Kink,8100,711421
result_SELECT_10_Heisenberg2D_cylinder_0.5_0.5_0,inner,2,SA,1,2,Double,No_Kink,7537,676178
result_SELECT_10_Heisenberg2D_cylinder_0.5_0.5_0,inner,2,SA,1,2,Double,No_Top,7537,607484
result_SELECT_10_Heisenberg2D_cylinder_0.5_0.5_0,inner,2,SA,0.01,1,Proj,Yes_Kink,6664,2128991
result_SELECT_10_Heisenberg2D_cylinder_0.5_0.5_0,inner,2,SA,1,2,Proj,No_MSF,6660,15572
result_SELECT_10_Heisenberg2D_cylinder_0.5_0.5_0,inner,2,SA,1,2,Double,Yes_Kink,7537,675191
result_SELECT_10_Heisenberg2D_cylinder_0.5_0.5_0,inner,2,SA,1,2,Proj,No_Top,6660,33396
result_SELECT_10_Heisenberg2D_cylinder_0.5_0.5_0,inner,2,SA,1,2,Single,No_MSF,8099,633840
result_SELECT_10_Heisenberg2D_cylinder_0.5_0.5_0,inner,2,SA,1,2,Single,No_Kink,8101,702165
result_SELECT_10_Heisenberg2D_cylinder_0.5_0.5_0,inner,2,SA,1,2,Single,No_Top,8101,651668
result_SELECT_10_Heisenberg2D_cylinder_0.5_0.5_0,inner,2,SA,1,2,Single,Yes_Kink,8101,719522
result_SELECT_10_Heisenberg2D_cylinder_0.5_0.5_0,inner,2,naive,0,0,Double,No_Kink,7536,689342
result_SELECT_10_Heisenberg2D_cylinder_0.5_0.5_0,inner,2,naive,0,0,Double,No_MSF,7536,589658
result_SELECT_10_Heisenberg2D_cylinder_0.5_0.5_0,inner,2,SA,0.01,2,Proj,Yes_Kink,6663,2105494
result_SELECT_10_Heisenberg2D_cylinder_0.5_0.5_0,inner,2,naive,0,0,Double,No_Top,7536,607482
result_SELECT_10_Heisenberg2D_cylinder_0.5_0.5_0,inner,2,naive,0,0,Proj,No_MSF,6660,15572
result_SELECT_10_Heisenberg2D_cylinder_0.5_0.5_0,inner,2,SA,0.01,2,Proj,No_Kink,6664,2218747
result_SELECT_10_Heisenberg2D_cylinder_0.5_0.5_0,inner,2,naive,0,0,Double,Yes_Kink,7536,685925
result_SELECT_10_Heisenberg2D_cylinder_0.5_0.5_0,inner,2,naive,0,0,Proj,No_Top,6660,33396
result_SELECT_10_Heisenberg2D_cylinder_0.5_0.5_0,inner,2,naive,0,0,Single,No_MSF,8099,633840
result_SELECT_10_Heisenberg2D_cylinder_0.5_0.5_0,inner,2,SA,0.1,0,Proj,Yes_Kink,6662,2158070
result_SELECT_10_Heisenberg2D_cylinder_0.5_0.5_0,inner,2,naive,0,0,Single,No_Top,8099,651664
result_SELECT_10_Heisenberg2D_cylinder_0.5_0.5_0,inner,2,naive,0,0,Single,No_Kink,8099,719759
result_SELECT_10_Heisenberg2D_cylinder_0.5_0.5_0,inner,2,naive,0,1,Double,No_MSF,7536,589658
result_SELECT_10_Heisenberg2D_cylinder_0.5_0.5_0,inner,2,naive,0,0,Single,Yes_Kink,8099,729645
result_SELECT_10_Heisenberg2D_cylinder_0.5_0.5_0,inner,2,naive,0,1,Double,No_Top,7536,607482
result_SELECT_10_Heisenberg2D_cylinder_0.5_0.5_0,inner,2,SA,0.1,0,Proj,No_Kink,6662,2256394
result_SELECT_10_Heisenberg2D_cylinder_0.5_0.5_0,inner,2,naive,0,1,Proj,No_MSF,6660,15572
result_SELECT_10_Heisenberg2D_cylinder_0.5_0.5_0,inner,2,naive,0,1,Double,No_Kink,7536,689355
result_SELECT_10_Heisenberg2D_cylinder_0.5_0.5_0,inner,2,SA,0.1,1,Proj,Yes_Kink,6661,2164178
result_SELECT_10_Heisenberg2D_cylinder_0.5_0.5_0,inner,2,naive,0,1,Proj,No_Top,6660,33396
result_SELECT_10_Heisenberg2D_cylinder_0.5_0.5_0,inner,2,naive,0,1,Double,Yes_Kink,7536,685941
result_SELECT_10_Heisenberg2D_cylinder_0.5_0.5_0,inner,2,SA,0.1,1,Proj,No_Kink,6660,2208350
result_SELECT_10_Heisenberg2D_cylinder_0.5_0.5_0,inner,2,naive,0,1,Single,No_MSF,8099,633840
result_SELECT_10_Heisenberg2D_cylinder_0.5_0.5_0,inner,2,naive,0,1,Single,No_Top,8100,651666
result_SELECT_10_Heisenberg2D_cylinder_0.5_0.5_0,inner,2,naive,0,1,Single,No_Kink,8100,719761
result_SELECT_10_Heisenberg2D_cylinder_0.5_0.5_0,inner,2,naive,0,2,Double,No_MSF,7536,589658
result_SELECT_10_Heisenberg2D_cylinder_0.5_0.5_0,inner,2,SA,0.1,2,Proj,No_Kink,6661,2230192
result_SELECT_10_Heisenberg2D_cylinder_0.5_0.5_0,inner,2,SA,0.1,2,Proj,Yes_Kink,6662,2156271
result_SELECT_10_Heisenberg2D_cylinder_0.5_0.5_0,inner,2,naive,0,2,Double,No_Top,7537,607484
result_SELECT_10_Heisenberg2D_cylinder_0.5_0.5_0,inner,2,naive,0,1,Single,Yes_Kink,8100,729649
result_SELECT_10_Heisenberg2D_cylinder_0.5_0.5_0,inner,2,naive,0,2,Proj,No_MSF,6660,15572
result_SELECT_10_Heisenberg2D_cylinder_0.5_0.5_0,inner,2,naive,0,2,Proj,No_Top,6660,33396
result_SELECT_10_Heisenberg2D_cylinder_0.5_0.5_0,inner,2,naive,0,2,Double,No_Kink,7537,689649
result_SELECT_10_Heisenberg2D_cylinder_0.5_0.5_0,inner,2,naive,0,2,Single,No_MSF,8099,633840
result_SELECT_10_Heisenberg2D_cylinder_0.5_0.5_0,inner,2,naive,0,2,Double,Yes_Kink,7537,686161
result_SELECT_10_Heisenberg2D_cylinder_0.5_0.5_0,inner,2,naive,0,2,Single,No_Top,8101,651668
result_SELECT_10_Heisenberg2D_cylinder_0.5_0.5_0,inner,2,SA,1,0,Proj,No_Kink,6662,2123778
result_SELECT_10_Heisenberg2D_cylinder_0.5_0.5_0,inner,2,random,0,0,Double,No_MSF,7536,589658
result_SELECT_10_Heisenberg2D_cylinder_0.5_0.5_0,inner,2,naive,0,2,Single,No_Kink,8101,720049
result_SELECT_10_Heisenberg2D_cylinder_0.5_0.5_0,inner,2,SA,1,0,Proj,Yes_Kink,6662,2042288
result_SELECT_10_Heisenberg2D_cylinder_0.5_0.5_0,inner,2,random,0,0,Double,No_Top,7536,607482
result_SELECT_10_Heisenberg2D_cylinder_0.5_0.5_0,inner,2,naive,0,2,Single,Yes_Kink,8101,729925
result_SELECT_10_Heisenberg2D_cylinder_0.5_0.5_0,inner,2,random,0,0,Proj,No_MSF,6660,15572
result_SELECT_10_Heisenberg2D_cylinder_0.5_0.5_0,inner,2,random,0,0,Proj,No_Top,6660,33396
result_SELECT_10_Heisenberg2D_cylinder_0.5_0.5_0,inner,2,random,0,0,Double,No_Kink,7536,732492
result_SELECT_10_Heisenberg2D_cylinder_0.5_0.5_0,inner,2,SA,1,1,Proj,Yes_Kink,6665,2095066
result_SELECT_10_Heisenberg2D_cylinder_0.5_0.5_0,inner,2,random,0,0,Single,No_MSF,8099,633840
result_SELECT_10_Heisenberg2D_cylinder_0.5_0.5_0,inner,2,random,0,0,Double,Yes_Kink,7814,752305
result_SELECT_10_Heisenberg2D_cylinder_0.5_0.5_0,inner,2,random,0,0,Single,No_Top,8099,651664
result_SELECT_10_Heisenberg2D_cylinder_0.5_0.5_0,inner,2,random,0,1,Double,No_MSF,7536,589658
result_SELECT_10_Heisenberg2D_cylinder_0.5_0.5_0,inner,2,random,0,1,Double,No_Top,7536,607482
result_SELECT_10_Heisenberg2D_cylinder_0.5_0.5_0,inner,2,random,0,0,Single,No_Kink,8099,764302
result_SELECT_10_Heisenberg2D_cylinder_0.5_0.5_0,inner,2,SA,1,1,Proj,No_Kink,6664,2147480
result_SELECT_10_Heisenberg2D_cylinder_0.5_0.5_0,inner,2,random,0,1,Proj,No_MSF,6660,15572
result_SELECT_10_Heisenberg2D_cylinder_0.5_0.5_0,inner,2,random,0,0,Single,Yes_Kink,8105,769719
result_SELECT_10_Heisenberg2D_cylinder_0.5_0.5_0,inner,2,random,0,1,Double,No_Kink,7536,732504
result_SELECT_10_Heisenberg2D_cylinder_0.5_0.5_0,inner,2,random,0,1,Proj,No_Top,6660,33396
result_SELECT_10_Heisenberg2D_cylinder_0.5_0.5_0,inner,2,random,0,1,Double,Yes_Kink,7814,752321
result_SELECT_10_Heisenberg2D_cylinder_0.5_0.5_0,inner,2,random,0,1,Single,No_MSF,8099,633840
result_SELECT_10_Heisenberg2D_cylinder_0.5_0.5_0,inner,2,random,0,1,Single,No_Top,8100,651666
result_SELECT_10_Heisenberg2D_cylinder_0.5_0.5_0,inner,2,random,0,2,Double,No_MSF,7536,589658
result_SELECT_10_Heisenberg2D_cylinder_0.5_0.5_0,inner,2,SA,1,2,Proj,No_Kink,6665,2156335
result_SELECT_10_Heisenberg2D_cylinder_0.5_0.5_0,inner,2,SA,1,2,Proj,Yes_Kink,6664,2085212
result_SELECT_10_Heisenberg2D_cylinder_0.5_0.5_0,inner,2,random,0,1,Single,No_Kink,8100,764304
result_SELECT_10_Heisenberg2D_cylinder_0.5_0.5_0,inner,2,random,0,2,Double,No_Top,7537,607484
result_SELECT_10_Heisenberg2D_cylinder_0.5_0.5_0,inner,2,random,0,2,Proj,No_MSF,6660,15572
result_SELECT_10_Heisenberg2D_cylinder_0.5_0.5_0,inner,2,random,0,1,Single,Yes_Kink,8106,769721
result_SELECT_10_Heisenberg2D_cylinder_0.5_0.5_0,inner,2,random,0,2,Proj,No_Top,6660,33396
result_SELECT_10_Heisenberg2D_cylinder_0.5_0.5_0,inner,2,random,0,2,Double,No_Kink,7537,734674
result_SELECT_10_Heisenberg2D_cylinder_0.5_0.5_0,inner,2,random,0,2,Single,No_MSF,8099,633840
result_SELECT_10_Heisenberg2D_cylinder_0.5_0.5_0,inner,2,random,0,2,Single,No_Top,8101,651668
result_SELECT_10_Heisenberg2D_cylinder_0.5_0.5_0,inner,2,random,0,2,Double,Yes_Kink,7815,752555
result_SELECT_10_Heisenberg2D_cylinder_0.5_0.5_0,outer,1,SA,0.001,0,Double,No_MSF,7536,589658
result_SELECT_10_Heisenberg2D_cylinder_0.5_0.5_0,inner,2,random,0,2,Single,No_Kink,8101,766535
result_SELECT_10_Heisenberg2D_cylinder_0.5_0.5_0,outer,1,SA,0.001,0,Double,No_Top,7536,607482
result_SELECT_10_Heisenberg2D_cylinder_0.5_0.5_0,outer,1,SA,0.001,0,Double,No_Kink,7536,714533
result_SELECT_10_Heisenberg2D_cylinder_0.5_0.5_0,inner,2,random,0,2,Single,Yes_Kink,8107,771949
result_SELECT_10_Heisenberg2D_cylinder_0.5_0.5_0,outer,1,SA,0.001,0,Proj,No_MSF,6660,15572
result_SELECT_10_Heisenberg2D_cylinder_0.5_0.5_0,inner,2,naive,0,0,Proj,No_Kink,6660,2265135
result_SELECT_10_Heisenberg2D_cylinder_0.5_0.5_0,outer,1,SA,0.001,0,Proj,No_Top,6660,33396
result_SELECT_10_Heisenberg2D_cylinder_0.5_0.5_0,outer,1,SA,0.001,0,Double,Yes_Kink,7536,713121
result_SELECT_10_Heisenberg2D_cylinder_0.5_0.5_0,outer,1,SA,0.001,0,Single,No_MSF,8099,633840
result_SELECT_10_Heisenberg2D_cylinder_0.5_0.5_0,inner,2,naive,0,0,Proj,Yes_Kink,6664,2244348
result_SELECT_10_Heisenberg2D_cylinder_0.5_0.5_0,outer,1,SA,0.001,0,Single,No_Top,8099,651664
result_SELECT_10_Heisenberg2D_cylinder_0.5_0.5_0,outer,1,SA,0.001,1,Double,No_MSF,7536,589658
result_SELECT_10_Heisenberg2D_cylinder_0.5_0.5_0,outer,1,SA,0.001,0,Single,No_Kink,8099,744538
result_SELECT_10_Heisenberg2D_cylinder_0.5_0.5_0,outer,1,SA,0.001,1,Double,No_Top,7536,607482
result_SELECT_10_Heisenberg2D_cylinder_0.5_0.5_0,outer,1,SA,0.001,1,Proj,No_MSF,6660,15572
result_SELECT_10_Heisenberg2D_cylinder_0.5_0.5_0,outer,1,SA,0.001,1,Double,No_Kink,7536,714543
result_SELECT_10_Heisenberg2D_cylinder_0.5_0.5_0,outer,1,SA,0.001,1,Proj,No_Top,6660,33396
result_SELECT_10_Heisenberg2D_cylinder_0.5_0.5_0,outer,1,SA,0.001,1,Double,Yes_Kink,7536,713782
result_SELECT_10_Heisenberg2D_cylinder_0.5_0.5_0,outer,1,SA,0.001,1,Single,No_MSF,8099,633840
result_SELECT_10_Heisenberg2D_cylinder_0.5_0.5_0,outer,1,SA,0.001,1,Single,No_Kink,8100,744536
result_SELECT_10_Heisenberg2D_cylinder_0.5_0.5_0,outer,1,SA,0.001,1,Single,No_Top,8100,651666
result_SELECT_10_Heisenberg2D_cylinder_0.5_0.5_0,inner,2,naive,0,1,Proj,No_Kink,6664,2323342
result_SELECT_10_Heisenberg2D_cylinder_0.5_0.5_0,outer,1,SA,0.001,2,Double,No_MSF,7536,589658
result_SELECT_10_Heisenberg2D_cylinder_0.5_0.5_0,inner,2,naive,0,1,Proj,Yes_Kink,6664,2262431
result_SELECT_10_Heisenberg2D_cylinder_0.5_0.5_0,outer,1,SA,0.001,2,Double,No_Top,7537,607484
result_SELECT_10_Heisenberg2D_cylinder_0.5_0.5_0,outer,1,SA,0.001,2,Double,No_Kink,7537,714628
result_SELECT_10_Heisenberg2D_cylinder_0.5_0.5_0,outer,1,SA,0.001,2,Proj,No_MSF,6660,15572
result_SELECT_10_Heisenberg2D_cylinder_0.5_0.5_0,inner,2,naive,0,2,Proj,No_Kink,6664,2240460
result_SELECT_10_Heisenberg2D_cylinder_0.5_0.5_0,inner,2,naive,0,2,Proj,Yes_Kink,6663,2233628
result_SELECT_10_Heisenberg2D_cylinder_0.5_0.5_0,outer,1,SA,0.001,2,Proj,No_Top,6660,33396
result_SELECT_10_Heisenberg2D_cylinder_0.5_0.5_0,outer,1,SA,0.001,2,Double,Yes_Kink,7537,713210
result_SELECT_10_Heisenberg2D_cylinder_0.5_0.5_0,outer,1,SA,0.001,2,Single,No_MSF,8099,633840
result_SELECT_10_Heisenberg2D_cylinder_0.5_0.5_0,outer,1,SA,0.001,2,Single,No_Top,8101,651668
result_SELECT_10_Heisenberg2D_cylinder_0.5_0.5_0,outer,1,SA,0.01,0,Double,No_MSF,7536,589658
result_SELECT_10_Heisenberg2D_cylinder_0.5_0.5_0,outer,1,SA,0.01,0,Double,No_Top,7536,607482
result_SELECT_10_Heisenberg2D_cylinder_0.5_0.5_0,outer,1,SA,0.001,2,Single,No_Kink,8101,744548
result_SELECT_10_Heisenberg2D_cylinder_0.5_0.5_0,outer,1,SA,0.01,0,Double,No_Kink,7536,713715
result_SELECT_10_Heisenberg2D_cylinder_0.5_0.5_0,outer,1,SA,0.01,0,Proj,No_MSF,6660,15572
result_SELECT_10_Heisenberg2D_cylinder_0.5_0.5_0,outer,1,SA,0.01,0,Proj,No_Top,6660,33396
result_SELECT_10_Heisenberg2D_cylinder_0.5_0.5_0,outer,1,SA,0.01,0,Double,Yes_Kink,7536,711535
result_SELECT_10_Heisenberg2D_cylinder_0.5_0.5_0,outer,1,SA,0.01,0,Single,No_MSF,8099,633840
result_SELECT_10_Heisenberg2D_cylinder_0.5_0.5_0,outer,1,SA,0.01,0,Single,No_Top,8099,651664
result_SELECT_10_Heisenberg2D_cylinder_0.5_0.5_0,outer,1,SA,0.01,0,Single,No_Kink,8099,744428
result_SELECT_10_Heisenberg2D_cylinder_0.5_0.5_0,outer,1,SA,0.01,1,Double,No_MSF,7536,589658
result_SELECT_10_Heisenberg2D_cylinder_0.5_0.5_0,outer,1,SA,0.01,1,Double,No_Top,7536,607482
result_SELECT_10_Heisenberg2D_cylinder_0.5_0.5_0,outer,1,SA,0.01,1,Double,No_Kink,7536,713725
result_SELECT_10_Heisenberg2D_cylinder_0.5_0.5_0,outer,1,SA,0.01,1,Double,Yes_Kink,7536,712091
result_SELECT_10_Heisenberg2D_cylinder_0.5_0.5_0,inner,2,random,0,0,Proj,No_Kink,6666,2732634
result_SELECT_10_Heisenberg2D_cylinder_0.5_0.5_0,outer,1,SA,0.01,1,Proj,No_MSF,6660,15572
result_SELECT_10_Heisenberg2D_cylinder_0.5_0.5_0,inner,2,random,0,0,Proj,Yes_Kink,6667,2716810
result_SELECT_10_Heisenberg2D_cylinder_0.5_0.5_0,outer,1,SA,0.01,1,Proj,No_Top,6660,33396
result_SELECT_10_Heisenberg2D_cylinder_0.5_0.5_0,outer,1,SA,0.01,1,Single,No_MSF,8099,633840
result_SELECT_10_Heisenberg2D_cylinder_0.5_0.5_0,outer,1,SA,0.01,1,Single,No_Top,8100,651666
result_SELECT_10_Heisenberg2D_cylinder_0.5_0.5_0,outer,1,SA,0.01,1,Single,No_Kink,8100,744430
result_SELECT_10_Heisenberg2D_cylinder_0.5_0.5_0,outer,1,SA,0.01,2,Double,No_MSF,7536,589658
result_SELECT_10_Heisenberg2D_cylinder_0.5_0.5_0,inner,2,random,0,1,Proj,Yes_Kink,6666,2708164
result_SELECT_10_Heisenberg2D_cylinder_0.5_0.5_0,outer,1,SA,0.01,2,Double,No_Top,7537,607484
result_SELECT_10_Heisenberg2D_cylinder_0.5_0.5_0,outer,1,SA,0.01,2,Double,No_Kink,7537,713898
result_SELECT_10_Heisenberg2D_cylinder_0.5_0.5_0,outer,1,SA,0.01,2,Proj,No_MSF,6660,15572
result_SELECT_10_Heisenberg2D_cylinder_0.5_0.5_0,outer,1,SA,0.01,2,Double,Yes_Kink,7537,711706
result_SELECT_10_Heisenberg2D_cylinder_0.5_0.5_0,outer,1,SA,0.01,2,Proj,No_Top,6660,33396
result_SELECT_10_Heisenberg2D_cylinder_0.5_0.5_0,inner,2,random,0,2,Proj,Yes_Kink,6665,2664206
result_SELECT_10_Heisenberg2D_cylinder_0.5_0.5_0,inner,2,random,0,2,Proj,No_Kink,6665,2728863
result_SELECT_10_Heisenberg2D_cylinder_0.5_0.5_0,outer,1,SA,0.01,2,Single,No_MSF,8099,633840
result_SELECT_10_Heisenberg2D_cylinder_0.5_0.5_0,inner,2,random,0,1,Proj,No_Kink,6664,2767640
result_SELECT_10_Heisenberg2D_cylinder_0.5_0.5_0,outer,1,SA,0.01,2,Single,No_Top,8101,651668
result_SELECT_10_Heisenberg2D_cylinder_0.5_0.5_0,outer,1,SA,0.1,0,Double,No_MSF,7536,589658
result_SELECT_10_Heisenberg2D_cylinder_0.5_0.5_0,outer,1,SA,0.01,2,Single,No_Kink,8101,744432
result_SELECT_10_Heisenberg2D_cylinder_0.5_0.5_0,outer,1,SA,0.1,0,Double,No_Top,7536,607482
result_SELECT_10_Heisenberg2D_cylinder_0.5_0.5_0,outer,1,SA,0.001,0,Proj,Yes_Kink,6665,2510453
result_SELECT_10_Heisenberg2D_cylinder_0.5_0.5_0,outer,1,SA,0.1,0,Double,No_Kink,7536,707122
result_SELECT_10_Heisenberg2D_cylinder_0.5_0.5_0,outer,1,SA,0.1,0,Proj,No_MSF,6660,15572
result_SELECT_10_Heisenberg2D_cylinder_0.5_0.5_0,outer,1,SA,0.1,0,Proj,No_Top,6660,33396
result_SELECT_10_Heisenberg2D_cylinder_0.5_0.5_0,outer,1,SA,0.1,0,Double,Yes_Kink,7536,705014
result_SELECT_10_Heisenberg2D_cylinder_0.5_0.5_0,outer,1,SA,0.1,0,Single,No_MSF,8099,633840
result_SELECT_10_Heisenberg2D_cylinder_0.5_0.5_0,outer,1,SA,0.1,0,Single,No_Kink,8099,735297
result_SELECT_10_Heisenberg2D_cylinder_0.5_0.5_0,outer,1,SA,0.1,0,Single,No_Top,8099,651664
result_SELECT_10_Heisenberg2D_cylinder_0.5_0.5_0,outer,1,SA,0.001,0,Proj,No_Kink,6665,2554727
result_SELECT_10_Heisenberg2D_cylinder_0.5_0.5_0,outer,1,SA,0.001,1,Proj,No_Kink,6665,2542348
result_SELECT_10_Heisenberg2D_cylinder_0.5_0.5_0,outer,1,SA,0.1,1,Double,No_MSF,7536,589658
result_SELECT_10_Heisenberg2D_cylinder_0.5_0.5_0,outer,1,SA,0.1,1,Double,No_Top,7536,607482
result_SELECT_10_Heisenberg2D_cylinder_0.5_0.5_0,outer,1,SA,0.1,1,Double,No_Kink,7536,707132
result_SELECT_10_Heisenberg2D_cylinder_0.5_0.5_0,outer,1,SA,0.1,1,Proj,No_MSF,6660,15572
result_SELECT_10_Heisenberg2D_cylinder_0.5_0.5_0,outer,1,SA,0.1,1,Proj,No_Top,6660,33396
result_SELECT_10_Heisenberg2D_cylinder_0.5_0.5_0,outer,1,SA,0.1,1,Single,No_MSF,8099,633840
result_SELECT_10_Heisenberg2D_cylinder_0.5_0.5_0,outer,1,SA,0.1,1,Double,Yes_Kink,7536,704551
result_SELECT_10_Heisenberg2D_cylinder_0.5_0.5_0,outer,1,SA,0.1,1,Single,No_Top,8100,651666
result_SELECT_10_Heisenberg2D_cylinder_0.5_0.5_0,outer,1,SA,0.1,1,Single,No_Kink,8100,735294
result_SELECT_10_Heisenberg2D_cylinder_0.5_0.5_0,outer,1,SA,0.001,1,Proj,Yes_Kink,6662,2500479
result_SELECT_10_Heisenberg2D_cylinder_0.5_0.5_0,outer,1,SA,0.1,2,Double,No_MSF,7536,589658
result_SELECT_10_Heisenberg2D_cylinder_0.5_0.5_0,outer,1,SA,0.1,2,Double,No_Top,7537,607484
result_SELECT_10_Heisenberg2D_cylinder_0.5_0.5_0,outer,1,SA,0.1,2,Double,No_Kink,7537,707115
result_SELECT_10_Heisenberg2D_cylinder_0.5_0.5_0,outer,1,SA,0.1,2,Proj,No_MSF,6660,15572
result_SELECT_10_Heisenberg2D_cylinder_0.5_0.5_0,outer,1,SA,0.1,2,Proj,No_Top,6660,33396
result_SELECT_10_Heisenberg2D_cylinder_0.5_0.5_0,outer,1,SA,0.1,2,Double,Yes_Kink,7537,705216
result_SELECT_10_Heisenberg2D_cylinder_0.5_0.5_0,outer,1,SA,0.001,2,Proj,Yes_Kink,6665,2508304
result_SELECT_10_Heisenberg2D_cylinder_0.5_0.5_0,outer,1,SA,0.1,2,Single,No_MSF,8099,633840
result_SELECT_10_Heisenberg2D_cylinder_0.5_0.5_0,outer,1,SA,0.1,2,Single,No_Top,8101,651668
result_SELECT_10_Heisenberg2D_cylinder_0.5_0.5_0,outer,1,SA,0.1,2,Single,No_Kink,8101,735290
result_SELECT_10_Heisenberg2D_cylinder_0.5_0.5_0,outer,1,SA,1,0,Double,No_MSF,7536,589658
result_SELECT_10_Heisenberg2D_cylinder_0.5_0.5_0,outer,1,SA,1,0,Double,No_Top,7536,607482
result_SELECT_10_Heisenberg2D_cylinder_0.5_0.5_0,outer,1,SA,0.01,0,Proj,Yes_Kink,6664,2481730
result_SELECT_10_Heisenberg2D_cylinder_0.5_0.5_0,outer,1,SA,0.01,0,Proj,No_Kink,6666,2536088
result_SELECT_10_Heisenberg2D_cylinder_0.5_0.5_0,outer,1,SA,1,0,Double,No_Kink,7536,685269
result_SELECT_10_Heisenberg2D_cylinder_0.5_0.5_0,outer,1,SA,0.001,2,Proj,No_Kink,6665,2540137
result_SELECT_10_Heisenberg2D_cylinder_0.5_0.5_0,outer,1,SA,1,0,Proj,No_MSF,6660,15572
result_SELECT_10_Heisenberg2D_cylinder_0.5_0.5_0,outer,1,SA,1,0,Double,Yes_Kink,7536,685071
result_SELECT_10_Heisenberg2D_cylinder_0.5_0.5_0,outer,1,SA,1,0,Proj,No_Top,6660,33396
result_SELECT_10_Heisenberg2D_cylinder_0.5_0.5_0,outer,1,SA,1,0,Single,No_MSF,8099,633840
result_SELECT_10_Heisenberg2D_cylinder_0.5_0.5_0,outer,1,SA,1,0,Single,No_Top,8099,651664
result_SELECT_10_Heisenberg2D_cylinder_0.5_0.5_0,outer,1,SA,1,1,Double,No_MSF,7536,589658
result_SELECT_10_Heisenberg2D_cylinder_0.5_0.5_0,outer,1,SA,1,0,Single,No_Kink,8099,715484
result_SELECT_10_Heisenberg2D_cylinder_0.5_0.5_0,outer,1,SA,1,1,Double,No_Top,7536,607482
result_SELECT_10_Heisenberg2D_cylinder_0.5_0.5_0,outer,1,SA,1,1,Double,No_Kink,7536,685279
result_SELECT_10_Heisenberg2D_cylinder_0.5_0.5_0,outer,1,SA,1,1,Proj,No_MSF,6660,15572
result_SELECT_10_Heisenberg2D_cylinder_0.5_0.5_0,outer,1,SA,1,1,Proj,No_Top,6660,33396
result_SELECT_10_Heisenberg2D_cylinder_0.5_0.5_0,outer,1,SA,1,1,Double,Yes_Kink,7536,685089
result_SELECT_10_Heisenberg2D_cylinder_0.5_0.5_0,outer,1,SA,1,1,Single,No_MSF,8099,633840
result_SELECT_10_Heisenberg2D_cylinder_0.5_0.5_0,outer,1,SA,1,1,Single,No_Kink,8100,715486
result_SELECT_10_Heisenberg2D_cylinder_0.5_0.5_0,outer,1,SA,1,1,Single,No_Top,8100,651666
result_SELECT_10_Heisenberg2D_cylinder_0.5_0.5_0,outer,1,SA,0.01,1,Proj,No_Kink,6667,2488814
result_SELECT_10_Heisenberg2D_cylinder_0.5_0.5_0,outer,1,SA,1,2,Double,No_MSF,7536,589658
result_SELECT_10_Heisenberg2D_cylinder_0.5_0.5_0,outer,1,SA,1,2,Double,No_Top,7537,607484
result_SELECT_10_Heisenberg2D_cylinder_0.5_0.5_0,outer,1,SA,1,2,Double,No_Kink,7537,687382
result_SELECT_10_Heisenberg2D_cylinder_0.5_0.5_0,outer,1,SA,0.01,1,Proj,Yes_Kink,6666,2471087
result_SELECT_10_Heisenberg2D_cylinder_0.5_0.5_0,outer,1,SA,1,2,Proj,No_MSF,6660,15572
result_SELECT_10_Heisenberg2D_cylinder_0.5_0.5_0,outer,1,SA,1,2,Double,Yes_Kink,7537,686149
result_SELECT_10_Heisenberg2D_cylinder_0.5_0.5_0,outer,1,SA,1,2,Proj,No_Top,6660,33396
result_SELECT_10_Heisenberg2D_cylinder_0.5_0.5_0,outer,1,SA,1,2,Single,No_MSF,8099,633840
result_SELECT_10_Heisenberg2D_cylinder_0.5_0.5_0,outer,1,SA,1,2,Single,No_Kink,8101,717568
result_SELECT_10_Heisenberg2D_cylinder_0.5_0.5_0,outer,1,SA,1,2,Single,No_Top,8101,651668
result_SELECT_10_Heisenberg2D_cylinder_0.5_0.5_0,outer,1,naive,0,0,Double,No_MSF,7536,589658
result_SELECT_10_Heisenberg2D_cylinder_0.5_0.5_0,outer,1,naive,0,0,Double,No_Kink,7536,705066
result_SELECT_10_Heisenberg2D_cylinder_0.5_0.5_0,outer,1,SA,0.01,2,Proj,No_Kink,6665,2525729
result_SELECT_10_Heisenberg2D_cylinder_0.5_0.5_0,outer,1,naive,0,0,Double,No_Top,7536,607482
result_SELECT_10_Heisenberg2D_cylinder_0.5_0.5_0,outer,1,naive,0,0,Proj,No_MSF,6660,15572
result_SELECT_10_Heisenberg2D_cylinder_0.5_0.5_0,outer,1,SA,0.01,2,Proj,Yes_Kink,6666,2492469
result_SELECT_10_Heisenberg2D_cylinder_0.5_0.5_0,outer,1,naive,0,0,Double,Yes_Kink,7536,703132
result_SELECT_10_Heisenberg2D_cylinder_0.5_0.5_0,outer,1,SA,0.1,0,Proj,Yes_Kink,6661,2392523
result_SELECT_10_Heisenberg2D_cylinder_0.5_0.5_0,outer,1,naive,0,0,Proj,No_Top,6660,33396
result_SELECT_10_Heisenberg2D_cylinder_0.5_0.5_0,outer,1,naive,0,0,Single,No_MSF,8099,633840
result_SELECT_10_Heisenberg2D_cylinder_0.5_0.5_0,outer,1,naive,0,0,Single,No_Kink,8099,737198
result_SELECT_10_Heisenberg2D_cylinder_0.5_0.5_0,outer,1,SA,0.1,0,Proj,No_Kink,6662,2405148
result_SELECT_10_Heisenberg2D_cylinder_0.5_0.5_0,outer,1,naive,0,0,Single,No_Top,8099,651664
result_SELECT_10_Heisenberg2D_cylinder_0.5_0.5_0,outer,1,naive,0,1,Double,No_MSF,7536,589658
result_SELECT_10_Heisenberg2D_cylinder_0.5_0.5_0,outer,1,naive,0,1,Double,No_Top,7536,607482
result_SELECT_10_Heisenberg2D_cylinder_0.5_0.5_0,outer,1,naive,0,1,Proj,No_MSF,6660,15572
result_SELECT_10_Heisenberg2D_cylinder_0.5_0.5_0,outer,1,naive,0,1,Double,No_Kink,7536,705080
result_SELECT_10_Heisenberg2D_cylinder_0.5_0.5_0,outer,1,SA,0.1,1,Proj,No_Kink,6661,2459630
result_SELECT_10_Heisenberg2D_cylinder_0.5_0.5_0,outer,1,naive,0,1,Proj,No_Top,6660,33396
result_SELECT_10_Heisenberg2D_cylinder_0.5_0.5_0,outer,1,SA,0.1,1,Proj,Yes_Kink,6661,2385087
result_SELECT_10_Heisenberg2D_cylinder_0.5_0.5_0,outer,1,naive,0,1,Double,Yes_Kink,7536,703081
result_SELECT_10_Heisenberg2D_cylinder_0.5_0.5_0,outer,1,naive,0,1,Single,No_MSF,8099,633840
result_SELECT_10_Heisenberg2D_cylinder_0.5_0.5_0,outer,1,naive,0,1,Single,No_Top,8100,651666
result_SELECT_10_Heisenberg2D_cylinder_0.5_0.5_0,outer,1,naive,0,2,Double,No_MSF,7536,589658
result_SELECT_10_Heisenberg2D_cylinder_0.5_0.5_0,outer,1,naive,0,1,Single,No_Kink,8100,737200
result_SELECT_10_Heisenberg2D_cylinder_0.5_0.5_0,outer,1,naive,0,2,Double,No_Top,7537,607484
result_SELECT_10_Heisenberg2D_cylinder_0.5_0.5_0,outer,1,naive,0,2,Double,No_Kink,7537,705194
result_SELECT_10_Heisenberg2D_cylinder_0.5_0.5_0,outer,1,naive,0,2,Proj,No_MSF,6660,15572
result_SELECT_10_Heisenberg2D_cylinder_0.5_0.5_0,outer,1,SA,0.1,2,Proj,No_Kink,6661,2408997
result_SELECT_10_Heisenberg2D_cylinder_0.5_0.5_0,outer,1,naive,0,2,Proj,No_Top,6660,33396
result_SELECT_10_Heisenberg2D_cylinder_0.5_0.5_0,outer,1,SA,0.1,2,Proj,Yes_Kink,6663,2382656
result_SELECT_10_Heisenberg2D_cylinder_0.5_0.5_0,outer,1,naive,0,2,Double,Yes_Kink,7537,703305
result_SELECT_10_Heisenberg2D_cylinder_0.5_0.5_0,outer,1,naive,0,2,Single,No_MSF,8099,633840
result_SELECT_10_Heisenberg2D_cylinder_0.5_0.5_0,outer,1,random,0,0,Double,No_MSF,7536,589658
result_SELECT_10_Heisenberg2D_cylinder_0.5_0.5_0,outer,1,naive,0,2,Single,No_Kink,8101,737370
result_SELECT_10_Heisenberg2D_cylinder_0.5_0.5_0,outer,1,naive,0,2,Single,No_Top,8101,651668
result_SELECT_10_Heisenberg2D_cylinder_0.5_0.5_0,outer,1,random,0,0,Double,No_Top,7536,607482
result_SELECT_10_Heisenberg2D_cylinder_0.5_0.5_0,outer,1,random,0,0,Proj,No_MSF,6660,15572
result_SELECT_10_Heisenberg2D_cylinder_0.5_0.5_0,outer,1,random,0,0,Proj,No_Top,6660,33396
result_SELECT_10_Heisenberg2D_cylinder_0.5_0.5_0,outer,1,random,0,0,Double,Yes_Kink,7536,767570
result_SELECT_10_Heisenberg2D_cylinder_0.5_0.5_0,outer,1,random,0,0,Double,No_Kink,7536,767122
result_SELECT_10_Heisenberg2D_cylinder_0.5_0.5_0,outer,1,SA,1,1,Proj,Yes_Kink,6661,2199452
result_SELECT_10_Heisenberg2D_cylinder_0.5_0.5_0,outer,1,random,0,0,Single,No_MSF,8099,633840
result_SELECT_10_Heisenberg2D_cylinder_0.5_0.5_0,outer,1,random,0,0,Single,No_Top,8099,651664
result_SELECT_10_Heisenberg2D_cylinder_0.5_0.5_0,outer,1,random,0,1,Double,No_MSF,7536,589658
result_SELECT_10_Heisenberg2D_cylinder_0.5_0.5_0,outer,1,random,0,0,Single,No_Kink,8099,798802
result_SELECT_10_Heisenberg2D_cylinder_0.5_0.5_0,outer,1,random,0,1,Double,No_Top,7536,607482
result_SELECT_10_Heisenberg2D_cylinder_0.5_0.5_0,outer,1,SA,1,0,Proj,No_Kink,6660,2261321
result_SELECT_10_Heisenberg2D_cylinder_0.5_0.5_0,outer,1,SA,1,0,Proj,Yes_Kink,6660,2223523
result_SELECT_10_Heisenberg2D_cylinder_0.5_0.5_0,outer,1,random,0,1,Proj,No_MSF,6660,15572
result_SELECT_10_Heisenberg2D_cylinder_0.5_0.5_0,outer,1,random,0,1,Proj,No_Top,6660,33396
result_SELECT_10_Heisenberg2D_cylinder_0.5_0.5_0,outer,1,random,0,1,Double,No_Kink,7536,767132
result_SELECT_10_Heisenberg2D_cylinder_0.5_0.5_0,outer,1,SA,1,2,Proj,No_Kink,6660,2213689
result_SELECT_10_Heisenberg2D_cylinder_0.5_0.5_0,outer,1,random,0,1,Single,No_MSF,8099,633840
result_SELECT_10_Heisenberg2D_cylinder_0.5_0.5_0,outer,1,random,0,1,Double,Yes_Kink,7536,767580
result_SELECT_10_Heisenberg2D_cylinder_0.5_0.5_0,outer,1,SA,1,1,Proj,No_Kink,6661,2239461
result_SELECT_10_Heisenberg2D_cylinder_0.5_0.5_0,outer,1,random,0,1,Single,No_Top,8100,651666
result_SELECT_10_Heisenberg2D_cylinder_0.5_0.5_0,outer,1,SA,1,2,Proj,Yes_Kink,6660,2225889
result_SELECT_10_Heisenberg2D_cylinder_0.5_0.5_0,outer,1,random,0,2,Double,No_MSF,7536,589658
result_SELECT_10_Heisenberg2D_cylinder_0.5_0.5_0,outer,1,random,0,2,Double,No_Top,7537,607484
result_SELECT_10_Heisenberg2D_cylinder_0.5_0.5_0,outer,1,random,0,1,Single,No_Kink,8100,798804
result_SELECT_10_Heisenberg2D_cylinder_0.5_0.5_0,outer,1,random,0,2,Proj,No_MSF,6660,15572
result_SELECT_10_Heisenberg2D_cylinder_0.5_0.5_0,outer,1,random,0,2,Proj,No_Top,6660,33396
result_SELECT_10_Heisenberg2D_cylinder_0.5_0.5_0,outer,1,random,0,2,Double,No_Kink,7537,769349
result_SELECT_10_Heisenberg2D_cylinder_0.5_0.5_0,outer,1,random,0,2,Single,No_MSF,8099,633840
result_SELECT_10_Heisenberg2D_cylinder_0.5_0.5_0,outer,1,random,0,2,Double,Yes_Kink,7537,768687
result_SELECT_10_Heisenberg2D_cylinder_0.5_0.5_0,outer,1,random,0,2,Single,No_Top,8101,651668
result_SELECT_10_Heisenberg2D_cylinder_0.5_0.5_0,outer,2,SA,0.001,0,Double,No_MSF,7536,589658
result_SELECT_10_Heisenberg2D_cylinder_0.5_0.5_0,outer,1,random,0,2,Single,No_Kink,8101,801058
result_SELECT_10_Heisenberg2D_cylinder_0.5_0.5_0,outer,2,SA,0.001,0,Double,No_Top,7536,607482
result_SELECT_10_Heisenberg2D_cylinder_0.5_0.5_0,outer,2,SA,0.001,0,Double,No_Kink,7536,691601
result_SELECT_10_Heisenberg2D_cylinder_0.5_0.5_0,outer,2,SA,0.001,0,Proj,No_MSF,6660,15572
result_SELECT_10_Heisenberg2D_cylinder_0.5_0.5_0,outer,2,SA,0.001,0,Proj,No_Top,6660,33396
result_SELECT_10_Heisenberg2D_cylinder_0.5_0.5_0,outer,2,SA,0.001,0,Double,Yes_Kink,7536,687453
result_SELECT_10_Heisenberg2D_cylinder_0.5_0.5_0,outer,1,naive,0,0,Proj,Yes_Kink,6663,2402656
result_SELECT_10_Heisenberg2D_cylinder_0.5_0.5_0,outer,2,SA,0.001,0,Single,No_MSF,8099,633840
result_SELECT_10_Heisenberg2D_cylinder_0.5_0.5_0,outer,1,naive,0,0,Proj,No_Kink,6661,2417110
result_SELECT_10_Heisenberg2D_cylinder_0.5_0.5_0,outer,2,SA,0.001,0,Single,No_Top,8099,651664
result_SELECT_10_Heisenberg2D_cylinder_0.5_0.5_0,outer,2,SA,0.001,0,Single,No_Kink,8099,723091
result_SELECT_10_Heisenberg2D_cylinder_0.5_0.5_0,outer,2,SA,0.001,1,Double,No_MSF,7536,589658
result_SELECT_10_Heisenberg2D_cylinder_0.5_0.5_0,outer,2,SA,0.001,1,Double,No_Top,7536,607482
result_SELECT_10_Heisenberg2D_cylinder_0.5_0.5_0,outer,2,SA,0.001,0,Single,Yes_Kink,8099,735001
result_SELECT_10_Heisenberg2D_cylinder_0.5_0.5_0,outer,2,SA,0.001,1,Double,No_Kink,7536,691612
result_SELECT_10_Heisenberg2D_cylinder_0.5_0.5_0,outer,2,SA,0.001,1,Proj,No_MSF,6660,15572
result_SELECT_10_Heisenberg2D_cylinder_0.5_0.5_0,outer,2,SA,0.001,1,Proj,No_Top,6660,33396
result_SELECT_10_Heisenberg2D_cylinder_0.5_0.5_0,outer,1,naive,0,1,Proj,No_Kink,6660,2436424
result_SELECT_10_Heisenberg2D_cylinder_0.5_0.5_0,outer,2,SA,0.001,1,Double,Yes_Kink,7536,687866
result_SELECT_10_Heisenberg2D_cylinder_0.5_0.5_0,outer,2,SA,0.001,1,Single,No_MSF,8099,633840
result_SELECT_10_Heisenberg2D_cylinder_0.5_0.5_0,outer,2,SA,0.001,1,Single,No_Top,8100,651666
result_SELECT_10_Heisenberg2D_cylinder_0.5_0.5_0,outer,2,SA,0.001,1,Single,No_Kink,8100,723093
result_SELECT_10_Heisenberg2D_cylinder_0.5_0.5_0,outer,2,SA,0.001,2,Double,No_MSF,7536,589658
result_SELECT_10_Heisenberg2D_cylinder_0.5_0.5_0,outer,2,SA,0.001,1,Single,Yes_Kink,8100,735003
result_SELECT_10_Heisenberg2D_cylinder_0.5_0.5_0,outer,2,SA,0.001,2,Double,No_Kink,7537,691756
result_SELECT_10_Heisenberg2D_cylinder_0.5_0.5_0,outer,2,SA,0.001,2,Double,No_Top,7537,607484
result_SELECT_10_Heisenberg2D_cylinder_0.5_0.5_0,outer,1,naive,0,1,Proj,Yes_Kink,6663,2402705
result_SELECT_10_Heisenberg2D_cylinder_0.5_0.5_0,outer,2,SA,0.001,2,Proj,No_MSF,6660,15572
result_SELECT_10_Heisenberg2D_cylinder_0.5_0.5_0,outer,2,SA,0.001,2,Proj,No_Top,6660,33396
result_SELECT_10_Heisenberg2D_cylinder_0.5_0.5_0,outer,1,naive,0,2,Proj,No_Kink,6664,2422856
result_SELECT_10_Heisenberg2D_cylinder_0.5_0.5_0,outer,2,SA,0.001,2,Double,Yes_Kink,7537,687558
result_SELECT_10_Heisenberg2D_cylinder_0.5_0.5_0,outer,1,naive,0,2,Proj,Yes_Kink,6664,2380777
result_SELECT_10_Heisenberg2D_cylinder_0.5_0.5_0,outer,2,SA,0.001,2,Single,No_MSF,8099,633840
result_SELECT_10_Heisenberg2D_cylinder_0.5_0.5_0,outer,2,SA,0.001,2,Single,No_Top,8101,651668
result_SELECT_10_Heisenberg2D_cylinder_0.5_0.5_0,outer,2,SA,0.001,2,Single,No_Kink,8101,723109
result_SELECT_10_Heisenberg2D_cylinder_0.5_0.5_0,outer,2,SA,0.01,0,Double,No_MSF,7536,589658
result_SELECT_10_Heisenberg2D_cylinder_0.5_0.5_0,outer,2,SA,0.01,0,Double,No_Top,7536,607482
result_SELECT_10_Heisenberg2D_cylinder_0.5_0.5_0,outer,2,SA,0.001,2,Single,Yes_Kink,8101,735019
result_SELECT_10_Heisenberg2D_cylinder_0.5_0.5_0,outer,2,SA,0.01,0,Double,No_Kink,7536,697676
result_SELECT_10_Heisenberg2D_cylinder_0.5_0.5_0,outer,2,SA,0.01,0,Proj,No_Top,6660,33396
result_SELECT_10_Heisenberg2D_cylinder_0.5_0.5_0,outer,2,SA,0.01,0,Proj,No_MSF,6660,15572
result_SELECT_10_Heisenberg2D_cylinder_0.5_0.5_0,outer,2,SA,0.01,0,Double,Yes_Kink,7536,693055
result_SELECT_10_Heisenberg2D_cylinder_0.5_0.5_0,outer,2,SA,0.01,0,Single,No_MSF,8099,633840
result_SELECT_10_Heisenberg2D_cylinder_0.5_0.5_0,outer,2,SA,0.01,0,Single,No_Top,8099,651664
result_SELECT_10_Heisenberg2D_cylinder_0.5_0.5_0,outer,2,SA,0.01,0,Single,No_Kink,8099,726889
result_SELECT_10_Heisenberg2D_cylinder_0.5_0.5_0,outer,2,SA,0.01,0,Single,Yes_Kink,8099,736778
result_SELECT_10_Heisenberg2D_cylinder_0.5_0.5_0,outer,2,SA,0.01,1,Double,No_Kink,7536,697682
result_SELECT_10_Heisenberg2D_cylinder_0.5_0.5_0,outer,2,SA,0.01,1,Double,No_MSF,7536,589658
result_SELECT_10_Heisenberg2D_cylinder_0.5_0.5_0,outer,1,random,0,0,Proj,No_Kink,6660,2732757
result_SELECT_10_Heisenberg2D_cylinder_0.5_0.5_0,outer,1,random,0,0,Proj,Yes_Kink,6660,2667703
result_SELECT_10_Heisenberg2D_cylinder_0.5_0.5_0,outer,2,SA,0.01,1,Double,No_Top,7536,607482
result_SELECT_10_Heisenberg2D_cylinder_0.5_0.5_0,outer,2,SA,0.01,1,Proj,No_MSF,6660,15572
result_SELECT_10_Heisenberg2D_cylinder_0.5_0.5_0,outer,2,SA,0.01,1,Proj,No_Top,6660,33396
result_SELECT_10_Heisenberg2D_cylinder_0.5_0.5_0,outer,2,SA,0.01,1,Double,Yes_Kink,7536,692491
result_SELECT_10_Heisenberg2D_cylinder_0.5_0.5_0,outer,2,SA,0.01,1,Single,No_MSF,8099,633840
result_SELECT_10_Heisenberg2D_cylinder_0.5_0.5_0,outer,2,SA,0.01,1,Single,No_Top,8100,651666
result_SELECT_10_Heisenberg2D_cylinder_0.5_0.5_0,outer,2,SA,0.01,1,Single,No_Kink,8100,726881
result_SELECT_10_Heisenberg2D_cylinder_0.5_0.5_0,outer,2,SA,0.01,1,Single,Yes_Kink,8100,736770
result_SELECT_10_Heisenberg2D_cylinder_0.5_0.5_0,outer,2,SA,0.01,2,Double,No_Kink,7537,697489
result_SELECT_10_Heisenberg2D_cylinder_0.5_0.5_0,outer,1,random,0,1,Proj,No_Kink,6660,2728958
result_SELECT_10_Heisenberg2D_cylinder_0.5_0.5_0,outer,2,SA,0.01,2,Double,No_MSF,7536,589658
result_SELECT_10_Heisenberg2D_cylinder_0.5_0.5_0,outer,2,SA,0.001,0,Proj,No_Kink,6661,2318059
result_SELECT_10_Heisenberg2D_cylinder_0.5_0.5_0,outer,2,SA,0.01,2,Double,No_Top,7537,607484
result_SELECT_10_Heisenberg2D_cylinder_0.5_0.5_0,outer,2,SA,0.01,2,Proj,No_MSF,6660,15572
result_SELECT_10_Heisenberg2D_cylinder_0.5_0.5_0,outer,2,SA,0.01,2,Double,Yes_Kink,7537,692285
result_SELECT_10_Heisenberg2D_cylinder_0.5_0.5_0,outer,2,SA,0.01,2,Proj,No_Top,6660,33396
result_SELECT_10_Heisenberg2D_cylinder_0.5_0.5_0,outer,2,SA,0.001,0,Proj,Yes_Kink,6660,2245515
result_SELECT_10_Heisenberg2D_cylinder_0.5_0.5_0,outer,2,SA,0.01,2,Single,No_MSF,8099,633840
result_SELECT_10_Heisenberg2D_cylinder_0.5_0.5_0,outer,2,SA,0.01,2,Single,No_Top,8101,651668
result_SELECT_10_Heisenberg2D_cylinder_0.5_0.5_0,outer,1,random,0,2,Proj,No_Kink,6660,2756030
result_SELECT_10_Heisenberg2D_cylinder_0.5_0.5_0,outer,2,SA,0.01,2,Single,No_Kink,8101,726879
result_SELECT_10_Heisenberg2D_cylinder_0.5_0.5_0,outer,1,random,0,2,Proj,Yes_Kink,6660,2670326
result_SELECT_10_Heisenberg2D_cylinder_0.5_0.5_0,outer,2,SA,0.1,0,Double,No_MSF,7536,589658
result_SELECT_10_Heisenberg2D_cylinder_0.5_0.5_0,outer,2,SA,0.1,0,Double,No_Top,7536,607482
result_SELECT_10_Heisenberg2D_cylinder_0.5_0.5_0,outer,1,random,0,1,Proj,Yes_Kink,6660,2663505
result_SELECT_10_Heisenberg2D_cylinder_0.5_0.5_0,outer,2,SA,0.001,1,Proj,No_Kink,6661,2351720
result_SELECT_10_Heisenberg2D_cylinder_0.5_0.5_0,outer,2,SA,0.01,2,Single,Yes_Kink,8101,736776
result_SELECT_10_Heisenberg2D_cylinder_0.5_0.5_0,outer,2,SA,0.1,0,Proj,No_MSF,6660,15572
result_SELECT_10_Heisenberg2D_cylinder_0.5_0.5_0,outer,2,SA,0.1,0,Proj,No_Top,6660,33396
result_SELECT_10_Heisenberg2D_cylinder_0.5_0.5_0,outer,2,SA,0.1,0,Double,No_Kink,7536,695004
result_SELECT_10_Heisenberg2D_cylinder_0.5_0.5_0,outer,2,SA,0.1,0,Double,Yes_Kink,7537,690875
result_SELECT_10_Heisenberg2D_cylinder_0.5_0.5_0,outer,2,SA,0.1,0,Single,No_MSF,8099,633840
result_SELECT_10_Heisenberg2D_cylinder_0.5_0.5_0,outer,2,SA,0.1,0,Single,No_Top,8099,651664
result_SELECT_10_Heisenberg2D_cylinder_0.5_0.5_0,outer,2,SA,0.1,1,Double,No_MSF,7536,589658
result_SELECT_10_Heisenberg2D_cylinder_0.5_0.5_0,outer,2,SA,0.1,0,Single,No_Kink,8099,725196
result_SELECT_10_Heisenberg2D_cylinder_0.5_0.5_0,outer,2,SA,0.1,1,Double,No_Top,7536,607482
result_SELECT_10_Heisenberg2D_cylinder_0.5_0.5_0,outer,2,SA,0.001,1,Proj,Yes_Kink,6662,2287077
result_SELECT_10_Heisenberg2D_cylinder_0.5_0.5_0,outer,2,SA,0.1,0,Single,Yes_Kink,8099,736214
result_SELECT_10_Heisenberg2D_cylinder_0.5_0.5_0,outer,2,SA,0.001,2,Proj,Yes_Kink,6661,2233396
result_SELECT_10_Heisenberg2D_cylinder_0.5_0.5_0,outer,2,SA,0.1,1,Double,No_Kink,7536,695015
result_SELECT_10_Heisenberg2D_cylinder_0.5_0.5_0,outer,2,SA,0.1,1,Proj,No_Top,6660,33396
result_SELECT_10_Heisenberg2D_cylinder_0.5_0.5_0,outer,2,SA,0.1,1,Proj,No_MSF,6660,15572
result_SELECT_10_Heisenberg2D_cylinder_0.5_0.5_0,outer,2,SA,0.1,1,Double,Yes_Kink,7537,691460
result_SELECT_10_Heisenberg2D_cylinder_0.5_0.5_0,outer,2,SA,0.1,1,Single,No_MSF,8099,633840
result_SELECT_10_Heisenberg2D_cylinder_0.5_0.5_0,outer,2,SA,0.001,2,Proj,No_Kink,6661,2352692
result_SELECT_10_Heisenberg2D_cylinder_0.5_0.5_0,outer,2,SA,0.1,1,Single,No_Top,8100,651666
result_SELECT_10_Heisenberg2D_cylinder_0.5_0.5_0,outer,2,SA,0.1,2,Double,No_MSF,7536,589658
result_SELECT_10_Heisenberg2D_cylinder_0.5_0.5_0,outer,2,SA,0.1,2,Double,No_Top,7537,607484
result_SELECT_10_Heisenberg2D_cylinder_0.5_0.5_0,outer,2,SA,0.1,1,Single,No_Kink,8100,725198
result_SELECT_10_Heisenberg2D_cylinder_0.5_0.5_0,outer,2,SA,0.1,2,Proj,No_MSF,6660,15572
result_SELECT_10_Heisenberg2D_cylinder_0.5_0.5_0,outer,2,SA,0.1,2,Double,No_Kink,7537,695023
result_SELECT_10_Heisenberg2D_cylinder_0.5_0.5_0,outer,2,SA,0.1,2,Proj,No_Top,6660,33396
result_SELECT_10_Heisenberg2D_cylinder_0.5_0.5_0,outer,2,SA,0.1,2,Double,Yes_Kink,7538,690926
result_SELECT_10_Heisenberg2D_cylinder_0.5_0.5_0,outer,2,SA,0.1,1,Single,Yes_Kink,8100,736216
result_SELECT_10_Heisenberg2D_cylinder_0.5_0.5_0,outer,2,SA,0.1,2,Single,No_MSF,8099,633840
result_SELECT_10_Heisenberg2D_cylinder_0.5_0.5_0,outer,2,SA,0.1,2,Single,No_Top,8101,651668
result_SELECT_10_Heisenberg2D_cylinder_0.5_0.5_0,outer,2,SA,0.01,0,Proj,No_Kink,6663,2354326
result_SELECT_10_Heisenberg2D_cylinder_0.5_0.5_0,outer,2,SA,1,0,Double,No_MSF,7536,589658
result_SELECT_10_Heisenberg2D_cylinder_0.5_0.5_0,outer,2,SA,0.1,2,Single,No_Kink,8101,725214
result_SELECT_10_Heisenberg2D_cylinder_0.5_0.5_0,outer,2,SA,1,0,Double,No_Top,7536,607482
result_SELECT_10_Heisenberg2D_cylinder_0.5_0.5_0,outer,2,SA,1,0,Double,No_Kink,7536,674467
result_SELECT_10_Heisenberg2D_cylinder_0.5_0.5_0,outer,2,SA,0.1,2,Single,Yes_Kink,8101,736232
result_SELECT_10_Heisenberg2D_cylinder_0.5_0.5_0,outer,2,SA,1,0,Proj,No_MSF,6660,15572
result_SELECT_10_Heisenberg2D_cylinder_0.5_0.5_0,outer,2,SA,1,0,Proj,No_Top,6660,33396
result_SELECT_10_Heisenberg2D_cylinder_0.5_0.5_0,outer,2,SA,1,0,Double,Yes_Kink,7536,672217
result_SELECT_10_Heisenberg2D_cylinder_0.5_0.5_0,outer,2,SA,1,0,Single,No_MSF,8099,633840
result_SELECT_10_Heisenberg2D_cylinder_0.5_0.5_0,outer,2,SA,1,0,Single,No_Top,8099,651664
result_SELECT_10_Heisenberg2D_cylinder_0.5_0.5_0,outer,2,SA,1,0,Single,No_Kink,8099,703740
result_SELECT_10_Heisenberg2D_cylinder_0.5_0.5_0,outer,2,SA,0.01,0,Proj,Yes_Kink,6664,2401382
result_SELECT_10_Heisenberg2D_cylinder_0.5_0.5_0,outer,2,SA,1,1,Double,No_MSF,7536,589658
result_SELECT_10_Heisenberg2D_cylinder_0.5_0.5_0,outer,2,SA,1,1,Double,No_Top,7536,607482
result_SELECT_10_Heisenberg2D_cylinder_0.5_0.5_0,outer,2,SA,1,0,Single,Yes_Kink,8099,715457
result_SELECT_10_Heisenberg2D_cylinder_0.5_0.5_0,outer,2,SA,1,1,Double,No_Kink,7536,674753
result_SELECT_10_Heisenberg2D_cylinder_0.5_0.5_0,outer,2,SA,1,1,Proj,No_MSF,6660,15572
result_SELECT_10_Heisenberg2D_cylinder_0.5_0.5_0,outer,2,SA,1,1,Proj,No_Top,6660,33396
result_SELECT_10_Heisenberg2D_cylinder_0.5_0.5_0,outer,2,SA,1,1,Double,Yes_Kink,7536,671949
result_SELECT_10_Heisenberg2D_cylinder_0.5_0.5_0,outer,2,SA,1,1,Single,No_MSF,8099,633840
result_SELECT_10_Heisenberg2D_cylinder_0.5_0.5_0,outer,2,SA,1,1,Single,No_Kink,8100,704294
result_SELECT_10_Heisenberg2D_cylinder_0.5_0.5_0,outer,2,SA,0.01,1,Proj,No_Kink,6662,2365089
result_SELECT_10_Heisenberg2D_cylinder_0.5_0.5_0,outer,2,SA,1,1,Single,No_Top,8100,651666
result_SELECT_10_Heisenberg2D_cylinder_0.5_0.5_0,outer,2,SA,1,2,Double,No_MSF,7536,589658
result_SELECT_10_Heisenberg2D_cylinder_0.5_0.5_0,outer,2,SA,0.01,1,Proj,Yes_Kink,6663,2364577
result_SELECT_10_Heisenberg2D_cylinder_0.5_0.5_0,outer,2,SA,1,1,Single,Yes_Kink,8100,716011
result_SELECT_10_Heisenberg2D_cylinder_0.5_0.5_0,outer,2,SA,1,2,Double,No_Kink,7537,674378
result_SELECT_10_Heisenberg2D_cylinder_0.5_0.5_0,outer,2,SA,1,2,Double,No_Top,7537,607484
result_SELECT_10_Heisenberg2D_cylinder_0.5_0.5_0,outer,2,SA,1,2,Proj,No_MSF,6660,15572
result_SELECT_10_Heisenberg2D_cylinder_0.5_0.5_0,outer,2,SA,1,2,Proj,No_Top,6660,33396
result_SELECT_10_Heisenberg2D_cylinder_0.5_0.5_0,outer,2,SA,1,2,Double,Yes_Kink,7537,672618
result_SELECT_10_Heisenberg2D_cylinder_0.5_0.5_0,outer,2,SA,1,2,Single,No_MSF,8099,633840
result_SELECT_10_Heisenberg2D_cylinder_0.5_0.5_0,outer,2,SA,1,2,Single,No_Kink,8101,705026
result_SELECT_10_Heisenberg2D_cylinder_0.5_0.5_0,outer,2,SA,1,2,Single,No_Top,8101,651668
result_SELECT_10_Heisenberg2D_cylinder_0.5_0.5_0,outer,2,SA,1,2,Single,Yes_Kink,8101,716467
result_SELECT_10_Heisenberg2D_cylinder_0.5_0.5_0,outer,2,naive,0,0,Double,No_Kink,7536,689342
result_SELECT_10_Heisenberg2D_cylinder_0.5_0.5_0,outer,2,naive,0,0,Double,No_MSF,7536,589658
result_SELECT_10_Heisenberg2D_cylinder_0.5_0.5_0,outer,2,naive,0,0,Double,No_Top,7536,607482
result_SELECT_10_Heisenberg2D_cylinder_0.5_0.5_0,outer,2,SA,0.01,2,Proj,Yes_Kink,6663,2390094
result_SELECT_10_Heisenberg2D_cylinder_0.5_0.5_0,outer,2,SA,0.01,2,Proj,No_Kink,6662,2424078
result_SELECT_10_Heisenberg2D_cylinder_0.5_0.5_0,outer,2,naive,0,0,Double,Yes_Kink,7536,685925
result_SELECT_10_Heisenberg2D_cylinder_0.5_0.5_0,outer,2,naive,0,0,Proj,No_MSF,6660,15572
result_SELECT_10_Heisenberg2D_cylinder_0.5_0.5_0,outer,2,naive,0,0,Proj,No_Top,6660,33396
result_SELECT_10_Heisenberg2D_cylinder_0.5_0.5_0,outer,2,naive,0,0,Single,No_MSF,8099,633840
result_SELECT_10_Heisenberg2D_cylinder_0.5_0.5_0,outer,2,naive,0,0,Single,No_Kink,8099,719759
result_SELECT_10_Heisenberg2D_cylinder_0.5_0.5_0,outer,2,SA,0.1,0,Proj,Yes_Kink,6662,2378957
result_SELECT_10_Heisenberg2D_cylinder_0.5_0.5_0,outer,2,naive,0,0,Single,No_Top,8099,651664
result_SELECT_10_Heisenberg2D_cylinder_0.5_0.5_0,outer,2,naive,0,1,Double,No_MSF,7536,589658
result_SELECT_10_Heisenberg2D_cylinder_0.5_0.5_0,outer,2,naive,0,0,Single,Yes_Kink,8099,729645
result_SELECT_10_Heisenberg2D_cylinder_0.5_0.5_0,outer,2,naive,0,1,Double,No_Top,7536,607482
result_SELECT_10_Heisenberg2D_cylinder_0.5_0.5_0,outer,2,naive,0,1,Double,No_Kink,7536,689355
result_SELECT_10_Heisenberg2D_cylinder_0.5_0.5_0,outer,2,naive,0,1,Proj,No_MSF,6660,15572
result_SELECT_10_Heisenberg2D_cylinder_0.5_0.5_0,outer,2,SA,0.1,0,Proj,No_Kink,6662,2441319
result_SELECT_10_Heisenberg2D_cylinder_0.5_0.5_0,outer,2,naive,0,1,Proj,No_Top,6660,33396
result_SELECT_10_Heisenberg2D_cylinder_0.5_0.5_0,outer,2,naive,0,1,Double,Yes_Kink,7536,685941
result_SELECT_10_Heisenberg2D_cylinder_0.5_0.5_0,outer,2,SA,0.1,1,Proj,Yes_Kink,6660,2376789
result_SELECT_10_Heisenberg2D_cylinder_0.5_0.5_0,outer,2,naive,0,1,Single,No_MSF,8099,633840
result_SELECT_10_Heisenberg2D_cylinder_0.5_0.5_0,outer,2,naive,0,1,Single,No_Top,8100,651666
result_SELECT_10_Heisenberg2D_cylinder_0.5_0.5_0,outer,2,naive,0,1,Single,No_Kink,8100,719761
result_SELECT_10_Heisenberg2D_cylinder_0.5_0.5_0,outer,2,SA,0.1,2,Proj,Yes_Kink,6661,2369896
result_SELECT_10_Heisenberg2D_cylinder_0.5_0.5_0,outer,2,naive,0,2,Double,No_MSF,7536,589658
result_SELECT_10_Heisenberg2D_cylinder_0.5_0.5_0,outer,2,naive,0,2,Double,No_Top,7537,607484
result_SELECT_10_Heisenberg2D_cylinder_0.5_0.5_0,outer,2,SA,1,0,Proj,Yes_Kink,6660,2185530
result_SELECT_10_Heisenberg2D_cylinder_0.5_0.5_0,outer,2,SA,0.1,2,Proj,No_Kink,6660,2443358
result_SELECT_10_Heisenberg2D_cylinder_0.5_0.5_0,outer,2,naive,0,1,Single,Yes_Kink,8100,729649
result_SELECT_10_Heisenberg2D_cylinder_0.5_0.5_0,outer,2,SA,0.1,1,Proj,No_Kink,6662,2404786
result_SELECT_10_Heisenberg2D_cylinder_0.5_0.5_0,outer,2,naive,0,2,Proj,No_MSF,6660,15572
result_SELECT_10_Heisenberg2D_cylinder_0.5_0.5_0,outer,2,naive,0,2,Double,No_Kink,7537,689649
result_SELECT_10_Heisenberg2D_cylinder_0.5_0.5_0,outer,2,naive,0,2,Proj,No_Top,6660,33396
result_SELECT_10_Heisenberg2D_cylinder_0.5_0.5_0,outer,2,naive,0,2,Single,No_MSF,8099,633840
result_SELECT_10_Heisenberg2D_cylinder_0.5_0.5_0,outer,2,naive,0,2,Double,Yes_Kink,7537,686161
result_SELECT_10_Heisenberg2D_cylinder_0.5_0.5_0,outer,2,naive,0,2,Single,No_Top,8101,651668
result_SELECT_10_Heisenberg2D_cylinder_0.5_0.5_0,outer,2,random,0,0,Double,No_MSF,7536,589658
result_SELECT_10_Heisenberg2D_cylinder_0.5_0.5_0,outer,2,random,0,0,Double,No_Top,7536,607482
result_SELECT_10_Heisenberg2D_cylinder_0.5_0.5_0,outer,2,naive,0,2,Single,No_Kink,8101,720049
result_SELECT_10_Heisenberg2D_cylinder_0.5_0.5_0,outer,2,SA,1,0,Proj,No_Kink,6660,2261999
result_SELECT_10_Heisenberg2D_cylinder_0.5_0.5_0,outer,2,naive,0,2,Single,Yes_Kink,8101,729925
result_SELECT_10_Heisenberg2D_cylinder_0.5_0.5_0,outer,2,random,0,0,Proj,No_MSF,6660,15572
result_SELECT_10_Heisenberg2D_cylinder_0.5_0.5_0,outer,2,random,0,0,Proj,No_Top,6660,33396
result_SELECT_10_Heisenberg2D_cylinder_0.5_0.5_0,outer,2,random,0,0,Double,No_Kink,7536,728531
result_SELECT_10_Heisenberg2D_cylinder_0.5_0.5_0,outer,2,SA,1,1,Proj,Yes_Kink,6660,2157313
result_SELECT_10_Heisenberg2D_cylinder_0.5_0.5_0,outer,2,SA,1,1,Proj,No_Kink,6660,2240641
result_SELECT_10_Heisenberg2D_cylinder_0.5_0.5_0,outer,2,random,0,0,Single,No_MSF,8099,633840
result_SELECT_10_Heisenberg2D_cylinder_0.5_0.5_0,outer,2,random,0,0,Single,No_Top,8099,651664
result_SELECT_10_Heisenberg2D_cylinder_0.5_0.5_0,outer,2,random,0,0,Double,Yes_Kink,7536,726708
result_SELECT_10_Heisenberg2D_cylinder_0.5_0.5_0,outer,2,random,0,1,Double,No_MSF,7536,589658
result_SELECT_10_Heisenberg2D_cylinder_0.5_0.5_0,outer,2,random,0,1,Double,No_Top,7536,607482
result_SELECT_10_Heisenberg2D_cylinder_0.5_0.5_0,outer,2,random,0,0,Single,No_Kink,8099,760540
result_SELECT_10_Heisenberg2D_cylinder_0.5_0.5_0,outer,2,random,0,1,Proj,No_MSF,6660,15572
result_SELECT_10_Heisenberg2D_cylinder_0.5_0.5_0,outer,2,random,0,0,Single,Yes_Kink,8099,772322
result_SELECT_10_Heisenberg2D_cylinder_0.5_0.5_0,outer,2,random,0,1,Proj,No_Top,6660,33396
result_SELECT_10_Heisenberg2D_cylinder_0.5_0.5_0,outer,2,random,0,1,Double,No_Kink,7536,728541
result_SELECT_10_Heisenberg2D_cylinder_0.5_0.5_0,outer,2,random,0,1,Double,Yes_Kink,7536,727273
result_SELECT_10_Heisenberg2D_cylinder_0.5_0.5_0,outer,2,random,0,1,Single,No_MSF,8099,633840
result_SELECT_10_Heisenberg2D_cylinder_0.5_0.5_0,outer,2,random,0,1,Single,No_Top,8100,651666
result_SELECT_10_Heisenberg2D_cylinder_0.5_0.5_0,outer,2,random,0,2,Double,No_MSF,7536,589658
result_SELECT_10_Heisenberg2D_cylinder_0.5_0.5_0,outer,2,random,0,1,Single,No_Kink,8100,760542
result_SELECT_10_Heisenberg2D_cylinder_0.5_0.5_0,outer,2,random,0,2,Double,No_Top,7537,607484
result_SELECT_10_Heisenberg2D_cylinder_0.5_0.5_0,outer,2,SA,1,2,Proj,Yes_Kink,6661,2178551
result_SELECT_10_Heisenberg2D_cylinder_0.5_0.5_0,outer,2,SA,1,2,Proj,No_Kink,6660,2274783
result_SELECT_10_Heisenberg2D_cylinder_0.5_0.5_0,outer,2,random,0,2,Double,No_Kink,7537,728888
result_SELECT_10_Heisenberg2D_cylinder_0.5_0.5_0,outer,2,random,0,1,Single,Yes_Kink,8100,772324
result_SELECT_10_Heisenberg2D_cylinder_0.5_0.5_0,outer,2,random,0,2,Proj,No_MSF,6660,15572
result_SELECT_10_Heisenberg2D_cylinder_0.5_0.5_0,outer,2,random,0,2,Proj,No_Top,6660,33396
result_SELECT_10_Heisenberg2D_cylinder_0.5_0.5_0,outer,2,random,0,2,Single,No_MSF,8099,633840
result_SELECT_10_Heisenberg2D_cylinder_0.5_0.5_0,outer,2,random,0,2,Double,Yes_Kink,7537,727896
result_SELECT_10_Heisenberg2D_cylinder_0.5_0.5_0,outer,2,random,0,2,Single,No_Top,8101,651668
result_SELECT_10_Heisenberg2D_cylinder_0.5_0.5_1,inner,1,SA,0.001,0,Double,No_MSF,3792,208253
result_SELECT_10_Heisenberg2D_cylinder_0.5_0.5_0,outer,2,random,0,2,Single,No_Kink,8101,760960
result_SELECT_10_Heisenberg2D_cylinder_0.5_0.5_1,inner,1,SA,0.001,0,Double,No_Top,3792,226173
result_SELECT_10_Heisenberg2D_cylinder_0.5_0.5_1,inner,1,SA,0.001,0,Double,No_Kink,3804,335456
result_SELECT_10_Heisenberg2D_cylinder_0.5_0.5_0,outer,2,random,0,2,Single,Yes_Kink,8101,772742
result_SELECT_10_Heisenberg2D_cylinder_0.5_0.5_0,outer,2,naive,0,0,Proj,No_Kink,6660,2265135
result_SELECT_10_Heisenberg2D_cylinder_0.5_0.5_1,inner,1,SA,0.001,0,Proj,No_MSF,3333,15668
result_SELECT_10_Heisenberg2D_cylinder_0.5_0.5_1,inner,1,SA,0.001,0,Proj,No_Top,3333,33588
result_SELECT_10_Heisenberg2D_cylinder_0.5_0.5_0,outer,2,naive,0,0,Proj,Yes_Kink,6664,2244348
result_SELECT_10_Heisenberg2D_cylinder_0.5_0.5_1,inner,1,SA,0.001,0,Double,Yes_Kink,3803,333653
result_SELECT_10_Heisenberg2D_cylinder_0.5_0.5_1,inner,1,SA,0.001,0,Single,No_MSF,4079,224618
result_SELECT_10_Heisenberg2D_cylinder_0.5_0.5_1,inner,1,SA,0.001,0,Single,No_Top,4079,242538
result_SELECT_10_Heisenberg2D_cylinder_0.5_0.5_1,inner,1,SA,0.001,1,Double,No_MSF,3792,208253
result_SELECT_10_Heisenberg2D_cylinder_0.5_0.5_1,inner,1,SA,0.001,1,Double,No_Top,3792,226173
result_SELECT_10_Heisenberg2D_cylinder_0.5_0.5_1,inner,1,SA,0.001,0,Single,No_Kink,4090,338321
result_SELECT_10_Heisenberg2D_cylinder_0.5_0.5_1,inner,1,SA,0.001,1,Double,No_Kink,3800,335006
result_SELECT_10_Heisenberg2D_cylinder_0.5_0.5_1,inner,1,SA,0.001,1,Proj,No_MSF,3333,15668
result_SELECT_10_Heisenberg2D_cylinder_0.5_0.5_1,inner,1,SA,0.001,1,Proj,No_Top,3333,33588
result_SELECT_10_Heisenberg2D_cylinder_0.5_0.5_1,inner,1,SA,0.001,1,Double,Yes_Kink,3801,334134
result_SELECT_10_Heisenberg2D_cylinder_0.5_0.5_1,inner,1,SA,0.001,1,Single,No_MSF,4079,224618
result_SELECT_10_Heisenberg2D_cylinder_0.5_0.5_1,inner,1,SA,0.001,1,Single,No_Kink,4090,338271
result_SELECT_10_Heisenberg2D_cylinder_0.5_0.5_1,inner,1,SA,0.001,1,Single,No_Top,4079,242518
result_SELECT_10_Heisenberg2D_cylinder_0.5_0.5_0,outer,2,naive,0,1,Proj,No_Kink,6664,2323342
result_SELECT_10_Heisenberg2D_cylinder_0.5_0.5_1,inner,1,SA,0.001,2,Double,No_MSF,3792,208253
result_SELECT_10_Heisenberg2D_cylinder_0.5_0.5_1,inner,1,SA,0.001,2,Double,No_Kink,3804,336297
result_SELECT_10_Heisenberg2D_cylinder_0.5_0.5_1,inner,1,SA,0.001,2,Double,No_Top,3793,226197
result_SELECT_10_Heisenberg2D_cylinder_0.5_0.5_0,outer,2,naive,0,2,Proj,No_Kink,6664,2240460
result_SELECT_10_Heisenberg2D_cylinder_0.5_0.5_0,outer,2,naive,0,1,Proj,Yes_Kink,6664,2262431
result_SELECT_10_Heisenberg2D_cylinder_0.5_0.5_1,inner,1,SA,0.001,2,Proj,No_MSF,3333,15668
result_SELECT_10_Heisenberg2D_cylinder_0.5_0.5_1,inner,1,SA,0.001,2,Proj,No_Top,3333,33588
result_SELECT_10_Heisenberg2D_cylinder_0.5_0.5_1,inner,1,SA,0.001,2,Double,Yes_Kink,3802,334946
result_SELECT_10_Heisenberg2D_cylinder_0.5_0.5_1,inner,1,SA,0.001,2,Single,No_MSF,4079,224618
result_SELECT_10_Heisenberg2D_cylinder_0.5_0.5_1,inner,1,SA,0.001,2,Single,No_Top,4080,242542
result_SELECT_10_Heisenberg2D_cylinder_0.5_0.5_1,inner,1,SA,0.001,2,Single,No_Kink,4091,339264
result_SELECT_10_Heisenberg2D_cylinder_0.5_0.5_1,inner,1,SA,0.01,0,Double,No_MSF,3792,208253
result_SELECT_10_Heisenberg2D_cylinder_0.5_0.5_1,inner,1,SA,0.01,0,Double,No_Top,3792,226173
result_SELECT_10_Heisenberg2D_cylinder_0.5_0.5_1,inner,1,SA,0.01,0,Double,No_Kink,3805,308950
result_SELECT_10_Heisenberg2D_cylinder_0.5_0.5_1,inner,1,SA,0.01,0,Proj,No_MSF,3333,15668
result_SELECT_10_Heisenberg2D_cylinder_0.5_0.5_0,outer,2,naive,0,2,Proj,Yes_Kink,6663,2233628
result_SELECT_10_Heisenberg2D_cylinder_0.5_0.5_1,inner,1,SA,0.01,0,Double,Yes_Kink,3808,318353
result_SELECT_10_Heisenberg2D_cylinder_0.5_0.5_1,inner,1,SA,0.01,0,Proj,No_Top,3333,33588
result_SELECT_10_Heisenberg2D_cylinder_0.5_0.5_0,outer,2,random,0,0,Proj,Yes_Kink,6660,2371557
result_SELECT_10_Heisenberg2D_cylinder_0.5_0.5_1,inner,1,SA,0.01,0,Single,No_MSF,4079,224618
result_SELECT_10_Heisenberg2D_cylinder_0.5_0.5_1,inner,1,SA,0.01,0,Single,No_Top,4079,242538
result_SELECT_10_Heisenberg2D_cylinder_0.5_0.5_1,inner,1,SA,0.001,0,Proj,No_Kink,3344,1361417
result_SELECT_10_Heisenberg2D_cylinder_0.5_0.5_1,inner,1,SA,0.01,0,Single,No_Kink,4093,313941
result_SELECT_10_Heisenberg2D_cylinder_0.5_0.5_1,inner,1,SA,0.01,1,Double,No_MSF,3792,208253
result_SELECT_10_Heisenberg2D_cylinder_0.5_0.5_1,inner,1,SA,0.01,1,Double,No_Top,3792,226173
result_SELECT_10_Heisenberg2D_cylinder_0.5_0.5_1,inner,1,SA,0.01,1,Proj,No_MSF,3333,15668
result_SELECT_10_Heisenberg2D_cylinder_0.5_0.5_1,inner,1,SA,0.001,0,Proj,Yes_Kink,3374,1342019
result_SELECT_10_Heisenberg2D_cylinder_0.5_0.5_1,inner,1,SA,0.01,1,Proj,No_Top,3333,33588
result_SELECT_10_Heisenberg2D_cylinder_0.5_0.5_1,inner,1,SA,0.01,1,Double,No_Kink,3808,322344
result_SELECT_10_Heisenberg2D_cylinder_0.5_0.5_1,inner,1,SA,0.01,1,Double,Yes_Kink,3808,325664
result_SELECT_10_Heisenberg2D_cylinder_0.5_0.5_0,outer,2,random,0,1,Proj,No_Kink,6661,2415732
result_SELECT_10_Heisenberg2D_cylinder_0.5_0.5_0,outer,2,random,0,0,Proj,No_Kink,6661,2420388
result_SELECT_10_Heisenberg2D_cylinder_0.5_0.5_1,inner,1,SA,0.01,1,Single,No_MSF,4079,224618
result_SELECT_10_Heisenberg2D_cylinder_0.5_0.5_1,inner,1,SA,0.01,1,Single,No_Top,4079,242518
result_SELECT_10_Heisenberg2D_cylinder_0.5_0.5_1,inner,1,SA,0.01,2,Double,No_MSF,3792,208253
result_SELECT_10_Heisenberg2D_cylinder_0.5_0.5_0,outer,2,random,0,1,Proj,Yes_Kink,6663,2389968
result_SELECT_10_Heisenberg2D_cylinder_0.5_0.5_1,inner,1,SA,0.01,1,Single,No_Kink,4093,322551
result_SELECT_10_Heisenberg2D_cylinder_0.5_0.5_1,inner,1,SA,0.01,2,Double,No_Top,3793,226197
result_SELECT_10_Heisenberg2D_cylinder_0.5_0.5_1,inner,1,SA,0.001,1,Proj,Yes_Kink,3366,1344616
result_SELECT_10_Heisenberg2D_cylinder_0.5_0.5_1,inner,1,SA,0.001,1,Proj,No_Kink,3345,1416576
result_SELECT_10_Heisenberg2D_cylinder_0.5_0.5_1,inner,1,SA,0.01,2,Proj,No_MSF,3333,15668
result_SELECT_10_Heisenberg2D_cylinder_0.5_0.5_1,inner,1,SA,0.01,2,Proj,No_Top,3333,33588
result_SELECT_10_Heisenberg2D_cylinder_0.5_0.5_1,inner,1,SA,0.01,2,Double,No_Kink,3804,327784
result_SELECT_10_Heisenberg2D_cylinder_0.5_0.5_1,inner,1,SA,0.01,2,Single,No_MSF,4079,224618
result_SELECT_10_Heisenberg2D_cylinder_0.5_0.5_1,inner,1,SA,0.01,2,Single,No_Top,4080,242542
result_SELECT_10_Heisenberg2D_cylinder_0.5_0.5_1,inner,1,SA,0.01,2,Double,Yes_Kink,3806,328081
result_SELECT_10_Heisenberg2D_cylinder_0.5_0.5_1,inner,1,SA,0.1,0,Double,No_MSF,3792,208253
result_SELECT_10_Heisenberg2D_cylinder_0.5_0.5_1,inner,1,SA,0.1,0,Double,No_Top,3792,226173
result_SELECT_10_Heisenberg2D_cylinder_0.5_0.5_1,inner,1,SA,0.01,2,Single,No_Kink,4095,330001
result_SELECT_10_Heisenberg2D_cylinder_0.5_0.5_1,inner,1,SA,0.1,0,Proj,No_MSF,3333,15668
result_SELECT_10_Heisenberg2D_cylinder_0.5_0.5_0,outer,2,random,0,2,Proj,Yes_Kink,6662,2367671
result_SELECT_10_Heisenberg2D_cylinder_0.5_0.5_1,inner,1,SA,0.1,0,Proj,No_Top,3333,33588
result_SELECT_10_Heisenberg2D_cylinder_0.5_0.5_1,inner,1,SA,0.1,0,Double,No_Kink,3797,315306
result_SELECT_10_Heisenberg2D_cylinder_0.5_0.5_0,outer,2,random,0,2,Proj,No_Kink,6662,2415818
result_SELECT_10_Heisenberg2D_cylinder_0.5_0.5_1,inner,1,SA,0.1,0,Single,No_MSF,4079,224618
result_SELECT_10_Heisenberg2D_cylinder_0.5_0.5_1,inner,1,SA,0.1,0,Double,Yes_Kink,3806,319822
result_SELECT_10_Heisenberg2D_cylinder_0.5_0.5_1,inner,1,SA,0.1,0,Single,No_Top,4079,242538
result_SELECT_10_Heisenberg2D_cylinder_0.5_0.5_1,inner,1,SA,0.1,1,Double,No_MSF,3792,208253
result_SELECT_10_Heisenberg2D_cylinder_0.5_0.5_1,inner,1,SA,0.1,1,Double,No_Top,3792,226173
result_SELECT_10_Heisenberg2D_cylinder_0.5_0.5_1,inner,1,SA,0.1,0,Single,No_Kink,4086,310656
result_SELECT_10_Heisenberg2D_cylinder_0.5_0.5_1,inner,1,SA,0.1,1,Proj,No_MSF,3333,15668
result_SELECT_10_Heisenberg2D_cylinder_0.5_0.5_1,inner,1,SA,0.1,1,Proj,No_Top,3333,33588
result_SELECT_10_Heisenberg2D_cylinder_0.5_0.5_1,inner,1,SA,0.1,1,Double,No_Kink,3797,322372
result_SELECT_10_Heisenberg2D_cylinder_0.5_0.5_1,inner,1,SA,0.1,1,Double,Yes_Kink,3802,324094
result_SELECT_10_Heisenberg2D_cylinder_0.5_0.5_1,inner,1,SA,0.1,1,Single,No_MSF,4079,224618
result_SELECT_10_Heisenberg2D_cylinder_0.5_0.5_1,inner,1,SA,0.1,1,Single,No_Top,4079,242518
result_SELECT_10_Heisenberg2D_cylinder_0.5_0.5_1,inner,1,SA,0.001,2,Proj,No_Kink,3345,1411424
result_SELECT_10_Heisenberg2D_cylinder_0.5_0.5_1,inner,1,SA,0.1,2,Double,No_MSF,3792,208253
result_SELECT_10_Heisenberg2D_cylinder_0.5_0.5_1,inner,1,SA,0.1,2,Double,No_Top,3793,226197
result_SELECT_10_Heisenberg2D_cylinder_0.5_0.5_1,inner,1,SA,0.1,1,Single,No_Kink,4086,321133
result_SELECT_10_Heisenberg2D_cylinder_0.5_0.5_1,inner,1,SA,0.1,2,Proj,No_MSF,3333,15668
result_SELECT_10_Heisenberg2D_cylinder_0.5_0.5_1,inner,1,SA,0.1,2,Proj,No_Top,3333,33588
result_SELECT_10_Heisenberg2D_cylinder_0.5_0.5_1,inner,1,SA,0.1,2,Double,No_Kink,3797,327997
result_SELECT_10_Heisenberg2D_cylinder_0.5_0.5_1,inner,1,SA,0.001,2,Proj,Yes_Kink,3371,1339611
result_SELECT_10_Heisenberg2D_cylinder_0.5_0.5_1,inner,1,SA,0.1,2,Double,Yes_Kink,3804,328627
result_SELECT_10_Heisenberg2D_cylinder_0.5_0.5_1,inner,1,SA,0.1,2,Single,No_MSF,4079,224618
result_SELECT_10_Heisenberg2D_cylinder_0.5_0.5_1,inner,1,SA,0.1,2,Single,No_Top,4080,242542
result_SELECT_10_Heisenberg2D_cylinder_0.5_0.5_1,inner,1,SA,1,0,Double,No_MSF,3792,208253
result_SELECT_10_Heisenberg2D_cylinder_0.5_0.5_1,inner,1,SA,1,0,Double,No_Top,3792,226173
result_SELECT_10_Heisenberg2D_cylinder_0.5_0.5_1,inner,1,SA,0.1,2,Single,No_Kink,4086,328933
result_SELECT_10_Heisenberg2D_cylinder_0.5_0.5_1,inner,1,SA,0.01,0,Proj,Yes_Kink,3373,1266079
result_SELECT_10_Heisenberg2D_cylinder_0.5_0.5_1,inner,1,SA,0.01,0,Proj,No_Kink,3342,1291048
result_SELECT_10_Heisenberg2D_cylinder_0.5_0.5_1,inner,1,SA,1,0,Double,No_Kink,3795,295501
result_SELECT_10_Heisenberg2D_cylinder_0.5_0.5_1,inner,1,SA,1,0,Proj,No_MSF,3333,15668
result_SELECT_10_Heisenberg2D_cylinder_0.5_0.5_1,inner,1,SA,1,0,Proj,No_Top,3333,33588
result_SELECT_10_Heisenberg2D_cylinder_0.5_0.5_1,inner,1,SA,1,0,Single,No_MSF,4079,224618
result_SELECT_10_Heisenberg2D_cylinder_0.5_0.5_1,inner,1,SA,1,0,Double,Yes_Kink,3796,295604
result_SELECT_10_Heisenberg2D_cylinder_0.5_0.5_1,inner,1,SA,1,0,Single,No_Top,4079,242538
result_SELECT_10_Heisenberg2D_cylinder_0.5_0.5_1,inner,1,SA,1,0,Single,No_Kink,4086,295438
result_SELECT_10_Heisenberg2D_cylinder_0.5_0.5_1,inner,1,SA,1,1,Double,No_MSF,3792,208253
result_SELECT_10_Heisenberg2D_cylinder_0.5_0.5_1,inner,1,SA,0.01,1,Proj,No_Kink,3342,1266630
result_SELECT_10_Heisenberg2D_cylinder_0.5_0.5_1,inner,1,SA,1,1,Double,No_Top,3792,226173
result_SELECT_10_Heisenberg2D_cylinder_0.5_0.5_1,inner,1,SA,1,1,Proj,No_MSF,3333,15668
result_SELECT_10_Heisenberg2D_cylinder_0.5_0.5_1,inner,1,SA,1,1,Proj,No_Top,3333,33588
result_SELECT_10_Heisenberg2D_cylinder_0.5_0.5_1,inner,1,SA,1,1,Double,No_Kink,3795,296520
result_SELECT_10_Heisenberg2D_cylinder_0.5_0.5_1,inner,1,SA,0.01,1,Proj,Yes_Kink,3379,1266092
result_SELECT_10_Heisenberg2D_cylinder_0.5_0.5_1,inner,1,SA,1,1,Double,Yes_Kink,3796,298385
result_SELECT_10_Heisenberg2D_cylinder_0.5_0.5_1,inner,1,SA,1,1,Single,No_MSF,4079,224618
result_SELECT_10_Heisenberg2D_cylinder_0.5_0.5_1,inner,1,SA,1,1,Single,No_Top,4079,242518
result_SELECT_10_Heisenberg2D_cylinder_0.5_0.5_1,inner,1,SA,1,2,Double,No_MSF,3792,208253
result_SELECT_10_Heisenberg2D_cylinder_0.5_0.5_1,inner,1,SA,1,1,Single,No_Kink,4086,296730
result_SELECT_10_Heisenberg2D_cylinder_0.5_0.5_1,inner,1,SA,1,2,Double,No_Top,3793,226197
result_SELECT_10_Heisenberg2D_cylinder_0.5_0.5_1,inner,1,SA,0.01,2,Proj,No_Kink,3342,1293587
result_SELECT_10_Heisenberg2D_cylinder_0.5_0.5_1,inner,1,SA,1,2,Double,No_Kink,3797,305488
result_SELECT_10_Heisenberg2D_cylinder_0.5_0.5_1,inner,1,SA,1,2,Proj,No_MSF,3333,15668
result_SELECT_10_Heisenberg2D_cylinder_0.5_0.5_1,inner,1,SA,0.01,2,Proj,Yes_Kink,3390,1261459
result_SELECT_10_Heisenberg2D_cylinder_0.5_0.5_1,inner,1,SA,1,2,Proj,No_Top,3333,33588
result_SELECT_10_Heisenberg2D_cylinder_0.5_0.5_1,inner,1,SA,1,2,Double,Yes_Kink,3797,308808
result_SELECT_10_Heisenberg2D_cylinder_0.5_0.5_1,inner,1,SA,1,2,Single,No_MSF,4079,224618
result_SELECT_10_Heisenberg2D_cylinder_0.5_0.5_1,inner,1,SA,1,2,Single,No_Top,4080,242542
result_SELECT_10_Heisenberg2D_cylinder_0.5_0.5_1,inner,1,SA,1,2,Single,No_Kink,4087,306607
result_SELECT_10_Heisenberg2D_cylinder_0.5_0.5_1,inner,1,naive,0,0,Double,No_MSF,3792,208253
result_SELECT_10_Heisenberg2D_cylinder_0.5_0.5_1,inner,1,naive,0,0,Double,No_Top,3792,226173
result_SELECT_10_Heisenberg2D_cylinder_0.5_0.5_1,inner,1,SA,0.1,0,Proj,No_Kink,3345,1372459
result_SELECT_10_Heisenberg2D_cylinder_0.5_0.5_1,inner,1,naive,0,0,Proj,No_MSF,3333,15668
result_SELECT_10_Heisenberg2D_cylinder_0.5_0.5_1,inner,1,naive,0,0,Double,No_Kink,3795,353226
result_SELECT_10_Heisenberg2D_cylinder_0.5_0.5_1,inner,1,SA,0.1,0,Proj,Yes_Kink,3349,1334681
result_SELECT_10_Heisenberg2D_cylinder_0.5_0.5_1,inner,1,naive,0,0,Proj,No_Top,3333,33588
result_SELECT_10_Heisenberg2D_cylinder_0.5_0.5_1,inner,1,naive,0,0,Double,Yes_Kink,3801,352091
result_SELECT_10_Heisenberg2D_cylinder_0.5_0.5_1,inner,1,naive,0,0,Single,No_MSF,4079,224618
result_SELECT_10_Heisenberg2D_cylinder_0.5_0.5_1,inner,1,SA,0.1,1,Proj,No_Kink,3344,1339027
result_SELECT_10_Heisenberg2D_cylinder_0.5_0.5_1,inner,1,naive,0,0,Single,No_Top,4079,242538
result_SELECT_10_Heisenberg2D_cylinder_0.5_0.5_1,inner,1,SA,0.1,1,Proj,Yes_Kink,3348,1323400
result_SELECT_10_Heisenberg2D_cylinder_0.5_0.5_1,inner,1,naive,0,1,Double,No_MSF,3792,208253
result_SELECT_10_Heisenberg2D_cylinder_0.5_0.5_1,inner,1,naive,0,1,Double,No_Top,3792,226173
result_SELECT_10_Heisenberg2D_cylinder_0.5_0.5_1,inner,1,naive,0,1,Proj,No_MSF,3333,15668
result_SELECT_10_Heisenberg2D_cylinder_0.5_0.5_1,inner,1,naive,0,0,Single,No_Kink,4081,361829
result_SELECT_10_Heisenberg2D_cylinder_0.5_0.5_1,inner,1,naive,0,1,Proj,No_Top,3333,33588
result_SELECT_10_Heisenberg2D_cylinder_0.5_0.5_1,inner,1,naive,0,1,Double,No_Kink,3795,353254
result_SELECT_10_Heisenberg2D_cylinder_0.5_0.5_1,inner,1,naive,0,1,Single,No_MSF,4079,224618
result_SELECT_10_Heisenberg2D_cylinder_0.5_0.5_1,inner,1,naive,0,1,Double,Yes_Kink,3799,352017
result_SELECT_10_Heisenberg2D_cylinder_0.5_0.5_1,inner,1,naive,0,1,Single,No_Top,4079,242518
result_SELECT_10_Heisenberg2D_cylinder_0.5_0.5_1,inner,1,SA,0.1,2,Proj,No_Kink,3345,1367076
result_SELECT_10_Heisenberg2D_cylinder_0.5_0.5_1,inner,1,naive,0,2,Double,No_MSF,3792,208253
result_SELECT_10_Heisenberg2D_cylinder_0.5_0.5_1,inner,1,SA,0.1,2,Proj,Yes_Kink,3351,1319366
result_SELECT_10_Heisenberg2D_cylinder_0.5_0.5_1,inner,1,naive,0,2,Double,No_Top,3793,226197
result_SELECT_10_Heisenberg2D_cylinder_0.5_0.5_1,inner,1,naive,0,1,Single,No_Kink,4081,361929
result_SELECT_10_Heisenberg2D_cylinder_0.5_0.5_1,inner,1,naive,0,2,Proj,No_MSF,3333,15668
result_SELECT_10_Heisenberg2D_cylinder_0.5_0.5_1,inner,1,naive,0,2,Proj,No_Top,3333,33588
result_SELECT_10_Heisenberg2D_cylinder_0.5_0.5_1,inner,1,naive,0,2,Double,No_Kink,3796,353909
result_SELECT_10_Heisenberg2D_cylinder_0.5_0.5_1,inner,1,SA,1,0,Proj,Yes_Kink,3338,1292682
result_SELECT_10_Heisenberg2D_cylinder_0.5_0.5_1,inner,1,naive,0,2,Single,No_MSF,4079,224618
result_SELECT_10_Heisenberg2D_cylinder_0.5_0.5_1,inner,1,naive,0,2,Double,Yes_Kink,3799,352408
result_SELECT_10_Heisenberg2D_cylinder_0.5_0.5_1,inner,1,naive,0,2,Single,No_Top,4080,242542
result_SELECT_10_Heisenberg2D_cylinder_0.5_0.5_1,inner,1,SA,1,0,Proj,No_Kink,3338,1337825
result_SELECT_10_Heisenberg2D_cylinder_0.5_0.5_1,inner,1,random,0,0,Double,No_MSF,3792,208253
result_SELECT_10_Heisenberg2D_cylinder_0.5_0.5_1,inner,1,random,0,0,Double,No_Top,3792,226173
result_SELECT_10_Heisenberg2D_cylinder_0.5_0.5_1,inner,1,naive,0,2,Single,No_Kink,4082,361757
result_SELECT_10_Heisenberg2D_cylinder_0.5_0.5_1,inner,1,random,0,0,Proj,No_MSF,3333,15668
result_SELECT_10_Heisenberg2D_cylinder_0.5_0.5_1,inner,1,random,0,0,Proj,No_Top,3333,33588
result_SELECT_10_Heisenberg2D_cylinder_0.5_0.5_1,inner,1,SA,1,1,Proj,Yes_Kink,3341,1282922
result_SELECT_10_Heisenberg2D_cylinder_0.5_0.5_1,inner,1,SA,1,1,Proj,No_Kink,3341,1331572
result_SELECT_10_Heisenberg2D_cylinder_0.5_0.5_1,inner,1,random,0,0,Double,No_Kink,3795,368456
result_SELECT_10_Heisenberg2D_cylinder_0.5_0.5_1,inner,1,random,0,0,Single,No_MSF,4079,224618
result_SELECT_10_Heisenberg2D_cylinder_0.5_0.5_1,inner,1,random,0,0,Double,Yes_Kink,3796,368734
result_SELECT_10_Heisenberg2D_cylinder_0.5_0.5_1,inner,1,random,0,0,Single,No_Top,4079,242538
result_SELECT_10_Heisenberg2D_cylinder_0.5_0.5_1,inner,1,random,0,1,Double,No_MSF,3792,208253
result_SELECT_10_Heisenberg2D_cylinder_0.5_0.5_1,inner,1,random,0,1,Double,No_Top,3792,226173
result_SELECT_10_Heisenberg2D_cylinder_0.5_0.5_1,inner,1,random,0,1,Proj,No_MSF,3333,15668
result_SELECT_10_Heisenberg2D_cylinder_0.5_0.5_1,inner,1,random,0,0,Single,No_Kink,4086,375654
result_SELECT_10_Heisenberg2D_cylinder_0.5_0.5_1,inner,1,random,0,1,Proj,No_Top,3333,33588
result_SELECT_10_Heisenberg2D_cylinder_0.5_0.5_1,inner,1,random,0,1,Single,No_MSF,4079,224618
result_SELECT_10_Heisenberg2D_cylinder_0.5_0.5_1,inner,1,SA,1,2,Proj,Yes_Kink,3341,1293650
result_SELECT_10_Heisenberg2D_cylinder_0.5_0.5_1,inner,1,random,0,1,Double,No_Kink,3794,368064
result_SELECT_10_Heisenberg2D_cylinder_0.5_0.5_1,inner,1,SA,1,2,Proj,No_Kink,3344,1342916
result_SELECT_10_Heisenberg2D_cylinder_0.5_0.5_1,inner,1,random,0,1,Single,No_Top,4079,242518
result_SELECT_10_Heisenberg2D_cylinder_0.5_0.5_1,inner,1,random,0,2,Double,No_MSF,3792,208253
result_SELECT_10_Heisenberg2D_cylinder_0.5_0.5_1,inner,1,random,0,2,Double,No_Top,3793,226197
result_SELECT_10_Heisenberg2D_cylinder_0.5_0.5_1,inner,1,random,0,1,Double,Yes_Kink,3794,370438
result_SELECT_10_Heisenberg2D_cylinder_0.5_0.5_1,inner,1,random,0,1,Single,No_Kink,4086,376386
result_SELECT_10_Heisenberg2D_cylinder_0.5_0.5_1,inner,1,random,0,2,Proj,No_MSF,3333,15668
result_SELECT_10_Heisenberg2D_cylinder_0.5_0.5_1,inner,1,random,0,2,Proj,No_Top,3333,33588
result_SELECT_10_Heisenberg2D_cylinder_0.5_0.5_1,inner,1,random,0,2,Single,No_MSF,4079,224618
result_SELECT_10_Heisenberg2D_cylinder_0.5_0.5_1,inner,1,random,0,2,Double,No_Kink,3794,370662
result_SELECT_10_Heisenberg2D_cylinder_0.5_0.5_1,inner,1,random,0,2,Single,No_Top,4080,242542
result_SELECT_10_Heisenberg2D_cylinder_0.5_0.5_1,inner,1,random,0,2,Double,Yes_Kink,3797,371467
result_SELECT_10_Heisenberg2D_cylinder_0.5_0.5_1,inner,2,SA,0.001,0,Double,No_MSF,3792,208253
result_SELECT_10_Heisenberg2D_cylinder_0.5_0.5_1,inner,2,SA,0.001,0,Double,No_Top,3792,226173
result_SELECT_10_Heisenberg2D_cylinder_0.5_0.5_1,inner,1,random,0,2,Single,No_Kink,4086,379212
result_SELECT_10_Heisenberg2D_cylinder_0.5_0.5_1,inner,2,SA,0.001,0,Double,No_Kink,3792,307640
result_SELECT_10_Heisenberg2D_cylinder_0.5_0.5_1,inner,2,SA,0.001,0,Proj,No_MSF,3333,15668
result_SELECT_10_Heisenberg2D_cylinder_0.5_0.5_1,inner,2,SA,0.001,0,Proj,No_Top,3333,33588
result_SELECT_10_Heisenberg2D_cylinder_0.5_0.5_1,inner,1,naive,0,0,Proj,No_Kink,3355,1508936
result_SELECT_10_Heisenberg2D_cylinder_0.5_0.5_1,inner,2,SA,0.001,0,Double,Yes_Kink,3793,304934
result_SELECT_10_Heisenberg2D_cylinder_0.5_0.5_1,inner,1,naive,0,0,Proj,Yes_Kink,3361,1472746
result_SELECT_10_Heisenberg2D_cylinder_0.5_0.5_1,inner,2,SA,0.001,0,Single,No_MSF,4079,224618
result_SELECT_10_Heisenberg2D_cylinder_0.5_0.5_1,inner,2,SA,0.001,0,Single,No_Top,4079,242538
result_SELECT_10_Heisenberg2D_cylinder_0.5_0.5_1,inner,2,SA,0.001,0,Single,No_Kink,4079,308045
result_SELECT_10_Heisenberg2D_cylinder_0.5_0.5_1,inner,2,SA,0.001,1,Double,No_MSF,3792,208253
result_SELECT_10_Heisenberg2D_cylinder_0.5_0.5_1,inner,2,SA,0.001,0,Single,Yes_Kink,4080,320683
result_SELECT_10_Heisenberg2D_cylinder_0.5_0.5_1,inner,2,SA,0.001,1,Double,No_Top,3792,226173
result_SELECT_10_Heisenberg2D_cylinder_0.5_0.5_1,inner,1,naive,0,1,Proj,Yes_Kink,3351,1465386
result_SELECT_10_Heisenberg2D_cylinder_0.5_0.5_1,inner,1,naive,0,1,Proj,No_Kink,3351,1512309
result_SELECT_10_Heisenberg2D_cylinder_0.5_0.5_1,inner,2,SA,0.001,1,Double,No_Kink,3793,307825
result_SELECT_10_Heisenberg2D_cylinder_0.5_0.5_1,inner,2,SA,0.001,1,Proj,No_MSF,3333,15668
result_SELECT_10_Heisenberg2D_cylinder_0.5_0.5_1,inner,2,SA,0.001,1,Proj,No_Top,3333,33588
result_SELECT_10_Heisenberg2D_cylinder_0.5_0.5_1,inner,2,SA,0.001,1,Double,Yes_Kink,3794,306147
result_SELECT_10_Heisenberg2D_cylinder_0.5_0.5_1,inner,2,SA,0.001,1,Single,No_MSF,4079,224618
result_SELECT_10_Heisenberg2D_cylinder_0.5_0.5_1,inner,2,SA,0.001,1,Single,No_Top,4079,242518
result_SELECT_10_Heisenberg2D_cylinder_0.5_0.5_1,inner,2,SA,0.001,1,Single,No_Kink,4079,308150
result_SELECT_10_Heisenberg2D_cylinder_0.5_0.5_1,inner,2,SA,0.001,2,Double,No_MSF,3792,208253
result_SELECT_10_Heisenberg2D_cylinder_0.5_0.5_1,inner,1,naive,0,2,Proj,No_Kink,3354,1482848
result_SELECT_10_Heisenberg2D_cylinder_0.5_0.5_1,inner,2,SA,0.001,2,Double,No_Top,3793,226197
result_SELECT_10_Heisenberg2D_cylinder_0.5_0.5_1,inner,1,naive,0,2,Proj,Yes_Kink,3356,1466217
result_SELECT_10_Heisenberg2D_cylinder_0.5_0.5_1,inner,2,SA,0.001,1,Single,Yes_Kink,4080,320788
result_SELECT_10_Heisenberg2D_cylinder_0.5_0.5_1,inner,2,SA,0.001,2,Double,No_Kink,3794,310783
result_SELECT_10_Heisenberg2D_cylinder_0.5_0.5_1,inner,2,SA,0.001,2,Proj,No_MSF,3333,15668
result_SELECT_10_Heisenberg2D_cylinder_0.5_0.5_1,inner,2,SA,0.001,2,Proj,No_Top,3333,33588
result_SELECT_10_Heisenberg2D_cylinder_0.5_0.5_1,inner,2,SA,0.001,2,Double,Yes_Kink,3793,307958
result_SELECT_10_Heisenberg2D_cylinder_0.5_0.5_1,inner,2,SA,0.001,2,Single,No_MSF,4079,224618
result_SELECT_10_Heisenberg2D_cylinder_0.5_0.5_1,inner,2,SA,0.001,2,Single,No_Top,4080,242542
result_SELECT_10_Heisenberg2D_cylinder_0.5_0.5_1,inner,1,random,0,0,Proj,Yes_Kink,3341,1412732
result_SELECT_10_Heisenberg2D_cylinder_0.5_0.5_1,inner,2,SA,0.001,2,Single,No_Kink,4080,310799
result_SELECT_10_Heisenberg2D_cylinder_0.5_0.5_1,inner,2,SA,0.01,0,Double,No_MSF,3792,208253
result_SELECT_10_Heisenberg2D_cylinder_0.5_0.5_1,inner,1,random,0,0,Proj,No_Kink,3341,1447907
result_SELECT_10_Heisenberg2D_cylinder_0.5_0.5_1,inner,2,SA,0.01,0,Double,No_Top,3792,226173
result_SELECT_10_Heisenberg2D_cylinder_0.5_0.5_1,inner,2,SA,0.01,0,Proj,No_MSF,3333,15668
result_SELECT_10_Heisenberg2D_cylinder_0.5_0.5_1,inner,2,SA,0.01,0,Proj,No_Top,3333,33588
result_SELECT_10_Heisenberg2D_cylinder_0.5_0.5_1,inner,2,SA,0.001,2,Single,Yes_Kink,4081,323246
result_SELECT_10_Heisenberg2D_cylinder_0.5_0.5_1,inner,2,SA,0.01,0,Double,No_Kink,3796,309131
result_SELECT_10_Heisenberg2D_cylinder_0.5_0.5_1,inner,2,SA,0.01,0,Double,Yes_Kink,3797,307230
result_SELECT_10_Heisenberg2D_cylinder_0.5_0.5_1,inner,2,SA,0.01,0,Single,No_MSF,4079,224618
result_SELECT_10_Heisenberg2D_cylinder_0.5_0.5_1,inner,2,SA,0.01,0,Single,No_Top,4079,242538
result_SELECT_10_Heisenberg2D_cylinder_0.5_0.5_1,inner,1,random,0,1,Proj,No_Kink,3341,1452392
result_SELECT_10_Heisenberg2D_cylinder_0.5_0.5_1,inner,1,random,0,1,Proj,Yes_Kink,3343,1407919
result_SELECT_10_Heisenberg2D_cylinder_0.5_0.5_1,inner,2,SA,0.01,1,Double,No_MSF,3792,208253
result_SELECT_10_Heisenberg2D_cylinder_0.5_0.5_1,inner,2,SA,0.01,0,Single,No_Kink,4079,313026
result_SELECT_10_Heisenberg2D_cylinder_0.5_0.5_1,inner,2,SA,0.01,1,Double,No_Top,3792,226173
result_SELECT_10_Heisenberg2D_cylinder_0.5_0.5_1,inner,2,SA,0.01,1,Proj,No_MSF,3333,15668
result_SELECT_10_Heisenberg2D_cylinder_0.5_0.5_1,inner,2,SA,0.01,0,Single,Yes_Kink,4079,325497
result_SELECT_10_Heisenberg2D_cylinder_0.5_0.5_1,inner,2,SA,0.01,1,Proj,No_Top,3333,33588
result_SELECT_10_Heisenberg2D_cylinder_0.5_0.5_1,inner,2,SA,0.01,1,Double,No_Kink,3796,309271
result_SELECT_10_Heisenberg2D_cylinder_0.5_0.5_1,inner,2,SA,0.01,1,Single,No_MSF,4079,224618
result_SELECT_10_Heisenberg2D_cylinder_0.5_0.5_1,inner,2,SA,0.01,1,Double,Yes_Kink,3798,307922
result_SELECT_10_Heisenberg2D_cylinder_0.5_0.5_1,inner,2,SA,0.01,1,Single,No_Top,4079,242518
result_SELECT_10_Heisenberg2D_cylinder_0.5_0.5_1,inner,1,random,0,2,Proj,No_Kink,3341,1454519
result_SELECT_10_Heisenberg2D_cylinder_0.5_0.5_1,inner,1,random,0,2,Proj,Yes_Kink,3341,1411224
result_SELECT_10_Heisenberg2D_cylinder_0.5_0.5_1,inner,2,SA,0.01,2,Double,No_MSF,3792,208253
result_SELECT_10_Heisenberg2D_cylinder_0.5_0.5_1,inner,2,SA,0.01,1,Single,No_Kink,4080,313388
result_SELECT_10_Heisenberg2D_cylinder_0.5_0.5_1,inner,2,SA,0.01,2,Double,No_Top,3793,226197
result_SELECT_10_Heisenberg2D_cylinder_0.5_0.5_1,inner,2,SA,0.01,2,Proj,No_MSF,3333,15668
result_SELECT_10_Heisenberg2D_cylinder_0.5_0.5_1,inner,2,SA,0.01,2,Proj,No_Top,3333,33588
result_SELECT_10_Heisenberg2D_cylinder_0.5_0.5_1,inner,2,SA,0.01,1,Single,Yes_Kink,4079,326265
result_SELECT_10_Heisenberg2D_cylinder_0.5_0.5_1,inner,2,SA,0.01,2,Double,No_Kink,3796,310755
result_SELECT_10_Heisenberg2D_cylinder_0.5_0.5_1,inner,2,SA,0.001,0,Proj,No_Kink,3335,1265895
result_SELECT_10_Heisenberg2D_cylinder_0.5_0.5_1,inner,2,SA,0.01,2,Double,Yes_Kink,3796,308867
result_SELECT_10_Heisenberg2D_cylinder_0.5_0.5_1,inner,2,SA,0.001,0,Proj,Yes_Kink,3335,1241782
result_SELECT_10_Heisenberg2D_cylinder_0.5_0.5_1,inner,2,SA,0.01,2,Single,No_MSF,4079,224618
result_SELECT_10_Heisenberg2D_cylinder_0.5_0.5_1,inner,2,SA,0.01,2,Single,No_Top,4080,242542
result_SELECT_10_Heisenberg2D_cylinder_0.5_0.5_1,inner,2,SA,0.1,0,Double,No_MSF,3792,208253
result_SELECT_10_Heisenberg2D_cylinder_0.5_0.5_1,inner,2,SA,0.1,0,Double,No_Top,3792,226173
result_SELECT_10_Heisenberg2D_cylinder_0.5_0.5_1,inner,2,SA,0.01,2,Single,No_Kink,4080,314779
result_SELECT_10_Heisenberg2D_cylinder_0.5_0.5_1,inner,2,SA,0.1,0,Double,No_Kink,3794,293027
result_SELECT_10_Heisenberg2D_cylinder_0.5_0.5_1,inner,2,SA,0.01,2,Single,Yes_Kink,4080,327010
result_SELECT_10_Heisenberg2D_cylinder_0.5_0.5_1,inner,2,SA,0.1,0,Proj,No_MSF,3333,15668
result_SELECT_10_Heisenberg2D_cylinder_0.5_0.5_1,inner,2,SA,0.1,0,Proj,No_Top,3333,33588
result_SELECT_10_Heisenberg2D_cylinder_0.5_0.5_1,inner,2,SA,0.1,0,Double,Yes_Kink,3796,299331
result_SELECT_10_Heisenberg2D_cylinder_0.5_0.5_1,inner,2,SA,0.1,0,Single,No_MSF,4079,224618
result_SELECT_10_Heisenberg2D_cylinder_0.5_0.5_1,inner,2,SA,0.1,0,Single,No_Top,4079,242538
result_SELECT_10_Heisenberg2D_cylinder_0.5_0.5_1,inner,2,SA,0.001,1,Proj,Yes_Kink,3336,1232211
result_SELECT_10_Heisenberg2D_cylinder_0.5_0.5_1,inner,2,SA,0.1,0,Single,No_Kink,4079,295584
result_SELECT_10_Heisenberg2D_cylinder_0.5_0.5_1,inner,2,SA,0.001,1,Proj,No_Kink,3335,1281664
result_SELECT_10_Heisenberg2D_cylinder_0.5_0.5_1,inner,2,SA,0.1,1,Double,No_MSF,3792,208253
result_SELECT_10_Heisenberg2D_cylinder_0.5_0.5_1,inner,2,SA,0.1,1,Double,No_Top,3792,226173
result_SELECT_10_Heisenberg2D_cylinder_0.5_0.5_1,inner,2,SA,0.1,0,Single,Yes_Kink,4080,308019
result_SELECT_10_Heisenberg2D_cylinder_0.5_0.5_1,inner,2,SA,0.1,1,Proj,No_MSF,3333,15668
result_SELECT_10_Heisenberg2D_cylinder_0.5_0.5_1,inner,2,SA,0.1,1,Double,No_Kink,3794,302666
result_SELECT_10_Heisenberg2D_cylinder_0.5_0.5_1,inner,2,SA,0.1,1,Proj,No_Top,3333,33588
result_SELECT_10_Heisenberg2D_cylinder_0.5_0.5_1,inner,2,SA,0.1,1,Double,Yes_Kink,3796,302926
result_SELECT_10_Heisenberg2D_cylinder_0.5_0.5_1,inner,2,SA,0.1,1,Single,No_MSF,4079,224618
result_SELECT_10_Heisenberg2D_cylinder_0.5_0.5_1,inner,2,SA,0.1,1,Single,No_Top,4079,242518
result_SELECT_10_Heisenberg2D_cylinder_0.5_0.5_1,inner,2,SA,0.1,1,Single,No_Kink,4079,305080
result_SELECT_10_Heisenberg2D_cylinder_0.5_0.5_1,inner,2,SA,0.1,2,Double,No_MSF,3792,208253
result_SELECT_10_Heisenberg2D_cylinder_0.5_0.5_1,inner,2,SA,0.001,2,Proj,No_Kink,3336,1338518
result_SELECT_10_Heisenberg2D_cylinder_0.5_0.5_1,inner,2,SA,0.1,2,Double,No_Top,3793,226197
result_SELECT_10_Heisenberg2D_cylinder_0.5_0.5_1,inner,2,SA,0.1,1,Single,Yes_Kink,4080,317060
result_SELECT_10_Heisenberg2D_cylinder_0.5_0.5_1,inner,2,SA,0.001,2,Proj,Yes_Kink,3336,1267362
result_SELECT_10_Heisenberg2D_cylinder_0.5_0.5_1,inner,2,SA,0.1,2,Double,No_Kink,3794,306599
result_SELECT_10_Heisenberg2D_cylinder_0.5_0.5_1,inner,2,SA,0.1,2,Proj,No_MSF,3333,15668
result_SELECT_10_Heisenberg2D_cylinder_0.5_0.5_1,inner,2,SA,0.1,2,Proj,No_Top,3333,33588
result_SELECT_10_Heisenberg2D_cylinder_0.5_0.5_1,inner,2,SA,0.1,2,Double,Yes_Kink,3799,306611
result_SELECT_10_Heisenberg2D_cylinder_0.5_0.5_1,inner,2,SA,0.1,2,Single,No_MSF,4079,224618
result_SELECT_10_Heisenberg2D_cylinder_0.5_0.5_1,inner,2,SA,0.1,2,Single,No_Top,4080,242542
result_SELECT_10_Heisenberg2D_cylinder_0.5_0.5_1,inner,2,SA,0.1,2,Single,No_Kink,4080,309105
result_SELECT_10_Heisenberg2D_cylinder_0.5_0.5_1,inner,2,SA,1,0,Double,No_MSF,3792,208253
result_SELECT_10_Heisenberg2D_cylinder_0.5_0.5_1,inner,2,SA,0.01,0,Proj,No_Kink,3341,1327577
result_SELECT_10_Heisenberg2D_cylinder_0.5_0.5_1,inner,2,SA,0.01,0,Proj,Yes_Kink,3341,1307307
result_SELECT_10_Heisenberg2D_cylinder_0.5_0.5_1,inner,2,SA,1,0,Double,No_Top,3792,226173
result_SELECT_10_Heisenberg2D_cylinder_0.5_0.5_1,inner,2,SA,0.1,2,Single,Yes_Kink,4081,321075
result_SELECT_10_Heisenberg2D_cylinder_0.5_0.5_1,inner,2,SA,1,0,Double,No_Kink,3792,288054
result_SELECT_10_Heisenberg2D_cylinder_0.5_0.5_1,inner,2,SA,1,0,Proj,No_MSF,3333,15668
result_SELECT_10_Heisenberg2D_cylinder_0.5_0.5_1,inner,2,SA,1,0,Proj,No_Top,3333,33588
result_SELECT_10_Heisenberg2D_cylinder_0.5_0.5_1,inner,2,SA,1,0,Double,Yes_Kink,3933,294067
result_SELECT_10_Heisenberg2D_cylinder_0.5_0.5_1,inner,2,SA,1,0,Single,No_MSF,4079,224618
result_SELECT_10_Heisenberg2D_cylinder_0.5_0.5_1,inner,2,SA,1,0,Single,No_Kink,4079,287238
result_SELECT_10_Heisenberg2D_cylinder_0.5_0.5_1,inner,2,SA,1,0,Single,No_Top,4079,242538
result_SELECT_10_Heisenberg2D_cylinder_0.5_0.5_1,inner,2,SA,0.01,1,Proj,Yes_Kink,3342,1300892
result_SELECT_10_Heisenberg2D_cylinder_0.5_0.5_1,inner,2,SA,0.01,1,Proj,No_Kink,3340,1319505
result_SELECT_10_Heisenberg2D_cylinder_0.5_0.5_1,inner,2,SA,1,1,Double,No_MSF,3792,208253
result_SELECT_10_Heisenberg2D_cylinder_0.5_0.5_1,inner,2,SA,1,0,Single,Yes_Kink,4079,295557
result_SELECT_10_Heisenberg2D_cylinder_0.5_0.5_1,inner,2,SA,1,1,Double,No_Top,3792,226173
result_SELECT_10_Heisenberg2D_cylinder_0.5_0.5_1,inner,2,SA,1,1,Double,No_Kink,3792,291596
result_SELECT_10_Heisenberg2D_cylinder_0.5_0.5_1,inner,2,SA,1,1,Proj,No_MSF,3333,15668
result_SELECT_10_Heisenberg2D_cylinder_0.5_0.5_1,inner,2,SA,1,1,Proj,No_Top,3333,33588
result_SELECT_10_Heisenberg2D_cylinder_0.5_0.5_1,inner,2,SA,1,1,Double,Yes_Kink,3933,297573
result_SELECT_10_Heisenberg2D_cylinder_0.5_0.5_1,inner,2,SA,1,1,Single,No_MSF,4079,224618
result_SELECT_10_Heisenberg2D_cylinder_0.5_0.5_1,inner,2,SA,1,1,Single,No_Top,4079,242518
result_SELECT_10_Heisenberg2D_cylinder_0.5_0.5_1,inner,2,SA,1,1,Single,No_Kink,4079,290251
result_SELECT_10_Heisenberg2D_cylinder_0.5_0.5_1,inner,2,SA,1,2,Double,No_MSF,3792,208253
result_SELECT_10_Heisenberg2D_cylinder_0.5_0.5_1,inner,2,SA,0.01,2,Proj,No_Kink,3339,1340446
result_SELECT_10_Heisenberg2D_cylinder_0.5_0.5_1,inner,2,SA,0.01,2,Proj,Yes_Kink,3340,1287591
result_SELECT_10_Heisenberg2D_cylinder_0.5_0.5_1,inner,2,SA,1,1,Single,Yes_Kink,4079,298564
result_SELECT_10_Heisenberg2D_cylinder_0.5_0.5_1,inner,2,SA,1,2,Double,No_Top,3793,226197
result_SELECT_10_Heisenberg2D_cylinder_0.5_0.5_1,inner,2,SA,1,2,Proj,No_MSF,3333,15668
result_SELECT_10_Heisenberg2D_cylinder_0.5_0.5_1,inner,2,SA,1,2,Double,No_Kink,3793,298560
result_SELECT_10_Heisenberg2D_cylinder_0.5_0.5_1,inner,2,SA,1,2,Proj,No_Top,3333,33588
result_SELECT_10_Heisenberg2D_cylinder_0.5_0.5_1,inner,2,SA,1,2,Double,Yes_Kink,3934,303866
result_SELECT_10_Heisenberg2D_cylinder_0.5_0.5_1,inner,2,SA,0.1,0,Proj,No_Kink,3339,1283263
result_SELECT_10_Heisenberg2D_cylinder_0.5_0.5_1,inner,2,SA,1,2,Single,No_MSF,4079,224618
result_SELECT_10_Heisenberg2D_cylinder_0.5_0.5_1,inner,2,SA,1,2,Single,No_Top,4080,242542
result_SELECT_10_Heisenberg2D_cylinder_0.5_0.5_1,inner,2,SA,1,2,Single,No_Kink,4080,297772
result_SELECT_10_Heisenberg2D_cylinder_0.5_0.5_1,inner,2,naive,0,0,Double,No_MSF,3792,208253
result_SELECT_10_Heisenberg2D_cylinder_0.5_0.5_1,inner,2,SA,0.1,0,Proj,Yes_Kink,3339,1314327
result_SELECT_10_Heisenberg2D_cylinder_0.5_0.5_1,inner,2,naive,0,0,Double,No_Top,3792,226173
result_SELECT_10_Heisenberg2D_cylinder_0.5_0.5_1,inner,2,SA,1,2,Single,Yes_Kink,4080,306077
result_SELECT_10_Heisenberg2D_cylinder_0.5_0.5_1,inner,2,naive,0,0,Proj,No_MSF,3333,15668
result_SELECT_10_Heisenberg2D_cylinder_0.5_0.5_1,inner,2,naive,0,0,Double,No_Kink,3792,316467
result_SELECT_10_Heisenberg2D_cylinder_0.5_0.5_1,inner,2,naive,0,0,Proj,No_Top,3333,33588
result_SELECT_10_Heisenberg2D_cylinder_0.5_0.5_1,inner,2,naive,0,0,Double,Yes_Kink,3793,314654
result_SELECT_10_Heisenberg2D_cylinder_0.5_0.5_1,inner,2,naive,0,0,Single,No_MSF,4079,224618
result_SELECT_10_Heisenberg2D_cylinder_0.5_0.5_1,inner,2,naive,0,0,Single,No_Top,4079,242538
result_SELECT_10_Heisenberg2D_cylinder_0.5_0.5_1,inner,2,SA,0.1,1,Proj,No_Kink,3339,1309387
result_SELECT_10_Heisenberg2D_cylinder_0.5_0.5_1,inner,2,naive,0,0,Single,No_Kink,4079,320688
result_SELECT_10_Heisenberg2D_cylinder_0.5_0.5_1,inner,2,SA,0.1,1,Proj,Yes_Kink,3342,1298490
result_SELECT_10_Heisenberg2D_cylinder_0.5_0.5_1,inner,2,naive,0,1,Double,No_MSF,3792,208253
result_SELECT_10_Heisenberg2D_cylinder_0.5_0.5_1,inner,2,naive,0,1,Double,No_Top,3792,226173
result_SELECT_10_Heisenberg2D_cylinder_0.5_0.5_1,inner,2,naive,0,1,Proj,No_MSF,3333,15668
result_SELECT_10_Heisenberg2D_cylinder_0.5_0.5_1,inner,2,naive,0,0,Single,Yes_Kink,4079,343335
result_SELECT_10_Heisenberg2D_cylinder_0.5_0.5_1,inner,2,naive,0,1,Double,No_Kink,3792,316478
result_SELECT_10_Heisenberg2D_cylinder_0.5_0.5_1,inner,2,naive,0,1,Proj,No_Top,3333,33588
result_SELECT_10_Heisenberg2D_cylinder_0.5_0.5_1,inner,2,naive,0,1,Single,No_MSF,4079,224618
result_SELECT_10_Heisenberg2D_cylinder_0.5_0.5_1,inner,2,naive,0,1,Double,Yes_Kink,3793,314665
result_SELECT_10_Heisenberg2D_cylinder_0.5_0.5_1,inner,2,naive,0,1,Single,No_Top,4079,242518
result_SELECT_10_Heisenberg2D_cylinder_0.5_0.5_1,inner,2,SA,0.1,2,Proj,Yes_Kink,3342,1282477
result_SELECT_10_Heisenberg2D_cylinder_0.5_0.5_1,inner,2,SA,0.1,2,Proj,No_Kink,3339,1323252
result_SELECT_10_Heisenberg2D_cylinder_0.5_0.5_1,inner,2,naive,0,2,Double,No_MSF,3792,208253
result_SELECT_10_Heisenberg2D_cylinder_0.5_0.5_1,inner,2,naive,0,1,Single,No_Kink,4079,320639
result_SELECT_10_Heisenberg2D_cylinder_0.5_0.5_1,inner,2,naive,0,2,Double,No_Top,3793,226197
result_SELECT_10_Heisenberg2D_cylinder_0.5_0.5_1,inner,2,naive,0,2,Proj,No_MSF,3333,15668
result_SELECT_10_Heisenberg2D_cylinder_0.5_0.5_1,inner,2,naive,0,2,Proj,No_Top,3333,33588
result_SELECT_10_Heisenberg2D_cylinder_0.5_0.5_1,inner,2,naive,0,2,Double,No_Kink,3793,316529
result_SELECT_10_Heisenberg2D_cylinder_0.5_0.5_1,inner,2,naive,0,1,Single,Yes_Kink,4079,343319
result_SELECT_10_Heisenberg2D_cylinder_0.5_0.5_1,inner,2,SA,1,0,Proj,Yes_Kink,3341,1211585
result_SELECT_10_Heisenberg2D_cylinder_0.5_0.5_1,inner,2,SA,1,0,Proj,No_Kink,3340,1249173
result_SELECT_10_Heisenberg2D_cylinder_0.5_0.5_1,inner,2,naive,0,2,Double,Yes_Kink,3794,314702
result_SELECT_10_Heisenberg2D_cylinder_0.5_0.5_1,inner,2,naive,0,2,Single,No_MSF,4079,224618
result_SELECT_10_Heisenberg2D_cylinder_0.5_0.5_1,inner,2,naive,0,2,Single,No_Top,4080,242542
result_SELECT_10_Heisenberg2D_cylinder_0.5_0.5_1,inner,2,random,0,0,Double,No_MSF,3792,208253
result_SELECT_10_Heisenberg2D_cylinder_0.5_0.5_1,inner,2,random,0,0,Double,No_Top,3792,226173
result_SELECT_10_Heisenberg2D_cylinder_0.5_0.5_1,inner,2,naive,0,2,Single,No_Kink,4080,320651
result_SELECT_10_Heisenberg2D_cylinder_0.5_0.5_1,inner,2,random,0,0,Proj,No_MSF,3333,15668
result_SELECT_10_Heisenberg2D_cylinder_0.5_0.5_1,inner,2,naive,0,2,Single,Yes_Kink,4080,343347
result_SELECT_10_Heisenberg2D_cylinder_0.5_0.5_1,inner,2,random,0,0,Proj,No_Top,3333,33588
result_SELECT_10_Heisenberg2D_cylinder_0.5_0.5_1,inner,2,random,0,0,Double,No_Kink,3792,340199
result_SELECT_10_Heisenberg2D_cylinder_0.5_0.5_1,inner,2,SA,1,1,Proj,Yes_Kink,3341,1204059
result_SELECT_10_Heisenberg2D_cylinder_0.5_0.5_1,inner,2,random,0,0,Single,No_MSF,4079,224618
result_SELECT_10_Heisenberg2D_cylinder_0.5_0.5_1,inner,2,random,0,0,Double,Yes_Kink,3820,344611
result_SELECT_10_Heisenberg2D_cylinder_0.5_0.5_1,inner,2,random,0,0,Single,No_Top,4079,242538
result_SELECT_10_Heisenberg2D_cylinder_0.5_0.5_1,inner,2,random,0,1,Double,No_MSF,3792,208253
result_SELECT_10_Heisenberg2D_cylinder_0.5_0.5_1,inner,2,SA,1,1,Proj,No_Kink,3341,1253310
result_SELECT_10_Heisenberg2D_cylinder_0.5_0.5_1,inner,2,random,0,1,Double,No_Top,3792,226173
result_SELECT_10_Heisenberg2D_cylinder_0.5_0.5_1,inner,2,random,0,0,Single,No_Kink,4081,344454
result_SELECT_10_Heisenberg2D_cylinder_0.5_0.5_1,inner,2,random,0,1,Proj,No_MSF,3333,15668
result_SELECT_10_Heisenberg2D_cylinder_0.5_0.5_1,inner,2,random,0,1,Proj,No_Top,3333,33588
result_SELECT_10_Heisenberg2D_cylinder_0.5_0.5_1,inner,2,random,0,0,Single,Yes_Kink,4080,355550
result_SELECT_10_Heisenberg2D_cylinder_0.5_0.5_1,inner,2,SA,1,2,Proj,No_Kink,3340,1239970
result_SELECT_10_Heisenberg2D_cylinder_0.5_0.5_1,inner,2,random,0,1,Double,No_Kink,3792,340362
result_SELECT_10_Heisenberg2D_cylinder_0.5_0.5_1,inner,2,random,0,1,Single,No_MSF,4079,224618
result_SELECT_10_Heisenberg2D_cylinder_0.5_0.5_1,inner,2,random,0,1,Single,No_Top,4079,242518
result_SELECT_10_Heisenberg2D_cylinder_0.5_0.5_1,inner,2,random,0,1,Double,Yes_Kink,3819,344704
result_SELECT_10_Heisenberg2D_cylinder_0.5_0.5_1,inner,2,random,0,2,Double,No_MSF,3792,208253
result_SELECT_10_Heisenberg2D_cylinder_0.5_0.5_1,inner,2,random,0,2,Double,No_Top,3793,226197
result_SELECT_10_Heisenberg2D_cylinder_0.5_0.5_1,inner,2,random,0,1,Single,No_Kink,4081,344560
result_SELECT_10_Heisenberg2D_cylinder_0.5_0.5_1,inner,2,SA,1,2,Proj,Yes_Kink,3341,1221958
result_SELECT_10_Heisenberg2D_cylinder_0.5_0.5_1,inner,2,random,0,1,Single,Yes_Kink,4080,355660
result_SELECT_10_Heisenberg2D_cylinder_0.5_0.5_1,inner,2,random,0,2,Proj,No_MSF,3333,15668
result_SELECT_10_Heisenberg2D_cylinder_0.5_0.5_1,inner,2,random,0,2,Double,No_Kink,3793,341691
result_SELECT_10_Heisenberg2D_cylinder_0.5_0.5_1,inner,2,random,0,2,Proj,No_Top,3333,33588
result_SELECT_10_Heisenberg2D_cylinder_0.5_0.5_1,inner,2,random,0,2,Single,No_MSF,4079,224618
result_SELECT_10_Heisenberg2D_cylinder_0.5_0.5_1,inner,2,random,0,2,Single,No_Top,4080,242542
result_SELECT_10_Heisenberg2D_cylinder_0.5_0.5_1,inner,2,random,0,2,Double,Yes_Kink,3821,345387
result_SELECT_10_Heisenberg2D_cylinder_0.5_0.5_1,inner,2,naive,0,0,Proj,No_Kink,3342,1456911
result_SELECT_10_Heisenberg2D_cylinder_0.5_0.5_1,inner,2,random,0,2,Single,No_Kink,4082,346098
result_SELECT_10_Heisenberg2D_cylinder_0.5_0.5_1,outer,1,SA,0.001,0,Double,No_MSF,3792,208253
result_SELECT_10_Heisenberg2D_cylinder_0.5_0.5_1,inner,2,naive,0,0,Proj,Yes_Kink,3342,1424055
result_SELECT_10_Heisenberg2D_cylinder_0.5_0.5_1,outer,1,SA,0.001,0,Double,No_Top,3792,226173
result_SELECT_10_Heisenberg2D_cylinder_0.5_0.5_1,outer,1,SA,0.001,0,Proj,No_MSF,3333,15668
result_SELECT_10_Heisenberg2D_cylinder_0.5_0.5_1,inner,2,random,0,2,Single,Yes_Kink,4081,356833
result_SELECT_10_Heisenberg2D_cylinder_0.5_0.5_1,outer,1,SA,0.001,0,Double,No_Kink,3801,337827
result_SELECT_10_Heisenberg2D_cylinder_0.5_0.5_1,outer,1,SA,0.001,0,Proj,No_Top,3333,33588
result_SELECT_10_Heisenberg2D_cylinder_0.5_0.5_1,outer,1,SA,0.001,0,Single,No_MSF,4079,224618
result_SELECT_10_Heisenberg2D_cylinder_0.5_0.5_1,outer,1,SA,0.001,0,Double,Yes_Kink,3801,336326
result_SELECT_10_Heisenberg2D_cylinder_0.5_0.5_1,outer,1,SA,0.001,0,Single,No_Top,4079,242538
result_SELECT_10_Heisenberg2D_cylinder_0.5_0.5_1,inner,2,naive,0,1,Proj,No_Kink,3342,1454746
result_SELECT_10_Heisenberg2D_cylinder_0.5_0.5_1,outer,1,SA,0.001,1,Double,No_MSF,3792,208253
result_SELECT_10_Heisenberg2D_cylinder_0.5_0.5_1,outer,1,SA,0.001,1,Double,No_Top,3792,226173
result_SELECT_10_Heisenberg2D_cylinder_0.5_0.5_1,outer,1,SA,0.001,0,Single,No_Kink,4089,338745
result_SELECT_10_Heisenberg2D_cylinder_0.5_0.5_1,outer,1,SA,0.001,1,Proj,No_MSF,3333,15668
result_SELECT_10_Heisenberg2D_cylinder_0.5_0.5_1,outer,1,SA,0.001,1,Proj,No_Top,3333,33588
result_SELECT_10_Heisenberg2D_cylinder_0.5_0.5_1,outer,1,SA,0.001,1,Double,No_Kink,3801,337844
result_SELECT_10_Heisenberg2D_cylinder_0.5_0.5_1,inner,2,naive,0,1,Proj,Yes_Kink,3343,1440304
result_SELECT_10_Heisenberg2D_cylinder_0.5_0.5_1,outer,1,SA,0.001,1,Single,No_MSF,4079,224618
result_SELECT_10_Heisenberg2D_cylinder_0.5_0.5_1,outer,1,SA,0.001,1,Double,Yes_Kink,3801,335692
result_SELECT_10_Heisenberg2D_cylinder_0.5_0.5_1,inner,2,naive,0,2,Proj,Yes_Kink,3342,1435066
result_SELECT_10_Heisenberg2D_cylinder_0.5_0.5_1,outer,1,SA,0.001,1,Single,No_Top,4079,242518
result_SELECT_10_Heisenberg2D_cylinder_0.5_0.5_1,outer,1,SA,0.001,1,Single,No_Kink,4089,338715
result_SELECT_10_Heisenberg2D_cylinder_0.5_0.5_1,outer,1,SA,0.001,2,Double,No_MSF,3792,208253
result_SELECT_10_Heisenberg2D_cylinder_0.5_0.5_1,inner,2,naive,0,2,Proj,No_Kink,3343,1459577
result_SELECT_10_Heisenberg2D_cylinder_0.5_0.5_1,outer,1,SA,0.001,2,Double,No_Top,3793,226197
result_SELECT_10_Heisenberg2D_cylinder_0.5_0.5_1,outer,1,SA,0.001,2,Proj,No_MSF,3333,15668
result_SELECT_10_Heisenberg2D_cylinder_0.5_0.5_1,outer,1,SA,0.001,2,Proj,No_Top,3333,33588
result_SELECT_10_Heisenberg2D_cylinder_0.5_0.5_1,outer,1,SA,0.001,2,Double,No_Kink,3802,337322
result_SELECT_10_Heisenberg2D_cylinder_0.5_0.5_1,outer,1,SA,0.001,2,Single,No_MSF,4079,224618
result_SELECT_10_Heisenberg2D_cylinder_0.5_0.5_1,outer,1,SA,0.001,2,Single,No_Top,4080,242542
result_SELECT_10_Heisenberg2D_cylinder_0.5_0.5_1,outer,1,SA,0.001,2,Double,Yes_Kink,3802,335852
result_SELECT_10_Heisenberg2D_cylinder_0.5_0.5_1,outer,1,SA,0.01,0,Double,No_MSF,3792,208253
result_SELECT_10_Heisenberg2D_cylinder_0.5_0.5_1,outer,1,SA,0.01,0,Double,No_Top,3792,226173
result_SELECT_10_Heisenberg2D_cylinder_0.5_0.5_1,outer,1,SA,0.001,2,Single,No_Kink,4090,338836
result_SELECT_10_Heisenberg2D_cylinder_0.5_0.5_1,outer,1,SA,0.01,0,Proj,No_MSF,3333,15668
result_SELECT_10_Heisenberg2D_cylinder_0.5_0.5_1,inner,2,random,0,0,Proj,No_Kink,3336,1588322
result_SELECT_10_Heisenberg2D_cylinder_0.5_0.5_1,inner,2,random,0,0,Proj,Yes_Kink,3335,1514225
result_SELECT_10_Heisenberg2D_cylinder_0.5_0.5_1,outer,1,SA,0.01,0,Double,No_Kink,3793,331160
result_SELECT_10_Heisenberg2D_cylinder_0.5_0.5_1,outer,1,SA,0.01,0,Double,Yes_Kink,3795,329763
result_SELECT_10_Heisenberg2D_cylinder_0.5_0.5_1,outer,1,SA,0.01,0,Proj,No_Top,3333,33588
result_SELECT_10_Heisenberg2D_cylinder_0.5_0.5_1,outer,1,SA,0.01,0,Single,No_Top,4079,242538
result_SELECT_10_Heisenberg2D_cylinder_0.5_0.5_1,outer,1,SA,0.01,0,Single,No_MSF,4079,224618
result_SELECT_10_Heisenberg2D_cylinder_0.5_0.5_1,outer,1,SA,0.01,0,Single,No_Kink,4083,335564
result_SELECT_10_Heisenberg2D_cylinder_0.5_0.5_1,outer,1,SA,0.01,1,Double,No_MSF,3792,208253
result_SELECT_10_Heisenberg2D_cylinder_0.5_0.5_1,outer,1,SA,0.01,1,Double,No_Top,3792,226173
result_SELECT_10_Heisenberg2D_cylinder_0.5_0.5_1,inner,2,random,0,1,Proj,Yes_Kink,3335,1529580
result_SELECT_10_Heisenberg2D_cylinder_0.5_0.5_1,outer,1,SA,0.01,1,Double,No_Kink,3793,331182
result_SELECT_10_Heisenberg2D_cylinder_0.5_0.5_1,outer,1,SA,0.01,1,Proj,No_MSF,3333,15668
result_SELECT_10_Heisenberg2D_cylinder_0.5_0.5_1,inner,2,random,0,1,Proj,No_Kink,3336,1577648
result_SELECT_10_Heisenberg2D_cylinder_0.5_0.5_1,outer,1,SA,0.01,1,Proj,No_Top,3333,33588
result_SELECT_10_Heisenberg2D_cylinder_0.5_0.5_1,outer,1,SA,0.01,1,Double,Yes_Kink,3795,330339
result_SELECT_10_Heisenberg2D_cylinder_0.5_0.5_1,outer,1,SA,0.01,1,Single,No_MSF,4079,224618
result_SELECT_10_Heisenberg2D_cylinder_0.5_0.5_1,outer,1,SA,0.01,1,Single,No_Top,4079,242518
result_SELECT_10_Heisenberg2D_cylinder_0.5_0.5_1,outer,1,SA,0.01,2,Double,No_MSF,3792,208253
result_SELECT_10_Heisenberg2D_cylinder_0.5_0.5_1,outer,1,SA,0.01,2,Double,No_Top,3793,226197
result_SELECT_10_Heisenberg2D_cylinder_0.5_0.5_1,outer,1,SA,0.01,1,Single,No_Kink,4083,335552
result_SELECT_10_Heisenberg2D_cylinder_0.5_0.5_1,inner,2,random,0,2,Proj,Yes_Kink,3335,1525327
result_SELECT_10_Heisenberg2D_cylinder_0.5_0.5_1,inner,2,random,0,2,Proj,No_Kink,3336,1567272
result_SELECT_10_Heisenberg2D_cylinder_0.5_0.5_1,outer,1,SA,0.01,2,Double,No_Kink,3793,331834
result_SELECT_10_Heisenberg2D_cylinder_0.5_0.5_1,outer,1,SA,0.01,2,Proj,No_MSF,3333,15668
result_SELECT_10_Heisenberg2D_cylinder_0.5_0.5_1,outer,1,SA,0.01,2,Proj,No_Top,3333,33588
result_SELECT_10_Heisenberg2D_cylinder_0.5_0.5_1,outer,1,SA,0.001,0,Proj,No_Kink,3342,1433934
result_SELECT_10_Heisenberg2D_cylinder_0.5_0.5_1,outer,1,SA,0.01,2,Single,No_MSF,4079,224618
result_SELECT_10_Heisenberg2D_cylinder_0.5_0.5_1,outer,1,SA,0.01,2,Single,No_Top,4080,242542
result_SELECT_10_Heisenberg2D_cylinder_0.5_0.5_1,outer,1,SA,0.001,0,Proj,Yes_Kink,3355,1385855
result_SELECT_10_Heisenberg2D_cylinder_0.5_0.5_1,outer,1,SA,0.01,2,Double,Yes_Kink,3805,330883
result_SELECT_10_Heisenberg2D_cylinder_0.5_0.5_1,outer,1,SA,0.1,0,Double,No_MSF,3792,208253
result_SELECT_10_Heisenberg2D_cylinder_0.5_0.5_1,outer,1,SA,0.1,0,Double,No_Top,3792,226173
result_SELECT_10_Heisenberg2D_cylinder_0.5_0.5_1,outer,1,SA,0.01,2,Single,No_Kink,4084,335599
result_SELECT_10_Heisenberg2D_cylinder_0.5_0.5_1,outer,1,SA,0.1,0,Proj,No_Top,3333,33588
result_SELECT_10_Heisenberg2D_cylinder_0.5_0.5_1,outer,1,SA,0.1,0,Proj,No_MSF,3333,15668
result_SELECT_10_Heisenberg2D_cylinder_0.5_0.5_1,outer,1,SA,0.1,0,Double,No_Kink,3792,327140
result_SELECT_10_Heisenberg2D_cylinder_0.5_0.5_1,outer,1,SA,0.1,0,Double,Yes_Kink,3794,325062
result_SELECT_10_Heisenberg2D_cylinder_0.5_0.5_1,outer,1,SA,0.1,0,Single,No_MSF,4079,224618
result_SELECT_10_Heisenberg2D_cylinder_0.5_0.5_1,outer,1,SA,0.001,1,Proj,Yes_Kink,3352,1378440
result_SELECT_10_Heisenberg2D_cylinder_0.5_0.5_1,outer,1,SA,0.001,1,Proj,No_Kink,3342,1437739
result_SELECT_10_Heisenberg2D_cylinder_0.5_0.5_1,outer,1,SA,0.1,0,Single,No_Top,4079,242538
result_SELECT_10_Heisenberg2D_cylinder_0.5_0.5_1,outer,1,SA,0.1,1,Double,No_Top,3792,226173
result_SELECT_10_Heisenberg2D_cylinder_0.5_0.5_1,outer,1,SA,0.1,1,Double,No_MSF,3792,208253
result_SELECT_10_Heisenberg2D_cylinder_0.5_0.5_1,outer,1,SA,0.1,0,Single,No_Kink,4082,330630
result_SELECT_10_Heisenberg2D_cylinder_0.5_0.5_1,outer,1,SA,0.1,1,Proj,No_MSF,3333,15668
result_SELECT_10_Heisenberg2D_cylinder_0.5_0.5_1,outer,1,SA,0.1,1,Proj,No_Top,3333,33588
result_SELECT_10_Heisenberg2D_cylinder_0.5_0.5_1,outer,1,SA,0.1,1,Double,No_Kink,3792,327142
result_SELECT_10_Heisenberg2D_cylinder_0.5_0.5_1,outer,1,SA,0.1,1,Double,Yes_Kink,3794,325511
result_SELECT_10_Heisenberg2D_cylinder_0.5_0.5_1,outer,1,SA,0.1,1,Single,No_MSF,4079,224618
result_SELECT_10_Heisenberg2D_cylinder_0.5_0.5_1,outer,1,SA,0.1,1,Single,No_Top,4079,242518
result_SELECT_10_Heisenberg2D_cylinder_0.5_0.5_1,outer,1,SA,0.001,2,Proj,No_Kink,3342,1431584
result_SELECT_10_Heisenberg2D_cylinder_0.5_0.5_1,outer,1,SA,0.1,2,Double,No_MSF,3792,208253
result_SELECT_10_Heisenberg2D_cylinder_0.5_0.5_1,outer,1,SA,0.001,2,Proj,Yes_Kink,3355,1385723
result_SELECT_10_Heisenberg2D_cylinder_0.5_0.5_1,outer,1,SA,0.1,2,Double,No_Top,3793,226197
result_SELECT_10_Heisenberg2D_cylinder_0.5_0.5_1,outer,1,SA,0.1,1,Single,No_Kink,4082,330627
result_SELECT_10_Heisenberg2D_cylinder_0.5_0.5_1,outer,1,SA,0.1,2,Proj,No_MSF,3333,15668
result_SELECT_10_Heisenberg2D_cylinder_0.5_0.5_1,outer,1,SA,0.1,2,Proj,No_Top,3333,33588
result_SELECT_10_Heisenberg2D_cylinder_0.5_0.5_1,outer,1,SA,0.1,2,Double,No_Kink,3793,327725
result_SELECT_10_Heisenberg2D_cylinder_0.5_0.5_1,outer,1,SA,0.1,2,Double,Yes_Kink,3795,326198
result_SELECT_10_Heisenberg2D_cylinder_0.5_0.5_1,outer,1,SA,0.1,2,Single,No_MSF,4079,224618
result_SELECT_10_Heisenberg2D_cylinder_0.5_0.5_1,outer,1,SA,0.1,2,Single,No_Top,4080,242542
result_SELECT_10_Heisenberg2D_cylinder_0.5_0.5_1,outer,1,SA,1,0,Double,No_MSF,3792,208253
result_SELECT_10_Heisenberg2D_cylinder_0.5_0.5_1,outer,1,SA,0.1,2,Single,No_Kink,4083,330719
result_SELECT_10_Heisenberg2D_cylinder_0.5_0.5_1,outer,1,SA,1,0,Double,No_Top,3792,226173
result_SELECT_10_Heisenberg2D_cylinder_0.5_0.5_1,outer,1,SA,1,0,Double,No_Kink,3792,306491
result_SELECT_10_Heisenberg2D_cylinder_0.5_0.5_1,outer,1,SA,1,0,Proj,No_MSF,3333,15668
result_SELECT_10_Heisenberg2D_cylinder_0.5_0.5_1,outer,1,SA,0.01,0,Proj,Yes_Kink,3351,1411863
result_SELECT_10_Heisenberg2D_cylinder_0.5_0.5_1,outer,1,SA,1,0,Double,Yes_Kink,3793,305857
result_SELECT_10_Heisenberg2D_cylinder_0.5_0.5_1,outer,1,SA,1,0,Proj,No_Top,3333,33588
result_SELECT_10_Heisenberg2D_cylinder_0.5_0.5_1,outer,1,SA,0.01,0,Proj,No_Kink,3341,1446179
result_SELECT_10_Heisenberg2D_cylinder_0.5_0.5_1,outer,1,SA,1,0,Single,No_MSF,4079,224618
result_SELECT_10_Heisenberg2D_cylinder_0.5_0.5_1,outer,1,SA,1,0,Single,No_Top,4079,242538
result_SELECT_10_Heisenberg2D_cylinder_0.5_0.5_1,outer,1,SA,1,0,Single,No_Kink,4079,309514
result_SELECT_10_Heisenberg2D_cylinder_0.5_0.5_1,outer,1,SA,1,1,Double,No_MSF,3792,208253
result_SELECT_10_Heisenberg2D_cylinder_0.5_0.5_1,outer,1,SA,1,1,Double,No_Top,3792,226173
result_SELECT_10_Heisenberg2D_cylinder_0.5_0.5_1,outer,1,SA,1,1,Double,No_Kink,3792,306511
result_SELECT_10_Heisenberg2D_cylinder_0.5_0.5_1,outer,1,SA,0.01,1,Proj,No_Kink,3340,1441710
result_SELECT_10_Heisenberg2D_cylinder_0.5_0.5_1,outer,1,SA,1,1,Proj,No_MSF,3333,15668
result_SELECT_10_Heisenberg2D_cylinder_0.5_0.5_1,outer,1,SA,1,1,Proj,No_Top,3333,33588
result_SELECT_10_Heisenberg2D_cylinder_0.5_0.5_1,outer,1,SA,1,1,Double,Yes_Kink,3794,305841
result_SELECT_10_Heisenberg2D_cylinder_0.5_0.5_1,outer,1,SA,1,1,Single,No_MSF,4079,224618
result_SELECT_10_Heisenberg2D_cylinder_0.5_0.5_1,outer,1,SA,0.01,1,Proj,Yes_Kink,3350,1408183
result_SELECT_10_Heisenberg2D_cylinder_0.5_0.5_1,outer,1,SA,1,1,Single,No_Top,4079,242518
result_SELECT_10_Heisenberg2D_cylinder_0.5_0.5_1,outer,1,SA,1,1,Single,No_Kink,4079,310032
result_SELECT_10_Heisenberg2D_cylinder_0.5_0.5_1,outer,1,SA,1,2,Double,No_MSF,3792,208253
result_SELECT_10_Heisenberg2D_cylinder_0.5_0.5_1,outer,1,SA,1,2,Double,No_Top,3793,226197
result_SELECT_10_Heisenberg2D_cylinder_0.5_0.5_1,outer,1,SA,1,2,Proj,No_MSF,3333,15668
result_SELECT_10_Heisenberg2D_cylinder_0.5_0.5_1,outer,1,SA,1,2,Double,No_Kink,3793,307717
result_SELECT_10_Heisenberg2D_cylinder_0.5_0.5_1,outer,1,SA,0.01,2,Proj,Yes_Kink,3353,1404984
result_SELECT_10_Heisenberg2D_cylinder_0.5_0.5_1,outer,1,SA,0.01,2,Proj,No_Kink,3342,1448536
result_SELECT_10_Heisenberg2D_cylinder_0.5_0.5_1,outer,1,SA,1,2,Double,Yes_Kink,3794,306765
result_SELECT_10_Heisenberg2D_cylinder_0.5_0.5_1,outer,1,SA,1,2,Proj,No_Top,3333,33588
result_SELECT_10_Heisenberg2D_cylinder_0.5_0.5_1,outer,1,SA,1,2,Single,No_MSF,4079,224618
result_SELECT_10_Heisenberg2D_cylinder_0.5_0.5_1,outer,1,SA,1,2,Single,No_Top,4080,242542
result_SELECT_10_Heisenberg2D_cylinder_0.5_0.5_1,outer,1,SA,1,2,Single,No_Kink,4080,310802
result_SELECT_10_Heisenberg2D_cylinder_0.5_0.5_1,outer,1,naive,0,0,Double,No_MSF,3792,208253
result_SELECT_10_Heisenberg2D_cylinder_0.5_0.5_1,outer,1,naive,0,0,Double,No_Top,3792,226173
result_SELECT_10_Heisenberg2D_cylinder_0.5_0.5_1,outer,1,SA,0.1,0,Proj,Yes_Kink,3342,1381063
result_SELECT_10_Heisenberg2D_cylinder_0.5_0.5_1,outer,1,naive,0,0,Proj,No_MSF,3333,15668
result_SELECT_10_Heisenberg2D_cylinder_0.5_0.5_1,outer,1,naive,0,0,Double,No_Kink,3795,353226
result_SELECT_10_Heisenberg2D_cylinder_0.5_0.5_1,outer,1,naive,0,0,Proj,No_Top,3333,33588
result_SELECT_10_Heisenberg2D_cylinder_0.5_0.5_1,outer,1,SA,0.1,0,Proj,No_Kink,3339,1445664
result_SELECT_10_Heisenberg2D_cylinder_0.5_0.5_1,outer,1,naive,0,0,Single,No_MSF,4079,224618
result_SELECT_10_Heisenberg2D_cylinder_0.5_0.5_1,outer,1,naive,0,0,Single,No_Top,4079,242538
result_SELECT_10_Heisenberg2D_cylinder_0.5_0.5_1,outer,1,naive,0,0,Double,Yes_Kink,3801,352091
result_SELECT_10_Heisenberg2D_cylinder_0.5_0.5_1,outer,1,SA,0.1,1,Proj,Yes_Kink,3341,1387016
result_SELECT_10_Heisenberg2D_cylinder_0.5_0.5_1,outer,1,SA,0.1,1,Proj,No_Kink,3339,1444526
result_SELECT_10_Heisenberg2D_cylinder_0.5_0.5_1,outer,1,naive,0,1,Double,No_MSF,3792,208253
result_SELECT_10_Heisenberg2D_cylinder_0.5_0.5_1,outer,1,naive,0,1,Double,No_Top,3792,226173
result_SELECT_10_Heisenberg2D_cylinder_0.5_0.5_1,outer,1,naive,0,0,Single,No_Kink,4081,361829
result_SELECT_10_Heisenberg2D_cylinder_0.5_0.5_1,outer,1,naive,0,1,Proj,No_MSF,3333,15668
result_SELECT_10_Heisenberg2D_cylinder_0.5_0.5_1,outer,1,naive,0,1,Proj,No_Top,3333,33588
result_SELECT_10_Heisenberg2D_cylinder_0.5_0.5_1,outer,1,SA,0.1,2,Proj,Yes_Kink,3339,1365059
result_SELECT_10_Heisenberg2D_cylinder_0.5_0.5_1,outer,1,naive,0,1,Double,No_Kink,3795,353254
result_SELECT_10_Heisenberg2D_cylinder_0.5_0.5_1,outer,1,naive,0,1,Single,No_MSF,4079,224618
result_SELECT_10_Heisenberg2D_cylinder_0.5_0.5_1,outer,1,naive,0,1,Double,Yes_Kink,3799,352017
result_SELECT_10_Heisenberg2D_cylinder_0.5_0.5_1,outer,1,naive,0,1,Single,No_Top,4079,242518
result_SELECT_10_Heisenberg2D_cylinder_0.5_0.5_1,outer,1,naive,0,2,Double,No_MSF,3792,208253
result_SELECT_10_Heisenberg2D_cylinder_0.5_0.5_1,outer,1,naive,0,2,Double,No_Top,3793,226197
result_SELECT_10_Heisenberg2D_cylinder_0.5_0.5_1,outer,1,naive,0,1,Single,No_Kink,4081,361929
result_SELECT_10_Heisenberg2D_cylinder_0.5_0.5_1,outer,1,SA,0.1,2,Proj,No_Kink,3340,1432764
result_SELECT_10_Heisenberg2D_cylinder_0.5_0.5_1,outer,1,naive,0,2,Proj,No_MSF,3333,15668
result_SELECT_10_Heisenberg2D_cylinder_0.5_0.5_1,outer,1,SA,1,0,Proj,No_Kink,3334,1324463
result_SELECT_10_Heisenberg2D_cylinder_0.5_0.5_1,outer,1,SA,1,0,Proj,Yes_Kink,3335,1257806
result_SELECT_10_Heisenberg2D_cylinder_0.5_0.5_1,outer,1,naive,0,2,Proj,No_Top,3333,33588
result_SELECT_10_Heisenberg2D_cylinder_0.5_0.5_1,outer,1,naive,0,2,Double,No_Kink,3796,353909
result_SELECT_10_Heisenberg2D_cylinder_0.5_0.5_1,outer,1,naive,0,2,Single,No_MSF,4079,224618
result_SELECT_10_Heisenberg2D_cylinder_0.5_0.5_1,outer,1,naive,0,2,Double,Yes_Kink,3799,352408
result_SELECT_10_Heisenberg2D_cylinder_0.5_0.5_1,outer,1,random,0,0,Double,No_MSF,3792,208253
result_SELECT_10_Heisenberg2D_cylinder_0.5_0.5_1,outer,1,naive,0,2,Single,No_Top,4080,242542
result_SELECT_10_Heisenberg2D_cylinder_0.5_0.5_1,outer,1,random,0,0,Double,No_Top,3792,226173
result_SELECT_10_Heisenberg2D_cylinder_0.5_0.5_1,outer,1,random,0,0,Proj,No_MSF,3333,15668
result_SELECT_10_Heisenberg2D_cylinder_0.5_0.5_1,outer,1,naive,0,2,Single,No_Kink,4082,361757
result_SELECT_10_Heisenberg2D_cylinder_0.5_0.5_1,outer,1,random,0,0,Proj,No_Top,3333,33588
result_SELECT_10_Heisenberg2D_cylinder_0.5_0.5_1,outer,1,SA,1,1,Proj,No_Kink,3334,1322825
result_SELECT_10_Heisenberg2D_cylinder_0.5_0.5_1,outer,1,SA,1,1,Proj,Yes_Kink,3335,1274427
result_SELECT_10_Heisenberg2D_cylinder_0.5_0.5_1,outer,1,random,0,0,Double,No_Kink,3794,371189
result_SELECT_10_Heisenberg2D_cylinder_0.5_0.5_1,outer,1,random,0,0,Single,No_MSF,4079,224618
result_SELECT_10_Heisenberg2D_cylinder_0.5_0.5_1,outer,1,random,0,0,Double,Yes_Kink,3795,370233
result_SELECT_10_Heisenberg2D_cylinder_0.5_0.5_1,outer,1,random,0,0,Single,No_Top,4079,242538
result_SELECT_10_Heisenberg2D_cylinder_0.5_0.5_1,outer,1,random,0,1,Double,No_MSF,3792,208253
result_SELECT_10_Heisenberg2D_cylinder_0.5_0.5_1,outer,1,random,0,1,Double,No_Top,3792,226173
result_SELECT_10_Heisenberg2D_cylinder_0.5_0.5_1,outer,1,random,0,1,Proj,No_MSF,3333,15668
result_SELECT_10_Heisenberg2D_cylinder_0.5_0.5_1,outer,1,random,0,1,Proj,No_Top,3333,33588
result_SELECT_10_Heisenberg2D_cylinder_0.5_0.5_1,outer,1,random,0,0,Single,No_Kink,4087,380347
result_SELECT_10_Heisenberg2D_cylinder_0.5_0.5_1,outer,1,random,0,1,Single,No_MSF,4079,224618
result_SELECT_10_Heisenberg2D_cylinder_0.5_0.5_1,outer,1,SA,1,2,Proj,No_Kink,3335,1293575
result_SELECT_10_Heisenberg2D_cylinder_0.5_0.5_1,outer,1,random,0,1,Double,No_Kink,3794,371200
result_SELECT_10_Heisenberg2D_cylinder_0.5_0.5_1,outer,1,random,0,1,Single,No_Top,4079,242518
result_SELECT_10_Heisenberg2D_cylinder_0.5_0.5_1,outer,1,random,0,1,Double,Yes_Kink,3795,370135
result_SELECT_10_Heisenberg2D_cylinder_0.5_0.5_1,outer,1,random,0,2,Double,No_MSF,3792,208253
result_SELECT_10_Heisenberg2D_cylinder_0.5_0.5_1,outer,1,SA,1,2,Proj,Yes_Kink,3335,1280596
result_SELECT_10_Heisenberg2D_cylinder_0.5_0.5_1,outer,1,random,0,2,Double,No_Top,3793,226197
result_SELECT_10_Heisenberg2D_cylinder_0.5_0.5_1,outer,1,random,0,1,Single,No_Kink,4087,380346
result_SELECT_10_Heisenberg2D_cylinder_0.5_0.5_1,outer,1,random,0,2,Proj,No_MSF,3333,15668
result_SELECT_10_Heisenberg2D_cylinder_0.5_0.5_1,outer,1,random,0,2,Proj,No_Top,3333,33588
result_SELECT_10_Heisenberg2D_cylinder_0.5_0.5_1,outer,1,random,0,2,Single,No_MSF,4079,224618
result_SELECT_10_Heisenberg2D_cylinder_0.5_0.5_1,outer,1,random,0,2,Double,Yes_Kink,3796,370637
result_SELECT_10_Heisenberg2D_cylinder_0.5_0.5_1,outer,1,random,0,2,Double,No_Kink,3794,371505
result_SELECT_10_Heisenberg2D_cylinder_0.5_0.5_1,outer,1,random,0,2,Single,No_Top,4080,242542
result_SELECT_10_Heisenberg2D_cylinder_0.5_0.5_1,outer,2,SA,0.001,0,Double,No_MSF,3792,208253
result_SELECT_10_Heisenberg2D_cylinder_0.5_0.5_1,outer,2,SA,0.001,0,Double,No_Top,3792,226173
result_SELECT_10_Heisenberg2D_cylinder_0.5_0.5_1,outer,1,naive,0,0,Proj,No_Kink,3355,1508936
result_SELECT_10_Heisenberg2D_cylinder_0.5_0.5_1,outer,1,random,0,2,Single,No_Kink,4088,381004
result_SELECT_10_Heisenberg2D_cylinder_0.5_0.5_1,outer,2,SA,0.001,0,Double,No_Kink,3792,319286
result_SELECT_10_Heisenberg2D_cylinder_0.5_0.5_1,outer,2,SA,0.001,0,Proj,No_MSF,3333,15668
result_SELECT_10_Heisenberg2D_cylinder_0.5_0.5_1,outer,2,SA,0.001,0,Proj,No_Top,3333,33588
result_SELECT_10_Heisenberg2D_cylinder_0.5_0.5_1,outer,1,naive,0,0,Proj,Yes_Kink,3361,1472746
result_SELECT_10_Heisenberg2D_cylinder_0.5_0.5_1,outer,2,SA,0.001,0,Single,No_MSF,4079,224618
result_SELECT_10_Heisenberg2D_cylinder_0.5_0.5_1,outer,2,SA,0.001,0,Single,No_Top,4079,242538
result_SELECT_10_Heisenberg2D_cylinder_0.5_0.5_1,outer,2,SA,0.001,0,Double,Yes_Kink,3930,319698
result_SELECT_10_Heisenberg2D_cylinder_0.5_0.5_1,outer,2,SA,0.001,0,Single,No_Kink,4079,321121
result_SELECT_10_Heisenberg2D_cylinder_0.5_0.5_1,outer,2,SA,0.001,1,Double,No_MSF,3792,208253
result_SELECT_10_Heisenberg2D_cylinder_0.5_0.5_1,outer,1,naive,0,1,Proj,No_Kink,3351,1512309
result_SELECT_10_Heisenberg2D_cylinder_0.5_0.5_1,outer,2,SA,0.001,1,Double,No_Top,3792,226173
result_SELECT_10_Heisenberg2D_cylinder_0.5_0.5_1,outer,1,naive,0,1,Proj,Yes_Kink,3351,1465386
result_SELECT_10_Heisenberg2D_cylinder_0.5_0.5_1,outer,2,SA,0.001,0,Single,Yes_Kink,4079,329634
result_SELECT_10_Heisenberg2D_cylinder_0.5_0.5_1,outer,2,SA,0.001,1,Double,No_Kink,3792,319303
result_SELECT_10_Heisenberg2D_cylinder_0.5_0.5_1,outer,2,SA,0.001,1,Proj,No_MSF,3333,15668
result_SELECT_10_Heisenberg2D_cylinder_0.5_0.5_1,outer,2,SA,0.001,1,Proj,No_Top,3333,33588
result_SELECT_10_Heisenberg2D_cylinder_0.5_0.5_1,outer,2,SA,0.001,1,Single,No_MSF,4079,224618
result_SELECT_10_Heisenberg2D_cylinder_0.5_0.5_1,outer,2,SA,0.001,1,Single,No_Top,4079,242518
result_SELECT_10_Heisenberg2D_cylinder_0.5_0.5_1,outer,2,SA,0.001,1,Double,Yes_Kink,3930,319689
result_SELECT_10_Heisenberg2D_cylinder_0.5_0.5_1,outer,2,SA,0.001,1,Single,No_Kink,4079,321078
result_SELECT_10_Heisenberg2D_cylinder_0.5_0.5_1,outer,1,naive,0,2,Proj,No_Kink,3354,1482848
result_SELECT_10_Heisenberg2D_cylinder_0.5_0.5_1,outer,2,SA,0.001,2,Double,No_MSF,3792,208253
result_SELECT_10_Heisenberg2D_cylinder_0.5_0.5_1,outer,2,SA,0.001,2,Double,No_Top,3793,226197
result_SELECT_10_Heisenberg2D_cylinder_0.5_0.5_1,outer,2,SA,0.001,1,Single,Yes_Kink,4079,329606
result_SELECT_10_Heisenberg2D_cylinder_0.5_0.5_1,outer,2,SA,0.001,2,Proj,No_MSF,3333,15668
result_SELECT_10_Heisenberg2D_cylinder_0.5_0.5_1,outer,2,SA,0.001,2,Double,No_Kink,3793,319100
result_SELECT_10_Heisenberg2D_cylinder_0.5_0.5_1,outer,1,naive,0,2,Proj,Yes_Kink,3356,1466217
result_SELECT_10_Heisenberg2D_cylinder_0.5_0.5_1,outer,2,SA,0.001,2,Double,Yes_Kink,3931,319478
result_SELECT_10_Heisenberg2D_cylinder_0.5_0.5_1,outer,2,SA,0.001,2,Proj,No_Top,3333,33588
result_SELECT_10_Heisenberg2D_cylinder_0.5_0.5_1,outer,1,random,0,0,Proj,No_Kink,3341,1451219
result_SELECT_10_Heisenberg2D_cylinder_0.5_0.5_1,outer,2,SA,0.001,2,Single,No_MSF,4079,224618
result_SELECT_10_Heisenberg2D_cylinder_0.5_0.5_1,outer,1,random,0,0,Proj,Yes_Kink,3341,1418074
result_SELECT_10_Heisenberg2D_cylinder_0.5_0.5_1,outer,2,SA,0.001,2,Single,No_Top,4080,242542
result_SELECT_10_Heisenberg2D_cylinder_0.5_0.5_1,outer,2,SA,0.01,0,Double,No_MSF,3792,208253
result_SELECT_10_Heisenberg2D_cylinder_0.5_0.5_1,outer,2,SA,0.01,0,Double,No_Top,3792,226173
result_SELECT_10_Heisenberg2D_cylinder_0.5_0.5_1,outer,2,SA,0.001,2,Single,No_Kink,4080,321133
result_SELECT_10_Heisenberg2D_cylinder_0.5_0.5_1,outer,2,SA,0.001,2,Single,Yes_Kink,4080,329653
result_SELECT_10_Heisenberg2D_cylinder_0.5_0.5_1,outer,2,SA,0.01,0,Proj,No_MSF,3333,15668
result_SELECT_10_Heisenberg2D_cylinder_0.5_0.5_1,outer,2,SA,0.01,0,Proj,No_Top,3333,33588
result_SELECT_10_Heisenberg2D_cylinder_0.5_0.5_1,outer,2,SA,0.01,0,Double,Yes_Kink,3930,314807
result_SELECT_10_Heisenberg2D_cylinder_0.5_0.5_1,outer,2,SA,0.01,0,Double,No_Kink,3792,314177
result_SELECT_10_Heisenberg2D_cylinder_0.5_0.5_1,outer,1,random,0,1,Proj,No_Kink,3341,1462551
result_SELECT_10_Heisenberg2D_cylinder_0.5_0.5_1,outer,2,SA,0.01,0,Single,No_MSF,4079,224618
result_SELECT_10_Heisenberg2D_cylinder_0.5_0.5_1,outer,2,SA,0.01,0,Single,No_Top,4079,242538
result_SELECT_10_Heisenberg2D_cylinder_0.5_0.5_1,outer,2,SA,0.01,1,Double,No_MSF,3792,208253
result_SELECT_10_Heisenberg2D_cylinder_0.5_0.5_1,outer,2,SA,0.01,0,Single,No_Kink,4079,318025
result_SELECT_10_Heisenberg2D_cylinder_0.5_0.5_1,outer,2,SA,0.01,1,Double,No_Top,3792,226173
result_SELECT_10_Heisenberg2D_cylinder_0.5_0.5_1,outer,1,random,0,1,Proj,Yes_Kink,3341,1409543
result_SELECT_10_Heisenberg2D_cylinder_0.5_0.5_1,outer,2,SA,0.01,0,Single,Yes_Kink,4079,328712
result_SELECT_10_Heisenberg2D_cylinder_0.5_0.5_1,outer,2,SA,0.01,1,Double,No_Kink,3792,314191
result_SELECT_10_Heisenberg2D_cylinder_0.5_0.5_1,outer,2,SA,0.01,1,Proj,No_MSF,3333,15668
result_SELECT_10_Heisenberg2D_cylinder_0.5_0.5_1,outer,2,SA,0.01,1,Proj,No_Top,3333,33588
result_SELECT_10_Heisenberg2D_cylinder_0.5_0.5_1,outer,2,SA,0.01,1,Single,No_MSF,4079,224618
result_SELECT_10_Heisenberg2D_cylinder_0.5_0.5_1,outer,1,random,0,2,Proj,No_Kink,3341,1449534
result_SELECT_10_Heisenberg2D_cylinder_0.5_0.5_1,outer,2,SA,0.01,1,Double,Yes_Kink,3930,314721
result_SELECT_10_Heisenberg2D_cylinder_0.5_0.5_1,outer,1,random,0,2,Proj,Yes_Kink,3341,1406186
result_SELECT_10_Heisenberg2D_cylinder_0.5_0.5_1,outer,2,SA,0.01,1,Single,No_Top,4079,242518
result_SELECT_10_Heisenberg2D_cylinder_0.5_0.5_1,outer,2,SA,0.01,2,Double,No_MSF,3792,208253
result_SELECT_10_Heisenberg2D_cylinder_0.5_0.5_1,outer,2,SA,0.01,2,Double,No_Top,3793,226197
result_SELECT_10_Heisenberg2D_cylinder_0.5_0.5_1,outer,2,SA,0.01,1,Single,No_Kink,4079,317981
result_SELECT_10_Heisenberg2D_cylinder_0.5_0.5_1,outer,2,SA,0.01,2,Proj,No_MSF,3333,15668
result_SELECT_10_Heisenberg2D_cylinder_0.5_0.5_1,outer,2,SA,0.01,2,Proj,No_Top,3333,33588
result_SELECT_10_Heisenberg2D_cylinder_0.5_0.5_1,outer,2,SA,0.01,2,Double,No_Kink,3793,314407
result_SELECT_10_Heisenberg2D_cylinder_0.5_0.5_1,outer,2,SA,0.01,1,Single,Yes_Kink,4079,328667
result_SELECT_10_Heisenberg2D_cylinder_0.5_0.5_1,outer,2,SA,0.01,2,Double,Yes_Kink,3931,314829
result_SELECT_10_Heisenberg2D_cylinder_0.5_0.5_1,outer,2,SA,0.01,2,Single,No_MSF,4079,224618
result_SELECT_10_Heisenberg2D_cylinder_0.5_0.5_1,outer,2,SA,0.01,2,Single,No_Top,4080,242542
result_SELECT_10_Heisenberg2D_cylinder_0.5_0.5_1,outer,2,SA,0.1,0,Double,No_MSF,3792,208253
result_SELECT_10_Heisenberg2D_cylinder_0.5_0.5_1,outer,2,SA,0.01,2,Single,No_Kink,4080,318093
result_SELECT_10_Heisenberg2D_cylinder_0.5_0.5_1,outer,2,SA,0.1,0,Double,No_Top,3792,226173
result_SELECT_10_Heisenberg2D_cylinder_0.5_0.5_1,outer,2,SA,0.01,2,Single,Yes_Kink,4080,328764
result_SELECT_10_Heisenberg2D_cylinder_0.5_0.5_1,outer,2,SA,0.1,0,Double,No_Kink,3792,310214
result_SELECT_10_Heisenberg2D_cylinder_0.5_0.5_1,outer,2,SA,0.001,0,Proj,No_Kink,3338,1534012
result_SELECT_10_Heisenberg2D_cylinder_0.5_0.5_1,outer,2,SA,0.001,0,Proj,Yes_Kink,3339,1498029
result_SELECT_10_Heisenberg2D_cylinder_0.5_0.5_1,outer,2,SA,0.1,0,Proj,No_MSF,3333,15668
result_SELECT_10_Heisenberg2D_cylinder_0.5_0.5_1,outer,2,SA,0.1,0,Proj,No_Top,3333,33588
result_SELECT_10_Heisenberg2D_cylinder_0.5_0.5_1,outer,2,SA,0.1,0,Double,Yes_Kink,3793,306142
result_SELECT_10_Heisenberg2D_cylinder_0.5_0.5_1,outer,2,SA,0.1,0,Single,No_MSF,4079,224618
result_SELECT_10_Heisenberg2D_cylinder_0.5_0.5_1,outer,2,SA,0.1,0,Single,No_Top,4079,242538
result_SELECT_10_Heisenberg2D_cylinder_0.5_0.5_1,outer,2,SA,0.1,0,Single,No_Kink,4079,313498
result_SELECT_10_Heisenberg2D_cylinder_0.5_0.5_1,outer,2,SA,0.1,1,Double,No_MSF,3792,208253
result_SELECT_10_Heisenberg2D_cylinder_0.5_0.5_1,outer,2,SA,0.1,0,Single,Yes_Kink,4079,325254
result_SELECT_10_Heisenberg2D_cylinder_0.5_0.5_1,outer,2,SA,0.1,1,Double,No_Top,3792,226173
result_SELECT_10_Heisenberg2D_cylinder_0.5_0.5_1,outer,2,SA,0.001,1,Proj,No_Kink,3340,1514241
result_SELECT_10_Heisenberg2D_cylinder_0.5_0.5_1,outer,2,SA,0.1,1,Double,No_Kink,3792,310239
result_SELECT_10_Heisenberg2D_cylinder_0.5_0.5_1,outer,2,SA,0.1,1,Proj,No_MSF,3333,15668
result_SELECT_10_Heisenberg2D_cylinder_0.5_0.5_1,outer,2,SA,0.1,1,Proj,No_Top,3333,33588
result_SELECT_10_Heisenberg2D_cylinder_0.5_0.5_1,outer,2,SA,0.001,1,Proj,Yes_Kink,3339,1489477
result_SELECT_10_Heisenberg2D_cylinder_0.5_0.5_1,outer,2,SA,0.1,1,Double,Yes_Kink,3793,305964
result_SELECT_10_Heisenberg2D_cylinder_0.5_0.5_1,outer,2,SA,0.1,1,Single,No_MSF,4079,224618
result_SELECT_10_Heisenberg2D_cylinder_0.5_0.5_1,outer,2,SA,0.1,1,Single,No_Top,4079,242518
result_SELECT_10_Heisenberg2D_cylinder_0.5_0.5_1,outer,2,SA,0.1,1,Single,No_Kink,4079,313445
result_SELECT_10_Heisenberg2D_cylinder_0.5_0.5_1,outer,2,SA,0.1,2,Double,No_MSF,3792,208253
result_SELECT_10_Heisenberg2D_cylinder_0.5_0.5_1,outer,2,SA,0.1,1,Single,Yes_Kink,4079,325242
result_SELECT_10_Heisenberg2D_cylinder_0.5_0.5_1,outer,2,SA,0.1,2,Double,No_Top,3793,226197
result_SELECT_10_Heisenberg2D_cylinder_0.5_0.5_1,outer,2,SA,0.001,2,Proj,No_Kink,3338,1530890
result_SELECT_10_Heisenberg2D_cylinder_0.5_0.5_1,outer,2,SA,0.001,2,Proj,Yes_Kink,3340,1488442
result_SELECT_10_Heisenberg2D_cylinder_0.5_0.5_1,outer,2,SA,0.1,2,Double,No_Kink,3793,310719
result_SELECT_10_Heisenberg2D_cylinder_0.5_0.5_1,outer,2,SA,0.1,2,Proj,No_MSF,3333,15668
result_SELECT_10_Heisenberg2D_cylinder_0.5_0.5_1,outer,2,SA,0.1,2,Proj,No_Top,3333,33588
result_SELECT_10_Heisenberg2D_cylinder_0.5_0.5_1,outer,2,SA,0.1,2,Double,Yes_Kink,3794,306911
result_SELECT_10_Heisenberg2D_cylinder_0.5_0.5_1,outer,2,SA,0.1,2,Single,No_MSF,4079,224618
result_SELECT_10_Heisenberg2D_cylinder_0.5_0.5_1,outer,2,SA,0.1,2,Single,No_Top,4080,242542
result_SELECT_10_Heisenberg2D_cylinder_0.5_0.5_1,outer,2,SA,0.1,2,Single,No_Kink,4080,313519
result_SELECT_10_Heisenberg2D_cylinder_0.5_0.5_1,outer,2,SA,1,0,Double,No_MSF,3792,208253
result_SELECT_10_Heisenberg2D_cylinder_0.5_0.5_1,outer,2,SA,0.01,0,Proj,Yes_Kink,3342,1421717
result_SELECT_10_Heisenberg2D_cylinder_0.5_0.5_1,outer,2,SA,0.01,0,Proj,No_Kink,3337,1479289
result_SELECT_10_Heisenberg2D_cylinder_0.5_0.5_1,outer,2,SA,0.1,2,Single,Yes_Kink,4080,325284
result_SELECT_10_Heisenberg2D_cylinder_0.5_0.5_1,outer,2,SA,1,0,Double,No_Kink,3792,294301
result_SELECT_10_Heisenberg2D_cylinder_0.5_0.5_1,outer,2,SA,1,0,Double,No_Top,3792,226173
result_SELECT_10_Heisenberg2D_cylinder_0.5_0.5_1,outer,2,SA,1,0,Proj,No_MSF,3333,15668
result_SELECT_10_Heisenberg2D_cylinder_0.5_0.5_1,outer,2,SA,1,0,Proj,No_Top,3333,33588
result_SELECT_10_Heisenberg2D_cylinder_0.5_0.5_1,outer,2,SA,1,0,Double,Yes_Kink,3792,290838
result_SELECT_10_Heisenberg2D_cylinder_0.5_0.5_1,outer,2,SA,1,0,Single,No_MSF,4079,224618
result_SELECT_10_Heisenberg2D_cylinder_0.5_0.5_1,outer,2,SA,1,0,Single,No_Top,4079,242538
result_SELECT_10_Heisenberg2D_cylinder_0.5_0.5_1,outer,2,SA,1,0,Single,No_Kink,4079,296369
result_SELECT_10_Heisenberg2D_cylinder_0.5_0.5_1,outer,2,SA,0.01,1,Proj,Yes_Kink,3339,1414013
result_SELECT_10_Heisenberg2D_cylinder_0.5_0.5_1,outer,2,SA,0.01,1,Proj,No_Kink,3338,1477052
result_SELECT_10_Heisenberg2D_cylinder_0.5_0.5_1,outer,2,SA,1,1,Double,No_MSF,3792,208253
result_SELECT_10_Heisenberg2D_cylinder_0.5_0.5_1,outer,2,SA,1,1,Double,No_Top,3792,226173
result_SELECT_10_Heisenberg2D_cylinder_0.5_0.5_1,outer,2,SA,1,0,Single,Yes_Kink,4079,308033
result_SELECT_10_Heisenberg2D_cylinder_0.5_0.5_1,outer,2,SA,1,1,Double,No_Kink,3792,294312
result_SELECT_10_Heisenberg2D_cylinder_0.5_0.5_1,outer,2,SA,1,1,Proj,No_MSF,3333,15668
result_SELECT_10_Heisenberg2D_cylinder_0.5_0.5_1,outer,2,SA,1,1,Proj,No_Top,3333,33588
result_SELECT_10_Heisenberg2D_cylinder_0.5_0.5_1,outer,2,SA,1,1,Single,No_MSF,4079,224618
result_SELECT_10_Heisenberg2D_cylinder_0.5_0.5_1,outer,2,SA,1,1,Double,Yes_Kink,3792,290497
result_SELECT_10_Heisenberg2D_cylinder_0.5_0.5_1,outer,2,SA,0.01,2,Proj,Yes_Kink,3340,1391656
result_SELECT_10_Heisenberg2D_cylinder_0.5_0.5_1,outer,2,SA,1,1,Single,No_Top,4079,242518
result_SELECT_10_Heisenberg2D_cylinder_0.5_0.5_1,outer,2,SA,0.01,2,Proj,No_Kink,3338,1457195
result_SELECT_10_Heisenberg2D_cylinder_0.5_0.5_1,outer,2,SA,1,2,Double,No_MSF,3792,208253
result_SELECT_10_Heisenberg2D_cylinder_0.5_0.5_1,outer,2,SA,1,1,Single,No_Kink,4079,296345
result_SELECT_10_Heisenberg2D_cylinder_0.5_0.5_1,outer,2,SA,1,2,Double,No_Top,3793,226197
result_SELECT_10_Heisenberg2D_cylinder_0.5_0.5_1,outer,2,SA,1,1,Single,Yes_Kink,4079,308056
result_SELECT_10_Heisenberg2D_cylinder_0.5_0.5_1,outer,2,SA,1,2,Proj,No_MSF,3333,15668
result_SELECT_10_Heisenberg2D_cylinder_0.5_0.5_1,outer,2,SA,1,2,Double,No_Kink,3793,294288
result_SELECT_10_Heisenberg2D_cylinder_0.5_0.5_1,outer,2,SA,1,2,Proj,No_Top,3333,33588
result_SELECT_10_Heisenberg2D_cylinder_0.5_0.5_1,outer,2,SA,1,2,Single,No_Top,4080,242542
result_SELECT_10_Heisenberg2D_cylinder_0.5_0.5_1,outer,2,SA,1,2,Single,No_MSF,4079,224618
result_SELECT_10_Heisenberg2D_cylinder_0.5_0.5_1,outer,2,SA,1,2,Double,Yes_Kink,3793,291612
result_SELECT_10_Heisenberg2D_cylinder_0.5_0.5_1,outer,2,SA,0.1,0,Proj,No_Kink,3337,1374522
result_SELECT_10_Heisenberg2D_cylinder_0.5_0.5_1,outer,2,SA,0.1,0,Proj,Yes_Kink,3339,1367925
result_SELECT_10_Heisenberg2D_cylinder_0.5_0.5_1,outer,2,naive,0,0,Double,No_MSF,3792,208253
result_SELECT_10_Heisenberg2D_cylinder_0.5_0.5_1,outer,2,SA,1,2,Single,No_Kink,4080,296997
result_SELECT_10_Heisenberg2D_cylinder_0.5_0.5_1,outer,2,naive,0,0,Double,No_Top,3792,226173
result_SELECT_10_Heisenberg2D_cylinder_0.5_0.5_1,outer,2,SA,1,2,Single,Yes_Kink,4080,309087
result_SELECT_10_Heisenberg2D_cylinder_0.5_0.5_1,outer,2,naive,0,0,Proj,No_MSF,3333,15668
result_SELECT_10_Heisenberg2D_cylinder_0.5_0.5_1,outer,2,naive,0,0,Double,No_Kink,3792,316467
result_SELECT_10_Heisenberg2D_cylinder_0.5_0.5_1,outer,2,naive,0,0,Proj,No_Top,3333,33588
result_SELECT_10_Heisenberg2D_cylinder_0.5_0.5_1,outer,2,naive,0,0,Double,Yes_Kink,3793,314654
result_SELECT_10_Heisenberg2D_cylinder_0.5_0.5_1,outer,2,naive,0,0,Single,No_MSF,4079,224618
result_SELECT_10_Heisenberg2D_cylinder_0.5_0.5_1,outer,2,naive,0,0,Single,No_Top,4079,242538
result_SELECT_10_Heisenberg2D_cylinder_0.5_0.5_1,outer,2,naive,0,0,Single,No_Kink,4079,320688
result_SELECT_10_Heisenberg2D_cylinder_0.5_0.5_1,outer,2,naive,0,1,Double,No_MSF,3792,208253
result_SELECT_10_Heisenberg2D_cylinder_0.5_0.5_1,outer,2,SA,0.1,1,Proj,Yes_Kink,3338,1388512
result_SELECT_10_Heisenberg2D_cylinder_0.5_0.5_1,outer,2,SA,0.1,1,Proj,No_Kink,3337,1414217
result_SELECT_10_Heisenberg2D_cylinder_0.5_0.5_1,outer,2,naive,0,1,Double,No_Top,3792,226173
result_SELECT_10_Heisenberg2D_cylinder_0.5_0.5_1,outer,2,naive,0,0,Single,Yes_Kink,4079,343335
result_SELECT_10_Heisenberg2D_cylinder_0.5_0.5_1,outer,2,naive,0,1,Proj,No_MSF,3333,15668
result_SELECT_10_Heisenberg2D_cylinder_0.5_0.5_1,outer,2,naive,0,1,Double,No_Kink,3792,316478
result_SELECT_10_Heisenberg2D_cylinder_0.5_0.5_1,outer,2,naive,0,1,Proj,No_Top,3333,33588
result_SELECT_10_Heisenberg2D_cylinder_0.5_0.5_1,outer,2,naive,0,1,Double,Yes_Kink,3793,314665
result_SELECT_10_Heisenberg2D_cylinder_0.5_0.5_1,outer,2,naive,0,1,Single,No_MSF,4079,224618
result_SELECT_10_Heisenberg2D_cylinder_0.5_0.5_1,outer,2,naive,0,1,Single,No_Top,4079,242518
result_SELECT_10_Heisenberg2D_cylinder_0.5_0.5_1,outer,2,naive,0,1,Single,No_Kink,4079,320639
result_SELECT_10_Heisenberg2D_cylinder_0.5_0.5_1,outer,2,SA,0.1,2,Proj,Yes_Kink,3338,1375988
result_SELECT_10_Heisenberg2D_cylinder_0.5_0.5_1,outer,2,naive,0,2,Double,No_MSF,3792,208253
result_SELECT_10_Heisenberg2D_cylinder_0.5_0.5_1,outer,2,naive,0,2,Double,No_Top,3793,226197
result_SELECT_10_Heisenberg2D_cylinder_0.5_0.5_1,outer,2,naive,0,1,Single,Yes_Kink,4079,343319
result_SELECT_10_Heisenberg2D_cylinder_0.5_0.5_1,outer,2,naive,0,2,Double,No_Kink,3793,316529
result_SELECT_10_Heisenberg2D_cylinder_0.5_0.5_1,outer,2,naive,0,2,Proj,No_MSF,3333,15668
result_SELECT_10_Heisenberg2D_cylinder_0.5_0.5_1,outer,2,SA,0.1,2,Proj,No_Kink,3338,1395613
result_SELECT_10_Heisenberg2D_cylinder_0.5_0.5_1,outer,2,SA,1,0,Proj,Yes_Kink,3338,1229574
result_SELECT_10_Heisenberg2D_cylinder_0.5_0.5_1,outer,2,naive,0,2,Proj,No_Top,3333,33588
result_SELECT_10_Heisenberg2D_cylinder_0.5_0.5_1,outer,2,SA,1,0,Proj,No_Kink,3335,1273817
result_SELECT_10_Heisenberg2D_cylinder_0.5_0.5_1,outer,2,naive,0,2,Double,Yes_Kink,3794,314702
result_SELECT_10_Heisenberg2D_cylinder_0.5_0.5_1,outer,2,naive,0,2,Single,No_Top,4080,242542
result_SELECT_10_Heisenberg2D_cylinder_0.5_0.5_1,outer,2,naive,0,2,Single,No_MSF,4079,224618
result_SELECT_10_Heisenberg2D_cylinder_0.5_0.5_1,outer,2,random,0,0,Double,No_MSF,3792,208253
result_SELECT_10_Heisenberg2D_cylinder_0.5_0.5_1,outer,2,naive,0,2,Single,No_Kink,4080,320651
result_SELECT_10_Heisenberg2D_cylinder_0.5_0.5_1,outer,2,random,0,0,Double,No_Top,3792,226173
result_SELECT_10_Heisenberg2D_cylinder_0.5_0.5_1,outer,2,random,0,0,Proj,No_MSF,3333,15668
result_SELECT_10_Heisenberg2D_cylinder_0.5_0.5_1,outer,2,random,0,0,Proj,No_Top,3333,33588
result_SELECT_10_Heisenberg2D_cylinder_0.5_0.5_1,outer,2,SA,1,1,Proj,Yes_Kink,3335,1242335
result_SELECT_10_Heisenberg2D_cylinder_0.5_0.5_1,outer,2,random,0,0,Double,No_Kink,3792,351080
result_SELECT_10_Heisenberg2D_cylinder_0.5_0.5_1,outer,2,naive,0,2,Single,Yes_Kink,4080,343347
result_SELECT_10_Heisenberg2D_cylinder_0.5_0.5_1,outer,2,random,0,0,Single,No_MSF,4079,224618
result_SELECT_10_Heisenberg2D_cylinder_0.5_0.5_1,outer,2,SA,1,1,Proj,No_Kink,3335,1312955
result_SELECT_10_Heisenberg2D_cylinder_0.5_0.5_1,outer,2,random,0,0,Single,No_Top,4079,242538
result_SELECT_10_Heisenberg2D_cylinder_0.5_0.5_1,outer,2,random,0,0,Double,Yes_Kink,3795,348459
result_SELECT_10_Heisenberg2D_cylinder_0.5_0.5_1,outer,2,random,0,1,Double,No_MSF,3792,208253
result_SELECT_10_Heisenberg2D_cylinder_0.5_0.5_1,outer,2,random,0,1,Double,No_Top,3792,226173
result_SELECT_10_Heisenberg2D_cylinder_0.5_0.5_1,outer,2,SA,1,2,Proj,Yes_Kink,3336,1262312
result_SELECT_10_Heisenberg2D_cylinder_0.5_0.5_1,outer,2,random,0,0,Single,No_Kink,4080,355542
result_SELECT_10_Heisenberg2D_cylinder_0.5_0.5_1,outer,2,random,0,1,Proj,No_MSF,3333,15668
result_SELECT_10_Heisenberg2D_cylinder_0.5_0.5_1,outer,2,random,0,1,Proj,No_Top,3333,33588
result_SELECT_10_Heisenberg2D_cylinder_0.5_0.5_1,outer,2,SA,1,2,Proj,No_Kink,3334,1348276
result_SELECT_10_Heisenberg2D_cylinder_0.5_0.5_1,outer,2,random,0,0,Single,Yes_Kink,4080,366290
result_SELECT_10_Heisenberg2D_cylinder_0.5_0.5_1,outer,2,random,0,1,Double,No_Kink,3792,351105
result_SELECT_10_Heisenberg2D_cylinder_0.5_0.5_1,outer,2,random,0,1,Single,No_MSF,4079,224618
result_SELECT_10_Heisenberg2D_cylinder_0.5_0.5_1,outer,2,random,0,1,Single,No_Top,4079,242518
result_SELECT_10_Heisenberg2D_cylinder_0.5_0.5_1,outer,2,random,0,2,Double,No_MSF,3792,208253
result_SELECT_10_Heisenberg2D_cylinder_0.5_0.5_1,outer,2,random,0,1,Double,Yes_Kink,3795,348832
result_SELECT_10_Heisenberg2D_cylinder_0.5_0.5_1,outer,2,random,0,2,Double,No_Top,3793,226197
result_SELECT_10_Heisenberg2D_cylinder_0.5_0.5_1,outer,2,random,0,1,Single,No_Kink,4080,355495
result_SELECT_10_Heisenberg2D_cylinder_0.5_0.5_1,outer,2,random,0,2,Proj,No_MSF,3333,15668
result_SELECT_10_Heisenberg2D_cylinder_0.5_0.5_1,outer,2,random,0,2,Proj,No_Top,3333,33588
result_SELECT_10_Heisenberg2D_cylinder_0.5_0.5_1,outer,2,random,0,2,Double,No_Kink,3793,351474
result_SELECT_10_Heisenberg2D_cylinder_0.5_0.5_1,outer,2,random,0,2,Double,Yes_Kink,3796,349093
result_SELECT_10_Heisenberg2D_cylinder_0.5_0.5_1,outer,2,random,0,1,Single,Yes_Kink,4080,366250
result_SELECT_10_Heisenberg2D_cylinder_0.5_0.5_1,outer,2,random,0,2,Single,No_MSF,4079,224618
result_SELECT_10_Heisenberg2D_cylinder_0.5_0.5_1,outer,2,random,0,2,Single,No_Top,4080,242542
result_SELECT_10_Heisenberg2D_cylinder_0.5_0.5_1,outer,2,naive,0,0,Proj,Yes_Kink,3342,1424055
result_SELECT_10_Heisenberg2D_cylinder_0.5_0.5_2,inner,1,SA,0.001,0,Double,No_MSF,1921,194310
result_SELECT_10_Heisenberg2D_cylinder_0.5_0.5_1,outer,2,naive,0,0,Proj,No_Kink,3342,1456911
result_SELECT_10_Heisenberg2D_cylinder_0.5_0.5_1,outer,2,random,0,2,Single,No_Kink,4081,355989
result_SELECT_10_Heisenberg2D_cylinder_0.5_0.5_2,inner,1,SA,0.001,0,Double,No_Top,1921,212486
result_SELECT_10_Heisenberg2D_cylinder_0.5_0.5_2,inner,1,SA,0.001,0,Double,No_Kink,1924,306882
result_SELECT_10_Heisenberg2D_cylinder_0.5_0.5_2,inner,1,SA,0.001,0,Proj,No_MSF,1668,15876
result_SELECT_10_Heisenberg2D_cylinder_0.5_0.5_2,inner,1,SA,0.001,0,Proj,No_Top,1668,34052
result_SELECT_10_Heisenberg2D_cylinder_0.5_0.5_1,outer,2,random,0,2,Single,Yes_Kink,4081,366855
result_SELECT_10_Heisenberg2D_cylinder_0.5_0.5_1,outer,2,naive,0,1,Proj,No_Kink,3342,1454746
result_SELECT_10_Heisenberg2D_cylinder_0.5_0.5_2,inner,1,SA,0.001,0,Single,No_MSF,2072,210204
result_SELECT_10_Heisenberg2D_cylinder_0.5_0.5_2,inner,1,SA,0.001,0,Double,Yes_Kink,1927,305894
result_SELECT_10_Heisenberg2D_cylinder_0.5_0.5_1,outer,2,naive,0,1,Proj,Yes_Kink,3343,1440304
result_SELECT_10_Heisenberg2D_cylinder_0.5_0.5_2,inner,1,SA,0.001,0,Single,No_Top,2072,228380
result_SELECT_10_Heisenberg2D_cylinder_0.5_0.5_2,inner,1,SA,0.001,1,Double,No_MSF,1921,194310
result_SELECT_10_Heisenberg2D_cylinder_0.5_0.5_2,inner,1,SA,0.001,1,Double,No_Top,1921,212486
result_SELECT_10_Heisenberg2D_cylinder_0.5_0.5_2,inner,1,SA,0.001,0,Single,No_Kink,2078,308737
result_SELECT_10_Heisenberg2D_cylinder_0.5_0.5_2,inner,1,SA,0.001,1,Proj,No_MSF,1668,15876
result_SELECT_10_Heisenberg2D_cylinder_0.5_0.5_2,inner,1,SA,0.001,1,Proj,No_Top,1668,34052
result_SELECT_10_Heisenberg2D_cylinder_0.5_0.5_2,inner,1,SA,0.001,1,Double,No_Kink,1924,307248
result_SELECT_10_Heisenberg2D_cylinder_0.5_0.5_2,inner,1,SA,0.001,1,Double,Yes_Kink,1928,307350
result_SELECT_10_Heisenberg2D_cylinder_0.5_0.5_2,inner,1,SA,0.001,1,Single,No_MSF,2072,210204
result_SELECT_10_Heisenberg2D_cylinder_0.5_0.5_2,inner,1,SA,0.001,1,Single,No_Top,2072,228340
result_SELECT_10_Heisenberg2D_cylinder_0.5_0.5_1,outer,2,naive,0,2,Proj,Yes_Kink,3342,1435066
result_SELECT_10_Heisenberg2D_cylinder_0.5_0.5_2,inner,1,SA,0.001,2,Double,No_MSF,1921,194310
result_SELECT_10_Heisenberg2D_cylinder_0.5_0.5_2,inner,1,SA,0.001,1,Single,No_Kink,2078,309055
result_SELECT_10_Heisenberg2D_cylinder_0.5_0.5_2,inner,1,SA,0.001,2,Double,No_Top,1921,212529
result_SELECT_10_Heisenberg2D_cylinder_0.5_0.5_2,inner,1,SA,0.001,2,Proj,No_MSF,1668,15876
result_SELECT_10_Heisenberg2D_cylinder_0.5_0.5_2,inner,1,SA,0.001,2,Proj,No_Top,1668,34052
result_SELECT_10_Heisenberg2D_cylinder_0.5_0.5_1,outer,2,random,0,0,Proj,No_Kink,3337,1428436
result_SELECT_10_Heisenberg2D_cylinder_0.5_0.5_2,inner,1,SA,0.001,2,Double,No_Kink,1924,309362
result_SELECT_10_Heisenberg2D_cylinder_0.5_0.5_1,outer,2,naive,0,2,Proj,No_Kink,3343,1459577
result_SELECT_10_Heisenberg2D_cylinder_0.5_0.5_2,inner,1,SA,0.001,2,Single,No_MSF,2072,210204
result_SELECT_10_Heisenberg2D_cylinder_0.5_0.5_2,inner,1,SA,0.001,2,Single,No_Top,2072,228300
result_SELECT_10_Heisenberg2D_cylinder_0.5_0.5_2,inner,1,SA,0.001,2,Double,Yes_Kink,1926,308575
result_SELECT_10_Heisenberg2D_cylinder_0.5_0.5_2,inner,1,SA,0.01,0,Double,No_MSF,1921,194310
result_SELECT_10_Heisenberg2D_cylinder_0.5_0.5_1,outer,2,random,0,0,Proj,Yes_Kink,3338,1390134
result_SELECT_10_Heisenberg2D_cylinder_0.5_0.5_2,inner,1,SA,0.01,0,Double,No_Top,1921,212486
result_SELECT_10_Heisenberg2D_cylinder_0.5_0.5_2,inner,1,SA,0.001,2,Single,No_Kink,2078,311384
result_SELECT_10_Heisenberg2D_cylinder_0.5_0.5_2,inner,1,SA,0.01,0,Proj,No_MSF,1668,15876
result_SELECT_10_Heisenberg2D_cylinder_0.5_0.5_2,inner,1,SA,0.01,0,Proj,No_Top,1668,34052
result_SELECT_10_Heisenberg2D_cylinder_0.5_0.5_2,inner,1,SA,0.01,0,Double,No_Kink,1924,312806
result_SELECT_10_Heisenberg2D_cylinder_0.5_0.5_2,inner,1,SA,0.01,0,Double,Yes_Kink,1931,311384
result_SELECT_10_Heisenberg2D_cylinder_0.5_0.5_2,inner,1,SA,0.01,0,Single,No_MSF,2072,210204
result_SELECT_10_Heisenberg2D_cylinder_0.5_0.5_2,inner,1,SA,0.01,0,Single,No_Top,2072,228380
result_SELECT_10_Heisenberg2D_cylinder_0.5_0.5_2,inner,1,SA,0.01,1,Double,No_MSF,1921,194310
result_SELECT_10_Heisenberg2D_cylinder_0.5_0.5_2,inner,1,SA,0.01,0,Single,No_Kink,2080,315508
result_SELECT_10_Heisenberg2D_cylinder_0.5_0.5_2,inner,1,SA,0.01,1,Double,No_Top,1921,212486
result_SELECT_10_Heisenberg2D_cylinder_0.5_0.5_1,outer,2,random,0,1,Proj,No_Kink,3337,1432097
result_SELECT_10_Heisenberg2D_cylinder_0.5_0.5_1,outer,2,random,0,1,Proj,Yes_Kink,3339,1379969
result_SELECT_10_Heisenberg2D_cylinder_0.5_0.5_2,inner,1,SA,0.01,1,Double,No_Kink,1924,313064
result_SELECT_10_Heisenberg2D_cylinder_0.5_0.5_2,inner,1,SA,0.01,1,Proj,No_MSF,1668,15876
result_SELECT_10_Heisenberg2D_cylinder_0.5_0.5_2,inner,1,SA,0.01,1,Proj,No_Top,1668,34052
result_SELECT_10_Heisenberg2D_cylinder_0.5_0.5_2,inner,1,SA,0.01,1,Single,No_MSF,2072,210204
result_SELECT_10_Heisenberg2D_cylinder_0.5_0.5_2,inner,1,SA,0.01,1,Double,Yes_Kink,1929,312951
result_SELECT_10_Heisenberg2D_cylinder_0.5_0.5_2,inner,1,SA,0.001,0,Proj,Yes_Kink,1689,1039752
result_SELECT_10_Heisenberg2D_cylinder_0.5_0.5_2,inner,1,SA,0.01,1,Single,No_Top,2072,228340
result_SELECT_10_Heisenberg2D_cylinder_0.5_0.5_1,outer,2,random,0,2,Proj,No_Kink,3339,1436421
result_SELECT_10_Heisenberg2D_cylinder_0.5_0.5_2,inner,1,SA,0.001,0,Proj,No_Kink,1680,1081414
result_SELECT_10_Heisenberg2D_cylinder_0.5_0.5_2,inner,1,SA,0.01,1,Single,No_Kink,2080,315704
result_SELECT_10_Heisenberg2D_cylinder_0.5_0.5_2,inner,1,SA,0.01,2,Double,No_MSF,1921,194310
result_SELECT_10_Heisenberg2D_cylinder_0.5_0.5_2,inner,1,SA,0.01,2,Double,No_Top,1921,212529
result_SELECT_10_Heisenberg2D_cylinder_0.5_0.5_2,inner,1,SA,0.01,2,Proj,No_MSF,1668,15876
result_SELECT_10_Heisenberg2D_cylinder_0.5_0.5_2,inner,1,SA,0.01,2,Proj,No_Top,1668,34052
result_SELECT_10_Heisenberg2D_cylinder_0.5_0.5_2,inner,1,SA,0.01,2,Single,No_MSF,2072,210204
result_SELECT_10_Heisenberg2D_cylinder_0.5_0.5_2,inner,1,SA,0.01,2,Double,No_Kink,1925,315404
result_SELECT_10_Heisenberg2D_cylinder_0.5_0.5_2,inner,1,SA,0.01,2,Single,No_Top,2072,228300
result_SELECT_10_Heisenberg2D_cylinder_0.5_0.5_1,outer,2,random,0,2,Proj,Yes_Kink,3339,1385383
result_SELECT_10_Heisenberg2D_cylinder_0.5_0.5_2,inner,1,SA,0.01,2,Double,Yes_Kink,1929,314072
result_SELECT_10_Heisenberg2D_cylinder_0.5_0.5_2,inner,1,SA,0.001,1,Proj,Yes_Kink,1687,1057114
result_SELECT_10_Heisenberg2D_cylinder_0.5_0.5_2,inner,1,SA,0.1,0,Double,No_MSF,1921,194310
result_SELECT_10_Heisenberg2D_cylinder_0.5_0.5_2,inner,1,SA,0.001,1,Proj,No_Kink,1681,1071012
result_SELECT_10_Heisenberg2D_cylinder_0.5_0.5_2,inner,1,SA,0.01,2,Single,No_Kink,2080,317946
result_SELECT_10_Heisenberg2D_cylinder_0.5_0.5_2,inner,1,SA,0.1,0,Double,No_Top,1921,212486
result_SELECT_10_Heisenberg2D_cylinder_0.5_0.5_2,inner,1,SA,0.1,0,Proj,No_MSF,1668,15876
result_SELECT_10_Heisenberg2D_cylinder_0.5_0.5_2,inner,1,SA,0.1,0,Proj,No_Top,1668,34052
result_SELECT_10_Heisenberg2D_cylinder_0.5_0.5_2,inner,1,SA,0.1,0,Double,No_Kink,1929,293383
result_SELECT_10_Heisenberg2D_cylinder_0.5_0.5_2,inner,1,SA,0.1,0,Single,No_MSF,2072,210204
result_SELECT_10_Heisenberg2D_cylinder_0.5_0.5_2,inner,1,SA,0.1,0,Single,No_Top,2072,228380
result_SELECT_10_Heisenberg2D_cylinder_0.5_0.5_2,inner,1,SA,0.001,2,Proj,No_Kink,1683,1060342
result_SELECT_10_Heisenberg2D_cylinder_0.5_0.5_2,inner,1,SA,0.1,0,Double,Yes_Kink,1933,294361
result_SELECT_10_Heisenberg2D_cylinder_0.5_0.5_2,inner,1,SA,0.1,1,Double,No_MSF,1921,194310
result_SELECT_10_Heisenberg2D_cylinder_0.5_0.5_2,inner,1,SA,0.1,1,Double,No_Top,1921,212486
result_SELECT_10_Heisenberg2D_cylinder_0.5_0.5_2,inner,1,SA,0.1,0,Single,No_Kink,2077,291402
result_SELECT_10_Heisenberg2D_cylinder_0.5_0.5_2,inner,1,SA,0.001,2,Proj,Yes_Kink,1687,1060850
result_SELECT_10_Heisenberg2D_cylinder_0.5_0.5_2,inner,1,SA,0.1,1,Proj,No_MSF,1668,15876
result_SELECT_10_Heisenberg2D_cylinder_0.5_0.5_2,inner,1,SA,0.1,1,Proj,No_Top,1668,34052
result_SELECT_10_Heisenberg2D_cylinder_0.5_0.5_2,inner,1,SA,0.1,1,Double,No_Kink,1926,298406
result_SELECT_10_Heisenberg2D_cylinder_0.5_0.5_2,inner,1,SA,0.1,1,Single,No_MSF,2072,210204
result_SELECT_10_Heisenberg2D_cylinder_0.5_0.5_2,inner,1,SA,0.1,1,Double,Yes_Kink,1929,300989
result_SELECT_10_Heisenberg2D_cylinder_0.5_0.5_2,inner,1,SA,0.1,1,Single,No_Top,2072,228340
result_SELECT_10_Heisenberg2D_cylinder_0.5_0.5_2,inner,1,SA,0.1,2,Double,No_MSF,1921,194310
result_SELECT_10_Heisenberg2D_cylinder_0.5_0.5_2,inner,1,SA,0.1,1,Single,No_Kink,2077,298899
result_SELECT_10_Heisenberg2D_cylinder_0.5_0.5_2,inner,1,SA,0.1,2,Double,No_Top,1921,212529
result_SELECT_10_Heisenberg2D_cylinder_0.5_0.5_2,inner,1,SA,0.1,2,Proj,No_MSF,1668,15876
result_SELECT_10_Heisenberg2D_cylinder_0.5_0.5_2,inner,1,SA,0.01,0,Proj,No_Kink,1676,1080711
result_SELECT_10_Heisenberg2D_cylinder_0.5_0.5_2,inner,1,SA,0.1,2,Proj,No_Top,1668,34052
result_SELECT_10_Heisenberg2D_cylinder_0.5_0.5_2,inner,1,SA,0.01,0,Proj,Yes_Kink,1684,1066244
result_SELECT_10_Heisenberg2D_cylinder_0.5_0.5_2,inner,1,SA,0.1,2,Double,No_Kink,1924,306808
result_SELECT_10_Heisenberg2D_cylinder_0.5_0.5_2,inner,1,SA,0.1,2,Single,No_MSF,2072,210204
result_SELECT_10_Heisenberg2D_cylinder_0.5_0.5_2,inner,1,SA,0.1,2,Double,Yes_Kink,1931,306230
result_SELECT_10_Heisenberg2D_cylinder_0.5_0.5_2,inner,1,SA,0.1,2,Single,No_Top,2072,228300
result_SELECT_10_Heisenberg2D_cylinder_0.5_0.5_2,inner,1,SA,1,0,Double,No_MSF,1921,194310
result_SELECT_10_Heisenberg2D_cylinder_0.5_0.5_2,inner,1,SA,1,0,Double,No_Top,1921,212486
result_SELECT_10_Heisenberg2D_cylinder_0.5_0.5_2,inner,1,SA,0.1,2,Single,No_Kink,2077,308036
result_SELECT_10_Heisenberg2D_cylinder_0.5_0.5_2,inner,1,SA,1,0,Proj,No_MSF,1668,15876
result_SELECT_10_Heisenberg2D_cylinder_0.5_0.5_2,inner,1,SA,1,0,Proj,No_Top,1668,34052
result_SELECT_10_Heisenberg2D_cylinder_0.5_0.5_2,inner,1,SA,1,0,Double,No_Kink,1923,280154
result_SELECT_10_Heisenberg2D_cylinder_0.5_0.5_2,inner,1,SA,1,0,Double,Yes_Kink,1924,280228
result_SELECT_10_Heisenberg2D_cylinder_0.5_0.5_2,inner,1,SA,1,0,Single,No_MSF,2072,210204
result_SELECT_10_Heisenberg2D_cylinder_0.5_0.5_2,inner,1,SA,1,0,Single,No_Top,2072,228380
result_SELECT_10_Heisenberg2D_cylinder_0.5_0.5_2,inner,1,SA,0.01,1,Proj,Yes_Kink,1686,1042887
result_SELECT_10_Heisenberg2D_cylinder_0.5_0.5_2,inner,1,SA,0.01,1,Proj,No_Kink,1678,1087020
result_SELECT_10_Heisenberg2D_cylinder_0.5_0.5_2,inner,1,SA,1,1,Double,No_MSF,1921,194310
result_SELECT_10_Heisenberg2D_cylinder_0.5_0.5_2,inner,1,SA,1,0,Single,No_Kink,2076,279331
result_SELECT_10_Heisenberg2D_cylinder_0.5_0.5_2,inner,1,SA,1,1,Double,No_Top,1921,212486
result_SELECT_10_Heisenberg2D_cylinder_0.5_0.5_2,inner,1,SA,1,1,Double,No_Kink,1924,280292
result_SELECT_10_Heisenberg2D_cylinder_0.5_0.5_2,inner,1,SA,1,1,Proj,No_MSF,1668,15876
result_SELECT_10_Heisenberg2D_cylinder_0.5_0.5_2,inner,1,SA,1,1,Proj,No_Top,1668,34052
result_SELECT_10_Heisenberg2D_cylinder_0.5_0.5_2,inner,1,SA,1,1,Double,Yes_Kink,1924,285214
result_SELECT_10_Heisenberg2D_cylinder_0.5_0.5_2,inner,1,SA,1,1,Single,No_MSF,2072,210204
result_SELECT_10_Heisenberg2D_cylinder_0.5_0.5_2,inner,1,SA,0.01,2,Proj,No_Kink,1680,1088018
result_SELECT_10_Heisenberg2D_cylinder_0.5_0.5_2,inner,1,SA,1,1,Single,No_Top,2072,228340
result_SELECT_10_Heisenberg2D_cylinder_0.5_0.5_2,inner,1,SA,0.01,2,Proj,Yes_Kink,1689,1048395
result_SELECT_10_Heisenberg2D_cylinder_0.5_0.5_2,inner,1,SA,1,1,Single,No_Kink,2076,280851
result_SELECT_10_Heisenberg2D_cylinder_0.5_0.5_2,inner,1,SA,1,2,Double,No_MSF,1921,194310
result_SELECT_10_Heisenberg2D_cylinder_0.5_0.5_2,inner,1,SA,1,2,Double,No_Top,1921,212529
result_SELECT_10_Heisenberg2D_cylinder_0.5_0.5_2,inner,1,SA,1,2,Proj,No_MSF,1668,15876
result_SELECT_10_Heisenberg2D_cylinder_0.5_0.5_2,inner,1,SA,1,2,Double,No_Kink,1923,291855
result_SELECT_10_Heisenberg2D_cylinder_0.5_0.5_2,inner,1,SA,1,2,Proj,No_Top,1668,34052
result_SELECT_10_Heisenberg2D_cylinder_0.5_0.5_2,inner,1,SA,1,2,Single,No_MSF,2072,210204
result_SELECT_10_Heisenberg2D_cylinder_0.5_0.5_2,inner,1,SA,1,2,Single,No_Top,2072,228300
result_SELECT_10_Heisenberg2D_cylinder_0.5_0.5_2,inner,1,SA,1,2,Double,Yes_Kink,1926,293498
result_SELECT_10_Heisenberg2D_cylinder_0.5_0.5_2,inner,1,SA,0.1,0,Proj,No_Kink,1678,1086655
result_SELECT_10_Heisenberg2D_cylinder_0.5_0.5_2,inner,1,SA,1,2,Single,No_Kink,2076,291400
result_SELECT_10_Heisenberg2D_cylinder_0.5_0.5_2,inner,1,naive,0,0,Double,No_MSF,1921,194310
result_SELECT_10_Heisenberg2D_cylinder_0.5_0.5_2,inner,1,naive,0,0,Double,No_Top,1921,212486
result_SELECT_10_Heisenberg2D_cylinder_0.5_0.5_2,inner,1,SA,0.1,0,Proj,Yes_Kink,1679,1058480
result_SELECT_10_Heisenberg2D_cylinder_0.5_0.5_2,inner,1,naive,0,0,Proj,No_MSF,1668,15876
result_SELECT_10_Heisenberg2D_cylinder_0.5_0.5_2,inner,1,SA,0.1,1,Proj,Yes_Kink,1679,1061734
result_SELECT_10_Heisenberg2D_cylinder_0.5_0.5_2,inner,1,naive,0,0,Proj,No_Top,1668,34052
result_SELECT_10_Heisenberg2D_cylinder_0.5_0.5_2,inner,1,naive,0,0,Single,No_MSF,2072,210204
result_SELECT_10_Heisenberg2D_cylinder_0.5_0.5_2,inner,1,naive,0,0,Single,No_Top,2072,228380
result_SELECT_10_Heisenberg2D_cylinder_0.5_0.5_2,inner,1,SA,0.1,1,Proj,No_Kink,1678,1077081
result_SELECT_10_Heisenberg2D_cylinder_0.5_0.5_2,inner,1,naive,0,0,Double,No_Kink,2115,427422
result_SELECT_10_Heisenberg2D_cylinder_0.5_0.5_2,inner,1,naive,0,1,Double,No_Top,1921,212486
result_SELECT_10_Heisenberg2D_cylinder_0.5_0.5_2,inner,1,SA,0.1,2,Proj,Yes_Kink,1681,1060120
result_SELECT_10_Heisenberg2D_cylinder_0.5_0.5_2,inner,1,naive,0,1,Double,No_MSF,1921,194310
result_SELECT_10_Heisenberg2D_cylinder_0.5_0.5_2,inner,1,naive,0,0,Double,Yes_Kink,2131,430249
result_SELECT_10_Heisenberg2D_cylinder_0.5_0.5_2,inner,1,naive,0,1,Proj,No_MSF,1668,15876
result_SELECT_10_Heisenberg2D_cylinder_0.5_0.5_2,inner,1,naive,0,0,Single,No_Kink,2524,468157
result_SELECT_10_Heisenberg2D_cylinder_0.5_0.5_2,inner,1,SA,1,0,Proj,No_Kink,1677,1012233
result_SELECT_10_Heisenberg2D_cylinder_0.5_0.5_2,inner,1,SA,0.1,2,Proj,No_Kink,1681,1068489
result_SELECT_10_Heisenberg2D_cylinder_0.5_0.5_2,inner,1,naive,0,1,Proj,No_Top,1668,34052
result_SELECT_10_Heisenberg2D_cylinder_0.5_0.5_2,inner,1,naive,0,1,Single,No_MSF,2072,210204
result_SELECT_10_Heisenberg2D_cylinder_0.5_0.5_2,inner,1,naive,0,1,Single,No_Top,2072,228340
result_SELECT_10_Heisenberg2D_cylinder_0.5_0.5_2,inner,1,SA,1,0,Proj,Yes_Kink,1677,1019391
result_SELECT_10_Heisenberg2D_cylinder_0.5_0.5_2,inner,1,naive,0,1,Double,No_Kink,2100,426821
result_SELECT_10_Heisenberg2D_cylinder_0.5_0.5_2,inner,1,naive,0,2,Double,No_MSF,1921,194310
result_SELECT_10_Heisenberg2D_cylinder_0.5_0.5_2,inner,1,naive,0,2,Double,No_Top,1921,212529
result_SELECT_10_Heisenberg2D_cylinder_0.5_0.5_2,inner,1,naive,0,2,Proj,No_MSF,1668,15876
result_SELECT_10_Heisenberg2D_cylinder_0.5_0.5_2,inner,1,naive,0,1,Double,Yes_Kink,2136,433831
result_SELECT_10_Heisenberg2D_cylinder_0.5_0.5_2,inner,1,naive,0,2,Proj,No_Top,1668,34052
result_SELECT_10_Heisenberg2D_cylinder_0.5_0.5_2,inner,1,SA,1,1,Proj,No_Kink,1681,1023004
result_SELECT_10_Heisenberg2D_cylinder_0.5_0.5_2,inner,1,naive,0,2,Single,No_MSF,2072,210204
result_SELECT_10_Heisenberg2D_cylinder_0.5_0.5_2,inner,1,SA,1,1,Proj,Yes_Kink,1681,1011197
result_SELECT_10_Heisenberg2D_cylinder_0.5_0.5_2,inner,1,naive,0,2,Single,No_Top,2072,228300
result_SELECT_10_Heisenberg2D_cylinder_0.5_0.5_2,inner,1,naive,0,1,Single,No_Kink,2531,467738
result_SELECT_10_Heisenberg2D_cylinder_0.5_0.5_2,inner,1,random,0,0,Double,No_MSF,1921,194310
result_SELECT_10_Heisenberg2D_cylinder_0.5_0.5_2,inner,1,random,0,0,Double,No_Top,1921,212486
result_SELECT_10_Heisenberg2D_cylinder_0.5_0.5_2,inner,1,random,0,0,Proj,No_MSF,1668,15876
result_SELECT_10_Heisenberg2D_cylinder_0.5_0.5_2,inner,1,naive,0,2,Double,Yes_Kink,2124,435157
result_SELECT_10_Heisenberg2D_cylinder_0.5_0.5_2,inner,1,random,0,0,Proj,No_Top,1668,34052
result_SELECT_10_Heisenberg2D_cylinder_0.5_0.5_2,inner,1,SA,1,2,Proj,No_Kink,1683,1015097
result_SELECT_10_Heisenberg2D_cylinder_0.5_0.5_2,inner,1,naive,0,2,Double,No_Kink,2111,431257
result_SELECT_10_Heisenberg2D_cylinder_0.5_0.5_2,inner,1,SA,1,2,Proj,Yes_Kink,1683,993985
result_SELECT_10_Heisenberg2D_cylinder_0.5_0.5_2,inner,1,naive,0,2,Single,No_Kink,2515,468480
result_SELECT_10_Heisenberg2D_cylinder_0.5_0.5_2,inner,1,random,0,0,Single,No_MSF,2072,210204
result_SELECT_10_Heisenberg2D_cylinder_0.5_0.5_2,inner,1,random,0,1,Double,No_MSF,1921,194310
result_SELECT_10_Heisenberg2D_cylinder_0.5_0.5_2,inner,1,random,0,0,Single,No_Top,2072,228380
result_SELECT_10_Heisenberg2D_cylinder_0.5_0.5_2,inner,1,random,0,1,Double,No_Top,1921,212486
result_SELECT_10_Heisenberg2D_cylinder_0.5_0.5_2,inner,1,random,0,1,Proj,No_MSF,1668,15876
result_SELECT_10_Heisenberg2D_cylinder_0.5_0.5_2,inner,1,random,0,0,Double,No_Kink,1924,419829
result_SELECT_10_Heisenberg2D_cylinder_0.5_0.5_2,inner,1,random,0,1,Proj,No_Top,1668,34052
result_SELECT_10_Heisenberg2D_cylinder_0.5_0.5_2,inner,1,random,0,0,Double,Yes_Kink,1928,419401
result_SELECT_10_Heisenberg2D_cylinder_0.5_0.5_2,inner,1,random,0,1,Single,No_MSF,2072,210204
result_SELECT_10_Heisenberg2D_cylinder_0.5_0.5_2,inner,1,random,0,0,Single,No_Kink,2124,442370
result_SELECT_10_Heisenberg2D_cylinder_0.5_0.5_2,inner,1,random,0,1,Single,No_Top,2072,228340
result_SELECT_10_Heisenberg2D_cylinder_0.5_0.5_2,inner,1,random,0,2,Double,No_MSF,1921,194310
result_SELECT_10_Heisenberg2D_cylinder_0.5_0.5_2,inner,1,random,0,1,Double,Yes_Kink,1927,421543
result_SELECT_10_Heisenberg2D_cylinder_0.5_0.5_2,inner,1,naive,0,0,Proj,No_Kink,1747,1168800
result_SELECT_10_Heisenberg2D_cylinder_0.5_0.5_2,inner,1,random,0,1,Double,No_Kink,1924,420765
result_SELECT_10_Heisenberg2D_cylinder_0.5_0.5_2,inner,1,random,0,2,Double,No_Top,1921,212529
result_SELECT_10_Heisenberg2D_cylinder_0.5_0.5_2,inner,1,random,0,2,Proj,No_MSF,1668,15876
result_SELECT_10_Heisenberg2D_cylinder_0.5_0.5_2,inner,1,random,0,1,Single,No_Kink,2124,442754
result_SELECT_10_Heisenberg2D_cylinder_0.5_0.5_2,inner,1,random,0,2,Proj,No_Top,1668,34052
result_SELECT_10_Heisenberg2D_cylinder_0.5_0.5_2,inner,1,random,0,2,Single,No_MSF,2072,210204
result_SELECT_10_Heisenberg2D_cylinder_0.5_0.5_2,inner,1,random,0,2,Single,No_Top,2072,228300
result_SELECT_10_Heisenberg2D_cylinder_0.5_0.5_2,inner,1,random,0,2,Double,No_Kink,1924,423834
result_SELECT_10_Heisenberg2D_cylinder_0.5_0.5_2,inner,2,SA,0.001,0,Double,No_Top,1921,212486
result_SELECT_10_Heisenberg2D_cylinder_0.5_0.5_2,inner,2,SA,0.001,0,Double,No_MSF,1921,194310
result_SELECT_10_Heisenberg2D_cylinder_0.5_0.5_2,inner,1,naive,0,1,Proj,Yes_Kink,1758,1142909
result_SELECT_10_Heisenberg2D_cylinder_0.5_0.5_2,inner,1,random,0,2,Double,Yes_Kink,1931,423657
result_SELECT_10_Heisenberg2D_cylinder_0.5_0.5_2,inner,2,SA,0.001,0,Double,No_Kink,1924,293002
result_SELECT_10_Heisenberg2D_cylinder_0.5_0.5_2,inner,2,SA,0.001,0,Proj,No_MSF,1668,15876
result_SELECT_10_Heisenberg2D_cylinder_0.5_0.5_2,inner,2,SA,0.001,0,Proj,No_Top,1668,34052
result_SELECT_10_Heisenberg2D_cylinder_0.5_0.5_2,inner,1,naive,0,0,Proj,Yes_Kink,1756,1147148
result_SELECT_10_Heisenberg2D_cylinder_0.5_0.5_2,inner,1,random,0,2,Single,No_Kink,2125,445488
result_SELECT_10_Heisenberg2D_cylinder_0.5_0.5_2,inner,2,SA,0.001,0,Double,Yes_Kink,1993,294110
result_SELECT_10_Heisenberg2D_cylinder_0.5_0.5_2,inner,2,SA,0.001,0,Single,No_MSF,2072,210204
result_SELECT_10_Heisenberg2D_cylinder_0.5_0.5_2,inner,1,naive,0,2,Proj,No_Kink,1745,1156806
result_SELECT_10_Heisenberg2D_cylinder_0.5_0.5_2,inner,1,naive,0,2,Proj,Yes_Kink,1755,1139898
result_SELECT_10_Heisenberg2D_cylinder_0.5_0.5_2,inner,2,SA,0.001,0,Single,No_Top,2072,228380
result_SELECT_10_Heisenberg2D_cylinder_0.5_0.5_2,inner,2,SA,0.001,0,Single,No_Kink,2073,293872
result_SELECT_10_Heisenberg2D_cylinder_0.5_0.5_2,inner,1,naive,0,1,Proj,No_Kink,1743,1161440
result_SELECT_10_Heisenberg2D_cylinder_0.5_0.5_2,inner,2,SA,0.001,1,Double,No_Top,1921,212486
result_SELECT_10_Heisenberg2D_cylinder_0.5_0.5_2,inner,2,SA,0.001,1,Double,No_MSF,1921,194310
result_SELECT_10_Heisenberg2D_cylinder_0.5_0.5_2,inner,2,SA,0.001,0,Single,Yes_Kink,2074,304281
result_SELECT_10_Heisenberg2D_cylinder_0.5_0.5_2,inner,2,SA,0.001,1,Proj,No_MSF,1668,15876
result_SELECT_10_Heisenberg2D_cylinder_0.5_0.5_2,inner,1,random,0,0,Proj,No_Kink,1680,1111404
result_SELECT_10_Heisenberg2D_cylinder_0.5_0.5_2,inner,2,SA,0.001,1,Proj,No_Top,1668,34052
result_SELECT_10_Heisenberg2D_cylinder_0.5_0.5_2,inner,2,SA,0.001,1,Double,No_Kink,1924,293605
result_SELECT_10_Heisenberg2D_cylinder_0.5_0.5_2,inner,2,SA,0.001,1,Single,No_MSF,2072,210204
result_SELECT_10_Heisenberg2D_cylinder_0.5_0.5_2,inner,2,SA,0.001,1,Single,No_Top,2072,228340
result_SELECT_10_Heisenberg2D_cylinder_0.5_0.5_2,inner,2,SA,0.001,1,Double,Yes_Kink,1993,295486
result_SELECT_10_Heisenberg2D_cylinder_0.5_0.5_2,inner,2,SA,0.001,2,Double,No_MSF,1921,194310
result_SELECT_10_Heisenberg2D_cylinder_0.5_0.5_2,inner,2,SA,0.001,1,Single,No_Kink,2073,294197
result_SELECT_10_Heisenberg2D_cylinder_0.5_0.5_2,inner,2,SA,0.001,2,Double,No_Top,1921,212529
result_SELECT_10_Heisenberg2D_cylinder_0.5_0.5_2,inner,1,random,0,0,Proj,Yes_Kink,1682,1089864
result_SELECT_10_Heisenberg2D_cylinder_0.5_0.5_2,inner,2,SA,0.001,2,Proj,No_MSF,1668,15876
result_SELECT_10_Heisenberg2D_cylinder_0.5_0.5_2,inner,2,SA,0.001,1,Single,Yes_Kink,2074,304606
result_SELECT_10_Heisenberg2D_cylinder_0.5_0.5_2,inner,2,SA,0.001,2,Proj,No_Top,1668,34052
result_SELECT_10_Heisenberg2D_cylinder_0.5_0.5_2,inner,2,SA,0.001,2,Double,No_Kink,1924,294721
result_SELECT_10_Heisenberg2D_cylinder_0.5_0.5_2,inner,1,random,0,1,Proj,No_Kink,1681,1113338
result_SELECT_10_Heisenberg2D_cylinder_0.5_0.5_2,inner,2,SA,0.001,2,Single,No_MSF,2072,210204
result_SELECT_10_Heisenberg2D_cylinder_0.5_0.5_2,inner,2,SA,0.001,2,Double,Yes_Kink,1993,296090
result_SELECT_10_Heisenberg2D_cylinder_0.5_0.5_2,inner,2,SA,0.001,2,Single,No_Top,2072,228300
result_SELECT_10_Heisenberg2D_cylinder_0.5_0.5_2,inner,2,SA,0.01,0,Double,No_MSF,1921,194310
result_SELECT_10_Heisenberg2D_cylinder_0.5_0.5_2,inner,1,random,0,1,Proj,Yes_Kink,1682,1081790
result_SELECT_10_Heisenberg2D_cylinder_0.5_0.5_2,inner,2,SA,0.01,0,Double,No_Top,1921,212486
result_SELECT_10_Heisenberg2D_cylinder_0.5_0.5_2,inner,2,SA,0.001,2,Single,No_Kink,2073,295670
result_SELECT_10_Heisenberg2D_cylinder_0.5_0.5_2,inner,2,SA,0.01,0,Proj,No_MSF,1668,15876
result_SELECT_10_Heisenberg2D_cylinder_0.5_0.5_2,inner,2,SA,0.001,2,Single,Yes_Kink,2074,306281
result_SELECT_10_Heisenberg2D_cylinder_0.5_0.5_2,inner,2,SA,0.01,0,Proj,No_Top,1668,34052
result_SELECT_10_Heisenberg2D_cylinder_0.5_0.5_2,inner,2,SA,0.01,0,Double,No_Kink,1921,285109
result_SELECT_10_Heisenberg2D_cylinder_0.5_0.5_2,inner,2,SA,0.01,0,Double,Yes_Kink,1992,287046
result_SELECT_10_Heisenberg2D_cylinder_0.5_0.5_2,inner,2,SA,0.01,0,Single,No_MSF,2072,210204
result_SELECT_10_Heisenberg2D_cylinder_0.5_0.5_2,inner,2,SA,0.01,0,Single,No_Top,2072,228380
result_SELECT_10_Heisenberg2D_cylinder_0.5_0.5_2,inner,2,SA,0.01,0,Single,No_Kink,2072,285929
result_SELECT_10_Heisenberg2D_cylinder_0.5_0.5_2,inner,2,SA,0.01,1,Double,No_MSF,1921,194310
result_SELECT_10_Heisenberg2D_cylinder_0.5_0.5_2,inner,2,SA,0.01,1,Double,No_Top,1921,212486
result_SELECT_10_Heisenberg2D_cylinder_0.5_0.5_2,inner,2,SA,0.01,0,Single,Yes_Kink,2074,300942
result_SELECT_10_Heisenberg2D_cylinder_0.5_0.5_2,inner,1,random,0,2,Proj,No_Kink,1681,1108293
result_SELECT_10_Heisenberg2D_cylinder_0.5_0.5_2,inner,2,SA,0.01,1,Double,No_Kink,1921,286034
result_SELECT_10_Heisenberg2D_cylinder_0.5_0.5_2,inner,2,SA,0.01,1,Proj,No_MSF,1668,15876
result_SELECT_10_Heisenberg2D_cylinder_0.5_0.5_2,inner,2,SA,0.01,1,Proj,No_Top,1668,34052
result_SELECT_10_Heisenberg2D_cylinder_0.5_0.5_2,inner,1,random,0,2,Proj,Yes_Kink,1681,1078783
result_SELECT_10_Heisenberg2D_cylinder_0.5_0.5_2,inner,2,SA,0.01,1,Double,Yes_Kink,1992,289102
result_SELECT_10_Heisenberg2D_cylinder_0.5_0.5_2,inner,2,SA,0.01,1,Single,No_MSF,2072,210204
result_SELECT_10_Heisenberg2D_cylinder_0.5_0.5_2,inner,2,SA,0.01,1,Single,No_Top,2072,228340
result_SELECT_10_Heisenberg2D_cylinder_0.5_0.5_2,inner,2,SA,0.01,2,Double,No_MSF,1921,194310
result_SELECT_10_Heisenberg2D_cylinder_0.5_0.5_2,inner,2,SA,0.01,1,Single,No_Kink,2072,286743
result_SELECT_10_Heisenberg2D_cylinder_0.5_0.5_2,inner,2,SA,0.01,2,Double,No_Top,1921,212529
result_SELECT_10_Heisenberg2D_cylinder_0.5_0.5_2,inner,2,SA,0.01,1,Single,Yes_Kink,2074,301669
result_SELECT_10_Heisenberg2D_cylinder_0.5_0.5_2,inner,2,SA,0.001,0,Proj,Yes_Kink,1675,1003368
result_SELECT_10_Heisenberg2D_cylinder_0.5_0.5_2,inner,2,SA,0.01,2,Double,No_Kink,1921,288840
result_SELECT_10_Heisenberg2D_cylinder_0.5_0.5_2,inner,2,SA,0.01,2,Proj,No_MSF,1668,15876
result_SELECT_10_Heisenberg2D_cylinder_0.5_0.5_2,inner,2,SA,0.01,2,Proj,No_Top,1668,34052
result_SELECT_10_Heisenberg2D_cylinder_0.5_0.5_2,inner,2,SA,0.01,2,Single,No_MSF,2072,210204
result_SELECT_10_Heisenberg2D_cylinder_0.5_0.5_2,inner,2,SA,0.01,2,Single,No_Top,2072,228300
result_SELECT_10_Heisenberg2D_cylinder_0.5_0.5_2,inner,2,SA,0.01,2,Double,Yes_Kink,1992,290370
result_SELECT_10_Heisenberg2D_cylinder_0.5_0.5_2,inner,2,SA,0.001,0,Proj,No_Kink,1675,1022244
result_SELECT_10_Heisenberg2D_cylinder_0.5_0.5_2,inner,2,SA,0.01,2,Single,No_Kink,2072,289851
result_SELECT_10_Heisenberg2D_cylinder_0.5_0.5_2,inner,2,SA,0.1,0,Double,No_MSF,1921,194310
result_SELECT_10_Heisenberg2D_cylinder_0.5_0.5_2,inner,2,SA,0.1,0,Double,No_Top,1921,212486
result_SELECT_10_Heisenberg2D_cylinder_0.5_0.5_2,inner,2,SA,0.01,2,Single,Yes_Kink,2074,304537
result_SELECT_10_Heisenberg2D_cylinder_0.5_0.5_2,inner,2,SA,0.1,0,Double,No_Kink,1922,279132
result_SELECT_10_Heisenberg2D_cylinder_0.5_0.5_2,inner,2,SA,0.001,1,Proj,No_Kink,1674,1028213
result_SELECT_10_Heisenberg2D_cylinder_0.5_0.5_2,inner,2,SA,0.001,1,Proj,Yes_Kink,1674,1014872
result_SELECT_10_Heisenberg2D_cylinder_0.5_0.5_2,inner,2,SA,0.1,0,Proj,No_MSF,1668,15876
result_SELECT_10_Heisenberg2D_cylinder_0.5_0.5_2,inner,2,SA,0.1,0,Proj,No_Top,1668,34052
result_SELECT_10_Heisenberg2D_cylinder_0.5_0.5_2,inner,2,SA,0.1,0,Single,No_MSF,2072,210204
result_SELECT_10_Heisenberg2D_cylinder_0.5_0.5_2,inner,2,SA,0.1,0,Double,Yes_Kink,1926,277832
result_SELECT_10_Heisenberg2D_cylinder_0.5_0.5_2,inner,2,SA,0.1,0,Single,No_Top,2072,228380
result_SELECT_10_Heisenberg2D_cylinder_0.5_0.5_2,inner,2,SA,0.1,0,Single,No_Kink,2073,279924
result_SELECT_10_Heisenberg2D_cylinder_0.5_0.5_2,inner,2,SA,0.1,1,Double,No_MSF,1921,194310
result_SELECT_10_Heisenberg2D_cylinder_0.5_0.5_2,inner,2,SA,0.1,1,Double,No_Top,1921,212486
result_SELECT_10_Heisenberg2D_cylinder_0.5_0.5_2,inner,2,SA,0.1,1,Proj,No_MSF,1668,15876
result_SELECT_10_Heisenberg2D_cylinder_0.5_0.5_2,inner,2,SA,0.1,0,Single,Yes_Kink,2072,292417
result_SELECT_10_Heisenberg2D_cylinder_0.5_0.5_2,inner,2,SA,0.1,1,Double,No_Kink,1922,282333
result_SELECT_10_Heisenberg2D_cylinder_0.5_0.5_2,inner,2,SA,0.1,1,Double,Yes_Kink,1927,282122
result_SELECT_10_Heisenberg2D_cylinder_0.5_0.5_2,inner,2,SA,0.1,1,Proj,No_Top,1668,34052
result_SELECT_10_Heisenberg2D_cylinder_0.5_0.5_2,inner,2,SA,0.001,2,Proj,Yes_Kink,1675,1027151
result_SELECT_10_Heisenberg2D_cylinder_0.5_0.5_2,inner,2,SA,0.1,1,Single,No_MSF,2072,210204
result_SELECT_10_Heisenberg2D_cylinder_0.5_0.5_2,inner,2,SA,0.1,1,Single,No_Top,2072,228340
result_SELECT_10_Heisenberg2D_cylinder_0.5_0.5_2,inner,2,SA,0.001,2,Proj,No_Kink,1675,1051538
result_SELECT_10_Heisenberg2D_cylinder_0.5_0.5_2,inner,2,SA,0.1,1,Single,No_Kink,2073,282868
result_SELECT_10_Heisenberg2D_cylinder_0.5_0.5_2,inner,2,SA,0.1,2,Double,No_MSF,1921,194310
result_SELECT_10_Heisenberg2D_cylinder_0.5_0.5_2,inner,2,SA,0.1,2,Double,No_Top,1921,212529
result_SELECT_10_Heisenberg2D_cylinder_0.5_0.5_2,inner,2,SA,0.01,0,Proj,No_Kink,1673,1064156
result_SELECT_10_Heisenberg2D_cylinder_0.5_0.5_2,inner,2,SA,0.1,1,Single,Yes_Kink,2072,296622
result_SELECT_10_Heisenberg2D_cylinder_0.5_0.5_2,inner,2,SA,0.1,2,Proj,No_MSF,1668,15876
result_SELECT_10_Heisenberg2D_cylinder_0.5_0.5_2,inner,2,SA,0.1,2,Double,No_Kink,1922,286990
result_SELECT_10_Heisenberg2D_cylinder_0.5_0.5_2,inner,2,SA,0.01,0,Proj,Yes_Kink,1673,1058873
result_SELECT_10_Heisenberg2D_cylinder_0.5_0.5_2,inner,2,SA,0.1,2,Proj,No_Top,1668,34052
result_SELECT_10_Heisenberg2D_cylinder_0.5_0.5_2,inner,2,SA,0.1,2,Single,No_MSF,2072,210204
result_SELECT_10_Heisenberg2D_cylinder_0.5_0.5_2,inner,2,SA,0.1,2,Double,Yes_Kink,1928,285902
result_SELECT_10_Heisenberg2D_cylinder_0.5_0.5_2,inner,2,SA,0.1,2,Single,No_Top,2072,228300
result_SELECT_10_Heisenberg2D_cylinder_0.5_0.5_2,inner,2,SA,1,0,Double,No_MSF,1921,194310
result_SELECT_10_Heisenberg2D_cylinder_0.5_0.5_2,inner,2,SA,0.1,2,Single,No_Kink,2073,288216
result_SELECT_10_Heisenberg2D_cylinder_0.5_0.5_2,inner,2,SA,1,0,Double,No_Top,1921,212486
result_SELECT_10_Heisenberg2D_cylinder_0.5_0.5_2,inner,2,SA,0.1,2,Single,Yes_Kink,2072,301347
result_SELECT_10_Heisenberg2D_cylinder_0.5_0.5_2,inner,2,SA,0.01,1,Proj,No_Kink,1673,1064481
result_SELECT_10_Heisenberg2D_cylinder_0.5_0.5_2,inner,2,SA,1,0,Proj,No_MSF,1668,15876
result_SELECT_10_Heisenberg2D_cylinder_0.5_0.5_2,inner,2,SA,1,0,Double,No_Kink,1921,272398
result_SELECT_10_Heisenberg2D_cylinder_0.5_0.5_2,inner,2,SA,1,0,Proj,No_Top,1668,34052
result_SELECT_10_Heisenberg2D_cylinder_0.5_0.5_2,inner,2,SA,0.01,1,Proj,Yes_Kink,1673,1050184
result_SELECT_10_Heisenberg2D_cylinder_0.5_0.5_2,inner,2,SA,1,0,Double,Yes_Kink,1922,272212
result_SELECT_10_Heisenberg2D_cylinder_0.5_0.5_2,inner,2,SA,1,0,Single,No_MSF,2072,210204
result_SELECT_10_Heisenberg2D_cylinder_0.5_0.5_2,inner,2,SA,1,0,Single,No_Top,2072,228380
result_SELECT_10_Heisenberg2D_cylinder_0.5_0.5_2,inner,2,SA,1,1,Double,No_MSF,1921,194310
result_SELECT_10_Heisenberg2D_cylinder_0.5_0.5_2,inner,2,SA,1,0,Single,No_Kink,2072,271772
result_SELECT_10_Heisenberg2D_cylinder_0.5_0.5_2,inner,2,SA,1,1,Double,No_Top,1921,212486
result_SELECT_10_Heisenberg2D_cylinder_0.5_0.5_2,inner,2,SA,1,1,Double,No_Kink,1921,274031
result_SELECT_10_Heisenberg2D_cylinder_0.5_0.5_2,inner,2,SA,1,1,Proj,No_MSF,1668,15876
result_SELECT_10_Heisenberg2D_cylinder_0.5_0.5_2,inner,2,SA,1,0,Single,Yes_Kink,2073,291848
result_SELECT_10_Heisenberg2D_cylinder_0.5_0.5_2,inner,2,SA,0.01,2,Proj,Yes_Kink,1674,1054635
result_SELECT_10_Heisenberg2D_cylinder_0.5_0.5_2,inner,2,SA,0.01,2,Proj,No_Kink,1673,1074490
result_SELECT_10_Heisenberg2D_cylinder_0.5_0.5_2,inner,2,SA,1,1,Proj,No_Top,1668,34052
result_SELECT_10_Heisenberg2D_cylinder_0.5_0.5_2,inner,2,SA,1,1,Double,Yes_Kink,1922,274466
result_SELECT_10_Heisenberg2D_cylinder_0.5_0.5_2,inner,2,SA,1,1,Single,No_Top,2072,228340
result_SELECT_10_Heisenberg2D_cylinder_0.5_0.5_2,inner,2,SA,1,1,Single,No_MSF,2072,210204
result_SELECT_10_Heisenberg2D_cylinder_0.5_0.5_2,inner,2,SA,1,2,Double,No_MSF,1921,194310
result_SELECT_10_Heisenberg2D_cylinder_0.5_0.5_2,inner,2,SA,1,1,Single,No_Kink,2072,273440
result_SELECT_10_Heisenberg2D_cylinder_0.5_0.5_2,inner,2,SA,1,2,Double,No_Top,1921,212529
result_SELECT_10_Heisenberg2D_cylinder_0.5_0.5_2,inner,2,SA,1,2,Proj,No_MSF,1668,15876
result_SELECT_10_Heisenberg2D_cylinder_0.5_0.5_2,inner,2,SA,1,2,Double,No_Kink,1921,279462
result_SELECT_10_Heisenberg2D_cylinder_0.5_0.5_2,inner,2,SA,0.1,0,Proj,Yes_Kink,1676,1037941
result_SELECT_10_Heisenberg2D_cylinder_0.5_0.5_2,inner,2,SA,1,1,Single,Yes_Kink,2074,294001
result_SELECT_10_Heisenberg2D_cylinder_0.5_0.5_2,inner,2,SA,1,2,Proj,No_Top,1668,34052
result_SELECT_10_Heisenberg2D_cylinder_0.5_0.5_2,inner,2,SA,1,2,Single,No_MSF,2072,210204
result_SELECT_10_Heisenberg2D_cylinder_0.5_0.5_2,inner,2,SA,1,2,Single,No_Top,2072,228300
result_SELECT_10_Heisenberg2D_cylinder_0.5_0.5_2,inner,2,SA,1,2,Double,Yes_Kink,1922,277956
result_SELECT_10_Heisenberg2D_cylinder_0.5_0.5_2,inner,2,SA,0.1,0,Proj,No_Kink,1676,1085766
result_SELECT_10_Heisenberg2D_cylinder_0.5_0.5_2,inner,2,SA,1,2,Single,No_Kink,2072,277218
result_SELECT_10_Heisenberg2D_cylinder_0.5_0.5_2,inner,2,naive,0,0,Double,No_MSF,1921,194310
result_SELECT_10_Heisenberg2D_cylinder_0.5_0.5_2,inner,2,naive,0,0,Double,No_Top,1921,212486
result_SELECT_10_Heisenberg2D_cylinder_0.5_0.5_2,inner,2,naive,0,0,Proj,No_MSF,1668,15876
result_SELECT_10_Heisenberg2D_cylinder_0.5_0.5_2,inner,2,SA,0.1,1,Proj,No_Kink,1678,1054128
result_SELECT_10_Heisenberg2D_cylinder_0.5_0.5_2,inner,2,SA,1,2,Single,Yes_Kink,2074,297615
result_SELECT_10_Heisenberg2D_cylinder_0.5_0.5_2,inner,2,SA,0.1,1,Proj,Yes_Kink,1679,1031880
result_SELECT_10_Heisenberg2D_cylinder_0.5_0.5_2,inner,2,naive,0,0,Proj,No_Top,1668,34052
result_SELECT_10_Heisenberg2D_cylinder_0.5_0.5_2,inner,2,naive,0,0,Single,No_MSF,2072,210204
result_SELECT_10_Heisenberg2D_cylinder_0.5_0.5_2,inner,2,naive,0,0,Double,No_Kink,1923,334056
result_SELECT_10_Heisenberg2D_cylinder_0.5_0.5_2,inner,2,naive,0,0,Single,No_Top,2072,228380
result_SELECT_10_Heisenberg2D_cylinder_0.5_0.5_2,inner,2,naive,0,1,Double,No_MSF,1921,194310
result_SELECT_10_Heisenberg2D_cylinder_0.5_0.5_2,inner,2,naive,0,0,Double,Yes_Kink,1950,336350
result_SELECT_10_Heisenberg2D_cylinder_0.5_0.5_2,inner,2,naive,0,1,Double,No_Top,1921,212486
result_SELECT_10_Heisenberg2D_cylinder_0.5_0.5_2,inner,2,SA,0.1,2,Proj,Yes_Kink,1680,1016243
result_SELECT_10_Heisenberg2D_cylinder_0.5_0.5_2,inner,2,naive,0,0,Single,No_Kink,2081,337852
result_SELECT_10_Heisenberg2D_cylinder_0.5_0.5_2,inner,2,naive,0,1,Proj,No_MSF,1668,15876
result_SELECT_10_Heisenberg2D_cylinder_0.5_0.5_2,inner,2,naive,0,1,Proj,No_Top,1668,34052
result_SELECT_10_Heisenberg2D_cylinder_0.5_0.5_2,inner,2,naive,0,1,Double,No_Kink,1925,334587
result_SELECT_10_Heisenberg2D_cylinder_0.5_0.5_2,inner,2,naive,0,0,Single,Yes_Kink,2111,355603
result_SELECT_10_Heisenberg2D_cylinder_0.5_0.5_2,inner,2,SA,0.1,2,Proj,No_Kink,1677,1089141
result_SELECT_10_Heisenberg2D_cylinder_0.5_0.5_2,inner,2,SA,1,0,Proj,No_Kink,1673,978567
result_SELECT_10_Heisenberg2D_cylinder_0.5_0.5_2,inner,2,naive,0,1,Single,No_MSF,2072,210204
result_SELECT_10_Heisenberg2D_cylinder_0.5_0.5_2,inner,2,naive,0,1,Single,No_Top,2072,228340
result_SELECT_10_Heisenberg2D_cylinder_0.5_0.5_2,inner,2,naive,0,1,Double,Yes_Kink,1992,341168
result_SELECT_10_Heisenberg2D_cylinder_0.5_0.5_2,inner,2,naive,0,2,Double,No_MSF,1921,194310
result_SELECT_10_Heisenberg2D_cylinder_0.5_0.5_2,inner,2,SA,1,0,Proj,Yes_Kink,1672,974742
result_SELECT_10_Heisenberg2D_cylinder_0.5_0.5_2,inner,2,naive,0,2,Double,No_Top,1921,212529
result_SELECT_10_Heisenberg2D_cylinder_0.5_0.5_2,inner,2,naive,0,1,Single,No_Kink,2081,337950
result_SELECT_10_Heisenberg2D_cylinder_0.5_0.5_2,inner,2,naive,0,2,Proj,No_MSF,1668,15876
result_SELECT_10_Heisenberg2D_cylinder_0.5_0.5_2,inner,2,naive,0,2,Proj,No_Top,1668,34052
result_SELECT_10_Heisenberg2D_cylinder_0.5_0.5_2,inner,2,naive,0,1,Single,Yes_Kink,2111,355707
result_SELECT_10_Heisenberg2D_cylinder_0.5_0.5_2,inner,2,naive,0,2,Single,No_MSF,2072,210204
result_SELECT_10_Heisenberg2D_cylinder_0.5_0.5_2,inner,2,SA,1,1,Proj,No_Kink,1673,974691
result_SELECT_10_Heisenberg2D_cylinder_0.5_0.5_2,inner,2,naive,0,2,Double,No_Kink,1932,336974
result_SELECT_10_Heisenberg2D_cylinder_0.5_0.5_2,inner,2,naive,0,2,Single,No_Top,2072,228300
result_SELECT_10_Heisenberg2D_cylinder_0.5_0.5_2,inner,2,SA,1,1,Proj,Yes_Kink,1675,965195
result_SELECT_10_Heisenberg2D_cylinder_0.5_0.5_2,inner,2,naive,0,2,Double,Yes_Kink,1956,339462
result_SELECT_10_Heisenberg2D_cylinder_0.5_0.5_2,inner,2,random,0,0,Double,No_MSF,1921,194310
result_SELECT_10_Heisenberg2D_cylinder_0.5_0.5_2,inner,2,random,0,0,Double,No_Top,1921,212486
result_SELECT_10_Heisenberg2D_cylinder_0.5_0.5_2,inner,2,random,0,0,Proj,No_MSF,1668,15876
result_SELECT_10_Heisenberg2D_cylinder_0.5_0.5_2,inner,2,naive,0,2,Single,No_Kink,2082,339255
result_SELECT_10_Heisenberg2D_cylinder_0.5_0.5_2,inner,2,random,0,0,Proj,No_Top,1668,34052
result_SELECT_10_Heisenberg2D_cylinder_0.5_0.5_2,inner,2,random,0,0,Single,No_MSF,2072,210204
result_SELECT_10_Heisenberg2D_cylinder_0.5_0.5_2,inner,2,random,0,0,Single,No_Top,2072,228380
result_SELECT_10_Heisenberg2D_cylinder_0.5_0.5_2,inner,2,naive,0,2,Single,Yes_Kink,2140,361555
result_SELECT_10_Heisenberg2D_cylinder_0.5_0.5_2,inner,2,SA,1,2,Proj,Yes_Kink,1676,952129
result_SELECT_10_Heisenberg2D_cylinder_0.5_0.5_2,inner,2,SA,1,2,Proj,No_Kink,1676,1019032
result_SELECT_10_Heisenberg2D_cylinder_0.5_0.5_2,inner,2,random,0,0,Double,No_Kink,1922,367979
result_SELECT_10_Heisenberg2D_cylinder_0.5_0.5_2,inner,2,random,0,0,Double,Yes_Kink,1992,371893
result_SELECT_10_Heisenberg2D_cylinder_0.5_0.5_2,inner,2,random,0,1,Double,No_MSF,1921,194310
result_SELECT_10_Heisenberg2D_cylinder_0.5_0.5_2,inner,2,random,0,1,Double,No_Top,1921,212486
result_SELECT_10_Heisenberg2D_cylinder_0.5_0.5_2,inner,2,random,0,0,Single,No_Kink,2073,371472
result_SELECT_10_Heisenberg2D_cylinder_0.5_0.5_2,inner,2,random,0,1,Proj,No_MSF,1668,15876
result_SELECT_10_Heisenberg2D_cylinder_0.5_0.5_2,inner,2,random,0,1,Proj,No_Top,1668,34052
result_SELECT_10_Heisenberg2D_cylinder_0.5_0.5_2,inner,2,random,0,1,Single,No_MSF,2072,210204
result_SELECT_10_Heisenberg2D_cylinder_0.5_0.5_2,inner,2,random,0,1,Single,No_Top,2072,228340
result_SELECT_10_Heisenberg2D_cylinder_0.5_0.5_2,inner,2,random,0,0,Single,Yes_Kink,2075,379934
result_SELECT_10_Heisenberg2D_cylinder_0.5_0.5_2,inner,2,random,0,1,Double,No_Kink,1921,368263
result_SELECT_10_Heisenberg2D_cylinder_0.5_0.5_2,inner,2,random,0,2,Double,No_MSF,1921,194310
result_SELECT_10_Heisenberg2D_cylinder_0.5_0.5_2,inner,2,random,0,1,Double,Yes_Kink,1992,372252
result_SELECT_10_Heisenberg2D_cylinder_0.5_0.5_2,inner,2,random,0,2,Double,No_Top,1921,212529
result_SELECT_10_Heisenberg2D_cylinder_0.5_0.5_2,inner,2,random,0,1,Single,No_Kink,2073,371848
result_SELECT_10_Heisenberg2D_cylinder_0.5_0.5_2,inner,2,random,0,2,Proj,No_MSF,1668,15876
result_SELECT_10_Heisenberg2D_cylinder_0.5_0.5_2,inner,2,naive,0,0,Proj,Yes_Kink,1705,1171592
result_SELECT_10_Heisenberg2D_cylinder_0.5_0.5_2,inner,2,naive,0,0,Proj,No_Kink,1696,1199935
result_SELECT_10_Heisenberg2D_cylinder_0.5_0.5_2,inner,2,random,0,1,Single,Yes_Kink,2075,380330
result_SELECT_10_Heisenberg2D_cylinder_0.5_0.5_2,inner,2,random,0,2,Proj,No_Top,1668,34052
result_SELECT_10_Heisenberg2D_cylinder_0.5_0.5_2,inner,2,random,0,2,Double,No_Kink,1922,370442
result_SELECT_10_Heisenberg2D_cylinder_0.5_0.5_2,inner,2,random,0,2,Single,No_MSF,2072,210204
result_SELECT_10_Heisenberg2D_cylinder_0.5_0.5_2,inner,2,random,0,2,Single,No_Top,2072,228300
result_SELECT_10_Heisenberg2D_cylinder_0.5_0.5_2,inner,2,random,0,2,Double,Yes_Kink,1994,374058
result_SELECT_10_Heisenberg2D_cylinder_0.5_0.5_2,outer,1,SA,0.001,0,Double,No_MSF,1921,194310
result_SELECT_10_Heisenberg2D_cylinder_0.5_0.5_2,outer,1,SA,0.001,0,Double,No_Top,1921,212486
result_SELECT_10_Heisenberg2D_cylinder_0.5_0.5_2,outer,1,SA,0.001,0,Double,No_Kink,1924,308781
result_SELECT_10_Heisenberg2D_cylinder_0.5_0.5_2,inner,2,random,0,2,Single,No_Kink,2073,374127
result_SELECT_10_Heisenberg2D_cylinder_0.5_0.5_2,inner,2,naive,0,1,Proj,No_Kink,1697,1201535
result_SELECT_10_Heisenberg2D_cylinder_0.5_0.5_2,inner,2,naive,0,1,Proj,Yes_Kink,1703,1172949
result_SELECT_10_Heisenberg2D_cylinder_0.5_0.5_2,outer,1,SA,0.001,0,Proj,No_MSF,1668,15876
result_SELECT_10_Heisenberg2D_cylinder_0.5_0.5_2,inner,2,random,0,2,Single,Yes_Kink,2075,382517
result_SELECT_10_Heisenberg2D_cylinder_0.5_0.5_2,outer,1,SA,0.001,0,Proj,No_Top,1668,34052
result_SELECT_10_Heisenberg2D_cylinder_0.5_0.5_2,outer,1,SA,0.001,0,Single,No_MSF,2072,210204
result_SELECT_10_Heisenberg2D_cylinder_0.5_0.5_2,outer,1,SA,0.001,0,Double,Yes_Kink,1931,309624
result_SELECT_10_Heisenberg2D_cylinder_0.5_0.5_2,outer,1,SA,0.001,0,Single,No_Top,2072,228380
result_SELECT_10_Heisenberg2D_cylinder_0.5_0.5_2,outer,1,SA,0.001,1,Double,No_MSF,1921,194310
result_SELECT_10_Heisenberg2D_cylinder_0.5_0.5_2,outer,1,SA,0.001,1,Double,No_Top,1921,212486
result_SELECT_10_Heisenberg2D_cylinder_0.5_0.5_2,inner,2,naive,0,2,Proj,No_Kink,1700,1197593
result_SELECT_10_Heisenberg2D_cylinder_0.5_0.5_2,outer,1,SA,0.001,0,Single,No_Kink,2080,310698
result_SELECT_10_Heisenberg2D_cylinder_0.5_0.5_2,outer,1,SA,0.001,1,Proj,No_MSF,1668,15876
result_SELECT_10_Heisenberg2D_cylinder_0.5_0.5_2,inner,2,naive,0,2,Proj,Yes_Kink,1707,1175936
result_SELECT_10_Heisenberg2D_cylinder_0.5_0.5_2,outer,1,SA,0.001,1,Proj,No_Top,1668,34052
result_SELECT_10_Heisenberg2D_cylinder_0.5_0.5_2,outer,1,SA,0.001,1,Double,No_Kink,1924,309307
result_SELECT_10_Heisenberg2D_cylinder_0.5_0.5_2,outer,1,SA,0.001,1,Single,No_MSF,2072,210204
result_SELECT_10_Heisenberg2D_cylinder_0.5_0.5_2,outer,1,SA,0.001,1,Double,Yes_Kink,1930,309493
result_SELECT_10_Heisenberg2D_cylinder_0.5_0.5_2,outer,1,SA,0.001,1,Single,No_Top,2072,228340
result_SELECT_10_Heisenberg2D_cylinder_0.5_0.5_2,inner,2,random,0,0,Proj,No_Kink,1676,1136788
result_SELECT_10_Heisenberg2D_cylinder_0.5_0.5_2,outer,1,SA,0.001,2,Double,No_MSF,1921,194310
result_SELECT_10_Heisenberg2D_cylinder_0.5_0.5_2,outer,1,SA,0.001,2,Double,No_Top,1921,212529
result_SELECT_10_Heisenberg2D_cylinder_0.5_0.5_2,outer,1,SA,0.001,1,Single,No_Kink,2080,310992
result_SELECT_10_Heisenberg2D_cylinder_0.5_0.5_2,outer,1,SA,0.001,2,Proj,No_MSF,1668,15876
result_SELECT_10_Heisenberg2D_cylinder_0.5_0.5_2,inner,2,random,0,0,Proj,Yes_Kink,1677,1106561
result_SELECT_10_Heisenberg2D_cylinder_0.5_0.5_2,outer,1,SA,0.001,2,Proj,No_Top,1668,34052
result_SELECT_10_Heisenberg2D_cylinder_0.5_0.5_2,outer,1,SA,0.001,2,Double,No_Kink,1928,311172
result_SELECT_10_Heisenberg2D_cylinder_0.5_0.5_2,outer,1,SA,0.001,2,Single,No_MSF,2072,210204
result_SELECT_10_Heisenberg2D_cylinder_0.5_0.5_2,outer,1,SA,0.001,2,Single,No_Top,2072,228300
result_SELECT_10_Heisenberg2D_cylinder_0.5_0.5_2,outer,1,SA,0.001,2,Double,Yes_Kink,1930,310664
result_SELECT_10_Heisenberg2D_cylinder_0.5_0.5_2,outer,1,SA,0.01,0,Double,No_MSF,1921,194310
result_SELECT_10_Heisenberg2D_cylinder_0.5_0.5_2,outer,1,SA,0.01,0,Double,No_Top,1921,212486
result_SELECT_10_Heisenberg2D_cylinder_0.5_0.5_2,outer,1,SA,0.001,2,Single,No_Kink,2080,312352
result_SELECT_10_Heisenberg2D_cylinder_0.5_0.5_2,inner,2,random,0,1,Proj,No_Kink,1676,1135501
result_SELECT_10_Heisenberg2D_cylinder_0.5_0.5_2,outer,1,SA,0.01,0,Proj,No_MSF,1668,15876
result_SELECT_10_Heisenberg2D_cylinder_0.5_0.5_2,inner,2,random,0,1,Proj,Yes_Kink,1677,1111720
result_SELECT_10_Heisenberg2D_cylinder_0.5_0.5_2,outer,1,SA,0.01,0,Proj,No_Top,1668,34052
result_SELECT_10_Heisenberg2D_cylinder_0.5_0.5_2,outer,1,SA,0.01,0,Double,No_Kink,1924,316317
result_SELECT_10_Heisenberg2D_cylinder_0.5_0.5_2,outer,1,SA,0.01,0,Single,No_MSF,2072,210204
result_SELECT_10_Heisenberg2D_cylinder_0.5_0.5_2,outer,1,SA,0.01,0,Double,Yes_Kink,1934,316303
result_SELECT_10_Heisenberg2D_cylinder_0.5_0.5_2,outer,1,SA,0.01,0,Single,No_Top,2072,228380
result_SELECT_10_Heisenberg2D_cylinder_0.5_0.5_2,outer,1,SA,0.01,1,Double,No_MSF,1921,194310
result_SELECT_10_Heisenberg2D_cylinder_0.5_0.5_2,outer,1,SA,0.01,1,Double,No_Top,1921,212486
result_SELECT_10_Heisenberg2D_cylinder_0.5_0.5_2,outer,1,SA,0.01,1,Proj,No_MSF,1668,15876
result_SELECT_10_Heisenberg2D_cylinder_0.5_0.5_2,outer,1,SA,0.01,0,Single,No_Kink,2080,318740
result_SELECT_10_Heisenberg2D_cylinder_0.5_0.5_2,outer,1,SA,0.01,1,Proj,No_Top,1668,34052
result_SELECT_10_Heisenberg2D_cylinder_0.5_0.5_2,outer,1,SA,0.01,1,Double,No_Kink,1924,316682
result_SELECT_10_Heisenberg2D_cylinder_0.5_0.5_2,outer,1,SA,0.01,1,Single,No_MSF,2072,210204
result_SELECT_10_Heisenberg2D_cylinder_0.5_0.5_2,inner,2,random,0,2,Proj,No_Kink,1679,1134502
result_SELECT_10_Heisenberg2D_cylinder_0.5_0.5_2,outer,1,SA,0.01,1,Double,Yes_Kink,1935,316774
result_SELECT_10_Heisenberg2D_cylinder_0.5_0.5_2,outer,1,SA,0.01,1,Single,No_Top,2072,228340
result_SELECT_10_Heisenberg2D_cylinder_0.5_0.5_2,inner,2,random,0,2,Proj,Yes_Kink,1680,1108040
result_SELECT_10_Heisenberg2D_cylinder_0.5_0.5_2,outer,1,SA,0.01,1,Single,No_Kink,2080,319332
result_SELECT_10_Heisenberg2D_cylinder_0.5_0.5_2,outer,1,SA,0.01,2,Double,No_MSF,1921,194310
result_SELECT_10_Heisenberg2D_cylinder_0.5_0.5_2,outer,1,SA,0.01,2,Double,No_Top,1921,212529
result_SELECT_10_Heisenberg2D_cylinder_0.5_0.5_2,outer,1,SA,0.01,2,Proj,No_MSF,1668,15876
result_SELECT_10_Heisenberg2D_cylinder_0.5_0.5_2,outer,1,SA,0.01,2,Proj,No_Top,1668,34052
result_SELECT_10_Heisenberg2D_cylinder_0.5_0.5_2,outer,1,SA,0.01,2,Double,No_Kink,1924,316584
result_SELECT_10_Heisenberg2D_cylinder_0.5_0.5_2,outer,1,SA,0.01,2,Double,Yes_Kink,1933,316979
result_SELECT_10_Heisenberg2D_cylinder_0.5_0.5_2,outer,1,SA,0.01,2,Single,No_MSF,2072,210204
result_SELECT_10_Heisenberg2D_cylinder_0.5_0.5_2,outer,1,SA,0.001,0,Proj,No_Kink,1678,1106925
result_SELECT_10_Heisenberg2D_cylinder_0.5_0.5_2,outer,1,SA,0.001,0,Proj,Yes_Kink,1690,1084000
result_SELECT_10_Heisenberg2D_cylinder_0.5_0.5_2,outer,1,SA,0.01,2,Single,No_Top,2072,228300
result_SELECT_10_Heisenberg2D_cylinder_0.5_0.5_2,outer,1,SA,0.1,0,Double,No_MSF,1921,194310
result_SELECT_10_Heisenberg2D_cylinder_0.5_0.5_2,outer,1,SA,0.1,0,Double,No_Top,1921,212486
result_SELECT_10_Heisenberg2D_cylinder_0.5_0.5_2,outer,1,SA,0.01,2,Single,No_Kink,2080,320449
result_SELECT_10_Heisenberg2D_cylinder_0.5_0.5_2,outer,1,SA,0.1,0,Proj,No_MSF,1668,15876
result_SELECT_10_Heisenberg2D_cylinder_0.5_0.5_2,outer,1,SA,0.1,0,Proj,No_Top,1668,34052
result_SELECT_10_Heisenberg2D_cylinder_0.5_0.5_2,outer,1,SA,0.1,0,Double,No_Kink,1924,301766
result_SELECT_10_Heisenberg2D_cylinder_0.5_0.5_2,outer,1,SA,0.001,1,Proj,No_Kink,1678,1107173
result_SELECT_10_Heisenberg2D_cylinder_0.5_0.5_2,outer,1,SA,0.1,0,Double,Yes_Kink,1926,300228
result_SELECT_10_Heisenberg2D_cylinder_0.5_0.5_2,outer,1,SA,0.001,1,Proj,Yes_Kink,1693,1087662
result_SELECT_10_Heisenberg2D_cylinder_0.5_0.5_2,outer,1,SA,0.1,0,Single,No_MSF,2072,210204
result_SELECT_10_Heisenberg2D_cylinder_0.5_0.5_2,outer,1,SA,0.1,0,Single,No_Top,2072,228380
result_SELECT_10_Heisenberg2D_cylinder_0.5_0.5_2,outer,1,SA,0.1,1,Double,No_MSF,1921,194310
result_SELECT_10_Heisenberg2D_cylinder_0.5_0.5_2,outer,1,SA,0.1,1,Double,No_Top,1921,212486
result_SELECT_10_Heisenberg2D_cylinder_0.5_0.5_2,outer,1,SA,0.1,0,Single,No_Kink,2081,306681
result_SELECT_10_Heisenberg2D_cylinder_0.5_0.5_2,outer,1,SA,0.1,1,Proj,No_MSF,1668,15876
result_SELECT_10_Heisenberg2D_cylinder_0.5_0.5_2,outer,1,SA,0.001,2,Proj,No_Kink,1677,1100957
result_SELECT_10_Heisenberg2D_cylinder_0.5_0.5_2,outer,1,SA,0.1,1,Proj,No_Top,1668,34052
result_SELECT_10_Heisenberg2D_cylinder_0.5_0.5_2,outer,1,SA,0.1,1,Double,No_Kink,1924,301479
result_SELECT_10_Heisenberg2D_cylinder_0.5_0.5_2,outer,1,SA,0.001,2,Proj,Yes_Kink,1688,1085360
result_SELECT_10_Heisenberg2D_cylinder_0.5_0.5_2,outer,1,SA,0.1,1,Single,No_MSF,2072,210204
result_SELECT_10_Heisenberg2D_cylinder_0.5_0.5_2,outer,1,SA,0.1,1,Double,Yes_Kink,1927,300886
result_SELECT_10_Heisenberg2D_cylinder_0.5_0.5_2,outer,1,SA,0.1,1,Single,No_Top,2072,228340
result_SELECT_10_Heisenberg2D_cylinder_0.5_0.5_2,outer,1,SA,0.1,2,Double,No_MSF,1921,194310
result_SELECT_10_Heisenberg2D_cylinder_0.5_0.5_2,outer,1,SA,0.1,2,Double,No_Top,1921,212529
result_SELECT_10_Heisenberg2D_cylinder_0.5_0.5_2,outer,1,SA,0.1,1,Single,No_Kink,2081,307138
result_SELECT_10_Heisenberg2D_cylinder_0.5_0.5_2,outer,1,SA,0.1,2,Proj,No_MSF,1668,15876
result_SELECT_10_Heisenberg2D_cylinder_0.5_0.5_2,outer,1,SA,0.1,2,Double,No_Kink,1924,302528
result_SELECT_10_Heisenberg2D_cylinder_0.5_0.5_2,outer,1,SA,0.1,2,Proj,No_Top,1668,34052
result_SELECT_10_Heisenberg2D_cylinder_0.5_0.5_2,outer,1,SA,0.01,0,Proj,No_Kink,1679,1096591
result_SELECT_10_Heisenberg2D_cylinder_0.5_0.5_2,outer,1,SA,0.01,0,Proj,Yes_Kink,1682,1072982
result_SELECT_10_Heisenberg2D_cylinder_0.5_0.5_2,outer,1,SA,0.1,2,Double,Yes_Kink,1928,302484
result_SELECT_10_Heisenberg2D_cylinder_0.5_0.5_2,outer,1,SA,0.1,2,Single,No_MSF,2072,210204
result_SELECT_10_Heisenberg2D_cylinder_0.5_0.5_2,outer,1,SA,0.1,2,Single,No_Top,2072,228300
result_SELECT_10_Heisenberg2D_cylinder_0.5_0.5_2,outer,1,SA,1,0,Double,No_MSF,1921,194310
result_SELECT_10_Heisenberg2D_cylinder_0.5_0.5_2,outer,1,SA,1,0,Double,No_Top,1921,212486
result_SELECT_10_Heisenberg2D_cylinder_0.5_0.5_2,outer,1,SA,0.1,2,Single,No_Kink,2081,307068
result_SELECT_10_Heisenberg2D_cylinder_0.5_0.5_2,outer,1,SA,1,0,Proj,No_MSF,1668,15876
result_SELECT_10_Heisenberg2D_cylinder_0.5_0.5_2,outer,1,SA,1,0,Double,No_Kink,1923,288476
result_SELECT_10_Heisenberg2D_cylinder_0.5_0.5_2,outer,1,SA,0.01,1,Proj,No_Kink,1680,1097949
result_SELECT_10_Heisenberg2D_cylinder_0.5_0.5_2,outer,1,SA,0.01,1,Proj,Yes_Kink,1680,1071734
result_SELECT_10_Heisenberg2D_cylinder_0.5_0.5_2,outer,1,SA,1,0,Proj,No_Top,1668,34052
result_SELECT_10_Heisenberg2D_cylinder_0.5_0.5_2,outer,1,SA,1,0,Single,No_MSF,2072,210204
result_SELECT_10_Heisenberg2D_cylinder_0.5_0.5_2,outer,1,SA,1,0,Double,Yes_Kink,1927,288601
result_SELECT_10_Heisenberg2D_cylinder_0.5_0.5_2,outer,1,SA,1,0,Single,No_Top,2072,228380
result_SELECT_10_Heisenberg2D_cylinder_0.5_0.5_2,outer,1,SA,1,1,Double,No_MSF,1921,194310
result_SELECT_10_Heisenberg2D_cylinder_0.5_0.5_2,outer,1,SA,1,0,Single,No_Kink,2074,289856
result_SELECT_10_Heisenberg2D_cylinder_0.5_0.5_2,outer,1,SA,1,1,Double,No_Top,1921,212486
result_SELECT_10_Heisenberg2D_cylinder_0.5_0.5_2,outer,1,SA,1,1,Proj,No_MSF,1668,15876
result_SELECT_10_Heisenberg2D_cylinder_0.5_0.5_2,outer,1,SA,1,1,Double,No_Kink,1922,286819
result_SELECT_10_Heisenberg2D_cylinder_0.5_0.5_2,outer,1,SA,1,1,Proj,No_Top,1668,34052
result_SELECT_10_Heisenberg2D_cylinder_0.5_0.5_2,outer,1,SA,1,1,Double,Yes_Kink,1926,288201
result_SELECT_10_Heisenberg2D_cylinder_0.5_0.5_2,outer,1,SA,0.01,2,Proj,No_Kink,1679,1091677
result_SELECT_10_Heisenberg2D_cylinder_0.5_0.5_2,outer,1,SA,0.01,2,Proj,Yes_Kink,1680,1066300
result_SELECT_10_Heisenberg2D_cylinder_0.5_0.5_2,outer,1,SA,1,1,Single,No_MSF,2072,210204
result_SELECT_10_Heisenberg2D_cylinder_0.5_0.5_2,outer,1,SA,1,1,Single,No_Top,2072,228340
result_SELECT_10_Heisenberg2D_cylinder_0.5_0.5_2,outer,1,SA,1,1,Single,No_Kink,2074,290227
result_SELECT_10_Heisenberg2D_cylinder_0.5_0.5_2,outer,1,SA,1,2,Double,No_MSF,1921,194310
result_SELECT_10_Heisenberg2D_cylinder_0.5_0.5_2,outer,1,SA,1,2,Double,No_Top,1921,212529
result_SELECT_10_Heisenberg2D_cylinder_0.5_0.5_2,outer,1,SA,1,2,Proj,No_MSF,1668,15876
result_SELECT_10_Heisenberg2D_cylinder_0.5_0.5_2,outer,1,SA,1,2,Proj,No_Top,1668,34052
result_SELECT_10_Heisenberg2D_cylinder_0.5_0.5_2,outer,1,SA,1,2,Double,No_Kink,1922,290303
result_SELECT_10_Heisenberg2D_cylinder_0.5_0.5_2,outer,1,SA,1,2,Double,Yes_Kink,1930,289009
result_SELECT_10_Heisenberg2D_cylinder_0.5_0.5_2,outer,1,SA,0.1,0,Proj,No_Kink,1678,1073851
result_SELECT_10_Heisenberg2D_cylinder_0.5_0.5_2,outer,1,SA,1,2,Single,No_MSF,2072,210204
result_SELECT_10_Heisenberg2D_cylinder_0.5_0.5_2,outer,1,SA,1,2,Single,No_Top,2072,228300
result_SELECT_10_Heisenberg2D_cylinder_0.5_0.5_2,outer,1,SA,0.1,0,Proj,Yes_Kink,1683,1053220
result_SELECT_10_Heisenberg2D_cylinder_0.5_0.5_2,outer,1,naive,0,0,Double,No_MSF,1921,194310
result_SELECT_10_Heisenberg2D_cylinder_0.5_0.5_2,outer,1,SA,1,2,Single,No_Kink,2074,292011
result_SELECT_10_Heisenberg2D_cylinder_0.5_0.5_2,outer,1,naive,0,0,Double,No_Top,1921,212486
result_SELECT_10_Heisenberg2D_cylinder_0.5_0.5_2,outer,1,naive,0,0,Proj,No_MSF,1668,15876
result_SELECT_10_Heisenberg2D_cylinder_0.5_0.5_2,outer,1,naive,0,0,Proj,No_Top,1668,34052
result_SELECT_10_Heisenberg2D_cylinder_0.5_0.5_2,outer,1,SA,0.1,1,Proj,No_Kink,1678,1075024
result_SELECT_10_Heisenberg2D_cylinder_0.5_0.5_2,outer,1,SA,0.1,1,Proj,Yes_Kink,1683,1054574
result_SELECT_10_Heisenberg2D_cylinder_0.5_0.5_2,outer,1,naive,0,0,Single,No_MSF,2072,210204
result_SELECT_10_Heisenberg2D_cylinder_0.5_0.5_2,outer,1,naive,0,0,Single,No_Top,2072,228380
result_SELECT_10_Heisenberg2D_cylinder_0.5_0.5_2,outer,1,naive,0,1,Double,No_MSF,1921,194310
result_SELECT_10_Heisenberg2D_cylinder_0.5_0.5_2,outer,1,naive,0,0,Double,No_Kink,2115,427422
result_SELECT_10_Heisenberg2D_cylinder_0.5_0.5_2,outer,1,naive,0,0,Double,Yes_Kink,2131,430249
result_SELECT_10_Heisenberg2D_cylinder_0.5_0.5_2,outer,1,naive,0,1,Double,No_Top,1921,212486
result_SELECT_10_Heisenberg2D_cylinder_0.5_0.5_2,outer,1,SA,0.1,2,Proj,No_Kink,1679,1085062
result_SELECT_10_Heisenberg2D_cylinder_0.5_0.5_2,outer,1,naive,0,1,Proj,No_MSF,1668,15876
result_SELECT_10_Heisenberg2D_cylinder_0.5_0.5_2,outer,1,naive,0,1,Proj,No_Top,1668,34052
result_SELECT_10_Heisenberg2D_cylinder_0.5_0.5_2,outer,1,naive,0,0,Single,No_Kink,2524,468157
result_SELECT_10_Heisenberg2D_cylinder_0.5_0.5_2,outer,1,SA,0.1,2,Proj,Yes_Kink,1685,1051809
result_SELECT_10_Heisenberg2D_cylinder_0.5_0.5_2,outer,1,naive,0,1,Single,No_MSF,2072,210204
result_SELECT_10_Heisenberg2D_cylinder_0.5_0.5_2,outer,1,SA,1,0,Proj,No_Kink,1679,1009029
result_SELECT_10_Heisenberg2D_cylinder_0.5_0.5_2,outer,1,naive,0,1,Single,No_Top,2072,228340
result_SELECT_10_Heisenberg2D_cylinder_0.5_0.5_2,outer,1,naive,0,1,Double,No_Kink,2100,426821
result_SELECT_10_Heisenberg2D_cylinder_0.5_0.5_2,outer,1,SA,1,0,Proj,Yes_Kink,1680,981258
result_SELECT_10_Heisenberg2D_cylinder_0.5_0.5_2,outer,1,naive,0,2,Double,No_MSF,1921,194310
result_SELECT_10_Heisenberg2D_cylinder_0.5_0.5_2,outer,1,naive,0,2,Double,No_Top,1921,212529
result_SELECT_10_Heisenberg2D_cylinder_0.5_0.5_2,outer,1,naive,0,1,Double,Yes_Kink,2136,433831
result_SELECT_10_Heisenberg2D_cylinder_0.5_0.5_2,outer,1,naive,0,2,Proj,No_MSF,1668,15876
result_SELECT_10_Heisenberg2D_cylinder_0.5_0.5_2,outer,1,naive,0,2,Proj,No_Top,1668,34052
result_SELECT_10_Heisenberg2D_cylinder_0.5_0.5_2,outer,1,SA,1,1,Proj,No_Kink,1679,1020257
result_SELECT_10_Heisenberg2D_cylinder_0.5_0.5_2,outer,1,naive,0,2,Single,No_MSF,2072,210204
result_SELECT_10_Heisenberg2D_cylinder_0.5_0.5_2,outer,1,SA,1,1,Proj,Yes_Kink,1683,976438
result_SELECT_10_Heisenberg2D_cylinder_0.5_0.5_2,outer,1,naive,0,2,Single,No_Top,2072,228300
result_SELECT_10_Heisenberg2D_cylinder_0.5_0.5_2,outer,1,naive,0,1,Single,No_Kink,2531,467738
result_SELECT_10_Heisenberg2D_cylinder_0.5_0.5_2,outer,1,random,0,0,Double,No_MSF,1921,194310
result_SELECT_10_Heisenberg2D_cylinder_0.5_0.5_2,outer,1,naive,0,2,Double,No_Kink,2111,431257
result_SELECT_10_Heisenberg2D_cylinder_0.5_0.5_2,outer,1,random,0,0,Double,No_Top,1921,212486
result_SELECT_10_Heisenberg2D_cylinder_0.5_0.5_2,outer,1,naive,0,2,Double,Yes_Kink,2124,435157
result_SELECT_10_Heisenberg2D_cylinder_0.5_0.5_2,outer,1,random,0,0,Proj,No_MSF,1668,15876
result_SELECT_10_Heisenberg2D_cylinder_0.5_0.5_2,outer,1,random,0,0,Proj,No_Top,1668,34052
result_SELECT_10_Heisenberg2D_cylinder_0.5_0.5_2,outer,1,SA,1,2,Proj,Yes_Kink,1685,958378
result_SELECT_10_Heisenberg2D_cylinder_0.5_0.5_2,outer,1,naive,0,2,Single,No_Kink,2515,468480
result_SELECT_10_Heisenberg2D_cylinder_0.5_0.5_2,outer,1,random,0,0,Single,No_Top,2072,228380
result_SELECT_10_Heisenberg2D_cylinder_0.5_0.5_2,outer,1,random,0,0,Single,No_MSF,2072,210204
result_SELECT_10_Heisenberg2D_cylinder_0.5_0.5_2,outer,1,SA,1,2,Proj,No_Kink,1679,997050
result_SELECT_10_Heisenberg2D_cylinder_0.5_0.5_2,outer,1,random,0,1,Double,No_MSF,1921,194310
result_SELECT_10_Heisenberg2D_cylinder_0.5_0.5_2,outer,1,random,0,1,Double,No_Top,1921,212486
result_SELECT_10_Heisenberg2D_cylinder_0.5_0.5_2,outer,1,random,0,0,Double,No_Kink,1922,416446
result_SELECT_10_Heisenberg2D_cylinder_0.5_0.5_2,outer,1,random,0,0,Double,Yes_Kink,1925,416778
result_SELECT_10_Heisenberg2D_cylinder_0.5_0.5_2,outer,1,random,0,1,Proj,No_MSF,1668,15876
result_SELECT_10_Heisenberg2D_cylinder_0.5_0.5_2,outer,1,random,0,1,Proj,No_Top,1668,34052
result_SELECT_10_Heisenberg2D_cylinder_0.5_0.5_2,outer,1,random,0,1,Single,No_MSF,2072,210204
result_SELECT_10_Heisenberg2D_cylinder_0.5_0.5_2,outer,1,random,0,1,Single,No_Top,2072,228340
result_SELECT_10_Heisenberg2D_cylinder_0.5_0.5_2,outer,1,random,0,0,Single,No_Kink,2088,439469
result_SELECT_10_Heisenberg2D_cylinder_0.5_0.5_2,outer,1,random,0,2,Double,No_MSF,1921,194310
result_SELECT_10_Heisenberg2D_cylinder_0.5_0.5_2,outer,1,naive,0,0,Proj,No_Kink,1747,1168800
result_SELECT_10_Heisenberg2D_cylinder_0.5_0.5_2,outer,1,random,0,2,Double,No_Top,1921,212529
result_SELECT_10_Heisenberg2D_cylinder_0.5_0.5_2,outer,1,naive,0,0,Proj,Yes_Kink,1756,1147148
result_SELECT_10_Heisenberg2D_cylinder_0.5_0.5_2,outer,1,random,0,1,Double,No_Kink,1922,416535
result_SELECT_10_Heisenberg2D_cylinder_0.5_0.5_2,outer,1,random,0,2,Proj,No_MSF,1668,15876
result_SELECT_10_Heisenberg2D_cylinder_0.5_0.5_2,outer,1,random,0,2,Proj,No_Top,1668,34052
result_SELECT_10_Heisenberg2D_cylinder_0.5_0.5_2,outer,1,random,0,1,Double,Yes_Kink,1933,417475
result_SELECT_10_Heisenberg2D_cylinder_0.5_0.5_2,outer,1,random,0,1,Single,No_Kink,2088,439426
result_SELECT_10_Heisenberg2D_cylinder_0.5_0.5_2,outer,1,random,0,2,Single,No_MSF,2072,210204
result_SELECT_10_Heisenberg2D_cylinder_0.5_0.5_2,outer,1,random,0,2,Single,No_Top,2072,228300
result_SELECT_10_Heisenberg2D_cylinder_0.5_0.5_2,outer,1,random,0,2,Double,No_Kink,1921,417095
result_SELECT_10_Heisenberg2D_cylinder_0.5_0.5_2,outer,2,SA,0.001,0,Double,No_MSF,1921,194310
result_SELECT_10_Heisenberg2D_cylinder_0.5_0.5_2,outer,1,naive,0,1,Proj,No_Kink,1743,1161440
result_SELECT_10_Heisenberg2D_cylinder_0.5_0.5_2,outer,2,SA,0.001,0,Double,No_Top,1921,212486
result_SELECT_10_Heisenberg2D_cylinder_0.5_0.5_2,outer,1,random,0,2,Double,Yes_Kink,1927,417678
result_SELECT_10_Heisenberg2D_cylinder_0.5_0.5_2,outer,2,SA,0.001,0,Double,No_Kink,1921,298721
result_SELECT_10_Heisenberg2D_cylinder_0.5_0.5_2,outer,2,SA,0.001,0,Proj,No_MSF,1668,15876
result_SELECT_10_Heisenberg2D_cylinder_0.5_0.5_2,outer,1,naive,0,1,Proj,Yes_Kink,1758,1142909
result_SELECT_10_Heisenberg2D_cylinder_0.5_0.5_2,outer,2,SA,0.001,0,Proj,No_Top,1668,34052
result_SELECT_10_Heisenberg2D_cylinder_0.5_0.5_2,outer,2,SA,0.001,0,Double,Yes_Kink,1992,300578
result_SELECT_10_Heisenberg2D_cylinder_0.5_0.5_2,outer,2,SA,0.001,0,Single,No_MSF,2072,210204
result_SELECT_10_Heisenberg2D_cylinder_0.5_0.5_2,outer,1,random,0,2,Single,No_Kink,2088,439939
result_SELECT_10_Heisenberg2D_cylinder_0.5_0.5_2,outer,2,SA,0.001,0,Single,No_Top,2072,228380
result_SELECT_10_Heisenberg2D_cylinder_0.5_0.5_2,outer,2,SA,0.001,1,Double,No_MSF,1921,194310
result_SELECT_10_Heisenberg2D_cylinder_0.5_0.5_2,outer,2,SA,0.001,1,Double,No_Top,1921,212486
result_SELECT_10_Heisenberg2D_cylinder_0.5_0.5_2,outer,2,SA,0.001,0,Single,No_Kink,2073,300925
result_SELECT_10_Heisenberg2D_cylinder_0.5_0.5_2,outer,1,naive,0,2,Proj,Yes_Kink,1755,1139898
result_SELECT_10_Heisenberg2D_cylinder_0.5_0.5_2,outer,2,SA,0.001,1,Double,No_Kink,1921,298751
result_SELECT_10_Heisenberg2D_cylinder_0.5_0.5_2,outer,2,SA,0.001,0,Single,Yes_Kink,2074,310658
result_SELECT_10_Heisenberg2D_cylinder_0.5_0.5_2,outer,1,naive,0,2,Proj,No_Kink,1745,1156806
result_SELECT_10_Heisenberg2D_cylinder_0.5_0.5_2,outer,2,SA,0.001,1,Proj,No_MSF,1668,15876
result_SELECT_10_Heisenberg2D_cylinder_0.5_0.5_2,outer,2,SA,0.001,1,Double,Yes_Kink,1992,301328
result_SELECT_10_Heisenberg2D_cylinder_0.5_0.5_2,outer,2,SA,0.001,1,Proj,No_Top,1668,34052
result_SELECT_10_Heisenberg2D_cylinder_0.5_0.5_2,outer,2,SA,0.001,1,Single,No_MSF,2072,210204
result_SELECT_10_Heisenberg2D_cylinder_0.5_0.5_2,outer,2,SA,0.001,2,Double,No_MSF,1921,194310
result_SELECT_10_Heisenberg2D_cylinder_0.5_0.5_2,outer,2,SA,0.001,1,Single,No_Top,2072,228340
result_SELECT_10_Heisenberg2D_cylinder_0.5_0.5_2,outer,1,random,0,0,Proj,Yes_Kink,1680,1090816
result_SELECT_10_Heisenberg2D_cylinder_0.5_0.5_2,outer,2,SA,0.001,2,Double,No_Top,1921,212529
result_SELECT_10_Heisenberg2D_cylinder_0.5_0.5_2,outer,2,SA,0.001,1,Single,Yes_Kink,2074,310651
result_SELECT_10_Heisenberg2D_cylinder_0.5_0.5_2,outer,2,SA,0.001,1,Single,No_Kink,2073,300834
result_SELECT_10_Heisenberg2D_cylinder_0.5_0.5_2,outer,1,random,0,0,Proj,No_Kink,1679,1109528
result_SELECT_10_Heisenberg2D_cylinder_0.5_0.5_2,outer,2,SA,0.001,2,Double,No_Kink,1921,299310
result_SELECT_10_Heisenberg2D_cylinder_0.5_0.5_2,outer,2,SA,0.001,2,Proj,No_MSF,1668,15876
result_SELECT_10_Heisenberg2D_cylinder_0.5_0.5_2,outer,2,SA,0.001,2,Proj,No_Top,1668,34052
result_SELECT_10_Heisenberg2D_cylinder_0.5_0.5_2,outer,2,SA,0.001,2,Single,No_MSF,2072,210204
result_SELECT_10_Heisenberg2D_cylinder_0.5_0.5_2,outer,2,SA,0.001,2,Single,No_Top,2072,228300
result_SELECT_10_Heisenberg2D_cylinder_0.5_0.5_2,outer,2,SA,0.001,2,Double,Yes_Kink,1992,301400
result_SELECT_10_Heisenberg2D_cylinder_0.5_0.5_2,outer,1,random,0,1,Proj,No_Kink,1681,1114076
result_SELECT_10_Heisenberg2D_cylinder_0.5_0.5_2,outer,1,random,0,1,Proj,Yes_Kink,1681,1085442
result_SELECT_10_Heisenberg2D_cylinder_0.5_0.5_2,outer,2,SA,0.01,0,Double,No_MSF,1921,194310
result_SELECT_10_Heisenberg2D_cylinder_0.5_0.5_2,outer,2,SA,0.001,2,Single,No_Kink,2073,301015
result_SELECT_10_Heisenberg2D_cylinder_0.5_0.5_2,outer,2,SA,0.01,0,Double,No_Top,1921,212486
result_SELECT_10_Heisenberg2D_cylinder_0.5_0.5_2,outer,2,SA,0.01,0,Double,No_Kink,1921,298948
result_SELECT_10_Heisenberg2D_cylinder_0.5_0.5_2,outer,2,SA,0.01,0,Proj,No_MSF,1668,15876
result_SELECT_10_Heisenberg2D_cylinder_0.5_0.5_2,outer,2,SA,0.001,2,Single,Yes_Kink,2074,310862
result_SELECT_10_Heisenberg2D_cylinder_0.5_0.5_2,outer,2,SA,0.01,0,Proj,No_Top,1668,34052
result_SELECT_10_Heisenberg2D_cylinder_0.5_0.5_2,outer,2,SA,0.01,0,Single,No_MSF,2072,210204
result_SELECT_10_Heisenberg2D_cylinder_0.5_0.5_2,outer,2,SA,0.01,0,Single,No_Top,2072,228380
result_SELECT_10_Heisenberg2D_cylinder_0.5_0.5_2,outer,2,SA,0.01,0,Double,Yes_Kink,1992,297661
result_SELECT_10_Heisenberg2D_cylinder_0.5_0.5_2,outer,2,SA,0.01,0,Single,No_Kink,2072,299754
result_SELECT_10_Heisenberg2D_cylinder_0.5_0.5_2,outer,2,SA,0.01,1,Double,No_MSF,1921,194310
result_SELECT_10_Heisenberg2D_cylinder_0.5_0.5_2,outer,2,SA,0.01,1,Double,No_Top,1921,212486
result_SELECT_10_Heisenberg2D_cylinder_0.5_0.5_2,outer,2,SA,0.01,1,Proj,No_MSF,1668,15876
result_SELECT_10_Heisenberg2D_cylinder_0.5_0.5_2,outer,1,random,0,2,Proj,No_Kink,1679,1112509
result_SELECT_10_Heisenberg2D_cylinder_0.5_0.5_2,outer,2,SA,0.01,1,Proj,No_Top,1668,34052
result_SELECT_10_Heisenberg2D_cylinder_0.5_0.5_2,outer,2,SA,0.01,0,Single,Yes_Kink,2074,313610
result_SELECT_10_Heisenberg2D_cylinder_0.5_0.5_2,outer,2,SA,0.01,1,Double,Yes_Kink,1992,297440
result_SELECT_10_Heisenberg2D_cylinder_0.5_0.5_2,outer,2,SA,0.01,1,Double,No_Kink,1921,298931
result_SELECT_10_Heisenberg2D_cylinder_0.5_0.5_2,outer,2,SA,0.01,1,Single,No_MSF,2072,210204
result_SELECT_10_Heisenberg2D_cylinder_0.5_0.5_2,outer,2,SA,0.01,1,Single,No_Top,2072,228340
result_SELECT_10_Heisenberg2D_cylinder_0.5_0.5_2,outer,1,random,0,2,Proj,Yes_Kink,1681,1087547
result_SELECT_10_Heisenberg2D_cylinder_0.5_0.5_2,outer,2,SA,0.01,2,Double,No_MSF,1921,194310
result_SELECT_10_Heisenberg2D_cylinder_0.5_0.5_2,outer,2,SA,0.01,1,Single,No_Kink,2072,299930
result_SELECT_10_Heisenberg2D_cylinder_0.5_0.5_2,outer,2,SA,0.01,2,Double,No_Top,1921,212529
result_SELECT_10_Heisenberg2D_cylinder_0.5_0.5_2,outer,2,SA,0.01,2,Proj,No_MSF,1668,15876
result_SELECT_10_Heisenberg2D_cylinder_0.5_0.5_2,outer,2,SA,0.01,1,Single,Yes_Kink,2074,313654
result_SELECT_10_Heisenberg2D_cylinder_0.5_0.5_2,outer,2,SA,0.01,2,Proj,No_Top,1668,34052
result_SELECT_10_Heisenberg2D_cylinder_0.5_0.5_2,outer,2,SA,0.01,2,Double,No_Kink,1922,299238
result_SELECT_10_Heisenberg2D_cylinder_0.5_0.5_2,outer,2,SA,0.01,2,Double,Yes_Kink,1992,298014
result_SELECT_10_Heisenberg2D_cylinder_0.5_0.5_2,outer,2,SA,0.001,0,Proj,No_Kink,1677,1166128
result_SELECT_10_Heisenberg2D_cylinder_0.5_0.5_2,outer,2,SA,0.01,2,Single,No_MSF,2072,210204
result_SELECT_10_Heisenberg2D_cylinder_0.5_0.5_2,outer,2,SA,0.001,0,Proj,Yes_Kink,1680,1147666
result_SELECT_10_Heisenberg2D_cylinder_0.5_0.5_2,outer,2,SA,0.01,2,Single,No_Top,2072,228300
result_SELECT_10_Heisenberg2D_cylinder_0.5_0.5_2,outer,2,SA,0.01,2,Single,No_Kink,2072,299935
result_SELECT_10_Heisenberg2D_cylinder_0.5_0.5_2,outer,2,SA,0.1,0,Double,No_MSF,1921,194310
result_SELECT_10_Heisenberg2D_cylinder_0.5_0.5_2,outer,2,SA,0.1,0,Double,No_Top,1921,212486
result_SELECT_10_Heisenberg2D_cylinder_0.5_0.5_2,outer,2,SA,0.1,0,Proj,No_MSF,1668,15876
result_SELECT_10_Heisenberg2D_cylinder_0.5_0.5_2,outer,2,SA,0.1,0,Double,No_Kink,1921,288865
result_SELECT_10_Heisenberg2D_cylinder_0.5_0.5_2,outer,2,SA,0.01,2,Single,Yes_Kink,2074,313752
result_SELECT_10_Heisenberg2D_cylinder_0.5_0.5_2,outer,2,SA,0.1,0,Proj,No_Top,1668,34052
result_SELECT_10_Heisenberg2D_cylinder_0.5_0.5_2,outer,2,SA,0.001,1,Proj,No_Kink,1677,1165702
result_SELECT_10_Heisenberg2D_cylinder_0.5_0.5_2,outer,2,SA,0.001,1,Proj,Yes_Kink,1682,1127215
result_SELECT_10_Heisenberg2D_cylinder_0.5_0.5_2,outer,2,SA,0.1,0,Double,Yes_Kink,1991,288688
result_SELECT_10_Heisenberg2D_cylinder_0.5_0.5_2,outer,2,SA,0.1,0,Single,No_Top,2072,228380
result_SELECT_10_Heisenberg2D_cylinder_0.5_0.5_2,outer,2,SA,0.1,0,Single,No_MSF,2072,210204
result_SELECT_10_Heisenberg2D_cylinder_0.5_0.5_2,outer,2,SA,0.1,1,Double,No_MSF,1921,194310
result_SELECT_10_Heisenberg2D_cylinder_0.5_0.5_2,outer,2,SA,0.1,1,Double,No_Top,1921,212486
result_SELECT_10_Heisenberg2D_cylinder_0.5_0.5_2,outer,2,SA,0.1,0,Single,No_Kink,2072,291193
result_SELECT_10_Heisenberg2D_cylinder_0.5_0.5_2,outer,2,SA,0.1,0,Single,Yes_Kink,2072,301416
result_SELECT_10_Heisenberg2D_cylinder_0.5_0.5_2,outer,2,SA,0.1,1,Double,No_Kink,1921,289227
result_SELECT_10_Heisenberg2D_cylinder_0.5_0.5_2,outer,2,SA,0.001,2,Proj,Yes_Kink,1686,1094193
result_SELECT_10_Heisenberg2D_cylinder_0.5_0.5_2,outer,2,SA,0.1,1,Proj,No_Top,1668,34052
result_SELECT_10_Heisenberg2D_cylinder_0.5_0.5_2,outer,2,SA,0.1,1,Proj,No_MSF,1668,15876
result_SELECT_10_Heisenberg2D_cylinder_0.5_0.5_2,outer,2,SA,0.1,1,Single,No_MSF,2072,210204
result_SELECT_10_Heisenberg2D_cylinder_0.5_0.5_2,outer,2,SA,0.1,1,Single,No_Top,2072,228340
result_SELECT_10_Heisenberg2D_cylinder_0.5_0.5_2,outer,2,SA,0.1,1,Double,Yes_Kink,1991,288519
result_SELECT_10_Heisenberg2D_cylinder_0.5_0.5_2,outer,2,SA,0.001,2,Proj,No_Kink,1678,1175868
result_SELECT_10_Heisenberg2D_cylinder_0.5_0.5_2,outer,2,SA,0.1,2,Double,No_MSF,1921,194310
result_SELECT_10_Heisenberg2D_cylinder_0.5_0.5_2,outer,2,SA,0.1,1,Single,No_Kink,2072,291291
result_SELECT_10_Heisenberg2D_cylinder_0.5_0.5_2,outer,2,SA,0.01,0,Proj,Yes_Kink,1679,1108741
result_SELECT_10_Heisenberg2D_cylinder_0.5_0.5_2,outer,2,SA,0.1,2,Double,No_Top,1921,212529
result_SELECT_10_Heisenberg2D_cylinder_0.5_0.5_2,outer,2,SA,0.01,0,Proj,No_Kink,1675,1144210
result_SELECT_10_Heisenberg2D_cylinder_0.5_0.5_2,outer,2,SA,0.1,1,Single,Yes_Kink,2072,301462
result_SELECT_10_Heisenberg2D_cylinder_0.5_0.5_2,outer,2,SA,0.1,2,Proj,No_MSF,1668,15876
result_SELECT_10_Heisenberg2D_cylinder_0.5_0.5_2,outer,2,SA,0.1,2,Single,No_MSF,2072,210204
result_SELECT_10_Heisenberg2D_cylinder_0.5_0.5_2,outer,2,SA,0.1,2,Proj,No_Top,1668,34052
result_SELECT_10_Heisenberg2D_cylinder_0.5_0.5_2,outer,2,SA,0.1,2,Double,No_Kink,1921,288778
result_SELECT_10_Heisenberg2D_cylinder_0.5_0.5_2,outer,2,SA,0.1,2,Single,No_Top,2072,228300
result_SELECT_10_Heisenberg2D_cylinder_0.5_0.5_2,outer,2,SA,0.1,2,Double,Yes_Kink,1991,289242
result_SELECT_10_Heisenberg2D_cylinder_0.5_0.5_2,outer,2,SA,1,0,Double,No_MSF,1921,194310
result_SELECT_10_Heisenberg2D_cylinder_0.5_0.5_2,outer,2,SA,0.1,2,Single,No_Kink,2072,291055
result_SELECT_10_Heisenberg2D_cylinder_0.5_0.5_2,outer,2,SA,1,0,Double,No_Top,1921,212486
result_SELECT_10_Heisenberg2D_cylinder_0.5_0.5_2,outer,2,SA,0.01,1,Proj,No_Kink,1676,1134252
result_SELECT_10_Heisenberg2D_cylinder_0.5_0.5_2,outer,2,SA,0.01,1,Proj,Yes_Kink,1679,1102439
result_SELECT_10_Heisenberg2D_cylinder_0.5_0.5_2,outer,2,SA,1,0,Double,No_Kink,1921,279741
result_SELECT_10_Heisenberg2D_cylinder_0.5_0.5_2,outer,2,SA,1,0,Proj,No_MSF,1668,15876
result_SELECT_10_Heisenberg2D_cylinder_0.5_0.5_2,outer,2,SA,0.1,2,Single,Yes_Kink,2072,301622
result_SELECT_10_Heisenberg2D_cylinder_0.5_0.5_2,outer,2,SA,1,0,Proj,No_Top,1668,34052
result_SELECT_10_Heisenberg2D_cylinder_0.5_0.5_2,outer,2,SA,1,0,Double,Yes_Kink,1923,276104
result_SELECT_10_Heisenberg2D_cylinder_0.5_0.5_2,outer,2,SA,1,0,Single,No_MSF,2072,210204
result_SELECT_10_Heisenberg2D_cylinder_0.5_0.5_2,outer,2,SA,1,0,Single,No_Top,2072,228380
result_SELECT_10_Heisenberg2D_cylinder_0.5_0.5_2,outer,2,SA,1,1,Double,No_MSF,1921,194310
result_SELECT_10_Heisenberg2D_cylinder_0.5_0.5_2,outer,2,SA,1,0,Single,No_Kink,2073,280960
result_SELECT_10_Heisenberg2D_cylinder_0.5_0.5_2,outer,2,SA,1,1,Double,No_Top,1921,212486
result_SELECT_10_Heisenberg2D_cylinder_0.5_0.5_2,outer,2,SA,1,0,Single,Yes_Kink,2072,293020
result_SELECT_10_Heisenberg2D_cylinder_0.5_0.5_2,outer,2,SA,1,1,Double,No_Kink,1921,280166
result_SELECT_10_Heisenberg2D_cylinder_0.5_0.5_2,outer,2,SA,1,1,Proj,No_MSF,1668,15876
result_SELECT_10_Heisenberg2D_cylinder_0.5_0.5_2,outer,2,SA,1,1,Proj,No_Top,1668,34052
result_SELECT_10_Heisenberg2D_cylinder_0.5_0.5_2,outer,2,SA,0.01,2,Proj,Yes_Kink,1678,1111928
result_SELECT_10_Heisenberg2D_cylinder_0.5_0.5_2,outer,2,SA,0.01,2,Proj,No_Kink,1675,1144228
result_SELECT_10_Heisenberg2D_cylinder_0.5_0.5_2,outer,2,SA,1,1,Single,No_MSF,2072,210204
result_SELECT_10_Heisenberg2D_cylinder_0.5_0.5_2,outer,2,SA,1,1,Single,No_Top,2072,228340
result_SELECT_10_Heisenberg2D_cylinder_0.5_0.5_2,outer,2,SA,1,1,Double,Yes_Kink,1923,276443
result_SELECT_10_Heisenberg2D_cylinder_0.5_0.5_2,outer,2,SA,1,1,Single,No_Kink,2073,280995
result_SELECT_10_Heisenberg2D_cylinder_0.5_0.5_2,outer,2,SA,1,2,Double,No_MSF,1921,194310
result_SELECT_10_Heisenberg2D_cylinder_0.5_0.5_2,outer,2,SA,1,2,Double,No_Top,1921,212529
result_SELECT_10_Heisenberg2D_cylinder_0.5_0.5_2,outer,2,SA,1,1,Single,Yes_Kink,2072,293174
result_SELECT_10_Heisenberg2D_cylinder_0.5_0.5_2,outer,2,SA,1,2,Proj,No_MSF,1668,15876
result_SELECT_10_Heisenberg2D_cylinder_0.5_0.5_2,outer,2,SA,0.1,0,Proj,No_Kink,1678,1044398
result_SELECT_10_Heisenberg2D_cylinder_0.5_0.5_2,outer,2,SA,1,2,Double,No_Kink,1921,280357
result_SELECT_10_Heisenberg2D_cylinder_0.5_0.5_2,outer,2,SA,1,2,Proj,No_Top,1668,34052
result_SELECT_10_Heisenberg2D_cylinder_0.5_0.5_2,outer,2,SA,1,2,Double,Yes_Kink,1923,277296
result_SELECT_10_Heisenberg2D_cylinder_0.5_0.5_2,outer,2,SA,1,2,Single,No_MSF,2072,210204
result_SELECT_10_Heisenberg2D_cylinder_0.5_0.5_2,outer,2,SA,1,2,Single,No_Top,2072,228300
result_SELECT_10_Heisenberg2D_cylinder_0.5_0.5_2,outer,2,SA,1,2,Single,No_Kink,2073,281496
result_SELECT_10_Heisenberg2D_cylinder_0.5_0.5_2,outer,2,naive,0,0,Double,No_MSF,1921,194310
result_SELECT_10_Heisenberg2D_cylinder_0.5_0.5_2,outer,2,naive,0,0,Double,No_Top,1921,212486
result_SELECT_10_Heisenberg2D_cylinder_0.5_0.5_2,outer,2,SA,1,2,Single,Yes_Kink,2072,293369
result_SELECT_10_Heisenberg2D_cylinder_0.5_0.5_2,outer,2,SA,0.1,1,Proj,No_Kink,1680,1032122
result_SELECT_10_Heisenberg2D_cylinder_0.5_0.5_2,outer,2,SA,0.1,0,Proj,Yes_Kink,1679,1014763
result_SELECT_10_Heisenberg2D_cylinder_0.5_0.5_2,outer,2,SA,0.1,1,Proj,Yes_Kink,1679,1015350
result_SELECT_10_Heisenberg2D_cylinder_0.5_0.5_2,outer,2,naive,0,0,Proj,No_MSF,1668,15876
result_SELECT_10_Heisenberg2D_cylinder_0.5_0.5_2,outer,2,naive,0,0,Proj,No_Top,1668,34052
result_SELECT_10_Heisenberg2D_cylinder_0.5_0.5_2,outer,2,naive,0,0,Double,No_Kink,1923,334056
result_SELECT_10_Heisenberg2D_cylinder_0.5_0.5_2,outer,2,naive,0,0,Single,No_MSF,2072,210204
result_SELECT_10_Heisenberg2D_cylinder_0.5_0.5_2,outer,2,naive,0,0,Single,No_Top,2072,228380
result_SELECT_10_Heisenberg2D_cylinder_0.5_0.5_2,outer,2,naive,0,1,Double,No_MSF,1921,194310
result_SELECT_10_Heisenberg2D_cylinder_0.5_0.5_2,outer,2,naive,0,0,Double,Yes_Kink,1950,336350
result_SELECT_10_Heisenberg2D_cylinder_0.5_0.5_2,outer,2,naive,0,1,Double,No_Top,1921,212486
result_SELECT_10_Heisenberg2D_cylinder_0.5_0.5_2,outer,2,SA,0.1,2,Proj,No_Kink,1681,1036450
result_SELECT_10_Heisenberg2D_cylinder_0.5_0.5_2,outer,2,SA,0.1,2,Proj,Yes_Kink,1682,1002994
result_SELECT_10_Heisenberg2D_cylinder_0.5_0.5_2,outer,2,naive,0,1,Proj,No_MSF,1668,15876
result_SELECT_10_Heisenberg2D_cylinder_0.5_0.5_2,outer,2,naive,0,0,Single,No_Kink,2081,337852
result_SELECT_10_Heisenberg2D_cylinder_0.5_0.5_2,outer,2,naive,0,1,Double,No_Kink,1925,334587
result_SELECT_10_Heisenberg2D_cylinder_0.5_0.5_2,outer,2,naive,0,1,Proj,No_Top,1668,34052
result_SELECT_10_Heisenberg2D_cylinder_0.5_0.5_2,outer,2,naive,0,0,Single,Yes_Kink,2111,355603
result_SELECT_10_Heisenberg2D_cylinder_0.5_0.5_2,outer,2,naive,0,1,Single,No_MSF,2072,210204
result_SELECT_10_Heisenberg2D_cylinder_0.5_0.5_2,outer,2,naive,0,1,Single,No_Top,2072,228340
result_SELECT_10_Heisenberg2D_cylinder_0.5_0.5_2,outer,2,naive,0,1,Double,Yes_Kink,1992,341168
result_SELECT_10_Heisenberg2D_cylinder_0.5_0.5_2,outer,2,naive,0,2,Double,No_MSF,1921,194310
result_SELECT_10_Heisenberg2D_cylinder_0.5_0.5_2,outer,2,SA,1,0,Proj,No_Kink,1672,1053809
result_SELECT_10_Heisenberg2D_cylinder_0.5_0.5_2,outer,2,SA,1,0,Proj,Yes_Kink,1673,1040148
result_SELECT_10_Heisenberg2D_cylinder_0.5_0.5_2,outer,2,naive,0,2,Double,No_Top,1921,212529
result_SELECT_10_Heisenberg2D_cylinder_0.5_0.5_2,outer,2,naive,0,1,Single,No_Kink,2081,337950
result_SELECT_10_Heisenberg2D_cylinder_0.5_0.5_2,outer,2,naive,0,2,Proj,No_MSF,1668,15876
result_SELECT_10_Heisenberg2D_cylinder_0.5_0.5_2,outer,2,naive,0,2,Proj,No_Top,1668,34052
result_SELECT_10_Heisenberg2D_cylinder_0.5_0.5_2,outer,2,naive,0,1,Single,Yes_Kink,2111,355707
result_SELECT_10_Heisenberg2D_cylinder_0.5_0.5_2,outer,2,naive,0,2,Double,No_Kink,1932,336974
result_SELECT_10_Heisenberg2D_cylinder_0.5_0.5_2,outer,2,naive,0,2,Single,No_MSF,2072,210204
result_SELECT_10_Heisenberg2D_cylinder_0.5_0.5_2,outer,2,naive,0,2,Single,No_Top,2072,228300
result_SELECT_10_Heisenberg2D_cylinder_0.5_0.5_2,outer,2,SA,1,1,Proj,Yes_Kink,1674,1010004
result_SELECT_10_Heisenberg2D_cylinder_0.5_0.5_2,outer,2,naive,0,2,Double,Yes_Kink,1956,339462
result_SELECT_10_Heisenberg2D_cylinder_0.5_0.5_2,outer,2,random,0,0,Double,No_MSF,1921,194310
result_SELECT_10_Heisenberg2D_cylinder_0.5_0.5_2,outer,2,random,0,0,Double,No_Top,1921,212486
result_SELECT_10_Heisenberg2D_cylinder_0.5_0.5_2,outer,2,naive,0,2,Single,No_Kink,2082,339255
result_SELECT_10_Heisenberg2D_cylinder_0.5_0.5_2,outer,2,random,0,0,Proj,No_MSF,1668,15876
result_SELECT_10_Heisenberg2D_cylinder_0.5_0.5_2,outer,2,random,0,0,Proj,No_Top,1668,34052
result_SELECT_10_Heisenberg2D_cylinder_0.5_0.5_2,outer,2,naive,0,2,Single,Yes_Kink,2140,361555
result_SELECT_10_Heisenberg2D_cylinder_0.5_0.5_2,outer,2,SA,1,1,Proj,No_Kink,1675,1055394
result_SELECT_10_Heisenberg2D_cylinder_0.5_0.5_2,outer,2,SA,1,2,Proj,No_Kink,1675,1057668
result_SELECT_10_Heisenberg2D_cylinder_0.5_0.5_2,outer,2,random,0,0,Single,No_MSF,2072,210204
result_SELECT_10_Heisenberg2D_cylinder_0.5_0.5_2,outer,2,random,0,0,Single,No_Top,2072,228380
result_SELECT_10_Heisenberg2D_cylinder_0.5_0.5_2,outer,2,random,0,0,Double,No_Kink,1921,367997
result_SELECT_10_Heisenberg2D_cylinder_0.5_0.5_2,outer,2,SA,1,2,Proj,Yes_Kink,1676,1025202
result_SELECT_10_Heisenberg2D_cylinder_0.5_0.5_2,outer,2,random,0,0,Double,Yes_Kink,1994,371119
result_SELECT_10_Heisenberg2D_cylinder_0.5_0.5_2,outer,2,random,0,1,Double,No_MSF,1921,194310
result_SELECT_10_Heisenberg2D_cylinder_0.5_0.5_2,outer,2,random,0,1,Double,No_Top,1921,212486
result_SELECT_10_Heisenberg2D_cylinder_0.5_0.5_2,outer,2,random,0,1,Proj,No_MSF,1668,15876
result_SELECT_10_Heisenberg2D_cylinder_0.5_0.5_2,outer,2,random,0,1,Proj,No_Top,1668,34052
result_SELECT_10_Heisenberg2D_cylinder_0.5_0.5_2,outer,2,random,0,0,Single,No_Kink,2072,370963
result_SELECT_10_Heisenberg2D_cylinder_0.5_0.5_2,outer,2,random,0,1,Single,No_MSF,2072,210204
result_SELECT_10_Heisenberg2D_cylinder_0.5_0.5_2,outer,2,random,0,1,Single,No_Top,2072,228340
result_SELECT_10_Heisenberg2D_cylinder_0.5_0.5_2,outer,2,random,0,0,Single,Yes_Kink,2073,380173
result_SELECT_10_Heisenberg2D_cylinder_0.5_0.5_2,outer,2,random,0,1,Double,No_Kink,1921,368058
result_SELECT_10_Heisenberg2D_cylinder_0.5_0.5_2,outer,2,random,0,1,Double,Yes_Kink,1994,372208
result_SELECT_10_Heisenberg2D_cylinder_0.5_0.5_2,outer,2,random,0,2,Double,No_Top,1921,212529
result_SELECT_10_Heisenberg2D_cylinder_0.5_0.5_2,outer,2,random,0,2,Double,No_MSF,1921,194310
result_SELECT_10_Heisenberg2D_cylinder_0.5_0.5_2,outer,2,random,0,1,Single,No_Kink,2072,370992
result_SELECT_10_Heisenberg2D_cylinder_0.5_0.5_2,outer,2,random,0,2,Proj,No_MSF,1668,15876
result_SELECT_10_Heisenberg2D_cylinder_0.5_0.5_2,outer,2,random,0,2,Proj,No_Top,1668,34052
result_SELECT_10_Heisenberg2D_cylinder_0.5_0.5_2,outer,2,random,0,1,Single,Yes_Kink,2073,380196
result_SELECT_10_Heisenberg2D_cylinder_0.5_0.5_2,outer,2,naive,0,0,Proj,Yes_Kink,1705,1171592
result_SELECT_10_Heisenberg2D_cylinder_0.5_0.5_2,outer,2,random,0,2,Single,No_MSF,2072,210204
result_SELECT_10_Heisenberg2D_cylinder_0.5_0.5_2,outer,2,random,0,2,Double,No_Kink,1921,369490
result_SELECT_10_Heisenberg2D_cylinder_0.5_0.5_2,outer,2,random,0,2,Double,Yes_Kink,1993,372841
result_SELECT_10_Heisenberg2D_cylinder_0.5_0.5_3,inner,1,SA,0.001,0,Double,No_MSF,987,161766
result_SELECT_10_Heisenberg2D_cylinder_0.5_0.5_2,outer,2,random,0,2,Single,No_Top,2072,228300
result_SELECT_10_Heisenberg2D_cylinder_0.5_0.5_2,outer,2,naive,0,0,Proj,No_Kink,1696,1199935
result_SELECT_10_Heisenberg2D_cylinder_0.5_0.5_2,outer,2,naive,0,1,Proj,Yes_Kink,1703,1172949
result_SELECT_10_Heisenberg2D_cylinder_0.5_0.5_3,inner,1,SA,0.001,0,Double,No_Top,987,180454
result_SELECT_10_Heisenberg2D_cylinder_0.5_0.5_3,inner,1,SA,0.001,0,Proj,No_MSF,837,16284
result_SELECT_10_Heisenberg2D_cylinder_0.5_0.5_2,outer,2,random,0,2,Single,No_Kink,2072,371915
result_SELECT_10_Heisenberg2D_cylinder_0.5_0.5_3,inner,1,SA,0.001,0,Double,No_Kink,988,273193
result_SELECT_10_Heisenberg2D_cylinder_0.5_0.5_3,inner,1,SA,0.001,0,Proj,No_Top,837,34972
result_SELECT_10_Heisenberg2D_cylinder_0.5_0.5_2,outer,2,random,0,2,Single,Yes_Kink,2075,381346
result_SELECT_10_Heisenberg2D_cylinder_0.5_0.5_3,inner,1,SA,0.001,0,Double,Yes_Kink,990,273178
result_SELECT_10_Heisenberg2D_cylinder_0.5_0.5_3,inner,1,SA,0.001,0,Single,No_MSF,1069,176268
result_SELECT_10_Heisenberg2D_cylinder_0.5_0.5_2,outer,2,naive,0,1,Proj,No_Kink,1697,1201535
result_SELECT_10_Heisenberg2D_cylinder_0.5_0.5_3,inner,1,SA,0.001,0,Single,No_Top,1069,194952
result_SELECT_10_Heisenberg2D_cylinder_0.5_0.5_3,inner,1,SA,0.001,0,Single,No_Kink,1074,274367
result_SELECT_10_Heisenberg2D_cylinder_0.5_0.5_3,inner,1,SA,0.001,1,Double,No_MSF,987,161766
result_SELECT_10_Heisenberg2D_cylinder_0.5_0.5_2,outer,2,naive,0,2,Proj,Yes_Kink,1707,1175936
result_SELECT_10_Heisenberg2D_cylinder_0.5_0.5_3,inner,1,SA,0.001,1,Double,No_Top,987,180446
result_SELECT_10_Heisenberg2D_cylinder_0.5_0.5_2,outer,2,naive,0,2,Proj,No_Kink,1700,1197593
result_SELECT_10_Heisenberg2D_cylinder_0.5_0.5_3,inner,1,SA,0.001,1,Proj,No_MSF,837,16284
result_SELECT_10_Heisenberg2D_cylinder_0.5_0.5_3,inner,1,SA,0.001,1,Proj,No_Top,837,34972
result_SELECT_10_Heisenberg2D_cylinder_0.5_0.5_3,inner,1,SA,0.001,1,Double,No_Kink,988,274894
result_SELECT_10_Heisenberg2D_cylinder_0.5_0.5_3,inner,1,SA,0.001,1,Single,No_MSF,1069,176268
result_SELECT_10_Heisenberg2D_cylinder_0.5_0.5_3,inner,1,SA,0.001,1,Single,No_Top,1069,194872
result_SELECT_10_Heisenberg2D_cylinder_0.5_0.5_2,outer,2,random,0,0,Proj,Yes_Kink,1678,1150335
result_SELECT_10_Heisenberg2D_cylinder_0.5_0.5_3,inner,1,SA,0.001,1,Double,Yes_Kink,991,277140
result_SELECT_10_Heisenberg2D_cylinder_0.5_0.5_3,inner,1,SA,0.001,2,Double,No_MSF,987,161766
result_SELECT_10_Heisenberg2D_cylinder_0.5_0.5_3,inner,1,SA,0.001,2,Double,No_Top,987,180504
result_SELECT_10_Heisenberg2D_cylinder_0.5_0.5_3,inner,1,SA,0.001,1,Single,No_Kink,1074,276621
result_SELECT_10_Heisenberg2D_cylinder_0.5_0.5_2,outer,2,random,0,0,Proj,No_Kink,1678,1180047
result_SELECT_10_Heisenberg2D_cylinder_0.5_0.5_3,inner,1,SA,0.001,2,Proj,No_MSF,837,16284
result_SELECT_10_Heisenberg2D_cylinder_0.5_0.5_3,inner,1,SA,0.001,2,Proj,No_Top,837,34972
result_SELECT_10_Heisenberg2D_cylinder_0.5_0.5_3,inner,1,SA,0.001,2,Double,No_Kink,989,279086
result_SELECT_10_Heisenberg2D_cylinder_0.5_0.5_3,inner,1,SA,0.001,2,Single,No_MSF,1069,176268
result_SELECT_10_Heisenberg2D_cylinder_0.5_0.5_3,inner,1,SA,0.001,2,Single,No_Top,1069,194792
result_SELECT_10_Heisenberg2D_cylinder_0.5_0.5_3,inner,1,SA,0.001,2,Double,Yes_Kink,992,279932
result_SELECT_10_Heisenberg2D_cylinder_0.5_0.5_3,inner,1,SA,0.01,0,Double,No_MSF,987,161766
result_SELECT_10_Heisenberg2D_cylinder_0.5_0.5_3,inner,1,SA,0.01,0,Double,No_Top,987,180454
result_SELECT_10_Heisenberg2D_cylinder_0.5_0.5_2,outer,2,random,0,1,Proj,No_Kink,1678,1175384
result_SELECT_10_Heisenberg2D_cylinder_0.5_0.5_3,inner,1,SA,0.001,2,Single,No_Kink,1074,281342
result_SELECT_10_Heisenberg2D_cylinder_0.5_0.5_3,inner,1,SA,0.01,0,Proj,No_MSF,837,16284
result_SELECT_10_Heisenberg2D_cylinder_0.5_0.5_2,outer,2,random,0,1,Proj,Yes_Kink,1677,1146422
result_SELECT_10_Heisenberg2D_cylinder_0.5_0.5_3,inner,1,SA,0.01,0,Double,No_Kink,988,263432
result_SELECT_10_Heisenberg2D_cylinder_0.5_0.5_3,inner,1,SA,0.01,0,Proj,No_Top,837,34972
result_SELECT_10_Heisenberg2D_cylinder_0.5_0.5_3,inner,1,SA,0.01,0,Single,No_MSF,1069,176268
result_SELECT_10_Heisenberg2D_cylinder_0.5_0.5_3,inner,1,SA,0.01,0,Single,No_Top,1069,194952
result_SELECT_10_Heisenberg2D_cylinder_0.5_0.5_3,inner,1,SA,0.01,0,Double,Yes_Kink,990,263022
result_SELECT_10_Heisenberg2D_cylinder_0.5_0.5_3,inner,1,SA,0.01,1,Double,No_MSF,987,161766
result_SELECT_10_Heisenberg2D_cylinder_0.5_0.5_3,inner,1,SA,0.01,1,Double,No_Top,987,180446
result_SELECT_10_Heisenberg2D_cylinder_0.5_0.5_3,inner,1,SA,0.01,0,Single,No_Kink,1079,264186
result_SELECT_10_Heisenberg2D_cylinder_0.5_0.5_3,inner,1,SA,0.01,1,Proj,No_MSF,837,16284
result_SELECT_10_Heisenberg2D_cylinder_0.5_0.5_3,inner,1,SA,0.01,1,Proj,No_Top,837,34972
result_SELECT_10_Heisenberg2D_cylinder_0.5_0.5_3,inner,1,SA,0.01,1,Double,No_Kink,988,264582
result_SELECT_10_Heisenberg2D_cylinder_0.5_0.5_3,inner,1,SA,0.001,0,Proj,No_Kink,851,858245
result_SELECT_10_Heisenberg2D_cylinder_0.5_0.5_3,inner,1,SA,0.01,1,Double,Yes_Kink,990,267726
result_SELECT_10_Heisenberg2D_cylinder_0.5_0.5_2,outer,2,random,0,2,Proj,No_Kink,1679,1175696
result_SELECT_10_Heisenberg2D_cylinder_0.5_0.5_3,inner,1,SA,0.01,1,Single,No_MSF,1069,176268
result_SELECT_10_Heisenberg2D_cylinder_0.5_0.5_3,inner,1,SA,0.01,1,Single,No_Top,1069,194872
result_SELECT_10_Heisenberg2D_cylinder_0.5_0.5_3,inner,1,SA,0.01,2,Double,No_MSF,987,161766
result_SELECT_10_Heisenberg2D_cylinder_0.5_0.5_3,inner,1,SA,0.01,2,Double,No_Top,987,180504
result_SELECT_10_Heisenberg2D_cylinder_0.5_0.5_3,inner,1,SA,0.01,1,Single,No_Kink,1079,265866
result_SELECT_10_Heisenberg2D_cylinder_0.5_0.5_3,inner,1,SA,0.01,2,Proj,No_MSF,837,16284
result_SELECT_10_Heisenberg2D_cylinder_0.5_0.5_3,inner,1,SA,0.01,2,Double,No_Kink,989,269196
result_SELECT_10_Heisenberg2D_cylinder_0.5_0.5_3,inner,1,SA,0.001,0,Proj,Yes_Kink,851,843646
result_SELECT_10_Heisenberg2D_cylinder_0.5_0.5_3,inner,1,SA,0.01,2,Proj,No_Top,837,34972
result_SELECT_10_Heisenberg2D_cylinder_0.5_0.5_3,inner,1,SA,0.001,1,Proj,No_Kink,852,861005
result_SELECT_10_Heisenberg2D_cylinder_0.5_0.5_3,inner,1,SA,0.01,2,Single,No_MSF,1069,176268
result_SELECT_10_Heisenberg2D_cylinder_0.5_0.5_3,inner,1,SA,0.01,2,Double,Yes_Kink,992,270229
result_SELECT_10_Heisenberg2D_cylinder_0.5_0.5_2,outer,2,random,0,2,Proj,Yes_Kink,1680,1145078
result_SELECT_10_Heisenberg2D_cylinder_0.5_0.5_3,inner,1,SA,0.01,2,Single,No_Top,1069,194792
result_SELECT_10_Heisenberg2D_cylinder_0.5_0.5_3,inner,1,SA,0.1,0,Double,No_MSF,987,161766
result_SELECT_10_Heisenberg2D_cylinder_0.5_0.5_3,inner,1,SA,0.001,1,Proj,Yes_Kink,854,843818
result_SELECT_10_Heisenberg2D_cylinder_0.5_0.5_3,inner,1,SA,0.1,0,Double,No_Top,987,180454
result_SELECT_10_Heisenberg2D_cylinder_0.5_0.5_3,inner,1,SA,0.01,2,Single,No_Kink,1077,270188
result_SELECT_10_Heisenberg2D_cylinder_0.5_0.5_3,inner,1,SA,0.1,0,Double,No_Kink,989,252641
result_SELECT_10_Heisenberg2D_cylinder_0.5_0.5_3,inner,1,SA,0.1,0,Proj,No_Top,837,34972
result_SELECT_10_Heisenberg2D_cylinder_0.5_0.5_3,inner,1,SA,0.1,0,Proj,No_MSF,837,16284
result_SELECT_10_Heisenberg2D_cylinder_0.5_0.5_3,inner,1,SA,0.001,2,Proj,No_Kink,853,858115
result_SELECT_10_Heisenberg2D_cylinder_0.5_0.5_3,inner,1,SA,0.1,0,Single,No_MSF,1069,176268
result_SELECT_10_Heisenberg2D_cylinder_0.5_0.5_3,inner,1,SA,0.1,0,Double,Yes_Kink,994,255111
result_SELECT_10_Heisenberg2D_cylinder_0.5_0.5_3,inner,1,SA,0.1,0,Single,No_Top,1069,194952
result_SELECT_10_Heisenberg2D_cylinder_0.5_0.5_3,inner,1,SA,0.1,1,Double,No_Top,987,180446
result_SELECT_10_Heisenberg2D_cylinder_0.5_0.5_3,inner,1,SA,0.1,1,Double,No_MSF,987,161766
result_SELECT_10_Heisenberg2D_cylinder_0.5_0.5_3,inner,1,SA,0.1,0,Single,No_Kink,1071,251354
result_SELECT_10_Heisenberg2D_cylinder_0.5_0.5_3,inner,1,SA,0.1,1,Proj,No_MSF,837,16284
result_SELECT_10_Heisenberg2D_cylinder_0.5_0.5_3,inner,1,SA,0.1,1,Proj,No_Top,837,34972
result_SELECT_10_Heisenberg2D_cylinder_0.5_0.5_3,inner,1,SA,0.1,1,Double,No_Kink,989,256611
result_SELECT_10_Heisenberg2D_cylinder_0.5_0.5_3,inner,1,SA,0.001,2,Proj,Yes_Kink,855,842025
result_SELECT_10_Heisenberg2D_cylinder_0.5_0.5_3,inner,1,SA,0.01,0,Proj,Yes_Kink,850,840879
result_SELECT_10_Heisenberg2D_cylinder_0.5_0.5_3,inner,1,SA,0.1,1,Single,No_MSF,1069,176268
result_SELECT_10_Heisenberg2D_cylinder_0.5_0.5_3,inner,1,SA,0.01,0,Proj,No_Kink,851,861902
result_SELECT_10_Heisenberg2D_cylinder_0.5_0.5_3,inner,1,SA,0.1,1,Double,Yes_Kink,993,258574
result_SELECT_10_Heisenberg2D_cylinder_0.5_0.5_3,inner,1,SA,0.1,1,Single,No_Top,1069,194872
result_SELECT_10_Heisenberg2D_cylinder_0.5_0.5_3,inner,1,SA,0.1,2,Double,No_MSF,987,161766
result_SELECT_10_Heisenberg2D_cylinder_0.5_0.5_3,inner,1,SA,0.1,1,Single,No_Kink,1072,254992
result_SELECT_10_Heisenberg2D_cylinder_0.5_0.5_3,inner,1,SA,0.1,2,Double,No_Top,987,180504
result_SELECT_10_Heisenberg2D_cylinder_0.5_0.5_3,inner,1,SA,0.1,2,Proj,No_Top,837,34972
result_SELECT_10_Heisenberg2D_cylinder_0.5_0.5_3,inner,1,SA,0.1,2,Proj,No_MSF,837,16284
result_SELECT_10_Heisenberg2D_cylinder_0.5_0.5_3,inner,1,SA,0.1,2,Double,No_Kink,988,262999
result_SELECT_10_Heisenberg2D_cylinder_0.5_0.5_3,inner,1,SA,0.1,2,Single,No_MSF,1069,176268
result_SELECT_10_Heisenberg2D_cylinder_0.5_0.5_3,inner,1,SA,0.1,2,Double,Yes_Kink,999,264761
result_SELECT_10_Heisenberg2D_cylinder_0.5_0.5_3,inner,1,SA,0.1,2,Single,No_Top,1069,194792
result_SELECT_10_Heisenberg2D_cylinder_0.5_0.5_3,inner,1,SA,0.1,2,Single,No_Kink,1072,262938
result_SELECT_10_Heisenberg2D_cylinder_0.5_0.5_3,inner,1,SA,1,0,Double,No_MSF,987,161766
result_SELECT_10_Heisenberg2D_cylinder_0.5_0.5_3,inner,1,SA,1,0,Double,No_Top,987,180454
result_SELECT_10_Heisenberg2D_cylinder_0.5_0.5_3,inner,1,SA,1,0,Double,No_Kink,988,247142
result_SELECT_10_Heisenberg2D_cylinder_0.5_0.5_3,inner,1,SA,1,0,Proj,No_MSF,837,16284
result_SELECT_10_Heisenberg2D_cylinder_0.5_0.5_3,inner,1,SA,0.01,1,Proj,No_Kink,853,860547
result_SELECT_10_Heisenberg2D_cylinder_0.5_0.5_3,inner,1,SA,1,0,Proj,No_Top,837,34972
result_SELECT_10_Heisenberg2D_cylinder_0.5_0.5_3,inner,1,SA,1,0,Double,Yes_Kink,993,249062
result_SELECT_10_Heisenberg2D_cylinder_0.5_0.5_3,inner,1,SA,0.01,1,Proj,Yes_Kink,853,841369
result_SELECT_10_Heisenberg2D_cylinder_0.5_0.5_3,inner,1,SA,1,0,Single,No_MSF,1069,176268
result_SELECT_10_Heisenberg2D_cylinder_0.5_0.5_3,inner,1,SA,1,0,Single,No_Top,1069,194952
result_SELECT_10_Heisenberg2D_cylinder_0.5_0.5_3,inner,1,SA,1,1,Double,No_MSF,987,161766
result_SELECT_10_Heisenberg2D_cylinder_0.5_0.5_3,inner,1,SA,0.01,2,Proj,No_Kink,853,857040
result_SELECT_10_Heisenberg2D_cylinder_0.5_0.5_3,inner,1,SA,1,0,Single,No_Kink,1075,247367
result_SELECT_10_Heisenberg2D_cylinder_0.5_0.5_3,inner,1,SA,0.01,2,Proj,Yes_Kink,853,844473
result_SELECT_10_Heisenberg2D_cylinder_0.5_0.5_3,inner,1,SA,1,1,Double,No_Top,987,180446
result_SELECT_10_Heisenberg2D_cylinder_0.5_0.5_3,inner,1,SA,1,1,Proj,No_MSF,837,16284
result_SELECT_10_Heisenberg2D_cylinder_0.5_0.5_3,inner,1,SA,1,1,Double,No_Kink,988,249684
result_SELECT_10_Heisenberg2D_cylinder_0.5_0.5_3,inner,1,SA,1,1,Proj,No_Top,837,34972
result_SELECT_10_Heisenberg2D_cylinder_0.5_0.5_3,inner,1,SA,1,1,Double,Yes_Kink,991,251483
result_SELECT_10_Heisenberg2D_cylinder_0.5_0.5_3,inner,1,SA,1,1,Single,No_MSF,1069,176268
result_SELECT_10_Heisenberg2D_cylinder_0.5_0.5_3,inner,1,SA,1,1,Single,No_Top,1069,194872
result_SELECT_10_Heisenberg2D_cylinder_0.5_0.5_3,inner,1,SA,1,2,Double,No_MSF,987,161766
result_SELECT_10_Heisenberg2D_cylinder_0.5_0.5_3,inner,1,SA,0.1,0,Proj,Yes_Kink,855,823918
result_SELECT_10_Heisenberg2D_cylinder_0.5_0.5_3,inner,1,SA,0.1,0,Proj,No_Kink,855,837259
result_SELECT_10_Heisenberg2D_cylinder_0.5_0.5_3,inner,1,SA,1,1,Single,No_Kink,1075,248641
result_SELECT_10_Heisenberg2D_cylinder_0.5_0.5_3,inner,1,SA,1,2,Double,No_Top,987,180504
result_SELECT_10_Heisenberg2D_cylinder_0.5_0.5_3,inner,1,SA,1,2,Proj,No_MSF,837,16284
result_SELECT_10_Heisenberg2D_cylinder_0.5_0.5_3,inner,1,SA,1,2,Proj,No_Top,837,34972
result_SELECT_10_Heisenberg2D_cylinder_0.5_0.5_3,inner,1,SA,1,2,Single,No_MSF,1069,176268
result_SELECT_10_Heisenberg2D_cylinder_0.5_0.5_3,inner,1,SA,1,2,Double,No_Kink,988,257730
result_SELECT_10_Heisenberg2D_cylinder_0.5_0.5_3,inner,1,SA,1,2,Single,No_Top,1069,194792
result_SELECT_10_Heisenberg2D_cylinder_0.5_0.5_3,inner,1,SA,0.1,1,Proj,No_Kink,860,837723
result_SELECT_10_Heisenberg2D_cylinder_0.5_0.5_3,inner,1,SA,1,2,Single,No_Kink,1083,256894
result_SELECT_10_Heisenberg2D_cylinder_0.5_0.5_3,inner,1,naive,0,0,Double,No_MSF,987,161766
result_SELECT_10_Heisenberg2D_cylinder_0.5_0.5_3,inner,1,SA,1,2,Double,Yes_Kink,992,258993
result_SELECT_10_Heisenberg2D_cylinder_0.5_0.5_3,inner,1,naive,0,0,Double,No_Top,987,180454
result_SELECT_10_Heisenberg2D_cylinder_0.5_0.5_3,inner,1,naive,0,0,Proj,No_MSF,837,16284
result_SELECT_10_Heisenberg2D_cylinder_0.5_0.5_3,inner,1,naive,0,0,Proj,No_Top,837,34972
result_SELECT_10_Heisenberg2D_cylinder_0.5_0.5_3,inner,1,SA,0.1,2,Proj,No_Kink,865,820673
result_SELECT_10_Heisenberg2D_cylinder_0.5_0.5_3,inner,1,naive,0,0,Single,No_MSF,1069,176268
result_SELECT_10_Heisenberg2D_cylinder_0.5_0.5_3,inner,1,SA,0.1,2,Proj,Yes_Kink,864,817118
result_SELECT_10_Heisenberg2D_cylinder_0.5_0.5_3,inner,1,naive,0,0,Single,No_Top,1069,194952
result_SELECT_10_Heisenberg2D_cylinder_0.5_0.5_3,inner,1,SA,0.1,1,Proj,Yes_Kink,859,830776
result_SELECT_10_Heisenberg2D_cylinder_0.5_0.5_3,inner,1,naive,0,1,Double,No_MSF,987,161766
result_SELECT_10_Heisenberg2D_cylinder_0.5_0.5_3,inner,1,naive,0,1,Double,No_Top,987,180446
result_SELECT_10_Heisenberg2D_cylinder_0.5_0.5_3,inner,1,naive,0,1,Proj,No_MSF,837,16284
result_SELECT_10_Heisenberg2D_cylinder_0.5_0.5_3,inner,1,naive,0,1,Proj,No_Top,837,34972
result_SELECT_10_Heisenberg2D_cylinder_0.5_0.5_3,inner,1,SA,1,0,Proj,No_Kink,849,839394
result_SELECT_10_Heisenberg2D_cylinder_0.5_0.5_3,inner,1,naive,0,0,Double,No_Kink,1403,506727
result_SELECT_10_Heisenberg2D_cylinder_0.5_0.5_3,inner,1,SA,1,0,Proj,Yes_Kink,848,824722
result_SELECT_10_Heisenberg2D_cylinder_0.5_0.5_3,inner,1,naive,0,0,Double,Yes_Kink,1388,504076
result_SELECT_10_Heisenberg2D_cylinder_0.5_0.5_3,inner,1,naive,0,1,Single,No_MSF,1069,176268
result_SELECT_10_Heisenberg2D_cylinder_0.5_0.5_3,inner,1,naive,0,1,Single,No_Top,1069,194872
result_SELECT_10_Heisenberg2D_cylinder_0.5_0.5_3,inner,1,naive,0,2,Double,No_MSF,987,161766
result_SELECT_10_Heisenberg2D_cylinder_0.5_0.5_3,inner,1,naive,0,0,Single,No_Kink,1757,567072
result_SELECT_10_Heisenberg2D_cylinder_0.5_0.5_3,inner,1,naive,0,2,Double,No_Top,987,180504
result_SELECT_10_Heisenberg2D_cylinder_0.5_0.5_3,inner,1,naive,0,2,Proj,No_MSF,837,16284
result_SELECT_10_Heisenberg2D_cylinder_0.5_0.5_3,inner,1,naive,0,1,Double,No_Kink,1363,498470
result_SELECT_10_Heisenberg2D_cylinder_0.5_0.5_3,inner,1,naive,0,2,Proj,No_Top,837,34972
result_SELECT_10_Heisenberg2D_cylinder_0.5_0.5_3,inner,1,naive,0,1,Double,Yes_Kink,1387,506791
result_SELECT_10_Heisenberg2D_cylinder_0.5_0.5_3,inner,1,naive,0,2,Single,No_MSF,1069,176268
result_SELECT_10_Heisenberg2D_cylinder_0.5_0.5_3,inner,1,naive,0,2,Single,No_Top,1069,194792
result_SELECT_10_Heisenberg2D_cylinder_0.5_0.5_3,inner,1,SA,1,1,Proj,Yes_Kink,852,821226
result_SELECT_10_Heisenberg2D_cylinder_0.5_0.5_3,inner,1,SA,1,2,Proj,Yes_Kink,854,816827
result_SELECT_10_Heisenberg2D_cylinder_0.5_0.5_3,inner,1,SA,1,2,Proj,No_Kink,853,842696
result_SELECT_10_Heisenberg2D_cylinder_0.5_0.5_3,inner,1,naive,0,1,Single,No_Kink,1747,568340
result_SELECT_10_Heisenberg2D_cylinder_0.5_0.5_3,inner,1,naive,0,2,Double,No_Kink,1351,500529
result_SELECT_10_Heisenberg2D_cylinder_0.5_0.5_3,inner,1,SA,1,1,Proj,No_Kink,851,834423
result_SELECT_10_Heisenberg2D_cylinder_0.5_0.5_3,inner,1,random,0,0,Double,No_MSF,987,161766
result_SELECT_10_Heisenberg2D_cylinder_0.5_0.5_3,inner,1,random,0,0,Double,No_Top,987,180454
result_SELECT_10_Heisenberg2D_cylinder_0.5_0.5_3,inner,1,random,0,0,Proj,No_MSF,837,16284
result_SELECT_10_Heisenberg2D_cylinder_0.5_0.5_3,inner,1,random,0,0,Proj,No_Top,837,34972
result_SELECT_10_Heisenberg2D_cylinder_0.5_0.5_3,inner,1,naive,0,2,Double,Yes_Kink,1374,509707
result_SELECT_10_Heisenberg2D_cylinder_0.5_0.5_3,inner,1,random,0,0,Single,No_MSF,1069,176268
result_SELECT_10_Heisenberg2D_cylinder_0.5_0.5_3,inner,1,random,0,0,Single,No_Top,1069,194952
result_SELECT_10_Heisenberg2D_cylinder_0.5_0.5_3,inner,1,random,0,1,Double,No_MSF,987,161766
result_SELECT_10_Heisenberg2D_cylinder_0.5_0.5_3,inner,1,random,0,1,Double,No_Top,987,180446
result_SELECT_10_Heisenberg2D_cylinder_0.5_0.5_3,inner,1,naive,0,2,Single,No_Kink,1755,570118
result_SELECT_10_Heisenberg2D_cylinder_0.5_0.5_3,inner,1,random,0,1,Proj,No_MSF,837,16284
result_SELECT_10_Heisenberg2D_cylinder_0.5_0.5_3,inner,1,random,0,1,Proj,No_Top,837,34972
result_SELECT_10_Heisenberg2D_cylinder_0.5_0.5_3,inner,1,random,0,0,Double,No_Kink,1016,430082
result_SELECT_10_Heisenberg2D_cylinder_0.5_0.5_3,inner,1,random,0,0,Double,Yes_Kink,1019,432742
result_SELECT_10_Heisenberg2D_cylinder_0.5_0.5_3,inner,1,naive,0,0,Proj,No_Kink,1051,1083352
result_SELECT_10_Heisenberg2D_cylinder_0.5_0.5_3,inner,1,random,0,1,Single,No_MSF,1069,176268
result_SELECT_10_Heisenberg2D_cylinder_0.5_0.5_3,inner,1,random,0,1,Single,No_Top,1069,194872
result_SELECT_10_Heisenberg2D_cylinder_0.5_0.5_3,inner,1,random,0,0,Single,No_Kink,1302,494155
result_SELECT_10_Heisenberg2D_cylinder_0.5_0.5_3,inner,1,random,0,2,Double,No_MSF,987,161766
result_SELECT_10_Heisenberg2D_cylinder_0.5_0.5_3,inner,1,random,0,1,Double,No_Kink,1014,429547
result_SELECT_10_Heisenberg2D_cylinder_0.5_0.5_3,inner,1,random,0,1,Double,Yes_Kink,1022,433222
result_SELECT_10_Heisenberg2D_cylinder_0.5_0.5_3,inner,1,random,0,2,Double,No_Top,987,180504
result_SELECT_10_Heisenberg2D_cylinder_0.5_0.5_3,inner,1,random,0,2,Proj,No_MSF,837,16284
result_SELECT_10_Heisenberg2D_cylinder_0.5_0.5_3,inner,1,random,0,2,Proj,No_Top,837,34972
result_SELECT_10_Heisenberg2D_cylinder_0.5_0.5_3,inner,1,naive,0,1,Proj,No_Kink,1053,1084214
result_SELECT_10_Heisenberg2D_cylinder_0.5_0.5_3,inner,1,naive,0,0,Proj,Yes_Kink,1075,1085150
result_SELECT_10_Heisenberg2D_cylinder_0.5_0.5_3,inner,1,random,0,1,Single,No_Kink,1298,494843
result_SELECT_10_Heisenberg2D_cylinder_0.5_0.5_3,inner,1,naive,0,1,Proj,Yes_Kink,1089,1097557
result_SELECT_10_Heisenberg2D_cylinder_0.5_0.5_3,inner,1,random,0,2,Single,No_MSF,1069,176268
result_SELECT_10_Heisenberg2D_cylinder_0.5_0.5_3,inner,1,random,0,2,Single,No_Top,1069,194792
result_SELECT_10_Heisenberg2D_cylinder_0.5_0.5_3,inner,2,SA,0.001,0,Double,No_Top,987,180454
result_SELECT_10_Heisenberg2D_cylinder_0.5_0.5_3,inner,2,SA,0.001,0,Double,No_MSF,987,161766
result_SELECT_10_Heisenberg2D_cylinder_0.5_0.5_3,inner,1,random,0,2,Double,No_Kink,1037,436790
result_SELECT_10_Heisenberg2D_cylinder_0.5_0.5_3,inner,1,naive,0,2,Proj,No_Kink,1053,1083651
result_SELECT_10_Heisenberg2D_cylinder_0.5_0.5_3,inner,2,SA,0.001,0,Proj,No_Top,837,34972
result_SELECT_10_Heisenberg2D_cylinder_0.5_0.5_3,inner,2,SA,0.001,0,Proj,No_MSF,837,16284
result_SELECT_10_Heisenberg2D_cylinder_0.5_0.5_3,inner,2,SA,0.001,0,Double,No_Kink,988,257878
result_SELECT_10_Heisenberg2D_cylinder_0.5_0.5_3,inner,1,naive,0,2,Proj,Yes_Kink,1083,1092184
result_SELECT_10_Heisenberg2D_cylinder_0.5_0.5_3,inner,2,SA,0.001,0,Single,No_Top,1069,194952
result_SELECT_10_Heisenberg2D_cylinder_0.5_0.5_3,inner,2,SA,0.001,0,Double,Yes_Kink,1021,260053
result_SELECT_10_Heisenberg2D_cylinder_0.5_0.5_3,inner,2,SA,0.001,0,Single,No_MSF,1069,176268
result_SELECT_10_Heisenberg2D_cylinder_0.5_0.5_3,inner,1,random,0,2,Double,Yes_Kink,1040,437844
result_SELECT_10_Heisenberg2D_cylinder_0.5_0.5_3,inner,1,random,0,0,Proj,No_Kink,856,888319
result_SELECT_10_Heisenberg2D_cylinder_0.5_0.5_3,inner,2,SA,0.001,1,Double,No_MSF,987,161766
result_SELECT_10_Heisenberg2D_cylinder_0.5_0.5_3,inner,2,SA,0.001,0,Single,No_Kink,1070,257477
result_SELECT_10_Heisenberg2D_cylinder_0.5_0.5_3,inner,1,random,0,2,Single,No_Kink,1323,500132
result_SELECT_10_Heisenberg2D_cylinder_0.5_0.5_3,inner,2,SA,0.001,1,Double,No_Top,987,180446
result_SELECT_10_Heisenberg2D_cylinder_0.5_0.5_3,inner,2,SA,0.001,1,Proj,No_MSF,837,16284
result_SELECT_10_Heisenberg2D_cylinder_0.5_0.5_3,inner,2,SA,0.001,1,Proj,No_Top,837,34972
result_SELECT_10_Heisenberg2D_cylinder_0.5_0.5_3,inner,2,SA,0.001,1,Single,No_MSF,1069,176268
result_SELECT_10_Heisenberg2D_cylinder_0.5_0.5_3,inner,2,SA,0.001,1,Double,No_Kink,988,259262
result_SELECT_10_Heisenberg2D_cylinder_0.5_0.5_3,inner,1,random,0,0,Proj,Yes_Kink,858,874481
result_SELECT_10_Heisenberg2D_cylinder_0.5_0.5_3,inner,2,SA,0.001,0,Single,Yes_Kink,1070,268411
result_SELECT_10_Heisenberg2D_cylinder_0.5_0.5_3,inner,2,SA,0.001,1,Double,Yes_Kink,1021,262283
result_SELECT_10_Heisenberg2D_cylinder_0.5_0.5_3,inner,2,SA,0.001,1,Single,No_Top,1069,194872
result_SELECT_10_Heisenberg2D_cylinder_0.5_0.5_3,inner,1,random,0,1,Proj,No_Kink,858,886727
result_SELECT_10_Heisenberg2D_cylinder_0.5_0.5_3,inner,2,SA,0.001,2,Double,No_Top,987,180504
result_SELECT_10_Heisenberg2D_cylinder_0.5_0.5_3,inner,2,SA,0.001,2,Double,No_MSF,987,161766
result_SELECT_10_Heisenberg2D_cylinder_0.5_0.5_3,inner,2,SA,0.001,1,Single,No_Kink,1070,259283
result_SELECT_10_Heisenberg2D_cylinder_0.5_0.5_3,inner,2,SA,0.001,2,Proj,No_MSF,837,16284
result_SELECT_10_Heisenberg2D_cylinder_0.5_0.5_3,inner,1,random,0,1,Proj,Yes_Kink,858,872238
result_SELECT_10_Heisenberg2D_cylinder_0.5_0.5_3,inner,2,SA,0.001,1,Single,Yes_Kink,1070,270077
result_SELECT_10_Heisenberg2D_cylinder_0.5_0.5_3,inner,2,SA,0.001,2,Proj,No_Top,837,34972
result_SELECT_10_Heisenberg2D_cylinder_0.5_0.5_3,inner,2,SA,0.001,2,Single,No_MSF,1069,176268
result_SELECT_10_Heisenberg2D_cylinder_0.5_0.5_3,inner,2,SA,0.001,2,Double,No_Kink,989,262255
result_SELECT_10_Heisenberg2D_cylinder_0.5_0.5_3,inner,2,SA,0.001,2,Single,No_Top,1069,194792
result_SELECT_10_Heisenberg2D_cylinder_0.5_0.5_3,inner,2,SA,0.01,0,Double,No_MSF,987,161766
result_SELECT_10_Heisenberg2D_cylinder_0.5_0.5_3,inner,2,SA,0.001,2,Double,Yes_Kink,1022,264937
result_SELECT_10_Heisenberg2D_cylinder_0.5_0.5_3,inner,2,SA,0.001,2,Single,No_Kink,1070,262031
result_SELECT_10_Heisenberg2D_cylinder_0.5_0.5_3,inner,2,SA,0.01,0,Double,No_Top,987,180454
result_SELECT_10_Heisenberg2D_cylinder_0.5_0.5_3,inner,2,SA,0.01,0,Proj,No_MSF,837,16284
result_SELECT_10_Heisenberg2D_cylinder_0.5_0.5_3,inner,2,SA,0.001,2,Single,Yes_Kink,1070,273145
result_SELECT_10_Heisenberg2D_cylinder_0.5_0.5_3,inner,2,SA,0.01,0,Proj,No_Top,837,34972
result_SELECT_10_Heisenberg2D_cylinder_0.5_0.5_3,inner,2,SA,0.01,0,Double,Yes_Kink,1023,255147
result_SELECT_10_Heisenberg2D_cylinder_0.5_0.5_3,inner,2,SA,0.01,0,Single,No_MSF,1069,176268
result_SELECT_10_Heisenberg2D_cylinder_0.5_0.5_3,inner,2,SA,0.01,0,Double,No_Kink,988,253451
result_SELECT_10_Heisenberg2D_cylinder_0.5_0.5_3,inner,2,SA,0.01,0,Single,No_Top,1069,194952
result_SELECT_10_Heisenberg2D_cylinder_0.5_0.5_3,inner,1,random,0,2,Proj,Yes_Kink,864,870685
result_SELECT_10_Heisenberg2D_cylinder_0.5_0.5_3,inner,1,random,0,2,Proj,No_Kink,857,888536
result_SELECT_10_Heisenberg2D_cylinder_0.5_0.5_3,inner,2,SA,0.01,1,Double,No_MSF,987,161766
result_SELECT_10_Heisenberg2D_cylinder_0.5_0.5_3,inner,2,SA,0.01,0,Single,No_Kink,1070,253036
result_SELECT_10_Heisenberg2D_cylinder_0.5_0.5_3,inner,2,SA,0.01,1,Double,No_Top,987,180446
result_SELECT_10_Heisenberg2D_cylinder_0.5_0.5_3,inner,2,SA,0.01,0,Single,Yes_Kink,1070,263770
result_SELECT_10_Heisenberg2D_cylinder_0.5_0.5_3,inner,2,SA,0.01,1,Proj,No_MSF,837,16284
result_SELECT_10_Heisenberg2D_cylinder_0.5_0.5_3,inner,2,SA,0.01,1,Double,No_Kink,988,254335
result_SELECT_10_Heisenberg2D_cylinder_0.5_0.5_3,inner,2,SA,0.01,1,Proj,No_Top,837,34972
result_SELECT_10_Heisenberg2D_cylinder_0.5_0.5_3,inner,2,SA,0.01,1,Double,Yes_Kink,1023,257649
result_SELECT_10_Heisenberg2D_cylinder_0.5_0.5_3,inner,2,SA,0.01,1,Single,No_MSF,1069,176268
result_SELECT_10_Heisenberg2D_cylinder_0.5_0.5_3,inner,2,SA,0.001,0,Proj,Yes_Kink,852,868653
result_SELECT_10_Heisenberg2D_cylinder_0.5_0.5_3,inner,2,SA,0.01,1,Single,No_Top,1069,194872
result_SELECT_10_Heisenberg2D_cylinder_0.5_0.5_3,inner,2,SA,0.01,2,Double,No_MSF,987,161766
result_SELECT_10_Heisenberg2D_cylinder_0.5_0.5_3,inner,2,SA,0.01,1,Single,No_Kink,1070,253913
result_SELECT_10_Heisenberg2D_cylinder_0.5_0.5_3,inner,2,SA,0.01,2,Double,No_Top,987,180504
result_SELECT_10_Heisenberg2D_cylinder_0.5_0.5_3,inner,2,SA,0.01,2,Double,No_Kink,990,257797
result_SELECT_10_Heisenberg2D_cylinder_0.5_0.5_3,inner,2,SA,0.001,1,Proj,No_Kink,851,885014
result_SELECT_10_Heisenberg2D_cylinder_0.5_0.5_3,inner,2,SA,0.01,2,Proj,No_MSF,837,16284
result_SELECT_10_Heisenberg2D_cylinder_0.5_0.5_3,inner,2,SA,0.01,2,Double,Yes_Kink,1024,259823
result_SELECT_10_Heisenberg2D_cylinder_0.5_0.5_3,inner,2,SA,0.001,1,Proj,Yes_Kink,851,868725
result_SELECT_10_Heisenberg2D_cylinder_0.5_0.5_3,inner,2,SA,0.001,0,Proj,No_Kink,847,886956
result_SELECT_10_Heisenberg2D_cylinder_0.5_0.5_3,inner,2,SA,0.01,1,Single,Yes_Kink,1070,264909
result_SELECT_10_Heisenberg2D_cylinder_0.5_0.5_3,inner,2,SA,0.01,2,Single,No_Top,1069,194792
result_SELECT_10_Heisenberg2D_cylinder_0.5_0.5_3,inner,2,SA,0.01,2,Proj,No_Top,837,34972
result_SELECT_10_Heisenberg2D_cylinder_0.5_0.5_3,inner,2,SA,0.01,2,Single,No_MSF,1069,176268
result_SELECT_10_Heisenberg2D_cylinder_0.5_0.5_3,inner,2,SA,0.01,2,Single,No_Kink,1070,257497
result_SELECT_10_Heisenberg2D_cylinder_0.5_0.5_3,inner,2,SA,0.1,0,Double,No_MSF,987,161766
result_SELECT_10_Heisenberg2D_cylinder_0.5_0.5_3,inner,2,SA,0.1,0,Double,No_Top,987,180454
result_SELECT_10_Heisenberg2D_cylinder_0.5_0.5_3,inner,2,SA,0.1,0,Proj,No_Top,837,34972
result_SELECT_10_Heisenberg2D_cylinder_0.5_0.5_3,inner,2,SA,0.1,0,Double,No_Kink,988,247124
result_SELECT_10_Heisenberg2D_cylinder_0.5_0.5_3,inner,2,SA,0.01,2,Single,Yes_Kink,1070,268067
result_SELECT_10_Heisenberg2D_cylinder_0.5_0.5_3,inner,2,SA,0.1,0,Proj,No_MSF,837,16284
result_SELECT_10_Heisenberg2D_cylinder_0.5_0.5_3,inner,2,SA,0.1,0,Double,Yes_Kink,1025,249514
result_SELECT_10_Heisenberg2D_cylinder_0.5_0.5_3,inner,2,SA,0.001,2,Proj,No_Kink,850,887622
result_SELECT_10_Heisenberg2D_cylinder_0.5_0.5_3,inner,2,SA,0.1,0,Single,No_MSF,1069,176268
result_SELECT_10_Heisenberg2D_cylinder_0.5_0.5_3,inner,2,SA,0.1,0,Single,No_Top,1069,194952
result_SELECT_10_Heisenberg2D_cylinder_0.5_0.5_3,inner,2,SA,0.1,0,Single,No_Kink,1069,244696
result_SELECT_10_Heisenberg2D_cylinder_0.5_0.5_3,inner,2,SA,0.1,1,Double,No_MSF,987,161766
result_SELECT_10_Heisenberg2D_cylinder_0.5_0.5_3,inner,2,SA,0.1,1,Double,No_Top,987,180446
result_SELECT_10_Heisenberg2D_cylinder_0.5_0.5_3,inner,2,SA,0.1,0,Single,Yes_Kink,1069,256095
result_SELECT_10_Heisenberg2D_cylinder_0.5_0.5_3,inner,2,SA,0.1,1,Proj,No_MSF,837,16284
result_SELECT_10_Heisenberg2D_cylinder_0.5_0.5_3,inner,2,SA,0.001,2,Proj,Yes_Kink,853,870696
result_SELECT_10_Heisenberg2D_cylinder_0.5_0.5_3,inner,2,SA,0.1,1,Proj,No_Top,837,34972
result_SELECT_10_Heisenberg2D_cylinder_0.5_0.5_3,inner,2,SA,0.1,1,Double,No_Kink,988,250206
result_SELECT_10_Heisenberg2D_cylinder_0.5_0.5_3,inner,2,SA,0.1,1,Double,Yes_Kink,1024,252655
result_SELECT_10_Heisenberg2D_cylinder_0.5_0.5_3,inner,2,SA,0.01,0,Proj,No_Kink,849,881238
result_SELECT_10_Heisenberg2D_cylinder_0.5_0.5_3,inner,2,SA,0.1,1,Single,No_MSF,1069,176268
result_SELECT_10_Heisenberg2D_cylinder_0.5_0.5_3,inner,2,SA,0.1,1,Single,No_Top,1069,194872
result_SELECT_10_Heisenberg2D_cylinder_0.5_0.5_3,inner,2,SA,0.1,1,Single,No_Kink,1069,248573
result_SELECT_10_Heisenberg2D_cylinder_0.5_0.5_3,inner,2,SA,0.1,2,Double,No_MSF,987,161766
result_SELECT_10_Heisenberg2D_cylinder_0.5_0.5_3,inner,2,SA,0.1,2,Double,No_Top,987,180504
result_SELECT_10_Heisenberg2D_cylinder_0.5_0.5_3,inner,2,SA,0.1,2,Proj,No_MSF,837,16284
result_SELECT_10_Heisenberg2D_cylinder_0.5_0.5_3,inner,2,SA,0.1,1,Single,Yes_Kink,1069,260281
result_SELECT_10_Heisenberg2D_cylinder_0.5_0.5_3,inner,2,SA,0.01,1,Proj,No_Kink,851,868569
result_SELECT_10_Heisenberg2D_cylinder_0.5_0.5_3,inner,2,SA,0.01,0,Proj,Yes_Kink,849,862366
result_SELECT_10_Heisenberg2D_cylinder_0.5_0.5_3,inner,2,SA,0.1,2,Proj,No_Top,837,34972
result_SELECT_10_Heisenberg2D_cylinder_0.5_0.5_3,inner,2,SA,0.1,2,Double,No_Kink,987,254735
result_SELECT_10_Heisenberg2D_cylinder_0.5_0.5_3,inner,2,SA,0.1,2,Double,Yes_Kink,1023,256580
result_SELECT_10_Heisenberg2D_cylinder_0.5_0.5_3,inner,2,SA,0.1,2,Single,No_MSF,1069,176268
result_SELECT_10_Heisenberg2D_cylinder_0.5_0.5_3,inner,2,SA,0.1,2,Single,No_Top,1069,194792
result_SELECT_10_Heisenberg2D_cylinder_0.5_0.5_3,inner,2,SA,1,0,Double,No_MSF,987,161766
result_SELECT_10_Heisenberg2D_cylinder_0.5_0.5_3,inner,2,SA,1,0,Double,No_Top,987,180454
result_SELECT_10_Heisenberg2D_cylinder_0.5_0.5_3,inner,2,SA,0.1,2,Single,No_Kink,1069,252655
result_SELECT_10_Heisenberg2D_cylinder_0.5_0.5_3,inner,2,SA,0.01,1,Proj,Yes_Kink,853,846102
result_SELECT_10_Heisenberg2D_cylinder_0.5_0.5_3,inner,2,SA,1,0,Proj,No_MSF,837,16284
result_SELECT_10_Heisenberg2D_cylinder_0.5_0.5_3,inner,2,SA,1,0,Double,No_Kink,990,241997
result_SELECT_10_Heisenberg2D_cylinder_0.5_0.5_3,inner,2,SA,1,0,Proj,No_Top,837,34972
result_SELECT_10_Heisenberg2D_cylinder_0.5_0.5_3,inner,2,SA,0.01,2,Proj,No_Kink,851,867465
result_SELECT_10_Heisenberg2D_cylinder_0.5_0.5_3,inner,2,SA,0.1,2,Single,Yes_Kink,1069,264640
result_SELECT_10_Heisenberg2D_cylinder_0.5_0.5_3,inner,2,SA,1,0,Double,Yes_Kink,1022,243229
result_SELECT_10_Heisenberg2D_cylinder_0.5_0.5_3,inner,2,SA,1,0,Single,No_MSF,1069,176268
result_SELECT_10_Heisenberg2D_cylinder_0.5_0.5_3,inner,2,SA,1,0,Single,No_Top,1069,194952
result_SELECT_10_Heisenberg2D_cylinder_0.5_0.5_3,inner,2,SA,1,1,Double,No_MSF,987,161766
result_SELECT_10_Heisenberg2D_cylinder_0.5_0.5_3,inner,2,SA,1,0,Single,No_Kink,1070,240211
result_SELECT_10_Heisenberg2D_cylinder_0.5_0.5_3,inner,2,SA,0.01,2,Proj,Yes_Kink,852,869983
result_SELECT_10_Heisenberg2D_cylinder_0.5_0.5_3,inner,2,SA,1,1,Double,No_Top,987,180446
result_SELECT_10_Heisenberg2D_cylinder_0.5_0.5_3,inner,2,SA,1,0,Single,Yes_Kink,1070,253253
result_SELECT_10_Heisenberg2D_cylinder_0.5_0.5_3,inner,2,SA,1,1,Proj,No_MSF,837,16284
result_SELECT_10_Heisenberg2D_cylinder_0.5_0.5_3,inner,2,SA,1,1,Proj,No_Top,837,34972
result_SELECT_10_Heisenberg2D_cylinder_0.5_0.5_3,inner,2,SA,1,1,Double,No_Kink,991,243080
result_SELECT_10_Heisenberg2D_cylinder_0.5_0.5_3,inner,2,SA,1,1,Double,Yes_Kink,1022,244410
result_SELECT_10_Heisenberg2D_cylinder_0.5_0.5_3,inner,2,SA,1,1,Single,No_MSF,1069,176268
result_SELECT_10_Heisenberg2D_cylinder_0.5_0.5_3,inner,2,SA,1,1,Single,No_Kink,1070,241126
result_SELECT_10_Heisenberg2D_cylinder_0.5_0.5_3,inner,2,SA,1,1,Single,No_Top,1069,194872
result_SELECT_10_Heisenberg2D_cylinder_0.5_0.5_3,inner,2,SA,0.1,0,Proj,No_Kink,847,851159
result_SELECT_10_Heisenberg2D_cylinder_0.5_0.5_3,inner,2,SA,1,2,Double,No_MSF,987,161766
result_SELECT_10_Heisenberg2D_cylinder_0.5_0.5_3,inner,2,SA,0.1,0,Proj,Yes_Kink,849,838216
result_SELECT_10_Heisenberg2D_cylinder_0.5_0.5_3,inner,2,SA,1,2,Double,No_Top,987,180504
result_SELECT_10_Heisenberg2D_cylinder_0.5_0.5_3,inner,2,SA,1,2,Proj,No_MSF,837,16284
result_SELECT_10_Heisenberg2D_cylinder_0.5_0.5_3,inner,2,SA,1,2,Double,No_Kink,990,247533
result_SELECT_10_Heisenberg2D_cylinder_0.5_0.5_3,inner,2,SA,1,1,Single,Yes_Kink,1070,254072
result_SELECT_10_Heisenberg2D_cylinder_0.5_0.5_3,inner,2,SA,1,2,Proj,No_Top,837,34972
result_SELECT_10_Heisenberg2D_cylinder_0.5_0.5_3,inner,2,SA,1,2,Double,Yes_Kink,1022,248526
result_SELECT_10_Heisenberg2D_cylinder_0.5_0.5_3,inner,2,SA,1,2,Single,No_MSF,1069,176268
result_SELECT_10_Heisenberg2D_cylinder_0.5_0.5_3,inner,2,SA,1,2,Single,No_Top,1069,194792
result_SELECT_10_Heisenberg2D_cylinder_0.5_0.5_3,inner,2,SA,1,2,Single,No_Kink,1070,245905
result_SELECT_10_Heisenberg2D_cylinder_0.5_0.5_3,inner,2,naive,0,0,Double,No_MSF,987,161766
result_SELECT_10_Heisenberg2D_cylinder_0.5_0.5_3,inner,2,SA,0.1,1,Proj,Yes_Kink,851,843318
result_SELECT_10_Heisenberg2D_cylinder_0.5_0.5_3,inner,2,SA,0.1,1,Proj,No_Kink,849,858418
result_SELECT_10_Heisenberg2D_cylinder_0.5_0.5_3,inner,2,naive,0,0,Double,No_Top,987,180454
result_SELECT_10_Heisenberg2D_cylinder_0.5_0.5_3,inner,2,SA,1,2,Single,Yes_Kink,1070,258447
result_SELECT_10_Heisenberg2D_cylinder_0.5_0.5_3,inner,2,naive,0,0,Proj,No_MSF,837,16284
result_SELECT_10_Heisenberg2D_cylinder_0.5_0.5_3,inner,2,naive,0,0,Proj,No_Top,837,34972
result_SELECT_10_Heisenberg2D_cylinder_0.5_0.5_3,inner,2,SA,0.1,2,Proj,No_Kink,853,833615
result_SELECT_10_Heisenberg2D_cylinder_0.5_0.5_3,inner,2,naive,0,0,Single,No_MSF,1069,176268
result_SELECT_10_Heisenberg2D_cylinder_0.5_0.5_3,inner,2,naive,0,0,Single,No_Top,1069,194952
result_SELECT_10_Heisenberg2D_cylinder_0.5_0.5_3,inner,2,SA,0.1,2,Proj,Yes_Kink,851,840254
result_SELECT_10_Heisenberg2D_cylinder_0.5_0.5_3,inner,2,naive,0,1,Double,No_MSF,987,161766
result_SELECT_10_Heisenberg2D_cylinder_0.5_0.5_3,inner,2,naive,0,0,Double,No_Kink,1076,363833
result_SELECT_10_Heisenberg2D_cylinder_0.5_0.5_3,inner,2,naive,0,1,Double,No_Top,987,180446
result_SELECT_10_Heisenberg2D_cylinder_0.5_0.5_3,inner,2,naive,0,0,Double,Yes_Kink,1086,364984
result_SELECT_10_Heisenberg2D_cylinder_0.5_0.5_3,inner,2,naive,0,1,Proj,No_MSF,837,16284
result_SELECT_10_Heisenberg2D_cylinder_0.5_0.5_3,inner,2,SA,1,0,Proj,No_Kink,845,804182
result_SELECT_10_Heisenberg2D_cylinder_0.5_0.5_3,inner,2,naive,0,0,Single,No_Kink,1181,371826
result_SELECT_10_Heisenberg2D_cylinder_0.5_0.5_3,inner,2,naive,0,1,Proj,No_Top,837,34972
result_SELECT_10_Heisenberg2D_cylinder_0.5_0.5_3,inner,2,SA,1,0,Proj,Yes_Kink,849,776892
result_SELECT_10_Heisenberg2D_cylinder_0.5_0.5_3,inner,2,naive,0,1,Single,No_MSF,1069,176268
result_SELECT_10_Heisenberg2D_cylinder_0.5_0.5_3,inner,2,naive,0,0,Single,Yes_Kink,1172,383708
result_SELECT_10_Heisenberg2D_cylinder_0.5_0.5_3,inner,2,naive,0,1,Single,No_Top,1069,194872
result_SELECT_10_Heisenberg2D_cylinder_0.5_0.5_3,inner,2,naive,0,2,Double,No_MSF,987,161766
result_SELECT_10_Heisenberg2D_cylinder_0.5_0.5_3,inner,2,naive,0,1,Double,No_Kink,1072,363481
result_SELECT_10_Heisenberg2D_cylinder_0.5_0.5_3,inner,2,SA,1,1,Proj,No_Kink,850,801780
result_SELECT_10_Heisenberg2D_cylinder_0.5_0.5_3,inner,2,naive,0,2,Double,No_Top,987,180504
result_SELECT_10_Heisenberg2D_cylinder_0.5_0.5_3,inner,2,naive,0,1,Double,Yes_Kink,1082,365752
result_SELECT_10_Heisenberg2D_cylinder_0.5_0.5_3,inner,2,SA,1,1,Proj,Yes_Kink,851,779216
result_SELECT_10_Heisenberg2D_cylinder_0.5_0.5_3,inner,2,naive,0,2,Proj,No_MSF,837,16284
result_SELECT_10_Heisenberg2D_cylinder_0.5_0.5_3,inner,2,naive,0,2,Proj,No_Top,837,34972
result_SELECT_10_Heisenberg2D_cylinder_0.5_0.5_3,inner,2,naive,0,1,Single,No_Kink,1187,372860
result_SELECT_10_Heisenberg2D_cylinder_0.5_0.5_3,inner,2,naive,0,2,Single,No_MSF,1069,176268
result_SELECT_10_Heisenberg2D_cylinder_0.5_0.5_3,inner,2,naive,0,2,Single,No_Top,1069,194792
result_SELECT_10_Heisenberg2D_cylinder_0.5_0.5_3,inner,2,naive,0,2,Double,No_Kink,1070,365400
result_SELECT_10_Heisenberg2D_cylinder_0.5_0.5_3,inner,2,naive,0,1,Single,Yes_Kink,1180,385092
result_SELECT_10_Heisenberg2D_cylinder_0.5_0.5_3,inner,2,SA,1,2,Proj,No_Kink,850,810764
result_SELECT_10_Heisenberg2D_cylinder_0.5_0.5_3,inner,2,SA,1,2,Proj,Yes_Kink,859,734236
result_SELECT_10_Heisenberg2D_cylinder_0.5_0.5_3,inner,2,random,0,0,Double,No_MSF,987,161766
result_SELECT_10_Heisenberg2D_cylinder_0.5_0.5_3,inner,2,random,0,0,Double,No_Top,987,180454
result_SELECT_10_Heisenberg2D_cylinder_0.5_0.5_3,inner,2,random,0,0,Proj,No_MSF,837,16284
result_SELECT_10_Heisenberg2D_cylinder_0.5_0.5_3,inner,2,naive,0,2,Double,Yes_Kink,1083,367907
result_SELECT_10_Heisenberg2D_cylinder_0.5_0.5_3,inner,2,random,0,0,Proj,No_Top,837,34972
result_SELECT_10_Heisenberg2D_cylinder_0.5_0.5_3,inner,2,naive,0,2,Single,No_Kink,1188,374768
result_SELECT_10_Heisenberg2D_cylinder_0.5_0.5_3,inner,2,random,0,0,Single,No_MSF,1069,176268
result_SELECT_10_Heisenberg2D_cylinder_0.5_0.5_3,inner,2,random,0,0,Single,No_Top,1069,194952
result_SELECT_10_Heisenberg2D_cylinder_0.5_0.5_3,inner,2,random,0,1,Double,No_MSF,987,161766
result_SELECT_10_Heisenberg2D_cylinder_0.5_0.5_3,inner,2,naive,0,2,Single,Yes_Kink,1180,388380
result_SELECT_10_Heisenberg2D_cylinder_0.5_0.5_3,inner,2,random,0,1,Double,No_Top,987,180446
result_SELECT_10_Heisenberg2D_cylinder_0.5_0.5_3,inner,2,random,0,0,Double,No_Kink,992,357485
result_SELECT_10_Heisenberg2D_cylinder_0.5_0.5_3,inner,2,random,0,0,Double,Yes_Kink,1025,362074
result_SELECT_10_Heisenberg2D_cylinder_0.5_0.5_3,inner,2,random,0,1,Proj,No_MSF,837,16284
result_SELECT_10_Heisenberg2D_cylinder_0.5_0.5_3,inner,2,random,0,0,Single,No_Kink,1077,361634
result_SELECT_10_Heisenberg2D_cylinder_0.5_0.5_3,inner,2,random,0,1,Proj,No_Top,837,34972
result_SELECT_10_Heisenberg2D_cylinder_0.5_0.5_3,inner,2,random,0,1,Single,No_MSF,1069,176268
result_SELECT_10_Heisenberg2D_cylinder_0.5_0.5_3,inner,2,random,0,1,Double,No_Kink,989,357675
result_SELECT_10_Heisenberg2D_cylinder_0.5_0.5_3,inner,2,random,0,0,Single,Yes_Kink,1076,369362
result_SELECT_10_Heisenberg2D_cylinder_0.5_0.5_3,inner,2,naive,0,0,Proj,No_Kink,924,1033117
result_SELECT_10_Heisenberg2D_cylinder_0.5_0.5_3,inner,2,random,0,1,Single,No_Top,1069,194872
result_SELECT_10_Heisenberg2D_cylinder_0.5_0.5_3,inner,2,random,0,2,Double,No_MSF,987,161766
result_SELECT_10_Heisenberg2D_cylinder_0.5_0.5_3,inner,2,random,0,2,Double,No_Top,987,180504
result_SELECT_10_Heisenberg2D_cylinder_0.5_0.5_3,inner,2,naive,0,0,Proj,Yes_Kink,936,1028873
result_SELECT_10_Heisenberg2D_cylinder_0.5_0.5_3,inner,2,random,0,1,Double,Yes_Kink,1025,362519
result_SELECT_10_Heisenberg2D_cylinder_0.5_0.5_3,inner,2,random,0,2,Proj,No_MSF,837,16284
result_SELECT_10_Heisenberg2D_cylinder_0.5_0.5_3,inner,2,random,0,2,Proj,No_Top,837,34972
result_SELECT_10_Heisenberg2D_cylinder_0.5_0.5_3,inner,2,random,0,1,Single,No_Kink,1077,361998
result_SELECT_10_Heisenberg2D_cylinder_0.5_0.5_3,inner,2,naive,0,1,Proj,No_Kink,924,1033291
result_SELECT_10_Heisenberg2D_cylinder_0.5_0.5_3,inner,2,random,0,2,Single,No_Top,1069,194792
result_SELECT_10_Heisenberg2D_cylinder_0.5_0.5_3,inner,2,random,0,2,Double,No_Kink,991,360194
result_SELECT_10_Heisenberg2D_cylinder_0.5_0.5_3,inner,2,random,0,2,Single,No_MSF,1069,176268
result_SELECT_10_Heisenberg2D_cylinder_0.5_0.5_3,inner,2,random,0,1,Single,Yes_Kink,1076,369459
result_SELECT_10_Heisenberg2D_cylinder_0.5_0.5_3,inner,2,random,0,2,Double,Yes_Kink,1025,364309
result_SELECT_10_Heisenberg2D_cylinder_0.5_0.5_3,outer,1,SA,0.001,0,Double,No_MSF,987,161766
result_SELECT_10_Heisenberg2D_cylinder_0.5_0.5_3,outer,1,SA,0.001,0,Double,No_Top,987,180454
result_SELECT_10_Heisenberg2D_cylinder_0.5_0.5_3,inner,2,naive,0,1,Proj,Yes_Kink,933,1027907
result_SELECT_10_Heisenberg2D_cylinder_0.5_0.5_3,outer,1,SA,0.001,0,Proj,No_MSF,837,16284
result_SELECT_10_Heisenberg2D_cylinder_0.5_0.5_3,inner,2,naive,0,2,Proj,No_Kink,923,1035010
result_SELECT_10_Heisenberg2D_cylinder_0.5_0.5_3,outer,1,SA,0.001,0,Proj,No_Top,837,34972
result_SELECT_10_Heisenberg2D_cylinder_0.5_0.5_3,inner,2,random,0,2,Single,No_Kink,1077,364135
result_SELECT_10_Heisenberg2D_cylinder_0.5_0.5_3,outer,1,SA,0.001,0,Double,No_Kink,989,279297
result_SELECT_10_Heisenberg2D_cylinder_0.5_0.5_3,inner,2,random,0,0,Proj,No_Kink,851,892111
result_SELECT_10_Heisenberg2D_cylinder_0.5_0.5_3,inner,2,naive,0,2,Proj,Yes_Kink,934,1025711
result_SELECT_10_Heisenberg2D_cylinder_0.5_0.5_3,inner,2,random,0,2,Single,Yes_Kink,1077,371738
result_SELECT_10_Heisenberg2D_cylinder_0.5_0.5_3,outer,1,SA,0.001,0,Single,No_MSF,1069,176268
result_SELECT_10_Heisenberg2D_cylinder_0.5_0.5_3,outer,1,SA,0.001,0,Double,Yes_Kink,994,277373
result_SELECT_10_Heisenberg2D_cylinder_0.5_0.5_3,outer,1,SA,0.001,0,Single,No_Top,1069,194952
result_SELECT_10_Heisenberg2D_cylinder_0.5_0.5_3,outer,1,SA,0.001,1,Double,No_MSF,987,161766
result_SELECT_10_Heisenberg2D_cylinder_0.5_0.5_3,outer,1,SA,0.001,1,Double,No_Top,987,180446
result_SELECT_10_Heisenberg2D_cylinder_0.5_0.5_3,outer,1,SA,0.001,1,Proj,No_MSF,837,16284
result_SELECT_10_Heisenberg2D_cylinder_0.5_0.5_3,inner,2,random,0,0,Proj,Yes_Kink,851,877642
result_SELECT_10_Heisenberg2D_cylinder_0.5_0.5_3,outer,1,SA,0.001,1,Proj,No_Top,837,34972
result_SELECT_10_Heisenberg2D_cylinder_0.5_0.5_3,outer,1,SA,0.001,0,Single,No_Kink,1073,280904
result_SELECT_10_Heisenberg2D_cylinder_0.5_0.5_3,outer,1,SA,0.001,1,Single,No_MSF,1069,176268
result_SELECT_10_Heisenberg2D_cylinder_0.5_0.5_3,outer,1,SA,0.001,1,Single,No_Top,1069,194872
result_SELECT_10_Heisenberg2D_cylinder_0.5_0.5_3,outer,1,SA,0.001,1,Double,No_Kink,989,278406
result_SELECT_10_Heisenberg2D_cylinder_0.5_0.5_3,outer,1,SA,0.001,2,Double,No_MSF,987,161766
result_SELECT_10_Heisenberg2D_cylinder_0.5_0.5_3,outer,1,SA,0.001,2,Double,No_Top,987,180504
result_SELECT_10_Heisenberg2D_cylinder_0.5_0.5_3,outer,1,SA,0.001,1,Double,Yes_Kink,992,277723
result_SELECT_10_Heisenberg2D_cylinder_0.5_0.5_3,outer,1,SA,0.001,1,Single,No_Kink,1073,280388
result_SELECT_10_Heisenberg2D_cylinder_0.5_0.5_3,outer,1,SA,0.001,2,Proj,No_MSF,837,16284
result_SELECT_10_Heisenberg2D_cylinder_0.5_0.5_3,outer,1,SA,0.001,2,Proj,No_Top,837,34972
result_SELECT_10_Heisenberg2D_cylinder_0.5_0.5_3,inner,2,random,0,1,Proj,No_Kink,850,895141
result_SELECT_10_Heisenberg2D_cylinder_0.5_0.5_3,outer,1,SA,0.001,2,Double,No_Kink,989,279215
result_SELECT_10_Heisenberg2D_cylinder_0.5_0.5_3,outer,1,SA,0.001,2,Single,No_MSF,1069,176268
result_SELECT_10_Heisenberg2D_cylinder_0.5_0.5_3,inner,2,random,0,1,Proj,Yes_Kink,851,878001
result_SELECT_10_Heisenberg2D_cylinder_0.5_0.5_3,outer,1,SA,0.001,2,Single,No_Top,1069,194792
result_SELECT_10_Heisenberg2D_cylinder_0.5_0.5_3,outer,1,SA,0.01,0,Double,No_MSF,987,161766
result_SELECT_10_Heisenberg2D_cylinder_0.5_0.5_3,outer,1,SA,0.001,2,Double,Yes_Kink,995,278948
result_SELECT_10_Heisenberg2D_cylinder_0.5_0.5_3,outer,1,SA,0.01,0,Double,No_Top,987,180454
result_SELECT_10_Heisenberg2D_cylinder_0.5_0.5_3,outer,1,SA,0.01,0,Proj,No_MSF,837,16284
result_SELECT_10_Heisenberg2D_cylinder_0.5_0.5_3,outer,1,SA,0.001,2,Single,No_Kink,1073,281760
result_SELECT_10_Heisenberg2D_cylinder_0.5_0.5_3,outer,1,SA,0.01,0,Proj,No_Top,837,34972
result_SELECT_10_Heisenberg2D_cylinder_0.5_0.5_3,outer,1,SA,0.01,0,Double,No_Kink,988,280514
result_SELECT_10_Heisenberg2D_cylinder_0.5_0.5_3,outer,1,SA,0.01,0,Single,No_Top,1069,194952
result_SELECT_10_Heisenberg2D_cylinder_0.5_0.5_3,outer,1,SA,0.01,0,Single,No_MSF,1069,176268
result_SELECT_10_Heisenberg2D_cylinder_0.5_0.5_3,outer,1,SA,0.01,0,Double,Yes_Kink,997,279837
result_SELECT_10_Heisenberg2D_cylinder_0.5_0.5_3,inner,2,random,0,2,Proj,No_Kink,851,897357
result_SELECT_10_Heisenberg2D_cylinder_0.5_0.5_3,inner,2,random,0,2,Proj,Yes_Kink,852,879429
result_SELECT_10_Heisenberg2D_cylinder_0.5_0.5_3,outer,1,SA,0.01,1,Double,No_Top,987,180446
result_SELECT_10_Heisenberg2D_cylinder_0.5_0.5_3,outer,1,SA,0.01,1,Double,No_MSF,987,161766
result_SELECT_10_Heisenberg2D_cylinder_0.5_0.5_3,outer,1,SA,0.01,0,Single,No_Kink,1070,283828
result_SELECT_10_Heisenberg2D_cylinder_0.5_0.5_3,outer,1,SA,0.01,1,Proj,No_MSF,837,16284
result_SELECT_10_Heisenberg2D_cylinder_0.5_0.5_3,outer,1,SA,0.01,1,Proj,No_Top,837,34972
result_SELECT_10_Heisenberg2D_cylinder_0.5_0.5_3,outer,1,SA,0.01,1,Single,No_MSF,1069,176268
result_SELECT_10_Heisenberg2D_cylinder_0.5_0.5_3,outer,1,SA,0.01,1,Double,No_Kink,989,281622
result_SELECT_10_Heisenberg2D_cylinder_0.5_0.5_3,outer,1,SA,0.01,1,Single,No_Top,1069,194872
result_SELECT_10_Heisenberg2D_cylinder_0.5_0.5_3,outer,1,SA,0.01,1,Double,Yes_Kink,993,280388
result_SELECT_10_Heisenberg2D_cylinder_0.5_0.5_3,outer,1,SA,0.01,2,Double,No_MSF,987,161766
result_SELECT_10_Heisenberg2D_cylinder_0.5_0.5_3,outer,1,SA,0.001,0,Proj,No_Kink,851,871766
result_SELECT_10_Heisenberg2D_cylinder_0.5_0.5_3,outer,1,SA,0.01,2,Double,No_Top,987,180504
result_SELECT_10_Heisenberg2D_cylinder_0.5_0.5_3,outer,1,SA,0.01,1,Single,No_Kink,1070,285006
result_SELECT_10_Heisenberg2D_cylinder_0.5_0.5_3,outer,1,SA,0.001,0,Proj,Yes_Kink,857,852277
result_SELECT_10_Heisenberg2D_cylinder_0.5_0.5_3,outer,1,SA,0.01,2,Proj,No_MSF,837,16284
result_SELECT_10_Heisenberg2D_cylinder_0.5_0.5_3,outer,1,SA,0.01,2,Proj,No_Top,837,34972
result_SELECT_10_Heisenberg2D_cylinder_0.5_0.5_3,outer,1,SA,0.01,2,Double,No_Kink,990,282381
result_SELECT_10_Heisenberg2D_cylinder_0.5_0.5_3,outer,1,SA,0.01,2,Double,Yes_Kink,994,281628
result_SELECT_10_Heisenberg2D_cylinder_0.5_0.5_3,outer,1,SA,0.01,2,Single,No_MSF,1069,176268
result_SELECT_10_Heisenberg2D_cylinder_0.5_0.5_3,outer,1,SA,0.01,2,Single,No_Top,1069,194792
result_SELECT_10_Heisenberg2D_cylinder_0.5_0.5_3,outer,1,SA,0.1,0,Double,No_MSF,987,161766
result_SELECT_10_Heisenberg2D_cylinder_0.5_0.5_3,outer,1,SA,0.001,1,Proj,Yes_Kink,853,851933
result_SELECT_10_Heisenberg2D_cylinder_0.5_0.5_3,outer,1,SA,0.1,0,Double,No_Top,987,180454
result_SELECT_10_Heisenberg2D_cylinder_0.5_0.5_3,outer,1,SA,0.01,2,Single,No_Kink,1070,286418
result_SELECT_10_Heisenberg2D_cylinder_0.5_0.5_3,outer,1,SA,0.001,1,Proj,No_Kink,853,864787
result_SELECT_10_Heisenberg2D_cylinder_0.5_0.5_3,outer,1,SA,0.1,0,Proj,No_MSF,837,16284
result_SELECT_10_Heisenberg2D_cylinder_0.5_0.5_3,outer,1,SA,0.1,0,Double,No_Kink,992,274626
result_SELECT_10_Heisenberg2D_cylinder_0.5_0.5_3,outer,1,SA,0.1,0,Proj,No_Top,837,34972
result_SELECT_10_Heisenberg2D_cylinder_0.5_0.5_3,outer,1,SA,0.1,0,Single,No_MSF,1069,176268
result_SELECT_10_Heisenberg2D_cylinder_0.5_0.5_3,outer,1,SA,0.001,2,Proj,Yes_Kink,855,851587
result_SELECT_10_Heisenberg2D_cylinder_0.5_0.5_3,outer,1,SA,0.001,2,Proj,No_Kink,853,865082
result_SELECT_10_Heisenberg2D_cylinder_0.5_0.5_3,outer,1,SA,0.1,0,Double,Yes_Kink,993,274215
result_SELECT_10_Heisenberg2D_cylinder_0.5_0.5_3,outer,1,SA,0.1,0,Single,No_Top,1069,194952
result_SELECT_10_Heisenberg2D_cylinder_0.5_0.5_3,outer,1,SA,0.1,1,Double,No_MSF,987,161766
result_SELECT_10_Heisenberg2D_cylinder_0.5_0.5_3,outer,1,SA,0.1,1,Double,No_Top,987,180446
result_SELECT_10_Heisenberg2D_cylinder_0.5_0.5_3,outer,1,SA,0.1,1,Proj,No_MSF,837,16284
result_SELECT_10_Heisenberg2D_cylinder_0.5_0.5_3,outer,1,SA,0.1,0,Single,No_Kink,1073,276233
result_SELECT_10_Heisenberg2D_cylinder_0.5_0.5_3,outer,1,SA,0.1,1,Proj,No_Top,837,34972
result_SELECT_10_Heisenberg2D_cylinder_0.5_0.5_3,outer,1,SA,0.1,1,Double,No_Kink,989,274285
result_SELECT_10_Heisenberg2D_cylinder_0.5_0.5_3,outer,1,SA,0.1,1,Single,No_MSF,1069,176268
result_SELECT_10_Heisenberg2D_cylinder_0.5_0.5_3,outer,1,SA,0.01,0,Proj,No_Kink,855,875425
result_SELECT_10_Heisenberg2D_cylinder_0.5_0.5_3,outer,1,SA,0.1,1,Single,No_Top,1069,194872
result_SELECT_10_Heisenberg2D_cylinder_0.5_0.5_3,outer,1,SA,0.1,1,Double,Yes_Kink,991,273988
result_SELECT_10_Heisenberg2D_cylinder_0.5_0.5_3,outer,1,SA,0.01,0,Proj,Yes_Kink,857,853967
result_SELECT_10_Heisenberg2D_cylinder_0.5_0.5_3,outer,1,SA,0.1,2,Double,No_MSF,987,161766
result_SELECT_10_Heisenberg2D_cylinder_0.5_0.5_3,outer,1,SA,0.1,2,Double,No_Top,987,180504
result_SELECT_10_Heisenberg2D_cylinder_0.5_0.5_3,outer,1,SA,0.1,1,Single,No_Kink,1073,276228
result_SELECT_10_Heisenberg2D_cylinder_0.5_0.5_3,outer,1,SA,0.1,2,Proj,No_MSF,837,16284
result_SELECT_10_Heisenberg2D_cylinder_0.5_0.5_3,outer,1,SA,0.1,2,Proj,No_Top,837,34972
result_SELECT_10_Heisenberg2D_cylinder_0.5_0.5_3,outer,1,SA,0.1,2,Double,No_Kink,991,276442
result_SELECT_10_Heisenberg2D_cylinder_0.5_0.5_3,outer,1,SA,0.1,2,Single,No_MSF,1069,176268
result_SELECT_10_Heisenberg2D_cylinder_0.5_0.5_3,outer,1,SA,0.1,2,Single,No_Top,1069,194792
result_SELECT_10_Heisenberg2D_cylinder_0.5_0.5_3,outer,1,SA,0.01,1,Proj,No_Kink,856,872167
result_SELECT_10_Heisenberg2D_cylinder_0.5_0.5_3,outer,1,SA,0.1,2,Double,Yes_Kink,992,276123
result_SELECT_10_Heisenberg2D_cylinder_0.5_0.5_3,outer,1,SA,1,0,Double,No_MSF,987,161766
result_SELECT_10_Heisenberg2D_cylinder_0.5_0.5_3,outer,1,SA,0.01,1,Proj,Yes_Kink,855,855397
result_SELECT_10_Heisenberg2D_cylinder_0.5_0.5_3,outer,1,SA,1,0,Double,No_Top,987,180454
result_SELECT_10_Heisenberg2D_cylinder_0.5_0.5_3,outer,1,SA,0.1,2,Single,No_Kink,1073,278141
result_SELECT_10_Heisenberg2D_cylinder_0.5_0.5_3,outer,1,SA,1,0,Proj,No_MSF,837,16284
result_SELECT_10_Heisenberg2D_cylinder_0.5_0.5_3,outer,1,SA,1,0,Proj,No_Top,837,34972
result_SELECT_10_Heisenberg2D_cylinder_0.5_0.5_3,outer,1,SA,1,0,Double,No_Kink,991,264117
result_SELECT_10_Heisenberg2D_cylinder_0.5_0.5_3,outer,1,SA,1,0,Single,No_MSF,1069,176268
result_SELECT_10_Heisenberg2D_cylinder_0.5_0.5_3,outer,1,SA,1,0,Single,No_Top,1069,194952
result_SELECT_10_Heisenberg2D_cylinder_0.5_0.5_3,outer,1,SA,1,0,Double,Yes_Kink,995,263789
result_SELECT_10_Heisenberg2D_cylinder_0.5_0.5_3,outer,1,SA,1,1,Double,No_MSF,987,161766
result_SELECT_10_Heisenberg2D_cylinder_0.5_0.5_3,outer,1,SA,1,1,Double,No_Top,987,180446
result_SELECT_10_Heisenberg2D_cylinder_0.5_0.5_3,outer,1,SA,0.01,2,Proj,No_Kink,855,873405
result_SELECT_10_Heisenberg2D_cylinder_0.5_0.5_3,outer,1,SA,1,0,Single,No_Kink,1074,265718
result_SELECT_10_Heisenberg2D_cylinder_0.5_0.5_3,outer,1,SA,0.01,2,Proj,Yes_Kink,855,854262
result_SELECT_10_Heisenberg2D_cylinder_0.5_0.5_3,outer,1,SA,1,1,Proj,No_MSF,837,16284
result_SELECT_10_Heisenberg2D_cylinder_0.5_0.5_3,outer,1,SA,1,1,Proj,No_Top,837,34972
result_SELECT_10_Heisenberg2D_cylinder_0.5_0.5_3,outer,1,SA,1,1,Double,No_Kink,991,264627
result_SELECT_10_Heisenberg2D_cylinder_0.5_0.5_3,outer,1,SA,1,1,Single,No_MSF,1069,176268
result_SELECT_10_Heisenberg2D_cylinder_0.5_0.5_3,outer,1,SA,1,1,Double,Yes_Kink,994,265121
result_SELECT_10_Heisenberg2D_cylinder_0.5_0.5_3,outer,1,SA,1,1,Single,No_Top,1069,194872
result_SELECT_10_Heisenberg2D_cylinder_0.5_0.5_3,outer,1,SA,1,2,Double,No_MSF,987,161766
result_SELECT_10_Heisenberg2D_cylinder_0.5_0.5_3,outer,1,SA,0.1,0,Proj,No_Kink,851,868209
result_SELECT_10_Heisenberg2D_cylinder_0.5_0.5_3,outer,1,SA,1,2,Double,No_Top,987,180504
result_SELECT_10_Heisenberg2D_cylinder_0.5_0.5_3,outer,1,SA,1,1,Single,No_Kink,1074,265740
result_SELECT_10_Heisenberg2D_cylinder_0.5_0.5_3,outer,1,SA,0.1,0,Proj,Yes_Kink,853,848667
result_SELECT_10_Heisenberg2D_cylinder_0.5_0.5_3,outer,1,SA,1,2,Proj,No_MSF,837,16284
result_SELECT_10_Heisenberg2D_cylinder_0.5_0.5_3,outer,1,SA,1,2,Proj,No_Top,837,34972
result_SELECT_10_Heisenberg2D_cylinder_0.5_0.5_3,outer,1,SA,1,2,Double,No_Kink,991,266793
result_SELECT_10_Heisenberg2D_cylinder_0.5_0.5_3,outer,1,SA,1,2,Single,No_MSF,1069,176268
result_SELECT_10_Heisenberg2D_cylinder_0.5_0.5_3,outer,1,SA,1,2,Single,No_Top,1069,194792
result_SELECT_10_Heisenberg2D_cylinder_0.5_0.5_3,outer,1,SA,1,2,Double,Yes_Kink,991,266692
result_SELECT_10_Heisenberg2D_cylinder_0.5_0.5_3,outer,1,naive,0,0,Double,No_MSF,987,161766
result_SELECT_10_Heisenberg2D_cylinder_0.5_0.5_3,outer,1,SA,0.1,1,Proj,No_Kink,852,863505
result_SELECT_10_Heisenberg2D_cylinder_0.5_0.5_3,outer,1,naive,0,0,Double,No_Top,987,180454
result_SELECT_10_Heisenberg2D_cylinder_0.5_0.5_3,outer,1,SA,0.1,1,Proj,Yes_Kink,853,849287
result_SELECT_10_Heisenberg2D_cylinder_0.5_0.5_3,outer,1,SA,1,2,Single,No_Kink,1072,268207
result_SELECT_10_Heisenberg2D_cylinder_0.5_0.5_3,outer,1,naive,0,0,Proj,No_MSF,837,16284
result_SELECT_10_Heisenberg2D_cylinder_0.5_0.5_3,outer,1,naive,0,0,Proj,No_Top,837,34972
result_SELECT_10_Heisenberg2D_cylinder_0.5_0.5_3,outer,1,naive,0,0,Single,No_MSF,1069,176268
result_SELECT_10_Heisenberg2D_cylinder_0.5_0.5_3,outer,1,naive,0,0,Single,No_Top,1069,194952
result_SELECT_10_Heisenberg2D_cylinder_0.5_0.5_3,outer,1,SA,0.1,2,Proj,No_Kink,852,867164
result_SELECT_10_Heisenberg2D_cylinder_0.5_0.5_3,outer,1,naive,0,1,Double,No_MSF,987,161766
result_SELECT_10_Heisenberg2D_cylinder_0.5_0.5_3,outer,1,naive,0,1,Double,No_Top,987,180446
result_SELECT_10_Heisenberg2D_cylinder_0.5_0.5_3,outer,1,SA,0.1,2,Proj,Yes_Kink,854,846194
result_SELECT_10_Heisenberg2D_cylinder_0.5_0.5_3,outer,1,naive,0,1,Proj,No_MSF,837,16284
result_SELECT_10_Heisenberg2D_cylinder_0.5_0.5_3,outer,1,naive,0,0,Double,No_Kink,1403,506727
result_SELECT_10_Heisenberg2D_cylinder_0.5_0.5_3,outer,1,naive,0,1,Proj,No_Top,837,34972
result_SELECT_10_Heisenberg2D_cylinder_0.5_0.5_3,outer,1,SA,1,0,Proj,Yes_Kink,855,840364
result_SELECT_10_Heisenberg2D_cylinder_0.5_0.5_3,outer,1,SA,1,0,Proj,No_Kink,852,868242
result_SELECT_10_Heisenberg2D_cylinder_0.5_0.5_3,outer,1,naive,0,0,Double,Yes_Kink,1388,504076
result_SELECT_10_Heisenberg2D_cylinder_0.5_0.5_3,outer,1,naive,0,1,Single,No_MSF,1069,176268
result_SELECT_10_Heisenberg2D_cylinder_0.5_0.5_3,outer,1,naive,0,1,Single,No_Top,1069,194872
result_SELECT_10_Heisenberg2D_cylinder_0.5_0.5_3,outer,1,naive,0,0,Single,No_Kink,1757,567072
result_SELECT_10_Heisenberg2D_cylinder_0.5_0.5_3,outer,1,naive,0,1,Double,No_Kink,1363,498470
result_SELECT_10_Heisenberg2D_cylinder_0.5_0.5_3,outer,1,naive,0,2,Double,No_Top,987,180504
result_SELECT_10_Heisenberg2D_cylinder_0.5_0.5_3,outer,1,naive,0,2,Double,No_MSF,987,161766
result_SELECT_10_Heisenberg2D_cylinder_0.5_0.5_3,outer,1,SA,1,1,Proj,No_Kink,853,856666
result_SELECT_10_Heisenberg2D_cylinder_0.5_0.5_3,outer,1,naive,0,2,Proj,No_MSF,837,16284
result_SELECT_10_Heisenberg2D_cylinder_0.5_0.5_3,outer,1,naive,0,2,Proj,No_Top,837,34972
result_SELECT_10_Heisenberg2D_cylinder_0.5_0.5_3,outer,1,SA,1,1,Proj,Yes_Kink,857,845915
result_SELECT_10_Heisenberg2D_cylinder_0.5_0.5_3,outer,1,naive,0,1,Double,Yes_Kink,1387,506791
result_SELECT_10_Heisenberg2D_cylinder_0.5_0.5_3,outer,1,naive,0,2,Single,No_MSF,1069,176268
result_SELECT_10_Heisenberg2D_cylinder_0.5_0.5_3,outer,1,naive,0,2,Single,No_Top,1069,194792
result_SELECT_10_Heisenberg2D_cylinder_0.5_0.5_3,outer,1,random,0,0,Double,No_MSF,987,161766
result_SELECT_10_Heisenberg2D_cylinder_0.5_0.5_3,outer,1,random,0,0,Double,No_Top,987,180454
result_SELECT_10_Heisenberg2D_cylinder_0.5_0.5_3,outer,1,SA,1,2,Proj,No_Kink,853,861977
result_SELECT_10_Heisenberg2D_cylinder_0.5_0.5_3,outer,1,naive,0,1,Single,No_Kink,1747,568340
result_SELECT_10_Heisenberg2D_cylinder_0.5_0.5_3,outer,1,naive,0,2,Double,No_Kink,1351,500529
result_SELECT_10_Heisenberg2D_cylinder_0.5_0.5_3,outer,1,random,0,0,Proj,No_MSF,837,16284
result_SELECT_10_Heisenberg2D_cylinder_0.5_0.5_3,outer,1,SA,1,2,Proj,Yes_Kink,856,846527
result_SELECT_10_Heisenberg2D_cylinder_0.5_0.5_3,outer,1,random,0,0,Proj,No_Top,837,34972
result_SELECT_10_Heisenberg2D_cylinder_0.5_0.5_3,outer,1,random,0,0,Single,No_MSF,1069,176268
result_SELECT_10_Heisenberg2D_cylinder_0.5_0.5_3,outer,1,naive,0,2,Double,Yes_Kink,1374,509707
result_SELECT_10_Heisenberg2D_cylinder_0.5_0.5_3,outer,1,random,0,0,Single,No_Top,1069,194952
result_SELECT_10_Heisenberg2D_cylinder_0.5_0.5_3,outer,1,random,0,1,Double,No_MSF,987,161766
result_SELECT_10_Heisenberg2D_cylinder_0.5_0.5_3,outer,1,random,0,1,Double,No_Top,987,180446
result_SELECT_10_Heisenberg2D_cylinder_0.5_0.5_3,outer,1,naive,0,2,Single,No_Kink,1755,570118
result_SELECT_10_Heisenberg2D_cylinder_0.5_0.5_3,outer,1,random,0,0,Double,No_Kink,995,432555
result_SELECT_10_Heisenberg2D_cylinder_0.5_0.5_3,outer,1,random,0,1,Proj,No_MSF,837,16284
result_SELECT_10_Heisenberg2D_cylinder_0.5_0.5_3,outer,1,random,0,1,Proj,No_Top,837,34972
result_SELECT_10_Heisenberg2D_cylinder_0.5_0.5_3,outer,1,random,0,0,Double,Yes_Kink,1005,434951
result_SELECT_10_Heisenberg2D_cylinder_0.5_0.5_3,outer,1,random,0,1,Single,No_MSF,1069,176268
result_SELECT_10_Heisenberg2D_cylinder_0.5_0.5_3,outer,1,naive,0,0,Proj,No_Kink,1051,1083352
result_SELECT_10_Heisenberg2D_cylinder_0.5_0.5_3,outer,1,random,0,1,Single,No_Top,1069,194872
result_SELECT_10_Heisenberg2D_cylinder_0.5_0.5_3,outer,1,naive,0,0,Proj,Yes_Kink,1075,1085150
result_SELECT_10_Heisenberg2D_cylinder_0.5_0.5_3,outer,1,random,0,2,Double,No_MSF,987,161766
result_SELECT_10_Heisenberg2D_cylinder_0.5_0.5_3,outer,1,random,0,0,Single,No_Kink,1206,488389
result_SELECT_10_Heisenberg2D_cylinder_0.5_0.5_3,outer,1,random,0,2,Double,No_Top,987,180504
result_SELECT_10_Heisenberg2D_cylinder_0.5_0.5_3,outer,1,random,0,1,Double,No_Kink,999,429346
result_SELECT_10_Heisenberg2D_cylinder_0.5_0.5_3,outer,1,random,0,2,Proj,No_MSF,837,16284
result_SELECT_10_Heisenberg2D_cylinder_0.5_0.5_3,outer,1,random,0,2,Proj,No_Top,837,34972
result_SELECT_10_Heisenberg2D_cylinder_0.5_0.5_3,outer,1,random,0,1,Double,Yes_Kink,1008,434571
result_SELECT_10_Heisenberg2D_cylinder_0.5_0.5_3,outer,1,random,0,2,Single,No_MSF,1069,176268
result_SELECT_10_Heisenberg2D_cylinder_0.5_0.5_3,outer,1,random,0,2,Single,No_Top,1069,194792
result_SELECT_10_Heisenberg2D_cylinder_0.5_0.5_3,outer,1,naive,0,1,Proj,No_Kink,1053,1084214
result_SELECT_10_Heisenberg2D_cylinder_0.5_0.5_3,outer,1,naive,0,1,Proj,Yes_Kink,1089,1097557
result_SELECT_10_Heisenberg2D_cylinder_0.5_0.5_3,outer,1,random,0,1,Single,No_Kink,1197,485744
result_SELECT_10_Heisenberg2D_cylinder_0.5_0.5_3,outer,2,SA,0.001,0,Double,No_MSF,987,161766
result_SELECT_10_Heisenberg2D_cylinder_0.5_0.5_3,outer,2,SA,0.001,0,Double,No_Top,987,180454
result_SELECT_10_Heisenberg2D_cylinder_0.5_0.5_3,outer,1,random,0,2,Double,No_Kink,999,434730
result_SELECT_10_Heisenberg2D_cylinder_0.5_0.5_3,outer,2,SA,0.001,0,Double,No_Kink,989,268277
result_SELECT_10_Heisenberg2D_cylinder_0.5_0.5_3,outer,1,random,0,2,Double,Yes_Kink,1003,433051
result_SELECT_10_Heisenberg2D_cylinder_0.5_0.5_3,outer,2,SA,0.001,0,Proj,No_MSF,837,16284
result_SELECT_10_Heisenberg2D_cylinder_0.5_0.5_3,outer,1,random,0,0,Proj,No_Kink,859,897362
result_SELECT_10_Heisenberg2D_cylinder_0.5_0.5_3,outer,2,SA,0.001,0,Proj,No_Top,837,34972
result_SELECT_10_Heisenberg2D_cylinder_0.5_0.5_3,outer,1,naive,0,2,Proj,No_Kink,1053,1083651
result_SELECT_10_Heisenberg2D_cylinder_0.5_0.5_3,outer,2,SA,0.001,0,Single,No_MSF,1069,176268
result_SELECT_10_Heisenberg2D_cylinder_0.5_0.5_3,outer,2,SA,0.001,0,Double,Yes_Kink,1021,268978
result_SELECT_10_Heisenberg2D_cylinder_0.5_0.5_3,outer,1,naive,0,2,Proj,Yes_Kink,1083,1092184
result_SELECT_10_Heisenberg2D_cylinder_0.5_0.5_3,outer,1,random,0,0,Proj,Yes_Kink,859,882646
result_SELECT_10_Heisenberg2D_cylinder_0.5_0.5_3,outer,2,SA,0.001,0,Single,No_Top,1069,194952
result_SELECT_10_Heisenberg2D_cylinder_0.5_0.5_3,outer,2,SA,0.001,1,Double,No_MSF,987,161766
result_SELECT_10_Heisenberg2D_cylinder_0.5_0.5_3,outer,1,random,0,2,Single,No_Kink,1189,482728
result_SELECT_10_Heisenberg2D_cylinder_0.5_0.5_3,outer,2,SA,0.001,0,Single,No_Kink,1069,268248
result_SELECT_10_Heisenberg2D_cylinder_0.5_0.5_3,outer,2,SA,0.001,1,Double,No_Top,987,180446
result_SELECT_10_Heisenberg2D_cylinder_0.5_0.5_3,outer,2,SA,0.001,1,Proj,No_MSF,837,16284
result_SELECT_10_Heisenberg2D_cylinder_0.5_0.5_3,outer,2,SA,0.001,1,Proj,No_Top,837,34972
result_SELECT_10_Heisenberg2D_cylinder_0.5_0.5_3,outer,2,SA,0.001,0,Single,Yes_Kink,1071,280452
result_SELECT_10_Heisenberg2D_cylinder_0.5_0.5_3,outer,2,SA,0.001,1,Single,No_MSF,1069,176268
result_SELECT_10_Heisenberg2D_cylinder_0.5_0.5_3,outer,2,SA,0.001,1,Double,No_Kink,989,268444
result_SELECT_10_Heisenberg2D_cylinder_0.5_0.5_3,outer,2,SA,0.001,1,Single,No_Top,1069,194872
result_SELECT_10_Heisenberg2D_cylinder_0.5_0.5_3,outer,2,SA,0.001,1,Double,Yes_Kink,1021,269243
result_SELECT_10_Heisenberg2D_cylinder_0.5_0.5_3,outer,2,SA,0.001,2,Double,No_MSF,987,161766
result_SELECT_10_Heisenberg2D_cylinder_0.5_0.5_3,outer,2,SA,0.001,2,Double,No_Top,987,180504
result_SELECT_10_Heisenberg2D_cylinder_0.5_0.5_3,outer,2,SA,0.001,1,Single,No_Kink,1069,268251
result_SELECT_10_Heisenberg2D_cylinder_0.5_0.5_3,outer,1,random,0,1,Proj,Yes_Kink,859,879531
result_SELECT_10_Heisenberg2D_cylinder_0.5_0.5_3,outer,2,SA,0.001,2,Proj,No_MSF,837,16284
result_SELECT_10_Heisenberg2D_cylinder_0.5_0.5_3,outer,2,SA,0.001,1,Single,Yes_Kink,1071,280429
result_SELECT_10_Heisenberg2D_cylinder_0.5_0.5_3,outer,2,SA,0.001,2,Proj,No_Top,837,34972
result_SELECT_10_Heisenberg2D_cylinder_0.5_0.5_3,outer,1,random,0,1,Proj,No_Kink,859,897240
result_SELECT_10_Heisenberg2D_cylinder_0.5_0.5_3,outer,2,SA,0.001,2,Double,No_Kink,988,269093
result_SELECT_10_Heisenberg2D_cylinder_0.5_0.5_3,outer,2,SA,0.001,2,Single,No_MSF,1069,176268
result_SELECT_10_Heisenberg2D_cylinder_0.5_0.5_3,outer,2,SA,0.001,2,Double,Yes_Kink,1022,269795
result_SELECT_10_Heisenberg2D_cylinder_0.5_0.5_3,outer,2,SA,0.001,2,Single,No_Top,1069,194792
result_SELECT_10_Heisenberg2D_cylinder_0.5_0.5_3,outer,2,SA,0.01,0,Double,No_MSF,987,161766
result_SELECT_10_Heisenberg2D_cylinder_0.5_0.5_3,outer,2,SA,0.01,0,Double,No_Top,987,180454
result_SELECT_10_Heisenberg2D_cylinder_0.5_0.5_3,outer,2,SA,0.01,0,Proj,No_MSF,837,16284
result_SELECT_10_Heisenberg2D_cylinder_0.5_0.5_3,outer,2,SA,0.001,2,Single,No_Kink,1070,269059
result_SELECT_10_Heisenberg2D_cylinder_0.5_0.5_3,outer,1,random,0,2,Proj,No_Kink,859,896423
result_SELECT_10_Heisenberg2D_cylinder_0.5_0.5_3,outer,2,SA,0.01,0,Proj,No_Top,837,34972
result_SELECT_10_Heisenberg2D_cylinder_0.5_0.5_3,outer,2,SA,0.001,2,Single,Yes_Kink,1071,280811
result_SELECT_10_Heisenberg2D_cylinder_0.5_0.5_3,outer,2,SA,0.01,0,Double,No_Kink,987,270826
result_SELECT_10_Heisenberg2D_cylinder_0.5_0.5_3,outer,2,SA,0.01,0,Single,No_MSF,1069,176268
result_SELECT_10_Heisenberg2D_cylinder_0.5_0.5_3,outer,2,SA,0.01,0,Single,No_Top,1069,194952
result_SELECT_10_Heisenberg2D_cylinder_0.5_0.5_3,outer,2,SA,0.01,0,Double,Yes_Kink,1022,270955
result_SELECT_10_Heisenberg2D_cylinder_0.5_0.5_3,outer,2,SA,0.01,1,Double,No_MSF,987,161766
result_SELECT_10_Heisenberg2D_cylinder_0.5_0.5_3,outer,1,random,0,2,Proj,Yes_Kink,860,880332
result_SELECT_10_Heisenberg2D_cylinder_0.5_0.5_3,outer,2,SA,0.01,1,Double,No_Top,987,180446
result_SELECT_10_Heisenberg2D_cylinder_0.5_0.5_3,outer,2,SA,0.01,0,Single,No_Kink,1069,270659
result_SELECT_10_Heisenberg2D_cylinder_0.5_0.5_3,outer,2,SA,0.01,1,Proj,No_MSF,837,16284
result_SELECT_10_Heisenberg2D_cylinder_0.5_0.5_3,outer,2,SA,0.01,1,Proj,No_Top,837,34972
result_SELECT_10_Heisenberg2D_cylinder_0.5_0.5_3,outer,2,SA,0.01,0,Single,Yes_Kink,1069,281999
result_SELECT_10_Heisenberg2D_cylinder_0.5_0.5_3,outer,2,SA,0.01,1,Double,No_Kink,988,270851
result_SELECT_10_Heisenberg2D_cylinder_0.5_0.5_3,outer,2,SA,0.01,1,Single,No_MSF,1069,176268
result_SELECT_10_Heisenberg2D_cylinder_0.5_0.5_3,outer,2,SA,0.01,1,Double,Yes_Kink,1021,271182
result_SELECT_10_Heisenberg2D_cylinder_0.5_0.5_3,outer,2,SA,0.01,1,Single,No_Top,1069,194872
result_SELECT_10_Heisenberg2D_cylinder_0.5_0.5_3,outer,2,SA,0.01,1,Single,No_Kink,1069,270600
result_SELECT_10_Heisenberg2D_cylinder_0.5_0.5_3,outer,2,SA,0.01,2,Double,No_MSF,987,161766
result_SELECT_10_Heisenberg2D_cylinder_0.5_0.5_3,outer,2,SA,0.001,0,Proj,Yes_Kink,851,900218
result_SELECT_10_Heisenberg2D_cylinder_0.5_0.5_3,outer,2,SA,0.01,2,Double,No_Top,987,180504
result_SELECT_10_Heisenberg2D_cylinder_0.5_0.5_3,outer,2,SA,0.001,0,Proj,No_Kink,851,916331
result_SELECT_10_Heisenberg2D_cylinder_0.5_0.5_3,outer,2,SA,0.01,1,Single,Yes_Kink,1069,281895
result_SELECT_10_Heisenberg2D_cylinder_0.5_0.5_3,outer,2,SA,0.01,2,Double,No_Kink,988,271525
result_SELECT_10_Heisenberg2D_cylinder_0.5_0.5_3,outer,2,SA,0.01,2,Proj,No_MSF,837,16284
result_SELECT_10_Heisenberg2D_cylinder_0.5_0.5_3,outer,2,SA,0.01,2,Proj,No_Top,837,34972
result_SELECT_10_Heisenberg2D_cylinder_0.5_0.5_3,outer,2,SA,0.01,2,Single,No_MSF,1069,176268
result_SELECT_10_Heisenberg2D_cylinder_0.5_0.5_3,outer,2,SA,0.01,2,Double,Yes_Kink,1021,271468
result_SELECT_10_Heisenberg2D_cylinder_0.5_0.5_3,outer,2,SA,0.01,2,Single,No_Top,1069,194792
result_SELECT_10_Heisenberg2D_cylinder_0.5_0.5_3,outer,2,SA,0.1,0,Double,No_MSF,987,161766
result_SELECT_10_Heisenberg2D_cylinder_0.5_0.5_3,outer,2,SA,0.001,1,Proj,Yes_Kink,853,888887
result_SELECT_10_Heisenberg2D_cylinder_0.5_0.5_3,outer,2,SA,0.1,0,Double,No_Top,987,180454
result_SELECT_10_Heisenberg2D_cylinder_0.5_0.5_3,outer,2,SA,0.01,2,Single,No_Kink,1069,271160
result_SELECT_10_Heisenberg2D_cylinder_0.5_0.5_3,outer,2,SA,0.001,1,Proj,No_Kink,850,917153
result_SELECT_10_Heisenberg2D_cylinder_0.5_0.5_3,outer,2,SA,0.01,2,Single,Yes_Kink,1069,282553
result_SELECT_10_Heisenberg2D_cylinder_0.5_0.5_3,outer,2,SA,0.1,0,Proj,No_MSF,837,16284
result_SELECT_10_Heisenberg2D_cylinder_0.5_0.5_3,outer,2,SA,0.1,0,Proj,No_Top,837,34972
result_SELECT_10_Heisenberg2D_cylinder_0.5_0.5_3,outer,2,SA,0.1,0,Double,No_Kink,987,263334
result_SELECT_10_Heisenberg2D_cylinder_0.5_0.5_3,outer,2,SA,0.1,0,Double,Yes_Kink,1023,263516
result_SELECT_10_Heisenberg2D_cylinder_0.5_0.5_3,outer,2,SA,0.1,0,Single,No_MSF,1069,176268
result_SELECT_10_Heisenberg2D_cylinder_0.5_0.5_3,outer,2,SA,0.1,0,Single,No_Top,1069,194952
result_SELECT_10_Heisenberg2D_cylinder_0.5_0.5_3,outer,2,SA,0.001,2,Proj,Yes_Kink,852,893377
result_SELECT_10_Heisenberg2D_cylinder_0.5_0.5_3,outer,2,SA,0.1,1,Double,No_MSF,987,161766
result_SELECT_10_Heisenberg2D_cylinder_0.5_0.5_3,outer,2,SA,0.1,1,Double,No_Top,987,180446
result_SELECT_10_Heisenberg2D_cylinder_0.5_0.5_3,outer,2,SA,0.1,0,Single,No_Kink,1069,262558
result_SELECT_10_Heisenberg2D_cylinder_0.5_0.5_3,outer,2,SA,0.001,2,Proj,No_Kink,853,909058
result_SELECT_10_Heisenberg2D_cylinder_0.5_0.5_3,outer,2,SA,0.1,1,Proj,No_MSF,837,16284
result_SELECT_10_Heisenberg2D_cylinder_0.5_0.5_3,outer,2,SA,0.1,1,Proj,No_Top,837,34972
result_SELECT_10_Heisenberg2D_cylinder_0.5_0.5_3,outer,2,SA,0.1,0,Single,Yes_Kink,1071,278737
result_SELECT_10_Heisenberg2D_cylinder_0.5_0.5_3,outer,2,SA,0.1,1,Double,No_Kink,987,263838
result_SELECT_10_Heisenberg2D_cylinder_0.5_0.5_3,outer,2,SA,0.1,1,Double,Yes_Kink,1023,263799
result_SELECT_10_Heisenberg2D_cylinder_0.5_0.5_3,outer,2,SA,0.1,1,Single,No_MSF,1069,176268
result_SELECT_10_Heisenberg2D_cylinder_0.5_0.5_3,outer,2,SA,0.01,0,Proj,No_Kink,849,914735
result_SELECT_10_Heisenberg2D_cylinder_0.5_0.5_3,outer,2,SA,0.1,1,Single,No_Top,1069,194872
result_SELECT_10_Heisenberg2D_cylinder_0.5_0.5_3,outer,2,SA,0.1,2,Double,No_MSF,987,161766
result_SELECT_10_Heisenberg2D_cylinder_0.5_0.5_3,outer,2,SA,0.01,0,Proj,Yes_Kink,848,891247
result_SELECT_10_Heisenberg2D_cylinder_0.5_0.5_3,outer,2,SA,0.1,1,Single,No_Kink,1069,262611
result_SELECT_10_Heisenberg2D_cylinder_0.5_0.5_3,outer,2,SA,0.1,2,Double,No_Top,987,180504
result_SELECT_10_Heisenberg2D_cylinder_0.5_0.5_3,outer,2,SA,0.1,2,Proj,No_MSF,837,16284
result_SELECT_10_Heisenberg2D_cylinder_0.5_0.5_3,outer,2,SA,0.1,2,Proj,No_Top,837,34972
result_SELECT_10_Heisenberg2D_cylinder_0.5_0.5_3,outer,2,SA,0.1,1,Single,Yes_Kink,1071,278809
result_SELECT_10_Heisenberg2D_cylinder_0.5_0.5_3,outer,2,SA,0.1,2,Double,No_Kink,987,264275
result_SELECT_10_Heisenberg2D_cylinder_0.5_0.5_3,outer,2,SA,0.01,1,Proj,Yes_Kink,850,886440
result_SELECT_10_Heisenberg2D_cylinder_0.5_0.5_3,outer,2,SA,0.1,2,Single,No_MSF,1069,176268
result_SELECT_10_Heisenberg2D_cylinder_0.5_0.5_3,outer,2,SA,0.1,2,Single,No_Top,1069,194792
result_SELECT_10_Heisenberg2D_cylinder_0.5_0.5_3,outer,2,SA,0.1,2,Double,Yes_Kink,1023,264892
result_SELECT_10_Heisenberg2D_cylinder_0.5_0.5_3,outer,2,SA,0.1,2,Single,No_Kink,1069,263303
result_SELECT_10_Heisenberg2D_cylinder_0.5_0.5_3,outer,2,SA,0.01,1,Proj,No_Kink,849,913848
result_SELECT_10_Heisenberg2D_cylinder_0.5_0.5_3,outer,2,SA,1,0,Double,No_MSF,987,161766
result_SELECT_10_Heisenberg2D_cylinder_0.5_0.5_3,outer,2,SA,1,0,Double,No_Top,987,180454
result_SELECT_10_Heisenberg2D_cylinder_0.5_0.5_3,outer,2,SA,1,0,Proj,No_MSF,837,16284
result_SELECT_10_Heisenberg2D_cylinder_0.5_0.5_3,outer,2,SA,1,0,Proj,No_Top,837,34972
result_SELECT_10_Heisenberg2D_cylinder_0.5_0.5_3,outer,2,SA,0.1,2,Single,Yes_Kink,1071,279588
result_SELECT_10_Heisenberg2D_cylinder_0.5_0.5_3,outer,2,SA,1,0,Double,No_Kink,987,254127
result_SELECT_10_Heisenberg2D_cylinder_0.5_0.5_3,outer,2,SA,1,0,Single,No_MSF,1069,176268
result_SELECT_10_Heisenberg2D_cylinder_0.5_0.5_3,outer,2,SA,1,0,Single,No_Top,1069,194952
result_SELECT_10_Heisenberg2D_cylinder_0.5_0.5_3,outer,2,SA,1,0,Double,Yes_Kink,1021,252217
result_SELECT_10_Heisenberg2D_cylinder_0.5_0.5_3,outer,2,SA,1,0,Single,No_Kink,1069,253665
result_SELECT_10_Heisenberg2D_cylinder_0.5_0.5_3,outer,2,SA,1,1,Double,No_MSF,987,161766
result_SELECT_10_Heisenberg2D_cylinder_0.5_0.5_3,outer,2,SA,0.01,2,Proj,No_Kink,850,909237
result_SELECT_10_Heisenberg2D_cylinder_0.5_0.5_3,outer,2,SA,0.01,2,Proj,Yes_Kink,852,887666
result_SELECT_10_Heisenberg2D_cylinder_0.5_0.5_3,outer,2,SA,1,1,Double,No_Top,987,180446
result_SELECT_10_Heisenberg2D_cylinder_0.5_0.5_3,outer,2,SA,1,1,Double,No_Kink,987,254446
result_SELECT_10_Heisenberg2D_cylinder_0.5_0.5_3,outer,2,SA,1,0,Single,Yes_Kink,1069,266122
result_SELECT_10_Heisenberg2D_cylinder_0.5_0.5_3,outer,2,SA,1,1,Proj,No_MSF,837,16284
result_SELECT_10_Heisenberg2D_cylinder_0.5_0.5_3,outer,2,SA,1,1,Proj,No_Top,837,34972
result_SELECT_10_Heisenberg2D_cylinder_0.5_0.5_3,outer,2,SA,1,1,Double,Yes_Kink,1021,252394
result_SELECT_10_Heisenberg2D_cylinder_0.5_0.5_3,outer,2,SA,1,1,Single,No_MSF,1069,176268
result_SELECT_10_Heisenberg2D_cylinder_0.5_0.5_3,outer,2,SA,1,1,Single,No_Top,1069,194872
result_SELECT_10_Heisenberg2D_cylinder_0.5_0.5_3,outer,2,SA,0.1,0,Proj,No_Kink,847,913226
result_SELECT_10_Heisenberg2D_cylinder_0.5_0.5_3,outer,2,SA,1,2,Double,No_MSF,987,161766
result_SELECT_10_Heisenberg2D_cylinder_0.5_0.5_3,outer,2,SA,1,1,Single,No_Kink,1069,253717
result_SELECT_10_Heisenberg2D_cylinder_0.5_0.5_3,outer,2,SA,1,2,Double,No_Top,987,180504
result_SELECT_10_Heisenberg2D_cylinder_0.5_0.5_3,outer,2,SA,0.1,0,Proj,Yes_Kink,848,888740
result_SELECT_10_Heisenberg2D_cylinder_0.5_0.5_3,outer,2,SA,1,1,Single,Yes_Kink,1069,266135
result_SELECT_10_Heisenberg2D_cylinder_0.5_0.5_3,outer,2,SA,1,2,Proj,No_MSF,837,16284
result_SELECT_10_Heisenberg2D_cylinder_0.5_0.5_3,outer,2,SA,1,2,Proj,No_Top,837,34972
result_SELECT_10_Heisenberg2D_cylinder_0.5_0.5_3,outer,2,SA,1,2,Double,No_Kink,987,254650
result_SELECT_10_Heisenberg2D_cylinder_0.5_0.5_3,outer,2,SA,1,2,Double,Yes_Kink,1020,253000
result_SELECT_10_Heisenberg2D_cylinder_0.5_0.5_3,outer,2,SA,0.1,1,Proj,No_Kink,848,905797
result_SELECT_10_Heisenberg2D_cylinder_0.5_0.5_3,outer,2,SA,1,2,Single,No_MSF,1069,176268
result_SELECT_10_Heisenberg2D_cylinder_0.5_0.5_3,outer,2,SA,1,2,Single,No_Top,1069,194792
result_SELECT_10_Heisenberg2D_cylinder_0.5_0.5_3,outer,2,SA,1,2,Single,No_Kink,1069,254840
result_SELECT_10_Heisenberg2D_cylinder_0.5_0.5_3,outer,2,naive,0,0,Double,No_MSF,987,161766
result_SELECT_10_Heisenberg2D_cylinder_0.5_0.5_3,outer,2,naive,0,0,Double,No_Top,987,180454
result_SELECT_10_Heisenberg2D_cylinder_0.5_0.5_3,outer,2,SA,0.1,1,Proj,Yes_Kink,849,886274
result_SELECT_10_Heisenberg2D_cylinder_0.5_0.5_3,outer,2,naive,0,0,Proj,No_MSF,837,16284
result_SELECT_10_Heisenberg2D_cylinder_0.5_0.5_3,outer,2,SA,1,2,Single,Yes_Kink,1069,266906
result_SELECT_10_Heisenberg2D_cylinder_0.5_0.5_3,outer,2,naive,0,0,Proj,No_Top,837,34972
result_SELECT_10_Heisenberg2D_cylinder_0.5_0.5_3,outer,2,SA,0.1,2,Proj,No_Kink,850,907890
result_SELECT_10_Heisenberg2D_cylinder_0.5_0.5_3,outer,2,naive,0,0,Single,No_MSF,1069,176268
result_SELECT_10_Heisenberg2D_cylinder_0.5_0.5_3,outer,2,naive,0,0,Single,No_Top,1069,194952
result_SELECT_10_Heisenberg2D_cylinder_0.5_0.5_3,outer,2,SA,0.1,2,Proj,Yes_Kink,852,871124
result_SELECT_10_Heisenberg2D_cylinder_0.5_0.5_3,outer,2,naive,0,0,Double,No_Kink,1076,363833
result_SELECT_10_Heisenberg2D_cylinder_0.5_0.5_3,outer,2,naive,0,1,Double,No_Top,987,180446
result_SELECT_10_Heisenberg2D_cylinder_0.5_0.5_3,outer,2,naive,0,1,Double,No_MSF,987,161766
result_SELECT_10_Heisenberg2D_cylinder_0.5_0.5_3,outer,2,naive,0,0,Double,Yes_Kink,1086,364984
result_SELECT_10_Heisenberg2D_cylinder_0.5_0.5_3,outer,2,SA,1,0,Proj,Yes_Kink,853,847766
result_SELECT_10_Heisenberg2D_cylinder_0.5_0.5_3,outer,2,naive,0,1,Proj,No_Top,837,34972
result_SELECT_10_Heisenberg2D_cylinder_0.5_0.5_3,outer,2,SA,1,0,Proj,No_Kink,853,850215
result_SELECT_10_Heisenberg2D_cylinder_0.5_0.5_3,outer,2,naive,0,1,Proj,No_MSF,837,16284
result_SELECT_10_Heisenberg2D_cylinder_0.5_0.5_3,outer,2,naive,0,0,Single,No_Kink,1181,371826
result_SELECT_10_Heisenberg2D_cylinder_0.5_0.5_3,outer,2,naive,0,0,Single,Yes_Kink,1172,383708
result_SELECT_10_Heisenberg2D_cylinder_0.5_0.5_3,outer,2,naive,0,1,Single,No_MSF,1069,176268
result_SELECT_10_Heisenberg2D_cylinder_0.5_0.5_3,outer,2,naive,0,1,Double,No_Kink,1072,363481
result_SELECT_10_Heisenberg2D_cylinder_0.5_0.5_3,outer,2,naive,0,1,Single,No_Top,1069,194872
result_SELECT_10_Heisenberg2D_cylinder_0.5_0.5_3,outer,2,SA,1,1,Proj,No_Kink,854,854266
result_SELECT_10_Heisenberg2D_cylinder_0.5_0.5_3,outer,2,naive,0,2,Double,No_Top,987,180504
result_SELECT_10_Heisenberg2D_cylinder_0.5_0.5_3,outer,2,naive,0,2,Double,No_MSF,987,161766
result_SELECT_10_Heisenberg2D_cylinder_0.5_0.5_3,outer,2,SA,1,1,Proj,Yes_Kink,853,838564
result_SELECT_10_Heisenberg2D_cylinder_0.5_0.5_3,outer,2,naive,0,2,Proj,No_MSF,837,16284
result_SELECT_10_Heisenberg2D_cylinder_0.5_0.5_3,outer,2,naive,0,1,Double,Yes_Kink,1082,365752
result_SELECT_10_Heisenberg2D_cylinder_0.5_0.5_3,outer,2,naive,0,2,Proj,No_Top,837,34972
result_SELECT_10_Heisenberg2D_cylinder_0.5_0.5_3,outer,2,naive,0,1,Single,No_Kink,1187,372860
result_SELECT_10_Heisenberg2D_cylinder_0.5_0.5_3,outer,2,naive,0,2,Single,No_MSF,1069,176268
result_SELECT_10_Heisenberg2D_cylinder_0.5_0.5_3,outer,2,naive,0,2,Single,No_Top,1069,194792
result_SELECT_10_Heisenberg2D_cylinder_0.5_0.5_3,outer,2,naive,0,1,Single,Yes_Kink,1180,385092
result_SELECT_10_Heisenberg2D_cylinder_0.5_0.5_3,outer,2,naive,0,2,Double,No_Kink,1070,365400
result_SELECT_10_Heisenberg2D_cylinder_0.5_0.5_3,outer,2,random,0,0,Double,No_MSF,987,161766
result_SELECT_10_Heisenberg2D_cylinder_0.5_0.5_3,outer,2,SA,1,2,Proj,No_Kink,853,859616
result_SELECT_10_Heisenberg2D_cylinder_0.5_0.5_3,outer,2,naive,0,2,Double,Yes_Kink,1083,367907
result_SELECT_10_Heisenberg2D_cylinder_0.5_0.5_3,outer,2,random,0,0,Double,No_Top,987,180454
result_SELECT_10_Heisenberg2D_cylinder_0.5_0.5_3,outer,2,SA,1,2,Proj,Yes_Kink,855,867512
result_SELECT_10_Heisenberg2D_cylinder_0.5_0.5_3,outer,2,random,0,0,Proj,No_MSF,837,16284
result_SELECT_10_Heisenberg2D_cylinder_0.5_0.5_3,outer,2,random,0,0,Proj,No_Top,837,34972
result_SELECT_10_Heisenberg2D_cylinder_0.5_0.5_3,outer,2,random,0,0,Single,No_Top,1069,194952
result_SELECT_10_Heisenberg2D_cylinder_0.5_0.5_3,outer,2,random,0,0,Single,No_MSF,1069,176268
result_SELECT_10_Heisenberg2D_cylinder_0.5_0.5_3,outer,2,naive,0,2,Single,No_Kink,1188,374768
result_SELECT_10_Heisenberg2D_cylinder_0.5_0.5_3,outer,2,naive,0,2,Single,Yes_Kink,1180,388380
result_SELECT_10_Heisenberg2D_cylinder_0.5_0.5_3,outer,2,random,0,1,Double,No_MSF,987,161766
result_SELECT_10_Heisenberg2D_cylinder_0.5_0.5_3,outer,2,random,0,1,Double,No_Top,987,180446
result_SELECT_10_Heisenberg2D_cylinder_0.5_0.5_3,outer,2,random,0,0,Double,No_Kink,989,371297
result_SELECT_10_Heisenberg2D_cylinder_0.5_0.5_3,outer,2,random,0,0,Double,Yes_Kink,1023,372248
result_SELECT_10_Heisenberg2D_cylinder_0.5_0.5_3,outer,2,random,0,1,Proj,No_MSF,837,16284
result_SELECT_10_Heisenberg2D_cylinder_0.5_0.5_3,outer,2,random,0,0,Single,No_Kink,1072,375670
result_SELECT_10_Heisenberg2D_cylinder_0.5_0.5_3,outer,2,random,0,1,Proj,No_Top,837,34972
result_SELECT_10_Heisenberg2D_cylinder_0.5_0.5_3,outer,2,naive,0,0,Proj,No_Kink,924,1033117
result_SELECT_10_Heisenberg2D_cylinder_0.5_0.5_3,outer,2,naive,0,0,Proj,Yes_Kink,936,1028873
result_SELECT_10_Heisenberg2D_cylinder_0.5_0.5_3,outer,2,random,0,1,Single,No_Top,1069,194872
result_SELECT_10_Heisenberg2D_cylinder_0.5_0.5_3,outer,2,random,0,1,Single,No_MSF,1069,176268
result_SELECT_10_Heisenberg2D_cylinder_0.5_0.5_3,outer,2,random,0,0,Single,Yes_Kink,1074,382616
result_SELECT_10_Heisenberg2D_cylinder_0.5_0.5_3,outer,2,random,0,1,Double,No_Kink,989,371550
result_SELECT_10_Heisenberg2D_cylinder_0.5_0.5_3,outer,2,random,0,2,Double,No_MSF,987,161766
result_SELECT_10_Heisenberg2D_cylinder_0.5_0.5_3,outer,2,random,0,2,Double,No_Top,987,180504
result_SELECT_10_Heisenberg2D_cylinder_0.5_0.5_3,outer,2,random,0,2,Proj,No_MSF,837,16284
result_SELECT_10_Heisenberg2D_cylinder_0.5_0.5_3,outer,2,random,0,1,Double,Yes_Kink,1024,373954
result_SELECT_10_Heisenberg2D_cylinder_0.5_0.5_3,outer,2,random,0,2,Proj,No_Top,837,34972
result_SELECT_10_Heisenberg2D_cylinder_0.5_0.5_3,outer,2,random,0,1,Single,No_Kink,1072,375772
result_SELECT_10_Heisenberg2D_cylinder_0.5_0.5_3,outer,2,random,0,2,Single,No_MSF,1069,176268
result_SELECT_10_Heisenberg2D_cylinder_0.5_0.5_3,outer,2,naive,0,1,Proj,Yes_Kink,933,1027907
result_SELECT_10_Heisenberg2D_cylinder_0.5_0.5_3,outer,2,naive,0,1,Proj,No_Kink,924,1033291
result_SELECT_10_Heisenberg2D_cylinder_0.5_0.5_3,outer,2,random,0,1,Single,Yes_Kink,1074,382729
result_SELECT_10_Heisenberg2D_cylinder_0.5_0.5_3,outer,2,random,0,2,Double,No_Kink,989,372606
result_SELECT_10_Heisenberg2D_cylinder_0.5_0.5_3,outer,2,random,0,2,Single,No_Top,1069,194792
result_SELECT_10_Heisenberg2D_cylinder_0.5_0.5_4,inner,1,SA,0.001,0,Double,No_MSF,522,131933
result_SELECT_10_Heisenberg2D_cylinder_0.5_0.5_3,outer,2,random,0,2,Double,Yes_Kink,1023,374263
result_SELECT_10_Heisenberg2D_cylinder_0.5_0.5_4,inner,1,SA,0.001,0,Double,No_Top,522,151517
result_SELECT_10_Heisenberg2D_cylinder_0.5_0.5_4,inner,1,SA,0.001,0,Proj,No_MSF,420,17052
result_SELECT_10_Heisenberg2D_cylinder_0.5_0.5_3,outer,2,naive,0,2,Proj,No_Kink,923,1035010
result_SELECT_10_Heisenberg2D_cylinder_0.5_0.5_4,inner,1,SA,0.001,0,Proj,No_Top,420,36636
result_SELECT_10_Heisenberg2D_cylinder_0.5_0.5_3,outer,2,random,0,2,Single,No_Kink,1072,376798
result_SELECT_10_Heisenberg2D_cylinder_0.5_0.5_4,inner,1,SA,0.001,0,Double,No_Kink,524,260128
result_SELECT_10_Heisenberg2D_cylinder_0.5_0.5_3,outer,2,naive,0,2,Proj,Yes_Kink,934,1025711
result_SELECT_10_Heisenberg2D_cylinder_0.5_0.5_4,inner,1,SA,0.001,0,Single,No_MSF,571,145925
result_SELECT_10_Heisenberg2D_cylinder_0.5_0.5_4,inner,1,SA,0.001,0,Double,Yes_Kink,528,262767
result_SELECT_10_Heisenberg2D_cylinder_0.5_0.5_4,inner,1,SA,0.001,0,Single,No_Top,571,165457
result_SELECT_10_Heisenberg2D_cylinder_0.5_0.5_3,outer,2,random,0,2,Single,Yes_Kink,1074,383457
result_SELECT_10_Heisenberg2D_cylinder_0.5_0.5_4,inner,1,SA,0.001,1,Double,No_MSF,522,131933
result_SELECT_10_Heisenberg2D_cylinder_0.5_0.5_4,inner,1,SA,0.001,1,Double,No_Top,522,151413
result_SELECT_10_Heisenberg2D_cylinder_0.5_0.5_3,outer,2,random,0,0,Proj,Yes_Kink,853,916875
result_SELECT_10_Heisenberg2D_cylinder_0.5_0.5_3,outer,2,random,0,0,Proj,No_Kink,852,934108
result_SELECT_10_Heisenberg2D_cylinder_0.5_0.5_4,inner,1,SA,0.001,1,Proj,No_MSF,420,17052
result_SELECT_10_Heisenberg2D_cylinder_0.5_0.5_4,inner,1,SA,0.001,0,Single,No_Kink,577,263456
result_SELECT_10_Heisenberg2D_cylinder_0.5_0.5_4,inner,1,SA,0.001,1,Proj,No_Top,420,36636
result_SELECT_10_Heisenberg2D_cylinder_0.5_0.5_4,inner,1,SA,0.001,1,Single,No_MSF,571,145925
result_SELECT_10_Heisenberg2D_cylinder_0.5_0.5_4,inner,1,SA,0.001,1,Double,No_Kink,524,264783
result_SELECT_10_Heisenberg2D_cylinder_0.5_0.5_4,inner,1,SA,0.001,1,Single,No_Top,571,165265
result_SELECT_10_Heisenberg2D_cylinder_0.5_0.5_4,inner,1,SA,0.001,2,Double,No_Top,522,151283
result_SELECT_10_Heisenberg2D_cylinder_0.5_0.5_4,inner,1,SA,0.001,2,Double,No_MSF,522,131933
result_SELECT_10_Heisenberg2D_cylinder_0.5_0.5_4,inner,1,SA,0.001,1,Double,Yes_Kink,529,268861
result_SELECT_10_Heisenberg2D_cylinder_0.5_0.5_4,inner,1,SA,0.001,2,Proj,No_MSF,420,17052
result_SELECT_10_Heisenberg2D_cylinder_0.5_0.5_4,inner,1,SA,0.001,2,Proj,No_Top,420,36636
result_SELECT_10_Heisenberg2D_cylinder_0.5_0.5_4,inner,1,SA,0.001,1,Single,No_Kink,577,267684
result_SELECT_10_Heisenberg2D_cylinder_0.5_0.5_3,outer,2,random,0,1,Proj,No_Kink,854,935989
result_SELECT_10_Heisenberg2D_cylinder_0.5_0.5_4,inner,1,SA,0.001,2,Single,No_MSF,571,145925
result_SELECT_10_Heisenberg2D_cylinder_0.5_0.5_4,inner,1,SA,0.001,2,Double,No_Kink,525,271628
result_SELECT_10_Heisenberg2D_cylinder_0.5_0.5_4,inner,1,SA,0.001,2,Single,No_Top,571,165073
result_SELECT_10_Heisenberg2D_cylinder_0.5_0.5_4,inner,1,SA,0.001,2,Double,Yes_Kink,532,274041
result_SELECT_10_Heisenberg2D_cylinder_0.5_0.5_4,inner,1,SA,0.01,0,Double,No_MSF,522,131933
result_SELECT_10_Heisenberg2D_cylinder_0.5_0.5_4,inner,1,SA,0.01,0,Double,No_Top,522,151517
result_SELECT_10_Heisenberg2D_cylinder_0.5_0.5_3,outer,2,random,0,1,Proj,Yes_Kink,854,919726
result_SELECT_10_Heisenberg2D_cylinder_0.5_0.5_4,inner,1,SA,0.01,0,Proj,No_MSF,420,17052
result_SELECT_10_Heisenberg2D_cylinder_0.5_0.5_4,inner,1,SA,0.001,2,Single,No_Kink,577,275349
result_SELECT_10_Heisenberg2D_cylinder_0.5_0.5_4,inner,1,SA,0.01,0,Proj,No_Top,420,36636
result_SELECT_10_Heisenberg2D_cylinder_0.5_0.5_4,inner,1,SA,0.01,0,Double,No_Kink,523,242668
result_SELECT_10_Heisenberg2D_cylinder_0.5_0.5_3,outer,2,random,0,2,Proj,No_Kink,853,933105
result_SELECT_10_Heisenberg2D_cylinder_0.5_0.5_4,inner,1,SA,0.01,0,Double,Yes_Kink,526,246669
result_SELECT_10_Heisenberg2D_cylinder_0.5_0.5_4,inner,1,SA,0.001,0,Proj,No_Kink,444,695500
result_SELECT_10_Heisenberg2D_cylinder_0.5_0.5_4,inner,1,SA,0.01,0,Single,No_MSF,571,145925
result_SELECT_10_Heisenberg2D_cylinder_0.5_0.5_4,inner,1,SA,0.01,0,Single,No_Top,571,165457
result_SELECT_10_Heisenberg2D_cylinder_0.5_0.5_4,inner,1,SA,0.01,1,Double,No_MSF,522,131933
result_SELECT_10_Heisenberg2D_cylinder_0.5_0.5_4,inner,1,SA,0.001,0,Proj,Yes_Kink,450,686298
result_SELECT_10_Heisenberg2D_cylinder_0.5_0.5_4,inner,1,SA,0.01,0,Single,No_Kink,577,243254
result_SELECT_10_Heisenberg2D_cylinder_0.5_0.5_3,outer,2,random,0,2,Proj,Yes_Kink,854,917712
result_SELECT_10_Heisenberg2D_cylinder_0.5_0.5_4,inner,1,SA,0.01,1,Double,No_Top,522,151413
result_SELECT_10_Heisenberg2D_cylinder_0.5_0.5_4,inner,1,SA,0.01,1,Proj,No_MSF,420,17052
result_SELECT_10_Heisenberg2D_cylinder_0.5_0.5_4,inner,1,SA,0.01,1,Proj,No_Top,420,36636
result_SELECT_10_Heisenberg2D_cylinder_0.5_0.5_4,inner,1,SA,0.01,1,Single,No_MSF,571,145925
result_SELECT_10_Heisenberg2D_cylinder_0.5_0.5_4,inner,1,SA,0.01,1,Single,No_Top,571,165265
result_SELECT_10_Heisenberg2D_cylinder_0.5_0.5_4,inner,1,SA,0.01,2,Double,No_MSF,522,131933
result_SELECT_10_Heisenberg2D_cylinder_0.5_0.5_4,inner,1,SA,0.01,1,Double,No_Kink,523,249771
result_SELECT_10_Heisenberg2D_cylinder_0.5_0.5_4,inner,1,SA,0.001,1,Proj,No_Kink,446,697822
result_SELECT_10_Heisenberg2D_cylinder_0.5_0.5_4,inner,1,SA,0.01,2,Double,No_Top,522,151283
result_SELECT_10_Heisenberg2D_cylinder_0.5_0.5_4,inner,1,SA,0.01,1,Double,Yes_Kink,530,255049
result_SELECT_10_Heisenberg2D_cylinder_0.5_0.5_4,inner,1,SA,0.01,1,Single,No_Kink,576,248229
result_SELECT_10_Heisenberg2D_cylinder_0.5_0.5_4,inner,1,SA,0.01,2,Proj,No_MSF,420,17052
result_SELECT_10_Heisenberg2D_cylinder_0.5_0.5_4,inner,1,SA,0.01,2,Proj,No_Top,420,36636
result_SELECT_10_Heisenberg2D_cylinder_0.5_0.5_4,inner,1,SA,0.01,2,Single,No_MSF,571,145925
result_SELECT_10_Heisenberg2D_cylinder_0.5_0.5_4,inner,1,SA,0.001,1,Proj,Yes_Kink,453,689001
result_SELECT_10_Heisenberg2D_cylinder_0.5_0.5_4,inner,1,SA,0.01,2,Double,No_Kink,527,259463
result_SELECT_10_Heisenberg2D_cylinder_0.5_0.5_4,inner,1,SA,0.01,2,Single,No_Top,571,165073
result_SELECT_10_Heisenberg2D_cylinder_0.5_0.5_4,inner,1,SA,0.1,0,Double,No_MSF,522,131933
result_SELECT_10_Heisenberg2D_cylinder_0.5_0.5_4,inner,1,SA,0.01,2,Double,Yes_Kink,528,263094
result_SELECT_10_Heisenberg2D_cylinder_0.5_0.5_4,inner,1,SA,0.1,0,Double,No_Top,522,151517
result_SELECT_10_Heisenberg2D_cylinder_0.5_0.5_4,inner,1,SA,0.001,2,Proj,No_Kink,451,701771
result_SELECT_10_Heisenberg2D_cylinder_0.5_0.5_4,inner,1,SA,0.1,0,Proj,No_MSF,420,17052
result_SELECT_10_Heisenberg2D_cylinder_0.5_0.5_4,inner,1,SA,0.1,0,Proj,No_Top,420,36636
result_SELECT_10_Heisenberg2D_cylinder_0.5_0.5_4,inner,1,SA,0.1,0,Double,No_Kink,529,237522
result_SELECT_10_Heisenberg2D_cylinder_0.5_0.5_4,inner,1,SA,0.01,2,Single,No_Kink,579,260536
result_SELECT_10_Heisenberg2D_cylinder_0.5_0.5_4,inner,1,SA,0.001,2,Proj,Yes_Kink,455,688260
result_SELECT_10_Heisenberg2D_cylinder_0.5_0.5_4,inner,1,SA,0.1,0,Single,No_MSF,571,145925
result_SELECT_10_Heisenberg2D_cylinder_0.5_0.5_4,inner,1,SA,0.1,0,Single,No_Top,571,165457
result_SELECT_10_Heisenberg2D_cylinder_0.5_0.5_4,inner,1,SA,0.1,0,Double,Yes_Kink,535,240740
result_SELECT_10_Heisenberg2D_cylinder_0.5_0.5_4,inner,1,SA,0.1,1,Double,No_MSF,522,131933
result_SELECT_10_Heisenberg2D_cylinder_0.5_0.5_4,inner,1,SA,0.1,1,Double,No_Top,522,151413
result_SELECT_10_Heisenberg2D_cylinder_0.5_0.5_4,inner,1,SA,0.01,0,Proj,No_Kink,444,682887
result_SELECT_10_Heisenberg2D_cylinder_0.5_0.5_4,inner,1,SA,0.1,1,Proj,No_MSF,420,17052
result_SELECT_10_Heisenberg2D_cylinder_0.5_0.5_4,inner,1,SA,0.1,1,Proj,No_Top,420,36636
result_SELECT_10_Heisenberg2D_cylinder_0.5_0.5_4,inner,1,SA,0.1,0,Single,No_Kink,584,239781
result_SELECT_10_Heisenberg2D_cylinder_0.5_0.5_4,inner,1,SA,0.1,1,Double,No_Kink,529,242303
result_SELECT_10_Heisenberg2D_cylinder_0.5_0.5_4,inner,1,SA,0.1,1,Single,No_MSF,571,145925
result_SELECT_10_Heisenberg2D_cylinder_0.5_0.5_4,inner,1,SA,0.01,0,Proj,Yes_Kink,445,671352
result_SELECT_10_Heisenberg2D_cylinder_0.5_0.5_4,inner,1,SA,0.1,1,Single,No_Top,571,165265
result_SELECT_10_Heisenberg2D_cylinder_0.5_0.5_4,inner,1,SA,0.1,1,Double,Yes_Kink,536,246027
result_SELECT_10_Heisenberg2D_cylinder_0.5_0.5_4,inner,1,SA,0.1,2,Double,No_MSF,522,131933
result_SELECT_10_Heisenberg2D_cylinder_0.5_0.5_4,inner,1,SA,0.1,2,Double,No_Top,522,151283
result_SELECT_10_Heisenberg2D_cylinder_0.5_0.5_4,inner,1,SA,0.1,2,Proj,No_MSF,420,17052
result_SELECT_10_Heisenberg2D_cylinder_0.5_0.5_4,inner,1,SA,0.1,1,Single,No_Kink,585,242638
result_SELECT_10_Heisenberg2D_cylinder_0.5_0.5_4,inner,1,SA,0.1,2,Proj,No_Top,420,36636
result_SELECT_10_Heisenberg2D_cylinder_0.5_0.5_4,inner,1,SA,0.01,1,Proj,No_Kink,444,682798
result_SELECT_10_Heisenberg2D_cylinder_0.5_0.5_4,inner,1,SA,0.01,1,Proj,Yes_Kink,448,671196
result_SELECT_10_Heisenberg2D_cylinder_0.5_0.5_4,inner,1,SA,0.1,2,Double,No_Kink,531,248683
result_SELECT_10_Heisenberg2D_cylinder_0.5_0.5_4,inner,1,SA,0.1,2,Single,No_MSF,571,145925
result_SELECT_10_Heisenberg2D_cylinder_0.5_0.5_4,inner,1,SA,0.1,2,Single,No_Top,571,165073
result_SELECT_10_Heisenberg2D_cylinder_0.5_0.5_4,inner,1,SA,0.1,2,Double,Yes_Kink,534,251636
result_SELECT_10_Heisenberg2D_cylinder_0.5_0.5_4,inner,1,SA,1,0,Double,No_MSF,522,131933
result_SELECT_10_Heisenberg2D_cylinder_0.5_0.5_4,inner,1,SA,1,0,Double,No_Top,522,151517
result_SELECT_10_Heisenberg2D_cylinder_0.5_0.5_4,inner,1,SA,0.1,2,Single,No_Kink,590,251672
result_SELECT_10_Heisenberg2D_cylinder_0.5_0.5_4,inner,1,SA,0.01,2,Proj,No_Kink,445,687085
result_SELECT_10_Heisenberg2D_cylinder_0.5_0.5_4,inner,1,SA,1,0,Proj,No_MSF,420,17052
result_SELECT_10_Heisenberg2D_cylinder_0.5_0.5_4,inner,1,SA,1,0,Proj,No_Top,420,36636
result_SELECT_10_Heisenberg2D_cylinder_0.5_0.5_4,inner,1,SA,0.01,2,Proj,Yes_Kink,453,674868
result_SELECT_10_Heisenberg2D_cylinder_0.5_0.5_4,inner,1,SA,1,0,Double,No_Kink,528,229965
result_SELECT_10_Heisenberg2D_cylinder_0.5_0.5_4,inner,1,SA,1,0,Single,No_MSF,571,145925
result_SELECT_10_Heisenberg2D_cylinder_0.5_0.5_4,inner,1,SA,1,0,Single,No_Top,571,165457
result_SELECT_10_Heisenberg2D_cylinder_0.5_0.5_4,inner,1,SA,1,0,Double,Yes_Kink,531,231229
result_SELECT_10_Heisenberg2D_cylinder_0.5_0.5_4,inner,1,SA,1,1,Double,No_MSF,522,131933
result_SELECT_10_Heisenberg2D_cylinder_0.5_0.5_4,inner,1,SA,1,1,Double,No_Top,522,151413
result_SELECT_10_Heisenberg2D_cylinder_0.5_0.5_4,inner,1,SA,1,0,Single,No_Kink,574,228692
result_SELECT_10_Heisenberg2D_cylinder_0.5_0.5_4,inner,1,SA,0.1,0,Proj,No_Kink,444,684226
result_SELECT_10_Heisenberg2D_cylinder_0.5_0.5_4,inner,1,SA,1,1,Proj,No_MSF,420,17052
result_SELECT_10_Heisenberg2D_cylinder_0.5_0.5_4,inner,1,SA,1,1,Proj,No_Top,420,36636
result_SELECT_10_Heisenberg2D_cylinder_0.5_0.5_4,inner,1,SA,1,1,Single,No_MSF,571,145925
result_SELECT_10_Heisenberg2D_cylinder_0.5_0.5_4,inner,1,SA,1,1,Double,No_Kink,529,232835
result_SELECT_10_Heisenberg2D_cylinder_0.5_0.5_4,inner,1,SA,1,1,Single,No_Top,571,165265
result_SELECT_10_Heisenberg2D_cylinder_0.5_0.5_4,inner,1,SA,1,1,Double,Yes_Kink,529,236820
result_SELECT_10_Heisenberg2D_cylinder_0.5_0.5_4,inner,1,SA,0.1,0,Proj,Yes_Kink,447,669941
result_SELECT_10_Heisenberg2D_cylinder_0.5_0.5_4,inner,1,SA,1,2,Double,No_MSF,522,131933
result_SELECT_10_Heisenberg2D_cylinder_0.5_0.5_4,inner,1,SA,1,1,Single,No_Kink,574,231278
result_SELECT_10_Heisenberg2D_cylinder_0.5_0.5_4,inner,1,SA,1,2,Double,No_Top,522,151283
result_SELECT_10_Heisenberg2D_cylinder_0.5_0.5_4,inner,1,SA,0.1,1,Proj,No_Kink,445,683768
result_SELECT_10_Heisenberg2D_cylinder_0.5_0.5_4,inner,1,SA,1,2,Proj,No_MSF,420,17052
result_SELECT_10_Heisenberg2D_cylinder_0.5_0.5_4,inner,1,SA,1,2,Proj,No_Top,420,36636
result_SELECT_10_Heisenberg2D_cylinder_0.5_0.5_4,inner,1,SA,0.1,1,Proj,Yes_Kink,452,670963
result_SELECT_10_Heisenberg2D_cylinder_0.5_0.5_4,inner,1,SA,1,2,Double,No_Kink,527,243001
result_SELECT_10_Heisenberg2D_cylinder_0.5_0.5_4,inner,1,SA,1,2,Single,No_MSF,571,145925
result_SELECT_10_Heisenberg2D_cylinder_0.5_0.5_4,inner,1,SA,1,2,Single,No_Top,571,165073
result_SELECT_10_Heisenberg2D_cylinder_0.5_0.5_4,inner,1,naive,0,0,Double,No_MSF,522,131933
result_SELECT_10_Heisenberg2D_cylinder_0.5_0.5_4,inner,1,naive,0,0,Double,No_Top,522,151517
result_SELECT_10_Heisenberg2D_cylinder_0.5_0.5_4,inner,1,SA,1,2,Double,Yes_Kink,534,246801
result_SELECT_10_Heisenberg2D_cylinder_0.5_0.5_4,inner,1,SA,1,2,Single,No_Kink,574,241223
result_SELECT_10_Heisenberg2D_cylinder_0.5_0.5_4,inner,1,naive,0,0,Proj,No_MSF,420,17052
result_SELECT_10_Heisenberg2D_cylinder_0.5_0.5_4,inner,1,SA,0.1,2,Proj,No_Kink,450,691794
result_SELECT_10_Heisenberg2D_cylinder_0.5_0.5_4,inner,1,naive,0,0,Proj,No_Top,420,36636
result_SELECT_10_Heisenberg2D_cylinder_0.5_0.5_4,inner,1,SA,0.1,2,Proj,Yes_Kink,458,677830
result_SELECT_10_Heisenberg2D_cylinder_0.5_0.5_4,inner,1,naive,0,0,Single,No_MSF,571,145925
result_SELECT_10_Heisenberg2D_cylinder_0.5_0.5_4,inner,1,naive,0,0,Single,No_Top,571,165457
result_SELECT_10_Heisenberg2D_cylinder_0.5_0.5_4,inner,1,naive,0,1,Double,No_MSF,522,131933
result_SELECT_10_Heisenberg2D_cylinder_0.5_0.5_4,inner,1,naive,0,1,Double,No_Top,522,151413
result_SELECT_10_Heisenberg2D_cylinder_0.5_0.5_4,inner,1,SA,1,0,Proj,No_Kink,436,677697
result_SELECT_10_Heisenberg2D_cylinder_0.5_0.5_4,inner,1,naive,0,1,Proj,No_MSF,420,17052
result_SELECT_10_Heisenberg2D_cylinder_0.5_0.5_4,inner,1,SA,1,0,Proj,Yes_Kink,439,665476
result_SELECT_10_Heisenberg2D_cylinder_0.5_0.5_4,inner,1,naive,0,1,Proj,No_Top,420,36636
result_SELECT_10_Heisenberg2D_cylinder_0.5_0.5_4,inner,1,naive,0,1,Single,No_MSF,571,145925
result_SELECT_10_Heisenberg2D_cylinder_0.5_0.5_4,inner,1,naive,0,1,Single,No_Top,571,165265
result_SELECT_10_Heisenberg2D_cylinder_0.5_0.5_4,inner,1,SA,1,1,Proj,No_Kink,439,682178
result_SELECT_10_Heisenberg2D_cylinder_0.5_0.5_4,inner,1,SA,1,1,Proj,Yes_Kink,448,671192
result_SELECT_10_Heisenberg2D_cylinder_0.5_0.5_4,inner,1,naive,0,0,Double,No_Kink,869,564083
result_SELECT_10_Heisenberg2D_cylinder_0.5_0.5_4,inner,1,naive,0,2,Double,No_MSF,522,131933
result_SELECT_10_Heisenberg2D_cylinder_0.5_0.5_4,inner,1,naive,0,0,Double,Yes_Kink,870,564138
result_SELECT_10_Heisenberg2D_cylinder_0.5_0.5_4,inner,1,naive,0,2,Double,No_Top,522,151283
result_SELECT_10_Heisenberg2D_cylinder_0.5_0.5_4,inner,1,naive,0,0,Single,No_Kink,1123,618317
result_SELECT_10_Heisenberg2D_cylinder_0.5_0.5_4,inner,1,naive,0,2,Proj,No_MSF,420,17052
result_SELECT_10_Heisenberg2D_cylinder_0.5_0.5_4,inner,1,naive,0,2,Proj,No_Top,420,36636
result_SELECT_10_Heisenberg2D_cylinder_0.5_0.5_4,inner,1,SA,1,2,Proj,No_Kink,446,686002
result_SELECT_10_Heisenberg2D_cylinder_0.5_0.5_4,inner,1,naive,0,1,Double,No_Kink,867,561456
result_SELECT_10_Heisenberg2D_cylinder_0.5_0.5_4,inner,1,naive,0,2,Single,No_MSF,571,145925
result_SELECT_10_Heisenberg2D_cylinder_0.5_0.5_4,inner,1,SA,1,2,Proj,Yes_Kink,459,673924
result_SELECT_10_Heisenberg2D_cylinder_0.5_0.5_4,inner,1,naive,0,2,Single,No_Top,571,165073
result_SELECT_10_Heisenberg2D_cylinder_0.5_0.5_4,inner,1,naive,0,1,Double,Yes_Kink,863,565252
result_SELECT_10_Heisenberg2D_cylinder_0.5_0.5_4,inner,1,random,0,0,Double,No_MSF,522,131933
result_SELECT_10_Heisenberg2D_cylinder_0.5_0.5_4,inner,1,random,0,0,Double,No_Top,522,151517
result_SELECT_10_Heisenberg2D_cylinder_0.5_0.5_4,inner,1,naive,0,1,Single,No_Kink,1116,621771
result_SELECT_10_Heisenberg2D_cylinder_0.5_0.5_4,inner,1,random,0,0,Proj,No_MSF,420,17052
result_SELECT_10_Heisenberg2D_cylinder_0.5_0.5_4,inner,1,random,0,0,Proj,No_Top,420,36636
result_SELECT_10_Heisenberg2D_cylinder_0.5_0.5_4,inner,1,naive,0,2,Double,No_Kink,862,566018
result_SELECT_10_Heisenberg2D_cylinder_0.5_0.5_4,inner,1,random,0,0,Single,No_MSF,571,145925
result_SELECT_10_Heisenberg2D_cylinder_0.5_0.5_4,inner,1,random,0,0,Single,No_Top,571,165457
result_SELECT_10_Heisenberg2D_cylinder_0.5_0.5_4,inner,1,naive,0,2,Double,Yes_Kink,870,572449
result_SELECT_10_Heisenberg2D_cylinder_0.5_0.5_4,inner,1,random,0,1,Double,No_MSF,522,131933
result_SELECT_10_Heisenberg2D_cylinder_0.5_0.5_4,inner,1,random,0,1,Double,No_Top,522,151413
result_SELECT_10_Heisenberg2D_cylinder_0.5_0.5_4,inner,1,naive,0,2,Single,No_Kink,1122,622831
result_SELECT_10_Heisenberg2D_cylinder_0.5_0.5_4,inner,1,random,0,1,Proj,No_MSF,420,17052
result_SELECT_10_Heisenberg2D_cylinder_0.5_0.5_4,inner,1,random,0,0,Double,Yes_Kink,601,532228
result_SELECT_10_Heisenberg2D_cylinder_0.5_0.5_4,inner,1,random,0,1,Proj,No_Top,420,36636
result_SELECT_10_Heisenberg2D_cylinder_0.5_0.5_4,inner,1,random,0,0,Double,No_Kink,601,527937
result_SELECT_10_Heisenberg2D_cylinder_0.5_0.5_4,inner,1,random,0,1,Single,No_MSF,571,145925
result_SELECT_10_Heisenberg2D_cylinder_0.5_0.5_4,inner,1,random,0,1,Single,No_Top,571,165265
result_SELECT_10_Heisenberg2D_cylinder_0.5_0.5_4,inner,1,random,0,0,Single,No_Kink,947,633849
result_SELECT_10_Heisenberg2D_cylinder_0.5_0.5_4,inner,1,random,0,1,Double,No_Kink,594,529077
result_SELECT_10_Heisenberg2D_cylinder_0.5_0.5_4,inner,1,random,0,2,Double,No_MSF,522,131933
result_SELECT_10_Heisenberg2D_cylinder_0.5_0.5_4,inner,1,naive,0,0,Proj,No_Kink,872,1349488
result_SELECT_10_Heisenberg2D_cylinder_0.5_0.5_4,inner,1,naive,0,0,Proj,Yes_Kink,902,1369171
result_SELECT_10_Heisenberg2D_cylinder_0.5_0.5_4,inner,1,random,0,2,Double,No_Top,522,151283
result_SELECT_10_Heisenberg2D_cylinder_0.5_0.5_4,inner,1,random,0,2,Proj,No_MSF,420,17052
result_SELECT_10_Heisenberg2D_cylinder_0.5_0.5_4,inner,1,random,0,0,Proj,No_Kink,495,773003
result_SELECT_10_Heisenberg2D_cylinder_0.5_0.5_4,inner,1,random,0,2,Proj,No_Top,420,36636
result_SELECT_10_Heisenberg2D_cylinder_0.5_0.5_4,inner,1,random,0,1,Double,Yes_Kink,611,535764
result_SELECT_10_Heisenberg2D_cylinder_0.5_0.5_4,inner,1,random,0,2,Single,No_MSF,571,145925
result_SELECT_10_Heisenberg2D_cylinder_0.5_0.5_4,inner,1,random,0,2,Single,No_Top,571,165073
result_SELECT_10_Heisenberg2D_cylinder_0.5_0.5_4,inner,1,naive,0,1,Proj,Yes_Kink,897,1361661
result_SELECT_10_Heisenberg2D_cylinder_0.5_0.5_4,inner,2,SA,0.001,0,Double,No_MSF,522,131933
result_SELECT_10_Heisenberg2D_cylinder_0.5_0.5_4,inner,1,random,0,1,Single,No_Kink,947,626045
result_SELECT_10_Heisenberg2D_cylinder_0.5_0.5_4,inner,2,SA,0.001,0,Double,No_Top,522,151517
result_SELECT_10_Heisenberg2D_cylinder_0.5_0.5_4,inner,2,SA,0.001,0,Double,No_Kink,524,230793
result_SELECT_10_Heisenberg2D_cylinder_0.5_0.5_4,inner,1,random,0,0,Proj,Yes_Kink,504,769407
result_SELECT_10_Heisenberg2D_cylinder_0.5_0.5_4,inner,1,naive,0,1,Proj,No_Kink,875,1355311
result_SELECT_10_Heisenberg2D_cylinder_0.5_0.5_4,inner,2,SA,0.001,0,Proj,No_MSF,420,17052
result_SELECT_10_Heisenberg2D_cylinder_0.5_0.5_4,inner,2,SA,0.001,0,Proj,No_Top,420,36636
result_SELECT_10_Heisenberg2D_cylinder_0.5_0.5_4,inner,1,random,0,1,Proj,No_Kink,495,772901
result_SELECT_10_Heisenberg2D_cylinder_0.5_0.5_4,inner,2,SA,0.001,0,Single,No_MSF,571,145925
result_SELECT_10_Heisenberg2D_cylinder_0.5_0.5_4,inner,2,SA,0.001,0,Double,Yes_Kink,542,233740
result_SELECT_10_Heisenberg2D_cylinder_0.5_0.5_4,inner,1,random,0,2,Double,No_Kink,600,536431
result_SELECT_10_Heisenberg2D_cylinder_0.5_0.5_4,inner,2,SA,0.001,0,Single,No_Top,571,165457
result_SELECT_10_Heisenberg2D_cylinder_0.5_0.5_4,inner,1,random,0,1,Proj,Yes_Kink,505,769966
result_SELECT_10_Heisenberg2D_cylinder_0.5_0.5_4,inner,2,SA,0.001,1,Double,No_MSF,522,131933
result_SELECT_10_Heisenberg2D_cylinder_0.5_0.5_4,inner,2,SA,0.001,0,Single,No_Kink,575,229787
result_SELECT_10_Heisenberg2D_cylinder_0.5_0.5_4,inner,2,SA,0.001,1,Double,No_Top,522,151413
result_SELECT_10_Heisenberg2D_cylinder_0.5_0.5_4,inner,1,random,0,2,Double,Yes_Kink,607,536034
result_SELECT_10_Heisenberg2D_cylinder_0.5_0.5_4,inner,2,SA,0.001,1,Proj,No_MSF,420,17052
result_SELECT_10_Heisenberg2D_cylinder_0.5_0.5_4,inner,2,SA,0.001,1,Proj,No_Top,420,36636
result_SELECT_10_Heisenberg2D_cylinder_0.5_0.5_4,inner,1,naive,0,2,Proj,No_Kink,871,1347604
result_SELECT_10_Heisenberg2D_cylinder_0.5_0.5_4,inner,2,SA,0.001,0,Single,Yes_Kink,574,243933
result_SELECT_10_Heisenberg2D_cylinder_0.5_0.5_4,inner,2,SA,0.001,1,Double,No_Kink,523,234131
result_SELECT_10_Heisenberg2D_cylinder_0.5_0.5_4,inner,1,naive,0,2,Proj,Yes_Kink,896,1360768
result_SELECT_10_Heisenberg2D_cylinder_0.5_0.5_4,inner,2,SA,0.001,1,Double,Yes_Kink,541,237576
result_SELECT_10_Heisenberg2D_cylinder_0.5_0.5_4,inner,2,SA,0.001,1,Single,No_MSF,571,145925
result_SELECT_10_Heisenberg2D_cylinder_0.5_0.5_4,inner,1,random,0,2,Single,No_Kink,962,643740
result_SELECT_10_Heisenberg2D_cylinder_0.5_0.5_4,inner,2,SA,0.001,1,Single,No_Top,571,165265
result_SELECT_10_Heisenberg2D_cylinder_0.5_0.5_4,inner,2,SA,0.001,2,Double,No_MSF,522,131933
result_SELECT_10_Heisenberg2D_cylinder_0.5_0.5_4,inner,2,SA,0.001,2,Double,No_Top,522,151283
result_SELECT_10_Heisenberg2D_cylinder_0.5_0.5_4,inner,2,SA,0.001,1,Single,No_Kink,575,232390
result_SELECT_10_Heisenberg2D_cylinder_0.5_0.5_4,inner,2,SA,0.001,2,Proj,No_MSF,420,17052
result_SELECT_10_Heisenberg2D_cylinder_0.5_0.5_4,inner,2,SA,0.001,2,Proj,No_Top,420,36636
result_SELECT_10_Heisenberg2D_cylinder_0.5_0.5_4,inner,2,SA,0.001,2,Single,No_MSF,571,145925
result_SELECT_10_Heisenberg2D_cylinder_0.5_0.5_4,inner,2,SA,0.001,2,Single,No_Top,571,165073
result_SELECT_10_Heisenberg2D_cylinder_0.5_0.5_4,inner,2,SA,0.001,1,Single,Yes_Kink,573,246692
result_SELECT_10_Heisenberg2D_cylinder_0.5_0.5_4,inner,2,SA,0.001,2,Double,No_Kink,523,240279
result_SELECT_10_Heisenberg2D_cylinder_0.5_0.5_4,inner,2,SA,0.001,2,Double,Yes_Kink,542,242631
result_SELECT_10_Heisenberg2D_cylinder_0.5_0.5_4,inner,2,SA,0.01,0,Double,No_MSF,522,131933
result_SELECT_10_Heisenberg2D_cylinder_0.5_0.5_4,inner,2,SA,0.001,2,Single,No_Kink,575,239589
result_SELECT_10_Heisenberg2D_cylinder_0.5_0.5_4,inner,2,SA,0.01,0,Double,No_Top,522,151517
result_SELECT_10_Heisenberg2D_cylinder_0.5_0.5_4,inner,1,random,0,2,Proj,No_Kink,513,790806
result_SELECT_10_Heisenberg2D_cylinder_0.5_0.5_4,inner,2,SA,0.01,0,Proj,No_MSF,420,17052
result_SELECT_10_Heisenberg2D_cylinder_0.5_0.5_4,inner,2,SA,0.01,0,Double,No_Kink,523,228318
result_SELECT_10_Heisenberg2D_cylinder_0.5_0.5_4,inner,2,SA,0.001,2,Single,Yes_Kink,574,253794
result_SELECT_10_Heisenberg2D_cylinder_0.5_0.5_4,inner,2,SA,0.01,0,Proj,No_Top,420,36636
result_SELECT_10_Heisenberg2D_cylinder_0.5_0.5_4,inner,1,random,0,2,Proj,Yes_Kink,536,806772
result_SELECT_10_Heisenberg2D_cylinder_0.5_0.5_4,inner,2,SA,0.01,0,Single,No_MSF,571,145925
result_SELECT_10_Heisenberg2D_cylinder_0.5_0.5_4,inner,2,SA,0.01,0,Double,Yes_Kink,541,229696
result_SELECT_10_Heisenberg2D_cylinder_0.5_0.5_4,inner,2,SA,0.01,0,Single,No_Top,571,165457
result_SELECT_10_Heisenberg2D_cylinder_0.5_0.5_4,inner,2,SA,0.01,1,Double,No_MSF,522,131933
result_SELECT_10_Heisenberg2D_cylinder_0.5_0.5_4,inner,2,SA,0.01,1,Double,No_Top,522,151413
result_SELECT_10_Heisenberg2D_cylinder_0.5_0.5_4,inner,2,SA,0.01,0,Single,No_Kink,575,226939
result_SELECT_10_Heisenberg2D_cylinder_0.5_0.5_4,inner,2,SA,0.001,0,Proj,No_Kink,438,729224
result_SELECT_10_Heisenberg2D_cylinder_0.5_0.5_4,inner,2,SA,0.01,1,Proj,No_MSF,420,17052
result_SELECT_10_Heisenberg2D_cylinder_0.5_0.5_4,inner,2,SA,0.01,0,Single,Yes_Kink,578,243659
result_SELECT_10_Heisenberg2D_cylinder_0.5_0.5_4,inner,2,SA,0.01,1,Proj,No_Top,420,36636
result_SELECT_10_Heisenberg2D_cylinder_0.5_0.5_4,inner,2,SA,0.01,1,Double,No_Kink,523,230930
result_SELECT_10_Heisenberg2D_cylinder_0.5_0.5_4,inner,2,SA,0.001,0,Proj,Yes_Kink,438,714342
result_SELECT_10_Heisenberg2D_cylinder_0.5_0.5_4,inner,2,SA,0.01,1,Double,Yes_Kink,542,233968
result_SELECT_10_Heisenberg2D_cylinder_0.5_0.5_4,inner,2,SA,0.01,1,Single,No_MSF,571,145925
result_SELECT_10_Heisenberg2D_cylinder_0.5_0.5_4,inner,2,SA,0.01,1,Single,No_Top,571,165265
result_SELECT_10_Heisenberg2D_cylinder_0.5_0.5_4,inner,2,SA,0.01,2,Double,No_MSF,522,131933
result_SELECT_10_Heisenberg2D_cylinder_0.5_0.5_4,inner,2,SA,0.01,1,Single,No_Kink,576,229109
result_SELECT_10_Heisenberg2D_cylinder_0.5_0.5_4,inner,2,SA,0.01,2,Double,No_Top,522,151283
result_SELECT_10_Heisenberg2D_cylinder_0.5_0.5_4,inner,2,SA,0.01,2,Proj,No_MSF,420,17052
result_SELECT_10_Heisenberg2D_cylinder_0.5_0.5_4,inner,2,SA,0.001,1,Proj,No_Kink,438,727708
result_SELECT_10_Heisenberg2D_cylinder_0.5_0.5_4,inner,2,SA,0.01,2,Proj,No_Top,420,36636
result_SELECT_10_Heisenberg2D_cylinder_0.5_0.5_4,inner,2,SA,0.01,1,Single,Yes_Kink,579,246076
result_SELECT_10_Heisenberg2D_cylinder_0.5_0.5_4,inner,2,SA,0.01,2,Double,No_Kink,523,236800
result_SELECT_10_Heisenberg2D_cylinder_0.5_0.5_4,inner,2,SA,0.01,2,Single,No_MSF,571,145925
result_SELECT_10_Heisenberg2D_cylinder_0.5_0.5_4,inner,2,SA,0.001,1,Proj,Yes_Kink,438,714418
result_SELECT_10_Heisenberg2D_cylinder_0.5_0.5_4,inner,2,SA,0.01,2,Double,Yes_Kink,542,238090
result_SELECT_10_Heisenberg2D_cylinder_0.5_0.5_4,inner,2,SA,0.01,2,Single,No_Top,571,165073
result_SELECT_10_Heisenberg2D_cylinder_0.5_0.5_4,inner,2,SA,0.01,2,Single,No_Kink,575,234536
result_SELECT_10_Heisenberg2D_cylinder_0.5_0.5_4,inner,2,SA,0.1,0,Double,No_MSF,522,131933
result_SELECT_10_Heisenberg2D_cylinder_0.5_0.5_4,inner,2,SA,0.1,0,Double,No_Top,522,151517
result_SELECT_10_Heisenberg2D_cylinder_0.5_0.5_4,inner,2,SA,0.1,0,Proj,No_MSF,420,17052
result_SELECT_10_Heisenberg2D_cylinder_0.5_0.5_4,inner,2,SA,0.001,2,Proj,No_Kink,439,730996
result_SELECT_10_Heisenberg2D_cylinder_0.5_0.5_4,inner,2,SA,0.001,2,Proj,Yes_Kink,439,714701
result_SELECT_10_Heisenberg2D_cylinder_0.5_0.5_4,inner,2,SA,0.1,0,Double,No_Kink,522,223428
result_SELECT_10_Heisenberg2D_cylinder_0.5_0.5_4,inner,2,SA,0.1,0,Proj,No_Top,420,36636
result_SELECT_10_Heisenberg2D_cylinder_0.5_0.5_4,inner,2,SA,0.01,2,Single,Yes_Kink,578,251599
result_SELECT_10_Heisenberg2D_cylinder_0.5_0.5_4,inner,2,SA,0.1,0,Double,Yes_Kink,542,225296
result_SELECT_10_Heisenberg2D_cylinder_0.5_0.5_4,inner,2,SA,0.1,0,Single,No_Top,571,165457
result_SELECT_10_Heisenberg2D_cylinder_0.5_0.5_4,inner,2,SA,0.1,0,Single,No_MSF,571,145925
result_SELECT_10_Heisenberg2D_cylinder_0.5_0.5_4,inner,2,SA,0.1,1,Double,No_MSF,522,131933
result_SELECT_10_Heisenberg2D_cylinder_0.5_0.5_4,inner,2,SA,0.1,0,Single,No_Kink,572,221402
result_SELECT_10_Heisenberg2D_cylinder_0.5_0.5_4,inner,2,SA,0.1,1,Double,No_Top,522,151413
result_SELECT_10_Heisenberg2D_cylinder_0.5_0.5_4,inner,2,SA,0.1,1,Proj,No_MSF,420,17052
result_SELECT_10_Heisenberg2D_cylinder_0.5_0.5_4,inner,2,SA,0.01,0,Proj,No_Kink,435,722168
result_SELECT_10_Heisenberg2D_cylinder_0.5_0.5_4,inner,2,SA,0.01,0,Proj,Yes_Kink,436,709459
result_SELECT_10_Heisenberg2D_cylinder_0.5_0.5_4,inner,2,SA,0.1,1,Proj,No_Top,420,36636
result_SELECT_10_Heisenberg2D_cylinder_0.5_0.5_4,inner,2,SA,0.1,0,Single,Yes_Kink,572,233247
result_SELECT_10_Heisenberg2D_cylinder_0.5_0.5_4,inner,2,SA,0.1,1,Single,No_MSF,571,145925
result_SELECT_10_Heisenberg2D_cylinder_0.5_0.5_4,inner,2,SA,0.1,1,Double,No_Kink,522,225255
result_SELECT_10_Heisenberg2D_cylinder_0.5_0.5_4,inner,2,SA,0.1,1,Double,Yes_Kink,542,227716
result_SELECT_10_Heisenberg2D_cylinder_0.5_0.5_4,inner,2,SA,0.1,1,Single,No_Top,571,165265
result_SELECT_10_Heisenberg2D_cylinder_0.5_0.5_4,inner,2,SA,0.1,1,Single,No_Kink,572,223164
result_SELECT_10_Heisenberg2D_cylinder_0.5_0.5_4,inner,2,SA,0.1,2,Double,No_MSF,522,131933
result_SELECT_10_Heisenberg2D_cylinder_0.5_0.5_4,inner,2,SA,0.1,2,Double,No_Top,522,151283
result_SELECT_10_Heisenberg2D_cylinder_0.5_0.5_4,inner,2,SA,0.1,1,Single,Yes_Kink,572,234413
result_SELECT_10_Heisenberg2D_cylinder_0.5_0.5_4,inner,2,SA,0.01,1,Proj,No_Kink,435,722735
result_SELECT_10_Heisenberg2D_cylinder_0.5_0.5_4,inner,2,SA,0.1,2,Proj,No_MSF,420,17052
result_SELECT_10_Heisenberg2D_cylinder_0.5_0.5_4,inner,2,SA,0.1,2,Proj,No_Top,420,36636
result_SELECT_10_Heisenberg2D_cylinder_0.5_0.5_4,inner,2,SA,0.1,2,Double,No_Kink,522,230737
result_SELECT_10_Heisenberg2D_cylinder_0.5_0.5_4,inner,2,SA,0.1,2,Single,No_MSF,571,145925
result_SELECT_10_Heisenberg2D_cylinder_0.5_0.5_4,inner,2,SA,0.01,1,Proj,Yes_Kink,437,712005
result_SELECT_10_Heisenberg2D_cylinder_0.5_0.5_4,inner,2,SA,0.1,2,Single,No_Top,571,165073
result_SELECT_10_Heisenberg2D_cylinder_0.5_0.5_4,inner,2,SA,0.1,2,Single,No_Kink,574,228909
result_SELECT_10_Heisenberg2D_cylinder_0.5_0.5_4,inner,2,SA,0.1,2,Double,Yes_Kink,543,232730
result_SELECT_10_Heisenberg2D_cylinder_0.5_0.5_4,inner,2,SA,0.01,2,Proj,No_Kink,438,724966
result_SELECT_10_Heisenberg2D_cylinder_0.5_0.5_4,inner,2,SA,1,0,Double,No_MSF,522,131933
result_SELECT_10_Heisenberg2D_cylinder_0.5_0.5_4,inner,2,SA,1,0,Double,No_Top,522,151517
result_SELECT_10_Heisenberg2D_cylinder_0.5_0.5_4,inner,2,SA,1,0,Double,No_Kink,522,222277
result_SELECT_10_Heisenberg2D_cylinder_0.5_0.5_4,inner,2,SA,0.01,2,Proj,Yes_Kink,438,713296
result_SELECT_10_Heisenberg2D_cylinder_0.5_0.5_4,inner,2,SA,1,0,Proj,No_MSF,420,17052
result_SELECT_10_Heisenberg2D_cylinder_0.5_0.5_4,inner,2,SA,1,0,Proj,No_Top,420,36636
result_SELECT_10_Heisenberg2D_cylinder_0.5_0.5_4,inner,2,SA,1,0,Single,No_MSF,571,145925
result_SELECT_10_Heisenberg2D_cylinder_0.5_0.5_4,inner,2,SA,0.1,2,Single,Yes_Kink,572,240805
result_SELECT_10_Heisenberg2D_cylinder_0.5_0.5_4,inner,2,SA,1,0,Single,No_Top,571,165457
result_SELECT_10_Heisenberg2D_cylinder_0.5_0.5_4,inner,2,SA,1,0,Double,Yes_Kink,541,224557
result_SELECT_10_Heisenberg2D_cylinder_0.5_0.5_4,inner,2,SA,1,0,Single,No_Kink,572,219947
result_SELECT_10_Heisenberg2D_cylinder_0.5_0.5_4,inner,2,SA,1,1,Double,No_MSF,522,131933
result_SELECT_10_Heisenberg2D_cylinder_0.5_0.5_4,inner,2,SA,0.1,0,Proj,No_Kink,435,704246
result_SELECT_10_Heisenberg2D_cylinder_0.5_0.5_4,inner,2,SA,0.1,0,Proj,Yes_Kink,434,695526
result_SELECT_10_Heisenberg2D_cylinder_0.5_0.5_4,inner,2,SA,1,1,Double,No_Top,522,151413
result_SELECT_10_Heisenberg2D_cylinder_0.5_0.5_4,inner,2,SA,1,0,Single,Yes_Kink,573,232985
result_SELECT_10_Heisenberg2D_cylinder_0.5_0.5_4,inner,2,SA,1,1,Proj,No_MSF,420,17052
result_SELECT_10_Heisenberg2D_cylinder_0.5_0.5_4,inner,2,SA,1,1,Double,No_Kink,522,224654
result_SELECT_10_Heisenberg2D_cylinder_0.5_0.5_4,inner,2,SA,1,1,Proj,No_Top,420,36636
result_SELECT_10_Heisenberg2D_cylinder_0.5_0.5_4,inner,2,SA,1,1,Single,No_MSF,571,145925
result_SELECT_10_Heisenberg2D_cylinder_0.5_0.5_4,inner,2,SA,1,1,Double,Yes_Kink,541,226361
result_SELECT_10_Heisenberg2D_cylinder_0.5_0.5_4,inner,2,SA,1,1,Single,No_Top,571,165265
result_SELECT_10_Heisenberg2D_cylinder_0.5_0.5_4,inner,2,SA,1,2,Double,No_MSF,522,131933
result_SELECT_10_Heisenberg2D_cylinder_0.5_0.5_4,inner,2,SA,1,1,Single,No_Kink,572,221564
result_SELECT_10_Heisenberg2D_cylinder_0.5_0.5_4,inner,2,SA,1,2,Double,No_Top,522,151283
result_SELECT_10_Heisenberg2D_cylinder_0.5_0.5_4,inner,2,SA,1,2,Proj,No_MSF,420,17052
result_SELECT_10_Heisenberg2D_cylinder_0.5_0.5_4,inner,2,SA,1,1,Single,Yes_Kink,573,234688
result_SELECT_10_Heisenberg2D_cylinder_0.5_0.5_4,inner,2,SA,0.1,1,Proj,Yes_Kink,439,690353
result_SELECT_10_Heisenberg2D_cylinder_0.5_0.5_4,inner,2,SA,1,2,Proj,No_Top,420,36636
result_SELECT_10_Heisenberg2D_cylinder_0.5_0.5_4,inner,2,SA,0.1,1,Proj,No_Kink,438,707189
result_SELECT_10_Heisenberg2D_cylinder_0.5_0.5_4,inner,2,SA,1,2,Single,No_MSF,571,145925
result_SELECT_10_Heisenberg2D_cylinder_0.5_0.5_4,inner,2,SA,1,2,Double,Yes_Kink,541,231821
result_SELECT_10_Heisenberg2D_cylinder_0.5_0.5_4,inner,2,SA,1,2,Double,No_Kink,522,230452
result_SELECT_10_Heisenberg2D_cylinder_0.5_0.5_4,inner,2,SA,1,2,Single,No_Top,571,165073
result_SELECT_10_Heisenberg2D_cylinder_0.5_0.5_4,inner,2,naive,0,0,Double,No_MSF,522,131933
result_SELECT_10_Heisenberg2D_cylinder_0.5_0.5_4,inner,2,SA,0.1,2,Proj,No_Kink,437,710576
result_SELECT_10_Heisenberg2D_cylinder_0.5_0.5_4,inner,2,naive,0,0,Double,No_Top,522,151517
result_SELECT_10_Heisenberg2D_cylinder_0.5_0.5_4,inner,2,SA,1,2,Single,No_Kink,572,228224
result_SELECT_10_Heisenberg2D_cylinder_0.5_0.5_4,inner,2,naive,0,0,Proj,No_MSF,420,17052
result_SELECT_10_Heisenberg2D_cylinder_0.5_0.5_4,inner,2,naive,0,0,Proj,No_Top,420,36636
result_SELECT_10_Heisenberg2D_cylinder_0.5_0.5_4,inner,2,SA,1,2,Single,Yes_Kink,573,240882
result_SELECT_10_Heisenberg2D_cylinder_0.5_0.5_4,inner,2,naive,0,0,Single,No_MSF,571,145925
result_SELECT_10_Heisenberg2D_cylinder_0.5_0.5_4,inner,2,SA,0.1,2,Proj,Yes_Kink,440,693207
result_SELECT_10_Heisenberg2D_cylinder_0.5_0.5_4,inner,2,naive,0,0,Single,No_Top,571,165457
result_SELECT_10_Heisenberg2D_cylinder_0.5_0.5_4,inner,2,naive,0,1,Double,No_MSF,522,131933
result_SELECT_10_Heisenberg2D_cylinder_0.5_0.5_4,inner,2,SA,1,0,Proj,Yes_Kink,432,696972
result_SELECT_10_Heisenberg2D_cylinder_0.5_0.5_4,inner,2,naive,0,1,Double,No_Top,522,151413
result_SELECT_10_Heisenberg2D_cylinder_0.5_0.5_4,inner,2,naive,0,1,Proj,No_MSF,420,17052
result_SELECT_10_Heisenberg2D_cylinder_0.5_0.5_4,inner,2,naive,0,1,Proj,No_Top,420,36636
result_SELECT_10_Heisenberg2D_cylinder_0.5_0.5_4,inner,2,naive,0,0,Double,No_Kink,805,474765
result_SELECT_10_Heisenberg2D_cylinder_0.5_0.5_4,inner,2,SA,1,0,Proj,No_Kink,434,709321
result_SELECT_10_Heisenberg2D_cylinder_0.5_0.5_4,inner,2,SA,1,1,Proj,No_Kink,434,710995
result_SELECT_10_Heisenberg2D_cylinder_0.5_0.5_4,inner,2,naive,0,0,Double,Yes_Kink,803,469117
result_SELECT_10_Heisenberg2D_cylinder_0.5_0.5_4,inner,2,SA,1,1,Proj,Yes_Kink,436,695517
result_SELECT_10_Heisenberg2D_cylinder_0.5_0.5_4,inner,2,naive,0,1,Single,No_MSF,571,145925
result_SELECT_10_Heisenberg2D_cylinder_0.5_0.5_4,inner,2,naive,0,1,Single,No_Top,571,165265
result_SELECT_10_Heisenberg2D_cylinder_0.5_0.5_4,inner,2,naive,0,0,Single,No_Kink,905,488595
result_SELECT_10_Heisenberg2D_cylinder_0.5_0.5_4,inner,2,naive,0,2,Double,No_MSF,522,131933
result_SELECT_10_Heisenberg2D_cylinder_0.5_0.5_4,inner,2,naive,0,2,Double,No_Top,522,151283
result_SELECT_10_Heisenberg2D_cylinder_0.5_0.5_4,inner,2,naive,0,0,Single,Yes_Kink,894,500373
result_SELECT_10_Heisenberg2D_cylinder_0.5_0.5_4,inner,2,naive,0,1,Double,No_Kink,799,469113
result_SELECT_10_Heisenberg2D_cylinder_0.5_0.5_4,inner,2,naive,0,2,Proj,No_MSF,420,17052
result_SELECT_10_Heisenberg2D_cylinder_0.5_0.5_4,inner,2,naive,0,2,Proj,No_Top,420,36636
result_SELECT_10_Heisenberg2D_cylinder_0.5_0.5_4,inner,2,SA,1,2,Proj,Yes_Kink,436,698281
result_SELECT_10_Heisenberg2D_cylinder_0.5_0.5_4,inner,2,naive,0,1,Double,Yes_Kink,810,477474
result_SELECT_10_Heisenberg2D_cylinder_0.5_0.5_4,inner,2,naive,0,2,Single,No_MSF,571,145925
result_SELECT_10_Heisenberg2D_cylinder_0.5_0.5_4,inner,2,SA,1,2,Proj,No_Kink,436,713578
result_SELECT_10_Heisenberg2D_cylinder_0.5_0.5_4,inner,2,naive,0,2,Single,No_Top,571,165073
result_SELECT_10_Heisenberg2D_cylinder_0.5_0.5_4,inner,2,naive,0,1,Single,No_Kink,893,484877
result_SELECT_10_Heisenberg2D_cylinder_0.5_0.5_4,inner,2,random,0,0,Double,No_MSF,522,131933
result_SELECT_10_Heisenberg2D_cylinder_0.5_0.5_4,inner,2,random,0,0,Double,No_Top,522,151517
result_SELECT_10_Heisenberg2D_cylinder_0.5_0.5_4,inner,2,naive,0,1,Single,Yes_Kink,880,496005
result_SELECT_10_Heisenberg2D_cylinder_0.5_0.5_4,inner,2,random,0,0,Proj,No_MSF,420,17052
result_SELECT_10_Heisenberg2D_cylinder_0.5_0.5_4,inner,2,random,0,0,Proj,No_Top,420,36636
result_SELECT_10_Heisenberg2D_cylinder_0.5_0.5_4,inner,2,naive,0,2,Double,No_Kink,804,481246
result_SELECT_10_Heisenberg2D_cylinder_0.5_0.5_4,inner,2,naive,0,2,Double,Yes_Kink,813,489988
result_SELECT_10_Heisenberg2D_cylinder_0.5_0.5_4,inner,2,random,0,0,Single,No_MSF,571,145925
result_SELECT_10_Heisenberg2D_cylinder_0.5_0.5_4,inner,2,random,0,0,Single,No_Top,571,165457
result_SELECT_10_Heisenberg2D_cylinder_0.5_0.5_4,inner,2,naive,0,2,Single,No_Kink,903,496830
result_SELECT_10_Heisenberg2D_cylinder_0.5_0.5_4,inner,2,random,0,1,Double,No_MSF,522,131933
result_SELECT_10_Heisenberg2D_cylinder_0.5_0.5_4,inner,2,random,0,0,Double,No_Kink,541,386862
result_SELECT_10_Heisenberg2D_cylinder_0.5_0.5_4,inner,2,random,0,1,Double,No_Top,522,151413
result_SELECT_10_Heisenberg2D_cylinder_0.5_0.5_4,inner,2,naive,0,2,Single,Yes_Kink,890,508125
result_SELECT_10_Heisenberg2D_cylinder_0.5_0.5_4,inner,2,random,0,0,Double,Yes_Kink,547,390487
result_SELECT_10_Heisenberg2D_cylinder_0.5_0.5_4,inner,2,random,0,1,Proj,No_MSF,420,17052
result_SELECT_10_Heisenberg2D_cylinder_0.5_0.5_4,inner,2,random,0,1,Proj,No_Top,420,36636
result_SELECT_10_Heisenberg2D_cylinder_0.5_0.5_4,inner,2,naive,0,0,Proj,Yes_Kink,660,1109018
result_SELECT_10_Heisenberg2D_cylinder_0.5_0.5_4,inner,2,random,0,1,Single,No_MSF,571,145925
result_SELECT_10_Heisenberg2D_cylinder_0.5_0.5_4,inner,2,random,0,0,Single,No_Kink,591,396961
result_SELECT_10_Heisenberg2D_cylinder_0.5_0.5_4,inner,2,naive,0,0,Proj,No_Kink,645,1104191
result_SELECT_10_Heisenberg2D_cylinder_0.5_0.5_4,inner,2,random,0,0,Single,Yes_Kink,589,403848
result_SELECT_10_Heisenberg2D_cylinder_0.5_0.5_4,inner,2,random,0,1,Single,No_Top,571,165265
result_SELECT_10_Heisenberg2D_cylinder_0.5_0.5_4,inner,2,random,0,1,Double,No_Kink,538,387659
result_SELECT_10_Heisenberg2D_cylinder_0.5_0.5_4,inner,2,random,0,2,Double,No_MSF,522,131933
result_SELECT_10_Heisenberg2D_cylinder_0.5_0.5_4,inner,2,random,0,2,Double,No_Top,522,151283
result_SELECT_10_Heisenberg2D_cylinder_0.5_0.5_4,inner,2,random,0,2,Proj,No_MSF,420,17052
result_SELECT_10_Heisenberg2D_cylinder_0.5_0.5_4,inner,2,random,0,1,Double,Yes_Kink,548,390732
result_SELECT_10_Heisenberg2D_cylinder_0.5_0.5_4,inner,2,naive,0,1,Proj,No_Kink,657,1120143
result_SELECT_10_Heisenberg2D_cylinder_0.5_0.5_4,inner,2,random,0,2,Proj,No_Top,420,36636
result_SELECT_10_Heisenberg2D_cylinder_0.5_0.5_4,inner,2,random,0,1,Single,No_Kink,588,397204
result_SELECT_10_Heisenberg2D_cylinder_0.5_0.5_4,inner,2,naive,0,1,Proj,Yes_Kink,670,1121192
result_SELECT_10_Heisenberg2D_cylinder_0.5_0.5_4,inner,2,random,0,2,Single,No_MSF,571,145925
result_SELECT_10_Heisenberg2D_cylinder_0.5_0.5_4,inner,2,random,0,2,Single,No_Top,571,165073
result_SELECT_10_Heisenberg2D_cylinder_0.5_0.5_4,inner,2,random,0,0,Proj,No_Kink,457,774585
result_SELECT_10_Heisenberg2D_cylinder_0.5_0.5_4,outer,1,SA,0.001,0,Double,No_MSF,522,131933
result_SELECT_10_Heisenberg2D_cylinder_0.5_0.5_4,inner,2,random,0,1,Single,Yes_Kink,590,404807
result_SELECT_10_Heisenberg2D_cylinder_0.5_0.5_4,outer,1,SA,0.001,0,Double,No_Top,522,151517
result_SELECT_10_Heisenberg2D_cylinder_0.5_0.5_4,inner,2,random,0,2,Double,No_Kink,529,391037
result_SELECT_10_Heisenberg2D_cylinder_0.5_0.5_4,inner,2,random,0,0,Proj,Yes_Kink,473,759967
result_SELECT_10_Heisenberg2D_cylinder_0.5_0.5_4,inner,2,naive,0,2,Proj,No_Kink,668,1139354
result_SELECT_10_Heisenberg2D_cylinder_0.5_0.5_4,outer,1,SA,0.001,0,Proj,No_MSF,420,17052
result_SELECT_10_Heisenberg2D_cylinder_0.5_0.5_4,outer,1,SA,0.001,0,Proj,No_Top,420,36636
result_SELECT_10_Heisenberg2D_cylinder_0.5_0.5_4,inner,2,random,0,2,Double,Yes_Kink,547,393577
result_SELECT_10_Heisenberg2D_cylinder_0.5_0.5_4,outer,1,SA,0.001,0,Double,No_Kink,527,269991
result_SELECT_10_Heisenberg2D_cylinder_0.5_0.5_4,outer,1,SA,0.001,0,Single,No_MSF,571,145925
result_SELECT_10_Heisenberg2D_cylinder_0.5_0.5_4,inner,2,naive,0,2,Proj,Yes_Kink,690,1153430
result_SELECT_10_Heisenberg2D_cylinder_0.5_0.5_4,outer,1,SA,0.001,0,Single,No_Top,571,165457
result_SELECT_10_Heisenberg2D_cylinder_0.5_0.5_4,outer,1,SA,0.001,1,Double,No_MSF,522,131933
result_SELECT_10_Heisenberg2D_cylinder_0.5_0.5_4,outer,1,SA,0.001,0,Double,Yes_Kink,538,271275
result_SELECT_10_Heisenberg2D_cylinder_0.5_0.5_4,outer,1,SA,0.001,1,Double,No_Top,522,151413
result_SELECT_10_Heisenberg2D_cylinder_0.5_0.5_4,inner,2,random,0,2,Single,No_Kink,589,400882
result_SELECT_10_Heisenberg2D_cylinder_0.5_0.5_4,outer,1,SA,0.001,1,Proj,No_MSF,420,17052
result_SELECT_10_Heisenberg2D_cylinder_0.5_0.5_4,outer,1,SA,0.001,0,Single,No_Kink,579,273915
result_SELECT_10_Heisenberg2D_cylinder_0.5_0.5_4,outer,1,SA,0.001,1,Proj,No_Top,420,36636
result_SELECT_10_Heisenberg2D_cylinder_0.5_0.5_4,inner,2,random,0,1,Proj,No_Kink,466,772863
result_SELECT_10_Heisenberg2D_cylinder_0.5_0.5_4,inner,2,random,0,2,Single,Yes_Kink,588,407354
result_SELECT_10_Heisenberg2D_cylinder_0.5_0.5_4,outer,1,SA,0.001,1,Single,No_MSF,571,145925
result_SELECT_10_Heisenberg2D_cylinder_0.5_0.5_4,inner,2,random,0,1,Proj,Yes_Kink,473,761323
result_SELECT_10_Heisenberg2D_cylinder_0.5_0.5_4,outer,1,SA,0.001,1,Single,No_Top,571,165265
result_SELECT_10_Heisenberg2D_cylinder_0.5_0.5_4,outer,1,SA,0.001,2,Double,No_MSF,522,131933
result_SELECT_10_Heisenberg2D_cylinder_0.5_0.5_4,outer,1,SA,0.001,1,Double,No_Kink,530,271430
result_SELECT_10_Heisenberg2D_cylinder_0.5_0.5_4,outer,1,SA,0.001,2,Double,No_Top,522,151283
result_SELECT_10_Heisenberg2D_cylinder_0.5_0.5_4,outer,1,SA,0.001,1,Double,Yes_Kink,531,273164
result_SELECT_10_Heisenberg2D_cylinder_0.5_0.5_4,outer,1,SA,0.001,2,Proj,No_Top,420,36636
result_SELECT_10_Heisenberg2D_cylinder_0.5_0.5_4,outer,1,SA,0.001,2,Proj,No_MSF,420,17052
result_SELECT_10_Heisenberg2D_cylinder_0.5_0.5_4,outer,1,SA,0.001,2,Single,No_MSF,571,145925
result_SELECT_10_Heisenberg2D_cylinder_0.5_0.5_4,outer,1,SA,0.001,1,Single,No_Kink,579,274687
result_SELECT_10_Heisenberg2D_cylinder_0.5_0.5_4,outer,1,SA,0.001,2,Single,No_Top,571,165073
result_SELECT_10_Heisenberg2D_cylinder_0.5_0.5_4,outer,1,SA,0.001,2,Double,No_Kink,524,274799
result_SELECT_10_Heisenberg2D_cylinder_0.5_0.5_4,outer,1,SA,0.01,0,Double,No_MSF,522,131933
result_SELECT_10_Heisenberg2D_cylinder_0.5_0.5_4,outer,1,SA,0.001,2,Double,Yes_Kink,534,277257
result_SELECT_10_Heisenberg2D_cylinder_0.5_0.5_4,outer,1,SA,0.01,0,Double,No_Top,522,151517
result_SELECT_10_Heisenberg2D_cylinder_0.5_0.5_4,inner,2,random,0,2,Proj,No_Kink,469,773882
result_SELECT_10_Heisenberg2D_cylinder_0.5_0.5_4,outer,1,SA,0.01,0,Proj,No_MSF,420,17052
result_SELECT_10_Heisenberg2D_cylinder_0.5_0.5_4,outer,1,SA,0.01,0,Proj,No_Top,420,36636
result_SELECT_10_Heisenberg2D_cylinder_0.5_0.5_4,outer,1,SA,0.001,2,Single,No_Kink,581,280824
result_SELECT_10_Heisenberg2D_cylinder_0.5_0.5_4,outer,1,SA,0.01,0,Single,No_MSF,571,145925
result_SELECT_10_Heisenberg2D_cylinder_0.5_0.5_4,inner,2,random,0,2,Proj,Yes_Kink,468,763873
result_SELECT_10_Heisenberg2D_cylinder_0.5_0.5_4,outer,1,SA,0.01,0,Double,No_Kink,528,266587
result_SELECT_10_Heisenberg2D_cylinder_0.5_0.5_4,outer,1,SA,0.01,1,Double,No_MSF,522,131933
result_SELECT_10_Heisenberg2D_cylinder_0.5_0.5_4,outer,1,SA,0.01,0,Single,No_Top,571,165457
result_SELECT_10_Heisenberg2D_cylinder_0.5_0.5_4,outer,1,SA,0.01,0,Double,Yes_Kink,532,266824
result_SELECT_10_Heisenberg2D_cylinder_0.5_0.5_4,outer,1,SA,0.01,1,Double,No_Top,522,151413
result_SELECT_10_Heisenberg2D_cylinder_0.5_0.5_4,outer,1,SA,0.01,1,Proj,No_MSF,420,17052
result_SELECT_10_Heisenberg2D_cylinder_0.5_0.5_4,outer,1,SA,0.01,0,Single,No_Kink,584,269190
result_SELECT_10_Heisenberg2D_cylinder_0.5_0.5_4,outer,1,SA,0.01,1,Proj,No_Top,420,36636
result_SELECT_10_Heisenberg2D_cylinder_0.5_0.5_4,outer,1,SA,0.001,0,Proj,No_Kink,444,708742
result_SELECT_10_Heisenberg2D_cylinder_0.5_0.5_4,outer,1,SA,0.001,0,Proj,Yes_Kink,448,698866
result_SELECT_10_Heisenberg2D_cylinder_0.5_0.5_4,outer,1,SA,0.01,1,Double,No_Kink,529,267415
result_SELECT_10_Heisenberg2D_cylinder_0.5_0.5_4,outer,1,SA,0.01,1,Single,No_MSF,571,145925
result_SELECT_10_Heisenberg2D_cylinder_0.5_0.5_4,outer,1,SA,0.01,1,Single,No_Top,571,165265
result_SELECT_10_Heisenberg2D_cylinder_0.5_0.5_4,outer,1,SA,0.01,2,Double,No_MSF,522,131933
result_SELECT_10_Heisenberg2D_cylinder_0.5_0.5_4,outer,1,SA,0.01,2,Double,No_Top,522,151283
result_SELECT_10_Heisenberg2D_cylinder_0.5_0.5_4,outer,1,SA,0.01,1,Double,Yes_Kink,530,268112
result_SELECT_10_Heisenberg2D_cylinder_0.5_0.5_4,outer,1,SA,0.01,2,Proj,No_MSF,420,17052
result_SELECT_10_Heisenberg2D_cylinder_0.5_0.5_4,outer,1,SA,0.01,2,Proj,No_Top,420,36636
result_SELECT_10_Heisenberg2D_cylinder_0.5_0.5_4,outer,1,SA,0.001,1,Proj,No_Kink,445,707194
result_SELECT_10_Heisenberg2D_cylinder_0.5_0.5_4,outer,1,SA,0.01,1,Single,No_Kink,584,269624
result_SELECT_10_Heisenberg2D_cylinder_0.5_0.5_4,outer,1,SA,0.001,1,Proj,Yes_Kink,451,698525
result_SELECT_10_Heisenberg2D_cylinder_0.5_0.5_4,outer,1,SA,0.01,2,Single,No_MSF,571,145925
result_SELECT_10_Heisenberg2D_cylinder_0.5_0.5_4,outer,1,SA,0.01,2,Double,No_Kink,526,270362
result_SELECT_10_Heisenberg2D_cylinder_0.5_0.5_4,outer,1,SA,0.01,2,Single,No_Top,571,165073
result_SELECT_10_Heisenberg2D_cylinder_0.5_0.5_4,outer,1,SA,0.1,0,Double,No_MSF,522,131933
result_SELECT_10_Heisenberg2D_cylinder_0.5_0.5_4,outer,1,SA,0.1,0,Double,No_Top,522,151517
result_SELECT_10_Heisenberg2D_cylinder_0.5_0.5_4,outer,1,SA,0.01,2,Double,Yes_Kink,531,272349
result_SELECT_10_Heisenberg2D_cylinder_0.5_0.5_4,outer,1,SA,0.001,2,Proj,Yes_Kink,449,694705
result_SELECT_10_Heisenberg2D_cylinder_0.5_0.5_4,outer,1,SA,0.1,0,Proj,No_MSF,420,17052
result_SELECT_10_Heisenberg2D_cylinder_0.5_0.5_4,outer,1,SA,0.001,2,Proj,No_Kink,444,706965
result_SELECT_10_Heisenberg2D_cylinder_0.5_0.5_4,outer,1,SA,0.1,0,Proj,No_Top,420,36636
result_SELECT_10_Heisenberg2D_cylinder_0.5_0.5_4,outer,1,SA,0.01,2,Single,No_Kink,578,273589
result_SELECT_10_Heisenberg2D_cylinder_0.5_0.5_4,outer,1,SA,0.1,0,Single,No_MSF,571,145925
result_SELECT_10_Heisenberg2D_cylinder_0.5_0.5_4,outer,1,SA,0.1,0,Double,No_Kink,526,261225
result_SELECT_10_Heisenberg2D_cylinder_0.5_0.5_4,outer,1,SA,0.1,0,Single,No_Top,571,165457
result_SELECT_10_Heisenberg2D_cylinder_0.5_0.5_4,outer,1,SA,0.1,1,Double,No_MSF,522,131933
result_SELECT_10_Heisenberg2D_cylinder_0.5_0.5_4,outer,1,SA,0.1,0,Double,Yes_Kink,529,259501
result_SELECT_10_Heisenberg2D_cylinder_0.5_0.5_4,outer,1,SA,0.1,1,Double,No_Top,522,151413
result_SELECT_10_Heisenberg2D_cylinder_0.5_0.5_4,outer,1,SA,0.01,0,Proj,No_Kink,441,707578
result_SELECT_10_Heisenberg2D_cylinder_0.5_0.5_4,outer,1,SA,0.1,1,Proj,No_MSF,420,17052
result_SELECT_10_Heisenberg2D_cylinder_0.5_0.5_4,outer,1,SA,0.01,0,Proj,Yes_Kink,447,695304
result_SELECT_10_Heisenberg2D_cylinder_0.5_0.5_4,outer,1,SA,0.1,1,Proj,No_Top,420,36636
result_SELECT_10_Heisenberg2D_cylinder_0.5_0.5_4,outer,1,SA,0.1,0,Single,No_Kink,580,264081
result_SELECT_10_Heisenberg2D_cylinder_0.5_0.5_4,outer,1,SA,0.1,1,Single,No_MSF,571,145925
result_SELECT_10_Heisenberg2D_cylinder_0.5_0.5_4,outer,1,SA,0.1,1,Single,No_Top,571,165265
result_SELECT_10_Heisenberg2D_cylinder_0.5_0.5_4,outer,1,SA,0.1,1,Double,No_Kink,525,260936
result_SELECT_10_Heisenberg2D_cylinder_0.5_0.5_4,outer,1,SA,0.1,2,Double,No_MSF,522,131933
result_SELECT_10_Heisenberg2D_cylinder_0.5_0.5_4,outer,1,SA,0.1,2,Double,No_Top,522,151283
result_SELECT_10_Heisenberg2D_cylinder_0.5_0.5_4,outer,1,SA,0.1,1,Double,Yes_Kink,528,261821
result_SELECT_10_Heisenberg2D_cylinder_0.5_0.5_4,outer,1,SA,0.01,1,Proj,No_Kink,442,705550
result_SELECT_10_Heisenberg2D_cylinder_0.5_0.5_4,outer,1,SA,0.1,2,Proj,No_MSF,420,17052
result_SELECT_10_Heisenberg2D_cylinder_0.5_0.5_4,outer,1,SA,0.1,2,Proj,No_Top,420,36636
result_SELECT_10_Heisenberg2D_cylinder_0.5_0.5_4,outer,1,SA,0.01,1,Proj,Yes_Kink,445,694505
result_SELECT_10_Heisenberg2D_cylinder_0.5_0.5_4,outer,1,SA,0.1,1,Single,No_Kink,577,264544
result_SELECT_10_Heisenberg2D_cylinder_0.5_0.5_4,outer,1,SA,0.1,2,Single,No_MSF,571,145925
result_SELECT_10_Heisenberg2D_cylinder_0.5_0.5_4,outer,1,SA,0.1,2,Double,No_Kink,526,264358
result_SELECT_10_Heisenberg2D_cylinder_0.5_0.5_4,outer,1,SA,0.1,2,Single,No_Top,571,165073
result_SELECT_10_Heisenberg2D_cylinder_0.5_0.5_4,outer,1,SA,1,0,Double,No_MSF,522,131933
result_SELECT_10_Heisenberg2D_cylinder_0.5_0.5_4,outer,1,SA,1,0,Double,No_Top,522,151517
result_SELECT_10_Heisenberg2D_cylinder_0.5_0.5_4,outer,1,SA,0.1,2,Double,Yes_Kink,531,265073
result_SELECT_10_Heisenberg2D_cylinder_0.5_0.5_4,outer,1,SA,0.01,2,Proj,No_Kink,442,705767
result_SELECT_10_Heisenberg2D_cylinder_0.5_0.5_4,outer,1,SA,1,0,Proj,No_MSF,420,17052
result_SELECT_10_Heisenberg2D_cylinder_0.5_0.5_4,outer,1,SA,0.01,2,Proj,Yes_Kink,448,695093
result_SELECT_10_Heisenberg2D_cylinder_0.5_0.5_4,outer,1,SA,0.1,2,Single,No_Kink,577,267118
result_SELECT_10_Heisenberg2D_cylinder_0.5_0.5_4,outer,1,SA,1,0,Proj,No_Top,420,36636
result_SELECT_10_Heisenberg2D_cylinder_0.5_0.5_4,outer,1,SA,1,0,Double,No_Kink,524,248345
result_SELECT_10_Heisenberg2D_cylinder_0.5_0.5_4,outer,1,SA,1,0,Single,No_MSF,571,145925
result_SELECT_10_Heisenberg2D_cylinder_0.5_0.5_4,outer,1,SA,1,0,Single,No_Top,571,165457
result_SELECT_10_Heisenberg2D_cylinder_0.5_0.5_4,outer,1,SA,1,1,Double,No_MSF,522,131933
result_SELECT_10_Heisenberg2D_cylinder_0.5_0.5_4,outer,1,SA,1,1,Double,No_Top,522,151413
result_SELECT_10_Heisenberg2D_cylinder_0.5_0.5_4,outer,1,SA,1,0,Double,Yes_Kink,526,248473
result_SELECT_10_Heisenberg2D_cylinder_0.5_0.5_4,outer,1,SA,1,1,Proj,No_MSF,420,17052
result_SELECT_10_Heisenberg2D_cylinder_0.5_0.5_4,outer,1,SA,1,0,Single,No_Kink,579,249825
result_SELECT_10_Heisenberg2D_cylinder_0.5_0.5_4,outer,1,SA,1,1,Proj,No_Top,420,36636
result_SELECT_10_Heisenberg2D_cylinder_0.5_0.5_4,outer,1,SA,0.1,0,Proj,No_Kink,444,711092
result_SELECT_10_Heisenberg2D_cylinder_0.5_0.5_4,outer,1,SA,1,1,Double,No_Kink,524,248553
result_SELECT_10_Heisenberg2D_cylinder_0.5_0.5_4,outer,1,SA,1,1,Single,No_MSF,571,145925
result_SELECT_10_Heisenberg2D_cylinder_0.5_0.5_4,outer,1,SA,0.1,0,Proj,Yes_Kink,446,699882
result_SELECT_10_Heisenberg2D_cylinder_0.5_0.5_4,outer,1,SA,1,1,Single,No_Top,571,165265
result_SELECT_10_Heisenberg2D_cylinder_0.5_0.5_4,outer,1,SA,1,1,Double,Yes_Kink,527,248992
result_SELECT_10_Heisenberg2D_cylinder_0.5_0.5_4,outer,1,SA,1,2,Double,No_MSF,522,131933
result_SELECT_10_Heisenberg2D_cylinder_0.5_0.5_4,outer,1,SA,1,1,Single,No_Kink,579,249943
result_SELECT_10_Heisenberg2D_cylinder_0.5_0.5_4,outer,1,SA,1,2,Double,No_Top,522,151283
result_SELECT_10_Heisenberg2D_cylinder_0.5_0.5_4,outer,1,SA,1,2,Proj,No_MSF,420,17052
result_SELECT_10_Heisenberg2D_cylinder_0.5_0.5_4,outer,1,SA,1,2,Proj,No_Top,420,36636
result_SELECT_10_Heisenberg2D_cylinder_0.5_0.5_4,outer,1,SA,0.1,1,Proj,No_Kink,445,708861
result_SELECT_10_Heisenberg2D_cylinder_0.5_0.5_4,outer,1,SA,1,2,Single,No_MSF,571,145925
result_SELECT_10_Heisenberg2D_cylinder_0.5_0.5_4,outer,1,SA,1,2,Double,No_Kink,525,251045
result_SELECT_10_Heisenberg2D_cylinder_0.5_0.5_4,outer,1,SA,0.1,1,Proj,Yes_Kink,446,696994
result_SELECT_10_Heisenberg2D_cylinder_0.5_0.5_4,outer,1,SA,1,2,Single,No_Top,571,165073
result_SELECT_10_Heisenberg2D_cylinder_0.5_0.5_4,outer,1,naive,0,0,Double,No_MSF,522,131933
result_SELECT_10_Heisenberg2D_cylinder_0.5_0.5_4,outer,1,SA,1,2,Double,Yes_Kink,528,251676
result_SELECT_10_Heisenberg2D_cylinder_0.5_0.5_4,outer,1,naive,0,0,Double,No_Top,522,151517
result_SELECT_10_Heisenberg2D_cylinder_0.5_0.5_4,outer,1,SA,1,2,Single,No_Kink,579,251549
result_SELECT_10_Heisenberg2D_cylinder_0.5_0.5_4,outer,1,naive,0,0,Proj,No_MSF,420,17052
result_SELECT_10_Heisenberg2D_cylinder_0.5_0.5_4,outer,1,SA,0.1,2,Proj,No_Kink,446,709088
result_SELECT_10_Heisenberg2D_cylinder_0.5_0.5_4,outer,1,naive,0,0,Proj,No_Top,420,36636
result_SELECT_10_Heisenberg2D_cylinder_0.5_0.5_4,outer,1,SA,0.1,2,Proj,Yes_Kink,447,692806
result_SELECT_10_Heisenberg2D_cylinder_0.5_0.5_4,outer,1,naive,0,0,Single,No_MSF,571,145925
result_SELECT_10_Heisenberg2D_cylinder_0.5_0.5_4,outer,1,naive,0,0,Single,No_Top,571,165457
result_SELECT_10_Heisenberg2D_cylinder_0.5_0.5_4,outer,1,naive,0,1,Double,No_MSF,522,131933
result_SELECT_10_Heisenberg2D_cylinder_0.5_0.5_4,outer,1,naive,0,1,Double,No_Top,522,151413
result_SELECT_10_Heisenberg2D_cylinder_0.5_0.5_4,outer,1,naive,0,1,Proj,No_MSF,420,17052
result_SELECT_10_Heisenberg2D_cylinder_0.5_0.5_4,outer,1,SA,1,0,Proj,No_Kink,441,712102
result_SELECT_10_Heisenberg2D_cylinder_0.5_0.5_4,outer,1,naive,0,1,Proj,No_Top,420,36636
result_SELECT_10_Heisenberg2D_cylinder_0.5_0.5_4,outer,1,SA,1,0,Proj,Yes_Kink,445,702385
result_SELECT_10_Heisenberg2D_cylinder_0.5_0.5_4,outer,1,naive,0,1,Single,No_MSF,571,145925
result_SELECT_10_Heisenberg2D_cylinder_0.5_0.5_4,outer,1,naive,0,1,Single,No_Top,571,165265
result_SELECT_10_Heisenberg2D_cylinder_0.5_0.5_4,outer,1,SA,1,1,Proj,No_Kink,441,710078
result_SELECT_10_Heisenberg2D_cylinder_0.5_0.5_4,outer,1,SA,1,1,Proj,Yes_Kink,447,702011
result_SELECT_10_Heisenberg2D_cylinder_0.5_0.5_4,outer,1,naive,0,0,Double,No_Kink,869,564083
result_SELECT_10_Heisenberg2D_cylinder_0.5_0.5_4,outer,1,naive,0,2,Double,No_MSF,522,131933
result_SELECT_10_Heisenberg2D_cylinder_0.5_0.5_4,outer,1,naive,0,0,Double,Yes_Kink,870,564138
result_SELECT_10_Heisenberg2D_cylinder_0.5_0.5_4,outer,1,naive,0,2,Double,No_Top,522,151283
result_SELECT_10_Heisenberg2D_cylinder_0.5_0.5_4,outer,1,naive,0,0,Single,No_Kink,1123,618317
result_SELECT_10_Heisenberg2D_cylinder_0.5_0.5_4,outer,1,naive,0,2,Proj,No_MSF,420,17052
result_SELECT_10_Heisenberg2D_cylinder_0.5_0.5_4,outer,1,naive,0,2,Proj,No_Top,420,36636
result_SELECT_10_Heisenberg2D_cylinder_0.5_0.5_4,outer,1,naive,0,1,Double,No_Kink,867,561456
result_SELECT_10_Heisenberg2D_cylinder_0.5_0.5_4,outer,1,SA,1,2,Proj,No_Kink,442,710444
result_SELECT_10_Heisenberg2D_cylinder_0.5_0.5_4,outer,1,SA,1,2,Proj,Yes_Kink,447,701235
result_SELECT_10_Heisenberg2D_cylinder_0.5_0.5_4,outer,1,naive,0,2,Single,No_MSF,571,145925
result_SELECT_10_Heisenberg2D_cylinder_0.5_0.5_4,outer,1,naive,0,2,Single,No_Top,571,165073
result_SELECT_10_Heisenberg2D_cylinder_0.5_0.5_4,outer,1,naive,0,1,Double,Yes_Kink,863,565252
result_SELECT_10_Heisenberg2D_cylinder_0.5_0.5_4,outer,1,random,0,0,Double,No_MSF,522,131933
result_SELECT_10_Heisenberg2D_cylinder_0.5_0.5_4,outer,1,random,0,0,Double,No_Top,522,151517
result_SELECT_10_Heisenberg2D_cylinder_0.5_0.5_4,outer,1,random,0,0,Proj,No_MSF,420,17052
result_SELECT_10_Heisenberg2D_cylinder_0.5_0.5_4,outer,1,random,0,0,Proj,No_Top,420,36636
result_SELECT_10_Heisenberg2D_cylinder_0.5_0.5_4,outer,1,naive,0,1,Single,No_Kink,1116,621771
result_SELECT_10_Heisenberg2D_cylinder_0.5_0.5_4,outer,1,random,0,0,Single,No_MSF,571,145925
result_SELECT_10_Heisenberg2D_cylinder_0.5_0.5_4,outer,1,naive,0,2,Double,No_Kink,862,566018
result_SELECT_10_Heisenberg2D_cylinder_0.5_0.5_4,outer,1,random,0,0,Single,No_Top,571,165457
result_SELECT_10_Heisenberg2D_cylinder_0.5_0.5_4,outer,1,naive,0,2,Double,Yes_Kink,870,572449
result_SELECT_10_Heisenberg2D_cylinder_0.5_0.5_4,outer,1,random,0,1,Double,No_MSF,522,131933
result_SELECT_10_Heisenberg2D_cylinder_0.5_0.5_4,outer,1,random,0,1,Double,No_Top,522,151413
result_SELECT_10_Heisenberg2D_cylinder_0.5_0.5_4,outer,1,naive,0,2,Single,No_Kink,1122,622831
result_SELECT_10_Heisenberg2D_cylinder_0.5_0.5_4,outer,1,random,0,1,Proj,No_MSF,420,17052
result_SELECT_10_Heisenberg2D_cylinder_0.5_0.5_4,outer,1,random,0,1,Proj,No_Top,420,36636
result_SELECT_10_Heisenberg2D_cylinder_0.5_0.5_4,outer,1,random,0,0,Double,No_Kink,607,570373
result_SELECT_10_Heisenberg2D_cylinder_0.5_0.5_4,outer,1,random,0,0,Double,Yes_Kink,606,573780
result_SELECT_10_Heisenberg2D_cylinder_0.5_0.5_4,outer,1,random,0,1,Single,No_MSF,571,145925
result_SELECT_10_Heisenberg2D_cylinder_0.5_0.5_4,outer,1,random,0,0,Single,No_Kink,912,671914
result_SELECT_10_Heisenberg2D_cylinder_0.5_0.5_4,outer,1,random,0,1,Single,No_Top,571,165265
result_SELECT_10_Heisenberg2D_cylinder_0.5_0.5_4,outer,1,naive,0,0,Proj,No_Kink,872,1349488
result_SELECT_10_Heisenberg2D_cylinder_0.5_0.5_4,outer,1,random,0,2,Double,No_MSF,522,131933
result_SELECT_10_Heisenberg2D_cylinder_0.5_0.5_4,outer,1,random,0,1,Double,No_Kink,609,570010
result_SELECT_10_Heisenberg2D_cylinder_0.5_0.5_4,outer,1,random,0,2,Double,No_Top,522,151283
result_SELECT_10_Heisenberg2D_cylinder_0.5_0.5_4,outer,1,naive,0,0,Proj,Yes_Kink,902,1369171
result_SELECT_10_Heisenberg2D_cylinder_0.5_0.5_4,outer,1,random,0,2,Proj,No_MSF,420,17052
result_SELECT_10_Heisenberg2D_cylinder_0.5_0.5_4,outer,1,random,0,0,Proj,No_Kink,504,789621
result_SELECT_10_Heisenberg2D_cylinder_0.5_0.5_4,outer,1,random,0,2,Proj,No_Top,420,36636
result_SELECT_10_Heisenberg2D_cylinder_0.5_0.5_4,outer,1,random,0,1,Double,Yes_Kink,617,576940
result_SELECT_10_Heisenberg2D_cylinder_0.5_0.5_4,outer,1,random,0,0,Proj,Yes_Kink,514,791291
result_SELECT_10_Heisenberg2D_cylinder_0.5_0.5_4,outer,1,naive,0,1,Proj,No_Kink,875,1355311
result_SELECT_10_Heisenberg2D_cylinder_0.5_0.5_4,outer,1,random,0,2,Single,No_MSF,571,145925
result_SELECT_10_Heisenberg2D_cylinder_0.5_0.5_4,outer,1,random,0,2,Single,No_Top,571,165073
result_SELECT_10_Heisenberg2D_cylinder_0.5_0.5_4,outer,2,SA,0.001,0,Double,No_MSF,522,131933
result_SELECT_10_Heisenberg2D_cylinder_0.5_0.5_4,outer,2,SA,0.001,0,Double,No_Top,522,151517
result_SELECT_10_Heisenberg2D_cylinder_0.5_0.5_4,outer,1,naive,0,1,Proj,Yes_Kink,897,1361661
result_SELECT_10_Heisenberg2D_cylinder_0.5_0.5_4,outer,1,random,0,1,Single,No_Kink,907,671892
result_SELECT_10_Heisenberg2D_cylinder_0.5_0.5_4,outer,2,SA,0.001,0,Proj,No_MSF,420,17052
result_SELECT_10_Heisenberg2D_cylinder_0.5_0.5_4,outer,2,SA,0.001,0,Proj,No_Top,420,36636
result_SELECT_10_Heisenberg2D_cylinder_0.5_0.5_4,outer,2,SA,0.001,0,Double,No_Kink,524,256444
result_SELECT_10_Heisenberg2D_cylinder_0.5_0.5_4,outer,2,SA,0.001,0,Double,Yes_Kink,545,256963
result_SELECT_10_Heisenberg2D_cylinder_0.5_0.5_4,outer,2,SA,0.001,0,Single,No_MSF,571,145925
result_SELECT_10_Heisenberg2D_cylinder_0.5_0.5_4,outer,1,random,0,1,Proj,No_Kink,505,789690
result_SELECT_10_Heisenberg2D_cylinder_0.5_0.5_4,outer,2,SA,0.001,0,Single,No_Top,571,165457
result_SELECT_10_Heisenberg2D_cylinder_0.5_0.5_4,outer,1,random,0,2,Double,No_Kink,611,576406
result_SELECT_10_Heisenberg2D_cylinder_0.5_0.5_4,outer,1,naive,0,2,Proj,No_Kink,871,1347604
result_SELECT_10_Heisenberg2D_cylinder_0.5_0.5_4,outer,1,naive,0,2,Proj,Yes_Kink,896,1360768
result_SELECT_10_Heisenberg2D_cylinder_0.5_0.5_4,outer,2,SA,0.001,0,Single,No_Kink,572,256802
result_SELECT_10_Heisenberg2D_cylinder_0.5_0.5_4,outer,1,random,0,1,Proj,Yes_Kink,514,789667
result_SELECT_10_Heisenberg2D_cylinder_0.5_0.5_4,outer,2,SA,0.001,1,Double,No_MSF,522,131933
result_SELECT_10_Heisenberg2D_cylinder_0.5_0.5_4,outer,2,SA,0.001,1,Double,No_Top,522,151413
result_SELECT_10_Heisenberg2D_cylinder_0.5_0.5_4,outer,1,random,0,2,Double,Yes_Kink,611,578361
result_SELECT_10_Heisenberg2D_cylinder_0.5_0.5_4,outer,2,SA,0.001,1,Proj,No_MSF,420,17052
result_SELECT_10_Heisenberg2D_cylinder_0.5_0.5_4,outer,2,SA,0.001,1,Proj,No_Top,420,36636
result_SELECT_10_Heisenberg2D_cylinder_0.5_0.5_4,outer,2,SA,0.001,1,Single,No_MSF,571,145925
result_SELECT_10_Heisenberg2D_cylinder_0.5_0.5_4,outer,2,SA,0.001,1,Single,No_Top,571,165265
result_SELECT_10_Heisenberg2D_cylinder_0.5_0.5_4,outer,2,SA,0.001,0,Single,Yes_Kink,573,269061
result_SELECT_10_Heisenberg2D_cylinder_0.5_0.5_4,outer,2,SA,0.001,1,Double,No_Kink,522,257250
result_SELECT_10_Heisenberg2D_cylinder_0.5_0.5_4,outer,2,SA,0.001,2,Double,No_MSF,522,131933
result_SELECT_10_Heisenberg2D_cylinder_0.5_0.5_4,outer,2,SA,0.001,1,Double,Yes_Kink,546,258211
result_SELECT_10_Heisenberg2D_cylinder_0.5_0.5_4,outer,2,SA,0.001,2,Double,No_Top,522,151283
result_SELECT_10_Heisenberg2D_cylinder_0.5_0.5_4,outer,1,random,0,2,Single,No_Kink,908,677256
result_SELECT_10_Heisenberg2D_cylinder_0.5_0.5_4,outer,2,SA,0.001,1,Single,No_Kink,572,257084
result_SELECT_10_Heisenberg2D_cylinder_0.5_0.5_4,outer,2,SA,0.001,2,Proj,No_MSF,420,17052
result_SELECT_10_Heisenberg2D_cylinder_0.5_0.5_4,outer,2,SA,0.001,2,Proj,No_Top,420,36636
result_SELECT_10_Heisenberg2D_cylinder_0.5_0.5_4,outer,2,SA,0.001,2,Single,No_MSF,571,145925
result_SELECT_10_Heisenberg2D_cylinder_0.5_0.5_4,outer,2,SA,0.001,1,Single,Yes_Kink,573,269418
result_SELECT_10_Heisenberg2D_cylinder_0.5_0.5_4,outer,2,SA,0.001,2,Single,No_Top,571,165073
result_SELECT_10_Heisenberg2D_cylinder_0.5_0.5_4,outer,2,SA,0.001,2,Double,No_Kink,524,259717
result_SELECT_10_Heisenberg2D_cylinder_0.5_0.5_4,outer,2,SA,0.001,2,Double,Yes_Kink,542,260282
result_SELECT_10_Heisenberg2D_cylinder_0.5_0.5_4,outer,2,SA,0.01,0,Double,No_MSF,522,131933
result_SELECT_10_Heisenberg2D_cylinder_0.5_0.5_4,outer,1,random,0,2,Proj,No_Kink,504,788282
result_SELECT_10_Heisenberg2D_cylinder_0.5_0.5_4,outer,2,SA,0.01,0,Double,No_Top,522,151517
result_SELECT_10_Heisenberg2D_cylinder_0.5_0.5_4,outer,2,SA,0.001,2,Single,No_Kink,572,259980
result_SELECT_10_Heisenberg2D_cylinder_0.5_0.5_4,outer,2,SA,0.01,0,Proj,No_MSF,420,17052
result_SELECT_10_Heisenberg2D_cylinder_0.5_0.5_4,outer,2,SA,0.01,0,Proj,No_Top,420,36636
result_SELECT_10_Heisenberg2D_cylinder_0.5_0.5_4,outer,1,random,0,2,Proj,Yes_Kink,516,790871
result_SELECT_10_Heisenberg2D_cylinder_0.5_0.5_4,outer,2,SA,0.001,2,Single,Yes_Kink,573,272172
result_SELECT_10_Heisenberg2D_cylinder_0.5_0.5_4,outer,2,SA,0.01,0,Double,No_Kink,525,255353
result_SELECT_10_Heisenberg2D_cylinder_0.5_0.5_4,outer,2,SA,0.01,0,Single,No_MSF,571,145925
result_SELECT_10_Heisenberg2D_cylinder_0.5_0.5_4,outer,2,SA,0.01,0,Single,No_Top,571,165457
result_SELECT_10_Heisenberg2D_cylinder_0.5_0.5_4,outer,2,SA,0.01,0,Double,Yes_Kink,539,254937
result_SELECT_10_Heisenberg2D_cylinder_0.5_0.5_4,outer,2,SA,0.01,1,Double,No_MSF,522,131933
result_SELECT_10_Heisenberg2D_cylinder_0.5_0.5_4,outer,2,SA,0.01,1,Double,No_Top,522,151413
result_SELECT_10_Heisenberg2D_cylinder_0.5_0.5_4,outer,2,SA,0.001,0,Proj,No_Kink,436,758550
result_SELECT_10_Heisenberg2D_cylinder_0.5_0.5_4,outer,2,SA,0.01,0,Single,No_Kink,573,254827
result_SELECT_10_Heisenberg2D_cylinder_0.5_0.5_4,outer,2,SA,0.01,1,Proj,No_MSF,420,17052
result_SELECT_10_Heisenberg2D_cylinder_0.5_0.5_4,outer,2,SA,0.001,0,Proj,Yes_Kink,437,746348
result_SELECT_10_Heisenberg2D_cylinder_0.5_0.5_4,outer,2,SA,0.01,1,Proj,No_Top,420,36636
result_SELECT_10_Heisenberg2D_cylinder_0.5_0.5_4,outer,2,SA,0.01,0,Single,Yes_Kink,577,269138
result_SELECT_10_Heisenberg2D_cylinder_0.5_0.5_4,outer,2,SA,0.01,1,Double,No_Kink,524,255859
result_SELECT_10_Heisenberg2D_cylinder_0.5_0.5_4,outer,2,SA,0.01,1,Single,No_MSF,571,145925
result_SELECT_10_Heisenberg2D_cylinder_0.5_0.5_4,outer,2,SA,0.01,1,Single,No_Top,571,165265
result_SELECT_10_Heisenberg2D_cylinder_0.5_0.5_4,outer,2,SA,0.01,1,Double,Yes_Kink,541,256513
result_SELECT_10_Heisenberg2D_cylinder_0.5_0.5_4,outer,2,SA,0.01,2,Double,No_MSF,522,131933
result_SELECT_10_Heisenberg2D_cylinder_0.5_0.5_4,outer,2,SA,0.01,2,Double,No_Top,522,151283
result_SELECT_10_Heisenberg2D_cylinder_0.5_0.5_4,outer,2,SA,0.01,2,Proj,No_MSF,420,17052
result_SELECT_10_Heisenberg2D_cylinder_0.5_0.5_4,outer,2,SA,0.01,1,Single,No_Kink,573,255256
result_SELECT_10_Heisenberg2D_cylinder_0.5_0.5_4,outer,2,SA,0.01,2,Proj,No_Top,420,36636
result_SELECT_10_Heisenberg2D_cylinder_0.5_0.5_4,outer,2,SA,0.001,1,Proj,No_Kink,438,757373
result_SELECT_10_Heisenberg2D_cylinder_0.5_0.5_4,outer,2,SA,0.001,1,Proj,Yes_Kink,438,745176
result_SELECT_10_Heisenberg2D_cylinder_0.5_0.5_4,outer,2,SA,0.01,1,Single,Yes_Kink,577,269501
result_SELECT_10_Heisenberg2D_cylinder_0.5_0.5_4,outer,2,SA,0.01,2,Double,No_Kink,525,258125
result_SELECT_10_Heisenberg2D_cylinder_0.5_0.5_4,outer,2,SA,0.01,2,Single,No_MSF,571,145925
result_SELECT_10_Heisenberg2D_cylinder_0.5_0.5_4,outer,2,SA,0.01,2,Double,Yes_Kink,541,258482
result_SELECT_10_Heisenberg2D_cylinder_0.5_0.5_4,outer,2,SA,0.01,2,Single,No_Top,571,165073
result_SELECT_10_Heisenberg2D_cylinder_0.5_0.5_4,outer,2,SA,0.1,0,Double,No_Top,522,151517
result_SELECT_10_Heisenberg2D_cylinder_0.5_0.5_4,outer,2,SA,0.1,0,Double,No_MSF,522,131933
result_SELECT_10_Heisenberg2D_cylinder_0.5_0.5_4,outer,2,SA,0.001,2,Proj,No_Kink,437,757663
result_SELECT_10_Heisenberg2D_cylinder_0.5_0.5_4,outer,2,SA,0.1,0,Proj,No_MSF,420,17052
result_SELECT_10_Heisenberg2D_cylinder_0.5_0.5_4,outer,2,SA,0.001,2,Proj,Yes_Kink,441,742229
result_SELECT_10_Heisenberg2D_cylinder_0.5_0.5_4,outer,2,SA,0.01,2,Single,No_Kink,574,257380
result_SELECT_10_Heisenberg2D_cylinder_0.5_0.5_4,outer,2,SA,0.1,0,Proj,No_Top,420,36636
result_SELECT_10_Heisenberg2D_cylinder_0.5_0.5_4,outer,2,SA,0.01,2,Single,Yes_Kink,577,271738
result_SELECT_10_Heisenberg2D_cylinder_0.5_0.5_4,outer,2,SA,0.1,0,Double,No_Kink,523,251423
result_SELECT_10_Heisenberg2D_cylinder_0.5_0.5_4,outer,2,SA,0.1,0,Single,No_MSF,571,145925
result_SELECT_10_Heisenberg2D_cylinder_0.5_0.5_4,outer,2,SA,0.1,0,Double,Yes_Kink,544,251876
result_SELECT_10_Heisenberg2D_cylinder_0.5_0.5_4,outer,2,SA,0.1,0,Single,No_Top,571,165457
result_SELECT_10_Heisenberg2D_cylinder_0.5_0.5_4,outer,2,SA,0.1,1,Double,No_Top,522,151413
result_SELECT_10_Heisenberg2D_cylinder_0.5_0.5_4,outer,2,SA,0.1,1,Double,No_MSF,522,131933
result_SELECT_10_Heisenberg2D_cylinder_0.5_0.5_4,outer,2,SA,0.01,0,Proj,No_Kink,437,761640
result_SELECT_10_Heisenberg2D_cylinder_0.5_0.5_4,outer,2,SA,0.1,1,Proj,No_MSF,420,17052
result_SELECT_10_Heisenberg2D_cylinder_0.5_0.5_4,outer,2,SA,0.1,0,Single,No_Kink,573,250921
result_SELECT_10_Heisenberg2D_cylinder_0.5_0.5_4,outer,2,SA,0.01,0,Proj,Yes_Kink,439,749443
result_SELECT_10_Heisenberg2D_cylinder_0.5_0.5_4,outer,2,SA,0.1,1,Proj,No_Top,420,36636
result_SELECT_10_Heisenberg2D_cylinder_0.5_0.5_4,outer,2,SA,0.1,0,Single,Yes_Kink,575,264680
result_SELECT_10_Heisenberg2D_cylinder_0.5_0.5_4,outer,2,SA,0.1,1,Single,No_MSF,571,145925
result_SELECT_10_Heisenberg2D_cylinder_0.5_0.5_4,outer,2,SA,0.1,1,Double,No_Kink,525,252646
result_SELECT_10_Heisenberg2D_cylinder_0.5_0.5_4,outer,2,SA,0.1,1,Single,No_Top,571,165265
result_SELECT_10_Heisenberg2D_cylinder_0.5_0.5_4,outer,2,SA,0.1,1,Double,Yes_Kink,542,253145
result_SELECT_10_Heisenberg2D_cylinder_0.5_0.5_4,outer,2,SA,0.1,2,Double,No_MSF,522,131933
result_SELECT_10_Heisenberg2D_cylinder_0.5_0.5_4,outer,2,SA,0.1,2,Double,No_Top,522,151283
result_SELECT_10_Heisenberg2D_cylinder_0.5_0.5_4,outer,2,SA,0.1,2,Proj,No_MSF,420,17052
result_SELECT_10_Heisenberg2D_cylinder_0.5_0.5_4,outer,2,SA,0.1,1,Single,No_Kink,573,251547
result_SELECT_10_Heisenberg2D_cylinder_0.5_0.5_4,outer,2,SA,0.01,1,Proj,No_Kink,438,763672
result_SELECT_10_Heisenberg2D_cylinder_0.5_0.5_4,outer,2,SA,0.01,1,Proj,Yes_Kink,441,748412
result_SELECT_10_Heisenberg2D_cylinder_0.5_0.5_4,outer,2,SA,0.1,1,Single,Yes_Kink,575,264781
result_SELECT_10_Heisenberg2D_cylinder_0.5_0.5_4,outer,2,SA,0.1,2,Proj,No_Top,420,36636
result_SELECT_10_Heisenberg2D_cylinder_0.5_0.5_4,outer,2,SA,0.1,2,Single,No_MSF,571,145925
result_SELECT_10_Heisenberg2D_cylinder_0.5_0.5_4,outer,2,SA,0.1,2,Double,No_Kink,523,254296
result_SELECT_10_Heisenberg2D_cylinder_0.5_0.5_4,outer,2,SA,0.1,2,Single,No_Top,571,165073
result_SELECT_10_Heisenberg2D_cylinder_0.5_0.5_4,outer,2,SA,0.1,2,Double,Yes_Kink,542,255803
result_SELECT_10_Heisenberg2D_cylinder_0.5_0.5_4,outer,2,SA,1,0,Double,No_MSF,522,131933
result_SELECT_10_Heisenberg2D_cylinder_0.5_0.5_4,outer,2,SA,1,0,Double,No_Top,522,151517
result_SELECT_10_Heisenberg2D_cylinder_0.5_0.5_4,outer,2,SA,0.01,2,Proj,No_Kink,439,762142
result_SELECT_10_Heisenberg2D_cylinder_0.5_0.5_4,outer,2,SA,0.1,2,Single,No_Kink,573,253893
result_SELECT_10_Heisenberg2D_cylinder_0.5_0.5_4,outer,2,SA,1,0,Proj,No_MSF,420,17052
result_SELECT_10_Heisenberg2D_cylinder_0.5_0.5_4,outer,2,SA,1,0,Proj,No_Top,420,36636
result_SELECT_10_Heisenberg2D_cylinder_0.5_0.5_4,outer,2,SA,0.1,2,Single,Yes_Kink,575,267223
result_SELECT_10_Heisenberg2D_cylinder_0.5_0.5_4,outer,2,SA,0.01,2,Proj,Yes_Kink,441,746439
result_SELECT_10_Heisenberg2D_cylinder_0.5_0.5_4,outer,2,SA,1,0,Double,No_Kink,523,238045
result_SELECT_10_Heisenberg2D_cylinder_0.5_0.5_4,outer,2,SA,1,0,Double,Yes_Kink,541,238307
result_SELECT_10_Heisenberg2D_cylinder_0.5_0.5_4,outer,2,SA,1,0,Single,No_MSF,571,145925
result_SELECT_10_Heisenberg2D_cylinder_0.5_0.5_4,outer,2,SA,1,0,Single,No_Top,571,165457
result_SELECT_10_Heisenberg2D_cylinder_0.5_0.5_4,outer,2,SA,1,1,Double,No_MSF,522,131933
result_SELECT_10_Heisenberg2D_cylinder_0.5_0.5_4,outer,2,SA,1,1,Double,No_Top,522,151413
result_SELECT_10_Heisenberg2D_cylinder_0.5_0.5_4,outer,2,SA,1,0,Single,No_Kink,576,238615
result_SELECT_10_Heisenberg2D_cylinder_0.5_0.5_4,outer,2,SA,0.1,0,Proj,No_Kink,438,759102
result_SELECT_10_Heisenberg2D_cylinder_0.5_0.5_4,outer,2,SA,1,1,Proj,No_MSF,420,17052
result_SELECT_10_Heisenberg2D_cylinder_0.5_0.5_4,outer,2,SA,0.1,0,Proj,Yes_Kink,437,744687
result_SELECT_10_Heisenberg2D_cylinder_0.5_0.5_4,outer,2,SA,1,1,Proj,No_Top,420,36636
result_SELECT_10_Heisenberg2D_cylinder_0.5_0.5_4,outer,2,SA,1,1,Double,No_Kink,522,238851
result_SELECT_10_Heisenberg2D_cylinder_0.5_0.5_4,outer,2,SA,1,0,Single,Yes_Kink,577,252583
result_SELECT_10_Heisenberg2D_cylinder_0.5_0.5_4,outer,2,SA,1,1,Single,No_MSF,571,145925
result_SELECT_10_Heisenberg2D_cylinder_0.5_0.5_4,outer,2,SA,1,1,Double,Yes_Kink,541,239611
result_SELECT_10_Heisenberg2D_cylinder_0.5_0.5_4,outer,2,SA,1,1,Single,No_Top,571,165265
result_SELECT_10_Heisenberg2D_cylinder_0.5_0.5_4,outer,2,SA,1,2,Double,No_MSF,522,131933
result_SELECT_10_Heisenberg2D_cylinder_0.5_0.5_4,outer,2,SA,1,2,Double,No_Top,522,151283
result_SELECT_10_Heisenberg2D_cylinder_0.5_0.5_4,outer,2,SA,1,2,Proj,No_MSF,420,17052
result_SELECT_10_Heisenberg2D_cylinder_0.5_0.5_4,outer,2,SA,1,1,Single,No_Kink,576,238735
result_SELECT_10_Heisenberg2D_cylinder_0.5_0.5_4,outer,2,SA,0.1,1,Proj,No_Kink,439,758476
result_SELECT_10_Heisenberg2D_cylinder_0.5_0.5_4,outer,2,SA,1,2,Proj,No_Top,420,36636
result_SELECT_10_Heisenberg2D_cylinder_0.5_0.5_4,outer,2,SA,0.1,1,Proj,Yes_Kink,440,745791
result_SELECT_10_Heisenberg2D_cylinder_0.5_0.5_4,outer,2,SA,1,1,Single,Yes_Kink,577,252754
result_SELECT_10_Heisenberg2D_cylinder_0.5_0.5_4,outer,2,SA,1,2,Double,No_Kink,522,241345
result_SELECT_10_Heisenberg2D_cylinder_0.5_0.5_4,outer,2,SA,1,2,Single,No_MSF,571,145925
result_SELECT_10_Heisenberg2D_cylinder_0.5_0.5_4,outer,2,SA,1,2,Single,No_Top,571,165073
result_SELECT_10_Heisenberg2D_cylinder_0.5_0.5_4,outer,2,SA,1,2,Double,Yes_Kink,542,242498
result_SELECT_10_Heisenberg2D_cylinder_0.5_0.5_4,outer,2,naive,0,0,Double,No_MSF,522,131933
result_SELECT_10_Heisenberg2D_cylinder_0.5_0.5_4,outer,2,naive,0,0,Double,No_Top,522,151517
result_SELECT_10_Heisenberg2D_cylinder_0.5_0.5_4,outer,2,SA,1,2,Single,No_Kink,576,240937
result_SELECT_10_Heisenberg2D_cylinder_0.5_0.5_4,outer,2,naive,0,0,Proj,No_MSF,420,17052
result_SELECT_10_Heisenberg2D_cylinder_0.5_0.5_4,outer,2,SA,0.1,2,Proj,No_Kink,440,760483
result_SELECT_10_Heisenberg2D_cylinder_0.5_0.5_4,outer,2,naive,0,0,Proj,No_Top,420,36636
result_SELECT_10_Heisenberg2D_cylinder_0.5_0.5_4,outer,2,SA,1,2,Single,Yes_Kink,577,255033
result_SELECT_10_Heisenberg2D_cylinder_0.5_0.5_4,outer,2,SA,0.1,2,Proj,Yes_Kink,439,745550
result_SELECT_10_Heisenberg2D_cylinder_0.5_0.5_4,outer,2,naive,0,0,Single,No_MSF,571,145925
result_SELECT_10_Heisenberg2D_cylinder_0.5_0.5_4,outer,2,naive,0,0,Single,No_Top,571,165457
result_SELECT_10_Heisenberg2D_cylinder_0.5_0.5_4,outer,2,naive,0,1,Double,No_MSF,522,131933
result_SELECT_10_Heisenberg2D_cylinder_0.5_0.5_4,outer,2,naive,0,1,Double,No_Top,522,151413
result_SELECT_10_Heisenberg2D_cylinder_0.5_0.5_4,outer,2,SA,1,0,Proj,No_Kink,438,748167
result_SELECT_10_Heisenberg2D_cylinder_0.5_0.5_4,outer,2,SA,1,0,Proj,Yes_Kink,440,732779
result_SELECT_10_Heisenberg2D_cylinder_0.5_0.5_4,outer,2,naive,0,0,Double,No_Kink,805,474765
result_SELECT_10_Heisenberg2D_cylinder_0.5_0.5_4,outer,2,naive,0,1,Proj,No_MSF,420,17052
result_SELECT_10_Heisenberg2D_cylinder_0.5_0.5_4,outer,2,naive,0,1,Proj,No_Top,420,36636
result_SELECT_10_Heisenberg2D_cylinder_0.5_0.5_4,outer,2,naive,0,0,Double,Yes_Kink,803,469117
result_SELECT_10_Heisenberg2D_cylinder_0.5_0.5_4,outer,2,naive,0,1,Single,No_MSF,571,145925
result_SELECT_10_Heisenberg2D_cylinder_0.5_0.5_4,outer,2,naive,0,1,Single,No_Top,571,165265
result_SELECT_10_Heisenberg2D_cylinder_0.5_0.5_4,outer,2,SA,1,1,Proj,Yes_Kink,441,737234
result_SELECT_10_Heisenberg2D_cylinder_0.5_0.5_4,outer,2,SA,1,1,Proj,No_Kink,439,747915
result_SELECT_10_Heisenberg2D_cylinder_0.5_0.5_4,outer,2,naive,0,0,Single,No_Kink,905,488595
result_SELECT_10_Heisenberg2D_cylinder_0.5_0.5_4,outer,2,naive,0,1,Double,No_Kink,799,469113
result_SELECT_10_Heisenberg2D_cylinder_0.5_0.5_4,outer,2,naive,0,0,Single,Yes_Kink,894,500373
result_SELECT_10_Heisenberg2D_cylinder_0.5_0.5_4,outer,2,naive,0,2,Double,No_MSF,522,131933
result_SELECT_10_Heisenberg2D_cylinder_0.5_0.5_4,outer,2,naive,0,2,Double,No_Top,522,151283
result_SELECT_10_Heisenberg2D_cylinder_0.5_0.5_4,outer,2,naive,0,2,Proj,No_MSF,420,17052
result_SELECT_10_Heisenberg2D_cylinder_0.5_0.5_4,outer,2,naive,0,2,Proj,No_Top,420,36636
result_SELECT_10_Heisenberg2D_cylinder_0.5_0.5_4,outer,2,naive,0,1,Double,Yes_Kink,810,477474
result_SELECT_10_Heisenberg2D_cylinder_0.5_0.5_4,outer,2,SA,1,2,Proj,No_Kink,440,750450
result_SELECT_10_Heisenberg2D_cylinder_0.5_0.5_4,outer,2,naive,0,2,Single,No_MSF,571,145925
result_SELECT_10_Heisenberg2D_cylinder_0.5_0.5_4,outer,2,naive,0,2,Single,No_Top,571,165073
result_SELECT_10_Heisenberg2D_cylinder_0.5_0.5_4,outer,2,SA,1,2,Proj,Yes_Kink,442,737430
result_SELECT_10_Heisenberg2D_cylinder_0.5_0.5_4,outer,2,naive,0,1,Single,No_Kink,893,484877
result_SELECT_10_Heisenberg2D_cylinder_0.5_0.5_4,outer,2,random,0,0,Double,No_MSF,522,131933
result_SELECT_10_Heisenberg2D_cylinder_0.5_0.5_4,outer,2,random,0,0,Double,No_Top,522,151517
result_SELECT_10_Heisenberg2D_cylinder_0.5_0.5_4,outer,2,naive,0,1,Single,Yes_Kink,880,496005
result_SELECT_10_Heisenberg2D_cylinder_0.5_0.5_4,outer,2,naive,0,2,Double,No_Kink,804,481246
result_SELECT_10_Heisenberg2D_cylinder_0.5_0.5_4,outer,2,random,0,0,Proj,No_MSF,420,17052
result_SELECT_10_Heisenberg2D_cylinder_0.5_0.5_4,outer,2,random,0,0,Proj,No_Top,420,36636
result_SELECT_10_Heisenberg2D_cylinder_0.5_0.5_4,outer,2,naive,0,2,Double,Yes_Kink,813,489988
result_SELECT_10_Heisenberg2D_cylinder_0.5_0.5_4,outer,2,random,0,0,Single,No_MSF,571,145925
result_SELECT_10_Heisenberg2D_cylinder_0.5_0.5_4,outer,2,random,0,0,Single,No_Top,571,165457
result_SELECT_10_Heisenberg2D_cylinder_0.5_0.5_4,outer,2,naive,0,2,Single,No_Kink,903,496830
result_SELECT_10_Heisenberg2D_cylinder_0.5_0.5_4,outer,2,random,0,1,Double,No_MSF,522,131933
result_SELECT_10_Heisenberg2D_cylinder_0.5_0.5_4,outer,2,random,0,0,Double,No_Kink,531,406279
result_SELECT_10_Heisenberg2D_cylinder_0.5_0.5_4,outer,2,naive,0,2,Single,Yes_Kink,890,508125
result_SELECT_10_Heisenberg2D_cylinder_0.5_0.5_4,outer,2,random,0,1,Double,No_Top,522,151413
result_SELECT_10_Heisenberg2D_cylinder_0.5_0.5_4,outer,2,random,0,0,Double,Yes_Kink,549,405752
result_SELECT_10_Heisenberg2D_cylinder_0.5_0.5_4,outer,2,random,0,1,Proj,No_MSF,420,17052
result_SELECT_10_Heisenberg2D_cylinder_0.5_0.5_4,outer,2,random,0,1,Proj,No_Top,420,36636
result_SELECT_10_Heisenberg2D_cylinder_0.5_0.5_4,outer,2,naive,0,0,Proj,No_Kink,645,1104191
result_SELECT_10_Heisenberg2D_cylinder_0.5_0.5_4,outer,2,random,0,1,Single,No_MSF,571,145925
result_SELECT_10_Heisenberg2D_cylinder_0.5_0.5_4,outer,2,random,0,0,Single,No_Kink,587,416760
result_SELECT_10_Heisenberg2D_cylinder_0.5_0.5_4,outer,2,random,0,1,Single,No_Top,571,165265
result_SELECT_10_Heisenberg2D_cylinder_0.5_0.5_4,outer,2,naive,0,0,Proj,Yes_Kink,660,1109018
result_SELECT_10_Heisenberg2D_cylinder_0.5_0.5_4,outer,2,random,0,2,Double,No_MSF,522,131933
result_SELECT_10_Heisenberg2D_cylinder_0.5_0.5_4,outer,2,random,0,1,Double,No_Kink,530,407079
result_SELECT_10_Heisenberg2D_cylinder_0.5_0.5_4,outer,2,random,0,0,Single,Yes_Kink,591,426536
result_SELECT_10_Heisenberg2D_cylinder_0.5_0.5_4,outer,2,random,0,2,Double,No_Top,522,151283
result_SELECT_10_Heisenberg2D_cylinder_0.5_0.5_4,outer,2,naive,0,1,Proj,No_Kink,657,1120143
result_SELECT_10_Heisenberg2D_cylinder_0.5_0.5_4,outer,2,random,0,1,Double,Yes_Kink,548,407209
result_SELECT_10_Heisenberg2D_cylinder_0.5_0.5_4,outer,2,random,0,2,Proj,No_MSF,420,17052
result_SELECT_10_Heisenberg2D_cylinder_0.5_0.5_4,outer,2,random,0,2,Proj,No_Top,420,36636
result_SELECT_10_Heisenberg2D_cylinder_0.5_0.5_4,outer,2,random,0,2,Single,No_MSF,571,145925
result_SELECT_10_Heisenberg2D_cylinder_0.5_0.5_4,outer,2,naive,0,1,Proj,Yes_Kink,670,1121192
result_SELECT_10_Heisenberg2D_cylinder_0.5_0.5_4,outer,2,random,0,1,Single,No_Kink,588,416721
result_SELECT_10_Heisenberg2D_cylinder_0.5_0.5_4,outer,2,random,0,2,Single,No_Top,571,165073
result_SELECT_10_Heisenberg2D_cylinder_0.5_0.5_5,inner,1,SA,0.001,0,Double,No_MSF,290,116781
result_SELECT_10_Heisenberg2D_cylinder_0.5_0.5_5,inner,1,SA,0.001,0,Double,No_Top,290,138137
result_SELECT_10_Heisenberg2D_cylinder_0.5_0.5_4,outer,2,random,0,1,Single,Yes_Kink,592,429130
result_SELECT_10_Heisenberg2D_cylinder_0.5_0.5_4,outer,2,random,0,0,Proj,No_Kink,452,790250
result_SELECT_10_Heisenberg2D_cylinder_0.5_0.5_4,outer,2,random,0,0,Proj,Yes_Kink,453,779736
result_SELECT_10_Heisenberg2D_cylinder_0.5_0.5_4,outer,2,random,0,2,Double,No_Kink,529,409563
result_SELECT_10_Heisenberg2D_cylinder_0.5_0.5_5,inner,1,SA,0.001,0,Proj,No_MSF,213,18556
result_SELECT_10_Heisenberg2D_cylinder_0.5_0.5_5,inner,1,SA,0.001,0,Proj,No_Top,213,39932
result_SELECT_10_Heisenberg2D_cylinder_0.5_0.5_4,outer,2,naive,0,2,Proj,No_Kink,668,1139354
result_SELECT_10_Heisenberg2D_cylinder_0.5_0.5_4,outer,2,random,0,2,Double,Yes_Kink,544,410791
result_SELECT_10_Heisenberg2D_cylinder_0.5_0.5_5,inner,1,SA,0.001,0,Double,No_Kink,297,270816
result_SELECT_10_Heisenberg2D_cylinder_0.5_0.5_4,outer,2,naive,0,2,Proj,Yes_Kink,690,1153430
result_SELECT_10_Heisenberg2D_cylinder_0.5_0.5_5,inner,1,SA,0.001,0,Single,No_MSF,327,133783
result_SELECT_10_Heisenberg2D_cylinder_0.5_0.5_5,inner,1,SA,0.001,0,Single,No_Top,327,155003
result_SELECT_10_Heisenberg2D_cylinder_0.5_0.5_4,outer,2,random,0,2,Single,No_Kink,589,420891
result_SELECT_10_Heisenberg2D_cylinder_0.5_0.5_5,inner,1,SA,0.001,1,Double,No_Top,290,137845
result_SELECT_10_Heisenberg2D_cylinder_0.5_0.5_5,inner,1,SA,0.001,1,Double,No_MSF,290,116781
result_SELECT_10_Heisenberg2D_cylinder_0.5_0.5_5,inner,1,SA,0.001,0,Double,Yes_Kink,302,280580
result_SELECT_10_Heisenberg2D_cylinder_0.5_0.5_5,inner,1,SA,0.001,1,Proj,No_MSF,213,18556
result_SELECT_10_Heisenberg2D_cylinder_0.5_0.5_5,inner,1,SA,0.001,1,Proj,No_Top,213,39932
result_SELECT_10_Heisenberg2D_cylinder_0.5_0.5_4,outer,2,random,0,1,Proj,No_Kink,454,789246
result_SELECT_10_Heisenberg2D_cylinder_0.5_0.5_5,inner,1,SA,0.001,0,Single,No_Kink,341,279703
result_SELECT_10_Heisenberg2D_cylinder_0.5_0.5_4,outer,2,random,0,2,Single,Yes_Kink,590,430964
result_SELECT_10_Heisenberg2D_cylinder_0.5_0.5_5,inner,1,SA,0.001,1,Single,No_MSF,327,133783
result_SELECT_10_Heisenberg2D_cylinder_0.5_0.5_5,inner,1,SA,0.001,1,Single,No_Top,327,154595
result_SELECT_10_Heisenberg2D_cylinder_0.5_0.5_5,inner,1,SA,0.001,2,Double,No_MSF,290,116781
result_SELECT_10_Heisenberg2D_cylinder_0.5_0.5_4,outer,2,random,0,1,Proj,Yes_Kink,455,780377
result_SELECT_10_Heisenberg2D_cylinder_0.5_0.5_5,inner,1,SA,0.001,2,Double,No_Top,291,137869
result_SELECT_10_Heisenberg2D_cylinder_0.5_0.5_5,inner,1,SA,0.001,1,Double,No_Kink,297,283707
result_SELECT_10_Heisenberg2D_cylinder_0.5_0.5_5,inner,1,SA,0.001,1,Double,Yes_Kink,305,296710
result_SELECT_10_Heisenberg2D_cylinder_0.5_0.5_5,inner,1,SA,0.001,2,Proj,No_Top,213,39932
result_SELECT_10_Heisenberg2D_cylinder_0.5_0.5_5,inner,1,SA,0.001,2,Proj,No_MSF,213,18556
result_SELECT_10_Heisenberg2D_cylinder_0.5_0.5_5,inner,1,SA,0.001,2,Single,No_MSF,327,133783
result_SELECT_10_Heisenberg2D_cylinder_0.5_0.5_5,inner,1,SA,0.001,1,Single,No_Kink,339,289997
result_SELECT_10_Heisenberg2D_cylinder_0.5_0.5_5,inner,1,SA,0.001,2,Single,No_Top,327,154300
result_SELECT_10_Heisenberg2D_cylinder_0.5_0.5_5,inner,1,SA,0.01,0,Double,No_MSF,290,116781
result_SELECT_10_Heisenberg2D_cylinder_0.5_0.5_5,inner,1,SA,0.001,2,Double,No_Kink,297,303279
result_SELECT_10_Heisenberg2D_cylinder_0.5_0.5_5,inner,1,SA,0.01,0,Double,No_Top,290,138137
result_SELECT_10_Heisenberg2D_cylinder_0.5_0.5_4,outer,2,random,0,2,Proj,No_Kink,454,790579
result_SELECT_10_Heisenberg2D_cylinder_0.5_0.5_5,inner,1,SA,0.001,2,Double,Yes_Kink,309,317184
result_SELECT_10_Heisenberg2D_cylinder_0.5_0.5_4,outer,2,random,0,2,Proj,Yes_Kink,456,779512
result_SELECT_10_Heisenberg2D_cylinder_0.5_0.5_5,inner,1,SA,0.01,0,Proj,No_MSF,213,18556
result_SELECT_10_Heisenberg2D_cylinder_0.5_0.5_5,inner,1,SA,0.001,2,Single,No_Kink,345,310153
result_SELECT_10_Heisenberg2D_cylinder_0.5_0.5_5,inner,1,SA,0.01,0,Proj,No_Top,213,39932
result_SELECT_10_Heisenberg2D_cylinder_0.5_0.5_5,inner,1,SA,0.01,0,Single,No_MSF,327,133783
result_SELECT_10_Heisenberg2D_cylinder_0.5_0.5_5,inner,1,SA,0.01,0,Double,No_Kink,297,261713
result_SELECT_10_Heisenberg2D_cylinder_0.5_0.5_5,inner,1,SA,0.01,0,Single,No_Top,327,155003
result_SELECT_10_Heisenberg2D_cylinder_0.5_0.5_5,inner,1,SA,0.01,1,Double,No_MSF,290,116781
result_SELECT_10_Heisenberg2D_cylinder_0.5_0.5_5,inner,1,SA,0.001,0,Proj,No_Kink,254,683094
result_SELECT_10_Heisenberg2D_cylinder_0.5_0.5_5,inner,1,SA,0.01,1,Double,No_Top,290,137845
result_SELECT_10_Heisenberg2D_cylinder_0.5_0.5_5,inner,1,SA,0.001,0,Proj,Yes_Kink,261,688026
result_SELECT_10_Heisenberg2D_cylinder_0.5_0.5_5,inner,1,SA,0.01,0,Double,Yes_Kink,305,268171
result_SELECT_10_Heisenberg2D_cylinder_0.5_0.5_5,inner,1,SA,0.01,1,Proj,No_MSF,213,18556
result_SELECT_10_Heisenberg2D_cylinder_0.5_0.5_5,inner,1,SA,0.01,0,Single,No_Kink,337,268839
result_SELECT_10_Heisenberg2D_cylinder_0.5_0.5_5,inner,1,SA,0.01,1,Proj,No_Top,213,39932
result_SELECT_10_Heisenberg2D_cylinder_0.5_0.5_5,inner,1,SA,0.01,1,Single,No_MSF,327,133783
result_SELECT_10_Heisenberg2D_cylinder_0.5_0.5_5,inner,1,SA,0.01,1,Single,No_Top,327,154595
result_SELECT_10_Heisenberg2D_cylinder_0.5_0.5_5,inner,1,SA,0.01,1,Double,No_Kink,297,273463
result_SELECT_10_Heisenberg2D_cylinder_0.5_0.5_5,inner,1,SA,0.01,2,Double,No_MSF,290,116781
result_SELECT_10_Heisenberg2D_cylinder_0.5_0.5_5,inner,1,SA,0.01,2,Double,No_Top,291,137869
result_SELECT_10_Heisenberg2D_cylinder_0.5_0.5_5,inner,1,SA,0.001,1,Proj,No_Kink,259,693990
result_SELECT_10_Heisenberg2D_cylinder_0.5_0.5_5,inner,1,SA,0.01,1,Double,Yes_Kink,305,283305
result_SELECT_10_Heisenberg2D_cylinder_0.5_0.5_5,inner,1,SA,0.01,2,Proj,No_MSF,213,18556
result_SELECT_10_Heisenberg2D_cylinder_0.5_0.5_5,inner,1,SA,0.01,1,Single,No_Kink,337,277698
result_SELECT_10_Heisenberg2D_cylinder_0.5_0.5_5,inner,1,SA,0.01,2,Proj,No_Top,213,39932
result_SELECT_10_Heisenberg2D_cylinder_0.5_0.5_5,inner,1,SA,0.001,1,Proj,Yes_Kink,266,699021
result_SELECT_10_Heisenberg2D_cylinder_0.5_0.5_5,inner,1,SA,0.01,2,Single,No_MSF,327,133783
result_SELECT_10_Heisenberg2D_cylinder_0.5_0.5_5,inner,1,SA,0.01,2,Single,No_Top,327,154300
result_SELECT_10_Heisenberg2D_cylinder_0.5_0.5_5,inner,1,SA,0.01,2,Double,No_Kink,298,292311
result_SELECT_10_Heisenberg2D_cylinder_0.5_0.5_5,inner,1,SA,0.1,0,Double,No_MSF,290,116781
result_SELECT_10_Heisenberg2D_cylinder_0.5_0.5_5,inner,1,SA,0.1,0,Double,No_Top,290,138137
result_SELECT_10_Heisenberg2D_cylinder_0.5_0.5_5,inner,1,SA,0.001,2,Proj,No_Kink,266,707830
result_SELECT_10_Heisenberg2D_cylinder_0.5_0.5_5,inner,1,SA,0.01,2,Double,Yes_Kink,308,301914
result_SELECT_10_Heisenberg2D_cylinder_0.5_0.5_5,inner,1,SA,0.1,0,Proj,No_MSF,213,18556
result_SELECT_10_Heisenberg2D_cylinder_0.5_0.5_5,inner,1,SA,0.001,2,Proj,Yes_Kink,276,713667
result_SELECT_10_Heisenberg2D_cylinder_0.5_0.5_5,inner,1,SA,0.01,2,Single,No_Kink,342,295154
result_SELECT_10_Heisenberg2D_cylinder_0.5_0.5_5,inner,1,SA,0.1,0,Proj,No_Top,213,39932
result_SELECT_10_Heisenberg2D_cylinder_0.5_0.5_5,inner,1,SA,0.1,0,Single,No_MSF,327,133783
result_SELECT_10_Heisenberg2D_cylinder_0.5_0.5_5,inner,1,SA,0.1,0,Single,No_Top,327,155003
result_SELECT_10_Heisenberg2D_cylinder_0.5_0.5_5,inner,1,SA,0.1,0,Double,No_Kink,298,267758
result_SELECT_10_Heisenberg2D_cylinder_0.5_0.5_5,inner,1,SA,0.1,1,Double,No_MSF,290,116781
result_SELECT_10_Heisenberg2D_cylinder_0.5_0.5_5,inner,1,SA,0.1,1,Double,No_Top,290,137845
result_SELECT_10_Heisenberg2D_cylinder_0.5_0.5_5,inner,1,SA,0.01,0,Proj,No_Kink,248,665463
result_SELECT_10_Heisenberg2D_cylinder_0.5_0.5_5,inner,1,SA,0.1,0,Double,Yes_Kink,310,282556
result_SELECT_10_Heisenberg2D_cylinder_0.5_0.5_5,inner,1,SA,0.1,1,Proj,No_MSF,213,18556
result_SELECT_10_Heisenberg2D_cylinder_0.5_0.5_5,inner,1,SA,0.01,0,Proj,Yes_Kink,254,666189
result_SELECT_10_Heisenberg2D_cylinder_0.5_0.5_5,inner,1,SA,0.1,1,Proj,No_Top,213,39932
result_SELECT_10_Heisenberg2D_cylinder_0.5_0.5_5,inner,1,SA,0.1,0,Single,No_Kink,342,278364
result_SELECT_10_Heisenberg2D_cylinder_0.5_0.5_5,inner,1,SA,0.1,1,Single,No_MSF,327,133783
result_SELECT_10_Heisenberg2D_cylinder_0.5_0.5_5,inner,1,SA,0.1,1,Single,No_Top,327,154595
result_SELECT_10_Heisenberg2D_cylinder_0.5_0.5_5,inner,1,SA,0.01,1,Proj,No_Kink,255,681733
result_SELECT_10_Heisenberg2D_cylinder_0.5_0.5_5,inner,1,SA,0.1,2,Double,No_MSF,290,116781
result_SELECT_10_Heisenberg2D_cylinder_0.5_0.5_5,inner,1,SA,0.1,1,Double,No_Kink,300,284768
result_SELECT_10_Heisenberg2D_cylinder_0.5_0.5_5,inner,1,SA,0.1,2,Double,No_Top,291,137869
result_SELECT_10_Heisenberg2D_cylinder_0.5_0.5_5,inner,1,SA,0.1,2,Proj,No_MSF,213,18556
result_SELECT_10_Heisenberg2D_cylinder_0.5_0.5_5,inner,1,SA,0.01,1,Proj,Yes_Kink,265,691214
result_SELECT_10_Heisenberg2D_cylinder_0.5_0.5_5,inner,1,SA,0.1,2,Proj,No_Top,213,39932
result_SELECT_10_Heisenberg2D_cylinder_0.5_0.5_5,inner,1,SA,0.1,1,Double,Yes_Kink,309,298196
result_SELECT_10_Heisenberg2D_cylinder_0.5_0.5_5,inner,1,SA,0.1,1,Single,No_Kink,346,291361
result_SELECT_10_Heisenberg2D_cylinder_0.5_0.5_5,inner,1,SA,0.1,2,Single,No_MSF,327,133783
result_SELECT_10_Heisenberg2D_cylinder_0.5_0.5_5,inner,1,SA,0.1,2,Single,No_Top,327,154300
result_SELECT_10_Heisenberg2D_cylinder_0.5_0.5_5,inner,1,SA,1,0,Double,No_MSF,290,116781
result_SELECT_10_Heisenberg2D_cylinder_0.5_0.5_5,inner,1,SA,0.1,2,Double,No_Kink,302,304074
result_SELECT_10_Heisenberg2D_cylinder_0.5_0.5_5,inner,1,SA,0.01,2,Proj,No_Kink,267,711522
result_SELECT_10_Heisenberg2D_cylinder_0.5_0.5_5,inner,1,SA,1,0,Double,No_Top,290,138137
result_SELECT_10_Heisenberg2D_cylinder_0.5_0.5_5,inner,1,SA,0.01,2,Proj,Yes_Kink,276,716269
result_SELECT_10_Heisenberg2D_cylinder_0.5_0.5_5,inner,1,SA,1,0,Proj,No_MSF,213,18556
result_SELECT_10_Heisenberg2D_cylinder_0.5_0.5_5,inner,1,SA,0.1,2,Double,Yes_Kink,311,318569
result_SELECT_10_Heisenberg2D_cylinder_0.5_0.5_5,inner,1,SA,1,0,Proj,No_Top,213,39932
result_SELECT_10_Heisenberg2D_cylinder_0.5_0.5_5,inner,1,SA,1,0,Double,No_Kink,295,250610
result_SELECT_10_Heisenberg2D_cylinder_0.5_0.5_5,inner,1,SA,1,0,Single,No_MSF,327,133783
result_SELECT_10_Heisenberg2D_cylinder_0.5_0.5_5,inner,1,SA,0.1,2,Single,No_Kink,345,313281
result_SELECT_10_Heisenberg2D_cylinder_0.5_0.5_5,inner,1,SA,1,0,Single,No_Top,327,155003
result_SELECT_10_Heisenberg2D_cylinder_0.5_0.5_5,inner,1,SA,1,0,Double,Yes_Kink,305,255981
result_SELECT_10_Heisenberg2D_cylinder_0.5_0.5_5,inner,1,SA,1,1,Double,No_MSF,290,116781
result_SELECT_10_Heisenberg2D_cylinder_0.5_0.5_5,inner,1,SA,1,1,Double,No_Top,290,137845
result_SELECT_10_Heisenberg2D_cylinder_0.5_0.5_5,inner,1,SA,0.1,0,Proj,No_Kink,262,701452
result_SELECT_10_Heisenberg2D_cylinder_0.5_0.5_5,inner,1,SA,0.1,0,Proj,Yes_Kink,271,705961
result_SELECT_10_Heisenberg2D_cylinder_0.5_0.5_5,inner,1,SA,1,1,Proj,No_MSF,213,18556
result_SELECT_10_Heisenberg2D_cylinder_0.5_0.5_5,inner,1,SA,1,1,Proj,No_Top,213,39932
result_SELECT_10_Heisenberg2D_cylinder_0.5_0.5_5,inner,1,SA,1,0,Single,No_Kink,337,257030
result_SELECT_10_Heisenberg2D_cylinder_0.5_0.5_5,inner,1,SA,1,1,Single,No_MSF,327,133783
result_SELECT_10_Heisenberg2D_cylinder_0.5_0.5_5,inner,1,SA,1,1,Single,No_Top,327,154595
result_SELECT_10_Heisenberg2D_cylinder_0.5_0.5_5,inner,1,SA,1,1,Double,No_Kink,295,257182
result_SELECT_10_Heisenberg2D_cylinder_0.5_0.5_5,inner,1,SA,1,2,Double,No_MSF,290,116781
result_SELECT_10_Heisenberg2D_cylinder_0.5_0.5_5,inner,1,SA,1,2,Double,No_Top,291,137869
result_SELECT_10_Heisenberg2D_cylinder_0.5_0.5_5,inner,1,SA,0.1,1,Proj,No_Kink,271,720926
result_SELECT_10_Heisenberg2D_cylinder_0.5_0.5_5,inner,1,SA,1,1,Double,Yes_Kink,300,264525
result_SELECT_10_Heisenberg2D_cylinder_0.5_0.5_5,inner,1,SA,1,2,Proj,No_MSF,213,18556
result_SELECT_10_Heisenberg2D_cylinder_0.5_0.5_5,inner,1,SA,0.1,1,Proj,Yes_Kink,282,734121
result_SELECT_10_Heisenberg2D_cylinder_0.5_0.5_5,inner,1,SA,1,2,Proj,No_Top,213,39932
result_SELECT_10_Heisenberg2D_cylinder_0.5_0.5_5,inner,1,SA,1,1,Single,No_Kink,335,261828
result_SELECT_10_Heisenberg2D_cylinder_0.5_0.5_5,inner,1,SA,1,2,Single,No_MSF,327,133783
result_SELECT_10_Heisenberg2D_cylinder_0.5_0.5_5,inner,1,SA,1,2,Single,No_Top,327,154300
result_SELECT_10_Heisenberg2D_cylinder_0.5_0.5_5,inner,1,SA,1,2,Double,No_Kink,295,270206
result_SELECT_10_Heisenberg2D_cylinder_0.5_0.5_5,inner,1,naive,0,0,Double,No_MSF,290,116781
result_SELECT_10_Heisenberg2D_cylinder_0.5_0.5_5,inner,1,naive,0,0,Double,No_Top,290,138137
result_SELECT_10_Heisenberg2D_cylinder_0.5_0.5_5,inner,1,SA,0.1,2,Proj,No_Kink,289,756914
result_SELECT_10_Heisenberg2D_cylinder_0.5_0.5_5,inner,1,naive,0,0,Proj,No_MSF,213,18556
result_SELECT_10_Heisenberg2D_cylinder_0.5_0.5_5,inner,1,naive,0,0,Proj,No_Top,213,39932
result_SELECT_10_Heisenberg2D_cylinder_0.5_0.5_5,inner,1,SA,1,2,Double,Yes_Kink,303,279067
result_SELECT_10_Heisenberg2D_cylinder_0.5_0.5_5,inner,1,SA,1,2,Single,No_Kink,338,277524
result_SELECT_10_Heisenberg2D_cylinder_0.5_0.5_5,inner,1,SA,1,0,Proj,No_Kink,241,650991
result_SELECT_10_Heisenberg2D_cylinder_0.5_0.5_5,inner,1,naive,0,0,Single,No_MSF,327,133783
result_SELECT_10_Heisenberg2D_cylinder_0.5_0.5_5,inner,1,SA,0.1,2,Proj,Yes_Kink,300,771097
result_SELECT_10_Heisenberg2D_cylinder_0.5_0.5_5,inner,1,naive,0,0,Single,No_Top,327,155003
result_SELECT_10_Heisenberg2D_cylinder_0.5_0.5_5,inner,1,naive,0,1,Double,No_MSF,290,116781
result_SELECT_10_Heisenberg2D_cylinder_0.5_0.5_5,inner,1,SA,1,0,Proj,Yes_Kink,244,647021
result_SELECT_10_Heisenberg2D_cylinder_0.5_0.5_5,inner,1,naive,0,1,Double,No_Top,290,137845
result_SELECT_10_Heisenberg2D_cylinder_0.5_0.5_5,inner,1,naive,0,1,Proj,No_MSF,213,18556
result_SELECT_10_Heisenberg2D_cylinder_0.5_0.5_5,inner,1,naive,0,1,Proj,No_Top,213,39932
result_SELECT_10_Heisenberg2D_cylinder_0.5_0.5_5,inner,1,SA,1,1,Proj,No_Kink,246,662837
result_SELECT_10_Heisenberg2D_cylinder_0.5_0.5_5,inner,1,naive,0,1,Single,No_MSF,327,133783
result_SELECT_10_Heisenberg2D_cylinder_0.5_0.5_5,inner,1,naive,0,1,Single,No_Top,327,154595
result_SELECT_10_Heisenberg2D_cylinder_0.5_0.5_5,inner,1,SA,1,1,Proj,Yes_Kink,250,659073
result_SELECT_10_Heisenberg2D_cylinder_0.5_0.5_5,inner,1,naive,0,2,Double,No_MSF,290,116781
result_SELECT_10_Heisenberg2D_cylinder_0.5_0.5_5,inner,1,naive,0,2,Double,No_Top,291,137869
result_SELECT_10_Heisenberg2D_cylinder_0.5_0.5_5,inner,1,SA,1,2,Proj,No_Kink,255,679675
result_SELECT_10_Heisenberg2D_cylinder_0.5_0.5_5,inner,1,naive,0,2,Proj,No_MSF,213,18556
result_SELECT_10_Heisenberg2D_cylinder_0.5_0.5_5,inner,1,naive,0,0,Double,No_Kink,640,729286
result_SELECT_10_Heisenberg2D_cylinder_0.5_0.5_5,inner,1,SA,1,2,Proj,Yes_Kink,264,679397
result_SELECT_10_Heisenberg2D_cylinder_0.5_0.5_5,inner,1,naive,0,0,Double,Yes_Kink,633,725251
result_SELECT_10_Heisenberg2D_cylinder_0.5_0.5_5,inner,1,naive,0,2,Proj,No_Top,213,39932
result_SELECT_10_Heisenberg2D_cylinder_0.5_0.5_5,inner,1,naive,0,2,Single,No_MSF,327,133783
result_SELECT_10_Heisenberg2D_cylinder_0.5_0.5_5,inner,1,naive,0,2,Single,No_Top,327,154300
result_SELECT_10_Heisenberg2D_cylinder_0.5_0.5_5,inner,1,naive,0,0,Single,No_Kink,845,813691
result_SELECT_10_Heisenberg2D_cylinder_0.5_0.5_5,inner,1,random,0,0,Double,No_MSF,290,116781
result_SELECT_10_Heisenberg2D_cylinder_0.5_0.5_5,inner,1,naive,0,1,Double,No_Kink,629,732797
result_SELECT_10_Heisenberg2D_cylinder_0.5_0.5_5,inner,1,random,0,0,Double,No_Top,290,138137
result_SELECT_10_Heisenberg2D_cylinder_0.5_0.5_5,inner,1,naive,0,1,Double,Yes_Kink,626,732853
result_SELECT_10_Heisenberg2D_cylinder_0.5_0.5_5,inner,1,random,0,0,Proj,No_MSF,213,18556
result_SELECT_10_Heisenberg2D_cylinder_0.5_0.5_5,inner,1,random,0,0,Proj,No_Top,213,39932
result_SELECT_10_Heisenberg2D_cylinder_0.5_0.5_5,inner,1,naive,0,1,Single,No_Kink,844,814119
result_SELECT_10_Heisenberg2D_cylinder_0.5_0.5_5,inner,1,random,0,0,Single,No_MSF,327,133783
result_SELECT_10_Heisenberg2D_cylinder_0.5_0.5_5,inner,1,random,0,0,Single,No_Top,327,155003
result_SELECT_10_Heisenberg2D_cylinder_0.5_0.5_5,inner,1,naive,0,2,Double,No_Kink,650,747601
result_SELECT_10_Heisenberg2D_cylinder_0.5_0.5_5,inner,1,naive,0,2,Double,Yes_Kink,647,749169
result_SELECT_10_Heisenberg2D_cylinder_0.5_0.5_5,inner,1,random,0,1,Double,No_MSF,290,116781
result_SELECT_10_Heisenberg2D_cylinder_0.5_0.5_5,inner,1,random,0,1,Double,No_Top,290,137845
result_SELECT_10_Heisenberg2D_cylinder_0.5_0.5_5,inner,1,random,0,1,Proj,No_MSF,213,18556
result_SELECT_10_Heisenberg2D_cylinder_0.5_0.5_5,inner,1,naive,0,2,Single,No_Kink,850,817104
result_SELECT_10_Heisenberg2D_cylinder_0.5_0.5_5,inner,1,random,0,1,Proj,No_Top,213,39932
result_SELECT_10_Heisenberg2D_cylinder_0.5_0.5_5,inner,1,random,0,0,Double,No_Kink,437,751324
result_SELECT_10_Heisenberg2D_cylinder_0.5_0.5_5,inner,1,random,0,1,Single,No_MSF,327,133783
result_SELECT_10_Heisenberg2D_cylinder_0.5_0.5_5,inner,1,random,0,0,Double,Yes_Kink,441,753787
result_SELECT_10_Heisenberg2D_cylinder_0.5_0.5_5,inner,1,random,0,1,Single,No_Top,327,154595
result_SELECT_10_Heisenberg2D_cylinder_0.5_0.5_5,inner,1,random,0,0,Single,No_Kink,725,905626
result_SELECT_10_Heisenberg2D_cylinder_0.5_0.5_5,inner,1,random,0,2,Double,No_MSF,290,116781
result_SELECT_10_Heisenberg2D_cylinder_0.5_0.5_5,inner,1,random,0,2,Double,No_Top,291,137869
result_SELECT_10_Heisenberg2D_cylinder_0.5_0.5_5,inner,1,random,0,1,Double,No_Kink,440,755142
result_SELECT_10_Heisenberg2D_cylinder_0.5_0.5_5,inner,1,random,0,0,Proj,No_Kink,334,902718
result_SELECT_10_Heisenberg2D_cylinder_0.5_0.5_5,inner,1,random,0,2,Proj,No_MSF,213,18556
result_SELECT_10_Heisenberg2D_cylinder_0.5_0.5_5,inner,1,random,0,1,Double,Yes_Kink,450,761629
result_SELECT_10_Heisenberg2D_cylinder_0.5_0.5_5,inner,1,random,0,2,Proj,No_Top,213,39932
result_SELECT_10_Heisenberg2D_cylinder_0.5_0.5_5,inner,1,random,0,0,Proj,Yes_Kink,343,913349
result_SELECT_10_Heisenberg2D_cylinder_0.5_0.5_5,inner,1,random,0,2,Single,No_MSF,327,133783
result_SELECT_10_Heisenberg2D_cylinder_0.5_0.5_5,inner,1,random,0,2,Single,No_Top,327,154300
result_SELECT_10_Heisenberg2D_cylinder_0.5_0.5_5,inner,1,naive,0,0,Proj,Yes_Kink,738,1936363
result_SELECT_10_Heisenberg2D_cylinder_0.5_0.5_5,inner,1,naive,0,0,Proj,No_Kink,723,1928041
result_SELECT_10_Heisenberg2D_cylinder_0.5_0.5_5,inner,2,SA,0.001,0,Double,No_MSF,290,116781
result_SELECT_10_Heisenberg2D_cylinder_0.5_0.5_5,inner,1,random,0,1,Single,No_Kink,722,902276
result_SELECT_10_Heisenberg2D_cylinder_0.5_0.5_5,inner,2,SA,0.001,0,Double,No_Top,290,138137
result_SELECT_10_Heisenberg2D_cylinder_0.5_0.5_5,inner,1,random,0,1,Proj,No_Kink,338,911529
result_SELECT_10_Heisenberg2D_cylinder_0.5_0.5_5,inner,2,SA,0.001,0,Proj,No_MSF,213,18556
result_SELECT_10_Heisenberg2D_cylinder_0.5_0.5_5,inner,2,SA,0.001,0,Proj,No_Top,213,39932
result_SELECT_10_Heisenberg2D_cylinder_0.5_0.5_5,inner,1,naive,0,1,Proj,Yes_Kink,735,1921188
result_SELECT_10_Heisenberg2D_cylinder_0.5_0.5_5,inner,1,naive,0,1,Proj,No_Kink,727,1933803
result_SELECT_10_Heisenberg2D_cylinder_0.5_0.5_5,inner,1,random,0,1,Proj,Yes_Kink,346,919930
result_SELECT_10_Heisenberg2D_cylinder_0.5_0.5_5,inner,2,SA,0.001,0,Double,No_Kink,297,247335
result_SELECT_10_Heisenberg2D_cylinder_0.5_0.5_5,inner,1,random,0,2,Double,No_Kink,444,761562
result_SELECT_10_Heisenberg2D_cylinder_0.5_0.5_5,inner,2,SA,0.001,0,Single,No_MSF,327,133783
result_SELECT_10_Heisenberg2D_cylinder_0.5_0.5_5,inner,2,SA,0.001,0,Single,No_Top,327,155003
result_SELECT_10_Heisenberg2D_cylinder_0.5_0.5_5,inner,2,SA,0.001,0,Double,Yes_Kink,300,251592
result_SELECT_10_Heisenberg2D_cylinder_0.5_0.5_5,inner,2,SA,0.001,1,Double,No_MSF,290,116781
result_SELECT_10_Heisenberg2D_cylinder_0.5_0.5_5,inner,2,SA,0.001,1,Double,No_Top,290,137845
result_SELECT_10_Heisenberg2D_cylinder_0.5_0.5_5,inner,2,SA,0.001,1,Proj,No_MSF,213,18556
result_SELECT_10_Heisenberg2D_cylinder_0.5_0.5_5,inner,2,SA,0.001,0,Single,No_Kink,330,248082
result_SELECT_10_Heisenberg2D_cylinder_0.5_0.5_5,inner,2,SA,0.001,1,Proj,No_Top,213,39932
result_SELECT_10_Heisenberg2D_cylinder_0.5_0.5_5,inner,1,naive,0,2,Proj,No_Kink,725,1924712
result_SELECT_10_Heisenberg2D_cylinder_0.5_0.5_5,inner,1,random,0,2,Double,Yes_Kink,451,768099
result_SELECT_10_Heisenberg2D_cylinder_0.5_0.5_5,inner,2,SA,0.001,0,Single,Yes_Kink,331,264876
result_SELECT_10_Heisenberg2D_cylinder_0.5_0.5_5,inner,2,SA,0.001,1,Single,No_MSF,327,133783
result_SELECT_10_Heisenberg2D_cylinder_0.5_0.5_5,inner,2,SA,0.001,1,Double,No_Kink,296,257353
result_SELECT_10_Heisenberg2D_cylinder_0.5_0.5_5,inner,2,SA,0.001,1,Single,No_Top,327,154595
result_SELECT_10_Heisenberg2D_cylinder_0.5_0.5_5,inner,2,SA,0.001,1,Double,Yes_Kink,304,262063
result_SELECT_10_Heisenberg2D_cylinder_0.5_0.5_5,inner,2,SA,0.001,2,Double,No_MSF,290,116781
result_SELECT_10_Heisenberg2D_cylinder_0.5_0.5_5,inner,1,naive,0,2,Proj,Yes_Kink,739,1933173
result_SELECT_10_Heisenberg2D_cylinder_0.5_0.5_5,inner,2,SA,0.001,2,Double,No_Top,291,137869
result_SELECT_10_Heisenberg2D_cylinder_0.5_0.5_5,inner,2,SA,0.001,1,Single,No_Kink,330,257065
result_SELECT_10_Heisenberg2D_cylinder_0.5_0.5_5,inner,2,SA,0.001,2,Proj,No_MSF,213,18556
result_SELECT_10_Heisenberg2D_cylinder_0.5_0.5_5,inner,2,SA,0.001,2,Proj,No_Top,213,39932
result_SELECT_10_Heisenberg2D_cylinder_0.5_0.5_5,inner,1,random,0,2,Single,No_Kink,730,912309
result_SELECT_10_Heisenberg2D_cylinder_0.5_0.5_5,inner,2,SA,0.001,1,Single,Yes_Kink,331,273062
result_SELECT_10_Heisenberg2D_cylinder_0.5_0.5_5,inner,2,SA,0.001,2,Single,No_MSF,327,133783
result_SELECT_10_Heisenberg2D_cylinder_0.5_0.5_5,inner,2,SA,0.001,2,Double,No_Kink,297,268356
result_SELECT_10_Heisenberg2D_cylinder_0.5_0.5_5,inner,2,SA,0.001,2,Single,No_Top,327,154300
result_SELECT_10_Heisenberg2D_cylinder_0.5_0.5_5,inner,2,SA,0.01,0,Double,No_MSF,290,116781
result_SELECT_10_Heisenberg2D_cylinder_0.5_0.5_5,inner,1,random,0,2,Proj,No_Kink,345,931224
result_SELECT_10_Heisenberg2D_cylinder_0.5_0.5_5,inner,2,SA,0.001,2,Double,Yes_Kink,303,272109
result_SELECT_10_Heisenberg2D_cylinder_0.5_0.5_5,inner,2,SA,0.01,0,Double,No_Top,290,138137
result_SELECT_10_Heisenberg2D_cylinder_0.5_0.5_5,inner,2,SA,0.001,2,Single,No_Kink,329,269362
result_SELECT_10_Heisenberg2D_cylinder_0.5_0.5_5,inner,2,SA,0.01,0,Proj,No_MSF,213,18556
result_SELECT_10_Heisenberg2D_cylinder_0.5_0.5_5,inner,2,SA,0.01,0,Double,No_Kink,292,238967
result_SELECT_10_Heisenberg2D_cylinder_0.5_0.5_5,inner,2,SA,0.01,0,Proj,No_Top,213,39932
result_SELECT_10_Heisenberg2D_cylinder_0.5_0.5_5,inner,2,SA,0.001,0,Proj,No_Kink,236,680892
result_SELECT_10_Heisenberg2D_cylinder_0.5_0.5_5,inner,1,random,0,2,Proj,Yes_Kink,354,940306
result_SELECT_10_Heisenberg2D_cylinder_0.5_0.5_5,inner,2,SA,0.01,0,Single,No_MSF,327,133783
result_SELECT_10_Heisenberg2D_cylinder_0.5_0.5_5,inner,2,SA,0.001,0,Proj,Yes_Kink,237,671663
result_SELECT_10_Heisenberg2D_cylinder_0.5_0.5_5,inner,2,SA,0.01,0,Single,No_Top,327,155003
result_SELECT_10_Heisenberg2D_cylinder_0.5_0.5_5,inner,2,SA,0.001,2,Single,Yes_Kink,330,284757
result_SELECT_10_Heisenberg2D_cylinder_0.5_0.5_5,inner,2,SA,0.01,0,Double,Yes_Kink,304,242278
result_SELECT_10_Heisenberg2D_cylinder_0.5_0.5_5,inner,2,SA,0.01,1,Double,No_MSF,290,116781
result_SELECT_10_Heisenberg2D_cylinder_0.5_0.5_5,inner,2,SA,0.01,1,Double,No_Top,290,137845
result_SELECT_10_Heisenberg2D_cylinder_0.5_0.5_5,inner,2,SA,0.01,0,Single,No_Kink,329,239602
result_SELECT_10_Heisenberg2D_cylinder_0.5_0.5_5,inner,2,SA,0.01,1,Proj,No_MSF,213,18556
result_SELECT_10_Heisenberg2D_cylinder_0.5_0.5_5,inner,2,SA,0.01,1,Proj,No_Top,213,39932
result_SELECT_10_Heisenberg2D_cylinder_0.5_0.5_5,inner,2,SA,0.01,1,Single,No_MSF,327,133783
result_SELECT_10_Heisenberg2D_cylinder_0.5_0.5_5,inner,2,SA,0.001,1,Proj,No_Kink,239,690622
result_SELECT_10_Heisenberg2D_cylinder_0.5_0.5_5,inner,2,SA,0.01,0,Single,Yes_Kink,330,253636
result_SELECT_10_Heisenberg2D_cylinder_0.5_0.5_5,inner,2,SA,0.01,1,Single,No_Top,327,154595
result_SELECT_10_Heisenberg2D_cylinder_0.5_0.5_5,inner,2,SA,0.01,1,Double,No_Kink,292,246301
result_SELECT_10_Heisenberg2D_cylinder_0.5_0.5_5,inner,2,SA,0.001,1,Proj,Yes_Kink,242,684552
result_SELECT_10_Heisenberg2D_cylinder_0.5_0.5_5,inner,2,SA,0.01,1,Double,Yes_Kink,300,249148
result_SELECT_10_Heisenberg2D_cylinder_0.5_0.5_5,inner,2,SA,0.01,2,Double,No_MSF,290,116781
result_SELECT_10_Heisenberg2D_cylinder_0.5_0.5_5,inner,2,SA,0.01,2,Double,No_Top,291,137869
result_SELECT_10_Heisenberg2D_cylinder_0.5_0.5_5,inner,2,SA,0.01,1,Single,No_Kink,329,244930
result_SELECT_10_Heisenberg2D_cylinder_0.5_0.5_5,inner,2,SA,0.01,2,Proj,No_MSF,213,18556
result_SELECT_10_Heisenberg2D_cylinder_0.5_0.5_5,inner,2,SA,0.01,2,Proj,No_Top,213,39932
result_SELECT_10_Heisenberg2D_cylinder_0.5_0.5_5,inner,2,SA,0.01,2,Single,No_MSF,327,133783
result_SELECT_10_Heisenberg2D_cylinder_0.5_0.5_5,inner,2,SA,0.01,1,Single,Yes_Kink,329,258824
result_SELECT_10_Heisenberg2D_cylinder_0.5_0.5_5,inner,2,SA,0.01,2,Double,No_Kink,293,257197
result_SELECT_10_Heisenberg2D_cylinder_0.5_0.5_5,inner,2,SA,0.01,2,Single,No_Top,327,154300
result_SELECT_10_Heisenberg2D_cylinder_0.5_0.5_5,inner,2,SA,0.001,2,Proj,Yes_Kink,252,689119
result_SELECT_10_Heisenberg2D_cylinder_0.5_0.5_5,inner,2,SA,0.1,0,Double,No_MSF,290,116781
result_SELECT_10_Heisenberg2D_cylinder_0.5_0.5_5,inner,2,SA,0.1,0,Double,No_Top,290,138137
result_SELECT_10_Heisenberg2D_cylinder_0.5_0.5_5,inner,2,SA,0.01,2,Double,Yes_Kink,301,260748
result_SELECT_10_Heisenberg2D_cylinder_0.5_0.5_5,inner,2,SA,0.001,2,Proj,No_Kink,248,694163
result_SELECT_10_Heisenberg2D_cylinder_0.5_0.5_5,inner,2,SA,0.01,2,Single,No_Kink,329,256159
result_SELECT_10_Heisenberg2D_cylinder_0.5_0.5_5,inner,2,SA,0.1,0,Proj,No_MSF,213,18556
result_SELECT_10_Heisenberg2D_cylinder_0.5_0.5_5,inner,2,SA,0.1,0,Proj,No_Top,213,39932
result_SELECT_10_Heisenberg2D_cylinder_0.5_0.5_5,inner,2,SA,0.1,0,Single,No_MSF,327,133783
result_SELECT_10_Heisenberg2D_cylinder_0.5_0.5_5,inner,2,SA,0.1,0,Double,No_Kink,291,238787
result_SELECT_10_Heisenberg2D_cylinder_0.5_0.5_5,inner,2,SA,0.01,2,Single,Yes_Kink,329,270239
result_SELECT_10_Heisenberg2D_cylinder_0.5_0.5_5,inner,2,SA,0.1,0,Single,No_Top,327,155003
result_SELECT_10_Heisenberg2D_cylinder_0.5_0.5_5,inner,2,SA,0.1,0,Double,Yes_Kink,300,241310
result_SELECT_10_Heisenberg2D_cylinder_0.5_0.5_5,inner,2,SA,0.01,0,Proj,No_Kink,230,677048
result_SELECT_10_Heisenberg2D_cylinder_0.5_0.5_5,inner,2,SA,0.1,1,Double,No_MSF,290,116781
result_SELECT_10_Heisenberg2D_cylinder_0.5_0.5_5,inner,2,SA,0.1,1,Double,No_Top,290,137845
result_SELECT_10_Heisenberg2D_cylinder_0.5_0.5_5,inner,2,SA,0.1,0,Single,No_Kink,329,240220
result_SELECT_10_Heisenberg2D_cylinder_0.5_0.5_5,inner,2,SA,0.01,0,Proj,Yes_Kink,233,667876
result_SELECT_10_Heisenberg2D_cylinder_0.5_0.5_5,inner,2,SA,0.1,1,Proj,No_MSF,213,18556
result_SELECT_10_Heisenberg2D_cylinder_0.5_0.5_5,inner,2,SA,0.1,1,Proj,No_Top,213,39932
result_SELECT_10_Heisenberg2D_cylinder_0.5_0.5_5,inner,2,SA,0.1,0,Single,Yes_Kink,329,256653
result_SELECT_10_Heisenberg2D_cylinder_0.5_0.5_5,inner,2,SA,0.1,1,Single,No_MSF,327,133783
result_SELECT_10_Heisenberg2D_cylinder_0.5_0.5_5,inner,2,SA,0.1,1,Double,No_Kink,290,245146
result_SELECT_10_Heisenberg2D_cylinder_0.5_0.5_5,inner,2,SA,0.1,1,Single,No_Top,327,154595
result_SELECT_10_Heisenberg2D_cylinder_0.5_0.5_5,inner,2,SA,0.01,1,Proj,No_Kink,237,682673
result_SELECT_10_Heisenberg2D_cylinder_0.5_0.5_5,inner,2,SA,0.1,1,Double,Yes_Kink,301,249213
result_SELECT_10_Heisenberg2D_cylinder_0.5_0.5_5,inner,2,SA,0.01,1,Proj,Yes_Kink,237,676562
result_SELECT_10_Heisenberg2D_cylinder_0.5_0.5_5,inner,2,SA,0.1,2,Double,No_MSF,290,116781
result_SELECT_10_Heisenberg2D_cylinder_0.5_0.5_5,inner,2,SA,0.1,2,Double,No_Top,291,137869
result_SELECT_10_Heisenberg2D_cylinder_0.5_0.5_5,inner,2,SA,0.1,1,Single,No_Kink,329,244499
result_SELECT_10_Heisenberg2D_cylinder_0.5_0.5_5,inner,2,SA,0.1,2,Proj,No_MSF,213,18556
result_SELECT_10_Heisenberg2D_cylinder_0.5_0.5_5,inner,2,SA,0.1,2,Proj,No_Top,213,39932
result_SELECT_10_Heisenberg2D_cylinder_0.5_0.5_5,inner,2,SA,0.1,1,Single,Yes_Kink,329,261162
result_SELECT_10_Heisenberg2D_cylinder_0.5_0.5_5,inner,2,SA,0.1,2,Single,No_MSF,327,133783
result_SELECT_10_Heisenberg2D_cylinder_0.5_0.5_5,inner,2,SA,0.1,2,Single,No_Top,327,154300
result_SELECT_10_Heisenberg2D_cylinder_0.5_0.5_5,inner,2,SA,0.1,2,Double,No_Kink,292,256119
result_SELECT_10_Heisenberg2D_cylinder_0.5_0.5_5,inner,2,SA,0.01,2,Proj,No_Kink,240,688266
result_SELECT_10_Heisenberg2D_cylinder_0.5_0.5_5,inner,2,SA,1,0,Double,No_MSF,290,116781
result_SELECT_10_Heisenberg2D_cylinder_0.5_0.5_5,inner,2,SA,0.1,2,Double,Yes_Kink,303,260592
result_SELECT_10_Heisenberg2D_cylinder_0.5_0.5_5,inner,2,SA,0.01,2,Proj,Yes_Kink,243,681701
result_SELECT_10_Heisenberg2D_cylinder_0.5_0.5_5,inner,2,SA,1,0,Double,No_Top,290,138137
result_SELECT_10_Heisenberg2D_cylinder_0.5_0.5_5,inner,2,SA,0.1,2,Single,No_Kink,329,257377
result_SELECT_10_Heisenberg2D_cylinder_0.5_0.5_5,inner,2,SA,1,0,Proj,No_MSF,213,18556
result_SELECT_10_Heisenberg2D_cylinder_0.5_0.5_5,inner,2,SA,1,0,Proj,No_Top,213,39932
result_SELECT_10_Heisenberg2D_cylinder_0.5_0.5_5,inner,2,SA,1,0,Double,No_Kink,291,234366
result_SELECT_10_Heisenberg2D_cylinder_0.5_0.5_5,inner,2,SA,1,0,Single,No_MSF,327,133783
result_SELECT_10_Heisenberg2D_cylinder_0.5_0.5_5,inner,2,SA,0.1,2,Single,Yes_Kink,331,273761
result_SELECT_10_Heisenberg2D_cylinder_0.5_0.5_5,inner,2,SA,1,0,Single,No_Top,327,155003
result_SELECT_10_Heisenberg2D_cylinder_0.5_0.5_5,inner,2,SA,0.1,0,Proj,No_Kink,235,675804
result_SELECT_10_Heisenberg2D_cylinder_0.5_0.5_5,inner,2,SA,1,0,Double,Yes_Kink,303,237406
result_SELECT_10_Heisenberg2D_cylinder_0.5_0.5_5,inner,2,SA,0.1,0,Proj,Yes_Kink,236,666674
result_SELECT_10_Heisenberg2D_cylinder_0.5_0.5_5,inner,2,SA,1,1,Double,No_MSF,290,116781
result_SELECT_10_Heisenberg2D_cylinder_0.5_0.5_5,inner,2,SA,1,1,Double,No_Top,290,137845
result_SELECT_10_Heisenberg2D_cylinder_0.5_0.5_5,inner,2,SA,1,0,Single,No_Kink,328,234372
result_SELECT_10_Heisenberg2D_cylinder_0.5_0.5_5,inner,2,SA,1,1,Proj,No_MSF,213,18556
result_SELECT_10_Heisenberg2D_cylinder_0.5_0.5_5,inner,2,SA,1,1,Proj,No_Top,213,39932
result_SELECT_10_Heisenberg2D_cylinder_0.5_0.5_5,inner,2,SA,1,0,Single,Yes_Kink,328,249765
result_SELECT_10_Heisenberg2D_cylinder_0.5_0.5_5,inner,2,SA,1,1,Single,No_MSF,327,133783
result_SELECT_10_Heisenberg2D_cylinder_0.5_0.5_5,inner,2,SA,1,1,Single,No_Top,327,154595
result_SELECT_10_Heisenberg2D_cylinder_0.5_0.5_5,inner,2,SA,1,1,Double,No_Kink,290,241518
result_SELECT_10_Heisenberg2D_cylinder_0.5_0.5_5,inner,2,SA,1,1,Double,Yes_Kink,302,244904
result_SELECT_10_Heisenberg2D_cylinder_0.5_0.5_5,inner,2,SA,0.1,1,Proj,No_Kink,237,682108
result_SELECT_10_Heisenberg2D_cylinder_0.5_0.5_5,inner,2,SA,1,2,Double,No_MSF,290,116781
result_SELECT_10_Heisenberg2D_cylinder_0.5_0.5_5,inner,2,SA,1,2,Double,No_Top,291,137869
result_SELECT_10_Heisenberg2D_cylinder_0.5_0.5_5,inner,2,SA,1,1,Single,No_Kink,328,238925
result_SELECT_10_Heisenberg2D_cylinder_0.5_0.5_5,inner,2,SA,0.1,1,Proj,Yes_Kink,243,677642
result_SELECT_10_Heisenberg2D_cylinder_0.5_0.5_5,inner,2,SA,1,2,Proj,No_MSF,213,18556
result_SELECT_10_Heisenberg2D_cylinder_0.5_0.5_5,inner,2,SA,1,2,Proj,No_Top,213,39932
result_SELECT_10_Heisenberg2D_cylinder_0.5_0.5_5,inner,2,SA,1,1,Single,Yes_Kink,328,254108
result_SELECT_10_Heisenberg2D_cylinder_0.5_0.5_5,inner,2,SA,1,2,Single,No_MSF,327,133783
result_SELECT_10_Heisenberg2D_cylinder_0.5_0.5_5,inner,2,SA,1,2,Double,No_Kink,293,252353
result_SELECT_10_Heisenberg2D_cylinder_0.5_0.5_5,inner,2,SA,1,2,Single,No_Top,327,154300
result_SELECT_10_Heisenberg2D_cylinder_0.5_0.5_5,inner,2,naive,0,0,Double,No_MSF,290,116781
result_SELECT_10_Heisenberg2D_cylinder_0.5_0.5_5,inner,2,SA,0.1,2,Proj,No_Kink,243,690266
result_SELECT_10_Heisenberg2D_cylinder_0.5_0.5_5,inner,2,SA,0.1,2,Proj,Yes_Kink,246,682881
result_SELECT_10_Heisenberg2D_cylinder_0.5_0.5_5,inner,2,SA,1,2,Double,Yes_Kink,302,255645
result_SELECT_10_Heisenberg2D_cylinder_0.5_0.5_5,inner,2,naive,0,0,Double,No_Top,290,138137
result_SELECT_10_Heisenberg2D_cylinder_0.5_0.5_5,inner,2,SA,1,2,Single,No_Kink,328,251634
result_SELECT_10_Heisenberg2D_cylinder_0.5_0.5_5,inner,2,naive,0,0,Proj,No_MSF,213,18556
result_SELECT_10_Heisenberg2D_cylinder_0.5_0.5_5,inner,2,naive,0,0,Proj,No_Top,213,39932
result_SELECT_10_Heisenberg2D_cylinder_0.5_0.5_5,inner,2,naive,0,0,Single,No_MSF,327,133783
result_SELECT_10_Heisenberg2D_cylinder_0.5_0.5_5,inner,2,SA,1,2,Single,Yes_Kink,328,266673
result_SELECT_10_Heisenberg2D_cylinder_0.5_0.5_5,inner,2,naive,0,0,Single,No_Top,327,155003
result_SELECT_10_Heisenberg2D_cylinder_0.5_0.5_5,inner,2,SA,1,0,Proj,No_Kink,229,664245
result_SELECT_10_Heisenberg2D_cylinder_0.5_0.5_5,inner,2,naive,0,1,Double,No_MSF,290,116781
result_SELECT_10_Heisenberg2D_cylinder_0.5_0.5_5,inner,2,SA,1,0,Proj,Yes_Kink,233,653443
result_SELECT_10_Heisenberg2D_cylinder_0.5_0.5_5,inner,2,naive,0,1,Double,No_Top,290,137845
result_SELECT_10_Heisenberg2D_cylinder_0.5_0.5_5,inner,2,naive,0,1,Proj,No_MSF,213,18556
result_SELECT_10_Heisenberg2D_cylinder_0.5_0.5_5,inner,2,naive,0,1,Proj,No_Top,213,39932
result_SELECT_10_Heisenberg2D_cylinder_0.5_0.5_5,inner,2,SA,1,1,Proj,No_Kink,233,669391
result_SELECT_10_Heisenberg2D_cylinder_0.5_0.5_5,inner,2,SA,1,1,Proj,Yes_Kink,234,664490
result_SELECT_10_Heisenberg2D_cylinder_0.5_0.5_5,inner,2,naive,0,1,Single,No_MSF,327,133783
result_SELECT_10_Heisenberg2D_cylinder_0.5_0.5_5,inner,2,naive,0,1,Single,No_Top,327,154595
result_SELECT_10_Heisenberg2D_cylinder_0.5_0.5_5,inner,2,naive,0,0,Double,No_Kink,556,570421
result_SELECT_10_Heisenberg2D_cylinder_0.5_0.5_5,inner,2,naive,0,0,Double,Yes_Kink,559,570417
result_SELECT_10_Heisenberg2D_cylinder_0.5_0.5_5,inner,2,naive,0,2,Double,No_MSF,290,116781
result_SELECT_10_Heisenberg2D_cylinder_0.5_0.5_5,inner,2,naive,0,2,Double,No_Top,291,137869
result_SELECT_10_Heisenberg2D_cylinder_0.5_0.5_5,inner,2,naive,0,0,Single,No_Kink,652,594991
result_SELECT_10_Heisenberg2D_cylinder_0.5_0.5_5,inner,2,SA,1,2,Proj,No_Kink,236,677786
result_SELECT_10_Heisenberg2D_cylinder_0.5_0.5_5,inner,2,SA,1,2,Proj,Yes_Kink,242,671936
result_SELECT_10_Heisenberg2D_cylinder_0.5_0.5_5,inner,2,naive,0,2,Proj,No_MSF,213,18556
result_SELECT_10_Heisenberg2D_cylinder_0.5_0.5_5,inner,2,naive,0,0,Single,Yes_Kink,629,603243
result_SELECT_10_Heisenberg2D_cylinder_0.5_0.5_5,inner,2,naive,0,2,Proj,No_Top,213,39932
result_SELECT_10_Heisenberg2D_cylinder_0.5_0.5_5,inner,2,naive,0,1,Double,No_Kink,558,575363
result_SELECT_10_Heisenberg2D_cylinder_0.5_0.5_5,inner,2,naive,0,2,Single,No_MSF,327,133783
result_SELECT_10_Heisenberg2D_cylinder_0.5_0.5_5,inner,2,naive,0,1,Double,Yes_Kink,565,584263
result_SELECT_10_Heisenberg2D_cylinder_0.5_0.5_5,inner,2,naive,0,2,Single,No_Top,327,154300
result_SELECT_10_Heisenberg2D_cylinder_0.5_0.5_5,inner,2,random,0,0,Double,No_MSF,290,116781
result_SELECT_10_Heisenberg2D_cylinder_0.5_0.5_5,inner,2,random,0,0,Double,No_Top,290,138137
result_SELECT_10_Heisenberg2D_cylinder_0.5_0.5_5,inner,2,naive,0,1,Single,No_Kink,645,596757
result_SELECT_10_Heisenberg2D_cylinder_0.5_0.5_5,inner,2,random,0,0,Proj,No_MSF,213,18556
result_SELECT_10_Heisenberg2D_cylinder_0.5_0.5_5,inner,2,naive,0,1,Single,Yes_Kink,631,606569
result_SELECT_10_Heisenberg2D_cylinder_0.5_0.5_5,inner,2,random,0,0,Proj,No_Top,213,39932
result_SELECT_10_Heisenberg2D_cylinder_0.5_0.5_5,inner,2,naive,0,2,Double,No_Kink,559,589961
result_SELECT_10_Heisenberg2D_cylinder_0.5_0.5_5,inner,2,random,0,0,Single,No_MSF,327,133783
result_SELECT_10_Heisenberg2D_cylinder_0.5_0.5_5,inner,2,naive,0,2,Double,Yes_Kink,571,602307
result_SELECT_10_Heisenberg2D_cylinder_0.5_0.5_5,inner,2,random,0,0,Single,No_Top,327,155003
result_SELECT_10_Heisenberg2D_cylinder_0.5_0.5_5,inner,2,naive,0,2,Single,No_Kink,648,605476
result_SELECT_10_Heisenberg2D_cylinder_0.5_0.5_5,inner,2,random,0,1,Double,No_MSF,290,116781
result_SELECT_10_Heisenberg2D_cylinder_0.5_0.5_5,inner,2,naive,0,2,Single,Yes_Kink,641,619022
result_SELECT_10_Heisenberg2D_cylinder_0.5_0.5_5,inner,2,random,0,0,Double,No_Kink,304,483670
result_SELECT_10_Heisenberg2D_cylinder_0.5_0.5_5,inner,2,random,0,1,Double,No_Top,290,137845
result_SELECT_10_Heisenberg2D_cylinder_0.5_0.5_5,inner,2,random,0,0,Double,Yes_Kink,315,483479
result_SELECT_10_Heisenberg2D_cylinder_0.5_0.5_5,inner,2,random,0,1,Proj,No_MSF,213,18556
result_SELECT_10_Heisenberg2D_cylinder_0.5_0.5_5,inner,2,random,0,1,Proj,No_Top,213,39932
result_SELECT_10_Heisenberg2D_cylinder_0.5_0.5_5,inner,2,random,0,1,Single,No_MSF,327,133783
result_SELECT_10_Heisenberg2D_cylinder_0.5_0.5_5,inner,2,random,0,0,Single,No_Kink,358,495227
result_SELECT_10_Heisenberg2D_cylinder_0.5_0.5_5,inner,2,random,0,1,Single,No_Top,327,154595
result_SELECT_10_Heisenberg2D_cylinder_0.5_0.5_5,inner,2,random,0,0,Single,Yes_Kink,361,506723
result_SELECT_10_Heisenberg2D_cylinder_0.5_0.5_5,inner,2,random,0,1,Double,No_Kink,306,485294
result_SELECT_10_Heisenberg2D_cylinder_0.5_0.5_5,inner,2,random,0,2,Double,No_MSF,290,116781
result_SELECT_10_Heisenberg2D_cylinder_0.5_0.5_5,inner,2,random,0,0,Proj,No_Kink,257,756796
result_SELECT_10_Heisenberg2D_cylinder_0.5_0.5_5,inner,2,random,0,2,Double,No_Top,291,137869
result_SELECT_10_Heisenberg2D_cylinder_0.5_0.5_5,inner,2,random,0,1,Double,Yes_Kink,316,486752
result_SELECT_10_Heisenberg2D_cylinder_0.5_0.5_5,inner,2,naive,0,0,Proj,Yes_Kink,567,1604062
result_SELECT_10_Heisenberg2D_cylinder_0.5_0.5_5,inner,2,naive,0,0,Proj,No_Kink,555,1595849
result_SELECT_10_Heisenberg2D_cylinder_0.5_0.5_5,inner,2,random,0,2,Proj,No_MSF,213,18556
result_SELECT_10_Heisenberg2D_cylinder_0.5_0.5_5,inner,2,random,0,0,Proj,Yes_Kink,261,756115
result_SELECT_10_Heisenberg2D_cylinder_0.5_0.5_5,inner,2,random,0,2,Proj,No_Top,213,39932
result_SELECT_10_Heisenberg2D_cylinder_0.5_0.5_5,inner,2,random,0,1,Single,No_Kink,356,498078
result_SELECT_10_Heisenberg2D_cylinder_0.5_0.5_5,inner,2,random,0,2,Single,No_MSF,327,133783
result_SELECT_10_Heisenberg2D_cylinder_0.5_0.5_5,inner,2,random,0,2,Single,No_Top,327,154300
result_SELECT_10_Heisenberg2D_cylinder_0.5_0.5_5,outer,1,SA,0.001,0,Double,No_MSF,290,116781
result_SELECT_10_Heisenberg2D_cylinder_0.5_0.5_5,inner,2,naive,0,1,Proj,No_Kink,565,1623943
result_SELECT_10_Heisenberg2D_cylinder_0.5_0.5_5,outer,1,SA,0.001,0,Double,No_Top,290,138137
result_SELECT_10_Heisenberg2D_cylinder_0.5_0.5_5,inner,2,random,0,1,Single,Yes_Kink,361,510320
result_SELECT_10_Heisenberg2D_cylinder_0.5_0.5_5,inner,2,naive,0,1,Proj,Yes_Kink,577,1633090
result_SELECT_10_Heisenberg2D_cylinder_0.5_0.5_5,outer,1,SA,0.001,0,Proj,No_MSF,213,18556
result_SELECT_10_Heisenberg2D_cylinder_0.5_0.5_5,outer,1,SA,0.001,0,Proj,No_Top,213,39932
result_SELECT_10_Heisenberg2D_cylinder_0.5_0.5_5,inner,2,random,0,1,Proj,No_Kink,260,762165
result_SELECT_10_Heisenberg2D_cylinder_0.5_0.5_5,inner,2,random,0,2,Double,No_Kink,304,491181
result_SELECT_10_Heisenberg2D_cylinder_0.5_0.5_5,inner,2,random,0,1,Proj,Yes_Kink,263,760245
result_SELECT_10_Heisenberg2D_cylinder_0.5_0.5_5,outer,1,SA,0.001,0,Single,No_MSF,327,133783
result_SELECT_10_Heisenberg2D_cylinder_0.5_0.5_5,outer,1,SA,0.001,0,Single,No_Top,327,155003
result_SELECT_10_Heisenberg2D_cylinder_0.5_0.5_5,inner,2,random,0,2,Double,Yes_Kink,317,492408
result_SELECT_10_Heisenberg2D_cylinder_0.5_0.5_5,outer,1,SA,0.001,0,Double,No_Kink,299,311315
result_SELECT_10_Heisenberg2D_cylinder_0.5_0.5_5,outer,1,SA,0.001,1,Double,No_MSF,290,116781
result_SELECT_10_Heisenberg2D_cylinder_0.5_0.5_5,outer,1,SA,0.001,1,Double,No_Top,290,137845
result_SELECT_10_Heisenberg2D_cylinder_0.5_0.5_5,outer,1,SA,0.001,0,Double,Yes_Kink,305,315338
result_SELECT_10_Heisenberg2D_cylinder_0.5_0.5_5,outer,1,SA,0.001,1,Proj,No_MSF,213,18556
result_SELECT_10_Heisenberg2D_cylinder_0.5_0.5_5,inner,2,naive,0,2,Proj,No_Kink,577,1659528
result_SELECT_10_Heisenberg2D_cylinder_0.5_0.5_5,outer,1,SA,0.001,1,Proj,No_Top,213,39932
result_SELECT_10_Heisenberg2D_cylinder_0.5_0.5_5,inner,2,random,0,2,Single,No_Kink,356,505468
result_SELECT_10_Heisenberg2D_cylinder_0.5_0.5_5,inner,2,naive,0,2,Proj,Yes_Kink,588,1661980
result_SELECT_10_Heisenberg2D_cylinder_0.5_0.5_5,outer,1,SA,0.001,1,Single,No_MSF,327,133783
result_SELECT_10_Heisenberg2D_cylinder_0.5_0.5_5,inner,2,random,0,2,Single,Yes_Kink,359,515001
result_SELECT_10_Heisenberg2D_cylinder_0.5_0.5_5,outer,1,SA,0.001,0,Single,No_Kink,347,326927
result_SELECT_10_Heisenberg2D_cylinder_0.5_0.5_5,outer,1,SA,0.001,1,Single,No_Top,327,154595
result_SELECT_10_Heisenberg2D_cylinder_0.5_0.5_5,outer,1,SA,0.001,2,Double,No_MSF,290,116781
result_SELECT_10_Heisenberg2D_cylinder_0.5_0.5_5,outer,1,SA,0.001,1,Double,No_Kink,297,315514
result_SELECT_10_Heisenberg2D_cylinder_0.5_0.5_5,outer,1,SA,0.001,2,Double,No_Top,291,137869
result_SELECT_10_Heisenberg2D_cylinder_0.5_0.5_5,outer,1,SA,0.001,2,Proj,No_MSF,213,18556
result_SELECT_10_Heisenberg2D_cylinder_0.5_0.5_5,outer,1,SA,0.001,2,Proj,No_Top,213,39932
result_SELECT_10_Heisenberg2D_cylinder_0.5_0.5_5,outer,1,SA,0.001,1,Double,Yes_Kink,305,324815
result_SELECT_10_Heisenberg2D_cylinder_0.5_0.5_5,outer,1,SA,0.001,2,Single,No_MSF,327,133783
result_SELECT_10_Heisenberg2D_cylinder_0.5_0.5_5,inner,2,random,0,2,Proj,No_Kink,264,773641
result_SELECT_10_Heisenberg2D_cylinder_0.5_0.5_5,outer,1,SA,0.001,2,Single,No_Top,327,154300
result_SELECT_10_Heisenberg2D_cylinder_0.5_0.5_5,outer,1,SA,0.001,1,Single,No_Kink,346,328002
result_SELECT_10_Heisenberg2D_cylinder_0.5_0.5_5,outer,1,SA,0.01,0,Double,No_MSF,290,116781
result_SELECT_10_Heisenberg2D_cylinder_0.5_0.5_5,inner,2,random,0,2,Proj,Yes_Kink,269,772856
result_SELECT_10_Heisenberg2D_cylinder_0.5_0.5_5,outer,1,SA,0.01,0,Double,No_Top,290,138137
result_SELECT_10_Heisenberg2D_cylinder_0.5_0.5_5,outer,1,SA,0.001,2,Double,No_Kink,297,333907
result_SELECT_10_Heisenberg2D_cylinder_0.5_0.5_5,outer,1,SA,0.01,0,Proj,No_MSF,213,18556
result_SELECT_10_Heisenberg2D_cylinder_0.5_0.5_5,outer,1,SA,0.01,0,Proj,No_Top,213,39932
result_SELECT_10_Heisenberg2D_cylinder_0.5_0.5_5,outer,1,SA,0.001,2,Double,Yes_Kink,304,343189
result_SELECT_10_Heisenberg2D_cylinder_0.5_0.5_5,outer,1,SA,0.01,0,Single,No_MSF,327,133783
result_SELECT_10_Heisenberg2D_cylinder_0.5_0.5_5,outer,1,SA,0.001,0,Proj,No_Kink,265,720259
result_SELECT_10_Heisenberg2D_cylinder_0.5_0.5_5,outer,1,SA,0.01,0,Single,No_Top,327,155003
result_SELECT_10_Heisenberg2D_cylinder_0.5_0.5_5,outer,1,SA,0.001,2,Single,No_Kink,352,339648
result_SELECT_10_Heisenberg2D_cylinder_0.5_0.5_5,outer,1,SA,0.01,1,Double,No_MSF,290,116781
result_SELECT_10_Heisenberg2D_cylinder_0.5_0.5_5,outer,1,SA,0.001,0,Proj,Yes_Kink,273,723627
result_SELECT_10_Heisenberg2D_cylinder_0.5_0.5_5,outer,1,SA,0.01,0,Double,No_Kink,301,302989
result_SELECT_10_Heisenberg2D_cylinder_0.5_0.5_5,outer,1,SA,0.01,1,Double,No_Top,290,137845
result_SELECT_10_Heisenberg2D_cylinder_0.5_0.5_5,outer,1,SA,0.01,0,Double,Yes_Kink,309,304549
result_SELECT_10_Heisenberg2D_cylinder_0.5_0.5_5,outer,1,SA,0.01,1,Proj,No_MSF,213,18556
result_SELECT_10_Heisenberg2D_cylinder_0.5_0.5_5,outer,1,SA,0.01,1,Proj,No_Top,213,39932
result_SELECT_10_Heisenberg2D_cylinder_0.5_0.5_5,outer,1,SA,0.01,1,Single,No_MSF,327,133783
result_SELECT_10_Heisenberg2D_cylinder_0.5_0.5_5,outer,1,SA,0.01,0,Single,No_Kink,350,316392
result_SELECT_10_Heisenberg2D_cylinder_0.5_0.5_5,outer,1,SA,0.01,1,Single,No_Top,327,154595
result_SELECT_10_Heisenberg2D_cylinder_0.5_0.5_5,outer,1,SA,0.001,1,Proj,No_Kink,265,716158
result_SELECT_10_Heisenberg2D_cylinder_0.5_0.5_5,outer,1,SA,0.01,2,Double,No_MSF,290,116781
result_SELECT_10_Heisenberg2D_cylinder_0.5_0.5_5,outer,1,SA,0.01,1,Double,No_Kink,304,304845
result_SELECT_10_Heisenberg2D_cylinder_0.5_0.5_5,outer,1,SA,0.01,2,Double,No_Top,291,137869
result_SELECT_10_Heisenberg2D_cylinder_0.5_0.5_5,outer,1,SA,0.001,1,Proj,Yes_Kink,273,724865
result_SELECT_10_Heisenberg2D_cylinder_0.5_0.5_5,outer,1,SA,0.01,2,Proj,No_MSF,213,18556
result_SELECT_10_Heisenberg2D_cylinder_0.5_0.5_5,outer,1,SA,0.01,1,Double,Yes_Kink,307,311831
result_SELECT_10_Heisenberg2D_cylinder_0.5_0.5_5,outer,1,SA,0.01,2,Proj,No_Top,213,39932
result_SELECT_10_Heisenberg2D_cylinder_0.5_0.5_5,outer,1,SA,0.01,1,Single,No_Kink,350,317148
result_SELECT_10_Heisenberg2D_cylinder_0.5_0.5_5,outer,1,SA,0.01,2,Single,No_MSF,327,133783
result_SELECT_10_Heisenberg2D_cylinder_0.5_0.5_5,outer,1,SA,0.01,2,Single,No_Top,327,154300
result_SELECT_10_Heisenberg2D_cylinder_0.5_0.5_5,outer,1,SA,0.1,0,Double,No_MSF,290,116781
result_SELECT_10_Heisenberg2D_cylinder_0.5_0.5_5,outer,1,SA,0.001,2,Proj,No_Kink,268,719559
result_SELECT_10_Heisenberg2D_cylinder_0.5_0.5_5,outer,1,SA,0.01,2,Double,No_Kink,302,314921
result_SELECT_10_Heisenberg2D_cylinder_0.5_0.5_5,outer,1,SA,0.001,2,Proj,Yes_Kink,273,717065
result_SELECT_10_Heisenberg2D_cylinder_0.5_0.5_5,outer,1,SA,0.1,0,Double,No_Top,290,138137
result_SELECT_10_Heisenberg2D_cylinder_0.5_0.5_5,outer,1,SA,0.01,2,Double,Yes_Kink,310,323686
result_SELECT_10_Heisenberg2D_cylinder_0.5_0.5_5,outer,1,SA,0.1,0,Proj,No_Top,213,39932
result_SELECT_10_Heisenberg2D_cylinder_0.5_0.5_5,outer,1,SA,0.1,0,Proj,No_MSF,213,18556
result_SELECT_10_Heisenberg2D_cylinder_0.5_0.5_5,outer,1,SA,0.1,0,Single,No_MSF,327,133783
result_SELECT_10_Heisenberg2D_cylinder_0.5_0.5_5,outer,1,SA,0.01,2,Single,No_Kink,354,326791
result_SELECT_10_Heisenberg2D_cylinder_0.5_0.5_5,outer,1,SA,0.01,0,Proj,No_Kink,262,715816
result_SELECT_10_Heisenberg2D_cylinder_0.5_0.5_5,outer,1,SA,0.1,0,Single,No_Top,327,155003
result_SELECT_10_Heisenberg2D_cylinder_0.5_0.5_5,outer,1,SA,0.1,1,Double,No_MSF,290,116781
result_SELECT_10_Heisenberg2D_cylinder_0.5_0.5_5,outer,1,SA,0.1,0,Double,No_Kink,308,304019
result_SELECT_10_Heisenberg2D_cylinder_0.5_0.5_5,outer,1,SA,0.01,0,Proj,Yes_Kink,269,719203
result_SELECT_10_Heisenberg2D_cylinder_0.5_0.5_5,outer,1,SA,0.1,1,Double,No_Top,290,137845
result_SELECT_10_Heisenberg2D_cylinder_0.5_0.5_5,outer,1,SA,0.1,1,Proj,No_MSF,213,18556
result_SELECT_10_Heisenberg2D_cylinder_0.5_0.5_5,outer,1,SA,0.1,1,Proj,No_Top,213,39932
result_SELECT_10_Heisenberg2D_cylinder_0.5_0.5_5,outer,1,SA,0.1,0,Double,Yes_Kink,309,304887
result_SELECT_10_Heisenberg2D_cylinder_0.5_0.5_5,outer,1,SA,0.1,1,Single,No_MSF,327,133783
result_SELECT_10_Heisenberg2D_cylinder_0.5_0.5_5,outer,1,SA,0.1,0,Single,No_Kink,347,315403
result_SELECT_10_Heisenberg2D_cylinder_0.5_0.5_5,outer,1,SA,0.1,2,Double,No_MSF,290,116781
result_SELECT_10_Heisenberg2D_cylinder_0.5_0.5_5,outer,1,SA,0.1,1,Single,No_Top,327,154595
result_SELECT_10_Heisenberg2D_cylinder_0.5_0.5_5,outer,1,SA,0.01,1,Proj,No_Kink,260,712105
result_SELECT_10_Heisenberg2D_cylinder_0.5_0.5_5,outer,1,SA,0.1,1,Double,No_Kink,304,304589
result_SELECT_10_Heisenberg2D_cylinder_0.5_0.5_5,outer,1,SA,0.1,2,Double,No_Top,291,137869
result_SELECT_10_Heisenberg2D_cylinder_0.5_0.5_5,outer,1,SA,0.01,1,Proj,Yes_Kink,269,717096
result_SELECT_10_Heisenberg2D_cylinder_0.5_0.5_5,outer,1,SA,0.1,2,Proj,No_MSF,213,18556
result_SELECT_10_Heisenberg2D_cylinder_0.5_0.5_5,outer,1,SA,0.1,2,Proj,No_Top,213,39932
result_SELECT_10_Heisenberg2D_cylinder_0.5_0.5_5,outer,1,SA,0.1,1,Double,Yes_Kink,313,312460
result_SELECT_10_Heisenberg2D_cylinder_0.5_0.5_5,outer,1,SA,0.1,1,Single,No_Kink,347,316655
result_SELECT_10_Heisenberg2D_cylinder_0.5_0.5_5,outer,1,SA,0.1,2,Single,No_MSF,327,133783
result_SELECT_10_Heisenberg2D_cylinder_0.5_0.5_5,outer,1,SA,0.1,2,Single,No_Top,327,154300
result_SELECT_10_Heisenberg2D_cylinder_0.5_0.5_5,outer,1,SA,0.01,2,Proj,No_Kink,261,710727
result_SELECT_10_Heisenberg2D_cylinder_0.5_0.5_5,outer,1,SA,1,0,Double,No_MSF,290,116781
result_SELECT_10_Heisenberg2D_cylinder_0.5_0.5_5,outer,1,SA,1,0,Double,No_Top,290,138137
result_SELECT_10_Heisenberg2D_cylinder_0.5_0.5_5,outer,1,SA,0.1,2,Double,No_Kink,303,316023
result_SELECT_10_Heisenberg2D_cylinder_0.5_0.5_5,outer,1,SA,0.01,2,Proj,Yes_Kink,269,713182
result_SELECT_10_Heisenberg2D_cylinder_0.5_0.5_5,outer,1,SA,1,0,Proj,No_MSF,213,18556
result_SELECT_10_Heisenberg2D_cylinder_0.5_0.5_5,outer,1,SA,0.1,2,Double,Yes_Kink,306,326360
result_SELECT_10_Heisenberg2D_cylinder_0.5_0.5_5,outer,1,SA,1,0,Proj,No_Top,213,39932
result_SELECT_10_Heisenberg2D_cylinder_0.5_0.5_5,outer,1,SA,1,0,Single,No_MSF,327,133783
result_SELECT_10_Heisenberg2D_cylinder_0.5_0.5_5,outer,1,SA,0.1,2,Single,No_Kink,346,329745
result_SELECT_10_Heisenberg2D_cylinder_0.5_0.5_5,outer,1,SA,1,0,Single,No_Top,327,155003
result_SELECT_10_Heisenberg2D_cylinder_0.5_0.5_5,outer,1,SA,1,0,Double,No_Kink,306,283677
result_SELECT_10_Heisenberg2D_cylinder_0.5_0.5_5,outer,1,SA,1,1,Double,No_MSF,290,116781
result_SELECT_10_Heisenberg2D_cylinder_0.5_0.5_5,outer,1,SA,0.1,0,Proj,No_Kink,258,708812
result_SELECT_10_Heisenberg2D_cylinder_0.5_0.5_5,outer,1,SA,0.1,0,Proj,Yes_Kink,265,715722
result_SELECT_10_Heisenberg2D_cylinder_0.5_0.5_5,outer,1,SA,1,1,Double,No_Top,290,137845
result_SELECT_10_Heisenberg2D_cylinder_0.5_0.5_5,outer,1,SA,1,0,Double,Yes_Kink,314,287139
result_SELECT_10_Heisenberg2D_cylinder_0.5_0.5_5,outer,1,SA,1,1,Proj,No_MSF,213,18556
result_SELECT_10_Heisenberg2D_cylinder_0.5_0.5_5,outer,1,SA,1,0,Single,No_Kink,350,296499
result_SELECT_10_Heisenberg2D_cylinder_0.5_0.5_5,outer,1,SA,1,1,Proj,No_Top,213,39932
result_SELECT_10_Heisenberg2D_cylinder_0.5_0.5_5,outer,1,SA,1,1,Single,No_MSF,327,133783
result_SELECT_10_Heisenberg2D_cylinder_0.5_0.5_5,outer,1,SA,1,1,Single,No_Top,327,154595
result_SELECT_10_Heisenberg2D_cylinder_0.5_0.5_5,outer,1,SA,1,2,Double,No_MSF,290,116781
result_SELECT_10_Heisenberg2D_cylinder_0.5_0.5_5,outer,1,SA,1,1,Double,No_Kink,304,285651
result_SELECT_10_Heisenberg2D_cylinder_0.5_0.5_5,outer,1,SA,0.1,1,Proj,No_Kink,260,709955
result_SELECT_10_Heisenberg2D_cylinder_0.5_0.5_5,outer,1,SA,1,2,Double,No_Top,291,137869
result_SELECT_10_Heisenberg2D_cylinder_0.5_0.5_5,outer,1,SA,0.1,1,Proj,Yes_Kink,263,709423
result_SELECT_10_Heisenberg2D_cylinder_0.5_0.5_5,outer,1,SA,1,1,Double,Yes_Kink,313,291493
result_SELECT_10_Heisenberg2D_cylinder_0.5_0.5_5,outer,1,SA,1,2,Proj,No_MSF,213,18556
result_SELECT_10_Heisenberg2D_cylinder_0.5_0.5_5,outer,1,SA,1,2,Proj,No_Top,213,39932
result_SELECT_10_Heisenberg2D_cylinder_0.5_0.5_5,outer,1,SA,1,2,Single,No_MSF,327,133783
result_SELECT_10_Heisenberg2D_cylinder_0.5_0.5_5,outer,1,SA,1,1,Single,No_Kink,355,298218
result_SELECT_10_Heisenberg2D_cylinder_0.5_0.5_5,outer,1,SA,1,2,Single,No_Top,327,154300
result_SELECT_10_Heisenberg2D_cylinder_0.5_0.5_5,outer,1,naive,0,0,Double,No_MSF,290,116781
result_SELECT_10_Heisenberg2D_cylinder_0.5_0.5_5,outer,1,SA,1,2,Double,No_Kink,307,295919
result_SELECT_10_Heisenberg2D_cylinder_0.5_0.5_5,outer,1,SA,0.1,2,Proj,No_Kink,261,708741
result_SELECT_10_Heisenberg2D_cylinder_0.5_0.5_5,outer,1,naive,0,0,Double,No_Top,290,138137
result_SELECT_10_Heisenberg2D_cylinder_0.5_0.5_5,outer,1,SA,0.1,2,Proj,Yes_Kink,268,715983
result_SELECT_10_Heisenberg2D_cylinder_0.5_0.5_5,outer,1,SA,1,2,Double,Yes_Kink,316,301157
result_SELECT_10_Heisenberg2D_cylinder_0.5_0.5_5,outer,1,naive,0,0,Proj,No_MSF,213,18556
result_SELECT_10_Heisenberg2D_cylinder_0.5_0.5_5,outer,1,naive,0,0,Proj,No_Top,213,39932
result_SELECT_10_Heisenberg2D_cylinder_0.5_0.5_5,outer,1,SA,1,2,Single,No_Kink,359,306052
result_SELECT_10_Heisenberg2D_cylinder_0.5_0.5_5,outer,1,naive,0,0,Single,No_MSF,327,133783
result_SELECT_10_Heisenberg2D_cylinder_0.5_0.5_5,outer,1,naive,0,0,Single,No_Top,327,155003
result_SELECT_10_Heisenberg2D_cylinder_0.5_0.5_5,outer,1,naive,0,1,Double,No_MSF,290,116781
result_SELECT_10_Heisenberg2D_cylinder_0.5_0.5_5,outer,1,naive,0,1,Double,No_Top,290,137845
result_SELECT_10_Heisenberg2D_cylinder_0.5_0.5_5,outer,1,SA,1,0,Proj,No_Kink,260,714141
result_SELECT_10_Heisenberg2D_cylinder_0.5_0.5_5,outer,1,SA,1,0,Proj,Yes_Kink,268,717878
result_SELECT_10_Heisenberg2D_cylinder_0.5_0.5_5,outer,1,naive,0,1,Proj,No_MSF,213,18556
result_SELECT_10_Heisenberg2D_cylinder_0.5_0.5_5,outer,1,naive,0,1,Proj,No_Top,213,39932
result_SELECT_10_Heisenberg2D_cylinder_0.5_0.5_5,outer,1,naive,0,1,Single,No_MSF,327,133783
result_SELECT_10_Heisenberg2D_cylinder_0.5_0.5_5,outer,1,naive,0,1,Single,No_Top,327,154595
result_SELECT_10_Heisenberg2D_cylinder_0.5_0.5_5,outer,1,SA,1,1,Proj,No_Kink,259,709196
result_SELECT_10_Heisenberg2D_cylinder_0.5_0.5_5,outer,1,SA,1,1,Proj,Yes_Kink,270,718490
result_SELECT_10_Heisenberg2D_cylinder_0.5_0.5_5,outer,1,naive,0,2,Double,No_MSF,290,116781
result_SELECT_10_Heisenberg2D_cylinder_0.5_0.5_5,outer,1,naive,0,2,Double,No_Top,291,137869
result_SELECT_10_Heisenberg2D_cylinder_0.5_0.5_5,outer,1,SA,1,2,Proj,No_Kink,261,713437
result_SELECT_10_Heisenberg2D_cylinder_0.5_0.5_5,outer,1,naive,0,2,Proj,No_MSF,213,18556
result_SELECT_10_Heisenberg2D_cylinder_0.5_0.5_5,outer,1,naive,0,0,Double,No_Kink,640,729286
result_SELECT_10_Heisenberg2D_cylinder_0.5_0.5_5,outer,1,naive,0,0,Double,Yes_Kink,633,725251
result_SELECT_10_Heisenberg2D_cylinder_0.5_0.5_5,outer,1,SA,1,2,Proj,Yes_Kink,271,722000
result_SELECT_10_Heisenberg2D_cylinder_0.5_0.5_5,outer,1,naive,0,2,Proj,No_Top,213,39932
result_SELECT_10_Heisenberg2D_cylinder_0.5_0.5_5,outer,1,naive,0,0,Single,No_Kink,845,813691
result_SELECT_10_Heisenberg2D_cylinder_0.5_0.5_5,outer,1,naive,0,2,Single,No_MSF,327,133783
result_SELECT_10_Heisenberg2D_cylinder_0.5_0.5_5,outer,1,naive,0,2,Single,No_Top,327,154300
result_SELECT_10_Heisenberg2D_cylinder_0.5_0.5_5,outer,1,random,0,0,Double,No_MSF,290,116781
result_SELECT_10_Heisenberg2D_cylinder_0.5_0.5_5,outer,1,random,0,0,Double,No_Top,290,138137
result_SELECT_10_Heisenberg2D_cylinder_0.5_0.5_5,outer,1,naive,0,1,Double,No_Kink,629,732797
result_SELECT_10_Heisenberg2D_cylinder_0.5_0.5_5,outer,1,naive,0,1,Double,Yes_Kink,626,732853
result_SELECT_10_Heisenberg2D_cylinder_0.5_0.5_5,outer,1,random,0,0,Proj,No_MSF,213,18556
result_SELECT_10_Heisenberg2D_cylinder_0.5_0.5_5,outer,1,random,0,0,Proj,No_Top,213,39932
result_SELECT_10_Heisenberg2D_cylinder_0.5_0.5_5,outer,1,naive,0,1,Single,No_Kink,844,814119
result_SELECT_10_Heisenberg2D_cylinder_0.5_0.5_5,outer,1,random,0,0,Single,No_MSF,327,133783
result_SELECT_10_Heisenberg2D_cylinder_0.5_0.5_5,outer,1,random,0,0,Single,No_Top,327,155003
result_SELECT_10_Heisenberg2D_cylinder_0.5_0.5_5,outer,1,naive,0,2,Double,No_Kink,650,747601
result_SELECT_10_Heisenberg2D_cylinder_0.5_0.5_5,outer,1,random,0,1,Double,No_MSF,290,116781
result_SELECT_10_Heisenberg2D_cylinder_0.5_0.5_5,outer,1,random,0,1,Double,No_Top,290,137845
result_SELECT_10_Heisenberg2D_cylinder_0.5_0.5_5,outer,1,naive,0,2,Double,Yes_Kink,647,749169
result_SELECT_10_Heisenberg2D_cylinder_0.5_0.5_5,outer,1,random,0,1,Proj,No_MSF,213,18556
result_SELECT_10_Heisenberg2D_cylinder_0.5_0.5_5,outer,1,naive,0,2,Single,No_Kink,850,817104
result_SELECT_10_Heisenberg2D_cylinder_0.5_0.5_5,outer,1,random,0,1,Proj,No_Top,213,39932
result_SELECT_10_Heisenberg2D_cylinder_0.5_0.5_5,outer,1,random,0,0,Double,No_Kink,479,819932
result_SELECT_10_Heisenberg2D_cylinder_0.5_0.5_5,outer,1,random,0,0,Double,Yes_Kink,476,815254
result_SELECT_10_Heisenberg2D_cylinder_0.5_0.5_5,outer,1,random,0,1,Single,No_MSF,327,133783
result_SELECT_10_Heisenberg2D_cylinder_0.5_0.5_5,outer,1,random,0,1,Single,No_Top,327,154595
result_SELECT_10_Heisenberg2D_cylinder_0.5_0.5_5,outer,1,random,0,2,Double,No_MSF,290,116781
result_SELECT_10_Heisenberg2D_cylinder_0.5_0.5_5,outer,1,random,0,0,Single,No_Kink,792,992855
result_SELECT_10_Heisenberg2D_cylinder_0.5_0.5_5,outer,1,random,0,2,Double,No_Top,291,137869
result_SELECT_10_Heisenberg2D_cylinder_0.5_0.5_5,outer,1,random,0,1,Double,No_Kink,478,823488
result_SELECT_10_Heisenberg2D_cylinder_0.5_0.5_5,outer,1,random,0,0,Proj,No_Kink,355,964923
result_SELECT_10_Heisenberg2D_cylinder_0.5_0.5_5,outer,1,random,0,0,Proj,Yes_Kink,362,969536
result_SELECT_10_Heisenberg2D_cylinder_0.5_0.5_5,outer,1,random,0,1,Double,Yes_Kink,480,821802
result_SELECT_10_Heisenberg2D_cylinder_0.5_0.5_5,outer,1,random,0,2,Proj,No_MSF,213,18556
result_SELECT_10_Heisenberg2D_cylinder_0.5_0.5_5,outer,1,random,0,2,Proj,No_Top,213,39932
result_SELECT_10_Heisenberg2D_cylinder_0.5_0.5_5,outer,1,naive,0,0,Proj,Yes_Kink,738,1936363
result_SELECT_10_Heisenberg2D_cylinder_0.5_0.5_5,outer,1,random,0,2,Single,No_MSF,327,133783
result_SELECT_10_Heisenberg2D_cylinder_0.5_0.5_5,outer,1,random,0,2,Single,No_Top,327,154300
result_SELECT_10_Heisenberg2D_cylinder_0.5_0.5_5,outer,1,naive,0,0,Proj,No_Kink,723,1928041
result_SELECT_10_Heisenberg2D_cylinder_0.5_0.5_5,outer,2,SA,0.001,0,Double,No_MSF,290,116781
result_SELECT_10_Heisenberg2D_cylinder_0.5_0.5_5,outer,2,SA,0.001,0,Double,No_Top,290,138137
result_SELECT_10_Heisenberg2D_cylinder_0.5_0.5_5,outer,1,random,0,1,Single,No_Kink,786,985574
result_SELECT_10_Heisenberg2D_cylinder_0.5_0.5_5,outer,1,naive,0,1,Proj,No_Kink,727,1933803
result_SELECT_10_Heisenberg2D_cylinder_0.5_0.5_5,outer,2,SA,0.001,0,Proj,No_MSF,213,18556
result_SELECT_10_Heisenberg2D_cylinder_0.5_0.5_5,outer,1,naive,0,1,Proj,Yes_Kink,735,1921188
result_SELECT_10_Heisenberg2D_cylinder_0.5_0.5_5,outer,1,random,0,1,Proj,No_Kink,356,965481
result_SELECT_10_Heisenberg2D_cylinder_0.5_0.5_5,outer,2,SA,0.001,0,Proj,No_Top,213,39932
result_SELECT_10_Heisenberg2D_cylinder_0.5_0.5_5,outer,2,SA,0.001,0,Double,No_Kink,294,278486
result_SELECT_10_Heisenberg2D_cylinder_0.5_0.5_5,outer,2,SA,0.001,0,Single,No_MSF,327,133783
result_SELECT_10_Heisenberg2D_cylinder_0.5_0.5_5,outer,2,SA,0.001,0,Double,Yes_Kink,304,281373
result_SELECT_10_Heisenberg2D_cylinder_0.5_0.5_5,outer,1,random,0,1,Proj,Yes_Kink,362,969093
result_SELECT_10_Heisenberg2D_cylinder_0.5_0.5_5,outer,2,SA,0.001,0,Single,No_Top,327,155003
result_SELECT_10_Heisenberg2D_cylinder_0.5_0.5_5,outer,1,random,0,2,Double,No_Kink,476,819247
result_SELECT_10_Heisenberg2D_cylinder_0.5_0.5_5,outer,2,SA,0.001,1,Double,No_MSF,290,116781
result_SELECT_10_Heisenberg2D_cylinder_0.5_0.5_5,outer,2,SA,0.001,1,Double,No_Top,290,137845
result_SELECT_10_Heisenberg2D_cylinder_0.5_0.5_5,outer,2,SA,0.001,1,Proj,No_MSF,213,18556
result_SELECT_10_Heisenberg2D_cylinder_0.5_0.5_5,outer,2,SA,0.001,0,Single,No_Kink,335,283539
result_SELECT_10_Heisenberg2D_cylinder_0.5_0.5_5,outer,2,SA,0.001,1,Proj,No_Top,213,39932
result_SELECT_10_Heisenberg2D_cylinder_0.5_0.5_5,outer,2,SA,0.001,0,Single,Yes_Kink,335,295864
result_SELECT_10_Heisenberg2D_cylinder_0.5_0.5_5,outer,1,random,0,2,Double,Yes_Kink,479,828637
result_SELECT_10_Heisenberg2D_cylinder_0.5_0.5_5,outer,1,naive,0,2,Proj,No_Kink,725,1924712
result_SELECT_10_Heisenberg2D_cylinder_0.5_0.5_5,outer,2,SA,0.001,1,Double,No_Kink,298,283964
result_SELECT_10_Heisenberg2D_cylinder_0.5_0.5_5,outer,2,SA,0.001,1,Single,No_MSF,327,133783
result_SELECT_10_Heisenberg2D_cylinder_0.5_0.5_5,outer,2,SA,0.001,1,Single,No_Top,327,154595
result_SELECT_10_Heisenberg2D_cylinder_0.5_0.5_5,outer,1,naive,0,2,Proj,Yes_Kink,739,1933173
result_SELECT_10_Heisenberg2D_cylinder_0.5_0.5_5,outer,2,SA,0.001,1,Double,Yes_Kink,308,287449
result_SELECT_10_Heisenberg2D_cylinder_0.5_0.5_5,outer,2,SA,0.001,2,Double,No_MSF,290,116781
result_SELECT_10_Heisenberg2D_cylinder_0.5_0.5_5,outer,2,SA,0.001,2,Double,No_Top,291,137869
result_SELECT_10_Heisenberg2D_cylinder_0.5_0.5_5,outer,1,random,0,2,Single,No_Kink,786,982772
result_SELECT_10_Heisenberg2D_cylinder_0.5_0.5_5,outer,2,SA,0.001,2,Proj,No_MSF,213,18556
result_SELECT_10_Heisenberg2D_cylinder_0.5_0.5_5,outer,2,SA,0.001,2,Proj,No_Top,213,39932
result_SELECT_10_Heisenberg2D_cylinder_0.5_0.5_5,outer,2,SA,0.001,1,Single,No_Kink,333,285449
result_SELECT_10_Heisenberg2D_cylinder_0.5_0.5_5,outer,2,SA,0.001,2,Single,No_MSF,327,133783
result_SELECT_10_Heisenberg2D_cylinder_0.5_0.5_5,outer,2,SA,0.001,2,Single,No_Top,327,154300
result_SELECT_10_Heisenberg2D_cylinder_0.5_0.5_5,outer,2,SA,0.001,2,Double,No_Kink,296,292184
result_SELECT_10_Heisenberg2D_cylinder_0.5_0.5_5,outer,2,SA,0.001,1,Single,Yes_Kink,334,298709
result_SELECT_10_Heisenberg2D_cylinder_0.5_0.5_5,outer,2,SA,0.01,0,Double,No_MSF,290,116781
result_SELECT_10_Heisenberg2D_cylinder_0.5_0.5_5,outer,1,random,0,2,Proj,No_Kink,355,964097
result_SELECT_10_Heisenberg2D_cylinder_0.5_0.5_5,outer,2,SA,0.001,2,Double,Yes_Kink,305,298541
result_SELECT_10_Heisenberg2D_cylinder_0.5_0.5_5,outer,2,SA,0.01,0,Double,No_Top,290,138137
result_SELECT_10_Heisenberg2D_cylinder_0.5_0.5_5,outer,1,random,0,2,Proj,Yes_Kink,364,969211
result_SELECT_10_Heisenberg2D_cylinder_0.5_0.5_5,outer,2,SA,0.001,2,Single,No_Kink,334,295641
result_SELECT_10_Heisenberg2D_cylinder_0.5_0.5_5,outer,2,SA,0.001,0,Proj,No_Kink,238,704665
result_SELECT_10_Heisenberg2D_cylinder_0.5_0.5_5,outer,2,SA,0.01,0,Proj,No_MSF,213,18556
result_SELECT_10_Heisenberg2D_cylinder_0.5_0.5_5,outer,2,SA,0.01,0,Proj,No_Top,213,39932
result_SELECT_10_Heisenberg2D_cylinder_0.5_0.5_5,outer,2,SA,0.001,0,Proj,Yes_Kink,241,696081
result_SELECT_10_Heisenberg2D_cylinder_0.5_0.5_5,outer,2,SA,0.01,0,Single,No_MSF,327,133783
result_SELECT_10_Heisenberg2D_cylinder_0.5_0.5_5,outer,2,SA,0.01,0,Single,No_Top,327,155003
result_SELECT_10_Heisenberg2D_cylinder_0.5_0.5_5,outer,2,SA,0.001,2,Single,Yes_Kink,336,307429
result_SELECT_10_Heisenberg2D_cylinder_0.5_0.5_5,outer,2,SA,0.01,0,Double,No_Kink,294,276593
result_SELECT_10_Heisenberg2D_cylinder_0.5_0.5_5,outer,2,SA,0.01,1,Double,No_MSF,290,116781
result_SELECT_10_Heisenberg2D_cylinder_0.5_0.5_5,outer,2,SA,0.01,1,Double,No_Top,290,137845
result_SELECT_10_Heisenberg2D_cylinder_0.5_0.5_5,outer,2,SA,0.01,0,Double,Yes_Kink,303,277744
result_SELECT_10_Heisenberg2D_cylinder_0.5_0.5_5,outer,2,SA,0.01,1,Proj,No_MSF,213,18556
result_SELECT_10_Heisenberg2D_cylinder_0.5_0.5_5,outer,2,SA,0.01,1,Proj,No_Top,213,39932
result_SELECT_10_Heisenberg2D_cylinder_0.5_0.5_5,outer,2,SA,0.001,1,Proj,No_Kink,240,705907
result_SELECT_10_Heisenberg2D_cylinder_0.5_0.5_5,outer,2,SA,0.01,0,Single,No_Kink,330,278987
result_SELECT_10_Heisenberg2D_cylinder_0.5_0.5_5,outer,2,SA,0.01,1,Single,No_MSF,327,133783
result_SELECT_10_Heisenberg2D_cylinder_0.5_0.5_5,outer,2,SA,0.01,1,Single,No_Top,327,154595
result_SELECT_10_Heisenberg2D_cylinder_0.5_0.5_5,outer,2,SA,0.01,0,Single,Yes_Kink,338,295180
result_SELECT_10_Heisenberg2D_cylinder_0.5_0.5_5,outer,2,SA,0.001,1,Proj,Yes_Kink,243,697275
result_SELECT_10_Heisenberg2D_cylinder_0.5_0.5_5,outer,2,SA,0.01,1,Double,No_Kink,295,278616
result_SELECT_10_Heisenberg2D_cylinder_0.5_0.5_5,outer,2,SA,0.01,2,Double,No_MSF,290,116781
result_SELECT_10_Heisenberg2D_cylinder_0.5_0.5_5,outer,2,SA,0.01,2,Double,No_Top,291,137869
result_SELECT_10_Heisenberg2D_cylinder_0.5_0.5_5,outer,2,SA,0.01,1,Double,Yes_Kink,302,281728
result_SELECT_10_Heisenberg2D_cylinder_0.5_0.5_5,outer,2,SA,0.01,2,Proj,No_MSF,213,18556
result_SELECT_10_Heisenberg2D_cylinder_0.5_0.5_5,outer,2,SA,0.01,2,Proj,No_Top,213,39932
result_SELECT_10_Heisenberg2D_cylinder_0.5_0.5_5,outer,2,SA,0.01,1,Single,No_Kink,329,281037
result_SELECT_10_Heisenberg2D_cylinder_0.5_0.5_5,outer,2,SA,0.01,2,Single,No_MSF,327,133783
result_SELECT_10_Heisenberg2D_cylinder_0.5_0.5_5,outer,2,SA,0.001,2,Proj,No_Kink,242,705535
result_SELECT_10_Heisenberg2D_cylinder_0.5_0.5_5,outer,2,SA,0.01,2,Single,No_Top,327,154300
result_SELECT_10_Heisenberg2D_cylinder_0.5_0.5_5,outer,2,SA,0.01,1,Single,Yes_Kink,333,296670
result_SELECT_10_Heisenberg2D_cylinder_0.5_0.5_5,outer,2,SA,0.001,2,Proj,Yes_Kink,245,699995
result_SELECT_10_Heisenberg2D_cylinder_0.5_0.5_5,outer,2,SA,0.01,2,Double,No_Kink,294,288801
result_SELECT_10_Heisenberg2D_cylinder_0.5_0.5_5,outer,2,SA,0.1,0,Double,No_MSF,290,116781
result_SELECT_10_Heisenberg2D_cylinder_0.5_0.5_5,outer,2,SA,0.1,0,Double,No_Top,290,138137
result_SELECT_10_Heisenberg2D_cylinder_0.5_0.5_5,outer,2,SA,0.01,2,Double,Yes_Kink,303,291329
result_SELECT_10_Heisenberg2D_cylinder_0.5_0.5_5,outer,2,SA,0.1,0,Proj,No_MSF,213,18556
result_SELECT_10_Heisenberg2D_cylinder_0.5_0.5_5,outer,2,SA,0.1,0,Proj,No_Top,213,39932
result_SELECT_10_Heisenberg2D_cylinder_0.5_0.5_5,outer,2,SA,0.01,2,Single,No_Kink,332,288848
result_SELECT_10_Heisenberg2D_cylinder_0.5_0.5_5,outer,2,SA,0.1,0,Single,No_MSF,327,133783
result_SELECT_10_Heisenberg2D_cylinder_0.5_0.5_5,outer,2,SA,0.1,0,Double,No_Kink,300,270371
result_SELECT_10_Heisenberg2D_cylinder_0.5_0.5_5,outer,2,SA,0.1,0,Single,No_Top,327,155003
result_SELECT_10_Heisenberg2D_cylinder_0.5_0.5_5,outer,2,SA,0.01,2,Single,Yes_Kink,331,304495
result_SELECT_10_Heisenberg2D_cylinder_0.5_0.5_5,outer,2,SA,0.1,0,Double,Yes_Kink,308,271066
result_SELECT_10_Heisenberg2D_cylinder_0.5_0.5_5,outer,2,SA,0.1,1,Double,No_MSF,290,116781
result_SELECT_10_Heisenberg2D_cylinder_0.5_0.5_5,outer,2,SA,0.01,0,Proj,Yes_Kink,246,715412
result_SELECT_10_Heisenberg2D_cylinder_0.5_0.5_5,outer,2,SA,0.01,0,Proj,No_Kink,240,720705
result_SELECT_10_Heisenberg2D_cylinder_0.5_0.5_5,outer,2,SA,0.1,1,Double,No_Top,290,137845
result_SELECT_10_Heisenberg2D_cylinder_0.5_0.5_5,outer,2,SA,0.1,0,Single,No_Kink,338,273446
result_SELECT_10_Heisenberg2D_cylinder_0.5_0.5_5,outer,2,SA,0.1,1,Proj,No_MSF,213,18556
result_SELECT_10_Heisenberg2D_cylinder_0.5_0.5_5,outer,2,SA,0.1,1,Proj,No_Top,213,39932
result_SELECT_10_Heisenberg2D_cylinder_0.5_0.5_5,outer,2,SA,0.1,1,Single,No_MSF,327,133783
result_SELECT_10_Heisenberg2D_cylinder_0.5_0.5_5,outer,2,SA,0.1,0,Single,Yes_Kink,343,292045
result_SELECT_10_Heisenberg2D_cylinder_0.5_0.5_5,outer,2,SA,0.1,1,Double,No_Kink,297,272309
result_SELECT_10_Heisenberg2D_cylinder_0.5_0.5_5,outer,2,SA,0.1,1,Single,No_Top,327,154595
result_SELECT_10_Heisenberg2D_cylinder_0.5_0.5_5,outer,2,SA,0.01,1,Proj,No_Kink,242,721408
result_SELECT_10_Heisenberg2D_cylinder_0.5_0.5_5,outer,2,SA,0.1,2,Double,No_MSF,290,116781
result_SELECT_10_Heisenberg2D_cylinder_0.5_0.5_5,outer,2,SA,0.01,1,Proj,Yes_Kink,245,714341
result_SELECT_10_Heisenberg2D_cylinder_0.5_0.5_5,outer,2,SA,0.1,1,Double,Yes_Kink,307,275675
result_SELECT_10_Heisenberg2D_cylinder_0.5_0.5_5,outer,2,SA,0.1,2,Double,No_Top,291,137869
result_SELECT_10_Heisenberg2D_cylinder_0.5_0.5_5,outer,2,SA,0.1,1,Single,No_Kink,337,274843
result_SELECT_10_Heisenberg2D_cylinder_0.5_0.5_5,outer,2,SA,0.1,2,Proj,No_MSF,213,18556
result_SELECT_10_Heisenberg2D_cylinder_0.5_0.5_5,outer,2,SA,0.1,2,Proj,No_Top,213,39932
result_SELECT_10_Heisenberg2D_cylinder_0.5_0.5_5,outer,2,SA,0.1,2,Single,No_MSF,327,133783
result_SELECT_10_Heisenberg2D_cylinder_0.5_0.5_5,outer,2,SA,0.1,1,Single,Yes_Kink,343,292760
result_SELECT_10_Heisenberg2D_cylinder_0.5_0.5_5,outer,2,SA,0.1,2,Single,No_Top,327,154300
result_SELECT_10_Heisenberg2D_cylinder_0.5_0.5_5,outer,2,SA,0.01,2,Proj,No_Kink,245,726141
result_SELECT_10_Heisenberg2D_cylinder_0.5_0.5_5,outer,2,SA,0.1,2,Double,No_Kink,299,281856
result_SELECT_10_Heisenberg2D_cylinder_0.5_0.5_5,outer,2,SA,1,0,Double,No_MSF,290,116781
result_SELECT_10_Heisenberg2D_cylinder_0.5_0.5_5,outer,2,SA,0.01,2,Proj,Yes_Kink,247,719128
result_SELECT_10_Heisenberg2D_cylinder_0.5_0.5_5,outer,2,SA,0.1,2,Double,Yes_Kink,306,286848
result_SELECT_10_Heisenberg2D_cylinder_0.5_0.5_5,outer,2,SA,1,0,Double,No_Top,290,138137
result_SELECT_10_Heisenberg2D_cylinder_0.5_0.5_5,outer,2,SA,1,0,Proj,No_MSF,213,18556
result_SELECT_10_Heisenberg2D_cylinder_0.5_0.5_5,outer,2,SA,0.1,2,Single,No_Kink,337,283146
result_SELECT_10_Heisenberg2D_cylinder_0.5_0.5_5,outer,2,SA,1,0,Proj,No_Top,213,39932
result_SELECT_10_Heisenberg2D_cylinder_0.5_0.5_5,outer,2,SA,1,0,Double,No_Kink,293,252477
result_SELECT_10_Heisenberg2D_cylinder_0.5_0.5_5,outer,2,SA,1,0,Single,No_MSF,327,133783
result_SELECT_10_Heisenberg2D_cylinder_0.5_0.5_5,outer,2,SA,0.1,2,Single,Yes_Kink,344,300192
result_SELECT_10_Heisenberg2D_cylinder_0.5_0.5_5,outer,2,SA,1,0,Single,No_Top,327,155003
result_SELECT_10_Heisenberg2D_cylinder_0.5_0.5_5,outer,2,SA,0.1,0,Proj,Yes_Kink,245,714007
result_SELECT_10_Heisenberg2D_cylinder_0.5_0.5_5,outer,2,SA,0.1,0,Proj,No_Kink,242,722974
result_SELECT_10_Heisenberg2D_cylinder_0.5_0.5_5,outer,2,SA,1,0,Double,Yes_Kink,302,252770
result_SELECT_10_Heisenberg2D_cylinder_0.5_0.5_5,outer,2,SA,1,1,Double,No_Top,290,137845
result_SELECT_10_Heisenberg2D_cylinder_0.5_0.5_5,outer,2,SA,1,1,Double,No_MSF,290,116781
result_SELECT_10_Heisenberg2D_cylinder_0.5_0.5_5,outer,2,SA,1,0,Single,No_Kink,330,254796
result_SELECT_10_Heisenberg2D_cylinder_0.5_0.5_5,outer,2,SA,1,1,Proj,No_MSF,213,18556
result_SELECT_10_Heisenberg2D_cylinder_0.5_0.5_5,outer,2,SA,1,1,Proj,No_Top,213,39932
result_SELECT_10_Heisenberg2D_cylinder_0.5_0.5_5,outer,2,SA,1,0,Single,Yes_Kink,333,269509
result_SELECT_10_Heisenberg2D_cylinder_0.5_0.5_5,outer,2,SA,1,1,Single,No_MSF,327,133783
result_SELECT_10_Heisenberg2D_cylinder_0.5_0.5_5,outer,2,SA,1,1,Single,No_Top,327,154595
result_SELECT_10_Heisenberg2D_cylinder_0.5_0.5_5,outer,2,SA,1,1,Double,No_Kink,294,253520
result_SELECT_10_Heisenberg2D_cylinder_0.5_0.5_5,outer,2,SA,0.1,1,Proj,No_Kink,243,726024
result_SELECT_10_Heisenberg2D_cylinder_0.5_0.5_5,outer,2,SA,1,1,Double,Yes_Kink,305,255024
result_SELECT_10_Heisenberg2D_cylinder_0.5_0.5_5,outer,2,SA,1,2,Double,No_MSF,290,116781
result_SELECT_10_Heisenberg2D_cylinder_0.5_0.5_5,outer,2,SA,1,2,Double,No_Top,291,137869
result_SELECT_10_Heisenberg2D_cylinder_0.5_0.5_5,outer,2,SA,0.1,1,Proj,Yes_Kink,246,717280
result_SELECT_10_Heisenberg2D_cylinder_0.5_0.5_5,outer,2,SA,1,2,Proj,No_MSF,213,18556
result_SELECT_10_Heisenberg2D_cylinder_0.5_0.5_5,outer,2,SA,1,1,Single,No_Kink,330,254573
result_SELECT_10_Heisenberg2D_cylinder_0.5_0.5_5,outer,2,SA,1,2,Proj,No_Top,213,39932
result_SELECT_10_Heisenberg2D_cylinder_0.5_0.5_5,outer,2,SA,1,2,Single,No_MSF,327,133783
result_SELECT_10_Heisenberg2D_cylinder_0.5_0.5_5,outer,2,SA,1,1,Single,Yes_Kink,333,269690
result_SELECT_10_Heisenberg2D_cylinder_0.5_0.5_5,outer,2,SA,1,2,Single,No_Top,327,154300
result_SELECT_10_Heisenberg2D_cylinder_0.5_0.5_5,outer,2,SA,1,2,Double,No_Kink,292,257931
result_SELECT_10_Heisenberg2D_cylinder_0.5_0.5_5,outer,2,SA,0.1,2,Proj,No_Kink,245,730236
result_SELECT_10_Heisenberg2D_cylinder_0.5_0.5_5,outer,2,naive,0,0,Double,No_MSF,290,116781
result_SELECT_10_Heisenberg2D_cylinder_0.5_0.5_5,outer,2,SA,1,2,Double,Yes_Kink,304,260547
result_SELECT_10_Heisenberg2D_cylinder_0.5_0.5_5,outer,2,SA,0.1,2,Proj,Yes_Kink,249,722964
result_SELECT_10_Heisenberg2D_cylinder_0.5_0.5_5,outer,2,naive,0,0,Double,No_Top,290,138137
result_SELECT_10_Heisenberg2D_cylinder_0.5_0.5_5,outer,2,SA,1,2,Single,No_Kink,330,258973
result_SELECT_10_Heisenberg2D_cylinder_0.5_0.5_5,outer,2,naive,0,0,Proj,No_MSF,213,18556
result_SELECT_10_Heisenberg2D_cylinder_0.5_0.5_5,outer,2,naive,0,0,Proj,No_Top,213,39932
result_SELECT_10_Heisenberg2D_cylinder_0.5_0.5_5,outer,2,SA,1,2,Single,Yes_Kink,332,273772
result_SELECT_10_Heisenberg2D_cylinder_0.5_0.5_5,outer,2,naive,0,0,Single,No_MSF,327,133783
result_SELECT_10_Heisenberg2D_cylinder_0.5_0.5_5,outer,2,naive,0,0,Single,No_Top,327,155003
result_SELECT_10_Heisenberg2D_cylinder_0.5_0.5_5,outer,2,SA,1,0,Proj,No_Kink,245,726698
result_SELECT_10_Heisenberg2D_cylinder_0.5_0.5_5,outer,2,SA,1,0,Proj,Yes_Kink,250,724914
result_SELECT_10_Heisenberg2D_cylinder_0.5_0.5_5,outer,2,naive,0,1,Double,No_MSF,290,116781
result_SELECT_10_Heisenberg2D_cylinder_0.5_0.5_5,outer,2,naive,0,1,Double,No_Top,290,137845
result_SELECT_10_Heisenberg2D_cylinder_0.5_0.5_5,outer,2,naive,0,1,Proj,No_MSF,213,18556
result_SELECT_10_Heisenberg2D_cylinder_0.5_0.5_5,outer,2,naive,0,1,Proj,No_Top,213,39932
result_SELECT_10_Heisenberg2D_cylinder_0.5_0.5_5,outer,2,naive,0,1,Single,No_MSF,327,133783
result_SELECT_10_Heisenberg2D_cylinder_0.5_0.5_5,outer,2,SA,1,1,Proj,No_Kink,248,731422
result_SELECT_10_Heisenberg2D_cylinder_0.5_0.5_5,outer,2,naive,0,0,Double,No_Kink,556,570421
result_SELECT_10_Heisenberg2D_cylinder_0.5_0.5_5,outer,2,SA,1,1,Proj,Yes_Kink,252,730104
result_SELECT_10_Heisenberg2D_cylinder_0.5_0.5_5,outer,2,naive,0,0,Double,Yes_Kink,559,570417
result_SELECT_10_Heisenberg2D_cylinder_0.5_0.5_5,outer,2,naive,0,1,Single,No_Top,327,154595
result_SELECT_10_Heisenberg2D_cylinder_0.5_0.5_5,outer,2,naive,0,0,Single,No_Kink,652,594991
result_SELECT_10_Heisenberg2D_cylinder_0.5_0.5_5,outer,2,naive,0,2,Double,No_MSF,290,116781
result_SELECT_10_Heisenberg2D_cylinder_0.5_0.5_5,outer,2,naive,0,2,Double,No_Top,291,137869
result_SELECT_10_Heisenberg2D_cylinder_0.5_0.5_5,outer,2,naive,0,2,Proj,No_MSF,213,18556
result_SELECT_10_Heisenberg2D_cylinder_0.5_0.5_5,outer,2,naive,0,0,Single,Yes_Kink,629,603243
result_SELECT_10_Heisenberg2D_cylinder_0.5_0.5_5,outer,2,SA,1,2,Proj,No_Kink,254,741088
result_SELECT_10_Heisenberg2D_cylinder_0.5_0.5_5,outer,2,naive,0,2,Proj,No_Top,213,39932
result_SELECT_10_Heisenberg2D_cylinder_0.5_0.5_5,outer,2,naive,0,1,Double,No_Kink,558,575363
result_SELECT_10_Heisenberg2D_cylinder_0.5_0.5_5,outer,2,SA,1,2,Proj,Yes_Kink,257,737423
result_SELECT_10_Heisenberg2D_cylinder_0.5_0.5_5,outer,2,naive,0,1,Double,Yes_Kink,565,584263
result_SELECT_10_Heisenberg2D_cylinder_0.5_0.5_5,outer,2,naive,0,2,Single,No_MSF,327,133783
result_SELECT_10_Heisenberg2D_cylinder_0.5_0.5_5,outer,2,naive,0,2,Single,No_Top,327,154300
result_SELECT_10_Heisenberg2D_cylinder_0.5_0.5_5,outer,2,random,0,0,Double,No_MSF,290,116781
result_SELECT_10_Heisenberg2D_cylinder_0.5_0.5_5,outer,2,naive,0,1,Single,No_Kink,645,596757
result_SELECT_10_Heisenberg2D_cylinder_0.5_0.5_5,outer,2,random,0,0,Double,No_Top,290,138137
result_SELECT_10_Heisenberg2D_cylinder_0.5_0.5_5,outer,2,random,0,0,Proj,No_MSF,213,18556
result_SELECT_10_Heisenberg2D_cylinder_0.5_0.5_5,outer,2,random,0,0,Proj,No_Top,213,39932
result_SELECT_10_Heisenberg2D_cylinder_0.5_0.5_5,outer,2,naive,0,2,Double,No_Kink,559,589961
result_SELECT_10_Heisenberg2D_cylinder_0.5_0.5_5,outer,2,naive,0,1,Single,Yes_Kink,631,606569
result_SELECT_10_Heisenberg2D_cylinder_0.5_0.5_5,outer,2,naive,0,2,Double,Yes_Kink,571,602307
result_SELECT_10_Heisenberg2D_cylinder_0.5_0.5_5,outer,2,random,0,0,Single,No_MSF,327,133783
result_SELECT_10_Heisenberg2D_cylinder_0.5_0.5_5,outer,2,random,0,0,Single,No_Top,327,155003
result_SELECT_10_Heisenberg2D_cylinder_0.5_0.5_5,outer,2,naive,0,2,Single,No_Kink,648,605476
result_SELECT_10_Heisenberg2D_cylinder_0.5_0.5_5,outer,2,random,0,1,Double,No_MSF,290,116781
result_SELECT_10_Heisenberg2D_cylinder_0.5_0.5_5,outer,2,random,0,1,Double,No_Top,290,137845
result_SELECT_10_Heisenberg2D_cylinder_0.5_0.5_5,outer,2,naive,0,2,Single,Yes_Kink,641,619022
result_SELECT_10_Heisenberg2D_cylinder_0.5_0.5_5,outer,2,random,0,0,Double,No_Kink,307,526765
result_SELECT_10_Heisenberg2D_cylinder_0.5_0.5_5,outer,2,random,0,0,Double,Yes_Kink,318,525023
result_SELECT_10_Heisenberg2D_cylinder_0.5_0.5_5,outer,2,random,0,1,Proj,No_MSF,213,18556
result_SELECT_10_Heisenberg2D_cylinder_0.5_0.5_5,outer,2,random,0,1,Proj,No_Top,213,39932
result_SELECT_10_Heisenberg2D_cylinder_0.5_0.5_5,outer,2,random,0,1,Single,No_MSF,327,133783
result_SELECT_10_Heisenberg2D_cylinder_0.5_0.5_5,outer,2,random,0,0,Single,Yes_Kink,367,552348
result_SELECT_10_Heisenberg2D_cylinder_0.5_0.5_5,outer,2,random,0,1,Single,No_Top,327,154595
result_SELECT_10_Heisenberg2D_cylinder_0.5_0.5_5,outer,2,random,0,0,Single,No_Kink,365,543805
result_SELECT_10_Heisenberg2D_cylinder_0.5_0.5_5,outer,2,naive,0,0,Proj,No_Kink,555,1595849
result_SELECT_10_Heisenberg2D_cylinder_0.5_0.5_5,outer,2,random,0,1,Double,No_Kink,308,524897
result_SELECT_10_Heisenberg2D_cylinder_0.5_0.5_5,outer,2,random,0,0,Proj,No_Kink,272,808777
result_SELECT_10_Heisenberg2D_cylinder_0.5_0.5_5,outer,2,random,0,2,Double,No_MSF,290,116781
result_SELECT_10_Heisenberg2D_cylinder_0.5_0.5_5,outer,2,random,0,2,Double,No_Top,291,137869
result_SELECT_10_Heisenberg2D_cylinder_0.5_0.5_5,outer,2,naive,0,0,Proj,Yes_Kink,567,1604062
result_SELECT_10_Heisenberg2D_cylinder_0.5_0.5_5,outer,2,random,0,1,Double,Yes_Kink,317,526815
result_SELECT_10_Heisenberg2D_cylinder_0.5_0.5_5,outer,2,random,0,2,Proj,No_MSF,213,18556
result_SELECT_10_Heisenberg2D_cylinder_0.5_0.5_5,outer,2,random,0,0,Proj,Yes_Kink,278,810314
result_SELECT_10_Heisenberg2D_cylinder_0.5_0.5_5,outer,2,random,0,2,Proj,No_Top,213,39932
result_SELECT_10_Heisenberg2D_cylinder_0.5_0.5_5,outer,2,random,0,2,Single,No_MSF,327,133783
result_SELECT_10_Heisenberg2D_cylinder_0.5_0.5_5,outer,2,random,0,2,Single,No_Top,327,154300
result_SELECT_10_Heisenberg2D_cylinder_0.5_0.5_5,outer,2,naive,0,1,Proj,Yes_Kink,577,1633090
result_SELECT_10_Heisenberg2D_cylinder_0.5_0.5_6,inner,1,SA,0.001,0,Double,No_MSF,177,121590
result_SELECT_10_Heisenberg2D_cylinder_0.5_0.5_5,outer,2,random,0,1,Single,No_Kink,362,541952
result_SELECT_10_Heisenberg2D_cylinder_0.5_0.5_5,outer,2,naive,0,1,Proj,No_Kink,565,1623943
result_SELECT_10_Heisenberg2D_cylinder_0.5_0.5_6,inner,1,SA,0.001,0,Double,No_Top,177,145898
result_SELECT_10_Heisenberg2D_cylinder_0.5_0.5_5,outer,2,random,0,1,Proj,No_Kink,274,814735
result_SELECT_10_Heisenberg2D_cylinder_0.5_0.5_5,outer,2,random,0,1,Single,Yes_Kink,366,552195
result_SELECT_10_Heisenberg2D_cylinder_0.5_0.5_6,inner,1,SA,0.001,0,Proj,No_MSF,108,21372
result_SELECT_10_Heisenberg2D_cylinder_0.5_0.5_6,inner,1,SA,0.001,0,Proj,No_Top,108,45820
result_SELECT_10_Heisenberg2D_cylinder_0.5_0.5_5,outer,2,random,0,1,Proj,Yes_Kink,278,811371
result_SELECT_10_Heisenberg2D_cylinder_0.5_0.5_5,outer,2,random,0,2,Double,No_Kink,309,534249
result_SELECT_10_Heisenberg2D_cylinder_0.5_0.5_6,inner,1,SA,0.001,0,Single,No_MSF,211,146329
result_SELECT_10_Heisenberg2D_cylinder_0.5_0.5_5,outer,2,random,0,2,Double,Yes_Kink,319,539725
result_SELECT_10_Heisenberg2D_cylinder_0.5_0.5_5,outer,2,naive,0,2,Proj,No_Kink,577,1659528
result_SELECT_10_Heisenberg2D_cylinder_0.5_0.5_5,outer,2,random,0,2,Single,No_Kink,366,547059
result_SELECT_10_Heisenberg2D_cylinder_0.5_0.5_6,inner,1,SA,0.001,0,Single,No_Top,211,170345
result_SELECT_10_Heisenberg2D_cylinder_0.5_0.5_6,inner,1,SA,0.001,0,Double,No_Kink,200,425868
result_SELECT_10_Heisenberg2D_cylinder_0.5_0.5_5,outer,2,naive,0,2,Proj,Yes_Kink,588,1661980
result_SELECT_10_Heisenberg2D_cylinder_0.5_0.5_6,inner,1,SA,0.001,1,Double,No_MSF,177,121590
result_SELECT_10_Heisenberg2D_cylinder_0.5_0.5_6,inner,1,SA,0.001,1,Double,No_Top,177,145174
result_SELECT_10_Heisenberg2D_cylinder_0.5_0.5_6,inner,1,SA,0.001,1,Proj,No_MSF,108,21372
result_SELECT_10_Heisenberg2D_cylinder_0.5_0.5_5,outer,2,random,0,2,Single,Yes_Kink,369,560126
result_SELECT_10_Heisenberg2D_cylinder_0.5_0.5_6,inner,1,SA,0.001,1,Proj,No_Top,108,45820
result_SELECT_10_Heisenberg2D_cylinder_0.5_0.5_6,inner,1,SA,0.001,1,Single,No_MSF,211,146329
result_SELECT_10_Heisenberg2D_cylinder_0.5_0.5_6,inner,1,SA,0.001,0,Double,Yes_Kink,205,449622
result_SELECT_10_Heisenberg2D_cylinder_0.5_0.5_6,inner,1,SA,0.001,1,Single,No_Top,211,169541
result_SELECT_10_Heisenberg2D_cylinder_0.5_0.5_6,inner,1,SA,0.001,2,Double,No_MSF,177,121590
result_SELECT_10_Heisenberg2D_cylinder_0.5_0.5_6,inner,1,SA,0.001,2,Double,No_Top,177,146330
result_SELECT_10_Heisenberg2D_cylinder_0.5_0.5_6,inner,1,SA,0.001,0,Single,No_Kink,243,434487
result_SELECT_10_Heisenberg2D_cylinder_0.5_0.5_5,outer,2,random,0,2,Proj,No_Kink,278,821463
result_SELECT_10_Heisenberg2D_cylinder_0.5_0.5_6,inner,1,SA,0.001,2,Proj,No_MSF,108,21372
result_SELECT_10_Heisenberg2D_cylinder_0.5_0.5_6,inner,1,SA,0.001,2,Proj,No_Top,123,45820
result_SELECT_10_Heisenberg2D_cylinder_0.5_0.5_6,inner,1,SA,0.001,2,Single,No_MSF,211,146329
result_SELECT_10_Heisenberg2D_cylinder_0.5_0.5_6,inner,1,SA,0.001,1,Double,No_Kink,203,469388
result_SELECT_10_Heisenberg2D_cylinder_0.5_0.5_6,inner,1,SA,0.001,2,Single,No_Top,211,170527
result_SELECT_10_Heisenberg2D_cylinder_0.5_0.5_5,outer,2,random,0,2,Proj,Yes_Kink,282,820096
result_SELECT_10_Heisenberg2D_cylinder_0.5_0.5_6,inner,1,SA,0.01,0,Double,No_MSF,177,121590
result_SELECT_10_Heisenberg2D_cylinder_0.5_0.5_6,inner,1,SA,0.001,1,Double,Yes_Kink,211,490753
result_SELECT_10_Heisenberg2D_cylinder_0.5_0.5_6,inner,1,SA,0.01,0,Double,No_Top,177,145898
result_SELECT_10_Heisenberg2D_cylinder_0.5_0.5_6,inner,1,SA,0.001,1,Single,No_Kink,262,474448
result_SELECT_10_Heisenberg2D_cylinder_0.5_0.5_6,inner,1,SA,0.01,0,Proj,No_MSF,108,21372
result_SELECT_10_Heisenberg2D_cylinder_0.5_0.5_6,inner,1,SA,0.01,0,Proj,No_Top,108,45820
result_SELECT_10_Heisenberg2D_cylinder_0.5_0.5_6,inner,1,SA,0.001,0,Proj,No_Kink,179,802967
result_SELECT_10_Heisenberg2D_cylinder_0.5_0.5_6,inner,1,SA,0.001,2,Double,No_Kink,209,506498
result_SELECT_10_Heisenberg2D_cylinder_0.5_0.5_6,inner,1,SA,0.01,0,Single,No_MSF,211,146329
result_SELECT_10_Heisenberg2D_cylinder_0.5_0.5_6,inner,1,SA,0.001,0,Proj,Yes_Kink,186,822319
result_SELECT_10_Heisenberg2D_cylinder_0.5_0.5_6,inner,1,SA,0.01,0,Single,No_Top,211,170345
result_SELECT_10_Heisenberg2D_cylinder_0.5_0.5_6,inner,1,SA,0.01,0,Double,No_Kink,190,369575
result_SELECT_10_Heisenberg2D_cylinder_0.5_0.5_6,inner,1,SA,0.001,2,Single,No_Kink,278,510840
result_SELECT_10_Heisenberg2D_cylinder_0.5_0.5_6,inner,1,SA,0.01,1,Double,No_MSF,177,121590
result_SELECT_10_Heisenberg2D_cylinder_0.5_0.5_6,inner,1,SA,0.001,2,Double,Yes_Kink,223,534638
result_SELECT_10_Heisenberg2D_cylinder_0.5_0.5_6,inner,1,SA,0.01,1,Double,No_Top,177,145174
result_SELECT_10_Heisenberg2D_cylinder_0.5_0.5_6,inner,1,SA,0.01,0,Double,Yes_Kink,200,389748
result_SELECT_10_Heisenberg2D_cylinder_0.5_0.5_6,inner,1,SA,0.01,1,Proj,No_MSF,108,21372
result_SELECT_10_Heisenberg2D_cylinder_0.5_0.5_6,inner,1,SA,0.01,1,Proj,No_Top,108,45820
result_SELECT_10_Heisenberg2D_cylinder_0.5_0.5_6,inner,1,SA,0.01,1,Single,No_MSF,211,146329
result_SELECT_10_Heisenberg2D_cylinder_0.5_0.5_6,inner,1,SA,0.01,0,Single,No_Kink,234,389046
result_SELECT_10_Heisenberg2D_cylinder_0.5_0.5_6,inner,1,SA,0.001,1,Proj,No_Kink,190,858528
result_SELECT_10_Heisenberg2D_cylinder_0.5_0.5_6,inner,1,SA,0.01,1,Single,No_Top,211,169541
result_SELECT_10_Heisenberg2D_cylinder_0.5_0.5_6,inner,1,SA,0.01,2,Double,No_MSF,177,121590
result_SELECT_10_Heisenberg2D_cylinder_0.5_0.5_6,inner,1,SA,0.001,1,Proj,Yes_Kink,196,868298
result_SELECT_10_Heisenberg2D_cylinder_0.5_0.5_6,inner,1,SA,0.01,2,Double,No_Top,177,146330
result_SELECT_10_Heisenberg2D_cylinder_0.5_0.5_6,inner,1,SA,0.01,2,Proj,No_MSF,108,21372
result_SELECT_10_Heisenberg2D_cylinder_0.5_0.5_6,inner,1,SA,0.01,2,Proj,No_Top,123,45820
result_SELECT_10_Heisenberg2D_cylinder_0.5_0.5_6,inner,1,SA,0.01,1,Double,No_Kink,196,402058
result_SELECT_10_Heisenberg2D_cylinder_0.5_0.5_6,inner,1,SA,0.01,2,Single,No_MSF,211,146329
result_SELECT_10_Heisenberg2D_cylinder_0.5_0.5_6,inner,1,SA,0.01,1,Double,Yes_Kink,205,430819
result_SELECT_10_Heisenberg2D_cylinder_0.5_0.5_6,inner,1,SA,0.01,2,Single,No_Top,211,170527
result_SELECT_10_Heisenberg2D_cylinder_0.5_0.5_6,inner,1,SA,0.01,1,Single,No_Kink,237,414416
result_SELECT_10_Heisenberg2D_cylinder_0.5_0.5_6,inner,1,SA,0.001,2,Proj,No_Kink,203,912378
result_SELECT_10_Heisenberg2D_cylinder_0.5_0.5_6,inner,1,SA,0.01,0,Proj,No_Kink,162,734190
result_SELECT_10_Heisenberg2D_cylinder_0.5_0.5_6,inner,1,SA,0.1,0,Double,No_MSF,177,121590
result_SELECT_10_Heisenberg2D_cylinder_0.5_0.5_6,inner,1,SA,0.001,2,Proj,Yes_Kink,213,930162
result_SELECT_10_Heisenberg2D_cylinder_0.5_0.5_6,inner,1,SA,0.1,0,Double,No_Top,177,145898
result_SELECT_10_Heisenberg2D_cylinder_0.5_0.5_6,inner,1,SA,0.1,0,Proj,No_MSF,108,21372
result_SELECT_10_Heisenberg2D_cylinder_0.5_0.5_6,inner,1,SA,0.01,2,Double,No_Kink,197,444934
result_SELECT_10_Heisenberg2D_cylinder_0.5_0.5_6,inner,1,SA,0.1,0,Proj,No_Top,108,45820
result_SELECT_10_Heisenberg2D_cylinder_0.5_0.5_6,inner,1,SA,0.01,0,Proj,Yes_Kink,170,754530
result_SELECT_10_Heisenberg2D_cylinder_0.5_0.5_6,inner,1,SA,0.1,0,Single,No_MSF,211,146329
result_SELECT_10_Heisenberg2D_cylinder_0.5_0.5_6,inner,1,SA,0.1,0,Single,No_Top,211,170345
result_SELECT_10_Heisenberg2D_cylinder_0.5_0.5_6,inner,1,SA,0.01,2,Double,Yes_Kink,205,478627
result_SELECT_10_Heisenberg2D_cylinder_0.5_0.5_6,inner,1,SA,0.1,1,Double,No_MSF,177,121590
result_SELECT_10_Heisenberg2D_cylinder_0.5_0.5_6,inner,1,SA,0.1,1,Double,No_Top,177,145174
result_SELECT_10_Heisenberg2D_cylinder_0.5_0.5_6,inner,1,SA,0.1,0,Double,No_Kink,193,361632
result_SELECT_10_Heisenberg2D_cylinder_0.5_0.5_6,inner,1,SA,0.01,2,Single,No_Kink,243,454915
result_SELECT_10_Heisenberg2D_cylinder_0.5_0.5_6,inner,1,SA,0.1,1,Proj,No_MSF,108,21372
result_SELECT_10_Heisenberg2D_cylinder_0.5_0.5_6,inner,1,SA,0.1,1,Proj,No_Top,108,45820
result_SELECT_10_Heisenberg2D_cylinder_0.5_0.5_6,inner,1,SA,0.1,1,Single,No_MSF,211,146329
result_SELECT_10_Heisenberg2D_cylinder_0.5_0.5_6,inner,1,SA,0.01,1,Proj,No_Kink,173,780203
result_SELECT_10_Heisenberg2D_cylinder_0.5_0.5_6,inner,1,SA,0.1,0,Double,Yes_Kink,198,383845
result_SELECT_10_Heisenberg2D_cylinder_0.5_0.5_6,inner,1,SA,0.1,0,Single,No_Kink,233,381150
result_SELECT_10_Heisenberg2D_cylinder_0.5_0.5_6,inner,1,SA,0.1,1,Single,No_Top,211,169541
result_SELECT_10_Heisenberg2D_cylinder_0.5_0.5_6,inner,1,SA,0.01,1,Proj,Yes_Kink,179,792703
result_SELECT_10_Heisenberg2D_cylinder_0.5_0.5_6,inner,1,SA,0.1,2,Double,No_MSF,177,121590
result_SELECT_10_Heisenberg2D_cylinder_0.5_0.5_6,inner,1,SA,0.1,2,Double,No_Top,177,146330
result_SELECT_10_Heisenberg2D_cylinder_0.5_0.5_6,inner,1,SA,0.1,2,Proj,No_MSF,108,21372
result_SELECT_10_Heisenberg2D_cylinder_0.5_0.5_6,inner,1,SA,0.1,1,Double,No_Kink,197,397334
result_SELECT_10_Heisenberg2D_cylinder_0.5_0.5_6,inner,1,SA,0.1,2,Proj,No_Top,123,45820
result_SELECT_10_Heisenberg2D_cylinder_0.5_0.5_6,inner,1,SA,0.1,1,Double,Yes_Kink,203,428732
result_SELECT_10_Heisenberg2D_cylinder_0.5_0.5_6,inner,1,SA,0.01,2,Proj,No_Kink,186,829504
result_SELECT_10_Heisenberg2D_cylinder_0.5_0.5_6,inner,1,SA,0.1,2,Single,No_MSF,211,146329
result_SELECT_10_Heisenberg2D_cylinder_0.5_0.5_6,inner,1,SA,0.1,1,Single,No_Kink,239,410348
result_SELECT_10_Heisenberg2D_cylinder_0.5_0.5_6,inner,1,SA,0.1,2,Single,No_Top,211,170527
result_SELECT_10_Heisenberg2D_cylinder_0.5_0.5_6,inner,1,SA,0.01,2,Proj,Yes_Kink,194,848961
result_SELECT_10_Heisenberg2D_cylinder_0.5_0.5_6,inner,1,SA,1,0,Double,No_MSF,177,121590
result_SELECT_10_Heisenberg2D_cylinder_0.5_0.5_6,inner,1,SA,1,0,Double,No_Top,177,145898
result_SELECT_10_Heisenberg2D_cylinder_0.5_0.5_6,inner,1,SA,1,0,Proj,No_MSF,108,21372
result_SELECT_10_Heisenberg2D_cylinder_0.5_0.5_6,inner,1,SA,1,0,Proj,No_Top,108,45820
result_SELECT_10_Heisenberg2D_cylinder_0.5_0.5_6,inner,1,SA,0.1,0,Proj,No_Kink,163,734610
result_SELECT_10_Heisenberg2D_cylinder_0.5_0.5_6,inner,1,SA,0.1,2,Double,No_Kink,197,446783
result_SELECT_10_Heisenberg2D_cylinder_0.5_0.5_6,inner,1,SA,1,0,Single,No_MSF,211,146329
result_SELECT_10_Heisenberg2D_cylinder_0.5_0.5_6,inner,1,SA,0.1,0,Proj,Yes_Kink,169,746829
result_SELECT_10_Heisenberg2D_cylinder_0.5_0.5_6,inner,1,SA,0.1,2,Double,Yes_Kink,204,480064
result_SELECT_10_Heisenberg2D_cylinder_0.5_0.5_6,inner,1,SA,1,0,Single,No_Top,211,170345
result_SELECT_10_Heisenberg2D_cylinder_0.5_0.5_6,inner,1,SA,1,1,Double,No_MSF,177,121590
result_SELECT_10_Heisenberg2D_cylinder_0.5_0.5_6,inner,1,SA,0.1,2,Single,No_Kink,242,450753
result_SELECT_10_Heisenberg2D_cylinder_0.5_0.5_6,inner,1,SA,1,1,Double,No_Top,177,145174
result_SELECT_10_Heisenberg2D_cylinder_0.5_0.5_6,inner,1,SA,1,0,Double,No_Kink,194,358501
result_SELECT_10_Heisenberg2D_cylinder_0.5_0.5_6,inner,1,SA,1,1,Proj,No_MSF,108,21372
result_SELECT_10_Heisenberg2D_cylinder_0.5_0.5_6,inner,1,SA,1,1,Proj,No_Top,108,45820
result_SELECT_10_Heisenberg2D_cylinder_0.5_0.5_6,inner,1,SA,1,0,Double,Yes_Kink,202,373929
result_SELECT_10_Heisenberg2D_cylinder_0.5_0.5_6,inner,1,SA,1,1,Single,No_MSF,211,146329
result_SELECT_10_Heisenberg2D_cylinder_0.5_0.5_6,inner,1,SA,0.1,1,Proj,No_Kink,173,782618
result_SELECT_10_Heisenberg2D_cylinder_0.5_0.5_6,inner,1,SA,1,0,Single,No_Kink,238,374412
result_SELECT_10_Heisenberg2D_cylinder_0.5_0.5_6,inner,1,SA,1,1,Single,No_Top,211,169541
result_SELECT_10_Heisenberg2D_cylinder_0.5_0.5_6,inner,1,SA,0.1,1,Proj,Yes_Kink,178,791631
result_SELECT_10_Heisenberg2D_cylinder_0.5_0.5_6,inner,1,SA,1,2,Double,No_MSF,177,121590
result_SELECT_10_Heisenberg2D_cylinder_0.5_0.5_6,inner,1,SA,1,2,Double,No_Top,177,146330
result_SELECT_10_Heisenberg2D_cylinder_0.5_0.5_6,inner,1,SA,1,2,Proj,No_MSF,108,21372
result_SELECT_10_Heisenberg2D_cylinder_0.5_0.5_6,inner,1,SA,1,1,Double,No_Kink,198,378865
result_SELECT_10_Heisenberg2D_cylinder_0.5_0.5_6,inner,1,SA,1,2,Proj,No_Top,123,45820
result_SELECT_10_Heisenberg2D_cylinder_0.5_0.5_6,inner,1,SA,1,2,Single,No_MSF,211,146329
result_SELECT_10_Heisenberg2D_cylinder_0.5_0.5_6,inner,1,SA,1,1,Double,Yes_Kink,207,417453
result_SELECT_10_Heisenberg2D_cylinder_0.5_0.5_6,inner,1,SA,1,1,Single,No_Kink,241,392132
result_SELECT_10_Heisenberg2D_cylinder_0.5_0.5_6,inner,1,SA,0.1,2,Proj,No_Kink,186,837100
result_SELECT_10_Heisenberg2D_cylinder_0.5_0.5_6,inner,1,SA,1,2,Single,No_Top,211,170527
result_SELECT_10_Heisenberg2D_cylinder_0.5_0.5_6,inner,1,SA,0.1,2,Proj,Yes_Kink,194,856445
result_SELECT_10_Heisenberg2D_cylinder_0.5_0.5_6,inner,1,naive,0,0,Double,No_MSF,177,121590
result_SELECT_10_Heisenberg2D_cylinder_0.5_0.5_6,inner,1,naive,0,0,Double,No_Top,177,145898
result_SELECT_10_Heisenberg2D_cylinder_0.5_0.5_6,inner,1,naive,0,0,Proj,No_MSF,108,21372
result_SELECT_10_Heisenberg2D_cylinder_0.5_0.5_6,inner,1,SA,1,2,Double,No_Kink,203,432720
result_SELECT_10_Heisenberg2D_cylinder_0.5_0.5_6,inner,1,SA,1,0,Proj,No_Kink,167,756236
result_SELECT_10_Heisenberg2D_cylinder_0.5_0.5_6,inner,1,naive,0,0,Proj,No_Top,108,45820
result_SELECT_10_Heisenberg2D_cylinder_0.5_0.5_6,inner,1,SA,1,0,Proj,Yes_Kink,173,763521
result_SELECT_10_Heisenberg2D_cylinder_0.5_0.5_6,inner,1,naive,0,0,Single,No_MSF,211,146329
result_SELECT_10_Heisenberg2D_cylinder_0.5_0.5_6,inner,1,SA,1,2,Double,Yes_Kink,214,466143
result_SELECT_10_Heisenberg2D_cylinder_0.5_0.5_6,inner,1,SA,1,2,Single,No_Kink,256,436126
result_SELECT_10_Heisenberg2D_cylinder_0.5_0.5_6,inner,1,naive,0,0,Single,No_Top,211,170345
result_SELECT_10_Heisenberg2D_cylinder_0.5_0.5_6,inner,1,naive,0,1,Double,No_MSF,177,121590
result_SELECT_10_Heisenberg2D_cylinder_0.5_0.5_6,inner,1,naive,0,1,Double,No_Top,177,145174
result_SELECT_10_Heisenberg2D_cylinder_0.5_0.5_6,inner,1,naive,0,1,Proj,No_MSF,108,21372
result_SELECT_10_Heisenberg2D_cylinder_0.5_0.5_6,inner,1,naive,0,1,Proj,No_Top,108,45820
result_SELECT_10_Heisenberg2D_cylinder_0.5_0.5_6,inner,1,naive,0,1,Single,No_MSF,211,146329
result_SELECT_10_Heisenberg2D_cylinder_0.5_0.5_6,inner,1,SA,1,1,Proj,No_Kink,178,800430
result_SELECT_10_Heisenberg2D_cylinder_0.5_0.5_6,inner,1,naive,0,1,Single,No_Top,211,169541
result_SELECT_10_Heisenberg2D_cylinder_0.5_0.5_6,inner,1,SA,1,1,Proj,Yes_Kink,186,813770
result_SELECT_10_Heisenberg2D_cylinder_0.5_0.5_6,inner,1,naive,0,2,Double,No_MSF,177,121590
result_SELECT_10_Heisenberg2D_cylinder_0.5_0.5_6,inner,1,naive,0,2,Double,No_Top,177,146330
result_SELECT_10_Heisenberg2D_cylinder_0.5_0.5_6,inner,1,SA,1,2,Proj,No_Kink,201,879929
result_SELECT_10_Heisenberg2D_cylinder_0.5_0.5_6,inner,1,naive,0,2,Proj,No_MSF,108,21372
result_SELECT_10_Heisenberg2D_cylinder_0.5_0.5_6,inner,1,SA,1,2,Proj,Yes_Kink,209,901307
result_SELECT_10_Heisenberg2D_cylinder_0.5_0.5_6,inner,1,naive,0,2,Proj,No_Top,123,45820
result_SELECT_10_Heisenberg2D_cylinder_0.5_0.5_6,inner,1,naive,0,2,Single,No_MSF,211,146329
result_SELECT_10_Heisenberg2D_cylinder_0.5_0.5_6,inner,1,naive,0,0,Double,Yes_Kink,668,1250498
result_SELECT_10_Heisenberg2D_cylinder_0.5_0.5_6,inner,1,naive,0,2,Single,No_Top,211,170527
result_SELECT_10_Heisenberg2D_cylinder_0.5_0.5_6,inner,1,naive,0,0,Double,No_Kink,680,1254204
result_SELECT_10_Heisenberg2D_cylinder_0.5_0.5_6,inner,1,random,0,0,Double,No_MSF,177,121590
result_SELECT_10_Heisenberg2D_cylinder_0.5_0.5_6,inner,1,random,0,0,Double,No_Top,177,145898
result_SELECT_10_Heisenberg2D_cylinder_0.5_0.5_6,inner,1,naive,0,0,Single,No_Kink,924,1449201
result_SELECT_10_Heisenberg2D_cylinder_0.5_0.5_6,inner,1,naive,0,1,Double,No_Kink,666,1254988
result_SELECT_10_Heisenberg2D_cylinder_0.5_0.5_6,inner,1,naive,0,1,Double,Yes_Kink,668,1256962
result_SELECT_10_Heisenberg2D_cylinder_0.5_0.5_6,inner,1,naive,0,1,Single,No_Kink,922,1436016
result_SELECT_10_Heisenberg2D_cylinder_0.5_0.5_6,inner,1,random,0,0,Proj,No_MSF,108,21372
result_SELECT_10_Heisenberg2D_cylinder_0.5_0.5_6,inner,1,random,0,0,Proj,No_Top,108,45820
result_SELECT_10_Heisenberg2D_cylinder_0.5_0.5_6,inner,1,random,0,0,Single,No_MSF,211,146329
result_SELECT_10_Heisenberg2D_cylinder_0.5_0.5_6,inner,1,random,0,0,Single,No_Top,211,170345
result_SELECT_10_Heisenberg2D_cylinder_0.5_0.5_6,inner,1,naive,0,2,Double,No_Kink,671,1274823
result_SELECT_10_Heisenberg2D_cylinder_0.5_0.5_6,inner,1,random,0,1,Double,No_MSF,177,121590
result_SELECT_10_Heisenberg2D_cylinder_0.5_0.5_6,inner,1,naive,0,2,Double,Yes_Kink,673,1266255
result_SELECT_10_Heisenberg2D_cylinder_0.5_0.5_6,inner,1,random,0,1,Double,No_Top,177,145174
result_SELECT_10_Heisenberg2D_cylinder_0.5_0.5_6,inner,1,naive,0,2,Single,No_Kink,931,1451704
result_SELECT_10_Heisenberg2D_cylinder_0.5_0.5_6,inner,1,random,0,1,Proj,No_MSF,108,21372
result_SELECT_10_Heisenberg2D_cylinder_0.5_0.5_6,inner,1,random,0,1,Proj,No_Top,108,45820
result_SELECT_10_Heisenberg2D_cylinder_0.5_0.5_6,inner,1,random,0,0,Double,No_Kink,374,1096099
result_SELECT_10_Heisenberg2D_cylinder_0.5_0.5_6,inner,1,random,0,1,Single,No_MSF,211,146329
result_SELECT_10_Heisenberg2D_cylinder_0.5_0.5_6,inner,1,random,0,0,Double,Yes_Kink,378,1103361
result_SELECT_10_Heisenberg2D_cylinder_0.5_0.5_6,inner,1,random,0,1,Single,No_Top,211,169541
result_SELECT_10_Heisenberg2D_cylinder_0.5_0.5_6,inner,1,random,0,0,Single,No_Kink,663,1365962
result_SELECT_10_Heisenberg2D_cylinder_0.5_0.5_6,inner,1,random,0,2,Double,No_MSF,177,121590
result_SELECT_10_Heisenberg2D_cylinder_0.5_0.5_6,inner,1,random,0,2,Double,No_Top,177,146330
result_SELECT_10_Heisenberg2D_cylinder_0.5_0.5_6,inner,1,random,0,0,Proj,No_Kink,268,1221890
result_SELECT_10_Heisenberg2D_cylinder_0.5_0.5_6,inner,1,random,0,1,Double,No_Kink,377,1104251
result_SELECT_10_Heisenberg2D_cylinder_0.5_0.5_6,inner,1,random,0,2,Proj,No_MSF,108,21372
result_SELECT_10_Heisenberg2D_cylinder_0.5_0.5_6,inner,1,random,0,0,Proj,Yes_Kink,275,1232441
result_SELECT_10_Heisenberg2D_cylinder_0.5_0.5_6,inner,1,random,0,2,Proj,No_Top,123,45820
result_SELECT_10_Heisenberg2D_cylinder_0.5_0.5_6,inner,1,random,0,1,Double,Yes_Kink,380,1111663
result_SELECT_10_Heisenberg2D_cylinder_0.5_0.5_6,inner,1,random,0,2,Single,No_MSF,211,146329
result_SELECT_10_Heisenberg2D_cylinder_0.5_0.5_6,inner,1,random,0,2,Single,No_Top,211,170527
result_SELECT_10_Heisenberg2D_cylinder_0.5_0.5_6,inner,1,random,0,1,Proj,No_Kink,274,1240308
result_SELECT_10_Heisenberg2D_cylinder_0.5_0.5_6,inner,2,SA,0.001,0,Double,No_MSF,177,121590
result_SELECT_10_Heisenberg2D_cylinder_0.5_0.5_6,inner,1,naive,0,0,Proj,No_Kink,683,3044068
result_SELECT_10_Heisenberg2D_cylinder_0.5_0.5_6,inner,2,SA,0.001,0,Double,No_Top,177,145898
result_SELECT_10_Heisenberg2D_cylinder_0.5_0.5_6,inner,1,random,0,1,Single,No_Kink,659,1364355
result_SELECT_10_Heisenberg2D_cylinder_0.5_0.5_6,inner,1,random,0,1,Proj,Yes_Kink,279,1247914
result_SELECT_10_Heisenberg2D_cylinder_0.5_0.5_6,inner,1,naive,0,0,Proj,Yes_Kink,697,3070769
result_SELECT_10_Heisenberg2D_cylinder_0.5_0.5_6,inner,2,SA,0.001,0,Proj,No_MSF,108,21372
result_SELECT_10_Heisenberg2D_cylinder_0.5_0.5_6,inner,2,SA,0.001,0,Proj,No_Top,108,45820
result_SELECT_10_Heisenberg2D_cylinder_0.5_0.5_6,inner,2,SA,0.001,0,Double,No_Kink,181,306730
result_SELECT_10_Heisenberg2D_cylinder_0.5_0.5_6,inner,2,SA,0.001,0,Single,No_MSF,211,146329
result_SELECT_10_Heisenberg2D_cylinder_0.5_0.5_6,inner,2,SA,0.001,0,Single,No_Top,211,170345
result_SELECT_10_Heisenberg2D_cylinder_0.5_0.5_6,inner,2,SA,0.001,0,Double,Yes_Kink,187,315599
result_SELECT_10_Heisenberg2D_cylinder_0.5_0.5_6,inner,2,SA,0.001,1,Double,No_MSF,177,121590
result_SELECT_10_Heisenberg2D_cylinder_0.5_0.5_6,inner,1,random,0,2,Double,No_Kink,380,1111561
result_SELECT_10_Heisenberg2D_cylinder_0.5_0.5_6,inner,2,SA,0.001,1,Double,No_Top,177,145174
result_SELECT_10_Heisenberg2D_cylinder_0.5_0.5_6,inner,2,SA,0.001,0,Single,No_Kink,214,314414
result_SELECT_10_Heisenberg2D_cylinder_0.5_0.5_6,inner,1,naive,0,1,Proj,No_Kink,686,3055382
result_SELECT_10_Heisenberg2D_cylinder_0.5_0.5_6,inner,1,naive,0,1,Proj,Yes_Kink,698,3070388
result_SELECT_10_Heisenberg2D_cylinder_0.5_0.5_6,inner,2,SA,0.001,1,Proj,No_MSF,108,21372
result_SELECT_10_Heisenberg2D_cylinder_0.5_0.5_6,inner,2,SA,0.001,0,Single,Yes_Kink,215,330938
result_SELECT_10_Heisenberg2D_cylinder_0.5_0.5_6,inner,2,SA,0.001,1,Proj,No_Top,108,45820
result_SELECT_10_Heisenberg2D_cylinder_0.5_0.5_6,inner,2,SA,0.001,1,Double,No_Kink,181,326027
result_SELECT_10_Heisenberg2D_cylinder_0.5_0.5_6,inner,2,SA,0.001,1,Single,No_MSF,211,146329
result_SELECT_10_Heisenberg2D_cylinder_0.5_0.5_6,inner,1,random,0,2,Double,Yes_Kink,388,1127948
result_SELECT_10_Heisenberg2D_cylinder_0.5_0.5_6,inner,2,SA,0.001,1,Single,No_Top,211,169541
result_SELECT_10_Heisenberg2D_cylinder_0.5_0.5_6,inner,2,SA,0.001,2,Double,No_MSF,177,121590
result_SELECT_10_Heisenberg2D_cylinder_0.5_0.5_6,inner,2,SA,0.001,1,Double,Yes_Kink,190,337434
result_SELECT_10_Heisenberg2D_cylinder_0.5_0.5_6,inner,2,SA,0.001,2,Double,No_Top,177,146330
result_SELECT_10_Heisenberg2D_cylinder_0.5_0.5_6,inner,2,SA,0.001,1,Single,No_Kink,214,328960
result_SELECT_10_Heisenberg2D_cylinder_0.5_0.5_6,inner,1,naive,0,2,Proj,No_Kink,684,3044090
result_SELECT_10_Heisenberg2D_cylinder_0.5_0.5_6,inner,1,random,0,2,Single,No_Kink,664,1371252
result_SELECT_10_Heisenberg2D_cylinder_0.5_0.5_6,inner,2,SA,0.001,2,Proj,No_MSF,108,21372
result_SELECT_10_Heisenberg2D_cylinder_0.5_0.5_6,inner,2,SA,0.001,0,Proj,No_Kink,140,658341
result_SELECT_10_Heisenberg2D_cylinder_0.5_0.5_6,inner,2,SA,0.001,2,Proj,No_Top,123,45820
result_SELECT_10_Heisenberg2D_cylinder_0.5_0.5_6,inner,1,random,0,2,Proj,No_Kink,281,1278453
result_SELECT_10_Heisenberg2D_cylinder_0.5_0.5_6,inner,2,SA,0.001,2,Single,No_MSF,211,146329
result_SELECT_10_Heisenberg2D_cylinder_0.5_0.5_6,inner,2,SA,0.001,1,Single,Yes_Kink,216,346639
result_SELECT_10_Heisenberg2D_cylinder_0.5_0.5_6,inner,1,naive,0,2,Proj,Yes_Kink,696,3056641
result_SELECT_10_Heisenberg2D_cylinder_0.5_0.5_6,inner,2,SA,0.001,0,Proj,Yes_Kink,143,656457
result_SELECT_10_Heisenberg2D_cylinder_0.5_0.5_6,inner,2,SA,0.001,2,Single,No_Top,211,170527
result_SELECT_10_Heisenberg2D_cylinder_0.5_0.5_6,inner,2,SA,0.01,0,Double,No_MSF,177,121590
result_SELECT_10_Heisenberg2D_cylinder_0.5_0.5_6,inner,2,SA,0.01,0,Proj,No_MSF,108,21372
result_SELECT_10_Heisenberg2D_cylinder_0.5_0.5_6,inner,2,SA,0.01,0,Double,No_Top,177,145898
result_SELECT_10_Heisenberg2D_cylinder_0.5_0.5_6,inner,2,SA,0.001,2,Double,No_Kink,183,360586
result_SELECT_10_Heisenberg2D_cylinder_0.5_0.5_6,inner,2,SA,0.001,2,Double,Yes_Kink,190,365518
result_SELECT_10_Heisenberg2D_cylinder_0.5_0.5_6,inner,2,SA,0.01,0,Proj,No_Top,108,45820
result_SELECT_10_Heisenberg2D_cylinder_0.5_0.5_6,inner,1,random,0,2,Proj,Yes_Kink,287,1282514
result_SELECT_10_Heisenberg2D_cylinder_0.5_0.5_6,inner,2,SA,0.01,0,Single,No_MSF,211,146329
result_SELECT_10_Heisenberg2D_cylinder_0.5_0.5_6,inner,2,SA,0.01,0,Single,No_Top,211,170345
result_SELECT_10_Heisenberg2D_cylinder_0.5_0.5_6,inner,2,SA,0.001,2,Single,No_Kink,215,357990
result_SELECT_10_Heisenberg2D_cylinder_0.5_0.5_6,inner,2,SA,0.01,1,Double,No_MSF,177,121590
result_SELECT_10_Heisenberg2D_cylinder_0.5_0.5_6,inner,2,SA,0.01,0,Double,No_Kink,180,301519
result_SELECT_10_Heisenberg2D_cylinder_0.5_0.5_6,inner,2,SA,0.001,1,Proj,No_Kink,145,678972
result_SELECT_10_Heisenberg2D_cylinder_0.5_0.5_6,inner,2,SA,0.01,1,Double,No_Top,177,145174
result_SELECT_10_Heisenberg2D_cylinder_0.5_0.5_6,inner,2,SA,0.001,2,Single,Yes_Kink,217,374266
result_SELECT_10_Heisenberg2D_cylinder_0.5_0.5_6,inner,2,SA,0.01,0,Double,Yes_Kink,188,313329
result_SELECT_10_Heisenberg2D_cylinder_0.5_0.5_6,inner,2,SA,0.01,1,Proj,No_MSF,108,21372
result_SELECT_10_Heisenberg2D_cylinder_0.5_0.5_6,inner,2,SA,0.001,1,Proj,Yes_Kink,150,678407
result_SELECT_10_Heisenberg2D_cylinder_0.5_0.5_6,inner,2,SA,0.01,1,Proj,No_Top,108,45820
result_SELECT_10_Heisenberg2D_cylinder_0.5_0.5_6,inner,2,SA,0.01,1,Single,No_Top,211,169541
result_SELECT_10_Heisenberg2D_cylinder_0.5_0.5_6,inner,2,SA,0.01,1,Single,No_MSF,211,146329
result_SELECT_10_Heisenberg2D_cylinder_0.5_0.5_6,inner,2,SA,0.01,0,Single,No_Kink,212,309023
result_SELECT_10_Heisenberg2D_cylinder_0.5_0.5_6,inner,2,SA,0.01,2,Double,No_MSF,177,121590
result_SELECT_10_Heisenberg2D_cylinder_0.5_0.5_6,inner,2,SA,0.01,0,Single,Yes_Kink,215,325685
result_SELECT_10_Heisenberg2D_cylinder_0.5_0.5_6,inner,2,SA,0.01,1,Double,No_Kink,181,326507
result_SELECT_10_Heisenberg2D_cylinder_0.5_0.5_6,inner,2,SA,0.01,2,Double,No_Top,177,146330
result_SELECT_10_Heisenberg2D_cylinder_0.5_0.5_6,inner,2,SA,0.01,2,Proj,No_MSF,108,21372
result_SELECT_10_Heisenberg2D_cylinder_0.5_0.5_6,inner,2,SA,0.01,1,Double,Yes_Kink,190,335022
result_SELECT_10_Heisenberg2D_cylinder_0.5_0.5_6,inner,2,SA,0.01,2,Proj,No_Top,123,45820
result_SELECT_10_Heisenberg2D_cylinder_0.5_0.5_6,inner,2,SA,0.001,2,Proj,No_Kink,159,707165
result_SELECT_10_Heisenberg2D_cylinder_0.5_0.5_6,inner,2,SA,0.01,1,Single,No_Kink,213,325558
result_SELECT_10_Heisenberg2D_cylinder_0.5_0.5_6,inner,2,SA,0.001,2,Proj,Yes_Kink,162,708289
result_SELECT_10_Heisenberg2D_cylinder_0.5_0.5_6,inner,2,SA,0.01,1,Single,Yes_Kink,215,343449
result_SELECT_10_Heisenberg2D_cylinder_0.5_0.5_6,inner,2,SA,0.01,2,Single,No_Top,211,170527
result_SELECT_10_Heisenberg2D_cylinder_0.5_0.5_6,inner,2,SA,0.01,2,Single,No_MSF,211,146329
result_SELECT_10_Heisenberg2D_cylinder_0.5_0.5_6,inner,2,SA,0.1,0,Double,No_MSF,177,121590
result_SELECT_10_Heisenberg2D_cylinder_0.5_0.5_6,inner,2,SA,0.1,0,Double,No_Top,177,145898
result_SELECT_10_Heisenberg2D_cylinder_0.5_0.5_6,inner,2,SA,0.01,0,Proj,No_Kink,142,669863
result_SELECT_10_Heisenberg2D_cylinder_0.5_0.5_6,inner,2,SA,0.01,2,Double,No_Kink,182,361583
result_SELECT_10_Heisenberg2D_cylinder_0.5_0.5_6,inner,2,SA,0.1,0,Proj,No_MSF,108,21372
result_SELECT_10_Heisenberg2D_cylinder_0.5_0.5_6,inner,2,SA,0.01,2,Double,Yes_Kink,190,366348
result_SELECT_10_Heisenberg2D_cylinder_0.5_0.5_6,inner,2,SA,0.1,0,Proj,No_Top,108,45820
result_SELECT_10_Heisenberg2D_cylinder_0.5_0.5_6,inner,2,SA,0.01,0,Proj,Yes_Kink,147,676263
result_SELECT_10_Heisenberg2D_cylinder_0.5_0.5_6,inner,2,SA,0.1,0,Single,No_MSF,211,146329
result_SELECT_10_Heisenberg2D_cylinder_0.5_0.5_6,inner,2,SA,0.1,0,Single,No_Top,211,170345
result_SELECT_10_Heisenberg2D_cylinder_0.5_0.5_6,inner,2,SA,0.01,2,Single,No_Kink,213,359518
result_SELECT_10_Heisenberg2D_cylinder_0.5_0.5_6,inner,2,SA,0.1,0,Double,No_Kink,186,304892
result_SELECT_10_Heisenberg2D_cylinder_0.5_0.5_6,inner,2,SA,0.1,1,Double,No_MSF,177,121590
result_SELECT_10_Heisenberg2D_cylinder_0.5_0.5_6,inner,2,SA,0.01,2,Single,Yes_Kink,216,374269
result_SELECT_10_Heisenberg2D_cylinder_0.5_0.5_6,inner,2,SA,0.1,1,Double,No_Top,177,145174
result_SELECT_10_Heisenberg2D_cylinder_0.5_0.5_6,inner,2,SA,0.1,0,Double,Yes_Kink,190,311878
result_SELECT_10_Heisenberg2D_cylinder_0.5_0.5_6,inner,2,SA,0.01,1,Proj,No_Kink,148,698172
result_SELECT_10_Heisenberg2D_cylinder_0.5_0.5_6,inner,2,SA,0.1,1,Proj,No_MSF,108,21372
result_SELECT_10_Heisenberg2D_cylinder_0.5_0.5_6,inner,2,SA,0.1,0,Single,No_Kink,217,312542
result_SELECT_10_Heisenberg2D_cylinder_0.5_0.5_6,inner,2,SA,0.1,1,Proj,No_Top,108,45820
result_SELECT_10_Heisenberg2D_cylinder_0.5_0.5_6,inner,2,SA,0.1,1,Single,No_MSF,211,146329
result_SELECT_10_Heisenberg2D_cylinder_0.5_0.5_6,inner,2,SA,0.1,1,Single,No_Top,211,169541
result_SELECT_10_Heisenberg2D_cylinder_0.5_0.5_6,inner,2,SA,0.01,1,Proj,Yes_Kink,154,704623
result_SELECT_10_Heisenberg2D_cylinder_0.5_0.5_6,inner,2,SA,0.1,0,Single,Yes_Kink,219,328961
result_SELECT_10_Heisenberg2D_cylinder_0.5_0.5_6,inner,2,SA,0.1,2,Double,No_MSF,177,121590
result_SELECT_10_Heisenberg2D_cylinder_0.5_0.5_6,inner,2,SA,0.1,1,Double,No_Kink,185,322952
result_SELECT_10_Heisenberg2D_cylinder_0.5_0.5_6,inner,2,SA,0.1,2,Double,No_Top,177,146330
result_SELECT_10_Heisenberg2D_cylinder_0.5_0.5_6,inner,2,SA,0.1,1,Double,Yes_Kink,191,335726
result_SELECT_10_Heisenberg2D_cylinder_0.5_0.5_6,inner,2,SA,0.1,2,Proj,No_MSF,108,21372
result_SELECT_10_Heisenberg2D_cylinder_0.5_0.5_6,inner,2,SA,0.1,2,Proj,No_Top,123,45820
result_SELECT_10_Heisenberg2D_cylinder_0.5_0.5_6,inner,2,SA,0.1,1,Single,No_Kink,217,327997
result_SELECT_10_Heisenberg2D_cylinder_0.5_0.5_6,inner,2,SA,0.01,2,Proj,No_Kink,161,729520
result_SELECT_10_Heisenberg2D_cylinder_0.5_0.5_6,inner,2,SA,0.1,2,Single,No_MSF,211,146329
result_SELECT_10_Heisenberg2D_cylinder_0.5_0.5_6,inner,2,SA,0.1,2,Single,No_Top,211,170527
result_SELECT_10_Heisenberg2D_cylinder_0.5_0.5_6,inner,2,SA,0.1,1,Single,Yes_Kink,218,342440
result_SELECT_10_Heisenberg2D_cylinder_0.5_0.5_6,inner,2,SA,0.01,2,Proj,Yes_Kink,164,731812
result_SELECT_10_Heisenberg2D_cylinder_0.5_0.5_6,inner,2,SA,1,0,Double,No_MSF,177,121590
result_SELECT_10_Heisenberg2D_cylinder_0.5_0.5_6,inner,2,SA,0.1,2,Double,No_Kink,186,355771
result_SELECT_10_Heisenberg2D_cylinder_0.5_0.5_6,inner,2,SA,0.1,0,Proj,No_Kink,146,687419
result_SELECT_10_Heisenberg2D_cylinder_0.5_0.5_6,inner,2,SA,1,0,Double,No_Top,177,145898
result_SELECT_10_Heisenberg2D_cylinder_0.5_0.5_6,inner,2,SA,1,0,Proj,No_MSF,108,21372
result_SELECT_10_Heisenberg2D_cylinder_0.5_0.5_6,inner,2,SA,1,0,Proj,No_Top,108,45820
result_SELECT_10_Heisenberg2D_cylinder_0.5_0.5_6,inner,2,SA,0.1,0,Proj,Yes_Kink,150,688445
result_SELECT_10_Heisenberg2D_cylinder_0.5_0.5_6,inner,2,SA,0.1,2,Double,Yes_Kink,195,368532
result_SELECT_10_Heisenberg2D_cylinder_0.5_0.5_6,inner,2,SA,0.1,2,Single,No_Kink,218,357945
result_SELECT_10_Heisenberg2D_cylinder_0.5_0.5_6,inner,2,SA,1,0,Single,No_MSF,211,146329
result_SELECT_10_Heisenberg2D_cylinder_0.5_0.5_6,inner,2,SA,1,0,Single,No_Top,211,170345
result_SELECT_10_Heisenberg2D_cylinder_0.5_0.5_6,inner,2,SA,1,0,Double,No_Kink,179,296680
result_SELECT_10_Heisenberg2D_cylinder_0.5_0.5_6,inner,2,SA,1,1,Double,No_MSF,177,121590
result_SELECT_10_Heisenberg2D_cylinder_0.5_0.5_6,inner,2,SA,1,0,Double,Yes_Kink,188,302751
result_SELECT_10_Heisenberg2D_cylinder_0.5_0.5_6,inner,2,SA,0.1,2,Single,Yes_Kink,219,375263
result_SELECT_10_Heisenberg2D_cylinder_0.5_0.5_6,inner,2,SA,1,1,Double,No_Top,177,145174
result_SELECT_10_Heisenberg2D_cylinder_0.5_0.5_6,inner,2,SA,1,1,Proj,No_MSF,108,21372
result_SELECT_10_Heisenberg2D_cylinder_0.5_0.5_6,inner,2,SA,0.1,1,Proj,No_Kink,152,711301
result_SELECT_10_Heisenberg2D_cylinder_0.5_0.5_6,inner,2,SA,1,0,Single,No_Kink,213,303329
result_SELECT_10_Heisenberg2D_cylinder_0.5_0.5_6,inner,2,SA,1,1,Proj,No_Top,108,45820
result_SELECT_10_Heisenberg2D_cylinder_0.5_0.5_6,inner,2,SA,0.1,1,Proj,Yes_Kink,157,720833
result_SELECT_10_Heisenberg2D_cylinder_0.5_0.5_6,inner,2,SA,1,1,Single,No_MSF,211,146329
result_SELECT_10_Heisenberg2D_cylinder_0.5_0.5_6,inner,2,SA,1,0,Single,Yes_Kink,218,322703
result_SELECT_10_Heisenberg2D_cylinder_0.5_0.5_6,inner,2,SA,1,1,Single,No_Top,211,169541
result_SELECT_10_Heisenberg2D_cylinder_0.5_0.5_6,inner,2,SA,1,2,Double,No_MSF,177,121590
result_SELECT_10_Heisenberg2D_cylinder_0.5_0.5_6,inner,2,SA,1,1,Double,No_Kink,181,312218
result_SELECT_10_Heisenberg2D_cylinder_0.5_0.5_6,inner,2,SA,1,2,Double,No_Top,177,146330
result_SELECT_10_Heisenberg2D_cylinder_0.5_0.5_6,inner,2,SA,1,1,Double,Yes_Kink,188,323494
result_SELECT_10_Heisenberg2D_cylinder_0.5_0.5_6,inner,2,SA,1,2,Proj,No_MSF,108,21372
result_SELECT_10_Heisenberg2D_cylinder_0.5_0.5_6,inner,2,SA,0.1,2,Proj,No_Kink,162,741857
result_SELECT_10_Heisenberg2D_cylinder_0.5_0.5_6,inner,2,SA,1,1,Single,No_Kink,212,316118
result_SELECT_10_Heisenberg2D_cylinder_0.5_0.5_6,inner,2,SA,1,2,Proj,No_Top,123,45820
result_SELECT_10_Heisenberg2D_cylinder_0.5_0.5_6,inner,2,SA,0.1,2,Proj,Yes_Kink,168,751622
result_SELECT_10_Heisenberg2D_cylinder_0.5_0.5_6,inner,2,SA,1,2,Single,No_MSF,211,146329
result_SELECT_10_Heisenberg2D_cylinder_0.5_0.5_6,inner,2,SA,1,1,Single,Yes_Kink,215,333690
result_SELECT_10_Heisenberg2D_cylinder_0.5_0.5_6,inner,2,SA,1,2,Single,No_Top,211,170527
result_SELECT_10_Heisenberg2D_cylinder_0.5_0.5_6,inner,2,SA,1,0,Proj,No_Kink,137,647171
result_SELECT_10_Heisenberg2D_cylinder_0.5_0.5_6,inner,2,SA,1,2,Double,No_Kink,182,348084
result_SELECT_10_Heisenberg2D_cylinder_0.5_0.5_6,inner,2,naive,0,0,Double,No_MSF,177,121590
result_SELECT_10_Heisenberg2D_cylinder_0.5_0.5_6,inner,2,naive,0,0,Double,No_Top,177,145898
result_SELECT_10_Heisenberg2D_cylinder_0.5_0.5_6,inner,2,SA,1,0,Proj,Yes_Kink,141,648505
result_SELECT_10_Heisenberg2D_cylinder_0.5_0.5_6,inner,2,naive,0,0,Proj,No_Top,108,45820
result_SELECT_10_Heisenberg2D_cylinder_0.5_0.5_6,inner,2,naive,0,0,Proj,No_MSF,108,21372
result_SELECT_10_Heisenberg2D_cylinder_0.5_0.5_6,inner,2,SA,1,2,Double,Yes_Kink,189,355498
result_SELECT_10_Heisenberg2D_cylinder_0.5_0.5_6,inner,2,naive,0,0,Single,No_MSF,211,146329
result_SELECT_10_Heisenberg2D_cylinder_0.5_0.5_6,inner,2,SA,1,2,Single,No_Kink,214,346901
result_SELECT_10_Heisenberg2D_cylinder_0.5_0.5_6,inner,2,naive,0,0,Single,No_Top,211,170345
result_SELECT_10_Heisenberg2D_cylinder_0.5_0.5_6,inner,2,SA,1,2,Single,Yes_Kink,218,363667
result_SELECT_10_Heisenberg2D_cylinder_0.5_0.5_6,inner,2,naive,0,1,Double,No_MSF,177,121590
result_SELECT_10_Heisenberg2D_cylinder_0.5_0.5_6,inner,2,naive,0,1,Double,No_Top,177,145174
result_SELECT_10_Heisenberg2D_cylinder_0.5_0.5_6,inner,2,SA,1,1,Proj,No_Kink,146,673447
result_SELECT_10_Heisenberg2D_cylinder_0.5_0.5_6,inner,2,naive,0,1,Proj,No_MSF,108,21372
result_SELECT_10_Heisenberg2D_cylinder_0.5_0.5_6,inner,2,SA,1,1,Proj,Yes_Kink,147,673424
result_SELECT_10_Heisenberg2D_cylinder_0.5_0.5_6,inner,2,naive,0,1,Proj,No_Top,108,45820
result_SELECT_10_Heisenberg2D_cylinder_0.5_0.5_6,inner,2,naive,0,1,Single,No_MSF,211,146329
result_SELECT_10_Heisenberg2D_cylinder_0.5_0.5_6,inner,2,naive,0,1,Single,No_Top,211,169541
result_SELECT_10_Heisenberg2D_cylinder_0.5_0.5_6,inner,2,SA,1,2,Proj,No_Kink,155,704891
result_SELECT_10_Heisenberg2D_cylinder_0.5_0.5_6,inner,2,naive,0,2,Double,No_MSF,177,121590
result_SELECT_10_Heisenberg2D_cylinder_0.5_0.5_6,inner,2,SA,1,2,Proj,Yes_Kink,161,709575
result_SELECT_10_Heisenberg2D_cylinder_0.5_0.5_6,inner,2,naive,0,0,Double,No_Kink,531,904364
result_SELECT_10_Heisenberg2D_cylinder_0.5_0.5_6,inner,2,naive,0,2,Double,No_Top,177,146330
result_SELECT_10_Heisenberg2D_cylinder_0.5_0.5_6,inner,2,naive,0,2,Proj,No_MSF,108,21372
result_SELECT_10_Heisenberg2D_cylinder_0.5_0.5_6,inner,2,naive,0,2,Proj,No_Top,123,45820
result_SELECT_10_Heisenberg2D_cylinder_0.5_0.5_6,inner,2,naive,0,0,Double,Yes_Kink,543,918728
result_SELECT_10_Heisenberg2D_cylinder_0.5_0.5_6,inner,2,naive,0,0,Single,No_Kink,619,945991
result_SELECT_10_Heisenberg2D_cylinder_0.5_0.5_6,inner,2,naive,0,1,Double,No_Kink,552,937641
result_SELECT_10_Heisenberg2D_cylinder_0.5_0.5_6,inner,2,naive,0,0,Single,Yes_Kink,564,928035
result_SELECT_10_Heisenberg2D_cylinder_0.5_0.5_6,inner,2,naive,0,2,Single,No_MSF,211,146329
result_SELECT_10_Heisenberg2D_cylinder_0.5_0.5_6,inner,2,naive,0,2,Single,No_Top,211,170527
result_SELECT_10_Heisenberg2D_cylinder_0.5_0.5_6,inner,2,naive,0,1,Double,Yes_Kink,568,962452
result_SELECT_10_Heisenberg2D_cylinder_0.5_0.5_6,inner,2,random,0,0,Double,No_MSF,177,121590
result_SELECT_10_Heisenberg2D_cylinder_0.5_0.5_6,inner,2,random,0,0,Double,No_Top,177,145898
result_SELECT_10_Heisenberg2D_cylinder_0.5_0.5_6,inner,2,naive,0,1,Single,No_Kink,637,976941
result_SELECT_10_Heisenberg2D_cylinder_0.5_0.5_6,inner,2,random,0,0,Proj,No_MSF,108,21372
result_SELECT_10_Heisenberg2D_cylinder_0.5_0.5_6,inner,2,random,0,0,Proj,No_Top,108,45820
result_SELECT_10_Heisenberg2D_cylinder_0.5_0.5_6,inner,2,naive,0,1,Single,Yes_Kink,567,943187
result_SELECT_10_Heisenberg2D_cylinder_0.5_0.5_6,inner,2,random,0,0,Single,No_MSF,211,146329
result_SELECT_10_Heisenberg2D_cylinder_0.5_0.5_6,inner,2,naive,0,2,Double,No_Kink,558,967645
result_SELECT_10_Heisenberg2D_cylinder_0.5_0.5_6,inner,2,random,0,0,Single,No_Top,211,170345
result_SELECT_10_Heisenberg2D_cylinder_0.5_0.5_6,inner,2,naive,0,2,Double,Yes_Kink,581,991942
result_SELECT_10_Heisenberg2D_cylinder_0.5_0.5_6,inner,2,naive,0,2,Single,No_Kink,642,989875
result_SELECT_10_Heisenberg2D_cylinder_0.5_0.5_6,inner,2,random,0,1,Double,No_MSF,177,121590
result_SELECT_10_Heisenberg2D_cylinder_0.5_0.5_6,inner,2,random,0,1,Double,No_Top,177,145174
result_SELECT_10_Heisenberg2D_cylinder_0.5_0.5_6,inner,2,naive,0,2,Single,Yes_Kink,594,987707
result_SELECT_10_Heisenberg2D_cylinder_0.5_0.5_6,inner,2,random,0,0,Double,Yes_Kink,258,758313
result_SELECT_10_Heisenberg2D_cylinder_0.5_0.5_6,inner,2,random,0,0,Double,No_Kink,253,754769
result_SELECT_10_Heisenberg2D_cylinder_0.5_0.5_6,inner,2,random,0,1,Proj,No_MSF,108,21372
result_SELECT_10_Heisenberg2D_cylinder_0.5_0.5_6,inner,2,random,0,1,Proj,No_Top,108,45820
result_SELECT_10_Heisenberg2D_cylinder_0.5_0.5_6,inner,2,random,0,1,Single,No_MSF,211,146329
result_SELECT_10_Heisenberg2D_cylinder_0.5_0.5_6,inner,2,random,0,0,Single,No_Kink,309,772516
result_SELECT_10_Heisenberg2D_cylinder_0.5_0.5_6,inner,2,random,0,1,Single,No_Top,211,169541
result_SELECT_10_Heisenberg2D_cylinder_0.5_0.5_6,inner,2,random,0,0,Proj,No_Kink,199,934270
result_SELECT_10_Heisenberg2D_cylinder_0.5_0.5_6,inner,2,random,0,2,Double,No_MSF,177,121590
result_SELECT_10_Heisenberg2D_cylinder_0.5_0.5_6,inner,2,random,0,0,Single,Yes_Kink,313,786423
result_SELECT_10_Heisenberg2D_cylinder_0.5_0.5_6,inner,2,random,0,0,Proj,Yes_Kink,204,942224
result_SELECT_10_Heisenberg2D_cylinder_0.5_0.5_6,inner,2,random,0,1,Double,No_Kink,256,761514
result_SELECT_10_Heisenberg2D_cylinder_0.5_0.5_6,inner,2,random,0,2,Double,No_Top,177,146330
result_SELECT_10_Heisenberg2D_cylinder_0.5_0.5_6,inner,2,random,0,2,Proj,No_MSF,108,21372
result_SELECT_10_Heisenberg2D_cylinder_0.5_0.5_6,inner,2,random,0,2,Proj,No_Top,123,45820
result_SELECT_10_Heisenberg2D_cylinder_0.5_0.5_6,inner,2,random,0,1,Double,Yes_Kink,260,768643
result_SELECT_10_Heisenberg2D_cylinder_0.5_0.5_6,inner,2,random,0,2,Single,No_MSF,211,146329
result_SELECT_10_Heisenberg2D_cylinder_0.5_0.5_6,inner,2,naive,0,0,Proj,No_Kink,518,2398034
result_SELECT_10_Heisenberg2D_cylinder_0.5_0.5_6,inner,2,naive,0,0,Proj,Yes_Kink,526,2405047
result_SELECT_10_Heisenberg2D_cylinder_0.5_0.5_6,inner,2,random,0,2,Single,No_Top,211,170527
result_SELECT_10_Heisenberg2D_cylinder_0.5_0.5_6,inner,2,random,0,1,Single,No_Kink,308,777262
result_SELECT_10_Heisenberg2D_cylinder_0.5_0.5_6,outer,1,SA,0.001,0,Double,No_MSF,177,121590
result_SELECT_10_Heisenberg2D_cylinder_0.5_0.5_6,outer,1,SA,0.001,0,Double,No_Top,177,145898
result_SELECT_10_Heisenberg2D_cylinder_0.5_0.5_6,inner,2,random,0,1,Proj,No_Kink,203,951104
result_SELECT_10_Heisenberg2D_cylinder_0.5_0.5_6,inner,2,random,0,1,Single,Yes_Kink,315,789497
result_SELECT_10_Heisenberg2D_cylinder_0.5_0.5_6,inner,2,random,0,1,Proj,Yes_Kink,207,958551
result_SELECT_10_Heisenberg2D_cylinder_0.5_0.5_6,outer,1,SA,0.001,0,Proj,No_MSF,108,21372
result_SELECT_10_Heisenberg2D_cylinder_0.5_0.5_6,inner,2,random,0,2,Double,No_Kink,256,771951
result_SELECT_10_Heisenberg2D_cylinder_0.5_0.5_6,inner,2,naive,0,1,Proj,Yes_Kink,544,2483490
result_SELECT_10_Heisenberg2D_cylinder_0.5_0.5_6,outer,1,SA,0.001,0,Proj,No_Top,108,45820
result_SELECT_10_Heisenberg2D_cylinder_0.5_0.5_6,outer,1,SA,0.001,0,Single,No_MSF,211,146329
result_SELECT_10_Heisenberg2D_cylinder_0.5_0.5_6,outer,1,SA,0.001,0,Single,No_Top,211,170345
result_SELECT_10_Heisenberg2D_cylinder_0.5_0.5_6,inner,2,random,0,2,Double,Yes_Kink,265,782404
result_SELECT_10_Heisenberg2D_cylinder_0.5_0.5_6,outer,1,SA,0.001,0,Double,No_Kink,252,488597
result_SELECT_10_Heisenberg2D_cylinder_0.5_0.5_6,outer,1,SA,0.001,1,Double,No_MSF,177,121590
result_SELECT_10_Heisenberg2D_cylinder_0.5_0.5_6,inner,2,naive,0,1,Proj,No_Kink,535,2475276
result_SELECT_10_Heisenberg2D_cylinder_0.5_0.5_6,outer,1,SA,0.001,1,Double,No_Top,177,145174
result_SELECT_10_Heisenberg2D_cylinder_0.5_0.5_6,inner,2,random,0,2,Single,No_Kink,311,789526
result_SELECT_10_Heisenberg2D_cylinder_0.5_0.5_6,outer,1,SA,0.001,1,Proj,No_Top,108,45820
result_SELECT_10_Heisenberg2D_cylinder_0.5_0.5_6,outer,1,SA,0.001,1,Proj,No_MSF,108,21372
result_SELECT_10_Heisenberg2D_cylinder_0.5_0.5_6,outer,1,SA,0.001,0,Double,Yes_Kink,257,500471
result_SELECT_10_Heisenberg2D_cylinder_0.5_0.5_6,inner,2,naive,0,2,Proj,No_Kink,549,2537633
result_SELECT_10_Heisenberg2D_cylinder_0.5_0.5_6,outer,1,SA,0.001,1,Single,No_MSF,211,146329
result_SELECT_10_Heisenberg2D_cylinder_0.5_0.5_6,outer,1,SA,0.001,1,Single,No_Top,211,169541
result_SELECT_10_Heisenberg2D_cylinder_0.5_0.5_6,outer,1,SA,0.001,0,Single,No_Kink,317,515932
result_SELECT_10_Heisenberg2D_cylinder_0.5_0.5_6,inner,2,random,0,2,Proj,No_Kink,210,982812
result_SELECT_10_Heisenberg2D_cylinder_0.5_0.5_6,inner,2,random,0,2,Single,Yes_Kink,316,798688
result_SELECT_10_Heisenberg2D_cylinder_0.5_0.5_6,outer,1,SA,0.001,2,Double,No_MSF,177,121590
result_SELECT_10_Heisenberg2D_cylinder_0.5_0.5_6,inner,2,naive,0,2,Proj,Yes_Kink,553,2529927
result_SELECT_10_Heisenberg2D_cylinder_0.5_0.5_6,outer,1,SA,0.001,2,Double,No_Top,177,146330
result_SELECT_10_Heisenberg2D_cylinder_0.5_0.5_6,outer,1,SA,0.001,2,Proj,No_MSF,108,21372
result_SELECT_10_Heisenberg2D_cylinder_0.5_0.5_6,outer,1,SA,0.001,1,Double,No_Kink,249,502704
result_SELECT_10_Heisenberg2D_cylinder_0.5_0.5_6,inner,2,random,0,2,Proj,Yes_Kink,214,987402
result_SELECT_10_Heisenberg2D_cylinder_0.5_0.5_6,outer,1,SA,0.001,2,Proj,No_Top,123,45820
result_SELECT_10_Heisenberg2D_cylinder_0.5_0.5_6,outer,1,SA,0.001,2,Single,No_MSF,211,146329
result_SELECT_10_Heisenberg2D_cylinder_0.5_0.5_6,outer,1,SA,0.001,2,Single,No_Top,211,170527
result_SELECT_10_Heisenberg2D_cylinder_0.5_0.5_6,outer,1,SA,0.001,1,Double,Yes_Kink,256,528516
result_SELECT_10_Heisenberg2D_cylinder_0.5_0.5_6,outer,1,SA,0.01,0,Double,No_MSF,177,121590
result_SELECT_10_Heisenberg2D_cylinder_0.5_0.5_6,outer,1,SA,0.01,0,Double,No_Top,177,145898
result_SELECT_10_Heisenberg2D_cylinder_0.5_0.5_6,outer,1,SA,0.001,1,Single,No_Kink,326,528975
result_SELECT_10_Heisenberg2D_cylinder_0.5_0.5_6,outer,1,SA,0.01,0,Proj,No_MSF,108,21372
result_SELECT_10_Heisenberg2D_cylinder_0.5_0.5_6,outer,1,SA,0.01,0,Proj,No_Top,108,45820
result_SELECT_10_Heisenberg2D_cylinder_0.5_0.5_6,outer,1,SA,0.01,0,Single,No_MSF,211,146329
result_SELECT_10_Heisenberg2D_cylinder_0.5_0.5_6,outer,1,SA,0.01,0,Single,No_Top,211,170345
result_SELECT_10_Heisenberg2D_cylinder_0.5_0.5_6,outer,1,SA,0.001,2,Double,No_Kink,254,539906
result_SELECT_10_Heisenberg2D_cylinder_0.5_0.5_6,outer,1,SA,0.001,0,Proj,No_Kink,217,977575
result_SELECT_10_Heisenberg2D_cylinder_0.5_0.5_6,outer,1,SA,0.001,2,Single,No_Kink,333,551298
result_SELECT_10_Heisenberg2D_cylinder_0.5_0.5_6,outer,1,SA,0.001,2,Double,Yes_Kink,244,564992
result_SELECT_10_Heisenberg2D_cylinder_0.5_0.5_6,outer,1,SA,0.01,1,Double,No_MSF,177,121590
result_SELECT_10_Heisenberg2D_cylinder_0.5_0.5_6,outer,1,SA,0.001,0,Proj,Yes_Kink,225,997294
result_SELECT_10_Heisenberg2D_cylinder_0.5_0.5_6,outer,1,SA,0.01,1,Double,No_Top,177,145174
result_SELECT_10_Heisenberg2D_cylinder_0.5_0.5_6,outer,1,SA,0.01,0,Double,No_Kink,242,482880
result_SELECT_10_Heisenberg2D_cylinder_0.5_0.5_6,outer,1,SA,0.01,1,Proj,No_MSF,108,21372
result_SELECT_10_Heisenberg2D_cylinder_0.5_0.5_6,outer,1,SA,0.01,1,Proj,No_Top,108,45820
result_SELECT_10_Heisenberg2D_cylinder_0.5_0.5_6,outer,1,SA,0.01,0,Double,Yes_Kink,243,489689
result_SELECT_10_Heisenberg2D_cylinder_0.5_0.5_6,outer,1,SA,0.01,1,Single,No_MSF,211,146329
result_SELECT_10_Heisenberg2D_cylinder_0.5_0.5_6,outer,1,SA,0.01,1,Single,No_Top,211,169541
result_SELECT_10_Heisenberg2D_cylinder_0.5_0.5_6,outer,1,SA,0.01,2,Double,No_MSF,177,121590
result_SELECT_10_Heisenberg2D_cylinder_0.5_0.5_6,outer,1,SA,0.01,0,Single,No_Kink,305,509430
result_SELECT_10_Heisenberg2D_cylinder_0.5_0.5_6,outer,1,SA,0.01,2,Double,No_Top,177,146330
result_SELECT_10_Heisenberg2D_cylinder_0.5_0.5_6,outer,1,SA,0.001,1,Proj,No_Kink,219,975501
result_SELECT_10_Heisenberg2D_cylinder_0.5_0.5_6,outer,1,SA,0.001,1,Proj,Yes_Kink,226,991020
result_SELECT_10_Heisenberg2D_cylinder_0.5_0.5_6,outer,1,SA,0.01,2,Proj,No_MSF,108,21372
result_SELECT_10_Heisenberg2D_cylinder_0.5_0.5_6,outer,1,SA,0.01,2,Proj,No_Top,123,45820
result_SELECT_10_Heisenberg2D_cylinder_0.5_0.5_6,outer,1,SA,0.01,1,Double,No_Kink,246,500528
result_SELECT_10_Heisenberg2D_cylinder_0.5_0.5_6,outer,1,SA,0.01,2,Single,No_MSF,211,146329
result_SELECT_10_Heisenberg2D_cylinder_0.5_0.5_6,outer,1,SA,0.01,1,Double,Yes_Kink,246,521802
result_SELECT_10_Heisenberg2D_cylinder_0.5_0.5_6,outer,1,SA,0.01,2,Single,No_Top,211,170527
result_SELECT_10_Heisenberg2D_cylinder_0.5_0.5_6,outer,1,SA,0.01,1,Single,No_Kink,310,517108
result_SELECT_10_Heisenberg2D_cylinder_0.5_0.5_6,outer,1,SA,0.001,2,Proj,No_Kink,220,990202
result_SELECT_10_Heisenberg2D_cylinder_0.5_0.5_6,outer,1,SA,0.1,0,Double,No_MSF,177,121590
result_SELECT_10_Heisenberg2D_cylinder_0.5_0.5_6,outer,1,SA,0.001,2,Proj,Yes_Kink,228,1003475
result_SELECT_10_Heisenberg2D_cylinder_0.5_0.5_6,outer,1,SA,0.1,0,Double,No_Top,177,145898
result_SELECT_10_Heisenberg2D_cylinder_0.5_0.5_6,outer,1,SA,0.1,0,Proj,No_MSF,108,21372
result_SELECT_10_Heisenberg2D_cylinder_0.5_0.5_6,outer,1,SA,0.1,0,Proj,No_Top,108,45820
result_SELECT_10_Heisenberg2D_cylinder_0.5_0.5_6,outer,1,SA,0.01,2,Double,No_Kink,247,532295
result_SELECT_10_Heisenberg2D_cylinder_0.5_0.5_6,outer,1,SA,0.01,0,Proj,No_Kink,202,922802
result_SELECT_10_Heisenberg2D_cylinder_0.5_0.5_6,outer,1,SA,0.1,0,Single,No_MSF,211,146329
result_SELECT_10_Heisenberg2D_cylinder_0.5_0.5_6,outer,1,SA,0.01,0,Proj,Yes_Kink,210,937214
result_SELECT_10_Heisenberg2D_cylinder_0.5_0.5_6,outer,1,SA,0.1,0,Single,No_Top,211,170345
result_SELECT_10_Heisenberg2D_cylinder_0.5_0.5_6,outer,1,SA,0.1,1,Double,No_MSF,177,121590
result_SELECT_10_Heisenberg2D_cylinder_0.5_0.5_6,outer,1,SA,0.01,2,Single,No_Kink,323,548449
result_SELECT_10_Heisenberg2D_cylinder_0.5_0.5_6,outer,1,SA,0.01,2,Double,Yes_Kink,259,558124
result_SELECT_10_Heisenberg2D_cylinder_0.5_0.5_6,outer,1,SA,0.1,1,Double,No_Top,177,145174
result_SELECT_10_Heisenberg2D_cylinder_0.5_0.5_6,outer,1,SA,0.1,1,Proj,No_MSF,108,21372
result_SELECT_10_Heisenberg2D_cylinder_0.5_0.5_6,outer,1,SA,0.1,0,Double,No_Kink,224,464985
result_SELECT_10_Heisenberg2D_cylinder_0.5_0.5_6,outer,1,SA,0.1,1,Proj,No_Top,108,45820
result_SELECT_10_Heisenberg2D_cylinder_0.5_0.5_6,outer,1,SA,0.1,1,Single,No_MSF,211,146329
result_SELECT_10_Heisenberg2D_cylinder_0.5_0.5_6,outer,1,SA,0.01,1,Proj,No_Kink,203,923655
result_SELECT_10_Heisenberg2D_cylinder_0.5_0.5_6,outer,1,SA,0.1,1,Single,No_Top,211,169541
result_SELECT_10_Heisenberg2D_cylinder_0.5_0.5_6,outer,1,SA,0.1,0,Double,Yes_Kink,229,469216
result_SELECT_10_Heisenberg2D_cylinder_0.5_0.5_6,outer,1,SA,0.1,0,Single,No_Kink,276,488165
result_SELECT_10_Heisenberg2D_cylinder_0.5_0.5_6,outer,1,SA,0.1,2,Double,No_MSF,177,121590
result_SELECT_10_Heisenberg2D_cylinder_0.5_0.5_6,outer,1,SA,0.1,2,Double,No_Top,177,146330
result_SELECT_10_Heisenberg2D_cylinder_0.5_0.5_6,outer,1,SA,0.01,1,Proj,Yes_Kink,210,939414
result_SELECT_10_Heisenberg2D_cylinder_0.5_0.5_6,outer,1,SA,0.1,2,Proj,No_MSF,108,21372
result_SELECT_10_Heisenberg2D_cylinder_0.5_0.5_6,outer,1,SA,0.1,2,Proj,No_Top,123,45820
result_SELECT_10_Heisenberg2D_cylinder_0.5_0.5_6,outer,1,SA,0.1,1,Double,No_Kink,224,475165
result_SELECT_10_Heisenberg2D_cylinder_0.5_0.5_6,outer,1,SA,0.01,2,Proj,No_Kink,207,935982
result_SELECT_10_Heisenberg2D_cylinder_0.5_0.5_6,outer,1,SA,0.1,2,Single,No_MSF,211,146329
result_SELECT_10_Heisenberg2D_cylinder_0.5_0.5_6,outer,1,SA,0.1,1,Single,No_Kink,292,498803
result_SELECT_10_Heisenberg2D_cylinder_0.5_0.5_6,outer,1,SA,0.01,2,Proj,Yes_Kink,214,945763
result_SELECT_10_Heisenberg2D_cylinder_0.5_0.5_6,outer,1,SA,0.1,2,Single,No_Top,211,170527
result_SELECT_10_Heisenberg2D_cylinder_0.5_0.5_6,outer,1,SA,0.1,1,Double,Yes_Kink,230,496520
result_SELECT_10_Heisenberg2D_cylinder_0.5_0.5_6,outer,1,SA,1,0,Double,No_MSF,177,121590
result_SELECT_10_Heisenberg2D_cylinder_0.5_0.5_6,outer,1,SA,1,0,Double,No_Top,177,145898
result_SELECT_10_Heisenberg2D_cylinder_0.5_0.5_6,outer,1,SA,1,0,Proj,No_MSF,108,21372
result_SELECT_10_Heisenberg2D_cylinder_0.5_0.5_6,outer,1,SA,1,0,Proj,No_Top,108,45820
result_SELECT_10_Heisenberg2D_cylinder_0.5_0.5_6,outer,1,SA,0.1,2,Double,No_Kink,222,503141
result_SELECT_10_Heisenberg2D_cylinder_0.5_0.5_6,outer,1,SA,1,0,Single,No_MSF,211,146329
result_SELECT_10_Heisenberg2D_cylinder_0.5_0.5_6,outer,1,SA,1,0,Single,No_Top,211,170345
result_SELECT_10_Heisenberg2D_cylinder_0.5_0.5_6,outer,1,SA,0.1,0,Proj,No_Kink,199,919512
result_SELECT_10_Heisenberg2D_cylinder_0.5_0.5_6,outer,1,SA,0.1,2,Double,Yes_Kink,230,526742
result_SELECT_10_Heisenberg2D_cylinder_0.5_0.5_6,outer,1,SA,0.1,2,Single,No_Kink,298,520258
result_SELECT_10_Heisenberg2D_cylinder_0.5_0.5_6,outer,1,SA,0.1,0,Proj,Yes_Kink,205,931301
result_SELECT_10_Heisenberg2D_cylinder_0.5_0.5_6,outer,1,SA,1,1,Double,No_MSF,177,121590
result_SELECT_10_Heisenberg2D_cylinder_0.5_0.5_6,outer,1,SA,1,1,Double,No_Top,177,145174
result_SELECT_10_Heisenberg2D_cylinder_0.5_0.5_6,outer,1,SA,1,0,Double,No_Kink,226,465320
result_SELECT_10_Heisenberg2D_cylinder_0.5_0.5_6,outer,1,SA,1,1,Proj,No_MSF,108,21372
result_SELECT_10_Heisenberg2D_cylinder_0.5_0.5_6,outer,1,SA,1,1,Proj,No_Top,108,45820
result_SELECT_10_Heisenberg2D_cylinder_0.5_0.5_6,outer,1,SA,1,0,Double,Yes_Kink,234,476190
result_SELECT_10_Heisenberg2D_cylinder_0.5_0.5_6,outer,1,SA,1,1,Single,No_MSF,211,146329
result_SELECT_10_Heisenberg2D_cylinder_0.5_0.5_6,outer,1,SA,0.1,1,Proj,No_Kink,198,913615
result_SELECT_10_Heisenberg2D_cylinder_0.5_0.5_6,outer,1,SA,1,1,Single,No_Top,211,169541
result_SELECT_10_Heisenberg2D_cylinder_0.5_0.5_6,outer,1,SA,1,0,Single,No_Kink,282,482726
result_SELECT_10_Heisenberg2D_cylinder_0.5_0.5_6,outer,1,SA,0.1,1,Proj,Yes_Kink,205,929660
result_SELECT_10_Heisenberg2D_cylinder_0.5_0.5_6,outer,1,SA,1,2,Double,No_Top,177,146330
result_SELECT_10_Heisenberg2D_cylinder_0.5_0.5_6,outer,1,SA,1,2,Double,No_MSF,177,121590
result_SELECT_10_Heisenberg2D_cylinder_0.5_0.5_6,outer,1,SA,1,2,Proj,No_MSF,108,21372
result_SELECT_10_Heisenberg2D_cylinder_0.5_0.5_6,outer,1,SA,1,2,Proj,No_Top,123,45820
result_SELECT_10_Heisenberg2D_cylinder_0.5_0.5_6,outer,1,SA,1,1,Double,No_Kink,241,482820
result_SELECT_10_Heisenberg2D_cylinder_0.5_0.5_6,outer,1,SA,1,2,Single,No_MSF,211,146329
result_SELECT_10_Heisenberg2D_cylinder_0.5_0.5_6,outer,1,SA,1,2,Single,No_Top,211,170527
result_SELECT_10_Heisenberg2D_cylinder_0.5_0.5_6,outer,1,SA,0.1,2,Proj,No_Kink,202,927220
result_SELECT_10_Heisenberg2D_cylinder_0.5_0.5_6,outer,1,SA,1,1,Single,No_Kink,286,494294
result_SELECT_10_Heisenberg2D_cylinder_0.5_0.5_6,outer,1,SA,1,1,Double,Yes_Kink,241,511794
result_SELECT_10_Heisenberg2D_cylinder_0.5_0.5_6,outer,1,naive,0,0,Double,No_MSF,177,121590
result_SELECT_10_Heisenberg2D_cylinder_0.5_0.5_6,outer,1,SA,0.1,2,Proj,Yes_Kink,208,938432
result_SELECT_10_Heisenberg2D_cylinder_0.5_0.5_6,outer,1,naive,0,0,Double,No_Top,177,145898
result_SELECT_10_Heisenberg2D_cylinder_0.5_0.5_6,outer,1,naive,0,0,Proj,No_MSF,108,21372
result_SELECT_10_Heisenberg2D_cylinder_0.5_0.5_6,outer,1,naive,0,0,Proj,No_Top,108,45820
result_SELECT_10_Heisenberg2D_cylinder_0.5_0.5_6,outer,1,SA,1,2,Double,No_Kink,246,522360
result_SELECT_10_Heisenberg2D_cylinder_0.5_0.5_6,outer,1,naive,0,0,Single,No_MSF,211,146329
result_SELECT_10_Heisenberg2D_cylinder_0.5_0.5_6,outer,1,naive,0,0,Single,No_Top,211,170345
result_SELECT_10_Heisenberg2D_cylinder_0.5_0.5_6,outer,1,SA,1,0,Proj,No_Kink,212,963551
result_SELECT_10_Heisenberg2D_cylinder_0.5_0.5_6,outer,1,SA,1,2,Single,No_Kink,298,522434
result_SELECT_10_Heisenberg2D_cylinder_0.5_0.5_6,outer,1,SA,1,2,Double,Yes_Kink,250,553899
result_SELECT_10_Heisenberg2D_cylinder_0.5_0.5_6,outer,1,naive,0,1,Double,No_MSF,177,121590
result_SELECT_10_Heisenberg2D_cylinder_0.5_0.5_6,outer,1,SA,1,0,Proj,Yes_Kink,221,985726
result_SELECT_10_Heisenberg2D_cylinder_0.5_0.5_6,outer,1,naive,0,1,Double,No_Top,177,145174
result_SELECT_10_Heisenberg2D_cylinder_0.5_0.5_6,outer,1,naive,0,1,Proj,No_MSF,108,21372
result_SELECT_10_Heisenberg2D_cylinder_0.5_0.5_6,outer,1,naive,0,1,Proj,No_Top,108,45820
result_SELECT_10_Heisenberg2D_cylinder_0.5_0.5_6,outer,1,naive,0,1,Single,No_MSF,211,146329
result_SELECT_10_Heisenberg2D_cylinder_0.5_0.5_6,outer,1,naive,0,1,Single,No_Top,211,169541
result_SELECT_10_Heisenberg2D_cylinder_0.5_0.5_6,outer,1,SA,1,1,Proj,No_Kink,216,973910
result_SELECT_10_Heisenberg2D_cylinder_0.5_0.5_6,outer,1,SA,1,1,Proj,Yes_Kink,225,994885
result_SELECT_10_Heisenberg2D_cylinder_0.5_0.5_6,outer,1,naive,0,2,Double,No_MSF,177,121590
result_SELECT_10_Heisenberg2D_cylinder_0.5_0.5_6,outer,1,naive,0,2,Double,No_Top,177,146330
result_SELECT_10_Heisenberg2D_cylinder_0.5_0.5_6,outer,1,naive,0,2,Proj,No_MSF,108,21372
result_SELECT_10_Heisenberg2D_cylinder_0.5_0.5_6,outer,1,SA,1,2,Proj,No_Kink,217,980321
result_SELECT_10_Heisenberg2D_cylinder_0.5_0.5_6,outer,1,naive,0,2,Proj,No_Top,123,45820
result_SELECT_10_Heisenberg2D_cylinder_0.5_0.5_6,outer,1,SA,1,2,Proj,Yes_Kink,228,1006858
result_SELECT_10_Heisenberg2D_cylinder_0.5_0.5_6,outer,1,naive,0,0,Double,No_Kink,680,1254204
result_SELECT_10_Heisenberg2D_cylinder_0.5_0.5_6,outer,1,naive,0,2,Single,No_MSF,211,146329
result_SELECT_10_Heisenberg2D_cylinder_0.5_0.5_6,outer,1,naive,0,2,Single,No_Top,211,170527
result_SELECT_10_Heisenberg2D_cylinder_0.5_0.5_6,outer,1,naive,0,0,Double,Yes_Kink,668,1250498
result_SELECT_10_Heisenberg2D_cylinder_0.5_0.5_6,outer,1,random,0,0,Double,No_MSF,177,121590
result_SELECT_10_Heisenberg2D_cylinder_0.5_0.5_6,outer,1,naive,0,0,Single,No_Kink,924,1449201
result_SELECT_10_Heisenberg2D_cylinder_0.5_0.5_6,outer,1,random,0,0,Double,No_Top,177,145898
result_SELECT_10_Heisenberg2D_cylinder_0.5_0.5_6,outer,1,naive,0,1,Double,No_Kink,666,1254988
result_SELECT_10_Heisenberg2D_cylinder_0.5_0.5_6,outer,1,random,0,0,Proj,No_MSF,108,21372
result_SELECT_10_Heisenberg2D_cylinder_0.5_0.5_6,outer,1,naive,0,1,Double,Yes_Kink,668,1256962
result_SELECT_10_Heisenberg2D_cylinder_0.5_0.5_6,outer,1,random,0,0,Proj,No_Top,108,45820
result_SELECT_10_Heisenberg2D_cylinder_0.5_0.5_6,outer,1,naive,0,1,Single,No_Kink,922,1436016
result_SELECT_10_Heisenberg2D_cylinder_0.5_0.5_6,outer,1,random,0,0,Single,No_MSF,211,146329
result_SELECT_10_Heisenberg2D_cylinder_0.5_0.5_6,outer,1,random,0,0,Single,No_Top,211,170345
result_SELECT_10_Heisenberg2D_cylinder_0.5_0.5_6,outer,1,naive,0,2,Double,No_Kink,671,1274823
result_SELECT_10_Heisenberg2D_cylinder_0.5_0.5_6,outer,1,random,0,1,Double,No_MSF,177,121590
result_SELECT_10_Heisenberg2D_cylinder_0.5_0.5_6,outer,1,random,0,1,Double,No_Top,177,145174
result_SELECT_10_Heisenberg2D_cylinder_0.5_0.5_6,outer,1,naive,0,2,Double,Yes_Kink,673,1266255
result_SELECT_10_Heisenberg2D_cylinder_0.5_0.5_6,outer,1,random,0,1,Proj,No_MSF,108,21372
result_SELECT_10_Heisenberg2D_cylinder_0.5_0.5_6,outer,1,random,0,1,Proj,No_Top,108,45820
result_SELECT_10_Heisenberg2D_cylinder_0.5_0.5_6,outer,1,naive,0,2,Single,No_Kink,931,1451704
result_SELECT_10_Heisenberg2D_cylinder_0.5_0.5_6,outer,1,random,0,0,Double,No_Kink,416,1203694
result_SELECT_10_Heisenberg2D_cylinder_0.5_0.5_6,outer,1,random,0,1,Single,No_MSF,211,146329
result_SELECT_10_Heisenberg2D_cylinder_0.5_0.5_6,outer,1,random,0,0,Double,Yes_Kink,414,1206243
result_SELECT_10_Heisenberg2D_cylinder_0.5_0.5_6,outer,1,random,0,1,Single,No_Top,211,169541
result_SELECT_10_Heisenberg2D_cylinder_0.5_0.5_6,outer,1,random,0,2,Double,No_MSF,177,121590
result_SELECT_10_Heisenberg2D_cylinder_0.5_0.5_6,outer,1,random,0,0,Single,No_Kink,725,1494794
result_SELECT_10_Heisenberg2D_cylinder_0.5_0.5_6,outer,1,random,0,2,Double,No_Top,177,146330
result_SELECT_10_Heisenberg2D_cylinder_0.5_0.5_6,outer,1,random,0,1,Double,No_Kink,416,1210342
result_SELECT_10_Heisenberg2D_cylinder_0.5_0.5_6,outer,1,random,0,0,Proj,No_Kink,292,1337990
result_SELECT_10_Heisenberg2D_cylinder_0.5_0.5_6,outer,1,random,0,0,Proj,Yes_Kink,298,1345566
result_SELECT_10_Heisenberg2D_cylinder_0.5_0.5_6,outer,1,random,0,2,Proj,No_MSF,108,21372
result_SELECT_10_Heisenberg2D_cylinder_0.5_0.5_6,outer,1,random,0,2,Proj,No_Top,123,45820
result_SELECT_10_Heisenberg2D_cylinder_0.5_0.5_6,outer,1,random,0,1,Double,Yes_Kink,414,1209043
result_SELECT_10_Heisenberg2D_cylinder_0.5_0.5_6,outer,1,random,0,2,Single,No_MSF,211,146329
result_SELECT_10_Heisenberg2D_cylinder_0.5_0.5_6,outer,1,random,0,2,Single,No_Top,211,170527
result_SELECT_10_Heisenberg2D_cylinder_0.5_0.5_6,outer,2,SA,0.001,0,Double,No_MSF,177,121590
result_SELECT_10_Heisenberg2D_cylinder_0.5_0.5_6,outer,1,random,0,1,Single,No_Kink,723,1498705
result_SELECT_10_Heisenberg2D_cylinder_0.5_0.5_6,outer,2,SA,0.001,0,Double,No_Top,177,145898
result_SELECT_10_Heisenberg2D_cylinder_0.5_0.5_6,outer,1,random,0,1,Proj,No_Kink,294,1340980
result_SELECT_10_Heisenberg2D_cylinder_0.5_0.5_6,outer,1,naive,0,0,Proj,Yes_Kink,697,3070769
result_SELECT_10_Heisenberg2D_cylinder_0.5_0.5_6,outer,1,naive,0,0,Proj,No_Kink,683,3044068
result_SELECT_10_Heisenberg2D_cylinder_0.5_0.5_6,outer,2,SA,0.001,0,Proj,No_MSF,108,21372
result_SELECT_10_Heisenberg2D_cylinder_0.5_0.5_6,outer,2,SA,0.001,0,Proj,No_Top,108,45820
result_SELECT_10_Heisenberg2D_cylinder_0.5_0.5_6,outer,2,SA,0.001,0,Double,No_Kink,186,374302
result_SELECT_10_Heisenberg2D_cylinder_0.5_0.5_6,outer,2,SA,0.001,0,Single,No_MSF,211,146329
result_SELECT_10_Heisenberg2D_cylinder_0.5_0.5_6,outer,1,random,0,1,Proj,Yes_Kink,297,1342414
result_SELECT_10_Heisenberg2D_cylinder_0.5_0.5_6,outer,2,SA,0.001,0,Single,No_Top,211,170345
result_SELECT_10_Heisenberg2D_cylinder_0.5_0.5_6,outer,1,naive,0,1,Proj,No_Kink,686,3055382
result_SELECT_10_Heisenberg2D_cylinder_0.5_0.5_6,outer,1,naive,0,1,Proj,Yes_Kink,698,3070388
result_SELECT_10_Heisenberg2D_cylinder_0.5_0.5_6,outer,1,random,0,2,Double,No_Kink,417,1213263
result_SELECT_10_Heisenberg2D_cylinder_0.5_0.5_6,outer,2,SA,0.001,1,Double,No_MSF,177,121590
result_SELECT_10_Heisenberg2D_cylinder_0.5_0.5_6,outer,2,SA,0.001,1,Double,No_Top,177,145174
result_SELECT_10_Heisenberg2D_cylinder_0.5_0.5_6,outer,2,SA,0.001,0,Double,Yes_Kink,193,381688
result_SELECT_10_Heisenberg2D_cylinder_0.5_0.5_6,outer,2,SA,0.001,1,Proj,No_MSF,108,21372
result_SELECT_10_Heisenberg2D_cylinder_0.5_0.5_6,outer,2,SA,0.001,0,Single,No_Kink,222,385846
result_SELECT_10_Heisenberg2D_cylinder_0.5_0.5_6,outer,2,SA,0.001,1,Proj,No_Top,108,45820
result_SELECT_10_Heisenberg2D_cylinder_0.5_0.5_6,outer,2,SA,0.001,1,Single,No_MSF,211,146329
result_SELECT_10_Heisenberg2D_cylinder_0.5_0.5_6,outer,2,SA,0.001,0,Single,Yes_Kink,223,405651
result_SELECT_10_Heisenberg2D_cylinder_0.5_0.5_6,outer,2,SA,0.001,1,Single,No_Top,211,169541
result_SELECT_10_Heisenberg2D_cylinder_0.5_0.5_6,outer,2,SA,0.001,1,Double,No_Kink,184,396711
result_SELECT_10_Heisenberg2D_cylinder_0.5_0.5_6,outer,2,SA,0.001,2,Double,No_MSF,177,121590
result_SELECT_10_Heisenberg2D_cylinder_0.5_0.5_6,outer,1,random,0,2,Double,Yes_Kink,416,1216117
result_SELECT_10_Heisenberg2D_cylinder_0.5_0.5_6,outer,2,SA,0.001,1,Double,Yes_Kink,198,412111
result_SELECT_10_Heisenberg2D_cylinder_0.5_0.5_6,outer,2,SA,0.001,2,Double,No_Top,177,146330
result_SELECT_10_Heisenberg2D_cylinder_0.5_0.5_6,outer,1,random,0,2,Single,No_Kink,725,1495906
result_SELECT_10_Heisenberg2D_cylinder_0.5_0.5_6,outer,2,SA,0.001,2,Proj,No_MSF,108,21372
result_SELECT_10_Heisenberg2D_cylinder_0.5_0.5_6,outer,1,naive,0,2,Proj,No_Kink,684,3044090
result_SELECT_10_Heisenberg2D_cylinder_0.5_0.5_6,outer,2,SA,0.001,1,Single,No_Kink,220,400258
result_SELECT_10_Heisenberg2D_cylinder_0.5_0.5_6,outer,2,SA,0.001,2,Proj,No_Top,123,45820
result_SELECT_10_Heisenberg2D_cylinder_0.5_0.5_6,outer,2,SA,0.001,0,Proj,No_Kink,158,750587
result_SELECT_10_Heisenberg2D_cylinder_0.5_0.5_6,outer,1,random,0,2,Proj,No_Kink,293,1338846
result_SELECT_10_Heisenberg2D_cylinder_0.5_0.5_6,outer,2,SA,0.001,2,Single,No_MSF,211,146329
result_SELECT_10_Heisenberg2D_cylinder_0.5_0.5_6,outer,2,SA,0.001,2,Single,No_Top,211,170527
result_SELECT_10_Heisenberg2D_cylinder_0.5_0.5_6,outer,1,random,0,2,Proj,Yes_Kink,299,1346555
result_SELECT_10_Heisenberg2D_cylinder_0.5_0.5_6,outer,2,SA,0.01,0,Double,No_MSF,177,121590
result_SELECT_10_Heisenberg2D_cylinder_0.5_0.5_6,outer,1,naive,0,2,Proj,Yes_Kink,696,3056641
result_SELECT_10_Heisenberg2D_cylinder_0.5_0.5_6,outer,2,SA,0.001,1,Single,Yes_Kink,221,415965
result_SELECT_10_Heisenberg2D_cylinder_0.5_0.5_6,outer,2,SA,0.01,0,Double,No_Top,177,145898
result_SELECT_10_Heisenberg2D_cylinder_0.5_0.5_6,outer,2,SA,0.001,0,Proj,Yes_Kink,162,757719
result_SELECT_10_Heisenberg2D_cylinder_0.5_0.5_6,outer,2,SA,0.01,0,Proj,No_MSF,108,21372
result_SELECT_10_Heisenberg2D_cylinder_0.5_0.5_6,outer,2,SA,0.001,2,Double,No_Kink,186,434005
result_SELECT_10_Heisenberg2D_cylinder_0.5_0.5_6,outer,2,SA,0.01,0,Proj,No_Top,108,45820
result_SELECT_10_Heisenberg2D_cylinder_0.5_0.5_6,outer,2,SA,0.01,0,Single,No_MSF,211,146329
result_SELECT_10_Heisenberg2D_cylinder_0.5_0.5_6,outer,2,SA,0.01,0,Single,No_Top,211,170345
result_SELECT_10_Heisenberg2D_cylinder_0.5_0.5_6,outer,2,SA,0.001,2,Double,Yes_Kink,197,443665
result_SELECT_10_Heisenberg2D_cylinder_0.5_0.5_6,outer,2,SA,0.001,1,Proj,No_Kink,160,764590
result_SELECT_10_Heisenberg2D_cylinder_0.5_0.5_6,outer,2,SA,0.001,1,Proj,Yes_Kink,166,772540
result_SELECT_10_Heisenberg2D_cylinder_0.5_0.5_6,outer,2,SA,0.01,0,Double,No_Kink,186,357639
result_SELECT_10_Heisenberg2D_cylinder_0.5_0.5_6,outer,2,SA,0.001,2,Single,No_Kink,220,434738
result_SELECT_10_Heisenberg2D_cylinder_0.5_0.5_6,outer,2,SA,0.01,1,Double,No_MSF,177,121590
result_SELECT_10_Heisenberg2D_cylinder_0.5_0.5_6,outer,2,SA,0.01,1,Double,No_Top,177,145174
result_SELECT_10_Heisenberg2D_cylinder_0.5_0.5_6,outer,2,SA,0.001,2,Single,Yes_Kink,224,450406
result_SELECT_10_Heisenberg2D_cylinder_0.5_0.5_6,outer,2,SA,0.01,1,Proj,No_MSF,108,21372
result_SELECT_10_Heisenberg2D_cylinder_0.5_0.5_6,outer,2,SA,0.01,1,Proj,No_Top,108,45820
result_SELECT_10_Heisenberg2D_cylinder_0.5_0.5_6,outer,2,SA,0.01,0,Double,Yes_Kink,195,359001
result_SELECT_10_Heisenberg2D_cylinder_0.5_0.5_6,outer,2,SA,0.01,1,Single,No_MSF,211,146329
result_SELECT_10_Heisenberg2D_cylinder_0.5_0.5_6,outer,2,SA,0.01,1,Single,No_Top,211,169541
result_SELECT_10_Heisenberg2D_cylinder_0.5_0.5_6,outer,2,SA,0.01,0,Single,No_Kink,221,367760
result_SELECT_10_Heisenberg2D_cylinder_0.5_0.5_6,outer,2,SA,0.01,2,Double,No_MSF,177,121590
result_SELECT_10_Heisenberg2D_cylinder_0.5_0.5_6,outer,2,SA,0.01,0,Single,Yes_Kink,222,388831
result_SELECT_10_Heisenberg2D_cylinder_0.5_0.5_6,outer,2,SA,0.01,2,Double,No_Top,177,146330
result_SELECT_10_Heisenberg2D_cylinder_0.5_0.5_6,outer,2,SA,0.01,1,Double,No_Kink,187,366095
result_SELECT_10_Heisenberg2D_cylinder_0.5_0.5_6,outer,2,SA,0.01,2,Proj,No_MSF,108,21372
result_SELECT_10_Heisenberg2D_cylinder_0.5_0.5_6,outer,2,SA,0.01,2,Proj,No_Top,123,45820
result_SELECT_10_Heisenberg2D_cylinder_0.5_0.5_6,outer,2,SA,0.001,2,Proj,No_Kink,166,790036
result_SELECT_10_Heisenberg2D_cylinder_0.5_0.5_6,outer,2,SA,0.01,1,Double,Yes_Kink,197,376991
result_SELECT_10_Heisenberg2D_cylinder_0.5_0.5_6,outer,2,SA,0.01,1,Single,No_Kink,219,371677
result_SELECT_10_Heisenberg2D_cylinder_0.5_0.5_6,outer,2,SA,0.01,2,Single,No_MSF,211,146329
result_SELECT_10_Heisenberg2D_cylinder_0.5_0.5_6,outer,2,SA,0.01,2,Single,No_Top,211,170527
result_SELECT_10_Heisenberg2D_cylinder_0.5_0.5_6,outer,2,SA,0.001,2,Proj,Yes_Kink,171,792487
result_SELECT_10_Heisenberg2D_cylinder_0.5_0.5_6,outer,2,SA,0.01,1,Single,Yes_Kink,222,392302
result_SELECT_10_Heisenberg2D_cylinder_0.5_0.5_6,outer,2,SA,0.1,0,Double,No_MSF,177,121590
result_SELECT_10_Heisenberg2D_cylinder_0.5_0.5_6,outer,2,SA,0.1,0,Double,No_Top,177,145898
result_SELECT_10_Heisenberg2D_cylinder_0.5_0.5_6,outer,2,SA,0.01,2,Double,No_Kink,187,393909
result_SELECT_10_Heisenberg2D_cylinder_0.5_0.5_6,outer,2,SA,0.01,0,Proj,No_Kink,158,751938
result_SELECT_10_Heisenberg2D_cylinder_0.5_0.5_6,outer,2,SA,0.01,2,Double,Yes_Kink,197,401450
result_SELECT_10_Heisenberg2D_cylinder_0.5_0.5_6,outer,2,SA,0.1,0,Proj,No_MSF,108,21372
result_SELECT_10_Heisenberg2D_cylinder_0.5_0.5_6,outer,2,SA,0.1,0,Proj,No_Top,108,45820
result_SELECT_10_Heisenberg2D_cylinder_0.5_0.5_6,outer,2,SA,0.01,0,Proj,Yes_Kink,163,756422
result_SELECT_10_Heisenberg2D_cylinder_0.5_0.5_6,outer,2,SA,0.1,0,Single,No_MSF,211,146329
result_SELECT_10_Heisenberg2D_cylinder_0.5_0.5_6,outer,2,SA,0.01,2,Single,No_Kink,219,394976
result_SELECT_10_Heisenberg2D_cylinder_0.5_0.5_6,outer,2,SA,0.1,0,Single,No_Top,211,170345
result_SELECT_10_Heisenberg2D_cylinder_0.5_0.5_6,outer,2,SA,0.1,0,Double,No_Kink,182,350832
result_SELECT_10_Heisenberg2D_cylinder_0.5_0.5_6,outer,2,SA,0.1,1,Double,No_MSF,177,121590
result_SELECT_10_Heisenberg2D_cylinder_0.5_0.5_6,outer,2,SA,0.01,2,Single,Yes_Kink,225,414741
result_SELECT_10_Heisenberg2D_cylinder_0.5_0.5_6,outer,2,SA,0.1,1,Double,No_Top,177,145174
result_SELECT_10_Heisenberg2D_cylinder_0.5_0.5_6,outer,2,SA,0.01,1,Proj,No_Kink,160,756269
result_SELECT_10_Heisenberg2D_cylinder_0.5_0.5_6,outer,2,SA,0.1,0,Double,Yes_Kink,190,353784
result_SELECT_10_Heisenberg2D_cylinder_0.5_0.5_6,outer,2,SA,0.1,1,Proj,No_MSF,108,21372
result_SELECT_10_Heisenberg2D_cylinder_0.5_0.5_6,outer,2,SA,0.1,1,Proj,No_Top,108,45820
result_SELECT_10_Heisenberg2D_cylinder_0.5_0.5_6,outer,2,SA,0.01,1,Proj,Yes_Kink,164,761862
result_SELECT_10_Heisenberg2D_cylinder_0.5_0.5_6,outer,2,SA,0.1,0,Single,No_Kink,218,360870
result_SELECT_10_Heisenberg2D_cylinder_0.5_0.5_6,outer,2,SA,0.1,1,Single,No_MSF,211,146329
result_SELECT_10_Heisenberg2D_cylinder_0.5_0.5_6,outer,2,SA,0.1,1,Single,No_Top,211,169541
result_SELECT_10_Heisenberg2D_cylinder_0.5_0.5_6,outer,2,SA,0.1,0,Single,Yes_Kink,219,379090
result_SELECT_10_Heisenberg2D_cylinder_0.5_0.5_6,outer,2,SA,0.1,2,Double,No_MSF,177,121590
result_SELECT_10_Heisenberg2D_cylinder_0.5_0.5_6,outer,2,SA,0.1,2,Double,No_Top,177,146330
result_SELECT_10_Heisenberg2D_cylinder_0.5_0.5_6,outer,2,SA,0.1,1,Double,No_Kink,182,361395
result_SELECT_10_Heisenberg2D_cylinder_0.5_0.5_6,outer,2,SA,0.01,2,Proj,No_Kink,164,774287
result_SELECT_10_Heisenberg2D_cylinder_0.5_0.5_6,outer,2,SA,0.1,2,Proj,No_MSF,108,21372
result_SELECT_10_Heisenberg2D_cylinder_0.5_0.5_6,outer,2,SA,0.1,2,Proj,No_Top,123,45820
result_SELECT_10_Heisenberg2D_cylinder_0.5_0.5_6,outer,2,SA,0.1,1,Double,Yes_Kink,192,372844
result_SELECT_10_Heisenberg2D_cylinder_0.5_0.5_6,outer,2,SA,0.1,1,Single,No_Kink,219,367418
result_SELECT_10_Heisenberg2D_cylinder_0.5_0.5_6,outer,2,SA,0.1,2,Single,No_MSF,211,146329
result_SELECT_10_Heisenberg2D_cylinder_0.5_0.5_6,outer,2,SA,0.01,2,Proj,Yes_Kink,169,780376
result_SELECT_10_Heisenberg2D_cylinder_0.5_0.5_6,outer,2,SA,0.1,2,Single,No_Top,211,170527
result_SELECT_10_Heisenberg2D_cylinder_0.5_0.5_6,outer,2,SA,0.1,1,Single,Yes_Kink,218,384940
result_SELECT_10_Heisenberg2D_cylinder_0.5_0.5_6,outer,2,SA,1,0,Double,No_MSF,177,121590
result_SELECT_10_Heisenberg2D_cylinder_0.5_0.5_6,outer,2,SA,1,0,Double,No_Top,177,145898
result_SELECT_10_Heisenberg2D_cylinder_0.5_0.5_6,outer,2,SA,0.1,0,Proj,No_Kink,151,724598
result_SELECT_10_Heisenberg2D_cylinder_0.5_0.5_6,outer,2,SA,0.1,2,Double,No_Kink,184,391406
result_SELECT_10_Heisenberg2D_cylinder_0.5_0.5_6,outer,2,SA,0.1,2,Double,Yes_Kink,195,399215
result_SELECT_10_Heisenberg2D_cylinder_0.5_0.5_6,outer,2,SA,0.1,0,Proj,Yes_Kink,157,728523
result_SELECT_10_Heisenberg2D_cylinder_0.5_0.5_6,outer,2,SA,1,0,Proj,No_MSF,108,21372
result_SELECT_10_Heisenberg2D_cylinder_0.5_0.5_6,outer,2,SA,1,0,Proj,No_Top,108,45820
result_SELECT_10_Heisenberg2D_cylinder_0.5_0.5_6,outer,2,SA,1,0,Single,No_MSF,211,146329
result_SELECT_10_Heisenberg2D_cylinder_0.5_0.5_6,outer,2,SA,0.1,2,Single,No_Kink,217,390744
result_SELECT_10_Heisenberg2D_cylinder_0.5_0.5_6,outer,2,SA,1,0,Single,No_Top,211,170345
result_SELECT_10_Heisenberg2D_cylinder_0.5_0.5_6,outer,2,SA,1,1,Double,No_MSF,177,121590
result_SELECT_10_Heisenberg2D_cylinder_0.5_0.5_6,outer,2,SA,0.1,2,Single,Yes_Kink,219,407241
result_SELECT_10_Heisenberg2D_cylinder_0.5_0.5_6,outer,2,SA,1,0,Double,No_Kink,189,338730
result_SELECT_10_Heisenberg2D_cylinder_0.5_0.5_6,outer,2,SA,1,1,Double,No_Top,177,145174
result_SELECT_10_Heisenberg2D_cylinder_0.5_0.5_6,outer,2,SA,0.1,1,Proj,No_Kink,155,735218
result_SELECT_10_Heisenberg2D_cylinder_0.5_0.5_6,outer,2,SA,1,0,Double,Yes_Kink,195,338490
result_SELECT_10_Heisenberg2D_cylinder_0.5_0.5_6,outer,2,SA,1,1,Proj,No_MSF,108,21372
result_SELECT_10_Heisenberg2D_cylinder_0.5_0.5_6,outer,2,SA,1,1,Proj,No_Top,108,45820
result_SELECT_10_Heisenberg2D_cylinder_0.5_0.5_6,outer,2,SA,1,1,Single,No_MSF,211,146329
result_SELECT_10_Heisenberg2D_cylinder_0.5_0.5_6,outer,2,SA,1,0,Single,No_Kink,222,347361
result_SELECT_10_Heisenberg2D_cylinder_0.5_0.5_6,outer,2,SA,1,1,Single,No_Top,211,169541
result_SELECT_10_Heisenberg2D_cylinder_0.5_0.5_6,outer,2,SA,1,0,Single,Yes_Kink,228,370435
result_SELECT_10_Heisenberg2D_cylinder_0.5_0.5_6,outer,2,SA,1,2,Double,No_MSF,177,121590
result_SELECT_10_Heisenberg2D_cylinder_0.5_0.5_6,outer,2,SA,1,2,Double,No_Top,177,146330
result_SELECT_10_Heisenberg2D_cylinder_0.5_0.5_6,outer,2,SA,0.1,1,Proj,Yes_Kink,159,736619
result_SELECT_10_Heisenberg2D_cylinder_0.5_0.5_6,outer,2,SA,1,1,Double,No_Kink,188,346056
result_SELECT_10_Heisenberg2D_cylinder_0.5_0.5_6,outer,2,SA,0.1,2,Proj,No_Kink,160,759842
result_SELECT_10_Heisenberg2D_cylinder_0.5_0.5_6,outer,2,SA,1,1,Double,Yes_Kink,198,356382
result_SELECT_10_Heisenberg2D_cylinder_0.5_0.5_6,outer,2,SA,1,2,Proj,No_MSF,108,21372
result_SELECT_10_Heisenberg2D_cylinder_0.5_0.5_6,outer,2,SA,1,2,Proj,No_Top,123,45820
result_SELECT_10_Heisenberg2D_cylinder_0.5_0.5_6,outer,2,SA,1,1,Single,No_Kink,219,350187
result_SELECT_10_Heisenberg2D_cylinder_0.5_0.5_6,outer,2,SA,1,2,Single,No_MSF,211,146329
result_SELECT_10_Heisenberg2D_cylinder_0.5_0.5_6,outer,2,SA,1,2,Single,No_Top,211,170527
result_SELECT_10_Heisenberg2D_cylinder_0.5_0.5_6,outer,2,SA,1,1,Single,Yes_Kink,229,371033
result_SELECT_10_Heisenberg2D_cylinder_0.5_0.5_6,outer,2,naive,0,0,Double,No_MSF,177,121590
result_SELECT_10_Heisenberg2D_cylinder_0.5_0.5_6,outer,2,SA,1,2,Double,No_Kink,190,375969
result_SELECT_10_Heisenberg2D_cylinder_0.5_0.5_6,outer,2,SA,0.1,2,Proj,Yes_Kink,165,764068
result_SELECT_10_Heisenberg2D_cylinder_0.5_0.5_6,outer,2,naive,0,0,Double,No_Top,177,145898
result_SELECT_10_Heisenberg2D_cylinder_0.5_0.5_6,outer,2,naive,0,0,Proj,No_MSF,108,21372
result_SELECT_10_Heisenberg2D_cylinder_0.5_0.5_6,outer,2,SA,1,0,Proj,No_Kink,173,808208
result_SELECT_10_Heisenberg2D_cylinder_0.5_0.5_6,outer,2,naive,0,0,Proj,No_Top,108,45820
result_SELECT_10_Heisenberg2D_cylinder_0.5_0.5_6,outer,2,SA,1,2,Double,Yes_Kink,199,385554
result_SELECT_10_Heisenberg2D_cylinder_0.5_0.5_6,outer,2,SA,1,2,Single,No_Kink,223,374658
result_SELECT_10_Heisenberg2D_cylinder_0.5_0.5_6,outer,2,naive,0,0,Single,No_MSF,211,146329
result_SELECT_10_Heisenberg2D_cylinder_0.5_0.5_6,outer,2,naive,0,0,Single,No_Top,211,170345
result_SELECT_10_Heisenberg2D_cylinder_0.5_0.5_6,outer,2,SA,1,2,Single,Yes_Kink,230,394756
result_SELECT_10_Heisenberg2D_cylinder_0.5_0.5_6,outer,2,naive,0,1,Double,No_MSF,177,121590
result_SELECT_10_Heisenberg2D_cylinder_0.5_0.5_6,outer,2,SA,1,0,Proj,Yes_Kink,178,822497
result_SELECT_10_Heisenberg2D_cylinder_0.5_0.5_6,outer,2,naive,0,1,Double,No_Top,177,145174
result_SELECT_10_Heisenberg2D_cylinder_0.5_0.5_6,outer,2,naive,0,1,Proj,No_MSF,108,21372
result_SELECT_10_Heisenberg2D_cylinder_0.5_0.5_6,outer,2,SA,1,1,Proj,No_Kink,176,820216
result_SELECT_10_Heisenberg2D_cylinder_0.5_0.5_6,outer,2,naive,0,1,Proj,No_Top,108,45820
result_SELECT_10_Heisenberg2D_cylinder_0.5_0.5_6,outer,2,naive,0,1,Single,No_MSF,211,146329
result_SELECT_10_Heisenberg2D_cylinder_0.5_0.5_6,outer,2,SA,1,1,Proj,Yes_Kink,182,835460
result_SELECT_10_Heisenberg2D_cylinder_0.5_0.5_6,outer,2,naive,0,1,Single,No_Top,211,169541
result_SELECT_10_Heisenberg2D_cylinder_0.5_0.5_6,outer,2,naive,0,2,Double,No_MSF,177,121590
result_SELECT_10_Heisenberg2D_cylinder_0.5_0.5_6,outer,2,SA,1,2,Proj,No_Kink,178,840715
result_SELECT_10_Heisenberg2D_cylinder_0.5_0.5_6,outer,2,naive,0,0,Double,No_Kink,531,904364
result_SELECT_10_Heisenberg2D_cylinder_0.5_0.5_6,outer,2,naive,0,2,Double,No_Top,177,146330
result_SELECT_10_Heisenberg2D_cylinder_0.5_0.5_6,outer,2,naive,0,2,Proj,No_MSF,108,21372
result_SELECT_10_Heisenberg2D_cylinder_0.5_0.5_6,outer,2,naive,0,0,Single,No_Kink,619,945991
result_SELECT_10_Heisenberg2D_cylinder_0.5_0.5_6,outer,2,SA,1,2,Proj,Yes_Kink,187,853437
result_SELECT_10_Heisenberg2D_cylinder_0.5_0.5_6,outer,2,naive,0,0,Single,Yes_Kink,564,928035
result_SELECT_10_Heisenberg2D_cylinder_0.5_0.5_6,outer,2,naive,0,2,Proj,No_Top,123,45820
result_SELECT_10_Heisenberg2D_cylinder_0.5_0.5_6,outer,2,naive,0,0,Double,Yes_Kink,543,918728
result_SELECT_10_Heisenberg2D_cylinder_0.5_0.5_6,outer,2,naive,0,2,Single,No_MSF,211,146329
result_SELECT_10_Heisenberg2D_cylinder_0.5_0.5_6,outer,2,naive,0,2,Single,No_Top,211,170527
result_SELECT_10_Heisenberg2D_cylinder_0.5_0.5_6,outer,2,naive,0,1,Double,Yes_Kink,568,962452
result_SELECT_10_Heisenberg2D_cylinder_0.5_0.5_6,outer,2,naive,0,1,Double,No_Kink,552,937641
result_SELECT_10_Heisenberg2D_cylinder_0.5_0.5_6,outer,2,random,0,0,Double,No_MSF,177,121590
result_SELECT_10_Heisenberg2D_cylinder_0.5_0.5_6,outer,2,naive,0,1,Single,No_Kink,637,976941
result_SELECT_10_Heisenberg2D_cylinder_0.5_0.5_6,outer,2,random,0,0,Double,No_Top,177,145898
result_SELECT_10_Heisenberg2D_cylinder_0.5_0.5_6,outer,2,random,0,0,Proj,No_MSF,108,21372
result_SELECT_10_Heisenberg2D_cylinder_0.5_0.5_6,outer,2,random,0,0,Proj,No_Top,108,45820
result_SELECT_10_Heisenberg2D_cylinder_0.5_0.5_6,outer,2,naive,0,1,Single,Yes_Kink,567,943187
result_SELECT_10_Heisenberg2D_cylinder_0.5_0.5_6,outer,2,naive,0,2,Double,No_Kink,558,967645
result_SELECT_10_Heisenberg2D_cylinder_0.5_0.5_6,outer,2,random,0,0,Single,No_MSF,211,146329
result_SELECT_10_Heisenberg2D_cylinder_0.5_0.5_6,outer,2,random,0,0,Single,No_Top,211,170345
result_SELECT_10_Heisenberg2D_cylinder_0.5_0.5_6,outer,2,naive,0,2,Double,Yes_Kink,581,991942
result_SELECT_10_Heisenberg2D_cylinder_0.5_0.5_6,outer,2,random,0,1,Double,No_MSF,177,121590
result_SELECT_10_Heisenberg2D_cylinder_0.5_0.5_6,outer,2,random,0,1,Double,No_Top,177,145174
result_SELECT_10_Heisenberg2D_cylinder_0.5_0.5_6,outer,2,naive,0,2,Single,Yes_Kink,594,987707
result_SELECT_10_Heisenberg2D_cylinder_0.5_0.5_6,outer,2,naive,0,2,Single,No_Kink,642,989875
result_SELECT_10_Heisenberg2D_cylinder_0.5_0.5_6,outer,2,random,0,0,Double,No_Kink,274,830841
result_SELECT_10_Heisenberg2D_cylinder_0.5_0.5_6,outer,2,random,0,1,Proj,No_MSF,108,21372
result_SELECT_10_Heisenberg2D_cylinder_0.5_0.5_6,outer,2,random,0,1,Proj,No_Top,108,45820
result_SELECT_10_Heisenberg2D_cylinder_0.5_0.5_6,outer,2,random,0,0,Double,Yes_Kink,274,830641
result_SELECT_10_Heisenberg2D_cylinder_0.5_0.5_6,outer,2,random,0,0,Single,No_Kink,324,852781
result_SELECT_10_Heisenberg2D_cylinder_0.5_0.5_6,outer,2,random,0,1,Single,No_MSF,211,146329
result_SELECT_10_Heisenberg2D_cylinder_0.5_0.5_6,outer,2,random,0,0,Single,Yes_Kink,331,858998
result_SELECT_10_Heisenberg2D_cylinder_0.5_0.5_6,outer,2,random,0,1,Single,No_Top,211,169541
result_SELECT_10_Heisenberg2D_cylinder_0.5_0.5_6,outer,2,random,0,1,Double,No_Kink,269,832602
result_SELECT_10_Heisenberg2D_cylinder_0.5_0.5_6,outer,2,random,0,2,Double,No_MSF,177,121590
result_SELECT_10_Heisenberg2D_cylinder_0.5_0.5_6,outer,2,random,0,0,Proj,Yes_Kink,223,1043539
result_SELECT_10_Heisenberg2D_cylinder_0.5_0.5_6,outer,2,random,0,2,Double,No_Top,177,146330
result_SELECT_10_Heisenberg2D_cylinder_0.5_0.5_6,outer,2,random,0,0,Proj,No_Kink,217,1034848
result_SELECT_10_Heisenberg2D_cylinder_0.5_0.5_6,outer,2,naive,0,0,Proj,No_Kink,518,2398034
result_SELECT_10_Heisenberg2D_cylinder_0.5_0.5_6,outer,2,random,0,2,Proj,No_MSF,108,21372
result_SELECT_10_Heisenberg2D_cylinder_0.5_0.5_6,outer,2,random,0,2,Proj,No_Top,123,45820
result_SELECT_10_Heisenberg2D_cylinder_0.5_0.5_6,outer,2,random,0,1,Double,Yes_Kink,274,838321
result_SELECT_10_Heisenberg2D_cylinder_0.5_0.5_6,outer,2,random,0,2,Single,No_MSF,211,146329
result_SELECT_10_Heisenberg2D_cylinder_0.5_0.5_6,outer,2,random,0,2,Single,No_Top,211,170527
result_SELECT_10_Heisenberg2D_cylinder_0.5_0.5_6,outer,2,random,0,1,Single,No_Kink,325,852537
result_SELECT_10_Heisenberg2D_cylinder_0.5_0.5_6,outer,2,naive,0,1,Proj,No_Kink,535,2475276
result_SELECT_10_Heisenberg2D_cylinder_0.5_0.5_6,outer,2,naive,0,0,Proj,Yes_Kink,526,2405047
result_SELECT_10_Heisenberg2D_cylinder_0.5_0.5_6,outer,2,naive,0,1,Proj,Yes_Kink,544,2483490
result_trotter_10_Heisenberg2D_cylinder_0.5_0.5_det,inner,1,SA,0.001,0,Double,No_MSF,315,18346
result_trotter_10_Heisenberg2D_cylinder_0.5_0.5_det,inner,1,SA,0.001,0,Double,No_Top,330,69965
result_trotter_10_Heisenberg2D_cylinder_0.5_0.5_det,inner,1,SA,0.001,0,Proj,No_MSF,246,4428
result_trotter_10_Heisenberg2D_cylinder_0.5_0.5_det,inner,1,SA,0.001,0,Double,No_Kink,627,235289
result_trotter_10_Heisenberg2D_cylinder_0.5_0.5_det,inner,1,SA,0.001,0,Proj,No_Top,285,54588
result_SELECT_10_Heisenberg2D_cylinder_0.5_0.5_6,outer,2,random,0,1,Proj,No_Kink,220,1045406
result_SELECT_10_Heisenberg2D_cylinder_0.5_0.5_6,outer,2,random,0,1,Proj,Yes_Kink,226,1053541
result_SELECT_10_Heisenberg2D_cylinder_0.5_0.5_6,outer,2,random,0,2,Double,No_Kink,276,850921
result_trotter_10_Heisenberg2D_cylinder_0.5_0.5_det,inner,1,SA,0.001,0,Single,No_MSF,318,18630
result_trotter_10_Heisenberg2D_cylinder_0.5_0.5_det,inner,1,SA,0.001,0,Single,No_Top,345,71447
result_trotter_10_Heisenberg2D_cylinder_0.5_0.5_det,inner,1,SA,0.001,0,Double,Yes_Kink,702,252223
result_SELECT_10_Heisenberg2D_cylinder_0.5_0.5_6,outer,2,random,0,1,Single,Yes_Kink,331,862411
result_trotter_10_Heisenberg2D_cylinder_0.5_0.5_det,inner,1,SA,0.001,1,Double,No_MSF,315,18346
result_trotter_10_Heisenberg2D_cylinder_0.5_0.5_det,inner,1,SA,0.001,1,Double,No_Top,600,96941
result_trotter_10_Heisenberg2D_cylinder_0.5_0.5_det,inner,1,SA,0.001,0,Single,No_Kink,638,206933
result_trotter_10_Heisenberg2D_cylinder_0.5_0.5_det,inner,1,SA,0.001,0,Proj,No_Kink,680,297523
result_trotter_10_Heisenberg2D_cylinder_0.5_0.5_det,inner,1,SA,0.001,1,Proj,No_MSF,246,4428
result_SELECT_10_Heisenberg2D_cylinder_0.5_0.5_6,outer,2,random,0,2,Double,Yes_Kink,282,860320
result_trotter_10_Heisenberg2D_cylinder_0.5_0.5_det,inner,1,SA,0.001,1,Proj,No_Top,570,54588
result_SELECT_10_Heisenberg2D_cylinder_0.5_0.5_6,outer,2,naive,0,2,Proj,No_Kink,549,2537633
result_trotter_10_Heisenberg2D_cylinder_0.5_0.5_det,inner,1,SA,0.001,0,Proj,Yes_Kink,695,292549
result_trotter_10_Heisenberg2D_cylinder_0.5_0.5_det,inner,1,SA,0.001,1,Single,No_MSF,318,18630
result_trotter_10_Heisenberg2D_cylinder_0.5_0.5_det,inner,1,SA,0.001,1,Single,No_Top,607,97678
result_SELECT_10_Heisenberg2D_cylinder_0.5_0.5_6,outer,2,random,0,2,Single,No_Kink,327,863632
result_trotter_10_Heisenberg2D_cylinder_0.5_0.5_det,inner,1,SA,0.001,2,Double,No_MSF,315,18346
result_trotter_10_Heisenberg2D_cylinder_0.5_0.5_det,inner,1,SA,0.001,1,Double,No_Kink,749,271277
result_trotter_10_Heisenberg2D_cylinder_0.5_0.5_det,inner,1,SA,0.001,2,Double,No_Top,885,125440
result_trotter_10_Heisenberg2D_cylinder_0.5_0.5_det,inner,1,SA,0.001,2,Proj,No_MSF,246,4428
result_trotter_10_Heisenberg2D_cylinder_0.5_0.5_det,inner,1,SA,0.001,2,Proj,No_Top,855,54588
result_trotter_10_Heisenberg2D_cylinder_0.5_0.5_det,inner,1,SA,0.001,1,Double,Yes_Kink,844,289742
result_trotter_10_Heisenberg2D_cylinder_0.5_0.5_det,inner,1,SA,0.001,2,Single,No_MSF,318,18630
result_SELECT_10_Heisenberg2D_cylinder_0.5_0.5_6,outer,2,naive,0,2,Proj,Yes_Kink,553,2529927
result_trotter_10_Heisenberg2D_cylinder_0.5_0.5_det,inner,1,SA,0.001,1,Single,No_Kink,782,242511
result_trotter_10_Heisenberg2D_cylinder_0.5_0.5_det,inner,1,SA,0.001,2,Single,No_Top,887,125690
result_SELECT_10_Heisenberg2D_cylinder_0.5_0.5_6,outer,2,random,0,2,Proj,No_Kink,226,1065356
result_trotter_10_Heisenberg2D_cylinder_0.5_0.5_det,inner,1,SA,0.01,0,Double,No_MSF,315,18346
result_trotter_10_Heisenberg2D_cylinder_0.5_0.5_det,inner,1,SA,0.01,0,Double,No_Top,330,69965
result_SELECT_10_Heisenberg2D_cylinder_0.5_0.5_6,outer,2,random,0,2,Single,Yes_Kink,336,870272
result_trotter_10_Heisenberg2D_cylinder_0.5_0.5_det,inner,1,SA,0.001,2,Double,No_Kink,923,315194
result_trotter_10_Heisenberg2D_cylinder_0.5_0.5_det,inner,1,SA,0.01,0,Proj,No_MSF,246,4428
result_trotter_10_Heisenberg2D_cylinder_0.5_0.5_det,inner,1,SA,0.01,0,Proj,No_Top,285,54588
result_SELECT_10_Heisenberg2D_cylinder_0.5_0.5_6,outer,2,random,0,2,Proj,Yes_Kink,230,1072497
result_trotter_10_Heisenberg2D_cylinder_0.5_0.5_det,inner,1,SA,0.001,2,Single,No_Kink,954,275196
result_trotter_10_Heisenberg2D_cylinder_0.5_0.5_det,inner,1,SA,0.01,0,Single,No_MSF,318,18630
result_trotter_10_Heisenberg2D_cylinder_0.5_0.5_det,inner,1,SA,0.001,2,Double,Yes_Kink,972,322430
result_trotter_10_Heisenberg2D_cylinder_0.5_0.5_det,inner,1,SA,0.01,0,Single,No_Top,345,71447
result_trotter_10_Heisenberg2D_cylinder_0.5_0.5_det,inner,1,SA,0.001,1,Proj,Yes_Kink,1016,405658
result_trotter_10_Heisenberg2D_cylinder_0.5_0.5_det,inner,1,SA,0.001,1,Proj,No_Kink,983,414330
result_trotter_10_Heisenberg2D_cylinder_0.5_0.5_det,inner,1,SA,0.01,0,Double,No_Kink,635,233914
result_trotter_10_Heisenberg2D_cylinder_0.5_0.5_det,inner,1,SA,0.01,1,Double,No_MSF,315,18346
result_trotter_10_Heisenberg2D_cylinder_0.5_0.5_det,inner,1,SA,0.01,1,Proj,No_MSF,246,4428
result_trotter_10_Heisenberg2D_cylinder_0.5_0.5_det,inner,1,SA,0.01,1,Double,No_Top,600,96941
result_trotter_10_Heisenberg2D_cylinder_0.5_0.5_det,inner,1,SA,0.01,1,Single,No_MSF,318,18630
result_trotter_10_Heisenberg2D_cylinder_0.5_0.5_det,inner,1,SA,0.01,1,Proj,No_Top,570,54588
result_trotter_10_Heisenberg2D_cylinder_0.5_0.5_det,inner,1,SA,0.01,0,Single,No_Kink,647,202218
result_trotter_10_Heisenberg2D_cylinder_0.5_0.5_det,inner,1,SA,0.01,0,Double,Yes_Kink,726,252014
result_trotter_10_Heisenberg2D_cylinder_0.5_0.5_det,inner,1,SA,0.01,1,Single,No_Top,607,97678
result_trotter_10_Heisenberg2D_cylinder_0.5_0.5_det,inner,1,SA,0.01,2,Double,No_MSF,315,18346
result_trotter_10_Heisenberg2D_cylinder_0.5_0.5_det,inner,1,SA,0.01,0,Proj,No_Kink,642,284969
result_trotter_10_Heisenberg2D_cylinder_0.5_0.5_det,inner,1,SA,0.01,2,Double,No_Top,885,125440
result_trotter_10_Heisenberg2D_cylinder_0.5_0.5_det,inner,1,SA,0.01,2,Proj,No_MSF,246,4428
result_trotter_10_Heisenberg2D_cylinder_0.5_0.5_det,inner,1,SA,0.001,2,Proj,No_Kink,1309,540969
result_trotter_10_Heisenberg2D_cylinder_0.5_0.5_det,inner,1,SA,0.01,2,Proj,No_Top,855,54588
result_trotter_10_Heisenberg2D_cylinder_0.5_0.5_det,inner,1,SA,0.01,2,Single,No_MSF,318,18630
result_trotter_10_Heisenberg2D_cylinder_0.5_0.5_det,inner,1,SA,0.01,0,Proj,Yes_Kink,664,281642
result_trotter_10_Heisenberg2D_cylinder_0.5_0.5_det,inner,1,SA,0.01,1,Double,No_Kink,809,277044
result_trotter_10_Heisenberg2D_cylinder_0.5_0.5_det,inner,1,SA,0.01,2,Single,No_Top,887,125690
result_trotter_10_Heisenberg2D_cylinder_0.5_0.5_det,inner,1,SA,0.01,1,Double,Yes_Kink,876,293487
result_trotter_10_Heisenberg2D_cylinder_0.5_0.5_det,inner,1,SA,0.01,1,Single,No_Kink,851,246277
result_trotter_10_Heisenberg2D_cylinder_0.5_0.5_det,inner,1,SA,0.001,2,Proj,Yes_Kink,1408,548172
result_trotter_10_Heisenberg2D_cylinder_0.5_0.5_det,inner,1,SA,0.1,0,Double,No_MSF,315,18346
result_trotter_10_Heisenberg2D_cylinder_0.5_0.5_det,inner,1,SA,0.1,0,Double,No_Top,330,69965
result_trotter_10_Heisenberg2D_cylinder_0.5_0.5_det,inner,1,SA,0.1,0,Proj,No_MSF,246,4428
result_trotter_10_Heisenberg2D_cylinder_0.5_0.5_det,inner,1,SA,0.1,0,Proj,No_Top,285,54588
result_trotter_10_Heisenberg2D_cylinder_0.5_0.5_det,inner,1,SA,0.1,0,Single,No_MSF,318,18630
result_trotter_10_Heisenberg2D_cylinder_0.5_0.5_det,inner,1,SA,0.01,2,Double,No_Kink,958,316935
result_trotter_10_Heisenberg2D_cylinder_0.5_0.5_det,inner,1,SA,0.01,2,Double,Yes_Kink,997,331868
result_trotter_10_Heisenberg2D_cylinder_0.5_0.5_det,inner,1,SA,0.1,0,Double,No_Kink,467,197041
result_trotter_10_Heisenberg2D_cylinder_0.5_0.5_det,inner,1,SA,0.01,2,Single,No_Kink,1004,281173
result_trotter_10_Heisenberg2D_cylinder_0.5_0.5_det,inner,1,SA,0.1,1,Double,No_MSF,315,18346
result_trotter_10_Heisenberg2D_cylinder_0.5_0.5_det,inner,1,SA,0.1,0,Single,No_Top,345,71447
result_trotter_10_Heisenberg2D_cylinder_0.5_0.5_det,inner,1,SA,0.01,1,Proj,Yes_Kink,1014,410933
result_trotter_10_Heisenberg2D_cylinder_0.5_0.5_det,inner,1,SA,0.1,1,Double,No_Top,600,96941
result_trotter_10_Heisenberg2D_cylinder_0.5_0.5_det,inner,1,SA,0.01,1,Proj,No_Kink,959,410899
result_trotter_10_Heisenberg2D_cylinder_0.5_0.5_det,inner,1,SA,0.1,0,Single,No_Kink,473,167213
result_trotter_10_Heisenberg2D_cylinder_0.5_0.5_det,inner,1,SA,0.1,0,Double,Yes_Kink,557,218961
result_trotter_10_Heisenberg2D_cylinder_0.5_0.5_det,inner,1,SA,0.1,1,Proj,No_MSF,246,4428
result_trotter_10_Heisenberg2D_cylinder_0.5_0.5_det,inner,1,SA,0.1,1,Single,No_MSF,318,18630
result_trotter_10_Heisenberg2D_cylinder_0.5_0.5_det,inner,1,SA,0.1,1,Proj,No_Top,570,54588
result_trotter_10_Heisenberg2D_cylinder_0.5_0.5_det,inner,1,SA,0.1,0,Proj,Yes_Kink,505,219732
result_trotter_10_Heisenberg2D_cylinder_0.5_0.5_det,inner,1,SA,0.1,0,Proj,No_Kink,483,222571
result_trotter_10_Heisenberg2D_cylinder_0.5_0.5_det,inner,1,SA,0.1,1,Single,No_Top,607,97678
result_trotter_10_Heisenberg2D_cylinder_0.5_0.5_det,inner,1,SA,0.1,2,Double,No_MSF,315,18346
result_trotter_10_Heisenberg2D_cylinder_0.5_0.5_det,inner,1,SA,0.1,2,Double,No_Top,885,125440
result_trotter_10_Heisenberg2D_cylinder_0.5_0.5_det,inner,1,SA,0.1,2,Proj,No_MSF,246,4428
result_trotter_10_Heisenberg2D_cylinder_0.5_0.5_det,inner,1,SA,0.1,2,Single,No_MSF,318,18630
result_trotter_10_Heisenberg2D_cylinder_0.5_0.5_det,inner,1,SA,0.1,2,Proj,No_Top,855,54588
result_trotter_10_Heisenberg2D_cylinder_0.5_0.5_det,inner,1,SA,0.1,1,Double,No_Kink,665,253599
result_trotter_10_Heisenberg2D_cylinder_0.5_0.5_det,inner,1,SA,0.01,2,Proj,No_Kink,1232,512795
result_trotter_10_Heisenberg2D_cylinder_0.5_0.5_det,inner,1,SA,0.1,1,Double,Yes_Kink,706,261140
result_trotter_10_Heisenberg2D_cylinder_0.5_0.5_det,inner,1,SA,0.1,2,Single,No_Top,887,125690
result_trotter_10_Heisenberg2D_cylinder_0.5_0.5_det,inner,1,SA,0.01,2,Proj,Yes_Kink,1390,545274
result_trotter_10_Heisenberg2D_cylinder_0.5_0.5_det,inner,1,SA,0.1,1,Single,No_Kink,679,220158
result_trotter_10_Heisenberg2D_cylinder_0.5_0.5_det,inner,1,SA,1,0,Double,No_MSF,315,18346
result_trotter_10_Heisenberg2D_cylinder_0.5_0.5_det,inner,1,SA,1,0,Proj,No_MSF,246,4428
result_trotter_10_Heisenberg2D_cylinder_0.5_0.5_det,inner,1,SA,1,0,Double,No_Top,330,69965
result_trotter_10_Heisenberg2D_cylinder_0.5_0.5_det,inner,1,SA,1,0,Proj,No_Top,285,54588
result_trotter_10_Heisenberg2D_cylinder_0.5_0.5_det,inner,1,SA,1,0,Single,No_MSF,318,18630
result_trotter_10_Heisenberg2D_cylinder_0.5_0.5_det,inner,1,SA,0.1,2,Double,No_Kink,904,286624
result_trotter_10_Heisenberg2D_cylinder_0.5_0.5_det,inner,1,SA,0.1,1,Proj,No_Kink,740,320642
result_trotter_10_Heisenberg2D_cylinder_0.5_0.5_det,inner,1,SA,0.1,1,Proj,Yes_Kink,777,316359
result_trotter_10_Heisenberg2D_cylinder_0.5_0.5_det,inner,1,SA,1,0,Double,No_Kink,382,167205
result_trotter_10_Heisenberg2D_cylinder_0.5_0.5_det,inner,1,SA,0.1,2,Double,Yes_Kink,919,300876
result_trotter_10_Heisenberg2D_cylinder_0.5_0.5_det,inner,1,SA,0.1,2,Single,No_Kink,919,263632
result_trotter_10_Heisenberg2D_cylinder_0.5_0.5_det,inner,1,SA,1,0,Single,No_Top,345,71447
result_trotter_10_Heisenberg2D_cylinder_0.5_0.5_det,inner,1,SA,1,1,Double,No_MSF,315,18346
result_trotter_10_Heisenberg2D_cylinder_0.5_0.5_det,inner,1,SA,1,1,Proj,No_MSF,246,4428
result_trotter_10_Heisenberg2D_cylinder_0.5_0.5_det,inner,1,SA,1,0,Double,Yes_Kink,428,173508
result_trotter_10_Heisenberg2D_cylinder_0.5_0.5_det,inner,1,SA,1,1,Double,No_Top,600,96941
result_trotter_10_Heisenberg2D_cylinder_0.5_0.5_det,inner,1,SA,1,0,Single,No_Kink,383,140732
result_trotter_10_Heisenberg2D_cylinder_0.5_0.5_det,inner,1,SA,1,0,Proj,No_Kink,392,180672
result_trotter_10_Heisenberg2D_cylinder_0.5_0.5_det,inner,1,SA,1,1,Proj,No_Top,570,54588
result_trotter_10_Heisenberg2D_cylinder_0.5_0.5_det,inner,1,SA,1,0,Proj,Yes_Kink,409,178101
result_trotter_10_Heisenberg2D_cylinder_0.5_0.5_det,inner,1,SA,1,1,Single,No_MSF,318,18630
result_trotter_10_Heisenberg2D_cylinder_0.5_0.5_det,inner,1,SA,1,2,Double,No_MSF,315,18346
result_trotter_10_Heisenberg2D_cylinder_0.5_0.5_det,inner,1,SA,1,1,Single,No_Top,607,97678
result_trotter_10_Heisenberg2D_cylinder_0.5_0.5_det,inner,1,SA,1,2,Double,No_Top,885,125440
result_trotter_10_Heisenberg2D_cylinder_0.5_0.5_det,inner,1,SA,1,2,Proj,No_MSF,246,4428
result_trotter_10_Heisenberg2D_cylinder_0.5_0.5_det,inner,1,SA,1,2,Proj,No_Top,855,54588
result_trotter_10_Heisenberg2D_cylinder_0.5_0.5_det,inner,1,SA,0.1,2,Proj,No_Kink,1035,429847
result_trotter_10_Heisenberg2D_cylinder_0.5_0.5_det,inner,1,SA,1,2,Single,No_MSF,318,18630
result_trotter_10_Heisenberg2D_cylinder_0.5_0.5_det,inner,1,SA,1,1,Double,No_Kink,621,223346
result_trotter_10_Heisenberg2D_cylinder_0.5_0.5_det,inner,1,SA,1,1,Single,No_Kink,638,196362
result_trotter_10_Heisenberg2D_cylinder_0.5_0.5_det,inner,1,SA,1,2,Single,No_Top,887,125690
result_trotter_10_Heisenberg2D_cylinder_0.5_0.5_det,inner,1,SA,0.1,2,Proj,Yes_Kink,1075,416894
result_trotter_10_Heisenberg2D_cylinder_0.5_0.5_det,inner,1,naive,0,0,Double,No_MSF,315,18346
result_trotter_10_Heisenberg2D_cylinder_0.5_0.5_det,inner,1,SA,1,1,Double,Yes_Kink,640,227354
result_trotter_10_Heisenberg2D_cylinder_0.5_0.5_det,inner,1,SA,1,1,Proj,No_Kink,646,274045
result_trotter_10_Heisenberg2D_cylinder_0.5_0.5_det,inner,1,naive,0,0,Double,No_Top,330,69965
result_trotter_10_Heisenberg2D_cylinder_0.5_0.5_det,inner,1,SA,1,2,Double,No_Kink,903,249773
result_trotter_10_Heisenberg2D_cylinder_0.5_0.5_det,inner,1,naive,0,0,Proj,No_MSF,246,4428
result_trotter_10_Heisenberg2D_cylinder_0.5_0.5_det,inner,1,naive,0,0,Proj,No_Top,285,54588
result_trotter_10_Heisenberg2D_cylinder_0.5_0.5_det,inner,1,naive,0,0,Single,No_MSF,318,18630
result_trotter_10_Heisenberg2D_cylinder_0.5_0.5_det,inner,1,SA,1,1,Proj,Yes_Kink,664,265055
result_trotter_10_Heisenberg2D_cylinder_0.5_0.5_det,inner,1,SA,1,2,Double,Yes_Kink,912,276160
result_trotter_10_Heisenberg2D_cylinder_0.5_0.5_det,inner,1,SA,1,2,Single,No_Kink,912,240415
result_trotter_10_Heisenberg2D_cylinder_0.5_0.5_det,inner,1,naive,0,1,Double,No_MSF,315,18346
result_trotter_10_Heisenberg2D_cylinder_0.5_0.5_det,inner,1,naive,0,0,Single,No_Top,345,71447
result_trotter_10_Heisenberg2D_cylinder_0.5_0.5_det,inner,1,naive,0,1,Double,No_Top,600,96941
result_trotter_10_Heisenberg2D_cylinder_0.5_0.5_det,inner,1,naive,0,1,Proj,No_MSF,246,4428
result_trotter_10_Heisenberg2D_cylinder_0.5_0.5_det,inner,1,naive,0,0,Double,No_Kink,507,214876
result_trotter_10_Heisenberg2D_cylinder_0.5_0.5_det,inner,1,naive,0,1,Single,No_MSF,318,18630
result_trotter_10_Heisenberg2D_cylinder_0.5_0.5_det,inner,1,naive,0,1,Proj,No_Top,570,54588
result_trotter_10_Heisenberg2D_cylinder_0.5_0.5_det,inner,1,naive,0,0,Single,No_Kink,511,186814
result_trotter_10_Heisenberg2D_cylinder_0.5_0.5_det,inner,1,naive,0,1,Single,No_Top,607,97678
result_trotter_10_Heisenberg2D_cylinder_0.5_0.5_det,inner,1,SA,1,2,Proj,No_Kink,952,384174
result_trotter_10_Heisenberg2D_cylinder_0.5_0.5_det,inner,1,naive,0,0,Proj,Yes_Kink,509,226454
result_trotter_10_Heisenberg2D_cylinder_0.5_0.5_det,inner,1,SA,1,2,Proj,Yes_Kink,957,358489
result_trotter_10_Heisenberg2D_cylinder_0.5_0.5_det,inner,1,naive,0,0,Double,Yes_Kink,602,236601
result_trotter_10_Heisenberg2D_cylinder_0.5_0.5_det,inner,1,naive,0,2,Double,No_MSF,315,18346
result_trotter_10_Heisenberg2D_cylinder_0.5_0.5_det,inner,1,naive,0,0,Proj,No_Kink,492,226804
result_trotter_10_Heisenberg2D_cylinder_0.5_0.5_det,inner,1,naive,0,2,Double,No_Top,885,125440
result_trotter_10_Heisenberg2D_cylinder_0.5_0.5_det,inner,1,naive,0,2,Proj,No_MSF,246,4428
result_trotter_10_Heisenberg2D_cylinder_0.5_0.5_det,inner,1,naive,0,2,Single,No_MSF,318,18630
result_trotter_10_Heisenberg2D_cylinder_0.5_0.5_det,inner,1,naive,0,2,Proj,No_Top,855,54588
result_trotter_10_Heisenberg2D_cylinder_0.5_0.5_det,inner,1,naive,0,2,Single,No_Top,887,125690
result_trotter_10_Heisenberg2D_cylinder_0.5_0.5_det,inner,1,random,0,0,Double,No_MSF,315,18346
result_trotter_10_Heisenberg2D_cylinder_0.5_0.5_det,inner,1,naive,0,1,Single,No_Kink,715,230334
result_trotter_10_Heisenberg2D_cylinder_0.5_0.5_det,inner,1,naive,0,1,Double,No_Kink,691,265505
result_trotter_10_Heisenberg2D_cylinder_0.5_0.5_det,inner,1,naive,0,1,Double,Yes_Kink,738,272535
result_trotter_10_Heisenberg2D_cylinder_0.5_0.5_det,inner,1,random,0,0,Double,No_Top,330,69965
result_trotter_10_Heisenberg2D_cylinder_0.5_0.5_det,inner,1,random,0,0,Proj,No_MSF,246,4428
result_trotter_10_Heisenberg2D_cylinder_0.5_0.5_det,inner,1,random,0,0,Proj,No_Top,285,54588
result_trotter_10_Heisenberg2D_cylinder_0.5_0.5_det,inner,1,random,0,0,Single,No_MSF,318,18630
result_trotter_10_Heisenberg2D_cylinder_0.5_0.5_det,inner,1,naive,0,1,Proj,Yes_Kink,720,303530
result_trotter_10_Heisenberg2D_cylinder_0.5_0.5_det,inner,1,naive,0,1,Proj,No_Kink,701,306343
result_trotter_10_Heisenberg2D_cylinder_0.5_0.5_det,inner,1,random,0,0,Single,No_Top,345,71447
result_trotter_10_Heisenberg2D_cylinder_0.5_0.5_det,inner,1,naive,0,2,Double,No_Kink,950,298237
result_trotter_10_Heisenberg2D_cylinder_0.5_0.5_det,inner,1,random,0,1,Double,No_MSF,315,18346
result_trotter_10_Heisenberg2D_cylinder_0.5_0.5_det,inner,1,naive,0,2,Double,Yes_Kink,967,311860
result_trotter_10_Heisenberg2D_cylinder_0.5_0.5_det,inner,1,naive,0,2,Single,No_Kink,974,272024
result_trotter_10_Heisenberg2D_cylinder_0.5_0.5_det,inner,1,random,0,1,Double,No_Top,600,96941
result_trotter_10_Heisenberg2D_cylinder_0.5_0.5_det,inner,1,random,0,0,Double,No_Kink,495,200117
result_trotter_10_Heisenberg2D_cylinder_0.5_0.5_det,inner,1,random,0,1,Proj,No_MSF,246,4428
result_trotter_10_Heisenberg2D_cylinder_0.5_0.5_det,inner,1,random,0,0,Double,Yes_Kink,530,199600
result_trotter_10_Heisenberg2D_cylinder_0.5_0.5_det,inner,1,random,0,0,Single,No_Kink,531,173806
result_trotter_10_Heisenberg2D_cylinder_0.5_0.5_det,inner,1,random,0,1,Proj,No_Top,570,54588
result_trotter_10_Heisenberg2D_cylinder_0.5_0.5_det,inner,1,random,0,0,Proj,No_Kink,489,222874
result_trotter_10_Heisenberg2D_cylinder_0.5_0.5_det,inner,1,random,0,1,Single,No_MSF,318,18630
result_trotter_10_Heisenberg2D_cylinder_0.5_0.5_det,inner,1,random,0,0,Proj,Yes_Kink,511,221171
result_trotter_10_Heisenberg2D_cylinder_0.5_0.5_det,inner,1,random,0,1,Single,No_Top,607,97678
result_trotter_10_Heisenberg2D_cylinder_0.5_0.5_det,inner,1,random,0,2,Double,No_MSF,315,18346
result_trotter_10_Heisenberg2D_cylinder_0.5_0.5_det,inner,1,random,0,2,Double,No_Top,885,125440
result_trotter_10_Heisenberg2D_cylinder_0.5_0.5_det,inner,1,random,0,2,Proj,No_MSF,246,4428
result_trotter_10_Heisenberg2D_cylinder_0.5_0.5_det,inner,1,naive,0,2,Proj,No_Kink,975,410113
result_trotter_10_Heisenberg2D_cylinder_0.5_0.5_det,inner,1,random,0,2,Proj,No_Top,855,54588
result_trotter_10_Heisenberg2D_cylinder_0.5_0.5_det,inner,1,random,0,1,Double,No_Kink,717,243112
result_trotter_10_Heisenberg2D_cylinder_0.5_0.5_det,inner,1,random,0,2,Single,No_MSF,318,18630
result_trotter_10_Heisenberg2D_cylinder_0.5_0.5_det,inner,1,random,0,1,Double,Yes_Kink,739,247284
result_trotter_10_Heisenberg2D_cylinder_0.5_0.5_det,inner,1,naive,0,2,Proj,Yes_Kink,985,399207
result_trotter_10_Heisenberg2D_cylinder_0.5_0.5_det,inner,1,random,0,2,Single,No_Top,887,125690
result_trotter_10_Heisenberg2D_cylinder_0.5_0.5_det,inner,2,SA,0.001,0,Double,No_MSF,315,18346
result_trotter_10_Heisenberg2D_cylinder_0.5_0.5_det,inner,1,random,0,1,Single,No_Kink,773,223848
result_trotter_10_Heisenberg2D_cylinder_0.5_0.5_det,inner,2,SA,0.001,0,Double,No_Top,330,69965
result_trotter_10_Heisenberg2D_cylinder_0.5_0.5_det,inner,2,SA,0.001,0,Proj,No_MSF,246,4428
result_trotter_10_Heisenberg2D_cylinder_0.5_0.5_det,inner,2,SA,0.001,0,Proj,No_Top,285,54588
result_trotter_10_Heisenberg2D_cylinder_0.5_0.5_det,inner,1,random,0,1,Proj,No_Kink,726,311896
result_trotter_10_Heisenberg2D_cylinder_0.5_0.5_det,inner,1,random,0,2,Double,No_Kink,980,284385
result_trotter_10_Heisenberg2D_cylinder_0.5_0.5_det,inner,2,SA,0.001,0,Single,No_MSF,318,18630
result_trotter_10_Heisenberg2D_cylinder_0.5_0.5_det,inner,1,random,0,2,Double,Yes_Kink,1002,292451
result_trotter_10_Heisenberg2D_cylinder_0.5_0.5_det,inner,1,random,0,1,Proj,Yes_Kink,757,305496
result_trotter_10_Heisenberg2D_cylinder_0.5_0.5_det,inner,2,SA,0.001,0,Single,No_Top,345,71447
result_trotter_10_Heisenberg2D_cylinder_0.5_0.5_det,inner,1,random,0,2,Single,No_Kink,1036,266363
result_trotter_10_Heisenberg2D_cylinder_0.5_0.5_det,inner,2,SA,0.001,1,Double,No_MSF,315,18346
result_trotter_10_Heisenberg2D_cylinder_0.5_0.5_det,inner,2,SA,0.001,0,Double,No_Kink,382,192138
result_trotter_10_Heisenberg2D_cylinder_0.5_0.5_det,inner,2,SA,0.001,1,Double,No_Top,600,96941
result_trotter_10_Heisenberg2D_cylinder_0.5_0.5_det,inner,2,SA,0.001,0,Double,Yes_Kink,405,191402
result_trotter_10_Heisenberg2D_cylinder_0.5_0.5_det,inner,2,SA,0.001,1,Proj,No_MSF,246,4428
result_trotter_10_Heisenberg2D_cylinder_0.5_0.5_det,inner,2,SA,0.001,1,Proj,No_Top,570,54588
result_trotter_10_Heisenberg2D_cylinder_0.5_0.5_det,inner,2,SA,0.001,0,Single,No_Kink,376,164553
result_trotter_10_Heisenberg2D_cylinder_0.5_0.5_det,inner,2,SA,0.001,1,Single,No_MSF,318,18630
result_trotter_10_Heisenberg2D_cylinder_0.5_0.5_det,inner,2,SA,0.001,0,Proj,No_Kink,371,238312
result_trotter_10_Heisenberg2D_cylinder_0.5_0.5_det,inner,2,SA,0.001,1,Single,No_Top,607,97678
result_trotter_10_Heisenberg2D_cylinder_0.5_0.5_det,inner,2,SA,0.001,0,Single,Yes_Kink,398,171426
result_trotter_10_Heisenberg2D_cylinder_0.5_0.5_det,inner,2,SA,0.001,0,Proj,Yes_Kink,387,236332
result_trotter_10_Heisenberg2D_cylinder_0.5_0.5_det,inner,2,SA,0.001,2,Double,No_MSF,315,18346
result_trotter_10_Heisenberg2D_cylinder_0.5_0.5_det,inner,1,random,0,2,Proj,Yes_Kink,1038,399797
result_trotter_10_Heisenberg2D_cylinder_0.5_0.5_det,inner,1,random,0,2,Proj,No_Kink,1009,415396
result_trotter_10_Heisenberg2D_cylinder_0.5_0.5_det,inner,2,SA,0.001,2,Double,No_Top,885,125440
result_trotter_10_Heisenberg2D_cylinder_0.5_0.5_det,inner,2,SA,0.001,1,Double,No_Kink,607,209321
result_trotter_10_Heisenberg2D_cylinder_0.5_0.5_det,inner,2,SA,0.001,2,Proj,No_MSF,246,4428
result_trotter_10_Heisenberg2D_cylinder_0.5_0.5_det,inner,2,SA,0.001,1,Double,Yes_Kink,615,231191
result_trotter_10_Heisenberg2D_cylinder_0.5_0.5_det,inner,2,SA,0.001,2,Proj,No_Top,855,54588
result_trotter_10_Heisenberg2D_cylinder_0.5_0.5_det,inner,2,SA,0.001,2,Single,No_MSF,318,18630
result_trotter_10_Heisenberg2D_cylinder_0.5_0.5_det,inner,2,SA,0.001,2,Single,No_Top,887,125690
result_trotter_10_Heisenberg2D_cylinder_0.5_0.5_det,inner,2,SA,0.001,1,Single,No_Kink,621,211874
result_trotter_10_Heisenberg2D_cylinder_0.5_0.5_det,inner,2,SA,0.01,0,Double,No_MSF,315,18346
result_trotter_10_Heisenberg2D_cylinder_0.5_0.5_det,inner,2,SA,0.001,2,Double,No_Kink,892,236742
result_trotter_10_Heisenberg2D_cylinder_0.5_0.5_det,inner,2,SA,0.001,1,Single,Yes_Kink,638,218084
result_trotter_10_Heisenberg2D_cylinder_0.5_0.5_det,inner,2,SA,0.01,0,Double,No_Top,330,69965
result_trotter_10_Heisenberg2D_cylinder_0.5_0.5_det,inner,2,SA,0.01,0,Proj,No_MSF,246,4428
result_trotter_10_Heisenberg2D_cylinder_0.5_0.5_det,inner,2,SA,0.001,2,Double,Yes_Kink,895,247265
result_trotter_10_Heisenberg2D_cylinder_0.5_0.5_det,inner,2,SA,0.01,0,Proj,No_Top,285,54588
result_trotter_10_Heisenberg2D_cylinder_0.5_0.5_det,inner,2,SA,0.01,0,Single,No_MSF,318,18630
result_trotter_10_Heisenberg2D_cylinder_0.5_0.5_det,inner,2,SA,0.01,0,Single,No_Top,345,71447
result_trotter_10_Heisenberg2D_cylinder_0.5_0.5_det,inner,2,SA,0.001,2,Single,No_Kink,896,245140
result_trotter_10_Heisenberg2D_cylinder_0.5_0.5_det,inner,2,SA,0.01,0,Double,No_Kink,364,185950
result_trotter_10_Heisenberg2D_cylinder_0.5_0.5_det,inner,2,SA,0.01,1,Double,No_MSF,315,18346
result_trotter_10_Heisenberg2D_cylinder_0.5_0.5_det,inner,2,SA,0.001,1,Proj,Yes_Kink,635,366561
result_trotter_10_Heisenberg2D_cylinder_0.5_0.5_det,inner,2,SA,0.001,2,Single,Yes_Kink,909,255868
result_trotter_10_Heisenberg2D_cylinder_0.5_0.5_det,inner,2,SA,0.01,0,Double,Yes_Kink,390,181335
result_trotter_10_Heisenberg2D_cylinder_0.5_0.5_det,inner,2,SA,0.001,1,Proj,No_Kink,630,380256
result_trotter_10_Heisenberg2D_cylinder_0.5_0.5_det,inner,2,SA,0.01,1,Double,No_Top,600,96941
result_trotter_10_Heisenberg2D_cylinder_0.5_0.5_det,inner,2,SA,0.01,0,Single,No_Kink,366,158461
result_trotter_10_Heisenberg2D_cylinder_0.5_0.5_det,inner,2,SA,0.01,1,Proj,No_MSF,246,4428
result_trotter_10_Heisenberg2D_cylinder_0.5_0.5_det,inner,2,SA,0.01,1,Single,No_MSF,318,18630
result_trotter_10_Heisenberg2D_cylinder_0.5_0.5_det,inner,2,SA,0.01,1,Proj,No_Top,570,54588
result_trotter_10_Heisenberg2D_cylinder_0.5_0.5_det,inner,2,SA,0.01,1,Single,No_Top,607,97678
result_trotter_10_Heisenberg2D_cylinder_0.5_0.5_det,inner,2,SA,0.01,0,Proj,No_Kink,355,232185
result_trotter_10_Heisenberg2D_cylinder_0.5_0.5_det,inner,2,SA,0.01,0,Single,Yes_Kink,384,165466
result_trotter_10_Heisenberg2D_cylinder_0.5_0.5_det,inner,2,SA,0.01,1,Double,No_Kink,609,206016
result_trotter_10_Heisenberg2D_cylinder_0.5_0.5_det,inner,2,SA,0.01,2,Double,No_MSF,315,18346
result_trotter_10_Heisenberg2D_cylinder_0.5_0.5_det,inner,2,SA,0.01,0,Proj,Yes_Kink,369,229583
result_trotter_10_Heisenberg2D_cylinder_0.5_0.5_det,inner,2,SA,0.01,2,Double,No_Top,885,125440
result_trotter_10_Heisenberg2D_cylinder_0.5_0.5_det,inner,2,SA,0.01,2,Proj,No_MSF,246,4428
result_trotter_10_Heisenberg2D_cylinder_0.5_0.5_det,inner,2,SA,0.01,2,Proj,No_Top,855,54588
result_trotter_10_Heisenberg2D_cylinder_0.5_0.5_det,inner,2,SA,0.01,1,Double,Yes_Kink,614,224613
result_trotter_10_Heisenberg2D_cylinder_0.5_0.5_det,inner,2,SA,0.01,2,Single,No_MSF,318,18630
result_trotter_10_Heisenberg2D_cylinder_0.5_0.5_det,inner,2,SA,0.01,1,Single,No_Kink,622,207577
result_trotter_10_Heisenberg2D_cylinder_0.5_0.5_det,inner,2,SA,0.01,2,Single,No_Top,887,125690
result_trotter_10_Heisenberg2D_cylinder_0.5_0.5_det,inner,2,SA,0.01,2,Double,No_Kink,894,230444
result_trotter_10_Heisenberg2D_cylinder_0.5_0.5_det,inner,2,SA,0.01,1,Single,Yes_Kink,637,215860
result_trotter_10_Heisenberg2D_cylinder_0.5_0.5_det,inner,2,SA,0.1,0,Double,No_MSF,315,18346
result_trotter_10_Heisenberg2D_cylinder_0.5_0.5_det,inner,2,SA,0.001,2,Proj,No_Kink,928,543858
result_trotter_10_Heisenberg2D_cylinder_0.5_0.5_det,inner,2,SA,0.1,0,Double,No_Top,330,69965
result_trotter_10_Heisenberg2D_cylinder_0.5_0.5_det,inner,2,SA,0.01,2,Double,Yes_Kink,896,240365
result_trotter_10_Heisenberg2D_cylinder_0.5_0.5_det,inner,2,SA,0.001,2,Proj,Yes_Kink,931,521786
result_trotter_10_Heisenberg2D_cylinder_0.5_0.5_det,inner,2,SA,0.1,0,Proj,No_MSF,246,4428
result_trotter_10_Heisenberg2D_cylinder_0.5_0.5_det,inner,2,SA,0.1,0,Proj,No_Top,285,54588
result_trotter_10_Heisenberg2D_cylinder_0.5_0.5_det,inner,2,SA,0.01,2,Single,No_Kink,898,242597
result_trotter_10_Heisenberg2D_cylinder_0.5_0.5_det,inner,2,SA,0.1,0,Single,No_MSF,318,18630
result_trotter_10_Heisenberg2D_cylinder_0.5_0.5_det,inner,2,SA,0.1,0,Single,No_Top,345,71447
result_trotter_10_Heisenberg2D_cylinder_0.5_0.5_det,inner,2,SA,0.1,0,Double,No_Kink,343,162595
result_trotter_10_Heisenberg2D_cylinder_0.5_0.5_det,inner,2,SA,0.01,1,Proj,No_Kink,631,385097
result_trotter_10_Heisenberg2D_cylinder_0.5_0.5_det,inner,2,SA,0.01,2,Single,Yes_Kink,909,252472
result_trotter_10_Heisenberg2D_cylinder_0.5_0.5_det,inner,2,SA,0.01,1,Proj,Yes_Kink,634,368332
result_trotter_10_Heisenberg2D_cylinder_0.5_0.5_det,inner,2,SA,0.1,0,Double,Yes_Kink,367,162895
result_trotter_10_Heisenberg2D_cylinder_0.5_0.5_det,inner,2,SA,0.1,1,Double,No_MSF,315,18346
result_trotter_10_Heisenberg2D_cylinder_0.5_0.5_det,inner,2,SA,0.1,1,Double,No_Top,600,96941
result_trotter_10_Heisenberg2D_cylinder_0.5_0.5_det,inner,2,SA,0.1,0,Single,No_Kink,353,145030
result_trotter_10_Heisenberg2D_cylinder_0.5_0.5_det,inner,2,SA,0.1,1,Proj,No_MSF,246,4428
result_trotter_10_Heisenberg2D_cylinder_0.5_0.5_det,inner,2,SA,0.1,1,Proj,No_Top,570,54588
result_trotter_10_Heisenberg2D_cylinder_0.5_0.5_det,inner,2,SA,0.1,0,Single,Yes_Kink,366,150367
result_trotter_10_Heisenberg2D_cylinder_0.5_0.5_det,inner,2,SA,0.1,1,Single,No_MSF,318,18630
result_trotter_10_Heisenberg2D_cylinder_0.5_0.5_det,inner,2,SA,0.1,0,Proj,No_Kink,341,220689
result_trotter_10_Heisenberg2D_cylinder_0.5_0.5_det,inner,2,SA,0.1,1,Single,No_Top,607,97678
result_trotter_10_Heisenberg2D_cylinder_0.5_0.5_det,inner,2,SA,0.1,1,Double,No_Kink,605,187345
result_trotter_10_Heisenberg2D_cylinder_0.5_0.5_det,inner,2,SA,0.1,2,Double,No_MSF,315,18346
result_trotter_10_Heisenberg2D_cylinder_0.5_0.5_det,inner,2,SA,0.1,0,Proj,Yes_Kink,352,218153
result_trotter_10_Heisenberg2D_cylinder_0.5_0.5_det,inner,2,SA,0.1,2,Double,No_Top,885,125440
result_trotter_10_Heisenberg2D_cylinder_0.5_0.5_det,inner,2,SA,0.1,2,Proj,No_MSF,246,4428
result_trotter_10_Heisenberg2D_cylinder_0.5_0.5_det,inner,2,SA,0.1,1,Double,Yes_Kink,608,211935
result_trotter_10_Heisenberg2D_cylinder_0.5_0.5_det,inner,2,SA,0.1,1,Single,No_Kink,615,192195
result_trotter_10_Heisenberg2D_cylinder_0.5_0.5_det,inner,2,SA,0.1,2,Proj,No_Top,855,54588
result_trotter_10_Heisenberg2D_cylinder_0.5_0.5_det,inner,2,SA,0.1,2,Single,No_MSF,318,18630
result_trotter_10_Heisenberg2D_cylinder_0.5_0.5_det,inner,2,SA,0.1,2,Single,No_Top,887,125690
result_trotter_10_Heisenberg2D_cylinder_0.5_0.5_det,inner,2,SA,0.1,2,Double,No_Kink,889,215571
result_trotter_10_Heisenberg2D_cylinder_0.5_0.5_det,inner,2,SA,1,0,Double,No_MSF,315,18346
result_trotter_10_Heisenberg2D_cylinder_0.5_0.5_det,inner,2,SA,0.1,1,Single,Yes_Kink,628,198563
result_trotter_10_Heisenberg2D_cylinder_0.5_0.5_det,inner,2,SA,0.1,2,Double,Yes_Kink,891,220753
result_trotter_10_Heisenberg2D_cylinder_0.5_0.5_det,inner,2,SA,0.01,2,Proj,Yes_Kink,930,521038
result_trotter_10_Heisenberg2D_cylinder_0.5_0.5_det,inner,2,SA,0.01,2,Proj,No_Kink,926,547011
result_trotter_10_Heisenberg2D_cylinder_0.5_0.5_det,inner,2,SA,1,0,Double,No_Top,330,69965
result_trotter_10_Heisenberg2D_cylinder_0.5_0.5_det,inner,2,SA,1,0,Proj,No_MSF,246,4428
result_trotter_10_Heisenberg2D_cylinder_0.5_0.5_det,inner,2,SA,0.1,2,Single,No_Kink,892,216433
result_trotter_10_Heisenberg2D_cylinder_0.5_0.5_det,inner,2,SA,1,0,Proj,No_Top,285,54588
result_trotter_10_Heisenberg2D_cylinder_0.5_0.5_det,inner,2,SA,1,0,Single,No_MSF,318,18630
result_trotter_10_Heisenberg2D_cylinder_0.5_0.5_det,inner,2,SA,1,0,Double,No_Kink,342,141528
result_trotter_10_Heisenberg2D_cylinder_0.5_0.5_det,inner,2,SA,1,0,Single,No_Top,345,71447
result_trotter_10_Heisenberg2D_cylinder_0.5_0.5_det,inner,2,SA,0.1,2,Single,Yes_Kink,901,233310
result_trotter_10_Heisenberg2D_cylinder_0.5_0.5_det,inner,2,SA,1,0,Double,Yes_Kink,362,142738
result_trotter_10_Heisenberg2D_cylinder_0.5_0.5_det,inner,2,SA,0.1,1,Proj,Yes_Kink,605,352112
result_trotter_10_Heisenberg2D_cylinder_0.5_0.5_det,inner,2,SA,0.1,1,Proj,No_Kink,603,367389
result_trotter_10_Heisenberg2D_cylinder_0.5_0.5_det,inner,2,SA,1,1,Double,No_MSF,315,18346
result_trotter_10_Heisenberg2D_cylinder_0.5_0.5_det,inner,2,SA,1,1,Double,No_Top,600,96941
result_trotter_10_Heisenberg2D_cylinder_0.5_0.5_det,inner,2,SA,1,0,Single,No_Kink,355,127348
result_trotter_10_Heisenberg2D_cylinder_0.5_0.5_det,inner,2,SA,1,1,Proj,No_MSF,246,4428
result_trotter_10_Heisenberg2D_cylinder_0.5_0.5_det,inner,2,SA,1,0,Single,Yes_Kink,365,134648
result_trotter_10_Heisenberg2D_cylinder_0.5_0.5_det,inner,2,SA,1,1,Proj,No_Top,570,54588
result_trotter_10_Heisenberg2D_cylinder_0.5_0.5_det,inner,2,SA,1,1,Single,No_MSF,318,18630
result_trotter_10_Heisenberg2D_cylinder_0.5_0.5_det,inner,2,SA,1,1,Double,No_Kink,606,170479
result_trotter_10_Heisenberg2D_cylinder_0.5_0.5_det,inner,2,SA,1,1,Single,No_Top,607,97678
result_trotter_10_Heisenberg2D_cylinder_0.5_0.5_det,inner,2,SA,1,2,Double,No_MSF,315,18346
result_trotter_10_Heisenberg2D_cylinder_0.5_0.5_det,inner,2,SA,1,0,Proj,No_Kink,357,226833
result_trotter_10_Heisenberg2D_cylinder_0.5_0.5_det,inner,2,SA,1,2,Double,No_Top,885,125440
result_trotter_10_Heisenberg2D_cylinder_0.5_0.5_det,inner,2,SA,1,0,Proj,Yes_Kink,368,224545
result_trotter_10_Heisenberg2D_cylinder_0.5_0.5_det,inner,2,SA,1,2,Proj,No_MSF,246,4428
result_trotter_10_Heisenberg2D_cylinder_0.5_0.5_det,inner,2,SA,1,1,Double,Yes_Kink,611,196736
result_trotter_10_Heisenberg2D_cylinder_0.5_0.5_det,inner,2,SA,1,1,Single,No_Kink,617,178944
result_trotter_10_Heisenberg2D_cylinder_0.5_0.5_det,inner,2,SA,1,2,Proj,No_Top,855,54588
result_trotter_10_Heisenberg2D_cylinder_0.5_0.5_det,inner,2,SA,1,2,Single,No_MSF,318,18630
result_trotter_10_Heisenberg2D_cylinder_0.5_0.5_det,inner,2,SA,1,2,Double,No_Kink,892,198091
result_trotter_10_Heisenberg2D_cylinder_0.5_0.5_det,inner,2,SA,1,1,Single,Yes_Kink,628,185569
result_trotter_10_Heisenberg2D_cylinder_0.5_0.5_det,inner,2,SA,1,2,Single,No_Top,887,125690
result_trotter_10_Heisenberg2D_cylinder_0.5_0.5_det,inner,2,SA,1,2,Double,Yes_Kink,897,201779
result_trotter_10_Heisenberg2D_cylinder_0.5_0.5_det,inner,2,SA,0.1,2,Proj,No_Kink,886,522066
result_trotter_10_Heisenberg2D_cylinder_0.5_0.5_det,inner,2,SA,0.1,2,Proj,Yes_Kink,888,500206
result_trotter_10_Heisenberg2D_cylinder_0.5_0.5_det,inner,2,naive,0,0,Double,No_MSF,315,18346
result_trotter_10_Heisenberg2D_cylinder_0.5_0.5_det,inner,2,naive,0,0,Double,No_Top,330,69965
result_trotter_10_Heisenberg2D_cylinder_0.5_0.5_det,inner,2,naive,0,0,Proj,No_MSF,246,4428
result_trotter_10_Heisenberg2D_cylinder_0.5_0.5_det,inner,2,SA,1,2,Single,No_Kink,895,205097
result_trotter_10_Heisenberg2D_cylinder_0.5_0.5_det,inner,2,naive,0,0,Proj,No_Top,285,54588
result_trotter_10_Heisenberg2D_cylinder_0.5_0.5_det,inner,2,naive,0,0,Single,No_MSF,318,18630
result_trotter_10_Heisenberg2D_cylinder_0.5_0.5_det,inner,2,naive,0,0,Single,No_Top,345,71447
result_trotter_10_Heisenberg2D_cylinder_0.5_0.5_det,inner,2,SA,1,2,Single,Yes_Kink,902,222109
result_trotter_10_Heisenberg2D_cylinder_0.5_0.5_det,inner,2,naive,0,1,Double,No_MSF,315,18346
result_trotter_10_Heisenberg2D_cylinder_0.5_0.5_det,inner,2,SA,1,1,Proj,No_Kink,631,374843
result_trotter_10_Heisenberg2D_cylinder_0.5_0.5_det,inner,2,naive,0,0,Double,No_Kink,426,198634
result_trotter_10_Heisenberg2D_cylinder_0.5_0.5_det,inner,2,SA,1,1,Proj,Yes_Kink,634,360229
result_trotter_10_Heisenberg2D_cylinder_0.5_0.5_det,inner,2,naive,0,1,Double,No_Top,600,96941
result_trotter_10_Heisenberg2D_cylinder_0.5_0.5_det,inner,2,naive,0,1,Proj,No_MSF,246,4428
result_trotter_10_Heisenberg2D_cylinder_0.5_0.5_det,inner,2,naive,0,0,Double,Yes_Kink,511,221050
result_trotter_10_Heisenberg2D_cylinder_0.5_0.5_det,inner,2,naive,0,0,Single,No_Kink,427,174001
result_trotter_10_Heisenberg2D_cylinder_0.5_0.5_det,inner,2,naive,0,1,Single,No_MSF,318,18630
result_trotter_10_Heisenberg2D_cylinder_0.5_0.5_det,inner,2,naive,0,1,Proj,No_Top,570,54588
result_trotter_10_Heisenberg2D_cylinder_0.5_0.5_det,inner,2,naive,0,1,Single,No_Top,607,97678
result_trotter_10_Heisenberg2D_cylinder_0.5_0.5_det,inner,2,naive,0,0,Single,Yes_Kink,439,176697
result_trotter_10_Heisenberg2D_cylinder_0.5_0.5_det,inner,2,naive,0,2,Double,No_MSF,315,18346
result_trotter_10_Heisenberg2D_cylinder_0.5_0.5_det,inner,2,naive,0,2,Double,No_Top,885,125440
result_trotter_10_Heisenberg2D_cylinder_0.5_0.5_det,inner,2,naive,0,1,Double,No_Kink,631,240937
result_trotter_10_Heisenberg2D_cylinder_0.5_0.5_det,inner,2,naive,0,0,Proj,No_Kink,467,303503
result_trotter_10_Heisenberg2D_cylinder_0.5_0.5_det,inner,2,naive,0,2,Proj,No_MSF,246,4428
result_trotter_10_Heisenberg2D_cylinder_0.5_0.5_det,inner,2,naive,0,1,Double,Yes_Kink,643,241887
result_trotter_10_Heisenberg2D_cylinder_0.5_0.5_det,inner,2,naive,0,0,Proj,Yes_Kink,491,308529
result_trotter_10_Heisenberg2D_cylinder_0.5_0.5_det,inner,2,naive,0,1,Single,No_Kink,654,223492
result_trotter_10_Heisenberg2D_cylinder_0.5_0.5_det,inner,2,naive,0,2,Proj,No_Top,855,54588
result_trotter_10_Heisenberg2D_cylinder_0.5_0.5_det,inner,2,naive,0,2,Single,No_MSF,318,18630
result_trotter_10_Heisenberg2D_cylinder_0.5_0.5_det,inner,2,SA,1,2,Proj,No_Kink,928,519858
result_trotter_10_Heisenberg2D_cylinder_0.5_0.5_det,inner,2,SA,1,2,Proj,Yes_Kink,931,501792
result_trotter_10_Heisenberg2D_cylinder_0.5_0.5_det,inner,2,naive,0,2,Single,No_Top,887,125690
result_trotter_10_Heisenberg2D_cylinder_0.5_0.5_det,inner,2,naive,0,1,Single,Yes_Kink,664,226632
result_trotter_10_Heisenberg2D_cylinder_0.5_0.5_det,inner,2,random,0,0,Double,No_MSF,315,18346
result_trotter_10_Heisenberg2D_cylinder_0.5_0.5_det,inner,2,naive,0,2,Double,No_Kink,906,270238
result_trotter_10_Heisenberg2D_cylinder_0.5_0.5_det,inner,2,random,0,0,Double,No_Top,330,69965
result_trotter_10_Heisenberg2D_cylinder_0.5_0.5_det,inner,2,random,0,0,Proj,No_MSF,246,4428
result_trotter_10_Heisenberg2D_cylinder_0.5_0.5_det,inner,2,naive,0,2,Double,Yes_Kink,909,273649
result_trotter_10_Heisenberg2D_cylinder_0.5_0.5_det,inner,2,random,0,0,Proj,No_Top,285,54588
result_trotter_10_Heisenberg2D_cylinder_0.5_0.5_det,inner,2,random,0,0,Single,No_MSF,318,18630
result_trotter_10_Heisenberg2D_cylinder_0.5_0.5_det,inner,2,naive,0,2,Single,No_Kink,920,257961
result_trotter_10_Heisenberg2D_cylinder_0.5_0.5_det,inner,2,random,0,0,Single,No_Top,345,71447
result_trotter_10_Heisenberg2D_cylinder_0.5_0.5_det,inner,2,random,0,1,Double,No_MSF,315,18346
result_trotter_10_Heisenberg2D_cylinder_0.5_0.5_det,inner,2,naive,0,1,Proj,No_Kink,686,427635
result_trotter_10_Heisenberg2D_cylinder_0.5_0.5_det,inner,2,naive,0,2,Single,Yes_Kink,927,258275
result_trotter_10_Heisenberg2D_cylinder_0.5_0.5_det,inner,2,random,0,0,Double,No_Kink,393,188439
result_trotter_10_Heisenberg2D_cylinder_0.5_0.5_det,inner,2,naive,0,1,Proj,Yes_Kink,702,425241
result_trotter_10_Heisenberg2D_cylinder_0.5_0.5_det,inner,2,random,0,1,Double,No_Top,600,96941
result_trotter_10_Heisenberg2D_cylinder_0.5_0.5_det,inner,2,random,0,0,Double,Yes_Kink,420,187408
result_trotter_10_Heisenberg2D_cylinder_0.5_0.5_det,inner,2,random,0,0,Single,No_Kink,414,171935
result_trotter_10_Heisenberg2D_cylinder_0.5_0.5_det,inner,2,random,0,1,Proj,No_MSF,246,4428
result_trotter_10_Heisenberg2D_cylinder_0.5_0.5_det,inner,2,random,0,1,Proj,No_Top,570,54588
result_trotter_10_Heisenberg2D_cylinder_0.5_0.5_det,inner,2,random,0,1,Single,No_MSF,318,18630
result_trotter_10_Heisenberg2D_cylinder_0.5_0.5_det,inner,2,random,0,0,Single,Yes_Kink,421,173317
result_trotter_10_Heisenberg2D_cylinder_0.5_0.5_det,inner,2,random,0,0,Proj,Yes_Kink,400,245219
result_trotter_10_Heisenberg2D_cylinder_0.5_0.5_det,inner,2,random,0,2,Double,No_MSF,315,18346
result_trotter_10_Heisenberg2D_cylinder_0.5_0.5_det,inner,2,random,0,1,Single,No_Top,607,97678
result_trotter_10_Heisenberg2D_cylinder_0.5_0.5_det,inner,2,random,0,0,Proj,No_Kink,387,246057
result_trotter_10_Heisenberg2D_cylinder_0.5_0.5_det,inner,2,random,0,2,Double,No_Top,885,125440
result_trotter_10_Heisenberg2D_cylinder_0.5_0.5_det,inner,2,random,0,1,Double,No_Kink,641,228729
result_trotter_10_Heisenberg2D_cylinder_0.5_0.5_det,inner,2,random,0,2,Proj,No_MSF,246,4428
result_trotter_10_Heisenberg2D_cylinder_0.5_0.5_det,inner,2,random,0,2,Proj,No_Top,855,54588
result_trotter_10_Heisenberg2D_cylinder_0.5_0.5_det,inner,2,random,0,1,Double,Yes_Kink,650,231849
result_trotter_10_Heisenberg2D_cylinder_0.5_0.5_det,inner,2,random,0,1,Single,No_Kink,675,215136
result_trotter_10_Heisenberg2D_cylinder_0.5_0.5_det,inner,2,random,0,2,Single,No_MSF,318,18630
result_trotter_10_Heisenberg2D_cylinder_0.5_0.5_det,inner,2,random,0,2,Single,No_Top,887,125690
result_trotter_10_Heisenberg2D_cylinder_0.5_0.5_det,inner,2,random,0,1,Single,Yes_Kink,681,217759
result_trotter_10_Heisenberg2D_cylinder_0.5_0.5_det,outer,1,SA,0.001,0,Double,No_MSF,315,18346
result_trotter_10_Heisenberg2D_cylinder_0.5_0.5_det,inner,2,random,0,2,Double,No_Kink,921,251939
result_trotter_10_Heisenberg2D_cylinder_0.5_0.5_det,outer,1,SA,0.001,0,Double,No_Top,330,69965
result_trotter_10_Heisenberg2D_cylinder_0.5_0.5_det,inner,2,naive,0,2,Proj,No_Kink,985,592572
result_trotter_10_Heisenberg2D_cylinder_0.5_0.5_det,inner,2,naive,0,2,Proj,Yes_Kink,988,581873
result_trotter_10_Heisenberg2D_cylinder_0.5_0.5_det,outer,1,SA,0.001,0,Proj,No_MSF,246,4428
result_trotter_10_Heisenberg2D_cylinder_0.5_0.5_det,inner,2,random,0,2,Double,Yes_Kink,924,267445
result_trotter_10_Heisenberg2D_cylinder_0.5_0.5_det,outer,1,SA,0.001,0,Proj,No_Top,285,54588
result_trotter_10_Heisenberg2D_cylinder_0.5_0.5_det,inner,2,random,0,2,Single,No_Kink,943,253713
result_trotter_10_Heisenberg2D_cylinder_0.5_0.5_det,outer,1,SA,0.001,0,Single,No_MSF,318,18630
result_trotter_10_Heisenberg2D_cylinder_0.5_0.5_det,inner,2,random,0,1,Proj,No_Kink,635,382874
result_trotter_10_Heisenberg2D_cylinder_0.5_0.5_det,outer,1,SA,0.001,1,Double,No_MSF,315,18346
result_trotter_10_Heisenberg2D_cylinder_0.5_0.5_det,inner,2,random,0,2,Single,Yes_Kink,944,252821
result_trotter_10_Heisenberg2D_cylinder_0.5_0.5_det,outer,1,SA,0.001,0,Single,No_Top,345,71447
result_trotter_10_Heisenberg2D_cylinder_0.5_0.5_det,inner,2,random,0,1,Proj,Yes_Kink,642,371509
result_trotter_10_Heisenberg2D_cylinder_0.5_0.5_det,outer,1,SA,0.001,1,Double,No_Top,600,96941
result_trotter_10_Heisenberg2D_cylinder_0.5_0.5_det,outer,1,SA,0.001,0,Double,No_Kink,462,201863
result_trotter_10_Heisenberg2D_cylinder_0.5_0.5_det,outer,1,SA,0.001,0,Double,Yes_Kink,558,222841
result_trotter_10_Heisenberg2D_cylinder_0.5_0.5_det,outer,1,SA,0.001,1,Proj,No_MSF,246,4428
result_trotter_10_Heisenberg2D_cylinder_0.5_0.5_det,outer,1,SA,0.001,1,Proj,No_Top,570,54588
result_trotter_10_Heisenberg2D_cylinder_0.5_0.5_det,outer,1,SA,0.001,0,Proj,No_Kink,450,211789
result_trotter_10_Heisenberg2D_cylinder_0.5_0.5_det,outer,1,SA,0.001,1,Single,No_MSF,318,18630
result_trotter_10_Heisenberg2D_cylinder_0.5_0.5_det,outer,1,SA,0.001,0,Proj,Yes_Kink,463,209741
result_trotter_10_Heisenberg2D_cylinder_0.5_0.5_det,outer,1,SA,0.001,0,Single,No_Kink,463,174520
result_trotter_10_Heisenberg2D_cylinder_0.5_0.5_det,outer,1,SA,0.001,1,Single,No_Top,607,97678
result_trotter_10_Heisenberg2D_cylinder_0.5_0.5_det,outer,1,SA,0.001,2,Double,No_MSF,315,18346
result_trotter_10_Heisenberg2D_cylinder_0.5_0.5_det,outer,1,SA,0.001,2,Double,No_Top,885,125440
result_trotter_10_Heisenberg2D_cylinder_0.5_0.5_det,outer,1,SA,0.001,2,Proj,No_MSF,246,4428
result_trotter_10_Heisenberg2D_cylinder_0.5_0.5_det,outer,1,SA,0.001,2,Proj,No_Top,855,54588
result_trotter_10_Heisenberg2D_cylinder_0.5_0.5_det,outer,1,SA,0.001,2,Single,No_MSF,318,18630
result_trotter_10_Heisenberg2D_cylinder_0.5_0.5_det,outer,1,SA,0.001,1,Double,No_Kink,638,251455
result_trotter_10_Heisenberg2D_cylinder_0.5_0.5_det,outer,1,SA,0.001,2,Single,No_Top,887,125690
result_trotter_10_Heisenberg2D_cylinder_0.5_0.5_det,outer,1,SA,0.001,1,Single,No_Kink,659,217963
result_trotter_10_Heisenberg2D_cylinder_0.5_0.5_det,outer,1,SA,0.001,1,Double,Yes_Kink,689,259308
result_trotter_10_Heisenberg2D_cylinder_0.5_0.5_det,inner,2,random,0,2,Proj,Yes_Kink,937,508147
result_trotter_10_Heisenberg2D_cylinder_0.5_0.5_det,inner,2,random,0,2,Proj,No_Kink,932,521463
result_trotter_10_Heisenberg2D_cylinder_0.5_0.5_det,outer,1,SA,0.01,0,Double,No_MSF,315,18346
result_trotter_10_Heisenberg2D_cylinder_0.5_0.5_det,outer,1,SA,0.001,1,Proj,No_Kink,651,288556
result_trotter_10_Heisenberg2D_cylinder_0.5_0.5_det,outer,1,SA,0.01,0,Double,No_Top,330,69965
result_trotter_10_Heisenberg2D_cylinder_0.5_0.5_det,outer,1,SA,0.01,0,Proj,No_MSF,246,4428
result_trotter_10_Heisenberg2D_cylinder_0.5_0.5_det,outer,1,SA,0.001,1,Proj,Yes_Kink,669,283914
result_trotter_10_Heisenberg2D_cylinder_0.5_0.5_det,outer,1,SA,0.001,2,Double,No_Kink,901,274455
result_trotter_10_Heisenberg2D_cylinder_0.5_0.5_det,outer,1,SA,0.01,0,Single,No_MSF,318,18630
result_trotter_10_Heisenberg2D_cylinder_0.5_0.5_det,outer,1,SA,0.01,0,Proj,No_Top,285,54588
result_trotter_10_Heisenberg2D_cylinder_0.5_0.5_det,outer,1,SA,0.001,2,Single,No_Kink,913,258275
result_trotter_10_Heisenberg2D_cylinder_0.5_0.5_det,outer,1,SA,0.01,0,Single,No_Top,345,71447
result_trotter_10_Heisenberg2D_cylinder_0.5_0.5_det,outer,1,SA,0.01,1,Double,No_MSF,315,18346
result_trotter_10_Heisenberg2D_cylinder_0.5_0.5_det,outer,1,SA,0.001,2,Double,Yes_Kink,916,299405
result_trotter_10_Heisenberg2D_cylinder_0.5_0.5_det,outer,1,SA,0.01,1,Double,No_Top,600,96941
result_trotter_10_Heisenberg2D_cylinder_0.5_0.5_det,outer,1,SA,0.01,1,Proj,No_MSF,246,4428
result_trotter_10_Heisenberg2D_cylinder_0.5_0.5_det,outer,1,SA,0.01,0,Single,No_Kink,457,174356
result_trotter_10_Heisenberg2D_cylinder_0.5_0.5_det,outer,1,SA,0.01,1,Proj,No_Top,570,54588
result_trotter_10_Heisenberg2D_cylinder_0.5_0.5_det,outer,1,SA,0.01,0,Proj,Yes_Kink,457,207397
result_trotter_10_Heisenberg2D_cylinder_0.5_0.5_det,outer,1,SA,0.01,0,Double,No_Kink,454,201049
result_trotter_10_Heisenberg2D_cylinder_0.5_0.5_det,outer,1,SA,0.01,0,Proj,No_Kink,444,209655
result_trotter_10_Heisenberg2D_cylinder_0.5_0.5_det,outer,1,SA,0.01,1,Single,No_MSF,318,18630
result_trotter_10_Heisenberg2D_cylinder_0.5_0.5_det,outer,1,SA,0.01,1,Single,No_Top,607,97678
result_trotter_10_Heisenberg2D_cylinder_0.5_0.5_det,outer,1,SA,0.001,2,Proj,Yes_Kink,942,382081
result_trotter_10_Heisenberg2D_cylinder_0.5_0.5_det,outer,1,SA,0.01,0,Double,Yes_Kink,545,221770
result_trotter_10_Heisenberg2D_cylinder_0.5_0.5_det,outer,1,SA,0.01,2,Double,No_MSF,315,18346
result_trotter_10_Heisenberg2D_cylinder_0.5_0.5_det,outer,1,SA,0.01,2,Double,No_Top,885,125440
result_trotter_10_Heisenberg2D_cylinder_0.5_0.5_det,outer,1,SA,0.01,1,Double,No_Kink,637,252100
result_trotter_10_Heisenberg2D_cylinder_0.5_0.5_det,outer,1,SA,0.01,2,Proj,No_MSF,246,4428
result_trotter_10_Heisenberg2D_cylinder_0.5_0.5_det,outer,1,SA,0.001,2,Proj,No_Kink,936,394713
result_trotter_10_Heisenberg2D_cylinder_0.5_0.5_det,outer,1,SA,0.01,2,Proj,No_Top,855,54588
result_trotter_10_Heisenberg2D_cylinder_0.5_0.5_det,outer,1,SA,0.01,2,Single,No_MSF,318,18630
result_trotter_10_Heisenberg2D_cylinder_0.5_0.5_det,outer,1,SA,0.01,1,Double,Yes_Kink,688,260991
result_trotter_10_Heisenberg2D_cylinder_0.5_0.5_det,outer,1,SA,0.1,0,Double,No_MSF,315,18346
result_trotter_10_Heisenberg2D_cylinder_0.5_0.5_det,outer,1,SA,0.01,1,Single,No_Kink,656,217754
result_trotter_10_Heisenberg2D_cylinder_0.5_0.5_det,outer,1,SA,0.01,2,Single,No_Top,887,125690
result_trotter_10_Heisenberg2D_cylinder_0.5_0.5_det,outer,1,SA,0.1,0,Double,No_Top,330,69965
result_trotter_10_Heisenberg2D_cylinder_0.5_0.5_det,outer,1,SA,0.1,0,Proj,No_MSF,246,4428
result_trotter_10_Heisenberg2D_cylinder_0.5_0.5_det,outer,1,SA,0.1,0,Single,No_MSF,318,18630
result_trotter_10_Heisenberg2D_cylinder_0.5_0.5_det,outer,1,SA,0.1,0,Proj,No_Top,285,54588
result_trotter_10_Heisenberg2D_cylinder_0.5_0.5_det,outer,1,SA,0.01,1,Proj,Yes_Kink,666,283481
result_trotter_10_Heisenberg2D_cylinder_0.5_0.5_det,outer,1,SA,0.01,2,Double,No_Kink,902,265467
result_trotter_10_Heisenberg2D_cylinder_0.5_0.5_det,outer,1,SA,0.01,1,Proj,No_Kink,648,287772
result_trotter_10_Heisenberg2D_cylinder_0.5_0.5_det,outer,1,SA,0.1,0,Single,No_Top,345,71447
result_trotter_10_Heisenberg2D_cylinder_0.5_0.5_det,outer,1,SA,0.1,1,Double,No_MSF,315,18346
result_trotter_10_Heisenberg2D_cylinder_0.5_0.5_det,outer,1,SA,0.01,2,Single,No_Kink,914,258303
result_trotter_10_Heisenberg2D_cylinder_0.5_0.5_det,outer,1,SA,0.1,1,Proj,No_MSF,246,4428
result_trotter_10_Heisenberg2D_cylinder_0.5_0.5_det,outer,1,SA,0.01,2,Double,Yes_Kink,915,300717
result_trotter_10_Heisenberg2D_cylinder_0.5_0.5_det,outer,1,SA,0.1,0,Double,No_Kink,462,201825
result_trotter_10_Heisenberg2D_cylinder_0.5_0.5_det,outer,1,SA,0.1,1,Double,No_Top,600,96941
result_trotter_10_Heisenberg2D_cylinder_0.5_0.5_det,outer,1,SA,0.1,1,Proj,No_Top,570,54588
result_trotter_10_Heisenberg2D_cylinder_0.5_0.5_det,outer,1,SA,0.1,0,Proj,No_Kink,450,211012
result_trotter_10_Heisenberg2D_cylinder_0.5_0.5_det,outer,1,SA,0.1,0,Double,Yes_Kink,553,222704
result_trotter_10_Heisenberg2D_cylinder_0.5_0.5_det,outer,1,SA,0.1,0,Single,No_Kink,466,174033
result_trotter_10_Heisenberg2D_cylinder_0.5_0.5_det,outer,1,SA,0.1,1,Single,No_MSF,318,18630
result_trotter_10_Heisenberg2D_cylinder_0.5_0.5_det,outer,1,SA,0.1,2,Double,No_MSF,315,18346
result_trotter_10_Heisenberg2D_cylinder_0.5_0.5_det,outer,1,SA,0.1,1,Single,No_Top,607,97678
result_trotter_10_Heisenberg2D_cylinder_0.5_0.5_det,outer,1,SA,0.1,0,Proj,Yes_Kink,466,209643
result_trotter_10_Heisenberg2D_cylinder_0.5_0.5_det,outer,1,SA,0.1,2,Double,No_Top,885,125440
result_trotter_10_Heisenberg2D_cylinder_0.5_0.5_det,outer,1,SA,0.01,2,Proj,No_Kink,934,395551
result_trotter_10_Heisenberg2D_cylinder_0.5_0.5_det,outer,1,SA,0.1,2,Proj,No_MSF,246,4428
result_trotter_10_Heisenberg2D_cylinder_0.5_0.5_det,outer,1,SA,0.01,2,Proj,Yes_Kink,941,383093
result_trotter_10_Heisenberg2D_cylinder_0.5_0.5_det,outer,1,SA,0.1,2,Proj,No_Top,855,54588
result_trotter_10_Heisenberg2D_cylinder_0.5_0.5_det,outer,1,SA,0.1,1,Double,No_Kink,643,252564
result_trotter_10_Heisenberg2D_cylinder_0.5_0.5_det,outer,1,SA,0.1,2,Single,No_MSF,318,18630
result_trotter_10_Heisenberg2D_cylinder_0.5_0.5_det,outer,1,SA,0.1,1,Double,Yes_Kink,699,264034
result_trotter_10_Heisenberg2D_cylinder_0.5_0.5_det,outer,1,SA,0.1,2,Single,No_Top,887,125690
result_trotter_10_Heisenberg2D_cylinder_0.5_0.5_det,outer,1,SA,1,0,Double,No_MSF,315,18346
result_trotter_10_Heisenberg2D_cylinder_0.5_0.5_det,outer,1,SA,0.1,1,Single,No_Kink,662,216914
result_trotter_10_Heisenberg2D_cylinder_0.5_0.5_det,outer,1,SA,1,0,Double,No_Top,330,69965
result_trotter_10_Heisenberg2D_cylinder_0.5_0.5_det,outer,1,SA,0.1,1,Proj,No_Kink,653,289245
result_trotter_10_Heisenberg2D_cylinder_0.5_0.5_det,outer,1,SA,1,0,Proj,No_MSF,246,4428
result_trotter_10_Heisenberg2D_cylinder_0.5_0.5_det,outer,1,SA,0.1,2,Double,No_Kink,906,281326
result_trotter_10_Heisenberg2D_cylinder_0.5_0.5_det,outer,1,SA,1,0,Single,No_MSF,318,18630
result_trotter_10_Heisenberg2D_cylinder_0.5_0.5_det,outer,1,SA,1,0,Proj,No_Top,285,54588
result_trotter_10_Heisenberg2D_cylinder_0.5_0.5_det,outer,1,SA,0.1,1,Proj,Yes_Kink,671,285193
result_trotter_10_Heisenberg2D_cylinder_0.5_0.5_det,outer,1,SA,1,0,Single,No_Top,345,71447
result_trotter_10_Heisenberg2D_cylinder_0.5_0.5_det,outer,1,SA,1,1,Double,No_MSF,315,18346
result_trotter_10_Heisenberg2D_cylinder_0.5_0.5_det,outer,1,SA,0.1,2,Double,Yes_Kink,917,299497
result_trotter_10_Heisenberg2D_cylinder_0.5_0.5_det,outer,1,SA,1,1,Double,No_Top,600,96941
result_trotter_10_Heisenberg2D_cylinder_0.5_0.5_det,outer,1,SA,0.1,2,Single,No_Kink,917,259143
result_trotter_10_Heisenberg2D_cylinder_0.5_0.5_det,outer,1,SA,1,0,Double,No_Kink,457,196027
result_trotter_10_Heisenberg2D_cylinder_0.5_0.5_det,outer,1,SA,1,1,Proj,No_MSF,246,4428
result_trotter_10_Heisenberg2D_cylinder_0.5_0.5_det,outer,1,SA,1,1,Proj,No_Top,570,54588
result_trotter_10_Heisenberg2D_cylinder_0.5_0.5_det,outer,1,SA,1,0,Single,No_Kink,456,167486
result_trotter_10_Heisenberg2D_cylinder_0.5_0.5_det,outer,1,SA,1,0,Double,Yes_Kink,551,217666
result_trotter_10_Heisenberg2D_cylinder_0.5_0.5_det,outer,1,SA,1,0,Proj,No_Kink,436,204503
result_trotter_10_Heisenberg2D_cylinder_0.5_0.5_det,outer,1,SA,1,1,Single,No_MSF,318,18630
result_trotter_10_Heisenberg2D_cylinder_0.5_0.5_det,outer,1,SA,1,1,Single,No_Top,607,97678
result_trotter_10_Heisenberg2D_cylinder_0.5_0.5_det,outer,1,SA,1,0,Proj,Yes_Kink,450,202912
result_trotter_10_Heisenberg2D_cylinder_0.5_0.5_det,outer,1,SA,1,2,Double,No_MSF,315,18346
result_trotter_10_Heisenberg2D_cylinder_0.5_0.5_det,outer,1,SA,0.1,2,Proj,No_Kink,938,395905
result_trotter_10_Heisenberg2D_cylinder_0.5_0.5_det,outer,1,SA,1,2,Double,No_Top,885,125440
result_trotter_10_Heisenberg2D_cylinder_0.5_0.5_det,outer,1,SA,1,2,Proj,No_MSF,246,4428
result_trotter_10_Heisenberg2D_cylinder_0.5_0.5_det,outer,1,SA,0.1,2,Proj,Yes_Kink,945,382986
result_trotter_10_Heisenberg2D_cylinder_0.5_0.5_det,outer,1,SA,1,2,Proj,No_Top,855,54588
result_trotter_10_Heisenberg2D_cylinder_0.5_0.5_det,outer,1,SA,1,2,Single,No_MSF,318,18630
result_trotter_10_Heisenberg2D_cylinder_0.5_0.5_det,outer,1,SA,1,2,Single,No_Top,887,125690
result_trotter_10_Heisenberg2D_cylinder_0.5_0.5_det,outer,1,SA,1,1,Double,No_Kink,639,249018
result_trotter_10_Heisenberg2D_cylinder_0.5_0.5_det,outer,1,SA,1,1,Single,No_Kink,660,212483
result_trotter_10_Heisenberg2D_cylinder_0.5_0.5_det,outer,1,naive,0,0,Double,No_MSF,315,18346
result_trotter_10_Heisenberg2D_cylinder_0.5_0.5_det,outer,1,SA,1,1,Double,Yes_Kink,691,256907
result_trotter_10_Heisenberg2D_cylinder_0.5_0.5_det,outer,1,naive,0,0,Double,No_Top,330,69965
result_trotter_10_Heisenberg2D_cylinder_0.5_0.5_det,outer,1,naive,0,0,Proj,No_MSF,246,4428
result_trotter_10_Heisenberg2D_cylinder_0.5_0.5_det,outer,1,SA,1,1,Proj,No_Kink,652,287179
result_trotter_10_Heisenberg2D_cylinder_0.5_0.5_det,outer,1,naive,0,0,Proj,No_Top,285,54588
result_trotter_10_Heisenberg2D_cylinder_0.5_0.5_det,outer,1,naive,0,0,Single,No_MSF,318,18630
result_trotter_10_Heisenberg2D_cylinder_0.5_0.5_det,outer,1,SA,1,1,Proj,Yes_Kink,671,283840
result_trotter_10_Heisenberg2D_cylinder_0.5_0.5_det,outer,1,SA,1,2,Double,No_Kink,908,290211
result_trotter_10_Heisenberg2D_cylinder_0.5_0.5_det,outer,1,naive,0,0,Single,No_Top,345,71447
result_trotter_10_Heisenberg2D_cylinder_0.5_0.5_det,outer,1,naive,0,1,Double,No_MSF,315,18346
result_trotter_10_Heisenberg2D_cylinder_0.5_0.5_det,outer,1,SA,1,2,Single,No_Kink,922,253917
result_trotter_10_Heisenberg2D_cylinder_0.5_0.5_det,outer,1,SA,1,2,Double,Yes_Kink,922,295050
result_trotter_10_Heisenberg2D_cylinder_0.5_0.5_det,outer,1,naive,0,1,Double,No_Top,600,96941
result_trotter_10_Heisenberg2D_cylinder_0.5_0.5_det,outer,1,naive,0,0,Double,No_Kink,507,214876
result_trotter_10_Heisenberg2D_cylinder_0.5_0.5_det,outer,1,naive,0,1,Proj,No_MSF,246,4428
result_trotter_10_Heisenberg2D_cylinder_0.5_0.5_det,outer,1,naive,0,0,Single,No_Kink,511,186814
result_trotter_10_Heisenberg2D_cylinder_0.5_0.5_det,outer,1,naive,0,1,Proj,No_Top,570,54588
result_trotter_10_Heisenberg2D_cylinder_0.5_0.5_det,outer,1,naive,0,0,Double,Yes_Kink,602,236601
result_trotter_10_Heisenberg2D_cylinder_0.5_0.5_det,outer,1,naive,0,0,Proj,No_Kink,492,226804
result_trotter_10_Heisenberg2D_cylinder_0.5_0.5_det,outer,1,naive,0,2,Double,No_MSF,315,18346
result_trotter_10_Heisenberg2D_cylinder_0.5_0.5_det,outer,1,naive,0,1,Single,No_MSF,318,18630
result_trotter_10_Heisenberg2D_cylinder_0.5_0.5_det,outer,1,naive,0,1,Single,No_Top,607,97678
result_trotter_10_Heisenberg2D_cylinder_0.5_0.5_det,outer,1,naive,0,0,Proj,Yes_Kink,509,226454
result_trotter_10_Heisenberg2D_cylinder_0.5_0.5_det,outer,1,SA,1,2,Proj,No_Kink,940,395826
result_trotter_10_Heisenberg2D_cylinder_0.5_0.5_det,outer,1,naive,0,2,Proj,No_MSF,246,4428
result_trotter_10_Heisenberg2D_cylinder_0.5_0.5_det,outer,1,SA,1,2,Proj,Yes_Kink,947,383682
result_trotter_10_Heisenberg2D_cylinder_0.5_0.5_det,outer,1,naive,0,2,Double,No_Top,885,125440
result_trotter_10_Heisenberg2D_cylinder_0.5_0.5_det,outer,1,naive,0,2,Proj,No_Top,855,54588
result_trotter_10_Heisenberg2D_cylinder_0.5_0.5_det,outer,1,naive,0,1,Double,No_Kink,691,265505
result_trotter_10_Heisenberg2D_cylinder_0.5_0.5_det,outer,1,naive,0,2,Single,No_MSF,318,18630
result_trotter_10_Heisenberg2D_cylinder_0.5_0.5_det,outer,1,naive,0,1,Double,Yes_Kink,738,272535
result_trotter_10_Heisenberg2D_cylinder_0.5_0.5_det,outer,1,random,0,0,Double,No_MSF,315,18346
result_trotter_10_Heisenberg2D_cylinder_0.5_0.5_det,outer,1,random,0,0,Double,No_Top,330,69965
result_trotter_10_Heisenberg2D_cylinder_0.5_0.5_det,outer,1,naive,0,2,Single,No_Top,887,125690
result_trotter_10_Heisenberg2D_cylinder_0.5_0.5_det,outer,1,naive,0,1,Proj,No_Kink,701,306343
result_trotter_10_Heisenberg2D_cylinder_0.5_0.5_det,outer,1,naive,0,1,Single,No_Kink,715,230334
result_trotter_10_Heisenberg2D_cylinder_0.5_0.5_det,outer,1,random,0,0,Proj,No_Top,285,54588
result_trotter_10_Heisenberg2D_cylinder_0.5_0.5_det,outer,1,random,0,0,Proj,No_MSF,246,4428
result_trotter_10_Heisenberg2D_cylinder_0.5_0.5_det,outer,1,naive,0,2,Double,No_Kink,950,298237
result_trotter_10_Heisenberg2D_cylinder_0.5_0.5_det,outer,1,naive,0,1,Proj,Yes_Kink,720,303530
result_trotter_10_Heisenberg2D_cylinder_0.5_0.5_det,outer,1,random,0,0,Single,No_MSF,318,18630
result_trotter_10_Heisenberg2D_cylinder_0.5_0.5_det,outer,1,naive,0,2,Single,No_Kink,974,272024
result_trotter_10_Heisenberg2D_cylinder_0.5_0.5_det,outer,1,random,0,0,Single,No_Top,345,71447
result_trotter_10_Heisenberg2D_cylinder_0.5_0.5_det,outer,1,random,0,1,Double,No_MSF,315,18346
result_trotter_10_Heisenberg2D_cylinder_0.5_0.5_det,outer,1,naive,0,2,Double,Yes_Kink,967,311860
result_trotter_10_Heisenberg2D_cylinder_0.5_0.5_det,outer,1,random,0,1,Double,No_Top,600,96941
result_trotter_10_Heisenberg2D_cylinder_0.5_0.5_det,outer,1,random,0,0,Double,No_Kink,568,234983
result_trotter_10_Heisenberg2D_cylinder_0.5_0.5_det,outer,1,random,0,1,Proj,No_MSF,246,4428
result_trotter_10_Heisenberg2D_cylinder_0.5_0.5_det,outer,1,random,0,1,Proj,No_Top,570,54588
result_trotter_10_Heisenberg2D_cylinder_0.5_0.5_det,outer,1,random,0,1,Single,No_MSF,318,18630
result_trotter_10_Heisenberg2D_cylinder_0.5_0.5_det,outer,1,random,0,0,Double,Yes_Kink,655,252649
result_trotter_10_Heisenberg2D_cylinder_0.5_0.5_det,outer,1,random,0,1,Single,No_Top,607,97678
result_trotter_10_Heisenberg2D_cylinder_0.5_0.5_det,outer,1,random,0,0,Single,No_Kink,593,208846
result_trotter_10_Heisenberg2D_cylinder_0.5_0.5_det,outer,1,random,0,2,Double,No_MSF,315,18346
result_trotter_10_Heisenberg2D_cylinder_0.5_0.5_det,outer,1,naive,0,2,Proj,No_Kink,975,410113
result_trotter_10_Heisenberg2D_cylinder_0.5_0.5_det,outer,1,random,0,0,Proj,No_Kink,532,242158
result_trotter_10_Heisenberg2D_cylinder_0.5_0.5_det,outer,1,naive,0,2,Proj,Yes_Kink,985,399207
result_trotter_10_Heisenberg2D_cylinder_0.5_0.5_det,outer,1,random,0,2,Double,No_Top,885,125440
result_trotter_10_Heisenberg2D_cylinder_0.5_0.5_det,outer,1,random,0,1,Double,No_Kink,743,282140
result_trotter_10_Heisenberg2D_cylinder_0.5_0.5_det,outer,1,random,0,2,Proj,No_MSF,246,4428
result_trotter_10_Heisenberg2D_cylinder_0.5_0.5_det,outer,1,random,0,2,Single,No_MSF,318,18630
result_trotter_10_Heisenberg2D_cylinder_0.5_0.5_det,outer,1,random,0,2,Proj,No_Top,855,54588
result_trotter_10_Heisenberg2D_cylinder_0.5_0.5_det,outer,1,random,0,0,Proj,Yes_Kink,546,239903
result_trotter_10_Heisenberg2D_cylinder_0.5_0.5_det,outer,1,random,0,2,Single,No_Top,887,125690
result_trotter_10_Heisenberg2D_cylinder_0.5_0.5_det,outer,1,random,0,1,Double,Yes_Kink,778,285653
result_trotter_10_Heisenberg2D_cylinder_0.5_0.5_det,outer,2,SA,0.001,0,Double,No_MSF,315,18346
result_trotter_10_Heisenberg2D_cylinder_0.5_0.5_det,outer,1,random,0,1,Single,No_Kink,789,248846
result_trotter_10_Heisenberg2D_cylinder_0.5_0.5_det,outer,2,SA,0.001,0,Proj,No_MSF,246,4428
result_trotter_10_Heisenberg2D_cylinder_0.5_0.5_det,outer,2,SA,0.001,0,Double,No_Top,330,69965
result_trotter_10_Heisenberg2D_cylinder_0.5_0.5_det,outer,1,random,0,1,Proj,Yes_Kink,744,311840
result_trotter_10_Heisenberg2D_cylinder_0.5_0.5_det,outer,2,SA,0.001,0,Proj,No_Top,285,54588
result_trotter_10_Heisenberg2D_cylinder_0.5_0.5_det,outer,1,random,0,2,Double,No_Kink,991,316563
result_trotter_10_Heisenberg2D_cylinder_0.5_0.5_det,outer,1,random,0,1,Proj,No_Kink,722,315163
result_trotter_10_Heisenberg2D_cylinder_0.5_0.5_det,outer,2,SA,0.001,0,Single,No_MSF,318,18630
result_trotter_10_Heisenberg2D_cylinder_0.5_0.5_det,outer,2,SA,0.001,0,Single,No_Top,345,71447
result_trotter_10_Heisenberg2D_cylinder_0.5_0.5_det,outer,2,SA,0.001,1,Double,No_MSF,315,18346
result_trotter_10_Heisenberg2D_cylinder_0.5_0.5_det,outer,1,random,0,2,Double,Yes_Kink,1007,319392
result_trotter_10_Heisenberg2D_cylinder_0.5_0.5_det,outer,1,random,0,2,Single,No_Kink,1040,288483
result_trotter_10_Heisenberg2D_cylinder_0.5_0.5_det,outer,2,SA,0.001,1,Double,No_Top,600,96941
result_trotter_10_Heisenberg2D_cylinder_0.5_0.5_det,outer,2,SA,0.001,0,Double,No_Kink,462,224367
result_trotter_10_Heisenberg2D_cylinder_0.5_0.5_det,outer,2,SA,0.001,1,Proj,No_MSF,246,4428
result_trotter_10_Heisenberg2D_cylinder_0.5_0.5_det,outer,2,SA,0.001,1,Proj,No_Top,570,54588
result_trotter_10_Heisenberg2D_cylinder_0.5_0.5_det,outer,2,SA,0.001,0,Double,Yes_Kink,520,239520
result_trotter_10_Heisenberg2D_cylinder_0.5_0.5_det,outer,2,SA,0.001,1,Single,No_MSF,318,18630
result_trotter_10_Heisenberg2D_cylinder_0.5_0.5_det,outer,2,SA,0.001,0,Single,No_Kink,464,194929
result_trotter_10_Heisenberg2D_cylinder_0.5_0.5_det,outer,2,SA,0.001,0,Single,Yes_Kink,472,197947
result_trotter_10_Heisenberg2D_cylinder_0.5_0.5_det,outer,2,SA,0.001,1,Single,No_Top,607,97678
result_trotter_10_Heisenberg2D_cylinder_0.5_0.5_det,outer,1,random,0,2,Proj,No_Kink,981,412620
result_trotter_10_Heisenberg2D_cylinder_0.5_0.5_det,outer,1,random,0,2,Proj,Yes_Kink,999,403972
result_trotter_10_Heisenberg2D_cylinder_0.5_0.5_det,outer,2,SA,0.001,0,Proj,No_Kink,401,263930
result_trotter_10_Heisenberg2D_cylinder_0.5_0.5_det,outer,2,SA,0.001,2,Double,No_MSF,315,18346
result_trotter_10_Heisenberg2D_cylinder_0.5_0.5_det,outer,2,SA,0.001,0,Proj,Yes_Kink,426,268769
result_trotter_10_Heisenberg2D_cylinder_0.5_0.5_det,outer,2,SA,0.001,2,Double,No_Top,885,125440
result_trotter_10_Heisenberg2D_cylinder_0.5_0.5_det,outer,2,SA,0.001,1,Double,No_Kink,609,255901
result_trotter_10_Heisenberg2D_cylinder_0.5_0.5_det,outer,2,SA,0.001,2,Proj,No_MSF,246,4428
result_trotter_10_Heisenberg2D_cylinder_0.5_0.5_det,outer,2,SA,0.001,2,Proj,No_Top,855,54588
result_trotter_10_Heisenberg2D_cylinder_0.5_0.5_det,outer,2,SA,0.001,2,Single,No_MSF,318,18630
result_trotter_10_Heisenberg2D_cylinder_0.5_0.5_det,outer,2,SA,0.001,1,Double,Yes_Kink,626,258812
result_trotter_10_Heisenberg2D_cylinder_0.5_0.5_det,outer,2,SA,0.001,2,Single,No_Top,887,125690
result_trotter_10_Heisenberg2D_cylinder_0.5_0.5_det,outer,2,SA,0.01,0,Double,No_MSF,315,18346
result_trotter_10_Heisenberg2D_cylinder_0.5_0.5_det,outer,2,SA,0.001,1,Single,No_Kink,634,238378
result_trotter_10_Heisenberg2D_cylinder_0.5_0.5_det,outer,2,SA,0.01,0,Double,No_Top,330,69965
result_trotter_10_Heisenberg2D_cylinder_0.5_0.5_det,outer,2,SA,0.001,1,Single,Yes_Kink,652,241904
result_trotter_10_Heisenberg2D_cylinder_0.5_0.5_det,outer,2,SA,0.01,0,Proj,No_MSF,246,4428
result_trotter_10_Heisenberg2D_cylinder_0.5_0.5_det,outer,2,SA,0.01,0,Proj,No_Top,285,54588
result_trotter_10_Heisenberg2D_cylinder_0.5_0.5_det,outer,2,SA,0.001,2,Double,No_Kink,890,271884
result_trotter_10_Heisenberg2D_cylinder_0.5_0.5_det,outer,2,SA,0.001,2,Double,Yes_Kink,895,286521
result_trotter_10_Heisenberg2D_cylinder_0.5_0.5_det,outer,2,SA,0.01,0,Single,No_MSF,318,18630
result_trotter_10_Heisenberg2D_cylinder_0.5_0.5_det,outer,2,SA,0.001,1,Proj,No_Kink,607,379130
result_trotter_10_Heisenberg2D_cylinder_0.5_0.5_det,outer,2,SA,0.01,0,Single,No_Top,345,71447
result_trotter_10_Heisenberg2D_cylinder_0.5_0.5_det,outer,2,SA,0.001,2,Single,No_Kink,896,272185
result_trotter_10_Heisenberg2D_cylinder_0.5_0.5_det,outer,2,SA,0.001,1,Proj,Yes_Kink,618,376533
result_trotter_10_Heisenberg2D_cylinder_0.5_0.5_det,outer,2,SA,0.01,1,Double,No_MSF,315,18346
result_trotter_10_Heisenberg2D_cylinder_0.5_0.5_det,outer,2,SA,0.001,2,Single,Yes_Kink,908,275024
result_trotter_10_Heisenberg2D_cylinder_0.5_0.5_det,outer,2,SA,0.01,0,Double,No_Kink,497,231809
result_trotter_10_Heisenberg2D_cylinder_0.5_0.5_det,outer,2,SA,0.01,1,Double,No_Top,600,96941
result_trotter_10_Heisenberg2D_cylinder_0.5_0.5_det,outer,2,SA,0.01,1,Proj,No_MSF,246,4428
result_trotter_10_Heisenberg2D_cylinder_0.5_0.5_det,outer,2,SA,0.01,0,Double,Yes_Kink,539,244943
result_trotter_10_Heisenberg2D_cylinder_0.5_0.5_det,outer,2,SA,0.01,1,Proj,No_Top,570,54588
result_trotter_10_Heisenberg2D_cylinder_0.5_0.5_det,outer,2,SA,0.01,1,Single,No_MSF,318,18630
result_trotter_10_Heisenberg2D_cylinder_0.5_0.5_det,outer,2,SA,0.01,0,Single,No_Kink,501,204483
result_trotter_10_Heisenberg2D_cylinder_0.5_0.5_det,outer,2,SA,0.01,1,Single,No_Top,607,97678
result_trotter_10_Heisenberg2D_cylinder_0.5_0.5_det,outer,2,SA,0.01,0,Proj,No_Kink,429,281886
result_trotter_10_Heisenberg2D_cylinder_0.5_0.5_det,outer,2,SA,0.01,2,Double,No_MSF,315,18346
result_trotter_10_Heisenberg2D_cylinder_0.5_0.5_det,outer,2,SA,0.01,0,Single,Yes_Kink,517,208978
result_trotter_10_Heisenberg2D_cylinder_0.5_0.5_det,outer,2,SA,0.01,2,Double,No_Top,885,125440
result_trotter_10_Heisenberg2D_cylinder_0.5_0.5_det,outer,2,SA,0.01,0,Proj,Yes_Kink,451,285572
result_trotter_10_Heisenberg2D_cylinder_0.5_0.5_det,outer,2,SA,0.01,2,Proj,No_MSF,246,4428
result_trotter_10_Heisenberg2D_cylinder_0.5_0.5_det,outer,2,SA,0.01,1,Double,No_Kink,612,261652
result_trotter_10_Heisenberg2D_cylinder_0.5_0.5_det,outer,2,SA,0.01,2,Proj,No_Top,855,54588
result_trotter_10_Heisenberg2D_cylinder_0.5_0.5_det,outer,2,SA,0.01,1,Single,No_Kink,643,241388
result_trotter_10_Heisenberg2D_cylinder_0.5_0.5_det,outer,2,SA,0.001,2,Proj,No_Kink,886,541631
result_trotter_10_Heisenberg2D_cylinder_0.5_0.5_det,outer,2,SA,0.001,2,Proj,Yes_Kink,889,529655
result_trotter_10_Heisenberg2D_cylinder_0.5_0.5_det,outer,2,SA,0.01,1,Double,Yes_Kink,629,266197
result_trotter_10_Heisenberg2D_cylinder_0.5_0.5_det,outer,2,SA,0.01,2,Single,No_MSF,318,18630
result_trotter_10_Heisenberg2D_cylinder_0.5_0.5_det,outer,2,SA,0.01,2,Single,No_Top,887,125690
result_trotter_10_Heisenberg2D_cylinder_0.5_0.5_det,outer,2,SA,0.1,0,Double,No_MSF,315,18346
result_trotter_10_Heisenberg2D_cylinder_0.5_0.5_det,outer,2,SA,0.01,1,Single,Yes_Kink,659,247719
result_trotter_10_Heisenberg2D_cylinder_0.5_0.5_det,outer,2,SA,0.01,2,Double,No_Kink,891,274944
result_trotter_10_Heisenberg2D_cylinder_0.5_0.5_det,outer,2,SA,0.1,0,Proj,No_MSF,246,4428
result_trotter_10_Heisenberg2D_cylinder_0.5_0.5_det,outer,2,SA,0.1,0,Proj,No_Top,285,54588
result_trotter_10_Heisenberg2D_cylinder_0.5_0.5_det,outer,2,SA,0.1,0,Double,No_Top,330,69965
result_trotter_10_Heisenberg2D_cylinder_0.5_0.5_det,outer,2,SA,0.1,0,Single,No_MSF,318,18630
result_trotter_10_Heisenberg2D_cylinder_0.5_0.5_det,outer,2,SA,0.01,2,Double,Yes_Kink,896,289957
result_trotter_10_Heisenberg2D_cylinder_0.5_0.5_det,outer,2,SA,0.01,1,Proj,Yes_Kink,615,375997
result_trotter_10_Heisenberg2D_cylinder_0.5_0.5_det,outer,2,SA,0.01,1,Proj,No_Kink,604,378300
result_trotter_10_Heisenberg2D_cylinder_0.5_0.5_det,outer,2,SA,0.01,2,Single,No_Kink,901,274924
result_trotter_10_Heisenberg2D_cylinder_0.5_0.5_det,outer,2,SA,0.1,1,Double,No_MSF,315,18346
result_trotter_10_Heisenberg2D_cylinder_0.5_0.5_det,outer,2,SA,0.1,0,Double,No_Kink,458,204799
result_trotter_10_Heisenberg2D_cylinder_0.5_0.5_det,outer,2,SA,0.1,0,Single,No_Top,345,71447
result_trotter_10_Heisenberg2D_cylinder_0.5_0.5_det,outer,2,SA,0.1,1,Proj,No_MSF,246,4428
result_trotter_10_Heisenberg2D_cylinder_0.5_0.5_det,outer,2,SA,0.1,1,Double,No_Top,600,96941
result_trotter_10_Heisenberg2D_cylinder_0.5_0.5_det,outer,2,SA,0.1,0,Double,Yes_Kink,522,215872
result_trotter_10_Heisenberg2D_cylinder_0.5_0.5_det,outer,2,SA,0.1,0,Single,No_Kink,462,181292
result_trotter_10_Heisenberg2D_cylinder_0.5_0.5_det,outer,2,SA,0.01,2,Single,Yes_Kink,914,281085
result_trotter_10_Heisenberg2D_cylinder_0.5_0.5_det,outer,2,SA,0.1,1,Proj,No_Top,570,54588
result_trotter_10_Heisenberg2D_cylinder_0.5_0.5_det,outer,2,SA,0.1,1,Single,No_MSF,318,18630
result_trotter_10_Heisenberg2D_cylinder_0.5_0.5_det,outer,2,SA,0.1,1,Single,No_Top,607,97678
result_trotter_10_Heisenberg2D_cylinder_0.5_0.5_det,outer,2,SA,0.1,0,Single,Yes_Kink,470,181096
result_trotter_10_Heisenberg2D_cylinder_0.5_0.5_det,outer,2,SA,0.1,2,Double,No_MSF,315,18346
result_trotter_10_Heisenberg2D_cylinder_0.5_0.5_det,outer,2,SA,0.1,0,Proj,Yes_Kink,433,273069
result_trotter_10_Heisenberg2D_cylinder_0.5_0.5_det,outer,2,SA,0.1,0,Proj,No_Kink,408,267171
result_trotter_10_Heisenberg2D_cylinder_0.5_0.5_det,outer,2,SA,0.1,1,Double,No_Kink,613,235465
result_trotter_10_Heisenberg2D_cylinder_0.5_0.5_det,outer,2,SA,0.1,1,Double,Yes_Kink,637,237943
result_trotter_10_Heisenberg2D_cylinder_0.5_0.5_det,outer,2,SA,0.1,2,Double,No_Top,885,125440
result_trotter_10_Heisenberg2D_cylinder_0.5_0.5_det,outer,2,SA,0.1,2,Proj,No_MSF,246,4428
result_trotter_10_Heisenberg2D_cylinder_0.5_0.5_det,outer,2,SA,0.01,2,Proj,No_Kink,885,542222
result_trotter_10_Heisenberg2D_cylinder_0.5_0.5_det,outer,2,SA,0.1,2,Proj,No_Top,855,54588
result_trotter_10_Heisenberg2D_cylinder_0.5_0.5_det,outer,2,SA,0.1,1,Single,No_Kink,640,214936
result_trotter_10_Heisenberg2D_cylinder_0.5_0.5_det,outer,2,SA,0.1,2,Single,No_MSF,318,18630
result_trotter_10_Heisenberg2D_cylinder_0.5_0.5_det,outer,2,SA,0.1,2,Single,No_Top,887,125690
result_trotter_10_Heisenberg2D_cylinder_0.5_0.5_det,outer,2,SA,0.01,2,Proj,Yes_Kink,889,531225
result_trotter_10_Heisenberg2D_cylinder_0.5_0.5_det,outer,2,SA,0.1,1,Single,Yes_Kink,655,218449
result_trotter_10_Heisenberg2D_cylinder_0.5_0.5_det,outer,2,SA,1,0,Double,No_MSF,315,18346
result_trotter_10_Heisenberg2D_cylinder_0.5_0.5_det,outer,2,SA,0.1,2,Double,No_Kink,892,249838
result_trotter_10_Heisenberg2D_cylinder_0.5_0.5_det,outer,2,SA,1,0,Proj,No_MSF,246,4428
result_trotter_10_Heisenberg2D_cylinder_0.5_0.5_det,outer,2,SA,1,0,Double,No_Top,330,69965
result_trotter_10_Heisenberg2D_cylinder_0.5_0.5_det,outer,2,SA,0.1,2,Double,Yes_Kink,897,267139
result_trotter_10_Heisenberg2D_cylinder_0.5_0.5_det,outer,2,SA,1,0,Proj,No_Top,285,54588
result_trotter_10_Heisenberg2D_cylinder_0.5_0.5_det,outer,2,SA,1,0,Single,No_MSF,318,18630
result_trotter_10_Heisenberg2D_cylinder_0.5_0.5_det,outer,2,SA,0.1,1,Proj,No_Kink,615,384955
result_trotter_10_Heisenberg2D_cylinder_0.5_0.5_det,outer,2,SA,0.1,2,Single,No_Kink,900,248415
result_trotter_10_Heisenberg2D_cylinder_0.5_0.5_det,outer,2,SA,1,1,Double,No_MSF,315,18346
result_trotter_10_Heisenberg2D_cylinder_0.5_0.5_det,outer,2,SA,1,0,Single,No_Top,345,71447
result_trotter_10_Heisenberg2D_cylinder_0.5_0.5_det,outer,2,SA,0.1,1,Proj,Yes_Kink,628,383026
result_trotter_10_Heisenberg2D_cylinder_0.5_0.5_det,outer,2,SA,0.1,2,Single,Yes_Kink,913,252532
result_trotter_10_Heisenberg2D_cylinder_0.5_0.5_det,outer,2,SA,1,1,Double,No_Top,600,96941
result_trotter_10_Heisenberg2D_cylinder_0.5_0.5_det,outer,2,SA,1,0,Double,No_Kink,451,201195
result_trotter_10_Heisenberg2D_cylinder_0.5_0.5_det,outer,2,SA,1,0,Double,Yes_Kink,509,209139
result_trotter_10_Heisenberg2D_cylinder_0.5_0.5_det,outer,2,SA,1,1,Proj,No_MSF,246,4428
result_trotter_10_Heisenberg2D_cylinder_0.5_0.5_det,outer,2,SA,1,0,Single,No_Kink,454,177108
result_trotter_10_Heisenberg2D_cylinder_0.5_0.5_det,outer,2,SA,1,0,Proj,No_Kink,400,261017
result_trotter_10_Heisenberg2D_cylinder_0.5_0.5_det,outer,2,SA,1,0,Single,Yes_Kink,453,176736
result_trotter_10_Heisenberg2D_cylinder_0.5_0.5_det,outer,2,SA,1,1,Proj,No_Top,570,54588
result_trotter_10_Heisenberg2D_cylinder_0.5_0.5_det,outer,2,SA,1,1,Single,No_Top,607,97678
result_trotter_10_Heisenberg2D_cylinder_0.5_0.5_det,outer,2,SA,1,1,Single,No_MSF,318,18630
result_trotter_10_Heisenberg2D_cylinder_0.5_0.5_det,outer,2,SA,1,0,Proj,Yes_Kink,425,267762
result_trotter_10_Heisenberg2D_cylinder_0.5_0.5_det,outer,2,SA,1,1,Double,No_Kink,614,231421
result_trotter_10_Heisenberg2D_cylinder_0.5_0.5_det,outer,2,SA,1,2,Double,No_MSF,315,18346
result_trotter_10_Heisenberg2D_cylinder_0.5_0.5_det,outer,2,SA,1,2,Double,No_Top,885,125440
result_trotter_10_Heisenberg2D_cylinder_0.5_0.5_det,outer,2,SA,1,2,Proj,No_Top,855,54588
result_trotter_10_Heisenberg2D_cylinder_0.5_0.5_det,outer,2,SA,1,1,Double,Yes_Kink,636,233826
result_trotter_10_Heisenberg2D_cylinder_0.5_0.5_det,outer,2,SA,1,2,Proj,No_MSF,246,4428
result_trotter_10_Heisenberg2D_cylinder_0.5_0.5_det,outer,2,SA,1,2,Single,No_MSF,318,18630
result_trotter_10_Heisenberg2D_cylinder_0.5_0.5_det,outer,2,SA,0.1,2,Proj,No_Kink,887,538664
result_trotter_10_Heisenberg2D_cylinder_0.5_0.5_det,outer,2,SA,1,1,Single,Yes_Kink,656,213755
result_trotter_10_Heisenberg2D_cylinder_0.5_0.5_det,outer,2,SA,0.1,2,Proj,Yes_Kink,893,528099
result_trotter_10_Heisenberg2D_cylinder_0.5_0.5_det,outer,2,SA,1,1,Single,No_Kink,635,210463
result_trotter_10_Heisenberg2D_cylinder_0.5_0.5_det,outer,2,SA,1,2,Single,No_Top,887,125690
result_trotter_10_Heisenberg2D_cylinder_0.5_0.5_det,outer,2,naive,0,0,Double,No_MSF,315,18346
result_trotter_10_Heisenberg2D_cylinder_0.5_0.5_det,outer,2,SA,1,2,Double,No_Kink,894,243830
result_trotter_10_Heisenberg2D_cylinder_0.5_0.5_det,outer,2,naive,0,0,Proj,No_MSF,246,4428
result_trotter_10_Heisenberg2D_cylinder_0.5_0.5_det,outer,2,naive,0,0,Double,No_Top,330,69965
result_trotter_10_Heisenberg2D_cylinder_0.5_0.5_det,outer,2,naive,0,0,Proj,No_Top,285,54588
result_trotter_10_Heisenberg2D_cylinder_0.5_0.5_det,outer,2,SA,1,2,Double,Yes_Kink,901,264367
result_trotter_10_Heisenberg2D_cylinder_0.5_0.5_det,outer,2,SA,1,1,Proj,No_Kink,614,382940
result_trotter_10_Heisenberg2D_cylinder_0.5_0.5_det,outer,2,naive,0,0,Single,No_MSF,318,18630
result_trotter_10_Heisenberg2D_cylinder_0.5_0.5_det,outer,2,SA,1,2,Single,No_Kink,901,243659
result_trotter_10_Heisenberg2D_cylinder_0.5_0.5_det,outer,2,SA,1,2,Single,Yes_Kink,915,246464
result_trotter_10_Heisenberg2D_cylinder_0.5_0.5_det,outer,2,naive,0,0,Single,No_Top,345,71447
result_trotter_10_Heisenberg2D_cylinder_0.5_0.5_det,outer,2,naive,0,0,Double,No_Kink,426,198634
result_trotter_10_Heisenberg2D_cylinder_0.5_0.5_det,outer,2,naive,0,1,Double,No_MSF,315,18346
result_trotter_10_Heisenberg2D_cylinder_0.5_0.5_det,outer,2,naive,0,0,Double,Yes_Kink,511,221050
result_trotter_10_Heisenberg2D_cylinder_0.5_0.5_det,outer,2,naive,0,1,Double,No_Top,600,96941
result_trotter_10_Heisenberg2D_cylinder_0.5_0.5_det,outer,2,SA,1,1,Proj,Yes_Kink,627,380783
result_trotter_10_Heisenberg2D_cylinder_0.5_0.5_det,outer,2,naive,0,0,Single,No_Kink,427,174001
result_trotter_10_Heisenberg2D_cylinder_0.5_0.5_det,outer,2,naive,0,1,Proj,No_Top,570,54588
result_trotter_10_Heisenberg2D_cylinder_0.5_0.5_det,outer,2,naive,0,1,Proj,No_MSF,246,4428
result_trotter_10_Heisenberg2D_cylinder_0.5_0.5_det,outer,2,naive,0,1,Single,No_MSF,318,18630
result_trotter_10_Heisenberg2D_cylinder_0.5_0.5_det,outer,2,naive,0,0,Single,Yes_Kink,439,176697
result_trotter_10_Heisenberg2D_cylinder_0.5_0.5_det,outer,2,naive,0,1,Single,No_Top,607,97678
result_trotter_10_Heisenberg2D_cylinder_0.5_0.5_det,outer,2,naive,0,2,Double,No_MSF,315,18346
result_trotter_10_Heisenberg2D_cylinder_0.5_0.5_det,outer,2,naive,0,2,Double,No_Top,885,125440
result_trotter_10_Heisenberg2D_cylinder_0.5_0.5_det,outer,2,naive,0,1,Double,No_Kink,631,240937
result_trotter_10_Heisenberg2D_cylinder_0.5_0.5_det,outer,2,naive,0,0,Proj,No_Kink,467,303503
result_trotter_10_Heisenberg2D_cylinder_0.5_0.5_det,outer,2,naive,0,1,Single,No_Kink,654,223492
result_trotter_10_Heisenberg2D_cylinder_0.5_0.5_det,outer,2,naive,0,2,Single,No_MSF,318,18630
result_trotter_10_Heisenberg2D_cylinder_0.5_0.5_det,outer,2,naive,0,2,Proj,No_MSF,246,4428
result_trotter_10_Heisenberg2D_cylinder_0.5_0.5_det,outer,2,SA,1,2,Proj,Yes_Kink,893,528767
result_trotter_10_Heisenberg2D_cylinder_0.5_0.5_det,outer,2,naive,0,0,Proj,Yes_Kink,491,308529
result_trotter_10_Heisenberg2D_cylinder_0.5_0.5_det,outer,2,naive,0,2,Proj,No_Top,855,54588
result_trotter_10_Heisenberg2D_cylinder_0.5_0.5_det,outer,2,naive,0,1,Double,Yes_Kink,643,241887
result_trotter_10_Heisenberg2D_cylinder_0.5_0.5_det,outer,2,naive,0,2,Single,No_Top,887,125690
result_trotter_10_Heisenberg2D_cylinder_0.5_0.5_det,outer,2,naive,0,2,Double,No_Kink,906,270238
result_trotter_10_Heisenberg2D_cylinder_0.5_0.5_det,outer,2,SA,1,2,Proj,No_Kink,890,538864
result_trotter_10_Heisenberg2D_cylinder_0.5_0.5_det,outer,2,random,0,0,Double,No_MSF,315,18346
result_trotter_10_Heisenberg2D_cylinder_0.5_0.5_det,outer,2,naive,0,1,Single,Yes_Kink,664,226632
result_trotter_10_Heisenberg2D_cylinder_0.5_0.5_det,outer,2,random,0,0,Double,No_Top,330,69965
result_trotter_10_Heisenberg2D_cylinder_0.5_0.5_det,outer,2,naive,0,2,Double,Yes_Kink,909,273649
result_trotter_10_Heisenberg2D_cylinder_0.5_0.5_det,outer,2,random,0,0,Proj,No_MSF,246,4428
result_trotter_10_Heisenberg2D_cylinder_0.5_0.5_det,outer,2,random,0,0,Proj,No_Top,285,54588
result_trotter_10_Heisenberg2D_cylinder_0.5_0.5_det,outer,2,naive,0,2,Single,No_Kink,920,257961
result_trotter_10_Heisenberg2D_cylinder_0.5_0.5_det,outer,2,naive,0,1,Proj,No_Kink,686,427635
result_trotter_10_Heisenberg2D_cylinder_0.5_0.5_det,outer,2,random,0,0,Single,No_MSF,318,18630
result_trotter_10_Heisenberg2D_cylinder_0.5_0.5_det,outer,2,random,0,0,Single,No_Top,345,71447
result_trotter_10_Heisenberg2D_cylinder_0.5_0.5_det,outer,2,random,0,1,Double,No_MSF,315,18346
result_trotter_10_Heisenberg2D_cylinder_0.5_0.5_det,outer,2,random,0,1,Double,No_Top,600,96941
result_trotter_10_Heisenberg2D_cylinder_0.5_0.5_det,outer,2,naive,0,1,Proj,Yes_Kink,702,425241
result_trotter_10_Heisenberg2D_cylinder_0.5_0.5_det,outer,2,random,0,1,Proj,No_MSF,246,4428
result_trotter_10_Heisenberg2D_cylinder_0.5_0.5_det,outer,2,naive,0,2,Single,Yes_Kink,927,258275
result_trotter_10_Heisenberg2D_cylinder_0.5_0.5_det,outer,2,random,0,0,Double,Yes_Kink,540,264146
result_trotter_10_Heisenberg2D_cylinder_0.5_0.5_det,outer,2,random,0,1,Proj,No_Top,570,54588
result_trotter_10_Heisenberg2D_cylinder_0.5_0.5_det,outer,2,random,0,0,Single,No_Kink,493,218724
result_trotter_10_Heisenberg2D_cylinder_0.5_0.5_det,outer,2,random,0,1,Single,No_MSF,318,18630
result_trotter_10_Heisenberg2D_cylinder_0.5_0.5_det,outer,2,random,0,1,Single,No_Top,607,97678
result_trotter_10_Heisenberg2D_cylinder_0.5_0.5_det,outer,2,random,0,0,Double,No_Kink,486,248547
result_trotter_10_Heisenberg2D_cylinder_0.5_0.5_det,outer,2,random,0,2,Double,No_MSF,315,18346
result_trotter_10_Heisenberg2D_cylinder_0.5_0.5_det,outer,2,random,0,0,Single,Yes_Kink,510,223580
result_trotter_10_Heisenberg2D_cylinder_0.5_0.5_det,outer,2,random,0,2,Double,No_Top,885,125440
result_trotter_10_Heisenberg2D_cylinder_0.5_0.5_det,outer,2,random,0,0,Proj,Yes_Kink,507,316454
result_trotter_10_Heisenberg2D_cylinder_0.5_0.5_det,outer,2,random,0,1,Double,Yes_Kink,661,281499
result_trotter_10_Heisenberg2D_cylinder_0.5_0.5_det,outer,2,random,0,2,Proj,No_MSF,246,4428
result_trotter_10_Heisenberg2D_cylinder_0.5_0.5_det,outer,2,random,0,0,Proj,No_Kink,487,314207
result_trotter_10_Heisenberg2D_cylinder_0.5_0.5_det,outer,2,random,0,2,Proj,No_Top,855,54588
result_trotter_10_Heisenberg2D_cylinder_0.5_0.5_det,outer,2,random,0,1,Double,No_Kink,649,280674
result_trotter_10_Heisenberg2D_cylinder_0.5_0.5_det,outer,2,random,0,1,Single,No_Kink,681,261097
result_trotter_10_Heisenberg2D_cylinder_0.5_0.5_det,outer,2,random,0,2,Single,No_MSF,318,18630
result_trotter_10_Heisenberg2D_cylinder_0.5_0.5_det,outer,2,naive,0,2,Proj,No_Kink,985,592572
result_trotter_10_Heisenberg2D_cylinder_0.5_0.5_det,outer,2,random,0,2,Single,No_Top,887,125690
result_trotter_10_Heisenberg2D_cylinder_0.5_0.5_det,outer,2,naive,0,2,Proj,Yes_Kink,988,581873
result_trotter_10_Heisenberg2D_cylinder_0.5_0.5_rand,inner,1,SA,0.001,0,Double,No_MSF,566,35432
result_trotter_10_Heisenberg2D_cylinder_0.5_0.5_det,outer,2,random,0,2,Double,No_Kink,916,301570
result_trotter_10_Heisenberg2D_cylinder_0.5_0.5_det,outer,2,random,0,1,Single,Yes_Kink,697,265931
result_trotter_10_Heisenberg2D_cylinder_0.5_0.5_rand,inner,1,SA,0.001,0,Double,No_Top,566,85592
result_trotter_10_Heisenberg2D_cylinder_0.5_0.5_rand,inner,1,SA,0.001,0,Proj,No_MSF,246,4440
result_trotter_10_Heisenberg2D_cylinder_0.5_0.5_det,outer,2,random,0,2,Double,Yes_Kink,924,309185
result_trotter_10_Heisenberg2D_cylinder_0.5_0.5_rand,inner,1,SA,0.001,0,Proj,No_Top,285,54600
result_trotter_10_Heisenberg2D_cylinder_0.5_0.5_rand,inner,1,SA,0.001,0,Single,No_MSF,586,37250
result_trotter_10_Heisenberg2D_cylinder_0.5_0.5_det,outer,2,random,0,1,Proj,Yes_Kink,703,425749
result_trotter_10_Heisenberg2D_cylinder_0.5_0.5_rand,inner,1,SA,0.001,0,Single,No_Top,586,87410
result_trotter_10_Heisenberg2D_cylinder_0.5_0.5_rand,inner,1,SA,0.001,1,Double,No_MSF,566,35432
result_trotter_10_Heisenberg2D_cylinder_0.5_0.5_rand,inner,1,SA,0.001,0,Double,No_Kink,621,208610
result_trotter_10_Heisenberg2D_cylinder_0.5_0.5_det,outer,2,random,0,2,Single,No_Kink,944,290757
result_trotter_10_Heisenberg2D_cylinder_0.5_0.5_rand,inner,1,SA,0.001,1,Double,No_Top,627,92354
result_trotter_10_Heisenberg2D_cylinder_0.5_0.5_det,outer,2,random,0,1,Proj,No_Kink,689,428576
result_trotter_10_Heisenberg2D_cylinder_0.5_0.5_rand,inner,1,SA,0.001,0,Double,Yes_Kink,665,222587
result_trotter_10_Heisenberg2D_cylinder_0.5_0.5_det,outer,2,random,0,2,Single,Yes_Kink,955,296979
result_trotter_10_Heisenberg2D_cylinder_0.5_0.5_rand,inner,1,SA,0.001,0,Single,No_Kink,613,176143
result_trotter_10_Heisenberg2D_cylinder_0.5_0.5_rand,inner,1,SA,0.001,1,Proj,No_MSF,246,4440
result_trotter_10_Heisenberg2D_cylinder_0.5_0.5_rand,inner,1,SA,0.001,1,Single,No_MSF,586,37250
result_trotter_10_Heisenberg2D_cylinder_0.5_0.5_rand,inner,1,SA,0.001,1,Proj,No_Top,570,54600
result_trotter_10_Heisenberg2D_cylinder_0.5_0.5_rand,inner,1,SA,0.001,2,Double,No_MSF,566,35432
result_trotter_10_Heisenberg2D_cylinder_0.5_0.5_rand,inner,1,SA,0.001,1,Single,No_Top,647,94063
result_trotter_10_Heisenberg2D_cylinder_0.5_0.5_rand,inner,1,SA,0.001,0,Proj,No_Kink,657,278489
result_trotter_10_Heisenberg2D_cylinder_0.5_0.5_rand,inner,1,SA,0.001,2,Double,No_Top,898,118545
result_trotter_10_Heisenberg2D_cylinder_0.5_0.5_rand,inner,1,SA,0.001,2,Proj,No_MSF,246,4440
result_trotter_10_Heisenberg2D_cylinder_0.5_0.5_rand,inner,1,SA,0.001,0,Proj,Yes_Kink,673,272384
result_trotter_10_Heisenberg2D_cylinder_0.5_0.5_rand,inner,1,SA,0.001,1,Double,No_Kink,693,239792
result_trotter_10_Heisenberg2D_cylinder_0.5_0.5_rand,inner,1,SA,0.001,1,Double,Yes_Kink,758,255356
result_trotter_10_Heisenberg2D_cylinder_0.5_0.5_rand,inner,1,SA,0.001,2,Single,No_MSF,586,37250
result_trotter_10_Heisenberg2D_cylinder_0.5_0.5_rand,inner,1,SA,0.001,2,Proj,No_Top,855,54600
result_trotter_10_Heisenberg2D_cylinder_0.5_0.5_rand,inner,1,SA,0.001,1,Single,No_Kink,712,211863
result_trotter_10_Heisenberg2D_cylinder_0.5_0.5_rand,inner,1,SA,0.001,2,Single,No_Top,904,119152
result_trotter_10_Heisenberg2D_cylinder_0.5_0.5_rand,inner,1,SA,0.01,0,Double,No_MSF,566,35432
result_trotter_10_Heisenberg2D_cylinder_0.5_0.5_det,outer,2,random,0,2,Proj,No_Kink,989,599359
result_trotter_10_Heisenberg2D_cylinder_0.5_0.5_rand,inner,1,SA,0.01,0,Proj,No_MSF,246,4440
result_trotter_10_Heisenberg2D_cylinder_0.5_0.5_rand,inner,1,SA,0.01,0,Double,No_Top,566,85592
result_trotter_10_Heisenberg2D_cylinder_0.5_0.5_rand,inner,1,SA,0.001,1,Proj,No_Kink,778,321510
result_trotter_10_Heisenberg2D_cylinder_0.5_0.5_det,outer,2,random,0,2,Proj,Yes_Kink,992,588139
result_trotter_10_Heisenberg2D_cylinder_0.5_0.5_rand,inner,1,SA,0.01,0,Proj,No_Top,285,54600
result_trotter_10_Heisenberg2D_cylinder_0.5_0.5_rand,inner,1,SA,0.001,2,Double,No_Kink,895,272239
result_trotter_10_Heisenberg2D_cylinder_0.5_0.5_rand,inner,1,SA,0.001,2,Double,Yes_Kink,913,281400
result_trotter_10_Heisenberg2D_cylinder_0.5_0.5_rand,inner,1,SA,0.001,1,Proj,Yes_Kink,815,318801
result_trotter_10_Heisenberg2D_cylinder_0.5_0.5_rand,inner,1,SA,0.001,2,Single,No_Kink,925,249730
result_trotter_10_Heisenberg2D_cylinder_0.5_0.5_rand,inner,1,SA,0.01,0,Single,No_MSF,586,37250
result_trotter_10_Heisenberg2D_cylinder_0.5_0.5_rand,inner,1,SA,0.01,1,Double,No_MSF,566,35432
result_trotter_10_Heisenberg2D_cylinder_0.5_0.5_rand,inner,1,SA,0.01,0,Single,No_Top,586,87410
result_trotter_10_Heisenberg2D_cylinder_0.5_0.5_rand,inner,1,SA,0.01,1,Double,No_Top,627,92354
result_trotter_10_Heisenberg2D_cylinder_0.5_0.5_rand,inner,1,SA,0.01,1,Proj,No_MSF,246,4440
result_trotter_10_Heisenberg2D_cylinder_0.5_0.5_rand,inner,1,SA,0.01,0,Double,No_Kink,708,230812
result_trotter_10_Heisenberg2D_cylinder_0.5_0.5_rand,inner,1,SA,0.01,1,Proj,No_Top,570,54600
result_trotter_10_Heisenberg2D_cylinder_0.5_0.5_rand,inner,1,SA,0.01,1,Single,No_MSF,586,37250
result_trotter_10_Heisenberg2D_cylinder_0.5_0.5_rand,inner,1,SA,0.01,0,Double,Yes_Kink,774,249713
result_trotter_10_Heisenberg2D_cylinder_0.5_0.5_rand,inner,1,SA,0.01,1,Single,No_Top,647,94063
result_trotter_10_Heisenberg2D_cylinder_0.5_0.5_rand,inner,1,SA,0.01,0,Single,No_Kink,718,204836
result_trotter_10_Heisenberg2D_cylinder_0.5_0.5_rand,inner,1,SA,0.01,2,Double,No_MSF,566,35432
result_trotter_10_Heisenberg2D_cylinder_0.5_0.5_rand,inner,1,SA,0.001,2,Proj,No_Kink,1071,429487
result_trotter_10_Heisenberg2D_cylinder_0.5_0.5_rand,inner,1,SA,0.01,2,Double,No_Top,898,118545
result_trotter_10_Heisenberg2D_cylinder_0.5_0.5_rand,inner,1,SA,0.01,2,Proj,No_MSF,246,4440
result_trotter_10_Heisenberg2D_cylinder_0.5_0.5_rand,inner,1,SA,0.01,2,Proj,No_Top,855,54600
result_trotter_10_Heisenberg2D_cylinder_0.5_0.5_rand,inner,1,SA,0.01,0,Proj,No_Kink,795,329967
result_trotter_10_Heisenberg2D_cylinder_0.5_0.5_rand,inner,1,SA,0.001,2,Proj,Yes_Kink,1108,421073
result_trotter_10_Heisenberg2D_cylinder_0.5_0.5_rand,inner,1,SA,0.01,1,Double,No_Kink,811,266150
result_trotter_10_Heisenberg2D_cylinder_0.5_0.5_rand,inner,1,SA,0.01,2,Single,No_MSF,586,37250
result_trotter_10_Heisenberg2D_cylinder_0.5_0.5_rand,inner,1,SA,0.01,1,Double,Yes_Kink,882,279626
result_trotter_10_Heisenberg2D_cylinder_0.5_0.5_rand,inner,1,SA,0.01,0,Proj,Yes_Kink,807,321115
result_trotter_10_Heisenberg2D_cylinder_0.5_0.5_rand,inner,1,SA,0.01,1,Single,No_Kink,853,240121
result_trotter_10_Heisenberg2D_cylinder_0.5_0.5_rand,inner,1,SA,0.01,2,Single,No_Top,904,119152
result_trotter_10_Heisenberg2D_cylinder_0.5_0.5_rand,inner,1,SA,0.1,0,Double,No_MSF,566,35432
result_trotter_10_Heisenberg2D_cylinder_0.5_0.5_rand,inner,1,SA,0.1,0,Proj,No_MSF,246,4440
result_trotter_10_Heisenberg2D_cylinder_0.5_0.5_rand,inner,1,SA,0.1,0,Double,No_Top,566,85592
result_trotter_10_Heisenberg2D_cylinder_0.5_0.5_rand,inner,1,SA,0.1,0,Proj,No_Top,285,54600
result_trotter_10_Heisenberg2D_cylinder_0.5_0.5_rand,inner,1,SA,0.01,2,Double,No_Kink,949,298644
result_trotter_10_Heisenberg2D_cylinder_0.5_0.5_rand,inner,1,SA,0.1,0,Single,No_MSF,586,37250
result_trotter_10_Heisenberg2D_cylinder_0.5_0.5_rand,inner,1,SA,0.01,1,Proj,No_Kink,941,386469
result_trotter_10_Heisenberg2D_cylinder_0.5_0.5_rand,inner,1,SA,0.1,0,Single,No_Top,586,87410
result_trotter_10_Heisenberg2D_cylinder_0.5_0.5_rand,inner,1,SA,0.01,1,Proj,Yes_Kink,980,379347
result_trotter_10_Heisenberg2D_cylinder_0.5_0.5_rand,inner,1,SA,0.1,0,Double,No_Kink,583,180372
result_trotter_10_Heisenberg2D_cylinder_0.5_0.5_rand,inner,1,SA,0.01,2,Single,No_Kink,991,268454
result_trotter_10_Heisenberg2D_cylinder_0.5_0.5_rand,inner,1,SA,0.1,1,Double,No_Top,627,92354
result_trotter_10_Heisenberg2D_cylinder_0.5_0.5_rand,inner,1,SA,0.1,1,Double,No_MSF,566,35432
result_trotter_10_Heisenberg2D_cylinder_0.5_0.5_rand,inner,1,SA,0.01,2,Double,Yes_Kink,984,312341
result_trotter_10_Heisenberg2D_cylinder_0.5_0.5_rand,inner,1,SA,0.1,0,Single,No_Kink,610,152129
result_trotter_10_Heisenberg2D_cylinder_0.5_0.5_rand,inner,1,SA,0.1,0,Double,Yes_Kink,665,215123
result_trotter_10_Heisenberg2D_cylinder_0.5_0.5_rand,inner,1,SA,0.1,1,Proj,No_MSF,246,4440
result_trotter_10_Heisenberg2D_cylinder_0.5_0.5_rand,inner,1,SA,0.1,1,Proj,No_Top,570,54600
result_trotter_10_Heisenberg2D_cylinder_0.5_0.5_rand,inner,1,SA,0.1,1,Single,No_MSF,586,37250
result_trotter_10_Heisenberg2D_cylinder_0.5_0.5_rand,inner,1,SA,0.1,2,Double,No_MSF,566,35432
result_trotter_10_Heisenberg2D_cylinder_0.5_0.5_rand,inner,1,SA,0.1,1,Single,No_Top,647,94063
result_trotter_10_Heisenberg2D_cylinder_0.5_0.5_rand,inner,1,SA,0.1,0,Proj,No_Kink,639,266098
result_trotter_10_Heisenberg2D_cylinder_0.5_0.5_rand,inner,1,SA,0.1,2,Double,No_Top,898,118545
result_trotter_10_Heisenberg2D_cylinder_0.5_0.5_rand,inner,1,SA,0.1,0,Proj,Yes_Kink,662,260488
result_trotter_10_Heisenberg2D_cylinder_0.5_0.5_rand,inner,1,SA,0.1,2,Proj,No_Top,855,54600
result_trotter_10_Heisenberg2D_cylinder_0.5_0.5_rand,inner,1,SA,0.1,2,Proj,No_MSF,246,4440
result_trotter_10_Heisenberg2D_cylinder_0.5_0.5_rand,inner,1,SA,0.01,2,Proj,No_Kink,1167,469868
result_trotter_10_Heisenberg2D_cylinder_0.5_0.5_rand,inner,1,SA,0.01,2,Proj,Yes_Kink,1247,472882
result_trotter_10_Heisenberg2D_cylinder_0.5_0.5_rand,inner,1,SA,0.1,1,Single,No_Kink,724,204827
result_trotter_10_Heisenberg2D_cylinder_0.5_0.5_rand,inner,1,SA,0.1,1,Double,No_Kink,705,233622
result_trotter_10_Heisenberg2D_cylinder_0.5_0.5_rand,inner,1,SA,0.1,2,Single,No_MSF,586,37250
result_trotter_10_Heisenberg2D_cylinder_0.5_0.5_rand,inner,1,SA,0.1,2,Single,No_Top,904,119152
result_trotter_10_Heisenberg2D_cylinder_0.5_0.5_rand,inner,1,SA,0.1,1,Double,Yes_Kink,769,248892
result_trotter_10_Heisenberg2D_cylinder_0.5_0.5_rand,inner,1,SA,1,0,Double,No_MSF,566,35432
result_trotter_10_Heisenberg2D_cylinder_0.5_0.5_rand,inner,1,SA,1,0,Double,No_Top,566,85592
result_trotter_10_Heisenberg2D_cylinder_0.5_0.5_rand,inner,1,SA,1,0,Proj,No_MSF,246,4440
result_trotter_10_Heisenberg2D_cylinder_0.5_0.5_rand,inner,1,SA,0.1,1,Proj,Yes_Kink,846,317756
result_trotter_10_Heisenberg2D_cylinder_0.5_0.5_rand,inner,1,SA,1,0,Proj,No_Top,285,54600
result_trotter_10_Heisenberg2D_cylinder_0.5_0.5_rand,inner,1,SA,1,0,Single,No_MSF,586,37250
result_trotter_10_Heisenberg2D_cylinder_0.5_0.5_rand,inner,1,SA,0.1,2,Double,Yes_Kink,916,275314
result_trotter_10_Heisenberg2D_cylinder_0.5_0.5_rand,inner,1,SA,0.1,1,Proj,No_Kink,812,326654
result_trotter_10_Heisenberg2D_cylinder_0.5_0.5_rand,inner,1,SA,1,0,Single,No_Top,586,87410
result_trotter_10_Heisenberg2D_cylinder_0.5_0.5_rand,inner,1,SA,1,0,Single,No_Kink,591,130051
result_trotter_10_Heisenberg2D_cylinder_0.5_0.5_rand,inner,1,SA,1,0,Double,No_Kink,569,154188
result_trotter_10_Heisenberg2D_cylinder_0.5_0.5_rand,inner,1,SA,0.1,2,Single,No_Kink,930,246304
result_trotter_10_Heisenberg2D_cylinder_0.5_0.5_rand,inner,1,SA,1,1,Double,No_MSF,566,35432
result_trotter_10_Heisenberg2D_cylinder_0.5_0.5_rand,inner,1,SA,1,0,Double,Yes_Kink,595,186941
result_trotter_10_Heisenberg2D_cylinder_0.5_0.5_rand,inner,1,SA,1,1,Proj,No_MSF,246,4440
result_trotter_10_Heisenberg2D_cylinder_0.5_0.5_rand,inner,1,SA,1,1,Double,No_Top,627,92354
result_trotter_10_Heisenberg2D_cylinder_0.5_0.5_rand,inner,1,SA,0.1,2,Double,No_Kink,896,266342
result_trotter_10_Heisenberg2D_cylinder_0.5_0.5_rand,inner,1,SA,1,1,Proj,No_Top,570,54600
result_trotter_10_Heisenberg2D_cylinder_0.5_0.5_rand,inner,1,SA,1,1,Single,No_MSF,586,37250
result_trotter_10_Heisenberg2D_cylinder_0.5_0.5_rand,inner,1,SA,1,2,Double,No_MSF,566,35432
result_trotter_10_Heisenberg2D_cylinder_0.5_0.5_rand,inner,1,SA,1,1,Single,No_Top,647,94063
result_trotter_10_Heisenberg2D_cylinder_0.5_0.5_rand,inner,1,SA,1,2,Double,No_Top,898,118545
result_trotter_10_Heisenberg2D_cylinder_0.5_0.5_rand,inner,1,SA,1,0,Proj,No_Kink,588,250514
result_trotter_10_Heisenberg2D_cylinder_0.5_0.5_rand,inner,1,SA,1,1,Double,No_Kink,633,203587
result_trotter_10_Heisenberg2D_cylinder_0.5_0.5_rand,inner,1,SA,1,0,Proj,Yes_Kink,609,244454
result_trotter_10_Heisenberg2D_cylinder_0.5_0.5_rand,inner,1,SA,1,2,Proj,No_MSF,246,4440
result_trotter_10_Heisenberg2D_cylinder_0.5_0.5_rand,inner,1,SA,1,1,Double,Yes_Kink,653,203568
result_trotter_10_Heisenberg2D_cylinder_0.5_0.5_rand,inner,1,SA,1,2,Proj,No_Top,855,54600
result_trotter_10_Heisenberg2D_cylinder_0.5_0.5_rand,inner,1,SA,1,1,Single,No_Kink,661,180380
result_trotter_10_Heisenberg2D_cylinder_0.5_0.5_rand,inner,1,SA,1,2,Single,No_MSF,586,37250
result_trotter_10_Heisenberg2D_cylinder_0.5_0.5_rand,inner,1,SA,0.1,2,Proj,No_Kink,1124,438795
result_trotter_10_Heisenberg2D_cylinder_0.5_0.5_rand,inner,1,SA,1,2,Single,No_Top,904,119152
result_trotter_10_Heisenberg2D_cylinder_0.5_0.5_rand,inner,1,naive,0,0,Double,No_MSF,566,35432
result_trotter_10_Heisenberg2D_cylinder_0.5_0.5_rand,inner,1,naive,0,0,Double,No_Top,566,85592
result_trotter_10_Heisenberg2D_cylinder_0.5_0.5_rand,inner,1,SA,1,2,Double,No_Kink,894,233146
result_trotter_10_Heisenberg2D_cylinder_0.5_0.5_rand,inner,1,naive,0,0,Proj,No_MSF,246,4440
result_trotter_10_Heisenberg2D_cylinder_0.5_0.5_rand,inner,1,SA,1,1,Proj,No_Kink,757,303027
result_trotter_10_Heisenberg2D_cylinder_0.5_0.5_rand,inner,1,SA,0.1,2,Proj,Yes_Kink,1146,415945
result_trotter_10_Heisenberg2D_cylinder_0.5_0.5_rand,inner,1,naive,0,0,Proj,No_Top,285,54600
result_trotter_10_Heisenberg2D_cylinder_0.5_0.5_rand,inner,1,naive,0,0,Single,No_MSF,586,37250
result_trotter_10_Heisenberg2D_cylinder_0.5_0.5_rand,inner,1,SA,1,1,Proj,Yes_Kink,780,293092
result_trotter_10_Heisenberg2D_cylinder_0.5_0.5_rand,inner,1,naive,0,0,Single,No_Top,586,87410
result_trotter_10_Heisenberg2D_cylinder_0.5_0.5_rand,inner,1,SA,1,2,Single,No_Kink,915,223507
result_trotter_10_Heisenberg2D_cylinder_0.5_0.5_rand,inner,1,naive,0,1,Double,No_MSF,566,35432
result_trotter_10_Heisenberg2D_cylinder_0.5_0.5_rand,inner,1,SA,1,2,Double,Yes_Kink,903,250280
result_trotter_10_Heisenberg2D_cylinder_0.5_0.5_rand,inner,1,naive,0,1,Double,No_Top,627,92354
result_trotter_10_Heisenberg2D_cylinder_0.5_0.5_rand,inner,1,naive,0,1,Proj,No_MSF,246,4440
result_trotter_10_Heisenberg2D_cylinder_0.5_0.5_rand,inner,1,naive,0,1,Proj,No_Top,570,54600
result_trotter_10_Heisenberg2D_cylinder_0.5_0.5_rand,inner,1,naive,0,0,Double,No_Kink,683,222593
result_trotter_10_Heisenberg2D_cylinder_0.5_0.5_rand,inner,1,naive,0,1,Single,No_MSF,586,37250
result_trotter_10_Heisenberg2D_cylinder_0.5_0.5_rand,inner,1,naive,0,0,Single,No_Kink,727,201867
result_trotter_10_Heisenberg2D_cylinder_0.5_0.5_rand,inner,1,naive,0,0,Double,Yes_Kink,745,243657
result_trotter_10_Heisenberg2D_cylinder_0.5_0.5_rand,inner,1,naive,0,2,Double,No_MSF,566,35432
result_trotter_10_Heisenberg2D_cylinder_0.5_0.5_rand,inner,1,naive,0,1,Single,No_Top,647,94063
result_trotter_10_Heisenberg2D_cylinder_0.5_0.5_rand,inner,1,SA,1,2,Proj,No_Kink,1098,419620
result_trotter_10_Heisenberg2D_cylinder_0.5_0.5_rand,inner,1,naive,0,2,Double,No_Top,898,118545
result_trotter_10_Heisenberg2D_cylinder_0.5_0.5_rand,inner,1,SA,1,2,Proj,Yes_Kink,1138,396388
result_trotter_10_Heisenberg2D_cylinder_0.5_0.5_rand,inner,1,naive,0,2,Proj,No_MSF,246,4440
result_trotter_10_Heisenberg2D_cylinder_0.5_0.5_rand,inner,1,naive,0,0,Proj,No_Kink,731,307296
result_trotter_10_Heisenberg2D_cylinder_0.5_0.5_rand,inner,1,naive,0,1,Double,No_Kink,760,259471
result_trotter_10_Heisenberg2D_cylinder_0.5_0.5_rand,inner,1,naive,0,0,Proj,Yes_Kink,745,301801
result_trotter_10_Heisenberg2D_cylinder_0.5_0.5_rand,inner,1,naive,0,2,Proj,No_Top,855,54600
result_trotter_10_Heisenberg2D_cylinder_0.5_0.5_rand,inner,1,naive,0,2,Single,No_MSF,586,37250
result_trotter_10_Heisenberg2D_cylinder_0.5_0.5_rand,inner,1,naive,0,1,Double,Yes_Kink,827,277830
result_trotter_10_Heisenberg2D_cylinder_0.5_0.5_rand,inner,1,naive,0,2,Single,No_Top,904,119152
result_trotter_10_Heisenberg2D_cylinder_0.5_0.5_rand,inner,1,naive,0,1,Single,No_Kink,840,239354
result_trotter_10_Heisenberg2D_cylinder_0.5_0.5_rand,inner,1,random,0,0,Double,No_MSF,566,35432
result_trotter_10_Heisenberg2D_cylinder_0.5_0.5_rand,inner,1,random,0,0,Double,No_Top,566,85592
result_trotter_10_Heisenberg2D_cylinder_0.5_0.5_rand,inner,1,random,0,0,Proj,No_MSF,246,4440
result_trotter_10_Heisenberg2D_cylinder_0.5_0.5_rand,inner,1,naive,0,1,Proj,No_Kink,786,321243
result_trotter_10_Heisenberg2D_cylinder_0.5_0.5_rand,inner,1,random,0,0,Proj,No_Top,285,54600
result_trotter_10_Heisenberg2D_cylinder_0.5_0.5_rand,inner,1,random,0,0,Single,No_MSF,586,37250
result_trotter_10_Heisenberg2D_cylinder_0.5_0.5_rand,inner,1,naive,0,2,Double,No_Kink,925,295126
result_trotter_10_Heisenberg2D_cylinder_0.5_0.5_rand,inner,1,naive,0,1,Proj,Yes_Kink,804,316277
result_trotter_10_Heisenberg2D_cylinder_0.5_0.5_rand,inner,1,naive,0,2,Double,Yes_Kink,952,297875
result_trotter_10_Heisenberg2D_cylinder_0.5_0.5_rand,inner,1,random,0,1,Double,No_MSF,566,35432
result_trotter_10_Heisenberg2D_cylinder_0.5_0.5_rand,inner,1,random,0,0,Single,No_Top,586,87410
result_trotter_10_Heisenberg2D_cylinder_0.5_0.5_rand,inner,1,random,0,0,Double,No_Kink,614,189131
result_trotter_10_Heisenberg2D_cylinder_0.5_0.5_rand,inner,1,random,0,1,Double,No_Top,627,92354
result_trotter_10_Heisenberg2D_cylinder_0.5_0.5_rand,inner,1,random,0,0,Single,No_Kink,657,164101
result_trotter_10_Heisenberg2D_cylinder_0.5_0.5_rand,inner,1,naive,0,2,Single,No_Kink,1015,275186
result_trotter_10_Heisenberg2D_cylinder_0.5_0.5_rand,inner,1,random,0,1,Proj,No_MSF,246,4440
result_trotter_10_Heisenberg2D_cylinder_0.5_0.5_rand,inner,1,random,0,0,Double,Yes_Kink,662,213294
result_trotter_10_Heisenberg2D_cylinder_0.5_0.5_rand,inner,1,random,0,1,Proj,No_Top,570,54600
result_trotter_10_Heisenberg2D_cylinder_0.5_0.5_rand,inner,1,random,0,1,Single,No_MSF,586,37250
result_trotter_10_Heisenberg2D_cylinder_0.5_0.5_rand,inner,1,naive,0,2,Proj,No_Kink,944,374193
result_trotter_10_Heisenberg2D_cylinder_0.5_0.5_rand,inner,1,random,0,1,Single,No_Top,647,94063
result_trotter_10_Heisenberg2D_cylinder_0.5_0.5_rand,inner,1,random,0,2,Double,No_MSF,566,35432
result_trotter_10_Heisenberg2D_cylinder_0.5_0.5_rand,inner,1,naive,0,2,Proj,Yes_Kink,964,368537
result_trotter_10_Heisenberg2D_cylinder_0.5_0.5_rand,inner,1,random,0,2,Double,No_Top,898,118545
result_trotter_10_Heisenberg2D_cylinder_0.5_0.5_rand,inner,1,random,0,0,Proj,No_Kink,706,296316
result_trotter_10_Heisenberg2D_cylinder_0.5_0.5_rand,inner,1,random,0,1,Double,No_Kink,692,229164
result_trotter_10_Heisenberg2D_cylinder_0.5_0.5_rand,inner,1,random,0,2,Proj,No_MSF,246,4440
result_trotter_10_Heisenberg2D_cylinder_0.5_0.5_rand,inner,1,random,0,0,Proj,Yes_Kink,722,290202
result_trotter_10_Heisenberg2D_cylinder_0.5_0.5_rand,inner,1,random,0,1,Double,Yes_Kink,736,235682
result_trotter_10_Heisenberg2D_cylinder_0.5_0.5_rand,inner,1,random,0,2,Proj,No_Top,855,54600
result_trotter_10_Heisenberg2D_cylinder_0.5_0.5_rand,inner,1,random,0,2,Single,No_MSF,586,37250
result_trotter_10_Heisenberg2D_cylinder_0.5_0.5_rand,inner,2,SA,0.001,0,Double,No_MSF,566,35432
result_trotter_10_Heisenberg2D_cylinder_0.5_0.5_rand,inner,1,random,0,1,Single,No_Kink,746,204172
result_trotter_10_Heisenberg2D_cylinder_0.5_0.5_rand,inner,1,random,0,2,Single,No_Top,904,119152
result_trotter_10_Heisenberg2D_cylinder_0.5_0.5_rand,inner,2,SA,0.001,0,Double,No_Top,566,85592
result_trotter_10_Heisenberg2D_cylinder_0.5_0.5_rand,inner,2,SA,0.001,0,Proj,No_MSF,246,4440
result_trotter_10_Heisenberg2D_cylinder_0.5_0.5_rand,inner,2,SA,0.001,0,Proj,No_Top,285,54600
result_trotter_10_Heisenberg2D_cylinder_0.5_0.5_rand,inner,1,random,0,2,Double,No_Kink,918,266337
result_trotter_10_Heisenberg2D_cylinder_0.5_0.5_rand,inner,2,SA,0.001,0,Single,No_MSF,586,37250
result_trotter_10_Heisenberg2D_cylinder_0.5_0.5_rand,inner,1,random,0,2,Double,Yes_Kink,943,270449
result_trotter_10_Heisenberg2D_cylinder_0.5_0.5_rand,inner,2,SA,0.001,0,Double,No_Kink,570,168973
result_trotter_10_Heisenberg2D_cylinder_0.5_0.5_rand,inner,1,random,0,2,Single,No_Kink,971,250031
result_trotter_10_Heisenberg2D_cylinder_0.5_0.5_rand,inner,1,random,0,1,Proj,No_Kink,894,352784
result_trotter_10_Heisenberg2D_cylinder_0.5_0.5_rand,inner,2,SA,0.001,0,Single,No_Top,586,87410
result_trotter_10_Heisenberg2D_cylinder_0.5_0.5_rand,inner,1,random,0,1,Proj,Yes_Kink,936,348104
result_trotter_10_Heisenberg2D_cylinder_0.5_0.5_rand,inner,2,SA,0.001,1,Double,No_MSF,566,35432
result_trotter_10_Heisenberg2D_cylinder_0.5_0.5_rand,inner,2,SA,0.001,0,Single,No_Kink,588,148814
result_trotter_10_Heisenberg2D_cylinder_0.5_0.5_rand,inner,2,SA,0.001,0,Double,Yes_Kink,578,190068
result_trotter_10_Heisenberg2D_cylinder_0.5_0.5_rand,inner,2,SA,0.001,1,Double,No_Top,627,92354
result_trotter_10_Heisenberg2D_cylinder_0.5_0.5_rand,inner,2,SA,0.001,1,Proj,No_MSF,246,4440
result_trotter_10_Heisenberg2D_cylinder_0.5_0.5_rand,inner,2,SA,0.001,0,Single,Yes_Kink,590,153533
result_trotter_10_Heisenberg2D_cylinder_0.5_0.5_rand,inner,2,SA,0.001,1,Proj,No_Top,570,54600
result_trotter_10_Heisenberg2D_cylinder_0.5_0.5_rand,inner,2,SA,0.001,1,Single,No_MSF,586,37250
result_trotter_10_Heisenberg2D_cylinder_0.5_0.5_rand,inner,2,SA,0.001,1,Single,No_Top,647,94063
result_trotter_10_Heisenberg2D_cylinder_0.5_0.5_rand,inner,2,SA,0.001,2,Double,No_MSF,566,35432
result_trotter_10_Heisenberg2D_cylinder_0.5_0.5_rand,inner,2,SA,0.001,2,Double,No_Top,898,118545
result_trotter_10_Heisenberg2D_cylinder_0.5_0.5_rand,inner,2,SA,0.001,1,Double,No_Kink,635,205451
result_trotter_10_Heisenberg2D_cylinder_0.5_0.5_rand,inner,2,SA,0.001,2,Proj,No_MSF,246,4440
result_trotter_10_Heisenberg2D_cylinder_0.5_0.5_rand,inner,2,SA,0.001,1,Single,No_Kink,651,194269
result_trotter_10_Heisenberg2D_cylinder_0.5_0.5_rand,inner,2,SA,0.001,1,Double,Yes_Kink,639,212088
result_trotter_10_Heisenberg2D_cylinder_0.5_0.5_rand,inner,2,SA,0.001,2,Proj,No_Top,855,54600
result_trotter_10_Heisenberg2D_cylinder_0.5_0.5_rand,inner,1,random,0,2,Proj,No_Kink,1354,511457
result_trotter_10_Heisenberg2D_cylinder_0.5_0.5_rand,inner,1,random,0,2,Proj,Yes_Kink,1401,499612
result_trotter_10_Heisenberg2D_cylinder_0.5_0.5_rand,inner,2,SA,0.001,1,Single,Yes_Kink,655,200056
result_trotter_10_Heisenberg2D_cylinder_0.5_0.5_rand,inner,2,SA,0.001,2,Single,No_MSF,586,37250
result_trotter_10_Heisenberg2D_cylinder_0.5_0.5_rand,inner,2,SA,0.001,2,Double,No_Kink,899,226933
result_trotter_10_Heisenberg2D_cylinder_0.5_0.5_rand,inner,2,SA,0.001,0,Proj,No_Kink,596,351283
result_trotter_10_Heisenberg2D_cylinder_0.5_0.5_rand,inner,2,SA,0.001,0,Proj,Yes_Kink,607,345236
result_trotter_10_Heisenberg2D_cylinder_0.5_0.5_rand,inner,2,SA,0.01,0,Double,No_MSF,566,35432
result_trotter_10_Heisenberg2D_cylinder_0.5_0.5_rand,inner,2,SA,0.001,2,Single,No_Top,904,119152
result_trotter_10_Heisenberg2D_cylinder_0.5_0.5_rand,inner,2,SA,0.001,2,Double,Yes_Kink,894,242376
result_trotter_10_Heisenberg2D_cylinder_0.5_0.5_rand,inner,2,SA,0.01,0,Double,No_Top,566,85592
result_trotter_10_Heisenberg2D_cylinder_0.5_0.5_rand,inner,2,SA,0.01,0,Proj,No_MSF,246,4440
result_trotter_10_Heisenberg2D_cylinder_0.5_0.5_rand,inner,2,SA,0.01,0,Proj,No_Top,285,54600
result_trotter_10_Heisenberg2D_cylinder_0.5_0.5_rand,inner,2,SA,0.01,0,Single,No_MSF,586,37250
result_trotter_10_Heisenberg2D_cylinder_0.5_0.5_rand,inner,2,SA,0.01,0,Double,No_Kink,586,166013
result_trotter_10_Heisenberg2D_cylinder_0.5_0.5_rand,inner,2,SA,0.001,2,Single,No_Kink,906,230404
result_trotter_10_Heisenberg2D_cylinder_0.5_0.5_rand,inner,2,SA,0.01,0,Single,No_Top,586,87410
result_trotter_10_Heisenberg2D_cylinder_0.5_0.5_rand,inner,2,SA,0.001,1,Proj,No_Kink,672,381714
result_trotter_10_Heisenberg2D_cylinder_0.5_0.5_rand,inner,2,SA,0.01,1,Double,No_MSF,566,35432
result_trotter_10_Heisenberg2D_cylinder_0.5_0.5_rand,inner,2,SA,0.001,2,Single,Yes_Kink,911,234206
result_trotter_10_Heisenberg2D_cylinder_0.5_0.5_rand,inner,2,SA,0.001,1,Proj,Yes_Kink,680,368852
result_trotter_10_Heisenberg2D_cylinder_0.5_0.5_rand,inner,2,SA,0.01,0,Double,Yes_Kink,581,183532
result_trotter_10_Heisenberg2D_cylinder_0.5_0.5_rand,inner,2,SA,0.01,0,Single,No_Kink,587,147446
result_trotter_10_Heisenberg2D_cylinder_0.5_0.5_rand,inner,2,SA,0.01,1,Double,No_Top,627,92354
result_trotter_10_Heisenberg2D_cylinder_0.5_0.5_rand,inner,2,SA,0.01,1,Proj,No_MSF,246,4440
result_trotter_10_Heisenberg2D_cylinder_0.5_0.5_rand,inner,2,SA,0.01,0,Single,Yes_Kink,590,153300
result_trotter_10_Heisenberg2D_cylinder_0.5_0.5_rand,inner,2,SA,0.01,1,Proj,No_Top,570,54600
result_trotter_10_Heisenberg2D_cylinder_0.5_0.5_rand,inner,2,SA,0.01,1,Single,No_MSF,586,37250
result_trotter_10_Heisenberg2D_cylinder_0.5_0.5_rand,inner,2,SA,0.01,1,Single,No_Top,647,94063
result_trotter_10_Heisenberg2D_cylinder_0.5_0.5_rand,inner,2,SA,0.01,2,Double,No_MSF,566,35432
result_trotter_10_Heisenberg2D_cylinder_0.5_0.5_rand,inner,2,SA,0.01,1,Double,No_Kink,633,201451
result_trotter_10_Heisenberg2D_cylinder_0.5_0.5_rand,inner,2,SA,0.01,2,Double,No_Top,898,118545
result_trotter_10_Heisenberg2D_cylinder_0.5_0.5_rand,inner,2,SA,0.01,2,Proj,No_MSF,246,4440
result_trotter_10_Heisenberg2D_cylinder_0.5_0.5_rand,inner,2,SA,0.01,2,Proj,No_Top,855,54600
result_trotter_10_Heisenberg2D_cylinder_0.5_0.5_rand,inner,2,SA,0.01,1,Single,No_Kink,652,190677
result_trotter_10_Heisenberg2D_cylinder_0.5_0.5_rand,inner,2,SA,0.01,1,Double,Yes_Kink,647,207054
result_trotter_10_Heisenberg2D_cylinder_0.5_0.5_rand,inner,2,SA,0.01,0,Proj,No_Kink,634,360222
result_trotter_10_Heisenberg2D_cylinder_0.5_0.5_rand,inner,2,SA,0.01,2,Single,No_MSF,586,37250
result_trotter_10_Heisenberg2D_cylinder_0.5_0.5_rand,inner,2,SA,0.01,2,Double,No_Kink,899,223631
result_trotter_10_Heisenberg2D_cylinder_0.5_0.5_rand,inner,2,SA,0.01,1,Single,Yes_Kink,657,197353
result_trotter_10_Heisenberg2D_cylinder_0.5_0.5_rand,inner,2,SA,0.001,2,Proj,Yes_Kink,980,508373
result_trotter_10_Heisenberg2D_cylinder_0.5_0.5_rand,inner,2,SA,0.01,0,Proj,Yes_Kink,644,349744
result_trotter_10_Heisenberg2D_cylinder_0.5_0.5_rand,inner,2,SA,0.001,2,Proj,No_Kink,978,532156
result_trotter_10_Heisenberg2D_cylinder_0.5_0.5_rand,inner,2,SA,0.01,2,Single,No_Top,904,119152
result_trotter_10_Heisenberg2D_cylinder_0.5_0.5_rand,inner,2,SA,0.1,0,Double,No_MSF,566,35432
result_trotter_10_Heisenberg2D_cylinder_0.5_0.5_rand,inner,2,SA,0.01,2,Double,Yes_Kink,894,243927
result_trotter_10_Heisenberg2D_cylinder_0.5_0.5_rand,inner,2,SA,0.1,0,Proj,No_MSF,246,4440
result_trotter_10_Heisenberg2D_cylinder_0.5_0.5_rand,inner,2,SA,0.1,0,Double,No_Top,566,85592
result_trotter_10_Heisenberg2D_cylinder_0.5_0.5_rand,inner,2,SA,0.1,0,Proj,No_Top,285,54600
result_trotter_10_Heisenberg2D_cylinder_0.5_0.5_rand,inner,2,SA,0.1,0,Single,No_MSF,586,37250
result_trotter_10_Heisenberg2D_cylinder_0.5_0.5_rand,inner,2,SA,0.1,0,Double,No_Kink,569,151773
result_trotter_10_Heisenberg2D_cylinder_0.5_0.5_rand,inner,2,SA,0.1,0,Single,No_Top,586,87410
result_trotter_10_Heisenberg2D_cylinder_0.5_0.5_rand,inner,2,SA,0.01,2,Single,No_Kink,907,227110
result_trotter_10_Heisenberg2D_cylinder_0.5_0.5_rand,inner,2,SA,0.1,1,Double,No_MSF,566,35432
result_trotter_10_Heisenberg2D_cylinder_0.5_0.5_rand,inner,2,SA,0.1,0,Single,No_Kink,588,129109
result_trotter_10_Heisenberg2D_cylinder_0.5_0.5_rand,inner,2,SA,0.01,1,Proj,No_Kink,690,383446
result_trotter_10_Heisenberg2D_cylinder_0.5_0.5_rand,inner,2,SA,0.1,0,Double,Yes_Kink,577,161761
result_trotter_10_Heisenberg2D_cylinder_0.5_0.5_rand,inner,2,SA,0.01,2,Single,Yes_Kink,911,230994
result_trotter_10_Heisenberg2D_cylinder_0.5_0.5_rand,inner,2,SA,0.01,1,Proj,Yes_Kink,712,377586
result_trotter_10_Heisenberg2D_cylinder_0.5_0.5_rand,inner,2,SA,0.1,1,Double,No_Top,627,92354
result_trotter_10_Heisenberg2D_cylinder_0.5_0.5_rand,inner,2,SA,0.1,1,Proj,No_MSF,246,4440
result_trotter_10_Heisenberg2D_cylinder_0.5_0.5_rand,inner,2,SA,0.1,0,Single,Yes_Kink,589,134524
result_trotter_10_Heisenberg2D_cylinder_0.5_0.5_rand,inner,2,SA,0.1,1,Single,No_MSF,586,37250
result_trotter_10_Heisenberg2D_cylinder_0.5_0.5_rand,inner,2,SA,0.1,1,Proj,No_Top,570,54600
result_trotter_10_Heisenberg2D_cylinder_0.5_0.5_rand,inner,2,SA,0.1,1,Single,No_Top,647,94063
result_trotter_10_Heisenberg2D_cylinder_0.5_0.5_rand,inner,2,SA,0.1,1,Double,No_Kink,628,176664
result_trotter_10_Heisenberg2D_cylinder_0.5_0.5_rand,inner,2,SA,0.1,2,Double,No_MSF,566,35432
result_trotter_10_Heisenberg2D_cylinder_0.5_0.5_rand,inner,2,SA,0.1,2,Double,No_Top,898,118545
result_trotter_10_Heisenberg2D_cylinder_0.5_0.5_rand,inner,2,SA,0.1,1,Double,Yes_Kink,639,183876
result_trotter_10_Heisenberg2D_cylinder_0.5_0.5_rand,inner,2,SA,0.1,2,Proj,No_MSF,246,4440
result_trotter_10_Heisenberg2D_cylinder_0.5_0.5_rand,inner,2,SA,0.1,1,Single,Yes_Kink,652,175534
result_trotter_10_Heisenberg2D_cylinder_0.5_0.5_rand,inner,2,SA,0.1,1,Single,No_Kink,646,170052
result_trotter_10_Heisenberg2D_cylinder_0.5_0.5_rand,inner,2,SA,0.1,2,Double,No_Kink,898,199811
result_trotter_10_Heisenberg2D_cylinder_0.5_0.5_rand,inner,2,SA,0.1,2,Proj,No_Top,855,54600
result_trotter_10_Heisenberg2D_cylinder_0.5_0.5_rand,inner,2,SA,0.01,2,Proj,No_Kink,906,497284
result_trotter_10_Heisenberg2D_cylinder_0.5_0.5_rand,inner,2,SA,0.1,0,Proj,No_Kink,579,328430
result_trotter_10_Heisenberg2D_cylinder_0.5_0.5_rand,inner,2,SA,0.1,0,Proj,Yes_Kink,599,325419
result_trotter_10_Heisenberg2D_cylinder_0.5_0.5_rand,inner,2,SA,0.01,2,Proj,Yes_Kink,912,479097
result_trotter_10_Heisenberg2D_cylinder_0.5_0.5_rand,inner,2,SA,0.1,2,Single,No_MSF,586,37250
result_trotter_10_Heisenberg2D_cylinder_0.5_0.5_rand,inner,2,SA,0.1,2,Single,No_Top,904,119152
result_trotter_10_Heisenberg2D_cylinder_0.5_0.5_rand,inner,2,SA,1,0,Double,No_MSF,566,35432
result_trotter_10_Heisenberg2D_cylinder_0.5_0.5_rand,inner,2,SA,0.1,2,Double,Yes_Kink,895,221793
result_trotter_10_Heisenberg2D_cylinder_0.5_0.5_rand,inner,2,SA,1,0,Double,No_Top,566,85592
result_trotter_10_Heisenberg2D_cylinder_0.5_0.5_rand,inner,2,SA,1,0,Proj,No_MSF,246,4440
result_trotter_10_Heisenberg2D_cylinder_0.5_0.5_rand,inner,2,SA,1,0,Proj,No_Top,285,54600
result_trotter_10_Heisenberg2D_cylinder_0.5_0.5_rand,inner,2,SA,1,0,Single,No_MSF,586,37250
result_trotter_10_Heisenberg2D_cylinder_0.5_0.5_rand,inner,2,SA,0.1,2,Single,No_Kink,906,207783
result_trotter_10_Heisenberg2D_cylinder_0.5_0.5_rand,inner,2,SA,1,0,Double,No_Kink,568,143261
result_trotter_10_Heisenberg2D_cylinder_0.5_0.5_rand,inner,2,SA,1,0,Single,No_Top,586,87410
result_trotter_10_Heisenberg2D_cylinder_0.5_0.5_rand,inner,2,SA,0.1,1,Proj,No_Kink,659,367512
result_trotter_10_Heisenberg2D_cylinder_0.5_0.5_rand,inner,2,SA,1,0,Double,Yes_Kink,575,150690
result_trotter_10_Heisenberg2D_cylinder_0.5_0.5_rand,inner,2,SA,1,0,Single,No_Kink,588,122685
result_trotter_10_Heisenberg2D_cylinder_0.5_0.5_rand,inner,2,SA,1,1,Double,No_MSF,566,35432
result_trotter_10_Heisenberg2D_cylinder_0.5_0.5_rand,inner,2,SA,0.1,2,Single,Yes_Kink,910,215163
result_trotter_10_Heisenberg2D_cylinder_0.5_0.5_rand,inner,2,SA,0.1,1,Proj,Yes_Kink,666,358197
result_trotter_10_Heisenberg2D_cylinder_0.5_0.5_rand,inner,2,SA,1,1,Proj,No_MSF,246,4440
result_trotter_10_Heisenberg2D_cylinder_0.5_0.5_rand,inner,2,SA,1,1,Double,No_Top,627,92354
result_trotter_10_Heisenberg2D_cylinder_0.5_0.5_rand,inner,2,SA,1,0,Single,Yes_Kink,588,127054
result_trotter_10_Heisenberg2D_cylinder_0.5_0.5_rand,inner,2,SA,1,1,Proj,No_Top,570,54600
result_trotter_10_Heisenberg2D_cylinder_0.5_0.5_rand,inner,2,SA,1,1,Single,No_MSF,586,37250
result_trotter_10_Heisenberg2D_cylinder_0.5_0.5_rand,inner,2,SA,1,1,Double,No_Kink,627,171372
result_trotter_10_Heisenberg2D_cylinder_0.5_0.5_rand,inner,2,SA,1,2,Double,No_MSF,566,35432
result_trotter_10_Heisenberg2D_cylinder_0.5_0.5_rand,inner,2,SA,1,1,Single,No_Top,647,94063
result_trotter_10_Heisenberg2D_cylinder_0.5_0.5_rand,inner,2,SA,1,2,Double,No_Top,898,118545
result_trotter_10_Heisenberg2D_cylinder_0.5_0.5_rand,inner,2,SA,1,1,Double,Yes_Kink,634,177476
result_trotter_10_Heisenberg2D_cylinder_0.5_0.5_rand,inner,2,SA,1,2,Proj,No_MSF,246,4440
result_trotter_10_Heisenberg2D_cylinder_0.5_0.5_rand,inner,2,SA,1,0,Proj,No_Kink,525,305911
result_trotter_10_Heisenberg2D_cylinder_0.5_0.5_rand,inner,2,SA,1,1,Single,No_Kink,647,162000
result_trotter_10_Heisenberg2D_cylinder_0.5_0.5_rand,inner,2,SA,1,2,Proj,No_Top,855,54600
result_trotter_10_Heisenberg2D_cylinder_0.5_0.5_rand,inner,2,SA,1,1,Single,Yes_Kink,647,167509
result_trotter_10_Heisenberg2D_cylinder_0.5_0.5_rand,inner,2,SA,1,2,Double,No_Kink,898,192374
result_trotter_10_Heisenberg2D_cylinder_0.5_0.5_rand,inner,2,SA,1,2,Single,No_MSF,586,37250
result_trotter_10_Heisenberg2D_cylinder_0.5_0.5_rand,inner,2,SA,0.1,2,Proj,No_Kink,927,508462
result_trotter_10_Heisenberg2D_cylinder_0.5_0.5_rand,inner,2,SA,1,0,Proj,Yes_Kink,544,303676
result_trotter_10_Heisenberg2D_cylinder_0.5_0.5_rand,inner,2,SA,1,2,Single,No_Top,904,119152
result_trotter_10_Heisenberg2D_cylinder_0.5_0.5_rand,inner,2,naive,0,0,Double,No_MSF,566,35432
result_trotter_10_Heisenberg2D_cylinder_0.5_0.5_rand,inner,2,SA,1,2,Double,Yes_Kink,895,211964
result_trotter_10_Heisenberg2D_cylinder_0.5_0.5_rand,inner,2,naive,0,0,Double,No_Top,566,85592
result_trotter_10_Heisenberg2D_cylinder_0.5_0.5_rand,inner,2,SA,0.1,2,Proj,Yes_Kink,930,485843
result_trotter_10_Heisenberg2D_cylinder_0.5_0.5_rand,inner,2,naive,0,0,Proj,No_MSF,246,4440
result_trotter_10_Heisenberg2D_cylinder_0.5_0.5_rand,inner,2,SA,1,2,Single,No_Kink,905,198865
result_trotter_10_Heisenberg2D_cylinder_0.5_0.5_rand,inner,2,naive,0,0,Proj,No_Top,285,54600
result_trotter_10_Heisenberg2D_cylinder_0.5_0.5_rand,inner,2,naive,0,0,Single,No_MSF,586,37250
result_trotter_10_Heisenberg2D_cylinder_0.5_0.5_rand,inner,2,naive,0,0,Single,No_Top,586,87410
result_trotter_10_Heisenberg2D_cylinder_0.5_0.5_rand,inner,2,SA,1,2,Single,Yes_Kink,908,207285
result_trotter_10_Heisenberg2D_cylinder_0.5_0.5_rand,inner,2,SA,1,1,Proj,Yes_Kink,640,343039
result_trotter_10_Heisenberg2D_cylinder_0.5_0.5_rand,inner,2,naive,0,1,Double,No_MSF,566,35432
result_trotter_10_Heisenberg2D_cylinder_0.5_0.5_rand,inner,2,SA,1,1,Proj,No_Kink,636,356141
result_trotter_10_Heisenberg2D_cylinder_0.5_0.5_rand,inner,2,naive,0,0,Double,No_Kink,588,197072
result_trotter_10_Heisenberg2D_cylinder_0.5_0.5_rand,inner,2,naive,0,1,Proj,No_MSF,246,4440
result_trotter_10_Heisenberg2D_cylinder_0.5_0.5_rand,inner,2,naive,0,0,Double,Yes_Kink,624,218031
result_trotter_10_Heisenberg2D_cylinder_0.5_0.5_rand,inner,2,naive,0,1,Double,No_Top,627,92354
result_trotter_10_Heisenberg2D_cylinder_0.5_0.5_rand,inner,2,naive,0,0,Single,No_Kink,605,180614
result_trotter_10_Heisenberg2D_cylinder_0.5_0.5_rand,inner,2,naive,0,1,Single,No_MSF,586,37250
result_trotter_10_Heisenberg2D_cylinder_0.5_0.5_rand,inner,2,naive,0,1,Proj,No_Top,570,54600
result_trotter_10_Heisenberg2D_cylinder_0.5_0.5_rand,inner,2,naive,0,1,Single,No_Top,647,94063
result_trotter_10_Heisenberg2D_cylinder_0.5_0.5_rand,inner,2,naive,0,0,Single,Yes_Kink,612,182745
result_trotter_10_Heisenberg2D_cylinder_0.5_0.5_rand,inner,2,naive,0,2,Double,No_MSF,566,35432
result_trotter_10_Heisenberg2D_cylinder_0.5_0.5_rand,inner,2,naive,0,2,Double,No_Top,898,118545
result_trotter_10_Heisenberg2D_cylinder_0.5_0.5_rand,inner,2,naive,0,1,Double,No_Kink,656,238377
result_trotter_10_Heisenberg2D_cylinder_0.5_0.5_rand,inner,2,naive,0,1,Double,Yes_Kink,686,240993
result_trotter_10_Heisenberg2D_cylinder_0.5_0.5_rand,inner,2,naive,0,2,Proj,No_MSF,246,4440
result_trotter_10_Heisenberg2D_cylinder_0.5_0.5_rand,inner,2,naive,0,2,Proj,No_Top,855,54600
result_trotter_10_Heisenberg2D_cylinder_0.5_0.5_rand,inner,2,naive,0,1,Single,No_Kink,701,218808
result_trotter_10_Heisenberg2D_cylinder_0.5_0.5_rand,inner,2,SA,1,2,Proj,No_Kink,919,500998
result_trotter_10_Heisenberg2D_cylinder_0.5_0.5_rand,inner,2,naive,0,2,Single,No_MSF,586,37250
result_trotter_10_Heisenberg2D_cylinder_0.5_0.5_rand,inner,2,naive,0,0,Proj,No_Kink,655,392239
result_trotter_10_Heisenberg2D_cylinder_0.5_0.5_rand,inner,2,naive,0,1,Single,Yes_Kink,713,220823
result_trotter_10_Heisenberg2D_cylinder_0.5_0.5_rand,inner,2,naive,0,0,Proj,Yes_Kink,667,387193
result_trotter_10_Heisenberg2D_cylinder_0.5_0.5_rand,inner,2,random,0,0,Double,No_MSF,566,35432
result_trotter_10_Heisenberg2D_cylinder_0.5_0.5_rand,inner,2,naive,0,2,Single,No_Top,904,119152
result_trotter_10_Heisenberg2D_cylinder_0.5_0.5_rand,inner,2,SA,1,2,Proj,Yes_Kink,922,476990
result_trotter_10_Heisenberg2D_cylinder_0.5_0.5_rand,inner,2,naive,0,2,Double,No_Kink,894,261750
result_trotter_10_Heisenberg2D_cylinder_0.5_0.5_rand,inner,2,random,0,0,Double,No_Top,566,85592
result_trotter_10_Heisenberg2D_cylinder_0.5_0.5_rand,inner,2,random,0,0,Proj,No_MSF,246,4440
result_trotter_10_Heisenberg2D_cylinder_0.5_0.5_rand,inner,2,random,0,0,Proj,No_Top,285,54600
result_trotter_10_Heisenberg2D_cylinder_0.5_0.5_rand,inner,2,naive,0,2,Double,Yes_Kink,906,269471
result_trotter_10_Heisenberg2D_cylinder_0.5_0.5_rand,inner,2,naive,0,2,Single,No_Kink,935,250037
result_trotter_10_Heisenberg2D_cylinder_0.5_0.5_rand,inner,2,random,0,0,Double,No_Kink,599,182506
result_trotter_10_Heisenberg2D_cylinder_0.5_0.5_rand,inner,2,random,0,0,Single,No_MSF,586,37250
result_trotter_10_Heisenberg2D_cylinder_0.5_0.5_rand,inner,2,random,0,0,Single,No_Top,586,87410
result_trotter_10_Heisenberg2D_cylinder_0.5_0.5_rand,inner,2,random,0,1,Double,No_MSF,566,35432
result_trotter_10_Heisenberg2D_cylinder_0.5_0.5_rand,inner,2,naive,0,2,Single,Yes_Kink,938,253383
result_trotter_10_Heisenberg2D_cylinder_0.5_0.5_rand,inner,2,naive,0,1,Proj,No_Kink,737,432463
result_trotter_10_Heisenberg2D_cylinder_0.5_0.5_rand,inner,2,naive,0,1,Proj,Yes_Kink,755,432787
result_trotter_10_Heisenberg2D_cylinder_0.5_0.5_rand,inner,2,random,0,1,Double,No_Top,627,92354
result_trotter_10_Heisenberg2D_cylinder_0.5_0.5_rand,inner,2,random,0,0,Double,Yes_Kink,587,194641
result_trotter_10_Heisenberg2D_cylinder_0.5_0.5_rand,inner,2,random,0,1,Proj,No_MSF,246,4440
result_trotter_10_Heisenberg2D_cylinder_0.5_0.5_rand,inner,2,random,0,0,Single,No_Kink,615,159226
result_trotter_10_Heisenberg2D_cylinder_0.5_0.5_rand,inner,2,random,0,1,Single,No_MSF,586,37250
result_trotter_10_Heisenberg2D_cylinder_0.5_0.5_rand,inner,2,random,0,0,Single,Yes_Kink,617,160841
result_trotter_10_Heisenberg2D_cylinder_0.5_0.5_rand,inner,2,random,0,1,Proj,No_Top,570,54600
result_trotter_10_Heisenberg2D_cylinder_0.5_0.5_rand,inner,2,random,0,1,Single,No_Top,647,94063
result_trotter_10_Heisenberg2D_cylinder_0.5_0.5_rand,inner,2,random,0,2,Double,No_MSF,566,35432
result_trotter_10_Heisenberg2D_cylinder_0.5_0.5_rand,inner,2,random,0,2,Double,No_Top,898,118545
result_trotter_10_Heisenberg2D_cylinder_0.5_0.5_rand,inner,2,random,0,1,Double,No_Kink,631,212056
result_trotter_10_Heisenberg2D_cylinder_0.5_0.5_rand,inner,2,random,0,0,Proj,No_Kink,572,341157
result_trotter_10_Heisenberg2D_cylinder_0.5_0.5_rand,inner,2,random,0,2,Proj,No_MSF,246,4440
result_trotter_10_Heisenberg2D_cylinder_0.5_0.5_rand,inner,2,random,0,1,Double,Yes_Kink,650,218022
result_trotter_10_Heisenberg2D_cylinder_0.5_0.5_rand,inner,2,random,0,1,Single,No_Kink,664,202977
result_trotter_10_Heisenberg2D_cylinder_0.5_0.5_rand,inner,2,random,0,0,Proj,Yes_Kink,590,334334
result_trotter_10_Heisenberg2D_cylinder_0.5_0.5_rand,inner,2,random,0,2,Proj,No_Top,855,54600
result_trotter_10_Heisenberg2D_cylinder_0.5_0.5_rand,inner,2,random,0,1,Single,Yes_Kink,678,203872
result_trotter_10_Heisenberg2D_cylinder_0.5_0.5_rand,inner,2,random,0,2,Single,No_Top,904,119152
result_trotter_10_Heisenberg2D_cylinder_0.5_0.5_rand,inner,2,naive,0,2,Proj,No_Kink,972,563128
result_trotter_10_Heisenberg2D_cylinder_0.5_0.5_rand,inner,2,random,0,2,Single,No_MSF,586,37250
result_trotter_10_Heisenberg2D_cylinder_0.5_0.5_rand,inner,2,random,0,2,Double,No_Kink,895,249466
result_trotter_10_Heisenberg2D_cylinder_0.5_0.5_rand,inner,2,naive,0,2,Proj,Yes_Kink,986,553162
result_trotter_10_Heisenberg2D_cylinder_0.5_0.5_rand,outer,1,SA,0.001,0,Proj,No_MSF,246,4440
result_trotter_10_Heisenberg2D_cylinder_0.5_0.5_rand,outer,1,SA,0.001,0,Double,No_MSF,566,35432
result_trotter_10_Heisenberg2D_cylinder_0.5_0.5_rand,outer,1,SA,0.001,0,Double,No_Top,566,85592
result_trotter_10_Heisenberg2D_cylinder_0.5_0.5_rand,inner,2,random,0,2,Double,Yes_Kink,900,258399
result_trotter_10_Heisenberg2D_cylinder_0.5_0.5_rand,outer,1,SA,0.001,0,Proj,No_Top,285,54600
result_trotter_10_Heisenberg2D_cylinder_0.5_0.5_rand,outer,1,SA,0.001,0,Single,No_MSF,586,37250
result_trotter_10_Heisenberg2D_cylinder_0.5_0.5_rand,inner,2,random,0,1,Proj,Yes_Kink,719,379658
result_trotter_10_Heisenberg2D_cylinder_0.5_0.5_rand,outer,1,SA,0.001,1,Double,No_MSF,566,35432
result_trotter_10_Heisenberg2D_cylinder_0.5_0.5_rand,inner,2,random,0,1,Proj,No_Kink,702,386054
result_trotter_10_Heisenberg2D_cylinder_0.5_0.5_rand,outer,1,SA,0.001,0,Single,No_Top,586,87410
result_trotter_10_Heisenberg2D_cylinder_0.5_0.5_rand,outer,1,SA,0.001,0,Double,No_Kink,598,194810
result_trotter_10_Heisenberg2D_cylinder_0.5_0.5_rand,inner,2,random,0,2,Single,Yes_Kink,923,241096
result_trotter_10_Heisenberg2D_cylinder_0.5_0.5_rand,outer,1,SA,0.001,1,Double,No_Top,627,92354
result_trotter_10_Heisenberg2D_cylinder_0.5_0.5_rand,inner,2,random,0,2,Single,No_Kink,923,239810
result_trotter_10_Heisenberg2D_cylinder_0.5_0.5_rand,outer,1,SA,0.001,0,Double,Yes_Kink,655,216133
result_trotter_10_Heisenberg2D_cylinder_0.5_0.5_rand,outer,1,SA,0.001,1,Proj,No_MSF,246,4440
result_trotter_10_Heisenberg2D_cylinder_0.5_0.5_rand,outer,1,SA,0.001,1,Single,No_MSF,586,37250
result_trotter_10_Heisenberg2D_cylinder_0.5_0.5_rand,outer,1,SA,0.001,1,Single,No_Top,647,94063
result_trotter_10_Heisenberg2D_cylinder_0.5_0.5_rand,outer,1,SA,0.001,0,Single,No_Kink,618,173081
result_trotter_10_Heisenberg2D_cylinder_0.5_0.5_rand,outer,1,SA,0.001,1,Proj,No_Top,570,54600
result_trotter_10_Heisenberg2D_cylinder_0.5_0.5_rand,outer,1,SA,0.001,2,Double,No_MSF,566,35432
result_trotter_10_Heisenberg2D_cylinder_0.5_0.5_rand,outer,1,SA,0.001,0,Proj,No_Kink,655,277387
result_trotter_10_Heisenberg2D_cylinder_0.5_0.5_rand,outer,1,SA,0.001,0,Proj,Yes_Kink,669,271867
result_trotter_10_Heisenberg2D_cylinder_0.5_0.5_rand,outer,1,SA,0.001,2,Double,No_Top,898,118545
result_trotter_10_Heisenberg2D_cylinder_0.5_0.5_rand,outer,1,SA,0.001,2,Proj,No_MSF,246,4440
result_trotter_10_Heisenberg2D_cylinder_0.5_0.5_rand,outer,1,SA,0.001,2,Proj,No_Top,855,54600
result_trotter_10_Heisenberg2D_cylinder_0.5_0.5_rand,outer,1,SA,0.001,1,Double,No_Kink,675,233140
result_trotter_10_Heisenberg2D_cylinder_0.5_0.5_rand,outer,1,SA,0.001,2,Single,No_MSF,586,37250
result_trotter_10_Heisenberg2D_cylinder_0.5_0.5_rand,outer,1,SA,0.001,2,Single,No_Top,904,119152
result_trotter_10_Heisenberg2D_cylinder_0.5_0.5_rand,outer,1,SA,0.001,1,Single,No_Kink,716,209533
result_trotter_10_Heisenberg2D_cylinder_0.5_0.5_rand,outer,1,SA,0.001,1,Double,Yes_Kink,739,249028
result_trotter_10_Heisenberg2D_cylinder_0.5_0.5_rand,outer,1,SA,0.01,0,Double,No_MSF,566,35432
result_trotter_10_Heisenberg2D_cylinder_0.5_0.5_rand,outer,1,SA,0.01,0,Double,No_Top,566,85592
result_trotter_10_Heisenberg2D_cylinder_0.5_0.5_rand,inner,2,random,0,2,Proj,No_Kink,1042,533339
result_trotter_10_Heisenberg2D_cylinder_0.5_0.5_rand,inner,2,random,0,2,Proj,Yes_Kink,1064,519089
result_trotter_10_Heisenberg2D_cylinder_0.5_0.5_rand,outer,1,SA,0.01,0,Proj,No_MSF,246,4440
result_trotter_10_Heisenberg2D_cylinder_0.5_0.5_rand,outer,1,SA,0.001,1,Proj,No_Kink,713,291756
result_trotter_10_Heisenberg2D_cylinder_0.5_0.5_rand,outer,1,SA,0.001,1,Proj,Yes_Kink,730,287016
result_trotter_10_Heisenberg2D_cylinder_0.5_0.5_rand,outer,1,SA,0.001,2,Double,No_Kink,895,267976
result_trotter_10_Heisenberg2D_cylinder_0.5_0.5_rand,outer,1,SA,0.01,0,Proj,No_Top,285,54600
result_trotter_10_Heisenberg2D_cylinder_0.5_0.5_rand,outer,1,SA,0.001,2,Double,Yes_Kink,913,276203
result_trotter_10_Heisenberg2D_cylinder_0.5_0.5_rand,outer,1,SA,0.01,0,Single,No_MSF,586,37250
result_trotter_10_Heisenberg2D_cylinder_0.5_0.5_rand,outer,1,SA,0.01,1,Double,No_MSF,566,35432
result_trotter_10_Heisenberg2D_cylinder_0.5_0.5_rand,outer,1,SA,0.01,0,Double,No_Kink,598,193896
result_trotter_10_Heisenberg2D_cylinder_0.5_0.5_rand,outer,1,SA,0.01,0,Single,No_Top,586,87410
result_trotter_10_Heisenberg2D_cylinder_0.5_0.5_rand,outer,1,SA,0.001,2,Single,No_Kink,926,245999
result_trotter_10_Heisenberg2D_cylinder_0.5_0.5_rand,outer,1,SA,0.01,1,Double,No_Top,627,92354
result_trotter_10_Heisenberg2D_cylinder_0.5_0.5_rand,outer,1,SA,0.01,1,Proj,No_MSF,246,4440
result_trotter_10_Heisenberg2D_cylinder_0.5_0.5_rand,outer,1,SA,0.01,0,Double,Yes_Kink,648,216014
result_trotter_10_Heisenberg2D_cylinder_0.5_0.5_rand,outer,1,SA,0.01,0,Single,No_Kink,610,171674
result_trotter_10_Heisenberg2D_cylinder_0.5_0.5_rand,outer,1,SA,0.01,1,Single,No_MSF,586,37250
result_trotter_10_Heisenberg2D_cylinder_0.5_0.5_rand,outer,1,SA,0.01,1,Proj,No_Top,570,54600
result_trotter_10_Heisenberg2D_cylinder_0.5_0.5_rand,outer,1,SA,0.001,2,Proj,No_Kink,930,373327
result_trotter_10_Heisenberg2D_cylinder_0.5_0.5_rand,outer,1,SA,0.01,1,Single,No_Top,647,94063
result_trotter_10_Heisenberg2D_cylinder_0.5_0.5_rand,outer,1,SA,0.001,2,Proj,Yes_Kink,938,360526
result_trotter_10_Heisenberg2D_cylinder_0.5_0.5_rand,outer,1,SA,0.01,2,Double,No_MSF,566,35432
result_trotter_10_Heisenberg2D_cylinder_0.5_0.5_rand,outer,1,SA,0.01,2,Double,No_Top,898,118545
result_trotter_10_Heisenberg2D_cylinder_0.5_0.5_rand,outer,1,SA,0.01,2,Proj,No_MSF,246,4440
result_trotter_10_Heisenberg2D_cylinder_0.5_0.5_rand,outer,1,SA,0.01,0,Proj,No_Kink,654,278899
result_trotter_10_Heisenberg2D_cylinder_0.5_0.5_rand,outer,1,SA,0.01,2,Proj,No_Top,855,54600
result_trotter_10_Heisenberg2D_cylinder_0.5_0.5_rand,outer,1,SA,0.01,0,Proj,Yes_Kink,669,273314
result_trotter_10_Heisenberg2D_cylinder_0.5_0.5_rand,outer,1,SA,0.01,1,Double,No_Kink,671,232432
result_trotter_10_Heisenberg2D_cylinder_0.5_0.5_rand,outer,1,SA,0.01,2,Single,No_MSF,586,37250
result_trotter_10_Heisenberg2D_cylinder_0.5_0.5_rand,outer,1,SA,0.01,1,Double,Yes_Kink,743,247947
result_trotter_10_Heisenberg2D_cylinder_0.5_0.5_rand,outer,1,SA,0.01,1,Single,No_Kink,712,207727
result_trotter_10_Heisenberg2D_cylinder_0.5_0.5_rand,outer,1,SA,0.01,2,Single,No_Top,904,119152
result_trotter_10_Heisenberg2D_cylinder_0.5_0.5_rand,outer,1,SA,0.1,0,Double,No_MSF,566,35432
result_trotter_10_Heisenberg2D_cylinder_0.5_0.5_rand,outer,1,SA,0.1,0,Double,No_Top,566,85592
result_trotter_10_Heisenberg2D_cylinder_0.5_0.5_rand,outer,1,SA,0.1,0,Proj,No_MSF,246,4440
result_trotter_10_Heisenberg2D_cylinder_0.5_0.5_rand,outer,1,SA,0.01,2,Double,No_Kink,896,264303
result_trotter_10_Heisenberg2D_cylinder_0.5_0.5_rand,outer,1,SA,0.01,1,Proj,No_Kink,708,292323
result_trotter_10_Heisenberg2D_cylinder_0.5_0.5_rand,outer,1,SA,0.1,0,Proj,No_Top,285,54600
result_trotter_10_Heisenberg2D_cylinder_0.5_0.5_rand,outer,1,SA,0.1,0,Single,No_MSF,586,37250
result_trotter_10_Heisenberg2D_cylinder_0.5_0.5_rand,outer,1,SA,0.01,1,Proj,Yes_Kink,726,289192
result_trotter_10_Heisenberg2D_cylinder_0.5_0.5_rand,outer,1,SA,0.1,0,Single,No_Top,586,87410
result_trotter_10_Heisenberg2D_cylinder_0.5_0.5_rand,outer,1,SA,0.01,2,Double,Yes_Kink,911,274412
result_trotter_10_Heisenberg2D_cylinder_0.5_0.5_rand,outer,1,SA,0.01,2,Single,No_Kink,923,244023
result_trotter_10_Heisenberg2D_cylinder_0.5_0.5_rand,outer,1,SA,0.1,1,Double,No_MSF,566,35432
result_trotter_10_Heisenberg2D_cylinder_0.5_0.5_rand,outer,1,SA,0.1,0,Double,No_Kink,599,193988
result_trotter_10_Heisenberg2D_cylinder_0.5_0.5_rand,outer,1,SA,0.1,1,Double,No_Top,627,92354
result_trotter_10_Heisenberg2D_cylinder_0.5_0.5_rand,outer,1,SA,0.1,1,Proj,No_MSF,246,4440
result_trotter_10_Heisenberg2D_cylinder_0.5_0.5_rand,outer,1,SA,0.1,0,Single,No_Kink,619,173363
result_trotter_10_Heisenberg2D_cylinder_0.5_0.5_rand,outer,1,SA,0.1,0,Double,Yes_Kink,655,217373
result_trotter_10_Heisenberg2D_cylinder_0.5_0.5_rand,outer,1,SA,0.1,1,Single,No_MSF,586,37250
result_trotter_10_Heisenberg2D_cylinder_0.5_0.5_rand,outer,1,SA,0.1,1,Proj,No_Top,570,54600
result_trotter_10_Heisenberg2D_cylinder_0.5_0.5_rand,outer,1,SA,0.1,1,Single,No_Top,647,94063
result_trotter_10_Heisenberg2D_cylinder_0.5_0.5_rand,outer,1,SA,0.1,2,Double,No_MSF,566,35432
result_trotter_10_Heisenberg2D_cylinder_0.5_0.5_rand,outer,1,SA,0.01,2,Proj,No_Kink,931,373860
result_trotter_10_Heisenberg2D_cylinder_0.5_0.5_rand,outer,1,SA,0.01,2,Proj,Yes_Kink,935,361202
result_trotter_10_Heisenberg2D_cylinder_0.5_0.5_rand,outer,1,SA,0.1,0,Proj,No_Kink,650,278867
result_trotter_10_Heisenberg2D_cylinder_0.5_0.5_rand,outer,1,SA,0.1,2,Proj,No_MSF,246,4440
result_trotter_10_Heisenberg2D_cylinder_0.5_0.5_rand,outer,1,SA,0.1,2,Double,No_Top,898,118545
result_trotter_10_Heisenberg2D_cylinder_0.5_0.5_rand,outer,1,SA,0.1,0,Proj,Yes_Kink,667,274090
result_trotter_10_Heisenberg2D_cylinder_0.5_0.5_rand,outer,1,SA,0.1,2,Proj,No_Top,855,54600
result_trotter_10_Heisenberg2D_cylinder_0.5_0.5_rand,outer,1,SA,0.1,1,Double,No_Kink,671,234216
result_trotter_10_Heisenberg2D_cylinder_0.5_0.5_rand,outer,1,SA,0.1,2,Single,No_MSF,586,37250
result_trotter_10_Heisenberg2D_cylinder_0.5_0.5_rand,outer,1,SA,0.1,1,Double,Yes_Kink,738,248416
result_trotter_10_Heisenberg2D_cylinder_0.5_0.5_rand,outer,1,SA,0.1,1,Single,No_Kink,714,208412
result_trotter_10_Heisenberg2D_cylinder_0.5_0.5_rand,outer,1,SA,1,0,Double,No_MSF,566,35432
result_trotter_10_Heisenberg2D_cylinder_0.5_0.5_rand,outer,1,SA,0.1,2,Single,No_Top,904,119152
result_trotter_10_Heisenberg2D_cylinder_0.5_0.5_rand,outer,1,SA,1,0,Proj,No_MSF,246,4440
result_trotter_10_Heisenberg2D_cylinder_0.5_0.5_rand,outer,1,SA,1,0,Double,No_Top,566,85592
result_trotter_10_Heisenberg2D_cylinder_0.5_0.5_rand,outer,1,SA,0.1,1,Proj,No_Kink,711,293430
result_trotter_10_Heisenberg2D_cylinder_0.5_0.5_rand,outer,1,SA,1,0,Proj,No_Top,285,54600
result_trotter_10_Heisenberg2D_cylinder_0.5_0.5_rand,outer,1,SA,0.1,2,Double,No_Kink,897,269471
result_trotter_10_Heisenberg2D_cylinder_0.5_0.5_rand,outer,1,SA,1,0,Single,No_MSF,586,37250
result_trotter_10_Heisenberg2D_cylinder_0.5_0.5_rand,outer,1,SA,0.1,1,Proj,Yes_Kink,726,288902
result_trotter_10_Heisenberg2D_cylinder_0.5_0.5_rand,outer,1,SA,1,0,Single,No_Top,586,87410
result_trotter_10_Heisenberg2D_cylinder_0.5_0.5_rand,outer,1,SA,1,1,Double,No_MSF,566,35432
result_trotter_10_Heisenberg2D_cylinder_0.5_0.5_rand,outer,1,SA,1,0,Double,No_Kink,596,188378
result_trotter_10_Heisenberg2D_cylinder_0.5_0.5_rand,outer,1,SA,0.1,2,Double,Yes_Kink,914,275353
result_trotter_10_Heisenberg2D_cylinder_0.5_0.5_rand,outer,1,SA,0.1,2,Single,No_Kink,928,245294
result_trotter_10_Heisenberg2D_cylinder_0.5_0.5_rand,outer,1,SA,1,1,Double,No_Top,627,92354
result_trotter_10_Heisenberg2D_cylinder_0.5_0.5_rand,outer,1,SA,1,1,Proj,No_MSF,246,4440
result_trotter_10_Heisenberg2D_cylinder_0.5_0.5_rand,outer,1,SA,1,0,Single,No_Kink,616,167331
result_trotter_10_Heisenberg2D_cylinder_0.5_0.5_rand,outer,1,SA,1,0,Double,Yes_Kink,649,214884
result_trotter_10_Heisenberg2D_cylinder_0.5_0.5_rand,outer,1,SA,1,1,Single,No_MSF,586,37250
result_trotter_10_Heisenberg2D_cylinder_0.5_0.5_rand,outer,1,SA,1,1,Proj,No_Top,570,54600
result_trotter_10_Heisenberg2D_cylinder_0.5_0.5_rand,outer,1,SA,1,1,Single,No_Top,647,94063
result_trotter_10_Heisenberg2D_cylinder_0.5_0.5_rand,outer,1,SA,1,2,Double,No_MSF,566,35432
result_trotter_10_Heisenberg2D_cylinder_0.5_0.5_rand,outer,1,SA,0.1,2,Proj,Yes_Kink,936,359042
result_trotter_10_Heisenberg2D_cylinder_0.5_0.5_rand,outer,1,SA,0.1,2,Proj,No_Kink,927,373547
result_trotter_10_Heisenberg2D_cylinder_0.5_0.5_rand,outer,1,SA,1,2,Double,No_Top,898,118545
result_trotter_10_Heisenberg2D_cylinder_0.5_0.5_rand,outer,1,SA,1,0,Proj,No_Kink,650,275920
result_trotter_10_Heisenberg2D_cylinder_0.5_0.5_rand,outer,1,SA,1,0,Proj,Yes_Kink,662,269872
result_trotter_10_Heisenberg2D_cylinder_0.5_0.5_rand,outer,1,SA,1,2,Proj,No_MSF,246,4440
result_trotter_10_Heisenberg2D_cylinder_0.5_0.5_rand,outer,1,SA,1,1,Double,No_Kink,670,231266
result_trotter_10_Heisenberg2D_cylinder_0.5_0.5_rand,outer,1,SA,1,2,Proj,No_Top,855,54600
result_trotter_10_Heisenberg2D_cylinder_0.5_0.5_rand,outer,1,SA,1,2,Single,No_MSF,586,37250
result_trotter_10_Heisenberg2D_cylinder_0.5_0.5_rand,outer,1,SA,1,2,Single,No_Top,904,119152
result_trotter_10_Heisenberg2D_cylinder_0.5_0.5_rand,outer,1,SA,1,1,Single,No_Kink,715,206683
result_trotter_10_Heisenberg2D_cylinder_0.5_0.5_rand,outer,1,SA,1,1,Double,Yes_Kink,730,243952
result_trotter_10_Heisenberg2D_cylinder_0.5_0.5_rand,outer,1,naive,0,0,Double,No_MSF,566,35432
result_trotter_10_Heisenberg2D_cylinder_0.5_0.5_rand,outer,1,naive,0,0,Double,No_Top,566,85592
result_trotter_10_Heisenberg2D_cylinder_0.5_0.5_rand,outer,1,naive,0,0,Proj,No_MSF,246,4440
result_trotter_10_Heisenberg2D_cylinder_0.5_0.5_rand,outer,1,naive,0,0,Proj,No_Top,285,54600
result_trotter_10_Heisenberg2D_cylinder_0.5_0.5_rand,outer,1,SA,1,2,Double,No_Kink,896,264004
result_trotter_10_Heisenberg2D_cylinder_0.5_0.5_rand,outer,1,SA,1,1,Proj,No_Kink,709,290069
result_trotter_10_Heisenberg2D_cylinder_0.5_0.5_rand,outer,1,naive,0,0,Single,No_MSF,586,37250
result_trotter_10_Heisenberg2D_cylinder_0.5_0.5_rand,outer,1,SA,1,2,Double,Yes_Kink,914,273233
result_trotter_10_Heisenberg2D_cylinder_0.5_0.5_rand,outer,1,SA,1,1,Proj,Yes_Kink,729,286904
result_trotter_10_Heisenberg2D_cylinder_0.5_0.5_rand,outer,1,naive,0,0,Single,No_Top,586,87410
result_trotter_10_Heisenberg2D_cylinder_0.5_0.5_rand,outer,1,SA,1,2,Single,No_Kink,928,243184
result_trotter_10_Heisenberg2D_cylinder_0.5_0.5_rand,outer,1,naive,0,1,Double,No_MSF,566,35432
result_trotter_10_Heisenberg2D_cylinder_0.5_0.5_rand,outer,1,naive,0,1,Double,No_Top,627,92354
result_trotter_10_Heisenberg2D_cylinder_0.5_0.5_rand,outer,1,naive,0,1,Proj,No_MSF,246,4440
result_trotter_10_Heisenberg2D_cylinder_0.5_0.5_rand,outer,1,naive,0,0,Double,No_Kink,683,222593
result_trotter_10_Heisenberg2D_cylinder_0.5_0.5_rand,outer,1,naive,0,0,Single,No_Kink,727,201867
result_trotter_10_Heisenberg2D_cylinder_0.5_0.5_rand,outer,1,naive,0,1,Proj,No_Top,570,54600
result_trotter_10_Heisenberg2D_cylinder_0.5_0.5_rand,outer,1,SA,1,2,Proj,No_Kink,932,372376
result_trotter_10_Heisenberg2D_cylinder_0.5_0.5_rand,outer,1,naive,0,1,Single,No_MSF,586,37250
result_trotter_10_Heisenberg2D_cylinder_0.5_0.5_rand,outer,1,naive,0,0,Double,Yes_Kink,745,243657
result_trotter_10_Heisenberg2D_cylinder_0.5_0.5_rand,outer,1,naive,0,1,Single,No_Top,647,94063
result_trotter_10_Heisenberg2D_cylinder_0.5_0.5_rand,outer,1,naive,0,2,Double,No_MSF,566,35432
result_trotter_10_Heisenberg2D_cylinder_0.5_0.5_rand,outer,1,naive,0,0,Proj,No_Kink,731,307296
result_trotter_10_Heisenberg2D_cylinder_0.5_0.5_rand,outer,1,SA,1,2,Proj,Yes_Kink,936,359872
result_trotter_10_Heisenberg2D_cylinder_0.5_0.5_rand,outer,1,naive,0,2,Double,No_Top,898,118545
result_trotter_10_Heisenberg2D_cylinder_0.5_0.5_rand,outer,1,naive,0,2,Proj,No_MSF,246,4440
result_trotter_10_Heisenberg2D_cylinder_0.5_0.5_rand,outer,1,naive,0,0,Proj,Yes_Kink,745,301801
result_trotter_10_Heisenberg2D_cylinder_0.5_0.5_rand,outer,1,naive,0,2,Proj,No_Top,855,54600
result_trotter_10_Heisenberg2D_cylinder_0.5_0.5_rand,outer,1,naive,0,2,Single,No_MSF,586,37250
result_trotter_10_Heisenberg2D_cylinder_0.5_0.5_rand,outer,1,naive,0,1,Double,No_Kink,760,259471
result_trotter_10_Heisenberg2D_cylinder_0.5_0.5_rand,outer,1,naive,0,2,Single,No_Top,904,119152
result_trotter_10_Heisenberg2D_cylinder_0.5_0.5_rand,outer,1,random,0,0,Double,No_MSF,566,35432
result_trotter_10_Heisenberg2D_cylinder_0.5_0.5_rand,outer,1,naive,0,1,Double,Yes_Kink,827,277830
result_trotter_10_Heisenberg2D_cylinder_0.5_0.5_rand,outer,1,naive,0,1,Single,No_Kink,840,239354
result_trotter_10_Heisenberg2D_cylinder_0.5_0.5_rand,outer,1,random,0,0,Double,No_Top,566,85592
result_trotter_10_Heisenberg2D_cylinder_0.5_0.5_rand,outer,1,naive,0,1,Proj,No_Kink,786,321243
result_trotter_10_Heisenberg2D_cylinder_0.5_0.5_rand,outer,1,random,0,0,Proj,No_MSF,246,4440
result_trotter_10_Heisenberg2D_cylinder_0.5_0.5_rand,outer,1,random,0,0,Single,No_MSF,586,37250
result_trotter_10_Heisenberg2D_cylinder_0.5_0.5_rand,outer,1,random,0,0,Proj,No_Top,285,54600
result_trotter_10_Heisenberg2D_cylinder_0.5_0.5_rand,outer,1,naive,0,1,Proj,Yes_Kink,804,316277
result_trotter_10_Heisenberg2D_cylinder_0.5_0.5_rand,outer,1,random,0,0,Single,No_Top,586,87410
result_trotter_10_Heisenberg2D_cylinder_0.5_0.5_rand,outer,1,naive,0,2,Double,No_Kink,925,295126
result_trotter_10_Heisenberg2D_cylinder_0.5_0.5_rand,outer,1,naive,0,2,Double,Yes_Kink,952,297875
result_trotter_10_Heisenberg2D_cylinder_0.5_0.5_rand,outer,1,naive,0,2,Single,No_Kink,1015,275186
result_trotter_10_Heisenberg2D_cylinder_0.5_0.5_rand,outer,1,random,0,1,Double,No_MSF,566,35432
result_trotter_10_Heisenberg2D_cylinder_0.5_0.5_rand,outer,1,random,0,1,Double,No_Top,627,92354
result_trotter_10_Heisenberg2D_cylinder_0.5_0.5_rand,outer,1,random,0,0,Double,No_Kink,711,229904
result_trotter_10_Heisenberg2D_cylinder_0.5_0.5_rand,outer,1,random,0,1,Proj,No_MSF,246,4440
result_trotter_10_Heisenberg2D_cylinder_0.5_0.5_rand,outer,1,random,0,1,Single,No_MSF,586,37250
result_trotter_10_Heisenberg2D_cylinder_0.5_0.5_rand,outer,1,random,0,1,Proj,No_Top,570,54600
result_trotter_10_Heisenberg2D_cylinder_0.5_0.5_rand,outer,1,naive,0,2,Proj,No_Kink,944,374193
result_trotter_10_Heisenberg2D_cylinder_0.5_0.5_rand,outer,1,random,0,0,Single,No_Kink,753,209328
result_trotter_10_Heisenberg2D_cylinder_0.5_0.5_rand,outer,1,random,0,0,Double,Yes_Kink,767,248921
result_trotter_10_Heisenberg2D_cylinder_0.5_0.5_rand,outer,1,random,0,2,Double,No_MSF,566,35432
result_trotter_10_Heisenberg2D_cylinder_0.5_0.5_rand,outer,1,random,0,1,Single,No_Top,647,94063
result_trotter_10_Heisenberg2D_cylinder_0.5_0.5_rand,outer,1,random,0,2,Double,No_Top,898,118545
result_trotter_10_Heisenberg2D_cylinder_0.5_0.5_rand,outer,1,naive,0,2,Proj,Yes_Kink,964,368537
result_trotter_10_Heisenberg2D_cylinder_0.5_0.5_rand,outer,1,random,0,2,Proj,No_MSF,246,4440
result_trotter_10_Heisenberg2D_cylinder_0.5_0.5_rand,outer,1,random,0,1,Double,No_Kink,777,264821
result_trotter_10_Heisenberg2D_cylinder_0.5_0.5_rand,outer,1,random,0,2,Proj,No_Top,855,54600
result_trotter_10_Heisenberg2D_cylinder_0.5_0.5_rand,outer,1,random,0,0,Proj,Yes_Kink,758,307309
result_trotter_10_Heisenberg2D_cylinder_0.5_0.5_rand,outer,1,random,0,0,Proj,No_Kink,748,313633
result_trotter_10_Heisenberg2D_cylinder_0.5_0.5_rand,outer,1,random,0,2,Single,No_MSF,586,37250
result_trotter_10_Heisenberg2D_cylinder_0.5_0.5_rand,outer,1,random,0,1,Single,No_Kink,854,244261
result_trotter_10_Heisenberg2D_cylinder_0.5_0.5_rand,outer,1,random,0,2,Single,No_Top,904,119152
result_trotter_10_Heisenberg2D_cylinder_0.5_0.5_rand,outer,2,SA,0.001,0,Double,No_MSF,566,35432
result_trotter_10_Heisenberg2D_cylinder_0.5_0.5_rand,outer,1,random,0,1,Double,Yes_Kink,833,282418
result_trotter_10_Heisenberg2D_cylinder_0.5_0.5_rand,outer,2,SA,0.001,0,Double,No_Top,566,85592
result_trotter_10_Heisenberg2D_cylinder_0.5_0.5_rand,outer,2,SA,0.001,0,Proj,No_MSF,246,4440
result_trotter_10_Heisenberg2D_cylinder_0.5_0.5_rand,outer,1,random,0,1,Proj,No_Kink,798,326597
result_trotter_10_Heisenberg2D_cylinder_0.5_0.5_rand,outer,2,SA,0.001,0,Proj,No_Top,285,54600
result_trotter_10_Heisenberg2D_cylinder_0.5_0.5_rand,outer,1,random,0,1,Proj,Yes_Kink,814,321972
result_trotter_10_Heisenberg2D_cylinder_0.5_0.5_rand,outer,1,random,0,2,Double,No_Kink,932,300786
result_trotter_10_Heisenberg2D_cylinder_0.5_0.5_rand,outer,2,SA,0.001,0,Single,No_MSF,586,37250
result_trotter_10_Heisenberg2D_cylinder_0.5_0.5_rand,outer,2,SA,0.001,0,Single,No_Top,586,87410
result_trotter_10_Heisenberg2D_cylinder_0.5_0.5_rand,outer,1,random,0,2,Single,No_Kink,1026,279376
result_trotter_10_Heisenberg2D_cylinder_0.5_0.5_rand,outer,2,SA,0.001,1,Double,No_MSF,566,35432
result_trotter_10_Heisenberg2D_cylinder_0.5_0.5_rand,outer,1,random,0,2,Double,Yes_Kink,965,304734
result_trotter_10_Heisenberg2D_cylinder_0.5_0.5_rand,outer,2,SA,0.001,1,Double,No_Top,627,92354
result_trotter_10_Heisenberg2D_cylinder_0.5_0.5_rand,outer,2,SA,0.001,0,Double,No_Kink,591,221198
result_trotter_10_Heisenberg2D_cylinder_0.5_0.5_rand,outer,2,SA,0.001,1,Proj,No_MSF,246,4440
result_trotter_10_Heisenberg2D_cylinder_0.5_0.5_rand,outer,2,SA,0.001,0,Single,No_Kink,613,200662
result_trotter_10_Heisenberg2D_cylinder_0.5_0.5_rand,outer,1,random,0,2,Proj,No_Kink,940,377395
result_trotter_10_Heisenberg2D_cylinder_0.5_0.5_rand,outer,2,SA,0.001,1,Proj,No_Top,570,54600
result_trotter_10_Heisenberg2D_cylinder_0.5_0.5_rand,outer,2,SA,0.001,1,Single,No_MSF,586,37250
result_trotter_10_Heisenberg2D_cylinder_0.5_0.5_rand,outer,2,SA,0.001,0,Double,Yes_Kink,618,236396
result_trotter_10_Heisenberg2D_cylinder_0.5_0.5_rand,outer,1,random,0,2,Proj,Yes_Kink,973,373684
result_trotter_10_Heisenberg2D_cylinder_0.5_0.5_rand,outer,2,SA,0.001,1,Single,No_Top,647,94063
result_trotter_10_Heisenberg2D_cylinder_0.5_0.5_rand,outer,2,SA,0.001,0,Single,Yes_Kink,610,201917
result_trotter_10_Heisenberg2D_cylinder_0.5_0.5_rand,outer,2,SA,0.001,2,Double,No_MSF,566,35432
result_trotter_10_Heisenberg2D_cylinder_0.5_0.5_rand,outer,2,SA,0.001,2,Proj,No_MSF,246,4440
result_trotter_10_Heisenberg2D_cylinder_0.5_0.5_rand,outer,2,SA,0.001,2,Double,No_Top,898,118545
result_trotter_10_Heisenberg2D_cylinder_0.5_0.5_rand,outer,2,SA,0.001,2,Proj,No_Top,855,54600
result_trotter_10_Heisenberg2D_cylinder_0.5_0.5_rand,outer,2,SA,0.001,1,Double,No_Kink,641,250156
result_trotter_10_Heisenberg2D_cylinder_0.5_0.5_rand,outer,2,SA,0.001,1,Double,Yes_Kink,658,253039
result_trotter_10_Heisenberg2D_cylinder_0.5_0.5_rand,outer,2,SA,0.001,2,Single,No_MSF,586,37250
result_trotter_10_Heisenberg2D_cylinder_0.5_0.5_rand,outer,2,SA,0.001,0,Proj,No_Kink,621,373048
result_trotter_10_Heisenberg2D_cylinder_0.5_0.5_rand,outer,2,SA,0.001,2,Single,No_Top,904,119152
result_trotter_10_Heisenberg2D_cylinder_0.5_0.5_rand,outer,2,SA,0.001,1,Single,No_Kink,690,232861
result_trotter_10_Heisenberg2D_cylinder_0.5_0.5_rand,outer,2,SA,0.001,0,Proj,Yes_Kink,635,367335
result_trotter_10_Heisenberg2D_cylinder_0.5_0.5_rand,outer,2,SA,0.01,0,Double,No_MSF,566,35432
result_trotter_10_Heisenberg2D_cylinder_0.5_0.5_rand,outer,2,SA,0.001,1,Single,Yes_Kink,699,235594
result_trotter_10_Heisenberg2D_cylinder_0.5_0.5_rand,outer,2,SA,0.01,0,Double,No_Top,566,85592
result_trotter_10_Heisenberg2D_cylinder_0.5_0.5_rand,outer,2,SA,0.001,2,Double,No_Kink,898,265562
result_trotter_10_Heisenberg2D_cylinder_0.5_0.5_rand,outer,2,SA,0.01,0,Proj,No_MSF,246,4440
result_trotter_10_Heisenberg2D_cylinder_0.5_0.5_rand,outer,2,SA,0.01,0,Proj,No_Top,285,54600
result_trotter_10_Heisenberg2D_cylinder_0.5_0.5_rand,outer,2,SA,0.001,2,Double,Yes_Kink,895,274929
result_trotter_10_Heisenberg2D_cylinder_0.5_0.5_rand,outer,2,SA,0.01,0,Single,No_MSF,586,37250
result_trotter_10_Heisenberg2D_cylinder_0.5_0.5_rand,outer,2,SA,0.001,1,Proj,No_Kink,654,383340
result_trotter_10_Heisenberg2D_cylinder_0.5_0.5_rand,outer,2,SA,0.01,0,Single,No_Top,586,87410
result_trotter_10_Heisenberg2D_cylinder_0.5_0.5_rand,outer,2,SA,0.001,2,Single,No_Kink,910,261042
result_trotter_10_Heisenberg2D_cylinder_0.5_0.5_rand,outer,2,SA,0.01,1,Double,No_MSF,566,35432
result_trotter_10_Heisenberg2D_cylinder_0.5_0.5_rand,outer,2,SA,0.001,2,Single,Yes_Kink,918,263566
result_trotter_10_Heisenberg2D_cylinder_0.5_0.5_rand,outer,2,SA,0.001,1,Proj,Yes_Kink,670,380935
result_trotter_10_Heisenberg2D_cylinder_0.5_0.5_rand,outer,2,SA,0.01,1,Double,No_Top,627,92354
result_trotter_10_Heisenberg2D_cylinder_0.5_0.5_rand,outer,2,SA,0.01,1,Proj,No_MSF,246,4440
result_trotter_10_Heisenberg2D_cylinder_0.5_0.5_rand,outer,2,SA,0.01,0,Double,No_Kink,611,229143
result_trotter_10_Heisenberg2D_cylinder_0.5_0.5_rand,outer,2,SA,0.01,1,Proj,No_Top,570,54600
result_trotter_10_Heisenberg2D_cylinder_0.5_0.5_rand,outer,2,SA,0.01,0,Single,No_Kink,636,207181
result_trotter_10_Heisenberg2D_cylinder_0.5_0.5_rand,outer,2,SA,0.01,0,Double,Yes_Kink,629,240912
result_trotter_10_Heisenberg2D_cylinder_0.5_0.5_rand,outer,2,SA,0.01,1,Single,No_MSF,586,37250
result_trotter_10_Heisenberg2D_cylinder_0.5_0.5_rand,outer,2,SA,0.01,1,Single,No_Top,647,94063
result_trotter_10_Heisenberg2D_cylinder_0.5_0.5_rand,outer,2,SA,0.01,0,Single,Yes_Kink,633,207503
result_trotter_10_Heisenberg2D_cylinder_0.5_0.5_rand,outer,2,SA,0.01,2,Double,No_MSF,566,35432
result_trotter_10_Heisenberg2D_cylinder_0.5_0.5_rand,outer,2,SA,0.01,2,Double,No_Top,898,118545
result_trotter_10_Heisenberg2D_cylinder_0.5_0.5_rand,outer,2,SA,0.01,1,Double,No_Kink,647,257826
result_trotter_10_Heisenberg2D_cylinder_0.5_0.5_rand,outer,2,SA,0.01,2,Proj,No_MSF,246,4440
result_trotter_10_Heisenberg2D_cylinder_0.5_0.5_rand,outer,2,SA,0.001,2,Proj,No_Kink,884,517333
result_trotter_10_Heisenberg2D_cylinder_0.5_0.5_rand,outer,2,SA,0.01,2,Proj,No_Top,855,54600
result_trotter_10_Heisenberg2D_cylinder_0.5_0.5_rand,outer,2,SA,0.01,0,Proj,Yes_Kink,618,365655
result_trotter_10_Heisenberg2D_cylinder_0.5_0.5_rand,outer,2,SA,0.001,2,Proj,Yes_Kink,886,504526
result_trotter_10_Heisenberg2D_cylinder_0.5_0.5_rand,outer,2,SA,0.01,0,Proj,No_Kink,607,372761
result_trotter_10_Heisenberg2D_cylinder_0.5_0.5_rand,outer,2,SA,0.01,1,Double,Yes_Kink,668,261798
result_trotter_10_Heisenberg2D_cylinder_0.5_0.5_rand,outer,2,SA,0.01,2,Single,No_MSF,586,37250
result_trotter_10_Heisenberg2D_cylinder_0.5_0.5_rand,outer,2,SA,0.01,1,Single,No_Kink,700,238207
result_trotter_10_Heisenberg2D_cylinder_0.5_0.5_rand,outer,2,SA,0.01,2,Single,No_Top,904,119152
result_trotter_10_Heisenberg2D_cylinder_0.5_0.5_rand,outer,2,SA,0.1,0,Double,No_MSF,566,35432
result_trotter_10_Heisenberg2D_cylinder_0.5_0.5_rand,outer,2,SA,0.1,0,Double,No_Top,566,85592
result_trotter_10_Heisenberg2D_cylinder_0.5_0.5_rand,outer,2,SA,0.01,1,Single,Yes_Kink,708,241791
result_trotter_10_Heisenberg2D_cylinder_0.5_0.5_rand,outer,2,SA,0.01,2,Double,No_Kink,897,270880
result_trotter_10_Heisenberg2D_cylinder_0.5_0.5_rand,outer,2,SA,0.1,0,Proj,No_MSF,246,4440
result_trotter_10_Heisenberg2D_cylinder_0.5_0.5_rand,outer,2,SA,0.01,2,Double,Yes_Kink,897,280780
result_trotter_10_Heisenberg2D_cylinder_0.5_0.5_rand,outer,2,SA,0.1,0,Proj,No_Top,285,54600
result_trotter_10_Heisenberg2D_cylinder_0.5_0.5_rand,outer,2,SA,0.01,1,Proj,No_Kink,650,387068
result_trotter_10_Heisenberg2D_cylinder_0.5_0.5_rand,outer,2,SA,0.1,0,Single,No_MSF,586,37250
result_trotter_10_Heisenberg2D_cylinder_0.5_0.5_rand,outer,2,SA,0.1,0,Single,No_Top,586,87410
result_trotter_10_Heisenberg2D_cylinder_0.5_0.5_rand,outer,2,SA,0.01,1,Proj,Yes_Kink,665,384023
result_trotter_10_Heisenberg2D_cylinder_0.5_0.5_rand,outer,2,SA,0.01,2,Single,No_Kink,911,265267
result_trotter_10_Heisenberg2D_cylinder_0.5_0.5_rand,outer,2,SA,0.1,1,Double,No_MSF,566,35432
result_trotter_10_Heisenberg2D_cylinder_0.5_0.5_rand,outer,2,SA,0.1,0,Double,No_Kink,585,195894
result_trotter_10_Heisenberg2D_cylinder_0.5_0.5_rand,outer,2,SA,0.1,1,Double,No_Top,627,92354
result_trotter_10_Heisenberg2D_cylinder_0.5_0.5_rand,outer,2,SA,0.1,0,Double,Yes_Kink,617,211803
result_trotter_10_Heisenberg2D_cylinder_0.5_0.5_rand,outer,2,SA,0.1,1,Proj,No_MSF,246,4440
result_trotter_10_Heisenberg2D_cylinder_0.5_0.5_rand,outer,2,SA,0.1,0,Single,No_Kink,610,179238
result_trotter_10_Heisenberg2D_cylinder_0.5_0.5_rand,outer,2,SA,0.01,2,Single,Yes_Kink,918,269533
result_trotter_10_Heisenberg2D_cylinder_0.5_0.5_rand,outer,2,SA,0.1,1,Proj,No_Top,570,54600
result_trotter_10_Heisenberg2D_cylinder_0.5_0.5_rand,outer,2,SA,0.1,0,Single,Yes_Kink,609,178423
result_trotter_10_Heisenberg2D_cylinder_0.5_0.5_rand,outer,2,SA,0.1,1,Single,No_MSF,586,37250
result_trotter_10_Heisenberg2D_cylinder_0.5_0.5_rand,outer,2,SA,0.1,1,Single,No_Top,647,94063
result_trotter_10_Heisenberg2D_cylinder_0.5_0.5_rand,outer,2,SA,0.1,2,Double,No_MSF,566,35432
result_trotter_10_Heisenberg2D_cylinder_0.5_0.5_rand,outer,2,SA,0.1,1,Double,No_Kink,654,230029
result_trotter_10_Heisenberg2D_cylinder_0.5_0.5_rand,outer,2,SA,0.1,2,Double,No_Top,898,118545
result_trotter_10_Heisenberg2D_cylinder_0.5_0.5_rand,outer,2,SA,0.1,2,Proj,No_MSF,246,4440
result_trotter_10_Heisenberg2D_cylinder_0.5_0.5_rand,outer,2,SA,0.1,1,Double,Yes_Kink,682,233441
result_trotter_10_Heisenberg2D_cylinder_0.5_0.5_rand,outer,2,SA,0.1,1,Single,No_Kink,688,207746
result_trotter_10_Heisenberg2D_cylinder_0.5_0.5_rand,outer,2,SA,0.1,2,Proj,No_Top,855,54600
result_trotter_10_Heisenberg2D_cylinder_0.5_0.5_rand,outer,2,SA,0.01,2,Proj,No_Kink,882,518466
result_trotter_10_Heisenberg2D_cylinder_0.5_0.5_rand,outer,2,SA,0.1,0,Proj,No_Kink,622,367595
result_trotter_10_Heisenberg2D_cylinder_0.5_0.5_rand,outer,2,SA,0.1,2,Single,No_MSF,586,37250
result_trotter_10_Heisenberg2D_cylinder_0.5_0.5_rand,outer,2,SA,0.1,0,Proj,Yes_Kink,631,362540
result_trotter_10_Heisenberg2D_cylinder_0.5_0.5_rand,outer,2,SA,0.01,2,Proj,Yes_Kink,885,507133
result_trotter_10_Heisenberg2D_cylinder_0.5_0.5_rand,outer,2,SA,0.1,1,Single,Yes_Kink,699,211903
result_trotter_10_Heisenberg2D_cylinder_0.5_0.5_rand,outer,2,SA,0.1,2,Single,No_Top,904,119152
result_trotter_10_Heisenberg2D_cylinder_0.5_0.5_rand,outer,2,SA,0.1,2,Double,No_Kink,896,245388
result_trotter_10_Heisenberg2D_cylinder_0.5_0.5_rand,outer,2,SA,1,0,Double,No_MSF,566,35432
result_trotter_10_Heisenberg2D_cylinder_0.5_0.5_rand,outer,2,SA,1,0,Double,No_Top,566,85592
result_trotter_10_Heisenberg2D_cylinder_0.5_0.5_rand,outer,2,SA,1,0,Proj,No_MSF,246,4440
result_trotter_10_Heisenberg2D_cylinder_0.5_0.5_rand,outer,2,SA,0.1,2,Double,Yes_Kink,897,255330
result_trotter_10_Heisenberg2D_cylinder_0.5_0.5_rand,outer,2,SA,1,0,Proj,No_Top,285,54600
result_trotter_10_Heisenberg2D_cylinder_0.5_0.5_rand,outer,2,SA,1,0,Single,No_MSF,586,37250
result_trotter_10_Heisenberg2D_cylinder_0.5_0.5_rand,outer,2,SA,0.1,2,Single,No_Kink,911,238339
result_trotter_10_Heisenberg2D_cylinder_0.5_0.5_rand,outer,2,SA,1,0,Single,No_Top,586,87410
result_trotter_10_Heisenberg2D_cylinder_0.5_0.5_rand,outer,2,SA,0.1,1,Proj,No_Kink,676,394853
result_trotter_10_Heisenberg2D_cylinder_0.5_0.5_rand,outer,2,SA,0.1,1,Proj,Yes_Kink,691,392536
result_trotter_10_Heisenberg2D_cylinder_0.5_0.5_rand,outer,2,SA,1,1,Double,No_MSF,566,35432
result_trotter_10_Heisenberg2D_cylinder_0.5_0.5_rand,outer,2,SA,1,0,Double,No_Kink,589,197207
result_trotter_10_Heisenberg2D_cylinder_0.5_0.5_rand,outer,2,SA,0.1,2,Single,Yes_Kink,920,242418
result_trotter_10_Heisenberg2D_cylinder_0.5_0.5_rand,outer,2,SA,1,1,Double,No_Top,627,92354
result_trotter_10_Heisenberg2D_cylinder_0.5_0.5_rand,outer,2,SA,1,0,Double,Yes_Kink,617,208432
result_trotter_10_Heisenberg2D_cylinder_0.5_0.5_rand,outer,2,SA,1,1,Proj,No_MSF,246,4440
result_trotter_10_Heisenberg2D_cylinder_0.5_0.5_rand,outer,2,SA,1,0,Single,No_Kink,603,177099
result_trotter_10_Heisenberg2D_cylinder_0.5_0.5_rand,outer,2,SA,1,1,Proj,No_Top,570,54600
result_trotter_10_Heisenberg2D_cylinder_0.5_0.5_rand,outer,2,SA,1,1,Single,No_MSF,586,37250
result_trotter_10_Heisenberg2D_cylinder_0.5_0.5_rand,outer,2,SA,1,0,Single,Yes_Kink,611,174651
result_trotter_10_Heisenberg2D_cylinder_0.5_0.5_rand,outer,2,SA,1,1,Single,No_Top,647,94063
result_trotter_10_Heisenberg2D_cylinder_0.5_0.5_rand,outer,2,SA,1,2,Double,No_MSF,566,35432
result_trotter_10_Heisenberg2D_cylinder_0.5_0.5_rand,outer,2,SA,1,1,Double,No_Kink,656,226242
result_trotter_10_Heisenberg2D_cylinder_0.5_0.5_rand,outer,2,SA,1,2,Double,No_Top,898,118545
result_trotter_10_Heisenberg2D_cylinder_0.5_0.5_rand,outer,2,SA,1,2,Proj,No_MSF,246,4440
result_trotter_10_Heisenberg2D_cylinder_0.5_0.5_rand,outer,2,SA,1,1,Double,Yes_Kink,688,233163
result_trotter_10_Heisenberg2D_cylinder_0.5_0.5_rand,outer,2,SA,1,2,Proj,No_Top,855,54600
result_trotter_10_Heisenberg2D_cylinder_0.5_0.5_rand,outer,2,SA,1,1,Single,No_Kink,687,205230
result_trotter_10_Heisenberg2D_cylinder_0.5_0.5_rand,outer,2,SA,0.1,2,Proj,No_Kink,889,514235
result_trotter_10_Heisenberg2D_cylinder_0.5_0.5_rand,outer,2,SA,1,2,Single,No_MSF,586,37250
result_trotter_10_Heisenberg2D_cylinder_0.5_0.5_rand,outer,2,SA,1,1,Single,Yes_Kink,694,208278
result_trotter_10_Heisenberg2D_cylinder_0.5_0.5_rand,outer,2,SA,1,0,Proj,No_Kink,615,368925
result_trotter_10_Heisenberg2D_cylinder_0.5_0.5_rand,outer,2,SA,0.1,2,Proj,Yes_Kink,893,503315
result_trotter_10_Heisenberg2D_cylinder_0.5_0.5_rand,outer,2,SA,1,2,Single,No_Top,904,119152
result_trotter_10_Heisenberg2D_cylinder_0.5_0.5_rand,outer,2,SA,1,0,Proj,Yes_Kink,624,361529
result_trotter_10_Heisenberg2D_cylinder_0.5_0.5_rand,outer,2,SA,1,2,Double,No_Kink,894,242490
result_trotter_10_Heisenberg2D_cylinder_0.5_0.5_rand,outer,2,naive,0,0,Double,No_MSF,566,35432
result_trotter_10_Heisenberg2D_cylinder_0.5_0.5_rand,outer,2,naive,0,0,Double,No_Top,566,85592
result_trotter_10_Heisenberg2D_cylinder_0.5_0.5_rand,outer,2,naive,0,0,Proj,No_MSF,246,4440
result_trotter_10_Heisenberg2D_cylinder_0.5_0.5_rand,outer,2,SA,1,2,Double,Yes_Kink,898,254061
result_trotter_10_Heisenberg2D_cylinder_0.5_0.5_rand,outer,2,naive,0,0,Single,No_MSF,586,37250
result_trotter_10_Heisenberg2D_cylinder_0.5_0.5_rand,outer,2,naive,0,0,Proj,No_Top,285,54600
result_trotter_10_Heisenberg2D_cylinder_0.5_0.5_rand,outer,2,SA,1,2,Single,No_Kink,913,235636
result_trotter_10_Heisenberg2D_cylinder_0.5_0.5_rand,outer,2,naive,0,0,Single,No_Top,586,87410
result_trotter_10_Heisenberg2D_cylinder_0.5_0.5_rand,outer,2,SA,1,1,Proj,Yes_Kink,688,396330
result_trotter_10_Heisenberg2D_cylinder_0.5_0.5_rand,outer,2,naive,0,1,Double,No_MSF,566,35432
result_trotter_10_Heisenberg2D_cylinder_0.5_0.5_rand,outer,2,naive,0,0,Double,No_Kink,588,197072
result_trotter_10_Heisenberg2D_cylinder_0.5_0.5_rand,outer,2,SA,1,1,Proj,No_Kink,673,398559
result_trotter_10_Heisenberg2D_cylinder_0.5_0.5_rand,outer,2,naive,0,1,Double,No_Top,627,92354
result_trotter_10_Heisenberg2D_cylinder_0.5_0.5_rand,outer,2,SA,1,2,Single,Yes_Kink,920,239241
result_trotter_10_Heisenberg2D_cylinder_0.5_0.5_rand,outer,2,naive,0,0,Single,No_Kink,605,180614
result_trotter_10_Heisenberg2D_cylinder_0.5_0.5_rand,outer,2,naive,0,0,Double,Yes_Kink,624,218031
result_trotter_10_Heisenberg2D_cylinder_0.5_0.5_rand,outer,2,naive,0,1,Proj,No_MSF,246,4440
result_trotter_10_Heisenberg2D_cylinder_0.5_0.5_rand,outer,2,naive,0,1,Proj,No_Top,570,54600
result_trotter_10_Heisenberg2D_cylinder_0.5_0.5_rand,outer,2,naive,0,0,Single,Yes_Kink,612,182745
result_trotter_10_Heisenberg2D_cylinder_0.5_0.5_rand,outer,2,naive,0,1,Single,No_MSF,586,37250
result_trotter_10_Heisenberg2D_cylinder_0.5_0.5_rand,outer,2,naive,0,1,Single,No_Top,647,94063
result_trotter_10_Heisenberg2D_cylinder_0.5_0.5_rand,outer,2,naive,0,2,Double,No_MSF,566,35432
result_trotter_10_Heisenberg2D_cylinder_0.5_0.5_rand,outer,2,naive,0,1,Double,No_Kink,656,238377
result_trotter_10_Heisenberg2D_cylinder_0.5_0.5_rand,outer,2,naive,0,2,Double,No_Top,898,118545
result_trotter_10_Heisenberg2D_cylinder_0.5_0.5_rand,outer,2,naive,0,2,Proj,No_Top,855,54600
result_trotter_10_Heisenberg2D_cylinder_0.5_0.5_rand,outer,2,naive,0,1,Single,No_Kink,701,218808
result_trotter_10_Heisenberg2D_cylinder_0.5_0.5_rand,outer,2,naive,0,2,Proj,No_MSF,246,4440
result_trotter_10_Heisenberg2D_cylinder_0.5_0.5_rand,outer,2,SA,1,2,Proj,No_Kink,886,515764
result_trotter_10_Heisenberg2D_cylinder_0.5_0.5_rand,outer,2,naive,0,0,Proj,No_Kink,655,392239
result_trotter_10_Heisenberg2D_cylinder_0.5_0.5_rand,outer,2,SA,1,2,Proj,Yes_Kink,893,505051
result_trotter_10_Heisenberg2D_cylinder_0.5_0.5_rand,outer,2,naive,0,2,Single,No_MSF,586,37250
result_trotter_10_Heisenberg2D_cylinder_0.5_0.5_rand,outer,2,naive,0,1,Double,Yes_Kink,686,240993
result_trotter_10_Heisenberg2D_cylinder_0.5_0.5_rand,outer,2,naive,0,2,Double,No_Kink,894,261750
result_trotter_10_Heisenberg2D_cylinder_0.5_0.5_rand,outer,2,naive,0,1,Single,Yes_Kink,713,220823
result_trotter_10_Heisenberg2D_cylinder_0.5_0.5_rand,outer,2,naive,0,2,Single,No_Top,904,119152
result_trotter_10_Heisenberg2D_cylinder_0.5_0.5_rand,outer,2,random,0,0,Double,No_MSF,566,35432
result_trotter_10_Heisenberg2D_cylinder_0.5_0.5_rand,outer,2,random,0,0,Proj,No_MSF,246,4440
result_trotter_10_Heisenberg2D_cylinder_0.5_0.5_rand,outer,2,naive,0,0,Proj,Yes_Kink,667,387193
result_trotter_10_Heisenberg2D_cylinder_0.5_0.5_rand,outer,2,random,0,0,Proj,No_Top,285,54600
result_trotter_10_Heisenberg2D_cylinder_0.5_0.5_rand,outer,2,random,0,0,Double,No_Top,566,85592
result_trotter_10_Heisenberg2D_cylinder_0.5_0.5_rand,outer,2,naive,0,2,Double,Yes_Kink,906,269471
result_trotter_10_Heisenberg2D_cylinder_0.5_0.5_rand,outer,2,naive,0,2,Single,No_Kink,935,250037
result_trotter_10_Heisenberg2D_cylinder_0.5_0.5_rand,outer,2,naive,0,1,Proj,No_Kink,737,432463
result_trotter_10_Heisenberg2D_cylinder_0.5_0.5_rand,outer,2,random,0,0,Single,No_Top,586,87410
result_trotter_10_Heisenberg2D_cylinder_0.5_0.5_rand,outer,2,random,0,0,Single,No_MSF,586,37250
result_trotter_10_Heisenberg2D_cylinder_0.5_0.5_rand,outer,2,naive,0,2,Single,Yes_Kink,938,253383
result_trotter_10_Heisenberg2D_cylinder_0.5_0.5_rand,outer,2,random,0,1,Double,No_MSF,566,35432
result_trotter_10_Heisenberg2D_cylinder_0.5_0.5_rand,outer,2,random,0,1,Double,No_Top,627,92354
result_trotter_10_Heisenberg2D_cylinder_0.5_0.5_rand,outer,2,naive,0,1,Proj,Yes_Kink,755,432787
result_trotter_10_Heisenberg2D_cylinder_0.5_0.5_rand,outer,2,random,0,0,Double,No_Kink,597,224125
result_trotter_10_Heisenberg2D_cylinder_0.5_0.5_rand,outer,2,random,0,1,Proj,No_MSF,246,4440
result_trotter_10_Heisenberg2D_cylinder_0.5_0.5_rand,outer,2,random,0,0,Double,Yes_Kink,620,245305
result_trotter_10_Heisenberg2D_cylinder_0.5_0.5_rand,outer,2,random,0,1,Single,No_MSF,586,37250
result_trotter_10_Heisenberg2D_cylinder_0.5_0.5_rand,outer,2,random,0,0,Single,No_Kink,618,202584
result_trotter_10_Heisenberg2D_cylinder_0.5_0.5_rand,outer,2,random,0,1,Proj,No_Top,570,54600
result_trotter_10_Heisenberg2D_cylinder_0.5_0.5_rand,outer,2,random,0,1,Single,No_Top,647,94063
result_trotter_10_Heisenberg2D_cylinder_0.5_0.5_rand,outer,2,random,0,0,Single,Yes_Kink,624,207460
result_trotter_10_Heisenberg2D_cylinder_0.5_0.5_rand,outer,2,random,0,2,Double,No_Top,898,118545
result_trotter_10_Heisenberg2D_cylinder_0.5_0.5_rand,outer,2,random,0,2,Double,No_MSF,566,35432
result_trotter_10_Heisenberg2D_cylinder_0.5_0.5_rand,outer,2,random,0,1,Double,No_Kink,652,264386
result_trotter_10_Heisenberg2D_cylinder_0.5_0.5_rand,outer,2,random,0,2,Proj,No_MSF,246,4440
result_trotter_10_Heisenberg2D_cylinder_0.5_0.5_rand,outer,2,random,0,1,Double,Yes_Kink,678,266180
result_trotter_10_Heisenberg2D_cylinder_0.5_0.5_rand,outer,2,random,0,2,Proj,No_Top,855,54600
result_trotter_10_Heisenberg2D_cylinder_0.5_0.5_rand,outer,2,random,0,0,Proj,Yes_Kink,646,375504
result_trotter_10_Heisenberg2D_cylinder_0.5_0.5_rand,outer,2,random,0,1,Single,No_Kink,712,244441
result_trotter_10_Heisenberg2D_cylinder_0.5_0.5_rand,outer,2,random,0,0,Proj,No_Kink,638,381648
result_trotter_10_Heisenberg2D_cylinder_0.5_0.5_rand,outer,2,naive,0,2,Proj,Yes_Kink,986,553162
result_trotter_10_Heisenberg2D_cylinder_0.5_0.5_rand,outer,2,random,0,2,Single,No_MSF,586,37250
result_trotter_10_Heisenberg2D_cylinder_0.5_0.5_rand,outer,2,random,0,1,Single,Yes_Kink,723,248835
result_trotter_10_Heisenberg2D_cylinder_0.5_0.5_rand,outer,2,naive,0,2,Proj,No_Kink,972,563128
result_trotter_10_Heisenberg2D_cylinder_0.5_0.5_rand,outer,2,random,0,2,Single,No_Top,904,119152
result_trotter_10_Heisenberg2D_cylinder_0.5_0.5_rand,outer,2,random,0,2,Double,No_Kink,894,288773
result_trotter_10_Heisenberg2D_cylinder_0.5_0.5_rand,outer,2,random,0,1,Proj,No_Kink,712,419814
result_trotter_10_Heisenberg2D_cylinder_0.5_0.5_rand,outer,2,random,0,2,Single,No_Kink,932,274227
result_trotter_10_Heisenberg2D_cylinder_0.5_0.5_rand,outer,2,random,0,2,Double,Yes_Kink,900,292942
result_trotter_10_Heisenberg2D_cylinder_0.5_0.5_rand,outer,2,random,0,1,Proj,Yes_Kink,728,417814
result_trotter_10_Heisenberg2D_cylinder_0.5_0.5_rand,outer,2,random,0,2,Single,Yes_Kink,937,277849
result_trotter_10_Heisenberg2D_cylinder_0.5_0.5_rand,outer,2,random,0,2,Proj,No_Kink,965,564020
result_trotter_10_Heisenberg2D_cylinder_0.5_0.5_rand,outer,2,random,0,2,Proj,Yes_Kink,968,551572
