circuit,factory,layer_count,allocator,msf_coeff,msf_prep_time,routing_algo,routing_option,total_code_beat,circuit_volume
result_SELECT_10_Heisenberg2D_cylinder_0.5_0.5_1,outer,2,naive,0.0,2,Single,No_MSF,4079,600816
result_SELECT_10_Heisenberg2D_cylinder_0.5_0.5_1,outer,2,naive,0.0,2,Single,No_Top,4080,596480
result_SELECT_10_Heisenberg2D_cylinder_0.5_0.5_1,outer,2,naive,0.0,2,Single,No_MP,4079,650057
result_SELECT_10_Heisenberg2D_cylinder_0.5_0.5_1,outer,2,naive,0.0,2,Single,No_Kink,4080,674589
result_SELECT_10_Heisenberg2D_cylinder_0.5_0.5_1,outer,2,naive,0.0,2,Single,Yes_Kink,4080,697389
result_SELECT_10_Heisenberg2D_cylinder_0.5_0.5_1,outer,2,naive,0.0,2,Double,No_MSF,3792,559488
result_SELECT_10_Heisenberg2D_cylinder_0.5_0.5_1,outer,2,naive,0.0,2,Double,No_Top,3793,555152
result_SELECT_10_Heisenberg2D_cylinder_0.5_0.5_1,outer,2,naive,0.0,2,Double,No_MP,3792,616951
result_SELECT_10_Heisenberg2D_cylinder_0.5_0.5_1,outer,2,naive,0.0,2,Double,No_Kink,3793,645476
result_SELECT_10_Heisenberg2D_cylinder_0.5_0.5_1,outer,2,naive,0.0,2,Double,Yes_Kink,3794,643665
result_SELECT_10_Heisenberg2D_cylinder_0.5_0.5_1,outer,2,naive,0.0,2,Proj.,No_MSF,3333,493392
result_SELECT_10_Heisenberg2D_cylinder_0.5_0.5_1,outer,2,naive,0.0,2,Proj.,No_Top,3333,488912
result_SELECT_10_Heisenberg2D_cylinder_0.5_0.5_1,outer,2,naive,0.0,2,Proj.,No_MP,3337,1622980
result_SELECT_10_Heisenberg2D_cylinder_0.5_0.5_1,outer,2,naive,0.0,2,Proj.,No_Kink,3345,1797182
result_SELECT_10_Heisenberg2D_cylinder_0.5_0.5_1,outer,2,naive,0.0,2,Proj.,Yes_Kink,3350,1783398
result_trotter_10_Heisenberg2D_cylinder_0.5_0.5_det,outer,2,naive,0.0,1,Single,No_MSF,756,126600
result_trotter_10_Heisenberg2D_cylinder_0.5_0.5_det,outer,2,naive,0.0,1,Single,No_Top,1173,142800
result_trotter_10_Heisenberg2D_cylinder_0.5_0.5_det,outer,2,naive,0.0,1,Single,No_MP,758,144750
result_trotter_10_Heisenberg2D_cylinder_0.5_0.5_det,outer,2,naive,0.0,1,Single,No_Kink,1228,372190
result_trotter_10_Heisenberg2D_cylinder_0.5_0.5_det,outer,2,naive,0.0,1,Single,Yes_Kink,1247,375890
result_trotter_10_Heisenberg2D_cylinder_0.5_0.5_det,outer,2,naive,0.0,1,Double,No_MSF,749,125900
result_trotter_10_Heisenberg2D_cylinder_0.5_0.5_det,outer,2,naive,0.0,1,Double,No_Top,1160,141500
result_trotter_10_Heisenberg2D_cylinder_0.5_0.5_det,outer,2,naive,0.0,1,Double,No_MP,749,145334
result_trotter_10_Heisenberg2D_cylinder_0.5_0.5_det,outer,2,naive,0.0,1,Double,No_Kink,1190,408427
result_trotter_10_Heisenberg2D_cylinder_0.5_0.5_det,outer,2,naive,0.0,1,Double,Yes_Kink,1208,409595
result_trotter_10_Heisenberg2D_cylinder_0.5_0.5_det,outer,2,naive,0.0,1,Proj.,No_MSF,390,90000
result_trotter_10_Heisenberg2D_cylinder_0.5_0.5_det,outer,2,naive,0.0,1,Proj.,No_Top,1160,141500
result_trotter_10_Heisenberg2D_cylinder_0.5_0.5_det,outer,2,naive,0.0,1,Proj.,No_MP,553,284713
result_trotter_10_Heisenberg2D_cylinder_0.5_0.5_det,outer,2,naive,0.0,1,Proj.,No_Kink,1408,825524
result_trotter_10_Heisenberg2D_cylinder_0.5_0.5_det,outer,2,naive,0.0,1,Proj.,Yes_Kink,1432,837507
result_SELECT_10_Heisenberg2D_cylinder_0.5_0.5_5,outer,1,SA,0.01,0,Single,No_MSF,327,246016
result_SELECT_10_Heisenberg2D_cylinder_0.5_0.5_5,outer,1,SA,0.01,0,Single,No_Top,327,240672
result_SELECT_10_Heisenberg2D_cylinder_0.5_0.5_5,outer,1,SA,0.01,0,Single,No_MP,330,325750
result_SELECT_10_Heisenberg2D_cylinder_0.5_0.5_5,outer,1,SA,0.01,0,Single,No_Kink,334,396716
result_SELECT_10_Heisenberg2D_cylinder_0.5_0.5_5,outer,1,SA,0.01,0,Double,No_MSF,290,218784
result_SELECT_10_Heisenberg2D_cylinder_0.5_0.5_5,outer,1,SA,0.01,0,Double,No_Top,290,213440
result_SELECT_10_Heisenberg2D_cylinder_0.5_0.5_5,outer,1,SA,0.01,0,Double,No_MP,292,304234
result_SELECT_10_Heisenberg2D_cylinder_0.5_0.5_5,outer,1,SA,0.01,0,Double,No_Kink,296,381022
result_SELECT_10_Heisenberg2D_cylinder_0.5_0.5_5,outer,1,SA,0.01,0,Double,Yes_Kink,310,390646
result_SELECT_10_Heisenberg2D_cylinder_0.5_0.5_5,outer,1,SA,0.01,0,Proj.,No_MSF,213,162112
result_SELECT_10_Heisenberg2D_cylinder_0.5_0.5_5,outer,1,SA,0.01,0,Proj.,No_Top,213,156768
result_SELECT_10_Heisenberg2D_cylinder_0.5_0.5_5,outer,1,SA,0.01,0,Proj.,No_MP,232,597176
result_SELECT_10_Heisenberg2D_cylinder_0.5_0.5_5,outer,1,SA,0.01,0,Proj.,No_Kink,245,664940
result_SELECT_10_Heisenberg2D_cylinder_0.5_0.5_5,outer,1,SA,0.01,0,Proj.,Yes_Kink,251,677105
result_SELECT_10_Heisenberg2D_cylinder_0.5_0.5_6,outer,1,SA,0.001,8,Single,No_MSF,211,331840
result_SELECT_10_Heisenberg2D_cylinder_0.5_0.5_6,outer,1,SA,0.001,8,Single,No_Top,383,551392
result_SELECT_10_Heisenberg2D_cylinder_0.5_0.5_6,outer,1,SA,0.001,8,Single,No_MP,221,494356
result_SELECT_10_Heisenberg2D_cylinder_0.5_0.5_6,outer,1,SA,0.001,8,Single,No_Kink,408,974536
result_SELECT_10_Heisenberg2D_cylinder_0.5_0.5_6,outer,1,SA,0.001,8,Double,No_MSF,177,287232
result_SELECT_10_Heisenberg2D_cylinder_0.5_0.5_6,outer,1,SA,0.001,8,Double,No_Top,374,539584
result_SELECT_10_Heisenberg2D_cylinder_0.5_0.5_6,outer,1,SA,0.001,8,Double,No_MP,184,454275
result_SELECT_10_Heisenberg2D_cylinder_0.5_0.5_6,outer,1,SA,0.001,8,Double,No_Kink,371,1014477
result_SELECT_10_Heisenberg2D_cylinder_0.5_0.5_6,outer,1,SA,0.001,8,Double,Yes_Kink,373,1013442
result_SELECT_10_Heisenberg2D_cylinder_0.5_0.5_6,outer,1,SA,0.001,8,Proj.,No_MSF,108,196704
result_SELECT_10_Heisenberg2D_cylinder_0.5_0.5_6,outer,1,SA,0.001,8,Proj.,No_Top,369,533024
result_SELECT_10_Heisenberg2D_cylinder_0.5_0.5_6,outer,1,SA,0.001,8,Proj.,No_MP,137,604864
result_SELECT_10_Heisenberg2D_cylinder_0.5_0.5_6,outer,1,SA,0.001,8,Proj.,No_Kink,378,1718092
result_SELECT_10_Heisenberg2D_cylinder_0.5_0.5_6,outer,1,SA,0.001,8,Proj.,Yes_Kink,387,1722741
result_SELECT_10_Heisenberg2D_cylinder_0.5_0.5_5,inner,1,naive,0.0,2,Single,No_MSF,327,256704
result_SELECT_10_Heisenberg2D_cylinder_0.5_0.5_5,inner,1,naive,0.0,2,Single,No_Top,327,251360
result_SELECT_10_Heisenberg2D_cylinder_0.5_0.5_5,inner,1,naive,0.0,2,Single,No_MP,544,704982
result_SELECT_10_Heisenberg2D_cylinder_0.5_0.5_5,inner,1,naive,0.0,2,Single,No_Kink,690,907948
result_SELECT_10_Heisenberg2D_cylinder_0.5_0.5_5,inner,1,naive,0.0,2,Double,No_MSF,290,229472
result_SELECT_10_Heisenberg2D_cylinder_0.5_0.5_5,inner,1,naive,0.0,2,Double,No_Top,291,224864
result_SELECT_10_Heisenberg2D_cylinder_0.5_0.5_5,inner,1,naive,0.0,2,Double,No_MP,408,617474
result_SELECT_10_Heisenberg2D_cylinder_0.5_0.5_5,inner,1,naive,0.0,2,Double,No_Kink,535,810319
result_SELECT_10_Heisenberg2D_cylinder_0.5_0.5_5,inner,1,naive,0.0,2,Double,Yes_Kink,538,814059
result_SELECT_10_Heisenberg2D_cylinder_0.5_0.5_5,inner,1,naive,0.0,2,Proj.,No_MSF,213,172800
result_SELECT_10_Heisenberg2D_cylinder_0.5_0.5_5,inner,1,naive,0.0,2,Proj.,No_Top,213,167456
result_SELECT_10_Heisenberg2D_cylinder_0.5_0.5_5,inner,1,naive,0.0,2,Proj.,No_MP,268,721597
result_SELECT_10_Heisenberg2D_cylinder_0.5_0.5_5,inner,1,naive,0.0,2,Proj.,No_Kink,374,1027503
result_SELECT_10_Heisenberg2D_cylinder_0.5_0.5_5,inner,1,naive,0.0,2,Proj.,Yes_Kink,400,1084453
result_SELECT_10_Heisenberg2D_cylinder_0.5_0.5_1,outer,1,random,0.0,0,Single,No_MSF,4079,591856
result_SELECT_10_Heisenberg2D_cylinder_0.5_0.5_1,outer,1,random,0.0,0,Single,No_Top,4079,587376
result_SELECT_10_Heisenberg2D_cylinder_0.5_0.5_1,outer,1,random,0.0,0,Single,No_MP,4079,693766
result_SELECT_10_Heisenberg2D_cylinder_0.5_0.5_1,outer,1,random,0.0,0,Single,No_Kink,4080,728116
result_SELECT_10_Heisenberg2D_cylinder_0.5_0.5_1,outer,1,random,0.0,0,Double,No_MSF,3792,550528
result_SELECT_10_Heisenberg2D_cylinder_0.5_0.5_1,outer,1,random,0.0,0,Double,No_Top,3792,546048
result_SELECT_10_Heisenberg2D_cylinder_0.5_0.5_1,outer,1,random,0.0,0,Double,No_MP,3793,656433
result_SELECT_10_Heisenberg2D_cylinder_0.5_0.5_1,outer,1,random,0.0,0,Double,No_Kink,3792,690188
result_SELECT_10_Heisenberg2D_cylinder_0.5_0.5_1,outer,1,random,0.0,0,Double,Yes_Kink,3794,690196
result_SELECT_10_Heisenberg2D_cylinder_0.5_0.5_1,outer,1,random,0.0,0,Proj.,No_MSF,3333,484432
result_SELECT_10_Heisenberg2D_cylinder_0.5_0.5_1,outer,1,random,0.0,0,Proj.,No_Top,3333,479952
result_SELECT_10_Heisenberg2D_cylinder_0.5_0.5_1,outer,1,random,0.0,0,Proj.,No_MP,3338,1540628
result_SELECT_10_Heisenberg2D_cylinder_0.5_0.5_1,outer,1,random,0.0,0,Proj.,No_Kink,3340,1764125
result_SELECT_10_Heisenberg2D_cylinder_0.5_0.5_1,outer,1,random,0.0,0,Proj.,Yes_Kink,3343,1737748
result_SELECT_10_Heisenberg2D_cylinder_0.5_0.5_6,outer,2,SA,0.001,10,Single,No_MSF,211,344064
result_SELECT_10_Heisenberg2D_cylinder_0.5_0.5_6,outer,2,SA,0.001,10,Single,No_Top,463,668576
result_SELECT_10_Heisenberg2D_cylinder_0.5_0.5_6,outer,2,SA,0.001,10,Single,No_MP,211,442586
result_SELECT_10_Heisenberg2D_cylinder_0.5_0.5_6,outer,2,SA,0.001,10,Single,No_Kink,455,948339
result_SELECT_10_Heisenberg2D_cylinder_0.5_0.5_6,outer,2,SA,0.001,10,Single,Yes_Kink,455,956753
result_SELECT_10_Heisenberg2D_cylinder_0.5_0.5_6,outer,2,SA,0.001,10,Double,No_MSF,177,299456
result_SELECT_10_Heisenberg2D_cylinder_0.5_0.5_6,outer,2,SA,0.001,10,Double,No_Top,454,656768
result_SELECT_10_Heisenberg2D_cylinder_0.5_0.5_6,outer,2,SA,0.001,10,Double,No_MP,179,409976
result_SELECT_10_Heisenberg2D_cylinder_0.5_0.5_6,outer,2,SA,0.001,10,Double,No_Kink,451,947279
result_SELECT_10_Heisenberg2D_cylinder_0.5_0.5_6,outer,2,SA,0.001,10,Double,Yes_Kink,451,948586
result_SELECT_10_Heisenberg2D_cylinder_0.5_0.5_6,outer,2,SA,0.001,10,Proj.,No_MSF,108,208928
result_SELECT_10_Heisenberg2D_cylinder_0.5_0.5_6,outer,2,SA,0.001,10,Proj.,No_Top,451,652832
result_SELECT_10_Heisenberg2D_cylinder_0.5_0.5_6,outer,2,SA,0.001,10,Proj.,No_MP,125,627685
result_SELECT_10_Heisenberg2D_cylinder_0.5_0.5_6,outer,2,SA,0.001,10,Proj.,No_Kink,462,2005324
result_SELECT_10_Heisenberg2D_cylinder_0.5_0.5_6,outer,2,SA,0.001,10,Proj.,Yes_Kink,451,1990312
result_SELECT_10_Heisenberg2D_cylinder_0.5_0.5_6,outer,2,SA,1.0,2,Single,No_MSF,211,295168
result_SELECT_10_Heisenberg2D_cylinder_0.5_0.5_6,outer,2,SA,1.0,2,Single,No_Top,211,289056
result_SELECT_10_Heisenberg2D_cylinder_0.5_0.5_6,outer,2,SA,1.0,2,Single,No_MP,211,402046
result_SELECT_10_Heisenberg2D_cylinder_0.5_0.5_6,outer,2,SA,1.0,2,Single,No_Kink,212,484417
result_SELECT_10_Heisenberg2D_cylinder_0.5_0.5_6,outer,2,SA,1.0,2,Single,Yes_Kink,216,506029
result_SELECT_10_Heisenberg2D_cylinder_0.5_0.5_6,outer,2,SA,1.0,2,Double,No_MSF,177,250560
result_SELECT_10_Heisenberg2D_cylinder_0.5_0.5_6,outer,2,SA,1.0,2,Double,No_Top,177,244448
result_SELECT_10_Heisenberg2D_cylinder_0.5_0.5_6,outer,2,SA,1.0,2,Double,No_MP,179,368875
result_SELECT_10_Heisenberg2D_cylinder_0.5_0.5_6,outer,2,SA,1.0,2,Double,No_Kink,186,480234
result_SELECT_10_Heisenberg2D_cylinder_0.5_0.5_6,outer,2,SA,1.0,2,Double,Yes_Kink,197,499711
result_SELECT_10_Heisenberg2D_cylinder_0.5_0.5_6,outer,2,SA,1.0,2,Proj.,No_MSF,108,160032
result_SELECT_10_Heisenberg2D_cylinder_0.5_0.5_6,outer,2,SA,1.0,2,Proj.,No_Top,123,173600
result_SELECT_10_Heisenberg2D_cylinder_0.5_0.5_6,outer,2,SA,1.0,2,Proj.,No_MP,129,544199
result_SELECT_10_Heisenberg2D_cylinder_0.5_0.5_6,outer,2,SA,1.0,2,Proj.,No_Kink,145,703724
result_SELECT_10_Heisenberg2D_cylinder_0.5_0.5_6,outer,2,SA,1.0,2,Proj.,Yes_Kink,159,750889
result_SELECT_10_Heisenberg2D_cylinder_0.5_0.5_6,outer,2,SA,0.01,6,Single,No_MSF,211,319616
result_SELECT_10_Heisenberg2D_cylinder_0.5_0.5_6,outer,2,SA,0.01,6,Single,No_Top,307,439456
result_SELECT_10_Heisenberg2D_cylinder_0.5_0.5_6,outer,2,SA,0.01,6,Single,No_MP,211,420672
result_SELECT_10_Heisenberg2D_cylinder_0.5_0.5_6,outer,2,SA,0.01,6,Single,No_Kink,306,702894
result_SELECT_10_Heisenberg2D_cylinder_0.5_0.5_6,outer,2,SA,0.01,6,Single,Yes_Kink,307,717325
result_SELECT_10_Heisenberg2D_cylinder_0.5_0.5_6,outer,2,SA,0.01,6,Double,No_MSF,177,275008
result_SELECT_10_Heisenberg2D_cylinder_0.5_0.5_6,outer,2,SA,0.01,6,Double,No_Top,295,423712
result_SELECT_10_Heisenberg2D_cylinder_0.5_0.5_6,outer,2,SA,0.01,6,Double,No_MP,179,387749
result_SELECT_10_Heisenberg2D_cylinder_0.5_0.5_6,outer,2,SA,0.01,6,Double,No_Kink,293,702326
result_SELECT_10_Heisenberg2D_cylinder_0.5_0.5_6,outer,2,SA,0.01,6,Double,Yes_Kink,296,707564
result_SELECT_10_Heisenberg2D_cylinder_0.5_0.5_6,outer,2,SA,0.01,6,Proj.,No_MSF,108,184480
result_SELECT_10_Heisenberg2D_cylinder_0.5_0.5_6,outer,2,SA,0.01,6,Proj.,No_Top,287,413216
result_SELECT_10_Heisenberg2D_cylinder_0.5_0.5_6,outer,2,SA,0.01,6,Proj.,No_MP,125,585637
result_SELECT_10_Heisenberg2D_cylinder_0.5_0.5_6,outer,2,SA,0.01,6,Proj.,No_Kink,287,1232781
result_SELECT_10_Heisenberg2D_cylinder_0.5_0.5_6,outer,2,SA,0.01,6,Proj.,Yes_Kink,287,1228596
result_SELECT_10_Heisenberg2D_cylinder_0.5_0.5_2,inner,1,naive,0.0,2,Single,No_MSF,2072,403168
result_SELECT_10_Heisenberg2D_cylinder_0.5_0.5_2,inner,1,naive,0.0,2,Single,No_Top,2072,398624
result_SELECT_10_Heisenberg2D_cylinder_0.5_0.5_2,inner,1,naive,0.0,2,Single,No_MP,2163,549552
result_SELECT_10_Heisenberg2D_cylinder_0.5_0.5_2,inner,1,naive,0.0,2,Single,No_Kink,2385,672750
result_SELECT_10_Heisenberg2D_cylinder_0.5_0.5_2,inner,1,naive,0.0,2,Double,No_MSF,1921,374780
result_SELECT_10_Heisenberg2D_cylinder_0.5_0.5_2,inner,1,naive,0.0,2,Double,No_Top,1921,370236
result_SELECT_10_Heisenberg2D_cylinder_0.5_0.5_2,inner,1,naive,0.0,2,Double,No_MP,1950,510937
result_SELECT_10_Heisenberg2D_cylinder_0.5_0.5_2,inner,1,naive,0.0,2,Double,No_Kink,2061,617454
result_SELECT_10_Heisenberg2D_cylinder_0.5_0.5_2,inner,1,naive,0.0,2,Double,Yes_Kink,2090,622729
result_SELECT_10_Heisenberg2D_cylinder_0.5_0.5_2,inner,1,naive,0.0,2,Proj.,No_MSF,1668,327216
result_SELECT_10_Heisenberg2D_cylinder_0.5_0.5_2,inner,1,naive,0.0,2,Proj.,No_Top,1668,322672
result_SELECT_10_Heisenberg2D_cylinder_0.5_0.5_2,inner,1,naive,0.0,2,Proj.,No_MP,1689,1105121
result_SELECT_10_Heisenberg2D_cylinder_0.5_0.5_2,inner,1,naive,0.0,2,Proj.,No_Kink,1693,1244361
result_SELECT_10_Heisenberg2D_cylinder_0.5_0.5_2,inner,1,naive,0.0,2,Proj.,Yes_Kink,1736,1258765
result_SELECT_10_Heisenberg2D_cylinder_0.5_0.5_2,inner,1,SA,0.001,0,Single,No_MSF,2072,394080
result_SELECT_10_Heisenberg2D_cylinder_0.5_0.5_2,inner,1,SA,0.001,0,Single,No_Top,2072,389536
result_SELECT_10_Heisenberg2D_cylinder_0.5_0.5_2,inner,1,SA,0.001,0,Single,No_MP,2072,433554
result_SELECT_10_Heisenberg2D_cylinder_0.5_0.5_2,inner,1,SA,0.001,0,Single,No_Kink,2073,469536
result_SELECT_10_Heisenberg2D_cylinder_0.5_0.5_2,inner,1,SA,0.001,0,Double,No_MSF,1921,365692
result_SELECT_10_Heisenberg2D_cylinder_0.5_0.5_2,inner,1,SA,0.001,0,Double,No_Top,1921,361148
result_SELECT_10_Heisenberg2D_cylinder_0.5_0.5_2,inner,1,SA,0.001,0,Double,No_MP,1922,413725
result_SELECT_10_Heisenberg2D_cylinder_0.5_0.5_2,inner,1,SA,0.001,0,Double,No_Kink,1923,455871
result_SELECT_10_Heisenberg2D_cylinder_0.5_0.5_2,inner,1,SA,0.001,0,Double,Yes_Kink,1926,454507
result_SELECT_10_Heisenberg2D_cylinder_0.5_0.5_2,inner,1,SA,0.001,0,Proj.,No_MSF,1668,318128
result_SELECT_10_Heisenberg2D_cylinder_0.5_0.5_2,inner,1,SA,0.001,0,Proj.,No_Top,1668,313584
result_SELECT_10_Heisenberg2D_cylinder_0.5_0.5_2,inner,1,SA,0.001,0,Proj.,No_MP,1676,1050861
result_SELECT_10_Heisenberg2D_cylinder_0.5_0.5_2,inner,1,SA,0.001,0,Proj.,No_Kink,1683,1230043
result_SELECT_10_Heisenberg2D_cylinder_0.5_0.5_2,inner,1,SA,0.001,0,Proj.,Yes_Kink,1716,1235584
result_SELECT_10_Heisenberg2D_cylinder_0.5_0.5_1,outer,2,SA,0.1,0,Single,No_MSF,4079,591856
result_SELECT_10_Heisenberg2D_cylinder_0.5_0.5_1,outer,2,SA,0.1,0,Single,No_Top,4079,587376
result_SELECT_10_Heisenberg2D_cylinder_0.5_0.5_1,outer,2,SA,0.1,0,Single,No_MP,4079,628340
result_SELECT_10_Heisenberg2D_cylinder_0.5_0.5_1,outer,2,SA,0.1,0,Single,No_Kink,4079,658325
result_SELECT_10_Heisenberg2D_cylinder_0.5_0.5_1,outer,2,SA,0.1,0,Single,Yes_Kink,4079,670076
result_SELECT_10_Heisenberg2D_cylinder_0.5_0.5_1,outer,2,SA,0.1,0,Double,No_MSF,3792,550528
result_SELECT_10_Heisenberg2D_cylinder_0.5_0.5_1,outer,2,SA,0.1,0,Double,No_Top,3792,546048
result_SELECT_10_Heisenberg2D_cylinder_0.5_0.5_1,outer,2,SA,0.1,0,Double,No_MP,3792,594985
result_SELECT_10_Heisenberg2D_cylinder_0.5_0.5_1,outer,2,SA,0.1,0,Double,No_Kink,3792,630229
result_SELECT_10_Heisenberg2D_cylinder_0.5_0.5_1,outer,2,SA,0.1,0,Double,Yes_Kink,3793,626283
result_SELECT_10_Heisenberg2D_cylinder_0.5_0.5_1,outer,2,SA,0.1,0,Proj.,No_MSF,3333,484432
result_SELECT_10_Heisenberg2D_cylinder_0.5_0.5_1,outer,2,SA,0.1,0,Proj.,No_Top,3333,479952
result_SELECT_10_Heisenberg2D_cylinder_0.5_0.5_1,outer,2,SA,0.1,0,Proj.,No_MP,3334,1437971
result_SELECT_10_Heisenberg2D_cylinder_0.5_0.5_1,outer,2,SA,0.1,0,Proj.,No_Kink,3336,1810940
result_SELECT_10_Heisenberg2D_cylinder_0.5_0.5_1,outer,2,SA,0.1,0,Proj.,Yes_Kink,3339,1748442
result_SELECT_10_Heisenberg2D_cylinder_0.5_0.5_4,inner,2,SA,1.0,2,Single,No_MSF,571,261360
result_SELECT_10_Heisenberg2D_cylinder_0.5_0.5_4,inner,2,SA,1.0,2,Single,No_Top,571,256464
result_SELECT_10_Heisenberg2D_cylinder_0.5_0.5_4,inner,2,SA,1.0,2,Single,No_MP,571,305598
result_SELECT_10_Heisenberg2D_cylinder_0.5_0.5_4,inner,2,SA,1.0,2,Single,No_Kink,571,319323
result_SELECT_10_Heisenberg2D_cylinder_0.5_0.5_4,inner,2,SA,1.0,2,Single,Yes_Kink,571,332049
result_SELECT_10_Heisenberg2D_cylinder_0.5_0.5_4,inner,2,SA,1.0,2,Double,No_MSF,522,240192
result_SELECT_10_Heisenberg2D_cylinder_0.5_0.5_4,inner,2,SA,1.0,2,Double,No_Top,522,235296
result_SELECT_10_Heisenberg2D_cylinder_0.5_0.5_4,inner,2,SA,1.0,2,Double,No_MP,522,293465
result_SELECT_10_Heisenberg2D_cylinder_0.5_0.5_4,inner,2,SA,1.0,2,Double,No_Kink,522,314354
result_SELECT_10_Heisenberg2D_cylinder_0.5_0.5_4,inner,2,SA,1.0,2,Double,Yes_Kink,540,319483
result_SELECT_10_Heisenberg2D_cylinder_0.5_0.5_4,inner,2,SA,1.0,2,Proj.,No_MSF,420,196128
result_SELECT_10_Heisenberg2D_cylinder_0.5_0.5_4,inner,2,SA,1.0,2,Proj.,No_Top,420,191232
result_SELECT_10_Heisenberg2D_cylinder_0.5_0.5_4,inner,2,SA,1.0,2,Proj.,No_MP,431,691171
result_SELECT_10_Heisenberg2D_cylinder_0.5_0.5_4,inner,2,SA,1.0,2,Proj.,No_Kink,441,773863
result_SELECT_10_Heisenberg2D_cylinder_0.5_0.5_4,inner,2,SA,1.0,2,Proj.,Yes_Kink,442,769754
result_SELECT_10_Heisenberg2D_cylinder_0.5_0.5_2,outer,2,SA,1.0,2,Single,No_MSF,2072,403168
result_SELECT_10_Heisenberg2D_cylinder_0.5_0.5_2,outer,2,SA,1.0,2,Single,No_Top,2072,398624
result_SELECT_10_Heisenberg2D_cylinder_0.5_0.5_2,outer,2,SA,1.0,2,Single,No_MP,2072,439258
result_SELECT_10_Heisenberg2D_cylinder_0.5_0.5_2,outer,2,SA,1.0,2,Single,No_Kink,2072,451855
result_SELECT_10_Heisenberg2D_cylinder_0.5_0.5_2,outer,2,SA,1.0,2,Single,Yes_Kink,2072,463714
result_SELECT_10_Heisenberg2D_cylinder_0.5_0.5_2,outer,2,SA,1.0,2,Double,No_MSF,1921,374780
result_SELECT_10_Heisenberg2D_cylinder_0.5_0.5_2,outer,2,SA,1.0,2,Double,No_Top,1921,370236
result_SELECT_10_Heisenberg2D_cylinder_0.5_0.5_2,outer,2,SA,1.0,2,Double,No_MP,1921,419366
result_SELECT_10_Heisenberg2D_cylinder_0.5_0.5_2,outer,2,SA,1.0,2,Double,No_Kink,1921,438488
result_SELECT_10_Heisenberg2D_cylinder_0.5_0.5_2,outer,2,SA,1.0,2,Double,Yes_Kink,1923,435544
result_SELECT_10_Heisenberg2D_cylinder_0.5_0.5_2,outer,2,SA,1.0,2,Proj.,No_MSF,1668,327216
result_SELECT_10_Heisenberg2D_cylinder_0.5_0.5_2,outer,2,SA,1.0,2,Proj.,No_Top,1668,322672
result_SELECT_10_Heisenberg2D_cylinder_0.5_0.5_2,outer,2,SA,1.0,2,Proj.,No_MP,1668,1042864
result_SELECT_10_Heisenberg2D_cylinder_0.5_0.5_2,outer,2,SA,1.0,2,Proj.,No_Kink,1677,1246942
result_SELECT_10_Heisenberg2D_cylinder_0.5_0.5_2,outer,2,SA,1.0,2,Proj.,Yes_Kink,1689,1246429
result_SELECT_10_Heisenberg2D_cylinder_0.5_0.5_5,inner,2,SA,1.0,2,Single,No_MSF,327,256704
result_SELECT_10_Heisenberg2D_cylinder_0.5_0.5_5,inner,2,SA,1.0,2,Single,No_Top,327,251360
result_SELECT_10_Heisenberg2D_cylinder_0.5_0.5_5,inner,2,SA,1.0,2,Single,No_MP,327,320338
result_SELECT_10_Heisenberg2D_cylinder_0.5_0.5_5,inner,2,SA,1.0,2,Single,No_Kink,327,350154
result_SELECT_10_Heisenberg2D_cylinder_0.5_0.5_5,inner,2,SA,1.0,2,Single,Yes_Kink,327,364560
result_SELECT_10_Heisenberg2D_cylinder_0.5_0.5_5,inner,2,SA,1.0,2,Double,No_MSF,290,229472
result_SELECT_10_Heisenberg2D_cylinder_0.5_0.5_5,inner,2,SA,1.0,2,Double,No_Top,291,224864
result_SELECT_10_Heisenberg2D_cylinder_0.5_0.5_5,inner,2,SA,1.0,2,Double,No_MP,290,301874
result_SELECT_10_Heisenberg2D_cylinder_0.5_0.5_5,inner,2,SA,1.0,2,Double,No_Kink,292,341536
result_SELECT_10_Heisenberg2D_cylinder_0.5_0.5_5,inner,2,SA,1.0,2,Double,Yes_Kink,302,347758
result_SELECT_10_Heisenberg2D_cylinder_0.5_0.5_5,inner,2,SA,1.0,2,Proj.,No_MSF,213,172800
result_SELECT_10_Heisenberg2D_cylinder_0.5_0.5_5,inner,2,SA,1.0,2,Proj.,No_Top,213,167456
result_SELECT_10_Heisenberg2D_cylinder_0.5_0.5_5,inner,2,SA,1.0,2,Proj.,No_MP,228,639756
result_SELECT_10_Heisenberg2D_cylinder_0.5_0.5_5,inner,2,SA,1.0,2,Proj.,No_Kink,240,699255
result_SELECT_10_Heisenberg2D_cylinder_0.5_0.5_5,inner,2,SA,1.0,2,Proj.,Yes_Kink,244,704815
result_SELECT_10_Heisenberg2D_cylinder_0.5_0.5_6,inner,1,naive,0.0,0,Single,No_MSF,211,282944
result_SELECT_10_Heisenberg2D_cylinder_0.5_0.5_6,inner,1,naive,0.0,0,Single,No_Top,211,276832
result_SELECT_10_Heisenberg2D_cylinder_0.5_0.5_6,inner,1,naive,0.0,0,Single,No_MP,748,1595842
result_SELECT_10_Heisenberg2D_cylinder_0.5_0.5_6,inner,1,naive,0.0,0,Single,No_Kink,859,1881750
result_SELECT_10_Heisenberg2D_cylinder_0.5_0.5_6,inner,1,naive,0.0,0,Double,No_MSF,177,238336
result_SELECT_10_Heisenberg2D_cylinder_0.5_0.5_6,inner,1,naive,0.0,0,Double,No_Top,177,232224
result_SELECT_10_Heisenberg2D_cylinder_0.5_0.5_6,inner,1,naive,0.0,0,Double,No_MP,537,1342987
result_SELECT_10_Heisenberg2D_cylinder_0.5_0.5_6,inner,1,naive,0.0,0,Double,No_Kink,631,1617493
result_SELECT_10_Heisenberg2D_cylinder_0.5_0.5_6,inner,1,naive,0.0,0,Double,Yes_Kink,639,1613424
result_SELECT_10_Heisenberg2D_cylinder_0.5_0.5_6,inner,1,naive,0.0,0,Proj.,No_MSF,108,147808
result_SELECT_10_Heisenberg2D_cylinder_0.5_0.5_6,inner,1,naive,0.0,0,Proj.,No_Top,108,141696
result_SELECT_10_Heisenberg2D_cylinder_0.5_0.5_6,inner,1,naive,0.0,0,Proj.,No_MP,283,1323858
result_SELECT_10_Heisenberg2D_cylinder_0.5_0.5_6,inner,1,naive,0.0,0,Proj.,No_Kink,365,1711042
result_SELECT_10_Heisenberg2D_cylinder_0.5_0.5_6,inner,1,naive,0.0,0,Proj.,Yes_Kink,376,1753801
result_SELECT_10_Heisenberg2D_cylinder_0.5_0.5_4,outer,2,random,0.0,0,Single,No_MSF,571,251568
result_SELECT_10_Heisenberg2D_cylinder_0.5_0.5_4,outer,2,random,0.0,0,Single,No_Top,571,246672
result_SELECT_10_Heisenberg2D_cylinder_0.5_0.5_4,outer,2,random,0.0,0,Single,No_MP,575,451852
result_SELECT_10_Heisenberg2D_cylinder_0.5_0.5_4,outer,2,random,0.0,0,Single,No_Kink,580,497641
result_SELECT_10_Heisenberg2D_cylinder_0.5_0.5_4,outer,2,random,0.0,0,Single,Yes_Kink,580,505926
result_SELECT_10_Heisenberg2D_cylinder_0.5_0.5_4,outer,2,random,0.0,0,Double,No_MSF,522,230400
result_SELECT_10_Heisenberg2D_cylinder_0.5_0.5_4,outer,2,random,0.0,0,Double,No_Top,522,225504
result_SELECT_10_Heisenberg2D_cylinder_0.5_0.5_4,outer,2,random,0.0,0,Double,No_MP,526,430687
result_SELECT_10_Heisenberg2D_cylinder_0.5_0.5_4,outer,2,random,0.0,0,Double,No_Kink,527,479273
result_SELECT_10_Heisenberg2D_cylinder_0.5_0.5_4,outer,2,random,0.0,0,Double,Yes_Kink,545,482874
result_SELECT_10_Heisenberg2D_cylinder_0.5_0.5_4,outer,2,random,0.0,0,Proj.,No_MSF,420,186336
result_SELECT_10_Heisenberg2D_cylinder_0.5_0.5_4,outer,2,random,0.0,0,Proj.,No_Top,420,181440
result_SELECT_10_Heisenberg2D_cylinder_0.5_0.5_4,outer,2,random,0.0,0,Proj.,No_MP,443,762805
result_SELECT_10_Heisenberg2D_cylinder_0.5_0.5_4,outer,2,random,0.0,0,Proj.,No_Kink,444,800260
result_SELECT_10_Heisenberg2D_cylinder_0.5_0.5_4,outer,2,random,0.0,0,Proj.,Yes_Kink,451,800203
result_SELECT_10_Heisenberg2D_cylinder_0.5_0.5_1,inner,2,random,0.0,2,Single,No_MSF,4079,600816
result_SELECT_10_Heisenberg2D_cylinder_0.5_0.5_1,inner,2,random,0.0,2,Single,No_Top,4080,596480
result_SELECT_10_Heisenberg2D_cylinder_0.5_0.5_1,inner,2,random,0.0,2,Single,No_MP,4080,693643
result_SELECT_10_Heisenberg2D_cylinder_0.5_0.5_1,inner,2,random,0.0,2,Single,No_Kink,4081,699878
result_SELECT_10_Heisenberg2D_cylinder_0.5_0.5_1,inner,2,random,0.0,2,Single,Yes_Kink,4080,710905
result_SELECT_10_Heisenberg2D_cylinder_0.5_0.5_1,inner,2,random,0.0,2,Double,No_MSF,3792,559488
result_SELECT_10_Heisenberg2D_cylinder_0.5_0.5_1,inner,2,random,0.0,2,Double,No_Top,3793,555152
result_SELECT_10_Heisenberg2D_cylinder_0.5_0.5_1,inner,2,random,0.0,2,Double,No_MP,3792,659399
result_SELECT_10_Heisenberg2D_cylinder_0.5_0.5_1,inner,2,random,0.0,2,Double,No_Kink,3793,670610
result_SELECT_10_Heisenberg2D_cylinder_0.5_0.5_1,inner,2,random,0.0,2,Double,Yes_Kink,3821,676544
result_SELECT_10_Heisenberg2D_cylinder_0.5_0.5_1,inner,2,random,0.0,2,Proj.,No_MSF,3333,493392
result_SELECT_10_Heisenberg2D_cylinder_0.5_0.5_1,inner,2,random,0.0,2,Proj.,No_Top,3333,488912
result_SELECT_10_Heisenberg2D_cylinder_0.5_0.5_1,inner,2,random,0.0,2,Proj.,No_MP,3334,2021764
result_SELECT_10_Heisenberg2D_cylinder_0.5_0.5_1,inner,2,random,0.0,2,Proj.,No_Kink,3336,2053647
result_SELECT_10_Heisenberg2D_cylinder_0.5_0.5_1,inner,2,random,0.0,2,Proj.,Yes_Kink,3337,2006673
result_SELECT_10_Heisenberg2D_cylinder_0.5_0.5_4,outer,1,SA,0.001,2,Single,No_MSF,571,261360
result_SELECT_10_Heisenberg2D_cylinder_0.5_0.5_4,outer,1,SA,0.001,2,Single,No_Top,571,256464
result_SELECT_10_Heisenberg2D_cylinder_0.5_0.5_4,outer,1,SA,0.001,2,Single,No_MP,571,312506
result_SELECT_10_Heisenberg2D_cylinder_0.5_0.5_4,outer,1,SA,0.001,2,Single,No_Kink,575,371630
result_SELECT_10_Heisenberg2D_cylinder_0.5_0.5_4,outer,1,SA,0.001,2,Double,No_MSF,522,240192
result_SELECT_10_Heisenberg2D_cylinder_0.5_0.5_4,outer,1,SA,0.001,2,Double,No_Top,522,235296
result_SELECT_10_Heisenberg2D_cylinder_0.5_0.5_4,outer,1,SA,0.001,2,Double,No_MP,522,298825
result_SELECT_10_Heisenberg2D_cylinder_0.5_0.5_4,outer,1,SA,0.001,2,Double,No_Kink,527,360369
result_SELECT_10_Heisenberg2D_cylinder_0.5_0.5_4,outer,1,SA,0.001,2,Double,Yes_Kink,533,364490
result_SELECT_10_Heisenberg2D_cylinder_0.5_0.5_4,outer,1,SA,0.001,2,Proj.,No_MSF,420,196128
result_SELECT_10_Heisenberg2D_cylinder_0.5_0.5_4,outer,1,SA,0.001,2,Proj.,No_Top,420,191232
result_SELECT_10_Heisenberg2D_cylinder_0.5_0.5_4,outer,1,SA,0.001,2,Proj.,No_MP,433,675811
result_SELECT_10_Heisenberg2D_cylinder_0.5_0.5_4,outer,1,SA,0.001,2,Proj.,No_Kink,443,723127
result_SELECT_10_Heisenberg2D_cylinder_0.5_0.5_4,outer,1,SA,0.001,2,Proj.,Yes_Kink,447,718635
result_SELECT_10_Heisenberg2D_cylinder_0.5_0.5_0,inner,1,SA,0.001,0,Single,No_MSF,8099,992534
result_SELECT_10_Heisenberg2D_cylinder_0.5_0.5_0,inner,1,SA,0.001,0,Single,No_Top,8099,988078
result_SELECT_10_Heisenberg2D_cylinder_0.5_0.5_0,inner,1,SA,0.001,0,Single,No_MP,8099,1030536
result_SELECT_10_Heisenberg2D_cylinder_0.5_0.5_0,inner,1,SA,0.001,0,Single,No_Kink,8099,1079220
result_SELECT_10_Heisenberg2D_cylinder_0.5_0.5_0,inner,1,SA,0.001,0,Double,No_MSF,7536,923848
result_SELECT_10_Heisenberg2D_cylinder_0.5_0.5_0,inner,1,SA,0.001,0,Double,No_Top,7536,919392
result_SELECT_10_Heisenberg2D_cylinder_0.5_0.5_0,inner,1,SA,0.001,0,Double,No_MP,7536,970324
result_SELECT_10_Heisenberg2D_cylinder_0.5_0.5_0,inner,1,SA,0.001,0,Double,No_Kink,7536,1022403
result_SELECT_10_Heisenberg2D_cylinder_0.5_0.5_0,inner,1,SA,0.001,0,Double,Yes_Kink,7536,1020050
result_SELECT_10_Heisenberg2D_cylinder_0.5_0.5_0,inner,1,SA,0.001,0,Proj.,No_MSF,6660,816976
result_SELECT_10_Heisenberg2D_cylinder_0.5_0.5_0,inner,1,SA,0.001,0,Proj.,No_Top,6660,812520
result_SELECT_10_Heisenberg2D_cylinder_0.5_0.5_0,inner,1,SA,0.001,0,Proj.,No_MP,6660,2534388
result_SELECT_10_Heisenberg2D_cylinder_0.5_0.5_0,inner,1,SA,0.001,0,Proj.,No_Kink,6662,2879056
result_SELECT_10_Heisenberg2D_cylinder_0.5_0.5_0,inner,1,SA,0.001,0,Proj.,Yes_Kink,6664,2742127
result_SELECT_10_Heisenberg2D_cylinder_0.5_0.5_1,outer,1,SA,0.001,2,Single,No_MSF,4079,600816
result_SELECT_10_Heisenberg2D_cylinder_0.5_0.5_1,outer,1,SA,0.001,2,Single,No_Top,4080,596480
result_SELECT_10_Heisenberg2D_cylinder_0.5_0.5_1,outer,1,SA,0.001,2,Single,No_MP,4079,643544
result_SELECT_10_Heisenberg2D_cylinder_0.5_0.5_1,outer,1,SA,0.001,2,Single,No_Kink,4080,692206
result_SELECT_10_Heisenberg2D_cylinder_0.5_0.5_1,outer,1,SA,0.001,2,Double,No_MSF,3792,559488
result_SELECT_10_Heisenberg2D_cylinder_0.5_0.5_1,outer,1,SA,0.001,2,Double,No_Top,3793,555152
result_SELECT_10_Heisenberg2D_cylinder_0.5_0.5_1,outer,1,SA,0.001,2,Double,No_MP,3795,611182
result_SELECT_10_Heisenberg2D_cylinder_0.5_0.5_1,outer,1,SA,0.001,2,Double,No_Kink,3796,666138
result_SELECT_10_Heisenberg2D_cylinder_0.5_0.5_1,outer,1,SA,0.001,2,Double,Yes_Kink,3798,664975
result_SELECT_10_Heisenberg2D_cylinder_0.5_0.5_1,outer,1,SA,0.001,2,Proj.,No_MSF,3333,493392
result_SELECT_10_Heisenberg2D_cylinder_0.5_0.5_1,outer,1,SA,0.001,2,Proj.,No_Top,3333,488912
result_SELECT_10_Heisenberg2D_cylinder_0.5_0.5_1,outer,1,SA,0.001,2,Proj.,No_MP,3334,1432328
result_SELECT_10_Heisenberg2D_cylinder_0.5_0.5_1,outer,1,SA,0.001,2,Proj.,No_Kink,3345,1786293
result_SELECT_10_Heisenberg2D_cylinder_0.5_0.5_1,outer,1,SA,0.001,2,Proj.,Yes_Kink,3390,1777394
result_SELECT_100_random_local_OBC_0_0_6,inner,1,SA,1.0,2,Single,No_MSF,247,306944
result_SELECT_100_random_local_OBC_0_0_6,inner,1,SA,1.0,2,Single,No_Top,247,302112
result_SELECT_100_random_local_OBC_0_0_6,inner,1,SA,1.0,2,Single,No_MP,415,709336
result_SELECT_100_random_local_OBC_0_0_6,inner,1,SA,1.0,2,Single,No_Kink,475,834584
result_SELECT_100_random_local_OBC_0_0_6,inner,1,SA,1.0,2,Double,No_MSF,192,241824
result_SELECT_100_random_local_OBC_0_0_6,inner,1,SA,1.0,2,Double,No_Top,193,238176
result_SELECT_100_random_local_OBC_0_0_6,inner,1,SA,1.0,2,Double,No_MP,338,638132
result_SELECT_100_random_local_OBC_0_0_6,inner,1,SA,1.0,2,Double,No_Kink,397,785252
result_SELECT_100_random_local_OBC_0_0_6,inner,1,SA,1.0,2,Double,Yes_Kink,404,804008
result_SELECT_100_random_local_OBC_0_0_6,inner,1,SA,1.0,2,Proj.,No_MSF,128,166048
result_SELECT_100_random_local_OBC_0_0_6,inner,1,SA,1.0,2,Proj.,No_Top,128,161216
result_SELECT_100_random_local_OBC_0_0_6,inner,1,SA,1.0,2,Proj.,No_MP,226,892954
result_SELECT_100_random_local_OBC_0_0_6,inner,1,SA,1.0,2,Proj.,No_Kink,309,1192954
result_SELECT_100_random_local_OBC_0_0_6,inner,1,SA,1.0,2,Proj.,Yes_Kink,322,1235674
result_SELECT_10_Heisenberg2D_cylinder_0.5_0.5_3,outer,2,SA,1.0,2,Single,No_MSF,1069,304784
result_SELECT_10_Heisenberg2D_cylinder_0.5_0.5_3,outer,2,SA,1.0,2,Single,No_Top,1069,300112
result_SELECT_10_Heisenberg2D_cylinder_0.5_0.5_3,outer,2,SA,1.0,2,Single,No_MP,1069,342364
result_SELECT_10_Heisenberg2D_cylinder_0.5_0.5_3,outer,2,SA,1.0,2,Single,No_Kink,1069,360376
result_SELECT_10_Heisenberg2D_cylinder_0.5_0.5_3,outer,2,SA,1.0,2,Single,Yes_Kink,1069,372864
result_SELECT_10_Heisenberg2D_cylinder_0.5_0.5_3,outer,2,SA,1.0,2,Double,No_MSF,987,282480
result_SELECT_10_Heisenberg2D_cylinder_0.5_0.5_3,outer,2,SA,1.0,2,Double,No_Top,987,277808
result_SELECT_10_Heisenberg2D_cylinder_0.5_0.5_3,outer,2,SA,1.0,2,Double,No_MP,987,329056
result_SELECT_10_Heisenberg2D_cylinder_0.5_0.5_3,outer,2,SA,1.0,2,Double,No_Kink,987,352132
result_SELECT_10_Heisenberg2D_cylinder_0.5_0.5_3,outer,2,SA,1.0,2,Double,Yes_Kink,1021,357582
result_SELECT_10_Heisenberg2D_cylinder_0.5_0.5_3,outer,2,SA,1.0,2,Proj.,No_MSF,837,241680
result_SELECT_10_Heisenberg2D_cylinder_0.5_0.5_3,outer,2,SA,1.0,2,Proj.,No_Top,837,237008
result_SELECT_10_Heisenberg2D_cylinder_0.5_0.5_3,outer,2,SA,1.0,2,Proj.,No_MP,844,751210
result_SELECT_10_Heisenberg2D_cylinder_0.5_0.5_3,outer,2,SA,1.0,2,Proj.,No_Kink,858,905544
result_SELECT_10_Heisenberg2D_cylinder_0.5_0.5_3,outer,2,SA,1.0,2,Proj.,Yes_Kink,860,907786
result_SELECT_10_Heisenberg2D_cylinder_0.5_0.5_0,inner,1,SA,0.01,2,Single,No_MSF,8099,1001446
result_SELECT_10_Heisenberg2D_cylinder_0.5_0.5_0,inner,1,SA,0.01,2,Single,No_Top,8101,997234
result_SELECT_10_Heisenberg2D_cylinder_0.5_0.5_0,inner,1,SA,0.01,2,Single,No_MP,8099,1040826
result_SELECT_10_Heisenberg2D_cylinder_0.5_0.5_0,inner,1,SA,0.01,2,Single,No_Kink,8101,1067126
result_SELECT_10_Heisenberg2D_cylinder_0.5_0.5_0,inner,1,SA,0.01,2,Double,No_MSF,7536,932760
result_SELECT_10_Heisenberg2D_cylinder_0.5_0.5_0,inner,1,SA,0.01,2,Double,No_Top,7537,928426
result_SELECT_10_Heisenberg2D_cylinder_0.5_0.5_0,inner,1,SA,0.01,2,Double,No_MP,7536,981998
result_SELECT_10_Heisenberg2D_cylinder_0.5_0.5_0,inner,1,SA,0.01,2,Double,No_Kink,7537,1015596
result_SELECT_10_Heisenberg2D_cylinder_0.5_0.5_0,inner,1,SA,0.01,2,Double,Yes_Kink,7537,1018321
result_SELECT_10_Heisenberg2D_cylinder_0.5_0.5_0,inner,1,SA,0.01,2,Proj.,No_MSF,6660,825888
result_SELECT_10_Heisenberg2D_cylinder_0.5_0.5_0,inner,1,SA,0.01,2,Proj.,No_Top,6660,821432
result_SELECT_10_Heisenberg2D_cylinder_0.5_0.5_0,inner,1,SA,0.01,2,Proj.,No_MP,6660,2559393
result_SELECT_10_Heisenberg2D_cylinder_0.5_0.5_0,inner,1,SA,0.01,2,Proj.,No_Kink,6665,2759839
result_SELECT_10_Heisenberg2D_cylinder_0.5_0.5_0,inner,1,SA,0.01,2,Proj.,Yes_Kink,6664,2790717
result_SELECT_10_Heisenberg2D_cylinder_0.5_0.5_5,outer,1,SA,1.0,0,Single,No_MSF,327,246016
result_SELECT_10_Heisenberg2D_cylinder_0.5_0.5_5,outer,1,SA,1.0,0,Single,No_Top,327,240672
result_SELECT_10_Heisenberg2D_cylinder_0.5_0.5_5,outer,1,SA,1.0,0,Single,No_MP,328,335056
result_SELECT_10_Heisenberg2D_cylinder_0.5_0.5_5,outer,1,SA,1.0,0,Single,No_Kink,334,376982
result_SELECT_10_Heisenberg2D_cylinder_0.5_0.5_5,outer,1,SA,1.0,0,Double,No_MSF,290,218784
result_SELECT_10_Heisenberg2D_cylinder_0.5_0.5_5,outer,1,SA,1.0,0,Double,No_Top,290,213440
result_SELECT_10_Heisenberg2D_cylinder_0.5_0.5_5,outer,1,SA,1.0,0,Double,No_MP,294,313900
result_SELECT_10_Heisenberg2D_cylinder_0.5_0.5_5,outer,1,SA,1.0,0,Double,No_Kink,298,362075
result_SELECT_10_Heisenberg2D_cylinder_0.5_0.5_5,outer,1,SA,1.0,0,Double,Yes_Kink,308,368972
result_SELECT_10_Heisenberg2D_cylinder_0.5_0.5_5,outer,1,SA,1.0,0,Proj.,No_MSF,213,162112
result_SELECT_10_Heisenberg2D_cylinder_0.5_0.5_5,outer,1,SA,1.0,0,Proj.,No_Top,213,156768
result_SELECT_10_Heisenberg2D_cylinder_0.5_0.5_5,outer,1,SA,1.0,0,Proj.,No_MP,238,611881
result_SELECT_10_Heisenberg2D_cylinder_0.5_0.5_5,outer,1,SA,1.0,0,Proj.,No_Kink,243,665758
result_SELECT_10_Heisenberg2D_cylinder_0.5_0.5_5,outer,1,SA,1.0,0,Proj.,Yes_Kink,254,682505
result_SELECT_10_Heisenberg2D_cylinder_0.5_0.5_6,outer,2,naive,0.0,4,Single,No_MSF,211,307392
result_SELECT_10_Heisenberg2D_cylinder_0.5_0.5_6,outer,2,naive,0.0,4,Single,No_Top,233,330144
result_SELECT_10_Heisenberg2D_cylinder_0.5_0.5_6,outer,2,naive,0.0,4,Single,No_MP,352,875474
result_SELECT_10_Heisenberg2D_cylinder_0.5_0.5_6,outer,2,naive,0.0,4,Single,No_Kink,565,1309383
result_SELECT_10_Heisenberg2D_cylinder_0.5_0.5_6,outer,2,naive,0.0,4,Single,Yes_Kink,516,1275537
result_SELECT_10_Heisenberg2D_cylinder_0.5_0.5_6,outer,2,naive,0.0,4,Double,No_MSF,177,262784
result_SELECT_10_Heisenberg2D_cylinder_0.5_0.5_6,outer,2,naive,0.0,4,Double,No_Top,219,311776
result_SELECT_10_Heisenberg2D_cylinder_0.5_0.5_6,outer,2,naive,0.0,4,Double,No_MP,301,825905
result_SELECT_10_Heisenberg2D_cylinder_0.5_0.5_6,outer,2,naive,0.0,4,Double,No_Kink,493,1255414
result_SELECT_10_Heisenberg2D_cylinder_0.5_0.5_6,outer,2,naive,0.0,4,Double,Yes_Kink,499,1265962
result_SELECT_10_Heisenberg2D_cylinder_0.5_0.5_6,outer,2,naive,0.0,4,Proj.,No_MSF,108,172256
result_SELECT_10_Heisenberg2D_cylinder_0.5_0.5_6,outer,2,naive,0.0,4,Proj.,No_Top,205,293408
result_SELECT_10_Heisenberg2D_cylinder_0.5_0.5_6,outer,2,naive,0.0,4,Proj.,No_MP,199,998436
result_SELECT_10_Heisenberg2D_cylinder_0.5_0.5_6,outer,2,naive,0.0,4,Proj.,No_Kink,290,1459271
result_SELECT_10_Heisenberg2D_cylinder_0.5_0.5_6,outer,2,naive,0.0,4,Proj.,Yes_Kink,300,1498789
result_trotter_10_Heisenberg2D_cylinder_0.5_0.5_det,inner,2,naive,0.0,0,Single,No_MSF,756,101100
result_trotter_10_Heisenberg2D_cylinder_0.5_0.5_det,inner,2,naive,0.0,0,Single,No_Top,756,75600
result_trotter_10_Heisenberg2D_cylinder_0.5_0.5_det,inner,2,naive,0.0,0,Single,No_MP,762,117266
result_trotter_10_Heisenberg2D_cylinder_0.5_0.5_det,inner,2,naive,0.0,0,Single,No_Kink,1312,354732
result_trotter_10_Heisenberg2D_cylinder_0.5_0.5_det,inner,2,naive,0.0,0,Single,Yes_Kink,1331,364443
result_trotter_10_Heisenberg2D_cylinder_0.5_0.5_det,inner,2,naive,0.0,0,Double,No_MSF,749,100400
result_trotter_10_Heisenberg2D_cylinder_0.5_0.5_det,inner,2,naive,0.0,0,Double,No_Top,749,74900
result_trotter_10_Heisenberg2D_cylinder_0.5_0.5_det,inner,2,naive,0.0,0,Double,No_MP,751,118221
result_trotter_10_Heisenberg2D_cylinder_0.5_0.5_det,inner,2,naive,0.0,0,Double,No_Kink,1417,457961
result_trotter_10_Heisenberg2D_cylinder_0.5_0.5_det,inner,2,naive,0.0,0,Double,Yes_Kink,1430,453884
result_trotter_10_Heisenberg2D_cylinder_0.5_0.5_det,inner,2,naive,0.0,0,Proj.,No_MSF,390,64500
result_trotter_10_Heisenberg2D_cylinder_0.5_0.5_det,inner,2,naive,0.0,0,Proj.,No_Top,580,58000
result_trotter_10_Heisenberg2D_cylinder_0.5_0.5_det,inner,2,naive,0.0,0,Proj.,No_MP,615,238885
result_trotter_10_Heisenberg2D_cylinder_0.5_0.5_det,inner,2,naive,0.0,0,Proj.,No_Kink,1386,772338
result_trotter_10_Heisenberg2D_cylinder_0.5_0.5_det,inner,2,naive,0.0,0,Proj.,Yes_Kink,1454,798189
result_SELECT_10_Heisenberg2D_cylinder_0.5_0.5_6,outer,2,SA,0.001,4,Single,No_MSF,211,307392
result_SELECT_10_Heisenberg2D_cylinder_0.5_0.5_6,outer,2,SA,0.001,4,Single,No_Top,233,330144
result_SELECT_10_Heisenberg2D_cylinder_0.5_0.5_6,outer,2,SA,0.001,4,Single,No_MP,211,405914
result_SELECT_10_Heisenberg2D_cylinder_0.5_0.5_6,outer,2,SA,0.001,4,Single,No_Kink,237,618436
result_SELECT_10_Heisenberg2D_cylinder_0.5_0.5_6,outer,2,SA,0.001,4,Single,Yes_Kink,237,632854
result_SELECT_10_Heisenberg2D_cylinder_0.5_0.5_6,outer,2,SA,0.001,4,Double,No_MSF,177,262784
result_SELECT_10_Heisenberg2D_cylinder_0.5_0.5_6,outer,2,SA,0.001,4,Double,No_Top,219,311776
result_SELECT_10_Heisenberg2D_cylinder_0.5_0.5_6,outer,2,SA,0.001,4,Double,No_MP,179,373304
result_SELECT_10_Heisenberg2D_cylinder_0.5_0.5_6,outer,2,SA,0.001,4,Double,No_Kink,217,610417
result_SELECT_10_Heisenberg2D_cylinder_0.5_0.5_6,outer,2,SA,0.001,4,Double,Yes_Kink,221,612670
result_SELECT_10_Heisenberg2D_cylinder_0.5_0.5_6,outer,2,SA,0.001,4,Proj.,No_MSF,108,172256
result_SELECT_10_Heisenberg2D_cylinder_0.5_0.5_6,outer,2,SA,0.001,4,Proj.,No_Top,205,293408
result_SELECT_10_Heisenberg2D_cylinder_0.5_0.5_6,outer,2,SA,0.001,4,Proj.,No_MP,125,591013
result_SELECT_10_Heisenberg2D_cylinder_0.5_0.5_6,outer,2,SA,0.001,4,Proj.,No_Kink,212,1017120
result_SELECT_10_Heisenberg2D_cylinder_0.5_0.5_6,outer,2,SA,0.001,4,Proj.,Yes_Kink,212,1021428
result_SELECT_100_random_local_OBC_0_0_6,outer,1,random,0.0,2,Single,No_MSF,247,306944
result_SELECT_100_random_local_OBC_0_0_6,outer,1,random,0.0,2,Single,No_Top,247,302112
result_SELECT_100_random_local_OBC_0_0_6,outer,1,random,0.0,2,Single,No_MP,603,1420584
result_SELECT_100_random_local_OBC_0_0_6,outer,1,random,0.0,2,Single,No_Kink,690,1593306
result_SELECT_100_random_local_OBC_0_0_6,outer,1,random,0.0,2,Double,No_MSF,192,241824
result_SELECT_100_random_local_OBC_0_0_6,outer,1,random,0.0,2,Double,No_Top,193,238176
result_SELECT_100_random_local_OBC_0_0_6,outer,1,random,0.0,2,Double,No_MP,357,1125503
result_SELECT_100_random_local_OBC_0_0_6,outer,1,random,0.0,2,Double,No_Kink,408,1277755
result_SELECT_100_random_local_OBC_0_0_6,outer,1,random,0.0,2,Double,Yes_Kink,409,1282614
result_SELECT_100_random_local_OBC_0_0_6,outer,1,random,0.0,2,Proj.,No_MSF,128,166048
result_SELECT_100_random_local_OBC_0_0_6,outer,1,random,0.0,2,Proj.,No_Top,128,161216
result_SELECT_100_random_local_OBC_0_0_6,outer,1,random,0.0,2,Proj.,No_MP,255,1084978
result_SELECT_100_random_local_OBC_0_0_6,outer,1,random,0.0,2,Proj.,No_Kink,285,1238235
result_SELECT_100_random_local_OBC_0_0_6,outer,1,random,0.0,2,Proj.,Yes_Kink,292,1260423
result_trotter_10_Heisenberg2D_cylinder_0.5_0.5_rand,inner,1,SA,0.001,1,Single,No_MSF,744,125400
result_trotter_10_Heisenberg2D_cylinder_0.5_0.5_rand,inner,1,SA,0.001,1,Single,No_Top,1164,141900
result_trotter_10_Heisenberg2D_cylinder_0.5_0.5_rand,inner,1,SA,0.001,1,Single,No_MP,744,136576
result_trotter_10_Heisenberg2D_cylinder_0.5_0.5_rand,inner,1,SA,0.001,1,Single,No_Kink,1596,419858
result_trotter_10_Heisenberg2D_cylinder_0.5_0.5_rand,inner,1,SA,0.001,1,Double,No_MSF,721,123100
result_trotter_10_Heisenberg2D_cylinder_0.5_0.5_rand,inner,1,SA,0.001,1,Double,No_Top,1160,141500
result_trotter_10_Heisenberg2D_cylinder_0.5_0.5_rand,inner,1,SA,0.001,1,Double,No_MP,722,135993
result_trotter_10_Heisenberg2D_cylinder_0.5_0.5_rand,inner,1,SA,0.001,1,Double,No_Kink,1665,514168
result_trotter_10_Heisenberg2D_cylinder_0.5_0.5_rand,inner,1,SA,0.001,1,Double,Yes_Kink,1755,524794
result_trotter_10_Heisenberg2D_cylinder_0.5_0.5_rand,inner,1,SA,0.001,1,Proj.,No_MSF,390,90000
result_trotter_10_Heisenberg2D_cylinder_0.5_0.5_rand,inner,1,SA,0.001,1,Proj.,No_Top,1160,141500
result_trotter_10_Heisenberg2D_cylinder_0.5_0.5_rand,inner,1,SA,0.001,1,Proj.,No_MP,516,237519
result_trotter_10_Heisenberg2D_cylinder_0.5_0.5_rand,inner,1,SA,0.001,1,Proj.,No_Kink,2058,845916
result_trotter_10_Heisenberg2D_cylinder_0.5_0.5_rand,inner,1,SA,0.001,1,Proj.,Yes_Kink,2137,848479
result_trotter_10_Heisenberg2D_cylinder_0.5_0.5_rand,inner,1,SA,0.1,0,Single,No_MSF,744,99900
result_trotter_10_Heisenberg2D_cylinder_0.5_0.5_rand,inner,1,SA,0.1,0,Single,No_Top,744,74400
result_trotter_10_Heisenberg2D_cylinder_0.5_0.5_rand,inner,1,SA,0.1,0,Single,No_MP,744,111678
result_trotter_10_Heisenberg2D_cylinder_0.5_0.5_rand,inner,1,SA,0.1,0,Single,No_Kink,881,218720
result_trotter_10_Heisenberg2D_cylinder_0.5_0.5_rand,inner,1,SA,0.1,0,Double,No_MSF,721,97600
result_trotter_10_Heisenberg2D_cylinder_0.5_0.5_rand,inner,1,SA,0.1,0,Double,No_Top,721,72100
result_trotter_10_Heisenberg2D_cylinder_0.5_0.5_rand,inner,1,SA,0.1,0,Double,No_MP,721,110820
result_trotter_10_Heisenberg2D_cylinder_0.5_0.5_rand,inner,1,SA,0.1,0,Double,No_Kink,1016,316546
result_trotter_10_Heisenberg2D_cylinder_0.5_0.5_rand,inner,1,SA,0.1,0,Double,Yes_Kink,1110,332532
result_trotter_10_Heisenberg2D_cylinder_0.5_0.5_rand,inner,1,SA,0.1,0,Proj.,No_MSF,390,64500
result_trotter_10_Heisenberg2D_cylinder_0.5_0.5_rand,inner,1,SA,0.1,0,Proj.,No_Top,580,58000
result_trotter_10_Heisenberg2D_cylinder_0.5_0.5_rand,inner,1,SA,0.1,0,Proj.,No_MP,514,209932
result_trotter_10_Heisenberg2D_cylinder_0.5_0.5_rand,inner,1,SA,0.1,0,Proj.,No_Kink,953,368553
result_trotter_10_Heisenberg2D_cylinder_0.5_0.5_rand,inner,1,SA,0.1,0,Proj.,Yes_Kink,1062,397673
result_SELECT_10_Heisenberg2D_cylinder_0.5_0.5_0,outer,1,SA,0.1,0,Single,No_MSF,8099,992534
result_SELECT_10_Heisenberg2D_cylinder_0.5_0.5_0,outer,1,SA,0.1,0,Single,No_Top,8099,988078
result_SELECT_10_Heisenberg2D_cylinder_0.5_0.5_0,outer,1,SA,0.1,0,Single,No_MP,8099,1032598
result_SELECT_10_Heisenberg2D_cylinder_0.5_0.5_0,outer,1,SA,0.1,0,Single,No_Kink,8099,1071550
result_SELECT_10_Heisenberg2D_cylinder_0.5_0.5_0,outer,1,SA,0.1,0,Double,No_MSF,7536,923848
result_SELECT_10_Heisenberg2D_cylinder_0.5_0.5_0,outer,1,SA,0.1,0,Double,No_Top,7536,919392
result_SELECT_10_Heisenberg2D_cylinder_0.5_0.5_0,outer,1,SA,0.1,0,Double,No_MP,7536,973960
result_SELECT_10_Heisenberg2D_cylinder_0.5_0.5_0,outer,1,SA,0.1,0,Double,No_Kink,7536,1019055
result_SELECT_10_Heisenberg2D_cylinder_0.5_0.5_0,outer,1,SA,0.1,0,Double,Yes_Kink,7536,1016917
result_SELECT_10_Heisenberg2D_cylinder_0.5_0.5_0,outer,1,SA,0.1,0,Proj.,No_MSF,6660,816976
result_SELECT_10_Heisenberg2D_cylinder_0.5_0.5_0,outer,1,SA,0.1,0,Proj.,No_Top,6660,812520
result_SELECT_10_Heisenberg2D_cylinder_0.5_0.5_0,outer,1,SA,0.1,0,Proj.,No_MP,6660,2420121
result_SELECT_10_Heisenberg2D_cylinder_0.5_0.5_0,outer,1,SA,0.1,0,Proj.,No_Kink,6660,2820309
result_SELECT_10_Heisenberg2D_cylinder_0.5_0.5_0,outer,1,SA,0.1,0,Proj.,Yes_Kink,6663,2796750
result_trotter_10_Heisenberg2D_cylinder_0.5_0.5_rand,outer,2,SA,0.1,0,Single,No_MSF,744,99900
result_trotter_10_Heisenberg2D_cylinder_0.5_0.5_rand,outer,2,SA,0.1,0,Single,No_Top,744,74400
result_trotter_10_Heisenberg2D_cylinder_0.5_0.5_rand,outer,2,SA,0.1,0,Single,No_MP,744,109962
result_trotter_10_Heisenberg2D_cylinder_0.5_0.5_rand,outer,2,SA,0.1,0,Single,No_Kink,897,264741
result_trotter_10_Heisenberg2D_cylinder_0.5_0.5_rand,outer,2,SA,0.1,0,Single,Yes_Kink,895,259910
result_trotter_10_Heisenberg2D_cylinder_0.5_0.5_rand,outer,2,SA,0.1,0,Double,No_MSF,721,97600
result_trotter_10_Heisenberg2D_cylinder_0.5_0.5_rand,outer,2,SA,0.1,0,Double,No_Top,721,72100
result_trotter_10_Heisenberg2D_cylinder_0.5_0.5_rand,outer,2,SA,0.1,0,Double,No_MP,721,109450
result_trotter_10_Heisenberg2D_cylinder_0.5_0.5_rand,outer,2,SA,0.1,0,Double,No_Kink,982,341365
result_trotter_10_Heisenberg2D_cylinder_0.5_0.5_rand,outer,2,SA,0.1,0,Double,Yes_Kink,1099,350190
result_trotter_10_Heisenberg2D_cylinder_0.5_0.5_rand,outer,2,SA,0.1,0,Proj.,No_MSF,390,64500
result_trotter_10_Heisenberg2D_cylinder_0.5_0.5_rand,outer,2,SA,0.1,0,Proj.,No_Top,580,58000
result_trotter_10_Heisenberg2D_cylinder_0.5_0.5_rand,outer,2,SA,0.1,0,Proj.,No_MP,505,223401
result_trotter_10_Heisenberg2D_cylinder_0.5_0.5_rand,outer,2,SA,0.1,0,Proj.,No_Kink,819,477032
result_trotter_10_Heisenberg2D_cylinder_0.5_0.5_rand,outer,2,SA,0.1,0,Proj.,Yes_Kink,960,557903
result_SELECT_10_Heisenberg2D_cylinder_0.5_0.5_6,inner,1,SA,0.001,0,Single,No_MSF,211,282944
result_SELECT_10_Heisenberg2D_cylinder_0.5_0.5_6,inner,1,SA,0.001,0,Single,No_Top,211,276832
result_SELECT_10_Heisenberg2D_cylinder_0.5_0.5_6,inner,1,SA,0.001,0,Single,No_MP,216,441940
result_SELECT_10_Heisenberg2D_cylinder_0.5_0.5_6,inner,1,SA,0.001,0,Single,No_Kink,229,529568
result_SELECT_10_Heisenberg2D_cylinder_0.5_0.5_6,inner,1,SA,0.001,0,Double,No_MSF,177,238336
result_SELECT_10_Heisenberg2D_cylinder_0.5_0.5_6,inner,1,SA,0.001,0,Double,No_Top,177,232224
result_SELECT_10_Heisenberg2D_cylinder_0.5_0.5_6,inner,1,SA,0.001,0,Double,No_MP,181,400068
result_SELECT_10_Heisenberg2D_cylinder_0.5_0.5_6,inner,1,SA,0.001,0,Double,No_Kink,189,524612
result_SELECT_10_Heisenberg2D_cylinder_0.5_0.5_6,inner,1,SA,0.001,0,Double,Yes_Kink,199,547967
result_SELECT_10_Heisenberg2D_cylinder_0.5_0.5_6,inner,1,SA,0.001,0,Proj.,No_MSF,108,147808
result_SELECT_10_Heisenberg2D_cylinder_0.5_0.5_6,inner,1,SA,0.001,0,Proj.,No_Top,108,141696
result_SELECT_10_Heisenberg2D_cylinder_0.5_0.5_6,inner,1,SA,0.001,0,Proj.,No_MP,134,586080
result_SELECT_10_Heisenberg2D_cylinder_0.5_0.5_6,inner,1,SA,0.001,0,Proj.,No_Kink,147,668287
result_SELECT_10_Heisenberg2D_cylinder_0.5_0.5_6,inner,1,SA,0.001,0,Proj.,Yes_Kink,159,715801
result_trotter_10_Heisenberg2D_cylinder_0.5_0.5_det,outer,2,SA,1.0,2,Single,No_MSF,756,152100
result_trotter_10_Heisenberg2D_cylinder_0.5_0.5_det,outer,2,SA,1.0,2,Single,No_Top,1742,225200
result_trotter_10_Heisenberg2D_cylinder_0.5_0.5_det,outer,2,SA,1.0,2,Single,No_MP,757,163854
result_trotter_10_Heisenberg2D_cylinder_0.5_0.5_det,outer,2,SA,1.0,2,Single,No_Kink,1758,461448
result_trotter_10_Heisenberg2D_cylinder_0.5_0.5_det,outer,2,SA,1.0,2,Single,Yes_Kink,1768,461552
result_trotter_10_Heisenberg2D_cylinder_0.5_0.5_det,outer,2,SA,1.0,2,Double,No_MSF,749,151400
result_trotter_10_Heisenberg2D_cylinder_0.5_0.5_det,outer,2,SA,1.0,2,Double,No_Top,1740,225000
result_trotter_10_Heisenberg2D_cylinder_0.5_0.5_det,outer,2,SA,1.0,2,Double,No_MP,749,164490
result_trotter_10_Heisenberg2D_cylinder_0.5_0.5_det,outer,2,SA,1.0,2,Double,No_Kink,1743,479538
result_trotter_10_Heisenberg2D_cylinder_0.5_0.5_det,outer,2,SA,1.0,2,Double,Yes_Kink,1748,493471
result_trotter_10_Heisenberg2D_cylinder_0.5_0.5_det,outer,2,SA,1.0,2,Proj.,No_MSF,390,115500
result_trotter_10_Heisenberg2D_cylinder_0.5_0.5_det,outer,2,SA,1.0,2,Proj.,No_Top,1740,225000
result_trotter_10_Heisenberg2D_cylinder_0.5_0.5_det,outer,2,SA,1.0,2,Proj.,No_MP,553,306358
result_trotter_10_Heisenberg2D_cylinder_0.5_0.5_det,outer,2,SA,1.0,2,Proj.,No_Kink,1755,1090251
result_trotter_10_Heisenberg2D_cylinder_0.5_0.5_det,outer,2,SA,1.0,2,Proj.,Yes_Kink,1771,1083404
result_trotter_10_Heisenberg2D_cylinder_0.5_0.5_rand,inner,2,SA,0.01,0,Single,No_MSF,744,99900
result_trotter_10_Heisenberg2D_cylinder_0.5_0.5_rand,inner,2,SA,0.01,0,Single,No_Top,744,74400
result_trotter_10_Heisenberg2D_cylinder_0.5_0.5_rand,inner,2,SA,0.01,0,Single,No_MP,744,109076
result_trotter_10_Heisenberg2D_cylinder_0.5_0.5_rand,inner,2,SA,0.01,0,Single,No_Kink,776,225806
result_trotter_10_Heisenberg2D_cylinder_0.5_0.5_rand,inner,2,SA,0.01,0,Single,Yes_Kink,794,232497
result_trotter_10_Heisenberg2D_cylinder_0.5_0.5_rand,inner,2,SA,0.01,0,Double,No_MSF,721,97600
result_trotter_10_Heisenberg2D_cylinder_0.5_0.5_rand,inner,2,SA,0.01,0,Double,No_Top,721,72100
result_trotter_10_Heisenberg2D_cylinder_0.5_0.5_rand,inner,2,SA,0.01,0,Double,No_MP,722,108839
result_trotter_10_Heisenberg2D_cylinder_0.5_0.5_rand,inner,2,SA,0.01,0,Double,No_Kink,818,317775
result_trotter_10_Heisenberg2D_cylinder_0.5_0.5_rand,inner,2,SA,0.01,0,Double,Yes_Kink,843,314073
result_trotter_10_Heisenberg2D_cylinder_0.5_0.5_rand,inner,2,SA,0.01,0,Proj.,No_MSF,390,64500
result_trotter_10_Heisenberg2D_cylinder_0.5_0.5_rand,inner,2,SA,0.01,0,Proj.,No_Top,580,58000
result_trotter_10_Heisenberg2D_cylinder_0.5_0.5_rand,inner,2,SA,0.01,0,Proj.,No_MP,485,219286
result_trotter_10_Heisenberg2D_cylinder_0.5_0.5_rand,inner,2,SA,0.01,0,Proj.,No_Kink,795,463205
result_trotter_10_Heisenberg2D_cylinder_0.5_0.5_rand,inner,2,SA,0.01,0,Proj.,Yes_Kink,873,496119
result_trotter_10_Heisenberg2D_cylinder_0.5_0.5_det,inner,2,SA,0.01,0,Single,No_MSF,756,101100
result_trotter_10_Heisenberg2D_cylinder_0.5_0.5_det,inner,2,SA,0.01,0,Single,No_Top,756,75600
result_trotter_10_Heisenberg2D_cylinder_0.5_0.5_det,inner,2,SA,0.01,0,Single,No_MP,757,111058
result_trotter_10_Heisenberg2D_cylinder_0.5_0.5_det,inner,2,SA,0.01,0,Single,No_Kink,758,213145
result_trotter_10_Heisenberg2D_cylinder_0.5_0.5_det,inner,2,SA,0.01,0,Single,Yes_Kink,760,222939
result_trotter_10_Heisenberg2D_cylinder_0.5_0.5_det,inner,2,SA,0.01,0,Double,No_MSF,749,100400
result_trotter_10_Heisenberg2D_cylinder_0.5_0.5_det,inner,2,SA,0.01,0,Double,No_Top,749,74900
result_trotter_10_Heisenberg2D_cylinder_0.5_0.5_det,inner,2,SA,0.01,0,Double,No_MP,750,112272
result_trotter_10_Heisenberg2D_cylinder_0.5_0.5_det,inner,2,SA,0.01,0,Double,No_Kink,764,277740
result_trotter_10_Heisenberg2D_cylinder_0.5_0.5_det,inner,2,SA,0.01,0,Double,Yes_Kink,789,271402
result_trotter_10_Heisenberg2D_cylinder_0.5_0.5_det,inner,2,SA,0.01,0,Proj.,No_MSF,390,64500
result_trotter_10_Heisenberg2D_cylinder_0.5_0.5_det,inner,2,SA,0.01,0,Proj.,No_Top,580,58000
result_trotter_10_Heisenberg2D_cylinder_0.5_0.5_det,inner,2,SA,0.01,0,Proj.,No_MP,538,257914
result_trotter_10_Heisenberg2D_cylinder_0.5_0.5_det,inner,2,SA,0.01,0,Proj.,No_Kink,802,434695
result_trotter_10_Heisenberg2D_cylinder_0.5_0.5_det,inner,2,SA,0.01,0,Proj.,Yes_Kink,890,482128
result_SELECT_10_Heisenberg2D_cylinder_0.5_0.5_6,outer,1,SA,0.1,10,Single,No_MSF,211,344064
result_SELECT_10_Heisenberg2D_cylinder_0.5_0.5_6,outer,1,SA,0.1,10,Single,No_Top,463,668576
result_SELECT_10_Heisenberg2D_cylinder_0.5_0.5_6,outer,1,SA,0.1,10,Single,No_MP,216,498510
result_SELECT_10_Heisenberg2D_cylinder_0.5_0.5_6,outer,1,SA,0.1,10,Single,No_Kink,460,1058914
result_SELECT_10_Heisenberg2D_cylinder_0.5_0.5_6,outer,1,SA,0.1,10,Double,No_MSF,177,299456
result_SELECT_10_Heisenberg2D_cylinder_0.5_0.5_6,outer,1,SA,0.1,10,Double,No_Top,454,656768
result_SELECT_10_Heisenberg2D_cylinder_0.5_0.5_6,outer,1,SA,0.1,10,Double,No_MP,185,458819
result_SELECT_10_Heisenberg2D_cylinder_0.5_0.5_6,outer,1,SA,0.1,10,Double,No_Kink,451,1062441
result_SELECT_10_Heisenberg2D_cylinder_0.5_0.5_6,outer,1,SA,0.1,10,Double,Yes_Kink,451,1071181
result_SELECT_10_Heisenberg2D_cylinder_0.5_0.5_6,outer,1,SA,0.1,10,Proj.,No_MSF,108,208928
result_SELECT_10_Heisenberg2D_cylinder_0.5_0.5_6,outer,1,SA,0.1,10,Proj.,No_Top,451,652832
result_SELECT_10_Heisenberg2D_cylinder_0.5_0.5_6,outer,1,SA,0.1,10,Proj.,No_MP,136,659237
result_SELECT_10_Heisenberg2D_cylinder_0.5_0.5_6,outer,1,SA,0.1,10,Proj.,No_Kink,462,2092788
result_SELECT_10_Heisenberg2D_cylinder_0.5_0.5_6,outer,1,SA,0.1,10,Proj.,Yes_Kink,462,2085849
result_trotter_10_Heisenberg2D_cylinder_0.5_0.5_rand,inner,1,naive,0.0,1,Single,No_MSF,744,125400
result_trotter_10_Heisenberg2D_cylinder_0.5_0.5_rand,inner,1,naive,0.0,1,Single,No_Top,1164,141900
result_trotter_10_Heisenberg2D_cylinder_0.5_0.5_rand,inner,1,naive,0.0,1,Single,No_MP,772,159986
result_trotter_10_Heisenberg2D_cylinder_0.5_0.5_rand,inner,1,naive,0.0,1,Single,No_Kink,2475,632630
result_trotter_10_Heisenberg2D_cylinder_0.5_0.5_rand,inner,1,naive,0.0,1,Double,No_MSF,721,123100
result_trotter_10_Heisenberg2D_cylinder_0.5_0.5_rand,inner,1,naive,0.0,1,Double,No_Top,1160,141500
result_trotter_10_Heisenberg2D_cylinder_0.5_0.5_rand,inner,1,naive,0.0,1,Double,No_MP,734,158610
result_trotter_10_Heisenberg2D_cylinder_0.5_0.5_rand,inner,1,naive,0.0,1,Double,No_Kink,2405,703843
result_trotter_10_Heisenberg2D_cylinder_0.5_0.5_rand,inner,1,naive,0.0,1,Double,Yes_Kink,2437,713834
result_trotter_10_Heisenberg2D_cylinder_0.5_0.5_rand,inner,1,naive,0.0,1,Proj.,No_MSF,390,90000
result_trotter_10_Heisenberg2D_cylinder_0.5_0.5_rand,inner,1,naive,0.0,1,Proj.,No_Top,1160,141500
result_trotter_10_Heisenberg2D_cylinder_0.5_0.5_rand,inner,1,naive,0.0,1,Proj.,No_MP,569,257627
result_trotter_10_Heisenberg2D_cylinder_0.5_0.5_rand,inner,1,naive,0.0,1,Proj.,No_Kink,2362,1004709
result_trotter_10_Heisenberg2D_cylinder_0.5_0.5_rand,inner,1,naive,0.0,1,Proj.,Yes_Kink,2394,983172
result_SELECT_10_Heisenberg2D_cylinder_0.5_0.5_2,outer,1,SA,1.0,0,Single,No_MSF,2072,394080
result_SELECT_10_Heisenberg2D_cylinder_0.5_0.5_2,outer,1,SA,1.0,0,Single,No_Top,2072,389536
result_SELECT_10_Heisenberg2D_cylinder_0.5_0.5_2,outer,1,SA,1.0,0,Single,No_MP,2072,435548
result_SELECT_10_Heisenberg2D_cylinder_0.5_0.5_2,outer,1,SA,1.0,0,Single,No_Kink,2072,450866
result_SELECT_10_Heisenberg2D_cylinder_0.5_0.5_2,outer,1,SA,1.0,0,Double,No_MSF,1921,365692
result_SELECT_10_Heisenberg2D_cylinder_0.5_0.5_2,outer,1,SA,1.0,0,Double,No_Top,1921,361148
result_SELECT_10_Heisenberg2D_cylinder_0.5_0.5_2,outer,1,SA,1.0,0,Double,No_MP,1921,415053
result_SELECT_10_Heisenberg2D_cylinder_0.5_0.5_2,outer,1,SA,1.0,0,Double,No_Kink,1922,435537
result_SELECT_10_Heisenberg2D_cylinder_0.5_0.5_2,outer,1,SA,1.0,0,Double,Yes_Kink,1924,436066
result_SELECT_10_Heisenberg2D_cylinder_0.5_0.5_2,outer,1,SA,1.0,0,Proj.,No_MSF,1668,318128
result_SELECT_10_Heisenberg2D_cylinder_0.5_0.5_2,outer,1,SA,1.0,0,Proj.,No_Top,1668,313584
result_SELECT_10_Heisenberg2D_cylinder_0.5_0.5_2,outer,1,SA,1.0,0,Proj.,No_MP,1669,998393
result_SELECT_10_Heisenberg2D_cylinder_0.5_0.5_2,outer,1,SA,1.0,0,Proj.,No_Kink,1681,1150754
result_SELECT_10_Heisenberg2D_cylinder_0.5_0.5_2,outer,1,SA,1.0,0,Proj.,Yes_Kink,1706,1158716
result_SELECT_10_Heisenberg2D_cylinder_0.5_0.5_5,outer,1,SA,0.001,2,Single,No_MSF,327,256704
result_SELECT_10_Heisenberg2D_cylinder_0.5_0.5_5,outer,1,SA,0.001,2,Single,No_Top,327,251360
result_SELECT_10_Heisenberg2D_cylinder_0.5_0.5_5,outer,1,SA,0.001,2,Single,No_MP,327,335770
result_SELECT_10_Heisenberg2D_cylinder_0.5_0.5_5,outer,1,SA,0.001,2,Single,No_Kink,336,432536
result_SELECT_10_Heisenberg2D_cylinder_0.5_0.5_5,outer,1,SA,0.001,2,Double,No_MSF,290,229472
result_SELECT_10_Heisenberg2D_cylinder_0.5_0.5_5,outer,1,SA,0.001,2,Double,No_Top,291,224864
result_SELECT_10_Heisenberg2D_cylinder_0.5_0.5_5,outer,1,SA,0.001,2,Double,No_MP,291,313076
result_SELECT_10_Heisenberg2D_cylinder_0.5_0.5_5,outer,1,SA,0.001,2,Double,No_Kink,294,418086
result_SELECT_10_Heisenberg2D_cylinder_0.5_0.5_5,outer,1,SA,0.001,2,Double,Yes_Kink,302,432248
result_SELECT_10_Heisenberg2D_cylinder_0.5_0.5_5,outer,1,SA,0.001,2,Proj.,No_MSF,213,172800
result_SELECT_10_Heisenberg2D_cylinder_0.5_0.5_5,outer,1,SA,0.001,2,Proj.,No_Top,213,167456
result_SELECT_10_Heisenberg2D_cylinder_0.5_0.5_5,outer,1,SA,0.001,2,Proj.,No_MP,231,595423
result_SELECT_10_Heisenberg2D_cylinder_0.5_0.5_5,outer,1,SA,0.001,2,Proj.,No_Kink,248,674678
result_SELECT_10_Heisenberg2D_cylinder_0.5_0.5_5,outer,1,SA,0.001,2,Proj.,Yes_Kink,251,682698
result_SELECT_10_Heisenberg2D_cylinder_0.5_0.5_6,inner,2,naive,0.0,6,Single,No_MSF,211,319616
result_SELECT_10_Heisenberg2D_cylinder_0.5_0.5_6,inner,2,naive,0.0,6,Single,No_Top,307,439456
result_SELECT_10_Heisenberg2D_cylinder_0.5_0.5_6,inner,2,naive,0.0,6,Single,No_MP,315,802638
result_SELECT_10_Heisenberg2D_cylinder_0.5_0.5_6,inner,2,naive,0.0,6,Single,No_Kink,410,1037798
result_SELECT_10_Heisenberg2D_cylinder_0.5_0.5_6,inner,2,naive,0.0,6,Single,Yes_Kink,403,1037760
result_SELECT_10_Heisenberg2D_cylinder_0.5_0.5_6,inner,2,naive,0.0,6,Double,No_MSF,177,275008
result_SELECT_10_Heisenberg2D_cylinder_0.5_0.5_6,inner,2,naive,0.0,6,Double,No_Top,295,423712
result_SELECT_10_Heisenberg2D_cylinder_0.5_0.5_6,inner,2,naive,0.0,6,Double,No_MP,272,761233
result_SELECT_10_Heisenberg2D_cylinder_0.5_0.5_6,inner,2,naive,0.0,6,Double,No_Kink,365,1009154
result_SELECT_10_Heisenberg2D_cylinder_0.5_0.5_6,inner,2,naive,0.0,6,Double,Yes_Kink,374,1024991
result_SELECT_10_Heisenberg2D_cylinder_0.5_0.5_6,inner,2,naive,0.0,6,Proj.,No_MSF,108,184480
result_SELECT_10_Heisenberg2D_cylinder_0.5_0.5_6,inner,2,naive,0.0,6,Proj.,No_Top,287,413216
result_SELECT_10_Heisenberg2D_cylinder_0.5_0.5_6,inner,2,naive,0.0,6,Proj.,No_MP,178,915554
result_SELECT_10_Heisenberg2D_cylinder_0.5_0.5_6,inner,2,naive,0.0,6,Proj.,No_Kink,353,1753164
result_SELECT_10_Heisenberg2D_cylinder_0.5_0.5_6,inner,2,naive,0.0,6,Proj.,Yes_Kink,350,1735820
result_trotter_10_Heisenberg2D_cylinder_0.5_0.5_det,inner,1,random,0.0,1,Single,No_MSF,756,126600
result_trotter_10_Heisenberg2D_cylinder_0.5_0.5_det,inner,1,random,0.0,1,Single,No_Top,1173,142800
result_trotter_10_Heisenberg2D_cylinder_0.5_0.5_det,inner,1,random,0.0,1,Single,No_MP,775,167438
result_trotter_10_Heisenberg2D_cylinder_0.5_0.5_det,inner,1,random,0.0,1,Single,No_Kink,1273,343752
result_trotter_10_Heisenberg2D_cylinder_0.5_0.5_det,inner,1,random,0.0,1,Double,No_MSF,749,125900
result_trotter_10_Heisenberg2D_cylinder_0.5_0.5_det,inner,1,random,0.0,1,Double,No_Top,1160,141500
result_trotter_10_Heisenberg2D_cylinder_0.5_0.5_det,inner,1,random,0.0,1,Double,No_MP,754,167057
result_trotter_10_Heisenberg2D_cylinder_0.5_0.5_det,inner,1,random,0.0,1,Double,No_Kink,1237,387489
result_trotter_10_Heisenberg2D_cylinder_0.5_0.5_det,inner,1,random,0.0,1,Double,Yes_Kink,1263,388183
result_trotter_10_Heisenberg2D_cylinder_0.5_0.5_det,inner,1,random,0.0,1,Proj.,No_MSF,390,90000
result_trotter_10_Heisenberg2D_cylinder_0.5_0.5_det,inner,1,random,0.0,1,Proj.,No_Top,1160,141500
result_trotter_10_Heisenberg2D_cylinder_0.5_0.5_det,inner,1,random,0.0,1,Proj.,No_MP,591,267180
result_trotter_10_Heisenberg2D_cylinder_0.5_0.5_det,inner,1,random,0.0,1,Proj.,No_Kink,1413,566842
result_trotter_10_Heisenberg2D_cylinder_0.5_0.5_det,inner,1,random,0.0,1,Proj.,Yes_Kink,1450,575835
result_trotter_10_Heisenberg2D_cylinder_0.5_0.5_det,outer,1,SA,0.1,1,Single,No_MSF,756,126600
result_trotter_10_Heisenberg2D_cylinder_0.5_0.5_det,outer,1,SA,0.1,1,Single,No_Top,1173,142800
result_trotter_10_Heisenberg2D_cylinder_0.5_0.5_det,outer,1,SA,0.1,1,Single,No_MP,759,139146
result_trotter_10_Heisenberg2D_cylinder_0.5_0.5_det,outer,1,SA,0.1,1,Single,No_Kink,1261,368990
result_trotter_10_Heisenberg2D_cylinder_0.5_0.5_det,outer,1,SA,0.1,1,Double,No_MSF,749,125900
result_trotter_10_Heisenberg2D_cylinder_0.5_0.5_det,outer,1,SA,0.1,1,Double,No_Top,1160,141500
result_trotter_10_Heisenberg2D_cylinder_0.5_0.5_det,outer,1,SA,0.1,1,Double,No_MP,750,140095
result_trotter_10_Heisenberg2D_cylinder_0.5_0.5_det,outer,1,SA,0.1,1,Double,No_Kink,1282,451456
result_trotter_10_Heisenberg2D_cylinder_0.5_0.5_det,outer,1,SA,0.1,1,Double,Yes_Kink,1350,459022
result_trotter_10_Heisenberg2D_cylinder_0.5_0.5_det,outer,1,SA,0.1,1,Proj.,No_MSF,390,90000
result_trotter_10_Heisenberg2D_cylinder_0.5_0.5_det,outer,1,SA,0.1,1,Proj.,No_Top,1160,141500
result_trotter_10_Heisenberg2D_cylinder_0.5_0.5_det,outer,1,SA,0.1,1,Proj.,No_MP,573,246320
result_trotter_10_Heisenberg2D_cylinder_0.5_0.5_det,outer,1,SA,0.1,1,Proj.,No_Kink,1399,553460
result_trotter_10_Heisenberg2D_cylinder_0.5_0.5_det,outer,1,SA,0.1,1,Proj.,Yes_Kink,1416,553323
result_SELECT_10_Heisenberg2D_cylinder_0.5_0.5_6,inner,1,random,0.0,4,Single,No_MSF,211,307392
result_SELECT_10_Heisenberg2D_cylinder_0.5_0.5_6,inner,1,random,0.0,4,Single,No_Top,233,330144
result_SELECT_10_Heisenberg2D_cylinder_0.5_0.5_6,inner,1,random,0.0,4,Single,No_MP,596,1507660
result_SELECT_10_Heisenberg2D_cylinder_0.5_0.5_6,inner,1,random,0.0,4,Single,No_Kink,614,1570428
result_SELECT_10_Heisenberg2D_cylinder_0.5_0.5_6,inner,1,random,0.0,4,Double,No_MSF,177,262784
result_SELECT_10_Heisenberg2D_cylinder_0.5_0.5_6,inner,1,random,0.0,4,Double,No_Top,219,311776
result_SELECT_10_Heisenberg2D_cylinder_0.5_0.5_6,inner,1,random,0.0,4,Double,No_MP,334,1179194
result_SELECT_10_Heisenberg2D_cylinder_0.5_0.5_6,inner,1,random,0.0,4,Double,No_Kink,361,1289319
result_SELECT_10_Heisenberg2D_cylinder_0.5_0.5_6,inner,1,random,0.0,4,Double,Yes_Kink,365,1300750
result_SELECT_10_Heisenberg2D_cylinder_0.5_0.5_6,inner,1,random,0.0,4,Proj.,No_MSF,108,172256
result_SELECT_10_Heisenberg2D_cylinder_0.5_0.5_6,inner,1,random,0.0,4,Proj.,No_Top,205,293408
result_SELECT_10_Heisenberg2D_cylinder_0.5_0.5_6,inner,1,random,0.0,4,Proj.,No_MP,236,1146080
result_SELECT_10_Heisenberg2D_cylinder_0.5_0.5_6,inner,1,random,0.0,4,Proj.,No_Kink,304,1428085
result_SELECT_10_Heisenberg2D_cylinder_0.5_0.5_6,inner,1,random,0.0,4,Proj.,Yes_Kink,310,1459696
result_trotter_10_Heisenberg2D_cylinder_0.5_0.5_rand,inner,2,SA,1.0,1,Single,No_MSF,744,125400
result_trotter_10_Heisenberg2D_cylinder_0.5_0.5_rand,inner,2,SA,1.0,1,Single,No_Top,1164,141900
result_trotter_10_Heisenberg2D_cylinder_0.5_0.5_rand,inner,2,SA,1.0,1,Single,No_MP,744,135840
result_trotter_10_Heisenberg2D_cylinder_0.5_0.5_rand,inner,2,SA,1.0,1,Single,No_Kink,1165,284696
result_trotter_10_Heisenberg2D_cylinder_0.5_0.5_rand,inner,2,SA,1.0,1,Single,Yes_Kink,1167,289040
result_trotter_10_Heisenberg2D_cylinder_0.5_0.5_rand,inner,2,SA,1.0,1,Double,No_MSF,721,123100
result_trotter_10_Heisenberg2D_cylinder_0.5_0.5_rand,inner,2,SA,1.0,1,Double,No_Top,1160,141500
result_trotter_10_Heisenberg2D_cylinder_0.5_0.5_rand,inner,2,SA,1.0,1,Double,No_MP,722,135591
result_trotter_10_Heisenberg2D_cylinder_0.5_0.5_rand,inner,2,SA,1.0,1,Double,No_Kink,1161,285096
result_trotter_10_Heisenberg2D_cylinder_0.5_0.5_rand,inner,2,SA,1.0,1,Double,Yes_Kink,1163,309662
result_trotter_10_Heisenberg2D_cylinder_0.5_0.5_rand,inner,2,SA,1.0,1,Proj.,No_MSF,390,90000
result_trotter_10_Heisenberg2D_cylinder_0.5_0.5_rand,inner,2,SA,1.0,1,Proj.,No_Top,1160,141500
result_trotter_10_Heisenberg2D_cylinder_0.5_0.5_rand,inner,2,SA,1.0,1,Proj.,No_MP,488,255407
result_trotter_10_Heisenberg2D_cylinder_0.5_0.5_rand,inner,2,SA,1.0,1,Proj.,No_Kink,1272,760819
result_trotter_10_Heisenberg2D_cylinder_0.5_0.5_rand,inner,2,SA,1.0,1,Proj.,Yes_Kink,1285,763888
result_SELECT_10_Heisenberg2D_cylinder_0.5_0.5_6,inner,2,SA,1.0,10,Single,No_MSF,211,344064
result_SELECT_10_Heisenberg2D_cylinder_0.5_0.5_6,inner,2,SA,1.0,10,Single,No_Top,463,668576
result_SELECT_10_Heisenberg2D_cylinder_0.5_0.5_6,inner,2,SA,1.0,10,Single,No_MP,211,450030
result_SELECT_10_Heisenberg2D_cylinder_0.5_0.5_6,inner,2,SA,1.0,10,Single,No_Kink,461,896049
result_SELECT_10_Heisenberg2D_cylinder_0.5_0.5_6,inner,2,SA,1.0,10,Single,Yes_Kink,461,904958
result_SELECT_10_Heisenberg2D_cylinder_0.5_0.5_6,inner,2,SA,1.0,10,Double,No_MSF,177,299456
result_SELECT_10_Heisenberg2D_cylinder_0.5_0.5_6,inner,2,SA,1.0,10,Double,No_Top,454,656768
result_SELECT_10_Heisenberg2D_cylinder_0.5_0.5_6,inner,2,SA,1.0,10,Double,No_MP,180,418673
result_SELECT_10_Heisenberg2D_cylinder_0.5_0.5_6,inner,2,SA,1.0,10,Double,No_Kink,455,912570
result_SELECT_10_Heisenberg2D_cylinder_0.5_0.5_6,inner,2,SA,1.0,10,Double,Yes_Kink,455,911494
result_SELECT_10_Heisenberg2D_cylinder_0.5_0.5_6,inner,2,SA,1.0,10,Proj.,No_MSF,108,208928
result_SELECT_10_Heisenberg2D_cylinder_0.5_0.5_6,inner,2,SA,1.0,10,Proj.,No_Top,451,652832
result_SELECT_10_Heisenberg2D_cylinder_0.5_0.5_6,inner,2,SA,1.0,10,Proj.,No_MP,125,621383
result_SELECT_10_Heisenberg2D_cylinder_0.5_0.5_6,inner,2,SA,1.0,10,Proj.,No_Kink,1540,4863974
result_SELECT_10_Heisenberg2D_cylinder_0.5_0.5_6,inner,2,SA,1.0,10,Proj.,Yes_Kink,1573,4879252
result_trotter_10_Heisenberg2D_cylinder_0.5_0.5_rand,outer,1,SA,0.1,2,Single,No_MSF,744,150900
result_trotter_10_Heisenberg2D_cylinder_0.5_0.5_rand,outer,1,SA,0.1,2,Single,No_Top,1742,225200
result_trotter_10_Heisenberg2D_cylinder_0.5_0.5_rand,outer,1,SA,0.1,2,Single,No_MP,744,162658
result_trotter_10_Heisenberg2D_cylinder_0.5_0.5_rand,outer,1,SA,0.1,2,Single,No_Kink,1756,467232
result_trotter_10_Heisenberg2D_cylinder_0.5_0.5_rand,outer,1,SA,0.1,2,Double,No_MSF,721,148600
result_trotter_10_Heisenberg2D_cylinder_0.5_0.5_rand,outer,1,SA,0.1,2,Double,No_Top,1740,225000
result_trotter_10_Heisenberg2D_cylinder_0.5_0.5_rand,outer,1,SA,0.1,2,Double,No_MP,722,161811
result_trotter_10_Heisenberg2D_cylinder_0.5_0.5_rand,outer,1,SA,0.1,2,Double,No_Kink,1742,498709
result_trotter_10_Heisenberg2D_cylinder_0.5_0.5_rand,outer,1,SA,0.1,2,Double,Yes_Kink,1749,530205
result_trotter_10_Heisenberg2D_cylinder_0.5_0.5_rand,outer,1,SA,0.1,2,Proj.,No_MSF,390,115500
result_trotter_10_Heisenberg2D_cylinder_0.5_0.5_rand,outer,1,SA,0.1,2,Proj.,No_Top,1740,225000
result_trotter_10_Heisenberg2D_cylinder_0.5_0.5_rand,outer,1,SA,0.1,2,Proj.,No_MP,512,255332
result_trotter_10_Heisenberg2D_cylinder_0.5_0.5_rand,outer,1,SA,0.1,2,Proj.,No_Kink,1871,776174
result_trotter_10_Heisenberg2D_cylinder_0.5_0.5_rand,outer,1,SA,0.1,2,Proj.,Yes_Kink,1868,770140
result_SELECT_10_Heisenberg2D_cylinder_0.5_0.5_6,outer,1,random,0.0,8,Single,No_MSF,211,331840
result_SELECT_10_Heisenberg2D_cylinder_0.5_0.5_6,outer,1,random,0.0,8,Single,No_Top,383,551392
result_SELECT_10_Heisenberg2D_cylinder_0.5_0.5_6,outer,1,random,0.0,8,Single,No_MP,553,1486040
result_SELECT_10_Heisenberg2D_cylinder_0.5_0.5_6,outer,1,random,0.0,8,Single,No_Kink,680,1776240
result_SELECT_10_Heisenberg2D_cylinder_0.5_0.5_6,outer,1,random,0.0,8,Double,No_MSF,177,287232
result_SELECT_10_Heisenberg2D_cylinder_0.5_0.5_6,outer,1,random,0.0,8,Double,No_Top,374,539584
result_SELECT_10_Heisenberg2D_cylinder_0.5_0.5_6,outer,1,random,0.0,8,Double,No_MP,328,1197371
result_SELECT_10_Heisenberg2D_cylinder_0.5_0.5_6,outer,1,random,0.0,8,Double,No_Kink,430,1518663
result_SELECT_10_Heisenberg2D_cylinder_0.5_0.5_6,outer,1,random,0.0,8,Double,Yes_Kink,431,1525001
result_SELECT_10_Heisenberg2D_cylinder_0.5_0.5_6,outer,1,random,0.0,8,Proj.,No_MSF,108,196704
result_SELECT_10_Heisenberg2D_cylinder_0.5_0.5_6,outer,1,random,0.0,8,Proj.,No_Top,369,533024
result_SELECT_10_Heisenberg2D_cylinder_0.5_0.5_6,outer,1,random,0.0,8,Proj.,No_MP,234,1149503
result_SELECT_10_Heisenberg2D_cylinder_0.5_0.5_6,outer,1,random,0.0,8,Proj.,No_Kink,378,1830949
result_SELECT_10_Heisenberg2D_cylinder_0.5_0.5_6,outer,1,random,0.0,8,Proj.,Yes_Kink,378,1828001
result_SELECT_10_Heisenberg2D_cylinder_0.5_0.5_6,outer,2,SA,0.1,8,Single,No_MSF,211,331840
result_SELECT_10_Heisenberg2D_cylinder_0.5_0.5_6,outer,2,SA,0.1,8,Single,No_Top,383,551392
result_SELECT_10_Heisenberg2D_cylinder_0.5_0.5_6,outer,2,SA,0.1,8,Single,No_MP,211,429644
result_SELECT_10_Heisenberg2D_cylinder_0.5_0.5_6,outer,2,SA,0.1,8,Single,No_Kink,379,816781
result_SELECT_10_Heisenberg2D_cylinder_0.5_0.5_6,outer,2,SA,0.1,8,Single,Yes_Kink,380,827836
result_SELECT_10_Heisenberg2D_cylinder_0.5_0.5_6,outer,2,SA,0.1,8,Double,No_MSF,177,287232
result_SELECT_10_Heisenberg2D_cylinder_0.5_0.5_6,outer,2,SA,0.1,8,Double,No_Top,374,539584
result_SELECT_10_Heisenberg2D_cylinder_0.5_0.5_6,outer,2,SA,0.1,8,Double,No_MP,180,398300
result_SELECT_10_Heisenberg2D_cylinder_0.5_0.5_6,outer,2,SA,0.1,8,Double,No_Kink,373,819213
result_SELECT_10_Heisenberg2D_cylinder_0.5_0.5_6,outer,2,SA,0.1,8,Double,Yes_Kink,373,820433
result_SELECT_10_Heisenberg2D_cylinder_0.5_0.5_6,outer,2,SA,0.1,8,Proj.,No_MSF,108,196704
result_SELECT_10_Heisenberg2D_cylinder_0.5_0.5_6,outer,2,SA,0.1,8,Proj.,No_Top,369,533024
result_SELECT_10_Heisenberg2D_cylinder_0.5_0.5_6,outer,2,SA,0.1,8,Proj.,No_MP,128,610970
result_SELECT_10_Heisenberg2D_cylinder_0.5_0.5_6,outer,2,SA,0.1,8,Proj.,No_Kink,378,1586933
result_SELECT_10_Heisenberg2D_cylinder_0.5_0.5_6,outer,2,SA,0.1,8,Proj.,Yes_Kink,378,1587001
result_SELECT_10_Heisenberg2D_cylinder_0.5_0.5_1,inner,2,naive,0.0,0,Single,No_MSF,4079,591856
result_SELECT_10_Heisenberg2D_cylinder_0.5_0.5_1,inner,2,naive,0.0,0,Single,No_Top,4079,587376
result_SELECT_10_Heisenberg2D_cylinder_0.5_0.5_1,inner,2,naive,0.0,0,Single,No_MP,4080,643581
result_SELECT_10_Heisenberg2D_cylinder_0.5_0.5_1,inner,2,naive,0.0,0,Single,No_Kink,4083,690326
result_SELECT_10_Heisenberg2D_cylinder_0.5_0.5_1,inner,2,naive,0.0,0,Single,Yes_Kink,4128,737542
result_SELECT_10_Heisenberg2D_cylinder_0.5_0.5_1,inner,2,naive,0.0,0,Double,No_MSF,3792,550528
result_SELECT_10_Heisenberg2D_cylinder_0.5_0.5_1,inner,2,naive,0.0,0,Double,No_Top,3792,546048
result_SELECT_10_Heisenberg2D_cylinder_0.5_0.5_1,inner,2,naive,0.0,0,Double,No_MP,3792,612937
result_SELECT_10_Heisenberg2D_cylinder_0.5_0.5_1,inner,2,naive,0.0,0,Double,No_Kink,3794,663589
result_SELECT_10_Heisenberg2D_cylinder_0.5_0.5_1,inner,2,naive,0.0,0,Double,Yes_Kink,3816,666438
result_SELECT_10_Heisenberg2D_cylinder_0.5_0.5_1,inner,2,naive,0.0,0,Proj.,No_MSF,3333,484432
result_SELECT_10_Heisenberg2D_cylinder_0.5_0.5_1,inner,2,naive,0.0,0,Proj.,No_Top,3333,479952
result_SELECT_10_Heisenberg2D_cylinder_0.5_0.5_1,inner,2,naive,0.0,0,Proj.,No_MP,3337,1415915
result_SELECT_10_Heisenberg2D_cylinder_0.5_0.5_1,inner,2,naive,0.0,0,Proj.,No_Kink,3376,1525522
result_SELECT_10_Heisenberg2D_cylinder_0.5_0.5_1,inner,2,naive,0.0,0,Proj.,Yes_Kink,3616,1596462
result_SELECT_10_Heisenberg2D_cylinder_0.5_0.5_4,outer,2,SA,0.01,2,Single,No_MSF,571,261360
result_SELECT_10_Heisenberg2D_cylinder_0.5_0.5_4,outer,2,SA,0.01,2,Single,No_Top,571,256464
result_SELECT_10_Heisenberg2D_cylinder_0.5_0.5_4,outer,2,SA,0.01,2,Single,No_MP,571,303973
result_SELECT_10_Heisenberg2D_cylinder_0.5_0.5_4,outer,2,SA,0.01,2,Single,No_Kink,572,349172
result_SELECT_10_Heisenberg2D_cylinder_0.5_0.5_4,outer,2,SA,0.01,2,Single,Yes_Kink,572,362897
result_SELECT_10_Heisenberg2D_cylinder_0.5_0.5_4,outer,2,SA,0.01,2,Double,No_MSF,522,240192
result_SELECT_10_Heisenberg2D_cylinder_0.5_0.5_4,outer,2,SA,0.01,2,Double,No_Top,522,235296
result_SELECT_10_Heisenberg2D_cylinder_0.5_0.5_4,outer,2,SA,0.01,2,Double,No_MP,523,292472
result_SELECT_10_Heisenberg2D_cylinder_0.5_0.5_4,outer,2,SA,0.01,2,Double,No_Kink,524,343314
result_SELECT_10_Heisenberg2D_cylinder_0.5_0.5_4,outer,2,SA,0.01,2,Double,Yes_Kink,542,347491
result_SELECT_10_Heisenberg2D_cylinder_0.5_0.5_4,outer,2,SA,0.01,2,Proj.,No_MSF,420,196128
result_SELECT_10_Heisenberg2D_cylinder_0.5_0.5_4,outer,2,SA,0.01,2,Proj.,No_Top,420,191232
result_SELECT_10_Heisenberg2D_cylinder_0.5_0.5_4,outer,2,SA,0.01,2,Proj.,No_MP,435,685192
result_SELECT_10_Heisenberg2D_cylinder_0.5_0.5_4,outer,2,SA,0.01,2,Proj.,No_Kink,441,801718
result_SELECT_10_Heisenberg2D_cylinder_0.5_0.5_4,outer,2,SA,0.01,2,Proj.,Yes_Kink,449,803563
result_SELECT_10_Heisenberg2D_cylinder_0.5_0.5_3,inner,1,SA,0.001,2,Single,No_MSF,1069,304784
result_SELECT_10_Heisenberg2D_cylinder_0.5_0.5_3,inner,1,SA,0.001,2,Single,No_Top,1069,300112
result_SELECT_10_Heisenberg2D_cylinder_0.5_0.5_3,inner,1,SA,0.001,2,Single,No_MP,1069,346244
result_SELECT_10_Heisenberg2D_cylinder_0.5_0.5_3,inner,1,SA,0.001,2,Single,No_Kink,1069,386398
result_SELECT_10_Heisenberg2D_cylinder_0.5_0.5_3,inner,1,SA,0.001,2,Double,No_MSF,987,282480
result_SELECT_10_Heisenberg2D_cylinder_0.5_0.5_3,inner,1,SA,0.001,2,Double,No_Top,987,277808
result_SELECT_10_Heisenberg2D_cylinder_0.5_0.5_3,inner,1,SA,0.001,2,Double,No_MP,988,331657
result_SELECT_10_Heisenberg2D_cylinder_0.5_0.5_3,inner,1,SA,0.001,2,Double,No_Kink,988,377242
result_SELECT_10_Heisenberg2D_cylinder_0.5_0.5_3,inner,1,SA,0.001,2,Double,Yes_Kink,991,378167
result_SELECT_10_Heisenberg2D_cylinder_0.5_0.5_3,inner,1,SA,0.001,2,Proj.,No_MSF,837,241680
result_SELECT_10_Heisenberg2D_cylinder_0.5_0.5_3,inner,1,SA,0.001,2,Proj.,No_Top,837,237008
result_SELECT_10_Heisenberg2D_cylinder_0.5_0.5_3,inner,1,SA,0.001,2,Proj.,No_MP,846,818918
result_SELECT_10_Heisenberg2D_cylinder_0.5_0.5_3,inner,1,SA,0.001,2,Proj.,No_Kink,855,920686
result_SELECT_10_Heisenberg2D_cylinder_0.5_0.5_3,inner,1,SA,0.001,2,Proj.,Yes_Kink,860,915390
result_SELECT_100_random_local_OBC_0_0_6,outer,2,SA,0.01,2,Single,No_MSF,247,306944
result_SELECT_100_random_local_OBC_0_0_6,outer,2,SA,0.01,2,Single,No_Top,247,302112
result_SELECT_100_random_local_OBC_0_0_6,outer,2,SA,0.01,2,Single,No_MP,284,487095
result_SELECT_100_random_local_OBC_0_0_6,outer,2,SA,0.01,2,Single,No_Kink,315,613067
result_SELECT_100_random_local_OBC_0_0_6,outer,2,SA,0.01,2,Single,Yes_Kink,330,643883
result_SELECT_100_random_local_OBC_0_0_6,outer,2,SA,0.01,2,Double,No_MSF,192,241824
result_SELECT_100_random_local_OBC_0_0_6,outer,2,SA,0.01,2,Double,No_Top,193,238176
result_SELECT_100_random_local_OBC_0_0_6,outer,2,SA,0.01,2,Double,No_MP,253,464094
result_SELECT_100_random_local_OBC_0_0_6,outer,2,SA,0.01,2,Double,No_Kink,281,603045
result_SELECT_100_random_local_OBC_0_0_6,outer,2,SA,0.01,2,Double,Yes_Kink,293,621636
result_SELECT_100_random_local_OBC_0_0_6,outer,2,SA,0.01,2,Proj.,No_MSF,128,166048
result_SELECT_100_random_local_OBC_0_0_6,outer,2,SA,0.01,2,Proj.,No_Top,128,161216
result_SELECT_100_random_local_OBC_0_0_6,outer,2,SA,0.01,2,Proj.,No_MP,176,755671
result_SELECT_100_random_local_OBC_0_0_6,outer,2,SA,0.01,2,Proj.,No_Kink,210,939406
result_SELECT_100_random_local_OBC_0_0_6,outer,2,SA,0.01,2,Proj.,Yes_Kink,226,1000706
result_SELECT_10_Heisenberg2D_cylinder_0.5_0.5_6,inner,2,random,0.0,10,Single,No_MSF,211,344064
result_SELECT_10_Heisenberg2D_cylinder_0.5_0.5_6,inner,2,random,0.0,10,Single,No_Top,463,668576
result_SELECT_10_Heisenberg2D_cylinder_0.5_0.5_6,inner,2,random,0.0,10,Single,No_MP,264,882761
result_SELECT_10_Heisenberg2D_cylinder_0.5_0.5_6,inner,2,random,0.0,10,Single,No_Kink,465,1240999
result_SELECT_10_Heisenberg2D_cylinder_0.5_0.5_6,inner,2,random,0.0,10,Single,Yes_Kink,466,1245016
result_SELECT_10_Heisenberg2D_cylinder_0.5_0.5_6,inner,2,random,0.0,10,Double,No_MSF,177,299456
result_SELECT_10_Heisenberg2D_cylinder_0.5_0.5_6,inner,2,random,0.0,10,Double,No_Top,454,656768
result_SELECT_10_Heisenberg2D_cylinder_0.5_0.5_6,inner,2,random,0.0,10,Double,No_MP,219,841964
result_SELECT_10_Heisenberg2D_cylinder_0.5_0.5_6,inner,2,random,0.0,10,Double,No_Kink,455,1232067
result_SELECT_10_Heisenberg2D_cylinder_0.5_0.5_6,inner,2,random,0.0,10,Double,Yes_Kink,456,1242871
result_SELECT_10_Heisenberg2D_cylinder_0.5_0.5_6,inner,2,random,0.0,10,Proj.,No_MSF,108,208928
result_SELECT_10_Heisenberg2D_cylinder_0.5_0.5_6,inner,2,random,0.0,10,Proj.,No_Top,451,652832
result_SELECT_10_Heisenberg2D_cylinder_0.5_0.5_6,inner,2,random,0.0,10,Proj.,No_MP,171,914530
result_SELECT_10_Heisenberg2D_cylinder_0.5_0.5_6,inner,2,random,0.0,10,Proj.,No_Kink,1403,5905722
result_SELECT_10_Heisenberg2D_cylinder_0.5_0.5_6,inner,2,random,0.0,10,Proj.,Yes_Kink,1266,5479573
result_trotter_10_Heisenberg2D_cylinder_0.5_0.5_rand,outer,1,SA,0.001,1,Single,No_MSF,744,125400
result_trotter_10_Heisenberg2D_cylinder_0.5_0.5_rand,outer,1,SA,0.001,1,Single,No_Top,1164,141900
result_trotter_10_Heisenberg2D_cylinder_0.5_0.5_rand,outer,1,SA,0.001,1,Single,No_MP,744,136742
result_trotter_10_Heisenberg2D_cylinder_0.5_0.5_rand,outer,1,SA,0.001,1,Single,No_Kink,1258,369432
result_trotter_10_Heisenberg2D_cylinder_0.5_0.5_rand,outer,1,SA,0.001,1,Double,No_MSF,721,123100
result_trotter_10_Heisenberg2D_cylinder_0.5_0.5_rand,outer,1,SA,0.001,1,Double,No_Top,1160,141500
result_trotter_10_Heisenberg2D_cylinder_0.5_0.5_rand,outer,1,SA,0.001,1,Double,No_MP,721,135743
result_trotter_10_Heisenberg2D_cylinder_0.5_0.5_rand,outer,1,SA,0.001,1,Double,No_Kink,1274,448380
result_trotter_10_Heisenberg2D_cylinder_0.5_0.5_rand,outer,1,SA,0.001,1,Double,Yes_Kink,1332,454289
result_trotter_10_Heisenberg2D_cylinder_0.5_0.5_rand,outer,1,SA,0.001,1,Proj.,No_MSF,390,90000
result_trotter_10_Heisenberg2D_cylinder_0.5_0.5_rand,outer,1,SA,0.001,1,Proj.,No_Top,1160,141500
result_trotter_10_Heisenberg2D_cylinder_0.5_0.5_rand,outer,1,SA,0.001,1,Proj.,No_MP,510,228350
result_trotter_10_Heisenberg2D_cylinder_0.5_0.5_rand,outer,1,SA,0.001,1,Proj.,No_Kink,1287,531655
result_trotter_10_Heisenberg2D_cylinder_0.5_0.5_rand,outer,1,SA,0.001,1,Proj.,Yes_Kink,1330,541364
result_SELECT_10_Heisenberg2D_cylinder_0.5_0.5_6,outer,2,SA,1.0,0,Single,No_MSF,211,282944
result_SELECT_10_Heisenberg2D_cylinder_0.5_0.5_6,outer,2,SA,1.0,0,Single,No_Top,211,276832
result_SELECT_10_Heisenberg2D_cylinder_0.5_0.5_6,outer,2,SA,1.0,0,Single,No_MP,211,389822
result_SELECT_10_Heisenberg2D_cylinder_0.5_0.5_6,outer,2,SA,1.0,0,Single,No_Kink,211,443628
result_SELECT_10_Heisenberg2D_cylinder_0.5_0.5_6,outer,2,SA,1.0,0,Single,Yes_Kink,215,466290
result_SELECT_10_Heisenberg2D_cylinder_0.5_0.5_6,outer,2,SA,1.0,0,Double,No_MSF,177,238336
result_SELECT_10_Heisenberg2D_cylinder_0.5_0.5_6,outer,2,SA,1.0,0,Double,No_Top,177,232224
result_SELECT_10_Heisenberg2D_cylinder_0.5_0.5_6,outer,2,SA,1.0,0,Double,No_MP,179,356651
result_SELECT_10_Heisenberg2D_cylinder_0.5_0.5_6,outer,2,SA,1.0,0,Double,No_Kink,185,430812
result_SELECT_10_Heisenberg2D_cylinder_0.5_0.5_6,outer,2,SA,1.0,0,Double,Yes_Kink,192,435259
result_SELECT_10_Heisenberg2D_cylinder_0.5_0.5_6,outer,2,SA,1.0,0,Proj.,No_MSF,108,147808
result_SELECT_10_Heisenberg2D_cylinder_0.5_0.5_6,outer,2,SA,1.0,0,Proj.,No_Top,108,141696
result_SELECT_10_Heisenberg2D_cylinder_0.5_0.5_6,outer,2,SA,1.0,0,Proj.,No_MP,129,531975
result_SELECT_10_Heisenberg2D_cylinder_0.5_0.5_6,outer,2,SA,1.0,0,Proj.,No_Kink,142,671765
result_SELECT_10_Heisenberg2D_cylinder_0.5_0.5_6,outer,2,SA,1.0,0,Proj.,Yes_Kink,150,703435
result_SELECT_10_Heisenberg2D_cylinder_0.5_0.5_6,outer,2,naive,0.0,6,Single,No_MSF,211,319616
result_SELECT_10_Heisenberg2D_cylinder_0.5_0.5_6,outer,2,naive,0.0,6,Single,No_Top,307,439456
result_SELECT_10_Heisenberg2D_cylinder_0.5_0.5_6,outer,2,naive,0.0,6,Single,No_MP,352,887698
result_SELECT_10_Heisenberg2D_cylinder_0.5_0.5_6,outer,2,naive,0.0,6,Single,No_Kink,562,1348775
result_SELECT_10_Heisenberg2D_cylinder_0.5_0.5_6,outer,2,naive,0.0,6,Single,Yes_Kink,527,1327213
result_SELECT_10_Heisenberg2D_cylinder_0.5_0.5_6,outer,2,naive,0.0,6,Double,No_MSF,177,275008
result_SELECT_10_Heisenberg2D_cylinder_0.5_0.5_6,outer,2,naive,0.0,6,Double,No_Top,295,423712
result_SELECT_10_Heisenberg2D_cylinder_0.5_0.5_6,outer,2,naive,0.0,6,Double,No_MP,301,838129
result_SELECT_10_Heisenberg2D_cylinder_0.5_0.5_6,outer,2,naive,0.0,6,Double,No_Kink,493,1296389
result_SELECT_10_Heisenberg2D_cylinder_0.5_0.5_6,outer,2,naive,0.0,6,Double,Yes_Kink,497,1305496
result_SELECT_10_Heisenberg2D_cylinder_0.5_0.5_6,outer,2,naive,0.0,6,Proj.,No_MSF,108,184480
result_SELECT_10_Heisenberg2D_cylinder_0.5_0.5_6,outer,2,naive,0.0,6,Proj.,No_Top,287,413216
result_SELECT_10_Heisenberg2D_cylinder_0.5_0.5_6,outer,2,naive,0.0,6,Proj.,No_MP,199,1010660
result_SELECT_10_Heisenberg2D_cylinder_0.5_0.5_6,outer,2,naive,0.0,6,Proj.,No_Kink,315,1551586
result_SELECT_10_Heisenberg2D_cylinder_0.5_0.5_6,outer,2,naive,0.0,6,Proj.,Yes_Kink,322,1573014
result_SELECT_100_random_local_OBC_0_0_6,outer,1,SA,1.0,2,Single,No_MSF,247,306944
result_SELECT_100_random_local_OBC_0_0_6,outer,1,SA,1.0,2,Single,No_Top,247,302112
result_SELECT_100_random_local_OBC_0_0_6,outer,1,SA,1.0,2,Single,No_MP,446,761736
result_SELECT_100_random_local_OBC_0_0_6,outer,1,SA,1.0,2,Single,No_Kink,556,973046
result_SELECT_100_random_local_OBC_0_0_6,outer,1,SA,1.0,2,Double,No_MSF,192,241824
result_SELECT_100_random_local_OBC_0_0_6,outer,1,SA,1.0,2,Double,No_Top,193,238176
result_SELECT_100_random_local_OBC_0_0_6,outer,1,SA,1.0,2,Double,No_MP,372,692827
result_SELECT_100_random_local_OBC_0_0_6,outer,1,SA,1.0,2,Double,No_Kink,458,896543
result_SELECT_100_random_local_OBC_0_0_6,outer,1,SA,1.0,2,Double,Yes_Kink,470,918992
result_SELECT_100_random_local_OBC_0_0_6,outer,1,SA,1.0,2,Proj.,No_MSF,128,166048
result_SELECT_100_random_local_OBC_0_0_6,outer,1,SA,1.0,2,Proj.,No_Top,128,161216
result_SELECT_100_random_local_OBC_0_0_6,outer,1,SA,1.0,2,Proj.,No_MP,271,1012662
result_SELECT_100_random_local_OBC_0_0_6,outer,1,SA,1.0,2,Proj.,No_Kink,342,1326588
result_SELECT_100_random_local_OBC_0_0_6,outer,1,SA,1.0,2,Proj.,Yes_Kink,357,1370978
result_SELECT_10_Heisenberg2D_cylinder_0.5_0.5_1,inner,2,SA,0.01,0,Single,No_MSF,4079,591856
result_SELECT_10_Heisenberg2D_cylinder_0.5_0.5_1,inner,2,SA,0.01,0,Single,No_Top,4079,587376
result_SELECT_10_Heisenberg2D_cylinder_0.5_0.5_1,inner,2,SA,0.01,0,Single,No_MP,4079,628176
result_SELECT_10_Heisenberg2D_cylinder_0.5_0.5_1,inner,2,SA,0.01,0,Single,No_Kink,4079,657926
result_SELECT_10_Heisenberg2D_cylinder_0.5_0.5_1,inner,2,SA,0.01,0,Single,Yes_Kink,4079,670370
result_SELECT_10_Heisenberg2D_cylinder_0.5_0.5_1,inner,2,SA,0.01,0,Double,No_MSF,3792,550528
result_SELECT_10_Heisenberg2D_cylinder_0.5_0.5_1,inner,2,SA,0.01,0,Double,No_Top,3792,546048
result_SELECT_10_Heisenberg2D_cylinder_0.5_0.5_1,inner,2,SA,0.01,0,Double,No_MP,3793,594656
result_SELECT_10_Heisenberg2D_cylinder_0.5_0.5_1,inner,2,SA,0.01,0,Double,No_Kink,3794,629185
result_SELECT_10_Heisenberg2D_cylinder_0.5_0.5_1,inner,2,SA,0.01,0,Double,Yes_Kink,3796,627269
result_SELECT_10_Heisenberg2D_cylinder_0.5_0.5_1,inner,2,SA,0.01,0,Proj.,No_MSF,3333,484432
result_SELECT_10_Heisenberg2D_cylinder_0.5_0.5_1,inner,2,SA,0.01,0,Proj.,No_Top,3333,479952
result_SELECT_10_Heisenberg2D_cylinder_0.5_0.5_1,inner,2,SA,0.01,0,Proj.,No_MP,3333,1493295
result_SELECT_10_Heisenberg2D_cylinder_0.5_0.5_1,inner,2,SA,0.01,0,Proj.,No_Kink,3339,1767499
result_SELECT_10_Heisenberg2D_cylinder_0.5_0.5_1,inner,2,SA,0.01,0,Proj.,Yes_Kink,3360,1745669
result_SELECT_10_Heisenberg2D_cylinder_0.5_0.5_5,inner,1,SA,0.01,2,Single,No_MSF,327,256704
result_SELECT_10_Heisenberg2D_cylinder_0.5_0.5_5,inner,1,SA,0.01,2,Single,No_Top,327,251360
result_SELECT_10_Heisenberg2D_cylinder_0.5_0.5_5,inner,1,SA,0.01,2,Single,No_MP,329,335188
result_SELECT_10_Heisenberg2D_cylinder_0.5_0.5_5,inner,1,SA,0.01,2,Single,No_Kink,331,394718
result_SELECT_10_Heisenberg2D_cylinder_0.5_0.5_5,inner,1,SA,0.01,2,Double,No_MSF,290,229472
result_SELECT_10_Heisenberg2D_cylinder_0.5_0.5_5,inner,1,SA,0.01,2,Double,No_Top,291,224864
result_SELECT_10_Heisenberg2D_cylinder_0.5_0.5_5,inner,1,SA,0.01,2,Double,No_MP,292,313111
result_SELECT_10_Heisenberg2D_cylinder_0.5_0.5_5,inner,1,SA,0.01,2,Double,No_Kink,294,384933
result_SELECT_10_Heisenberg2D_cylinder_0.5_0.5_5,inner,1,SA,0.01,2,Double,Yes_Kink,302,401950
result_SELECT_10_Heisenberg2D_cylinder_0.5_0.5_5,inner,1,SA,0.01,2,Proj.,No_MSF,213,172800
result_SELECT_10_Heisenberg2D_cylinder_0.5_0.5_5,inner,1,SA,0.01,2,Proj.,No_Top,213,167456
result_SELECT_10_Heisenberg2D_cylinder_0.5_0.5_5,inner,1,SA,0.01,2,Proj.,No_MP,232,597572
result_SELECT_10_Heisenberg2D_cylinder_0.5_0.5_5,inner,1,SA,0.01,2,Proj.,No_Kink,249,659947
result_SELECT_10_Heisenberg2D_cylinder_0.5_0.5_5,inner,1,SA,0.01,2,Proj.,Yes_Kink,263,683567
result_SELECT_10_Heisenberg2D_cylinder_0.5_0.5_6,outer,2,random,0.0,10,Single,No_MSF,211,344064
result_SELECT_10_Heisenberg2D_cylinder_0.5_0.5_6,outer,2,random,0.0,10,Single,No_Top,463,668576
result_SELECT_10_Heisenberg2D_cylinder_0.5_0.5_6,outer,2,random,0.0,10,Single,No_MP,253,862536
result_SELECT_10_Heisenberg2D_cylinder_0.5_0.5_6,outer,2,random,0.0,10,Single,No_Kink,463,1279756
result_SELECT_10_Heisenberg2D_cylinder_0.5_0.5_6,outer,2,random,0.0,10,Single,Yes_Kink,463,1284900
result_SELECT_10_Heisenberg2D_cylinder_0.5_0.5_6,outer,2,random,0.0,10,Double,No_MSF,177,299456
result_SELECT_10_Heisenberg2D_cylinder_0.5_0.5_6,outer,2,random,0.0,10,Double,No_Top,454,656768
result_SELECT_10_Heisenberg2D_cylinder_0.5_0.5_6,outer,2,random,0.0,10,Double,No_MP,213,826490
result_SELECT_10_Heisenberg2D_cylinder_0.5_0.5_6,outer,2,random,0.0,10,Double,No_Kink,451,1276884
result_SELECT_10_Heisenberg2D_cylinder_0.5_0.5_6,outer,2,random,0.0,10,Double,Yes_Kink,453,1276870
result_SELECT_10_Heisenberg2D_cylinder_0.5_0.5_6,outer,2,random,0.0,10,Proj.,No_MSF,108,208928
result_SELECT_10_Heisenberg2D_cylinder_0.5_0.5_6,outer,2,random,0.0,10,Proj.,No_Top,451,652832
result_SELECT_10_Heisenberg2D_cylinder_0.5_0.5_6,outer,2,random,0.0,10,Proj.,No_MP,168,892589
result_SELECT_10_Heisenberg2D_cylinder_0.5_0.5_6,outer,2,random,0.0,10,Proj.,No_Kink,1804,6773902
result_SELECT_10_Heisenberg2D_cylinder_0.5_0.5_6,outer,2,random,0.0,10,Proj.,Yes_Kink,1771,6703495
result_SELECT_10_Heisenberg2D_cylinder_0.5_0.5_0,outer,2,SA,1.0,2,Single,No_MSF,8099,1001446
result_SELECT_10_Heisenberg2D_cylinder_0.5_0.5_0,outer,2,SA,1.0,2,Single,No_Top,8101,997234
result_SELECT_10_Heisenberg2D_cylinder_0.5_0.5_0,outer,2,SA,1.0,2,Single,No_MP,8099,1039978
result_SELECT_10_Heisenberg2D_cylinder_0.5_0.5_0,outer,2,SA,1.0,2,Single,No_Kink,8101,1050606
result_SELECT_10_Heisenberg2D_cylinder_0.5_0.5_0,outer,2,SA,1.0,2,Single,Yes_Kink,8101,1062033
result_SELECT_10_Heisenberg2D_cylinder_0.5_0.5_0,outer,2,SA,1.0,2,Double,No_MSF,7536,932760
result_SELECT_10_Heisenberg2D_cylinder_0.5_0.5_0,outer,2,SA,1.0,2,Double,No_Top,7537,928426
result_SELECT_10_Heisenberg2D_cylinder_0.5_0.5_0,outer,2,SA,1.0,2,Double,No_MP,7536,979374
result_SELECT_10_Heisenberg2D_cylinder_0.5_0.5_0,outer,2,SA,1.0,2,Double,No_Kink,7537,995474
result_SELECT_10_Heisenberg2D_cylinder_0.5_0.5_0,outer,2,SA,1.0,2,Double,Yes_Kink,7537,993810
result_SELECT_10_Heisenberg2D_cylinder_0.5_0.5_0,outer,2,SA,1.0,2,Proj.,No_MSF,6660,825888
result_SELECT_10_Heisenberg2D_cylinder_0.5_0.5_0,outer,2,SA,1.0,2,Proj.,No_Top,6660,821432
result_SELECT_10_Heisenberg2D_cylinder_0.5_0.5_0,outer,2,SA,1.0,2,Proj.,No_MP,6660,2336566
result_SELECT_10_Heisenberg2D_cylinder_0.5_0.5_0,outer,2,SA,1.0,2,Proj.,No_Kink,6660,2732902
result_SELECT_10_Heisenberg2D_cylinder_0.5_0.5_0,outer,2,SA,1.0,2,Proj.,Yes_Kink,6660,2691488
result_SELECT_10_Heisenberg2D_cylinder_0.5_0.5_6,outer,1,naive,0.0,8,Single,No_MSF,211,331840
result_SELECT_10_Heisenberg2D_cylinder_0.5_0.5_6,outer,1,naive,0.0,8,Single,No_Top,383,551392
result_SELECT_10_Heisenberg2D_cylinder_0.5_0.5_6,outer,1,naive,0.0,8,Single,No_MP,640,1513988
result_SELECT_10_Heisenberg2D_cylinder_0.5_0.5_6,outer,1,naive,0.0,8,Single,No_Kink,881,1972198
result_SELECT_10_Heisenberg2D_cylinder_0.5_0.5_6,outer,1,naive,0.0,8,Double,No_MSF,177,287232
result_SELECT_10_Heisenberg2D_cylinder_0.5_0.5_6,outer,1,naive,0.0,8,Double,No_Top,374,539584
result_SELECT_10_Heisenberg2D_cylinder_0.5_0.5_6,outer,1,naive,0.0,8,Double,No_MP,468,1300107
result_SELECT_10_Heisenberg2D_cylinder_0.5_0.5_6,outer,1,naive,0.0,8,Double,No_Kink,657,1743334
result_SELECT_10_Heisenberg2D_cylinder_0.5_0.5_6,outer,1,naive,0.0,8,Double,Yes_Kink,666,1754429
result_SELECT_10_Heisenberg2D_cylinder_0.5_0.5_6,outer,1,naive,0.0,8,Proj.,No_MSF,108,196704
result_SELECT_10_Heisenberg2D_cylinder_0.5_0.5_6,outer,1,naive,0.0,8,Proj.,No_Top,369,533024
result_SELECT_10_Heisenberg2D_cylinder_0.5_0.5_6,outer,1,naive,0.0,8,Proj.,No_MP,293,1399490
result_SELECT_10_Heisenberg2D_cylinder_0.5_0.5_6,outer,1,naive,0.0,8,Proj.,No_Kink,414,1992153
result_SELECT_10_Heisenberg2D_cylinder_0.5_0.5_6,outer,1,naive,0.0,8,Proj.,Yes_Kink,423,2021099
result_SELECT_10_Heisenberg2D_cylinder_0.5_0.5_6,inner,1,SA,1.0,8,Single,No_MSF,211,331840
result_SELECT_10_Heisenberg2D_cylinder_0.5_0.5_6,inner,1,SA,1.0,8,Single,No_Top,383,551392
result_SELECT_10_Heisenberg2D_cylinder_0.5_0.5_6,inner,1,SA,1.0,8,Single,No_MP,216,487492
result_SELECT_10_Heisenberg2D_cylinder_0.5_0.5_6,inner,1,SA,1.0,8,Single,No_Kink,390,925444
result_SELECT_10_Heisenberg2D_cylinder_0.5_0.5_6,inner,1,SA,1.0,8,Double,No_MSF,177,287232
result_SELECT_10_Heisenberg2D_cylinder_0.5_0.5_6,inner,1,SA,1.0,8,Double,No_Top,374,539584
result_SELECT_10_Heisenberg2D_cylinder_0.5_0.5_6,inner,1,SA,1.0,8,Double,No_MP,184,450304
result_SELECT_10_Heisenberg2D_cylinder_0.5_0.5_6,inner,1,SA,1.0,8,Double,No_Kink,375,924609
result_SELECT_10_Heisenberg2D_cylinder_0.5_0.5_6,inner,1,SA,1.0,8,Double,Yes_Kink,377,928324
result_SELECT_10_Heisenberg2D_cylinder_0.5_0.5_6,inner,1,SA,1.0,8,Proj.,No_MSF,108,196704
result_SELECT_10_Heisenberg2D_cylinder_0.5_0.5_6,inner,1,SA,1.0,8,Proj.,No_Top,369,533024
result_SELECT_10_Heisenberg2D_cylinder_0.5_0.5_6,inner,1,SA,1.0,8,Proj.,No_MP,135,616549
result_SELECT_10_Heisenberg2D_cylinder_0.5_0.5_6,inner,1,SA,1.0,8,Proj.,No_Kink,905,2929941
result_SELECT_10_Heisenberg2D_cylinder_0.5_0.5_6,inner,1,SA,1.0,8,Proj.,Yes_Kink,873,2792412
result_SELECT_10_Heisenberg2D_cylinder_0.5_0.5_6,outer,2,SA,0.001,6,Single,No_MSF,211,319616
result_SELECT_10_Heisenberg2D_cylinder_0.5_0.5_6,outer,2,SA,0.001,6,Single,No_Top,307,439456
result_SELECT_10_Heisenberg2D_cylinder_0.5_0.5_6,outer,2,SA,0.001,6,Single,No_MP,211,418138
result_SELECT_10_Heisenberg2D_cylinder_0.5_0.5_6,outer,2,SA,0.001,6,Single,No_Kink,302,718738
result_SELECT_10_Heisenberg2D_cylinder_0.5_0.5_6,outer,2,SA,0.001,6,Single,Yes_Kink,302,737042
result_SELECT_10_Heisenberg2D_cylinder_0.5_0.5_6,outer,2,SA,0.001,6,Double,No_MSF,177,275008
result_SELECT_10_Heisenberg2D_cylinder_0.5_0.5_6,outer,2,SA,0.001,6,Double,No_Top,295,423712
result_SELECT_10_Heisenberg2D_cylinder_0.5_0.5_6,outer,2,SA,0.001,6,Double,No_MP,179,385528
result_SELECT_10_Heisenberg2D_cylinder_0.5_0.5_6,outer,2,SA,0.001,6,Double,No_Kink,290,709471
result_SELECT_10_Heisenberg2D_cylinder_0.5_0.5_6,outer,2,SA,0.001,6,Double,Yes_Kink,293,721104
result_SELECT_10_Heisenberg2D_cylinder_0.5_0.5_6,outer,2,SA,0.001,6,Proj.,No_MSF,108,184480
result_SELECT_10_Heisenberg2D_cylinder_0.5_0.5_6,outer,2,SA,0.001,6,Proj.,No_Top,287,413216
result_SELECT_10_Heisenberg2D_cylinder_0.5_0.5_6,outer,2,SA,0.001,6,Proj.,No_MP,125,603237
result_SELECT_10_Heisenberg2D_cylinder_0.5_0.5_6,outer,2,SA,0.001,6,Proj.,No_Kink,288,1322690
result_SELECT_10_Heisenberg2D_cylinder_0.5_0.5_6,outer,2,SA,0.001,6,Proj.,Yes_Kink,288,1334795
result_SELECT_10_Heisenberg2D_cylinder_0.5_0.5_2,outer,2,SA,1.0,0,Single,No_MSF,2072,394080
result_SELECT_10_Heisenberg2D_cylinder_0.5_0.5_2,outer,2,SA,1.0,0,Single,No_Top,2072,389536
result_SELECT_10_Heisenberg2D_cylinder_0.5_0.5_2,outer,2,SA,1.0,0,Single,No_MP,2072,430170
result_SELECT_10_Heisenberg2D_cylinder_0.5_0.5_2,outer,2,SA,1.0,0,Single,No_Kink,2072,442125
result_SELECT_10_Heisenberg2D_cylinder_0.5_0.5_2,outer,2,SA,1.0,0,Single,Yes_Kink,2072,454194
result_SELECT_10_Heisenberg2D_cylinder_0.5_0.5_2,outer,2,SA,1.0,0,Double,No_MSF,1921,365692
result_SELECT_10_Heisenberg2D_cylinder_0.5_0.5_2,outer,2,SA,1.0,0,Double,No_Top,1921,361148
result_SELECT_10_Heisenberg2D_cylinder_0.5_0.5_2,outer,2,SA,1.0,0,Double,No_MP,1921,410278
result_SELECT_10_Heisenberg2D_cylinder_0.5_0.5_2,outer,2,SA,1.0,0,Double,No_Kink,1921,428457
result_SELECT_10_Heisenberg2D_cylinder_0.5_0.5_2,outer,2,SA,1.0,0,Double,Yes_Kink,1922,424737
result_SELECT_10_Heisenberg2D_cylinder_0.5_0.5_2,outer,2,SA,1.0,0,Proj.,No_MSF,1668,318128
result_SELECT_10_Heisenberg2D_cylinder_0.5_0.5_2,outer,2,SA,1.0,0,Proj.,No_Top,1668,313584
result_SELECT_10_Heisenberg2D_cylinder_0.5_0.5_2,outer,2,SA,1.0,0,Proj.,No_MP,1668,1033776
result_SELECT_10_Heisenberg2D_cylinder_0.5_0.5_2,outer,2,SA,1.0,0,Proj.,No_Kink,1675,1225700
result_SELECT_10_Heisenberg2D_cylinder_0.5_0.5_2,outer,2,SA,1.0,0,Proj.,Yes_Kink,1694,1224720
result_SELECT_10_Heisenberg2D_cylinder_0.5_0.5_2,inner,2,random,0.0,0,Single,No_MSF,2072,394080
result_SELECT_10_Heisenberg2D_cylinder_0.5_0.5_2,inner,2,random,0.0,0,Single,No_Top,2072,389536
result_SELECT_10_Heisenberg2D_cylinder_0.5_0.5_2,inner,2,random,0.0,0,Single,No_MP,2073,527088
result_SELECT_10_Heisenberg2D_cylinder_0.5_0.5_2,inner,2,random,0.0,0,Single,No_Kink,2073,532788
result_SELECT_10_Heisenberg2D_cylinder_0.5_0.5_2,inner,2,random,0.0,0,Single,Yes_Kink,2072,541095
result_SELECT_10_Heisenberg2D_cylinder_0.5_0.5_2,inner,2,random,0.0,0,Double,No_MSF,1921,365692
result_SELECT_10_Heisenberg2D_cylinder_0.5_0.5_2,inner,2,random,0.0,0,Double,No_Top,1921,361148
result_SELECT_10_Heisenberg2D_cylinder_0.5_0.5_2,inner,2,random,0.0,0,Double,No_MP,1921,506012
result_SELECT_10_Heisenberg2D_cylinder_0.5_0.5_2,inner,2,random,0.0,0,Double,No_Kink,1921,517277
result_SELECT_10_Heisenberg2D_cylinder_0.5_0.5_2,inner,2,random,0.0,0,Double,Yes_Kink,1992,529682
result_SELECT_10_Heisenberg2D_cylinder_0.5_0.5_2,inner,2,random,0.0,0,Proj.,No_MSF,1668,318128
result_SELECT_10_Heisenberg2D_cylinder_0.5_0.5_2,inner,2,random,0.0,0,Proj.,No_Top,1668,313584
result_SELECT_10_Heisenberg2D_cylinder_0.5_0.5_2,inner,2,random,0.0,0,Proj.,No_MP,1676,1310186
result_SELECT_10_Heisenberg2D_cylinder_0.5_0.5_2,inner,2,random,0.0,0,Proj.,No_Kink,1679,1338238
result_SELECT_10_Heisenberg2D_cylinder_0.5_0.5_2,inner,2,random,0.0,0,Proj.,Yes_Kink,1678,1329769
result_SELECT_10_Heisenberg2D_cylinder_0.5_0.5_1,inner,2,random,0.0,0,Single,No_MSF,4079,591856
result_SELECT_10_Heisenberg2D_cylinder_0.5_0.5_1,inner,2,random,0.0,0,Single,No_Top,4079,587376
result_SELECT_10_Heisenberg2D_cylinder_0.5_0.5_1,inner,2,random,0.0,0,Single,No_MP,4080,684683
result_SELECT_10_Heisenberg2D_cylinder_0.5_0.5_1,inner,2,random,0.0,0,Single,No_Kink,4080,689111
result_SELECT_10_Heisenberg2D_cylinder_0.5_0.5_1,inner,2,random,0.0,0,Single,Yes_Kink,4079,700291
result_SELECT_10_Heisenberg2D_cylinder_0.5_0.5_1,inner,2,random,0.0,0,Double,No_MSF,3792,550528
result_SELECT_10_Heisenberg2D_cylinder_0.5_0.5_1,inner,2,random,0.0,0,Double,No_Top,3792,546048
result_SELECT_10_Heisenberg2D_cylinder_0.5_0.5_1,inner,2,random,0.0,0,Double,No_MP,3792,650439
result_SELECT_10_Heisenberg2D_cylinder_0.5_0.5_1,inner,2,random,0.0,0,Double,No_Kink,3792,660036
result_SELECT_10_Heisenberg2D_cylinder_0.5_0.5_1,inner,2,random,0.0,0,Double,Yes_Kink,3820,666465
result_SELECT_10_Heisenberg2D_cylinder_0.5_0.5_1,inner,2,random,0.0,0,Proj.,No_MSF,3333,484432
result_SELECT_10_Heisenberg2D_cylinder_0.5_0.5_1,inner,2,random,0.0,0,Proj.,No_Top,3333,479952
result_SELECT_10_Heisenberg2D_cylinder_0.5_0.5_1,inner,2,random,0.0,0,Proj.,No_MP,3334,2012804
result_SELECT_10_Heisenberg2D_cylinder_0.5_0.5_1,inner,2,random,0.0,0,Proj.,No_Kink,3335,2025235
result_SELECT_10_Heisenberg2D_cylinder_0.5_0.5_1,inner,2,random,0.0,0,Proj.,Yes_Kink,3335,2002049
result_SELECT_10_Heisenberg2D_cylinder_0.5_0.5_5,inner,2,SA,1.0,0,Single,No_MSF,327,246016
result_SELECT_10_Heisenberg2D_cylinder_0.5_0.5_5,inner,2,SA,1.0,0,Single,No_Top,327,240672
result_SELECT_10_Heisenberg2D_cylinder_0.5_0.5_5,inner,2,SA,1.0,0,Single,No_MP,327,309650
result_SELECT_10_Heisenberg2D_cylinder_0.5_0.5_5,inner,2,SA,1.0,0,Single,No_Kink,327,320818
result_SELECT_10_Heisenberg2D_cylinder_0.5_0.5_5,inner,2,SA,1.0,0,Single,Yes_Kink,327,335435
result_SELECT_10_Heisenberg2D_cylinder_0.5_0.5_5,inner,2,SA,1.0,0,Double,No_MSF,290,218784
result_SELECT_10_Heisenberg2D_cylinder_0.5_0.5_5,inner,2,SA,1.0,0,Double,No_Top,290,213440
result_SELECT_10_Heisenberg2D_cylinder_0.5_0.5_5,inner,2,SA,1.0,0,Double,No_MP,290,291186
result_SELECT_10_Heisenberg2D_cylinder_0.5_0.5_5,inner,2,SA,1.0,0,Double,No_Kink,292,311818
result_SELECT_10_Heisenberg2D_cylinder_0.5_0.5_5,inner,2,SA,1.0,0,Double,Yes_Kink,301,317586
result_SELECT_10_Heisenberg2D_cylinder_0.5_0.5_5,inner,2,SA,1.0,0,Proj.,No_MSF,213,162112
result_SELECT_10_Heisenberg2D_cylinder_0.5_0.5_5,inner,2,SA,1.0,0,Proj.,No_Top,213,156768
result_SELECT_10_Heisenberg2D_cylinder_0.5_0.5_5,inner,2,SA,1.0,0,Proj.,No_MP,228,629068
result_SELECT_10_Heisenberg2D_cylinder_0.5_0.5_5,inner,2,SA,1.0,0,Proj.,No_Kink,229,667903
result_SELECT_10_Heisenberg2D_cylinder_0.5_0.5_5,inner,2,SA,1.0,0,Proj.,Yes_Kink,236,682447
result_trotter_10_Heisenberg2D_cylinder_0.5_0.5_det,outer,1,SA,1.0,2,Single,No_MSF,756,152100
result_trotter_10_Heisenberg2D_cylinder_0.5_0.5_det,outer,1,SA,1.0,2,Single,No_Top,1742,225200
result_trotter_10_Heisenberg2D_cylinder_0.5_0.5_det,outer,1,SA,1.0,2,Single,No_MP,758,165636
result_trotter_10_Heisenberg2D_cylinder_0.5_0.5_det,outer,1,SA,1.0,2,Single,No_Kink,1773,474638
result_trotter_10_Heisenberg2D_cylinder_0.5_0.5_det,outer,1,SA,1.0,2,Double,No_MSF,749,151400
result_trotter_10_Heisenberg2D_cylinder_0.5_0.5_det,outer,1,SA,1.0,2,Double,No_Top,1740,225000
result_trotter_10_Heisenberg2D_cylinder_0.5_0.5_det,outer,1,SA,1.0,2,Double,No_MP,749,166351
result_trotter_10_Heisenberg2D_cylinder_0.5_0.5_det,outer,1,SA,1.0,2,Double,No_Kink,1751,538759
result_trotter_10_Heisenberg2D_cylinder_0.5_0.5_det,outer,1,SA,1.0,2,Double,Yes_Kink,1770,557827
result_trotter_10_Heisenberg2D_cylinder_0.5_0.5_det,outer,1,SA,1.0,2,Proj.,No_MSF,390,115500
result_trotter_10_Heisenberg2D_cylinder_0.5_0.5_det,outer,1,SA,1.0,2,Proj.,No_Top,1740,225000
result_trotter_10_Heisenberg2D_cylinder_0.5_0.5_det,outer,1,SA,1.0,2,Proj.,No_MP,543,263991
result_trotter_10_Heisenberg2D_cylinder_0.5_0.5_det,outer,1,SA,1.0,2,Proj.,No_Kink,1925,792755
result_trotter_10_Heisenberg2D_cylinder_0.5_0.5_det,outer,1,SA,1.0,2,Proj.,Yes_Kink,1936,787053
result_SELECT_10_Heisenberg2D_cylinder_0.5_0.5_4,inner,2,SA,1.0,0,Single,No_MSF,571,251568
result_SELECT_10_Heisenberg2D_cylinder_0.5_0.5_4,inner,2,SA,1.0,0,Single,No_Top,571,246672
result_SELECT_10_Heisenberg2D_cylinder_0.5_0.5_4,inner,2,SA,1.0,0,Single,No_MP,571,295806
result_SELECT_10_Heisenberg2D_cylinder_0.5_0.5_4,inner,2,SA,1.0,0,Single,No_Kink,571,300755
result_SELECT_10_Heisenberg2D_cylinder_0.5_0.5_4,inner,2,SA,1.0,0,Single,Yes_Kink,571,313961
result_SELECT_10_Heisenberg2D_cylinder_0.5_0.5_4,inner,2,SA,1.0,0,Double,No_MSF,522,230400
result_SELECT_10_Heisenberg2D_cylinder_0.5_0.5_4,inner,2,SA,1.0,0,Double,No_Top,522,225504
result_SELECT_10_Heisenberg2D_cylinder_0.5_0.5_4,inner,2,SA,1.0,0,Double,No_MP,522,283673
result_SELECT_10_Heisenberg2D_cylinder_0.5_0.5_4,inner,2,SA,1.0,0,Double,No_Kink,522,295901
result_SELECT_10_Heisenberg2D_cylinder_0.5_0.5_4,inner,2,SA,1.0,0,Double,Yes_Kink,540,302222
result_SELECT_10_Heisenberg2D_cylinder_0.5_0.5_4,inner,2,SA,1.0,0,Proj.,No_MSF,420,186336
result_SELECT_10_Heisenberg2D_cylinder_0.5_0.5_4,inner,2,SA,1.0,0,Proj.,No_Top,420,181440
result_SELECT_10_Heisenberg2D_cylinder_0.5_0.5_4,inner,2,SA,1.0,0,Proj.,No_MP,431,681379
result_SELECT_10_Heisenberg2D_cylinder_0.5_0.5_4,inner,2,SA,1.0,0,Proj.,No_Kink,434,756041
result_SELECT_10_Heisenberg2D_cylinder_0.5_0.5_4,inner,2,SA,1.0,0,Proj.,Yes_Kink,435,750720
result_SELECT_10_Heisenberg2D_cylinder_0.5_0.5_4,outer,1,SA,0.001,0,Single,No_MSF,571,251568
result_SELECT_10_Heisenberg2D_cylinder_0.5_0.5_4,outer,1,SA,0.001,0,Single,No_Top,571,246672
result_SELECT_10_Heisenberg2D_cylinder_0.5_0.5_4,outer,1,SA,0.001,0,Single,No_MP,571,302714
result_SELECT_10_Heisenberg2D_cylinder_0.5_0.5_4,outer,1,SA,0.001,0,Single,No_Kink,575,356226
result_SELECT_10_Heisenberg2D_cylinder_0.5_0.5_4,outer,1,SA,0.001,0,Double,No_MSF,522,230400
result_SELECT_10_Heisenberg2D_cylinder_0.5_0.5_4,outer,1,SA,0.001,0,Double,No_Top,522,225504
result_SELECT_10_Heisenberg2D_cylinder_0.5_0.5_4,outer,1,SA,0.001,0,Double,No_MP,522,289033
result_SELECT_10_Heisenberg2D_cylinder_0.5_0.5_4,outer,1,SA,0.001,0,Double,No_Kink,525,345155
result_SELECT_10_Heisenberg2D_cylinder_0.5_0.5_4,outer,1,SA,0.001,0,Double,Yes_Kink,533,347772
result_SELECT_10_Heisenberg2D_cylinder_0.5_0.5_4,outer,1,SA,0.001,0,Proj.,No_MSF,420,186336
result_SELECT_10_Heisenberg2D_cylinder_0.5_0.5_4,outer,1,SA,0.001,0,Proj.,No_Top,420,181440
result_SELECT_10_Heisenberg2D_cylinder_0.5_0.5_4,outer,1,SA,0.001,0,Proj.,No_MP,433,666019
result_SELECT_10_Heisenberg2D_cylinder_0.5_0.5_4,outer,1,SA,0.001,0,Proj.,No_Kink,444,712785
result_SELECT_10_Heisenberg2D_cylinder_0.5_0.5_4,outer,1,SA,0.001,0,Proj.,Yes_Kink,447,712057
result_SELECT_10_Heisenberg2D_cylinder_0.5_0.5_1,outer,1,SA,0.001,0,Single,No_MSF,4079,591856
result_SELECT_10_Heisenberg2D_cylinder_0.5_0.5_1,outer,1,SA,0.001,0,Single,No_Top,4079,587376
result_SELECT_10_Heisenberg2D_cylinder_0.5_0.5_1,outer,1,SA,0.001,0,Single,No_MP,4079,634584
result_SELECT_10_Heisenberg2D_cylinder_0.5_0.5_1,outer,1,SA,0.001,0,Single,No_Kink,4079,683052
result_SELECT_10_Heisenberg2D_cylinder_0.5_0.5_1,outer,1,SA,0.001,0,Double,No_MSF,3792,550528
result_SELECT_10_Heisenberg2D_cylinder_0.5_0.5_1,outer,1,SA,0.001,0,Double,No_Top,3792,546048
result_SELECT_10_Heisenberg2D_cylinder_0.5_0.5_1,outer,1,SA,0.001,0,Double,No_MP,3795,602222
result_SELECT_10_Heisenberg2D_cylinder_0.5_0.5_1,outer,1,SA,0.001,0,Double,No_Kink,3795,657597
result_SELECT_10_Heisenberg2D_cylinder_0.5_0.5_1,outer,1,SA,0.001,0,Double,Yes_Kink,3798,656397
result_SELECT_10_Heisenberg2D_cylinder_0.5_0.5_1,outer,1,SA,0.001,0,Proj.,No_MSF,3333,484432
result_SELECT_10_Heisenberg2D_cylinder_0.5_0.5_1,outer,1,SA,0.001,0,Proj.,No_Top,3333,479952
result_SELECT_10_Heisenberg2D_cylinder_0.5_0.5_1,outer,1,SA,0.001,0,Proj.,No_MP,3334,1423368
result_SELECT_10_Heisenberg2D_cylinder_0.5_0.5_1,outer,1,SA,0.001,0,Proj.,No_Kink,3345,1781472
result_SELECT_10_Heisenberg2D_cylinder_0.5_0.5_1,outer,1,SA,0.001,0,Proj.,Yes_Kink,3375,1766485
result_trotter_10_Heisenberg2D_cylinder_0.5_0.5_rand,outer,2,naive,0.0,1,Single,No_MSF,744,125400
result_trotter_10_Heisenberg2D_cylinder_0.5_0.5_rand,outer,2,naive,0.0,1,Single,No_Top,1164,141900
result_trotter_10_Heisenberg2D_cylinder_0.5_0.5_rand,outer,2,naive,0.0,1,Single,No_MP,745,149900
result_trotter_10_Heisenberg2D_cylinder_0.5_0.5_rand,outer,2,naive,0.0,1,Single,No_Kink,1221,371045
result_trotter_10_Heisenberg2D_cylinder_0.5_0.5_rand,outer,2,naive,0.0,1,Single,Yes_Kink,1244,375055
result_trotter_10_Heisenberg2D_cylinder_0.5_0.5_rand,outer,2,naive,0.0,1,Double,No_MSF,721,123100
result_trotter_10_Heisenberg2D_cylinder_0.5_0.5_rand,outer,2,naive,0.0,1,Double,No_Top,1160,141500
result_trotter_10_Heisenberg2D_cylinder_0.5_0.5_rand,outer,2,naive,0.0,1,Double,No_MP,724,148201
result_trotter_10_Heisenberg2D_cylinder_0.5_0.5_rand,outer,2,naive,0.0,1,Double,No_Kink,1188,410875
result_trotter_10_Heisenberg2D_cylinder_0.5_0.5_rand,outer,2,naive,0.0,1,Double,Yes_Kink,1219,415976
result_trotter_10_Heisenberg2D_cylinder_0.5_0.5_rand,outer,2,naive,0.0,1,Proj.,No_MSF,390,90000
result_trotter_10_Heisenberg2D_cylinder_0.5_0.5_rand,outer,2,naive,0.0,1,Proj.,No_Top,1160,141500
result_trotter_10_Heisenberg2D_cylinder_0.5_0.5_rand,outer,2,naive,0.0,1,Proj.,No_MP,523,280839
result_trotter_10_Heisenberg2D_cylinder_0.5_0.5_rand,outer,2,naive,0.0,1,Proj.,No_Kink,1343,813407
result_trotter_10_Heisenberg2D_cylinder_0.5_0.5_rand,outer,2,naive,0.0,1,Proj.,Yes_Kink,1371,825130
result_SELECT_10_Heisenberg2D_cylinder_0.5_0.5_3,outer,2,SA,1.0,0,Single,No_MSF,1069,295440
result_SELECT_10_Heisenberg2D_cylinder_0.5_0.5_3,outer,2,SA,1.0,0,Single,No_Top,1069,290768
result_SELECT_10_Heisenberg2D_cylinder_0.5_0.5_3,outer,2,SA,1.0,0,Single,No_MP,1069,333020
result_SELECT_10_Heisenberg2D_cylinder_0.5_0.5_3,outer,2,SA,1.0,0,Single,No_Kink,1069,349546
result_SELECT_10_Heisenberg2D_cylinder_0.5_0.5_3,outer,2,SA,1.0,0,Single,Yes_Kink,1069,362607
result_SELECT_10_Heisenberg2D_cylinder_0.5_0.5_3,outer,2,SA,1.0,0,Double,No_MSF,987,273136
result_SELECT_10_Heisenberg2D_cylinder_0.5_0.5_3,outer,2,SA,1.0,0,Double,No_Top,987,268464
result_SELECT_10_Heisenberg2D_cylinder_0.5_0.5_3,outer,2,SA,1.0,0,Double,No_MP,987,319712
result_SELECT_10_Heisenberg2D_cylinder_0.5_0.5_3,outer,2,SA,1.0,0,Double,No_Kink,987,341765
result_SELECT_10_Heisenberg2D_cylinder_0.5_0.5_3,outer,2,SA,1.0,0,Double,Yes_Kink,1020,346684
result_SELECT_10_Heisenberg2D_cylinder_0.5_0.5_3,outer,2,SA,1.0,0,Proj.,No_MSF,837,232336
result_SELECT_10_Heisenberg2D_cylinder_0.5_0.5_3,outer,2,SA,1.0,0,Proj.,No_Top,837,227664
result_SELECT_10_Heisenberg2D_cylinder_0.5_0.5_3,outer,2,SA,1.0,0,Proj.,No_MP,844,741866
result_SELECT_10_Heisenberg2D_cylinder_0.5_0.5_3,outer,2,SA,1.0,0,Proj.,No_Kink,850,891529
result_SELECT_10_Heisenberg2D_cylinder_0.5_0.5_3,outer,2,SA,1.0,0,Proj.,Yes_Kink,862,902620
result_SELECT_10_Heisenberg2D_cylinder_0.5_0.5_1,outer,1,naive,0.0,2,Single,No_MSF,4079,600816
result_SELECT_10_Heisenberg2D_cylinder_0.5_0.5_1,outer,1,naive,0.0,2,Single,No_Top,4080,596480
result_SELECT_10_Heisenberg2D_cylinder_0.5_0.5_1,outer,1,naive,0.0,2,Single,No_MP,4079,676012
result_SELECT_10_Heisenberg2D_cylinder_0.5_0.5_1,outer,1,naive,0.0,2,Single,No_Kink,4080,718420
result_SELECT_10_Heisenberg2D_cylinder_0.5_0.5_1,outer,1,naive,0.0,2,Double,No_MSF,3792,559488
result_SELECT_10_Heisenberg2D_cylinder_0.5_0.5_1,outer,1,naive,0.0,2,Double,No_Top,3793,555152
result_SELECT_10_Heisenberg2D_cylinder_0.5_0.5_1,outer,1,naive,0.0,2,Double,No_MP,3795,642510
result_SELECT_10_Heisenberg2D_cylinder_0.5_0.5_1,outer,1,naive,0.0,2,Double,No_Kink,3796,684610
result_SELECT_10_Heisenberg2D_cylinder_0.5_0.5_1,outer,1,naive,0.0,2,Double,Yes_Kink,3799,683777
result_SELECT_10_Heisenberg2D_cylinder_0.5_0.5_1,outer,1,naive,0.0,2,Proj.,No_MSF,3333,493392
result_SELECT_10_Heisenberg2D_cylinder_0.5_0.5_1,outer,1,naive,0.0,2,Proj.,No_Top,3333,488912
result_SELECT_10_Heisenberg2D_cylinder_0.5_0.5_1,outer,1,naive,0.0,2,Proj.,No_MP,3343,1645159
result_SELECT_10_Heisenberg2D_cylinder_0.5_0.5_1,outer,1,naive,0.0,2,Proj.,No_Kink,3347,1830024
result_SELECT_10_Heisenberg2D_cylinder_0.5_0.5_1,outer,1,naive,0.0,2,Proj.,Yes_Kink,3356,1799510
result_SELECT_10_Heisenberg2D_cylinder_0.5_0.5_6,inner,1,SA,0.1,4,Single,No_MSF,211,307392
result_SELECT_10_Heisenberg2D_cylinder_0.5_0.5_6,inner,1,SA,0.1,4,Single,No_Top,233,330144
result_SELECT_10_Heisenberg2D_cylinder_0.5_0.5_6,inner,1,SA,0.1,4,Single,No_MP,214,456130
result_SELECT_10_Heisenberg2D_cylinder_0.5_0.5_6,inner,1,SA,0.1,4,Single,No_Kink,252,657624
result_SELECT_10_Heisenberg2D_cylinder_0.5_0.5_6,inner,1,SA,0.1,4,Double,No_MSF,177,262784
result_SELECT_10_Heisenberg2D_cylinder_0.5_0.5_6,inner,1,SA,0.1,4,Double,No_Top,219,311776
result_SELECT_10_Heisenberg2D_cylinder_0.5_0.5_6,inner,1,SA,0.1,4,Double,No_MP,181,410783
result_SELECT_10_Heisenberg2D_cylinder_0.5_0.5_6,inner,1,SA,0.1,4,Double,No_Kink,219,678628
result_SELECT_10_Heisenberg2D_cylinder_0.5_0.5_6,inner,1,SA,0.1,4,Double,Yes_Kink,225,692258
result_SELECT_10_Heisenberg2D_cylinder_0.5_0.5_6,inner,1,SA,0.1,4,Proj.,No_MSF,108,172256
result_SELECT_10_Heisenberg2D_cylinder_0.5_0.5_6,inner,1,SA,0.1,4,Proj.,No_Top,205,293408
result_SELECT_10_Heisenberg2D_cylinder_0.5_0.5_6,inner,1,SA,0.1,4,Proj.,No_MP,130,602254
result_SELECT_10_Heisenberg2D_cylinder_0.5_0.5_6,inner,1,SA,0.1,4,Proj.,No_Kink,230,1043878
result_SELECT_10_Heisenberg2D_cylinder_0.5_0.5_6,inner,1,SA,0.1,4,Proj.,Yes_Kink,225,1029482
result_SELECT_10_Heisenberg2D_cylinder_0.5_0.5_5,inner,1,SA,1.0,2,Single,No_MSF,327,256704
result_SELECT_10_Heisenberg2D_cylinder_0.5_0.5_5,inner,1,SA,1.0,2,Single,No_Top,327,251360
result_SELECT_10_Heisenberg2D_cylinder_0.5_0.5_5,inner,1,SA,1.0,2,Single,No_MP,329,338090
result_SELECT_10_Heisenberg2D_cylinder_0.5_0.5_5,inner,1,SA,1.0,2,Single,No_Kink,329,373836
result_SELECT_10_Heisenberg2D_cylinder_0.5_0.5_5,inner,1,SA,1.0,2,Double,No_MSF,290,229472
result_SELECT_10_Heisenberg2D_cylinder_0.5_0.5_5,inner,1,SA,1.0,2,Double,No_Top,291,224864
result_SELECT_10_Heisenberg2D_cylinder_0.5_0.5_5,inner,1,SA,1.0,2,Double,No_MP,293,315469
result_SELECT_10_Heisenberg2D_cylinder_0.5_0.5_5,inner,1,SA,1.0,2,Double,No_Kink,295,359948
result_SELECT_10_Heisenberg2D_cylinder_0.5_0.5_5,inner,1,SA,1.0,2,Double,Yes_Kink,301,373222
result_SELECT_10_Heisenberg2D_cylinder_0.5_0.5_5,inner,1,SA,1.0,2,Proj.,No_MSF,213,172800
result_SELECT_10_Heisenberg2D_cylinder_0.5_0.5_5,inner,1,SA,1.0,2,Proj.,No_Top,213,167456
result_SELECT_10_Heisenberg2D_cylinder_0.5_0.5_5,inner,1,SA,1.0,2,Proj.,No_MP,230,613763
result_SELECT_10_Heisenberg2D_cylinder_0.5_0.5_5,inner,1,SA,1.0,2,Proj.,No_Kink,245,666607
result_SELECT_10_Heisenberg2D_cylinder_0.5_0.5_5,inner,1,SA,1.0,2,Proj.,Yes_Kink,261,692162
result_SELECT_10_Heisenberg2D_cylinder_0.5_0.5_0,inner,1,SA,0.01,0,Single,No_MSF,8099,992534
result_SELECT_10_Heisenberg2D_cylinder_0.5_0.5_0,inner,1,SA,0.01,0,Single,No_Top,8099,988078
result_SELECT_10_Heisenberg2D_cylinder_0.5_0.5_0,inner,1,SA,0.01,0,Single,No_MP,8099,1031914
result_SELECT_10_Heisenberg2D_cylinder_0.5_0.5_0,inner,1,SA,0.01,0,Single,No_Kink,8099,1037756
result_SELECT_10_Heisenberg2D_cylinder_0.5_0.5_0,inner,1,SA,0.01,0,Double,No_MSF,7536,923848
result_SELECT_10_Heisenberg2D_cylinder_0.5_0.5_0,inner,1,SA,0.01,0,Double,No_Top,7536,919392
result_SELECT_10_Heisenberg2D_cylinder_0.5_0.5_0,inner,1,SA,0.01,0,Double,No_MP,7536,973086
result_SELECT_10_Heisenberg2D_cylinder_0.5_0.5_0,inner,1,SA,0.01,0,Double,No_Kink,7536,989476
result_SELECT_10_Heisenberg2D_cylinder_0.5_0.5_0,inner,1,SA,0.01,0,Double,Yes_Kink,7537,996191
result_SELECT_10_Heisenberg2D_cylinder_0.5_0.5_0,inner,1,SA,0.01,0,Proj.,No_MSF,6660,816976
result_SELECT_10_Heisenberg2D_cylinder_0.5_0.5_0,inner,1,SA,0.01,0,Proj.,No_Top,6660,812520
result_SELECT_10_Heisenberg2D_cylinder_0.5_0.5_0,inner,1,SA,0.01,0,Proj.,No_MP,6660,2550481
result_SELECT_10_Heisenberg2D_cylinder_0.5_0.5_0,inner,1,SA,0.01,0,Proj.,No_Kink,6662,2782149
result_SELECT_10_Heisenberg2D_cylinder_0.5_0.5_0,inner,1,SA,0.01,0,Proj.,Yes_Kink,6662,2725578
result_SELECT_10_Heisenberg2D_cylinder_0.5_0.5_4,inner,1,SA,1.0,2,Single,No_MSF,571,261360
result_SELECT_10_Heisenberg2D_cylinder_0.5_0.5_4,inner,1,SA,1.0,2,Single,No_Top,571,256464
result_SELECT_10_Heisenberg2D_cylinder_0.5_0.5_4,inner,1,SA,1.0,2,Single,No_MP,572,312094
result_SELECT_10_Heisenberg2D_cylinder_0.5_0.5_4,inner,1,SA,1.0,2,Single,No_Kink,573,333996
result_SELECT_10_Heisenberg2D_cylinder_0.5_0.5_4,inner,1,SA,1.0,2,Double,No_MSF,522,240192
result_SELECT_10_Heisenberg2D_cylinder_0.5_0.5_4,inner,1,SA,1.0,2,Double,No_Top,522,235296
result_SELECT_10_Heisenberg2D_cylinder_0.5_0.5_4,inner,1,SA,1.0,2,Double,No_MP,524,298811
result_SELECT_10_Heisenberg2D_cylinder_0.5_0.5_4,inner,1,SA,1.0,2,Double,No_Kink,523,329055
result_SELECT_10_Heisenberg2D_cylinder_0.5_0.5_4,inner,1,SA,1.0,2,Double,Yes_Kink,526,332214
result_SELECT_10_Heisenberg2D_cylinder_0.5_0.5_4,inner,1,SA,1.0,2,Proj.,No_MSF,420,196128
result_SELECT_10_Heisenberg2D_cylinder_0.5_0.5_4,inner,1,SA,1.0,2,Proj.,No_Top,420,191232
result_SELECT_10_Heisenberg2D_cylinder_0.5_0.5_4,inner,1,SA,1.0,2,Proj.,No_MP,432,680258
result_SELECT_10_Heisenberg2D_cylinder_0.5_0.5_4,inner,1,SA,1.0,2,Proj.,No_Kink,446,713834
result_SELECT_10_Heisenberg2D_cylinder_0.5_0.5_4,inner,1,SA,1.0,2,Proj.,Yes_Kink,454,715367
result_SELECT_10_Heisenberg2D_cylinder_0.5_0.5_2,inner,1,SA,1.0,2,Single,No_MSF,2072,403168
result_SELECT_10_Heisenberg2D_cylinder_0.5_0.5_2,inner,1,SA,1.0,2,Single,No_Top,2072,398624
result_SELECT_10_Heisenberg2D_cylinder_0.5_0.5_2,inner,1,SA,1.0,2,Single,No_MP,2072,444318
result_SELECT_10_Heisenberg2D_cylinder_0.5_0.5_2,inner,1,SA,1.0,2,Single,No_Kink,2073,461182
result_SELECT_10_Heisenberg2D_cylinder_0.5_0.5_2,inner,1,SA,1.0,2,Double,No_MSF,1921,374780
result_SELECT_10_Heisenberg2D_cylinder_0.5_0.5_2,inner,1,SA,1.0,2,Double,No_Top,1921,370236
result_SELECT_10_Heisenberg2D_cylinder_0.5_0.5_2,inner,1,SA,1.0,2,Double,No_MP,1922,424125
result_SELECT_10_Heisenberg2D_cylinder_0.5_0.5_2,inner,1,SA,1.0,2,Double,No_Kink,1923,449668
result_SELECT_10_Heisenberg2D_cylinder_0.5_0.5_2,inner,1,SA,1.0,2,Double,Yes_Kink,1924,451318
result_SELECT_10_Heisenberg2D_cylinder_0.5_0.5_2,inner,1,SA,1.0,2,Proj.,No_MSF,1668,327216
result_SELECT_10_Heisenberg2D_cylinder_0.5_0.5_2,inner,1,SA,1.0,2,Proj.,No_Top,1668,322672
result_SELECT_10_Heisenberg2D_cylinder_0.5_0.5_2,inner,1,SA,1.0,2,Proj.,No_MP,1677,1067675
result_SELECT_10_Heisenberg2D_cylinder_0.5_0.5_2,inner,1,SA,1.0,2,Proj.,No_Kink,1686,1206635
result_SELECT_10_Heisenberg2D_cylinder_0.5_0.5_2,inner,1,SA,1.0,2,Proj.,Yes_Kink,1690,1198277
result_SELECT_10_Heisenberg2D_cylinder_0.5_0.5_4,outer,1,SA,0.01,2,Single,No_MSF,571,261360
result_SELECT_10_Heisenberg2D_cylinder_0.5_0.5_4,outer,1,SA,0.01,2,Single,No_Top,571,256464
result_SELECT_10_Heisenberg2D_cylinder_0.5_0.5_4,outer,1,SA,0.01,2,Single,No_MP,571,311054
result_SELECT_10_Heisenberg2D_cylinder_0.5_0.5_4,outer,1,SA,0.01,2,Single,No_Kink,572,362910
result_SELECT_10_Heisenberg2D_cylinder_0.5_0.5_4,outer,1,SA,0.01,2,Double,No_MSF,522,240192
result_SELECT_10_Heisenberg2D_cylinder_0.5_0.5_4,outer,1,SA,0.01,2,Double,No_Top,522,235296
result_SELECT_10_Heisenberg2D_cylinder_0.5_0.5_4,outer,1,SA,0.01,2,Double,No_MP,522,297810
result_SELECT_10_Heisenberg2D_cylinder_0.5_0.5_4,outer,1,SA,0.01,2,Double,No_Kink,524,355897
result_SELECT_10_Heisenberg2D_cylinder_0.5_0.5_4,outer,1,SA,0.01,2,Double,Yes_Kink,531,358008
result_SELECT_10_Heisenberg2D_cylinder_0.5_0.5_4,outer,1,SA,0.01,2,Proj.,No_MSF,420,196128
result_SELECT_10_Heisenberg2D_cylinder_0.5_0.5_4,outer,1,SA,0.01,2,Proj.,No_Top,420,191232
result_SELECT_10_Heisenberg2D_cylinder_0.5_0.5_4,outer,1,SA,0.01,2,Proj.,No_MP,432,672609
result_SELECT_10_Heisenberg2D_cylinder_0.5_0.5_4,outer,1,SA,0.01,2,Proj.,No_Kink,442,724050
result_SELECT_10_Heisenberg2D_cylinder_0.5_0.5_4,outer,1,SA,0.01,2,Proj.,Yes_Kink,455,727984
result_trotter_10_Heisenberg2D_cylinder_0.5_0.5_rand,inner,2,SA,0.001,2,Single,No_MSF,744,150900
result_trotter_10_Heisenberg2D_cylinder_0.5_0.5_rand,inner,2,SA,0.001,2,Single,No_Top,1742,225200
result_trotter_10_Heisenberg2D_cylinder_0.5_0.5_rand,inner,2,SA,0.001,2,Single,No_MP,744,160654
result_trotter_10_Heisenberg2D_cylinder_0.5_0.5_rand,inner,2,SA,0.001,2,Single,No_Kink,1742,426731
result_trotter_10_Heisenberg2D_cylinder_0.5_0.5_rand,inner,2,SA,0.001,2,Single,Yes_Kink,1743,436740
result_trotter_10_Heisenberg2D_cylinder_0.5_0.5_rand,inner,2,SA,0.001,2,Double,No_MSF,721,148600
result_trotter_10_Heisenberg2D_cylinder_0.5_0.5_rand,inner,2,SA,0.001,2,Double,No_Top,1740,225000
result_trotter_10_Heisenberg2D_cylinder_0.5_0.5_rand,inner,2,SA,0.001,2,Double,No_MP,721,160145
result_trotter_10_Heisenberg2D_cylinder_0.5_0.5_rand,inner,2,SA,0.001,2,Double,No_Kink,1741,427253
result_trotter_10_Heisenberg2D_cylinder_0.5_0.5_rand,inner,2,SA,0.001,2,Double,Yes_Kink,1741,443490
result_trotter_10_Heisenberg2D_cylinder_0.5_0.5_rand,inner,2,SA,0.001,2,Proj.,No_MSF,390,115500
result_trotter_10_Heisenberg2D_cylinder_0.5_0.5_rand,inner,2,SA,0.001,2,Proj.,No_Top,1740,225000
result_trotter_10_Heisenberg2D_cylinder_0.5_0.5_rand,inner,2,SA,0.001,2,Proj.,No_MP,508,283374
result_trotter_10_Heisenberg2D_cylinder_0.5_0.5_rand,inner,2,SA,0.001,2,Proj.,No_Kink,1833,1095106
result_trotter_10_Heisenberg2D_cylinder_0.5_0.5_rand,inner,2,SA,0.001,2,Proj.,Yes_Kink,1834,1083717
result_trotter_10_Heisenberg2D_cylinder_0.5_0.5_det,inner,2,SA,1.0,1,Single,No_MSF,756,126600
result_trotter_10_Heisenberg2D_cylinder_0.5_0.5_det,inner,2,SA,1.0,1,Single,No_Top,1173,142800
result_trotter_10_Heisenberg2D_cylinder_0.5_0.5_det,inner,2,SA,1.0,1,Single,No_MP,757,137406
result_trotter_10_Heisenberg2D_cylinder_0.5_0.5_det,inner,2,SA,1.0,1,Single,No_Kink,1179,297855
result_trotter_10_Heisenberg2D_cylinder_0.5_0.5_det,inner,2,SA,1.0,1,Single,Yes_Kink,1186,308661
result_trotter_10_Heisenberg2D_cylinder_0.5_0.5_det,inner,2,SA,1.0,1,Double,No_MSF,749,125900
result_trotter_10_Heisenberg2D_cylinder_0.5_0.5_det,inner,2,SA,1.0,1,Double,No_Top,1160,141500
result_trotter_10_Heisenberg2D_cylinder_0.5_0.5_det,inner,2,SA,1.0,1,Double,No_MP,749,138449
result_trotter_10_Heisenberg2D_cylinder_0.5_0.5_det,inner,2,SA,1.0,1,Double,No_Kink,1162,307284
result_trotter_10_Heisenberg2D_cylinder_0.5_0.5_det,inner,2,SA,1.0,1,Double,Yes_Kink,1165,331066
result_trotter_10_Heisenberg2D_cylinder_0.5_0.5_det,inner,2,SA,1.0,1,Proj.,No_MSF,390,90000
result_trotter_10_Heisenberg2D_cylinder_0.5_0.5_det,inner,2,SA,1.0,1,Proj.,No_Top,1160,141500
result_trotter_10_Heisenberg2D_cylinder_0.5_0.5_det,inner,2,SA,1.0,1,Proj.,No_MP,547,269780
result_trotter_10_Heisenberg2D_cylinder_0.5_0.5_det,inner,2,SA,1.0,1,Proj.,No_Kink,1426,777717
result_trotter_10_Heisenberg2D_cylinder_0.5_0.5_det,inner,2,SA,1.0,1,Proj.,Yes_Kink,1422,771849
result_SELECT_10_Heisenberg2D_cylinder_0.5_0.5_6,inner,2,random,0.0,2,Single,No_MSF,211,295168
result_SELECT_10_Heisenberg2D_cylinder_0.5_0.5_6,inner,2,random,0.0,2,Single,No_Top,211,289056
result_SELECT_10_Heisenberg2D_cylinder_0.5_0.5_6,inner,2,random,0.0,2,Single,No_MP,264,833865
result_SELECT_10_Heisenberg2D_cylinder_0.5_0.5_6,inner,2,random,0.0,2,Single,No_Kink,274,879691
result_SELECT_10_Heisenberg2D_cylinder_0.5_0.5_6,inner,2,random,0.0,2,Single,Yes_Kink,280,890898
result_SELECT_10_Heisenberg2D_cylinder_0.5_0.5_6,inner,2,random,0.0,2,Double,No_MSF,177,250560
result_SELECT_10_Heisenberg2D_cylinder_0.5_0.5_6,inner,2,random,0.0,2,Double,No_Top,177,244448
result_SELECT_10_Heisenberg2D_cylinder_0.5_0.5_6,inner,2,random,0.0,2,Double,No_MP,219,793068
result_SELECT_10_Heisenberg2D_cylinder_0.5_0.5_6,inner,2,random,0.0,2,Double,No_Kink,230,858925
result_SELECT_10_Heisenberg2D_cylinder_0.5_0.5_6,inner,2,random,0.0,2,Double,Yes_Kink,237,877135
result_SELECT_10_Heisenberg2D_cylinder_0.5_0.5_6,inner,2,random,0.0,2,Proj.,No_MSF,108,160032
result_SELECT_10_Heisenberg2D_cylinder_0.5_0.5_6,inner,2,random,0.0,2,Proj.,No_Top,123,173600
result_SELECT_10_Heisenberg2D_cylinder_0.5_0.5_6,inner,2,random,0.0,2,Proj.,No_MP,171,865634
result_SELECT_10_Heisenberg2D_cylinder_0.5_0.5_6,inner,2,random,0.0,2,Proj.,No_Kink,200,983551
result_SELECT_10_Heisenberg2D_cylinder_0.5_0.5_6,inner,2,random,0.0,2,Proj.,Yes_Kink,205,1006620
result_trotter_10_Heisenberg2D_cylinder_0.5_0.5_rand,outer,2,SA,0.01,1,Single,No_MSF,744,125400
result_trotter_10_Heisenberg2D_cylinder_0.5_0.5_rand,outer,2,SA,0.01,1,Single,No_Top,1164,141900
result_trotter_10_Heisenberg2D_cylinder_0.5_0.5_rand,outer,2,SA,0.01,1,Single,No_MP,744,134730
result_trotter_10_Heisenberg2D_cylinder_0.5_0.5_rand,outer,2,SA,0.01,1,Single,No_Kink,1266,407339
result_trotter_10_Heisenberg2D_cylinder_0.5_0.5_rand,outer,2,SA,0.01,1,Single,Yes_Kink,1271,407693
result_trotter_10_Heisenberg2D_cylinder_0.5_0.5_rand,outer,2,SA,0.01,1,Double,No_MSF,721,123100
result_trotter_10_Heisenberg2D_cylinder_0.5_0.5_rand,outer,2,SA,0.01,1,Double,No_Top,1160,141500
result_trotter_10_Heisenberg2D_cylinder_0.5_0.5_rand,outer,2,SA,0.01,1,Double,No_MP,721,134418
result_trotter_10_Heisenberg2D_cylinder_0.5_0.5_rand,outer,2,SA,0.01,1,Double,No_Kink,1206,460450
result_trotter_10_Heisenberg2D_cylinder_0.5_0.5_rand,outer,2,SA,0.01,1,Double,Yes_Kink,1231,462247
result_trotter_10_Heisenberg2D_cylinder_0.5_0.5_rand,outer,2,SA,0.01,1,Proj.,No_MSF,390,90000
result_trotter_10_Heisenberg2D_cylinder_0.5_0.5_rand,outer,2,SA,0.01,1,Proj.,No_Top,1160,141500
result_trotter_10_Heisenberg2D_cylinder_0.5_0.5_rand,outer,2,SA,0.01,1,Proj.,No_MP,512,257303
result_trotter_10_Heisenberg2D_cylinder_0.5_0.5_rand,outer,2,SA,0.01,1,Proj.,No_Kink,1235,734876
result_trotter_10_Heisenberg2D_cylinder_0.5_0.5_rand,outer,2,SA,0.01,1,Proj.,Yes_Kink,1254,740288
result_SELECT_10_Heisenberg2D_cylinder_0.5_0.5_1,outer,1,SA,0.01,2,Single,No_MSF,4079,600816
result_SELECT_10_Heisenberg2D_cylinder_0.5_0.5_1,outer,1,SA,0.01,2,Single,No_Top,4080,596480
result_SELECT_10_Heisenberg2D_cylinder_0.5_0.5_1,outer,1,SA,0.01,2,Single,No_MP,4079,642578
result_SELECT_10_Heisenberg2D_cylinder_0.5_0.5_1,outer,1,SA,0.01,2,Single,No_Kink,4080,689504
result_SELECT_10_Heisenberg2D_cylinder_0.5_0.5_1,outer,1,SA,0.01,2,Double,No_MSF,3792,559488
result_SELECT_10_Heisenberg2D_cylinder_0.5_0.5_1,outer,1,SA,0.01,2,Double,No_Top,3793,555152
result_SELECT_10_Heisenberg2D_cylinder_0.5_0.5_1,outer,1,SA,0.01,2,Double,No_MP,3792,608924
result_SELECT_10_Heisenberg2D_cylinder_0.5_0.5_1,outer,1,SA,0.01,2,Double,No_Kink,3793,660766
result_SELECT_10_Heisenberg2D_cylinder_0.5_0.5_1,outer,1,SA,0.01,2,Double,Yes_Kink,3804,660767
result_SELECT_10_Heisenberg2D_cylinder_0.5_0.5_1,outer,1,SA,0.01,2,Proj.,No_MSF,3333,493392
result_SELECT_10_Heisenberg2D_cylinder_0.5_0.5_1,outer,1,SA,0.01,2,Proj.,No_Top,3333,488912
result_SELECT_10_Heisenberg2D_cylinder_0.5_0.5_1,outer,1,SA,0.01,2,Proj.,No_MP,3336,1462409
result_SELECT_10_Heisenberg2D_cylinder_0.5_0.5_1,outer,1,SA,0.01,2,Proj.,No_Kink,3345,1821754
result_SELECT_10_Heisenberg2D_cylinder_0.5_0.5_1,outer,1,SA,0.01,2,Proj.,Yes_Kink,3364,1806607
result_SELECT_10_Heisenberg2D_cylinder_0.5_0.5_6,outer,1,SA,0.001,0,Single,No_MSF,211,282944
result_SELECT_10_Heisenberg2D_cylinder_0.5_0.5_6,outer,1,SA,0.001,0,Single,No_Top,211,276832
result_SELECT_10_Heisenberg2D_cylinder_0.5_0.5_6,outer,1,SA,0.001,0,Single,No_MP,221,445460
result_SELECT_10_Heisenberg2D_cylinder_0.5_0.5_6,outer,1,SA,0.001,0,Single,No_Kink,274,624554
result_SELECT_10_Heisenberg2D_cylinder_0.5_0.5_6,outer,1,SA,0.001,0,Double,No_MSF,177,238336
result_SELECT_10_Heisenberg2D_cylinder_0.5_0.5_6,outer,1,SA,0.001,0,Double,No_Top,177,232224
result_SELECT_10_Heisenberg2D_cylinder_0.5_0.5_6,outer,1,SA,0.001,0,Double,No_MP,184,405379
result_SELECT_10_Heisenberg2D_cylinder_0.5_0.5_6,outer,1,SA,0.001,0,Double,No_Kink,221,592704
result_SELECT_10_Heisenberg2D_cylinder_0.5_0.5_6,outer,1,SA,0.001,0,Double,Yes_Kink,227,598666
result_SELECT_10_Heisenberg2D_cylinder_0.5_0.5_6,outer,1,SA,0.001,0,Proj.,No_MSF,108,147808
result_SELECT_10_Heisenberg2D_cylinder_0.5_0.5_6,outer,1,SA,0.001,0,Proj.,No_Top,108,141696
result_SELECT_10_Heisenberg2D_cylinder_0.5_0.5_6,outer,1,SA,0.001,0,Proj.,No_MP,137,555968
result_SELECT_10_Heisenberg2D_cylinder_0.5_0.5_6,outer,1,SA,0.001,0,Proj.,No_Kink,166,737350
result_SELECT_10_Heisenberg2D_cylinder_0.5_0.5_6,outer,1,SA,0.001,0,Proj.,Yes_Kink,176,783312
result_SELECT_10_Heisenberg2D_cylinder_0.5_0.5_6,outer,2,random,0.0,4,Single,No_MSF,211,307392
result_SELECT_10_Heisenberg2D_cylinder_0.5_0.5_6,outer,2,random,0.0,4,Single,No_Top,233,330144
result_SELECT_10_Heisenberg2D_cylinder_0.5_0.5_6,outer,2,random,0.0,4,Single,No_MP,253,825864
result_SELECT_10_Heisenberg2D_cylinder_0.5_0.5_6,outer,2,random,0.0,4,Single,No_Kink,305,1014625
result_SELECT_10_Heisenberg2D_cylinder_0.5_0.5_6,outer,2,random,0.0,4,Single,Yes_Kink,313,1025248
result_SELECT_10_Heisenberg2D_cylinder_0.5_0.5_6,outer,2,random,0.0,4,Double,No_MSF,177,262784
result_SELECT_10_Heisenberg2D_cylinder_0.5_0.5_6,outer,2,random,0.0,4,Double,No_Top,219,311776
result_SELECT_10_Heisenberg2D_cylinder_0.5_0.5_6,outer,2,random,0.0,4,Double,No_MP,213,789818
result_SELECT_10_Heisenberg2D_cylinder_0.5_0.5_6,outer,2,random,0.0,4,Double,No_Kink,264,1010771
result_SELECT_10_Heisenberg2D_cylinder_0.5_0.5_6,outer,2,random,0.0,4,Double,Yes_Kink,269,1016986
result_SELECT_10_Heisenberg2D_cylinder_0.5_0.5_6,outer,2,random,0.0,4,Proj.,No_MSF,108,172256
result_SELECT_10_Heisenberg2D_cylinder_0.5_0.5_6,outer,2,random,0.0,4,Proj.,No_Top,205,293408
result_SELECT_10_Heisenberg2D_cylinder_0.5_0.5_6,outer,2,random,0.0,4,Proj.,No_MP,168,855917
result_SELECT_10_Heisenberg2D_cylinder_0.5_0.5_6,outer,2,random,0.0,4,Proj.,No_Kink,230,1140953
result_SELECT_10_Heisenberg2D_cylinder_0.5_0.5_6,outer,2,random,0.0,4,Proj.,Yes_Kink,235,1162614
result_trotter_10_Heisenberg2D_cylinder_0.5_0.5_det,outer,2,SA,0.1,2,Single,No_MSF,756,152100
result_trotter_10_Heisenberg2D_cylinder_0.5_0.5_det,outer,2,SA,0.1,2,Single,No_Top,1742,225200
result_trotter_10_Heisenberg2D_cylinder_0.5_0.5_det,outer,2,SA,0.1,2,Single,No_MP,758,163154
result_trotter_10_Heisenberg2D_cylinder_0.5_0.5_det,outer,2,SA,0.1,2,Single,No_Kink,1756,462805
result_trotter_10_Heisenberg2D_cylinder_0.5_0.5_det,outer,2,SA,0.1,2,Single,Yes_Kink,1769,466536
result_trotter_10_Heisenberg2D_cylinder_0.5_0.5_det,outer,2,SA,0.1,2,Double,No_MSF,749,151400
result_trotter_10_Heisenberg2D_cylinder_0.5_0.5_det,outer,2,SA,0.1,2,Double,No_Top,1740,225000
result_trotter_10_Heisenberg2D_cylinder_0.5_0.5_det,outer,2,SA,0.1,2,Double,No_MP,751,163947
result_trotter_10_Heisenberg2D_cylinder_0.5_0.5_det,outer,2,SA,0.1,2,Double,No_Kink,1742,479264
result_trotter_10_Heisenberg2D_cylinder_0.5_0.5_det,outer,2,SA,0.1,2,Double,Yes_Kink,1746,497536
result_trotter_10_Heisenberg2D_cylinder_0.5_0.5_det,outer,2,SA,0.1,2,Proj.,No_MSF,390,115500
result_trotter_10_Heisenberg2D_cylinder_0.5_0.5_det,outer,2,SA,0.1,2,Proj.,No_Top,1740,225000
result_trotter_10_Heisenberg2D_cylinder_0.5_0.5_det,outer,2,SA,0.1,2,Proj.,No_MP,555,292526
result_trotter_10_Heisenberg2D_cylinder_0.5_0.5_det,outer,2,SA,0.1,2,Proj.,No_Kink,1767,1096345
result_trotter_10_Heisenberg2D_cylinder_0.5_0.5_det,outer,2,SA,0.1,2,Proj.,Yes_Kink,1769,1083589
result_SELECT_10_Heisenberg2D_cylinder_0.5_0.5_2,inner,2,SA,0.01,0,Single,No_MSF,2072,394080
result_SELECT_10_Heisenberg2D_cylinder_0.5_0.5_2,inner,2,SA,0.01,0,Single,No_Top,2072,389536
result_SELECT_10_Heisenberg2D_cylinder_0.5_0.5_2,inner,2,SA,0.01,0,Single,No_MP,2072,428300
result_SELECT_10_Heisenberg2D_cylinder_0.5_0.5_2,inner,2,SA,0.01,0,Single,No_Kink,2072,447127
result_SELECT_10_Heisenberg2D_cylinder_0.5_0.5_2,inner,2,SA,0.01,0,Single,Yes_Kink,2072,461853
result_SELECT_10_Heisenberg2D_cylinder_0.5_0.5_2,inner,2,SA,0.01,0,Double,No_MSF,1921,365692
result_SELECT_10_Heisenberg2D_cylinder_0.5_0.5_2,inner,2,SA,0.01,0,Double,No_Top,1921,361148
result_SELECT_10_Heisenberg2D_cylinder_0.5_0.5_2,inner,2,SA,0.01,0,Double,No_MP,1921,408643
result_SELECT_10_Heisenberg2D_cylinder_0.5_0.5_2,inner,2,SA,0.01,0,Double,No_Kink,1921,434165
result_SELECT_10_Heisenberg2D_cylinder_0.5_0.5_2,inner,2,SA,0.01,0,Double,Yes_Kink,1992,445510
result_SELECT_10_Heisenberg2D_cylinder_0.5_0.5_2,inner,2,SA,0.01,0,Proj.,No_MSF,1668,318128
result_SELECT_10_Heisenberg2D_cylinder_0.5_0.5_2,inner,2,SA,0.01,0,Proj.,No_Top,1668,313584
result_SELECT_10_Heisenberg2D_cylinder_0.5_0.5_2,inner,2,SA,0.01,0,Proj.,No_MP,1669,990830
result_SELECT_10_Heisenberg2D_cylinder_0.5_0.5_2,inner,2,SA,0.01,0,Proj.,No_Kink,1673,1246299
result_SELECT_10_Heisenberg2D_cylinder_0.5_0.5_2,inner,2,SA,0.01,0,Proj.,Yes_Kink,1673,1244151
result_SELECT_10_Heisenberg2D_cylinder_0.5_0.5_3,inner,2,SA,0.1,2,Single,No_MSF,1069,304784
result_SELECT_10_Heisenberg2D_cylinder_0.5_0.5_3,inner,2,SA,0.1,2,Single,No_Top,1069,300112
result_SELECT_10_Heisenberg2D_cylinder_0.5_0.5_3,inner,2,SA,0.1,2,Single,No_MP,1069,340901
result_SELECT_10_Heisenberg2D_cylinder_0.5_0.5_3,inner,2,SA,0.1,2,Single,No_Kink,1069,358136
result_SELECT_10_Heisenberg2D_cylinder_0.5_0.5_3,inner,2,SA,0.1,2,Single,Yes_Kink,1069,369761
result_SELECT_10_Heisenberg2D_cylinder_0.5_0.5_3,inner,2,SA,0.1,2,Double,No_MSF,987,282480
result_SELECT_10_Heisenberg2D_cylinder_0.5_0.5_3,inner,2,SA,0.1,2,Double,No_Top,987,277808
result_SELECT_10_Heisenberg2D_cylinder_0.5_0.5_3,inner,2,SA,0.1,2,Double,No_MP,987,328063
result_SELECT_10_Heisenberg2D_cylinder_0.5_0.5_3,inner,2,SA,0.1,2,Double,No_Kink,987,352324
result_SELECT_10_Heisenberg2D_cylinder_0.5_0.5_3,inner,2,SA,0.1,2,Double,Yes_Kink,1025,359214
result_SELECT_10_Heisenberg2D_cylinder_0.5_0.5_3,inner,2,SA,0.1,2,Proj.,No_MSF,837,241680
result_SELECT_10_Heisenberg2D_cylinder_0.5_0.5_3,inner,2,SA,0.1,2,Proj.,No_Top,837,237008
result_SELECT_10_Heisenberg2D_cylinder_0.5_0.5_3,inner,2,SA,0.1,2,Proj.,No_MP,841,799567
result_SELECT_10_Heisenberg2D_cylinder_0.5_0.5_3,inner,2,SA,0.1,2,Proj.,No_Kink,853,965832
result_SELECT_10_Heisenberg2D_cylinder_0.5_0.5_3,inner,2,SA,0.1,2,Proj.,Yes_Kink,861,967401
result_SELECT_10_Heisenberg2D_cylinder_0.5_0.5_0,outer,1,naive,0.0,0,Single,No_MSF,8099,992534
result_SELECT_10_Heisenberg2D_cylinder_0.5_0.5_0,outer,1,naive,0.0,0,Single,No_Top,8099,988078
result_SELECT_10_Heisenberg2D_cylinder_0.5_0.5_0,outer,1,naive,0.0,0,Single,No_MP,8099,1056526
result_SELECT_10_Heisenberg2D_cylinder_0.5_0.5_0,outer,1,naive,0.0,0,Single,No_Kink,8099,1073612
result_SELECT_10_Heisenberg2D_cylinder_0.5_0.5_0,outer,1,naive,0.0,0,Double,No_MSF,7536,923848
result_SELECT_10_Heisenberg2D_cylinder_0.5_0.5_0,outer,1,naive,0.0,0,Double,No_Top,7536,919392
result_SELECT_10_Heisenberg2D_cylinder_0.5_0.5_0,outer,1,naive,0.0,0,Double,No_MP,7536,995363
result_SELECT_10_Heisenberg2D_cylinder_0.5_0.5_0,outer,1,naive,0.0,0,Double,No_Kink,7536,1017120
result_SELECT_10_Heisenberg2D_cylinder_0.5_0.5_0,outer,1,naive,0.0,0,Double,Yes_Kink,7536,1015167
result_SELECT_10_Heisenberg2D_cylinder_0.5_0.5_0,outer,1,naive,0.0,0,Proj.,No_MSF,6660,816976
result_SELECT_10_Heisenberg2D_cylinder_0.5_0.5_0,outer,1,naive,0.0,0,Proj.,No_Top,6660,812520
result_SELECT_10_Heisenberg2D_cylinder_0.5_0.5_0,outer,1,naive,0.0,0,Proj.,No_MP,6660,2633029
result_SELECT_10_Heisenberg2D_cylinder_0.5_0.5_0,outer,1,naive,0.0,0,Proj.,No_Kink,6663,2872077
result_SELECT_10_Heisenberg2D_cylinder_0.5_0.5_0,outer,1,naive,0.0,0,Proj.,Yes_Kink,6663,2713576
result_trotter_10_Heisenberg2D_cylinder_0.5_0.5_rand,outer,1,SA,0.1,0,Single,No_MSF,744,99900
result_trotter_10_Heisenberg2D_cylinder_0.5_0.5_rand,outer,1,SA,0.1,0,Single,No_Top,744,74400
result_trotter_10_Heisenberg2D_cylinder_0.5_0.5_rand,outer,1,SA,0.1,0,Single,No_MP,744,111658
result_trotter_10_Heisenberg2D_cylinder_0.5_0.5_rand,outer,1,SA,0.1,0,Single,No_Kink,884,251442
result_trotter_10_Heisenberg2D_cylinder_0.5_0.5_rand,outer,1,SA,0.1,0,Double,No_MSF,721,97600
result_trotter_10_Heisenberg2D_cylinder_0.5_0.5_rand,outer,1,SA,0.1,0,Double,No_Top,721,72100
result_trotter_10_Heisenberg2D_cylinder_0.5_0.5_rand,outer,1,SA,0.1,0,Double,No_MP,722,110811
result_trotter_10_Heisenberg2D_cylinder_0.5_0.5_rand,outer,1,SA,0.1,0,Double,No_Kink,1106,375713
result_trotter_10_Heisenberg2D_cylinder_0.5_0.5_rand,outer,1,SA,0.1,0,Double,Yes_Kink,1133,367511
result_trotter_10_Heisenberg2D_cylinder_0.5_0.5_rand,outer,1,SA,0.1,0,Proj.,No_MSF,390,64500
result_trotter_10_Heisenberg2D_cylinder_0.5_0.5_rand,outer,1,SA,0.1,0,Proj.,No_Top,580,58000
result_trotter_10_Heisenberg2D_cylinder_0.5_0.5_rand,outer,1,SA,0.1,0,Proj.,No_MP,512,204332
result_trotter_10_Heisenberg2D_cylinder_0.5_0.5_rand,outer,1,SA,0.1,0,Proj.,No_Kink,878,346984
result_trotter_10_Heisenberg2D_cylinder_0.5_0.5_rand,outer,1,SA,0.1,0,Proj.,Yes_Kink,1011,396000
result_SELECT_10_Heisenberg2D_cylinder_0.5_0.5_6,inner,1,SA,0.01,10,Single,No_MSF,211,344064
result_SELECT_10_Heisenberg2D_cylinder_0.5_0.5_6,inner,1,SA,0.01,10,Single,No_Top,463,668576
result_SELECT_10_Heisenberg2D_cylinder_0.5_0.5_6,inner,1,SA,0.01,10,Single,No_MP,213,490698
result_SELECT_10_Heisenberg2D_cylinder_0.5_0.5_6,inner,1,SA,0.01,10,Single,No_Kink,463,1045850
result_SELECT_10_Heisenberg2D_cylinder_0.5_0.5_6,inner,1,SA,0.01,10,Double,No_MSF,177,299456
result_SELECT_10_Heisenberg2D_cylinder_0.5_0.5_6,inner,1,SA,0.01,10,Double,No_Top,454,656768
result_SELECT_10_Heisenberg2D_cylinder_0.5_0.5_6,inner,1,SA,0.01,10,Double,No_MP,181,448378
result_SELECT_10_Heisenberg2D_cylinder_0.5_0.5_6,inner,1,SA,0.01,10,Double,No_Kink,453,1056394
result_SELECT_10_Heisenberg2D_cylinder_0.5_0.5_6,inner,1,SA,0.01,10,Double,Yes_Kink,452,1057832
result_SELECT_10_Heisenberg2D_cylinder_0.5_0.5_6,inner,1,SA,0.01,10,Proj.,No_MSF,108,208928
result_SELECT_10_Heisenberg2D_cylinder_0.5_0.5_6,inner,1,SA,0.01,10,Proj.,No_Top,451,652832
result_SELECT_10_Heisenberg2D_cylinder_0.5_0.5_6,inner,1,SA,0.01,10,Proj.,No_MP,131,637281
result_SELECT_10_Heisenberg2D_cylinder_0.5_0.5_6,inner,1,SA,0.01,10,Proj.,No_Kink,2365,7149482
result_SELECT_10_Heisenberg2D_cylinder_0.5_0.5_6,inner,1,SA,0.01,10,Proj.,Yes_Kink,2387,7068752
result_SELECT_10_Heisenberg2D_cylinder_0.5_0.5_0,inner,2,SA,0.1,2,Single,No_MSF,8099,1001446
result_SELECT_10_Heisenberg2D_cylinder_0.5_0.5_0,inner,2,SA,0.1,2,Single,No_Top,8101,997234
result_SELECT_10_Heisenberg2D_cylinder_0.5_0.5_0,inner,2,SA,0.1,2,Single,No_MP,8099,1036607
result_SELECT_10_Heisenberg2D_cylinder_0.5_0.5_0,inner,2,SA,0.1,2,Single,No_Kink,8101,1058081
result_SELECT_10_Heisenberg2D_cylinder_0.5_0.5_0,inner,2,SA,0.1,2,Single,Yes_Kink,8101,1069639
result_SELECT_10_Heisenberg2D_cylinder_0.5_0.5_0,inner,2,SA,0.1,2,Double,No_MSF,7536,932760
result_SELECT_10_Heisenberg2D_cylinder_0.5_0.5_0,inner,2,SA,0.1,2,Double,No_Top,7537,928426
result_SELECT_10_Heisenberg2D_cylinder_0.5_0.5_0,inner,2,SA,0.1,2,Double,No_MP,7536,976525
result_SELECT_10_Heisenberg2D_cylinder_0.5_0.5_0,inner,2,SA,0.1,2,Double,No_Kink,7538,1005279
result_SELECT_10_Heisenberg2D_cylinder_0.5_0.5_0,inner,2,SA,0.1,2,Double,Yes_Kink,7538,1004558
result_SELECT_10_Heisenberg2D_cylinder_0.5_0.5_0,inner,2,SA,0.1,2,Proj.,No_MSF,6660,825888
result_SELECT_10_Heisenberg2D_cylinder_0.5_0.5_0,inner,2,SA,0.1,2,Proj.,No_Top,6660,821432
result_SELECT_10_Heisenberg2D_cylinder_0.5_0.5_0,inner,2,SA,0.1,2,Proj.,No_MP,6660,2383827
result_SELECT_10_Heisenberg2D_cylinder_0.5_0.5_0,inner,2,SA,0.1,2,Proj.,No_Kink,6662,2765576
result_SELECT_10_Heisenberg2D_cylinder_0.5_0.5_0,inner,2,SA,0.1,2,Proj.,Yes_Kink,6662,2740455
result_SELECT_10_Heisenberg2D_cylinder_0.5_0.5_5,outer,2,SA,0.1,2,Single,No_MSF,327,256704
result_SELECT_10_Heisenberg2D_cylinder_0.5_0.5_5,outer,2,SA,0.1,2,Single,No_Top,327,251360
result_SELECT_10_Heisenberg2D_cylinder_0.5_0.5_5,outer,2,SA,0.1,2,Single,No_MP,327,317716
result_SELECT_10_Heisenberg2D_cylinder_0.5_0.5_5,outer,2,SA,0.1,2,Single,No_Kink,329,381231
result_SELECT_10_Heisenberg2D_cylinder_0.5_0.5_5,outer,2,SA,0.1,2,Single,Yes_Kink,332,398943
result_SELECT_10_Heisenberg2D_cylinder_0.5_0.5_5,outer,2,SA,0.1,2,Double,No_MSF,290,229472
result_SELECT_10_Heisenberg2D_cylinder_0.5_0.5_5,outer,2,SA,0.1,2,Double,No_Top,291,224864
result_SELECT_10_Heisenberg2D_cylinder_0.5_0.5_5,outer,2,SA,0.1,2,Double,No_MP,290,299274
result_SELECT_10_Heisenberg2D_cylinder_0.5_0.5_5,outer,2,SA,0.1,2,Double,No_Kink,296,371881
result_SELECT_10_Heisenberg2D_cylinder_0.5_0.5_5,outer,2,SA,0.1,2,Double,Yes_Kink,302,376899
result_SELECT_10_Heisenberg2D_cylinder_0.5_0.5_5,outer,2,SA,0.1,2,Proj.,No_MSF,213,172800
result_SELECT_10_Heisenberg2D_cylinder_0.5_0.5_5,outer,2,SA,0.1,2,Proj.,No_Top,213,167456
result_SELECT_10_Heisenberg2D_cylinder_0.5_0.5_5,outer,2,SA,0.1,2,Proj.,No_MP,228,642437
result_SELECT_10_Heisenberg2D_cylinder_0.5_0.5_5,outer,2,SA,0.1,2,Proj.,No_Kink,238,728876
result_SELECT_10_Heisenberg2D_cylinder_0.5_0.5_5,outer,2,SA,0.1,2,Proj.,Yes_Kink,248,740547
result_SELECT_10_Heisenberg2D_cylinder_0.5_0.5_6,outer,1,SA,0.1,6,Single,No_MSF,211,319616
result_SELECT_10_Heisenberg2D_cylinder_0.5_0.5_6,outer,1,SA,0.1,6,Single,No_Top,307,439456
result_SELECT_10_Heisenberg2D_cylinder_0.5_0.5_6,outer,1,SA,0.1,6,Single,No_MP,216,474062
result_SELECT_10_Heisenberg2D_cylinder_0.5_0.5_6,outer,1,SA,0.1,6,Single,No_Kink,320,812054
result_SELECT_10_Heisenberg2D_cylinder_0.5_0.5_6,outer,1,SA,0.1,6,Double,No_MSF,177,275008
result_SELECT_10_Heisenberg2D_cylinder_0.5_0.5_6,outer,1,SA,0.1,6,Double,No_Top,295,423712
result_SELECT_10_Heisenberg2D_cylinder_0.5_0.5_6,outer,1,SA,0.1,6,Double,No_MP,185,434371
result_SELECT_10_Heisenberg2D_cylinder_0.5_0.5_6,outer,1,SA,0.1,6,Double,No_Kink,291,841040
result_SELECT_10_Heisenberg2D_cylinder_0.5_0.5_6,outer,1,SA,0.1,6,Double,Yes_Kink,294,841704
result_SELECT_10_Heisenberg2D_cylinder_0.5_0.5_6,outer,1,SA,0.1,6,Proj.,No_MSF,108,184480
result_SELECT_10_Heisenberg2D_cylinder_0.5_0.5_6,outer,1,SA,0.1,6,Proj.,No_Top,287,413216
result_SELECT_10_Heisenberg2D_cylinder_0.5_0.5_6,outer,1,SA,0.1,6,Proj.,No_MP,136,634789
result_SELECT_10_Heisenberg2D_cylinder_0.5_0.5_6,outer,1,SA,0.1,6,Proj.,No_Kink,294,1373596
result_SELECT_10_Heisenberg2D_cylinder_0.5_0.5_6,outer,1,SA,0.1,6,Proj.,Yes_Kink,294,1372514
result_SELECT_10_Heisenberg2D_cylinder_0.5_0.5_6,outer,1,naive,0.0,2,Single,No_MSF,211,295168
result_SELECT_10_Heisenberg2D_cylinder_0.5_0.5_6,outer,1,naive,0.0,2,Single,No_Top,211,289056
result_SELECT_10_Heisenberg2D_cylinder_0.5_0.5_6,outer,1,naive,0.0,2,Single,No_MP,640,1477316
result_SELECT_10_Heisenberg2D_cylinder_0.5_0.5_6,outer,1,naive,0.0,2,Single,No_Kink,821,1816860
result_SELECT_10_Heisenberg2D_cylinder_0.5_0.5_6,outer,1,naive,0.0,2,Double,No_MSF,177,250560
result_SELECT_10_Heisenberg2D_cylinder_0.5_0.5_6,outer,1,naive,0.0,2,Double,No_Top,177,244448
result_SELECT_10_Heisenberg2D_cylinder_0.5_0.5_6,outer,1,naive,0.0,2,Double,No_MP,468,1263435
result_SELECT_10_Heisenberg2D_cylinder_0.5_0.5_6,outer,1,naive,0.0,2,Double,No_Kink,593,1561333
result_SELECT_10_Heisenberg2D_cylinder_0.5_0.5_6,outer,1,naive,0.0,2,Double,Yes_Kink,598,1560532
result_SELECT_10_Heisenberg2D_cylinder_0.5_0.5_6,outer,1,naive,0.0,2,Proj.,No_MSF,108,160032
result_SELECT_10_Heisenberg2D_cylinder_0.5_0.5_6,outer,1,naive,0.0,2,Proj.,No_Top,123,173600
result_SELECT_10_Heisenberg2D_cylinder_0.5_0.5_6,outer,1,naive,0.0,2,Proj.,No_MP,293,1362818
result_SELECT_10_Heisenberg2D_cylinder_0.5_0.5_6,outer,1,naive,0.0,2,Proj.,No_Kink,368,1737990
result_SELECT_10_Heisenberg2D_cylinder_0.5_0.5_6,outer,1,naive,0.0,2,Proj.,Yes_Kink,376,1766007
result_SELECT_10_Heisenberg2D_cylinder_0.5_0.5_3,inner,1,naive,0.0,2,Single,No_MSF,1069,304784
result_SELECT_10_Heisenberg2D_cylinder_0.5_0.5_3,inner,1,naive,0.0,2,Single,No_Top,1069,300112
result_SELECT_10_Heisenberg2D_cylinder_0.5_0.5_3,inner,1,naive,0.0,2,Single,No_MP,1568,642816
result_SELECT_10_Heisenberg2D_cylinder_0.5_0.5_3,inner,1,naive,0.0,2,Single,No_Kink,1686,757694
result_SELECT_10_Heisenberg2D_cylinder_0.5_0.5_3,inner,1,naive,0.0,2,Double,No_MSF,987,282480
result_SELECT_10_Heisenberg2D_cylinder_0.5_0.5_3,inner,1,naive,0.0,2,Double,No_Top,987,277808
result_SELECT_10_Heisenberg2D_cylinder_0.5_0.5_3,inner,1,naive,0.0,2,Double,No_MP,1155,541764
result_SELECT_10_Heisenberg2D_cylinder_0.5_0.5_3,inner,1,naive,0.0,2,Double,No_Kink,1298,682037
result_SELECT_10_Heisenberg2D_cylinder_0.5_0.5_3,inner,1,naive,0.0,2,Double,Yes_Kink,1327,689370
result_SELECT_10_Heisenberg2D_cylinder_0.5_0.5_3,inner,1,naive,0.0,2,Proj.,No_MSF,837,241680
result_SELECT_10_Heisenberg2D_cylinder_0.5_0.5_3,inner,1,naive,0.0,2,Proj.,No_Top,837,237008
result_SELECT_10_Heisenberg2D_cylinder_0.5_0.5_3,inner,1,naive,0.0,2,Proj.,No_MP,869,912092
result_SELECT_10_Heisenberg2D_cylinder_0.5_0.5_3,inner,1,naive,0.0,2,Proj.,No_Kink,905,959820
result_SELECT_10_Heisenberg2D_cylinder_0.5_0.5_3,inner,1,naive,0.0,2,Proj.,Yes_Kink,955,997035
result_SELECT_10_Heisenberg2D_cylinder_0.5_0.5_3,inner,1,SA,0.001,0,Single,No_MSF,1069,295440
result_SELECT_10_Heisenberg2D_cylinder_0.5_0.5_3,inner,1,SA,0.001,0,Single,No_Top,1069,290768
result_SELECT_10_Heisenberg2D_cylinder_0.5_0.5_3,inner,1,SA,0.001,0,Single,No_MP,1069,336900
result_SELECT_10_Heisenberg2D_cylinder_0.5_0.5_3,inner,1,SA,0.001,0,Single,No_Kink,1069,369752
result_SELECT_10_Heisenberg2D_cylinder_0.5_0.5_3,inner,1,SA,0.001,0,Double,No_MSF,987,273136
result_SELECT_10_Heisenberg2D_cylinder_0.5_0.5_3,inner,1,SA,0.001,0,Double,No_Top,987,268464
result_SELECT_10_Heisenberg2D_cylinder_0.5_0.5_3,inner,1,SA,0.001,0,Double,No_MP,988,322313
result_SELECT_10_Heisenberg2D_cylinder_0.5_0.5_3,inner,1,SA,0.001,0,Double,No_Kink,988,361292
result_SELECT_10_Heisenberg2D_cylinder_0.5_0.5_3,inner,1,SA,0.001,0,Double,Yes_Kink,991,361559
result_SELECT_10_Heisenberg2D_cylinder_0.5_0.5_3,inner,1,SA,0.001,0,Proj.,No_MSF,837,232336
result_SELECT_10_Heisenberg2D_cylinder_0.5_0.5_3,inner,1,SA,0.001,0,Proj.,No_Top,837,227664
result_SELECT_10_Heisenberg2D_cylinder_0.5_0.5_3,inner,1,SA,0.001,0,Proj.,No_MP,846,809574
result_SELECT_10_Heisenberg2D_cylinder_0.5_0.5_3,inner,1,SA,0.001,0,Proj.,No_Kink,850,905636
result_SELECT_10_Heisenberg2D_cylinder_0.5_0.5_3,inner,1,SA,0.001,0,Proj.,Yes_Kink,856,901287
result_SELECT_10_Heisenberg2D_cylinder_0.5_0.5_0,outer,1,SA,0.01,0,Single,No_MSF,8099,992534
result_SELECT_10_Heisenberg2D_cylinder_0.5_0.5_0,outer,1,SA,0.01,0,Single,No_Top,8099,988078
result_SELECT_10_Heisenberg2D_cylinder_0.5_0.5_0,outer,1,SA,0.01,0,Single,No_MP,8099,1030958
result_SELECT_10_Heisenberg2D_cylinder_0.5_0.5_0,outer,1,SA,0.01,0,Single,No_Kink,8099,1080680
result_SELECT_10_Heisenberg2D_cylinder_0.5_0.5_0,outer,1,SA,0.01,0,Double,No_MSF,7536,923848
result_SELECT_10_Heisenberg2D_cylinder_0.5_0.5_0,outer,1,SA,0.01,0,Double,No_Top,7536,919392
result_SELECT_10_Heisenberg2D_cylinder_0.5_0.5_0,outer,1,SA,0.01,0,Double,No_MP,7536,971124
result_SELECT_10_Heisenberg2D_cylinder_0.5_0.5_0,outer,1,SA,0.01,0,Double,No_Kink,7536,1025730
result_SELECT_10_Heisenberg2D_cylinder_0.5_0.5_0,outer,1,SA,0.01,0,Double,Yes_Kink,7536,1023475
result_SELECT_10_Heisenberg2D_cylinder_0.5_0.5_0,outer,1,SA,0.01,0,Proj.,No_MSF,6660,816976
result_SELECT_10_Heisenberg2D_cylinder_0.5_0.5_0,outer,1,SA,0.01,0,Proj.,No_Top,6660,812520
result_SELECT_10_Heisenberg2D_cylinder_0.5_0.5_0,outer,1,SA,0.01,0,Proj.,No_MP,6660,2398796
result_SELECT_10_Heisenberg2D_cylinder_0.5_0.5_0,outer,1,SA,0.01,0,Proj.,No_Kink,6664,2905080
result_SELECT_10_Heisenberg2D_cylinder_0.5_0.5_0,outer,1,SA,0.01,0,Proj.,Yes_Kink,6667,2869603
result_SELECT_10_Heisenberg2D_cylinder_0.5_0.5_0,inner,1,naive,0.0,2,Single,No_MSF,8099,1001446
result_SELECT_10_Heisenberg2D_cylinder_0.5_0.5_0,inner,1,naive,0.0,2,Single,No_Top,8101,997234
result_SELECT_10_Heisenberg2D_cylinder_0.5_0.5_0,inner,1,naive,0.0,2,Single,No_MP,8099,1064380
result_SELECT_10_Heisenberg2D_cylinder_0.5_0.5_0,inner,1,naive,0.0,2,Single,No_Kink,8101,1136700
result_SELECT_10_Heisenberg2D_cylinder_0.5_0.5_0,inner,1,naive,0.0,2,Double,No_MSF,7536,932760
result_SELECT_10_Heisenberg2D_cylinder_0.5_0.5_0,inner,1,naive,0.0,2,Double,No_Top,7537,928426
result_SELECT_10_Heisenberg2D_cylinder_0.5_0.5_0,inner,1,naive,0.0,2,Double,No_MP,7536,1003756
result_SELECT_10_Heisenberg2D_cylinder_0.5_0.5_0,inner,1,naive,0.0,2,Double,No_Kink,7537,1079979
result_SELECT_10_Heisenberg2D_cylinder_0.5_0.5_0,inner,1,naive,0.0,2,Double,Yes_Kink,7544,1078989
result_SELECT_10_Heisenberg2D_cylinder_0.5_0.5_0,inner,1,naive,0.0,2,Proj.,No_MSF,6660,825888
result_SELECT_10_Heisenberg2D_cylinder_0.5_0.5_0,inner,1,naive,0.0,2,Proj.,No_Top,6660,821432
result_SELECT_10_Heisenberg2D_cylinder_0.5_0.5_0,inner,1,naive,0.0,2,Proj.,No_MP,6660,2458981
result_SELECT_10_Heisenberg2D_cylinder_0.5_0.5_0,inner,1,naive,0.0,2,Proj.,No_Kink,6666,2562208
result_SELECT_10_Heisenberg2D_cylinder_0.5_0.5_0,inner,1,naive,0.0,2,Proj.,Yes_Kink,6671,2512604
result_trotter_10_Heisenberg2D_cylinder_0.5_0.5_det,outer,1,naive,0.0,1,Single,No_MSF,756,126600
result_trotter_10_Heisenberg2D_cylinder_0.5_0.5_det,outer,1,naive,0.0,1,Single,No_Top,1173,142800
result_trotter_10_Heisenberg2D_cylinder_0.5_0.5_det,outer,1,naive,0.0,1,Single,No_MP,765,151372
result_trotter_10_Heisenberg2D_cylinder_0.5_0.5_det,outer,1,naive,0.0,1,Single,No_Kink,1306,378088
result_trotter_10_Heisenberg2D_cylinder_0.5_0.5_det,outer,1,naive,0.0,1,Double,No_MSF,749,125900
result_trotter_10_Heisenberg2D_cylinder_0.5_0.5_det,outer,1,naive,0.0,1,Double,No_Top,1160,141500
result_trotter_10_Heisenberg2D_cylinder_0.5_0.5_det,outer,1,naive,0.0,1,Double,No_MP,751,151516
result_trotter_10_Heisenberg2D_cylinder_0.5_0.5_det,outer,1,naive,0.0,1,Double,No_Kink,1317,457977
result_trotter_10_Heisenberg2D_cylinder_0.5_0.5_det,outer,1,naive,0.0,1,Double,Yes_Kink,1378,461656
result_trotter_10_Heisenberg2D_cylinder_0.5_0.5_det,outer,1,naive,0.0,1,Proj.,No_MSF,390,90000
result_trotter_10_Heisenberg2D_cylinder_0.5_0.5_det,outer,1,naive,0.0,1,Proj.,No_Top,1160,141500
result_trotter_10_Heisenberg2D_cylinder_0.5_0.5_det,outer,1,naive,0.0,1,Proj.,No_MP,586,257735
result_trotter_10_Heisenberg2D_cylinder_0.5_0.5_det,outer,1,naive,0.0,1,Proj.,No_Kink,1348,541401
result_trotter_10_Heisenberg2D_cylinder_0.5_0.5_det,outer,1,naive,0.0,1,Proj.,Yes_Kink,1392,550397
result_SELECT_10_Heisenberg2D_cylinder_0.5_0.5_6,inner,1,SA,1.0,2,Single,No_MSF,211,295168
result_SELECT_10_Heisenberg2D_cylinder_0.5_0.5_6,inner,1,SA,1.0,2,Single,No_Top,211,289056
result_SELECT_10_Heisenberg2D_cylinder_0.5_0.5_6,inner,1,SA,1.0,2,Single,No_MP,216,450820
result_SELECT_10_Heisenberg2D_cylinder_0.5_0.5_6,inner,1,SA,1.0,2,Single,No_Kink,234,550780
result_SELECT_10_Heisenberg2D_cylinder_0.5_0.5_6,inner,1,SA,1.0,2,Double,No_MSF,177,250560
result_SELECT_10_Heisenberg2D_cylinder_0.5_0.5_6,inner,1,SA,1.0,2,Double,No_Top,177,244448
result_SELECT_10_Heisenberg2D_cylinder_0.5_0.5_6,inner,1,SA,1.0,2,Double,No_MP,184,413632
result_SELECT_10_Heisenberg2D_cylinder_0.5_0.5_6,inner,1,SA,1.0,2,Double,No_Kink,195,542656
result_SELECT_10_Heisenberg2D_cylinder_0.5_0.5_6,inner,1,SA,1.0,2,Double,Yes_Kink,206,579965
result_SELECT_10_Heisenberg2D_cylinder_0.5_0.5_6,inner,1,SA,1.0,2,Proj.,No_MSF,108,160032
result_SELECT_10_Heisenberg2D_cylinder_0.5_0.5_6,inner,1,SA,1.0,2,Proj.,No_Top,123,173600
result_SELECT_10_Heisenberg2D_cylinder_0.5_0.5_6,inner,1,SA,1.0,2,Proj.,No_MP,135,579877
result_SELECT_10_Heisenberg2D_cylinder_0.5_0.5_6,inner,1,SA,1.0,2,Proj.,No_Kink,197,800291
result_SELECT_10_Heisenberg2D_cylinder_0.5_0.5_6,inner,1,SA,1.0,2,Proj.,Yes_Kink,203,814419
result_trotter_10_Heisenberg2D_cylinder_0.5_0.5_rand,outer,1,naive,0.0,1,Single,No_MSF,744,125400
result_trotter_10_Heisenberg2D_cylinder_0.5_0.5_rand,outer,1,naive,0.0,1,Single,No_Top,1164,141900
result_trotter_10_Heisenberg2D_cylinder_0.5_0.5_rand,outer,1,naive,0.0,1,Single,No_MP,762,159602
result_trotter_10_Heisenberg2D_cylinder_0.5_0.5_rand,outer,1,naive,0.0,1,Single,No_Kink,1349,387548
result_trotter_10_Heisenberg2D_cylinder_0.5_0.5_rand,outer,1,naive,0.0,1,Double,No_MSF,721,123100
result_trotter_10_Heisenberg2D_cylinder_0.5_0.5_rand,outer,1,naive,0.0,1,Double,No_Top,1160,141500
result_trotter_10_Heisenberg2D_cylinder_0.5_0.5_rand,outer,1,naive,0.0,1,Double,No_MP,730,157820
result_trotter_10_Heisenberg2D_cylinder_0.5_0.5_rand,outer,1,naive,0.0,1,Double,No_Kink,1345,468701
result_trotter_10_Heisenberg2D_cylinder_0.5_0.5_rand,outer,1,naive,0.0,1,Double,Yes_Kink,1403,474801
result_trotter_10_Heisenberg2D_cylinder_0.5_0.5_rand,outer,1,naive,0.0,1,Proj.,No_MSF,390,90000
result_trotter_10_Heisenberg2D_cylinder_0.5_0.5_rand,outer,1,naive,0.0,1,Proj.,No_Top,1160,141500
result_trotter_10_Heisenberg2D_cylinder_0.5_0.5_rand,outer,1,naive,0.0,1,Proj.,No_MP,538,245115
result_trotter_10_Heisenberg2D_cylinder_0.5_0.5_rand,outer,1,naive,0.0,1,Proj.,No_Kink,1282,529392
result_trotter_10_Heisenberg2D_cylinder_0.5_0.5_rand,outer,1,naive,0.0,1,Proj.,Yes_Kink,1333,541713
result_SELECT_10_Heisenberg2D_cylinder_0.5_0.5_3,outer,1,SA,0.1,2,Single,No_MSF,1069,304784
result_SELECT_10_Heisenberg2D_cylinder_0.5_0.5_3,outer,1,SA,0.1,2,Single,No_Top,1069,300112
result_SELECT_10_Heisenberg2D_cylinder_0.5_0.5_3,outer,1,SA,0.1,2,Single,No_MP,1069,345438
result_SELECT_10_Heisenberg2D_cylinder_0.5_0.5_3,outer,1,SA,0.1,2,Single,No_Kink,1069,384108
result_SELECT_10_Heisenberg2D_cylinder_0.5_0.5_3,outer,1,SA,0.1,2,Double,No_MSF,987,282480
result_SELECT_10_Heisenberg2D_cylinder_0.5_0.5_3,outer,1,SA,0.1,2,Double,No_Top,987,277808
result_SELECT_10_Heisenberg2D_cylinder_0.5_0.5_3,outer,1,SA,0.1,2,Double,No_MP,988,332267
result_SELECT_10_Heisenberg2D_cylinder_0.5_0.5_3,outer,1,SA,0.1,2,Double,No_Kink,988,373955
result_SELECT_10_Heisenberg2D_cylinder_0.5_0.5_3,outer,1,SA,0.1,2,Double,Yes_Kink,990,373946
result_SELECT_10_Heisenberg2D_cylinder_0.5_0.5_3,outer,1,SA,0.1,2,Proj.,No_MSF,837,241680
result_SELECT_10_Heisenberg2D_cylinder_0.5_0.5_3,outer,1,SA,0.1,2,Proj.,No_Top,837,237008
result_SELECT_10_Heisenberg2D_cylinder_0.5_0.5_3,outer,1,SA,0.1,2,Proj.,No_MP,845,804773
result_SELECT_10_Heisenberg2D_cylinder_0.5_0.5_3,outer,1,SA,0.1,2,Proj.,No_Kink,854,933565
result_SELECT_10_Heisenberg2D_cylinder_0.5_0.5_3,outer,1,SA,0.1,2,Proj.,Yes_Kink,870,931849
result_trotter_10_Heisenberg2D_cylinder_0.5_0.5_det,outer,1,SA,0.01,1,Single,No_MSF,756,126600
result_trotter_10_Heisenberg2D_cylinder_0.5_0.5_det,outer,1,SA,0.01,1,Single,No_Top,1173,142800
result_trotter_10_Heisenberg2D_cylinder_0.5_0.5_det,outer,1,SA,0.01,1,Single,No_MP,760,138730
result_trotter_10_Heisenberg2D_cylinder_0.5_0.5_det,outer,1,SA,0.01,1,Single,No_Kink,1266,372100
result_trotter_10_Heisenberg2D_cylinder_0.5_0.5_det,outer,1,SA,0.01,1,Double,No_MSF,749,125900
result_trotter_10_Heisenberg2D_cylinder_0.5_0.5_det,outer,1,SA,0.01,1,Double,No_Top,1160,141500
result_trotter_10_Heisenberg2D_cylinder_0.5_0.5_det,outer,1,SA,0.01,1,Double,No_MP,750,139555
result_trotter_10_Heisenberg2D_cylinder_0.5_0.5_det,outer,1,SA,0.01,1,Double,No_Kink,1281,450982
result_trotter_10_Heisenberg2D_cylinder_0.5_0.5_det,outer,1,SA,0.01,1,Double,Yes_Kink,1356,460046
result_trotter_10_Heisenberg2D_cylinder_0.5_0.5_det,outer,1,SA,0.01,1,Proj.,No_MSF,390,90000
result_trotter_10_Heisenberg2D_cylinder_0.5_0.5_det,outer,1,SA,0.01,1,Proj.,No_Top,1160,141500
result_trotter_10_Heisenberg2D_cylinder_0.5_0.5_det,outer,1,SA,0.01,1,Proj.,No_MP,565,247518
result_trotter_10_Heisenberg2D_cylinder_0.5_0.5_det,outer,1,SA,0.01,1,Proj.,No_Kink,1409,553406
result_trotter_10_Heisenberg2D_cylinder_0.5_0.5_det,outer,1,SA,0.01,1,Proj.,Yes_Kink,1442,558984
result_SELECT_10_Heisenberg2D_cylinder_0.5_0.5_6,inner,2,SA,1.0,6,Single,No_MSF,211,319616
result_SELECT_10_Heisenberg2D_cylinder_0.5_0.5_6,inner,2,SA,1.0,6,Single,No_Top,307,439456
result_SELECT_10_Heisenberg2D_cylinder_0.5_0.5_6,inner,2,SA,1.0,6,Single,No_MP,211,425582
result_SELECT_10_Heisenberg2D_cylinder_0.5_0.5_6,inner,2,SA,1.0,6,Single,No_Kink,308,667242
result_SELECT_10_Heisenberg2D_cylinder_0.5_0.5_6,inner,2,SA,1.0,6,Single,Yes_Kink,308,684447
result_SELECT_10_Heisenberg2D_cylinder_0.5_0.5_6,inner,2,SA,1.0,6,Double,No_MSF,177,275008
result_SELECT_10_Heisenberg2D_cylinder_0.5_0.5_6,inner,2,SA,1.0,6,Double,No_Top,295,423712
result_SELECT_10_Heisenberg2D_cylinder_0.5_0.5_6,inner,2,SA,1.0,6,Double,No_MP,180,394225
result_SELECT_10_Heisenberg2D_cylinder_0.5_0.5_6,inner,2,SA,1.0,6,Double,No_Kink,295,660526
result_SELECT_10_Heisenberg2D_cylinder_0.5_0.5_6,inner,2,SA,1.0,6,Double,Yes_Kink,297,665260
result_SELECT_10_Heisenberg2D_cylinder_0.5_0.5_6,inner,2,SA,1.0,6,Proj.,No_MSF,108,184480
result_SELECT_10_Heisenberg2D_cylinder_0.5_0.5_6,inner,2,SA,1.0,6,Proj.,No_Top,287,413216
result_SELECT_10_Heisenberg2D_cylinder_0.5_0.5_6,inner,2,SA,1.0,6,Proj.,No_MP,125,596935
result_SELECT_10_Heisenberg2D_cylinder_0.5_0.5_6,inner,2,SA,1.0,6,Proj.,No_Kink,350,1431331
result_SELECT_10_Heisenberg2D_cylinder_0.5_0.5_6,inner,2,SA,1.0,6,Proj.,Yes_Kink,354,1422533
result_SELECT_10_Heisenberg2D_cylinder_0.5_0.5_0,outer,2,SA,1.0,0,Single,No_MSF,8099,992534
result_SELECT_10_Heisenberg2D_cylinder_0.5_0.5_0,outer,2,SA,1.0,0,Single,No_Top,8099,988078
result_SELECT_10_Heisenberg2D_cylinder_0.5_0.5_0,outer,2,SA,1.0,0,Single,No_MP,8099,1031066
result_SELECT_10_Heisenberg2D_cylinder_0.5_0.5_0,outer,2,SA,1.0,0,Single,No_Kink,8099,1040168
result_SELECT_10_Heisenberg2D_cylinder_0.5_0.5_0,outer,2,SA,1.0,0,Single,Yes_Kink,8099,1051871
result_SELECT_10_Heisenberg2D_cylinder_0.5_0.5_0,outer,2,SA,1.0,0,Double,No_MSF,7536,923848
result_SELECT_10_Heisenberg2D_cylinder_0.5_0.5_0,outer,2,SA,1.0,0,Double,No_Top,7536,919392
result_SELECT_10_Heisenberg2D_cylinder_0.5_0.5_0,outer,2,SA,1.0,0,Double,No_MP,7536,970462
result_SELECT_10_Heisenberg2D_cylinder_0.5_0.5_0,outer,2,SA,1.0,0,Double,No_Kink,7536,985977
result_SELECT_10_Heisenberg2D_cylinder_0.5_0.5_0,outer,2,SA,1.0,0,Double,Yes_Kink,7536,983791
result_SELECT_10_Heisenberg2D_cylinder_0.5_0.5_0,outer,2,SA,1.0,0,Proj.,No_MSF,6660,816976
result_SELECT_10_Heisenberg2D_cylinder_0.5_0.5_0,outer,2,SA,1.0,0,Proj.,No_Top,6660,812520
result_SELECT_10_Heisenberg2D_cylinder_0.5_0.5_0,outer,2,SA,1.0,0,Proj.,No_MP,6660,2327654
result_SELECT_10_Heisenberg2D_cylinder_0.5_0.5_0,outer,2,SA,1.0,0,Proj.,No_Kink,6660,2712113
result_SELECT_10_Heisenberg2D_cylinder_0.5_0.5_0,outer,2,SA,1.0,0,Proj.,Yes_Kink,6660,2689831
result_SELECT_10_Heisenberg2D_cylinder_0.5_0.5_3,inner,1,SA,0.01,2,Single,No_MSF,1069,304784
result_SELECT_10_Heisenberg2D_cylinder_0.5_0.5_3,inner,1,SA,0.01,2,Single,No_Top,1069,300112
result_SELECT_10_Heisenberg2D_cylinder_0.5_0.5_3,inner,1,SA,0.01,2,Single,No_MP,1069,346750
result_SELECT_10_Heisenberg2D_cylinder_0.5_0.5_3,inner,1,SA,0.01,2,Single,No_Kink,1071,376696
result_SELECT_10_Heisenberg2D_cylinder_0.5_0.5_3,inner,1,SA,0.01,2,Double,No_MSF,987,282480
result_SELECT_10_Heisenberg2D_cylinder_0.5_0.5_3,inner,1,SA,0.01,2,Double,No_Top,987,277808
result_SELECT_10_Heisenberg2D_cylinder_0.5_0.5_3,inner,1,SA,0.01,2,Double,No_MP,988,332932
result_SELECT_10_Heisenberg2D_cylinder_0.5_0.5_3,inner,1,SA,0.01,2,Double,No_Kink,988,366709
result_SELECT_10_Heisenberg2D_cylinder_0.5_0.5_3,inner,1,SA,0.01,2,Double,Yes_Kink,990,368035
result_SELECT_10_Heisenberg2D_cylinder_0.5_0.5_3,inner,1,SA,0.01,2,Proj.,No_MSF,837,241680
result_SELECT_10_Heisenberg2D_cylinder_0.5_0.5_3,inner,1,SA,0.01,2,Proj.,No_Top,837,237008
result_SELECT_10_Heisenberg2D_cylinder_0.5_0.5_3,inner,1,SA,0.01,2,Proj.,No_MP,844,866041
result_SELECT_10_Heisenberg2D_cylinder_0.5_0.5_3,inner,1,SA,0.01,2,Proj.,No_Kink,858,926195
result_SELECT_10_Heisenberg2D_cylinder_0.5_0.5_3,inner,1,SA,0.01,2,Proj.,Yes_Kink,861,919366
result_SELECT_10_Heisenberg2D_cylinder_0.5_0.5_1,inner,1,SA,0.1,2,Single,No_MSF,4079,600816
result_SELECT_10_Heisenberg2D_cylinder_0.5_0.5_1,inner,1,SA,0.1,2,Single,No_Top,4080,596480
result_SELECT_10_Heisenberg2D_cylinder_0.5_0.5_1,inner,1,SA,0.1,2,Single,No_MP,4079,643116
result_SELECT_10_Heisenberg2D_cylinder_0.5_0.5_1,inner,1,SA,0.1,2,Single,No_Kink,4081,682170
result_SELECT_10_Heisenberg2D_cylinder_0.5_0.5_1,inner,1,SA,0.1,2,Double,No_MSF,3792,559488
result_SELECT_10_Heisenberg2D_cylinder_0.5_0.5_1,inner,1,SA,0.1,2,Double,No_Top,3793,555152
result_SELECT_10_Heisenberg2D_cylinder_0.5_0.5_1,inner,1,SA,0.1,2,Double,No_MP,3794,610961
result_SELECT_10_Heisenberg2D_cylinder_0.5_0.5_1,inner,1,SA,0.1,2,Double,No_Kink,3798,656603
result_SELECT_10_Heisenberg2D_cylinder_0.5_0.5_1,inner,1,SA,0.1,2,Double,Yes_Kink,3797,657435
result_SELECT_10_Heisenberg2D_cylinder_0.5_0.5_1,inner,1,SA,0.1,2,Proj.,No_MSF,3333,493392
result_SELECT_10_Heisenberg2D_cylinder_0.5_0.5_1,inner,1,SA,0.1,2,Proj.,No_Top,3333,488912
result_SELECT_10_Heisenberg2D_cylinder_0.5_0.5_1,inner,1,SA,0.1,2,Proj.,No_MP,3339,1537362
result_SELECT_10_Heisenberg2D_cylinder_0.5_0.5_1,inner,1,SA,0.1,2,Proj.,No_Kink,3346,1736344
result_SELECT_10_Heisenberg2D_cylinder_0.5_0.5_1,inner,1,SA,0.1,2,Proj.,Yes_Kink,3360,1713934
result_trotter_10_Heisenberg2D_cylinder_0.5_0.5_rand,inner,2,naive,0.0,0,Single,No_MSF,744,99900
result_trotter_10_Heisenberg2D_cylinder_0.5_0.5_rand,inner,2,naive,0.0,0,Single,No_Top,744,74400
result_trotter_10_Heisenberg2D_cylinder_0.5_0.5_rand,inner,2,naive,0.0,0,Single,No_MP,752,125240
result_trotter_10_Heisenberg2D_cylinder_0.5_0.5_rand,inner,2,naive,0.0,0,Single,No_Kink,1374,365506
result_trotter_10_Heisenberg2D_cylinder_0.5_0.5_rand,inner,2,naive,0.0,0,Single,Yes_Kink,1398,373176
result_trotter_10_Heisenberg2D_cylinder_0.5_0.5_rand,inner,2,naive,0.0,0,Double,No_MSF,721,97600
result_trotter_10_Heisenberg2D_cylinder_0.5_0.5_rand,inner,2,naive,0.0,0,Double,No_Top,721,72100
result_trotter_10_Heisenberg2D_cylinder_0.5_0.5_rand,inner,2,naive,0.0,0,Double,No_MP,730,125028
result_trotter_10_Heisenberg2D_cylinder_0.5_0.5_rand,inner,2,naive,0.0,0,Double,No_Kink,1471,469490
result_trotter_10_Heisenberg2D_cylinder_0.5_0.5_rand,inner,2,naive,0.0,0,Double,Yes_Kink,1479,464896
result_trotter_10_Heisenberg2D_cylinder_0.5_0.5_rand,inner,2,naive,0.0,0,Proj.,No_MSF,390,64500
result_trotter_10_Heisenberg2D_cylinder_0.5_0.5_rand,inner,2,naive,0.0,0,Proj.,No_Top,580,58000
result_trotter_10_Heisenberg2D_cylinder_0.5_0.5_rand,inner,2,naive,0.0,0,Proj.,No_MP,550,246579
result_trotter_10_Heisenberg2D_cylinder_0.5_0.5_rand,inner,2,naive,0.0,0,Proj.,No_Kink,1327,756343
result_trotter_10_Heisenberg2D_cylinder_0.5_0.5_rand,inner,2,naive,0.0,0,Proj.,Yes_Kink,1391,795148
result_trotter_10_Heisenberg2D_cylinder_0.5_0.5_det,inner,2,SA,0.001,2,Single,No_MSF,756,152100
result_trotter_10_Heisenberg2D_cylinder_0.5_0.5_det,inner,2,SA,0.001,2,Single,No_Top,1742,225200
result_trotter_10_Heisenberg2D_cylinder_0.5_0.5_det,inner,2,SA,0.001,2,Single,No_MP,758,162052
result_trotter_10_Heisenberg2D_cylinder_0.5_0.5_det,inner,2,SA,0.001,2,Single,No_Kink,1747,470984
result_trotter_10_Heisenberg2D_cylinder_0.5_0.5_det,inner,2,SA,0.001,2,Single,Yes_Kink,1756,484616
result_trotter_10_Heisenberg2D_cylinder_0.5_0.5_det,inner,2,SA,0.001,2,Double,No_MSF,749,151400
result_trotter_10_Heisenberg2D_cylinder_0.5_0.5_det,inner,2,SA,0.001,2,Double,No_Top,1740,225000
result_trotter_10_Heisenberg2D_cylinder_0.5_0.5_det,inner,2,SA,0.001,2,Double,No_MP,750,162971
result_trotter_10_Heisenberg2D_cylinder_0.5_0.5_det,inner,2,SA,0.001,2,Double,No_Kink,1740,471049
result_trotter_10_Heisenberg2D_cylinder_0.5_0.5_det,inner,2,SA,0.001,2,Double,Yes_Kink,1741,484454
result_trotter_10_Heisenberg2D_cylinder_0.5_0.5_det,inner,2,SA,0.001,2,Proj.,No_MSF,390,115500
result_trotter_10_Heisenberg2D_cylinder_0.5_0.5_det,inner,2,SA,0.001,2,Proj.,No_Top,1740,225000
result_trotter_10_Heisenberg2D_cylinder_0.5_0.5_det,inner,2,SA,0.001,2,Proj.,No_MP,567,301943
result_trotter_10_Heisenberg2D_cylinder_0.5_0.5_det,inner,2,SA,0.001,2,Proj.,No_Kink,1913,1145452
result_trotter_10_Heisenberg2D_cylinder_0.5_0.5_det,inner,2,SA,0.001,2,Proj.,Yes_Kink,1931,1142788
result_SELECT_10_Heisenberg2D_cylinder_0.5_0.5_6,inner,1,SA,0.01,2,Single,No_MSF,211,295168
result_SELECT_10_Heisenberg2D_cylinder_0.5_0.5_6,inner,1,SA,0.01,2,Single,No_Top,211,289056
result_SELECT_10_Heisenberg2D_cylinder_0.5_0.5_6,inner,1,SA,0.01,2,Single,No_MP,213,441802
result_SELECT_10_Heisenberg2D_cylinder_0.5_0.5_6,inner,1,SA,0.01,2,Single,No_Kink,229,567112
result_SELECT_10_Heisenberg2D_cylinder_0.5_0.5_6,inner,1,SA,0.01,2,Double,No_MSF,177,250560
result_SELECT_10_Heisenberg2D_cylinder_0.5_0.5_6,inner,1,SA,0.01,2,Double,No_Top,177,244448
result_SELECT_10_Heisenberg2D_cylinder_0.5_0.5_6,inner,1,SA,0.01,2,Double,No_MP,181,399482
result_SELECT_10_Heisenberg2D_cylinder_0.5_0.5_6,inner,1,SA,0.01,2,Double,No_Kink,190,554619
result_SELECT_10_Heisenberg2D_cylinder_0.5_0.5_6,inner,1,SA,0.01,2,Double,Yes_Kink,198,588905
result_SELECT_10_Heisenberg2D_cylinder_0.5_0.5_6,inner,1,SA,0.01,2,Proj.,No_MSF,108,160032
result_SELECT_10_Heisenberg2D_cylinder_0.5_0.5_6,inner,1,SA,0.01,2,Proj.,No_Top,123,173600
result_SELECT_10_Heisenberg2D_cylinder_0.5_0.5_6,inner,1,SA,0.01,2,Proj.,No_MP,131,588385
result_SELECT_10_Heisenberg2D_cylinder_0.5_0.5_6,inner,1,SA,0.01,2,Proj.,No_Kink,164,760312
result_SELECT_10_Heisenberg2D_cylinder_0.5_0.5_6,inner,1,SA,0.01,2,Proj.,Yes_Kink,170,787739
result_SELECT_10_Heisenberg2D_cylinder_0.5_0.5_6,outer,1,SA,1.0,8,Single,No_MSF,211,331840
result_SELECT_10_Heisenberg2D_cylinder_0.5_0.5_6,outer,1,SA,1.0,8,Single,No_Top,383,551392
result_SELECT_10_Heisenberg2D_cylinder_0.5_0.5_6,outer,1,SA,1.0,8,Single,No_MP,224,516348
result_SELECT_10_Heisenberg2D_cylinder_0.5_0.5_6,outer,1,SA,1.0,8,Single,No_Kink,394,949250
result_SELECT_10_Heisenberg2D_cylinder_0.5_0.5_6,outer,1,SA,1.0,8,Double,No_MSF,177,287232
result_SELECT_10_Heisenberg2D_cylinder_0.5_0.5_6,outer,1,SA,1.0,8,Double,No_Top,374,539584
result_SELECT_10_Heisenberg2D_cylinder_0.5_0.5_6,outer,1,SA,1.0,8,Double,No_MP,185,468801
result_SELECT_10_Heisenberg2D_cylinder_0.5_0.5_6,outer,1,SA,1.0,8,Double,No_Kink,375,1009832
result_SELECT_10_Heisenberg2D_cylinder_0.5_0.5_6,outer,1,SA,1.0,8,Double,Yes_Kink,377,1008621
result_SELECT_10_Heisenberg2D_cylinder_0.5_0.5_6,outer,1,SA,1.0,8,Proj.,No_MSF,108,196704
result_SELECT_10_Heisenberg2D_cylinder_0.5_0.5_6,outer,1,SA,1.0,8,Proj.,No_Top,369,533024
result_SELECT_10_Heisenberg2D_cylinder_0.5_0.5_6,outer,1,SA,1.0,8,Proj.,No_MP,138,624886
result_SELECT_10_Heisenberg2D_cylinder_0.5_0.5_6,outer,1,SA,1.0,8,Proj.,No_Kink,387,1719620
result_SELECT_10_Heisenberg2D_cylinder_0.5_0.5_6,outer,1,SA,1.0,8,Proj.,Yes_Kink,380,1704056
result_trotter_10_Heisenberg2D_cylinder_0.5_0.5_det,inner,1,SA,0.1,2,Single,No_MSF,756,152100
result_trotter_10_Heisenberg2D_cylinder_0.5_0.5_det,inner,1,SA,0.1,2,Single,No_Top,1742,225200
result_trotter_10_Heisenberg2D_cylinder_0.5_0.5_det,inner,1,SA,0.1,2,Single,No_MP,760,164896
result_trotter_10_Heisenberg2D_cylinder_0.5_0.5_det,inner,1,SA,0.1,2,Single,No_Kink,1785,479248
result_trotter_10_Heisenberg2D_cylinder_0.5_0.5_det,inner,1,SA,0.1,2,Double,No_MSF,749,151400
result_trotter_10_Heisenberg2D_cylinder_0.5_0.5_det,inner,1,SA,0.1,2,Double,No_Top,1740,225000
result_trotter_10_Heisenberg2D_cylinder_0.5_0.5_det,inner,1,SA,0.1,2,Double,No_MP,749,165357
result_trotter_10_Heisenberg2D_cylinder_0.5_0.5_det,inner,1,SA,0.1,2,Double,No_Kink,1757,541907
result_trotter_10_Heisenberg2D_cylinder_0.5_0.5_det,inner,1,SA,0.1,2,Double,Yes_Kink,1781,554894
result_trotter_10_Heisenberg2D_cylinder_0.5_0.5_det,inner,1,SA,0.1,2,Proj.,No_MSF,390,115500
result_trotter_10_Heisenberg2D_cylinder_0.5_0.5_det,inner,1,SA,0.1,2,Proj.,No_Top,1740,225000
result_trotter_10_Heisenberg2D_cylinder_0.5_0.5_det,inner,1,SA,0.1,2,Proj.,No_MP,563,268772
result_trotter_10_Heisenberg2D_cylinder_0.5_0.5_det,inner,1,SA,0.1,2,Proj.,No_Kink,2113,860710
result_trotter_10_Heisenberg2D_cylinder_0.5_0.5_det,inner,1,SA,0.1,2,Proj.,Yes_Kink,2113,853239
result_SELECT_10_Heisenberg2D_cylinder_0.5_0.5_4,inner,1,random,0.0,2,Single,No_MSF,571,261360
result_SELECT_10_Heisenberg2D_cylinder_0.5_0.5_4,inner,1,random,0.0,2,Single,No_Top,571,256464
result_SELECT_10_Heisenberg2D_cylinder_0.5_0.5_4,inner,1,random,0.0,2,Single,No_MP,880,711828
result_SELECT_10_Heisenberg2D_cylinder_0.5_0.5_4,inner,1,random,0.0,2,Single,No_Kink,910,739652
result_SELECT_10_Heisenberg2D_cylinder_0.5_0.5_4,inner,1,random,0.0,2,Double,No_MSF,522,240192
result_SELECT_10_Heisenberg2D_cylinder_0.5_0.5_4,inner,1,random,0.0,2,Double,No_Top,522,235296
result_SELECT_10_Heisenberg2D_cylinder_0.5_0.5_4,inner,1,random,0.0,2,Double,No_MP,553,575639
result_SELECT_10_Heisenberg2D_cylinder_0.5_0.5_4,inner,1,random,0.0,2,Double,No_Kink,583,620185
result_SELECT_10_Heisenberg2D_cylinder_0.5_0.5_4,inner,1,random,0.0,2,Double,Yes_Kink,589,627303
result_SELECT_10_Heisenberg2D_cylinder_0.5_0.5_4,inner,1,random,0.0,2,Proj.,No_MSF,420,196128
result_SELECT_10_Heisenberg2D_cylinder_0.5_0.5_4,inner,1,random,0.0,2,Proj.,No_Top,420,191232
result_SELECT_10_Heisenberg2D_cylinder_0.5_0.5_4,inner,1,random,0.0,2,Proj.,No_MP,452,719696
result_SELECT_10_Heisenberg2D_cylinder_0.5_0.5_4,inner,1,random,0.0,2,Proj.,No_Kink,497,761039
result_SELECT_10_Heisenberg2D_cylinder_0.5_0.5_4,inner,1,random,0.0,2,Proj.,Yes_Kink,515,783047
result_SELECT_10_Heisenberg2D_cylinder_0.5_0.5_6,outer,2,random,0.0,6,Single,No_MSF,211,319616
result_SELECT_10_Heisenberg2D_cylinder_0.5_0.5_6,outer,2,random,0.0,6,Single,No_Top,307,439456
result_SELECT_10_Heisenberg2D_cylinder_0.5_0.5_6,outer,2,random,0.0,6,Single,No_MP,253,838088
result_SELECT_10_Heisenberg2D_cylinder_0.5_0.5_6,outer,2,random,0.0,6,Single,No_Kink,337,1088293
result_SELECT_10_Heisenberg2D_cylinder_0.5_0.5_6,outer,2,random,0.0,6,Single,Yes_Kink,338,1095171
result_SELECT_10_Heisenberg2D_cylinder_0.5_0.5_6,outer,2,random,0.0,6,Double,No_MSF,177,275008
result_SELECT_10_Heisenberg2D_cylinder_0.5_0.5_6,outer,2,random,0.0,6,Double,No_Top,295,423712
result_SELECT_10_Heisenberg2D_cylinder_0.5_0.5_6,outer,2,random,0.0,6,Double,No_MP,213,802042
result_SELECT_10_Heisenberg2D_cylinder_0.5_0.5_6,outer,2,random,0.0,6,Double,No_Kink,300,1065976
result_SELECT_10_Heisenberg2D_cylinder_0.5_0.5_6,outer,2,random,0.0,6,Double,Yes_Kink,305,1075673
result_SELECT_10_Heisenberg2D_cylinder_0.5_0.5_6,outer,2,random,0.0,6,Proj.,No_MSF,108,184480
result_SELECT_10_Heisenberg2D_cylinder_0.5_0.5_6,outer,2,random,0.0,6,Proj.,No_Top,287,413216
result_SELECT_10_Heisenberg2D_cylinder_0.5_0.5_6,outer,2,random,0.0,6,Proj.,No_MP,168,868141
result_SELECT_10_Heisenberg2D_cylinder_0.5_0.5_6,outer,2,random,0.0,6,Proj.,No_Kink,303,1475721
result_SELECT_10_Heisenberg2D_cylinder_0.5_0.5_6,outer,2,random,0.0,6,Proj.,Yes_Kink,303,1474930
result_trotter_10_Heisenberg2D_cylinder_0.5_0.5_det,outer,1,random,0.0,1,Single,No_MSF,756,126600
result_trotter_10_Heisenberg2D_cylinder_0.5_0.5_det,outer,1,random,0.0,1,Single,No_Top,1173,142800
result_trotter_10_Heisenberg2D_cylinder_0.5_0.5_det,outer,1,random,0.0,1,Single,No_MP,770,163982
result_trotter_10_Heisenberg2D_cylinder_0.5_0.5_det,outer,1,random,0.0,1,Single,No_Kink,1364,393648
result_trotter_10_Heisenberg2D_cylinder_0.5_0.5_det,outer,1,random,0.0,1,Double,No_MSF,749,125900
result_trotter_10_Heisenberg2D_cylinder_0.5_0.5_det,outer,1,random,0.0,1,Double,No_Top,1160,141500
result_trotter_10_Heisenberg2D_cylinder_0.5_0.5_det,outer,1,random,0.0,1,Double,No_MP,753,162418
result_trotter_10_Heisenberg2D_cylinder_0.5_0.5_det,outer,1,random,0.0,1,Double,No_Kink,1349,473286
result_trotter_10_Heisenberg2D_cylinder_0.5_0.5_det,outer,1,random,0.0,1,Double,Yes_Kink,1394,469959
result_trotter_10_Heisenberg2D_cylinder_0.5_0.5_det,outer,1,random,0.0,1,Proj.,No_MSF,390,90000
result_trotter_10_Heisenberg2D_cylinder_0.5_0.5_det,outer,1,random,0.0,1,Proj.,No_Top,1160,141500
result_trotter_10_Heisenberg2D_cylinder_0.5_0.5_det,outer,1,random,0.0,1,Proj.,No_MP,588,260685
result_trotter_10_Heisenberg2D_cylinder_0.5_0.5_det,outer,1,random,0.0,1,Proj.,No_Kink,1338,540941
result_trotter_10_Heisenberg2D_cylinder_0.5_0.5_det,outer,1,random,0.0,1,Proj.,Yes_Kink,1382,550880
result_SELECT_10_Heisenberg2D_cylinder_0.5_0.5_2,inner,1,random,0.0,2,Single,No_MSF,2072,403168
result_SELECT_10_Heisenberg2D_cylinder_0.5_0.5_2,inner,1,random,0.0,2,Single,No_Top,2072,398624
result_SELECT_10_Heisenberg2D_cylinder_0.5_0.5_2,inner,1,random,0.0,2,Single,No_MP,2098,598118
result_SELECT_10_Heisenberg2D_cylinder_0.5_0.5_2,inner,1,random,0.0,2,Single,No_Kink,2104,620212
result_SELECT_10_Heisenberg2D_cylinder_0.5_0.5_2,inner,1,random,0.0,2,Double,No_MSF,1921,374780
result_SELECT_10_Heisenberg2D_cylinder_0.5_0.5_2,inner,1,random,0.0,2,Double,No_Top,1921,370236
result_SELECT_10_Heisenberg2D_cylinder_0.5_0.5_2,inner,1,random,0.0,2,Double,No_MP,1922,557756
result_SELECT_10_Heisenberg2D_cylinder_0.5_0.5_2,inner,1,random,0.0,2,Double,No_Kink,1924,582168
result_SELECT_10_Heisenberg2D_cylinder_0.5_0.5_2,inner,1,random,0.0,2,Double,Yes_Kink,1926,582098
result_SELECT_10_Heisenberg2D_cylinder_0.5_0.5_2,inner,1,random,0.0,2,Proj.,No_MSF,1668,327216
result_SELECT_10_Heisenberg2D_cylinder_0.5_0.5_2,inner,1,random,0.0,2,Proj.,No_Top,1668,322672
result_SELECT_10_Heisenberg2D_cylinder_0.5_0.5_2,inner,1,random,0.0,2,Proj.,No_MP,1676,1222302
result_SELECT_10_Heisenberg2D_cylinder_0.5_0.5_2,inner,1,random,0.0,2,Proj.,No_Kink,1683,1249178
result_SELECT_10_Heisenberg2D_cylinder_0.5_0.5_2,inner,1,random,0.0,2,Proj.,Yes_Kink,1791,1278812
result_SELECT_100_random_local_OBC_0_0_6,inner,2,naive,0.0,2,Single,No_MSF,247,306944
result_SELECT_100_random_local_OBC_0_0_6,inner,2,naive,0.0,2,Single,No_Top,247,302112
result_SELECT_100_random_local_OBC_0_0_6,inner,2,naive,0.0,2,Single,No_MP,386,796285
result_SELECT_100_random_local_OBC_0_0_6,inner,2,naive,0.0,2,Single,No_Kink,455,946644
result_SELECT_100_random_local_OBC_0_0_6,inner,2,naive,0.0,2,Single,Yes_Kink,444,948599
result_SELECT_100_random_local_OBC_0_0_6,inner,2,naive,0.0,2,Double,No_MSF,192,241824
result_SELECT_100_random_local_OBC_0_0_6,inner,2,naive,0.0,2,Double,No_Top,193,238176
result_SELECT_100_random_local_OBC_0_0_6,inner,2,naive,0.0,2,Double,No_MP,335,757036
result_SELECT_100_random_local_OBC_0_0_6,inner,2,naive,0.0,2,Double,No_Kink,403,911552
result_SELECT_100_random_local_OBC_0_0_6,inner,2,naive,0.0,2,Double,Yes_Kink,413,924820
result_SELECT_100_random_local_OBC_0_0_6,inner,2,naive,0.0,2,Proj.,No_MSF,128,166048
result_SELECT_100_random_local_OBC_0_0_6,inner,2,naive,0.0,2,Proj.,No_Top,128,161216
result_SELECT_100_random_local_OBC_0_0_6,inner,2,naive,0.0,2,Proj.,No_MP,206,954118
result_SELECT_100_random_local_OBC_0_0_6,inner,2,naive,0.0,2,Proj.,No_Kink,270,1261505
result_SELECT_100_random_local_OBC_0_0_6,inner,2,naive,0.0,2,Proj.,Yes_Kink,285,1327319
result_SELECT_10_Heisenberg2D_cylinder_0.5_0.5_5,inner,1,SA,1.0,0,Single,No_MSF,327,246016
result_SELECT_10_Heisenberg2D_cylinder_0.5_0.5_5,inner,1,SA,1.0,0,Single,No_Top,327,240672
result_SELECT_10_Heisenberg2D_cylinder_0.5_0.5_5,inner,1,SA,1.0,0,Single,No_MP,329,327402
result_SELECT_10_Heisenberg2D_cylinder_0.5_0.5_5,inner,1,SA,1.0,0,Single,No_Kink,329,340902
result_SELECT_10_Heisenberg2D_cylinder_0.5_0.5_5,inner,1,SA,1.0,0,Double,No_MSF,290,218784
result_SELECT_10_Heisenberg2D_cylinder_0.5_0.5_5,inner,1,SA,1.0,0,Double,No_Top,290,213440
result_SELECT_10_Heisenberg2D_cylinder_0.5_0.5_5,inner,1,SA,1.0,0,Double,No_MP,293,304781
result_SELECT_10_Heisenberg2D_cylinder_0.5_0.5_5,inner,1,SA,1.0,0,Double,No_Kink,295,329513
result_SELECT_10_Heisenberg2D_cylinder_0.5_0.5_5,inner,1,SA,1.0,0,Double,Yes_Kink,300,335752
result_SELECT_10_Heisenberg2D_cylinder_0.5_0.5_5,inner,1,SA,1.0,0,Proj.,No_MSF,213,162112
result_SELECT_10_Heisenberg2D_cylinder_0.5_0.5_5,inner,1,SA,1.0,0,Proj.,No_Top,213,156768
result_SELECT_10_Heisenberg2D_cylinder_0.5_0.5_5,inner,1,SA,1.0,0,Proj.,No_MP,230,603075
result_SELECT_10_Heisenberg2D_cylinder_0.5_0.5_5,inner,1,SA,1.0,0,Proj.,No_Kink,235,631190
result_SELECT_10_Heisenberg2D_cylinder_0.5_0.5_5,inner,1,SA,1.0,0,Proj.,Yes_Kink,240,642446
result_trotter_10_Heisenberg2D_cylinder_0.5_0.5_det,inner,1,SA,0.001,1,Single,No_MSF,756,126600
result_trotter_10_Heisenberg2D_cylinder_0.5_0.5_det,inner,1,SA,0.001,1,Single,No_Top,1173,142800
result_trotter_10_Heisenberg2D_cylinder_0.5_0.5_det,inner,1,SA,0.001,1,Single,No_MP,760,138798
result_trotter_10_Heisenberg2D_cylinder_0.5_0.5_det,inner,1,SA,0.001,1,Single,No_Kink,1317,399428
result_trotter_10_Heisenberg2D_cylinder_0.5_0.5_det,inner,1,SA,0.001,1,Double,No_MSF,749,125900
result_trotter_10_Heisenberg2D_cylinder_0.5_0.5_det,inner,1,SA,0.001,1,Double,No_Top,1160,141500
result_trotter_10_Heisenberg2D_cylinder_0.5_0.5_det,inner,1,SA,0.001,1,Double,No_MP,750,139570
result_trotter_10_Heisenberg2D_cylinder_0.5_0.5_det,inner,1,SA,0.001,1,Double,No_Kink,1395,486589
result_trotter_10_Heisenberg2D_cylinder_0.5_0.5_det,inner,1,SA,0.001,1,Double,Yes_Kink,1467,497605
result_trotter_10_Heisenberg2D_cylinder_0.5_0.5_det,inner,1,SA,0.001,1,Proj.,No_MSF,390,90000
result_trotter_10_Heisenberg2D_cylinder_0.5_0.5_det,inner,1,SA,0.001,1,Proj.,No_Top,1160,141500
result_trotter_10_Heisenberg2D_cylinder_0.5_0.5_det,inner,1,SA,0.001,1,Proj.,No_MP,550,247473
result_trotter_10_Heisenberg2D_cylinder_0.5_0.5_det,inner,1,SA,0.001,1,Proj.,No_Kink,1589,651016
result_trotter_10_Heisenberg2D_cylinder_0.5_0.5_det,inner,1,SA,0.001,1,Proj.,Yes_Kink,1608,649561
result_SELECT_10_Heisenberg2D_cylinder_0.5_0.5_6,outer,1,SA,0.01,2,Single,No_MSF,211,295168
result_SELECT_10_Heisenberg2D_cylinder_0.5_0.5_6,outer,1,SA,0.01,2,Single,No_Top,211,289056
result_SELECT_10_Heisenberg2D_cylinder_0.5_0.5_6,outer,1,SA,0.01,2,Single,No_MP,217,451380
result_SELECT_10_Heisenberg2D_cylinder_0.5_0.5_6,outer,1,SA,0.01,2,Single,No_Kink,275,656124
result_SELECT_10_Heisenberg2D_cylinder_0.5_0.5_6,outer,1,SA,0.01,2,Double,No_MSF,177,250560
result_SELECT_10_Heisenberg2D_cylinder_0.5_0.5_6,outer,1,SA,0.01,2,Double,No_Top,177,244448
result_SELECT_10_Heisenberg2D_cylinder_0.5_0.5_6,outer,1,SA,0.01,2,Double,No_MP,183,411729
result_SELECT_10_Heisenberg2D_cylinder_0.5_0.5_6,outer,1,SA,0.01,2,Double,No_Kink,218,632093
result_SELECT_10_Heisenberg2D_cylinder_0.5_0.5_6,outer,1,SA,0.01,2,Double,Yes_Kink,228,660023
result_SELECT_10_Heisenberg2D_cylinder_0.5_0.5_6,outer,1,SA,0.01,2,Proj.,No_MSF,108,160032
result_SELECT_10_Heisenberg2D_cylinder_0.5_0.5_6,outer,1,SA,0.01,2,Proj.,No_Top,123,173600
result_SELECT_10_Heisenberg2D_cylinder_0.5_0.5_6,outer,1,SA,0.01,2,Proj.,No_MP,133,568752
result_SELECT_10_Heisenberg2D_cylinder_0.5_0.5_6,outer,1,SA,0.01,2,Proj.,No_Kink,163,752947
result_SELECT_10_Heisenberg2D_cylinder_0.5_0.5_6,outer,1,SA,0.01,2,Proj.,Yes_Kink,175,796930
result_trotter_10_Heisenberg2D_cylinder_0.5_0.5_det,inner,2,random,0.0,2,Single,No_MSF,756,152100
result_trotter_10_Heisenberg2D_cylinder_0.5_0.5_det,inner,2,random,0.0,2,Single,No_Top,1742,225200
result_trotter_10_Heisenberg2D_cylinder_0.5_0.5_det,inner,2,random,0.0,2,Single,No_MP,762,187140
result_trotter_10_Heisenberg2D_cylinder_0.5_0.5_det,inner,2,random,0.0,2,Single,No_Kink,1767,431323
result_trotter_10_Heisenberg2D_cylinder_0.5_0.5_det,inner,2,random,0.0,2,Single,Yes_Kink,1769,433106
result_trotter_10_Heisenberg2D_cylinder_0.5_0.5_det,inner,2,random,0.0,2,Double,No_MSF,749,151400
result_trotter_10_Heisenberg2D_cylinder_0.5_0.5_det,inner,2,random,0.0,2,Double,No_Top,1740,225000
result_trotter_10_Heisenberg2D_cylinder_0.5_0.5_det,inner,2,random,0.0,2,Double,No_MP,751,186931
result_trotter_10_Heisenberg2D_cylinder_0.5_0.5_det,inner,2,random,0.0,2,Double,No_Kink,1745,437456
result_trotter_10_Heisenberg2D_cylinder_0.5_0.5_det,inner,2,random,0.0,2,Double,Yes_Kink,1748,455005
result_trotter_10_Heisenberg2D_cylinder_0.5_0.5_det,inner,2,random,0.0,2,Proj.,No_MSF,390,115500
result_trotter_10_Heisenberg2D_cylinder_0.5_0.5_det,inner,2,random,0.0,2,Proj.,No_Top,1740,225000
result_trotter_10_Heisenberg2D_cylinder_0.5_0.5_det,inner,2,random,0.0,2,Proj.,No_MP,529,334980
result_trotter_10_Heisenberg2D_cylinder_0.5_0.5_det,inner,2,random,0.0,2,Proj.,No_Kink,2008,1157995
result_trotter_10_Heisenberg2D_cylinder_0.5_0.5_det,inner,2,random,0.0,2,Proj.,Yes_Kink,1984,1140350
result_SELECT_10_Heisenberg2D_cylinder_0.5_0.5_4,outer,2,SA,1.0,0,Single,No_MSF,571,251568
result_SELECT_10_Heisenberg2D_cylinder_0.5_0.5_4,outer,2,SA,1.0,0,Single,No_Top,571,246672
result_SELECT_10_Heisenberg2D_cylinder_0.5_0.5_4,outer,2,SA,1.0,0,Single,No_MP,572,298143
result_SELECT_10_Heisenberg2D_cylinder_0.5_0.5_4,outer,2,SA,1.0,0,Single,No_Kink,572,319018
result_SELECT_10_Heisenberg2D_cylinder_0.5_0.5_4,outer,2,SA,1.0,0,Single,Yes_Kink,572,332987
result_SELECT_10_Heisenberg2D_cylinder_0.5_0.5_4,outer,2,SA,1.0,0,Double,No_MSF,522,230400
result_SELECT_10_Heisenberg2D_cylinder_0.5_0.5_4,outer,2,SA,1.0,0,Double,No_Top,522,225504
result_SELECT_10_Heisenberg2D_cylinder_0.5_0.5_4,outer,2,SA,1.0,0,Double,No_MP,522,285707
result_SELECT_10_Heisenberg2D_cylinder_0.5_0.5_4,outer,2,SA,1.0,0,Double,No_Kink,522,312258
result_SELECT_10_Heisenberg2D_cylinder_0.5_0.5_4,outer,2,SA,1.0,0,Double,Yes_Kink,540,316697
result_SELECT_10_Heisenberg2D_cylinder_0.5_0.5_4,outer,2,SA,1.0,0,Proj.,No_MSF,420,186336
result_SELECT_10_Heisenberg2D_cylinder_0.5_0.5_4,outer,2,SA,1.0,0,Proj.,No_Top,420,181440
result_SELECT_10_Heisenberg2D_cylinder_0.5_0.5_4,outer,2,SA,1.0,0,Proj.,No_MP,432,662579
result_SELECT_10_Heisenberg2D_cylinder_0.5_0.5_4,outer,2,SA,1.0,0,Proj.,No_Kink,436,776994
result_SELECT_10_Heisenberg2D_cylinder_0.5_0.5_4,outer,2,SA,1.0,0,Proj.,Yes_Kink,438,779933
result_SELECT_10_Heisenberg2D_cylinder_0.5_0.5_6,inner,2,SA,0.1,8,Single,No_MSF,211,331840
result_SELECT_10_Heisenberg2D_cylinder_0.5_0.5_6,inner,2,SA,0.1,8,Single,No_Top,383,551392
result_SELECT_10_Heisenberg2D_cylinder_0.5_0.5_6,inner,2,SA,0.1,8,Single,No_MP,211,435750
result_SELECT_10_Heisenberg2D_cylinder_0.5_0.5_6,inner,2,SA,0.1,8,Single,No_Kink,384,791696
result_SELECT_10_Heisenberg2D_cylinder_0.5_0.5_6,inner,2,SA,0.1,8,Single,Yes_Kink,384,806316
result_SELECT_10_Heisenberg2D_cylinder_0.5_0.5_6,inner,2,SA,0.1,8,Double,No_MSF,177,287232
result_SELECT_10_Heisenberg2D_cylinder_0.5_0.5_6,inner,2,SA,0.1,8,Double,No_Top,374,539584
result_SELECT_10_Heisenberg2D_cylinder_0.5_0.5_6,inner,2,SA,0.1,8,Double,No_MP,181,406493
result_SELECT_10_Heisenberg2D_cylinder_0.5_0.5_6,inner,2,SA,0.1,8,Double,No_Kink,374,802503
result_SELECT_10_Heisenberg2D_cylinder_0.5_0.5_6,inner,2,SA,0.1,8,Double,Yes_Kink,375,802929
result_SELECT_10_Heisenberg2D_cylinder_0.5_0.5_6,inner,2,SA,0.1,8,Proj.,No_MSF,108,196704
result_SELECT_10_Heisenberg2D_cylinder_0.5_0.5_6,inner,2,SA,0.1,8,Proj.,No_Top,369,533024
result_SELECT_10_Heisenberg2D_cylinder_0.5_0.5_6,inner,2,SA,0.1,8,Proj.,No_MP,128,631066
result_SELECT_10_Heisenberg2D_cylinder_0.5_0.5_6,inner,2,SA,0.1,8,Proj.,No_Kink,1215,3917298
result_SELECT_10_Heisenberg2D_cylinder_0.5_0.5_6,inner,2,SA,0.1,8,Proj.,Yes_Kink,1296,4094586
result_SELECT_10_Heisenberg2D_cylinder_0.5_0.5_1,inner,2,SA,0.001,2,Single,No_MSF,4079,600816
result_SELECT_10_Heisenberg2D_cylinder_0.5_0.5_1,inner,2,SA,0.001,2,Single,No_Top,4080,596480
result_SELECT_10_Heisenberg2D_cylinder_0.5_0.5_1,inner,2,SA,0.001,2,Single,No_MP,4079,637077
result_SELECT_10_Heisenberg2D_cylinder_0.5_0.5_1,inner,2,SA,0.001,2,Single,No_Kink,4080,664812
result_SELECT_10_Heisenberg2D_cylinder_0.5_0.5_1,inner,2,SA,0.001,2,Single,Yes_Kink,4080,677130
result_SELECT_10_Heisenberg2D_cylinder_0.5_0.5_1,inner,2,SA,0.001,2,Double,No_MSF,3792,559488
result_SELECT_10_Heisenberg2D_cylinder_0.5_0.5_1,inner,2,SA,0.001,2,Double,No_Top,3793,555152
result_SELECT_10_Heisenberg2D_cylinder_0.5_0.5_1,inner,2,SA,0.001,2,Double,No_MP,3792,604587
result_SELECT_10_Heisenberg2D_cylinder_0.5_0.5_1,inner,2,SA,0.001,2,Double,No_Kink,3794,639843
result_SELECT_10_Heisenberg2D_cylinder_0.5_0.5_1,inner,2,SA,0.001,2,Double,Yes_Kink,3793,636825
result_SELECT_10_Heisenberg2D_cylinder_0.5_0.5_1,inner,2,SA,0.001,2,Proj.,No_MSF,3333,493392
result_SELECT_10_Heisenberg2D_cylinder_0.5_0.5_1,inner,2,SA,0.001,2,Proj.,No_Top,3333,488912
result_SELECT_10_Heisenberg2D_cylinder_0.5_0.5_1,inner,2,SA,0.001,2,Proj.,No_MP,3333,1499653
result_SELECT_10_Heisenberg2D_cylinder_0.5_0.5_1,inner,2,SA,0.001,2,Proj.,No_Kink,3336,1738928
result_SELECT_10_Heisenberg2D_cylinder_0.5_0.5_1,inner,2,SA,0.001,2,Proj.,Yes_Kink,3339,1696397
result_SELECT_10_Heisenberg2D_cylinder_0.5_0.5_2,inner,2,SA,0.001,2,Single,No_MSF,2072,403168
result_SELECT_10_Heisenberg2D_cylinder_0.5_0.5_2,inner,2,SA,0.001,2,Single,No_Top,2072,398624
result_SELECT_10_Heisenberg2D_cylinder_0.5_0.5_2,inner,2,SA,0.001,2,Single,No_MP,2072,438611
result_SELECT_10_Heisenberg2D_cylinder_0.5_0.5_2,inner,2,SA,0.001,2,Single,No_Kink,2072,465891
result_SELECT_10_Heisenberg2D_cylinder_0.5_0.5_2,inner,2,SA,0.001,2,Single,Yes_Kink,2072,476222
result_SELECT_10_Heisenberg2D_cylinder_0.5_0.5_2,inner,2,SA,0.001,2,Double,No_MSF,1921,374780
result_SELECT_10_Heisenberg2D_cylinder_0.5_0.5_2,inner,2,SA,0.001,2,Double,No_Top,1921,370236
result_SELECT_10_Heisenberg2D_cylinder_0.5_0.5_2,inner,2,SA,0.001,2,Double,No_MP,1922,419560
result_SELECT_10_Heisenberg2D_cylinder_0.5_0.5_2,inner,2,SA,0.001,2,Double,No_Kink,1923,453132
result_SELECT_10_Heisenberg2D_cylinder_0.5_0.5_2,inner,2,SA,0.001,2,Double,Yes_Kink,1992,462877
result_SELECT_10_Heisenberg2D_cylinder_0.5_0.5_2,inner,2,SA,0.001,2,Proj.,No_MSF,1668,327216
result_SELECT_10_Heisenberg2D_cylinder_0.5_0.5_2,inner,2,SA,0.001,2,Proj.,No_Top,1668,322672
result_SELECT_10_Heisenberg2D_cylinder_0.5_0.5_2,inner,2,SA,0.001,2,Proj.,No_MP,1669,1032811
result_SELECT_10_Heisenberg2D_cylinder_0.5_0.5_2,inner,2,SA,0.001,2,Proj.,No_Kink,1681,1225870
result_SELECT_10_Heisenberg2D_cylinder_0.5_0.5_2,inner,2,SA,0.001,2,Proj.,Yes_Kink,1690,1227593
result_trotter_10_Heisenberg2D_cylinder_0.5_0.5_rand,inner,2,SA,0.001,0,Single,No_MSF,744,99900
result_trotter_10_Heisenberg2D_cylinder_0.5_0.5_rand,inner,2,SA,0.001,0,Single,No_Top,744,74400
result_trotter_10_Heisenberg2D_cylinder_0.5_0.5_rand,inner,2,SA,0.001,0,Single,No_MP,744,109654
result_trotter_10_Heisenberg2D_cylinder_0.5_0.5_rand,inner,2,SA,0.001,0,Single,No_Kink,765,223997
result_trotter_10_Heisenberg2D_cylinder_0.5_0.5_rand,inner,2,SA,0.001,0,Single,Yes_Kink,777,231845
result_trotter_10_Heisenberg2D_cylinder_0.5_0.5_rand,inner,2,SA,0.001,0,Double,No_MSF,721,97600
result_trotter_10_Heisenberg2D_cylinder_0.5_0.5_rand,inner,2,SA,0.001,0,Double,No_Top,721,72100
result_trotter_10_Heisenberg2D_cylinder_0.5_0.5_rand,inner,2,SA,0.001,0,Double,No_MP,721,109145
result_trotter_10_Heisenberg2D_cylinder_0.5_0.5_rand,inner,2,SA,0.001,0,Double,No_Kink,790,290434
result_trotter_10_Heisenberg2D_cylinder_0.5_0.5_rand,inner,2,SA,0.001,0,Double,Yes_Kink,808,285130
result_trotter_10_Heisenberg2D_cylinder_0.5_0.5_rand,inner,2,SA,0.001,0,Proj.,No_MSF,390,64500
result_trotter_10_Heisenberg2D_cylinder_0.5_0.5_rand,inner,2,SA,0.001,0,Proj.,No_Top,580,58000
result_trotter_10_Heisenberg2D_cylinder_0.5_0.5_rand,inner,2,SA,0.001,0,Proj.,No_MP,508,232374
result_trotter_10_Heisenberg2D_cylinder_0.5_0.5_rand,inner,2,SA,0.001,0,Proj.,No_Kink,751,438892
result_trotter_10_Heisenberg2D_cylinder_0.5_0.5_rand,inner,2,SA,0.001,0,Proj.,Yes_Kink,891,505744
result_SELECT_10_Heisenberg2D_cylinder_0.5_0.5_6,inner,1,naive,0.0,10,Single,No_MSF,211,344064
result_SELECT_10_Heisenberg2D_cylinder_0.5_0.5_6,inner,1,naive,0.0,10,Single,No_Top,463,668576
result_SELECT_10_Heisenberg2D_cylinder_0.5_0.5_6,inner,1,naive,0.0,10,Single,No_MP,748,1656962
result_SELECT_10_Heisenberg2D_cylinder_0.5_0.5_6,inner,1,naive,0.0,10,Single,No_Kink,898,2015512
result_SELECT_10_Heisenberg2D_cylinder_0.5_0.5_6,inner,1,naive,0.0,10,Double,No_MSF,177,299456
result_SELECT_10_Heisenberg2D_cylinder_0.5_0.5_6,inner,1,naive,0.0,10,Double,No_Top,454,656768
result_SELECT_10_Heisenberg2D_cylinder_0.5_0.5_6,inner,1,naive,0.0,10,Double,No_MP,537,1404107
result_SELECT_10_Heisenberg2D_cylinder_0.5_0.5_6,inner,1,naive,0.0,10,Double,No_Kink,662,1746283
result_SELECT_10_Heisenberg2D_cylinder_0.5_0.5_6,inner,1,naive,0.0,10,Double,Yes_Kink,668,1756318
result_SELECT_10_Heisenberg2D_cylinder_0.5_0.5_6,inner,1,naive,0.0,10,Proj.,No_MSF,108,208928
result_SELECT_10_Heisenberg2D_cylinder_0.5_0.5_6,inner,1,naive,0.0,10,Proj.,No_Top,451,652832
result_SELECT_10_Heisenberg2D_cylinder_0.5_0.5_6,inner,1,naive,0.0,10,Proj.,No_MP,283,1384978
result_SELECT_10_Heisenberg2D_cylinder_0.5_0.5_6,inner,1,naive,0.0,10,Proj.,No_Kink,770,3517074
result_SELECT_10_Heisenberg2D_cylinder_0.5_0.5_6,inner,1,naive,0.0,10,Proj.,Yes_Kink,781,3506941
result_SELECT_10_Heisenberg2D_cylinder_0.5_0.5_2,inner,1,SA,1.0,0,Single,No_MSF,2072,394080
result_SELECT_10_Heisenberg2D_cylinder_0.5_0.5_2,inner,1,SA,1.0,0,Single,No_Top,2072,389536
result_SELECT_10_Heisenberg2D_cylinder_0.5_0.5_2,inner,1,SA,1.0,0,Single,No_MP,2072,435230
result_SELECT_10_Heisenberg2D_cylinder_0.5_0.5_2,inner,1,SA,1.0,0,Single,No_Kink,2073,440008
result_SELECT_10_Heisenberg2D_cylinder_0.5_0.5_2,inner,1,SA,1.0,0,Double,No_MSF,1921,365692
result_SELECT_10_Heisenberg2D_cylinder_0.5_0.5_2,inner,1,SA,1.0,0,Double,No_Top,1921,361148
result_SELECT_10_Heisenberg2D_cylinder_0.5_0.5_2,inner,1,SA,1.0,0,Double,No_MP,1922,415037
result_SELECT_10_Heisenberg2D_cylinder_0.5_0.5_2,inner,1,SA,1.0,0,Double,No_Kink,1922,428252
result_SELECT_10_Heisenberg2D_cylinder_0.5_0.5_2,inner,1,SA,1.0,0,Double,Yes_Kink,1924,429443
result_SELECT_10_Heisenberg2D_cylinder_0.5_0.5_2,inner,1,SA,1.0,0,Proj.,No_MSF,1668,318128
result_SELECT_10_Heisenberg2D_cylinder_0.5_0.5_2,inner,1,SA,1.0,0,Proj.,No_Top,1668,313584
result_SELECT_10_Heisenberg2D_cylinder_0.5_0.5_2,inner,1,SA,1.0,0,Proj.,No_MP,1677,1058587
result_SELECT_10_Heisenberg2D_cylinder_0.5_0.5_2,inner,1,SA,1.0,0,Proj.,No_Kink,1679,1193775
result_SELECT_10_Heisenberg2D_cylinder_0.5_0.5_2,inner,1,SA,1.0,0,Proj.,Yes_Kink,1684,1184849
result_SELECT_10_Heisenberg2D_cylinder_0.5_0.5_1,outer,2,random,0.0,0,Single,No_MSF,4079,591856
result_SELECT_10_Heisenberg2D_cylinder_0.5_0.5_1,outer,2,random,0.0,0,Single,No_Top,4079,587376
result_SELECT_10_Heisenberg2D_cylinder_0.5_0.5_1,outer,2,random,0.0,0,Single,No_MP,4079,676083
result_SELECT_10_Heisenberg2D_cylinder_0.5_0.5_1,outer,2,random,0.0,0,Single,No_Kink,4079,700320
result_SELECT_10_Heisenberg2D_cylinder_0.5_0.5_1,outer,2,random,0.0,0,Single,Yes_Kink,4079,711188
result_SELECT_10_Heisenberg2D_cylinder_0.5_0.5_1,outer,2,random,0.0,0,Double,No_MSF,3792,550528
result_SELECT_10_Heisenberg2D_cylinder_0.5_0.5_1,outer,2,random,0.0,0,Double,No_Top,3792,546048
result_SELECT_10_Heisenberg2D_cylinder_0.5_0.5_1,outer,2,random,0.0,0,Double,No_MP,3792,642451
result_SELECT_10_Heisenberg2D_cylinder_0.5_0.5_1,outer,2,random,0.0,0,Double,No_Kink,3792,670913
result_SELECT_10_Heisenberg2D_cylinder_0.5_0.5_1,outer,2,random,0.0,0,Double,Yes_Kink,3795,668560
result_SELECT_10_Heisenberg2D_cylinder_0.5_0.5_1,outer,2,random,0.0,0,Proj.,No_MSF,3333,484432
result_SELECT_10_Heisenberg2D_cylinder_0.5_0.5_1,outer,2,random,0.0,0,Proj.,No_Top,3333,479952
result_SELECT_10_Heisenberg2D_cylinder_0.5_0.5_1,outer,2,random,0.0,0,Proj.,No_MP,3335,1727280
result_SELECT_10_Heisenberg2D_cylinder_0.5_0.5_1,outer,2,random,0.0,0,Proj.,No_Kink,3335,1856271
result_SELECT_10_Heisenberg2D_cylinder_0.5_0.5_1,outer,2,random,0.0,0,Proj.,Yes_Kink,3336,1826039
result_SELECT_10_Heisenberg2D_cylinder_0.5_0.5_6,outer,1,random,0.0,0,Single,No_MSF,211,282944
result_SELECT_10_Heisenberg2D_cylinder_0.5_0.5_6,outer,1,random,0.0,0,Single,No_Top,211,276832
result_SELECT_10_Heisenberg2D_cylinder_0.5_0.5_6,outer,1,random,0.0,0,Single,No_MP,553,1437144
result_SELECT_10_Heisenberg2D_cylinder_0.5_0.5_6,outer,1,random,0.0,0,Single,No_Kink,663,1679580
result_SELECT_10_Heisenberg2D_cylinder_0.5_0.5_6,outer,1,random,0.0,0,Double,No_MSF,177,238336
result_SELECT_10_Heisenberg2D_cylinder_0.5_0.5_6,outer,1,random,0.0,0,Double,No_Top,177,232224
result_SELECT_10_Heisenberg2D_cylinder_0.5_0.5_6,outer,1,random,0.0,0,Double,No_MP,328,1148475
result_SELECT_10_Heisenberg2D_cylinder_0.5_0.5_6,outer,1,random,0.0,0,Double,No_Kink,384,1342801
result_SELECT_10_Heisenberg2D_cylinder_0.5_0.5_6,outer,1,random,0.0,0,Double,Yes_Kink,385,1338759
result_SELECT_10_Heisenberg2D_cylinder_0.5_0.5_6,outer,1,random,0.0,0,Proj.,No_MSF,108,147808
result_SELECT_10_Heisenberg2D_cylinder_0.5_0.5_6,outer,1,random,0.0,0,Proj.,No_Top,108,141696
result_SELECT_10_Heisenberg2D_cylinder_0.5_0.5_6,outer,1,random,0.0,0,Proj.,No_MP,234,1100607
result_SELECT_10_Heisenberg2D_cylinder_0.5_0.5_6,outer,1,random,0.0,0,Proj.,No_Kink,270,1297311
result_SELECT_10_Heisenberg2D_cylinder_0.5_0.5_6,outer,1,random,0.0,0,Proj.,Yes_Kink,277,1322929
result_SELECT_10_Heisenberg2D_cylinder_0.5_0.5_6,outer,2,SA,0.1,0,Single,No_MSF,211,282944
result_SELECT_10_Heisenberg2D_cylinder_0.5_0.5_6,outer,2,SA,0.1,0,Single,No_Top,211,276832
result_SELECT_10_Heisenberg2D_cylinder_0.5_0.5_6,outer,2,SA,0.1,0,Single,No_MP,211,380748
result_SELECT_10_Heisenberg2D_cylinder_0.5_0.5_6,outer,2,SA,0.1,0,Single,No_Kink,211,461045
result_SELECT_10_Heisenberg2D_cylinder_0.5_0.5_6,outer,2,SA,0.1,0,Single,Yes_Kink,211,479430
result_SELECT_10_Heisenberg2D_cylinder_0.5_0.5_6,outer,2,SA,0.1,0,Double,No_MSF,177,238336
result_SELECT_10_Heisenberg2D_cylinder_0.5_0.5_6,outer,2,SA,0.1,0,Double,No_Top,177,232224
result_SELECT_10_Heisenberg2D_cylinder_0.5_0.5_6,outer,2,SA,0.1,0,Double,No_MP,180,349404
result_SELECT_10_Heisenberg2D_cylinder_0.5_0.5_6,outer,2,SA,0.1,0,Double,No_Kink,182,444128
result_SELECT_10_Heisenberg2D_cylinder_0.5_0.5_6,outer,2,SA,0.1,0,Double,Yes_Kink,192,451712
result_SELECT_10_Heisenberg2D_cylinder_0.5_0.5_6,outer,2,SA,0.1,0,Proj.,No_MSF,108,147808
result_SELECT_10_Heisenberg2D_cylinder_0.5_0.5_6,outer,2,SA,0.1,0,Proj.,No_Top,108,141696
result_SELECT_10_Heisenberg2D_cylinder_0.5_0.5_6,outer,2,SA,0.1,0,Proj.,No_MP,128,562074
result_SELECT_10_Heisenberg2D_cylinder_0.5_0.5_6,outer,2,SA,0.1,0,Proj.,No_Kink,135,654927
result_SELECT_10_Heisenberg2D_cylinder_0.5_0.5_6,outer,2,SA,0.1,0,Proj.,Yes_Kink,142,679131
result_SELECT_10_Heisenberg2D_cylinder_0.5_0.5_2,outer,1,SA,0.1,0,Single,No_MSF,2072,394080
result_SELECT_10_Heisenberg2D_cylinder_0.5_0.5_2,outer,1,SA,0.1,0,Single,No_Top,2072,389536
result_SELECT_10_Heisenberg2D_cylinder_0.5_0.5_2,outer,1,SA,0.1,0,Single,No_MP,2072,433772
result_SELECT_10_Heisenberg2D_cylinder_0.5_0.5_2,outer,1,SA,0.1,0,Single,No_Kink,2072,466162
result_SELECT_10_Heisenberg2D_cylinder_0.5_0.5_2,outer,1,SA,0.1,0,Double,No_MSF,1921,365692
result_SELECT_10_Heisenberg2D_cylinder_0.5_0.5_2,outer,1,SA,0.1,0,Double,No_Top,1921,361148
result_SELECT_10_Heisenberg2D_cylinder_0.5_0.5_2,outer,1,SA,0.1,0,Double,No_MP,1922,414301
result_SELECT_10_Heisenberg2D_cylinder_0.5_0.5_2,outer,1,SA,0.1,0,Double,No_Kink,1923,450291
result_SELECT_10_Heisenberg2D_cylinder_0.5_0.5_2,outer,1,SA,0.1,0,Double,Yes_Kink,1925,448829
result_SELECT_10_Heisenberg2D_cylinder_0.5_0.5_2,outer,1,SA,0.1,0,Proj.,No_MSF,1668,318128
result_SELECT_10_Heisenberg2D_cylinder_0.5_0.5_2,outer,1,SA,0.1,0,Proj.,No_Top,1668,313584
result_SELECT_10_Heisenberg2D_cylinder_0.5_0.5_2,outer,1,SA,0.1,0,Proj.,No_MP,1671,1010731
result_SELECT_10_Heisenberg2D_cylinder_0.5_0.5_2,outer,1,SA,0.1,0,Proj.,No_Kink,1680,1209586
result_SELECT_10_Heisenberg2D_cylinder_0.5_0.5_2,outer,1,SA,0.1,0,Proj.,Yes_Kink,1698,1216892
result_SELECT_100_random_local_OBC_0_0_6,outer,2,naive,0.0,2,Single,No_MSF,247,306944
result_SELECT_100_random_local_OBC_0_0_6,outer,2,naive,0.0,2,Single,No_Top,247,302112
result_SELECT_100_random_local_OBC_0_0_6,outer,2,naive,0.0,2,Single,No_MP,402,857387
result_SELECT_100_random_local_OBC_0_0_6,outer,2,naive,0.0,2,Single,No_Kink,567,1151468
result_SELECT_100_random_local_OBC_0_0_6,outer,2,naive,0.0,2,Single,Yes_Kink,532,1125970
result_SELECT_100_random_local_OBC_0_0_6,outer,2,naive,0.0,2,Double,No_MSF,192,241824
result_SELECT_100_random_local_OBC_0_0_6,outer,2,naive,0.0,2,Double,No_Top,193,238176
result_SELECT_100_random_local_OBC_0_0_6,outer,2,naive,0.0,2,Double,No_MP,347,804791
result_SELECT_100_random_local_OBC_0_0_6,outer,2,naive,0.0,2,Double,No_Kink,490,1087854
result_SELECT_100_random_local_OBC_0_0_6,outer,2,naive,0.0,2,Double,Yes_Kink,504,1108841
result_SELECT_100_random_local_OBC_0_0_6,outer,2,naive,0.0,2,Proj.,No_MSF,128,166048
result_SELECT_100_random_local_OBC_0_0_6,outer,2,naive,0.0,2,Proj.,No_Top,128,161216
result_SELECT_100_random_local_OBC_0_0_6,outer,2,naive,0.0,2,Proj.,No_MP,223,1034108
result_SELECT_100_random_local_OBC_0_0_6,outer,2,naive,0.0,2,Proj.,No_Kink,287,1343863
result_SELECT_100_random_local_OBC_0_0_6,outer,2,naive,0.0,2,Proj.,Yes_Kink,296,1380341
result_SELECT_10_Heisenberg2D_cylinder_0.5_0.5_3,inner,2,SA,0.1,0,Single,No_MSF,1069,295440
result_SELECT_10_Heisenberg2D_cylinder_0.5_0.5_3,inner,2,SA,0.1,0,Single,No_Top,1069,290768
result_SELECT_10_Heisenberg2D_cylinder_0.5_0.5_3,inner,2,SA,0.1,0,Single,No_MP,1069,331557
result_SELECT_10_Heisenberg2D_cylinder_0.5_0.5_3,inner,2,SA,0.1,0,Single,No_Kink,1069,339709
result_SELECT_10_Heisenberg2D_cylinder_0.5_0.5_3,inner,2,SA,0.1,0,Single,Yes_Kink,1069,351400
result_SELECT_10_Heisenberg2D_cylinder_0.5_0.5_3,inner,2,SA,0.1,0,Double,No_MSF,987,273136
result_SELECT_10_Heisenberg2D_cylinder_0.5_0.5_3,inner,2,SA,0.1,0,Double,No_Top,987,268464
result_SELECT_10_Heisenberg2D_cylinder_0.5_0.5_3,inner,2,SA,0.1,0,Double,No_MP,987,318719
result_SELECT_10_Heisenberg2D_cylinder_0.5_0.5_3,inner,2,SA,0.1,0,Double,No_Kink,987,335758
result_SELECT_10_Heisenberg2D_cylinder_0.5_0.5_3,inner,2,SA,0.1,0,Double,Yes_Kink,1025,342884
result_SELECT_10_Heisenberg2D_cylinder_0.5_0.5_3,inner,2,SA,0.1,0,Proj.,No_MSF,837,232336
result_SELECT_10_Heisenberg2D_cylinder_0.5_0.5_3,inner,2,SA,0.1,0,Proj.,No_Top,837,227664
result_SELECT_10_Heisenberg2D_cylinder_0.5_0.5_3,inner,2,SA,0.1,0,Proj.,No_MP,841,790223
result_SELECT_10_Heisenberg2D_cylinder_0.5_0.5_3,inner,2,SA,0.1,0,Proj.,No_Kink,849,950160
result_SELECT_10_Heisenberg2D_cylinder_0.5_0.5_3,inner,2,SA,0.1,0,Proj.,Yes_Kink,860,957276
result_SELECT_10_Heisenberg2D_cylinder_0.5_0.5_6,inner,1,SA,0.001,10,Single,No_MSF,211,344064
result_SELECT_10_Heisenberg2D_cylinder_0.5_0.5_6,inner,1,SA,0.001,10,Single,No_Top,463,668576
result_SELECT_10_Heisenberg2D_cylinder_0.5_0.5_6,inner,1,SA,0.001,10,Single,No_MP,216,503060
result_SELECT_10_Heisenberg2D_cylinder_0.5_0.5_6,inner,1,SA,0.001,10,Single,No_Kink,461,1071652
result_SELECT_10_Heisenberg2D_cylinder_0.5_0.5_6,inner,1,SA,0.001,10,Double,No_MSF,177,299456
result_SELECT_10_Heisenberg2D_cylinder_0.5_0.5_6,inner,1,SA,0.001,10,Double,No_Top,454,656768
result_SELECT_10_Heisenberg2D_cylinder_0.5_0.5_6,inner,1,SA,0.001,10,Double,No_MP,181,461188
result_SELECT_10_Heisenberg2D_cylinder_0.5_0.5_6,inner,1,SA,0.001,10,Double,No_Kink,451,1084201
result_SELECT_10_Heisenberg2D_cylinder_0.5_0.5_6,inner,1,SA,0.001,10,Double,Yes_Kink,452,1090055
result_SELECT_10_Heisenberg2D_cylinder_0.5_0.5_6,inner,1,SA,0.001,10,Proj.,No_MSF,108,208928
result_SELECT_10_Heisenberg2D_cylinder_0.5_0.5_6,inner,1,SA,0.001,10,Proj.,No_Top,451,652832
result_SELECT_10_Heisenberg2D_cylinder_0.5_0.5_6,inner,1,SA,0.001,10,Proj.,No_MP,134,647200
result_SELECT_10_Heisenberg2D_cylinder_0.5_0.5_6,inner,1,SA,0.001,10,Proj.,No_Kink,3080,9581263
result_SELECT_10_Heisenberg2D_cylinder_0.5_0.5_6,inner,1,SA,0.001,10,Proj.,Yes_Kink,3102,9417473
result_SELECT_10_Heisenberg2D_cylinder_0.5_0.5_4,inner,2,SA,0.1,2,Single,No_MSF,571,261360
result_SELECT_10_Heisenberg2D_cylinder_0.5_0.5_4,inner,2,SA,0.1,2,Single,No_Top,571,256464
result_SELECT_10_Heisenberg2D_cylinder_0.5_0.5_4,inner,2,SA,0.1,2,Single,No_MP,571,303604
result_SELECT_10_Heisenberg2D_cylinder_0.5_0.5_4,inner,2,SA,0.1,2,Single,No_Kink,571,320617
result_SELECT_10_Heisenberg2D_cylinder_0.5_0.5_4,inner,2,SA,0.1,2,Single,Yes_Kink,571,331964
result_SELECT_10_Heisenberg2D_cylinder_0.5_0.5_4,inner,2,SA,0.1,2,Double,No_MSF,522,240192
result_SELECT_10_Heisenberg2D_cylinder_0.5_0.5_4,inner,2,SA,0.1,2,Double,No_Top,522,235296
result_SELECT_10_Heisenberg2D_cylinder_0.5_0.5_4,inner,2,SA,0.1,2,Double,No_MP,522,291738
result_SELECT_10_Heisenberg2D_cylinder_0.5_0.5_4,inner,2,SA,0.1,2,Double,No_Kink,522,315294
result_SELECT_10_Heisenberg2D_cylinder_0.5_0.5_4,inner,2,SA,0.1,2,Double,Yes_Kink,541,320358
result_SELECT_10_Heisenberg2D_cylinder_0.5_0.5_4,inner,2,SA,0.1,2,Proj.,No_MSF,420,196128
result_SELECT_10_Heisenberg2D_cylinder_0.5_0.5_4,inner,2,SA,0.1,2,Proj.,No_Top,420,191232
result_SELECT_10_Heisenberg2D_cylinder_0.5_0.5_4,inner,2,SA,0.1,2,Proj.,No_MP,429,702726
result_SELECT_10_Heisenberg2D_cylinder_0.5_0.5_4,inner,2,SA,0.1,2,Proj.,No_Kink,438,762532
result_SELECT_10_Heisenberg2D_cylinder_0.5_0.5_4,inner,2,SA,0.1,2,Proj.,Yes_Kink,449,764914
result_SELECT_10_Heisenberg2D_cylinder_0.5_0.5_6,inner,1,SA,0.01,6,Single,No_MSF,211,319616
result_SELECT_10_Heisenberg2D_cylinder_0.5_0.5_6,inner,1,SA,0.01,6,Single,No_Top,307,439456
result_SELECT_10_Heisenberg2D_cylinder_0.5_0.5_6,inner,1,SA,0.01,6,Single,No_MP,213,466250
result_SELECT_10_Heisenberg2D_cylinder_0.5_0.5_6,inner,1,SA,0.01,6,Single,No_Kink,313,785586
result_SELECT_10_Heisenberg2D_cylinder_0.5_0.5_6,inner,1,SA,0.01,6,Double,No_MSF,177,275008
result_SELECT_10_Heisenberg2D_cylinder_0.5_0.5_6,inner,1,SA,0.01,6,Double,No_Top,295,423712
result_SELECT_10_Heisenberg2D_cylinder_0.5_0.5_6,inner,1,SA,0.01,6,Double,No_MP,181,423930
result_SELECT_10_Heisenberg2D_cylinder_0.5_0.5_6,inner,1,SA,0.01,6,Double,No_Kink,296,793591
result_SELECT_10_Heisenberg2D_cylinder_0.5_0.5_6,inner,1,SA,0.01,6,Double,Yes_Kink,299,799285
result_SELECT_10_Heisenberg2D_cylinder_0.5_0.5_6,inner,1,SA,0.01,6,Proj.,No_MSF,108,184480
result_SELECT_10_Heisenberg2D_cylinder_0.5_0.5_6,inner,1,SA,0.01,6,Proj.,No_Top,287,413216
result_SELECT_10_Heisenberg2D_cylinder_0.5_0.5_6,inner,1,SA,0.01,6,Proj.,No_MP,131,612833
result_SELECT_10_Heisenberg2D_cylinder_0.5_0.5_6,inner,1,SA,0.01,6,Proj.,No_Kink,413,1639960
result_SELECT_10_Heisenberg2D_cylinder_0.5_0.5_6,inner,1,SA,0.01,6,Proj.,Yes_Kink,411,1644659
result_SELECT_10_Heisenberg2D_cylinder_0.5_0.5_1,inner,1,SA,0.001,0,Single,No_MSF,4079,591856
result_SELECT_10_Heisenberg2D_cylinder_0.5_0.5_1,inner,1,SA,0.001,0,Single,No_Top,4079,587376
result_SELECT_10_Heisenberg2D_cylinder_0.5_0.5_1,inner,1,SA,0.001,0,Single,No_MP,4079,633856
result_SELECT_10_Heisenberg2D_cylinder_0.5_0.5_1,inner,1,SA,0.001,0,Single,No_Kink,4080,682838
result_SELECT_10_Heisenberg2D_cylinder_0.5_0.5_1,inner,1,SA,0.001,0,Double,No_MSF,3792,550528
result_SELECT_10_Heisenberg2D_cylinder_0.5_0.5_1,inner,1,SA,0.001,0,Double,No_Top,3792,546048
result_SELECT_10_Heisenberg2D_cylinder_0.5_0.5_1,inner,1,SA,0.001,0,Double,No_MP,3793,600194
result_SELECT_10_Heisenberg2D_cylinder_0.5_0.5_1,inner,1,SA,0.001,0,Double,No_Kink,3798,655168
result_SELECT_10_Heisenberg2D_cylinder_0.5_0.5_1,inner,1,SA,0.001,0,Double,Yes_Kink,3804,654675
result_SELECT_10_Heisenberg2D_cylinder_0.5_0.5_1,inner,1,SA,0.001,0,Proj.,No_MSF,3333,484432
result_SELECT_10_Heisenberg2D_cylinder_0.5_0.5_1,inner,1,SA,0.001,0,Proj.,No_Top,3333,479952
result_SELECT_10_Heisenberg2D_cylinder_0.5_0.5_1,inner,1,SA,0.001,0,Proj.,No_MP,3334,1576638
result_SELECT_10_Heisenberg2D_cylinder_0.5_0.5_1,inner,1,SA,0.001,0,Proj.,No_Kink,3345,1733486
result_SELECT_10_Heisenberg2D_cylinder_0.5_0.5_1,inner,1,SA,0.001,0,Proj.,Yes_Kink,3385,1751616
result_SELECT_10_Heisenberg2D_cylinder_0.5_0.5_1,outer,1,random,0.0,2,Single,No_MSF,4079,600816
result_SELECT_10_Heisenberg2D_cylinder_0.5_0.5_1,outer,1,random,0.0,2,Single,No_Top,4080,596480
result_SELECT_10_Heisenberg2D_cylinder_0.5_0.5_1,outer,1,random,0.0,2,Single,No_MP,4079,702726
result_SELECT_10_Heisenberg2D_cylinder_0.5_0.5_1,outer,1,random,0.0,2,Single,No_Kink,4081,736914
result_SELECT_10_Heisenberg2D_cylinder_0.5_0.5_1,outer,1,random,0.0,2,Double,No_MSF,3792,559488
result_SELECT_10_Heisenberg2D_cylinder_0.5_0.5_1,outer,1,random,0.0,2,Double,No_Top,3793,555152
result_SELECT_10_Heisenberg2D_cylinder_0.5_0.5_1,outer,1,random,0.0,2,Double,No_MP,3793,665393
result_SELECT_10_Heisenberg2D_cylinder_0.5_0.5_1,outer,1,random,0.0,2,Double,No_Kink,3794,700845
result_SELECT_10_Heisenberg2D_cylinder_0.5_0.5_1,outer,1,random,0.0,2,Double,Yes_Kink,3795,699575
result_SELECT_10_Heisenberg2D_cylinder_0.5_0.5_1,outer,1,random,0.0,2,Proj.,No_MSF,3333,493392
result_SELECT_10_Heisenberg2D_cylinder_0.5_0.5_1,outer,1,random,0.0,2,Proj.,No_Top,3333,488912
result_SELECT_10_Heisenberg2D_cylinder_0.5_0.5_1,outer,1,random,0.0,2,Proj.,No_MP,3338,1549588
result_SELECT_10_Heisenberg2D_cylinder_0.5_0.5_1,outer,1,random,0.0,2,Proj.,No_Kink,3341,1770163
result_SELECT_10_Heisenberg2D_cylinder_0.5_0.5_1,outer,1,random,0.0,2,Proj.,Yes_Kink,3345,1760113
result_SELECT_10_Heisenberg2D_cylinder_0.5_0.5_4,outer,1,SA,1.0,2,Single,No_MSF,571,261360
result_SELECT_10_Heisenberg2D_cylinder_0.5_0.5_4,outer,1,SA,1.0,2,Single,No_Top,571,256464
result_SELECT_10_Heisenberg2D_cylinder_0.5_0.5_4,outer,1,SA,1.0,2,Single,No_MP,571,316224
result_SELECT_10_Heisenberg2D_cylinder_0.5_0.5_4,outer,1,SA,1.0,2,Single,No_Kink,571,341978
result_SELECT_10_Heisenberg2D_cylinder_0.5_0.5_4,outer,1,SA,1.0,2,Double,No_MSF,522,240192
result_SELECT_10_Heisenberg2D_cylinder_0.5_0.5_4,outer,1,SA,1.0,2,Double,No_Top,522,235296
result_SELECT_10_Heisenberg2D_cylinder_0.5_0.5_4,outer,1,SA,1.0,2,Double,No_MP,523,302406
result_SELECT_10_Heisenberg2D_cylinder_0.5_0.5_4,outer,1,SA,1.0,2,Double,No_Kink,523,334666
result_SELECT_10_Heisenberg2D_cylinder_0.5_0.5_4,outer,1,SA,1.0,2,Double,Yes_Kink,524,335341
result_SELECT_10_Heisenberg2D_cylinder_0.5_0.5_4,outer,1,SA,1.0,2,Proj.,No_MSF,420,196128
result_SELECT_10_Heisenberg2D_cylinder_0.5_0.5_4,outer,1,SA,1.0,2,Proj.,No_Top,420,191232
result_SELECT_10_Heisenberg2D_cylinder_0.5_0.5_4,outer,1,SA,1.0,2,Proj.,No_MP,433,663921
result_SELECT_10_Heisenberg2D_cylinder_0.5_0.5_4,outer,1,SA,1.0,2,Proj.,No_Kink,443,727215
result_SELECT_10_Heisenberg2D_cylinder_0.5_0.5_4,outer,1,SA,1.0,2,Proj.,Yes_Kink,446,723885
result_SELECT_10_Heisenberg2D_cylinder_0.5_0.5_6,inner,1,SA,1.0,0,Single,No_MSF,211,282944
result_SELECT_10_Heisenberg2D_cylinder_0.5_0.5_6,inner,1,SA,1.0,0,Single,No_Top,211,276832
result_SELECT_10_Heisenberg2D_cylinder_0.5_0.5_6,inner,1,SA,1.0,0,Single,No_MP,216,438596
result_SELECT_10_Heisenberg2D_cylinder_0.5_0.5_6,inner,1,SA,1.0,0,Single,No_Kink,221,471974
result_SELECT_10_Heisenberg2D_cylinder_0.5_0.5_6,inner,1,SA,1.0,0,Double,No_MSF,177,238336
result_SELECT_10_Heisenberg2D_cylinder_0.5_0.5_6,inner,1,SA,1.0,0,Double,No_Top,177,232224
result_SELECT_10_Heisenberg2D_cylinder_0.5_0.5_6,inner,1,SA,1.0,0,Double,No_MP,184,401408
result_SELECT_10_Heisenberg2D_cylinder_0.5_0.5_6,inner,1,SA,1.0,0,Double,No_Kink,188,455316
result_SELECT_10_Heisenberg2D_cylinder_0.5_0.5_6,inner,1,SA,1.0,0,Double,Yes_Kink,194,474904
result_SELECT_10_Heisenberg2D_cylinder_0.5_0.5_6,inner,1,SA,1.0,0,Proj.,No_MSF,108,147808
result_SELECT_10_Heisenberg2D_cylinder_0.5_0.5_6,inner,1,SA,1.0,0,Proj.,No_Top,108,141696
result_SELECT_10_Heisenberg2D_cylinder_0.5_0.5_6,inner,1,SA,1.0,0,Proj.,No_MP,135,567653
result_SELECT_10_Heisenberg2D_cylinder_0.5_0.5_6,inner,1,SA,1.0,0,Proj.,No_Kink,141,612891
result_SELECT_10_Heisenberg2D_cylinder_0.5_0.5_6,inner,1,SA,1.0,0,Proj.,Yes_Kink,153,649661
result_SELECT_10_Heisenberg2D_cylinder_0.5_0.5_2,outer,2,SA,0.1,2,Single,No_MSF,2072,403168
result_SELECT_10_Heisenberg2D_cylinder_0.5_0.5_2,outer,2,SA,0.1,2,Single,No_Top,2072,398624
result_SELECT_10_Heisenberg2D_cylinder_0.5_0.5_2,outer,2,SA,0.1,2,Single,No_MP,2072,438190
result_SELECT_10_Heisenberg2D_cylinder_0.5_0.5_2,outer,2,SA,0.1,2,Single,No_Kink,2072,461419
result_SELECT_10_Heisenberg2D_cylinder_0.5_0.5_2,outer,2,SA,0.1,2,Single,Yes_Kink,2072,472175
result_SELECT_10_Heisenberg2D_cylinder_0.5_0.5_2,outer,2,SA,0.1,2,Double,No_MSF,1921,374780
result_SELECT_10_Heisenberg2D_cylinder_0.5_0.5_2,outer,2,SA,0.1,2,Double,No_Top,1921,370236
result_SELECT_10_Heisenberg2D_cylinder_0.5_0.5_2,outer,2,SA,0.1,2,Double,No_MP,1921,418952
result_SELECT_10_Heisenberg2D_cylinder_0.5_0.5_2,outer,2,SA,0.1,2,Double,No_Kink,1921,446822
result_SELECT_10_Heisenberg2D_cylinder_0.5_0.5_2,outer,2,SA,0.1,2,Double,Yes_Kink,1991,456553
result_SELECT_10_Heisenberg2D_cylinder_0.5_0.5_2,outer,2,SA,0.1,2,Proj.,No_MSF,1668,327216
result_SELECT_10_Heisenberg2D_cylinder_0.5_0.5_2,outer,2,SA,0.1,2,Proj.,No_Top,1668,322672
result_SELECT_10_Heisenberg2D_cylinder_0.5_0.5_2,outer,2,SA,0.1,2,Proj.,No_MP,1672,996649
result_SELECT_10_Heisenberg2D_cylinder_0.5_0.5_2,outer,2,SA,0.1,2,Proj.,No_Kink,1682,1210378
result_SELECT_10_Heisenberg2D_cylinder_0.5_0.5_2,outer,2,SA,0.1,2,Proj.,Yes_Kink,1707,1223879
result_SELECT_10_Heisenberg2D_cylinder_0.5_0.5_6,outer,1,naive,0.0,0,Single,No_MSF,211,282944
result_SELECT_10_Heisenberg2D_cylinder_0.5_0.5_6,outer,1,naive,0.0,0,Single,No_Top,211,276832
result_SELECT_10_Heisenberg2D_cylinder_0.5_0.5_6,outer,1,naive,0.0,0,Single,No_MP,640,1465092
result_SELECT_10_Heisenberg2D_cylinder_0.5_0.5_6,outer,1,naive,0.0,0,Single,No_Kink,810,1785498
result_SELECT_10_Heisenberg2D_cylinder_0.5_0.5_6,outer,1,naive,0.0,0,Double,No_MSF,177,238336
result_SELECT_10_Heisenberg2D_cylinder_0.5_0.5_6,outer,1,naive,0.0,0,Double,No_Top,177,232224
result_SELECT_10_Heisenberg2D_cylinder_0.5_0.5_6,outer,1,naive,0.0,0,Double,No_MP,468,1251211
result_SELECT_10_Heisenberg2D_cylinder_0.5_0.5_6,outer,1,naive,0.0,0,Double,No_Kink,585,1518468
result_SELECT_10_Heisenberg2D_cylinder_0.5_0.5_6,outer,1,naive,0.0,0,Double,Yes_Kink,597,1532861
result_SELECT_10_Heisenberg2D_cylinder_0.5_0.5_6,outer,1,naive,0.0,0,Proj.,No_MSF,108,147808
result_SELECT_10_Heisenberg2D_cylinder_0.5_0.5_6,outer,1,naive,0.0,0,Proj.,No_Top,108,141696
result_SELECT_10_Heisenberg2D_cylinder_0.5_0.5_6,outer,1,naive,0.0,0,Proj.,No_MP,293,1350594
result_SELECT_10_Heisenberg2D_cylinder_0.5_0.5_6,outer,1,naive,0.0,0,Proj.,No_Kink,363,1704891
result_SELECT_10_Heisenberg2D_cylinder_0.5_0.5_6,outer,1,naive,0.0,0,Proj.,Yes_Kink,373,1743416
result_SELECT_10_Heisenberg2D_cylinder_0.5_0.5_2,inner,2,naive,0.0,2,Single,No_MSF,2072,403168
result_SELECT_10_Heisenberg2D_cylinder_0.5_0.5_2,inner,2,naive,0.0,2,Single,No_Top,2072,398624
result_SELECT_10_Heisenberg2D_cylinder_0.5_0.5_2,inner,2,naive,0.0,2,Single,No_MP,2074,478666
result_SELECT_10_Heisenberg2D_cylinder_0.5_0.5_2,inner,2,naive,0.0,2,Single,No_Kink,2077,528580
result_SELECT_10_Heisenberg2D_cylinder_0.5_0.5_2,inner,2,naive,0.0,2,Single,Yes_Kink,2088,545933
result_SELECT_10_Heisenberg2D_cylinder_0.5_0.5_2,inner,2,naive,0.0,2,Double,No_MSF,1921,374780
result_SELECT_10_Heisenberg2D_cylinder_0.5_0.5_2,inner,2,naive,0.0,2,Double,No_Top,1921,370236
result_SELECT_10_Heisenberg2D_cylinder_0.5_0.5_2,inner,2,naive,0.0,2,Double,No_MP,1923,457081
result_SELECT_10_Heisenberg2D_cylinder_0.5_0.5_2,inner,2,naive,0.0,2,Double,No_Kink,1935,514523
result_SELECT_10_Heisenberg2D_cylinder_0.5_0.5_2,inner,2,naive,0.0,2,Double,Yes_Kink,1941,513763
result_SELECT_10_Heisenberg2D_cylinder_0.5_0.5_2,inner,2,naive,0.0,2,Proj.,No_MSF,1668,327216
result_SELECT_10_Heisenberg2D_cylinder_0.5_0.5_2,inner,2,naive,0.0,2,Proj.,No_Top,1668,322672
result_SELECT_10_Heisenberg2D_cylinder_0.5_0.5_2,inner,2,naive,0.0,2,Proj.,No_MP,1685,1059958
result_SELECT_10_Heisenberg2D_cylinder_0.5_0.5_2,inner,2,naive,0.0,2,Proj.,No_Kink,1692,1351564
result_SELECT_10_Heisenberg2D_cylinder_0.5_0.5_2,inner,2,naive,0.0,2,Proj.,Yes_Kink,1696,1319736
result_SELECT_10_Heisenberg2D_cylinder_0.5_0.5_6,inner,1,naive,0.0,4,Single,No_MSF,211,307392
result_SELECT_10_Heisenberg2D_cylinder_0.5_0.5_6,inner,1,naive,0.0,4,Single,No_Top,233,330144
result_SELECT_10_Heisenberg2D_cylinder_0.5_0.5_6,inner,1,naive,0.0,4,Single,No_MP,748,1620290
result_SELECT_10_Heisenberg2D_cylinder_0.5_0.5_6,inner,1,naive,0.0,4,Single,No_Kink,859,1913708
result_SELECT_10_Heisenberg2D_cylinder_0.5_0.5_6,inner,1,naive,0.0,4,Double,No_MSF,177,262784
result_SELECT_10_Heisenberg2D_cylinder_0.5_0.5_6,inner,1,naive,0.0,4,Double,No_Top,219,311776
result_SELECT_10_Heisenberg2D_cylinder_0.5_0.5_6,inner,1,naive,0.0,4,Double,No_MP,537,1367435
result_SELECT_10_Heisenberg2D_cylinder_0.5_0.5_6,inner,1,naive,0.0,4,Double,No_Kink,633,1643999
result_SELECT_10_Heisenberg2D_cylinder_0.5_0.5_6,inner,1,naive,0.0,4,Double,Yes_Kink,644,1659008
result_SELECT_10_Heisenberg2D_cylinder_0.5_0.5_6,inner,1,naive,0.0,4,Proj.,No_MSF,108,172256
result_SELECT_10_Heisenberg2D_cylinder_0.5_0.5_6,inner,1,naive,0.0,4,Proj.,No_Top,205,293408
result_SELECT_10_Heisenberg2D_cylinder_0.5_0.5_6,inner,1,naive,0.0,4,Proj.,No_MP,283,1348306
result_SELECT_10_Heisenberg2D_cylinder_0.5_0.5_6,inner,1,naive,0.0,4,Proj.,No_Kink,421,2012997
result_SELECT_10_Heisenberg2D_cylinder_0.5_0.5_6,inner,1,naive,0.0,4,Proj.,Yes_Kink,432,2054539
result_SELECT_10_Heisenberg2D_cylinder_0.5_0.5_1,outer,1,SA,1.0,2,Single,No_MSF,4079,600816
result_SELECT_10_Heisenberg2D_cylinder_0.5_0.5_1,outer,1,SA,1.0,2,Single,No_Top,4080,596480
result_SELECT_10_Heisenberg2D_cylinder_0.5_0.5_1,outer,1,SA,1.0,2,Single,No_MP,4079,648250
result_SELECT_10_Heisenberg2D_cylinder_0.5_0.5_1,outer,1,SA,1.0,2,Single,No_Kink,4080,664742
result_SELECT_10_Heisenberg2D_cylinder_0.5_0.5_1,outer,1,SA,1.0,2,Double,No_MSF,3792,559488
result_SELECT_10_Heisenberg2D_cylinder_0.5_0.5_1,outer,1,SA,1.0,2,Double,No_Top,3793,555152
result_SELECT_10_Heisenberg2D_cylinder_0.5_0.5_1,outer,1,SA,1.0,2,Double,No_MP,3792,615403
result_SELECT_10_Heisenberg2D_cylinder_0.5_0.5_1,outer,1,SA,1.0,2,Double,No_Kink,3793,636941
result_SELECT_10_Heisenberg2D_cylinder_0.5_0.5_1,outer,1,SA,1.0,2,Double,Yes_Kink,3794,635699
result_SELECT_10_Heisenberg2D_cylinder_0.5_0.5_1,outer,1,SA,1.0,2,Proj.,No_MSF,3333,493392
result_SELECT_10_Heisenberg2D_cylinder_0.5_0.5_1,outer,1,SA,1.0,2,Proj.,No_Top,3333,488912
result_SELECT_10_Heisenberg2D_cylinder_0.5_0.5_1,outer,1,SA,1.0,2,Proj.,No_MP,3334,1517998
result_SELECT_10_Heisenberg2D_cylinder_0.5_0.5_1,outer,1,SA,1.0,2,Proj.,No_Kink,3334,1682962
result_SELECT_10_Heisenberg2D_cylinder_0.5_0.5_1,outer,1,SA,1.0,2,Proj.,Yes_Kink,3336,1664252
result_trotter_10_Heisenberg2D_cylinder_0.5_0.5_rand,inner,1,SA,0.01,0,Single,No_MSF,744,99900
result_trotter_10_Heisenberg2D_cylinder_0.5_0.5_rand,inner,1,SA,0.01,0,Single,No_Top,744,74400
result_trotter_10_Heisenberg2D_cylinder_0.5_0.5_rand,inner,1,SA,0.01,0,Single,No_MP,744,111340
result_trotter_10_Heisenberg2D_cylinder_0.5_0.5_rand,inner,1,SA,0.01,0,Single,No_Kink,949,262096
result_trotter_10_Heisenberg2D_cylinder_0.5_0.5_rand,inner,1,SA,0.01,0,Double,No_MSF,721,97600
result_trotter_10_Heisenberg2D_cylinder_0.5_0.5_rand,inner,1,SA,0.01,0,Double,No_Top,721,72100
result_trotter_10_Heisenberg2D_cylinder_0.5_0.5_rand,inner,1,SA,0.01,0,Double,No_MP,721,110232
result_trotter_10_Heisenberg2D_cylinder_0.5_0.5_rand,inner,1,SA,0.01,0,Double,No_Kink,1159,381752
result_trotter_10_Heisenberg2D_cylinder_0.5_0.5_rand,inner,1,SA,0.01,0,Double,Yes_Kink,1208,388141
result_trotter_10_Heisenberg2D_cylinder_0.5_0.5_rand,inner,1,SA,0.01,0,Proj.,No_MSF,390,64500
result_trotter_10_Heisenberg2D_cylinder_0.5_0.5_rand,inner,1,SA,0.01,0,Proj.,No_Top,580,58000
result_trotter_10_Heisenberg2D_cylinder_0.5_0.5_rand,inner,1,SA,0.01,0,Proj.,No_MP,524,208365
result_trotter_10_Heisenberg2D_cylinder_0.5_0.5_rand,inner,1,SA,0.01,0,Proj.,No_Kink,993,390150
result_trotter_10_Heisenberg2D_cylinder_0.5_0.5_rand,inner,1,SA,0.01,0,Proj.,Yes_Kink,1074,418748
result_trotter_10_Heisenberg2D_cylinder_0.5_0.5_det,outer,2,SA,0.1,0,Single,No_MSF,756,101100
result_trotter_10_Heisenberg2D_cylinder_0.5_0.5_det,outer,2,SA,0.1,0,Single,No_Top,756,75600
result_trotter_10_Heisenberg2D_cylinder_0.5_0.5_det,outer,2,SA,0.1,0,Single,No_MP,758,112154
result_trotter_10_Heisenberg2D_cylinder_0.5_0.5_det,outer,2,SA,0.1,0,Single,No_Kink,854,270084
result_trotter_10_Heisenberg2D_cylinder_0.5_0.5_det,outer,2,SA,0.1,0,Single,Yes_Kink,852,263918
result_trotter_10_Heisenberg2D_cylinder_0.5_0.5_det,outer,2,SA,0.1,0,Double,No_MSF,749,100400
result_trotter_10_Heisenberg2D_cylinder_0.5_0.5_det,outer,2,SA,0.1,0,Double,No_Top,749,74900
result_trotter_10_Heisenberg2D_cylinder_0.5_0.5_det,outer,2,SA,0.1,0,Double,No_MP,751,112947
result_trotter_10_Heisenberg2D_cylinder_0.5_0.5_det,outer,2,SA,0.1,0,Double,No_Kink,965,344239
result_trotter_10_Heisenberg2D_cylinder_0.5_0.5_det,outer,2,SA,0.1,0,Double,Yes_Kink,1112,361576
result_trotter_10_Heisenberg2D_cylinder_0.5_0.5_det,outer,2,SA,0.1,0,Proj.,No_MSF,390,64500
result_trotter_10_Heisenberg2D_cylinder_0.5_0.5_det,outer,2,SA,0.1,0,Proj.,No_Top,580,58000
result_trotter_10_Heisenberg2D_cylinder_0.5_0.5_det,outer,2,SA,0.1,0,Proj.,No_MP,555,241526
result_trotter_10_Heisenberg2D_cylinder_0.5_0.5_det,outer,2,SA,0.1,0,Proj.,No_Kink,870,483453
result_trotter_10_Heisenberg2D_cylinder_0.5_0.5_det,outer,2,SA,0.1,0,Proj.,Yes_Kink,970,553944
result_SELECT_10_Heisenberg2D_cylinder_0.5_0.5_0,inner,2,SA,0.1,0,Single,No_MSF,8099,992534
result_SELECT_10_Heisenberg2D_cylinder_0.5_0.5_0,inner,2,SA,0.1,0,Single,No_Top,8099,988078
result_SELECT_10_Heisenberg2D_cylinder_0.5_0.5_0,inner,2,SA,0.1,0,Single,No_MP,8099,1027695
result_SELECT_10_Heisenberg2D_cylinder_0.5_0.5_0,inner,2,SA,0.1,0,Single,No_Kink,8099,1034191
result_SELECT_10_Heisenberg2D_cylinder_0.5_0.5_0,inner,2,SA,0.1,0,Single,Yes_Kink,8099,1046348
result_SELECT_10_Heisenberg2D_cylinder_0.5_0.5_0,inner,2,SA,0.1,0,Double,No_MSF,7536,923848
result_SELECT_10_Heisenberg2D_cylinder_0.5_0.5_0,inner,2,SA,0.1,0,Double,No_Top,7536,919392
result_SELECT_10_Heisenberg2D_cylinder_0.5_0.5_0,inner,2,SA,0.1,0,Double,No_MP,7536,967613
result_SELECT_10_Heisenberg2D_cylinder_0.5_0.5_0,inner,2,SA,0.1,0,Double,No_Kink,7536,985075
result_SELECT_10_Heisenberg2D_cylinder_0.5_0.5_0,inner,2,SA,0.1,0,Double,Yes_Kink,7536,984535
result_SELECT_10_Heisenberg2D_cylinder_0.5_0.5_0,inner,2,SA,0.1,0,Proj.,No_MSF,6660,816976
result_SELECT_10_Heisenberg2D_cylinder_0.5_0.5_0,inner,2,SA,0.1,0,Proj.,No_Top,6660,812520
result_SELECT_10_Heisenberg2D_cylinder_0.5_0.5_0,inner,2,SA,0.1,0,Proj.,No_MP,6660,2374915
result_SELECT_10_Heisenberg2D_cylinder_0.5_0.5_0,inner,2,SA,0.1,0,Proj.,No_Kink,6663,2785493
result_SELECT_10_Heisenberg2D_cylinder_0.5_0.5_0,inner,2,SA,0.1,0,Proj.,Yes_Kink,6661,2742616
result_trotter_10_Heisenberg2D_cylinder_0.5_0.5_rand,outer,1,SA,0.01,1,Single,No_MSF,744,125400
result_trotter_10_Heisenberg2D_cylinder_0.5_0.5_rand,outer,1,SA,0.01,1,Single,No_Top,1164,141900
result_trotter_10_Heisenberg2D_cylinder_0.5_0.5_rand,outer,1,SA,0.01,1,Single,No_MP,744,136762
result_trotter_10_Heisenberg2D_cylinder_0.5_0.5_rand,outer,1,SA,0.01,1,Single,No_Kink,1265,367904
result_trotter_10_Heisenberg2D_cylinder_0.5_0.5_rand,outer,1,SA,0.01,1,Double,No_MSF,721,123100
result_trotter_10_Heisenberg2D_cylinder_0.5_0.5_rand,outer,1,SA,0.01,1,Double,No_Top,1160,141500
result_trotter_10_Heisenberg2D_cylinder_0.5_0.5_rand,outer,1,SA,0.01,1,Double,No_MP,722,136043
result_trotter_10_Heisenberg2D_cylinder_0.5_0.5_rand,outer,1,SA,0.01,1,Double,No_Kink,1278,449161
result_trotter_10_Heisenberg2D_cylinder_0.5_0.5_rand,outer,1,SA,0.01,1,Double,Yes_Kink,1348,457952
result_trotter_10_Heisenberg2D_cylinder_0.5_0.5_rand,outer,1,SA,0.01,1,Proj.,No_MSF,390,90000
result_trotter_10_Heisenberg2D_cylinder_0.5_0.5_rand,outer,1,SA,0.01,1,Proj.,No_Top,1160,141500
result_trotter_10_Heisenberg2D_cylinder_0.5_0.5_rand,outer,1,SA,0.01,1,Proj.,No_MP,518,232524
result_trotter_10_Heisenberg2D_cylinder_0.5_0.5_rand,outer,1,SA,0.01,1,Proj.,No_Kink,1308,535603
result_trotter_10_Heisenberg2D_cylinder_0.5_0.5_rand,outer,1,SA,0.01,1,Proj.,Yes_Kink,1332,541043
result_SELECT_100_random_local_OBC_0_0_6,outer,2,SA,0.001,2,Single,No_MSF,247,306944
result_SELECT_100_random_local_OBC_0_0_6,outer,2,SA,0.001,2,Single,No_Top,247,302112
result_SELECT_100_random_local_OBC_0_0_6,outer,2,SA,0.001,2,Single,No_MP,282,484880
result_SELECT_100_random_local_OBC_0_0_6,outer,2,SA,0.001,2,Single,No_Kink,312,615651
result_SELECT_100_random_local_OBC_0_0_6,outer,2,SA,0.001,2,Single,Yes_Kink,330,653309
result_SELECT_100_random_local_OBC_0_0_6,outer,2,SA,0.001,2,Double,No_MSF,192,241824
result_SELECT_100_random_local_OBC_0_0_6,outer,2,SA,0.001,2,Double,No_Top,193,238176
result_SELECT_100_random_local_OBC_0_0_6,outer,2,SA,0.001,2,Double,No_MP,250,459736
result_SELECT_100_random_local_OBC_0_0_6,outer,2,SA,0.001,2,Double,No_Kink,279,608159
result_SELECT_100_random_local_OBC_0_0_6,outer,2,SA,0.001,2,Double,Yes_Kink,289,620427
result_SELECT_100_random_local_OBC_0_0_6,outer,2,SA,0.001,2,Proj.,No_MSF,128,166048
result_SELECT_100_random_local_OBC_0_0_6,outer,2,SA,0.001,2,Proj.,No_Top,128,161216
result_SELECT_100_random_local_OBC_0_0_6,outer,2,SA,0.001,2,Proj.,No_MP,171,744454
result_SELECT_100_random_local_OBC_0_0_6,outer,2,SA,0.001,2,Proj.,No_Kink,207,931489
result_SELECT_100_random_local_OBC_0_0_6,outer,2,SA,0.001,2,Proj.,Yes_Kink,221,990584
result_SELECT_10_Heisenberg2D_cylinder_0.5_0.5_3,inner,1,naive,0.0,0,Single,No_MSF,1069,295440
result_SELECT_10_Heisenberg2D_cylinder_0.5_0.5_3,inner,1,naive,0.0,0,Single,No_Top,1069,290768
result_SELECT_10_Heisenberg2D_cylinder_0.5_0.5_3,inner,1,naive,0.0,0,Single,No_MP,1568,633472
result_SELECT_10_Heisenberg2D_cylinder_0.5_0.5_3,inner,1,naive,0.0,0,Single,No_Kink,1667,740762
result_SELECT_10_Heisenberg2D_cylinder_0.5_0.5_3,inner,1,naive,0.0,0,Double,No_MSF,987,273136
result_SELECT_10_Heisenberg2D_cylinder_0.5_0.5_3,inner,1,naive,0.0,0,Double,No_Top,987,268464
result_SELECT_10_Heisenberg2D_cylinder_0.5_0.5_3,inner,1,naive,0.0,0,Double,No_MP,1155,532420
result_SELECT_10_Heisenberg2D_cylinder_0.5_0.5_3,inner,1,naive,0.0,0,Double,No_Kink,1285,665238
result_SELECT_10_Heisenberg2D_cylinder_0.5_0.5_3,inner,1,naive,0.0,0,Double,Yes_Kink,1302,670303
result_SELECT_10_Heisenberg2D_cylinder_0.5_0.5_3,inner,1,naive,0.0,0,Proj.,No_MSF,837,232336
result_SELECT_10_Heisenberg2D_cylinder_0.5_0.5_3,inner,1,naive,0.0,0,Proj.,No_Top,837,227664
result_SELECT_10_Heisenberg2D_cylinder_0.5_0.5_3,inner,1,naive,0.0,0,Proj.,No_MP,869,902748
result_SELECT_10_Heisenberg2D_cylinder_0.5_0.5_3,inner,1,naive,0.0,0,Proj.,No_Kink,913,958370
result_SELECT_10_Heisenberg2D_cylinder_0.5_0.5_3,inner,1,naive,0.0,0,Proj.,Yes_Kink,955,994386
result_trotter_10_Heisenberg2D_cylinder_0.5_0.5_rand,inner,1,SA,1.0,1,Single,No_MSF,744,125400
result_trotter_10_Heisenberg2D_cylinder_0.5_0.5_rand,inner,1,SA,1.0,1,Single,No_Top,1164,141900
result_trotter_10_Heisenberg2D_cylinder_0.5_0.5_rand,inner,1,SA,1.0,1,Single,No_MP,744,138074
result_trotter_10_Heisenberg2D_cylinder_0.5_0.5_rand,inner,1,SA,1.0,1,Single,No_Kink,1201,316586
result_trotter_10_Heisenberg2D_cylinder_0.5_0.5_rand,inner,1,SA,1.0,1,Double,No_MSF,721,123100
result_trotter_10_Heisenberg2D_cylinder_0.5_0.5_rand,inner,1,SA,1.0,1,Double,No_Top,1160,141500
result_trotter_10_Heisenberg2D_cylinder_0.5_0.5_rand,inner,1,SA,1.0,1,Double,No_MP,721,137073
result_trotter_10_Heisenberg2D_cylinder_0.5_0.5_rand,inner,1,SA,1.0,1,Double,No_Kink,1173,357875
result_trotter_10_Heisenberg2D_cylinder_0.5_0.5_rand,inner,1,SA,1.0,1,Double,Yes_Kink,1187,360709
result_trotter_10_Heisenberg2D_cylinder_0.5_0.5_rand,inner,1,SA,1.0,1,Proj.,No_MSF,390,90000
result_trotter_10_Heisenberg2D_cylinder_0.5_0.5_rand,inner,1,SA,1.0,1,Proj.,No_Top,1160,141500
result_trotter_10_Heisenberg2D_cylinder_0.5_0.5_rand,inner,1,SA,1.0,1,Proj.,No_MP,528,239136
result_trotter_10_Heisenberg2D_cylinder_0.5_0.5_rand,inner,1,SA,1.0,1,Proj.,No_Kink,1454,590054
result_trotter_10_Heisenberg2D_cylinder_0.5_0.5_rand,inner,1,SA,1.0,1,Proj.,Yes_Kink,1462,593257
result_trotter_10_Heisenberg2D_cylinder_0.5_0.5_rand,inner,1,random,0.0,0,Single,No_MSF,744,99900
result_trotter_10_Heisenberg2D_cylinder_0.5_0.5_rand,inner,1,random,0.0,0,Single,No_Top,744,74400
result_trotter_10_Heisenberg2D_cylinder_0.5_0.5_rand,inner,1,random,0.0,0,Single,No_MP,782,141836
result_trotter_10_Heisenberg2D_cylinder_0.5_0.5_rand,inner,1,random,0.0,0,Single,No_Kink,859,209362
result_trotter_10_Heisenberg2D_cylinder_0.5_0.5_rand,inner,1,random,0.0,0,Double,No_MSF,721,97600
result_trotter_10_Heisenberg2D_cylinder_0.5_0.5_rand,inner,1,random,0.0,0,Double,No_Top,721,72100
result_trotter_10_Heisenberg2D_cylinder_0.5_0.5_rand,inner,1,random,0.0,0,Double,No_MP,733,138727
result_trotter_10_Heisenberg2D_cylinder_0.5_0.5_rand,inner,1,random,0.0,0,Double,No_Kink,938,299058
result_trotter_10_Heisenberg2D_cylinder_0.5_0.5_rand,inner,1,random,0.0,0,Double,Yes_Kink,959,292032
result_trotter_10_Heisenberg2D_cylinder_0.5_0.5_rand,inner,1,random,0.0,0,Proj.,No_MSF,390,64500
result_trotter_10_Heisenberg2D_cylinder_0.5_0.5_rand,inner,1,random,0.0,0,Proj.,No_Top,580,58000
result_trotter_10_Heisenberg2D_cylinder_0.5_0.5_rand,inner,1,random,0.0,0,Proj.,No_MP,546,229241
result_trotter_10_Heisenberg2D_cylinder_0.5_0.5_rand,inner,1,random,0.0,0,Proj.,No_Kink,885,351339
result_trotter_10_Heisenberg2D_cylinder_0.5_0.5_rand,inner,1,random,0.0,0,Proj.,Yes_Kink,980,376188
result_SELECT_100_random_local_OBC_0_0_6,outer,1,SA,0.1,2,Single,No_MSF,247,306944
result_SELECT_100_random_local_OBC_0_0_6,outer,1,SA,0.1,2,Single,No_Top,247,302112
result_SELECT_100_random_local_OBC_0_0_6,outer,1,SA,0.1,2,Single,No_MP,413,700602
result_SELECT_100_random_local_OBC_0_0_6,outer,1,SA,0.1,2,Single,No_Kink,513,915866
result_SELECT_100_random_local_OBC_0_0_6,outer,1,SA,0.1,2,Double,No_MSF,192,241824
result_SELECT_100_random_local_OBC_0_0_6,outer,1,SA,0.1,2,Double,No_Top,193,238176
result_SELECT_100_random_local_OBC_0_0_6,outer,1,SA,0.1,2,Double,No_MP,338,632099
result_SELECT_100_random_local_OBC_0_0_6,outer,1,SA,0.1,2,Double,No_Kink,415,844954
result_SELECT_100_random_local_OBC_0_0_6,outer,1,SA,0.1,2,Double,Yes_Kink,423,862737
result_SELECT_100_random_local_OBC_0_0_6,outer,1,SA,0.1,2,Proj.,No_MSF,128,166048
result_SELECT_100_random_local_OBC_0_0_6,outer,1,SA,0.1,2,Proj.,No_Top,128,161216
result_SELECT_100_random_local_OBC_0_0_6,outer,1,SA,0.1,2,Proj.,No_MP,231,894329
result_SELECT_100_random_local_OBC_0_0_6,outer,1,SA,0.1,2,Proj.,No_Kink,297,1185566
result_SELECT_100_random_local_OBC_0_0_6,outer,1,SA,0.1,2,Proj.,Yes_Kink,311,1236999
result_SELECT_10_Heisenberg2D_cylinder_0.5_0.5_0,inner,1,naive,0.0,0,Single,No_MSF,8099,992534
result_SELECT_10_Heisenberg2D_cylinder_0.5_0.5_0,inner,1,naive,0.0,0,Single,No_Top,8099,988078
result_SELECT_10_Heisenberg2D_cylinder_0.5_0.5_0,inner,1,naive,0.0,0,Single,No_MP,8099,1055468
result_SELECT_10_Heisenberg2D_cylinder_0.5_0.5_0,inner,1,naive,0.0,0,Single,No_Kink,8099,1127540
result_SELECT_10_Heisenberg2D_cylinder_0.5_0.5_0,inner,1,naive,0.0,0,Double,No_MSF,7536,923848
result_SELECT_10_Heisenberg2D_cylinder_0.5_0.5_0,inner,1,naive,0.0,0,Double,No_Top,7536,919392
result_SELECT_10_Heisenberg2D_cylinder_0.5_0.5_0,inner,1,naive,0.0,0,Double,No_MP,7536,994844
result_SELECT_10_Heisenberg2D_cylinder_0.5_0.5_0,inner,1,naive,0.0,0,Double,No_Kink,7536,1070941
result_SELECT_10_Heisenberg2D_cylinder_0.5_0.5_0,inner,1,naive,0.0,0,Double,Yes_Kink,7543,1069961
result_SELECT_10_Heisenberg2D_cylinder_0.5_0.5_0,inner,1,naive,0.0,0,Proj.,No_MSF,6660,816976
result_SELECT_10_Heisenberg2D_cylinder_0.5_0.5_0,inner,1,naive,0.0,0,Proj.,No_Top,6660,812520
result_SELECT_10_Heisenberg2D_cylinder_0.5_0.5_0,inner,1,naive,0.0,0,Proj.,No_MP,6660,2450069
result_SELECT_10_Heisenberg2D_cylinder_0.5_0.5_0,inner,1,naive,0.0,0,Proj.,No_Kink,6666,2556853
result_SELECT_10_Heisenberg2D_cylinder_0.5_0.5_0,inner,1,naive,0.0,0,Proj.,Yes_Kink,6672,2516129
result_SELECT_10_Heisenberg2D_cylinder_0.5_0.5_0,inner,1,SA,0.001,2,Single,No_MSF,8099,1001446
result_SELECT_10_Heisenberg2D_cylinder_0.5_0.5_0,inner,1,SA,0.001,2,Single,No_Top,8101,997234
result_SELECT_10_Heisenberg2D_cylinder_0.5_0.5_0,inner,1,SA,0.001,2,Single,No_MP,8099,1039448
result_SELECT_10_Heisenberg2D_cylinder_0.5_0.5_0,inner,1,SA,0.001,2,Single,No_Kink,8101,1092634
result_SELECT_10_Heisenberg2D_cylinder_0.5_0.5_0,inner,1,SA,0.001,2,Double,No_MSF,7536,932760
result_SELECT_10_Heisenberg2D_cylinder_0.5_0.5_0,inner,1,SA,0.001,2,Double,No_Top,7537,928426
result_SELECT_10_Heisenberg2D_cylinder_0.5_0.5_0,inner,1,SA,0.001,2,Double,No_MP,7536,979236
result_SELECT_10_Heisenberg2D_cylinder_0.5_0.5_0,inner,1,SA,0.001,2,Double,No_Kink,7537,1035583
result_SELECT_10_Heisenberg2D_cylinder_0.5_0.5_0,inner,1,SA,0.001,2,Double,Yes_Kink,7537,1032544
result_SELECT_10_Heisenberg2D_cylinder_0.5_0.5_0,inner,1,SA,0.001,2,Proj.,No_MSF,6660,825888
result_SELECT_10_Heisenberg2D_cylinder_0.5_0.5_0,inner,1,SA,0.001,2,Proj.,No_Top,6660,821432
result_SELECT_10_Heisenberg2D_cylinder_0.5_0.5_0,inner,1,SA,0.001,2,Proj.,No_MP,6660,2543300
result_SELECT_10_Heisenberg2D_cylinder_0.5_0.5_0,inner,1,SA,0.001,2,Proj.,No_Kink,6663,2892379
result_SELECT_10_Heisenberg2D_cylinder_0.5_0.5_0,inner,1,SA,0.001,2,Proj.,Yes_Kink,6665,2793189
result_SELECT_10_Heisenberg2D_cylinder_0.5_0.5_3,outer,1,SA,0.1,0,Single,No_MSF,1069,295440
result_SELECT_10_Heisenberg2D_cylinder_0.5_0.5_3,outer,1,SA,0.1,0,Single,No_Top,1069,290768
result_SELECT_10_Heisenberg2D_cylinder_0.5_0.5_3,outer,1,SA,0.1,0,Single,No_MP,1069,336094
result_SELECT_10_Heisenberg2D_cylinder_0.5_0.5_3,outer,1,SA,0.1,0,Single,No_Kink,1069,372102
result_SELECT_10_Heisenberg2D_cylinder_0.5_0.5_3,outer,1,SA,0.1,0,Double,No_MSF,987,273136
result_SELECT_10_Heisenberg2D_cylinder_0.5_0.5_3,outer,1,SA,0.1,0,Double,No_Top,987,268464
result_SELECT_10_Heisenberg2D_cylinder_0.5_0.5_3,outer,1,SA,0.1,0,Double,No_MP,988,322923
result_SELECT_10_Heisenberg2D_cylinder_0.5_0.5_3,outer,1,SA,0.1,0,Double,No_Kink,988,363220
result_SELECT_10_Heisenberg2D_cylinder_0.5_0.5_3,outer,1,SA,0.1,0,Double,Yes_Kink,992,363115
result_SELECT_10_Heisenberg2D_cylinder_0.5_0.5_3,outer,1,SA,0.1,0,Proj.,No_MSF,837,232336
result_SELECT_10_Heisenberg2D_cylinder_0.5_0.5_3,outer,1,SA,0.1,0,Proj.,No_Top,837,227664
result_SELECT_10_Heisenberg2D_cylinder_0.5_0.5_3,outer,1,SA,0.1,0,Proj.,No_MP,845,795429
result_SELECT_10_Heisenberg2D_cylinder_0.5_0.5_3,outer,1,SA,0.1,0,Proj.,No_Kink,854,922657
result_SELECT_10_Heisenberg2D_cylinder_0.5_0.5_3,outer,1,SA,0.1,0,Proj.,Yes_Kink,860,920703
result_SELECT_10_Heisenberg2D_cylinder_0.5_0.5_5,outer,2,naive,0.0,2,Single,No_MSF,327,256704
result_SELECT_10_Heisenberg2D_cylinder_0.5_0.5_5,outer,2,naive,0.0,2,Single,No_Top,327,251360
result_SELECT_10_Heisenberg2D_cylinder_0.5_0.5_5,outer,2,naive,0.0,2,Single,No_MP,418,554061
result_SELECT_10_Heisenberg2D_cylinder_0.5_0.5_5,outer,2,naive,0.0,2,Single,No_Kink,590,769098
result_SELECT_10_Heisenberg2D_cylinder_0.5_0.5_5,outer,2,naive,0.0,2,Single,Yes_Kink,571,774093
result_SELECT_10_Heisenberg2D_cylinder_0.5_0.5_5,outer,2,naive,0.0,2,Double,No_MSF,290,229472
result_SELECT_10_Heisenberg2D_cylinder_0.5_0.5_5,outer,2,naive,0.0,2,Double,No_Top,291,224864
result_SELECT_10_Heisenberg2D_cylinder_0.5_0.5_5,outer,2,naive,0.0,2,Double,No_MP,360,518830
result_SELECT_10_Heisenberg2D_cylinder_0.5_0.5_5,outer,2,naive,0.0,2,Double,No_Kink,516,740287
result_SELECT_10_Heisenberg2D_cylinder_0.5_0.5_5,outer,2,naive,0.0,2,Double,Yes_Kink,529,752423
result_SELECT_10_Heisenberg2D_cylinder_0.5_0.5_5,outer,2,naive,0.0,2,Proj.,No_MSF,213,172800
result_SELECT_10_Heisenberg2D_cylinder_0.5_0.5_5,outer,2,naive,0.0,2,Proj.,No_Top,213,167456
result_SELECT_10_Heisenberg2D_cylinder_0.5_0.5_5,outer,2,naive,0.0,2,Proj.,No_MP,259,776967
result_SELECT_10_Heisenberg2D_cylinder_0.5_0.5_5,outer,2,naive,0.0,2,Proj.,No_Kink,309,952259
result_SELECT_10_Heisenberg2D_cylinder_0.5_0.5_5,outer,2,naive,0.0,2,Proj.,Yes_Kink,330,1007470
result_SELECT_10_Heisenberg2D_cylinder_0.5_0.5_5,outer,1,SA,1.0,2,Single,No_MSF,327,256704
result_SELECT_10_Heisenberg2D_cylinder_0.5_0.5_5,outer,1,SA,1.0,2,Single,No_Top,327,251360
result_SELECT_10_Heisenberg2D_cylinder_0.5_0.5_5,outer,1,SA,1.0,2,Single,No_MP,328,345744
result_SELECT_10_Heisenberg2D_cylinder_0.5_0.5_5,outer,1,SA,1.0,2,Single,No_Kink,335,397054
result_SELECT_10_Heisenberg2D_cylinder_0.5_0.5_5,outer,1,SA,1.0,2,Double,No_MSF,290,229472
result_SELECT_10_Heisenberg2D_cylinder_0.5_0.5_5,outer,1,SA,1.0,2,Double,No_Top,291,224864
result_SELECT_10_Heisenberg2D_cylinder_0.5_0.5_5,outer,1,SA,1.0,2,Double,No_MP,294,324588
result_SELECT_10_Heisenberg2D_cylinder_0.5_0.5_5,outer,1,SA,1.0,2,Double,No_Kink,300,384994
result_SELECT_10_Heisenberg2D_cylinder_0.5_0.5_5,outer,1,SA,1.0,2,Double,Yes_Kink,312,396296
result_SELECT_10_Heisenberg2D_cylinder_0.5_0.5_5,outer,1,SA,1.0,2,Proj.,No_MSF,213,172800
result_SELECT_10_Heisenberg2D_cylinder_0.5_0.5_5,outer,1,SA,1.0,2,Proj.,No_Top,213,167456
result_SELECT_10_Heisenberg2D_cylinder_0.5_0.5_5,outer,1,SA,1.0,2,Proj.,No_MP,238,622569
result_SELECT_10_Heisenberg2D_cylinder_0.5_0.5_5,outer,1,SA,1.0,2,Proj.,No_Kink,244,677203
result_SELECT_10_Heisenberg2D_cylinder_0.5_0.5_5,outer,1,SA,1.0,2,Proj.,Yes_Kink,253,691409
result_SELECT_10_Heisenberg2D_cylinder_0.5_0.5_5,outer,2,SA,0.01,2,Single,No_MSF,327,256704
result_SELECT_10_Heisenberg2D_cylinder_0.5_0.5_5,outer,2,SA,0.01,2,Single,No_Top,327,251360
result_SELECT_10_Heisenberg2D_cylinder_0.5_0.5_5,outer,2,SA,0.01,2,Single,No_MP,327,317297
result_SELECT_10_Heisenberg2D_cylinder_0.5_0.5_5,outer,2,SA,0.01,2,Single,No_Kink,327,386814
result_SELECT_10_Heisenberg2D_cylinder_0.5_0.5_5,outer,2,SA,0.01,2,Single,Yes_Kink,327,401672
result_SELECT_10_Heisenberg2D_cylinder_0.5_0.5_5,outer,2,SA,0.01,2,Double,No_MSF,290,229472
result_SELECT_10_Heisenberg2D_cylinder_0.5_0.5_5,outer,2,SA,0.01,2,Double,No_Top,291,224864
result_SELECT_10_Heisenberg2D_cylinder_0.5_0.5_5,outer,2,SA,0.01,2,Double,No_MP,290,299028
result_SELECT_10_Heisenberg2D_cylinder_0.5_0.5_5,outer,2,SA,0.01,2,Double,No_Kink,293,377433
result_SELECT_10_Heisenberg2D_cylinder_0.5_0.5_5,outer,2,SA,0.01,2,Double,Yes_Kink,301,382456
result_SELECT_10_Heisenberg2D_cylinder_0.5_0.5_5,outer,2,SA,0.01,2,Proj.,No_MSF,213,172800
result_SELECT_10_Heisenberg2D_cylinder_0.5_0.5_5,outer,2,SA,0.01,2,Proj.,No_Top,213,167456
result_SELECT_10_Heisenberg2D_cylinder_0.5_0.5_5,outer,2,SA,0.01,2,Proj.,No_MP,227,648641
result_SELECT_10_Heisenberg2D_cylinder_0.5_0.5_5,outer,2,SA,0.01,2,Proj.,No_Kink,239,727963
result_SELECT_10_Heisenberg2D_cylinder_0.5_0.5_5,outer,2,SA,0.01,2,Proj.,Yes_Kink,245,734471
result_SELECT_10_Heisenberg2D_cylinder_0.5_0.5_3,inner,1,SA,0.01,0,Single,No_MSF,1069,295440
result_SELECT_10_Heisenberg2D_cylinder_0.5_0.5_3,inner,1,SA,0.01,0,Single,No_Top,1069,290768
result_SELECT_10_Heisenberg2D_cylinder_0.5_0.5_3,inner,1,SA,0.01,0,Single,No_MP,1069,337406
result_SELECT_10_Heisenberg2D_cylinder_0.5_0.5_3,inner,1,SA,0.01,0,Single,No_Kink,1073,360646
result_SELECT_10_Heisenberg2D_cylinder_0.5_0.5_3,inner,1,SA,0.01,0,Double,No_MSF,987,273136
result_SELECT_10_Heisenberg2D_cylinder_0.5_0.5_3,inner,1,SA,0.01,0,Double,No_Top,987,268464
result_SELECT_10_Heisenberg2D_cylinder_0.5_0.5_3,inner,1,SA,0.01,0,Double,No_MP,988,323588
result_SELECT_10_Heisenberg2D_cylinder_0.5_0.5_3,inner,1,SA,0.01,0,Double,No_Kink,987,351533
result_SELECT_10_Heisenberg2D_cylinder_0.5_0.5_3,inner,1,SA,0.01,0,Double,Yes_Kink,989,351133
result_SELECT_10_Heisenberg2D_cylinder_0.5_0.5_3,inner,1,SA,0.01,0,Proj.,No_MSF,837,232336
result_SELECT_10_Heisenberg2D_cylinder_0.5_0.5_3,inner,1,SA,0.01,0,Proj.,No_Top,837,227664
result_SELECT_10_Heisenberg2D_cylinder_0.5_0.5_3,inner,1,SA,0.01,0,Proj.,No_MP,844,856697
result_SELECT_10_Heisenberg2D_cylinder_0.5_0.5_3,inner,1,SA,0.01,0,Proj.,No_Kink,856,911056
result_SELECT_10_Heisenberg2D_cylinder_0.5_0.5_3,inner,1,SA,0.01,0,Proj.,Yes_Kink,856,908776
result_SELECT_10_Heisenberg2D_cylinder_0.5_0.5_3,inner,1,random,0.0,2,Single,No_MSF,1069,304784
result_SELECT_10_Heisenberg2D_cylinder_0.5_0.5_3,inner,1,random,0.0,2,Single,No_Top,1069,300112
result_SELECT_10_Heisenberg2D_cylinder_0.5_0.5_3,inner,1,random,0.0,2,Single,No_MP,1223,588630
result_SELECT_10_Heisenberg2D_cylinder_0.5_0.5_3,inner,1,random,0.0,2,Single,No_Kink,1260,614816
result_SELECT_10_Heisenberg2D_cylinder_0.5_0.5_3,inner,1,random,0.0,2,Double,No_MSF,987,282480
result_SELECT_10_Heisenberg2D_cylinder_0.5_0.5_3,inner,1,random,0.0,2,Double,No_Top,987,277808
result_SELECT_10_Heisenberg2D_cylinder_0.5_0.5_3,inner,1,random,0.0,2,Double,No_MP,991,507541
result_SELECT_10_Heisenberg2D_cylinder_0.5_0.5_3,inner,1,random,0.0,2,Double,No_Kink,1059,546235
result_SELECT_10_Heisenberg2D_cylinder_0.5_0.5_3,inner,1,random,0.0,2,Double,Yes_Kink,1069,548560
result_SELECT_10_Heisenberg2D_cylinder_0.5_0.5_3,inner,1,random,0.0,2,Proj.,No_MSF,837,241680
result_SELECT_10_Heisenberg2D_cylinder_0.5_0.5_3,inner,1,random,0.0,2,Proj.,No_Top,837,237008
result_SELECT_10_Heisenberg2D_cylinder_0.5_0.5_3,inner,1,random,0.0,2,Proj.,No_MP,856,911257
result_SELECT_10_Heisenberg2D_cylinder_0.5_0.5_3,inner,1,random,0.0,2,Proj.,No_Kink,862,939602
result_SELECT_10_Heisenberg2D_cylinder_0.5_0.5_3,inner,1,random,0.0,2,Proj.,Yes_Kink,867,934357
result_SELECT_10_Heisenberg2D_cylinder_0.5_0.5_6,outer,2,SA,0.01,4,Single,No_MSF,211,307392
result_SELECT_10_Heisenberg2D_cylinder_0.5_0.5_6,outer,2,SA,0.01,4,Single,No_Top,233,330144
result_SELECT_10_Heisenberg2D_cylinder_0.5_0.5_6,outer,2,SA,0.01,4,Single,No_MP,211,408448
result_SELECT_10_Heisenberg2D_cylinder_0.5_0.5_6,outer,2,SA,0.01,4,Single,No_Kink,234,585486
result_SELECT_10_Heisenberg2D_cylinder_0.5_0.5_6,outer,2,SA,0.01,4,Single,Yes_Kink,237,604599
result_SELECT_10_Heisenberg2D_cylinder_0.5_0.5_6,outer,2,SA,0.01,4,Double,No_MSF,177,262784
result_SELECT_10_Heisenberg2D_cylinder_0.5_0.5_6,outer,2,SA,0.01,4,Double,No_Top,219,311776
result_SELECT_10_Heisenberg2D_cylinder_0.5_0.5_6,outer,2,SA,0.01,4,Double,No_MP,179,375525
result_SELECT_10_Heisenberg2D_cylinder_0.5_0.5_6,outer,2,SA,0.01,4,Double,No_Kink,218,587185
result_SELECT_10_Heisenberg2D_cylinder_0.5_0.5_6,outer,2,SA,0.01,4,Double,Yes_Kink,222,587622
result_SELECT_10_Heisenberg2D_cylinder_0.5_0.5_6,outer,2,SA,0.01,4,Proj.,No_MSF,108,172256
result_SELECT_10_Heisenberg2D_cylinder_0.5_0.5_6,outer,2,SA,0.01,4,Proj.,No_Top,205,293408
result_SELECT_10_Heisenberg2D_cylinder_0.5_0.5_6,outer,2,SA,0.01,4,Proj.,No_MP,125,573413
result_SELECT_10_Heisenberg2D_cylinder_0.5_0.5_6,outer,2,SA,0.01,4,Proj.,No_Kink,207,963058
result_SELECT_10_Heisenberg2D_cylinder_0.5_0.5_6,outer,2,SA,0.01,4,Proj.,Yes_Kink,209,983501
result_SELECT_10_Heisenberg2D_cylinder_0.5_0.5_0,inner,1,random,0.0,2,Single,No_MSF,8099,1001446
result_SELECT_10_Heisenberg2D_cylinder_0.5_0.5_0,inner,1,random,0.0,2,Single,No_Top,8101,997234
result_SELECT_10_Heisenberg2D_cylinder_0.5_0.5_0,inner,1,random,0.0,2,Single,No_MP,8099,1176006
result_SELECT_10_Heisenberg2D_cylinder_0.5_0.5_0,inner,1,random,0.0,2,Single,No_Kink,8101,1185194
result_SELECT_10_Heisenberg2D_cylinder_0.5_0.5_0,inner,1,random,0.0,2,Double,No_MSF,7536,932760
result_SELECT_10_Heisenberg2D_cylinder_0.5_0.5_0,inner,1,random,0.0,2,Double,No_Top,7537,928426
result_SELECT_10_Heisenberg2D_cylinder_0.5_0.5_0,inner,1,random,0.0,2,Double,No_MP,7536,1110010
result_SELECT_10_Heisenberg2D_cylinder_0.5_0.5_0,inner,1,random,0.0,2,Double,No_Kink,7537,1123192
result_SELECT_10_Heisenberg2D_cylinder_0.5_0.5_0,inner,1,random,0.0,2,Double,Yes_Kink,7537,1126211
result_SELECT_10_Heisenberg2D_cylinder_0.5_0.5_0,inner,1,random,0.0,2,Proj.,No_MSF,6660,825888
result_SELECT_10_Heisenberg2D_cylinder_0.5_0.5_0,inner,1,random,0.0,2,Proj.,No_Top,6660,821432
result_SELECT_10_Heisenberg2D_cylinder_0.5_0.5_0,inner,1,random,0.0,2,Proj.,No_MP,6660,3477250
result_SELECT_10_Heisenberg2D_cylinder_0.5_0.5_0,inner,1,random,0.0,2,Proj.,No_Kink,6661,3550843
result_SELECT_10_Heisenberg2D_cylinder_0.5_0.5_0,inner,1,random,0.0,2,Proj.,Yes_Kink,6663,3446095
result_trotter_10_Heisenberg2D_cylinder_0.5_0.5_det,inner,2,naive,0.0,2,Single,No_MSF,756,152100
result_trotter_10_Heisenberg2D_cylinder_0.5_0.5_det,inner,2,naive,0.0,2,Single,No_Top,1742,225200
result_trotter_10_Heisenberg2D_cylinder_0.5_0.5_det,inner,2,naive,0.0,2,Single,No_MP,762,168266
result_trotter_10_Heisenberg2D_cylinder_0.5_0.5_det,inner,2,naive,0.0,2,Single,No_Kink,1789,515794
result_trotter_10_Heisenberg2D_cylinder_0.5_0.5_det,inner,2,naive,0.0,2,Single,Yes_Kink,1802,527511
result_trotter_10_Heisenberg2D_cylinder_0.5_0.5_det,inner,2,naive,0.0,2,Double,No_MSF,749,151400
result_trotter_10_Heisenberg2D_cylinder_0.5_0.5_det,inner,2,naive,0.0,2,Double,No_Top,1740,225000
result_trotter_10_Heisenberg2D_cylinder_0.5_0.5_det,inner,2,naive,0.0,2,Double,No_MP,751,169221
result_trotter_10_Heisenberg2D_cylinder_0.5_0.5_det,inner,2,naive,0.0,2,Double,No_Kink,1753,554074
result_trotter_10_Heisenberg2D_cylinder_0.5_0.5_det,inner,2,naive,0.0,2,Double,Yes_Kink,1766,567381
result_trotter_10_Heisenberg2D_cylinder_0.5_0.5_det,inner,2,naive,0.0,2,Proj.,No_MSF,390,115500
result_trotter_10_Heisenberg2D_cylinder_0.5_0.5_det,inner,2,naive,0.0,2,Proj.,No_Top,1740,225000
result_trotter_10_Heisenberg2D_cylinder_0.5_0.5_det,inner,2,naive,0.0,2,Proj.,No_MP,615,289885
result_trotter_10_Heisenberg2D_cylinder_0.5_0.5_det,inner,2,naive,0.0,2,Proj.,No_Kink,1830,1103848
result_trotter_10_Heisenberg2D_cylinder_0.5_0.5_det,inner,2,naive,0.0,2,Proj.,Yes_Kink,1890,1112695
result_SELECT_10_Heisenberg2D_cylinder_0.5_0.5_6,inner,1,SA,0.001,4,Single,No_MSF,211,307392
result_SELECT_10_Heisenberg2D_cylinder_0.5_0.5_6,inner,1,SA,0.001,4,Single,No_Top,233,330144
result_SELECT_10_Heisenberg2D_cylinder_0.5_0.5_6,inner,1,SA,0.001,4,Single,No_MP,216,466388
result_SELECT_10_Heisenberg2D_cylinder_0.5_0.5_6,inner,1,SA,0.001,4,Single,No_Kink,269,701872
result_SELECT_10_Heisenberg2D_cylinder_0.5_0.5_6,inner,1,SA,0.001,4,Double,No_MSF,177,262784
result_SELECT_10_Heisenberg2D_cylinder_0.5_0.5_6,inner,1,SA,0.001,4,Double,No_Top,219,311776
result_SELECT_10_Heisenberg2D_cylinder_0.5_0.5_6,inner,1,SA,0.001,4,Double,No_MP,181,424516
result_SELECT_10_Heisenberg2D_cylinder_0.5_0.5_6,inner,1,SA,0.001,4,Double,No_Kink,225,717793
result_SELECT_10_Heisenberg2D_cylinder_0.5_0.5_6,inner,1,SA,0.001,4,Double,Yes_Kink,232,733217
result_SELECT_10_Heisenberg2D_cylinder_0.5_0.5_6,inner,1,SA,0.001,4,Proj.,No_MSF,108,172256
result_SELECT_10_Heisenberg2D_cylinder_0.5_0.5_6,inner,1,SA,0.001,4,Proj.,No_Top,205,293408
result_SELECT_10_Heisenberg2D_cylinder_0.5_0.5_6,inner,1,SA,0.001,4,Proj.,No_MP,134,610528
result_SELECT_10_Heisenberg2D_cylinder_0.5_0.5_6,inner,1,SA,0.001,4,Proj.,No_Kink,230,1052979
result_SELECT_10_Heisenberg2D_cylinder_0.5_0.5_6,inner,1,SA,0.001,4,Proj.,Yes_Kink,230,1058093
result_trotter_10_Heisenberg2D_cylinder_0.5_0.5_rand,outer,2,SA,0.1,2,Single,No_MSF,744,150900
result_trotter_10_Heisenberg2D_cylinder_0.5_0.5_rand,outer,2,SA,0.1,2,Single,No_Top,1742,225200
result_trotter_10_Heisenberg2D_cylinder_0.5_0.5_rand,outer,2,SA,0.1,2,Single,No_MP,744,160962
result_trotter_10_Heisenberg2D_cylinder_0.5_0.5_rand,outer,2,SA,0.1,2,Single,No_Kink,1747,453533
result_trotter_10_Heisenberg2D_cylinder_0.5_0.5_rand,outer,2,SA,0.1,2,Single,Yes_Kink,1753,450040
result_trotter_10_Heisenberg2D_cylinder_0.5_0.5_rand,outer,2,SA,0.1,2,Double,No_MSF,721,148600
result_trotter_10_Heisenberg2D_cylinder_0.5_0.5_rand,outer,2,SA,0.1,2,Double,No_Top,1740,225000
result_trotter_10_Heisenberg2D_cylinder_0.5_0.5_rand,outer,2,SA,0.1,2,Double,No_MP,721,160450
result_trotter_10_Heisenberg2D_cylinder_0.5_0.5_rand,outer,2,SA,0.1,2,Double,No_Kink,1741,469179
result_trotter_10_Heisenberg2D_cylinder_0.5_0.5_rand,outer,2,SA,0.1,2,Double,Yes_Kink,1742,482919
result_trotter_10_Heisenberg2D_cylinder_0.5_0.5_rand,outer,2,SA,0.1,2,Proj.,No_MSF,390,115500
result_trotter_10_Heisenberg2D_cylinder_0.5_0.5_rand,outer,2,SA,0.1,2,Proj.,No_Top,1740,225000
result_trotter_10_Heisenberg2D_cylinder_0.5_0.5_rand,outer,2,SA,0.1,2,Proj.,No_MP,505,274401
result_trotter_10_Heisenberg2D_cylinder_0.5_0.5_rand,outer,2,SA,0.1,2,Proj.,No_Kink,1798,1098204
result_trotter_10_Heisenberg2D_cylinder_0.5_0.5_rand,outer,2,SA,0.1,2,Proj.,Yes_Kink,1799,1091073
result_trotter_10_Heisenberg2D_cylinder_0.5_0.5_det,inner,1,SA,0.1,0,Single,No_MSF,756,101100
result_trotter_10_Heisenberg2D_cylinder_0.5_0.5_det,inner,1,SA,0.1,0,Single,No_Top,756,75600
result_trotter_10_Heisenberg2D_cylinder_0.5_0.5_det,inner,1,SA,0.1,0,Single,No_MP,760,113896
result_trotter_10_Heisenberg2D_cylinder_0.5_0.5_det,inner,1,SA,0.1,0,Single,No_Kink,819,217896
result_trotter_10_Heisenberg2D_cylinder_0.5_0.5_det,inner,1,SA,0.1,0,Double,No_MSF,749,100400
result_trotter_10_Heisenberg2D_cylinder_0.5_0.5_det,inner,1,SA,0.1,0,Double,No_Top,749,74900
result_trotter_10_Heisenberg2D_cylinder_0.5_0.5_det,inner,1,SA,0.1,0,Double,No_MP,749,114357
result_trotter_10_Heisenberg2D_cylinder_0.5_0.5_det,inner,1,SA,0.1,0,Double,No_Kink,991,328874
result_trotter_10_Heisenberg2D_cylinder_0.5_0.5_det,inner,1,SA,0.1,0,Double,Yes_Kink,1099,350093
result_trotter_10_Heisenberg2D_cylinder_0.5_0.5_det,inner,1,SA,0.1,0,Proj.,No_MSF,390,64500
result_trotter_10_Heisenberg2D_cylinder_0.5_0.5_det,inner,1,SA,0.1,0,Proj.,No_Top,580,58000
result_trotter_10_Heisenberg2D_cylinder_0.5_0.5_det,inner,1,SA,0.1,0,Proj.,No_MP,563,217772
result_trotter_10_Heisenberg2D_cylinder_0.5_0.5_det,inner,1,SA,0.1,0,Proj.,No_Kink,945,357117
result_trotter_10_Heisenberg2D_cylinder_0.5_0.5_det,inner,1,SA,0.1,0,Proj.,Yes_Kink,997,376173
result_SELECT_10_Heisenberg2D_cylinder_0.5_0.5_6,outer,2,SA,1.0,10,Single,No_MSF,211,344064
result_SELECT_10_Heisenberg2D_cylinder_0.5_0.5_6,outer,2,SA,1.0,10,Single,No_Top,463,668576
result_SELECT_10_Heisenberg2D_cylinder_0.5_0.5_6,outer,2,SA,1.0,10,Single,No_MP,211,450942
result_SELECT_10_Heisenberg2D_cylinder_0.5_0.5_6,outer,2,SA,1.0,10,Single,No_Kink,458,933843
result_SELECT_10_Heisenberg2D_cylinder_0.5_0.5_6,outer,2,SA,1.0,10,Single,Yes_Kink,459,952855
result_SELECT_10_Heisenberg2D_cylinder_0.5_0.5_6,outer,2,SA,1.0,10,Double,No_MSF,177,299456
result_SELECT_10_Heisenberg2D_cylinder_0.5_0.5_6,outer,2,SA,1.0,10,Double,No_Top,454,656768
result_SELECT_10_Heisenberg2D_cylinder_0.5_0.5_6,outer,2,SA,1.0,10,Double,No_MP,179,417771
result_SELECT_10_Heisenberg2D_cylinder_0.5_0.5_6,outer,2,SA,1.0,10,Double,No_Kink,455,950589
result_SELECT_10_Heisenberg2D_cylinder_0.5_0.5_6,outer,2,SA,1.0,10,Double,Yes_Kink,456,955669
result_SELECT_10_Heisenberg2D_cylinder_0.5_0.5_6,outer,2,SA,1.0,10,Proj.,No_MSF,108,208928
result_SELECT_10_Heisenberg2D_cylinder_0.5_0.5_6,outer,2,SA,1.0,10,Proj.,No_Top,451,652832
result_SELECT_10_Heisenberg2D_cylinder_0.5_0.5_6,outer,2,SA,1.0,10,Proj.,No_MP,129,593095
result_SELECT_10_Heisenberg2D_cylinder_0.5_0.5_6,outer,2,SA,1.0,10,Proj.,No_Kink,453,1767770
result_SELECT_10_Heisenberg2D_cylinder_0.5_0.5_6,outer,2,SA,1.0,10,Proj.,Yes_Kink,454,1745658
result_SELECT_10_Heisenberg2D_cylinder_0.5_0.5_4,inner,1,random,0.0,0,Single,No_MSF,571,251568
result_SELECT_10_Heisenberg2D_cylinder_0.5_0.5_4,inner,1,random,0.0,0,Single,No_Top,571,246672
result_SELECT_10_Heisenberg2D_cylinder_0.5_0.5_4,inner,1,random,0.0,0,Single,No_MP,880,702036
result_SELECT_10_Heisenberg2D_cylinder_0.5_0.5_4,inner,1,random,0.0,0,Single,No_Kink,901,722214
result_SELECT_10_Heisenberg2D_cylinder_0.5_0.5_4,inner,1,random,0.0,0,Double,No_MSF,522,230400
result_SELECT_10_Heisenberg2D_cylinder_0.5_0.5_4,inner,1,random,0.0,0,Double,No_Top,522,225504
result_SELECT_10_Heisenberg2D_cylinder_0.5_0.5_4,inner,1,random,0.0,0,Double,No_MP,553,565847
result_SELECT_10_Heisenberg2D_cylinder_0.5_0.5_4,inner,1,random,0.0,0,Double,No_Kink,583,605919
result_SELECT_10_Heisenberg2D_cylinder_0.5_0.5_4,inner,1,random,0.0,0,Double,Yes_Kink,590,607785
result_SELECT_10_Heisenberg2D_cylinder_0.5_0.5_4,inner,1,random,0.0,0,Proj.,No_MSF,420,186336
result_SELECT_10_Heisenberg2D_cylinder_0.5_0.5_4,inner,1,random,0.0,0,Proj.,No_Top,420,181440
result_SELECT_10_Heisenberg2D_cylinder_0.5_0.5_4,inner,1,random,0.0,0,Proj.,No_MP,452,709904
result_SELECT_10_Heisenberg2D_cylinder_0.5_0.5_4,inner,1,random,0.0,0,Proj.,No_Kink,455,721743
result_SELECT_10_Heisenberg2D_cylinder_0.5_0.5_4,inner,1,random,0.0,0,Proj.,Yes_Kink,486,748176
result_trotter_10_Heisenberg2D_cylinder_0.5_0.5_rand,inner,2,SA,0.01,2,Single,No_MSF,744,150900
result_trotter_10_Heisenberg2D_cylinder_0.5_0.5_rand,inner,2,SA,0.01,2,Single,No_Top,1742,225200
result_trotter_10_Heisenberg2D_cylinder_0.5_0.5_rand,inner,2,SA,0.01,2,Single,No_MP,744,160076
result_trotter_10_Heisenberg2D_cylinder_0.5_0.5_rand,inner,2,SA,0.01,2,Single,No_Kink,1742,448331
result_trotter_10_Heisenberg2D_cylinder_0.5_0.5_rand,inner,2,SA,0.01,2,Single,Yes_Kink,1743,457258
result_trotter_10_Heisenberg2D_cylinder_0.5_0.5_rand,inner,2,SA,0.01,2,Double,No_MSF,721,148600
result_trotter_10_Heisenberg2D_cylinder_0.5_0.5_rand,inner,2,SA,0.01,2,Double,No_Top,1740,225000
result_trotter_10_Heisenberg2D_cylinder_0.5_0.5_rand,inner,2,SA,0.01,2,Double,No_MP,722,159839
result_trotter_10_Heisenberg2D_cylinder_0.5_0.5_rand,inner,2,SA,0.01,2,Double,No_Kink,1741,452360
result_trotter_10_Heisenberg2D_cylinder_0.5_0.5_rand,inner,2,SA,0.01,2,Double,Yes_Kink,1741,469497
result_trotter_10_Heisenberg2D_cylinder_0.5_0.5_rand,inner,2,SA,0.01,2,Proj.,No_MSF,390,115500
result_trotter_10_Heisenberg2D_cylinder_0.5_0.5_rand,inner,2,SA,0.01,2,Proj.,No_Top,1740,225000
result_trotter_10_Heisenberg2D_cylinder_0.5_0.5_rand,inner,2,SA,0.01,2,Proj.,No_MP,485,270286
result_trotter_10_Heisenberg2D_cylinder_0.5_0.5_rand,inner,2,SA,0.01,2,Proj.,No_Kink,1904,1136673
result_trotter_10_Heisenberg2D_cylinder_0.5_0.5_rand,inner,2,SA,0.01,2,Proj.,Yes_Kink,1903,1130324
result_trotter_10_Heisenberg2D_cylinder_0.5_0.5_det,outer,2,SA,0.001,1,Single,No_MSF,756,126600
result_trotter_10_Heisenberg2D_cylinder_0.5_0.5_det,outer,2,SA,0.001,1,Single,No_Top,1173,142800
result_trotter_10_Heisenberg2D_cylinder_0.5_0.5_det,outer,2,SA,0.001,1,Single,No_MP,758,136764
result_trotter_10_Heisenberg2D_cylinder_0.5_0.5_det,outer,2,SA,0.001,1,Single,No_Kink,1289,436372
result_trotter_10_Heisenberg2D_cylinder_0.5_0.5_det,outer,2,SA,0.001,1,Single,Yes_Kink,1294,440754
result_trotter_10_Heisenberg2D_cylinder_0.5_0.5_det,outer,2,SA,0.001,1,Double,No_MSF,749,125900
result_trotter_10_Heisenberg2D_cylinder_0.5_0.5_det,outer,2,SA,0.001,1,Double,No_Top,1160,141500
result_trotter_10_Heisenberg2D_cylinder_0.5_0.5_det,outer,2,SA,0.001,1,Double,No_MP,750,137565
result_trotter_10_Heisenberg2D_cylinder_0.5_0.5_det,outer,2,SA,0.001,1,Double,No_Kink,1200,490387
result_trotter_10_Heisenberg2D_cylinder_0.5_0.5_det,outer,2,SA,0.001,1,Double,Yes_Kink,1238,497779
result_trotter_10_Heisenberg2D_cylinder_0.5_0.5_det,outer,2,SA,0.001,1,Proj.,No_MSF,390,90000
result_trotter_10_Heisenberg2D_cylinder_0.5_0.5_det,outer,2,SA,0.001,1,Proj.,No_Top,1160,141500
result_trotter_10_Heisenberg2D_cylinder_0.5_0.5_det,outer,2,SA,0.001,1,Proj.,No_MP,540,271437
result_trotter_10_Heisenberg2D_cylinder_0.5_0.5_det,outer,2,SA,0.001,1,Proj.,No_Kink,1246,739951
result_trotter_10_Heisenberg2D_cylinder_0.5_0.5_det,outer,2,SA,0.001,1,Proj.,Yes_Kink,1252,737631
result_SELECT_10_Heisenberg2D_cylinder_0.5_0.5_6,inner,2,SA,0.1,2,Single,No_MSF,211,295168
result_SELECT_10_Heisenberg2D_cylinder_0.5_0.5_6,inner,2,SA,0.1,2,Single,No_Top,211,289056
result_SELECT_10_Heisenberg2D_cylinder_0.5_0.5_6,inner,2,SA,0.1,2,Single,No_MP,211,399078
result_SELECT_10_Heisenberg2D_cylinder_0.5_0.5_6,inner,2,SA,0.1,2,Single,No_Kink,211,476004
result_SELECT_10_Heisenberg2D_cylinder_0.5_0.5_6,inner,2,SA,0.1,2,Single,Yes_Kink,211,493953
result_SELECT_10_Heisenberg2D_cylinder_0.5_0.5_6,inner,2,SA,0.1,2,Double,No_MSF,177,250560
result_SELECT_10_Heisenberg2D_cylinder_0.5_0.5_6,inner,2,SA,0.1,2,Double,No_Top,177,244448
result_SELECT_10_Heisenberg2D_cylinder_0.5_0.5_6,inner,2,SA,0.1,2,Double,No_MP,181,369821
result_SELECT_10_Heisenberg2D_cylinder_0.5_0.5_6,inner,2,SA,0.1,2,Double,No_Kink,180,462306
result_SELECT_10_Heisenberg2D_cylinder_0.5_0.5_6,inner,2,SA,0.1,2,Double,Yes_Kink,190,475167
result_SELECT_10_Heisenberg2D_cylinder_0.5_0.5_6,inner,2,SA,0.1,2,Proj.,No_MSF,108,160032
result_SELECT_10_Heisenberg2D_cylinder_0.5_0.5_6,inner,2,SA,0.1,2,Proj.,No_Top,123,173600
result_SELECT_10_Heisenberg2D_cylinder_0.5_0.5_6,inner,2,SA,0.1,2,Proj.,No_MP,128,594394
result_SELECT_10_Heisenberg2D_cylinder_0.5_0.5_6,inner,2,SA,0.1,2,Proj.,No_Kink,144,702378
result_SELECT_10_Heisenberg2D_cylinder_0.5_0.5_6,inner,2,SA,0.1,2,Proj.,Yes_Kink,153,729368
result_SELECT_10_Heisenberg2D_cylinder_0.5_0.5_0,outer,1,SA,0.001,2,Single,No_MSF,8099,1001446
result_SELECT_10_Heisenberg2D_cylinder_0.5_0.5_0,outer,1,SA,0.001,2,Single,No_Top,8101,997234
result_SELECT_10_Heisenberg2D_cylinder_0.5_0.5_0,outer,1,SA,0.001,2,Single,No_MP,8099,1039850
result_SELECT_10_Heisenberg2D_cylinder_0.5_0.5_0,outer,1,SA,0.001,2,Single,No_Kink,8101,1089928
result_SELECT_10_Heisenberg2D_cylinder_0.5_0.5_0,outer,1,SA,0.001,2,Double,No_MSF,7536,932760
result_SELECT_10_Heisenberg2D_cylinder_0.5_0.5_0,outer,1,SA,0.001,2,Double,No_Top,7537,928426
result_SELECT_10_Heisenberg2D_cylinder_0.5_0.5_0,outer,1,SA,0.001,2,Double,No_MP,7536,980861
result_SELECT_10_Heisenberg2D_cylinder_0.5_0.5_0,outer,1,SA,0.001,2,Double,No_Kink,7537,1035570
result_SELECT_10_Heisenberg2D_cylinder_0.5_0.5_0,outer,1,SA,0.001,2,Double,Yes_Kink,7537,1034121
result_SELECT_10_Heisenberg2D_cylinder_0.5_0.5_0,outer,1,SA,0.001,2,Proj.,No_MSF,6660,825888
result_SELECT_10_Heisenberg2D_cylinder_0.5_0.5_0,outer,1,SA,0.001,2,Proj.,No_Top,6660,821432
result_SELECT_10_Heisenberg2D_cylinder_0.5_0.5_0,outer,1,SA,0.001,2,Proj.,No_MP,6660,2439900
result_SELECT_10_Heisenberg2D_cylinder_0.5_0.5_0,outer,1,SA,0.001,2,Proj.,No_Kink,6664,2927663
result_SELECT_10_Heisenberg2D_cylinder_0.5_0.5_0,outer,1,SA,0.001,2,Proj.,Yes_Kink,6665,2900653
result_SELECT_10_Heisenberg2D_cylinder_0.5_0.5_2,inner,1,random,0.0,0,Single,No_MSF,2072,394080
result_SELECT_10_Heisenberg2D_cylinder_0.5_0.5_2,inner,1,random,0.0,0,Single,No_Top,2072,389536
result_SELECT_10_Heisenberg2D_cylinder_0.5_0.5_2,inner,1,random,0.0,0,Single,No_MP,2098,589030
result_SELECT_10_Heisenberg2D_cylinder_0.5_0.5_2,inner,1,random,0.0,0,Single,No_Kink,2104,607264
result_SELECT_10_Heisenberg2D_cylinder_0.5_0.5_2,inner,1,random,0.0,0,Double,No_MSF,1921,365692
result_SELECT_10_Heisenberg2D_cylinder_0.5_0.5_2,inner,1,random,0.0,0,Double,No_Top,1921,361148
result_SELECT_10_Heisenberg2D_cylinder_0.5_0.5_2,inner,1,random,0.0,0,Double,No_MP,1922,548668
result_SELECT_10_Heisenberg2D_cylinder_0.5_0.5_2,inner,1,random,0.0,0,Double,No_Kink,1924,570287
result_SELECT_10_Heisenberg2D_cylinder_0.5_0.5_2,inner,1,random,0.0,0,Double,Yes_Kink,1928,570298
result_SELECT_10_Heisenberg2D_cylinder_0.5_0.5_2,inner,1,random,0.0,0,Proj.,No_MSF,1668,318128
result_SELECT_10_Heisenberg2D_cylinder_0.5_0.5_2,inner,1,random,0.0,0,Proj.,No_Top,1668,313584
result_SELECT_10_Heisenberg2D_cylinder_0.5_0.5_2,inner,1,random,0.0,0,Proj.,No_MP,1676,1213214
result_SELECT_10_Heisenberg2D_cylinder_0.5_0.5_2,inner,1,random,0.0,0,Proj.,No_Kink,1684,1241957
result_SELECT_10_Heisenberg2D_cylinder_0.5_0.5_2,inner,1,random,0.0,0,Proj.,Yes_Kink,1782,1266680
result_trotter_10_Heisenberg2D_cylinder_0.5_0.5_rand,inner,2,random,0.0,0,Single,No_MSF,744,99900
result_trotter_10_Heisenberg2D_cylinder_0.5_0.5_rand,inner,2,random,0.0,0,Single,No_Top,744,74400
result_trotter_10_Heisenberg2D_cylinder_0.5_0.5_rand,inner,2,random,0.0,0,Single,No_MP,747,133936
result_trotter_10_Heisenberg2D_cylinder_0.5_0.5_rand,inner,2,random,0.0,0,Single,No_Kink,770,217199
result_trotter_10_Heisenberg2D_cylinder_0.5_0.5_rand,inner,2,random,0.0,0,Single,Yes_Kink,774,220765
result_trotter_10_Heisenberg2D_cylinder_0.5_0.5_rand,inner,2,random,0.0,0,Double,No_MSF,721,97600
result_trotter_10_Heisenberg2D_cylinder_0.5_0.5_rand,inner,2,random,0.0,0,Double,No_Top,721,72100
result_trotter_10_Heisenberg2D_cylinder_0.5_0.5_rand,inner,2,random,0.0,0,Double,No_MP,723,132405
result_trotter_10_Heisenberg2D_cylinder_0.5_0.5_rand,inner,2,random,0.0,0,Double,No_Kink,782,264509
result_trotter_10_Heisenberg2D_cylinder_0.5_0.5_rand,inner,2,random,0.0,0,Double,Yes_Kink,803,264535
result_trotter_10_Heisenberg2D_cylinder_0.5_0.5_rand,inner,2,random,0.0,0,Proj.,No_MSF,390,64500
result_trotter_10_Heisenberg2D_cylinder_0.5_0.5_rand,inner,2,random,0.0,0,Proj.,No_Top,580,58000
result_trotter_10_Heisenberg2D_cylinder_0.5_0.5_rand,inner,2,random,0.0,0,Proj.,No_MP,501,272135
result_trotter_10_Heisenberg2D_cylinder_0.5_0.5_rand,inner,2,random,0.0,0,Proj.,No_Kink,759,438238
result_trotter_10_Heisenberg2D_cylinder_0.5_0.5_rand,inner,2,random,0.0,0,Proj.,Yes_Kink,858,488185
result_trotter_10_Heisenberg2D_cylinder_0.5_0.5_det,inner,2,SA,0.1,1,Single,No_MSF,756,126600
result_trotter_10_Heisenberg2D_cylinder_0.5_0.5_det,inner,2,SA,0.1,1,Single,No_Top,1173,142800
result_trotter_10_Heisenberg2D_cylinder_0.5_0.5_det,inner,2,SA,0.1,1,Single,No_MP,757,137392
result_trotter_10_Heisenberg2D_cylinder_0.5_0.5_det,inner,2,SA,0.1,1,Single,No_Kink,1179,312586
result_trotter_10_Heisenberg2D_cylinder_0.5_0.5_det,inner,2,SA,0.1,1,Single,Yes_Kink,1185,321603
result_trotter_10_Heisenberg2D_cylinder_0.5_0.5_det,inner,2,SA,0.1,1,Double,No_MSF,749,125900
result_trotter_10_Heisenberg2D_cylinder_0.5_0.5_det,inner,2,SA,0.1,1,Double,No_Top,1160,141500
result_trotter_10_Heisenberg2D_cylinder_0.5_0.5_det,inner,2,SA,0.1,1,Double,No_MP,750,138272
result_trotter_10_Heisenberg2D_cylinder_0.5_0.5_det,inner,2,SA,0.1,1,Double,No_Kink,1163,326929
result_trotter_10_Heisenberg2D_cylinder_0.5_0.5_det,inner,2,SA,0.1,1,Double,Yes_Kink,1169,345561
result_trotter_10_Heisenberg2D_cylinder_0.5_0.5_det,inner,2,SA,0.1,1,Proj.,No_MSF,390,90000
result_trotter_10_Heisenberg2D_cylinder_0.5_0.5_det,inner,2,SA,0.1,1,Proj.,No_Top,1160,141500
result_trotter_10_Heisenberg2D_cylinder_0.5_0.5_det,inner,2,SA,0.1,1,Proj.,No_MP,519,269757
result_trotter_10_Heisenberg2D_cylinder_0.5_0.5_det,inner,2,SA,0.1,1,Proj.,No_Kink,1347,769744
result_trotter_10_Heisenberg2D_cylinder_0.5_0.5_det,inner,2,SA,0.1,1,Proj.,Yes_Kink,1355,761525
result_SELECT_10_Heisenberg2D_cylinder_0.5_0.5_6,outer,1,SA,0.01,0,Single,No_MSF,211,282944
result_SELECT_10_Heisenberg2D_cylinder_0.5_0.5_6,outer,1,SA,0.01,0,Single,No_Top,211,276832
result_SELECT_10_Heisenberg2D_cylinder_0.5_0.5_6,outer,1,SA,0.01,0,Single,No_MP,217,439156
result_SELECT_10_Heisenberg2D_cylinder_0.5_0.5_6,outer,1,SA,0.01,0,Single,No_Kink,264,607306
result_SELECT_10_Heisenberg2D_cylinder_0.5_0.5_6,outer,1,SA,0.01,0,Double,No_MSF,177,238336
result_SELECT_10_Heisenberg2D_cylinder_0.5_0.5_6,outer,1,SA,0.01,0,Double,No_Top,177,232224
result_SELECT_10_Heisenberg2D_cylinder_0.5_0.5_6,outer,1,SA,0.01,0,Double,No_MP,183,399505
result_SELECT_10_Heisenberg2D_cylinder_0.5_0.5_6,outer,1,SA,0.01,0,Double,No_Kink,211,574481
result_SELECT_10_Heisenberg2D_cylinder_0.5_0.5_6,outer,1,SA,0.01,0,Double,Yes_Kink,219,585839
result_SELECT_10_Heisenberg2D_cylinder_0.5_0.5_6,outer,1,SA,0.01,0,Proj.,No_MSF,108,147808
result_SELECT_10_Heisenberg2D_cylinder_0.5_0.5_6,outer,1,SA,0.01,0,Proj.,No_Top,108,141696
result_SELECT_10_Heisenberg2D_cylinder_0.5_0.5_6,outer,1,SA,0.01,0,Proj.,No_MP,133,556528
result_SELECT_10_Heisenberg2D_cylinder_0.5_0.5_6,outer,1,SA,0.01,0,Proj.,No_Kink,160,723220
result_SELECT_10_Heisenberg2D_cylinder_0.5_0.5_6,outer,1,SA,0.01,0,Proj.,Yes_Kink,169,761046
result_trotter_10_Heisenberg2D_cylinder_0.5_0.5_rand,outer,2,SA,0.001,1,Single,No_MSF,744,125400
result_trotter_10_Heisenberg2D_cylinder_0.5_0.5_rand,outer,2,SA,0.001,1,Single,No_Top,1164,141900
result_trotter_10_Heisenberg2D_cylinder_0.5_0.5_rand,outer,2,SA,0.001,1,Single,No_MP,744,134736
result_trotter_10_Heisenberg2D_cylinder_0.5_0.5_rand,outer,2,SA,0.001,1,Single,No_Kink,1255,416444
result_trotter_10_Heisenberg2D_cylinder_0.5_0.5_rand,outer,2,SA,0.001,1,Single,Yes_Kink,1263,418061
result_trotter_10_Heisenberg2D_cylinder_0.5_0.5_rand,outer,2,SA,0.001,1,Double,No_MSF,721,123100
result_trotter_10_Heisenberg2D_cylinder_0.5_0.5_rand,outer,2,SA,0.001,1,Double,No_Top,1160,141500
result_trotter_10_Heisenberg2D_cylinder_0.5_0.5_rand,outer,2,SA,0.001,1,Double,No_MP,721,134443
result_trotter_10_Heisenberg2D_cylinder_0.5_0.5_rand,outer,2,SA,0.001,1,Double,No_Kink,1202,470545
result_trotter_10_Heisenberg2D_cylinder_0.5_0.5_rand,outer,2,SA,0.001,1,Double,Yes_Kink,1227,473752
result_trotter_10_Heisenberg2D_cylinder_0.5_0.5_rand,outer,2,SA,0.001,1,Proj.,No_MSF,390,90000
result_trotter_10_Heisenberg2D_cylinder_0.5_0.5_rand,outer,2,SA,0.001,1,Proj.,No_Top,1160,141500
result_trotter_10_Heisenberg2D_cylinder_0.5_0.5_rand,outer,2,SA,0.001,1,Proj.,No_MP,479,256840
result_trotter_10_Heisenberg2D_cylinder_0.5_0.5_rand,outer,2,SA,0.001,1,Proj.,No_Kink,1202,726243
result_trotter_10_Heisenberg2D_cylinder_0.5_0.5_rand,outer,2,SA,0.001,1,Proj.,Yes_Kink,1229,737796
result_trotter_10_Heisenberg2D_cylinder_0.5_0.5_det,inner,2,random,0.0,0,Single,No_MSF,756,101100
result_trotter_10_Heisenberg2D_cylinder_0.5_0.5_det,inner,2,random,0.0,0,Single,No_Top,756,75600
result_trotter_10_Heisenberg2D_cylinder_0.5_0.5_det,inner,2,random,0.0,0,Single,No_MP,762,136140
result_trotter_10_Heisenberg2D_cylinder_0.5_0.5_det,inner,2,random,0.0,0,Single,No_Kink,764,203282
result_trotter_10_Heisenberg2D_cylinder_0.5_0.5_det,inner,2,random,0.0,0,Single,Yes_Kink,765,206622
result_trotter_10_Heisenberg2D_cylinder_0.5_0.5_det,inner,2,random,0.0,0,Double,No_MSF,749,100400
result_trotter_10_Heisenberg2D_cylinder_0.5_0.5_det,inner,2,random,0.0,0,Double,No_Top,749,74900
result_trotter_10_Heisenberg2D_cylinder_0.5_0.5_det,inner,2,random,0.0,0,Double,No_MP,751,135931
result_trotter_10_Heisenberg2D_cylinder_0.5_0.5_det,inner,2,random,0.0,0,Double,No_Kink,760,252261
result_trotter_10_Heisenberg2D_cylinder_0.5_0.5_det,inner,2,random,0.0,0,Double,Yes_Kink,788,259104
result_trotter_10_Heisenberg2D_cylinder_0.5_0.5_det,inner,2,random,0.0,0,Proj.,No_MSF,390,64500
result_trotter_10_Heisenberg2D_cylinder_0.5_0.5_det,inner,2,random,0.0,0,Proj.,No_Top,580,58000
result_trotter_10_Heisenberg2D_cylinder_0.5_0.5_det,inner,2,random,0.0,0,Proj.,No_MP,529,283980
result_trotter_10_Heisenberg2D_cylinder_0.5_0.5_det,inner,2,random,0.0,0,Proj.,No_Kink,806,438436
result_trotter_10_Heisenberg2D_cylinder_0.5_0.5_det,inner,2,random,0.0,0,Proj.,Yes_Kink,884,478869
result_SELECT_10_Heisenberg2D_cylinder_0.5_0.5_1,inner,1,SA,0.01,2,Single,No_MSF,4079,600816
result_SELECT_10_Heisenberg2D_cylinder_0.5_0.5_1,inner,1,SA,0.01,2,Single,No_Top,4080,596480
result_SELECT_10_Heisenberg2D_cylinder_0.5_0.5_1,inner,1,SA,0.01,2,Single,No_MP,4079,643612
result_SELECT_10_Heisenberg2D_cylinder_0.5_0.5_1,inner,1,SA,0.01,2,Single,No_Kink,4081,683306
result_SELECT_10_Heisenberg2D_cylinder_0.5_0.5_1,inner,1,SA,0.01,2,Double,No_MSF,3792,559488
result_SELECT_10_Heisenberg2D_cylinder_0.5_0.5_1,inner,1,SA,0.01,2,Double,No_Top,3793,555152
result_SELECT_10_Heisenberg2D_cylinder_0.5_0.5_1,inner,1,SA,0.01,2,Double,No_MP,3793,611210
result_SELECT_10_Heisenberg2D_cylinder_0.5_0.5_1,inner,1,SA,0.01,2,Double,No_Kink,3802,657221
result_SELECT_10_Heisenberg2D_cylinder_0.5_0.5_1,inner,1,SA,0.01,2,Double,Yes_Kink,3804,657377
result_SELECT_10_Heisenberg2D_cylinder_0.5_0.5_1,inner,1,SA,0.01,2,Proj.,No_MSF,3333,493392
result_SELECT_10_Heisenberg2D_cylinder_0.5_0.5_1,inner,1,SA,0.01,2,Proj.,No_Top,3333,488912
result_SELECT_10_Heisenberg2D_cylinder_0.5_0.5_1,inner,1,SA,0.01,2,Proj.,No_MP,3334,1554374
result_SELECT_10_Heisenberg2D_cylinder_0.5_0.5_1,inner,1,SA,0.01,2,Proj.,No_Kink,3343,1710906
result_SELECT_10_Heisenberg2D_cylinder_0.5_0.5_1,inner,1,SA,0.01,2,Proj.,Yes_Kink,3349,1677184
result_SELECT_10_Heisenberg2D_cylinder_0.5_0.5_1,inner,2,naive,0.0,2,Single,No_MSF,4079,600816
result_SELECT_10_Heisenberg2D_cylinder_0.5_0.5_1,inner,2,naive,0.0,2,Single,No_Top,4080,596480
result_SELECT_10_Heisenberg2D_cylinder_0.5_0.5_1,inner,2,naive,0.0,2,Single,No_MP,4080,652541
result_SELECT_10_Heisenberg2D_cylinder_0.5_0.5_1,inner,2,naive,0.0,2,Single,No_Kink,4084,699514
result_SELECT_10_Heisenberg2D_cylinder_0.5_0.5_1,inner,2,naive,0.0,2,Single,Yes_Kink,4129,746834
result_SELECT_10_Heisenberg2D_cylinder_0.5_0.5_1,inner,2,naive,0.0,2,Double,No_MSF,3792,559488
result_SELECT_10_Heisenberg2D_cylinder_0.5_0.5_1,inner,2,naive,0.0,2,Double,No_Top,3793,555152
result_SELECT_10_Heisenberg2D_cylinder_0.5_0.5_1,inner,2,naive,0.0,2,Double,No_MP,3792,621897
result_SELECT_10_Heisenberg2D_cylinder_0.5_0.5_1,inner,2,naive,0.0,2,Double,No_Kink,3795,672790
result_SELECT_10_Heisenberg2D_cylinder_0.5_0.5_1,inner,2,naive,0.0,2,Double,Yes_Kink,3817,676388
result_SELECT_10_Heisenberg2D_cylinder_0.5_0.5_1,inner,2,naive,0.0,2,Proj.,No_MSF,3333,493392
result_SELECT_10_Heisenberg2D_cylinder_0.5_0.5_1,inner,2,naive,0.0,2,Proj.,No_Top,3333,488912
result_SELECT_10_Heisenberg2D_cylinder_0.5_0.5_1,inner,2,naive,0.0,2,Proj.,No_MP,3337,1424875
result_SELECT_10_Heisenberg2D_cylinder_0.5_0.5_1,inner,2,naive,0.0,2,Proj.,No_Kink,3370,1558500
result_SELECT_10_Heisenberg2D_cylinder_0.5_0.5_1,inner,2,naive,0.0,2,Proj.,Yes_Kink,3606,1612571
result_SELECT_10_Heisenberg2D_cylinder_0.5_0.5_1,inner,2,SA,0.001,0,Single,No_MSF,4079,591856
result_SELECT_10_Heisenberg2D_cylinder_0.5_0.5_1,inner,2,SA,0.001,0,Single,No_Top,4079,587376
result_SELECT_10_Heisenberg2D_cylinder_0.5_0.5_1,inner,2,SA,0.001,0,Single,No_MP,4079,628117
result_SELECT_10_Heisenberg2D_cylinder_0.5_0.5_1,inner,2,SA,0.001,0,Single,No_Kink,4079,652947
result_SELECT_10_Heisenberg2D_cylinder_0.5_0.5_1,inner,2,SA,0.001,0,Single,Yes_Kink,4079,665465
result_SELECT_10_Heisenberg2D_cylinder_0.5_0.5_1,inner,2,SA,0.001,0,Double,No_MSF,3792,550528
result_SELECT_10_Heisenberg2D_cylinder_0.5_0.5_1,inner,2,SA,0.001,0,Double,No_Top,3792,546048
result_SELECT_10_Heisenberg2D_cylinder_0.5_0.5_1,inner,2,SA,0.001,0,Double,No_MP,3792,595627
result_SELECT_10_Heisenberg2D_cylinder_0.5_0.5_1,inner,2,SA,0.001,0,Double,No_Kink,3792,627478
result_SELECT_10_Heisenberg2D_cylinder_0.5_0.5_1,inner,2,SA,0.001,0,Double,Yes_Kink,3793,624806
result_SELECT_10_Heisenberg2D_cylinder_0.5_0.5_1,inner,2,SA,0.001,0,Proj.,No_MSF,3333,484432
result_SELECT_10_Heisenberg2D_cylinder_0.5_0.5_1,inner,2,SA,0.001,0,Proj.,No_Top,3333,479952
result_SELECT_10_Heisenberg2D_cylinder_0.5_0.5_1,inner,2,SA,0.001,0,Proj.,No_MP,3333,1490693
result_SELECT_10_Heisenberg2D_cylinder_0.5_0.5_1,inner,2,SA,0.001,0,Proj.,No_Kink,3334,1730891
result_SELECT_10_Heisenberg2D_cylinder_0.5_0.5_1,inner,2,SA,0.001,0,Proj.,Yes_Kink,3335,1712000
result_SELECT_10_Heisenberg2D_cylinder_0.5_0.5_2,inner,2,SA,0.001,0,Single,No_MSF,2072,394080
result_SELECT_10_Heisenberg2D_cylinder_0.5_0.5_2,inner,2,SA,0.001,0,Single,No_Top,2072,389536
result_SELECT_10_Heisenberg2D_cylinder_0.5_0.5_2,inner,2,SA,0.001,0,Single,No_MP,2072,429523
result_SELECT_10_Heisenberg2D_cylinder_0.5_0.5_2,inner,2,SA,0.001,0,Single,No_Kink,2072,455032
result_SELECT_10_Heisenberg2D_cylinder_0.5_0.5_2,inner,2,SA,0.001,0,Single,Yes_Kink,2072,465353
result_SELECT_10_Heisenberg2D_cylinder_0.5_0.5_2,inner,2,SA,0.001,0,Double,No_MSF,1921,365692
result_SELECT_10_Heisenberg2D_cylinder_0.5_0.5_2,inner,2,SA,0.001,0,Double,No_Top,1921,361148
result_SELECT_10_Heisenberg2D_cylinder_0.5_0.5_2,inner,2,SA,0.001,0,Double,No_MP,1922,410472
result_SELECT_10_Heisenberg2D_cylinder_0.5_0.5_2,inner,2,SA,0.001,0,Double,No_Kink,1923,441803
result_SELECT_10_Heisenberg2D_cylinder_0.5_0.5_2,inner,2,SA,0.001,0,Double,Yes_Kink,1993,452099
result_SELECT_10_Heisenberg2D_cylinder_0.5_0.5_2,inner,2,SA,0.001,0,Proj.,No_MSF,1668,318128
result_SELECT_10_Heisenberg2D_cylinder_0.5_0.5_2,inner,2,SA,0.001,0,Proj.,No_Top,1668,313584
result_SELECT_10_Heisenberg2D_cylinder_0.5_0.5_2,inner,2,SA,0.001,0,Proj.,No_MP,1669,1023723
result_SELECT_10_Heisenberg2D_cylinder_0.5_0.5_2,inner,2,SA,0.001,0,Proj.,No_Kink,1679,1200887
result_SELECT_10_Heisenberg2D_cylinder_0.5_0.5_2,inner,2,SA,0.001,0,Proj.,Yes_Kink,1688,1205644
result_SELECT_10_Heisenberg2D_cylinder_0.5_0.5_3,outer,1,random,0.0,2,Single,No_MSF,1069,304784
result_SELECT_10_Heisenberg2D_cylinder_0.5_0.5_3,outer,1,random,0.0,2,Single,No_Top,1069,300112
result_SELECT_10_Heisenberg2D_cylinder_0.5_0.5_3,outer,1,random,0.0,2,Single,No_MP,1111,542986
result_SELECT_10_Heisenberg2D_cylinder_0.5_0.5_3,outer,1,random,0.0,2,Single,No_Kink,1155,593864
result_SELECT_10_Heisenberg2D_cylinder_0.5_0.5_3,outer,1,random,0.0,2,Double,No_MSF,987,282480
result_SELECT_10_Heisenberg2D_cylinder_0.5_0.5_3,outer,1,random,0.0,2,Double,No_Top,987,277808
result_SELECT_10_Heisenberg2D_cylinder_0.5_0.5_3,outer,1,random,0.0,2,Double,No_MP,990,488721
result_SELECT_10_Heisenberg2D_cylinder_0.5_0.5_3,outer,1,random,0.0,2,Double,No_Kink,992,532462
result_SELECT_10_Heisenberg2D_cylinder_0.5_0.5_3,outer,1,random,0.0,2,Double,Yes_Kink,1003,533184
result_SELECT_10_Heisenberg2D_cylinder_0.5_0.5_3,outer,1,random,0.0,2,Proj.,No_MSF,837,241680
result_SELECT_10_Heisenberg2D_cylinder_0.5_0.5_3,outer,1,random,0.0,2,Proj.,No_Top,837,237008
result_SELECT_10_Heisenberg2D_cylinder_0.5_0.5_3,outer,1,random,0.0,2,Proj.,No_MP,856,896467
result_SELECT_10_Heisenberg2D_cylinder_0.5_0.5_3,outer,1,random,0.0,2,Proj.,No_Kink,861,945399
result_SELECT_10_Heisenberg2D_cylinder_0.5_0.5_3,outer,1,random,0.0,2,Proj.,Yes_Kink,860,934002
result_trotter_10_Heisenberg2D_cylinder_0.5_0.5_rand,inner,1,SA,0.001,2,Single,No_MSF,744,150900
result_trotter_10_Heisenberg2D_cylinder_0.5_0.5_rand,inner,1,SA,0.001,2,Single,No_Top,1742,225200
result_trotter_10_Heisenberg2D_cylinder_0.5_0.5_rand,inner,1,SA,0.001,2,Single,No_MP,744,162076
result_trotter_10_Heisenberg2D_cylinder_0.5_0.5_rand,inner,1,SA,0.001,2,Single,No_Kink,1970,517388
result_trotter_10_Heisenberg2D_cylinder_0.5_0.5_rand,inner,1,SA,0.001,2,Double,No_MSF,721,148600
result_trotter_10_Heisenberg2D_cylinder_0.5_0.5_rand,inner,1,SA,0.001,2,Double,No_Top,1740,225000
result_trotter_10_Heisenberg2D_cylinder_0.5_0.5_rand,inner,1,SA,0.001,2,Double,No_MP,722,161493
result_trotter_10_Heisenberg2D_cylinder_0.5_0.5_rand,inner,1,SA,0.001,2,Double,No_Kink,1962,601289
result_trotter_10_Heisenberg2D_cylinder_0.5_0.5_rand,inner,1,SA,0.001,2,Double,Yes_Kink,2014,614668
result_trotter_10_Heisenberg2D_cylinder_0.5_0.5_rand,inner,1,SA,0.001,2,Proj.,No_MSF,390,115500
result_trotter_10_Heisenberg2D_cylinder_0.5_0.5_rand,inner,1,SA,0.001,2,Proj.,No_Top,1740,225000
result_trotter_10_Heisenberg2D_cylinder_0.5_0.5_rand,inner,1,SA,0.001,2,Proj.,No_MP,516,263019
result_trotter_10_Heisenberg2D_cylinder_0.5_0.5_rand,inner,1,SA,0.001,2,Proj.,No_Kink,2760,1153523
result_trotter_10_Heisenberg2D_cylinder_0.5_0.5_rand,inner,1,SA,0.001,2,Proj.,Yes_Kink,2802,1149774
result_SELECT_10_Heisenberg2D_cylinder_0.5_0.5_6,inner,2,naive,0.0,8,Single,No_MSF,211,331840
result_SELECT_10_Heisenberg2D_cylinder_0.5_0.5_6,inner,2,naive,0.0,8,Single,No_Top,383,551392
result_SELECT_10_Heisenberg2D_cylinder_0.5_0.5_6,inner,2,naive,0.0,8,Single,No_MP,315,814862
result_SELECT_10_Heisenberg2D_cylinder_0.5_0.5_6,inner,2,naive,0.0,8,Single,No_Kink,444,1112864
result_SELECT_10_Heisenberg2D_cylinder_0.5_0.5_6,inner,2,naive,0.0,8,Single,Yes_Kink,439,1111885
result_SELECT_10_Heisenberg2D_cylinder_0.5_0.5_6,inner,2,naive,0.0,8,Double,No_MSF,177,287232
result_SELECT_10_Heisenberg2D_cylinder_0.5_0.5_6,inner,2,naive,0.0,8,Double,No_Top,374,539584
result_SELECT_10_Heisenberg2D_cylinder_0.5_0.5_6,inner,2,naive,0.0,8,Double,No_MP,272,773457
result_SELECT_10_Heisenberg2D_cylinder_0.5_0.5_6,inner,2,naive,0.0,8,Double,No_Kink,412,1091207
result_SELECT_10_Heisenberg2D_cylinder_0.5_0.5_6,inner,2,naive,0.0,8,Double,Yes_Kink,415,1100855
result_SELECT_10_Heisenberg2D_cylinder_0.5_0.5_6,inner,2,naive,0.0,8,Proj.,No_MSF,108,196704
result_SELECT_10_Heisenberg2D_cylinder_0.5_0.5_6,inner,2,naive,0.0,8,Proj.,No_Top,369,533024
result_SELECT_10_Heisenberg2D_cylinder_0.5_0.5_6,inner,2,naive,0.0,8,Proj.,No_MP,178,927778
result_SELECT_10_Heisenberg2D_cylinder_0.5_0.5_6,inner,2,naive,0.0,8,Proj.,No_Kink,435,2073722
result_SELECT_10_Heisenberg2D_cylinder_0.5_0.5_6,inner,2,naive,0.0,8,Proj.,Yes_Kink,441,2082124
result_SELECT_10_Heisenberg2D_cylinder_0.5_0.5_6,inner,1,naive,0.0,6,Single,No_MSF,211,319616
result_SELECT_10_Heisenberg2D_cylinder_0.5_0.5_6,inner,1,naive,0.0,6,Single,No_Top,307,439456
result_SELECT_10_Heisenberg2D_cylinder_0.5_0.5_6,inner,1,naive,0.0,6,Single,No_MP,748,1632514
result_SELECT_10_Heisenberg2D_cylinder_0.5_0.5_6,inner,1,naive,0.0,6,Single,No_Kink,869,1943820
result_SELECT_10_Heisenberg2D_cylinder_0.5_0.5_6,inner,1,naive,0.0,6,Double,No_MSF,177,275008
result_SELECT_10_Heisenberg2D_cylinder_0.5_0.5_6,inner,1,naive,0.0,6,Double,No_Top,295,423712
result_SELECT_10_Heisenberg2D_cylinder_0.5_0.5_6,inner,1,naive,0.0,6,Double,No_MP,537,1379659
result_SELECT_10_Heisenberg2D_cylinder_0.5_0.5_6,inner,1,naive,0.0,6,Double,No_Kink,644,1684689
result_SELECT_10_Heisenberg2D_cylinder_0.5_0.5_6,inner,1,naive,0.0,6,Double,Yes_Kink,647,1686557
result_SELECT_10_Heisenberg2D_cylinder_0.5_0.5_6,inner,1,naive,0.0,6,Proj.,No_MSF,108,184480
result_SELECT_10_Heisenberg2D_cylinder_0.5_0.5_6,inner,1,naive,0.0,6,Proj.,No_Top,287,413216
result_SELECT_10_Heisenberg2D_cylinder_0.5_0.5_6,inner,1,naive,0.0,6,Proj.,No_MP,283,1360530
result_SELECT_10_Heisenberg2D_cylinder_0.5_0.5_6,inner,1,naive,0.0,6,Proj.,No_Kink,504,2432610
result_SELECT_10_Heisenberg2D_cylinder_0.5_0.5_6,inner,1,naive,0.0,6,Proj.,Yes_Kink,511,2436247
result_SELECT_10_Heisenberg2D_cylinder_0.5_0.5_0,outer,1,random,0.0,2,Single,No_MSF,8099,1001446
result_SELECT_10_Heisenberg2D_cylinder_0.5_0.5_0,outer,1,random,0.0,2,Single,No_Top,8101,997234
result_SELECT_10_Heisenberg2D_cylinder_0.5_0.5_0,outer,1,random,0.0,2,Single,No_MP,8099,1136504
result_SELECT_10_Heisenberg2D_cylinder_0.5_0.5_0,outer,1,random,0.0,2,Single,No_Kink,8101,1146534
result_SELECT_10_Heisenberg2D_cylinder_0.5_0.5_0,outer,1,random,0.0,2,Double,No_MSF,7536,932760
result_SELECT_10_Heisenberg2D_cylinder_0.5_0.5_0,outer,1,random,0.0,2,Double,No_Top,7537,928426
result_SELECT_10_Heisenberg2D_cylinder_0.5_0.5_0,outer,1,random,0.0,2,Double,No_MP,7536,1075890
result_SELECT_10_Heisenberg2D_cylinder_0.5_0.5_0,outer,1,random,0.0,2,Double,No_Kink,7537,1090281
result_SELECT_10_Heisenberg2D_cylinder_0.5_0.5_0,outer,1,random,0.0,2,Double,Yes_Kink,7537,1089618
result_SELECT_10_Heisenberg2D_cylinder_0.5_0.5_0,outer,1,random,0.0,2,Proj.,No_MSF,6660,825888
result_SELECT_10_Heisenberg2D_cylinder_0.5_0.5_0,outer,1,random,0.0,2,Proj.,No_Top,6660,821432
result_SELECT_10_Heisenberg2D_cylinder_0.5_0.5_0,outer,1,random,0.0,2,Proj.,No_MP,6660,3060436
result_SELECT_10_Heisenberg2D_cylinder_0.5_0.5_0,outer,1,random,0.0,2,Proj.,No_Kink,6660,3253652
result_SELECT_10_Heisenberg2D_cylinder_0.5_0.5_0,outer,1,random,0.0,2,Proj.,Yes_Kink,6661,3203278
result_SELECT_10_Heisenberg2D_cylinder_0.5_0.5_4,outer,1,SA,1.0,0,Single,No_MSF,571,251568
result_SELECT_10_Heisenberg2D_cylinder_0.5_0.5_4,outer,1,SA,1.0,0,Single,No_Top,571,246672
result_SELECT_10_Heisenberg2D_cylinder_0.5_0.5_4,outer,1,SA,1.0,0,Single,No_MP,571,306432
result_SELECT_10_Heisenberg2D_cylinder_0.5_0.5_4,outer,1,SA,1.0,0,Single,No_Kink,571,328662
result_SELECT_10_Heisenberg2D_cylinder_0.5_0.5_4,outer,1,SA,1.0,0,Double,No_MSF,522,230400
result_SELECT_10_Heisenberg2D_cylinder_0.5_0.5_4,outer,1,SA,1.0,0,Double,No_Top,522,225504
result_SELECT_10_Heisenberg2D_cylinder_0.5_0.5_4,outer,1,SA,1.0,0,Double,No_MP,523,292614
result_SELECT_10_Heisenberg2D_cylinder_0.5_0.5_4,outer,1,SA,1.0,0,Double,No_Kink,522,322044
result_SELECT_10_Heisenberg2D_cylinder_0.5_0.5_4,outer,1,SA,1.0,0,Double,Yes_Kink,523,321823
result_SELECT_10_Heisenberg2D_cylinder_0.5_0.5_4,outer,1,SA,1.0,0,Proj.,No_MSF,420,186336
result_SELECT_10_Heisenberg2D_cylinder_0.5_0.5_4,outer,1,SA,1.0,0,Proj.,No_Top,420,181440
result_SELECT_10_Heisenberg2D_cylinder_0.5_0.5_4,outer,1,SA,1.0,0,Proj.,No_MP,433,654129
result_SELECT_10_Heisenberg2D_cylinder_0.5_0.5_4,outer,1,SA,1.0,0,Proj.,No_Kink,442,717137
result_SELECT_10_Heisenberg2D_cylinder_0.5_0.5_4,outer,1,SA,1.0,0,Proj.,Yes_Kink,447,717522
result_SELECT_10_Heisenberg2D_cylinder_0.5_0.5_1,inner,1,naive,0.0,0,Single,No_MSF,4079,591856
result_SELECT_10_Heisenberg2D_cylinder_0.5_0.5_1,inner,1,naive,0.0,0,Single,No_Top,4079,587376
result_SELECT_10_Heisenberg2D_cylinder_0.5_0.5_1,inner,1,naive,0.0,0,Single,No_MP,4079,716528
result_SELECT_10_Heisenberg2D_cylinder_0.5_0.5_1,inner,1,naive,0.0,0,Single,No_Kink,4107,802038
result_SELECT_10_Heisenberg2D_cylinder_0.5_0.5_1,inner,1,naive,0.0,0,Double,No_MSF,3792,550528
result_SELECT_10_Heisenberg2D_cylinder_0.5_0.5_1,inner,1,naive,0.0,0,Double,No_Top,3792,546048
result_SELECT_10_Heisenberg2D_cylinder_0.5_0.5_1,inner,1,naive,0.0,0,Double,No_MP,3795,684827
result_SELECT_10_Heisenberg2D_cylinder_0.5_0.5_1,inner,1,naive,0.0,0,Double,No_Kink,3796,764159
result_SELECT_10_Heisenberg2D_cylinder_0.5_0.5_1,inner,1,naive,0.0,0,Double,Yes_Kink,3859,773415
result_SELECT_10_Heisenberg2D_cylinder_0.5_0.5_1,inner,1,naive,0.0,0,Proj.,No_MSF,3333,484432
result_SELECT_10_Heisenberg2D_cylinder_0.5_0.5_1,inner,1,naive,0.0,0,Proj.,No_Top,3333,479952
result_SELECT_10_Heisenberg2D_cylinder_0.5_0.5_1,inner,1,naive,0.0,0,Proj.,No_MP,3347,1483158
result_SELECT_10_Heisenberg2D_cylinder_0.5_0.5_1,inner,1,naive,0.0,0,Proj.,No_Kink,3349,1538874
result_SELECT_10_Heisenberg2D_cylinder_0.5_0.5_1,inner,1,naive,0.0,0,Proj.,Yes_Kink,3474,1570499
result_trotter_10_Heisenberg2D_cylinder_0.5_0.5_det,outer,2,random,0.0,1,Single,No_MSF,756,126600
result_trotter_10_Heisenberg2D_cylinder_0.5_0.5_det,outer,2,random,0.0,1,Single,No_Top,1173,142800
result_trotter_10_Heisenberg2D_cylinder_0.5_0.5_det,outer,2,random,0.0,1,Single,No_MP,762,155292
result_trotter_10_Heisenberg2D_cylinder_0.5_0.5_det,outer,2,random,0.0,1,Single,No_Kink,1248,432456
result_trotter_10_Heisenberg2D_cylinder_0.5_0.5_det,outer,2,random,0.0,1,Single,Yes_Kink,1269,438451
result_trotter_10_Heisenberg2D_cylinder_0.5_0.5_det,outer,2,random,0.0,1,Double,No_MSF,749,125900
result_trotter_10_Heisenberg2D_cylinder_0.5_0.5_det,outer,2,random,0.0,1,Double,No_Top,1160,141500
result_trotter_10_Heisenberg2D_cylinder_0.5_0.5_det,outer,2,random,0.0,1,Double,No_MP,750,155458
result_trotter_10_Heisenberg2D_cylinder_0.5_0.5_det,outer,2,random,0.0,1,Double,No_Kink,1188,469008
result_trotter_10_Heisenberg2D_cylinder_0.5_0.5_det,outer,2,random,0.0,1,Double,Yes_Kink,1210,472334
result_trotter_10_Heisenberg2D_cylinder_0.5_0.5_det,outer,2,random,0.0,1,Proj.,No_MSF,390,90000
result_trotter_10_Heisenberg2D_cylinder_0.5_0.5_det,outer,2,random,0.0,1,Proj.,No_Top,1160,141500
result_trotter_10_Heisenberg2D_cylinder_0.5_0.5_det,outer,2,random,0.0,1,Proj.,No_MP,556,304140
result_trotter_10_Heisenberg2D_cylinder_0.5_0.5_det,outer,2,random,0.0,1,Proj.,No_Kink,1329,809782
result_trotter_10_Heisenberg2D_cylinder_0.5_0.5_det,outer,2,random,0.0,1,Proj.,Yes_Kink,1361,816490
result_SELECT_10_Heisenberg2D_cylinder_0.5_0.5_2,outer,2,SA,0.1,0,Single,No_MSF,2072,394080
result_SELECT_10_Heisenberg2D_cylinder_0.5_0.5_2,outer,2,SA,0.1,0,Single,No_Top,2072,389536
result_SELECT_10_Heisenberg2D_cylinder_0.5_0.5_2,outer,2,SA,0.1,0,Single,No_MP,2072,429102
result_SELECT_10_Heisenberg2D_cylinder_0.5_0.5_2,outer,2,SA,0.1,0,Single,No_Kink,2072,452324
result_SELECT_10_Heisenberg2D_cylinder_0.5_0.5_2,outer,2,SA,0.1,0,Single,Yes_Kink,2072,462774
result_SELECT_10_Heisenberg2D_cylinder_0.5_0.5_2,outer,2,SA,0.1,0,Double,No_MSF,1921,365692
result_SELECT_10_Heisenberg2D_cylinder_0.5_0.5_2,outer,2,SA,0.1,0,Double,No_Top,1921,361148
result_SELECT_10_Heisenberg2D_cylinder_0.5_0.5_2,outer,2,SA,0.1,0,Double,No_MP,1921,409864
result_SELECT_10_Heisenberg2D_cylinder_0.5_0.5_2,outer,2,SA,0.1,0,Double,No_Kink,1921,437500
result_SELECT_10_Heisenberg2D_cylinder_0.5_0.5_2,outer,2,SA,0.1,0,Double,Yes_Kink,1991,446934
result_SELECT_10_Heisenberg2D_cylinder_0.5_0.5_2,outer,2,SA,0.1,0,Proj.,No_MSF,1668,318128
result_SELECT_10_Heisenberg2D_cylinder_0.5_0.5_2,outer,2,SA,0.1,0,Proj.,No_Top,1668,313584
result_SELECT_10_Heisenberg2D_cylinder_0.5_0.5_2,outer,2,SA,0.1,0,Proj.,No_MP,1672,987561
result_SELECT_10_Heisenberg2D_cylinder_0.5_0.5_2,outer,2,SA,0.1,0,Proj.,No_Kink,1682,1203868
result_SELECT_10_Heisenberg2D_cylinder_0.5_0.5_2,outer,2,SA,0.1,0,Proj.,Yes_Kink,1703,1225752
result_SELECT_10_Heisenberg2D_cylinder_0.5_0.5_6,inner,1,SA,0.1,8,Single,No_MSF,211,331840
result_SELECT_10_Heisenberg2D_cylinder_0.5_0.5_6,inner,1,SA,0.1,8,Single,No_Top,383,551392
result_SELECT_10_Heisenberg2D_cylinder_0.5_0.5_6,inner,1,SA,0.1,8,Single,No_MP,214,480578
result_SELECT_10_Heisenberg2D_cylinder_0.5_0.5_6,inner,1,SA,0.1,8,Single,No_Kink,381,907376
result_SELECT_10_Heisenberg2D_cylinder_0.5_0.5_6,inner,1,SA,0.1,8,Double,No_MSF,177,287232
result_SELECT_10_Heisenberg2D_cylinder_0.5_0.5_6,inner,1,SA,0.1,8,Double,No_Top,374,539584
result_SELECT_10_Heisenberg2D_cylinder_0.5_0.5_6,inner,1,SA,0.1,8,Double,No_MP,181,435231
result_SELECT_10_Heisenberg2D_cylinder_0.5_0.5_6,inner,1,SA,0.1,8,Double,No_Kink,370,907612
result_SELECT_10_Heisenberg2D_cylinder_0.5_0.5_6,inner,1,SA,0.1,8,Double,Yes_Kink,373,914350
result_SELECT_10_Heisenberg2D_cylinder_0.5_0.5_6,inner,1,SA,0.1,8,Proj.,No_MSF,108,196704
result_SELECT_10_Heisenberg2D_cylinder_0.5_0.5_6,inner,1,SA,0.1,8,Proj.,No_Top,369,533024
result_SELECT_10_Heisenberg2D_cylinder_0.5_0.5_6,inner,1,SA,0.1,8,Proj.,No_MP,130,626702
result_SELECT_10_Heisenberg2D_cylinder_0.5_0.5_6,inner,1,SA,0.1,8,Proj.,No_Kink,1260,4063752
result_SELECT_10_Heisenberg2D_cylinder_0.5_0.5_6,inner,1,SA,0.1,8,Proj.,Yes_Kink,1278,4037968
result_SELECT_10_Heisenberg2D_cylinder_0.5_0.5_2,inner,2,naive,0.0,0,Single,No_MSF,2072,394080
result_SELECT_10_Heisenberg2D_cylinder_0.5_0.5_2,inner,2,naive,0.0,0,Single,No_Top,2072,389536
result_SELECT_10_Heisenberg2D_cylinder_0.5_0.5_2,inner,2,naive,0.0,0,Single,No_MP,2074,469578
result_SELECT_10_Heisenberg2D_cylinder_0.5_0.5_2,inner,2,naive,0.0,0,Single,No_Kink,2075,518940
result_SELECT_10_Heisenberg2D_cylinder_0.5_0.5_2,inner,2,naive,0.0,0,Single,Yes_Kink,2090,537420
result_SELECT_10_Heisenberg2D_cylinder_0.5_0.5_2,inner,2,naive,0.0,0,Double,No_MSF,1921,365692
result_SELECT_10_Heisenberg2D_cylinder_0.5_0.5_2,inner,2,naive,0.0,0,Double,No_Top,1921,361148
result_SELECT_10_Heisenberg2D_cylinder_0.5_0.5_2,inner,2,naive,0.0,0,Double,No_MP,1923,447993
result_SELECT_10_Heisenberg2D_cylinder_0.5_0.5_2,inner,2,naive,0.0,0,Double,No_Kink,1924,500273
result_SELECT_10_Heisenberg2D_cylinder_0.5_0.5_2,inner,2,naive,0.0,0,Double,Yes_Kink,1938,502411
result_SELECT_10_Heisenberg2D_cylinder_0.5_0.5_2,inner,2,naive,0.0,0,Proj.,No_MSF,1668,318128
result_SELECT_10_Heisenberg2D_cylinder_0.5_0.5_2,inner,2,naive,0.0,0,Proj.,No_Top,1668,313584
result_SELECT_10_Heisenberg2D_cylinder_0.5_0.5_2,inner,2,naive,0.0,0,Proj.,No_MP,1685,1050870
result_SELECT_10_Heisenberg2D_cylinder_0.5_0.5_2,inner,2,naive,0.0,0,Proj.,No_Kink,1689,1327936
result_SELECT_10_Heisenberg2D_cylinder_0.5_0.5_2,inner,2,naive,0.0,0,Proj.,Yes_Kink,1695,1317085
result_SELECT_10_Heisenberg2D_cylinder_0.5_0.5_1,outer,2,SA,0.001,2,Single,No_MSF,4079,600816
result_SELECT_10_Heisenberg2D_cylinder_0.5_0.5_1,outer,2,SA,0.001,2,Single,No_Top,4080,596480
result_SELECT_10_Heisenberg2D_cylinder_0.5_0.5_1,outer,2,SA,0.001,2,Single,No_MP,4079,637639
result_SELECT_10_Heisenberg2D_cylinder_0.5_0.5_1,outer,2,SA,0.001,2,Single,No_Kink,4080,675114
result_SELECT_10_Heisenberg2D_cylinder_0.5_0.5_1,outer,2,SA,0.001,2,Single,Yes_Kink,4080,683653
result_SELECT_10_Heisenberg2D_cylinder_0.5_0.5_1,outer,2,SA,0.001,2,Double,No_MSF,3792,559488
result_SELECT_10_Heisenberg2D_cylinder_0.5_0.5_1,outer,2,SA,0.001,2,Double,No_Top,3793,555152
result_SELECT_10_Heisenberg2D_cylinder_0.5_0.5_1,outer,2,SA,0.001,2,Double,No_MP,3792,604863
result_SELECT_10_Heisenberg2D_cylinder_0.5_0.5_1,outer,2,SA,0.001,2,Double,No_Kink,3793,648037
result_SELECT_10_Heisenberg2D_cylinder_0.5_0.5_1,outer,2,SA,0.001,2,Double,Yes_Kink,3931,663632
result_SELECT_10_Heisenberg2D_cylinder_0.5_0.5_1,outer,2,SA,0.001,2,Proj.,No_MSF,3333,493392
result_SELECT_10_Heisenberg2D_cylinder_0.5_0.5_1,outer,2,SA,0.001,2,Proj.,No_Top,3333,488912
result_SELECT_10_Heisenberg2D_cylinder_0.5_0.5_1,outer,2,SA,0.001,2,Proj.,No_MP,3334,1447964
result_SELECT_10_Heisenberg2D_cylinder_0.5_0.5_1,outer,2,SA,0.001,2,Proj.,No_Kink,3340,1921451
result_SELECT_10_Heisenberg2D_cylinder_0.5_0.5_1,outer,2,SA,0.001,2,Proj.,Yes_Kink,3343,1897754
result_trotter_10_Heisenberg2D_cylinder_0.5_0.5_rand,inner,1,naive,0.0,2,Single,No_MSF,744,150900
result_trotter_10_Heisenberg2D_cylinder_0.5_0.5_rand,inner,1,naive,0.0,2,Single,No_Top,1742,225200
result_trotter_10_Heisenberg2D_cylinder_0.5_0.5_rand,inner,1,naive,0.0,2,Single,No_MP,772,185486
result_trotter_10_Heisenberg2D_cylinder_0.5_0.5_rand,inner,1,naive,0.0,2,Single,No_Kink,2529,688680
result_trotter_10_Heisenberg2D_cylinder_0.5_0.5_rand,inner,1,naive,0.0,2,Double,No_MSF,721,148600
result_trotter_10_Heisenberg2D_cylinder_0.5_0.5_rand,inner,1,naive,0.0,2,Double,No_Top,1740,225000
result_trotter_10_Heisenberg2D_cylinder_0.5_0.5_rand,inner,1,naive,0.0,2,Double,No_MP,734,184110
result_trotter_10_Heisenberg2D_cylinder_0.5_0.5_rand,inner,1,naive,0.0,2,Double,No_Kink,2452,766676
result_trotter_10_Heisenberg2D_cylinder_0.5_0.5_rand,inner,1,naive,0.0,2,Double,Yes_Kink,2489,773152
result_trotter_10_Heisenberg2D_cylinder_0.5_0.5_rand,inner,1,naive,0.0,2,Proj.,No_MSF,390,115500
result_trotter_10_Heisenberg2D_cylinder_0.5_0.5_rand,inner,1,naive,0.0,2,Proj.,No_Top,1740,225000
result_trotter_10_Heisenberg2D_cylinder_0.5_0.5_rand,inner,1,naive,0.0,2,Proj.,No_MP,569,283127
result_trotter_10_Heisenberg2D_cylinder_0.5_0.5_rand,inner,1,naive,0.0,2,Proj.,No_Kink,2456,1066817
result_trotter_10_Heisenberg2D_cylinder_0.5_0.5_rand,inner,1,naive,0.0,2,Proj.,Yes_Kink,2499,1050808
result_SELECT_10_Heisenberg2D_cylinder_0.5_0.5_6,inner,2,SA,0.01,8,Single,No_MSF,211,331840
result_SELECT_10_Heisenberg2D_cylinder_0.5_0.5_6,inner,2,SA,0.01,8,Single,No_Top,383,551392
result_SELECT_10_Heisenberg2D_cylinder_0.5_0.5_6,inner,2,SA,0.01,8,Single,No_MP,211,431898
result_SELECT_10_Heisenberg2D_cylinder_0.5_0.5_6,inner,2,SA,0.01,8,Single,No_Kink,384,803114
result_SELECT_10_Heisenberg2D_cylinder_0.5_0.5_6,inner,2,SA,0.01,8,Single,Yes_Kink,384,814852
result_SELECT_10_Heisenberg2D_cylinder_0.5_0.5_6,inner,2,SA,0.01,8,Double,No_MSF,177,287232
result_SELECT_10_Heisenberg2D_cylinder_0.5_0.5_6,inner,2,SA,0.01,8,Double,No_Top,374,539584
result_SELECT_10_Heisenberg2D_cylinder_0.5_0.5_6,inner,2,SA,0.01,8,Double,No_MP,178,398874
result_SELECT_10_Heisenberg2D_cylinder_0.5_0.5_6,inner,2,SA,0.01,8,Double,No_Kink,374,804419
result_SELECT_10_Heisenberg2D_cylinder_0.5_0.5_6,inner,2,SA,0.01,8,Double,Yes_Kink,375,811755
result_SELECT_10_Heisenberg2D_cylinder_0.5_0.5_6,inner,2,SA,0.01,8,Proj.,No_MSF,108,196704
result_SELECT_10_Heisenberg2D_cylinder_0.5_0.5_6,inner,2,SA,0.01,8,Proj.,No_Top,369,533024
result_SELECT_10_Heisenberg2D_cylinder_0.5_0.5_6,inner,2,SA,0.01,8,Proj.,No_MP,131,628385
result_SELECT_10_Heisenberg2D_cylinder_0.5_0.5_6,inner,2,SA,0.01,8,Proj.,No_Kink,1125,3871584
result_SELECT_10_Heisenberg2D_cylinder_0.5_0.5_6,inner,2,SA,0.01,8,Proj.,Yes_Kink,1134,3819063
result_SELECT_10_Heisenberg2D_cylinder_0.5_0.5_1,outer,1,SA,1.0,0,Single,No_MSF,4079,591856
result_SELECT_10_Heisenberg2D_cylinder_0.5_0.5_1,outer,1,SA,1.0,0,Single,No_Top,4079,587376
result_SELECT_10_Heisenberg2D_cylinder_0.5_0.5_1,outer,1,SA,1.0,0,Single,No_MP,4079,639290
result_SELECT_10_Heisenberg2D_cylinder_0.5_0.5_1,outer,1,SA,1.0,0,Single,No_Kink,4079,654354
result_SELECT_10_Heisenberg2D_cylinder_0.5_0.5_1,outer,1,SA,1.0,0,Double,No_MSF,3792,550528
result_SELECT_10_Heisenberg2D_cylinder_0.5_0.5_1,outer,1,SA,1.0,0,Double,No_Top,3792,546048
result_SELECT_10_Heisenberg2D_cylinder_0.5_0.5_1,outer,1,SA,1.0,0,Double,No_MP,3792,606443
result_SELECT_10_Heisenberg2D_cylinder_0.5_0.5_1,outer,1,SA,1.0,0,Double,No_Kink,3792,626637
result_SELECT_10_Heisenberg2D_cylinder_0.5_0.5_1,outer,1,SA,1.0,0,Double,Yes_Kink,3793,625913
result_SELECT_10_Heisenberg2D_cylinder_0.5_0.5_1,outer,1,SA,1.0,0,Proj.,No_MSF,3333,484432
result_SELECT_10_Heisenberg2D_cylinder_0.5_0.5_1,outer,1,SA,1.0,0,Proj.,No_Top,3333,479952
result_SELECT_10_Heisenberg2D_cylinder_0.5_0.5_1,outer,1,SA,1.0,0,Proj.,No_MP,3334,1509038
result_SELECT_10_Heisenberg2D_cylinder_0.5_0.5_1,outer,1,SA,1.0,0,Proj.,No_Kink,3334,1693278
result_SELECT_10_Heisenberg2D_cylinder_0.5_0.5_1,outer,1,SA,1.0,0,Proj.,Yes_Kink,3336,1688206
result_trotter_10_Heisenberg2D_cylinder_0.5_0.5_det,outer,1,SA,0.1,2,Single,No_MSF,756,152100
result_trotter_10_Heisenberg2D_cylinder_0.5_0.5_det,outer,1,SA,0.1,2,Single,No_Top,1742,225200
result_trotter_10_Heisenberg2D_cylinder_0.5_0.5_det,outer,1,SA,0.1,2,Single,No_MP,759,164646
result_trotter_10_Heisenberg2D_cylinder_0.5_0.5_det,outer,1,SA,0.1,2,Single,No_Kink,1771,477944
result_trotter_10_Heisenberg2D_cylinder_0.5_0.5_det,outer,1,SA,0.1,2,Double,No_MSF,749,151400
result_trotter_10_Heisenberg2D_cylinder_0.5_0.5_det,outer,1,SA,0.1,2,Double,No_Top,1740,225000
result_trotter_10_Heisenberg2D_cylinder_0.5_0.5_det,outer,1,SA,0.1,2,Double,No_MP,750,165595
result_trotter_10_Heisenberg2D_cylinder_0.5_0.5_det,outer,1,SA,0.1,2,Double,No_Kink,1749,538734
result_trotter_10_Heisenberg2D_cylinder_0.5_0.5_det,outer,1,SA,0.1,2,Double,Yes_Kink,1768,559967
result_trotter_10_Heisenberg2D_cylinder_0.5_0.5_det,outer,1,SA,0.1,2,Proj.,No_MSF,390,115500
result_trotter_10_Heisenberg2D_cylinder_0.5_0.5_det,outer,1,SA,0.1,2,Proj.,No_Top,1740,225000
result_trotter_10_Heisenberg2D_cylinder_0.5_0.5_det,outer,1,SA,0.1,2,Proj.,No_MP,573,271820
result_trotter_10_Heisenberg2D_cylinder_0.5_0.5_det,outer,1,SA,0.1,2,Proj.,No_Kink,1955,796357
result_trotter_10_Heisenberg2D_cylinder_0.5_0.5_det,outer,1,SA,0.1,2,Proj.,Yes_Kink,1940,789386
result_SELECT_10_Heisenberg2D_cylinder_0.5_0.5_1,inner,2,SA,0.01,2,Single,No_MSF,4079,600816
result_SELECT_10_Heisenberg2D_cylinder_0.5_0.5_1,inner,2,SA,0.01,2,Single,No_Top,4080,596480
result_SELECT_10_Heisenberg2D_cylinder_0.5_0.5_1,inner,2,SA,0.01,2,Single,No_MP,4079,637136
result_SELECT_10_Heisenberg2D_cylinder_0.5_0.5_1,inner,2,SA,0.01,2,Single,No_Kink,4080,668782
result_SELECT_10_Heisenberg2D_cylinder_0.5_0.5_1,inner,2,SA,0.01,2,Single,Yes_Kink,4080,680974
result_SELECT_10_Heisenberg2D_cylinder_0.5_0.5_1,inner,2,SA,0.01,2,Double,No_MSF,3792,559488
result_SELECT_10_Heisenberg2D_cylinder_0.5_0.5_1,inner,2,SA,0.01,2,Double,No_Top,3793,555152
result_SELECT_10_Heisenberg2D_cylinder_0.5_0.5_1,inner,2,SA,0.01,2,Double,No_MP,3793,603616
result_SELECT_10_Heisenberg2D_cylinder_0.5_0.5_1,inner,2,SA,0.01,2,Double,No_Kink,3795,639936
result_SELECT_10_Heisenberg2D_cylinder_0.5_0.5_1,inner,2,SA,0.01,2,Double,Yes_Kink,3795,638110
result_SELECT_10_Heisenberg2D_cylinder_0.5_0.5_1,inner,2,SA,0.01,2,Proj.,No_MSF,3333,493392
result_SELECT_10_Heisenberg2D_cylinder_0.5_0.5_1,inner,2,SA,0.01,2,Proj.,No_Top,3333,488912
result_SELECT_10_Heisenberg2D_cylinder_0.5_0.5_1,inner,2,SA,0.01,2,Proj.,No_MP,3333,1502255
result_SELECT_10_Heisenberg2D_cylinder_0.5_0.5_1,inner,2,SA,0.01,2,Proj.,No_Kink,3338,1747981
result_SELECT_10_Heisenberg2D_cylinder_0.5_0.5_1,inner,2,SA,0.01,2,Proj.,Yes_Kink,3366,1743299
result_SELECT_10_Heisenberg2D_cylinder_0.5_0.5_0,inner,2,naive,0.0,0,Single,No_MSF,8099,992534
result_SELECT_10_Heisenberg2D_cylinder_0.5_0.5_0,inner,2,naive,0.0,0,Single,No_Top,8099,988078
result_SELECT_10_Heisenberg2D_cylinder_0.5_0.5_0,inner,2,naive,0.0,0,Single,No_MP,8099,1076928
result_SELECT_10_Heisenberg2D_cylinder_0.5_0.5_0,inner,2,naive,0.0,0,Single,No_Kink,8099,1126183
result_SELECT_10_Heisenberg2D_cylinder_0.5_0.5_0,inner,2,naive,0.0,0,Single,Yes_Kink,8099,1137699
result_SELECT_10_Heisenberg2D_cylinder_0.5_0.5_0,inner,2,naive,0.0,0,Double,No_MSF,7536,923848
result_SELECT_10_Heisenberg2D_cylinder_0.5_0.5_0,inner,2,naive,0.0,0,Double,No_Top,7536,919392
result_SELECT_10_Heisenberg2D_cylinder_0.5_0.5_0,inner,2,naive,0.0,0,Double,No_MP,7536,1016573
result_SELECT_10_Heisenberg2D_cylinder_0.5_0.5_0,inner,2,naive,0.0,0,Double,No_Kink,7536,1070909
result_SELECT_10_Heisenberg2D_cylinder_0.5_0.5_0,inner,2,naive,0.0,0,Double,Yes_Kink,7553,1068681
result_SELECT_10_Heisenberg2D_cylinder_0.5_0.5_0,inner,2,naive,0.0,0,Proj.,No_MSF,6660,816976
result_SELECT_10_Heisenberg2D_cylinder_0.5_0.5_0,inner,2,naive,0.0,0,Proj.,No_Top,6660,812520
result_SELECT_10_Heisenberg2D_cylinder_0.5_0.5_0,inner,2,naive,0.0,0,Proj.,No_MP,6660,2354488
result_SELECT_10_Heisenberg2D_cylinder_0.5_0.5_0,inner,2,naive,0.0,0,Proj.,No_Kink,6664,2445993
result_SELECT_10_Heisenberg2D_cylinder_0.5_0.5_0,inner,2,naive,0.0,0,Proj.,Yes_Kink,6670,2479467
result_trotter_10_Heisenberg2D_cylinder_0.5_0.5_det,outer,2,naive,0.0,0,Single,No_MSF,756,101100
result_trotter_10_Heisenberg2D_cylinder_0.5_0.5_det,outer,2,naive,0.0,0,Single,No_Top,756,75600
result_trotter_10_Heisenberg2D_cylinder_0.5_0.5_det,outer,2,naive,0.0,0,Single,No_MP,758,119250
result_trotter_10_Heisenberg2D_cylinder_0.5_0.5_det,outer,2,naive,0.0,0,Single,No_Kink,789,249072
result_trotter_10_Heisenberg2D_cylinder_0.5_0.5_det,outer,2,naive,0.0,0,Single,Yes_Kink,807,252636
result_trotter_10_Heisenberg2D_cylinder_0.5_0.5_det,outer,2,naive,0.0,0,Double,No_MSF,749,100400
result_trotter_10_Heisenberg2D_cylinder_0.5_0.5_det,outer,2,naive,0.0,0,Double,No_Top,749,74900
result_trotter_10_Heisenberg2D_cylinder_0.5_0.5_det,outer,2,naive,0.0,0,Double,No_MP,749,119834
result_trotter_10_Heisenberg2D_cylinder_0.5_0.5_det,outer,2,naive,0.0,0,Double,No_Kink,937,343993
result_trotter_10_Heisenberg2D_cylinder_0.5_0.5_det,outer,2,naive,0.0,0,Double,Yes_Kink,1028,356067
result_trotter_10_Heisenberg2D_cylinder_0.5_0.5_det,outer,2,naive,0.0,0,Proj.,No_MSF,390,64500
result_trotter_10_Heisenberg2D_cylinder_0.5_0.5_det,outer,2,naive,0.0,0,Proj.,No_Top,580,58000
result_trotter_10_Heisenberg2D_cylinder_0.5_0.5_det,outer,2,naive,0.0,0,Proj.,No_MP,553,259213
result_trotter_10_Heisenberg2D_cylinder_0.5_0.5_det,outer,2,naive,0.0,0,Proj.,No_Kink,955,535715
result_trotter_10_Heisenberg2D_cylinder_0.5_0.5_det,outer,2,naive,0.0,0,Proj.,Yes_Kink,1053,594588
result_SELECT_10_Heisenberg2D_cylinder_0.5_0.5_4,inner,2,SA,0.1,0,Single,No_MSF,571,251568
result_SELECT_10_Heisenberg2D_cylinder_0.5_0.5_4,inner,2,SA,0.1,0,Single,No_Top,571,246672
result_SELECT_10_Heisenberg2D_cylinder_0.5_0.5_4,inner,2,SA,0.1,0,Single,No_MP,571,293812
result_SELECT_10_Heisenberg2D_cylinder_0.5_0.5_4,inner,2,SA,0.1,0,Single,No_Kink,571,302378
result_SELECT_10_Heisenberg2D_cylinder_0.5_0.5_4,inner,2,SA,0.1,0,Single,Yes_Kink,571,313933
result_SELECT_10_Heisenberg2D_cylinder_0.5_0.5_4,inner,2,SA,0.1,0,Double,No_MSF,522,230400
result_SELECT_10_Heisenberg2D_cylinder_0.5_0.5_4,inner,2,SA,0.1,0,Double,No_Top,522,225504
result_SELECT_10_Heisenberg2D_cylinder_0.5_0.5_4,inner,2,SA,0.1,0,Double,No_MP,522,281946
result_SELECT_10_Heisenberg2D_cylinder_0.5_0.5_4,inner,2,SA,0.1,0,Double,No_Kink,522,297614
result_SELECT_10_Heisenberg2D_cylinder_0.5_0.5_4,inner,2,SA,0.1,0,Double,Yes_Kink,541,303387
result_SELECT_10_Heisenberg2D_cylinder_0.5_0.5_4,inner,2,SA,0.1,0,Proj.,No_MSF,420,186336
result_SELECT_10_Heisenberg2D_cylinder_0.5_0.5_4,inner,2,SA,0.1,0,Proj.,No_Top,420,181440
result_SELECT_10_Heisenberg2D_cylinder_0.5_0.5_4,inner,2,SA,0.1,0,Proj.,No_MP,429,692934
result_SELECT_10_Heisenberg2D_cylinder_0.5_0.5_4,inner,2,SA,0.1,0,Proj.,No_Kink,436,749782
result_SELECT_10_Heisenberg2D_cylinder_0.5_0.5_4,inner,2,SA,0.1,0,Proj.,Yes_Kink,443,752848
result_trotter_10_Heisenberg2D_cylinder_0.5_0.5_rand,outer,1,random,0.0,1,Single,No_MSF,744,125400
result_trotter_10_Heisenberg2D_cylinder_0.5_0.5_rand,outer,1,random,0.0,1,Single,No_Top,1164,141900
result_trotter_10_Heisenberg2D_cylinder_0.5_0.5_rand,outer,1,random,0.0,1,Single,No_MP,764,163494
result_trotter_10_Heisenberg2D_cylinder_0.5_0.5_rand,outer,1,random,0.0,1,Single,No_Kink,1350,392226
result_trotter_10_Heisenberg2D_cylinder_0.5_0.5_rand,outer,1,random,0.0,1,Double,No_MSF,721,123100
result_trotter_10_Heisenberg2D_cylinder_0.5_0.5_rand,outer,1,random,0.0,1,Double,No_Top,1160,141500
result_trotter_10_Heisenberg2D_cylinder_0.5_0.5_rand,outer,1,random,0.0,1,Double,No_MP,731,161601
result_trotter_10_Heisenberg2D_cylinder_0.5_0.5_rand,outer,1,random,0.0,1,Double,No_Kink,1338,470380
result_trotter_10_Heisenberg2D_cylinder_0.5_0.5_rand,outer,1,random,0.0,1,Double,Yes_Kink,1402,475948
result_trotter_10_Heisenberg2D_cylinder_0.5_0.5_rand,outer,1,random,0.0,1,Proj.,No_MSF,390,90000
result_trotter_10_Heisenberg2D_cylinder_0.5_0.5_rand,outer,1,random,0.0,1,Proj.,No_Top,1160,141500
result_trotter_10_Heisenberg2D_cylinder_0.5_0.5_rand,outer,1,random,0.0,1,Proj.,No_MP,570,253101
result_trotter_10_Heisenberg2D_cylinder_0.5_0.5_rand,outer,1,random,0.0,1,Proj.,No_Kink,1293,532981
result_trotter_10_Heisenberg2D_cylinder_0.5_0.5_rand,outer,1,random,0.0,1,Proj.,Yes_Kink,1339,542496
result_SELECT_10_Heisenberg2D_cylinder_0.5_0.5_6,outer,1,SA,0.001,10,Single,No_MSF,211,344064
result_SELECT_10_Heisenberg2D_cylinder_0.5_0.5_6,outer,1,SA,0.001,10,Single,No_Top,463,668576
result_SELECT_10_Heisenberg2D_cylinder_0.5_0.5_6,outer,1,SA,0.001,10,Single,No_MP,221,506580
result_SELECT_10_Heisenberg2D_cylinder_0.5_0.5_6,outer,1,SA,0.001,10,Single,No_Kink,470,1090862
result_SELECT_10_Heisenberg2D_cylinder_0.5_0.5_6,outer,1,SA,0.001,10,Double,No_MSF,177,299456
result_SELECT_10_Heisenberg2D_cylinder_0.5_0.5_6,outer,1,SA,0.001,10,Double,No_Top,454,656768
result_SELECT_10_Heisenberg2D_cylinder_0.5_0.5_6,outer,1,SA,0.001,10,Double,No_MP,184,466499
result_SELECT_10_Heisenberg2D_cylinder_0.5_0.5_6,outer,1,SA,0.001,10,Double,No_Kink,451,1105388
result_SELECT_10_Heisenberg2D_cylinder_0.5_0.5_6,outer,1,SA,0.001,10,Double,Yes_Kink,452,1126589
result_SELECT_10_Heisenberg2D_cylinder_0.5_0.5_6,outer,1,SA,0.001,10,Proj.,No_MSF,108,208928
result_SELECT_10_Heisenberg2D_cylinder_0.5_0.5_6,outer,1,SA,0.001,10,Proj.,No_Top,451,652832
result_SELECT_10_Heisenberg2D_cylinder_0.5_0.5_6,outer,1,SA,0.001,10,Proj.,No_MP,137,617088
result_SELECT_10_Heisenberg2D_cylinder_0.5_0.5_6,outer,1,SA,0.001,10,Proj.,No_Kink,473,2101887
result_SELECT_10_Heisenberg2D_cylinder_0.5_0.5_6,outer,1,SA,0.001,10,Proj.,Yes_Kink,462,2081014
result_SELECT_10_Heisenberg2D_cylinder_0.5_0.5_3,outer,2,SA,0.1,0,Single,No_MSF,1069,295440
result_SELECT_10_Heisenberg2D_cylinder_0.5_0.5_3,outer,2,SA,0.1,0,Single,No_Top,1069,290768
result_SELECT_10_Heisenberg2D_cylinder_0.5_0.5_3,outer,2,SA,0.1,0,Single,No_MP,1069,331156
result_SELECT_10_Heisenberg2D_cylinder_0.5_0.5_3,outer,2,SA,0.1,0,Single,No_Kink,1069,358613
result_SELECT_10_Heisenberg2D_cylinder_0.5_0.5_3,outer,2,SA,0.1,0,Single,Yes_Kink,1069,374569
result_SELECT_10_Heisenberg2D_cylinder_0.5_0.5_3,outer,2,SA,0.1,0,Double,No_MSF,987,273136
result_SELECT_10_Heisenberg2D_cylinder_0.5_0.5_3,outer,2,SA,0.1,0,Double,No_Top,987,268464
result_SELECT_10_Heisenberg2D_cylinder_0.5_0.5_3,outer,2,SA,0.1,0,Double,No_MP,987,317902
result_SELECT_10_Heisenberg2D_cylinder_0.5_0.5_3,outer,2,SA,0.1,0,Double,No_Kink,987,351317
result_SELECT_10_Heisenberg2D_cylinder_0.5_0.5_3,outer,2,SA,0.1,0,Double,Yes_Kink,1023,357983
result_SELECT_10_Heisenberg2D_cylinder_0.5_0.5_3,outer,2,SA,0.1,0,Proj.,No_MSF,837,232336
result_SELECT_10_Heisenberg2D_cylinder_0.5_0.5_3,outer,2,SA,0.1,0,Proj.,No_Top,837,227664
result_SELECT_10_Heisenberg2D_cylinder_0.5_0.5_3,outer,2,SA,0.1,0,Proj.,No_MP,842,762945
result_SELECT_10_Heisenberg2D_cylinder_0.5_0.5_3,outer,2,SA,0.1,0,Proj.,No_Kink,847,971243
result_SELECT_10_Heisenberg2D_cylinder_0.5_0.5_3,outer,2,SA,0.1,0,Proj.,Yes_Kink,850,967230
result_SELECT_10_Heisenberg2D_cylinder_0.5_0.5_1,inner,1,random,0.0,2,Single,No_MSF,4079,600816
result_SELECT_10_Heisenberg2D_cylinder_0.5_0.5_1,inner,1,random,0.0,2,Single,No_Top,4080,596480
result_SELECT_10_Heisenberg2D_cylinder_0.5_0.5_1,inner,1,random,0.0,2,Single,No_MP,4079,722602
result_SELECT_10_Heisenberg2D_cylinder_0.5_0.5_1,inner,1,random,0.0,2,Single,No_Kink,4080,733508
result_SELECT_10_Heisenberg2D_cylinder_0.5_0.5_1,inner,1,random,0.0,2,Double,No_MSF,3792,559488
result_SELECT_10_Heisenberg2D_cylinder_0.5_0.5_1,inner,1,random,0.0,2,Double,No_Top,3793,555152
result_SELECT_10_Heisenberg2D_cylinder_0.5_0.5_1,inner,1,random,0.0,2,Double,No_MP,3793,685619
result_SELECT_10_Heisenberg2D_cylinder_0.5_0.5_1,inner,1,random,0.0,2,Double,No_Kink,3794,700151
result_SELECT_10_Heisenberg2D_cylinder_0.5_0.5_1,inner,1,random,0.0,2,Double,Yes_Kink,3795,701519
result_SELECT_10_Heisenberg2D_cylinder_0.5_0.5_1,inner,1,random,0.0,2,Proj.,No_MSF,3333,493392
result_SELECT_10_Heisenberg2D_cylinder_0.5_0.5_1,inner,1,random,0.0,2,Proj.,No_Top,3333,488912
result_SELECT_10_Heisenberg2D_cylinder_0.5_0.5_1,inner,1,random,0.0,2,Proj.,No_MP,3337,1790500
result_SELECT_10_Heisenberg2D_cylinder_0.5_0.5_1,inner,1,random,0.0,2,Proj.,No_Kink,3340,1810717
result_SELECT_10_Heisenberg2D_cylinder_0.5_0.5_1,inner,1,random,0.0,2,Proj.,Yes_Kink,3344,1772473
result_SELECT_10_Heisenberg2D_cylinder_0.5_0.5_6,inner,1,SA,0.001,6,Single,No_MSF,211,319616
result_SELECT_10_Heisenberg2D_cylinder_0.5_0.5_6,inner,1,SA,0.001,6,Single,No_Top,307,439456
result_SELECT_10_Heisenberg2D_cylinder_0.5_0.5_6,inner,1,SA,0.001,6,Single,No_MP,216,478612
result_SELECT_10_Heisenberg2D_cylinder_0.5_0.5_6,inner,1,SA,0.001,6,Single,No_Kink,318,814558
result_SELECT_10_Heisenberg2D_cylinder_0.5_0.5_6,inner,1,SA,0.001,6,Double,No_MSF,177,275008
result_SELECT_10_Heisenberg2D_cylinder_0.5_0.5_6,inner,1,SA,0.001,6,Double,No_Top,295,423712
result_SELECT_10_Heisenberg2D_cylinder_0.5_0.5_6,inner,1,SA,0.001,6,Double,No_MP,181,436740
result_SELECT_10_Heisenberg2D_cylinder_0.5_0.5_6,inner,1,SA,0.001,6,Double,No_Kink,294,829296
result_SELECT_10_Heisenberg2D_cylinder_0.5_0.5_6,inner,1,SA,0.001,6,Double,Yes_Kink,297,840169
result_SELECT_10_Heisenberg2D_cylinder_0.5_0.5_6,inner,1,SA,0.001,6,Proj.,No_MSF,108,184480
result_SELECT_10_Heisenberg2D_cylinder_0.5_0.5_6,inner,1,SA,0.001,6,Proj.,No_Top,287,413216
result_SELECT_10_Heisenberg2D_cylinder_0.5_0.5_6,inner,1,SA,0.001,6,Proj.,No_MP,134,622752
result_SELECT_10_Heisenberg2D_cylinder_0.5_0.5_6,inner,1,SA,0.001,6,Proj.,No_Kink,455,1783439
result_SELECT_10_Heisenberg2D_cylinder_0.5_0.5_6,inner,1,SA,0.001,6,Proj.,Yes_Kink,462,1769240
result_trotter_10_Heisenberg2D_cylinder_0.5_0.5_det,outer,1,SA,0.001,1,Single,No_MSF,756,126600
result_trotter_10_Heisenberg2D_cylinder_0.5_0.5_det,outer,1,SA,0.001,1,Single,No_Top,1173,142800
result_trotter_10_Heisenberg2D_cylinder_0.5_0.5_det,outer,1,SA,0.001,1,Single,No_MP,759,138660
result_trotter_10_Heisenberg2D_cylinder_0.5_0.5_det,outer,1,SA,0.001,1,Single,No_Kink,1270,372584
result_trotter_10_Heisenberg2D_cylinder_0.5_0.5_det,outer,1,SA,0.001,1,Double,No_MSF,749,125900
result_trotter_10_Heisenberg2D_cylinder_0.5_0.5_det,outer,1,SA,0.001,1,Double,No_Top,1160,141500
result_trotter_10_Heisenberg2D_cylinder_0.5_0.5_det,outer,1,SA,0.001,1,Double,No_MP,750,139653
result_trotter_10_Heisenberg2D_cylinder_0.5_0.5_det,outer,1,SA,0.001,1,Double,No_Kink,1286,450555
result_trotter_10_Heisenberg2D_cylinder_0.5_0.5_det,outer,1,SA,0.001,1,Double,Yes_Kink,1363,461596
result_trotter_10_Heisenberg2D_cylinder_0.5_0.5_det,outer,1,SA,0.001,1,Proj.,No_MSF,390,90000
result_trotter_10_Heisenberg2D_cylinder_0.5_0.5_det,outer,1,SA,0.001,1,Proj.,No_Top,1160,141500
result_trotter_10_Heisenberg2D_cylinder_0.5_0.5_det,outer,1,SA,0.001,1,Proj.,No_MP,579,247247
result_trotter_10_Heisenberg2D_cylinder_0.5_0.5_det,outer,1,SA,0.001,1,Proj.,No_Kink,1358,546188
result_trotter_10_Heisenberg2D_cylinder_0.5_0.5_det,outer,1,SA,0.001,1,Proj.,Yes_Kink,1390,551688
result_SELECT_10_Heisenberg2D_cylinder_0.5_0.5_6,outer,1,SA,1.0,0,Single,No_MSF,211,282944
result_SELECT_10_Heisenberg2D_cylinder_0.5_0.5_6,outer,1,SA,1.0,0,Single,No_Top,211,276832
result_SELECT_10_Heisenberg2D_cylinder_0.5_0.5_6,outer,1,SA,1.0,0,Single,No_MP,224,467452
result_SELECT_10_Heisenberg2D_cylinder_0.5_0.5_6,outer,1,SA,1.0,0,Single,No_Kink,266,596520
result_SELECT_10_Heisenberg2D_cylinder_0.5_0.5_6,outer,1,SA,1.0,0,Double,No_MSF,177,238336
result_SELECT_10_Heisenberg2D_cylinder_0.5_0.5_6,outer,1,SA,1.0,0,Double,No_Top,177,232224
result_SELECT_10_Heisenberg2D_cylinder_0.5_0.5_6,outer,1,SA,1.0,0,Double,No_MP,185,419905
result_SELECT_10_Heisenberg2D_cylinder_0.5_0.5_6,outer,1,SA,1.0,0,Double,No_Kink,218,570821
result_SELECT_10_Heisenberg2D_cylinder_0.5_0.5_6,outer,1,SA,1.0,0,Double,Yes_Kink,226,585483
result_SELECT_10_Heisenberg2D_cylinder_0.5_0.5_6,outer,1,SA,1.0,0,Proj.,No_MSF,108,147808
result_SELECT_10_Heisenberg2D_cylinder_0.5_0.5_6,outer,1,SA,1.0,0,Proj.,No_Top,108,141696
result_SELECT_10_Heisenberg2D_cylinder_0.5_0.5_6,outer,1,SA,1.0,0,Proj.,No_MP,138,575990
result_SELECT_10_Heisenberg2D_cylinder_0.5_0.5_6,outer,1,SA,1.0,0,Proj.,No_Kink,166,740768
result_SELECT_10_Heisenberg2D_cylinder_0.5_0.5_6,outer,1,SA,1.0,0,Proj.,Yes_Kink,174,778378
result_SELECT_10_Heisenberg2D_cylinder_0.5_0.5_4,inner,1,SA,0.1,2,Single,No_MSF,571,261360
result_SELECT_10_Heisenberg2D_cylinder_0.5_0.5_4,inner,1,SA,0.1,2,Single,No_Top,571,256464
result_SELECT_10_Heisenberg2D_cylinder_0.5_0.5_4,inner,1,SA,0.1,2,Single,No_MP,575,315336
result_SELECT_10_Heisenberg2D_cylinder_0.5_0.5_4,inner,1,SA,0.1,2,Single,No_Kink,578,344316
result_SELECT_10_Heisenberg2D_cylinder_0.5_0.5_4,inner,1,SA,0.1,2,Double,No_MSF,522,240192
result_SELECT_10_Heisenberg2D_cylinder_0.5_0.5_4,inner,1,SA,0.1,2,Double,No_Top,522,235296
result_SELECT_10_Heisenberg2D_cylinder_0.5_0.5_4,inner,1,SA,0.1,2,Double,No_MP,523,300375
result_SELECT_10_Heisenberg2D_cylinder_0.5_0.5_4,inner,1,SA,0.1,2,Double,No_Kink,524,335010
result_SELECT_10_Heisenberg2D_cylinder_0.5_0.5_4,inner,1,SA,0.1,2,Double,Yes_Kink,532,339259
result_SELECT_10_Heisenberg2D_cylinder_0.5_0.5_4,inner,1,SA,0.1,2,Proj.,No_MSF,420,196128
result_SELECT_10_Heisenberg2D_cylinder_0.5_0.5_4,inner,1,SA,0.1,2,Proj.,No_Top,420,191232
result_SELECT_10_Heisenberg2D_cylinder_0.5_0.5_4,inner,1,SA,0.1,2,Proj.,No_MP,433,642970
result_SELECT_10_Heisenberg2D_cylinder_0.5_0.5_4,inner,1,SA,0.1,2,Proj.,No_Kink,444,709654
result_SELECT_10_Heisenberg2D_cylinder_0.5_0.5_4,inner,1,SA,0.1,2,Proj.,Yes_Kink,470,721315
result_SELECT_10_Heisenberg2D_cylinder_0.5_0.5_2,inner,2,random,0.0,2,Single,No_MSF,2072,403168
result_SELECT_10_Heisenberg2D_cylinder_0.5_0.5_2,inner,2,random,0.0,2,Single,No_Top,2072,398624
result_SELECT_10_Heisenberg2D_cylinder_0.5_0.5_2,inner,2,random,0.0,2,Single,No_MP,2073,536176
result_SELECT_10_Heisenberg2D_cylinder_0.5_0.5_2,inner,2,random,0.0,2,Single,No_Kink,2073,544596
result_SELECT_10_Heisenberg2D_cylinder_0.5_0.5_2,inner,2,random,0.0,2,Single,Yes_Kink,2072,552972
result_SELECT_10_Heisenberg2D_cylinder_0.5_0.5_2,inner,2,random,0.0,2,Double,No_MSF,1921,374780
result_SELECT_10_Heisenberg2D_cylinder_0.5_0.5_2,inner,2,random,0.0,2,Double,No_Top,1921,370236
result_SELECT_10_Heisenberg2D_cylinder_0.5_0.5_2,inner,2,random,0.0,2,Double,No_MP,1921,515100
result_SELECT_10_Heisenberg2D_cylinder_0.5_0.5_2,inner,2,random,0.0,2,Double,No_Kink,1922,528779
result_SELECT_10_Heisenberg2D_cylinder_0.5_0.5_2,inner,2,random,0.0,2,Double,Yes_Kink,1992,540836
result_SELECT_10_Heisenberg2D_cylinder_0.5_0.5_2,inner,2,random,0.0,2,Proj.,No_MSF,1668,327216
result_SELECT_10_Heisenberg2D_cylinder_0.5_0.5_2,inner,2,random,0.0,2,Proj.,No_Top,1668,322672
result_SELECT_10_Heisenberg2D_cylinder_0.5_0.5_2,inner,2,random,0.0,2,Proj.,No_MP,1676,1319274
result_SELECT_10_Heisenberg2D_cylinder_0.5_0.5_2,inner,2,random,0.0,2,Proj.,No_Kink,1678,1350585
result_SELECT_10_Heisenberg2D_cylinder_0.5_0.5_2,inner,2,random,0.0,2,Proj.,Yes_Kink,1682,1334291
result_SELECT_10_Heisenberg2D_cylinder_0.5_0.5_0,outer,2,SA,0.1,0,Single,No_MSF,8099,992534
result_SELECT_10_Heisenberg2D_cylinder_0.5_0.5_0,outer,2,SA,0.1,0,Single,No_Top,8099,988078
result_SELECT_10_Heisenberg2D_cylinder_0.5_0.5_0,outer,2,SA,0.1,0,Single,No_MP,8099,1027924
result_SELECT_10_Heisenberg2D_cylinder_0.5_0.5_0,outer,2,SA,0.1,0,Single,No_Kink,8099,1061634
result_SELECT_10_Heisenberg2D_cylinder_0.5_0.5_0,outer,2,SA,0.1,0,Single,Yes_Kink,8099,1072630
result_SELECT_10_Heisenberg2D_cylinder_0.5_0.5_0,outer,2,SA,0.1,0,Double,No_MSF,7536,923848
result_SELECT_10_Heisenberg2D_cylinder_0.5_0.5_0,outer,2,SA,0.1,0,Double,No_Top,7536,919392
result_SELECT_10_Heisenberg2D_cylinder_0.5_0.5_0,outer,2,SA,0.1,0,Double,No_MP,7536,968704
result_SELECT_10_Heisenberg2D_cylinder_0.5_0.5_0,outer,2,SA,0.1,0,Double,No_Kink,7536,1006882
result_SELECT_10_Heisenberg2D_cylinder_0.5_0.5_0,outer,2,SA,0.1,0,Double,Yes_Kink,7537,1002716
result_SELECT_10_Heisenberg2D_cylinder_0.5_0.5_0,outer,2,SA,0.1,0,Proj.,No_MSF,6660,816976
result_SELECT_10_Heisenberg2D_cylinder_0.5_0.5_0,outer,2,SA,0.1,0,Proj.,No_Top,6660,812520
result_SELECT_10_Heisenberg2D_cylinder_0.5_0.5_0,outer,2,SA,0.1,0,Proj.,No_MP,6660,2225224
result_SELECT_10_Heisenberg2D_cylinder_0.5_0.5_0,outer,2,SA,0.1,0,Proj.,No_Kink,6660,2926762
result_SELECT_10_Heisenberg2D_cylinder_0.5_0.5_0,outer,2,SA,0.1,0,Proj.,Yes_Kink,6661,2882605
result_SELECT_10_Heisenberg2D_cylinder_0.5_0.5_5,outer,2,naive,0.0,0,Single,No_MSF,327,246016
result_SELECT_10_Heisenberg2D_cylinder_0.5_0.5_5,outer,2,naive,0.0,0,Single,No_Top,327,240672
result_SELECT_10_Heisenberg2D_cylinder_0.5_0.5_5,outer,2,naive,0.0,0,Single,No_MP,418,543373
result_SELECT_10_Heisenberg2D_cylinder_0.5_0.5_5,outer,2,naive,0.0,0,Single,No_Kink,582,739155
result_SELECT_10_Heisenberg2D_cylinder_0.5_0.5_5,outer,2,naive,0.0,0,Single,Yes_Kink,554,732723
result_SELECT_10_Heisenberg2D_cylinder_0.5_0.5_5,outer,2,naive,0.0,0,Double,No_MSF,290,218784
result_SELECT_10_Heisenberg2D_cylinder_0.5_0.5_5,outer,2,naive,0.0,0,Double,No_Top,290,213440
result_SELECT_10_Heisenberg2D_cylinder_0.5_0.5_5,outer,2,naive,0.0,0,Double,No_MP,360,508142
result_SELECT_10_Heisenberg2D_cylinder_0.5_0.5_5,outer,2,naive,0.0,0,Double,No_Kink,503,704921
result_SELECT_10_Heisenberg2D_cylinder_0.5_0.5_5,outer,2,naive,0.0,0,Double,Yes_Kink,506,702782
result_SELECT_10_Heisenberg2D_cylinder_0.5_0.5_5,outer,2,naive,0.0,0,Proj.,No_MSF,213,162112
result_SELECT_10_Heisenberg2D_cylinder_0.5_0.5_5,outer,2,naive,0.0,0,Proj.,No_Top,213,156768
result_SELECT_10_Heisenberg2D_cylinder_0.5_0.5_5,outer,2,naive,0.0,0,Proj.,No_MP,259,766279
result_SELECT_10_Heisenberg2D_cylinder_0.5_0.5_5,outer,2,naive,0.0,0,Proj.,No_Kink,300,912794
result_SELECT_10_Heisenberg2D_cylinder_0.5_0.5_5,outer,2,naive,0.0,0,Proj.,Yes_Kink,317,958047
result_trotter_10_Heisenberg2D_cylinder_0.5_0.5_det,inner,1,naive,0.0,1,Single,No_MSF,756,126600
result_trotter_10_Heisenberg2D_cylinder_0.5_0.5_det,inner,1,naive,0.0,1,Single,No_Top,1173,142800
result_trotter_10_Heisenberg2D_cylinder_0.5_0.5_det,inner,1,naive,0.0,1,Single,No_MP,781,154438
result_trotter_10_Heisenberg2D_cylinder_0.5_0.5_det,inner,1,naive,0.0,1,Single,No_Kink,2420,619938
result_trotter_10_Heisenberg2D_cylinder_0.5_0.5_det,inner,1,naive,0.0,1,Double,No_MSF,749,125900
result_trotter_10_Heisenberg2D_cylinder_0.5_0.5_det,inner,1,naive,0.0,1,Double,No_Top,1160,141500
result_trotter_10_Heisenberg2D_cylinder_0.5_0.5_det,inner,1,naive,0.0,1,Double,No_MP,758,154433
result_trotter_10_Heisenberg2D_cylinder_0.5_0.5_det,inner,1,naive,0.0,1,Double,No_Kink,2402,693163
result_trotter_10_Heisenberg2D_cylinder_0.5_0.5_det,inner,1,naive,0.0,1,Double,Yes_Kink,2434,699633
result_trotter_10_Heisenberg2D_cylinder_0.5_0.5_det,inner,1,naive,0.0,1,Proj.,No_MSF,390,90000
result_trotter_10_Heisenberg2D_cylinder_0.5_0.5_det,inner,1,naive,0.0,1,Proj.,No_Top,1160,141500
result_trotter_10_Heisenberg2D_cylinder_0.5_0.5_det,inner,1,naive,0.0,1,Proj.,No_MP,609,266184
result_trotter_10_Heisenberg2D_cylinder_0.5_0.5_det,inner,1,naive,0.0,1,Proj.,No_Kink,2412,1017936
result_trotter_10_Heisenberg2D_cylinder_0.5_0.5_det,inner,1,naive,0.0,1,Proj.,Yes_Kink,2454,1001369
result_SELECT_10_Heisenberg2D_cylinder_0.5_0.5_3,inner,2,SA,0.01,0,Single,No_MSF,1069,295440
result_SELECT_10_Heisenberg2D_cylinder_0.5_0.5_3,inner,2,SA,0.01,0,Single,No_Top,1069,290768
result_SELECT_10_Heisenberg2D_cylinder_0.5_0.5_3,inner,2,SA,0.01,0,Single,No_MP,1069,331686
result_SELECT_10_Heisenberg2D_cylinder_0.5_0.5_3,inner,2,SA,0.01,0,Single,No_Kink,1069,348837
result_SELECT_10_Heisenberg2D_cylinder_0.5_0.5_3,inner,2,SA,0.01,0,Single,Yes_Kink,1069,359708
result_SELECT_10_Heisenberg2D_cylinder_0.5_0.5_3,inner,2,SA,0.01,0,Double,No_MSF,987,273136
result_SELECT_10_Heisenberg2D_cylinder_0.5_0.5_3,inner,2,SA,0.01,0,Double,No_Top,987,268464
result_SELECT_10_Heisenberg2D_cylinder_0.5_0.5_3,inner,2,SA,0.01,0,Double,No_MP,988,318349
result_SELECT_10_Heisenberg2D_cylinder_0.5_0.5_3,inner,2,SA,0.01,0,Double,No_Kink,988,341669
result_SELECT_10_Heisenberg2D_cylinder_0.5_0.5_3,inner,2,SA,0.01,0,Double,Yes_Kink,1023,347253
result_SELECT_10_Heisenberg2D_cylinder_0.5_0.5_3,inner,2,SA,0.01,0,Proj.,No_MSF,837,232336
result_SELECT_10_Heisenberg2D_cylinder_0.5_0.5_3,inner,2,SA,0.01,0,Proj.,No_Top,837,227664
result_SELECT_10_Heisenberg2D_cylinder_0.5_0.5_3,inner,2,SA,0.01,0,Proj.,No_MP,839,792402
result_SELECT_10_Heisenberg2D_cylinder_0.5_0.5_3,inner,2,SA,0.01,0,Proj.,No_Kink,850,977457
result_SELECT_10_Heisenberg2D_cylinder_0.5_0.5_3,inner,2,SA,0.01,0,Proj.,Yes_Kink,859,980650
result_SELECT_10_Heisenberg2D_cylinder_0.5_0.5_0,inner,2,SA,0.01,0,Single,No_MSF,8099,992534
result_SELECT_10_Heisenberg2D_cylinder_0.5_0.5_0,inner,2,SA,0.01,0,Single,No_Top,8099,988078
result_SELECT_10_Heisenberg2D_cylinder_0.5_0.5_0,inner,2,SA,0.01,0,Single,No_MP,8099,1027420
result_SELECT_10_Heisenberg2D_cylinder_0.5_0.5_0,inner,2,SA,0.01,0,Single,No_Kink,8099,1037773
result_SELECT_10_Heisenberg2D_cylinder_0.5_0.5_0,inner,2,SA,0.01,0,Single,Yes_Kink,8099,1052339
result_SELECT_10_Heisenberg2D_cylinder_0.5_0.5_0,inner,2,SA,0.01,0,Double,No_MSF,7536,923848
result_SELECT_10_Heisenberg2D_cylinder_0.5_0.5_0,inner,2,SA,0.01,0,Double,No_Top,7536,919392
result_SELECT_10_Heisenberg2D_cylinder_0.5_0.5_0,inner,2,SA,0.01,0,Double,No_MP,7536,966860
result_SELECT_10_Heisenberg2D_cylinder_0.5_0.5_0,inner,2,SA,0.01,0,Double,No_Kink,7536,987382
result_SELECT_10_Heisenberg2D_cylinder_0.5_0.5_0,inner,2,SA,0.01,0,Double,Yes_Kink,7536,986666
result_SELECT_10_Heisenberg2D_cylinder_0.5_0.5_0,inner,2,SA,0.01,0,Proj.,No_MSF,6660,816976
result_SELECT_10_Heisenberg2D_cylinder_0.5_0.5_0,inner,2,SA,0.01,0,Proj.,No_Top,6660,812520
result_SELECT_10_Heisenberg2D_cylinder_0.5_0.5_0,inner,2,SA,0.01,0,Proj.,No_MP,6660,2400430
result_SELECT_10_Heisenberg2D_cylinder_0.5_0.5_0,inner,2,SA,0.01,0,Proj.,No_Kink,6663,2767545
result_SELECT_10_Heisenberg2D_cylinder_0.5_0.5_0,inner,2,SA,0.01,0,Proj.,Yes_Kink,6662,2671319
result_SELECT_10_Heisenberg2D_cylinder_0.5_0.5_5,outer,1,random,0.0,2,Single,No_MSF,327,256704
result_SELECT_10_Heisenberg2D_cylinder_0.5_0.5_5,outer,1,random,0.0,2,Single,No_Top,327,251360
result_SELECT_10_Heisenberg2D_cylinder_0.5_0.5_5,outer,1,random,0.0,2,Single,No_MP,604,922902
result_SELECT_10_Heisenberg2D_cylinder_0.5_0.5_5,outer,1,random,0.0,2,Single,No_Kink,729,1078320
result_SELECT_10_Heisenberg2D_cylinder_0.5_0.5_5,outer,1,random,0.0,2,Double,No_MSF,290,229472
result_SELECT_10_Heisenberg2D_cylinder_0.5_0.5_5,outer,1,random,0.0,2,Double,No_Top,291,224864
result_SELECT_10_Heisenberg2D_cylinder_0.5_0.5_5,outer,1,random,0.0,2,Double,No_MP,377,757845
result_SELECT_10_Heisenberg2D_cylinder_0.5_0.5_5,outer,1,random,0.0,2,Double,No_Kink,444,889258
result_SELECT_10_Heisenberg2D_cylinder_0.5_0.5_5,outer,1,random,0.0,2,Double,Yes_Kink,449,898321
result_SELECT_10_Heisenberg2D_cylinder_0.5_0.5_5,outer,1,random,0.0,2,Proj.,No_MSF,213,172800
result_SELECT_10_Heisenberg2D_cylinder_0.5_0.5_5,outer,1,random,0.0,2,Proj.,No_Top,213,167456
result_SELECT_10_Heisenberg2D_cylinder_0.5_0.5_5,outer,1,random,0.0,2,Proj.,No_MP,277,768063
result_SELECT_10_Heisenberg2D_cylinder_0.5_0.5_5,outer,1,random,0.0,2,Proj.,No_Kink,325,908797
result_SELECT_10_Heisenberg2D_cylinder_0.5_0.5_5,outer,1,random,0.0,2,Proj.,Yes_Kink,331,930673
result_SELECT_10_Heisenberg2D_cylinder_0.5_0.5_3,inner,1,random,0.0,0,Single,No_MSF,1069,295440
result_SELECT_10_Heisenberg2D_cylinder_0.5_0.5_3,inner,1,random,0.0,0,Single,No_Top,1069,290768
result_SELECT_10_Heisenberg2D_cylinder_0.5_0.5_3,inner,1,random,0.0,0,Single,No_MP,1223,579286
result_SELECT_10_Heisenberg2D_cylinder_0.5_0.5_3,inner,1,random,0.0,0,Single,No_Kink,1259,600934
result_SELECT_10_Heisenberg2D_cylinder_0.5_0.5_3,inner,1,random,0.0,0,Double,No_MSF,987,273136
result_SELECT_10_Heisenberg2D_cylinder_0.5_0.5_3,inner,1,random,0.0,0,Double,No_Top,987,268464
result_SELECT_10_Heisenberg2D_cylinder_0.5_0.5_3,inner,1,random,0.0,0,Double,No_MP,991,498197
result_SELECT_10_Heisenberg2D_cylinder_0.5_0.5_3,inner,1,random,0.0,0,Double,No_Kink,1069,534251
result_SELECT_10_Heisenberg2D_cylinder_0.5_0.5_3,inner,1,random,0.0,0,Double,Yes_Kink,1067,534968
result_SELECT_10_Heisenberg2D_cylinder_0.5_0.5_3,inner,1,random,0.0,0,Proj.,No_MSF,837,232336
result_SELECT_10_Heisenberg2D_cylinder_0.5_0.5_3,inner,1,random,0.0,0,Proj.,No_Top,837,227664
result_SELECT_10_Heisenberg2D_cylinder_0.5_0.5_3,inner,1,random,0.0,0,Proj.,No_MP,856,901913
result_SELECT_10_Heisenberg2D_cylinder_0.5_0.5_3,inner,1,random,0.0,0,Proj.,No_Kink,855,927001
result_SELECT_10_Heisenberg2D_cylinder_0.5_0.5_3,inner,1,random,0.0,0,Proj.,Yes_Kink,861,919485
result_SELECT_10_Heisenberg2D_cylinder_0.5_0.5_4,outer,2,SA,0.1,0,Single,No_MSF,571,251568
result_SELECT_10_Heisenberg2D_cylinder_0.5_0.5_4,outer,2,SA,0.1,0,Single,No_Top,571,246672
result_SELECT_10_Heisenberg2D_cylinder_0.5_0.5_4,outer,2,SA,0.1,0,Single,No_MP,571,293581
result_SELECT_10_Heisenberg2D_cylinder_0.5_0.5_4,outer,2,SA,0.1,0,Single,No_Kink,571,331917
result_SELECT_10_Heisenberg2D_cylinder_0.5_0.5_4,outer,2,SA,0.1,0,Single,Yes_Kink,571,345254
result_SELECT_10_Heisenberg2D_cylinder_0.5_0.5_4,outer,2,SA,0.1,0,Double,No_MSF,522,230400
result_SELECT_10_Heisenberg2D_cylinder_0.5_0.5_4,outer,2,SA,0.1,0,Double,No_Top,522,225504
result_SELECT_10_Heisenberg2D_cylinder_0.5_0.5_4,outer,2,SA,0.1,0,Double,No_MP,523,282308
result_SELECT_10_Heisenberg2D_cylinder_0.5_0.5_4,outer,2,SA,0.1,0,Double,No_Kink,523,326045
result_SELECT_10_Heisenberg2D_cylinder_0.5_0.5_4,outer,2,SA,0.1,0,Double,Yes_Kink,542,330553
result_SELECT_10_Heisenberg2D_cylinder_0.5_0.5_4,outer,2,SA,0.1,0,Proj.,No_MSF,420,186336
result_SELECT_10_Heisenberg2D_cylinder_0.5_0.5_4,outer,2,SA,0.1,0,Proj.,No_Top,420,181440
result_SELECT_10_Heisenberg2D_cylinder_0.5_0.5_4,outer,2,SA,0.1,0,Proj.,No_MP,430,712837
result_SELECT_10_Heisenberg2D_cylinder_0.5_0.5_4,outer,2,SA,0.1,0,Proj.,No_Kink,437,790107
result_SELECT_10_Heisenberg2D_cylinder_0.5_0.5_4,outer,2,SA,0.1,0,Proj.,Yes_Kink,438,786174
result_SELECT_10_Heisenberg2D_cylinder_0.5_0.5_5,outer,2,SA,0.01,0,Single,No_MSF,327,246016
result_SELECT_10_Heisenberg2D_cylinder_0.5_0.5_5,outer,2,SA,0.01,0,Single,No_Top,327,240672
result_SELECT_10_Heisenberg2D_cylinder_0.5_0.5_5,outer,2,SA,0.01,0,Single,No_MP,327,306609
result_SELECT_10_Heisenberg2D_cylinder_0.5_0.5_5,outer,2,SA,0.01,0,Single,No_Kink,328,363777
result_SELECT_10_Heisenberg2D_cylinder_0.5_0.5_5,outer,2,SA,0.01,0,Single,Yes_Kink,328,379803
result_SELECT_10_Heisenberg2D_cylinder_0.5_0.5_5,outer,2,SA,0.01,0,Double,No_MSF,290,218784
result_SELECT_10_Heisenberg2D_cylinder_0.5_0.5_5,outer,2,SA,0.01,0,Double,No_Top,290,213440
result_SELECT_10_Heisenberg2D_cylinder_0.5_0.5_5,outer,2,SA,0.01,0,Double,No_MP,290,288340
result_SELECT_10_Heisenberg2D_cylinder_0.5_0.5_5,outer,2,SA,0.01,0,Double,No_Kink,293,353862
result_SELECT_10_Heisenberg2D_cylinder_0.5_0.5_5,outer,2,SA,0.01,0,Double,Yes_Kink,301,356376
result_SELECT_10_Heisenberg2D_cylinder_0.5_0.5_5,outer,2,SA,0.01,0,Proj.,No_MSF,213,162112
result_SELECT_10_Heisenberg2D_cylinder_0.5_0.5_5,outer,2,SA,0.01,0,Proj.,No_Top,213,156768
result_SELECT_10_Heisenberg2D_cylinder_0.5_0.5_5,outer,2,SA,0.01,0,Proj.,No_MP,227,637953
result_SELECT_10_Heisenberg2D_cylinder_0.5_0.5_5,outer,2,SA,0.01,0,Proj.,No_Kink,237,709882
result_SELECT_10_Heisenberg2D_cylinder_0.5_0.5_5,outer,2,SA,0.01,0,Proj.,Yes_Kink,243,721932
result_SELECT_10_Heisenberg2D_cylinder_0.5_0.5_3,outer,1,naive,0.0,0,Single,No_MSF,1069,295440
result_SELECT_10_Heisenberg2D_cylinder_0.5_0.5_3,outer,1,naive,0.0,0,Single,No_Top,1069,290768
result_SELECT_10_Heisenberg2D_cylinder_0.5_0.5_3,outer,1,naive,0.0,0,Single,No_MP,1411,589838
result_SELECT_10_Heisenberg2D_cylinder_0.5_0.5_3,outer,1,naive,0.0,0,Single,No_Kink,1692,708632
result_SELECT_10_Heisenberg2D_cylinder_0.5_0.5_3,outer,1,naive,0.0,0,Double,No_MSF,987,273136
result_SELECT_10_Heisenberg2D_cylinder_0.5_0.5_3,outer,1,naive,0.0,0,Double,No_Top,987,268464
result_SELECT_10_Heisenberg2D_cylinder_0.5_0.5_3,outer,1,naive,0.0,0,Double,No_MP,1111,507904
result_SELECT_10_Heisenberg2D_cylinder_0.5_0.5_3,outer,1,naive,0.0,0,Double,No_Kink,1365,626833
result_SELECT_10_Heisenberg2D_cylinder_0.5_0.5_3,outer,1,naive,0.0,0,Double,Yes_Kink,1360,629528
result_SELECT_10_Heisenberg2D_cylinder_0.5_0.5_3,outer,1,naive,0.0,0,Proj.,No_MSF,837,232336
result_SELECT_10_Heisenberg2D_cylinder_0.5_0.5_3,outer,1,naive,0.0,0,Proj.,No_Top,837,227664
result_SELECT_10_Heisenberg2D_cylinder_0.5_0.5_3,outer,1,naive,0.0,0,Proj.,No_MP,866,889636
result_SELECT_10_Heisenberg2D_cylinder_0.5_0.5_3,outer,1,naive,0.0,0,Proj.,No_Kink,874,937025
result_SELECT_10_Heisenberg2D_cylinder_0.5_0.5_3,outer,1,naive,0.0,0,Proj.,Yes_Kink,903,955654
result_SELECT_10_Heisenberg2D_cylinder_0.5_0.5_0,inner,1,random,0.0,0,Single,No_MSF,8099,992534
result_SELECT_10_Heisenberg2D_cylinder_0.5_0.5_0,inner,1,random,0.0,0,Single,No_Top,8099,988078
result_SELECT_10_Heisenberg2D_cylinder_0.5_0.5_0,inner,1,random,0.0,0,Single,No_MP,8099,1167094
result_SELECT_10_Heisenberg2D_cylinder_0.5_0.5_0,inner,1,random,0.0,0,Single,No_Kink,8099,1173412
result_SELECT_10_Heisenberg2D_cylinder_0.5_0.5_0,inner,1,random,0.0,0,Double,No_MSF,7536,923848
result_SELECT_10_Heisenberg2D_cylinder_0.5_0.5_0,inner,1,random,0.0,0,Double,No_Top,7536,919392
result_SELECT_10_Heisenberg2D_cylinder_0.5_0.5_0,inner,1,random,0.0,0,Double,No_MP,7536,1101098
result_SELECT_10_Heisenberg2D_cylinder_0.5_0.5_0,inner,1,random,0.0,0,Double,No_Kink,7536,1111957
result_SELECT_10_Heisenberg2D_cylinder_0.5_0.5_0,inner,1,random,0.0,0,Double,Yes_Kink,7536,1115271
result_SELECT_10_Heisenberg2D_cylinder_0.5_0.5_0,inner,1,random,0.0,0,Proj.,No_MSF,6660,816976
result_SELECT_10_Heisenberg2D_cylinder_0.5_0.5_0,inner,1,random,0.0,0,Proj.,No_Top,6660,812520
result_SELECT_10_Heisenberg2D_cylinder_0.5_0.5_0,inner,1,random,0.0,0,Proj.,No_MP,6660,3468338
result_SELECT_10_Heisenberg2D_cylinder_0.5_0.5_0,inner,1,random,0.0,0,Proj.,No_Kink,6660,3539741
result_SELECT_10_Heisenberg2D_cylinder_0.5_0.5_0,inner,1,random,0.0,0,Proj.,Yes_Kink,6660,3435496
result_trotter_10_Heisenberg2D_cylinder_0.5_0.5_det,inner,1,SA,0.01,1,Single,No_MSF,756,126600
result_trotter_10_Heisenberg2D_cylinder_0.5_0.5_det,inner,1,SA,0.01,1,Single,No_Top,1173,142800
result_trotter_10_Heisenberg2D_cylinder_0.5_0.5_det,inner,1,SA,0.01,1,Single,No_MP,763,138870
result_trotter_10_Heisenberg2D_cylinder_0.5_0.5_det,inner,1,SA,0.01,1,Single,No_Kink,1345,377772
result_trotter_10_Heisenberg2D_cylinder_0.5_0.5_det,inner,1,SA,0.01,1,Double,No_MSF,749,125900
result_trotter_10_Heisenberg2D_cylinder_0.5_0.5_det,inner,1,SA,0.01,1,Double,No_Top,1160,141500
result_trotter_10_Heisenberg2D_cylinder_0.5_0.5_det,inner,1,SA,0.01,1,Double,No_MP,751,140354
result_trotter_10_Heisenberg2D_cylinder_0.5_0.5_det,inner,1,SA,0.01,1,Double,No_Kink,1437,475371
result_trotter_10_Heisenberg2D_cylinder_0.5_0.5_det,inner,1,SA,0.01,1,Double,Yes_Kink,1544,487811
result_trotter_10_Heisenberg2D_cylinder_0.5_0.5_det,inner,1,SA,0.01,1,Proj.,No_MSF,390,90000
result_trotter_10_Heisenberg2D_cylinder_0.5_0.5_det,inner,1,SA,0.01,1,Proj.,No_Top,1160,141500
result_trotter_10_Heisenberg2D_cylinder_0.5_0.5_det,inner,1,SA,0.01,1,Proj.,No_MP,593,249846
result_trotter_10_Heisenberg2D_cylinder_0.5_0.5_det,inner,1,SA,0.01,1,Proj.,No_Kink,1875,744047
result_trotter_10_Heisenberg2D_cylinder_0.5_0.5_det,inner,1,SA,0.01,1,Proj.,Yes_Kink,1891,739079
result_SELECT_10_Heisenberg2D_cylinder_0.5_0.5_3,inner,1,SA,1.0,0,Single,No_MSF,1069,295440
result_SELECT_10_Heisenberg2D_cylinder_0.5_0.5_3,inner,1,SA,1.0,0,Single,No_Top,1069,290768
result_SELECT_10_Heisenberg2D_cylinder_0.5_0.5_3,inner,1,SA,1.0,0,Single,No_MP,1069,338526
result_SELECT_10_Heisenberg2D_cylinder_0.5_0.5_3,inner,1,SA,1.0,0,Single,No_Kink,1070,342898
result_SELECT_10_Heisenberg2D_cylinder_0.5_0.5_3,inner,1,SA,1.0,0,Double,No_MSF,987,273136
result_SELECT_10_Heisenberg2D_cylinder_0.5_0.5_3,inner,1,SA,1.0,0,Double,No_Top,987,268464
result_SELECT_10_Heisenberg2D_cylinder_0.5_0.5_3,inner,1,SA,1.0,0,Double,No_MP,987,323689
result_SELECT_10_Heisenberg2D_cylinder_0.5_0.5_3,inner,1,SA,1.0,0,Double,No_Kink,989,336305
result_SELECT_10_Heisenberg2D_cylinder_0.5_0.5_3,inner,1,SA,1.0,0,Double,Yes_Kink,992,337632
result_SELECT_10_Heisenberg2D_cylinder_0.5_0.5_3,inner,1,SA,1.0,0,Proj.,No_MSF,837,232336
result_SELECT_10_Heisenberg2D_cylinder_0.5_0.5_3,inner,1,SA,1.0,0,Proj.,No_Top,837,227664
result_SELECT_10_Heisenberg2D_cylinder_0.5_0.5_3,inner,1,SA,1.0,0,Proj.,No_MP,844,805064
result_SELECT_10_Heisenberg2D_cylinder_0.5_0.5_3,inner,1,SA,1.0,0,Proj.,No_Kink,850,901229
result_SELECT_10_Heisenberg2D_cylinder_0.5_0.5_3,inner,1,SA,1.0,0,Proj.,Yes_Kink,857,901463
result_SELECT_10_Heisenberg2D_cylinder_0.5_0.5_6,outer,1,SA,0.001,2,Single,No_MSF,211,295168
result_SELECT_10_Heisenberg2D_cylinder_0.5_0.5_6,outer,1,SA,0.001,2,Single,No_Top,211,289056
result_SELECT_10_Heisenberg2D_cylinder_0.5_0.5_6,outer,1,SA,0.001,2,Single,No_MP,221,457684
result_SELECT_10_Heisenberg2D_cylinder_0.5_0.5_6,outer,1,SA,0.001,2,Single,No_Kink,290,682036
result_SELECT_10_Heisenberg2D_cylinder_0.5_0.5_6,outer,1,SA,0.001,2,Double,No_MSF,177,250560
result_SELECT_10_Heisenberg2D_cylinder_0.5_0.5_6,outer,1,SA,0.001,2,Double,No_Top,177,244448
result_SELECT_10_Heisenberg2D_cylinder_0.5_0.5_6,outer,1,SA,0.001,2,Double,No_MP,184,417603
result_SELECT_10_Heisenberg2D_cylinder_0.5_0.5_6,outer,1,SA,0.001,2,Double,No_Kink,225,650387
result_SELECT_10_Heisenberg2D_cylinder_0.5_0.5_6,outer,1,SA,0.001,2,Double,Yes_Kink,234,677040
result_SELECT_10_Heisenberg2D_cylinder_0.5_0.5_6,outer,1,SA,0.001,2,Proj.,No_MSF,108,160032
result_SELECT_10_Heisenberg2D_cylinder_0.5_0.5_6,outer,1,SA,0.001,2,Proj.,No_Top,123,173600
result_SELECT_10_Heisenberg2D_cylinder_0.5_0.5_6,outer,1,SA,0.001,2,Proj.,No_MP,137,568192
result_SELECT_10_Heisenberg2D_cylinder_0.5_0.5_6,outer,1,SA,0.001,2,Proj.,No_Kink,170,772326
result_SELECT_10_Heisenberg2D_cylinder_0.5_0.5_6,outer,1,SA,0.001,2,Proj.,Yes_Kink,183,817756
result_SELECT_10_Heisenberg2D_cylinder_0.5_0.5_6,inner,2,SA,0.1,0,Single,No_MSF,211,282944
result_SELECT_10_Heisenberg2D_cylinder_0.5_0.5_6,inner,2,SA,0.1,0,Single,No_Top,211,276832
result_SELECT_10_Heisenberg2D_cylinder_0.5_0.5_6,inner,2,SA,0.1,0,Single,No_MP,211,386854
result_SELECT_10_Heisenberg2D_cylinder_0.5_0.5_6,inner,2,SA,0.1,0,Single,No_Kink,211,413921
result_SELECT_10_Heisenberg2D_cylinder_0.5_0.5_6,inner,2,SA,0.1,0,Single,Yes_Kink,211,430627
result_SELECT_10_Heisenberg2D_cylinder_0.5_0.5_6,inner,2,SA,0.1,0,Double,No_MSF,177,238336
result_SELECT_10_Heisenberg2D_cylinder_0.5_0.5_6,inner,2,SA,0.1,0,Double,No_Top,177,232224
result_SELECT_10_Heisenberg2D_cylinder_0.5_0.5_6,inner,2,SA,0.1,0,Double,No_MP,181,357597
result_SELECT_10_Heisenberg2D_cylinder_0.5_0.5_6,inner,2,SA,0.1,0,Double,No_Kink,184,398892
result_SELECT_10_Heisenberg2D_cylinder_0.5_0.5_6,inner,2,SA,0.1,0,Double,Yes_Kink,190,410129
result_SELECT_10_Heisenberg2D_cylinder_0.5_0.5_6,inner,2,SA,0.1,0,Proj.,No_MSF,108,147808
result_SELECT_10_Heisenberg2D_cylinder_0.5_0.5_6,inner,2,SA,0.1,0,Proj.,No_Top,108,141696
result_SELECT_10_Heisenberg2D_cylinder_0.5_0.5_6,inner,2,SA,0.1,0,Proj.,No_MP,128,582170
result_SELECT_10_Heisenberg2D_cylinder_0.5_0.5_6,inner,2,SA,0.1,0,Proj.,No_Kink,134,633064
result_SELECT_10_Heisenberg2D_cylinder_0.5_0.5_6,inner,2,SA,0.1,0,Proj.,Yes_Kink,147,669808
result_trotter_10_Heisenberg2D_cylinder_0.5_0.5_rand,outer,2,random,0.0,1,Single,No_MSF,744,125400
result_trotter_10_Heisenberg2D_cylinder_0.5_0.5_rand,outer,2,random,0.0,1,Single,No_Top,1164,141900
result_trotter_10_Heisenberg2D_cylinder_0.5_0.5_rand,outer,2,random,0.0,1,Single,No_MP,745,152944
result_trotter_10_Heisenberg2D_cylinder_0.5_0.5_rand,outer,2,random,0.0,1,Single,No_Kink,1221,416003
result_trotter_10_Heisenberg2D_cylinder_0.5_0.5_rand,outer,2,random,0.0,1,Single,Yes_Kink,1239,421396
result_trotter_10_Heisenberg2D_cylinder_0.5_0.5_rand,outer,2,random,0.0,1,Double,No_MSF,721,123100
result_trotter_10_Heisenberg2D_cylinder_0.5_0.5_rand,outer,2,random,0.0,1,Double,No_Top,1160,141500
result_trotter_10_Heisenberg2D_cylinder_0.5_0.5_rand,outer,2,random,0.0,1,Double,No_MP,724,150643
result_trotter_10_Heisenberg2D_cylinder_0.5_0.5_rand,outer,2,random,0.0,1,Double,No_Kink,1178,457643
result_trotter_10_Heisenberg2D_cylinder_0.5_0.5_rand,outer,2,random,0.0,1,Double,Yes_Kink,1201,459015
result_trotter_10_Heisenberg2D_cylinder_0.5_0.5_rand,outer,2,random,0.0,1,Proj.,No_MSF,390,90000
result_trotter_10_Heisenberg2D_cylinder_0.5_0.5_rand,outer,2,random,0.0,1,Proj.,No_Top,1160,141500
result_trotter_10_Heisenberg2D_cylinder_0.5_0.5_rand,outer,2,random,0.0,1,Proj.,No_MP,507,285522
result_trotter_10_Heisenberg2D_cylinder_0.5_0.5_rand,outer,2,random,0.0,1,Proj.,No_Kink,1340,808359
result_trotter_10_Heisenberg2D_cylinder_0.5_0.5_rand,outer,2,random,0.0,1,Proj.,Yes_Kink,1369,813439
result_SELECT_10_Heisenberg2D_cylinder_0.5_0.5_2,inner,2,SA,0.01,2,Single,No_MSF,2072,403168
result_SELECT_10_Heisenberg2D_cylinder_0.5_0.5_2,inner,2,SA,0.01,2,Single,No_Top,2072,398624
result_SELECT_10_Heisenberg2D_cylinder_0.5_0.5_2,inner,2,SA,0.01,2,Single,No_MP,2072,437388
result_SELECT_10_Heisenberg2D_cylinder_0.5_0.5_2,inner,2,SA,0.01,2,Single,No_Kink,2072,460269
result_SELECT_10_Heisenberg2D_cylinder_0.5_0.5_2,inner,2,SA,0.01,2,Single,Yes_Kink,2072,474778
result_SELECT_10_Heisenberg2D_cylinder_0.5_0.5_2,inner,2,SA,0.01,2,Double,No_MSF,1921,374780
result_SELECT_10_Heisenberg2D_cylinder_0.5_0.5_2,inner,2,SA,0.01,2,Double,No_Top,1921,370236
result_SELECT_10_Heisenberg2D_cylinder_0.5_0.5_2,inner,2,SA,0.01,2,Double,No_MP,1921,417731
result_SELECT_10_Heisenberg2D_cylinder_0.5_0.5_2,inner,2,SA,0.01,2,Double,No_Kink,1921,446559
result_SELECT_10_Heisenberg2D_cylinder_0.5_0.5_2,inner,2,SA,0.01,2,Double,Yes_Kink,1992,457625
result_SELECT_10_Heisenberg2D_cylinder_0.5_0.5_2,inner,2,SA,0.01,2,Proj.,No_MSF,1668,327216
result_SELECT_10_Heisenberg2D_cylinder_0.5_0.5_2,inner,2,SA,0.01,2,Proj.,No_Top,1668,322672
result_SELECT_10_Heisenberg2D_cylinder_0.5_0.5_2,inner,2,SA,0.01,2,Proj.,No_MP,1669,999918
result_SELECT_10_Heisenberg2D_cylinder_0.5_0.5_2,inner,2,SA,0.01,2,Proj.,No_Kink,1677,1253922
result_SELECT_10_Heisenberg2D_cylinder_0.5_0.5_2,inner,2,SA,0.01,2,Proj.,Yes_Kink,1678,1245606
result_SELECT_10_Heisenberg2D_cylinder_0.5_0.5_3,outer,1,SA,0.01,0,Single,No_MSF,1069,295440
result_SELECT_10_Heisenberg2D_cylinder_0.5_0.5_3,outer,1,SA,0.01,0,Single,No_Top,1069,290768
result_SELECT_10_Heisenberg2D_cylinder_0.5_0.5_3,outer,1,SA,0.01,0,Single,No_MP,1069,336356
result_SELECT_10_Heisenberg2D_cylinder_0.5_0.5_3,outer,1,SA,0.01,0,Single,No_Kink,1069,380038
result_SELECT_10_Heisenberg2D_cylinder_0.5_0.5_3,outer,1,SA,0.01,0,Double,No_MSF,987,273136
result_SELECT_10_Heisenberg2D_cylinder_0.5_0.5_3,outer,1,SA,0.01,0,Double,No_Top,987,268464
result_SELECT_10_Heisenberg2D_cylinder_0.5_0.5_3,outer,1,SA,0.01,0,Double,No_MP,987,322039
result_SELECT_10_Heisenberg2D_cylinder_0.5_0.5_3,outer,1,SA,0.01,0,Double,No_Kink,987,369049
result_SELECT_10_Heisenberg2D_cylinder_0.5_0.5_3,outer,1,SA,0.01,0,Double,Yes_Kink,992,369027
result_SELECT_10_Heisenberg2D_cylinder_0.5_0.5_3,outer,1,SA,0.01,0,Proj.,No_MSF,837,232336
result_SELECT_10_Heisenberg2D_cylinder_0.5_0.5_3,outer,1,SA,0.01,0,Proj.,No_Top,837,227664
result_SELECT_10_Heisenberg2D_cylinder_0.5_0.5_3,outer,1,SA,0.01,0,Proj.,No_MP,841,802498
result_SELECT_10_Heisenberg2D_cylinder_0.5_0.5_3,outer,1,SA,0.01,0,Proj.,No_Kink,853,926105
result_SELECT_10_Heisenberg2D_cylinder_0.5_0.5_3,outer,1,SA,0.01,0,Proj.,Yes_Kink,858,920943
result_SELECT_10_Heisenberg2D_cylinder_0.5_0.5_5,inner,1,SA,0.1,0,Single,No_MSF,327,246016
result_SELECT_10_Heisenberg2D_cylinder_0.5_0.5_5,inner,1,SA,0.1,0,Single,No_Top,327,240672
result_SELECT_10_Heisenberg2D_cylinder_0.5_0.5_5,inner,1,SA,0.1,0,Single,No_MP,330,327854
result_SELECT_10_Heisenberg2D_cylinder_0.5_0.5_5,inner,1,SA,0.1,0,Single,No_Kink,333,363910
result_SELECT_10_Heisenberg2D_cylinder_0.5_0.5_5,inner,1,SA,0.1,0,Double,No_MSF,290,218784
result_SELECT_10_Heisenberg2D_cylinder_0.5_0.5_5,inner,1,SA,0.1,0,Double,No_Top,290,213440
result_SELECT_10_Heisenberg2D_cylinder_0.5_0.5_5,inner,1,SA,0.1,0,Double,No_MP,291,306005
result_SELECT_10_Heisenberg2D_cylinder_0.5_0.5_5,inner,1,SA,0.1,0,Double,No_Kink,295,351905
result_SELECT_10_Heisenberg2D_cylinder_0.5_0.5_5,inner,1,SA,0.1,0,Double,Yes_Kink,302,363836
result_SELECT_10_Heisenberg2D_cylinder_0.5_0.5_5,inner,1,SA,0.1,0,Proj.,No_MSF,213,162112
result_SELECT_10_Heisenberg2D_cylinder_0.5_0.5_5,inner,1,SA,0.1,0,Proj.,No_Top,213,156768
result_SELECT_10_Heisenberg2D_cylinder_0.5_0.5_5,inner,1,SA,0.1,0,Proj.,No_MP,235,580704
result_SELECT_10_Heisenberg2D_cylinder_0.5_0.5_5,inner,1,SA,0.1,0,Proj.,No_Kink,242,617717
result_SELECT_10_Heisenberg2D_cylinder_0.5_0.5_5,inner,1,SA,0.1,0,Proj.,Yes_Kink,255,638496
result_SELECT_10_Heisenberg2D_cylinder_0.5_0.5_0,outer,1,SA,0.001,0,Single,No_MSF,8099,992534
result_SELECT_10_Heisenberg2D_cylinder_0.5_0.5_0,outer,1,SA,0.001,0,Single,No_Top,8099,988078
result_SELECT_10_Heisenberg2D_cylinder_0.5_0.5_0,outer,1,SA,0.001,0,Single,No_MP,8099,1030938
result_SELECT_10_Heisenberg2D_cylinder_0.5_0.5_0,outer,1,SA,0.001,0,Single,No_Kink,8099,1080766
result_SELECT_10_Heisenberg2D_cylinder_0.5_0.5_0,outer,1,SA,0.001,0,Double,No_MSF,7536,923848
result_SELECT_10_Heisenberg2D_cylinder_0.5_0.5_0,outer,1,SA,0.001,0,Double,No_Top,7536,919392
result_SELECT_10_Heisenberg2D_cylinder_0.5_0.5_0,outer,1,SA,0.001,0,Double,No_MP,7536,971949
result_SELECT_10_Heisenberg2D_cylinder_0.5_0.5_0,outer,1,SA,0.001,0,Double,No_Kink,7536,1026525
result_SELECT_10_Heisenberg2D_cylinder_0.5_0.5_0,outer,1,SA,0.001,0,Double,Yes_Kink,7536,1025082
result_SELECT_10_Heisenberg2D_cylinder_0.5_0.5_0,outer,1,SA,0.001,0,Proj.,No_MSF,6660,816976
result_SELECT_10_Heisenberg2D_cylinder_0.5_0.5_0,outer,1,SA,0.001,0,Proj.,No_Top,6660,812520
result_SELECT_10_Heisenberg2D_cylinder_0.5_0.5_0,outer,1,SA,0.001,0,Proj.,No_MP,6660,2430988
result_SELECT_10_Heisenberg2D_cylinder_0.5_0.5_0,outer,1,SA,0.001,0,Proj.,No_Kink,6663,2893749
result_SELECT_10_Heisenberg2D_cylinder_0.5_0.5_0,outer,1,SA,0.001,0,Proj.,Yes_Kink,6665,2854287
result_SELECT_10_Heisenberg2D_cylinder_0.5_0.5_0,outer,1,naive,0.0,2,Single,No_MSF,8099,1001446
result_SELECT_10_Heisenberg2D_cylinder_0.5_0.5_0,outer,1,naive,0.0,2,Single,No_Top,8101,997234
result_SELECT_10_Heisenberg2D_cylinder_0.5_0.5_0,outer,1,naive,0.0,2,Single,No_MP,8099,1065438
result_SELECT_10_Heisenberg2D_cylinder_0.5_0.5_0,outer,1,naive,0.0,2,Single,No_Kink,8101,1082936
result_SELECT_10_Heisenberg2D_cylinder_0.5_0.5_0,outer,1,naive,0.0,2,Double,No_MSF,7536,932760
result_SELECT_10_Heisenberg2D_cylinder_0.5_0.5_0,outer,1,naive,0.0,2,Double,No_Top,7537,928426
result_SELECT_10_Heisenberg2D_cylinder_0.5_0.5_0,outer,1,naive,0.0,2,Double,No_MP,7536,1004275
result_SELECT_10_Heisenberg2D_cylinder_0.5_0.5_0,outer,1,naive,0.0,2,Double,No_Kink,7537,1026295
result_SELECT_10_Heisenberg2D_cylinder_0.5_0.5_0,outer,1,naive,0.0,2,Double,Yes_Kink,7537,1024300
result_SELECT_10_Heisenberg2D_cylinder_0.5_0.5_0,outer,1,naive,0.0,2,Proj.,No_MSF,6660,825888
result_SELECT_10_Heisenberg2D_cylinder_0.5_0.5_0,outer,1,naive,0.0,2,Proj.,No_Top,6660,821432
result_SELECT_10_Heisenberg2D_cylinder_0.5_0.5_0,outer,1,naive,0.0,2,Proj.,No_MP,6660,2641941
result_SELECT_10_Heisenberg2D_cylinder_0.5_0.5_0,outer,1,naive,0.0,2,Proj.,No_Kink,6663,2880642
result_SELECT_10_Heisenberg2D_cylinder_0.5_0.5_0,outer,1,naive,0.0,2,Proj.,Yes_Kink,6664,2723402
result_SELECT_10_Heisenberg2D_cylinder_0.5_0.5_6,outer,2,SA,1.0,6,Single,No_MSF,211,319616
result_SELECT_10_Heisenberg2D_cylinder_0.5_0.5_6,outer,2,SA,1.0,6,Single,No_Top,307,439456
result_SELECT_10_Heisenberg2D_cylinder_0.5_0.5_6,outer,2,SA,1.0,6,Single,No_MP,211,426494
result_SELECT_10_Heisenberg2D_cylinder_0.5_0.5_6,outer,2,SA,1.0,6,Single,No_Kink,309,705474
result_SELECT_10_Heisenberg2D_cylinder_0.5_0.5_6,outer,2,SA,1.0,6,Single,Yes_Kink,310,713127
result_SELECT_10_Heisenberg2D_cylinder_0.5_0.5_6,outer,2,SA,1.0,6,Double,No_MSF,177,275008
result_SELECT_10_Heisenberg2D_cylinder_0.5_0.5_6,outer,2,SA,1.0,6,Double,No_Top,295,423712
result_SELECT_10_Heisenberg2D_cylinder_0.5_0.5_6,outer,2,SA,1.0,6,Double,No_MP,179,393323
result_SELECT_10_Heisenberg2D_cylinder_0.5_0.5_6,outer,2,SA,1.0,6,Double,No_Kink,297,696703
result_SELECT_10_Heisenberg2D_cylinder_0.5_0.5_6,outer,2,SA,1.0,6,Double,Yes_Kink,301,701207
result_SELECT_10_Heisenberg2D_cylinder_0.5_0.5_6,outer,2,SA,1.0,6,Proj.,No_MSF,108,184480
result_SELECT_10_Heisenberg2D_cylinder_0.5_0.5_6,outer,2,SA,1.0,6,Proj.,No_Top,287,413216
result_SELECT_10_Heisenberg2D_cylinder_0.5_0.5_6,outer,2,SA,1.0,6,Proj.,No_MP,129,568647
result_SELECT_10_Heisenberg2D_cylinder_0.5_0.5_6,outer,2,SA,1.0,6,Proj.,No_Kink,298,1249014
result_SELECT_10_Heisenberg2D_cylinder_0.5_0.5_6,outer,2,SA,1.0,6,Proj.,Yes_Kink,300,1265217
result_SELECT_10_Heisenberg2D_cylinder_0.5_0.5_1,inner,1,SA,0.01,0,Single,No_MSF,4079,591856
result_SELECT_10_Heisenberg2D_cylinder_0.5_0.5_1,inner,1,SA,0.01,0,Single,No_Top,4079,587376
result_SELECT_10_Heisenberg2D_cylinder_0.5_0.5_1,inner,1,SA,0.01,0,Single,No_MP,4079,634652
result_SELECT_10_Heisenberg2D_cylinder_0.5_0.5_1,inner,1,SA,0.01,0,Single,No_Kink,4079,652674
result_SELECT_10_Heisenberg2D_cylinder_0.5_0.5_1,inner,1,SA,0.01,0,Double,No_MSF,3792,550528
result_SELECT_10_Heisenberg2D_cylinder_0.5_0.5_1,inner,1,SA,0.01,0,Double,No_Top,3792,546048
result_SELECT_10_Heisenberg2D_cylinder_0.5_0.5_1,inner,1,SA,0.01,0,Double,No_MP,3793,602250
result_SELECT_10_Heisenberg2D_cylinder_0.5_0.5_1,inner,1,SA,0.01,0,Double,No_Kink,3799,628646
result_SELECT_10_Heisenberg2D_cylinder_0.5_0.5_1,inner,1,SA,0.01,0,Double,Yes_Kink,3801,637595
result_SELECT_10_Heisenberg2D_cylinder_0.5_0.5_1,inner,1,SA,0.01,0,Proj.,No_MSF,3333,484432
result_SELECT_10_Heisenberg2D_cylinder_0.5_0.5_1,inner,1,SA,0.01,0,Proj.,No_Top,3333,479952
result_SELECT_10_Heisenberg2D_cylinder_0.5_0.5_1,inner,1,SA,0.01,0,Proj.,No_MP,3334,1545414
result_SELECT_10_Heisenberg2D_cylinder_0.5_0.5_1,inner,1,SA,0.01,0,Proj.,No_Kink,3343,1694870
result_SELECT_10_Heisenberg2D_cylinder_0.5_0.5_1,inner,1,SA,0.01,0,Proj.,Yes_Kink,3352,1671594
result_SELECT_10_Heisenberg2D_cylinder_0.5_0.5_3,inner,2,naive,0.0,2,Single,No_MSF,1069,304784
result_SELECT_10_Heisenberg2D_cylinder_0.5_0.5_3,inner,2,naive,0.0,2,Single,No_Top,1069,300112
result_SELECT_10_Heisenberg2D_cylinder_0.5_0.5_3,inner,2,naive,0.0,2,Single,No_MP,1117,444418
result_SELECT_10_Heisenberg2D_cylinder_0.5_0.5_3,inner,2,naive,0.0,2,Single,No_Kink,1173,516811
result_SELECT_10_Heisenberg2D_cylinder_0.5_0.5_3,inner,2,naive,0.0,2,Single,Yes_Kink,1192,535447
result_SELECT_10_Heisenberg2D_cylinder_0.5_0.5_3,inner,2,naive,0.0,2,Double,No_MSF,987,282480
result_SELECT_10_Heisenberg2D_cylinder_0.5_0.5_3,inner,2,naive,0.0,2,Double,No_Top,987,277808
result_SELECT_10_Heisenberg2D_cylinder_0.5_0.5_3,inner,2,naive,0.0,2,Double,No_MP,1010,421219
result_SELECT_10_Heisenberg2D_cylinder_0.5_0.5_3,inner,2,naive,0.0,2,Double,No_Kink,1038,491094
result_SELECT_10_Heisenberg2D_cylinder_0.5_0.5_3,inner,2,naive,0.0,2,Double,Yes_Kink,1060,495675
result_SELECT_10_Heisenberg2D_cylinder_0.5_0.5_3,inner,2,naive,0.0,2,Proj.,No_MSF,837,241680
result_SELECT_10_Heisenberg2D_cylinder_0.5_0.5_3,inner,2,naive,0.0,2,Proj.,No_Top,837,237008
result_SELECT_10_Heisenberg2D_cylinder_0.5_0.5_3,inner,2,naive,0.0,2,Proj.,No_MP,865,912736
result_SELECT_10_Heisenberg2D_cylinder_0.5_0.5_3,inner,2,naive,0.0,2,Proj.,No_Kink,874,1055409
result_SELECT_10_Heisenberg2D_cylinder_0.5_0.5_3,inner,2,naive,0.0,2,Proj.,Yes_Kink,909,1075773
result_trotter_10_Heisenberg2D_cylinder_0.5_0.5_det,outer,2,SA,0.01,1,Single,No_MSF,756,126600
result_trotter_10_Heisenberg2D_cylinder_0.5_0.5_det,outer,2,SA,0.01,1,Single,No_Top,1173,142800
result_trotter_10_Heisenberg2D_cylinder_0.5_0.5_det,outer,2,SA,0.01,1,Single,No_MP,757,136472
result_trotter_10_Heisenberg2D_cylinder_0.5_0.5_det,outer,2,SA,0.01,1,Single,No_Kink,1220,417820
result_trotter_10_Heisenberg2D_cylinder_0.5_0.5_det,outer,2,SA,0.01,1,Single,Yes_Kink,1246,419590
result_trotter_10_Heisenberg2D_cylinder_0.5_0.5_det,outer,2,SA,0.01,1,Double,No_MSF,749,125900
result_trotter_10_Heisenberg2D_cylinder_0.5_0.5_det,outer,2,SA,0.01,1,Double,No_Top,1160,141500
result_trotter_10_Heisenberg2D_cylinder_0.5_0.5_det,outer,2,SA,0.01,1,Double,No_MP,750,137560
result_trotter_10_Heisenberg2D_cylinder_0.5_0.5_det,outer,2,SA,0.01,1,Double,No_Kink,1203,463936
result_trotter_10_Heisenberg2D_cylinder_0.5_0.5_det,outer,2,SA,0.01,1,Double,Yes_Kink,1209,463324
result_trotter_10_Heisenberg2D_cylinder_0.5_0.5_det,outer,2,SA,0.01,1,Proj.,No_MSF,390,90000
result_trotter_10_Heisenberg2D_cylinder_0.5_0.5_det,outer,2,SA,0.01,1,Proj.,No_Top,1160,141500
result_trotter_10_Heisenberg2D_cylinder_0.5_0.5_det,outer,2,SA,0.01,1,Proj.,No_MP,558,279419
result_trotter_10_Heisenberg2D_cylinder_0.5_0.5_det,outer,2,SA,0.01,1,Proj.,No_Kink,1302,760155
result_trotter_10_Heisenberg2D_cylinder_0.5_0.5_det,outer,2,SA,0.01,1,Proj.,Yes_Kink,1307,751905
result_SELECT_10_Heisenberg2D_cylinder_0.5_0.5_0,outer,1,SA,0.01,2,Single,No_MSF,8099,1001446
result_SELECT_10_Heisenberg2D_cylinder_0.5_0.5_0,outer,1,SA,0.01,2,Single,No_Top,8101,997234
result_SELECT_10_Heisenberg2D_cylinder_0.5_0.5_0,outer,1,SA,0.01,2,Single,No_MP,8099,1039870
result_SELECT_10_Heisenberg2D_cylinder_0.5_0.5_0,outer,1,SA,0.01,2,Single,No_Kink,8101,1089836
result_SELECT_10_Heisenberg2D_cylinder_0.5_0.5_0,outer,1,SA,0.01,2,Double,No_MSF,7536,932760
result_SELECT_10_Heisenberg2D_cylinder_0.5_0.5_0,outer,1,SA,0.01,2,Double,No_Top,7537,928426
result_SELECT_10_Heisenberg2D_cylinder_0.5_0.5_0,outer,1,SA,0.01,2,Double,No_MP,7536,980036
result_SELECT_10_Heisenberg2D_cylinder_0.5_0.5_0,outer,1,SA,0.01,2,Double,No_Kink,7537,1034781
result_SELECT_10_Heisenberg2D_cylinder_0.5_0.5_0,outer,1,SA,0.01,2,Double,Yes_Kink,7537,1032512
result_SELECT_10_Heisenberg2D_cylinder_0.5_0.5_0,outer,1,SA,0.01,2,Proj.,No_MSF,6660,825888
result_SELECT_10_Heisenberg2D_cylinder_0.5_0.5_0,outer,1,SA,0.01,2,Proj.,No_Top,6660,821432
result_SELECT_10_Heisenberg2D_cylinder_0.5_0.5_0,outer,1,SA,0.01,2,Proj.,No_MP,6660,2407708
result_SELECT_10_Heisenberg2D_cylinder_0.5_0.5_0,outer,1,SA,0.01,2,Proj.,No_Kink,6665,2903010
result_SELECT_10_Heisenberg2D_cylinder_0.5_0.5_0,outer,1,SA,0.01,2,Proj.,Yes_Kink,6667,2880492
result_trotter_10_Heisenberg2D_cylinder_0.5_0.5_det,inner,2,SA,1.0,2,Single,No_MSF,756,152100
result_trotter_10_Heisenberg2D_cylinder_0.5_0.5_det,inner,2,SA,1.0,2,Single,No_Top,1742,225200
result_trotter_10_Heisenberg2D_cylinder_0.5_0.5_det,inner,2,SA,1.0,2,Single,No_MP,757,162906
result_trotter_10_Heisenberg2D_cylinder_0.5_0.5_det,inner,2,SA,1.0,2,Single,No_Kink,1746,371932
result_trotter_10_Heisenberg2D_cylinder_0.5_0.5_det,inner,2,SA,1.0,2,Single,Yes_Kink,1750,415509
result_trotter_10_Heisenberg2D_cylinder_0.5_0.5_det,inner,2,SA,1.0,2,Double,No_MSF,749,151400
result_trotter_10_Heisenberg2D_cylinder_0.5_0.5_det,inner,2,SA,1.0,2,Double,No_Top,1740,225000
result_trotter_10_Heisenberg2D_cylinder_0.5_0.5_det,inner,2,SA,1.0,2,Double,No_MP,749,163949
result_trotter_10_Heisenberg2D_cylinder_0.5_0.5_det,inner,2,SA,1.0,2,Double,No_Kink,1741,372650
result_trotter_10_Heisenberg2D_cylinder_0.5_0.5_det,inner,2,SA,1.0,2,Double,Yes_Kink,1741,380130
result_trotter_10_Heisenberg2D_cylinder_0.5_0.5_det,inner,2,SA,1.0,2,Proj.,No_MSF,390,115500
result_trotter_10_Heisenberg2D_cylinder_0.5_0.5_det,inner,2,SA,1.0,2,Proj.,No_Top,1740,225000
result_trotter_10_Heisenberg2D_cylinder_0.5_0.5_det,inner,2,SA,1.0,2,Proj.,No_MP,547,295280
result_trotter_10_Heisenberg2D_cylinder_0.5_0.5_det,inner,2,SA,1.0,2,Proj.,No_Kink,2031,1142537
result_trotter_10_Heisenberg2D_cylinder_0.5_0.5_det,inner,2,SA,1.0,2,Proj.,Yes_Kink,2075,1140828
result_trotter_10_Heisenberg2D_cylinder_0.5_0.5_rand,outer,2,SA,0.01,2,Single,No_MSF,744,150900
result_trotter_10_Heisenberg2D_cylinder_0.5_0.5_rand,outer,2,SA,0.01,2,Single,No_Top,1742,225200
result_trotter_10_Heisenberg2D_cylinder_0.5_0.5_rand,outer,2,SA,0.01,2,Single,No_MP,744,160230
result_trotter_10_Heisenberg2D_cylinder_0.5_0.5_rand,outer,2,SA,0.01,2,Single,No_Kink,1749,496456
result_trotter_10_Heisenberg2D_cylinder_0.5_0.5_rand,outer,2,SA,0.01,2,Single,Yes_Kink,1753,498615
result_trotter_10_Heisenberg2D_cylinder_0.5_0.5_rand,outer,2,SA,0.01,2,Double,No_MSF,721,148600
result_trotter_10_Heisenberg2D_cylinder_0.5_0.5_rand,outer,2,SA,0.01,2,Double,No_Top,1740,225000
result_trotter_10_Heisenberg2D_cylinder_0.5_0.5_rand,outer,2,SA,0.01,2,Double,No_MP,721,159918
result_trotter_10_Heisenberg2D_cylinder_0.5_0.5_rand,outer,2,SA,0.01,2,Double,No_Kink,1741,517867
result_trotter_10_Heisenberg2D_cylinder_0.5_0.5_rand,outer,2,SA,0.01,2,Double,Yes_Kink,1741,528352
result_trotter_10_Heisenberg2D_cylinder_0.5_0.5_rand,outer,2,SA,0.01,2,Proj.,No_MSF,390,115500
result_trotter_10_Heisenberg2D_cylinder_0.5_0.5_rand,outer,2,SA,0.01,2,Proj.,No_Top,1740,225000
result_trotter_10_Heisenberg2D_cylinder_0.5_0.5_rand,outer,2,SA,0.01,2,Proj.,No_MP,512,282803
result_trotter_10_Heisenberg2D_cylinder_0.5_0.5_rand,outer,2,SA,0.01,2,Proj.,No_Kink,1799,1092712
result_trotter_10_Heisenberg2D_cylinder_0.5_0.5_rand,outer,2,SA,0.01,2,Proj.,Yes_Kink,1808,1086783
result_SELECT_10_Heisenberg2D_cylinder_0.5_0.5_3,outer,1,random,0.0,0,Single,No_MSF,1069,295440
result_SELECT_10_Heisenberg2D_cylinder_0.5_0.5_3,outer,1,random,0.0,0,Single,No_Top,1069,290768
result_SELECT_10_Heisenberg2D_cylinder_0.5_0.5_3,outer,1,random,0.0,0,Single,No_MP,1111,533642
result_SELECT_10_Heisenberg2D_cylinder_0.5_0.5_3,outer,1,random,0.0,0,Single,No_Kink,1153,581336
result_SELECT_10_Heisenberg2D_cylinder_0.5_0.5_3,outer,1,random,0.0,0,Double,No_MSF,987,273136
result_SELECT_10_Heisenberg2D_cylinder_0.5_0.5_3,outer,1,random,0.0,0,Double,No_Top,987,268464
result_SELECT_10_Heisenberg2D_cylinder_0.5_0.5_3,outer,1,random,0.0,0,Double,No_MP,990,479377
result_SELECT_10_Heisenberg2D_cylinder_0.5_0.5_3,outer,1,random,0.0,0,Double,No_Kink,991,521289
result_SELECT_10_Heisenberg2D_cylinder_0.5_0.5_3,outer,1,random,0.0,0,Double,Yes_Kink,1000,523540
result_SELECT_10_Heisenberg2D_cylinder_0.5_0.5_3,outer,1,random,0.0,0,Proj.,No_MSF,837,232336
result_SELECT_10_Heisenberg2D_cylinder_0.5_0.5_3,outer,1,random,0.0,0,Proj.,No_Top,837,227664
result_SELECT_10_Heisenberg2D_cylinder_0.5_0.5_3,outer,1,random,0.0,0,Proj.,No_MP,856,887123
result_SELECT_10_Heisenberg2D_cylinder_0.5_0.5_3,outer,1,random,0.0,0,Proj.,No_Kink,859,938033
result_SELECT_10_Heisenberg2D_cylinder_0.5_0.5_3,outer,1,random,0.0,0,Proj.,Yes_Kink,861,928794
result_trotter_10_Heisenberg2D_cylinder_0.5_0.5_rand,inner,1,SA,0.001,0,Single,No_MSF,744,99900
result_trotter_10_Heisenberg2D_cylinder_0.5_0.5_rand,inner,1,SA,0.001,0,Single,No_Top,744,74400
result_trotter_10_Heisenberg2D_cylinder_0.5_0.5_rand,inner,1,SA,0.001,0,Single,No_MP,744,111076
result_trotter_10_Heisenberg2D_cylinder_0.5_0.5_rand,inner,1,SA,0.001,0,Single,No_Kink,1173,303862
result_trotter_10_Heisenberg2D_cylinder_0.5_0.5_rand,inner,1,SA,0.001,0,Double,No_MSF,721,97600
result_trotter_10_Heisenberg2D_cylinder_0.5_0.5_rand,inner,1,SA,0.001,0,Double,No_Top,721,72100
result_trotter_10_Heisenberg2D_cylinder_0.5_0.5_rand,inner,1,SA,0.001,0,Double,No_MP,722,110493
result_trotter_10_Heisenberg2D_cylinder_0.5_0.5_rand,inner,1,SA,0.001,0,Double,No_Kink,1433,439499
result_trotter_10_Heisenberg2D_cylinder_0.5_0.5_rand,inner,1,SA,0.001,0,Double,Yes_Kink,1473,437484
result_trotter_10_Heisenberg2D_cylinder_0.5_0.5_rand,inner,1,SA,0.001,0,Proj.,No_MSF,390,64500
result_trotter_10_Heisenberg2D_cylinder_0.5_0.5_rand,inner,1,SA,0.001,0,Proj.,No_Top,580,58000
result_trotter_10_Heisenberg2D_cylinder_0.5_0.5_rand,inner,1,SA,0.001,0,Proj.,No_MP,516,212019
result_trotter_10_Heisenberg2D_cylinder_0.5_0.5_rand,inner,1,SA,0.001,0,Proj.,No_Kink,1312,518641
result_trotter_10_Heisenberg2D_cylinder_0.5_0.5_rand,inner,1,SA,0.001,0,Proj.,Yes_Kink,1431,555749
result_SELECT_10_Heisenberg2D_cylinder_0.5_0.5_0,outer,1,random,0.0,0,Single,No_MSF,8099,992534
result_SELECT_10_Heisenberg2D_cylinder_0.5_0.5_0,outer,1,random,0.0,0,Single,No_Top,8099,988078
result_SELECT_10_Heisenberg2D_cylinder_0.5_0.5_0,outer,1,random,0.0,0,Single,No_MP,8099,1127592
result_SELECT_10_Heisenberg2D_cylinder_0.5_0.5_0,outer,1,random,0.0,0,Single,No_Kink,8099,1135126
result_SELECT_10_Heisenberg2D_cylinder_0.5_0.5_0,outer,1,random,0.0,0,Double,No_MSF,7536,923848
result_SELECT_10_Heisenberg2D_cylinder_0.5_0.5_0,outer,1,random,0.0,0,Double,No_Top,7536,919392
result_SELECT_10_Heisenberg2D_cylinder_0.5_0.5_0,outer,1,random,0.0,0,Double,No_MP,7536,1066978
result_SELECT_10_Heisenberg2D_cylinder_0.5_0.5_0,outer,1,random,0.0,0,Double,No_Kink,7536,1079022
result_SELECT_10_Heisenberg2D_cylinder_0.5_0.5_0,outer,1,random,0.0,0,Double,Yes_Kink,7536,1079469
result_SELECT_10_Heisenberg2D_cylinder_0.5_0.5_0,outer,1,random,0.0,0,Proj.,No_MSF,6660,816976
result_SELECT_10_Heisenberg2D_cylinder_0.5_0.5_0,outer,1,random,0.0,0,Proj.,No_Top,6660,812520
result_SELECT_10_Heisenberg2D_cylinder_0.5_0.5_0,outer,1,random,0.0,0,Proj.,No_MP,6660,3051524
result_SELECT_10_Heisenberg2D_cylinder_0.5_0.5_0,outer,1,random,0.0,0,Proj.,No_Kink,6660,3263879
result_SELECT_10_Heisenberg2D_cylinder_0.5_0.5_0,outer,1,random,0.0,0,Proj.,Yes_Kink,6661,3181163
result_SELECT_10_Heisenberg2D_cylinder_0.5_0.5_6,inner,1,random,0.0,8,Single,No_MSF,211,331840
result_SELECT_10_Heisenberg2D_cylinder_0.5_0.5_6,inner,1,random,0.0,8,Single,No_Top,383,551392
result_SELECT_10_Heisenberg2D_cylinder_0.5_0.5_6,inner,1,random,0.0,8,Single,No_MP,596,1532108
result_SELECT_10_Heisenberg2D_cylinder_0.5_0.5_6,inner,1,random,0.0,8,Single,No_Kink,636,1648460
result_SELECT_10_Heisenberg2D_cylinder_0.5_0.5_6,inner,1,random,0.0,8,Double,No_MSF,177,287232
result_SELECT_10_Heisenberg2D_cylinder_0.5_0.5_6,inner,1,random,0.0,8,Double,No_Top,374,539584
result_SELECT_10_Heisenberg2D_cylinder_0.5_0.5_6,inner,1,random,0.0,8,Double,No_MP,334,1203642
result_SELECT_10_Heisenberg2D_cylinder_0.5_0.5_6,inner,1,random,0.0,8,Double,No_Kink,421,1450323
result_SELECT_10_Heisenberg2D_cylinder_0.5_0.5_6,inner,1,random,0.0,8,Double,Yes_Kink,423,1456218
result_SELECT_10_Heisenberg2D_cylinder_0.5_0.5_6,inner,1,random,0.0,8,Proj.,No_MSF,108,196704
result_SELECT_10_Heisenberg2D_cylinder_0.5_0.5_6,inner,1,random,0.0,8,Proj.,No_Top,369,533024
result_SELECT_10_Heisenberg2D_cylinder_0.5_0.5_6,inner,1,random,0.0,8,Proj.,No_MP,236,1170528
result_SELECT_10_Heisenberg2D_cylinder_0.5_0.5_6,inner,1,random,0.0,8,Proj.,No_Kink,720,3335758
result_SELECT_10_Heisenberg2D_cylinder_0.5_0.5_6,inner,1,random,0.0,8,Proj.,Yes_Kink,742,3381333
result_trotter_10_Heisenberg2D_cylinder_0.5_0.5_rand,inner,1,naive,0.0,0,Single,No_MSF,744,99900
result_trotter_10_Heisenberg2D_cylinder_0.5_0.5_rand,inner,1,naive,0.0,0,Single,No_Top,744,74400
result_trotter_10_Heisenberg2D_cylinder_0.5_0.5_rand,inner,1,naive,0.0,0,Single,No_MP,772,134486
result_trotter_10_Heisenberg2D_cylinder_0.5_0.5_rand,inner,1,naive,0.0,0,Single,No_Kink,2347,565222
result_trotter_10_Heisenberg2D_cylinder_0.5_0.5_rand,inner,1,naive,0.0,0,Double,No_MSF,721,97600
result_trotter_10_Heisenberg2D_cylinder_0.5_0.5_rand,inner,1,naive,0.0,0,Double,No_Top,721,72100
result_trotter_10_Heisenberg2D_cylinder_0.5_0.5_rand,inner,1,naive,0.0,0,Double,No_MP,734,133110
result_trotter_10_Heisenberg2D_cylinder_0.5_0.5_rand,inner,1,naive,0.0,0,Double,No_Kink,2389,672438
result_trotter_10_Heisenberg2D_cylinder_0.5_0.5_rand,inner,1,naive,0.0,0,Double,Yes_Kink,2405,666872
result_trotter_10_Heisenberg2D_cylinder_0.5_0.5_rand,inner,1,naive,0.0,0,Proj.,No_MSF,390,64500
result_trotter_10_Heisenberg2D_cylinder_0.5_0.5_rand,inner,1,naive,0.0,0,Proj.,No_Top,580,58000
result_trotter_10_Heisenberg2D_cylinder_0.5_0.5_rand,inner,1,naive,0.0,0,Proj.,No_MP,569,232127
result_trotter_10_Heisenberg2D_cylinder_0.5_0.5_rand,inner,1,naive,0.0,0,Proj.,No_Kink,2286,951788
result_trotter_10_Heisenberg2D_cylinder_0.5_0.5_rand,inner,1,naive,0.0,0,Proj.,Yes_Kink,2302,927297
result_SELECT_10_Heisenberg2D_cylinder_0.5_0.5_1,outer,2,SA,0.001,0,Single,No_MSF,4079,591856
result_SELECT_10_Heisenberg2D_cylinder_0.5_0.5_1,outer,2,SA,0.001,0,Single,No_Top,4079,587376
result_SELECT_10_Heisenberg2D_cylinder_0.5_0.5_1,outer,2,SA,0.001,0,Single,No_MP,4079,628679
result_SELECT_10_Heisenberg2D_cylinder_0.5_0.5_1,outer,2,SA,0.001,0,Single,No_Kink,4079,666047
result_SELECT_10_Heisenberg2D_cylinder_0.5_0.5_1,outer,2,SA,0.001,0,Single,Yes_Kink,4079,674579
result_SELECT_10_Heisenberg2D_cylinder_0.5_0.5_1,outer,2,SA,0.001,0,Double,No_MSF,3792,550528
result_SELECT_10_Heisenberg2D_cylinder_0.5_0.5_1,outer,2,SA,0.001,0,Double,No_Top,3792,546048
result_SELECT_10_Heisenberg2D_cylinder_0.5_0.5_1,outer,2,SA,0.001,0,Double,No_MP,3792,595903
result_SELECT_10_Heisenberg2D_cylinder_0.5_0.5_1,outer,2,SA,0.001,0,Double,No_Kink,3792,639146
result_SELECT_10_Heisenberg2D_cylinder_0.5_0.5_1,outer,2,SA,0.001,0,Double,Yes_Kink,3930,654764
result_SELECT_10_Heisenberg2D_cylinder_0.5_0.5_1,outer,2,SA,0.001,0,Proj.,No_MSF,3333,484432
result_SELECT_10_Heisenberg2D_cylinder_0.5_0.5_1,outer,2,SA,0.001,0,Proj.,No_Top,3333,479952
result_SELECT_10_Heisenberg2D_cylinder_0.5_0.5_1,outer,2,SA,0.001,0,Proj.,No_MP,3334,1439004
result_SELECT_10_Heisenberg2D_cylinder_0.5_0.5_1,outer,2,SA,0.001,0,Proj.,No_Kink,3339,1903723
result_SELECT_10_Heisenberg2D_cylinder_0.5_0.5_1,outer,2,SA,0.001,0,Proj.,Yes_Kink,3339,1923390
result_trotter_10_Heisenberg2D_cylinder_0.5_0.5_det,inner,1,SA,1.0,1,Single,No_MSF,756,126600
result_trotter_10_Heisenberg2D_cylinder_0.5_0.5_det,inner,1,SA,1.0,1,Single,No_Top,1173,142800
result_trotter_10_Heisenberg2D_cylinder_0.5_0.5_det,inner,1,SA,1.0,1,Single,No_MP,762,140140
result_trotter_10_Heisenberg2D_cylinder_0.5_0.5_det,inner,1,SA,1.0,1,Single,No_Kink,1198,317604
result_trotter_10_Heisenberg2D_cylinder_0.5_0.5_det,inner,1,SA,1.0,1,Double,No_MSF,749,125900
result_trotter_10_Heisenberg2D_cylinder_0.5_0.5_det,inner,1,SA,1.0,1,Double,No_Top,1160,141500
result_trotter_10_Heisenberg2D_cylinder_0.5_0.5_det,inner,1,SA,1.0,1,Double,No_MP,751,140769
result_trotter_10_Heisenberg2D_cylinder_0.5_0.5_det,inner,1,SA,1.0,1,Double,No_Kink,1179,365234
result_trotter_10_Heisenberg2D_cylinder_0.5_0.5_det,inner,1,SA,1.0,1,Double,Yes_Kink,1198,367568
result_trotter_10_Heisenberg2D_cylinder_0.5_0.5_det,inner,1,SA,1.0,1,Proj.,No_MSF,390,90000
result_trotter_10_Heisenberg2D_cylinder_0.5_0.5_det,inner,1,SA,1.0,1,Proj.,No_Top,1160,141500
result_trotter_10_Heisenberg2D_cylinder_0.5_0.5_det,inner,1,SA,1.0,1,Proj.,No_MP,557,247255
result_trotter_10_Heisenberg2D_cylinder_0.5_0.5_det,inner,1,SA,1.0,1,Proj.,No_Kink,1353,546348
result_trotter_10_Heisenberg2D_cylinder_0.5_0.5_det,inner,1,SA,1.0,1,Proj.,Yes_Kink,1455,561625
result_SELECT_10_Heisenberg2D_cylinder_0.5_0.5_6,outer,1,SA,0.1,4,Single,No_MSF,211,307392
result_SELECT_10_Heisenberg2D_cylinder_0.5_0.5_6,outer,1,SA,0.1,4,Single,No_Top,233,330144
result_SELECT_10_Heisenberg2D_cylinder_0.5_0.5_6,outer,1,SA,0.1,4,Single,No_MP,216,461838
result_SELECT_10_Heisenberg2D_cylinder_0.5_0.5_6,outer,1,SA,0.1,4,Single,No_Kink,277,711040
result_SELECT_10_Heisenberg2D_cylinder_0.5_0.5_6,outer,1,SA,0.1,4,Double,No_MSF,177,262784
result_SELECT_10_Heisenberg2D_cylinder_0.5_0.5_6,outer,1,SA,0.1,4,Double,No_Top,219,311776
result_SELECT_10_Heisenberg2D_cylinder_0.5_0.5_6,outer,1,SA,0.1,4,Double,No_MP,185,422147
result_SELECT_10_Heisenberg2D_cylinder_0.5_0.5_6,outer,1,SA,0.1,4,Double,No_Kink,229,726216
result_SELECT_10_Heisenberg2D_cylinder_0.5_0.5_6,outer,1,SA,0.1,4,Double,Yes_Kink,231,733704
result_SELECT_10_Heisenberg2D_cylinder_0.5_0.5_6,outer,1,SA,0.1,4,Proj.,No_MSF,108,172256
result_SELECT_10_Heisenberg2D_cylinder_0.5_0.5_6,outer,1,SA,0.1,4,Proj.,No_Top,205,293408
result_SELECT_10_Heisenberg2D_cylinder_0.5_0.5_6,outer,1,SA,0.1,4,Proj.,No_MP,136,622565
result_SELECT_10_Heisenberg2D_cylinder_0.5_0.5_6,outer,1,SA,0.1,4,Proj.,No_Kink,210,1000029
result_SELECT_10_Heisenberg2D_cylinder_0.5_0.5_6,outer,1,SA,0.1,4,Proj.,Yes_Kink,220,1024281
result_trotter_10_Heisenberg2D_cylinder_0.5_0.5_det,inner,1,random,0.0,0,Single,No_MSF,756,101100
result_trotter_10_Heisenberg2D_cylinder_0.5_0.5_det,inner,1,random,0.0,0,Single,No_Top,756,75600
result_trotter_10_Heisenberg2D_cylinder_0.5_0.5_det,inner,1,random,0.0,0,Single,No_MP,775,141938
result_trotter_10_Heisenberg2D_cylinder_0.5_0.5_det,inner,1,random,0.0,0,Single,No_Kink,825,201622
result_trotter_10_Heisenberg2D_cylinder_0.5_0.5_det,inner,1,random,0.0,0,Double,No_MSF,749,100400
result_trotter_10_Heisenberg2D_cylinder_0.5_0.5_det,inner,1,random,0.0,0,Double,No_Top,749,74900
result_trotter_10_Heisenberg2D_cylinder_0.5_0.5_det,inner,1,random,0.0,0,Double,No_MP,754,141557
result_trotter_10_Heisenberg2D_cylinder_0.5_0.5_det,inner,1,random,0.0,0,Double,No_Kink,979,318189
result_trotter_10_Heisenberg2D_cylinder_0.5_0.5_det,inner,1,random,0.0,0,Double,Yes_Kink,991,303721
result_trotter_10_Heisenberg2D_cylinder_0.5_0.5_det,inner,1,random,0.0,0,Proj.,No_MSF,390,64500
result_trotter_10_Heisenberg2D_cylinder_0.5_0.5_det,inner,1,random,0.0,0,Proj.,No_Top,580,58000
result_trotter_10_Heisenberg2D_cylinder_0.5_0.5_det,inner,1,random,0.0,0,Proj.,No_MP,591,241680
result_trotter_10_Heisenberg2D_cylinder_0.5_0.5_det,inner,1,random,0.0,0,Proj.,No_Kink,921,344545
result_trotter_10_Heisenberg2D_cylinder_0.5_0.5_det,inner,1,random,0.0,0,Proj.,Yes_Kink,1014,372884
result_trotter_10_Heisenberg2D_cylinder_0.5_0.5_det,outer,1,SA,0.1,0,Single,No_MSF,756,101100
result_trotter_10_Heisenberg2D_cylinder_0.5_0.5_det,outer,1,SA,0.1,0,Single,No_Top,756,75600
result_trotter_10_Heisenberg2D_cylinder_0.5_0.5_det,outer,1,SA,0.1,0,Single,No_MP,759,113646
result_trotter_10_Heisenberg2D_cylinder_0.5_0.5_det,outer,1,SA,0.1,0,Single,No_Kink,863,253844
result_trotter_10_Heisenberg2D_cylinder_0.5_0.5_det,outer,1,SA,0.1,0,Double,No_MSF,749,100400
result_trotter_10_Heisenberg2D_cylinder_0.5_0.5_det,outer,1,SA,0.1,0,Double,No_Top,749,74900
result_trotter_10_Heisenberg2D_cylinder_0.5_0.5_det,outer,1,SA,0.1,0,Double,No_MP,750,114595
result_trotter_10_Heisenberg2D_cylinder_0.5_0.5_det,outer,1,SA,0.1,0,Double,No_Kink,1148,393723
result_trotter_10_Heisenberg2D_cylinder_0.5_0.5_det,outer,1,SA,0.1,0,Double,Yes_Kink,1157,380124
result_trotter_10_Heisenberg2D_cylinder_0.5_0.5_det,outer,1,SA,0.1,0,Proj.,No_MSF,390,64500
result_trotter_10_Heisenberg2D_cylinder_0.5_0.5_det,outer,1,SA,0.1,0,Proj.,No_Top,580,58000
result_trotter_10_Heisenberg2D_cylinder_0.5_0.5_det,outer,1,SA,0.1,0,Proj.,No_MP,573,220820
result_trotter_10_Heisenberg2D_cylinder_0.5_0.5_det,outer,1,SA,0.1,0,Proj.,No_Kink,974,363178
result_trotter_10_Heisenberg2D_cylinder_0.5_0.5_det,outer,1,SA,0.1,0,Proj.,Yes_Kink,1086,405783
result_SELECT_10_Heisenberg2D_cylinder_0.5_0.5_3,inner,2,SA,0.001,2,Single,No_MSF,1069,304784
result_SELECT_10_Heisenberg2D_cylinder_0.5_0.5_3,inner,2,SA,0.001,2,Single,No_Top,1069,300112
result_SELECT_10_Heisenberg2D_cylinder_0.5_0.5_3,inner,2,SA,0.001,2,Single,No_MP,1069,341838
result_SELECT_10_Heisenberg2D_cylinder_0.5_0.5_3,inner,2,SA,0.001,2,Single,No_Kink,1069,367302
result_SELECT_10_Heisenberg2D_cylinder_0.5_0.5_3,inner,2,SA,0.001,2,Single,Yes_Kink,1070,378517
result_SELECT_10_Heisenberg2D_cylinder_0.5_0.5_3,inner,2,SA,0.001,2,Double,No_MSF,987,282480
result_SELECT_10_Heisenberg2D_cylinder_0.5_0.5_3,inner,2,SA,0.001,2,Double,No_Top,987,277808
result_SELECT_10_Heisenberg2D_cylinder_0.5_0.5_3,inner,2,SA,0.001,2,Double,No_MP,988,329284
result_SELECT_10_Heisenberg2D_cylinder_0.5_0.5_3,inner,2,SA,0.001,2,Double,No_Kink,988,360904
result_SELECT_10_Heisenberg2D_cylinder_0.5_0.5_3,inner,2,SA,0.001,2,Double,Yes_Kink,1023,366539
result_SELECT_10_Heisenberg2D_cylinder_0.5_0.5_3,inner,2,SA,0.001,2,Proj.,No_MSF,837,241680
result_SELECT_10_Heisenberg2D_cylinder_0.5_0.5_3,inner,2,SA,0.001,2,Proj.,No_Top,837,237008
result_SELECT_10_Heisenberg2D_cylinder_0.5_0.5_3,inner,2,SA,0.001,2,Proj.,No_MP,845,876610
result_SELECT_10_Heisenberg2D_cylinder_0.5_0.5_3,inner,2,SA,0.001,2,Proj.,No_Kink,853,990449
result_SELECT_10_Heisenberg2D_cylinder_0.5_0.5_3,inner,2,SA,0.001,2,Proj.,Yes_Kink,864,998480
result_trotter_10_Heisenberg2D_cylinder_0.5_0.5_rand,inner,2,naive,0.0,2,Single,No_MSF,744,150900
result_trotter_10_Heisenberg2D_cylinder_0.5_0.5_rand,inner,2,naive,0.0,2,Single,No_Top,1742,225200
result_trotter_10_Heisenberg2D_cylinder_0.5_0.5_rand,inner,2,naive,0.0,2,Single,No_MP,752,176240
result_trotter_10_Heisenberg2D_cylinder_0.5_0.5_rand,inner,2,naive,0.0,2,Single,No_Kink,1808,527018
result_trotter_10_Heisenberg2D_cylinder_0.5_0.5_rand,inner,2,naive,0.0,2,Single,Yes_Kink,1813,533482
result_trotter_10_Heisenberg2D_cylinder_0.5_0.5_rand,inner,2,naive,0.0,2,Double,No_MSF,721,148600
result_trotter_10_Heisenberg2D_cylinder_0.5_0.5_rand,inner,2,naive,0.0,2,Double,No_Top,1740,225000
result_trotter_10_Heisenberg2D_cylinder_0.5_0.5_rand,inner,2,naive,0.0,2,Double,No_MP,730,176028
result_trotter_10_Heisenberg2D_cylinder_0.5_0.5_rand,inner,2,naive,0.0,2,Double,No_Kink,1755,556751
result_trotter_10_Heisenberg2D_cylinder_0.5_0.5_rand,inner,2,naive,0.0,2,Double,Yes_Kink,1775,572612
result_trotter_10_Heisenberg2D_cylinder_0.5_0.5_rand,inner,2,naive,0.0,2,Proj.,No_MSF,390,115500
result_trotter_10_Heisenberg2D_cylinder_0.5_0.5_rand,inner,2,naive,0.0,2,Proj.,No_Top,1740,225000
result_trotter_10_Heisenberg2D_cylinder_0.5_0.5_rand,inner,2,naive,0.0,2,Proj.,No_MP,550,297579
result_trotter_10_Heisenberg2D_cylinder_0.5_0.5_rand,inner,2,naive,0.0,2,Proj.,No_Kink,1787,1101611
result_trotter_10_Heisenberg2D_cylinder_0.5_0.5_rand,inner,2,naive,0.0,2,Proj.,Yes_Kink,1797,1103066
result_SELECT_10_Heisenberg2D_cylinder_0.5_0.5_6,outer,1,random,0.0,10,Single,No_MSF,211,344064
result_SELECT_10_Heisenberg2D_cylinder_0.5_0.5_6,outer,1,random,0.0,10,Single,No_Top,463,668576
result_SELECT_10_Heisenberg2D_cylinder_0.5_0.5_6,outer,1,random,0.0,10,Single,No_MP,553,1498264
result_SELECT_10_Heisenberg2D_cylinder_0.5_0.5_6,outer,1,random,0.0,10,Single,No_Kink,694,1814026
result_SELECT_10_Heisenberg2D_cylinder_0.5_0.5_6,outer,1,random,0.0,10,Double,No_MSF,177,299456
result_SELECT_10_Heisenberg2D_cylinder_0.5_0.5_6,outer,1,random,0.0,10,Double,No_Top,454,656768
result_SELECT_10_Heisenberg2D_cylinder_0.5_0.5_6,outer,1,random,0.0,10,Double,No_MP,328,1209595
result_SELECT_10_Heisenberg2D_cylinder_0.5_0.5_6,outer,1,random,0.0,10,Double,No_Kink,472,1597290
result_SELECT_10_Heisenberg2D_cylinder_0.5_0.5_6,outer,1,random,0.0,10,Double,Yes_Kink,477,1602708
result_SELECT_10_Heisenberg2D_cylinder_0.5_0.5_6,outer,1,random,0.0,10,Proj.,No_MSF,108,208928
result_SELECT_10_Heisenberg2D_cylinder_0.5_0.5_6,outer,1,random,0.0,10,Proj.,No_Top,451,652832
result_SELECT_10_Heisenberg2D_cylinder_0.5_0.5_6,outer,1,random,0.0,10,Proj.,No_MP,234,1161727
result_SELECT_10_Heisenberg2D_cylinder_0.5_0.5_6,outer,1,random,0.0,10,Proj.,No_Kink,462,2247402
result_SELECT_10_Heisenberg2D_cylinder_0.5_0.5_6,outer,1,random,0.0,10,Proj.,Yes_Kink,462,2241077
result_trotter_10_Heisenberg2D_cylinder_0.5_0.5_rand,inner,2,SA,1.0,0,Single,No_MSF,744,99900
result_trotter_10_Heisenberg2D_cylinder_0.5_0.5_rand,inner,2,SA,1.0,0,Single,No_Top,744,74400
result_trotter_10_Heisenberg2D_cylinder_0.5_0.5_rand,inner,2,SA,1.0,0,Single,No_MP,744,110340
result_trotter_10_Heisenberg2D_cylinder_0.5_0.5_rand,inner,2,SA,1.0,0,Single,No_Kink,748,163076
result_trotter_10_Heisenberg2D_cylinder_0.5_0.5_rand,inner,2,SA,1.0,0,Single,Yes_Kink,750,169666
result_trotter_10_Heisenberg2D_cylinder_0.5_0.5_rand,inner,2,SA,1.0,0,Double,No_MSF,721,97600
result_trotter_10_Heisenberg2D_cylinder_0.5_0.5_rand,inner,2,SA,1.0,0,Double,No_Top,721,72100
result_trotter_10_Heisenberg2D_cylinder_0.5_0.5_rand,inner,2,SA,1.0,0,Double,No_MP,722,110091
result_trotter_10_Heisenberg2D_cylinder_0.5_0.5_rand,inner,2,SA,1.0,0,Double,No_Kink,736,197464
result_trotter_10_Heisenberg2D_cylinder_0.5_0.5_rand,inner,2,SA,1.0,0,Double,Yes_Kink,756,200826
result_trotter_10_Heisenberg2D_cylinder_0.5_0.5_rand,inner,2,SA,1.0,0,Proj.,No_MSF,390,64500
result_trotter_10_Heisenberg2D_cylinder_0.5_0.5_rand,inner,2,SA,1.0,0,Proj.,No_Top,580,58000
result_trotter_10_Heisenberg2D_cylinder_0.5_0.5_rand,inner,2,SA,1.0,0,Proj.,No_MP,488,229907
result_trotter_10_Heisenberg2D_cylinder_0.5_0.5_rand,inner,2,SA,1.0,0,Proj.,No_Kink,763,434917
result_trotter_10_Heisenberg2D_cylinder_0.5_0.5_rand,inner,2,SA,1.0,0,Proj.,Yes_Kink,852,480942
result_SELECT_10_Heisenberg2D_cylinder_0.5_0.5_6,outer,2,SA,0.1,10,Single,No_MSF,211,344064
result_SELECT_10_Heisenberg2D_cylinder_0.5_0.5_6,outer,2,SA,0.1,10,Single,No_Top,463,668576
result_SELECT_10_Heisenberg2D_cylinder_0.5_0.5_6,outer,2,SA,0.1,10,Single,No_MP,211,441868
result_SELECT_10_Heisenberg2D_cylinder_0.5_0.5_6,outer,2,SA,0.1,10,Single,No_Kink,457,939937
result_SELECT_10_Heisenberg2D_cylinder_0.5_0.5_6,outer,2,SA,0.1,10,Single,Yes_Kink,457,951118
result_SELECT_10_Heisenberg2D_cylinder_0.5_0.5_6,outer,2,SA,0.1,10,Double,No_MSF,177,299456
result_SELECT_10_Heisenberg2D_cylinder_0.5_0.5_6,outer,2,SA,0.1,10,Double,No_Top,454,656768
result_SELECT_10_Heisenberg2D_cylinder_0.5_0.5_6,outer,2,SA,0.1,10,Double,No_MP,180,410524
result_SELECT_10_Heisenberg2D_cylinder_0.5_0.5_6,outer,2,SA,0.1,10,Double,No_Kink,452,946738
result_SELECT_10_Heisenberg2D_cylinder_0.5_0.5_6,outer,2,SA,0.1,10,Double,Yes_Kink,455,945099
result_SELECT_10_Heisenberg2D_cylinder_0.5_0.5_6,outer,2,SA,0.1,10,Proj.,No_MSF,108,208928
result_SELECT_10_Heisenberg2D_cylinder_0.5_0.5_6,outer,2,SA,0.1,10,Proj.,No_Top,451,652832
result_SELECT_10_Heisenberg2D_cylinder_0.5_0.5_6,outer,2,SA,0.1,10,Proj.,No_MP,128,623194
result_SELECT_10_Heisenberg2D_cylinder_0.5_0.5_6,outer,2,SA,0.1,10,Proj.,No_Kink,462,1898118
result_SELECT_10_Heisenberg2D_cylinder_0.5_0.5_6,outer,2,SA,0.1,10,Proj.,Yes_Kink,462,1889132
result_trotter_10_Heisenberg2D_cylinder_0.5_0.5_det,outer,2,SA,0.01,0,Single,No_MSF,756,101100
result_trotter_10_Heisenberg2D_cylinder_0.5_0.5_det,outer,2,SA,0.01,0,Single,No_Top,756,75600
result_trotter_10_Heisenberg2D_cylinder_0.5_0.5_det,outer,2,SA,0.01,0,Single,No_MP,757,110972
result_trotter_10_Heisenberg2D_cylinder_0.5_0.5_det,outer,2,SA,0.01,0,Single,No_Kink,950,314798
result_trotter_10_Heisenberg2D_cylinder_0.5_0.5_det,outer,2,SA,0.01,0,Single,Yes_Kink,963,314172
result_trotter_10_Heisenberg2D_cylinder_0.5_0.5_det,outer,2,SA,0.01,0,Double,No_MSF,749,100400
result_trotter_10_Heisenberg2D_cylinder_0.5_0.5_det,outer,2,SA,0.01,0,Double,No_Top,749,74900
result_trotter_10_Heisenberg2D_cylinder_0.5_0.5_det,outer,2,SA,0.01,0,Double,No_MP,750,112060
result_trotter_10_Heisenberg2D_cylinder_0.5_0.5_det,outer,2,SA,0.01,0,Double,No_Kink,937,388347
result_trotter_10_Heisenberg2D_cylinder_0.5_0.5_det,outer,2,SA,0.01,0,Double,Yes_Kink,1078,413569
result_trotter_10_Heisenberg2D_cylinder_0.5_0.5_det,outer,2,SA,0.01,0,Proj.,No_MSF,390,64500
result_trotter_10_Heisenberg2D_cylinder_0.5_0.5_det,outer,2,SA,0.01,0,Proj.,No_Top,580,58000
result_trotter_10_Heisenberg2D_cylinder_0.5_0.5_det,outer,2,SA,0.01,0,Proj.,No_MP,558,253919
result_trotter_10_Heisenberg2D_cylinder_0.5_0.5_det,outer,2,SA,0.01,0,Proj.,No_Kink,857,485638
result_trotter_10_Heisenberg2D_cylinder_0.5_0.5_det,outer,2,SA,0.01,0,Proj.,Yes_Kink,971,544192
result_SELECT_10_Heisenberg2D_cylinder_0.5_0.5_5,outer,2,SA,0.001,2,Single,No_MSF,327,256704
result_SELECT_10_Heisenberg2D_cylinder_0.5_0.5_5,outer,2,SA,0.001,2,Single,No_Top,327,251360
result_SELECT_10_Heisenberg2D_cylinder_0.5_0.5_5,outer,2,SA,0.001,2,Single,No_MP,327,316114
result_SELECT_10_Heisenberg2D_cylinder_0.5_0.5_5,outer,2,SA,0.001,2,Single,No_Kink,327,391282
result_SELECT_10_Heisenberg2D_cylinder_0.5_0.5_5,outer,2,SA,0.001,2,Single,Yes_Kink,327,404452
result_SELECT_10_Heisenberg2D_cylinder_0.5_0.5_5,outer,2,SA,0.001,2,Double,No_MSF,290,229472
result_SELECT_10_Heisenberg2D_cylinder_0.5_0.5_5,outer,2,SA,0.001,2,Double,No_Top,291,224864
result_SELECT_10_Heisenberg2D_cylinder_0.5_0.5_5,outer,2,SA,0.001,2,Double,No_MP,290,297303
result_SELECT_10_Heisenberg2D_cylinder_0.5_0.5_5,outer,2,SA,0.001,2,Double,No_Kink,295,381046
result_SELECT_10_Heisenberg2D_cylinder_0.5_0.5_5,outer,2,SA,0.001,2,Double,Yes_Kink,302,387994
result_SELECT_10_Heisenberg2D_cylinder_0.5_0.5_5,outer,2,SA,0.001,2,Proj.,No_MSF,213,172800
result_SELECT_10_Heisenberg2D_cylinder_0.5_0.5_5,outer,2,SA,0.001,2,Proj.,No_Top,213,167456
result_SELECT_10_Heisenberg2D_cylinder_0.5_0.5_5,outer,2,SA,0.001,2,Proj.,No_MP,226,603604
result_SELECT_10_Heisenberg2D_cylinder_0.5_0.5_5,outer,2,SA,0.001,2,Proj.,No_Kink,237,713835
result_SELECT_10_Heisenberg2D_cylinder_0.5_0.5_5,outer,2,SA,0.001,2,Proj.,Yes_Kink,239,717671
result_SELECT_10_Heisenberg2D_cylinder_0.5_0.5_0,inner,2,SA,0.001,2,Single,No_MSF,8099,1001446
result_SELECT_10_Heisenberg2D_cylinder_0.5_0.5_0,inner,2,SA,0.001,2,Single,No_Top,8101,997234
result_SELECT_10_Heisenberg2D_cylinder_0.5_0.5_0,inner,2,SA,0.001,2,Single,No_MP,8099,1036172
result_SELECT_10_Heisenberg2D_cylinder_0.5_0.5_0,inner,2,SA,0.001,2,Single,No_Kink,8101,1069429
result_SELECT_10_Heisenberg2D_cylinder_0.5_0.5_0,inner,2,SA,0.001,2,Single,Yes_Kink,8101,1080957
result_SELECT_10_Heisenberg2D_cylinder_0.5_0.5_0,inner,2,SA,0.001,2,Double,No_MSF,7536,932760
result_SELECT_10_Heisenberg2D_cylinder_0.5_0.5_0,inner,2,SA,0.001,2,Double,No_Top,7537,928426
result_SELECT_10_Heisenberg2D_cylinder_0.5_0.5_0,inner,2,SA,0.001,2,Double,No_MP,7536,975971
result_SELECT_10_Heisenberg2D_cylinder_0.5_0.5_0,inner,2,SA,0.001,2,Double,No_Kink,7537,1015105
result_SELECT_10_Heisenberg2D_cylinder_0.5_0.5_0,inner,2,SA,0.001,2,Double,Yes_Kink,7537,1013698
result_SELECT_10_Heisenberg2D_cylinder_0.5_0.5_0,inner,2,SA,0.001,2,Proj.,No_MSF,6660,825888
result_SELECT_10_Heisenberg2D_cylinder_0.5_0.5_0,inner,2,SA,0.001,2,Proj.,No_Top,6660,821432
result_SELECT_10_Heisenberg2D_cylinder_0.5_0.5_0,inner,2,SA,0.001,2,Proj.,No_MP,6660,2346765
result_SELECT_10_Heisenberg2D_cylinder_0.5_0.5_0,inner,2,SA,0.001,2,Proj.,No_Kink,6661,2718368
result_SELECT_10_Heisenberg2D_cylinder_0.5_0.5_0,inner,2,SA,0.001,2,Proj.,Yes_Kink,6663,2673814
result_SELECT_10_Heisenberg2D_cylinder_0.5_0.5_1,inner,2,SA,1.0,2,Single,No_MSF,4079,600816
result_SELECT_10_Heisenberg2D_cylinder_0.5_0.5_1,inner,2,SA,1.0,2,Single,No_Top,4080,596480
result_SELECT_10_Heisenberg2D_cylinder_0.5_0.5_1,inner,2,SA,1.0,2,Single,No_MP,4079,638428
result_SELECT_10_Heisenberg2D_cylinder_0.5_0.5_1,inner,2,SA,1.0,2,Single,No_Kink,4080,651698
result_SELECT_10_Heisenberg2D_cylinder_0.5_0.5_1,inner,2,SA,1.0,2,Single,Yes_Kink,4080,660126
result_SELECT_10_Heisenberg2D_cylinder_0.5_0.5_1,inner,2,SA,1.0,2,Double,No_MSF,3792,559488
result_SELECT_10_Heisenberg2D_cylinder_0.5_0.5_1,inner,2,SA,1.0,2,Double,No_Top,3793,555152
result_SELECT_10_Heisenberg2D_cylinder_0.5_0.5_1,inner,2,SA,1.0,2,Double,No_MP,3792,606064
result_SELECT_10_Heisenberg2D_cylinder_0.5_0.5_1,inner,2,SA,1.0,2,Double,No_Kink,3793,627584
result_SELECT_10_Heisenberg2D_cylinder_0.5_0.5_1,inner,2,SA,1.0,2,Double,Yes_Kink,3934,645321
result_SELECT_10_Heisenberg2D_cylinder_0.5_0.5_1,inner,2,SA,1.0,2,Proj.,No_MSF,3333,493392
result_SELECT_10_Heisenberg2D_cylinder_0.5_0.5_1,inner,2,SA,1.0,2,Proj.,No_Top,3333,488912
result_SELECT_10_Heisenberg2D_cylinder_0.5_0.5_1,inner,2,SA,1.0,2,Proj.,No_MP,3336,1572098
result_SELECT_10_Heisenberg2D_cylinder_0.5_0.5_1,inner,2,SA,1.0,2,Proj.,No_Kink,3340,1682990
result_SELECT_10_Heisenberg2D_cylinder_0.5_0.5_1,inner,2,SA,1.0,2,Proj.,Yes_Kink,3343,1659998
result_SELECT_10_Heisenberg2D_cylinder_0.5_0.5_6,inner,2,SA,1.0,4,Single,No_MSF,211,307392
result_SELECT_10_Heisenberg2D_cylinder_0.5_0.5_6,inner,2,SA,1.0,4,Single,No_Top,233,330144
result_SELECT_10_Heisenberg2D_cylinder_0.5_0.5_6,inner,2,SA,1.0,4,Single,No_MP,211,413358
result_SELECT_10_Heisenberg2D_cylinder_0.5_0.5_6,inner,2,SA,1.0,4,Single,No_Kink,234,552225
result_SELECT_10_Heisenberg2D_cylinder_0.5_0.5_6,inner,2,SA,1.0,4,Single,Yes_Kink,234,563131
result_SELECT_10_Heisenberg2D_cylinder_0.5_0.5_6,inner,2,SA,1.0,4,Double,No_MSF,177,262784
result_SELECT_10_Heisenberg2D_cylinder_0.5_0.5_6,inner,2,SA,1.0,4,Double,No_Top,219,311776
result_SELECT_10_Heisenberg2D_cylinder_0.5_0.5_6,inner,2,SA,1.0,4,Double,No_MP,180,382001
result_SELECT_10_Heisenberg2D_cylinder_0.5_0.5_6,inner,2,SA,1.0,4,Double,No_Kink,218,545845
result_SELECT_10_Heisenberg2D_cylinder_0.5_0.5_6,inner,2,SA,1.0,4,Double,Yes_Kink,222,549752
result_SELECT_10_Heisenberg2D_cylinder_0.5_0.5_6,inner,2,SA,1.0,4,Proj.,No_MSF,108,172256
result_SELECT_10_Heisenberg2D_cylinder_0.5_0.5_6,inner,2,SA,1.0,4,Proj.,No_Top,205,293408
result_SELECT_10_Heisenberg2D_cylinder_0.5_0.5_6,inner,2,SA,1.0,4,Proj.,No_MP,125,584711
result_SELECT_10_Heisenberg2D_cylinder_0.5_0.5_6,inner,2,SA,1.0,4,Proj.,No_Kink,225,1028987
result_SELECT_10_Heisenberg2D_cylinder_0.5_0.5_6,inner,2,SA,1.0,4,Proj.,Yes_Kink,221,1027136
result_SELECT_100_random_local_OBC_0_0_6,inner,2,SA,0.01,2,Single,No_MSF,247,306944
result_SELECT_100_random_local_OBC_0_0_6,inner,2,SA,0.01,2,Single,No_Top,247,302112
result_SELECT_100_random_local_OBC_0_0_6,inner,2,SA,0.01,2,Single,No_MP,289,497408
result_SELECT_100_random_local_OBC_0_0_6,inner,2,SA,0.01,2,Single,No_Kink,312,605004
result_SELECT_100_random_local_OBC_0_0_6,inner,2,SA,0.01,2,Single,Yes_Kink,327,636541
result_SELECT_100_random_local_OBC_0_0_6,inner,2,SA,0.01,2,Double,No_MSF,192,241824
result_SELECT_100_random_local_OBC_0_0_6,inner,2,SA,0.01,2,Double,No_Top,193,238176
result_SELECT_100_random_local_OBC_0_0_6,inner,2,SA,0.01,2,Double,No_MP,255,472436
result_SELECT_100_random_local_OBC_0_0_6,inner,2,SA,0.01,2,Double,No_Kink,279,596533
result_SELECT_100_random_local_OBC_0_0_6,inner,2,SA,0.01,2,Double,Yes_Kink,290,610551
result_SELECT_100_random_local_OBC_0_0_6,inner,2,SA,0.01,2,Proj.,No_MSF,128,166048
result_SELECT_100_random_local_OBC_0_0_6,inner,2,SA,0.01,2,Proj.,No_Top,128,161216
result_SELECT_100_random_local_OBC_0_0_6,inner,2,SA,0.01,2,Proj.,No_MP,173,775444
result_SELECT_100_random_local_OBC_0_0_6,inner,2,SA,0.01,2,Proj.,No_Kink,214,931856
result_SELECT_100_random_local_OBC_0_0_6,inner,2,SA,0.01,2,Proj.,Yes_Kink,228,990440
result_SELECT_10_Heisenberg2D_cylinder_0.5_0.5_1,inner,1,random,0.0,0,Single,No_MSF,4079,591856
result_SELECT_10_Heisenberg2D_cylinder_0.5_0.5_1,inner,1,random,0.0,0,Single,No_Top,4079,587376
result_SELECT_10_Heisenberg2D_cylinder_0.5_0.5_1,inner,1,random,0.0,0,Single,No_MP,4079,713642
result_SELECT_10_Heisenberg2D_cylinder_0.5_0.5_1,inner,1,random,0.0,0,Single,No_Kink,4079,720100
result_SELECT_10_Heisenberg2D_cylinder_0.5_0.5_1,inner,1,random,0.0,0,Double,No_MSF,3792,550528
result_SELECT_10_Heisenberg2D_cylinder_0.5_0.5_1,inner,1,random,0.0,0,Double,No_Top,3792,546048
result_SELECT_10_Heisenberg2D_cylinder_0.5_0.5_1,inner,1,random,0.0,0,Double,No_MP,3793,676659
result_SELECT_10_Heisenberg2D_cylinder_0.5_0.5_1,inner,1,random,0.0,0,Double,No_Kink,3793,688915
result_SELECT_10_Heisenberg2D_cylinder_0.5_0.5_1,inner,1,random,0.0,0,Double,Yes_Kink,3794,689704
result_SELECT_10_Heisenberg2D_cylinder_0.5_0.5_1,inner,1,random,0.0,0,Proj.,No_MSF,3333,484432
result_SELECT_10_Heisenberg2D_cylinder_0.5_0.5_1,inner,1,random,0.0,0,Proj.,No_Top,3333,479952
result_SELECT_10_Heisenberg2D_cylinder_0.5_0.5_1,inner,1,random,0.0,0,Proj.,No_MP,3337,1781540
result_SELECT_10_Heisenberg2D_cylinder_0.5_0.5_1,inner,1,random,0.0,0,Proj.,No_Kink,3338,1811214
result_SELECT_10_Heisenberg2D_cylinder_0.5_0.5_1,inner,1,random,0.0,0,Proj.,Yes_Kink,3340,1778389
result_SELECT_10_Heisenberg2D_cylinder_0.5_0.5_1,outer,2,SA,0.01,2,Single,No_MSF,4079,600816
result_SELECT_10_Heisenberg2D_cylinder_0.5_0.5_1,outer,2,SA,0.01,2,Single,No_Top,4080,596480
result_SELECT_10_Heisenberg2D_cylinder_0.5_0.5_1,outer,2,SA,0.01,2,Single,No_MP,4079,637064
result_SELECT_10_Heisenberg2D_cylinder_0.5_0.5_1,outer,2,SA,0.01,2,Single,No_Kink,4080,672045
result_SELECT_10_Heisenberg2D_cylinder_0.5_0.5_1,outer,2,SA,0.01,2,Single,Yes_Kink,4080,682862
result_SELECT_10_Heisenberg2D_cylinder_0.5_0.5_1,outer,2,SA,0.01,2,Double,No_MSF,3792,559488
result_SELECT_10_Heisenberg2D_cylinder_0.5_0.5_1,outer,2,SA,0.01,2,Double,No_Top,3793,555152
result_SELECT_10_Heisenberg2D_cylinder_0.5_0.5_1,outer,2,SA,0.01,2,Double,No_MP,3792,603596
result_SELECT_10_Heisenberg2D_cylinder_0.5_0.5_1,outer,2,SA,0.01,2,Double,No_Kink,3793,643403
result_SELECT_10_Heisenberg2D_cylinder_0.5_0.5_1,outer,2,SA,0.01,2,Double,Yes_Kink,3931,659023
result_SELECT_10_Heisenberg2D_cylinder_0.5_0.5_1,outer,2,SA,0.01,2,Proj.,No_MSF,3333,493392
result_SELECT_10_Heisenberg2D_cylinder_0.5_0.5_1,outer,2,SA,0.01,2,Proj.,No_Top,3333,488912
result_SELECT_10_Heisenberg2D_cylinder_0.5_0.5_1,outer,2,SA,0.01,2,Proj.,No_MP,3333,1467595
result_SELECT_10_Heisenberg2D_cylinder_0.5_0.5_1,outer,2,SA,0.01,2,Proj.,No_Kink,3340,1842469
result_SELECT_10_Heisenberg2D_cylinder_0.5_0.5_1,outer,2,SA,0.01,2,Proj.,Yes_Kink,3342,1826164
result_SELECT_10_Heisenberg2D_cylinder_0.5_0.5_6,outer,1,SA,0.001,6,Single,No_MSF,211,319616
result_SELECT_10_Heisenberg2D_cylinder_0.5_0.5_6,outer,1,SA,0.001,6,Single,No_Top,307,439456
result_SELECT_10_Heisenberg2D_cylinder_0.5_0.5_6,outer,1,SA,0.001,6,Single,No_MP,221,482132
result_SELECT_10_Heisenberg2D_cylinder_0.5_0.5_6,outer,1,SA,0.001,6,Single,No_Kink,357,864668
result_SELECT_10_Heisenberg2D_cylinder_0.5_0.5_6,outer,1,SA,0.001,6,Double,No_MSF,177,275008
result_SELECT_10_Heisenberg2D_cylinder_0.5_0.5_6,outer,1,SA,0.001,6,Double,No_Top,295,423712
result_SELECT_10_Heisenberg2D_cylinder_0.5_0.5_6,outer,1,SA,0.001,6,Double,No_MP,184,442051
result_SELECT_10_Heisenberg2D_cylinder_0.5_0.5_6,outer,1,SA,0.001,6,Double,No_Kink,292,874380
result_SELECT_10_Heisenberg2D_cylinder_0.5_0.5_6,outer,1,SA,0.001,6,Double,Yes_Kink,296,885611
result_SELECT_10_Heisenberg2D_cylinder_0.5_0.5_6,outer,1,SA,0.001,6,Proj.,No_MSF,108,184480
result_SELECT_10_Heisenberg2D_cylinder_0.5_0.5_6,outer,1,SA,0.001,6,Proj.,No_Top,287,413216
result_SELECT_10_Heisenberg2D_cylinder_0.5_0.5_6,outer,1,SA,0.001,6,Proj.,No_MP,137,592640
result_SELECT_10_Heisenberg2D_cylinder_0.5_0.5_6,outer,1,SA,0.001,6,Proj.,No_Kink,301,1366278
result_SELECT_10_Heisenberg2D_cylinder_0.5_0.5_6,outer,1,SA,0.001,6,Proj.,Yes_Kink,294,1355721
result_trotter_10_Heisenberg2D_cylinder_0.5_0.5_rand,outer,1,SA,0.001,0,Single,No_MSF,744,99900
result_trotter_10_Heisenberg2D_cylinder_0.5_0.5_rand,outer,1,SA,0.001,0,Single,No_Top,744,74400
result_trotter_10_Heisenberg2D_cylinder_0.5_0.5_rand,outer,1,SA,0.001,0,Single,No_MP,744,111242
result_trotter_10_Heisenberg2D_cylinder_0.5_0.5_rand,outer,1,SA,0.001,0,Single,No_Kink,912,263740
result_trotter_10_Heisenberg2D_cylinder_0.5_0.5_rand,outer,1,SA,0.001,0,Double,No_MSF,721,97600
result_trotter_10_Heisenberg2D_cylinder_0.5_0.5_rand,outer,1,SA,0.001,0,Double,No_Top,721,72100
result_trotter_10_Heisenberg2D_cylinder_0.5_0.5_rand,outer,1,SA,0.001,0,Double,No_MP,721,110243
result_trotter_10_Heisenberg2D_cylinder_0.5_0.5_rand,outer,1,SA,0.001,0,Double,No_Kink,1140,389263
result_trotter_10_Heisenberg2D_cylinder_0.5_0.5_rand,outer,1,SA,0.001,0,Double,Yes_Kink,1161,381655
result_trotter_10_Heisenberg2D_cylinder_0.5_0.5_rand,outer,1,SA,0.001,0,Proj.,No_MSF,390,64500
result_trotter_10_Heisenberg2D_cylinder_0.5_0.5_rand,outer,1,SA,0.001,0,Proj.,No_Top,580,58000
result_trotter_10_Heisenberg2D_cylinder_0.5_0.5_rand,outer,1,SA,0.001,0,Proj.,No_MP,510,202850
result_trotter_10_Heisenberg2D_cylinder_0.5_0.5_rand,outer,1,SA,0.001,0,Proj.,No_Kink,909,359519
result_trotter_10_Heisenberg2D_cylinder_0.5_0.5_rand,outer,1,SA,0.001,0,Proj.,Yes_Kink,1030,405350
result_trotter_10_Heisenberg2D_cylinder_0.5_0.5_rand,outer,1,naive,0.0,2,Single,No_MSF,744,150900
result_trotter_10_Heisenberg2D_cylinder_0.5_0.5_rand,outer,1,naive,0.0,2,Single,No_Top,1742,225200
result_trotter_10_Heisenberg2D_cylinder_0.5_0.5_rand,outer,1,naive,0.0,2,Single,No_MP,762,185102
result_trotter_10_Heisenberg2D_cylinder_0.5_0.5_rand,outer,1,naive,0.0,2,Single,No_Kink,1814,490434
result_trotter_10_Heisenberg2D_cylinder_0.5_0.5_rand,outer,1,naive,0.0,2,Double,No_MSF,721,148600
result_trotter_10_Heisenberg2D_cylinder_0.5_0.5_rand,outer,1,naive,0.0,2,Double,No_Top,1740,225000
result_trotter_10_Heisenberg2D_cylinder_0.5_0.5_rand,outer,1,naive,0.0,2,Double,No_MP,730,183320
result_trotter_10_Heisenberg2D_cylinder_0.5_0.5_rand,outer,1,naive,0.0,2,Double,No_Kink,1764,549495
result_trotter_10_Heisenberg2D_cylinder_0.5_0.5_rand,outer,1,naive,0.0,2,Double,Yes_Kink,1785,554036
result_trotter_10_Heisenberg2D_cylinder_0.5_0.5_rand,outer,1,naive,0.0,2,Proj.,No_MSF,390,115500
result_trotter_10_Heisenberg2D_cylinder_0.5_0.5_rand,outer,1,naive,0.0,2,Proj.,No_Top,1740,225000
result_trotter_10_Heisenberg2D_cylinder_0.5_0.5_rand,outer,1,naive,0.0,2,Proj.,No_MP,538,270615
result_trotter_10_Heisenberg2D_cylinder_0.5_0.5_rand,outer,1,naive,0.0,2,Proj.,No_Kink,1851,775808
result_trotter_10_Heisenberg2D_cylinder_0.5_0.5_rand,outer,1,naive,0.0,2,Proj.,Yes_Kink,1864,769958
result_SELECT_10_Heisenberg2D_cylinder_0.5_0.5_2,inner,1,SA,0.1,0,Single,No_MSF,2072,394080
result_SELECT_10_Heisenberg2D_cylinder_0.5_0.5_2,inner,1,SA,0.1,0,Single,No_Top,2072,389536
result_SELECT_10_Heisenberg2D_cylinder_0.5_0.5_2,inner,1,SA,0.1,0,Single,No_MP,2072,434680
result_SELECT_10_Heisenberg2D_cylinder_0.5_0.5_2,inner,1,SA,0.1,0,Single,No_Kink,2073,447992
result_SELECT_10_Heisenberg2D_cylinder_0.5_0.5_2,inner,1,SA,0.1,0,Double,No_MSF,1921,365692
result_SELECT_10_Heisenberg2D_cylinder_0.5_0.5_2,inner,1,SA,0.1,0,Double,No_Top,1921,361148
result_SELECT_10_Heisenberg2D_cylinder_0.5_0.5_2,inner,1,SA,0.1,0,Double,No_MP,1922,413681
result_SELECT_10_Heisenberg2D_cylinder_0.5_0.5_2,inner,1,SA,0.1,0,Double,No_Kink,1939,443973
result_SELECT_10_Heisenberg2D_cylinder_0.5_0.5_2,inner,1,SA,0.1,0,Double,Yes_Kink,1927,445195
result_SELECT_10_Heisenberg2D_cylinder_0.5_0.5_2,inner,1,SA,0.1,0,Proj.,No_MSF,1668,318128
result_SELECT_10_Heisenberg2D_cylinder_0.5_0.5_2,inner,1,SA,0.1,0,Proj.,No_Top,1668,313584
result_SELECT_10_Heisenberg2D_cylinder_0.5_0.5_2,inner,1,SA,0.1,0,Proj.,No_MP,1671,1034304
result_SELECT_10_Heisenberg2D_cylinder_0.5_0.5_2,inner,1,SA,0.1,0,Proj.,No_Kink,1681,1232881
result_SELECT_10_Heisenberg2D_cylinder_0.5_0.5_2,inner,1,SA,0.1,0,Proj.,Yes_Kink,1696,1224585
result_SELECT_10_Heisenberg2D_cylinder_0.5_0.5_4,inner,1,SA,0.1,0,Single,No_MSF,571,251568
result_SELECT_10_Heisenberg2D_cylinder_0.5_0.5_4,inner,1,SA,0.1,0,Single,No_Top,571,246672
result_SELECT_10_Heisenberg2D_cylinder_0.5_0.5_4,inner,1,SA,0.1,0,Single,No_MP,575,305544
result_SELECT_10_Heisenberg2D_cylinder_0.5_0.5_4,inner,1,SA,0.1,0,Single,No_Kink,574,319804
result_SELECT_10_Heisenberg2D_cylinder_0.5_0.5_4,inner,1,SA,0.1,0,Double,No_MSF,522,230400
result_SELECT_10_Heisenberg2D_cylinder_0.5_0.5_4,inner,1,SA,0.1,0,Double,No_Top,522,225504
result_SELECT_10_Heisenberg2D_cylinder_0.5_0.5_4,inner,1,SA,0.1,0,Double,No_MP,523,290583
result_SELECT_10_Heisenberg2D_cylinder_0.5_0.5_4,inner,1,SA,0.1,0,Double,No_Kink,525,314763
result_SELECT_10_Heisenberg2D_cylinder_0.5_0.5_4,inner,1,SA,0.1,0,Double,Yes_Kink,530,316644
result_SELECT_10_Heisenberg2D_cylinder_0.5_0.5_4,inner,1,SA,0.1,0,Proj.,No_MSF,420,186336
result_SELECT_10_Heisenberg2D_cylinder_0.5_0.5_4,inner,1,SA,0.1,0,Proj.,No_Top,420,181440
result_SELECT_10_Heisenberg2D_cylinder_0.5_0.5_4,inner,1,SA,0.1,0,Proj.,No_MP,433,633178
result_SELECT_10_Heisenberg2D_cylinder_0.5_0.5_4,inner,1,SA,0.1,0,Proj.,No_Kink,437,679644
result_SELECT_10_Heisenberg2D_cylinder_0.5_0.5_4,inner,1,SA,0.1,0,Proj.,Yes_Kink,442,689224
result_SELECT_10_Heisenberg2D_cylinder_0.5_0.5_6,inner,2,random,0.0,4,Single,No_MSF,211,307392
result_SELECT_10_Heisenberg2D_cylinder_0.5_0.5_6,inner,2,random,0.0,4,Single,No_Top,233,330144
result_SELECT_10_Heisenberg2D_cylinder_0.5_0.5_6,inner,2,random,0.0,4,Single,No_MP,264,846089
result_SELECT_10_Heisenberg2D_cylinder_0.5_0.5_6,inner,2,random,0.0,4,Single,No_Kink,288,942649
result_SELECT_10_Heisenberg2D_cylinder_0.5_0.5_6,inner,2,random,0.0,4,Single,Yes_Kink,294,951979
result_SELECT_10_Heisenberg2D_cylinder_0.5_0.5_6,inner,2,random,0.0,4,Double,No_MSF,177,262784
result_SELECT_10_Heisenberg2D_cylinder_0.5_0.5_6,inner,2,random,0.0,4,Double,No_Top,219,311776
result_SELECT_10_Heisenberg2D_cylinder_0.5_0.5_6,inner,2,random,0.0,4,Double,No_MP,219,805292
result_SELECT_10_Heisenberg2D_cylinder_0.5_0.5_6,inner,2,random,0.0,4,Double,No_Kink,251,938727
result_SELECT_10_Heisenberg2D_cylinder_0.5_0.5_6,inner,2,random,0.0,4,Double,Yes_Kink,254,942998
result_SELECT_10_Heisenberg2D_cylinder_0.5_0.5_6,inner,2,random,0.0,4,Proj.,No_MSF,108,172256
result_SELECT_10_Heisenberg2D_cylinder_0.5_0.5_6,inner,2,random,0.0,4,Proj.,No_Top,205,293408
result_SELECT_10_Heisenberg2D_cylinder_0.5_0.5_6,inner,2,random,0.0,4,Proj.,No_MP,171,877858
result_SELECT_10_Heisenberg2D_cylinder_0.5_0.5_6,inner,2,random,0.0,4,Proj.,No_Kink,240,1171257
result_SELECT_10_Heisenberg2D_cylinder_0.5_0.5_6,inner,2,random,0.0,4,Proj.,Yes_Kink,242,1175233
result_SELECT_10_Heisenberg2D_cylinder_0.5_0.5_0,inner,2,random,0.0,0,Single,No_MSF,8099,992534
result_SELECT_10_Heisenberg2D_cylinder_0.5_0.5_0,inner,2,random,0.0,0,Single,No_Top,8099,988078
result_SELECT_10_Heisenberg2D_cylinder_0.5_0.5_0,inner,2,random,0.0,0,Single,No_MP,8099,1098192
result_SELECT_10_Heisenberg2D_cylinder_0.5_0.5_0,inner,2,random,0.0,0,Single,No_Kink,8099,1100684
result_SELECT_10_Heisenberg2D_cylinder_0.5_0.5_0,inner,2,random,0.0,0,Single,Yes_Kink,8099,1105629
result_SELECT_10_Heisenberg2D_cylinder_0.5_0.5_0,inner,2,random,0.0,0,Double,No_MSF,7536,923848
result_SELECT_10_Heisenberg2D_cylinder_0.5_0.5_0,inner,2,random,0.0,0,Double,No_Top,7536,919392
result_SELECT_10_Heisenberg2D_cylinder_0.5_0.5_0,inner,2,random,0.0,0,Double,No_MP,7536,1037437
result_SELECT_10_Heisenberg2D_cylinder_0.5_0.5_0,inner,2,random,0.0,0,Double,No_Kink,7536,1044399
result_SELECT_10_Heisenberg2D_cylinder_0.5_0.5_0,inner,2,random,0.0,0,Double,Yes_Kink,7814,1075981
result_SELECT_10_Heisenberg2D_cylinder_0.5_0.5_0,inner,2,random,0.0,0,Proj.,No_MSF,6660,816976
result_SELECT_10_Heisenberg2D_cylinder_0.5_0.5_0,inner,2,random,0.0,0,Proj.,No_Top,6660,812520
result_SELECT_10_Heisenberg2D_cylinder_0.5_0.5_0,inner,2,random,0.0,0,Proj.,No_MP,6660,3262311
result_SELECT_10_Heisenberg2D_cylinder_0.5_0.5_0,inner,2,random,0.0,0,Proj.,No_Kink,6666,3354791
result_SELECT_10_Heisenberg2D_cylinder_0.5_0.5_0,inner,2,random,0.0,0,Proj.,Yes_Kink,6877,3391560
result_SELECT_10_Heisenberg2D_cylinder_0.5_0.5_5,outer,1,random,0.0,0,Single,No_MSF,327,246016
result_SELECT_10_Heisenberg2D_cylinder_0.5_0.5_5,outer,1,random,0.0,0,Single,No_Top,327,240672
result_SELECT_10_Heisenberg2D_cylinder_0.5_0.5_5,outer,1,random,0.0,0,Single,No_MP,604,912214
result_SELECT_10_Heisenberg2D_cylinder_0.5_0.5_5,outer,1,random,0.0,0,Single,No_Kink,726,1063734
result_SELECT_10_Heisenberg2D_cylinder_0.5_0.5_5,outer,1,random,0.0,0,Double,No_MSF,290,218784
result_SELECT_10_Heisenberg2D_cylinder_0.5_0.5_5,outer,1,random,0.0,0,Double,No_Top,290,213440
result_SELECT_10_Heisenberg2D_cylinder_0.5_0.5_5,outer,1,random,0.0,0,Double,No_MP,377,747157
result_SELECT_10_Heisenberg2D_cylinder_0.5_0.5_5,outer,1,random,0.0,0,Double,No_Kink,445,879567
result_SELECT_10_Heisenberg2D_cylinder_0.5_0.5_5,outer,1,random,0.0,0,Double,Yes_Kink,448,882050
result_SELECT_10_Heisenberg2D_cylinder_0.5_0.5_5,outer,1,random,0.0,0,Proj.,No_MSF,213,162112
result_SELECT_10_Heisenberg2D_cylinder_0.5_0.5_5,outer,1,random,0.0,0,Proj.,No_Top,213,156768
result_SELECT_10_Heisenberg2D_cylinder_0.5_0.5_5,outer,1,random,0.0,0,Proj.,No_MP,277,757375
result_SELECT_10_Heisenberg2D_cylinder_0.5_0.5_5,outer,1,random,0.0,0,Proj.,No_Kink,316,888786
result_SELECT_10_Heisenberg2D_cylinder_0.5_0.5_5,outer,1,random,0.0,0,Proj.,Yes_Kink,330,917688
result_SELECT_10_Heisenberg2D_cylinder_0.5_0.5_4,outer,2,SA,1.0,2,Single,No_MSF,571,261360
result_SELECT_10_Heisenberg2D_cylinder_0.5_0.5_4,outer,2,SA,1.0,2,Single,No_Top,571,256464
result_SELECT_10_Heisenberg2D_cylinder_0.5_0.5_4,outer,2,SA,1.0,2,Single,No_MP,572,307935
result_SELECT_10_Heisenberg2D_cylinder_0.5_0.5_4,outer,2,SA,1.0,2,Single,No_Kink,572,332129
result_SELECT_10_Heisenberg2D_cylinder_0.5_0.5_4,outer,2,SA,1.0,2,Single,Yes_Kink,572,346475
result_SELECT_10_Heisenberg2D_cylinder_0.5_0.5_4,outer,2,SA,1.0,2,Double,No_MSF,522,240192
result_SELECT_10_Heisenberg2D_cylinder_0.5_0.5_4,outer,2,SA,1.0,2,Double,No_Top,522,235296
result_SELECT_10_Heisenberg2D_cylinder_0.5_0.5_4,outer,2,SA,1.0,2,Double,No_MP,522,295499
result_SELECT_10_Heisenberg2D_cylinder_0.5_0.5_4,outer,2,SA,1.0,2,Double,No_Kink,522,325621
result_SELECT_10_Heisenberg2D_cylinder_0.5_0.5_4,outer,2,SA,1.0,2,Double,Yes_Kink,542,331612
result_SELECT_10_Heisenberg2D_cylinder_0.5_0.5_4,outer,2,SA,1.0,2,Proj.,No_MSF,420,196128
result_SELECT_10_Heisenberg2D_cylinder_0.5_0.5_4,outer,2,SA,1.0,2,Proj.,No_Top,420,191232
result_SELECT_10_Heisenberg2D_cylinder_0.5_0.5_4,outer,2,SA,1.0,2,Proj.,No_MP,432,672371
result_SELECT_10_Heisenberg2D_cylinder_0.5_0.5_4,outer,2,SA,1.0,2,Proj.,No_Kink,437,792030
result_SELECT_10_Heisenberg2D_cylinder_0.5_0.5_4,outer,2,SA,1.0,2,Proj.,Yes_Kink,443,792654
result_SELECT_10_Heisenberg2D_cylinder_0.5_0.5_6,inner,1,SA,1.0,10,Single,No_MSF,211,344064
result_SELECT_10_Heisenberg2D_cylinder_0.5_0.5_6,inner,1,SA,1.0,10,Single,No_Top,463,668576
result_SELECT_10_Heisenberg2D_cylinder_0.5_0.5_6,inner,1,SA,1.0,10,Single,No_MP,216,499716
result_SELECT_10_Heisenberg2D_cylinder_0.5_0.5_6,inner,1,SA,1.0,10,Single,No_Kink,465,1046018
result_SELECT_10_Heisenberg2D_cylinder_0.5_0.5_6,inner,1,SA,1.0,10,Double,No_MSF,177,299456
result_SELECT_10_Heisenberg2D_cylinder_0.5_0.5_6,inner,1,SA,1.0,10,Double,No_Top,454,656768
result_SELECT_10_Heisenberg2D_cylinder_0.5_0.5_6,inner,1,SA,1.0,10,Double,No_MP,184,462528
result_SELECT_10_Heisenberg2D_cylinder_0.5_0.5_6,inner,1,SA,1.0,10,Double,No_Kink,456,1068500
result_SELECT_10_Heisenberg2D_cylinder_0.5_0.5_6,inner,1,SA,1.0,10,Double,Yes_Kink,456,1065050
result_SELECT_10_Heisenberg2D_cylinder_0.5_0.5_6,inner,1,SA,1.0,10,Proj.,No_MSF,108,208928
result_SELECT_10_Heisenberg2D_cylinder_0.5_0.5_6,inner,1,SA,1.0,10,Proj.,No_Top,451,652832
result_SELECT_10_Heisenberg2D_cylinder_0.5_0.5_6,inner,1,SA,1.0,10,Proj.,No_MP,135,628773
result_SELECT_10_Heisenberg2D_cylinder_0.5_0.5_6,inner,1,SA,1.0,10,Proj.,No_Kink,1529,4604803
result_SELECT_10_Heisenberg2D_cylinder_0.5_0.5_6,inner,1,SA,1.0,10,Proj.,Yes_Kink,1496,4473415
result_SELECT_10_Heisenberg2D_cylinder_0.5_0.5_6,outer,1,naive,0.0,10,Single,No_MSF,211,344064
result_SELECT_10_Heisenberg2D_cylinder_0.5_0.5_6,outer,1,naive,0.0,10,Single,No_Top,463,668576
result_SELECT_10_Heisenberg2D_cylinder_0.5_0.5_6,outer,1,naive,0.0,10,Single,No_MP,640,1526212
result_SELECT_10_Heisenberg2D_cylinder_0.5_0.5_6,outer,1,naive,0.0,10,Single,No_Kink,911,2039246
result_SELECT_10_Heisenberg2D_cylinder_0.5_0.5_6,outer,1,naive,0.0,10,Double,No_MSF,177,299456
result_SELECT_10_Heisenberg2D_cylinder_0.5_0.5_6,outer,1,naive,0.0,10,Double,No_Top,454,656768
result_SELECT_10_Heisenberg2D_cylinder_0.5_0.5_6,outer,1,naive,0.0,10,Double,No_MP,468,1312331
result_SELECT_10_Heisenberg2D_cylinder_0.5_0.5_6,outer,1,naive,0.0,10,Double,No_Kink,680,1815103
result_SELECT_10_Heisenberg2D_cylinder_0.5_0.5_6,outer,1,naive,0.0,10,Double,Yes_Kink,687,1819836
result_SELECT_10_Heisenberg2D_cylinder_0.5_0.5_6,outer,1,naive,0.0,10,Proj.,No_MSF,108,208928
result_SELECT_10_Heisenberg2D_cylinder_0.5_0.5_6,outer,1,naive,0.0,10,Proj.,No_Top,451,652832
result_SELECT_10_Heisenberg2D_cylinder_0.5_0.5_6,outer,1,naive,0.0,10,Proj.,No_MP,293,1411714
result_SELECT_10_Heisenberg2D_cylinder_0.5_0.5_6,outer,1,naive,0.0,10,Proj.,No_Kink,520,2423777
result_SELECT_10_Heisenberg2D_cylinder_0.5_0.5_6,outer,1,naive,0.0,10,Proj.,Yes_Kink,540,2520165
result_SELECT_10_Heisenberg2D_cylinder_0.5_0.5_6,inner,1,random,0.0,2,Single,No_MSF,211,295168
result_SELECT_10_Heisenberg2D_cylinder_0.5_0.5_6,inner,1,random,0.0,2,Single,No_Top,211,289056
result_SELECT_10_Heisenberg2D_cylinder_0.5_0.5_6,inner,1,random,0.0,2,Single,No_MP,596,1495436
result_SELECT_10_Heisenberg2D_cylinder_0.5_0.5_6,inner,1,random,0.0,2,Single,No_Kink,605,1532750
result_SELECT_10_Heisenberg2D_cylinder_0.5_0.5_6,inner,1,random,0.0,2,Double,No_MSF,177,250560
result_SELECT_10_Heisenberg2D_cylinder_0.5_0.5_6,inner,1,random,0.0,2,Double,No_Top,177,244448
result_SELECT_10_Heisenberg2D_cylinder_0.5_0.5_6,inner,1,random,0.0,2,Double,No_MP,334,1166970
result_SELECT_10_Heisenberg2D_cylinder_0.5_0.5_6,inner,1,random,0.0,2,Double,No_Kink,352,1240855
result_SELECT_10_Heisenberg2D_cylinder_0.5_0.5_6,inner,1,random,0.0,2,Double,Yes_Kink,355,1250732
result_SELECT_10_Heisenberg2D_cylinder_0.5_0.5_6,inner,1,random,0.0,2,Proj.,No_MSF,108,160032
result_SELECT_10_Heisenberg2D_cylinder_0.5_0.5_6,inner,1,random,0.0,2,Proj.,No_Top,123,173600
result_SELECT_10_Heisenberg2D_cylinder_0.5_0.5_6,inner,1,random,0.0,2,Proj.,No_MP,236,1133856
result_SELECT_10_Heisenberg2D_cylinder_0.5_0.5_6,inner,1,random,0.0,2,Proj.,No_Kink,260,1246173
result_SELECT_10_Heisenberg2D_cylinder_0.5_0.5_6,inner,1,random,0.0,2,Proj.,Yes_Kink,268,1270783
result_SELECT_10_Heisenberg2D_cylinder_0.5_0.5_1,outer,2,random,0.0,2,Single,No_MSF,4079,600816
result_SELECT_10_Heisenberg2D_cylinder_0.5_0.5_1,outer,2,random,0.0,2,Single,No_Top,4080,596480
result_SELECT_10_Heisenberg2D_cylinder_0.5_0.5_1,outer,2,random,0.0,2,Single,No_MP,4079,685043
result_SELECT_10_Heisenberg2D_cylinder_0.5_0.5_1,outer,2,random,0.0,2,Single,No_Kink,4080,709785
result_SELECT_10_Heisenberg2D_cylinder_0.5_0.5_1,outer,2,random,0.0,2,Single,Yes_Kink,4080,720702
result_SELECT_10_Heisenberg2D_cylinder_0.5_0.5_1,outer,2,random,0.0,2,Double,No_MSF,3792,559488
result_SELECT_10_Heisenberg2D_cylinder_0.5_0.5_1,outer,2,random,0.0,2,Double,No_Top,3793,555152
result_SELECT_10_Heisenberg2D_cylinder_0.5_0.5_1,outer,2,random,0.0,2,Double,No_MP,3792,651411
result_SELECT_10_Heisenberg2D_cylinder_0.5_0.5_1,outer,2,random,0.0,2,Double,No_Kink,3793,680397
result_SELECT_10_Heisenberg2D_cylinder_0.5_0.5_1,outer,2,random,0.0,2,Double,Yes_Kink,3796,678201
result_SELECT_10_Heisenberg2D_cylinder_0.5_0.5_1,outer,2,random,0.0,2,Proj.,No_MSF,3333,493392
result_SELECT_10_Heisenberg2D_cylinder_0.5_0.5_1,outer,2,random,0.0,2,Proj.,No_Top,3333,488912
result_SELECT_10_Heisenberg2D_cylinder_0.5_0.5_1,outer,2,random,0.0,2,Proj.,No_MP,3335,1736240
result_SELECT_10_Heisenberg2D_cylinder_0.5_0.5_1,outer,2,random,0.0,2,Proj.,No_Kink,3338,1845855
result_SELECT_10_Heisenberg2D_cylinder_0.5_0.5_1,outer,2,random,0.0,2,Proj.,Yes_Kink,3338,1830187
result_SELECT_10_Heisenberg2D_cylinder_0.5_0.5_2,outer,1,SA,0.1,2,Single,No_MSF,2072,403168
result_SELECT_10_Heisenberg2D_cylinder_0.5_0.5_2,outer,1,SA,0.1,2,Single,No_Top,2072,398624
result_SELECT_10_Heisenberg2D_cylinder_0.5_0.5_2,outer,1,SA,0.1,2,Single,No_MP,2072,442860
result_SELECT_10_Heisenberg2D_cylinder_0.5_0.5_2,outer,1,SA,0.1,2,Single,No_Kink,2072,475980
result_SELECT_10_Heisenberg2D_cylinder_0.5_0.5_2,outer,1,SA,0.1,2,Double,No_MSF,1921,374780
result_SELECT_10_Heisenberg2D_cylinder_0.5_0.5_2,outer,1,SA,0.1,2,Double,No_Top,1921,370236
result_SELECT_10_Heisenberg2D_cylinder_0.5_0.5_2,outer,1,SA,0.1,2,Double,No_MP,1922,423389
result_SELECT_10_Heisenberg2D_cylinder_0.5_0.5_2,outer,1,SA,0.1,2,Double,No_Kink,1924,461340
result_SELECT_10_Heisenberg2D_cylinder_0.5_0.5_2,outer,1,SA,0.1,2,Double,Yes_Kink,1926,460666
result_SELECT_10_Heisenberg2D_cylinder_0.5_0.5_2,outer,1,SA,0.1,2,Proj.,No_MSF,1668,327216
result_SELECT_10_Heisenberg2D_cylinder_0.5_0.5_2,outer,1,SA,0.1,2,Proj.,No_Top,1668,322672
result_SELECT_10_Heisenberg2D_cylinder_0.5_0.5_2,outer,1,SA,0.1,2,Proj.,No_MP,1671,1019819
result_SELECT_10_Heisenberg2D_cylinder_0.5_0.5_2,outer,1,SA,0.1,2,Proj.,No_Kink,1681,1232835
result_SELECT_10_Heisenberg2D_cylinder_0.5_0.5_2,outer,1,SA,0.1,2,Proj.,Yes_Kink,1715,1226593
result_SELECT_10_Heisenberg2D_cylinder_0.5_0.5_6,inner,2,naive,0.0,0,Single,No_MSF,211,282944
result_SELECT_10_Heisenberg2D_cylinder_0.5_0.5_6,inner,2,naive,0.0,0,Single,No_Top,211,276832
result_SELECT_10_Heisenberg2D_cylinder_0.5_0.5_6,inner,2,naive,0.0,0,Single,No_MP,315,765966
result_SELECT_10_Heisenberg2D_cylinder_0.5_0.5_6,inner,2,naive,0.0,0,Single,No_Kink,393,955992
result_SELECT_10_Heisenberg2D_cylinder_0.5_0.5_6,inner,2,naive,0.0,0,Single,Yes_Kink,378,942586
result_SELECT_10_Heisenberg2D_cylinder_0.5_0.5_6,inner,2,naive,0.0,0,Double,No_MSF,177,238336
result_SELECT_10_Heisenberg2D_cylinder_0.5_0.5_6,inner,2,naive,0.0,0,Double,No_Top,177,232224
result_SELECT_10_Heisenberg2D_cylinder_0.5_0.5_6,inner,2,naive,0.0,0,Double,No_MP,272,724561
result_SELECT_10_Heisenberg2D_cylinder_0.5_0.5_6,inner,2,naive,0.0,0,Double,No_Kink,341,912547
result_SELECT_10_Heisenberg2D_cylinder_0.5_0.5_6,inner,2,naive,0.0,0,Double,Yes_Kink,351,922644
result_SELECT_10_Heisenberg2D_cylinder_0.5_0.5_6,inner,2,naive,0.0,0,Proj.,No_MSF,108,147808
result_SELECT_10_Heisenberg2D_cylinder_0.5_0.5_6,inner,2,naive,0.0,0,Proj.,No_Top,108,141696
result_SELECT_10_Heisenberg2D_cylinder_0.5_0.5_6,inner,2,naive,0.0,0,Proj.,No_MP,178,878882
result_SELECT_10_Heisenberg2D_cylinder_0.5_0.5_6,inner,2,naive,0.0,0,Proj.,No_Kink,247,1232823
result_SELECT_10_Heisenberg2D_cylinder_0.5_0.5_6,inner,2,naive,0.0,0,Proj.,Yes_Kink,262,1300463
result_SELECT_100_random_local_OBC_0_0_6,outer,2,SA,1.0,2,Single,No_MSF,247,306944
result_SELECT_100_random_local_OBC_0_0_6,outer,2,SA,1.0,2,Single,No_Top,247,302112
result_SELECT_100_random_local_OBC_0_0_6,outer,2,SA,1.0,2,Single,No_MP,294,508032
result_SELECT_100_random_local_OBC_0_0_6,outer,2,SA,1.0,2,Single,No_Kink,340,631517
result_SELECT_100_random_local_OBC_0_0_6,outer,2,SA,1.0,2,Single,Yes_Kink,362,670106
result_SELECT_100_random_local_OBC_0_0_6,outer,2,SA,1.0,2,Double,No_MSF,192,241824
result_SELECT_100_random_local_OBC_0_0_6,outer,2,SA,1.0,2,Double,No_Top,193,238176
result_SELECT_100_random_local_OBC_0_0_6,outer,2,SA,1.0,2,Double,No_MP,264,487336
result_SELECT_100_random_local_OBC_0_0_6,outer,2,SA,1.0,2,Double,No_Kink,310,628169
result_SELECT_100_random_local_OBC_0_0_6,outer,2,SA,1.0,2,Double,Yes_Kink,318,640796
result_SELECT_100_random_local_OBC_0_0_6,outer,2,SA,1.0,2,Proj.,No_MSF,128,166048
result_SELECT_100_random_local_OBC_0_0_6,outer,2,SA,1.0,2,Proj.,No_Top,128,161216
result_SELECT_100_random_local_OBC_0_0_6,outer,2,SA,1.0,2,Proj.,No_MP,199,784795
result_SELECT_100_random_local_OBC_0_0_6,outer,2,SA,1.0,2,Proj.,No_Kink,242,1031241
result_SELECT_100_random_local_OBC_0_0_6,outer,2,SA,1.0,2,Proj.,Yes_Kink,259,1074292
result_trotter_10_Heisenberg2D_cylinder_0.5_0.5_det,outer,1,random,0.0,2,Single,No_MSF,756,152100
result_trotter_10_Heisenberg2D_cylinder_0.5_0.5_det,outer,1,random,0.0,2,Single,No_Top,1742,225200
result_trotter_10_Heisenberg2D_cylinder_0.5_0.5_det,outer,1,random,0.0,2,Single,No_MP,770,189482
result_trotter_10_Heisenberg2D_cylinder_0.5_0.5_det,outer,1,random,0.0,2,Single,No_Kink,1840,496798
result_trotter_10_Heisenberg2D_cylinder_0.5_0.5_det,outer,1,random,0.0,2,Double,No_MSF,749,151400
result_trotter_10_Heisenberg2D_cylinder_0.5_0.5_det,outer,1,random,0.0,2,Double,No_Top,1740,225000
result_trotter_10_Heisenberg2D_cylinder_0.5_0.5_det,outer,1,random,0.0,2,Double,No_MP,753,187918
result_trotter_10_Heisenberg2D_cylinder_0.5_0.5_det,outer,1,random,0.0,2,Double,No_Kink,1787,553631
result_trotter_10_Heisenberg2D_cylinder_0.5_0.5_det,outer,1,random,0.0,2,Double,Yes_Kink,1815,559831
result_trotter_10_Heisenberg2D_cylinder_0.5_0.5_det,outer,1,random,0.0,2,Proj.,No_MSF,390,115500
result_trotter_10_Heisenberg2D_cylinder_0.5_0.5_det,outer,1,random,0.0,2,Proj.,No_Top,1740,225000
result_trotter_10_Heisenberg2D_cylinder_0.5_0.5_det,outer,1,random,0.0,2,Proj.,No_MP,588,286185
result_trotter_10_Heisenberg2D_cylinder_0.5_0.5_det,outer,1,random,0.0,2,Proj.,No_Kink,1905,788354
result_trotter_10_Heisenberg2D_cylinder_0.5_0.5_det,outer,1,random,0.0,2,Proj.,Yes_Kink,1910,786015
result_SELECT_10_Heisenberg2D_cylinder_0.5_0.5_0,inner,1,SA,1.0,2,Single,No_MSF,8099,1001446
result_SELECT_10_Heisenberg2D_cylinder_0.5_0.5_0,inner,1,SA,1.0,2,Single,No_Top,8101,997234
result_SELECT_10_Heisenberg2D_cylinder_0.5_0.5_0,inner,1,SA,1.0,2,Single,No_MP,8099,1040778
result_SELECT_10_Heisenberg2D_cylinder_0.5_0.5_0,inner,1,SA,1.0,2,Single,No_Kink,8101,1050146
result_SELECT_10_Heisenberg2D_cylinder_0.5_0.5_0,inner,1,SA,1.0,2,Double,No_MSF,7536,932760
result_SELECT_10_Heisenberg2D_cylinder_0.5_0.5_0,inner,1,SA,1.0,2,Double,No_Top,7537,928426
result_SELECT_10_Heisenberg2D_cylinder_0.5_0.5_0,inner,1,SA,1.0,2,Double,No_MP,7536,982231
result_SELECT_10_Heisenberg2D_cylinder_0.5_0.5_0,inner,1,SA,1.0,2,Double,No_Kink,7537,998065
result_SELECT_10_Heisenberg2D_cylinder_0.5_0.5_0,inner,1,SA,1.0,2,Double,Yes_Kink,7537,998027
result_SELECT_10_Heisenberg2D_cylinder_0.5_0.5_0,inner,1,SA,1.0,2,Proj.,No_MSF,6660,825888
result_SELECT_10_Heisenberg2D_cylinder_0.5_0.5_0,inner,1,SA,1.0,2,Proj.,No_Top,6660,821432
result_SELECT_10_Heisenberg2D_cylinder_0.5_0.5_0,inner,1,SA,1.0,2,Proj.,No_MP,6660,2611211
result_SELECT_10_Heisenberg2D_cylinder_0.5_0.5_0,inner,1,SA,1.0,2,Proj.,No_Kink,6665,2753369
result_SELECT_10_Heisenberg2D_cylinder_0.5_0.5_0,inner,1,SA,1.0,2,Proj.,Yes_Kink,6663,2814618
result_SELECT_10_Heisenberg2D_cylinder_0.5_0.5_1,inner,1,SA,0.001,2,Single,No_MSF,4079,600816
result_SELECT_10_Heisenberg2D_cylinder_0.5_0.5_1,inner,1,SA,0.001,2,Single,No_Top,4080,596480
result_SELECT_10_Heisenberg2D_cylinder_0.5_0.5_1,inner,1,SA,0.001,2,Single,No_MP,4079,642816
result_SELECT_10_Heisenberg2D_cylinder_0.5_0.5_1,inner,1,SA,0.001,2,Single,No_Kink,4081,692634
result_SELECT_10_Heisenberg2D_cylinder_0.5_0.5_1,inner,1,SA,0.001,2,Double,No_MSF,3792,559488
result_SELECT_10_Heisenberg2D_cylinder_0.5_0.5_1,inner,1,SA,0.001,2,Double,No_Top,3793,555152
result_SELECT_10_Heisenberg2D_cylinder_0.5_0.5_1,inner,1,SA,0.001,2,Double,No_MP,3793,609154
result_SELECT_10_Heisenberg2D_cylinder_0.5_0.5_1,inner,1,SA,0.001,2,Double,No_Kink,3800,665699
result_SELECT_10_Heisenberg2D_cylinder_0.5_0.5_1,inner,1,SA,0.001,2,Double,Yes_Kink,3802,664580
result_SELECT_10_Heisenberg2D_cylinder_0.5_0.5_1,inner,1,SA,0.001,2,Proj.,No_MSF,3333,493392
result_SELECT_10_Heisenberg2D_cylinder_0.5_0.5_1,inner,1,SA,0.001,2,Proj.,No_Top,3333,488912
result_SELECT_10_Heisenberg2D_cylinder_0.5_0.5_1,inner,1,SA,0.001,2,Proj.,No_MP,3334,1585598
result_SELECT_10_Heisenberg2D_cylinder_0.5_0.5_1,inner,1,SA,0.001,2,Proj.,No_Kink,3348,1753151
result_SELECT_10_Heisenberg2D_cylinder_0.5_0.5_1,inner,1,SA,0.001,2,Proj.,Yes_Kink,3369,1757618
result_trotter_10_Heisenberg2D_cylinder_0.5_0.5_rand,inner,1,SA,0.01,2,Single,No_MSF,744,150900
result_trotter_10_Heisenberg2D_cylinder_0.5_0.5_rand,inner,1,SA,0.01,2,Single,No_Top,1742,225200
result_trotter_10_Heisenberg2D_cylinder_0.5_0.5_rand,inner,1,SA,0.01,2,Single,No_MP,744,162340
result_trotter_10_Heisenberg2D_cylinder_0.5_0.5_rand,inner,1,SA,0.01,2,Single,No_Kink,1810,496608
result_trotter_10_Heisenberg2D_cylinder_0.5_0.5_rand,inner,1,SA,0.01,2,Double,No_MSF,721,148600
result_trotter_10_Heisenberg2D_cylinder_0.5_0.5_rand,inner,1,SA,0.01,2,Double,No_Top,1740,225000
result_trotter_10_Heisenberg2D_cylinder_0.5_0.5_rand,inner,1,SA,0.01,2,Double,No_MP,721,161232
result_trotter_10_Heisenberg2D_cylinder_0.5_0.5_rand,inner,1,SA,0.01,2,Double,No_Kink,1788,575995
result_trotter_10_Heisenberg2D_cylinder_0.5_0.5_rand,inner,1,SA,0.01,2,Double,Yes_Kink,1809,578816
result_trotter_10_Heisenberg2D_cylinder_0.5_0.5_rand,inner,1,SA,0.01,2,Proj.,No_MSF,390,115500
result_trotter_10_Heisenberg2D_cylinder_0.5_0.5_rand,inner,1,SA,0.01,2,Proj.,No_Top,1740,225000
result_trotter_10_Heisenberg2D_cylinder_0.5_0.5_rand,inner,1,SA,0.01,2,Proj.,No_MP,524,259365
result_trotter_10_Heisenberg2D_cylinder_0.5_0.5_rand,inner,1,SA,0.01,2,Proj.,No_Kink,2032,866833
result_trotter_10_Heisenberg2D_cylinder_0.5_0.5_rand,inner,1,SA,0.01,2,Proj.,Yes_Kink,2042,856470
result_trotter_10_Heisenberg2D_cylinder_0.5_0.5_rand,outer,2,naive,0.0,0,Single,No_MSF,744,99900
result_trotter_10_Heisenberg2D_cylinder_0.5_0.5_rand,outer,2,naive,0.0,0,Single,No_Top,744,74400
result_trotter_10_Heisenberg2D_cylinder_0.5_0.5_rand,outer,2,naive,0.0,0,Single,No_MP,745,124400
result_trotter_10_Heisenberg2D_cylinder_0.5_0.5_rand,outer,2,naive,0.0,0,Single,No_Kink,865,260249
result_trotter_10_Heisenberg2D_cylinder_0.5_0.5_rand,outer,2,naive,0.0,0,Single,Yes_Kink,879,263111
result_trotter_10_Heisenberg2D_cylinder_0.5_0.5_rand,outer,2,naive,0.0,0,Double,No_MSF,721,97600
result_trotter_10_Heisenberg2D_cylinder_0.5_0.5_rand,outer,2,naive,0.0,0,Double,No_Top,721,72100
result_trotter_10_Heisenberg2D_cylinder_0.5_0.5_rand,outer,2,naive,0.0,0,Double,No_MP,724,122701
result_trotter_10_Heisenberg2D_cylinder_0.5_0.5_rand,outer,2,naive,0.0,0,Double,No_Kink,985,354689
result_trotter_10_Heisenberg2D_cylinder_0.5_0.5_rand,outer,2,naive,0.0,0,Double,Yes_Kink,1049,358463
result_trotter_10_Heisenberg2D_cylinder_0.5_0.5_rand,outer,2,naive,0.0,0,Proj.,No_MSF,390,64500
result_trotter_10_Heisenberg2D_cylinder_0.5_0.5_rand,outer,2,naive,0.0,0,Proj.,No_Top,580,58000
result_trotter_10_Heisenberg2D_cylinder_0.5_0.5_rand,outer,2,naive,0.0,0,Proj.,No_MP,523,255339
result_trotter_10_Heisenberg2D_cylinder_0.5_0.5_rand,outer,2,naive,0.0,0,Proj.,No_Kink,928,548990
result_trotter_10_Heisenberg2D_cylinder_0.5_0.5_rand,outer,2,naive,0.0,0,Proj.,Yes_Kink,1021,600340
result_SELECT_10_Heisenberg2D_cylinder_0.5_0.5_6,outer,1,random,0.0,2,Single,No_MSF,211,295168
result_SELECT_10_Heisenberg2D_cylinder_0.5_0.5_6,outer,1,random,0.0,2,Single,No_Top,211,289056
result_SELECT_10_Heisenberg2D_cylinder_0.5_0.5_6,outer,1,random,0.0,2,Single,No_MP,553,1449368
result_SELECT_10_Heisenberg2D_cylinder_0.5_0.5_6,outer,1,random,0.0,2,Single,No_Kink,665,1700428
result_SELECT_10_Heisenberg2D_cylinder_0.5_0.5_6,outer,1,random,0.0,2,Double,No_MSF,177,250560
result_SELECT_10_Heisenberg2D_cylinder_0.5_0.5_6,outer,1,random,0.0,2,Double,No_Top,177,244448
result_SELECT_10_Heisenberg2D_cylinder_0.5_0.5_6,outer,1,random,0.0,2,Double,No_MP,328,1160699
result_SELECT_10_Heisenberg2D_cylinder_0.5_0.5_6,outer,1,random,0.0,2,Double,No_Kink,387,1361172
result_SELECT_10_Heisenberg2D_cylinder_0.5_0.5_6,outer,1,random,0.0,2,Double,Yes_Kink,388,1365968
result_SELECT_10_Heisenberg2D_cylinder_0.5_0.5_6,outer,1,random,0.0,2,Proj.,No_MSF,108,160032
result_SELECT_10_Heisenberg2D_cylinder_0.5_0.5_6,outer,1,random,0.0,2,Proj.,No_Top,123,173600
result_SELECT_10_Heisenberg2D_cylinder_0.5_0.5_6,outer,1,random,0.0,2,Proj.,No_MP,234,1112831
result_SELECT_10_Heisenberg2D_cylinder_0.5_0.5_6,outer,1,random,0.0,2,Proj.,No_Kink,270,1311779
result_SELECT_10_Heisenberg2D_cylinder_0.5_0.5_6,outer,1,random,0.0,2,Proj.,Yes_Kink,276,1334542
result_SELECT_10_Heisenberg2D_cylinder_0.5_0.5_3,inner,2,naive,0.0,0,Single,No_MSF,1069,295440
result_SELECT_10_Heisenberg2D_cylinder_0.5_0.5_3,inner,2,naive,0.0,0,Single,No_Top,1069,290768
result_SELECT_10_Heisenberg2D_cylinder_0.5_0.5_3,inner,2,naive,0.0,0,Single,No_MP,1117,435074
result_SELECT_10_Heisenberg2D_cylinder_0.5_0.5_3,inner,2,naive,0.0,0,Single,No_Kink,1164,502091
result_SELECT_10_Heisenberg2D_cylinder_0.5_0.5_3,inner,2,naive,0.0,0,Single,Yes_Kink,1187,521665
result_SELECT_10_Heisenberg2D_cylinder_0.5_0.5_3,inner,2,naive,0.0,0,Double,No_MSF,987,273136
result_SELECT_10_Heisenberg2D_cylinder_0.5_0.5_3,inner,2,naive,0.0,0,Double,No_Top,987,268464
result_SELECT_10_Heisenberg2D_cylinder_0.5_0.5_3,inner,2,naive,0.0,0,Double,No_MP,1010,411875
result_SELECT_10_Heisenberg2D_cylinder_0.5_0.5_3,inner,2,naive,0.0,0,Double,No_Kink,1020,474458
result_SELECT_10_Heisenberg2D_cylinder_0.5_0.5_3,inner,2,naive,0.0,0,Double,Yes_Kink,1051,481089
result_SELECT_10_Heisenberg2D_cylinder_0.5_0.5_3,inner,2,naive,0.0,0,Proj.,No_MSF,837,232336
result_SELECT_10_Heisenberg2D_cylinder_0.5_0.5_3,inner,2,naive,0.0,0,Proj.,No_Top,837,227664
result_SELECT_10_Heisenberg2D_cylinder_0.5_0.5_3,inner,2,naive,0.0,0,Proj.,No_MP,865,903392
result_SELECT_10_Heisenberg2D_cylinder_0.5_0.5_3,inner,2,naive,0.0,0,Proj.,No_Kink,874,1042271
result_SELECT_10_Heisenberg2D_cylinder_0.5_0.5_3,inner,2,naive,0.0,0,Proj.,Yes_Kink,905,1068564
result_SELECT_10_Heisenberg2D_cylinder_0.5_0.5_6,outer,2,SA,0.1,2,Single,No_MSF,211,295168
result_SELECT_10_Heisenberg2D_cylinder_0.5_0.5_6,outer,2,SA,0.1,2,Single,No_Top,211,289056
result_SELECT_10_Heisenberg2D_cylinder_0.5_0.5_6,outer,2,SA,0.1,2,Single,No_MP,211,392972
result_SELECT_10_Heisenberg2D_cylinder_0.5_0.5_6,outer,2,SA,0.1,2,Single,No_Kink,211,502104
result_SELECT_10_Heisenberg2D_cylinder_0.5_0.5_6,outer,2,SA,0.1,2,Single,Yes_Kink,211,517323
result_SELECT_10_Heisenberg2D_cylinder_0.5_0.5_6,outer,2,SA,0.1,2,Double,No_MSF,177,250560
result_SELECT_10_Heisenberg2D_cylinder_0.5_0.5_6,outer,2,SA,0.1,2,Double,No_Top,177,244448
result_SELECT_10_Heisenberg2D_cylinder_0.5_0.5_6,outer,2,SA,0.1,2,Double,No_MP,180,361628
result_SELECT_10_Heisenberg2D_cylinder_0.5_0.5_6,outer,2,SA,0.1,2,Double,No_Kink,183,495238
result_SELECT_10_Heisenberg2D_cylinder_0.5_0.5_6,outer,2,SA,0.1,2,Double,Yes_Kink,191,506677
result_SELECT_10_Heisenberg2D_cylinder_0.5_0.5_6,outer,2,SA,0.1,2,Proj.,No_MSF,108,160032
result_SELECT_10_Heisenberg2D_cylinder_0.5_0.5_6,outer,2,SA,0.1,2,Proj.,No_Top,123,173600
result_SELECT_10_Heisenberg2D_cylinder_0.5_0.5_6,outer,2,SA,0.1,2,Proj.,No_MP,128,574298
result_SELECT_10_Heisenberg2D_cylinder_0.5_0.5_6,outer,2,SA,0.1,2,Proj.,No_Kink,145,705339
result_SELECT_10_Heisenberg2D_cylinder_0.5_0.5_6,outer,2,SA,0.1,2,Proj.,Yes_Kink,151,731584
result_SELECT_10_Heisenberg2D_cylinder_0.5_0.5_6,inner,1,SA,0.1,0,Single,No_MSF,211,282944
result_SELECT_10_Heisenberg2D_cylinder_0.5_0.5_6,inner,1,SA,0.1,0,Single,No_Top,211,276832
result_SELECT_10_Heisenberg2D_cylinder_0.5_0.5_6,inner,1,SA,0.1,0,Single,No_MP,214,431682
result_SELECT_10_Heisenberg2D_cylinder_0.5_0.5_6,inner,1,SA,0.1,0,Single,No_Kink,217,478256
result_SELECT_10_Heisenberg2D_cylinder_0.5_0.5_6,inner,1,SA,0.1,0,Double,No_MSF,177,238336
result_SELECT_10_Heisenberg2D_cylinder_0.5_0.5_6,inner,1,SA,0.1,0,Double,No_Top,177,232224
result_SELECT_10_Heisenberg2D_cylinder_0.5_0.5_6,inner,1,SA,0.1,0,Double,No_MP,181,386335
result_SELECT_10_Heisenberg2D_cylinder_0.5_0.5_6,inner,1,SA,0.1,0,Double,No_Kink,185,463993
result_SELECT_10_Heisenberg2D_cylinder_0.5_0.5_6,inner,1,SA,0.1,0,Double,Yes_Kink,194,486546
result_SELECT_10_Heisenberg2D_cylinder_0.5_0.5_6,inner,1,SA,0.1,0,Proj.,No_MSF,108,147808
result_SELECT_10_Heisenberg2D_cylinder_0.5_0.5_6,inner,1,SA,0.1,0,Proj.,No_Top,108,141696
result_SELECT_10_Heisenberg2D_cylinder_0.5_0.5_6,inner,1,SA,0.1,0,Proj.,No_MP,130,577806
result_SELECT_10_Heisenberg2D_cylinder_0.5_0.5_6,inner,1,SA,0.1,0,Proj.,No_Kink,139,634601
result_SELECT_10_Heisenberg2D_cylinder_0.5_0.5_6,inner,1,SA,0.1,0,Proj.,Yes_Kink,147,663543
result_SELECT_10_Heisenberg2D_cylinder_0.5_0.5_2,outer,1,naive,0.0,2,Single,No_MSF,2072,403168
result_SELECT_10_Heisenberg2D_cylinder_0.5_0.5_2,outer,1,naive,0.0,2,Single,No_Top,2072,398624
result_SELECT_10_Heisenberg2D_cylinder_0.5_0.5_2,outer,1,naive,0.0,2,Single,No_MP,2179,566626
result_SELECT_10_Heisenberg2D_cylinder_0.5_0.5_2,outer,1,naive,0.0,2,Single,No_Kink,2669,696356
result_SELECT_10_Heisenberg2D_cylinder_0.5_0.5_2,outer,1,naive,0.0,2,Double,No_MSF,1921,374780
result_SELECT_10_Heisenberg2D_cylinder_0.5_0.5_2,outer,1,naive,0.0,2,Double,No_Top,1921,370236
result_SELECT_10_Heisenberg2D_cylinder_0.5_0.5_2,outer,1,naive,0.0,2,Double,No_MP,1932,525222
result_SELECT_10_Heisenberg2D_cylinder_0.5_0.5_2,outer,1,naive,0.0,2,Double,No_Kink,2159,612181
result_SELECT_10_Heisenberg2D_cylinder_0.5_0.5_2,outer,1,naive,0.0,2,Double,Yes_Kink,2141,611072
result_SELECT_10_Heisenberg2D_cylinder_0.5_0.5_2,outer,1,naive,0.0,2,Proj.,No_MSF,1668,327216
result_SELECT_10_Heisenberg2D_cylinder_0.5_0.5_2,outer,1,naive,0.0,2,Proj.,No_Top,1668,322672
result_SELECT_10_Heisenberg2D_cylinder_0.5_0.5_2,outer,1,naive,0.0,2,Proj.,No_MP,1684,1128422
result_SELECT_10_Heisenberg2D_cylinder_0.5_0.5_2,outer,1,naive,0.0,2,Proj.,No_Kink,1689,1245702
result_SELECT_10_Heisenberg2D_cylinder_0.5_0.5_2,outer,1,naive,0.0,2,Proj.,Yes_Kink,1702,1239872
result_trotter_10_Heisenberg2D_cylinder_0.5_0.5_rand,outer,2,SA,0.01,0,Single,No_MSF,744,99900
result_trotter_10_Heisenberg2D_cylinder_0.5_0.5_rand,outer,2,SA,0.01,0,Single,No_Top,744,74400
result_trotter_10_Heisenberg2D_cylinder_0.5_0.5_rand,outer,2,SA,0.01,0,Single,No_MP,744,109230
result_trotter_10_Heisenberg2D_cylinder_0.5_0.5_rand,outer,2,SA,0.01,0,Single,No_Kink,1005,315091
result_trotter_10_Heisenberg2D_cylinder_0.5_0.5_rand,outer,2,SA,0.01,0,Single,Yes_Kink,991,308614
result_trotter_10_Heisenberg2D_cylinder_0.5_0.5_rand,outer,2,SA,0.01,0,Double,No_MSF,721,97600
result_trotter_10_Heisenberg2D_cylinder_0.5_0.5_rand,outer,2,SA,0.01,0,Double,No_Top,721,72100
result_trotter_10_Heisenberg2D_cylinder_0.5_0.5_rand,outer,2,SA,0.01,0,Double,No_MP,721,108918
result_trotter_10_Heisenberg2D_cylinder_0.5_0.5_rand,outer,2,SA,0.01,0,Double,No_Kink,1039,403511
result_trotter_10_Heisenberg2D_cylinder_0.5_0.5_rand,outer,2,SA,0.01,0,Double,Yes_Kink,1130,412839
result_trotter_10_Heisenberg2D_cylinder_0.5_0.5_rand,outer,2,SA,0.01,0,Proj.,No_MSF,390,64500
result_trotter_10_Heisenberg2D_cylinder_0.5_0.5_rand,outer,2,SA,0.01,0,Proj.,No_Top,580,58000
result_trotter_10_Heisenberg2D_cylinder_0.5_0.5_rand,outer,2,SA,0.01,0,Proj.,No_MP,512,231803
result_trotter_10_Heisenberg2D_cylinder_0.5_0.5_rand,outer,2,SA,0.01,0,Proj.,No_Kink,870,509999
result_trotter_10_Heisenberg2D_cylinder_0.5_0.5_rand,outer,2,SA,0.01,0,Proj.,Yes_Kink,1004,581596
result_trotter_10_Heisenberg2D_cylinder_0.5_0.5_det,inner,2,SA,1.0,0,Single,No_MSF,756,101100
result_trotter_10_Heisenberg2D_cylinder_0.5_0.5_det,inner,2,SA,1.0,0,Single,No_Top,756,75600
result_trotter_10_Heisenberg2D_cylinder_0.5_0.5_det,inner,2,SA,1.0,0,Single,No_MP,757,111906
result_trotter_10_Heisenberg2D_cylinder_0.5_0.5_det,inner,2,SA,1.0,0,Single,No_Kink,758,161546
result_trotter_10_Heisenberg2D_cylinder_0.5_0.5_det,inner,2,SA,1.0,0,Single,Yes_Kink,761,166974
result_trotter_10_Heisenberg2D_cylinder_0.5_0.5_det,inner,2,SA,1.0,0,Double,No_MSF,749,100400
result_trotter_10_Heisenberg2D_cylinder_0.5_0.5_det,inner,2,SA,1.0,0,Double,No_Top,749,74900
result_trotter_10_Heisenberg2D_cylinder_0.5_0.5_det,inner,2,SA,1.0,0,Double,No_MP,749,112949
result_trotter_10_Heisenberg2D_cylinder_0.5_0.5_det,inner,2,SA,1.0,0,Double,No_Kink,760,200580
result_trotter_10_Heisenberg2D_cylinder_0.5_0.5_det,inner,2,SA,1.0,0,Double,Yes_Kink,765,197246
result_trotter_10_Heisenberg2D_cylinder_0.5_0.5_det,inner,2,SA,1.0,0,Proj.,No_MSF,390,64500
result_trotter_10_Heisenberg2D_cylinder_0.5_0.5_det,inner,2,SA,1.0,0,Proj.,No_Top,580,58000
result_trotter_10_Heisenberg2D_cylinder_0.5_0.5_det,inner,2,SA,1.0,0,Proj.,No_MP,547,244280
result_trotter_10_Heisenberg2D_cylinder_0.5_0.5_det,inner,2,SA,1.0,0,Proj.,No_Kink,802,414910
result_trotter_10_Heisenberg2D_cylinder_0.5_0.5_det,inner,2,SA,1.0,0,Proj.,Yes_Kink,871,454127
result_trotter_10_Heisenberg2D_cylinder_0.5_0.5_rand,inner,1,random,0.0,2,Single,No_MSF,744,150900
result_trotter_10_Heisenberg2D_cylinder_0.5_0.5_rand,inner,1,random,0.0,2,Single,No_Top,1742,225200
result_trotter_10_Heisenberg2D_cylinder_0.5_0.5_rand,inner,1,random,0.0,2,Single,No_MP,782,192836
result_trotter_10_Heisenberg2D_cylinder_0.5_0.5_rand,inner,1,random,0.0,2,Single,No_Kink,1783,445392
result_trotter_10_Heisenberg2D_cylinder_0.5_0.5_rand,inner,1,random,0.0,2,Double,No_MSF,721,148600
result_trotter_10_Heisenberg2D_cylinder_0.5_0.5_rand,inner,1,random,0.0,2,Double,No_Top,1740,225000
result_trotter_10_Heisenberg2D_cylinder_0.5_0.5_rand,inner,1,random,0.0,2,Double,No_MP,733,189727
result_trotter_10_Heisenberg2D_cylinder_0.5_0.5_rand,inner,1,random,0.0,2,Double,No_Kink,1754,488563
result_trotter_10_Heisenberg2D_cylinder_0.5_0.5_rand,inner,1,random,0.0,2,Double,Yes_Kink,1767,495077
result_trotter_10_Heisenberg2D_cylinder_0.5_0.5_rand,inner,1,random,0.0,2,Proj.,No_MSF,390,115500
result_trotter_10_Heisenberg2D_cylinder_0.5_0.5_rand,inner,1,random,0.0,2,Proj.,No_Top,1740,225000
result_trotter_10_Heisenberg2D_cylinder_0.5_0.5_rand,inner,1,random,0.0,2,Proj.,No_MP,546,280241
result_trotter_10_Heisenberg2D_cylinder_0.5_0.5_rand,inner,1,random,0.0,2,Proj.,No_Kink,1991,835924
result_trotter_10_Heisenberg2D_cylinder_0.5_0.5_rand,inner,1,random,0.0,2,Proj.,Yes_Kink,2013,829099
result_SELECT_10_Heisenberg2D_cylinder_0.5_0.5_6,inner,2,SA,0.01,0,Single,No_MSF,211,282944
result_SELECT_10_Heisenberg2D_cylinder_0.5_0.5_6,inner,2,SA,0.01,0,Single,No_Top,211,276832
result_SELECT_10_Heisenberg2D_cylinder_0.5_0.5_6,inner,2,SA,0.01,0,Single,No_MP,211,383002
result_SELECT_10_Heisenberg2D_cylinder_0.5_0.5_6,inner,2,SA,0.01,0,Single,No_Kink,211,412152
result_SELECT_10_Heisenberg2D_cylinder_0.5_0.5_6,inner,2,SA,0.01,0,Single,Yes_Kink,211,429993
result_SELECT_10_Heisenberg2D_cylinder_0.5_0.5_6,inner,2,SA,0.01,0,Double,No_MSF,177,238336
result_SELECT_10_Heisenberg2D_cylinder_0.5_0.5_6,inner,2,SA,0.01,0,Double,No_Top,177,232224
result_SELECT_10_Heisenberg2D_cylinder_0.5_0.5_6,inner,2,SA,0.01,0,Double,No_MP,178,349978
result_SELECT_10_Heisenberg2D_cylinder_0.5_0.5_6,inner,2,SA,0.01,0,Double,No_Kink,179,393407
result_SELECT_10_Heisenberg2D_cylinder_0.5_0.5_6,inner,2,SA,0.01,0,Double,Yes_Kink,186,405588
result_SELECT_10_Heisenberg2D_cylinder_0.5_0.5_6,inner,2,SA,0.01,0,Proj.,No_MSF,108,147808
result_SELECT_10_Heisenberg2D_cylinder_0.5_0.5_6,inner,2,SA,0.01,0,Proj.,No_Top,108,141696
result_SELECT_10_Heisenberg2D_cylinder_0.5_0.5_6,inner,2,SA,0.01,0,Proj.,No_MP,131,579489
result_SELECT_10_Heisenberg2D_cylinder_0.5_0.5_6,inner,2,SA,0.01,0,Proj.,No_Kink,137,637058
result_SELECT_10_Heisenberg2D_cylinder_0.5_0.5_6,inner,2,SA,0.01,0,Proj.,Yes_Kink,140,648316
result_SELECT_10_Heisenberg2D_cylinder_0.5_0.5_0,outer,1,SA,1.0,2,Single,No_MSF,8099,1001446
result_SELECT_10_Heisenberg2D_cylinder_0.5_0.5_0,outer,1,SA,1.0,2,Single,No_Top,8101,997234
result_SELECT_10_Heisenberg2D_cylinder_0.5_0.5_0,outer,1,SA,1.0,2,Single,No_MP,8099,1047256
result_SELECT_10_Heisenberg2D_cylinder_0.5_0.5_0,outer,1,SA,1.0,2,Single,No_Kink,8101,1063138
result_SELECT_10_Heisenberg2D_cylinder_0.5_0.5_0,outer,1,SA,1.0,2,Double,No_MSF,7536,932760
result_SELECT_10_Heisenberg2D_cylinder_0.5_0.5_0,outer,1,SA,1.0,2,Double,No_Top,7537,928426
result_SELECT_10_Heisenberg2D_cylinder_0.5_0.5_0,outer,1,SA,1.0,2,Double,No_MP,7536,987766
result_SELECT_10_Heisenberg2D_cylinder_0.5_0.5_0,outer,1,SA,1.0,2,Double,No_Kink,7537,1008325
result_SELECT_10_Heisenberg2D_cylinder_0.5_0.5_0,outer,1,SA,1.0,2,Double,Yes_Kink,7537,1007096
result_SELECT_10_Heisenberg2D_cylinder_0.5_0.5_0,outer,1,SA,1.0,2,Proj.,No_MSF,6660,825888
result_SELECT_10_Heisenberg2D_cylinder_0.5_0.5_0,outer,1,SA,1.0,2,Proj.,No_Top,6660,821432
result_SELECT_10_Heisenberg2D_cylinder_0.5_0.5_0,outer,1,SA,1.0,2,Proj.,No_MP,6660,2469067
result_SELECT_10_Heisenberg2D_cylinder_0.5_0.5_0,outer,1,SA,1.0,2,Proj.,No_Kink,6660,2661926
result_SELECT_10_Heisenberg2D_cylinder_0.5_0.5_0,outer,1,SA,1.0,2,Proj.,Yes_Kink,6661,2583034
result_SELECT_10_Heisenberg2D_cylinder_0.5_0.5_5,outer,1,SA,0.1,2,Single,No_MSF,327,256704
result_SELECT_10_Heisenberg2D_cylinder_0.5_0.5_5,outer,1,SA,0.1,2,Single,No_Top,327,251360
result_SELECT_10_Heisenberg2D_cylinder_0.5_0.5_5,outer,1,SA,0.1,2,Single,No_MP,328,336288
result_SELECT_10_Heisenberg2D_cylinder_0.5_0.5_5,outer,1,SA,0.1,2,Single,No_Kink,333,422406
result_SELECT_10_Heisenberg2D_cylinder_0.5_0.5_5,outer,1,SA,0.1,2,Double,No_MSF,290,229472
result_SELECT_10_Heisenberg2D_cylinder_0.5_0.5_5,outer,1,SA,0.1,2,Double,No_Top,291,224864
result_SELECT_10_Heisenberg2D_cylinder_0.5_0.5_5,outer,1,SA,0.1,2,Double,No_MP,292,314607
result_SELECT_10_Heisenberg2D_cylinder_0.5_0.5_5,outer,1,SA,0.1,2,Double,No_Kink,294,407421
result_SELECT_10_Heisenberg2D_cylinder_0.5_0.5_5,outer,1,SA,0.1,2,Double,Yes_Kink,300,418508
result_SELECT_10_Heisenberg2D_cylinder_0.5_0.5_5,outer,1,SA,0.1,2,Proj.,No_MSF,213,172800
result_SELECT_10_Heisenberg2D_cylinder_0.5_0.5_5,outer,1,SA,0.1,2,Proj.,No_Top,213,167456
result_SELECT_10_Heisenberg2D_cylinder_0.5_0.5_5,outer,1,SA,0.1,2,Proj.,No_MP,231,617302
result_SELECT_10_Heisenberg2D_cylinder_0.5_0.5_5,outer,1,SA,0.1,2,Proj.,No_Kink,244,680015
result_SELECT_10_Heisenberg2D_cylinder_0.5_0.5_5,outer,1,SA,0.1,2,Proj.,Yes_Kink,250,691509
result_trotter_10_Heisenberg2D_cylinder_0.5_0.5_det,outer,2,SA,1.0,1,Single,No_MSF,756,126600
result_trotter_10_Heisenberg2D_cylinder_0.5_0.5_det,outer,2,SA,1.0,1,Single,No_Top,1173,142800
result_trotter_10_Heisenberg2D_cylinder_0.5_0.5_det,outer,2,SA,1.0,1,Single,No_MP,757,138354
result_trotter_10_Heisenberg2D_cylinder_0.5_0.5_det,outer,2,SA,1.0,1,Single,No_Kink,1234,369406
result_trotter_10_Heisenberg2D_cylinder_0.5_0.5_det,outer,2,SA,1.0,1,Single,Yes_Kink,1257,367169
result_trotter_10_Heisenberg2D_cylinder_0.5_0.5_det,outer,2,SA,1.0,1,Double,No_MSF,749,125900
result_trotter_10_Heisenberg2D_cylinder_0.5_0.5_det,outer,2,SA,1.0,1,Double,No_Top,1160,141500
result_trotter_10_Heisenberg2D_cylinder_0.5_0.5_det,outer,2,SA,1.0,1,Double,No_MP,749,138990
result_trotter_10_Heisenberg2D_cylinder_0.5_0.5_det,outer,2,SA,1.0,1,Double,No_Kink,1237,419487
result_trotter_10_Heisenberg2D_cylinder_0.5_0.5_det,outer,2,SA,1.0,1,Double,Yes_Kink,1250,416810
result_trotter_10_Heisenberg2D_cylinder_0.5_0.5_det,outer,2,SA,1.0,1,Proj.,No_MSF,390,90000
result_trotter_10_Heisenberg2D_cylinder_0.5_0.5_det,outer,2,SA,1.0,1,Proj.,No_Top,1160,141500
result_trotter_10_Heisenberg2D_cylinder_0.5_0.5_det,outer,2,SA,1.0,1,Proj.,No_MP,553,280858
result_trotter_10_Heisenberg2D_cylinder_0.5_0.5_det,outer,2,SA,1.0,1,Proj.,No_Kink,1247,748524
result_trotter_10_Heisenberg2D_cylinder_0.5_0.5_det,outer,2,SA,1.0,1,Proj.,Yes_Kink,1296,761923
result_SELECT_10_Heisenberg2D_cylinder_0.5_0.5_3,inner,2,random,0.0,2,Single,No_MSF,1069,304784
result_SELECT_10_Heisenberg2D_cylinder_0.5_0.5_3,inner,2,random,0.0,2,Single,No_Top,1069,300112
result_SELECT_10_Heisenberg2D_cylinder_0.5_0.5_3,inner,2,random,0.0,2,Single,No_MP,1071,459590
result_SELECT_10_Heisenberg2D_cylinder_0.5_0.5_3,inner,2,random,0.0,2,Single,No_Kink,1072,469260
result_SELECT_10_Heisenberg2D_cylinder_0.5_0.5_3,inner,2,random,0.0,2,Single,Yes_Kink,1072,476815
result_SELECT_10_Heisenberg2D_cylinder_0.5_0.5_3,inner,2,random,0.0,2,Double,No_MSF,987,282480
result_SELECT_10_Heisenberg2D_cylinder_0.5_0.5_3,inner,2,random,0.0,2,Double,No_Top,987,277808
result_SELECT_10_Heisenberg2D_cylinder_0.5_0.5_3,inner,2,random,0.0,2,Double,No_MP,987,442272
result_SELECT_10_Heisenberg2D_cylinder_0.5_0.5_3,inner,2,random,0.0,2,Double,No_Kink,991,457593
result_SELECT_10_Heisenberg2D_cylinder_0.5_0.5_3,inner,2,random,0.0,2,Double,Yes_Kink,1023,464628
result_SELECT_10_Heisenberg2D_cylinder_0.5_0.5_3,inner,2,random,0.0,2,Proj.,No_MSF,837,241680
result_SELECT_10_Heisenberg2D_cylinder_0.5_0.5_3,inner,2,random,0.0,2,Proj.,No_Top,837,237008
result_SELECT_10_Heisenberg2D_cylinder_0.5_0.5_3,inner,2,random,0.0,2,Proj.,No_MP,849,947764
result_SELECT_10_Heisenberg2D_cylinder_0.5_0.5_3,inner,2,random,0.0,2,Proj.,No_Kink,854,979113
result_SELECT_10_Heisenberg2D_cylinder_0.5_0.5_3,inner,2,random,0.0,2,Proj.,Yes_Kink,892,994649
result_SELECT_10_Heisenberg2D_cylinder_0.5_0.5_6,outer,1,SA,0.01,10,Single,No_MSF,211,344064
result_SELECT_10_Heisenberg2D_cylinder_0.5_0.5_6,outer,1,SA,0.01,10,Single,No_Top,463,668576
result_SELECT_10_Heisenberg2D_cylinder_0.5_0.5_6,outer,1,SA,0.01,10,Single,No_MP,217,500276
result_SELECT_10_Heisenberg2D_cylinder_0.5_0.5_6,outer,1,SA,0.01,10,Single,No_Kink,465,1072900
result_SELECT_10_Heisenberg2D_cylinder_0.5_0.5_6,outer,1,SA,0.01,10,Double,No_MSF,177,299456
result_SELECT_10_Heisenberg2D_cylinder_0.5_0.5_6,outer,1,SA,0.01,10,Double,No_Top,454,656768
result_SELECT_10_Heisenberg2D_cylinder_0.5_0.5_6,outer,1,SA,0.01,10,Double,No_MP,183,460625
result_SELECT_10_Heisenberg2D_cylinder_0.5_0.5_6,outer,1,SA,0.01,10,Double,No_Kink,452,1137357
result_SELECT_10_Heisenberg2D_cylinder_0.5_0.5_6,outer,1,SA,0.01,10,Double,Yes_Kink,452,1132271
result_SELECT_10_Heisenberg2D_cylinder_0.5_0.5_6,outer,1,SA,0.01,10,Proj.,No_MSF,108,208928
result_SELECT_10_Heisenberg2D_cylinder_0.5_0.5_6,outer,1,SA,0.01,10,Proj.,No_Top,451,652832
result_SELECT_10_Heisenberg2D_cylinder_0.5_0.5_6,outer,1,SA,0.01,10,Proj.,No_MP,133,617648
result_SELECT_10_Heisenberg2D_cylinder_0.5_0.5_6,outer,1,SA,0.01,10,Proj.,No_Kink,462,2108079
result_SELECT_10_Heisenberg2D_cylinder_0.5_0.5_6,outer,1,SA,0.01,10,Proj.,Yes_Kink,462,2101249
result_trotter_10_Heisenberg2D_cylinder_0.5_0.5_rand,outer,2,SA,1.0,1,Single,No_MSF,744,125400
result_trotter_10_Heisenberg2D_cylinder_0.5_0.5_rand,outer,2,SA,1.0,1,Single,No_Top,1164,141900
result_trotter_10_Heisenberg2D_cylinder_0.5_0.5_rand,outer,2,SA,1.0,1,Single,No_MP,744,135852
result_trotter_10_Heisenberg2D_cylinder_0.5_0.5_rand,outer,2,SA,1.0,1,Single,No_Kink,1214,355538
result_trotter_10_Heisenberg2D_cylinder_0.5_0.5_rand,outer,2,SA,1.0,1,Single,Yes_Kink,1233,357720
result_trotter_10_Heisenberg2D_cylinder_0.5_0.5_rand,outer,2,SA,1.0,1,Double,No_MSF,721,123100
result_trotter_10_Heisenberg2D_cylinder_0.5_0.5_rand,outer,2,SA,1.0,1,Double,No_Top,1160,141500
result_trotter_10_Heisenberg2D_cylinder_0.5_0.5_rand,outer,2,SA,1.0,1,Double,No_MP,721,135347
result_trotter_10_Heisenberg2D_cylinder_0.5_0.5_rand,outer,2,SA,1.0,1,Double,No_Kink,1235,411479
result_trotter_10_Heisenberg2D_cylinder_0.5_0.5_rand,outer,2,SA,1.0,1,Double,Yes_Kink,1244,410836
result_trotter_10_Heisenberg2D_cylinder_0.5_0.5_rand,outer,2,SA,1.0,1,Proj.,No_MSF,390,90000
result_trotter_10_Heisenberg2D_cylinder_0.5_0.5_rand,outer,2,SA,1.0,1,Proj.,No_Top,1160,141500
result_trotter_10_Heisenberg2D_cylinder_0.5_0.5_rand,outer,2,SA,1.0,1,Proj.,No_MP,498,256128
result_trotter_10_Heisenberg2D_cylinder_0.5_0.5_rand,outer,2,SA,1.0,1,Proj.,No_Kink,1239,750475
result_trotter_10_Heisenberg2D_cylinder_0.5_0.5_rand,outer,2,SA,1.0,1,Proj.,Yes_Kink,1277,764283
result_trotter_10_Heisenberg2D_cylinder_0.5_0.5_rand,outer,1,SA,0.01,2,Single,No_MSF,744,150900
result_trotter_10_Heisenberg2D_cylinder_0.5_0.5_rand,outer,1,SA,0.01,2,Single,No_Top,1742,225200
result_trotter_10_Heisenberg2D_cylinder_0.5_0.5_rand,outer,1,SA,0.01,2,Single,No_MP,744,162262
result_trotter_10_Heisenberg2D_cylinder_0.5_0.5_rand,outer,1,SA,0.01,2,Single,No_Kink,1761,472642
result_trotter_10_Heisenberg2D_cylinder_0.5_0.5_rand,outer,1,SA,0.01,2,Double,No_MSF,721,148600
result_trotter_10_Heisenberg2D_cylinder_0.5_0.5_rand,outer,1,SA,0.01,2,Double,No_Top,1740,225000
result_trotter_10_Heisenberg2D_cylinder_0.5_0.5_rand,outer,1,SA,0.01,2,Double,No_MP,722,161543
result_trotter_10_Heisenberg2D_cylinder_0.5_0.5_rand,outer,1,SA,0.01,2,Double,No_Kink,1742,520685
result_trotter_10_Heisenberg2D_cylinder_0.5_0.5_rand,outer,1,SA,0.01,2,Double,Yes_Kink,1750,538865
result_trotter_10_Heisenberg2D_cylinder_0.5_0.5_rand,outer,1,SA,0.01,2,Proj.,No_MSF,390,115500
result_trotter_10_Heisenberg2D_cylinder_0.5_0.5_rand,outer,1,SA,0.01,2,Proj.,No_Top,1740,225000
result_trotter_10_Heisenberg2D_cylinder_0.5_0.5_rand,outer,1,SA,0.01,2,Proj.,No_MP,518,258024
result_trotter_10_Heisenberg2D_cylinder_0.5_0.5_rand,outer,1,SA,0.01,2,Proj.,No_Kink,1883,781016
result_trotter_10_Heisenberg2D_cylinder_0.5_0.5_rand,outer,1,SA,0.01,2,Proj.,Yes_Kink,1862,769999
result_SELECT_10_Heisenberg2D_cylinder_0.5_0.5_3,outer,1,SA,0.001,2,Single,No_MSF,1069,304784
result_SELECT_10_Heisenberg2D_cylinder_0.5_0.5_3,outer,1,SA,0.001,2,Single,No_Top,1069,300112
result_SELECT_10_Heisenberg2D_cylinder_0.5_0.5_3,outer,1,SA,0.001,2,Single,No_MP,1069,344210
result_SELECT_10_Heisenberg2D_cylinder_0.5_0.5_3,outer,1,SA,0.001,2,Single,No_Kink,1069,386380
result_SELECT_10_Heisenberg2D_cylinder_0.5_0.5_3,outer,1,SA,0.001,2,Double,No_MSF,987,282480
result_SELECT_10_Heisenberg2D_cylinder_0.5_0.5_3,outer,1,SA,0.001,2,Double,No_Top,987,277808
result_SELECT_10_Heisenberg2D_cylinder_0.5_0.5_3,outer,1,SA,0.001,2,Double,No_MP,987,330095
result_SELECT_10_Heisenberg2D_cylinder_0.5_0.5_3,outer,1,SA,0.001,2,Double,No_Kink,988,376747
result_SELECT_10_Heisenberg2D_cylinder_0.5_0.5_3,outer,1,SA,0.001,2,Double,Yes_Kink,991,376425
result_SELECT_10_Heisenberg2D_cylinder_0.5_0.5_3,outer,1,SA,0.001,2,Proj.,No_MSF,837,241680
result_SELECT_10_Heisenberg2D_cylinder_0.5_0.5_3,outer,1,SA,0.001,2,Proj.,No_Top,837,237008
result_SELECT_10_Heisenberg2D_cylinder_0.5_0.5_3,outer,1,SA,0.001,2,Proj.,No_MP,844,820079
result_SELECT_10_Heisenberg2D_cylinder_0.5_0.5_3,outer,1,SA,0.001,2,Proj.,No_Kink,853,930804
result_SELECT_10_Heisenberg2D_cylinder_0.5_0.5_3,outer,1,SA,0.001,2,Proj.,Yes_Kink,858,921653
result_SELECT_10_Heisenberg2D_cylinder_0.5_0.5_3,inner,2,SA,0.001,0,Single,No_MSF,1069,295440
result_SELECT_10_Heisenberg2D_cylinder_0.5_0.5_3,inner,2,SA,0.001,0,Single,No_Top,1069,290768
result_SELECT_10_Heisenberg2D_cylinder_0.5_0.5_3,inner,2,SA,0.001,0,Single,No_MP,1069,332494
result_SELECT_10_Heisenberg2D_cylinder_0.5_0.5_3,inner,2,SA,0.001,0,Single,No_Kink,1069,352831
result_SELECT_10_Heisenberg2D_cylinder_0.5_0.5_3,inner,2,SA,0.001,0,Single,Yes_Kink,1070,364197
result_SELECT_10_Heisenberg2D_cylinder_0.5_0.5_3,inner,2,SA,0.001,0,Double,No_MSF,987,273136
result_SELECT_10_Heisenberg2D_cylinder_0.5_0.5_3,inner,2,SA,0.001,0,Double,No_Top,987,268464
result_SELECT_10_Heisenberg2D_cylinder_0.5_0.5_3,inner,2,SA,0.001,0,Double,No_MP,988,319940
result_SELECT_10_Heisenberg2D_cylinder_0.5_0.5_3,inner,2,SA,0.001,0,Double,No_Kink,988,346760
result_SELECT_10_Heisenberg2D_cylinder_0.5_0.5_3,inner,2,SA,0.001,0,Double,Yes_Kink,1020,352206
result_SELECT_10_Heisenberg2D_cylinder_0.5_0.5_3,inner,2,SA,0.001,0,Proj.,No_MSF,837,232336
result_SELECT_10_Heisenberg2D_cylinder_0.5_0.5_3,inner,2,SA,0.001,0,Proj.,No_Top,837,227664
result_SELECT_10_Heisenberg2D_cylinder_0.5_0.5_3,inner,2,SA,0.001,0,Proj.,No_MP,845,867266
result_SELECT_10_Heisenberg2D_cylinder_0.5_0.5_3,inner,2,SA,0.001,0,Proj.,No_Kink,848,979760
result_SELECT_10_Heisenberg2D_cylinder_0.5_0.5_3,inner,2,SA,0.001,0,Proj.,Yes_Kink,857,983261
result_SELECT_10_Heisenberg2D_cylinder_0.5_0.5_5,inner,2,SA,0.1,2,Single,No_MSF,327,256704
result_SELECT_10_Heisenberg2D_cylinder_0.5_0.5_5,inner,2,SA,0.1,2,Single,No_Top,327,251360
result_SELECT_10_Heisenberg2D_cylinder_0.5_0.5_5,inner,2,SA,0.1,2,Single,No_MP,327,320972
result_SELECT_10_Heisenberg2D_cylinder_0.5_0.5_5,inner,2,SA,0.1,2,Single,No_Kink,327,353938
result_SELECT_10_Heisenberg2D_cylinder_0.5_0.5_5,inner,2,SA,0.1,2,Single,Yes_Kink,327,369694
result_SELECT_10_Heisenberg2D_cylinder_0.5_0.5_5,inner,2,SA,0.1,2,Double,No_MSF,290,229472
result_SELECT_10_Heisenberg2D_cylinder_0.5_0.5_5,inner,2,SA,0.1,2,Double,No_Top,291,224864
result_SELECT_10_Heisenberg2D_cylinder_0.5_0.5_5,inner,2,SA,0.1,2,Double,No_MP,290,303816
result_SELECT_10_Heisenberg2D_cylinder_0.5_0.5_5,inner,2,SA,0.1,2,Double,No_Kink,291,344618
result_SELECT_10_Heisenberg2D_cylinder_0.5_0.5_5,inner,2,SA,0.1,2,Double,Yes_Kink,302,353805
result_SELECT_10_Heisenberg2D_cylinder_0.5_0.5_5,inner,2,SA,0.1,2,Proj.,No_MSF,213,172800
result_SELECT_10_Heisenberg2D_cylinder_0.5_0.5_5,inner,2,SA,0.1,2,Proj.,No_Top,213,167456
result_SELECT_10_Heisenberg2D_cylinder_0.5_0.5_5,inner,2,SA,0.1,2,Proj.,No_MP,229,639254
result_SELECT_10_Heisenberg2D_cylinder_0.5_0.5_5,inner,2,SA,0.1,2,Proj.,No_Kink,239,700158
result_SELECT_10_Heisenberg2D_cylinder_0.5_0.5_5,inner,2,SA,0.1,2,Proj.,Yes_Kink,251,721863
result_SELECT_10_Heisenberg2D_cylinder_0.5_0.5_6,inner,1,SA,0.01,4,Single,No_MSF,211,307392
result_SELECT_10_Heisenberg2D_cylinder_0.5_0.5_6,inner,1,SA,0.01,4,Single,No_Top,233,330144
result_SELECT_10_Heisenberg2D_cylinder_0.5_0.5_6,inner,1,SA,0.01,4,Single,No_MP,213,454026
result_SELECT_10_Heisenberg2D_cylinder_0.5_0.5_6,inner,1,SA,0.01,4,Single,No_Kink,250,653726
result_SELECT_10_Heisenberg2D_cylinder_0.5_0.5_6,inner,1,SA,0.01,4,Double,No_MSF,177,262784
result_SELECT_10_Heisenberg2D_cylinder_0.5_0.5_6,inner,1,SA,0.01,4,Double,No_Top,219,311776
result_SELECT_10_Heisenberg2D_cylinder_0.5_0.5_6,inner,1,SA,0.01,4,Double,No_MP,181,411706
result_SELECT_10_Heisenberg2D_cylinder_0.5_0.5_6,inner,1,SA,0.01,4,Double,No_Kink,221,675494
result_SELECT_10_Heisenberg2D_cylinder_0.5_0.5_6,inner,1,SA,0.01,4,Double,Yes_Kink,226,686206
result_SELECT_10_Heisenberg2D_cylinder_0.5_0.5_6,inner,1,SA,0.01,4,Proj.,No_MSF,108,172256
result_SELECT_10_Heisenberg2D_cylinder_0.5_0.5_6,inner,1,SA,0.01,4,Proj.,No_Top,205,293408
result_SELECT_10_Heisenberg2D_cylinder_0.5_0.5_6,inner,1,SA,0.01,4,Proj.,No_MP,131,600609
result_SELECT_10_Heisenberg2D_cylinder_0.5_0.5_6,inner,1,SA,0.01,4,Proj.,No_Kink,243,1098742
result_SELECT_10_Heisenberg2D_cylinder_0.5_0.5_6,inner,1,SA,0.01,4,Proj.,Yes_Kink,251,1118163
result_SELECT_10_Heisenberg2D_cylinder_0.5_0.5_0,inner,2,SA,0.001,0,Single,No_MSF,8099,992534
result_SELECT_10_Heisenberg2D_cylinder_0.5_0.5_0,inner,2,SA,0.001,0,Single,No_Top,8099,988078
result_SELECT_10_Heisenberg2D_cylinder_0.5_0.5_0,inner,2,SA,0.001,0,Single,No_MP,8099,1027260
result_SELECT_10_Heisenberg2D_cylinder_0.5_0.5_0,inner,2,SA,0.001,0,Single,No_Kink,8099,1059715
result_SELECT_10_Heisenberg2D_cylinder_0.5_0.5_0,inner,2,SA,0.001,0,Single,Yes_Kink,8099,1071306
result_SELECT_10_Heisenberg2D_cylinder_0.5_0.5_0,inner,2,SA,0.001,0,Double,No_MSF,7536,923848
result_SELECT_10_Heisenberg2D_cylinder_0.5_0.5_0,inner,2,SA,0.001,0,Double,No_Top,7536,919392
result_SELECT_10_Heisenberg2D_cylinder_0.5_0.5_0,inner,2,SA,0.001,0,Double,No_MP,7536,967059
result_SELECT_10_Heisenberg2D_cylinder_0.5_0.5_0,inner,2,SA,0.001,0,Double,No_Kink,7536,1005566
result_SELECT_10_Heisenberg2D_cylinder_0.5_0.5_0,inner,2,SA,0.001,0,Double,Yes_Kink,7536,1004180
result_SELECT_10_Heisenberg2D_cylinder_0.5_0.5_0,inner,2,SA,0.001,0,Proj.,No_MSF,6660,816976
result_SELECT_10_Heisenberg2D_cylinder_0.5_0.5_0,inner,2,SA,0.001,0,Proj.,No_Top,6660,812520
result_SELECT_10_Heisenberg2D_cylinder_0.5_0.5_0,inner,2,SA,0.001,0,Proj.,No_MP,6660,2337853
result_SELECT_10_Heisenberg2D_cylinder_0.5_0.5_0,inner,2,SA,0.001,0,Proj.,No_Kink,6662,2700981
result_SELECT_10_Heisenberg2D_cylinder_0.5_0.5_0,inner,2,SA,0.001,0,Proj.,Yes_Kink,6663,2653351
result_SELECT_10_Heisenberg2D_cylinder_0.5_0.5_2,inner,2,SA,1.0,0,Single,No_MSF,2072,394080
result_SELECT_10_Heisenberg2D_cylinder_0.5_0.5_2,inner,2,SA,1.0,0,Single,No_Top,2072,389536
result_SELECT_10_Heisenberg2D_cylinder_0.5_0.5_2,inner,2,SA,1.0,0,Single,No_MP,2072,428205
result_SELECT_10_Heisenberg2D_cylinder_0.5_0.5_2,inner,2,SA,1.0,0,Single,No_Kink,2072,432818
result_SELECT_10_Heisenberg2D_cylinder_0.5_0.5_2,inner,2,SA,1.0,0,Single,Yes_Kink,2072,453146
result_SELECT_10_Heisenberg2D_cylinder_0.5_0.5_2,inner,2,SA,1.0,0,Double,No_MSF,1921,365692
result_SELECT_10_Heisenberg2D_cylinder_0.5_0.5_2,inner,2,SA,1.0,0,Double,No_Top,1921,361148
result_SELECT_10_Heisenberg2D_cylinder_0.5_0.5_2,inner,2,SA,1.0,0,Double,No_MP,1921,409206
result_SELECT_10_Heisenberg2D_cylinder_0.5_0.5_2,inner,2,SA,1.0,0,Double,No_Kink,1921,421002
result_SELECT_10_Heisenberg2D_cylinder_0.5_0.5_2,inner,2,SA,1.0,0,Double,Yes_Kink,1922,420056
result_SELECT_10_Heisenberg2D_cylinder_0.5_0.5_2,inner,2,SA,1.0,0,Proj.,No_MSF,1668,318128
result_SELECT_10_Heisenberg2D_cylinder_0.5_0.5_2,inner,2,SA,1.0,0,Proj.,No_Top,1668,313584
result_SELECT_10_Heisenberg2D_cylinder_0.5_0.5_2,inner,2,SA,1.0,0,Proj.,No_MP,1671,1050953
result_SELECT_10_Heisenberg2D_cylinder_0.5_0.5_2,inner,2,SA,1.0,0,Proj.,No_Kink,1677,1149960
result_SELECT_10_Heisenberg2D_cylinder_0.5_0.5_2,inner,2,SA,1.0,0,Proj.,Yes_Kink,1679,1167480
result_SELECT_10_Heisenberg2D_cylinder_0.5_0.5_5,outer,2,SA,0.001,0,Single,No_MSF,327,246016
result_SELECT_10_Heisenberg2D_cylinder_0.5_0.5_5,outer,2,SA,0.001,0,Single,No_Top,327,240672
result_SELECT_10_Heisenberg2D_cylinder_0.5_0.5_5,outer,2,SA,0.001,0,Single,No_MP,327,305426
result_SELECT_10_Heisenberg2D_cylinder_0.5_0.5_5,outer,2,SA,0.001,0,Single,No_Kink,327,366563
result_SELECT_10_Heisenberg2D_cylinder_0.5_0.5_5,outer,2,SA,0.001,0,Single,Yes_Kink,327,379576
result_SELECT_10_Heisenberg2D_cylinder_0.5_0.5_5,outer,2,SA,0.001,0,Double,No_MSF,290,218784
result_SELECT_10_Heisenberg2D_cylinder_0.5_0.5_5,outer,2,SA,0.001,0,Double,No_Top,290,213440
result_SELECT_10_Heisenberg2D_cylinder_0.5_0.5_5,outer,2,SA,0.001,0,Double,No_MP,290,286615
result_SELECT_10_Heisenberg2D_cylinder_0.5_0.5_5,outer,2,SA,0.001,0,Double,No_Kink,294,358566
result_SELECT_10_Heisenberg2D_cylinder_0.5_0.5_5,outer,2,SA,0.001,0,Double,Yes_Kink,302,360950
result_SELECT_10_Heisenberg2D_cylinder_0.5_0.5_5,outer,2,SA,0.001,0,Proj.,No_MSF,213,162112
result_SELECT_10_Heisenberg2D_cylinder_0.5_0.5_5,outer,2,SA,0.001,0,Proj.,No_Top,213,156768
result_SELECT_10_Heisenberg2D_cylinder_0.5_0.5_5,outer,2,SA,0.001,0,Proj.,No_MP,226,592916
result_SELECT_10_Heisenberg2D_cylinder_0.5_0.5_5,outer,2,SA,0.001,0,Proj.,No_Kink,237,698867
result_SELECT_10_Heisenberg2D_cylinder_0.5_0.5_5,outer,2,SA,0.001,0,Proj.,Yes_Kink,237,698075
result_SELECT_10_Heisenberg2D_cylinder_0.5_0.5_6,inner,2,random,0.0,6,Single,No_MSF,211,319616
result_SELECT_10_Heisenberg2D_cylinder_0.5_0.5_6,inner,2,random,0.0,6,Single,No_Top,307,439456
result_SELECT_10_Heisenberg2D_cylinder_0.5_0.5_6,inner,2,random,0.0,6,Single,No_MP,264,858313
result_SELECT_10_Heisenberg2D_cylinder_0.5_0.5_6,inner,2,random,0.0,6,Single,No_Kink,328,1034011
result_SELECT_10_Heisenberg2D_cylinder_0.5_0.5_6,inner,2,random,0.0,6,Single,Yes_Kink,330,1036859
result_SELECT_10_Heisenberg2D_cylinder_0.5_0.5_6,inner,2,random,0.0,6,Double,No_MSF,177,275008
result_SELECT_10_Heisenberg2D_cylinder_0.5_0.5_6,inner,2,random,0.0,6,Double,No_Top,295,423712
result_SELECT_10_Heisenberg2D_cylinder_0.5_0.5_6,inner,2,random,0.0,6,Double,No_MP,219,817516
result_SELECT_10_Heisenberg2D_cylinder_0.5_0.5_6,inner,2,random,0.0,6,Double,No_Kink,301,1018309
result_SELECT_10_Heisenberg2D_cylinder_0.5_0.5_6,inner,2,random,0.0,6,Double,Yes_Kink,306,1031272
result_SELECT_10_Heisenberg2D_cylinder_0.5_0.5_6,inner,2,random,0.0,6,Proj.,No_MSF,108,184480
result_SELECT_10_Heisenberg2D_cylinder_0.5_0.5_6,inner,2,random,0.0,6,Proj.,No_Top,287,413216
result_SELECT_10_Heisenberg2D_cylinder_0.5_0.5_6,inner,2,random,0.0,6,Proj.,No_MP,171,890082
result_SELECT_10_Heisenberg2D_cylinder_0.5_0.5_6,inner,2,random,0.0,6,Proj.,No_Kink,331,1567546
result_SELECT_10_Heisenberg2D_cylinder_0.5_0.5_6,inner,2,random,0.0,6,Proj.,Yes_Kink,329,1559556
result_trotter_10_Heisenberg2D_cylinder_0.5_0.5_det,outer,1,naive,0.0,0,Single,No_MSF,756,101100
result_trotter_10_Heisenberg2D_cylinder_0.5_0.5_det,outer,1,naive,0.0,0,Single,No_Top,756,75600
result_trotter_10_Heisenberg2D_cylinder_0.5_0.5_det,outer,1,naive,0.0,0,Single,No_MP,765,125872
result_trotter_10_Heisenberg2D_cylinder_0.5_0.5_det,outer,1,naive,0.0,0,Single,No_Kink,932,267798
result_trotter_10_Heisenberg2D_cylinder_0.5_0.5_det,outer,1,naive,0.0,0,Double,No_MSF,749,100400
result_trotter_10_Heisenberg2D_cylinder_0.5_0.5_det,outer,1,naive,0.0,0,Double,No_Top,749,74900
result_trotter_10_Heisenberg2D_cylinder_0.5_0.5_det,outer,1,naive,0.0,0,Double,No_MP,751,126016
result_trotter_10_Heisenberg2D_cylinder_0.5_0.5_det,outer,1,naive,0.0,0,Double,No_Kink,1160,392093
result_trotter_10_Heisenberg2D_cylinder_0.5_0.5_det,outer,1,naive,0.0,0,Double,Yes_Kink,1184,382785
result_trotter_10_Heisenberg2D_cylinder_0.5_0.5_det,outer,1,naive,0.0,0,Proj.,No_MSF,390,64500
result_trotter_10_Heisenberg2D_cylinder_0.5_0.5_det,outer,1,naive,0.0,0,Proj.,No_Top,580,58000
result_trotter_10_Heisenberg2D_cylinder_0.5_0.5_det,outer,1,naive,0.0,0,Proj.,No_MP,586,232235
result_trotter_10_Heisenberg2D_cylinder_0.5_0.5_det,outer,1,naive,0.0,0,Proj.,No_Kink,951,359855
result_trotter_10_Heisenberg2D_cylinder_0.5_0.5_det,outer,1,naive,0.0,0,Proj.,Yes_Kink,1085,409140
result_SELECT_10_Heisenberg2D_cylinder_0.5_0.5_1,inner,2,SA,1.0,0,Single,No_MSF,4079,591856
result_SELECT_10_Heisenberg2D_cylinder_0.5_0.5_1,inner,2,SA,1.0,0,Single,No_Top,4079,587376
result_SELECT_10_Heisenberg2D_cylinder_0.5_0.5_1,inner,2,SA,1.0,0,Single,No_MP,4079,629468
result_SELECT_10_Heisenberg2D_cylinder_0.5_0.5_1,inner,2,SA,1.0,0,Single,No_Kink,4079,632092
result_SELECT_10_Heisenberg2D_cylinder_0.5_0.5_1,inner,2,SA,1.0,0,Single,Yes_Kink,4079,640548
result_SELECT_10_Heisenberg2D_cylinder_0.5_0.5_1,inner,2,SA,1.0,0,Double,No_MSF,3792,550528
result_SELECT_10_Heisenberg2D_cylinder_0.5_0.5_1,inner,2,SA,1.0,0,Double,No_Top,3792,546048
result_SELECT_10_Heisenberg2D_cylinder_0.5_0.5_1,inner,2,SA,1.0,0,Double,No_MP,3792,597104
result_SELECT_10_Heisenberg2D_cylinder_0.5_0.5_1,inner,2,SA,1.0,0,Double,No_Kink,3792,608402
result_SELECT_10_Heisenberg2D_cylinder_0.5_0.5_1,inner,2,SA,1.0,0,Double,Yes_Kink,3933,626562
result_SELECT_10_Heisenberg2D_cylinder_0.5_0.5_1,inner,2,SA,1.0,0,Proj.,No_MSF,3333,484432
result_SELECT_10_Heisenberg2D_cylinder_0.5_0.5_1,inner,2,SA,1.0,0,Proj.,No_Top,3333,479952
result_SELECT_10_Heisenberg2D_cylinder_0.5_0.5_1,inner,2,SA,1.0,0,Proj.,No_MP,3336,1563138
result_SELECT_10_Heisenberg2D_cylinder_0.5_0.5_1,inner,2,SA,1.0,0,Proj.,No_Kink,3340,1694453
result_SELECT_10_Heisenberg2D_cylinder_0.5_0.5_1,inner,2,SA,1.0,0,Proj.,Yes_Kink,3341,1665909
result_SELECT_10_Heisenberg2D_cylinder_0.5_0.5_6,outer,2,SA,0.1,6,Single,No_MSF,211,319616
result_SELECT_10_Heisenberg2D_cylinder_0.5_0.5_6,outer,2,SA,0.1,6,Single,No_Top,307,439456
result_SELECT_10_Heisenberg2D_cylinder_0.5_0.5_6,outer,2,SA,0.1,6,Single,No_MP,211,417420
result_SELECT_10_Heisenberg2D_cylinder_0.5_0.5_6,outer,2,SA,0.1,6,Single,No_Kink,305,692793
result_SELECT_10_Heisenberg2D_cylinder_0.5_0.5_6,outer,2,SA,0.1,6,Single,Yes_Kink,305,708039
result_SELECT_10_Heisenberg2D_cylinder_0.5_0.5_6,outer,2,SA,0.1,6,Double,No_MSF,177,275008
result_SELECT_10_Heisenberg2D_cylinder_0.5_0.5_6,outer,2,SA,0.1,6,Double,No_Top,295,423712
result_SELECT_10_Heisenberg2D_cylinder_0.5_0.5_6,outer,2,SA,0.1,6,Double,No_MP,180,386076
result_SELECT_10_Heisenberg2D_cylinder_0.5_0.5_6,outer,2,SA,0.1,6,Double,No_Kink,294,696503
result_SELECT_10_Heisenberg2D_cylinder_0.5_0.5_6,outer,2,SA,0.1,6,Double,Yes_Kink,296,693590
result_SELECT_10_Heisenberg2D_cylinder_0.5_0.5_6,outer,2,SA,0.1,6,Proj.,No_MSF,108,184480
result_SELECT_10_Heisenberg2D_cylinder_0.5_0.5_6,outer,2,SA,0.1,6,Proj.,No_Top,287,413216
result_SELECT_10_Heisenberg2D_cylinder_0.5_0.5_6,outer,2,SA,0.1,6,Proj.,No_MP,128,598746
result_SELECT_10_Heisenberg2D_cylinder_0.5_0.5_6,outer,2,SA,0.1,6,Proj.,No_Kink,301,1281817
result_SELECT_10_Heisenberg2D_cylinder_0.5_0.5_6,outer,2,SA,0.1,6,Proj.,Yes_Kink,299,1299733
result_SELECT_10_Heisenberg2D_cylinder_0.5_0.5_6,outer,1,random,0.0,6,Single,No_MSF,211,319616
result_SELECT_10_Heisenberg2D_cylinder_0.5_0.5_6,outer,1,random,0.0,6,Single,No_Top,307,439456
result_SELECT_10_Heisenberg2D_cylinder_0.5_0.5_6,outer,1,random,0.0,6,Single,No_MP,553,1473816
result_SELECT_10_Heisenberg2D_cylinder_0.5_0.5_6,outer,1,random,0.0,6,Single,No_Kink,667,1737790
result_SELECT_10_Heisenberg2D_cylinder_0.5_0.5_6,outer,1,random,0.0,6,Double,No_MSF,177,275008
result_SELECT_10_Heisenberg2D_cylinder_0.5_0.5_6,outer,1,random,0.0,6,Double,No_Top,295,423712
result_SELECT_10_Heisenberg2D_cylinder_0.5_0.5_6,outer,1,random,0.0,6,Double,No_MP,328,1185147
result_SELECT_10_Heisenberg2D_cylinder_0.5_0.5_6,outer,1,random,0.0,6,Double,No_Kink,401,1439645
result_SELECT_10_Heisenberg2D_cylinder_0.5_0.5_6,outer,1,random,0.0,6,Double,Yes_Kink,407,1460143
result_SELECT_10_Heisenberg2D_cylinder_0.5_0.5_6,outer,1,random,0.0,6,Proj.,No_MSF,108,184480
result_SELECT_10_Heisenberg2D_cylinder_0.5_0.5_6,outer,1,random,0.0,6,Proj.,No_Top,287,413216
result_SELECT_10_Heisenberg2D_cylinder_0.5_0.5_6,outer,1,random,0.0,6,Proj.,No_MP,234,1137279
result_SELECT_10_Heisenberg2D_cylinder_0.5_0.5_6,outer,1,random,0.0,6,Proj.,No_Kink,296,1448334
result_SELECT_10_Heisenberg2D_cylinder_0.5_0.5_6,outer,1,random,0.0,6,Proj.,Yes_Kink,296,1454773
result_SELECT_10_Heisenberg2D_cylinder_0.5_0.5_1,outer,2,SA,0.01,0,Single,No_MSF,4079,591856
result_SELECT_10_Heisenberg2D_cylinder_0.5_0.5_1,outer,2,SA,0.01,0,Single,No_Top,4079,587376
result_SELECT_10_Heisenberg2D_cylinder_0.5_0.5_1,outer,2,SA,0.01,0,Single,No_MP,4079,628104
result_SELECT_10_Heisenberg2D_cylinder_0.5_0.5_1,outer,2,SA,0.01,0,Single,No_Kink,4079,662871
result_SELECT_10_Heisenberg2D_cylinder_0.5_0.5_1,outer,2,SA,0.01,0,Single,Yes_Kink,4079,673714
result_SELECT_10_Heisenberg2D_cylinder_0.5_0.5_1,outer,2,SA,0.01,0,Double,No_MSF,3792,550528
result_SELECT_10_Heisenberg2D_cylinder_0.5_0.5_1,outer,2,SA,0.01,0,Double,No_Top,3792,546048
result_SELECT_10_Heisenberg2D_cylinder_0.5_0.5_1,outer,2,SA,0.01,0,Double,No_MP,3792,594636
result_SELECT_10_Heisenberg2D_cylinder_0.5_0.5_1,outer,2,SA,0.01,0,Double,No_Kink,3792,634050
result_SELECT_10_Heisenberg2D_cylinder_0.5_0.5_1,outer,2,SA,0.01,0,Double,Yes_Kink,3930,649841
result_SELECT_10_Heisenberg2D_cylinder_0.5_0.5_1,outer,2,SA,0.01,0,Proj.,No_MSF,3333,484432
result_SELECT_10_Heisenberg2D_cylinder_0.5_0.5_1,outer,2,SA,0.01,0,Proj.,No_Top,3333,479952
result_SELECT_10_Heisenberg2D_cylinder_0.5_0.5_1,outer,2,SA,0.01,0,Proj.,No_MP,3333,1458635
result_SELECT_10_Heisenberg2D_cylinder_0.5_0.5_1,outer,2,SA,0.01,0,Proj.,No_Kink,3337,1815647
result_SELECT_10_Heisenberg2D_cylinder_0.5_0.5_1,outer,2,SA,0.01,0,Proj.,Yes_Kink,3338,1837586
result_trotter_10_Heisenberg2D_cylinder_0.5_0.5_rand,outer,1,naive,0.0,0,Single,No_MSF,744,99900
result_trotter_10_Heisenberg2D_cylinder_0.5_0.5_rand,outer,1,naive,0.0,0,Single,No_Top,744,74400
result_trotter_10_Heisenberg2D_cylinder_0.5_0.5_rand,outer,1,naive,0.0,0,Single,No_MP,762,134102
result_trotter_10_Heisenberg2D_cylinder_0.5_0.5_rand,outer,1,naive,0.0,0,Single,No_Kink,1019,286374
result_trotter_10_Heisenberg2D_cylinder_0.5_0.5_rand,outer,1,naive,0.0,0,Double,No_MSF,721,97600
result_trotter_10_Heisenberg2D_cylinder_0.5_0.5_rand,outer,1,naive,0.0,0,Double,No_Top,721,72100
result_trotter_10_Heisenberg2D_cylinder_0.5_0.5_rand,outer,1,naive,0.0,0,Double,No_MP,730,132320
result_trotter_10_Heisenberg2D_cylinder_0.5_0.5_rand,outer,1,naive,0.0,0,Double,No_Kink,1207,407836
result_trotter_10_Heisenberg2D_cylinder_0.5_0.5_rand,outer,1,naive,0.0,0,Double,Yes_Kink,1224,397540
result_trotter_10_Heisenberg2D_cylinder_0.5_0.5_rand,outer,1,naive,0.0,0,Proj.,No_MSF,390,64500
result_trotter_10_Heisenberg2D_cylinder_0.5_0.5_rand,outer,1,naive,0.0,0,Proj.,No_Top,580,58000
result_trotter_10_Heisenberg2D_cylinder_0.5_0.5_rand,outer,1,naive,0.0,0,Proj.,No_MP,538,219615
result_trotter_10_Heisenberg2D_cylinder_0.5_0.5_rand,outer,1,naive,0.0,0,Proj.,No_Kink,942,371696
result_trotter_10_Heisenberg2D_cylinder_0.5_0.5_rand,outer,1,naive,0.0,0,Proj.,Yes_Kink,1050,413920
result_trotter_10_Heisenberg2D_cylinder_0.5_0.5_det,outer,1,SA,0.01,0,Single,No_MSF,756,101100
result_trotter_10_Heisenberg2D_cylinder_0.5_0.5_det,outer,1,SA,0.01,0,Single,No_Top,756,75600
result_trotter_10_Heisenberg2D_cylinder_0.5_0.5_det,outer,1,SA,0.01,0,Single,No_MP,760,113230
result_trotter_10_Heisenberg2D_cylinder_0.5_0.5_det,outer,1,SA,0.01,0,Single,No_Kink,887,259726
result_trotter_10_Heisenberg2D_cylinder_0.5_0.5_det,outer,1,SA,0.01,0,Double,No_MSF,749,100400
result_trotter_10_Heisenberg2D_cylinder_0.5_0.5_det,outer,1,SA,0.01,0,Double,No_Top,749,74900
result_trotter_10_Heisenberg2D_cylinder_0.5_0.5_det,outer,1,SA,0.01,0,Double,No_MP,750,114055
result_trotter_10_Heisenberg2D_cylinder_0.5_0.5_det,outer,1,SA,0.01,0,Double,No_Kink,1164,395325
result_trotter_10_Heisenberg2D_cylinder_0.5_0.5_det,outer,1,SA,0.01,0,Double,Yes_Kink,1169,383476
result_trotter_10_Heisenberg2D_cylinder_0.5_0.5_det,outer,1,SA,0.01,0,Proj.,No_MSF,390,64500
result_trotter_10_Heisenberg2D_cylinder_0.5_0.5_det,outer,1,SA,0.01,0,Proj.,No_Top,580,58000
result_trotter_10_Heisenberg2D_cylinder_0.5_0.5_det,outer,1,SA,0.01,0,Proj.,No_MP,565,222018
result_trotter_10_Heisenberg2D_cylinder_0.5_0.5_det,outer,1,SA,0.01,0,Proj.,No_Kink,1007,372326
result_trotter_10_Heisenberg2D_cylinder_0.5_0.5_det,outer,1,SA,0.01,0,Proj.,Yes_Kink,1118,416102
result_trotter_10_Heisenberg2D_cylinder_0.5_0.5_rand,inner,2,random,0.0,2,Single,No_MSF,744,150900
result_trotter_10_Heisenberg2D_cylinder_0.5_0.5_rand,inner,2,random,0.0,2,Single,No_Top,1742,225200
result_trotter_10_Heisenberg2D_cylinder_0.5_0.5_rand,inner,2,random,0.0,2,Single,No_MP,747,184936
result_trotter_10_Heisenberg2D_cylinder_0.5_0.5_rand,inner,2,random,0.0,2,Single,No_Kink,1746,430264
result_trotter_10_Heisenberg2D_cylinder_0.5_0.5_rand,inner,2,random,0.0,2,Single,Yes_Kink,1747,430654
result_trotter_10_Heisenberg2D_cylinder_0.5_0.5_rand,inner,2,random,0.0,2,Double,No_MSF,721,148600
result_trotter_10_Heisenberg2D_cylinder_0.5_0.5_rand,inner,2,random,0.0,2,Double,No_Top,1740,225000
result_trotter_10_Heisenberg2D_cylinder_0.5_0.5_rand,inner,2,random,0.0,2,Double,No_MP,723,183405
result_trotter_10_Heisenberg2D_cylinder_0.5_0.5_rand,inner,2,random,0.0,2,Double,No_Kink,1741,422345
result_trotter_10_Heisenberg2D_cylinder_0.5_0.5_rand,inner,2,random,0.0,2,Double,Yes_Kink,1741,434724
result_trotter_10_Heisenberg2D_cylinder_0.5_0.5_rand,inner,2,random,0.0,2,Proj.,No_MSF,390,115500
result_trotter_10_Heisenberg2D_cylinder_0.5_0.5_rand,inner,2,random,0.0,2,Proj.,No_Top,1740,225000
result_trotter_10_Heisenberg2D_cylinder_0.5_0.5_rand,inner,2,random,0.0,2,Proj.,No_MP,501,323135
result_trotter_10_Heisenberg2D_cylinder_0.5_0.5_rand,inner,2,random,0.0,2,Proj.,No_Kink,1843,1108550
result_trotter_10_Heisenberg2D_cylinder_0.5_0.5_rand,inner,2,random,0.0,2,Proj.,Yes_Kink,1849,1101127
result_SELECT_10_Heisenberg2D_cylinder_0.5_0.5_6,outer,1,SA,0.01,4,Single,No_MSF,211,307392
result_SELECT_10_Heisenberg2D_cylinder_0.5_0.5_6,outer,1,SA,0.01,4,Single,No_Top,233,330144
result_SELECT_10_Heisenberg2D_cylinder_0.5_0.5_6,outer,1,SA,0.01,4,Single,No_MP,217,463604
result_SELECT_10_Heisenberg2D_cylinder_0.5_0.5_6,outer,1,SA,0.01,4,Single,No_Kink,294,731124
result_SELECT_10_Heisenberg2D_cylinder_0.5_0.5_6,outer,1,SA,0.01,4,Double,No_MSF,177,262784
result_SELECT_10_Heisenberg2D_cylinder_0.5_0.5_6,outer,1,SA,0.01,4,Double,No_Top,219,311776
result_SELECT_10_Heisenberg2D_cylinder_0.5_0.5_6,outer,1,SA,0.01,4,Double,No_MP,183,423953
result_SELECT_10_Heisenberg2D_cylinder_0.5_0.5_6,outer,1,SA,0.01,4,Double,No_Kink,239,747971
result_SELECT_10_Heisenberg2D_cylinder_0.5_0.5_6,outer,1,SA,0.01,4,Double,Yes_Kink,248,768610
result_SELECT_10_Heisenberg2D_cylinder_0.5_0.5_6,outer,1,SA,0.01,4,Proj.,No_MSF,108,172256
result_SELECT_10_Heisenberg2D_cylinder_0.5_0.5_6,outer,1,SA,0.01,4,Proj.,No_Top,205,293408
result_SELECT_10_Heisenberg2D_cylinder_0.5_0.5_6,outer,1,SA,0.01,4,Proj.,No_MP,133,580976
result_SELECT_10_Heisenberg2D_cylinder_0.5_0.5_6,outer,1,SA,0.01,4,Proj.,No_Kink,210,1003065
result_SELECT_10_Heisenberg2D_cylinder_0.5_0.5_6,outer,1,SA,0.01,4,Proj.,Yes_Kink,211,998154
result_SELECT_10_Heisenberg2D_cylinder_0.5_0.5_4,outer,1,SA,0.1,0,Single,No_MSF,571,251568
result_SELECT_10_Heisenberg2D_cylinder_0.5_0.5_4,outer,1,SA,0.1,0,Single,No_Top,571,246672
result_SELECT_10_Heisenberg2D_cylinder_0.5_0.5_4,outer,1,SA,0.1,0,Single,No_MP,571,302978
result_SELECT_10_Heisenberg2D_cylinder_0.5_0.5_4,outer,1,SA,0.1,0,Single,No_Kink,572,343502
result_SELECT_10_Heisenberg2D_cylinder_0.5_0.5_4,outer,1,SA,0.1,0,Double,No_MSF,522,230400
result_SELECT_10_Heisenberg2D_cylinder_0.5_0.5_4,outer,1,SA,0.1,0,Double,No_Top,522,225504
result_SELECT_10_Heisenberg2D_cylinder_0.5_0.5_4,outer,1,SA,0.1,0,Double,No_MP,523,289008
result_SELECT_10_Heisenberg2D_cylinder_0.5_0.5_4,outer,1,SA,0.1,0,Double,No_Kink,523,334965
result_SELECT_10_Heisenberg2D_cylinder_0.5_0.5_4,outer,1,SA,0.1,0,Double,Yes_Kink,529,336182
result_SELECT_10_Heisenberg2D_cylinder_0.5_0.5_4,outer,1,SA,0.1,0,Proj.,No_MSF,420,186336
result_SELECT_10_Heisenberg2D_cylinder_0.5_0.5_4,outer,1,SA,0.1,0,Proj.,No_Top,420,181440
result_SELECT_10_Heisenberg2D_cylinder_0.5_0.5_4,outer,1,SA,0.1,0,Proj.,No_MP,432,668764
result_SELECT_10_Heisenberg2D_cylinder_0.5_0.5_4,outer,1,SA,0.1,0,Proj.,No_Kink,439,715781
result_SELECT_10_Heisenberg2D_cylinder_0.5_0.5_4,outer,1,SA,0.1,0,Proj.,Yes_Kink,450,716847
result_SELECT_10_Heisenberg2D_cylinder_0.5_0.5_6,inner,2,SA,0.001,8,Single,No_MSF,211,331840
result_SELECT_10_Heisenberg2D_cylinder_0.5_0.5_6,inner,2,SA,0.001,8,Single,No_Top,383,551392
result_SELECT_10_Heisenberg2D_cylinder_0.5_0.5_6,inner,2,SA,0.001,8,Single,No_MP,211,433761
result_SELECT_10_Heisenberg2D_cylinder_0.5_0.5_6,inner,2,SA,0.001,8,Single,No_Kink,384,800982
result_SELECT_10_Heisenberg2D_cylinder_0.5_0.5_6,inner,2,SA,0.001,8,Single,Yes_Kink,383,812042
result_SELECT_10_Heisenberg2D_cylinder_0.5_0.5_6,inner,2,SA,0.001,8,Double,No_MSF,177,287232
result_SELECT_10_Heisenberg2D_cylinder_0.5_0.5_6,inner,2,SA,0.001,8,Double,No_Top,374,539584
result_SELECT_10_Heisenberg2D_cylinder_0.5_0.5_6,inner,2,SA,0.001,8,Double,No_MP,180,402459
result_SELECT_10_Heisenberg2D_cylinder_0.5_0.5_6,inner,2,SA,0.001,8,Double,No_Kink,374,801379
result_SELECT_10_Heisenberg2D_cylinder_0.5_0.5_6,inner,2,SA,0.001,8,Double,Yes_Kink,375,802977
result_SELECT_10_Heisenberg2D_cylinder_0.5_0.5_6,inner,2,SA,0.001,8,Proj.,No_MSF,108,196704
result_SELECT_10_Heisenberg2D_cylinder_0.5_0.5_6,inner,2,SA,0.001,8,Proj.,No_Top,369,533024
result_SELECT_10_Heisenberg2D_cylinder_0.5_0.5_6,inner,2,SA,0.001,8,Proj.,No_MP,126,619269
result_SELECT_10_Heisenberg2D_cylinder_0.5_0.5_6,inner,2,SA,0.001,8,Proj.,No_Kink,1417,4784951
result_SELECT_10_Heisenberg2D_cylinder_0.5_0.5_6,inner,2,SA,0.001,8,Proj.,Yes_Kink,1447,4791093
result_SELECT_10_Heisenberg2D_cylinder_0.5_0.5_1,outer,1,SA,0.1,0,Single,No_MSF,4079,591856
result_SELECT_10_Heisenberg2D_cylinder_0.5_0.5_1,outer,1,SA,0.1,0,Single,No_Top,4079,587376
result_SELECT_10_Heisenberg2D_cylinder_0.5_0.5_1,outer,1,SA,0.1,0,Single,No_MP,4079,635532
result_SELECT_10_Heisenberg2D_cylinder_0.5_0.5_1,outer,1,SA,0.1,0,Single,No_Kink,4079,675086
result_SELECT_10_Heisenberg2D_cylinder_0.5_0.5_1,outer,1,SA,0.1,0,Double,No_MSF,3792,550528
result_SELECT_10_Heisenberg2D_cylinder_0.5_0.5_1,outer,1,SA,0.1,0,Double,No_Top,3792,546048
result_SELECT_10_Heisenberg2D_cylinder_0.5_0.5_1,outer,1,SA,0.1,0,Double,No_MP,3792,602687
result_SELECT_10_Heisenberg2D_cylinder_0.5_0.5_1,outer,1,SA,0.1,0,Double,No_Kink,3792,647266
result_SELECT_10_Heisenberg2D_cylinder_0.5_0.5_1,outer,1,SA,0.1,0,Double,Yes_Kink,3794,645400
result_SELECT_10_Heisenberg2D_cylinder_0.5_0.5_1,outer,1,SA,0.1,0,Proj.,No_MSF,3333,484432
result_SELECT_10_Heisenberg2D_cylinder_0.5_0.5_1,outer,1,SA,0.1,0,Proj.,No_Top,3333,479952
result_SELECT_10_Heisenberg2D_cylinder_0.5_0.5_1,outer,1,SA,0.1,0,Proj.,No_MP,3335,1476655
result_SELECT_10_Heisenberg2D_cylinder_0.5_0.5_1,outer,1,SA,0.1,0,Proj.,No_Kink,3339,1796550
result_SELECT_10_Heisenberg2D_cylinder_0.5_0.5_1,outer,1,SA,0.1,0,Proj.,Yes_Kink,3339,1757054
result_SELECT_10_Heisenberg2D_cylinder_0.5_0.5_6,outer,1,SA,1.0,10,Single,No_MSF,211,344064
result_SELECT_10_Heisenberg2D_cylinder_0.5_0.5_6,outer,1,SA,1.0,10,Single,No_Top,463,668576
result_SELECT_10_Heisenberg2D_cylinder_0.5_0.5_6,outer,1,SA,1.0,10,Single,No_MP,224,528572
result_SELECT_10_Heisenberg2D_cylinder_0.5_0.5_6,outer,1,SA,1.0,10,Single,No_Kink,469,1079206
result_SELECT_10_Heisenberg2D_cylinder_0.5_0.5_6,outer,1,SA,1.0,10,Double,No_MSF,177,299456
result_SELECT_10_Heisenberg2D_cylinder_0.5_0.5_6,outer,1,SA,1.0,10,Double,No_Top,454,656768
result_SELECT_10_Heisenberg2D_cylinder_0.5_0.5_6,outer,1,SA,1.0,10,Double,No_MP,185,481025
result_SELECT_10_Heisenberg2D_cylinder_0.5_0.5_6,outer,1,SA,1.0,10,Double,No_Kink,454,1144559
result_SELECT_10_Heisenberg2D_cylinder_0.5_0.5_6,outer,1,SA,1.0,10,Double,Yes_Kink,456,1140174
result_SELECT_10_Heisenberg2D_cylinder_0.5_0.5_6,outer,1,SA,1.0,10,Proj.,No_MSF,108,208928
result_SELECT_10_Heisenberg2D_cylinder_0.5_0.5_6,outer,1,SA,1.0,10,Proj.,No_Top,451,652832
result_SELECT_10_Heisenberg2D_cylinder_0.5_0.5_6,outer,1,SA,1.0,10,Proj.,No_MP,138,637110
result_SELECT_10_Heisenberg2D_cylinder_0.5_0.5_6,outer,1,SA,1.0,10,Proj.,No_Kink,462,2052847
result_SELECT_10_Heisenberg2D_cylinder_0.5_0.5_6,outer,1,SA,1.0,10,Proj.,Yes_Kink,462,2048074
result_SELECT_10_Heisenberg2D_cylinder_0.5_0.5_6,inner,1,random,0.0,0,Single,No_MSF,211,282944
result_SELECT_10_Heisenberg2D_cylinder_0.5_0.5_6,inner,1,random,0.0,0,Single,No_Top,211,276832
result_SELECT_10_Heisenberg2D_cylinder_0.5_0.5_6,inner,1,random,0.0,0,Single,No_MP,596,1483212
result_SELECT_10_Heisenberg2D_cylinder_0.5_0.5_6,inner,1,random,0.0,0,Single,No_Kink,613,1532266
result_SELECT_10_Heisenberg2D_cylinder_0.5_0.5_6,inner,1,random,0.0,0,Double,No_MSF,177,238336
result_SELECT_10_Heisenberg2D_cylinder_0.5_0.5_6,inner,1,random,0.0,0,Double,No_Top,177,232224
result_SELECT_10_Heisenberg2D_cylinder_0.5_0.5_6,inner,1,random,0.0,0,Double,No_MP,334,1154746
result_SELECT_10_Heisenberg2D_cylinder_0.5_0.5_6,inner,1,random,0.0,0,Double,No_Kink,348,1211655
result_SELECT_10_Heisenberg2D_cylinder_0.5_0.5_6,inner,1,random,0.0,0,Double,Yes_Kink,353,1223884
result_SELECT_10_Heisenberg2D_cylinder_0.5_0.5_6,inner,1,random,0.0,0,Proj.,No_MSF,108,147808
result_SELECT_10_Heisenberg2D_cylinder_0.5_0.5_6,inner,1,random,0.0,0,Proj.,No_Top,108,141696
result_SELECT_10_Heisenberg2D_cylinder_0.5_0.5_6,inner,1,random,0.0,0,Proj.,No_MP,236,1121632
result_SELECT_10_Heisenberg2D_cylinder_0.5_0.5_6,inner,1,random,0.0,0,Proj.,No_Kink,249,1182232
result_SELECT_10_Heisenberg2D_cylinder_0.5_0.5_6,inner,1,random,0.0,0,Proj.,Yes_Kink,256,1208743
result_trotter_10_Heisenberg2D_cylinder_0.5_0.5_det,outer,1,SA,1.0,1,Single,No_MSF,756,126600
result_trotter_10_Heisenberg2D_cylinder_0.5_0.5_det,outer,1,SA,1.0,1,Single,No_Top,1173,142800
result_trotter_10_Heisenberg2D_cylinder_0.5_0.5_det,outer,1,SA,1.0,1,Single,No_MP,758,140136
result_trotter_10_Heisenberg2D_cylinder_0.5_0.5_det,outer,1,SA,1.0,1,Single,No_Kink,1258,361900
result_trotter_10_Heisenberg2D_cylinder_0.5_0.5_det,outer,1,SA,1.0,1,Double,No_MSF,749,125900
result_trotter_10_Heisenberg2D_cylinder_0.5_0.5_det,outer,1,SA,1.0,1,Double,No_Top,1160,141500
result_trotter_10_Heisenberg2D_cylinder_0.5_0.5_det,outer,1,SA,1.0,1,Double,No_MP,749,140851
result_trotter_10_Heisenberg2D_cylinder_0.5_0.5_det,outer,1,SA,1.0,1,Double,No_Kink,1279,446681
result_trotter_10_Heisenberg2D_cylinder_0.5_0.5_det,outer,1,SA,1.0,1,Double,Yes_Kink,1354,454709
result_trotter_10_Heisenberg2D_cylinder_0.5_0.5_det,outer,1,SA,1.0,1,Proj.,No_MSF,390,90000
result_trotter_10_Heisenberg2D_cylinder_0.5_0.5_det,outer,1,SA,1.0,1,Proj.,No_Top,1160,141500
result_trotter_10_Heisenberg2D_cylinder_0.5_0.5_det,outer,1,SA,1.0,1,Proj.,No_MP,543,238491
result_trotter_10_Heisenberg2D_cylinder_0.5_0.5_det,outer,1,SA,1.0,1,Proj.,No_Kink,1357,543345
result_trotter_10_Heisenberg2D_cylinder_0.5_0.5_det,outer,1,SA,1.0,1,Proj.,Yes_Kink,1399,550839
result_SELECT_10_Heisenberg2D_cylinder_0.5_0.5_6,inner,1,SA,1.0,6,Single,No_MSF,211,319616
result_SELECT_10_Heisenberg2D_cylinder_0.5_0.5_6,inner,1,SA,1.0,6,Single,No_Top,307,439456
result_SELECT_10_Heisenberg2D_cylinder_0.5_0.5_6,inner,1,SA,1.0,6,Single,No_MP,216,475268
result_SELECT_10_Heisenberg2D_cylinder_0.5_0.5_6,inner,1,SA,1.0,6,Single,No_Kink,319,801514
result_SELECT_10_Heisenberg2D_cylinder_0.5_0.5_6,inner,1,SA,1.0,6,Double,No_MSF,177,275008
result_SELECT_10_Heisenberg2D_cylinder_0.5_0.5_6,inner,1,SA,1.0,6,Double,No_Top,295,423712
result_SELECT_10_Heisenberg2D_cylinder_0.5_0.5_6,inner,1,SA,1.0,6,Double,No_MP,184,438080
result_SELECT_10_Heisenberg2D_cylinder_0.5_0.5_6,inner,1,SA,1.0,6,Double,No_Kink,296,793344
result_SELECT_10_Heisenberg2D_cylinder_0.5_0.5_6,inner,1,SA,1.0,6,Double,Yes_Kink,301,810041
result_SELECT_10_Heisenberg2D_cylinder_0.5_0.5_6,inner,1,SA,1.0,6,Proj.,No_MSF,108,184480
result_SELECT_10_Heisenberg2D_cylinder_0.5_0.5_6,inner,1,SA,1.0,6,Proj.,No_Top,287,413216
result_SELECT_10_Heisenberg2D_cylinder_0.5_0.5_6,inner,1,SA,1.0,6,Proj.,No_MP,135,604325
result_SELECT_10_Heisenberg2D_cylinder_0.5_0.5_6,inner,1,SA,1.0,6,Proj.,No_Kink,460,1595124
result_SELECT_10_Heisenberg2D_cylinder_0.5_0.5_6,inner,1,SA,1.0,6,Proj.,Yes_Kink,448,1549461
result_trotter_10_Heisenberg2D_cylinder_0.5_0.5_det,outer,1,random,0.0,0,Single,No_MSF,756,101100
result_trotter_10_Heisenberg2D_cylinder_0.5_0.5_det,outer,1,random,0.0,0,Single,No_Top,756,75600
result_trotter_10_Heisenberg2D_cylinder_0.5_0.5_det,outer,1,random,0.0,0,Single,No_MP,770,138482
result_trotter_10_Heisenberg2D_cylinder_0.5_0.5_det,outer,1,random,0.0,0,Single,No_Kink,1002,288608
result_trotter_10_Heisenberg2D_cylinder_0.5_0.5_det,outer,1,random,0.0,0,Double,No_MSF,749,100400
result_trotter_10_Heisenberg2D_cylinder_0.5_0.5_det,outer,1,random,0.0,0,Double,No_Top,749,74900
result_trotter_10_Heisenberg2D_cylinder_0.5_0.5_det,outer,1,random,0.0,0,Double,No_MP,753,136918
result_trotter_10_Heisenberg2D_cylinder_0.5_0.5_det,outer,1,random,0.0,0,Double,No_Kink,1194,406160
result_trotter_10_Heisenberg2D_cylinder_0.5_0.5_det,outer,1,random,0.0,0,Double,Yes_Kink,1223,398244
result_trotter_10_Heisenberg2D_cylinder_0.5_0.5_det,outer,1,random,0.0,0,Proj.,No_MSF,390,64500
result_trotter_10_Heisenberg2D_cylinder_0.5_0.5_det,outer,1,random,0.0,0,Proj.,No_Top,580,58000
result_trotter_10_Heisenberg2D_cylinder_0.5_0.5_det,outer,1,random,0.0,0,Proj.,No_MP,588,235185
result_trotter_10_Heisenberg2D_cylinder_0.5_0.5_det,outer,1,random,0.0,0,Proj.,No_Kink,986,376254
result_trotter_10_Heisenberg2D_cylinder_0.5_0.5_det,outer,1,random,0.0,0,Proj.,Yes_Kink,1092,417483
result_trotter_10_Heisenberg2D_cylinder_0.5_0.5_det,outer,2,SA,0.001,2,Single,No_MSF,756,152100
result_trotter_10_Heisenberg2D_cylinder_0.5_0.5_det,outer,2,SA,0.001,2,Single,No_Top,1742,225200
result_trotter_10_Heisenberg2D_cylinder_0.5_0.5_det,outer,2,SA,0.001,2,Single,No_MP,758,162264
result_trotter_10_Heisenberg2D_cylinder_0.5_0.5_det,outer,2,SA,0.001,2,Single,No_Kink,1757,526649
result_trotter_10_Heisenberg2D_cylinder_0.5_0.5_det,outer,2,SA,0.001,2,Single,Yes_Kink,1768,531105
result_trotter_10_Heisenberg2D_cylinder_0.5_0.5_det,outer,2,SA,0.001,2,Double,No_MSF,749,151400
result_trotter_10_Heisenberg2D_cylinder_0.5_0.5_det,outer,2,SA,0.001,2,Double,No_Top,1740,225000
result_trotter_10_Heisenberg2D_cylinder_0.5_0.5_det,outer,2,SA,0.001,2,Double,No_MP,750,163065
result_trotter_10_Heisenberg2D_cylinder_0.5_0.5_det,outer,2,SA,0.001,2,Double,No_Kink,1741,548134
result_trotter_10_Heisenberg2D_cylinder_0.5_0.5_det,outer,2,SA,0.001,2,Double,Yes_Kink,1744,562575
result_trotter_10_Heisenberg2D_cylinder_0.5_0.5_det,outer,2,SA,0.001,2,Proj.,No_MSF,390,115500
result_trotter_10_Heisenberg2D_cylinder_0.5_0.5_det,outer,2,SA,0.001,2,Proj.,No_Top,1740,225000
result_trotter_10_Heisenberg2D_cylinder_0.5_0.5_det,outer,2,SA,0.001,2,Proj.,No_MP,540,296937
result_trotter_10_Heisenberg2D_cylinder_0.5_0.5_det,outer,2,SA,0.001,2,Proj.,No_Kink,1787,1093339
result_trotter_10_Heisenberg2D_cylinder_0.5_0.5_det,outer,2,SA,0.001,2,Proj.,Yes_Kink,1788,1088272
result_SELECT_10_Heisenberg2D_cylinder_0.5_0.5_0,inner,1,SA,1.0,0,Single,No_MSF,8099,992534
result_SELECT_10_Heisenberg2D_cylinder_0.5_0.5_0,inner,1,SA,1.0,0,Single,No_Top,8099,988078
result_SELECT_10_Heisenberg2D_cylinder_0.5_0.5_0,inner,1,SA,1.0,0,Single,No_MP,8099,1031866
result_SELECT_10_Heisenberg2D_cylinder_0.5_0.5_0,inner,1,SA,1.0,0,Single,No_Kink,8099,1036696
result_SELECT_10_Heisenberg2D_cylinder_0.5_0.5_0,inner,1,SA,1.0,0,Double,No_MSF,7536,923848
result_SELECT_10_Heisenberg2D_cylinder_0.5_0.5_0,inner,1,SA,1.0,0,Double,No_Top,7536,919392
result_SELECT_10_Heisenberg2D_cylinder_0.5_0.5_0,inner,1,SA,1.0,0,Double,No_MP,7536,973319
result_SELECT_10_Heisenberg2D_cylinder_0.5_0.5_0,inner,1,SA,1.0,0,Double,No_Kink,7536,983023
result_SELECT_10_Heisenberg2D_cylinder_0.5_0.5_0,inner,1,SA,1.0,0,Double,Yes_Kink,7536,981646
result_SELECT_10_Heisenberg2D_cylinder_0.5_0.5_0,inner,1,SA,1.0,0,Proj.,No_MSF,6660,816976
result_SELECT_10_Heisenberg2D_cylinder_0.5_0.5_0,inner,1,SA,1.0,0,Proj.,No_Top,6660,812520
result_SELECT_10_Heisenberg2D_cylinder_0.5_0.5_0,inner,1,SA,1.0,0,Proj.,No_MP,6660,2602299
result_SELECT_10_Heisenberg2D_cylinder_0.5_0.5_0,inner,1,SA,1.0,0,Proj.,No_Kink,6663,2854551
result_SELECT_10_Heisenberg2D_cylinder_0.5_0.5_0,inner,1,SA,1.0,0,Proj.,Yes_Kink,6663,2774521
result_SELECT_10_Heisenberg2D_cylinder_0.5_0.5_1,inner,1,naive,0.0,2,Single,No_MSF,4079,600816
result_SELECT_10_Heisenberg2D_cylinder_0.5_0.5_1,inner,1,naive,0.0,2,Single,No_Top,4080,596480
result_SELECT_10_Heisenberg2D_cylinder_0.5_0.5_1,inner,1,naive,0.0,2,Single,No_MP,4079,725488
result_SELECT_10_Heisenberg2D_cylinder_0.5_0.5_1,inner,1,naive,0.0,2,Single,No_Kink,4108,814202
result_SELECT_10_Heisenberg2D_cylinder_0.5_0.5_1,inner,1,naive,0.0,2,Double,No_MSF,3792,559488
result_SELECT_10_Heisenberg2D_cylinder_0.5_0.5_1,inner,1,naive,0.0,2,Double,No_Top,3793,555152
result_SELECT_10_Heisenberg2D_cylinder_0.5_0.5_1,inner,1,naive,0.0,2,Double,No_MP,3795,693787
result_SELECT_10_Heisenberg2D_cylinder_0.5_0.5_1,inner,1,naive,0.0,2,Double,No_Kink,3793,777166
result_SELECT_10_Heisenberg2D_cylinder_0.5_0.5_1,inner,1,naive,0.0,2,Double,Yes_Kink,3852,783119
result_SELECT_10_Heisenberg2D_cylinder_0.5_0.5_1,inner,1,naive,0.0,2,Proj.,No_MSF,3333,493392
result_SELECT_10_Heisenberg2D_cylinder_0.5_0.5_1,inner,1,naive,0.0,2,Proj.,No_Top,3333,488912
result_SELECT_10_Heisenberg2D_cylinder_0.5_0.5_1,inner,1,naive,0.0,2,Proj.,No_MP,3347,1492118
result_SELECT_10_Heisenberg2D_cylinder_0.5_0.5_1,inner,1,naive,0.0,2,Proj.,No_Kink,3350,1542513
result_SELECT_10_Heisenberg2D_cylinder_0.5_0.5_1,inner,1,naive,0.0,2,Proj.,Yes_Kink,3484,1581811
result_SELECT_10_Heisenberg2D_cylinder_0.5_0.5_6,outer,1,naive,0.0,6,Single,No_MSF,211,319616
result_SELECT_10_Heisenberg2D_cylinder_0.5_0.5_6,outer,1,naive,0.0,6,Single,No_Top,307,439456
result_SELECT_10_Heisenberg2D_cylinder_0.5_0.5_6,outer,1,naive,0.0,6,Single,No_MP,640,1501764
result_SELECT_10_Heisenberg2D_cylinder_0.5_0.5_6,outer,1,naive,0.0,6,Single,No_Kink,865,1923540
result_SELECT_10_Heisenberg2D_cylinder_0.5_0.5_6,outer,1,naive,0.0,6,Double,No_MSF,177,275008
result_SELECT_10_Heisenberg2D_cylinder_0.5_0.5_6,outer,1,naive,0.0,6,Double,No_Top,295,423712
result_SELECT_10_Heisenberg2D_cylinder_0.5_0.5_6,outer,1,naive,0.0,6,Double,No_MP,468,1287883
result_SELECT_10_Heisenberg2D_cylinder_0.5_0.5_6,outer,1,naive,0.0,6,Double,No_Kink,636,1670617
result_SELECT_10_Heisenberg2D_cylinder_0.5_0.5_6,outer,1,naive,0.0,6,Double,Yes_Kink,640,1680405
result_SELECT_10_Heisenberg2D_cylinder_0.5_0.5_6,outer,1,naive,0.0,6,Proj.,No_MSF,108,184480
result_SELECT_10_Heisenberg2D_cylinder_0.5_0.5_6,outer,1,naive,0.0,6,Proj.,No_Top,287,413216
result_SELECT_10_Heisenberg2D_cylinder_0.5_0.5_6,outer,1,naive,0.0,6,Proj.,No_MP,293,1387266
result_SELECT_10_Heisenberg2D_cylinder_0.5_0.5_6,outer,1,naive,0.0,6,Proj.,No_Kink,397,1891960
result_SELECT_10_Heisenberg2D_cylinder_0.5_0.5_6,outer,1,naive,0.0,6,Proj.,Yes_Kink,401,1906903
result_trotter_10_Heisenberg2D_cylinder_0.5_0.5_rand,outer,2,SA,0.001,2,Single,No_MSF,744,150900
result_trotter_10_Heisenberg2D_cylinder_0.5_0.5_rand,outer,2,SA,0.001,2,Single,No_Top,1742,225200
result_trotter_10_Heisenberg2D_cylinder_0.5_0.5_rand,outer,2,SA,0.001,2,Single,No_MP,744,160236
result_trotter_10_Heisenberg2D_cylinder_0.5_0.5_rand,outer,2,SA,0.001,2,Single,No_Kink,1749,507820
result_trotter_10_Heisenberg2D_cylinder_0.5_0.5_rand,outer,2,SA,0.001,2,Single,Yes_Kink,1749,509011
result_trotter_10_Heisenberg2D_cylinder_0.5_0.5_rand,outer,2,SA,0.001,2,Double,No_MSF,721,148600
result_trotter_10_Heisenberg2D_cylinder_0.5_0.5_rand,outer,2,SA,0.001,2,Double,No_Top,1740,225000
result_trotter_10_Heisenberg2D_cylinder_0.5_0.5_rand,outer,2,SA,0.001,2,Double,No_MP,721,159943
result_trotter_10_Heisenberg2D_cylinder_0.5_0.5_rand,outer,2,SA,0.001,2,Double,No_Kink,1740,527551
result_trotter_10_Heisenberg2D_cylinder_0.5_0.5_rand,outer,2,SA,0.001,2,Double,Yes_Kink,1742,536254
result_trotter_10_Heisenberg2D_cylinder_0.5_0.5_rand,outer,2,SA,0.001,2,Proj.,No_MSF,390,115500
result_trotter_10_Heisenberg2D_cylinder_0.5_0.5_rand,outer,2,SA,0.001,2,Proj.,No_Top,1740,225000
result_trotter_10_Heisenberg2D_cylinder_0.5_0.5_rand,outer,2,SA,0.001,2,Proj.,No_MP,479,282340
result_trotter_10_Heisenberg2D_cylinder_0.5_0.5_rand,outer,2,SA,0.001,2,Proj.,No_Kink,1791,1095314
result_trotter_10_Heisenberg2D_cylinder_0.5_0.5_rand,outer,2,SA,0.001,2,Proj.,Yes_Kink,1779,1080079
result_trotter_10_Heisenberg2D_cylinder_0.5_0.5_det,inner,1,SA,0.001,0,Single,No_MSF,756,101100
result_trotter_10_Heisenberg2D_cylinder_0.5_0.5_det,inner,1,SA,0.001,0,Single,No_Top,756,75600
result_trotter_10_Heisenberg2D_cylinder_0.5_0.5_det,inner,1,SA,0.001,0,Single,No_MP,760,113298
result_trotter_10_Heisenberg2D_cylinder_0.5_0.5_det,inner,1,SA,0.001,0,Single,No_Kink,1121,313204
result_trotter_10_Heisenberg2D_cylinder_0.5_0.5_det,inner,1,SA,0.001,0,Double,No_MSF,749,100400
result_trotter_10_Heisenberg2D_cylinder_0.5_0.5_det,inner,1,SA,0.001,0,Double,No_Top,749,74900
result_trotter_10_Heisenberg2D_cylinder_0.5_0.5_det,inner,1,SA,0.001,0,Double,No_MP,750,114070
result_trotter_10_Heisenberg2D_cylinder_0.5_0.5_det,inner,1,SA,0.001,0,Double,No_Kink,1323,443195
result_trotter_10_Heisenberg2D_cylinder_0.5_0.5_det,inner,1,SA,0.001,0,Double,Yes_Kink,1331,435752
result_trotter_10_Heisenberg2D_cylinder_0.5_0.5_det,inner,1,SA,0.001,0,Proj.,No_MSF,390,64500
result_trotter_10_Heisenberg2D_cylinder_0.5_0.5_det,inner,1,SA,0.001,0,Proj.,No_Top,580,58000
result_trotter_10_Heisenberg2D_cylinder_0.5_0.5_det,inner,1,SA,0.001,0,Proj.,No_MP,550,221973
result_trotter_10_Heisenberg2D_cylinder_0.5_0.5_det,inner,1,SA,0.001,0,Proj.,No_Kink,1181,464517
result_trotter_10_Heisenberg2D_cylinder_0.5_0.5_det,inner,1,SA,0.001,0,Proj.,Yes_Kink,1231,478202
result_SELECT_100_random_local_OBC_0_0_6,inner,1,SA,0.1,2,Single,No_MSF,247,306944
result_SELECT_100_random_local_OBC_0_0_6,inner,1,SA,0.1,2,Single,No_Top,247,302112
result_SELECT_100_random_local_OBC_0_0_6,inner,1,SA,0.1,2,Single,No_MP,422,715008
result_SELECT_100_random_local_OBC_0_0_6,inner,1,SA,0.1,2,Single,No_Kink,503,888384
result_SELECT_100_random_local_OBC_0_0_6,inner,1,SA,0.1,2,Double,No_MSF,192,241824
result_SELECT_100_random_local_OBC_0_0_6,inner,1,SA,0.1,2,Double,No_Top,193,238176
result_SELECT_100_random_local_OBC_0_0_6,inner,1,SA,0.1,2,Double,No_MP,347,648138
result_SELECT_100_random_local_OBC_0_0_6,inner,1,SA,0.1,2,Double,No_Kink,411,827174
result_SELECT_100_random_local_OBC_0_0_6,inner,1,SA,0.1,2,Double,Yes_Kink,418,841360
result_SELECT_100_random_local_OBC_0_0_6,inner,1,SA,0.1,2,Proj.,No_MSF,128,166048
result_SELECT_100_random_local_OBC_0_0_6,inner,1,SA,0.1,2,Proj.,No_Top,128,161216
result_SELECT_100_random_local_OBC_0_0_6,inner,1,SA,0.1,2,Proj.,No_MP,235,924599
result_SELECT_100_random_local_OBC_0_0_6,inner,1,SA,0.1,2,Proj.,No_Kink,316,1225017
result_SELECT_100_random_local_OBC_0_0_6,inner,1,SA,0.1,2,Proj.,Yes_Kink,333,1266044
result_SELECT_10_Heisenberg2D_cylinder_0.5_0.5_6,inner,2,SA,0.1,10,Single,No_MSF,211,344064
result_SELECT_10_Heisenberg2D_cylinder_0.5_0.5_6,inner,2,SA,0.1,10,Single,No_Top,463,668576
result_SELECT_10_Heisenberg2D_cylinder_0.5_0.5_6,inner,2,SA,0.1,10,Single,No_MP,211,447974
result_SELECT_10_Heisenberg2D_cylinder_0.5_0.5_6,inner,2,SA,0.1,10,Single,No_Kink,462,912660
result_SELECT_10_Heisenberg2D_cylinder_0.5_0.5_6,inner,2,SA,0.1,10,Single,Yes_Kink,463,932343
result_SELECT_10_Heisenberg2D_cylinder_0.5_0.5_6,inner,2,SA,0.1,10,Double,No_MSF,177,299456
result_SELECT_10_Heisenberg2D_cylinder_0.5_0.5_6,inner,2,SA,0.1,10,Double,No_Top,454,656768
result_SELECT_10_Heisenberg2D_cylinder_0.5_0.5_6,inner,2,SA,0.1,10,Double,No_MP,181,418717
result_SELECT_10_Heisenberg2D_cylinder_0.5_0.5_6,inner,2,SA,0.1,10,Double,No_Kink,455,925918
result_SELECT_10_Heisenberg2D_cylinder_0.5_0.5_6,inner,2,SA,0.1,10,Double,Yes_Kink,455,931025
result_SELECT_10_Heisenberg2D_cylinder_0.5_0.5_6,inner,2,SA,0.1,10,Proj.,No_MSF,108,208928
result_SELECT_10_Heisenberg2D_cylinder_0.5_0.5_6,inner,2,SA,0.1,10,Proj.,No_Top,451,652832
result_SELECT_10_Heisenberg2D_cylinder_0.5_0.5_6,inner,2,SA,0.1,10,Proj.,No_MP,128,643290
result_SELECT_10_Heisenberg2D_cylinder_0.5_0.5_6,inner,2,SA,0.1,10,Proj.,No_Kink,2101,6317656
result_SELECT_10_Heisenberg2D_cylinder_0.5_0.5_6,inner,2,SA,0.1,10,Proj.,Yes_Kink,2101,6299435
result_SELECT_10_Heisenberg2D_cylinder_0.5_0.5_0,inner,2,naive,0.0,2,Single,No_MSF,8099,1001446
result_SELECT_10_Heisenberg2D_cylinder_0.5_0.5_0,inner,2,naive,0.0,2,Single,No_Top,8101,997234
result_SELECT_10_Heisenberg2D_cylinder_0.5_0.5_0,inner,2,naive,0.0,2,Single,No_MP,8099,1085840
result_SELECT_10_Heisenberg2D_cylinder_0.5_0.5_0,inner,2,naive,0.0,2,Single,No_Kink,8101,1136172
result_SELECT_10_Heisenberg2D_cylinder_0.5_0.5_0,inner,2,naive,0.0,2,Single,Yes_Kink,8101,1147689
result_SELECT_10_Heisenberg2D_cylinder_0.5_0.5_0,inner,2,naive,0.0,2,Double,No_MSF,7536,932760
result_SELECT_10_Heisenberg2D_cylinder_0.5_0.5_0,inner,2,naive,0.0,2,Double,No_Top,7537,928426
result_SELECT_10_Heisenberg2D_cylinder_0.5_0.5_0,inner,2,naive,0.0,2,Double,No_MP,7536,1025485
result_SELECT_10_Heisenberg2D_cylinder_0.5_0.5_0,inner,2,naive,0.0,2,Double,No_Kink,7537,1080771
result_SELECT_10_Heisenberg2D_cylinder_0.5_0.5_0,inner,2,naive,0.0,2,Double,Yes_Kink,7547,1078443
result_SELECT_10_Heisenberg2D_cylinder_0.5_0.5_0,inner,2,naive,0.0,2,Proj.,No_MSF,6660,825888
result_SELECT_10_Heisenberg2D_cylinder_0.5_0.5_0,inner,2,naive,0.0,2,Proj.,No_Top,6660,821432
result_SELECT_10_Heisenberg2D_cylinder_0.5_0.5_0,inner,2,naive,0.0,2,Proj.,No_MP,6660,2363400
result_SELECT_10_Heisenberg2D_cylinder_0.5_0.5_0,inner,2,naive,0.0,2,Proj.,No_Kink,6663,2481502
result_SELECT_10_Heisenberg2D_cylinder_0.5_0.5_0,inner,2,naive,0.0,2,Proj.,Yes_Kink,6668,2490202
result_SELECT_10_Heisenberg2D_cylinder_0.5_0.5_4,inner,2,naive,0.0,0,Single,No_MSF,571,251568
result_SELECT_10_Heisenberg2D_cylinder_0.5_0.5_4,inner,2,naive,0.0,0,Single,No_Top,571,246672
result_SELECT_10_Heisenberg2D_cylinder_0.5_0.5_4,inner,2,naive,0.0,0,Single,No_MP,787,528491
result_SELECT_10_Heisenberg2D_cylinder_0.5_0.5_4,inner,2,naive,0.0,0,Single,No_Kink,836,608745
result_SELECT_10_Heisenberg2D_cylinder_0.5_0.5_4,inner,2,naive,0.0,0,Single,Yes_Kink,803,608959
result_SELECT_10_Heisenberg2D_cylinder_0.5_0.5_4,inner,2,naive,0.0,0,Double,No_MSF,522,230400
result_SELECT_10_Heisenberg2D_cylinder_0.5_0.5_4,inner,2,naive,0.0,0,Double,No_Top,522,225504
result_SELECT_10_Heisenberg2D_cylinder_0.5_0.5_4,inner,2,naive,0.0,0,Double,No_MP,608,463753
result_SELECT_10_Heisenberg2D_cylinder_0.5_0.5_4,inner,2,naive,0.0,0,Double,No_Kink,695,564749
result_SELECT_10_Heisenberg2D_cylinder_0.5_0.5_4,inner,2,naive,0.0,0,Double,Yes_Kink,707,569242
result_SELECT_10_Heisenberg2D_cylinder_0.5_0.5_4,inner,2,naive,0.0,0,Proj.,No_MSF,420,186336
result_SELECT_10_Heisenberg2D_cylinder_0.5_0.5_4,inner,2,naive,0.0,0,Proj.,No_Top,420,181440
result_SELECT_10_Heisenberg2D_cylinder_0.5_0.5_4,inner,2,naive,0.0,0,Proj.,No_MP,457,808133
result_SELECT_10_Heisenberg2D_cylinder_0.5_0.5_4,inner,2,naive,0.0,0,Proj.,No_Kink,477,860373
result_SELECT_10_Heisenberg2D_cylinder_0.5_0.5_4,inner,2,naive,0.0,0,Proj.,Yes_Kink,507,900506
result_trotter_10_Heisenberg2D_cylinder_0.5_0.5_det,outer,2,naive,0.0,2,Single,No_MSF,756,152100
result_trotter_10_Heisenberg2D_cylinder_0.5_0.5_det,outer,2,naive,0.0,2,Single,No_Top,1742,225200
result_trotter_10_Heisenberg2D_cylinder_0.5_0.5_det,outer,2,naive,0.0,2,Single,No_MP,758,170250
result_trotter_10_Heisenberg2D_cylinder_0.5_0.5_det,outer,2,naive,0.0,2,Single,No_Kink,1768,466830
result_trotter_10_Heisenberg2D_cylinder_0.5_0.5_det,outer,2,naive,0.0,2,Single,Yes_Kink,1772,468127
result_trotter_10_Heisenberg2D_cylinder_0.5_0.5_det,outer,2,naive,0.0,2,Double,No_MSF,749,151400
result_trotter_10_Heisenberg2D_cylinder_0.5_0.5_det,outer,2,naive,0.0,2,Double,No_Top,1740,225000
result_trotter_10_Heisenberg2D_cylinder_0.5_0.5_det,outer,2,naive,0.0,2,Double,No_MP,749,170834
result_trotter_10_Heisenberg2D_cylinder_0.5_0.5_det,outer,2,naive,0.0,2,Double,No_Kink,1745,469434
result_trotter_10_Heisenberg2D_cylinder_0.5_0.5_det,outer,2,naive,0.0,2,Double,Yes_Kink,1752,498960
result_trotter_10_Heisenberg2D_cylinder_0.5_0.5_det,outer,2,naive,0.0,2,Proj.,No_MSF,390,115500
result_trotter_10_Heisenberg2D_cylinder_0.5_0.5_det,outer,2,naive,0.0,2,Proj.,No_Top,1740,225000
result_trotter_10_Heisenberg2D_cylinder_0.5_0.5_det,outer,2,naive,0.0,2,Proj.,No_MP,553,310213
result_trotter_10_Heisenberg2D_cylinder_0.5_0.5_det,outer,2,naive,0.0,2,Proj.,No_Kink,2008,1199701
result_trotter_10_Heisenberg2D_cylinder_0.5_0.5_det,outer,2,naive,0.0,2,Proj.,Yes_Kink,2019,1196147
result_SELECT_10_Heisenberg2D_cylinder_0.5_0.5_2,outer,1,SA,0.01,2,Single,No_MSF,2072,403168
result_SELECT_10_Heisenberg2D_cylinder_0.5_0.5_2,outer,1,SA,0.01,2,Single,No_Top,2072,398624
result_SELECT_10_Heisenberg2D_cylinder_0.5_0.5_2,outer,1,SA,0.01,2,Single,No_MP,2072,445230
result_SELECT_10_Heisenberg2D_cylinder_0.5_0.5_2,outer,1,SA,0.01,2,Single,No_Kink,2072,490896
result_SELECT_10_Heisenberg2D_cylinder_0.5_0.5_2,outer,1,SA,0.01,2,Double,No_MSF,1921,374780
result_SELECT_10_Heisenberg2D_cylinder_0.5_0.5_2,outer,1,SA,0.01,2,Double,No_Top,1921,370236
result_SELECT_10_Heisenberg2D_cylinder_0.5_0.5_2,outer,1,SA,0.01,2,Double,No_MP,1921,425033
result_SELECT_10_Heisenberg2D_cylinder_0.5_0.5_2,outer,1,SA,0.01,2,Double,No_Kink,1922,475381
result_SELECT_10_Heisenberg2D_cylinder_0.5_0.5_2,outer,1,SA,0.01,2,Double,Yes_Kink,1923,473961
result_SELECT_10_Heisenberg2D_cylinder_0.5_0.5_2,outer,1,SA,0.01,2,Proj.,No_MSF,1668,327216
result_SELECT_10_Heisenberg2D_cylinder_0.5_0.5_2,outer,1,SA,0.01,2,Proj.,No_Top,1668,322672
result_SELECT_10_Heisenberg2D_cylinder_0.5_0.5_2,outer,1,SA,0.01,2,Proj.,No_MP,1671,1003950
result_SELECT_10_Heisenberg2D_cylinder_0.5_0.5_2,outer,1,SA,0.01,2,Proj.,No_Kink,1682,1250991
result_SELECT_10_Heisenberg2D_cylinder_0.5_0.5_2,outer,1,SA,0.01,2,Proj.,Yes_Kink,1690,1244262
result_SELECT_100_random_local_OBC_0_0_6,inner,1,naive,0.0,2,Single,No_MSF,247,306944
result_SELECT_100_random_local_OBC_0_0_6,inner,1,naive,0.0,2,Single,No_Top,247,302112
result_SELECT_100_random_local_OBC_0_0_6,inner,1,naive,0.0,2,Single,No_MP,750,1452176
result_SELECT_100_random_local_OBC_0_0_6,inner,1,naive,0.0,2,Single,No_Kink,854,1680318
result_SELECT_100_random_local_OBC_0_0_6,inner,1,naive,0.0,2,Double,No_MSF,192,241824
result_SELECT_100_random_local_OBC_0_0_6,inner,1,naive,0.0,2,Double,No_Top,193,238176
result_SELECT_100_random_local_OBC_0_0_6,inner,1,naive,0.0,2,Double,No_MP,554,1245227
result_SELECT_100_random_local_OBC_0_0_6,inner,1,naive,0.0,2,Double,No_Kink,650,1462433
result_SELECT_100_random_local_OBC_0_0_6,inner,1,naive,0.0,2,Double,Yes_Kink,656,1473961
result_SELECT_100_random_local_OBC_0_0_6,inner,1,naive,0.0,2,Proj.,No_MSF,128,166048
result_SELECT_100_random_local_OBC_0_0_6,inner,1,naive,0.0,2,Proj.,No_Top,128,161216
result_SELECT_100_random_local_OBC_0_0_6,inner,1,naive,0.0,2,Proj.,No_MP,310,1302317
result_SELECT_100_random_local_OBC_0_0_6,inner,1,naive,0.0,2,Proj.,No_Kink,394,1658937
result_SELECT_100_random_local_OBC_0_0_6,inner,1,naive,0.0,2,Proj.,Yes_Kink,409,1711939
result_SELECT_10_Heisenberg2D_cylinder_0.5_0.5_3,outer,2,SA,0.1,2,Single,No_MSF,1069,304784
result_SELECT_10_Heisenberg2D_cylinder_0.5_0.5_3,outer,2,SA,0.1,2,Single,No_Top,1069,300112
result_SELECT_10_Heisenberg2D_cylinder_0.5_0.5_3,outer,2,SA,0.1,2,Single,No_MP,1069,340500
result_SELECT_10_Heisenberg2D_cylinder_0.5_0.5_3,outer,2,SA,0.1,2,Single,No_Kink,1069,368634
result_SELECT_10_Heisenberg2D_cylinder_0.5_0.5_3,outer,2,SA,0.1,2,Single,Yes_Kink,1069,384824
result_SELECT_10_Heisenberg2D_cylinder_0.5_0.5_3,outer,2,SA,0.1,2,Double,No_MSF,987,282480
result_SELECT_10_Heisenberg2D_cylinder_0.5_0.5_3,outer,2,SA,0.1,2,Double,No_Top,987,277808
result_SELECT_10_Heisenberg2D_cylinder_0.5_0.5_3,outer,2,SA,0.1,2,Double,No_MP,987,327246
result_SELECT_10_Heisenberg2D_cylinder_0.5_0.5_3,outer,2,SA,0.1,2,Double,No_Kink,987,361628
result_SELECT_10_Heisenberg2D_cylinder_0.5_0.5_3,outer,2,SA,0.1,2,Double,Yes_Kink,1023,368332
result_SELECT_10_Heisenberg2D_cylinder_0.5_0.5_3,outer,2,SA,0.1,2,Proj.,No_MSF,837,241680
result_SELECT_10_Heisenberg2D_cylinder_0.5_0.5_3,outer,2,SA,0.1,2,Proj.,No_Top,837,237008
result_SELECT_10_Heisenberg2D_cylinder_0.5_0.5_3,outer,2,SA,0.1,2,Proj.,No_MP,842,772289
result_SELECT_10_Heisenberg2D_cylinder_0.5_0.5_3,outer,2,SA,0.1,2,Proj.,No_Kink,850,979200
result_SELECT_10_Heisenberg2D_cylinder_0.5_0.5_3,outer,2,SA,0.1,2,Proj.,Yes_Kink,851,982419
result_SELECT_10_Heisenberg2D_cylinder_0.5_0.5_2,outer,1,naive,0.0,0,Single,No_MSF,2072,394080
result_SELECT_10_Heisenberg2D_cylinder_0.5_0.5_2,outer,1,naive,0.0,0,Single,No_Top,2072,389536
result_SELECT_10_Heisenberg2D_cylinder_0.5_0.5_2,outer,1,naive,0.0,0,Single,No_MP,2179,557538
result_SELECT_10_Heisenberg2D_cylinder_0.5_0.5_2,outer,1,naive,0.0,0,Single,No_Kink,2670,685426
result_SELECT_10_Heisenberg2D_cylinder_0.5_0.5_2,outer,1,naive,0.0,0,Double,No_MSF,1921,365692
result_SELECT_10_Heisenberg2D_cylinder_0.5_0.5_2,outer,1,naive,0.0,0,Double,No_Top,1921,361148
result_SELECT_10_Heisenberg2D_cylinder_0.5_0.5_2,outer,1,naive,0.0,0,Double,No_MP,1932,516134
result_SELECT_10_Heisenberg2D_cylinder_0.5_0.5_2,outer,1,naive,0.0,0,Double,No_Kink,2142,598082
result_SELECT_10_Heisenberg2D_cylinder_0.5_0.5_2,outer,1,naive,0.0,0,Double,Yes_Kink,2143,597853
result_SELECT_10_Heisenberg2D_cylinder_0.5_0.5_2,outer,1,naive,0.0,0,Proj.,No_MSF,1668,318128
result_SELECT_10_Heisenberg2D_cylinder_0.5_0.5_2,outer,1,naive,0.0,0,Proj.,No_Top,1668,313584
result_SELECT_10_Heisenberg2D_cylinder_0.5_0.5_2,outer,1,naive,0.0,0,Proj.,No_MP,1684,1119334
result_SELECT_10_Heisenberg2D_cylinder_0.5_0.5_2,outer,1,naive,0.0,0,Proj.,No_Kink,1689,1235370
result_SELECT_10_Heisenberg2D_cylinder_0.5_0.5_2,outer,1,naive,0.0,0,Proj.,Yes_Kink,1703,1221919
result_SELECT_10_Heisenberg2D_cylinder_0.5_0.5_5,outer,1,SA,0.1,0,Single,No_MSF,327,246016
result_SELECT_10_Heisenberg2D_cylinder_0.5_0.5_5,outer,1,SA,0.1,0,Single,No_Top,327,240672
result_SELECT_10_Heisenberg2D_cylinder_0.5_0.5_5,outer,1,SA,0.1,0,Single,No_MP,328,325600
result_SELECT_10_Heisenberg2D_cylinder_0.5_0.5_5,outer,1,SA,0.1,0,Single,No_Kink,333,399340
result_SELECT_10_Heisenberg2D_cylinder_0.5_0.5_5,outer,1,SA,0.1,0,Double,No_MSF,290,218784
result_SELECT_10_Heisenberg2D_cylinder_0.5_0.5_5,outer,1,SA,0.1,0,Double,No_Top,290,213440
result_SELECT_10_Heisenberg2D_cylinder_0.5_0.5_5,outer,1,SA,0.1,0,Double,No_MP,292,303919
result_SELECT_10_Heisenberg2D_cylinder_0.5_0.5_5,outer,1,SA,0.1,0,Double,No_Kink,294,379450
result_SELECT_10_Heisenberg2D_cylinder_0.5_0.5_5,outer,1,SA,0.1,0,Double,Yes_Kink,301,385280
result_SELECT_10_Heisenberg2D_cylinder_0.5_0.5_5,outer,1,SA,0.1,0,Proj.,No_MSF,213,162112
result_SELECT_10_Heisenberg2D_cylinder_0.5_0.5_5,outer,1,SA,0.1,0,Proj.,No_Top,213,156768
result_SELECT_10_Heisenberg2D_cylinder_0.5_0.5_5,outer,1,SA,0.1,0,Proj.,No_MP,231,606614
result_SELECT_10_Heisenberg2D_cylinder_0.5_0.5_5,outer,1,SA,0.1,0,Proj.,No_Kink,244,667656
result_SELECT_10_Heisenberg2D_cylinder_0.5_0.5_5,outer,1,SA,0.1,0,Proj.,Yes_Kink,249,678855
result_SELECT_10_Heisenberg2D_cylinder_0.5_0.5_6,outer,1,SA,1.0,2,Single,No_MSF,211,295168
result_SELECT_10_Heisenberg2D_cylinder_0.5_0.5_6,outer,1,SA,1.0,2,Single,No_Top,211,289056
result_SELECT_10_Heisenberg2D_cylinder_0.5_0.5_6,outer,1,SA,1.0,2,Single,No_MP,224,479676
result_SELECT_10_Heisenberg2D_cylinder_0.5_0.5_6,outer,1,SA,1.0,2,Single,No_Kink,279,652794
result_SELECT_10_Heisenberg2D_cylinder_0.5_0.5_6,outer,1,SA,1.0,2,Double,No_MSF,177,250560
result_SELECT_10_Heisenberg2D_cylinder_0.5_0.5_6,outer,1,SA,1.0,2,Double,No_Top,177,244448
result_SELECT_10_Heisenberg2D_cylinder_0.5_0.5_6,outer,1,SA,1.0,2,Double,No_MP,185,432129
result_SELECT_10_Heisenberg2D_cylinder_0.5_0.5_6,outer,1,SA,1.0,2,Double,No_Kink,231,639287
result_SELECT_10_Heisenberg2D_cylinder_0.5_0.5_6,outer,1,SA,1.0,2,Double,Yes_Kink,238,665561
result_SELECT_10_Heisenberg2D_cylinder_0.5_0.5_6,outer,1,SA,1.0,2,Proj.,No_MSF,108,160032
result_SELECT_10_Heisenberg2D_cylinder_0.5_0.5_6,outer,1,SA,1.0,2,Proj.,No_Top,123,173600
result_SELECT_10_Heisenberg2D_cylinder_0.5_0.5_6,outer,1,SA,1.0,2,Proj.,No_MP,138,588214
result_SELECT_10_Heisenberg2D_cylinder_0.5_0.5_6,outer,1,SA,1.0,2,Proj.,No_Kink,173,782530
result_SELECT_10_Heisenberg2D_cylinder_0.5_0.5_6,outer,1,SA,1.0,2,Proj.,Yes_Kink,182,822546
result_SELECT_100_random_local_OBC_0_0_6,outer,1,SA,0.001,2,Single,No_MSF,247,306944
result_SELECT_100_random_local_OBC_0_0_6,outer,1,SA,0.001,2,Single,No_Top,247,302112
result_SELECT_100_random_local_OBC_0_0_6,outer,1,SA,0.001,2,Single,No_MP,404,683354
result_SELECT_100_random_local_OBC_0_0_6,outer,1,SA,0.001,2,Single,No_Kink,496,896592
result_SELECT_100_random_local_OBC_0_0_6,outer,1,SA,0.001,2,Double,No_MSF,192,241824
result_SELECT_100_random_local_OBC_0_0_6,outer,1,SA,0.001,2,Double,No_Top,193,238176
result_SELECT_100_random_local_OBC_0_0_6,outer,1,SA,0.001,2,Double,No_MP,333,618209
result_SELECT_100_random_local_OBC_0_0_6,outer,1,SA,0.001,2,Double,No_Kink,403,837943
result_SELECT_100_random_local_OBC_0_0_6,outer,1,SA,0.001,2,Double,Yes_Kink,409,848437
result_SELECT_100_random_local_OBC_0_0_6,outer,1,SA,0.001,2,Proj.,No_MSF,128,166048
result_SELECT_100_random_local_OBC_0_0_6,outer,1,SA,0.001,2,Proj.,No_Top,128,161216
result_SELECT_100_random_local_OBC_0_0_6,outer,1,SA,0.001,2,Proj.,No_MP,215,880797
result_SELECT_100_random_local_OBC_0_0_6,outer,1,SA,0.001,2,Proj.,No_Kink,276,1151348
result_SELECT_100_random_local_OBC_0_0_6,outer,1,SA,0.001,2,Proj.,Yes_Kink,292,1213162
result_SELECT_100_random_local_OBC_0_0_6,inner,2,SA,0.001,2,Single,No_MSF,247,306944
result_SELECT_100_random_local_OBC_0_0_6,inner,2,SA,0.001,2,Single,No_Top,247,302112
result_SELECT_100_random_local_OBC_0_0_6,inner,2,SA,0.001,2,Single,No_MP,289,498718
result_SELECT_100_random_local_OBC_0_0_6,inner,2,SA,0.001,2,Single,No_Kink,315,613919
result_SELECT_100_random_local_OBC_0_0_6,inner,2,SA,0.001,2,Single,Yes_Kink,334,649873
result_SELECT_100_random_local_OBC_0_0_6,inner,2,SA,0.001,2,Double,No_MSF,192,241824
result_SELECT_100_random_local_OBC_0_0_6,inner,2,SA,0.001,2,Double,No_Top,193,238176
result_SELECT_100_random_local_OBC_0_0_6,inner,2,SA,0.001,2,Double,No_MP,255,470912
result_SELECT_100_random_local_OBC_0_0_6,inner,2,SA,0.001,2,Double,No_Kink,285,607461
result_SELECT_100_random_local_OBC_0_0_6,inner,2,SA,0.001,2,Double,Yes_Kink,292,619605
result_SELECT_100_random_local_OBC_0_0_6,inner,2,SA,0.001,2,Proj.,No_MSF,128,166048
result_SELECT_100_random_local_OBC_0_0_6,inner,2,SA,0.001,2,Proj.,No_Top,128,161216
result_SELECT_100_random_local_OBC_0_0_6,inner,2,SA,0.001,2,Proj.,No_MP,175,753315
result_SELECT_100_random_local_OBC_0_0_6,inner,2,SA,0.001,2,Proj.,No_Kink,220,962183
result_SELECT_100_random_local_OBC_0_0_6,inner,2,SA,0.001,2,Proj.,Yes_Kink,236,1014183
result_SELECT_10_Heisenberg2D_cylinder_0.5_0.5_0,outer,2,SA,0.1,2,Single,No_MSF,8099,1001446
result_SELECT_10_Heisenberg2D_cylinder_0.5_0.5_0,outer,2,SA,0.1,2,Single,No_Top,8101,997234
result_SELECT_10_Heisenberg2D_cylinder_0.5_0.5_0,outer,2,SA,0.1,2,Single,No_MP,8099,1036836
result_SELECT_10_Heisenberg2D_cylinder_0.5_0.5_0,outer,2,SA,0.1,2,Single,No_Kink,8101,1070804
result_SELECT_10_Heisenberg2D_cylinder_0.5_0.5_0,outer,2,SA,0.1,2,Single,Yes_Kink,8101,1081800
result_SELECT_10_Heisenberg2D_cylinder_0.5_0.5_0,outer,2,SA,0.1,2,Double,No_MSF,7536,932760
result_SELECT_10_Heisenberg2D_cylinder_0.5_0.5_0,outer,2,SA,0.1,2,Double,No_Top,7537,928426
result_SELECT_10_Heisenberg2D_cylinder_0.5_0.5_0,outer,2,SA,0.1,2,Double,No_MP,7536,977616
result_SELECT_10_Heisenberg2D_cylinder_0.5_0.5_0,outer,2,SA,0.1,2,Double,No_Kink,7537,1015934
result_SELECT_10_Heisenberg2D_cylinder_0.5_0.5_0,outer,2,SA,0.1,2,Double,Yes_Kink,7538,1011800
result_SELECT_10_Heisenberg2D_cylinder_0.5_0.5_0,outer,2,SA,0.1,2,Proj.,No_MSF,6660,825888
result_SELECT_10_Heisenberg2D_cylinder_0.5_0.5_0,outer,2,SA,0.1,2,Proj.,No_Top,6660,821432
result_SELECT_10_Heisenberg2D_cylinder_0.5_0.5_0,outer,2,SA,0.1,2,Proj.,No_MP,6660,2234136
result_SELECT_10_Heisenberg2D_cylinder_0.5_0.5_0,outer,2,SA,0.1,2,Proj.,No_Kink,6660,2936591
result_SELECT_10_Heisenberg2D_cylinder_0.5_0.5_0,outer,2,SA,0.1,2,Proj.,Yes_Kink,6661,2881494
result_SELECT_10_Heisenberg2D_cylinder_0.5_0.5_0,inner,2,SA,0.01,2,Single,No_MSF,8099,1001446
result_SELECT_10_Heisenberg2D_cylinder_0.5_0.5_0,inner,2,SA,0.01,2,Single,No_Top,8101,997234
result_SELECT_10_Heisenberg2D_cylinder_0.5_0.5_0,inner,2,SA,0.01,2,Single,No_MP,8099,1036332
result_SELECT_10_Heisenberg2D_cylinder_0.5_0.5_0,inner,2,SA,0.01,2,Single,No_Kink,8101,1058978
result_SELECT_10_Heisenberg2D_cylinder_0.5_0.5_0,inner,2,SA,0.01,2,Single,Yes_Kink,8101,1071901
result_SELECT_10_Heisenberg2D_cylinder_0.5_0.5_0,inner,2,SA,0.01,2,Double,No_MSF,7536,932760
result_SELECT_10_Heisenberg2D_cylinder_0.5_0.5_0,inner,2,SA,0.01,2,Double,No_Top,7537,928426
result_SELECT_10_Heisenberg2D_cylinder_0.5_0.5_0,inner,2,SA,0.01,2,Double,No_MP,7536,975772
result_SELECT_10_Heisenberg2D_cylinder_0.5_0.5_0,inner,2,SA,0.01,2,Double,No_Kink,7537,1005110
result_SELECT_10_Heisenberg2D_cylinder_0.5_0.5_0,inner,2,SA,0.01,2,Double,Yes_Kink,7537,1003689
result_SELECT_10_Heisenberg2D_cylinder_0.5_0.5_0,inner,2,SA,0.01,2,Proj.,No_MSF,6660,825888
result_SELECT_10_Heisenberg2D_cylinder_0.5_0.5_0,inner,2,SA,0.01,2,Proj.,No_Top,6660,821432
result_SELECT_10_Heisenberg2D_cylinder_0.5_0.5_0,inner,2,SA,0.01,2,Proj.,No_MP,6660,2409342
result_SELECT_10_Heisenberg2D_cylinder_0.5_0.5_0,inner,2,SA,0.01,2,Proj.,No_Kink,6665,2761637
result_SELECT_10_Heisenberg2D_cylinder_0.5_0.5_0,inner,2,SA,0.01,2,Proj.,Yes_Kink,6663,2689241
result_SELECT_10_Heisenberg2D_cylinder_0.5_0.5_3,inner,2,random,0.0,0,Single,No_MSF,1069,295440
result_SELECT_10_Heisenberg2D_cylinder_0.5_0.5_3,inner,2,random,0.0,0,Single,No_Top,1069,290768
result_SELECT_10_Heisenberg2D_cylinder_0.5_0.5_3,inner,2,random,0.0,0,Single,No_MP,1071,450246
result_SELECT_10_Heisenberg2D_cylinder_0.5_0.5_3,inner,2,random,0.0,0,Single,No_Kink,1072,457349
result_SELECT_10_Heisenberg2D_cylinder_0.5_0.5_3,inner,2,random,0.0,0,Single,Yes_Kink,1072,464823
result_SELECT_10_Heisenberg2D_cylinder_0.5_0.5_3,inner,2,random,0.0,0,Double,No_MSF,987,273136
result_SELECT_10_Heisenberg2D_cylinder_0.5_0.5_3,inner,2,random,0.0,0,Double,No_Top,987,268464
result_SELECT_10_Heisenberg2D_cylinder_0.5_0.5_3,inner,2,random,0.0,0,Double,No_MP,987,432928
result_SELECT_10_Heisenberg2D_cylinder_0.5_0.5_3,inner,2,random,0.0,0,Double,No_Kink,989,445510
result_SELECT_10_Heisenberg2D_cylinder_0.5_0.5_3,inner,2,random,0.0,0,Double,Yes_Kink,1024,453449
result_SELECT_10_Heisenberg2D_cylinder_0.5_0.5_3,inner,2,random,0.0,0,Proj.,No_MSF,837,232336
result_SELECT_10_Heisenberg2D_cylinder_0.5_0.5_3,inner,2,random,0.0,0,Proj.,No_Top,837,227664
result_SELECT_10_Heisenberg2D_cylinder_0.5_0.5_3,inner,2,random,0.0,0,Proj.,No_MP,849,938420
result_SELECT_10_Heisenberg2D_cylinder_0.5_0.5_3,inner,2,random,0.0,0,Proj.,No_Kink,851,973093
result_SELECT_10_Heisenberg2D_cylinder_0.5_0.5_3,inner,2,random,0.0,0,Proj.,Yes_Kink,879,978542
result_SELECT_10_Heisenberg2D_cylinder_0.5_0.5_3,inner,2,SA,0.01,2,Single,No_MSF,1069,304784
result_SELECT_10_Heisenberg2D_cylinder_0.5_0.5_3,inner,2,SA,0.01,2,Single,No_Top,1069,300112
result_SELECT_10_Heisenberg2D_cylinder_0.5_0.5_3,inner,2,SA,0.01,2,Single,No_MP,1069,341030
result_SELECT_10_Heisenberg2D_cylinder_0.5_0.5_3,inner,2,SA,0.01,2,Single,No_Kink,1069,362872
result_SELECT_10_Heisenberg2D_cylinder_0.5_0.5_3,inner,2,SA,0.01,2,Single,Yes_Kink,1069,373614
result_SELECT_10_Heisenberg2D_cylinder_0.5_0.5_3,inner,2,SA,0.01,2,Double,No_MSF,987,282480
result_SELECT_10_Heisenberg2D_cylinder_0.5_0.5_3,inner,2,SA,0.01,2,Double,No_Top,987,277808
result_SELECT_10_Heisenberg2D_cylinder_0.5_0.5_3,inner,2,SA,0.01,2,Double,No_MP,988,327693
result_SELECT_10_Heisenberg2D_cylinder_0.5_0.5_3,inner,2,SA,0.01,2,Double,No_Kink,989,355874
result_SELECT_10_Heisenberg2D_cylinder_0.5_0.5_3,inner,2,SA,0.01,2,Double,Yes_Kink,1023,361080
result_SELECT_10_Heisenberg2D_cylinder_0.5_0.5_3,inner,2,SA,0.01,2,Proj.,No_MSF,837,241680
result_SELECT_10_Heisenberg2D_cylinder_0.5_0.5_3,inner,2,SA,0.01,2,Proj.,No_Top,837,237008
result_SELECT_10_Heisenberg2D_cylinder_0.5_0.5_3,inner,2,SA,0.01,2,Proj.,No_MP,839,801746
result_SELECT_10_Heisenberg2D_cylinder_0.5_0.5_3,inner,2,SA,0.01,2,Proj.,No_Kink,854,988112
result_SELECT_10_Heisenberg2D_cylinder_0.5_0.5_3,inner,2,SA,0.01,2,Proj.,Yes_Kink,861,989841
result_SELECT_10_Heisenberg2D_cylinder_0.5_0.5_0,outer,1,SA,1.0,0,Single,No_MSF,8099,992534
result_SELECT_10_Heisenberg2D_cylinder_0.5_0.5_0,outer,1,SA,1.0,0,Single,No_Top,8099,988078
result_SELECT_10_Heisenberg2D_cylinder_0.5_0.5_0,outer,1,SA,1.0,0,Single,No_MP,8099,1038344
result_SELECT_10_Heisenberg2D_cylinder_0.5_0.5_0,outer,1,SA,1.0,0,Single,No_Kink,8099,1051902
result_SELECT_10_Heisenberg2D_cylinder_0.5_0.5_0,outer,1,SA,1.0,0,Double,No_MSF,7536,923848
result_SELECT_10_Heisenberg2D_cylinder_0.5_0.5_0,outer,1,SA,1.0,0,Double,No_Top,7536,919392
result_SELECT_10_Heisenberg2D_cylinder_0.5_0.5_0,outer,1,SA,1.0,0,Double,No_MP,7536,978854
result_SELECT_10_Heisenberg2D_cylinder_0.5_0.5_0,outer,1,SA,1.0,0,Double,No_Kink,7536,997180
result_SELECT_10_Heisenberg2D_cylinder_0.5_0.5_0,outer,1,SA,1.0,0,Double,Yes_Kink,7536,996984
result_SELECT_10_Heisenberg2D_cylinder_0.5_0.5_0,outer,1,SA,1.0,0,Proj.,No_MSF,6660,816976
result_SELECT_10_Heisenberg2D_cylinder_0.5_0.5_0,outer,1,SA,1.0,0,Proj.,No_Top,6660,812520
result_SELECT_10_Heisenberg2D_cylinder_0.5_0.5_0,outer,1,SA,1.0,0,Proj.,No_MP,6660,2460155
result_SELECT_10_Heisenberg2D_cylinder_0.5_0.5_0,outer,1,SA,1.0,0,Proj.,No_Kink,6660,2683417
result_SELECT_10_Heisenberg2D_cylinder_0.5_0.5_0,outer,1,SA,1.0,0,Proj.,Yes_Kink,6661,2615195
result_SELECT_10_Heisenberg2D_cylinder_0.5_0.5_5,inner,2,SA,0.1,0,Single,No_MSF,327,246016
result_SELECT_10_Heisenberg2D_cylinder_0.5_0.5_5,inner,2,SA,0.1,0,Single,No_Top,327,240672
result_SELECT_10_Heisenberg2D_cylinder_0.5_0.5_5,inner,2,SA,0.1,0,Single,No_MP,327,310284
result_SELECT_10_Heisenberg2D_cylinder_0.5_0.5_5,inner,2,SA,0.1,0,Single,No_Kink,327,324925
result_SELECT_10_Heisenberg2D_cylinder_0.5_0.5_5,inner,2,SA,0.1,0,Single,Yes_Kink,327,341981
result_SELECT_10_Heisenberg2D_cylinder_0.5_0.5_5,inner,2,SA,0.1,0,Double,No_MSF,290,218784
result_SELECT_10_Heisenberg2D_cylinder_0.5_0.5_5,inner,2,SA,0.1,0,Double,No_Top,290,213440
result_SELECT_10_Heisenberg2D_cylinder_0.5_0.5_5,inner,2,SA,0.1,0,Double,No_MP,290,293128
result_SELECT_10_Heisenberg2D_cylinder_0.5_0.5_5,inner,2,SA,0.1,0,Double,No_Kink,291,316190
result_SELECT_10_Heisenberg2D_cylinder_0.5_0.5_5,inner,2,SA,0.1,0,Double,Yes_Kink,300,322246
result_SELECT_10_Heisenberg2D_cylinder_0.5_0.5_5,inner,2,SA,0.1,0,Proj.,No_MSF,213,162112
result_SELECT_10_Heisenberg2D_cylinder_0.5_0.5_5,inner,2,SA,0.1,0,Proj.,No_Top,213,156768
result_SELECT_10_Heisenberg2D_cylinder_0.5_0.5_5,inner,2,SA,0.1,0,Proj.,No_MP,229,628566
result_SELECT_10_Heisenberg2D_cylinder_0.5_0.5_5,inner,2,SA,0.1,0,Proj.,No_Kink,233,678285
result_SELECT_10_Heisenberg2D_cylinder_0.5_0.5_5,inner,2,SA,0.1,0,Proj.,Yes_Kink,240,691438
result_SELECT_10_Heisenberg2D_cylinder_0.5_0.5_6,outer,1,SA,0.01,6,Single,No_MSF,211,319616
result_SELECT_10_Heisenberg2D_cylinder_0.5_0.5_6,outer,1,SA,0.01,6,Single,No_Top,307,439456
result_SELECT_10_Heisenberg2D_cylinder_0.5_0.5_6,outer,1,SA,0.01,6,Single,No_MP,217,475828
result_SELECT_10_Heisenberg2D_cylinder_0.5_0.5_6,outer,1,SA,0.01,6,Single,No_Kink,335,830470
result_SELECT_10_Heisenberg2D_cylinder_0.5_0.5_6,outer,1,SA,0.01,6,Double,No_MSF,177,275008
result_SELECT_10_Heisenberg2D_cylinder_0.5_0.5_6,outer,1,SA,0.01,6,Double,No_Top,295,423712
result_SELECT_10_Heisenberg2D_cylinder_0.5_0.5_6,outer,1,SA,0.01,6,Double,No_MP,183,436177
result_SELECT_10_Heisenberg2D_cylinder_0.5_0.5_6,outer,1,SA,0.01,6,Double,No_Kink,293,873432
result_SELECT_10_Heisenberg2D_cylinder_0.5_0.5_6,outer,1,SA,0.01,6,Double,Yes_Kink,298,878968
result_SELECT_10_Heisenberg2D_cylinder_0.5_0.5_6,outer,1,SA,0.01,6,Proj.,No_MSF,108,184480
result_SELECT_10_Heisenberg2D_cylinder_0.5_0.5_6,outer,1,SA,0.01,6,Proj.,No_Top,287,413216
result_SELECT_10_Heisenberg2D_cylinder_0.5_0.5_6,outer,1,SA,0.01,6,Proj.,No_MP,133,593200
result_SELECT_10_Heisenberg2D_cylinder_0.5_0.5_6,outer,1,SA,0.01,6,Proj.,No_Kink,294,1358997
result_SELECT_10_Heisenberg2D_cylinder_0.5_0.5_6,outer,1,SA,0.01,6,Proj.,Yes_Kink,294,1353166
result_SELECT_10_Heisenberg2D_cylinder_0.5_0.5_6,inner,2,SA,0.1,4,Single,No_MSF,211,307392
result_SELECT_10_Heisenberg2D_cylinder_0.5_0.5_6,inner,2,SA,0.1,4,Single,No_Top,233,330144
result_SELECT_10_Heisenberg2D_cylinder_0.5_0.5_6,inner,2,SA,0.1,4,Single,No_MP,211,411302
result_SELECT_10_Heisenberg2D_cylinder_0.5_0.5_6,inner,2,SA,0.1,4,Single,No_Kink,235,564781
result_SELECT_10_Heisenberg2D_cylinder_0.5_0.5_6,inner,2,SA,0.1,4,Single,Yes_Kink,236,581171
result_SELECT_10_Heisenberg2D_cylinder_0.5_0.5_6,inner,2,SA,0.1,4,Double,No_MSF,177,262784
result_SELECT_10_Heisenberg2D_cylinder_0.5_0.5_6,inner,2,SA,0.1,4,Double,No_Top,219,311776
result_SELECT_10_Heisenberg2D_cylinder_0.5_0.5_6,inner,2,SA,0.1,4,Double,No_MP,181,382045
result_SELECT_10_Heisenberg2D_cylinder_0.5_0.5_6,inner,2,SA,0.1,4,Double,No_Kink,219,553268
result_SELECT_10_Heisenberg2D_cylinder_0.5_0.5_6,inner,2,SA,0.1,4,Double,Yes_Kink,223,560367
result_SELECT_10_Heisenberg2D_cylinder_0.5_0.5_6,inner,2,SA,0.1,4,Proj.,No_MSF,108,172256
result_SELECT_10_Heisenberg2D_cylinder_0.5_0.5_6,inner,2,SA,0.1,4,Proj.,No_Top,205,293408
result_SELECT_10_Heisenberg2D_cylinder_0.5_0.5_6,inner,2,SA,0.1,4,Proj.,No_MP,128,606618
result_SELECT_10_Heisenberg2D_cylinder_0.5_0.5_6,inner,2,SA,0.1,4,Proj.,No_Kink,215,977363
result_SELECT_10_Heisenberg2D_cylinder_0.5_0.5_6,inner,2,SA,0.1,4,Proj.,Yes_Kink,215,969313
result_SELECT_10_Heisenberg2D_cylinder_0.5_0.5_2,outer,1,random,0.0,2,Single,No_MSF,2072,403168
result_SELECT_10_Heisenberg2D_cylinder_0.5_0.5_2,outer,1,random,0.0,2,Single,No_Top,2072,398624
result_SELECT_10_Heisenberg2D_cylinder_0.5_0.5_2,outer,1,random,0.0,2,Single,No_MP,2074,581450
result_SELECT_10_Heisenberg2D_cylinder_0.5_0.5_2,outer,1,random,0.0,2,Single,No_Kink,2073,612604
result_SELECT_10_Heisenberg2D_cylinder_0.5_0.5_2,outer,1,random,0.0,2,Double,No_MSF,1921,374780
result_SELECT_10_Heisenberg2D_cylinder_0.5_0.5_2,outer,1,random,0.0,2,Double,No_Top,1921,370236
result_SELECT_10_Heisenberg2D_cylinder_0.5_0.5_2,outer,1,random,0.0,2,Double,No_MP,1921,543717
result_SELECT_10_Heisenberg2D_cylinder_0.5_0.5_2,outer,1,random,0.0,2,Double,No_Kink,1921,576133
result_SELECT_10_Heisenberg2D_cylinder_0.5_0.5_2,outer,1,random,0.0,2,Double,Yes_Kink,1929,575615
result_SELECT_10_Heisenberg2D_cylinder_0.5_0.5_2,outer,1,random,0.0,2,Proj.,No_MSF,1668,327216
result_SELECT_10_Heisenberg2D_cylinder_0.5_0.5_2,outer,1,random,0.0,2,Proj.,No_Top,1668,322672
result_SELECT_10_Heisenberg2D_cylinder_0.5_0.5_2,outer,1,random,0.0,2,Proj.,No_MP,1676,1132505
result_SELECT_10_Heisenberg2D_cylinder_0.5_0.5_2,outer,1,random,0.0,2,Proj.,No_Kink,1680,1255253
result_SELECT_10_Heisenberg2D_cylinder_0.5_0.5_2,outer,1,random,0.0,2,Proj.,Yes_Kink,1682,1244232
result_SELECT_10_Heisenberg2D_cylinder_0.5_0.5_4,outer,2,SA,0.1,2,Single,No_MSF,571,261360
result_SELECT_10_Heisenberg2D_cylinder_0.5_0.5_4,outer,2,SA,0.1,2,Single,No_Top,571,256464
result_SELECT_10_Heisenberg2D_cylinder_0.5_0.5_4,outer,2,SA,0.1,2,Single,No_MP,571,303373
result_SELECT_10_Heisenberg2D_cylinder_0.5_0.5_4,outer,2,SA,0.1,2,Single,No_Kink,571,345025
result_SELECT_10_Heisenberg2D_cylinder_0.5_0.5_4,outer,2,SA,0.1,2,Single,Yes_Kink,571,357855
result_SELECT_10_Heisenberg2D_cylinder_0.5_0.5_4,outer,2,SA,0.1,2,Double,No_MSF,522,240192
result_SELECT_10_Heisenberg2D_cylinder_0.5_0.5_4,outer,2,SA,0.1,2,Double,No_Top,522,235296
result_SELECT_10_Heisenberg2D_cylinder_0.5_0.5_4,outer,2,SA,0.1,2,Double,No_MP,523,292100
result_SELECT_10_Heisenberg2D_cylinder_0.5_0.5_4,outer,2,SA,0.1,2,Double,No_Kink,524,339526
result_SELECT_10_Heisenberg2D_cylinder_0.5_0.5_4,outer,2,SA,0.1,2,Double,Yes_Kink,542,344472
result_SELECT_10_Heisenberg2D_cylinder_0.5_0.5_4,outer,2,SA,0.1,2,Proj.,No_MSF,420,196128
result_SELECT_10_Heisenberg2D_cylinder_0.5_0.5_4,outer,2,SA,0.1,2,Proj.,No_Top,420,191232
result_SELECT_10_Heisenberg2D_cylinder_0.5_0.5_4,outer,2,SA,0.1,2,Proj.,No_MP,430,722629
result_SELECT_10_Heisenberg2D_cylinder_0.5_0.5_4,outer,2,SA,0.1,2,Proj.,No_Kink,442,805299
result_SELECT_10_Heisenberg2D_cylinder_0.5_0.5_4,outer,2,SA,0.1,2,Proj.,Yes_Kink,441,799054
result_trotter_10_Heisenberg2D_cylinder_0.5_0.5_rand,outer,1,SA,0.01,0,Single,No_MSF,744,99900
result_trotter_10_Heisenberg2D_cylinder_0.5_0.5_rand,outer,1,SA,0.01,0,Single,No_Top,744,74400
result_trotter_10_Heisenberg2D_cylinder_0.5_0.5_rand,outer,1,SA,0.01,0,Single,No_MP,744,111262
result_trotter_10_Heisenberg2D_cylinder_0.5_0.5_rand,outer,1,SA,0.01,0,Single,No_Kink,906,261504
result_trotter_10_Heisenberg2D_cylinder_0.5_0.5_rand,outer,1,SA,0.01,0,Double,No_MSF,721,97600
result_trotter_10_Heisenberg2D_cylinder_0.5_0.5_rand,outer,1,SA,0.01,0,Double,No_Top,721,72100
result_trotter_10_Heisenberg2D_cylinder_0.5_0.5_rand,outer,1,SA,0.01,0,Double,No_MP,722,110543
result_trotter_10_Heisenberg2D_cylinder_0.5_0.5_rand,outer,1,SA,0.01,0,Double,No_Kink,1146,389397
result_trotter_10_Heisenberg2D_cylinder_0.5_0.5_rand,outer,1,SA,0.01,0,Double,Yes_Kink,1158,378973
result_trotter_10_Heisenberg2D_cylinder_0.5_0.5_rand,outer,1,SA,0.01,0,Proj.,No_MSF,390,64500
result_trotter_10_Heisenberg2D_cylinder_0.5_0.5_rand,outer,1,SA,0.01,0,Proj.,No_Top,580,58000
result_trotter_10_Heisenberg2D_cylinder_0.5_0.5_rand,outer,1,SA,0.01,0,Proj.,No_MP,518,207024
result_trotter_10_Heisenberg2D_cylinder_0.5_0.5_rand,outer,1,SA,0.01,0,Proj.,No_Kink,908,357138
result_trotter_10_Heisenberg2D_cylinder_0.5_0.5_rand,outer,1,SA,0.01,0,Proj.,Yes_Kink,1032,404182
result_SELECT_10_Heisenberg2D_cylinder_0.5_0.5_6,outer,2,SA,0.01,8,Single,No_MSF,211,331840
result_SELECT_10_Heisenberg2D_cylinder_0.5_0.5_6,outer,2,SA,0.01,8,Single,No_Top,383,551392
result_SELECT_10_Heisenberg2D_cylinder_0.5_0.5_6,outer,2,SA,0.01,8,Single,No_MP,211,432896
result_SELECT_10_Heisenberg2D_cylinder_0.5_0.5_6,outer,2,SA,0.01,8,Single,No_Kink,380,821842
result_SELECT_10_Heisenberg2D_cylinder_0.5_0.5_6,outer,2,SA,0.01,8,Single,Yes_Kink,380,835677
result_SELECT_10_Heisenberg2D_cylinder_0.5_0.5_6,outer,2,SA,0.01,8,Double,No_MSF,177,287232
result_SELECT_10_Heisenberg2D_cylinder_0.5_0.5_6,outer,2,SA,0.01,8,Double,No_Top,374,539584
result_SELECT_10_Heisenberg2D_cylinder_0.5_0.5_6,outer,2,SA,0.01,8,Double,No_MP,179,399973
result_SELECT_10_Heisenberg2D_cylinder_0.5_0.5_6,outer,2,SA,0.01,8,Double,No_Kink,373,828004
result_SELECT_10_Heisenberg2D_cylinder_0.5_0.5_6,outer,2,SA,0.01,8,Double,Yes_Kink,375,827699
result_SELECT_10_Heisenberg2D_cylinder_0.5_0.5_6,outer,2,SA,0.01,8,Proj.,No_MSF,108,196704
result_SELECT_10_Heisenberg2D_cylinder_0.5_0.5_6,outer,2,SA,0.01,8,Proj.,No_Top,369,533024
result_SELECT_10_Heisenberg2D_cylinder_0.5_0.5_6,outer,2,SA,0.01,8,Proj.,No_MP,125,597861
result_SELECT_10_Heisenberg2D_cylinder_0.5_0.5_6,outer,2,SA,0.01,8,Proj.,No_Kink,369,1546000
result_SELECT_10_Heisenberg2D_cylinder_0.5_0.5_6,outer,2,SA,0.01,8,Proj.,Yes_Kink,374,1540223
result_SELECT_10_Heisenberg2D_cylinder_0.5_0.5_2,outer,2,SA,0.001,0,Single,No_MSF,2072,394080
result_SELECT_10_Heisenberg2D_cylinder_0.5_0.5_2,outer,2,SA,0.001,0,Single,No_Top,2072,389536
result_SELECT_10_Heisenberg2D_cylinder_0.5_0.5_2,outer,2,SA,0.001,0,Single,No_MP,2072,429805
result_SELECT_10_Heisenberg2D_cylinder_0.5_0.5_2,outer,2,SA,0.001,0,Single,No_Kink,2072,462141
result_SELECT_10_Heisenberg2D_cylinder_0.5_0.5_2,outer,2,SA,0.001,0,Single,Yes_Kink,2072,471767
result_SELECT_10_Heisenberg2D_cylinder_0.5_0.5_2,outer,2,SA,0.001,0,Double,No_MSF,1921,365692
result_SELECT_10_Heisenberg2D_cylinder_0.5_0.5_2,outer,2,SA,0.001,0,Double,No_Top,1921,361148
result_SELECT_10_Heisenberg2D_cylinder_0.5_0.5_2,outer,2,SA,0.001,0,Double,No_MP,1921,410253
result_SELECT_10_Heisenberg2D_cylinder_0.5_0.5_2,outer,2,SA,0.001,0,Double,No_Kink,1921,447312
result_SELECT_10_Heisenberg2D_cylinder_0.5_0.5_2,outer,2,SA,0.001,0,Double,Yes_Kink,1991,455545
result_SELECT_10_Heisenberg2D_cylinder_0.5_0.5_2,outer,2,SA,0.001,0,Proj.,No_MSF,1668,318128
result_SELECT_10_Heisenberg2D_cylinder_0.5_0.5_2,outer,2,SA,0.001,0,Proj.,No_Top,1668,313584
result_SELECT_10_Heisenberg2D_cylinder_0.5_0.5_2,outer,2,SA,0.001,0,Proj.,No_MP,1668,1052350
result_SELECT_10_Heisenberg2D_cylinder_0.5_0.5_2,outer,2,SA,0.001,0,Proj.,No_Kink,1678,1345224
result_SELECT_10_Heisenberg2D_cylinder_0.5_0.5_2,outer,2,SA,0.001,0,Proj.,Yes_Kink,1698,1336950
result_SELECT_10_Heisenberg2D_cylinder_0.5_0.5_3,outer,1,SA,0.001,0,Single,No_MSF,1069,295440
result_SELECT_10_Heisenberg2D_cylinder_0.5_0.5_3,outer,1,SA,0.001,0,Single,No_Top,1069,290768
result_SELECT_10_Heisenberg2D_cylinder_0.5_0.5_3,outer,1,SA,0.001,0,Single,No_MP,1069,334866
result_SELECT_10_Heisenberg2D_cylinder_0.5_0.5_3,outer,1,SA,0.001,0,Single,No_Kink,1069,375358
result_SELECT_10_Heisenberg2D_cylinder_0.5_0.5_3,outer,1,SA,0.001,0,Double,No_MSF,987,273136
result_SELECT_10_Heisenberg2D_cylinder_0.5_0.5_3,outer,1,SA,0.001,0,Double,No_Top,987,268464
result_SELECT_10_Heisenberg2D_cylinder_0.5_0.5_3,outer,1,SA,0.001,0,Double,No_MP,987,320751
result_SELECT_10_Heisenberg2D_cylinder_0.5_0.5_3,outer,1,SA,0.001,0,Double,No_Kink,987,366115
result_SELECT_10_Heisenberg2D_cylinder_0.5_0.5_3,outer,1,SA,0.001,0,Double,Yes_Kink,994,366087
result_SELECT_10_Heisenberg2D_cylinder_0.5_0.5_3,outer,1,SA,0.001,0,Proj.,No_MSF,837,232336
result_SELECT_10_Heisenberg2D_cylinder_0.5_0.5_3,outer,1,SA,0.001,0,Proj.,No_Top,837,227664
result_SELECT_10_Heisenberg2D_cylinder_0.5_0.5_3,outer,1,SA,0.001,0,Proj.,No_MP,844,810735
result_SELECT_10_Heisenberg2D_cylinder_0.5_0.5_3,outer,1,SA,0.001,0,Proj.,No_Kink,856,922940
result_SELECT_10_Heisenberg2D_cylinder_0.5_0.5_3,outer,1,SA,0.001,0,Proj.,Yes_Kink,865,917392
result_SELECT_10_Heisenberg2D_cylinder_0.5_0.5_2,outer,2,naive,0.0,2,Single,No_MSF,2072,403168
result_SELECT_10_Heisenberg2D_cylinder_0.5_0.5_2,outer,2,naive,0.0,2,Single,No_Top,2072,398624
result_SELECT_10_Heisenberg2D_cylinder_0.5_0.5_2,outer,2,naive,0.0,2,Single,No_MP,2072,481004
result_SELECT_10_Heisenberg2D_cylinder_0.5_0.5_2,outer,2,naive,0.0,2,Single,No_Kink,2085,513562
result_SELECT_10_Heisenberg2D_cylinder_0.5_0.5_2,outer,2,naive,0.0,2,Single,Yes_Kink,2129,534553
result_SELECT_10_Heisenberg2D_cylinder_0.5_0.5_2,outer,2,naive,0.0,2,Double,No_MSF,1921,374780
result_SELECT_10_Heisenberg2D_cylinder_0.5_0.5_2,outer,2,naive,0.0,2,Double,No_Top,1921,370236
result_SELECT_10_Heisenberg2D_cylinder_0.5_0.5_2,outer,2,naive,0.0,2,Double,No_MP,1921,461968
result_SELECT_10_Heisenberg2D_cylinder_0.5_0.5_2,outer,2,naive,0.0,2,Double,No_Kink,1925,495344
result_SELECT_10_Heisenberg2D_cylinder_0.5_0.5_2,outer,2,naive,0.0,2,Double,Yes_Kink,1939,496925
result_SELECT_10_Heisenberg2D_cylinder_0.5_0.5_2,outer,2,naive,0.0,2,Proj.,No_MSF,1668,327216
result_SELECT_10_Heisenberg2D_cylinder_0.5_0.5_2,outer,2,naive,0.0,2,Proj.,No_Top,1668,322672
result_SELECT_10_Heisenberg2D_cylinder_0.5_0.5_2,outer,2,naive,0.0,2,Proj.,No_MP,1682,1135292
result_SELECT_10_Heisenberg2D_cylinder_0.5_0.5_2,outer,2,naive,0.0,2,Proj.,No_Kink,1685,1380252
result_SELECT_10_Heisenberg2D_cylinder_0.5_0.5_2,outer,2,naive,0.0,2,Proj.,Yes_Kink,1690,1360492
result_SELECT_10_Heisenberg2D_cylinder_0.5_0.5_6,inner,2,SA,0.001,2,Single,No_MSF,211,295168
result_SELECT_10_Heisenberg2D_cylinder_0.5_0.5_6,inner,2,SA,0.001,2,Single,No_Top,211,289056
result_SELECT_10_Heisenberg2D_cylinder_0.5_0.5_6,inner,2,SA,0.001,2,Single,No_MP,211,397089
result_SELECT_10_Heisenberg2D_cylinder_0.5_0.5_6,inner,2,SA,0.001,2,Single,No_Kink,211,474992
result_SELECT_10_Heisenberg2D_cylinder_0.5_0.5_6,inner,2,SA,0.001,2,Single,Yes_Kink,211,491917
result_SELECT_10_Heisenberg2D_cylinder_0.5_0.5_6,inner,2,SA,0.001,2,Double,No_MSF,177,250560
result_SELECT_10_Heisenberg2D_cylinder_0.5_0.5_6,inner,2,SA,0.001,2,Double,No_Top,177,244448
result_SELECT_10_Heisenberg2D_cylinder_0.5_0.5_6,inner,2,SA,0.001,2,Double,No_MP,180,365787
result_SELECT_10_Heisenberg2D_cylinder_0.5_0.5_6,inner,2,SA,0.001,2,Double,No_Kink,180,459902
result_SELECT_10_Heisenberg2D_cylinder_0.5_0.5_6,inner,2,SA,0.001,2,Double,Yes_Kink,190,474872
result_SELECT_10_Heisenberg2D_cylinder_0.5_0.5_6,inner,2,SA,0.001,2,Proj.,No_MSF,108,160032
result_SELECT_10_Heisenberg2D_cylinder_0.5_0.5_6,inner,2,SA,0.001,2,Proj.,No_Top,123,173600
result_SELECT_10_Heisenberg2D_cylinder_0.5_0.5_6,inner,2,SA,0.001,2,Proj.,No_MP,126,582597
result_SELECT_10_Heisenberg2D_cylinder_0.5_0.5_6,inner,2,SA,0.001,2,Proj.,No_Kink,161,756854
result_SELECT_10_Heisenberg2D_cylinder_0.5_0.5_6,inner,2,SA,0.001,2,Proj.,Yes_Kink,172,783649
result_SELECT_10_Heisenberg2D_cylinder_0.5_0.5_3,outer,1,naive,0.0,2,Single,No_MSF,1069,304784
result_SELECT_10_Heisenberg2D_cylinder_0.5_0.5_3,outer,1,naive,0.0,2,Single,No_Top,1069,300112
result_SELECT_10_Heisenberg2D_cylinder_0.5_0.5_3,outer,1,naive,0.0,2,Single,No_MP,1411,599182
result_SELECT_10_Heisenberg2D_cylinder_0.5_0.5_3,outer,1,naive,0.0,2,Single,No_Kink,1687,719286
result_SELECT_10_Heisenberg2D_cylinder_0.5_0.5_3,outer,1,naive,0.0,2,Double,No_MSF,987,282480
result_SELECT_10_Heisenberg2D_cylinder_0.5_0.5_3,outer,1,naive,0.0,2,Double,No_Top,987,277808
result_SELECT_10_Heisenberg2D_cylinder_0.5_0.5_3,outer,1,naive,0.0,2,Double,No_MP,1111,517248
result_SELECT_10_Heisenberg2D_cylinder_0.5_0.5_3,outer,1,naive,0.0,2,Double,No_Kink,1330,633106
result_SELECT_10_Heisenberg2D_cylinder_0.5_0.5_3,outer,1,naive,0.0,2,Double,Yes_Kink,1344,640166
result_SELECT_10_Heisenberg2D_cylinder_0.5_0.5_3,outer,1,naive,0.0,2,Proj.,No_MSF,837,241680
result_SELECT_10_Heisenberg2D_cylinder_0.5_0.5_3,outer,1,naive,0.0,2,Proj.,No_Top,837,237008
result_SELECT_10_Heisenberg2D_cylinder_0.5_0.5_3,outer,1,naive,0.0,2,Proj.,No_MP,866,898980
result_SELECT_10_Heisenberg2D_cylinder_0.5_0.5_3,outer,1,naive,0.0,2,Proj.,No_Kink,876,945104
result_SELECT_10_Heisenberg2D_cylinder_0.5_0.5_3,outer,1,naive,0.0,2,Proj.,Yes_Kink,900,959647
result_trotter_10_Heisenberg2D_cylinder_0.5_0.5_rand,outer,1,random,0.0,2,Single,No_MSF,744,150900
result_trotter_10_Heisenberg2D_cylinder_0.5_0.5_rand,outer,1,random,0.0,2,Single,No_Top,1742,225200
result_trotter_10_Heisenberg2D_cylinder_0.5_0.5_rand,outer,1,random,0.0,2,Single,No_MP,764,188994
result_trotter_10_Heisenberg2D_cylinder_0.5_0.5_rand,outer,1,random,0.0,2,Single,No_Kink,1818,495020
result_trotter_10_Heisenberg2D_cylinder_0.5_0.5_rand,outer,1,random,0.0,2,Double,No_MSF,721,148600
result_trotter_10_Heisenberg2D_cylinder_0.5_0.5_rand,outer,1,random,0.0,2,Double,No_Top,1740,225000
result_trotter_10_Heisenberg2D_cylinder_0.5_0.5_rand,outer,1,random,0.0,2,Double,No_MP,731,187101
result_trotter_10_Heisenberg2D_cylinder_0.5_0.5_rand,outer,1,random,0.0,2,Double,No_Kink,1768,555401
result_trotter_10_Heisenberg2D_cylinder_0.5_0.5_rand,outer,1,random,0.0,2,Double,Yes_Kink,1793,561142
result_trotter_10_Heisenberg2D_cylinder_0.5_0.5_rand,outer,1,random,0.0,2,Proj.,No_MSF,390,115500
result_trotter_10_Heisenberg2D_cylinder_0.5_0.5_rand,outer,1,random,0.0,2,Proj.,No_Top,1740,225000
result_trotter_10_Heisenberg2D_cylinder_0.5_0.5_rand,outer,1,random,0.0,2,Proj.,No_MP,570,278601
result_trotter_10_Heisenberg2D_cylinder_0.5_0.5_rand,outer,1,random,0.0,2,Proj.,No_Kink,1846,774432
result_trotter_10_Heisenberg2D_cylinder_0.5_0.5_rand,outer,1,random,0.0,2,Proj.,Yes_Kink,1856,771451
result_SELECT_10_Heisenberg2D_cylinder_0.5_0.5_0,outer,2,naive,0.0,2,Single,No_MSF,8099,1001446
result_SELECT_10_Heisenberg2D_cylinder_0.5_0.5_0,outer,2,naive,0.0,2,Single,No_Top,8101,997234
result_SELECT_10_Heisenberg2D_cylinder_0.5_0.5_0,outer,2,naive,0.0,2,Single,No_MP,8099,1050358
result_SELECT_10_Heisenberg2D_cylinder_0.5_0.5_0,outer,2,naive,0.0,2,Single,No_Kink,8101,1065615
result_SELECT_10_Heisenberg2D_cylinder_0.5_0.5_0,outer,2,naive,0.0,2,Single,Yes_Kink,8101,1075482
result_SELECT_10_Heisenberg2D_cylinder_0.5_0.5_0,outer,2,naive,0.0,2,Double,No_MSF,7536,932760
result_SELECT_10_Heisenberg2D_cylinder_0.5_0.5_0,outer,2,naive,0.0,2,Double,No_Top,7537,928426
result_SELECT_10_Heisenberg2D_cylinder_0.5_0.5_0,outer,2,naive,0.0,2,Double,No_MP,7536,991148
result_SELECT_10_Heisenberg2D_cylinder_0.5_0.5_0,outer,2,naive,0.0,2,Double,No_Kink,7537,1010600
result_SELECT_10_Heisenberg2D_cylinder_0.5_0.5_0,outer,2,naive,0.0,2,Double,Yes_Kink,7537,1007106
result_SELECT_10_Heisenberg2D_cylinder_0.5_0.5_0,outer,2,naive,0.0,2,Proj.,No_MSF,6660,825888
result_SELECT_10_Heisenberg2D_cylinder_0.5_0.5_0,outer,2,naive,0.0,2,Proj.,No_Top,6660,821432
result_SELECT_10_Heisenberg2D_cylinder_0.5_0.5_0,outer,2,naive,0.0,2,Proj.,No_MP,6660,2618896
result_SELECT_10_Heisenberg2D_cylinder_0.5_0.5_0,outer,2,naive,0.0,2,Proj.,No_Kink,6660,2767714
result_SELECT_10_Heisenberg2D_cylinder_0.5_0.5_0,outer,2,naive,0.0,2,Proj.,Yes_Kink,6661,2677361
result_trotter_10_Heisenberg2D_cylinder_0.5_0.5_rand,inner,1,SA,1.0,0,Single,No_MSF,744,99900
result_trotter_10_Heisenberg2D_cylinder_0.5_0.5_rand,inner,1,SA,1.0,0,Single,No_Top,744,74400
result_trotter_10_Heisenberg2D_cylinder_0.5_0.5_rand,inner,1,SA,1.0,0,Single,No_MP,744,112574
result_trotter_10_Heisenberg2D_cylinder_0.5_0.5_rand,inner,1,SA,1.0,0,Single,No_Kink,782,185092
result_trotter_10_Heisenberg2D_cylinder_0.5_0.5_rand,inner,1,SA,1.0,0,Double,No_MSF,721,97600
result_trotter_10_Heisenberg2D_cylinder_0.5_0.5_rand,inner,1,SA,1.0,0,Double,No_Top,721,72100
result_trotter_10_Heisenberg2D_cylinder_0.5_0.5_rand,inner,1,SA,1.0,0,Double,No_MP,721,111573
result_trotter_10_Heisenberg2D_cylinder_0.5_0.5_rand,inner,1,SA,1.0,0,Double,No_Kink,862,270479
result_trotter_10_Heisenberg2D_cylinder_0.5_0.5_rand,inner,1,SA,1.0,0,Double,Yes_Kink,887,265578
result_trotter_10_Heisenberg2D_cylinder_0.5_0.5_rand,inner,1,SA,1.0,0,Proj.,No_MSF,390,64500
result_trotter_10_Heisenberg2D_cylinder_0.5_0.5_rand,inner,1,SA,1.0,0,Proj.,No_Top,580,58000
result_trotter_10_Heisenberg2D_cylinder_0.5_0.5_rand,inner,1,SA,1.0,0,Proj.,No_MP,528,213636
result_trotter_10_Heisenberg2D_cylinder_0.5_0.5_rand,inner,1,SA,1.0,0,Proj.,No_Kink,859,332610
result_trotter_10_Heisenberg2D_cylinder_0.5_0.5_rand,inner,1,SA,1.0,0,Proj.,Yes_Kink,1001,377455
result_trotter_10_Heisenberg2D_cylinder_0.5_0.5_det,outer,1,SA,0.001,2,Single,No_MSF,756,152100
result_trotter_10_Heisenberg2D_cylinder_0.5_0.5_det,outer,1,SA,0.001,2,Single,No_Top,1742,225200
result_trotter_10_Heisenberg2D_cylinder_0.5_0.5_det,outer,1,SA,0.001,2,Single,No_MP,759,164160
result_trotter_10_Heisenberg2D_cylinder_0.5_0.5_det,outer,1,SA,0.001,2,Single,No_Kink,1771,481976
result_trotter_10_Heisenberg2D_cylinder_0.5_0.5_det,outer,1,SA,0.001,2,Double,No_MSF,749,151400
result_trotter_10_Heisenberg2D_cylinder_0.5_0.5_det,outer,1,SA,0.001,2,Double,No_Top,1740,225000
result_trotter_10_Heisenberg2D_cylinder_0.5_0.5_det,outer,1,SA,0.001,2,Double,No_MP,750,165153
result_trotter_10_Heisenberg2D_cylinder_0.5_0.5_det,outer,1,SA,0.001,2,Double,No_Kink,1748,541583
result_trotter_10_Heisenberg2D_cylinder_0.5_0.5_det,outer,1,SA,0.001,2,Double,Yes_Kink,1765,559764
result_trotter_10_Heisenberg2D_cylinder_0.5_0.5_det,outer,1,SA,0.001,2,Proj.,No_MSF,390,115500
result_trotter_10_Heisenberg2D_cylinder_0.5_0.5_det,outer,1,SA,0.001,2,Proj.,No_Top,1740,225000
result_trotter_10_Heisenberg2D_cylinder_0.5_0.5_det,outer,1,SA,0.001,2,Proj.,No_MP,579,272747
result_trotter_10_Heisenberg2D_cylinder_0.5_0.5_det,outer,1,SA,0.001,2,Proj.,No_Kink,1921,791044
result_trotter_10_Heisenberg2D_cylinder_0.5_0.5_det,outer,1,SA,0.001,2,Proj.,Yes_Kink,1930,784537
result_SELECT_10_Heisenberg2D_cylinder_0.5_0.5_4,inner,2,SA,0.001,0,Single,No_MSF,571,251568
result_SELECT_10_Heisenberg2D_cylinder_0.5_0.5_4,inner,2,SA,0.001,0,Single,No_Top,571,246672
result_SELECT_10_Heisenberg2D_cylinder_0.5_0.5_4,inner,2,SA,0.001,0,Single,No_MP,571,294233
result_SELECT_10_Heisenberg2D_cylinder_0.5_0.5_4,inner,2,SA,0.001,0,Single,No_Kink,571,310377
result_SELECT_10_Heisenberg2D_cylinder_0.5_0.5_4,inner,2,SA,0.001,0,Single,Yes_Kink,571,324511
result_SELECT_10_Heisenberg2D_cylinder_0.5_0.5_4,inner,2,SA,0.001,0,Double,No_MSF,522,230400
result_SELECT_10_Heisenberg2D_cylinder_0.5_0.5_4,inner,2,SA,0.001,0,Double,No_Top,522,225504
result_SELECT_10_Heisenberg2D_cylinder_0.5_0.5_4,inner,2,SA,0.001,0,Double,No_MP,523,282403
result_SELECT_10_Heisenberg2D_cylinder_0.5_0.5_4,inner,2,SA,0.001,0,Double,No_Kink,523,305563
result_SELECT_10_Heisenberg2D_cylinder_0.5_0.5_4,inner,2,SA,0.001,0,Double,Yes_Kink,542,312241
result_SELECT_10_Heisenberg2D_cylinder_0.5_0.5_4,inner,2,SA,0.001,0,Proj.,No_MSF,420,186336
result_SELECT_10_Heisenberg2D_cylinder_0.5_0.5_4,inner,2,SA,0.001,0,Proj.,No_Top,420,181440
result_SELECT_10_Heisenberg2D_cylinder_0.5_0.5_4,inner,2,SA,0.001,0,Proj.,No_MP,431,660375
result_SELECT_10_Heisenberg2D_cylinder_0.5_0.5_4,inner,2,SA,0.001,0,Proj.,No_Kink,436,761268
result_SELECT_10_Heisenberg2D_cylinder_0.5_0.5_4,inner,2,SA,0.001,0,Proj.,Yes_Kink,440,764213
result_SELECT_10_Heisenberg2D_cylinder_0.5_0.5_3,inner,1,SA,1.0,2,Single,No_MSF,1069,304784
result_SELECT_10_Heisenberg2D_cylinder_0.5_0.5_3,inner,1,SA,1.0,2,Single,No_Top,1069,300112
result_SELECT_10_Heisenberg2D_cylinder_0.5_0.5_3,inner,1,SA,1.0,2,Single,No_MP,1069,347870
result_SELECT_10_Heisenberg2D_cylinder_0.5_0.5_3,inner,1,SA,1.0,2,Single,No_Kink,1079,364048
result_SELECT_10_Heisenberg2D_cylinder_0.5_0.5_3,inner,1,SA,1.0,2,Double,No_MSF,987,282480
result_SELECT_10_Heisenberg2D_cylinder_0.5_0.5_3,inner,1,SA,1.0,2,Double,No_Top,987,277808
result_SELECT_10_Heisenberg2D_cylinder_0.5_0.5_3,inner,1,SA,1.0,2,Double,No_MP,987,333033
result_SELECT_10_Heisenberg2D_cylinder_0.5_0.5_3,inner,1,SA,1.0,2,Double,No_Kink,987,356216
result_SELECT_10_Heisenberg2D_cylinder_0.5_0.5_3,inner,1,SA,1.0,2,Double,Yes_Kink,992,357628
result_SELECT_10_Heisenberg2D_cylinder_0.5_0.5_3,inner,1,SA,1.0,2,Proj.,No_MSF,837,241680
result_SELECT_10_Heisenberg2D_cylinder_0.5_0.5_3,inner,1,SA,1.0,2,Proj.,No_Top,837,237008
result_SELECT_10_Heisenberg2D_cylinder_0.5_0.5_3,inner,1,SA,1.0,2,Proj.,No_MP,844,814408
result_SELECT_10_Heisenberg2D_cylinder_0.5_0.5_3,inner,1,SA,1.0,2,Proj.,No_Kink,855,916205
result_SELECT_10_Heisenberg2D_cylinder_0.5_0.5_3,inner,1,SA,1.0,2,Proj.,Yes_Kink,862,915374
result_trotter_10_Heisenberg2D_cylinder_0.5_0.5_rand,outer,1,SA,1.0,1,Single,No_MSF,744,125400
result_trotter_10_Heisenberg2D_cylinder_0.5_0.5_rand,outer,1,SA,1.0,1,Single,No_Top,1164,141900
result_trotter_10_Heisenberg2D_cylinder_0.5_0.5_rand,outer,1,SA,1.0,1,Single,No_MP,744,138794
result_trotter_10_Heisenberg2D_cylinder_0.5_0.5_rand,outer,1,SA,1.0,1,Single,No_Kink,1239,350222
result_trotter_10_Heisenberg2D_cylinder_0.5_0.5_rand,outer,1,SA,1.0,1,Double,No_MSF,721,123100
result_trotter_10_Heisenberg2D_cylinder_0.5_0.5_rand,outer,1,SA,1.0,1,Double,No_Top,1160,141500
result_trotter_10_Heisenberg2D_cylinder_0.5_0.5_rand,outer,1,SA,1.0,1,Double,No_MP,721,137648
result_trotter_10_Heisenberg2D_cylinder_0.5_0.5_rand,outer,1,SA,1.0,1,Double,No_Kink,1273,439506
result_trotter_10_Heisenberg2D_cylinder_0.5_0.5_rand,outer,1,SA,1.0,1,Double,Yes_Kink,1337,443854
result_trotter_10_Heisenberg2D_cylinder_0.5_0.5_rand,outer,1,SA,1.0,1,Proj.,No_MSF,390,90000
result_trotter_10_Heisenberg2D_cylinder_0.5_0.5_rand,outer,1,SA,1.0,1,Proj.,No_Top,1160,141500
result_trotter_10_Heisenberg2D_cylinder_0.5_0.5_rand,outer,1,SA,1.0,1,Proj.,No_MP,506,229978
result_trotter_10_Heisenberg2D_cylinder_0.5_0.5_rand,outer,1,SA,1.0,1,Proj.,No_Kink,1282,526103
result_trotter_10_Heisenberg2D_cylinder_0.5_0.5_rand,outer,1,SA,1.0,1,Proj.,Yes_Kink,1326,535072
result_SELECT_10_Heisenberg2D_cylinder_0.5_0.5_2,outer,2,SA,0.01,2,Single,No_MSF,2072,403168
result_SELECT_10_Heisenberg2D_cylinder_0.5_0.5_2,outer,2,SA,0.01,2,Single,No_Top,2072,398624
result_SELECT_10_Heisenberg2D_cylinder_0.5_0.5_2,outer,2,SA,0.01,2,Single,No_MP,2072,436890
result_SELECT_10_Heisenberg2D_cylinder_0.5_0.5_2,outer,2,SA,0.01,2,Single,No_Kink,2072,470304
result_SELECT_10_Heisenberg2D_cylinder_0.5_0.5_2,outer,2,SA,0.01,2,Single,Yes_Kink,2072,483936
result_SELECT_10_Heisenberg2D_cylinder_0.5_0.5_2,outer,2,SA,0.01,2,Double,No_MSF,1921,374780
result_SELECT_10_Heisenberg2D_cylinder_0.5_0.5_2,outer,2,SA,0.01,2,Double,No_Top,1921,370236
result_SELECT_10_Heisenberg2D_cylinder_0.5_0.5_2,outer,2,SA,0.01,2,Double,No_MP,1921,417623
result_SELECT_10_Heisenberg2D_cylinder_0.5_0.5_2,outer,2,SA,0.01,2,Double,No_Kink,1921,457234
result_SELECT_10_Heisenberg2D_cylinder_0.5_0.5_2,outer,2,SA,0.01,2,Double,Yes_Kink,1992,466771
result_SELECT_10_Heisenberg2D_cylinder_0.5_0.5_2,outer,2,SA,0.01,2,Proj.,No_MSF,1668,327216
result_SELECT_10_Heisenberg2D_cylinder_0.5_0.5_2,outer,2,SA,0.01,2,Proj.,No_Top,1668,322672
result_SELECT_10_Heisenberg2D_cylinder_0.5_0.5_2,outer,2,SA,0.01,2,Proj.,No_MP,1671,1085600
result_SELECT_10_Heisenberg2D_cylinder_0.5_0.5_2,outer,2,SA,0.01,2,Proj.,No_Kink,1676,1344494
result_SELECT_10_Heisenberg2D_cylinder_0.5_0.5_2,outer,2,SA,0.01,2,Proj.,Yes_Kink,1679,1309782
result_SELECT_10_Heisenberg2D_cylinder_0.5_0.5_5,inner,1,SA,0.1,2,Single,No_MSF,327,256704
result_SELECT_10_Heisenberg2D_cylinder_0.5_0.5_5,inner,1,SA,0.1,2,Single,No_Top,327,251360
result_SELECT_10_Heisenberg2D_cylinder_0.5_0.5_5,inner,1,SA,0.1,2,Single,No_MP,330,338542
result_SELECT_10_Heisenberg2D_cylinder_0.5_0.5_5,inner,1,SA,0.1,2,Single,No_Kink,337,412212
result_SELECT_10_Heisenberg2D_cylinder_0.5_0.5_5,inner,1,SA,0.1,2,Double,No_MSF,290,229472
result_SELECT_10_Heisenberg2D_cylinder_0.5_0.5_5,inner,1,SA,0.1,2,Double,No_Top,291,224864
result_SELECT_10_Heisenberg2D_cylinder_0.5_0.5_5,inner,1,SA,0.1,2,Double,No_MP,291,316693
result_SELECT_10_Heisenberg2D_cylinder_0.5_0.5_5,inner,1,SA,0.1,2,Double,No_Kink,297,398205
result_SELECT_10_Heisenberg2D_cylinder_0.5_0.5_5,inner,1,SA,0.1,2,Double,Yes_Kink,306,413182
result_SELECT_10_Heisenberg2D_cylinder_0.5_0.5_5,inner,1,SA,0.1,2,Proj.,No_MSF,213,172800
result_SELECT_10_Heisenberg2D_cylinder_0.5_0.5_5,inner,1,SA,0.1,2,Proj.,No_Top,213,167456
result_SELECT_10_Heisenberg2D_cylinder_0.5_0.5_5,inner,1,SA,0.1,2,Proj.,No_MP,235,591392
result_SELECT_10_Heisenberg2D_cylinder_0.5_0.5_5,inner,1,SA,0.1,2,Proj.,No_Kink,277,660739
result_SELECT_10_Heisenberg2D_cylinder_0.5_0.5_5,inner,1,SA,0.1,2,Proj.,Yes_Kink,292,689786
result_SELECT_100_random_local_OBC_0_0_6,outer,1,naive,0.0,2,Single,No_MSF,247,306944
result_SELECT_100_random_local_OBC_0_0_6,outer,1,naive,0.0,2,Single,No_Top,247,302112
result_SELECT_100_random_local_OBC_0_0_6,outer,1,naive,0.0,2,Single,No_MP,625,1254502
result_SELECT_100_random_local_OBC_0_0_6,outer,1,naive,0.0,2,Single,No_Kink,791,1541332
result_SELECT_100_random_local_OBC_0_0_6,outer,1,naive,0.0,2,Double,No_MSF,192,241824
result_SELECT_100_random_local_OBC_0_0_6,outer,1,naive,0.0,2,Double,No_Top,193,238176
result_SELECT_100_random_local_OBC_0_0_6,outer,1,naive,0.0,2,Double,No_MP,489,1108189
result_SELECT_100_random_local_OBC_0_0_6,outer,1,naive,0.0,2,Double,No_Kink,602,1345241
result_SELECT_100_random_local_OBC_0_0_6,outer,1,naive,0.0,2,Double,Yes_Kink,612,1358232
result_SELECT_100_random_local_OBC_0_0_6,outer,1,naive,0.0,2,Proj.,No_MSF,128,166048
result_SELECT_100_random_local_OBC_0_0_6,outer,1,naive,0.0,2,Proj.,No_Top,128,161216
result_SELECT_100_random_local_OBC_0_0_6,outer,1,naive,0.0,2,Proj.,No_MP,306,1267388
result_SELECT_100_random_local_OBC_0_0_6,outer,1,naive,0.0,2,Proj.,No_Kink,368,1546872
result_SELECT_100_random_local_OBC_0_0_6,outer,1,naive,0.0,2,Proj.,Yes_Kink,379,1585357
result_SELECT_10_Heisenberg2D_cylinder_0.5_0.5_3,outer,1,SA,0.01,2,Single,No_MSF,1069,304784
result_SELECT_10_Heisenberg2D_cylinder_0.5_0.5_3,outer,1,SA,0.01,2,Single,No_Top,1069,300112
result_SELECT_10_Heisenberg2D_cylinder_0.5_0.5_3,outer,1,SA,0.01,2,Single,No_MP,1069,345700
result_SELECT_10_Heisenberg2D_cylinder_0.5_0.5_3,outer,1,SA,0.01,2,Single,No_Kink,1069,391954
result_SELECT_10_Heisenberg2D_cylinder_0.5_0.5_3,outer,1,SA,0.01,2,Double,No_MSF,987,282480
result_SELECT_10_Heisenberg2D_cylinder_0.5_0.5_3,outer,1,SA,0.01,2,Double,No_Top,987,277808
result_SELECT_10_Heisenberg2D_cylinder_0.5_0.5_3,outer,1,SA,0.01,2,Double,No_MP,987,331383
result_SELECT_10_Heisenberg2D_cylinder_0.5_0.5_3,outer,1,SA,0.01,2,Double,No_Kink,987,379837
result_SELECT_10_Heisenberg2D_cylinder_0.5_0.5_3,outer,1,SA,0.01,2,Double,Yes_Kink,991,379707
result_SELECT_10_Heisenberg2D_cylinder_0.5_0.5_3,outer,1,SA,0.01,2,Proj.,No_MSF,837,241680
result_SELECT_10_Heisenberg2D_cylinder_0.5_0.5_3,outer,1,SA,0.01,2,Proj.,No_Top,837,237008
result_SELECT_10_Heisenberg2D_cylinder_0.5_0.5_3,outer,1,SA,0.01,2,Proj.,No_MP,841,811842
result_SELECT_10_Heisenberg2D_cylinder_0.5_0.5_3,outer,1,SA,0.01,2,Proj.,No_Kink,854,936498
result_SELECT_10_Heisenberg2D_cylinder_0.5_0.5_3,outer,1,SA,0.01,2,Proj.,Yes_Kink,856,925879
result_SELECT_10_Heisenberg2D_cylinder_0.5_0.5_1,outer,2,SA,1.0,0,Single,No_MSF,4079,591856
result_SELECT_10_Heisenberg2D_cylinder_0.5_0.5_1,outer,2,SA,1.0,0,Single,No_Top,4079,587376
result_SELECT_10_Heisenberg2D_cylinder_0.5_0.5_1,outer,2,SA,1.0,0,Single,No_MP,4079,630201
result_SELECT_10_Heisenberg2D_cylinder_0.5_0.5_1,outer,2,SA,1.0,0,Single,No_Kink,4079,641160
result_SELECT_10_Heisenberg2D_cylinder_0.5_0.5_1,outer,2,SA,1.0,0,Single,Yes_Kink,4079,652854
result_SELECT_10_Heisenberg2D_cylinder_0.5_0.5_1,outer,2,SA,1.0,0,Double,No_MSF,3792,550528
result_SELECT_10_Heisenberg2D_cylinder_0.5_0.5_1,outer,2,SA,1.0,0,Double,No_Top,3792,546048
result_SELECT_10_Heisenberg2D_cylinder_0.5_0.5_1,outer,2,SA,1.0,0,Double,No_MP,3792,596907
result_SELECT_10_Heisenberg2D_cylinder_0.5_0.5_1,outer,2,SA,1.0,0,Double,No_Kink,3792,614286
result_SELECT_10_Heisenberg2D_cylinder_0.5_0.5_1,outer,2,SA,1.0,0,Double,Yes_Kink,3792,610926
result_SELECT_10_Heisenberg2D_cylinder_0.5_0.5_1,outer,2,SA,1.0,0,Proj.,No_MSF,3333,484432
result_SELECT_10_Heisenberg2D_cylinder_0.5_0.5_1,outer,2,SA,1.0,0,Proj.,No_Top,3333,479952
result_SELECT_10_Heisenberg2D_cylinder_0.5_0.5_1,outer,2,SA,1.0,0,Proj.,No_MP,3333,1507318
result_SELECT_10_Heisenberg2D_cylinder_0.5_0.5_1,outer,2,SA,1.0,0,Proj.,No_Kink,3334,1682939
result_SELECT_10_Heisenberg2D_cylinder_0.5_0.5_1,outer,2,SA,1.0,0,Proj.,Yes_Kink,3336,1708836
result_trotter_10_Heisenberg2D_cylinder_0.5_0.5_rand,inner,2,SA,0.1,1,Single,No_MSF,744,125400
result_trotter_10_Heisenberg2D_cylinder_0.5_0.5_rand,inner,2,SA,0.1,1,Single,No_Top,1164,141900
result_trotter_10_Heisenberg2D_cylinder_0.5_0.5_rand,inner,2,SA,0.1,1,Single,No_MP,744,135188
result_trotter_10_Heisenberg2D_cylinder_0.5_0.5_rand,inner,2,SA,0.1,1,Single,No_Kink,1166,299874
result_trotter_10_Heisenberg2D_cylinder_0.5_0.5_rand,inner,2,SA,0.1,1,Single,Yes_Kink,1170,310442
result_trotter_10_Heisenberg2D_cylinder_0.5_0.5_rand,inner,2,SA,0.1,1,Double,No_MSF,721,123100
result_trotter_10_Heisenberg2D_cylinder_0.5_0.5_rand,inner,2,SA,0.1,1,Double,No_Top,1160,141500
result_trotter_10_Heisenberg2D_cylinder_0.5_0.5_rand,inner,2,SA,0.1,1,Double,No_MP,721,134817
result_trotter_10_Heisenberg2D_cylinder_0.5_0.5_rand,inner,2,SA,0.1,1,Double,No_Kink,1161,302821
result_trotter_10_Heisenberg2D_cylinder_0.5_0.5_rand,inner,2,SA,0.1,1,Double,Yes_Kink,1162,337792
result_trotter_10_Heisenberg2D_cylinder_0.5_0.5_rand,inner,2,SA,0.1,1,Proj.,No_MSF,390,90000
result_trotter_10_Heisenberg2D_cylinder_0.5_0.5_rand,inner,2,SA,0.1,1,Proj.,No_Top,1160,141500
result_trotter_10_Heisenberg2D_cylinder_0.5_0.5_rand,inner,2,SA,0.1,1,Proj.,No_MP,497,261579
result_trotter_10_Heisenberg2D_cylinder_0.5_0.5_rand,inner,2,SA,0.1,1,Proj.,No_Kink,1244,743013
result_trotter_10_Heisenberg2D_cylinder_0.5_0.5_rand,inner,2,SA,0.1,1,Proj.,Yes_Kink,1240,739092
result_trotter_10_Heisenberg2D_cylinder_0.5_0.5_det,inner,1,naive,0.0,2,Single,No_MSF,756,152100
result_trotter_10_Heisenberg2D_cylinder_0.5_0.5_det,inner,1,naive,0.0,2,Single,No_Top,1742,225200
result_trotter_10_Heisenberg2D_cylinder_0.5_0.5_det,inner,1,naive,0.0,2,Single,No_MP,781,179938
result_trotter_10_Heisenberg2D_cylinder_0.5_0.5_det,inner,1,naive,0.0,2,Single,No_Kink,2474,674452
result_trotter_10_Heisenberg2D_cylinder_0.5_0.5_det,inner,1,naive,0.0,2,Double,No_MSF,749,151400
result_trotter_10_Heisenberg2D_cylinder_0.5_0.5_det,inner,1,naive,0.0,2,Double,No_Top,1740,225000
result_trotter_10_Heisenberg2D_cylinder_0.5_0.5_det,inner,1,naive,0.0,2,Double,No_MP,758,179933
result_trotter_10_Heisenberg2D_cylinder_0.5_0.5_det,inner,1,naive,0.0,2,Double,No_Kink,2433,749899
result_trotter_10_Heisenberg2D_cylinder_0.5_0.5_det,inner,1,naive,0.0,2,Double,Yes_Kink,2481,760788
result_trotter_10_Heisenberg2D_cylinder_0.5_0.5_det,inner,1,naive,0.0,2,Proj.,No_MSF,390,115500
result_trotter_10_Heisenberg2D_cylinder_0.5_0.5_det,inner,1,naive,0.0,2,Proj.,No_Top,1740,225000
result_trotter_10_Heisenberg2D_cylinder_0.5_0.5_det,inner,1,naive,0.0,2,Proj.,No_MP,609,291684
result_trotter_10_Heisenberg2D_cylinder_0.5_0.5_det,inner,1,naive,0.0,2,Proj.,No_Kink,2510,1082780
result_trotter_10_Heisenberg2D_cylinder_0.5_0.5_det,inner,1,naive,0.0,2,Proj.,Yes_Kink,2559,1068902
result_SELECT_10_Heisenberg2D_cylinder_0.5_0.5_3,outer,2,SA,0.001,0,Single,No_MSF,1069,295440
result_SELECT_10_Heisenberg2D_cylinder_0.5_0.5_3,outer,2,SA,0.001,0,Single,No_Top,1069,290768
result_SELECT_10_Heisenberg2D_cylinder_0.5_0.5_3,outer,2,SA,0.001,0,Single,No_MP,1069,331840
result_SELECT_10_Heisenberg2D_cylinder_0.5_0.5_3,outer,2,SA,0.001,0,Single,No_Kink,1069,364184
result_SELECT_10_Heisenberg2D_cylinder_0.5_0.5_3,outer,2,SA,0.001,0,Single,Yes_Kink,1069,376000
result_SELECT_10_Heisenberg2D_cylinder_0.5_0.5_3,outer,2,SA,0.001,0,Double,No_MSF,987,273136
result_SELECT_10_Heisenberg2D_cylinder_0.5_0.5_3,outer,2,SA,0.001,0,Double,No_Top,987,268464
result_SELECT_10_Heisenberg2D_cylinder_0.5_0.5_3,outer,2,SA,0.001,0,Double,No_MP,987,318512
result_SELECT_10_Heisenberg2D_cylinder_0.5_0.5_3,outer,2,SA,0.001,0,Double,No_Kink,988,356607
result_SELECT_10_Heisenberg2D_cylinder_0.5_0.5_3,outer,2,SA,0.001,0,Double,Yes_Kink,1022,362163
result_SELECT_10_Heisenberg2D_cylinder_0.5_0.5_3,outer,2,SA,0.001,0,Proj.,No_MSF,837,232336
result_SELECT_10_Heisenberg2D_cylinder_0.5_0.5_3,outer,2,SA,0.001,0,Proj.,No_Top,837,227664
result_SELECT_10_Heisenberg2D_cylinder_0.5_0.5_3,outer,2,SA,0.001,0,Proj.,No_MP,841,766733
result_SELECT_10_Heisenberg2D_cylinder_0.5_0.5_3,outer,2,SA,0.001,0,Proj.,No_Kink,848,1001834
result_SELECT_10_Heisenberg2D_cylinder_0.5_0.5_3,outer,2,SA,0.001,0,Proj.,Yes_Kink,852,999715
result_SELECT_10_Heisenberg2D_cylinder_0.5_0.5_4,inner,1,SA,0.001,2,Single,No_MSF,571,261360
result_SELECT_10_Heisenberg2D_cylinder_0.5_0.5_4,inner,1,SA,0.001,2,Single,No_Top,571,256464
result_SELECT_10_Heisenberg2D_cylinder_0.5_0.5_4,inner,1,SA,0.001,2,Single,No_MP,571,312882
result_SELECT_10_Heisenberg2D_cylinder_0.5_0.5_4,inner,1,SA,0.001,2,Single,No_Kink,573,366874
result_SELECT_10_Heisenberg2D_cylinder_0.5_0.5_4,inner,1,SA,0.001,2,Double,No_MSF,522,240192
result_SELECT_10_Heisenberg2D_cylinder_0.5_0.5_4,inner,1,SA,0.001,2,Double,No_Top,522,235296
result_SELECT_10_Heisenberg2D_cylinder_0.5_0.5_4,inner,1,SA,0.001,2,Double,No_MP,522,299179
result_SELECT_10_Heisenberg2D_cylinder_0.5_0.5_4,inner,1,SA,0.001,2,Double,No_Kink,522,356316
result_SELECT_10_Heisenberg2D_cylinder_0.5_0.5_4,inner,1,SA,0.001,2,Double,Yes_Kink,527,359701
result_SELECT_10_Heisenberg2D_cylinder_0.5_0.5_4,inner,1,SA,0.001,2,Proj.,No_MSF,420,196128
result_SELECT_10_Heisenberg2D_cylinder_0.5_0.5_4,inner,1,SA,0.001,2,Proj.,No_Top,420,191232
result_SELECT_10_Heisenberg2D_cylinder_0.5_0.5_4,inner,1,SA,0.001,2,Proj.,No_MP,435,680895
result_SELECT_10_Heisenberg2D_cylinder_0.5_0.5_4,inner,1,SA,0.001,2,Proj.,No_Kink,448,719803
result_SELECT_10_Heisenberg2D_cylinder_0.5_0.5_4,inner,1,SA,0.001,2,Proj.,Yes_Kink,453,715874
result_SELECT_10_Heisenberg2D_cylinder_0.5_0.5_2,outer,2,random,0.0,2,Single,No_MSF,2072,403168
result_SELECT_10_Heisenberg2D_cylinder_0.5_0.5_2,outer,2,random,0.0,2,Single,No_Top,2072,398624
result_SELECT_10_Heisenberg2D_cylinder_0.5_0.5_2,outer,2,random,0.0,2,Single,No_MP,2072,520584
result_SELECT_10_Heisenberg2D_cylinder_0.5_0.5_2,outer,2,random,0.0,2,Single,No_Kink,2072,543567
result_SELECT_10_Heisenberg2D_cylinder_0.5_0.5_2,outer,2,random,0.0,2,Single,Yes_Kink,2072,551634
result_SELECT_10_Heisenberg2D_cylinder_0.5_0.5_2,outer,2,random,0.0,2,Double,No_MSF,1921,374780
result_SELECT_10_Heisenberg2D_cylinder_0.5_0.5_2,outer,2,random,0.0,2,Double,No_Top,1921,370236
result_SELECT_10_Heisenberg2D_cylinder_0.5_0.5_2,outer,2,random,0.0,2,Double,No_MP,1921,499324
result_SELECT_10_Heisenberg2D_cylinder_0.5_0.5_2,outer,2,random,0.0,2,Double,No_Kink,1921,527933
result_SELECT_10_Heisenberg2D_cylinder_0.5_0.5_2,outer,2,random,0.0,2,Double,Yes_Kink,1994,537795
result_SELECT_10_Heisenberg2D_cylinder_0.5_0.5_2,outer,2,random,0.0,2,Proj.,No_MSF,1668,327216
result_SELECT_10_Heisenberg2D_cylinder_0.5_0.5_2,outer,2,random,0.0,2,Proj.,No_Top,1668,322672
result_SELECT_10_Heisenberg2D_cylinder_0.5_0.5_2,outer,2,random,0.0,2,Proj.,No_MP,1673,1260061
result_SELECT_10_Heisenberg2D_cylinder_0.5_0.5_2,outer,2,random,0.0,2,Proj.,No_Kink,1677,1376131
result_SELECT_10_Heisenberg2D_cylinder_0.5_0.5_2,outer,2,random,0.0,2,Proj.,Yes_Kink,1679,1363014
result_trotter_10_Heisenberg2D_cylinder_0.5_0.5_det,inner,1,SA,0.01,2,Single,No_MSF,756,152100
result_trotter_10_Heisenberg2D_cylinder_0.5_0.5_det,inner,1,SA,0.01,2,Single,No_Top,1742,225200
result_trotter_10_Heisenberg2D_cylinder_0.5_0.5_det,inner,1,SA,0.01,2,Single,No_MP,763,164370
result_trotter_10_Heisenberg2D_cylinder_0.5_0.5_det,inner,1,SA,0.01,2,Single,No_Kink,1796,494024
result_trotter_10_Heisenberg2D_cylinder_0.5_0.5_det,inner,1,SA,0.01,2,Double,No_MSF,749,151400
result_trotter_10_Heisenberg2D_cylinder_0.5_0.5_det,inner,1,SA,0.01,2,Double,No_Top,1740,225000
result_trotter_10_Heisenberg2D_cylinder_0.5_0.5_det,inner,1,SA,0.01,2,Double,No_MP,751,165854
result_trotter_10_Heisenberg2D_cylinder_0.5_0.5_det,inner,1,SA,0.01,2,Double,No_Kink,1802,577510
result_trotter_10_Heisenberg2D_cylinder_0.5_0.5_det,inner,1,SA,0.01,2,Double,Yes_Kink,1823,570993
result_trotter_10_Heisenberg2D_cylinder_0.5_0.5_det,inner,1,SA,0.01,2,Proj.,No_MSF,390,115500
result_trotter_10_Heisenberg2D_cylinder_0.5_0.5_det,inner,1,SA,0.01,2,Proj.,No_Top,1740,225000
result_trotter_10_Heisenberg2D_cylinder_0.5_0.5_det,inner,1,SA,0.01,2,Proj.,No_MP,593,275346
result_trotter_10_Heisenberg2D_cylinder_0.5_0.5_det,inner,1,SA,0.01,2,Proj.,No_Kink,2509,1013005
result_trotter_10_Heisenberg2D_cylinder_0.5_0.5_det,inner,1,SA,0.01,2,Proj.,Yes_Kink,2535,1000453
result_trotter_10_Heisenberg2D_cylinder_0.5_0.5_det,inner,2,SA,0.001,1,Single,No_MSF,756,126600
result_trotter_10_Heisenberg2D_cylinder_0.5_0.5_det,inner,2,SA,0.001,1,Single,No_Top,1173,142800
result_trotter_10_Heisenberg2D_cylinder_0.5_0.5_det,inner,2,SA,0.001,1,Single,No_MP,758,136552
result_trotter_10_Heisenberg2D_cylinder_0.5_0.5_det,inner,2,SA,0.001,1,Single,No_Kink,1184,374397
result_trotter_10_Heisenberg2D_cylinder_0.5_0.5_det,inner,2,SA,0.001,1,Single,Yes_Kink,1197,382783
result_trotter_10_Heisenberg2D_cylinder_0.5_0.5_det,inner,2,SA,0.001,1,Double,No_MSF,749,125900
result_trotter_10_Heisenberg2D_cylinder_0.5_0.5_det,inner,2,SA,0.001,1,Double,No_Top,1160,141500
result_trotter_10_Heisenberg2D_cylinder_0.5_0.5_det,inner,2,SA,0.001,1,Double,No_MP,750,137471
result_trotter_10_Heisenberg2D_cylinder_0.5_0.5_det,inner,2,SA,0.001,1,Double,No_Kink,1164,395487
result_trotter_10_Heisenberg2D_cylinder_0.5_0.5_det,inner,2,SA,0.001,1,Double,Yes_Kink,1168,405431
result_trotter_10_Heisenberg2D_cylinder_0.5_0.5_det,inner,2,SA,0.001,1,Proj.,No_MSF,390,90000
result_trotter_10_Heisenberg2D_cylinder_0.5_0.5_det,inner,2,SA,0.001,1,Proj.,No_Top,1160,141500
result_trotter_10_Heisenberg2D_cylinder_0.5_0.5_det,inner,2,SA,0.001,1,Proj.,No_MP,567,276443
result_trotter_10_Heisenberg2D_cylinder_0.5_0.5_det,inner,2,SA,0.001,1,Proj.,No_Kink,1319,769292
result_trotter_10_Heisenberg2D_cylinder_0.5_0.5_det,inner,2,SA,0.001,1,Proj.,Yes_Kink,1325,766308
result_trotter_10_Heisenberg2D_cylinder_0.5_0.5_rand,outer,2,random,0.0,2,Single,No_MSF,744,150900
result_trotter_10_Heisenberg2D_cylinder_0.5_0.5_rand,outer,2,random,0.0,2,Single,No_Top,1742,225200
result_trotter_10_Heisenberg2D_cylinder_0.5_0.5_rand,outer,2,random,0.0,2,Single,No_MP,745,178444
result_trotter_10_Heisenberg2D_cylinder_0.5_0.5_rand,outer,2,random,0.0,2,Single,No_Kink,1749,505081
result_trotter_10_Heisenberg2D_cylinder_0.5_0.5_rand,outer,2,random,0.0,2,Single,Yes_Kink,1754,510651
result_trotter_10_Heisenberg2D_cylinder_0.5_0.5_rand,outer,2,random,0.0,2,Double,No_MSF,721,148600
result_trotter_10_Heisenberg2D_cylinder_0.5_0.5_rand,outer,2,random,0.0,2,Double,No_Top,1740,225000
result_trotter_10_Heisenberg2D_cylinder_0.5_0.5_rand,outer,2,random,0.0,2,Double,No_MP,724,176143
result_trotter_10_Heisenberg2D_cylinder_0.5_0.5_rand,outer,2,random,0.0,2,Double,No_Kink,1741,499224
result_trotter_10_Heisenberg2D_cylinder_0.5_0.5_rand,outer,2,random,0.0,2,Double,Yes_Kink,1741,528991
result_trotter_10_Heisenberg2D_cylinder_0.5_0.5_rand,outer,2,random,0.0,2,Proj.,No_MSF,390,115500
result_trotter_10_Heisenberg2D_cylinder_0.5_0.5_rand,outer,2,random,0.0,2,Proj.,No_Top,1740,225000
result_trotter_10_Heisenberg2D_cylinder_0.5_0.5_rand,outer,2,random,0.0,2,Proj.,No_MP,507,311022
result_trotter_10_Heisenberg2D_cylinder_0.5_0.5_rand,outer,2,random,0.0,2,Proj.,No_Kink,1955,1196301
result_trotter_10_Heisenberg2D_cylinder_0.5_0.5_rand,outer,2,random,0.0,2,Proj.,Yes_Kink,1965,1194808
result_trotter_10_Heisenberg2D_cylinder_0.5_0.5_det,outer,2,SA,0.001,0,Single,No_MSF,756,101100
result_trotter_10_Heisenberg2D_cylinder_0.5_0.5_det,outer,2,SA,0.001,0,Single,No_Top,756,75600
result_trotter_10_Heisenberg2D_cylinder_0.5_0.5_det,outer,2,SA,0.001,0,Single,No_MP,758,111264
result_trotter_10_Heisenberg2D_cylinder_0.5_0.5_det,outer,2,SA,0.001,0,Single,No_Kink,1048,341372
result_trotter_10_Heisenberg2D_cylinder_0.5_0.5_det,outer,2,SA,0.001,0,Single,Yes_Kink,1039,337053
result_trotter_10_Heisenberg2D_cylinder_0.5_0.5_det,outer,2,SA,0.001,0,Double,No_MSF,749,100400
result_trotter_10_Heisenberg2D_cylinder_0.5_0.5_det,outer,2,SA,0.001,0,Double,No_Top,749,74900
result_trotter_10_Heisenberg2D_cylinder_0.5_0.5_det,outer,2,SA,0.001,0,Double,No_MP,750,112065
result_trotter_10_Heisenberg2D_cylinder_0.5_0.5_det,outer,2,SA,0.001,0,Double,No_Kink,1042,434402
result_trotter_10_Heisenberg2D_cylinder_0.5_0.5_det,outer,2,SA,0.001,0,Double,Yes_Kink,1140,449669
result_trotter_10_Heisenberg2D_cylinder_0.5_0.5_det,outer,2,SA,0.001,0,Proj.,No_MSF,390,64500
result_trotter_10_Heisenberg2D_cylinder_0.5_0.5_det,outer,2,SA,0.001,0,Proj.,No_Top,580,58000
result_trotter_10_Heisenberg2D_cylinder_0.5_0.5_det,outer,2,SA,0.001,0,Proj.,No_MP,540,245937
result_trotter_10_Heisenberg2D_cylinder_0.5_0.5_det,outer,2,SA,0.001,0,Proj.,No_Kink,1001,550330
result_trotter_10_Heisenberg2D_cylinder_0.5_0.5_det,outer,2,SA,0.001,0,Proj.,Yes_Kink,1058,594441
result_trotter_10_Heisenberg2D_cylinder_0.5_0.5_det,inner,2,SA,0.1,0,Single,No_MSF,756,101100
result_trotter_10_Heisenberg2D_cylinder_0.5_0.5_det,inner,2,SA,0.1,0,Single,No_Top,756,75600
result_trotter_10_Heisenberg2D_cylinder_0.5_0.5_det,inner,2,SA,0.1,0,Single,No_MP,757,111892
result_trotter_10_Heisenberg2D_cylinder_0.5_0.5_det,inner,2,SA,0.1,0,Single,No_Kink,758,165215
result_trotter_10_Heisenberg2D_cylinder_0.5_0.5_det,inner,2,SA,0.1,0,Single,Yes_Kink,761,173444
result_trotter_10_Heisenberg2D_cylinder_0.5_0.5_det,inner,2,SA,0.1,0,Double,No_MSF,749,100400
result_trotter_10_Heisenberg2D_cylinder_0.5_0.5_det,inner,2,SA,0.1,0,Double,No_Top,749,74900
result_trotter_10_Heisenberg2D_cylinder_0.5_0.5_det,inner,2,SA,0.1,0,Double,No_MP,750,112772
result_trotter_10_Heisenberg2D_cylinder_0.5_0.5_det,inner,2,SA,0.1,0,Double,No_Kink,778,236958
result_trotter_10_Heisenberg2D_cylinder_0.5_0.5_det,inner,2,SA,0.1,0,Double,Yes_Kink,797,233370
result_trotter_10_Heisenberg2D_cylinder_0.5_0.5_det,inner,2,SA,0.1,0,Proj.,No_MSF,390,64500
result_trotter_10_Heisenberg2D_cylinder_0.5_0.5_det,inner,2,SA,0.1,0,Proj.,No_Top,580,58000
result_trotter_10_Heisenberg2D_cylinder_0.5_0.5_det,inner,2,SA,0.1,0,Proj.,No_MP,519,244257
result_trotter_10_Heisenberg2D_cylinder_0.5_0.5_det,inner,2,SA,0.1,0,Proj.,No_Kink,782,427034
result_trotter_10_Heisenberg2D_cylinder_0.5_0.5_det,inner,2,SA,0.1,0,Proj.,Yes_Kink,872,476401
result_SELECT_10_Heisenberg2D_cylinder_0.5_0.5_6,outer,2,SA,1.0,4,Single,No_MSF,211,307392
result_SELECT_10_Heisenberg2D_cylinder_0.5_0.5_6,outer,2,SA,1.0,4,Single,No_Top,233,330144
result_SELECT_10_Heisenberg2D_cylinder_0.5_0.5_6,outer,2,SA,1.0,4,Single,No_MP,211,414270
result_SELECT_10_Heisenberg2D_cylinder_0.5_0.5_6,outer,2,SA,1.0,4,Single,No_Kink,238,571287
result_SELECT_10_Heisenberg2D_cylinder_0.5_0.5_6,outer,2,SA,1.0,4,Single,Yes_Kink,242,590647
result_SELECT_10_Heisenberg2D_cylinder_0.5_0.5_6,outer,2,SA,1.0,4,Double,No_MSF,177,262784
result_SELECT_10_Heisenberg2D_cylinder_0.5_0.5_6,outer,2,SA,1.0,4,Double,No_Top,219,311776
result_SELECT_10_Heisenberg2D_cylinder_0.5_0.5_6,outer,2,SA,1.0,4,Double,No_MP,179,381099
result_SELECT_10_Heisenberg2D_cylinder_0.5_0.5_6,outer,2,SA,1.0,4,Double,No_Kink,219,567017
result_SELECT_10_Heisenberg2D_cylinder_0.5_0.5_6,outer,2,SA,1.0,4,Double,Yes_Kink,225,580509
result_SELECT_10_Heisenberg2D_cylinder_0.5_0.5_6,outer,2,SA,1.0,4,Proj.,No_MSF,108,172256
result_SELECT_10_Heisenberg2D_cylinder_0.5_0.5_6,outer,2,SA,1.0,4,Proj.,No_Top,205,293408
result_SELECT_10_Heisenberg2D_cylinder_0.5_0.5_6,outer,2,SA,1.0,4,Proj.,No_MP,129,556423
result_SELECT_10_Heisenberg2D_cylinder_0.5_0.5_6,outer,2,SA,1.0,4,Proj.,No_Kink,220,993850
result_SELECT_10_Heisenberg2D_cylinder_0.5_0.5_6,outer,2,SA,1.0,4,Proj.,Yes_Kink,216,988936
result_trotter_10_Heisenberg2D_cylinder_0.5_0.5_rand,outer,2,SA,0.001,0,Single,No_MSF,744,99900
result_trotter_10_Heisenberg2D_cylinder_0.5_0.5_rand,outer,2,SA,0.001,0,Single,No_Top,744,74400
result_trotter_10_Heisenberg2D_cylinder_0.5_0.5_rand,outer,2,SA,0.001,0,Single,No_MP,744,109236
result_trotter_10_Heisenberg2D_cylinder_0.5_0.5_rand,outer,2,SA,0.001,0,Single,No_Kink,1008,323806
result_trotter_10_Heisenberg2D_cylinder_0.5_0.5_rand,outer,2,SA,0.001,0,Single,Yes_Kink,987,319559
result_trotter_10_Heisenberg2D_cylinder_0.5_0.5_rand,outer,2,SA,0.001,0,Double,No_MSF,721,97600
result_trotter_10_Heisenberg2D_cylinder_0.5_0.5_rand,outer,2,SA,0.001,0,Double,No_Top,721,72100
result_trotter_10_Heisenberg2D_cylinder_0.5_0.5_rand,outer,2,SA,0.001,0,Double,No_MP,721,108943
result_trotter_10_Heisenberg2D_cylinder_0.5_0.5_rand,outer,2,SA,0.001,0,Double,No_Kink,1024,412158
result_trotter_10_Heisenberg2D_cylinder_0.5_0.5_rand,outer,2,SA,0.001,0,Double,Yes_Kink,1121,425752
result_trotter_10_Heisenberg2D_cylinder_0.5_0.5_rand,outer,2,SA,0.001,0,Proj.,No_MSF,390,64500
result_trotter_10_Heisenberg2D_cylinder_0.5_0.5_rand,outer,2,SA,0.001,0,Proj.,No_Top,580,58000
result_trotter_10_Heisenberg2D_cylinder_0.5_0.5_rand,outer,2,SA,0.001,0,Proj.,No_MP,479,231340
result_trotter_10_Heisenberg2D_cylinder_0.5_0.5_rand,outer,2,SA,0.001,0,Proj.,No_Kink,877,518939
result_trotter_10_Heisenberg2D_cylinder_0.5_0.5_rand,outer,2,SA,0.001,0,Proj.,Yes_Kink,1004,586796
result_SELECT_10_Heisenberg2D_cylinder_0.5_0.5_6,inner,2,naive,0.0,10,Single,No_MSF,211,344064
result_SELECT_10_Heisenberg2D_cylinder_0.5_0.5_6,inner,2,naive,0.0,10,Single,No_Top,463,668576
result_SELECT_10_Heisenberg2D_cylinder_0.5_0.5_6,inner,2,naive,0.0,10,Single,No_MP,315,827086
result_SELECT_10_Heisenberg2D_cylinder_0.5_0.5_6,inner,2,naive,0.0,10,Single,No_Kink,504,1204743
result_SELECT_10_Heisenberg2D_cylinder_0.5_0.5_6,inner,2,naive,0.0,10,Single,Yes_Kink,501,1215180
result_SELECT_10_Heisenberg2D_cylinder_0.5_0.5_6,inner,2,naive,0.0,10,Double,No_MSF,177,299456
result_SELECT_10_Heisenberg2D_cylinder_0.5_0.5_6,inner,2,naive,0.0,10,Double,No_Top,454,656768
result_SELECT_10_Heisenberg2D_cylinder_0.5_0.5_6,inner,2,naive,0.0,10,Double,No_MP,272,785681
result_SELECT_10_Heisenberg2D_cylinder_0.5_0.5_6,inner,2,naive,0.0,10,Double,No_Kink,478,1188485
result_SELECT_10_Heisenberg2D_cylinder_0.5_0.5_6,inner,2,naive,0.0,10,Double,Yes_Kink,478,1196240
result_SELECT_10_Heisenberg2D_cylinder_0.5_0.5_6,inner,2,naive,0.0,10,Proj.,No_MSF,108,208928
result_SELECT_10_Heisenberg2D_cylinder_0.5_0.5_6,inner,2,naive,0.0,10,Proj.,No_Top,451,652832
result_SELECT_10_Heisenberg2D_cylinder_0.5_0.5_6,inner,2,naive,0.0,10,Proj.,No_MP,178,940002
result_SELECT_10_Heisenberg2D_cylinder_0.5_0.5_6,inner,2,naive,0.0,10,Proj.,No_Kink,554,2485868
result_SELECT_10_Heisenberg2D_cylinder_0.5_0.5_6,inner,2,naive,0.0,10,Proj.,Yes_Kink,561,2503516
result_SELECT_100_random_local_OBC_0_0_6,inner,2,random,0.0,2,Single,No_MSF,247,306944
result_SELECT_100_random_local_OBC_0_0_6,inner,2,random,0.0,2,Single,No_Top,247,302112
result_SELECT_100_random_local_OBC_0_0_6,inner,2,random,0.0,2,Single,No_MP,279,808896
result_SELECT_100_random_local_OBC_0_0_6,inner,2,random,0.0,2,Single,No_Kink,288,844190
result_SELECT_100_random_local_OBC_0_0_6,inner,2,random,0.0,2,Single,Yes_Kink,293,855586
result_SELECT_100_random_local_OBC_0_0_6,inner,2,random,0.0,2,Double,No_MSF,192,241824
result_SELECT_100_random_local_OBC_0_0_6,inner,2,random,0.0,2,Double,No_Top,193,238176
result_SELECT_100_random_local_OBC_0_0_6,inner,2,random,0.0,2,Double,No_MP,232,771364
result_SELECT_100_random_local_OBC_0_0_6,inner,2,random,0.0,2,Double,No_Kink,242,821585
result_SELECT_100_random_local_OBC_0_0_6,inner,2,random,0.0,2,Double,Yes_Kink,246,832707
result_SELECT_100_random_local_OBC_0_0_6,inner,2,random,0.0,2,Proj.,No_MSF,128,166048
result_SELECT_100_random_local_OBC_0_0_6,inner,2,random,0.0,2,Proj.,No_Top,128,161216
result_SELECT_100_random_local_OBC_0_0_6,inner,2,random,0.0,2,Proj.,No_MP,185,874957
result_SELECT_100_random_local_OBC_0_0_6,inner,2,random,0.0,2,Proj.,No_Kink,200,943968
result_SELECT_100_random_local_OBC_0_0_6,inner,2,random,0.0,2,Proj.,Yes_Kink,206,971142
result_trotter_10_Heisenberg2D_cylinder_0.5_0.5_det,inner,1,random,0.0,2,Single,No_MSF,756,152100
result_trotter_10_Heisenberg2D_cylinder_0.5_0.5_det,inner,1,random,0.0,2,Single,No_Top,1742,225200
result_trotter_10_Heisenberg2D_cylinder_0.5_0.5_det,inner,1,random,0.0,2,Single,No_MP,775,192938
result_trotter_10_Heisenberg2D_cylinder_0.5_0.5_det,inner,1,random,0.0,2,Single,No_Kink,1817,454792
result_trotter_10_Heisenberg2D_cylinder_0.5_0.5_det,inner,1,random,0.0,2,Double,No_MSF,749,151400
result_trotter_10_Heisenberg2D_cylinder_0.5_0.5_det,inner,1,random,0.0,2,Double,No_Top,1740,225000
result_trotter_10_Heisenberg2D_cylinder_0.5_0.5_det,inner,1,random,0.0,2,Double,No_MP,754,192557
result_trotter_10_Heisenberg2D_cylinder_0.5_0.5_det,inner,1,random,0.0,2,Double,No_Kink,1775,495845
result_trotter_10_Heisenberg2D_cylinder_0.5_0.5_det,inner,1,random,0.0,2,Double,Yes_Kink,1797,503603
result_trotter_10_Heisenberg2D_cylinder_0.5_0.5_det,inner,1,random,0.0,2,Proj.,No_MSF,390,115500
result_trotter_10_Heisenberg2D_cylinder_0.5_0.5_det,inner,1,random,0.0,2,Proj.,No_Top,1740,225000
result_trotter_10_Heisenberg2D_cylinder_0.5_0.5_det,inner,1,random,0.0,2,Proj.,No_MP,591,292680
result_trotter_10_Heisenberg2D_cylinder_0.5_0.5_det,inner,1,random,0.0,2,Proj.,No_Kink,1983,822515
result_trotter_10_Heisenberg2D_cylinder_0.5_0.5_det,inner,1,random,0.0,2,Proj.,Yes_Kink,2035,829188
result_SELECT_10_Heisenberg2D_cylinder_0.5_0.5_6,inner,2,SA,0.1,6,Single,No_MSF,211,319616
result_SELECT_10_Heisenberg2D_cylinder_0.5_0.5_6,inner,2,SA,0.1,6,Single,No_Top,307,439456
result_SELECT_10_Heisenberg2D_cylinder_0.5_0.5_6,inner,2,SA,0.1,6,Single,No_MP,211,423526
result_SELECT_10_Heisenberg2D_cylinder_0.5_0.5_6,inner,2,SA,0.1,6,Single,No_Kink,308,673314
result_SELECT_10_Heisenberg2D_cylinder_0.5_0.5_6,inner,2,SA,0.1,6,Single,Yes_Kink,308,688839
result_SELECT_10_Heisenberg2D_cylinder_0.5_0.5_6,inner,2,SA,0.1,6,Double,No_MSF,177,275008
result_SELECT_10_Heisenberg2D_cylinder_0.5_0.5_6,inner,2,SA,0.1,6,Double,No_Top,295,423712
result_SELECT_10_Heisenberg2D_cylinder_0.5_0.5_6,inner,2,SA,0.1,6,Double,No_MP,181,394269
result_SELECT_10_Heisenberg2D_cylinder_0.5_0.5_6,inner,2,SA,0.1,6,Double,No_Kink,295,672437
result_SELECT_10_Heisenberg2D_cylinder_0.5_0.5_6,inner,2,SA,0.1,6,Double,Yes_Kink,298,681449
result_SELECT_10_Heisenberg2D_cylinder_0.5_0.5_6,inner,2,SA,0.1,6,Proj.,No_MSF,108,184480
result_SELECT_10_Heisenberg2D_cylinder_0.5_0.5_6,inner,2,SA,0.1,6,Proj.,No_Top,287,413216
result_SELECT_10_Heisenberg2D_cylinder_0.5_0.5_6,inner,2,SA,0.1,6,Proj.,No_MP,128,618842
result_SELECT_10_Heisenberg2D_cylinder_0.5_0.5_6,inner,2,SA,0.1,6,Proj.,No_Kink,336,1402973
result_SELECT_10_Heisenberg2D_cylinder_0.5_0.5_6,inner,2,SA,0.1,6,Proj.,Yes_Kink,343,1399229
result_SELECT_10_Heisenberg2D_cylinder_0.5_0.5_6,inner,1,SA,0.1,10,Single,No_MSF,211,344064
result_SELECT_10_Heisenberg2D_cylinder_0.5_0.5_6,inner,1,SA,0.1,10,Single,No_Top,463,668576
result_SELECT_10_Heisenberg2D_cylinder_0.5_0.5_6,inner,1,SA,0.1,10,Single,No_MP,214,492802
result_SELECT_10_Heisenberg2D_cylinder_0.5_0.5_6,inner,1,SA,0.1,10,Single,No_Kink,459,1045746
result_SELECT_10_Heisenberg2D_cylinder_0.5_0.5_6,inner,1,SA,0.1,10,Double,No_MSF,177,299456
result_SELECT_10_Heisenberg2D_cylinder_0.5_0.5_6,inner,1,SA,0.1,10,Double,No_Top,454,656768
result_SELECT_10_Heisenberg2D_cylinder_0.5_0.5_6,inner,1,SA,0.1,10,Double,No_MP,181,447455
result_SELECT_10_Heisenberg2D_cylinder_0.5_0.5_6,inner,1,SA,0.1,10,Double,No_Kink,451,1032250
result_SELECT_10_Heisenberg2D_cylinder_0.5_0.5_6,inner,1,SA,0.1,10,Double,Yes_Kink,452,1027538
result_SELECT_10_Heisenberg2D_cylinder_0.5_0.5_6,inner,1,SA,0.1,10,Proj.,No_MSF,108,208928
result_SELECT_10_Heisenberg2D_cylinder_0.5_0.5_6,inner,1,SA,0.1,10,Proj.,No_Top,451,652832
result_SELECT_10_Heisenberg2D_cylinder_0.5_0.5_6,inner,1,SA,0.1,10,Proj.,No_MP,130,638926
result_SELECT_10_Heisenberg2D_cylinder_0.5_0.5_6,inner,1,SA,0.1,10,Proj.,No_Kink,2068,6403537
result_SELECT_10_Heisenberg2D_cylinder_0.5_0.5_6,inner,1,SA,0.1,10,Proj.,Yes_Kink,2178,6513041
result_trotter_10_Heisenberg2D_cylinder_0.5_0.5_det,outer,2,SA,0.01,2,Single,No_MSF,756,152100
result_trotter_10_Heisenberg2D_cylinder_0.5_0.5_det,outer,2,SA,0.01,2,Single,No_Top,1742,225200
result_trotter_10_Heisenberg2D_cylinder_0.5_0.5_det,outer,2,SA,0.01,2,Single,No_MP,757,161972
result_trotter_10_Heisenberg2D_cylinder_0.5_0.5_det,outer,2,SA,0.01,2,Single,No_Kink,1752,511041
result_trotter_10_Heisenberg2D_cylinder_0.5_0.5_det,outer,2,SA,0.01,2,Single,Yes_Kink,1762,513609
result_trotter_10_Heisenberg2D_cylinder_0.5_0.5_det,outer,2,SA,0.01,2,Double,No_MSF,749,151400
result_trotter_10_Heisenberg2D_cylinder_0.5_0.5_det,outer,2,SA,0.01,2,Double,No_Top,1740,225000
result_trotter_10_Heisenberg2D_cylinder_0.5_0.5_det,outer,2,SA,0.01,2,Double,No_MP,750,163060
result_trotter_10_Heisenberg2D_cylinder_0.5_0.5_det,outer,2,SA,0.01,2,Double,No_Kink,1741,535165
result_trotter_10_Heisenberg2D_cylinder_0.5_0.5_det,outer,2,SA,0.01,2,Double,Yes_Kink,1743,541957
result_trotter_10_Heisenberg2D_cylinder_0.5_0.5_det,outer,2,SA,0.01,2,Proj.,No_MSF,390,115500
result_trotter_10_Heisenberg2D_cylinder_0.5_0.5_det,outer,2,SA,0.01,2,Proj.,No_Top,1740,225000
result_trotter_10_Heisenberg2D_cylinder_0.5_0.5_det,outer,2,SA,0.01,2,Proj.,No_MP,558,304919
result_trotter_10_Heisenberg2D_cylinder_0.5_0.5_det,outer,2,SA,0.01,2,Proj.,No_Kink,1822,1104770
result_trotter_10_Heisenberg2D_cylinder_0.5_0.5_det,outer,2,SA,0.01,2,Proj.,Yes_Kink,1851,1106320
result_SELECT_10_Heisenberg2D_cylinder_0.5_0.5_2,inner,2,SA,0.1,0,Single,No_MSF,2072,394080
result_SELECT_10_Heisenberg2D_cylinder_0.5_0.5_2,inner,2,SA,0.1,0,Single,No_Top,2072,389536
result_SELECT_10_Heisenberg2D_cylinder_0.5_0.5_2,inner,2,SA,0.1,0,Single,No_MP,2072,428824
result_SELECT_10_Heisenberg2D_cylinder_0.5_0.5_2,inner,2,SA,0.1,0,Single,No_Kink,2072,440503
result_SELECT_10_Heisenberg2D_cylinder_0.5_0.5_2,inner,2,SA,0.1,0,Single,Yes_Kink,2072,454263
result_SELECT_10_Heisenberg2D_cylinder_0.5_0.5_2,inner,2,SA,0.1,0,Double,No_MSF,1921,365692
result_SELECT_10_Heisenberg2D_cylinder_0.5_0.5_2,inner,2,SA,0.1,0,Double,No_Top,1921,361148
result_SELECT_10_Heisenberg2D_cylinder_0.5_0.5_2,inner,2,SA,0.1,0,Double,No_MP,1921,408984
result_SELECT_10_Heisenberg2D_cylinder_0.5_0.5_2,inner,2,SA,0.1,0,Double,No_Kink,1921,427255
result_SELECT_10_Heisenberg2D_cylinder_0.5_0.5_2,inner,2,SA,0.1,0,Double,Yes_Kink,1924,427750
result_SELECT_10_Heisenberg2D_cylinder_0.5_0.5_2,inner,2,SA,0.1,0,Proj.,No_MSF,1668,318128
result_SELECT_10_Heisenberg2D_cylinder_0.5_0.5_2,inner,2,SA,0.1,0,Proj.,No_Top,1668,313584
result_SELECT_10_Heisenberg2D_cylinder_0.5_0.5_2,inner,2,SA,0.1,0,Proj.,No_MP,1671,1007945
result_SELECT_10_Heisenberg2D_cylinder_0.5_0.5_2,inner,2,SA,0.1,0,Proj.,No_Kink,1675,1279992
result_SELECT_10_Heisenberg2D_cylinder_0.5_0.5_2,inner,2,SA,0.1,0,Proj.,Yes_Kink,1692,1244791
result_SELECT_10_Heisenberg2D_cylinder_0.5_0.5_2,outer,1,SA,0.01,0,Single,No_MSF,2072,394080
result_SELECT_10_Heisenberg2D_cylinder_0.5_0.5_2,outer,1,SA,0.01,0,Single,No_Top,2072,389536
result_SELECT_10_Heisenberg2D_cylinder_0.5_0.5_2,outer,1,SA,0.01,0,Single,No_MP,2072,436142
result_SELECT_10_Heisenberg2D_cylinder_0.5_0.5_2,outer,1,SA,0.01,0,Single,No_Kink,2072,479604
result_SELECT_10_Heisenberg2D_cylinder_0.5_0.5_2,outer,1,SA,0.01,0,Double,No_MSF,1921,365692
result_SELECT_10_Heisenberg2D_cylinder_0.5_0.5_2,outer,1,SA,0.01,0,Double,No_Top,1921,361148
result_SELECT_10_Heisenberg2D_cylinder_0.5_0.5_2,outer,1,SA,0.01,0,Double,No_MP,1921,415945
result_SELECT_10_Heisenberg2D_cylinder_0.5_0.5_2,outer,1,SA,0.01,0,Double,No_Kink,1921,464662
result_SELECT_10_Heisenberg2D_cylinder_0.5_0.5_2,outer,1,SA,0.01,0,Double,Yes_Kink,1926,464636
result_SELECT_10_Heisenberg2D_cylinder_0.5_0.5_2,outer,1,SA,0.01,0,Proj.,No_MSF,1668,318128
result_SELECT_10_Heisenberg2D_cylinder_0.5_0.5_2,outer,1,SA,0.01,0,Proj.,No_Top,1668,313584
result_SELECT_10_Heisenberg2D_cylinder_0.5_0.5_2,outer,1,SA,0.01,0,Proj.,No_MP,1671,994862
result_SELECT_10_Heisenberg2D_cylinder_0.5_0.5_2,outer,1,SA,0.01,0,Proj.,No_Kink,1680,1247433
result_SELECT_10_Heisenberg2D_cylinder_0.5_0.5_2,outer,1,SA,0.01,0,Proj.,Yes_Kink,1684,1236300
result_trotter_10_Heisenberg2D_cylinder_0.5_0.5_rand,inner,2,SA,1.0,2,Single,No_MSF,744,150900
result_trotter_10_Heisenberg2D_cylinder_0.5_0.5_rand,inner,2,SA,1.0,2,Single,No_Top,1742,225200
result_trotter_10_Heisenberg2D_cylinder_0.5_0.5_rand,inner,2,SA,1.0,2,Single,No_MP,744,161340
result_trotter_10_Heisenberg2D_cylinder_0.5_0.5_rand,inner,2,SA,1.0,2,Single,No_Kink,1742,366370
result_trotter_10_Heisenberg2D_cylinder_0.5_0.5_rand,inner,2,SA,1.0,2,Single,Yes_Kink,1742,376689
result_trotter_10_Heisenberg2D_cylinder_0.5_0.5_rand,inner,2,SA,1.0,2,Double,No_MSF,721,148600
result_trotter_10_Heisenberg2D_cylinder_0.5_0.5_rand,inner,2,SA,1.0,2,Double,No_Top,1740,225000
result_trotter_10_Heisenberg2D_cylinder_0.5_0.5_rand,inner,2,SA,1.0,2,Double,No_MP,722,161091
result_trotter_10_Heisenberg2D_cylinder_0.5_0.5_rand,inner,2,SA,1.0,2,Double,No_Kink,1741,359448
result_trotter_10_Heisenberg2D_cylinder_0.5_0.5_rand,inner,2,SA,1.0,2,Double,Yes_Kink,1741,369962
result_trotter_10_Heisenberg2D_cylinder_0.5_0.5_rand,inner,2,SA,1.0,2,Proj.,No_MSF,390,115500
result_trotter_10_Heisenberg2D_cylinder_0.5_0.5_rand,inner,2,SA,1.0,2,Proj.,No_Top,1740,225000
result_trotter_10_Heisenberg2D_cylinder_0.5_0.5_rand,inner,2,SA,1.0,2,Proj.,No_MP,488,280907
result_trotter_10_Heisenberg2D_cylinder_0.5_0.5_rand,inner,2,SA,1.0,2,Proj.,No_Kink,1882,1132032
result_trotter_10_Heisenberg2D_cylinder_0.5_0.5_rand,inner,2,SA,1.0,2,Proj.,Yes_Kink,1880,1124527
result_SELECT_10_Heisenberg2D_cylinder_0.5_0.5_6,inner,2,SA,0.01,10,Single,No_MSF,211,344064
result_SELECT_10_Heisenberg2D_cylinder_0.5_0.5_6,inner,2,SA,0.01,10,Single,No_Top,463,668576
result_SELECT_10_Heisenberg2D_cylinder_0.5_0.5_6,inner,2,SA,0.01,10,Single,No_MP,211,444122
result_SELECT_10_Heisenberg2D_cylinder_0.5_0.5_6,inner,2,SA,0.01,10,Single,No_Kink,463,921737
result_SELECT_10_Heisenberg2D_cylinder_0.5_0.5_6,inner,2,SA,0.01,10,Single,Yes_Kink,461,928973
result_SELECT_10_Heisenberg2D_cylinder_0.5_0.5_6,inner,2,SA,0.01,10,Double,No_MSF,177,299456
result_SELECT_10_Heisenberg2D_cylinder_0.5_0.5_6,inner,2,SA,0.01,10,Double,No_Top,454,656768
result_SELECT_10_Heisenberg2D_cylinder_0.5_0.5_6,inner,2,SA,0.01,10,Double,No_MP,178,411098
result_SELECT_10_Heisenberg2D_cylinder_0.5_0.5_6,inner,2,SA,0.01,10,Double,No_Kink,455,935767
result_SELECT_10_Heisenberg2D_cylinder_0.5_0.5_6,inner,2,SA,0.01,10,Double,Yes_Kink,456,935007
result_SELECT_10_Heisenberg2D_cylinder_0.5_0.5_6,inner,2,SA,0.01,10,Proj.,No_MSF,108,208928
result_SELECT_10_Heisenberg2D_cylinder_0.5_0.5_6,inner,2,SA,0.01,10,Proj.,No_Top,451,652832
result_SELECT_10_Heisenberg2D_cylinder_0.5_0.5_6,inner,2,SA,0.01,10,Proj.,No_MP,131,640609
result_SELECT_10_Heisenberg2D_cylinder_0.5_0.5_6,inner,2,SA,0.01,10,Proj.,No_Kink,1804,5885894
result_SELECT_10_Heisenberg2D_cylinder_0.5_0.5_6,inner,2,SA,0.01,10,Proj.,Yes_Kink,1738,5614662
result_SELECT_10_Heisenberg2D_cylinder_0.5_0.5_6,outer,2,naive,0.0,8,Single,No_MSF,211,331840
result_SELECT_10_Heisenberg2D_cylinder_0.5_0.5_6,outer,2,naive,0.0,8,Single,No_Top,383,551392
result_SELECT_10_Heisenberg2D_cylinder_0.5_0.5_6,outer,2,naive,0.0,8,Single,No_MP,352,899922
result_SELECT_10_Heisenberg2D_cylinder_0.5_0.5_6,outer,2,naive,0.0,8,Single,No_Kink,553,1378749
result_SELECT_10_Heisenberg2D_cylinder_0.5_0.5_6,outer,2,naive,0.0,8,Single,Yes_Kink,524,1364407
result_SELECT_10_Heisenberg2D_cylinder_0.5_0.5_6,outer,2,naive,0.0,8,Double,No_MSF,177,287232
result_SELECT_10_Heisenberg2D_cylinder_0.5_0.5_6,outer,2,naive,0.0,8,Double,No_Top,374,539584
result_SELECT_10_Heisenberg2D_cylinder_0.5_0.5_6,outer,2,naive,0.0,8,Double,No_MP,301,850353
result_SELECT_10_Heisenberg2D_cylinder_0.5_0.5_6,outer,2,naive,0.0,8,Double,No_Kink,496,1342316
result_SELECT_10_Heisenberg2D_cylinder_0.5_0.5_6,outer,2,naive,0.0,8,Double,Yes_Kink,496,1342977
result_SELECT_10_Heisenberg2D_cylinder_0.5_0.5_6,outer,2,naive,0.0,8,Proj.,No_MSF,108,196704
result_SELECT_10_Heisenberg2D_cylinder_0.5_0.5_6,outer,2,naive,0.0,8,Proj.,No_Top,369,533024
result_SELECT_10_Heisenberg2D_cylinder_0.5_0.5_6,outer,2,naive,0.0,8,Proj.,No_MP,199,1022884
result_SELECT_10_Heisenberg2D_cylinder_0.5_0.5_6,outer,2,naive,0.0,8,Proj.,No_Kink,486,2287684
result_SELECT_10_Heisenberg2D_cylinder_0.5_0.5_6,outer,2,naive,0.0,8,Proj.,Yes_Kink,459,2186312
result_trotter_10_Heisenberg2D_cylinder_0.5_0.5_det,outer,2,random,0.0,0,Single,No_MSF,756,101100
result_trotter_10_Heisenberg2D_cylinder_0.5_0.5_det,outer,2,random,0.0,0,Single,No_Top,756,75600
result_trotter_10_Heisenberg2D_cylinder_0.5_0.5_det,outer,2,random,0.0,0,Single,No_MP,762,129792
result_trotter_10_Heisenberg2D_cylinder_0.5_0.5_det,outer,2,random,0.0,0,Single,No_Kink,883,321425
result_trotter_10_Heisenberg2D_cylinder_0.5_0.5_det,outer,2,random,0.0,0,Single,Yes_Kink,905,325498
result_trotter_10_Heisenberg2D_cylinder_0.5_0.5_det,outer,2,random,0.0,0,Double,No_MSF,749,100400
result_trotter_10_Heisenberg2D_cylinder_0.5_0.5_det,outer,2,random,0.0,0,Double,No_Top,749,74900
result_trotter_10_Heisenberg2D_cylinder_0.5_0.5_det,outer,2,random,0.0,0,Double,No_MP,750,129958
result_trotter_10_Heisenberg2D_cylinder_0.5_0.5_det,outer,2,random,0.0,0,Double,No_Kink,966,411900
result_trotter_10_Heisenberg2D_cylinder_0.5_0.5_det,outer,2,random,0.0,0,Double,Yes_Kink,1033,415522
result_trotter_10_Heisenberg2D_cylinder_0.5_0.5_det,outer,2,random,0.0,0,Proj.,No_MSF,390,64500
result_trotter_10_Heisenberg2D_cylinder_0.5_0.5_det,outer,2,random,0.0,0,Proj.,No_Top,580,58000
result_trotter_10_Heisenberg2D_cylinder_0.5_0.5_det,outer,2,random,0.0,0,Proj.,No_MP,556,278640
result_trotter_10_Heisenberg2D_cylinder_0.5_0.5_det,outer,2,random,0.0,0,Proj.,No_Kink,1013,570230
result_trotter_10_Heisenberg2D_cylinder_0.5_0.5_det,outer,2,random,0.0,0,Proj.,Yes_Kink,1069,602523
result_SELECT_100_random_local_OBC_0_0_6,inner,1,SA,0.01,2,Single,No_MSF,247,306944
result_SELECT_100_random_local_OBC_0_0_6,inner,1,SA,0.01,2,Single,No_Top,247,302112
result_SELECT_100_random_local_OBC_0_0_6,inner,1,SA,0.01,2,Single,No_MP,410,699776
result_SELECT_100_random_local_OBC_0_0_6,inner,1,SA,0.01,2,Single,No_Kink,475,854746
result_SELECT_100_random_local_OBC_0_0_6,inner,1,SA,0.01,2,Double,No_MSF,192,241824
result_SELECT_100_random_local_OBC_0_0_6,inner,1,SA,0.01,2,Double,No_Top,193,238176
result_SELECT_100_random_local_OBC_0_0_6,inner,1,SA,0.01,2,Double,No_MP,334,626941
result_SELECT_100_random_local_OBC_0_0_6,inner,1,SA,0.01,2,Double,No_Kink,395,801519
result_SELECT_100_random_local_OBC_0_0_6,inner,1,SA,0.01,2,Double,Yes_Kink,403,815772
result_SELECT_100_random_local_OBC_0_0_6,inner,1,SA,0.01,2,Proj.,No_MSF,128,166048
result_SELECT_100_random_local_OBC_0_0_6,inner,1,SA,0.01,2,Proj.,No_Top,128,161216
result_SELECT_100_random_local_OBC_0_0_6,inner,1,SA,0.01,2,Proj.,No_MP,219,898730
result_SELECT_100_random_local_OBC_0_0_6,inner,1,SA,0.01,2,Proj.,No_Kink,286,1176072
result_SELECT_100_random_local_OBC_0_0_6,inner,1,SA,0.01,2,Proj.,Yes_Kink,302,1237161
result_trotter_10_Heisenberg2D_cylinder_0.5_0.5_rand,outer,1,SA,0.001,2,Single,No_MSF,744,150900
result_trotter_10_Heisenberg2D_cylinder_0.5_0.5_rand,outer,1,SA,0.001,2,Single,No_Top,1742,225200
result_trotter_10_Heisenberg2D_cylinder_0.5_0.5_rand,outer,1,SA,0.001,2,Single,No_MP,744,162242
result_trotter_10_Heisenberg2D_cylinder_0.5_0.5_rand,outer,1,SA,0.001,2,Single,No_Kink,1764,474198
result_trotter_10_Heisenberg2D_cylinder_0.5_0.5_rand,outer,1,SA,0.001,2,Double,No_MSF,721,148600
result_trotter_10_Heisenberg2D_cylinder_0.5_0.5_rand,outer,1,SA,0.001,2,Double,No_Top,1740,225000
result_trotter_10_Heisenberg2D_cylinder_0.5_0.5_rand,outer,1,SA,0.001,2,Double,No_MP,721,161243
result_trotter_10_Heisenberg2D_cylinder_0.5_0.5_rand,outer,1,SA,0.001,2,Double,No_Kink,1742,507760
result_trotter_10_Heisenberg2D_cylinder_0.5_0.5_rand,outer,1,SA,0.001,2,Double,Yes_Kink,1749,538067
result_trotter_10_Heisenberg2D_cylinder_0.5_0.5_rand,outer,1,SA,0.001,2,Proj.,No_MSF,390,115500
result_trotter_10_Heisenberg2D_cylinder_0.5_0.5_rand,outer,1,SA,0.001,2,Proj.,No_Top,1740,225000
result_trotter_10_Heisenberg2D_cylinder_0.5_0.5_rand,outer,1,SA,0.001,2,Proj.,No_MP,510,253850
result_trotter_10_Heisenberg2D_cylinder_0.5_0.5_rand,outer,1,SA,0.001,2,Proj.,No_Kink,1863,778286
result_trotter_10_Heisenberg2D_cylinder_0.5_0.5_rand,outer,1,SA,0.001,2,Proj.,Yes_Kink,1876,772526
result_SELECT_10_Heisenberg2D_cylinder_0.5_0.5_4,inner,2,SA,0.01,2,Single,No_MSF,571,261360
result_SELECT_10_Heisenberg2D_cylinder_0.5_0.5_4,inner,2,SA,0.01,2,Single,No_Top,571,256464
result_SELECT_10_Heisenberg2D_cylinder_0.5_0.5_4,inner,2,SA,0.01,2,Single,No_MP,571,303906
result_SELECT_10_Heisenberg2D_cylinder_0.5_0.5_4,inner,2,SA,0.01,2,Single,No_Kink,571,326209
result_SELECT_10_Heisenberg2D_cylinder_0.5_0.5_4,inner,2,SA,0.01,2,Single,Yes_Kink,571,342796
result_SELECT_10_Heisenberg2D_cylinder_0.5_0.5_4,inner,2,SA,0.01,2,Double,No_MSF,522,240192
result_SELECT_10_Heisenberg2D_cylinder_0.5_0.5_4,inner,2,SA,0.01,2,Double,No_Top,522,235296
result_SELECT_10_Heisenberg2D_cylinder_0.5_0.5_4,inner,2,SA,0.01,2,Double,No_MP,522,292070
result_SELECT_10_Heisenberg2D_cylinder_0.5_0.5_4,inner,2,SA,0.01,2,Double,No_Kink,525,321861
result_SELECT_10_Heisenberg2D_cylinder_0.5_0.5_4,inner,2,SA,0.01,2,Double,Yes_Kink,541,327475
result_SELECT_10_Heisenberg2D_cylinder_0.5_0.5_4,inner,2,SA,0.01,2,Proj.,No_MSF,420,196128
result_SELECT_10_Heisenberg2D_cylinder_0.5_0.5_4,inner,2,SA,0.01,2,Proj.,No_Top,420,191232
result_SELECT_10_Heisenberg2D_cylinder_0.5_0.5_4,inner,2,SA,0.01,2,Proj.,No_MP,429,700192
result_SELECT_10_Heisenberg2D_cylinder_0.5_0.5_4,inner,2,SA,0.01,2,Proj.,No_Kink,440,776104
result_SELECT_10_Heisenberg2D_cylinder_0.5_0.5_4,inner,2,SA,0.01,2,Proj.,Yes_Kink,442,777379
result_SELECT_10_Heisenberg2D_cylinder_0.5_0.5_2,inner,1,SA,0.1,2,Single,No_MSF,2072,403168
result_SELECT_10_Heisenberg2D_cylinder_0.5_0.5_2,inner,1,SA,0.1,2,Single,No_Top,2072,398624
result_SELECT_10_Heisenberg2D_cylinder_0.5_0.5_2,inner,1,SA,0.1,2,Single,No_MP,2072,443768
result_SELECT_10_Heisenberg2D_cylinder_0.5_0.5_2,inner,1,SA,0.1,2,Single,No_Kink,2073,477372
result_SELECT_10_Heisenberg2D_cylinder_0.5_0.5_2,inner,1,SA,0.1,2,Double,No_MSF,1921,374780
result_SELECT_10_Heisenberg2D_cylinder_0.5_0.5_2,inner,1,SA,0.1,2,Double,No_Top,1921,370236
result_SELECT_10_Heisenberg2D_cylinder_0.5_0.5_2,inner,1,SA,0.1,2,Double,No_MP,1922,422769
result_SELECT_10_Heisenberg2D_cylinder_0.5_0.5_2,inner,1,SA,0.1,2,Double,No_Kink,1923,464018
result_SELECT_10_Heisenberg2D_cylinder_0.5_0.5_2,inner,1,SA,0.1,2,Double,Yes_Kink,1927,466531
result_SELECT_10_Heisenberg2D_cylinder_0.5_0.5_2,inner,1,SA,0.1,2,Proj.,No_MSF,1668,327216
result_SELECT_10_Heisenberg2D_cylinder_0.5_0.5_2,inner,1,SA,0.1,2,Proj.,No_Top,1668,322672
result_SELECT_10_Heisenberg2D_cylinder_0.5_0.5_2,inner,1,SA,0.1,2,Proj.,No_MP,1671,1043392
result_SELECT_10_Heisenberg2D_cylinder_0.5_0.5_2,inner,1,SA,0.1,2,Proj.,No_Kink,1686,1248706
result_SELECT_10_Heisenberg2D_cylinder_0.5_0.5_2,inner,1,SA,0.1,2,Proj.,Yes_Kink,1714,1245593
result_SELECT_10_Heisenberg2D_cylinder_0.5_0.5_1,inner,1,SA,1.0,2,Single,No_MSF,4079,600816
result_SELECT_10_Heisenberg2D_cylinder_0.5_0.5_1,inner,1,SA,1.0,2,Single,No_Top,4080,596480
result_SELECT_10_Heisenberg2D_cylinder_0.5_0.5_1,inner,1,SA,1.0,2,Single,No_MP,4079,644136
result_SELECT_10_Heisenberg2D_cylinder_0.5_0.5_1,inner,1,SA,1.0,2,Single,No_Kink,4080,659514
result_SELECT_10_Heisenberg2D_cylinder_0.5_0.5_1,inner,1,SA,1.0,2,Double,No_MSF,3792,559488
result_SELECT_10_Heisenberg2D_cylinder_0.5_0.5_1,inner,1,SA,1.0,2,Double,No_Top,3793,555152
result_SELECT_10_Heisenberg2D_cylinder_0.5_0.5_1,inner,1,SA,1.0,2,Double,No_MP,3792,611630
result_SELECT_10_Heisenberg2D_cylinder_0.5_0.5_1,inner,1,SA,1.0,2,Double,No_Kink,3862,645883
result_SELECT_10_Heisenberg2D_cylinder_0.5_0.5_1,inner,1,SA,1.0,2,Double,Yes_Kink,3796,638546
result_SELECT_10_Heisenberg2D_cylinder_0.5_0.5_1,inner,1,SA,1.0,2,Proj.,No_MSF,3333,493392
result_SELECT_10_Heisenberg2D_cylinder_0.5_0.5_1,inner,1,SA,1.0,2,Proj.,No_Top,3333,488912
result_SELECT_10_Heisenberg2D_cylinder_0.5_0.5_1,inner,1,SA,1.0,2,Proj.,No_MP,3335,1607751
result_SELECT_10_Heisenberg2D_cylinder_0.5_0.5_1,inner,1,SA,1.0,2,Proj.,No_Kink,3348,1716455
result_SELECT_10_Heisenberg2D_cylinder_0.5_0.5_1,inner,1,SA,1.0,2,Proj.,Yes_Kink,3345,1665283
result_SELECT_10_Heisenberg2D_cylinder_0.5_0.5_6,outer,2,SA,0.001,8,Single,No_MSF,211,331840
result_SELECT_10_Heisenberg2D_cylinder_0.5_0.5_6,outer,2,SA,0.001,8,Single,No_Top,383,551392
result_SELECT_10_Heisenberg2D_cylinder_0.5_0.5_6,outer,2,SA,0.001,8,Single,No_MP,211,430362
result_SELECT_10_Heisenberg2D_cylinder_0.5_0.5_6,outer,2,SA,0.001,8,Single,No_Kink,378,835662
result_SELECT_10_Heisenberg2D_cylinder_0.5_0.5_6,outer,2,SA,0.001,8,Single,Yes_Kink,377,850257
result_SELECT_10_Heisenberg2D_cylinder_0.5_0.5_6,outer,2,SA,0.001,8,Double,No_MSF,177,287232
result_SELECT_10_Heisenberg2D_cylinder_0.5_0.5_6,outer,2,SA,0.001,8,Double,No_Top,374,539584
result_SELECT_10_Heisenberg2D_cylinder_0.5_0.5_6,outer,2,SA,0.001,8,Double,No_MP,179,397752
result_SELECT_10_Heisenberg2D_cylinder_0.5_0.5_6,outer,2,SA,0.001,8,Double,No_Kink,370,829188
result_SELECT_10_Heisenberg2D_cylinder_0.5_0.5_6,outer,2,SA,0.001,8,Double,Yes_Kink,372,833380
result_SELECT_10_Heisenberg2D_cylinder_0.5_0.5_6,outer,2,SA,0.001,8,Proj.,No_MSF,108,196704
result_SELECT_10_Heisenberg2D_cylinder_0.5_0.5_6,outer,2,SA,0.001,8,Proj.,No_Top,369,533024
result_SELECT_10_Heisenberg2D_cylinder_0.5_0.5_6,outer,2,SA,0.001,8,Proj.,No_MP,125,615461
result_SELECT_10_Heisenberg2D_cylinder_0.5_0.5_6,outer,2,SA,0.001,8,Proj.,No_Kink,370,1687060
result_SELECT_10_Heisenberg2D_cylinder_0.5_0.5_6,outer,2,SA,0.001,8,Proj.,Yes_Kink,369,1642434
result_SELECT_10_Heisenberg2D_cylinder_0.5_0.5_0,inner,2,random,0.0,2,Single,No_MSF,8099,1001446
result_SELECT_10_Heisenberg2D_cylinder_0.5_0.5_0,inner,2,random,0.0,2,Single,No_Top,8101,997234
result_SELECT_10_Heisenberg2D_cylinder_0.5_0.5_0,inner,2,random,0.0,2,Single,No_MP,8099,1107104
result_SELECT_10_Heisenberg2D_cylinder_0.5_0.5_0,inner,2,random,0.0,2,Single,No_Kink,8101,1112069
result_SELECT_10_Heisenberg2D_cylinder_0.5_0.5_0,inner,2,random,0.0,2,Single,Yes_Kink,8101,1117012
result_SELECT_10_Heisenberg2D_cylinder_0.5_0.5_0,inner,2,random,0.0,2,Double,No_MSF,7536,932760
result_SELECT_10_Heisenberg2D_cylinder_0.5_0.5_0,inner,2,random,0.0,2,Double,No_Top,7537,928426
result_SELECT_10_Heisenberg2D_cylinder_0.5_0.5_0,inner,2,random,0.0,2,Double,No_MP,7536,1046349
result_SELECT_10_Heisenberg2D_cylinder_0.5_0.5_0,inner,2,random,0.0,2,Double,No_Kink,7537,1055613
result_SELECT_10_Heisenberg2D_cylinder_0.5_0.5_0,inner,2,random,0.0,2,Double,Yes_Kink,7815,1085263
result_SELECT_10_Heisenberg2D_cylinder_0.5_0.5_0,inner,2,random,0.0,2,Proj.,No_MSF,6660,825888
result_SELECT_10_Heisenberg2D_cylinder_0.5_0.5_0,inner,2,random,0.0,2,Proj.,No_Top,6660,821432
result_SELECT_10_Heisenberg2D_cylinder_0.5_0.5_0,inner,2,random,0.0,2,Proj.,No_MP,6660,3271223
result_SELECT_10_Heisenberg2D_cylinder_0.5_0.5_0,inner,2,random,0.0,2,Proj.,No_Kink,6665,3324438
result_SELECT_10_Heisenberg2D_cylinder_0.5_0.5_0,inner,2,random,0.0,2,Proj.,Yes_Kink,6999,3472833
result_SELECT_10_Heisenberg2D_cylinder_0.5_0.5_1,inner,2,SA,0.1,0,Single,No_MSF,4079,591856
result_SELECT_10_Heisenberg2D_cylinder_0.5_0.5_1,inner,2,SA,0.1,0,Single,No_Top,4079,587376
result_SELECT_10_Heisenberg2D_cylinder_0.5_0.5_1,inner,2,SA,0.1,0,Single,No_MP,4079,628527
result_SELECT_10_Heisenberg2D_cylinder_0.5_0.5_1,inner,2,SA,0.1,0,Single,No_Kink,4079,640592
result_SELECT_10_Heisenberg2D_cylinder_0.5_0.5_1,inner,2,SA,0.1,0,Single,Yes_Kink,4079,652584
result_SELECT_10_Heisenberg2D_cylinder_0.5_0.5_1,inner,2,SA,0.1,0,Double,No_MSF,3792,550528
result_SELECT_10_Heisenberg2D_cylinder_0.5_0.5_1,inner,2,SA,0.1,0,Double,No_Top,3792,546048
result_SELECT_10_Heisenberg2D_cylinder_0.5_0.5_1,inner,2,SA,0.1,0,Double,No_MP,3792,595478
result_SELECT_10_Heisenberg2D_cylinder_0.5_0.5_1,inner,2,SA,0.1,0,Double,No_Kink,3793,613619
result_SELECT_10_Heisenberg2D_cylinder_0.5_0.5_1,inner,2,SA,0.1,0,Double,Yes_Kink,3796,619249
result_SELECT_10_Heisenberg2D_cylinder_0.5_0.5_1,inner,2,SA,0.1,0,Proj.,No_MSF,3333,484432
result_SELECT_10_Heisenberg2D_cylinder_0.5_0.5_1,inner,2,SA,0.1,0,Proj.,No_Top,3333,479952
result_SELECT_10_Heisenberg2D_cylinder_0.5_0.5_1,inner,2,SA,0.1,0,Proj.,No_MP,3333,1572057
result_SELECT_10_Heisenberg2D_cylinder_0.5_0.5_1,inner,2,SA,0.1,0,Proj.,No_Kink,3339,1740512
result_SELECT_10_Heisenberg2D_cylinder_0.5_0.5_1,inner,2,SA,0.1,0,Proj.,Yes_Kink,3378,1772721
result_SELECT_10_Heisenberg2D_cylinder_0.5_0.5_4,inner,2,random,0.0,0,Single,No_MSF,571,251568
result_SELECT_10_Heisenberg2D_cylinder_0.5_0.5_4,inner,2,random,0.0,0,Single,No_Top,571,246672
result_SELECT_10_Heisenberg2D_cylinder_0.5_0.5_4,inner,2,random,0.0,0,Single,No_MP,578,465232
result_SELECT_10_Heisenberg2D_cylinder_0.5_0.5_4,inner,2,random,0.0,0,Single,No_Kink,579,476604
result_SELECT_10_Heisenberg2D_cylinder_0.5_0.5_4,inner,2,random,0.0,0,Single,Yes_Kink,581,483474
result_SELECT_10_Heisenberg2D_cylinder_0.5_0.5_4,inner,2,random,0.0,0,Double,No_MSF,522,230400
result_SELECT_10_Heisenberg2D_cylinder_0.5_0.5_4,inner,2,random,0.0,0,Double,No_Top,522,225504
result_SELECT_10_Heisenberg2D_cylinder_0.5_0.5_4,inner,2,random,0.0,0,Double,No_MP,524,443195
result_SELECT_10_Heisenberg2D_cylinder_0.5_0.5_4,inner,2,random,0.0,0,Double,No_Kink,526,461130
result_SELECT_10_Heisenberg2D_cylinder_0.5_0.5_4,inner,2,random,0.0,0,Double,Yes_Kink,545,468139
result_SELECT_10_Heisenberg2D_cylinder_0.5_0.5_4,inner,2,random,0.0,0,Proj.,No_MSF,420,186336
result_SELECT_10_Heisenberg2D_cylinder_0.5_0.5_4,inner,2,random,0.0,0,Proj.,No_Top,420,181440
result_SELECT_10_Heisenberg2D_cylinder_0.5_0.5_4,inner,2,random,0.0,0,Proj.,No_MP,447,780754
result_SELECT_10_Heisenberg2D_cylinder_0.5_0.5_4,inner,2,random,0.0,0,Proj.,No_Kink,447,792695
result_SELECT_10_Heisenberg2D_cylinder_0.5_0.5_4,inner,2,random,0.0,0,Proj.,Yes_Kink,444,791610
result_SELECT_100_random_local_OBC_0_0_6,outer,2,random,0.0,2,Single,No_MSF,247,306944
result_SELECT_100_random_local_OBC_0_0_6,outer,2,random,0.0,2,Single,No_Top,247,302112
result_SELECT_100_random_local_OBC_0_0_6,outer,2,random,0.0,2,Single,No_MP,269,801640
result_SELECT_100_random_local_OBC_0_0_6,outer,2,random,0.0,2,Single,No_Kink,306,917887
result_SELECT_100_random_local_OBC_0_0_6,outer,2,random,0.0,2,Single,Yes_Kink,312,932726
result_SELECT_100_random_local_OBC_0_0_6,outer,2,random,0.0,2,Double,No_MSF,192,241824
result_SELECT_100_random_local_OBC_0_0_6,outer,2,random,0.0,2,Double,No_Top,193,238176
result_SELECT_100_random_local_OBC_0_0_6,outer,2,random,0.0,2,Double,No_MP,228,768317
result_SELECT_100_random_local_OBC_0_0_6,outer,2,random,0.0,2,Double,No_Kink,259,894605
result_SELECT_100_random_local_OBC_0_0_6,outer,2,random,0.0,2,Double,Yes_Kink,267,907011
result_SELECT_100_random_local_OBC_0_0_6,outer,2,random,0.0,2,Proj.,No_MSF,128,166048
result_SELECT_100_random_local_OBC_0_0_6,outer,2,random,0.0,2,Proj.,No_Top,128,161216
result_SELECT_100_random_local_OBC_0_0_6,outer,2,random,0.0,2,Proj.,No_MP,183,854843
result_SELECT_100_random_local_OBC_0_0_6,outer,2,random,0.0,2,Proj.,No_Kink,213,1009800
result_SELECT_100_random_local_OBC_0_0_6,outer,2,random,0.0,2,Proj.,Yes_Kink,220,1038061
result_SELECT_10_Heisenberg2D_cylinder_0.5_0.5_2,outer,1,random,0.0,0,Single,No_MSF,2072,394080
result_SELECT_10_Heisenberg2D_cylinder_0.5_0.5_2,outer,1,random,0.0,0,Single,No_Top,2072,389536
result_SELECT_10_Heisenberg2D_cylinder_0.5_0.5_2,outer,1,random,0.0,0,Single,No_MP,2074,572362
result_SELECT_10_Heisenberg2D_cylinder_0.5_0.5_2,outer,1,random,0.0,0,Single,No_Kink,2073,603100
result_SELECT_10_Heisenberg2D_cylinder_0.5_0.5_2,outer,1,random,0.0,0,Double,No_MSF,1921,365692
result_SELECT_10_Heisenberg2D_cylinder_0.5_0.5_2,outer,1,random,0.0,0,Double,No_Top,1921,361148
result_SELECT_10_Heisenberg2D_cylinder_0.5_0.5_2,outer,1,random,0.0,0,Double,No_MP,1921,534629
result_SELECT_10_Heisenberg2D_cylinder_0.5_0.5_2,outer,1,random,0.0,0,Double,No_Kink,1921,565147
result_SELECT_10_Heisenberg2D_cylinder_0.5_0.5_2,outer,1,random,0.0,0,Double,Yes_Kink,1929,566745
result_SELECT_10_Heisenberg2D_cylinder_0.5_0.5_2,outer,1,random,0.0,0,Proj.,No_MSF,1668,318128
result_SELECT_10_Heisenberg2D_cylinder_0.5_0.5_2,outer,1,random,0.0,0,Proj.,No_Top,1668,313584
result_SELECT_10_Heisenberg2D_cylinder_0.5_0.5_2,outer,1,random,0.0,0,Proj.,No_MP,1676,1123417
result_SELECT_10_Heisenberg2D_cylinder_0.5_0.5_2,outer,1,random,0.0,0,Proj.,No_Kink,1679,1244726
result_SELECT_10_Heisenberg2D_cylinder_0.5_0.5_2,outer,1,random,0.0,0,Proj.,Yes_Kink,1684,1228650
result_SELECT_100_random_local_OBC_0_0_6,outer,1,SA,0.01,2,Single,No_MSF,247,306944
result_SELECT_100_random_local_OBC_0_0_6,outer,1,SA,0.01,2,Single,No_Top,247,302112
result_SELECT_100_random_local_OBC_0_0_6,outer,1,SA,0.01,2,Single,No_MP,414,703716
result_SELECT_100_random_local_OBC_0_0_6,outer,1,SA,0.01,2,Single,No_Kink,506,916532
result_SELECT_100_random_local_OBC_0_0_6,outer,1,SA,0.01,2,Double,No_MSF,192,241824
result_SELECT_100_random_local_OBC_0_0_6,outer,1,SA,0.01,2,Double,No_Top,193,238176
result_SELECT_100_random_local_OBC_0_0_6,outer,1,SA,0.01,2,Double,No_MP,337,633520
result_SELECT_100_random_local_OBC_0_0_6,outer,1,SA,0.01,2,Double,No_Kink,412,853336
result_SELECT_100_random_local_OBC_0_0_6,outer,1,SA,0.01,2,Double,Yes_Kink,417,864698
result_SELECT_100_random_local_OBC_0_0_6,outer,1,SA,0.01,2,Proj.,No_MSF,128,166048
result_SELECT_100_random_local_OBC_0_0_6,outer,1,SA,0.01,2,Proj.,No_Top,128,161216
result_SELECT_100_random_local_OBC_0_0_6,outer,1,SA,0.01,2,Proj.,No_MP,219,898852
result_SELECT_100_random_local_OBC_0_0_6,outer,1,SA,0.01,2,Proj.,No_Kink,285,1185844
result_SELECT_100_random_local_OBC_0_0_6,outer,1,SA,0.01,2,Proj.,Yes_Kink,300,1242461
result_SELECT_10_Heisenberg2D_cylinder_0.5_0.5_6,inner,2,SA,0.001,0,Single,No_MSF,211,282944
result_SELECT_10_Heisenberg2D_cylinder_0.5_0.5_6,inner,2,SA,0.001,0,Single,No_Top,211,276832
result_SELECT_10_Heisenberg2D_cylinder_0.5_0.5_6,inner,2,SA,0.001,0,Single,No_MP,211,384865
result_SELECT_10_Heisenberg2D_cylinder_0.5_0.5_6,inner,2,SA,0.001,0,Single,No_Kink,211,418733
result_SELECT_10_Heisenberg2D_cylinder_0.5_0.5_6,inner,2,SA,0.001,0,Single,Yes_Kink,211,433728
result_SELECT_10_Heisenberg2D_cylinder_0.5_0.5_6,inner,2,SA,0.001,0,Double,No_MSF,177,238336
result_SELECT_10_Heisenberg2D_cylinder_0.5_0.5_6,inner,2,SA,0.001,0,Double,No_Top,177,232224
result_SELECT_10_Heisenberg2D_cylinder_0.5_0.5_6,inner,2,SA,0.001,0,Double,No_MP,180,353563
result_SELECT_10_Heisenberg2D_cylinder_0.5_0.5_6,inner,2,SA,0.001,0,Double,No_Kink,179,397011
result_SELECT_10_Heisenberg2D_cylinder_0.5_0.5_6,inner,2,SA,0.001,0,Double,Yes_Kink,187,410508
result_SELECT_10_Heisenberg2D_cylinder_0.5_0.5_6,inner,2,SA,0.001,0,Proj.,No_MSF,108,147808
result_SELECT_10_Heisenberg2D_cylinder_0.5_0.5_6,inner,2,SA,0.001,0,Proj.,No_Top,108,141696
result_SELECT_10_Heisenberg2D_cylinder_0.5_0.5_6,inner,2,SA,0.001,0,Proj.,No_MP,126,570373
result_SELECT_10_Heisenberg2D_cylinder_0.5_0.5_6,inner,2,SA,0.001,0,Proj.,No_Kink,134,630317
result_SELECT_10_Heisenberg2D_cylinder_0.5_0.5_6,inner,2,SA,0.001,0,Proj.,Yes_Kink,143,652653
result_SELECT_10_Heisenberg2D_cylinder_0.5_0.5_5,outer,2,SA,1.0,2,Single,No_MSF,327,256704
result_SELECT_10_Heisenberg2D_cylinder_0.5_0.5_5,outer,2,SA,1.0,2,Single,No_Top,327,251360
result_SELECT_10_Heisenberg2D_cylinder_0.5_0.5_5,outer,2,SA,1.0,2,Single,No_MP,327,320959
result_SELECT_10_Heisenberg2D_cylinder_0.5_0.5_5,outer,2,SA,1.0,2,Single,No_Kink,327,355466
result_SELECT_10_Heisenberg2D_cylinder_0.5_0.5_5,outer,2,SA,1.0,2,Single,Yes_Kink,327,369736
result_SELECT_10_Heisenberg2D_cylinder_0.5_0.5_5,outer,2,SA,1.0,2,Double,No_MSF,290,229472
result_SELECT_10_Heisenberg2D_cylinder_0.5_0.5_5,outer,2,SA,1.0,2,Double,No_Top,291,224864
result_SELECT_10_Heisenberg2D_cylinder_0.5_0.5_5,outer,2,SA,1.0,2,Double,No_MP,291,303499
result_SELECT_10_Heisenberg2D_cylinder_0.5_0.5_5,outer,2,SA,1.0,2,Double,No_Kink,290,345175
result_SELECT_10_Heisenberg2D_cylinder_0.5_0.5_5,outer,2,SA,1.0,2,Double,Yes_Kink,302,351881
result_SELECT_10_Heisenberg2D_cylinder_0.5_0.5_5,outer,2,SA,1.0,2,Proj.,No_MSF,213,172800
result_SELECT_10_Heisenberg2D_cylinder_0.5_0.5_5,outer,2,SA,1.0,2,Proj.,No_Top,213,167456
result_SELECT_10_Heisenberg2D_cylinder_0.5_0.5_5,outer,2,SA,1.0,2,Proj.,No_MP,231,587341
result_SELECT_10_Heisenberg2D_cylinder_0.5_0.5_5,outer,2,SA,1.0,2,Proj.,No_Kink,240,719718
result_SELECT_10_Heisenberg2D_cylinder_0.5_0.5_5,outer,2,SA,1.0,2,Proj.,Yes_Kink,247,728799
result_SELECT_10_Heisenberg2D_cylinder_0.5_0.5_6,inner,2,naive,0.0,2,Single,No_MSF,211,295168
result_SELECT_10_Heisenberg2D_cylinder_0.5_0.5_6,inner,2,naive,0.0,2,Single,No_Top,211,289056
result_SELECT_10_Heisenberg2D_cylinder_0.5_0.5_6,inner,2,naive,0.0,2,Single,No_MP,315,778190
result_SELECT_10_Heisenberg2D_cylinder_0.5_0.5_6,inner,2,naive,0.0,2,Single,No_Kink,394,974688
result_SELECT_10_Heisenberg2D_cylinder_0.5_0.5_6,inner,2,naive,0.0,2,Single,Yes_Kink,382,965326
result_SELECT_10_Heisenberg2D_cylinder_0.5_0.5_6,inner,2,naive,0.0,2,Double,No_MSF,177,250560
result_SELECT_10_Heisenberg2D_cylinder_0.5_0.5_6,inner,2,naive,0.0,2,Double,No_Top,177,244448
result_SELECT_10_Heisenberg2D_cylinder_0.5_0.5_6,inner,2,naive,0.0,2,Double,No_MP,272,736785
result_SELECT_10_Heisenberg2D_cylinder_0.5_0.5_6,inner,2,naive,0.0,2,Double,No_Kink,346,936361
result_SELECT_10_Heisenberg2D_cylinder_0.5_0.5_6,inner,2,naive,0.0,2,Double,Yes_Kink,350,942711
result_SELECT_10_Heisenberg2D_cylinder_0.5_0.5_6,inner,2,naive,0.0,2,Proj.,No_MSF,108,160032
result_SELECT_10_Heisenberg2D_cylinder_0.5_0.5_6,inner,2,naive,0.0,2,Proj.,No_Top,123,173600
result_SELECT_10_Heisenberg2D_cylinder_0.5_0.5_6,inner,2,naive,0.0,2,Proj.,No_MP,178,891106
result_SELECT_10_Heisenberg2D_cylinder_0.5_0.5_6,inner,2,naive,0.0,2,Proj.,No_Kink,252,1267554
result_SELECT_10_Heisenberg2D_cylinder_0.5_0.5_6,inner,2,naive,0.0,2,Proj.,Yes_Kink,265,1323941
result_SELECT_10_Heisenberg2D_cylinder_0.5_0.5_3,outer,2,SA,0.01,2,Single,No_MSF,1069,304784
result_SELECT_10_Heisenberg2D_cylinder_0.5_0.5_3,outer,2,SA,0.01,2,Single,No_Top,1069,300112
result_SELECT_10_Heisenberg2D_cylinder_0.5_0.5_3,outer,2,SA,0.01,2,Single,No_MP,1069,340953
result_SELECT_10_Heisenberg2D_cylinder_0.5_0.5_3,outer,2,SA,0.01,2,Single,No_Kink,1069,377006
result_SELECT_10_Heisenberg2D_cylinder_0.5_0.5_3,outer,2,SA,0.01,2,Single,Yes_Kink,1069,388226
result_SELECT_10_Heisenberg2D_cylinder_0.5_0.5_3,outer,2,SA,0.01,2,Double,No_MSF,987,282480
result_SELECT_10_Heisenberg2D_cylinder_0.5_0.5_3,outer,2,SA,0.01,2,Double,No_Top,987,277808
result_SELECT_10_Heisenberg2D_cylinder_0.5_0.5_3,outer,2,SA,0.01,2,Double,No_MP,987,327824
result_SELECT_10_Heisenberg2D_cylinder_0.5_0.5_3,outer,2,SA,0.01,2,Double,No_Kink,988,369301
result_SELECT_10_Heisenberg2D_cylinder_0.5_0.5_3,outer,2,SA,0.01,2,Double,Yes_Kink,1021,373737
result_SELECT_10_Heisenberg2D_cylinder_0.5_0.5_3,outer,2,SA,0.01,2,Proj.,No_MSF,837,241680
result_SELECT_10_Heisenberg2D_cylinder_0.5_0.5_3,outer,2,SA,0.01,2,Proj.,No_Top,837,237008
result_SELECT_10_Heisenberg2D_cylinder_0.5_0.5_3,outer,2,SA,0.01,2,Proj.,No_MP,841,772955
result_SELECT_10_Heisenberg2D_cylinder_0.5_0.5_3,outer,2,SA,0.01,2,Proj.,No_Kink,852,995422
result_SELECT_10_Heisenberg2D_cylinder_0.5_0.5_3,outer,2,SA,0.01,2,Proj.,Yes_Kink,853,995972
result_SELECT_10_Heisenberg2D_cylinder_0.5_0.5_2,outer,2,naive,0.0,0,Single,No_MSF,2072,394080
result_SELECT_10_Heisenberg2D_cylinder_0.5_0.5_2,outer,2,naive,0.0,0,Single,No_Top,2072,389536
result_SELECT_10_Heisenberg2D_cylinder_0.5_0.5_2,outer,2,naive,0.0,0,Single,No_MP,2072,471916
result_SELECT_10_Heisenberg2D_cylinder_0.5_0.5_2,outer,2,naive,0.0,0,Single,No_Kink,2073,499798
result_SELECT_10_Heisenberg2D_cylinder_0.5_0.5_2,outer,2,naive,0.0,0,Single,Yes_Kink,2108,520300
result_SELECT_10_Heisenberg2D_cylinder_0.5_0.5_2,outer,2,naive,0.0,0,Double,No_MSF,1921,365692
result_SELECT_10_Heisenberg2D_cylinder_0.5_0.5_2,outer,2,naive,0.0,0,Double,No_Top,1921,361148
result_SELECT_10_Heisenberg2D_cylinder_0.5_0.5_2,outer,2,naive,0.0,0,Double,No_MP,1921,452880
result_SELECT_10_Heisenberg2D_cylinder_0.5_0.5_2,outer,2,naive,0.0,0,Double,No_Kink,1922,485033
result_SELECT_10_Heisenberg2D_cylinder_0.5_0.5_2,outer,2,naive,0.0,0,Double,Yes_Kink,1939,486942
result_SELECT_10_Heisenberg2D_cylinder_0.5_0.5_2,outer,2,naive,0.0,0,Proj.,No_MSF,1668,318128
result_SELECT_10_Heisenberg2D_cylinder_0.5_0.5_2,outer,2,naive,0.0,0,Proj.,No_Top,1668,313584
result_SELECT_10_Heisenberg2D_cylinder_0.5_0.5_2,outer,2,naive,0.0,0,Proj.,No_MP,1682,1126204
result_SELECT_10_Heisenberg2D_cylinder_0.5_0.5_2,outer,2,naive,0.0,0,Proj.,No_Kink,1685,1359117
result_SELECT_10_Heisenberg2D_cylinder_0.5_0.5_2,outer,2,naive,0.0,0,Proj.,Yes_Kink,1689,1345763
result_SELECT_10_Heisenberg2D_cylinder_0.5_0.5_0,inner,2,SA,1.0,2,Single,No_MSF,8099,1001446
result_SELECT_10_Heisenberg2D_cylinder_0.5_0.5_0,inner,2,SA,1.0,2,Single,No_Top,8101,997234
result_SELECT_10_Heisenberg2D_cylinder_0.5_0.5_0,inner,2,SA,1.0,2,Single,No_MP,8099,1035566
result_SELECT_10_Heisenberg2D_cylinder_0.5_0.5_0,inner,2,SA,1.0,2,Single,No_Kink,8101,1047677
result_SELECT_10_Heisenberg2D_cylinder_0.5_0.5_0,inner,2,SA,1.0,2,Single,Yes_Kink,8101,1065264
result_SELECT_10_Heisenberg2D_cylinder_0.5_0.5_0,inner,2,SA,1.0,2,Double,No_MSF,7536,932760
result_SELECT_10_Heisenberg2D_cylinder_0.5_0.5_0,inner,2,SA,1.0,2,Double,No_Top,7537,928426
result_SELECT_10_Heisenberg2D_cylinder_0.5_0.5_0,inner,2,SA,1.0,2,Double,No_MP,7536,977556
result_SELECT_10_Heisenberg2D_cylinder_0.5_0.5_0,inner,2,SA,1.0,2,Double,No_Kink,7537,998220
result_SELECT_10_Heisenberg2D_cylinder_0.5_0.5_0,inner,2,SA,1.0,2,Double,Yes_Kink,7537,997146
result_SELECT_10_Heisenberg2D_cylinder_0.5_0.5_0,inner,2,SA,1.0,2,Proj.,No_MSF,6660,825888
result_SELECT_10_Heisenberg2D_cylinder_0.5_0.5_0,inner,2,SA,1.0,2,Proj.,No_Top,6660,821432
result_SELECT_10_Heisenberg2D_cylinder_0.5_0.5_0,inner,2,SA,1.0,2,Proj.,No_MP,6660,2446960
result_SELECT_10_Heisenberg2D_cylinder_0.5_0.5_0,inner,2,SA,1.0,2,Proj.,No_Kink,6664,2678118
result_SELECT_10_Heisenberg2D_cylinder_0.5_0.5_0,inner,2,SA,1.0,2,Proj.,Yes_Kink,6669,2618463
result_trotter_10_Heisenberg2D_cylinder_0.5_0.5_rand,outer,1,random,0.0,0,Single,No_MSF,744,99900
result_trotter_10_Heisenberg2D_cylinder_0.5_0.5_rand,outer,1,random,0.0,0,Single,No_Top,744,74400
result_trotter_10_Heisenberg2D_cylinder_0.5_0.5_rand,outer,1,random,0.0,0,Single,No_MP,764,137994
result_trotter_10_Heisenberg2D_cylinder_0.5_0.5_rand,outer,1,random,0.0,0,Single,No_Kink,1035,292628
result_trotter_10_Heisenberg2D_cylinder_0.5_0.5_rand,outer,1,random,0.0,0,Double,No_MSF,721,97600
result_trotter_10_Heisenberg2D_cylinder_0.5_0.5_rand,outer,1,random,0.0,0,Double,No_Top,721,72100
result_trotter_10_Heisenberg2D_cylinder_0.5_0.5_rand,outer,1,random,0.0,0,Double,No_MP,731,136101
result_trotter_10_Heisenberg2D_cylinder_0.5_0.5_rand,outer,1,random,0.0,0,Double,No_Kink,1209,409747
result_trotter_10_Heisenberg2D_cylinder_0.5_0.5_rand,outer,1,random,0.0,0,Double,Yes_Kink,1231,401708
result_trotter_10_Heisenberg2D_cylinder_0.5_0.5_rand,outer,1,random,0.0,0,Proj.,No_MSF,390,64500
result_trotter_10_Heisenberg2D_cylinder_0.5_0.5_rand,outer,1,random,0.0,0,Proj.,No_Top,580,58000
result_trotter_10_Heisenberg2D_cylinder_0.5_0.5_rand,outer,1,random,0.0,0,Proj.,No_MP,570,227601
result_trotter_10_Heisenberg2D_cylinder_0.5_0.5_rand,outer,1,random,0.0,0,Proj.,No_Kink,947,372643
result_trotter_10_Heisenberg2D_cylinder_0.5_0.5_rand,outer,1,random,0.0,0,Proj.,Yes_Kink,1069,417886
result_SELECT_10_Heisenberg2D_cylinder_0.5_0.5_0,outer,2,SA,0.01,2,Single,No_MSF,8099,1001446
result_SELECT_10_Heisenberg2D_cylinder_0.5_0.5_0,outer,2,SA,0.01,2,Single,No_Top,8101,997234
result_SELECT_10_Heisenberg2D_cylinder_0.5_0.5_0,outer,2,SA,0.01,2,Single,No_MP,8099,1037027
result_SELECT_10_Heisenberg2D_cylinder_0.5_0.5_0,outer,2,SA,0.01,2,Single,No_Kink,8101,1072474
result_SELECT_10_Heisenberg2D_cylinder_0.5_0.5_0,outer,2,SA,0.01,2,Single,Yes_Kink,8101,1082291
result_SELECT_10_Heisenberg2D_cylinder_0.5_0.5_0,outer,2,SA,0.01,2,Double,No_MSF,7536,932760
result_SELECT_10_Heisenberg2D_cylinder_0.5_0.5_0,outer,2,SA,0.01,2,Double,No_Top,7537,928426
result_SELECT_10_Heisenberg2D_cylinder_0.5_0.5_0,outer,2,SA,0.01,2,Double,No_MP,7536,977544
result_SELECT_10_Heisenberg2D_cylinder_0.5_0.5_0,outer,2,SA,0.01,2,Double,No_Kink,7537,1018428
result_SELECT_10_Heisenberg2D_cylinder_0.5_0.5_0,outer,2,SA,0.01,2,Double,Yes_Kink,7537,1013109
result_SELECT_10_Heisenberg2D_cylinder_0.5_0.5_0,outer,2,SA,0.01,2,Proj.,No_MSF,6660,825888
result_SELECT_10_Heisenberg2D_cylinder_0.5_0.5_0,outer,2,SA,0.01,2,Proj.,No_Top,6660,821432
result_SELECT_10_Heisenberg2D_cylinder_0.5_0.5_0,outer,2,SA,0.01,2,Proj.,No_MP,6660,2243258
result_SELECT_10_Heisenberg2D_cylinder_0.5_0.5_0,outer,2,SA,0.01,2,Proj.,No_Kink,6661,2893734
result_SELECT_10_Heisenberg2D_cylinder_0.5_0.5_0,outer,2,SA,0.01,2,Proj.,Yes_Kink,6662,2826266
result_trotter_10_Heisenberg2D_cylinder_0.5_0.5_det,outer,1,SA,0.001,0,Single,No_MSF,756,101100
result_trotter_10_Heisenberg2D_cylinder_0.5_0.5_det,outer,1,SA,0.001,0,Single,No_Top,756,75600
result_trotter_10_Heisenberg2D_cylinder_0.5_0.5_det,outer,1,SA,0.001,0,Single,No_MP,759,113160
result_trotter_10_Heisenberg2D_cylinder_0.5_0.5_det,outer,1,SA,0.001,0,Single,No_Kink,893,261722
result_trotter_10_Heisenberg2D_cylinder_0.5_0.5_det,outer,1,SA,0.001,0,Double,No_MSF,749,100400
result_trotter_10_Heisenberg2D_cylinder_0.5_0.5_det,outer,1,SA,0.001,0,Double,No_Top,749,74900
result_trotter_10_Heisenberg2D_cylinder_0.5_0.5_det,outer,1,SA,0.001,0,Double,No_MP,750,114153
result_trotter_10_Heisenberg2D_cylinder_0.5_0.5_det,outer,1,SA,0.001,0,Double,No_Kink,1169,397016
result_trotter_10_Heisenberg2D_cylinder_0.5_0.5_det,outer,1,SA,0.001,0,Double,Yes_Kink,1174,384211
result_trotter_10_Heisenberg2D_cylinder_0.5_0.5_det,outer,1,SA,0.001,0,Proj.,No_MSF,390,64500
result_trotter_10_Heisenberg2D_cylinder_0.5_0.5_det,outer,1,SA,0.001,0,Proj.,No_Top,580,58000
result_trotter_10_Heisenberg2D_cylinder_0.5_0.5_det,outer,1,SA,0.001,0,Proj.,No_MP,579,221747
result_trotter_10_Heisenberg2D_cylinder_0.5_0.5_det,outer,1,SA,0.001,0,Proj.,No_Kink,955,363301
result_trotter_10_Heisenberg2D_cylinder_0.5_0.5_det,outer,1,SA,0.001,0,Proj.,Yes_Kink,1092,413763
result_SELECT_10_Heisenberg2D_cylinder_0.5_0.5_0,outer,2,naive,0.0,0,Single,No_MSF,8099,992534
result_SELECT_10_Heisenberg2D_cylinder_0.5_0.5_0,outer,2,naive,0.0,0,Single,No_Top,8099,988078
result_SELECT_10_Heisenberg2D_cylinder_0.5_0.5_0,outer,2,naive,0.0,0,Single,No_MP,8099,1041446
result_SELECT_10_Heisenberg2D_cylinder_0.5_0.5_0,outer,2,naive,0.0,0,Single,No_Kink,8099,1056173
result_SELECT_10_Heisenberg2D_cylinder_0.5_0.5_0,outer,2,naive,0.0,0,Single,Yes_Kink,8099,1066053
result_SELECT_10_Heisenberg2D_cylinder_0.5_0.5_0,outer,2,naive,0.0,0,Double,No_MSF,7536,923848
result_SELECT_10_Heisenberg2D_cylinder_0.5_0.5_0,outer,2,naive,0.0,0,Double,No_Top,7536,919392
result_SELECT_10_Heisenberg2D_cylinder_0.5_0.5_0,outer,2,naive,0.0,0,Double,No_MP,7536,982236
result_SELECT_10_Heisenberg2D_cylinder_0.5_0.5_0,outer,2,naive,0.0,0,Double,No_Kink,7536,1001239
result_SELECT_10_Heisenberg2D_cylinder_0.5_0.5_0,outer,2,naive,0.0,0,Double,Yes_Kink,7536,997824
result_SELECT_10_Heisenberg2D_cylinder_0.5_0.5_0,outer,2,naive,0.0,0,Proj.,No_MSF,6660,816976
result_SELECT_10_Heisenberg2D_cylinder_0.5_0.5_0,outer,2,naive,0.0,0,Proj.,No_Top,6660,812520
result_SELECT_10_Heisenberg2D_cylinder_0.5_0.5_0,outer,2,naive,0.0,0,Proj.,No_MP,6660,2609984
result_SELECT_10_Heisenberg2D_cylinder_0.5_0.5_0,outer,2,naive,0.0,0,Proj.,No_Kink,6664,2760618
result_SELECT_10_Heisenberg2D_cylinder_0.5_0.5_0,outer,2,naive,0.0,0,Proj.,Yes_Kink,6664,2678833
result_SELECT_10_Heisenberg2D_cylinder_0.5_0.5_6,outer,1,SA,0.001,4,Single,No_MSF,211,307392
result_SELECT_10_Heisenberg2D_cylinder_0.5_0.5_6,outer,1,SA,0.001,4,Single,No_Top,233,330144
result_SELECT_10_Heisenberg2D_cylinder_0.5_0.5_6,outer,1,SA,0.001,4,Single,No_MP,221,469908
result_SELECT_10_Heisenberg2D_cylinder_0.5_0.5_6,outer,1,SA,0.001,4,Single,No_Kink,318,765106
result_SELECT_10_Heisenberg2D_cylinder_0.5_0.5_6,outer,1,SA,0.001,4,Double,No_MSF,177,262784
result_SELECT_10_Heisenberg2D_cylinder_0.5_0.5_6,outer,1,SA,0.001,4,Double,No_Top,219,311776
result_SELECT_10_Heisenberg2D_cylinder_0.5_0.5_6,outer,1,SA,0.001,4,Double,No_MP,184,429827
result_SELECT_10_Heisenberg2D_cylinder_0.5_0.5_6,outer,1,SA,0.001,4,Double,No_Kink,241,762040
result_SELECT_10_Heisenberg2D_cylinder_0.5_0.5_6,outer,1,SA,0.001,4,Double,Yes_Kink,248,784825
result_SELECT_10_Heisenberg2D_cylinder_0.5_0.5_6,outer,1,SA,0.001,4,Proj.,No_MSF,108,172256
result_SELECT_10_Heisenberg2D_cylinder_0.5_0.5_6,outer,1,SA,0.001,4,Proj.,No_Top,205,293408
result_SELECT_10_Heisenberg2D_cylinder_0.5_0.5_6,outer,1,SA,0.001,4,Proj.,No_MP,137,580416
result_SELECT_10_Heisenberg2D_cylinder_0.5_0.5_6,outer,1,SA,0.001,4,Proj.,No_Kink,215,1001789
result_SELECT_10_Heisenberg2D_cylinder_0.5_0.5_6,outer,1,SA,0.001,4,Proj.,Yes_Kink,215,1000731
result_SELECT_10_Heisenberg2D_cylinder_0.5_0.5_2,outer,2,SA,0.01,0,Single,No_MSF,2072,394080
result_SELECT_10_Heisenberg2D_cylinder_0.5_0.5_2,outer,2,SA,0.01,0,Single,No_Top,2072,389536
result_SELECT_10_Heisenberg2D_cylinder_0.5_0.5_2,outer,2,SA,0.01,0,Single,No_MP,2072,427802
result_SELECT_10_Heisenberg2D_cylinder_0.5_0.5_2,outer,2,SA,0.01,0,Single,No_Kink,2072,461030
result_SELECT_10_Heisenberg2D_cylinder_0.5_0.5_2,outer,2,SA,0.01,0,Single,Yes_Kink,2072,474631
result_SELECT_10_Heisenberg2D_cylinder_0.5_0.5_2,outer,2,SA,0.01,0,Double,No_MSF,1921,365692
result_SELECT_10_Heisenberg2D_cylinder_0.5_0.5_2,outer,2,SA,0.01,0,Double,No_Top,1921,361148
result_SELECT_10_Heisenberg2D_cylinder_0.5_0.5_2,outer,2,SA,0.01,0,Double,No_MP,1921,408535
result_SELECT_10_Heisenberg2D_cylinder_0.5_0.5_2,outer,2,SA,0.01,0,Double,No_Kink,1921,447495
result_SELECT_10_Heisenberg2D_cylinder_0.5_0.5_2,outer,2,SA,0.01,0,Double,Yes_Kink,1992,457124
result_SELECT_10_Heisenberg2D_cylinder_0.5_0.5_2,outer,2,SA,0.01,0,Proj.,No_MSF,1668,318128
result_SELECT_10_Heisenberg2D_cylinder_0.5_0.5_2,outer,2,SA,0.01,0,Proj.,No_Top,1668,313584
result_SELECT_10_Heisenberg2D_cylinder_0.5_0.5_2,outer,2,SA,0.01,0,Proj.,No_MP,1671,1076512
result_SELECT_10_Heisenberg2D_cylinder_0.5_0.5_2,outer,2,SA,0.01,0,Proj.,No_Kink,1676,1305262
result_SELECT_10_Heisenberg2D_cylinder_0.5_0.5_2,outer,2,SA,0.01,0,Proj.,Yes_Kink,1678,1311040
result_SELECT_10_Heisenberg2D_cylinder_0.5_0.5_6,inner,1,SA,0.1,2,Single,No_MSF,211,295168
result_SELECT_10_Heisenberg2D_cylinder_0.5_0.5_6,inner,1,SA,0.1,2,Single,No_Top,211,289056
result_SELECT_10_Heisenberg2D_cylinder_0.5_0.5_6,inner,1,SA,0.1,2,Single,No_MP,214,443906
result_SELECT_10_Heisenberg2D_cylinder_0.5_0.5_6,inner,1,SA,0.1,2,Single,No_Kink,229,563314
result_SELECT_10_Heisenberg2D_cylinder_0.5_0.5_6,inner,1,SA,0.1,2,Double,No_MSF,177,250560
result_SELECT_10_Heisenberg2D_cylinder_0.5_0.5_6,inner,1,SA,0.1,2,Double,No_Top,177,244448
result_SELECT_10_Heisenberg2D_cylinder_0.5_0.5_6,inner,1,SA,0.1,2,Double,No_MP,181,398559
result_SELECT_10_Heisenberg2D_cylinder_0.5_0.5_6,inner,1,SA,0.1,2,Double,No_Kink,189,562511
result_SELECT_10_Heisenberg2D_cylinder_0.5_0.5_6,inner,1,SA,0.1,2,Double,Yes_Kink,197,592532
result_SELECT_10_Heisenberg2D_cylinder_0.5_0.5_6,inner,1,SA,0.1,2,Proj.,No_MSF,108,160032
result_SELECT_10_Heisenberg2D_cylinder_0.5_0.5_6,inner,1,SA,0.1,2,Proj.,No_Top,123,173600
result_SELECT_10_Heisenberg2D_cylinder_0.5_0.5_6,inner,1,SA,0.1,2,Proj.,No_MP,130,590030
result_SELECT_10_Heisenberg2D_cylinder_0.5_0.5_6,inner,1,SA,0.1,2,Proj.,No_Kink,165,760121
result_SELECT_10_Heisenberg2D_cylinder_0.5_0.5_6,inner,1,SA,0.1,2,Proj.,Yes_Kink,176,795086
result_SELECT_10_Heisenberg2D_cylinder_0.5_0.5_5,inner,2,SA,0.01,0,Single,No_MSF,327,246016
result_SELECT_10_Heisenberg2D_cylinder_0.5_0.5_5,inner,2,SA,0.01,0,Single,No_Top,327,240672
result_SELECT_10_Heisenberg2D_cylinder_0.5_0.5_5,inner,2,SA,0.01,0,Single,No_MP,327,307226
result_SELECT_10_Heisenberg2D_cylinder_0.5_0.5_5,inner,2,SA,0.01,0,Single,No_Kink,327,323831
result_SELECT_10_Heisenberg2D_cylinder_0.5_0.5_5,inner,2,SA,0.01,0,Single,Yes_Kink,327,338294
result_SELECT_10_Heisenberg2D_cylinder_0.5_0.5_5,inner,2,SA,0.01,0,Double,No_MSF,290,218784
result_SELECT_10_Heisenberg2D_cylinder_0.5_0.5_5,inner,2,SA,0.01,0,Double,No_Top,290,213440
result_SELECT_10_Heisenberg2D_cylinder_0.5_0.5_5,inner,2,SA,0.01,0,Double,No_MP,291,290224
result_SELECT_10_Heisenberg2D_cylinder_0.5_0.5_5,inner,2,SA,0.01,0,Double,No_Kink,292,316421
result_SELECT_10_Heisenberg2D_cylinder_0.5_0.5_5,inner,2,SA,0.01,0,Double,Yes_Kink,303,323049
result_SELECT_10_Heisenberg2D_cylinder_0.5_0.5_5,inner,2,SA,0.01,0,Proj.,No_MSF,213,162112
result_SELECT_10_Heisenberg2D_cylinder_0.5_0.5_5,inner,2,SA,0.01,0,Proj.,No_Top,213,156768
result_SELECT_10_Heisenberg2D_cylinder_0.5_0.5_5,inner,2,SA,0.01,0,Proj.,No_MP,228,640730
result_SELECT_10_Heisenberg2D_cylinder_0.5_0.5_5,inner,2,SA,0.01,0,Proj.,No_Kink,232,679071
result_SELECT_10_Heisenberg2D_cylinder_0.5_0.5_5,inner,2,SA,0.01,0,Proj.,Yes_Kink,236,689555
result_SELECT_10_Heisenberg2D_cylinder_0.5_0.5_4,inner,1,naive,0.0,2,Single,No_MSF,571,261360
result_SELECT_10_Heisenberg2D_cylinder_0.5_0.5_4,inner,1,naive,0.0,2,Single,No_Top,571,256464
result_SELECT_10_Heisenberg2D_cylinder_0.5_0.5_4,inner,1,naive,0.0,2,Single,No_MP,978,702352
result_SELECT_10_Heisenberg2D_cylinder_0.5_0.5_4,inner,1,naive,0.0,2,Single,No_Kink,1109,845510
result_SELECT_10_Heisenberg2D_cylinder_0.5_0.5_4,inner,1,naive,0.0,2,Double,No_MSF,522,240192
result_SELECT_10_Heisenberg2D_cylinder_0.5_0.5_4,inner,1,naive,0.0,2,Double,No_Top,522,235296
result_SELECT_10_Heisenberg2D_cylinder_0.5_0.5_4,inner,1,naive,0.0,2,Double,No_MP,740,615759
result_SELECT_10_Heisenberg2D_cylinder_0.5_0.5_4,inner,1,naive,0.0,2,Double,No_Kink,872,771014
result_SELECT_10_Heisenberg2D_cylinder_0.5_0.5_4,inner,1,naive,0.0,2,Double,Yes_Kink,890,778591
result_SELECT_10_Heisenberg2D_cylinder_0.5_0.5_4,inner,1,naive,0.0,2,Proj.,No_MSF,420,196128
result_SELECT_10_Heisenberg2D_cylinder_0.5_0.5_4,inner,1,naive,0.0,2,Proj.,No_Top,420,191232
result_SELECT_10_Heisenberg2D_cylinder_0.5_0.5_4,inner,1,naive,0.0,2,Proj.,No_MP,473,742784
result_SELECT_10_Heisenberg2D_cylinder_0.5_0.5_4,inner,1,naive,0.0,2,Proj.,No_Kink,574,905918
result_SELECT_10_Heisenberg2D_cylinder_0.5_0.5_4,inner,1,naive,0.0,2,Proj.,Yes_Kink,599,939884
result_trotter_10_Heisenberg2D_cylinder_0.5_0.5_rand,outer,2,naive,0.0,2,Single,No_MSF,744,150900
result_trotter_10_Heisenberg2D_cylinder_0.5_0.5_rand,outer,2,naive,0.0,2,Single,No_Top,1742,225200
result_trotter_10_Heisenberg2D_cylinder_0.5_0.5_rand,outer,2,naive,0.0,2,Single,No_MP,745,175400
result_trotter_10_Heisenberg2D_cylinder_0.5_0.5_rand,outer,2,naive,0.0,2,Single,No_Kink,1752,466212
result_trotter_10_Heisenberg2D_cylinder_0.5_0.5_rand,outer,2,naive,0.0,2,Single,Yes_Kink,1758,466370
result_trotter_10_Heisenberg2D_cylinder_0.5_0.5_rand,outer,2,naive,0.0,2,Double,No_MSF,721,148600
result_trotter_10_Heisenberg2D_cylinder_0.5_0.5_rand,outer,2,naive,0.0,2,Double,No_Top,1740,225000
result_trotter_10_Heisenberg2D_cylinder_0.5_0.5_rand,outer,2,naive,0.0,2,Double,No_MP,724,173701
result_trotter_10_Heisenberg2D_cylinder_0.5_0.5_rand,outer,2,naive,0.0,2,Double,No_Kink,1741,461635
result_trotter_10_Heisenberg2D_cylinder_0.5_0.5_rand,outer,2,naive,0.0,2,Double,Yes_Kink,1743,495073
result_trotter_10_Heisenberg2D_cylinder_0.5_0.5_rand,outer,2,naive,0.0,2,Proj.,No_MSF,390,115500
result_trotter_10_Heisenberg2D_cylinder_0.5_0.5_rand,outer,2,naive,0.0,2,Proj.,No_Top,1740,225000
result_trotter_10_Heisenberg2D_cylinder_0.5_0.5_rand,outer,2,naive,0.0,2,Proj.,No_MP,523,306339
result_trotter_10_Heisenberg2D_cylinder_0.5_0.5_rand,outer,2,naive,0.0,2,Proj.,No_Kink,1944,1192207
result_trotter_10_Heisenberg2D_cylinder_0.5_0.5_rand,outer,2,naive,0.0,2,Proj.,Yes_Kink,1954,1187858
result_SELECT_10_Heisenberg2D_cylinder_0.5_0.5_6,inner,2,SA,0.01,2,Single,No_MSF,211,295168
result_SELECT_10_Heisenberg2D_cylinder_0.5_0.5_6,inner,2,SA,0.01,2,Single,No_Top,211,289056
result_SELECT_10_Heisenberg2D_cylinder_0.5_0.5_6,inner,2,SA,0.01,2,Single,No_MP,211,395226
result_SELECT_10_Heisenberg2D_cylinder_0.5_0.5_6,inner,2,SA,0.01,2,Single,No_Kink,211,475461
result_SELECT_10_Heisenberg2D_cylinder_0.5_0.5_6,inner,2,SA,0.01,2,Single,Yes_Kink,211,492272
result_SELECT_10_Heisenberg2D_cylinder_0.5_0.5_6,inner,2,SA,0.01,2,Double,No_MSF,177,250560
result_SELECT_10_Heisenberg2D_cylinder_0.5_0.5_6,inner,2,SA,0.01,2,Double,No_Top,177,244448
result_SELECT_10_Heisenberg2D_cylinder_0.5_0.5_6,inner,2,SA,0.01,2,Double,No_MP,178,362202
result_SELECT_10_Heisenberg2D_cylinder_0.5_0.5_6,inner,2,SA,0.01,2,Double,No_Kink,180,461379
result_SELECT_10_Heisenberg2D_cylinder_0.5_0.5_6,inner,2,SA,0.01,2,Double,Yes_Kink,189,476455
result_SELECT_10_Heisenberg2D_cylinder_0.5_0.5_6,inner,2,SA,0.01,2,Proj.,No_MSF,108,160032
result_SELECT_10_Heisenberg2D_cylinder_0.5_0.5_6,inner,2,SA,0.01,2,Proj.,No_Top,123,173600
result_SELECT_10_Heisenberg2D_cylinder_0.5_0.5_6,inner,2,SA,0.01,2,Proj.,No_MP,131,591713
result_SELECT_10_Heisenberg2D_cylinder_0.5_0.5_6,inner,2,SA,0.01,2,Proj.,No_Kink,165,765471
result_SELECT_10_Heisenberg2D_cylinder_0.5_0.5_6,inner,2,SA,0.01,2,Proj.,Yes_Kink,168,777196
result_trotter_10_Heisenberg2D_cylinder_0.5_0.5_det,inner,1,naive,0.0,0,Single,No_MSF,756,101100
result_trotter_10_Heisenberg2D_cylinder_0.5_0.5_det,inner,1,naive,0.0,0,Single,No_Top,756,75600
result_trotter_10_Heisenberg2D_cylinder_0.5_0.5_det,inner,1,naive,0.0,0,Single,No_MP,781,128938
result_trotter_10_Heisenberg2D_cylinder_0.5_0.5_det,inner,1,naive,0.0,0,Single,No_Kink,2286,548912
result_trotter_10_Heisenberg2D_cylinder_0.5_0.5_det,inner,1,naive,0.0,0,Double,No_MSF,749,100400
result_trotter_10_Heisenberg2D_cylinder_0.5_0.5_det,inner,1,naive,0.0,0,Double,No_Top,749,74900
result_trotter_10_Heisenberg2D_cylinder_0.5_0.5_det,inner,1,naive,0.0,0,Double,No_MP,758,128933
result_trotter_10_Heisenberg2D_cylinder_0.5_0.5_det,inner,1,naive,0.0,0,Double,No_Kink,2361,656114
result_trotter_10_Heisenberg2D_cylinder_0.5_0.5_det,inner,1,naive,0.0,0,Double,Yes_Kink,2393,654511
result_trotter_10_Heisenberg2D_cylinder_0.5_0.5_det,inner,1,naive,0.0,0,Proj.,No_MSF,390,64500
result_trotter_10_Heisenberg2D_cylinder_0.5_0.5_det,inner,1,naive,0.0,0,Proj.,No_Top,580,58000
result_trotter_10_Heisenberg2D_cylinder_0.5_0.5_det,inner,1,naive,0.0,0,Proj.,No_MP,609,240684
result_trotter_10_Heisenberg2D_cylinder_0.5_0.5_det,inner,1,naive,0.0,0,Proj.,No_Kink,2316,957453
result_trotter_10_Heisenberg2D_cylinder_0.5_0.5_det,inner,1,naive,0.0,0,Proj.,Yes_Kink,2350,942977
result_SELECT_10_Heisenberg2D_cylinder_0.5_0.5_3,outer,2,naive,0.0,0,Single,No_MSF,1069,295440
result_SELECT_10_Heisenberg2D_cylinder_0.5_0.5_3,outer,2,naive,0.0,0,Single,No_Top,1069,290768
result_SELECT_10_Heisenberg2D_cylinder_0.5_0.5_3,outer,2,naive,0.0,0,Single,No_MP,1103,425124
result_SELECT_10_Heisenberg2D_cylinder_0.5_0.5_3,outer,2,naive,0.0,0,Single,No_Kink,1175,476375
result_SELECT_10_Heisenberg2D_cylinder_0.5_0.5_3,outer,2,naive,0.0,0,Single,Yes_Kink,1170,489136
result_SELECT_10_Heisenberg2D_cylinder_0.5_0.5_3,outer,2,naive,0.0,0,Double,No_MSF,987,273136
result_SELECT_10_Heisenberg2D_cylinder_0.5_0.5_3,outer,2,naive,0.0,0,Double,No_Top,987,268464
result_SELECT_10_Heisenberg2D_cylinder_0.5_0.5_3,outer,2,naive,0.0,0,Double,No_MP,1003,402682
result_SELECT_10_Heisenberg2D_cylinder_0.5_0.5_3,outer,2,naive,0.0,0,Double,No_Kink,1064,458761
result_SELECT_10_Heisenberg2D_cylinder_0.5_0.5_3,outer,2,naive,0.0,0,Double,Yes_Kink,1069,458860
result_SELECT_10_Heisenberg2D_cylinder_0.5_0.5_3,outer,2,naive,0.0,0,Proj.,No_MSF,837,232336
result_SELECT_10_Heisenberg2D_cylinder_0.5_0.5_3,outer,2,naive,0.0,0,Proj.,No_Top,837,227664
result_SELECT_10_Heisenberg2D_cylinder_0.5_0.5_3,outer,2,naive,0.0,0,Proj.,No_MP,858,956106
result_SELECT_10_Heisenberg2D_cylinder_0.5_0.5_3,outer,2,naive,0.0,0,Proj.,No_Kink,864,1042858
result_SELECT_10_Heisenberg2D_cylinder_0.5_0.5_3,outer,2,naive,0.0,0,Proj.,Yes_Kink,869,1036921
result_SELECT_10_Heisenberg2D_cylinder_0.5_0.5_5,inner,1,SA,0.001,0,Single,No_MSF,327,246016
result_SELECT_10_Heisenberg2D_cylinder_0.5_0.5_5,inner,1,SA,0.001,0,Single,No_Top,327,240672
result_SELECT_10_Heisenberg2D_cylinder_0.5_0.5_5,inner,1,SA,0.001,0,Single,No_MP,328,325316
result_SELECT_10_Heisenberg2D_cylinder_0.5_0.5_5,inner,1,SA,0.001,0,Single,No_Kink,331,364098
result_SELECT_10_Heisenberg2D_cylinder_0.5_0.5_5,inner,1,SA,0.001,0,Double,No_MSF,290,218784
result_SELECT_10_Heisenberg2D_cylinder_0.5_0.5_5,inner,1,SA,0.001,0,Double,No_Top,290,213440
result_SELECT_10_Heisenberg2D_cylinder_0.5_0.5_5,inner,1,SA,0.001,0,Double,No_MP,291,302972
result_SELECT_10_Heisenberg2D_cylinder_0.5_0.5_5,inner,1,SA,0.001,0,Double,No_Kink,294,351516
result_SELECT_10_Heisenberg2D_cylinder_0.5_0.5_5,inner,1,SA,0.001,0,Double,Yes_Kink,299,358367
result_SELECT_10_Heisenberg2D_cylinder_0.5_0.5_5,inner,1,SA,0.001,0,Proj.,No_MSF,213,162112
result_SELECT_10_Heisenberg2D_cylinder_0.5_0.5_5,inner,1,SA,0.001,0,Proj.,No_Top,213,156768
result_SELECT_10_Heisenberg2D_cylinder_0.5_0.5_5,inner,1,SA,0.001,0,Proj.,No_MP,230,580806
result_SELECT_10_Heisenberg2D_cylinder_0.5_0.5_5,inner,1,SA,0.001,0,Proj.,No_Kink,240,636856
result_SELECT_10_Heisenberg2D_cylinder_0.5_0.5_5,inner,1,SA,0.001,0,Proj.,Yes_Kink,248,646325
result_SELECT_10_Heisenberg2D_cylinder_0.5_0.5_4,inner,1,SA,0.001,0,Single,No_MSF,571,251568
result_SELECT_10_Heisenberg2D_cylinder_0.5_0.5_4,inner,1,SA,0.001,0,Single,No_Top,571,246672
result_SELECT_10_Heisenberg2D_cylinder_0.5_0.5_4,inner,1,SA,0.001,0,Single,No_MP,571,303090
result_SELECT_10_Heisenberg2D_cylinder_0.5_0.5_4,inner,1,SA,0.001,0,Single,No_Kink,572,343584
result_SELECT_10_Heisenberg2D_cylinder_0.5_0.5_4,inner,1,SA,0.001,0,Double,No_MSF,522,230400
result_SELECT_10_Heisenberg2D_cylinder_0.5_0.5_4,inner,1,SA,0.001,0,Double,No_Top,522,225504
result_SELECT_10_Heisenberg2D_cylinder_0.5_0.5_4,inner,1,SA,0.001,0,Double,No_MP,522,289387
result_SELECT_10_Heisenberg2D_cylinder_0.5_0.5_4,inner,1,SA,0.001,0,Double,No_Kink,523,334799
result_SELECT_10_Heisenberg2D_cylinder_0.5_0.5_4,inner,1,SA,0.001,0,Double,Yes_Kink,530,338655
result_SELECT_10_Heisenberg2D_cylinder_0.5_0.5_4,inner,1,SA,0.001,0,Proj.,No_MSF,420,186336
result_SELECT_10_Heisenberg2D_cylinder_0.5_0.5_4,inner,1,SA,0.001,0,Proj.,No_Top,420,181440
result_SELECT_10_Heisenberg2D_cylinder_0.5_0.5_4,inner,1,SA,0.001,0,Proj.,No_MP,435,671103
result_SELECT_10_Heisenberg2D_cylinder_0.5_0.5_4,inner,1,SA,0.001,0,Proj.,No_Kink,441,697838
result_SELECT_10_Heisenberg2D_cylinder_0.5_0.5_4,inner,1,SA,0.001,0,Proj.,Yes_Kink,448,701788
result_SELECT_10_Heisenberg2D_cylinder_0.5_0.5_0,outer,2,random,0.0,2,Single,No_MSF,8099,1001446
result_SELECT_10_Heisenberg2D_cylinder_0.5_0.5_0,outer,2,random,0.0,2,Single,No_Top,8101,997234
result_SELECT_10_Heisenberg2D_cylinder_0.5_0.5_0,outer,2,random,0.0,2,Single,No_MP,8099,1081369
result_SELECT_10_Heisenberg2D_cylinder_0.5_0.5_0,outer,2,random,0.0,2,Single,No_Kink,8101,1106477
result_SELECT_10_Heisenberg2D_cylinder_0.5_0.5_0,outer,2,random,0.0,2,Single,Yes_Kink,8101,1118230
result_SELECT_10_Heisenberg2D_cylinder_0.5_0.5_0,outer,2,random,0.0,2,Double,No_MSF,7536,932760
result_SELECT_10_Heisenberg2D_cylinder_0.5_0.5_0,outer,2,random,0.0,2,Double,No_Top,7537,928426
result_SELECT_10_Heisenberg2D_cylinder_0.5_0.5_0,outer,2,random,0.0,2,Double,No_MP,7536,1020517
result_SELECT_10_Heisenberg2D_cylinder_0.5_0.5_0,outer,2,random,0.0,2,Double,No_Kink,7537,1049832
result_SELECT_10_Heisenberg2D_cylinder_0.5_0.5_0,outer,2,random,0.0,2,Double,Yes_Kink,7537,1048791
result_SELECT_10_Heisenberg2D_cylinder_0.5_0.5_0,outer,2,random,0.0,2,Proj.,No_MSF,6660,825888
result_SELECT_10_Heisenberg2D_cylinder_0.5_0.5_0,outer,2,random,0.0,2,Proj.,No_Top,6660,821432
result_SELECT_10_Heisenberg2D_cylinder_0.5_0.5_0,outer,2,random,0.0,2,Proj.,No_MP,6660,2455595
result_SELECT_10_Heisenberg2D_cylinder_0.5_0.5_0,outer,2,random,0.0,2,Proj.,No_Kink,6660,2913425
result_SELECT_10_Heisenberg2D_cylinder_0.5_0.5_0,outer,2,random,0.0,2,Proj.,Yes_Kink,6662,2835495
result_SELECT_10_Heisenberg2D_cylinder_0.5_0.5_3,outer,2,random,0.0,2,Single,No_MSF,1069,304784
result_SELECT_10_Heisenberg2D_cylinder_0.5_0.5_3,outer,2,random,0.0,2,Single,No_Top,1069,300112
result_SELECT_10_Heisenberg2D_cylinder_0.5_0.5_3,outer,2,random,0.0,2,Single,No_MP,1069,458710
result_SELECT_10_Heisenberg2D_cylinder_0.5_0.5_3,outer,2,random,0.0,2,Single,No_Kink,1069,481155
result_SELECT_10_Heisenberg2D_cylinder_0.5_0.5_3,outer,2,random,0.0,2,Single,Yes_Kink,1070,488410
result_SELECT_10_Heisenberg2D_cylinder_0.5_0.5_3,outer,2,random,0.0,2,Double,No_MSF,987,282480
result_SELECT_10_Heisenberg2D_cylinder_0.5_0.5_3,outer,2,random,0.0,2,Double,No_Top,987,277808
result_SELECT_10_Heisenberg2D_cylinder_0.5_0.5_3,outer,2,random,0.0,2,Double,No_MP,987,442234
result_SELECT_10_Heisenberg2D_cylinder_0.5_0.5_3,outer,2,random,0.0,2,Double,No_Kink,988,469793
result_SELECT_10_Heisenberg2D_cylinder_0.5_0.5_3,outer,2,random,0.0,2,Double,Yes_Kink,1021,474720
result_SELECT_10_Heisenberg2D_cylinder_0.5_0.5_3,outer,2,random,0.0,2,Proj.,No_MSF,837,241680
result_SELECT_10_Heisenberg2D_cylinder_0.5_0.5_3,outer,2,random,0.0,2,Proj.,No_Top,837,237008
result_SELECT_10_Heisenberg2D_cylinder_0.5_0.5_3,outer,2,random,0.0,2,Proj.,No_MP,848,909420
result_SELECT_10_Heisenberg2D_cylinder_0.5_0.5_3,outer,2,random,0.0,2,Proj.,No_Kink,853,1006876
result_SELECT_10_Heisenberg2D_cylinder_0.5_0.5_3,outer,2,random,0.0,2,Proj.,Yes_Kink,855,1002160
result_SELECT_10_Heisenberg2D_cylinder_0.5_0.5_3,outer,1,SA,1.0,2,Single,No_MSF,1069,304784
result_SELECT_10_Heisenberg2D_cylinder_0.5_0.5_3,outer,1,SA,1.0,2,Single,No_Top,1069,300112
result_SELECT_10_Heisenberg2D_cylinder_0.5_0.5_3,outer,1,SA,1.0,2,Single,No_MP,1069,351902
result_SELECT_10_Heisenberg2D_cylinder_0.5_0.5_3,outer,1,SA,1.0,2,Single,No_Kink,1069,372896
result_SELECT_10_Heisenberg2D_cylinder_0.5_0.5_3,outer,1,SA,1.0,2,Double,No_MSF,987,282480
result_SELECT_10_Heisenberg2D_cylinder_0.5_0.5_3,outer,1,SA,1.0,2,Double,No_Top,987,277808
result_SELECT_10_Heisenberg2D_cylinder_0.5_0.5_3,outer,1,SA,1.0,2,Double,No_MP,987,336386
result_SELECT_10_Heisenberg2D_cylinder_0.5_0.5_3,outer,1,SA,1.0,2,Double,No_Kink,988,364998
result_SELECT_10_Heisenberg2D_cylinder_0.5_0.5_3,outer,1,SA,1.0,2,Double,Yes_Kink,990,365461
result_SELECT_10_Heisenberg2D_cylinder_0.5_0.5_3,outer,1,SA,1.0,2,Proj.,No_MSF,837,241680
result_SELECT_10_Heisenberg2D_cylinder_0.5_0.5_3,outer,1,SA,1.0,2,Proj.,No_Top,837,237008
result_SELECT_10_Heisenberg2D_cylinder_0.5_0.5_3,outer,1,SA,1.0,2,Proj.,No_MP,846,811430
result_SELECT_10_Heisenberg2D_cylinder_0.5_0.5_3,outer,1,SA,1.0,2,Proj.,No_Kink,858,910098
result_SELECT_10_Heisenberg2D_cylinder_0.5_0.5_3,outer,1,SA,1.0,2,Proj.,Yes_Kink,866,911886
result_SELECT_10_Heisenberg2D_cylinder_0.5_0.5_0,inner,1,SA,0.1,0,Single,No_MSF,8099,992534
result_SELECT_10_Heisenberg2D_cylinder_0.5_0.5_0,inner,1,SA,0.1,0,Single,No_Top,8099,988078
result_SELECT_10_Heisenberg2D_cylinder_0.5_0.5_0,inner,1,SA,0.1,0,Single,No_MP,8099,1032870
result_SELECT_10_Heisenberg2D_cylinder_0.5_0.5_0,inner,1,SA,0.1,0,Single,No_Kink,8099,1038840
result_SELECT_10_Heisenberg2D_cylinder_0.5_0.5_0,inner,1,SA,0.1,0,Double,No_MSF,7536,923848
result_SELECT_10_Heisenberg2D_cylinder_0.5_0.5_0,inner,1,SA,0.1,0,Double,No_Top,7536,919392
result_SELECT_10_Heisenberg2D_cylinder_0.5_0.5_0,inner,1,SA,0.1,0,Double,No_MP,7536,973345
result_SELECT_10_Heisenberg2D_cylinder_0.5_0.5_0,inner,1,SA,0.1,0,Double,No_Kink,7536,990950
result_SELECT_10_Heisenberg2D_cylinder_0.5_0.5_0,inner,1,SA,0.1,0,Double,Yes_Kink,7536,997673
result_SELECT_10_Heisenberg2D_cylinder_0.5_0.5_0,inner,1,SA,0.1,0,Proj.,No_MSF,6660,816976
result_SELECT_10_Heisenberg2D_cylinder_0.5_0.5_0,inner,1,SA,0.1,0,Proj.,No_Top,6660,812520
result_SELECT_10_Heisenberg2D_cylinder_0.5_0.5_0,inner,1,SA,0.1,0,Proj.,No_MP,6661,2590746
result_SELECT_10_Heisenberg2D_cylinder_0.5_0.5_0,inner,1,SA,0.1,0,Proj.,No_Kink,6664,2864264
result_SELECT_10_Heisenberg2D_cylinder_0.5_0.5_0,inner,1,SA,0.1,0,Proj.,Yes_Kink,6662,2791739
result_trotter_10_Heisenberg2D_cylinder_0.5_0.5_det,inner,2,naive,0.0,1,Single,No_MSF,756,126600
result_trotter_10_Heisenberg2D_cylinder_0.5_0.5_det,inner,2,naive,0.0,1,Single,No_Top,1173,142800
result_trotter_10_Heisenberg2D_cylinder_0.5_0.5_det,inner,2,naive,0.0,1,Single,No_MP,762,142766
result_trotter_10_Heisenberg2D_cylinder_0.5_0.5_det,inner,2,naive,0.0,1,Single,No_Kink,1408,425756
result_trotter_10_Heisenberg2D_cylinder_0.5_0.5_det,inner,2,naive,0.0,1,Single,Yes_Kink,1434,434254
result_trotter_10_Heisenberg2D_cylinder_0.5_0.5_det,inner,2,naive,0.0,1,Double,No_MSF,749,125900
result_trotter_10_Heisenberg2D_cylinder_0.5_0.5_det,inner,2,naive,0.0,1,Double,No_Top,1160,141500
result_trotter_10_Heisenberg2D_cylinder_0.5_0.5_det,inner,2,naive,0.0,1,Double,No_MP,751,143721
result_trotter_10_Heisenberg2D_cylinder_0.5_0.5_det,inner,2,naive,0.0,1,Double,No_Kink,1424,495849
result_trotter_10_Heisenberg2D_cylinder_0.5_0.5_det,inner,2,naive,0.0,1,Double,Yes_Kink,1401,499175
result_trotter_10_Heisenberg2D_cylinder_0.5_0.5_det,inner,2,naive,0.0,1,Proj.,No_MSF,390,90000
result_trotter_10_Heisenberg2D_cylinder_0.5_0.5_det,inner,2,naive,0.0,1,Proj.,No_Top,1160,141500
result_trotter_10_Heisenberg2D_cylinder_0.5_0.5_det,inner,2,naive,0.0,1,Proj.,No_MP,615,264385
result_trotter_10_Heisenberg2D_cylinder_0.5_0.5_det,inner,2,naive,0.0,1,Proj.,No_Kink,1466,877083
result_trotter_10_Heisenberg2D_cylinder_0.5_0.5_det,inner,2,naive,0.0,1,Proj.,Yes_Kink,1544,894715
result_SELECT_10_Heisenberg2D_cylinder_0.5_0.5_3,inner,2,SA,1.0,0,Single,No_MSF,1069,295440
result_SELECT_10_Heisenberg2D_cylinder_0.5_0.5_3,inner,2,SA,1.0,0,Single,No_Top,1069,290768
result_SELECT_10_Heisenberg2D_cylinder_0.5_0.5_3,inner,2,SA,1.0,0,Single,No_MP,1069,331460
result_SELECT_10_Heisenberg2D_cylinder_0.5_0.5_3,inner,2,SA,1.0,0,Single,No_Kink,1069,335853
result_SELECT_10_Heisenberg2D_cylinder_0.5_0.5_3,inner,2,SA,1.0,0,Single,Yes_Kink,1069,348913
result_SELECT_10_Heisenberg2D_cylinder_0.5_0.5_3,inner,2,SA,1.0,0,Double,No_MSF,987,273136
result_SELECT_10_Heisenberg2D_cylinder_0.5_0.5_3,inner,2,SA,1.0,0,Double,No_Top,987,268464
result_SELECT_10_Heisenberg2D_cylinder_0.5_0.5_3,inner,2,SA,1.0,0,Double,No_MP,990,319036
result_SELECT_10_Heisenberg2D_cylinder_0.5_0.5_3,inner,2,SA,1.0,0,Double,No_Kink,990,330765
result_SELECT_10_Heisenberg2D_cylinder_0.5_0.5_3,inner,2,SA,1.0,0,Double,Yes_Kink,1022,336442
result_SELECT_10_Heisenberg2D_cylinder_0.5_0.5_3,inner,2,SA,1.0,0,Proj.,No_MSF,837,232336
result_SELECT_10_Heisenberg2D_cylinder_0.5_0.5_3,inner,2,SA,1.0,0,Proj.,No_Top,837,227664
result_SELECT_10_Heisenberg2D_cylinder_0.5_0.5_3,inner,2,SA,1.0,0,Proj.,No_MP,838,779052
result_SELECT_10_Heisenberg2D_cylinder_0.5_0.5_3,inner,2,SA,1.0,0,Proj.,No_Kink,851,914573
result_SELECT_10_Heisenberg2D_cylinder_0.5_0.5_3,inner,2,SA,1.0,0,Proj.,Yes_Kink,878,939613
result_trotter_10_Heisenberg2D_cylinder_0.5_0.5_rand,inner,1,SA,0.1,1,Single,No_MSF,744,125400
result_trotter_10_Heisenberg2D_cylinder_0.5_0.5_rand,inner,1,SA,0.1,1,Single,No_Top,1164,141900
result_trotter_10_Heisenberg2D_cylinder_0.5_0.5_rand,inner,1,SA,0.1,1,Single,No_MP,744,137178
result_trotter_10_Heisenberg2D_cylinder_0.5_0.5_rand,inner,1,SA,0.1,1,Single,No_Kink,1317,353398
result_trotter_10_Heisenberg2D_cylinder_0.5_0.5_rand,inner,1,SA,0.1,1,Double,No_MSF,721,123100
result_trotter_10_Heisenberg2D_cylinder_0.5_0.5_rand,inner,1,SA,0.1,1,Double,No_Top,1160,141500
result_trotter_10_Heisenberg2D_cylinder_0.5_0.5_rand,inner,1,SA,0.1,1,Double,No_MP,721,136320
result_trotter_10_Heisenberg2D_cylinder_0.5_0.5_rand,inner,1,SA,0.1,1,Double,No_Kink,1366,430590
result_trotter_10_Heisenberg2D_cylinder_0.5_0.5_rand,inner,1,SA,0.1,1,Double,Yes_Kink,1433,437298
result_trotter_10_Heisenberg2D_cylinder_0.5_0.5_rand,inner,1,SA,0.1,1,Proj.,No_MSF,390,90000
result_trotter_10_Heisenberg2D_cylinder_0.5_0.5_rand,inner,1,SA,0.1,1,Proj.,No_Top,1160,141500
result_trotter_10_Heisenberg2D_cylinder_0.5_0.5_rand,inner,1,SA,0.1,1,Proj.,No_MP,514,235432
result_trotter_10_Heisenberg2D_cylinder_0.5_0.5_rand,inner,1,SA,0.1,1,Proj.,No_Kink,1668,650211
result_trotter_10_Heisenberg2D_cylinder_0.5_0.5_rand,inner,1,SA,0.1,1,Proj.,Yes_Kink,1688,653315
result_trotter_10_Heisenberg2D_cylinder_0.5_0.5_det,inner,1,SA,0.01,0,Single,No_MSF,756,101100
result_trotter_10_Heisenberg2D_cylinder_0.5_0.5_det,inner,1,SA,0.01,0,Single,No_Top,756,75600
result_trotter_10_Heisenberg2D_cylinder_0.5_0.5_det,inner,1,SA,0.01,0,Single,No_MP,763,113370
result_trotter_10_Heisenberg2D_cylinder_0.5_0.5_det,inner,1,SA,0.01,0,Single,No_Kink,943,254640
result_trotter_10_Heisenberg2D_cylinder_0.5_0.5_det,inner,1,SA,0.01,0,Double,No_MSF,749,100400
result_trotter_10_Heisenberg2D_cylinder_0.5_0.5_det,inner,1,SA,0.01,0,Double,No_Top,749,74900
result_trotter_10_Heisenberg2D_cylinder_0.5_0.5_det,inner,1,SA,0.01,0,Double,No_MP,751,114854
result_trotter_10_Heisenberg2D_cylinder_0.5_0.5_det,inner,1,SA,0.01,0,Double,No_Kink,1230,396375
result_trotter_10_Heisenberg2D_cylinder_0.5_0.5_det,inner,1,SA,0.01,0,Double,Yes_Kink,1291,401587
result_trotter_10_Heisenberg2D_cylinder_0.5_0.5_det,inner,1,SA,0.01,0,Proj.,No_MSF,390,64500
result_trotter_10_Heisenberg2D_cylinder_0.5_0.5_det,inner,1,SA,0.01,0,Proj.,No_Top,580,58000
result_trotter_10_Heisenberg2D_cylinder_0.5_0.5_det,inner,1,SA,0.01,0,Proj.,No_MP,593,224346
result_trotter_10_Heisenberg2D_cylinder_0.5_0.5_det,inner,1,SA,0.01,0,Proj.,No_Kink,1188,444805
result_trotter_10_Heisenberg2D_cylinder_0.5_0.5_det,inner,1,SA,0.01,0,Proj.,Yes_Kink,1290,479259
result_trotter_10_Heisenberg2D_cylinder_0.5_0.5_rand,outer,2,SA,0.1,1,Single,No_MSF,744,125400
result_trotter_10_Heisenberg2D_cylinder_0.5_0.5_rand,outer,2,SA,0.1,1,Single,No_Top,1164,141900
result_trotter_10_Heisenberg2D_cylinder_0.5_0.5_rand,outer,2,SA,0.1,1,Single,No_MP,744,135462
result_trotter_10_Heisenberg2D_cylinder_0.5_0.5_rand,outer,2,SA,0.1,1,Single,No_Kink,1215,354244
result_trotter_10_Heisenberg2D_cylinder_0.5_0.5_rand,outer,2,SA,0.1,1,Single,Yes_Kink,1234,354390
result_trotter_10_Heisenberg2D_cylinder_0.5_0.5_rand,outer,2,SA,0.1,1,Double,No_MSF,721,123100
result_trotter_10_Heisenberg2D_cylinder_0.5_0.5_rand,outer,2,SA,0.1,1,Double,No_Top,1160,141500
result_trotter_10_Heisenberg2D_cylinder_0.5_0.5_rand,outer,2,SA,0.1,1,Double,No_MP,721,134950
result_trotter_10_Heisenberg2D_cylinder_0.5_0.5_rand,outer,2,SA,0.1,1,Double,No_Kink,1236,409436
result_trotter_10_Heisenberg2D_cylinder_0.5_0.5_rand,outer,2,SA,0.1,1,Double,Yes_Kink,1237,405627
result_trotter_10_Heisenberg2D_cylinder_0.5_0.5_rand,outer,2,SA,0.1,1,Proj.,No_MSF,390,90000
result_trotter_10_Heisenberg2D_cylinder_0.5_0.5_rand,outer,2,SA,0.1,1,Proj.,No_Top,1160,141500
result_trotter_10_Heisenberg2D_cylinder_0.5_0.5_rand,outer,2,SA,0.1,1,Proj.,No_MP,505,248901
result_trotter_10_Heisenberg2D_cylinder_0.5_0.5_rand,outer,2,SA,0.1,1,Proj.,No_Kink,1246,750834
result_trotter_10_Heisenberg2D_cylinder_0.5_0.5_rand,outer,2,SA,0.1,1,Proj.,Yes_Kink,1269,759346
result_SELECT_10_Heisenberg2D_cylinder_0.5_0.5_4,inner,1,SA,0.01,2,Single,No_MSF,571,261360
result_SELECT_10_Heisenberg2D_cylinder_0.5_0.5_4,inner,1,SA,0.01,2,Single,No_Top,571,256464
result_SELECT_10_Heisenberg2D_cylinder_0.5_0.5_4,inner,1,SA,0.01,2,Single,No_MP,572,312772
result_SELECT_10_Heisenberg2D_cylinder_0.5_0.5_4,inner,1,SA,0.01,2,Single,No_Kink,572,353270
result_SELECT_10_Heisenberg2D_cylinder_0.5_0.5_4,inner,1,SA,0.01,2,Double,No_MSF,522,240192
result_SELECT_10_Heisenberg2D_cylinder_0.5_0.5_4,inner,1,SA,0.01,2,Double,No_Top,522,235296
result_SELECT_10_Heisenberg2D_cylinder_0.5_0.5_4,inner,1,SA,0.01,2,Double,No_MP,523,298339
result_SELECT_10_Heisenberg2D_cylinder_0.5_0.5_4,inner,1,SA,0.01,2,Double,No_Kink,522,343422
result_SELECT_10_Heisenberg2D_cylinder_0.5_0.5_4,inner,1,SA,0.01,2,Double,Yes_Kink,526,347494
result_SELECT_10_Heisenberg2D_cylinder_0.5_0.5_4,inner,1,SA,0.01,2,Proj.,No_MSF,420,196128
result_SELECT_10_Heisenberg2D_cylinder_0.5_0.5_4,inner,1,SA,0.01,2,Proj.,No_Top,420,191232
result_SELECT_10_Heisenberg2D_cylinder_0.5_0.5_4,inner,1,SA,0.01,2,Proj.,No_MP,433,664078
result_SELECT_10_Heisenberg2D_cylinder_0.5_0.5_4,inner,1,SA,0.01,2,Proj.,No_Kink,445,709052
result_SELECT_10_Heisenberg2D_cylinder_0.5_0.5_4,inner,1,SA,0.01,2,Proj.,Yes_Kink,453,706805
result_SELECT_10_Heisenberg2D_cylinder_0.5_0.5_2,outer,2,random,0.0,0,Single,No_MSF,2072,394080
result_SELECT_10_Heisenberg2D_cylinder_0.5_0.5_2,outer,2,random,0.0,0,Single,No_Top,2072,389536
result_SELECT_10_Heisenberg2D_cylinder_0.5_0.5_2,outer,2,random,0.0,0,Single,No_MP,2072,511496
result_SELECT_10_Heisenberg2D_cylinder_0.5_0.5_2,outer,2,random,0.0,0,Single,No_Kink,2072,533531
result_SELECT_10_Heisenberg2D_cylinder_0.5_0.5_2,outer,2,random,0.0,0,Single,Yes_Kink,2072,541598
result_SELECT_10_Heisenberg2D_cylinder_0.5_0.5_2,outer,2,random,0.0,0,Double,No_MSF,1921,365692
result_SELECT_10_Heisenberg2D_cylinder_0.5_0.5_2,outer,2,random,0.0,0,Double,No_Top,1921,361148
result_SELECT_10_Heisenberg2D_cylinder_0.5_0.5_2,outer,2,random,0.0,0,Double,No_MP,1921,490236
result_SELECT_10_Heisenberg2D_cylinder_0.5_0.5_2,outer,2,random,0.0,0,Double,No_Kink,1921,517035
result_SELECT_10_Heisenberg2D_cylinder_0.5_0.5_2,outer,2,random,0.0,0,Double,Yes_Kink,1992,526514
result_SELECT_10_Heisenberg2D_cylinder_0.5_0.5_2,outer,2,random,0.0,0,Proj.,No_MSF,1668,318128
result_SELECT_10_Heisenberg2D_cylinder_0.5_0.5_2,outer,2,random,0.0,0,Proj.,No_Top,1668,313584
result_SELECT_10_Heisenberg2D_cylinder_0.5_0.5_2,outer,2,random,0.0,0,Proj.,No_MP,1673,1250973
result_SELECT_10_Heisenberg2D_cylinder_0.5_0.5_2,outer,2,random,0.0,0,Proj.,No_Kink,1677,1358662
result_SELECT_10_Heisenberg2D_cylinder_0.5_0.5_2,outer,2,random,0.0,0,Proj.,Yes_Kink,1679,1346362
result_SELECT_10_Heisenberg2D_cylinder_0.5_0.5_4,outer,2,naive,0.0,0,Single,No_MSF,571,251568
result_SELECT_10_Heisenberg2D_cylinder_0.5_0.5_4,outer,2,naive,0.0,0,Single,No_Top,571,246672
result_SELECT_10_Heisenberg2D_cylinder_0.5_0.5_4,outer,2,naive,0.0,0,Single,No_MP,760,516585
result_SELECT_10_Heisenberg2D_cylinder_0.5_0.5_4,outer,2,naive,0.0,0,Single,No_Kink,925,627960
result_SELECT_10_Heisenberg2D_cylinder_0.5_0.5_4,outer,2,naive,0.0,0,Single,Yes_Kink,886,629462
result_SELECT_10_Heisenberg2D_cylinder_0.5_0.5_4,outer,2,naive,0.0,0,Double,No_MSF,522,230400
result_SELECT_10_Heisenberg2D_cylinder_0.5_0.5_4,outer,2,naive,0.0,0,Double,No_Top,522,225504
result_SELECT_10_Heisenberg2D_cylinder_0.5_0.5_4,outer,2,naive,0.0,0,Double,No_MP,607,460120
result_SELECT_10_Heisenberg2D_cylinder_0.5_0.5_4,outer,2,naive,0.0,0,Double,No_Kink,790,590234
result_SELECT_10_Heisenberg2D_cylinder_0.5_0.5_4,outer,2,naive,0.0,0,Double,Yes_Kink,783,586997
result_SELECT_10_Heisenberg2D_cylinder_0.5_0.5_4,outer,2,naive,0.0,0,Proj.,No_MSF,420,186336
result_SELECT_10_Heisenberg2D_cylinder_0.5_0.5_4,outer,2,naive,0.0,0,Proj.,No_Top,420,181440
result_SELECT_10_Heisenberg2D_cylinder_0.5_0.5_4,outer,2,naive,0.0,0,Proj.,No_MP,450,787326
result_SELECT_10_Heisenberg2D_cylinder_0.5_0.5_4,outer,2,naive,0.0,0,Proj.,No_Kink,462,830324
result_SELECT_10_Heisenberg2D_cylinder_0.5_0.5_4,outer,2,naive,0.0,0,Proj.,Yes_Kink,479,852951
result_trotter_10_Heisenberg2D_cylinder_0.5_0.5_rand,inner,2,SA,0.01,1,Single,No_MSF,744,125400
result_trotter_10_Heisenberg2D_cylinder_0.5_0.5_rand,inner,2,SA,0.01,1,Single,No_Top,1164,141900
result_trotter_10_Heisenberg2D_cylinder_0.5_0.5_rand,inner,2,SA,0.01,1,Single,No_MP,744,134576
result_trotter_10_Heisenberg2D_cylinder_0.5_0.5_rand,inner,2,SA,0.01,1,Single,No_Kink,1175,360764
result_trotter_10_Heisenberg2D_cylinder_0.5_0.5_rand,inner,2,SA,0.01,1,Single,Yes_Kink,1183,368014
result_trotter_10_Heisenberg2D_cylinder_0.5_0.5_rand,inner,2,SA,0.01,1,Double,No_MSF,721,123100
result_trotter_10_Heisenberg2D_cylinder_0.5_0.5_rand,inner,2,SA,0.01,1,Double,No_Top,1160,141500
result_trotter_10_Heisenberg2D_cylinder_0.5_0.5_rand,inner,2,SA,0.01,1,Double,No_MP,722,134339
result_trotter_10_Heisenberg2D_cylinder_0.5_0.5_rand,inner,2,SA,0.01,1,Double,No_Kink,1164,377127
result_trotter_10_Heisenberg2D_cylinder_0.5_0.5_rand,inner,2,SA,0.01,1,Double,Yes_Kink,1169,396658
result_trotter_10_Heisenberg2D_cylinder_0.5_0.5_rand,inner,2,SA,0.01,1,Proj.,No_MSF,390,90000
result_trotter_10_Heisenberg2D_cylinder_0.5_0.5_rand,inner,2,SA,0.01,1,Proj.,No_Top,1160,141500
result_trotter_10_Heisenberg2D_cylinder_0.5_0.5_rand,inner,2,SA,0.01,1,Proj.,No_MP,485,244786
result_trotter_10_Heisenberg2D_cylinder_0.5_0.5_rand,inner,2,SA,0.01,1,Proj.,No_Kink,1299,760516
result_trotter_10_Heisenberg2D_cylinder_0.5_0.5_rand,inner,2,SA,0.01,1,Proj.,Yes_Kink,1280,753894
result_trotter_10_Heisenberg2D_cylinder_0.5_0.5_rand,outer,2,random,0.0,0,Single,No_MSF,744,99900
result_trotter_10_Heisenberg2D_cylinder_0.5_0.5_rand,outer,2,random,0.0,0,Single,No_Top,744,74400
result_trotter_10_Heisenberg2D_cylinder_0.5_0.5_rand,outer,2,random,0.0,0,Single,No_MP,745,127444
result_trotter_10_Heisenberg2D_cylinder_0.5_0.5_rand,outer,2,random,0.0,0,Single,No_Kink,884,305214
result_trotter_10_Heisenberg2D_cylinder_0.5_0.5_rand,outer,2,random,0.0,0,Single,Yes_Kink,897,309887
result_trotter_10_Heisenberg2D_cylinder_0.5_0.5_rand,outer,2,random,0.0,0,Double,No_MSF,721,97600
result_trotter_10_Heisenberg2D_cylinder_0.5_0.5_rand,outer,2,random,0.0,0,Double,No_Top,721,72100
result_trotter_10_Heisenberg2D_cylinder_0.5_0.5_rand,outer,2,random,0.0,0,Double,No_MP,724,125143
result_trotter_10_Heisenberg2D_cylinder_0.5_0.5_rand,outer,2,random,0.0,0,Double,No_Kink,963,400723
result_trotter_10_Heisenberg2D_cylinder_0.5_0.5_rand,outer,2,random,0.0,0,Double,Yes_Kink,1023,402325
result_trotter_10_Heisenberg2D_cylinder_0.5_0.5_rand,outer,2,random,0.0,0,Proj.,No_MSF,390,64500
result_trotter_10_Heisenberg2D_cylinder_0.5_0.5_rand,outer,2,random,0.0,0,Proj.,No_Top,580,58000
result_trotter_10_Heisenberg2D_cylinder_0.5_0.5_rand,outer,2,random,0.0,0,Proj.,No_MP,507,260022
result_trotter_10_Heisenberg2D_cylinder_0.5_0.5_rand,outer,2,random,0.0,0,Proj.,No_Kink,941,548822
result_trotter_10_Heisenberg2D_cylinder_0.5_0.5_rand,outer,2,random,0.0,0,Proj.,Yes_Kink,1011,587712
result_trotter_10_Heisenberg2D_cylinder_0.5_0.5_det,inner,2,SA,0.01,1,Single,No_MSF,756,126600
result_trotter_10_Heisenberg2D_cylinder_0.5_0.5_det,inner,2,SA,0.01,1,Single,No_Top,1173,142800
result_trotter_10_Heisenberg2D_cylinder_0.5_0.5_det,inner,2,SA,0.01,1,Single,No_MP,757,136558
result_trotter_10_Heisenberg2D_cylinder_0.5_0.5_det,inner,2,SA,0.01,1,Single,No_Kink,1181,347070
result_trotter_10_Heisenberg2D_cylinder_0.5_0.5_det,inner,2,SA,0.01,1,Single,Yes_Kink,1192,351147
result_trotter_10_Heisenberg2D_cylinder_0.5_0.5_det,inner,2,SA,0.01,1,Double,No_MSF,749,125900
result_trotter_10_Heisenberg2D_cylinder_0.5_0.5_det,inner,2,SA,0.01,1,Double,No_Top,1160,141500
result_trotter_10_Heisenberg2D_cylinder_0.5_0.5_det,inner,2,SA,0.01,1,Double,No_MP,750,137772
result_trotter_10_Heisenberg2D_cylinder_0.5_0.5_det,inner,2,SA,0.01,1,Double,No_Kink,1163,359139
result_trotter_10_Heisenberg2D_cylinder_0.5_0.5_det,inner,2,SA,0.01,1,Double,Yes_Kink,1166,375869
result_trotter_10_Heisenberg2D_cylinder_0.5_0.5_det,inner,2,SA,0.01,1,Proj.,No_MSF,390,90000
result_trotter_10_Heisenberg2D_cylinder_0.5_0.5_det,inner,2,SA,0.01,1,Proj.,No_Top,1160,141500
result_trotter_10_Heisenberg2D_cylinder_0.5_0.5_det,inner,2,SA,0.01,1,Proj.,No_MP,538,283414
result_trotter_10_Heisenberg2D_cylinder_0.5_0.5_det,inner,2,SA,0.01,1,Proj.,No_Kink,1292,753459
result_trotter_10_Heisenberg2D_cylinder_0.5_0.5_det,inner,2,SA,0.01,1,Proj.,Yes_Kink,1298,749266
result_SELECT_10_Heisenberg2D_cylinder_0.5_0.5_6,outer,2,SA,0.01,0,Single,No_MSF,211,282944
result_SELECT_10_Heisenberg2D_cylinder_0.5_0.5_6,outer,2,SA,0.01,0,Single,No_Top,211,276832
result_SELECT_10_Heisenberg2D_cylinder_0.5_0.5_6,outer,2,SA,0.01,0,Single,No_MP,211,384000
result_SELECT_10_Heisenberg2D_cylinder_0.5_0.5_6,outer,2,SA,0.01,0,Single,No_Kink,212,467506
result_SELECT_10_Heisenberg2D_cylinder_0.5_0.5_6,outer,2,SA,0.01,0,Single,Yes_Kink,212,486817
result_SELECT_10_Heisenberg2D_cylinder_0.5_0.5_6,outer,2,SA,0.01,0,Double,No_MSF,177,238336
result_SELECT_10_Heisenberg2D_cylinder_0.5_0.5_6,outer,2,SA,0.01,0,Double,No_Top,177,232224
result_SELECT_10_Heisenberg2D_cylinder_0.5_0.5_6,outer,2,SA,0.01,0,Double,No_MP,179,351077
result_SELECT_10_Heisenberg2D_cylinder_0.5_0.5_6,outer,2,SA,0.01,0,Double,No_Kink,183,449992
result_SELECT_10_Heisenberg2D_cylinder_0.5_0.5_6,outer,2,SA,0.01,0,Double,Yes_Kink,192,456024
result_SELECT_10_Heisenberg2D_cylinder_0.5_0.5_6,outer,2,SA,0.01,0,Proj.,No_MSF,108,147808
result_SELECT_10_Heisenberg2D_cylinder_0.5_0.5_6,outer,2,SA,0.01,0,Proj.,No_Top,108,141696
result_SELECT_10_Heisenberg2D_cylinder_0.5_0.5_6,outer,2,SA,0.01,0,Proj.,No_MP,125,548965
result_SELECT_10_Heisenberg2D_cylinder_0.5_0.5_6,outer,2,SA,0.01,0,Proj.,No_Kink,139,668855
result_SELECT_10_Heisenberg2D_cylinder_0.5_0.5_6,outer,2,SA,0.01,0,Proj.,Yes_Kink,142,684972
result_SELECT_10_Heisenberg2D_cylinder_0.5_0.5_6,outer,2,SA,0.001,2,Single,No_MSF,211,295168
result_SELECT_10_Heisenberg2D_cylinder_0.5_0.5_6,outer,2,SA,0.001,2,Single,No_Top,211,289056
result_SELECT_10_Heisenberg2D_cylinder_0.5_0.5_6,outer,2,SA,0.001,2,Single,No_MP,211,393690
result_SELECT_10_Heisenberg2D_cylinder_0.5_0.5_6,outer,2,SA,0.001,2,Single,No_Kink,212,541283
result_SELECT_10_Heisenberg2D_cylinder_0.5_0.5_6,outer,2,SA,0.001,2,Single,Yes_Kink,213,553788
result_SELECT_10_Heisenberg2D_cylinder_0.5_0.5_6,outer,2,SA,0.001,2,Double,No_MSF,177,250560
result_SELECT_10_Heisenberg2D_cylinder_0.5_0.5_6,outer,2,SA,0.001,2,Double,No_Top,177,244448
result_SELECT_10_Heisenberg2D_cylinder_0.5_0.5_6,outer,2,SA,0.001,2,Double,No_MP,179,361080
result_SELECT_10_Heisenberg2D_cylinder_0.5_0.5_6,outer,2,SA,0.001,2,Double,No_Kink,184,535019
result_SELECT_10_Heisenberg2D_cylinder_0.5_0.5_6,outer,2,SA,0.001,2,Double,Yes_Kink,195,553612
result_SELECT_10_Heisenberg2D_cylinder_0.5_0.5_6,outer,2,SA,0.001,2,Proj.,No_MSF,108,160032
result_SELECT_10_Heisenberg2D_cylinder_0.5_0.5_6,outer,2,SA,0.001,2,Proj.,No_Top,123,173600
result_SELECT_10_Heisenberg2D_cylinder_0.5_0.5_6,outer,2,SA,0.001,2,Proj.,No_MP,125,578789
result_SELECT_10_Heisenberg2D_cylinder_0.5_0.5_6,outer,2,SA,0.001,2,Proj.,No_Kink,145,717519
result_SELECT_10_Heisenberg2D_cylinder_0.5_0.5_6,outer,2,SA,0.001,2,Proj.,Yes_Kink,155,754184
result_SELECT_10_Heisenberg2D_cylinder_0.5_0.5_2,outer,1,SA,0.001,2,Single,No_MSF,2072,403168
result_SELECT_10_Heisenberg2D_cylinder_0.5_0.5_2,outer,1,SA,0.001,2,Single,No_Top,2072,398624
result_SELECT_10_Heisenberg2D_cylinder_0.5_0.5_2,outer,1,SA,0.001,2,Single,No_MP,2072,442314
result_SELECT_10_Heisenberg2D_cylinder_0.5_0.5_2,outer,1,SA,0.001,2,Single,No_Kink,2072,482052
result_SELECT_10_Heisenberg2D_cylinder_0.5_0.5_2,outer,1,SA,0.001,2,Double,No_MSF,1921,374780
result_SELECT_10_Heisenberg2D_cylinder_0.5_0.5_2,outer,1,SA,0.001,2,Double,No_Top,1921,370236
result_SELECT_10_Heisenberg2D_cylinder_0.5_0.5_2,outer,1,SA,0.001,2,Double,No_MP,1921,423865
result_SELECT_10_Heisenberg2D_cylinder_0.5_0.5_2,outer,1,SA,0.001,2,Double,No_Kink,1923,469182
result_SELECT_10_Heisenberg2D_cylinder_0.5_0.5_2,outer,1,SA,0.001,2,Double,Yes_Kink,1927,468903
result_SELECT_10_Heisenberg2D_cylinder_0.5_0.5_2,outer,1,SA,0.001,2,Proj.,No_MSF,1668,327216
result_SELECT_10_Heisenberg2D_cylinder_0.5_0.5_2,outer,1,SA,0.001,2,Proj.,No_Top,1668,322672
result_SELECT_10_Heisenberg2D_cylinder_0.5_0.5_2,outer,1,SA,0.001,2,Proj.,No_MP,1673,1034729
result_SELECT_10_Heisenberg2D_cylinder_0.5_0.5_2,outer,1,SA,0.001,2,Proj.,No_Kink,1681,1262413
result_SELECT_10_Heisenberg2D_cylinder_0.5_0.5_2,outer,1,SA,0.001,2,Proj.,Yes_Kink,1709,1263889
result_SELECT_10_Heisenberg2D_cylinder_0.5_0.5_6,outer,1,SA,0.1,8,Single,No_MSF,211,331840
result_SELECT_10_Heisenberg2D_cylinder_0.5_0.5_6,outer,1,SA,0.1,8,Single,No_Top,383,551392
result_SELECT_10_Heisenberg2D_cylinder_0.5_0.5_6,outer,1,SA,0.1,8,Single,No_MP,216,486286
result_SELECT_10_Heisenberg2D_cylinder_0.5_0.5_6,outer,1,SA,0.1,8,Single,No_Kink,386,928996
result_SELECT_10_Heisenberg2D_cylinder_0.5_0.5_6,outer,1,SA,0.1,8,Double,No_MSF,177,287232
result_SELECT_10_Heisenberg2D_cylinder_0.5_0.5_6,outer,1,SA,0.1,8,Double,No_Top,374,539584
result_SELECT_10_Heisenberg2D_cylinder_0.5_0.5_6,outer,1,SA,0.1,8,Double,No_MP,185,446595
result_SELECT_10_Heisenberg2D_cylinder_0.5_0.5_6,outer,1,SA,0.1,8,Double,No_Kink,369,954119
result_SELECT_10_Heisenberg2D_cylinder_0.5_0.5_6,outer,1,SA,0.1,8,Double,Yes_Kink,371,962382
result_SELECT_10_Heisenberg2D_cylinder_0.5_0.5_6,outer,1,SA,0.1,8,Proj.,No_MSF,108,196704
result_SELECT_10_Heisenberg2D_cylinder_0.5_0.5_6,outer,1,SA,0.1,8,Proj.,No_Top,369,533024
result_SELECT_10_Heisenberg2D_cylinder_0.5_0.5_6,outer,1,SA,0.1,8,Proj.,No_MP,136,647013
result_SELECT_10_Heisenberg2D_cylinder_0.5_0.5_6,outer,1,SA,0.1,8,Proj.,No_Kink,378,1741380
result_SELECT_10_Heisenberg2D_cylinder_0.5_0.5_6,outer,1,SA,0.1,8,Proj.,Yes_Kink,378,1734487
result_SELECT_10_Heisenberg2D_cylinder_0.5_0.5_6,outer,2,naive,0.0,2,Single,No_MSF,211,295168
result_SELECT_10_Heisenberg2D_cylinder_0.5_0.5_6,outer,2,naive,0.0,2,Single,No_Top,211,289056
result_SELECT_10_Heisenberg2D_cylinder_0.5_0.5_6,outer,2,naive,0.0,2,Single,No_MP,352,863250
result_SELECT_10_Heisenberg2D_cylinder_0.5_0.5_6,outer,2,naive,0.0,2,Single,No_Kink,548,1245944
result_SELECT_10_Heisenberg2D_cylinder_0.5_0.5_6,outer,2,naive,0.0,2,Single,Yes_Kink,506,1215108
result_SELECT_10_Heisenberg2D_cylinder_0.5_0.5_6,outer,2,naive,0.0,2,Double,No_MSF,177,250560
result_SELECT_10_Heisenberg2D_cylinder_0.5_0.5_6,outer,2,naive,0.0,2,Double,No_Top,177,244448
result_SELECT_10_Heisenberg2D_cylinder_0.5_0.5_6,outer,2,naive,0.0,2,Double,No_MP,301,813681
result_SELECT_10_Heisenberg2D_cylinder_0.5_0.5_6,outer,2,naive,0.0,2,Double,No_Kink,484,1193994
result_SELECT_10_Heisenberg2D_cylinder_0.5_0.5_6,outer,2,naive,0.0,2,Double,Yes_Kink,491,1212009
result_SELECT_10_Heisenberg2D_cylinder_0.5_0.5_6,outer,2,naive,0.0,2,Proj.,No_MSF,108,160032
result_SELECT_10_Heisenberg2D_cylinder_0.5_0.5_6,outer,2,naive,0.0,2,Proj.,No_Top,123,173600
result_SELECT_10_Heisenberg2D_cylinder_0.5_0.5_6,outer,2,naive,0.0,2,Proj.,No_MP,199,986212
result_SELECT_10_Heisenberg2D_cylinder_0.5_0.5_6,outer,2,naive,0.0,2,Proj.,No_Kink,276,1390588
result_SELECT_10_Heisenberg2D_cylinder_0.5_0.5_6,outer,2,naive,0.0,2,Proj.,Yes_Kink,286,1431763
result_SELECT_10_Heisenberg2D_cylinder_0.5_0.5_6,inner,2,SA,1.0,8,Single,No_MSF,211,331840
result_SELECT_10_Heisenberg2D_cylinder_0.5_0.5_6,inner,2,SA,1.0,8,Single,No_Top,383,551392
result_SELECT_10_Heisenberg2D_cylinder_0.5_0.5_6,inner,2,SA,1.0,8,Single,No_MP,211,437806
result_SELECT_10_Heisenberg2D_cylinder_0.5_0.5_6,inner,2,SA,1.0,8,Single,No_Kink,384,783863
result_SELECT_10_Heisenberg2D_cylinder_0.5_0.5_6,inner,2,SA,1.0,8,Single,Yes_Kink,384,802228
result_SELECT_10_Heisenberg2D_cylinder_0.5_0.5_6,inner,2,SA,1.0,8,Double,No_MSF,177,287232
result_SELECT_10_Heisenberg2D_cylinder_0.5_0.5_6,inner,2,SA,1.0,8,Double,No_Top,374,539584
result_SELECT_10_Heisenberg2D_cylinder_0.5_0.5_6,inner,2,SA,1.0,8,Double,No_MP,180,406449
result_SELECT_10_Heisenberg2D_cylinder_0.5_0.5_6,inner,2,SA,1.0,8,Double,No_Kink,374,787027
result_SELECT_10_Heisenberg2D_cylinder_0.5_0.5_6,inner,2,SA,1.0,8,Double,Yes_Kink,376,792804
result_SELECT_10_Heisenberg2D_cylinder_0.5_0.5_6,inner,2,SA,1.0,8,Proj.,No_MSF,108,196704
result_SELECT_10_Heisenberg2D_cylinder_0.5_0.5_6,inner,2,SA,1.0,8,Proj.,No_Top,369,533024
result_SELECT_10_Heisenberg2D_cylinder_0.5_0.5_6,inner,2,SA,1.0,8,Proj.,No_MP,125,609159
result_SELECT_10_Heisenberg2D_cylinder_0.5_0.5_6,inner,2,SA,1.0,8,Proj.,No_Kink,909,3099551
result_SELECT_10_Heisenberg2D_cylinder_0.5_0.5_6,inner,2,SA,1.0,8,Proj.,Yes_Kink,936,3169984
result_SELECT_10_Heisenberg2D_cylinder_0.5_0.5_6,inner,1,random,0.0,10,Single,No_MSF,211,344064
result_SELECT_10_Heisenberg2D_cylinder_0.5_0.5_6,inner,1,random,0.0,10,Single,No_Top,463,668576
result_SELECT_10_Heisenberg2D_cylinder_0.5_0.5_6,inner,1,random,0.0,10,Single,No_MP,596,1544332
result_SELECT_10_Heisenberg2D_cylinder_0.5_0.5_6,inner,1,random,0.0,10,Single,No_Kink,648,1705200
result_SELECT_10_Heisenberg2D_cylinder_0.5_0.5_6,inner,1,random,0.0,10,Double,No_MSF,177,299456
result_SELECT_10_Heisenberg2D_cylinder_0.5_0.5_6,inner,1,random,0.0,10,Double,No_Top,454,656768
result_SELECT_10_Heisenberg2D_cylinder_0.5_0.5_6,inner,1,random,0.0,10,Double,No_MP,334,1215866
result_SELECT_10_Heisenberg2D_cylinder_0.5_0.5_6,inner,1,random,0.0,10,Double,No_Kink,468,1539687
result_SELECT_10_Heisenberg2D_cylinder_0.5_0.5_6,inner,1,random,0.0,10,Double,Yes_Kink,471,1536932
result_SELECT_10_Heisenberg2D_cylinder_0.5_0.5_6,inner,1,random,0.0,10,Proj.,No_MSF,108,208928
result_SELECT_10_Heisenberg2D_cylinder_0.5_0.5_6,inner,1,random,0.0,10,Proj.,No_Top,451,652832
result_SELECT_10_Heisenberg2D_cylinder_0.5_0.5_6,inner,1,random,0.0,10,Proj.,No_MP,236,1182752
result_SELECT_10_Heisenberg2D_cylinder_0.5_0.5_6,inner,1,random,0.0,10,Proj.,No_Kink,1205,5336228
result_SELECT_10_Heisenberg2D_cylinder_0.5_0.5_6,inner,1,random,0.0,10,Proj.,Yes_Kink,1171,5242912
result_SELECT_10_Heisenberg2D_cylinder_0.5_0.5_5,inner,2,naive,0.0,2,Single,No_MSF,327,256704
result_SELECT_10_Heisenberg2D_cylinder_0.5_0.5_5,inner,2,naive,0.0,2,Single,No_Top,327,251360
result_SELECT_10_Heisenberg2D_cylinder_0.5_0.5_5,inner,2,naive,0.0,2,Single,No_MP,470,612773
result_SELECT_10_Heisenberg2D_cylinder_0.5_0.5_5,inner,2,naive,0.0,2,Single,No_Kink,534,729917
result_SELECT_10_Heisenberg2D_cylinder_0.5_0.5_5,inner,2,naive,0.0,2,Single,Yes_Kink,523,737715
result_SELECT_10_Heisenberg2D_cylinder_0.5_0.5_5,inner,2,naive,0.0,2,Double,No_MSF,290,229472
result_SELECT_10_Heisenberg2D_cylinder_0.5_0.5_5,inner,2,naive,0.0,2,Double,No_Top,291,224864
result_SELECT_10_Heisenberg2D_cylinder_0.5_0.5_5,inner,2,naive,0.0,2,Double,No_MP,393,570786
result_SELECT_10_Heisenberg2D_cylinder_0.5_0.5_5,inner,2,naive,0.0,2,Double,No_Kink,465,699859
result_SELECT_10_Heisenberg2D_cylinder_0.5_0.5_5,inner,2,naive,0.0,2,Double,Yes_Kink,477,708168
result_SELECT_10_Heisenberg2D_cylinder_0.5_0.5_5,inner,2,naive,0.0,2,Proj.,No_MSF,213,172800
result_SELECT_10_Heisenberg2D_cylinder_0.5_0.5_5,inner,2,naive,0.0,2,Proj.,No_Top,213,167456
result_SELECT_10_Heisenberg2D_cylinder_0.5_0.5_5,inner,2,naive,0.0,2,Proj.,No_MP,255,774879
result_SELECT_10_Heisenberg2D_cylinder_0.5_0.5_5,inner,2,naive,0.0,2,Proj.,No_Kink,316,977179
result_SELECT_10_Heisenberg2D_cylinder_0.5_0.5_5,inner,2,naive,0.0,2,Proj.,Yes_Kink,338,1033141
result_SELECT_10_Heisenberg2D_cylinder_0.5_0.5_4,outer,1,naive,0.0,2,Single,No_MSF,571,261360
result_SELECT_10_Heisenberg2D_cylinder_0.5_0.5_4,outer,1,naive,0.0,2,Single,No_Top,571,256464
result_SELECT_10_Heisenberg2D_cylinder_0.5_0.5_4,outer,1,naive,0.0,2,Single,No_MP,854,624826
result_SELECT_10_Heisenberg2D_cylinder_0.5_0.5_4,outer,1,naive,0.0,2,Single,No_Kink,1081,780176
result_SELECT_10_Heisenberg2D_cylinder_0.5_0.5_4,outer,1,naive,0.0,2,Double,No_MSF,522,240192
result_SELECT_10_Heisenberg2D_cylinder_0.5_0.5_4,outer,1,naive,0.0,2,Double,No_Top,522,235296
result_SELECT_10_Heisenberg2D_cylinder_0.5_0.5_4,outer,1,naive,0.0,2,Double,No_MP,672,548253
result_SELECT_10_Heisenberg2D_cylinder_0.5_0.5_4,outer,1,naive,0.0,2,Double,No_Kink,831,699014
result_SELECT_10_Heisenberg2D_cylinder_0.5_0.5_4,outer,1,naive,0.0,2,Double,Yes_Kink,842,703110
result_SELECT_10_Heisenberg2D_cylinder_0.5_0.5_4,outer,1,naive,0.0,2,Proj.,No_MSF,420,196128
result_SELECT_10_Heisenberg2D_cylinder_0.5_0.5_4,outer,1,naive,0.0,2,Proj.,No_Top,420,191232
result_SELECT_10_Heisenberg2D_cylinder_0.5_0.5_4,outer,1,naive,0.0,2,Proj.,No_MP,468,728895
result_SELECT_10_Heisenberg2D_cylinder_0.5_0.5_4,outer,1,naive,0.0,2,Proj.,No_Kink,531,853756
result_SELECT_10_Heisenberg2D_cylinder_0.5_0.5_4,outer,1,naive,0.0,2,Proj.,Yes_Kink,560,892198
result_trotter_10_Heisenberg2D_cylinder_0.5_0.5_det,outer,1,naive,0.0,2,Single,No_MSF,756,152100
result_trotter_10_Heisenberg2D_cylinder_0.5_0.5_det,outer,1,naive,0.0,2,Single,No_Top,1742,225200
result_trotter_10_Heisenberg2D_cylinder_0.5_0.5_det,outer,1,naive,0.0,2,Single,No_MP,765,176872
result_trotter_10_Heisenberg2D_cylinder_0.5_0.5_det,outer,1,naive,0.0,2,Single,No_Kink,1809,485512
result_trotter_10_Heisenberg2D_cylinder_0.5_0.5_det,outer,1,naive,0.0,2,Double,No_MSF,749,151400
result_trotter_10_Heisenberg2D_cylinder_0.5_0.5_det,outer,1,naive,0.0,2,Double,No_Top,1740,225000
result_trotter_10_Heisenberg2D_cylinder_0.5_0.5_det,outer,1,naive,0.0,2,Double,No_MP,751,177016
result_trotter_10_Heisenberg2D_cylinder_0.5_0.5_det,outer,1,naive,0.0,2,Double,No_Kink,1770,537050
result_trotter_10_Heisenberg2D_cylinder_0.5_0.5_det,outer,1,naive,0.0,2,Double,Yes_Kink,1796,558343
result_trotter_10_Heisenberg2D_cylinder_0.5_0.5_det,outer,1,naive,0.0,2,Proj.,No_MSF,390,115500
result_trotter_10_Heisenberg2D_cylinder_0.5_0.5_det,outer,1,naive,0.0,2,Proj.,No_Top,1740,225000
result_trotter_10_Heisenberg2D_cylinder_0.5_0.5_det,outer,1,naive,0.0,2,Proj.,No_MP,586,283235
result_trotter_10_Heisenberg2D_cylinder_0.5_0.5_det,outer,1,naive,0.0,2,Proj.,No_Kink,1910,786637
result_trotter_10_Heisenberg2D_cylinder_0.5_0.5_det,outer,1,naive,0.0,2,Proj.,Yes_Kink,1919,782414
result_SELECT_10_Heisenberg2D_cylinder_0.5_0.5_2,inner,2,SA,1.0,2,Single,No_MSF,2072,403168
result_SELECT_10_Heisenberg2D_cylinder_0.5_0.5_2,inner,2,SA,1.0,2,Single,No_Top,2072,398624
result_SELECT_10_Heisenberg2D_cylinder_0.5_0.5_2,inner,2,SA,1.0,2,Single,No_MP,2072,437293
result_SELECT_10_Heisenberg2D_cylinder_0.5_0.5_2,inner,2,SA,1.0,2,Single,No_Kink,2072,447617
result_SELECT_10_Heisenberg2D_cylinder_0.5_0.5_2,inner,2,SA,1.0,2,Single,Yes_Kink,2072,467944
result_SELECT_10_Heisenberg2D_cylinder_0.5_0.5_2,inner,2,SA,1.0,2,Double,No_MSF,1921,374780
result_SELECT_10_Heisenberg2D_cylinder_0.5_0.5_2,inner,2,SA,1.0,2,Double,No_Top,1921,370236
result_SELECT_10_Heisenberg2D_cylinder_0.5_0.5_2,inner,2,SA,1.0,2,Double,No_MP,1921,418294
result_SELECT_10_Heisenberg2D_cylinder_0.5_0.5_2,inner,2,SA,1.0,2,Double,No_Kink,1921,437043
result_SELECT_10_Heisenberg2D_cylinder_0.5_0.5_2,inner,2,SA,1.0,2,Double,Yes_Kink,1922,435210
result_SELECT_10_Heisenberg2D_cylinder_0.5_0.5_2,inner,2,SA,1.0,2,Proj.,No_MSF,1668,327216
result_SELECT_10_Heisenberg2D_cylinder_0.5_0.5_2,inner,2,SA,1.0,2,Proj.,No_Top,1668,322672
result_SELECT_10_Heisenberg2D_cylinder_0.5_0.5_2,inner,2,SA,1.0,2,Proj.,No_MP,1671,1060041
result_SELECT_10_Heisenberg2D_cylinder_0.5_0.5_2,inner,2,SA,1.0,2,Proj.,No_Kink,1682,1169321
result_SELECT_10_Heisenberg2D_cylinder_0.5_0.5_2,inner,2,SA,1.0,2,Proj.,Yes_Kink,1686,1166917
result_SELECT_10_Heisenberg2D_cylinder_0.5_0.5_1,inner,1,SA,1.0,0,Single,No_MSF,4079,591856
result_SELECT_10_Heisenberg2D_cylinder_0.5_0.5_1,inner,1,SA,1.0,0,Single,No_Top,4079,587376
result_SELECT_10_Heisenberg2D_cylinder_0.5_0.5_1,inner,1,SA,1.0,0,Single,No_MP,4079,635176
result_SELECT_10_Heisenberg2D_cylinder_0.5_0.5_1,inner,1,SA,1.0,0,Single,No_Kink,4079,639446
result_SELECT_10_Heisenberg2D_cylinder_0.5_0.5_1,inner,1,SA,1.0,0,Double,No_MSF,3792,550528
result_SELECT_10_Heisenberg2D_cylinder_0.5_0.5_1,inner,1,SA,1.0,0,Double,No_Top,3792,546048
result_SELECT_10_Heisenberg2D_cylinder_0.5_0.5_1,inner,1,SA,1.0,0,Double,No_MP,3792,602670
result_SELECT_10_Heisenberg2D_cylinder_0.5_0.5_1,inner,1,SA,1.0,0,Double,No_Kink,3792,615942
result_SELECT_10_Heisenberg2D_cylinder_0.5_0.5_1,inner,1,SA,1.0,0,Double,Yes_Kink,3793,615409
result_SELECT_10_Heisenberg2D_cylinder_0.5_0.5_1,inner,1,SA,1.0,0,Proj.,No_MSF,3333,484432
result_SELECT_10_Heisenberg2D_cylinder_0.5_0.5_1,inner,1,SA,1.0,0,Proj.,No_Top,3333,479952
result_SELECT_10_Heisenberg2D_cylinder_0.5_0.5_1,inner,1,SA,1.0,0,Proj.,No_MP,3335,1598791
result_SELECT_10_Heisenberg2D_cylinder_0.5_0.5_1,inner,1,SA,1.0,0,Proj.,No_Kink,3342,1702996
result_SELECT_10_Heisenberg2D_cylinder_0.5_0.5_1,inner,1,SA,1.0,0,Proj.,Yes_Kink,3346,1677033
result_trotter_10_Heisenberg2D_cylinder_0.5_0.5_det,outer,1,SA,0.01,2,Single,No_MSF,756,152100
result_trotter_10_Heisenberg2D_cylinder_0.5_0.5_det,outer,1,SA,0.01,2,Single,No_Top,1742,225200
result_trotter_10_Heisenberg2D_cylinder_0.5_0.5_det,outer,1,SA,0.01,2,Single,No_MP,760,164230
result_trotter_10_Heisenberg2D_cylinder_0.5_0.5_det,outer,1,SA,0.01,2,Single,No_Kink,1769,477668
result_trotter_10_Heisenberg2D_cylinder_0.5_0.5_det,outer,1,SA,0.01,2,Double,No_MSF,749,151400
result_trotter_10_Heisenberg2D_cylinder_0.5_0.5_det,outer,1,SA,0.01,2,Double,No_Top,1740,225000
result_trotter_10_Heisenberg2D_cylinder_0.5_0.5_det,outer,1,SA,0.01,2,Double,No_MP,750,165055
result_trotter_10_Heisenberg2D_cylinder_0.5_0.5_det,outer,1,SA,0.01,2,Double,No_Kink,1749,547861
result_trotter_10_Heisenberg2D_cylinder_0.5_0.5_det,outer,1,SA,0.01,2,Double,Yes_Kink,1768,562795
result_trotter_10_Heisenberg2D_cylinder_0.5_0.5_det,outer,1,SA,0.01,2,Proj.,No_MSF,390,115500
result_trotter_10_Heisenberg2D_cylinder_0.5_0.5_det,outer,1,SA,0.01,2,Proj.,No_Top,1740,225000
result_trotter_10_Heisenberg2D_cylinder_0.5_0.5_det,outer,1,SA,0.01,2,Proj.,No_MP,565,273018
result_trotter_10_Heisenberg2D_cylinder_0.5_0.5_det,outer,1,SA,0.01,2,Proj.,No_Kink,1990,798163
result_trotter_10_Heisenberg2D_cylinder_0.5_0.5_det,outer,1,SA,0.01,2,Proj.,Yes_Kink,1981,791260
result_trotter_10_Heisenberg2D_cylinder_0.5_0.5_rand,outer,2,SA,1.0,2,Single,No_MSF,744,150900
result_trotter_10_Heisenberg2D_cylinder_0.5_0.5_rand,outer,2,SA,1.0,2,Single,No_Top,1742,225200
result_trotter_10_Heisenberg2D_cylinder_0.5_0.5_rand,outer,2,SA,1.0,2,Single,No_MP,744,161352
result_trotter_10_Heisenberg2D_cylinder_0.5_0.5_rand,outer,2,SA,1.0,2,Single,No_Kink,1747,451601
result_trotter_10_Heisenberg2D_cylinder_0.5_0.5_rand,outer,2,SA,1.0,2,Single,Yes_Kink,1754,453665
result_trotter_10_Heisenberg2D_cylinder_0.5_0.5_rand,outer,2,SA,1.0,2,Double,No_MSF,721,148600
result_trotter_10_Heisenberg2D_cylinder_0.5_0.5_rand,outer,2,SA,1.0,2,Double,No_Top,1740,225000
result_trotter_10_Heisenberg2D_cylinder_0.5_0.5_rand,outer,2,SA,1.0,2,Double,No_MP,721,160847
result_trotter_10_Heisenberg2D_cylinder_0.5_0.5_rand,outer,2,SA,1.0,2,Double,No_Kink,1741,470563
result_trotter_10_Heisenberg2D_cylinder_0.5_0.5_rand,outer,2,SA,1.0,2,Double,Yes_Kink,1744,495086
result_trotter_10_Heisenberg2D_cylinder_0.5_0.5_rand,outer,2,SA,1.0,2,Proj.,No_MSF,390,115500
result_trotter_10_Heisenberg2D_cylinder_0.5_0.5_rand,outer,2,SA,1.0,2,Proj.,No_Top,1740,225000
result_trotter_10_Heisenberg2D_cylinder_0.5_0.5_rand,outer,2,SA,1.0,2,Proj.,No_MP,498,281628
result_trotter_10_Heisenberg2D_cylinder_0.5_0.5_rand,outer,2,SA,1.0,2,Proj.,No_Kink,1787,1097730
result_trotter_10_Heisenberg2D_cylinder_0.5_0.5_rand,outer,2,SA,1.0,2,Proj.,Yes_Kink,1792,1094554
result_trotter_10_Heisenberg2D_cylinder_0.5_0.5_det,inner,1,SA,1.0,0,Single,No_MSF,756,101100
result_trotter_10_Heisenberg2D_cylinder_0.5_0.5_det,inner,1,SA,1.0,0,Single,No_Top,756,75600
result_trotter_10_Heisenberg2D_cylinder_0.5_0.5_det,inner,1,SA,1.0,0,Single,No_MP,762,114640
result_trotter_10_Heisenberg2D_cylinder_0.5_0.5_det,inner,1,SA,1.0,0,Single,No_Kink,765,177940
result_trotter_10_Heisenberg2D_cylinder_0.5_0.5_det,inner,1,SA,1.0,0,Double,No_MSF,749,100400
result_trotter_10_Heisenberg2D_cylinder_0.5_0.5_det,inner,1,SA,1.0,0,Double,No_Top,749,74900
result_trotter_10_Heisenberg2D_cylinder_0.5_0.5_det,inner,1,SA,1.0,0,Double,No_MP,751,115269
result_trotter_10_Heisenberg2D_cylinder_0.5_0.5_det,inner,1,SA,1.0,0,Double,No_Kink,834,267626
result_trotter_10_Heisenberg2D_cylinder_0.5_0.5_det,inner,1,SA,1.0,0,Double,Yes_Kink,858,259007
result_trotter_10_Heisenberg2D_cylinder_0.5_0.5_det,inner,1,SA,1.0,0,Proj.,No_MSF,390,64500
result_trotter_10_Heisenberg2D_cylinder_0.5_0.5_det,inner,1,SA,1.0,0,Proj.,No_Top,580,58000
result_trotter_10_Heisenberg2D_cylinder_0.5_0.5_det,inner,1,SA,1.0,0,Proj.,No_MP,557,221755
result_trotter_10_Heisenberg2D_cylinder_0.5_0.5_det,inner,1,SA,1.0,0,Proj.,No_Kink,843,312856
result_trotter_10_Heisenberg2D_cylinder_0.5_0.5_det,inner,1,SA,1.0,0,Proj.,Yes_Kink,984,351737
result_SELECT_10_Heisenberg2D_cylinder_0.5_0.5_4,inner,2,SA,0.01,0,Single,No_MSF,571,251568
result_SELECT_10_Heisenberg2D_cylinder_0.5_0.5_4,inner,2,SA,0.01,0,Single,No_Top,571,246672
result_SELECT_10_Heisenberg2D_cylinder_0.5_0.5_4,inner,2,SA,0.01,0,Single,No_MP,571,294114
result_SELECT_10_Heisenberg2D_cylinder_0.5_0.5_4,inner,2,SA,0.01,0,Single,No_Kink,571,307824
result_SELECT_10_Heisenberg2D_cylinder_0.5_0.5_4,inner,2,SA,0.01,0,Single,Yes_Kink,571,324205
result_SELECT_10_Heisenberg2D_cylinder_0.5_0.5_4,inner,2,SA,0.01,0,Double,No_MSF,522,230400
result_SELECT_10_Heisenberg2D_cylinder_0.5_0.5_4,inner,2,SA,0.01,0,Double,No_Top,522,225504
result_SELECT_10_Heisenberg2D_cylinder_0.5_0.5_4,inner,2,SA,0.01,0,Double,No_MP,522,282278
result_SELECT_10_Heisenberg2D_cylinder_0.5_0.5_4,inner,2,SA,0.01,0,Double,No_Kink,522,302780
result_SELECT_10_Heisenberg2D_cylinder_0.5_0.5_4,inner,2,SA,0.01,0,Double,Yes_Kink,542,309685
result_SELECT_10_Heisenberg2D_cylinder_0.5_0.5_4,inner,2,SA,0.01,0,Proj.,No_MSF,420,186336
result_SELECT_10_Heisenberg2D_cylinder_0.5_0.5_4,inner,2,SA,0.01,0,Proj.,No_Top,420,181440
result_SELECT_10_Heisenberg2D_cylinder_0.5_0.5_4,inner,2,SA,0.01,0,Proj.,No_MP,429,690400
result_SELECT_10_Heisenberg2D_cylinder_0.5_0.5_4,inner,2,SA,0.01,0,Proj.,No_Kink,436,757391
result_SELECT_10_Heisenberg2D_cylinder_0.5_0.5_4,inner,2,SA,0.01,0,Proj.,Yes_Kink,440,764093
result_SELECT_10_Heisenberg2D_cylinder_0.5_0.5_6,inner,1,SA,0.1,6,Single,No_MSF,211,319616
result_SELECT_10_Heisenberg2D_cylinder_0.5_0.5_6,inner,1,SA,0.1,6,Single,No_Top,307,439456
result_SELECT_10_Heisenberg2D_cylinder_0.5_0.5_6,inner,1,SA,0.1,6,Single,No_MP,214,468354
result_SELECT_10_Heisenberg2D_cylinder_0.5_0.5_6,inner,1,SA,0.1,6,Single,No_Kink,312,785744
result_SELECT_10_Heisenberg2D_cylinder_0.5_0.5_6,inner,1,SA,0.1,6,Double,No_MSF,177,275008
result_SELECT_10_Heisenberg2D_cylinder_0.5_0.5_6,inner,1,SA,0.1,6,Double,No_Top,295,423712
result_SELECT_10_Heisenberg2D_cylinder_0.5_0.5_6,inner,1,SA,0.1,6,Double,No_MP,181,423007
result_SELECT_10_Heisenberg2D_cylinder_0.5_0.5_6,inner,1,SA,0.1,6,Double,No_Kink,294,801352
result_SELECT_10_Heisenberg2D_cylinder_0.5_0.5_6,inner,1,SA,0.1,6,Double,Yes_Kink,295,799490
result_SELECT_10_Heisenberg2D_cylinder_0.5_0.5_6,inner,1,SA,0.1,6,Proj.,No_MSF,108,184480
result_SELECT_10_Heisenberg2D_cylinder_0.5_0.5_6,inner,1,SA,0.1,6,Proj.,No_Top,287,413216
result_SELECT_10_Heisenberg2D_cylinder_0.5_0.5_6,inner,1,SA,0.1,6,Proj.,No_MP,130,614478
result_SELECT_10_Heisenberg2D_cylinder_0.5_0.5_6,inner,1,SA,0.1,6,Proj.,No_Kink,413,1671522
result_SELECT_10_Heisenberg2D_cylinder_0.5_0.5_6,inner,1,SA,0.1,6,Proj.,Yes_Kink,399,1608542
result_SELECT_10_Heisenberg2D_cylinder_0.5_0.5_6,inner,2,SA,0.01,6,Single,No_MSF,211,319616
result_SELECT_10_Heisenberg2D_cylinder_0.5_0.5_6,inner,2,SA,0.01,6,Single,No_Top,307,439456
result_SELECT_10_Heisenberg2D_cylinder_0.5_0.5_6,inner,2,SA,0.01,6,Single,No_MP,211,419674
result_SELECT_10_Heisenberg2D_cylinder_0.5_0.5_6,inner,2,SA,0.01,6,Single,No_Kink,308,683575
result_SELECT_10_Heisenberg2D_cylinder_0.5_0.5_6,inner,2,SA,0.01,6,Single,Yes_Kink,308,697196
result_SELECT_10_Heisenberg2D_cylinder_0.5_0.5_6,inner,2,SA,0.01,6,Double,No_MSF,177,275008
result_SELECT_10_Heisenberg2D_cylinder_0.5_0.5_6,inner,2,SA,0.01,6,Double,No_Top,295,423712
result_SELECT_10_Heisenberg2D_cylinder_0.5_0.5_6,inner,2,SA,0.01,6,Double,No_MP,178,386650
result_SELECT_10_Heisenberg2D_cylinder_0.5_0.5_6,inner,2,SA,0.01,6,Double,No_Kink,296,678974
result_SELECT_10_Heisenberg2D_cylinder_0.5_0.5_6,inner,2,SA,0.01,6,Double,Yes_Kink,298,684822
result_SELECT_10_Heisenberg2D_cylinder_0.5_0.5_6,inner,2,SA,0.01,6,Proj.,No_MSF,108,184480
result_SELECT_10_Heisenberg2D_cylinder_0.5_0.5_6,inner,2,SA,0.01,6,Proj.,No_Top,287,413216
result_SELECT_10_Heisenberg2D_cylinder_0.5_0.5_6,inner,2,SA,0.01,6,Proj.,No_MP,131,616161
result_SELECT_10_Heisenberg2D_cylinder_0.5_0.5_6,inner,2,SA,0.01,6,Proj.,No_Kink,383,1529704
result_SELECT_10_Heisenberg2D_cylinder_0.5_0.5_6,inner,2,SA,0.01,6,Proj.,Yes_Kink,385,1514230
result_SELECT_10_Heisenberg2D_cylinder_0.5_0.5_6,inner,2,random,0.0,8,Single,No_MSF,211,331840
result_SELECT_10_Heisenberg2D_cylinder_0.5_0.5_6,inner,2,random,0.0,8,Single,No_Top,383,551392
result_SELECT_10_Heisenberg2D_cylinder_0.5_0.5_6,inner,2,random,0.0,8,Single,No_MP,264,870537
result_SELECT_10_Heisenberg2D_cylinder_0.5_0.5_6,inner,2,random,0.0,8,Single,No_Kink,390,1125148
result_SELECT_10_Heisenberg2D_cylinder_0.5_0.5_6,inner,2,random,0.0,8,Single,Yes_Kink,392,1139093
result_SELECT_10_Heisenberg2D_cylinder_0.5_0.5_6,inner,2,random,0.0,8,Double,No_MSF,177,287232
result_SELECT_10_Heisenberg2D_cylinder_0.5_0.5_6,inner,2,random,0.0,8,Double,No_Top,374,539584
result_SELECT_10_Heisenberg2D_cylinder_0.5_0.5_6,inner,2,random,0.0,8,Double,No_MP,219,829740
result_SELECT_10_Heisenberg2D_cylinder_0.5_0.5_6,inner,2,random,0.0,8,Double,No_Kink,375,1125494
result_SELECT_10_Heisenberg2D_cylinder_0.5_0.5_6,inner,2,random,0.0,8,Double,Yes_Kink,377,1131803
result_SELECT_10_Heisenberg2D_cylinder_0.5_0.5_6,inner,2,random,0.0,8,Proj.,No_MSF,108,196704
result_SELECT_10_Heisenberg2D_cylinder_0.5_0.5_6,inner,2,random,0.0,8,Proj.,No_Top,369,533024
result_SELECT_10_Heisenberg2D_cylinder_0.5_0.5_6,inner,2,random,0.0,8,Proj.,No_MP,171,902306
result_SELECT_10_Heisenberg2D_cylinder_0.5_0.5_6,inner,2,random,0.0,8,Proj.,No_Kink,765,3424857
result_SELECT_10_Heisenberg2D_cylinder_0.5_0.5_6,inner,2,random,0.0,8,Proj.,Yes_Kink,803,3500115
result_SELECT_10_Heisenberg2D_cylinder_0.5_0.5_3,inner,1,SA,0.1,2,Single,No_MSF,1069,304784
result_SELECT_10_Heisenberg2D_cylinder_0.5_0.5_3,inner,1,SA,0.1,2,Single,No_Top,1069,300112
result_SELECT_10_Heisenberg2D_cylinder_0.5_0.5_3,inner,1,SA,0.1,2,Single,No_MP,1070,344600
result_SELECT_10_Heisenberg2D_cylinder_0.5_0.5_3,inner,1,SA,0.1,2,Single,No_Kink,1071,368946
result_SELECT_10_Heisenberg2D_cylinder_0.5_0.5_3,inner,1,SA,0.1,2,Double,No_MSF,987,282480
result_SELECT_10_Heisenberg2D_cylinder_0.5_0.5_3,inner,1,SA,0.1,2,Double,No_Top,987,277808
result_SELECT_10_Heisenberg2D_cylinder_0.5_0.5_3,inner,1,SA,0.1,2,Double,No_MP,987,330526
result_SELECT_10_Heisenberg2D_cylinder_0.5_0.5_3,inner,1,SA,0.1,2,Double,No_Kink,988,360586
result_SELECT_10_Heisenberg2D_cylinder_0.5_0.5_3,inner,1,SA,0.1,2,Double,Yes_Kink,993,363404
result_SELECT_10_Heisenberg2D_cylinder_0.5_0.5_3,inner,1,SA,0.1,2,Proj.,No_MSF,837,241680
result_SELECT_10_Heisenberg2D_cylinder_0.5_0.5_3,inner,1,SA,0.1,2,Proj.,No_Top,837,237008
result_SELECT_10_Heisenberg2D_cylinder_0.5_0.5_3,inner,1,SA,0.1,2,Proj.,No_MP,846,884400
result_SELECT_10_Heisenberg2D_cylinder_0.5_0.5_3,inner,1,SA,0.1,2,Proj.,No_Kink,859,925076
result_SELECT_10_Heisenberg2D_cylinder_0.5_0.5_3,inner,1,SA,0.1,2,Proj.,Yes_Kink,869,921021
result_SELECT_10_Heisenberg2D_cylinder_0.5_0.5_4,outer,1,SA,0.1,2,Single,No_MSF,571,261360
result_SELECT_10_Heisenberg2D_cylinder_0.5_0.5_4,outer,1,SA,0.1,2,Single,No_Top,571,256464
result_SELECT_10_Heisenberg2D_cylinder_0.5_0.5_4,outer,1,SA,0.1,2,Single,No_MP,571,312770
result_SELECT_10_Heisenberg2D_cylinder_0.5_0.5_4,outer,1,SA,0.1,2,Single,No_Kink,573,359126
result_SELECT_10_Heisenberg2D_cylinder_0.5_0.5_4,outer,1,SA,0.1,2,Double,No_MSF,522,240192
result_SELECT_10_Heisenberg2D_cylinder_0.5_0.5_4,outer,1,SA,0.1,2,Double,No_Top,522,235296
result_SELECT_10_Heisenberg2D_cylinder_0.5_0.5_4,outer,1,SA,0.1,2,Double,No_MP,523,298800
result_SELECT_10_Heisenberg2D_cylinder_0.5_0.5_4,outer,1,SA,0.1,2,Double,No_Kink,523,348241
result_SELECT_10_Heisenberg2D_cylinder_0.5_0.5_4,outer,1,SA,0.1,2,Double,Yes_Kink,530,351468
result_SELECT_10_Heisenberg2D_cylinder_0.5_0.5_4,outer,1,SA,0.1,2,Proj.,No_MSF,420,196128
result_SELECT_10_Heisenberg2D_cylinder_0.5_0.5_4,outer,1,SA,0.1,2,Proj.,No_Top,420,191232
result_SELECT_10_Heisenberg2D_cylinder_0.5_0.5_4,outer,1,SA,0.1,2,Proj.,No_MP,432,678556
result_SELECT_10_Heisenberg2D_cylinder_0.5_0.5_4,outer,1,SA,0.1,2,Proj.,No_Kink,444,727252
result_SELECT_10_Heisenberg2D_cylinder_0.5_0.5_4,outer,1,SA,0.1,2,Proj.,Yes_Kink,446,723059
result_SELECT_10_Heisenberg2D_cylinder_0.5_0.5_6,outer,2,random,0.0,8,Single,No_MSF,211,331840
result_SELECT_10_Heisenberg2D_cylinder_0.5_0.5_6,outer,2,random,0.0,8,Single,No_Top,383,551392
result_SELECT_10_Heisenberg2D_cylinder_0.5_0.5_6,outer,2,random,0.0,8,Single,No_MP,253,850312
result_SELECT_10_Heisenberg2D_cylinder_0.5_0.5_6,outer,2,random,0.0,8,Single,No_Kink,391,1171595
result_SELECT_10_Heisenberg2D_cylinder_0.5_0.5_6,outer,2,random,0.0,8,Single,Yes_Kink,394,1185800
result_SELECT_10_Heisenberg2D_cylinder_0.5_0.5_6,outer,2,random,0.0,8,Double,No_MSF,177,287232
result_SELECT_10_Heisenberg2D_cylinder_0.5_0.5_6,outer,2,random,0.0,8,Double,No_Top,374,539584
result_SELECT_10_Heisenberg2D_cylinder_0.5_0.5_6,outer,2,random,0.0,8,Double,No_MP,213,814266
result_SELECT_10_Heisenberg2D_cylinder_0.5_0.5_6,outer,2,random,0.0,8,Double,No_Kink,371,1164359
result_SELECT_10_Heisenberg2D_cylinder_0.5_0.5_6,outer,2,random,0.0,8,Double,Yes_Kink,375,1170850
result_SELECT_10_Heisenberg2D_cylinder_0.5_0.5_6,outer,2,random,0.0,8,Proj.,No_MSF,108,196704
result_SELECT_10_Heisenberg2D_cylinder_0.5_0.5_6,outer,2,random,0.0,8,Proj.,No_Top,369,533024
result_SELECT_10_Heisenberg2D_cylinder_0.5_0.5_6,outer,2,random,0.0,8,Proj.,No_MP,168,880365
result_SELECT_10_Heisenberg2D_cylinder_0.5_0.5_6,outer,2,random,0.0,8,Proj.,No_Kink,396,1838415
result_SELECT_10_Heisenberg2D_cylinder_0.5_0.5_6,outer,2,random,0.0,8,Proj.,Yes_Kink,396,1830521
result_SELECT_10_Heisenberg2D_cylinder_0.5_0.5_5,outer,2,SA,1.0,0,Single,No_MSF,327,246016
result_SELECT_10_Heisenberg2D_cylinder_0.5_0.5_5,outer,2,SA,1.0,0,Single,No_Top,327,240672
result_SELECT_10_Heisenberg2D_cylinder_0.5_0.5_5,outer,2,SA,1.0,0,Single,No_MP,327,310271
result_SELECT_10_Heisenberg2D_cylinder_0.5_0.5_5,outer,2,SA,1.0,0,Single,No_Kink,327,338477
result_SELECT_10_Heisenberg2D_cylinder_0.5_0.5_5,outer,2,SA,1.0,0,Single,Yes_Kink,327,352334
result_SELECT_10_Heisenberg2D_cylinder_0.5_0.5_5,outer,2,SA,1.0,0,Double,No_MSF,290,218784
result_SELECT_10_Heisenberg2D_cylinder_0.5_0.5_5,outer,2,SA,1.0,0,Double,No_Top,290,213440
result_SELECT_10_Heisenberg2D_cylinder_0.5_0.5_5,outer,2,SA,1.0,0,Double,No_MP,291,292811
result_SELECT_10_Heisenberg2D_cylinder_0.5_0.5_5,outer,2,SA,1.0,0,Double,No_Kink,292,328128
result_SELECT_10_Heisenberg2D_cylinder_0.5_0.5_5,outer,2,SA,1.0,0,Double,Yes_Kink,301,331509
result_SELECT_10_Heisenberg2D_cylinder_0.5_0.5_5,outer,2,SA,1.0,0,Proj.,No_MSF,213,162112
result_SELECT_10_Heisenberg2D_cylinder_0.5_0.5_5,outer,2,SA,1.0,0,Proj.,No_Top,213,156768
result_SELECT_10_Heisenberg2D_cylinder_0.5_0.5_5,outer,2,SA,1.0,0,Proj.,No_MP,231,576653
result_SELECT_10_Heisenberg2D_cylinder_0.5_0.5_5,outer,2,SA,1.0,0,Proj.,No_Kink,237,701670
result_SELECT_10_Heisenberg2D_cylinder_0.5_0.5_5,outer,2,SA,1.0,0,Proj.,Yes_Kink,244,714133
result_SELECT_10_Heisenberg2D_cylinder_0.5_0.5_6,outer,1,random,0.0,4,Single,No_MSF,211,307392
result_SELECT_10_Heisenberg2D_cylinder_0.5_0.5_6,outer,1,random,0.0,4,Single,No_Top,233,330144
result_SELECT_10_Heisenberg2D_cylinder_0.5_0.5_6,outer,1,random,0.0,4,Single,No_MP,553,1461592
result_SELECT_10_Heisenberg2D_cylinder_0.5_0.5_6,outer,1,random,0.0,4,Single,No_Kink,657,1698738
result_SELECT_10_Heisenberg2D_cylinder_0.5_0.5_6,outer,1,random,0.0,4,Double,No_MSF,177,262784
result_SELECT_10_Heisenberg2D_cylinder_0.5_0.5_6,outer,1,random,0.0,4,Double,No_Top,219,311776
result_SELECT_10_Heisenberg2D_cylinder_0.5_0.5_6,outer,1,random,0.0,4,Double,No_MP,328,1172923
result_SELECT_10_Heisenberg2D_cylinder_0.5_0.5_6,outer,1,random,0.0,4,Double,No_Kink,390,1390137
result_SELECT_10_Heisenberg2D_cylinder_0.5_0.5_6,outer,1,random,0.0,4,Double,Yes_Kink,391,1395567
result_SELECT_10_Heisenberg2D_cylinder_0.5_0.5_6,outer,1,random,0.0,4,Proj.,No_MSF,108,172256
result_SELECT_10_Heisenberg2D_cylinder_0.5_0.5_6,outer,1,random,0.0,4,Proj.,No_Top,205,293408
result_SELECT_10_Heisenberg2D_cylinder_0.5_0.5_6,outer,1,random,0.0,4,Proj.,No_MP,234,1125055
result_SELECT_10_Heisenberg2D_cylinder_0.5_0.5_6,outer,1,random,0.0,4,Proj.,No_Kink,276,1346418
result_SELECT_10_Heisenberg2D_cylinder_0.5_0.5_6,outer,1,random,0.0,4,Proj.,Yes_Kink,282,1369755
result_SELECT_10_Heisenberg2D_cylinder_0.5_0.5_0,inner,2,SA,1.0,0,Single,No_MSF,8099,992534
result_SELECT_10_Heisenberg2D_cylinder_0.5_0.5_0,inner,2,SA,1.0,0,Single,No_Top,8099,988078
result_SELECT_10_Heisenberg2D_cylinder_0.5_0.5_0,inner,2,SA,1.0,0,Single,No_MP,8099,1026654
result_SELECT_10_Heisenberg2D_cylinder_0.5_0.5_0,inner,2,SA,1.0,0,Single,No_Kink,8099,1029637
result_SELECT_10_Heisenberg2D_cylinder_0.5_0.5_0,inner,2,SA,1.0,0,Single,Yes_Kink,8099,1046627
result_SELECT_10_Heisenberg2D_cylinder_0.5_0.5_0,inner,2,SA,1.0,0,Double,No_MSF,7536,923848
result_SELECT_10_Heisenberg2D_cylinder_0.5_0.5_0,inner,2,SA,1.0,0,Double,No_Top,7536,919392
result_SELECT_10_Heisenberg2D_cylinder_0.5_0.5_0,inner,2,SA,1.0,0,Double,No_MP,7536,968644
result_SELECT_10_Heisenberg2D_cylinder_0.5_0.5_0,inner,2,SA,1.0,0,Double,No_Kink,7536,976484
result_SELECT_10_Heisenberg2D_cylinder_0.5_0.5_0,inner,2,SA,1.0,0,Double,Yes_Kink,7537,975843
result_SELECT_10_Heisenberg2D_cylinder_0.5_0.5_0,inner,2,SA,1.0,0,Proj.,No_MSF,6660,816976
result_SELECT_10_Heisenberg2D_cylinder_0.5_0.5_0,inner,2,SA,1.0,0,Proj.,No_Top,6660,812520
result_SELECT_10_Heisenberg2D_cylinder_0.5_0.5_0,inner,2,SA,1.0,0,Proj.,No_MP,6660,2438048
result_SELECT_10_Heisenberg2D_cylinder_0.5_0.5_0,inner,2,SA,1.0,0,Proj.,No_Kink,6661,2670536
result_SELECT_10_Heisenberg2D_cylinder_0.5_0.5_0,inner,2,SA,1.0,0,Proj.,Yes_Kink,6663,2598406
result_SELECT_10_Heisenberg2D_cylinder_0.5_0.5_1,outer,1,SA,0.1,2,Single,No_MSF,4079,600816
result_SELECT_10_Heisenberg2D_cylinder_0.5_0.5_1,outer,1,SA,0.1,2,Single,No_Top,4080,596480
result_SELECT_10_Heisenberg2D_cylinder_0.5_0.5_1,outer,1,SA,0.1,2,Single,No_MP,4079,644492
result_SELECT_10_Heisenberg2D_cylinder_0.5_0.5_1,outer,1,SA,0.1,2,Single,No_Kink,4080,684282
result_SELECT_10_Heisenberg2D_cylinder_0.5_0.5_1,outer,1,SA,0.1,2,Double,No_MSF,3792,559488
result_SELECT_10_Heisenberg2D_cylinder_0.5_0.5_1,outer,1,SA,0.1,2,Double,No_Top,3793,555152
result_SELECT_10_Heisenberg2D_cylinder_0.5_0.5_1,outer,1,SA,0.1,2,Double,No_MP,3792,611647
result_SELECT_10_Heisenberg2D_cylinder_0.5_0.5_1,outer,1,SA,0.1,2,Double,No_Kink,3793,656814
result_SELECT_10_Heisenberg2D_cylinder_0.5_0.5_1,outer,1,SA,0.1,2,Double,Yes_Kink,3795,655343
result_SELECT_10_Heisenberg2D_cylinder_0.5_0.5_1,outer,1,SA,0.1,2,Proj.,No_MSF,3333,493392
result_SELECT_10_Heisenberg2D_cylinder_0.5_0.5_1,outer,1,SA,0.1,2,Proj.,No_Top,3333,488912
result_SELECT_10_Heisenberg2D_cylinder_0.5_0.5_1,outer,1,SA,0.1,2,Proj.,No_MP,3335,1485615
result_SELECT_10_Heisenberg2D_cylinder_0.5_0.5_1,outer,1,SA,0.1,2,Proj.,No_Kink,3339,1813850
result_SELECT_10_Heisenberg2D_cylinder_0.5_0.5_1,outer,1,SA,0.1,2,Proj.,Yes_Kink,3339,1772299
result_SELECT_10_Heisenberg2D_cylinder_0.5_0.5_3,outer,2,SA,0.01,0,Single,No_MSF,1069,295440
result_SELECT_10_Heisenberg2D_cylinder_0.5_0.5_3,outer,2,SA,0.01,0,Single,No_Top,1069,290768
result_SELECT_10_Heisenberg2D_cylinder_0.5_0.5_3,outer,2,SA,0.01,0,Single,No_MP,1069,331609
result_SELECT_10_Heisenberg2D_cylinder_0.5_0.5_3,outer,2,SA,0.01,0,Single,No_Kink,1069,366378
result_SELECT_10_Heisenberg2D_cylinder_0.5_0.5_3,outer,2,SA,0.01,0,Single,Yes_Kink,1069,378019
result_SELECT_10_Heisenberg2D_cylinder_0.5_0.5_3,outer,2,SA,0.01,0,Double,No_MSF,987,273136
result_SELECT_10_Heisenberg2D_cylinder_0.5_0.5_3,outer,2,SA,0.01,0,Double,No_Top,987,268464
result_SELECT_10_Heisenberg2D_cylinder_0.5_0.5_3,outer,2,SA,0.01,0,Double,No_MP,987,318480
result_SELECT_10_Heisenberg2D_cylinder_0.5_0.5_3,outer,2,SA,0.01,0,Double,No_Kink,987,358718
result_SELECT_10_Heisenberg2D_cylinder_0.5_0.5_3,outer,2,SA,0.01,0,Double,Yes_Kink,1021,363230
result_SELECT_10_Heisenberg2D_cylinder_0.5_0.5_3,outer,2,SA,0.01,0,Proj.,No_MSF,837,232336
result_SELECT_10_Heisenberg2D_cylinder_0.5_0.5_3,outer,2,SA,0.01,0,Proj.,No_Top,837,227664
result_SELECT_10_Heisenberg2D_cylinder_0.5_0.5_3,outer,2,SA,0.01,0,Proj.,No_MP,841,763611
result_SELECT_10_Heisenberg2D_cylinder_0.5_0.5_3,outer,2,SA,0.01,0,Proj.,No_Kink,849,982558
result_SELECT_10_Heisenberg2D_cylinder_0.5_0.5_3,outer,2,SA,0.01,0,Proj.,Yes_Kink,859,989970
result_SELECT_10_Heisenberg2D_cylinder_0.5_0.5_1,outer,2,naive,0.0,0,Single,No_MSF,4079,591856
result_SELECT_10_Heisenberg2D_cylinder_0.5_0.5_1,outer,2,naive,0.0,0,Single,No_Top,4079,587376
result_SELECT_10_Heisenberg2D_cylinder_0.5_0.5_1,outer,2,naive,0.0,0,Single,No_MP,4079,641097
result_SELECT_10_Heisenberg2D_cylinder_0.5_0.5_1,outer,2,naive,0.0,0,Single,No_Kink,4079,665495
result_SELECT_10_Heisenberg2D_cylinder_0.5_0.5_1,outer,2,naive,0.0,0,Single,Yes_Kink,4079,688279
result_SELECT_10_Heisenberg2D_cylinder_0.5_0.5_1,outer,2,naive,0.0,0,Double,No_MSF,3792,550528
result_SELECT_10_Heisenberg2D_cylinder_0.5_0.5_1,outer,2,naive,0.0,0,Double,No_Top,3792,546048
result_SELECT_10_Heisenberg2D_cylinder_0.5_0.5_1,outer,2,naive,0.0,0,Double,No_MP,3792,607991
result_SELECT_10_Heisenberg2D_cylinder_0.5_0.5_1,outer,2,naive,0.0,0,Double,No_Kink,3792,636338
result_SELECT_10_Heisenberg2D_cylinder_0.5_0.5_1,outer,2,naive,0.0,0,Double,Yes_Kink,3793,634525
result_SELECT_10_Heisenberg2D_cylinder_0.5_0.5_1,outer,2,naive,0.0,0,Proj.,No_MSF,3333,484432
result_SELECT_10_Heisenberg2D_cylinder_0.5_0.5_1,outer,2,naive,0.0,0,Proj.,No_Top,3333,479952
result_SELECT_10_Heisenberg2D_cylinder_0.5_0.5_1,outer,2,naive,0.0,0,Proj.,No_MP,3337,1614020
result_SELECT_10_Heisenberg2D_cylinder_0.5_0.5_1,outer,2,naive,0.0,0,Proj.,No_Kink,3348,1817601
result_SELECT_10_Heisenberg2D_cylinder_0.5_0.5_1,outer,2,naive,0.0,0,Proj.,Yes_Kink,3347,1749700
result_SELECT_10_Heisenberg2D_cylinder_0.5_0.5_6,outer,2,SA,0.1,4,Single,No_MSF,211,307392
result_SELECT_10_Heisenberg2D_cylinder_0.5_0.5_6,outer,2,SA,0.1,4,Single,No_Top,233,330144
result_SELECT_10_Heisenberg2D_cylinder_0.5_0.5_6,outer,2,SA,0.1,4,Single,No_MP,211,405196
result_SELECT_10_Heisenberg2D_cylinder_0.5_0.5_6,outer,2,SA,0.1,4,Single,No_Kink,234,579237
result_SELECT_10_Heisenberg2D_cylinder_0.5_0.5_6,outer,2,SA,0.1,4,Single,Yes_Kink,235,592390
result_SELECT_10_Heisenberg2D_cylinder_0.5_0.5_6,outer,2,SA,0.1,4,Double,No_MSF,177,262784
result_SELECT_10_Heisenberg2D_cylinder_0.5_0.5_6,outer,2,SA,0.1,4,Double,No_Top,219,311776
result_SELECT_10_Heisenberg2D_cylinder_0.5_0.5_6,outer,2,SA,0.1,4,Double,No_MP,180,373852
result_SELECT_10_Heisenberg2D_cylinder_0.5_0.5_6,outer,2,SA,0.1,4,Double,No_Kink,217,579502
result_SELECT_10_Heisenberg2D_cylinder_0.5_0.5_6,outer,2,SA,0.1,4,Double,Yes_Kink,221,574302
result_SELECT_10_Heisenberg2D_cylinder_0.5_0.5_6,outer,2,SA,0.1,4,Proj.,No_MSF,108,172256
result_SELECT_10_Heisenberg2D_cylinder_0.5_0.5_6,outer,2,SA,0.1,4,Proj.,No_Top,205,293408
result_SELECT_10_Heisenberg2D_cylinder_0.5_0.5_6,outer,2,SA,0.1,4,Proj.,No_MP,128,586522
result_SELECT_10_Heisenberg2D_cylinder_0.5_0.5_6,outer,2,SA,0.1,4,Proj.,No_Kink,222,1030477
result_SELECT_10_Heisenberg2D_cylinder_0.5_0.5_6,outer,2,SA,0.1,4,Proj.,Yes_Kink,220,1043673
result_SELECT_10_Heisenberg2D_cylinder_0.5_0.5_0,outer,2,SA,0.01,0,Single,No_MSF,8099,992534
result_SELECT_10_Heisenberg2D_cylinder_0.5_0.5_0,outer,2,SA,0.01,0,Single,No_Top,8099,988078
result_SELECT_10_Heisenberg2D_cylinder_0.5_0.5_0,outer,2,SA,0.01,0,Single,No_MP,8099,1028115
result_SELECT_10_Heisenberg2D_cylinder_0.5_0.5_0,outer,2,SA,0.01,0,Single,No_Kink,8099,1063332
result_SELECT_10_Heisenberg2D_cylinder_0.5_0.5_0,outer,2,SA,0.01,0,Single,Yes_Kink,8099,1073141
result_SELECT_10_Heisenberg2D_cylinder_0.5_0.5_0,outer,2,SA,0.01,0,Double,No_MSF,7536,923848
result_SELECT_10_Heisenberg2D_cylinder_0.5_0.5_0,outer,2,SA,0.01,0,Double,No_Top,7536,919392
result_SELECT_10_Heisenberg2D_cylinder_0.5_0.5_0,outer,2,SA,0.01,0,Double,No_MP,7536,968632
result_SELECT_10_Heisenberg2D_cylinder_0.5_0.5_0,outer,2,SA,0.01,0,Double,No_Kink,7536,1009584
result_SELECT_10_Heisenberg2D_cylinder_0.5_0.5_0,outer,2,SA,0.01,0,Double,Yes_Kink,7536,1004871
result_SELECT_10_Heisenberg2D_cylinder_0.5_0.5_0,outer,2,SA,0.01,0,Proj.,No_MSF,6660,816976
result_SELECT_10_Heisenberg2D_cylinder_0.5_0.5_0,outer,2,SA,0.01,0,Proj.,No_Top,6660,812520
result_SELECT_10_Heisenberg2D_cylinder_0.5_0.5_0,outer,2,SA,0.01,0,Proj.,No_MP,6660,2234346
result_SELECT_10_Heisenberg2D_cylinder_0.5_0.5_0,outer,2,SA,0.01,0,Proj.,No_Kink,6661,2869761
result_SELECT_10_Heisenberg2D_cylinder_0.5_0.5_0,outer,2,SA,0.01,0,Proj.,Yes_Kink,6662,2788724
result_SELECT_10_Heisenberg2D_cylinder_0.5_0.5_5,inner,1,naive,0.0,0,Single,No_MSF,327,246016
result_SELECT_10_Heisenberg2D_cylinder_0.5_0.5_5,inner,1,naive,0.0,0,Single,No_Top,327,240672
result_SELECT_10_Heisenberg2D_cylinder_0.5_0.5_5,inner,1,naive,0.0,0,Single,No_MP,544,694294
result_SELECT_10_Heisenberg2D_cylinder_0.5_0.5_5,inner,1,naive,0.0,0,Single,No_Kink,697,900996
result_SELECT_10_Heisenberg2D_cylinder_0.5_0.5_5,inner,1,naive,0.0,0,Double,No_MSF,290,218784
result_SELECT_10_Heisenberg2D_cylinder_0.5_0.5_5,inner,1,naive,0.0,0,Double,No_Top,290,213440
result_SELECT_10_Heisenberg2D_cylinder_0.5_0.5_5,inner,1,naive,0.0,0,Double,No_MP,408,606786
result_SELECT_10_Heisenberg2D_cylinder_0.5_0.5_5,inner,1,naive,0.0,0,Double,No_Kink,532,791583
result_SELECT_10_Heisenberg2D_cylinder_0.5_0.5_5,inner,1,naive,0.0,0,Double,Yes_Kink,534,794205
result_SELECT_10_Heisenberg2D_cylinder_0.5_0.5_5,inner,1,naive,0.0,0,Proj.,No_MSF,213,162112
result_SELECT_10_Heisenberg2D_cylinder_0.5_0.5_5,inner,1,naive,0.0,0,Proj.,No_Top,213,156768
result_SELECT_10_Heisenberg2D_cylinder_0.5_0.5_5,inner,1,naive,0.0,0,Proj.,No_MP,268,710909
result_SELECT_10_Heisenberg2D_cylinder_0.5_0.5_5,inner,1,naive,0.0,0,Proj.,No_Kink,370,1003266
result_SELECT_10_Heisenberg2D_cylinder_0.5_0.5_5,inner,1,naive,0.0,0,Proj.,Yes_Kink,390,1046245
result_SELECT_10_Heisenberg2D_cylinder_0.5_0.5_2,inner,1,SA,0.01,2,Single,No_MSF,2072,403168
result_SELECT_10_Heisenberg2D_cylinder_0.5_0.5_2,inner,1,SA,0.01,2,Single,No_Top,2072,398624
result_SELECT_10_Heisenberg2D_cylinder_0.5_0.5_2,inner,1,SA,0.01,2,Single,No_MP,2072,444924
result_SELECT_10_Heisenberg2D_cylinder_0.5_0.5_2,inner,1,SA,0.01,2,Single,No_Kink,2072,487666
result_SELECT_10_Heisenberg2D_cylinder_0.5_0.5_2,inner,1,SA,0.01,2,Double,No_MSF,1921,374780
result_SELECT_10_Heisenberg2D_cylinder_0.5_0.5_2,inner,1,SA,0.01,2,Double,No_Top,1921,370236
result_SELECT_10_Heisenberg2D_cylinder_0.5_0.5_2,inner,1,SA,0.01,2,Double,No_MP,1921,425259
result_SELECT_10_Heisenberg2D_cylinder_0.5_0.5_2,inner,1,SA,0.01,2,Double,No_Kink,1921,472633
result_SELECT_10_Heisenberg2D_cylinder_0.5_0.5_2,inner,1,SA,0.01,2,Double,Yes_Kink,1928,472721
result_SELECT_10_Heisenberg2D_cylinder_0.5_0.5_2,inner,1,SA,0.01,2,Proj.,No_MSF,1668,327216
result_SELECT_10_Heisenberg2D_cylinder_0.5_0.5_2,inner,1,SA,0.01,2,Proj.,No_Top,1668,322672
result_SELECT_10_Heisenberg2D_cylinder_0.5_0.5_2,inner,1,SA,0.01,2,Proj.,No_MP,1677,1070896
result_SELECT_10_Heisenberg2D_cylinder_0.5_0.5_2,inner,1,SA,0.01,2,Proj.,No_Kink,1685,1242431
result_SELECT_10_Heisenberg2D_cylinder_0.5_0.5_2,inner,1,SA,0.01,2,Proj.,Yes_Kink,1716,1244256
result_SELECT_100_random_local_OBC_0_0_6,inner,2,SA,1.0,2,Single,No_MSF,247,306944
result_SELECT_100_random_local_OBC_0_0_6,inner,2,SA,1.0,2,Single,No_Top,247,302112
result_SELECT_100_random_local_OBC_0_0_6,inner,2,SA,1.0,2,Single,No_MP,281,485999
result_SELECT_100_random_local_OBC_0_0_6,inner,2,SA,1.0,2,Single,No_Kink,300,561043
result_SELECT_100_random_local_OBC_0_0_6,inner,2,SA,1.0,2,Single,Yes_Kink,315,592683
result_SELECT_100_random_local_OBC_0_0_6,inner,2,SA,1.0,2,Double,No_MSF,192,241824
result_SELECT_100_random_local_OBC_0_0_6,inner,2,SA,1.0,2,Double,No_Top,193,238176
result_SELECT_100_random_local_OBC_0_0_6,inner,2,SA,1.0,2,Double,No_MP,249,461965
result_SELECT_100_random_local_OBC_0_0_6,inner,2,SA,1.0,2,Double,No_Kink,269,553656
result_SELECT_100_random_local_OBC_0_0_6,inner,2,SA,1.0,2,Double,Yes_Kink,278,566983
result_SELECT_100_random_local_OBC_0_0_6,inner,2,SA,1.0,2,Proj.,No_MSF,128,166048
result_SELECT_100_random_local_OBC_0_0_6,inner,2,SA,1.0,2,Proj.,No_Top,128,161216
result_SELECT_100_random_local_OBC_0_0_6,inner,2,SA,1.0,2,Proj.,No_MP,170,752530
result_SELECT_100_random_local_OBC_0_0_6,inner,2,SA,1.0,2,Proj.,No_Kink,212,932064
result_SELECT_100_random_local_OBC_0_0_6,inner,2,SA,1.0,2,Proj.,Yes_Kink,226,969335
result_trotter_10_Heisenberg2D_cylinder_0.5_0.5_det,inner,1,SA,0.001,2,Single,No_MSF,756,152100
result_trotter_10_Heisenberg2D_cylinder_0.5_0.5_det,inner,1,SA,0.001,2,Single,No_Top,1742,225200
result_trotter_10_Heisenberg2D_cylinder_0.5_0.5_det,inner,1,SA,0.001,2,Single,No_MP,760,164298
result_trotter_10_Heisenberg2D_cylinder_0.5_0.5_det,inner,1,SA,0.001,2,Single,No_Kink,1777,506160
result_trotter_10_Heisenberg2D_cylinder_0.5_0.5_det,inner,1,SA,0.001,2,Double,No_MSF,749,151400
result_trotter_10_Heisenberg2D_cylinder_0.5_0.5_det,inner,1,SA,0.001,2,Double,No_Top,1740,225000
result_trotter_10_Heisenberg2D_cylinder_0.5_0.5_det,inner,1,SA,0.001,2,Double,No_MP,750,165070
result_trotter_10_Heisenberg2D_cylinder_0.5_0.5_det,inner,1,SA,0.001,2,Double,No_Kink,1755,568882
result_trotter_10_Heisenberg2D_cylinder_0.5_0.5_det,inner,1,SA,0.001,2,Double,Yes_Kink,1778,582034
result_trotter_10_Heisenberg2D_cylinder_0.5_0.5_det,inner,1,SA,0.001,2,Proj.,No_MSF,390,115500
result_trotter_10_Heisenberg2D_cylinder_0.5_0.5_det,inner,1,SA,0.001,2,Proj.,No_Top,1740,225000
result_trotter_10_Heisenberg2D_cylinder_0.5_0.5_det,inner,1,SA,0.001,2,Proj.,No_MP,550,272973
result_trotter_10_Heisenberg2D_cylinder_0.5_0.5_det,inner,1,SA,0.001,2,Proj.,No_Kink,2248,947857
result_trotter_10_Heisenberg2D_cylinder_0.5_0.5_det,inner,1,SA,0.001,2,Proj.,Yes_Kink,2258,937556
result_SELECT_10_Heisenberg2D_cylinder_0.5_0.5_3,outer,2,random,0.0,0,Single,No_MSF,1069,295440
result_SELECT_10_Heisenberg2D_cylinder_0.5_0.5_3,outer,2,random,0.0,0,Single,No_Top,1069,290768
result_SELECT_10_Heisenberg2D_cylinder_0.5_0.5_3,outer,2,random,0.0,0,Single,No_MP,1069,449366
result_SELECT_10_Heisenberg2D_cylinder_0.5_0.5_3,outer,2,random,0.0,0,Single,No_Kink,1069,470395
result_SELECT_10_Heisenberg2D_cylinder_0.5_0.5_3,outer,2,random,0.0,0,Single,Yes_Kink,1070,477646
result_SELECT_10_Heisenberg2D_cylinder_0.5_0.5_3,outer,2,random,0.0,0,Double,No_MSF,987,273136
result_SELECT_10_Heisenberg2D_cylinder_0.5_0.5_3,outer,2,random,0.0,0,Double,No_Top,987,268464
result_SELECT_10_Heisenberg2D_cylinder_0.5_0.5_3,outer,2,random,0.0,0,Double,No_MP,987,432890
result_SELECT_10_Heisenberg2D_cylinder_0.5_0.5_3,outer,2,random,0.0,0,Double,No_Kink,988,458841
result_SELECT_10_Heisenberg2D_cylinder_0.5_0.5_3,outer,2,random,0.0,0,Double,Yes_Kink,1022,464350
result_SELECT_10_Heisenberg2D_cylinder_0.5_0.5_3,outer,2,random,0.0,0,Proj.,No_MSF,837,232336
result_SELECT_10_Heisenberg2D_cylinder_0.5_0.5_3,outer,2,random,0.0,0,Proj.,No_Top,837,227664
result_SELECT_10_Heisenberg2D_cylinder_0.5_0.5_3,outer,2,random,0.0,0,Proj.,No_MP,848,900076
result_SELECT_10_Heisenberg2D_cylinder_0.5_0.5_3,outer,2,random,0.0,0,Proj.,No_Kink,855,1000314
result_SELECT_10_Heisenberg2D_cylinder_0.5_0.5_3,outer,2,random,0.0,0,Proj.,Yes_Kink,857,996726
result_SELECT_10_Heisenberg2D_cylinder_0.5_0.5_4,inner,1,naive,0.0,0,Single,No_MSF,571,251568
result_SELECT_10_Heisenberg2D_cylinder_0.5_0.5_4,inner,1,naive,0.0,0,Single,No_Top,571,246672
result_SELECT_10_Heisenberg2D_cylinder_0.5_0.5_4,inner,1,naive,0.0,0,Single,No_MP,978,692560
result_SELECT_10_Heisenberg2D_cylinder_0.5_0.5_4,inner,1,naive,0.0,0,Single,No_Kink,1097,829274
result_SELECT_10_Heisenberg2D_cylinder_0.5_0.5_4,inner,1,naive,0.0,0,Double,No_MSF,522,230400
result_SELECT_10_Heisenberg2D_cylinder_0.5_0.5_4,inner,1,naive,0.0,0,Double,No_Top,522,225504
result_SELECT_10_Heisenberg2D_cylinder_0.5_0.5_4,inner,1,naive,0.0,0,Double,No_MP,740,605967
result_SELECT_10_Heisenberg2D_cylinder_0.5_0.5_4,inner,1,naive,0.0,0,Double,No_Kink,863,755245
result_SELECT_10_Heisenberg2D_cylinder_0.5_0.5_4,inner,1,naive,0.0,0,Double,Yes_Kink,877,762206
result_SELECT_10_Heisenberg2D_cylinder_0.5_0.5_4,inner,1,naive,0.0,0,Proj.,No_MSF,420,186336
result_SELECT_10_Heisenberg2D_cylinder_0.5_0.5_4,inner,1,naive,0.0,0,Proj.,No_Top,420,181440
result_SELECT_10_Heisenberg2D_cylinder_0.5_0.5_4,inner,1,naive,0.0,0,Proj.,No_MP,473,732992
result_SELECT_10_Heisenberg2D_cylinder_0.5_0.5_4,inner,1,naive,0.0,0,Proj.,No_Kink,570,892991
result_SELECT_10_Heisenberg2D_cylinder_0.5_0.5_4,inner,1,naive,0.0,0,Proj.,Yes_Kink,600,930911
result_SELECT_10_Heisenberg2D_cylinder_0.5_0.5_2,inner,1,naive,0.0,0,Single,No_MSF,2072,394080
result_SELECT_10_Heisenberg2D_cylinder_0.5_0.5_2,inner,1,naive,0.0,0,Single,No_Top,2072,389536
result_SELECT_10_Heisenberg2D_cylinder_0.5_0.5_2,inner,1,naive,0.0,0,Single,No_MP,2163,540464
result_SELECT_10_Heisenberg2D_cylinder_0.5_0.5_2,inner,1,naive,0.0,0,Single,No_Kink,2384,658824
result_SELECT_10_Heisenberg2D_cylinder_0.5_0.5_2,inner,1,naive,0.0,0,Double,No_MSF,1921,365692
result_SELECT_10_Heisenberg2D_cylinder_0.5_0.5_2,inner,1,naive,0.0,0,Double,No_Top,1921,361148
result_SELECT_10_Heisenberg2D_cylinder_0.5_0.5_2,inner,1,naive,0.0,0,Double,No_MP,1950,501849
result_SELECT_10_Heisenberg2D_cylinder_0.5_0.5_2,inner,1,naive,0.0,0,Double,No_Kink,2050,603751
result_SELECT_10_Heisenberg2D_cylinder_0.5_0.5_2,inner,1,naive,0.0,0,Double,Yes_Kink,2069,607182
result_SELECT_10_Heisenberg2D_cylinder_0.5_0.5_2,inner,1,naive,0.0,0,Proj.,No_MSF,1668,318128
result_SELECT_10_Heisenberg2D_cylinder_0.5_0.5_2,inner,1,naive,0.0,0,Proj.,No_Top,1668,313584
result_SELECT_10_Heisenberg2D_cylinder_0.5_0.5_2,inner,1,naive,0.0,0,Proj.,No_MP,1689,1096033
result_SELECT_10_Heisenberg2D_cylinder_0.5_0.5_2,inner,1,naive,0.0,0,Proj.,No_Kink,1696,1238449
result_SELECT_10_Heisenberg2D_cylinder_0.5_0.5_2,inner,1,naive,0.0,0,Proj.,Yes_Kink,1723,1242255
result_SELECT_10_Heisenberg2D_cylinder_0.5_0.5_6,outer,1,SA,0.1,2,Single,No_MSF,211,295168
result_SELECT_10_Heisenberg2D_cylinder_0.5_0.5_6,outer,1,SA,0.1,2,Single,No_Top,211,289056
result_SELECT_10_Heisenberg2D_cylinder_0.5_0.5_6,outer,1,SA,0.1,2,Single,No_MP,216,449614
result_SELECT_10_Heisenberg2D_cylinder_0.5_0.5_6,outer,1,SA,0.1,2,Single,No_Kink,264,642670
result_SELECT_10_Heisenberg2D_cylinder_0.5_0.5_6,outer,1,SA,0.1,2,Double,No_MSF,177,250560
result_SELECT_10_Heisenberg2D_cylinder_0.5_0.5_6,outer,1,SA,0.1,2,Double,No_Top,177,244448
result_SELECT_10_Heisenberg2D_cylinder_0.5_0.5_6,outer,1,SA,0.1,2,Double,No_MP,185,409923
result_SELECT_10_Heisenberg2D_cylinder_0.5_0.5_6,outer,1,SA,0.1,2,Double,No_Kink,212,615522
result_SELECT_10_Heisenberg2D_cylinder_0.5_0.5_6,outer,1,SA,0.1,2,Double,Yes_Kink,219,643591
result_SELECT_10_Heisenberg2D_cylinder_0.5_0.5_6,outer,1,SA,0.1,2,Proj.,No_MSF,108,160032
result_SELECT_10_Heisenberg2D_cylinder_0.5_0.5_6,outer,1,SA,0.1,2,Proj.,No_Top,123,173600
result_SELECT_10_Heisenberg2D_cylinder_0.5_0.5_6,outer,1,SA,0.1,2,Proj.,No_MP,136,610341
result_SELECT_10_Heisenberg2D_cylinder_0.5_0.5_6,outer,1,SA,0.1,2,Proj.,No_Kink,163,757248
result_SELECT_10_Heisenberg2D_cylinder_0.5_0.5_6,outer,1,SA,0.1,2,Proj.,Yes_Kink,174,799250
result_SELECT_10_Heisenberg2D_cylinder_0.5_0.5_0,outer,2,random,0.0,0,Single,No_MSF,8099,992534
result_SELECT_10_Heisenberg2D_cylinder_0.5_0.5_0,outer,2,random,0.0,0,Single,No_Top,8099,988078
result_SELECT_10_Heisenberg2D_cylinder_0.5_0.5_0,outer,2,random,0.0,0,Single,No_MP,8099,1072457
result_SELECT_10_Heisenberg2D_cylinder_0.5_0.5_0,outer,2,random,0.0,0,Single,No_Kink,8099,1096905
result_SELECT_10_Heisenberg2D_cylinder_0.5_0.5_0,outer,2,random,0.0,0,Single,Yes_Kink,8099,1108658
result_SELECT_10_Heisenberg2D_cylinder_0.5_0.5_0,outer,2,random,0.0,0,Double,No_MSF,7536,923848
result_SELECT_10_Heisenberg2D_cylinder_0.5_0.5_0,outer,2,random,0.0,0,Double,No_Top,7536,919392
result_SELECT_10_Heisenberg2D_cylinder_0.5_0.5_0,outer,2,random,0.0,0,Double,No_MP,7536,1011605
result_SELECT_10_Heisenberg2D_cylinder_0.5_0.5_0,outer,2,random,0.0,0,Double,No_Kink,7536,1040443
result_SELECT_10_Heisenberg2D_cylinder_0.5_0.5_0,outer,2,random,0.0,0,Double,Yes_Kink,7536,1038570
result_SELECT_10_Heisenberg2D_cylinder_0.5_0.5_0,outer,2,random,0.0,0,Proj.,No_MSF,6660,816976
result_SELECT_10_Heisenberg2D_cylinder_0.5_0.5_0,outer,2,random,0.0,0,Proj.,No_Top,6660,812520
result_SELECT_10_Heisenberg2D_cylinder_0.5_0.5_0,outer,2,random,0.0,0,Proj.,No_MP,6660,2446683
result_SELECT_10_Heisenberg2D_cylinder_0.5_0.5_0,outer,2,random,0.0,0,Proj.,No_Kink,6660,2875655
result_SELECT_10_Heisenberg2D_cylinder_0.5_0.5_0,outer,2,random,0.0,0,Proj.,Yes_Kink,6662,2863993
result_SELECT_10_Heisenberg2D_cylinder_0.5_0.5_3,outer,1,SA,1.0,0,Single,No_MSF,1069,295440
result_SELECT_10_Heisenberg2D_cylinder_0.5_0.5_3,outer,1,SA,1.0,0,Single,No_Top,1069,290768
result_SELECT_10_Heisenberg2D_cylinder_0.5_0.5_3,outer,1,SA,1.0,0,Single,No_MP,1069,342558
result_SELECT_10_Heisenberg2D_cylinder_0.5_0.5_3,outer,1,SA,1.0,0,Single,No_Kink,1069,360996
result_SELECT_10_Heisenberg2D_cylinder_0.5_0.5_3,outer,1,SA,1.0,0,Double,No_MSF,987,273136
result_SELECT_10_Heisenberg2D_cylinder_0.5_0.5_3,outer,1,SA,1.0,0,Double,No_Top,987,268464
result_SELECT_10_Heisenberg2D_cylinder_0.5_0.5_3,outer,1,SA,1.0,0,Double,No_MP,987,327042
result_SELECT_10_Heisenberg2D_cylinder_0.5_0.5_3,outer,1,SA,1.0,0,Double,No_Kink,989,352479
result_SELECT_10_Heisenberg2D_cylinder_0.5_0.5_3,outer,1,SA,1.0,0,Double,Yes_Kink,997,353381
result_SELECT_10_Heisenberg2D_cylinder_0.5_0.5_3,outer,1,SA,1.0,0,Proj.,No_MSF,837,232336
result_SELECT_10_Heisenberg2D_cylinder_0.5_0.5_3,outer,1,SA,1.0,0,Proj.,No_Top,837,227664
result_SELECT_10_Heisenberg2D_cylinder_0.5_0.5_3,outer,1,SA,1.0,0,Proj.,No_MP,846,802086
result_SELECT_10_Heisenberg2D_cylinder_0.5_0.5_3,outer,1,SA,1.0,0,Proj.,No_Kink,852,898674
result_SELECT_10_Heisenberg2D_cylinder_0.5_0.5_3,outer,1,SA,1.0,0,Proj.,Yes_Kink,858,895834
result_SELECT_10_Heisenberg2D_cylinder_0.5_0.5_5,inner,1,random,0.0,2,Single,No_MSF,327,256704
result_SELECT_10_Heisenberg2D_cylinder_0.5_0.5_5,inner,1,random,0.0,2,Single,No_Top,327,251360
result_SELECT_10_Heisenberg2D_cylinder_0.5_0.5_5,inner,1,random,0.0,2,Single,No_MP,666,974824
result_SELECT_10_Heisenberg2D_cylinder_0.5_0.5_5,inner,1,random,0.0,2,Single,No_Kink,679,998184
result_SELECT_10_Heisenberg2D_cylinder_0.5_0.5_5,inner,1,random,0.0,2,Double,No_MSF,290,229472
result_SELECT_10_Heisenberg2D_cylinder_0.5_0.5_5,inner,1,random,0.0,2,Double,No_Top,291,224864
result_SELECT_10_Heisenberg2D_cylinder_0.5_0.5_5,inner,1,random,0.0,2,Double,No_MP,391,774137
result_SELECT_10_Heisenberg2D_cylinder_0.5_0.5_5,inner,1,random,0.0,2,Double,No_Kink,416,836075
result_SELECT_10_Heisenberg2D_cylinder_0.5_0.5_5,inner,1,random,0.0,2,Double,Yes_Kink,423,841080
result_SELECT_10_Heisenberg2D_cylinder_0.5_0.5_5,inner,1,random,0.0,2,Proj.,No_MSF,213,172800
result_SELECT_10_Heisenberg2D_cylinder_0.5_0.5_5,inner,1,random,0.0,2,Proj.,No_Top,213,167456
result_SELECT_10_Heisenberg2D_cylinder_0.5_0.5_5,inner,1,random,0.0,2,Proj.,No_MP,282,792463
result_SELECT_10_Heisenberg2D_cylinder_0.5_0.5_5,inner,1,random,0.0,2,Proj.,No_Kink,315,880119
result_SELECT_10_Heisenberg2D_cylinder_0.5_0.5_5,inner,1,random,0.0,2,Proj.,Yes_Kink,327,906466
result_SELECT_10_Heisenberg2D_cylinder_0.5_0.5_6,inner,1,SA,1.0,4,Single,No_MSF,211,307392
result_SELECT_10_Heisenberg2D_cylinder_0.5_0.5_6,inner,1,SA,1.0,4,Single,No_Top,233,330144
result_SELECT_10_Heisenberg2D_cylinder_0.5_0.5_6,inner,1,SA,1.0,4,Single,No_MP,216,463044
result_SELECT_10_Heisenberg2D_cylinder_0.5_0.5_6,inner,1,SA,1.0,4,Single,No_Kink,260,661740
result_SELECT_10_Heisenberg2D_cylinder_0.5_0.5_6,inner,1,SA,1.0,4,Double,No_MSF,177,262784
result_SELECT_10_Heisenberg2D_cylinder_0.5_0.5_6,inner,1,SA,1.0,4,Double,No_Top,219,311776
result_SELECT_10_Heisenberg2D_cylinder_0.5_0.5_6,inner,1,SA,1.0,4,Double,No_MP,184,425856
result_SELECT_10_Heisenberg2D_cylinder_0.5_0.5_6,inner,1,SA,1.0,4,Double,No_Kink,224,671811
result_SELECT_10_Heisenberg2D_cylinder_0.5_0.5_6,inner,1,SA,1.0,4,Double,Yes_Kink,231,687563
result_SELECT_10_Heisenberg2D_cylinder_0.5_0.5_6,inner,1,SA,1.0,4,Proj.,No_MSF,108,172256
result_SELECT_10_Heisenberg2D_cylinder_0.5_0.5_6,inner,1,SA,1.0,4,Proj.,No_Top,205,293408
result_SELECT_10_Heisenberg2D_cylinder_0.5_0.5_6,inner,1,SA,1.0,4,Proj.,No_MP,135,592101
result_SELECT_10_Heisenberg2D_cylinder_0.5_0.5_6,inner,1,SA,1.0,4,Proj.,No_Kink,275,1081945
result_SELECT_10_Heisenberg2D_cylinder_0.5_0.5_6,inner,1,SA,1.0,4,Proj.,Yes_Kink,285,1095673
result_SELECT_10_Heisenberg2D_cylinder_0.5_0.5_4,inner,2,naive,0.0,2,Single,No_MSF,571,261360
result_SELECT_10_Heisenberg2D_cylinder_0.5_0.5_4,inner,2,naive,0.0,2,Single,No_Top,571,256464
result_SELECT_10_Heisenberg2D_cylinder_0.5_0.5_4,inner,2,naive,0.0,2,Single,No_MP,787,538283
result_SELECT_10_Heisenberg2D_cylinder_0.5_0.5_4,inner,2,naive,0.0,2,Single,No_Kink,838,623161
result_SELECT_10_Heisenberg2D_cylinder_0.5_0.5_4,inner,2,naive,0.0,2,Single,Yes_Kink,810,623580
result_SELECT_10_Heisenberg2D_cylinder_0.5_0.5_4,inner,2,naive,0.0,2,Double,No_MSF,522,240192
result_SELECT_10_Heisenberg2D_cylinder_0.5_0.5_4,inner,2,naive,0.0,2,Double,No_Top,522,235296
result_SELECT_10_Heisenberg2D_cylinder_0.5_0.5_4,inner,2,naive,0.0,2,Double,No_MP,608,473545
result_SELECT_10_Heisenberg2D_cylinder_0.5_0.5_4,inner,2,naive,0.0,2,Double,No_Kink,701,581865
result_SELECT_10_Heisenberg2D_cylinder_0.5_0.5_4,inner,2,naive,0.0,2,Double,Yes_Kink,713,584995
result_SELECT_10_Heisenberg2D_cylinder_0.5_0.5_4,inner,2,naive,0.0,2,Proj.,No_MSF,420,196128
result_SELECT_10_Heisenberg2D_cylinder_0.5_0.5_4,inner,2,naive,0.0,2,Proj.,No_Top,420,191232
result_SELECT_10_Heisenberg2D_cylinder_0.5_0.5_4,inner,2,naive,0.0,2,Proj.,No_MP,457,817925
result_SELECT_10_Heisenberg2D_cylinder_0.5_0.5_4,inner,2,naive,0.0,2,Proj.,No_Kink,479,871688
result_SELECT_10_Heisenberg2D_cylinder_0.5_0.5_4,inner,2,naive,0.0,2,Proj.,Yes_Kink,503,902643
result_SELECT_10_Heisenberg2D_cylinder_0.5_0.5_6,outer,1,naive,0.0,4,Single,No_MSF,211,307392
result_SELECT_10_Heisenberg2D_cylinder_0.5_0.5_6,outer,1,naive,0.0,4,Single,No_Top,233,330144
result_SELECT_10_Heisenberg2D_cylinder_0.5_0.5_6,outer,1,naive,0.0,4,Single,No_MP,640,1489540
result_SELECT_10_Heisenberg2D_cylinder_0.5_0.5_6,outer,1,naive,0.0,4,Single,No_Kink,837,1872742
result_SELECT_10_Heisenberg2D_cylinder_0.5_0.5_6,outer,1,naive,0.0,4,Double,No_MSF,177,262784
result_SELECT_10_Heisenberg2D_cylinder_0.5_0.5_6,outer,1,naive,0.0,4,Double,No_Top,219,311776
result_SELECT_10_Heisenberg2D_cylinder_0.5_0.5_6,outer,1,naive,0.0,4,Double,No_MP,468,1275659
result_SELECT_10_Heisenberg2D_cylinder_0.5_0.5_6,outer,1,naive,0.0,4,Double,No_Kink,607,1606279
result_SELECT_10_Heisenberg2D_cylinder_0.5_0.5_6,outer,1,naive,0.0,4,Double,Yes_Kink,613,1613643
result_SELECT_10_Heisenberg2D_cylinder_0.5_0.5_6,outer,1,naive,0.0,4,Proj.,No_MSF,108,172256
result_SELECT_10_Heisenberg2D_cylinder_0.5_0.5_6,outer,1,naive,0.0,4,Proj.,No_Top,205,293408
result_SELECT_10_Heisenberg2D_cylinder_0.5_0.5_6,outer,1,naive,0.0,4,Proj.,No_MP,293,1375042
result_SELECT_10_Heisenberg2D_cylinder_0.5_0.5_6,outer,1,naive,0.0,4,Proj.,No_Kink,378,1796817
result_SELECT_10_Heisenberg2D_cylinder_0.5_0.5_6,outer,1,naive,0.0,4,Proj.,Yes_Kink,386,1822410
result_SELECT_10_Heisenberg2D_cylinder_0.5_0.5_6,inner,2,SA,1.0,2,Single,No_MSF,211,295168
result_SELECT_10_Heisenberg2D_cylinder_0.5_0.5_6,inner,2,SA,1.0,2,Single,No_Top,211,289056
result_SELECT_10_Heisenberg2D_cylinder_0.5_0.5_6,inner,2,SA,1.0,2,Single,No_MP,211,401134
result_SELECT_10_Heisenberg2D_cylinder_0.5_0.5_6,inner,2,SA,1.0,2,Single,No_Kink,211,464898
result_SELECT_10_Heisenberg2D_cylinder_0.5_0.5_6,inner,2,SA,1.0,2,Single,Yes_Kink,211,480094
result_SELECT_10_Heisenberg2D_cylinder_0.5_0.5_6,inner,2,SA,1.0,2,Double,No_MSF,177,250560
result_SELECT_10_Heisenberg2D_cylinder_0.5_0.5_6,inner,2,SA,1.0,2,Double,No_Top,177,244448
result_SELECT_10_Heisenberg2D_cylinder_0.5_0.5_6,inner,2,SA,1.0,2,Double,No_MP,180,369777
result_SELECT_10_Heisenberg2D_cylinder_0.5_0.5_6,inner,2,SA,1.0,2,Double,No_Kink,181,445736
result_SELECT_10_Heisenberg2D_cylinder_0.5_0.5_6,inner,2,SA,1.0,2,Double,Yes_Kink,190,462364
result_SELECT_10_Heisenberg2D_cylinder_0.5_0.5_6,inner,2,SA,1.0,2,Proj.,No_MSF,108,160032
result_SELECT_10_Heisenberg2D_cylinder_0.5_0.5_6,inner,2,SA,1.0,2,Proj.,No_Top,123,173600
result_SELECT_10_Heisenberg2D_cylinder_0.5_0.5_6,inner,2,SA,1.0,2,Proj.,No_MP,125,572487
result_SELECT_10_Heisenberg2D_cylinder_0.5_0.5_6,inner,2,SA,1.0,2,Proj.,No_Kink,150,702925
result_SELECT_10_Heisenberg2D_cylinder_0.5_0.5_6,inner,2,SA,1.0,2,Proj.,Yes_Kink,155,722485
result_SELECT_10_Heisenberg2D_cylinder_0.5_0.5_4,inner,1,SA,0.01,0,Single,No_MSF,571,251568
result_SELECT_10_Heisenberg2D_cylinder_0.5_0.5_4,inner,1,SA,0.01,0,Single,No_Top,571,246672
result_SELECT_10_Heisenberg2D_cylinder_0.5_0.5_4,inner,1,SA,0.01,0,Single,No_MP,572,302980
result_SELECT_10_Heisenberg2D_cylinder_0.5_0.5_4,inner,1,SA,0.01,0,Single,No_Kink,573,326052
result_SELECT_10_Heisenberg2D_cylinder_0.5_0.5_4,inner,1,SA,0.01,0,Double,No_MSF,522,230400
result_SELECT_10_Heisenberg2D_cylinder_0.5_0.5_4,inner,1,SA,0.01,0,Double,No_Top,522,225504
result_SELECT_10_Heisenberg2D_cylinder_0.5_0.5_4,inner,1,SA,0.01,0,Double,No_MP,523,288547
result_SELECT_10_Heisenberg2D_cylinder_0.5_0.5_4,inner,1,SA,0.01,0,Double,No_Kink,524,318342
result_SELECT_10_Heisenberg2D_cylinder_0.5_0.5_4,inner,1,SA,0.01,0,Double,Yes_Kink,525,321400
result_SELECT_10_Heisenberg2D_cylinder_0.5_0.5_4,inner,1,SA,0.01,0,Proj.,No_MSF,420,186336
result_SELECT_10_Heisenberg2D_cylinder_0.5_0.5_4,inner,1,SA,0.01,0,Proj.,No_Top,420,181440
result_SELECT_10_Heisenberg2D_cylinder_0.5_0.5_4,inner,1,SA,0.01,0,Proj.,No_MP,433,654286
result_SELECT_10_Heisenberg2D_cylinder_0.5_0.5_4,inner,1,SA,0.01,0,Proj.,No_Kink,444,695175
result_SELECT_10_Heisenberg2D_cylinder_0.5_0.5_4,inner,1,SA,0.01,0,Proj.,Yes_Kink,448,697467
result_SELECT_10_Heisenberg2D_cylinder_0.5_0.5_6,inner,1,SA,0.01,8,Single,No_MSF,211,331840
result_SELECT_10_Heisenberg2D_cylinder_0.5_0.5_6,inner,1,SA,0.01,8,Single,No_Top,383,551392
result_SELECT_10_Heisenberg2D_cylinder_0.5_0.5_6,inner,1,SA,0.01,8,Single,No_MP,213,478474
result_SELECT_10_Heisenberg2D_cylinder_0.5_0.5_6,inner,1,SA,0.01,8,Single,No_Kink,386,919186
result_SELECT_10_Heisenberg2D_cylinder_0.5_0.5_6,inner,1,SA,0.01,8,Double,No_MSF,177,287232
result_SELECT_10_Heisenberg2D_cylinder_0.5_0.5_6,inner,1,SA,0.01,8,Double,No_Top,374,539584
result_SELECT_10_Heisenberg2D_cylinder_0.5_0.5_6,inner,1,SA,0.01,8,Double,No_MP,181,436154
result_SELECT_10_Heisenberg2D_cylinder_0.5_0.5_6,inner,1,SA,0.01,8,Double,No_Kink,372,924148
result_SELECT_10_Heisenberg2D_cylinder_0.5_0.5_6,inner,1,SA,0.01,8,Double,Yes_Kink,375,930605
result_SELECT_10_Heisenberg2D_cylinder_0.5_0.5_6,inner,1,SA,0.01,8,Proj.,No_MSF,108,196704
result_SELECT_10_Heisenberg2D_cylinder_0.5_0.5_6,inner,1,SA,0.01,8,Proj.,No_Top,369,533024
result_SELECT_10_Heisenberg2D_cylinder_0.5_0.5_6,inner,1,SA,0.01,8,Proj.,No_MP,131,625057
result_SELECT_10_Heisenberg2D_cylinder_0.5_0.5_6,inner,1,SA,0.01,8,Proj.,No_Kink,1395,4561302
result_SELECT_10_Heisenberg2D_cylinder_0.5_0.5_6,inner,1,SA,0.01,8,Proj.,Yes_Kink,1386,4432657
result_SELECT_10_Heisenberg2D_cylinder_0.5_0.5_6,outer,2,SA,0.001,0,Single,No_MSF,211,282944
result_SELECT_10_Heisenberg2D_cylinder_0.5_0.5_6,outer,2,SA,0.001,0,Single,No_Top,211,276832
result_SELECT_10_Heisenberg2D_cylinder_0.5_0.5_6,outer,2,SA,0.001,0,Single,No_MP,211,381466
result_SELECT_10_Heisenberg2D_cylinder_0.5_0.5_6,outer,2,SA,0.001,0,Single,No_Kink,211,482374
result_SELECT_10_Heisenberg2D_cylinder_0.5_0.5_6,outer,2,SA,0.001,0,Single,Yes_Kink,213,502998
result_SELECT_10_Heisenberg2D_cylinder_0.5_0.5_6,outer,2,SA,0.001,0,Double,No_MSF,177,238336
result_SELECT_10_Heisenberg2D_cylinder_0.5_0.5_6,outer,2,SA,0.001,0,Double,No_Top,177,232224
result_SELECT_10_Heisenberg2D_cylinder_0.5_0.5_6,outer,2,SA,0.001,0,Double,No_MP,179,348856
result_SELECT_10_Heisenberg2D_cylinder_0.5_0.5_6,outer,2,SA,0.001,0,Double,No_Kink,181,469073
result_SELECT_10_Heisenberg2D_cylinder_0.5_0.5_6,outer,2,SA,0.001,0,Double,Yes_Kink,191,476950
result_SELECT_10_Heisenberg2D_cylinder_0.5_0.5_6,outer,2,SA,0.001,0,Proj.,No_MSF,108,147808
result_SELECT_10_Heisenberg2D_cylinder_0.5_0.5_6,outer,2,SA,0.001,0,Proj.,No_Top,108,141696
result_SELECT_10_Heisenberg2D_cylinder_0.5_0.5_6,outer,2,SA,0.001,0,Proj.,No_MP,125,566565
result_SELECT_10_Heisenberg2D_cylinder_0.5_0.5_6,outer,2,SA,0.001,0,Proj.,No_Kink,137,670462
result_SELECT_10_Heisenberg2D_cylinder_0.5_0.5_6,outer,2,SA,0.001,0,Proj.,Yes_Kink,144,692141
result_SELECT_10_Heisenberg2D_cylinder_0.5_0.5_6,outer,2,naive,0.0,0,Single,No_MSF,211,282944
result_SELECT_10_Heisenberg2D_cylinder_0.5_0.5_6,outer,2,naive,0.0,0,Single,No_Top,211,276832
result_SELECT_10_Heisenberg2D_cylinder_0.5_0.5_6,outer,2,naive,0.0,0,Single,No_MP,352,851026
result_SELECT_10_Heisenberg2D_cylinder_0.5_0.5_6,outer,2,naive,0.0,0,Single,No_Kink,506,1149707
result_SELECT_10_Heisenberg2D_cylinder_0.5_0.5_6,outer,2,naive,0.0,0,Single,Yes_Kink,468,1116040
result_SELECT_10_Heisenberg2D_cylinder_0.5_0.5_6,outer,2,naive,0.0,0,Double,No_MSF,177,238336
result_SELECT_10_Heisenberg2D_cylinder_0.5_0.5_6,outer,2,naive,0.0,0,Double,No_Top,177,232224
result_SELECT_10_Heisenberg2D_cylinder_0.5_0.5_6,outer,2,naive,0.0,0,Double,No_MP,301,801457
result_SELECT_10_Heisenberg2D_cylinder_0.5_0.5_6,outer,2,naive,0.0,0,Double,No_Kink,454,1115893
result_SELECT_10_Heisenberg2D_cylinder_0.5_0.5_6,outer,2,naive,0.0,0,Double,Yes_Kink,461,1121504
result_SELECT_10_Heisenberg2D_cylinder_0.5_0.5_6,outer,2,naive,0.0,0,Proj.,No_MSF,108,147808
result_SELECT_10_Heisenberg2D_cylinder_0.5_0.5_6,outer,2,naive,0.0,0,Proj.,No_Top,108,141696
result_SELECT_10_Heisenberg2D_cylinder_0.5_0.5_6,outer,2,naive,0.0,0,Proj.,No_MP,199,973988
result_SELECT_10_Heisenberg2D_cylinder_0.5_0.5_6,outer,2,naive,0.0,0,Proj.,No_Kink,261,1308140
result_SELECT_10_Heisenberg2D_cylinder_0.5_0.5_6,outer,2,naive,0.0,0,Proj.,Yes_Kink,272,1352689
result_SELECT_10_Heisenberg2D_cylinder_0.5_0.5_2,outer,1,SA,0.001,0,Single,No_MSF,2072,394080
result_SELECT_10_Heisenberg2D_cylinder_0.5_0.5_2,outer,1,SA,0.001,0,Single,No_Top,2072,389536
result_SELECT_10_Heisenberg2D_cylinder_0.5_0.5_2,outer,1,SA,0.001,0,Single,No_MP,2072,433226
result_SELECT_10_Heisenberg2D_cylinder_0.5_0.5_2,outer,1,SA,0.001,0,Single,No_Kink,2072,470942
result_SELECT_10_Heisenberg2D_cylinder_0.5_0.5_2,outer,1,SA,0.001,0,Double,No_MSF,1921,365692
result_SELECT_10_Heisenberg2D_cylinder_0.5_0.5_2,outer,1,SA,0.001,0,Double,No_Top,1921,361148
result_SELECT_10_Heisenberg2D_cylinder_0.5_0.5_2,outer,1,SA,0.001,0,Double,No_MP,1921,414777
result_SELECT_10_Heisenberg2D_cylinder_0.5_0.5_2,outer,1,SA,0.001,0,Double,No_Kink,1923,458034
result_SELECT_10_Heisenberg2D_cylinder_0.5_0.5_2,outer,1,SA,0.001,0,Double,Yes_Kink,1925,456937
result_SELECT_10_Heisenberg2D_cylinder_0.5_0.5_2,outer,1,SA,0.001,0,Proj.,No_MSF,1668,318128
result_SELECT_10_Heisenberg2D_cylinder_0.5_0.5_2,outer,1,SA,0.001,0,Proj.,No_Top,1668,313584
result_SELECT_10_Heisenberg2D_cylinder_0.5_0.5_2,outer,1,SA,0.001,0,Proj.,No_MP,1673,1025641
result_SELECT_10_Heisenberg2D_cylinder_0.5_0.5_2,outer,1,SA,0.001,0,Proj.,No_Kink,1681,1251543
result_SELECT_10_Heisenberg2D_cylinder_0.5_0.5_2,outer,1,SA,0.001,0,Proj.,Yes_Kink,1704,1256804
result_SELECT_10_Heisenberg2D_cylinder_0.5_0.5_5,inner,2,SA,0.001,2,Single,No_MSF,327,256704
result_SELECT_10_Heisenberg2D_cylinder_0.5_0.5_5,inner,2,SA,0.001,2,Single,No_Top,327,251360
result_SELECT_10_Heisenberg2D_cylinder_0.5_0.5_5,inner,2,SA,0.001,2,Single,No_MP,327,319031
result_SELECT_10_Heisenberg2D_cylinder_0.5_0.5_5,inner,2,SA,0.001,2,Single,No_Kink,327,365156
result_SELECT_10_Heisenberg2D_cylinder_0.5_0.5_5,inner,2,SA,0.001,2,Single,Yes_Kink,327,381312
result_SELECT_10_Heisenberg2D_cylinder_0.5_0.5_5,inner,2,SA,0.001,2,Double,No_MSF,290,229472
result_SELECT_10_Heisenberg2D_cylinder_0.5_0.5_5,inner,2,SA,0.001,2,Double,No_Top,291,224864
result_SELECT_10_Heisenberg2D_cylinder_0.5_0.5_5,inner,2,SA,0.001,2,Double,No_MP,295,304584
result_SELECT_10_Heisenberg2D_cylinder_0.5_0.5_5,inner,2,SA,0.001,2,Double,No_Kink,296,359173
result_SELECT_10_Heisenberg2D_cylinder_0.5_0.5_5,inner,2,SA,0.001,2,Double,Yes_Kink,301,364078
result_SELECT_10_Heisenberg2D_cylinder_0.5_0.5_5,inner,2,SA,0.001,2,Proj.,No_MSF,213,172800
result_SELECT_10_Heisenberg2D_cylinder_0.5_0.5_5,inner,2,SA,0.001,2,Proj.,No_Top,213,167456
result_SELECT_10_Heisenberg2D_cylinder_0.5_0.5_5,inner,2,SA,0.001,2,Proj.,No_MP,228,611235
result_SELECT_10_Heisenberg2D_cylinder_0.5_0.5_5,inner,2,SA,0.001,2,Proj.,No_Kink,241,691983
result_SELECT_10_Heisenberg2D_cylinder_0.5_0.5_5,inner,2,SA,0.001,2,Proj.,Yes_Kink,248,702979
result_trotter_10_Heisenberg2D_cylinder_0.5_0.5_rand,outer,1,SA,0.1,1,Single,No_MSF,744,125400
result_trotter_10_Heisenberg2D_cylinder_0.5_0.5_rand,outer,1,SA,0.1,1,Single,No_Top,1164,141900
result_trotter_10_Heisenberg2D_cylinder_0.5_0.5_rand,outer,1,SA,0.1,1,Single,No_MP,744,137158
result_trotter_10_Heisenberg2D_cylinder_0.5_0.5_rand,outer,1,SA,0.1,1,Single,No_Kink,1242,358008
result_trotter_10_Heisenberg2D_cylinder_0.5_0.5_rand,outer,1,SA,0.1,1,Double,No_MSF,721,123100
result_trotter_10_Heisenberg2D_cylinder_0.5_0.5_rand,outer,1,SA,0.1,1,Double,No_Top,1160,141500
result_trotter_10_Heisenberg2D_cylinder_0.5_0.5_rand,outer,1,SA,0.1,1,Double,No_MP,722,136311
result_trotter_10_Heisenberg2D_cylinder_0.5_0.5_rand,outer,1,SA,0.1,1,Double,No_Kink,1263,440482
result_trotter_10_Heisenberg2D_cylinder_0.5_0.5_rand,outer,1,SA,0.1,1,Double,Yes_Kink,1323,445952
result_trotter_10_Heisenberg2D_cylinder_0.5_0.5_rand,outer,1,SA,0.1,1,Proj.,No_MSF,390,90000
result_trotter_10_Heisenberg2D_cylinder_0.5_0.5_rand,outer,1,SA,0.1,1,Proj.,No_Top,1160,141500
result_trotter_10_Heisenberg2D_cylinder_0.5_0.5_rand,outer,1,SA,0.1,1,Proj.,No_MP,512,229832
result_trotter_10_Heisenberg2D_cylinder_0.5_0.5_rand,outer,1,SA,0.1,1,Proj.,No_Kink,1312,534096
result_trotter_10_Heisenberg2D_cylinder_0.5_0.5_rand,outer,1,SA,0.1,1,Proj.,Yes_Kink,1337,539840
result_SELECT_10_Heisenberg2D_cylinder_0.5_0.5_6,outer,2,random,0.0,2,Single,No_MSF,211,295168
result_SELECT_10_Heisenberg2D_cylinder_0.5_0.5_6,outer,2,random,0.0,2,Single,No_Top,211,289056
result_SELECT_10_Heisenberg2D_cylinder_0.5_0.5_6,outer,2,random,0.0,2,Single,No_MP,253,813640
result_SELECT_10_Heisenberg2D_cylinder_0.5_0.5_6,outer,2,random,0.0,2,Single,No_Kink,292,958875
result_SELECT_10_Heisenberg2D_cylinder_0.5_0.5_6,outer,2,random,0.0,2,Single,Yes_Kink,297,969123
result_SELECT_10_Heisenberg2D_cylinder_0.5_0.5_6,outer,2,random,0.0,2,Double,No_MSF,177,250560
result_SELECT_10_Heisenberg2D_cylinder_0.5_0.5_6,outer,2,random,0.0,2,Double,No_Top,177,244448
result_SELECT_10_Heisenberg2D_cylinder_0.5_0.5_6,outer,2,random,0.0,2,Double,No_MP,213,777594
result_SELECT_10_Heisenberg2D_cylinder_0.5_0.5_6,outer,2,random,0.0,2,Double,No_Kink,247,935085
result_SELECT_10_Heisenberg2D_cylinder_0.5_0.5_6,outer,2,random,0.0,2,Double,Yes_Kink,253,949056
result_SELECT_10_Heisenberg2D_cylinder_0.5_0.5_6,outer,2,random,0.0,2,Proj.,No_MSF,108,160032
result_SELECT_10_Heisenberg2D_cylinder_0.5_0.5_6,outer,2,random,0.0,2,Proj.,No_Top,123,173600
result_SELECT_10_Heisenberg2D_cylinder_0.5_0.5_6,outer,2,random,0.0,2,Proj.,No_MP,168,843693
result_SELECT_10_Heisenberg2D_cylinder_0.5_0.5_6,outer,2,random,0.0,2,Proj.,No_Kink,205,1034220
result_SELECT_10_Heisenberg2D_cylinder_0.5_0.5_6,outer,2,random,0.0,2,Proj.,Yes_Kink,208,1053892
result_SELECT_10_Heisenberg2D_cylinder_0.5_0.5_2,outer,2,SA,0.001,2,Single,No_MSF,2072,403168
result_SELECT_10_Heisenberg2D_cylinder_0.5_0.5_2,outer,2,SA,0.001,2,Single,No_Top,2072,398624
result_SELECT_10_Heisenberg2D_cylinder_0.5_0.5_2,outer,2,SA,0.001,2,Single,No_MP,2072,438893
result_SELECT_10_Heisenberg2D_cylinder_0.5_0.5_2,outer,2,SA,0.001,2,Single,No_Kink,2072,471451
result_SELECT_10_Heisenberg2D_cylinder_0.5_0.5_2,outer,2,SA,0.001,2,Single,Yes_Kink,2072,481096
result_SELECT_10_Heisenberg2D_cylinder_0.5_0.5_2,outer,2,SA,0.001,2,Double,No_MSF,1921,374780
result_SELECT_10_Heisenberg2D_cylinder_0.5_0.5_2,outer,2,SA,0.001,2,Double,No_Top,1921,370236
result_SELECT_10_Heisenberg2D_cylinder_0.5_0.5_2,outer,2,SA,0.001,2,Double,No_MP,1921,419341
result_SELECT_10_Heisenberg2D_cylinder_0.5_0.5_2,outer,2,SA,0.001,2,Double,No_Kink,1922,457463
result_SELECT_10_Heisenberg2D_cylinder_0.5_0.5_2,outer,2,SA,0.001,2,Double,Yes_Kink,1992,465553
result_SELECT_10_Heisenberg2D_cylinder_0.5_0.5_2,outer,2,SA,0.001,2,Proj.,No_MSF,1668,327216
result_SELECT_10_Heisenberg2D_cylinder_0.5_0.5_2,outer,2,SA,0.001,2,Proj.,No_Top,1668,322672
result_SELECT_10_Heisenberg2D_cylinder_0.5_0.5_2,outer,2,SA,0.001,2,Proj.,No_MP,1668,1061438
result_SELECT_10_Heisenberg2D_cylinder_0.5_0.5_2,outer,2,SA,0.001,2,Proj.,No_Kink,1678,1338913
result_SELECT_10_Heisenberg2D_cylinder_0.5_0.5_2,outer,2,SA,0.001,2,Proj.,Yes_Kink,1699,1357943
result_SELECT_10_Heisenberg2D_cylinder_0.5_0.5_5,inner,2,naive,0.0,0,Single,No_MSF,327,246016
result_SELECT_10_Heisenberg2D_cylinder_0.5_0.5_5,inner,2,naive,0.0,0,Single,No_Top,327,240672
result_SELECT_10_Heisenberg2D_cylinder_0.5_0.5_5,inner,2,naive,0.0,0,Single,No_MP,470,602085
result_SELECT_10_Heisenberg2D_cylinder_0.5_0.5_5,inner,2,naive,0.0,0,Single,No_Kink,533,717318
result_SELECT_10_Heisenberg2D_cylinder_0.5_0.5_5,inner,2,naive,0.0,0,Single,Yes_Kink,511,711218
result_SELECT_10_Heisenberg2D_cylinder_0.5_0.5_5,inner,2,naive,0.0,0,Double,No_MSF,290,218784
result_SELECT_10_Heisenberg2D_cylinder_0.5_0.5_5,inner,2,naive,0.0,0,Double,No_Top,290,213440
result_SELECT_10_Heisenberg2D_cylinder_0.5_0.5_5,inner,2,naive,0.0,0,Double,No_MP,393,560098
result_SELECT_10_Heisenberg2D_cylinder_0.5_0.5_5,inner,2,naive,0.0,0,Double,No_Kink,463,685915
result_SELECT_10_Heisenberg2D_cylinder_0.5_0.5_5,inner,2,naive,0.0,0,Double,Yes_Kink,474,692737
result_SELECT_10_Heisenberg2D_cylinder_0.5_0.5_5,inner,2,naive,0.0,0,Proj.,No_MSF,213,162112
result_SELECT_10_Heisenberg2D_cylinder_0.5_0.5_5,inner,2,naive,0.0,0,Proj.,No_Top,213,156768
result_SELECT_10_Heisenberg2D_cylinder_0.5_0.5_5,inner,2,naive,0.0,0,Proj.,No_MP,255,764191
result_SELECT_10_Heisenberg2D_cylinder_0.5_0.5_5,inner,2,naive,0.0,0,Proj.,No_Kink,316,968697
result_SELECT_10_Heisenberg2D_cylinder_0.5_0.5_5,inner,2,naive,0.0,0,Proj.,Yes_Kink,331,1014280
result_SELECT_10_Heisenberg2D_cylinder_0.5_0.5_6,inner,1,random,0.0,6,Single,No_MSF,211,319616
result_SELECT_10_Heisenberg2D_cylinder_0.5_0.5_6,inner,1,random,0.0,6,Single,No_Top,307,439456
result_SELECT_10_Heisenberg2D_cylinder_0.5_0.5_6,inner,1,random,0.0,6,Single,No_MP,596,1519884
result_SELECT_10_Heisenberg2D_cylinder_0.5_0.5_6,inner,1,random,0.0,6,Single,No_Kink,620,1601758
result_SELECT_10_Heisenberg2D_cylinder_0.5_0.5_6,inner,1,random,0.0,6,Double,No_MSF,177,275008
result_SELECT_10_Heisenberg2D_cylinder_0.5_0.5_6,inner,1,random,0.0,6,Double,No_Top,295,423712
result_SELECT_10_Heisenberg2D_cylinder_0.5_0.5_6,inner,1,random,0.0,6,Double,No_MP,334,1191418
result_SELECT_10_Heisenberg2D_cylinder_0.5_0.5_6,inner,1,random,0.0,6,Double,No_Kink,385,1379404
result_SELECT_10_Heisenberg2D_cylinder_0.5_0.5_6,inner,1,random,0.0,6,Double,Yes_Kink,389,1383098
result_SELECT_10_Heisenberg2D_cylinder_0.5_0.5_6,inner,1,random,0.0,6,Proj.,No_MSF,108,184480
result_SELECT_10_Heisenberg2D_cylinder_0.5_0.5_6,inner,1,random,0.0,6,Proj.,No_Top,287,413216
result_SELECT_10_Heisenberg2D_cylinder_0.5_0.5_6,inner,1,random,0.0,6,Proj.,No_MP,236,1158304
result_SELECT_10_Heisenberg2D_cylinder_0.5_0.5_6,inner,1,random,0.0,6,Proj.,No_Kink,391,1830041
result_SELECT_10_Heisenberg2D_cylinder_0.5_0.5_6,inner,1,random,0.0,6,Proj.,Yes_Kink,398,1847957
result_SELECT_100_random_local_OBC_0_0_6,inner,1,SA,0.001,2,Single,No_MSF,247,306944
result_SELECT_100_random_local_OBC_0_0_6,inner,1,SA,0.001,2,Single,No_Top,247,302112
result_SELECT_100_random_local_OBC_0_0_6,inner,1,SA,0.001,2,Single,No_MP,415,706222
result_SELECT_100_random_local_OBC_0_0_6,inner,1,SA,0.001,2,Single,No_Kink,494,888000
result_SELECT_100_random_local_OBC_0_0_6,inner,1,SA,0.001,2,Double,No_MSF,192,241824
result_SELECT_100_random_local_OBC_0_0_6,inner,1,SA,0.001,2,Double,No_Top,193,238176
result_SELECT_100_random_local_OBC_0_0_6,inner,1,SA,0.001,2,Double,No_MP,340,636479
result_SELECT_100_random_local_OBC_0_0_6,inner,1,SA,0.001,2,Double,No_Kink,405,827504
result_SELECT_100_random_local_OBC_0_0_6,inner,1,SA,0.001,2,Double,Yes_Kink,414,843821
result_SELECT_100_random_local_OBC_0_0_6,inner,1,SA,0.001,2,Proj.,No_MSF,128,166048
result_SELECT_100_random_local_OBC_0_0_6,inner,1,SA,0.001,2,Proj.,No_Top,128,161216
result_SELECT_100_random_local_OBC_0_0_6,inner,1,SA,0.001,2,Proj.,No_MP,223,905777
result_SELECT_100_random_local_OBC_0_0_6,inner,1,SA,0.001,2,Proj.,No_Kink,296,1216521
result_SELECT_100_random_local_OBC_0_0_6,inner,1,SA,0.001,2,Proj.,Yes_Kink,312,1265867
result_SELECT_10_Heisenberg2D_cylinder_0.5_0.5_4,outer,1,naive,0.0,0,Single,No_MSF,571,251568
result_SELECT_10_Heisenberg2D_cylinder_0.5_0.5_4,outer,1,naive,0.0,0,Single,No_Top,571,246672
result_SELECT_10_Heisenberg2D_cylinder_0.5_0.5_4,outer,1,naive,0.0,0,Single,No_MP,854,615034
result_SELECT_10_Heisenberg2D_cylinder_0.5_0.5_4,outer,1,naive,0.0,0,Single,No_Kink,1071,761698
result_SELECT_10_Heisenberg2D_cylinder_0.5_0.5_4,outer,1,naive,0.0,0,Double,No_MSF,522,230400
result_SELECT_10_Heisenberg2D_cylinder_0.5_0.5_4,outer,1,naive,0.0,0,Double,No_Top,522,225504
result_SELECT_10_Heisenberg2D_cylinder_0.5_0.5_4,outer,1,naive,0.0,0,Double,No_MP,672,538461
result_SELECT_10_Heisenberg2D_cylinder_0.5_0.5_4,outer,1,naive,0.0,0,Double,No_Kink,835,682350
result_SELECT_10_Heisenberg2D_cylinder_0.5_0.5_4,outer,1,naive,0.0,0,Double,Yes_Kink,836,683630
result_SELECT_10_Heisenberg2D_cylinder_0.5_0.5_4,outer,1,naive,0.0,0,Proj.,No_MSF,420,186336
result_SELECT_10_Heisenberg2D_cylinder_0.5_0.5_4,outer,1,naive,0.0,0,Proj.,No_Top,420,181440
result_SELECT_10_Heisenberg2D_cylinder_0.5_0.5_4,outer,1,naive,0.0,0,Proj.,No_MP,468,719103
result_SELECT_10_Heisenberg2D_cylinder_0.5_0.5_4,outer,1,naive,0.0,0,Proj.,No_Kink,532,847259
result_SELECT_10_Heisenberg2D_cylinder_0.5_0.5_4,outer,1,naive,0.0,0,Proj.,Yes_Kink,558,883604
result_trotter_10_Heisenberg2D_cylinder_0.5_0.5_rand,inner,1,SA,1.0,2,Single,No_MSF,744,150900
result_trotter_10_Heisenberg2D_cylinder_0.5_0.5_rand,inner,1,SA,1.0,2,Single,No_Top,1742,225200
result_trotter_10_Heisenberg2D_cylinder_0.5_0.5_rand,inner,1,SA,1.0,2,Single,No_MP,744,163574
result_trotter_10_Heisenberg2D_cylinder_0.5_0.5_rand,inner,1,SA,1.0,2,Single,No_Kink,1746,428414
result_trotter_10_Heisenberg2D_cylinder_0.5_0.5_rand,inner,1,SA,1.0,2,Double,No_MSF,721,148600
result_trotter_10_Heisenberg2D_cylinder_0.5_0.5_rand,inner,1,SA,1.0,2,Double,No_Top,1740,225000
result_trotter_10_Heisenberg2D_cylinder_0.5_0.5_rand,inner,1,SA,1.0,2,Double,No_MP,721,162573
result_trotter_10_Heisenberg2D_cylinder_0.5_0.5_rand,inner,1,SA,1.0,2,Double,No_Kink,1741,427739
result_trotter_10_Heisenberg2D_cylinder_0.5_0.5_rand,inner,1,SA,1.0,2,Double,Yes_Kink,1743,466069
result_trotter_10_Heisenberg2D_cylinder_0.5_0.5_rand,inner,1,SA,1.0,2,Proj.,No_MSF,390,115500
result_trotter_10_Heisenberg2D_cylinder_0.5_0.5_rand,inner,1,SA,1.0,2,Proj.,No_Top,1740,225000
result_trotter_10_Heisenberg2D_cylinder_0.5_0.5_rand,inner,1,SA,1.0,2,Proj.,No_MP,528,264636
result_trotter_10_Heisenberg2D_cylinder_0.5_0.5_rand,inner,1,SA,1.0,2,Proj.,No_Kink,2086,855559
result_trotter_10_Heisenberg2D_cylinder_0.5_0.5_rand,inner,1,SA,1.0,2,Proj.,Yes_Kink,2106,856567
result_trotter_10_Heisenberg2D_cylinder_0.5_0.5_det,outer,2,SA,1.0,0,Single,No_MSF,756,101100
result_trotter_10_Heisenberg2D_cylinder_0.5_0.5_det,outer,2,SA,1.0,0,Single,No_Top,756,75600
result_trotter_10_Heisenberg2D_cylinder_0.5_0.5_det,outer,2,SA,1.0,0,Single,No_MP,757,112854
result_trotter_10_Heisenberg2D_cylinder_0.5_0.5_det,outer,2,SA,1.0,0,Single,No_Kink,861,269847
result_trotter_10_Heisenberg2D_cylinder_0.5_0.5_det,outer,2,SA,1.0,0,Single,Yes_Kink,852,263370
result_trotter_10_Heisenberg2D_cylinder_0.5_0.5_det,outer,2,SA,1.0,0,Double,No_MSF,749,100400
result_trotter_10_Heisenberg2D_cylinder_0.5_0.5_det,outer,2,SA,1.0,0,Double,No_Top,749,74900
result_trotter_10_Heisenberg2D_cylinder_0.5_0.5_det,outer,2,SA,1.0,0,Double,No_MP,749,113490
result_trotter_10_Heisenberg2D_cylinder_0.5_0.5_det,outer,2,SA,1.0,0,Double,No_Kink,957,341616
result_trotter_10_Heisenberg2D_cylinder_0.5_0.5_det,outer,2,SA,1.0,0,Double,Yes_Kink,1095,359092
result_trotter_10_Heisenberg2D_cylinder_0.5_0.5_det,outer,2,SA,1.0,0,Proj.,No_MSF,390,64500
result_trotter_10_Heisenberg2D_cylinder_0.5_0.5_det,outer,2,SA,1.0,0,Proj.,No_Top,580,58000
result_trotter_10_Heisenberg2D_cylinder_0.5_0.5_det,outer,2,SA,1.0,0,Proj.,No_MP,553,255358
result_trotter_10_Heisenberg2D_cylinder_0.5_0.5_det,outer,2,SA,1.0,0,Proj.,No_Kink,858,482236
result_trotter_10_Heisenberg2D_cylinder_0.5_0.5_det,outer,2,SA,1.0,0,Proj.,Yes_Kink,994,557946
result_SELECT_10_Heisenberg2D_cylinder_0.5_0.5_3,outer,2,SA,0.001,2,Single,No_MSF,1069,304784
result_SELECT_10_Heisenberg2D_cylinder_0.5_0.5_3,outer,2,SA,0.001,2,Single,No_Top,1069,300112
result_SELECT_10_Heisenberg2D_cylinder_0.5_0.5_3,outer,2,SA,0.001,2,Single,No_MP,1069,341184
result_SELECT_10_Heisenberg2D_cylinder_0.5_0.5_3,outer,2,SA,0.001,2,Single,No_Kink,1069,374349
result_SELECT_10_Heisenberg2D_cylinder_0.5_0.5_3,outer,2,SA,0.001,2,Single,Yes_Kink,1069,385921
result_SELECT_10_Heisenberg2D_cylinder_0.5_0.5_3,outer,2,SA,0.001,2,Double,No_MSF,987,282480
result_SELECT_10_Heisenberg2D_cylinder_0.5_0.5_3,outer,2,SA,0.001,2,Double,No_Top,987,277808
result_SELECT_10_Heisenberg2D_cylinder_0.5_0.5_3,outer,2,SA,0.001,2,Double,No_MP,987,327856
result_SELECT_10_Heisenberg2D_cylinder_0.5_0.5_3,outer,2,SA,0.001,2,Double,No_Kink,987,366713
result_SELECT_10_Heisenberg2D_cylinder_0.5_0.5_3,outer,2,SA,0.001,2,Double,Yes_Kink,1022,372346
result_SELECT_10_Heisenberg2D_cylinder_0.5_0.5_3,outer,2,SA,0.001,2,Proj.,No_MSF,837,241680
result_SELECT_10_Heisenberg2D_cylinder_0.5_0.5_3,outer,2,SA,0.001,2,Proj.,No_Top,837,237008
result_SELECT_10_Heisenberg2D_cylinder_0.5_0.5_3,outer,2,SA,0.001,2,Proj.,No_MP,841,776077
result_SELECT_10_Heisenberg2D_cylinder_0.5_0.5_3,outer,2,SA,0.001,2,Proj.,No_Kink,851,1011865
result_SELECT_10_Heisenberg2D_cylinder_0.5_0.5_3,outer,2,SA,0.001,2,Proj.,Yes_Kink,855,1005224
result_SELECT_10_Heisenberg2D_cylinder_0.5_0.5_4,outer,1,random,0.0,2,Single,No_MSF,571,261360
result_SELECT_10_Heisenberg2D_cylinder_0.5_0.5_4,outer,1,random,0.0,2,Single,No_Top,571,256464
result_SELECT_10_Heisenberg2D_cylinder_0.5_0.5_4,outer,1,random,0.0,2,Single,No_MP,722,651552
result_SELECT_10_Heisenberg2D_cylinder_0.5_0.5_4,outer,1,random,0.0,2,Single,No_Kink,867,757992
result_SELECT_10_Heisenberg2D_cylinder_0.5_0.5_4,outer,1,random,0.0,2,Double,No_MSF,522,240192
result_SELECT_10_Heisenberg2D_cylinder_0.5_0.5_4,outer,1,random,0.0,2,Double,No_Top,522,235296
result_SELECT_10_Heisenberg2D_cylinder_0.5_0.5_4,outer,1,random,0.0,2,Double,No_MP,543,565009
result_SELECT_10_Heisenberg2D_cylinder_0.5_0.5_4,outer,1,random,0.0,2,Double,No_Kink,585,654212
result_SELECT_10_Heisenberg2D_cylinder_0.5_0.5_4,outer,1,random,0.0,2,Double,Yes_Kink,594,661422
result_SELECT_10_Heisenberg2D_cylinder_0.5_0.5_4,outer,1,random,0.0,2,Proj.,No_MSF,420,196128
result_SELECT_10_Heisenberg2D_cylinder_0.5_0.5_4,outer,1,random,0.0,2,Proj.,No_Top,420,191232
result_SELECT_10_Heisenberg2D_cylinder_0.5_0.5_4,outer,1,random,0.0,2,Proj.,No_MP,451,706466
result_SELECT_10_Heisenberg2D_cylinder_0.5_0.5_4,outer,1,random,0.0,2,Proj.,No_Kink,460,749769
result_SELECT_10_Heisenberg2D_cylinder_0.5_0.5_4,outer,1,random,0.0,2,Proj.,Yes_Kink,472,762100
result_SELECT_10_Heisenberg2D_cylinder_0.5_0.5_6,outer,1,SA,0.01,8,Single,No_MSF,211,331840
result_SELECT_10_Heisenberg2D_cylinder_0.5_0.5_6,outer,1,SA,0.01,8,Single,No_Top,383,551392
result_SELECT_10_Heisenberg2D_cylinder_0.5_0.5_6,outer,1,SA,0.01,8,Single,No_MP,217,488052
result_SELECT_10_Heisenberg2D_cylinder_0.5_0.5_6,outer,1,SA,0.01,8,Single,No_Kink,392,947814
result_SELECT_10_Heisenberg2D_cylinder_0.5_0.5_6,outer,1,SA,0.01,8,Double,No_MSF,177,287232
result_SELECT_10_Heisenberg2D_cylinder_0.5_0.5_6,outer,1,SA,0.01,8,Double,No_Top,374,539584
result_SELECT_10_Heisenberg2D_cylinder_0.5_0.5_6,outer,1,SA,0.01,8,Double,No_MP,183,448401
result_SELECT_10_Heisenberg2D_cylinder_0.5_0.5_6,outer,1,SA,0.01,8,Double,No_Kink,373,1018163
result_SELECT_10_Heisenberg2D_cylinder_0.5_0.5_6,outer,1,SA,0.01,8,Double,Yes_Kink,373,1003266
result_SELECT_10_Heisenberg2D_cylinder_0.5_0.5_6,outer,1,SA,0.01,8,Proj.,No_MSF,108,196704
result_SELECT_10_Heisenberg2D_cylinder_0.5_0.5_6,outer,1,SA,0.01,8,Proj.,No_Top,369,533024
result_SELECT_10_Heisenberg2D_cylinder_0.5_0.5_6,outer,1,SA,0.01,8,Proj.,No_MP,133,605424
result_SELECT_10_Heisenberg2D_cylinder_0.5_0.5_6,outer,1,SA,0.01,8,Proj.,No_Kink,378,1739468
result_SELECT_10_Heisenberg2D_cylinder_0.5_0.5_6,outer,1,SA,0.01,8,Proj.,Yes_Kink,378,1726343
result_SELECT_10_Heisenberg2D_cylinder_0.5_0.5_5,outer,1,SA,0.001,0,Single,No_MSF,327,246016
result_SELECT_10_Heisenberg2D_cylinder_0.5_0.5_5,outer,1,SA,0.001,0,Single,No_Top,327,240672
result_SELECT_10_Heisenberg2D_cylinder_0.5_0.5_5,outer,1,SA,0.001,0,Single,No_MP,327,325082
result_SELECT_10_Heisenberg2D_cylinder_0.5_0.5_5,outer,1,SA,0.001,0,Single,No_Kink,331,403752
result_SELECT_10_Heisenberg2D_cylinder_0.5_0.5_5,outer,1,SA,0.001,0,Double,No_MSF,290,218784
result_SELECT_10_Heisenberg2D_cylinder_0.5_0.5_5,outer,1,SA,0.001,0,Double,No_Top,290,213440
result_SELECT_10_Heisenberg2D_cylinder_0.5_0.5_5,outer,1,SA,0.001,0,Double,No_MP,291,302388
result_SELECT_10_Heisenberg2D_cylinder_0.5_0.5_5,outer,1,SA,0.001,0,Double,No_Kink,294,388529
result_SELECT_10_Heisenberg2D_cylinder_0.5_0.5_5,outer,1,SA,0.001,0,Double,Yes_Kink,301,395147
result_SELECT_10_Heisenberg2D_cylinder_0.5_0.5_5,outer,1,SA,0.001,0,Proj.,No_MSF,213,162112
result_SELECT_10_Heisenberg2D_cylinder_0.5_0.5_5,outer,1,SA,0.001,0,Proj.,No_Top,213,156768
result_SELECT_10_Heisenberg2D_cylinder_0.5_0.5_5,outer,1,SA,0.001,0,Proj.,No_MP,231,584735
result_SELECT_10_Heisenberg2D_cylinder_0.5_0.5_5,outer,1,SA,0.001,0,Proj.,No_Kink,247,666721
result_SELECT_10_Heisenberg2D_cylinder_0.5_0.5_5,outer,1,SA,0.001,0,Proj.,Yes_Kink,251,671981
result_SELECT_10_Heisenberg2D_cylinder_0.5_0.5_4,inner,2,SA,0.001,2,Single,No_MSF,571,261360
result_SELECT_10_Heisenberg2D_cylinder_0.5_0.5_4,inner,2,SA,0.001,2,Single,No_Top,571,256464
result_SELECT_10_Heisenberg2D_cylinder_0.5_0.5_4,inner,2,SA,0.001,2,Single,No_MP,571,304025
result_SELECT_10_Heisenberg2D_cylinder_0.5_0.5_4,inner,2,SA,0.001,2,Single,No_Kink,571,330398
result_SELECT_10_Heisenberg2D_cylinder_0.5_0.5_4,inner,2,SA,0.001,2,Single,Yes_Kink,571,344021
result_SELECT_10_Heisenberg2D_cylinder_0.5_0.5_4,inner,2,SA,0.001,2,Double,No_MSF,522,240192
result_SELECT_10_Heisenberg2D_cylinder_0.5_0.5_4,inner,2,SA,0.001,2,Double,No_Top,522,235296
result_SELECT_10_Heisenberg2D_cylinder_0.5_0.5_4,inner,2,SA,0.001,2,Double,No_MP,523,292195
result_SELECT_10_Heisenberg2D_cylinder_0.5_0.5_4,inner,2,SA,0.001,2,Double,No_Kink,523,324716
result_SELECT_10_Heisenberg2D_cylinder_0.5_0.5_4,inner,2,SA,0.001,2,Double,Yes_Kink,543,331878
result_SELECT_10_Heisenberg2D_cylinder_0.5_0.5_4,inner,2,SA,0.001,2,Proj.,No_MSF,420,196128
result_SELECT_10_Heisenberg2D_cylinder_0.5_0.5_4,inner,2,SA,0.001,2,Proj.,No_Top,420,191232
result_SELECT_10_Heisenberg2D_cylinder_0.5_0.5_4,inner,2,SA,0.001,2,Proj.,No_MP,431,670167
result_SELECT_10_Heisenberg2D_cylinder_0.5_0.5_4,inner,2,SA,0.001,2,Proj.,No_Kink,441,778060
result_SELECT_10_Heisenberg2D_cylinder_0.5_0.5_4,inner,2,SA,0.001,2,Proj.,Yes_Kink,444,777409
result_SELECT_10_Heisenberg2D_cylinder_0.5_0.5_0,outer,2,SA,0.001,2,Single,No_MSF,8099,1001446
result_SELECT_10_Heisenberg2D_cylinder_0.5_0.5_0,outer,2,SA,0.001,2,Single,No_Top,8101,997234
result_SELECT_10_Heisenberg2D_cylinder_0.5_0.5_0,outer,2,SA,0.001,2,Single,No_MP,8099,1036372
result_SELECT_10_Heisenberg2D_cylinder_0.5_0.5_0,outer,2,SA,0.001,2,Single,No_Kink,8101,1068691
result_SELECT_10_Heisenberg2D_cylinder_0.5_0.5_0,outer,2,SA,0.001,2,Single,Yes_Kink,8101,1080585
result_SELECT_10_Heisenberg2D_cylinder_0.5_0.5_0,outer,2,SA,0.001,2,Double,No_MSF,7536,932760
result_SELECT_10_Heisenberg2D_cylinder_0.5_0.5_0,outer,2,SA,0.001,2,Double,No_Top,7537,928426
result_SELECT_10_Heisenberg2D_cylinder_0.5_0.5_0,outer,2,SA,0.001,2,Double,No_MP,7536,975913
result_SELECT_10_Heisenberg2D_cylinder_0.5_0.5_0,outer,2,SA,0.001,2,Double,No_Kink,7537,1012715
result_SELECT_10_Heisenberg2D_cylinder_0.5_0.5_0,outer,2,SA,0.001,2,Double,Yes_Kink,7537,1008502
result_SELECT_10_Heisenberg2D_cylinder_0.5_0.5_0,outer,2,SA,0.001,2,Proj.,No_MSF,6660,825888
result_SELECT_10_Heisenberg2D_cylinder_0.5_0.5_0,outer,2,SA,0.001,2,Proj.,No_Top,6660,821432
result_SELECT_10_Heisenberg2D_cylinder_0.5_0.5_0,outer,2,SA,0.001,2,Proj.,No_MP,6660,2276981
result_SELECT_10_Heisenberg2D_cylinder_0.5_0.5_0,outer,2,SA,0.001,2,Proj.,No_Kink,6662,2870195
result_SELECT_10_Heisenberg2D_cylinder_0.5_0.5_0,outer,2,SA,0.001,2,Proj.,Yes_Kink,6661,2847934
result_SELECT_10_Heisenberg2D_cylinder_0.5_0.5_1,outer,2,SA,1.0,2,Single,No_MSF,4079,600816
result_SELECT_10_Heisenberg2D_cylinder_0.5_0.5_1,outer,2,SA,1.0,2,Single,No_Top,4080,596480
result_SELECT_10_Heisenberg2D_cylinder_0.5_0.5_1,outer,2,SA,1.0,2,Single,No_MP,4079,639161
result_SELECT_10_Heisenberg2D_cylinder_0.5_0.5_1,outer,2,SA,1.0,2,Single,No_Kink,4080,650937
result_SELECT_10_Heisenberg2D_cylinder_0.5_0.5_1,outer,2,SA,1.0,2,Single,Yes_Kink,4080,663013
result_SELECT_10_Heisenberg2D_cylinder_0.5_0.5_1,outer,2,SA,1.0,2,Double,No_MSF,3792,559488
result_SELECT_10_Heisenberg2D_cylinder_0.5_0.5_1,outer,2,SA,1.0,2,Double,No_Top,3793,555152
result_SELECT_10_Heisenberg2D_cylinder_0.5_0.5_1,outer,2,SA,1.0,2,Double,No_MP,3792,605867
result_SELECT_10_Heisenberg2D_cylinder_0.5_0.5_1,outer,2,SA,1.0,2,Double,No_Kink,3793,623519
result_SELECT_10_Heisenberg2D_cylinder_0.5_0.5_1,outer,2,SA,1.0,2,Double,Yes_Kink,3793,620936
result_SELECT_10_Heisenberg2D_cylinder_0.5_0.5_1,outer,2,SA,1.0,2,Proj.,No_MSF,3333,493392
result_SELECT_10_Heisenberg2D_cylinder_0.5_0.5_1,outer,2,SA,1.0,2,Proj.,No_Top,3333,488912
result_SELECT_10_Heisenberg2D_cylinder_0.5_0.5_1,outer,2,SA,1.0,2,Proj.,No_MP,3333,1516278
result_SELECT_10_Heisenberg2D_cylinder_0.5_0.5_1,outer,2,SA,1.0,2,Proj.,No_Kink,3336,1710916
result_SELECT_10_Heisenberg2D_cylinder_0.5_0.5_1,outer,2,SA,1.0,2,Proj.,Yes_Kink,3337,1729862
result_trotter_10_Heisenberg2D_cylinder_0.5_0.5_rand,outer,2,SA,1.0,0,Single,No_MSF,744,99900
result_trotter_10_Heisenberg2D_cylinder_0.5_0.5_rand,outer,2,SA,1.0,0,Single,No_Top,744,74400
result_trotter_10_Heisenberg2D_cylinder_0.5_0.5_rand,outer,2,SA,1.0,0,Single,No_MP,744,110352
result_trotter_10_Heisenberg2D_cylinder_0.5_0.5_rand,outer,2,SA,1.0,0,Single,No_Kink,895,267800
result_trotter_10_Heisenberg2D_cylinder_0.5_0.5_rand,outer,2,SA,1.0,0,Single,Yes_Kink,891,260756
result_trotter_10_Heisenberg2D_cylinder_0.5_0.5_rand,outer,2,SA,1.0,0,Double,No_MSF,721,97600
result_trotter_10_Heisenberg2D_cylinder_0.5_0.5_rand,outer,2,SA,1.0,0,Double,No_Top,721,72100
result_trotter_10_Heisenberg2D_cylinder_0.5_0.5_rand,outer,2,SA,1.0,0,Double,No_MP,721,109847
result_trotter_10_Heisenberg2D_cylinder_0.5_0.5_rand,outer,2,SA,1.0,0,Double,No_Kink,981,341418
result_trotter_10_Heisenberg2D_cylinder_0.5_0.5_rand,outer,2,SA,1.0,0,Double,Yes_Kink,1099,353313
result_trotter_10_Heisenberg2D_cylinder_0.5_0.5_rand,outer,2,SA,1.0,0,Proj.,No_MSF,390,64500
result_trotter_10_Heisenberg2D_cylinder_0.5_0.5_rand,outer,2,SA,1.0,0,Proj.,No_Top,580,58000
result_trotter_10_Heisenberg2D_cylinder_0.5_0.5_rand,outer,2,SA,1.0,0,Proj.,No_MP,498,230628
result_trotter_10_Heisenberg2D_cylinder_0.5_0.5_rand,outer,2,SA,1.0,0,Proj.,No_Kink,813,475779
result_trotter_10_Heisenberg2D_cylinder_0.5_0.5_rand,outer,2,SA,1.0,0,Proj.,Yes_Kink,963,559466
result_SELECT_10_Heisenberg2D_cylinder_0.5_0.5_5,inner,2,random,0.0,2,Single,No_MSF,327,256704
result_SELECT_10_Heisenberg2D_cylinder_0.5_0.5_5,inner,2,random,0.0,2,Single,No_Top,327,251360
result_SELECT_10_Heisenberg2D_cylinder_0.5_0.5_5,inner,2,random,0.0,2,Single,No_MP,335,565815
result_SELECT_10_Heisenberg2D_cylinder_0.5_0.5_5,inner,2,random,0.0,2,Single,No_Kink,338,591765
result_SELECT_10_Heisenberg2D_cylinder_0.5_0.5_5,inner,2,random,0.0,2,Single,Yes_Kink,341,599236
result_SELECT_10_Heisenberg2D_cylinder_0.5_0.5_5,inner,2,random,0.0,2,Double,No_MSF,290,229472
result_SELECT_10_Heisenberg2D_cylinder_0.5_0.5_5,inner,2,random,0.0,2,Double,No_Top,291,224864
result_SELECT_10_Heisenberg2D_cylinder_0.5_0.5_5,inner,2,random,0.0,2,Double,No_MP,299,538960
result_SELECT_10_Heisenberg2D_cylinder_0.5_0.5_5,inner,2,random,0.0,2,Double,No_Kink,302,582423
result_SELECT_10_Heisenberg2D_cylinder_0.5_0.5_5,inner,2,random,0.0,2,Double,Yes_Kink,312,588689
result_SELECT_10_Heisenberg2D_cylinder_0.5_0.5_5,inner,2,random,0.0,2,Proj.,No_MSF,213,172800
result_SELECT_10_Heisenberg2D_cylinder_0.5_0.5_5,inner,2,random,0.0,2,Proj.,No_Top,213,167456
result_SELECT_10_Heisenberg2D_cylinder_0.5_0.5_5,inner,2,random,0.0,2,Proj.,No_MP,241,728696
result_SELECT_10_Heisenberg2D_cylinder_0.5_0.5_5,inner,2,random,0.0,2,Proj.,No_Kink,252,765059
result_SELECT_10_Heisenberg2D_cylinder_0.5_0.5_5,inner,2,random,0.0,2,Proj.,Yes_Kink,255,777600
result_SELECT_10_Heisenberg2D_cylinder_0.5_0.5_5,outer,1,naive,0.0,2,Single,No_MSF,327,256704
result_SELECT_10_Heisenberg2D_cylinder_0.5_0.5_5,outer,1,naive,0.0,2,Single,No_Top,327,251360
result_SELECT_10_Heisenberg2D_cylinder_0.5_0.5_5,outer,1,naive,0.0,2,Single,No_MP,566,768802
result_SELECT_10_Heisenberg2D_cylinder_0.5_0.5_5,outer,1,naive,0.0,2,Single,No_Kink,778,1010742
result_SELECT_10_Heisenberg2D_cylinder_0.5_0.5_5,outer,1,naive,0.0,2,Double,No_MSF,290,229472
result_SELECT_10_Heisenberg2D_cylinder_0.5_0.5_5,outer,1,naive,0.0,2,Double,No_Top,291,224864
result_SELECT_10_Heisenberg2D_cylinder_0.5_0.5_5,outer,1,naive,0.0,2,Double,No_MP,443,685650
result_SELECT_10_Heisenberg2D_cylinder_0.5_0.5_5,outer,1,naive,0.0,2,Double,No_Kink,591,897053
result_SELECT_10_Heisenberg2D_cylinder_0.5_0.5_5,outer,1,naive,0.0,2,Double,Yes_Kink,595,901092
result_SELECT_10_Heisenberg2D_cylinder_0.5_0.5_5,outer,1,naive,0.0,2,Proj.,No_MSF,213,172800
result_SELECT_10_Heisenberg2D_cylinder_0.5_0.5_5,outer,1,naive,0.0,2,Proj.,No_Top,213,167456
result_SELECT_10_Heisenberg2D_cylinder_0.5_0.5_5,outer,1,naive,0.0,2,Proj.,No_MP,285,768335
result_SELECT_10_Heisenberg2D_cylinder_0.5_0.5_5,outer,1,naive,0.0,2,Proj.,No_Kink,368,1015634
result_SELECT_10_Heisenberg2D_cylinder_0.5_0.5_5,outer,1,naive,0.0,2,Proj.,Yes_Kink,384,1054872
result_SELECT_10_Heisenberg2D_cylinder_0.5_0.5_3,inner,1,SA,0.1,0,Single,No_MSF,1069,295440
result_SELECT_10_Heisenberg2D_cylinder_0.5_0.5_3,inner,1,SA,0.1,0,Single,No_Top,1069,290768
result_SELECT_10_Heisenberg2D_cylinder_0.5_0.5_3,inner,1,SA,0.1,0,Single,No_MP,1070,335256
result_SELECT_10_Heisenberg2D_cylinder_0.5_0.5_3,inner,1,SA,0.1,0,Single,No_Kink,1070,347364
result_SELECT_10_Heisenberg2D_cylinder_0.5_0.5_3,inner,1,SA,0.1,0,Double,No_MSF,987,273136
result_SELECT_10_Heisenberg2D_cylinder_0.5_0.5_3,inner,1,SA,0.1,0,Double,No_Top,987,268464
result_SELECT_10_Heisenberg2D_cylinder_0.5_0.5_3,inner,1,SA,0.1,0,Double,No_MP,987,321182
result_SELECT_10_Heisenberg2D_cylinder_0.5_0.5_3,inner,1,SA,0.1,0,Double,No_Kink,988,341877
result_SELECT_10_Heisenberg2D_cylinder_0.5_0.5_3,inner,1,SA,0.1,0,Double,Yes_Kink,993,345129
result_SELECT_10_Heisenberg2D_cylinder_0.5_0.5_3,inner,1,SA,0.1,0,Proj.,No_MSF,837,232336
result_SELECT_10_Heisenberg2D_cylinder_0.5_0.5_3,inner,1,SA,0.1,0,Proj.,No_Top,837,227664
result_SELECT_10_Heisenberg2D_cylinder_0.5_0.5_3,inner,1,SA,0.1,0,Proj.,No_MP,846,875056
result_SELECT_10_Heisenberg2D_cylinder_0.5_0.5_3,inner,1,SA,0.1,0,Proj.,No_Kink,857,915390
result_SELECT_10_Heisenberg2D_cylinder_0.5_0.5_3,inner,1,SA,0.1,0,Proj.,Yes_Kink,867,909326
result_trotter_10_Heisenberg2D_cylinder_0.5_0.5_rand,inner,2,naive,0.0,1,Single,No_MSF,744,125400
result_trotter_10_Heisenberg2D_cylinder_0.5_0.5_rand,inner,2,naive,0.0,1,Single,No_Top,1164,141900
result_trotter_10_Heisenberg2D_cylinder_0.5_0.5_rand,inner,2,naive,0.0,1,Single,No_MP,752,150740
result_trotter_10_Heisenberg2D_cylinder_0.5_0.5_rand,inner,2,naive,0.0,1,Single,No_Kink,1482,438829
result_trotter_10_Heisenberg2D_cylinder_0.5_0.5_rand,inner,2,naive,0.0,1,Single,Yes_Kink,1520,445693
result_trotter_10_Heisenberg2D_cylinder_0.5_0.5_rand,inner,2,naive,0.0,1,Double,No_MSF,721,123100
result_trotter_10_Heisenberg2D_cylinder_0.5_0.5_rand,inner,2,naive,0.0,1,Double,No_Top,1160,141500
result_trotter_10_Heisenberg2D_cylinder_0.5_0.5_rand,inner,2,naive,0.0,1,Double,No_MP,730,150528
result_trotter_10_Heisenberg2D_cylinder_0.5_0.5_rand,inner,2,naive,0.0,1,Double,No_Kink,1473,506117
result_trotter_10_Heisenberg2D_cylinder_0.5_0.5_rand,inner,2,naive,0.0,1,Double,Yes_Kink,1453,512884
result_trotter_10_Heisenberg2D_cylinder_0.5_0.5_rand,inner,2,naive,0.0,1,Proj.,No_MSF,390,90000
result_trotter_10_Heisenberg2D_cylinder_0.5_0.5_rand,inner,2,naive,0.0,1,Proj.,No_Top,1160,141500
result_trotter_10_Heisenberg2D_cylinder_0.5_0.5_rand,inner,2,naive,0.0,1,Proj.,No_MP,550,272079
result_trotter_10_Heisenberg2D_cylinder_0.5_0.5_rand,inner,2,naive,0.0,1,Proj.,No_Kink,1403,859371
result_trotter_10_Heisenberg2D_cylinder_0.5_0.5_rand,inner,2,naive,0.0,1,Proj.,Yes_Kink,1456,878154
result_SELECT_10_Heisenberg2D_cylinder_0.5_0.5_4,outer,2,SA,0.01,0,Single,No_MSF,571,251568
result_SELECT_10_Heisenberg2D_cylinder_0.5_0.5_4,outer,2,SA,0.01,0,Single,No_Top,571,246672
result_SELECT_10_Heisenberg2D_cylinder_0.5_0.5_4,outer,2,SA,0.01,0,Single,No_MP,571,294181
result_SELECT_10_Heisenberg2D_cylinder_0.5_0.5_4,outer,2,SA,0.01,0,Single,No_Kink,571,335848
result_SELECT_10_Heisenberg2D_cylinder_0.5_0.5_4,outer,2,SA,0.01,0,Single,Yes_Kink,572,349736
result_SELECT_10_Heisenberg2D_cylinder_0.5_0.5_4,outer,2,SA,0.01,0,Double,No_MSF,522,230400
result_SELECT_10_Heisenberg2D_cylinder_0.5_0.5_4,outer,2,SA,0.01,0,Double,No_Top,522,225504
result_SELECT_10_Heisenberg2D_cylinder_0.5_0.5_4,outer,2,SA,0.01,0,Double,No_MP,523,282680
result_SELECT_10_Heisenberg2D_cylinder_0.5_0.5_4,outer,2,SA,0.01,0,Double,No_Kink,524,330002
result_SELECT_10_Heisenberg2D_cylinder_0.5_0.5_4,outer,2,SA,0.01,0,Double,Yes_Kink,542,334653
result_SELECT_10_Heisenberg2D_cylinder_0.5_0.5_4,outer,2,SA,0.01,0,Proj.,No_MSF,420,186336
result_SELECT_10_Heisenberg2D_cylinder_0.5_0.5_4,outer,2,SA,0.01,0,Proj.,No_Top,420,181440
result_SELECT_10_Heisenberg2D_cylinder_0.5_0.5_4,outer,2,SA,0.01,0,Proj.,No_MP,435,675400
result_SELECT_10_Heisenberg2D_cylinder_0.5_0.5_4,outer,2,SA,0.01,0,Proj.,No_Kink,439,790298
result_SELECT_10_Heisenberg2D_cylinder_0.5_0.5_4,outer,2,SA,0.01,0,Proj.,Yes_Kink,441,788528
result_SELECT_10_Heisenberg2D_cylinder_0.5_0.5_4,outer,2,SA,0.001,2,Single,No_MSF,571,261360
result_SELECT_10_Heisenberg2D_cylinder_0.5_0.5_4,outer,2,SA,0.001,2,Single,No_Top,571,256464
result_SELECT_10_Heisenberg2D_cylinder_0.5_0.5_4,outer,2,SA,0.001,2,Single,No_MP,571,304553
result_SELECT_10_Heisenberg2D_cylinder_0.5_0.5_4,outer,2,SA,0.001,2,Single,No_Kink,571,351249
result_SELECT_10_Heisenberg2D_cylinder_0.5_0.5_4,outer,2,SA,0.001,2,Single,Yes_Kink,572,363620
result_SELECT_10_Heisenberg2D_cylinder_0.5_0.5_4,outer,2,SA,0.001,2,Double,No_MSF,522,240192
result_SELECT_10_Heisenberg2D_cylinder_0.5_0.5_4,outer,2,SA,0.001,2,Double,No_Top,522,235296
result_SELECT_10_Heisenberg2D_cylinder_0.5_0.5_4,outer,2,SA,0.001,2,Double,No_MP,522,292324
result_SELECT_10_Heisenberg2D_cylinder_0.5_0.5_4,outer,2,SA,0.001,2,Double,No_Kink,522,344500
result_SELECT_10_Heisenberg2D_cylinder_0.5_0.5_4,outer,2,SA,0.001,2,Double,Yes_Kink,543,349605
result_SELECT_10_Heisenberg2D_cylinder_0.5_0.5_4,outer,2,SA,0.001,2,Proj.,No_MSF,420,196128
result_SELECT_10_Heisenberg2D_cylinder_0.5_0.5_4,outer,2,SA,0.001,2,Proj.,No_Top,420,191232
result_SELECT_10_Heisenberg2D_cylinder_0.5_0.5_4,outer,2,SA,0.001,2,Proj.,No_MP,431,706899
result_SELECT_10_Heisenberg2D_cylinder_0.5_0.5_4,outer,2,SA,0.001,2,Proj.,No_Kink,439,794640
result_SELECT_10_Heisenberg2D_cylinder_0.5_0.5_4,outer,2,SA,0.001,2,Proj.,Yes_Kink,448,795946
result_SELECT_10_Heisenberg2D_cylinder_0.5_0.5_5,outer,2,random,0.0,2,Single,No_MSF,327,256704
result_SELECT_10_Heisenberg2D_cylinder_0.5_0.5_5,outer,2,random,0.0,2,Single,No_Top,327,251360
result_SELECT_10_Heisenberg2D_cylinder_0.5_0.5_5,outer,2,random,0.0,2,Single,No_MP,333,550492
result_SELECT_10_Heisenberg2D_cylinder_0.5_0.5_5,outer,2,random,0.0,2,Single,No_Kink,345,627494
result_SELECT_10_Heisenberg2D_cylinder_0.5_0.5_5,outer,2,random,0.0,2,Single,Yes_Kink,351,641926
result_SELECT_10_Heisenberg2D_cylinder_0.5_0.5_5,outer,2,random,0.0,2,Double,No_MSF,290,229472
result_SELECT_10_Heisenberg2D_cylinder_0.5_0.5_5,outer,2,random,0.0,2,Double,No_Top,291,224864
result_SELECT_10_Heisenberg2D_cylinder_0.5_0.5_5,outer,2,random,0.0,2,Double,No_MP,296,526743
result_SELECT_10_Heisenberg2D_cylinder_0.5_0.5_5,outer,2,random,0.0,2,Double,No_Kink,302,615873
result_SELECT_10_Heisenberg2D_cylinder_0.5_0.5_5,outer,2,random,0.0,2,Double,Yes_Kink,313,623867
result_SELECT_10_Heisenberg2D_cylinder_0.5_0.5_5,outer,2,random,0.0,2,Proj.,No_MSF,213,172800
result_SELECT_10_Heisenberg2D_cylinder_0.5_0.5_5,outer,2,random,0.0,2,Proj.,No_Top,213,167456
result_SELECT_10_Heisenberg2D_cylinder_0.5_0.5_5,outer,2,random,0.0,2,Proj.,No_MP,240,715783
result_SELECT_10_Heisenberg2D_cylinder_0.5_0.5_5,outer,2,random,0.0,2,Proj.,No_Kink,252,774489
result_SELECT_10_Heisenberg2D_cylinder_0.5_0.5_5,outer,2,random,0.0,2,Proj.,Yes_Kink,259,787465
result_SELECT_10_Heisenberg2D_cylinder_0.5_0.5_2,inner,1,SA,0.01,0,Single,No_MSF,2072,394080
result_SELECT_10_Heisenberg2D_cylinder_0.5_0.5_2,inner,1,SA,0.01,0,Single,No_Top,2072,389536
result_SELECT_10_Heisenberg2D_cylinder_0.5_0.5_2,inner,1,SA,0.01,0,Single,No_MP,2072,435836
result_SELECT_10_Heisenberg2D_cylinder_0.5_0.5_2,inner,1,SA,0.01,0,Single,No_Kink,2072,475672
result_SELECT_10_Heisenberg2D_cylinder_0.5_0.5_2,inner,1,SA,0.01,0,Double,No_MSF,1921,365692
result_SELECT_10_Heisenberg2D_cylinder_0.5_0.5_2,inner,1,SA,0.01,0,Double,No_Top,1921,361148
result_SELECT_10_Heisenberg2D_cylinder_0.5_0.5_2,inner,1,SA,0.01,0,Double,No_MP,1921,416171
result_SELECT_10_Heisenberg2D_cylinder_0.5_0.5_2,inner,1,SA,0.01,0,Double,No_Kink,1921,460958
result_SELECT_10_Heisenberg2D_cylinder_0.5_0.5_2,inner,1,SA,0.01,0,Double,Yes_Kink,1929,461560
result_SELECT_10_Heisenberg2D_cylinder_0.5_0.5_2,inner,1,SA,0.01,0,Proj.,No_MSF,1668,318128
result_SELECT_10_Heisenberg2D_cylinder_0.5_0.5_2,inner,1,SA,0.01,0,Proj.,No_Top,1668,313584
result_SELECT_10_Heisenberg2D_cylinder_0.5_0.5_2,inner,1,SA,0.01,0,Proj.,No_MP,1677,1061808
result_SELECT_10_Heisenberg2D_cylinder_0.5_0.5_2,inner,1,SA,0.01,0,Proj.,No_Kink,1681,1227684
result_SELECT_10_Heisenberg2D_cylinder_0.5_0.5_2,inner,1,SA,0.01,0,Proj.,Yes_Kink,1709,1228488
result_trotter_10_Heisenberg2D_cylinder_0.5_0.5_rand,outer,1,SA,1.0,2,Single,No_MSF,744,150900
result_trotter_10_Heisenberg2D_cylinder_0.5_0.5_rand,outer,1,SA,1.0,2,Single,No_Top,1742,225200
result_trotter_10_Heisenberg2D_cylinder_0.5_0.5_rand,outer,1,SA,1.0,2,Single,No_MP,744,164294
result_trotter_10_Heisenberg2D_cylinder_0.5_0.5_rand,outer,1,SA,1.0,2,Single,No_Kink,1756,460766
result_trotter_10_Heisenberg2D_cylinder_0.5_0.5_rand,outer,1,SA,1.0,2,Double,No_MSF,721,148600
result_trotter_10_Heisenberg2D_cylinder_0.5_0.5_rand,outer,1,SA,1.0,2,Double,No_Top,1740,225000
result_trotter_10_Heisenberg2D_cylinder_0.5_0.5_rand,outer,1,SA,1.0,2,Double,No_MP,721,163148
result_trotter_10_Heisenberg2D_cylinder_0.5_0.5_rand,outer,1,SA,1.0,2,Double,No_Kink,1743,495918
result_trotter_10_Heisenberg2D_cylinder_0.5_0.5_rand,outer,1,SA,1.0,2,Double,Yes_Kink,1756,529636
result_trotter_10_Heisenberg2D_cylinder_0.5_0.5_rand,outer,1,SA,1.0,2,Proj.,No_MSF,390,115500
result_trotter_10_Heisenberg2D_cylinder_0.5_0.5_rand,outer,1,SA,1.0,2,Proj.,No_Top,1740,225000
result_trotter_10_Heisenberg2D_cylinder_0.5_0.5_rand,outer,1,SA,1.0,2,Proj.,No_MP,506,255478
result_trotter_10_Heisenberg2D_cylinder_0.5_0.5_rand,outer,1,SA,1.0,2,Proj.,No_Kink,1855,774882
result_trotter_10_Heisenberg2D_cylinder_0.5_0.5_rand,outer,1,SA,1.0,2,Proj.,Yes_Kink,1859,769264
result_trotter_10_Heisenberg2D_cylinder_0.5_0.5_rand,inner,2,SA,0.1,2,Single,No_MSF,744,150900
result_trotter_10_Heisenberg2D_cylinder_0.5_0.5_rand,inner,2,SA,0.1,2,Single,No_Top,1742,225200
result_trotter_10_Heisenberg2D_cylinder_0.5_0.5_rand,inner,2,SA,0.1,2,Single,No_MP,744,160688
result_trotter_10_Heisenberg2D_cylinder_0.5_0.5_rand,inner,2,SA,0.1,2,Single,No_Kink,1742,382389
result_trotter_10_Heisenberg2D_cylinder_0.5_0.5_rand,inner,2,SA,0.1,2,Single,Yes_Kink,1743,403739
result_trotter_10_Heisenberg2D_cylinder_0.5_0.5_rand,inner,2,SA,0.1,2,Double,No_MSF,721,148600
result_trotter_10_Heisenberg2D_cylinder_0.5_0.5_rand,inner,2,SA,0.1,2,Double,No_Top,1740,225000
result_trotter_10_Heisenberg2D_cylinder_0.5_0.5_rand,inner,2,SA,0.1,2,Double,No_MP,721,160317
result_trotter_10_Heisenberg2D_cylinder_0.5_0.5_rand,inner,2,SA,0.1,2,Double,No_Kink,1741,383406
result_trotter_10_Heisenberg2D_cylinder_0.5_0.5_rand,inner,2,SA,0.1,2,Double,Yes_Kink,1742,394322
result_trotter_10_Heisenberg2D_cylinder_0.5_0.5_rand,inner,2,SA,0.1,2,Proj.,No_MSF,390,115500
result_trotter_10_Heisenberg2D_cylinder_0.5_0.5_rand,inner,2,SA,0.1,2,Proj.,No_Top,1740,225000
result_trotter_10_Heisenberg2D_cylinder_0.5_0.5_rand,inner,2,SA,0.1,2,Proj.,No_MP,497,287079
result_trotter_10_Heisenberg2D_cylinder_0.5_0.5_rand,inner,2,SA,0.1,2,Proj.,No_Kink,1867,1118881
result_trotter_10_Heisenberg2D_cylinder_0.5_0.5_rand,inner,2,SA,0.1,2,Proj.,Yes_Kink,1866,1110966
result_trotter_10_Heisenberg2D_cylinder_0.5_0.5_det,inner,2,SA,0.1,2,Single,No_MSF,756,152100
result_trotter_10_Heisenberg2D_cylinder_0.5_0.5_det,inner,2,SA,0.1,2,Single,No_Top,1742,225200
result_trotter_10_Heisenberg2D_cylinder_0.5_0.5_det,inner,2,SA,0.1,2,Single,No_MP,757,162892
result_trotter_10_Heisenberg2D_cylinder_0.5_0.5_det,inner,2,SA,0.1,2,Single,No_Kink,1746,379345
result_trotter_10_Heisenberg2D_cylinder_0.5_0.5_det,inner,2,SA,0.1,2,Single,Yes_Kink,1749,411306
result_trotter_10_Heisenberg2D_cylinder_0.5_0.5_det,inner,2,SA,0.1,2,Double,No_MSF,749,151400
result_trotter_10_Heisenberg2D_cylinder_0.5_0.5_det,inner,2,SA,0.1,2,Double,No_Top,1740,225000
result_trotter_10_Heisenberg2D_cylinder_0.5_0.5_det,inner,2,SA,0.1,2,Double,No_MP,750,163772
result_trotter_10_Heisenberg2D_cylinder_0.5_0.5_det,inner,2,SA,0.1,2,Double,No_Kink,1742,393859
result_trotter_10_Heisenberg2D_cylinder_0.5_0.5_det,inner,2,SA,0.1,2,Double,Yes_Kink,1741,412079
result_trotter_10_Heisenberg2D_cylinder_0.5_0.5_det,inner,2,SA,0.1,2,Proj.,No_MSF,390,115500
result_trotter_10_Heisenberg2D_cylinder_0.5_0.5_det,inner,2,SA,0.1,2,Proj.,No_Top,1740,225000
result_trotter_10_Heisenberg2D_cylinder_0.5_0.5_det,inner,2,SA,0.1,2,Proj.,No_MP,519,295257
result_trotter_10_Heisenberg2D_cylinder_0.5_0.5_det,inner,2,SA,0.1,2,Proj.,No_Kink,1993,1132622
result_trotter_10_Heisenberg2D_cylinder_0.5_0.5_det,inner,2,SA,0.1,2,Proj.,Yes_Kink,2015,1134229
result_SELECT_10_Heisenberg2D_cylinder_0.5_0.5_5,inner,1,SA,0.01,0,Single,No_MSF,327,246016
result_SELECT_10_Heisenberg2D_cylinder_0.5_0.5_5,inner,1,SA,0.01,0,Single,No_Top,327,240672
result_SELECT_10_Heisenberg2D_cylinder_0.5_0.5_5,inner,1,SA,0.01,0,Single,No_MP,329,324500
result_SELECT_10_Heisenberg2D_cylinder_0.5_0.5_5,inner,1,SA,0.01,0,Single,No_Kink,330,353680
result_SELECT_10_Heisenberg2D_cylinder_0.5_0.5_5,inner,1,SA,0.01,0,Double,No_MSF,290,218784
result_SELECT_10_Heisenberg2D_cylinder_0.5_0.5_5,inner,1,SA,0.01,0,Double,No_Top,290,213440
result_SELECT_10_Heisenberg2D_cylinder_0.5_0.5_5,inner,1,SA,0.01,0,Double,No_MP,292,302423
result_SELECT_10_Heisenberg2D_cylinder_0.5_0.5_5,inner,1,SA,0.01,0,Double,No_Kink,292,339884
result_SELECT_10_Heisenberg2D_cylinder_0.5_0.5_5,inner,1,SA,0.01,0,Double,Yes_Kink,299,349113
result_SELECT_10_Heisenberg2D_cylinder_0.5_0.5_5,inner,1,SA,0.01,0,Proj.,No_MSF,213,162112
result_SELECT_10_Heisenberg2D_cylinder_0.5_0.5_5,inner,1,SA,0.01,0,Proj.,No_Top,213,156768
result_SELECT_10_Heisenberg2D_cylinder_0.5_0.5_5,inner,1,SA,0.01,0,Proj.,No_MP,232,586884
result_SELECT_10_Heisenberg2D_cylinder_0.5_0.5_5,inner,1,SA,0.01,0,Proj.,No_Kink,243,632995
result_SELECT_10_Heisenberg2D_cylinder_0.5_0.5_5,inner,1,SA,0.01,0,Proj.,Yes_Kink,248,638807
result_trotter_10_Heisenberg2D_cylinder_0.5_0.5_rand,inner,2,SA,0.001,1,Single,No_MSF,744,125400
result_trotter_10_Heisenberg2D_cylinder_0.5_0.5_rand,inner,2,SA,0.001,1,Single,No_Top,1164,141900
result_trotter_10_Heisenberg2D_cylinder_0.5_0.5_rand,inner,2,SA,0.001,1,Single,No_MP,744,135154
result_trotter_10_Heisenberg2D_cylinder_0.5_0.5_rand,inner,2,SA,0.001,1,Single,No_Kink,1169,341695
result_trotter_10_Heisenberg2D_cylinder_0.5_0.5_rand,inner,2,SA,0.001,1,Single,Yes_Kink,1174,351036
result_trotter_10_Heisenberg2D_cylinder_0.5_0.5_rand,inner,2,SA,0.001,1,Double,No_MSF,721,123100
result_trotter_10_Heisenberg2D_cylinder_0.5_0.5_rand,inner,2,SA,0.001,1,Double,No_Top,1160,141500
result_trotter_10_Heisenberg2D_cylinder_0.5_0.5_rand,inner,2,SA,0.001,1,Double,No_MP,721,134645
result_trotter_10_Heisenberg2D_cylinder_0.5_0.5_rand,inner,2,SA,0.001,1,Double,No_Kink,1161,350199
result_trotter_10_Heisenberg2D_cylinder_0.5_0.5_rand,inner,2,SA,0.001,1,Double,Yes_Kink,1164,374338
result_trotter_10_Heisenberg2D_cylinder_0.5_0.5_rand,inner,2,SA,0.001,1,Proj.,No_MSF,390,90000
result_trotter_10_Heisenberg2D_cylinder_0.5_0.5_rand,inner,2,SA,0.001,1,Proj.,No_Top,1160,141500
result_trotter_10_Heisenberg2D_cylinder_0.5_0.5_rand,inner,2,SA,0.001,1,Proj.,No_MP,508,257874
result_trotter_10_Heisenberg2D_cylinder_0.5_0.5_rand,inner,2,SA,0.001,1,Proj.,No_Kink,1224,731953
result_trotter_10_Heisenberg2D_cylinder_0.5_0.5_rand,inner,2,SA,0.001,1,Proj.,Yes_Kink,1208,721566
result_SELECT_10_Heisenberg2D_cylinder_0.5_0.5_6,outer,1,SA,0.1,0,Single,No_MSF,211,282944
result_SELECT_10_Heisenberg2D_cylinder_0.5_0.5_6,outer,1,SA,0.1,0,Single,No_Top,211,276832
result_SELECT_10_Heisenberg2D_cylinder_0.5_0.5_6,outer,1,SA,0.1,0,Single,No_MP,216,437390
result_SELECT_10_Heisenberg2D_cylinder_0.5_0.5_6,outer,1,SA,0.1,0,Single,No_Kink,256,596848
result_SELECT_10_Heisenberg2D_cylinder_0.5_0.5_6,outer,1,SA,0.1,0,Double,No_MSF,177,238336
result_SELECT_10_Heisenberg2D_cylinder_0.5_0.5_6,outer,1,SA,0.1,0,Double,No_Top,177,232224
result_SELECT_10_Heisenberg2D_cylinder_0.5_0.5_6,outer,1,SA,0.1,0,Double,No_MP,185,397699
result_SELECT_10_Heisenberg2D_cylinder_0.5_0.5_6,outer,1,SA,0.1,0,Double,No_Kink,211,571080
result_SELECT_10_Heisenberg2D_cylinder_0.5_0.5_6,outer,1,SA,0.1,0,Double,Yes_Kink,217,575212
result_SELECT_10_Heisenberg2D_cylinder_0.5_0.5_6,outer,1,SA,0.1,0,Proj.,No_MSF,108,147808
result_SELECT_10_Heisenberg2D_cylinder_0.5_0.5_6,outer,1,SA,0.1,0,Proj.,No_Top,108,141696
result_SELECT_10_Heisenberg2D_cylinder_0.5_0.5_6,outer,1,SA,0.1,0,Proj.,No_MP,136,598117
result_SELECT_10_Heisenberg2D_cylinder_0.5_0.5_6,outer,1,SA,0.1,0,Proj.,No_Kink,162,733682
result_SELECT_10_Heisenberg2D_cylinder_0.5_0.5_6,outer,1,SA,0.1,0,Proj.,Yes_Kink,168,765844
result_SELECT_10_Heisenberg2D_cylinder_0.5_0.5_5,inner,1,random,0.0,0,Single,No_MSF,327,246016
result_SELECT_10_Heisenberg2D_cylinder_0.5_0.5_5,inner,1,random,0.0,0,Single,No_Top,327,240672
result_SELECT_10_Heisenberg2D_cylinder_0.5_0.5_5,inner,1,random,0.0,0,Single,No_MP,666,964136
result_SELECT_10_Heisenberg2D_cylinder_0.5_0.5_5,inner,1,random,0.0,0,Single,No_Kink,671,978510
result_SELECT_10_Heisenberg2D_cylinder_0.5_0.5_5,inner,1,random,0.0,0,Double,No_MSF,290,218784
result_SELECT_10_Heisenberg2D_cylinder_0.5_0.5_5,inner,1,random,0.0,0,Double,No_Top,290,213440
result_SELECT_10_Heisenberg2D_cylinder_0.5_0.5_5,inner,1,random,0.0,0,Double,No_MP,391,763449
result_SELECT_10_Heisenberg2D_cylinder_0.5_0.5_5,inner,1,random,0.0,0,Double,No_Kink,412,812027
result_SELECT_10_Heisenberg2D_cylinder_0.5_0.5_5,inner,1,random,0.0,0,Double,Yes_Kink,417,818471
result_SELECT_10_Heisenberg2D_cylinder_0.5_0.5_5,inner,1,random,0.0,0,Proj.,No_MSF,213,162112
result_SELECT_10_Heisenberg2D_cylinder_0.5_0.5_5,inner,1,random,0.0,0,Proj.,No_Top,213,156768
result_SELECT_10_Heisenberg2D_cylinder_0.5_0.5_5,inner,1,random,0.0,0,Proj.,No_MP,282,781775
result_SELECT_10_Heisenberg2D_cylinder_0.5_0.5_5,inner,1,random,0.0,0,Proj.,No_Kink,299,830473
result_SELECT_10_Heisenberg2D_cylinder_0.5_0.5_5,inner,1,random,0.0,0,Proj.,Yes_Kink,313,860040
result_SELECT_10_Heisenberg2D_cylinder_0.5_0.5_2,inner,2,SA,0.1,2,Single,No_MSF,2072,403168
result_SELECT_10_Heisenberg2D_cylinder_0.5_0.5_2,inner,2,SA,0.1,2,Single,No_Top,2072,398624
result_SELECT_10_Heisenberg2D_cylinder_0.5_0.5_2,inner,2,SA,0.1,2,Single,No_MP,2072,437912
result_SELECT_10_Heisenberg2D_cylinder_0.5_0.5_2,inner,2,SA,0.1,2,Single,No_Kink,2072,458618
result_SELECT_10_Heisenberg2D_cylinder_0.5_0.5_2,inner,2,SA,0.1,2,Single,Yes_Kink,2072,471728
result_SELECT_10_Heisenberg2D_cylinder_0.5_0.5_2,inner,2,SA,0.1,2,Double,No_MSF,1921,374780
result_SELECT_10_Heisenberg2D_cylinder_0.5_0.5_2,inner,2,SA,0.1,2,Double,No_Top,1921,370236
result_SELECT_10_Heisenberg2D_cylinder_0.5_0.5_2,inner,2,SA,0.1,2,Double,No_MP,1921,418072
result_SELECT_10_Heisenberg2D_cylinder_0.5_0.5_2,inner,2,SA,0.1,2,Double,No_Kink,1921,444476
result_SELECT_10_Heisenberg2D_cylinder_0.5_0.5_2,inner,2,SA,0.1,2,Double,Yes_Kink,1924,443592
result_SELECT_10_Heisenberg2D_cylinder_0.5_0.5_2,inner,2,SA,0.1,2,Proj.,No_MSF,1668,327216
result_SELECT_10_Heisenberg2D_cylinder_0.5_0.5_2,inner,2,SA,0.1,2,Proj.,No_Top,1668,322672
result_SELECT_10_Heisenberg2D_cylinder_0.5_0.5_2,inner,2,SA,0.1,2,Proj.,No_MP,1671,1017033
result_SELECT_10_Heisenberg2D_cylinder_0.5_0.5_2,inner,2,SA,0.1,2,Proj.,No_Kink,1681,1301975
result_SELECT_10_Heisenberg2D_cylinder_0.5_0.5_2,inner,2,SA,0.1,2,Proj.,Yes_Kink,1686,1262943
result_SELECT_10_Heisenberg2D_cylinder_0.5_0.5_6,inner,1,naive,0.0,8,Single,No_MSF,211,331840
result_SELECT_10_Heisenberg2D_cylinder_0.5_0.5_6,inner,1,naive,0.0,8,Single,No_Top,383,551392
result_SELECT_10_Heisenberg2D_cylinder_0.5_0.5_6,inner,1,naive,0.0,8,Single,No_MP,748,1644738
result_SELECT_10_Heisenberg2D_cylinder_0.5_0.5_6,inner,1,naive,0.0,8,Single,No_Kink,885,1982026
result_SELECT_10_Heisenberg2D_cylinder_0.5_0.5_6,inner,1,naive,0.0,8,Double,No_MSF,177,287232
result_SELECT_10_Heisenberg2D_cylinder_0.5_0.5_6,inner,1,naive,0.0,8,Double,No_Top,374,539584
result_SELECT_10_Heisenberg2D_cylinder_0.5_0.5_6,inner,1,naive,0.0,8,Double,No_MP,537,1391883
result_SELECT_10_Heisenberg2D_cylinder_0.5_0.5_6,inner,1,naive,0.0,8,Double,No_Kink,652,1708680
result_SELECT_10_Heisenberg2D_cylinder_0.5_0.5_6,inner,1,naive,0.0,8,Double,Yes_Kink,655,1708871
result_SELECT_10_Heisenberg2D_cylinder_0.5_0.5_6,inner,1,naive,0.0,8,Proj.,No_MSF,108,196704
result_SELECT_10_Heisenberg2D_cylinder_0.5_0.5_6,inner,1,naive,0.0,8,Proj.,No_Top,369,533024
result_SELECT_10_Heisenberg2D_cylinder_0.5_0.5_6,inner,1,naive,0.0,8,Proj.,No_MP,283,1372754
result_SELECT_10_Heisenberg2D_cylinder_0.5_0.5_6,inner,1,naive,0.0,8,Proj.,No_Kink,615,2953853
result_SELECT_10_Heisenberg2D_cylinder_0.5_0.5_6,inner,1,naive,0.0,8,Proj.,Yes_Kink,612,2925004
result_SELECT_10_Heisenberg2D_cylinder_0.5_0.5_6,inner,2,SA,0.001,10,Single,No_MSF,211,344064
result_SELECT_10_Heisenberg2D_cylinder_0.5_0.5_6,inner,2,SA,0.001,10,Single,No_Top,463,668576
result_SELECT_10_Heisenberg2D_cylinder_0.5_0.5_6,inner,2,SA,0.001,10,Single,No_MP,211,445985
result_SELECT_10_Heisenberg2D_cylinder_0.5_0.5_6,inner,2,SA,0.001,10,Single,No_Kink,461,910339
result_SELECT_10_Heisenberg2D_cylinder_0.5_0.5_6,inner,2,SA,0.001,10,Single,Yes_Kink,461,925837
result_SELECT_10_Heisenberg2D_cylinder_0.5_0.5_6,inner,2,SA,0.001,10,Double,No_MSF,177,299456
result_SELECT_10_Heisenberg2D_cylinder_0.5_0.5_6,inner,2,SA,0.001,10,Double,No_Top,454,656768
result_SELECT_10_Heisenberg2D_cylinder_0.5_0.5_6,inner,2,SA,0.001,10,Double,No_MP,180,414683
result_SELECT_10_Heisenberg2D_cylinder_0.5_0.5_6,inner,2,SA,0.001,10,Double,No_Kink,454,922719
result_SELECT_10_Heisenberg2D_cylinder_0.5_0.5_6,inner,2,SA,0.001,10,Double,Yes_Kink,455,928195
result_SELECT_10_Heisenberg2D_cylinder_0.5_0.5_6,inner,2,SA,0.001,10,Proj.,No_MSF,108,208928
result_SELECT_10_Heisenberg2D_cylinder_0.5_0.5_6,inner,2,SA,0.001,10,Proj.,No_Top,451,652832
result_SELECT_10_Heisenberg2D_cylinder_0.5_0.5_6,inner,2,SA,0.001,10,Proj.,No_MP,126,631493
result_SELECT_10_Heisenberg2D_cylinder_0.5_0.5_6,inner,2,SA,0.001,10,Proj.,No_Kink,2475,7745300
result_SELECT_10_Heisenberg2D_cylinder_0.5_0.5_6,inner,2,SA,0.001,10,Proj.,Yes_Kink,2409,7509665
result_SELECT_10_Heisenberg2D_cylinder_0.5_0.5_6,outer,1,SA,1.0,4,Single,No_MSF,211,307392
result_SELECT_10_Heisenberg2D_cylinder_0.5_0.5_6,outer,1,SA,1.0,4,Single,No_Top,233,330144
result_SELECT_10_Heisenberg2D_cylinder_0.5_0.5_6,outer,1,SA,1.0,4,Single,No_MP,224,491900
result_SELECT_10_Heisenberg2D_cylinder_0.5_0.5_6,outer,1,SA,1.0,4,Single,No_Kink,303,736138
result_SELECT_10_Heisenberg2D_cylinder_0.5_0.5_6,outer,1,SA,1.0,4,Double,No_MSF,177,262784
result_SELECT_10_Heisenberg2D_cylinder_0.5_0.5_6,outer,1,SA,1.0,4,Double,No_Top,219,311776
result_SELECT_10_Heisenberg2D_cylinder_0.5_0.5_6,outer,1,SA,1.0,4,Double,No_MP,185,444353
result_SELECT_10_Heisenberg2D_cylinder_0.5_0.5_6,outer,1,SA,1.0,4,Double,No_Kink,252,754201
result_SELECT_10_Heisenberg2D_cylinder_0.5_0.5_6,outer,1,SA,1.0,4,Double,Yes_Kink,260,775830
result_SELECT_10_Heisenberg2D_cylinder_0.5_0.5_6,outer,1,SA,1.0,4,Proj.,No_MSF,108,172256
result_SELECT_10_Heisenberg2D_cylinder_0.5_0.5_6,outer,1,SA,1.0,4,Proj.,No_Top,205,293408
result_SELECT_10_Heisenberg2D_cylinder_0.5_0.5_6,outer,1,SA,1.0,4,Proj.,No_MP,138,600438
result_SELECT_10_Heisenberg2D_cylinder_0.5_0.5_6,outer,1,SA,1.0,4,Proj.,No_Kink,218,1023948
result_SELECT_10_Heisenberg2D_cylinder_0.5_0.5_6,outer,1,SA,1.0,4,Proj.,Yes_Kink,224,1034326
result_SELECT_10_Heisenberg2D_cylinder_0.5_0.5_6,inner,2,SA,1.0,0,Single,No_MSF,211,282944
result_SELECT_10_Heisenberg2D_cylinder_0.5_0.5_6,inner,2,SA,1.0,0,Single,No_Top,211,276832
result_SELECT_10_Heisenberg2D_cylinder_0.5_0.5_6,inner,2,SA,1.0,0,Single,No_MP,211,388910
result_SELECT_10_Heisenberg2D_cylinder_0.5_0.5_6,inner,2,SA,1.0,0,Single,No_Kink,211,408070
result_SELECT_10_Heisenberg2D_cylinder_0.5_0.5_6,inner,2,SA,1.0,0,Single,Yes_Kink,211,421958
result_SELECT_10_Heisenberg2D_cylinder_0.5_0.5_6,inner,2,SA,1.0,0,Double,No_MSF,177,238336
result_SELECT_10_Heisenberg2D_cylinder_0.5_0.5_6,inner,2,SA,1.0,0,Double,No_Top,177,232224
result_SELECT_10_Heisenberg2D_cylinder_0.5_0.5_6,inner,2,SA,1.0,0,Double,No_MP,180,357553
result_SELECT_10_Heisenberg2D_cylinder_0.5_0.5_6,inner,2,SA,1.0,0,Double,No_Kink,180,386274
result_SELECT_10_Heisenberg2D_cylinder_0.5_0.5_6,inner,2,SA,1.0,0,Double,Yes_Kink,186,395557
result_SELECT_10_Heisenberg2D_cylinder_0.5_0.5_6,inner,2,SA,1.0,0,Proj.,No_MSF,108,147808
result_SELECT_10_Heisenberg2D_cylinder_0.5_0.5_6,inner,2,SA,1.0,0,Proj.,No_Top,108,141696
result_SELECT_10_Heisenberg2D_cylinder_0.5_0.5_6,inner,2,SA,1.0,0,Proj.,No_MP,125,560263
result_SELECT_10_Heisenberg2D_cylinder_0.5_0.5_6,inner,2,SA,1.0,0,Proj.,No_Kink,131,613980
result_SELECT_10_Heisenberg2D_cylinder_0.5_0.5_6,inner,2,SA,1.0,0,Proj.,Yes_Kink,137,632783
result_trotter_10_Heisenberg2D_cylinder_0.5_0.5_det,outer,1,SA,1.0,0,Single,No_MSF,756,101100
result_trotter_10_Heisenberg2D_cylinder_0.5_0.5_det,outer,1,SA,1.0,0,Single,No_Top,756,75600
result_trotter_10_Heisenberg2D_cylinder_0.5_0.5_det,outer,1,SA,1.0,0,Single,No_MP,758,114636
result_trotter_10_Heisenberg2D_cylinder_0.5_0.5_det,outer,1,SA,1.0,0,Single,No_Kink,838,245532
result_trotter_10_Heisenberg2D_cylinder_0.5_0.5_det,outer,1,SA,1.0,0,Double,No_MSF,749,100400
result_trotter_10_Heisenberg2D_cylinder_0.5_0.5_det,outer,1,SA,1.0,0,Double,No_Top,749,74900
result_trotter_10_Heisenberg2D_cylinder_0.5_0.5_det,outer,1,SA,1.0,0,Double,No_MP,749,115351
result_trotter_10_Heisenberg2D_cylinder_0.5_0.5_det,outer,1,SA,1.0,0,Double,No_Kink,1111,377030
result_trotter_10_Heisenberg2D_cylinder_0.5_0.5_det,outer,1,SA,1.0,0,Double,Yes_Kink,1152,373720
result_trotter_10_Heisenberg2D_cylinder_0.5_0.5_det,outer,1,SA,1.0,0,Proj.,No_MSF,390,64500
result_trotter_10_Heisenberg2D_cylinder_0.5_0.5_det,outer,1,SA,1.0,0,Proj.,No_Top,580,58000
result_trotter_10_Heisenberg2D_cylinder_0.5_0.5_det,outer,1,SA,1.0,0,Proj.,No_MP,543,212991
result_trotter_10_Heisenberg2D_cylinder_0.5_0.5_det,outer,1,SA,1.0,0,Proj.,No_Kink,924,347465
result_trotter_10_Heisenberg2D_cylinder_0.5_0.5_det,outer,1,SA,1.0,0,Proj.,Yes_Kink,1046,395454
result_trotter_10_Heisenberg2D_cylinder_0.5_0.5_det,outer,2,random,0.0,2,Single,No_MSF,756,152100
result_trotter_10_Heisenberg2D_cylinder_0.5_0.5_det,outer,2,random,0.0,2,Single,No_Top,1742,225200
result_trotter_10_Heisenberg2D_cylinder_0.5_0.5_det,outer,2,random,0.0,2,Single,No_MP,762,180792
result_trotter_10_Heisenberg2D_cylinder_0.5_0.5_det,outer,2,random,0.0,2,Single,No_Kink,1774,520623
result_trotter_10_Heisenberg2D_cylinder_0.5_0.5_det,outer,2,random,0.0,2,Single,Yes_Kink,1779,523005
result_trotter_10_Heisenberg2D_cylinder_0.5_0.5_det,outer,2,random,0.0,2,Double,No_MSF,749,151400
result_trotter_10_Heisenberg2D_cylinder_0.5_0.5_det,outer,2,random,0.0,2,Double,No_Top,1740,225000
result_trotter_10_Heisenberg2D_cylinder_0.5_0.5_det,outer,2,random,0.0,2,Double,No_MP,750,180958
result_trotter_10_Heisenberg2D_cylinder_0.5_0.5_det,outer,2,random,0.0,2,Double,No_Kink,1744,526268
result_trotter_10_Heisenberg2D_cylinder_0.5_0.5_det,outer,2,random,0.0,2,Double,Yes_Kink,1750,550713
result_trotter_10_Heisenberg2D_cylinder_0.5_0.5_det,outer,2,random,0.0,2,Proj.,No_MSF,390,115500
result_trotter_10_Heisenberg2D_cylinder_0.5_0.5_det,outer,2,random,0.0,2,Proj.,No_Top,1740,225000
result_trotter_10_Heisenberg2D_cylinder_0.5_0.5_det,outer,2,random,0.0,2,Proj.,No_MP,556,329640
result_trotter_10_Heisenberg2D_cylinder_0.5_0.5_det,outer,2,random,0.0,2,Proj.,No_Kink,1970,1207527
result_trotter_10_Heisenberg2D_cylinder_0.5_0.5_det,outer,2,random,0.0,2,Proj.,Yes_Kink,1956,1192813
result_trotter_10_Heisenberg2D_cylinder_0.5_0.5_rand,inner,1,SA,0.01,1,Single,No_MSF,744,125400
result_trotter_10_Heisenberg2D_cylinder_0.5_0.5_rand,inner,1,SA,0.01,1,Single,No_Top,1164,141900
result_trotter_10_Heisenberg2D_cylinder_0.5_0.5_rand,inner,1,SA,0.01,1,Single,No_MP,744,136840
result_trotter_10_Heisenberg2D_cylinder_0.5_0.5_rand,inner,1,SA,0.01,1,Single,No_Kink,1360,385932
result_trotter_10_Heisenberg2D_cylinder_0.5_0.5_rand,inner,1,SA,0.01,1,Double,No_MSF,721,123100
result_trotter_10_Heisenberg2D_cylinder_0.5_0.5_rand,inner,1,SA,0.01,1,Double,No_Top,1160,141500
result_trotter_10_Heisenberg2D_cylinder_0.5_0.5_rand,inner,1,SA,0.01,1,Double,No_MP,721,135732
result_trotter_10_Heisenberg2D_cylinder_0.5_0.5_rand,inner,1,SA,0.01,1,Double,No_Kink,1390,463657
result_trotter_10_Heisenberg2D_cylinder_0.5_0.5_rand,inner,1,SA,0.01,1,Double,Yes_Kink,1512,482913
result_trotter_10_Heisenberg2D_cylinder_0.5_0.5_rand,inner,1,SA,0.01,1,Proj.,No_MSF,390,90000
result_trotter_10_Heisenberg2D_cylinder_0.5_0.5_rand,inner,1,SA,0.01,1,Proj.,No_Top,1160,141500
result_trotter_10_Heisenberg2D_cylinder_0.5_0.5_rand,inner,1,SA,0.01,1,Proj.,No_MP,524,233865
result_trotter_10_Heisenberg2D_cylinder_0.5_0.5_rand,inner,1,SA,0.01,1,Proj.,No_Kink,1446,602818
result_trotter_10_Heisenberg2D_cylinder_0.5_0.5_rand,inner,1,SA,0.01,1,Proj.,Yes_Kink,1474,603604
result_trotter_10_Heisenberg2D_cylinder_0.5_0.5_det,outer,2,SA,0.1,1,Single,No_MSF,756,126600
result_trotter_10_Heisenberg2D_cylinder_0.5_0.5_det,outer,2,SA,0.1,1,Single,No_Top,1173,142800
result_trotter_10_Heisenberg2D_cylinder_0.5_0.5_det,outer,2,SA,0.1,1,Single,No_MP,758,137654
result_trotter_10_Heisenberg2D_cylinder_0.5_0.5_det,outer,2,SA,0.1,1,Single,No_Kink,1225,365562
result_trotter_10_Heisenberg2D_cylinder_0.5_0.5_det,outer,2,SA,0.1,1,Single,Yes_Kink,1241,365447
result_trotter_10_Heisenberg2D_cylinder_0.5_0.5_det,outer,2,SA,0.1,1,Double,No_MSF,749,125900
result_trotter_10_Heisenberg2D_cylinder_0.5_0.5_det,outer,2,SA,0.1,1,Double,No_Top,1160,141500
result_trotter_10_Heisenberg2D_cylinder_0.5_0.5_det,outer,2,SA,0.1,1,Double,No_MP,751,138447
result_trotter_10_Heisenberg2D_cylinder_0.5_0.5_det,outer,2,SA,0.1,1,Double,No_Kink,1238,422735
result_trotter_10_Heisenberg2D_cylinder_0.5_0.5_det,outer,2,SA,0.1,1,Double,Yes_Kink,1231,411926
result_trotter_10_Heisenberg2D_cylinder_0.5_0.5_det,outer,2,SA,0.1,1,Proj.,No_MSF,390,90000
result_trotter_10_Heisenberg2D_cylinder_0.5_0.5_det,outer,2,SA,0.1,1,Proj.,No_Top,1160,141500
result_trotter_10_Heisenberg2D_cylinder_0.5_0.5_det,outer,2,SA,0.1,1,Proj.,No_MP,555,267026
result_trotter_10_Heisenberg2D_cylinder_0.5_0.5_det,outer,2,SA,0.1,1,Proj.,No_Kink,1223,741625
result_trotter_10_Heisenberg2D_cylinder_0.5_0.5_det,outer,2,SA,0.1,1,Proj.,Yes_Kink,1247,753286
result_SELECT_100_random_local_OBC_0_0_6,inner,1,random,0.0,2,Single,No_MSF,247,306944
result_SELECT_100_random_local_OBC_0_0_6,inner,1,random,0.0,2,Single,No_Top,247,302112
result_SELECT_100_random_local_OBC_0_0_6,inner,1,random,0.0,2,Single,No_MP,659,1485294
result_SELECT_100_random_local_OBC_0_0_6,inner,1,random,0.0,2,Single,No_Kink,663,1514686
result_SELECT_100_random_local_OBC_0_0_6,inner,1,random,0.0,2,Double,No_MSF,192,241824
result_SELECT_100_random_local_OBC_0_0_6,inner,1,random,0.0,2,Double,No_Top,193,238176
result_SELECT_100_random_local_OBC_0_0_6,inner,1,random,0.0,2,Double,No_MP,364,1141853
result_SELECT_100_random_local_OBC_0_0_6,inner,1,random,0.0,2,Double,No_Kink,384,1204381
result_SELECT_100_random_local_OBC_0_0_6,inner,1,random,0.0,2,Double,Yes_Kink,388,1215884
result_SELECT_100_random_local_OBC_0_0_6,inner,1,random,0.0,2,Proj.,No_MSF,128,166048
result_SELECT_100_random_local_OBC_0_0_6,inner,1,random,0.0,2,Proj.,No_Top,128,161216
result_SELECT_100_random_local_OBC_0_0_6,inner,1,random,0.0,2,Proj.,No_MP,259,1115328
result_SELECT_100_random_local_OBC_0_0_6,inner,1,random,0.0,2,Proj.,No_Kink,278,1198833
result_SELECT_100_random_local_OBC_0_0_6,inner,1,random,0.0,2,Proj.,Yes_Kink,285,1224229
result_SELECT_10_Heisenberg2D_cylinder_0.5_0.5_6,inner,2,random,0.0,0,Single,No_MSF,211,282944
result_SELECT_10_Heisenberg2D_cylinder_0.5_0.5_6,inner,2,random,0.0,0,Single,No_Top,211,276832
result_SELECT_10_Heisenberg2D_cylinder_0.5_0.5_6,inner,2,random,0.0,0,Single,No_MP,264,821641
result_SELECT_10_Heisenberg2D_cylinder_0.5_0.5_6,inner,2,random,0.0,0,Single,No_Kink,270,848978
result_SELECT_10_Heisenberg2D_cylinder_0.5_0.5_6,inner,2,random,0.0,0,Single,Yes_Kink,276,862696
result_SELECT_10_Heisenberg2D_cylinder_0.5_0.5_6,inner,2,random,0.0,0,Double,No_MSF,177,238336
result_SELECT_10_Heisenberg2D_cylinder_0.5_0.5_6,inner,2,random,0.0,0,Double,No_Top,177,232224
result_SELECT_10_Heisenberg2D_cylinder_0.5_0.5_6,inner,2,random,0.0,0,Double,No_MP,219,780844
result_SELECT_10_Heisenberg2D_cylinder_0.5_0.5_6,inner,2,random,0.0,0,Double,No_Kink,228,827929
result_SELECT_10_Heisenberg2D_cylinder_0.5_0.5_6,inner,2,random,0.0,0,Double,Yes_Kink,232,832776
result_SELECT_10_Heisenberg2D_cylinder_0.5_0.5_6,inner,2,random,0.0,0,Proj.,No_MSF,108,147808
result_SELECT_10_Heisenberg2D_cylinder_0.5_0.5_6,inner,2,random,0.0,0,Proj.,No_Top,108,141696
result_SELECT_10_Heisenberg2D_cylinder_0.5_0.5_6,inner,2,random,0.0,0,Proj.,No_MP,171,853410
result_SELECT_10_Heisenberg2D_cylinder_0.5_0.5_6,inner,2,random,0.0,0,Proj.,No_Kink,180,901015
result_SELECT_10_Heisenberg2D_cylinder_0.5_0.5_6,inner,2,random,0.0,0,Proj.,Yes_Kink,187,928302
result_SELECT_10_Heisenberg2D_cylinder_0.5_0.5_1,outer,1,naive,0.0,0,Single,No_MSF,4079,591856
result_SELECT_10_Heisenberg2D_cylinder_0.5_0.5_1,outer,1,naive,0.0,0,Single,No_Top,4079,587376
result_SELECT_10_Heisenberg2D_cylinder_0.5_0.5_1,outer,1,naive,0.0,0,Single,No_MP,4079,667052
result_SELECT_10_Heisenberg2D_cylinder_0.5_0.5_1,outer,1,naive,0.0,0,Single,No_Kink,4079,709014
result_SELECT_10_Heisenberg2D_cylinder_0.5_0.5_1,outer,1,naive,0.0,0,Double,No_MSF,3792,550528
result_SELECT_10_Heisenberg2D_cylinder_0.5_0.5_1,outer,1,naive,0.0,0,Double,No_Top,3792,546048
result_SELECT_10_Heisenberg2D_cylinder_0.5_0.5_1,outer,1,naive,0.0,0,Double,No_MP,3795,633550
result_SELECT_10_Heisenberg2D_cylinder_0.5_0.5_1,outer,1,naive,0.0,0,Double,No_Kink,3795,674216
result_SELECT_10_Heisenberg2D_cylinder_0.5_0.5_1,outer,1,naive,0.0,0,Double,Yes_Kink,3796,673047
result_SELECT_10_Heisenberg2D_cylinder_0.5_0.5_1,outer,1,naive,0.0,0,Proj.,No_MSF,3333,484432
result_SELECT_10_Heisenberg2D_cylinder_0.5_0.5_1,outer,1,naive,0.0,0,Proj.,No_Top,3333,479952
result_SELECT_10_Heisenberg2D_cylinder_0.5_0.5_1,outer,1,naive,0.0,0,Proj.,No_MP,3343,1636199
result_SELECT_10_Heisenberg2D_cylinder_0.5_0.5_1,outer,1,naive,0.0,0,Proj.,No_Kink,3348,1825066
result_SELECT_10_Heisenberg2D_cylinder_0.5_0.5_1,outer,1,naive,0.0,0,Proj.,Yes_Kink,3352,1801196
result_SELECT_10_Heisenberg2D_cylinder_0.5_0.5_1,inner,2,SA,0.1,2,Single,No_MSF,4079,600816
result_SELECT_10_Heisenberg2D_cylinder_0.5_0.5_1,inner,2,SA,0.1,2,Single,No_Top,4080,596480
result_SELECT_10_Heisenberg2D_cylinder_0.5_0.5_1,inner,2,SA,0.1,2,Single,No_MP,4079,637487
result_SELECT_10_Heisenberg2D_cylinder_0.5_0.5_1,inner,2,SA,0.1,2,Single,No_Kink,4080,663100
result_SELECT_10_Heisenberg2D_cylinder_0.5_0.5_1,inner,2,SA,0.1,2,Single,Yes_Kink,4080,675001
result_SELECT_10_Heisenberg2D_cylinder_0.5_0.5_1,inner,2,SA,0.1,2,Double,No_MSF,3792,559488
result_SELECT_10_Heisenberg2D_cylinder_0.5_0.5_1,inner,2,SA,0.1,2,Double,No_Top,3793,555152
result_SELECT_10_Heisenberg2D_cylinder_0.5_0.5_1,inner,2,SA,0.1,2,Double,No_MP,3792,604438
result_SELECT_10_Heisenberg2D_cylinder_0.5_0.5_1,inner,2,SA,0.1,2,Double,No_Kink,3794,635546
result_SELECT_10_Heisenberg2D_cylinder_0.5_0.5_1,inner,2,SA,0.1,2,Double,Yes_Kink,3799,635956
result_SELECT_10_Heisenberg2D_cylinder_0.5_0.5_1,inner,2,SA,0.1,2,Proj.,No_MSF,3333,493392
result_SELECT_10_Heisenberg2D_cylinder_0.5_0.5_1,inner,2,SA,0.1,2,Proj.,No_Top,3333,488912
result_SELECT_10_Heisenberg2D_cylinder_0.5_0.5_1,inner,2,SA,0.1,2,Proj.,No_MP,3333,1581017
result_SELECT_10_Heisenberg2D_cylinder_0.5_0.5_1,inner,2,SA,0.1,2,Proj.,No_Kink,3342,1756335
result_SELECT_10_Heisenberg2D_cylinder_0.5_0.5_1,inner,2,SA,0.1,2,Proj.,Yes_Kink,3394,1769965
result_SELECT_10_Heisenberg2D_cylinder_0.5_0.5_4,inner,2,random,0.0,2,Single,No_MSF,571,261360
result_SELECT_10_Heisenberg2D_cylinder_0.5_0.5_4,inner,2,random,0.0,2,Single,No_Top,571,256464
result_SELECT_10_Heisenberg2D_cylinder_0.5_0.5_4,inner,2,random,0.0,2,Single,No_MP,578,475024
result_SELECT_10_Heisenberg2D_cylinder_0.5_0.5_4,inner,2,random,0.0,2,Single,No_Kink,581,492137
result_SELECT_10_Heisenberg2D_cylinder_0.5_0.5_4,inner,2,random,0.0,2,Single,Yes_Kink,584,499898
result_SELECT_10_Heisenberg2D_cylinder_0.5_0.5_4,inner,2,random,0.0,2,Double,No_MSF,522,240192
result_SELECT_10_Heisenberg2D_cylinder_0.5_0.5_4,inner,2,random,0.0,2,Double,No_Top,522,235296
result_SELECT_10_Heisenberg2D_cylinder_0.5_0.5_4,inner,2,random,0.0,2,Double,No_MP,524,452987
result_SELECT_10_Heisenberg2D_cylinder_0.5_0.5_4,inner,2,random,0.0,2,Double,No_Kink,533,477336
result_SELECT_10_Heisenberg2D_cylinder_0.5_0.5_4,inner,2,random,0.0,2,Double,Yes_Kink,544,481459
result_SELECT_10_Heisenberg2D_cylinder_0.5_0.5_4,inner,2,random,0.0,2,Proj.,No_MSF,420,196128
result_SELECT_10_Heisenberg2D_cylinder_0.5_0.5_4,inner,2,random,0.0,2,Proj.,No_Top,420,191232
result_SELECT_10_Heisenberg2D_cylinder_0.5_0.5_4,inner,2,random,0.0,2,Proj.,No_MP,447,790546
result_SELECT_10_Heisenberg2D_cylinder_0.5_0.5_4,inner,2,random,0.0,2,Proj.,No_Kink,447,807291
result_SELECT_10_Heisenberg2D_cylinder_0.5_0.5_4,inner,2,random,0.0,2,Proj.,Yes_Kink,453,806373
result_SELECT_10_Heisenberg2D_cylinder_0.5_0.5_6,inner,1,SA,0.001,8,Single,No_MSF,211,331840
result_SELECT_10_Heisenberg2D_cylinder_0.5_0.5_6,inner,1,SA,0.001,8,Single,No_Top,383,551392
result_SELECT_10_Heisenberg2D_cylinder_0.5_0.5_6,inner,1,SA,0.001,8,Single,No_MP,216,490836
result_SELECT_10_Heisenberg2D_cylinder_0.5_0.5_6,inner,1,SA,0.001,8,Single,No_Kink,384,939944
result_SELECT_10_Heisenberg2D_cylinder_0.5_0.5_6,inner,1,SA,0.001,8,Double,No_MSF,177,287232
result_SELECT_10_Heisenberg2D_cylinder_0.5_0.5_6,inner,1,SA,0.001,8,Double,No_Top,374,539584
result_SELECT_10_Heisenberg2D_cylinder_0.5_0.5_6,inner,1,SA,0.001,8,Double,No_MP,181,448964
result_SELECT_10_Heisenberg2D_cylinder_0.5_0.5_6,inner,1,SA,0.001,8,Double,No_Kink,372,961801
result_SELECT_10_Heisenberg2D_cylinder_0.5_0.5_6,inner,1,SA,0.001,8,Double,Yes_Kink,373,964373
result_SELECT_10_Heisenberg2D_cylinder_0.5_0.5_6,inner,1,SA,0.001,8,Proj.,No_MSF,108,196704
result_SELECT_10_Heisenberg2D_cylinder_0.5_0.5_6,inner,1,SA,0.001,8,Proj.,No_Top,369,533024
result_SELECT_10_Heisenberg2D_cylinder_0.5_0.5_6,inner,1,SA,0.001,8,Proj.,No_MP,134,634976
result_SELECT_10_Heisenberg2D_cylinder_0.5_0.5_6,inner,1,SA,0.001,8,Proj.,No_Kink,2070,6541527
result_SELECT_10_Heisenberg2D_cylinder_0.5_0.5_6,inner,1,SA,0.001,8,Proj.,Yes_Kink,1935,6138015
result_SELECT_10_Heisenberg2D_cylinder_0.5_0.5_4,inner,1,SA,1.0,0,Single,No_MSF,571,251568
result_SELECT_10_Heisenberg2D_cylinder_0.5_0.5_4,inner,1,SA,1.0,0,Single,No_Top,571,246672
result_SELECT_10_Heisenberg2D_cylinder_0.5_0.5_4,inner,1,SA,1.0,0,Single,No_MP,572,302302
result_SELECT_10_Heisenberg2D_cylinder_0.5_0.5_4,inner,1,SA,1.0,0,Single,No_Kink,572,309916
result_SELECT_10_Heisenberg2D_cylinder_0.5_0.5_4,inner,1,SA,1.0,0,Double,No_MSF,522,230400
result_SELECT_10_Heisenberg2D_cylinder_0.5_0.5_4,inner,1,SA,1.0,0,Double,No_Top,522,225504
result_SELECT_10_Heisenberg2D_cylinder_0.5_0.5_4,inner,1,SA,1.0,0,Double,No_MP,524,289019
result_SELECT_10_Heisenberg2D_cylinder_0.5_0.5_4,inner,1,SA,1.0,0,Double,No_Kink,525,304992
result_SELECT_10_Heisenberg2D_cylinder_0.5_0.5_4,inner,1,SA,1.0,0,Double,Yes_Kink,529,307473
result_SELECT_10_Heisenberg2D_cylinder_0.5_0.5_4,inner,1,SA,1.0,0,Proj.,No_MSF,420,186336
result_SELECT_10_Heisenberg2D_cylinder_0.5_0.5_4,inner,1,SA,1.0,0,Proj.,No_Top,420,181440
result_SELECT_10_Heisenberg2D_cylinder_0.5_0.5_4,inner,1,SA,1.0,0,Proj.,No_MP,432,670466
result_SELECT_10_Heisenberg2D_cylinder_0.5_0.5_4,inner,1,SA,1.0,0,Proj.,No_Kink,440,694789
result_SELECT_10_Heisenberg2D_cylinder_0.5_0.5_4,inner,1,SA,1.0,0,Proj.,Yes_Kink,445,694408
result_SELECT_10_Heisenberg2D_cylinder_0.5_0.5_4,outer,1,SA,0.01,0,Single,No_MSF,571,251568
result_SELECT_10_Heisenberg2D_cylinder_0.5_0.5_4,outer,1,SA,0.01,0,Single,No_Top,571,246672
result_SELECT_10_Heisenberg2D_cylinder_0.5_0.5_4,outer,1,SA,0.01,0,Single,No_MP,571,301262
result_SELECT_10_Heisenberg2D_cylinder_0.5_0.5_4,outer,1,SA,0.01,0,Single,No_Kink,571,347396
result_SELECT_10_Heisenberg2D_cylinder_0.5_0.5_4,outer,1,SA,0.01,0,Double,No_MSF,522,230400
result_SELECT_10_Heisenberg2D_cylinder_0.5_0.5_4,outer,1,SA,0.01,0,Double,No_Top,522,225504
result_SELECT_10_Heisenberg2D_cylinder_0.5_0.5_4,outer,1,SA,0.01,0,Double,No_MP,522,288018
result_SELECT_10_Heisenberg2D_cylinder_0.5_0.5_4,outer,1,SA,0.01,0,Double,No_Kink,524,341284
result_SELECT_10_Heisenberg2D_cylinder_0.5_0.5_4,outer,1,SA,0.01,0,Double,Yes_Kink,526,341290
result_SELECT_10_Heisenberg2D_cylinder_0.5_0.5_4,outer,1,SA,0.01,0,Proj.,No_MSF,420,186336
result_SELECT_10_Heisenberg2D_cylinder_0.5_0.5_4,outer,1,SA,0.01,0,Proj.,No_Top,420,181440
result_SELECT_10_Heisenberg2D_cylinder_0.5_0.5_4,outer,1,SA,0.01,0,Proj.,No_MP,432,662817
result_SELECT_10_Heisenberg2D_cylinder_0.5_0.5_4,outer,1,SA,0.01,0,Proj.,No_Kink,443,715987
result_SELECT_10_Heisenberg2D_cylinder_0.5_0.5_4,outer,1,SA,0.01,0,Proj.,Yes_Kink,460,721342
result_SELECT_10_Heisenberg2D_cylinder_0.5_0.5_6,inner,2,SA,0.001,4,Single,No_MSF,211,307392
result_SELECT_10_Heisenberg2D_cylinder_0.5_0.5_6,inner,2,SA,0.001,4,Single,No_Top,233,330144
result_SELECT_10_Heisenberg2D_cylinder_0.5_0.5_6,inner,2,SA,0.001,4,Single,No_MP,211,409313
result_SELECT_10_Heisenberg2D_cylinder_0.5_0.5_6,inner,2,SA,0.001,4,Single,No_Kink,235,560767
result_SELECT_10_Heisenberg2D_cylinder_0.5_0.5_6,inner,2,SA,0.001,4,Single,Yes_Kink,234,572444
result_SELECT_10_Heisenberg2D_cylinder_0.5_0.5_6,inner,2,SA,0.001,4,Double,No_MSF,177,262784
result_SELECT_10_Heisenberg2D_cylinder_0.5_0.5_6,inner,2,SA,0.001,4,Double,No_Top,219,311776
result_SELECT_10_Heisenberg2D_cylinder_0.5_0.5_6,inner,2,SA,0.001,4,Double,No_MP,180,378011
result_SELECT_10_Heisenberg2D_cylinder_0.5_0.5_6,inner,2,SA,0.001,4,Double,No_Kink,220,560711
result_SELECT_10_Heisenberg2D_cylinder_0.5_0.5_6,inner,2,SA,0.001,4,Double,Yes_Kink,222,557924
result_SELECT_10_Heisenberg2D_cylinder_0.5_0.5_6,inner,2,SA,0.001,4,Proj.,No_MSF,108,172256
result_SELECT_10_Heisenberg2D_cylinder_0.5_0.5_6,inner,2,SA,0.001,4,Proj.,No_Top,205,293408
result_SELECT_10_Heisenberg2D_cylinder_0.5_0.5_6,inner,2,SA,0.001,4,Proj.,No_MP,126,594821
result_SELECT_10_Heisenberg2D_cylinder_0.5_0.5_6,inner,2,SA,0.001,4,Proj.,No_Kink,255,1106680
result_SELECT_10_Heisenberg2D_cylinder_0.5_0.5_6,inner,2,SA,0.001,4,Proj.,Yes_Kink,255,1104866
result_SELECT_10_Heisenberg2D_cylinder_0.5_0.5_5,outer,1,SA,0.01,2,Single,No_MSF,327,256704
result_SELECT_10_Heisenberg2D_cylinder_0.5_0.5_5,outer,1,SA,0.01,2,Single,No_Top,327,251360
result_SELECT_10_Heisenberg2D_cylinder_0.5_0.5_5,outer,1,SA,0.01,2,Single,No_MP,330,336438
result_SELECT_10_Heisenberg2D_cylinder_0.5_0.5_5,outer,1,SA,0.01,2,Single,No_Kink,336,422924
result_SELECT_10_Heisenberg2D_cylinder_0.5_0.5_5,outer,1,SA,0.01,2,Double,No_MSF,290,229472
result_SELECT_10_Heisenberg2D_cylinder_0.5_0.5_5,outer,1,SA,0.01,2,Double,No_Top,291,224864
result_SELECT_10_Heisenberg2D_cylinder_0.5_0.5_5,outer,1,SA,0.01,2,Double,No_MP,292,314922
result_SELECT_10_Heisenberg2D_cylinder_0.5_0.5_5,outer,1,SA,0.01,2,Double,No_Kink,296,407988
result_SELECT_10_Heisenberg2D_cylinder_0.5_0.5_5,outer,1,SA,0.01,2,Double,Yes_Kink,307,416642
result_SELECT_10_Heisenberg2D_cylinder_0.5_0.5_5,outer,1,SA,0.01,2,Proj.,No_MSF,213,172800
result_SELECT_10_Heisenberg2D_cylinder_0.5_0.5_5,outer,1,SA,0.01,2,Proj.,No_Top,213,167456
result_SELECT_10_Heisenberg2D_cylinder_0.5_0.5_5,outer,1,SA,0.01,2,Proj.,No_MP,232,607864
result_SELECT_10_Heisenberg2D_cylinder_0.5_0.5_5,outer,1,SA,0.01,2,Proj.,No_Kink,242,673450
result_SELECT_10_Heisenberg2D_cylinder_0.5_0.5_5,outer,1,SA,0.01,2,Proj.,Yes_Kink,261,698050
result_SELECT_10_Heisenberg2D_cylinder_0.5_0.5_5,inner,2,SA,0.001,0,Single,No_MSF,327,246016
result_SELECT_10_Heisenberg2D_cylinder_0.5_0.5_5,inner,2,SA,0.001,0,Single,No_Top,327,240672
result_SELECT_10_Heisenberg2D_cylinder_0.5_0.5_5,inner,2,SA,0.001,0,Single,No_MP,327,308343
result_SELECT_10_Heisenberg2D_cylinder_0.5_0.5_5,inner,2,SA,0.001,0,Single,No_Kink,327,332317
result_SELECT_10_Heisenberg2D_cylinder_0.5_0.5_5,inner,2,SA,0.001,0,Single,Yes_Kink,327,348386
result_SELECT_10_Heisenberg2D_cylinder_0.5_0.5_5,inner,2,SA,0.001,0,Double,No_MSF,290,218784
result_SELECT_10_Heisenberg2D_cylinder_0.5_0.5_5,inner,2,SA,0.001,0,Double,No_Top,290,213440
result_SELECT_10_Heisenberg2D_cylinder_0.5_0.5_5,inner,2,SA,0.001,0,Double,No_MP,295,293896
result_SELECT_10_Heisenberg2D_cylinder_0.5_0.5_5,inner,2,SA,0.001,0,Double,No_Kink,297,328493
result_SELECT_10_Heisenberg2D_cylinder_0.5_0.5_5,inner,2,SA,0.001,0,Double,Yes_Kink,300,332064
result_SELECT_10_Heisenberg2D_cylinder_0.5_0.5_5,inner,2,SA,0.001,0,Proj.,No_MSF,213,162112
result_SELECT_10_Heisenberg2D_cylinder_0.5_0.5_5,inner,2,SA,0.001,0,Proj.,No_Top,213,156768
result_SELECT_10_Heisenberg2D_cylinder_0.5_0.5_5,inner,2,SA,0.001,0,Proj.,No_MP,228,600547
result_SELECT_10_Heisenberg2D_cylinder_0.5_0.5_5,inner,2,SA,0.001,0,Proj.,No_Kink,234,667591
result_SELECT_10_Heisenberg2D_cylinder_0.5_0.5_5,inner,2,SA,0.001,0,Proj.,Yes_Kink,238,675575
result_SELECT_10_Heisenberg2D_cylinder_0.5_0.5_1,outer,1,SA,0.01,0,Single,No_MSF,4079,591856
result_SELECT_10_Heisenberg2D_cylinder_0.5_0.5_1,outer,1,SA,0.01,0,Single,No_Top,4079,587376
result_SELECT_10_Heisenberg2D_cylinder_0.5_0.5_1,outer,1,SA,0.01,0,Single,No_MP,4079,633618
result_SELECT_10_Heisenberg2D_cylinder_0.5_0.5_1,outer,1,SA,0.01,0,Single,No_Kink,4079,680380
result_SELECT_10_Heisenberg2D_cylinder_0.5_0.5_1,outer,1,SA,0.01,0,Double,No_MSF,3792,550528
result_SELECT_10_Heisenberg2D_cylinder_0.5_0.5_1,outer,1,SA,0.01,0,Double,No_Top,3792,546048
result_SELECT_10_Heisenberg2D_cylinder_0.5_0.5_1,outer,1,SA,0.01,0,Double,No_MP,3792,599964
result_SELECT_10_Heisenberg2D_cylinder_0.5_0.5_1,outer,1,SA,0.01,0,Double,No_Kink,3793,651066
result_SELECT_10_Heisenberg2D_cylinder_0.5_0.5_1,outer,1,SA,0.01,0,Double,Yes_Kink,3795,649754
result_SELECT_10_Heisenberg2D_cylinder_0.5_0.5_1,outer,1,SA,0.01,0,Proj.,No_MSF,3333,484432
result_SELECT_10_Heisenberg2D_cylinder_0.5_0.5_1,outer,1,SA,0.01,0,Proj.,No_Top,3333,479952
result_SELECT_10_Heisenberg2D_cylinder_0.5_0.5_1,outer,1,SA,0.01,0,Proj.,No_MP,3336,1453449
result_SELECT_10_Heisenberg2D_cylinder_0.5_0.5_1,outer,1,SA,0.01,0,Proj.,No_Kink,3342,1815081
result_SELECT_10_Heisenberg2D_cylinder_0.5_0.5_1,outer,1,SA,0.01,0,Proj.,Yes_Kink,3365,1801665
result_SELECT_10_Heisenberg2D_cylinder_0.5_0.5_6,outer,2,random,0.0,0,Single,No_MSF,211,282944
result_SELECT_10_Heisenberg2D_cylinder_0.5_0.5_6,outer,2,random,0.0,0,Single,No_Top,211,276832
result_SELECT_10_Heisenberg2D_cylinder_0.5_0.5_6,outer,2,random,0.0,0,Single,No_MP,253,801416
result_SELECT_10_Heisenberg2D_cylinder_0.5_0.5_6,outer,2,random,0.0,0,Single,No_Kink,288,931479
result_SELECT_10_Heisenberg2D_cylinder_0.5_0.5_6,outer,2,random,0.0,0,Single,Yes_Kink,290,937591
result_SELECT_10_Heisenberg2D_cylinder_0.5_0.5_6,outer,2,random,0.0,0,Double,No_MSF,177,238336
result_SELECT_10_Heisenberg2D_cylinder_0.5_0.5_6,outer,2,random,0.0,0,Double,No_Top,177,232224
result_SELECT_10_Heisenberg2D_cylinder_0.5_0.5_6,outer,2,random,0.0,0,Double,No_MP,213,765370
result_SELECT_10_Heisenberg2D_cylinder_0.5_0.5_6,outer,2,random,0.0,0,Double,No_Kink,243,904646
result_SELECT_10_Heisenberg2D_cylinder_0.5_0.5_6,outer,2,random,0.0,0,Double,Yes_Kink,244,902024
result_SELECT_10_Heisenberg2D_cylinder_0.5_0.5_6,outer,2,random,0.0,0,Proj.,No_MSF,108,147808
result_SELECT_10_Heisenberg2D_cylinder_0.5_0.5_6,outer,2,random,0.0,0,Proj.,No_Top,108,141696
result_SELECT_10_Heisenberg2D_cylinder_0.5_0.5_6,outer,2,random,0.0,0,Proj.,No_MP,168,831469
result_SELECT_10_Heisenberg2D_cylinder_0.5_0.5_6,outer,2,random,0.0,0,Proj.,No_Kink,196,982758
result_SELECT_10_Heisenberg2D_cylinder_0.5_0.5_6,outer,2,random,0.0,0,Proj.,Yes_Kink,204,1012175
result_trotter_10_Heisenberg2D_cylinder_0.5_0.5_rand,inner,1,random,0.0,1,Single,No_MSF,744,125400
result_trotter_10_Heisenberg2D_cylinder_0.5_0.5_rand,inner,1,random,0.0,1,Single,No_Top,1164,141900
result_trotter_10_Heisenberg2D_cylinder_0.5_0.5_rand,inner,1,random,0.0,1,Single,No_MP,782,167336
result_trotter_10_Heisenberg2D_cylinder_0.5_0.5_rand,inner,1,random,0.0,1,Single,No_Kink,1254,332758
result_trotter_10_Heisenberg2D_cylinder_0.5_0.5_rand,inner,1,random,0.0,1,Double,No_MSF,721,123100
result_trotter_10_Heisenberg2D_cylinder_0.5_0.5_rand,inner,1,random,0.0,1,Double,No_Top,1160,141500
result_trotter_10_Heisenberg2D_cylinder_0.5_0.5_rand,inner,1,random,0.0,1,Double,No_MP,733,164227
result_trotter_10_Heisenberg2D_cylinder_0.5_0.5_rand,inner,1,random,0.0,1,Double,No_Kink,1228,382361
result_trotter_10_Heisenberg2D_cylinder_0.5_0.5_rand,inner,1,random,0.0,1,Double,Yes_Kink,1252,381474
result_trotter_10_Heisenberg2D_cylinder_0.5_0.5_rand,inner,1,random,0.0,1,Proj.,No_MSF,390,90000
result_trotter_10_Heisenberg2D_cylinder_0.5_0.5_rand,inner,1,random,0.0,1,Proj.,No_Top,1160,141500
result_trotter_10_Heisenberg2D_cylinder_0.5_0.5_rand,inner,1,random,0.0,1,Proj.,No_MP,546,254741
result_trotter_10_Heisenberg2D_cylinder_0.5_0.5_rand,inner,1,random,0.0,1,Proj.,No_Kink,1408,577586
result_trotter_10_Heisenberg2D_cylinder_0.5_0.5_rand,inner,1,random,0.0,1,Proj.,Yes_Kink,1424,580617
result_SELECT_10_Heisenberg2D_cylinder_0.5_0.5_4,outer,1,random,0.0,0,Single,No_MSF,571,251568
result_SELECT_10_Heisenberg2D_cylinder_0.5_0.5_4,outer,1,random,0.0,0,Single,No_Top,571,246672
result_SELECT_10_Heisenberg2D_cylinder_0.5_0.5_4,outer,1,random,0.0,0,Single,No_MP,722,641760
result_SELECT_10_Heisenberg2D_cylinder_0.5_0.5_4,outer,1,random,0.0,0,Single,No_Kink,869,748838
result_SELECT_10_Heisenberg2D_cylinder_0.5_0.5_4,outer,1,random,0.0,0,Double,No_MSF,522,230400
result_SELECT_10_Heisenberg2D_cylinder_0.5_0.5_4,outer,1,random,0.0,0,Double,No_Top,522,225504
result_SELECT_10_Heisenberg2D_cylinder_0.5_0.5_4,outer,1,random,0.0,0,Double,No_MP,543,555217
result_SELECT_10_Heisenberg2D_cylinder_0.5_0.5_4,outer,1,random,0.0,0,Double,No_Kink,582,638334
result_SELECT_10_Heisenberg2D_cylinder_0.5_0.5_4,outer,1,random,0.0,0,Double,Yes_Kink,591,643807
result_SELECT_10_Heisenberg2D_cylinder_0.5_0.5_4,outer,1,random,0.0,0,Proj.,No_MSF,420,186336
result_SELECT_10_Heisenberg2D_cylinder_0.5_0.5_4,outer,1,random,0.0,0,Proj.,No_Top,420,181440
result_SELECT_10_Heisenberg2D_cylinder_0.5_0.5_4,outer,1,random,0.0,0,Proj.,No_MP,451,696674
result_SELECT_10_Heisenberg2D_cylinder_0.5_0.5_4,outer,1,random,0.0,0,Proj.,No_Kink,459,739543
result_SELECT_10_Heisenberg2D_cylinder_0.5_0.5_4,outer,1,random,0.0,0,Proj.,Yes_Kink,470,751334
result_SELECT_10_Heisenberg2D_cylinder_0.5_0.5_3,outer,2,naive,0.0,2,Single,No_MSF,1069,304784
result_SELECT_10_Heisenberg2D_cylinder_0.5_0.5_3,outer,2,naive,0.0,2,Single,No_Top,1069,300112
result_SELECT_10_Heisenberg2D_cylinder_0.5_0.5_3,outer,2,naive,0.0,2,Single,No_MP,1103,434468
result_SELECT_10_Heisenberg2D_cylinder_0.5_0.5_3,outer,2,naive,0.0,2,Single,No_Kink,1173,489389
result_SELECT_10_Heisenberg2D_cylinder_0.5_0.5_3,outer,2,naive,0.0,2,Single,Yes_Kink,1171,502622
result_SELECT_10_Heisenberg2D_cylinder_0.5_0.5_3,outer,2,naive,0.0,2,Double,No_MSF,987,282480
result_SELECT_10_Heisenberg2D_cylinder_0.5_0.5_3,outer,2,naive,0.0,2,Double,No_Top,987,277808
result_SELECT_10_Heisenberg2D_cylinder_0.5_0.5_3,outer,2,naive,0.0,2,Double,No_MP,1003,412026
result_SELECT_10_Heisenberg2D_cylinder_0.5_0.5_3,outer,2,naive,0.0,2,Double,No_Kink,1067,471938
result_SELECT_10_Heisenberg2D_cylinder_0.5_0.5_3,outer,2,naive,0.0,2,Double,Yes_Kink,1073,473405
result_SELECT_10_Heisenberg2D_cylinder_0.5_0.5_3,outer,2,naive,0.0,2,Proj.,No_MSF,837,241680
result_SELECT_10_Heisenberg2D_cylinder_0.5_0.5_3,outer,2,naive,0.0,2,Proj.,No_Top,837,237008
result_SELECT_10_Heisenberg2D_cylinder_0.5_0.5_3,outer,2,naive,0.0,2,Proj.,No_MP,858,965450
result_SELECT_10_Heisenberg2D_cylinder_0.5_0.5_3,outer,2,naive,0.0,2,Proj.,No_Kink,866,1057819
result_SELECT_10_Heisenberg2D_cylinder_0.5_0.5_3,outer,2,naive,0.0,2,Proj.,Yes_Kink,869,1045022
result_SELECT_10_Heisenberg2D_cylinder_0.5_0.5_5,inner,1,SA,0.001,2,Single,No_MSF,327,256704
result_SELECT_10_Heisenberg2D_cylinder_0.5_0.5_5,inner,1,SA,0.001,2,Single,No_Top,327,251360
result_SELECT_10_Heisenberg2D_cylinder_0.5_0.5_5,inner,1,SA,0.001,2,Single,No_MP,328,336004
result_SELECT_10_Heisenberg2D_cylinder_0.5_0.5_5,inner,1,SA,0.001,2,Single,No_Kink,334,406674
result_SELECT_10_Heisenberg2D_cylinder_0.5_0.5_5,inner,1,SA,0.001,2,Double,No_MSF,290,229472
result_SELECT_10_Heisenberg2D_cylinder_0.5_0.5_5,inner,1,SA,0.001,2,Double,No_Top,291,224864
result_SELECT_10_Heisenberg2D_cylinder_0.5_0.5_5,inner,1,SA,0.001,2,Double,No_MP,291,313660
result_SELECT_10_Heisenberg2D_cylinder_0.5_0.5_5,inner,1,SA,0.001,2,Double,No_Kink,294,393086
result_SELECT_10_Heisenberg2D_cylinder_0.5_0.5_5,inner,1,SA,0.001,2,Double,Yes_Kink,304,408815
result_SELECT_10_Heisenberg2D_cylinder_0.5_0.5_5,inner,1,SA,0.001,2,Proj.,No_MSF,213,172800
result_SELECT_10_Heisenberg2D_cylinder_0.5_0.5_5,inner,1,SA,0.001,2,Proj.,No_Top,213,167456
result_SELECT_10_Heisenberg2D_cylinder_0.5_0.5_5,inner,1,SA,0.001,2,Proj.,No_MP,230,591494
result_SELECT_10_Heisenberg2D_cylinder_0.5_0.5_5,inner,1,SA,0.001,2,Proj.,No_Kink,247,665299
result_SELECT_10_Heisenberg2D_cylinder_0.5_0.5_5,inner,1,SA,0.001,2,Proj.,Yes_Kink,257,687092
result_SELECT_10_Heisenberg2D_cylinder_0.5_0.5_6,outer,2,SA,0.01,10,Single,No_MSF,211,344064
result_SELECT_10_Heisenberg2D_cylinder_0.5_0.5_6,outer,2,SA,0.01,10,Single,No_Top,463,668576
result_SELECT_10_Heisenberg2D_cylinder_0.5_0.5_6,outer,2,SA,0.01,10,Single,No_MP,211,445120
result_SELECT_10_Heisenberg2D_cylinder_0.5_0.5_6,outer,2,SA,0.01,10,Single,No_Kink,457,947126
result_SELECT_10_Heisenberg2D_cylinder_0.5_0.5_6,outer,2,SA,0.01,10,Single,Yes_Kink,457,958286
result_SELECT_10_Heisenberg2D_cylinder_0.5_0.5_6,outer,2,SA,0.01,10,Double,No_MSF,177,299456
result_SELECT_10_Heisenberg2D_cylinder_0.5_0.5_6,outer,2,SA,0.01,10,Double,No_Top,454,656768
result_SELECT_10_Heisenberg2D_cylinder_0.5_0.5_6,outer,2,SA,0.01,10,Double,No_MP,179,412197
result_SELECT_10_Heisenberg2D_cylinder_0.5_0.5_6,outer,2,SA,0.01,10,Double,No_Kink,454,955079
result_SELECT_10_Heisenberg2D_cylinder_0.5_0.5_6,outer,2,SA,0.01,10,Double,Yes_Kink,454,959433
result_SELECT_10_Heisenberg2D_cylinder_0.5_0.5_6,outer,2,SA,0.01,10,Proj.,No_MSF,108,208928
result_SELECT_10_Heisenberg2D_cylinder_0.5_0.5_6,outer,2,SA,0.01,10,Proj.,No_Top,451,652832
result_SELECT_10_Heisenberg2D_cylinder_0.5_0.5_6,outer,2,SA,0.01,10,Proj.,No_MP,125,610085
result_SELECT_10_Heisenberg2D_cylinder_0.5_0.5_6,outer,2,SA,0.01,10,Proj.,No_Kink,451,1868876
result_SELECT_10_Heisenberg2D_cylinder_0.5_0.5_6,outer,2,SA,0.01,10,Proj.,Yes_Kink,451,1861569
result_SELECT_10_Heisenberg2D_cylinder_0.5_0.5_5,inner,2,random,0.0,0,Single,No_MSF,327,246016
result_SELECT_10_Heisenberg2D_cylinder_0.5_0.5_5,inner,2,random,0.0,0,Single,No_Top,327,240672
result_SELECT_10_Heisenberg2D_cylinder_0.5_0.5_5,inner,2,random,0.0,0,Single,No_MP,335,555127
result_SELECT_10_Heisenberg2D_cylinder_0.5_0.5_5,inner,2,random,0.0,0,Single,No_Kink,336,568562
result_SELECT_10_Heisenberg2D_cylinder_0.5_0.5_5,inner,2,random,0.0,0,Single,Yes_Kink,339,580409
result_SELECT_10_Heisenberg2D_cylinder_0.5_0.5_5,inner,2,random,0.0,0,Double,No_MSF,290,218784
result_SELECT_10_Heisenberg2D_cylinder_0.5_0.5_5,inner,2,random,0.0,0,Double,No_Top,290,213440
result_SELECT_10_Heisenberg2D_cylinder_0.5_0.5_5,inner,2,random,0.0,0,Double,No_MP,299,528272
result_SELECT_10_Heisenberg2D_cylinder_0.5_0.5_5,inner,2,random,0.0,0,Double,No_Kink,298,556135
result_SELECT_10_Heisenberg2D_cylinder_0.5_0.5_5,inner,2,random,0.0,0,Double,Yes_Kink,312,564178
result_SELECT_10_Heisenberg2D_cylinder_0.5_0.5_5,inner,2,random,0.0,0,Proj.,No_MSF,213,162112
result_SELECT_10_Heisenberg2D_cylinder_0.5_0.5_5,inner,2,random,0.0,0,Proj.,No_Top,213,156768
result_SELECT_10_Heisenberg2D_cylinder_0.5_0.5_5,inner,2,random,0.0,0,Proj.,No_MP,241,718008
result_SELECT_10_Heisenberg2D_cylinder_0.5_0.5_5,inner,2,random,0.0,0,Proj.,No_Kink,243,735734
result_SELECT_10_Heisenberg2D_cylinder_0.5_0.5_5,inner,2,random,0.0,0,Proj.,Yes_Kink,248,747775
result_SELECT_10_Heisenberg2D_cylinder_0.5_0.5_5,outer,2,SA,0.1,0,Single,No_MSF,327,246016
result_SELECT_10_Heisenberg2D_cylinder_0.5_0.5_5,outer,2,SA,0.1,0,Single,No_Top,327,240672
result_SELECT_10_Heisenberg2D_cylinder_0.5_0.5_5,outer,2,SA,0.1,0,Single,No_MP,327,307028
result_SELECT_10_Heisenberg2D_cylinder_0.5_0.5_5,outer,2,SA,0.1,0,Single,No_Kink,328,356830
result_SELECT_10_Heisenberg2D_cylinder_0.5_0.5_5,outer,2,SA,0.1,0,Single,Yes_Kink,330,375957
result_SELECT_10_Heisenberg2D_cylinder_0.5_0.5_5,outer,2,SA,0.1,0,Double,No_MSF,290,218784
result_SELECT_10_Heisenberg2D_cylinder_0.5_0.5_5,outer,2,SA,0.1,0,Double,No_Top,290,213440
result_SELECT_10_Heisenberg2D_cylinder_0.5_0.5_5,outer,2,SA,0.1,0,Double,No_MP,290,288586
result_SELECT_10_Heisenberg2D_cylinder_0.5_0.5_5,outer,2,SA,0.1,0,Double,No_Kink,293,346560
result_SELECT_10_Heisenberg2D_cylinder_0.5_0.5_5,outer,2,SA,0.1,0,Double,Yes_Kink,303,351015
result_SELECT_10_Heisenberg2D_cylinder_0.5_0.5_5,outer,2,SA,0.1,0,Proj.,No_MSF,213,162112
result_SELECT_10_Heisenberg2D_cylinder_0.5_0.5_5,outer,2,SA,0.1,0,Proj.,No_Top,213,156768
result_SELECT_10_Heisenberg2D_cylinder_0.5_0.5_5,outer,2,SA,0.1,0,Proj.,No_MP,228,631749
result_SELECT_10_Heisenberg2D_cylinder_0.5_0.5_5,outer,2,SA,0.1,0,Proj.,No_Kink,235,708399
result_SELECT_10_Heisenberg2D_cylinder_0.5_0.5_5,outer,2,SA,0.1,0,Proj.,Yes_Kink,241,716110
result_SELECT_10_Heisenberg2D_cylinder_0.5_0.5_5,inner,2,SA,0.01,2,Single,No_MSF,327,256704
result_SELECT_10_Heisenberg2D_cylinder_0.5_0.5_5,inner,2,SA,0.01,2,Single,No_Top,327,251360
result_SELECT_10_Heisenberg2D_cylinder_0.5_0.5_5,inner,2,SA,0.01,2,Single,No_MP,327,317914
result_SELECT_10_Heisenberg2D_cylinder_0.5_0.5_5,inner,2,SA,0.01,2,Single,No_Kink,327,352456
result_SELECT_10_Heisenberg2D_cylinder_0.5_0.5_5,inner,2,SA,0.01,2,Single,Yes_Kink,327,366940
result_SELECT_10_Heisenberg2D_cylinder_0.5_0.5_5,inner,2,SA,0.01,2,Double,No_MSF,290,229472
result_SELECT_10_Heisenberg2D_cylinder_0.5_0.5_5,inner,2,SA,0.01,2,Double,No_Top,291,224864
result_SELECT_10_Heisenberg2D_cylinder_0.5_0.5_5,inner,2,SA,0.01,2,Double,No_MP,291,300912
result_SELECT_10_Heisenberg2D_cylinder_0.5_0.5_5,inner,2,SA,0.01,2,Double,No_Kink,291,344304
result_SELECT_10_Heisenberg2D_cylinder_0.5_0.5_5,inner,2,SA,0.01,2,Double,Yes_Kink,305,353197
result_SELECT_10_Heisenberg2D_cylinder_0.5_0.5_5,inner,2,SA,0.01,2,Proj.,No_MSF,213,172800
result_SELECT_10_Heisenberg2D_cylinder_0.5_0.5_5,inner,2,SA,0.01,2,Proj.,No_Top,213,167456
result_SELECT_10_Heisenberg2D_cylinder_0.5_0.5_5,inner,2,SA,0.01,2,Proj.,No_MP,228,651418
result_SELECT_10_Heisenberg2D_cylinder_0.5_0.5_5,inner,2,SA,0.01,2,Proj.,No_Kink,237,702362
result_SELECT_10_Heisenberg2D_cylinder_0.5_0.5_5,inner,2,SA,0.01,2,Proj.,Yes_Kink,241,708430
result_SELECT_10_Heisenberg2D_cylinder_0.5_0.5_2,inner,1,SA,0.001,2,Single,No_MSF,2072,403168
result_SELECT_10_Heisenberg2D_cylinder_0.5_0.5_2,inner,1,SA,0.001,2,Single,No_Top,2072,398624
result_SELECT_10_Heisenberg2D_cylinder_0.5_0.5_2,inner,1,SA,0.001,2,Single,No_MP,2072,442642
result_SELECT_10_Heisenberg2D_cylinder_0.5_0.5_2,inner,1,SA,0.001,2,Single,No_Kink,2073,481336
result_SELECT_10_Heisenberg2D_cylinder_0.5_0.5_2,inner,1,SA,0.001,2,Double,No_MSF,1921,374780
result_SELECT_10_Heisenberg2D_cylinder_0.5_0.5_2,inner,1,SA,0.001,2,Double,No_Top,1921,370236
result_SELECT_10_Heisenberg2D_cylinder_0.5_0.5_2,inner,1,SA,0.001,2,Double,No_MP,1922,422813
result_SELECT_10_Heisenberg2D_cylinder_0.5_0.5_2,inner,1,SA,0.001,2,Double,No_Kink,1923,467276
result_SELECT_10_Heisenberg2D_cylinder_0.5_0.5_2,inner,1,SA,0.001,2,Double,Yes_Kink,1927,466326
result_SELECT_10_Heisenberg2D_cylinder_0.5_0.5_2,inner,1,SA,0.001,2,Proj.,No_MSF,1668,327216
result_SELECT_10_Heisenberg2D_cylinder_0.5_0.5_2,inner,1,SA,0.001,2,Proj.,No_Top,1668,322672
result_SELECT_10_Heisenberg2D_cylinder_0.5_0.5_2,inner,1,SA,0.001,2,Proj.,No_MP,1676,1059949
result_SELECT_10_Heisenberg2D_cylinder_0.5_0.5_2,inner,1,SA,0.001,2,Proj.,No_Kink,1687,1240197
result_SELECT_10_Heisenberg2D_cylinder_0.5_0.5_2,inner,1,SA,0.001,2,Proj.,Yes_Kink,1712,1236611
result_SELECT_10_Heisenberg2D_cylinder_0.5_0.5_0,outer,2,SA,0.001,0,Single,No_MSF,8099,992534
result_SELECT_10_Heisenberg2D_cylinder_0.5_0.5_0,outer,2,SA,0.001,0,Single,No_Top,8099,988078
result_SELECT_10_Heisenberg2D_cylinder_0.5_0.5_0,outer,2,SA,0.001,0,Single,No_MP,8099,1027460
result_SELECT_10_Heisenberg2D_cylinder_0.5_0.5_0,outer,2,SA,0.001,0,Single,No_Kink,8099,1059521
result_SELECT_10_Heisenberg2D_cylinder_0.5_0.5_0,outer,2,SA,0.001,0,Single,Yes_Kink,8099,1071415
result_SELECT_10_Heisenberg2D_cylinder_0.5_0.5_0,outer,2,SA,0.001,0,Double,No_MSF,7536,923848
result_SELECT_10_Heisenberg2D_cylinder_0.5_0.5_0,outer,2,SA,0.001,0,Double,No_Top,7536,919392
result_SELECT_10_Heisenberg2D_cylinder_0.5_0.5_0,outer,2,SA,0.001,0,Double,No_MP,7536,967001
result_SELECT_10_Heisenberg2D_cylinder_0.5_0.5_0,outer,2,SA,0.001,0,Double,No_Kink,7536,1003528
result_SELECT_10_Heisenberg2D_cylinder_0.5_0.5_0,outer,2,SA,0.001,0,Double,Yes_Kink,7536,999365
result_SELECT_10_Heisenberg2D_cylinder_0.5_0.5_0,outer,2,SA,0.001,0,Proj.,No_MSF,6660,816976
result_SELECT_10_Heisenberg2D_cylinder_0.5_0.5_0,outer,2,SA,0.001,0,Proj.,No_Top,6660,812520
result_SELECT_10_Heisenberg2D_cylinder_0.5_0.5_0,outer,2,SA,0.001,0,Proj.,No_MP,6660,2268069
result_SELECT_10_Heisenberg2D_cylinder_0.5_0.5_0,outer,2,SA,0.001,0,Proj.,No_Kink,6660,2851469
result_SELECT_10_Heisenberg2D_cylinder_0.5_0.5_0,outer,2,SA,0.001,0,Proj.,Yes_Kink,6661,2788186
result_SELECT_10_Heisenberg2D_cylinder_0.5_0.5_1,outer,2,SA,0.1,2,Single,No_MSF,4079,600816
result_SELECT_10_Heisenberg2D_cylinder_0.5_0.5_1,outer,2,SA,0.1,2,Single,No_Top,4080,596480
result_SELECT_10_Heisenberg2D_cylinder_0.5_0.5_1,outer,2,SA,0.1,2,Single,No_MP,4079,637300
result_SELECT_10_Heisenberg2D_cylinder_0.5_0.5_1,outer,2,SA,0.1,2,Single,No_Kink,4080,667482
result_SELECT_10_Heisenberg2D_cylinder_0.5_0.5_1,outer,2,SA,0.1,2,Single,Yes_Kink,4080,679228
result_SELECT_10_Heisenberg2D_cylinder_0.5_0.5_1,outer,2,SA,0.1,2,Double,No_MSF,3792,559488
result_SELECT_10_Heisenberg2D_cylinder_0.5_0.5_1,outer,2,SA,0.1,2,Double,No_Top,3793,555152
result_SELECT_10_Heisenberg2D_cylinder_0.5_0.5_1,outer,2,SA,0.1,2,Double,No_MP,3792,603945
result_SELECT_10_Heisenberg2D_cylinder_0.5_0.5_1,outer,2,SA,0.1,2,Double,No_Kink,3793,639813
result_SELECT_10_Heisenberg2D_cylinder_0.5_0.5_1,outer,2,SA,0.1,2,Double,Yes_Kink,3794,636113
result_SELECT_10_Heisenberg2D_cylinder_0.5_0.5_1,outer,2,SA,0.1,2,Proj.,No_MSF,3333,493392
result_SELECT_10_Heisenberg2D_cylinder_0.5_0.5_1,outer,2,SA,0.1,2,Proj.,No_Top,3333,488912
result_SELECT_10_Heisenberg2D_cylinder_0.5_0.5_1,outer,2,SA,0.1,2,Proj.,No_MP,3334,1446931
result_SELECT_10_Heisenberg2D_cylinder_0.5_0.5_1,outer,2,SA,0.1,2,Proj.,No_Kink,3337,1820899
result_SELECT_10_Heisenberg2D_cylinder_0.5_0.5_1,outer,2,SA,0.1,2,Proj.,Yes_Kink,3339,1770701
result_SELECT_10_Heisenberg2D_cylinder_0.5_0.5_5,outer,1,naive,0.0,0,Single,No_MSF,327,246016
result_SELECT_10_Heisenberg2D_cylinder_0.5_0.5_5,outer,1,naive,0.0,0,Single,No_Top,327,240672
result_SELECT_10_Heisenberg2D_cylinder_0.5_0.5_5,outer,1,naive,0.0,0,Single,No_MP,566,758114
result_SELECT_10_Heisenberg2D_cylinder_0.5_0.5_5,outer,1,naive,0.0,0,Single,No_Kink,778,989280
result_SELECT_10_Heisenberg2D_cylinder_0.5_0.5_5,outer,1,naive,0.0,0,Double,No_MSF,290,218784
result_SELECT_10_Heisenberg2D_cylinder_0.5_0.5_5,outer,1,naive,0.0,0,Double,No_Top,290,213440
result_SELECT_10_Heisenberg2D_cylinder_0.5_0.5_5,outer,1,naive,0.0,0,Double,No_MP,443,674962
result_SELECT_10_Heisenberg2D_cylinder_0.5_0.5_5,outer,1,naive,0.0,0,Double,No_Kink,586,874777
result_SELECT_10_Heisenberg2D_cylinder_0.5_0.5_5,outer,1,naive,0.0,0,Double,Yes_Kink,591,876530
result_SELECT_10_Heisenberg2D_cylinder_0.5_0.5_5,outer,1,naive,0.0,0,Proj.,No_MSF,213,162112
result_SELECT_10_Heisenberg2D_cylinder_0.5_0.5_5,outer,1,naive,0.0,0,Proj.,No_Top,213,156768
result_SELECT_10_Heisenberg2D_cylinder_0.5_0.5_5,outer,1,naive,0.0,0,Proj.,No_MP,285,757647
result_SELECT_10_Heisenberg2D_cylinder_0.5_0.5_5,outer,1,naive,0.0,0,Proj.,No_Kink,369,1011094
result_SELECT_10_Heisenberg2D_cylinder_0.5_0.5_5,outer,1,naive,0.0,0,Proj.,Yes_Kink,381,1037773
result_SELECT_10_Heisenberg2D_cylinder_0.5_0.5_4,outer,2,random,0.0,2,Single,No_MSF,571,261360
result_SELECT_10_Heisenberg2D_cylinder_0.5_0.5_4,outer,2,random,0.0,2,Single,No_Top,571,256464
result_SELECT_10_Heisenberg2D_cylinder_0.5_0.5_4,outer,2,random,0.0,2,Single,No_MP,575,461644
result_SELECT_10_Heisenberg2D_cylinder_0.5_0.5_4,outer,2,random,0.0,2,Single,No_Kink,577,509918
result_SELECT_10_Heisenberg2D_cylinder_0.5_0.5_4,outer,2,random,0.0,2,Single,Yes_Kink,580,520802
result_SELECT_10_Heisenberg2D_cylinder_0.5_0.5_4,outer,2,random,0.0,2,Double,No_MSF,522,240192
result_SELECT_10_Heisenberg2D_cylinder_0.5_0.5_4,outer,2,random,0.0,2,Double,No_Top,522,235296
result_SELECT_10_Heisenberg2D_cylinder_0.5_0.5_4,outer,2,random,0.0,2,Double,No_MP,526,440479
result_SELECT_10_Heisenberg2D_cylinder_0.5_0.5_4,outer,2,random,0.0,2,Double,No_Kink,528,494213
result_SELECT_10_Heisenberg2D_cylinder_0.5_0.5_4,outer,2,random,0.0,2,Double,Yes_Kink,544,497801
result_SELECT_10_Heisenberg2D_cylinder_0.5_0.5_4,outer,2,random,0.0,2,Proj.,No_MSF,420,196128
result_SELECT_10_Heisenberg2D_cylinder_0.5_0.5_4,outer,2,random,0.0,2,Proj.,No_Top,420,191232
result_SELECT_10_Heisenberg2D_cylinder_0.5_0.5_4,outer,2,random,0.0,2,Proj.,No_MP,443,772597
result_SELECT_10_Heisenberg2D_cylinder_0.5_0.5_4,outer,2,random,0.0,2,Proj.,No_Kink,445,808977
result_SELECT_10_Heisenberg2D_cylinder_0.5_0.5_4,outer,2,random,0.0,2,Proj.,Yes_Kink,448,807549
result_SELECT_10_Heisenberg2D_cylinder_0.5_0.5_0,inner,1,SA,0.1,2,Single,No_MSF,8099,1001446
result_SELECT_10_Heisenberg2D_cylinder_0.5_0.5_0,inner,1,SA,0.1,2,Single,No_Top,8101,997234
result_SELECT_10_Heisenberg2D_cylinder_0.5_0.5_0,inner,1,SA,0.1,2,Single,No_MP,8099,1041782
result_SELECT_10_Heisenberg2D_cylinder_0.5_0.5_0,inner,1,SA,0.1,2,Single,No_Kink,8101,1072396
result_SELECT_10_Heisenberg2D_cylinder_0.5_0.5_0,inner,1,SA,0.1,2,Double,No_MSF,7536,932760
result_SELECT_10_Heisenberg2D_cylinder_0.5_0.5_0,inner,1,SA,0.1,2,Double,No_Top,7537,928426
result_SELECT_10_Heisenberg2D_cylinder_0.5_0.5_0,inner,1,SA,0.1,2,Double,No_MP,7536,982257
result_SELECT_10_Heisenberg2D_cylinder_0.5_0.5_0,inner,1,SA,0.1,2,Double,No_Kink,7537,1019751
result_SELECT_10_Heisenberg2D_cylinder_0.5_0.5_0,inner,1,SA,0.1,2,Double,Yes_Kink,7537,1021818
result_SELECT_10_Heisenberg2D_cylinder_0.5_0.5_0,inner,1,SA,0.1,2,Proj.,No_MSF,6660,825888
result_SELECT_10_Heisenberg2D_cylinder_0.5_0.5_0,inner,1,SA,0.1,2,Proj.,No_Top,6660,821432
result_SELECT_10_Heisenberg2D_cylinder_0.5_0.5_0,inner,1,SA,0.1,2,Proj.,No_MP,6661,2599658
result_SELECT_10_Heisenberg2D_cylinder_0.5_0.5_0,inner,1,SA,0.1,2,Proj.,No_Kink,6664,2835923
result_SELECT_10_Heisenberg2D_cylinder_0.5_0.5_0,inner,1,SA,0.1,2,Proj.,Yes_Kink,6669,2797041
result_SELECT_10_Heisenberg2D_cylinder_0.5_0.5_3,inner,2,SA,1.0,2,Single,No_MSF,1069,304784
result_SELECT_10_Heisenberg2D_cylinder_0.5_0.5_3,inner,2,SA,1.0,2,Single,No_Top,1069,300112
result_SELECT_10_Heisenberg2D_cylinder_0.5_0.5_3,inner,2,SA,1.0,2,Single,No_MP,1069,340804
result_SELECT_10_Heisenberg2D_cylinder_0.5_0.5_3,inner,2,SA,1.0,2,Single,No_Kink,1070,351410
result_SELECT_10_Heisenberg2D_cylinder_0.5_0.5_3,inner,2,SA,1.0,2,Single,Yes_Kink,1069,363821
result_SELECT_10_Heisenberg2D_cylinder_0.5_0.5_3,inner,2,SA,1.0,2,Double,No_MSF,987,282480
result_SELECT_10_Heisenberg2D_cylinder_0.5_0.5_3,inner,2,SA,1.0,2,Double,No_Top,987,277808
result_SELECT_10_Heisenberg2D_cylinder_0.5_0.5_3,inner,2,SA,1.0,2,Double,No_MP,990,328380
result_SELECT_10_Heisenberg2D_cylinder_0.5_0.5_3,inner,2,SA,1.0,2,Double,No_Kink,990,345560
result_SELECT_10_Heisenberg2D_cylinder_0.5_0.5_3,inner,2,SA,1.0,2,Double,Yes_Kink,1022,350924
result_SELECT_10_Heisenberg2D_cylinder_0.5_0.5_3,inner,2,SA,1.0,2,Proj.,No_MSF,837,241680
result_SELECT_10_Heisenberg2D_cylinder_0.5_0.5_3,inner,2,SA,1.0,2,Proj.,No_Top,837,237008
result_SELECT_10_Heisenberg2D_cylinder_0.5_0.5_3,inner,2,SA,1.0,2,Proj.,No_MP,838,788396
result_SELECT_10_Heisenberg2D_cylinder_0.5_0.5_3,inner,2,SA,1.0,2,Proj.,No_Kink,877,925372
result_SELECT_10_Heisenberg2D_cylinder_0.5_0.5_3,inner,2,SA,1.0,2,Proj.,Yes_Kink,914,956261
result_SELECT_10_Heisenberg2D_cylinder_0.5_0.5_6,inner,1,naive,0.0,2,Single,No_MSF,211,295168
result_SELECT_10_Heisenberg2D_cylinder_0.5_0.5_6,inner,1,naive,0.0,2,Single,No_Top,211,289056
result_SELECT_10_Heisenberg2D_cylinder_0.5_0.5_6,inner,1,naive,0.0,2,Single,No_MP,748,1608066
result_SELECT_10_Heisenberg2D_cylinder_0.5_0.5_6,inner,1,naive,0.0,2,Single,No_Kink,860,1896006
result_SELECT_10_Heisenberg2D_cylinder_0.5_0.5_6,inner,1,naive,0.0,2,Double,No_MSF,177,250560
result_SELECT_10_Heisenberg2D_cylinder_0.5_0.5_6,inner,1,naive,0.0,2,Double,No_Top,177,244448
result_SELECT_10_Heisenberg2D_cylinder_0.5_0.5_6,inner,1,naive,0.0,2,Double,No_MP,537,1355211
result_SELECT_10_Heisenberg2D_cylinder_0.5_0.5_6,inner,1,naive,0.0,2,Double,No_Kink,626,1619388
result_SELECT_10_Heisenberg2D_cylinder_0.5_0.5_6,inner,1,naive,0.0,2,Double,Yes_Kink,637,1638846
result_SELECT_10_Heisenberg2D_cylinder_0.5_0.5_6,inner,1,naive,0.0,2,Proj.,No_MSF,108,160032
result_SELECT_10_Heisenberg2D_cylinder_0.5_0.5_6,inner,1,naive,0.0,2,Proj.,No_Top,123,173600
result_SELECT_10_Heisenberg2D_cylinder_0.5_0.5_6,inner,1,naive,0.0,2,Proj.,No_MP,283,1336082
result_SELECT_10_Heisenberg2D_cylinder_0.5_0.5_6,inner,1,naive,0.0,2,Proj.,No_Kink,376,1777030
result_SELECT_10_Heisenberg2D_cylinder_0.5_0.5_6,inner,1,naive,0.0,2,Proj.,Yes_Kink,386,1816147
result_SELECT_10_Heisenberg2D_cylinder_0.5_0.5_5,outer,2,random,0.0,0,Single,No_MSF,327,246016
result_SELECT_10_Heisenberg2D_cylinder_0.5_0.5_5,outer,2,random,0.0,0,Single,No_Top,327,240672
result_SELECT_10_Heisenberg2D_cylinder_0.5_0.5_5,outer,2,random,0.0,0,Single,No_MP,333,539804
result_SELECT_10_Heisenberg2D_cylinder_0.5_0.5_5,outer,2,random,0.0,0,Single,No_Kink,344,610039
result_SELECT_10_Heisenberg2D_cylinder_0.5_0.5_5,outer,2,random,0.0,0,Single,Yes_Kink,349,624813
result_SELECT_10_Heisenberg2D_cylinder_0.5_0.5_5,outer,2,random,0.0,0,Double,No_MSF,290,218784
result_SELECT_10_Heisenberg2D_cylinder_0.5_0.5_5,outer,2,random,0.0,0,Double,No_Top,290,213440
result_SELECT_10_Heisenberg2D_cylinder_0.5_0.5_5,outer,2,random,0.0,0,Double,No_MP,296,516055
result_SELECT_10_Heisenberg2D_cylinder_0.5_0.5_5,outer,2,random,0.0,0,Double,No_Kink,301,594355
result_SELECT_10_Heisenberg2D_cylinder_0.5_0.5_5,outer,2,random,0.0,0,Double,Yes_Kink,309,596556
result_SELECT_10_Heisenberg2D_cylinder_0.5_0.5_5,outer,2,random,0.0,0,Proj.,No_MSF,213,162112
result_SELECT_10_Heisenberg2D_cylinder_0.5_0.5_5,outer,2,random,0.0,0,Proj.,No_Top,213,156768
result_SELECT_10_Heisenberg2D_cylinder_0.5_0.5_5,outer,2,random,0.0,0,Proj.,No_MP,240,705095
result_SELECT_10_Heisenberg2D_cylinder_0.5_0.5_5,outer,2,random,0.0,0,Proj.,No_Kink,251,758938
result_SELECT_10_Heisenberg2D_cylinder_0.5_0.5_5,outer,2,random,0.0,0,Proj.,Yes_Kink,253,767377
result_SELECT_10_Heisenberg2D_cylinder_0.5_0.5_4,outer,2,SA,0.001,0,Single,No_MSF,571,251568
result_SELECT_10_Heisenberg2D_cylinder_0.5_0.5_4,outer,2,SA,0.001,0,Single,No_Top,571,246672
result_SELECT_10_Heisenberg2D_cylinder_0.5_0.5_4,outer,2,SA,0.001,0,Single,No_MP,571,294761
result_SELECT_10_Heisenberg2D_cylinder_0.5_0.5_4,outer,2,SA,0.001,0,Single,No_Kink,571,337656
result_SELECT_10_Heisenberg2D_cylinder_0.5_0.5_4,outer,2,SA,0.001,0,Single,Yes_Kink,571,350151
result_SELECT_10_Heisenberg2D_cylinder_0.5_0.5_4,outer,2,SA,0.001,0,Double,No_MSF,522,230400
result_SELECT_10_Heisenberg2D_cylinder_0.5_0.5_4,outer,2,SA,0.001,0,Double,No_Top,522,225504
result_SELECT_10_Heisenberg2D_cylinder_0.5_0.5_4,outer,2,SA,0.001,0,Double,No_MP,522,282532
result_SELECT_10_Heisenberg2D_cylinder_0.5_0.5_4,outer,2,SA,0.001,0,Double,No_Kink,523,331092
result_SELECT_10_Heisenberg2D_cylinder_0.5_0.5_4,outer,2,SA,0.001,0,Double,Yes_Kink,544,336296
result_SELECT_10_Heisenberg2D_cylinder_0.5_0.5_4,outer,2,SA,0.001,0,Proj.,No_MSF,420,186336
result_SELECT_10_Heisenberg2D_cylinder_0.5_0.5_4,outer,2,SA,0.001,0,Proj.,No_Top,420,181440
result_SELECT_10_Heisenberg2D_cylinder_0.5_0.5_4,outer,2,SA,0.001,0,Proj.,No_MP,431,697107
result_SELECT_10_Heisenberg2D_cylinder_0.5_0.5_4,outer,2,SA,0.001,0,Proj.,No_Kink,438,782632
result_SELECT_10_Heisenberg2D_cylinder_0.5_0.5_4,outer,2,SA,0.001,0,Proj.,Yes_Kink,441,783287
result_trotter_10_Heisenberg2D_cylinder_0.5_0.5_det,inner,1,SA,0.1,1,Single,No_MSF,756,126600
result_trotter_10_Heisenberg2D_cylinder_0.5_0.5_det,inner,1,SA,0.1,1,Single,No_Top,1173,142800
result_trotter_10_Heisenberg2D_cylinder_0.5_0.5_det,inner,1,SA,0.1,1,Single,No_MP,760,139396
result_trotter_10_Heisenberg2D_cylinder_0.5_0.5_det,inner,1,SA,0.1,1,Single,No_Kink,1288,361510
result_trotter_10_Heisenberg2D_cylinder_0.5_0.5_det,inner,1,SA,0.1,1,Double,No_MSF,749,125900
result_trotter_10_Heisenberg2D_cylinder_0.5_0.5_det,inner,1,SA,0.1,1,Double,No_Top,1160,141500
result_trotter_10_Heisenberg2D_cylinder_0.5_0.5_det,inner,1,SA,0.1,1,Double,No_MP,749,139857
result_trotter_10_Heisenberg2D_cylinder_0.5_0.5_det,inner,1,SA,0.1,1,Double,No_Kink,1322,435856
result_trotter_10_Heisenberg2D_cylinder_0.5_0.5_det,inner,1,SA,0.1,1,Double,Yes_Kink,1354,434331
result_trotter_10_Heisenberg2D_cylinder_0.5_0.5_det,inner,1,SA,0.1,1,Proj.,No_MSF,390,90000
result_trotter_10_Heisenberg2D_cylinder_0.5_0.5_det,inner,1,SA,0.1,1,Proj.,No_Top,1160,141500
result_trotter_10_Heisenberg2D_cylinder_0.5_0.5_det,inner,1,SA,0.1,1,Proj.,No_MP,563,243272
result_trotter_10_Heisenberg2D_cylinder_0.5_0.5_det,inner,1,SA,0.1,1,Proj.,No_Kink,1490,599019
result_trotter_10_Heisenberg2D_cylinder_0.5_0.5_det,inner,1,SA,0.1,1,Proj.,Yes_Kink,1505,600287
result_SELECT_10_Heisenberg2D_cylinder_0.5_0.5_6,outer,2,SA,1.0,8,Single,No_MSF,211,331840
result_SELECT_10_Heisenberg2D_cylinder_0.5_0.5_6,outer,2,SA,1.0,8,Single,No_Top,383,551392
result_SELECT_10_Heisenberg2D_cylinder_0.5_0.5_6,outer,2,SA,1.0,8,Single,No_MP,211,438718
result_SELECT_10_Heisenberg2D_cylinder_0.5_0.5_6,outer,2,SA,1.0,8,Single,No_Kink,382,818748
result_SELECT_10_Heisenberg2D_cylinder_0.5_0.5_6,outer,2,SA,1.0,8,Single,Yes_Kink,383,833757
result_SELECT_10_Heisenberg2D_cylinder_0.5_0.5_6,outer,2,SA,1.0,8,Double,No_MSF,177,287232
result_SELECT_10_Heisenberg2D_cylinder_0.5_0.5_6,outer,2,SA,1.0,8,Double,No_Top,374,539584
result_SELECT_10_Heisenberg2D_cylinder_0.5_0.5_6,outer,2,SA,1.0,8,Double,No_MP,179,405547
result_SELECT_10_Heisenberg2D_cylinder_0.5_0.5_6,outer,2,SA,1.0,8,Double,No_Kink,374,825048
result_SELECT_10_Heisenberg2D_cylinder_0.5_0.5_6,outer,2,SA,1.0,8,Double,Yes_Kink,377,824169
result_SELECT_10_Heisenberg2D_cylinder_0.5_0.5_6,outer,2,SA,1.0,8,Proj.,No_MSF,108,196704
result_SELECT_10_Heisenberg2D_cylinder_0.5_0.5_6,outer,2,SA,1.0,8,Proj.,No_Top,369,533024
result_SELECT_10_Heisenberg2D_cylinder_0.5_0.5_6,outer,2,SA,1.0,8,Proj.,No_MP,129,580871
result_SELECT_10_Heisenberg2D_cylinder_0.5_0.5_6,outer,2,SA,1.0,8,Proj.,No_Kink,378,1511126
result_SELECT_10_Heisenberg2D_cylinder_0.5_0.5_6,outer,2,SA,1.0,8,Proj.,Yes_Kink,378,1505613
result_SELECT_10_Heisenberg2D_cylinder_0.5_0.5_6,outer,1,SA,1.0,6,Single,No_MSF,211,319616
result_SELECT_10_Heisenberg2D_cylinder_0.5_0.5_6,outer,1,SA,1.0,6,Single,No_Top,307,439456
result_SELECT_10_Heisenberg2D_cylinder_0.5_0.5_6,outer,1,SA,1.0,6,Single,No_MP,224,504124
result_SELECT_10_Heisenberg2D_cylinder_0.5_0.5_6,outer,1,SA,1.0,6,Single,No_Kink,339,834382
result_SELECT_10_Heisenberg2D_cylinder_0.5_0.5_6,outer,1,SA,1.0,6,Double,No_MSF,177,275008
result_SELECT_10_Heisenberg2D_cylinder_0.5_0.5_6,outer,1,SA,1.0,6,Double,No_Top,295,423712
result_SELECT_10_Heisenberg2D_cylinder_0.5_0.5_6,outer,1,SA,1.0,6,Double,No_MP,185,456577
result_SELECT_10_Heisenberg2D_cylinder_0.5_0.5_6,outer,1,SA,1.0,6,Double,No_Kink,301,875006
result_SELECT_10_Heisenberg2D_cylinder_0.5_0.5_6,outer,1,SA,1.0,6,Double,Yes_Kink,308,889314
result_SELECT_10_Heisenberg2D_cylinder_0.5_0.5_6,outer,1,SA,1.0,6,Proj.,No_MSF,108,184480
result_SELECT_10_Heisenberg2D_cylinder_0.5_0.5_6,outer,1,SA,1.0,6,Proj.,No_Top,287,413216
result_SELECT_10_Heisenberg2D_cylinder_0.5_0.5_6,outer,1,SA,1.0,6,Proj.,No_MP,138,612662
result_SELECT_10_Heisenberg2D_cylinder_0.5_0.5_6,outer,1,SA,1.0,6,Proj.,No_Kink,298,1378524
result_SELECT_10_Heisenberg2D_cylinder_0.5_0.5_6,outer,1,SA,1.0,6,Proj.,Yes_Kink,308,1390331
result_SELECT_10_Heisenberg2D_cylinder_0.5_0.5_4,outer,2,naive,0.0,2,Single,No_MSF,571,261360
result_SELECT_10_Heisenberg2D_cylinder_0.5_0.5_4,outer,2,naive,0.0,2,Single,No_Top,571,256464
result_SELECT_10_Heisenberg2D_cylinder_0.5_0.5_4,outer,2,naive,0.0,2,Single,No_MP,760,526377
result_SELECT_10_Heisenberg2D_cylinder_0.5_0.5_4,outer,2,naive,0.0,2,Single,No_Kink,922,648095
result_SELECT_10_Heisenberg2D_cylinder_0.5_0.5_4,outer,2,naive,0.0,2,Single,Yes_Kink,888,649360
result_SELECT_10_Heisenberg2D_cylinder_0.5_0.5_4,outer,2,naive,0.0,2,Double,No_MSF,522,240192
result_SELECT_10_Heisenberg2D_cylinder_0.5_0.5_4,outer,2,naive,0.0,2,Double,No_Top,522,235296
result_SELECT_10_Heisenberg2D_cylinder_0.5_0.5_4,outer,2,naive,0.0,2,Double,No_MP,607,469912
result_SELECT_10_Heisenberg2D_cylinder_0.5_0.5_4,outer,2,naive,0.0,2,Double,No_Kink,785,608932
result_SELECT_10_Heisenberg2D_cylinder_0.5_0.5_4,outer,2,naive,0.0,2,Double,Yes_Kink,793,616073
result_SELECT_10_Heisenberg2D_cylinder_0.5_0.5_4,outer,2,naive,0.0,2,Proj.,No_MSF,420,196128
result_SELECT_10_Heisenberg2D_cylinder_0.5_0.5_4,outer,2,naive,0.0,2,Proj.,No_Top,420,191232
result_SELECT_10_Heisenberg2D_cylinder_0.5_0.5_4,outer,2,naive,0.0,2,Proj.,No_MP,450,797118
result_SELECT_10_Heisenberg2D_cylinder_0.5_0.5_4,outer,2,naive,0.0,2,Proj.,No_Kink,468,851892
result_SELECT_10_Heisenberg2D_cylinder_0.5_0.5_4,outer,2,naive,0.0,2,Proj.,Yes_Kink,489,880478
result_trotter_10_Heisenberg2D_cylinder_0.5_0.5_rand,outer,1,SA,1.0,0,Single,No_MSF,744,99900
result_trotter_10_Heisenberg2D_cylinder_0.5_0.5_rand,outer,1,SA,1.0,0,Single,No_Top,744,74400
result_trotter_10_Heisenberg2D_cylinder_0.5_0.5_rand,outer,1,SA,1.0,0,Single,No_MP,744,113294
result_trotter_10_Heisenberg2D_cylinder_0.5_0.5_rand,outer,1,SA,1.0,0,Single,No_Kink,876,243576
result_trotter_10_Heisenberg2D_cylinder_0.5_0.5_rand,outer,1,SA,1.0,0,Double,No_MSF,721,97600
result_trotter_10_Heisenberg2D_cylinder_0.5_0.5_rand,outer,1,SA,1.0,0,Double,No_Top,721,72100
result_trotter_10_Heisenberg2D_cylinder_0.5_0.5_rand,outer,1,SA,1.0,0,Double,No_MP,721,112148
result_trotter_10_Heisenberg2D_cylinder_0.5_0.5_rand,outer,1,SA,1.0,0,Double,No_Kink,1112,374287
result_trotter_10_Heisenberg2D_cylinder_0.5_0.5_rand,outer,1,SA,1.0,0,Double,Yes_Kink,1137,363127
result_trotter_10_Heisenberg2D_cylinder_0.5_0.5_rand,outer,1,SA,1.0,0,Proj.,No_MSF,390,64500
result_trotter_10_Heisenberg2D_cylinder_0.5_0.5_rand,outer,1,SA,1.0,0,Proj.,No_Top,580,58000
result_trotter_10_Heisenberg2D_cylinder_0.5_0.5_rand,outer,1,SA,1.0,0,Proj.,No_MP,506,204478
result_trotter_10_Heisenberg2D_cylinder_0.5_0.5_rand,outer,1,SA,1.0,0,Proj.,No_Kink,869,340515
result_trotter_10_Heisenberg2D_cylinder_0.5_0.5_rand,outer,1,SA,1.0,0,Proj.,Yes_Kink,994,387366
result_trotter_10_Heisenberg2D_cylinder_0.5_0.5_rand,inner,2,random,0.0,1,Single,No_MSF,744,125400
result_trotter_10_Heisenberg2D_cylinder_0.5_0.5_rand,inner,2,random,0.0,1,Single,No_Top,1164,141900
result_trotter_10_Heisenberg2D_cylinder_0.5_0.5_rand,inner,2,random,0.0,1,Single,No_MP,747,159436
result_trotter_10_Heisenberg2D_cylinder_0.5_0.5_rand,inner,2,random,0.0,1,Single,No_Kink,1184,332457
result_trotter_10_Heisenberg2D_cylinder_0.5_0.5_rand,inner,2,random,0.0,1,Single,Yes_Kink,1190,331134
result_trotter_10_Heisenberg2D_cylinder_0.5_0.5_rand,inner,2,random,0.0,1,Double,No_MSF,721,123100
result_trotter_10_Heisenberg2D_cylinder_0.5_0.5_rand,inner,2,random,0.0,1,Double,No_Top,1160,141500
result_trotter_10_Heisenberg2D_cylinder_0.5_0.5_rand,inner,2,random,0.0,1,Double,No_MP,723,157905
result_trotter_10_Heisenberg2D_cylinder_0.5_0.5_rand,inner,2,random,0.0,1,Double,No_Kink,1165,354670
result_trotter_10_Heisenberg2D_cylinder_0.5_0.5_rand,inner,2,random,0.0,1,Double,Yes_Kink,1168,364421
result_trotter_10_Heisenberg2D_cylinder_0.5_0.5_rand,inner,2,random,0.0,1,Proj.,No_MSF,390,90000
result_trotter_10_Heisenberg2D_cylinder_0.5_0.5_rand,inner,2,random,0.0,1,Proj.,No_Top,1160,141500
result_trotter_10_Heisenberg2D_cylinder_0.5_0.5_rand,inner,2,random,0.0,1,Proj.,No_MP,501,297635
result_trotter_10_Heisenberg2D_cylinder_0.5_0.5_rand,inner,2,random,0.0,1,Proj.,No_Kink,1243,744914
result_trotter_10_Heisenberg2D_cylinder_0.5_0.5_rand,inner,2,random,0.0,1,Proj.,Yes_Kink,1292,749552
result_trotter_10_Heisenberg2D_cylinder_0.5_0.5_rand,inner,2,SA,0.1,0,Single,No_MSF,744,99900
result_trotter_10_Heisenberg2D_cylinder_0.5_0.5_rand,inner,2,SA,0.1,0,Single,No_Top,744,74400
result_trotter_10_Heisenberg2D_cylinder_0.5_0.5_rand,inner,2,SA,0.1,0,Single,No_MP,744,109688
result_trotter_10_Heisenberg2D_cylinder_0.5_0.5_rand,inner,2,SA,0.1,0,Single,No_Kink,749,175867
result_trotter_10_Heisenberg2D_cylinder_0.5_0.5_rand,inner,2,SA,0.1,0,Single,Yes_Kink,755,186593
result_trotter_10_Heisenberg2D_cylinder_0.5_0.5_rand,inner,2,SA,0.1,0,Double,No_MSF,721,97600
result_trotter_10_Heisenberg2D_cylinder_0.5_0.5_rand,inner,2,SA,0.1,0,Double,No_Top,721,72100
result_trotter_10_Heisenberg2D_cylinder_0.5_0.5_rand,inner,2,SA,0.1,0,Double,No_MP,721,109317
result_trotter_10_Heisenberg2D_cylinder_0.5_0.5_rand,inner,2,SA,0.1,0,Double,No_Kink,743,221179
result_trotter_10_Heisenberg2D_cylinder_0.5_0.5_rand,inner,2,SA,0.1,0,Double,Yes_Kink,765,220420
result_trotter_10_Heisenberg2D_cylinder_0.5_0.5_rand,inner,2,SA,0.1,0,Proj.,No_MSF,390,64500
result_trotter_10_Heisenberg2D_cylinder_0.5_0.5_rand,inner,2,SA,0.1,0,Proj.,No_Top,580,58000
result_trotter_10_Heisenberg2D_cylinder_0.5_0.5_rand,inner,2,SA,0.1,0,Proj.,No_MP,497,236079
result_trotter_10_Heisenberg2D_cylinder_0.5_0.5_rand,inner,2,SA,0.1,0,Proj.,No_Kink,725,411956
result_trotter_10_Heisenberg2D_cylinder_0.5_0.5_rand,inner,2,SA,0.1,0,Proj.,Yes_Kink,797,442543
result_trotter_10_Heisenberg2D_cylinder_0.5_0.5_det,inner,2,random,0.0,1,Single,No_MSF,756,126600
result_trotter_10_Heisenberg2D_cylinder_0.5_0.5_det,inner,2,random,0.0,1,Single,No_Top,1173,142800
result_trotter_10_Heisenberg2D_cylinder_0.5_0.5_det,inner,2,random,0.0,1,Single,No_MP,762,161640
result_trotter_10_Heisenberg2D_cylinder_0.5_0.5_det,inner,2,random,0.0,1,Single,No_Kink,1209,331057
result_trotter_10_Heisenberg2D_cylinder_0.5_0.5_det,inner,2,random,0.0,1,Single,Yes_Kink,1214,337014
result_trotter_10_Heisenberg2D_cylinder_0.5_0.5_det,inner,2,random,0.0,1,Double,No_MSF,749,125900
result_trotter_10_Heisenberg2D_cylinder_0.5_0.5_det,inner,2,random,0.0,1,Double,No_Top,1160,141500
result_trotter_10_Heisenberg2D_cylinder_0.5_0.5_det,inner,2,random,0.0,1,Double,No_MP,751,161431
result_trotter_10_Heisenberg2D_cylinder_0.5_0.5_det,inner,2,random,0.0,1,Double,No_Kink,1176,356315
result_trotter_10_Heisenberg2D_cylinder_0.5_0.5_det,inner,2,random,0.0,1,Double,Yes_Kink,1182,366370
result_trotter_10_Heisenberg2D_cylinder_0.5_0.5_det,inner,2,random,0.0,1,Proj.,No_MSF,390,90000
result_trotter_10_Heisenberg2D_cylinder_0.5_0.5_det,inner,2,random,0.0,1,Proj.,No_Top,1160,141500
result_trotter_10_Heisenberg2D_cylinder_0.5_0.5_det,inner,2,random,0.0,1,Proj.,No_MP,529,309480
result_trotter_10_Heisenberg2D_cylinder_0.5_0.5_det,inner,2,random,0.0,1,Proj.,No_Kink,1321,766971
result_trotter_10_Heisenberg2D_cylinder_0.5_0.5_det,inner,2,random,0.0,1,Proj.,Yes_Kink,1294,756116
result_SELECT_10_Heisenberg2D_cylinder_0.5_0.5_6,inner,1,SA,0.01,0,Single,No_MSF,211,282944
result_SELECT_10_Heisenberg2D_cylinder_0.5_0.5_6,inner,1,SA,0.01,0,Single,No_Top,211,276832
result_SELECT_10_Heisenberg2D_cylinder_0.5_0.5_6,inner,1,SA,0.01,0,Single,No_MP,213,429578
result_SELECT_10_Heisenberg2D_cylinder_0.5_0.5_6,inner,1,SA,0.01,0,Single,No_Kink,219,483876
result_SELECT_10_Heisenberg2D_cylinder_0.5_0.5_6,inner,1,SA,0.01,0,Double,No_MSF,177,238336
result_SELECT_10_Heisenberg2D_cylinder_0.5_0.5_6,inner,1,SA,0.01,0,Double,No_Top,177,232224
result_SELECT_10_Heisenberg2D_cylinder_0.5_0.5_6,inner,1,SA,0.01,0,Double,No_MP,181,387258
result_SELECT_10_Heisenberg2D_cylinder_0.5_0.5_6,inner,1,SA,0.01,0,Double,No_Kink,187,470469
result_SELECT_10_Heisenberg2D_cylinder_0.5_0.5_6,inner,1,SA,0.01,0,Double,Yes_Kink,193,487447
result_SELECT_10_Heisenberg2D_cylinder_0.5_0.5_6,inner,1,SA,0.01,0,Proj.,No_MSF,108,147808
result_SELECT_10_Heisenberg2D_cylinder_0.5_0.5_6,inner,1,SA,0.01,0,Proj.,No_Top,108,141696
result_SELECT_10_Heisenberg2D_cylinder_0.5_0.5_6,inner,1,SA,0.01,0,Proj.,No_MP,131,576161
result_SELECT_10_Heisenberg2D_cylinder_0.5_0.5_6,inner,1,SA,0.01,0,Proj.,No_Kink,143,644647
result_SELECT_10_Heisenberg2D_cylinder_0.5_0.5_6,inner,1,SA,0.01,0,Proj.,Yes_Kink,158,693835
result_SELECT_10_Heisenberg2D_cylinder_0.5_0.5_1,inner,1,SA,0.1,0,Single,No_MSF,4079,591856
result_SELECT_10_Heisenberg2D_cylinder_0.5_0.5_1,inner,1,SA,0.1,0,Single,No_Top,4079,587376
result_SELECT_10_Heisenberg2D_cylinder_0.5_0.5_1,inner,1,SA,0.1,0,Single,No_MP,4079,634156
result_SELECT_10_Heisenberg2D_cylinder_0.5_0.5_1,inner,1,SA,0.1,0,Single,No_Kink,4080,650328
result_SELECT_10_Heisenberg2D_cylinder_0.5_0.5_1,inner,1,SA,0.1,0,Double,No_MSF,3792,550528
result_SELECT_10_Heisenberg2D_cylinder_0.5_0.5_1,inner,1,SA,0.1,0,Double,No_Top,3792,546048
result_SELECT_10_Heisenberg2D_cylinder_0.5_0.5_1,inner,1,SA,0.1,0,Double,No_MP,3794,602001
result_SELECT_10_Heisenberg2D_cylinder_0.5_0.5_1,inner,1,SA,0.1,0,Double,No_Kink,3795,635022
result_SELECT_10_Heisenberg2D_cylinder_0.5_0.5_1,inner,1,SA,0.1,0,Double,Yes_Kink,3804,640597
result_SELECT_10_Heisenberg2D_cylinder_0.5_0.5_1,inner,1,SA,0.1,0,Proj.,No_MSF,3333,484432
result_SELECT_10_Heisenberg2D_cylinder_0.5_0.5_1,inner,1,SA,0.1,0,Proj.,No_Top,3333,479952
result_SELECT_10_Heisenberg2D_cylinder_0.5_0.5_1,inner,1,SA,0.1,0,Proj.,No_MP,3339,1528402
result_SELECT_10_Heisenberg2D_cylinder_0.5_0.5_1,inner,1,SA,0.1,0,Proj.,No_Kink,3347,1716470
result_SELECT_10_Heisenberg2D_cylinder_0.5_0.5_1,inner,1,SA,0.1,0,Proj.,Yes_Kink,3368,1705597
result_SELECT_10_Heisenberg2D_cylinder_0.5_0.5_6,inner,1,SA,0.001,2,Single,No_MSF,211,295168
result_SELECT_10_Heisenberg2D_cylinder_0.5_0.5_6,inner,1,SA,0.001,2,Single,No_Top,211,289056
result_SELECT_10_Heisenberg2D_cylinder_0.5_0.5_6,inner,1,SA,0.001,2,Single,No_MP,216,454164
result_SELECT_10_Heisenberg2D_cylinder_0.5_0.5_6,inner,1,SA,0.001,2,Single,No_Kink,249,623656
result_SELECT_10_Heisenberg2D_cylinder_0.5_0.5_6,inner,1,SA,0.001,2,Double,No_MSF,177,250560
result_SELECT_10_Heisenberg2D_cylinder_0.5_0.5_6,inner,1,SA,0.001,2,Double,No_Top,177,244448
result_SELECT_10_Heisenberg2D_cylinder_0.5_0.5_6,inner,1,SA,0.001,2,Double,No_MP,181,412292
result_SELECT_10_Heisenberg2D_cylinder_0.5_0.5_6,inner,1,SA,0.001,2,Double,No_Kink,200,607947
result_SELECT_10_Heisenberg2D_cylinder_0.5_0.5_6,inner,1,SA,0.001,2,Double,Yes_Kink,206,634212
result_SELECT_10_Heisenberg2D_cylinder_0.5_0.5_6,inner,1,SA,0.001,2,Proj.,No_MSF,108,160032
result_SELECT_10_Heisenberg2D_cylinder_0.5_0.5_6,inner,1,SA,0.001,2,Proj.,No_Top,123,173600
result_SELECT_10_Heisenberg2D_cylinder_0.5_0.5_6,inner,1,SA,0.001,2,Proj.,No_MP,134,598304
result_SELECT_10_Heisenberg2D_cylinder_0.5_0.5_6,inner,1,SA,0.001,2,Proj.,No_Kink,171,803243
result_SELECT_10_Heisenberg2D_cylinder_0.5_0.5_6,inner,1,SA,0.001,2,Proj.,Yes_Kink,185,849376
result_SELECT_10_Heisenberg2D_cylinder_0.5_0.5_6,outer,2,SA,0.01,2,Single,No_MSF,211,295168
result_SELECT_10_Heisenberg2D_cylinder_0.5_0.5_6,outer,2,SA,0.01,2,Single,No_Top,211,289056
result_SELECT_10_Heisenberg2D_cylinder_0.5_0.5_6,outer,2,SA,0.01,2,Single,No_MP,211,396224
result_SELECT_10_Heisenberg2D_cylinder_0.5_0.5_6,outer,2,SA,0.01,2,Single,No_Kink,211,506236
result_SELECT_10_Heisenberg2D_cylinder_0.5_0.5_6,outer,2,SA,0.01,2,Single,Yes_Kink,212,523602
result_SELECT_10_Heisenberg2D_cylinder_0.5_0.5_6,outer,2,SA,0.01,2,Double,No_MSF,177,250560
result_SELECT_10_Heisenberg2D_cylinder_0.5_0.5_6,outer,2,SA,0.01,2,Double,No_Top,177,244448
result_SELECT_10_Heisenberg2D_cylinder_0.5_0.5_6,outer,2,SA,0.01,2,Double,No_MP,179,363301
result_SELECT_10_Heisenberg2D_cylinder_0.5_0.5_6,outer,2,SA,0.01,2,Double,No_Kink,184,496596
result_SELECT_10_Heisenberg2D_cylinder_0.5_0.5_6,outer,2,SA,0.01,2,Double,Yes_Kink,192,510747
result_SELECT_10_Heisenberg2D_cylinder_0.5_0.5_6,outer,2,SA,0.01,2,Proj.,No_MSF,108,160032
result_SELECT_10_Heisenberg2D_cylinder_0.5_0.5_6,outer,2,SA,0.01,2,Proj.,No_Top,123,173600
result_SELECT_10_Heisenberg2D_cylinder_0.5_0.5_6,outer,2,SA,0.01,2,Proj.,No_MP,125,561189
result_SELECT_10_Heisenberg2D_cylinder_0.5_0.5_6,outer,2,SA,0.01,2,Proj.,No_Kink,142,700561
result_SELECT_10_Heisenberg2D_cylinder_0.5_0.5_6,outer,2,SA,0.01,2,Proj.,Yes_Kink,152,730587
result_trotter_10_Heisenberg2D_cylinder_0.5_0.5_det,inner,2,SA,0.001,0,Single,No_MSF,756,101100
result_trotter_10_Heisenberg2D_cylinder_0.5_0.5_det,inner,2,SA,0.001,0,Single,No_Top,756,75600
result_trotter_10_Heisenberg2D_cylinder_0.5_0.5_det,inner,2,SA,0.001,0,Single,No_MP,758,111052
result_trotter_10_Heisenberg2D_cylinder_0.5_0.5_det,inner,2,SA,0.001,0,Single,No_Kink,773,248981
result_trotter_10_Heisenberg2D_cylinder_0.5_0.5_det,inner,2,SA,0.001,0,Single,Yes_Kink,792,256048
result_trotter_10_Heisenberg2D_cylinder_0.5_0.5_det,inner,2,SA,0.001,0,Double,No_MSF,749,100400
result_trotter_10_Heisenberg2D_cylinder_0.5_0.5_det,inner,2,SA,0.001,0,Double,No_Top,749,74900
result_trotter_10_Heisenberg2D_cylinder_0.5_0.5_det,inner,2,SA,0.001,0,Double,No_MP,750,111971
result_trotter_10_Heisenberg2D_cylinder_0.5_0.5_det,inner,2,SA,0.001,0,Double,No_Kink,801,325469
result_trotter_10_Heisenberg2D_cylinder_0.5_0.5_det,inner,2,SA,0.001,0,Double,Yes_Kink,826,317403
result_trotter_10_Heisenberg2D_cylinder_0.5_0.5_det,inner,2,SA,0.001,0,Proj.,No_MSF,390,64500
result_trotter_10_Heisenberg2D_cylinder_0.5_0.5_det,inner,2,SA,0.001,0,Proj.,No_Top,580,58000
result_trotter_10_Heisenberg2D_cylinder_0.5_0.5_det,inner,2,SA,0.001,0,Proj.,No_MP,567,250943
result_trotter_10_Heisenberg2D_cylinder_0.5_0.5_det,inner,2,SA,0.001,0,Proj.,No_Kink,891,491837
result_trotter_10_Heisenberg2D_cylinder_0.5_0.5_det,inner,2,SA,0.001,0,Proj.,Yes_Kink,984,541004
result_SELECT_10_Heisenberg2D_cylinder_0.5_0.5_0,outer,1,SA,0.1,2,Single,No_MSF,8099,1001446
result_SELECT_10_Heisenberg2D_cylinder_0.5_0.5_0,outer,1,SA,0.1,2,Single,No_Top,8101,997234
result_SELECT_10_Heisenberg2D_cylinder_0.5_0.5_0,outer,1,SA,0.1,2,Single,No_MP,8099,1041510
result_SELECT_10_Heisenberg2D_cylinder_0.5_0.5_0,outer,1,SA,0.1,2,Single,No_Kink,8101,1080694
result_SELECT_10_Heisenberg2D_cylinder_0.5_0.5_0,outer,1,SA,0.1,2,Double,No_MSF,7536,932760
result_SELECT_10_Heisenberg2D_cylinder_0.5_0.5_0,outer,1,SA,0.1,2,Double,No_Top,7537,928426
result_SELECT_10_Heisenberg2D_cylinder_0.5_0.5_0,outer,1,SA,0.1,2,Double,No_MP,7536,982872
result_SELECT_10_Heisenberg2D_cylinder_0.5_0.5_0,outer,1,SA,0.1,2,Double,No_Kink,7537,1028080
result_SELECT_10_Heisenberg2D_cylinder_0.5_0.5_0,outer,1,SA,0.1,2,Double,Yes_Kink,7537,1026158
result_SELECT_10_Heisenberg2D_cylinder_0.5_0.5_0,outer,1,SA,0.1,2,Proj.,No_MSF,6660,825888
result_SELECT_10_Heisenberg2D_cylinder_0.5_0.5_0,outer,1,SA,0.1,2,Proj.,No_Top,6660,821432
result_SELECT_10_Heisenberg2D_cylinder_0.5_0.5_0,outer,1,SA,0.1,2,Proj.,No_MP,6660,2429033
result_SELECT_10_Heisenberg2D_cylinder_0.5_0.5_0,outer,1,SA,0.1,2,Proj.,No_Kink,6661,2781690
result_SELECT_10_Heisenberg2D_cylinder_0.5_0.5_0,outer,1,SA,0.1,2,Proj.,Yes_Kink,6664,2757388
result_SELECT_10_Heisenberg2D_cylinder_0.5_0.5_6,inner,2,SA,0.001,6,Single,No_MSF,211,319616
result_SELECT_10_Heisenberg2D_cylinder_0.5_0.5_6,inner,2,SA,0.001,6,Single,No_Top,307,439456
result_SELECT_10_Heisenberg2D_cylinder_0.5_0.5_6,inner,2,SA,0.001,6,Single,No_MP,211,421537
result_SELECT_10_Heisenberg2D_cylinder_0.5_0.5_6,inner,2,SA,0.001,6,Single,No_Kink,308,679753
result_SELECT_10_Heisenberg2D_cylinder_0.5_0.5_6,inner,2,SA,0.001,6,Single,Yes_Kink,307,693748
result_SELECT_10_Heisenberg2D_cylinder_0.5_0.5_6,inner,2,SA,0.001,6,Double,No_MSF,177,275008
result_SELECT_10_Heisenberg2D_cylinder_0.5_0.5_6,inner,2,SA,0.001,6,Double,No_Top,295,423712
result_SELECT_10_Heisenberg2D_cylinder_0.5_0.5_6,inner,2,SA,0.001,6,Double,No_MP,180,390235
result_SELECT_10_Heisenberg2D_cylinder_0.5_0.5_6,inner,2,SA,0.001,6,Double,No_Kink,296,673193
result_SELECT_10_Heisenberg2D_cylinder_0.5_0.5_6,inner,2,SA,0.001,6,Double,Yes_Kink,297,680640
result_SELECT_10_Heisenberg2D_cylinder_0.5_0.5_6,inner,2,SA,0.001,6,Proj.,No_MSF,108,184480
result_SELECT_10_Heisenberg2D_cylinder_0.5_0.5_6,inner,2,SA,0.001,6,Proj.,No_Top,287,413216
result_SELECT_10_Heisenberg2D_cylinder_0.5_0.5_6,inner,2,SA,0.001,6,Proj.,No_MP,126,607045
result_SELECT_10_Heisenberg2D_cylinder_0.5_0.5_6,inner,2,SA,0.001,6,Proj.,No_Kink,455,1694016
result_SELECT_10_Heisenberg2D_cylinder_0.5_0.5_6,inner,2,SA,0.001,6,Proj.,Yes_Kink,427,1634626
result_trotter_10_Heisenberg2D_cylinder_0.5_0.5_rand,inner,1,SA,0.1,2,Single,No_MSF,744,150900
result_trotter_10_Heisenberg2D_cylinder_0.5_0.5_rand,inner,1,SA,0.1,2,Single,No_Top,1742,225200
result_trotter_10_Heisenberg2D_cylinder_0.5_0.5_rand,inner,1,SA,0.1,2,Single,No_MP,744,162678
result_trotter_10_Heisenberg2D_cylinder_0.5_0.5_rand,inner,1,SA,0.1,2,Single,No_Kink,1783,464538
result_trotter_10_Heisenberg2D_cylinder_0.5_0.5_rand,inner,1,SA,0.1,2,Double,No_MSF,721,148600
result_trotter_10_Heisenberg2D_cylinder_0.5_0.5_rand,inner,1,SA,0.1,2,Double,No_Top,1740,225000
result_trotter_10_Heisenberg2D_cylinder_0.5_0.5_rand,inner,1,SA,0.1,2,Double,No_MP,721,161820
result_trotter_10_Heisenberg2D_cylinder_0.5_0.5_rand,inner,1,SA,0.1,2,Double,No_Kink,1772,544296
result_trotter_10_Heisenberg2D_cylinder_0.5_0.5_rand,inner,1,SA,0.1,2,Double,Yes_Kink,1790,531621
result_trotter_10_Heisenberg2D_cylinder_0.5_0.5_rand,inner,1,SA,0.1,2,Proj.,No_MSF,390,115500
result_trotter_10_Heisenberg2D_cylinder_0.5_0.5_rand,inner,1,SA,0.1,2,Proj.,No_Top,1740,225000
result_trotter_10_Heisenberg2D_cylinder_0.5_0.5_rand,inner,1,SA,0.1,2,Proj.,No_MP,514,260932
result_trotter_10_Heisenberg2D_cylinder_0.5_0.5_rand,inner,1,SA,0.1,2,Proj.,No_Kink,2398,955497
result_trotter_10_Heisenberg2D_cylinder_0.5_0.5_rand,inner,1,SA,0.1,2,Proj.,Yes_Kink,2407,940968
result_SELECT_10_Heisenberg2D_cylinder_0.5_0.5_2,outer,1,SA,1.0,2,Single,No_MSF,2072,403168
result_SELECT_10_Heisenberg2D_cylinder_0.5_0.5_2,outer,1,SA,1.0,2,Single,No_Top,2072,398624
result_SELECT_10_Heisenberg2D_cylinder_0.5_0.5_2,outer,1,SA,1.0,2,Single,No_MP,2072,444636
result_SELECT_10_Heisenberg2D_cylinder_0.5_0.5_2,outer,1,SA,1.0,2,Single,No_Kink,2072,462416
result_SELECT_10_Heisenberg2D_cylinder_0.5_0.5_2,outer,1,SA,1.0,2,Double,No_MSF,1921,374780
result_SELECT_10_Heisenberg2D_cylinder_0.5_0.5_2,outer,1,SA,1.0,2,Double,No_Top,1921,370236
result_SELECT_10_Heisenberg2D_cylinder_0.5_0.5_2,outer,1,SA,1.0,2,Double,No_MP,1921,424141
result_SELECT_10_Heisenberg2D_cylinder_0.5_0.5_2,outer,1,SA,1.0,2,Double,No_Kink,1922,448758
result_SELECT_10_Heisenberg2D_cylinder_0.5_0.5_2,outer,1,SA,1.0,2,Double,Yes_Kink,1925,448348
result_SELECT_10_Heisenberg2D_cylinder_0.5_0.5_2,outer,1,SA,1.0,2,Proj.,No_MSF,1668,327216
result_SELECT_10_Heisenberg2D_cylinder_0.5_0.5_2,outer,1,SA,1.0,2,Proj.,No_Top,1668,322672
result_SELECT_10_Heisenberg2D_cylinder_0.5_0.5_2,outer,1,SA,1.0,2,Proj.,No_MP,1669,1007481
result_SELECT_10_Heisenberg2D_cylinder_0.5_0.5_2,outer,1,SA,1.0,2,Proj.,No_Kink,1681,1151561
result_SELECT_10_Heisenberg2D_cylinder_0.5_0.5_2,outer,1,SA,1.0,2,Proj.,Yes_Kink,1706,1156787
result_trotter_10_Heisenberg2D_cylinder_0.5_0.5_det,inner,1,SA,1.0,2,Single,No_MSF,756,152100
result_trotter_10_Heisenberg2D_cylinder_0.5_0.5_det,inner,1,SA,1.0,2,Single,No_Top,1742,225200
result_trotter_10_Heisenberg2D_cylinder_0.5_0.5_det,inner,1,SA,1.0,2,Single,No_MP,762,165640
result_trotter_10_Heisenberg2D_cylinder_0.5_0.5_det,inner,1,SA,1.0,2,Single,No_Kink,1759,436050
result_trotter_10_Heisenberg2D_cylinder_0.5_0.5_det,inner,1,SA,1.0,2,Double,No_MSF,749,151400
result_trotter_10_Heisenberg2D_cylinder_0.5_0.5_det,inner,1,SA,1.0,2,Double,No_Top,1740,225000
result_trotter_10_Heisenberg2D_cylinder_0.5_0.5_det,inner,1,SA,1.0,2,Double,No_MP,751,166269
result_trotter_10_Heisenberg2D_cylinder_0.5_0.5_det,inner,1,SA,1.0,2,Double,No_Kink,1748,490862
result_trotter_10_Heisenberg2D_cylinder_0.5_0.5_det,inner,1,SA,1.0,2,Double,Yes_Kink,1754,508307
result_trotter_10_Heisenberg2D_cylinder_0.5_0.5_det,inner,1,SA,1.0,2,Proj.,No_MSF,390,115500
result_trotter_10_Heisenberg2D_cylinder_0.5_0.5_det,inner,1,SA,1.0,2,Proj.,No_Top,1740,225000
result_trotter_10_Heisenberg2D_cylinder_0.5_0.5_det,inner,1,SA,1.0,2,Proj.,No_MP,557,272755
result_trotter_10_Heisenberg2D_cylinder_0.5_0.5_det,inner,1,SA,1.0,2,Proj.,No_Kink,2018,821339
result_trotter_10_Heisenberg2D_cylinder_0.5_0.5_det,inner,1,SA,1.0,2,Proj.,Yes_Kink,2058,815370
result_trotter_10_Heisenberg2D_cylinder_0.5_0.5_det,inner,2,SA,0.01,2,Single,No_MSF,756,152100
result_trotter_10_Heisenberg2D_cylinder_0.5_0.5_det,inner,2,SA,0.01,2,Single,No_Top,1742,225200
result_trotter_10_Heisenberg2D_cylinder_0.5_0.5_det,inner,2,SA,0.01,2,Single,No_MP,757,162058
result_trotter_10_Heisenberg2D_cylinder_0.5_0.5_det,inner,2,SA,0.01,2,Single,No_Kink,1748,436754
result_trotter_10_Heisenberg2D_cylinder_0.5_0.5_det,inner,2,SA,0.01,2,Single,Yes_Kink,1753,451944
result_trotter_10_Heisenberg2D_cylinder_0.5_0.5_det,inner,2,SA,0.01,2,Double,No_MSF,749,151400
result_trotter_10_Heisenberg2D_cylinder_0.5_0.5_det,inner,2,SA,0.01,2,Double,No_Top,1740,225000
result_trotter_10_Heisenberg2D_cylinder_0.5_0.5_det,inner,2,SA,0.01,2,Double,No_MP,750,163272
result_trotter_10_Heisenberg2D_cylinder_0.5_0.5_det,inner,2,SA,0.01,2,Double,No_Kink,1742,430657
result_trotter_10_Heisenberg2D_cylinder_0.5_0.5_det,inner,2,SA,0.01,2,Double,Yes_Kink,1741,454244
result_trotter_10_Heisenberg2D_cylinder_0.5_0.5_det,inner,2,SA,0.01,2,Proj.,No_MSF,390,115500
result_trotter_10_Heisenberg2D_cylinder_0.5_0.5_det,inner,2,SA,0.01,2,Proj.,No_Top,1740,225000
result_trotter_10_Heisenberg2D_cylinder_0.5_0.5_det,inner,2,SA,0.01,2,Proj.,No_MP,538,308914
result_trotter_10_Heisenberg2D_cylinder_0.5_0.5_det,inner,2,SA,0.01,2,Proj.,No_Kink,1926,1130612
result_trotter_10_Heisenberg2D_cylinder_0.5_0.5_det,inner,2,SA,0.01,2,Proj.,Yes_Kink,1938,1127455
result_SELECT_100_random_local_OBC_0_0_6,outer,2,SA,0.1,2,Single,No_MSF,247,306944
result_SELECT_100_random_local_OBC_0_0_6,outer,2,SA,0.1,2,Single,No_Top,247,302112
result_SELECT_100_random_local_OBC_0_0_6,outer,2,SA,0.1,2,Single,No_MP,285,488382
result_SELECT_100_random_local_OBC_0_0_6,outer,2,SA,0.1,2,Single,No_Kink,316,610713
result_SELECT_100_random_local_OBC_0_0_6,outer,2,SA,0.1,2,Single,Yes_Kink,331,641233
result_SELECT_100_random_local_OBC_0_0_6,outer,2,SA,0.1,2,Double,No_MSF,192,241824
result_SELECT_100_random_local_OBC_0_0_6,outer,2,SA,0.1,2,Double,No_Top,193,238176
result_SELECT_100_random_local_OBC_0_0_6,outer,2,SA,0.1,2,Double,No_MP,253,464296
result_SELECT_100_random_local_OBC_0_0_6,outer,2,SA,0.1,2,Double,No_Kink,283,599968
result_SELECT_100_random_local_OBC_0_0_6,outer,2,SA,0.1,2,Double,Yes_Kink,292,615754
result_SELECT_100_random_local_OBC_0_0_6,outer,2,SA,0.1,2,Proj.,No_MSF,128,166048
result_SELECT_100_random_local_OBC_0_0_6,outer,2,SA,0.1,2,Proj.,No_Top,128,161216
result_SELECT_100_random_local_OBC_0_0_6,outer,2,SA,0.1,2,Proj.,No_MP,175,736071
result_SELECT_100_random_local_OBC_0_0_6,outer,2,SA,0.1,2,Proj.,No_Kink,213,947358
result_SELECT_100_random_local_OBC_0_0_6,outer,2,SA,0.1,2,Proj.,Yes_Kink,228,1002592
result_SELECT_100_random_local_OBC_0_0_6,inner,2,SA,0.1,2,Single,No_MSF,247,306944
result_SELECT_100_random_local_OBC_0_0_6,inner,2,SA,0.1,2,Single,No_Top,247,302112
result_SELECT_100_random_local_OBC_0_0_6,inner,2,SA,0.1,2,Single,No_MP,281,481582
result_SELECT_100_random_local_OBC_0_0_6,inner,2,SA,0.1,2,Single,No_Kink,299,565783
result_SELECT_100_random_local_OBC_0_0_6,inner,2,SA,0.1,2,Single,Yes_Kink,312,596859
result_SELECT_100_random_local_OBC_0_0_6,inner,2,SA,0.1,2,Double,No_MSF,192,241824
result_SELECT_100_random_local_OBC_0_0_6,inner,2,SA,0.1,2,Double,No_Top,193,238176
result_SELECT_100_random_local_OBC_0_0_6,inner,2,SA,0.1,2,Double,No_MP,250,459019
result_SELECT_100_random_local_OBC_0_0_6,inner,2,SA,0.1,2,Double,No_Kink,267,553590
result_SELECT_100_random_local_OBC_0_0_6,inner,2,SA,0.1,2,Double,Yes_Kink,277,567873
result_SELECT_100_random_local_OBC_0_0_6,inner,2,SA,0.1,2,Proj.,No_MSF,128,166048
result_SELECT_100_random_local_OBC_0_0_6,inner,2,SA,0.1,2,Proj.,No_Top,128,161216
result_SELECT_100_random_local_OBC_0_0_6,inner,2,SA,0.1,2,Proj.,No_MP,163,743474
result_SELECT_100_random_local_OBC_0_0_6,inner,2,SA,0.1,2,Proj.,No_Kink,201,911567
result_SELECT_100_random_local_OBC_0_0_6,inner,2,SA,0.1,2,Proj.,Yes_Kink,218,975473
result_SELECT_10_Heisenberg2D_cylinder_0.5_0.5_6,inner,2,naive,0.0,4,Single,No_MSF,211,307392
result_SELECT_10_Heisenberg2D_cylinder_0.5_0.5_6,inner,2,naive,0.0,4,Single,No_Top,233,330144
result_SELECT_10_Heisenberg2D_cylinder_0.5_0.5_6,inner,2,naive,0.0,4,Single,No_MP,315,790414
result_SELECT_10_Heisenberg2D_cylinder_0.5_0.5_6,inner,2,naive,0.0,4,Single,No_Kink,396,994222
result_SELECT_10_Heisenberg2D_cylinder_0.5_0.5_6,inner,2,naive,0.0,4,Single,Yes_Kink,384,990105
result_SELECT_10_Heisenberg2D_cylinder_0.5_0.5_6,inner,2,naive,0.0,4,Double,No_MSF,177,262784
result_SELECT_10_Heisenberg2D_cylinder_0.5_0.5_6,inner,2,naive,0.0,4,Double,No_Top,219,311776
result_SELECT_10_Heisenberg2D_cylinder_0.5_0.5_6,inner,2,naive,0.0,4,Double,No_MP,272,749009
result_SELECT_10_Heisenberg2D_cylinder_0.5_0.5_6,inner,2,naive,0.0,4,Double,No_Kink,350,960363
result_SELECT_10_Heisenberg2D_cylinder_0.5_0.5_6,inner,2,naive,0.0,4,Double,Yes_Kink,356,969495
result_SELECT_10_Heisenberg2D_cylinder_0.5_0.5_6,inner,2,naive,0.0,4,Proj.,No_MSF,108,172256
result_SELECT_10_Heisenberg2D_cylinder_0.5_0.5_6,inner,2,naive,0.0,4,Proj.,No_Top,205,293408
result_SELECT_10_Heisenberg2D_cylinder_0.5_0.5_6,inner,2,naive,0.0,4,Proj.,No_MP,178,903330
result_SELECT_10_Heisenberg2D_cylinder_0.5_0.5_6,inner,2,naive,0.0,4,Proj.,No_Kink,282,1420954
result_SELECT_10_Heisenberg2D_cylinder_0.5_0.5_6,inner,2,naive,0.0,4,Proj.,Yes_Kink,291,1462166
result_SELECT_10_Heisenberg2D_cylinder_0.5_0.5_6,inner,2,SA,0.01,4,Single,No_MSF,211,307392
result_SELECT_10_Heisenberg2D_cylinder_0.5_0.5_6,inner,2,SA,0.01,4,Single,No_Top,233,330144
result_SELECT_10_Heisenberg2D_cylinder_0.5_0.5_6,inner,2,SA,0.01,4,Single,No_MP,211,407450
result_SELECT_10_Heisenberg2D_cylinder_0.5_0.5_6,inner,2,SA,0.01,4,Single,No_Kink,235,562184
result_SELECT_10_Heisenberg2D_cylinder_0.5_0.5_6,inner,2,SA,0.01,4,Single,Yes_Kink,235,578810
result_SELECT_10_Heisenberg2D_cylinder_0.5_0.5_6,inner,2,SA,0.01,4,Double,No_MSF,177,262784
result_SELECT_10_Heisenberg2D_cylinder_0.5_0.5_6,inner,2,SA,0.01,4,Double,No_Top,219,311776
result_SELECT_10_Heisenberg2D_cylinder_0.5_0.5_6,inner,2,SA,0.01,4,Double,No_MP,178,374426
result_SELECT_10_Heisenberg2D_cylinder_0.5_0.5_6,inner,2,SA,0.01,4,Double,No_Kink,219,556325
result_SELECT_10_Heisenberg2D_cylinder_0.5_0.5_6,inner,2,SA,0.01,4,Double,Yes_Kink,223,562088
result_SELECT_10_Heisenberg2D_cylinder_0.5_0.5_6,inner,2,SA,0.01,4,Proj.,No_MSF,108,172256
result_SELECT_10_Heisenberg2D_cylinder_0.5_0.5_6,inner,2,SA,0.01,4,Proj.,No_Top,205,293408
result_SELECT_10_Heisenberg2D_cylinder_0.5_0.5_6,inner,2,SA,0.01,4,Proj.,No_MP,131,603937
result_SELECT_10_Heisenberg2D_cylinder_0.5_0.5_6,inner,2,SA,0.01,4,Proj.,No_Kink,250,1080728
result_SELECT_10_Heisenberg2D_cylinder_0.5_0.5_6,inner,2,SA,0.01,4,Proj.,Yes_Kink,254,1087733
result_SELECT_10_Heisenberg2D_cylinder_0.5_0.5_6,outer,2,naive,0.0,10,Single,No_MSF,211,344064
result_SELECT_10_Heisenberg2D_cylinder_0.5_0.5_6,outer,2,naive,0.0,10,Single,No_Top,463,668576
result_SELECT_10_Heisenberg2D_cylinder_0.5_0.5_6,outer,2,naive,0.0,10,Single,No_MP,352,912146
result_SELECT_10_Heisenberg2D_cylinder_0.5_0.5_6,outer,2,naive,0.0,10,Single,No_Kink,569,1427255
result_SELECT_10_Heisenberg2D_cylinder_0.5_0.5_6,outer,2,naive,0.0,10,Single,Yes_Kink,541,1420040
result_SELECT_10_Heisenberg2D_cylinder_0.5_0.5_6,outer,2,naive,0.0,10,Double,No_MSF,177,299456
result_SELECT_10_Heisenberg2D_cylinder_0.5_0.5_6,outer,2,naive,0.0,10,Double,No_Top,454,656768
result_SELECT_10_Heisenberg2D_cylinder_0.5_0.5_6,outer,2,naive,0.0,10,Double,No_MP,301,862577
result_SELECT_10_Heisenberg2D_cylinder_0.5_0.5_6,outer,2,naive,0.0,10,Double,No_Kink,510,1395985
result_SELECT_10_Heisenberg2D_cylinder_0.5_0.5_6,outer,2,naive,0.0,10,Double,Yes_Kink,511,1402541
result_SELECT_10_Heisenberg2D_cylinder_0.5_0.5_6,outer,2,naive,0.0,10,Proj.,No_MSF,108,208928
result_SELECT_10_Heisenberg2D_cylinder_0.5_0.5_6,outer,2,naive,0.0,10,Proj.,No_Top,451,652832
result_SELECT_10_Heisenberg2D_cylinder_0.5_0.5_6,outer,2,naive,0.0,10,Proj.,No_MP,199,1035108
result_SELECT_10_Heisenberg2D_cylinder_0.5_0.5_6,outer,2,naive,0.0,10,Proj.,No_Kink,3663,12395855
result_SELECT_10_Heisenberg2D_cylinder_0.5_0.5_6,outer,2,naive,0.0,10,Proj.,Yes_Kink,3542,11726615
