circuit,factory,layer count,allocator,msf coeff,routing_algo,routing_option,total code beat,circuit volume
result_trotter_10_Heisenberg2D_cylinder_0.5_0.5_det,inner,1,SA,0.001,Proj,No_MSF,246,4428
result_trotter_10_Heisenberg2D_cylinder_0.5_0.5_det,inner,1,SA,0.001,Double,No_MSF,315,18346
result_trotter_10_Heisenberg2D_cylinder_0.5_0.5_det,inner,1,SA,0.001,Proj,No_Top,570,54588
result_trotter_10_Heisenberg2D_cylinder_0.5_0.5_det,inner,1,SA,0.001,Double,No_Top,600,96941
result_trotter_10_Heisenberg2D_cylinder_0.5_0.5_det,inner,1,SA,0.001,Single,No_MSF,318,18630
result_trotter_10_Heisenberg2D_cylinder_0.5_0.5_det,inner,1,SA,0.001,Single,No_Top,607,97678
result_trotter_10_Heisenberg2D_cylinder_0.5_0.5_det,inner,1,SA,0.01,Double,No_MSF,315,18346
result_trotter_10_Heisenberg2D_cylinder_0.5_0.5_det,inner,1,SA,0.001,Single,No_Kink,782,242511
result_trotter_10_Heisenberg2D_cylinder_0.5_0.5_det,inner,1,SA,0.01,Double,No_Top,600,96941
result_trotter_10_Heisenberg2D_cylinder_0.5_0.5_det,inner,1,SA,0.001,Double,No_Kink,749,271277
result_trotter_10_Heisenberg2D_cylinder_0.5_0.5_det,inner,1,SA,0.001,Double,Yes_Kink,844,289742
result_trotter_10_Heisenberg2D_cylinder_0.5_0.5_det,inner,1,SA,0.01,Proj,No_MSF,246,4428
result_trotter_10_Heisenberg2D_cylinder_0.5_0.5_det,inner,1,SA,0.001,Proj,No_Kink,983,414330
result_trotter_10_Heisenberg2D_cylinder_0.5_0.5_det,inner,1,SA,0.001,Proj,Yes_Kink,1016,405658
result_trotter_10_Heisenberg2D_cylinder_0.5_0.5_det,inner,1,SA,0.01,Proj,No_Top,570,54588
result_trotter_10_Heisenberg2D_cylinder_0.5_0.5_det,inner,1,SA,0.01,Double,No_Kink,809,277044
result_trotter_10_Heisenberg2D_cylinder_0.5_0.5_det,inner,1,SA,0.01,Single,No_MSF,318,18630
result_trotter_10_Heisenberg2D_cylinder_0.5_0.5_det,inner,1,SA,0.01,Single,No_Top,607,97678
result_trotter_10_Heisenberg2D_cylinder_0.5_0.5_det,inner,1,SA,0.1,Double,No_MSF,315,18346
result_trotter_10_Heisenberg2D_cylinder_0.5_0.5_det,inner,1,SA,0.1,Double,No_Top,600,96941
result_trotter_10_Heisenberg2D_cylinder_0.5_0.5_det,inner,1,SA,0.01,Double,Yes_Kink,876,293487
result_trotter_10_Heisenberg2D_cylinder_0.5_0.5_det,inner,1,SA,0.1,Proj,No_MSF,246,4428
result_trotter_10_Heisenberg2D_cylinder_0.5_0.5_det,inner,1,SA,0.01,Single,No_Kink,851,246277
result_trotter_10_Heisenberg2D_cylinder_0.5_0.5_det,inner,1,SA,0.01,Proj,No_Kink,959,410899
result_trotter_10_Heisenberg2D_cylinder_0.5_0.5_det,inner,1,SA,0.1,Proj,No_Top,570,54588
result_trotter_10_Heisenberg2D_cylinder_0.5_0.5_det,inner,1,SA,0.1,Single,No_MSF,318,18630
result_trotter_10_Heisenberg2D_cylinder_0.5_0.5_det,inner,1,SA,0.1,Single,No_Top,607,97678
result_trotter_10_Heisenberg2D_cylinder_0.5_0.5_det,inner,1,SA,0.1,Double,Yes_Kink,751,264598
result_trotter_10_Heisenberg2D_cylinder_0.5_0.5_det,inner,1,SA,1,Double,No_MSF,315,18346
result_trotter_10_Heisenberg2D_cylinder_0.5_0.5_det,inner,1,SA,0.1,Double,No_Kink,672,246186
result_trotter_10_Heisenberg2D_cylinder_0.5_0.5_det,inner,1,SA,0.1,Single,No_Kink,683,214236
result_trotter_10_Heisenberg2D_cylinder_0.5_0.5_det,inner,1,SA,0.1,Proj,No_Kink,850,354565
result_trotter_10_Heisenberg2D_cylinder_0.5_0.5_det,inner,1,SA,1,Double,No_Top,600,96941
result_trotter_10_Heisenberg2D_cylinder_0.5_0.5_det,inner,1,SA,0.01,Proj,Yes_Kink,1014,410933
result_trotter_10_Heisenberg2D_cylinder_0.5_0.5_det,inner,1,SA,1,Proj,No_MSF,246,4428
result_trotter_10_Heisenberg2D_cylinder_0.5_0.5_det,inner,1,SA,0.1,Proj,Yes_Kink,874,343133
result_trotter_10_Heisenberg2D_cylinder_0.5_0.5_det,inner,1,SA,1,Proj,No_Top,570,54588
result_trotter_10_Heisenberg2D_cylinder_0.5_0.5_det,inner,1,SA,1,Double,No_Kink,621,223346
result_trotter_10_Heisenberg2D_cylinder_0.5_0.5_det,inner,1,SA,1,Single,No_MSF,318,18630
result_trotter_10_Heisenberg2D_cylinder_0.5_0.5_det,inner,1,SA,1,Double,Yes_Kink,640,227354
result_trotter_10_Heisenberg2D_cylinder_0.5_0.5_det,inner,1,SA,1,Single,No_Top,607,97678
result_trotter_10_Heisenberg2D_cylinder_0.5_0.5_det,inner,1,naive,0,Double,No_MSF,315,18346
result_trotter_10_Heisenberg2D_cylinder_0.5_0.5_det,inner,1,naive,0,Double,No_Top,600,96941
result_trotter_10_Heisenberg2D_cylinder_0.5_0.5_det,inner,1,naive,0,Proj,No_MSF,246,4428
result_trotter_10_Heisenberg2D_cylinder_0.5_0.5_det,inner,1,naive,0,Proj,No_Top,570,54588
result_trotter_10_Heisenberg2D_cylinder_0.5_0.5_det,inner,1,SA,1,Proj,Yes_Kink,664,265055
result_trotter_10_Heisenberg2D_cylinder_0.5_0.5_det,inner,1,SA,1,Single,No_Kink,638,196362
result_trotter_10_Heisenberg2D_cylinder_0.5_0.5_det,inner,1,naive,0,Single,No_MSF,318,18630
result_trotter_10_Heisenberg2D_cylinder_0.5_0.5_det,inner,1,SA,1,Proj,No_Kink,646,274045
result_trotter_10_Heisenberg2D_cylinder_0.5_0.5_det,inner,1,naive,0,Double,Yes_Kink,738,272535
result_trotter_10_Heisenberg2D_cylinder_0.5_0.5_det,inner,1,naive,0,Single,No_Top,607,97678
result_trotter_10_Heisenberg2D_cylinder_0.5_0.5_det,inner,1,naive,0,Proj,No_Kink,701,306343
result_trotter_10_Heisenberg2D_cylinder_0.5_0.5_det,inner,1,random,0,Double,No_MSF,315,18346
result_trotter_10_Heisenberg2D_cylinder_0.5_0.5_det,inner,1,naive,0,Proj,Yes_Kink,720,303530
result_trotter_10_Heisenberg2D_cylinder_0.5_0.5_det,inner,1,naive,0,Double,No_Kink,691,265505
result_trotter_10_Heisenberg2D_cylinder_0.5_0.5_det,inner,1,random,0,Double,No_Top,600,96941
result_trotter_10_Heisenberg2D_cylinder_0.5_0.5_det,inner,1,naive,0,Single,No_Kink,715,230334
result_trotter_10_Heisenberg2D_cylinder_0.5_0.5_det,inner,1,random,0,Proj,No_MSF,246,4428
result_trotter_10_Heisenberg2D_cylinder_0.5_0.5_det,inner,1,random,0,Proj,No_Top,570,54588
result_trotter_10_Heisenberg2D_cylinder_0.5_0.5_det,inner,1,random,0,Double,No_Kink,717,243112
result_trotter_10_Heisenberg2D_cylinder_0.5_0.5_det,inner,1,random,0,Single,No_MSF,318,18630
result_trotter_10_Heisenberg2D_cylinder_0.5_0.5_det,inner,1,random,0,Single,No_Top,607,97678
result_trotter_10_Heisenberg2D_cylinder_0.5_0.5_det,inner,2,SA,0.001,Double,No_MSF,315,18346
result_trotter_10_Heisenberg2D_cylinder_0.5_0.5_det,inner,2,SA,0.001,Double,No_Top,600,96941
result_trotter_10_Heisenberg2D_cylinder_0.5_0.5_det,inner,1,random,0,Double,Yes_Kink,739,247284
result_trotter_10_Heisenberg2D_cylinder_0.5_0.5_det,inner,2,SA,0.001,Double,No_Kink,606,213805
result_trotter_10_Heisenberg2D_cylinder_0.5_0.5_det,inner,1,random,0,Single,No_Kink,773,223848
result_trotter_10_Heisenberg2D_cylinder_0.5_0.5_det,inner,1,random,0,Proj,Yes_Kink,757,305496
result_trotter_10_Heisenberg2D_cylinder_0.5_0.5_det,inner,1,random,0,Proj,No_Kink,726,311896
result_trotter_10_Heisenberg2D_cylinder_0.5_0.5_det,inner,2,SA,0.001,Proj,No_MSF,246,4428
result_trotter_10_Heisenberg2D_cylinder_0.5_0.5_det,inner,2,SA,0.001,Single,No_MSF,318,18630
result_trotter_10_Heisenberg2D_cylinder_0.5_0.5_det,inner,2,SA,0.001,Proj,No_Top,570,54588
result_trotter_10_Heisenberg2D_cylinder_0.5_0.5_det,inner,2,SA,0.001,Single,No_Top,607,97678
result_trotter_10_Heisenberg2D_cylinder_0.5_0.5_det,inner,2,SA,0.01,Double,No_Top,600,96941
result_trotter_10_Heisenberg2D_cylinder_0.5_0.5_det,inner,2,SA,0.01,Double,No_MSF,315,18346
result_trotter_10_Heisenberg2D_cylinder_0.5_0.5_det,inner,2,SA,0.001,Double,Yes_Kink,612,229001
result_trotter_10_Heisenberg2D_cylinder_0.5_0.5_det,inner,2,SA,0.01,Double,No_Kink,606,198698
result_trotter_10_Heisenberg2D_cylinder_0.5_0.5_det,inner,2,SA,0.001,Single,Yes_Kink,632,218018
result_trotter_10_Heisenberg2D_cylinder_0.5_0.5_det,inner,2,SA,0.01,Proj,No_MSF,246,4428
result_trotter_10_Heisenberg2D_cylinder_0.5_0.5_det,inner,2,SA,0.001,Single,No_Kink,619,211734
result_trotter_10_Heisenberg2D_cylinder_0.5_0.5_det,inner,2,SA,0.001,Proj,No_Kink,630,377738
result_trotter_10_Heisenberg2D_cylinder_0.5_0.5_det,inner,2,SA,0.001,Proj,Yes_Kink,652,373949
result_trotter_10_Heisenberg2D_cylinder_0.5_0.5_det,inner,2,SA,0.01,Proj,No_Top,570,54588
result_trotter_10_Heisenberg2D_cylinder_0.5_0.5_det,inner,2,SA,0.01,Single,No_MSF,318,18630
result_trotter_10_Heisenberg2D_cylinder_0.5_0.5_det,inner,2,SA,0.01,Single,No_Top,607,97678
result_trotter_10_Heisenberg2D_cylinder_0.5_0.5_det,inner,2,SA,0.01,Double,Yes_Kink,610,222146
result_trotter_10_Heisenberg2D_cylinder_0.5_0.5_det,inner,2,SA,0.1,Double,No_MSF,315,18346
result_trotter_10_Heisenberg2D_cylinder_0.5_0.5_det,inner,2,SA,0.1,Double,No_Top,600,96941
result_trotter_10_Heisenberg2D_cylinder_0.5_0.5_det,inner,2,SA,0.1,Double,No_Kink,605,191564
result_trotter_10_Heisenberg2D_cylinder_0.5_0.5_det,inner,2,SA,0.1,Proj,No_MSF,246,4428
result_trotter_10_Heisenberg2D_cylinder_0.5_0.5_det,inner,2,SA,0.01,Single,Yes_Kink,631,209400
result_trotter_10_Heisenberg2D_cylinder_0.5_0.5_det,inner,2,SA,0.1,Proj,No_Top,570,54588
result_trotter_10_Heisenberg2D_cylinder_0.5_0.5_det,inner,2,SA,0.01,Single,No_Kink,618,202870
result_trotter_10_Heisenberg2D_cylinder_0.5_0.5_det,inner,2,SA,0.01,Proj,Yes_Kink,620,355308
result_trotter_10_Heisenberg2D_cylinder_0.5_0.5_det,inner,2,SA,0.1,Single,No_MSF,318,18630
result_trotter_10_Heisenberg2D_cylinder_0.5_0.5_det,inner,2,SA,0.1,Double,Yes_Kink,613,211115
result_trotter_10_Heisenberg2D_cylinder_0.5_0.5_det,inner,2,SA,0.1,Single,No_Top,607,97678
result_trotter_10_Heisenberg2D_cylinder_0.5_0.5_det,inner,2,SA,1,Double,No_MSF,315,18346
result_trotter_10_Heisenberg2D_cylinder_0.5_0.5_det,inner,2,SA,0.01,Proj,No_Kink,616,370502
result_trotter_10_Heisenberg2D_cylinder_0.5_0.5_det,inner,2,SA,0.1,Single,No_Kink,617,189859
result_trotter_10_Heisenberg2D_cylinder_0.5_0.5_det,inner,2,SA,1,Double,No_Kink,606,170479
result_trotter_10_Heisenberg2D_cylinder_0.5_0.5_det,inner,2,SA,1,Proj,No_MSF,246,4428
result_trotter_10_Heisenberg2D_cylinder_0.5_0.5_det,inner,2,SA,1,Double,No_Top,600,96941
result_trotter_10_Heisenberg2D_cylinder_0.5_0.5_det,inner,2,SA,0.1,Single,Yes_Kink,629,197630
result_trotter_10_Heisenberg2D_cylinder_0.5_0.5_det,inner,2,SA,1,Proj,No_Top,570,54588
result_trotter_10_Heisenberg2D_cylinder_0.5_0.5_det,inner,2,SA,0.1,Proj,Yes_Kink,619,356099
result_trotter_10_Heisenberg2D_cylinder_0.5_0.5_det,inner,2,SA,1,Single,No_MSF,318,18630
result_trotter_10_Heisenberg2D_cylinder_0.5_0.5_det,inner,2,SA,1,Single,No_Top,607,97678
result_trotter_10_Heisenberg2D_cylinder_0.5_0.5_det,inner,2,SA,1,Double,Yes_Kink,611,196736
result_trotter_10_Heisenberg2D_cylinder_0.5_0.5_det,inner,2,SA,0.1,Proj,No_Kink,616,371777
result_trotter_10_Heisenberg2D_cylinder_0.5_0.5_det,inner,2,naive,0,Double,No_MSF,315,18346
result_trotter_10_Heisenberg2D_cylinder_0.5_0.5_det,inner,2,SA,1,Single,No_Kink,617,178944
result_trotter_10_Heisenberg2D_cylinder_0.5_0.5_det,inner,2,naive,0,Double,No_Top,600,96941
result_trotter_10_Heisenberg2D_cylinder_0.5_0.5_det,inner,2,SA,1,Single,Yes_Kink,628,185569
result_trotter_10_Heisenberg2D_cylinder_0.5_0.5_det,inner,2,naive,0,Proj,No_MSF,246,4428
result_trotter_10_Heisenberg2D_cylinder_0.5_0.5_det,inner,2,naive,0,Double,No_Kink,631,240937
result_trotter_10_Heisenberg2D_cylinder_0.5_0.5_det,inner,2,naive,0,Proj,No_Top,570,54588
result_trotter_10_Heisenberg2D_cylinder_0.5_0.5_det,inner,2,SA,1,Proj,No_Kink,631,374843
result_trotter_10_Heisenberg2D_cylinder_0.5_0.5_det,inner,2,SA,1,Proj,Yes_Kink,634,360229
result_trotter_10_Heisenberg2D_cylinder_0.5_0.5_det,inner,2,naive,0,Single,No_MSF,318,18630
result_trotter_10_Heisenberg2D_cylinder_0.5_0.5_det,inner,2,naive,0,Single,No_Top,607,97678
result_trotter_10_Heisenberg2D_cylinder_0.5_0.5_det,inner,2,random,0,Double,No_MSF,315,18346
result_trotter_10_Heisenberg2D_cylinder_0.5_0.5_det,inner,2,naive,0,Double,Yes_Kink,643,241887
result_trotter_10_Heisenberg2D_cylinder_0.5_0.5_det,inner,2,random,0,Double,No_Top,600,96941
result_trotter_10_Heisenberg2D_cylinder_0.5_0.5_det,inner,2,naive,0,Single,No_Kink,654,223492
result_trotter_10_Heisenberg2D_cylinder_0.5_0.5_det,inner,2,random,0,Double,No_Kink,641,228729
result_trotter_10_Heisenberg2D_cylinder_0.5_0.5_det,inner,2,random,0,Proj,No_MSF,246,4428
result_trotter_10_Heisenberg2D_cylinder_0.5_0.5_det,inner,2,random,0,Proj,No_Top,570,54588
result_trotter_10_Heisenberg2D_cylinder_0.5_0.5_det,inner,2,naive,0,Single,Yes_Kink,664,226632
result_trotter_10_Heisenberg2D_cylinder_0.5_0.5_det,inner,2,random,0,Double,Yes_Kink,650,231849
result_trotter_10_Heisenberg2D_cylinder_0.5_0.5_det,inner,2,random,0,Single,No_MSF,318,18630
result_trotter_10_Heisenberg2D_cylinder_0.5_0.5_det,inner,2,naive,0,Proj,Yes_Kink,702,425241
result_trotter_10_Heisenberg2D_cylinder_0.5_0.5_det,inner,2,random,0,Single,No_Top,607,97678
result_trotter_10_Heisenberg2D_cylinder_0.5_0.5_det,outer,1,SA,0.001,Double,No_Top,600,96941
result_trotter_10_Heisenberg2D_cylinder_0.5_0.5_det,outer,1,SA,0.001,Double,No_MSF,315,18346
result_trotter_10_Heisenberg2D_cylinder_0.5_0.5_det,inner,2,naive,0,Proj,No_Kink,686,427635
result_trotter_10_Heisenberg2D_cylinder_0.5_0.5_det,inner,2,random,0,Single,Yes_Kink,681,217759
result_trotter_10_Heisenberg2D_cylinder_0.5_0.5_det,inner,2,random,0,Single,No_Kink,675,215136
result_trotter_10_Heisenberg2D_cylinder_0.5_0.5_det,outer,1,SA,0.001,Proj,No_MSF,246,4428
result_trotter_10_Heisenberg2D_cylinder_0.5_0.5_det,outer,1,SA,0.001,Proj,No_Top,570,54588
result_trotter_10_Heisenberg2D_cylinder_0.5_0.5_det,outer,1,SA,0.001,Double,No_Kink,638,251455
result_trotter_10_Heisenberg2D_cylinder_0.5_0.5_det,inner,2,random,0,Proj,No_Kink,635,382874
result_trotter_10_Heisenberg2D_cylinder_0.5_0.5_det,outer,1,SA,0.001,Single,No_MSF,318,18630
result_trotter_10_Heisenberg2D_cylinder_0.5_0.5_det,outer,1,SA,0.001,Single,No_Top,607,97678
result_trotter_10_Heisenberg2D_cylinder_0.5_0.5_det,outer,1,SA,0.01,Double,No_MSF,315,18346
result_trotter_10_Heisenberg2D_cylinder_0.5_0.5_det,outer,1,SA,0.01,Double,No_Top,600,96941
result_trotter_10_Heisenberg2D_cylinder_0.5_0.5_det,inner,2,random,0,Proj,Yes_Kink,642,371509
result_trotter_10_Heisenberg2D_cylinder_0.5_0.5_det,outer,1,SA,0.001,Double,Yes_Kink,689,259308
result_trotter_10_Heisenberg2D_cylinder_0.5_0.5_det,outer,1,SA,0.001,Proj,No_Kink,651,288556
result_trotter_10_Heisenberg2D_cylinder_0.5_0.5_det,outer,1,SA,0.001,Single,No_Kink,659,217963
result_trotter_10_Heisenberg2D_cylinder_0.5_0.5_det,outer,1,SA,0.01,Proj,No_MSF,246,4428
result_trotter_10_Heisenberg2D_cylinder_0.5_0.5_det,outer,1,SA,0.01,Proj,No_Top,570,54588
result_trotter_10_Heisenberg2D_cylinder_0.5_0.5_det,outer,1,SA,0.01,Double,No_Kink,637,252100
result_trotter_10_Heisenberg2D_cylinder_0.5_0.5_det,outer,1,SA,0.001,Proj,Yes_Kink,669,283914
result_trotter_10_Heisenberg2D_cylinder_0.5_0.5_det,outer,1,SA,0.01,Single,No_MSF,318,18630
result_trotter_10_Heisenberg2D_cylinder_0.5_0.5_det,outer,1,SA,0.01,Double,Yes_Kink,688,260991
result_trotter_10_Heisenberg2D_cylinder_0.5_0.5_det,outer,1,SA,0.01,Single,No_Top,607,97678
result_trotter_10_Heisenberg2D_cylinder_0.5_0.5_det,outer,1,SA,0.1,Double,No_MSF,315,18346
result_trotter_10_Heisenberg2D_cylinder_0.5_0.5_det,outer,1,SA,0.1,Double,No_Top,600,96941
result_trotter_10_Heisenberg2D_cylinder_0.5_0.5_det,outer,1,SA,0.01,Proj,No_Kink,648,287772
result_trotter_10_Heisenberg2D_cylinder_0.5_0.5_det,outer,1,SA,0.01,Single,No_Kink,656,217754
result_trotter_10_Heisenberg2D_cylinder_0.5_0.5_det,outer,1,SA,0.01,Proj,Yes_Kink,666,283481
result_trotter_10_Heisenberg2D_cylinder_0.5_0.5_det,outer,1,SA,0.1,Proj,No_MSF,246,4428
result_trotter_10_Heisenberg2D_cylinder_0.5_0.5_det,outer,1,SA,0.1,Double,No_Kink,643,252564
result_trotter_10_Heisenberg2D_cylinder_0.5_0.5_det,outer,1,SA,0.1,Single,No_Top,607,97678
result_trotter_10_Heisenberg2D_cylinder_0.5_0.5_det,outer,1,SA,0.1,Proj,No_Top,570,54588
result_trotter_10_Heisenberg2D_cylinder_0.5_0.5_det,outer,1,SA,0.1,Single,No_MSF,318,18630
result_trotter_10_Heisenberg2D_cylinder_0.5_0.5_det,outer,1,SA,1,Double,No_Top,600,96941
result_trotter_10_Heisenberg2D_cylinder_0.5_0.5_det,outer,1,SA,0.1,Double,Yes_Kink,699,264034
result_trotter_10_Heisenberg2D_cylinder_0.5_0.5_det,outer,1,SA,1,Double,No_MSF,315,18346
result_trotter_10_Heisenberg2D_cylinder_0.5_0.5_det,outer,1,SA,0.1,Proj,Yes_Kink,671,285193
result_trotter_10_Heisenberg2D_cylinder_0.5_0.5_det,outer,1,SA,1,Proj,No_MSF,246,4428
result_trotter_10_Heisenberg2D_cylinder_0.5_0.5_det,outer,1,SA,0.1,Proj,No_Kink,653,289245
result_trotter_10_Heisenberg2D_cylinder_0.5_0.5_det,outer,1,SA,1,Proj,No_Top,570,54588
result_trotter_10_Heisenberg2D_cylinder_0.5_0.5_det,outer,1,SA,1,Double,No_Kink,639,249018
result_trotter_10_Heisenberg2D_cylinder_0.5_0.5_det,outer,1,SA,0.1,Single,No_Kink,662,216914
result_trotter_10_Heisenberg2D_cylinder_0.5_0.5_det,outer,1,SA,1,Single,No_MSF,318,18630
result_trotter_10_Heisenberg2D_cylinder_0.5_0.5_det,outer,1,SA,1,Single,No_Top,607,97678
result_trotter_10_Heisenberg2D_cylinder_0.5_0.5_det,outer,1,SA,1,Double,Yes_Kink,691,256907
result_trotter_10_Heisenberg2D_cylinder_0.5_0.5_det,outer,1,naive,0,Double,No_MSF,315,18346
result_trotter_10_Heisenberg2D_cylinder_0.5_0.5_det,outer,1,naive,0,Double,No_Top,600,96941
result_trotter_10_Heisenberg2D_cylinder_0.5_0.5_det,outer,1,naive,0,Proj,No_MSF,246,4428
result_trotter_10_Heisenberg2D_cylinder_0.5_0.5_det,outer,1,SA,1,Single,No_Kink,660,212483
result_trotter_10_Heisenberg2D_cylinder_0.5_0.5_det,outer,1,naive,0,Proj,No_Top,570,54588
result_trotter_10_Heisenberg2D_cylinder_0.5_0.5_det,outer,1,SA,1,Proj,No_Kink,652,287179
result_trotter_10_Heisenberg2D_cylinder_0.5_0.5_det,outer,1,naive,0,Single,No_MSF,318,18630
result_trotter_10_Heisenberg2D_cylinder_0.5_0.5_det,outer,1,SA,1,Proj,Yes_Kink,671,283840
result_trotter_10_Heisenberg2D_cylinder_0.5_0.5_det,outer,1,naive,0,Double,No_Kink,691,265505
result_trotter_10_Heisenberg2D_cylinder_0.5_0.5_det,outer,1,naive,0,Single,No_Top,607,97678
result_trotter_10_Heisenberg2D_cylinder_0.5_0.5_det,outer,1,naive,0,Proj,No_Kink,701,306343
result_trotter_10_Heisenberg2D_cylinder_0.5_0.5_det,outer,1,naive,0,Double,Yes_Kink,738,272535
result_trotter_10_Heisenberg2D_cylinder_0.5_0.5_det,outer,1,random,0,Double,No_MSF,315,18346
result_trotter_10_Heisenberg2D_cylinder_0.5_0.5_det,outer,1,random,0,Double,No_Top,600,96941
result_trotter_10_Heisenberg2D_cylinder_0.5_0.5_det,outer,1,random,0,Proj,No_MSF,246,4428
result_trotter_10_Heisenberg2D_cylinder_0.5_0.5_det,outer,1,naive,0,Single,No_Kink,715,230334
result_trotter_10_Heisenberg2D_cylinder_0.5_0.5_det,outer,1,random,0,Proj,No_Top,570,54588
result_trotter_10_Heisenberg2D_cylinder_0.5_0.5_det,outer,1,random,0,Single,No_MSF,318,18630
result_trotter_10_Heisenberg2D_cylinder_0.5_0.5_det,outer,1,random,0,Double,No_Kink,743,282140
result_trotter_10_Heisenberg2D_cylinder_0.5_0.5_det,outer,1,naive,0,Proj,Yes_Kink,720,303530
result_trotter_10_Heisenberg2D_cylinder_0.5_0.5_det,outer,1,random,0,Single,No_Top,607,97678
result_trotter_10_Heisenberg2D_cylinder_0.5_0.5_det,outer,2,SA,0.001,Double,No_MSF,315,18346
result_trotter_10_Heisenberg2D_cylinder_0.5_0.5_det,outer,2,SA,0.001,Double,No_Top,600,96941
result_trotter_10_Heisenberg2D_cylinder_0.5_0.5_det,outer,1,random,0,Proj,No_Kink,722,315163
result_trotter_10_Heisenberg2D_cylinder_0.5_0.5_det,outer,1,random,0,Double,Yes_Kink,778,285653
result_trotter_10_Heisenberg2D_cylinder_0.5_0.5_det,outer,1,random,0,Single,No_Kink,789,248846
result_trotter_10_Heisenberg2D_cylinder_0.5_0.5_det,outer,1,random,0,Proj,Yes_Kink,744,311840
result_trotter_10_Heisenberg2D_cylinder_0.5_0.5_det,outer,2,SA,0.001,Proj,No_MSF,246,4428
result_trotter_10_Heisenberg2D_cylinder_0.5_0.5_det,outer,2,SA,0.001,Proj,No_Top,570,54588
result_trotter_10_Heisenberg2D_cylinder_0.5_0.5_det,outer,2,SA,0.001,Single,No_MSF,318,18630
result_trotter_10_Heisenberg2D_cylinder_0.5_0.5_det,outer,2,SA,0.001,Double,No_Kink,609,255901
result_trotter_10_Heisenberg2D_cylinder_0.5_0.5_det,outer,2,SA,0.001,Single,No_Top,607,97678
result_trotter_10_Heisenberg2D_cylinder_0.5_0.5_det,outer,2,SA,0.001,Double,Yes_Kink,626,258812
result_trotter_10_Heisenberg2D_cylinder_0.5_0.5_det,outer,2,SA,0.01,Double,No_MSF,315,18346
result_trotter_10_Heisenberg2D_cylinder_0.5_0.5_det,outer,2,SA,0.001,Single,No_Kink,634,238378
result_trotter_10_Heisenberg2D_cylinder_0.5_0.5_det,outer,2,SA,0.01,Double,No_Top,600,96941
result_trotter_10_Heisenberg2D_cylinder_0.5_0.5_det,outer,2,SA,0.001,Single,Yes_Kink,652,241904
result_trotter_10_Heisenberg2D_cylinder_0.5_0.5_det,outer,2,SA,0.01,Proj,No_MSF,246,4428
result_trotter_10_Heisenberg2D_cylinder_0.5_0.5_det,outer,2,SA,0.01,Double,No_Kink,612,261652
result_trotter_10_Heisenberg2D_cylinder_0.5_0.5_det,outer,2,SA,0.01,Proj,No_Top,570,54588
result_trotter_10_Heisenberg2D_cylinder_0.5_0.5_det,outer,2,SA,0.001,Proj,Yes_Kink,618,376533
result_trotter_10_Heisenberg2D_cylinder_0.5_0.5_det,outer,2,SA,0.01,Single,No_MSF,318,18630
result_trotter_10_Heisenberg2D_cylinder_0.5_0.5_det,outer,2,SA,0.01,Single,No_Top,607,97678
result_trotter_10_Heisenberg2D_cylinder_0.5_0.5_det,outer,2,SA,0.01,Double,Yes_Kink,629,266197
result_trotter_10_Heisenberg2D_cylinder_0.5_0.5_det,outer,2,SA,0.001,Proj,No_Kink,607,379130
result_trotter_10_Heisenberg2D_cylinder_0.5_0.5_det,outer,2,SA,0.1,Double,No_MSF,315,18346
result_trotter_10_Heisenberg2D_cylinder_0.5_0.5_det,outer,2,SA,0.1,Double,No_Top,600,96941
result_trotter_10_Heisenberg2D_cylinder_0.5_0.5_det,outer,2,SA,0.01,Proj,No_Kink,604,378300
result_trotter_10_Heisenberg2D_cylinder_0.5_0.5_det,outer,2,SA,0.1,Proj,No_MSF,246,4428
result_trotter_10_Heisenberg2D_cylinder_0.5_0.5_det,outer,2,SA,0.1,Proj,No_Top,570,54588
result_trotter_10_Heisenberg2D_cylinder_0.5_0.5_det,outer,2,SA,0.01,Proj,Yes_Kink,615,375997
result_trotter_10_Heisenberg2D_cylinder_0.5_0.5_det,outer,2,SA,0.01,Single,No_Kink,643,241388
result_trotter_10_Heisenberg2D_cylinder_0.5_0.5_det,outer,2,SA,0.1,Double,Yes_Kink,637,237943
result_trotter_10_Heisenberg2D_cylinder_0.5_0.5_det,outer,2,SA,0.1,Single,No_MSF,318,18630
result_trotter_10_Heisenberg2D_cylinder_0.5_0.5_det,outer,2,SA,0.01,Single,Yes_Kink,659,247719
result_trotter_10_Heisenberg2D_cylinder_0.5_0.5_det,outer,2,SA,0.1,Single,No_Top,607,97678
result_trotter_10_Heisenberg2D_cylinder_0.5_0.5_det,outer,2,SA,0.1,Double,No_Kink,613,235465
result_trotter_10_Heisenberg2D_cylinder_0.5_0.5_det,outer,2,SA,1,Double,No_Top,600,96941
result_trotter_10_Heisenberg2D_cylinder_0.5_0.5_det,outer,2,SA,1,Double,No_MSF,315,18346
result_trotter_10_Heisenberg2D_cylinder_0.5_0.5_det,outer,2,SA,0.1,Single,No_Kink,640,214936
result_trotter_10_Heisenberg2D_cylinder_0.5_0.5_det,outer,2,SA,0.1,Single,Yes_Kink,655,218449
result_trotter_10_Heisenberg2D_cylinder_0.5_0.5_det,outer,2,SA,1,Proj,No_MSF,246,4428
result_trotter_10_Heisenberg2D_cylinder_0.5_0.5_det,outer,2,SA,1,Double,No_Kink,614,231421
result_trotter_10_Heisenberg2D_cylinder_0.5_0.5_det,outer,2,SA,1,Proj,No_Top,570,54588
result_trotter_10_Heisenberg2D_cylinder_0.5_0.5_det,outer,2,SA,0.1,Proj,No_Kink,615,384955
result_trotter_10_Heisenberg2D_cylinder_0.5_0.5_det,outer,2,SA,1,Single,No_MSF,318,18630
result_trotter_10_Heisenberg2D_cylinder_0.5_0.5_det,outer,2,SA,0.1,Proj,Yes_Kink,628,383026
result_trotter_10_Heisenberg2D_cylinder_0.5_0.5_det,outer,2,SA,1,Single,No_Top,607,97678
result_trotter_10_Heisenberg2D_cylinder_0.5_0.5_det,outer,2,SA,1,Double,Yes_Kink,636,233826
result_trotter_10_Heisenberg2D_cylinder_0.5_0.5_det,outer,2,naive,0,Double,No_Top,600,96941
result_trotter_10_Heisenberg2D_cylinder_0.5_0.5_det,outer,2,naive,0,Double,No_MSF,315,18346
result_trotter_10_Heisenberg2D_cylinder_0.5_0.5_det,outer,2,naive,0,Proj,No_MSF,246,4428
result_trotter_10_Heisenberg2D_cylinder_0.5_0.5_det,outer,2,SA,1,Single,No_Kink,635,210463
result_trotter_10_Heisenberg2D_cylinder_0.5_0.5_det,outer,2,SA,1,Single,Yes_Kink,656,213755
result_trotter_10_Heisenberg2D_cylinder_0.5_0.5_det,outer,2,SA,1,Proj,No_Kink,614,382940
result_trotter_10_Heisenberg2D_cylinder_0.5_0.5_det,outer,2,naive,0,Double,No_Kink,631,240937
result_trotter_10_Heisenberg2D_cylinder_0.5_0.5_det,outer,2,naive,0,Proj,No_Top,570,54588
result_trotter_10_Heisenberg2D_cylinder_0.5_0.5_det,outer,2,naive,0,Double,Yes_Kink,643,241887
result_trotter_10_Heisenberg2D_cylinder_0.5_0.5_det,outer,2,SA,1,Proj,Yes_Kink,627,380783
result_trotter_10_Heisenberg2D_cylinder_0.5_0.5_det,outer,2,naive,0,Single,No_MSF,318,18630
result_trotter_10_Heisenberg2D_cylinder_0.5_0.5_det,outer,2,naive,0,Single,No_Top,607,97678
result_trotter_10_Heisenberg2D_cylinder_0.5_0.5_det,outer,2,random,0,Double,No_MSF,315,18346
result_trotter_10_Heisenberg2D_cylinder_0.5_0.5_det,outer,2,random,0,Double,No_Top,600,96941
result_trotter_10_Heisenberg2D_cylinder_0.5_0.5_det,outer,2,random,0,Proj,No_MSF,246,4428
result_trotter_10_Heisenberg2D_cylinder_0.5_0.5_det,outer,2,naive,0,Single,No_Kink,654,223492
result_trotter_10_Heisenberg2D_cylinder_0.5_0.5_det,outer,2,naive,0,Single,Yes_Kink,664,226632
result_trotter_10_Heisenberg2D_cylinder_0.5_0.5_det,outer,2,naive,0,Proj,No_Kink,686,427635
result_trotter_10_Heisenberg2D_cylinder_0.5_0.5_det,outer,2,random,0,Double,No_Kink,649,280674
result_trotter_10_Heisenberg2D_cylinder_0.5_0.5_det,outer,2,random,0,Single,No_MSF,318,18630
result_trotter_10_Heisenberg2D_cylinder_0.5_0.5_det,outer,2,random,0,Proj,No_Top,570,54588
result_trotter_10_Heisenberg2D_cylinder_0.5_0.5_det,outer,2,random,0,Double,Yes_Kink,661,281499
result_trotter_10_Heisenberg2D_cylinder_0.5_0.5_det,outer,2,random,0,Single,No_Top,607,97678
result_trotter_10_Heisenberg2D_cylinder_0.5_0.5_rand,inner,1,SA,0.001,Double,No_MSF,566,35432
result_trotter_10_Heisenberg2D_cylinder_0.5_0.5_det,outer,2,naive,0,Proj,Yes_Kink,702,425241
result_trotter_10_Heisenberg2D_cylinder_0.5_0.5_rand,inner,1,SA,0.001,Double,No_Top,627,92354
result_trotter_10_Heisenberg2D_cylinder_0.5_0.5_det,outer,2,random,0,Single,No_Kink,681,261097
result_trotter_10_Heisenberg2D_cylinder_0.5_0.5_rand,inner,1,SA,0.001,Proj,No_MSF,246,4440
result_trotter_10_Heisenberg2D_cylinder_0.5_0.5_det,outer,2,random,0,Proj,No_Kink,689,428576
result_trotter_10_Heisenberg2D_cylinder_0.5_0.5_det,outer,2,random,0,Single,Yes_Kink,697,265931
result_trotter_10_Heisenberg2D_cylinder_0.5_0.5_rand,inner,1,SA,0.001,Proj,No_Top,570,54600
result_trotter_10_Heisenberg2D_cylinder_0.5_0.5_rand,inner,1,SA,0.001,Double,No_Kink,693,239792
result_trotter_10_Heisenberg2D_cylinder_0.5_0.5_rand,inner,1,SA,0.001,Single,No_Top,647,94063
result_trotter_10_Heisenberg2D_cylinder_0.5_0.5_rand,inner,1,SA,0.001,Single,No_MSF,586,37250
result_trotter_10_Heisenberg2D_cylinder_0.5_0.5_det,outer,2,random,0,Proj,Yes_Kink,703,425749
result_trotter_10_Heisenberg2D_cylinder_0.5_0.5_rand,inner,1,SA,0.01,Double,No_MSF,566,35432
result_trotter_10_Heisenberg2D_cylinder_0.5_0.5_rand,inner,1,SA,0.001,Double,Yes_Kink,758,255356
result_trotter_10_Heisenberg2D_cylinder_0.5_0.5_rand,inner,1,SA,0.001,Proj,No_Kink,778,321510
result_trotter_10_Heisenberg2D_cylinder_0.5_0.5_rand,inner,1,SA,0.01,Double,No_Top,627,92354
result_trotter_10_Heisenberg2D_cylinder_0.5_0.5_rand,inner,1,SA,0.01,Proj,No_MSF,246,4440
result_trotter_10_Heisenberg2D_cylinder_0.5_0.5_rand,inner,1,SA,0.001,Single,No_Kink,712,211863
result_trotter_10_Heisenberg2D_cylinder_0.5_0.5_rand,inner,1,SA,0.01,Proj,No_Top,570,54600
result_trotter_10_Heisenberg2D_cylinder_0.5_0.5_rand,inner,1,SA,0.01,Double,No_Kink,811,266150
result_trotter_10_Heisenberg2D_cylinder_0.5_0.5_rand,inner,1,SA,0.001,Proj,Yes_Kink,815,318801
result_trotter_10_Heisenberg2D_cylinder_0.5_0.5_rand,inner,1,SA,0.01,Single,No_MSF,586,37250
result_trotter_10_Heisenberg2D_cylinder_0.5_0.5_rand,inner,1,SA,0.01,Single,No_Top,647,94063
result_trotter_10_Heisenberg2D_cylinder_0.5_0.5_rand,inner,1,SA,0.1,Double,No_MSF,566,35432
result_trotter_10_Heisenberg2D_cylinder_0.5_0.5_rand,inner,1,SA,0.01,Double,Yes_Kink,882,279626
result_trotter_10_Heisenberg2D_cylinder_0.5_0.5_rand,inner,1,SA,0.1,Double,No_Top,627,92354
result_trotter_10_Heisenberg2D_cylinder_0.5_0.5_rand,inner,1,SA,0.1,Proj,No_MSF,246,4440
result_trotter_10_Heisenberg2D_cylinder_0.5_0.5_rand,inner,1,SA,0.01,Single,No_Kink,853,240121
result_trotter_10_Heisenberg2D_cylinder_0.5_0.5_rand,inner,1,SA,0.1,Proj,No_Top,570,54600
result_trotter_10_Heisenberg2D_cylinder_0.5_0.5_rand,inner,1,SA,0.01,Proj,Yes_Kink,980,379347
result_trotter_10_Heisenberg2D_cylinder_0.5_0.5_rand,inner,1,SA,0.1,Single,No_MSF,586,37250
result_trotter_10_Heisenberg2D_cylinder_0.5_0.5_rand,inner,1,SA,0.1,Single,No_Top,647,94063
result_trotter_10_Heisenberg2D_cylinder_0.5_0.5_rand,inner,1,SA,0.1,Double,No_Kink,690,237360
result_trotter_10_Heisenberg2D_cylinder_0.5_0.5_rand,inner,1,SA,0.01,Proj,No_Kink,941,386469
result_trotter_10_Heisenberg2D_cylinder_0.5_0.5_rand,inner,1,SA,1,Double,No_MSF,566,35432
result_trotter_10_Heisenberg2D_cylinder_0.5_0.5_rand,inner,1,SA,0.1,Proj,No_Kink,766,311555
result_trotter_10_Heisenberg2D_cylinder_0.5_0.5_rand,inner,1,SA,0.1,Single,No_Kink,710,206638
result_trotter_10_Heisenberg2D_cylinder_0.5_0.5_rand,inner,1,SA,0.1,Double,Yes_Kink,745,250237
result_trotter_10_Heisenberg2D_cylinder_0.5_0.5_rand,inner,1,SA,1,Double,No_Top,627,92354
result_trotter_10_Heisenberg2D_cylinder_0.5_0.5_rand,inner,1,SA,1,Proj,No_Top,570,54600
result_trotter_10_Heisenberg2D_cylinder_0.5_0.5_rand,inner,1,SA,1,Proj,No_MSF,246,4440
result_trotter_10_Heisenberg2D_cylinder_0.5_0.5_rand,inner,1,SA,1,Double,No_Kink,633,203587
result_trotter_10_Heisenberg2D_cylinder_0.5_0.5_rand,inner,1,SA,1,Double,Yes_Kink,653,203568
result_trotter_10_Heisenberg2D_cylinder_0.5_0.5_rand,inner,1,SA,1,Single,No_MSF,586,37250
result_trotter_10_Heisenberg2D_cylinder_0.5_0.5_rand,inner,1,SA,1,Single,No_Top,647,94063
result_trotter_10_Heisenberg2D_cylinder_0.5_0.5_rand,inner,1,SA,0.1,Proj,Yes_Kink,803,305945
result_trotter_10_Heisenberg2D_cylinder_0.5_0.5_rand,inner,1,naive,0,Double,No_MSF,566,35432
result_trotter_10_Heisenberg2D_cylinder_0.5_0.5_rand,inner,1,naive,0,Double,No_Top,627,92354
result_trotter_10_Heisenberg2D_cylinder_0.5_0.5_rand,inner,1,SA,1,Proj,No_Kink,757,303027
result_trotter_10_Heisenberg2D_cylinder_0.5_0.5_rand,inner,1,naive,0,Proj,No_Top,570,54600
result_trotter_10_Heisenberg2D_cylinder_0.5_0.5_rand,inner,1,SA,1,Single,No_Kink,661,180380
result_trotter_10_Heisenberg2D_cylinder_0.5_0.5_rand,inner,1,naive,0,Proj,No_MSF,246,4440
result_trotter_10_Heisenberg2D_cylinder_0.5_0.5_rand,inner,1,naive,0,Single,No_Top,647,94063
result_trotter_10_Heisenberg2D_cylinder_0.5_0.5_rand,inner,1,naive,0,Single,No_MSF,586,37250
result_trotter_10_Heisenberg2D_cylinder_0.5_0.5_rand,inner,1,SA,1,Proj,Yes_Kink,780,293092
result_trotter_10_Heisenberg2D_cylinder_0.5_0.5_rand,inner,1,naive,0,Double,Yes_Kink,827,277830
result_trotter_10_Heisenberg2D_cylinder_0.5_0.5_rand,inner,1,naive,0,Double,No_Kink,760,259471
result_trotter_10_Heisenberg2D_cylinder_0.5_0.5_rand,inner,1,random,0,Double,No_MSF,566,35432
result_trotter_10_Heisenberg2D_cylinder_0.5_0.5_rand,inner,1,random,0,Double,No_Top,627,92354
result_trotter_10_Heisenberg2D_cylinder_0.5_0.5_rand,inner,1,naive,0,Single,No_Kink,840,239354
result_trotter_10_Heisenberg2D_cylinder_0.5_0.5_rand,inner,1,naive,0,Proj,No_Kink,786,321243
result_trotter_10_Heisenberg2D_cylinder_0.5_0.5_rand,inner,1,random,0,Double,No_Kink,692,229164
result_trotter_10_Heisenberg2D_cylinder_0.5_0.5_rand,inner,1,naive,0,Proj,Yes_Kink,804,316277
result_trotter_10_Heisenberg2D_cylinder_0.5_0.5_rand,inner,1,random,0,Proj,No_MSF,246,4440
result_trotter_10_Heisenberg2D_cylinder_0.5_0.5_rand,inner,1,random,0,Proj,No_Top,570,54600
result_trotter_10_Heisenberg2D_cylinder_0.5_0.5_rand,inner,1,random,0,Single,No_MSF,586,37250
result_trotter_10_Heisenberg2D_cylinder_0.5_0.5_rand,inner,1,random,0,Single,No_Top,647,94063
result_trotter_10_Heisenberg2D_cylinder_0.5_0.5_rand,inner,2,SA,0.001,Double,No_MSF,566,35432
result_trotter_10_Heisenberg2D_cylinder_0.5_0.5_rand,inner,1,random,0,Double,Yes_Kink,736,235682
result_trotter_10_Heisenberg2D_cylinder_0.5_0.5_rand,inner,2,SA,0.001,Double,No_Top,627,92354
result_trotter_10_Heisenberg2D_cylinder_0.5_0.5_rand,inner,1,random,0,Single,No_Kink,746,204172
result_trotter_10_Heisenberg2D_cylinder_0.5_0.5_rand,inner,2,SA,0.001,Proj,No_MSF,246,4440
result_trotter_10_Heisenberg2D_cylinder_0.5_0.5_rand,inner,2,SA,0.001,Proj,No_Top,570,54600
result_trotter_10_Heisenberg2D_cylinder_0.5_0.5_rand,inner,2,SA,0.001,Double,No_Kink,631,208396
result_trotter_10_Heisenberg2D_cylinder_0.5_0.5_rand,inner,2,SA,0.001,Single,No_MSF,586,37250
result_trotter_10_Heisenberg2D_cylinder_0.5_0.5_rand,inner,1,random,0,Proj,No_Kink,894,352784
result_trotter_10_Heisenberg2D_cylinder_0.5_0.5_rand,inner,2,SA,0.001,Single,No_Top,647,94063
result_trotter_10_Heisenberg2D_cylinder_0.5_0.5_rand,inner,2,SA,0.001,Double,Yes_Kink,649,215183
result_trotter_10_Heisenberg2D_cylinder_0.5_0.5_rand,inner,1,random,0,Proj,Yes_Kink,936,348104
result_trotter_10_Heisenberg2D_cylinder_0.5_0.5_rand,inner,2,SA,0.001,Single,No_Kink,649,198056
result_trotter_10_Heisenberg2D_cylinder_0.5_0.5_rand,inner,2,SA,0.01,Double,No_MSF,566,35432
result_trotter_10_Heisenberg2D_cylinder_0.5_0.5_rand,inner,2,SA,0.01,Double,No_Top,627,92354
result_trotter_10_Heisenberg2D_cylinder_0.5_0.5_rand,inner,2,SA,0.01,Proj,No_MSF,246,4440
result_trotter_10_Heisenberg2D_cylinder_0.5_0.5_rand,inner,2,SA,0.01,Double,No_Kink,629,197065
result_trotter_10_Heisenberg2D_cylinder_0.5_0.5_rand,inner,2,SA,0.01,Proj,No_Top,570,54600
result_trotter_10_Heisenberg2D_cylinder_0.5_0.5_rand,inner,2,SA,0.001,Single,Yes_Kink,655,202460
result_trotter_10_Heisenberg2D_cylinder_0.5_0.5_rand,inner,2,SA,0.001,Proj,No_Kink,674,380987
result_trotter_10_Heisenberg2D_cylinder_0.5_0.5_rand,inner,2,SA,0.01,Single,No_MSF,586,37250
result_trotter_10_Heisenberg2D_cylinder_0.5_0.5_rand,inner,2,SA,0.01,Double,Yes_Kink,637,206021
result_trotter_10_Heisenberg2D_cylinder_0.5_0.5_rand,inner,2,SA,0.001,Proj,Yes_Kink,686,372271
result_trotter_10_Heisenberg2D_cylinder_0.5_0.5_rand,inner,2,SA,0.01,Single,No_Top,647,94063
result_trotter_10_Heisenberg2D_cylinder_0.5_0.5_rand,inner,2,SA,0.1,Double,No_MSF,566,35432
result_trotter_10_Heisenberg2D_cylinder_0.5_0.5_rand,inner,2,SA,0.1,Double,No_Top,627,92354
result_trotter_10_Heisenberg2D_cylinder_0.5_0.5_rand,inner,2,SA,0.01,Single,No_Kink,648,190217
result_trotter_10_Heisenberg2D_cylinder_0.5_0.5_rand,inner,2,SA,0.1,Double,No_Kink,627,193819
result_trotter_10_Heisenberg2D_cylinder_0.5_0.5_rand,inner,2,SA,0.01,Single,Yes_Kink,653,195602
result_trotter_10_Heisenberg2D_cylinder_0.5_0.5_rand,inner,2,SA,0.1,Proj,No_MSF,246,4440
result_trotter_10_Heisenberg2D_cylinder_0.5_0.5_rand,inner,2,SA,0.01,Proj,No_Kink,647,369835
result_trotter_10_Heisenberg2D_cylinder_0.5_0.5_rand,inner,2,SA,0.1,Double,Yes_Kink,634,197289
result_trotter_10_Heisenberg2D_cylinder_0.5_0.5_rand,inner,2,SA,0.1,Proj,No_Top,570,54600
result_trotter_10_Heisenberg2D_cylinder_0.5_0.5_rand,inner,2,SA,0.1,Single,No_MSF,586,37250
result_trotter_10_Heisenberg2D_cylinder_0.5_0.5_rand,inner,2,SA,0.1,Single,No_Top,647,94063
result_trotter_10_Heisenberg2D_cylinder_0.5_0.5_rand,inner,2,SA,0.01,Proj,Yes_Kink,656,359011
result_trotter_10_Heisenberg2D_cylinder_0.5_0.5_rand,inner,2,SA,1,Double,No_MSF,566,35432
result_trotter_10_Heisenberg2D_cylinder_0.5_0.5_rand,inner,2,SA,1,Double,No_Top,627,92354
result_trotter_10_Heisenberg2D_cylinder_0.5_0.5_rand,inner,2,SA,0.1,Single,No_Kink,648,181739
result_trotter_10_Heisenberg2D_cylinder_0.5_0.5_rand,inner,2,SA,0.1,Single,Yes_Kink,650,188865
result_trotter_10_Heisenberg2D_cylinder_0.5_0.5_rand,inner,2,SA,1,Proj,No_MSF,246,4440
result_trotter_10_Heisenberg2D_cylinder_0.5_0.5_rand,inner,2,SA,1,Double,No_Kink,627,171372
result_trotter_10_Heisenberg2D_cylinder_0.5_0.5_rand,inner,2,SA,1,Proj,No_Top,570,54600
result_trotter_10_Heisenberg2D_cylinder_0.5_0.5_rand,inner,2,SA,1,Double,Yes_Kink,634,177476
result_trotter_10_Heisenberg2D_cylinder_0.5_0.5_rand,inner,2,SA,0.1,Proj,Yes_Kink,684,363096
result_trotter_10_Heisenberg2D_cylinder_0.5_0.5_rand,inner,2,SA,0.1,Proj,No_Kink,678,372299
result_trotter_10_Heisenberg2D_cylinder_0.5_0.5_rand,inner,2,SA,1,Single,No_Top,647,94063
result_trotter_10_Heisenberg2D_cylinder_0.5_0.5_rand,inner,2,SA,1,Single,No_MSF,586,37250
result_trotter_10_Heisenberg2D_cylinder_0.5_0.5_rand,inner,2,SA,1,Single,No_Kink,647,162000
result_trotter_10_Heisenberg2D_cylinder_0.5_0.5_rand,inner,2,naive,0,Double,No_Top,627,92354
result_trotter_10_Heisenberg2D_cylinder_0.5_0.5_rand,inner,2,naive,0,Double,No_MSF,566,35432
result_trotter_10_Heisenberg2D_cylinder_0.5_0.5_rand,inner,2,naive,0,Proj,No_MSF,246,4440
result_trotter_10_Heisenberg2D_cylinder_0.5_0.5_rand,inner,2,SA,1,Single,Yes_Kink,647,167509
result_trotter_10_Heisenberg2D_cylinder_0.5_0.5_rand,inner,2,naive,0,Proj,No_Top,570,54600
result_trotter_10_Heisenberg2D_cylinder_0.5_0.5_rand,inner,2,SA,1,Proj,No_Kink,636,356141
result_trotter_10_Heisenberg2D_cylinder_0.5_0.5_rand,inner,2,naive,0,Single,No_MSF,586,37250
result_trotter_10_Heisenberg2D_cylinder_0.5_0.5_rand,inner,2,naive,0,Double,No_Kink,656,238377
result_trotter_10_Heisenberg2D_cylinder_0.5_0.5_rand,inner,2,SA,1,Proj,Yes_Kink,640,343039
result_trotter_10_Heisenberg2D_cylinder_0.5_0.5_rand,inner,2,naive,0,Double,Yes_Kink,686,240993
result_trotter_10_Heisenberg2D_cylinder_0.5_0.5_rand,inner,2,naive,0,Single,No_Top,647,94063
result_trotter_10_Heisenberg2D_cylinder_0.5_0.5_rand,inner,2,random,0,Double,No_MSF,566,35432
result_trotter_10_Heisenberg2D_cylinder_0.5_0.5_rand,inner,2,naive,0,Single,No_Kink,701,218808
result_trotter_10_Heisenberg2D_cylinder_0.5_0.5_rand,inner,2,random,0,Double,No_Top,627,92354
result_trotter_10_Heisenberg2D_cylinder_0.5_0.5_rand,inner,2,random,0,Proj,No_Top,570,54600
result_trotter_10_Heisenberg2D_cylinder_0.5_0.5_rand,inner,2,random,0,Double,No_Kink,631,212056
result_trotter_10_Heisenberg2D_cylinder_0.5_0.5_rand,inner,2,random,0,Proj,No_MSF,246,4440
result_trotter_10_Heisenberg2D_cylinder_0.5_0.5_rand,inner,2,naive,0,Single,Yes_Kink,713,220823
result_trotter_10_Heisenberg2D_cylinder_0.5_0.5_rand,inner,2,random,0,Double,Yes_Kink,650,218022
result_trotter_10_Heisenberg2D_cylinder_0.5_0.5_rand,inner,2,naive,0,Proj,No_Kink,737,432463
result_trotter_10_Heisenberg2D_cylinder_0.5_0.5_rand,inner,2,random,0,Single,No_MSF,586,37250
result_trotter_10_Heisenberg2D_cylinder_0.5_0.5_rand,inner,2,random,0,Single,No_Top,647,94063
result_trotter_10_Heisenberg2D_cylinder_0.5_0.5_rand,outer,1,SA,0.001,Double,No_MSF,566,35432
result_trotter_10_Heisenberg2D_cylinder_0.5_0.5_rand,inner,2,naive,0,Proj,Yes_Kink,755,432787
result_trotter_10_Heisenberg2D_cylinder_0.5_0.5_rand,inner,2,random,0,Single,No_Kink,664,202977
result_trotter_10_Heisenberg2D_cylinder_0.5_0.5_rand,outer,1,SA,0.001,Double,No_Top,627,92354
result_trotter_10_Heisenberg2D_cylinder_0.5_0.5_rand,outer,1,SA,0.001,Proj,No_MSF,246,4440
result_trotter_10_Heisenberg2D_cylinder_0.5_0.5_rand,inner,2,random,0,Single,Yes_Kink,678,203872
result_trotter_10_Heisenberg2D_cylinder_0.5_0.5_rand,outer,1,SA,0.001,Proj,No_Top,570,54600
result_trotter_10_Heisenberg2D_cylinder_0.5_0.5_rand,inner,2,random,0,Proj,No_Kink,702,386054
result_trotter_10_Heisenberg2D_cylinder_0.5_0.5_rand,outer,1,SA,0.001,Double,No_Kink,675,233140
result_trotter_10_Heisenberg2D_cylinder_0.5_0.5_rand,outer,1,SA,0.001,Single,No_MSF,586,37250
result_trotter_10_Heisenberg2D_cylinder_0.5_0.5_rand,outer,1,SA,0.001,Single,No_Top,647,94063
result_trotter_10_Heisenberg2D_cylinder_0.5_0.5_rand,outer,1,SA,0.001,Double,Yes_Kink,739,249028
result_trotter_10_Heisenberg2D_cylinder_0.5_0.5_rand,inner,2,random,0,Proj,Yes_Kink,719,379658
result_trotter_10_Heisenberg2D_cylinder_0.5_0.5_rand,outer,1,SA,0.01,Double,No_MSF,566,35432
result_trotter_10_Heisenberg2D_cylinder_0.5_0.5_rand,outer,1,SA,0.01,Double,No_Top,627,92354
result_trotter_10_Heisenberg2D_cylinder_0.5_0.5_rand,outer,1,SA,0.001,Single,No_Kink,716,209533
result_trotter_10_Heisenberg2D_cylinder_0.5_0.5_rand,outer,1,SA,0.01,Proj,No_MSF,246,4440
result_trotter_10_Heisenberg2D_cylinder_0.5_0.5_rand,outer,1,SA,0.001,Proj,No_Kink,713,291756
result_trotter_10_Heisenberg2D_cylinder_0.5_0.5_rand,outer,1,SA,0.001,Proj,Yes_Kink,730,287016
result_trotter_10_Heisenberg2D_cylinder_0.5_0.5_rand,outer,1,SA,0.01,Proj,No_Top,570,54600
result_trotter_10_Heisenberg2D_cylinder_0.5_0.5_rand,outer,1,SA,0.01,Double,No_Kink,671,232432
result_trotter_10_Heisenberg2D_cylinder_0.5_0.5_rand,outer,1,SA,0.01,Single,No_MSF,586,37250
result_trotter_10_Heisenberg2D_cylinder_0.5_0.5_rand,outer,1,SA,0.01,Single,No_Top,647,94063
result_trotter_10_Heisenberg2D_cylinder_0.5_0.5_rand,outer,1,SA,0.1,Double,No_MSF,566,35432
result_trotter_10_Heisenberg2D_cylinder_0.5_0.5_rand,outer,1,SA,0.01,Double,Yes_Kink,743,247947
result_trotter_10_Heisenberg2D_cylinder_0.5_0.5_rand,outer,1,SA,0.1,Double,No_Top,627,92354
result_trotter_10_Heisenberg2D_cylinder_0.5_0.5_rand,outer,1,SA,0.01,Proj,No_Kink,708,292323
result_trotter_10_Heisenberg2D_cylinder_0.5_0.5_rand,outer,1,SA,0.1,Proj,No_MSF,246,4440
result_trotter_10_Heisenberg2D_cylinder_0.5_0.5_rand,outer,1,SA,0.01,Single,No_Kink,712,207727
result_trotter_10_Heisenberg2D_cylinder_0.5_0.5_rand,outer,1,SA,0.1,Proj,No_Top,570,54600
result_trotter_10_Heisenberg2D_cylinder_0.5_0.5_rand,outer,1,SA,0.1,Double,No_Kink,671,234216
result_trotter_10_Heisenberg2D_cylinder_0.5_0.5_rand,outer,1,SA,0.1,Single,No_MSF,586,37250
result_trotter_10_Heisenberg2D_cylinder_0.5_0.5_rand,outer,1,SA,0.01,Proj,Yes_Kink,726,289192
result_trotter_10_Heisenberg2D_cylinder_0.5_0.5_rand,outer,1,SA,0.1,Single,No_Top,647,94063
result_trotter_10_Heisenberg2D_cylinder_0.5_0.5_rand,outer,1,SA,1,Double,No_MSF,566,35432
result_trotter_10_Heisenberg2D_cylinder_0.5_0.5_rand,outer,1,SA,0.1,Double,Yes_Kink,738,248416
result_trotter_10_Heisenberg2D_cylinder_0.5_0.5_rand,outer,1,SA,1,Double,No_Top,627,92354
result_trotter_10_Heisenberg2D_cylinder_0.5_0.5_rand,outer,1,SA,0.1,Single,No_Kink,714,208412
result_trotter_10_Heisenberg2D_cylinder_0.5_0.5_rand,outer,1,SA,1,Proj,No_MSF,246,4440
result_trotter_10_Heisenberg2D_cylinder_0.5_0.5_rand,outer,1,SA,0.1,Proj,No_Kink,711,293430
result_trotter_10_Heisenberg2D_cylinder_0.5_0.5_rand,outer,1,SA,1,Proj,No_Top,570,54600
result_trotter_10_Heisenberg2D_cylinder_0.5_0.5_rand,outer,1,SA,0.1,Proj,Yes_Kink,726,288902
result_trotter_10_Heisenberg2D_cylinder_0.5_0.5_rand,outer,1,SA,1,Double,No_Kink,670,231266
result_trotter_10_Heisenberg2D_cylinder_0.5_0.5_rand,outer,1,SA,1,Single,No_MSF,586,37250
result_trotter_10_Heisenberg2D_cylinder_0.5_0.5_rand,outer,1,SA,1,Single,No_Top,647,94063
result_trotter_10_Heisenberg2D_cylinder_0.5_0.5_rand,outer,1,naive,0,Double,No_MSF,566,35432
result_trotter_10_Heisenberg2D_cylinder_0.5_0.5_rand,outer,1,SA,1,Double,Yes_Kink,730,243952
result_trotter_10_Heisenberg2D_cylinder_0.5_0.5_rand,outer,1,naive,0,Double,No_Top,627,92354
result_trotter_10_Heisenberg2D_cylinder_0.5_0.5_rand,outer,1,naive,0,Proj,No_MSF,246,4440
result_trotter_10_Heisenberg2D_cylinder_0.5_0.5_rand,outer,1,naive,0,Proj,No_Top,570,54600
result_trotter_10_Heisenberg2D_cylinder_0.5_0.5_rand,outer,1,SA,1,Single,No_Kink,715,206683
result_trotter_10_Heisenberg2D_cylinder_0.5_0.5_rand,outer,1,SA,1,Proj,No_Kink,709,290069
result_trotter_10_Heisenberg2D_cylinder_0.5_0.5_rand,outer,1,SA,1,Proj,Yes_Kink,729,286904
result_trotter_10_Heisenberg2D_cylinder_0.5_0.5_rand,outer,1,naive,0,Double,No_Kink,760,259471
result_trotter_10_Heisenberg2D_cylinder_0.5_0.5_rand,outer,1,naive,0,Single,No_MSF,586,37250
result_trotter_10_Heisenberg2D_cylinder_0.5_0.5_rand,outer,1,naive,0,Single,No_Top,647,94063
result_trotter_10_Heisenberg2D_cylinder_0.5_0.5_rand,outer,1,random,0,Double,No_MSF,566,35432
result_trotter_10_Heisenberg2D_cylinder_0.5_0.5_rand,outer,1,naive,0,Double,Yes_Kink,827,277830
result_trotter_10_Heisenberg2D_cylinder_0.5_0.5_rand,outer,1,naive,0,Proj,No_Kink,786,321243
result_trotter_10_Heisenberg2D_cylinder_0.5_0.5_rand,outer,1,random,0,Double,No_Top,627,92354
result_trotter_10_Heisenberg2D_cylinder_0.5_0.5_rand,outer,1,naive,0,Single,No_Kink,840,239354
result_trotter_10_Heisenberg2D_cylinder_0.5_0.5_rand,outer,1,naive,0,Proj,Yes_Kink,804,316277
result_trotter_10_Heisenberg2D_cylinder_0.5_0.5_rand,outer,1,random,0,Proj,No_MSF,246,4440
result_trotter_10_Heisenberg2D_cylinder_0.5_0.5_rand,outer,1,random,0,Double,No_Kink,777,264821
result_trotter_10_Heisenberg2D_cylinder_0.5_0.5_rand,outer,1,random,0,Proj,No_Top,570,54600
result_trotter_10_Heisenberg2D_cylinder_0.5_0.5_rand,outer,1,random,0,Single,No_MSF,586,37250
result_trotter_10_Heisenberg2D_cylinder_0.5_0.5_rand,outer,1,random,0,Single,No_Top,647,94063
result_trotter_10_Heisenberg2D_cylinder_0.5_0.5_rand,outer,2,SA,0.001,Double,No_MSF,566,35432
result_trotter_10_Heisenberg2D_cylinder_0.5_0.5_rand,outer,2,SA,0.001,Double,No_Top,627,92354
result_trotter_10_Heisenberg2D_cylinder_0.5_0.5_rand,outer,1,random,0,Double,Yes_Kink,833,282418
result_trotter_10_Heisenberg2D_cylinder_0.5_0.5_rand,outer,1,random,0,Proj,No_Kink,798,326597
result_trotter_10_Heisenberg2D_cylinder_0.5_0.5_rand,outer,2,SA,0.001,Double,No_Kink,641,250156
result_trotter_10_Heisenberg2D_cylinder_0.5_0.5_rand,outer,2,SA,0.001,Proj,No_MSF,246,4440
result_trotter_10_Heisenberg2D_cylinder_0.5_0.5_rand,outer,1,random,0,Single,No_Kink,854,244261
result_trotter_10_Heisenberg2D_cylinder_0.5_0.5_rand,outer,1,random,0,Proj,Yes_Kink,814,321972
result_trotter_10_Heisenberg2D_cylinder_0.5_0.5_rand,outer,2,SA,0.001,Proj,No_Top,570,54600
result_trotter_10_Heisenberg2D_cylinder_0.5_0.5_rand,outer,2,SA,0.001,Single,No_MSF,586,37250
result_trotter_10_Heisenberg2D_cylinder_0.5_0.5_rand,outer,2,SA,0.001,Double,Yes_Kink,658,253039
result_trotter_10_Heisenberg2D_cylinder_0.5_0.5_rand,outer,2,SA,0.001,Single,No_Top,647,94063
result_trotter_10_Heisenberg2D_cylinder_0.5_0.5_rand,outer,2,SA,0.01,Double,No_MSF,566,35432
result_trotter_10_Heisenberg2D_cylinder_0.5_0.5_rand,outer,2,SA,0.01,Double,No_Top,627,92354
result_trotter_10_Heisenberg2D_cylinder_0.5_0.5_rand,outer,2,SA,0.001,Single,No_Kink,690,232861
result_trotter_10_Heisenberg2D_cylinder_0.5_0.5_rand,outer,2,SA,0.01,Proj,No_MSF,246,4440
result_trotter_10_Heisenberg2D_cylinder_0.5_0.5_rand,outer,2,SA,0.001,Single,Yes_Kink,699,235594
result_trotter_10_Heisenberg2D_cylinder_0.5_0.5_rand,outer,2,SA,0.01,Proj,No_Top,570,54600
result_trotter_10_Heisenberg2D_cylinder_0.5_0.5_rand,outer,2,SA,0.001,Proj,No_Kink,654,383340
result_trotter_10_Heisenberg2D_cylinder_0.5_0.5_rand,outer,2,SA,0.01,Single,No_MSF,586,37250
result_trotter_10_Heisenberg2D_cylinder_0.5_0.5_rand,outer,2,SA,0.01,Double,No_Kink,647,257826
result_trotter_10_Heisenberg2D_cylinder_0.5_0.5_rand,outer,2,SA,0.001,Proj,Yes_Kink,670,380935
result_trotter_10_Heisenberg2D_cylinder_0.5_0.5_rand,outer,2,SA,0.01,Single,No_Top,647,94063
result_trotter_10_Heisenberg2D_cylinder_0.5_0.5_rand,outer,2,SA,0.01,Double,Yes_Kink,668,261798
result_trotter_10_Heisenberg2D_cylinder_0.5_0.5_rand,outer,2,SA,0.1,Double,No_MSF,566,35432
result_trotter_10_Heisenberg2D_cylinder_0.5_0.5_rand,outer,2,SA,0.01,Proj,No_Kink,650,387068
result_trotter_10_Heisenberg2D_cylinder_0.5_0.5_rand,outer,2,SA,0.1,Double,No_Top,627,92354
result_trotter_10_Heisenberg2D_cylinder_0.5_0.5_rand,outer,2,SA,0.01,Single,No_Kink,700,238207
result_trotter_10_Heisenberg2D_cylinder_0.5_0.5_rand,outer,2,SA,0.01,Proj,Yes_Kink,665,384023
result_trotter_10_Heisenberg2D_cylinder_0.5_0.5_rand,outer,2,SA,0.1,Proj,No_MSF,246,4440
result_trotter_10_Heisenberg2D_cylinder_0.5_0.5_rand,outer,2,SA,0.1,Proj,No_Top,570,54600
result_trotter_10_Heisenberg2D_cylinder_0.5_0.5_rand,outer,2,SA,0.1,Single,No_MSF,586,37250
result_trotter_10_Heisenberg2D_cylinder_0.5_0.5_rand,outer,2,SA,0.1,Double,Yes_Kink,682,233441
result_trotter_10_Heisenberg2D_cylinder_0.5_0.5_rand,outer,2,SA,0.01,Single,Yes_Kink,708,241791
result_trotter_10_Heisenberg2D_cylinder_0.5_0.5_rand,outer,2,SA,0.1,Double,No_Kink,654,230029
result_trotter_10_Heisenberg2D_cylinder_0.5_0.5_rand,outer,2,SA,0.1,Single,No_Kink,688,207746
result_trotter_10_Heisenberg2D_cylinder_0.5_0.5_rand,outer,2,SA,1,Double,No_MSF,566,35432
result_trotter_10_Heisenberg2D_cylinder_0.5_0.5_rand,outer,2,SA,0.1,Single,No_Top,647,94063
result_trotter_10_Heisenberg2D_cylinder_0.5_0.5_rand,outer,2,SA,1,Double,No_Top,627,92354
result_trotter_10_Heisenberg2D_cylinder_0.5_0.5_rand,outer,2,SA,0.1,Single,Yes_Kink,699,211903
result_trotter_10_Heisenberg2D_cylinder_0.5_0.5_rand,outer,2,SA,1,Proj,No_MSF,246,4440
result_trotter_10_Heisenberg2D_cylinder_0.5_0.5_rand,outer,2,SA,1,Double,Yes_Kink,688,233163
result_trotter_10_Heisenberg2D_cylinder_0.5_0.5_rand,outer,2,SA,0.1,Proj,No_Kink,676,394853
result_trotter_10_Heisenberg2D_cylinder_0.5_0.5_rand,outer,2,SA,1,Double,No_Kink,656,226242
result_trotter_10_Heisenberg2D_cylinder_0.5_0.5_rand,outer,2,SA,1,Proj,No_Top,570,54600
result_trotter_10_Heisenberg2D_cylinder_0.5_0.5_rand,outer,2,SA,1,Single,No_MSF,586,37250
result_trotter_10_Heisenberg2D_cylinder_0.5_0.5_rand,outer,2,SA,1,Single,No_Top,647,94063
result_trotter_10_Heisenberg2D_cylinder_0.5_0.5_rand,outer,2,naive,0,Double,No_MSF,566,35432
result_trotter_10_Heisenberg2D_cylinder_0.5_0.5_rand,outer,2,SA,0.1,Proj,Yes_Kink,691,392536
result_trotter_10_Heisenberg2D_cylinder_0.5_0.5_rand,outer,2,naive,0,Double,No_Top,627,92354
result_trotter_10_Heisenberg2D_cylinder_0.5_0.5_rand,outer,2,SA,1,Single,No_Kink,687,205230
result_trotter_10_Heisenberg2D_cylinder_0.5_0.5_rand,outer,2,naive,0,Proj,No_MSF,246,4440
result_trotter_10_Heisenberg2D_cylinder_0.5_0.5_rand,outer,2,SA,1,Single,Yes_Kink,694,208278
result_trotter_10_Heisenberg2D_cylinder_0.5_0.5_rand,outer,2,SA,1,Proj,Yes_Kink,688,396330
result_trotter_10_Heisenberg2D_cylinder_0.5_0.5_rand,outer,2,naive,0,Proj,No_Top,570,54600
result_trotter_10_Heisenberg2D_cylinder_0.5_0.5_rand,outer,2,SA,1,Proj,No_Kink,673,398559
result_trotter_10_Heisenberg2D_cylinder_0.5_0.5_rand,outer,2,naive,0,Single,No_MSF,586,37250
result_trotter_10_Heisenberg2D_cylinder_0.5_0.5_rand,outer,2,naive,0,Double,No_Kink,656,238377
result_trotter_10_Heisenberg2D_cylinder_0.5_0.5_rand,outer,2,naive,0,Double,Yes_Kink,686,240993
result_trotter_10_Heisenberg2D_cylinder_0.5_0.5_rand,outer,2,naive,0,Single,No_Top,647,94063
result_trotter_10_Heisenberg2D_cylinder_0.5_0.5_rand,outer,2,random,0,Double,No_MSF,566,35432
result_trotter_10_Heisenberg2D_cylinder_0.5_0.5_rand,outer,2,random,0,Double,No_Top,627,92354
result_trotter_10_Heisenberg2D_cylinder_0.5_0.5_rand,outer,2,naive,0,Single,No_Kink,701,218808
result_trotter_10_Heisenberg2D_cylinder_0.5_0.5_rand,outer,2,random,0,Proj,No_MSF,246,4440
result_trotter_10_Heisenberg2D_cylinder_0.5_0.5_rand,outer,2,random,0,Proj,No_Top,570,54600
result_trotter_10_Heisenberg2D_cylinder_0.5_0.5_rand,outer,2,naive,0,Single,Yes_Kink,713,220823
result_trotter_10_Heisenberg2D_cylinder_0.5_0.5_rand,outer,2,naive,0,Proj,No_Kink,737,432463
result_trotter_10_Heisenberg2D_cylinder_0.5_0.5_rand,outer,2,random,0,Double,No_Kink,652,264386
result_trotter_10_Heisenberg2D_cylinder_0.5_0.5_rand,outer,2,random,0,Single,No_MSF,586,37250
result_trotter_10_Heisenberg2D_cylinder_0.5_0.5_rand,outer,2,random,0,Double,Yes_Kink,678,266180
result_trotter_10_Heisenberg2D_cylinder_0.5_0.5_rand,outer,2,random,0,Single,No_Top,647,94063
result_trotter_10_Heisenberg2D_cylinder_0.5_0.5_rand,outer,2,naive,0,Proj,Yes_Kink,755,432787
result_trotter_10_Heisenberg2D_cylinder_0.5_0.5_rand,outer,2,random,0,Single,No_Kink,712,244441
result_trotter_10_Heisenberg2D_cylinder_0.5_0.5_rand,outer,2,random,0,Single,Yes_Kink,723,248835
result_trotter_10_Heisenberg2D_cylinder_0.5_0.5_rand,outer,2,random,0,Proj,No_Kink,712,419814
result_trotter_10_Heisenberg2D_cylinder_0.5_0.5_rand,outer,2,random,0,Proj,Yes_Kink,728,417814
result_trotter_20_Heisenberg2D_cylinder_0.5_0.5_det,inner,1,SA,0.001,Double,No_MSF,315,72191
result_trotter_20_Heisenberg2D_cylinder_0.5_0.5_det,inner,1,SA,0.001,Double,No_Top,1255,653848
result_trotter_20_Heisenberg2D_cylinder_0.5_0.5_det,inner,1,SA,0.001,Proj,No_MSF,246,18468
result_trotter_20_Heisenberg2D_cylinder_0.5_0.5_det,inner,1,SA,0.001,Single,No_MSF,318,73320
result_trotter_20_Heisenberg2D_cylinder_0.5_0.5_det,inner,1,SA,0.001,Proj,No_Top,1226,224388
result_trotter_20_Heisenberg2D_cylinder_0.5_0.5_det,inner,1,SA,0.01,Double,No_MSF,315,72191
result_trotter_20_Heisenberg2D_cylinder_0.5_0.5_det,inner,1,SA,0.001,Single,No_Top,1258,654943
result_trotter_20_Heisenberg2D_cylinder_0.5_0.5_det,inner,1,SA,0.01,Double,No_Top,1255,653848
result_trotter_20_Heisenberg2D_cylinder_0.5_0.5_det,inner,1,SA,0.001,Single,No_Kink,1333,1436471
result_trotter_20_Heisenberg2D_cylinder_0.5_0.5_det,inner,1,SA,0.001,Double,No_Kink,1320,1679538
result_trotter_20_Heisenberg2D_cylinder_0.5_0.5_det,inner,1,SA,0.001,Double,Yes_Kink,1457,1787773
result_trotter_20_Heisenberg2D_cylinder_0.5_0.5_det,inner,1,SA,0.01,Proj,No_MSF,246,18468
result_trotter_20_Heisenberg2D_cylinder_0.5_0.5_det,inner,1,SA,0.01,Proj,No_Top,1226,224388
result_trotter_20_Heisenberg2D_cylinder_0.5_0.5_det,inner,1,SA,0.01,Double,No_Kink,1297,1632835
result_trotter_20_Heisenberg2D_cylinder_0.5_0.5_det,inner,1,SA,0.01,Single,No_MSF,318,73320
result_trotter_20_Heisenberg2D_cylinder_0.5_0.5_det,inner,1,SA,0.001,Proj,No_Kink,1635,2449105
result_trotter_20_Heisenberg2D_cylinder_0.5_0.5_det,inner,1,SA,0.01,Double,Yes_Kink,1349,1661735
result_trotter_20_Heisenberg2D_cylinder_0.5_0.5_det,inner,1,SA,0.01,Single,No_Top,1258,654943
result_trotter_20_Heisenberg2D_cylinder_0.5_0.5_det,inner,1,SA,0.001,Proj,Yes_Kink,1672,2410897
result_trotter_20_Heisenberg2D_cylinder_0.5_0.5_det,inner,1,SA,0.1,Double,No_MSF,315,72191
result_trotter_20_Heisenberg2D_cylinder_0.5_0.5_det,inner,1,SA,0.1,Double,No_Top,1255,653848
result_trotter_20_Heisenberg2D_cylinder_0.5_0.5_det,inner,1,SA,0.1,Proj,No_MSF,246,18468
result_trotter_20_Heisenberg2D_cylinder_0.5_0.5_det,inner,1,SA,0.01,Single,No_Kink,1316,1402980
result_trotter_20_Heisenberg2D_cylinder_0.5_0.5_det,inner,1,SA,0.1,Proj,No_Top,1226,224388
result_trotter_20_Heisenberg2D_cylinder_0.5_0.5_det,inner,1,SA,0.01,Proj,No_Kink,1413,2132169
result_trotter_20_Heisenberg2D_cylinder_0.5_0.5_det,inner,1,SA,0.1,Single,No_MSF,318,73320
result_trotter_20_Heisenberg2D_cylinder_0.5_0.5_det,inner,1,SA,0.1,Single,No_Top,1258,654943
result_trotter_20_Heisenberg2D_cylinder_0.5_0.5_det,inner,1,SA,0.1,Double,No_Kink,1287,1528034
result_trotter_20_Heisenberg2D_cylinder_0.5_0.5_det,inner,1,SA,0.01,Proj,Yes_Kink,1433,2078565
result_trotter_20_Heisenberg2D_cylinder_0.5_0.5_det,inner,1,SA,1,Double,No_MSF,315,72191
result_trotter_20_Heisenberg2D_cylinder_0.5_0.5_det,inner,1,SA,0.1,Double,Yes_Kink,1305,1577295
result_trotter_20_Heisenberg2D_cylinder_0.5_0.5_det,inner,1,SA,0.1,Single,No_Kink,1301,1334010
result_trotter_20_Heisenberg2D_cylinder_0.5_0.5_det,inner,1,SA,1,Double,No_Top,1255,653848
result_trotter_20_Heisenberg2D_cylinder_0.5_0.5_det,inner,1,SA,1,Proj,No_MSF,246,18468
result_trotter_20_Heisenberg2D_cylinder_0.5_0.5_det,inner,1,SA,1,Proj,No_Top,1226,224388
result_trotter_20_Heisenberg2D_cylinder_0.5_0.5_det,inner,1,SA,0.1,Proj,No_Kink,1323,1991525
result_trotter_20_Heisenberg2D_cylinder_0.5_0.5_det,inner,1,SA,1,Double,No_Kink,1288,1441797
result_trotter_20_Heisenberg2D_cylinder_0.5_0.5_det,inner,1,SA,1,Single,No_MSF,318,73320
result_trotter_20_Heisenberg2D_cylinder_0.5_0.5_det,inner,1,SA,0.1,Proj,Yes_Kink,1334,1917035
result_trotter_20_Heisenberg2D_cylinder_0.5_0.5_det,inner,1,SA,1,Single,No_Top,1258,654943
result_trotter_20_Heisenberg2D_cylinder_0.5_0.5_det,inner,1,naive,0,Double,No_MSF,315,72191
result_trotter_20_Heisenberg2D_cylinder_0.5_0.5_det,inner,1,naive,0,Double,No_Top,1255,653848
result_trotter_20_Heisenberg2D_cylinder_0.5_0.5_det,inner,1,SA,1,Double,Yes_Kink,1303,1541321
result_trotter_20_Heisenberg2D_cylinder_0.5_0.5_det,inner,1,SA,1,Single,No_Kink,1297,1299529
result_trotter_20_Heisenberg2D_cylinder_0.5_0.5_det,inner,1,naive,0,Proj,No_MSF,246,18468
result_trotter_20_Heisenberg2D_cylinder_0.5_0.5_det,inner,1,naive,0,Proj,No_Top,1226,224388
result_trotter_20_Heisenberg2D_cylinder_0.5_0.5_det,inner,1,SA,1,Proj,No_Kink,1279,1923946
result_trotter_20_Heisenberg2D_cylinder_0.5_0.5_det,inner,1,naive,0,Single,No_MSF,318,73320
result_trotter_20_Heisenberg2D_cylinder_0.5_0.5_det,inner,1,SA,1,Proj,Yes_Kink,1286,1827003
result_trotter_20_Heisenberg2D_cylinder_0.5_0.5_det,inner,1,naive,0,Single,No_Top,1258,654943
result_trotter_20_Heisenberg2D_cylinder_0.5_0.5_det,inner,1,random,0,Double,No_MSF,315,72191
result_trotter_20_Heisenberg2D_cylinder_0.5_0.5_det,inner,1,naive,0,Double,No_Kink,1372,1777451
result_trotter_20_Heisenberg2D_cylinder_0.5_0.5_det,inner,1,random,0,Double,No_Top,1255,653848
result_trotter_20_Heisenberg2D_cylinder_0.5_0.5_det,inner,1,naive,0,Double,Yes_Kink,1474,1851537
result_trotter_20_Heisenberg2D_cylinder_0.5_0.5_det,inner,1,random,0,Proj,No_MSF,246,18468
result_trotter_20_Heisenberg2D_cylinder_0.5_0.5_det,inner,1,naive,0,Single,No_Kink,1423,1546123
result_trotter_20_Heisenberg2D_cylinder_0.5_0.5_det,inner,1,random,0,Proj,No_Top,1226,224388
result_trotter_20_Heisenberg2D_cylinder_0.5_0.5_det,inner,1,naive,0,Proj,No_Kink,1382,2134317
result_trotter_20_Heisenberg2D_cylinder_0.5_0.5_det,inner,1,random,0,Single,No_MSF,318,73320
result_trotter_20_Heisenberg2D_cylinder_0.5_0.5_det,inner,1,random,0,Double,No_Kink,1534,1681429
result_trotter_20_Heisenberg2D_cylinder_0.5_0.5_det,inner,1,random,0,Single,No_Top,1258,654943
result_trotter_20_Heisenberg2D_cylinder_0.5_0.5_det,inner,1,naive,0,Proj,Yes_Kink,1403,2123238
result_trotter_20_Heisenberg2D_cylinder_0.5_0.5_det,inner,2,SA,0.001,Double,No_MSF,315,72191
result_trotter_20_Heisenberg2D_cylinder_0.5_0.5_det,inner,1,random,0,Double,Yes_Kink,1570,1701054
result_trotter_20_Heisenberg2D_cylinder_0.5_0.5_det,inner,2,SA,0.001,Double,No_Top,1255,653848
result_trotter_20_Heisenberg2D_cylinder_0.5_0.5_det,inner,2,SA,0.001,Proj,No_MSF,246,18468
result_trotter_20_Heisenberg2D_cylinder_0.5_0.5_det,inner,2,SA,0.001,Proj,No_Top,1226,224388
result_trotter_20_Heisenberg2D_cylinder_0.5_0.5_det,inner,1,random,0,Single,No_Kink,1660,1589634
result_trotter_20_Heisenberg2D_cylinder_0.5_0.5_det,inner,2,SA,0.001,Double,No_Kink,1270,1260781
result_trotter_20_Heisenberg2D_cylinder_0.5_0.5_det,inner,2,SA,0.001,Single,No_MSF,318,73320
result_trotter_20_Heisenberg2D_cylinder_0.5_0.5_det,inner,1,random,0,Proj,No_Kink,1544,2316924
result_trotter_20_Heisenberg2D_cylinder_0.5_0.5_det,inner,2,SA,0.001,Double,Yes_Kink,1275,1365023
result_trotter_20_Heisenberg2D_cylinder_0.5_0.5_det,inner,2,SA,0.001,Single,No_Top,1258,654943
result_trotter_20_Heisenberg2D_cylinder_0.5_0.5_det,inner,1,random,0,Proj,Yes_Kink,1566,2264129
result_trotter_20_Heisenberg2D_cylinder_0.5_0.5_det,inner,2,SA,0.01,Double,No_MSF,315,72191
result_trotter_20_Heisenberg2D_cylinder_0.5_0.5_det,inner,2,SA,0.01,Double,No_Top,1255,653848
result_trotter_20_Heisenberg2D_cylinder_0.5_0.5_det,inner,2,SA,0.001,Single,No_Kink,1275,1341194
result_trotter_20_Heisenberg2D_cylinder_0.5_0.5_det,inner,2,SA,0.01,Proj,No_MSF,246,18468
result_trotter_20_Heisenberg2D_cylinder_0.5_0.5_det,inner,2,SA,0.01,Proj,No_Top,1226,224388
result_trotter_20_Heisenberg2D_cylinder_0.5_0.5_det,inner,2,SA,0.001,Single,Yes_Kink,1285,1379465
result_trotter_20_Heisenberg2D_cylinder_0.5_0.5_det,inner,2,SA,0.01,Double,No_Kink,1268,1279568
result_trotter_20_Heisenberg2D_cylinder_0.5_0.5_det,inner,2,SA,0.01,Single,No_MSF,318,73320
result_trotter_20_Heisenberg2D_cylinder_0.5_0.5_det,inner,2,SA,0.001,Proj,No_Kink,1296,2350837
result_trotter_20_Heisenberg2D_cylinder_0.5_0.5_det,inner,2,SA,0.01,Double,Yes_Kink,1274,1371336
result_trotter_20_Heisenberg2D_cylinder_0.5_0.5_det,inner,2,SA,0.01,Single,No_Top,1258,654943
result_trotter_20_Heisenberg2D_cylinder_0.5_0.5_det,inner,2,SA,0.1,Double,No_MSF,315,72191
result_trotter_20_Heisenberg2D_cylinder_0.5_0.5_det,inner,2,SA,0.001,Proj,Yes_Kink,1301,2281444
result_trotter_20_Heisenberg2D_cylinder_0.5_0.5_det,inner,2,SA,0.1,Double,No_Top,1255,653848
result_trotter_20_Heisenberg2D_cylinder_0.5_0.5_det,inner,2,SA,0.01,Single,No_Kink,1272,1361045
result_trotter_20_Heisenberg2D_cylinder_0.5_0.5_det,inner,2,SA,0.1,Proj,No_MSF,246,18468
result_trotter_20_Heisenberg2D_cylinder_0.5_0.5_det,inner,2,SA,0.1,Double,No_Kink,1267,1164587
result_trotter_20_Heisenberg2D_cylinder_0.5_0.5_det,inner,2,SA,0.1,Proj,No_Top,1226,224388
result_trotter_20_Heisenberg2D_cylinder_0.5_0.5_det,inner,2,SA,0.01,Single,Yes_Kink,1283,1405571
result_trotter_20_Heisenberg2D_cylinder_0.5_0.5_det,inner,2,SA,0.1,Single,No_MSF,318,73320
result_trotter_20_Heisenberg2D_cylinder_0.5_0.5_det,inner,2,SA,0.01,Proj,No_Kink,1294,2364990
result_trotter_20_Heisenberg2D_cylinder_0.5_0.5_det,inner,2,SA,0.1,Single,No_Top,1258,654943
result_trotter_20_Heisenberg2D_cylinder_0.5_0.5_det,inner,2,SA,0.1,Double,Yes_Kink,1269,1286332
result_trotter_20_Heisenberg2D_cylinder_0.5_0.5_det,inner,2,SA,0.01,Proj,Yes_Kink,1297,2291853
result_trotter_20_Heisenberg2D_cylinder_0.5_0.5_det,inner,2,SA,1,Double,No_MSF,315,72191
result_trotter_20_Heisenberg2D_cylinder_0.5_0.5_det,inner,2,SA,1,Double,No_Top,1255,653848
result_trotter_20_Heisenberg2D_cylinder_0.5_0.5_det,inner,2,SA,1,Proj,No_MSF,246,18468
result_trotter_20_Heisenberg2D_cylinder_0.5_0.5_det,inner,2,SA,0.1,Single,No_Kink,1270,1266017
result_trotter_20_Heisenberg2D_cylinder_0.5_0.5_det,inner,2,SA,1,Double,No_Kink,1271,1095153
result_trotter_20_Heisenberg2D_cylinder_0.5_0.5_det,inner,2,SA,0.1,Single,Yes_Kink,1279,1296129
result_trotter_20_Heisenberg2D_cylinder_0.5_0.5_det,inner,2,SA,1,Proj,No_Top,1226,224388
result_trotter_20_Heisenberg2D_cylinder_0.5_0.5_det,inner,2,SA,1,Single,No_MSF,318,73320
result_trotter_20_Heisenberg2D_cylinder_0.5_0.5_det,inner,2,SA,1,Double,Yes_Kink,1274,1213531
result_trotter_20_Heisenberg2D_cylinder_0.5_0.5_det,inner,2,SA,1,Single,No_Top,1258,654943
result_trotter_20_Heisenberg2D_cylinder_0.5_0.5_det,inner,2,SA,0.1,Proj,No_Kink,1260,2296775
result_trotter_20_Heisenberg2D_cylinder_0.5_0.5_det,inner,2,SA,0.1,Proj,Yes_Kink,1264,2225261
result_trotter_20_Heisenberg2D_cylinder_0.5_0.5_det,inner,2,naive,0,Double,No_MSF,315,72191
result_trotter_20_Heisenberg2D_cylinder_0.5_0.5_det,inner,2,SA,1,Single,No_Kink,1275,1152651
result_trotter_20_Heisenberg2D_cylinder_0.5_0.5_det,inner,2,naive,0,Double,No_Top,1255,653848
result_trotter_20_Heisenberg2D_cylinder_0.5_0.5_det,inner,2,naive,0,Proj,No_MSF,246,18468
result_trotter_20_Heisenberg2D_cylinder_0.5_0.5_det,inner,2,naive,0,Proj,No_Top,1226,224388
result_trotter_20_Heisenberg2D_cylinder_0.5_0.5_det,inner,2,SA,1,Single,Yes_Kink,1285,1191018
result_trotter_20_Heisenberg2D_cylinder_0.5_0.5_det,inner,2,naive,0,Single,No_MSF,318,73320
result_trotter_20_Heisenberg2D_cylinder_0.5_0.5_det,inner,2,SA,1,Proj,No_Kink,1281,2312936
result_trotter_20_Heisenberg2D_cylinder_0.5_0.5_det,inner,2,naive,0,Single,No_Top,1258,654943
result_trotter_20_Heisenberg2D_cylinder_0.5_0.5_det,inner,2,SA,1,Proj,Yes_Kink,1285,2246674
result_trotter_20_Heisenberg2D_cylinder_0.5_0.5_det,inner,2,naive,0,Double,No_Kink,1319,1708478
result_trotter_20_Heisenberg2D_cylinder_0.5_0.5_det,inner,2,random,0,Double,No_MSF,315,72191
result_trotter_20_Heisenberg2D_cylinder_0.5_0.5_det,inner,2,random,0,Double,No_Top,1255,653848
result_trotter_20_Heisenberg2D_cylinder_0.5_0.5_det,inner,2,naive,0,Double,Yes_Kink,1336,1699146
result_trotter_20_Heisenberg2D_cylinder_0.5_0.5_det,inner,2,random,0,Proj,No_MSF,246,18468
result_trotter_20_Heisenberg2D_cylinder_0.5_0.5_det,inner,2,naive,0,Single,No_Kink,1341,1576217
result_trotter_20_Heisenberg2D_cylinder_0.5_0.5_det,inner,2,naive,0,Single,Yes_Kink,1357,1603476
result_trotter_20_Heisenberg2D_cylinder_0.5_0.5_det,inner,2,random,0,Proj,No_Top,1226,224388
result_trotter_20_Heisenberg2D_cylinder_0.5_0.5_det,inner,2,random,0,Double,No_Kink,1380,1427098
result_trotter_20_Heisenberg2D_cylinder_0.5_0.5_det,inner,2,random,0,Single,No_MSF,318,73320
result_trotter_20_Heisenberg2D_cylinder_0.5_0.5_det,inner,2,random,0,Single,No_Top,1258,654943
result_trotter_20_Heisenberg2D_cylinder_0.5_0.5_det,inner,2,random,0,Double,Yes_Kink,1394,1441574
result_trotter_20_Heisenberg2D_cylinder_0.5_0.5_det,inner,2,naive,0,Proj,No_Kink,1387,2586866
result_trotter_20_Heisenberg2D_cylinder_0.5_0.5_det,outer,1,SA,0.001,Double,No_MSF,315,72191
result_trotter_20_Heisenberg2D_cylinder_0.5_0.5_det,inner,2,naive,0,Proj,Yes_Kink,1405,2580017
result_trotter_20_Heisenberg2D_cylinder_0.5_0.5_det,outer,1,SA,0.001,Double,No_Top,1255,653848
result_trotter_20_Heisenberg2D_cylinder_0.5_0.5_det,outer,1,SA,0.001,Proj,No_MSF,246,18468
result_trotter_20_Heisenberg2D_cylinder_0.5_0.5_det,inner,2,random,0,Single,No_Kink,1426,1368969
result_trotter_20_Heisenberg2D_cylinder_0.5_0.5_det,outer,1,SA,0.001,Proj,No_Top,1226,224388
result_trotter_20_Heisenberg2D_cylinder_0.5_0.5_det,inner,2,random,0,Single,Yes_Kink,1437,1384672
result_trotter_20_Heisenberg2D_cylinder_0.5_0.5_det,inner,2,random,0,Proj,No_Kink,1389,2531403
result_trotter_20_Heisenberg2D_cylinder_0.5_0.5_det,outer,1,SA,0.001,Single,No_MSF,318,73320
result_trotter_20_Heisenberg2D_cylinder_0.5_0.5_det,outer,1,SA,0.001,Double,No_Kink,1309,1716898
result_trotter_20_Heisenberg2D_cylinder_0.5_0.5_det,outer,1,SA,0.001,Single,No_Top,1258,654943
result_trotter_20_Heisenberg2D_cylinder_0.5_0.5_det,inner,2,random,0,Proj,Yes_Kink,1401,2469277
result_trotter_20_Heisenberg2D_cylinder_0.5_0.5_det,outer,1,SA,0.01,Double,No_MSF,315,72191
result_trotter_20_Heisenberg2D_cylinder_0.5_0.5_det,outer,1,SA,0.001,Double,Yes_Kink,1413,1802311
result_trotter_20_Heisenberg2D_cylinder_0.5_0.5_det,outer,1,SA,0.01,Double,No_Top,1255,653848
result_trotter_20_Heisenberg2D_cylinder_0.5_0.5_det,outer,1,SA,0.001,Single,No_Kink,1344,1476957
result_trotter_20_Heisenberg2D_cylinder_0.5_0.5_det,outer,1,SA,0.01,Proj,No_MSF,246,18468
result_trotter_20_Heisenberg2D_cylinder_0.5_0.5_det,outer,1,SA,0.01,Proj,No_Top,1226,224388
result_trotter_20_Heisenberg2D_cylinder_0.5_0.5_det,outer,1,SA,0.001,Proj,Yes_Kink,1339,2035144
result_trotter_20_Heisenberg2D_cylinder_0.5_0.5_det,outer,1,SA,0.001,Proj,No_Kink,1319,2048266
result_trotter_20_Heisenberg2D_cylinder_0.5_0.5_det,outer,1,SA,0.01,Single,No_MSF,318,73320
result_trotter_20_Heisenberg2D_cylinder_0.5_0.5_det,outer,1,SA,0.01,Single,No_Top,1258,654943
result_trotter_20_Heisenberg2D_cylinder_0.5_0.5_det,outer,1,SA,0.1,Double,No_MSF,315,72191
result_trotter_20_Heisenberg2D_cylinder_0.5_0.5_det,outer,1,SA,0.01,Double,No_Kink,1313,1728219
result_trotter_20_Heisenberg2D_cylinder_0.5_0.5_det,outer,1,SA,0.1,Double,No_Top,1255,653848
result_trotter_20_Heisenberg2D_cylinder_0.5_0.5_det,outer,1,SA,0.01,Double,Yes_Kink,1423,1813156
result_trotter_20_Heisenberg2D_cylinder_0.5_0.5_det,outer,1,SA,0.1,Proj,No_MSF,246,18468
result_trotter_20_Heisenberg2D_cylinder_0.5_0.5_det,outer,1,SA,0.01,Single,No_Kink,1343,1482360
result_trotter_20_Heisenberg2D_cylinder_0.5_0.5_det,outer,1,SA,0.1,Proj,No_Top,1226,224388
result_trotter_20_Heisenberg2D_cylinder_0.5_0.5_det,outer,1,SA,0.01,Proj,No_Kink,1323,2043507
result_trotter_20_Heisenberg2D_cylinder_0.5_0.5_det,outer,1,SA,0.1,Single,No_MSF,318,73320
result_trotter_20_Heisenberg2D_cylinder_0.5_0.5_det,outer,1,SA,0.01,Proj,Yes_Kink,1342,2029790
result_trotter_20_Heisenberg2D_cylinder_0.5_0.5_det,outer,1,SA,0.1,Single,No_Top,1258,654943
result_trotter_20_Heisenberg2D_cylinder_0.5_0.5_det,outer,1,SA,0.1,Double,No_Kink,1312,1730062
result_trotter_20_Heisenberg2D_cylinder_0.5_0.5_det,outer,1,SA,1,Double,No_MSF,315,72191
result_trotter_20_Heisenberg2D_cylinder_0.5_0.5_det,outer,1,SA,1,Double,No_Top,1255,653848
result_trotter_20_Heisenberg2D_cylinder_0.5_0.5_det,outer,1,SA,0.1,Double,Yes_Kink,1423,1820906
result_trotter_20_Heisenberg2D_cylinder_0.5_0.5_det,outer,1,SA,1,Proj,No_MSF,246,18468
result_trotter_20_Heisenberg2D_cylinder_0.5_0.5_det,outer,1,SA,1,Proj,No_Top,1226,224388
result_trotter_20_Heisenberg2D_cylinder_0.5_0.5_det,outer,1,SA,0.1,Single,No_Kink,1346,1487143
result_trotter_20_Heisenberg2D_cylinder_0.5_0.5_det,outer,1,SA,0.1,Proj,No_Kink,1322,2049267
result_trotter_20_Heisenberg2D_cylinder_0.5_0.5_det,outer,1,SA,1,Single,No_MSF,318,73320
result_trotter_20_Heisenberg2D_cylinder_0.5_0.5_det,outer,1,SA,0.1,Proj,Yes_Kink,1340,2035153
result_trotter_20_Heisenberg2D_cylinder_0.5_0.5_det,outer,1,naive,0,Double,No_MSF,315,72191
result_trotter_20_Heisenberg2D_cylinder_0.5_0.5_det,outer,1,SA,1,Single,No_Top,1258,654943
result_trotter_20_Heisenberg2D_cylinder_0.5_0.5_det,outer,1,SA,1,Double,No_Kink,1320,1731523
result_trotter_20_Heisenberg2D_cylinder_0.5_0.5_det,outer,1,SA,1,Double,Yes_Kink,1436,1824293
result_trotter_20_Heisenberg2D_cylinder_0.5_0.5_det,outer,1,naive,0,Double,No_Top,1255,653848
result_trotter_20_Heisenberg2D_cylinder_0.5_0.5_det,outer,1,naive,0,Proj,No_MSF,246,18468
result_trotter_20_Heisenberg2D_cylinder_0.5_0.5_det,outer,1,SA,1,Proj,No_Kink,1328,2041117
result_trotter_20_Heisenberg2D_cylinder_0.5_0.5_det,outer,1,SA,1,Single,No_Kink,1352,1474944
result_trotter_20_Heisenberg2D_cylinder_0.5_0.5_det,outer,1,naive,0,Proj,No_Top,1226,224388
result_trotter_20_Heisenberg2D_cylinder_0.5_0.5_det,outer,1,SA,1,Proj,Yes_Kink,1347,2027693
result_trotter_20_Heisenberg2D_cylinder_0.5_0.5_det,outer,1,naive,0,Single,No_MSF,318,73320
result_trotter_20_Heisenberg2D_cylinder_0.5_0.5_det,outer,1,naive,0,Single,No_Top,1258,654943
result_trotter_20_Heisenberg2D_cylinder_0.5_0.5_det,outer,1,random,0,Double,No_MSF,315,72191
result_trotter_20_Heisenberg2D_cylinder_0.5_0.5_det,outer,1,naive,0,Double,No_Kink,1372,1777451
result_trotter_20_Heisenberg2D_cylinder_0.5_0.5_det,outer,1,random,0,Double,No_Top,1255,653848
result_trotter_20_Heisenberg2D_cylinder_0.5_0.5_det,outer,1,naive,0,Double,Yes_Kink,1474,1851537
result_trotter_20_Heisenberg2D_cylinder_0.5_0.5_det,outer,1,random,0,Proj,No_MSF,246,18468
result_trotter_20_Heisenberg2D_cylinder_0.5_0.5_det,outer,1,random,0,Proj,No_Top,1226,224388
result_trotter_20_Heisenberg2D_cylinder_0.5_0.5_det,outer,1,naive,0,Single,No_Kink,1423,1546123
result_trotter_20_Heisenberg2D_cylinder_0.5_0.5_det,outer,1,naive,0,Proj,No_Kink,1382,2134317
result_trotter_20_Heisenberg2D_cylinder_0.5_0.5_det,outer,1,random,0,Single,No_MSF,318,73320
result_trotter_20_Heisenberg2D_cylinder_0.5_0.5_det,outer,1,naive,0,Proj,Yes_Kink,1403,2123238
result_trotter_20_Heisenberg2D_cylinder_0.5_0.5_det,outer,1,random,0,Single,No_Top,1258,654943
result_trotter_20_Heisenberg2D_cylinder_0.5_0.5_det,outer,2,SA,0.001,Double,No_MSF,315,72191
result_trotter_20_Heisenberg2D_cylinder_0.5_0.5_det,outer,1,random,0,Double,No_Kink,1597,2018089
result_trotter_20_Heisenberg2D_cylinder_0.5_0.5_det,outer,2,SA,0.001,Double,No_Top,1255,653848
result_trotter_20_Heisenberg2D_cylinder_0.5_0.5_det,outer,1,random,0,Double,Yes_Kink,1702,2096214
result_trotter_20_Heisenberg2D_cylinder_0.5_0.5_det,outer,2,SA,0.001,Proj,No_MSF,246,18468
result_trotter_20_Heisenberg2D_cylinder_0.5_0.5_det,outer,1,random,0,Single,No_Kink,1775,1873262
result_trotter_20_Heisenberg2D_cylinder_0.5_0.5_det,outer,2,SA,0.001,Proj,No_Top,1226,224388
result_trotter_20_Heisenberg2D_cylinder_0.5_0.5_det,outer,1,random,0,Proj,No_Kink,1551,2375809
result_trotter_20_Heisenberg2D_cylinder_0.5_0.5_det,outer,2,SA,0.001,Single,No_Top,1258,654943
result_trotter_20_Heisenberg2D_cylinder_0.5_0.5_det,outer,2,SA,0.001,Single,No_MSF,318,73320
result_trotter_20_Heisenberg2D_cylinder_0.5_0.5_det,outer,2,SA,0.001,Double,No_Kink,1279,1752495
result_trotter_20_Heisenberg2D_cylinder_0.5_0.5_det,outer,2,SA,0.001,Double,Yes_Kink,1312,1765735
result_trotter_20_Heisenberg2D_cylinder_0.5_0.5_det,outer,1,random,0,Proj,Yes_Kink,1578,2371617
result_trotter_20_Heisenberg2D_cylinder_0.5_0.5_det,outer,2,SA,0.01,Double,No_MSF,315,72191
result_trotter_20_Heisenberg2D_cylinder_0.5_0.5_det,outer,2,SA,0.01,Double,No_Top,1255,653848
result_trotter_20_Heisenberg2D_cylinder_0.5_0.5_det,outer,2,SA,0.01,Proj,No_MSF,246,18468
result_trotter_20_Heisenberg2D_cylinder_0.5_0.5_det,outer,2,SA,0.001,Single,No_Kink,1313,1611372
result_trotter_20_Heisenberg2D_cylinder_0.5_0.5_det,outer,2,SA,0.001,Proj,No_Kink,1270,2360717
result_trotter_20_Heisenberg2D_cylinder_0.5_0.5_det,outer,2,SA,0.01,Proj,No_Top,1226,224388
result_trotter_20_Heisenberg2D_cylinder_0.5_0.5_det,outer,2,SA,0.001,Single,Yes_Kink,1321,1632795
result_trotter_20_Heisenberg2D_cylinder_0.5_0.5_det,outer,2,SA,0.01,Double,No_Kink,1279,1757605
result_trotter_20_Heisenberg2D_cylinder_0.5_0.5_det,outer,2,SA,0.01,Single,No_MSF,318,73320
result_trotter_20_Heisenberg2D_cylinder_0.5_0.5_det,outer,2,SA,0.001,Proj,Yes_Kink,1284,2350960
result_trotter_20_Heisenberg2D_cylinder_0.5_0.5_det,outer,2,SA,0.01,Single,No_Top,1258,654943
result_trotter_20_Heisenberg2D_cylinder_0.5_0.5_det,outer,2,SA,0.01,Double,Yes_Kink,1306,1746054
result_trotter_20_Heisenberg2D_cylinder_0.5_0.5_det,outer,2,SA,0.1,Double,No_MSF,315,72191
result_trotter_20_Heisenberg2D_cylinder_0.5_0.5_det,outer,2,SA,0.1,Double,No_Top,1255,653848
result_trotter_20_Heisenberg2D_cylinder_0.5_0.5_det,outer,2,SA,0.1,Proj,No_MSF,246,18468
result_trotter_20_Heisenberg2D_cylinder_0.5_0.5_det,outer,2,SA,0.1,Proj,No_Top,1226,224388
result_trotter_20_Heisenberg2D_cylinder_0.5_0.5_det,outer,2,SA,0.01,Single,No_Kink,1301,1603334
result_trotter_20_Heisenberg2D_cylinder_0.5_0.5_det,outer,2,SA,0.01,Proj,No_Kink,1275,2378829
result_trotter_20_Heisenberg2D_cylinder_0.5_0.5_det,outer,2,SA,0.1,Double,No_Kink,1283,1703968
result_trotter_20_Heisenberg2D_cylinder_0.5_0.5_det,outer,2,SA,0.01,Single,Yes_Kink,1317,1625273
result_trotter_20_Heisenberg2D_cylinder_0.5_0.5_det,outer,2,SA,0.1,Single,No_MSF,318,73320
result_trotter_20_Heisenberg2D_cylinder_0.5_0.5_det,outer,2,SA,0.1,Double,Yes_Kink,1310,1696928
result_trotter_20_Heisenberg2D_cylinder_0.5_0.5_det,outer,2,SA,0.1,Single,No_Top,1258,654943
result_trotter_20_Heisenberg2D_cylinder_0.5_0.5_det,outer,2,SA,0.01,Proj,Yes_Kink,1291,2374450
result_trotter_20_Heisenberg2D_cylinder_0.5_0.5_det,outer,2,SA,1,Double,No_MSF,315,72191
result_trotter_20_Heisenberg2D_cylinder_0.5_0.5_det,outer,2,SA,1,Double,No_Top,1255,653848
result_trotter_20_Heisenberg2D_cylinder_0.5_0.5_det,outer,2,SA,0.1,Single,No_Kink,1293,1566418
result_trotter_20_Heisenberg2D_cylinder_0.5_0.5_det,outer,2,SA,1,Proj,No_MSF,246,18468
result_trotter_20_Heisenberg2D_cylinder_0.5_0.5_det,outer,2,SA,1,Proj,No_Top,1226,224388
result_trotter_20_Heisenberg2D_cylinder_0.5_0.5_det,outer,2,SA,0.1,Proj,No_Kink,1275,2381428
result_trotter_20_Heisenberg2D_cylinder_0.5_0.5_det,outer,2,SA,0.1,Single,Yes_Kink,1315,1596320
result_trotter_20_Heisenberg2D_cylinder_0.5_0.5_det,outer,2,SA,1,Single,No_MSF,318,73320
result_trotter_20_Heisenberg2D_cylinder_0.5_0.5_det,outer,2,SA,1,Double,No_Kink,1290,1654381
result_trotter_20_Heisenberg2D_cylinder_0.5_0.5_det,outer,2,SA,0.1,Proj,Yes_Kink,1291,2374276
result_trotter_20_Heisenberg2D_cylinder_0.5_0.5_det,outer,2,SA,1,Single,No_Top,1258,654943
result_trotter_20_Heisenberg2D_cylinder_0.5_0.5_det,outer,2,SA,1,Double,Yes_Kink,1320,1637435
result_trotter_20_Heisenberg2D_cylinder_0.5_0.5_det,outer,2,naive,0,Double,No_MSF,315,72191
result_trotter_20_Heisenberg2D_cylinder_0.5_0.5_det,outer,2,naive,0,Double,No_Top,1255,653848
result_trotter_20_Heisenberg2D_cylinder_0.5_0.5_det,outer,2,naive,0,Proj,No_MSF,246,18468
result_trotter_20_Heisenberg2D_cylinder_0.5_0.5_det,outer,2,SA,1,Single,No_Kink,1296,1500740
result_trotter_20_Heisenberg2D_cylinder_0.5_0.5_det,outer,2,naive,0,Proj,No_Top,1226,224388
result_trotter_20_Heisenberg2D_cylinder_0.5_0.5_det,outer,2,SA,1,Single,Yes_Kink,1320,1520670
result_trotter_20_Heisenberg2D_cylinder_0.5_0.5_det,outer,2,naive,0,Single,No_MSF,318,73320
result_trotter_20_Heisenberg2D_cylinder_0.5_0.5_det,outer,2,SA,1,Proj,No_Kink,1285,2404002
result_trotter_20_Heisenberg2D_cylinder_0.5_0.5_det,outer,2,naive,0,Double,No_Kink,1319,1708478
result_trotter_20_Heisenberg2D_cylinder_0.5_0.5_det,outer,2,SA,1,Proj,Yes_Kink,1300,2394952
result_trotter_20_Heisenberg2D_cylinder_0.5_0.5_det,outer,2,naive,0,Double,Yes_Kink,1336,1699146
result_trotter_20_Heisenberg2D_cylinder_0.5_0.5_det,outer,2,naive,0,Single,No_Top,1258,654943
result_trotter_20_Heisenberg2D_cylinder_0.5_0.5_det,outer,2,random,0,Double,No_MSF,315,72191
result_trotter_20_Heisenberg2D_cylinder_0.5_0.5_det,outer,2,random,0,Double,No_Top,1255,653848
result_trotter_20_Heisenberg2D_cylinder_0.5_0.5_det,outer,2,random,0,Proj,No_MSF,246,18468
result_trotter_20_Heisenberg2D_cylinder_0.5_0.5_det,outer,2,naive,0,Single,No_Kink,1341,1576217
result_trotter_20_Heisenberg2D_cylinder_0.5_0.5_det,outer,2,random,0,Proj,No_Top,1226,224388
result_trotter_20_Heisenberg2D_cylinder_0.5_0.5_det,outer,2,naive,0,Proj,No_Kink,1387,2586866
result_trotter_20_Heisenberg2D_cylinder_0.5_0.5_det,outer,2,naive,0,Single,Yes_Kink,1357,1603476
result_trotter_20_Heisenberg2D_cylinder_0.5_0.5_det,outer,2,random,0,Single,No_MSF,318,73320
result_trotter_20_Heisenberg2D_cylinder_0.5_0.5_det,outer,2,random,0,Double,No_Kink,1421,1870731
result_trotter_20_Heisenberg2D_cylinder_0.5_0.5_det,outer,2,random,0,Single,No_Top,1258,654943
result_trotter_20_Heisenberg2D_cylinder_0.5_0.5_det,outer,2,naive,0,Proj,Yes_Kink,1405,2580017
result_trotter_20_Heisenberg2D_cylinder_0.5_0.5_det,outer,2,random,0,Double,Yes_Kink,1438,1873169
result_trotter_20_Heisenberg2D_cylinder_0.5_0.5_rand,inner,1,SA,0.001,Double,No_MSF,603,147288
result_trotter_20_Heisenberg2D_cylinder_0.5_0.5_rand,inner,1,SA,0.001,Double,No_Top,1266,619387
result_trotter_20_Heisenberg2D_cylinder_0.5_0.5_rand,inner,1,SA,0.001,Proj,No_MSF,246,18480
result_trotter_20_Heisenberg2D_cylinder_0.5_0.5_rand,inner,1,SA,0.001,Proj,No_Top,1226,224400
result_trotter_20_Heisenberg2D_cylinder_0.5_0.5_det,outer,2,random,0,Single,No_Kink,1480,1800366
result_trotter_20_Heisenberg2D_cylinder_0.5_0.5_det,outer,2,random,0,Proj,No_Kink,1446,2691640
result_trotter_20_Heisenberg2D_cylinder_0.5_0.5_det,outer,2,random,0,Single,Yes_Kink,1498,1824916
result_trotter_20_Heisenberg2D_cylinder_0.5_0.5_rand,inner,1,SA,0.001,Double,No_Kink,1325,1562860
result_trotter_20_Heisenberg2D_cylinder_0.5_0.5_rand,inner,1,SA,0.001,Single,No_MSF,630,154572
result_trotter_20_Heisenberg2D_cylinder_0.5_0.5_rand,inner,1,SA,0.001,Single,No_Top,1269,620297
result_trotter_20_Heisenberg2D_cylinder_0.5_0.5_rand,inner,1,SA,0.001,Double,Yes_Kink,1407,1642750
result_trotter_20_Heisenberg2D_cylinder_0.5_0.5_det,outer,2,random,0,Proj,Yes_Kink,1468,2690238
result_trotter_20_Heisenberg2D_cylinder_0.5_0.5_rand,inner,1,SA,0.01,Double,No_MSF,603,147288
result_trotter_20_Heisenberg2D_cylinder_0.5_0.5_rand,inner,1,SA,0.01,Double,No_Top,1266,619387
result_trotter_20_Heisenberg2D_cylinder_0.5_0.5_rand,inner,1,SA,0.01,Proj,No_MSF,246,18480
result_trotter_20_Heisenberg2D_cylinder_0.5_0.5_rand,inner,1,SA,0.01,Proj,No_Top,1226,224400
result_trotter_20_Heisenberg2D_cylinder_0.5_0.5_rand,inner,1,SA,0.001,Single,No_Kink,1360,1389818
result_trotter_20_Heisenberg2D_cylinder_0.5_0.5_rand,inner,1,SA,0.001,Proj,No_Kink,1448,2139121
result_trotter_20_Heisenberg2D_cylinder_0.5_0.5_rand,inner,1,SA,0.01,Single,No_MSF,630,154572
result_trotter_20_Heisenberg2D_cylinder_0.5_0.5_rand,inner,1,SA,0.01,Double,No_Kink,1265,1440150
result_trotter_20_Heisenberg2D_cylinder_0.5_0.5_rand,inner,1,SA,0.01,Single,No_Top,1269,620297
result_trotter_20_Heisenberg2D_cylinder_0.5_0.5_rand,inner,1,SA,0.1,Double,No_MSF,603,147288
result_trotter_20_Heisenberg2D_cylinder_0.5_0.5_rand,inner,1,SA,0.01,Double,Yes_Kink,1316,1461195
result_trotter_20_Heisenberg2D_cylinder_0.5_0.5_rand,inner,1,SA,0.001,Proj,Yes_Kink,1488,2123347
result_trotter_20_Heisenberg2D_cylinder_0.5_0.5_rand,inner,1,SA,0.1,Double,No_Top,1266,619387
result_trotter_20_Heisenberg2D_cylinder_0.5_0.5_rand,inner,1,SA,0.1,Proj,No_MSF,246,18480
result_trotter_20_Heisenberg2D_cylinder_0.5_0.5_rand,inner,1,SA,0.01,Proj,No_Kink,1339,1981448
result_trotter_20_Heisenberg2D_cylinder_0.5_0.5_rand,inner,1,SA,0.01,Single,No_Kink,1303,1268732
result_trotter_20_Heisenberg2D_cylinder_0.5_0.5_rand,inner,1,SA,0.1,Proj,No_Top,1226,224400
result_trotter_20_Heisenberg2D_cylinder_0.5_0.5_rand,inner,1,SA,0.1,Double,No_Kink,1269,1291097
result_trotter_20_Heisenberg2D_cylinder_0.5_0.5_rand,inner,1,SA,0.1,Single,No_MSF,630,154572
result_trotter_20_Heisenberg2D_cylinder_0.5_0.5_rand,inner,1,SA,0.1,Single,No_Top,1269,620297
result_trotter_20_Heisenberg2D_cylinder_0.5_0.5_rand,inner,1,SA,0.01,Proj,Yes_Kink,1377,1956409
result_trotter_20_Heisenberg2D_cylinder_0.5_0.5_rand,inner,1,SA,1,Double,No_MSF,603,147288
result_trotter_20_Heisenberg2D_cylinder_0.5_0.5_rand,inner,1,SA,0.1,Double,Yes_Kink,1290,1341673
result_trotter_20_Heisenberg2D_cylinder_0.5_0.5_rand,inner,1,SA,1,Double,No_Top,1266,619387
result_trotter_20_Heisenberg2D_cylinder_0.5_0.5_rand,inner,1,SA,0.1,Single,No_Kink,1289,1200334
result_trotter_20_Heisenberg2D_cylinder_0.5_0.5_rand,inner,1,SA,1,Proj,No_MSF,246,18480
result_trotter_20_Heisenberg2D_cylinder_0.5_0.5_rand,inner,1,SA,1,Proj,No_Top,1226,224400
result_trotter_20_Heisenberg2D_cylinder_0.5_0.5_rand,inner,1,SA,0.1,Proj,No_Kink,1313,1910958
result_trotter_20_Heisenberg2D_cylinder_0.5_0.5_rand,inner,1,SA,1,Single,No_MSF,630,154572
result_trotter_20_Heisenberg2D_cylinder_0.5_0.5_rand,inner,1,SA,1,Double,No_Kink,1269,1214275
result_trotter_20_Heisenberg2D_cylinder_0.5_0.5_rand,inner,1,SA,1,Single,No_Top,1269,620297
result_trotter_20_Heisenberg2D_cylinder_0.5_0.5_rand,inner,1,naive,0,Double,No_MSF,603,147288
result_trotter_20_Heisenberg2D_cylinder_0.5_0.5_rand,inner,1,SA,1,Double,Yes_Kink,1280,1262051
result_trotter_20_Heisenberg2D_cylinder_0.5_0.5_rand,inner,1,SA,0.1,Proj,Yes_Kink,1328,1836536
result_trotter_20_Heisenberg2D_cylinder_0.5_0.5_rand,inner,1,SA,1,Single,No_Kink,1286,1148599
result_trotter_20_Heisenberg2D_cylinder_0.5_0.5_rand,inner,1,naive,0,Proj,No_MSF,246,18480
result_trotter_20_Heisenberg2D_cylinder_0.5_0.5_rand,inner,1,naive,0,Double,No_Top,1266,619387
result_trotter_20_Heisenberg2D_cylinder_0.5_0.5_rand,inner,1,SA,1,Proj,No_Kink,1267,1815289
result_trotter_20_Heisenberg2D_cylinder_0.5_0.5_rand,inner,1,naive,0,Proj,No_Top,1226,224400
result_trotter_20_Heisenberg2D_cylinder_0.5_0.5_rand,inner,1,naive,0,Single,No_MSF,630,154572
result_trotter_20_Heisenberg2D_cylinder_0.5_0.5_rand,inner,1,SA,1,Proj,Yes_Kink,1278,1724915
result_trotter_20_Heisenberg2D_cylinder_0.5_0.5_rand,inner,1,naive,0,Single,No_Top,1269,620297
result_trotter_20_Heisenberg2D_cylinder_0.5_0.5_rand,inner,1,random,0,Double,No_MSF,603,147288
result_trotter_20_Heisenberg2D_cylinder_0.5_0.5_rand,inner,1,random,0,Double,No_Top,1266,619387
result_trotter_20_Heisenberg2D_cylinder_0.5_0.5_rand,inner,1,naive,0,Double,Yes_Kink,1612,1973697
result_trotter_20_Heisenberg2D_cylinder_0.5_0.5_rand,inner,1,naive,0,Double,No_Kink,1503,1878878
result_trotter_20_Heisenberg2D_cylinder_0.5_0.5_rand,inner,1,naive,0,Single,No_Kink,1781,1795400
result_trotter_20_Heisenberg2D_cylinder_0.5_0.5_rand,inner,1,random,0,Proj,No_MSF,246,18480
result_trotter_20_Heisenberg2D_cylinder_0.5_0.5_rand,inner,1,random,0,Double,No_Kink,1343,1559275
result_trotter_20_Heisenberg2D_cylinder_0.5_0.5_rand,inner,1,random,0,Proj,No_Top,1226,224400
result_trotter_20_Heisenberg2D_cylinder_0.5_0.5_rand,inner,1,random,0,Single,No_MSF,630,154572
result_trotter_20_Heisenberg2D_cylinder_0.5_0.5_rand,inner,1,random,0,Single,No_Top,1269,620297
result_trotter_20_Heisenberg2D_cylinder_0.5_0.5_rand,inner,1,naive,0,Proj,Yes_Kink,1498,2202278
result_trotter_20_Heisenberg2D_cylinder_0.5_0.5_rand,inner,1,random,0,Double,Yes_Kink,1400,1593989
result_trotter_20_Heisenberg2D_cylinder_0.5_0.5_rand,inner,2,SA,0.001,Double,No_MSF,603,147288
result_trotter_20_Heisenberg2D_cylinder_0.5_0.5_rand,inner,2,SA,0.001,Double,No_Top,1266,619387
result_trotter_20_Heisenberg2D_cylinder_0.5_0.5_rand,inner,2,SA,0.001,Double,No_Kink,1267,1082198
result_trotter_20_Heisenberg2D_cylinder_0.5_0.5_rand,inner,1,naive,0,Proj,No_Kink,1468,2203949
result_trotter_20_Heisenberg2D_cylinder_0.5_0.5_rand,inner,1,random,0,Single,No_Kink,1536,1508399
result_trotter_20_Heisenberg2D_cylinder_0.5_0.5_rand,inner,2,SA,0.001,Proj,No_MSF,246,18480
result_trotter_20_Heisenberg2D_cylinder_0.5_0.5_rand,inner,2,SA,0.001,Proj,No_Top,1226,224400
result_trotter_20_Heisenberg2D_cylinder_0.5_0.5_rand,inner,2,SA,0.001,Single,No_MSF,630,154572
result_trotter_20_Heisenberg2D_cylinder_0.5_0.5_rand,inner,1,random,0,Proj,Yes_Kink,1574,2153238
result_trotter_20_Heisenberg2D_cylinder_0.5_0.5_rand,inner,1,random,0,Proj,No_Kink,1530,2181167
result_trotter_20_Heisenberg2D_cylinder_0.5_0.5_rand,inner,2,SA,0.001,Single,No_Top,1269,620297
result_trotter_20_Heisenberg2D_cylinder_0.5_0.5_rand,inner,2,SA,0.001,Double,Yes_Kink,1266,1164337
result_trotter_20_Heisenberg2D_cylinder_0.5_0.5_rand,inner,2,SA,0.01,Double,No_Top,1266,619387
result_trotter_20_Heisenberg2D_cylinder_0.5_0.5_rand,inner,2,SA,0.01,Double,No_MSF,603,147288
result_trotter_20_Heisenberg2D_cylinder_0.5_0.5_rand,inner,2,SA,0.001,Single,No_Kink,1268,1104855
result_trotter_20_Heisenberg2D_cylinder_0.5_0.5_rand,inner,2,SA,0.01,Proj,No_MSF,246,18480
result_trotter_20_Heisenberg2D_cylinder_0.5_0.5_rand,inner,2,SA,0.01,Double,No_Kink,1266,1060614
result_trotter_20_Heisenberg2D_cylinder_0.5_0.5_rand,inner,2,SA,0.001,Single,Yes_Kink,1272,1132171
result_trotter_20_Heisenberg2D_cylinder_0.5_0.5_rand,inner,2,SA,0.01,Proj,No_Top,1226,224400
result_trotter_20_Heisenberg2D_cylinder_0.5_0.5_rand,inner,2,SA,0.01,Single,No_MSF,630,154572
result_trotter_20_Heisenberg2D_cylinder_0.5_0.5_rand,inner,2,SA,0.01,Double,Yes_Kink,1266,1163964
result_trotter_20_Heisenberg2D_cylinder_0.5_0.5_rand,inner,2,SA,0.01,Single,No_Top,1269,620297
result_trotter_20_Heisenberg2D_cylinder_0.5_0.5_rand,inner,2,SA,0.1,Double,No_MSF,603,147288
result_trotter_20_Heisenberg2D_cylinder_0.5_0.5_rand,inner,2,SA,0.01,Single,No_Kink,1269,1083411
result_trotter_20_Heisenberg2D_cylinder_0.5_0.5_rand,inner,2,SA,0.01,Single,Yes_Kink,1273,1103852
result_trotter_20_Heisenberg2D_cylinder_0.5_0.5_rand,inner,2,SA,0.001,Proj,Yes_Kink,1261,2169086
result_trotter_20_Heisenberg2D_cylinder_0.5_0.5_rand,inner,2,SA,0.1,Double,No_Top,1266,619387
result_trotter_20_Heisenberg2D_cylinder_0.5_0.5_rand,inner,2,SA,0.001,Proj,No_Kink,1261,2245388
result_trotter_20_Heisenberg2D_cylinder_0.5_0.5_rand,inner,2,SA,0.1,Double,No_Kink,1266,1043507
result_trotter_20_Heisenberg2D_cylinder_0.5_0.5_rand,inner,2,SA,0.1,Proj,No_MSF,246,18480
result_trotter_20_Heisenberg2D_cylinder_0.5_0.5_rand,inner,2,SA,0.1,Proj,No_Top,1226,224400
result_trotter_20_Heisenberg2D_cylinder_0.5_0.5_rand,inner,2,SA,0.1,Single,No_MSF,630,154572
result_trotter_20_Heisenberg2D_cylinder_0.5_0.5_rand,inner,2,SA,0.01,Proj,No_Kink,1259,2223995
result_trotter_20_Heisenberg2D_cylinder_0.5_0.5_rand,inner,2,SA,0.1,Double,Yes_Kink,1267,1120278
result_trotter_20_Heisenberg2D_cylinder_0.5_0.5_rand,inner,2,SA,0.1,Single,No_Top,1269,620297
result_trotter_20_Heisenberg2D_cylinder_0.5_0.5_rand,inner,2,SA,0.1,Single,No_Kink,1270,1056765
result_trotter_20_Heisenberg2D_cylinder_0.5_0.5_rand,inner,2,SA,1,Double,No_Top,1266,619387
result_trotter_20_Heisenberg2D_cylinder_0.5_0.5_rand,inner,2,SA,1,Double,No_MSF,603,147288
result_trotter_20_Heisenberg2D_cylinder_0.5_0.5_rand,inner,2,SA,0.01,Proj,Yes_Kink,1262,2147411
result_trotter_20_Heisenberg2D_cylinder_0.5_0.5_rand,inner,2,SA,1,Proj,No_Top,1226,224400
result_trotter_20_Heisenberg2D_cylinder_0.5_0.5_rand,inner,2,SA,1,Proj,No_MSF,246,18480
result_trotter_20_Heisenberg2D_cylinder_0.5_0.5_rand,inner,2,SA,1,Double,No_Kink,1266,989585
result_trotter_20_Heisenberg2D_cylinder_0.5_0.5_rand,inner,2,SA,0.1,Single,Yes_Kink,1270,1083875
result_trotter_20_Heisenberg2D_cylinder_0.5_0.5_rand,inner,2,SA,1,Single,No_MSF,630,154572
result_trotter_20_Heisenberg2D_cylinder_0.5_0.5_rand,inner,2,SA,1,Single,No_Top,1269,620297
result_trotter_20_Heisenberg2D_cylinder_0.5_0.5_rand,inner,2,SA,1,Double,Yes_Kink,1267,1093990
result_trotter_20_Heisenberg2D_cylinder_0.5_0.5_rand,inner,2,SA,1,Single,No_Kink,1268,1030481
result_trotter_20_Heisenberg2D_cylinder_0.5_0.5_rand,inner,2,naive,0,Double,No_MSF,603,147288
result_trotter_20_Heisenberg2D_cylinder_0.5_0.5_rand,inner,2,SA,0.1,Proj,Yes_Kink,1260,2115732
result_trotter_20_Heisenberg2D_cylinder_0.5_0.5_rand,inner,2,SA,0.1,Proj,No_Kink,1260,2186283
result_trotter_20_Heisenberg2D_cylinder_0.5_0.5_rand,inner,2,SA,1,Single,Yes_Kink,1270,1051059
result_trotter_20_Heisenberg2D_cylinder_0.5_0.5_rand,inner,2,naive,0,Double,No_Top,1266,619387
result_trotter_20_Heisenberg2D_cylinder_0.5_0.5_rand,inner,2,naive,0,Proj,No_MSF,246,18480
result_trotter_20_Heisenberg2D_cylinder_0.5_0.5_rand,inner,2,naive,0,Proj,No_Top,1226,224400
result_trotter_20_Heisenberg2D_cylinder_0.5_0.5_rand,inner,2,SA,1,Proj,No_Kink,1254,2187300
result_trotter_20_Heisenberg2D_cylinder_0.5_0.5_rand,inner,2,naive,0,Single,No_MSF,630,154572
result_trotter_20_Heisenberg2D_cylinder_0.5_0.5_rand,inner,2,naive,0,Single,No_Top,1269,620297
result_trotter_20_Heisenberg2D_cylinder_0.5_0.5_rand,inner,2,naive,0,Double,No_Kink,1324,1696061
result_trotter_20_Heisenberg2D_cylinder_0.5_0.5_rand,inner,2,SA,1,Proj,Yes_Kink,1258,2113631
result_trotter_20_Heisenberg2D_cylinder_0.5_0.5_rand,inner,2,random,0,Double,No_Top,1266,619387
result_trotter_20_Heisenberg2D_cylinder_0.5_0.5_rand,inner,2,naive,0,Double,Yes_Kink,1364,1699269
result_trotter_20_Heisenberg2D_cylinder_0.5_0.5_rand,inner,2,random,0,Double,No_MSF,603,147288
result_trotter_20_Heisenberg2D_cylinder_0.5_0.5_rand,inner,2,naive,0,Single,No_Kink,1410,1592774
result_trotter_20_Heisenberg2D_cylinder_0.5_0.5_rand,inner,2,random,0,Double,No_Kink,1281,1351197
result_trotter_20_Heisenberg2D_cylinder_0.5_0.5_rand,inner,2,random,0,Proj,No_MSF,246,18480
result_trotter_20_Heisenberg2D_cylinder_0.5_0.5_rand,inner,2,naive,0,Single,Yes_Kink,1425,1610033
result_trotter_20_Heisenberg2D_cylinder_0.5_0.5_rand,inner,2,random,0,Proj,No_Top,1226,224400
result_trotter_20_Heisenberg2D_cylinder_0.5_0.5_rand,inner,2,naive,0,Proj,No_Kink,1381,2507786
result_trotter_20_Heisenberg2D_cylinder_0.5_0.5_rand,inner,2,random,0,Single,No_MSF,630,154572
result_trotter_20_Heisenberg2D_cylinder_0.5_0.5_rand,inner,2,naive,0,Proj,Yes_Kink,1406,2516479
result_trotter_20_Heisenberg2D_cylinder_0.5_0.5_rand,inner,2,random,0,Single,No_Top,1269,620297
result_trotter_20_Heisenberg2D_cylinder_0.5_0.5_rand,outer,1,SA,0.001,Double,No_MSF,603,147288
result_trotter_20_Heisenberg2D_cylinder_0.5_0.5_rand,inner,2,random,0,Double,Yes_Kink,1300,1380029
result_trotter_20_Heisenberg2D_cylinder_0.5_0.5_rand,outer,1,SA,0.001,Double,No_Top,1266,619387
result_trotter_20_Heisenberg2D_cylinder_0.5_0.5_rand,outer,1,SA,0.001,Proj,No_MSF,246,18480
result_trotter_20_Heisenberg2D_cylinder_0.5_0.5_rand,inner,2,random,0,Single,No_Kink,1325,1287407
result_trotter_20_Heisenberg2D_cylinder_0.5_0.5_rand,outer,1,SA,0.001,Proj,No_Top,1226,224400
result_trotter_20_Heisenberg2D_cylinder_0.5_0.5_rand,inner,2,random,0,Single,Yes_Kink,1325,1302588
result_trotter_20_Heisenberg2D_cylinder_0.5_0.5_rand,outer,1,SA,0.001,Single,No_MSF,630,154572
result_trotter_20_Heisenberg2D_cylinder_0.5_0.5_rand,outer,1,SA,0.001,Double,No_Kink,1311,1605829
result_trotter_20_Heisenberg2D_cylinder_0.5_0.5_rand,outer,1,SA,0.001,Single,No_Top,1269,620297
result_trotter_20_Heisenberg2D_cylinder_0.5_0.5_rand,inner,2,random,0,Proj,No_Kink,1369,2336937
result_trotter_20_Heisenberg2D_cylinder_0.5_0.5_rand,outer,1,SA,0.01,Double,No_MSF,603,147288
result_trotter_20_Heisenberg2D_cylinder_0.5_0.5_rand,inner,2,random,0,Proj,Yes_Kink,1386,2291284
result_trotter_20_Heisenberg2D_cylinder_0.5_0.5_rand,outer,1,SA,0.01,Double,No_Top,1266,619387
result_trotter_20_Heisenberg2D_cylinder_0.5_0.5_rand,outer,1,SA,0.001,Double,Yes_Kink,1435,1711138
result_trotter_20_Heisenberg2D_cylinder_0.5_0.5_rand,outer,1,SA,0.001,Single,No_Kink,1383,1428059
result_trotter_20_Heisenberg2D_cylinder_0.5_0.5_rand,outer,1,SA,0.01,Proj,No_MSF,246,18480
result_trotter_20_Heisenberg2D_cylinder_0.5_0.5_rand,outer,1,SA,0.001,Proj,No_Kink,1327,1985778
result_trotter_20_Heisenberg2D_cylinder_0.5_0.5_rand,outer,1,SA,0.01,Proj,No_Top,1226,224400
result_trotter_20_Heisenberg2D_cylinder_0.5_0.5_rand,outer,1,SA,0.01,Single,No_MSF,630,154572
result_trotter_20_Heisenberg2D_cylinder_0.5_0.5_rand,outer,1,SA,0.001,Proj,Yes_Kink,1340,1966274
result_trotter_20_Heisenberg2D_cylinder_0.5_0.5_rand,outer,1,SA,0.01,Single,No_Top,1269,620297
result_trotter_20_Heisenberg2D_cylinder_0.5_0.5_rand,outer,1,SA,0.1,Double,No_MSF,603,147288
result_trotter_20_Heisenberg2D_cylinder_0.5_0.5_rand,outer,1,SA,0.01,Double,No_Kink,1311,1608225
result_trotter_20_Heisenberg2D_cylinder_0.5_0.5_rand,outer,1,SA,0.1,Double,No_Top,1266,619387
result_trotter_20_Heisenberg2D_cylinder_0.5_0.5_rand,outer,1,SA,0.01,Double,Yes_Kink,1431,1710063
result_trotter_20_Heisenberg2D_cylinder_0.5_0.5_rand,outer,1,SA,0.1,Proj,No_MSF,246,18480
result_trotter_20_Heisenberg2D_cylinder_0.5_0.5_rand,outer,1,SA,0.1,Proj,No_Top,1226,224400
result_trotter_20_Heisenberg2D_cylinder_0.5_0.5_rand,outer,1,SA,0.01,Single,No_Kink,1391,1436490
result_trotter_20_Heisenberg2D_cylinder_0.5_0.5_rand,outer,1,SA,0.01,Proj,No_Kink,1305,1982367
result_trotter_20_Heisenberg2D_cylinder_0.5_0.5_rand,outer,1,SA,0.1,Double,No_Kink,1307,1597613
result_trotter_20_Heisenberg2D_cylinder_0.5_0.5_rand,outer,1,SA,0.01,Proj,Yes_Kink,1329,1967252
result_trotter_20_Heisenberg2D_cylinder_0.5_0.5_rand,outer,1,SA,0.1,Single,No_MSF,630,154572
result_trotter_20_Heisenberg2D_cylinder_0.5_0.5_rand,outer,1,SA,0.1,Single,No_Kink,1379,1417324
result_trotter_20_Heisenberg2D_cylinder_0.5_0.5_rand,outer,1,SA,0.1,Single,No_Top,1269,620297
result_trotter_20_Heisenberg2D_cylinder_0.5_0.5_rand,outer,1,SA,1,Double,No_MSF,603,147288
result_trotter_20_Heisenberg2D_cylinder_0.5_0.5_rand,outer,1,SA,1,Double,No_Top,1266,619387
result_trotter_20_Heisenberg2D_cylinder_0.5_0.5_rand,outer,1,SA,1,Proj,No_MSF,246,18480
result_trotter_20_Heisenberg2D_cylinder_0.5_0.5_rand,outer,1,SA,0.1,Double,Yes_Kink,1437,1703884
result_trotter_20_Heisenberg2D_cylinder_0.5_0.5_rand,outer,1,SA,1,Proj,No_Top,1226,224400
result_trotter_20_Heisenberg2D_cylinder_0.5_0.5_rand,outer,1,SA,0.1,Proj,No_Kink,1307,1979809
result_trotter_20_Heisenberg2D_cylinder_0.5_0.5_rand,outer,1,SA,0.1,Proj,Yes_Kink,1325,1961079
result_trotter_20_Heisenberg2D_cylinder_0.5_0.5_rand,outer,1,SA,1,Single,No_MSF,630,154572
result_trotter_20_Heisenberg2D_cylinder_0.5_0.5_rand,outer,1,SA,1,Single,No_Top,1269,620297
result_trotter_20_Heisenberg2D_cylinder_0.5_0.5_rand,outer,1,naive,0,Double,No_MSF,603,147288
result_trotter_20_Heisenberg2D_cylinder_0.5_0.5_rand,outer,1,SA,1,Double,Yes_Kink,1445,1705713
result_trotter_20_Heisenberg2D_cylinder_0.5_0.5_rand,outer,1,SA,1,Double,No_Kink,1312,1593156
result_trotter_20_Heisenberg2D_cylinder_0.5_0.5_rand,outer,1,naive,0,Double,No_Top,1266,619387
result_trotter_20_Heisenberg2D_cylinder_0.5_0.5_rand,outer,1,naive,0,Proj,No_MSF,246,18480
result_trotter_20_Heisenberg2D_cylinder_0.5_0.5_rand,outer,1,naive,0,Proj,No_Top,1226,224400
result_trotter_20_Heisenberg2D_cylinder_0.5_0.5_rand,outer,1,SA,1,Single,No_Kink,1384,1422390
result_trotter_20_Heisenberg2D_cylinder_0.5_0.5_rand,outer,1,SA,1,Proj,No_Kink,1311,1980412
result_trotter_20_Heisenberg2D_cylinder_0.5_0.5_rand,outer,1,naive,0,Single,No_MSF,630,154572
result_trotter_20_Heisenberg2D_cylinder_0.5_0.5_rand,outer,1,naive,0,Single,No_Top,1269,620297
result_trotter_20_Heisenberg2D_cylinder_0.5_0.5_rand,outer,1,SA,1,Proj,Yes_Kink,1328,1961175
result_trotter_20_Heisenberg2D_cylinder_0.5_0.5_rand,outer,1,random,0,Double,No_MSF,603,147288
result_trotter_20_Heisenberg2D_cylinder_0.5_0.5_rand,outer,1,naive,0,Double,No_Kink,1503,1878878
result_trotter_20_Heisenberg2D_cylinder_0.5_0.5_rand,outer,1,random,0,Double,No_Top,1266,619387
result_trotter_20_Heisenberg2D_cylinder_0.5_0.5_rand,outer,1,naive,0,Double,Yes_Kink,1612,1973697
result_trotter_20_Heisenberg2D_cylinder_0.5_0.5_rand,outer,1,random,0,Proj,No_MSF,246,18480
result_trotter_20_Heisenberg2D_cylinder_0.5_0.5_rand,outer,1,naive,0,Single,No_Kink,1781,1795400
result_trotter_20_Heisenberg2D_cylinder_0.5_0.5_rand,outer,1,random,0,Proj,No_Top,1226,224400
result_trotter_20_Heisenberg2D_cylinder_0.5_0.5_rand,outer,1,random,0,Single,No_MSF,630,154572
result_trotter_20_Heisenberg2D_cylinder_0.5_0.5_rand,outer,1,naive,0,Proj,No_Kink,1468,2203949
result_trotter_20_Heisenberg2D_cylinder_0.5_0.5_rand,outer,1,naive,0,Proj,Yes_Kink,1498,2202278
result_trotter_20_Heisenberg2D_cylinder_0.5_0.5_rand,outer,1,random,0,Single,No_Top,1269,620297
result_trotter_20_Heisenberg2D_cylinder_0.5_0.5_rand,outer,2,SA,0.001,Double,No_MSF,603,147288
result_trotter_20_Heisenberg2D_cylinder_0.5_0.5_rand,outer,1,random,0,Double,Yes_Kink,1632,2007578
result_trotter_20_Heisenberg2D_cylinder_0.5_0.5_rand,outer,2,SA,0.001,Double,No_Top,1266,619387
result_trotter_20_Heisenberg2D_cylinder_0.5_0.5_rand,outer,1,random,0,Double,No_Kink,1537,1919271
result_trotter_20_Heisenberg2D_cylinder_0.5_0.5_rand,outer,2,SA,0.001,Proj,No_MSF,246,18480
result_trotter_20_Heisenberg2D_cylinder_0.5_0.5_rand,outer,1,random,0,Proj,No_Kink,1492,2240639
result_trotter_20_Heisenberg2D_cylinder_0.5_0.5_rand,outer,2,SA,0.001,Proj,No_Top,1226,224400
result_trotter_20_Heisenberg2D_cylinder_0.5_0.5_rand,outer,1,random,0,Single,No_Kink,1819,1828253
result_trotter_20_Heisenberg2D_cylinder_0.5_0.5_rand,outer,2,SA,0.001,Single,No_MSF,630,154572
result_trotter_20_Heisenberg2D_cylinder_0.5_0.5_rand,outer,1,random,0,Proj,Yes_Kink,1526,2240326
result_trotter_20_Heisenberg2D_cylinder_0.5_0.5_rand,outer,2,SA,0.001,Single,No_Top,1269,620297
result_trotter_20_Heisenberg2D_cylinder_0.5_0.5_rand,outer,2,SA,0.01,Double,No_MSF,603,147288
result_trotter_20_Heisenberg2D_cylinder_0.5_0.5_rand,outer,2,SA,0.001,Double,Yes_Kink,1322,1674665
result_trotter_20_Heisenberg2D_cylinder_0.5_0.5_rand,outer,2,SA,0.001,Double,No_Kink,1287,1664839
result_trotter_20_Heisenberg2D_cylinder_0.5_0.5_rand,outer,2,SA,0.01,Double,No_Top,1266,619387
result_trotter_20_Heisenberg2D_cylinder_0.5_0.5_rand,outer,2,SA,0.01,Proj,No_MSF,246,18480
result_trotter_20_Heisenberg2D_cylinder_0.5_0.5_rand,outer,2,SA,0.001,Single,No_Kink,1335,1556233
result_trotter_20_Heisenberg2D_cylinder_0.5_0.5_rand,outer,2,SA,0.001,Single,Yes_Kink,1356,1569127
result_trotter_20_Heisenberg2D_cylinder_0.5_0.5_rand,outer,2,SA,0.01,Proj,No_Top,1226,224400
result_trotter_20_Heisenberg2D_cylinder_0.5_0.5_rand,outer,2,SA,0.001,Proj,No_Kink,1265,2293429
result_trotter_20_Heisenberg2D_cylinder_0.5_0.5_rand,outer,2,SA,0.01,Double,No_Kink,1282,1602542
result_trotter_20_Heisenberg2D_cylinder_0.5_0.5_rand,outer,2,SA,0.01,Single,No_MSF,630,154572
result_trotter_20_Heisenberg2D_cylinder_0.5_0.5_rand,outer,2,SA,0.01,Single,No_Top,1269,620297
result_trotter_20_Heisenberg2D_cylinder_0.5_0.5_rand,outer,2,SA,0.01,Double,Yes_Kink,1322,1610372
result_trotter_20_Heisenberg2D_cylinder_0.5_0.5_rand,outer,2,SA,0.1,Double,No_MSF,603,147288
result_trotter_20_Heisenberg2D_cylinder_0.5_0.5_rand,outer,2,SA,0.001,Proj,Yes_Kink,1278,2283072
result_trotter_20_Heisenberg2D_cylinder_0.5_0.5_rand,outer,2,SA,0.1,Double,No_Top,1266,619387
result_trotter_20_Heisenberg2D_cylinder_0.5_0.5_rand,outer,2,SA,0.1,Proj,No_MSF,246,18480
result_trotter_20_Heisenberg2D_cylinder_0.5_0.5_rand,outer,2,SA,0.01,Single,Yes_Kink,1325,1512821
result_trotter_20_Heisenberg2D_cylinder_0.5_0.5_rand,outer,2,SA,0.01,Single,No_Kink,1314,1498296
result_trotter_20_Heisenberg2D_cylinder_0.5_0.5_rand,outer,2,SA,0.1,Proj,No_Top,1226,224400
result_trotter_20_Heisenberg2D_cylinder_0.5_0.5_rand,outer,2,SA,0.1,Single,No_MSF,630,154572
result_trotter_20_Heisenberg2D_cylinder_0.5_0.5_rand,outer,2,SA,0.1,Double,No_Kink,1284,1554995
result_trotter_20_Heisenberg2D_cylinder_0.5_0.5_rand,outer,2,SA,0.1,Single,No_Top,1269,620297
result_trotter_20_Heisenberg2D_cylinder_0.5_0.5_rand,outer,2,SA,0.1,Double,Yes_Kink,1333,1567755
result_trotter_20_Heisenberg2D_cylinder_0.5_0.5_rand,outer,2,SA,0.01,Proj,No_Kink,1274,2322124
result_trotter_20_Heisenberg2D_cylinder_0.5_0.5_rand,outer,2,SA,1,Double,No_MSF,603,147288
result_trotter_20_Heisenberg2D_cylinder_0.5_0.5_rand,outer,2,SA,1,Double,No_Top,1266,619387
result_trotter_20_Heisenberg2D_cylinder_0.5_0.5_rand,outer,2,SA,0.01,Proj,Yes_Kink,1286,2316358
result_trotter_20_Heisenberg2D_cylinder_0.5_0.5_rand,outer,2,SA,1,Proj,No_MSF,246,18480
result_trotter_20_Heisenberg2D_cylinder_0.5_0.5_rand,outer,2,SA,0.1,Single,Yes_Kink,1326,1467240
result_trotter_20_Heisenberg2D_cylinder_0.5_0.5_rand,outer,2,SA,1,Proj,No_Top,1226,224400
result_trotter_20_Heisenberg2D_cylinder_0.5_0.5_rand,outer,2,SA,0.1,Single,No_Kink,1315,1458256
result_trotter_20_Heisenberg2D_cylinder_0.5_0.5_rand,outer,2,SA,0.1,Proj,No_Kink,1270,2325359
result_trotter_20_Heisenberg2D_cylinder_0.5_0.5_rand,outer,2,SA,1,Single,No_MSF,630,154572
result_trotter_20_Heisenberg2D_cylinder_0.5_0.5_rand,outer,2,SA,0.1,Proj,Yes_Kink,1285,2310466
result_trotter_20_Heisenberg2D_cylinder_0.5_0.5_rand,outer,2,SA,1,Double,No_Kink,1288,1542565
result_trotter_20_Heisenberg2D_cylinder_0.5_0.5_rand,outer,2,SA,1,Double,Yes_Kink,1331,1557439
result_trotter_20_Heisenberg2D_cylinder_0.5_0.5_rand,outer,2,naive,0,Double,No_MSF,603,147288
result_trotter_20_Heisenberg2D_cylinder_0.5_0.5_rand,outer,2,SA,1,Single,No_Top,1269,620297
result_trotter_20_Heisenberg2D_cylinder_0.5_0.5_rand,outer,2,naive,0,Double,No_Top,1266,619387
result_trotter_20_Heisenberg2D_cylinder_0.5_0.5_rand,outer,2,naive,0,Proj,No_MSF,246,18480
result_trotter_20_Heisenberg2D_cylinder_0.5_0.5_rand,outer,2,naive,0,Proj,No_Top,1226,224400
result_trotter_20_Heisenberg2D_cylinder_0.5_0.5_rand,outer,2,SA,1,Proj,No_Kink,1269,2321920
result_trotter_20_Heisenberg2D_cylinder_0.5_0.5_rand,outer,2,SA,1,Single,No_Kink,1321,1439837
result_trotter_20_Heisenberg2D_cylinder_0.5_0.5_rand,outer,2,naive,0,Single,No_MSF,630,154572
result_trotter_20_Heisenberg2D_cylinder_0.5_0.5_rand,outer,2,SA,1,Single,Yes_Kink,1333,1451651
result_trotter_20_Heisenberg2D_cylinder_0.5_0.5_rand,outer,2,naive,0,Single,No_Top,1269,620297
result_trotter_20_Heisenberg2D_cylinder_0.5_0.5_rand,outer,2,naive,0,Double,No_Kink,1324,1696061
result_trotter_20_Heisenberg2D_cylinder_0.5_0.5_rand,outer,2,naive,0,Double,Yes_Kink,1364,1699269
result_trotter_20_Heisenberg2D_cylinder_0.5_0.5_rand,outer,2,naive,0,Single,No_Kink,1410,1592774
result_trotter_20_Heisenberg2D_cylinder_0.5_0.5_rand,outer,2,SA,1,Proj,Yes_Kink,1287,2314875
result_trotter_20_Heisenberg2D_cylinder_0.5_0.5_rand,outer,2,random,0,Double,No_MSF,603,147288
result_trotter_20_Heisenberg2D_cylinder_0.5_0.5_rand,outer,2,random,0,Double,No_Top,1266,619387
result_trotter_20_Heisenberg2D_cylinder_0.5_0.5_rand,outer,2,random,0,Proj,No_MSF,246,18480
result_trotter_20_Heisenberg2D_cylinder_0.5_0.5_rand,outer,2,random,0,Proj,No_Top,1226,224400
result_trotter_20_Heisenberg2D_cylinder_0.5_0.5_rand,outer,2,naive,0,Single,Yes_Kink,1425,1610033
result_trotter_20_Heisenberg2D_cylinder_0.5_0.5_rand,outer,2,random,0,Single,No_MSF,630,154572
result_trotter_20_Heisenberg2D_cylinder_0.5_0.5_rand,outer,2,random,0,Double,Yes_Kink,1383,1838225
result_trotter_20_Heisenberg2D_cylinder_0.5_0.5_rand,outer,2,naive,0,Proj,No_Kink,1381,2507786
result_trotter_20_Heisenberg2D_cylinder_0.5_0.5_rand,outer,2,naive,0,Proj,Yes_Kink,1406,2516479
result_trotter_20_Heisenberg2D_cylinder_0.5_0.5_rand,outer,2,random,0,Double,No_Kink,1340,1826113
result_trotter_20_Heisenberg2D_cylinder_0.5_0.5_rand,outer,2,random,0,Single,No_Top,1269,620297
result_trotter_20_Heisenberg2D_cylinder_0.5_0.5_rand,outer,2,random,0,Single,No_Kink,1438,1722433
result_trotter_20_Heisenberg2D_cylinder_0.5_0.5_rand,outer,2,random,0,Proj,No_Kink,1375,2501188
result_trotter_20_Heisenberg2D_cylinder_0.5_0.5_rand,outer,2,random,0,Single,Yes_Kink,1459,1738355
result_trotter_20_Heisenberg2D_cylinder_0.5_0.5_rand,outer,2,random,0,Proj,Yes_Kink,1400,2509536
