circuit,factory,layer count,allocator,msf coeff,routing_algo,routing_option,total code beat,circuit volume
result_trotter_10_Heisenberg2D_cylinder_0.5_0.5_det,inner,1,SA,0.001,Proj,No_MSF,246,4428
result_trotter_10_Heisenberg2D_cylinder_0.5_0.5_det,inner,1,SA,0.001,Proj,No_Top,285,54588
result_trotter_10_Heisenberg2D_cylinder_0.5_0.5_det,inner,1,SA,0.001,Double,No_MSF,315,18346
result_trotter_10_Heisenberg2D_cylinder_0.5_0.5_det,inner,1,SA,0.001,Double,No_Top,330,69965
result_trotter_10_Heisenberg2D_cylinder_0.5_0.5_det,inner,1,SA,0.001,Single,No_MSF,318,18630
result_trotter_10_Heisenberg2D_cylinder_0.5_0.5_det,inner,1,SA,0.001,Single,No_Top,345,71447
result_trotter_10_Heisenberg2D_cylinder_0.5_0.5_det,inner,1,SA,0.01,Double,No_MSF,315,18346
result_trotter_10_Heisenberg2D_cylinder_0.5_0.5_det,inner,1,SA,0.01,Double,No_Top,330,69965
result_trotter_10_Heisenberg2D_cylinder_0.5_0.5_det,inner,1,SA,0.001,Double,No_Kink,627,235289
result_trotter_10_Heisenberg2D_cylinder_0.5_0.5_det,inner,1,SA,0.001,Single,No_Kink,638,206933
result_trotter_10_Heisenberg2D_cylinder_0.5_0.5_det,inner,1,SA,0.001,Proj,Yes_Kink,695,292549
result_trotter_10_Heisenberg2D_cylinder_0.5_0.5_det,inner,1,SA,0.01,Proj,No_MSF,246,4428
result_trotter_10_Heisenberg2D_cylinder_0.5_0.5_det,inner,1,SA,0.001,Proj,No_Kink,680,297523
result_trotter_10_Heisenberg2D_cylinder_0.5_0.5_det,inner,1,SA,0.01,Double,No_Kink,635,233914
result_trotter_10_Heisenberg2D_cylinder_0.5_0.5_det,inner,1,SA,0.001,Double,Yes_Kink,702,252223
result_trotter_10_Heisenberg2D_cylinder_0.5_0.5_det,inner,1,SA,0.01,Single,No_MSF,318,18630
result_trotter_10_Heisenberg2D_cylinder_0.5_0.5_det,inner,1,SA,0.01,Proj,No_Top,285,54588
result_trotter_10_Heisenberg2D_cylinder_0.5_0.5_det,inner,1,SA,0.01,Single,No_Top,345,71447
result_trotter_10_Heisenberg2D_cylinder_0.5_0.5_det,inner,1,SA,0.1,Double,No_MSF,315,18346
result_trotter_10_Heisenberg2D_cylinder_0.5_0.5_det,inner,1,SA,0.1,Double,No_Top,330,69965
result_trotter_10_Heisenberg2D_cylinder_0.5_0.5_det,inner,1,SA,0.01,Single,No_Kink,647,202218
result_trotter_10_Heisenberg2D_cylinder_0.5_0.5_det,inner,1,SA,0.01,Double,Yes_Kink,726,252014
result_trotter_10_Heisenberg2D_cylinder_0.5_0.5_det,inner,1,SA,0.1,Proj,No_MSF,246,4428
result_trotter_10_Heisenberg2D_cylinder_0.5_0.5_det,inner,1,SA,0.01,Proj,No_Kink,642,284969
result_trotter_10_Heisenberg2D_cylinder_0.5_0.5_det,inner,1,SA,0.1,Double,No_Kink,483,198052
result_trotter_10_Heisenberg2D_cylinder_0.5_0.5_det,inner,1,SA,0.1,Proj,No_Top,285,54588
result_trotter_10_Heisenberg2D_cylinder_0.5_0.5_det,inner,1,SA,0.1,Double,Yes_Kink,581,217664
result_trotter_10_Heisenberg2D_cylinder_0.5_0.5_det,inner,1,SA,0.01,Proj,Yes_Kink,664,281642
result_trotter_10_Heisenberg2D_cylinder_0.5_0.5_det,inner,1,SA,0.1,Single,No_Top,345,71447
result_trotter_10_Heisenberg2D_cylinder_0.5_0.5_det,inner,1,SA,1,Double,No_MSF,315,18346
result_trotter_10_Heisenberg2D_cylinder_0.5_0.5_det,inner,1,SA,0.1,Single,No_MSF,318,18630
result_trotter_10_Heisenberg2D_cylinder_0.5_0.5_det,inner,1,SA,0.1,Proj,No_Kink,529,232537
result_trotter_10_Heisenberg2D_cylinder_0.5_0.5_det,inner,1,SA,1,Double,No_Top,330,69965
result_trotter_10_Heisenberg2D_cylinder_0.5_0.5_det,inner,1,SA,0.1,Proj,Yes_Kink,541,226392
result_trotter_10_Heisenberg2D_cylinder_0.5_0.5_det,inner,1,SA,0.1,Single,No_Kink,489,170638
result_trotter_10_Heisenberg2D_cylinder_0.5_0.5_det,inner,1,SA,1,Proj,No_MSF,246,4428
result_trotter_10_Heisenberg2D_cylinder_0.5_0.5_det,inner,1,SA,1,Proj,No_Top,285,54588
result_trotter_10_Heisenberg2D_cylinder_0.5_0.5_det,inner,1,SA,1,Double,No_Kink,382,167205
result_trotter_10_Heisenberg2D_cylinder_0.5_0.5_det,inner,1,SA,1,Single,No_MSF,318,18630
result_trotter_10_Heisenberg2D_cylinder_0.5_0.5_det,inner,1,SA,1,Single,No_Top,345,71447
result_trotter_10_Heisenberg2D_cylinder_0.5_0.5_det,inner,1,SA,1,Double,Yes_Kink,428,173508
result_trotter_10_Heisenberg2D_cylinder_0.5_0.5_det,inner,1,naive,0,Double,No_MSF,315,18346
result_trotter_10_Heisenberg2D_cylinder_0.5_0.5_det,inner,1,SA,1,Proj,Yes_Kink,409,178101
result_trotter_10_Heisenberg2D_cylinder_0.5_0.5_det,inner,1,SA,1,Proj,No_Kink,392,180672
result_trotter_10_Heisenberg2D_cylinder_0.5_0.5_det,inner,1,naive,0,Double,No_Top,330,69965
result_trotter_10_Heisenberg2D_cylinder_0.5_0.5_det,inner,1,SA,1,Single,No_Kink,383,140732
result_trotter_10_Heisenberg2D_cylinder_0.5_0.5_det,inner,1,naive,0,Proj,No_MSF,246,4428
result_trotter_10_Heisenberg2D_cylinder_0.5_0.5_det,inner,1,naive,0,Proj,No_Top,285,54588
result_trotter_10_Heisenberg2D_cylinder_0.5_0.5_det,inner,1,naive,0,Single,No_MSF,318,18630
result_trotter_10_Heisenberg2D_cylinder_0.5_0.5_det,inner,1,naive,0,Double,No_Kink,507,214876
result_trotter_10_Heisenberg2D_cylinder_0.5_0.5_det,inner,1,random,0,Double,No_MSF,315,18346
result_trotter_10_Heisenberg2D_cylinder_0.5_0.5_det,inner,1,random,0,Double,No_Top,330,69965
result_trotter_10_Heisenberg2D_cylinder_0.5_0.5_det,inner,1,naive,0,Single,No_Top,345,71447
result_trotter_10_Heisenberg2D_cylinder_0.5_0.5_det,inner,1,naive,0,Double,Yes_Kink,602,236601
result_trotter_10_Heisenberg2D_cylinder_0.5_0.5_det,inner,1,naive,0,Single,No_Kink,511,186814
result_trotter_10_Heisenberg2D_cylinder_0.5_0.5_det,inner,1,naive,0,Proj,No_Kink,492,226804
result_trotter_10_Heisenberg2D_cylinder_0.5_0.5_det,inner,1,naive,0,Proj,Yes_Kink,509,226454
result_trotter_10_Heisenberg2D_cylinder_0.5_0.5_det,inner,1,random,0,Proj,No_MSF,246,4428
result_trotter_10_Heisenberg2D_cylinder_0.5_0.5_det,inner,1,random,0,Proj,No_Top,285,54588
result_trotter_10_Heisenberg2D_cylinder_0.5_0.5_det,inner,1,random,0,Single,No_MSF,318,18630
result_trotter_10_Heisenberg2D_cylinder_0.5_0.5_det,inner,1,random,0,Double,No_Kink,495,200117
result_trotter_10_Heisenberg2D_cylinder_0.5_0.5_det,inner,1,random,0,Single,No_Top,345,71447
result_trotter_10_Heisenberg2D_cylinder_0.5_0.5_det,inner,1,random,0,Double,Yes_Kink,530,199600
result_trotter_10_Heisenberg2D_cylinder_0.5_0.5_det,inner,1,random,0,Proj,No_Kink,489,222874
result_trotter_10_Heisenberg2D_cylinder_0.5_0.5_det,inner,1,random,0,Single,No_Kink,531,173806
result_trotter_10_Heisenberg2D_cylinder_0.5_0.5_det,inner,2,SA,0.001,Double,No_MSF,315,18346
result_trotter_10_Heisenberg2D_cylinder_0.5_0.5_det,inner,1,random,0,Proj,Yes_Kink,511,221171
result_trotter_10_Heisenberg2D_cylinder_0.5_0.5_det,inner,2,SA,0.001,Double,No_Top,330,69965
result_trotter_10_Heisenberg2D_cylinder_0.5_0.5_det,inner,2,SA,0.001,Proj,No_MSF,246,4428
result_trotter_10_Heisenberg2D_cylinder_0.5_0.5_det,inner,2,SA,0.001,Proj,No_Top,285,54588
result_trotter_10_Heisenberg2D_cylinder_0.5_0.5_det,inner,2,SA,0.001,Single,No_Top,345,71447
result_trotter_10_Heisenberg2D_cylinder_0.5_0.5_det,inner,2,SA,0.001,Single,No_MSF,318,18630
result_trotter_10_Heisenberg2D_cylinder_0.5_0.5_det,inner,2,SA,0.001,Single,No_Kink,380,166357
result_trotter_10_Heisenberg2D_cylinder_0.5_0.5_det,inner,2,SA,0.001,Double,No_Kink,384,192938
result_trotter_10_Heisenberg2D_cylinder_0.5_0.5_det,inner,2,SA,0.01,Double,No_MSF,315,18346
result_trotter_10_Heisenberg2D_cylinder_0.5_0.5_det,inner,2,SA,0.001,Double,Yes_Kink,401,191477
result_trotter_10_Heisenberg2D_cylinder_0.5_0.5_det,inner,2,SA,0.001,Single,Yes_Kink,397,172024
result_trotter_10_Heisenberg2D_cylinder_0.5_0.5_det,inner,2,SA,0.01,Double,No_Top,330,69965
result_trotter_10_Heisenberg2D_cylinder_0.5_0.5_det,inner,2,SA,0.001,Proj,Yes_Kink,413,251328
result_trotter_10_Heisenberg2D_cylinder_0.5_0.5_det,inner,2,SA,0.01,Double,No_Kink,363,181123
result_trotter_10_Heisenberg2D_cylinder_0.5_0.5_det,inner,2,SA,0.01,Proj,No_MSF,246,4428
result_trotter_10_Heisenberg2D_cylinder_0.5_0.5_det,inner,2,SA,0.01,Proj,No_Top,285,54588
result_trotter_10_Heisenberg2D_cylinder_0.5_0.5_det,inner,2,SA,0.001,Proj,No_Kink,388,249367
result_trotter_10_Heisenberg2D_cylinder_0.5_0.5_det,inner,2,SA,0.01,Single,No_MSF,318,18630
result_trotter_10_Heisenberg2D_cylinder_0.5_0.5_det,inner,2,SA,0.01,Double,Yes_Kink,374,172889
result_trotter_10_Heisenberg2D_cylinder_0.5_0.5_det,inner,2,SA,0.01,Single,No_Top,345,71447
result_trotter_10_Heisenberg2D_cylinder_0.5_0.5_det,inner,2,SA,0.01,Single,No_Kink,365,153494
result_trotter_10_Heisenberg2D_cylinder_0.5_0.5_det,inner,2,SA,0.1,Double,No_MSF,315,18346
result_trotter_10_Heisenberg2D_cylinder_0.5_0.5_det,inner,2,SA,0.01,Proj,No_Kink,363,233093
result_trotter_10_Heisenberg2D_cylinder_0.5_0.5_det,inner,2,SA,0.1,Double,No_Top,330,69965
result_trotter_10_Heisenberg2D_cylinder_0.5_0.5_det,inner,2,SA,0.01,Proj,Yes_Kink,376,229769
result_trotter_10_Heisenberg2D_cylinder_0.5_0.5_det,inner,2,SA,0.1,Proj,No_MSF,246,4428
result_trotter_10_Heisenberg2D_cylinder_0.5_0.5_det,inner,2,SA,0.1,Proj,No_Top,285,54588
result_trotter_10_Heisenberg2D_cylinder_0.5_0.5_det,inner,2,SA,0.1,Double,No_Kink,346,157858
result_trotter_10_Heisenberg2D_cylinder_0.5_0.5_det,inner,2,SA,0.1,Double,Yes_Kink,372,158474
result_trotter_10_Heisenberg2D_cylinder_0.5_0.5_det,inner,2,SA,0.1,Single,No_MSF,318,18630
result_trotter_10_Heisenberg2D_cylinder_0.5_0.5_det,inner,2,SA,0.01,Single,Yes_Kink,381,159223
result_trotter_10_Heisenberg2D_cylinder_0.5_0.5_det,inner,2,SA,0.1,Single,No_Top,345,71447
result_trotter_10_Heisenberg2D_cylinder_0.5_0.5_det,inner,2,SA,1,Double,No_MSF,315,18346
result_trotter_10_Heisenberg2D_cylinder_0.5_0.5_det,inner,2,SA,1,Double,No_Top,330,69965
result_trotter_10_Heisenberg2D_cylinder_0.5_0.5_det,inner,2,SA,0.1,Single,No_Kink,354,141131
result_trotter_10_Heisenberg2D_cylinder_0.5_0.5_det,inner,2,SA,0.1,Proj,No_Kink,350,225288
result_trotter_10_Heisenberg2D_cylinder_0.5_0.5_det,inner,2,SA,0.1,Proj,Yes_Kink,362,223567
result_trotter_10_Heisenberg2D_cylinder_0.5_0.5_det,inner,2,SA,1,Double,No_Kink,342,141528
result_trotter_10_Heisenberg2D_cylinder_0.5_0.5_det,inner,2,SA,0.1,Single,Yes_Kink,367,147927
result_trotter_10_Heisenberg2D_cylinder_0.5_0.5_det,inner,2,SA,1,Proj,No_MSF,246,4428
result_trotter_10_Heisenberg2D_cylinder_0.5_0.5_det,inner,2,SA,1,Proj,No_Top,285,54588
result_trotter_10_Heisenberg2D_cylinder_0.5_0.5_det,inner,2,SA,1,Double,Yes_Kink,362,142738
result_trotter_10_Heisenberg2D_cylinder_0.5_0.5_det,inner,2,SA,1,Single,No_MSF,318,18630
result_trotter_10_Heisenberg2D_cylinder_0.5_0.5_det,inner,2,SA,1,Single,No_Top,345,71447
result_trotter_10_Heisenberg2D_cylinder_0.5_0.5_det,inner,2,naive,0,Double,No_MSF,315,18346
result_trotter_10_Heisenberg2D_cylinder_0.5_0.5_det,inner,2,SA,1,Single,No_Kink,355,127348
result_trotter_10_Heisenberg2D_cylinder_0.5_0.5_det,inner,2,SA,1,Single,Yes_Kink,365,134648
result_trotter_10_Heisenberg2D_cylinder_0.5_0.5_det,inner,2,SA,1,Proj,No_Kink,357,226833
result_trotter_10_Heisenberg2D_cylinder_0.5_0.5_det,inner,2,naive,0,Double,No_Top,330,69965
result_trotter_10_Heisenberg2D_cylinder_0.5_0.5_det,inner,2,SA,1,Proj,Yes_Kink,368,224545
result_trotter_10_Heisenberg2D_cylinder_0.5_0.5_det,inner,2,naive,0,Proj,No_MSF,246,4428
result_trotter_10_Heisenberg2D_cylinder_0.5_0.5_det,inner,2,naive,0,Proj,No_Top,285,54588
result_trotter_10_Heisenberg2D_cylinder_0.5_0.5_det,inner,2,naive,0,Single,No_MSF,318,18630
result_trotter_10_Heisenberg2D_cylinder_0.5_0.5_det,inner,2,naive,0,Double,No_Kink,426,198634
result_trotter_10_Heisenberg2D_cylinder_0.5_0.5_det,inner,2,naive,0,Single,No_Top,345,71447
result_trotter_10_Heisenberg2D_cylinder_0.5_0.5_det,inner,2,naive,0,Double,Yes_Kink,511,221050
result_trotter_10_Heisenberg2D_cylinder_0.5_0.5_det,inner,2,random,0,Double,No_MSF,315,18346
result_trotter_10_Heisenberg2D_cylinder_0.5_0.5_det,inner,2,random,0,Double,No_Top,330,69965
result_trotter_10_Heisenberg2D_cylinder_0.5_0.5_det,inner,2,naive,0,Single,No_Kink,427,174001
result_trotter_10_Heisenberg2D_cylinder_0.5_0.5_det,inner,2,naive,0,Proj,No_Kink,467,303503
result_trotter_10_Heisenberg2D_cylinder_0.5_0.5_det,inner,2,naive,0,Single,Yes_Kink,439,176697
result_trotter_10_Heisenberg2D_cylinder_0.5_0.5_det,inner,2,random,0,Proj,No_MSF,246,4428
result_trotter_10_Heisenberg2D_cylinder_0.5_0.5_det,inner,2,random,0,Double,No_Kink,393,188439
result_trotter_10_Heisenberg2D_cylinder_0.5_0.5_det,inner,2,random,0,Proj,No_Top,285,54588
result_trotter_10_Heisenberg2D_cylinder_0.5_0.5_det,inner,2,random,0,Single,No_Top,345,71447
result_trotter_10_Heisenberg2D_cylinder_0.5_0.5_det,inner,2,random,0,Single,No_MSF,318,18630
result_trotter_10_Heisenberg2D_cylinder_0.5_0.5_det,inner,2,random,0,Double,Yes_Kink,420,187408
result_trotter_10_Heisenberg2D_cylinder_0.5_0.5_det,inner,2,naive,0,Proj,Yes_Kink,491,308529
result_trotter_10_Heisenberg2D_cylinder_0.5_0.5_det,outer,1,SA,0.001,Double,No_MSF,315,18346
result_trotter_10_Heisenberg2D_cylinder_0.5_0.5_det,outer,1,SA,0.001,Double,No_Top,330,69965
result_trotter_10_Heisenberg2D_cylinder_0.5_0.5_det,inner,2,random,0,Single,No_Kink,414,171935
result_trotter_10_Heisenberg2D_cylinder_0.5_0.5_det,outer,1,SA,0.001,Proj,No_MSF,246,4428
result_trotter_10_Heisenberg2D_cylinder_0.5_0.5_det,inner,2,random,0,Proj,No_Kink,387,246057
result_trotter_10_Heisenberg2D_cylinder_0.5_0.5_det,inner,2,random,0,Single,Yes_Kink,421,173317
result_trotter_10_Heisenberg2D_cylinder_0.5_0.5_det,inner,2,random,0,Proj,Yes_Kink,400,245219
result_trotter_10_Heisenberg2D_cylinder_0.5_0.5_det,outer,1,SA,0.001,Double,No_Kink,462,201863
result_trotter_10_Heisenberg2D_cylinder_0.5_0.5_det,outer,1,SA,0.001,Proj,No_Top,285,54588
result_trotter_10_Heisenberg2D_cylinder_0.5_0.5_det,outer,1,SA,0.001,Single,No_Top,345,71447
result_trotter_10_Heisenberg2D_cylinder_0.5_0.5_det,outer,1,SA,0.001,Single,No_MSF,318,18630
result_trotter_10_Heisenberg2D_cylinder_0.5_0.5_det,outer,1,SA,0.001,Double,Yes_Kink,558,222841
result_trotter_10_Heisenberg2D_cylinder_0.5_0.5_det,outer,1,SA,0.01,Double,No_MSF,315,18346
result_trotter_10_Heisenberg2D_cylinder_0.5_0.5_det,outer,1,SA,0.001,Proj,No_Kink,450,211789
result_trotter_10_Heisenberg2D_cylinder_0.5_0.5_det,outer,1,SA,0.01,Double,No_Top,330,69965
result_trotter_10_Heisenberg2D_cylinder_0.5_0.5_det,outer,1,SA,0.001,Proj,Yes_Kink,463,209741
result_trotter_10_Heisenberg2D_cylinder_0.5_0.5_det,outer,1,SA,0.01,Proj,No_MSF,246,4428
result_trotter_10_Heisenberg2D_cylinder_0.5_0.5_det,outer,1,SA,0.01,Proj,No_Top,285,54588
result_trotter_10_Heisenberg2D_cylinder_0.5_0.5_det,outer,1,SA,0.001,Single,No_Kink,463,174520
result_trotter_10_Heisenberg2D_cylinder_0.5_0.5_det,outer,1,SA,0.01,Single,No_MSF,318,18630
result_trotter_10_Heisenberg2D_cylinder_0.5_0.5_det,outer,1,SA,0.01,Single,No_Top,345,71447
result_trotter_10_Heisenberg2D_cylinder_0.5_0.5_det,outer,1,SA,0.01,Double,No_Kink,454,201049
result_trotter_10_Heisenberg2D_cylinder_0.5_0.5_det,outer,1,SA,0.1,Double,No_MSF,315,18346
result_trotter_10_Heisenberg2D_cylinder_0.5_0.5_det,outer,1,SA,0.1,Double,No_Top,330,69965
result_trotter_10_Heisenberg2D_cylinder_0.5_0.5_det,outer,1,SA,0.01,Single,No_Kink,457,174356
result_trotter_10_Heisenberg2D_cylinder_0.5_0.5_det,outer,1,SA,0.01,Proj,Yes_Kink,457,207397
result_trotter_10_Heisenberg2D_cylinder_0.5_0.5_det,outer,1,SA,0.01,Double,Yes_Kink,545,221770
result_trotter_10_Heisenberg2D_cylinder_0.5_0.5_det,outer,1,SA,0.1,Proj,No_MSF,246,4428
result_trotter_10_Heisenberg2D_cylinder_0.5_0.5_det,outer,1,SA,0.01,Proj,No_Kink,444,209655
result_trotter_10_Heisenberg2D_cylinder_0.5_0.5_det,outer,1,SA,0.1,Proj,No_Top,285,54588
result_trotter_10_Heisenberg2D_cylinder_0.5_0.5_det,outer,1,SA,0.1,Single,No_MSF,318,18630
result_trotter_10_Heisenberg2D_cylinder_0.5_0.5_det,outer,1,SA,0.1,Double,No_Kink,462,201825
result_trotter_10_Heisenberg2D_cylinder_0.5_0.5_det,outer,1,SA,1,Double,No_MSF,315,18346
result_trotter_10_Heisenberg2D_cylinder_0.5_0.5_det,outer,1,SA,0.1,Single,No_Top,345,71447
result_trotter_10_Heisenberg2D_cylinder_0.5_0.5_det,outer,1,SA,0.1,Single,No_Kink,466,174033
result_trotter_10_Heisenberg2D_cylinder_0.5_0.5_det,outer,1,SA,1,Double,No_Top,330,69965
result_trotter_10_Heisenberg2D_cylinder_0.5_0.5_det,outer,1,SA,0.1,Proj,Yes_Kink,466,209643
result_trotter_10_Heisenberg2D_cylinder_0.5_0.5_det,outer,1,SA,1,Proj,No_MSF,246,4428
result_trotter_10_Heisenberg2D_cylinder_0.5_0.5_det,outer,1,SA,0.1,Proj,No_Kink,450,211012
result_trotter_10_Heisenberg2D_cylinder_0.5_0.5_det,outer,1,SA,0.1,Double,Yes_Kink,553,222704
result_trotter_10_Heisenberg2D_cylinder_0.5_0.5_det,outer,1,SA,1,Proj,No_Top,285,54588
result_trotter_10_Heisenberg2D_cylinder_0.5_0.5_det,outer,1,SA,1,Double,Yes_Kink,551,217666
result_trotter_10_Heisenberg2D_cylinder_0.5_0.5_det,outer,1,SA,1,Single,No_MSF,318,18630
result_trotter_10_Heisenberg2D_cylinder_0.5_0.5_det,outer,1,SA,1,Double,No_Kink,457,196027
result_trotter_10_Heisenberg2D_cylinder_0.5_0.5_det,outer,1,SA,1,Single,No_Top,345,71447
result_trotter_10_Heisenberg2D_cylinder_0.5_0.5_det,outer,1,naive,0,Double,No_Top,330,69965
result_trotter_10_Heisenberg2D_cylinder_0.5_0.5_det,outer,1,SA,1,Proj,No_Kink,436,204503
result_trotter_10_Heisenberg2D_cylinder_0.5_0.5_det,outer,1,naive,0,Double,No_MSF,315,18346
result_trotter_10_Heisenberg2D_cylinder_0.5_0.5_det,outer,1,SA,1,Single,No_Kink,456,167486
result_trotter_10_Heisenberg2D_cylinder_0.5_0.5_det,outer,1,naive,0,Proj,No_Top,285,54588
result_trotter_10_Heisenberg2D_cylinder_0.5_0.5_det,outer,1,naive,0,Proj,No_MSF,246,4428
result_trotter_10_Heisenberg2D_cylinder_0.5_0.5_det,outer,1,SA,1,Proj,Yes_Kink,450,202912
result_trotter_10_Heisenberg2D_cylinder_0.5_0.5_det,outer,1,naive,0,Single,No_MSF,318,18630
result_trotter_10_Heisenberg2D_cylinder_0.5_0.5_det,outer,1,naive,0,Single,No_Top,345,71447
result_trotter_10_Heisenberg2D_cylinder_0.5_0.5_det,outer,1,naive,0,Double,No_Kink,507,214876
result_trotter_10_Heisenberg2D_cylinder_0.5_0.5_det,outer,1,naive,0,Double,Yes_Kink,602,236601
result_trotter_10_Heisenberg2D_cylinder_0.5_0.5_det,outer,1,random,0,Double,No_Top,330,69965
result_trotter_10_Heisenberg2D_cylinder_0.5_0.5_det,outer,1,naive,0,Proj,Yes_Kink,509,226454
result_trotter_10_Heisenberg2D_cylinder_0.5_0.5_det,outer,1,random,0,Double,No_MSF,315,18346
result_trotter_10_Heisenberg2D_cylinder_0.5_0.5_det,outer,1,random,0,Proj,No_MSF,246,4428
result_trotter_10_Heisenberg2D_cylinder_0.5_0.5_det,outer,1,naive,0,Single,No_Kink,511,186814
result_trotter_10_Heisenberg2D_cylinder_0.5_0.5_det,outer,1,random,0,Proj,No_Top,285,54588
result_trotter_10_Heisenberg2D_cylinder_0.5_0.5_det,outer,1,naive,0,Proj,No_Kink,492,226804
result_trotter_10_Heisenberg2D_cylinder_0.5_0.5_det,outer,1,random,0,Single,No_MSF,318,18630
result_trotter_10_Heisenberg2D_cylinder_0.5_0.5_det,outer,1,random,0,Single,No_Top,345,71447
result_trotter_10_Heisenberg2D_cylinder_0.5_0.5_det,outer,2,SA,0.001,Double,No_MSF,315,18346
result_trotter_10_Heisenberg2D_cylinder_0.5_0.5_det,outer,1,random,0,Double,No_Kink,568,234983
result_trotter_10_Heisenberg2D_cylinder_0.5_0.5_det,outer,2,SA,0.001,Double,No_Top,330,69965
result_trotter_10_Heisenberg2D_cylinder_0.5_0.5_det,outer,2,SA,0.001,Proj,No_MSF,246,4428
result_trotter_10_Heisenberg2D_cylinder_0.5_0.5_det,outer,1,random,0,Single,No_Kink,593,208846
result_trotter_10_Heisenberg2D_cylinder_0.5_0.5_det,outer,1,random,0,Double,Yes_Kink,655,252649
result_trotter_10_Heisenberg2D_cylinder_0.5_0.5_det,outer,2,SA,0.001,Proj,No_Top,285,54588
result_trotter_10_Heisenberg2D_cylinder_0.5_0.5_det,outer,1,random,0,Proj,Yes_Kink,546,239903
result_trotter_10_Heisenberg2D_cylinder_0.5_0.5_det,outer,1,random,0,Proj,No_Kink,532,242158
result_trotter_10_Heisenberg2D_cylinder_0.5_0.5_det,outer,2,SA,0.001,Single,No_MSF,318,18630
result_trotter_10_Heisenberg2D_cylinder_0.5_0.5_det,outer,2,SA,0.001,Double,No_Kink,462,224367
result_trotter_10_Heisenberg2D_cylinder_0.5_0.5_det,outer,2,SA,0.001,Single,No_Top,345,71447
result_trotter_10_Heisenberg2D_cylinder_0.5_0.5_det,outer,2,SA,0.001,Proj,No_Kink,401,263930
result_trotter_10_Heisenberg2D_cylinder_0.5_0.5_det,outer,2,SA,0.001,Double,Yes_Kink,520,239520
result_trotter_10_Heisenberg2D_cylinder_0.5_0.5_det,outer,2,SA,0.001,Single,No_Kink,464,194929
result_trotter_10_Heisenberg2D_cylinder_0.5_0.5_det,outer,2,SA,0.01,Double,No_MSF,315,18346
result_trotter_10_Heisenberg2D_cylinder_0.5_0.5_det,outer,2,SA,0.01,Double,No_Top,330,69965
result_trotter_10_Heisenberg2D_cylinder_0.5_0.5_det,outer,2,SA,0.001,Proj,Yes_Kink,426,268769
result_trotter_10_Heisenberg2D_cylinder_0.5_0.5_det,outer,2,SA,0.01,Proj,No_MSF,246,4428
result_trotter_10_Heisenberg2D_cylinder_0.5_0.5_det,outer,2,SA,0.01,Proj,No_Top,285,54588
result_trotter_10_Heisenberg2D_cylinder_0.5_0.5_det,outer,2,SA,0.001,Single,Yes_Kink,472,197947
result_trotter_10_Heisenberg2D_cylinder_0.5_0.5_det,outer,2,SA,0.01,Double,No_Kink,497,231809
result_trotter_10_Heisenberg2D_cylinder_0.5_0.5_det,outer,2,SA,0.01,Single,No_MSF,318,18630
result_trotter_10_Heisenberg2D_cylinder_0.5_0.5_det,outer,2,SA,0.01,Single,No_Kink,501,204483
result_trotter_10_Heisenberg2D_cylinder_0.5_0.5_det,outer,2,SA,0.01,Single,No_Top,345,71447
result_trotter_10_Heisenberg2D_cylinder_0.5_0.5_det,outer,2,SA,0.01,Double,Yes_Kink,539,244943
result_trotter_10_Heisenberg2D_cylinder_0.5_0.5_det,outer,2,SA,0.01,Proj,No_Kink,429,281886
result_trotter_10_Heisenberg2D_cylinder_0.5_0.5_det,outer,2,SA,0.1,Double,No_MSF,315,18346
result_trotter_10_Heisenberg2D_cylinder_0.5_0.5_det,outer,2,SA,0.1,Double,No_Top,330,69965
result_trotter_10_Heisenberg2D_cylinder_0.5_0.5_det,outer,2,SA,0.01,Single,Yes_Kink,517,208978
result_trotter_10_Heisenberg2D_cylinder_0.5_0.5_det,outer,2,SA,0.1,Proj,No_Top,285,54588
result_trotter_10_Heisenberg2D_cylinder_0.5_0.5_det,outer,2,SA,0.1,Proj,No_MSF,246,4428
result_trotter_10_Heisenberg2D_cylinder_0.5_0.5_det,outer,2,SA,0.1,Single,No_MSF,318,18630
result_trotter_10_Heisenberg2D_cylinder_0.5_0.5_det,outer,2,SA,0.1,Double,No_Kink,458,204799
result_trotter_10_Heisenberg2D_cylinder_0.5_0.5_det,outer,2,SA,0.1,Single,No_Top,345,71447
result_trotter_10_Heisenberg2D_cylinder_0.5_0.5_det,outer,2,SA,0.01,Proj,Yes_Kink,451,285572
result_trotter_10_Heisenberg2D_cylinder_0.5_0.5_det,outer,2,SA,0.1,Single,No_Kink,462,181292
result_trotter_10_Heisenberg2D_cylinder_0.5_0.5_det,outer,2,SA,0.1,Proj,No_Kink,408,267171
result_trotter_10_Heisenberg2D_cylinder_0.5_0.5_det,outer,2,SA,1,Double,No_MSF,315,18346
result_trotter_10_Heisenberg2D_cylinder_0.5_0.5_det,outer,2,SA,0.1,Double,Yes_Kink,522,215872
result_trotter_10_Heisenberg2D_cylinder_0.5_0.5_det,outer,2,SA,1,Double,No_Top,330,69965
result_trotter_10_Heisenberg2D_cylinder_0.5_0.5_det,outer,2,SA,1,Proj,No_MSF,246,4428
result_trotter_10_Heisenberg2D_cylinder_0.5_0.5_det,outer,2,SA,0.1,Single,Yes_Kink,470,181096
result_trotter_10_Heisenberg2D_cylinder_0.5_0.5_det,outer,2,SA,1,Proj,No_Top,285,54588
result_trotter_10_Heisenberg2D_cylinder_0.5_0.5_det,outer,2,SA,0.1,Proj,Yes_Kink,433,273069
result_trotter_10_Heisenberg2D_cylinder_0.5_0.5_det,outer,2,SA,1,Double,No_Kink,451,201195
result_trotter_10_Heisenberg2D_cylinder_0.5_0.5_det,outer,2,SA,1,Single,No_MSF,318,18630
result_trotter_10_Heisenberg2D_cylinder_0.5_0.5_det,outer,2,SA,1,Single,No_Top,345,71447
result_trotter_10_Heisenberg2D_cylinder_0.5_0.5_det,outer,2,naive,0,Double,No_MSF,315,18346
result_trotter_10_Heisenberg2D_cylinder_0.5_0.5_det,outer,2,SA,1,Double,Yes_Kink,509,209139
result_trotter_10_Heisenberg2D_cylinder_0.5_0.5_det,outer,2,naive,0,Double,No_Top,330,69965
result_trotter_10_Heisenberg2D_cylinder_0.5_0.5_det,outer,2,SA,1,Single,No_Kink,454,177108
result_trotter_10_Heisenberg2D_cylinder_0.5_0.5_det,outer,2,SA,1,Single,Yes_Kink,453,176736
result_trotter_10_Heisenberg2D_cylinder_0.5_0.5_det,outer,2,naive,0,Proj,No_MSF,246,4428
result_trotter_10_Heisenberg2D_cylinder_0.5_0.5_det,outer,2,SA,1,Proj,No_Kink,400,261017
result_trotter_10_Heisenberg2D_cylinder_0.5_0.5_det,outer,2,SA,1,Proj,Yes_Kink,425,267762
result_trotter_10_Heisenberg2D_cylinder_0.5_0.5_det,outer,2,naive,0,Proj,No_Top,285,54588
result_trotter_10_Heisenberg2D_cylinder_0.5_0.5_det,outer,2,naive,0,Single,No_MSF,318,18630
result_trotter_10_Heisenberg2D_cylinder_0.5_0.5_det,outer,2,naive,0,Double,No_Kink,426,198634
result_trotter_10_Heisenberg2D_cylinder_0.5_0.5_det,outer,2,naive,0,Single,No_Top,345,71447
result_trotter_10_Heisenberg2D_cylinder_0.5_0.5_det,outer,2,naive,0,Double,Yes_Kink,511,221050
result_trotter_10_Heisenberg2D_cylinder_0.5_0.5_det,outer,2,random,0,Double,No_MSF,315,18346
result_trotter_10_Heisenberg2D_cylinder_0.5_0.5_det,outer,2,naive,0,Single,No_Kink,427,174001
result_trotter_10_Heisenberg2D_cylinder_0.5_0.5_det,outer,2,random,0,Double,No_Top,330,69965
result_trotter_10_Heisenberg2D_cylinder_0.5_0.5_det,outer,2,random,0,Proj,No_MSF,246,4428
result_trotter_10_Heisenberg2D_cylinder_0.5_0.5_det,outer,2,random,0,Proj,No_Top,285,54588
result_trotter_10_Heisenberg2D_cylinder_0.5_0.5_det,outer,2,naive,0,Single,Yes_Kink,439,176697
result_trotter_10_Heisenberg2D_cylinder_0.5_0.5_det,outer,2,random,0,Double,No_Kink,486,248547
result_trotter_10_Heisenberg2D_cylinder_0.5_0.5_det,outer,2,naive,0,Proj,No_Kink,467,303503
result_trotter_10_Heisenberg2D_cylinder_0.5_0.5_det,outer,2,random,0,Single,No_MSF,318,18630
result_trotter_10_Heisenberg2D_cylinder_0.5_0.5_det,outer,2,random,0,Single,No_Top,345,71447
result_trotter_10_Heisenberg2D_cylinder_0.5_0.5_det,outer,2,random,0,Double,Yes_Kink,540,264146
result_trotter_10_Heisenberg2D_cylinder_0.5_0.5_rand,inner,1,SA,0.001,Double,No_MSF,566,35432
result_trotter_10_Heisenberg2D_cylinder_0.5_0.5_det,outer,2,naive,0,Proj,Yes_Kink,491,308529
result_trotter_10_Heisenberg2D_cylinder_0.5_0.5_rand,inner,1,SA,0.001,Double,No_Top,566,85592
result_trotter_10_Heisenberg2D_cylinder_0.5_0.5_rand,inner,1,SA,0.001,Proj,No_MSF,246,4440
result_trotter_10_Heisenberg2D_cylinder_0.5_0.5_det,outer,2,random,0,Proj,Yes_Kink,507,316454
result_trotter_10_Heisenberg2D_cylinder_0.5_0.5_det,outer,2,random,0,Single,Yes_Kink,510,223580
result_trotter_10_Heisenberg2D_cylinder_0.5_0.5_rand,inner,1,SA,0.001,Proj,No_Top,285,54600
result_trotter_10_Heisenberg2D_cylinder_0.5_0.5_det,outer,2,random,0,Single,No_Kink,493,218724
result_trotter_10_Heisenberg2D_cylinder_0.5_0.5_rand,inner,1,SA,0.001,Single,No_MSF,586,37250
result_trotter_10_Heisenberg2D_cylinder_0.5_0.5_rand,inner,1,SA,0.001,Double,Yes_Kink,665,222587
result_trotter_10_Heisenberg2D_cylinder_0.5_0.5_rand,inner,1,SA,0.001,Single,No_Top,586,87410
result_trotter_10_Heisenberg2D_cylinder_0.5_0.5_det,outer,2,random,0,Proj,No_Kink,487,314207
result_trotter_10_Heisenberg2D_cylinder_0.5_0.5_rand,inner,1,SA,0.001,Double,No_Kink,621,208610
result_trotter_10_Heisenberg2D_cylinder_0.5_0.5_rand,inner,1,SA,0.01,Double,No_MSF,566,35432
result_trotter_10_Heisenberg2D_cylinder_0.5_0.5_rand,inner,1,SA,0.001,Single,No_Kink,613,176143
result_trotter_10_Heisenberg2D_cylinder_0.5_0.5_rand,inner,1,SA,0.01,Double,No_Top,566,85592
result_trotter_10_Heisenberg2D_cylinder_0.5_0.5_rand,inner,1,SA,0.001,Proj,No_Kink,657,278489
result_trotter_10_Heisenberg2D_cylinder_0.5_0.5_rand,inner,1,SA,0.01,Proj,No_Top,285,54600
result_trotter_10_Heisenberg2D_cylinder_0.5_0.5_rand,inner,1,SA,0.01,Proj,No_MSF,246,4440
result_trotter_10_Heisenberg2D_cylinder_0.5_0.5_rand,inner,1,SA,0.01,Double,No_Kink,708,230812
result_trotter_10_Heisenberg2D_cylinder_0.5_0.5_rand,inner,1,SA,0.001,Proj,Yes_Kink,673,272384
result_trotter_10_Heisenberg2D_cylinder_0.5_0.5_rand,inner,1,SA,0.01,Single,No_MSF,586,37250
result_trotter_10_Heisenberg2D_cylinder_0.5_0.5_rand,inner,1,SA,0.01,Single,No_Top,586,87410
result_trotter_10_Heisenberg2D_cylinder_0.5_0.5_rand,inner,1,SA,0.01,Double,Yes_Kink,774,249713
result_trotter_10_Heisenberg2D_cylinder_0.5_0.5_rand,inner,1,SA,0.1,Double,No_MSF,566,35432
result_trotter_10_Heisenberg2D_cylinder_0.5_0.5_rand,inner,1,SA,0.01,Single,No_Kink,718,204836
result_trotter_10_Heisenberg2D_cylinder_0.5_0.5_rand,inner,1,SA,0.1,Double,No_Top,566,85592
result_trotter_10_Heisenberg2D_cylinder_0.5_0.5_rand,inner,1,SA,0.1,Proj,No_Top,285,54600
result_trotter_10_Heisenberg2D_cylinder_0.5_0.5_rand,inner,1,SA,0.01,Proj,Yes_Kink,807,321115
result_trotter_10_Heisenberg2D_cylinder_0.5_0.5_rand,inner,1,SA,0.1,Proj,No_MSF,246,4440
result_trotter_10_Heisenberg2D_cylinder_0.5_0.5_rand,inner,1,SA,0.01,Proj,No_Kink,795,329967
result_trotter_10_Heisenberg2D_cylinder_0.5_0.5_rand,inner,1,SA,0.1,Double,No_Kink,585,185121
result_trotter_10_Heisenberg2D_cylinder_0.5_0.5_rand,inner,1,SA,0.1,Double,Yes_Kink,664,218923
result_trotter_10_Heisenberg2D_cylinder_0.5_0.5_rand,inner,1,SA,0.1,Single,No_MSF,586,37250
result_trotter_10_Heisenberg2D_cylinder_0.5_0.5_rand,inner,1,SA,0.1,Single,No_Top,586,87410
result_trotter_10_Heisenberg2D_cylinder_0.5_0.5_rand,inner,1,SA,1,Double,No_MSF,566,35432
result_trotter_10_Heisenberg2D_cylinder_0.5_0.5_rand,inner,1,SA,1,Double,No_Top,566,85592
result_trotter_10_Heisenberg2D_cylinder_0.5_0.5_rand,inner,1,SA,0.1,Proj,No_Kink,637,266908
result_trotter_10_Heisenberg2D_cylinder_0.5_0.5_rand,inner,1,SA,1,Proj,No_MSF,246,4440
result_trotter_10_Heisenberg2D_cylinder_0.5_0.5_rand,inner,1,SA,1,Proj,No_Top,285,54600
result_trotter_10_Heisenberg2D_cylinder_0.5_0.5_rand,inner,1,SA,0.1,Single,No_Kink,593,154577
result_trotter_10_Heisenberg2D_cylinder_0.5_0.5_rand,inner,1,SA,1,Double,No_Kink,569,154188
result_trotter_10_Heisenberg2D_cylinder_0.5_0.5_rand,inner,1,SA,1,Double,Yes_Kink,595,186941
result_trotter_10_Heisenberg2D_cylinder_0.5_0.5_rand,inner,1,SA,1,Single,No_MSF,586,37250
result_trotter_10_Heisenberg2D_cylinder_0.5_0.5_rand,inner,1,SA,0.1,Proj,Yes_Kink,658,259789
result_trotter_10_Heisenberg2D_cylinder_0.5_0.5_rand,inner,1,naive,0,Double,No_MSF,566,35432
result_trotter_10_Heisenberg2D_cylinder_0.5_0.5_rand,inner,1,SA,1,Single,No_Top,586,87410
result_trotter_10_Heisenberg2D_cylinder_0.5_0.5_rand,inner,1,SA,1,Single,No_Kink,591,130051
result_trotter_10_Heisenberg2D_cylinder_0.5_0.5_rand,inner,1,naive,0,Double,No_Top,566,85592
result_trotter_10_Heisenberg2D_cylinder_0.5_0.5_rand,inner,1,SA,1,Proj,No_Kink,588,250514
result_trotter_10_Heisenberg2D_cylinder_0.5_0.5_rand,inner,1,naive,0,Double,No_Kink,683,222593
result_trotter_10_Heisenberg2D_cylinder_0.5_0.5_rand,inner,1,naive,0,Proj,No_MSF,246,4440
result_trotter_10_Heisenberg2D_cylinder_0.5_0.5_rand,inner,1,naive,0,Single,No_MSF,586,37250
result_trotter_10_Heisenberg2D_cylinder_0.5_0.5_rand,inner,1,naive,0,Proj,No_Top,285,54600
result_trotter_10_Heisenberg2D_cylinder_0.5_0.5_rand,inner,1,naive,0,Single,No_Top,586,87410
result_trotter_10_Heisenberg2D_cylinder_0.5_0.5_rand,inner,1,SA,1,Proj,Yes_Kink,609,244454
result_trotter_10_Heisenberg2D_cylinder_0.5_0.5_rand,inner,1,naive,0,Single,No_Kink,727,201867
result_trotter_10_Heisenberg2D_cylinder_0.5_0.5_rand,inner,1,random,0,Double,No_MSF,566,35432
result_trotter_10_Heisenberg2D_cylinder_0.5_0.5_rand,inner,1,naive,0,Double,Yes_Kink,745,243657
result_trotter_10_Heisenberg2D_cylinder_0.5_0.5_rand,inner,1,random,0,Double,No_Top,566,85592
result_trotter_10_Heisenberg2D_cylinder_0.5_0.5_rand,inner,1,random,0,Proj,No_MSF,246,4440
result_trotter_10_Heisenberg2D_cylinder_0.5_0.5_rand,inner,1,random,0,Double,No_Kink,614,189131
result_trotter_10_Heisenberg2D_cylinder_0.5_0.5_rand,inner,1,random,0,Proj,No_Top,285,54600
result_trotter_10_Heisenberg2D_cylinder_0.5_0.5_rand,inner,1,naive,0,Proj,No_Kink,731,307296
result_trotter_10_Heisenberg2D_cylinder_0.5_0.5_rand,inner,1,random,0,Single,No_MSF,586,37250
result_trotter_10_Heisenberg2D_cylinder_0.5_0.5_rand,inner,1,random,0,Single,No_Top,586,87410
result_trotter_10_Heisenberg2D_cylinder_0.5_0.5_rand,inner,2,SA,0.001,Double,No_MSF,566,35432
result_trotter_10_Heisenberg2D_cylinder_0.5_0.5_rand,inner,1,random,0,Single,No_Kink,657,164101
result_trotter_10_Heisenberg2D_cylinder_0.5_0.5_rand,inner,2,SA,0.001,Double,No_Top,566,85592
result_trotter_10_Heisenberg2D_cylinder_0.5_0.5_rand,inner,1,random,0,Double,Yes_Kink,662,213294
result_trotter_10_Heisenberg2D_cylinder_0.5_0.5_rand,inner,1,naive,0,Proj,Yes_Kink,745,301801
result_trotter_10_Heisenberg2D_cylinder_0.5_0.5_rand,inner,2,SA,0.001,Double,No_Kink,574,171604
result_trotter_10_Heisenberg2D_cylinder_0.5_0.5_rand,inner,2,SA,0.001,Proj,No_MSF,246,4440
result_trotter_10_Heisenberg2D_cylinder_0.5_0.5_rand,inner,1,random,0,Proj,No_Kink,706,296316
result_trotter_10_Heisenberg2D_cylinder_0.5_0.5_rand,inner,2,SA,0.001,Proj,No_Top,285,54600
result_trotter_10_Heisenberg2D_cylinder_0.5_0.5_rand,inner,2,SA,0.001,Single,No_MSF,586,37250
result_trotter_10_Heisenberg2D_cylinder_0.5_0.5_rand,inner,2,SA,0.001,Single,No_Top,586,87410
result_trotter_10_Heisenberg2D_cylinder_0.5_0.5_rand,inner,1,random,0,Proj,Yes_Kink,722,290202
result_trotter_10_Heisenberg2D_cylinder_0.5_0.5_rand,inner,2,SA,0.001,Double,Yes_Kink,585,191279
result_trotter_10_Heisenberg2D_cylinder_0.5_0.5_rand,inner,2,SA,0.001,Single,No_Kink,590,152512
result_trotter_10_Heisenberg2D_cylinder_0.5_0.5_rand,inner,2,SA,0.01,Double,No_MSF,566,35432
result_trotter_10_Heisenberg2D_cylinder_0.5_0.5_rand,inner,2,SA,0.01,Double,No_Kink,571,163138
result_trotter_10_Heisenberg2D_cylinder_0.5_0.5_rand,inner,2,SA,0.01,Double,No_Top,566,85592
result_trotter_10_Heisenberg2D_cylinder_0.5_0.5_rand,inner,2,SA,0.01,Proj,No_MSF,246,4440
result_trotter_10_Heisenberg2D_cylinder_0.5_0.5_rand,inner,2,SA,0.001,Proj,No_Kink,623,359970
result_trotter_10_Heisenberg2D_cylinder_0.5_0.5_rand,inner,2,SA,0.01,Proj,No_Top,285,54600
result_trotter_10_Heisenberg2D_cylinder_0.5_0.5_rand,inner,2,SA,0.001,Single,Yes_Kink,609,158369
result_trotter_10_Heisenberg2D_cylinder_0.5_0.5_rand,inner,2,SA,0.01,Single,No_MSF,586,37250
result_trotter_10_Heisenberg2D_cylinder_0.5_0.5_rand,inner,2,SA,0.001,Proj,Yes_Kink,637,352030
result_trotter_10_Heisenberg2D_cylinder_0.5_0.5_rand,inner,2,SA,0.01,Double,Yes_Kink,577,181195
result_trotter_10_Heisenberg2D_cylinder_0.5_0.5_rand,inner,2,SA,0.01,Single,No_Kink,588,142248
result_trotter_10_Heisenberg2D_cylinder_0.5_0.5_rand,inner,2,SA,0.01,Single,No_Top,586,87410
result_trotter_10_Heisenberg2D_cylinder_0.5_0.5_rand,inner,2,SA,0.1,Double,No_MSF,566,35432
result_trotter_10_Heisenberg2D_cylinder_0.5_0.5_rand,inner,2,SA,0.1,Proj,No_MSF,246,4440
result_trotter_10_Heisenberg2D_cylinder_0.5_0.5_rand,inner,2,SA,0.1,Double,No_Kink,571,156457
result_trotter_10_Heisenberg2D_cylinder_0.5_0.5_rand,inner,2,SA,0.1,Double,No_Top,566,85592
result_trotter_10_Heisenberg2D_cylinder_0.5_0.5_rand,inner,2,SA,0.01,Single,Yes_Kink,588,147388
result_trotter_10_Heisenberg2D_cylinder_0.5_0.5_rand,inner,2,SA,0.1,Proj,No_Top,285,54600
result_trotter_10_Heisenberg2D_cylinder_0.5_0.5_rand,inner,2,SA,0.1,Double,Yes_Kink,578,174363
result_trotter_10_Heisenberg2D_cylinder_0.5_0.5_rand,inner,2,SA,0.1,Single,No_Top,586,87410
result_trotter_10_Heisenberg2D_cylinder_0.5_0.5_rand,inner,2,SA,0.1,Single,No_Kink,591,137168
result_trotter_10_Heisenberg2D_cylinder_0.5_0.5_rand,inner,2,SA,0.1,Single,No_MSF,586,37250
result_trotter_10_Heisenberg2D_cylinder_0.5_0.5_rand,inner,2,SA,1,Double,No_MSF,566,35432
result_trotter_10_Heisenberg2D_cylinder_0.5_0.5_rand,inner,2,SA,0.01,Proj,Yes_Kink,596,341386
result_trotter_10_Heisenberg2D_cylinder_0.5_0.5_rand,inner,2,SA,0.1,Single,Yes_Kink,608,142916
result_trotter_10_Heisenberg2D_cylinder_0.5_0.5_rand,inner,2,SA,1,Double,No_Kink,568,143261
result_trotter_10_Heisenberg2D_cylinder_0.5_0.5_rand,inner,2,SA,1,Double,No_Top,566,85592
result_trotter_10_Heisenberg2D_cylinder_0.5_0.5_rand,inner,2,SA,0.01,Proj,No_Kink,589,350043
result_trotter_10_Heisenberg2D_cylinder_0.5_0.5_rand,inner,2,SA,1,Proj,No_MSF,246,4440
result_trotter_10_Heisenberg2D_cylinder_0.5_0.5_rand,inner,2,SA,1,Proj,No_Top,285,54600
result_trotter_10_Heisenberg2D_cylinder_0.5_0.5_rand,inner,2,SA,1,Single,No_MSF,586,37250
result_trotter_10_Heisenberg2D_cylinder_0.5_0.5_rand,inner,2,SA,0.1,Proj,Yes_Kink,631,344198
result_trotter_10_Heisenberg2D_cylinder_0.5_0.5_rand,inner,2,SA,1,Double,Yes_Kink,575,150690
result_trotter_10_Heisenberg2D_cylinder_0.5_0.5_rand,inner,2,SA,1,Single,No_Top,586,87410
result_trotter_10_Heisenberg2D_cylinder_0.5_0.5_rand,inner,2,SA,1,Single,No_Kink,588,122685
result_trotter_10_Heisenberg2D_cylinder_0.5_0.5_rand,inner,2,naive,0,Double,No_MSF,566,35432
result_trotter_10_Heisenberg2D_cylinder_0.5_0.5_rand,inner,2,SA,0.1,Proj,No_Kink,615,352304
result_trotter_10_Heisenberg2D_cylinder_0.5_0.5_rand,inner,2,SA,1,Single,Yes_Kink,588,127054
result_trotter_10_Heisenberg2D_cylinder_0.5_0.5_rand,inner,2,naive,0,Double,No_Top,566,85592
result_trotter_10_Heisenberg2D_cylinder_0.5_0.5_rand,inner,2,naive,0,Proj,No_Top,285,54600
result_trotter_10_Heisenberg2D_cylinder_0.5_0.5_rand,inner,2,naive,0,Proj,No_MSF,246,4440
result_trotter_10_Heisenberg2D_cylinder_0.5_0.5_rand,inner,2,naive,0,Single,No_MSF,586,37250
result_trotter_10_Heisenberg2D_cylinder_0.5_0.5_rand,inner,2,SA,1,Proj,Yes_Kink,544,303676
result_trotter_10_Heisenberg2D_cylinder_0.5_0.5_rand,inner,2,naive,0,Double,Yes_Kink,624,218031
result_trotter_10_Heisenberg2D_cylinder_0.5_0.5_rand,inner,2,SA,1,Proj,No_Kink,525,305911
result_trotter_10_Heisenberg2D_cylinder_0.5_0.5_rand,inner,2,naive,0,Double,No_Kink,588,197072
result_trotter_10_Heisenberg2D_cylinder_0.5_0.5_rand,inner,2,naive,0,Single,No_Top,586,87410
result_trotter_10_Heisenberg2D_cylinder_0.5_0.5_rand,inner,2,naive,0,Single,No_Kink,605,180614
result_trotter_10_Heisenberg2D_cylinder_0.5_0.5_rand,inner,2,random,0,Double,No_MSF,566,35432
result_trotter_10_Heisenberg2D_cylinder_0.5_0.5_rand,inner,2,random,0,Double,No_Top,566,85592
result_trotter_10_Heisenberg2D_cylinder_0.5_0.5_rand,inner,2,naive,0,Proj,No_Kink,655,392239
result_trotter_10_Heisenberg2D_cylinder_0.5_0.5_rand,inner,2,random,0,Proj,No_MSF,246,4440
result_trotter_10_Heisenberg2D_cylinder_0.5_0.5_rand,inner,2,random,0,Double,Yes_Kink,587,194641
result_trotter_10_Heisenberg2D_cylinder_0.5_0.5_rand,inner,2,random,0,Proj,No_Top,285,54600
result_trotter_10_Heisenberg2D_cylinder_0.5_0.5_rand,inner,2,naive,0,Single,Yes_Kink,612,182745
result_trotter_10_Heisenberg2D_cylinder_0.5_0.5_rand,inner,2,random,0,Double,No_Kink,599,182506
result_trotter_10_Heisenberg2D_cylinder_0.5_0.5_rand,inner,2,random,0,Single,No_MSF,586,37250
result_trotter_10_Heisenberg2D_cylinder_0.5_0.5_rand,inner,2,random,0,Single,No_Top,586,87410
result_trotter_10_Heisenberg2D_cylinder_0.5_0.5_rand,outer,1,SA,0.001,Double,No_MSF,566,35432
result_trotter_10_Heisenberg2D_cylinder_0.5_0.5_rand,inner,2,random,0,Single,No_Kink,615,159226
result_trotter_10_Heisenberg2D_cylinder_0.5_0.5_rand,outer,1,SA,0.001,Double,No_Top,566,85592
result_trotter_10_Heisenberg2D_cylinder_0.5_0.5_rand,outer,1,SA,0.001,Proj,No_MSF,246,4440
result_trotter_10_Heisenberg2D_cylinder_0.5_0.5_rand,inner,2,naive,0,Proj,Yes_Kink,667,387193
result_trotter_10_Heisenberg2D_cylinder_0.5_0.5_rand,outer,1,SA,0.001,Double,No_Kink,598,194810
result_trotter_10_Heisenberg2D_cylinder_0.5_0.5_rand,inner,2,random,0,Single,Yes_Kink,617,160841
result_trotter_10_Heisenberg2D_cylinder_0.5_0.5_rand,outer,1,SA,0.001,Double,Yes_Kink,655,216133
result_trotter_10_Heisenberg2D_cylinder_0.5_0.5_rand,outer,1,SA,0.001,Proj,No_Top,285,54600
result_trotter_10_Heisenberg2D_cylinder_0.5_0.5_rand,outer,1,SA,0.001,Single,No_Top,586,87410
result_trotter_10_Heisenberg2D_cylinder_0.5_0.5_rand,outer,1,SA,0.001,Single,No_MSF,586,37250
result_trotter_10_Heisenberg2D_cylinder_0.5_0.5_rand,inner,2,random,0,Proj,Yes_Kink,590,334334
result_trotter_10_Heisenberg2D_cylinder_0.5_0.5_rand,outer,1,SA,0.001,Single,No_Kink,618,173081
result_trotter_10_Heisenberg2D_cylinder_0.5_0.5_rand,outer,1,SA,0.001,Proj,No_Kink,655,277387
result_trotter_10_Heisenberg2D_cylinder_0.5_0.5_rand,outer,1,SA,0.01,Double,No_MSF,566,35432
result_trotter_10_Heisenberg2D_cylinder_0.5_0.5_rand,inner,2,random,0,Proj,No_Kink,572,341157
result_trotter_10_Heisenberg2D_cylinder_0.5_0.5_rand,outer,1,SA,0.01,Double,No_Top,566,85592
result_trotter_10_Heisenberg2D_cylinder_0.5_0.5_rand,outer,1,SA,0.01,Proj,No_Top,285,54600
result_trotter_10_Heisenberg2D_cylinder_0.5_0.5_rand,outer,1,SA,0.01,Proj,No_MSF,246,4440
result_trotter_10_Heisenberg2D_cylinder_0.5_0.5_rand,outer,1,SA,0.001,Proj,Yes_Kink,669,271867
result_trotter_10_Heisenberg2D_cylinder_0.5_0.5_rand,outer,1,SA,0.01,Single,No_MSF,586,37250
result_trotter_10_Heisenberg2D_cylinder_0.5_0.5_rand,outer,1,SA,0.01,Double,No_Kink,598,193896
result_trotter_10_Heisenberg2D_cylinder_0.5_0.5_rand,outer,1,SA,0.01,Single,No_Top,586,87410
result_trotter_10_Heisenberg2D_cylinder_0.5_0.5_rand,outer,1,SA,0.1,Double,No_MSF,566,35432
result_trotter_10_Heisenberg2D_cylinder_0.5_0.5_rand,outer,1,SA,0.01,Double,Yes_Kink,648,216014
result_trotter_10_Heisenberg2D_cylinder_0.5_0.5_rand,outer,1,SA,0.1,Double,No_Top,566,85592
result_trotter_10_Heisenberg2D_cylinder_0.5_0.5_rand,outer,1,SA,0.1,Proj,No_MSF,246,4440
result_trotter_10_Heisenberg2D_cylinder_0.5_0.5_rand,outer,1,SA,0.01,Proj,No_Kink,654,278899
result_trotter_10_Heisenberg2D_cylinder_0.5_0.5_rand,outer,1,SA,0.01,Single,No_Kink,610,171674
result_trotter_10_Heisenberg2D_cylinder_0.5_0.5_rand,outer,1,SA,0.1,Double,No_Kink,599,193988
result_trotter_10_Heisenberg2D_cylinder_0.5_0.5_rand,outer,1,SA,0.01,Proj,Yes_Kink,669,273314
result_trotter_10_Heisenberg2D_cylinder_0.5_0.5_rand,outer,1,SA,0.1,Proj,No_Top,285,54600
result_trotter_10_Heisenberg2D_cylinder_0.5_0.5_rand,outer,1,SA,0.1,Single,No_MSF,586,37250
result_trotter_10_Heisenberg2D_cylinder_0.5_0.5_rand,outer,1,SA,0.1,Single,No_Top,586,87410
result_trotter_10_Heisenberg2D_cylinder_0.5_0.5_rand,outer,1,SA,0.1,Double,Yes_Kink,655,217373
result_trotter_10_Heisenberg2D_cylinder_0.5_0.5_rand,outer,1,SA,1,Double,No_MSF,566,35432
result_trotter_10_Heisenberg2D_cylinder_0.5_0.5_rand,outer,1,SA,1,Double,No_Top,566,85592
result_trotter_10_Heisenberg2D_cylinder_0.5_0.5_rand,outer,1,SA,1,Proj,No_MSF,246,4440
result_trotter_10_Heisenberg2D_cylinder_0.5_0.5_rand,outer,1,SA,0.1,Single,No_Kink,619,173363
result_trotter_10_Heisenberg2D_cylinder_0.5_0.5_rand,outer,1,SA,0.1,Proj,No_Kink,650,278867
result_trotter_10_Heisenberg2D_cylinder_0.5_0.5_rand,outer,1,SA,1,Proj,No_Top,285,54600
result_trotter_10_Heisenberg2D_cylinder_0.5_0.5_rand,outer,1,SA,0.1,Proj,Yes_Kink,667,274090
result_trotter_10_Heisenberg2D_cylinder_0.5_0.5_rand,outer,1,SA,1,Double,No_Kink,596,188378
result_trotter_10_Heisenberg2D_cylinder_0.5_0.5_rand,outer,1,SA,1,Single,No_MSF,586,37250
result_trotter_10_Heisenberg2D_cylinder_0.5_0.5_rand,outer,1,SA,1,Single,No_Top,586,87410
result_trotter_10_Heisenberg2D_cylinder_0.5_0.5_rand,outer,1,naive,0,Double,No_Top,566,85592
result_trotter_10_Heisenberg2D_cylinder_0.5_0.5_rand,outer,1,naive,0,Double,No_MSF,566,35432
result_trotter_10_Heisenberg2D_cylinder_0.5_0.5_rand,outer,1,SA,1,Proj,Yes_Kink,662,269872
result_trotter_10_Heisenberg2D_cylinder_0.5_0.5_rand,outer,1,SA,1,Single,No_Kink,616,167331
result_trotter_10_Heisenberg2D_cylinder_0.5_0.5_rand,outer,1,SA,1,Double,Yes_Kink,649,214884
result_trotter_10_Heisenberg2D_cylinder_0.5_0.5_rand,outer,1,naive,0,Double,No_Kink,683,222593
result_trotter_10_Heisenberg2D_cylinder_0.5_0.5_rand,outer,1,naive,0,Proj,No_MSF,246,4440
result_trotter_10_Heisenberg2D_cylinder_0.5_0.5_rand,outer,1,naive,0,Proj,No_Top,285,54600
result_trotter_10_Heisenberg2D_cylinder_0.5_0.5_rand,outer,1,naive,0,Single,No_MSF,586,37250
result_trotter_10_Heisenberg2D_cylinder_0.5_0.5_rand,outer,1,SA,1,Proj,No_Kink,650,275920
result_trotter_10_Heisenberg2D_cylinder_0.5_0.5_rand,outer,1,random,0,Double,No_MSF,566,35432
result_trotter_10_Heisenberg2D_cylinder_0.5_0.5_rand,outer,1,naive,0,Single,No_Top,586,87410
result_trotter_10_Heisenberg2D_cylinder_0.5_0.5_rand,outer,1,naive,0,Single,No_Kink,727,201867
result_trotter_10_Heisenberg2D_cylinder_0.5_0.5_rand,outer,1,random,0,Double,No_Top,566,85592
result_trotter_10_Heisenberg2D_cylinder_0.5_0.5_rand,outer,1,naive,0,Double,Yes_Kink,745,243657
result_trotter_10_Heisenberg2D_cylinder_0.5_0.5_rand,outer,1,random,0,Proj,No_MSF,246,4440
result_trotter_10_Heisenberg2D_cylinder_0.5_0.5_rand,outer,1,random,0,Double,No_Kink,711,229904
result_trotter_10_Heisenberg2D_cylinder_0.5_0.5_rand,outer,1,random,0,Proj,No_Top,285,54600
result_trotter_10_Heisenberg2D_cylinder_0.5_0.5_rand,outer,1,naive,0,Proj,No_Kink,731,307296
result_trotter_10_Heisenberg2D_cylinder_0.5_0.5_rand,outer,1,random,0,Single,No_MSF,586,37250
result_trotter_10_Heisenberg2D_cylinder_0.5_0.5_rand,outer,1,random,0,Single,No_Top,586,87410
result_trotter_10_Heisenberg2D_cylinder_0.5_0.5_rand,outer,2,SA,0.001,Double,No_MSF,566,35432
result_trotter_10_Heisenberg2D_cylinder_0.5_0.5_rand,outer,1,naive,0,Proj,Yes_Kink,745,301801
result_trotter_10_Heisenberg2D_cylinder_0.5_0.5_rand,outer,2,SA,0.001,Double,No_Top,566,85592
result_trotter_10_Heisenberg2D_cylinder_0.5_0.5_rand,outer,1,random,0,Single,No_Kink,753,209328
result_trotter_10_Heisenberg2D_cylinder_0.5_0.5_rand,outer,2,SA,0.001,Proj,No_MSF,246,4440
result_trotter_10_Heisenberg2D_cylinder_0.5_0.5_rand,outer,2,SA,0.001,Double,No_Kink,591,221198
result_trotter_10_Heisenberg2D_cylinder_0.5_0.5_rand,outer,2,SA,0.001,Proj,No_Top,285,54600
result_trotter_10_Heisenberg2D_cylinder_0.5_0.5_rand,outer,1,random,0,Double,Yes_Kink,767,248921
result_trotter_10_Heisenberg2D_cylinder_0.5_0.5_rand,outer,2,SA,0.001,Single,No_MSF,586,37250
result_trotter_10_Heisenberg2D_cylinder_0.5_0.5_rand,outer,2,SA,0.001,Double,Yes_Kink,618,236396
result_trotter_10_Heisenberg2D_cylinder_0.5_0.5_rand,outer,1,random,0,Proj,No_Kink,748,313633
result_trotter_10_Heisenberg2D_cylinder_0.5_0.5_rand,outer,2,SA,0.001,Single,No_Top,586,87410
result_trotter_10_Heisenberg2D_cylinder_0.5_0.5_rand,outer,2,SA,0.001,Single,No_Kink,613,200662
result_trotter_10_Heisenberg2D_cylinder_0.5_0.5_rand,outer,1,random,0,Proj,Yes_Kink,758,307309
result_trotter_10_Heisenberg2D_cylinder_0.5_0.5_rand,outer,2,SA,0.001,Single,Yes_Kink,610,201917
result_trotter_10_Heisenberg2D_cylinder_0.5_0.5_rand,outer,2,SA,0.01,Double,No_MSF,566,35432
result_trotter_10_Heisenberg2D_cylinder_0.5_0.5_rand,outer,2,SA,0.01,Double,No_Top,566,85592
result_trotter_10_Heisenberg2D_cylinder_0.5_0.5_rand,outer,2,SA,0.01,Proj,No_MSF,246,4440
result_trotter_10_Heisenberg2D_cylinder_0.5_0.5_rand,outer,2,SA,0.01,Proj,No_Top,285,54600
result_trotter_10_Heisenberg2D_cylinder_0.5_0.5_rand,outer,2,SA,0.01,Double,No_Kink,611,229143
result_trotter_10_Heisenberg2D_cylinder_0.5_0.5_rand,outer,2,SA,0.01,Double,Yes_Kink,629,240912
result_trotter_10_Heisenberg2D_cylinder_0.5_0.5_rand,outer,2,SA,0.001,Proj,Yes_Kink,635,367335
result_trotter_10_Heisenberg2D_cylinder_0.5_0.5_rand,outer,2,SA,0.01,Single,No_MSF,586,37250
result_trotter_10_Heisenberg2D_cylinder_0.5_0.5_rand,outer,2,SA,0.001,Proj,No_Kink,621,373048
result_trotter_10_Heisenberg2D_cylinder_0.5_0.5_rand,outer,2,SA,0.01,Single,No_Top,586,87410
result_trotter_10_Heisenberg2D_cylinder_0.5_0.5_rand,outer,2,SA,0.01,Single,No_Kink,636,207181
result_trotter_10_Heisenberg2D_cylinder_0.5_0.5_rand,outer,2,SA,0.1,Double,No_MSF,566,35432
result_trotter_10_Heisenberg2D_cylinder_0.5_0.5_rand,outer,2,SA,0.1,Double,No_Top,566,85592
result_trotter_10_Heisenberg2D_cylinder_0.5_0.5_rand,outer,2,SA,0.01,Single,Yes_Kink,633,207503
result_trotter_10_Heisenberg2D_cylinder_0.5_0.5_rand,outer,2,SA,0.1,Proj,No_Top,285,54600
result_trotter_10_Heisenberg2D_cylinder_0.5_0.5_rand,outer,2,SA,0.1,Double,No_Kink,585,195894
result_trotter_10_Heisenberg2D_cylinder_0.5_0.5_rand,outer,2,SA,0.1,Proj,No_MSF,246,4440
result_trotter_10_Heisenberg2D_cylinder_0.5_0.5_rand,outer,2,SA,0.01,Proj,No_Kink,607,372761
result_trotter_10_Heisenberg2D_cylinder_0.5_0.5_rand,outer,2,SA,0.1,Single,No_MSF,586,37250
result_trotter_10_Heisenberg2D_cylinder_0.5_0.5_rand,outer,2,SA,0.1,Double,Yes_Kink,617,211803
result_trotter_10_Heisenberg2D_cylinder_0.5_0.5_rand,outer,2,SA,0.1,Single,No_Top,586,87410
result_trotter_10_Heisenberg2D_cylinder_0.5_0.5_rand,outer,2,SA,0.01,Proj,Yes_Kink,618,365655
result_trotter_10_Heisenberg2D_cylinder_0.5_0.5_rand,outer,2,SA,1,Double,No_MSF,566,35432
result_trotter_10_Heisenberg2D_cylinder_0.5_0.5_rand,outer,2,SA,0.1,Single,No_Kink,610,179238
result_trotter_10_Heisenberg2D_cylinder_0.5_0.5_rand,outer,2,SA,1,Double,No_Top,566,85592
result_trotter_10_Heisenberg2D_cylinder_0.5_0.5_rand,outer,2,SA,0.1,Single,Yes_Kink,609,178423
result_trotter_10_Heisenberg2D_cylinder_0.5_0.5_rand,outer,2,SA,1,Proj,No_MSF,246,4440
result_trotter_10_Heisenberg2D_cylinder_0.5_0.5_rand,outer,2,SA,1,Proj,No_Top,285,54600
result_trotter_10_Heisenberg2D_cylinder_0.5_0.5_rand,outer,2,SA,0.1,Proj,No_Kink,622,367595
result_trotter_10_Heisenberg2D_cylinder_0.5_0.5_rand,outer,2,SA,1,Double,No_Kink,589,197207
result_trotter_10_Heisenberg2D_cylinder_0.5_0.5_rand,outer,2,SA,1,Single,No_MSF,586,37250
result_trotter_10_Heisenberg2D_cylinder_0.5_0.5_rand,outer,2,SA,1,Double,Yes_Kink,617,208432
result_trotter_10_Heisenberg2D_cylinder_0.5_0.5_rand,outer,2,SA,1,Single,No_Top,586,87410
result_trotter_10_Heisenberg2D_cylinder_0.5_0.5_rand,outer,2,naive,0,Double,No_MSF,566,35432
result_trotter_10_Heisenberg2D_cylinder_0.5_0.5_rand,outer,2,SA,1,Single,No_Kink,603,177099
result_trotter_10_Heisenberg2D_cylinder_0.5_0.5_rand,outer,2,SA,0.1,Proj,Yes_Kink,631,362540
result_trotter_10_Heisenberg2D_cylinder_0.5_0.5_rand,outer,2,naive,0,Double,No_Top,566,85592
result_trotter_10_Heisenberg2D_cylinder_0.5_0.5_rand,outer,2,naive,0,Proj,No_MSF,246,4440
result_trotter_10_Heisenberg2D_cylinder_0.5_0.5_rand,outer,2,naive,0,Proj,No_Top,285,54600
result_trotter_10_Heisenberg2D_cylinder_0.5_0.5_rand,outer,2,SA,1,Proj,No_Kink,615,368925
result_trotter_10_Heisenberg2D_cylinder_0.5_0.5_rand,outer,2,SA,1,Single,Yes_Kink,611,174651
result_trotter_10_Heisenberg2D_cylinder_0.5_0.5_rand,outer,2,SA,1,Proj,Yes_Kink,624,361529
result_trotter_10_Heisenberg2D_cylinder_0.5_0.5_rand,outer,2,naive,0,Double,No_Kink,588,197072
result_trotter_10_Heisenberg2D_cylinder_0.5_0.5_rand,outer,2,naive,0,Double,Yes_Kink,624,218031
result_trotter_10_Heisenberg2D_cylinder_0.5_0.5_rand,outer,2,naive,0,Single,No_MSF,586,37250
result_trotter_10_Heisenberg2D_cylinder_0.5_0.5_rand,outer,2,naive,0,Single,No_Top,586,87410
result_trotter_10_Heisenberg2D_cylinder_0.5_0.5_rand,outer,2,random,0,Double,No_MSF,566,35432
result_trotter_10_Heisenberg2D_cylinder_0.5_0.5_rand,outer,2,naive,0,Single,No_Kink,605,180614
result_trotter_10_Heisenberg2D_cylinder_0.5_0.5_rand,outer,2,random,0,Double,No_Top,566,85592
result_trotter_10_Heisenberg2D_cylinder_0.5_0.5_rand,outer,2,random,0,Proj,No_MSF,246,4440
result_trotter_10_Heisenberg2D_cylinder_0.5_0.5_rand,outer,2,random,0,Proj,No_Top,285,54600
result_trotter_10_Heisenberg2D_cylinder_0.5_0.5_rand,outer,2,naive,0,Proj,No_Kink,655,392239
result_trotter_10_Heisenberg2D_cylinder_0.5_0.5_rand,outer,2,naive,0,Single,Yes_Kink,612,182745
result_trotter_10_Heisenberg2D_cylinder_0.5_0.5_rand,outer,2,random,0,Double,No_Kink,597,224125
result_trotter_10_Heisenberg2D_cylinder_0.5_0.5_rand,outer,2,random,0,Single,No_MSF,586,37250
result_trotter_10_Heisenberg2D_cylinder_0.5_0.5_rand,outer,2,naive,0,Proj,Yes_Kink,667,387193
result_trotter_10_Heisenberg2D_cylinder_0.5_0.5_rand,outer,2,random,0,Single,No_Top,586,87410
result_trotter_10_Heisenberg2D_cylinder_0.5_0.5_rand,outer,2,random,0,Double,Yes_Kink,620,245305
result_trotter_10_Heisenberg2D_cylinder_0.5_0.5_rand,outer,2,random,0,Single,Yes_Kink,624,207460
result_trotter_10_Heisenberg2D_cylinder_0.5_0.5_rand,outer,2,random,0,Single,No_Kink,618,202584
result_trotter_10_Heisenberg2D_cylinder_0.5_0.5_rand,outer,2,random,0,Proj,No_Kink,638,381648
result_trotter_20_Heisenberg2D_cylinder_0.5_0.5_det,inner,1,SA,0.001,Double,No_MSF,315,72191
result_trotter_10_Heisenberg2D_cylinder_0.5_0.5_rand,outer,2,random,0,Proj,Yes_Kink,646,375504
result_trotter_20_Heisenberg2D_cylinder_0.5_0.5_det,inner,1,SA,0.001,Double,No_Top,642,408730
result_trotter_20_Heisenberg2D_cylinder_0.5_0.5_det,inner,1,SA,0.001,Proj,No_MSF,246,18468
result_trotter_20_Heisenberg2D_cylinder_0.5_0.5_det,inner,1,SA,0.001,Proj,No_Top,613,224388
result_trotter_20_Heisenberg2D_cylinder_0.5_0.5_det,inner,1,SA,0.001,Single,No_MSF,318,73320
result_trotter_20_Heisenberg2D_cylinder_0.5_0.5_det,inner,1,SA,0.001,Single,No_Top,649,411441
result_trotter_20_Heisenberg2D_cylinder_0.5_0.5_det,inner,1,SA,0.01,Double,No_MSF,315,72191
result_trotter_20_Heisenberg2D_cylinder_0.5_0.5_det,inner,1,SA,0.01,Double,No_Top,642,408730
result_trotter_20_Heisenberg2D_cylinder_0.5_0.5_det,inner,1,SA,0.001,Double,No_Kink,871,1218564
result_trotter_20_Heisenberg2D_cylinder_0.5_0.5_det,inner,1,SA,0.001,Double,Yes_Kink,1148,1489816
result_trotter_20_Heisenberg2D_cylinder_0.5_0.5_det,inner,1,SA,0.01,Proj,No_MSF,246,18468
result_trotter_20_Heisenberg2D_cylinder_0.5_0.5_det,inner,1,SA,0.001,Single,No_Kink,878,1041011
result_trotter_20_Heisenberg2D_cylinder_0.5_0.5_det,inner,1,SA,0.001,Proj,No_Kink,937,1470494
result_trotter_20_Heisenberg2D_cylinder_0.5_0.5_det,inner,1,SA,0.01,Double,No_Kink,804,1154820
result_trotter_20_Heisenberg2D_cylinder_0.5_0.5_det,inner,1,SA,0.01,Proj,No_Top,613,224388
result_trotter_20_Heisenberg2D_cylinder_0.5_0.5_det,inner,1,SA,0.001,Proj,Yes_Kink,955,1456577
result_trotter_20_Heisenberg2D_cylinder_0.5_0.5_det,inner,1,SA,0.01,Single,No_MSF,318,73320
result_trotter_20_Heisenberg2D_cylinder_0.5_0.5_det,inner,1,SA,0.01,Single,No_Top,649,411441
result_trotter_20_Heisenberg2D_cylinder_0.5_0.5_det,inner,1,SA,0.1,Double,No_MSF,315,72191
result_trotter_20_Heisenberg2D_cylinder_0.5_0.5_det,inner,1,SA,0.01,Double,Yes_Kink,1090,1425690
result_trotter_20_Heisenberg2D_cylinder_0.5_0.5_det,inner,1,SA,0.1,Double,No_Top,642,408730
result_trotter_20_Heisenberg2D_cylinder_0.5_0.5_det,inner,1,SA,0.01,Single,No_Kink,811,986925
result_trotter_20_Heisenberg2D_cylinder_0.5_0.5_det,inner,1,SA,0.01,Proj,No_Kink,823,1310162
result_trotter_20_Heisenberg2D_cylinder_0.5_0.5_det,inner,1,SA,0.01,Proj,Yes_Kink,839,1295653
result_trotter_20_Heisenberg2D_cylinder_0.5_0.5_det,inner,1,SA,0.1,Proj,No_MSF,246,18468
result_trotter_20_Heisenberg2D_cylinder_0.5_0.5_det,inner,1,SA,0.1,Proj,No_Top,613,224388
result_trotter_20_Heisenberg2D_cylinder_0.5_0.5_det,inner,1,SA,0.1,Single,No_MSF,318,73320
result_trotter_20_Heisenberg2D_cylinder_0.5_0.5_det,inner,1,SA,0.1,Double,No_Kink,717,1042426
result_trotter_20_Heisenberg2D_cylinder_0.5_0.5_det,inner,1,SA,0.1,Single,No_Top,649,411441
result_trotter_20_Heisenberg2D_cylinder_0.5_0.5_det,inner,1,SA,1,Double,No_MSF,315,72191
result_trotter_20_Heisenberg2D_cylinder_0.5_0.5_det,inner,1,SA,0.1,Double,Yes_Kink,811,1111736
result_trotter_20_Heisenberg2D_cylinder_0.5_0.5_det,inner,1,SA,1,Double,No_Top,642,408730
result_trotter_20_Heisenberg2D_cylinder_0.5_0.5_det,inner,1,SA,0.1,Proj,No_Kink,720,1154781
result_trotter_20_Heisenberg2D_cylinder_0.5_0.5_det,inner,1,SA,0.1,Single,No_Kink,722,883309
result_trotter_20_Heisenberg2D_cylinder_0.5_0.5_det,inner,1,SA,0.1,Proj,Yes_Kink,738,1140858
result_trotter_20_Heisenberg2D_cylinder_0.5_0.5_det,inner,1,SA,1,Proj,No_Top,613,224388
result_trotter_20_Heisenberg2D_cylinder_0.5_0.5_det,inner,1,SA,1,Proj,No_MSF,246,18468
result_trotter_20_Heisenberg2D_cylinder_0.5_0.5_det,inner,1,SA,1,Double,No_Kink,687,946066
result_trotter_20_Heisenberg2D_cylinder_0.5_0.5_det,inner,1,SA,1,Single,No_MSF,318,73320
result_trotter_20_Heisenberg2D_cylinder_0.5_0.5_det,inner,1,SA,1,Single,No_Top,649,411441
result_trotter_20_Heisenberg2D_cylinder_0.5_0.5_det,inner,1,SA,1,Double,Yes_Kink,709,955758
result_trotter_20_Heisenberg2D_cylinder_0.5_0.5_det,inner,1,naive,0,Double,No_MSF,315,72191
result_trotter_20_Heisenberg2D_cylinder_0.5_0.5_det,inner,1,naive,0,Double,No_Top,642,408730
result_trotter_20_Heisenberg2D_cylinder_0.5_0.5_det,inner,1,naive,0,Proj,No_MSF,246,18468
result_trotter_20_Heisenberg2D_cylinder_0.5_0.5_det,inner,1,SA,1,Single,No_Kink,700,823114
result_trotter_20_Heisenberg2D_cylinder_0.5_0.5_det,inner,1,naive,0,Proj,No_Top,613,224388
result_trotter_20_Heisenberg2D_cylinder_0.5_0.5_det,inner,1,SA,1,Proj,No_Kink,678,1072304
result_trotter_20_Heisenberg2D_cylinder_0.5_0.5_det,inner,1,SA,1,Proj,Yes_Kink,690,1051016
result_trotter_20_Heisenberg2D_cylinder_0.5_0.5_det,inner,1,naive,0,Single,No_MSF,318,73320
result_trotter_20_Heisenberg2D_cylinder_0.5_0.5_det,inner,1,random,0,Double,No_MSF,315,72191
result_trotter_20_Heisenberg2D_cylinder_0.5_0.5_det,inner,1,naive,0,Single,No_Top,649,411441
result_trotter_20_Heisenberg2D_cylinder_0.5_0.5_det,inner,1,naive,0,Double,No_Kink,947,1342821
result_trotter_20_Heisenberg2D_cylinder_0.5_0.5_det,inner,1,random,0,Double,No_Top,642,408730
result_trotter_20_Heisenberg2D_cylinder_0.5_0.5_det,inner,1,naive,0,Double,Yes_Kink,1161,1549687
result_trotter_20_Heisenberg2D_cylinder_0.5_0.5_det,inner,1,naive,0,Proj,No_Kink,944,1518800
result_trotter_20_Heisenberg2D_cylinder_0.5_0.5_det,inner,1,random,0,Proj,No_MSF,246,18468
result_trotter_20_Heisenberg2D_cylinder_0.5_0.5_det,inner,1,naive,0,Single,No_Kink,962,1194632
result_trotter_20_Heisenberg2D_cylinder_0.5_0.5_det,inner,1,random,0,Single,No_MSF,318,73320
result_trotter_20_Heisenberg2D_cylinder_0.5_0.5_det,inner,1,random,0,Proj,No_Top,613,224388
result_trotter_20_Heisenberg2D_cylinder_0.5_0.5_det,inner,1,naive,0,Proj,Yes_Kink,957,1503411
result_trotter_20_Heisenberg2D_cylinder_0.5_0.5_det,inner,1,random,0,Double,No_Kink,996,1327637
result_trotter_20_Heisenberg2D_cylinder_0.5_0.5_det,inner,1,random,0,Single,No_Top,649,411441
result_trotter_20_Heisenberg2D_cylinder_0.5_0.5_det,inner,2,SA,0.001,Double,No_MSF,315,72191
result_trotter_20_Heisenberg2D_cylinder_0.5_0.5_det,inner,2,SA,0.001,Double,No_Top,642,408730
result_trotter_20_Heisenberg2D_cylinder_0.5_0.5_det,inner,1,random,0,Double,Yes_Kink,1036,1344924
result_trotter_20_Heisenberg2D_cylinder_0.5_0.5_det,inner,1,random,0,Single,No_Kink,1114,1234648
result_trotter_20_Heisenberg2D_cylinder_0.5_0.5_det,inner,2,SA,0.001,Proj,No_MSF,246,18468
result_trotter_20_Heisenberg2D_cylinder_0.5_0.5_det,inner,1,random,0,Proj,No_Kink,983,1537393
result_trotter_20_Heisenberg2D_cylinder_0.5_0.5_det,inner,2,SA,0.001,Proj,No_Top,613,224388
result_trotter_20_Heisenberg2D_cylinder_0.5_0.5_det,inner,2,SA,0.001,Double,No_Kink,674,1051568
result_trotter_20_Heisenberg2D_cylinder_0.5_0.5_det,inner,1,random,0,Proj,Yes_Kink,1000,1518774
result_trotter_20_Heisenberg2D_cylinder_0.5_0.5_det,inner,2,SA,0.001,Single,No_MSF,318,73320
result_trotter_20_Heisenberg2D_cylinder_0.5_0.5_det,inner,2,SA,0.001,Single,No_Top,649,411441
result_trotter_20_Heisenberg2D_cylinder_0.5_0.5_det,inner,2,SA,0.001,Double,Yes_Kink,685,1043928
result_trotter_20_Heisenberg2D_cylinder_0.5_0.5_det,inner,2,SA,0.01,Double,No_MSF,315,72191
result_trotter_20_Heisenberg2D_cylinder_0.5_0.5_det,inner,2,SA,0.001,Proj,No_Kink,679,1297537
result_trotter_20_Heisenberg2D_cylinder_0.5_0.5_det,inner,2,SA,0.01,Double,No_Top,642,408730
result_trotter_20_Heisenberg2D_cylinder_0.5_0.5_det,inner,2,SA,0.001,Single,No_Kink,686,934895
result_trotter_20_Heisenberg2D_cylinder_0.5_0.5_det,inner,2,SA,0.01,Proj,No_MSF,246,18468
result_trotter_20_Heisenberg2D_cylinder_0.5_0.5_det,inner,2,SA,0.001,Single,Yes_Kink,701,951401
result_trotter_20_Heisenberg2D_cylinder_0.5_0.5_det,inner,2,SA,0.01,Proj,No_Top,613,224388
result_trotter_20_Heisenberg2D_cylinder_0.5_0.5_det,inner,2,SA,0.01,Double,No_Kink,662,1024228
result_trotter_20_Heisenberg2D_cylinder_0.5_0.5_det,inner,2,SA,0.001,Proj,Yes_Kink,699,1284997
result_trotter_20_Heisenberg2D_cylinder_0.5_0.5_det,inner,2,SA,0.01,Single,No_MSF,318,73320
result_trotter_20_Heisenberg2D_cylinder_0.5_0.5_det,inner,2,SA,0.01,Single,No_Top,649,411441
result_trotter_20_Heisenberg2D_cylinder_0.5_0.5_det,inner,2,SA,0.01,Double,Yes_Kink,769,1013095
result_trotter_20_Heisenberg2D_cylinder_0.5_0.5_det,inner,2,SA,0.1,Double,No_MSF,315,72191
result_trotter_20_Heisenberg2D_cylinder_0.5_0.5_det,inner,2,SA,0.1,Double,No_Top,642,408730
result_trotter_20_Heisenberg2D_cylinder_0.5_0.5_det,inner,2,SA,0.01,Proj,No_Kink,671,1287052
result_trotter_20_Heisenberg2D_cylinder_0.5_0.5_det,inner,2,SA,0.1,Proj,No_MSF,246,18468
result_trotter_20_Heisenberg2D_cylinder_0.5_0.5_det,inner,2,SA,0.01,Single,No_Kink,675,929327
result_trotter_20_Heisenberg2D_cylinder_0.5_0.5_det,inner,2,SA,0.01,Single,Yes_Kink,688,946131
result_trotter_20_Heisenberg2D_cylinder_0.5_0.5_det,inner,2,SA,0.1,Double,No_Kink,657,911812
result_trotter_20_Heisenberg2D_cylinder_0.5_0.5_det,inner,2,SA,0.1,Proj,No_Top,613,224388
result_trotter_20_Heisenberg2D_cylinder_0.5_0.5_det,inner,2,SA,0.01,Proj,Yes_Kink,683,1264278
result_trotter_20_Heisenberg2D_cylinder_0.5_0.5_det,inner,2,SA,0.1,Double,Yes_Kink,853,916704
result_trotter_20_Heisenberg2D_cylinder_0.5_0.5_det,inner,2,SA,0.1,Single,No_Top,649,411441
result_trotter_20_Heisenberg2D_cylinder_0.5_0.5_det,inner,2,SA,0.1,Single,No_MSF,318,73320
result_trotter_20_Heisenberg2D_cylinder_0.5_0.5_det,inner,2,SA,1,Double,No_MSF,315,72191
result_trotter_20_Heisenberg2D_cylinder_0.5_0.5_det,inner,2,SA,0.1,Single,No_Kink,669,810463
result_trotter_20_Heisenberg2D_cylinder_0.5_0.5_det,inner,2,SA,0.1,Proj,No_Kink,654,1250726
result_trotter_20_Heisenberg2D_cylinder_0.5_0.5_det,inner,2,SA,1,Double,No_Top,642,408730
result_trotter_20_Heisenberg2D_cylinder_0.5_0.5_det,inner,2,SA,1,Proj,No_MSF,246,18468
result_trotter_20_Heisenberg2D_cylinder_0.5_0.5_det,inner,2,SA,1,Proj,No_Top,613,224388
result_trotter_20_Heisenberg2D_cylinder_0.5_0.5_det,inner,2,SA,0.1,Single,Yes_Kink,682,833778
result_trotter_20_Heisenberg2D_cylinder_0.5_0.5_det,inner,2,SA,1,Double,No_Kink,662,863321
result_trotter_20_Heisenberg2D_cylinder_0.5_0.5_det,inner,2,SA,1,Single,No_MSF,318,73320
result_trotter_20_Heisenberg2D_cylinder_0.5_0.5_det,inner,2,SA,0.1,Proj,Yes_Kink,662,1221925
result_trotter_20_Heisenberg2D_cylinder_0.5_0.5_det,inner,2,SA,1,Double,Yes_Kink,863,880027
result_trotter_20_Heisenberg2D_cylinder_0.5_0.5_det,inner,2,SA,1,Single,No_Top,649,411441
result_trotter_20_Heisenberg2D_cylinder_0.5_0.5_det,inner,2,SA,1,Single,No_Kink,674,781687
result_trotter_20_Heisenberg2D_cylinder_0.5_0.5_det,inner,2,naive,0,Double,No_MSF,315,72191
result_trotter_20_Heisenberg2D_cylinder_0.5_0.5_det,inner,2,SA,1,Proj,No_Kink,667,1261412
result_trotter_20_Heisenberg2D_cylinder_0.5_0.5_det,inner,2,naive,0,Double,No_Top,642,408730
result_trotter_20_Heisenberg2D_cylinder_0.5_0.5_det,inner,2,naive,0,Proj,No_MSF,246,18468
result_trotter_20_Heisenberg2D_cylinder_0.5_0.5_det,inner,2,SA,1,Single,Yes_Kink,689,802588
result_trotter_20_Heisenberg2D_cylinder_0.5_0.5_det,inner,2,naive,0,Proj,No_Top,613,224388
result_trotter_20_Heisenberg2D_cylinder_0.5_0.5_det,inner,2,naive,0,Single,No_MSF,318,73320
result_trotter_20_Heisenberg2D_cylinder_0.5_0.5_det,inner,2,naive,0,Single,No_Top,649,411441
result_trotter_20_Heisenberg2D_cylinder_0.5_0.5_det,inner,2,SA,1,Proj,Yes_Kink,675,1234205
result_trotter_20_Heisenberg2D_cylinder_0.5_0.5_det,inner,2,random,0,Double,No_MSF,315,72191
result_trotter_20_Heisenberg2D_cylinder_0.5_0.5_det,inner,2,naive,0,Double,No_Kink,855,1326033
result_trotter_20_Heisenberg2D_cylinder_0.5_0.5_det,inner,2,naive,0,Double,Yes_Kink,1071,1532731
result_trotter_20_Heisenberg2D_cylinder_0.5_0.5_det,inner,2,random,0,Double,No_Top,642,408730
result_trotter_20_Heisenberg2D_cylinder_0.5_0.5_det,inner,2,naive,0,Single,Yes_Kink,881,1218619
result_trotter_20_Heisenberg2D_cylinder_0.5_0.5_det,inner,2,random,0,Proj,No_MSF,246,18468
result_trotter_20_Heisenberg2D_cylinder_0.5_0.5_det,inner,2,naive,0,Single,No_Kink,861,1190622
result_trotter_20_Heisenberg2D_cylinder_0.5_0.5_det,inner,2,random,0,Double,No_Kink,815,1116308
result_trotter_20_Heisenberg2D_cylinder_0.5_0.5_det,inner,2,naive,0,Proj,No_Kink,938,1818294
result_trotter_20_Heisenberg2D_cylinder_0.5_0.5_det,inner,2,random,0,Single,No_MSF,318,73320
result_trotter_20_Heisenberg2D_cylinder_0.5_0.5_det,inner,2,random,0,Proj,No_Top,613,224388
result_trotter_20_Heisenberg2D_cylinder_0.5_0.5_det,inner,2,random,0,Single,No_Top,649,411441
result_trotter_20_Heisenberg2D_cylinder_0.5_0.5_det,inner,2,naive,0,Proj,Yes_Kink,995,1878164
result_trotter_20_Heisenberg2D_cylinder_0.5_0.5_det,outer,1,SA,0.001,Double,No_MSF,315,72191
result_trotter_20_Heisenberg2D_cylinder_0.5_0.5_det,inner,2,random,0,Double,Yes_Kink,830,1129118
result_trotter_20_Heisenberg2D_cylinder_0.5_0.5_det,inner,2,random,0,Single,No_Kink,858,1050864
result_trotter_20_Heisenberg2D_cylinder_0.5_0.5_det,outer,1,SA,0.001,Double,No_Top,642,408730
result_trotter_20_Heisenberg2D_cylinder_0.5_0.5_det,outer,1,SA,0.001,Proj,No_MSF,246,18468
result_trotter_20_Heisenberg2D_cylinder_0.5_0.5_det,inner,2,random,0,Proj,No_Kink,815,1539963
result_trotter_20_Heisenberg2D_cylinder_0.5_0.5_det,inner,2,random,0,Proj,Yes_Kink,829,1522916
result_trotter_20_Heisenberg2D_cylinder_0.5_0.5_det,outer,1,SA,0.001,Proj,No_Top,613,224388
result_trotter_20_Heisenberg2D_cylinder_0.5_0.5_det,outer,1,SA,0.001,Double,No_Kink,879,1276216
result_trotter_20_Heisenberg2D_cylinder_0.5_0.5_det,inner,2,random,0,Single,Yes_Kink,869,1062258
result_trotter_20_Heisenberg2D_cylinder_0.5_0.5_det,outer,1,SA,0.001,Single,No_MSF,318,73320
result_trotter_20_Heisenberg2D_cylinder_0.5_0.5_det,outer,1,SA,0.01,Double,No_MSF,315,72191
result_trotter_20_Heisenberg2D_cylinder_0.5_0.5_det,outer,1,SA,0.001,Single,No_Top,649,411441
result_trotter_20_Heisenberg2D_cylinder_0.5_0.5_det,outer,1,SA,0.01,Double,No_Top,642,408730
result_trotter_20_Heisenberg2D_cylinder_0.5_0.5_det,outer,1,SA,0.001,Proj,No_Kink,871,1417166
result_trotter_20_Heisenberg2D_cylinder_0.5_0.5_det,outer,1,SA,0.001,Double,Yes_Kink,1090,1481428
result_trotter_20_Heisenberg2D_cylinder_0.5_0.5_det,outer,1,SA,0.01,Proj,No_MSF,246,18468
result_trotter_20_Heisenberg2D_cylinder_0.5_0.5_det,outer,1,SA,0.01,Proj,No_Top,613,224388
result_trotter_20_Heisenberg2D_cylinder_0.5_0.5_det,outer,1,SA,0.001,Single,No_Kink,889,1128487
result_trotter_20_Heisenberg2D_cylinder_0.5_0.5_det,outer,1,SA,0.01,Double,No_Kink,882,1279562
result_trotter_20_Heisenberg2D_cylinder_0.5_0.5_det,outer,1,SA,0.01,Single,No_Top,649,411441
result_trotter_20_Heisenberg2D_cylinder_0.5_0.5_det,outer,1,SA,0.001,Proj,Yes_Kink,884,1399250
result_trotter_20_Heisenberg2D_cylinder_0.5_0.5_det,outer,1,SA,0.01,Single,No_MSF,318,73320
result_trotter_20_Heisenberg2D_cylinder_0.5_0.5_det,outer,1,SA,0.1,Double,No_MSF,315,72191
result_trotter_20_Heisenberg2D_cylinder_0.5_0.5_det,outer,1,SA,0.01,Double,Yes_Kink,1104,1496806
result_trotter_20_Heisenberg2D_cylinder_0.5_0.5_det,outer,1,SA,0.1,Double,No_Top,642,408730
result_trotter_20_Heisenberg2D_cylinder_0.5_0.5_det,outer,1,SA,0.1,Proj,No_MSF,246,18468
result_trotter_20_Heisenberg2D_cylinder_0.5_0.5_det,outer,1,SA,0.01,Proj,No_Kink,870,1409809
result_trotter_20_Heisenberg2D_cylinder_0.5_0.5_det,outer,1,SA,0.01,Single,No_Kink,891,1131253
result_trotter_20_Heisenberg2D_cylinder_0.5_0.5_det,outer,1,SA,0.1,Proj,No_Top,613,224388
result_trotter_20_Heisenberg2D_cylinder_0.5_0.5_det,outer,1,SA,0.1,Double,No_Kink,878,1277591
result_trotter_20_Heisenberg2D_cylinder_0.5_0.5_det,outer,1,SA,0.01,Proj,Yes_Kink,882,1393621
result_trotter_20_Heisenberg2D_cylinder_0.5_0.5_det,outer,1,SA,0.1,Single,No_MSF,318,73320
result_trotter_20_Heisenberg2D_cylinder_0.5_0.5_det,outer,1,SA,0.1,Single,No_Top,649,411441
result_trotter_20_Heisenberg2D_cylinder_0.5_0.5_det,outer,1,SA,1,Double,No_MSF,315,72191
result_trotter_20_Heisenberg2D_cylinder_0.5_0.5_det,outer,1,SA,1,Double,No_Top,642,408730
result_trotter_20_Heisenberg2D_cylinder_0.5_0.5_det,outer,1,SA,0.1,Double,Yes_Kink,1091,1486510
result_trotter_20_Heisenberg2D_cylinder_0.5_0.5_det,outer,1,SA,1,Proj,No_MSF,246,18468
result_trotter_20_Heisenberg2D_cylinder_0.5_0.5_det,outer,1,SA,0.1,Proj,No_Kink,872,1419739
result_trotter_20_Heisenberg2D_cylinder_0.5_0.5_det,outer,1,SA,0.1,Single,No_Kink,887,1129750
result_trotter_20_Heisenberg2D_cylinder_0.5_0.5_det,outer,1,SA,1,Proj,No_Top,613,224388
result_trotter_20_Heisenberg2D_cylinder_0.5_0.5_det,outer,1,SA,0.1,Proj,Yes_Kink,883,1399346
result_trotter_20_Heisenberg2D_cylinder_0.5_0.5_det,outer,1,SA,1,Double,No_Kink,877,1267136
result_trotter_20_Heisenberg2D_cylinder_0.5_0.5_det,outer,1,SA,1,Single,No_MSF,318,73320
result_trotter_20_Heisenberg2D_cylinder_0.5_0.5_det,outer,1,SA,1,Single,No_Top,649,411441
result_trotter_20_Heisenberg2D_cylinder_0.5_0.5_det,outer,1,naive,0,Double,No_MSF,315,72191
result_trotter_20_Heisenberg2D_cylinder_0.5_0.5_det,outer,1,naive,0,Double,No_Top,642,408730
result_trotter_20_Heisenberg2D_cylinder_0.5_0.5_det,outer,1,SA,1,Double,Yes_Kink,1118,1503235
result_trotter_20_Heisenberg2D_cylinder_0.5_0.5_det,outer,1,naive,0,Proj,No_MSF,246,18468
result_trotter_20_Heisenberg2D_cylinder_0.5_0.5_det,outer,1,SA,1,Single,No_Kink,888,1114693
result_trotter_20_Heisenberg2D_cylinder_0.5_0.5_det,outer,1,SA,1,Proj,No_Kink,867,1406039
result_trotter_20_Heisenberg2D_cylinder_0.5_0.5_det,outer,1,SA,1,Proj,Yes_Kink,880,1391973
result_trotter_20_Heisenberg2D_cylinder_0.5_0.5_det,outer,1,naive,0,Proj,No_Top,613,224388
result_trotter_20_Heisenberg2D_cylinder_0.5_0.5_det,outer,1,naive,0,Single,No_MSF,318,73320
result_trotter_20_Heisenberg2D_cylinder_0.5_0.5_det,outer,1,random,0,Double,No_MSF,315,72191
result_trotter_20_Heisenberg2D_cylinder_0.5_0.5_det,outer,1,naive,0,Single,No_Top,649,411441
result_trotter_20_Heisenberg2D_cylinder_0.5_0.5_det,outer,1,naive,0,Double,No_Kink,947,1342821
result_trotter_20_Heisenberg2D_cylinder_0.5_0.5_det,outer,1,naive,0,Double,Yes_Kink,1161,1549687
result_trotter_20_Heisenberg2D_cylinder_0.5_0.5_det,outer,1,naive,0,Single,No_Kink,962,1194632
result_trotter_20_Heisenberg2D_cylinder_0.5_0.5_det,outer,1,naive,0,Proj,No_Kink,944,1518800
result_trotter_20_Heisenberg2D_cylinder_0.5_0.5_det,outer,1,random,0,Double,No_Top,642,408730
result_trotter_20_Heisenberg2D_cylinder_0.5_0.5_det,outer,1,random,0,Proj,No_MSF,246,18468
result_trotter_20_Heisenberg2D_cylinder_0.5_0.5_det,outer,1,random,0,Proj,No_Top,613,224388
result_trotter_20_Heisenberg2D_cylinder_0.5_0.5_det,outer,1,naive,0,Proj,Yes_Kink,957,1503411
result_trotter_20_Heisenberg2D_cylinder_0.5_0.5_det,outer,1,random,0,Single,No_MSF,318,73320
result_trotter_20_Heisenberg2D_cylinder_0.5_0.5_det,outer,1,random,0,Single,No_Top,649,411441
result_trotter_20_Heisenberg2D_cylinder_0.5_0.5_det,outer,2,SA,0.001,Double,No_MSF,315,72191
result_trotter_20_Heisenberg2D_cylinder_0.5_0.5_det,outer,2,SA,0.001,Double,No_Top,642,408730
result_trotter_20_Heisenberg2D_cylinder_0.5_0.5_det,outer,1,random,0,Double,No_Kink,1218,1643165
result_trotter_20_Heisenberg2D_cylinder_0.5_0.5_det,outer,1,random,0,Double,Yes_Kink,1405,1814701
result_trotter_20_Heisenberg2D_cylinder_0.5_0.5_det,outer,2,SA,0.001,Proj,No_MSF,246,18468
result_trotter_20_Heisenberg2D_cylinder_0.5_0.5_det,outer,2,SA,0.001,Double,No_Kink,928,1414410
result_trotter_20_Heisenberg2D_cylinder_0.5_0.5_det,outer,1,random,0,Proj,Yes_Kink,1144,1763757
result_trotter_20_Heisenberg2D_cylinder_0.5_0.5_det,outer,1,random,0,Proj,No_Kink,1133,1785673
result_trotter_20_Heisenberg2D_cylinder_0.5_0.5_det,outer,1,random,0,Single,No_Kink,1354,1545893
result_trotter_20_Heisenberg2D_cylinder_0.5_0.5_det,outer,2,SA,0.001,Single,No_MSF,318,73320
result_trotter_20_Heisenberg2D_cylinder_0.5_0.5_det,outer,2,SA,0.001,Proj,No_Top,613,224388
result_trotter_20_Heisenberg2D_cylinder_0.5_0.5_det,outer,2,SA,0.001,Single,No_Top,649,411441
result_trotter_20_Heisenberg2D_cylinder_0.5_0.5_det,outer,2,SA,0.01,Double,No_Top,642,408730
result_trotter_20_Heisenberg2D_cylinder_0.5_0.5_det,outer,2,SA,0.001,Double,Yes_Kink,1072,1561539
result_trotter_20_Heisenberg2D_cylinder_0.5_0.5_det,outer,2,SA,0.01,Double,No_MSF,315,72191
result_trotter_20_Heisenberg2D_cylinder_0.5_0.5_det,outer,2,SA,0.001,Proj,No_Kink,851,1653795
result_trotter_20_Heisenberg2D_cylinder_0.5_0.5_det,outer,2,SA,0.01,Proj,No_MSF,246,18468
result_trotter_20_Heisenberg2D_cylinder_0.5_0.5_det,outer,2,SA,0.01,Proj,No_Top,613,224388
result_trotter_20_Heisenberg2D_cylinder_0.5_0.5_det,outer,2,SA,0.001,Single,No_Kink,915,1271575
result_trotter_20_Heisenberg2D_cylinder_0.5_0.5_det,outer,2,SA,0.001,Single,Yes_Kink,922,1286925
result_trotter_20_Heisenberg2D_cylinder_0.5_0.5_det,outer,2,SA,0.01,Single,No_MSF,318,73320
result_trotter_20_Heisenberg2D_cylinder_0.5_0.5_det,outer,2,SA,0.01,Double,No_Kink,919,1428840
result_trotter_20_Heisenberg2D_cylinder_0.5_0.5_det,outer,2,SA,0.01,Single,No_Top,649,411441
result_trotter_20_Heisenberg2D_cylinder_0.5_0.5_det,outer,2,SA,0.001,Proj,Yes_Kink,900,1701406
result_trotter_20_Heisenberg2D_cylinder_0.5_0.5_det,outer,2,SA,0.1,Double,No_MSF,315,72191
result_trotter_20_Heisenberg2D_cylinder_0.5_0.5_det,outer,2,SA,0.01,Double,Yes_Kink,1043,1552398
result_trotter_20_Heisenberg2D_cylinder_0.5_0.5_det,outer,2,SA,0.1,Double,No_Top,642,408730
result_trotter_20_Heisenberg2D_cylinder_0.5_0.5_det,outer,2,SA,0.1,Proj,No_MSF,246,18468
result_trotter_20_Heisenberg2D_cylinder_0.5_0.5_det,outer,2,SA,0.01,Single,No_Kink,908,1278377
result_trotter_20_Heisenberg2D_cylinder_0.5_0.5_det,outer,2,SA,0.01,Proj,No_Kink,847,1650173
result_trotter_20_Heisenberg2D_cylinder_0.5_0.5_det,outer,2,SA,0.01,Single,Yes_Kink,915,1294358
result_trotter_20_Heisenberg2D_cylinder_0.5_0.5_det,outer,2,SA,0.01,Proj,Yes_Kink,891,1688637
result_trotter_20_Heisenberg2D_cylinder_0.5_0.5_det,outer,2,SA,0.1,Proj,No_Top,613,224388
result_trotter_20_Heisenberg2D_cylinder_0.5_0.5_det,outer,2,SA,0.1,Single,No_MSF,318,73320
result_trotter_20_Heisenberg2D_cylinder_0.5_0.5_det,outer,2,SA,0.1,Single,No_Top,649,411441
result_trotter_20_Heisenberg2D_cylinder_0.5_0.5_det,outer,2,SA,0.1,Double,Yes_Kink,1052,1518541
result_trotter_20_Heisenberg2D_cylinder_0.5_0.5_det,outer,2,SA,0.1,Double,No_Kink,910,1385307
result_trotter_20_Heisenberg2D_cylinder_0.5_0.5_det,outer,2,SA,1,Double,No_MSF,315,72191
result_trotter_20_Heisenberg2D_cylinder_0.5_0.5_det,outer,2,SA,0.1,Single,No_Kink,904,1246917
result_trotter_20_Heisenberg2D_cylinder_0.5_0.5_det,outer,2,SA,1,Double,No_Top,642,408730
result_trotter_20_Heisenberg2D_cylinder_0.5_0.5_det,outer,2,SA,1,Proj,No_MSF,246,18468
result_trotter_20_Heisenberg2D_cylinder_0.5_0.5_det,outer,2,SA,0.1,Proj,Yes_Kink,885,1676907
result_trotter_20_Heisenberg2D_cylinder_0.5_0.5_det,outer,2,SA,0.1,Proj,No_Kink,837,1628249
result_trotter_20_Heisenberg2D_cylinder_0.5_0.5_det,outer,2,SA,1,Proj,No_Top,613,224388
result_trotter_20_Heisenberg2D_cylinder_0.5_0.5_det,outer,2,SA,1,Double,No_Kink,886,1313402
result_trotter_20_Heisenberg2D_cylinder_0.5_0.5_det,outer,2,SA,0.1,Single,Yes_Kink,916,1255364
result_trotter_20_Heisenberg2D_cylinder_0.5_0.5_det,outer,2,SA,1,Single,No_Top,649,411441
result_trotter_20_Heisenberg2D_cylinder_0.5_0.5_det,outer,2,SA,1,Single,No_MSF,318,73320
result_trotter_20_Heisenberg2D_cylinder_0.5_0.5_det,outer,2,naive,0,Double,No_MSF,315,72191
result_trotter_20_Heisenberg2D_cylinder_0.5_0.5_det,outer,2,naive,0,Double,No_Top,642,408730
result_trotter_20_Heisenberg2D_cylinder_0.5_0.5_det,outer,2,SA,1,Double,Yes_Kink,1048,1437356
result_trotter_20_Heisenberg2D_cylinder_0.5_0.5_det,outer,2,SA,1,Proj,No_Kink,828,1613044
result_trotter_20_Heisenberg2D_cylinder_0.5_0.5_det,outer,2,SA,1,Single,No_Kink,877,1196886
result_trotter_20_Heisenberg2D_cylinder_0.5_0.5_det,outer,2,naive,0,Proj,No_Top,613,224388
result_trotter_20_Heisenberg2D_cylinder_0.5_0.5_det,outer,2,naive,0,Proj,No_MSF,246,18468
result_trotter_20_Heisenberg2D_cylinder_0.5_0.5_det,outer,2,naive,0,Single,No_MSF,318,73320
result_trotter_20_Heisenberg2D_cylinder_0.5_0.5_det,outer,2,SA,1,Single,Yes_Kink,888,1201721
result_trotter_20_Heisenberg2D_cylinder_0.5_0.5_det,outer,2,naive,0,Double,No_Kink,855,1326033
result_trotter_20_Heisenberg2D_cylinder_0.5_0.5_det,outer,2,SA,1,Proj,Yes_Kink,878,1666128
result_trotter_20_Heisenberg2D_cylinder_0.5_0.5_det,outer,2,random,0,Double,No_MSF,315,72191
result_trotter_20_Heisenberg2D_cylinder_0.5_0.5_det,outer,2,naive,0,Single,No_Top,649,411441
result_trotter_20_Heisenberg2D_cylinder_0.5_0.5_det,outer,2,naive,0,Double,Yes_Kink,1071,1532731
result_trotter_20_Heisenberg2D_cylinder_0.5_0.5_det,outer,2,random,0,Double,No_Top,642,408730
result_trotter_20_Heisenberg2D_cylinder_0.5_0.5_det,outer,2,random,0,Proj,No_MSF,246,18468
result_trotter_20_Heisenberg2D_cylinder_0.5_0.5_det,outer,2,naive,0,Single,No_Kink,861,1190622
result_trotter_20_Heisenberg2D_cylinder_0.5_0.5_det,outer,2,random,0,Proj,No_Top,613,224388
result_trotter_20_Heisenberg2D_cylinder_0.5_0.5_det,outer,2,naive,0,Proj,No_Kink,938,1818294
result_trotter_20_Heisenberg2D_cylinder_0.5_0.5_det,outer,2,naive,0,Single,Yes_Kink,881,1218619
result_trotter_20_Heisenberg2D_cylinder_0.5_0.5_det,outer,2,random,0,Single,No_MSF,318,73320
result_trotter_20_Heisenberg2D_cylinder_0.5_0.5_det,outer,2,naive,0,Proj,Yes_Kink,995,1878164
result_trotter_20_Heisenberg2D_cylinder_0.5_0.5_det,outer,2,random,0,Double,No_Kink,1020,1584232
result_trotter_20_Heisenberg2D_cylinder_0.5_0.5_det,outer,2,random,0,Single,No_Top,649,411441
result_trotter_20_Heisenberg2D_cylinder_0.5_0.5_rand,inner,1,SA,0.001,Double,No_MSF,603,147288
result_trotter_20_Heisenberg2D_cylinder_0.5_0.5_det,outer,2,random,0,Double,Yes_Kink,1185,1728724
result_trotter_20_Heisenberg2D_cylinder_0.5_0.5_rand,inner,1,SA,0.001,Double,No_Top,677,390399
result_trotter_20_Heisenberg2D_cylinder_0.5_0.5_rand,inner,1,SA,0.001,Proj,No_MSF,246,18480
result_trotter_20_Heisenberg2D_cylinder_0.5_0.5_det,outer,2,random,0,Single,No_Kink,1048,1459555
result_trotter_20_Heisenberg2D_cylinder_0.5_0.5_rand,inner,1,SA,0.001,Proj,No_Top,613,224400
result_trotter_20_Heisenberg2D_cylinder_0.5_0.5_det,outer,2,random,0,Proj,No_Kink,1030,1974305
result_trotter_20_Heisenberg2D_cylinder_0.5_0.5_rand,inner,1,SA,0.001,Double,No_Kink,912,1188863
result_trotter_20_Heisenberg2D_cylinder_0.5_0.5_det,outer,2,random,0,Single,Yes_Kink,1065,1480560
result_trotter_20_Heisenberg2D_cylinder_0.5_0.5_rand,inner,1,SA,0.001,Single,No_MSF,630,154572
result_trotter_20_Heisenberg2D_cylinder_0.5_0.5_det,outer,2,random,0,Proj,Yes_Kink,1072,2008241
result_trotter_20_Heisenberg2D_cylinder_0.5_0.5_rand,inner,1,SA,0.001,Single,No_Top,697,396758
result_trotter_20_Heisenberg2D_cylinder_0.5_0.5_rand,inner,1,SA,0.01,Double,No_MSF,603,147288
result_trotter_20_Heisenberg2D_cylinder_0.5_0.5_rand,inner,1,SA,0.001,Double,Yes_Kink,1112,1373651
result_trotter_20_Heisenberg2D_cylinder_0.5_0.5_rand,inner,1,SA,0.01,Double,No_Top,677,390399
result_trotter_20_Heisenberg2D_cylinder_0.5_0.5_rand,inner,1,SA,0.01,Proj,No_MSF,246,18480
result_trotter_20_Heisenberg2D_cylinder_0.5_0.5_rand,inner,1,SA,0.001,Single,No_Kink,928,1035705
result_trotter_20_Heisenberg2D_cylinder_0.5_0.5_rand,inner,1,SA,0.001,Proj,No_Kink,949,1443879
result_trotter_20_Heisenberg2D_cylinder_0.5_0.5_rand,inner,1,SA,0.01,Proj,No_Top,613,224400
result_trotter_20_Heisenberg2D_cylinder_0.5_0.5_rand,inner,1,SA,0.01,Single,No_MSF,630,154572
result_trotter_20_Heisenberg2D_cylinder_0.5_0.5_rand,inner,1,SA,0.01,Single,No_Top,697,396758
result_trotter_20_Heisenberg2D_cylinder_0.5_0.5_rand,inner,1,SA,0.01,Double,No_Kink,790,1037222
result_trotter_20_Heisenberg2D_cylinder_0.5_0.5_rand,inner,1,SA,0.001,Proj,Yes_Kink,977,1437835
result_trotter_20_Heisenberg2D_cylinder_0.5_0.5_rand,inner,1,SA,0.1,Double,No_MSF,603,147288
result_trotter_20_Heisenberg2D_cylinder_0.5_0.5_rand,inner,1,SA,0.01,Double,Yes_Kink,988,1204108
result_trotter_20_Heisenberg2D_cylinder_0.5_0.5_rand,inner,1,SA,0.1,Double,No_Top,677,390399
result_trotter_20_Heisenberg2D_cylinder_0.5_0.5_rand,inner,1,SA,0.01,Single,No_Kink,799,900443
result_trotter_20_Heisenberg2D_cylinder_0.5_0.5_rand,inner,1,SA,0.01,Proj,No_Kink,817,1251251
result_trotter_20_Heisenberg2D_cylinder_0.5_0.5_rand,inner,1,SA,0.1,Proj,No_MSF,246,18480
result_trotter_20_Heisenberg2D_cylinder_0.5_0.5_rand,inner,1,SA,0.1,Proj,No_Top,613,224400
result_trotter_20_Heisenberg2D_cylinder_0.5_0.5_rand,inner,1,SA,0.01,Proj,Yes_Kink,843,1245154
result_trotter_20_Heisenberg2D_cylinder_0.5_0.5_rand,inner,1,SA,0.1,Double,No_Kink,731,952598
result_trotter_20_Heisenberg2D_cylinder_0.5_0.5_rand,inner,1,SA,0.1,Single,No_MSF,630,154572
result_trotter_20_Heisenberg2D_cylinder_0.5_0.5_rand,inner,1,SA,0.1,Double,Yes_Kink,870,1069849
result_trotter_20_Heisenberg2D_cylinder_0.5_0.5_rand,inner,1,SA,0.1,Single,No_Top,697,396758
result_trotter_20_Heisenberg2D_cylinder_0.5_0.5_rand,inner,1,SA,1,Double,No_MSF,603,147288
result_trotter_20_Heisenberg2D_cylinder_0.5_0.5_rand,inner,1,SA,1,Double,No_Top,677,390399
result_trotter_20_Heisenberg2D_cylinder_0.5_0.5_rand,inner,1,SA,0.1,Single,No_Kink,741,824287
result_trotter_20_Heisenberg2D_cylinder_0.5_0.5_rand,inner,1,SA,0.1,Proj,No_Kink,758,1142093
result_trotter_20_Heisenberg2D_cylinder_0.5_0.5_rand,inner,1,SA,1,Proj,No_MSF,246,18480
result_trotter_20_Heisenberg2D_cylinder_0.5_0.5_rand,inner,1,SA,0.1,Proj,Yes_Kink,781,1131859
result_trotter_20_Heisenberg2D_cylinder_0.5_0.5_rand,inner,1,SA,1,Proj,No_Top,613,224400
result_trotter_20_Heisenberg2D_cylinder_0.5_0.5_rand,inner,1,SA,1,Single,No_MSF,630,154572
result_trotter_20_Heisenberg2D_cylinder_0.5_0.5_rand,inner,1,SA,1,Double,No_Kink,696,881826
result_trotter_20_Heisenberg2D_cylinder_0.5_0.5_rand,inner,1,SA,1,Single,No_Top,697,396758
result_trotter_20_Heisenberg2D_cylinder_0.5_0.5_rand,inner,1,SA,1,Double,Yes_Kink,728,880236
result_trotter_20_Heisenberg2D_cylinder_0.5_0.5_rand,inner,1,naive,0,Double,No_MSF,603,147288
result_trotter_20_Heisenberg2D_cylinder_0.5_0.5_rand,inner,1,SA,1,Single,No_Kink,715,768652
result_trotter_20_Heisenberg2D_cylinder_0.5_0.5_rand,inner,1,naive,0,Double,No_Top,677,390399
result_trotter_20_Heisenberg2D_cylinder_0.5_0.5_rand,inner,1,SA,1,Proj,No_Kink,725,1080609
result_trotter_20_Heisenberg2D_cylinder_0.5_0.5_rand,inner,1,naive,0,Proj,No_MSF,246,18480
result_trotter_20_Heisenberg2D_cylinder_0.5_0.5_rand,inner,1,SA,1,Proj,Yes_Kink,751,1070971
result_trotter_20_Heisenberg2D_cylinder_0.5_0.5_rand,inner,1,naive,0,Proj,No_Top,613,224400
result_trotter_20_Heisenberg2D_cylinder_0.5_0.5_rand,inner,1,naive,0,Single,No_MSF,630,154572
result_trotter_20_Heisenberg2D_cylinder_0.5_0.5_rand,inner,1,naive,0,Single,No_Top,697,396758
result_trotter_20_Heisenberg2D_cylinder_0.5_0.5_rand,inner,1,random,0,Double,No_MSF,603,147288
result_trotter_20_Heisenberg2D_cylinder_0.5_0.5_rand,inner,1,random,0,Double,No_Top,677,390399
result_trotter_20_Heisenberg2D_cylinder_0.5_0.5_rand,inner,1,naive,0,Double,No_Kink,1247,1584731
result_trotter_20_Heisenberg2D_cylinder_0.5_0.5_rand,inner,1,random,0,Proj,No_MSF,246,18480
result_trotter_20_Heisenberg2D_cylinder_0.5_0.5_rand,inner,1,naive,0,Double,Yes_Kink,1392,1733750
result_trotter_20_Heisenberg2D_cylinder_0.5_0.5_rand,inner,1,naive,0,Single,No_Kink,1426,1509172
result_trotter_20_Heisenberg2D_cylinder_0.5_0.5_rand,inner,1,random,0,Proj,No_Top,613,224400
result_trotter_20_Heisenberg2D_cylinder_0.5_0.5_rand,inner,1,random,0,Double,No_Kink,1030,1291161
result_trotter_20_Heisenberg2D_cylinder_0.5_0.5_rand,inner,1,naive,0,Proj,Yes_Kink,1170,1741195
result_trotter_20_Heisenberg2D_cylinder_0.5_0.5_rand,inner,1,naive,0,Proj,No_Kink,1149,1754855
result_trotter_20_Heisenberg2D_cylinder_0.5_0.5_rand,inner,1,random,0,Single,No_MSF,630,154572
result_trotter_20_Heisenberg2D_cylinder_0.5_0.5_rand,inner,1,random,0,Double,Yes_Kink,1118,1354032
result_trotter_20_Heisenberg2D_cylinder_0.5_0.5_rand,inner,1,random,0,Single,No_Top,697,396758
result_trotter_20_Heisenberg2D_cylinder_0.5_0.5_rand,inner,2,SA,0.001,Double,No_MSF,603,147288
result_trotter_20_Heisenberg2D_cylinder_0.5_0.5_rand,inner,2,SA,0.001,Double,No_Top,677,390399
result_trotter_20_Heisenberg2D_cylinder_0.5_0.5_rand,inner,2,SA,0.001,Proj,No_MSF,246,18480
result_trotter_20_Heisenberg2D_cylinder_0.5_0.5_rand,inner,1,random,0,Single,No_Kink,1123,1165648
result_trotter_20_Heisenberg2D_cylinder_0.5_0.5_rand,inner,2,SA,0.001,Proj,No_Top,613,224400
result_trotter_20_Heisenberg2D_cylinder_0.5_0.5_rand,inner,1,random,0,Proj,No_Kink,1040,1556804
result_trotter_20_Heisenberg2D_cylinder_0.5_0.5_rand,inner,2,SA,0.001,Double,No_Kink,680,854955
result_trotter_20_Heisenberg2D_cylinder_0.5_0.5_rand,inner,2,SA,0.001,Single,No_MSF,630,154572
result_trotter_20_Heisenberg2D_cylinder_0.5_0.5_rand,inner,1,random,0,Proj,Yes_Kink,1066,1549158
result_trotter_20_Heisenberg2D_cylinder_0.5_0.5_rand,inner,2,SA,0.001,Double,Yes_Kink,716,866386
result_trotter_20_Heisenberg2D_cylinder_0.5_0.5_rand,inner,2,SA,0.001,Single,No_Top,697,396758
result_trotter_20_Heisenberg2D_cylinder_0.5_0.5_rand,inner,2,SA,0.01,Double,No_MSF,603,147288
result_trotter_20_Heisenberg2D_cylinder_0.5_0.5_rand,inner,2,SA,0.01,Double,No_Top,677,390399
result_trotter_20_Heisenberg2D_cylinder_0.5_0.5_rand,inner,2,SA,0.001,Single,No_Kink,704,805783
result_trotter_20_Heisenberg2D_cylinder_0.5_0.5_rand,inner,2,SA,0.01,Proj,No_MSF,246,18480
result_trotter_20_Heisenberg2D_cylinder_0.5_0.5_rand,inner,2,SA,0.001,Proj,No_Kink,688,1243028
result_trotter_20_Heisenberg2D_cylinder_0.5_0.5_rand,inner,2,SA,0.001,Single,Yes_Kink,707,826716
result_trotter_20_Heisenberg2D_cylinder_0.5_0.5_rand,inner,2,SA,0.01,Double,No_Kink,683,813709
result_trotter_20_Heisenberg2D_cylinder_0.5_0.5_rand,inner,2,SA,0.001,Proj,Yes_Kink,701,1227264
result_trotter_20_Heisenberg2D_cylinder_0.5_0.5_rand,inner,2,SA,0.01,Proj,No_Top,613,224400
result_trotter_20_Heisenberg2D_cylinder_0.5_0.5_rand,inner,2,SA,0.01,Double,Yes_Kink,712,831375
result_trotter_20_Heisenberg2D_cylinder_0.5_0.5_rand,inner,2,SA,0.01,Single,No_MSF,630,154572
result_trotter_20_Heisenberg2D_cylinder_0.5_0.5_rand,inner,2,SA,0.01,Single,No_Top,697,396758
result_trotter_20_Heisenberg2D_cylinder_0.5_0.5_rand,inner,2,SA,0.1,Double,No_MSF,603,147288
result_trotter_20_Heisenberg2D_cylinder_0.5_0.5_rand,inner,2,SA,0.1,Double,No_Top,677,390399
result_trotter_20_Heisenberg2D_cylinder_0.5_0.5_rand,inner,2,SA,0.01,Single,Yes_Kink,708,797268
result_trotter_20_Heisenberg2D_cylinder_0.5_0.5_rand,inner,2,SA,0.01,Proj,No_Kink,685,1234253
result_trotter_20_Heisenberg2D_cylinder_0.5_0.5_rand,inner,2,SA,0.1,Double,No_Kink,679,769812
result_trotter_20_Heisenberg2D_cylinder_0.5_0.5_rand,inner,2,SA,0.01,Single,No_Kink,702,772006
result_trotter_20_Heisenberg2D_cylinder_0.5_0.5_rand,inner,2,SA,0.1,Proj,No_MSF,246,18480
result_trotter_20_Heisenberg2D_cylinder_0.5_0.5_rand,inner,2,SA,0.1,Proj,No_Top,613,224400
result_trotter_20_Heisenberg2D_cylinder_0.5_0.5_rand,inner,2,SA,0.1,Single,No_MSF,630,154572
result_trotter_20_Heisenberg2D_cylinder_0.5_0.5_rand,inner,2,SA,0.01,Proj,Yes_Kink,701,1224086
result_trotter_20_Heisenberg2D_cylinder_0.5_0.5_rand,inner,2,SA,0.1,Double,Yes_Kink,716,787889
result_trotter_20_Heisenberg2D_cylinder_0.5_0.5_rand,inner,2,SA,0.1,Single,No_Top,697,396758
result_trotter_20_Heisenberg2D_cylinder_0.5_0.5_rand,inner,2,SA,1,Double,No_MSF,603,147288
result_trotter_20_Heisenberg2D_cylinder_0.5_0.5_rand,inner,2,SA,1,Double,No_Top,677,390399
result_trotter_20_Heisenberg2D_cylinder_0.5_0.5_rand,inner,2,SA,0.1,Single,No_Kink,701,726938
result_trotter_20_Heisenberg2D_cylinder_0.5_0.5_rand,inner,2,SA,0.1,Single,Yes_Kink,705,752040
result_trotter_20_Heisenberg2D_cylinder_0.5_0.5_rand,inner,2,SA,1,Double,No_Kink,683,733731
result_trotter_20_Heisenberg2D_cylinder_0.5_0.5_rand,inner,2,SA,1,Proj,No_MSF,246,18480
result_trotter_20_Heisenberg2D_cylinder_0.5_0.5_rand,inner,2,SA,1,Proj,No_Top,613,224400
result_trotter_20_Heisenberg2D_cylinder_0.5_0.5_rand,inner,2,SA,0.1,Proj,No_Kink,694,1224945
result_trotter_20_Heisenberg2D_cylinder_0.5_0.5_rand,inner,2,SA,1,Single,No_MSF,630,154572
result_trotter_20_Heisenberg2D_cylinder_0.5_0.5_rand,inner,2,SA,1,Single,No_Top,697,396758
result_trotter_20_Heisenberg2D_cylinder_0.5_0.5_rand,inner,2,SA,1,Double,Yes_Kink,720,756190
result_trotter_20_Heisenberg2D_cylinder_0.5_0.5_rand,inner,2,naive,0,Double,No_MSF,603,147288
result_trotter_20_Heisenberg2D_cylinder_0.5_0.5_rand,inner,2,SA,0.1,Proj,Yes_Kink,709,1210056
result_trotter_20_Heisenberg2D_cylinder_0.5_0.5_rand,inner,2,SA,1,Single,No_Kink,701,693393
result_trotter_20_Heisenberg2D_cylinder_0.5_0.5_rand,inner,2,naive,0,Double,No_Top,677,390399
result_trotter_20_Heisenberg2D_cylinder_0.5_0.5_rand,inner,2,SA,1,Proj,No_Kink,678,1211706
result_trotter_20_Heisenberg2D_cylinder_0.5_0.5_rand,inner,2,naive,0,Proj,No_MSF,246,18480
result_trotter_20_Heisenberg2D_cylinder_0.5_0.5_rand,inner,2,naive,0,Proj,No_Top,613,224400
result_trotter_20_Heisenberg2D_cylinder_0.5_0.5_rand,inner,2,SA,1,Single,Yes_Kink,704,712270
result_trotter_20_Heisenberg2D_cylinder_0.5_0.5_rand,inner,2,SA,1,Proj,Yes_Kink,697,1194881
result_trotter_20_Heisenberg2D_cylinder_0.5_0.5_rand,inner,2,naive,0,Single,No_MSF,630,154572
result_trotter_20_Heisenberg2D_cylinder_0.5_0.5_rand,inner,2,naive,0,Double,No_Kink,1012,1375246
result_trotter_20_Heisenberg2D_cylinder_0.5_0.5_rand,inner,2,naive,0,Single,No_Top,697,396758
result_trotter_20_Heisenberg2D_cylinder_0.5_0.5_rand,inner,2,random,0,Double,No_MSF,603,147288
result_trotter_20_Heisenberg2D_cylinder_0.5_0.5_rand,inner,2,random,0,Double,No_Top,677,390399
result_trotter_20_Heisenberg2D_cylinder_0.5_0.5_rand,inner,2,naive,0,Single,No_Kink,1038,1281063
result_trotter_20_Heisenberg2D_cylinder_0.5_0.5_rand,inner,2,naive,0,Double,Yes_Kink,1165,1546793
result_trotter_20_Heisenberg2D_cylinder_0.5_0.5_rand,inner,2,random,0,Proj,No_MSF,246,18480
result_trotter_20_Heisenberg2D_cylinder_0.5_0.5_rand,inner,2,random,0,Proj,No_Top,613,224400
result_trotter_20_Heisenberg2D_cylinder_0.5_0.5_rand,inner,2,naive,0,Single,Yes_Kink,1060,1292739
result_trotter_20_Heisenberg2D_cylinder_0.5_0.5_rand,inner,2,naive,0,Proj,No_Kink,1040,1920300
result_trotter_20_Heisenberg2D_cylinder_0.5_0.5_rand,inner,2,random,0,Double,No_Kink,744,1068956
result_trotter_20_Heisenberg2D_cylinder_0.5_0.5_rand,inner,2,random,0,Single,No_MSF,630,154572
result_trotter_20_Heisenberg2D_cylinder_0.5_0.5_rand,inner,2,naive,0,Proj,Yes_Kink,1081,1951915
result_trotter_20_Heisenberg2D_cylinder_0.5_0.5_rand,inner,2,random,0,Single,No_Top,697,396758
result_trotter_20_Heisenberg2D_cylinder_0.5_0.5_rand,inner,2,random,0,Double,Yes_Kink,750,1075140
result_trotter_20_Heisenberg2D_cylinder_0.5_0.5_rand,outer,1,SA,0.001,Double,No_MSF,603,147288
result_trotter_20_Heisenberg2D_cylinder_0.5_0.5_rand,outer,1,SA,0.001,Double,No_Top,677,390399
result_trotter_20_Heisenberg2D_cylinder_0.5_0.5_rand,outer,1,SA,0.001,Proj,No_MSF,246,18480
result_trotter_20_Heisenberg2D_cylinder_0.5_0.5_rand,inner,2,random,0,Single,No_Kink,783,991656
result_trotter_20_Heisenberg2D_cylinder_0.5_0.5_rand,outer,1,SA,0.001,Proj,No_Top,613,224400
result_trotter_20_Heisenberg2D_cylinder_0.5_0.5_rand,inner,2,random,0,Proj,No_Kink,838,1509137
result_trotter_20_Heisenberg2D_cylinder_0.5_0.5_rand,outer,1,SA,0.001,Double,No_Kink,929,1236232
result_trotter_20_Heisenberg2D_cylinder_0.5_0.5_rand,inner,2,random,0,Single,Yes_Kink,788,994787
result_trotter_20_Heisenberg2D_cylinder_0.5_0.5_rand,inner,2,random,0,Proj,Yes_Kink,853,1500702
result_trotter_20_Heisenberg2D_cylinder_0.5_0.5_rand,outer,1,SA,0.001,Single,No_MSF,630,154572
result_trotter_20_Heisenberg2D_cylinder_0.5_0.5_rand,outer,1,SA,0.001,Double,Yes_Kink,1129,1420869
result_trotter_20_Heisenberg2D_cylinder_0.5_0.5_rand,outer,1,SA,0.001,Single,No_Top,697,396758
result_trotter_20_Heisenberg2D_cylinder_0.5_0.5_rand,outer,1,SA,0.001,Proj,No_Kink,931,1420873
result_trotter_20_Heisenberg2D_cylinder_0.5_0.5_rand,outer,1,SA,0.01,Double,No_MSF,603,147288
result_trotter_20_Heisenberg2D_cylinder_0.5_0.5_rand,outer,1,SA,0.01,Double,No_Top,677,390399
result_trotter_20_Heisenberg2D_cylinder_0.5_0.5_rand,outer,1,SA,0.01,Proj,No_MSF,246,18480
result_trotter_20_Heisenberg2D_cylinder_0.5_0.5_rand,outer,1,SA,0.01,Proj,No_Top,613,224400
result_trotter_20_Heisenberg2D_cylinder_0.5_0.5_rand,outer,1,SA,0.001,Single,No_Kink,961,1106371
result_trotter_20_Heisenberg2D_cylinder_0.5_0.5_rand,outer,1,SA,0.001,Proj,Yes_Kink,950,1413959
result_trotter_20_Heisenberg2D_cylinder_0.5_0.5_rand,outer,1,SA,0.01,Double,No_Kink,936,1248802
result_trotter_20_Heisenberg2D_cylinder_0.5_0.5_rand,outer,1,SA,0.01,Single,No_MSF,630,154572
result_trotter_20_Heisenberg2D_cylinder_0.5_0.5_rand,outer,1,SA,0.1,Double,No_MSF,603,147288
result_trotter_20_Heisenberg2D_cylinder_0.5_0.5_rand,outer,1,SA,0.01,Single,No_Top,697,396758
result_trotter_20_Heisenberg2D_cylinder_0.5_0.5_rand,outer,1,SA,0.01,Double,Yes_Kink,1135,1428651
result_trotter_20_Heisenberg2D_cylinder_0.5_0.5_rand,outer,1,SA,0.1,Double,No_Top,677,390399
result_trotter_20_Heisenberg2D_cylinder_0.5_0.5_rand,outer,1,SA,0.1,Proj,No_MSF,246,18480
result_trotter_20_Heisenberg2D_cylinder_0.5_0.5_rand,outer,1,SA,0.1,Proj,No_Top,613,224400
result_trotter_20_Heisenberg2D_cylinder_0.5_0.5_rand,outer,1,SA,0.01,Proj,No_Kink,917,1431676
result_trotter_20_Heisenberg2D_cylinder_0.5_0.5_rand,outer,1,SA,0.01,Single,No_Kink,967,1121481
result_trotter_20_Heisenberg2D_cylinder_0.5_0.5_rand,outer,1,SA,0.1,Single,No_MSF,630,154572
result_trotter_20_Heisenberg2D_cylinder_0.5_0.5_rand,outer,1,SA,0.1,Double,No_Kink,918,1229153
result_trotter_20_Heisenberg2D_cylinder_0.5_0.5_rand,outer,1,SA,0.01,Proj,Yes_Kink,938,1424910
result_trotter_20_Heisenberg2D_cylinder_0.5_0.5_rand,outer,1,SA,0.1,Single,No_Top,697,396758
result_trotter_20_Heisenberg2D_cylinder_0.5_0.5_rand,outer,1,SA,1,Double,No_Top,677,390399
result_trotter_20_Heisenberg2D_cylinder_0.5_0.5_rand,outer,1,SA,1,Double,No_MSF,603,147288
result_trotter_20_Heisenberg2D_cylinder_0.5_0.5_rand,outer,1,SA,0.1,Double,Yes_Kink,1123,1413017
result_trotter_20_Heisenberg2D_cylinder_0.5_0.5_rand,outer,1,SA,1,Proj,No_MSF,246,18480
result_trotter_20_Heisenberg2D_cylinder_0.5_0.5_rand,outer,1,SA,1,Proj,No_Top,613,224400
result_trotter_20_Heisenberg2D_cylinder_0.5_0.5_rand,outer,1,SA,0.1,Proj,No_Kink,911,1411711
result_trotter_20_Heisenberg2D_cylinder_0.5_0.5_rand,outer,1,SA,0.1,Proj,Yes_Kink,931,1404364
result_trotter_20_Heisenberg2D_cylinder_0.5_0.5_rand,outer,1,SA,0.1,Single,No_Kink,950,1099355
result_trotter_20_Heisenberg2D_cylinder_0.5_0.5_rand,outer,1,SA,1,Single,No_MSF,630,154572
result_trotter_20_Heisenberg2D_cylinder_0.5_0.5_rand,outer,1,SA,1,Double,No_Kink,921,1227960
result_trotter_20_Heisenberg2D_cylinder_0.5_0.5_rand,outer,1,SA,1,Single,No_Top,697,396758
result_trotter_20_Heisenberg2D_cylinder_0.5_0.5_rand,outer,1,SA,1,Double,Yes_Kink,1130,1407807
result_trotter_20_Heisenberg2D_cylinder_0.5_0.5_rand,outer,1,naive,0,Double,No_MSF,603,147288
result_trotter_20_Heisenberg2D_cylinder_0.5_0.5_rand,outer,1,naive,0,Double,No_Top,677,390399
result_trotter_20_Heisenberg2D_cylinder_0.5_0.5_rand,outer,1,naive,0,Proj,No_MSF,246,18480
result_trotter_20_Heisenberg2D_cylinder_0.5_0.5_rand,outer,1,SA,1,Single,No_Kink,952,1103711
result_trotter_20_Heisenberg2D_cylinder_0.5_0.5_rand,outer,1,naive,0,Proj,No_Top,613,224400
result_trotter_20_Heisenberg2D_cylinder_0.5_0.5_rand,outer,1,SA,1,Proj,Yes_Kink,932,1405551
result_trotter_20_Heisenberg2D_cylinder_0.5_0.5_rand,outer,1,naive,0,Single,No_MSF,630,154572
result_trotter_20_Heisenberg2D_cylinder_0.5_0.5_rand,outer,1,SA,1,Proj,No_Kink,912,1409529
result_trotter_20_Heisenberg2D_cylinder_0.5_0.5_rand,outer,1,naive,0,Single,No_Top,697,396758
result_trotter_20_Heisenberg2D_cylinder_0.5_0.5_rand,outer,1,random,0,Double,No_MSF,603,147288
result_trotter_20_Heisenberg2D_cylinder_0.5_0.5_rand,outer,1,naive,0,Double,Yes_Kink,1392,1733750
result_trotter_20_Heisenberg2D_cylinder_0.5_0.5_rand,outer,1,random,0,Double,No_Top,677,390399
result_trotter_20_Heisenberg2D_cylinder_0.5_0.5_rand,outer,1,random,0,Proj,No_MSF,246,18480
result_trotter_20_Heisenberg2D_cylinder_0.5_0.5_rand,outer,1,naive,0,Double,No_Kink,1247,1584731
result_trotter_20_Heisenberg2D_cylinder_0.5_0.5_rand,outer,1,naive,0,Proj,No_Kink,1149,1754855
result_trotter_20_Heisenberg2D_cylinder_0.5_0.5_rand,outer,1,random,0,Proj,No_Top,613,224400
result_trotter_20_Heisenberg2D_cylinder_0.5_0.5_rand,outer,1,naive,0,Proj,Yes_Kink,1170,1741195
result_trotter_20_Heisenberg2D_cylinder_0.5_0.5_rand,outer,1,naive,0,Single,No_Kink,1426,1509172
result_trotter_20_Heisenberg2D_cylinder_0.5_0.5_rand,outer,1,random,0,Single,No_MSF,630,154572
result_trotter_20_Heisenberg2D_cylinder_0.5_0.5_rand,outer,1,random,0,Single,No_Top,697,396758
result_trotter_20_Heisenberg2D_cylinder_0.5_0.5_rand,outer,1,random,0,Double,No_Kink,1284,1617918
result_trotter_20_Heisenberg2D_cylinder_0.5_0.5_rand,outer,2,SA,0.001,Double,No_Top,677,390399
result_trotter_20_Heisenberg2D_cylinder_0.5_0.5_rand,outer,2,SA,0.001,Double,No_MSF,603,147288
result_trotter_20_Heisenberg2D_cylinder_0.5_0.5_rand,outer,2,SA,0.001,Proj,No_MSF,246,18480
result_trotter_20_Heisenberg2D_cylinder_0.5_0.5_rand,outer,1,random,0,Double,Yes_Kink,1425,1766812
result_trotter_20_Heisenberg2D_cylinder_0.5_0.5_rand,outer,1,random,0,Single,No_Kink,1466,1545588
result_trotter_20_Heisenberg2D_cylinder_0.5_0.5_rand,outer,1,random,0,Proj,No_Kink,1174,1788289
result_trotter_20_Heisenberg2D_cylinder_0.5_0.5_rand,outer,2,SA,0.001,Proj,No_Top,613,224400
result_trotter_20_Heisenberg2D_cylinder_0.5_0.5_rand,outer,2,SA,0.001,Double,No_Kink,981,1375628
result_trotter_20_Heisenberg2D_cylinder_0.5_0.5_rand,outer,2,SA,0.001,Single,No_MSF,630,154572
result_trotter_20_Heisenberg2D_cylinder_0.5_0.5_rand,outer,2,SA,0.001,Single,No_Top,697,396758
result_trotter_20_Heisenberg2D_cylinder_0.5_0.5_rand,outer,2,SA,0.001,Double,Yes_Kink,1109,1498137
result_trotter_20_Heisenberg2D_cylinder_0.5_0.5_rand,outer,2,SA,0.01,Double,No_MSF,603,147288
result_trotter_20_Heisenberg2D_cylinder_0.5_0.5_rand,outer,1,random,0,Proj,Yes_Kink,1190,1776717
result_trotter_20_Heisenberg2D_cylinder_0.5_0.5_rand,outer,2,SA,0.01,Double,No_Top,677,390399
result_trotter_20_Heisenberg2D_cylinder_0.5_0.5_rand,outer,2,SA,0.01,Proj,No_MSF,246,18480
result_trotter_20_Heisenberg2D_cylinder_0.5_0.5_rand,outer,2,SA,0.001,Proj,No_Kink,909,1692647
result_trotter_20_Heisenberg2D_cylinder_0.5_0.5_rand,outer,2,SA,0.01,Proj,No_Top,613,224400
result_trotter_20_Heisenberg2D_cylinder_0.5_0.5_rand,outer,2,SA,0.001,Single,Yes_Kink,1015,1271793
result_trotter_20_Heisenberg2D_cylinder_0.5_0.5_rand,outer,2,SA,0.001,Single,No_Kink,1005,1262375
result_trotter_20_Heisenberg2D_cylinder_0.5_0.5_rand,outer,2,SA,0.01,Double,No_Kink,942,1324239
result_trotter_20_Heisenberg2D_cylinder_0.5_0.5_rand,outer,2,SA,0.01,Single,No_MSF,630,154572
result_trotter_20_Heisenberg2D_cylinder_0.5_0.5_rand,outer,2,SA,0.001,Proj,Yes_Kink,950,1722808
result_trotter_20_Heisenberg2D_cylinder_0.5_0.5_rand,outer,2,SA,0.01,Single,No_Top,697,396758
result_trotter_20_Heisenberg2D_cylinder_0.5_0.5_rand,outer,2,SA,0.1,Double,No_MSF,603,147288
result_trotter_20_Heisenberg2D_cylinder_0.5_0.5_rand,outer,2,SA,0.01,Double,Yes_Kink,1070,1438203
result_trotter_20_Heisenberg2D_cylinder_0.5_0.5_rand,outer,2,SA,0.01,Proj,No_Kink,857,1601604
result_trotter_20_Heisenberg2D_cylinder_0.5_0.5_rand,outer,2,SA,0.01,Single,No_Kink,943,1209683
result_trotter_20_Heisenberg2D_cylinder_0.5_0.5_rand,outer,2,SA,0.1,Double,No_Top,677,390399
result_trotter_20_Heisenberg2D_cylinder_0.5_0.5_rand,outer,2,SA,0.1,Proj,No_MSF,246,18480
result_trotter_20_Heisenberg2D_cylinder_0.5_0.5_rand,outer,2,SA,0.1,Proj,No_Top,613,224400
result_trotter_20_Heisenberg2D_cylinder_0.5_0.5_rand,outer,2,SA,0.01,Proj,Yes_Kink,901,1643569
result_trotter_20_Heisenberg2D_cylinder_0.5_0.5_rand,outer,2,SA,0.1,Double,No_Kink,920,1282283
result_trotter_20_Heisenberg2D_cylinder_0.5_0.5_rand,outer,2,SA,0.01,Single,Yes_Kink,935,1217857
result_trotter_20_Heisenberg2D_cylinder_0.5_0.5_rand,outer,2,SA,0.1,Single,No_MSF,630,154572
result_trotter_20_Heisenberg2D_cylinder_0.5_0.5_rand,outer,2,SA,0.1,Double,Yes_Kink,1074,1390393
result_trotter_20_Heisenberg2D_cylinder_0.5_0.5_rand,outer,2,SA,0.1,Single,No_Top,697,396758
result_trotter_20_Heisenberg2D_cylinder_0.5_0.5_rand,outer,2,SA,1,Double,No_MSF,603,147288
result_trotter_20_Heisenberg2D_cylinder_0.5_0.5_rand,outer,2,SA,1,Double,No_Top,677,390399
result_trotter_20_Heisenberg2D_cylinder_0.5_0.5_rand,outer,2,SA,1,Proj,No_MSF,246,18480
result_trotter_20_Heisenberg2D_cylinder_0.5_0.5_rand,outer,2,SA,0.1,Single,No_Kink,924,1183623
result_trotter_20_Heisenberg2D_cylinder_0.5_0.5_rand,outer,2,SA,0.1,Single,Yes_Kink,929,1184784
result_trotter_20_Heisenberg2D_cylinder_0.5_0.5_rand,outer,2,SA,1,Double,No_Kink,918,1267242
result_trotter_20_Heisenberg2D_cylinder_0.5_0.5_rand,outer,2,SA,1,Proj,No_Top,613,224400
result_trotter_20_Heisenberg2D_cylinder_0.5_0.5_rand,outer,2,SA,0.1,Proj,No_Kink,861,1616232
result_trotter_20_Heisenberg2D_cylinder_0.5_0.5_rand,outer,2,SA,1,Single,No_MSF,630,154572
result_trotter_20_Heisenberg2D_cylinder_0.5_0.5_rand,outer,2,SA,1,Double,Yes_Kink,1077,1371270
result_trotter_20_Heisenberg2D_cylinder_0.5_0.5_rand,outer,2,SA,1,Single,No_Top,697,396758
result_trotter_20_Heisenberg2D_cylinder_0.5_0.5_rand,outer,2,SA,0.1,Proj,Yes_Kink,906,1658879
result_trotter_20_Heisenberg2D_cylinder_0.5_0.5_rand,outer,2,naive,0,Double,No_MSF,603,147288
result_trotter_20_Heisenberg2D_cylinder_0.5_0.5_rand,outer,2,naive,0,Double,No_Top,677,390399
result_trotter_20_Heisenberg2D_cylinder_0.5_0.5_rand,outer,2,SA,1,Proj,No_Kink,871,1627874
result_trotter_20_Heisenberg2D_cylinder_0.5_0.5_rand,outer,2,SA,1,Single,No_Kink,921,1169707
result_trotter_20_Heisenberg2D_cylinder_0.5_0.5_rand,outer,2,naive,0,Proj,No_MSF,246,18480
result_trotter_20_Heisenberg2D_cylinder_0.5_0.5_rand,outer,2,naive,0,Proj,No_Top,613,224400
result_trotter_20_Heisenberg2D_cylinder_0.5_0.5_rand,outer,2,SA,1,Single,Yes_Kink,927,1169634
result_trotter_20_Heisenberg2D_cylinder_0.5_0.5_rand,outer,2,naive,0,Single,No_MSF,630,154572
result_trotter_20_Heisenberg2D_cylinder_0.5_0.5_rand,outer,2,naive,0,Single,No_Top,697,396758
result_trotter_20_Heisenberg2D_cylinder_0.5_0.5_rand,outer,2,SA,1,Proj,Yes_Kink,909,1664803
result_trotter_20_Heisenberg2D_cylinder_0.5_0.5_rand,outer,2,naive,0,Double,No_Kink,1012,1375246
result_trotter_20_Heisenberg2D_cylinder_0.5_0.5_rand,outer,2,random,0,Double,No_MSF,603,147288
result_trotter_20_Heisenberg2D_cylinder_0.5_0.5_rand,outer,2,naive,0,Double,Yes_Kink,1165,1546793
result_trotter_20_Heisenberg2D_cylinder_0.5_0.5_rand,outer,2,naive,0,Single,No_Kink,1038,1281063
result_trotter_20_Heisenberg2D_cylinder_0.5_0.5_rand,outer,2,random,0,Double,No_Top,677,390399
result_trotter_20_Heisenberg2D_cylinder_0.5_0.5_rand,outer,2,random,0,Proj,No_MSF,246,18480
result_trotter_20_Heisenberg2D_cylinder_0.5_0.5_rand,outer,2,naive,0,Proj,No_Kink,1040,1920300
result_trotter_20_Heisenberg2D_cylinder_0.5_0.5_rand,outer,2,naive,0,Single,Yes_Kink,1060,1292739
result_trotter_20_Heisenberg2D_cylinder_0.5_0.5_rand,outer,2,random,0,Proj,No_Top,613,224400
result_trotter_20_Heisenberg2D_cylinder_0.5_0.5_rand,outer,2,naive,0,Proj,Yes_Kink,1081,1951915
result_trotter_20_Heisenberg2D_cylinder_0.5_0.5_rand,outer,2,random,0,Single,No_MSF,630,154572
result_trotter_20_Heisenberg2D_cylinder_0.5_0.5_rand,outer,2,random,0,Double,No_Kink,1057,1513318
result_trotter_20_Heisenberg2D_cylinder_0.5_0.5_rand,outer,2,random,0,Single,No_Top,697,396758
result_trotter_20_Heisenberg2D_cylinder_0.5_0.5_rand,outer,2,random,0,Double,Yes_Kink,1187,1666291
result_trotter_20_Heisenberg2D_cylinder_0.5_0.5_rand,outer,2,random,0,Proj,No_Kink,1047,1941113
result_trotter_20_Heisenberg2D_cylinder_0.5_0.5_rand,outer,2,random,0,Single,Yes_Kink,1123,1420777
result_trotter_20_Heisenberg2D_cylinder_0.5_0.5_rand,outer,2,random,0,Single,No_Kink,1103,1403685
result_trotter_20_Heisenberg2D_cylinder_0.5_0.5_rand,outer,2,random,0,Proj,Yes_Kink,1085,1966962
