circuit,factory,layer count,allocator,msf coeff,routing_algo,routing_option,total code beat,circuit volume
result_trotter_10_Heisenberg2D_cylinder_0.5_0.5_det,inner,1,SA,0.001,Double,No_MSF,315,18346
result_trotter_10_Heisenberg2D_cylinder_0.5_0.5_det,inner,1,SA,0.001,Double,No_Top,885,125440
result_trotter_10_Heisenberg2D_cylinder_0.5_0.5_det,inner,1,SA,0.001,Proj,No_Top,855,54588
result_trotter_10_Heisenberg2D_cylinder_0.5_0.5_det,inner,1,SA,0.001,Proj,No_MSF,246,4428
result_trotter_10_Heisenberg2D_cylinder_0.5_0.5_det,inner,1,SA,0.001,Single,No_MSF,318,18630
result_trotter_10_Heisenberg2D_cylinder_0.5_0.5_det,inner,1,SA,0.001,Single,No_Top,887,125690
result_trotter_10_Heisenberg2D_cylinder_0.5_0.5_det,inner,1,SA,0.01,Double,No_Top,885,125440
result_trotter_10_Heisenberg2D_cylinder_0.5_0.5_det,inner,1,SA,0.01,Double,No_MSF,315,18346
result_trotter_10_Heisenberg2D_cylinder_0.5_0.5_det,inner,1,SA,0.001,Double,Yes_Kink,972,322430
result_trotter_10_Heisenberg2D_cylinder_0.5_0.5_det,inner,1,SA,0.001,Single,No_Kink,954,275196
result_trotter_10_Heisenberg2D_cylinder_0.5_0.5_det,inner,1,SA,0.01,Proj,No_MSF,246,4428
result_trotter_10_Heisenberg2D_cylinder_0.5_0.5_det,inner,1,SA,0.01,Proj,No_Top,855,54588
result_trotter_10_Heisenberg2D_cylinder_0.5_0.5_det,inner,1,SA,0.001,Double,No_Kink,923,315194
result_trotter_10_Heisenberg2D_cylinder_0.5_0.5_det,inner,1,SA,0.01,Double,No_Kink,958,316935
result_trotter_10_Heisenberg2D_cylinder_0.5_0.5_det,inner,1,SA,0.01,Single,No_MSF,318,18630
result_trotter_10_Heisenberg2D_cylinder_0.5_0.5_det,inner,1,SA,0.01,Double,Yes_Kink,997,331868
result_trotter_10_Heisenberg2D_cylinder_0.5_0.5_det,inner,1,SA,0.01,Single,No_Top,887,125690
result_trotter_10_Heisenberg2D_cylinder_0.5_0.5_det,inner,1,SA,0.001,Proj,Yes_Kink,1408,548172
result_trotter_10_Heisenberg2D_cylinder_0.5_0.5_det,inner,1,SA,0.1,Double,No_MSF,315,18346
result_trotter_10_Heisenberg2D_cylinder_0.5_0.5_det,inner,1,SA,0.1,Double,No_Top,885,125440
result_trotter_10_Heisenberg2D_cylinder_0.5_0.5_det,inner,1,SA,0.1,Proj,No_MSF,246,4428
result_trotter_10_Heisenberg2D_cylinder_0.5_0.5_det,inner,1,SA,0.001,Proj,No_Kink,1309,540969
result_trotter_10_Heisenberg2D_cylinder_0.5_0.5_det,inner,1,SA,0.1,Proj,No_Top,855,54588
result_trotter_10_Heisenberg2D_cylinder_0.5_0.5_det,inner,1,SA,0.01,Single,No_Kink,1004,281173
result_trotter_10_Heisenberg2D_cylinder_0.5_0.5_det,inner,1,SA,0.1,Double,No_Kink,908,291654
result_trotter_10_Heisenberg2D_cylinder_0.5_0.5_det,inner,1,SA,0.1,Single,No_Top,887,125690
result_trotter_10_Heisenberg2D_cylinder_0.5_0.5_det,inner,1,SA,0.1,Single,No_MSF,318,18630
result_trotter_10_Heisenberg2D_cylinder_0.5_0.5_det,inner,1,SA,0.1,Double,Yes_Kink,936,298908
result_trotter_10_Heisenberg2D_cylinder_0.5_0.5_det,inner,1,SA,1,Double,No_MSF,315,18346
result_trotter_10_Heisenberg2D_cylinder_0.5_0.5_det,inner,1,SA,0.01,Proj,No_Kink,1232,512795
result_trotter_10_Heisenberg2D_cylinder_0.5_0.5_det,inner,1,SA,0.1,Single,No_Kink,924,258407
result_trotter_10_Heisenberg2D_cylinder_0.5_0.5_det,inner,1,SA,0.01,Proj,Yes_Kink,1390,545274
result_trotter_10_Heisenberg2D_cylinder_0.5_0.5_det,inner,1,SA,1,Double,No_Top,885,125440
result_trotter_10_Heisenberg2D_cylinder_0.5_0.5_det,inner,1,SA,1,Proj,No_MSF,246,4428
result_trotter_10_Heisenberg2D_cylinder_0.5_0.5_det,inner,1,SA,1,Double,No_Kink,903,249773
result_trotter_10_Heisenberg2D_cylinder_0.5_0.5_det,inner,1,SA,1,Proj,No_Top,855,54588
result_trotter_10_Heisenberg2D_cylinder_0.5_0.5_det,inner,1,SA,0.1,Proj,No_Kink,1201,488553
result_trotter_10_Heisenberg2D_cylinder_0.5_0.5_det,inner,1,SA,0.1,Proj,Yes_Kink,1255,473594
result_trotter_10_Heisenberg2D_cylinder_0.5_0.5_det,inner,1,SA,1,Single,No_MSF,318,18630
result_trotter_10_Heisenberg2D_cylinder_0.5_0.5_det,inner,1,naive,0,Double,No_MSF,315,18346
result_trotter_10_Heisenberg2D_cylinder_0.5_0.5_det,inner,1,SA,1,Single,No_Top,887,125690
result_trotter_10_Heisenberg2D_cylinder_0.5_0.5_det,inner,1,naive,0,Double,No_Top,885,125440
result_trotter_10_Heisenberg2D_cylinder_0.5_0.5_det,inner,1,SA,1,Double,Yes_Kink,912,276160
result_trotter_10_Heisenberg2D_cylinder_0.5_0.5_det,inner,1,naive,0,Proj,No_MSF,246,4428
result_trotter_10_Heisenberg2D_cylinder_0.5_0.5_det,inner,1,naive,0,Proj,No_Top,855,54588
result_trotter_10_Heisenberg2D_cylinder_0.5_0.5_det,inner,1,SA,1,Single,No_Kink,912,240415
result_trotter_10_Heisenberg2D_cylinder_0.5_0.5_det,inner,1,SA,1,Proj,No_Kink,952,384174
result_trotter_10_Heisenberg2D_cylinder_0.5_0.5_det,inner,1,naive,0,Single,No_MSF,318,18630
result_trotter_10_Heisenberg2D_cylinder_0.5_0.5_det,inner,1,naive,0,Single,No_Top,887,125690
result_trotter_10_Heisenberg2D_cylinder_0.5_0.5_det,inner,1,SA,1,Proj,Yes_Kink,957,358489
result_trotter_10_Heisenberg2D_cylinder_0.5_0.5_det,inner,1,random,0,Double,No_MSF,315,18346
result_trotter_10_Heisenberg2D_cylinder_0.5_0.5_det,inner,1,naive,0,Single,No_Kink,974,272024
result_trotter_10_Heisenberg2D_cylinder_0.5_0.5_det,inner,1,naive,0,Double,No_Kink,950,298237
result_trotter_10_Heisenberg2D_cylinder_0.5_0.5_det,inner,1,random,0,Double,No_Top,885,125440
result_trotter_10_Heisenberg2D_cylinder_0.5_0.5_det,inner,1,naive,0,Proj,No_Kink,975,410113
result_trotter_10_Heisenberg2D_cylinder_0.5_0.5_det,inner,1,naive,0,Double,Yes_Kink,967,311860
result_trotter_10_Heisenberg2D_cylinder_0.5_0.5_det,inner,1,random,0,Proj,No_MSF,246,4428
result_trotter_10_Heisenberg2D_cylinder_0.5_0.5_det,inner,1,random,0,Double,No_Kink,980,284385
result_trotter_10_Heisenberg2D_cylinder_0.5_0.5_det,inner,1,random,0,Proj,No_Top,855,54588
result_trotter_10_Heisenberg2D_cylinder_0.5_0.5_det,inner,1,naive,0,Proj,Yes_Kink,985,399207
result_trotter_10_Heisenberg2D_cylinder_0.5_0.5_det,inner,1,random,0,Single,No_MSF,318,18630
result_trotter_10_Heisenberg2D_cylinder_0.5_0.5_det,inner,1,random,0,Single,No_Top,887,125690
result_trotter_10_Heisenberg2D_cylinder_0.5_0.5_det,inner,2,SA,0.001,Double,No_MSF,315,18346
result_trotter_10_Heisenberg2D_cylinder_0.5_0.5_det,inner,2,SA,0.001,Double,No_Top,885,125440
result_trotter_10_Heisenberg2D_cylinder_0.5_0.5_det,inner,1,random,0,Single,No_Kink,1036,266363
result_trotter_10_Heisenberg2D_cylinder_0.5_0.5_det,inner,2,SA,0.001,Proj,No_MSF,246,4428
result_trotter_10_Heisenberg2D_cylinder_0.5_0.5_det,inner,2,SA,0.001,Double,No_Kink,890,238551
result_trotter_10_Heisenberg2D_cylinder_0.5_0.5_det,inner,1,random,0,Double,Yes_Kink,1002,292451
result_trotter_10_Heisenberg2D_cylinder_0.5_0.5_det,inner,1,random,0,Proj,No_Kink,1009,415396
result_trotter_10_Heisenberg2D_cylinder_0.5_0.5_det,inner,2,SA,0.001,Proj,No_Top,855,54588
result_trotter_10_Heisenberg2D_cylinder_0.5_0.5_det,inner,2,SA,0.001,Single,No_MSF,318,18630
result_trotter_10_Heisenberg2D_cylinder_0.5_0.5_det,inner,2,SA,0.001,Single,No_Top,887,125690
result_trotter_10_Heisenberg2D_cylinder_0.5_0.5_det,inner,2,SA,0.001,Double,Yes_Kink,896,251383
result_trotter_10_Heisenberg2D_cylinder_0.5_0.5_det,inner,1,random,0,Proj,Yes_Kink,1038,399797
result_trotter_10_Heisenberg2D_cylinder_0.5_0.5_det,inner,2,SA,0.01,Double,No_MSF,315,18346
result_trotter_10_Heisenberg2D_cylinder_0.5_0.5_det,inner,2,SA,0.001,Single,Yes_Kink,904,255000
result_trotter_10_Heisenberg2D_cylinder_0.5_0.5_det,inner,2,SA,0.01,Double,No_Top,885,125440
result_trotter_10_Heisenberg2D_cylinder_0.5_0.5_det,inner,2,SA,0.001,Single,No_Kink,893,250096
result_trotter_10_Heisenberg2D_cylinder_0.5_0.5_det,inner,2,SA,0.01,Double,No_Kink,890,226807
result_trotter_10_Heisenberg2D_cylinder_0.5_0.5_det,inner,2,SA,0.01,Proj,No_MSF,246,4428
result_trotter_10_Heisenberg2D_cylinder_0.5_0.5_det,inner,2,SA,0.01,Single,No_MSF,318,18630
result_trotter_10_Heisenberg2D_cylinder_0.5_0.5_det,inner,2,SA,0.01,Proj,No_Top,855,54588
result_trotter_10_Heisenberg2D_cylinder_0.5_0.5_det,inner,2,SA,0.01,Single,No_Top,887,125690
result_trotter_10_Heisenberg2D_cylinder_0.5_0.5_det,inner,2,SA,0.01,Double,Yes_Kink,895,234007
result_trotter_10_Heisenberg2D_cylinder_0.5_0.5_det,inner,2,SA,0.1,Double,No_MSF,315,18346
result_trotter_10_Heisenberg2D_cylinder_0.5_0.5_det,inner,2,SA,0.01,Single,No_Kink,893,234207
result_trotter_10_Heisenberg2D_cylinder_0.5_0.5_det,inner,2,SA,0.001,Proj,No_Kink,925,538274
result_trotter_10_Heisenberg2D_cylinder_0.5_0.5_det,inner,2,SA,0.1,Double,No_Top,885,125440
result_trotter_10_Heisenberg2D_cylinder_0.5_0.5_det,inner,2,SA,0.001,Proj,Yes_Kink,932,515688
result_trotter_10_Heisenberg2D_cylinder_0.5_0.5_det,inner,2,SA,0.01,Single,Yes_Kink,905,247077
result_trotter_10_Heisenberg2D_cylinder_0.5_0.5_det,inner,2,SA,0.1,Proj,No_MSF,246,4428
result_trotter_10_Heisenberg2D_cylinder_0.5_0.5_det,inner,2,SA,0.1,Double,No_Kink,890,213763
result_trotter_10_Heisenberg2D_cylinder_0.5_0.5_det,inner,2,SA,0.1,Proj,No_Top,855,54588
result_trotter_10_Heisenberg2D_cylinder_0.5_0.5_det,inner,2,SA,0.1,Double,Yes_Kink,895,219208
result_trotter_10_Heisenberg2D_cylinder_0.5_0.5_det,inner,2,SA,0.1,Single,No_MSF,318,18630
result_trotter_10_Heisenberg2D_cylinder_0.5_0.5_det,inner,2,SA,0.01,Proj,No_Kink,906,524260
result_trotter_10_Heisenberg2D_cylinder_0.5_0.5_det,inner,2,SA,0.1,Single,No_Top,887,125690
result_trotter_10_Heisenberg2D_cylinder_0.5_0.5_det,inner,2,SA,0.1,Single,No_Kink,893,221333
result_trotter_10_Heisenberg2D_cylinder_0.5_0.5_det,inner,2,SA,0.01,Proj,Yes_Kink,909,501435
result_trotter_10_Heisenberg2D_cylinder_0.5_0.5_det,inner,2,SA,1,Double,No_MSF,315,18346
result_trotter_10_Heisenberg2D_cylinder_0.5_0.5_det,inner,2,SA,1,Double,No_Top,885,125440
result_trotter_10_Heisenberg2D_cylinder_0.5_0.5_det,inner,2,SA,1,Proj,No_MSF,246,4428
result_trotter_10_Heisenberg2D_cylinder_0.5_0.5_det,inner,2,SA,1,Double,No_Kink,892,198091
result_trotter_10_Heisenberg2D_cylinder_0.5_0.5_det,inner,2,SA,0.1,Single,Yes_Kink,902,232504
result_trotter_10_Heisenberg2D_cylinder_0.5_0.5_det,inner,2,SA,1,Proj,No_Top,855,54588
result_trotter_10_Heisenberg2D_cylinder_0.5_0.5_det,inner,2,SA,1,Single,No_MSF,318,18630
result_trotter_10_Heisenberg2D_cylinder_0.5_0.5_det,inner,2,SA,1,Single,No_Top,887,125690
result_trotter_10_Heisenberg2D_cylinder_0.5_0.5_det,inner,2,SA,1,Double,Yes_Kink,897,201779
result_trotter_10_Heisenberg2D_cylinder_0.5_0.5_det,inner,2,SA,1,Single,No_Kink,895,205097
result_trotter_10_Heisenberg2D_cylinder_0.5_0.5_det,inner,2,SA,0.1,Proj,No_Kink,906,526375
result_trotter_10_Heisenberg2D_cylinder_0.5_0.5_det,inner,2,naive,0,Double,No_MSF,315,18346
result_trotter_10_Heisenberg2D_cylinder_0.5_0.5_det,inner,2,naive,0,Double,No_Top,885,125440
result_trotter_10_Heisenberg2D_cylinder_0.5_0.5_det,inner,2,SA,0.1,Proj,Yes_Kink,908,501798
result_trotter_10_Heisenberg2D_cylinder_0.5_0.5_det,inner,2,SA,1,Single,Yes_Kink,902,222109
result_trotter_10_Heisenberg2D_cylinder_0.5_0.5_det,inner,2,naive,0,Proj,No_MSF,246,4428
result_trotter_10_Heisenberg2D_cylinder_0.5_0.5_det,inner,2,naive,0,Proj,No_Top,855,54588
result_trotter_10_Heisenberg2D_cylinder_0.5_0.5_det,inner,2,naive,0,Double,No_Kink,906,270238
result_trotter_10_Heisenberg2D_cylinder_0.5_0.5_det,inner,2,naive,0,Single,No_MSF,318,18630
result_trotter_10_Heisenberg2D_cylinder_0.5_0.5_det,inner,2,SA,1,Proj,No_Kink,928,519858
result_trotter_10_Heisenberg2D_cylinder_0.5_0.5_det,inner,2,naive,0,Double,Yes_Kink,909,273649
result_trotter_10_Heisenberg2D_cylinder_0.5_0.5_det,inner,2,naive,0,Single,No_Top,887,125690
result_trotter_10_Heisenberg2D_cylinder_0.5_0.5_det,inner,2,random,0,Double,No_MSF,315,18346
result_trotter_10_Heisenberg2D_cylinder_0.5_0.5_det,inner,2,naive,0,Single,No_Kink,920,257961
result_trotter_10_Heisenberg2D_cylinder_0.5_0.5_det,inner,2,SA,1,Proj,Yes_Kink,931,501792
result_trotter_10_Heisenberg2D_cylinder_0.5_0.5_det,inner,2,random,0,Proj,No_MSF,246,4428
result_trotter_10_Heisenberg2D_cylinder_0.5_0.5_det,inner,2,naive,0,Single,Yes_Kink,927,258275
result_trotter_10_Heisenberg2D_cylinder_0.5_0.5_det,inner,2,random,0,Double,No_Top,885,125440
result_trotter_10_Heisenberg2D_cylinder_0.5_0.5_det,inner,2,random,0,Double,No_Kink,921,251939
result_trotter_10_Heisenberg2D_cylinder_0.5_0.5_det,inner,2,random,0,Proj,No_Top,855,54588
result_trotter_10_Heisenberg2D_cylinder_0.5_0.5_det,inner,2,random,0,Single,No_MSF,318,18630
result_trotter_10_Heisenberg2D_cylinder_0.5_0.5_det,inner,2,random,0,Single,No_Top,887,125690
result_trotter_10_Heisenberg2D_cylinder_0.5_0.5_det,inner,2,random,0,Double,Yes_Kink,924,267445
result_trotter_10_Heisenberg2D_cylinder_0.5_0.5_det,inner,2,random,0,Single,No_Kink,943,253713
result_trotter_10_Heisenberg2D_cylinder_0.5_0.5_det,inner,2,naive,0,Proj,No_Kink,985,592572
result_trotter_10_Heisenberg2D_cylinder_0.5_0.5_det,outer,1,SA,0.001,Double,No_MSF,315,18346
result_trotter_10_Heisenberg2D_cylinder_0.5_0.5_det,inner,2,naive,0,Proj,Yes_Kink,988,581873
result_trotter_10_Heisenberg2D_cylinder_0.5_0.5_det,outer,1,SA,0.001,Double,No_Top,885,125440
result_trotter_10_Heisenberg2D_cylinder_0.5_0.5_det,outer,1,SA,0.001,Proj,No_MSF,246,4428
result_trotter_10_Heisenberg2D_cylinder_0.5_0.5_det,outer,1,SA,0.001,Proj,No_Top,855,54588
result_trotter_10_Heisenberg2D_cylinder_0.5_0.5_det,inner,2,random,0,Single,Yes_Kink,944,252821
result_trotter_10_Heisenberg2D_cylinder_0.5_0.5_det,outer,1,SA,0.001,Double,No_Kink,901,274455
result_trotter_10_Heisenberg2D_cylinder_0.5_0.5_det,inner,2,random,0,Proj,No_Kink,932,521463
result_trotter_10_Heisenberg2D_cylinder_0.5_0.5_det,outer,1,SA,0.001,Single,No_MSF,318,18630
result_trotter_10_Heisenberg2D_cylinder_0.5_0.5_det,outer,1,SA,0.001,Single,No_Top,887,125690
result_trotter_10_Heisenberg2D_cylinder_0.5_0.5_det,outer,1,SA,0.01,Double,No_MSF,315,18346
result_trotter_10_Heisenberg2D_cylinder_0.5_0.5_det,outer,1,SA,0.001,Double,Yes_Kink,916,299405
result_trotter_10_Heisenberg2D_cylinder_0.5_0.5_det,outer,1,SA,0.01,Double,No_Top,885,125440
result_trotter_10_Heisenberg2D_cylinder_0.5_0.5_det,inner,2,random,0,Proj,Yes_Kink,937,508147
result_trotter_10_Heisenberg2D_cylinder_0.5_0.5_det,outer,1,SA,0.001,Single,No_Kink,913,258275
result_trotter_10_Heisenberg2D_cylinder_0.5_0.5_det,outer,1,SA,0.01,Proj,No_MSF,246,4428
result_trotter_10_Heisenberg2D_cylinder_0.5_0.5_det,outer,1,SA,0.001,Proj,No_Kink,936,394713
result_trotter_10_Heisenberg2D_cylinder_0.5_0.5_det,outer,1,SA,0.001,Proj,Yes_Kink,942,382081
result_trotter_10_Heisenberg2D_cylinder_0.5_0.5_det,outer,1,SA,0.01,Proj,No_Top,855,54588
result_trotter_10_Heisenberg2D_cylinder_0.5_0.5_det,outer,1,SA,0.01,Double,No_Kink,902,265467
result_trotter_10_Heisenberg2D_cylinder_0.5_0.5_det,outer,1,SA,0.01,Single,No_MSF,318,18630
result_trotter_10_Heisenberg2D_cylinder_0.5_0.5_det,outer,1,SA,0.01,Single,No_Top,887,125690
result_trotter_10_Heisenberg2D_cylinder_0.5_0.5_det,outer,1,SA,0.01,Double,Yes_Kink,915,300717
result_trotter_10_Heisenberg2D_cylinder_0.5_0.5_det,outer,1,SA,0.1,Double,No_Top,885,125440
result_trotter_10_Heisenberg2D_cylinder_0.5_0.5_det,outer,1,SA,0.1,Double,No_MSF,315,18346
result_trotter_10_Heisenberg2D_cylinder_0.5_0.5_det,outer,1,SA,0.1,Proj,No_MSF,246,4428
result_trotter_10_Heisenberg2D_cylinder_0.5_0.5_det,outer,1,SA,0.01,Single,No_Kink,914,258303
result_trotter_10_Heisenberg2D_cylinder_0.5_0.5_det,outer,1,SA,0.1,Proj,No_Top,855,54588
result_trotter_10_Heisenberg2D_cylinder_0.5_0.5_det,outer,1,SA,0.01,Proj,No_Kink,934,395551
result_trotter_10_Heisenberg2D_cylinder_0.5_0.5_det,outer,1,SA,0.1,Single,No_MSF,318,18630
result_trotter_10_Heisenberg2D_cylinder_0.5_0.5_det,outer,1,SA,0.1,Single,No_Top,887,125690
result_trotter_10_Heisenberg2D_cylinder_0.5_0.5_det,outer,1,SA,0.1,Double,No_Kink,906,281326
result_trotter_10_Heisenberg2D_cylinder_0.5_0.5_det,outer,1,SA,0.01,Proj,Yes_Kink,941,383093
result_trotter_10_Heisenberg2D_cylinder_0.5_0.5_det,outer,1,SA,1,Double,No_MSF,315,18346
result_trotter_10_Heisenberg2D_cylinder_0.5_0.5_det,outer,1,SA,0.1,Double,Yes_Kink,917,299497
result_trotter_10_Heisenberg2D_cylinder_0.5_0.5_det,outer,1,SA,0.1,Single,No_Kink,917,259143
result_trotter_10_Heisenberg2D_cylinder_0.5_0.5_det,outer,1,SA,1,Double,No_Top,885,125440
result_trotter_10_Heisenberg2D_cylinder_0.5_0.5_det,outer,1,SA,1,Proj,No_MSF,246,4428
result_trotter_10_Heisenberg2D_cylinder_0.5_0.5_det,outer,1,SA,1,Proj,No_Top,855,54588
result_trotter_10_Heisenberg2D_cylinder_0.5_0.5_det,outer,1,SA,1,Double,No_Kink,908,290211
result_trotter_10_Heisenberg2D_cylinder_0.5_0.5_det,outer,1,SA,1,Single,No_MSF,318,18630
result_trotter_10_Heisenberg2D_cylinder_0.5_0.5_det,outer,1,SA,0.1,Proj,Yes_Kink,945,382986
result_trotter_10_Heisenberg2D_cylinder_0.5_0.5_det,outer,1,SA,0.1,Proj,No_Kink,938,395905
result_trotter_10_Heisenberg2D_cylinder_0.5_0.5_det,outer,1,SA,1,Single,No_Top,887,125690
result_trotter_10_Heisenberg2D_cylinder_0.5_0.5_det,outer,1,SA,1,Double,Yes_Kink,922,295050
result_trotter_10_Heisenberg2D_cylinder_0.5_0.5_det,outer,1,naive,0,Double,No_Top,885,125440
result_trotter_10_Heisenberg2D_cylinder_0.5_0.5_det,outer,1,naive,0,Double,No_MSF,315,18346
result_trotter_10_Heisenberg2D_cylinder_0.5_0.5_det,outer,1,SA,1,Single,No_Kink,922,253917
result_trotter_10_Heisenberg2D_cylinder_0.5_0.5_det,outer,1,naive,0,Proj,No_MSF,246,4428
result_trotter_10_Heisenberg2D_cylinder_0.5_0.5_det,outer,1,naive,0,Proj,No_Top,855,54588
result_trotter_10_Heisenberg2D_cylinder_0.5_0.5_det,outer,1,SA,1,Proj,No_Kink,940,395826
result_trotter_10_Heisenberg2D_cylinder_0.5_0.5_det,outer,1,SA,1,Proj,Yes_Kink,947,383682
result_trotter_10_Heisenberg2D_cylinder_0.5_0.5_det,outer,1,naive,0,Double,No_Kink,950,298237
result_trotter_10_Heisenberg2D_cylinder_0.5_0.5_det,outer,1,naive,0,Single,No_MSF,318,18630
result_trotter_10_Heisenberg2D_cylinder_0.5_0.5_det,outer,1,naive,0,Single,No_Top,887,125690
result_trotter_10_Heisenberg2D_cylinder_0.5_0.5_det,outer,1,naive,0,Single,No_Kink,974,272024
result_trotter_10_Heisenberg2D_cylinder_0.5_0.5_det,outer,1,naive,0,Double,Yes_Kink,967,311860
result_trotter_10_Heisenberg2D_cylinder_0.5_0.5_det,outer,1,random,0,Double,No_Top,885,125440
result_trotter_10_Heisenberg2D_cylinder_0.5_0.5_det,outer,1,random,0,Double,No_MSF,315,18346
result_trotter_10_Heisenberg2D_cylinder_0.5_0.5_det,outer,1,random,0,Proj,No_MSF,246,4428
result_trotter_10_Heisenberg2D_cylinder_0.5_0.5_det,outer,1,random,0,Proj,No_Top,855,54588
result_trotter_10_Heisenberg2D_cylinder_0.5_0.5_det,outer,1,naive,0,Proj,No_Kink,975,410113
result_trotter_10_Heisenberg2D_cylinder_0.5_0.5_det,outer,1,random,0,Single,No_MSF,318,18630
result_trotter_10_Heisenberg2D_cylinder_0.5_0.5_det,outer,1,naive,0,Proj,Yes_Kink,985,399207
result_trotter_10_Heisenberg2D_cylinder_0.5_0.5_det,outer,2,SA,0.001,Double,No_MSF,315,18346
result_trotter_10_Heisenberg2D_cylinder_0.5_0.5_det,outer,1,random,0,Single,No_Top,887,125690
result_trotter_10_Heisenberg2D_cylinder_0.5_0.5_det,outer,1,random,0,Single,No_Kink,1040,288483
result_trotter_10_Heisenberg2D_cylinder_0.5_0.5_det,outer,1,random,0,Double,No_Kink,991,316563
result_trotter_10_Heisenberg2D_cylinder_0.5_0.5_det,outer,2,SA,0.001,Double,No_Top,885,125440
result_trotter_10_Heisenberg2D_cylinder_0.5_0.5_det,outer,1,random,0,Double,Yes_Kink,1007,319392
result_trotter_10_Heisenberg2D_cylinder_0.5_0.5_det,outer,2,SA,0.001,Proj,No_MSF,246,4428
result_trotter_10_Heisenberg2D_cylinder_0.5_0.5_det,outer,2,SA,0.001,Proj,No_Top,855,54588
result_trotter_10_Heisenberg2D_cylinder_0.5_0.5_det,outer,2,SA,0.001,Double,No_Kink,890,271884
result_trotter_10_Heisenberg2D_cylinder_0.5_0.5_det,outer,2,SA,0.001,Single,No_MSF,318,18630
result_trotter_10_Heisenberg2D_cylinder_0.5_0.5_det,outer,2,SA,0.001,Single,No_Top,887,125690
result_trotter_10_Heisenberg2D_cylinder_0.5_0.5_det,outer,1,random,0,Proj,No_Kink,981,412620
result_trotter_10_Heisenberg2D_cylinder_0.5_0.5_det,outer,1,random,0,Proj,Yes_Kink,999,403972
result_trotter_10_Heisenberg2D_cylinder_0.5_0.5_det,outer,2,SA,0.01,Double,No_MSF,315,18346
result_trotter_10_Heisenberg2D_cylinder_0.5_0.5_det,outer,2,SA,0.001,Double,Yes_Kink,895,286521
result_trotter_10_Heisenberg2D_cylinder_0.5_0.5_det,outer,2,SA,0.01,Double,No_Top,885,125440
result_trotter_10_Heisenberg2D_cylinder_0.5_0.5_det,outer,2,SA,0.001,Single,No_Kink,896,272185
result_trotter_10_Heisenberg2D_cylinder_0.5_0.5_det,outer,2,SA,0.001,Single,Yes_Kink,908,275024
result_trotter_10_Heisenberg2D_cylinder_0.5_0.5_det,outer,2,SA,0.01,Proj,No_MSF,246,4428
result_trotter_10_Heisenberg2D_cylinder_0.5_0.5_det,outer,2,SA,0.01,Double,No_Kink,891,274944
result_trotter_10_Heisenberg2D_cylinder_0.5_0.5_det,outer,2,SA,0.01,Proj,No_Top,855,54588
result_trotter_10_Heisenberg2D_cylinder_0.5_0.5_det,outer,2,SA,0.01,Single,No_MSF,318,18630
result_trotter_10_Heisenberg2D_cylinder_0.5_0.5_det,outer,2,SA,0.01,Single,No_Top,887,125690
result_trotter_10_Heisenberg2D_cylinder_0.5_0.5_det,outer,2,SA,0.01,Double,Yes_Kink,896,289957
result_trotter_10_Heisenberg2D_cylinder_0.5_0.5_det,outer,2,SA,0.001,Proj,Yes_Kink,889,529655
result_trotter_10_Heisenberg2D_cylinder_0.5_0.5_det,outer,2,SA,0.01,Single,No_Kink,901,274924
result_trotter_10_Heisenberg2D_cylinder_0.5_0.5_det,outer,2,SA,0.1,Double,No_MSF,315,18346
result_trotter_10_Heisenberg2D_cylinder_0.5_0.5_det,outer,2,SA,0.01,Single,Yes_Kink,914,281085
result_trotter_10_Heisenberg2D_cylinder_0.5_0.5_det,outer,2,SA,0.1,Double,No_Top,885,125440
result_trotter_10_Heisenberg2D_cylinder_0.5_0.5_det,outer,2,SA,0.001,Proj,No_Kink,886,541631
result_trotter_10_Heisenberg2D_cylinder_0.5_0.5_det,outer,2,SA,0.1,Double,No_Kink,892,249838
result_trotter_10_Heisenberg2D_cylinder_0.5_0.5_det,outer,2,SA,0.1,Proj,No_MSF,246,4428
result_trotter_10_Heisenberg2D_cylinder_0.5_0.5_det,outer,2,SA,0.1,Proj,No_Top,855,54588
result_trotter_10_Heisenberg2D_cylinder_0.5_0.5_det,outer,2,SA,0.01,Proj,No_Kink,885,542222
result_trotter_10_Heisenberg2D_cylinder_0.5_0.5_det,outer,2,SA,0.1,Double,Yes_Kink,897,267139
result_trotter_10_Heisenberg2D_cylinder_0.5_0.5_det,outer,2,SA,0.1,Single,No_MSF,318,18630
result_trotter_10_Heisenberg2D_cylinder_0.5_0.5_det,outer,2,SA,0.1,Single,No_Top,887,125690
result_trotter_10_Heisenberg2D_cylinder_0.5_0.5_det,outer,2,SA,1,Double,No_MSF,315,18346
result_trotter_10_Heisenberg2D_cylinder_0.5_0.5_det,outer,2,SA,0.01,Proj,Yes_Kink,889,531225
result_trotter_10_Heisenberg2D_cylinder_0.5_0.5_det,outer,2,SA,1,Double,No_Top,885,125440
result_trotter_10_Heisenberg2D_cylinder_0.5_0.5_det,outer,2,SA,1,Proj,No_MSF,246,4428
result_trotter_10_Heisenberg2D_cylinder_0.5_0.5_det,outer,2,SA,0.1,Single,No_Kink,900,248415
result_trotter_10_Heisenberg2D_cylinder_0.5_0.5_det,outer,2,SA,0.1,Single,Yes_Kink,913,252532
result_trotter_10_Heisenberg2D_cylinder_0.5_0.5_det,outer,2,SA,1,Double,No_Kink,894,243830
result_trotter_10_Heisenberg2D_cylinder_0.5_0.5_det,outer,2,SA,1,Proj,No_Top,855,54588
result_trotter_10_Heisenberg2D_cylinder_0.5_0.5_det,outer,2,SA,1,Single,No_MSF,318,18630
result_trotter_10_Heisenberg2D_cylinder_0.5_0.5_det,outer,2,SA,1,Single,No_Top,887,125690
result_trotter_10_Heisenberg2D_cylinder_0.5_0.5_det,outer,2,SA,1,Double,Yes_Kink,901,264367
result_trotter_10_Heisenberg2D_cylinder_0.5_0.5_det,outer,2,SA,0.1,Proj,No_Kink,887,538664
result_trotter_10_Heisenberg2D_cylinder_0.5_0.5_det,outer,2,SA,0.1,Proj,Yes_Kink,893,528099
result_trotter_10_Heisenberg2D_cylinder_0.5_0.5_det,outer,2,naive,0,Double,No_MSF,315,18346
result_trotter_10_Heisenberg2D_cylinder_0.5_0.5_det,outer,2,SA,1,Single,No_Kink,901,243659
result_trotter_10_Heisenberg2D_cylinder_0.5_0.5_det,outer,2,naive,0,Double,No_Top,885,125440
result_trotter_10_Heisenberg2D_cylinder_0.5_0.5_det,outer,2,naive,0,Proj,No_MSF,246,4428
result_trotter_10_Heisenberg2D_cylinder_0.5_0.5_det,outer,2,SA,1,Single,Yes_Kink,915,246464
result_trotter_10_Heisenberg2D_cylinder_0.5_0.5_det,outer,2,naive,0,Proj,No_Top,855,54588
result_trotter_10_Heisenberg2D_cylinder_0.5_0.5_det,outer,2,naive,0,Single,No_MSF,318,18630
result_trotter_10_Heisenberg2D_cylinder_0.5_0.5_det,outer,2,naive,0,Double,No_Kink,906,270238
result_trotter_10_Heisenberg2D_cylinder_0.5_0.5_det,outer,2,naive,0,Single,No_Top,887,125690
result_trotter_10_Heisenberg2D_cylinder_0.5_0.5_det,outer,2,naive,0,Double,Yes_Kink,909,273649
result_trotter_10_Heisenberg2D_cylinder_0.5_0.5_det,outer,2,naive,0,Single,No_Kink,920,257961
result_trotter_10_Heisenberg2D_cylinder_0.5_0.5_det,outer,2,random,0,Double,No_MSF,315,18346
result_trotter_10_Heisenberg2D_cylinder_0.5_0.5_det,outer,2,SA,1,Proj,Yes_Kink,893,528767
result_trotter_10_Heisenberg2D_cylinder_0.5_0.5_det,outer,2,SA,1,Proj,No_Kink,890,538864
result_trotter_10_Heisenberg2D_cylinder_0.5_0.5_det,outer,2,random,0,Double,No_Top,885,125440
result_trotter_10_Heisenberg2D_cylinder_0.5_0.5_det,outer,2,random,0,Proj,No_MSF,246,4428
result_trotter_10_Heisenberg2D_cylinder_0.5_0.5_det,outer,2,naive,0,Single,Yes_Kink,927,258275
result_trotter_10_Heisenberg2D_cylinder_0.5_0.5_det,outer,2,random,0,Proj,No_Top,855,54588
result_trotter_10_Heisenberg2D_cylinder_0.5_0.5_det,outer,2,random,0,Single,No_MSF,318,18630
result_trotter_10_Heisenberg2D_cylinder_0.5_0.5_det,outer,2,naive,0,Proj,No_Kink,985,592572
result_trotter_10_Heisenberg2D_cylinder_0.5_0.5_det,outer,2,random,0,Double,Yes_Kink,924,309185
result_trotter_10_Heisenberg2D_cylinder_0.5_0.5_det,outer,2,random,0,Double,No_Kink,916,301570
result_trotter_10_Heisenberg2D_cylinder_0.5_0.5_det,outer,2,random,0,Single,No_Top,887,125690
result_trotter_10_Heisenberg2D_cylinder_0.5_0.5_rand,inner,1,SA,0.001,Double,No_Top,898,118545
result_trotter_10_Heisenberg2D_cylinder_0.5_0.5_rand,inner,1,SA,0.001,Double,No_MSF,566,35432
result_trotter_10_Heisenberg2D_cylinder_0.5_0.5_det,outer,2,random,0,Single,No_Kink,944,290757
result_trotter_10_Heisenberg2D_cylinder_0.5_0.5_det,outer,2,naive,0,Proj,Yes_Kink,988,581873
result_trotter_10_Heisenberg2D_cylinder_0.5_0.5_rand,inner,1,SA,0.001,Proj,No_MSF,246,4440
result_trotter_10_Heisenberg2D_cylinder_0.5_0.5_rand,inner,1,SA,0.001,Double,No_Kink,895,272239
result_trotter_10_Heisenberg2D_cylinder_0.5_0.5_rand,inner,1,SA,0.001,Proj,No_Top,855,54600
result_trotter_10_Heisenberg2D_cylinder_0.5_0.5_det,outer,2,random,0,Single,Yes_Kink,955,296979
result_trotter_10_Heisenberg2D_cylinder_0.5_0.5_rand,inner,1,SA,0.001,Single,No_MSF,586,37250
result_trotter_10_Heisenberg2D_cylinder_0.5_0.5_rand,inner,1,SA,0.001,Single,No_Top,904,119152
result_trotter_10_Heisenberg2D_cylinder_0.5_0.5_rand,inner,1,SA,0.001,Double,Yes_Kink,913,281400
result_trotter_10_Heisenberg2D_cylinder_0.5_0.5_rand,inner,1,SA,0.01,Double,No_MSF,566,35432
result_trotter_10_Heisenberg2D_cylinder_0.5_0.5_det,outer,2,random,0,Proj,No_Kink,989,599359
result_trotter_10_Heisenberg2D_cylinder_0.5_0.5_rand,inner,1,SA,0.01,Double,No_Top,898,118545
result_trotter_10_Heisenberg2D_cylinder_0.5_0.5_det,outer,2,random,0,Proj,Yes_Kink,992,588139
result_trotter_10_Heisenberg2D_cylinder_0.5_0.5_rand,inner,1,SA,0.001,Single,No_Kink,925,249730
result_trotter_10_Heisenberg2D_cylinder_0.5_0.5_rand,inner,1,SA,0.01,Proj,No_MSF,246,4440
result_trotter_10_Heisenberg2D_cylinder_0.5_0.5_rand,inner,1,SA,0.01,Proj,No_Top,855,54600
result_trotter_10_Heisenberg2D_cylinder_0.5_0.5_rand,inner,1,SA,0.001,Proj,No_Kink,1071,429487
result_trotter_10_Heisenberg2D_cylinder_0.5_0.5_rand,inner,1,SA,0.01,Double,No_Kink,949,298644
result_trotter_10_Heisenberg2D_cylinder_0.5_0.5_rand,inner,1,SA,0.01,Single,No_MSF,586,37250
result_trotter_10_Heisenberg2D_cylinder_0.5_0.5_rand,inner,1,SA,0.001,Proj,Yes_Kink,1108,421073
result_trotter_10_Heisenberg2D_cylinder_0.5_0.5_rand,inner,1,SA,0.1,Double,No_MSF,566,35432
result_trotter_10_Heisenberg2D_cylinder_0.5_0.5_rand,inner,1,SA,0.01,Single,No_Top,904,119152
result_trotter_10_Heisenberg2D_cylinder_0.5_0.5_rand,inner,1,SA,0.1,Double,No_Top,898,118545
result_trotter_10_Heisenberg2D_cylinder_0.5_0.5_rand,inner,1,SA,0.01,Double,Yes_Kink,984,312341
result_trotter_10_Heisenberg2D_cylinder_0.5_0.5_rand,inner,1,SA,0.01,Single,No_Kink,991,268454
result_trotter_10_Heisenberg2D_cylinder_0.5_0.5_rand,inner,1,SA,0.1,Proj,No_MSF,246,4440
result_trotter_10_Heisenberg2D_cylinder_0.5_0.5_rand,inner,1,SA,0.1,Proj,No_Top,855,54600
result_trotter_10_Heisenberg2D_cylinder_0.5_0.5_rand,inner,1,SA,0.1,Double,No_Kink,895,271979
result_trotter_10_Heisenberg2D_cylinder_0.5_0.5_rand,inner,1,SA,0.1,Single,No_MSF,586,37250
result_trotter_10_Heisenberg2D_cylinder_0.5_0.5_rand,inner,1,SA,0.1,Double,Yes_Kink,916,280943
result_trotter_10_Heisenberg2D_cylinder_0.5_0.5_rand,inner,1,SA,0.1,Single,No_Top,904,119152
result_trotter_10_Heisenberg2D_cylinder_0.5_0.5_rand,inner,1,SA,1,Double,No_MSF,566,35432
result_trotter_10_Heisenberg2D_cylinder_0.5_0.5_rand,inner,1,SA,0.01,Proj,No_Kink,1167,469868
result_trotter_10_Heisenberg2D_cylinder_0.5_0.5_rand,inner,1,SA,0.01,Proj,Yes_Kink,1247,472882
result_trotter_10_Heisenberg2D_cylinder_0.5_0.5_rand,inner,1,SA,1,Double,No_Top,898,118545
result_trotter_10_Heisenberg2D_cylinder_0.5_0.5_rand,inner,1,SA,0.1,Single,No_Kink,924,248555
result_trotter_10_Heisenberg2D_cylinder_0.5_0.5_rand,inner,1,SA,1,Proj,No_Top,855,54600
result_trotter_10_Heisenberg2D_cylinder_0.5_0.5_rand,inner,1,SA,1,Proj,No_MSF,246,4440
result_trotter_10_Heisenberg2D_cylinder_0.5_0.5_rand,inner,1,SA,0.1,Proj,No_Kink,1059,415700
result_trotter_10_Heisenberg2D_cylinder_0.5_0.5_rand,inner,1,SA,1,Double,No_Kink,894,233146
result_trotter_10_Heisenberg2D_cylinder_0.5_0.5_rand,inner,1,SA,1,Single,No_MSF,586,37250
result_trotter_10_Heisenberg2D_cylinder_0.5_0.5_rand,inner,1,naive,0,Double,No_MSF,566,35432
result_trotter_10_Heisenberg2D_cylinder_0.5_0.5_rand,inner,1,SA,1,Single,No_Top,904,119152
result_trotter_10_Heisenberg2D_cylinder_0.5_0.5_rand,inner,1,naive,0,Double,No_Top,898,118545
result_trotter_10_Heisenberg2D_cylinder_0.5_0.5_rand,inner,1,SA,1,Double,Yes_Kink,903,250280
result_trotter_10_Heisenberg2D_cylinder_0.5_0.5_rand,inner,1,SA,0.1,Proj,Yes_Kink,1068,393941
result_trotter_10_Heisenberg2D_cylinder_0.5_0.5_rand,inner,1,SA,1,Single,No_Kink,915,223507
result_trotter_10_Heisenberg2D_cylinder_0.5_0.5_rand,inner,1,naive,0,Proj,No_MSF,246,4440
result_trotter_10_Heisenberg2D_cylinder_0.5_0.5_rand,inner,1,naive,0,Proj,No_Top,855,54600
result_trotter_10_Heisenberg2D_cylinder_0.5_0.5_rand,inner,1,naive,0,Double,No_Kink,925,295126
result_trotter_10_Heisenberg2D_cylinder_0.5_0.5_rand,inner,1,SA,1,Proj,No_Kink,1098,419620
result_trotter_10_Heisenberg2D_cylinder_0.5_0.5_rand,inner,1,naive,0,Single,No_MSF,586,37250
result_trotter_10_Heisenberg2D_cylinder_0.5_0.5_rand,inner,1,SA,1,Proj,Yes_Kink,1138,396388
result_trotter_10_Heisenberg2D_cylinder_0.5_0.5_rand,inner,1,naive,0,Double,Yes_Kink,952,297875
result_trotter_10_Heisenberg2D_cylinder_0.5_0.5_rand,inner,1,naive,0,Single,No_Top,904,119152
result_trotter_10_Heisenberg2D_cylinder_0.5_0.5_rand,inner,1,random,0,Double,No_MSF,566,35432
result_trotter_10_Heisenberg2D_cylinder_0.5_0.5_rand,inner,1,random,0,Double,No_Top,898,118545
result_trotter_10_Heisenberg2D_cylinder_0.5_0.5_rand,inner,1,random,0,Proj,No_MSF,246,4440
result_trotter_10_Heisenberg2D_cylinder_0.5_0.5_rand,inner,1,random,0,Proj,No_Top,855,54600
result_trotter_10_Heisenberg2D_cylinder_0.5_0.5_rand,inner,1,naive,0,Single,No_Kink,1015,275186
result_trotter_10_Heisenberg2D_cylinder_0.5_0.5_rand,inner,1,naive,0,Proj,No_Kink,944,374193
result_trotter_10_Heisenberg2D_cylinder_0.5_0.5_rand,inner,1,naive,0,Proj,Yes_Kink,964,368537
result_trotter_10_Heisenberg2D_cylinder_0.5_0.5_rand,inner,1,random,0,Double,No_Kink,918,266337
result_trotter_10_Heisenberg2D_cylinder_0.5_0.5_rand,inner,1,random,0,Single,No_MSF,586,37250
result_trotter_10_Heisenberg2D_cylinder_0.5_0.5_rand,inner,2,SA,0.001,Double,No_MSF,566,35432
result_trotter_10_Heisenberg2D_cylinder_0.5_0.5_rand,inner,1,random,0,Single,No_Top,904,119152
result_trotter_10_Heisenberg2D_cylinder_0.5_0.5_rand,inner,1,random,0,Double,Yes_Kink,943,270449
result_trotter_10_Heisenberg2D_cylinder_0.5_0.5_rand,inner,2,SA,0.001,Double,No_Top,898,118545
result_trotter_10_Heisenberg2D_cylinder_0.5_0.5_rand,inner,2,SA,0.001,Proj,No_MSF,246,4440
result_trotter_10_Heisenberg2D_cylinder_0.5_0.5_rand,inner,2,SA,0.001,Proj,No_Top,855,54600
result_trotter_10_Heisenberg2D_cylinder_0.5_0.5_rand,inner,1,random,0,Single,No_Kink,971,250031
result_trotter_10_Heisenberg2D_cylinder_0.5_0.5_rand,inner,2,SA,0.001,Double,Yes_Kink,896,244898
result_trotter_10_Heisenberg2D_cylinder_0.5_0.5_rand,inner,2,SA,0.001,Double,No_Kink,897,231322
result_trotter_10_Heisenberg2D_cylinder_0.5_0.5_rand,inner,2,SA,0.001,Single,No_MSF,586,37250
result_trotter_10_Heisenberg2D_cylinder_0.5_0.5_rand,inner,1,random,0,Proj,No_Kink,1354,511457
result_trotter_10_Heisenberg2D_cylinder_0.5_0.5_rand,inner,2,SA,0.001,Single,No_Top,904,119152
result_trotter_10_Heisenberg2D_cylinder_0.5_0.5_rand,inner,2,SA,0.01,Double,No_MSF,566,35432
result_trotter_10_Heisenberg2D_cylinder_0.5_0.5_rand,inner,2,SA,0.01,Double,No_Top,898,118545
result_trotter_10_Heisenberg2D_cylinder_0.5_0.5_rand,inner,1,random,0,Proj,Yes_Kink,1401,499612
result_trotter_10_Heisenberg2D_cylinder_0.5_0.5_rand,inner,2,SA,0.001,Single,No_Kink,908,232589
result_trotter_10_Heisenberg2D_cylinder_0.5_0.5_rand,inner,2,SA,0.001,Single,Yes_Kink,911,236774
result_trotter_10_Heisenberg2D_cylinder_0.5_0.5_rand,inner,2,SA,0.01,Double,No_Kink,899,222161
result_trotter_10_Heisenberg2D_cylinder_0.5_0.5_rand,inner,2,SA,0.01,Proj,No_MSF,246,4440
result_trotter_10_Heisenberg2D_cylinder_0.5_0.5_rand,inner,2,SA,0.01,Proj,No_Top,855,54600
result_trotter_10_Heisenberg2D_cylinder_0.5_0.5_rand,inner,2,SA,0.01,Single,No_MSF,586,37250
result_trotter_10_Heisenberg2D_cylinder_0.5_0.5_rand,inner,2,SA,0.001,Proj,No_Kink,922,514033
result_trotter_10_Heisenberg2D_cylinder_0.5_0.5_rand,inner,2,SA,0.01,Single,No_Top,904,119152
result_trotter_10_Heisenberg2D_cylinder_0.5_0.5_rand,inner,2,SA,0.1,Double,No_MSF,566,35432
result_trotter_10_Heisenberg2D_cylinder_0.5_0.5_rand,inner,2,SA,0.01,Double,Yes_Kink,896,242730
result_trotter_10_Heisenberg2D_cylinder_0.5_0.5_rand,inner,2,SA,0.01,Single,No_Kink,906,223709
result_trotter_10_Heisenberg2D_cylinder_0.5_0.5_rand,inner,2,SA,0.001,Proj,Yes_Kink,926,487734
result_trotter_10_Heisenberg2D_cylinder_0.5_0.5_rand,inner,2,SA,0.1,Double,No_Top,898,118545
result_trotter_10_Heisenberg2D_cylinder_0.5_0.5_rand,inner,2,SA,0.01,Single,Yes_Kink,909,229868
result_trotter_10_Heisenberg2D_cylinder_0.5_0.5_rand,inner,2,SA,0.1,Double,No_Kink,898,212588
result_trotter_10_Heisenberg2D_cylinder_0.5_0.5_rand,inner,2,SA,0.1,Proj,No_MSF,246,4440
result_trotter_10_Heisenberg2D_cylinder_0.5_0.5_rand,inner,2,SA,0.1,Proj,No_Top,855,54600
result_trotter_10_Heisenberg2D_cylinder_0.5_0.5_rand,inner,2,SA,0.1,Single,No_MSF,586,37250
result_trotter_10_Heisenberg2D_cylinder_0.5_0.5_rand,inner,2,SA,0.1,Double,Yes_Kink,894,232382
result_trotter_10_Heisenberg2D_cylinder_0.5_0.5_rand,inner,2,SA,0.1,Single,No_Top,904,119152
result_trotter_10_Heisenberg2D_cylinder_0.5_0.5_rand,inner,2,SA,0.01,Proj,Yes_Kink,924,487886
result_trotter_10_Heisenberg2D_cylinder_0.5_0.5_rand,inner,2,SA,1,Double,No_MSF,566,35432
result_trotter_10_Heisenberg2D_cylinder_0.5_0.5_rand,inner,2,SA,0.01,Proj,No_Kink,921,516237
result_trotter_10_Heisenberg2D_cylinder_0.5_0.5_rand,inner,2,SA,0.1,Single,No_Kink,906,218126
result_trotter_10_Heisenberg2D_cylinder_0.5_0.5_rand,inner,2,SA,1,Double,No_Top,898,118545
result_trotter_10_Heisenberg2D_cylinder_0.5_0.5_rand,inner,2,SA,1,Proj,No_MSF,246,4440
result_trotter_10_Heisenberg2D_cylinder_0.5_0.5_rand,inner,2,SA,1,Double,No_Kink,898,192374
result_trotter_10_Heisenberg2D_cylinder_0.5_0.5_rand,inner,2,SA,1,Proj,No_Top,855,54600
result_trotter_10_Heisenberg2D_cylinder_0.5_0.5_rand,inner,2,SA,0.1,Single,Yes_Kink,909,223559
result_trotter_10_Heisenberg2D_cylinder_0.5_0.5_rand,inner,2,SA,1,Double,Yes_Kink,895,211964
result_trotter_10_Heisenberg2D_cylinder_0.5_0.5_rand,inner,2,SA,1,Single,No_MSF,586,37250
result_trotter_10_Heisenberg2D_cylinder_0.5_0.5_rand,inner,2,SA,1,Single,No_Top,904,119152
result_trotter_10_Heisenberg2D_cylinder_0.5_0.5_rand,inner,2,SA,0.1,Proj,No_Kink,966,512928
result_trotter_10_Heisenberg2D_cylinder_0.5_0.5_rand,inner,2,naive,0,Double,No_MSF,566,35432
result_trotter_10_Heisenberg2D_cylinder_0.5_0.5_rand,inner,2,SA,0.1,Proj,Yes_Kink,978,489014
result_trotter_10_Heisenberg2D_cylinder_0.5_0.5_rand,inner,2,naive,0,Double,No_Top,898,118545
result_trotter_10_Heisenberg2D_cylinder_0.5_0.5_rand,inner,2,SA,1,Single,No_Kink,905,198865
result_trotter_10_Heisenberg2D_cylinder_0.5_0.5_rand,inner,2,naive,0,Proj,No_MSF,246,4440
result_trotter_10_Heisenberg2D_cylinder_0.5_0.5_rand,inner,2,SA,1,Single,Yes_Kink,908,207285
result_trotter_10_Heisenberg2D_cylinder_0.5_0.5_rand,inner,2,naive,0,Proj,No_Top,855,54600
result_trotter_10_Heisenberg2D_cylinder_0.5_0.5_rand,inner,2,naive,0,Double,No_Kink,894,261750
result_trotter_10_Heisenberg2D_cylinder_0.5_0.5_rand,inner,2,naive,0,Single,No_MSF,586,37250
result_trotter_10_Heisenberg2D_cylinder_0.5_0.5_rand,inner,2,naive,0,Double,Yes_Kink,906,269471
result_trotter_10_Heisenberg2D_cylinder_0.5_0.5_rand,inner,2,naive,0,Single,No_Top,904,119152
result_trotter_10_Heisenberg2D_cylinder_0.5_0.5_rand,inner,2,random,0,Double,No_MSF,566,35432
result_trotter_10_Heisenberg2D_cylinder_0.5_0.5_rand,inner,2,SA,1,Proj,Yes_Kink,922,476990
result_trotter_10_Heisenberg2D_cylinder_0.5_0.5_rand,inner,2,SA,1,Proj,No_Kink,919,500998
result_trotter_10_Heisenberg2D_cylinder_0.5_0.5_rand,inner,2,naive,0,Single,No_Kink,935,250037
result_trotter_10_Heisenberg2D_cylinder_0.5_0.5_rand,inner,2,random,0,Double,No_Top,898,118545
result_trotter_10_Heisenberg2D_cylinder_0.5_0.5_rand,inner,2,random,0,Proj,No_MSF,246,4440
result_trotter_10_Heisenberg2D_cylinder_0.5_0.5_rand,inner,2,random,0,Proj,No_Top,855,54600
result_trotter_10_Heisenberg2D_cylinder_0.5_0.5_rand,inner,2,naive,0,Single,Yes_Kink,938,253383
result_trotter_10_Heisenberg2D_cylinder_0.5_0.5_rand,inner,2,random,0,Double,No_Kink,895,249466
result_trotter_10_Heisenberg2D_cylinder_0.5_0.5_rand,inner,2,random,0,Double,Yes_Kink,900,258399
result_trotter_10_Heisenberg2D_cylinder_0.5_0.5_rand,inner,2,random,0,Single,No_MSF,586,37250
result_trotter_10_Heisenberg2D_cylinder_0.5_0.5_rand,inner,2,random,0,Single,No_Top,904,119152
result_trotter_10_Heisenberg2D_cylinder_0.5_0.5_rand,inner,2,naive,0,Proj,No_Kink,972,563128
result_trotter_10_Heisenberg2D_cylinder_0.5_0.5_rand,outer,1,SA,0.001,Double,No_MSF,566,35432
result_trotter_10_Heisenberg2D_cylinder_0.5_0.5_rand,inner,2,random,0,Single,No_Kink,923,239810
result_trotter_10_Heisenberg2D_cylinder_0.5_0.5_rand,inner,2,naive,0,Proj,Yes_Kink,986,553162
result_trotter_10_Heisenberg2D_cylinder_0.5_0.5_rand,outer,1,SA,0.001,Double,No_Top,898,118545
result_trotter_10_Heisenberg2D_cylinder_0.5_0.5_rand,outer,1,SA,0.001,Proj,No_MSF,246,4440
result_trotter_10_Heisenberg2D_cylinder_0.5_0.5_rand,inner,2,random,0,Single,Yes_Kink,923,241096
result_trotter_10_Heisenberg2D_cylinder_0.5_0.5_rand,outer,1,SA,0.001,Proj,No_Top,855,54600
result_trotter_10_Heisenberg2D_cylinder_0.5_0.5_rand,outer,1,SA,0.001,Double,No_Kink,895,267976
result_trotter_10_Heisenberg2D_cylinder_0.5_0.5_rand,outer,1,SA,0.001,Single,No_MSF,586,37250
result_trotter_10_Heisenberg2D_cylinder_0.5_0.5_rand,outer,1,SA,0.001,Double,Yes_Kink,913,276203
result_trotter_10_Heisenberg2D_cylinder_0.5_0.5_rand,outer,1,SA,0.001,Single,No_Top,904,119152
result_trotter_10_Heisenberg2D_cylinder_0.5_0.5_rand,outer,1,SA,0.01,Double,No_MSF,566,35432
result_trotter_10_Heisenberg2D_cylinder_0.5_0.5_rand,inner,2,random,0,Proj,No_Kink,1042,533339
result_trotter_10_Heisenberg2D_cylinder_0.5_0.5_rand,outer,1,SA,0.001,Single,No_Kink,926,245999
result_trotter_10_Heisenberg2D_cylinder_0.5_0.5_rand,outer,1,SA,0.01,Double,No_Top,898,118545
result_trotter_10_Heisenberg2D_cylinder_0.5_0.5_rand,inner,2,random,0,Proj,Yes_Kink,1064,519089
result_trotter_10_Heisenberg2D_cylinder_0.5_0.5_rand,outer,1,SA,0.01,Proj,No_MSF,246,4440
result_trotter_10_Heisenberg2D_cylinder_0.5_0.5_rand,outer,1,SA,0.01,Double,No_Kink,896,264303
result_trotter_10_Heisenberg2D_cylinder_0.5_0.5_rand,outer,1,SA,0.01,Proj,No_Top,855,54600
result_trotter_10_Heisenberg2D_cylinder_0.5_0.5_rand,outer,1,SA,0.001,Proj,No_Kink,930,373327
result_trotter_10_Heisenberg2D_cylinder_0.5_0.5_rand,outer,1,SA,0.001,Proj,Yes_Kink,938,360526
result_trotter_10_Heisenberg2D_cylinder_0.5_0.5_rand,outer,1,SA,0.01,Single,No_MSF,586,37250
result_trotter_10_Heisenberg2D_cylinder_0.5_0.5_rand,outer,1,SA,0.01,Single,No_Top,904,119152
result_trotter_10_Heisenberg2D_cylinder_0.5_0.5_rand,outer,1,SA,0.1,Double,No_MSF,566,35432
result_trotter_10_Heisenberg2D_cylinder_0.5_0.5_rand,outer,1,SA,0.01,Single,No_Kink,923,244023
result_trotter_10_Heisenberg2D_cylinder_0.5_0.5_rand,outer,1,SA,0.1,Double,No_Top,898,118545
result_trotter_10_Heisenberg2D_cylinder_0.5_0.5_rand,outer,1,SA,0.01,Double,Yes_Kink,911,274412
result_trotter_10_Heisenberg2D_cylinder_0.5_0.5_rand,outer,1,SA,0.1,Proj,No_MSF,246,4440
result_trotter_10_Heisenberg2D_cylinder_0.5_0.5_rand,outer,1,SA,0.1,Proj,No_Top,855,54600
result_trotter_10_Heisenberg2D_cylinder_0.5_0.5_rand,outer,1,SA,0.01,Proj,No_Kink,931,373860
result_trotter_10_Heisenberg2D_cylinder_0.5_0.5_rand,outer,1,SA,0.1,Double,No_Kink,897,269471
result_trotter_10_Heisenberg2D_cylinder_0.5_0.5_rand,outer,1,SA,0.1,Single,No_MSF,586,37250
result_trotter_10_Heisenberg2D_cylinder_0.5_0.5_rand,outer,1,SA,0.01,Proj,Yes_Kink,935,361202
result_trotter_10_Heisenberg2D_cylinder_0.5_0.5_rand,outer,1,SA,0.1,Single,No_Top,904,119152
result_trotter_10_Heisenberg2D_cylinder_0.5_0.5_rand,outer,1,SA,1,Double,No_MSF,566,35432
result_trotter_10_Heisenberg2D_cylinder_0.5_0.5_rand,outer,1,SA,1,Double,No_Top,898,118545
result_trotter_10_Heisenberg2D_cylinder_0.5_0.5_rand,outer,1,SA,0.1,Double,Yes_Kink,914,275353
result_trotter_10_Heisenberg2D_cylinder_0.5_0.5_rand,outer,1,SA,1,Proj,No_MSF,246,4440
result_trotter_10_Heisenberg2D_cylinder_0.5_0.5_rand,outer,1,SA,0.1,Single,No_Kink,928,245294
result_trotter_10_Heisenberg2D_cylinder_0.5_0.5_rand,outer,1,SA,0.1,Proj,No_Kink,927,373547
result_trotter_10_Heisenberg2D_cylinder_0.5_0.5_rand,outer,1,SA,1,Proj,No_Top,855,54600
result_trotter_10_Heisenberg2D_cylinder_0.5_0.5_rand,outer,1,SA,1,Single,No_MSF,586,37250
result_trotter_10_Heisenberg2D_cylinder_0.5_0.5_rand,outer,1,SA,0.1,Proj,Yes_Kink,936,359042
result_trotter_10_Heisenberg2D_cylinder_0.5_0.5_rand,outer,1,naive,0,Double,No_MSF,566,35432
result_trotter_10_Heisenberg2D_cylinder_0.5_0.5_rand,outer,1,SA,1,Single,No_Top,904,119152
result_trotter_10_Heisenberg2D_cylinder_0.5_0.5_rand,outer,1,SA,1,Double,No_Kink,896,264004
result_trotter_10_Heisenberg2D_cylinder_0.5_0.5_rand,outer,1,SA,1,Double,Yes_Kink,914,273233
result_trotter_10_Heisenberg2D_cylinder_0.5_0.5_rand,outer,1,SA,1,Single,No_Kink,928,243184
result_trotter_10_Heisenberg2D_cylinder_0.5_0.5_rand,outer,1,naive,0,Proj,No_MSF,246,4440
result_trotter_10_Heisenberg2D_cylinder_0.5_0.5_rand,outer,1,naive,0,Double,No_Top,898,118545
result_trotter_10_Heisenberg2D_cylinder_0.5_0.5_rand,outer,1,naive,0,Proj,No_Top,855,54600
result_trotter_10_Heisenberg2D_cylinder_0.5_0.5_rand,outer,1,SA,1,Proj,No_Kink,932,372376
result_trotter_10_Heisenberg2D_cylinder_0.5_0.5_rand,outer,1,naive,0,Double,No_Kink,925,295126
result_trotter_10_Heisenberg2D_cylinder_0.5_0.5_rand,outer,1,SA,1,Proj,Yes_Kink,936,359872
result_trotter_10_Heisenberg2D_cylinder_0.5_0.5_rand,outer,1,naive,0,Single,No_Top,904,119152
result_trotter_10_Heisenberg2D_cylinder_0.5_0.5_rand,outer,1,naive,0,Double,Yes_Kink,952,297875
result_trotter_10_Heisenberg2D_cylinder_0.5_0.5_rand,outer,1,naive,0,Single,No_MSF,586,37250
result_trotter_10_Heisenberg2D_cylinder_0.5_0.5_rand,outer,1,random,0,Double,No_MSF,566,35432
result_trotter_10_Heisenberg2D_cylinder_0.5_0.5_rand,outer,1,random,0,Double,No_Top,898,118545
result_trotter_10_Heisenberg2D_cylinder_0.5_0.5_rand,outer,1,random,0,Proj,No_MSF,246,4440
result_trotter_10_Heisenberg2D_cylinder_0.5_0.5_rand,outer,1,naive,0,Single,No_Kink,1015,275186
result_trotter_10_Heisenberg2D_cylinder_0.5_0.5_rand,outer,1,random,0,Proj,No_Top,855,54600
result_trotter_10_Heisenberg2D_cylinder_0.5_0.5_rand,outer,1,naive,0,Proj,Yes_Kink,964,368537
result_trotter_10_Heisenberg2D_cylinder_0.5_0.5_rand,outer,1,naive,0,Proj,No_Kink,944,374193
result_trotter_10_Heisenberg2D_cylinder_0.5_0.5_rand,outer,1,random,0,Single,No_MSF,586,37250
result_trotter_10_Heisenberg2D_cylinder_0.5_0.5_rand,outer,1,random,0,Double,No_Kink,932,300786
result_trotter_10_Heisenberg2D_cylinder_0.5_0.5_rand,outer,1,random,0,Single,No_Top,904,119152
result_trotter_10_Heisenberg2D_cylinder_0.5_0.5_rand,outer,1,random,0,Double,Yes_Kink,965,304734
result_trotter_10_Heisenberg2D_cylinder_0.5_0.5_rand,outer,2,SA,0.001,Double,No_MSF,566,35432
result_trotter_10_Heisenberg2D_cylinder_0.5_0.5_rand,outer,2,SA,0.001,Double,No_Top,898,118545
result_trotter_10_Heisenberg2D_cylinder_0.5_0.5_rand,outer,2,SA,0.001,Proj,No_MSF,246,4440
result_trotter_10_Heisenberg2D_cylinder_0.5_0.5_rand,outer,2,SA,0.001,Proj,No_Top,855,54600
result_trotter_10_Heisenberg2D_cylinder_0.5_0.5_rand,outer,1,random,0,Single,No_Kink,1026,279376
result_trotter_10_Heisenberg2D_cylinder_0.5_0.5_rand,outer,2,SA,0.001,Double,No_Kink,898,265562
result_trotter_10_Heisenberg2D_cylinder_0.5_0.5_rand,outer,1,random,0,Proj,No_Kink,940,377395
result_trotter_10_Heisenberg2D_cylinder_0.5_0.5_rand,outer,2,SA,0.001,Single,No_MSF,586,37250
result_trotter_10_Heisenberg2D_cylinder_0.5_0.5_rand,outer,1,random,0,Proj,Yes_Kink,973,373684
result_trotter_10_Heisenberg2D_cylinder_0.5_0.5_rand,outer,2,SA,0.001,Single,No_Top,904,119152
result_trotter_10_Heisenberg2D_cylinder_0.5_0.5_rand,outer,2,SA,0.01,Double,No_MSF,566,35432
result_trotter_10_Heisenberg2D_cylinder_0.5_0.5_rand,outer,2,SA,0.001,Double,Yes_Kink,895,274929
result_trotter_10_Heisenberg2D_cylinder_0.5_0.5_rand,outer,2,SA,0.01,Double,No_Top,898,118545
result_trotter_10_Heisenberg2D_cylinder_0.5_0.5_rand,outer,2,SA,0.001,Single,No_Kink,910,261042
result_trotter_10_Heisenberg2D_cylinder_0.5_0.5_rand,outer,2,SA,0.01,Proj,No_MSF,246,4440
result_trotter_10_Heisenberg2D_cylinder_0.5_0.5_rand,outer,2,SA,0.01,Double,No_Kink,897,270880
result_trotter_10_Heisenberg2D_cylinder_0.5_0.5_rand,outer,2,SA,0.01,Proj,No_Top,855,54600
result_trotter_10_Heisenberg2D_cylinder_0.5_0.5_rand,outer,2,SA,0.001,Single,Yes_Kink,918,263566
result_trotter_10_Heisenberg2D_cylinder_0.5_0.5_rand,outer,2,SA,0.01,Single,No_MSF,586,37250
result_trotter_10_Heisenberg2D_cylinder_0.5_0.5_rand,outer,2,SA,0.01,Double,Yes_Kink,897,280780
result_trotter_10_Heisenberg2D_cylinder_0.5_0.5_rand,outer,2,SA,0.001,Proj,No_Kink,884,517333
result_trotter_10_Heisenberg2D_cylinder_0.5_0.5_rand,outer,2,SA,0.01,Single,No_Top,904,119152
result_trotter_10_Heisenberg2D_cylinder_0.5_0.5_rand,outer,2,SA,0.001,Proj,Yes_Kink,886,504526
result_trotter_10_Heisenberg2D_cylinder_0.5_0.5_rand,outer,2,SA,0.1,Double,No_MSF,566,35432
result_trotter_10_Heisenberg2D_cylinder_0.5_0.5_rand,outer,2,SA,0.1,Double,No_Top,898,118545
result_trotter_10_Heisenberg2D_cylinder_0.5_0.5_rand,outer,2,SA,0.01,Single,No_Kink,911,265267
result_trotter_10_Heisenberg2D_cylinder_0.5_0.5_rand,outer,2,SA,0.1,Proj,No_MSF,246,4440
result_trotter_10_Heisenberg2D_cylinder_0.5_0.5_rand,outer,2,SA,0.01,Single,Yes_Kink,918,269533
result_trotter_10_Heisenberg2D_cylinder_0.5_0.5_rand,outer,2,SA,0.1,Proj,No_Top,855,54600
result_trotter_10_Heisenberg2D_cylinder_0.5_0.5_rand,outer,2,SA,0.1,Double,No_Kink,896,245388
result_trotter_10_Heisenberg2D_cylinder_0.5_0.5_rand,outer,2,SA,0.1,Single,No_MSF,586,37250
result_trotter_10_Heisenberg2D_cylinder_0.5_0.5_rand,outer,2,SA,0.01,Proj,No_Kink,882,518466
result_trotter_10_Heisenberg2D_cylinder_0.5_0.5_rand,outer,2,SA,0.1,Double,Yes_Kink,897,255330
result_trotter_10_Heisenberg2D_cylinder_0.5_0.5_rand,outer,2,SA,0.1,Single,No_Top,904,119152
result_trotter_10_Heisenberg2D_cylinder_0.5_0.5_rand,outer,2,SA,1,Double,No_MSF,566,35432
result_trotter_10_Heisenberg2D_cylinder_0.5_0.5_rand,outer,2,SA,0.01,Proj,Yes_Kink,885,507133
result_trotter_10_Heisenberg2D_cylinder_0.5_0.5_rand,outer,2,SA,0.1,Single,No_Kink,911,238339
result_trotter_10_Heisenberg2D_cylinder_0.5_0.5_rand,outer,2,SA,1,Double,No_Top,898,118545
result_trotter_10_Heisenberg2D_cylinder_0.5_0.5_rand,outer,2,SA,1,Proj,No_MSF,246,4440
result_trotter_10_Heisenberg2D_cylinder_0.5_0.5_rand,outer,2,SA,0.1,Single,Yes_Kink,920,242418
result_trotter_10_Heisenberg2D_cylinder_0.5_0.5_rand,outer,2,SA,1,Proj,No_Top,855,54600
result_trotter_10_Heisenberg2D_cylinder_0.5_0.5_rand,outer,2,SA,1,Double,No_Kink,894,242490
result_trotter_10_Heisenberg2D_cylinder_0.5_0.5_rand,outer,2,SA,1,Single,No_MSF,586,37250
result_trotter_10_Heisenberg2D_cylinder_0.5_0.5_rand,outer,2,SA,1,Single,No_Top,904,119152
result_trotter_10_Heisenberg2D_cylinder_0.5_0.5_rand,outer,2,SA,0.1,Proj,No_Kink,889,514235
result_trotter_10_Heisenberg2D_cylinder_0.5_0.5_rand,outer,2,naive,0,Double,No_MSF,566,35432
result_trotter_10_Heisenberg2D_cylinder_0.5_0.5_rand,outer,2,SA,1,Single,No_Kink,913,235636
result_trotter_10_Heisenberg2D_cylinder_0.5_0.5_rand,outer,2,SA,1,Double,Yes_Kink,898,254061
result_trotter_10_Heisenberg2D_cylinder_0.5_0.5_rand,outer,2,naive,0,Double,No_Top,898,118545
result_trotter_10_Heisenberg2D_cylinder_0.5_0.5_rand,outer,2,naive,0,Double,No_Kink,894,261750
result_trotter_10_Heisenberg2D_cylinder_0.5_0.5_rand,outer,2,SA,0.1,Proj,Yes_Kink,893,503315
result_trotter_10_Heisenberg2D_cylinder_0.5_0.5_rand,outer,2,naive,0,Proj,No_MSF,246,4440
result_trotter_10_Heisenberg2D_cylinder_0.5_0.5_rand,outer,2,SA,1,Single,Yes_Kink,920,239241
result_trotter_10_Heisenberg2D_cylinder_0.5_0.5_rand,outer,2,naive,0,Proj,No_Top,855,54600
result_trotter_10_Heisenberg2D_cylinder_0.5_0.5_rand,outer,2,naive,0,Single,No_MSF,586,37250
result_trotter_10_Heisenberg2D_cylinder_0.5_0.5_rand,outer,2,naive,0,Single,No_Top,904,119152
result_trotter_10_Heisenberg2D_cylinder_0.5_0.5_rand,outer,2,naive,0,Single,No_Kink,935,250037
result_trotter_10_Heisenberg2D_cylinder_0.5_0.5_rand,outer,2,naive,0,Double,Yes_Kink,906,269471
result_trotter_10_Heisenberg2D_cylinder_0.5_0.5_rand,outer,2,SA,1,Proj,Yes_Kink,893,505051
result_trotter_10_Heisenberg2D_cylinder_0.5_0.5_rand,outer,2,SA,1,Proj,No_Kink,886,515764
result_trotter_10_Heisenberg2D_cylinder_0.5_0.5_rand,outer,2,random,0,Double,No_MSF,566,35432
result_trotter_10_Heisenberg2D_cylinder_0.5_0.5_rand,outer,2,random,0,Double,No_Top,898,118545
result_trotter_10_Heisenberg2D_cylinder_0.5_0.5_rand,outer,2,random,0,Proj,No_MSF,246,4440
result_trotter_10_Heisenberg2D_cylinder_0.5_0.5_rand,outer,2,random,0,Proj,No_Top,855,54600
result_trotter_10_Heisenberg2D_cylinder_0.5_0.5_rand,outer,2,naive,0,Single,Yes_Kink,938,253383
result_trotter_10_Heisenberg2D_cylinder_0.5_0.5_rand,outer,2,naive,0,Proj,No_Kink,972,563128
result_trotter_10_Heisenberg2D_cylinder_0.5_0.5_rand,outer,2,random,0,Double,No_Kink,894,288773
result_trotter_10_Heisenberg2D_cylinder_0.5_0.5_rand,outer,2,random,0,Single,No_MSF,586,37250
result_trotter_10_Heisenberg2D_cylinder_0.5_0.5_rand,outer,2,random,0,Double,Yes_Kink,900,292942
result_trotter_10_Heisenberg2D_cylinder_0.5_0.5_rand,outer,2,random,0,Single,No_Top,904,119152
result_trotter_10_Heisenberg2D_cylinder_0.5_0.5_rand,outer,2,random,0,Single,No_Kink,932,274227
result_trotter_10_Heisenberg2D_cylinder_0.5_0.5_rand,outer,2,naive,0,Proj,Yes_Kink,986,553162
result_trotter_20_Heisenberg2D_cylinder_0.5_0.5_det,inner,1,SA,0.001,Double,No_MSF,315,72191
result_trotter_20_Heisenberg2D_cylinder_0.5_0.5_det,inner,1,SA,0.001,Double,No_Top,1868,899024
result_trotter_10_Heisenberg2D_cylinder_0.5_0.5_rand,outer,2,random,0,Single,Yes_Kink,937,277849
result_trotter_10_Heisenberg2D_cylinder_0.5_0.5_rand,outer,2,random,0,Proj,No_Kink,965,564020
result_trotter_20_Heisenberg2D_cylinder_0.5_0.5_det,inner,1,SA,0.001,Proj,No_MSF,246,18468
result_trotter_10_Heisenberg2D_cylinder_0.5_0.5_rand,outer,2,random,0,Proj,Yes_Kink,968,551572
result_trotter_20_Heisenberg2D_cylinder_0.5_0.5_det,inner,1,SA,0.001,Single,No_MSF,318,73320
result_trotter_20_Heisenberg2D_cylinder_0.5_0.5_det,inner,1,SA,0.001,Proj,No_Top,1839,224388
result_trotter_20_Heisenberg2D_cylinder_0.5_0.5_det,inner,1,SA,0.001,Single,No_Top,1870,899992
result_trotter_20_Heisenberg2D_cylinder_0.5_0.5_det,inner,1,SA,0.01,Double,No_MSF,315,72191
result_trotter_20_Heisenberg2D_cylinder_0.5_0.5_det,inner,1,SA,0.01,Double,No_Top,1868,899024
result_trotter_20_Heisenberg2D_cylinder_0.5_0.5_det,inner,1,SA,0.001,Double,Yes_Kink,1918,2133573
result_trotter_20_Heisenberg2D_cylinder_0.5_0.5_det,inner,1,SA,0.001,Single,No_Kink,1912,1821146
result_trotter_20_Heisenberg2D_cylinder_0.5_0.5_det,inner,1,SA,0.01,Double,No_Kink,1897,1757671
result_trotter_20_Heisenberg2D_cylinder_0.5_0.5_det,inner,1,SA,0.001,Double,No_Kink,1904,1956211
result_trotter_20_Heisenberg2D_cylinder_0.5_0.5_det,inner,1,SA,0.01,Proj,No_MSF,246,18468
result_trotter_20_Heisenberg2D_cylinder_0.5_0.5_det,inner,1,SA,0.01,Proj,No_Top,1839,224388
result_trotter_20_Heisenberg2D_cylinder_0.5_0.5_det,inner,1,SA,0.01,Single,No_MSF,318,73320
result_trotter_20_Heisenberg2D_cylinder_0.5_0.5_det,inner,1,SA,0.01,Single,No_Top,1870,899992
result_trotter_20_Heisenberg2D_cylinder_0.5_0.5_det,inner,1,SA,0.01,Double,Yes_Kink,1908,2055061
result_trotter_20_Heisenberg2D_cylinder_0.5_0.5_det,inner,1,SA,0.1,Double,No_MSF,315,72191
result_trotter_20_Heisenberg2D_cylinder_0.5_0.5_det,inner,1,SA,0.1,Double,No_Top,1868,899024
result_trotter_20_Heisenberg2D_cylinder_0.5_0.5_det,inner,1,SA,0.001,Proj,No_Kink,2298,3388371
result_trotter_20_Heisenberg2D_cylinder_0.5_0.5_det,inner,1,SA,0.01,Single,No_Kink,1904,1776536
result_trotter_20_Heisenberg2D_cylinder_0.5_0.5_det,inner,1,SA,0.1,Double,No_Kink,1895,1597098
result_trotter_20_Heisenberg2D_cylinder_0.5_0.5_det,inner,1,SA,0.1,Proj,No_MSF,246,18468
result_trotter_20_Heisenberg2D_cylinder_0.5_0.5_det,inner,1,SA,0.1,Proj,No_Top,1839,224388
result_trotter_20_Heisenberg2D_cylinder_0.5_0.5_det,inner,1,SA,0.001,Proj,Yes_Kink,2399,3376257
result_trotter_20_Heisenberg2D_cylinder_0.5_0.5_det,inner,1,SA,0.01,Proj,No_Kink,2054,3017679
result_trotter_20_Heisenberg2D_cylinder_0.5_0.5_det,inner,1,SA,0.1,Single,No_MSF,318,73320
result_trotter_20_Heisenberg2D_cylinder_0.5_0.5_det,inner,1,SA,0.1,Single,No_Top,1870,899992
result_trotter_20_Heisenberg2D_cylinder_0.5_0.5_det,inner,1,SA,0.1,Double,Yes_Kink,1906,1991202
result_trotter_20_Heisenberg2D_cylinder_0.5_0.5_det,inner,1,SA,1,Double,No_MSF,315,72191
result_trotter_20_Heisenberg2D_cylinder_0.5_0.5_det,inner,1,SA,0.01,Proj,Yes_Kink,2087,2933253
result_trotter_20_Heisenberg2D_cylinder_0.5_0.5_det,inner,1,SA,1,Double,No_Top,1868,899024
result_trotter_20_Heisenberg2D_cylinder_0.5_0.5_det,inner,1,SA,1,Proj,No_MSF,246,18468
result_trotter_20_Heisenberg2D_cylinder_0.5_0.5_det,inner,1,SA,1,Proj,No_Top,1839,224388
result_trotter_20_Heisenberg2D_cylinder_0.5_0.5_det,inner,1,SA,1,Double,No_Kink,1897,1525377
result_trotter_20_Heisenberg2D_cylinder_0.5_0.5_det,inner,1,SA,0.1,Single,No_Kink,1906,1688788
result_trotter_20_Heisenberg2D_cylinder_0.5_0.5_det,inner,1,SA,1,Single,No_MSF,318,73320
result_trotter_20_Heisenberg2D_cylinder_0.5_0.5_det,inner,1,SA,1,Single,No_Top,1870,899992
result_trotter_20_Heisenberg2D_cylinder_0.5_0.5_det,inner,1,naive,0,Double,No_MSF,315,72191
result_trotter_20_Heisenberg2D_cylinder_0.5_0.5_det,inner,1,SA,1,Double,Yes_Kink,1904,1848530
result_trotter_20_Heisenberg2D_cylinder_0.5_0.5_det,inner,1,SA,0.1,Proj,No_Kink,1956,2865805
result_trotter_20_Heisenberg2D_cylinder_0.5_0.5_det,inner,1,SA,1,Single,No_Kink,1903,1615943
result_trotter_20_Heisenberg2D_cylinder_0.5_0.5_det,inner,1,naive,0,Double,No_Top,1868,899024
result_trotter_20_Heisenberg2D_cylinder_0.5_0.5_det,inner,1,naive,0,Proj,No_MSF,246,18468
result_trotter_20_Heisenberg2D_cylinder_0.5_0.5_det,inner,1,SA,0.1,Proj,Yes_Kink,1964,2731562
result_trotter_20_Heisenberg2D_cylinder_0.5_0.5_det,inner,1,naive,0,Proj,No_Top,1839,224388
result_trotter_20_Heisenberg2D_cylinder_0.5_0.5_det,inner,1,naive,0,Single,No_MSF,318,73320
result_trotter_20_Heisenberg2D_cylinder_0.5_0.5_det,inner,1,naive,0,Double,No_Kink,1946,2043665
result_trotter_20_Heisenberg2D_cylinder_0.5_0.5_det,inner,1,naive,0,Single,No_Top,1870,899992
result_trotter_20_Heisenberg2D_cylinder_0.5_0.5_det,inner,1,SA,1,Proj,No_Kink,1889,2769770
result_trotter_20_Heisenberg2D_cylinder_0.5_0.5_det,inner,1,SA,1,Proj,Yes_Kink,1895,2605163
result_trotter_20_Heisenberg2D_cylinder_0.5_0.5_det,inner,1,random,0,Double,No_MSF,315,72191
result_trotter_20_Heisenberg2D_cylinder_0.5_0.5_det,inner,1,naive,0,Double,Yes_Kink,1963,2163079
result_trotter_20_Heisenberg2D_cylinder_0.5_0.5_det,inner,1,random,0,Double,No_Top,1868,899024
result_trotter_20_Heisenberg2D_cylinder_0.5_0.5_det,inner,1,random,0,Proj,No_MSF,246,18468
result_trotter_20_Heisenberg2D_cylinder_0.5_0.5_det,inner,1,naive,0,Single,No_Kink,1980,1853406
result_trotter_20_Heisenberg2D_cylinder_0.5_0.5_det,inner,1,random,0,Proj,No_Top,1839,224388
result_trotter_20_Heisenberg2D_cylinder_0.5_0.5_det,inner,1,random,0,Single,No_MSF,318,73320
result_trotter_20_Heisenberg2D_cylinder_0.5_0.5_det,inner,1,random,0,Single,No_Top,1870,899992
result_trotter_20_Heisenberg2D_cylinder_0.5_0.5_det,inner,1,random,0,Double,No_Kink,2106,1975933
result_trotter_20_Heisenberg2D_cylinder_0.5_0.5_det,inner,1,random,0,Double,Yes_Kink,2135,2016273
result_trotter_20_Heisenberg2D_cylinder_0.5_0.5_det,inner,2,SA,0.001,Double,No_MSF,315,72191
result_trotter_20_Heisenberg2D_cylinder_0.5_0.5_det,inner,1,naive,0,Proj,No_Kink,1978,2972156
result_trotter_20_Heisenberg2D_cylinder_0.5_0.5_det,inner,1,random,0,Single,No_Kink,2239,1930961
result_trotter_20_Heisenberg2D_cylinder_0.5_0.5_det,inner,2,SA,0.001,Double,No_Top,1868,899024
result_trotter_20_Heisenberg2D_cylinder_0.5_0.5_det,inner,2,SA,0.001,Proj,No_MSF,246,18468
result_trotter_20_Heisenberg2D_cylinder_0.5_0.5_det,inner,1,naive,0,Proj,Yes_Kink,1988,2925389
result_trotter_20_Heisenberg2D_cylinder_0.5_0.5_det,inner,2,SA,0.001,Proj,No_Top,1839,224388
result_trotter_20_Heisenberg2D_cylinder_0.5_0.5_det,inner,2,SA,0.001,Double,No_Kink,1883,1504775
result_trotter_20_Heisenberg2D_cylinder_0.5_0.5_det,inner,2,SA,0.001,Single,No_MSF,318,73320
result_trotter_20_Heisenberg2D_cylinder_0.5_0.5_det,inner,2,SA,0.001,Single,No_Top,1870,899992
result_trotter_20_Heisenberg2D_cylinder_0.5_0.5_det,inner,2,SA,0.001,Double,Yes_Kink,1886,1538021
result_trotter_20_Heisenberg2D_cylinder_0.5_0.5_det,inner,2,SA,0.01,Double,No_MSF,315,72191
result_trotter_20_Heisenberg2D_cylinder_0.5_0.5_det,inner,1,random,0,Proj,No_Kink,2132,3133394
result_trotter_20_Heisenberg2D_cylinder_0.5_0.5_det,inner,2,SA,0.001,Single,No_Kink,1885,1496265
result_trotter_20_Heisenberg2D_cylinder_0.5_0.5_det,inner,1,random,0,Proj,Yes_Kink,2156,3022563
result_trotter_20_Heisenberg2D_cylinder_0.5_0.5_det,inner,2,SA,0.01,Double,No_Top,1868,899024
result_trotter_20_Heisenberg2D_cylinder_0.5_0.5_det,inner,2,SA,0.001,Single,Yes_Kink,1894,1490144
result_trotter_20_Heisenberg2D_cylinder_0.5_0.5_det,inner,2,SA,0.01,Proj,No_MSF,246,18468
result_trotter_20_Heisenberg2D_cylinder_0.5_0.5_det,inner,2,SA,0.01,Proj,No_Top,1839,224388
result_trotter_20_Heisenberg2D_cylinder_0.5_0.5_det,inner,2,SA,0.01,Single,No_MSF,318,73320
result_trotter_20_Heisenberg2D_cylinder_0.5_0.5_det,inner,2,SA,0.01,Double,Yes_Kink,1885,1553930
result_trotter_20_Heisenberg2D_cylinder_0.5_0.5_det,inner,2,SA,0.01,Single,No_Top,1870,899992
result_trotter_20_Heisenberg2D_cylinder_0.5_0.5_det,inner,2,SA,0.01,Double,No_Kink,1881,1513029
result_trotter_20_Heisenberg2D_cylinder_0.5_0.5_det,inner,2,SA,0.01,Single,No_Kink,1883,1413608
result_trotter_20_Heisenberg2D_cylinder_0.5_0.5_det,inner,2,SA,0.1,Double,No_MSF,315,72191
result_trotter_20_Heisenberg2D_cylinder_0.5_0.5_det,inner,2,SA,0.001,Proj,No_Kink,1919,3408055
result_trotter_20_Heisenberg2D_cylinder_0.5_0.5_det,inner,2,SA,0.1,Double,No_Top,1868,899024
result_trotter_20_Heisenberg2D_cylinder_0.5_0.5_det,inner,2,SA,0.1,Double,No_Kink,1878,1399040
result_trotter_20_Heisenberg2D_cylinder_0.5_0.5_det,inner,2,SA,0.1,Proj,No_MSF,246,18468
result_trotter_20_Heisenberg2D_cylinder_0.5_0.5_det,inner,2,SA,0.01,Single,Yes_Kink,1891,1485749
result_trotter_20_Heisenberg2D_cylinder_0.5_0.5_det,inner,2,SA,0.1,Double,Yes_Kink,1881,1427317
result_trotter_20_Heisenberg2D_cylinder_0.5_0.5_det,inner,2,SA,0.1,Proj,No_Top,1839,224388
result_trotter_20_Heisenberg2D_cylinder_0.5_0.5_det,inner,2,SA,0.001,Proj,Yes_Kink,1923,3303514
result_trotter_20_Heisenberg2D_cylinder_0.5_0.5_det,inner,2,SA,0.1,Single,No_MSF,318,73320
result_trotter_20_Heisenberg2D_cylinder_0.5_0.5_det,inner,2,SA,0.1,Single,No_Top,1870,899992
result_trotter_20_Heisenberg2D_cylinder_0.5_0.5_det,inner,2,SA,1,Double,No_MSF,315,72191
result_trotter_20_Heisenberg2D_cylinder_0.5_0.5_det,inner,2,SA,0.1,Single,No_Kink,1880,1314803
result_trotter_20_Heisenberg2D_cylinder_0.5_0.5_det,inner,2,SA,1,Double,No_Top,1868,899024
result_trotter_20_Heisenberg2D_cylinder_0.5_0.5_det,inner,2,SA,0.1,Single,Yes_Kink,1889,1362240
result_trotter_20_Heisenberg2D_cylinder_0.5_0.5_det,inner,2,SA,0.01,Proj,No_Kink,1920,3402834
result_trotter_20_Heisenberg2D_cylinder_0.5_0.5_det,inner,2,SA,1,Double,No_Kink,1884,1340296
result_trotter_20_Heisenberg2D_cylinder_0.5_0.5_det,inner,2,SA,1,Proj,No_MSF,246,18468
result_trotter_20_Heisenberg2D_cylinder_0.5_0.5_det,inner,2,SA,1,Proj,No_Top,1839,224388
result_trotter_20_Heisenberg2D_cylinder_0.5_0.5_det,inner,2,SA,1,Double,Yes_Kink,1886,1360960
result_trotter_20_Heisenberg2D_cylinder_0.5_0.5_det,inner,2,SA,0.01,Proj,Yes_Kink,1922,3286577
result_trotter_20_Heisenberg2D_cylinder_0.5_0.5_det,inner,2,SA,1,Single,No_MSF,318,73320
result_trotter_20_Heisenberg2D_cylinder_0.5_0.5_det,inner,2,SA,1,Single,No_Top,1870,899992
result_trotter_20_Heisenberg2D_cylinder_0.5_0.5_det,inner,2,naive,0,Double,No_MSF,315,72191
result_trotter_20_Heisenberg2D_cylinder_0.5_0.5_det,inner,2,SA,1,Single,No_Kink,1886,1272496
result_trotter_20_Heisenberg2D_cylinder_0.5_0.5_det,inner,2,SA,0.1,Proj,No_Kink,1871,3309330
result_trotter_20_Heisenberg2D_cylinder_0.5_0.5_det,inner,2,naive,0,Double,No_Top,1868,899024
result_trotter_20_Heisenberg2D_cylinder_0.5_0.5_det,inner,2,SA,1,Single,Yes_Kink,1894,1321739
result_trotter_20_Heisenberg2D_cylinder_0.5_0.5_det,inner,2,naive,0,Proj,No_MSF,246,18468
result_trotter_20_Heisenberg2D_cylinder_0.5_0.5_det,inner,2,SA,0.1,Proj,Yes_Kink,1876,3194244
result_trotter_20_Heisenberg2D_cylinder_0.5_0.5_det,inner,2,naive,0,Proj,No_Top,1839,224388
result_trotter_20_Heisenberg2D_cylinder_0.5_0.5_det,inner,2,naive,0,Single,No_MSF,318,73320
result_trotter_20_Heisenberg2D_cylinder_0.5_0.5_det,inner,2,naive,0,Double,No_Kink,1915,1904089
result_trotter_20_Heisenberg2D_cylinder_0.5_0.5_det,inner,2,naive,0,Single,No_Top,1870,899992
result_trotter_20_Heisenberg2D_cylinder_0.5_0.5_det,inner,2,naive,0,Double,Yes_Kink,1924,1958900
result_trotter_20_Heisenberg2D_cylinder_0.5_0.5_det,inner,2,random,0,Double,No_MSF,315,72191
result_trotter_20_Heisenberg2D_cylinder_0.5_0.5_det,inner,2,SA,1,Proj,No_Kink,1898,3295018
result_trotter_20_Heisenberg2D_cylinder_0.5_0.5_det,inner,2,random,0,Double,No_Top,1868,899024
result_trotter_20_Heisenberg2D_cylinder_0.5_0.5_det,inner,2,naive,0,Single,No_Kink,1928,1874369
result_trotter_20_Heisenberg2D_cylinder_0.5_0.5_det,inner,2,SA,1,Proj,Yes_Kink,1903,3197677
result_trotter_20_Heisenberg2D_cylinder_0.5_0.5_det,inner,2,random,0,Proj,No_MSF,246,18468
result_trotter_20_Heisenberg2D_cylinder_0.5_0.5_det,inner,2,random,0,Proj,No_Top,1839,224388
result_trotter_20_Heisenberg2D_cylinder_0.5_0.5_det,inner,2,naive,0,Single,Yes_Kink,1940,1903544
result_trotter_20_Heisenberg2D_cylinder_0.5_0.5_det,inner,2,random,0,Double,No_Kink,1978,1718339
result_trotter_20_Heisenberg2D_cylinder_0.5_0.5_det,inner,2,random,0,Single,No_MSF,318,73320
result_trotter_20_Heisenberg2D_cylinder_0.5_0.5_det,inner,2,random,0,Single,No_Top,1870,899992
result_trotter_20_Heisenberg2D_cylinder_0.5_0.5_det,inner,2,random,0,Double,Yes_Kink,1986,1735422
result_trotter_20_Heisenberg2D_cylinder_0.5_0.5_det,inner,2,random,0,Single,No_Kink,2008,1655615
result_trotter_20_Heisenberg2D_cylinder_0.5_0.5_det,outer,1,SA,0.001,Double,No_MSF,315,72191
result_trotter_20_Heisenberg2D_cylinder_0.5_0.5_det,outer,1,SA,0.001,Double,No_Top,1868,899024
result_trotter_20_Heisenberg2D_cylinder_0.5_0.5_det,inner,2,naive,0,Proj,No_Kink,2003,3629590
result_trotter_20_Heisenberg2D_cylinder_0.5_0.5_det,inner,2,random,0,Single,Yes_Kink,2020,1669367
result_trotter_20_Heisenberg2D_cylinder_0.5_0.5_det,inner,2,naive,0,Proj,Yes_Kink,2010,3595397
result_trotter_20_Heisenberg2D_cylinder_0.5_0.5_det,outer,1,SA,0.001,Proj,No_MSF,246,18468
result_trotter_20_Heisenberg2D_cylinder_0.5_0.5_det,outer,1,SA,0.001,Proj,No_Top,1839,224388
result_trotter_20_Heisenberg2D_cylinder_0.5_0.5_det,outer,1,SA,0.001,Double,No_Kink,1898,1837196
result_trotter_20_Heisenberg2D_cylinder_0.5_0.5_det,outer,1,SA,0.001,Single,No_MSF,318,73320
result_trotter_20_Heisenberg2D_cylinder_0.5_0.5_det,outer,1,SA,0.001,Single,No_Top,1870,899992
result_trotter_20_Heisenberg2D_cylinder_0.5_0.5_det,outer,1,SA,0.01,Double,No_MSF,315,72191
result_trotter_20_Heisenberg2D_cylinder_0.5_0.5_det,outer,1,SA,0.01,Double,No_Top,1868,899024
result_trotter_20_Heisenberg2D_cylinder_0.5_0.5_det,outer,1,SA,0.001,Single,No_Kink,1908,1825409
result_trotter_20_Heisenberg2D_cylinder_0.5_0.5_det,inner,2,random,0,Proj,Yes_Kink,1992,3437995
result_trotter_20_Heisenberg2D_cylinder_0.5_0.5_det,outer,1,SA,0.001,Double,Yes_Kink,1915,2157764
result_trotter_20_Heisenberg2D_cylinder_0.5_0.5_det,inner,2,random,0,Proj,No_Kink,1984,3544065
result_trotter_20_Heisenberg2D_cylinder_0.5_0.5_det,outer,1,SA,0.01,Proj,No_MSF,246,18468
result_trotter_20_Heisenberg2D_cylinder_0.5_0.5_det,outer,1,SA,0.01,Proj,No_Top,1839,224388
result_trotter_20_Heisenberg2D_cylinder_0.5_0.5_det,outer,1,SA,0.01,Single,No_MSF,318,73320
result_trotter_20_Heisenberg2D_cylinder_0.5_0.5_det,outer,1,SA,0.01,Double,No_Kink,1901,1872616
result_trotter_20_Heisenberg2D_cylinder_0.5_0.5_det,outer,1,SA,0.01,Single,No_Top,1870,899992
result_trotter_20_Heisenberg2D_cylinder_0.5_0.5_det,outer,1,SA,0.001,Proj,No_Kink,1932,2918114
result_trotter_20_Heisenberg2D_cylinder_0.5_0.5_det,outer,1,SA,0.1,Double,No_MSF,315,72191
result_trotter_20_Heisenberg2D_cylinder_0.5_0.5_det,outer,1,SA,0.001,Proj,Yes_Kink,1939,2857539
result_trotter_20_Heisenberg2D_cylinder_0.5_0.5_det,outer,1,SA,0.1,Double,No_Top,1868,899024
result_trotter_20_Heisenberg2D_cylinder_0.5_0.5_det,outer,1,SA,0.01,Single,No_Kink,1910,1810284
result_trotter_20_Heisenberg2D_cylinder_0.5_0.5_det,outer,1,SA,0.1,Proj,No_MSF,246,18468
result_trotter_20_Heisenberg2D_cylinder_0.5_0.5_det,outer,1,SA,0.01,Double,Yes_Kink,1915,2151338
result_trotter_20_Heisenberg2D_cylinder_0.5_0.5_det,outer,1,SA,0.1,Proj,No_Top,1839,224388
result_trotter_20_Heisenberg2D_cylinder_0.5_0.5_det,outer,1,SA,0.1,Double,No_Kink,1900,1870058
result_trotter_20_Heisenberg2D_cylinder_0.5_0.5_det,outer,1,SA,0.1,Single,No_MSF,318,73320
result_trotter_20_Heisenberg2D_cylinder_0.5_0.5_det,outer,1,SA,0.1,Single,No_Top,1870,899992
result_trotter_20_Heisenberg2D_cylinder_0.5_0.5_det,outer,1,SA,0.01,Proj,No_Kink,1935,2912868
result_trotter_20_Heisenberg2D_cylinder_0.5_0.5_det,outer,1,SA,1,Double,No_MSF,315,72191
result_trotter_20_Heisenberg2D_cylinder_0.5_0.5_det,outer,1,SA,0.01,Proj,Yes_Kink,1942,2850868
result_trotter_20_Heisenberg2D_cylinder_0.5_0.5_det,outer,1,SA,1,Double,No_Top,1868,899024
result_trotter_20_Heisenberg2D_cylinder_0.5_0.5_det,outer,1,SA,1,Proj,No_MSF,246,18468
result_trotter_20_Heisenberg2D_cylinder_0.5_0.5_det,outer,1,SA,0.1,Double,Yes_Kink,1917,2197119
result_trotter_20_Heisenberg2D_cylinder_0.5_0.5_det,outer,1,SA,0.1,Single,No_Kink,1910,1831442
result_trotter_20_Heisenberg2D_cylinder_0.5_0.5_det,outer,1,SA,1,Proj,No_Top,1839,224388
result_trotter_20_Heisenberg2D_cylinder_0.5_0.5_det,outer,1,SA,1,Double,No_Kink,1910,1829283
result_trotter_20_Heisenberg2D_cylinder_0.5_0.5_det,outer,1,SA,1,Single,No_MSF,318,73320
result_trotter_20_Heisenberg2D_cylinder_0.5_0.5_det,outer,1,SA,0.1,Proj,No_Kink,1932,2912949
result_trotter_20_Heisenberg2D_cylinder_0.5_0.5_det,outer,1,naive,0,Double,No_MSF,315,72191
result_trotter_20_Heisenberg2D_cylinder_0.5_0.5_det,outer,1,SA,1,Single,No_Top,1870,899992
result_trotter_20_Heisenberg2D_cylinder_0.5_0.5_det,outer,1,SA,0.1,Proj,Yes_Kink,1939,2856729
result_trotter_20_Heisenberg2D_cylinder_0.5_0.5_det,outer,1,naive,0,Double,No_Top,1868,899024
result_trotter_20_Heisenberg2D_cylinder_0.5_0.5_det,outer,1,SA,1,Double,Yes_Kink,1923,2175716
result_trotter_20_Heisenberg2D_cylinder_0.5_0.5_det,outer,1,SA,1,Single,No_Kink,1920,1807711
result_trotter_20_Heisenberg2D_cylinder_0.5_0.5_det,outer,1,naive,0,Proj,No_MSF,246,18468
result_trotter_20_Heisenberg2D_cylinder_0.5_0.5_det,outer,1,naive,0,Proj,No_Top,1839,224388
result_trotter_20_Heisenberg2D_cylinder_0.5_0.5_det,outer,1,naive,0,Single,No_MSF,318,73320
result_trotter_20_Heisenberg2D_cylinder_0.5_0.5_det,outer,1,naive,0,Single,No_Top,1870,899992
result_trotter_20_Heisenberg2D_cylinder_0.5_0.5_det,outer,1,SA,1,Proj,No_Kink,1943,2907417
result_trotter_20_Heisenberg2D_cylinder_0.5_0.5_det,outer,1,naive,0,Double,No_Kink,1946,2043665
result_trotter_20_Heisenberg2D_cylinder_0.5_0.5_det,outer,1,random,0,Double,No_MSF,315,72191
result_trotter_20_Heisenberg2D_cylinder_0.5_0.5_det,outer,1,naive,0,Double,Yes_Kink,1963,2163079
result_trotter_20_Heisenberg2D_cylinder_0.5_0.5_det,outer,1,SA,1,Proj,Yes_Kink,1949,2845435
result_trotter_20_Heisenberg2D_cylinder_0.5_0.5_det,outer,1,random,0,Double,No_Top,1868,899024
result_trotter_20_Heisenberg2D_cylinder_0.5_0.5_det,outer,1,random,0,Proj,No_MSF,246,18468
result_trotter_20_Heisenberg2D_cylinder_0.5_0.5_det,outer,1,naive,0,Single,No_Kink,1980,1853406
result_trotter_20_Heisenberg2D_cylinder_0.5_0.5_det,outer,1,random,0,Proj,No_Top,1839,224388
result_trotter_20_Heisenberg2D_cylinder_0.5_0.5_det,outer,1,random,0,Single,No_MSF,318,73320
result_trotter_20_Heisenberg2D_cylinder_0.5_0.5_det,outer,1,random,0,Single,No_Top,1870,899992
result_trotter_20_Heisenberg2D_cylinder_0.5_0.5_det,outer,1,naive,0,Proj,No_Kink,1978,2972156
result_trotter_20_Heisenberg2D_cylinder_0.5_0.5_det,outer,1,naive,0,Proj,Yes_Kink,1988,2925389
result_trotter_20_Heisenberg2D_cylinder_0.5_0.5_det,outer,2,SA,0.001,Double,No_MSF,315,72191
result_trotter_20_Heisenberg2D_cylinder_0.5_0.5_det,outer,1,random,0,Double,No_Kink,2152,2298212
result_trotter_20_Heisenberg2D_cylinder_0.5_0.5_det,outer,2,SA,0.001,Double,No_Top,1868,899024
result_trotter_20_Heisenberg2D_cylinder_0.5_0.5_det,outer,1,random,0,Double,Yes_Kink,2174,2319995
result_trotter_20_Heisenberg2D_cylinder_0.5_0.5_det,outer,2,SA,0.001,Proj,No_MSF,246,18468
result_trotter_20_Heisenberg2D_cylinder_0.5_0.5_det,outer,2,SA,0.001,Proj,No_Top,1839,224388
result_trotter_20_Heisenberg2D_cylinder_0.5_0.5_det,outer,1,random,0,Single,No_Kink,2293,2182011
result_trotter_20_Heisenberg2D_cylinder_0.5_0.5_det,outer,2,SA,0.001,Single,No_MSF,318,73320
result_trotter_20_Heisenberg2D_cylinder_0.5_0.5_det,outer,2,SA,0.001,Double,No_Kink,1881,1881971
result_trotter_20_Heisenberg2D_cylinder_0.5_0.5_det,outer,2,SA,0.001,Single,No_Top,1870,899992
result_trotter_20_Heisenberg2D_cylinder_0.5_0.5_det,outer,1,random,0,Proj,No_Kink,2113,3175693
result_trotter_20_Heisenberg2D_cylinder_0.5_0.5_det,outer,2,SA,0.001,Double,Yes_Kink,1886,1959174
result_trotter_20_Heisenberg2D_cylinder_0.5_0.5_det,outer,2,SA,0.01,Double,No_MSF,315,72191
result_trotter_20_Heisenberg2D_cylinder_0.5_0.5_det,outer,1,random,0,Proj,Yes_Kink,2141,3146342
result_trotter_20_Heisenberg2D_cylinder_0.5_0.5_det,outer,2,SA,0.01,Double,No_Top,1868,899024
result_trotter_20_Heisenberg2D_cylinder_0.5_0.5_det,outer,2,SA,0.01,Proj,No_MSF,246,18468
result_trotter_20_Heisenberg2D_cylinder_0.5_0.5_det,outer,2,SA,0.001,Single,No_Kink,1885,1901705
result_trotter_20_Heisenberg2D_cylinder_0.5_0.5_det,outer,2,SA,0.01,Proj,No_Top,1839,224388
result_trotter_20_Heisenberg2D_cylinder_0.5_0.5_det,outer,2,SA,0.01,Double,No_Kink,1883,1870407
result_trotter_20_Heisenberg2D_cylinder_0.5_0.5_det,outer,2,SA,0.001,Single,Yes_Kink,1896,1951861
result_trotter_20_Heisenberg2D_cylinder_0.5_0.5_det,outer,2,SA,0.01,Single,No_MSF,318,73320
result_trotter_20_Heisenberg2D_cylinder_0.5_0.5_det,outer,2,SA,0.01,Single,No_Top,1870,899992
result_trotter_20_Heisenberg2D_cylinder_0.5_0.5_det,outer,2,SA,0.01,Double,Yes_Kink,1887,1930124
result_trotter_20_Heisenberg2D_cylinder_0.5_0.5_det,outer,2,SA,0.001,Proj,No_Kink,1875,3417700
result_trotter_20_Heisenberg2D_cylinder_0.5_0.5_det,outer,2,SA,0.1,Double,No_MSF,315,72191
result_trotter_20_Heisenberg2D_cylinder_0.5_0.5_det,outer,2,SA,0.01,Single,No_Kink,1886,1857591
result_trotter_20_Heisenberg2D_cylinder_0.5_0.5_det,outer,2,SA,0.1,Double,No_Top,1868,899024
result_trotter_20_Heisenberg2D_cylinder_0.5_0.5_det,outer,2,SA,0.001,Proj,Yes_Kink,1880,3369370
result_trotter_20_Heisenberg2D_cylinder_0.5_0.5_det,outer,2,SA,0.1,Proj,No_MSF,246,18468
result_trotter_20_Heisenberg2D_cylinder_0.5_0.5_det,outer,2,SA,0.1,Proj,No_Top,1839,224388
result_trotter_20_Heisenberg2D_cylinder_0.5_0.5_det,outer,2,SA,0.01,Single,Yes_Kink,1896,1921836
result_trotter_20_Heisenberg2D_cylinder_0.5_0.5_det,outer,2,SA,0.1,Double,No_Kink,1885,1816286
result_trotter_20_Heisenberg2D_cylinder_0.5_0.5_det,outer,2,SA,0.1,Single,No_MSF,318,73320
result_trotter_20_Heisenberg2D_cylinder_0.5_0.5_det,outer,2,SA,0.1,Single,No_Top,1870,899992
result_trotter_20_Heisenberg2D_cylinder_0.5_0.5_det,outer,2,SA,0.01,Proj,No_Kink,1876,3428132
result_trotter_20_Heisenberg2D_cylinder_0.5_0.5_det,outer,2,SA,0.1,Double,Yes_Kink,1888,1889907
result_trotter_20_Heisenberg2D_cylinder_0.5_0.5_det,outer,2,SA,1,Double,No_MSF,315,72191
result_trotter_20_Heisenberg2D_cylinder_0.5_0.5_det,outer,2,SA,1,Double,No_Top,1868,899024
result_trotter_20_Heisenberg2D_cylinder_0.5_0.5_det,outer,2,SA,0.01,Proj,Yes_Kink,1881,3382502
result_trotter_20_Heisenberg2D_cylinder_0.5_0.5_det,outer,2,SA,0.1,Single,No_Kink,1890,1847682
result_trotter_20_Heisenberg2D_cylinder_0.5_0.5_det,outer,2,SA,1,Proj,No_MSF,246,18468
result_trotter_20_Heisenberg2D_cylinder_0.5_0.5_det,outer,2,SA,1,Proj,No_Top,1839,224388
result_trotter_20_Heisenberg2D_cylinder_0.5_0.5_det,outer,2,SA,1,Double,No_Kink,1889,1746199
result_trotter_20_Heisenberg2D_cylinder_0.5_0.5_det,outer,2,SA,0.1,Single,Yes_Kink,1902,1875699
result_trotter_20_Heisenberg2D_cylinder_0.5_0.5_det,outer,2,SA,1,Single,No_MSF,318,73320
result_trotter_20_Heisenberg2D_cylinder_0.5_0.5_det,outer,2,SA,1,Single,No_Top,1870,899992
result_trotter_20_Heisenberg2D_cylinder_0.5_0.5_det,outer,2,SA,1,Double,Yes_Kink,1894,1856761
result_trotter_20_Heisenberg2D_cylinder_0.5_0.5_det,outer,2,naive,0,Double,No_MSF,315,72191
result_trotter_20_Heisenberg2D_cylinder_0.5_0.5_det,outer,2,SA,0.1,Proj,No_Kink,1876,3432114
result_trotter_20_Heisenberg2D_cylinder_0.5_0.5_det,outer,2,SA,0.1,Proj,Yes_Kink,1881,3387444
result_trotter_20_Heisenberg2D_cylinder_0.5_0.5_det,outer,2,naive,0,Double,No_Top,1868,899024
result_trotter_20_Heisenberg2D_cylinder_0.5_0.5_det,outer,2,SA,1,Single,No_Kink,1893,1784790
result_trotter_20_Heisenberg2D_cylinder_0.5_0.5_det,outer,2,naive,0,Proj,No_MSF,246,18468
result_trotter_20_Heisenberg2D_cylinder_0.5_0.5_det,outer,2,naive,0,Proj,No_Top,1839,224388
result_trotter_20_Heisenberg2D_cylinder_0.5_0.5_det,outer,2,SA,1,Single,Yes_Kink,1907,1818863
result_trotter_20_Heisenberg2D_cylinder_0.5_0.5_det,outer,2,naive,0,Double,No_Kink,1915,1904089
result_trotter_20_Heisenberg2D_cylinder_0.5_0.5_det,outer,2,naive,0,Single,No_MSF,318,73320
result_trotter_20_Heisenberg2D_cylinder_0.5_0.5_det,outer,2,naive,0,Single,No_Top,1870,899992
result_trotter_20_Heisenberg2D_cylinder_0.5_0.5_det,outer,2,SA,1,Proj,No_Kink,1882,3450508
result_trotter_20_Heisenberg2D_cylinder_0.5_0.5_det,outer,2,random,0,Double,No_MSF,315,72191
result_trotter_20_Heisenberg2D_cylinder_0.5_0.5_det,outer,2,naive,0,Double,Yes_Kink,1924,1958900
result_trotter_20_Heisenberg2D_cylinder_0.5_0.5_det,outer,2,SA,1,Proj,Yes_Kink,1888,3399809
result_trotter_20_Heisenberg2D_cylinder_0.5_0.5_det,outer,2,random,0,Double,No_Top,1868,899024
result_trotter_20_Heisenberg2D_cylinder_0.5_0.5_det,outer,2,naive,0,Single,No_Kink,1928,1874369
result_trotter_20_Heisenberg2D_cylinder_0.5_0.5_det,outer,2,random,0,Proj,No_MSF,246,18468
result_trotter_20_Heisenberg2D_cylinder_0.5_0.5_det,outer,2,random,0,Proj,No_Top,1839,224388
result_trotter_20_Heisenberg2D_cylinder_0.5_0.5_det,outer,2,naive,0,Single,Yes_Kink,1940,1903544
result_trotter_20_Heisenberg2D_cylinder_0.5_0.5_det,outer,2,random,0,Single,No_MSF,318,73320
result_trotter_20_Heisenberg2D_cylinder_0.5_0.5_det,outer,2,random,0,Double,No_Kink,1993,2091919
result_trotter_20_Heisenberg2D_cylinder_0.5_0.5_det,outer,2,random,0,Single,No_Top,1870,899992
result_trotter_20_Heisenberg2D_cylinder_0.5_0.5_det,outer,2,random,0,Double,Yes_Kink,2003,2089521
result_trotter_20_Heisenberg2D_cylinder_0.5_0.5_det,outer,2,naive,0,Proj,No_Kink,2003,3629590
result_trotter_20_Heisenberg2D_cylinder_0.5_0.5_rand,inner,1,SA,0.001,Double,No_MSF,603,147288
result_trotter_20_Heisenberg2D_cylinder_0.5_0.5_det,outer,2,random,0,Single,No_Kink,2041,2061842
result_trotter_20_Heisenberg2D_cylinder_0.5_0.5_det,outer,2,naive,0,Proj,Yes_Kink,2010,3595397
result_trotter_20_Heisenberg2D_cylinder_0.5_0.5_rand,inner,1,SA,0.001,Double,No_Top,1875,851262
result_trotter_20_Heisenberg2D_cylinder_0.5_0.5_rand,inner,1,SA,0.001,Proj,No_MSF,246,18480
result_trotter_20_Heisenberg2D_cylinder_0.5_0.5_rand,inner,1,SA,0.001,Proj,No_Top,1839,224400
result_trotter_20_Heisenberg2D_cylinder_0.5_0.5_det,outer,2,random,0,Single,Yes_Kink,2058,2068727
result_trotter_20_Heisenberg2D_cylinder_0.5_0.5_rand,inner,1,SA,0.001,Double,No_Kink,1875,1765473
result_trotter_20_Heisenberg2D_cylinder_0.5_0.5_rand,inner,1,SA,0.001,Single,No_MSF,630,154572
result_trotter_20_Heisenberg2D_cylinder_0.5_0.5_rand,inner,1,SA,0.001,Single,No_Top,1873,853216
result_trotter_20_Heisenberg2D_cylinder_0.5_0.5_rand,inner,1,SA,0.001,Double,Yes_Kink,1884,1853020
result_trotter_20_Heisenberg2D_cylinder_0.5_0.5_rand,inner,1,SA,0.01,Double,No_MSF,603,147288
result_trotter_20_Heisenberg2D_cylinder_0.5_0.5_det,outer,2,random,0,Proj,No_Kink,2046,3730610
result_trotter_20_Heisenberg2D_cylinder_0.5_0.5_rand,inner,1,SA,0.01,Double,No_Top,1875,851262
result_trotter_20_Heisenberg2D_cylinder_0.5_0.5_det,outer,2,random,0,Proj,Yes_Kink,2054,3688589
result_trotter_20_Heisenberg2D_cylinder_0.5_0.5_rand,inner,1,SA,0.001,Single,No_Kink,1893,1704173
result_trotter_20_Heisenberg2D_cylinder_0.5_0.5_rand,inner,1,SA,0.01,Proj,No_MSF,246,18480
result_trotter_20_Heisenberg2D_cylinder_0.5_0.5_rand,inner,1,SA,0.01,Double,No_Kink,1874,1585078
result_trotter_20_Heisenberg2D_cylinder_0.5_0.5_rand,inner,1,SA,0.01,Proj,No_Top,1839,224400
result_trotter_20_Heisenberg2D_cylinder_0.5_0.5_rand,inner,1,SA,0.01,Single,No_MSF,630,154572
result_trotter_20_Heisenberg2D_cylinder_0.5_0.5_rand,inner,1,SA,0.01,Single,No_Top,1873,853216
result_trotter_20_Heisenberg2D_cylinder_0.5_0.5_rand,inner,1,SA,0.1,Double,No_MSF,603,147288
result_trotter_20_Heisenberg2D_cylinder_0.5_0.5_rand,inner,1,SA,0.01,Double,Yes_Kink,1880,1730252
result_trotter_20_Heisenberg2D_cylinder_0.5_0.5_rand,inner,1,SA,0.001,Proj,No_Kink,2107,3043938
result_trotter_20_Heisenberg2D_cylinder_0.5_0.5_rand,inner,1,SA,0.001,Proj,Yes_Kink,2124,2948339
result_trotter_20_Heisenberg2D_cylinder_0.5_0.5_rand,inner,1,SA,0.1,Double,No_Top,1875,851262
result_trotter_20_Heisenberg2D_cylinder_0.5_0.5_rand,inner,1,SA,0.1,Proj,No_MSF,246,18480
result_trotter_20_Heisenberg2D_cylinder_0.5_0.5_rand,inner,1,SA,0.01,Single,No_Kink,1886,1585294
result_trotter_20_Heisenberg2D_cylinder_0.5_0.5_rand,inner,1,SA,0.1,Double,No_Kink,1875,1431672
result_trotter_20_Heisenberg2D_cylinder_0.5_0.5_rand,inner,1,SA,0.1,Proj,No_Top,1839,224400
result_trotter_20_Heisenberg2D_cylinder_0.5_0.5_rand,inner,1,SA,0.1,Single,No_MSF,630,154572
result_trotter_20_Heisenberg2D_cylinder_0.5_0.5_rand,inner,1,SA,0.1,Single,No_Top,1873,853216
result_trotter_20_Heisenberg2D_cylinder_0.5_0.5_rand,inner,1,SA,0.01,Proj,No_Kink,1980,2839596
result_trotter_20_Heisenberg2D_cylinder_0.5_0.5_rand,inner,1,SA,1,Double,No_MSF,603,147288
result_trotter_20_Heisenberg2D_cylinder_0.5_0.5_rand,inner,1,SA,0.1,Double,Yes_Kink,1875,1611112
result_trotter_20_Heisenberg2D_cylinder_0.5_0.5_rand,inner,1,SA,1,Double,No_Top,1875,851262
result_trotter_20_Heisenberg2D_cylinder_0.5_0.5_rand,inner,1,SA,1,Double,No_Kink,1875,1315916
result_trotter_20_Heisenberg2D_cylinder_0.5_0.5_rand,inner,1,SA,0.01,Proj,Yes_Kink,1990,2731013
result_trotter_20_Heisenberg2D_cylinder_0.5_0.5_rand,inner,1,SA,0.1,Single,No_Kink,1882,1513735
result_trotter_20_Heisenberg2D_cylinder_0.5_0.5_rand,inner,1,SA,1,Proj,No_MSF,246,18480
result_trotter_20_Heisenberg2D_cylinder_0.5_0.5_rand,inner,1,SA,1,Proj,No_Top,1839,224400
result_trotter_20_Heisenberg2D_cylinder_0.5_0.5_rand,inner,1,SA,1,Single,No_MSF,630,154572
result_trotter_20_Heisenberg2D_cylinder_0.5_0.5_rand,inner,1,SA,1,Single,No_Top,1873,853216
result_trotter_20_Heisenberg2D_cylinder_0.5_0.5_rand,inner,1,naive,0,Double,No_MSF,603,147288
result_trotter_20_Heisenberg2D_cylinder_0.5_0.5_rand,inner,1,SA,1,Double,Yes_Kink,1876,1522738
result_trotter_20_Heisenberg2D_cylinder_0.5_0.5_rand,inner,1,SA,1,Single,No_Kink,1881,1459444
result_trotter_20_Heisenberg2D_cylinder_0.5_0.5_rand,inner,1,SA,0.1,Proj,No_Kink,1952,2756525
result_trotter_20_Heisenberg2D_cylinder_0.5_0.5_rand,inner,1,naive,0,Double,No_Top,1875,851262
result_trotter_20_Heisenberg2D_cylinder_0.5_0.5_rand,inner,1,SA,0.1,Proj,Yes_Kink,1954,2625887
result_trotter_20_Heisenberg2D_cylinder_0.5_0.5_rand,inner,1,naive,0,Proj,No_MSF,246,18480
result_trotter_20_Heisenberg2D_cylinder_0.5_0.5_rand,inner,1,naive,0,Proj,No_Top,1839,224400
result_trotter_20_Heisenberg2D_cylinder_0.5_0.5_rand,inner,1,naive,0,Single,No_MSF,630,154572
result_trotter_20_Heisenberg2D_cylinder_0.5_0.5_rand,inner,1,SA,1,Proj,No_Kink,1888,2619992
result_trotter_20_Heisenberg2D_cylinder_0.5_0.5_rand,inner,1,naive,0,Single,No_Top,1873,853216
result_trotter_20_Heisenberg2D_cylinder_0.5_0.5_rand,inner,1,SA,1,Proj,Yes_Kink,1894,2464745
result_trotter_20_Heisenberg2D_cylinder_0.5_0.5_rand,inner,1,naive,0,Double,No_Kink,1948,2130370
result_trotter_20_Heisenberg2D_cylinder_0.5_0.5_rand,inner,1,random,0,Double,No_MSF,603,147288
result_trotter_20_Heisenberg2D_cylinder_0.5_0.5_rand,inner,1,random,0,Double,No_Top,1875,851262
result_trotter_20_Heisenberg2D_cylinder_0.5_0.5_rand,inner,1,random,0,Proj,No_MSF,246,18480
result_trotter_20_Heisenberg2D_cylinder_0.5_0.5_rand,inner,1,naive,0,Double,Yes_Kink,1979,2148633
result_trotter_20_Heisenberg2D_cylinder_0.5_0.5_rand,inner,1,naive,0,Single,No_Kink,2156,2030910
result_trotter_20_Heisenberg2D_cylinder_0.5_0.5_rand,inner,1,random,0,Proj,No_Top,1839,224400
result_trotter_20_Heisenberg2D_cylinder_0.5_0.5_rand,inner,1,random,0,Double,No_Kink,1908,1855697
result_trotter_20_Heisenberg2D_cylinder_0.5_0.5_rand,inner,1,random,0,Single,No_MSF,630,154572
result_trotter_20_Heisenberg2D_cylinder_0.5_0.5_rand,inner,1,naive,0,Proj,No_Kink,1954,2889123
result_trotter_20_Heisenberg2D_cylinder_0.5_0.5_rand,inner,1,random,0,Double,Yes_Kink,1947,1887141
result_trotter_20_Heisenberg2D_cylinder_0.5_0.5_rand,inner,1,random,0,Single,No_Top,1873,853216
result_trotter_20_Heisenberg2D_cylinder_0.5_0.5_rand,inner,2,SA,0.001,Double,No_MSF,603,147288
result_trotter_20_Heisenberg2D_cylinder_0.5_0.5_rand,inner,1,naive,0,Proj,Yes_Kink,1998,2886930
result_trotter_20_Heisenberg2D_cylinder_0.5_0.5_rand,inner,2,SA,0.001,Double,No_Top,1875,851262
result_trotter_20_Heisenberg2D_cylinder_0.5_0.5_rand,inner,2,SA,0.001,Proj,No_MSF,246,18480
result_trotter_20_Heisenberg2D_cylinder_0.5_0.5_rand,inner,2,SA,0.001,Proj,No_Top,1839,224400
result_trotter_20_Heisenberg2D_cylinder_0.5_0.5_rand,inner,1,random,0,Single,No_Kink,1962,1775398
result_trotter_20_Heisenberg2D_cylinder_0.5_0.5_rand,inner,2,SA,0.001,Double,No_Kink,1877,1306482
result_trotter_20_Heisenberg2D_cylinder_0.5_0.5_rand,inner,2,SA,0.001,Double,Yes_Kink,1875,1330548
result_trotter_20_Heisenberg2D_cylinder_0.5_0.5_rand,inner,2,SA,0.001,Single,No_MSF,630,154572
result_trotter_20_Heisenberg2D_cylinder_0.5_0.5_rand,inner,2,SA,0.001,Single,No_Top,1873,853216
result_trotter_20_Heisenberg2D_cylinder_0.5_0.5_rand,inner,2,SA,0.01,Double,No_MSF,603,147288
result_trotter_20_Heisenberg2D_cylinder_0.5_0.5_rand,inner,1,random,0,Proj,No_Kink,2125,2934153
result_trotter_20_Heisenberg2D_cylinder_0.5_0.5_rand,inner,2,SA,0.001,Single,No_Kink,1876,1285664
result_trotter_20_Heisenberg2D_cylinder_0.5_0.5_rand,inner,2,SA,0.01,Double,No_Top,1875,851262
result_trotter_20_Heisenberg2D_cylinder_0.5_0.5_rand,inner,2,SA,0.01,Double,No_Kink,1875,1289262
result_trotter_20_Heisenberg2D_cylinder_0.5_0.5_rand,inner,2,SA,0.01,Proj,No_MSF,246,18480
result_trotter_20_Heisenberg2D_cylinder_0.5_0.5_rand,inner,2,SA,0.001,Single,Yes_Kink,1876,1351892
result_trotter_20_Heisenberg2D_cylinder_0.5_0.5_rand,inner,1,random,0,Proj,Yes_Kink,2170,2850089
result_trotter_20_Heisenberg2D_cylinder_0.5_0.5_rand,inner,2,SA,0.01,Proj,No_Top,1839,224400
result_trotter_20_Heisenberg2D_cylinder_0.5_0.5_rand,inner,2,SA,0.01,Single,No_MSF,630,154572
result_trotter_20_Heisenberg2D_cylinder_0.5_0.5_rand,inner,2,SA,0.01,Double,Yes_Kink,1875,1302842
result_trotter_20_Heisenberg2D_cylinder_0.5_0.5_rand,inner,2,SA,0.01,Single,No_Top,1873,853216
result_trotter_20_Heisenberg2D_cylinder_0.5_0.5_rand,inner,2,SA,0.01,Single,No_Kink,1874,1254677
result_trotter_20_Heisenberg2D_cylinder_0.5_0.5_rand,inner,2,SA,0.1,Double,No_MSF,603,147288
result_trotter_20_Heisenberg2D_cylinder_0.5_0.5_rand,inner,2,SA,0.01,Single,Yes_Kink,1876,1291284
result_trotter_20_Heisenberg2D_cylinder_0.5_0.5_rand,inner,2,SA,0.001,Proj,No_Kink,1881,3213430
result_trotter_20_Heisenberg2D_cylinder_0.5_0.5_rand,inner,2,SA,0.1,Double,No_Top,1875,851262
result_trotter_20_Heisenberg2D_cylinder_0.5_0.5_rand,inner,2,SA,0.1,Proj,No_MSF,246,18480
result_trotter_20_Heisenberg2D_cylinder_0.5_0.5_rand,inner,2,SA,0.1,Double,No_Kink,1875,1242004
result_trotter_20_Heisenberg2D_cylinder_0.5_0.5_rand,inner,2,SA,0.1,Proj,No_Top,1839,224400
result_trotter_20_Heisenberg2D_cylinder_0.5_0.5_rand,inner,2,SA,0.1,Double,Yes_Kink,1875,1267620
result_trotter_20_Heisenberg2D_cylinder_0.5_0.5_rand,inner,2,SA,0.1,Single,No_MSF,630,154572
result_trotter_20_Heisenberg2D_cylinder_0.5_0.5_rand,inner,2,SA,0.001,Proj,Yes_Kink,1878,3117312
result_trotter_20_Heisenberg2D_cylinder_0.5_0.5_rand,inner,2,SA,0.1,Single,No_Top,1873,853216
result_trotter_20_Heisenberg2D_cylinder_0.5_0.5_rand,inner,2,SA,0.1,Single,No_Kink,1873,1208202
result_trotter_20_Heisenberg2D_cylinder_0.5_0.5_rand,inner,2,SA,1,Double,No_MSF,603,147288
result_trotter_20_Heisenberg2D_cylinder_0.5_0.5_rand,inner,2,SA,1,Double,No_Top,1875,851262
result_trotter_20_Heisenberg2D_cylinder_0.5_0.5_rand,inner,2,SA,0.1,Single,Yes_Kink,1877,1298981
result_trotter_20_Heisenberg2D_cylinder_0.5_0.5_rand,inner,2,SA,1,Double,No_Kink,1875,1213748
result_trotter_20_Heisenberg2D_cylinder_0.5_0.5_rand,inner,2,SA,1,Proj,No_MSF,246,18480
result_trotter_20_Heisenberg2D_cylinder_0.5_0.5_rand,inner,2,SA,0.01,Proj,No_Kink,1877,3240889
result_trotter_20_Heisenberg2D_cylinder_0.5_0.5_rand,inner,2,SA,1,Proj,No_Top,1839,224400
result_trotter_20_Heisenberg2D_cylinder_0.5_0.5_rand,inner,2,SA,1,Double,Yes_Kink,1874,1230298
result_trotter_20_Heisenberg2D_cylinder_0.5_0.5_rand,inner,2,SA,1,Single,No_MSF,630,154572
result_trotter_20_Heisenberg2D_cylinder_0.5_0.5_rand,inner,2,SA,0.01,Proj,Yes_Kink,1878,3131901
result_trotter_20_Heisenberg2D_cylinder_0.5_0.5_rand,inner,2,SA,1,Single,No_Kink,1874,1180279
result_trotter_20_Heisenberg2D_cylinder_0.5_0.5_rand,inner,2,SA,1,Single,No_Top,1873,853216
result_trotter_20_Heisenberg2D_cylinder_0.5_0.5_rand,inner,2,naive,0,Double,No_Top,1875,851262
result_trotter_20_Heisenberg2D_cylinder_0.5_0.5_rand,inner,2,naive,0,Double,No_MSF,603,147288
result_trotter_20_Heisenberg2D_cylinder_0.5_0.5_rand,inner,2,SA,1,Single,Yes_Kink,1876,1235424
result_trotter_20_Heisenberg2D_cylinder_0.5_0.5_rand,inner,2,SA,0.1,Proj,Yes_Kink,1889,2962017
result_trotter_20_Heisenberg2D_cylinder_0.5_0.5_rand,inner,2,SA,0.1,Proj,No_Kink,1885,3068401
result_trotter_20_Heisenberg2D_cylinder_0.5_0.5_rand,inner,2,naive,0,Proj,No_MSF,246,18480
result_trotter_20_Heisenberg2D_cylinder_0.5_0.5_rand,inner,2,naive,0,Proj,No_Top,1839,224400
result_trotter_20_Heisenberg2D_cylinder_0.5_0.5_rand,inner,2,naive,0,Single,No_MSF,630,154572
result_trotter_20_Heisenberg2D_cylinder_0.5_0.5_rand,inner,2,naive,0,Single,No_Top,1873,853216
result_trotter_20_Heisenberg2D_cylinder_0.5_0.5_rand,inner,2,naive,0,Double,No_Kink,1883,1870543
result_trotter_20_Heisenberg2D_cylinder_0.5_0.5_rand,inner,2,naive,0,Double,Yes_Kink,1896,1890911
result_trotter_20_Heisenberg2D_cylinder_0.5_0.5_rand,inner,2,SA,1,Proj,Yes_Kink,1872,2932728
result_trotter_20_Heisenberg2D_cylinder_0.5_0.5_rand,inner,2,random,0,Double,No_MSF,603,147288
result_trotter_20_Heisenberg2D_cylinder_0.5_0.5_rand,inner,2,naive,0,Single,No_Kink,1938,1834815
result_trotter_20_Heisenberg2D_cylinder_0.5_0.5_rand,inner,2,SA,1,Proj,No_Kink,1866,3029977
result_trotter_20_Heisenberg2D_cylinder_0.5_0.5_rand,inner,2,random,0,Double,No_Top,1875,851262
result_trotter_20_Heisenberg2D_cylinder_0.5_0.5_rand,inner,2,random,0,Proj,No_MSF,246,18480
result_trotter_20_Heisenberg2D_cylinder_0.5_0.5_rand,inner,2,random,0,Proj,No_Top,1839,224400
result_trotter_20_Heisenberg2D_cylinder_0.5_0.5_rand,inner,2,random,0,Double,No_Kink,1877,1631490
result_trotter_20_Heisenberg2D_cylinder_0.5_0.5_rand,inner,2,naive,0,Single,Yes_Kink,1942,1842385
result_trotter_20_Heisenberg2D_cylinder_0.5_0.5_rand,inner,2,random,0,Single,No_MSF,630,154572
result_trotter_20_Heisenberg2D_cylinder_0.5_0.5_rand,inner,2,random,0,Single,No_Top,1873,853216
result_trotter_20_Heisenberg2D_cylinder_0.5_0.5_rand,inner,2,random,0,Double,Yes_Kink,1886,1656532
result_trotter_20_Heisenberg2D_cylinder_0.5_0.5_rand,outer,1,SA,0.001,Double,No_MSF,603,147288
result_trotter_20_Heisenberg2D_cylinder_0.5_0.5_rand,inner,2,naive,0,Proj,No_Kink,1952,3472255
result_trotter_20_Heisenberg2D_cylinder_0.5_0.5_rand,inner,2,random,0,Single,No_Kink,1902,1564321
result_trotter_20_Heisenberg2D_cylinder_0.5_0.5_rand,outer,1,SA,0.001,Double,No_Top,1875,851262
result_trotter_20_Heisenberg2D_cylinder_0.5_0.5_rand,inner,2,naive,0,Proj,Yes_Kink,1961,3440003
result_trotter_20_Heisenberg2D_cylinder_0.5_0.5_rand,inner,2,random,0,Single,Yes_Kink,1905,1580029
result_trotter_20_Heisenberg2D_cylinder_0.5_0.5_rand,outer,1,SA,0.001,Proj,No_MSF,246,18480
result_trotter_20_Heisenberg2D_cylinder_0.5_0.5_rand,outer,1,SA,0.001,Proj,No_Top,1839,224400
result_trotter_20_Heisenberg2D_cylinder_0.5_0.5_rand,outer,1,SA,0.001,Double,No_Kink,1874,1789108
result_trotter_20_Heisenberg2D_cylinder_0.5_0.5_rand,outer,1,SA,0.001,Single,No_MSF,630,154572
result_trotter_20_Heisenberg2D_cylinder_0.5_0.5_rand,outer,1,SA,0.001,Single,No_Top,1873,853216
result_trotter_20_Heisenberg2D_cylinder_0.5_0.5_rand,outer,1,SA,0.01,Double,No_MSF,603,147288
result_trotter_20_Heisenberg2D_cylinder_0.5_0.5_rand,inner,2,random,0,Proj,No_Kink,2000,3257327
result_trotter_20_Heisenberg2D_cylinder_0.5_0.5_rand,outer,1,SA,0.001,Double,Yes_Kink,1893,1885695
result_trotter_20_Heisenberg2D_cylinder_0.5_0.5_rand,inner,2,random,0,Proj,Yes_Kink,2011,3179714
result_trotter_20_Heisenberg2D_cylinder_0.5_0.5_rand,outer,1,SA,0.001,Single,No_Kink,1903,1719780
result_trotter_20_Heisenberg2D_cylinder_0.5_0.5_rand,outer,1,SA,0.01,Double,No_Top,1875,851262
result_trotter_20_Heisenberg2D_cylinder_0.5_0.5_rand,outer,1,SA,0.01,Proj,No_MSF,246,18480
result_trotter_20_Heisenberg2D_cylinder_0.5_0.5_rand,outer,1,SA,0.01,Proj,No_Top,1839,224400
result_trotter_20_Heisenberg2D_cylinder_0.5_0.5_rand,outer,1,SA,0.01,Single,No_MSF,630,154572
result_trotter_20_Heisenberg2D_cylinder_0.5_0.5_rand,outer,1,SA,0.01,Double,No_Kink,1874,1779028
result_trotter_20_Heisenberg2D_cylinder_0.5_0.5_rand,outer,1,SA,0.01,Single,No_Top,1873,853216
result_trotter_20_Heisenberg2D_cylinder_0.5_0.5_rand,outer,1,SA,0.001,Proj,No_Kink,1915,2833710
result_trotter_20_Heisenberg2D_cylinder_0.5_0.5_rand,outer,1,SA,0.1,Double,No_MSF,603,147288
result_trotter_20_Heisenberg2D_cylinder_0.5_0.5_rand,outer,1,SA,0.01,Double,Yes_Kink,1892,1897181
result_trotter_20_Heisenberg2D_cylinder_0.5_0.5_rand,outer,1,SA,0.1,Double,No_Top,1875,851262
result_trotter_20_Heisenberg2D_cylinder_0.5_0.5_rand,outer,1,SA,0.001,Proj,Yes_Kink,1920,2763037
result_trotter_20_Heisenberg2D_cylinder_0.5_0.5_rand,outer,1,SA,0.1,Proj,No_MSF,246,18480
result_trotter_20_Heisenberg2D_cylinder_0.5_0.5_rand,outer,1,SA,0.01,Single,No_Kink,1900,1716025
result_trotter_20_Heisenberg2D_cylinder_0.5_0.5_rand,outer,1,SA,0.1,Proj,No_Top,1839,224400
result_trotter_20_Heisenberg2D_cylinder_0.5_0.5_rand,outer,1,SA,0.1,Double,No_Kink,1874,1763902
result_trotter_20_Heisenberg2D_cylinder_0.5_0.5_rand,outer,1,SA,0.1,Single,No_MSF,630,154572
result_trotter_20_Heisenberg2D_cylinder_0.5_0.5_rand,outer,1,SA,0.1,Single,No_Top,1873,853216
result_trotter_20_Heisenberg2D_cylinder_0.5_0.5_rand,outer,1,SA,0.01,Proj,Yes_Kink,1906,2763032
result_trotter_20_Heisenberg2D_cylinder_0.5_0.5_rand,outer,1,SA,1,Double,No_MSF,603,147288
result_trotter_20_Heisenberg2D_cylinder_0.5_0.5_rand,outer,1,SA,0.01,Proj,No_Kink,1901,2833517
result_trotter_20_Heisenberg2D_cylinder_0.5_0.5_rand,outer,1,SA,1,Double,No_Top,1875,851262
result_trotter_20_Heisenberg2D_cylinder_0.5_0.5_rand,outer,1,SA,0.1,Double,Yes_Kink,1893,1894812
result_trotter_20_Heisenberg2D_cylinder_0.5_0.5_rand,outer,1,SA,1,Proj,No_MSF,246,18480
result_trotter_20_Heisenberg2D_cylinder_0.5_0.5_rand,outer,1,SA,0.1,Single,No_Kink,1898,1713862
result_trotter_20_Heisenberg2D_cylinder_0.5_0.5_rand,outer,1,SA,1,Proj,No_Top,1839,224400
result_trotter_20_Heisenberg2D_cylinder_0.5_0.5_rand,outer,1,SA,1,Single,No_MSF,630,154572
result_trotter_20_Heisenberg2D_cylinder_0.5_0.5_rand,outer,1,SA,1,Double,No_Kink,1874,1801588
result_trotter_20_Heisenberg2D_cylinder_0.5_0.5_rand,outer,1,SA,1,Single,No_Top,1873,853216
result_trotter_20_Heisenberg2D_cylinder_0.5_0.5_rand,outer,1,SA,0.1,Proj,No_Kink,1905,2831508
result_trotter_20_Heisenberg2D_cylinder_0.5_0.5_rand,outer,1,naive,0,Double,No_MSF,603,147288
result_trotter_20_Heisenberg2D_cylinder_0.5_0.5_rand,outer,1,SA,1,Double,Yes_Kink,1895,1883699
result_trotter_20_Heisenberg2D_cylinder_0.5_0.5_rand,outer,1,naive,0,Double,No_Top,1875,851262
result_trotter_20_Heisenberg2D_cylinder_0.5_0.5_rand,outer,1,SA,1,Single,No_Kink,1905,1711820
result_trotter_20_Heisenberg2D_cylinder_0.5_0.5_rand,outer,1,naive,0,Proj,No_MSF,246,18480
result_trotter_20_Heisenberg2D_cylinder_0.5_0.5_rand,outer,1,SA,0.1,Proj,Yes_Kink,1907,2763775
result_trotter_20_Heisenberg2D_cylinder_0.5_0.5_rand,outer,1,naive,0,Proj,No_Top,1839,224400
result_trotter_20_Heisenberg2D_cylinder_0.5_0.5_rand,outer,1,naive,0,Single,No_MSF,630,154572
result_trotter_20_Heisenberg2D_cylinder_0.5_0.5_rand,outer,1,naive,0,Single,No_Top,1873,853216
result_trotter_20_Heisenberg2D_cylinder_0.5_0.5_rand,outer,1,SA,1,Proj,No_Kink,1907,2832903
result_trotter_20_Heisenberg2D_cylinder_0.5_0.5_rand,outer,1,naive,0,Double,No_Kink,1948,2130370
result_trotter_20_Heisenberg2D_cylinder_0.5_0.5_rand,outer,1,SA,1,Proj,Yes_Kink,1911,2763346
result_trotter_20_Heisenberg2D_cylinder_0.5_0.5_rand,outer,1,random,0,Double,No_MSF,603,147288
result_trotter_20_Heisenberg2D_cylinder_0.5_0.5_rand,outer,1,random,0,Double,No_Top,1875,851262
result_trotter_20_Heisenberg2D_cylinder_0.5_0.5_rand,outer,1,naive,0,Double,Yes_Kink,1979,2148633
result_trotter_20_Heisenberg2D_cylinder_0.5_0.5_rand,outer,1,random,0,Proj,No_MSF,246,18480
result_trotter_20_Heisenberg2D_cylinder_0.5_0.5_rand,outer,1,naive,0,Single,No_Kink,2156,2030910
result_trotter_20_Heisenberg2D_cylinder_0.5_0.5_rand,outer,1,naive,0,Proj,No_Kink,1954,2889123
result_trotter_20_Heisenberg2D_cylinder_0.5_0.5_rand,outer,1,random,0,Proj,No_Top,1839,224400
result_trotter_20_Heisenberg2D_cylinder_0.5_0.5_rand,outer,1,random,0,Single,No_MSF,630,154572
result_trotter_20_Heisenberg2D_cylinder_0.5_0.5_rand,outer,1,random,0,Single,No_Top,1873,853216
result_trotter_20_Heisenberg2D_cylinder_0.5_0.5_rand,outer,1,random,0,Double,No_Kink,1956,2160208
result_trotter_20_Heisenberg2D_cylinder_0.5_0.5_rand,outer,1,naive,0,Proj,Yes_Kink,1998,2886930
result_trotter_20_Heisenberg2D_cylinder_0.5_0.5_rand,outer,2,SA,0.001,Double,No_MSF,603,147288
result_trotter_20_Heisenberg2D_cylinder_0.5_0.5_rand,outer,2,SA,0.001,Double,No_Top,1875,851262
result_trotter_20_Heisenberg2D_cylinder_0.5_0.5_rand,outer,2,SA,0.001,Proj,No_MSF,246,18480
result_trotter_20_Heisenberg2D_cylinder_0.5_0.5_rand,outer,1,random,0,Double,Yes_Kink,1997,2189899
result_trotter_20_Heisenberg2D_cylinder_0.5_0.5_rand,outer,1,random,0,Single,No_Kink,2190,2069821
result_trotter_20_Heisenberg2D_cylinder_0.5_0.5_rand,outer,2,SA,0.001,Proj,No_Top,1839,224400
result_trotter_20_Heisenberg2D_cylinder_0.5_0.5_rand,outer,2,SA,0.001,Double,No_Kink,1875,1784911
result_trotter_20_Heisenberg2D_cylinder_0.5_0.5_rand,outer,2,SA,0.001,Single,No_MSF,630,154572
result_trotter_20_Heisenberg2D_cylinder_0.5_0.5_rand,outer,2,SA,0.001,Single,No_Top,1873,853216
result_trotter_20_Heisenberg2D_cylinder_0.5_0.5_rand,outer,2,SA,0.001,Double,Yes_Kink,1875,1830708
result_trotter_20_Heisenberg2D_cylinder_0.5_0.5_rand,outer,1,random,0,Proj,No_Kink,1970,2912666
result_trotter_20_Heisenberg2D_cylinder_0.5_0.5_rand,outer,2,SA,0.01,Double,No_MSF,603,147288
result_trotter_20_Heisenberg2D_cylinder_0.5_0.5_rand,outer,1,random,0,Proj,Yes_Kink,2017,2913654
result_trotter_20_Heisenberg2D_cylinder_0.5_0.5_rand,outer,2,SA,0.01,Double,No_Top,1875,851262
result_trotter_20_Heisenberg2D_cylinder_0.5_0.5_rand,outer,2,SA,0.01,Proj,No_MSF,246,18480
result_trotter_20_Heisenberg2D_cylinder_0.5_0.5_rand,outer,2,SA,0.001,Single,No_Kink,1882,1780322
result_trotter_20_Heisenberg2D_cylinder_0.5_0.5_rand,outer,2,SA,0.001,Single,Yes_Kink,1889,1801506
result_trotter_20_Heisenberg2D_cylinder_0.5_0.5_rand,outer,2,SA,0.01,Proj,No_Top,1839,224400
result_trotter_20_Heisenberg2D_cylinder_0.5_0.5_rand,outer,2,SA,0.01,Double,No_Kink,1875,1729154
result_trotter_20_Heisenberg2D_cylinder_0.5_0.5_rand,outer,2,SA,0.01,Single,No_MSF,630,154572
result_trotter_20_Heisenberg2D_cylinder_0.5_0.5_rand,outer,2,SA,0.01,Single,No_Top,1873,853216
result_trotter_20_Heisenberg2D_cylinder_0.5_0.5_rand,outer,2,SA,0.01,Double,Yes_Kink,1876,1777132
result_trotter_20_Heisenberg2D_cylinder_0.5_0.5_rand,outer,2,SA,0.001,Proj,No_Kink,1860,3336269
result_trotter_20_Heisenberg2D_cylinder_0.5_0.5_rand,outer,2,SA,0.1,Double,No_MSF,603,147288
result_trotter_20_Heisenberg2D_cylinder_0.5_0.5_rand,outer,2,SA,0.1,Double,No_Top,1875,851262
result_trotter_20_Heisenberg2D_cylinder_0.5_0.5_rand,outer,2,SA,0.01,Single,No_Kink,1880,1733282
result_trotter_20_Heisenberg2D_cylinder_0.5_0.5_rand,outer,2,SA,0.001,Proj,Yes_Kink,1861,3282609
result_trotter_20_Heisenberg2D_cylinder_0.5_0.5_rand,outer,2,SA,0.1,Double,No_Kink,1874,1686750
result_trotter_20_Heisenberg2D_cylinder_0.5_0.5_rand,outer,2,SA,0.01,Single,Yes_Kink,1886,1741327
result_trotter_20_Heisenberg2D_cylinder_0.5_0.5_rand,outer,2,SA,0.1,Proj,No_MSF,246,18480
result_trotter_20_Heisenberg2D_cylinder_0.5_0.5_rand,outer,2,SA,0.1,Proj,No_Top,1839,224400
result_trotter_20_Heisenberg2D_cylinder_0.5_0.5_rand,outer,2,SA,0.1,Single,No_MSF,630,154572
result_trotter_20_Heisenberg2D_cylinder_0.5_0.5_rand,outer,2,SA,0.1,Single,No_Top,1873,853216
result_trotter_20_Heisenberg2D_cylinder_0.5_0.5_rand,outer,2,SA,0.1,Double,Yes_Kink,1876,1727195
result_trotter_20_Heisenberg2D_cylinder_0.5_0.5_rand,outer,2,SA,0.01,Proj,No_Kink,1858,3356383
result_trotter_20_Heisenberg2D_cylinder_0.5_0.5_rand,outer,2,SA,0.1,Single,No_Kink,1880,1681283
result_trotter_20_Heisenberg2D_cylinder_0.5_0.5_rand,outer,2,SA,1,Double,No_MSF,603,147288
result_trotter_20_Heisenberg2D_cylinder_0.5_0.5_rand,outer,2,SA,0.1,Single,Yes_Kink,1887,1694760
result_trotter_20_Heisenberg2D_cylinder_0.5_0.5_rand,outer,2,SA,1,Double,No_Top,1875,851262
result_trotter_20_Heisenberg2D_cylinder_0.5_0.5_rand,outer,2,SA,0.01,Proj,Yes_Kink,1859,3310313
result_trotter_20_Heisenberg2D_cylinder_0.5_0.5_rand,outer,2,SA,1,Double,No_Kink,1874,1661109
result_trotter_20_Heisenberg2D_cylinder_0.5_0.5_rand,outer,2,SA,1,Proj,No_MSF,246,18480
result_trotter_20_Heisenberg2D_cylinder_0.5_0.5_rand,outer,2,SA,1,Proj,No_Top,1839,224400
result_trotter_20_Heisenberg2D_cylinder_0.5_0.5_rand,outer,2,SA,1,Single,No_MSF,630,154572
result_trotter_20_Heisenberg2D_cylinder_0.5_0.5_rand,outer,2,SA,1,Single,No_Top,1873,853216
result_trotter_20_Heisenberg2D_cylinder_0.5_0.5_rand,outer,2,SA,1,Double,Yes_Kink,1876,1735775
result_trotter_20_Heisenberg2D_cylinder_0.5_0.5_rand,outer,2,SA,1,Single,No_Kink,1883,1663343
result_trotter_20_Heisenberg2D_cylinder_0.5_0.5_rand,outer,2,SA,0.1,Proj,Yes_Kink,1858,3288737
result_trotter_20_Heisenberg2D_cylinder_0.5_0.5_rand,outer,2,naive,0,Double,No_MSF,603,147288
result_trotter_20_Heisenberg2D_cylinder_0.5_0.5_rand,outer,2,SA,0.1,Proj,No_Kink,1855,3342160
result_trotter_20_Heisenberg2D_cylinder_0.5_0.5_rand,outer,2,naive,0,Double,No_Top,1875,851262
result_trotter_20_Heisenberg2D_cylinder_0.5_0.5_rand,outer,2,naive,0,Proj,No_MSF,246,18480
result_trotter_20_Heisenberg2D_cylinder_0.5_0.5_rand,outer,2,SA,1,Single,Yes_Kink,1890,1685233
result_trotter_20_Heisenberg2D_cylinder_0.5_0.5_rand,outer,2,naive,0,Proj,No_Top,1839,224400
result_trotter_20_Heisenberg2D_cylinder_0.5_0.5_rand,outer,2,naive,0,Single,No_MSF,630,154572
result_trotter_20_Heisenberg2D_cylinder_0.5_0.5_rand,outer,2,naive,0,Double,No_Kink,1883,1870543
result_trotter_20_Heisenberg2D_cylinder_0.5_0.5_rand,outer,2,naive,0,Single,No_Top,1873,853216
result_trotter_20_Heisenberg2D_cylinder_0.5_0.5_rand,outer,2,naive,0,Double,Yes_Kink,1896,1890911
result_trotter_20_Heisenberg2D_cylinder_0.5_0.5_rand,outer,2,SA,1,Proj,No_Kink,1856,3346640
result_trotter_20_Heisenberg2D_cylinder_0.5_0.5_rand,outer,2,naive,0,Single,No_Kink,1938,1834815
result_trotter_20_Heisenberg2D_cylinder_0.5_0.5_rand,outer,2,SA,1,Proj,Yes_Kink,1860,3292638
result_trotter_20_Heisenberg2D_cylinder_0.5_0.5_rand,outer,2,random,0,Double,No_MSF,603,147288
result_trotter_20_Heisenberg2D_cylinder_0.5_0.5_rand,outer,2,random,0,Double,No_Top,1875,851262
result_trotter_20_Heisenberg2D_cylinder_0.5_0.5_rand,outer,2,random,0,Proj,No_MSF,246,18480
result_trotter_20_Heisenberg2D_cylinder_0.5_0.5_rand,outer,2,naive,0,Single,Yes_Kink,1942,1842385
result_trotter_20_Heisenberg2D_cylinder_0.5_0.5_rand,outer,2,random,0,Proj,No_Top,1839,224400
result_trotter_20_Heisenberg2D_cylinder_0.5_0.5_rand,outer,2,random,0,Single,No_MSF,630,154572
result_trotter_20_Heisenberg2D_cylinder_0.5_0.5_rand,outer,2,random,0,Double,No_Kink,1885,1973719
result_trotter_20_Heisenberg2D_cylinder_0.5_0.5_rand,outer,2,random,0,Single,No_Top,1873,853216
result_trotter_20_Heisenberg2D_cylinder_0.5_0.5_rand,outer,2,random,0,Double,Yes_Kink,1901,1995188
result_trotter_20_Heisenberg2D_cylinder_0.5_0.5_rand,outer,2,naive,0,Proj,No_Kink,1952,3472255
result_trotter_20_Heisenberg2D_cylinder_0.5_0.5_rand,outer,2,naive,0,Proj,Yes_Kink,1961,3440003
result_trotter_20_Heisenberg2D_cylinder_0.5_0.5_rand,outer,2,random,0,Single,No_Kink,1942,1947540
result_trotter_30_Heisenberg2D_cylinder_0.5_0.5_det,inner,1,SA,0.001,Double,No_MSF,315,161486
result_trotter_30_Heisenberg2D_cylinder_0.5_0.5_det,inner,1,SA,0.001,Double,No_Top,2857,2913999
result_trotter_20_Heisenberg2D_cylinder_0.5_0.5_rand,outer,2,random,0,Single,Yes_Kink,1952,1962077
result_trotter_30_Heisenberg2D_cylinder_0.5_0.5_det,inner,1,SA,0.001,Proj,No_MSF,246,42108
result_trotter_30_Heisenberg2D_cylinder_0.5_0.5_det,inner,1,SA,0.001,Proj,No_Top,2829,509388
result_trotter_30_Heisenberg2D_cylinder_0.5_0.5_det,inner,1,SA,0.001,Single,No_MSF,318,164010
result_trotter_20_Heisenberg2D_cylinder_0.5_0.5_rand,outer,2,random,0,Proj,No_Kink,1950,3494549
result_trotter_20_Heisenberg2D_cylinder_0.5_0.5_rand,outer,2,random,0,Proj,Yes_Kink,1954,3446248
result_trotter_30_Heisenberg2D_cylinder_0.5_0.5_det,inner,1,SA,0.001,Single,No_Top,2860,2916252
result_trotter_30_Heisenberg2D_cylinder_0.5_0.5_det,inner,1,SA,0.01,Double,No_MSF,315,161486
result_trotter_30_Heisenberg2D_cylinder_0.5_0.5_det,inner,1,SA,0.01,Double,No_Top,2857,2913999
result_trotter_30_Heisenberg2D_cylinder_0.5_0.5_det,inner,1,SA,0.001,Double,No_Kink,2908,5724238
result_trotter_30_Heisenberg2D_cylinder_0.5_0.5_det,inner,1,SA,0.01,Proj,No_MSF,246,42108
result_trotter_30_Heisenberg2D_cylinder_0.5_0.5_det,inner,1,SA,0.01,Proj,No_Top,2829,509388
result_trotter_30_Heisenberg2D_cylinder_0.5_0.5_det,inner,1,SA,0.001,Single,No_Kink,2920,5644299
result_trotter_30_Heisenberg2D_cylinder_0.5_0.5_det,inner,1,SA,0.001,Double,Yes_Kink,2920,6510023
result_trotter_30_Heisenberg2D_cylinder_0.5_0.5_det,inner,1,SA,0.01,Double,No_Kink,2914,5815778
result_trotter_30_Heisenberg2D_cylinder_0.5_0.5_det,inner,1,SA,0.01,Single,No_MSF,318,164010
result_trotter_30_Heisenberg2D_cylinder_0.5_0.5_det,inner,1,SA,0.01,Single,No_Top,2860,2916252
result_trotter_30_Heisenberg2D_cylinder_0.5_0.5_det,inner,1,SA,0.1,Double,No_MSF,315,161486
result_trotter_30_Heisenberg2D_cylinder_0.5_0.5_det,inner,1,SA,0.01,Double,Yes_Kink,2925,6634717
result_trotter_30_Heisenberg2D_cylinder_0.5_0.5_det,inner,1,SA,0.1,Double,No_Top,2857,2913999
result_trotter_30_Heisenberg2D_cylinder_0.5_0.5_det,inner,1,SA,0.001,Proj,No_Kink,3063,9746352
result_trotter_30_Heisenberg2D_cylinder_0.5_0.5_det,inner,1,SA,0.01,Single,No_Kink,2928,5729532
result_trotter_30_Heisenberg2D_cylinder_0.5_0.5_det,inner,1,SA,0.1,Double,No_Kink,2912,5371159
result_trotter_30_Heisenberg2D_cylinder_0.5_0.5_det,inner,1,SA,0.1,Proj,No_MSF,246,42108
result_trotter_30_Heisenberg2D_cylinder_0.5_0.5_det,inner,1,SA,0.001,Proj,Yes_Kink,3099,9555430
result_trotter_30_Heisenberg2D_cylinder_0.5_0.5_det,inner,1,SA,0.1,Proj,No_Top,2829,509388
result_trotter_30_Heisenberg2D_cylinder_0.5_0.5_det,inner,1,SA,0.1,Single,No_MSF,318,164010
result_trotter_30_Heisenberg2D_cylinder_0.5_0.5_det,inner,1,SA,0.1,Single,No_Top,2860,2916252
result_trotter_30_Heisenberg2D_cylinder_0.5_0.5_det,inner,1,SA,1,Double,No_MSF,315,161486
result_trotter_30_Heisenberg2D_cylinder_0.5_0.5_det,inner,1,SA,1,Double,No_Top,2857,2913999
result_trotter_30_Heisenberg2D_cylinder_0.5_0.5_det,inner,1,SA,0.01,Proj,No_Kink,3193,10120741
result_trotter_30_Heisenberg2D_cylinder_0.5_0.5_det,inner,1,SA,0.1,Double,Yes_Kink,2920,6126407
result_trotter_30_Heisenberg2D_cylinder_0.5_0.5_det,inner,1,SA,1,Proj,No_MSF,246,42108
result_trotter_30_Heisenberg2D_cylinder_0.5_0.5_det,inner,1,SA,0.1,Single,No_Kink,2923,5423019
result_trotter_30_Heisenberg2D_cylinder_0.5_0.5_det,inner,1,SA,0.01,Proj,Yes_Kink,3228,9890379
result_trotter_30_Heisenberg2D_cylinder_0.5_0.5_det,inner,1,SA,1,Proj,No_Top,2829,509388
result_trotter_30_Heisenberg2D_cylinder_0.5_0.5_det,inner,1,SA,1,Double,No_Kink,2908,5291019
result_trotter_30_Heisenberg2D_cylinder_0.5_0.5_det,inner,1,SA,1,Single,No_MSF,318,164010
result_trotter_30_Heisenberg2D_cylinder_0.5_0.5_det,inner,1,SA,1,Single,No_Top,2860,2916252
result_trotter_30_Heisenberg2D_cylinder_0.5_0.5_det,inner,1,naive,0,Double,No_MSF,315,161486
result_trotter_30_Heisenberg2D_cylinder_0.5_0.5_det,inner,1,naive,0,Double,No_Top,2857,2913999
result_trotter_30_Heisenberg2D_cylinder_0.5_0.5_det,inner,1,SA,1,Double,Yes_Kink,2912,6084808
result_trotter_30_Heisenberg2D_cylinder_0.5_0.5_det,inner,1,SA,0.1,Proj,No_Kink,2942,9289988
result_trotter_30_Heisenberg2D_cylinder_0.5_0.5_det,inner,1,SA,0.1,Proj,Yes_Kink,2951,8967755
result_trotter_30_Heisenberg2D_cylinder_0.5_0.5_det,inner,1,naive,0,Proj,No_MSF,246,42108
result_trotter_30_Heisenberg2D_cylinder_0.5_0.5_det,inner,1,SA,1,Single,No_Kink,2918,5362309
result_trotter_30_Heisenberg2D_cylinder_0.5_0.5_det,inner,1,naive,0,Proj,No_Top,2829,509388
result_trotter_30_Heisenberg2D_cylinder_0.5_0.5_det,inner,1,naive,0,Single,No_MSF,318,164010
result_trotter_30_Heisenberg2D_cylinder_0.5_0.5_det,inner,1,naive,0,Single,No_Top,2860,2916252
result_trotter_30_Heisenberg2D_cylinder_0.5_0.5_det,inner,1,naive,0,Double,No_Kink,2933,6016355
result_trotter_30_Heisenberg2D_cylinder_0.5_0.5_det,inner,1,random,0,Double,No_MSF,315,161486
result_trotter_30_Heisenberg2D_cylinder_0.5_0.5_det,inner,1,SA,1,Proj,No_Kink,2893,9081494
result_trotter_30_Heisenberg2D_cylinder_0.5_0.5_det,inner,1,random,0,Double,No_Top,2857,2913999
result_trotter_30_Heisenberg2D_cylinder_0.5_0.5_det,inner,1,SA,1,Proj,Yes_Kink,2899,8685350
result_trotter_30_Heisenberg2D_cylinder_0.5_0.5_det,inner,1,naive,0,Single,No_Kink,2973,5883633
result_trotter_30_Heisenberg2D_cylinder_0.5_0.5_det,inner,1,random,0,Proj,No_MSF,246,42108
result_trotter_30_Heisenberg2D_cylinder_0.5_0.5_det,inner,1,naive,0,Double,Yes_Kink,2962,6714387
result_trotter_30_Heisenberg2D_cylinder_0.5_0.5_det,inner,1,random,0,Proj,No_Top,2829,509388
result_trotter_30_Heisenberg2D_cylinder_0.5_0.5_det,inner,1,random,0,Single,No_MSF,318,164010
result_trotter_30_Heisenberg2D_cylinder_0.5_0.5_det,inner,1,random,0,Double,No_Kink,3238,6307698
result_trotter_30_Heisenberg2D_cylinder_0.5_0.5_det,inner,1,random,0,Single,No_Top,2860,2916252
result_trotter_30_Heisenberg2D_cylinder_0.5_0.5_det,inner,2,SA,0.001,Double,No_MSF,315,161486
result_trotter_30_Heisenberg2D_cylinder_0.5_0.5_det,inner,1,random,0,Double,Yes_Kink,3279,6362962
result_trotter_30_Heisenberg2D_cylinder_0.5_0.5_det,inner,2,SA,0.001,Double,No_Top,2857,2913999
result_trotter_30_Heisenberg2D_cylinder_0.5_0.5_det,inner,1,naive,0,Proj,Yes_Kink,2974,9478411
result_trotter_30_Heisenberg2D_cylinder_0.5_0.5_det,inner,1,naive,0,Proj,No_Kink,2968,9597699
result_trotter_30_Heisenberg2D_cylinder_0.5_0.5_det,inner,1,random,0,Single,No_Kink,3470,6264782
result_trotter_30_Heisenberg2D_cylinder_0.5_0.5_det,inner,2,SA,0.001,Proj,No_MSF,246,42108
result_trotter_30_Heisenberg2D_cylinder_0.5_0.5_det,inner,2,SA,0.001,Proj,No_Top,2829,509388
result_trotter_30_Heisenberg2D_cylinder_0.5_0.5_det,inner,2,SA,0.001,Double,No_Kink,2878,5044689
result_trotter_30_Heisenberg2D_cylinder_0.5_0.5_det,inner,2,SA,0.001,Single,No_MSF,318,164010
result_trotter_30_Heisenberg2D_cylinder_0.5_0.5_det,inner,2,SA,0.001,Double,Yes_Kink,2880,5137338
result_trotter_30_Heisenberg2D_cylinder_0.5_0.5_det,inner,2,SA,0.001,Single,No_Top,2860,2916252
result_trotter_30_Heisenberg2D_cylinder_0.5_0.5_det,inner,2,SA,0.01,Double,No_MSF,315,161486
result_trotter_30_Heisenberg2D_cylinder_0.5_0.5_det,inner,2,SA,0.001,Single,No_Kink,2879,4472104
result_trotter_30_Heisenberg2D_cylinder_0.5_0.5_det,inner,2,SA,0.01,Double,No_Top,2857,2913999
result_trotter_30_Heisenberg2D_cylinder_0.5_0.5_det,inner,1,random,0,Proj,No_Kink,3293,10403697
result_trotter_30_Heisenberg2D_cylinder_0.5_0.5_det,inner,2,SA,0.001,Single,Yes_Kink,2889,4684808
result_trotter_30_Heisenberg2D_cylinder_0.5_0.5_det,inner,2,SA,0.01,Proj,No_MSF,246,42108
result_trotter_30_Heisenberg2D_cylinder_0.5_0.5_det,inner,2,SA,0.01,Proj,No_Top,2829,509388
result_trotter_30_Heisenberg2D_cylinder_0.5_0.5_det,inner,2,SA,0.01,Double,No_Kink,2876,4890729
result_trotter_30_Heisenberg2D_cylinder_0.5_0.5_det,inner,1,random,0,Proj,Yes_Kink,3320,10145371
result_trotter_30_Heisenberg2D_cylinder_0.5_0.5_det,inner,2,SA,0.01,Single,No_MSF,318,164010
result_trotter_30_Heisenberg2D_cylinder_0.5_0.5_det,inner,2,SA,0.01,Single,No_Top,2860,2916252
result_trotter_30_Heisenberg2D_cylinder_0.5_0.5_det,inner,2,SA,0.01,Double,Yes_Kink,2879,5022457
result_trotter_30_Heisenberg2D_cylinder_0.5_0.5_det,inner,2,SA,0.1,Double,No_MSF,315,161486
result_trotter_30_Heisenberg2D_cylinder_0.5_0.5_det,inner,2,SA,0.01,Single,No_Kink,2877,4510462
result_trotter_30_Heisenberg2D_cylinder_0.5_0.5_det,inner,2,SA,0.1,Double,No_Top,2857,2913999
result_trotter_30_Heisenberg2D_cylinder_0.5_0.5_det,inner,2,SA,0.01,Single,Yes_Kink,2886,4882778
result_trotter_30_Heisenberg2D_cylinder_0.5_0.5_det,inner,2,SA,0.1,Proj,No_MSF,246,42108
result_trotter_30_Heisenberg2D_cylinder_0.5_0.5_det,inner,2,SA,0.1,Double,No_Kink,2879,4882358
result_trotter_30_Heisenberg2D_cylinder_0.5_0.5_det,inner,2,SA,0.001,Proj,No_Kink,2960,10716794
result_trotter_30_Heisenberg2D_cylinder_0.5_0.5_det,inner,2,SA,0.1,Proj,No_Top,2829,509388
result_trotter_30_Heisenberg2D_cylinder_0.5_0.5_det,inner,2,SA,0.001,Proj,Yes_Kink,2964,10475619
result_trotter_30_Heisenberg2D_cylinder_0.5_0.5_det,inner,2,SA,0.1,Double,Yes_Kink,2883,5029288
result_trotter_30_Heisenberg2D_cylinder_0.5_0.5_det,inner,2,SA,0.1,Single,No_MSF,318,164010
result_trotter_30_Heisenberg2D_cylinder_0.5_0.5_det,inner,2,SA,0.1,Single,No_Top,2860,2916252
result_trotter_30_Heisenberg2D_cylinder_0.5_0.5_det,inner,2,SA,1,Double,No_MSF,315,161486
result_trotter_30_Heisenberg2D_cylinder_0.5_0.5_det,inner,2,SA,1,Double,No_Top,2857,2913999
result_trotter_30_Heisenberg2D_cylinder_0.5_0.5_det,inner,2,SA,0.1,Single,No_Kink,2881,4474485
result_trotter_30_Heisenberg2D_cylinder_0.5_0.5_det,inner,2,SA,0.1,Single,Yes_Kink,2888,4595032
result_trotter_30_Heisenberg2D_cylinder_0.5_0.5_det,inner,2,SA,0.01,Proj,No_Kink,2888,10427616
result_trotter_30_Heisenberg2D_cylinder_0.5_0.5_det,inner,2,SA,1,Double,No_Kink,2878,5160115
result_trotter_30_Heisenberg2D_cylinder_0.5_0.5_det,inner,2,SA,1,Proj,No_MSF,246,42108
result_trotter_30_Heisenberg2D_cylinder_0.5_0.5_det,inner,2,SA,1,Proj,No_Top,2829,509388
result_trotter_30_Heisenberg2D_cylinder_0.5_0.5_det,inner,2,SA,0.01,Proj,Yes_Kink,2891,10200786
result_trotter_30_Heisenberg2D_cylinder_0.5_0.5_det,inner,2,SA,1,Single,No_MSF,318,164010
result_trotter_30_Heisenberg2D_cylinder_0.5_0.5_det,inner,2,SA,1,Single,No_Top,2860,2916252
result_trotter_30_Heisenberg2D_cylinder_0.5_0.5_det,inner,2,SA,1,Double,Yes_Kink,2880,5225765
result_trotter_30_Heisenberg2D_cylinder_0.5_0.5_det,inner,2,SA,1,Single,No_Kink,2880,4400163
result_trotter_30_Heisenberg2D_cylinder_0.5_0.5_det,inner,2,naive,0,Double,No_MSF,315,161486
result_trotter_30_Heisenberg2D_cylinder_0.5_0.5_det,inner,2,naive,0,Double,No_Top,2857,2913999
result_trotter_30_Heisenberg2D_cylinder_0.5_0.5_det,inner,2,SA,0.1,Proj,No_Kink,2869,10245170
result_trotter_30_Heisenberg2D_cylinder_0.5_0.5_det,inner,2,SA,1,Single,Yes_Kink,2889,4931282
result_trotter_30_Heisenberg2D_cylinder_0.5_0.5_det,inner,2,naive,0,Proj,No_MSF,246,42108
result_trotter_30_Heisenberg2D_cylinder_0.5_0.5_det,inner,2,SA,0.1,Proj,Yes_Kink,2873,10013297
result_trotter_30_Heisenberg2D_cylinder_0.5_0.5_det,inner,2,naive,0,Proj,No_Top,2829,509388
result_trotter_30_Heisenberg2D_cylinder_0.5_0.5_det,inner,2,naive,0,Single,No_MSF,318,164010
result_trotter_30_Heisenberg2D_cylinder_0.5_0.5_det,inner,2,naive,0,Double,No_Kink,2938,6417405
result_trotter_30_Heisenberg2D_cylinder_0.5_0.5_det,inner,2,naive,0,Single,No_Top,2860,2916252
result_trotter_30_Heisenberg2D_cylinder_0.5_0.5_det,inner,2,SA,1,Proj,No_Kink,2868,10334813
result_trotter_30_Heisenberg2D_cylinder_0.5_0.5_det,inner,2,naive,0,Double,Yes_Kink,2941,6370410
result_trotter_30_Heisenberg2D_cylinder_0.5_0.5_det,inner,2,random,0,Double,No_MSF,315,161486
result_trotter_30_Heisenberg2D_cylinder_0.5_0.5_det,inner,2,random,0,Double,No_Top,2857,2913999
result_trotter_30_Heisenberg2D_cylinder_0.5_0.5_det,inner,2,naive,0,Single,No_Kink,2958,6175570
result_trotter_30_Heisenberg2D_cylinder_0.5_0.5_det,inner,2,SA,1,Proj,Yes_Kink,2874,10097045
result_trotter_30_Heisenberg2D_cylinder_0.5_0.5_det,inner,2,random,0,Proj,No_MSF,246,42108
result_trotter_30_Heisenberg2D_cylinder_0.5_0.5_det,inner,2,random,0,Proj,No_Top,2829,509388
result_trotter_30_Heisenberg2D_cylinder_0.5_0.5_det,inner,2,random,0,Double,No_Kink,3048,5460984
result_trotter_30_Heisenberg2D_cylinder_0.5_0.5_det,inner,2,naive,0,Single,Yes_Kink,2967,6190230
result_trotter_30_Heisenberg2D_cylinder_0.5_0.5_det,inner,2,random,0,Single,No_Top,2860,2916252
result_trotter_30_Heisenberg2D_cylinder_0.5_0.5_det,inner,2,random,0,Single,No_MSF,318,164010
result_trotter_30_Heisenberg2D_cylinder_0.5_0.5_det,inner,2,random,0,Double,Yes_Kink,3062,5453377
result_trotter_30_Heisenberg2D_cylinder_0.5_0.5_det,outer,1,SA,0.001,Double,No_MSF,315,161486
result_trotter_30_Heisenberg2D_cylinder_0.5_0.5_det,outer,1,SA,0.001,Double,No_Top,2857,2913999
result_trotter_30_Heisenberg2D_cylinder_0.5_0.5_det,inner,2,random,0,Single,No_Kink,3090,5248634
result_trotter_30_Heisenberg2D_cylinder_0.5_0.5_det,inner,2,naive,0,Proj,No_Kink,3055,11171903
result_trotter_30_Heisenberg2D_cylinder_0.5_0.5_det,outer,1,SA,0.001,Proj,No_MSF,246,42108
result_trotter_30_Heisenberg2D_cylinder_0.5_0.5_det,inner,2,random,0,Single,Yes_Kink,3103,5296442
result_trotter_30_Heisenberg2D_cylinder_0.5_0.5_det,inner,2,naive,0,Proj,Yes_Kink,3066,11082733
result_trotter_30_Heisenberg2D_cylinder_0.5_0.5_det,outer,1,SA,0.001,Proj,No_Top,2829,509388
result_trotter_30_Heisenberg2D_cylinder_0.5_0.5_det,outer,1,SA,0.001,Single,No_MSF,318,164010
result_trotter_30_Heisenberg2D_cylinder_0.5_0.5_det,outer,1,SA,0.001,Double,No_Kink,2910,5913594
result_trotter_30_Heisenberg2D_cylinder_0.5_0.5_det,outer,1,SA,0.001,Single,No_Top,2860,2916252
result_trotter_30_Heisenberg2D_cylinder_0.5_0.5_det,outer,1,SA,0.01,Double,No_MSF,315,161486
result_trotter_30_Heisenberg2D_cylinder_0.5_0.5_det,outer,1,SA,0.01,Double,No_Top,2857,2913999
result_trotter_30_Heisenberg2D_cylinder_0.5_0.5_det,outer,1,SA,0.001,Double,Yes_Kink,2931,6973530
result_trotter_30_Heisenberg2D_cylinder_0.5_0.5_det,outer,1,SA,0.001,Single,No_Kink,2930,5816495
result_trotter_30_Heisenberg2D_cylinder_0.5_0.5_det,inner,2,random,0,Proj,No_Kink,3100,11209393
result_trotter_30_Heisenberg2D_cylinder_0.5_0.5_det,outer,1,SA,0.01,Proj,No_MSF,246,42108
result_trotter_30_Heisenberg2D_cylinder_0.5_0.5_det,outer,1,SA,0.01,Proj,No_Top,2829,509388
result_trotter_30_Heisenberg2D_cylinder_0.5_0.5_det,inner,2,random,0,Proj,Yes_Kink,3118,11015842
result_trotter_30_Heisenberg2D_cylinder_0.5_0.5_det,outer,1,SA,0.01,Double,No_Kink,2906,6046502
result_trotter_30_Heisenberg2D_cylinder_0.5_0.5_det,outer,1,SA,0.01,Single,No_MSF,318,164010
result_trotter_30_Heisenberg2D_cylinder_0.5_0.5_det,outer,1,SA,0.001,Proj,No_Kink,2940,9560193
result_trotter_30_Heisenberg2D_cylinder_0.5_0.5_det,outer,1,SA,0.01,Single,No_Top,2860,2916252
result_trotter_30_Heisenberg2D_cylinder_0.5_0.5_det,outer,1,SA,0.1,Double,No_MSF,315,161486
result_trotter_30_Heisenberg2D_cylinder_0.5_0.5_det,outer,1,SA,0.1,Double,No_Top,2857,2913999
result_trotter_30_Heisenberg2D_cylinder_0.5_0.5_det,outer,1,SA,0.001,Proj,Yes_Kink,2947,9418540
result_trotter_30_Heisenberg2D_cylinder_0.5_0.5_det,outer,1,SA,0.1,Proj,No_MSF,246,42108
result_trotter_30_Heisenberg2D_cylinder_0.5_0.5_det,outer,1,SA,0.01,Double,Yes_Kink,2928,7139426
result_trotter_30_Heisenberg2D_cylinder_0.5_0.5_det,outer,1,SA,0.01,Single,No_Kink,2922,5919525
result_trotter_30_Heisenberg2D_cylinder_0.5_0.5_det,outer,1,SA,0.1,Proj,No_Top,2829,509388
result_trotter_30_Heisenberg2D_cylinder_0.5_0.5_det,outer,1,SA,0.1,Single,No_MSF,318,164010
result_trotter_30_Heisenberg2D_cylinder_0.5_0.5_det,outer,1,SA,0.1,Double,No_Kink,2911,6069576
result_trotter_30_Heisenberg2D_cylinder_0.5_0.5_det,outer,1,SA,0.1,Single,No_Top,2860,2916252
result_trotter_30_Heisenberg2D_cylinder_0.5_0.5_det,outer,1,SA,1,Double,No_MSF,315,161486
result_trotter_30_Heisenberg2D_cylinder_0.5_0.5_det,outer,1,SA,0.01,Proj,No_Kink,2936,9482227
result_trotter_30_Heisenberg2D_cylinder_0.5_0.5_det,outer,1,SA,1,Double,No_Top,2857,2913999
result_trotter_30_Heisenberg2D_cylinder_0.5_0.5_det,outer,1,SA,0.1,Double,Yes_Kink,2936,7093030
result_trotter_30_Heisenberg2D_cylinder_0.5_0.5_det,outer,1,SA,1,Proj,No_MSF,246,42108
result_trotter_30_Heisenberg2D_cylinder_0.5_0.5_det,outer,1,SA,0.1,Single,No_Kink,2925,5817105
result_trotter_30_Heisenberg2D_cylinder_0.5_0.5_det,outer,1,SA,0.01,Proj,Yes_Kink,2944,9364186
result_trotter_30_Heisenberg2D_cylinder_0.5_0.5_det,outer,1,SA,1,Proj,No_Top,2829,509388
result_trotter_30_Heisenberg2D_cylinder_0.5_0.5_det,outer,1,SA,1,Single,No_MSF,318,164010
result_trotter_30_Heisenberg2D_cylinder_0.5_0.5_det,outer,1,SA,1,Double,No_Kink,2927,5883622
result_trotter_30_Heisenberg2D_cylinder_0.5_0.5_det,outer,1,SA,1,Single,No_Top,2860,2916252
result_trotter_30_Heisenberg2D_cylinder_0.5_0.5_det,outer,1,SA,0.1,Proj,No_Kink,2940,9528751
result_trotter_30_Heisenberg2D_cylinder_0.5_0.5_det,outer,1,naive,0,Double,No_MSF,315,161486
result_trotter_30_Heisenberg2D_cylinder_0.5_0.5_det,outer,1,naive,0,Double,No_Top,2857,2913999
result_trotter_30_Heisenberg2D_cylinder_0.5_0.5_det,outer,1,SA,0.1,Proj,Yes_Kink,2947,9397930
result_trotter_30_Heisenberg2D_cylinder_0.5_0.5_det,outer,1,SA,1,Double,Yes_Kink,2948,7012425
result_trotter_30_Heisenberg2D_cylinder_0.5_0.5_det,outer,1,naive,0,Proj,No_MSF,246,42108
result_trotter_30_Heisenberg2D_cylinder_0.5_0.5_det,outer,1,SA,1,Single,No_Kink,2945,5849746
result_trotter_30_Heisenberg2D_cylinder_0.5_0.5_det,outer,1,naive,0,Proj,No_Top,2829,509388
result_trotter_30_Heisenberg2D_cylinder_0.5_0.5_det,outer,1,naive,0,Single,No_MSF,318,164010
result_trotter_30_Heisenberg2D_cylinder_0.5_0.5_det,outer,1,naive,0,Single,No_Top,2860,2916252
result_trotter_30_Heisenberg2D_cylinder_0.5_0.5_det,outer,1,naive,0,Double,No_Kink,2933,6016355
result_trotter_30_Heisenberg2D_cylinder_0.5_0.5_det,outer,1,random,0,Double,No_MSF,315,161486
result_trotter_30_Heisenberg2D_cylinder_0.5_0.5_det,outer,1,SA,1,Proj,No_Kink,2954,9576431
result_trotter_30_Heisenberg2D_cylinder_0.5_0.5_det,outer,1,naive,0,Double,Yes_Kink,2962,6714387
result_trotter_30_Heisenberg2D_cylinder_0.5_0.5_det,outer,1,random,0,Double,No_Top,2857,2913999
result_trotter_30_Heisenberg2D_cylinder_0.5_0.5_det,outer,1,random,0,Proj,No_MSF,246,42108
result_trotter_30_Heisenberg2D_cylinder_0.5_0.5_det,outer,1,SA,1,Proj,Yes_Kink,2961,9441859
result_trotter_30_Heisenberg2D_cylinder_0.5_0.5_det,outer,1,naive,0,Single,No_Kink,2973,5883633
result_trotter_30_Heisenberg2D_cylinder_0.5_0.5_det,outer,1,random,0,Proj,No_Top,2829,509388
result_trotter_30_Heisenberg2D_cylinder_0.5_0.5_det,outer,1,random,0,Single,No_MSF,318,164010
result_trotter_30_Heisenberg2D_cylinder_0.5_0.5_det,outer,1,random,0,Single,No_Top,2860,2916252
result_trotter_30_Heisenberg2D_cylinder_0.5_0.5_det,outer,1,naive,0,Proj,No_Kink,2968,9597699
result_trotter_30_Heisenberg2D_cylinder_0.5_0.5_det,outer,2,SA,0.001,Double,No_MSF,315,161486
result_trotter_30_Heisenberg2D_cylinder_0.5_0.5_det,outer,1,random,0,Double,No_Kink,3331,7571233
result_trotter_30_Heisenberg2D_cylinder_0.5_0.5_det,outer,2,SA,0.001,Double,No_Top,2857,2913999
result_trotter_30_Heisenberg2D_cylinder_0.5_0.5_det,outer,1,random,0,Double,Yes_Kink,3348,7425310
result_trotter_30_Heisenberg2D_cylinder_0.5_0.5_det,outer,1,naive,0,Proj,Yes_Kink,2974,9478411
result_trotter_30_Heisenberg2D_cylinder_0.5_0.5_det,outer,2,SA,0.001,Proj,No_MSF,246,42108
result_trotter_30_Heisenberg2D_cylinder_0.5_0.5_det,outer,2,SA,0.001,Proj,No_Top,2829,509388
result_trotter_30_Heisenberg2D_cylinder_0.5_0.5_det,outer,1,random,0,Single,No_Kink,3610,7226329
result_trotter_30_Heisenberg2D_cylinder_0.5_0.5_det,outer,2,SA,0.001,Double,No_Kink,2879,5852508
result_trotter_30_Heisenberg2D_cylinder_0.5_0.5_det,outer,2,SA,0.001,Single,No_MSF,318,164010
result_trotter_30_Heisenberg2D_cylinder_0.5_0.5_det,outer,2,SA,0.001,Single,No_Top,2860,2916252
result_trotter_30_Heisenberg2D_cylinder_0.5_0.5_det,outer,1,random,0,Proj,No_Kink,3274,10605323
result_trotter_30_Heisenberg2D_cylinder_0.5_0.5_det,outer,2,SA,0.001,Double,Yes_Kink,2882,6101464
result_trotter_30_Heisenberg2D_cylinder_0.5_0.5_det,outer,2,SA,0.01,Double,No_MSF,315,161486
result_trotter_30_Heisenberg2D_cylinder_0.5_0.5_det,outer,2,SA,0.01,Double,No_Top,2857,2913999
result_trotter_30_Heisenberg2D_cylinder_0.5_0.5_det,outer,1,random,0,Proj,Yes_Kink,3307,10544917
result_trotter_30_Heisenberg2D_cylinder_0.5_0.5_det,outer,2,SA,0.001,Single,No_Kink,2884,6071663
result_trotter_30_Heisenberg2D_cylinder_0.5_0.5_det,outer,2,SA,0.01,Proj,No_MSF,246,42108
result_trotter_30_Heisenberg2D_cylinder_0.5_0.5_det,outer,2,SA,0.01,Proj,No_Top,2829,509388
result_trotter_30_Heisenberg2D_cylinder_0.5_0.5_det,outer,2,SA,0.001,Single,Yes_Kink,2896,6143818
result_trotter_30_Heisenberg2D_cylinder_0.5_0.5_det,outer,2,SA,0.01,Double,No_Kink,2880,5916815
result_trotter_30_Heisenberg2D_cylinder_0.5_0.5_det,outer,2,SA,0.01,Single,No_MSF,318,164010
result_trotter_30_Heisenberg2D_cylinder_0.5_0.5_det,outer,2,SA,0.01,Single,No_Top,2860,2916252
result_trotter_30_Heisenberg2D_cylinder_0.5_0.5_det,outer,2,SA,0.01,Double,Yes_Kink,2884,6214488
result_trotter_30_Heisenberg2D_cylinder_0.5_0.5_det,outer,2,SA,0.1,Double,No_MSF,315,161486
result_trotter_30_Heisenberg2D_cylinder_0.5_0.5_det,outer,2,SA,0.001,Proj,No_Kink,2869,10581523
result_trotter_30_Heisenberg2D_cylinder_0.5_0.5_det,outer,2,SA,0.001,Proj,Yes_Kink,2874,10484046
result_trotter_30_Heisenberg2D_cylinder_0.5_0.5_det,outer,2,SA,0.01,Single,No_Kink,2885,6006293
result_trotter_30_Heisenberg2D_cylinder_0.5_0.5_det,outer,2,SA,0.1,Double,No_Top,2857,2913999
result_trotter_30_Heisenberg2D_cylinder_0.5_0.5_det,outer,2,SA,0.1,Proj,No_MSF,246,42108
result_trotter_30_Heisenberg2D_cylinder_0.5_0.5_det,outer,2,SA,0.1,Proj,No_Top,2829,509388
result_trotter_30_Heisenberg2D_cylinder_0.5_0.5_det,outer,2,SA,0.01,Single,Yes_Kink,2899,6227388
result_trotter_30_Heisenberg2D_cylinder_0.5_0.5_det,outer,2,SA,0.1,Double,No_Kink,2885,5898663
result_trotter_30_Heisenberg2D_cylinder_0.5_0.5_det,outer,2,SA,0.1,Single,No_MSF,318,164010
result_trotter_30_Heisenberg2D_cylinder_0.5_0.5_det,outer,2,SA,0.1,Single,No_Top,2860,2916252
result_trotter_30_Heisenberg2D_cylinder_0.5_0.5_det,outer,2,SA,0.01,Proj,No_Kink,2868,10576272
result_trotter_30_Heisenberg2D_cylinder_0.5_0.5_det,outer,2,SA,0.1,Double,Yes_Kink,2888,6277615
result_trotter_30_Heisenberg2D_cylinder_0.5_0.5_det,outer,2,SA,0.01,Proj,Yes_Kink,2875,10485574
result_trotter_30_Heisenberg2D_cylinder_0.5_0.5_det,outer,2,SA,1,Double,No_MSF,315,161486
result_trotter_30_Heisenberg2D_cylinder_0.5_0.5_det,outer,2,SA,1,Double,No_Top,2857,2913999
result_trotter_30_Heisenberg2D_cylinder_0.5_0.5_det,outer,2,SA,0.1,Single,No_Kink,2891,6050518
result_trotter_30_Heisenberg2D_cylinder_0.5_0.5_det,outer,2,SA,1,Proj,No_MSF,246,42108
result_trotter_30_Heisenberg2D_cylinder_0.5_0.5_det,outer,2,SA,1,Proj,No_Top,2829,509388
result_trotter_30_Heisenberg2D_cylinder_0.5_0.5_det,outer,2,SA,1,Double,No_Kink,2888,5598410
result_trotter_30_Heisenberg2D_cylinder_0.5_0.5_det,outer,2,SA,0.1,Single,Yes_Kink,2904,6207068
result_trotter_30_Heisenberg2D_cylinder_0.5_0.5_det,outer,2,SA,1,Single,No_MSF,318,164010
result_trotter_30_Heisenberg2D_cylinder_0.5_0.5_det,outer,2,SA,1,Single,No_Top,2860,2916252
result_trotter_30_Heisenberg2D_cylinder_0.5_0.5_det,outer,2,SA,1,Double,Yes_Kink,2889,5751222
result_trotter_30_Heisenberg2D_cylinder_0.5_0.5_det,outer,2,naive,0,Double,No_MSF,315,161486
result_trotter_30_Heisenberg2D_cylinder_0.5_0.5_det,outer,2,SA,0.1,Proj,No_Kink,2876,10590682
result_trotter_30_Heisenberg2D_cylinder_0.5_0.5_det,outer,2,naive,0,Double,No_Top,2857,2913999
result_trotter_30_Heisenberg2D_cylinder_0.5_0.5_det,outer,2,SA,1,Single,No_Kink,2890,5676516
result_trotter_30_Heisenberg2D_cylinder_0.5_0.5_det,outer,2,SA,0.1,Proj,Yes_Kink,2882,10480834
result_trotter_30_Heisenberg2D_cylinder_0.5_0.5_det,outer,2,naive,0,Proj,No_MSF,246,42108
result_trotter_30_Heisenberg2D_cylinder_0.5_0.5_det,outer,2,SA,1,Single,Yes_Kink,2904,5719615
result_trotter_30_Heisenberg2D_cylinder_0.5_0.5_det,outer,2,naive,0,Proj,No_Top,2829,509388
result_trotter_30_Heisenberg2D_cylinder_0.5_0.5_det,outer,2,naive,0,Single,No_MSF,318,164010
result_trotter_30_Heisenberg2D_cylinder_0.5_0.5_det,outer,2,naive,0,Double,No_Kink,2938,6417405
result_trotter_30_Heisenberg2D_cylinder_0.5_0.5_det,outer,2,naive,0,Single,No_Top,2860,2916252
result_trotter_30_Heisenberg2D_cylinder_0.5_0.5_det,outer,2,SA,1,Proj,No_Kink,2878,10621686
result_trotter_30_Heisenberg2D_cylinder_0.5_0.5_det,outer,2,naive,0,Double,Yes_Kink,2941,6370410
result_trotter_30_Heisenberg2D_cylinder_0.5_0.5_det,outer,2,random,0,Double,No_MSF,315,161486
result_trotter_30_Heisenberg2D_cylinder_0.5_0.5_det,outer,2,random,0,Double,No_Top,2857,2913999
result_trotter_30_Heisenberg2D_cylinder_0.5_0.5_det,outer,2,naive,0,Single,No_Kink,2958,6175570
result_trotter_30_Heisenberg2D_cylinder_0.5_0.5_det,outer,2,SA,1,Proj,Yes_Kink,2884,10506540
result_trotter_30_Heisenberg2D_cylinder_0.5_0.5_det,outer,2,random,0,Proj,No_MSF,246,42108
result_trotter_30_Heisenberg2D_cylinder_0.5_0.5_det,outer,2,random,0,Proj,No_Top,2829,509388
result_trotter_30_Heisenberg2D_cylinder_0.5_0.5_det,outer,2,naive,0,Single,Yes_Kink,2967,6190230
result_trotter_30_Heisenberg2D_cylinder_0.5_0.5_det,outer,2,random,0,Single,No_MSF,318,164010
result_trotter_30_Heisenberg2D_cylinder_0.5_0.5_det,outer,2,random,0,Double,No_Kink,3076,6601354
result_trotter_30_Heisenberg2D_cylinder_0.5_0.5_det,outer,2,random,0,Single,No_Top,2860,2916252
result_trotter_30_Heisenberg2D_cylinder_0.5_0.5_det,outer,2,random,0,Double,Yes_Kink,3086,6629096
result_trotter_30_Heisenberg2D_cylinder_0.5_0.5_det,outer,2,naive,0,Proj,Yes_Kink,3066,11082733
result_trotter_30_Heisenberg2D_cylinder_0.5_0.5_det,outer,2,naive,0,Proj,No_Kink,3055,11171903
result_trotter_30_Heisenberg2D_cylinder_0.5_0.5_rand,inner,1,SA,0.001,Double,No_Kink,2848,4899274
result_trotter_30_Heisenberg2D_cylinder_0.5_0.5_rand,inner,1,SA,0.001,Double,No_MSF,584,326630
result_trotter_30_Heisenberg2D_cylinder_0.5_0.5_det,outer,2,random,0,Single,No_Kink,3153,6650005
result_trotter_30_Heisenberg2D_cylinder_0.5_0.5_rand,inner,1,SA,0.001,Double,No_Top,2849,2760691
result_trotter_30_Heisenberg2D_cylinder_0.5_0.5_rand,inner,1,SA,0.001,Proj,No_MSF,246,42120
result_trotter_30_Heisenberg2D_cylinder_0.5_0.5_rand,inner,1,SA,0.001,Proj,No_Top,2829,509400
result_trotter_30_Heisenberg2D_cylinder_0.5_0.5_det,outer,2,random,0,Single,Yes_Kink,3169,6693484
result_trotter_30_Heisenberg2D_cylinder_0.5_0.5_rand,inner,1,SA,0.001,Single,No_MSF,604,343238
result_trotter_30_Heisenberg2D_cylinder_0.5_0.5_rand,inner,1,SA,0.001,Single,No_Top,2851,2763584
result_trotter_30_Heisenberg2D_cylinder_0.5_0.5_rand,inner,1,SA,0.01,Double,No_MSF,584,326630
result_trotter_30_Heisenberg2D_cylinder_0.5_0.5_rand,inner,1,SA,0.001,Double,Yes_Kink,2852,5227303
result_trotter_30_Heisenberg2D_cylinder_0.5_0.5_rand,inner,1,SA,0.01,Double,No_Top,2849,2760691
result_trotter_30_Heisenberg2D_cylinder_0.5_0.5_rand,inner,1,SA,0.001,Single,No_Kink,2858,4987036
result_trotter_30_Heisenberg2D_cylinder_0.5_0.5_det,outer,2,random,0,Proj,No_Kink,3112,11449732
result_trotter_30_Heisenberg2D_cylinder_0.5_0.5_rand,inner,1,SA,0.01,Proj,No_MSF,246,42120
result_trotter_30_Heisenberg2D_cylinder_0.5_0.5_rand,inner,1,SA,0.01,Double,No_Kink,2849,5027488
result_trotter_30_Heisenberg2D_cylinder_0.5_0.5_rand,inner,1,SA,0.01,Proj,No_Top,2829,509400
result_trotter_30_Heisenberg2D_cylinder_0.5_0.5_rand,inner,1,SA,0.01,Single,No_MSF,604,343238
result_trotter_30_Heisenberg2D_cylinder_0.5_0.5_det,outer,2,random,0,Proj,Yes_Kink,3133,11392300
result_trotter_30_Heisenberg2D_cylinder_0.5_0.5_rand,inner,1,SA,0.01,Single,No_Top,2851,2763584
result_trotter_30_Heisenberg2D_cylinder_0.5_0.5_rand,inner,1,SA,0.01,Double,Yes_Kink,2858,5312950
result_trotter_30_Heisenberg2D_cylinder_0.5_0.5_rand,inner,1,SA,0.1,Double,No_MSF,584,326630
result_trotter_30_Heisenberg2D_cylinder_0.5_0.5_rand,inner,1,SA,0.001,Proj,No_Kink,3034,9329873
result_trotter_30_Heisenberg2D_cylinder_0.5_0.5_rand,inner,1,SA,0.1,Double,No_Top,2849,2760691
result_trotter_30_Heisenberg2D_cylinder_0.5_0.5_rand,inner,1,SA,0.1,Proj,No_MSF,246,42120
result_trotter_30_Heisenberg2D_cylinder_0.5_0.5_rand,inner,1,SA,0.001,Proj,Yes_Kink,3037,9072460
result_trotter_30_Heisenberg2D_cylinder_0.5_0.5_rand,inner,1,SA,0.01,Single,No_Kink,2864,5026353
result_trotter_30_Heisenberg2D_cylinder_0.5_0.5_rand,inner,1,SA,0.1,Double,No_Kink,2849,4343216
result_trotter_30_Heisenberg2D_cylinder_0.5_0.5_rand,inner,1,SA,0.1,Proj,No_Top,2829,509400
result_trotter_30_Heisenberg2D_cylinder_0.5_0.5_rand,inner,1,SA,0.1,Single,No_MSF,604,343238
result_trotter_30_Heisenberg2D_cylinder_0.5_0.5_rand,inner,1,SA,0.1,Single,No_Top,2851,2763584
result_trotter_30_Heisenberg2D_cylinder_0.5_0.5_rand,inner,1,SA,0.1,Double,Yes_Kink,2849,4827770
result_trotter_30_Heisenberg2D_cylinder_0.5_0.5_rand,inner,1,SA,1,Double,No_MSF,584,326630
result_trotter_30_Heisenberg2D_cylinder_0.5_0.5_rand,inner,1,SA,1,Double,No_Top,2849,2760691
result_trotter_30_Heisenberg2D_cylinder_0.5_0.5_rand,inner,1,SA,0.01,Proj,No_Kink,2919,9067256
result_trotter_30_Heisenberg2D_cylinder_0.5_0.5_rand,inner,1,SA,0.1,Single,No_Kink,2854,4681030
result_trotter_30_Heisenberg2D_cylinder_0.5_0.5_rand,inner,1,SA,1,Double,No_Kink,2852,4218323
result_trotter_30_Heisenberg2D_cylinder_0.5_0.5_rand,inner,1,SA,1,Proj,No_MSF,246,42120
result_trotter_30_Heisenberg2D_cylinder_0.5_0.5_rand,inner,1,SA,1,Proj,No_Top,2829,509400
result_trotter_30_Heisenberg2D_cylinder_0.5_0.5_rand,inner,1,SA,0.01,Proj,Yes_Kink,2982,8985304
result_trotter_30_Heisenberg2D_cylinder_0.5_0.5_rand,inner,1,SA,1,Single,No_MSF,604,343238
result_trotter_30_Heisenberg2D_cylinder_0.5_0.5_rand,inner,1,SA,1,Double,Yes_Kink,2850,4817714
result_trotter_30_Heisenberg2D_cylinder_0.5_0.5_rand,inner,1,SA,1,Single,No_Top,2851,2763584
result_trotter_30_Heisenberg2D_cylinder_0.5_0.5_rand,inner,1,naive,0,Double,No_MSF,584,326630
result_trotter_30_Heisenberg2D_cylinder_0.5_0.5_rand,inner,1,naive,0,Double,No_Top,2849,2760691
result_trotter_30_Heisenberg2D_cylinder_0.5_0.5_rand,inner,1,SA,1,Single,No_Kink,2856,4644981
result_trotter_30_Heisenberg2D_cylinder_0.5_0.5_rand,inner,1,SA,0.1,Proj,No_Kink,2868,8688570
result_trotter_30_Heisenberg2D_cylinder_0.5_0.5_rand,inner,1,naive,0,Proj,No_MSF,246,42120
result_trotter_30_Heisenberg2D_cylinder_0.5_0.5_rand,inner,1,SA,0.1,Proj,Yes_Kink,2872,8428388
result_trotter_30_Heisenberg2D_cylinder_0.5_0.5_rand,inner,1,naive,0,Proj,No_Top,2829,509400
result_trotter_30_Heisenberg2D_cylinder_0.5_0.5_rand,inner,1,naive,0,Single,No_MSF,604,343238
result_trotter_30_Heisenberg2D_cylinder_0.5_0.5_rand,inner,1,naive,0,Single,No_Top,2851,2763584
result_trotter_30_Heisenberg2D_cylinder_0.5_0.5_rand,inner,1,naive,0,Double,No_Kink,2976,6911333
result_trotter_30_Heisenberg2D_cylinder_0.5_0.5_rand,inner,1,random,0,Double,No_MSF,584,326630
result_trotter_30_Heisenberg2D_cylinder_0.5_0.5_rand,inner,1,naive,0,Double,Yes_Kink,3023,6956028
result_trotter_30_Heisenberg2D_cylinder_0.5_0.5_rand,inner,1,SA,1,Proj,No_Kink,2935,8488822
result_trotter_30_Heisenberg2D_cylinder_0.5_0.5_rand,inner,1,random,0,Double,No_Top,2849,2760691
result_trotter_30_Heisenberg2D_cylinder_0.5_0.5_rand,inner,1,SA,1,Proj,Yes_Kink,2935,8215170
result_trotter_30_Heisenberg2D_cylinder_0.5_0.5_rand,inner,1,random,0,Proj,No_MSF,246,42120
result_trotter_30_Heisenberg2D_cylinder_0.5_0.5_rand,inner,1,random,0,Proj,No_Top,2829,509400
result_trotter_30_Heisenberg2D_cylinder_0.5_0.5_rand,inner,1,naive,0,Single,No_Kink,3382,6712322
result_trotter_30_Heisenberg2D_cylinder_0.5_0.5_rand,inner,1,random,0,Single,No_MSF,604,343238
result_trotter_30_Heisenberg2D_cylinder_0.5_0.5_rand,inner,1,random,0,Double,No_Kink,2896,5891707
result_trotter_30_Heisenberg2D_cylinder_0.5_0.5_rand,inner,1,random,0,Single,No_Top,2851,2763584
result_trotter_30_Heisenberg2D_cylinder_0.5_0.5_rand,inner,2,SA,0.001,Double,No_MSF,584,326630
result_trotter_30_Heisenberg2D_cylinder_0.5_0.5_rand,inner,2,SA,0.001,Double,No_Top,2849,2760691
result_trotter_30_Heisenberg2D_cylinder_0.5_0.5_rand,inner,1,random,0,Double,Yes_Kink,2954,5997743
result_trotter_30_Heisenberg2D_cylinder_0.5_0.5_rand,inner,1,naive,0,Proj,No_Kink,3053,9759119
result_trotter_30_Heisenberg2D_cylinder_0.5_0.5_rand,inner,1,naive,0,Proj,Yes_Kink,3107,9776518
result_trotter_30_Heisenberg2D_cylinder_0.5_0.5_rand,inner,2,SA,0.001,Double,No_Kink,2850,4076411
result_trotter_30_Heisenberg2D_cylinder_0.5_0.5_rand,inner,1,random,0,Single,No_Kink,2976,5706906
result_trotter_30_Heisenberg2D_cylinder_0.5_0.5_rand,inner,2,SA,0.001,Proj,No_MSF,246,42120
result_trotter_30_Heisenberg2D_cylinder_0.5_0.5_rand,inner,2,SA,0.001,Proj,No_Top,2829,509400
result_trotter_30_Heisenberg2D_cylinder_0.5_0.5_rand,inner,2,SA,0.001,Single,No_MSF,604,343238
result_trotter_30_Heisenberg2D_cylinder_0.5_0.5_rand,inner,2,SA,0.001,Single,No_Top,2851,2763584
result_trotter_30_Heisenberg2D_cylinder_0.5_0.5_rand,inner,2,SA,0.001,Double,Yes_Kink,2849,4131189
result_trotter_30_Heisenberg2D_cylinder_0.5_0.5_rand,inner,2,SA,0.01,Double,No_MSF,584,326630
result_trotter_30_Heisenberg2D_cylinder_0.5_0.5_rand,inner,2,SA,0.001,Single,No_Kink,2851,4033683
result_trotter_30_Heisenberg2D_cylinder_0.5_0.5_rand,inner,2,SA,0.01,Double,No_Top,2849,2760691
result_trotter_30_Heisenberg2D_cylinder_0.5_0.5_rand,inner,1,random,0,Proj,Yes_Kink,3203,9573546
result_trotter_30_Heisenberg2D_cylinder_0.5_0.5_rand,inner,2,SA,0.01,Double,No_Kink,2849,3929473
result_trotter_30_Heisenberg2D_cylinder_0.5_0.5_rand,inner,1,random,0,Proj,No_Kink,3155,9793162
result_trotter_30_Heisenberg2D_cylinder_0.5_0.5_rand,inner,2,SA,0.001,Single,Yes_Kink,2850,4224289
result_trotter_30_Heisenberg2D_cylinder_0.5_0.5_rand,inner,2,SA,0.01,Proj,No_MSF,246,42120
result_trotter_30_Heisenberg2D_cylinder_0.5_0.5_rand,inner,2,SA,0.01,Proj,No_Top,2829,509400
result_trotter_30_Heisenberg2D_cylinder_0.5_0.5_rand,inner,2,SA,0.01,Single,No_MSF,604,343238
result_trotter_30_Heisenberg2D_cylinder_0.5_0.5_rand,inner,2,SA,0.01,Single,No_Top,2851,2763584
result_trotter_30_Heisenberg2D_cylinder_0.5_0.5_rand,inner,2,SA,0.01,Double,Yes_Kink,2849,4019518
result_trotter_30_Heisenberg2D_cylinder_0.5_0.5_rand,inner,2,SA,0.1,Double,No_MSF,584,326630
result_trotter_30_Heisenberg2D_cylinder_0.5_0.5_rand,inner,2,SA,0.01,Single,No_Kink,2851,3863478
result_trotter_30_Heisenberg2D_cylinder_0.5_0.5_rand,inner,2,SA,0.1,Double,No_Top,2849,2760691
result_trotter_30_Heisenberg2D_cylinder_0.5_0.5_rand,inner,2,SA,0.1,Double,No_Kink,2849,3863323
result_trotter_30_Heisenberg2D_cylinder_0.5_0.5_rand,inner,2,SA,0.01,Single,Yes_Kink,2850,4017108
result_trotter_30_Heisenberg2D_cylinder_0.5_0.5_rand,inner,2,SA,0.1,Proj,No_MSF,246,42120
result_trotter_30_Heisenberg2D_cylinder_0.5_0.5_rand,inner,2,SA,0.1,Proj,No_Top,2829,509400
result_trotter_30_Heisenberg2D_cylinder_0.5_0.5_rand,inner,2,SA,0.1,Double,Yes_Kink,2848,3942612
result_trotter_30_Heisenberg2D_cylinder_0.5_0.5_rand,inner,2,SA,0.001,Proj,No_Kink,2869,10109563
result_trotter_30_Heisenberg2D_cylinder_0.5_0.5_rand,inner,2,SA,0.1,Single,No_MSF,604,343238
result_trotter_30_Heisenberg2D_cylinder_0.5_0.5_rand,inner,2,SA,0.001,Proj,Yes_Kink,2869,9910177
result_trotter_30_Heisenberg2D_cylinder_0.5_0.5_rand,inner,2,SA,0.1,Single,No_Top,2851,2763584
result_trotter_30_Heisenberg2D_cylinder_0.5_0.5_rand,inner,2,SA,0.1,Single,No_Kink,2851,3773467
result_trotter_30_Heisenberg2D_cylinder_0.5_0.5_rand,inner,2,SA,1,Double,No_MSF,584,326630
result_trotter_30_Heisenberg2D_cylinder_0.5_0.5_rand,inner,2,SA,1,Double,No_Top,2849,2760691
result_trotter_30_Heisenberg2D_cylinder_0.5_0.5_rand,inner,2,SA,1,Double,No_Kink,2848,3775196
result_trotter_30_Heisenberg2D_cylinder_0.5_0.5_rand,inner,2,SA,0.1,Single,Yes_Kink,2850,3920709
result_trotter_30_Heisenberg2D_cylinder_0.5_0.5_rand,inner,2,SA,1,Proj,No_MSF,246,42120
result_trotter_30_Heisenberg2D_cylinder_0.5_0.5_rand,inner,2,SA,1,Proj,No_Top,2829,509400
result_trotter_30_Heisenberg2D_cylinder_0.5_0.5_rand,inner,2,SA,1,Double,Yes_Kink,2848,3817346
result_trotter_30_Heisenberg2D_cylinder_0.5_0.5_rand,inner,2,SA,1,Single,No_MSF,604,343238
result_trotter_30_Heisenberg2D_cylinder_0.5_0.5_rand,inner,2,SA,0.01,Proj,Yes_Kink,2844,9811421
result_trotter_30_Heisenberg2D_cylinder_0.5_0.5_rand,inner,2,SA,0.01,Proj,No_Kink,2844,10026054
result_trotter_30_Heisenberg2D_cylinder_0.5_0.5_rand,inner,2,SA,1,Single,No_Top,2851,2763584
result_trotter_30_Heisenberg2D_cylinder_0.5_0.5_rand,inner,2,SA,1,Single,No_Kink,2852,3694784
result_trotter_30_Heisenberg2D_cylinder_0.5_0.5_rand,inner,2,naive,0,Double,No_MSF,584,326630
result_trotter_30_Heisenberg2D_cylinder_0.5_0.5_rand,inner,2,naive,0,Double,No_Top,2849,2760691
result_trotter_30_Heisenberg2D_cylinder_0.5_0.5_rand,inner,2,SA,1,Single,Yes_Kink,2851,3810663
result_trotter_30_Heisenberg2D_cylinder_0.5_0.5_rand,inner,2,naive,0,Proj,No_MSF,246,42120
result_trotter_30_Heisenberg2D_cylinder_0.5_0.5_rand,inner,2,SA,0.1,Proj,No_Kink,2847,9798994
result_trotter_30_Heisenberg2D_cylinder_0.5_0.5_rand,inner,2,naive,0,Proj,No_Top,2829,509400
result_trotter_30_Heisenberg2D_cylinder_0.5_0.5_rand,inner,2,SA,0.1,Proj,Yes_Kink,2847,9640089
result_trotter_30_Heisenberg2D_cylinder_0.5_0.5_rand,inner,2,naive,0,Double,No_Kink,2880,6056121
result_trotter_30_Heisenberg2D_cylinder_0.5_0.5_rand,inner,2,naive,0,Single,No_MSF,604,343238
result_trotter_30_Heisenberg2D_cylinder_0.5_0.5_rand,inner,2,naive,0,Single,No_Top,2851,2763584
result_trotter_30_Heisenberg2D_cylinder_0.5_0.5_rand,inner,2,naive,0,Double,Yes_Kink,2899,6121478
result_trotter_30_Heisenberg2D_cylinder_0.5_0.5_rand,inner,2,random,0,Double,No_MSF,584,326630
result_trotter_30_Heisenberg2D_cylinder_0.5_0.5_rand,inner,2,random,0,Double,No_Top,2849,2760691
result_trotter_30_Heisenberg2D_cylinder_0.5_0.5_rand,inner,2,SA,1,Proj,No_Kink,2928,9684198
result_trotter_30_Heisenberg2D_cylinder_0.5_0.5_rand,inner,2,SA,1,Proj,Yes_Kink,2927,9567113
result_trotter_30_Heisenberg2D_cylinder_0.5_0.5_rand,inner,2,random,0,Proj,No_MSF,246,42120
result_trotter_30_Heisenberg2D_cylinder_0.5_0.5_rand,inner,2,random,0,Double,No_Kink,2856,5088693
result_trotter_30_Heisenberg2D_cylinder_0.5_0.5_rand,inner,2,naive,0,Single,No_Kink,2949,6059290
result_trotter_30_Heisenberg2D_cylinder_0.5_0.5_rand,inner,2,random,0,Proj,No_Top,2829,509400
result_trotter_30_Heisenberg2D_cylinder_0.5_0.5_rand,inner,2,naive,0,Single,Yes_Kink,2959,6076508
result_trotter_30_Heisenberg2D_cylinder_0.5_0.5_rand,inner,2,random,0,Single,No_MSF,604,343238
result_trotter_30_Heisenberg2D_cylinder_0.5_0.5_rand,inner,2,random,0,Single,No_Top,2851,2763584
result_trotter_30_Heisenberg2D_cylinder_0.5_0.5_rand,inner,2,random,0,Double,Yes_Kink,2870,5172151
result_trotter_30_Heisenberg2D_cylinder_0.5_0.5_rand,outer,1,SA,0.001,Double,No_MSF,584,326630
result_trotter_30_Heisenberg2D_cylinder_0.5_0.5_rand,inner,2,naive,0,Proj,No_Kink,2940,10657479
result_trotter_30_Heisenberg2D_cylinder_0.5_0.5_rand,inner,2,random,0,Single,No_Kink,2878,4962567
result_trotter_30_Heisenberg2D_cylinder_0.5_0.5_rand,outer,1,SA,0.001,Double,No_Top,2849,2760691
result_trotter_30_Heisenberg2D_cylinder_0.5_0.5_rand,outer,1,SA,0.001,Proj,No_MSF,246,42120
result_trotter_30_Heisenberg2D_cylinder_0.5_0.5_rand,inner,2,random,0,Single,Yes_Kink,2882,4978650
result_trotter_30_Heisenberg2D_cylinder_0.5_0.5_rand,inner,2,naive,0,Proj,Yes_Kink,2969,10635447
result_trotter_30_Heisenberg2D_cylinder_0.5_0.5_rand,outer,1,SA,0.001,Proj,No_Top,2829,509400
result_trotter_30_Heisenberg2D_cylinder_0.5_0.5_rand,outer,1,SA,0.001,Double,No_Kink,2848,5660102
result_trotter_30_Heisenberg2D_cylinder_0.5_0.5_rand,outer,1,SA,0.001,Single,No_MSF,604,343238
result_trotter_30_Heisenberg2D_cylinder_0.5_0.5_rand,outer,1,SA,0.001,Single,No_Top,2851,2763584
result_trotter_30_Heisenberg2D_cylinder_0.5_0.5_rand,outer,1,SA,0.01,Double,No_MSF,584,326630
result_trotter_30_Heisenberg2D_cylinder_0.5_0.5_rand,outer,1,SA,0.01,Double,No_Top,2849,2760691
result_trotter_30_Heisenberg2D_cylinder_0.5_0.5_rand,outer,1,SA,0.001,Double,Yes_Kink,2875,5966998
result_trotter_30_Heisenberg2D_cylinder_0.5_0.5_rand,outer,1,SA,0.001,Single,No_Kink,2884,5500212
result_trotter_30_Heisenberg2D_cylinder_0.5_0.5_rand,inner,2,random,0,Proj,No_Kink,2958,10407154
result_trotter_30_Heisenberg2D_cylinder_0.5_0.5_rand,inner,2,random,0,Proj,Yes_Kink,2981,10222354
result_trotter_30_Heisenberg2D_cylinder_0.5_0.5_rand,outer,1,SA,0.01,Proj,No_MSF,246,42120
result_trotter_30_Heisenberg2D_cylinder_0.5_0.5_rand,outer,1,SA,0.01,Proj,No_Top,2829,509400
result_trotter_30_Heisenberg2D_cylinder_0.5_0.5_rand,outer,1,SA,0.01,Single,No_MSF,604,343238
result_trotter_30_Heisenberg2D_cylinder_0.5_0.5_rand,outer,1,SA,0.01,Double,No_Kink,2850,5915582
result_trotter_30_Heisenberg2D_cylinder_0.5_0.5_rand,outer,1,SA,0.01,Single,No_Top,2851,2763584
result_trotter_30_Heisenberg2D_cylinder_0.5_0.5_rand,outer,1,SA,0.1,Double,No_MSF,584,326630
result_trotter_30_Heisenberg2D_cylinder_0.5_0.5_rand,outer,1,SA,0.001,Proj,No_Kink,2886,9313227
result_trotter_30_Heisenberg2D_cylinder_0.5_0.5_rand,outer,1,SA,0.01,Double,Yes_Kink,2877,6049150
result_trotter_30_Heisenberg2D_cylinder_0.5_0.5_rand,outer,1,SA,0.1,Double,No_Top,2849,2760691
result_trotter_30_Heisenberg2D_cylinder_0.5_0.5_rand,outer,1,SA,0.01,Single,No_Kink,2882,5524371
result_trotter_30_Heisenberg2D_cylinder_0.5_0.5_rand,outer,1,SA,0.1,Proj,No_MSF,246,42120
result_trotter_30_Heisenberg2D_cylinder_0.5_0.5_rand,outer,1,SA,0.001,Proj,Yes_Kink,2889,9131964
result_trotter_30_Heisenberg2D_cylinder_0.5_0.5_rand,outer,1,SA,0.1,Proj,No_Top,2829,509400
result_trotter_30_Heisenberg2D_cylinder_0.5_0.5_rand,outer,1,SA,0.1,Single,No_MSF,604,343238
result_trotter_30_Heisenberg2D_cylinder_0.5_0.5_rand,outer,1,SA,0.1,Single,No_Top,2851,2763584
result_trotter_30_Heisenberg2D_cylinder_0.5_0.5_rand,outer,1,SA,0.1,Double,No_Kink,2849,5786066
result_trotter_30_Heisenberg2D_cylinder_0.5_0.5_rand,outer,1,SA,1,Double,No_MSF,584,326630
result_trotter_30_Heisenberg2D_cylinder_0.5_0.5_rand,outer,1,SA,1,Double,No_Top,2849,2760691
result_trotter_30_Heisenberg2D_cylinder_0.5_0.5_rand,outer,1,SA,0.01,Proj,No_Kink,2891,9308723
result_trotter_30_Heisenberg2D_cylinder_0.5_0.5_rand,outer,1,SA,0.1,Double,Yes_Kink,2877,5958718
result_trotter_30_Heisenberg2D_cylinder_0.5_0.5_rand,outer,1,SA,0.1,Single,No_Kink,2877,5499288
result_trotter_30_Heisenberg2D_cylinder_0.5_0.5_rand,outer,1,SA,1,Proj,No_MSF,246,42120
result_trotter_30_Heisenberg2D_cylinder_0.5_0.5_rand,outer,1,SA,1,Proj,No_Top,2829,509400
result_trotter_30_Heisenberg2D_cylinder_0.5_0.5_rand,outer,1,SA,0.01,Proj,Yes_Kink,2892,9133265
result_trotter_30_Heisenberg2D_cylinder_0.5_0.5_rand,outer,1,SA,1,Single,No_MSF,604,343238
result_trotter_30_Heisenberg2D_cylinder_0.5_0.5_rand,outer,1,SA,1,Double,No_Kink,2849,5737286
result_trotter_30_Heisenberg2D_cylinder_0.5_0.5_rand,outer,1,SA,1,Single,No_Top,2851,2763584
result_trotter_30_Heisenberg2D_cylinder_0.5_0.5_rand,outer,1,naive,0,Double,No_MSF,584,326630
result_trotter_30_Heisenberg2D_cylinder_0.5_0.5_rand,outer,1,SA,1,Double,Yes_Kink,2881,5975867
result_trotter_30_Heisenberg2D_cylinder_0.5_0.5_rand,outer,1,naive,0,Double,No_Top,2849,2760691
result_trotter_30_Heisenberg2D_cylinder_0.5_0.5_rand,outer,1,SA,0.1,Proj,No_Kink,2888,9311755
result_trotter_30_Heisenberg2D_cylinder_0.5_0.5_rand,outer,1,SA,0.1,Proj,Yes_Kink,2893,9133497
result_trotter_30_Heisenberg2D_cylinder_0.5_0.5_rand,outer,1,SA,1,Single,No_Kink,2879,5489092
result_trotter_30_Heisenberg2D_cylinder_0.5_0.5_rand,outer,1,naive,0,Proj,No_MSF,246,42120
result_trotter_30_Heisenberg2D_cylinder_0.5_0.5_rand,outer,1,naive,0,Proj,No_Top,2829,509400
result_trotter_30_Heisenberg2D_cylinder_0.5_0.5_rand,outer,1,naive,0,Single,No_MSF,604,343238
result_trotter_30_Heisenberg2D_cylinder_0.5_0.5_rand,outer,1,naive,0,Single,No_Top,2851,2763584
result_trotter_30_Heisenberg2D_cylinder_0.5_0.5_rand,outer,1,naive,0,Double,No_Kink,2976,6911333
result_trotter_30_Heisenberg2D_cylinder_0.5_0.5_rand,outer,1,random,0,Double,No_MSF,584,326630
result_trotter_30_Heisenberg2D_cylinder_0.5_0.5_rand,outer,1,SA,1,Proj,No_Kink,2888,9309949
result_trotter_30_Heisenberg2D_cylinder_0.5_0.5_rand,outer,1,SA,1,Proj,Yes_Kink,2892,9134891
result_trotter_30_Heisenberg2D_cylinder_0.5_0.5_rand,outer,1,random,0,Double,No_Top,2849,2760691
result_trotter_30_Heisenberg2D_cylinder_0.5_0.5_rand,outer,1,random,0,Proj,No_MSF,246,42120
result_trotter_30_Heisenberg2D_cylinder_0.5_0.5_rand,outer,1,naive,0,Double,Yes_Kink,3023,6956028
result_trotter_30_Heisenberg2D_cylinder_0.5_0.5_rand,outer,1,naive,0,Single,No_Kink,3382,6712322
result_trotter_30_Heisenberg2D_cylinder_0.5_0.5_rand,outer,1,random,0,Proj,No_Top,2829,509400
result_trotter_30_Heisenberg2D_cylinder_0.5_0.5_rand,outer,1,random,0,Single,No_MSF,604,343238
result_trotter_30_Heisenberg2D_cylinder_0.5_0.5_rand,outer,1,random,0,Single,No_Top,2851,2763584
result_trotter_30_Heisenberg2D_cylinder_0.5_0.5_rand,outer,1,random,0,Double,No_Kink,2996,7014778
result_trotter_30_Heisenberg2D_cylinder_0.5_0.5_rand,outer,2,SA,0.001,Double,No_MSF,584,326630
result_trotter_30_Heisenberg2D_cylinder_0.5_0.5_rand,outer,1,naive,0,Proj,No_Kink,3053,9759119
result_trotter_30_Heisenberg2D_cylinder_0.5_0.5_rand,outer,1,random,0,Double,Yes_Kink,3051,7057776
result_trotter_30_Heisenberg2D_cylinder_0.5_0.5_rand,outer,2,SA,0.001,Double,No_Top,2849,2760691
result_trotter_30_Heisenberg2D_cylinder_0.5_0.5_rand,outer,1,naive,0,Proj,Yes_Kink,3107,9776518
result_trotter_30_Heisenberg2D_cylinder_0.5_0.5_rand,outer,2,SA,0.001,Proj,No_MSF,246,42120
result_trotter_30_Heisenberg2D_cylinder_0.5_0.5_rand,outer,2,SA,0.001,Proj,No_Top,2829,509400
result_trotter_30_Heisenberg2D_cylinder_0.5_0.5_rand,outer,1,random,0,Single,No_Kink,3452,6864388
result_trotter_30_Heisenberg2D_cylinder_0.5_0.5_rand,outer,2,SA,0.001,Double,No_Kink,2849,5590810
result_trotter_30_Heisenberg2D_cylinder_0.5_0.5_rand,outer,2,SA,0.001,Single,No_MSF,604,343238
result_trotter_30_Heisenberg2D_cylinder_0.5_0.5_rand,outer,2,SA,0.001,Single,No_Top,2851,2763584
result_trotter_30_Heisenberg2D_cylinder_0.5_0.5_rand,outer,1,random,0,Proj,No_Kink,3091,9868607
result_trotter_30_Heisenberg2D_cylinder_0.5_0.5_rand,outer,2,SA,0.001,Double,Yes_Kink,2851,5670541
result_trotter_30_Heisenberg2D_cylinder_0.5_0.5_rand,outer,2,SA,0.01,Double,No_MSF,584,326630
result_trotter_30_Heisenberg2D_cylinder_0.5_0.5_rand,outer,2,SA,0.01,Double,No_Top,2849,2760691
result_trotter_30_Heisenberg2D_cylinder_0.5_0.5_rand,outer,1,random,0,Proj,Yes_Kink,3146,9887287
result_trotter_30_Heisenberg2D_cylinder_0.5_0.5_rand,outer,2,SA,0.001,Single,Yes_Kink,2860,5666350
result_trotter_30_Heisenberg2D_cylinder_0.5_0.5_rand,outer,2,SA,0.001,Single,No_Kink,2855,5624876
result_trotter_30_Heisenberg2D_cylinder_0.5_0.5_rand,outer,2,SA,0.01,Proj,No_MSF,246,42120
result_trotter_30_Heisenberg2D_cylinder_0.5_0.5_rand,outer,2,SA,0.01,Proj,No_Top,2829,509400
result_trotter_30_Heisenberg2D_cylinder_0.5_0.5_rand,outer,2,SA,0.01,Single,No_MSF,604,343238
result_trotter_30_Heisenberg2D_cylinder_0.5_0.5_rand,outer,2,SA,0.01,Double,No_Kink,2849,5574748
result_trotter_30_Heisenberg2D_cylinder_0.5_0.5_rand,outer,2,SA,0.01,Single,No_Top,2851,2763584
result_trotter_30_Heisenberg2D_cylinder_0.5_0.5_rand,outer,2,SA,0.01,Double,Yes_Kink,2850,5665119
result_trotter_30_Heisenberg2D_cylinder_0.5_0.5_rand,outer,2,SA,0.1,Double,No_MSF,584,326630
result_trotter_30_Heisenberg2D_cylinder_0.5_0.5_rand,outer,2,SA,0.1,Double,No_Top,2849,2760691
result_trotter_30_Heisenberg2D_cylinder_0.5_0.5_rand,outer,2,SA,0.01,Single,No_Kink,2853,5590234
result_trotter_30_Heisenberg2D_cylinder_0.5_0.5_rand,outer,2,SA,0.001,Proj,No_Kink,2847,10351633
result_trotter_30_Heisenberg2D_cylinder_0.5_0.5_rand,outer,2,SA,0.1,Proj,No_MSF,246,42120
result_trotter_30_Heisenberg2D_cylinder_0.5_0.5_rand,outer,2,SA,0.1,Proj,No_Top,2829,509400
result_trotter_30_Heisenberg2D_cylinder_0.5_0.5_rand,outer,2,SA,0.001,Proj,Yes_Kink,2846,10241319
result_trotter_30_Heisenberg2D_cylinder_0.5_0.5_rand,outer,2,SA,0.1,Double,No_Kink,2848,5404394
result_trotter_30_Heisenberg2D_cylinder_0.5_0.5_rand,outer,2,SA,0.01,Single,Yes_Kink,2859,5641384
result_trotter_30_Heisenberg2D_cylinder_0.5_0.5_rand,outer,2,SA,0.1,Single,No_MSF,604,343238
result_trotter_30_Heisenberg2D_cylinder_0.5_0.5_rand,outer,2,SA,0.1,Single,No_Top,2851,2763584
result_trotter_30_Heisenberg2D_cylinder_0.5_0.5_rand,outer,2,SA,0.1,Double,Yes_Kink,2850,5501952
result_trotter_30_Heisenberg2D_cylinder_0.5_0.5_rand,outer,2,SA,1,Double,No_MSF,584,326630
result_trotter_30_Heisenberg2D_cylinder_0.5_0.5_rand,outer,2,SA,0.01,Proj,No_Kink,2845,10345856
result_trotter_30_Heisenberg2D_cylinder_0.5_0.5_rand,outer,2,SA,1,Double,No_Top,2849,2760691
result_trotter_30_Heisenberg2D_cylinder_0.5_0.5_rand,outer,2,SA,0.1,Single,No_Kink,2853,5426514
result_trotter_30_Heisenberg2D_cylinder_0.5_0.5_rand,outer,2,SA,0.1,Single,Yes_Kink,2859,5478495
result_trotter_30_Heisenberg2D_cylinder_0.5_0.5_rand,outer,2,SA,1,Double,No_Kink,2849,5333856
result_trotter_30_Heisenberg2D_cylinder_0.5_0.5_rand,outer,2,SA,1,Proj,No_MSF,246,42120
result_trotter_30_Heisenberg2D_cylinder_0.5_0.5_rand,outer,2,SA,0.01,Proj,Yes_Kink,2846,10234047
result_trotter_30_Heisenberg2D_cylinder_0.5_0.5_rand,outer,2,SA,1,Proj,No_Top,2829,509400
result_trotter_30_Heisenberg2D_cylinder_0.5_0.5_rand,outer,2,SA,1,Single,No_MSF,604,343238
result_trotter_30_Heisenberg2D_cylinder_0.5_0.5_rand,outer,2,SA,1,Single,No_Top,2851,2763584
result_trotter_30_Heisenberg2D_cylinder_0.5_0.5_rand,outer,2,SA,1,Double,Yes_Kink,2850,5451513
result_trotter_30_Heisenberg2D_cylinder_0.5_0.5_rand,outer,2,naive,0,Double,No_MSF,584,326630
result_trotter_30_Heisenberg2D_cylinder_0.5_0.5_rand,outer,2,naive,0,Double,No_Top,2849,2760691
result_trotter_30_Heisenberg2D_cylinder_0.5_0.5_rand,outer,2,SA,0.1,Proj,No_Kink,2847,10360352
result_trotter_30_Heisenberg2D_cylinder_0.5_0.5_rand,outer,2,SA,1,Single,No_Kink,2856,5398666
result_trotter_30_Heisenberg2D_cylinder_0.5_0.5_rand,outer,2,naive,0,Proj,No_MSF,246,42120
result_trotter_30_Heisenberg2D_cylinder_0.5_0.5_rand,outer,2,SA,0.1,Proj,Yes_Kink,2848,10222291
result_trotter_30_Heisenberg2D_cylinder_0.5_0.5_rand,outer,2,SA,1,Single,Yes_Kink,2861,5447190
result_trotter_30_Heisenberg2D_cylinder_0.5_0.5_rand,outer,2,naive,0,Proj,No_Top,2829,509400
result_trotter_30_Heisenberg2D_cylinder_0.5_0.5_rand,outer,2,naive,0,Single,No_MSF,604,343238
result_trotter_30_Heisenberg2D_cylinder_0.5_0.5_rand,outer,2,naive,0,Double,No_Kink,2880,6056121
result_trotter_30_Heisenberg2D_cylinder_0.5_0.5_rand,outer,2,naive,0,Single,No_Top,2851,2763584
result_trotter_30_Heisenberg2D_cylinder_0.5_0.5_rand,outer,2,naive,0,Double,Yes_Kink,2899,6121478
result_trotter_30_Heisenberg2D_cylinder_0.5_0.5_rand,outer,2,SA,1,Proj,No_Kink,2844,10367475
result_trotter_30_Heisenberg2D_cylinder_0.5_0.5_rand,outer,2,random,0,Double,No_MSF,584,326630
result_trotter_30_Heisenberg2D_cylinder_0.5_0.5_rand,outer,2,random,0,Double,No_Top,2849,2760691
result_trotter_30_Heisenberg2D_cylinder_0.5_0.5_rand,outer,2,naive,0,Single,No_Kink,2949,6059290
result_trotter_30_Heisenberg2D_cylinder_0.5_0.5_rand,outer,2,SA,1,Proj,Yes_Kink,2846,10228005
result_trotter_30_Heisenberg2D_cylinder_0.5_0.5_rand,outer,2,random,0,Proj,No_MSF,246,42120
result_trotter_30_Heisenberg2D_cylinder_0.5_0.5_rand,outer,2,random,0,Proj,No_Top,2829,509400
result_trotter_30_Heisenberg2D_cylinder_0.5_0.5_rand,outer,2,naive,0,Single,Yes_Kink,2959,6076508
result_trotter_30_Heisenberg2D_cylinder_0.5_0.5_rand,outer,2,random,0,Double,No_Kink,2887,6333775
result_trotter_30_Heisenberg2D_cylinder_0.5_0.5_rand,outer,2,random,0,Single,No_MSF,604,343238
result_trotter_30_Heisenberg2D_cylinder_0.5_0.5_rand,outer,2,random,0,Single,No_Top,2851,2763584
result_trotter_4_Heisenberg2D_cylinder_0.5_0.5_det,inner,1,SA,0.001,Double,No_Kink,352,24621
result_trotter_4_Heisenberg2D_cylinder_0.5_0.5_det,inner,1,SA,0.001,Double,No_MSF,311,3062
result_trotter_4_Heisenberg2D_cylinder_0.5_0.5_det,inner,1,SA,0.001,Double,No_Top,339,10906
result_trotter_4_Heisenberg2D_cylinder_0.5_0.5_det,inner,1,SA,0.001,Double,Yes_Kink,369,24232
result_trotter_4_Heisenberg2D_cylinder_0.5_0.5_det,inner,1,SA,0.001,Proj,No_Kink,438,36851
result_trotter_4_Heisenberg2D_cylinder_0.5_0.5_det,inner,1,SA,0.001,Proj,No_MSF,246,624
result_trotter_4_Heisenberg2D_cylinder_0.5_0.5_det,inner,1,SA,0.001,Proj,No_Top,279,8016
result_trotter_4_Heisenberg2D_cylinder_0.5_0.5_det,inner,1,SA,0.001,Proj,Yes_Kink,454,35290
result_trotter_4_Heisenberg2D_cylinder_0.5_0.5_det,inner,1,SA,0.001,Single,No_Kink,375,21603
result_trotter_4_Heisenberg2D_cylinder_0.5_0.5_det,inner,1,SA,0.001,Single,No_MSF,312,3102
result_trotter_4_Heisenberg2D_cylinder_0.5_0.5_det,inner,1,SA,0.001,Single,No_Top,349,11086
result_trotter_4_Heisenberg2D_cylinder_0.5_0.5_det,inner,1,SA,0.01,Double,No_Kink,357,24946
result_trotter_4_Heisenberg2D_cylinder_0.5_0.5_det,inner,1,SA,0.01,Double,No_MSF,311,3062
result_trotter_30_Heisenberg2D_cylinder_0.5_0.5_rand,outer,2,random,0,Double,Yes_Kink,2902,6357241
result_trotter_4_Heisenberg2D_cylinder_0.5_0.5_det,inner,1,SA,0.01,Double,No_Top,339,10906
result_trotter_4_Heisenberg2D_cylinder_0.5_0.5_det,inner,1,SA,0.01,Proj,No_Kink,453,38490
result_trotter_4_Heisenberg2D_cylinder_0.5_0.5_det,inner,1,SA,0.01,Double,Yes_Kink,376,24832
result_trotter_4_Heisenberg2D_cylinder_0.5_0.5_det,inner,1,SA,0.01,Proj,No_MSF,246,624
result_trotter_4_Heisenberg2D_cylinder_0.5_0.5_det,inner,1,SA,0.01,Proj,No_Top,279,8016
result_trotter_4_Heisenberg2D_cylinder_0.5_0.5_det,inner,1,SA,0.01,Proj,Yes_Kink,487,38146
result_trotter_4_Heisenberg2D_cylinder_0.5_0.5_det,inner,1,SA,0.01,Single,No_Kink,376,22366
result_trotter_4_Heisenberg2D_cylinder_0.5_0.5_det,inner,1,SA,0.01,Single,No_MSF,312,3102
result_trotter_4_Heisenberg2D_cylinder_0.5_0.5_det,inner,1,SA,0.01,Single,No_Top,349,11086
result_trotter_4_Heisenberg2D_cylinder_0.5_0.5_det,inner,1,SA,0.1,Double,No_MSF,311,3062
result_trotter_4_Heisenberg2D_cylinder_0.5_0.5_det,inner,1,SA,0.1,Double,No_Kink,344,23021
result_trotter_4_Heisenberg2D_cylinder_0.5_0.5_det,inner,1,SA,0.1,Double,No_Top,339,10906
result_trotter_4_Heisenberg2D_cylinder_0.5_0.5_det,inner,1,SA,0.1,Double,Yes_Kink,359,23299
result_trotter_4_Heisenberg2D_cylinder_0.5_0.5_det,inner,1,SA,0.1,Proj,No_MSF,246,624
result_trotter_4_Heisenberg2D_cylinder_0.5_0.5_det,inner,1,SA,0.1,Proj,No_Kink,400,34652
result_trotter_4_Heisenberg2D_cylinder_0.5_0.5_det,inner,1,SA,0.1,Proj,No_Top,279,8016
result_trotter_4_Heisenberg2D_cylinder_0.5_0.5_det,inner,1,SA,0.1,Single,No_Kink,363,20479
result_trotter_4_Heisenberg2D_cylinder_0.5_0.5_det,inner,1,SA,0.1,Single,No_MSF,312,3102
result_trotter_4_Heisenberg2D_cylinder_0.5_0.5_det,inner,1,SA,0.1,Single,No_Top,349,11086
result_trotter_4_Heisenberg2D_cylinder_0.5_0.5_det,inner,1,SA,0.1,Proj,Yes_Kink,410,33210
result_trotter_4_Heisenberg2D_cylinder_0.5_0.5_det,inner,1,SA,1,Double,No_MSF,311,3062
result_trotter_4_Heisenberg2D_cylinder_0.5_0.5_det,inner,1,SA,1,Double,No_Kink,351,24215
result_trotter_4_Heisenberg2D_cylinder_0.5_0.5_det,inner,1,SA,1,Double,No_Top,339,10906
result_trotter_4_Heisenberg2D_cylinder_0.5_0.5_det,inner,1,SA,1,Double,Yes_Kink,369,23889
result_trotter_4_Heisenberg2D_cylinder_0.5_0.5_det,inner,1,SA,1,Proj,No_MSF,246,624
result_trotter_4_Heisenberg2D_cylinder_0.5_0.5_det,inner,1,SA,1,Proj,No_Top,279,8016
result_trotter_4_Heisenberg2D_cylinder_0.5_0.5_det,inner,1,SA,1,Proj,No_Kink,527,43041
result_trotter_4_Heisenberg2D_cylinder_0.5_0.5_det,inner,1,SA,1,Single,No_Kink,372,21422
result_trotter_4_Heisenberg2D_cylinder_0.5_0.5_det,inner,1,SA,1,Proj,Yes_Kink,548,40012
result_trotter_4_Heisenberg2D_cylinder_0.5_0.5_det,inner,1,SA,1,Single,No_MSF,312,3102
result_trotter_4_Heisenberg2D_cylinder_0.5_0.5_det,inner,1,SA,1,Single,No_Top,349,11086
result_trotter_4_Heisenberg2D_cylinder_0.5_0.5_det,inner,1,naive,0,Double,No_MSF,311,3062
result_trotter_4_Heisenberg2D_cylinder_0.5_0.5_det,inner,1,naive,0,Double,No_Kink,347,23774
result_trotter_4_Heisenberg2D_cylinder_0.5_0.5_det,inner,1,naive,0,Double,No_Top,339,10906
result_trotter_4_Heisenberg2D_cylinder_0.5_0.5_det,inner,1,naive,0,Double,Yes_Kink,364,23768
result_trotter_4_Heisenberg2D_cylinder_0.5_0.5_det,inner,1,naive,0,Proj,No_MSF,246,624
result_trotter_4_Heisenberg2D_cylinder_0.5_0.5_det,inner,1,naive,0,Proj,No_Kink,374,32289
result_trotter_4_Heisenberg2D_cylinder_0.5_0.5_det,inner,1,naive,0,Proj,No_Top,279,8016
result_trotter_4_Heisenberg2D_cylinder_0.5_0.5_det,inner,1,naive,0,Single,No_Kink,367,21402
result_trotter_4_Heisenberg2D_cylinder_0.5_0.5_det,inner,1,naive,0,Proj,Yes_Kink,387,30876
result_trotter_4_Heisenberg2D_cylinder_0.5_0.5_det,inner,1,naive,0,Single,No_MSF,312,3102
result_trotter_4_Heisenberg2D_cylinder_0.5_0.5_det,inner,1,naive,0,Single,No_Top,349,11086
result_trotter_4_Heisenberg2D_cylinder_0.5_0.5_det,inner,1,random,0,Double,No_MSF,311,3062
result_trotter_4_Heisenberg2D_cylinder_0.5_0.5_det,inner,1,random,0,Double,No_Kink,359,22552
result_trotter_4_Heisenberg2D_cylinder_0.5_0.5_det,inner,1,random,0,Double,No_Top,339,10906
result_trotter_4_Heisenberg2D_cylinder_0.5_0.5_det,inner,1,random,0,Double,Yes_Kink,368,23016
result_trotter_4_Heisenberg2D_cylinder_0.5_0.5_det,inner,1,random,0,Proj,No_Kink,595,45819
result_trotter_4_Heisenberg2D_cylinder_0.5_0.5_det,inner,1,random,0,Proj,No_Top,279,8016
result_trotter_4_Heisenberg2D_cylinder_0.5_0.5_det,inner,1,random,0,Proj,No_MSF,246,624
result_trotter_4_Heisenberg2D_cylinder_0.5_0.5_det,inner,1,random,0,Single,No_Kink,387,20561
result_trotter_4_Heisenberg2D_cylinder_0.5_0.5_det,inner,1,random,0,Single,No_MSF,312,3102
result_trotter_4_Heisenberg2D_cylinder_0.5_0.5_det,inner,1,random,0,Single,No_Top,349,11086
result_trotter_4_Heisenberg2D_cylinder_0.5_0.5_det,inner,2,SA,0.001,Double,No_Kink,364,23919
result_trotter_4_Heisenberg2D_cylinder_0.5_0.5_det,inner,1,random,0,Proj,Yes_Kink,599,43389
result_trotter_4_Heisenberg2D_cylinder_0.5_0.5_det,inner,2,SA,0.001,Double,No_MSF,311,3062
result_trotter_4_Heisenberg2D_cylinder_0.5_0.5_det,inner,2,SA,0.001,Double,No_Top,339,10906
result_trotter_4_Heisenberg2D_cylinder_0.5_0.5_det,inner,2,SA,0.001,Double,Yes_Kink,362,24050
result_trotter_4_Heisenberg2D_cylinder_0.5_0.5_det,inner,2,SA,0.001,Proj,No_MSF,246,624
result_trotter_4_Heisenberg2D_cylinder_0.5_0.5_det,inner,2,SA,0.001,Proj,No_Kink,401,49878
result_trotter_4_Heisenberg2D_cylinder_0.5_0.5_det,inner,2,SA,0.001,Proj,No_Top,279,8016
result_trotter_4_Heisenberg2D_cylinder_0.5_0.5_det,inner,2,SA,0.001,Single,No_Kink,385,21945
result_trotter_4_Heisenberg2D_cylinder_0.5_0.5_det,inner,2,SA,0.001,Single,No_MSF,312,3102
result_trotter_4_Heisenberg2D_cylinder_0.5_0.5_det,inner,2,SA,0.001,Proj,Yes_Kink,411,48291
result_trotter_4_Heisenberg2D_cylinder_0.5_0.5_det,inner,2,SA,0.001,Single,No_Top,349,11086
result_trotter_4_Heisenberg2D_cylinder_0.5_0.5_det,inner,2,SA,0.001,Single,Yes_Kink,369,22637
result_trotter_4_Heisenberg2D_cylinder_0.5_0.5_det,inner,2,SA,0.01,Double,No_Kink,346,22506
result_trotter_4_Heisenberg2D_cylinder_0.5_0.5_det,inner,2,SA,0.01,Double,No_MSF,311,3062
result_trotter_4_Heisenberg2D_cylinder_0.5_0.5_det,inner,2,SA,0.01,Double,No_Top,339,10906
result_trotter_4_Heisenberg2D_cylinder_0.5_0.5_det,inner,2,SA,0.01,Double,Yes_Kink,357,23318
result_trotter_4_Heisenberg2D_cylinder_0.5_0.5_det,inner,2,SA,0.01,Proj,No_MSF,246,624
result_trotter_4_Heisenberg2D_cylinder_0.5_0.5_det,inner,2,SA,0.01,Proj,No_Top,279,8016
result_trotter_4_Heisenberg2D_cylinder_0.5_0.5_det,inner,2,SA,0.01,Proj,No_Kink,436,52453
result_trotter_4_Heisenberg2D_cylinder_0.5_0.5_det,inner,2,SA,0.01,Single,No_Kink,355,21175
result_trotter_4_Heisenberg2D_cylinder_0.5_0.5_det,inner,2,SA,0.01,Single,No_MSF,312,3102
result_trotter_4_Heisenberg2D_cylinder_0.5_0.5_det,inner,2,SA,0.01,Proj,Yes_Kink,442,48702
result_trotter_4_Heisenberg2D_cylinder_0.5_0.5_det,inner,2,SA,0.01,Single,No_Top,349,11086
result_trotter_4_Heisenberg2D_cylinder_0.5_0.5_det,inner,2,SA,0.01,Single,Yes_Kink,364,22228
result_trotter_4_Heisenberg2D_cylinder_0.5_0.5_det,inner,2,SA,0.1,Double,No_Kink,337,20726
result_trotter_4_Heisenberg2D_cylinder_0.5_0.5_det,inner,2,SA,0.1,Double,No_MSF,311,3062
result_trotter_4_Heisenberg2D_cylinder_0.5_0.5_det,inner,2,SA,0.1,Double,No_Top,339,10906
result_trotter_4_Heisenberg2D_cylinder_0.5_0.5_det,inner,2,SA,0.1,Double,Yes_Kink,345,21687
result_trotter_4_Heisenberg2D_cylinder_0.5_0.5_det,inner,2,SA,0.1,Proj,No_MSF,246,624
result_trotter_4_Heisenberg2D_cylinder_0.5_0.5_det,inner,2,SA,0.1,Proj,No_Top,279,8016
result_trotter_4_Heisenberg2D_cylinder_0.5_0.5_det,inner,2,SA,0.1,Proj,No_Kink,361,43337
result_trotter_4_Heisenberg2D_cylinder_0.5_0.5_det,inner,2,SA,0.1,Single,No_Kink,351,18488
result_trotter_4_Heisenberg2D_cylinder_0.5_0.5_det,inner,2,SA,0.1,Single,No_MSF,312,3102
result_trotter_4_Heisenberg2D_cylinder_0.5_0.5_det,inner,2,SA,0.1,Proj,Yes_Kink,362,40967
result_trotter_4_Heisenberg2D_cylinder_0.5_0.5_det,inner,2,SA,0.1,Single,No_Top,349,11086
result_trotter_4_Heisenberg2D_cylinder_0.5_0.5_det,inner,2,SA,0.1,Single,Yes_Kink,351,19155
result_trotter_4_Heisenberg2D_cylinder_0.5_0.5_det,inner,2,SA,1,Double,No_Kink,337,20869
result_trotter_4_Heisenberg2D_cylinder_0.5_0.5_det,inner,2,SA,1,Double,No_MSF,311,3062
result_trotter_4_Heisenberg2D_cylinder_0.5_0.5_det,inner,2,SA,1,Double,No_Top,339,10906
result_trotter_4_Heisenberg2D_cylinder_0.5_0.5_det,inner,2,SA,1,Double,Yes_Kink,348,21313
result_trotter_4_Heisenberg2D_cylinder_0.5_0.5_det,inner,2,SA,1,Proj,No_MSF,246,624
result_trotter_30_Heisenberg2D_cylinder_0.5_0.5_rand,outer,2,naive,0,Proj,No_Kink,2940,10657479
result_trotter_4_Heisenberg2D_cylinder_0.5_0.5_det,inner,2,SA,1,Proj,No_Top,279,8016
result_trotter_4_Heisenberg2D_cylinder_0.5_0.5_det,inner,2,SA,1,Proj,No_Kink,391,46750
result_trotter_4_Heisenberg2D_cylinder_0.5_0.5_det,inner,2,SA,1,Single,No_MSF,312,3102
result_trotter_4_Heisenberg2D_cylinder_0.5_0.5_det,inner,2,SA,1,Single,No_Kink,353,18708
result_trotter_4_Heisenberg2D_cylinder_0.5_0.5_det,inner,2,SA,1,Single,No_Top,349,11086
result_trotter_4_Heisenberg2D_cylinder_0.5_0.5_det,inner,2,SA,1,Single,Yes_Kink,364,20032
result_trotter_4_Heisenberg2D_cylinder_0.5_0.5_det,inner,2,SA,1,Proj,Yes_Kink,398,45280
result_trotter_4_Heisenberg2D_cylinder_0.5_0.5_det,inner,2,naive,0,Double,No_MSF,311,3062
result_trotter_4_Heisenberg2D_cylinder_0.5_0.5_det,inner,2,naive,0,Double,No_Kink,339,22165
result_trotter_4_Heisenberg2D_cylinder_0.5_0.5_det,inner,2,naive,0,Double,No_Top,339,10906
result_trotter_4_Heisenberg2D_cylinder_0.5_0.5_det,inner,2,naive,0,Proj,No_MSF,246,624
result_trotter_4_Heisenberg2D_cylinder_0.5_0.5_det,inner,2,naive,0,Proj,No_Top,279,8016
result_trotter_4_Heisenberg2D_cylinder_0.5_0.5_det,inner,2,naive,0,Double,Yes_Kink,349,22419
result_trotter_4_Heisenberg2D_cylinder_0.5_0.5_det,inner,2,naive,0,Single,No_Kink,353,20158
result_trotter_4_Heisenberg2D_cylinder_0.5_0.5_det,inner,2,naive,0,Proj,No_Kink,392,48600
result_trotter_4_Heisenberg2D_cylinder_0.5_0.5_det,inner,2,naive,0,Single,No_MSF,312,3102
result_trotter_4_Heisenberg2D_cylinder_0.5_0.5_det,inner,2,naive,0,Single,No_Top,349,11086
result_trotter_4_Heisenberg2D_cylinder_0.5_0.5_det,inner,2,naive,0,Proj,Yes_Kink,397,46098
result_trotter_4_Heisenberg2D_cylinder_0.5_0.5_det,inner,2,naive,0,Single,Yes_Kink,359,20339
result_trotter_4_Heisenberg2D_cylinder_0.5_0.5_det,inner,2,random,0,Double,No_MSF,311,3062
result_trotter_4_Heisenberg2D_cylinder_0.5_0.5_det,inner,2,random,0,Double,No_Top,339,10906
result_trotter_4_Heisenberg2D_cylinder_0.5_0.5_det,inner,2,random,0,Double,No_Kink,345,23257
result_trotter_4_Heisenberg2D_cylinder_0.5_0.5_det,inner,2,random,0,Proj,No_MSF,246,624
result_trotter_4_Heisenberg2D_cylinder_0.5_0.5_det,inner,2,random,0,Proj,No_Top,279,8016
result_trotter_4_Heisenberg2D_cylinder_0.5_0.5_det,inner,2,random,0,Double,Yes_Kink,351,24035
result_trotter_4_Heisenberg2D_cylinder_0.5_0.5_det,inner,2,random,0,Single,No_Kink,359,21224
result_trotter_4_Heisenberg2D_cylinder_0.5_0.5_det,inner,2,random,0,Single,No_MSF,312,3102
result_trotter_4_Heisenberg2D_cylinder_0.5_0.5_det,inner,2,random,0,Proj,No_Kink,722,73330
result_trotter_4_Heisenberg2D_cylinder_0.5_0.5_det,inner,2,random,0,Single,No_Top,349,11086
result_trotter_4_Heisenberg2D_cylinder_0.5_0.5_det,inner,2,random,0,Proj,Yes_Kink,730,67156
result_trotter_4_Heisenberg2D_cylinder_0.5_0.5_det,outer,1,SA,0.001,Double,No_MSF,311,3062
result_trotter_4_Heisenberg2D_cylinder_0.5_0.5_det,inner,2,random,0,Single,Yes_Kink,360,21660
result_trotter_4_Heisenberg2D_cylinder_0.5_0.5_det,outer,1,SA,0.001,Double,No_Kink,345,23487
result_trotter_4_Heisenberg2D_cylinder_0.5_0.5_det,outer,1,SA,0.001,Double,No_Top,339,10906
result_trotter_4_Heisenberg2D_cylinder_0.5_0.5_det,outer,1,SA,0.001,Proj,No_MSF,246,624
result_trotter_4_Heisenberg2D_cylinder_0.5_0.5_det,outer,1,SA,0.001,Double,Yes_Kink,359,23241
result_trotter_4_Heisenberg2D_cylinder_0.5_0.5_det,outer,1,SA,0.001,Proj,No_Top,279,8016
result_trotter_4_Heisenberg2D_cylinder_0.5_0.5_det,outer,1,SA,0.001,Proj,No_Kink,365,31040
result_trotter_4_Heisenberg2D_cylinder_0.5_0.5_det,outer,1,SA,0.001,Single,No_MSF,312,3102
result_trotter_4_Heisenberg2D_cylinder_0.5_0.5_det,outer,1,SA,0.001,Single,No_Top,349,11086
result_trotter_4_Heisenberg2D_cylinder_0.5_0.5_det,outer,1,SA,0.001,Single,No_Kink,364,21203
result_trotter_4_Heisenberg2D_cylinder_0.5_0.5_det,outer,1,SA,0.001,Proj,Yes_Kink,378,30120
result_trotter_4_Heisenberg2D_cylinder_0.5_0.5_det,outer,1,SA,0.01,Double,No_Top,339,10906
result_trotter_4_Heisenberg2D_cylinder_0.5_0.5_det,outer,1,SA,0.01,Double,No_MSF,311,3062
result_trotter_4_Heisenberg2D_cylinder_0.5_0.5_det,outer,1,SA,0.01,Double,No_Kink,345,23258
result_trotter_4_Heisenberg2D_cylinder_0.5_0.5_det,outer,1,SA,0.01,Proj,No_MSF,246,624
result_trotter_4_Heisenberg2D_cylinder_0.5_0.5_det,outer,1,SA,0.01,Proj,No_Top,279,8016
result_trotter_4_Heisenberg2D_cylinder_0.5_0.5_det,outer,1,SA,0.01,Double,Yes_Kink,361,23553
result_trotter_4_Heisenberg2D_cylinder_0.5_0.5_det,outer,1,SA,0.01,Proj,No_Kink,366,31120
result_trotter_4_Heisenberg2D_cylinder_0.5_0.5_det,outer,1,SA,0.01,Single,No_MSF,312,3102
result_trotter_4_Heisenberg2D_cylinder_0.5_0.5_det,outer,1,SA,0.01,Proj,Yes_Kink,377,30146
result_trotter_4_Heisenberg2D_cylinder_0.5_0.5_det,outer,1,SA,0.01,Single,No_Kink,364,21174
result_trotter_4_Heisenberg2D_cylinder_0.5_0.5_det,outer,1,SA,0.01,Single,No_Top,349,11086
result_trotter_4_Heisenberg2D_cylinder_0.5_0.5_det,outer,1,SA,0.1,Double,No_MSF,311,3062
result_trotter_4_Heisenberg2D_cylinder_0.5_0.5_det,outer,1,SA,0.1,Double,No_Top,339,10906
result_trotter_4_Heisenberg2D_cylinder_0.5_0.5_det,outer,1,SA,0.1,Double,No_Kink,341,22756
result_trotter_4_Heisenberg2D_cylinder_0.5_0.5_det,outer,1,SA,0.1,Proj,No_MSF,246,624
result_trotter_4_Heisenberg2D_cylinder_0.5_0.5_det,outer,1,SA,0.1,Double,Yes_Kink,358,22468
result_trotter_4_Heisenberg2D_cylinder_0.5_0.5_det,outer,1,SA,0.1,Proj,No_Top,279,8016
result_trotter_4_Heisenberg2D_cylinder_0.5_0.5_det,outer,1,SA,0.1,Proj,No_Kink,365,30950
result_trotter_4_Heisenberg2D_cylinder_0.5_0.5_det,outer,1,SA,0.1,Single,No_MSF,312,3102
result_trotter_4_Heisenberg2D_cylinder_0.5_0.5_det,outer,1,SA,0.1,Single,No_Kink,359,20398
result_trotter_4_Heisenberg2D_cylinder_0.5_0.5_det,outer,1,SA,0.1,Proj,Yes_Kink,376,29908
result_trotter_4_Heisenberg2D_cylinder_0.5_0.5_det,outer,1,SA,0.1,Single,No_Top,349,11086
result_trotter_4_Heisenberg2D_cylinder_0.5_0.5_det,outer,1,SA,1,Double,No_Top,339,10906
result_trotter_4_Heisenberg2D_cylinder_0.5_0.5_det,outer,1,SA,1,Double,No_MSF,311,3062
result_trotter_4_Heisenberg2D_cylinder_0.5_0.5_det,outer,1,SA,1,Double,No_Kink,342,23019
result_trotter_4_Heisenberg2D_cylinder_0.5_0.5_det,outer,1,SA,1,Double,Yes_Kink,360,22682
result_trotter_4_Heisenberg2D_cylinder_0.5_0.5_det,outer,1,SA,1,Proj,No_MSF,246,624
result_trotter_4_Heisenberg2D_cylinder_0.5_0.5_det,outer,1,SA,1,Proj,No_Top,279,8016
result_trotter_4_Heisenberg2D_cylinder_0.5_0.5_det,outer,1,SA,1,Proj,No_Kink,369,31264
result_trotter_4_Heisenberg2D_cylinder_0.5_0.5_det,outer,1,SA,1,Single,No_MSF,312,3102
result_trotter_4_Heisenberg2D_cylinder_0.5_0.5_det,outer,1,SA,1,Proj,Yes_Kink,380,30287
result_trotter_4_Heisenberg2D_cylinder_0.5_0.5_det,outer,1,SA,1,Single,No_Kink,359,19975
result_trotter_4_Heisenberg2D_cylinder_0.5_0.5_det,outer,1,SA,1,Single,No_Top,349,11086
result_trotter_4_Heisenberg2D_cylinder_0.5_0.5_det,outer,1,naive,0,Double,No_MSF,311,3062
result_trotter_4_Heisenberg2D_cylinder_0.5_0.5_det,outer,1,naive,0,Double,No_Top,339,10906
result_trotter_4_Heisenberg2D_cylinder_0.5_0.5_det,outer,1,naive,0,Double,No_Kink,347,23774
result_trotter_4_Heisenberg2D_cylinder_0.5_0.5_det,outer,1,naive,0,Proj,No_MSF,246,624
result_trotter_4_Heisenberg2D_cylinder_0.5_0.5_det,outer,1,naive,0,Double,Yes_Kink,364,23768
result_trotter_4_Heisenberg2D_cylinder_0.5_0.5_det,outer,1,naive,0,Proj,No_Top,279,8016
result_trotter_4_Heisenberg2D_cylinder_0.5_0.5_det,outer,1,naive,0,Proj,Yes_Kink,387,30876
result_trotter_4_Heisenberg2D_cylinder_0.5_0.5_det,outer,1,naive,0,Single,No_Kink,367,21402
result_trotter_4_Heisenberg2D_cylinder_0.5_0.5_det,outer,1,naive,0,Proj,No_Kink,374,32289
result_trotter_4_Heisenberg2D_cylinder_0.5_0.5_det,outer,1,naive,0,Single,No_MSF,312,3102
result_trotter_4_Heisenberg2D_cylinder_0.5_0.5_det,outer,1,naive,0,Single,No_Top,349,11086
result_trotter_4_Heisenberg2D_cylinder_0.5_0.5_det,outer,1,random,0,Double,No_MSF,311,3062
result_trotter_4_Heisenberg2D_cylinder_0.5_0.5_det,outer,1,random,0,Double,No_Top,339,10906
result_trotter_4_Heisenberg2D_cylinder_0.5_0.5_det,outer,1,random,0,Double,No_Kink,351,24145
result_trotter_4_Heisenberg2D_cylinder_0.5_0.5_det,outer,1,random,0,Double,Yes_Kink,367,24213
result_trotter_4_Heisenberg2D_cylinder_0.5_0.5_det,outer,1,random,0,Proj,No_MSF,246,624
result_trotter_4_Heisenberg2D_cylinder_0.5_0.5_det,outer,1,random,0,Proj,No_Top,279,8016
result_trotter_4_Heisenberg2D_cylinder_0.5_0.5_det,outer,1,random,0,Proj,No_Kink,367,31585
result_trotter_4_Heisenberg2D_cylinder_0.5_0.5_det,outer,1,random,0,Single,No_MSF,312,3102
result_trotter_4_Heisenberg2D_cylinder_0.5_0.5_det,outer,1,random,0,Single,No_Top,349,11086
result_trotter_4_Heisenberg2D_cylinder_0.5_0.5_det,outer,1,random,0,Single,No_Kink,369,21984
result_trotter_4_Heisenberg2D_cylinder_0.5_0.5_det,outer,2,SA,0.001,Double,No_MSF,311,3062
result_trotter_4_Heisenberg2D_cylinder_0.5_0.5_det,outer,2,SA,0.001,Double,No_Top,339,10906
result_trotter_4_Heisenberg2D_cylinder_0.5_0.5_det,outer,2,SA,0.001,Double,No_Kink,337,22383
result_trotter_4_Heisenberg2D_cylinder_0.5_0.5_det,outer,1,random,0,Proj,Yes_Kink,383,30837
result_trotter_4_Heisenberg2D_cylinder_0.5_0.5_det,outer,2,SA,0.001,Proj,No_MSF,246,624
result_trotter_4_Heisenberg2D_cylinder_0.5_0.5_det,outer,2,SA,0.001,Double,Yes_Kink,348,22479
result_trotter_4_Heisenberg2D_cylinder_0.5_0.5_det,outer,2,SA,0.001,Proj,No_Top,279,8016
result_trotter_4_Heisenberg2D_cylinder_0.5_0.5_det,outer,2,SA,0.001,Proj,No_Kink,335,41394
result_trotter_4_Heisenberg2D_cylinder_0.5_0.5_det,outer,2,SA,0.001,Single,No_Kink,351,20082
result_trotter_4_Heisenberg2D_cylinder_0.5_0.5_det,outer,2,SA,0.001,Single,No_MSF,312,3102
result_trotter_4_Heisenberg2D_cylinder_0.5_0.5_det,outer,2,SA,0.001,Single,No_Top,349,11086
result_trotter_4_Heisenberg2D_cylinder_0.5_0.5_det,outer,2,SA,0.001,Proj,Yes_Kink,343,40394
result_trotter_4_Heisenberg2D_cylinder_0.5_0.5_det,outer,2,SA,0.001,Single,Yes_Kink,356,20630
result_trotter_4_Heisenberg2D_cylinder_0.5_0.5_det,outer,2,SA,0.01,Double,No_MSF,311,3062
result_trotter_4_Heisenberg2D_cylinder_0.5_0.5_det,outer,2,SA,0.01,Double,No_Top,339,10906
result_trotter_4_Heisenberg2D_cylinder_0.5_0.5_det,outer,2,SA,0.01,Double,No_Kink,336,23026
result_trotter_4_Heisenberg2D_cylinder_0.5_0.5_det,outer,2,SA,0.01,Proj,No_MSF,246,624
result_trotter_4_Heisenberg2D_cylinder_0.5_0.5_det,outer,2,SA,0.01,Proj,No_Top,279,8016
result_trotter_4_Heisenberg2D_cylinder_0.5_0.5_det,outer,2,SA,0.01,Double,Yes_Kink,347,23434
result_trotter_4_Heisenberg2D_cylinder_0.5_0.5_det,outer,2,SA,0.01,Single,No_Kink,354,20699
result_trotter_4_Heisenberg2D_cylinder_0.5_0.5_det,outer,2,SA,0.01,Proj,Yes_Kink,338,39954
result_trotter_4_Heisenberg2D_cylinder_0.5_0.5_det,outer,2,SA,0.01,Single,No_MSF,312,3102
result_trotter_4_Heisenberg2D_cylinder_0.5_0.5_det,outer,2,SA,0.01,Single,No_Top,349,11086
result_trotter_4_Heisenberg2D_cylinder_0.5_0.5_det,outer,2,SA,0.01,Proj,No_Kink,333,41380
result_trotter_4_Heisenberg2D_cylinder_0.5_0.5_det,outer,2,SA,0.1,Double,No_MSF,311,3062
result_trotter_4_Heisenberg2D_cylinder_0.5_0.5_det,outer,2,SA,0.01,Single,Yes_Kink,355,21549
result_trotter_4_Heisenberg2D_cylinder_0.5_0.5_det,outer,2,SA,0.1,Double,No_Kink,337,22825
result_trotter_4_Heisenberg2D_cylinder_0.5_0.5_det,outer,2,SA,0.1,Double,No_Top,339,10906
result_trotter_4_Heisenberg2D_cylinder_0.5_0.5_det,outer,2,SA,0.1,Double,Yes_Kink,346,22802
result_trotter_4_Heisenberg2D_cylinder_0.5_0.5_det,outer,2,SA,0.1,Proj,No_MSF,246,624
result_trotter_4_Heisenberg2D_cylinder_0.5_0.5_det,outer,2,SA,0.1,Proj,No_Top,279,8016
result_trotter_4_Heisenberg2D_cylinder_0.5_0.5_det,outer,2,SA,0.1,Proj,No_Kink,335,40965
result_trotter_4_Heisenberg2D_cylinder_0.5_0.5_det,outer,2,SA,0.1,Single,No_Kink,352,20553
result_trotter_4_Heisenberg2D_cylinder_0.5_0.5_det,outer,2,SA,0.1,Single,No_MSF,312,3102
result_trotter_4_Heisenberg2D_cylinder_0.5_0.5_det,outer,2,SA,0.1,Single,No_Top,349,11086
result_trotter_4_Heisenberg2D_cylinder_0.5_0.5_det,outer,2,SA,0.1,Proj,Yes_Kink,341,39779
result_trotter_4_Heisenberg2D_cylinder_0.5_0.5_det,outer,2,SA,0.1,Single,Yes_Kink,355,21231
result_trotter_4_Heisenberg2D_cylinder_0.5_0.5_det,outer,2,SA,1,Double,No_MSF,311,3062
result_trotter_4_Heisenberg2D_cylinder_0.5_0.5_det,outer,2,SA,1,Double,No_Top,339,10906
result_trotter_4_Heisenberg2D_cylinder_0.5_0.5_det,outer,2,SA,1,Double,No_Kink,337,21473
result_trotter_4_Heisenberg2D_cylinder_0.5_0.5_det,outer,2,SA,1,Proj,No_MSF,246,624
result_trotter_4_Heisenberg2D_cylinder_0.5_0.5_det,outer,2,SA,1,Double,Yes_Kink,349,21709
result_trotter_4_Heisenberg2D_cylinder_0.5_0.5_det,outer,2,SA,1,Proj,No_Top,279,8016
result_trotter_4_Heisenberg2D_cylinder_0.5_0.5_det,outer,2,SA,1,Proj,No_Kink,338,42066
result_trotter_4_Heisenberg2D_cylinder_0.5_0.5_det,outer,2,SA,1,Single,No_Kink,353,19136
result_trotter_4_Heisenberg2D_cylinder_0.5_0.5_det,outer,2,SA,1,Single,No_MSF,312,3102
result_trotter_4_Heisenberg2D_cylinder_0.5_0.5_det,outer,2,SA,1,Single,No_Top,349,11086
result_trotter_4_Heisenberg2D_cylinder_0.5_0.5_det,outer,2,SA,1,Single,Yes_Kink,357,19510
result_trotter_4_Heisenberg2D_cylinder_0.5_0.5_det,outer,2,naive,0,Double,No_MSF,311,3062
result_trotter_4_Heisenberg2D_cylinder_0.5_0.5_det,outer,2,naive,0,Double,No_Kink,339,22165
result_trotter_4_Heisenberg2D_cylinder_0.5_0.5_det,outer,2,naive,0,Double,No_Top,339,10906
result_trotter_4_Heisenberg2D_cylinder_0.5_0.5_det,outer,2,SA,1,Proj,Yes_Kink,342,39987
result_trotter_4_Heisenberg2D_cylinder_0.5_0.5_det,outer,2,naive,0,Proj,No_MSF,246,624
result_trotter_4_Heisenberg2D_cylinder_0.5_0.5_det,outer,2,naive,0,Double,Yes_Kink,349,22419
result_trotter_4_Heisenberg2D_cylinder_0.5_0.5_det,outer,2,naive,0,Proj,No_Top,279,8016
result_trotter_4_Heisenberg2D_cylinder_0.5_0.5_det,outer,2,naive,0,Single,No_Kink,353,20158
result_trotter_30_Heisenberg2D_cylinder_0.5_0.5_rand,outer,2,naive,0,Proj,Yes_Kink,2969,10635447
result_trotter_4_Heisenberg2D_cylinder_0.5_0.5_det,outer,2,naive,0,Single,No_MSF,312,3102
result_trotter_4_Heisenberg2D_cylinder_0.5_0.5_det,outer,2,naive,0,Proj,No_Kink,392,48600
result_trotter_4_Heisenberg2D_cylinder_0.5_0.5_det,outer,2,naive,0,Single,No_Top,349,11086
result_trotter_4_Heisenberg2D_cylinder_0.5_0.5_det,outer,2,random,0,Double,No_MSF,311,3062
result_trotter_4_Heisenberg2D_cylinder_0.5_0.5_det,outer,2,naive,0,Proj,Yes_Kink,397,46098
result_trotter_4_Heisenberg2D_cylinder_0.5_0.5_det,outer,2,random,0,Double,No_Top,339,10906
result_trotter_4_Heisenberg2D_cylinder_0.5_0.5_det,outer,2,random,0,Double,No_Kink,338,22946
result_trotter_4_Heisenberg2D_cylinder_0.5_0.5_det,outer,2,naive,0,Single,Yes_Kink,359,20339
result_trotter_4_Heisenberg2D_cylinder_0.5_0.5_det,outer,2,random,0,Proj,No_MSF,246,624
result_trotter_4_Heisenberg2D_cylinder_0.5_0.5_det,outer,2,random,0,Proj,No_Top,279,8016
result_trotter_4_Heisenberg2D_cylinder_0.5_0.5_det,outer,2,random,0,Double,Yes_Kink,349,23484
result_trotter_4_Heisenberg2D_cylinder_0.5_0.5_det,outer,2,random,0,Single,No_MSF,312,3102
result_trotter_4_Heisenberg2D_cylinder_0.5_0.5_det,outer,2,random,0,Single,No_Kink,355,21312
result_trotter_4_Heisenberg2D_cylinder_0.5_0.5_det,outer,2,random,0,Proj,No_Kink,391,47900
result_trotter_4_Heisenberg2D_cylinder_0.5_0.5_det,outer,2,random,0,Single,No_Top,349,11086
result_trotter_4_Heisenberg2D_cylinder_0.5_0.5_det,outer,2,random,0,Proj,Yes_Kink,394,45063
result_trotter_4_Heisenberg2D_cylinder_0.5_0.5_rand,inner,1,SA,0.001,Double,No_MSF,517,5473
result_trotter_4_Heisenberg2D_cylinder_0.5_0.5_det,outer,2,random,0,Single,Yes_Kink,357,21502
result_trotter_4_Heisenberg2D_cylinder_0.5_0.5_rand,inner,1,SA,0.001,Double,No_Top,517,12865
result_trotter_4_Heisenberg2D_cylinder_0.5_0.5_rand,inner,1,SA,0.001,Double,No_Kink,525,24223
result_trotter_4_Heisenberg2D_cylinder_0.5_0.5_rand,inner,1,SA,0.001,Proj,No_MSF,246,624
result_trotter_4_Heisenberg2D_cylinder_0.5_0.5_rand,inner,1,SA,0.001,Double,Yes_Kink,529,23976
result_trotter_4_Heisenberg2D_cylinder_0.5_0.5_rand,inner,1,SA,0.001,Proj,No_Top,279,8016
result_trotter_4_Heisenberg2D_cylinder_0.5_0.5_rand,inner,1,SA,0.001,Single,No_MSF,536,5746
result_trotter_4_Heisenberg2D_cylinder_0.5_0.5_rand,inner,1,SA,0.001,Single,No_Kink,537,21929
result_trotter_4_Heisenberg2D_cylinder_0.5_0.5_rand,inner,1,SA,0.001,Single,No_Top,537,13153
result_trotter_4_Heisenberg2D_cylinder_0.5_0.5_rand,inner,1,SA,0.001,Proj,No_Kink,652,47180
result_trotter_4_Heisenberg2D_cylinder_0.5_0.5_rand,inner,1,SA,0.01,Double,No_MSF,517,5473
result_trotter_4_Heisenberg2D_cylinder_0.5_0.5_rand,inner,1,SA,0.01,Double,No_Top,517,12865
result_trotter_4_Heisenberg2D_cylinder_0.5_0.5_rand,inner,1,SA,0.001,Proj,Yes_Kink,683,46324
result_trotter_4_Heisenberg2D_cylinder_0.5_0.5_rand,inner,1,SA,0.01,Double,No_Kink,525,24904
result_trotter_4_Heisenberg2D_cylinder_0.5_0.5_rand,inner,1,SA,0.01,Proj,No_MSF,246,624
result_trotter_4_Heisenberg2D_cylinder_0.5_0.5_rand,inner,1,SA,0.01,Double,Yes_Kink,533,24724
result_trotter_4_Heisenberg2D_cylinder_0.5_0.5_rand,inner,1,SA,0.01,Proj,No_Top,279,8016
result_trotter_4_Heisenberg2D_cylinder_0.5_0.5_rand,inner,1,SA,0.01,Single,No_MSF,536,5746
result_trotter_4_Heisenberg2D_cylinder_0.5_0.5_rand,inner,1,SA,0.01,Single,No_Kink,545,22332
result_trotter_4_Heisenberg2D_cylinder_0.5_0.5_rand,inner,1,SA,0.01,Single,No_Top,537,13153
result_trotter_4_Heisenberg2D_cylinder_0.5_0.5_rand,inner,1,SA,0.01,Proj,No_Kink,590,47007
result_trotter_4_Heisenberg2D_cylinder_0.5_0.5_rand,inner,1,SA,0.1,Double,No_MSF,517,5473
result_trotter_4_Heisenberg2D_cylinder_0.5_0.5_rand,inner,1,SA,0.1,Double,No_Top,517,12865
result_trotter_4_Heisenberg2D_cylinder_0.5_0.5_rand,inner,1,SA,0.01,Proj,Yes_Kink,616,44970
result_trotter_4_Heisenberg2D_cylinder_0.5_0.5_rand,inner,1,SA,0.1,Double,No_Kink,518,23780
result_trotter_4_Heisenberg2D_cylinder_0.5_0.5_rand,inner,1,SA,0.1,Proj,No_MSF,246,624
result_trotter_4_Heisenberg2D_cylinder_0.5_0.5_rand,inner,1,SA,0.1,Proj,No_Top,279,8016
result_trotter_4_Heisenberg2D_cylinder_0.5_0.5_rand,inner,1,SA,0.1,Double,Yes_Kink,525,23518
result_trotter_4_Heisenberg2D_cylinder_0.5_0.5_rand,inner,1,SA,0.1,Single,No_MSF,536,5746
result_trotter_4_Heisenberg2D_cylinder_0.5_0.5_rand,inner,1,SA,0.1,Single,No_Kink,537,21143
result_trotter_4_Heisenberg2D_cylinder_0.5_0.5_rand,inner,1,SA,0.1,Single,No_Top,537,13153
result_trotter_4_Heisenberg2D_cylinder_0.5_0.5_rand,inner,1,SA,1,Double,No_MSF,517,5473
result_trotter_4_Heisenberg2D_cylinder_0.5_0.5_rand,inner,1,SA,0.1,Proj,No_Kink,553,44447
result_trotter_4_Heisenberg2D_cylinder_0.5_0.5_rand,inner,1,SA,0.1,Proj,Yes_Kink,569,42458
result_trotter_4_Heisenberg2D_cylinder_0.5_0.5_rand,inner,1,SA,1,Double,No_Top,517,12865
result_trotter_4_Heisenberg2D_cylinder_0.5_0.5_rand,inner,1,SA,1,Proj,No_MSF,246,624
result_trotter_4_Heisenberg2D_cylinder_0.5_0.5_rand,inner,1,SA,1,Double,Yes_Kink,533,23567
result_trotter_4_Heisenberg2D_cylinder_0.5_0.5_rand,inner,1,SA,1,Double,No_Kink,527,23653
result_trotter_4_Heisenberg2D_cylinder_0.5_0.5_rand,inner,1,SA,1,Proj,No_Top,279,8016
result_trotter_4_Heisenberg2D_cylinder_0.5_0.5_rand,inner,1,SA,1,Single,No_MSF,536,5746
result_trotter_4_Heisenberg2D_cylinder_0.5_0.5_rand,inner,1,SA,1,Single,No_Kink,548,21361
result_trotter_4_Heisenberg2D_cylinder_0.5_0.5_rand,inner,1,SA,1,Single,No_Top,537,13153
result_trotter_4_Heisenberg2D_cylinder_0.5_0.5_rand,inner,1,naive,0,Double,No_MSF,517,5473
result_trotter_4_Heisenberg2D_cylinder_0.5_0.5_rand,inner,1,naive,0,Double,No_Kink,519,23773
result_trotter_4_Heisenberg2D_cylinder_0.5_0.5_rand,inner,1,SA,1,Proj,Yes_Kink,916,60289
result_trotter_4_Heisenberg2D_cylinder_0.5_0.5_rand,inner,1,naive,0,Double,No_Top,517,12865
result_trotter_4_Heisenberg2D_cylinder_0.5_0.5_rand,inner,1,SA,1,Proj,No_Kink,893,68618
result_trotter_4_Heisenberg2D_cylinder_0.5_0.5_rand,inner,1,naive,0,Proj,No_MSF,246,624
result_trotter_4_Heisenberg2D_cylinder_0.5_0.5_rand,inner,1,naive,0,Double,Yes_Kink,523,23623
result_trotter_4_Heisenberg2D_cylinder_0.5_0.5_rand,inner,1,naive,0,Proj,No_Top,279,8016
result_trotter_4_Heisenberg2D_cylinder_0.5_0.5_rand,inner,1,naive,0,Single,No_MSF,536,5746
result_trotter_4_Heisenberg2D_cylinder_0.5_0.5_rand,inner,1,naive,0,Single,No_Kink,540,21219
result_trotter_4_Heisenberg2D_cylinder_0.5_0.5_rand,inner,1,naive,0,Single,No_Top,537,13153
result_trotter_4_Heisenberg2D_cylinder_0.5_0.5_rand,inner,1,naive,0,Proj,Yes_Kink,543,41902
result_trotter_4_Heisenberg2D_cylinder_0.5_0.5_rand,inner,1,naive,0,Proj,No_Kink,530,44253
result_trotter_4_Heisenberg2D_cylinder_0.5_0.5_rand,inner,1,random,0,Double,No_Top,517,12865
result_trotter_4_Heisenberg2D_cylinder_0.5_0.5_rand,inner,1,random,0,Double,No_MSF,517,5473
result_trotter_4_Heisenberg2D_cylinder_0.5_0.5_rand,inner,1,random,0,Double,No_Kink,517,22957
result_trotter_4_Heisenberg2D_cylinder_0.5_0.5_rand,inner,1,random,0,Proj,No_MSF,246,624
result_trotter_4_Heisenberg2D_cylinder_0.5_0.5_rand,inner,1,random,0,Proj,No_Top,279,8016
result_trotter_4_Heisenberg2D_cylinder_0.5_0.5_rand,inner,1,random,0,Double,Yes_Kink,523,23452
result_trotter_4_Heisenberg2D_cylinder_0.5_0.5_rand,inner,1,random,0,Single,No_MSF,536,5746
result_trotter_4_Heisenberg2D_cylinder_0.5_0.5_rand,inner,1,random,0,Single,No_Kink,542,20561
result_trotter_4_Heisenberg2D_cylinder_0.5_0.5_rand,inner,1,random,0,Proj,No_Kink,620,45367
result_trotter_4_Heisenberg2D_cylinder_0.5_0.5_rand,inner,1,random,0,Single,No_Top,537,13153
result_trotter_4_Heisenberg2D_cylinder_0.5_0.5_rand,inner,2,SA,0.001,Double,No_MSF,517,5473
result_trotter_4_Heisenberg2D_cylinder_0.5_0.5_rand,inner,2,SA,0.001,Double,No_Top,517,12865
result_trotter_4_Heisenberg2D_cylinder_0.5_0.5_rand,inner,2,SA,0.001,Double,No_Kink,519,22635
result_trotter_4_Heisenberg2D_cylinder_0.5_0.5_rand,inner,1,random,0,Proj,Yes_Kink,639,44106
result_trotter_4_Heisenberg2D_cylinder_0.5_0.5_rand,inner,2,SA,0.001,Proj,No_MSF,246,624
result_trotter_4_Heisenberg2D_cylinder_0.5_0.5_rand,inner,2,SA,0.001,Proj,No_Top,279,8016
result_trotter_4_Heisenberg2D_cylinder_0.5_0.5_rand,inner,2,SA,0.001,Double,Yes_Kink,521,22648
result_trotter_4_Heisenberg2D_cylinder_0.5_0.5_rand,inner,2,SA,0.001,Single,No_MSF,536,5746
result_trotter_4_Heisenberg2D_cylinder_0.5_0.5_rand,inner,2,SA,0.001,Single,No_Kink,537,20293
result_trotter_4_Heisenberg2D_cylinder_0.5_0.5_rand,inner,2,SA,0.001,Single,No_Top,537,13153
result_trotter_4_Heisenberg2D_cylinder_0.5_0.5_rand,inner,2,SA,0.001,Proj,No_Kink,476,55180
result_trotter_4_Heisenberg2D_cylinder_0.5_0.5_rand,inner,2,SA,0.001,Single,Yes_Kink,537,20825
result_trotter_4_Heisenberg2D_cylinder_0.5_0.5_rand,inner,2,SA,0.01,Double,No_Kink,519,22747
result_trotter_4_Heisenberg2D_cylinder_0.5_0.5_rand,inner,2,SA,0.01,Double,No_MSF,517,5473
result_trotter_4_Heisenberg2D_cylinder_0.5_0.5_rand,inner,2,SA,0.001,Proj,Yes_Kink,481,51963
result_trotter_4_Heisenberg2D_cylinder_0.5_0.5_rand,inner,2,SA,0.01,Proj,No_MSF,246,624
result_trotter_4_Heisenberg2D_cylinder_0.5_0.5_rand,inner,2,SA,0.01,Double,No_Top,517,12865
result_trotter_4_Heisenberg2D_cylinder_0.5_0.5_rand,inner,2,SA,0.01,Proj,No_Top,279,8016
result_trotter_4_Heisenberg2D_cylinder_0.5_0.5_rand,inner,2,SA,0.01,Double,Yes_Kink,524,22851
result_trotter_4_Heisenberg2D_cylinder_0.5_0.5_rand,inner,2,SA,0.01,Single,No_MSF,536,5746
result_trotter_4_Heisenberg2D_cylinder_0.5_0.5_rand,inner,2,SA,0.01,Single,No_Kink,539,19949
result_trotter_4_Heisenberg2D_cylinder_0.5_0.5_rand,inner,2,SA,0.01,Single,No_Top,537,13153
result_trotter_4_Heisenberg2D_cylinder_0.5_0.5_rand,inner,2,SA,0.01,Single,Yes_Kink,537,20616
result_trotter_4_Heisenberg2D_cylinder_0.5_0.5_rand,inner,2,SA,0.1,Double,No_Kink,534,23191
result_trotter_4_Heisenberg2D_cylinder_0.5_0.5_rand,inner,2,SA,0.01,Proj,Yes_Kink,571,56920
result_trotter_4_Heisenberg2D_cylinder_0.5_0.5_rand,inner,2,SA,0.1,Double,No_MSF,517,5473
result_trotter_4_Heisenberg2D_cylinder_0.5_0.5_rand,inner,2,SA,0.1,Double,No_Top,517,12865
result_trotter_4_Heisenberg2D_cylinder_0.5_0.5_rand,inner,2,SA,0.1,Proj,No_MSF,246,624
result_trotter_4_Heisenberg2D_cylinder_0.5_0.5_rand,inner,2,SA,0.1,Double,Yes_Kink,536,23214
result_trotter_4_Heisenberg2D_cylinder_0.5_0.5_rand,inner,2,SA,0.01,Proj,No_Kink,557,57998
result_trotter_4_Heisenberg2D_cylinder_0.5_0.5_rand,inner,2,SA,0.1,Proj,No_Top,279,8016
result_trotter_4_Heisenberg2D_cylinder_0.5_0.5_rand,inner,2,SA,0.1,Single,No_MSF,536,5746
result_trotter_4_Heisenberg2D_cylinder_0.5_0.5_rand,inner,2,SA,0.1,Single,No_Kink,546,20704
result_trotter_4_Heisenberg2D_cylinder_0.5_0.5_rand,inner,2,SA,0.1,Single,No_Top,537,13153
result_trotter_4_Heisenberg2D_cylinder_0.5_0.5_rand,inner,2,SA,0.1,Single,Yes_Kink,541,21469
result_trotter_4_Heisenberg2D_cylinder_0.5_0.5_rand,inner,2,SA,1,Double,No_MSF,517,5473
result_trotter_4_Heisenberg2D_cylinder_0.5_0.5_rand,inner,2,SA,0.1,Proj,Yes_Kink,872,75356
result_trotter_4_Heisenberg2D_cylinder_0.5_0.5_rand,inner,2,SA,1,Double,No_Kink,522,21963
result_trotter_4_Heisenberg2D_cylinder_0.5_0.5_rand,inner,2,SA,1,Double,No_Top,517,12865
result_trotter_4_Heisenberg2D_cylinder_0.5_0.5_rand,inner,2,SA,1,Proj,No_MSF,246,624
result_trotter_4_Heisenberg2D_cylinder_0.5_0.5_rand,inner,2,SA,1,Double,Yes_Kink,524,22034
result_trotter_4_Heisenberg2D_cylinder_0.5_0.5_rand,inner,2,SA,0.1,Proj,No_Kink,848,86937
result_trotter_4_Heisenberg2D_cylinder_0.5_0.5_rand,inner,2,SA,1,Proj,No_Top,279,8016
result_trotter_4_Heisenberg2D_cylinder_0.5_0.5_rand,inner,2,SA,1,Single,No_MSF,536,5746
result_trotter_4_Heisenberg2D_cylinder_0.5_0.5_rand,inner,2,SA,1,Single,No_Top,537,13153
result_trotter_4_Heisenberg2D_cylinder_0.5_0.5_rand,inner,2,SA,1,Single,No_Kink,538,19595
result_trotter_4_Heisenberg2D_cylinder_0.5_0.5_rand,inner,2,SA,1,Proj,No_Kink,449,48806
result_trotter_4_Heisenberg2D_cylinder_0.5_0.5_rand,inner,2,naive,0,Double,No_Kink,517,23355
result_trotter_4_Heisenberg2D_cylinder_0.5_0.5_rand,inner,2,SA,1,Single,Yes_Kink,539,20252
result_trotter_4_Heisenberg2D_cylinder_0.5_0.5_rand,inner,2,naive,0,Double,No_MSF,517,5473
result_trotter_4_Heisenberg2D_cylinder_0.5_0.5_rand,inner,2,naive,0,Double,No_Top,517,12865
result_trotter_4_Heisenberg2D_cylinder_0.5_0.5_rand,inner,2,SA,1,Proj,Yes_Kink,465,47472
result_trotter_4_Heisenberg2D_cylinder_0.5_0.5_rand,inner,2,naive,0,Proj,No_MSF,246,624
result_trotter_4_Heisenberg2D_cylinder_0.5_0.5_rand,inner,2,naive,0,Proj,No_Top,279,8016
result_trotter_4_Heisenberg2D_cylinder_0.5_0.5_rand,inner,2,naive,0,Double,Yes_Kink,525,23074
result_trotter_4_Heisenberg2D_cylinder_0.5_0.5_rand,inner,2,naive,0,Single,No_MSF,536,5746
result_trotter_4_Heisenberg2D_cylinder_0.5_0.5_rand,inner,2,naive,0,Single,No_Kink,537,21045
result_trotter_4_Heisenberg2D_cylinder_0.5_0.5_rand,inner,2,naive,0,Proj,No_Kink,472,53588
result_trotter_4_Heisenberg2D_cylinder_0.5_0.5_rand,inner,2,naive,0,Single,No_Top,537,13153
result_trotter_4_Heisenberg2D_cylinder_0.5_0.5_rand,inner,2,naive,0,Single,Yes_Kink,538,21395
result_trotter_4_Heisenberg2D_cylinder_0.5_0.5_rand,inner,2,random,0,Double,No_MSF,517,5473
result_trotter_4_Heisenberg2D_cylinder_0.5_0.5_rand,inner,2,random,0,Double,No_Kink,521,23066
result_trotter_4_Heisenberg2D_cylinder_0.5_0.5_rand,inner,2,random,0,Double,No_Top,517,12865
result_trotter_4_Heisenberg2D_cylinder_0.5_0.5_rand,inner,2,random,0,Proj,No_MSF,246,624
result_trotter_4_Heisenberg2D_cylinder_0.5_0.5_rand,inner,2,random,0,Proj,No_Top,279,8016
result_trotter_4_Heisenberg2D_cylinder_0.5_0.5_rand,inner,2,naive,0,Proj,Yes_Kink,494,52910
result_trotter_4_Heisenberg2D_cylinder_0.5_0.5_rand,inner,2,random,0,Double,Yes_Kink,522,23198
result_trotter_4_Heisenberg2D_cylinder_0.5_0.5_rand,inner,2,random,0,Single,No_MSF,536,5746
result_trotter_4_Heisenberg2D_cylinder_0.5_0.5_rand,inner,2,random,0,Single,No_Kink,537,20468
result_trotter_4_Heisenberg2D_cylinder_0.5_0.5_rand,inner,2,random,0,Single,No_Top,537,13153
result_trotter_4_Heisenberg2D_cylinder_0.5_0.5_rand,inner,2,random,0,Single,Yes_Kink,537,20901
result_trotter_4_Heisenberg2D_cylinder_0.5_0.5_rand,outer,1,SA,0.001,Double,No_MSF,517,5473
result_trotter_4_Heisenberg2D_cylinder_0.5_0.5_rand,outer,1,SA,0.001,Double,No_Kink,519,24103
result_trotter_4_Heisenberg2D_cylinder_0.5_0.5_rand,outer,1,SA,0.001,Double,No_Top,517,12865
result_trotter_4_Heisenberg2D_cylinder_0.5_0.5_rand,inner,2,random,0,Proj,Yes_Kink,783,66265
result_trotter_4_Heisenberg2D_cylinder_0.5_0.5_rand,outer,1,SA,0.001,Proj,No_MSF,246,624
result_trotter_4_Heisenberg2D_cylinder_0.5_0.5_rand,outer,1,SA,0.001,Double,Yes_Kink,520,23727
result_trotter_4_Heisenberg2D_cylinder_0.5_0.5_rand,outer,1,SA,0.001,Proj,No_Top,279,8016
result_trotter_30_Heisenberg2D_cylinder_0.5_0.5_rand,outer,2,random,0,Single,No_Kink,2964,6307964
result_trotter_4_Heisenberg2D_cylinder_0.5_0.5_rand,inner,2,random,0,Proj,No_Kink,765,72358
result_trotter_4_Heisenberg2D_cylinder_0.5_0.5_rand,outer,1,SA,0.001,Single,No_Kink,539,21715
result_trotter_4_Heisenberg2D_cylinder_0.5_0.5_rand,outer,1,SA,0.001,Single,No_MSF,536,5746
result_trotter_4_Heisenberg2D_cylinder_0.5_0.5_rand,outer,1,SA,0.001,Proj,No_Kink,526,44872
result_trotter_4_Heisenberg2D_cylinder_0.5_0.5_rand,outer,1,SA,0.01,Double,No_MSF,517,5473
result_trotter_4_Heisenberg2D_cylinder_0.5_0.5_rand,outer,1,SA,0.001,Single,No_Top,537,13153
result_trotter_4_Heisenberg2D_cylinder_0.5_0.5_rand,outer,1,SA,0.001,Proj,Yes_Kink,532,41637
result_trotter_4_Heisenberg2D_cylinder_0.5_0.5_rand,outer,1,SA,0.01,Double,No_Kink,522,23868
result_trotter_4_Heisenberg2D_cylinder_0.5_0.5_rand,outer,1,SA,0.01,Proj,No_MSF,246,624
result_trotter_4_Heisenberg2D_cylinder_0.5_0.5_rand,outer,1,SA,0.01,Double,No_Top,517,12865
result_trotter_4_Heisenberg2D_cylinder_0.5_0.5_rand,outer,1,SA,0.01,Proj,No_Top,279,8016
result_trotter_4_Heisenberg2D_cylinder_0.5_0.5_rand,outer,1,SA,0.01,Double,Yes_Kink,524,23618
result_trotter_4_Heisenberg2D_cylinder_0.5_0.5_rand,outer,1,SA,0.01,Single,No_MSF,536,5746
result_trotter_4_Heisenberg2D_cylinder_0.5_0.5_rand,outer,1,SA,0.01,Single,No_Kink,539,21307
result_trotter_4_Heisenberg2D_cylinder_0.5_0.5_rand,outer,1,SA,0.01,Single,No_Top,537,13153
result_trotter_4_Heisenberg2D_cylinder_0.5_0.5_rand,outer,1,SA,0.1,Double,No_MSF,517,5473
result_trotter_4_Heisenberg2D_cylinder_0.5_0.5_rand,outer,1,SA,0.1,Double,No_Kink,519,23476
result_trotter_4_Heisenberg2D_cylinder_0.5_0.5_rand,outer,1,SA,0.1,Double,No_Top,517,12865
result_trotter_4_Heisenberg2D_cylinder_0.5_0.5_rand,outer,1,SA,0.01,Proj,No_Kink,533,44865
result_trotter_4_Heisenberg2D_cylinder_0.5_0.5_rand,outer,1,SA,0.1,Double,Yes_Kink,521,23357
result_trotter_4_Heisenberg2D_cylinder_0.5_0.5_rand,outer,1,SA,0.01,Proj,Yes_Kink,540,41940
result_trotter_4_Heisenberg2D_cylinder_0.5_0.5_rand,outer,1,SA,0.1,Proj,No_MSF,246,624
result_trotter_4_Heisenberg2D_cylinder_0.5_0.5_rand,outer,1,SA,0.1,Proj,No_Top,279,8016
result_trotter_4_Heisenberg2D_cylinder_0.5_0.5_rand,outer,1,SA,0.1,Single,No_MSF,536,5746
result_trotter_4_Heisenberg2D_cylinder_0.5_0.5_rand,outer,1,SA,0.1,Single,No_Top,537,13153
result_trotter_4_Heisenberg2D_cylinder_0.5_0.5_rand,outer,1,SA,0.1,Single,No_Kink,537,20895
result_trotter_4_Heisenberg2D_cylinder_0.5_0.5_rand,outer,1,SA,1,Double,No_MSF,517,5473
result_trotter_4_Heisenberg2D_cylinder_0.5_0.5_rand,outer,1,SA,1,Double,No_Top,517,12865
result_trotter_4_Heisenberg2D_cylinder_0.5_0.5_rand,outer,1,SA,1,Double,No_Kink,519,22980
result_trotter_4_Heisenberg2D_cylinder_0.5_0.5_rand,outer,1,SA,1,Proj,No_MSF,246,624
result_trotter_4_Heisenberg2D_cylinder_0.5_0.5_rand,outer,1,SA,1,Double,Yes_Kink,523,22783
result_trotter_4_Heisenberg2D_cylinder_0.5_0.5_rand,outer,1,SA,1,Proj,No_Top,279,8016
result_trotter_4_Heisenberg2D_cylinder_0.5_0.5_rand,outer,1,SA,0.1,Proj,No_Kink,508,43369
result_trotter_4_Heisenberg2D_cylinder_0.5_0.5_rand,outer,1,SA,0.1,Proj,Yes_Kink,531,41411
result_trotter_4_Heisenberg2D_cylinder_0.5_0.5_rand,outer,1,SA,1,Proj,No_Kink,515,43294
result_trotter_4_Heisenberg2D_cylinder_0.5_0.5_rand,outer,1,SA,1,Single,No_MSF,536,5746
result_trotter_4_Heisenberg2D_cylinder_0.5_0.5_rand,outer,1,SA,1,Single,No_Top,537,13153
result_trotter_4_Heisenberg2D_cylinder_0.5_0.5_rand,outer,1,SA,1,Single,No_Kink,537,20449
result_trotter_4_Heisenberg2D_cylinder_0.5_0.5_rand,outer,1,naive,0,Double,No_MSF,517,5473
result_trotter_4_Heisenberg2D_cylinder_0.5_0.5_rand,outer,1,naive,0,Double,No_Top,517,12865
result_trotter_4_Heisenberg2D_cylinder_0.5_0.5_rand,outer,1,naive,0,Double,No_Kink,519,23773
result_trotter_4_Heisenberg2D_cylinder_0.5_0.5_rand,outer,1,naive,0,Proj,No_MSF,246,624
result_trotter_4_Heisenberg2D_cylinder_0.5_0.5_rand,outer,1,SA,1,Proj,Yes_Kink,522,39982
result_trotter_4_Heisenberg2D_cylinder_0.5_0.5_rand,outer,1,naive,0,Proj,No_Top,279,8016
result_trotter_4_Heisenberg2D_cylinder_0.5_0.5_rand,outer,1,naive,0,Single,No_MSF,536,5746
result_trotter_4_Heisenberg2D_cylinder_0.5_0.5_rand,outer,1,naive,0,Single,No_Kink,540,21219
result_trotter_4_Heisenberg2D_cylinder_0.5_0.5_rand,outer,1,naive,0,Single,No_Top,537,13153
result_trotter_4_Heisenberg2D_cylinder_0.5_0.5_rand,outer,1,naive,0,Double,Yes_Kink,523,23623
result_trotter_4_Heisenberg2D_cylinder_0.5_0.5_rand,outer,1,random,0,Double,No_MSF,517,5473
result_trotter_4_Heisenberg2D_cylinder_0.5_0.5_rand,outer,1,random,0,Double,No_Top,517,12865
result_trotter_4_Heisenberg2D_cylinder_0.5_0.5_rand,outer,1,random,0,Double,No_Kink,521,24347
result_trotter_4_Heisenberg2D_cylinder_0.5_0.5_rand,outer,1,naive,0,Proj,No_Kink,530,44253
result_trotter_4_Heisenberg2D_cylinder_0.5_0.5_rand,outer,1,random,0,Proj,No_MSF,246,624
result_trotter_4_Heisenberg2D_cylinder_0.5_0.5_rand,outer,1,random,0,Double,Yes_Kink,524,24060
result_trotter_4_Heisenberg2D_cylinder_0.5_0.5_rand,outer,1,random,0,Proj,No_Top,279,8016
result_trotter_4_Heisenberg2D_cylinder_0.5_0.5_rand,outer,1,random,0,Single,No_MSF,536,5746
result_trotter_4_Heisenberg2D_cylinder_0.5_0.5_rand,outer,1,naive,0,Proj,Yes_Kink,543,41902
result_trotter_4_Heisenberg2D_cylinder_0.5_0.5_rand,outer,1,random,0,Single,No_Kink,537,22071
result_trotter_4_Heisenberg2D_cylinder_0.5_0.5_rand,outer,1,random,0,Single,No_Top,537,13153
result_trotter_4_Heisenberg2D_cylinder_0.5_0.5_rand,outer,2,SA,0.001,Double,No_MSF,517,5473
result_trotter_4_Heisenberg2D_cylinder_0.5_0.5_rand,outer,2,SA,0.001,Double,No_Kink,518,23063
result_trotter_4_Heisenberg2D_cylinder_0.5_0.5_rand,outer,2,SA,0.001,Double,No_Top,517,12865
result_trotter_4_Heisenberg2D_cylinder_0.5_0.5_rand,outer,1,random,0,Proj,No_Kink,542,45367
result_trotter_4_Heisenberg2D_cylinder_0.5_0.5_rand,outer,2,SA,0.001,Proj,No_MSF,246,624
result_trotter_4_Heisenberg2D_cylinder_0.5_0.5_rand,outer,2,SA,0.001,Double,Yes_Kink,522,22806
result_trotter_4_Heisenberg2D_cylinder_0.5_0.5_rand,outer,1,random,0,Proj,Yes_Kink,553,42803
result_trotter_4_Heisenberg2D_cylinder_0.5_0.5_rand,outer,2,SA,0.001,Proj,No_Top,279,8016
result_trotter_4_Heisenberg2D_cylinder_0.5_0.5_rand,outer,2,SA,0.001,Single,No_MSF,536,5746
result_trotter_4_Heisenberg2D_cylinder_0.5_0.5_rand,outer,2,SA,0.001,Single,No_Top,537,13153
result_trotter_4_Heisenberg2D_cylinder_0.5_0.5_rand,outer,2,SA,0.001,Single,No_Kink,537,20810
result_trotter_4_Heisenberg2D_cylinder_0.5_0.5_rand,outer,2,SA,0.01,Double,No_MSF,517,5473
result_trotter_4_Heisenberg2D_cylinder_0.5_0.5_rand,outer,2,SA,0.001,Single,Yes_Kink,537,21277
result_trotter_4_Heisenberg2D_cylinder_0.5_0.5_rand,outer,2,SA,0.01,Double,No_Kink,518,23083
result_trotter_4_Heisenberg2D_cylinder_0.5_0.5_rand,outer,2,SA,0.01,Double,No_Top,517,12865
result_trotter_4_Heisenberg2D_cylinder_0.5_0.5_rand,outer,2,SA,0.001,Proj,Yes_Kink,485,54112
result_trotter_4_Heisenberg2D_cylinder_0.5_0.5_rand,outer,2,SA,0.01,Proj,No_MSF,246,624
result_trotter_4_Heisenberg2D_cylinder_0.5_0.5_rand,outer,2,SA,0.01,Double,Yes_Kink,522,22618
result_trotter_4_Heisenberg2D_cylinder_0.5_0.5_rand,outer,2,SA,0.01,Proj,No_Top,279,8016
result_trotter_4_Heisenberg2D_cylinder_0.5_0.5_rand,outer,2,SA,0.001,Proj,No_Kink,473,56647
result_trotter_4_Heisenberg2D_cylinder_0.5_0.5_rand,outer,2,SA,0.01,Single,No_MSF,536,5746
result_trotter_4_Heisenberg2D_cylinder_0.5_0.5_rand,outer,2,SA,0.01,Single,No_Kink,537,20779
result_trotter_4_Heisenberg2D_cylinder_0.5_0.5_rand,outer,2,SA,0.01,Single,No_Top,537,13153
result_trotter_4_Heisenberg2D_cylinder_0.5_0.5_rand,outer,2,SA,0.1,Double,No_MSF,517,5473
result_trotter_4_Heisenberg2D_cylinder_0.5_0.5_rand,outer,2,SA,0.1,Double,No_Kink,519,23677
result_trotter_4_Heisenberg2D_cylinder_0.5_0.5_rand,outer,2,SA,0.01,Single,Yes_Kink,537,21269
result_trotter_4_Heisenberg2D_cylinder_0.5_0.5_rand,outer,2,SA,0.01,Proj,Yes_Kink,497,55370
result_trotter_4_Heisenberg2D_cylinder_0.5_0.5_rand,outer,2,SA,0.01,Proj,No_Kink,491,58749
result_trotter_4_Heisenberg2D_cylinder_0.5_0.5_rand,outer,2,SA,0.1,Double,No_Top,517,12865
result_trotter_4_Heisenberg2D_cylinder_0.5_0.5_rand,outer,2,SA,0.1,Proj,No_MSF,246,624
result_trotter_4_Heisenberg2D_cylinder_0.5_0.5_rand,outer,2,SA,0.1,Double,Yes_Kink,524,23407
result_trotter_4_Heisenberg2D_cylinder_0.5_0.5_rand,outer,2,SA,0.1,Proj,No_Top,279,8016
result_trotter_4_Heisenberg2D_cylinder_0.5_0.5_rand,outer,2,SA,0.1,Single,No_MSF,536,5746
result_trotter_4_Heisenberg2D_cylinder_0.5_0.5_rand,outer,2,SA,0.1,Single,No_Top,537,13153
result_trotter_4_Heisenberg2D_cylinder_0.5_0.5_rand,outer,2,SA,0.1,Single,No_Kink,537,21546
result_trotter_4_Heisenberg2D_cylinder_0.5_0.5_rand,outer,2,SA,0.1,Single,Yes_Kink,538,21761
result_trotter_4_Heisenberg2D_cylinder_0.5_0.5_rand,outer,2,SA,1,Double,No_MSF,517,5473
result_trotter_4_Heisenberg2D_cylinder_0.5_0.5_rand,outer,2,SA,0.1,Proj,Yes_Kink,491,54592
result_trotter_4_Heisenberg2D_cylinder_0.5_0.5_rand,outer,2,SA,1,Double,No_Kink,518,22609
result_trotter_4_Heisenberg2D_cylinder_0.5_0.5_rand,outer,2,SA,1,Double,No_Top,517,12865
result_trotter_4_Heisenberg2D_cylinder_0.5_0.5_rand,outer,2,SA,0.1,Proj,No_Kink,486,57584
result_trotter_4_Heisenberg2D_cylinder_0.5_0.5_rand,outer,2,SA,1,Proj,No_MSF,246,624
result_trotter_4_Heisenberg2D_cylinder_0.5_0.5_rand,outer,2,SA,1,Proj,No_Top,279,8016
result_trotter_4_Heisenberg2D_cylinder_0.5_0.5_rand,outer,2,SA,1,Double,Yes_Kink,523,22253
result_trotter_4_Heisenberg2D_cylinder_0.5_0.5_rand,outer,2,SA,1,Single,No_MSF,536,5746
result_trotter_4_Heisenberg2D_cylinder_0.5_0.5_rand,outer,2,SA,1,Single,No_Top,537,13153
result_trotter_4_Heisenberg2D_cylinder_0.5_0.5_rand,outer,2,SA,1,Single,No_Kink,537,20537
result_trotter_4_Heisenberg2D_cylinder_0.5_0.5_rand,outer,2,naive,0,Double,No_MSF,517,5473
result_trotter_4_Heisenberg2D_cylinder_0.5_0.5_rand,outer,2,SA,1,Single,Yes_Kink,537,20997
result_trotter_4_Heisenberg2D_cylinder_0.5_0.5_rand,outer,2,naive,0,Double,No_Top,517,12865
result_trotter_4_Heisenberg2D_cylinder_0.5_0.5_rand,outer,2,naive,0,Double,Yes_Kink,525,23074
result_trotter_4_Heisenberg2D_cylinder_0.5_0.5_rand,outer,2,naive,0,Double,No_Kink,517,23355
result_trotter_4_Heisenberg2D_cylinder_0.5_0.5_rand,outer,2,naive,0,Proj,No_MSF,246,624
result_trotter_4_Heisenberg2D_cylinder_0.5_0.5_rand,outer,2,naive,0,Proj,No_Top,279,8016
result_trotter_4_Heisenberg2D_cylinder_0.5_0.5_rand,outer,2,SA,1,Proj,Yes_Kink,482,51969
result_trotter_4_Heisenberg2D_cylinder_0.5_0.5_rand,outer,2,naive,0,Single,No_MSF,536,5746
result_trotter_4_Heisenberg2D_cylinder_0.5_0.5_rand,outer,2,SA,1,Proj,No_Kink,473,54728
result_trotter_4_Heisenberg2D_cylinder_0.5_0.5_rand,outer,2,naive,0,Single,No_Kink,537,21045
result_trotter_4_Heisenberg2D_cylinder_0.5_0.5_rand,outer,2,naive,0,Single,No_Top,537,13153
result_trotter_4_Heisenberg2D_cylinder_0.5_0.5_rand,outer,2,naive,0,Proj,No_Kink,472,53588
result_trotter_4_Heisenberg2D_cylinder_0.5_0.5_rand,outer,2,random,0,Double,No_MSF,517,5473
result_trotter_4_Heisenberg2D_cylinder_0.5_0.5_rand,outer,2,random,0,Double,No_Top,517,12865
result_trotter_4_Heisenberg2D_cylinder_0.5_0.5_rand,outer,2,random,0,Double,No_Kink,519,24116
result_trotter_4_Heisenberg2D_cylinder_0.5_0.5_rand,outer,2,naive,0,Single,Yes_Kink,538,21395
result_trotter_4_Heisenberg2D_cylinder_0.5_0.5_rand,outer,2,random,0,Double,Yes_Kink,525,23790
result_trotter_4_Heisenberg2D_cylinder_0.5_0.5_rand,outer,2,random,0,Proj,No_MSF,246,624
result_trotter_4_Heisenberg2D_cylinder_0.5_0.5_rand,outer,2,random,0,Proj,No_Top,279,8016
result_trotter_4_Heisenberg2D_cylinder_0.5_0.5_rand,outer,2,random,0,Single,No_Kink,537,21928
result_trotter_4_Heisenberg2D_cylinder_0.5_0.5_rand,outer,2,naive,0,Proj,Yes_Kink,494,52910
result_trotter_4_Heisenberg2D_cylinder_0.5_0.5_rand,outer,2,random,0,Single,No_MSF,536,5746
result_trotter_4_Heisenberg2D_cylinder_0.5_0.5_rand,outer,2,random,0,Single,No_Top,537,13153
result_trotter_4_Heisenberg2D_cylinder_0.5_0.5_rand,outer,2,random,0,Proj,Yes_Kink,496,53792
result_trotter_4_Heisenberg2D_cylinder_0.5_0.5_rand,outer,2,random,0,Proj,No_Kink,487,55960
result_trotter_4_Heisenberg2D_cylinder_0.5_0.5_rand,outer,2,random,0,Single,Yes_Kink,537,22350
result_trotter_30_Heisenberg2D_cylinder_0.5_0.5_rand,outer,2,random,0,Single,Yes_Kink,2974,6365831
result_trotter_30_Heisenberg2D_cylinder_0.5_0.5_rand,outer,2,random,0,Proj,No_Kink,2949,10695435
result_trotter_30_Heisenberg2D_cylinder_0.5_0.5_rand,outer,2,random,0,Proj,Yes_Kink,2974,10657740
