35 35 1
244 68
10 32 0
30 32 0
24 32 0
26 30 0
8 32 0
26 32 0
6 32 0
28 30 0
6 30 0
32 24 0
6 28 0
32 4 0
2 26 0
30 2 0
4 26 0
26 2 0
4 24 0
26 4 0
4 18 0
20 8 0
14 16 0
20 14 0
4 32 0
32 30 0
2 32 0
30 30 0
2 30 0
32 28 0
4 30 0
32 26 0
4 28 0
32 6 0
2 28 0
32 2 0
2 24 0
28 2 0
4 22 0
24 4 0
4 16 0
22 8 0
10 16 0
20 12 0
16 16 0
18 14 0
30 26 0
16 2 0
28 26 0
26 12 0
22 32 0
32 14 0
4 12 0
12 32 0
18 4 0
18 8 0
24 6 0
24 2 0
32 18 0
22 28 0
10 10 0
28 16 0
16 8 0
18 30 0
20 24 0
16 12 0
16 6 0
10 6 0
18 22 0
18 28 0
18 12 0
6 26 0
8 2 0
8 28 0
8 30 0
2 22 0
8 26 0
10 30 0
6 24 0
14 32 0
10 28 0
2 20 0
24 28 0
6 6 0
28 22 0
10 4 0
28 24 0
30 20 0
6 10 0
22 14 0
12 4 0
24 14 0
20 10 0
28 8 0
32 12 0
20 2 0
8 6 0
6 12 0
16 4 0
12 14 0
22 16 0
18 24 0
12 10 0
18 18 0
14 8 0
14 6 0
22 26 0
20 16 0
24 20 0
30 16 0
28 10 0
26 10 0
6 20 0
18 6 0
30 14 0
22 4 0
30 10 0
2 10 0
8 8 0
12 8 0
12 12 0
22 18 0
28 20 0
8 14 0
12 6 0
22 20 0
20 26 0
12 16 0
16 10 0
12 18 0
16 14 0
28 12 0
22 6 0
28 14 0
8 16 0
10 12 0
16 30 0
10 26 0
16 26 0
16 28 0
10 20 0
12 26 0
14 18 0
14 20 0
8 12 0
22 24 0
24 18 0
22 10 0
30 12 0
4 8 0
12 30 0
20 6 0
24 8 0
22 2 0
22 30 0
24 26 0
28 18 0
22 22 0
26 18 0
24 16 0
4 14 0
14 4 0
10 14 0
14 2 0
30 18 0
24 22 0
26 20 0
4 20 0
20 22 0
22 12 0
24 10 0
18 2 0
26 14 0
20 4 0
26 8 0
26 6 0
20 32 0
6 8 0
20 30 0
8 4 0
10 2 0
30 22 0
26 26 0
32 20 0
32 10 0
2 8 0
30 8 0
24 30 0
28 6 0
12 28 0
30 6 0
32 8 0
26 16 0
28 4 0
18 26 0
6 16 0
14 22 0
10 22 0
8 18 0
16 22 0
16 18 0
14 28 0
10 18 0
18 20 0
14 14 0
2 14 0
20 20 0
18 10 0
26 24 0
4 10 0
32 16 0
2 18 0
8 24 0
6 18 0
16 24 0
16 32 0
12 20 0
18 16 0
8 20 0
14 26 0
10 24 0
24 24 0
12 24 0
6 22 0
6 14 0
14 12 0
24 12 0
20 18 0
18 32 0
2 12 0
12 2 0
2 16 0
10 8 0
14 30 0
26 22 0
8 22 0
12 22 0
14 24 0
8 10 0
20 28 0
14 10 0
16 20 0
6 4 0
32 22 0
4 6 0
26 28 0
34 34 0
34 32 0
34 30 0
34 28 0
34 26 0
34 24 0
34 22 0
34 20 0
34 18 0
34 16 0
34 14 0
34 12 0
34 10 0
34 8 0
34 6 0
34 4 0
34 2 0
34 0 0
32 34 0
32 0 0
30 34 0
30 0 0
28 34 0
28 0 0
26 34 0
26 0 0
24 34 0
24 0 0
22 34 0
22 0 0
20 34 0
20 0 0
18 34 0
18 0 0
16 34 0
16 0 0
14 34 0
14 0 0
12 34 0
12 0 0
10 34 0
10 0 0
8 34 0
8 0 0
6 34 0
6 0 0
4 34 0
4 0 0
2 34 0
2 0 0
0 34 0
0 32 0
0 30 0
0 28 0
0 26 0
0 24 0
0 22 0
0 20 0
0 18 0
0 16 0
0 14 0
0 12 0
0 10 0
0 8 0
0 6 0
0 4 0
0 2 0
0 0 0
19460 8776
2
0 1 
2
0 10 32 0
0 30 32 0
2
2 3 
2
0 24 32 0
0 26 30 0
2
4 5 
2
0 8 32 0
0 26 32 0
2
6 7 
2
0 6 32 0
0 28 30 0
2
8 9 
2
0 6 30 0
0 32 24 0
2
10 11 
2
0 6 28 0
0 32 4 0
2
12 13 
2
0 2 26 0
0 30 2 0
2
14 15 
2
0 4 26 0
0 26 2 0
2
16 17 
2
0 4 24 0
0 26 4 0
2
18 19 
2
0 4 18 0
0 20 8 0
2
20 21 
2
0 14 16 0
0 20 14 0
2
0 22 
2
1 10 32 0
0 4 32 0
2
1 23 
2
1 30 32 0
0 32 30 0
2
24 24 
1
0 2 32 0
2
22 24 
2
1 4 32 0
1 2 32 0
2
24 24 
1
2 2 32 0
2
2 24 
2
2 24 32 0
3 2 32 0
2
24 24 
1
4 2 32 0
2
22 24 
2
4 4 32 0
5 2 32 0
2
24 24 
1
6 2 32 0
2
25 25 
1
0 30 30 0
2
23 25 
2
1 32 30 0
1 30 30 0
2
25 25 
1
2 30 30 0
2
3 25 
2
2 26 30 0
3 30 30 0
2
25 25 
1
4 30 30 0
2
23 25 
2
4 32 30 0
5 30 30 0
2
25 25 
1
6 30 30 0
2
26 26 
1
0 2 30 0
2
24 26 
2
7 2 32 0
6 2 30 0
2
26 26 
1
7 2 30 0
2
4 26 
2
7 8 32 0
8 2 30 0
2
26 26 
1
9 2 30 0
2
24 26 
2
9 2 32 0
10 2 30 0
2
26 26 
1
11 2 30 0
2
27 27 
1
0 32 28 0
2
25 27 
2
7 30 30 0
6 32 28 0
2
27 27 
1
7 32 28 0
2
5 27 
2
7 26 32 0
8 32 28 0
2
27 27 
1
9 32 28 0
2
25 27 
2
9 30 30 0
10 32 28 0
2
27 27 
1
11 32 28 0
2
28 28 
1
0 4 30 0
2
26 28 
2
12 2 30 0
11 4 30 0
2
28 28 
1
12 4 30 0
2
6 28 
2
12 6 32 0
13 4 30 0
2
28 28 
1
14 4 30 0
2
26 28 
2
14 2 30 0
15 4 30 0
2
28 28 
1
16 4 30 0
2
29 29 
1
0 32 26 0
2
27 29 
2
12 32 28 0
11 32 26 0
2
29 29 
1
12 32 26 0
2
7 29 
2
12 28 30 0
13 32 26 0
2
29 29 
1
14 32 26 0
2
27 29 
2
14 32 28 0
15 32 26 0
2
29 29 
1
16 32 26 0
2
30 30 
1
0 4 28 0
2
28 30 
2
17 4 30 0
16 4 28 0
2
30 30 
1
17 4 28 0
2
8 30 
2
17 6 30 0
18 4 28 0
2
30 30 
1
19 4 28 0
2
28 30 
2
19 4 30 0
20 4 28 0
2
30 30 
1
21 4 28 0
2
31 31 
1
0 32 6 0
2
29 31 
2
17 32 26 0
16 32 6 0
2
31 31 
1
17 32 6 0
2
9 31 
2
17 32 24 0
18 32 6 0
2
31 31 
1
19 32 6 0
2
29 31 
2
19 32 26 0
20 32 6 0
2
31 31 
1
21 32 6 0
2
32 32 
1
0 2 28 0
2
30 32 
2
22 4 28 0
21 2 28 0
2
32 32 
1
22 2 28 0
2
10 32 
2
22 6 28 0
23 2 28 0
2
32 32 
1
24 2 28 0
2
30 32 
2
24 4 28 0
25 2 28 0
2
32 32 
1
26 2 28 0
2
33 33 
1
0 32 2 0
2
31 33 
2
22 32 6 0
21 32 2 0
2
33 33 
1
22 32 2 0
2
11 33 
2
22 32 4 0
23 32 2 0
2
33 33 
1
24 32 2 0
2
31 33 
2
24 32 6 0
25 32 2 0
2
33 33 
1
26 32 2 0
2
34 34 
1
0 2 24 0
2
32 34 
2
27 2 28 0
26 2 24 0
2
34 34 
1
27 2 24 0
2
12 34 
2
27 2 26 0
28 2 24 0
2
34 34 
1
29 2 24 0
2
32 34 
2
29 2 28 0
30 2 24 0
2
34 34 
1
31 2 24 0
2
35 35 
1
0 28 2 0
2
33 35 
2
27 32 2 0
26 28 2 0
2
35 35 
1
27 28 2 0
2
13 35 
2
27 30 2 0
28 28 2 0
2
35 35 
1
29 28 2 0
2
33 35 
2
29 32 2 0
30 28 2 0
2
35 35 
1
31 28 2 0
2
36 36 
1
0 4 22 0
2
34 36 
2
32 2 24 0
31 4 22 0
2
36 36 
1
32 4 22 0
2
14 36 
2
32 4 26 0
33 4 22 0
2
36 36 
1
34 4 22 0
2
34 36 
2
34 2 24 0
35 4 22 0
2
36 36 
1
36 4 22 0
2
37 37 
1
0 24 4 0
2
35 37 
2
32 28 2 0
31 24 4 0
2
37 37 
1
32 24 4 0
2
15 37 
2
32 26 2 0
33 24 4 0
2
37 37 
1
34 24 4 0
2
35 37 
2
34 28 2 0
35 24 4 0
2
37 37 
1
36 24 4 0
2
38 38 
1
0 4 16 0
2
36 38 
2
37 4 22 0
36 4 16 0
2
38 38 
1
37 4 16 0
2
16 38 
2
37 4 24 0
38 4 16 0
2
38 38 
1
39 4 16 0
2
36 38 
2
39 4 22 0
40 4 16 0
2
38 38 
1
41 4 16 0
2
39 39 
1
0 22 8 0
2
37 39 
2
37 24 4 0
36 22 8 0
2
39 39 
1
37 22 8 0
2
17 39 
2
37 26 4 0
38 22 8 0
2
39 39 
1
39 22 8 0
2
37 39 
2
39 24 4 0
40 22 8 0
2
39 39 
1
41 22 8 0
2
40 40 
1
0 10 16 0
2
38 40 
2
42 4 16 0
41 10 16 0
2
40 40 
1
42 10 16 0
2
18 40 
2
42 4 18 0
43 10 16 0
2
40 40 
1
44 10 16 0
2
38 40 
2
44 4 16 0
45 10 16 0
2
40 40 
1
46 10 16 0
2
41 41 
1
0 20 12 0
2
39 41 
2
42 22 8 0
41 20 12 0
2
41 41 
1
42 20 12 0
2
19 41 
2
42 20 8 0
43 20 12 0
2
41 41 
1
44 20 12 0
2
39 41 
2
44 22 8 0
45 20 12 0
2
41 41 
1
46 20 12 0
2
42 42 
1
0 16 16 0
2
40 42 
2
47 10 16 0
46 16 16 0
2
42 42 
1
47 16 16 0
2
20 42 
2
47 14 16 0
48 16 16 0
2
42 42 
1
49 16 16 0
2
40 42 
2
49 10 16 0
50 16 16 0
2
42 42 
1
51 16 16 0
2
43 43 
1
0 18 14 0
2
41 43 
2
47 20 12 0
46 18 14 0
2
43 43 
1
47 18 14 0
2
21 43 
2
47 20 14 0
48 18 14 0
2
43 43 
1
49 18 14 0
2
41 43 
2
49 20 12 0
50 18 14 0
2
43 43 
1
51 18 14 0
2
42 44 
2
52 16 16 0
51 30 26 0
2
43 45 
2
52 18 14 0
51 16 2 0
2
42 46 
2
53 16 16 0
52 28 26 0
2
43 47 
2
53 18 14 0
52 26 12 0
2
42 48 
2
54 16 16 0
53 22 32 0
2
43 49 
2
54 18 14 0
53 32 14 0
2
40 42 
2
54 10 16 0
55 16 16 0
2
41 43 
2
54 20 12 0
55 18 14 0
2
42 44 
2
56 16 16 0
55 30 26 0
2
43 45 
2
56 18 14 0
55 16 2 0
2
42 46 
2
57 16 16 0
56 28 26 0
2
43 47 
2
57 18 14 0
56 26 12 0
2
42 48 
2
58 16 16 0
57 22 32 0
2
43 49 
2
58 18 14 0
57 32 14 0
2
20 40 
2
54 14 16 0
55 10 16 0
2
21 41 
2
54 20 14 0
55 20 12 0
2
38 40 
2
55 4 16 0
56 10 16 0
2
39 41 
2
55 22 8 0
56 20 12 0
2
42 42 
1
59 16 16 0
2
40 42 
2
59 10 16 0
60 16 16 0
2
42 42 
1
61 16 16 0
2
20 42 
2
61 14 16 0
62 16 16 0
2
42 42 
1
63 16 16 0
2
40 42 
2
63 10 16 0
64 16 16 0
2
42 42 
1
65 16 16 0
2
43 43 
1
59 18 14 0
2
41 43 
2
59 20 12 0
60 18 14 0
2
43 43 
1
61 18 14 0
2
21 43 
2
61 20 14 0
62 18 14 0
2
43 43 
1
63 18 14 0
2
41 43 
2
63 20 12 0
64 18 14 0
2
43 43 
1
65 18 14 0
2
42 46 
2
66 16 16 0
65 28 26 0
2
43 50 
2
66 18 14 0
65 4 12 0
2
42 48 
2
67 16 16 0
66 22 32 0
2
43 45 
2
67 18 14 0
66 16 2 0
2
42 51 
2
68 16 16 0
67 12 32 0
2
43 47 
2
68 18 14 0
67 26 12 0
2
43 49 
2
69 18 14 0
68 32 14 0
2
43 52 
2
70 18 14 0
69 18 4 0
2
43 53 
2
71 18 14 0
70 18 8 0
2
43 54 
2
72 18 14 0
71 24 6 0
2
43 55 
2
73 18 14 0
72 24 2 0
2
43 56 
2
74 18 14 0
73 32 18 0
2
43 57 
2
75 18 14 0
74 22 28 0
2
43 58 
2
76 18 14 0
75 10 10 0
2
43 59 
2
77 18 14 0
76 28 16 0
2
43 60 
2
78 18 14 0
77 16 8 0
2
43 61 
2
79 18 14 0
78 18 30 0
2
43 62 
2
80 18 14 0
79 20 24 0
2
43 63 
2
81 18 14 0
80 16 12 0
2
43 64 
2
82 18 14 0
81 16 6 0
2
43 65 
2
83 18 14 0
82 10 6 0
2
43 66 
2
84 18 14 0
83 18 22 0
2
43 67 
2
85 18 14 0
84 18 28 0
2
43 68 
2
86 18 14 0
85 18 12 0
2
40 42 
2
68 10 16 0
69 16 16 0
2
41 43 
2
86 20 12 0
87 18 14 0
2
42 46 
2
70 16 16 0
69 28 26 0
2
43 50 
2
88 18 14 0
87 4 12 0
2
42 48 
2
71 16 16 0
70 22 32 0
2
43 45 
2
89 18 14 0
88 16 2 0
2
42 51 
2
72 16 16 0
71 12 32 0
2
43 47 
2
90 18 14 0
89 26 12 0
2
43 49 
2
91 18 14 0
90 32 14 0
2
43 52 
2
92 18 14 0
91 18 4 0
2
43 53 
2
93 18 14 0
92 18 8 0
2
43 54 
2
94 18 14 0
93 24 6 0
2
43 55 
2
95 18 14 0
94 24 2 0
2
43 56 
2
96 18 14 0
95 32 18 0
2
43 57 
2
97 18 14 0
96 22 28 0
2
43 58 
2
98 18 14 0
97 10 10 0
2
43 59 
2
99 18 14 0
98 28 16 0
2
43 60 
2
100 18 14 0
99 16 8 0
2
43 61 
2
101 18 14 0
100 18 30 0
2
43 62 
2
102 18 14 0
101 20 24 0
2
43 63 
2
103 18 14 0
102 16 12 0
2
43 64 
2
104 18 14 0
103 16 6 0
2
43 65 
2
105 18 14 0
104 10 6 0
2
43 66 
2
106 18 14 0
105 18 22 0
2
43 67 
2
107 18 14 0
106 18 28 0
2
43 68 
2
108 18 14 0
107 18 12 0
2
20 40 
2
68 14 16 0
69 10 16 0
2
21 41 
2
86 20 14 0
87 20 12 0
2
18 38 
2
55 4 18 0
56 4 16 0
2
19 39 
2
55 20 8 0
56 22 8 0
2
36 38 
2
56 4 22 0
57 4 16 0
2
37 39 
2
56 24 4 0
57 22 8 0
2
40 40 
1
70 10 16 0
2
38 40 
2
70 4 16 0
71 10 16 0
2
40 40 
1
72 10 16 0
2
18 40 
2
72 4 18 0
73 10 16 0
2
40 40 
1
74 10 16 0
2
38 40 
2
74 4 16 0
75 10 16 0
2
40 40 
1
76 10 16 0
2
41 41 
1
88 20 12 0
2
39 41 
2
88 22 8 0
89 20 12 0
2
41 41 
1
90 20 12 0
2
19 41 
2
90 20 8 0
91 20 12 0
2
41 41 
1
92 20 12 0
2
39 41 
2
92 22 8 0
93 20 12 0
2
41 41 
1
94 20 12 0
2
42 42 
1
73 16 16 0
2
40 42 
2
77 10 16 0
76 16 16 0
2
42 42 
1
77 16 16 0
2
20 42 
2
77 14 16 0
78 16 16 0
2
42 42 
1
79 16 16 0
2
40 42 
2
79 10 16 0
80 16 16 0
2
42 42 
1
81 16 16 0
2
43 43 
1
109 18 14 0
2
41 43 
2
109 20 12 0
110 18 14 0
2
43 43 
1
111 18 14 0
2
21 43 
2
111 20 14 0
112 18 14 0
2
43 43 
1
113 18 14 0
2
41 43 
2
113 20 12 0
114 18 14 0
2
43 43 
1
115 18 14 0
2
42 44 
2
82 16 16 0
81 30 26 0
2
43 45 
2
116 18 14 0
115 16 2 0
2
42 46 
2
83 16 16 0
82 28 26 0
2
43 47 
2
117 18 14 0
116 26 12 0
2
42 48 
2
84 16 16 0
83 22 32 0
2
43 49 
2
118 18 14 0
117 32 14 0
2
42 51 
2
85 16 16 0
84 12 32 0
2
43 52 
2
119 18 14 0
118 18 4 0
2
42 69 
2
86 16 16 0
85 6 26 0
2
43 53 
2
120 18 14 0
119 18 8 0
2
42 70 
2
87 16 16 0
86 8 2 0
2
43 54 
2
121 18 14 0
120 24 6 0
2
42 71 
2
88 16 16 0
87 8 28 0
2
43 55 
2
122 18 14 0
121 24 2 0
2
42 72 
2
89 16 16 0
88 8 30 0
2
43 56 
2
123 18 14 0
122 32 18 0
2
42 73 
2
90 16 16 0
89 2 22 0
2
43 57 
2
124 18 14 0
123 22 28 0
2
42 74 
2
91 16 16 0
90 8 26 0
2
43 58 
2
125 18 14 0
124 10 10 0
2
42 75 
2
92 16 16 0
91 10 30 0
2
43 59 
2
126 18 14 0
125 28 16 0
2
42 76 
2
93 16 16 0
92 6 24 0
2
43 60 
2
127 18 14 0
126 16 8 0
2
42 77 
2
94 16 16 0
93 14 32 0
2
43 61 
2
128 18 14 0
127 18 30 0
2
42 78 
2
95 16 16 0
94 10 28 0
2
43 62 
2
129 18 14 0
128 20 24 0
2
42 79 
2
96 16 16 0
95 2 20 0
2
43 63 
2
130 18 14 0
129 16 12 0
2
42 80 
2
97 16 16 0
96 24 28 0
2
43 64 
2
131 18 14 0
130 16 6 0
2
42 81 
2
98 16 16 0
97 6 6 0
2
43 65 
2
132 18 14 0
131 10 6 0
2
42 82 
2
99 16 16 0
98 28 22 0
2
43 66 
2
133 18 14 0
132 18 22 0
2
42 83 
2
100 16 16 0
99 10 4 0
2
43 67 
2
134 18 14 0
133 18 28 0
2
42 84 
2
101 16 16 0
100 28 24 0
2
43 68 
2
135 18 14 0
134 18 12 0
2
42 85 
2
102 16 16 0
101 30 20 0
2
43 86 
2
136 18 14 0
135 6 10 0
2
40 42 
2
102 10 16 0
103 16 16 0
2
41 43 
2
136 20 12 0
137 18 14 0
2
42 44 
2
104 16 16 0
103 30 26 0
2
43 45 
2
138 18 14 0
137 16 2 0
2
42 46 
2
105 16 16 0
104 28 26 0
2
43 47 
2
139 18 14 0
138 26 12 0
2
42 48 
2
106 16 16 0
105 22 32 0
2
43 49 
2
140 18 14 0
139 32 14 0
2
42 51 
2
107 16 16 0
106 12 32 0
2
43 52 
2
141 18 14 0
140 18 4 0
2
42 69 
2
108 16 16 0
107 6 26 0
2
43 53 
2
142 18 14 0
141 18 8 0
2
42 70 
2
109 16 16 0
108 8 2 0
2
43 54 
2
143 18 14 0
142 24 6 0
2
42 71 
2
110 16 16 0
109 8 28 0
2
43 55 
2
144 18 14 0
143 24 2 0
2
42 72 
2
111 16 16 0
110 8 30 0
2
43 56 
2
145 18 14 0
144 32 18 0
2
42 73 
2
112 16 16 0
111 2 22 0
2
43 57 
2
146 18 14 0
145 22 28 0
2
42 74 
2
113 16 16 0
112 8 26 0
2
43 58 
2
147 18 14 0
146 10 10 0
2
42 75 
2
114 16 16 0
113 10 30 0
2
43 59 
2
148 18 14 0
147 28 16 0
2
42 76 
2
115 16 16 0
114 6 24 0
2
43 60 
2
149 18 14 0
148 16 8 0
2
42 77 
2
116 16 16 0
115 14 32 0
2
43 61 
2
150 18 14 0
149 18 30 0
2
42 78 
2
117 16 16 0
116 10 28 0
2
43 62 
2
151 18 14 0
150 20 24 0
2
42 79 
2
118 16 16 0
117 2 20 0
2
43 63 
2
152 18 14 0
151 16 12 0
2
42 80 
2
119 16 16 0
118 24 28 0
2
43 64 
2
153 18 14 0
152 16 6 0
2
42 81 
2
120 16 16 0
119 6 6 0
2
43 65 
2
154 18 14 0
153 10 6 0
2
42 82 
2
121 16 16 0
120 28 22 0
2
43 66 
2
155 18 14 0
154 18 22 0
2
42 83 
2
122 16 16 0
121 10 4 0
2
43 67 
2
156 18 14 0
155 18 28 0
2
42 84 
2
123 16 16 0
122 28 24 0
2
43 68 
2
157 18 14 0
156 18 12 0
2
42 85 
2
124 16 16 0
123 30 20 0
2
43 86 
2
158 18 14 0
157 6 10 0
2
20 40 
2
102 14 16 0
103 10 16 0
2
21 41 
2
136 20 14 0
137 20 12 0
2
38 40 
2
103 4 16 0
104 10 16 0
2
39 41 
2
137 22 8 0
138 20 12 0
2
42 42 
1
125 16 16 0
2
40 42 
2
125 10 16 0
126 16 16 0
2
42 42 
1
127 16 16 0
2
20 42 
2
127 14 16 0
128 16 16 0
2
42 42 
1
129 16 16 0
2
40 42 
2
129 10 16 0
130 16 16 0
2
42 42 
1
131 16 16 0
2
43 43 
1
159 18 14 0
2
41 43 
2
159 20 12 0
160 18 14 0
2
43 43 
1
161 18 14 0
2
21 43 
2
161 20 14 0
162 18 14 0
2
43 43 
1
163 18 14 0
2
41 43 
2
163 20 12 0
164 18 14 0
2
43 43 
1
165 18 14 0
2
42 46 
2
132 16 16 0
131 28 26 0
2
43 68 
2
166 18 14 0
165 18 12 0
2
42 48 
2
133 16 16 0
132 22 32 0
2
43 86 
2
167 18 14 0
166 6 10 0
2
42 51 
2
134 16 16 0
133 12 32 0
2
43 87 
2
168 18 14 0
167 22 14 0
2
42 69 
2
135 16 16 0
134 6 26 0
2
42 70 
2
136 16 16 0
135 8 2 0
2
42 71 
2
137 16 16 0
136 8 28 0
2
42 72 
2
138 16 16 0
137 8 30 0
2
42 73 
2
139 16 16 0
138 2 22 0
2
42 74 
2
140 16 16 0
139 8 26 0
2
42 75 
2
141 16 16 0
140 10 30 0
2
42 76 
2
142 16 16 0
141 6 24 0
2
42 77 
2
143 16 16 0
142 14 32 0
2
42 78 
2
144 16 16 0
143 10 28 0
2
42 79 
2
145 16 16 0
144 2 20 0
2
42 80 
2
146 16 16 0
145 24 28 0
2
42 81 
2
147 16 16 0
146 6 6 0
2
42 82 
2
148 16 16 0
147 28 22 0
2
42 83 
2
149 16 16 0
148 10 4 0
2
42 84 
2
150 16 16 0
149 28 24 0
2
42 85 
2
151 16 16 0
150 30 20 0
2
42 88 
2
152 16 16 0
151 12 4 0
2
40 42 
2
152 10 16 0
153 16 16 0
2
41 43 
2
168 20 12 0
169 18 14 0
2
42 46 
2
154 16 16 0
153 28 26 0
2
43 68 
2
170 18 14 0
169 18 12 0
2
42 48 
2
155 16 16 0
154 22 32 0
2
43 86 
2
171 18 14 0
170 6 10 0
2
42 51 
2
156 16 16 0
155 12 32 0
2
43 87 
2
172 18 14 0
171 22 14 0
2
42 69 
2
157 16 16 0
156 6 26 0
2
42 70 
2
158 16 16 0
157 8 2 0
2
42 71 
2
159 16 16 0
158 8 28 0
2
42 72 
2
160 16 16 0
159 8 30 0
2
42 73 
2
161 16 16 0
160 2 22 0
2
42 74 
2
162 16 16 0
161 8 26 0
2
42 75 
2
163 16 16 0
162 10 30 0
2
42 76 
2
164 16 16 0
163 6 24 0
2
42 77 
2
165 16 16 0
164 14 32 0
2
42 78 
2
166 16 16 0
165 10 28 0
2
42 79 
2
167 16 16 0
166 2 20 0
2
42 80 
2
168 16 16 0
167 24 28 0
2
42 81 
2
169 16 16 0
168 6 6 0
2
42 82 
2
170 16 16 0
169 28 22 0
2
42 83 
2
171 16 16 0
170 10 4 0
2
42 84 
2
172 16 16 0
171 28 24 0
2
42 85 
2
173 16 16 0
172 30 20 0
2
42 88 
2
174 16 16 0
173 12 4 0
2
20 40 
2
152 14 16 0
153 10 16 0
2
21 41 
2
168 20 14 0
169 20 12 0
2
18 38 
2
103 4 18 0
104 4 16 0
2
19 39 
2
137 20 8 0
138 22 8 0
2
16 36 
2
56 4 24 0
57 4 22 0
2
17 37 
2
56 26 4 0
57 24 4 0
2
34 36 
2
57 2 24 0
58 4 22 0
2
35 37 
2
57 28 2 0
58 24 4 0
2
38 38 
1
105 4 16 0
2
36 38 
2
105 4 22 0
106 4 16 0
2
38 38 
1
107 4 16 0
2
16 38 
2
107 4 24 0
108 4 16 0
2
38 38 
1
109 4 16 0
2
36 38 
2
109 4 22 0
110 4 16 0
2
38 38 
1
111 4 16 0
2
39 39 
1
139 22 8 0
2
37 39 
2
139 24 4 0
140 22 8 0
2
39 39 
1
141 22 8 0
2
17 39 
2
141 26 4 0
142 22 8 0
2
39 39 
1
143 22 8 0
2
37 39 
2
143 24 4 0
144 22 8 0
2
39 39 
1
145 22 8 0
2
40 40 
1
154 10 16 0
2
38 40 
2
154 4 16 0
155 10 16 0
2
40 40 
1
156 10 16 0
2
18 40 
2
156 4 18 0
157 10 16 0
2
40 40 
1
158 10 16 0
2
38 40 
2
158 4 16 0
159 10 16 0
2
40 40 
1
160 10 16 0
2
41 41 
1
170 20 12 0
2
39 41 
2
170 22 8 0
171 20 12 0
2
41 41 
1
172 20 12 0
2
19 41 
2
172 20 8 0
173 20 12 0
2
41 41 
1
174 20 12 0
2
39 41 
2
174 22 8 0
175 20 12 0
2
41 41 
1
176 20 12 0
2
42 42 
1
175 16 16 0
2
40 42 
2
175 10 16 0
176 16 16 0
2
42 42 
1
177 16 16 0
2
20 42 
2
177 14 16 0
178 16 16 0
2
42 42 
1
179 16 16 0
2
40 42 
2
179 10 16 0
180 16 16 0
2
42 42 
1
181 16 16 0
2
43 43 
1
173 18 14 0
2
41 43 
2
177 20 12 0
176 18 14 0
2
43 43 
1
177 18 14 0
2
21 43 
2
177 20 14 0
178 18 14 0
2
43 43 
1
179 18 14 0
2
41 43 
2
179 20 12 0
180 18 14 0
2
43 43 
1
181 18 14 0
2
42 44 
2
182 16 16 0
181 30 26 0
2
43 86 
2
182 18 14 0
181 6 10 0
2
42 46 
2
183 16 16 0
182 28 26 0
2
43 87 
2
183 18 14 0
182 22 14 0
2
42 48 
2
184 16 16 0
183 22 32 0
2
43 89 
2
184 18 14 0
183 24 14 0
2
42 51 
2
185 16 16 0
184 12 32 0
2
42 69 
2
186 16 16 0
185 6 26 0
2
42 70 
2
187 16 16 0
186 8 2 0
2
42 71 
2
188 16 16 0
187 8 28 0
2
42 72 
2
189 16 16 0
188 8 30 0
2
42 73 
2
190 16 16 0
189 2 22 0
2
42 74 
2
191 16 16 0
190 8 26 0
2
42 75 
2
192 16 16 0
191 10 30 0
2
42 76 
2
193 16 16 0
192 6 24 0
2
42 77 
2
194 16 16 0
193 14 32 0
2
42 78 
2
195 16 16 0
194 10 28 0
2
42 79 
2
196 16 16 0
195 2 20 0
2
42 80 
2
197 16 16 0
196 24 28 0
2
42 81 
2
198 16 16 0
197 6 6 0
2
42 82 
2
199 16 16 0
198 28 22 0
2
42 83 
2
200 16 16 0
199 10 4 0
2
40 42 
2
200 10 16 0
201 16 16 0
2
41 43 
2
184 20 12 0
185 18 14 0
2
42 44 
2
202 16 16 0
201 30 26 0
2
43 86 
2
186 18 14 0
185 6 10 0
2
42 46 
2
203 16 16 0
202 28 26 0
2
43 87 
2
187 18 14 0
186 22 14 0
2
42 48 
2
204 16 16 0
203 22 32 0
2
43 89 
2
188 18 14 0
187 24 14 0
2
42 51 
2
205 16 16 0
204 12 32 0
2
42 69 
2
206 16 16 0
205 6 26 0
2
42 70 
2
207 16 16 0
206 8 2 0
2
42 71 
2
208 16 16 0
207 8 28 0
2
42 72 
2
209 16 16 0
208 8 30 0
2
42 73 
2
210 16 16 0
209 2 22 0
2
42 74 
2
211 16 16 0
210 8 26 0
2
42 75 
2
212 16 16 0
211 10 30 0
2
42 76 
2
213 16 16 0
212 6 24 0
2
42 77 
2
214 16 16 0
213 14 32 0
2
42 78 
2
215 16 16 0
214 10 28 0
2
42 79 
2
216 16 16 0
215 2 20 0
2
42 80 
2
217 16 16 0
216 24 28 0
2
42 81 
2
218 16 16 0
217 6 6 0
2
42 82 
2
219 16 16 0
218 28 22 0
2
42 83 
2
220 16 16 0
219 10 4 0
2
20 40 
2
200 14 16 0
201 10 16 0
2
21 41 
2
184 20 14 0
185 20 12 0
2
38 40 
2
201 4 16 0
202 10 16 0
2
39 41 
2
185 22 8 0
186 20 12 0
2
42 42 
1
221 16 16 0
2
40 42 
2
221 10 16 0
222 16 16 0
2
42 42 
1
223 16 16 0
2
20 42 
2
223 14 16 0
224 16 16 0
2
42 42 
1
225 16 16 0
2
40 42 
2
225 10 16 0
226 16 16 0
2
42 42 
1
227 16 16 0
2
43 43 
1
189 18 14 0
2
41 43 
2
189 20 12 0
190 18 14 0
2
43 43 
1
191 18 14 0
2
21 43 
2
191 20 14 0
192 18 14 0
2
43 43 
1
193 18 14 0
2
41 43 
2
193 20 12 0
194 18 14 0
2
43 43 
1
195 18 14 0
2
42 46 
2
228 16 16 0
227 28 26 0
2
43 68 
2
196 18 14 0
195 18 12 0
2
42 48 
2
229 16 16 0
228 22 32 0
2
43 86 
2
197 18 14 0
196 6 10 0
2
42 51 
2
230 16 16 0
229 12 32 0
2
43 87 
2
198 18 14 0
197 22 14 0
2
42 69 
2
231 16 16 0
230 6 26 0
2
43 89 
2
199 18 14 0
198 24 14 0
2
42 70 
2
232 16 16 0
231 8 2 0
2
43 90 
2
200 18 14 0
199 20 10 0
2
42 71 
2
233 16 16 0
232 8 28 0
2
43 91 
2
201 18 14 0
200 28 8 0
2
42 72 
2
234 16 16 0
233 8 30 0
2
43 92 
2
202 18 14 0
201 32 12 0
2
42 73 
2
235 16 16 0
234 2 22 0
2
43 93 
2
203 18 14 0
202 20 2 0
2
42 74 
2
236 16 16 0
235 8 26 0
2
43 94 
2
204 18 14 0
203 8 6 0
2
42 75 
2
237 16 16 0
236 10 30 0
2
43 95 
2
205 18 14 0
204 6 12 0
2
42 76 
2
238 16 16 0
237 6 24 0
2
43 96 
2
206 18 14 0
205 16 4 0
2
42 77 
2
239 16 16 0
238 14 32 0
2
43 97 
2
207 18 14 0
206 12 14 0
2
42 78 
2
240 16 16 0
239 10 28 0
2
43 98 
2
208 18 14 0
207 22 16 0
2
42 79 
2
241 16 16 0
240 2 20 0
2
43 99 
2
209 18 14 0
208 18 24 0
2
42 80 
2
242 16 16 0
241 24 28 0
2
43 100 
2
210 18 14 0
209 12 10 0
2
42 81 
2
243 16 16 0
242 6 6 0
2
43 101 
2
211 18 14 0
210 18 18 0
2
42 82 
2
244 16 16 0
243 28 22 0
2
43 102 
2
212 18 14 0
211 14 8 0
2
42 83 
2
245 16 16 0
244 10 4 0
2
43 103 
2
213 18 14 0
212 14 6 0
2
42 84 
2
246 16 16 0
245 28 24 0
2
43 104 
2
214 18 14 0
213 22 26 0
2
43 105 
2
215 18 14 0
214 20 16 0
2
43 106 
2
216 18 14 0
215 24 20 0
2
40 42 
2
246 10 16 0
247 16 16 0
2
41 43 
2
216 20 12 0
217 18 14 0
2
42 46 
2
248 16 16 0
247 28 26 0
2
43 68 
2
218 18 14 0
217 18 12 0
2
42 48 
2
249 16 16 0
248 22 32 0
2
43 86 
2
219 18 14 0
218 6 10 0
2
42 51 
2
250 16 16 0
249 12 32 0
2
43 87 
2
220 18 14 0
219 22 14 0
2
42 69 
2
251 16 16 0
250 6 26 0
2
43 89 
2
221 18 14 0
220 24 14 0
2
42 70 
2
252 16 16 0
251 8 2 0
2
43 90 
2
222 18 14 0
221 20 10 0
2
42 71 
2
253 16 16 0
252 8 28 0
2
43 91 
2
223 18 14 0
222 28 8 0
2
42 72 
2
254 16 16 0
253 8 30 0
2
43 92 
2
224 18 14 0
223 32 12 0
2
42 73 
2
255 16 16 0
254 2 22 0
2
43 93 
2
225 18 14 0
224 20 2 0
2
42 74 
2
256 16 16 0
255 8 26 0
2
43 94 
2
226 18 14 0
225 8 6 0
2
42 75 
2
257 16 16 0
256 10 30 0
2
43 95 
2
227 18 14 0
226 6 12 0
2
42 76 
2
258 16 16 0
257 6 24 0
2
43 96 
2
228 18 14 0
227 16 4 0
2
42 77 
2
259 16 16 0
258 14 32 0
2
43 97 
2
229 18 14 0
228 12 14 0
2
42 78 
2
260 16 16 0
259 10 28 0
2
43 98 
2
230 18 14 0
229 22 16 0
2
42 79 
2
261 16 16 0
260 2 20 0
2
43 99 
2
231 18 14 0
230 18 24 0
2
42 80 
2
262 16 16 0
261 24 28 0
2
43 100 
2
232 18 14 0
231 12 10 0
2
42 81 
2
263 16 16 0
262 6 6 0
2
43 101 
2
233 18 14 0
232 18 18 0
2
42 82 
2
264 16 16 0
263 28 22 0
2
43 102 
2
234 18 14 0
233 14 8 0
2
42 83 
2
265 16 16 0
264 10 4 0
2
43 103 
2
235 18 14 0
234 14 6 0
2
42 84 
2
266 16 16 0
265 28 24 0
2
43 104 
2
236 18 14 0
235 22 26 0
2
43 105 
2
237 18 14 0
236 20 16 0
2
43 106 
2
238 18 14 0
237 24 20 0
2
20 40 
2
246 14 16 0
247 10 16 0
2
21 41 
2
216 20 14 0
217 20 12 0
2
18 38 
2
201 4 18 0
202 4 16 0
2
19 39 
2
185 20 8 0
186 22 8 0
2
36 38 
2
202 4 22 0
203 4 16 0
2
37 39 
2
186 24 4 0
187 22 8 0
2
40 40 
1
248 10 16 0
2
38 40 
2
248 4 16 0
249 10 16 0
2
40 40 
1
250 10 16 0
2
18 40 
2
250 4 18 0
251 10 16 0
2
40 40 
1
252 10 16 0
2
38 40 
2
252 4 16 0
253 10 16 0
2
40 40 
1
254 10 16 0
2
41 41 
1
218 20 12 0
2
39 41 
2
218 22 8 0
219 20 12 0
2
41 41 
1
220 20 12 0
2
19 41 
2
220 20 8 0
221 20 12 0
2
41 41 
1
222 20 12 0
2
39 41 
2
222 22 8 0
223 20 12 0
2
41 41 
1
224 20 12 0
2
42 42 
1
267 16 16 0
2
40 42 
2
267 10 16 0
268 16 16 0
2
42 42 
1
269 16 16 0
2
20 42 
2
269 14 16 0
270 16 16 0
2
42 42 
1
271 16 16 0
2
40 42 
2
271 10 16 0
272 16 16 0
2
42 42 
1
273 16 16 0
2
43 43 
1
239 18 14 0
2
41 43 
2
239 20 12 0
240 18 14 0
2
43 43 
1
241 18 14 0
2
21 43 
2
241 20 14 0
242 18 14 0
2
43 43 
1
243 18 14 0
2
41 43 
2
243 20 12 0
244 18 14 0
2
43 43 
1
245 18 14 0
2
42 48 
2
274 16 16 0
273 22 32 0
2
43 86 
2
246 18 14 0
245 6 10 0
2
42 51 
2
275 16 16 0
274 12 32 0
2
43 87 
2
247 18 14 0
246 22 14 0
2
42 69 
2
276 16 16 0
275 6 26 0
2
43 89 
2
248 18 14 0
247 24 14 0
2
43 90 
2
249 18 14 0
248 20 10 0
2
43 91 
2
250 18 14 0
249 28 8 0
2
43 92 
2
251 18 14 0
250 32 12 0
2
43 93 
2
252 18 14 0
251 20 2 0
2
43 94 
2
253 18 14 0
252 8 6 0
2
43 95 
2
254 18 14 0
253 6 12 0
2
43 96 
2
255 18 14 0
254 16 4 0
2
43 97 
2
256 18 14 0
255 12 14 0
2
43 98 
2
257 18 14 0
256 22 16 0
2
43 99 
2
258 18 14 0
257 18 24 0
2
43 100 
2
259 18 14 0
258 12 10 0
2
43 101 
2
260 18 14 0
259 18 18 0
2
43 102 
2
261 18 14 0
260 14 8 0
2
43 103 
2
262 18 14 0
261 14 6 0
2
43 104 
2
263 18 14 0
262 22 26 0
2
43 105 
2
264 18 14 0
263 20 16 0
2
43 106 
2
265 18 14 0
264 24 20 0
2
43 107 
2
266 18 14 0
265 30 16 0
2
40 42 
2
276 10 16 0
277 16 16 0
2
41 43 
2
266 20 12 0
267 18 14 0
2
42 48 
2
278 16 16 0
277 22 32 0
2
43 86 
2
268 18 14 0
267 6 10 0
2
42 51 
2
279 16 16 0
278 12 32 0
2
43 87 
2
269 18 14 0
268 22 14 0
2
42 69 
2
280 16 16 0
279 6 26 0
2
43 89 
2
270 18 14 0
269 24 14 0
2
43 90 
2
271 18 14 0
270 20 10 0
2
43 91 
2
272 18 14 0
271 28 8 0
2
43 92 
2
273 18 14 0
272 32 12 0
2
43 93 
2
274 18 14 0
273 20 2 0
2
43 94 
2
275 18 14 0
274 8 6 0
2
43 95 
2
276 18 14 0
275 6 12 0
2
43 96 
2
277 18 14 0
276 16 4 0
2
43 97 
2
278 18 14 0
277 12 14 0
2
43 98 
2
279 18 14 0
278 22 16 0
2
43 99 
2
280 18 14 0
279 18 24 0
2
43 100 
2
281 18 14 0
280 12 10 0
2
43 101 
2
282 18 14 0
281 18 18 0
2
43 102 
2
283 18 14 0
282 14 8 0
2
43 103 
2
284 18 14 0
283 14 6 0
2
43 104 
2
285 18 14 0
284 22 26 0
2
43 105 
2
286 18 14 0
285 20 16 0
2
43 106 
2
287 18 14 0
286 24 20 0
2
43 107 
2
288 18 14 0
287 30 16 0
2
20 40 
2
276 14 16 0
277 10 16 0
2
21 41 
2
266 20 14 0
267 20 12 0
2
38 40 
2
277 4 16 0
278 10 16 0
2
39 41 
2
267 22 8 0
268 20 12 0
2
42 42 
1
281 16 16 0
2
40 42 
2
281 10 16 0
282 16 16 0
2
42 42 
1
283 16 16 0
2
20 42 
2
283 14 16 0
284 16 16 0
2
42 42 
1
285 16 16 0
2
40 42 
2
285 10 16 0
286 16 16 0
2
42 42 
1
287 16 16 0
2
43 43 
1
289 18 14 0
2
41 43 
2
289 20 12 0
290 18 14 0
2
43 43 
1
291 18 14 0
2
21 43 
2
291 20 14 0
292 18 14 0
2
43 43 
1
293 18 14 0
2
41 43 
2
293 20 12 0
294 18 14 0
2
43 43 
1
295 18 14 0
2
42 51 
2
288 16 16 0
287 12 32 0
2
43 106 
2
296 18 14 0
295 24 20 0
2
42 69 
2
289 16 16 0
288 6 26 0
2
43 107 
2
297 18 14 0
296 30 16 0
2
42 70 
2
290 16 16 0
289 8 2 0
2
43 108 
2
298 18 14 0
297 28 10 0
2
40 42 
2
290 10 16 0
291 16 16 0
2
41 43 
2
298 20 12 0
299 18 14 0
2
42 51 
2
292 16 16 0
291 12 32 0
2
43 106 
2
300 18 14 0
299 24 20 0
2
42 69 
2
293 16 16 0
292 6 26 0
2
43 107 
2
301 18 14 0
300 30 16 0
2
42 70 
2
294 16 16 0
293 8 2 0
2
43 108 
2
302 18 14 0
301 28 10 0
2
20 40 
2
290 14 16 0
291 10 16 0
2
21 41 
2
298 20 14 0
299 20 12 0
2
18 38 
2
277 4 18 0
278 4 16 0
2
19 39 
2
267 20 8 0
268 22 8 0
2
16 36 
2
202 4 24 0
203 4 22 0
2
17 37 
2
186 26 4 0
187 24 4 0
2
14 34 
2
57 4 26 0
58 2 24 0
2
15 35 
2
57 26 2 0
58 28 2 0
2
32 34 
2
58 2 28 0
59 2 24 0
2
33 35 
2
58 32 2 0
59 28 2 0
2
36 36 
1
204 4 22 0
2
34 36 
2
204 2 24 0
205 4 22 0
2
36 36 
1
206 4 22 0
2
14 36 
2
206 4 26 0
207 4 22 0
2
36 36 
1
208 4 22 0
2
34 36 
2
208 2 24 0
209 4 22 0
2
36 36 
1
210 4 22 0
2
37 37 
1
188 24 4 0
2
35 37 
2
188 28 2 0
189 24 4 0
2
37 37 
1
190 24 4 0
2
15 37 
2
190 26 2 0
191 24 4 0
2
37 37 
1
192 24 4 0
2
35 37 
2
192 28 2 0
193 24 4 0
2
37 37 
1
194 24 4 0
2
38 38 
1
279 4 16 0
2
36 38 
2
279 4 22 0
280 4 16 0
2
38 38 
1
281 4 16 0
2
16 38 
2
281 4 24 0
282 4 16 0
2
38 38 
1
283 4 16 0
2
36 38 
2
283 4 22 0
284 4 16 0
2
38 38 
1
285 4 16 0
2
39 39 
1
269 22 8 0
2
37 39 
2
269 24 4 0
270 22 8 0
2
39 39 
1
271 22 8 0
2
17 39 
2
271 26 4 0
272 22 8 0
2
39 39 
1
273 22 8 0
2
37 39 
2
273 24 4 0
274 22 8 0
2
39 39 
1
275 22 8 0
2
40 40 
1
292 10 16 0
2
38 40 
2
292 4 16 0
293 10 16 0
2
40 40 
1
294 10 16 0
2
18 40 
2
294 4 18 0
295 10 16 0
2
40 40 
1
296 10 16 0
2
38 40 
2
296 4 16 0
297 10 16 0
2
40 40 
1
298 10 16 0
2
41 41 
1
300 20 12 0
2
39 41 
2
300 22 8 0
301 20 12 0
2
41 41 
1
302 20 12 0
2
19 41 
2
302 20 8 0
303 20 12 0
2
41 41 
1
304 20 12 0
2
39 41 
2
304 22 8 0
305 20 12 0
2
41 41 
1
306 20 12 0
2
42 42 
1
295 16 16 0
2
40 42 
2
299 10 16 0
298 16 16 0
2
42 42 
1
299 16 16 0
2
20 42 
2
299 14 16 0
300 16 16 0
2
42 42 
1
301 16 16 0
2
40 42 
2
301 10 16 0
302 16 16 0
2
42 42 
1
303 16 16 0
2
43 43 
1
303 18 14 0
2
41 43 
2
307 20 12 0
306 18 14 0
2
43 43 
1
307 18 14 0
2
21 43 
2
307 20 14 0
308 18 14 0
2
43 43 
1
309 18 14 0
2
41 43 
2
309 20 12 0
310 18 14 0
2
43 43 
1
311 18 14 0
2
42 48 
2
304 16 16 0
303 22 32 0
2
43 107 
2
312 18 14 0
311 30 16 0
2
42 51 
2
305 16 16 0
304 12 32 0
2
43 108 
2
313 18 14 0
312 28 10 0
2
42 69 
2
306 16 16 0
305 6 26 0
2
43 109 
2
314 18 14 0
313 26 10 0
2
42 70 
2
307 16 16 0
306 8 2 0
2
42 71 
2
308 16 16 0
307 8 28 0
2
42 72 
2
309 16 16 0
308 8 30 0
2
42 73 
2
310 16 16 0
309 2 22 0
2
42 74 
2
311 16 16 0
310 8 26 0
2
42 75 
2
312 16 16 0
311 10 30 0
2
42 76 
2
313 16 16 0
312 6 24 0
2
42 77 
2
314 16 16 0
313 14 32 0
2
42 78 
2
315 16 16 0
314 10 28 0
2
42 79 
2
316 16 16 0
315 2 20 0
2
42 80 
2
317 16 16 0
316 24 28 0
2
42 81 
2
318 16 16 0
317 6 6 0
2
42 82 
2
319 16 16 0
318 28 22 0
2
42 83 
2
320 16 16 0
319 10 4 0
2
42 84 
2
321 16 16 0
320 28 24 0
2
42 85 
2
322 16 16 0
321 30 20 0
2
42 88 
2
323 16 16 0
322 12 4 0
2
42 110 
2
324 16 16 0
323 6 20 0
2
40 42 
2
324 10 16 0
325 16 16 0
2
41 43 
2
314 20 12 0
315 18 14 0
2
42 48 
2
326 16 16 0
325 22 32 0
2
43 107 
2
316 18 14 0
315 30 16 0
2
42 51 
2
327 16 16 0
326 12 32 0
2
43 108 
2
317 18 14 0
316 28 10 0
2
42 69 
2
328 16 16 0
327 6 26 0
2
43 109 
2
318 18 14 0
317 26 10 0
2
42 70 
2
329 16 16 0
328 8 2 0
2
42 71 
2
330 16 16 0
329 8 28 0
2
42 72 
2
331 16 16 0
330 8 30 0
2
42 73 
2
332 16 16 0
331 2 22 0
2
42 74 
2
333 16 16 0
332 8 26 0
2
42 75 
2
334 16 16 0
333 10 30 0
2
42 76 
2
335 16 16 0
334 6 24 0
2
42 77 
2
336 16 16 0
335 14 32 0
2
42 78 
2
337 16 16 0
336 10 28 0
2
42 79 
2
338 16 16 0
337 2 20 0
2
42 80 
2
339 16 16 0
338 24 28 0
2
42 81 
2
340 16 16 0
339 6 6 0
2
42 82 
2
341 16 16 0
340 28 22 0
2
42 83 
2
342 16 16 0
341 10 4 0
2
42 84 
2
343 16 16 0
342 28 24 0
2
42 85 
2
344 16 16 0
343 30 20 0
2
42 88 
2
345 16 16 0
344 12 4 0
2
42 110 
2
346 16 16 0
345 6 20 0
2
20 40 
2
324 14 16 0
325 10 16 0
2
21 41 
2
314 20 14 0
315 20 12 0
2
38 40 
2
325 4 16 0
326 10 16 0
2
39 41 
2
315 22 8 0
316 20 12 0
2
42 42 
1
347 16 16 0
2
40 42 
2
347 10 16 0
348 16 16 0
2
42 42 
1
349 16 16 0
2
20 42 
2
349 14 16 0
350 16 16 0
2
42 42 
1
351 16 16 0
2
40 42 
2
351 10 16 0
352 16 16 0
2
42 42 
1
353 16 16 0
2
43 43 
1
319 18 14 0
2
41 43 
2
319 20 12 0
320 18 14 0
2
43 43 
1
321 18 14 0
2
21 43 
2
321 20 14 0
322 18 14 0
2
43 43 
1
323 18 14 0
2
41 43 
2
323 20 12 0
324 18 14 0
2
43 43 
1
325 18 14 0
2
42 51 
2
354 16 16 0
353 12 32 0
2
43 106 
2
326 18 14 0
325 24 20 0
2
42 69 
2
355 16 16 0
354 6 26 0
2
43 107 
2
327 18 14 0
326 30 16 0
2
42 70 
2
356 16 16 0
355 8 2 0
2
43 108 
2
328 18 14 0
327 28 10 0
2
42 71 
2
357 16 16 0
356 8 28 0
2
43 109 
2
329 18 14 0
328 26 10 0
2
42 72 
2
358 16 16 0
357 8 30 0
2
43 111 
2
330 18 14 0
329 18 6 0
2
42 73 
2
359 16 16 0
358 2 22 0
2
43 112 
2
331 18 14 0
330 30 14 0
2
42 74 
2
360 16 16 0
359 8 26 0
2
43 113 
2
332 18 14 0
331 22 4 0
2
42 75 
2
361 16 16 0
360 10 30 0
2
43 114 
2
333 18 14 0
332 30 10 0
2
42 76 
2
362 16 16 0
361 6 24 0
2
43 115 
2
334 18 14 0
333 2 10 0
2
42 77 
2
363 16 16 0
362 14 32 0
2
43 116 
2
335 18 14 0
334 8 8 0
2
42 78 
2
364 16 16 0
363 10 28 0
2
43 117 
2
336 18 14 0
335 12 8 0
2
42 79 
2
365 16 16 0
364 2 20 0
2
43 118 
2
337 18 14 0
336 12 12 0
2
42 80 
2
366 16 16 0
365 24 28 0
2
43 119 
2
338 18 14 0
337 22 18 0
2
42 81 
2
367 16 16 0
366 6 6 0
2
43 120 
2
339 18 14 0
338 28 20 0
2
42 82 
2
368 16 16 0
367 28 22 0
2
43 121 
2
340 18 14 0
339 8 14 0
2
42 83 
2
369 16 16 0
368 10 4 0
2
43 122 
2
341 18 14 0
340 12 6 0
2
42 84 
2
370 16 16 0
369 28 24 0
2
43 123 
2
342 18 14 0
341 22 20 0
2
42 85 
2
371 16 16 0
370 30 20 0
2
43 124 
2
343 18 14 0
342 20 26 0
2
42 88 
2
372 16 16 0
371 12 4 0
2
43 125 
2
344 18 14 0
343 12 16 0
2
42 110 
2
373 16 16 0
372 6 20 0
2
43 126 
2
345 18 14 0
344 16 10 0
2
42 127 
2
374 16 16 0
373 12 18 0
2
43 128 
2
346 18 14 0
345 16 14 0
2
40 42 
2
374 10 16 0
375 16 16 0
2
41 43 
2
346 20 12 0
347 18 14 0
2
42 51 
2
376 16 16 0
375 12 32 0
2
43 106 
2
348 18 14 0
347 24 20 0
2
42 69 
2
377 16 16 0
376 6 26 0
2
43 107 
2
349 18 14 0
348 30 16 0
2
42 70 
2
378 16 16 0
377 8 2 0
2
43 108 
2
350 18 14 0
349 28 10 0
2
42 71 
2
379 16 16 0
378 8 28 0
2
43 109 
2
351 18 14 0
350 26 10 0
2
42 72 
2
380 16 16 0
379 8 30 0
2
43 111 
2
352 18 14 0
351 18 6 0
2
42 73 
2
381 16 16 0
380 2 22 0
2
43 112 
2
353 18 14 0
352 30 14 0
2
42 74 
2
382 16 16 0
381 8 26 0
2
43 113 
2
354 18 14 0
353 22 4 0
2
42 75 
2
383 16 16 0
382 10 30 0
2
43 114 
2
355 18 14 0
354 30 10 0
2
42 76 
2
384 16 16 0
383 6 24 0
2
43 115 
2
356 18 14 0
355 2 10 0
2
42 77 
2
385 16 16 0
384 14 32 0
2
43 116 
2
357 18 14 0
356 8 8 0
2
42 78 
2
386 16 16 0
385 10 28 0
2
43 117 
2
358 18 14 0
357 12 8 0
2
42 79 
2
387 16 16 0
386 2 20 0
2
43 118 
2
359 18 14 0
358 12 12 0
2
42 80 
2
388 16 16 0
387 24 28 0
2
43 119 
2
360 18 14 0
359 22 18 0
2
42 81 
2
389 16 16 0
388 6 6 0
2
43 120 
2
361 18 14 0
360 28 20 0
2
42 82 
2
390 16 16 0
389 28 22 0
2
43 121 
2
362 18 14 0
361 8 14 0
2
42 83 
2
391 16 16 0
390 10 4 0
2
43 122 
2
363 18 14 0
362 12 6 0
2
42 84 
2
392 16 16 0
391 28 24 0
2
43 123 
2
364 18 14 0
363 22 20 0
2
42 85 
2
393 16 16 0
392 30 20 0
2
43 124 
2
365 18 14 0
364 20 26 0
2
42 88 
2
394 16 16 0
393 12 4 0
2
43 125 
2
366 18 14 0
365 12 16 0
2
42 110 
2
395 16 16 0
394 6 20 0
2
43 126 
2
367 18 14 0
366 16 10 0
2
42 127 
2
396 16 16 0
395 12 18 0
2
43 128 
2
368 18 14 0
367 16 14 0
2
20 40 
2
374 14 16 0
375 10 16 0
2
21 41 
2
346 20 14 0
347 20 12 0
2
18 38 
2
325 4 18 0
326 4 16 0
2
19 39 
2
315 20 8 0
316 22 8 0
2
36 38 
2
326 4 22 0
327 4 16 0
2
37 39 
2
316 24 4 0
317 22 8 0
2
40 40 
1
376 10 16 0
2
38 40 
2
376 4 16 0
377 10 16 0
2
40 40 
1
378 10 16 0
2
18 40 
2
378 4 18 0
379 10 16 0
2
40 40 
1
380 10 16 0
2
38 40 
2
380 4 16 0
381 10 16 0
2
40 40 
1
382 10 16 0
2
41 41 
1
348 20 12 0
2
39 41 
2
348 22 8 0
349 20 12 0
2
41 41 
1
350 20 12 0
2
19 41 
2
350 20 8 0
351 20 12 0
2
41 41 
1
352 20 12 0
2
39 41 
2
352 22 8 0
353 20 12 0
2
41 41 
1
354 20 12 0
2
42 42 
1
397 16 16 0
2
40 42 
2
397 10 16 0
398 16 16 0
2
42 42 
1
399 16 16 0
2
20 42 
2
399 14 16 0
400 16 16 0
2
42 42 
1
401 16 16 0
2
40 42 
2
401 10 16 0
402 16 16 0
2
42 42 
1
403 16 16 0
2
43 43 
1
369 18 14 0
2
41 43 
2
369 20 12 0
370 18 14 0
2
43 43 
1
371 18 14 0
2
21 43 
2
371 20 14 0
372 18 14 0
2
43 43 
1
373 18 14 0
2
41 43 
2
373 20 12 0
374 18 14 0
2
43 43 
1
375 18 14 0
2
42 85 
2
404 16 16 0
403 30 20 0
2
43 107 
2
376 18 14 0
375 30 16 0
2
42 88 
2
405 16 16 0
404 12 4 0
2
43 108 
2
377 18 14 0
376 28 10 0
2
42 110 
2
406 16 16 0
405 6 20 0
2
43 109 
2
378 18 14 0
377 26 10 0
2
43 111 
2
379 18 14 0
378 18 6 0
2
43 112 
2
380 18 14 0
379 30 14 0
2
43 113 
2
381 18 14 0
380 22 4 0
2
43 114 
2
382 18 14 0
381 30 10 0
2
43 115 
2
383 18 14 0
382 2 10 0
2
43 116 
2
384 18 14 0
383 8 8 0
2
43 117 
2
385 18 14 0
384 12 8 0
2
43 118 
2
386 18 14 0
385 12 12 0
2
43 119 
2
387 18 14 0
386 22 18 0
2
43 120 
2
388 18 14 0
387 28 20 0
2
43 121 
2
389 18 14 0
388 8 14 0
2
43 122 
2
390 18 14 0
389 12 6 0
2
43 123 
2
391 18 14 0
390 22 20 0
2
43 124 
2
392 18 14 0
391 20 26 0
2
43 125 
2
393 18 14 0
392 12 16 0
2
43 126 
2
394 18 14 0
393 16 10 0
2
43 128 
2
395 18 14 0
394 16 14 0
2
43 129 
2
396 18 14 0
395 28 12 0
2
40 42 
2
406 10 16 0
407 16 16 0
2
41 43 
2
396 20 12 0
397 18 14 0
2
42 85 
2
408 16 16 0
407 30 20 0
2
43 107 
2
398 18 14 0
397 30 16 0
2
42 88 
2
409 16 16 0
408 12 4 0
2
43 108 
2
399 18 14 0
398 28 10 0
2
42 110 
2
410 16 16 0
409 6 20 0
2
43 109 
2
400 18 14 0
399 26 10 0
2
43 111 
2
401 18 14 0
400 18 6 0
2
43 112 
2
402 18 14 0
401 30 14 0
2
43 113 
2
403 18 14 0
402 22 4 0
2
43 114 
2
404 18 14 0
403 30 10 0
2
43 115 
2
405 18 14 0
404 2 10 0
2
43 116 
2
406 18 14 0
405 8 8 0
2
43 117 
2
407 18 14 0
406 12 8 0
2
43 118 
2
408 18 14 0
407 12 12 0
2
43 119 
2
409 18 14 0
408 22 18 0
2
43 120 
2
410 18 14 0
409 28 20 0
2
43 121 
2
411 18 14 0
410 8 14 0
2
43 122 
2
412 18 14 0
411 12 6 0
2
43 123 
2
413 18 14 0
412 22 20 0
2
43 124 
2
414 18 14 0
413 20 26 0
2
43 125 
2
415 18 14 0
414 12 16 0
2
43 126 
2
416 18 14 0
415 16 10 0
2
43 128 
2
417 18 14 0
416 16 14 0
2
43 129 
2
418 18 14 0
417 28 12 0
2
20 40 
2
406 14 16 0
407 10 16 0
2
21 41 
2
396 20 14 0
397 20 12 0
2
38 40 
2
407 4 16 0
408 10 16 0
2
39 41 
2
397 22 8 0
398 20 12 0
2
42 42 
1
411 16 16 0
2
40 42 
2
411 10 16 0
412 16 16 0
2
42 42 
1
413 16 16 0
2
20 42 
2
413 14 16 0
414 16 16 0
2
42 42 
1
415 16 16 0
2
40 42 
2
415 10 16 0
416 16 16 0
2
42 42 
1
417 16 16 0
2
43 43 
1
419 18 14 0
2
41 43 
2
419 20 12 0
420 18 14 0
2
43 43 
1
421 18 14 0
2
21 43 
2
421 20 14 0
422 18 14 0
2
43 43 
1
423 18 14 0
2
41 43 
2
423 20 12 0
424 18 14 0
2
43 43 
1
425 18 14 0
2
42 88 
2
418 16 16 0
417 12 4 0
2
43 128 
2
426 18 14 0
425 16 14 0
2
42 110 
2
419 16 16 0
418 6 20 0
2
43 129 
2
427 18 14 0
426 28 12 0
2
42 127 
2
420 16 16 0
419 12 18 0
2
43 130 
2
428 18 14 0
427 22 6 0
2
40 42 
2
420 10 16 0
421 16 16 0
2
41 43 
2
428 20 12 0
429 18 14 0
2
42 88 
2
422 16 16 0
421 12 4 0
2
43 128 
2
430 18 14 0
429 16 14 0
2
42 110 
2
423 16 16 0
422 6 20 0
2
43 129 
2
431 18 14 0
430 28 12 0
2
42 127 
2
424 16 16 0
423 12 18 0
2
43 130 
2
432 18 14 0
431 22 6 0
2
20 40 
2
420 14 16 0
421 10 16 0
2
21 41 
2
428 20 14 0
429 20 12 0
2
18 38 
2
407 4 18 0
408 4 16 0
2
19 39 
2
397 20 8 0
398 22 8 0
2
16 36 
2
326 4 24 0
327 4 22 0
2
17 37 
2
316 26 4 0
317 24 4 0
2
34 36 
2
327 2 24 0
328 4 22 0
2
35 37 
2
317 28 2 0
318 24 4 0
2
38 38 
1
409 4 16 0
2
36 38 
2
409 4 22 0
410 4 16 0
2
38 38 
1
411 4 16 0
2
16 38 
2
411 4 24 0
412 4 16 0
2
38 38 
1
413 4 16 0
2
36 38 
2
413 4 22 0
414 4 16 0
2
38 38 
1
415 4 16 0
2
39 39 
1
399 22 8 0
2
37 39 
2
399 24 4 0
400 22 8 0
2
39 39 
1
401 22 8 0
2
17 39 
2
401 26 4 0
402 22 8 0
2
39 39 
1
403 22 8 0
2
37 39 
2
403 24 4 0
404 22 8 0
2
39 39 
1
405 22 8 0
2
40 40 
1
422 10 16 0
2
38 40 
2
422 4 16 0
423 10 16 0
2
40 40 
1
424 10 16 0
2
18 40 
2
424 4 18 0
425 10 16 0
2
40 40 
1
426 10 16 0
2
38 40 
2
426 4 16 0
427 10 16 0
2
40 40 
1
428 10 16 0
2
41 41 
1
430 20 12 0
2
39 41 
2
430 22 8 0
431 20 12 0
2
41 41 
1
432 20 12 0
2
19 41 
2
432 20 8 0
433 20 12 0
2
41 41 
1
434 20 12 0
2
39 41 
2
434 22 8 0
435 20 12 0
2
41 41 
1
436 20 12 0
2
42 42 
1
425 16 16 0
2
40 42 
2
429 10 16 0
428 16 16 0
2
42 42 
1
429 16 16 0
2
20 42 
2
429 14 16 0
430 16 16 0
2
42 42 
1
431 16 16 0
2
40 42 
2
431 10 16 0
432 16 16 0
2
42 42 
1
433 16 16 0
2
43 43 
1
433 18 14 0
2
41 43 
2
437 20 12 0
436 18 14 0
2
43 43 
1
437 18 14 0
2
21 43 
2
437 20 14 0
438 18 14 0
2
43 43 
1
439 18 14 0
2
41 43 
2
439 20 12 0
440 18 14 0
2
43 43 
1
441 18 14 0
2
42 85 
2
434 16 16 0
433 30 20 0
2
43 129 
2
442 18 14 0
441 28 12 0
2
42 88 
2
435 16 16 0
434 12 4 0
2
43 130 
2
443 18 14 0
442 22 6 0
2
42 110 
2
436 16 16 0
435 6 20 0
2
43 131 
2
444 18 14 0
443 28 14 0
2
42 127 
2
437 16 16 0
436 12 18 0
2
42 132 
2
438 16 16 0
437 8 16 0
2
42 133 
2
439 16 16 0
438 10 12 0
2
42 134 
2
440 16 16 0
439 16 30 0
2
42 135 
2
441 16 16 0
440 10 26 0
2
42 136 
2
442 16 16 0
441 16 26 0
2
42 137 
2
443 16 16 0
442 16 28 0
2
42 138 
2
444 16 16 0
443 10 20 0
2
42 139 
2
445 16 16 0
444 12 26 0
2
42 140 
2
446 16 16 0
445 14 18 0
2
42 141 
2
447 16 16 0
446 14 20 0
2
42 142 
2
448 16 16 0
447 8 12 0
2
42 143 
2
449 16 16 0
448 22 24 0
2
42 144 
2
450 16 16 0
449 24 18 0
2
42 145 
2
451 16 16 0
450 22 10 0
2
42 146 
2
452 16 16 0
451 30 12 0
2
42 147 
2
453 16 16 0
452 4 8 0
2
42 148 
2
454 16 16 0
453 12 30 0
2
40 42 
2
454 10 16 0
455 16 16 0
2
41 43 
2
444 20 12 0
445 18 14 0
2
42 85 
2
456 16 16 0
455 30 20 0
2
43 129 
2
446 18 14 0
445 28 12 0
2
42 88 
2
457 16 16 0
456 12 4 0
2
43 130 
2
447 18 14 0
446 22 6 0
2
42 110 
2
458 16 16 0
457 6 20 0
2
43 131 
2
448 18 14 0
447 28 14 0
2
42 127 
2
459 16 16 0
458 12 18 0
2
42 132 
2
460 16 16 0
459 8 16 0
2
42 133 
2
461 16 16 0
460 10 12 0
2
42 134 
2
462 16 16 0
461 16 30 0
2
42 135 
2
463 16 16 0
462 10 26 0
2
42 136 
2
464 16 16 0
463 16 26 0
2
42 137 
2
465 16 16 0
464 16 28 0
2
42 138 
2
466 16 16 0
465 10 20 0
2
42 139 
2
467 16 16 0
466 12 26 0
2
42 140 
2
468 16 16 0
467 14 18 0
2
42 141 
2
469 16 16 0
468 14 20 0
2
42 142 
2
470 16 16 0
469 8 12 0
2
42 143 
2
471 16 16 0
470 22 24 0
2
42 144 
2
472 16 16 0
471 24 18 0
2
42 145 
2
473 16 16 0
472 22 10 0
2
42 146 
2
474 16 16 0
473 30 12 0
2
42 147 
2
475 16 16 0
474 4 8 0
2
42 148 
2
476 16 16 0
475 12 30 0
2
20 40 
2
454 14 16 0
455 10 16 0
2
21 41 
2
444 20 14 0
445 20 12 0
2
38 40 
2
455 4 16 0
456 10 16 0
2
39 41 
2
445 22 8 0
446 20 12 0
2
42 42 
1
477 16 16 0
2
40 42 
2
477 10 16 0
478 16 16 0
2
42 42 
1
479 16 16 0
2
20 42 
2
479 14 16 0
480 16 16 0
2
42 42 
1
481 16 16 0
2
40 42 
2
481 10 16 0
482 16 16 0
2
42 42 
1
483 16 16 0
2
43 43 
1
449 18 14 0
2
41 43 
2
449 20 12 0
450 18 14 0
2
43 43 
1
451 18 14 0
2
21 43 
2
451 20 14 0
452 18 14 0
2
43 43 
1
453 18 14 0
2
41 43 
2
453 20 12 0
454 18 14 0
2
43 43 
1
455 18 14 0
2
42 88 
2
484 16 16 0
483 12 4 0
2
43 128 
2
456 18 14 0
455 16 14 0
2
42 110 
2
485 16 16 0
484 6 20 0
2
43 129 
2
457 18 14 0
456 28 12 0
2
42 127 
2
486 16 16 0
485 12 18 0
2
43 130 
2
458 18 14 0
457 22 6 0
2
42 132 
2
487 16 16 0
486 8 16 0
2
43 131 
2
459 18 14 0
458 28 14 0
2
42 133 
2
488 16 16 0
487 10 12 0
2
43 149 
2
460 18 14 0
459 20 6 0
2
42 134 
2
489 16 16 0
488 16 30 0
2
43 150 
2
461 18 14 0
460 24 8 0
2
42 135 
2
490 16 16 0
489 10 26 0
2
43 151 
2
462 18 14 0
461 22 2 0
2
42 136 
2
491 16 16 0
490 16 26 0
2
43 152 
2
463 18 14 0
462 22 30 0
2
42 137 
2
492 16 16 0
491 16 28 0
2
43 153 
2
464 18 14 0
463 24 26 0
2
42 138 
2
493 16 16 0
492 10 20 0
2
43 154 
2
465 18 14 0
464 28 18 0
2
42 139 
2
494 16 16 0
493 12 26 0
2
43 155 
2
466 18 14 0
465 22 22 0
2
42 140 
2
495 16 16 0
494 14 18 0
2
43 156 
2
467 18 14 0
466 26 18 0
2
42 141 
2
496 16 16 0
495 14 20 0
2
43 157 
2
468 18 14 0
467 24 16 0
2
42 142 
2
497 16 16 0
496 8 12 0
2
43 158 
2
469 18 14 0
468 4 14 0
2
42 143 
2
498 16 16 0
497 22 24 0
2
43 159 
2
470 18 14 0
469 14 4 0
2
42 144 
2
499 16 16 0
498 24 18 0
2
43 160 
2
471 18 14 0
470 10 14 0
2
42 145 
2
500 16 16 0
499 22 10 0
2
43 161 
2
472 18 14 0
471 14 2 0
2
42 146 
2
501 16 16 0
500 30 12 0
2
43 162 
2
473 18 14 0
472 30 18 0
2
42 147 
2
502 16 16 0
501 4 8 0
2
43 163 
2
474 18 14 0
473 24 22 0
2
42 148 
2
503 16 16 0
502 12 30 0
2
43 164 
2
475 18 14 0
474 26 20 0
2
42 165 
2
504 16 16 0
503 4 20 0
2
43 166 
2
476 18 14 0
475 20 22 0
2
40 42 
2
504 10 16 0
505 16 16 0
2
41 43 
2
476 20 12 0
477 18 14 0
2
42 88 
2
506 16 16 0
505 12 4 0
2
43 128 
2
478 18 14 0
477 16 14 0
2
42 110 
2
507 16 16 0
506 6 20 0
2
43 129 
2
479 18 14 0
478 28 12 0
2
42 127 
2
508 16 16 0
507 12 18 0
2
43 130 
2
480 18 14 0
479 22 6 0
2
42 132 
2
509 16 16 0
508 8 16 0
2
43 131 
2
481 18 14 0
480 28 14 0
2
42 133 
2
510 16 16 0
509 10 12 0
2
43 149 
2
482 18 14 0
481 20 6 0
2
42 134 
2
511 16 16 0
510 16 30 0
2
43 150 
2
483 18 14 0
482 24 8 0
2
42 135 
2
512 16 16 0
511 10 26 0
2
43 151 
2
484 18 14 0
483 22 2 0
2
42 136 
2
513 16 16 0
512 16 26 0
2
43 152 
2
485 18 14 0
484 22 30 0
2
42 137 
2
514 16 16 0
513 16 28 0
2
43 153 
2
486 18 14 0
485 24 26 0
2
42 138 
2
515 16 16 0
514 10 20 0
2
43 154 
2
487 18 14 0
486 28 18 0
2
42 139 
2
516 16 16 0
515 12 26 0
2
43 155 
2
488 18 14 0
487 22 22 0
2
42 140 
2
517 16 16 0
516 14 18 0
2
43 156 
2
489 18 14 0
488 26 18 0
2
42 141 
2
518 16 16 0
517 14 20 0
2
43 157 
2
490 18 14 0
489 24 16 0
2
42 142 
2
519 16 16 0
518 8 12 0
2
43 158 
2
491 18 14 0
490 4 14 0
2
42 143 
2
520 16 16 0
519 22 24 0
2
43 159 
2
492 18 14 0
491 14 4 0
2
42 144 
2
521 16 16 0
520 24 18 0
2
43 160 
2
493 18 14 0
492 10 14 0
2
42 145 
2
522 16 16 0
521 22 10 0
2
43 161 
2
494 18 14 0
493 14 2 0
2
42 146 
2
523 16 16 0
522 30 12 0
2
43 162 
2
495 18 14 0
494 30 18 0
2
42 147 
2
524 16 16 0
523 4 8 0
2
43 163 
2
496 18 14 0
495 24 22 0
2
42 148 
2
525 16 16 0
524 12 30 0
2
43 164 
2
497 18 14 0
496 26 20 0
2
42 165 
2
526 16 16 0
525 4 20 0
2
43 166 
2
498 18 14 0
497 20 22 0
2
20 40 
2
504 14 16 0
505 10 16 0
2
21 41 
2
476 20 14 0
477 20 12 0
2
18 38 
2
455 4 18 0
456 4 16 0
2
19 39 
2
445 20 8 0
446 22 8 0
2
36 38 
2
456 4 22 0
457 4 16 0
2
37 39 
2
446 24 4 0
447 22 8 0
2
40 40 
1
506 10 16 0
2
38 40 
2
506 4 16 0
507 10 16 0
2
40 40 
1
508 10 16 0
2
18 40 
2
508 4 18 0
509 10 16 0
2
40 40 
1
510 10 16 0
2
38 40 
2
510 4 16 0
511 10 16 0
2
40 40 
1
512 10 16 0
2
41 41 
1
478 20 12 0
2
39 41 
2
478 22 8 0
479 20 12 0
2
41 41 
1
480 20 12 0
2
19 41 
2
480 20 8 0
481 20 12 0
2
41 41 
1
482 20 12 0
2
39 41 
2
482 22 8 0
483 20 12 0
2
41 41 
1
484 20 12 0
2
42 42 
1
527 16 16 0
2
40 42 
2
527 10 16 0
528 16 16 0
2
42 42 
1
529 16 16 0
2
20 42 
2
529 14 16 0
530 16 16 0
2
42 42 
1
531 16 16 0
2
40 42 
2
531 10 16 0
532 16 16 0
2
42 42 
1
533 16 16 0
2
43 43 
1
499 18 14 0
2
41 43 
2
499 20 12 0
500 18 14 0
2
43 43 
1
501 18 14 0
2
21 43 
2
501 20 14 0
502 18 14 0
2
43 43 
1
503 18 14 0
2
41 43 
2
503 20 12 0
504 18 14 0
2
43 43 
1
505 18 14 0
2
42 85 
2
534 16 16 0
533 30 20 0
2
43 129 
2
506 18 14 0
505 28 12 0
2
42 88 
2
535 16 16 0
534 12 4 0
2
43 130 
2
507 18 14 0
506 22 6 0
2
42 110 
2
536 16 16 0
535 6 20 0
2
43 131 
2
508 18 14 0
507 28 14 0
2
42 127 
2
537 16 16 0
536 12 18 0
2
43 149 
2
509 18 14 0
508 20 6 0
2
42 132 
2
538 16 16 0
537 8 16 0
2
43 150 
2
510 18 14 0
509 24 8 0
2
42 133 
2
539 16 16 0
538 10 12 0
2
43 151 
2
511 18 14 0
510 22 2 0
2
42 134 
2
540 16 16 0
539 16 30 0
2
43 152 
2
512 18 14 0
511 22 30 0
2
42 135 
2
541 16 16 0
540 10 26 0
2
43 153 
2
513 18 14 0
512 24 26 0
2
42 136 
2
542 16 16 0
541 16 26 0
2
43 154 
2
514 18 14 0
513 28 18 0
2
42 137 
2
543 16 16 0
542 16 28 0
2
43 155 
2
515 18 14 0
514 22 22 0
2
42 138 
2
544 16 16 0
543 10 20 0
2
43 156 
2
516 18 14 0
515 26 18 0
2
42 139 
2
545 16 16 0
544 12 26 0
2
43 157 
2
517 18 14 0
516 24 16 0
2
42 140 
2
546 16 16 0
545 14 18 0
2
43 158 
2
518 18 14 0
517 4 14 0
2
42 141 
2
547 16 16 0
546 14 20 0
2
43 159 
2
519 18 14 0
518 14 4 0
2
42 142 
2
548 16 16 0
547 8 12 0
2
43 160 
2
520 18 14 0
519 10 14 0
2
42 143 
2
549 16 16 0
548 22 24 0
2
43 161 
2
521 18 14 0
520 14 2 0
2
42 144 
2
550 16 16 0
549 24 18 0
2
43 162 
2
522 18 14 0
521 30 18 0
2
42 145 
2
551 16 16 0
550 22 10 0
2
43 163 
2
523 18 14 0
522 24 22 0
2
42 146 
2
552 16 16 0
551 30 12 0
2
43 164 
2
524 18 14 0
523 26 20 0
2
43 166 
2
525 18 14 0
524 20 22 0
2
43 167 
2
526 18 14 0
525 22 12 0
2
40 42 
2
552 10 16 0
553 16 16 0
2
41 43 
2
526 20 12 0
527 18 14 0
2
42 85 
2
554 16 16 0
553 30 20 0
2
43 129 
2
528 18 14 0
527 28 12 0
2
42 88 
2
555 16 16 0
554 12 4 0
2
43 130 
2
529 18 14 0
528 22 6 0
2
42 110 
2
556 16 16 0
555 6 20 0
2
43 131 
2
530 18 14 0
529 28 14 0
2
42 127 
2
557 16 16 0
556 12 18 0
2
43 149 
2
531 18 14 0
530 20 6 0
2
42 132 
2
558 16 16 0
557 8 16 0
2
43 150 
2
532 18 14 0
531 24 8 0
2
42 133 
2
559 16 16 0
558 10 12 0
2
43 151 
2
533 18 14 0
532 22 2 0
2
42 134 
2
560 16 16 0
559 16 30 0
2
43 152 
2
534 18 14 0
533 22 30 0
2
42 135 
2
561 16 16 0
560 10 26 0
2
43 153 
2
535 18 14 0
534 24 26 0
2
42 136 
2
562 16 16 0
561 16 26 0
2
43 154 
2
536 18 14 0
535 28 18 0
2
42 137 
2
563 16 16 0
562 16 28 0
2
43 155 
2
537 18 14 0
536 22 22 0
2
42 138 
2
564 16 16 0
563 10 20 0
2
43 156 
2
538 18 14 0
537 26 18 0
2
42 139 
2
565 16 16 0
564 12 26 0
2
43 157 
2
539 18 14 0
538 24 16 0
2
42 140 
2
566 16 16 0
565 14 18 0
2
43 158 
2
540 18 14 0
539 4 14 0
2
42 141 
2
567 16 16 0
566 14 20 0
2
43 159 
2
541 18 14 0
540 14 4 0
2
42 142 
2
568 16 16 0
567 8 12 0
2
43 160 
2
542 18 14 0
541 10 14 0
2
42 143 
2
569 16 16 0
568 22 24 0
2
43 161 
2
543 18 14 0
542 14 2 0
2
42 144 
2
570 16 16 0
569 24 18 0
2
43 162 
2
544 18 14 0
543 30 18 0
2
42 145 
2
571 16 16 0
570 22 10 0
2
43 163 
2
545 18 14 0
544 24 22 0
2
42 146 
2
572 16 16 0
571 30 12 0
2
43 164 
2
546 18 14 0
545 26 20 0
2
43 166 
2
547 18 14 0
546 20 22 0
2
43 167 
2
548 18 14 0
547 22 12 0
2
20 40 
2
552 14 16 0
553 10 16 0
2
21 41 
2
526 20 14 0
527 20 12 0
2
38 40 
2
553 4 16 0
554 10 16 0
2
39 41 
2
527 22 8 0
528 20 12 0
2
42 42 
1
573 16 16 0
2
40 42 
2
573 10 16 0
574 16 16 0
2
42 42 
1
575 16 16 0
2
20 42 
2
575 14 16 0
576 16 16 0
2
42 42 
1
577 16 16 0
2
40 42 
2
577 10 16 0
578 16 16 0
2
42 42 
1
579 16 16 0
2
43 43 
1
549 18 14 0
2
41 43 
2
549 20 12 0
550 18 14 0
2
43 43 
1
551 18 14 0
2
21 43 
2
551 20 14 0
552 18 14 0
2
43 43 
1
553 18 14 0
2
41 43 
2
553 20 12 0
554 18 14 0
2
43 43 
1
555 18 14 0
2
42 88 
2
580 16 16 0
579 12 4 0
2
43 166 
2
556 18 14 0
555 20 22 0
2
42 110 
2
581 16 16 0
580 6 20 0
2
43 167 
2
557 18 14 0
556 22 12 0
2
42 127 
2
582 16 16 0
581 12 18 0
2
43 168 
2
558 18 14 0
557 24 10 0
2
42 132 
2
583 16 16 0
582 8 16 0
2
42 133 
2
584 16 16 0
583 10 12 0
2
42 134 
2
585 16 16 0
584 16 30 0
2
42 135 
2
586 16 16 0
585 10 26 0
2
42 136 
2
587 16 16 0
586 16 26 0
2
42 137 
2
588 16 16 0
587 16 28 0
2
42 138 
2
589 16 16 0
588 10 20 0
2
42 139 
2
590 16 16 0
589 12 26 0
2
42 140 
2
591 16 16 0
590 14 18 0
2
42 141 
2
592 16 16 0
591 14 20 0
2
42 142 
2
593 16 16 0
592 8 12 0
2
42 143 
2
594 16 16 0
593 22 24 0
2
42 144 
2
595 16 16 0
594 24 18 0
2
42 145 
2
596 16 16 0
595 22 10 0
2
42 146 
2
597 16 16 0
596 30 12 0
2
42 147 
2
598 16 16 0
597 4 8 0
2
40 42 
2
598 10 16 0
599 16 16 0
2
41 43 
2
558 20 12 0
559 18 14 0
2
42 88 
2
600 16 16 0
599 12 4 0
2
43 166 
2
560 18 14 0
559 20 22 0
2
42 110 
2
601 16 16 0
600 6 20 0
2
43 167 
2
561 18 14 0
560 22 12 0
2
42 127 
2
602 16 16 0
601 12 18 0
2
43 168 
2
562 18 14 0
561 24 10 0
2
42 132 
2
603 16 16 0
602 8 16 0
2
42 133 
2
604 16 16 0
603 10 12 0
2
42 134 
2
605 16 16 0
604 16 30 0
2
42 135 
2
606 16 16 0
605 10 26 0
2
42 136 
2
607 16 16 0
606 16 26 0
2
42 137 
2
608 16 16 0
607 16 28 0
2
42 138 
2
609 16 16 0
608 10 20 0
2
42 139 
2
610 16 16 0
609 12 26 0
2
42 140 
2
611 16 16 0
610 14 18 0
2
42 141 
2
612 16 16 0
611 14 20 0
2
42 142 
2
613 16 16 0
612 8 12 0
2
42 143 
2
614 16 16 0
613 22 24 0
2
42 144 
2
615 16 16 0
614 24 18 0
2
42 145 
2
616 16 16 0
615 22 10 0
2
42 146 
2
617 16 16 0
616 30 12 0
2
42 147 
2
618 16 16 0
617 4 8 0
2
20 40 
2
598 14 16 0
599 10 16 0
2
21 41 
2
558 20 14 0
559 20 12 0
2
18 38 
2
553 4 18 0
554 4 16 0
2
19 39 
2
527 20 8 0
528 22 8 0
2
16 36 
2
456 4 24 0
457 4 22 0
2
17 37 
2
446 26 4 0
447 24 4 0
2
14 34 
2
327 4 26 0
328 2 24 0
2
15 35 
2
317 26 2 0
318 28 2 0
2
12 32 
2
58 2 26 0
59 2 28 0
2
13 33 
2
58 30 2 0
59 32 2 0
2
30 32 
2
59 4 28 0
60 2 28 0
2
31 33 
2
59 32 6 0
60 32 2 0
2
34 34 
1
329 2 24 0
2
32 34 
2
329 2 28 0
330 2 24 0
2
34 34 
1
331 2 24 0
2
12 34 
2
331 2 26 0
332 2 24 0
2
34 34 
1
333 2 24 0
2
32 34 
2
333 2 28 0
334 2 24 0
2
34 34 
1
335 2 24 0
2
35 35 
1
319 28 2 0
2
33 35 
2
319 32 2 0
320 28 2 0
2
35 35 
1
321 28 2 0
2
13 35 
2
321 30 2 0
322 28 2 0
2
35 35 
1
323 28 2 0
2
33 35 
2
323 32 2 0
324 28 2 0
2
35 35 
1
325 28 2 0
2
36 36 
1
458 4 22 0
2
34 36 
2
458 2 24 0
459 4 22 0
2
36 36 
1
460 4 22 0
2
14 36 
2
460 4 26 0
461 4 22 0
2
36 36 
1
462 4 22 0
2
34 36 
2
462 2 24 0
463 4 22 0
2
36 36 
1
464 4 22 0
2
37 37 
1
448 24 4 0
2
35 37 
2
448 28 2 0
449 24 4 0
2
37 37 
1
450 24 4 0
2
15 37 
2
450 26 2 0
451 24 4 0
2
37 37 
1
452 24 4 0
2
35 37 
2
452 28 2 0
453 24 4 0
2
37 37 
1
454 24 4 0
2
38 38 
1
555 4 16 0
2
36 38 
2
555 4 22 0
556 4 16 0
2
38 38 
1
557 4 16 0
2
16 38 
2
557 4 24 0
558 4 16 0
2
38 38 
1
559 4 16 0
2
36 38 
2
559 4 22 0
560 4 16 0
2
38 38 
1
561 4 16 0
2
39 39 
1
529 22 8 0
2
37 39 
2
529 24 4 0
530 22 8 0
2
39 39 
1
531 22 8 0
2
17 39 
2
531 26 4 0
532 22 8 0
2
39 39 
1
533 22 8 0
2
37 39 
2
533 24 4 0
534 22 8 0
2
39 39 
1
535 22 8 0
2
40 40 
1
600 10 16 0
2
38 40 
2
600 4 16 0
601 10 16 0
2
40 40 
1
602 10 16 0
2
18 40 
2
602 4 18 0
603 10 16 0
2
40 40 
1
604 10 16 0
2
38 40 
2
604 4 16 0
605 10 16 0
2
40 40 
1
606 10 16 0
2
41 41 
1
560 20 12 0
2
39 41 
2
560 22 8 0
561 20 12 0
2
41 41 
1
562 20 12 0
2
19 41 
2
562 20 8 0
563 20 12 0
2
41 41 
1
564 20 12 0
2
39 41 
2
564 22 8 0
565 20 12 0
2
41 41 
1
566 20 12 0
2
42 42 
1
619 16 16 0
2
40 42 
2
619 10 16 0
620 16 16 0
2
42 42 
1
621 16 16 0
2
20 42 
2
621 14 16 0
622 16 16 0
2
42 42 
1
623 16 16 0
2
40 42 
2
623 10 16 0
624 16 16 0
2
42 42 
1
625 16 16 0
2
43 43 
1
563 18 14 0
2
41 43 
2
567 20 12 0
566 18 14 0
2
43 43 
1
567 18 14 0
2
21 43 
2
567 20 14 0
568 18 14 0
2
43 43 
1
569 18 14 0
2
41 43 
2
569 20 12 0
570 18 14 0
2
43 43 
1
571 18 14 0
2
42 110 
2
626 16 16 0
625 6 20 0
2
43 167 
2
572 18 14 0
571 22 12 0
2
42 127 
2
627 16 16 0
626 12 18 0
2
43 168 
2
573 18 14 0
572 24 10 0
2
42 132 
2
628 16 16 0
627 8 16 0
2
43 169 
2
574 18 14 0
573 18 2 0
2
40 42 
2
628 10 16 0
629 16 16 0
2
41 43 
2
574 20 12 0
575 18 14 0
2
42 110 
2
630 16 16 0
629 6 20 0
2
43 167 
2
576 18 14 0
575 22 12 0
2
42 127 
2
631 16 16 0
630 12 18 0
2
43 168 
2
577 18 14 0
576 24 10 0
2
42 132 
2
632 16 16 0
631 8 16 0
2
43 169 
2
578 18 14 0
577 18 2 0
2
20 40 
2
628 14 16 0
629 10 16 0
2
21 41 
2
574 20 14 0
575 20 12 0
2
38 40 
2
629 4 16 0
630 10 16 0
2
39 41 
2
575 22 8 0
576 20 12 0
2
42 42 
1
633 16 16 0
2
40 42 
2
633 10 16 0
634 16 16 0
2
42 42 
1
635 16 16 0
2
20 42 
2
635 14 16 0
636 16 16 0
2
42 42 
1
637 16 16 0
2
40 42 
2
637 10 16 0
638 16 16 0
2
42 42 
1
639 16 16 0
2
43 43 
1
579 18 14 0
2
41 43 
2
579 20 12 0
580 18 14 0
2
43 43 
1
581 18 14 0
2
21 43 
2
581 20 14 0
582 18 14 0
2
43 43 
1
583 18 14 0
2
41 43 
2
583 20 12 0
584 18 14 0
2
43 43 
1
585 18 14 0
2
42 127 
2
640 16 16 0
639 12 18 0
2
43 166 
2
586 18 14 0
585 20 22 0
2
42 132 
2
641 16 16 0
640 8 16 0
2
43 167 
2
587 18 14 0
586 22 12 0
2
42 133 
2
642 16 16 0
641 10 12 0
2
43 168 
2
588 18 14 0
587 24 10 0
2
43 169 
2
589 18 14 0
588 18 2 0
2
43 170 
2
590 18 14 0
589 26 14 0
2
43 171 
2
591 18 14 0
590 20 4 0
2
43 172 
2
592 18 14 0
591 26 8 0
2
43 173 
2
593 18 14 0
592 26 6 0
2
43 174 
2
594 18 14 0
593 20 32 0
2
43 175 
2
595 18 14 0
594 6 8 0
2
43 176 
2
596 18 14 0
595 20 30 0
2
43 177 
2
597 18 14 0
596 8 4 0
2
43 178 
2
598 18 14 0
597 10 2 0
2
43 179 
2
599 18 14 0
598 30 22 0
2
43 180 
2
600 18 14 0
599 26 26 0
2
43 181 
2
601 18 14 0
600 32 20 0
2
43 182 
2
602 18 14 0
601 32 10 0
2
43 183 
2
603 18 14 0
602 2 8 0
2
43 184 
2
604 18 14 0
603 30 8 0
2
43 185 
2
605 18 14 0
604 24 30 0
2
43 186 
2
606 18 14 0
605 28 6 0
2
40 42 
2
642 10 16 0
643 16 16 0
2
41 43 
2
606 20 12 0
607 18 14 0
2
42 127 
2
644 16 16 0
643 12 18 0
2
43 166 
2
608 18 14 0
607 20 22 0
2
42 132 
2
645 16 16 0
644 8 16 0
2
43 167 
2
609 18 14 0
608 22 12 0
2
42 133 
2
646 16 16 0
645 10 12 0
2
43 168 
2
610 18 14 0
609 24 10 0
2
43 169 
2
611 18 14 0
610 18 2 0
2
43 170 
2
612 18 14 0
611 26 14 0
2
43 171 
2
613 18 14 0
612 20 4 0
2
43 172 
2
614 18 14 0
613 26 8 0
2
43 173 
2
615 18 14 0
614 26 6 0
2
43 174 
2
616 18 14 0
615 20 32 0
2
43 175 
2
617 18 14 0
616 6 8 0
2
43 176 
2
618 18 14 0
617 20 30 0
2
43 177 
2
619 18 14 0
618 8 4 0
2
43 178 
2
620 18 14 0
619 10 2 0
2
43 179 
2
621 18 14 0
620 30 22 0
2
43 180 
2
622 18 14 0
621 26 26 0
2
43 181 
2
623 18 14 0
622 32 20 0
2
43 182 
2
624 18 14 0
623 32 10 0
2
43 183 
2
625 18 14 0
624 2 8 0
2
43 184 
2
626 18 14 0
625 30 8 0
2
43 185 
2
627 18 14 0
626 24 30 0
2
43 186 
2
628 18 14 0
627 28 6 0
2
20 40 
2
642 14 16 0
643 10 16 0
2
21 41 
2
606 20 14 0
607 20 12 0
2
18 38 
2
629 4 18 0
630 4 16 0
2
19 39 
2
575 20 8 0
576 22 8 0
2
36 38 
2
630 4 22 0
631 4 16 0
2
37 39 
2
576 24 4 0
577 22 8 0
2
40 40 
1
644 10 16 0
2
38 40 
2
644 4 16 0
645 10 16 0
2
40 40 
1
646 10 16 0
2
18 40 
2
646 4 18 0
647 10 16 0
2
40 40 
1
648 10 16 0
2
38 40 
2
648 4 16 0
649 10 16 0
2
40 40 
1
650 10 16 0
2
41 41 
1
608 20 12 0
2
39 41 
2
608 22 8 0
609 20 12 0
2
41 41 
1
610 20 12 0
2
19 41 
2
610 20 8 0
611 20 12 0
2
41 41 
1
612 20 12 0
2
39 41 
2
612 22 8 0
613 20 12 0
2
41 41 
1
614 20 12 0
2
42 42 
1
647 16 16 0
2
40 42 
2
651 10 16 0
650 16 16 0
2
42 42 
1
651 16 16 0
2
20 42 
2
651 14 16 0
652 16 16 0
2
42 42 
1
653 16 16 0
2
40 42 
2
653 10 16 0
654 16 16 0
2
42 42 
1
655 16 16 0
2
43 43 
1
629 18 14 0
2
41 43 
2
629 20 12 0
630 18 14 0
2
43 43 
1
631 18 14 0
2
21 43 
2
631 20 14 0
632 18 14 0
2
43 43 
1
633 18 14 0
2
41 43 
2
633 20 12 0
634 18 14 0
2
43 43 
1
635 18 14 0
2
42 110 
2
656 16 16 0
655 6 20 0
2
43 167 
2
636 18 14 0
635 22 12 0
2
42 127 
2
657 16 16 0
656 12 18 0
2
43 168 
2
637 18 14 0
636 24 10 0
2
42 132 
2
658 16 16 0
657 8 16 0
2
43 169 
2
638 18 14 0
637 18 2 0
2
42 133 
2
659 16 16 0
658 10 12 0
2
43 170 
2
639 18 14 0
638 26 14 0
2
42 134 
2
660 16 16 0
659 16 30 0
2
43 171 
2
640 18 14 0
639 20 4 0
2
42 135 
2
661 16 16 0
660 10 26 0
2
43 172 
2
641 18 14 0
640 26 8 0
2
42 136 
2
662 16 16 0
661 16 26 0
2
43 173 
2
642 18 14 0
641 26 6 0
2
42 137 
2
663 16 16 0
662 16 28 0
2
43 174 
2
643 18 14 0
642 20 32 0
2
42 138 
2
664 16 16 0
663 10 20 0
2
43 175 
2
644 18 14 0
643 6 8 0
2
42 139 
2
665 16 16 0
664 12 26 0
2
43 176 
2
645 18 14 0
644 20 30 0
2
42 140 
2
666 16 16 0
665 14 18 0
2
43 177 
2
646 18 14 0
645 8 4 0
2
42 141 
2
667 16 16 0
666 14 20 0
2
43 178 
2
647 18 14 0
646 10 2 0
2
42 142 
2
668 16 16 0
667 8 12 0
2
43 179 
2
648 18 14 0
647 30 22 0
2
42 143 
2
669 16 16 0
668 22 24 0
2
43 180 
2
649 18 14 0
648 26 26 0
2
42 144 
2
670 16 16 0
669 24 18 0
2
43 181 
2
650 18 14 0
649 32 20 0
2
42 145 
2
671 16 16 0
670 22 10 0
2
43 182 
2
651 18 14 0
650 32 10 0
2
42 146 
2
672 16 16 0
671 30 12 0
2
43 183 
2
652 18 14 0
651 2 8 0
2
42 147 
2
673 16 16 0
672 4 8 0
2
43 184 
2
653 18 14 0
652 30 8 0
2
42 148 
2
674 16 16 0
673 12 30 0
2
43 185 
2
654 18 14 0
653 24 30 0
2
42 165 
2
675 16 16 0
674 4 20 0
2
43 186 
2
655 18 14 0
654 28 6 0
2
42 187 
2
676 16 16 0
675 12 28 0
2
43 188 
2
656 18 14 0
655 30 6 0
2
40 42 
2
676 10 16 0
677 16 16 0
2
41 43 
2
656 20 12 0
657 18 14 0
2
42 110 
2
678 16 16 0
677 6 20 0
2
43 167 
2
658 18 14 0
657 22 12 0
2
42 127 
2
679 16 16 0
678 12 18 0
2
43 168 
2
659 18 14 0
658 24 10 0
2
42 132 
2
680 16 16 0
679 8 16 0
2
43 169 
2
660 18 14 0
659 18 2 0
2
42 133 
2
681 16 16 0
680 10 12 0
2
43 170 
2
661 18 14 0
660 26 14 0
2
42 134 
2
682 16 16 0
681 16 30 0
2
43 171 
2
662 18 14 0
661 20 4 0
2
42 135 
2
683 16 16 0
682 10 26 0
2
43 172 
2
663 18 14 0
662 26 8 0
2
42 136 
2
684 16 16 0
683 16 26 0
2
43 173 
2
664 18 14 0
663 26 6 0
2
42 137 
2
685 16 16 0
684 16 28 0
2
43 174 
2
665 18 14 0
664 20 32 0
2
42 138 
2
686 16 16 0
685 10 20 0
2
43 175 
2
666 18 14 0
665 6 8 0
2
42 139 
2
687 16 16 0
686 12 26 0
2
43 176 
2
667 18 14 0
666 20 30 0
2
42 140 
2
688 16 16 0
687 14 18 0
2
43 177 
2
668 18 14 0
667 8 4 0
2
42 141 
2
689 16 16 0
688 14 20 0
2
43 178 
2
669 18 14 0
668 10 2 0
2
42 142 
2
690 16 16 0
689 8 12 0
2
43 179 
2
670 18 14 0
669 30 22 0
2
42 143 
2
691 16 16 0
690 22 24 0
2
43 180 
2
671 18 14 0
670 26 26 0
2
42 144 
2
692 16 16 0
691 24 18 0
2
43 181 
2
672 18 14 0
671 32 20 0
2
42 145 
2
693 16 16 0
692 22 10 0
2
43 182 
2
673 18 14 0
672 32 10 0
2
42 146 
2
694 16 16 0
693 30 12 0
2
43 183 
2
674 18 14 0
673 2 8 0
2
42 147 
2
695 16 16 0
694 4 8 0
2
43 184 
2
675 18 14 0
674 30 8 0
2
42 148 
2
696 16 16 0
695 12 30 0
2
43 185 
2
676 18 14 0
675 24 30 0
2
42 165 
2
697 16 16 0
696 4 20 0
2
43 186 
2
677 18 14 0
676 28 6 0
2
42 187 
2
698 16 16 0
697 12 28 0
2
43 188 
2
678 18 14 0
677 30 6 0
2
20 40 
2
676 14 16 0
677 10 16 0
2
21 41 
2
656 20 14 0
657 20 12 0
2
38 40 
2
677 4 16 0
678 10 16 0
2
39 41 
2
657 22 8 0
658 20 12 0
2
42 42 
1
699 16 16 0
2
40 42 
2
699 10 16 0
700 16 16 0
2
42 42 
1
701 16 16 0
2
20 42 
2
701 14 16 0
702 16 16 0
2
42 42 
1
703 16 16 0
2
40 42 
2
703 10 16 0
704 16 16 0
2
42 42 
1
705 16 16 0
2
43 43 
1
679 18 14 0
2
41 43 
2
679 20 12 0
680 18 14 0
2
43 43 
1
681 18 14 0
2
21 43 
2
681 20 14 0
682 18 14 0
2
43 43 
1
683 18 14 0
2
41 43 
2
683 20 12 0
684 18 14 0
2
43 43 
1
685 18 14 0
2
42 127 
2
706 16 16 0
705 12 18 0
2
43 186 
2
686 18 14 0
685 28 6 0
2
42 132 
2
707 16 16 0
706 8 16 0
2
43 188 
2
687 18 14 0
686 30 6 0
2
42 133 
2
708 16 16 0
707 10 12 0
2
43 189 
2
688 18 14 0
687 32 8 0
2
42 134 
2
709 16 16 0
708 16 30 0
2
42 135 
2
710 16 16 0
709 10 26 0
2
42 136 
2
711 16 16 0
710 16 26 0
2
42 137 
2
712 16 16 0
711 16 28 0
2
42 138 
2
713 16 16 0
712 10 20 0
2
42 139 
2
714 16 16 0
713 12 26 0
2
42 140 
2
715 16 16 0
714 14 18 0
2
42 141 
2
716 16 16 0
715 14 20 0
2
42 142 
2
717 16 16 0
716 8 12 0
2
42 143 
2
718 16 16 0
717 22 24 0
2
42 144 
2
719 16 16 0
718 24 18 0
2
42 145 
2
720 16 16 0
719 22 10 0
2
42 146 
2
721 16 16 0
720 30 12 0
2
42 147 
2
722 16 16 0
721 4 8 0
2
42 148 
2
723 16 16 0
722 12 30 0
2
42 165 
2
724 16 16 0
723 4 20 0
2
42 187 
2
725 16 16 0
724 12 28 0
2
42 190 
2
726 16 16 0
725 26 16 0
2
40 42 
2
726 10 16 0
727 16 16 0
2
41 43 
2
688 20 12 0
689 18 14 0
2
42 127 
2
728 16 16 0
727 12 18 0
2
43 186 
2
690 18 14 0
689 28 6 0
2
42 132 
2
729 16 16 0
728 8 16 0
2
43 188 
2
691 18 14 0
690 30 6 0
2
42 133 
2
730 16 16 0
729 10 12 0
2
43 189 
2
692 18 14 0
691 32 8 0
2
42 134 
2
731 16 16 0
730 16 30 0
2
42 135 
2
732 16 16 0
731 10 26 0
2
42 136 
2
733 16 16 0
732 16 26 0
2
42 137 
2
734 16 16 0
733 16 28 0
2
42 138 
2
735 16 16 0
734 10 20 0
2
42 139 
2
736 16 16 0
735 12 26 0
2
42 140 
2
737 16 16 0
736 14 18 0
2
42 141 
2
738 16 16 0
737 14 20 0
2
42 142 
2
739 16 16 0
738 8 12 0
2
42 143 
2
740 16 16 0
739 22 24 0
2
42 144 
2
741 16 16 0
740 24 18 0
2
42 145 
2
742 16 16 0
741 22 10 0
2
42 146 
2
743 16 16 0
742 30 12 0
2
42 147 
2
744 16 16 0
743 4 8 0
2
42 148 
2
745 16 16 0
744 12 30 0
2
42 165 
2
746 16 16 0
745 4 20 0
2
42 187 
2
747 16 16 0
746 12 28 0
2
42 190 
2
748 16 16 0
747 26 16 0
2
20 40 
2
726 14 16 0
727 10 16 0
2
21 41 
2
688 20 14 0
689 20 12 0
2
18 38 
2
677 4 18 0
678 4 16 0
2
19 39 
2
657 20 8 0
658 22 8 0
2
16 36 
2
630 4 24 0
631 4 22 0
2
17 37 
2
576 26 4 0
577 24 4 0
2
34 36 
2
631 2 24 0
632 4 22 0
2
35 37 
2
577 28 2 0
578 24 4 0
2
38 38 
1
679 4 16 0
2
36 38 
2
679 4 22 0
680 4 16 0
2
38 38 
1
681 4 16 0
2
16 38 
2
681 4 24 0
682 4 16 0
2
38 38 
1
683 4 16 0
2
36 38 
2
683 4 22 0
684 4 16 0
2
38 38 
1
685 4 16 0
2
39 39 
1
659 22 8 0
2
37 39 
2
659 24 4 0
660 22 8 0
2
39 39 
1
661 22 8 0
2
17 39 
2
661 26 4 0
662 22 8 0
2
39 39 
1
663 22 8 0
2
37 39 
2
663 24 4 0
664 22 8 0
2
39 39 
1
665 22 8 0
2
40 40 
1
728 10 16 0
2
38 40 
2
728 4 16 0
729 10 16 0
2
40 40 
1
730 10 16 0
2
18 40 
2
730 4 18 0
731 10 16 0
2
40 40 
1
732 10 16 0
2
38 40 
2
732 4 16 0
733 10 16 0
2
40 40 
1
734 10 16 0
2
41 41 
1
690 20 12 0
2
39 41 
2
690 22 8 0
691 20 12 0
2
41 41 
1
692 20 12 0
2
19 41 
2
692 20 8 0
693 20 12 0
2
41 41 
1
694 20 12 0
2
39 41 
2
694 22 8 0
695 20 12 0
2
41 41 
1
696 20 12 0
2
42 42 
1
749 16 16 0
2
40 42 
2
749 10 16 0
750 16 16 0
2
42 42 
1
751 16 16 0
2
20 42 
2
751 14 16 0
752 16 16 0
2
42 42 
1
753 16 16 0
2
40 42 
2
753 10 16 0
754 16 16 0
2
42 42 
1
755 16 16 0
2
43 43 
1
693 18 14 0
2
41 43 
2
697 20 12 0
696 18 14 0
2
43 43 
1
697 18 14 0
2
21 43 
2
697 20 14 0
698 18 14 0
2
43 43 
1
699 18 14 0
2
41 43 
2
699 20 12 0
700 18 14 0
2
43 43 
1
701 18 14 0
2
42 148 
2
756 16 16 0
755 12 30 0
2
43 188 
2
702 18 14 0
701 30 6 0
2
42 165 
2
757 16 16 0
756 4 20 0
2
43 189 
2
703 18 14 0
702 32 8 0
2
42 187 
2
758 16 16 0
757 12 28 0
2
43 191 
2
704 18 14 0
703 28 4 0
2
40 42 
2
758 10 16 0
759 16 16 0
2
41 43 
2
704 20 12 0
705 18 14 0
2
42 148 
2
760 16 16 0
759 12 30 0
2
43 188 
2
706 18 14 0
705 30 6 0
2
42 165 
2
761 16 16 0
760 4 20 0
2
43 189 
2
707 18 14 0
706 32 8 0
2
42 187 
2
762 16 16 0
761 12 28 0
2
43 191 
2
708 18 14 0
707 28 4 0
2
20 40 
2
758 14 16 0
759 10 16 0
2
21 41 
2
704 20 14 0
705 20 12 0
2
38 40 
2
759 4 16 0
760 10 16 0
2
39 41 
2
705 22 8 0
706 20 12 0
2
42 42 
1
763 16 16 0
2
40 42 
2
763 10 16 0
764 16 16 0
2
42 42 
1
765 16 16 0
2
20 42 
2
765 14 16 0
766 16 16 0
2
42 42 
1
767 16 16 0
2
40 42 
2
767 10 16 0
768 16 16 0
2
42 42 
1
769 16 16 0
2
43 43 
1
709 18 14 0
2
41 43 
2
709 20 12 0
710 18 14 0
2
43 43 
1
711 18 14 0
2
21 43 
2
711 20 14 0
712 18 14 0
2
43 43 
1
713 18 14 0
2
41 43 
2
713 20 12 0
714 18 14 0
2
43 43 
1
715 18 14 0
2
42 165 
2
770 16 16 0
769 4 20 0
2
43 79 
2
716 18 14 0
715 2 20 0
2
42 187 
2
771 16 16 0
770 12 28 0
2
43 80 
2
717 18 14 0
716 24 28 0
2
42 190 
2
772 16 16 0
771 26 16 0
2
43 81 
2
718 18 14 0
717 6 6 0
2
40 42 
2
772 10 16 0
773 16 16 0
2
41 43 
2
718 20 12 0
719 18 14 0
2
42 165 
2
774 16 16 0
773 4 20 0
2
43 79 
2
720 18 14 0
719 2 20 0
2
42 187 
2
775 16 16 0
774 12 28 0
2
43 80 
2
721 18 14 0
720 24 28 0
2
42 190 
2
776 16 16 0
775 26 16 0
2
43 81 
2
722 18 14 0
721 6 6 0
2
20 40 
2
772 14 16 0
773 10 16 0
2
21 41 
2
718 20 14 0
719 20 12 0
2
18 38 
2
759 4 18 0
760 4 16 0
2
19 39 
2
705 20 8 0
706 22 8 0
2
36 38 
2
760 4 22 0
761 4 16 0
2
37 39 
2
706 24 4 0
707 22 8 0
2
40 40 
1
774 10 16 0
2
38 40 
2
774 4 16 0
775 10 16 0
2
40 40 
1
776 10 16 0
2
18 40 
2
776 4 18 0
777 10 16 0
2
40 40 
1
778 10 16 0
2
38 40 
2
778 4 16 0
779 10 16 0
2
40 40 
1
780 10 16 0
2
41 41 
1
720 20 12 0
2
39 41 
2
720 22 8 0
721 20 12 0
2
41 41 
1
722 20 12 0
2
19 41 
2
722 20 8 0
723 20 12 0
2
41 41 
1
724 20 12 0
2
39 41 
2
724 22 8 0
725 20 12 0
2
41 41 
1
726 20 12 0
2
42 42 
1
777 16 16 0
2
40 42 
2
781 10 16 0
780 16 16 0
2
42 42 
1
781 16 16 0
2
20 42 
2
781 14 16 0
782 16 16 0
2
42 42 
1
783 16 16 0
2
40 42 
2
783 10 16 0
784 16 16 0
2
42 42 
1
785 16 16 0
2
43 43 
1
723 18 14 0
2
41 43 
2
727 20 12 0
726 18 14 0
2
43 43 
1
727 18 14 0
2
21 43 
2
727 20 14 0
728 18 14 0
2
43 43 
1
729 18 14 0
2
41 43 
2
729 20 12 0
730 18 14 0
2
43 43 
1
731 18 14 0
2
42 148 
2
786 16 16 0
785 12 30 0
2
43 80 
2
732 18 14 0
731 24 28 0
2
42 165 
2
787 16 16 0
786 4 20 0
2
43 81 
2
733 18 14 0
732 6 6 0
2
42 187 
2
788 16 16 0
787 12 28 0
2
43 82 
2
734 18 14 0
733 28 22 0
2
42 190 
2
789 16 16 0
788 26 16 0
2
42 192 
2
790 16 16 0
789 18 26 0
2
42 193 
2
791 16 16 0
790 6 16 0
2
42 194 
2
792 16 16 0
791 14 22 0
2
42 195 
2
793 16 16 0
792 10 22 0
2
42 196 
2
794 16 16 0
793 8 18 0
2
42 197 
2
795 16 16 0
794 16 22 0
2
42 198 
2
796 16 16 0
795 16 18 0
2
42 199 
2
797 16 16 0
796 14 28 0
2
42 200 
2
798 16 16 0
797 10 18 0
2
42 201 
2
799 16 16 0
798 18 20 0
2
42 202 
2
800 16 16 0
799 14 14 0
2
42 203 
2
801 16 16 0
800 2 14 0
2
42 204 
2
802 16 16 0
801 20 20 0
2
42 205 
2
803 16 16 0
802 18 10 0
2
42 206 
2
804 16 16 0
803 26 24 0
2
42 207 
2
805 16 16 0
804 4 10 0
2
42 208 
2
806 16 16 0
805 32 16 0
2
40 42 
2
806 10 16 0
807 16 16 0
2
41 43 
2
734 20 12 0
735 18 14 0
2
42 148 
2
808 16 16 0
807 12 30 0
2
43 80 
2
736 18 14 0
735 24 28 0
2
42 165 
2
809 16 16 0
808 4 20 0
2
43 81 
2
737 18 14 0
736 6 6 0
2
42 187 
2
810 16 16 0
809 12 28 0
2
43 82 
2
738 18 14 0
737 28 22 0
2
42 190 
2
811 16 16 0
810 26 16 0
2
42 192 
2
812 16 16 0
811 18 26 0
2
42 193 
2
813 16 16 0
812 6 16 0
2
42 194 
2
814 16 16 0
813 14 22 0
2
42 195 
2
815 16 16 0
814 10 22 0
2
42 196 
2
816 16 16 0
815 8 18 0
2
42 197 
2
817 16 16 0
816 16 22 0
2
42 198 
2
818 16 16 0
817 16 18 0
2
42 199 
2
819 16 16 0
818 14 28 0
2
42 200 
2
820 16 16 0
819 10 18 0
2
42 201 
2
821 16 16 0
820 18 20 0
2
42 202 
2
822 16 16 0
821 14 14 0
2
42 203 
2
823 16 16 0
822 2 14 0
2
42 204 
2
824 16 16 0
823 20 20 0
2
42 205 
2
825 16 16 0
824 18 10 0
2
42 206 
2
826 16 16 0
825 26 24 0
2
42 207 
2
827 16 16 0
826 4 10 0
2
42 208 
2
828 16 16 0
827 32 16 0
2
20 40 
2
806 14 16 0
807 10 16 0
2
21 41 
2
734 20 14 0
735 20 12 0
2
38 40 
2
807 4 16 0
808 10 16 0
2
39 41 
2
735 22 8 0
736 20 12 0
2
42 42 
1
829 16 16 0
2
40 42 
2
829 10 16 0
830 16 16 0
2
42 42 
1
831 16 16 0
2
20 42 
2
831 14 16 0
832 16 16 0
2
42 42 
1
833 16 16 0
2
40 42 
2
833 10 16 0
834 16 16 0
2
42 42 
1
835 16 16 0
2
43 43 
1
739 18 14 0
2
41 43 
2
739 20 12 0
740 18 14 0
2
43 43 
1
741 18 14 0
2
21 43 
2
741 20 14 0
742 18 14 0
2
43 43 
1
743 18 14 0
2
41 43 
2
743 20 12 0
744 18 14 0
2
43 43 
1
745 18 14 0
2
42 165 
2
836 16 16 0
835 4 20 0
2
43 79 
2
746 18 14 0
745 2 20 0
2
42 187 
2
837 16 16 0
836 12 28 0
2
43 80 
2
747 18 14 0
746 24 28 0
2
42 190 
2
838 16 16 0
837 26 16 0
2
43 81 
2
748 18 14 0
747 6 6 0
2
42 192 
2
839 16 16 0
838 18 26 0
2
43 82 
2
749 18 14 0
748 28 22 0
2
42 193 
2
840 16 16 0
839 6 16 0
2
43 83 
2
750 18 14 0
749 10 4 0
2
42 194 
2
841 16 16 0
840 14 22 0
2
43 84 
2
751 18 14 0
750 28 24 0
2
42 195 
2
842 16 16 0
841 10 22 0
2
43 85 
2
752 18 14 0
751 30 20 0
2
42 196 
2
843 16 16 0
842 8 18 0
2
43 88 
2
753 18 14 0
752 12 4 0
2
42 197 
2
844 16 16 0
843 16 22 0
2
43 110 
2
754 18 14 0
753 6 20 0
2
42 198 
2
845 16 16 0
844 16 18 0
2
43 127 
2
755 18 14 0
754 12 18 0
2
42 199 
2
846 16 16 0
845 14 28 0
2
43 132 
2
756 18 14 0
755 8 16 0
2
42 200 
2
847 16 16 0
846 10 18 0
2
43 133 
2
757 18 14 0
756 10 12 0
2
42 201 
2
848 16 16 0
847 18 20 0
2
43 134 
2
758 18 14 0
757 16 30 0
2
42 202 
2
849 16 16 0
848 14 14 0
2
43 135 
2
759 18 14 0
758 10 26 0
2
42 203 
2
850 16 16 0
849 2 14 0
2
43 136 
2
760 18 14 0
759 16 26 0
2
42 204 
2
851 16 16 0
850 20 20 0
2
43 137 
2
761 18 14 0
760 16 28 0
2
42 205 
2
852 16 16 0
851 18 10 0
2
43 138 
2
762 18 14 0
761 10 20 0
2
42 206 
2
853 16 16 0
852 26 24 0
2
43 139 
2
763 18 14 0
762 12 26 0
2
42 207 
2
854 16 16 0
853 4 10 0
2
43 140 
2
764 18 14 0
763 14 18 0
2
42 208 
2
855 16 16 0
854 32 16 0
2
43 141 
2
765 18 14 0
764 14 20 0
2
42 209 
2
856 16 16 0
855 2 18 0
2
43 142 
2
766 18 14 0
765 8 12 0
2
40 42 
2
856 10 16 0
857 16 16 0
2
41 43 
2
766 20 12 0
767 18 14 0
2
42 165 
2
858 16 16 0
857 4 20 0
2
43 79 
2
768 18 14 0
767 2 20 0
2
42 187 
2
859 16 16 0
858 12 28 0
2
43 80 
2
769 18 14 0
768 24 28 0
2
42 190 
2
860 16 16 0
859 26 16 0
2
43 81 
2
770 18 14 0
769 6 6 0
2
42 192 
2
861 16 16 0
860 18 26 0
2
43 82 
2
771 18 14 0
770 28 22 0
2
42 193 
2
862 16 16 0
861 6 16 0
2
43 83 
2
772 18 14 0
771 10 4 0
2
42 194 
2
863 16 16 0
862 14 22 0
2
43 84 
2
773 18 14 0
772 28 24 0
2
42 195 
2
864 16 16 0
863 10 22 0
2
43 85 
2
774 18 14 0
773 30 20 0
2
42 196 
2
865 16 16 0
864 8 18 0
2
43 88 
2
775 18 14 0
774 12 4 0
2
42 197 
2
866 16 16 0
865 16 22 0
2
43 110 
2
776 18 14 0
775 6 20 0
2
42 198 
2
867 16 16 0
866 16 18 0
2
43 127 
2
777 18 14 0
776 12 18 0
2
42 199 
2
868 16 16 0
867 14 28 0
2
43 132 
2
778 18 14 0
777 8 16 0
2
42 200 
2
869 16 16 0
868 10 18 0
2
43 133 
2
779 18 14 0
778 10 12 0
2
42 201 
2
870 16 16 0
869 18 20 0
2
43 134 
2
780 18 14 0
779 16 30 0
2
42 202 
2
871 16 16 0
870 14 14 0
2
43 135 
2
781 18 14 0
780 10 26 0
2
42 203 
2
872 16 16 0
871 2 14 0
2
43 136 
2
782 18 14 0
781 16 26 0
2
42 204 
2
873 16 16 0
872 20 20 0
2
43 137 
2
783 18 14 0
782 16 28 0
2
42 205 
2
874 16 16 0
873 18 10 0
2
43 138 
2
784 18 14 0
783 10 20 0
2
42 206 
2
875 16 16 0
874 26 24 0
2
43 139 
2
785 18 14 0
784 12 26 0
2
42 207 
2
876 16 16 0
875 4 10 0
2
43 140 
2
786 18 14 0
785 14 18 0
2
42 208 
2
877 16 16 0
876 32 16 0
2
43 141 
2
787 18 14 0
786 14 20 0
2
42 209 
2
878 16 16 0
877 2 18 0
2
43 142 
2
788 18 14 0
787 8 12 0
2
20 40 
2
856 14 16 0
857 10 16 0
2
21 41 
2
766 20 14 0
767 20 12 0
2
18 38 
2
807 4 18 0
808 4 16 0
2
19 39 
2
735 20 8 0
736 22 8 0
2
16 36 
2
760 4 24 0
761 4 22 0
2
17 37 
2
706 26 4 0
707 24 4 0
2
14 34 
2
631 4 26 0
632 2 24 0
2
15 35 
2
577 26 2 0
578 28 2 0
2
32 34 
2
632 2 28 0
633 2 24 0
2
33 35 
2
578 32 2 0
579 28 2 0
2
36 36 
1
762 4 22 0
2
34 36 
2
762 2 24 0
763 4 22 0
2
36 36 
1
764 4 22 0
2
14 36 
2
764 4 26 0
765 4 22 0
2
36 36 
1
766 4 22 0
2
34 36 
2
766 2 24 0
767 4 22 0
2
36 36 
1
768 4 22 0
2
37 37 
1
708 24 4 0
2
35 37 
2
708 28 2 0
709 24 4 0
2
37 37 
1
710 24 4 0
2
15 37 
2
710 26 2 0
711 24 4 0
2
37 37 
1
712 24 4 0
2
35 37 
2
712 28 2 0
713 24 4 0
2
37 37 
1
714 24 4 0
2
38 38 
1
809 4 16 0
2
36 38 
2
809 4 22 0
810 4 16 0
2
38 38 
1
811 4 16 0
2
16 38 
2
811 4 24 0
812 4 16 0
2
38 38 
1
813 4 16 0
2
36 38 
2
813 4 22 0
814 4 16 0
2
38 38 
1
815 4 16 0
2
39 39 
1
737 22 8 0
2
37 39 
2
737 24 4 0
738 22 8 0
2
39 39 
1
739 22 8 0
2
17 39 
2
739 26 4 0
740 22 8 0
2
39 39 
1
741 22 8 0
2
37 39 
2
741 24 4 0
742 22 8 0
2
39 39 
1
743 22 8 0
2
40 40 
1
858 10 16 0
2
38 40 
2
858 4 16 0
859 10 16 0
2
40 40 
1
860 10 16 0
2
18 40 
2
860 4 18 0
861 10 16 0
2
40 40 
1
862 10 16 0
2
38 40 
2
862 4 16 0
863 10 16 0
2
40 40 
1
864 10 16 0
2
41 41 
1
768 20 12 0
2
39 41 
2
768 22 8 0
769 20 12 0
2
41 41 
1
770 20 12 0
2
19 41 
2
770 20 8 0
771 20 12 0
2
41 41 
1
772 20 12 0
2
39 41 
2
772 22 8 0
773 20 12 0
2
41 41 
1
774 20 12 0
2
42 42 
1
879 16 16 0
2
40 42 
2
879 10 16 0
880 16 16 0
2
42 42 
1
881 16 16 0
2
20 42 
2
881 14 16 0
882 16 16 0
2
42 42 
1
883 16 16 0
2
40 42 
2
883 10 16 0
884 16 16 0
2
42 42 
1
885 16 16 0
2
43 43 
1
789 18 14 0
2
41 43 
2
789 20 12 0
790 18 14 0
2
43 43 
1
791 18 14 0
2
21 43 
2
791 20 14 0
792 18 14 0
2
43 43 
1
793 18 14 0
2
41 43 
2
793 20 12 0
794 18 14 0
2
43 43 
1
795 18 14 0
2
42 148 
2
886 16 16 0
885 12 30 0
2
43 80 
2
796 18 14 0
795 24 28 0
2
42 165 
2
887 16 16 0
886 4 20 0
2
43 81 
2
797 18 14 0
796 6 6 0
2
42 187 
2
888 16 16 0
887 12 28 0
2
43 82 
2
798 18 14 0
797 28 22 0
2
42 190 
2
889 16 16 0
888 26 16 0
2
43 83 
2
799 18 14 0
798 10 4 0
2
42 192 
2
890 16 16 0
889 18 26 0
2
43 84 
2
800 18 14 0
799 28 24 0
2
42 193 
2
891 16 16 0
890 6 16 0
2
43 85 
2
801 18 14 0
800 30 20 0
2
42 194 
2
892 16 16 0
891 14 22 0
2
43 88 
2
802 18 14 0
801 12 4 0
2
42 195 
2
893 16 16 0
892 10 22 0
2
43 110 
2
803 18 14 0
802 6 20 0
2
42 196 
2
894 16 16 0
893 8 18 0
2
43 127 
2
804 18 14 0
803 12 18 0
2
42 197 
2
895 16 16 0
894 16 22 0
2
43 132 
2
805 18 14 0
804 8 16 0
2
42 198 
2
896 16 16 0
895 16 18 0
2
43 133 
2
806 18 14 0
805 10 12 0
2
42 199 
2
897 16 16 0
896 14 28 0
2
43 134 
2
807 18 14 0
806 16 30 0
2
42 200 
2
898 16 16 0
897 10 18 0
2
43 135 
2
808 18 14 0
807 10 26 0
2
42 201 
2
899 16 16 0
898 18 20 0
2
43 136 
2
809 18 14 0
808 16 26 0
2
42 202 
2
900 16 16 0
899 14 14 0
2
43 137 
2
810 18 14 0
809 16 28 0
2
42 203 
2
901 16 16 0
900 2 14 0
2
43 138 
2
811 18 14 0
810 10 20 0
2
42 204 
2
902 16 16 0
901 20 20 0
2
43 139 
2
812 18 14 0
811 12 26 0
2
42 205 
2
903 16 16 0
902 18 10 0
2
43 140 
2
813 18 14 0
812 14 18 0
2
42 206 
2
904 16 16 0
903 26 24 0
2
43 141 
2
814 18 14 0
813 14 20 0
2
43 142 
2
815 18 14 0
814 8 12 0
2
43 143 
2
816 18 14 0
815 22 24 0
2
40 42 
2
904 10 16 0
905 16 16 0
2
41 43 
2
816 20 12 0
817 18 14 0
2
42 148 
2
906 16 16 0
905 12 30 0
2
43 80 
2
818 18 14 0
817 24 28 0
2
42 165 
2
907 16 16 0
906 4 20 0
2
43 81 
2
819 18 14 0
818 6 6 0
2
42 187 
2
908 16 16 0
907 12 28 0
2
43 82 
2
820 18 14 0
819 28 22 0
2
42 190 
2
909 16 16 0
908 26 16 0
2
43 83 
2
821 18 14 0
820 10 4 0
2
42 192 
2
910 16 16 0
909 18 26 0
2
43 84 
2
822 18 14 0
821 28 24 0
2
42 193 
2
911 16 16 0
910 6 16 0
2
43 85 
2
823 18 14 0
822 30 20 0
2
42 194 
2
912 16 16 0
911 14 22 0
2
43 88 
2
824 18 14 0
823 12 4 0
2
42 195 
2
913 16 16 0
912 10 22 0
2
43 110 
2
825 18 14 0
824 6 20 0
2
42 196 
2
914 16 16 0
913 8 18 0
2
43 127 
2
826 18 14 0
825 12 18 0
2
42 197 
2
915 16 16 0
914 16 22 0
2
43 132 
2
827 18 14 0
826 8 16 0
2
42 198 
2
916 16 16 0
915 16 18 0
2
43 133 
2
828 18 14 0
827 10 12 0
2
42 199 
2
917 16 16 0
916 14 28 0
2
43 134 
2
829 18 14 0
828 16 30 0
2
42 200 
2
918 16 16 0
917 10 18 0
2
43 135 
2
830 18 14 0
829 10 26 0
2
42 201 
2
919 16 16 0
918 18 20 0
2
43 136 
2
831 18 14 0
830 16 26 0
2
42 202 
2
920 16 16 0
919 14 14 0
2
43 137 
2
832 18 14 0
831 16 28 0
2
42 203 
2
921 16 16 0
920 2 14 0
2
43 138 
2
833 18 14 0
832 10 20 0
2
42 204 
2
922 16 16 0
921 20 20 0
2
43 139 
2
834 18 14 0
833 12 26 0
2
42 205 
2
923 16 16 0
922 18 10 0
2
43 140 
2
835 18 14 0
834 14 18 0
2
42 206 
2
924 16 16 0
923 26 24 0
2
43 141 
2
836 18 14 0
835 14 20 0
2
43 142 
2
837 18 14 0
836 8 12 0
2
43 143 
2
838 18 14 0
837 22 24 0
2
20 40 
2
904 14 16 0
905 10 16 0
2
21 41 
2
816 20 14 0
817 20 12 0
2
38 40 
2
905 4 16 0
906 10 16 0
2
39 41 
2
817 22 8 0
818 20 12 0
2
42 42 
1
925 16 16 0
2
40 42 
2
925 10 16 0
926 16 16 0
2
42 42 
1
927 16 16 0
2
20 42 
2
927 14 16 0
928 16 16 0
2
42 42 
1
929 16 16 0
2
40 42 
2
929 10 16 0
930 16 16 0
2
42 42 
1
931 16 16 0
2
43 43 
1
839 18 14 0
2
41 43 
2
839 20 12 0
840 18 14 0
2
43 43 
1
841 18 14 0
2
21 43 
2
841 20 14 0
842 18 14 0
2
43 43 
1
843 18 14 0
2
41 43 
2
843 20 12 0
844 18 14 0
2
43 43 
1
845 18 14 0
2
42 165 
2
932 16 16 0
931 4 20 0
2
43 142 
2
846 18 14 0
845 8 12 0
2
42 187 
2
933 16 16 0
932 12 28 0
2
43 143 
2
847 18 14 0
846 22 24 0
2
42 190 
2
934 16 16 0
933 26 16 0
2
43 144 
2
848 18 14 0
847 24 18 0
2
42 192 
2
935 16 16 0
934 18 26 0
2
42 193 
2
936 16 16 0
935 6 16 0
2
42 194 
2
937 16 16 0
936 14 22 0
2
42 195 
2
938 16 16 0
937 10 22 0
2
42 196 
2
939 16 16 0
938 8 18 0
2
42 197 
2
940 16 16 0
939 16 22 0
2
42 198 
2
941 16 16 0
940 16 18 0
2
42 199 
2
942 16 16 0
941 14 28 0
2
42 200 
2
943 16 16 0
942 10 18 0
2
42 201 
2
944 16 16 0
943 18 20 0
2
42 202 
2
945 16 16 0
944 14 14 0
2
42 203 
2
946 16 16 0
945 2 14 0
2
42 204 
2
947 16 16 0
946 20 20 0
2
42 205 
2
948 16 16 0
947 18 10 0
2
42 206 
2
949 16 16 0
948 26 24 0
2
42 207 
2
950 16 16 0
949 4 10 0
2
40 42 
2
950 10 16 0
951 16 16 0
2
41 43 
2
848 20 12 0
849 18 14 0
2
42 165 
2
952 16 16 0
951 4 20 0
2
43 142 
2
850 18 14 0
849 8 12 0
2
42 187 
2
953 16 16 0
952 12 28 0
2
43 143 
2
851 18 14 0
850 22 24 0
2
42 190 
2
954 16 16 0
953 26 16 0
2
43 144 
2
852 18 14 0
851 24 18 0
2
42 192 
2
955 16 16 0
954 18 26 0
2
42 193 
2
956 16 16 0
955 6 16 0
2
42 194 
2
957 16 16 0
956 14 22 0
2
42 195 
2
958 16 16 0
957 10 22 0
2
42 196 
2
959 16 16 0
958 8 18 0
2
42 197 
2
960 16 16 0
959 16 22 0
2
42 198 
2
961 16 16 0
960 16 18 0
2
42 199 
2
962 16 16 0
961 14 28 0
2
42 200 
2
963 16 16 0
962 10 18 0
2
42 201 
2
964 16 16 0
963 18 20 0
2
42 202 
2
965 16 16 0
964 14 14 0
2
42 203 
2
966 16 16 0
965 2 14 0
2
42 204 
2
967 16 16 0
966 20 20 0
2
42 205 
2
968 16 16 0
967 18 10 0
2
42 206 
2
969 16 16 0
968 26 24 0
2
42 207 
2
970 16 16 0
969 4 10 0
2
20 40 
2
950 14 16 0
951 10 16 0
2
21 41 
2
848 20 14 0
849 20 12 0
2
18 38 
2
905 4 18 0
906 4 16 0
2
19 39 
2
817 20 8 0
818 22 8 0
2
36 38 
2
906 4 22 0
907 4 16 0
2
37 39 
2
818 24 4 0
819 22 8 0
2
40 40 
1
952 10 16 0
2
38 40 
2
952 4 16 0
953 10 16 0
2
40 40 
1
954 10 16 0
2
18 40 
2
954 4 18 0
955 10 16 0
2
40 40 
1
956 10 16 0
2
38 40 
2
956 4 16 0
957 10 16 0
2
40 40 
1
958 10 16 0
2
41 41 
1
850 20 12 0
2
39 41 
2
850 22 8 0
851 20 12 0
2
41 41 
1
852 20 12 0
2
19 41 
2
852 20 8 0
853 20 12 0
2
41 41 
1
854 20 12 0
2
39 41 
2
854 22 8 0
855 20 12 0
2
41 41 
1
856 20 12 0
2
42 42 
1
971 16 16 0
2
40 42 
2
971 10 16 0
972 16 16 0
2
42 42 
1
973 16 16 0
2
20 42 
2
973 14 16 0
974 16 16 0
2
42 42 
1
975 16 16 0
2
40 42 
2
975 10 16 0
976 16 16 0
2
42 42 
1
977 16 16 0
2
43 43 
1
853 18 14 0
2
41 43 
2
857 20 12 0
856 18 14 0
2
43 43 
1
857 18 14 0
2
21 43 
2
857 20 14 0
858 18 14 0
2
43 43 
1
859 18 14 0
2
41 43 
2
859 20 12 0
860 18 14 0
2
43 43 
1
861 18 14 0
2
42 187 
2
978 16 16 0
977 12 28 0
2
43 143 
2
862 18 14 0
861 22 24 0
2
42 190 
2
979 16 16 0
978 26 16 0
2
43 144 
2
863 18 14 0
862 24 18 0
2
42 192 
2
980 16 16 0
979 18 26 0
2
43 145 
2
864 18 14 0
863 22 10 0
2
40 42 
2
980 10 16 0
981 16 16 0
2
41 43 
2
864 20 12 0
865 18 14 0
2
42 187 
2
982 16 16 0
981 12 28 0
2
43 143 
2
866 18 14 0
865 22 24 0
2
42 190 
2
983 16 16 0
982 26 16 0
2
43 144 
2
867 18 14 0
866 24 18 0
2
42 192 
2
984 16 16 0
983 18 26 0
2
43 145 
2
868 18 14 0
867 22 10 0
2
20 40 
2
980 14 16 0
981 10 16 0
2
21 41 
2
864 20 14 0
865 20 12 0
2
38 40 
2
981 4 16 0
982 10 16 0
2
39 41 
2
865 22 8 0
866 20 12 0
2
42 42 
1
985 16 16 0
2
40 42 
2
985 10 16 0
986 16 16 0
2
42 42 
1
987 16 16 0
2
20 42 
2
987 14 16 0
988 16 16 0
2
42 42 
1
989 16 16 0
2
40 42 
2
989 10 16 0
990 16 16 0
2
42 42 
1
991 16 16 0
2
43 43 
1
869 18 14 0
2
41 43 
2
869 20 12 0
870 18 14 0
2
43 43 
1
871 18 14 0
2
21 43 
2
871 20 14 0
872 18 14 0
2
43 43 
1
873 18 14 0
2
41 43 
2
873 20 12 0
874 18 14 0
2
43 43 
1
875 18 14 0
2
42 190 
2
992 16 16 0
991 26 16 0
2
43 142 
2
876 18 14 0
875 8 12 0
2
42 192 
2
993 16 16 0
992 18 26 0
2
43 143 
2
877 18 14 0
876 22 24 0
2
42 193 
2
994 16 16 0
993 6 16 0
2
43 144 
2
878 18 14 0
877 24 18 0
2
43 145 
2
879 18 14 0
878 22 10 0
2
43 146 
2
880 18 14 0
879 30 12 0
2
43 147 
2
881 18 14 0
880 4 8 0
2
43 148 
2
905 18 14 0
906 12 30 0
2
43 165 
2
951 18 14 0
952 4 20 0
2
43 187 
2
981 18 14 0
982 12 28 0
2
43 190 
2
991 18 14 0
992 26 16 0
2
43 192 
2
992 18 14 0
993 18 26 0
2
43 193 
2
993 18 14 0
994 6 16 0
2
43 194 
2
994 18 14 0
993 14 22 0
2
43 195 
2
995 18 14 0
994 10 22 0
2
43 196 
2
996 18 14 0
995 8 18 0
2
43 197 
2
997 18 14 0
996 16 22 0
2
43 198 
2
998 18 14 0
997 16 18 0
2
43 199 
2
999 18 14 0
998 14 28 0
2
43 200 
2
1000 18 14 0
999 10 18 0
2
43 201 
2
1001 18 14 0
1000 18 20 0
2
43 202 
2
1002 18 14 0
1001 14 14 0
2
40 42 
2
994 10 16 0
995 16 16 0
2
41 43 
2
1002 20 12 0
1003 18 14 0
2
42 190 
2
996 16 16 0
995 26 16 0
2
43 142 
2
1004 18 14 0
1003 8 12 0
2
42 192 
2
997 16 16 0
996 18 26 0
2
43 143 
2
1005 18 14 0
1004 22 24 0
2
42 193 
2
998 16 16 0
997 6 16 0
2
43 144 
2
1006 18 14 0
1005 24 18 0
2
43 145 
2
1007 18 14 0
1006 22 10 0
2
43 146 
2
1008 18 14 0
1007 30 12 0
2
43 147 
2
1009 18 14 0
1008 4 8 0
2
43 148 
2
1010 18 14 0
1009 12 30 0
2
43 165 
2
1011 18 14 0
1010 4 20 0
2
43 187 
2
1012 18 14 0
1011 12 28 0
2
43 190 
2
1013 18 14 0
1012 26 16 0
2
43 192 
2
1014 18 14 0
1013 18 26 0
2
43 193 
2
1015 18 14 0
1014 6 16 0
2
43 194 
2
1016 18 14 0
1015 14 22 0
2
43 195 
2
1017 18 14 0
1016 10 22 0
2
43 196 
2
1018 18 14 0
1017 8 18 0
2
43 197 
2
1019 18 14 0
1018 16 22 0
2
43 198 
2
1020 18 14 0
1019 16 18 0
2
43 199 
2
1021 18 14 0
1020 14 28 0
2
43 200 
2
1022 18 14 0
1021 10 18 0
2
43 201 
2
1023 18 14 0
1022 18 20 0
2
43 202 
2
1024 18 14 0
1023 14 14 0
2
20 40 
2
994 14 16 0
995 10 16 0
2
21 41 
2
1002 20 14 0
1003 20 12 0
2
18 38 
2
981 4 18 0
982 4 16 0
2
19 39 
2
865 20 8 0
866 22 8 0
2
16 36 
2
906 4 24 0
907 4 22 0
2
17 37 
2
818 26 4 0
819 24 4 0
2
34 36 
2
907 2 24 0
908 4 22 0
2
35 37 
2
819 28 2 0
820 24 4 0
2
38 38 
1
983 4 16 0
2
36 38 
2
983 4 22 0
984 4 16 0
2
38 38 
1
985 4 16 0
2
16 38 
2
985 4 24 0
986 4 16 0
2
38 38 
1
987 4 16 0
2
36 38 
2
987 4 22 0
988 4 16 0
2
38 38 
1
989 4 16 0
2
39 39 
1
867 22 8 0
2
37 39 
2
867 24 4 0
868 22 8 0
2
39 39 
1
869 22 8 0
2
17 39 
2
869 26 4 0
870 22 8 0
2
39 39 
1
871 22 8 0
2
37 39 
2
871 24 4 0
872 22 8 0
2
39 39 
1
873 22 8 0
2
40 40 
1
996 10 16 0
2
38 40 
2
996 4 16 0
997 10 16 0
2
40 40 
1
998 10 16 0
2
18 40 
2
998 4 18 0
999 10 16 0
2
40 40 
1
1000 10 16 0
2
38 40 
2
1000 4 16 0
1001 10 16 0
2
40 40 
1
1002 10 16 0
2
41 41 
1
1004 20 12 0
2
39 41 
2
1004 22 8 0
1005 20 12 0
2
41 41 
1
1006 20 12 0
2
19 41 
2
1006 20 8 0
1007 20 12 0
2
41 41 
1
1008 20 12 0
2
39 41 
2
1008 22 8 0
1009 20 12 0
2
41 41 
1
1010 20 12 0
2
42 42 
1
999 16 16 0
2
40 42 
2
1003 10 16 0
1002 16 16 0
2
42 42 
1
1003 16 16 0
2
20 42 
2
1003 14 16 0
1004 16 16 0
2
42 42 
1
1005 16 16 0
2
40 42 
2
1005 10 16 0
1006 16 16 0
2
42 42 
1
1007 16 16 0
2
43 43 
1
1025 18 14 0
2
41 43 
2
1025 20 12 0
1026 18 14 0
2
43 43 
1
1027 18 14 0
2
21 43 
2
1027 20 14 0
1028 18 14 0
2
43 43 
1
1029 18 14 0
2
41 43 
2
1029 20 12 0
1030 18 14 0
2
43 43 
1
1031 18 14 0
2
42 187 
2
1011 16 16 0
1012 12 28 0
2
43 143 
2
1032 18 14 0
1031 22 24 0
2
42 190 
2
1012 16 16 0
1013 26 16 0
2
43 144 
2
1033 18 14 0
1032 24 18 0
2
42 192 
2
1013 16 16 0
1014 18 26 0
2
43 145 
2
1034 18 14 0
1033 22 10 0
2
42 193 
2
1014 16 16 0
1015 6 16 0
2
43 146 
2
1035 18 14 0
1034 30 12 0
2
42 194 
2
1015 16 16 0
1016 14 22 0
2
43 147 
2
1036 18 14 0
1035 4 8 0
2
42 195 
2
1016 16 16 0
1017 10 22 0
2
43 148 
2
1037 18 14 0
1036 12 30 0
2
42 196 
2
1017 16 16 0
1018 8 18 0
2
43 165 
2
1038 18 14 0
1037 4 20 0
2
42 197 
2
1018 16 16 0
1019 16 22 0
2
43 187 
2
1039 18 14 0
1038 12 28 0
2
42 198 
2
1019 16 16 0
1020 16 18 0
2
43 190 
2
1040 18 14 0
1039 26 16 0
2
42 199 
2
1020 16 16 0
1021 14 28 0
2
43 192 
2
1041 18 14 0
1040 18 26 0
2
42 200 
2
1021 16 16 0
1022 10 18 0
2
43 193 
2
1042 18 14 0
1041 6 16 0
2
42 201 
2
1022 16 16 0
1023 18 20 0
2
43 194 
2
1043 18 14 0
1042 14 22 0
2
42 202 
2
1023 16 16 0
1024 14 14 0
2
43 195 
2
1044 18 14 0
1043 10 22 0
2
42 203 
2
1024 16 16 0
1023 2 14 0
2
43 196 
2
1045 18 14 0
1044 8 18 0
2
42 204 
2
1025 16 16 0
1024 20 20 0
2
43 197 
2
1046 18 14 0
1045 16 22 0
2
42 205 
2
1026 16 16 0
1025 18 10 0
2
43 198 
2
1047 18 14 0
1046 16 18 0
2
42 206 
2
1027 16 16 0
1026 26 24 0
2
43 199 
2
1048 18 14 0
1047 14 28 0
2
42 207 
2
1028 16 16 0
1027 4 10 0
2
43 200 
2
1049 18 14 0
1048 10 18 0
2
42 208 
2
1029 16 16 0
1028 32 16 0
2
43 201 
2
1050 18 14 0
1049 18 20 0
2
42 209 
2
1030 16 16 0
1029 2 18 0
2
43 202 
2
1051 18 14 0
1050 14 14 0
2
42 210 
2
1031 16 16 0
1030 8 24 0
2
43 203 
2
1052 18 14 0
1051 2 14 0
2
40 42 
2
1031 10 16 0
1032 16 16 0
2
41 43 
2
1052 20 12 0
1053 18 14 0
2
42 187 
2
1038 16 16 0
1039 12 28 0
2
43 143 
2
1054 18 14 0
1053 22 24 0
2
42 190 
2
1039 16 16 0
1040 26 16 0
2
43 144 
2
1055 18 14 0
1054 24 18 0
2
42 192 
2
1040 16 16 0
1041 18 26 0
2
43 145 
2
1056 18 14 0
1055 22 10 0
2
42 193 
2
1041 16 16 0
1042 6 16 0
2
43 146 
2
1057 18 14 0
1056 30 12 0
2
42 194 
2
1042 16 16 0
1043 14 22 0
2
43 147 
2
1058 18 14 0
1057 4 8 0
2
42 195 
2
1043 16 16 0
1044 10 22 0
2
43 148 
2
1059 18 14 0
1058 12 30 0
2
42 196 
2
1044 16 16 0
1045 8 18 0
2
43 165 
2
1060 18 14 0
1059 4 20 0
2
42 197 
2
1045 16 16 0
1046 16 22 0
2
43 187 
2
1061 18 14 0
1060 12 28 0
2
42 198 
2
1046 16 16 0
1047 16 18 0
2
43 190 
2
1062 18 14 0
1061 26 16 0
2
42 199 
2
1047 16 16 0
1048 14 28 0
2
43 192 
2
1063 18 14 0
1062 18 26 0
2
42 200 
2
1048 16 16 0
1049 10 18 0
2
43 193 
2
1064 18 14 0
1063 6 16 0
2
42 201 
2
1049 16 16 0
1050 18 20 0
2
43 194 
2
1065 18 14 0
1064 14 22 0
2
42 202 
2
1050 16 16 0
1051 14 14 0
2
43 195 
2
1066 18 14 0
1065 10 22 0
2
42 203 
2
1051 16 16 0
1052 2 14 0
2
43 196 
2
1067 18 14 0
1066 8 18 0
2
42 204 
2
1052 16 16 0
1051 20 20 0
2
43 197 
2
1068 18 14 0
1067 16 22 0
2
42 205 
2
1053 16 16 0
1052 18 10 0
2
43 198 
2
1069 18 14 0
1068 16 18 0
2
42 206 
2
1054 16 16 0
1053 26 24 0
2
43 199 
2
1070 18 14 0
1069 14 28 0
2
42 207 
2
1055 16 16 0
1054 4 10 0
2
43 200 
2
1071 18 14 0
1070 10 18 0
2
42 208 
2
1056 16 16 0
1055 32 16 0
2
43 201 
2
1072 18 14 0
1071 18 20 0
2
42 209 
2
1057 16 16 0
1056 2 18 0
2
43 202 
2
1073 18 14 0
1072 14 14 0
2
42 210 
2
1058 16 16 0
1057 8 24 0
2
43 203 
2
1074 18 14 0
1073 2 14 0
2
20 40 
2
1031 14 16 0
1032 10 16 0
2
21 41 
2
1052 20 14 0
1053 20 12 0
2
38 40 
2
1032 4 16 0
1033 10 16 0
2
39 41 
2
1053 22 8 0
1054 20 12 0
2
42 42 
1
1059 16 16 0
2
40 42 
2
1059 10 16 0
1060 16 16 0
2
42 42 
1
1061 16 16 0
2
20 42 
2
1061 14 16 0
1062 16 16 0
2
42 42 
1
1063 16 16 0
2
40 42 
2
1063 10 16 0
1064 16 16 0
2
42 42 
1
1065 16 16 0
2
43 43 
1
1075 18 14 0
2
41 43 
2
1075 20 12 0
1076 18 14 0
2
43 43 
1
1077 18 14 0
2
21 43 
2
1077 20 14 0
1078 18 14 0
2
43 43 
1
1079 18 14 0
2
41 43 
2
1079 20 12 0
1080 18 14 0
2
43 43 
1
1081 18 14 0
2
42 190 
2
1066 16 16 0
1065 26 16 0
2
43 202 
2
1082 18 14 0
1081 14 14 0
2
42 192 
2
1067 16 16 0
1066 18 26 0
2
43 203 
2
1083 18 14 0
1082 2 14 0
2
42 193 
2
1068 16 16 0
1067 6 16 0
2
43 204 
2
1084 18 14 0
1083 20 20 0
2
42 194 
2
1069 16 16 0
1068 14 22 0
2
42 195 
2
1070 16 16 0
1069 10 22 0
2
42 196 
2
1071 16 16 0
1070 8 18 0
2
42 197 
2
1072 16 16 0
1071 16 22 0
2
42 198 
2
1073 16 16 0
1072 16 18 0
2
42 199 
2
1074 16 16 0
1073 14 28 0
2
42 200 
2
1075 16 16 0
1074 10 18 0
2
42 201 
2
1076 16 16 0
1075 18 20 0
2
42 202 
2
1081 16 16 0
1082 14 14 0
2
42 203 
2
1082 16 16 0
1083 2 14 0
2
42 204 
2
1083 16 16 0
1084 20 20 0
2
42 205 
2
1084 16 16 0
1083 18 10 0
2
42 206 
2
1085 16 16 0
1084 26 24 0
2
42 207 
2
1086 16 16 0
1085 4 10 0
2
42 208 
2
1087 16 16 0
1086 32 16 0
2
42 209 
2
1088 16 16 0
1087 2 18 0
2
42 210 
2
1089 16 16 0
1088 8 24 0
2
42 211 
2
1090 16 16 0
1089 6 18 0
2
40 42 
2
1090 10 16 0
1091 16 16 0
2
41 43 
2
1084 20 12 0
1085 18 14 0
2
42 190 
2
1092 16 16 0
1091 26 16 0
2
43 202 
2
1086 18 14 0
1085 14 14 0
2
42 192 
2
1093 16 16 0
1092 18 26 0
2
43 203 
2
1087 18 14 0
1086 2 14 0
2
42 193 
2
1094 16 16 0
1093 6 16 0
2
43 204 
2
1088 18 14 0
1087 20 20 0
2
42 194 
2
1095 16 16 0
1094 14 22 0
2
42 195 
2
1096 16 16 0
1095 10 22 0
2
42 196 
2
1097 16 16 0
1096 8 18 0
2
42 197 
2
1098 16 16 0
1097 16 22 0
2
42 198 
2
1099 16 16 0
1098 16 18 0
2
42 199 
2
1100 16 16 0
1099 14 28 0
2
42 200 
2
1101 16 16 0
1100 10 18 0
2
42 201 
2
1102 16 16 0
1101 18 20 0
2
42 202 
2
1103 16 16 0
1102 14 14 0
2
42 203 
2
1104 16 16 0
1103 2 14 0
2
42 204 
2
1105 16 16 0
1104 20 20 0
2
42 205 
2
1106 16 16 0
1105 18 10 0
2
42 206 
2
1107 16 16 0
1106 26 24 0
2
42 207 
2
1108 16 16 0
1107 4 10 0
2
42 208 
2
1109 16 16 0
1108 32 16 0
2
42 209 
2
1110 16 16 0
1109 2 18 0
2
42 210 
2
1111 16 16 0
1110 8 24 0
2
42 211 
2
1112 16 16 0
1111 6 18 0
2
20 40 
2
1090 14 16 0
1091 10 16 0
2
21 41 
2
1084 20 14 0
1085 20 12 0
2
18 38 
2
1032 4 18 0
1033 4 16 0
2
19 39 
2
1053 20 8 0
1054 22 8 0
2
36 38 
2
1033 4 22 0
1034 4 16 0
2
37 39 
2
1054 24 4 0
1055 22 8 0
2
40 40 
1
1092 10 16 0
2
38 40 
2
1092 4 16 0
1093 10 16 0
2
40 40 
1
1094 10 16 0
2
18 40 
2
1094 4 18 0
1095 10 16 0
2
40 40 
1
1096 10 16 0
2
38 40 
2
1096 4 16 0
1097 10 16 0
2
40 40 
1
1098 10 16 0
2
41 41 
1
1086 20 12 0
2
39 41 
2
1086 22 8 0
1087 20 12 0
2
41 41 
1
1088 20 12 0
2
19 41 
2
1088 20 8 0
1089 20 12 0
2
41 41 
1
1090 20 12 0
2
39 41 
2
1090 22 8 0
1091 20 12 0
2
41 41 
1
1092 20 12 0
2
42 42 
1
1113 16 16 0
2
40 42 
2
1113 10 16 0
1114 16 16 0
2
42 42 
1
1115 16 16 0
2
20 42 
2
1115 14 16 0
1116 16 16 0
2
42 42 
1
1117 16 16 0
2
40 42 
2
1117 10 16 0
1118 16 16 0
2
42 42 
1
1119 16 16 0
2
43 43 
1
1089 18 14 0
2
41 43 
2
1093 20 12 0
1092 18 14 0
2
43 43 
1
1093 18 14 0
2
21 43 
2
1093 20 14 0
1094 18 14 0
2
43 43 
1
1095 18 14 0
2
41 43 
2
1095 20 12 0
1096 18 14 0
2
43 43 
1
1097 18 14 0
2
42 208 
2
1120 16 16 0
1119 32 16 0
2
43 203 
2
1103 18 14 0
1104 2 14 0
2
42 209 
2
1121 16 16 0
1120 2 18 0
2
43 204 
2
1104 18 14 0
1105 20 20 0
2
42 210 
2
1122 16 16 0
1121 8 24 0
2
43 205 
2
1105 18 14 0
1106 18 10 0
2
40 42 
2
1122 10 16 0
1123 16 16 0
2
41 43 
2
1105 20 12 0
1106 18 14 0
2
42 208 
2
1124 16 16 0
1123 32 16 0
2
43 203 
2
1107 18 14 0
1106 2 14 0
2
42 209 
2
1125 16 16 0
1124 2 18 0
2
43 204 
2
1108 18 14 0
1107 20 20 0
2
42 210 
2
1126 16 16 0
1125 8 24 0
2
43 205 
2
1109 18 14 0
1108 18 10 0
2
20 40 
2
1122 14 16 0
1123 10 16 0
2
21 41 
2
1105 20 14 0
1106 20 12 0
2
38 40 
2
1123 4 16 0
1124 10 16 0
2
39 41 
2
1106 22 8 0
1107 20 12 0
2
42 42 
1
1127 16 16 0
2
40 42 
2
1127 10 16 0
1128 16 16 0
2
42 42 
1
1129 16 16 0
2
20 42 
2
1129 14 16 0
1130 16 16 0
2
42 42 
1
1131 16 16 0
2
40 42 
2
1131 10 16 0
1132 16 16 0
2
42 42 
1
1133 16 16 0
2
43 43 
1
1110 18 14 0
2
41 43 
2
1110 20 12 0
1111 18 14 0
2
43 43 
1
1112 18 14 0
2
21 43 
2
1112 20 14 0
1113 18 14 0
2
43 43 
1
1114 18 14 0
2
41 43 
2
1114 20 12 0
1115 18 14 0
2
43 43 
1
1116 18 14 0
2
42 209 
2
1134 16 16 0
1133 2 18 0
2
43 202 
2
1117 18 14 0
1116 14 14 0
2
42 210 
2
1135 16 16 0
1134 8 24 0
2
43 203 
2
1118 18 14 0
1117 2 14 0
2
42 211 
2
1136 16 16 0
1135 6 18 0
2
43 204 
2
1119 18 14 0
1118 20 20 0
2
43 205 
2
1120 18 14 0
1119 18 10 0
2
43 206 
2
1121 18 14 0
1120 26 24 0
2
43 207 
2
1122 18 14 0
1121 4 10 0
2
43 208 
2
1123 18 14 0
1124 32 16 0
2
43 209 
2
1133 18 14 0
1134 2 18 0
2
43 210 
2
1134 18 14 0
1135 8 24 0
2
43 211 
2
1135 18 14 0
1136 6 18 0
2
43 212 
2
1136 18 14 0
1135 16 24 0
2
43 213 
2
1137 18 14 0
1136 16 32 0
2
43 214 
2
1138 18 14 0
1137 12 20 0
2
43 215 
2
1139 18 14 0
1138 18 16 0
2
43 216 
2
1140 18 14 0
1139 8 20 0
2
43 217 
2
1141 18 14 0
1140 14 26 0
2
43 218 
2
1142 18 14 0
1141 10 24 0
2
43 219 
2
1143 18 14 0
1142 24 24 0
2
43 220 
2
1144 18 14 0
1143 12 24 0
2
43 221 
2
1145 18 14 0
1144 6 22 0
2
43 222 
2
1146 18 14 0
1145 6 14 0
2
40 42 
2
1136 10 16 0
1137 16 16 0
2
41 43 
2
1146 20 12 0
1147 18 14 0
2
42 209 
2
1138 16 16 0
1137 2 18 0
2
43 202 
2
1148 18 14 0
1147 14 14 0
2
42 210 
2
1139 16 16 0
1138 8 24 0
2
43 203 
2
1149 18 14 0
1148 2 14 0
2
42 211 
2
1140 16 16 0
1139 6 18 0
2
43 204 
2
1150 18 14 0
1149 20 20 0
2
43 205 
2
1151 18 14 0
1150 18 10 0
2
43 206 
2
1152 18 14 0
1151 26 24 0
2
43 207 
2
1153 18 14 0
1152 4 10 0
2
43 208 
2
1154 18 14 0
1153 32 16 0
2
43 209 
2
1155 18 14 0
1154 2 18 0
2
43 210 
2
1156 18 14 0
1155 8 24 0
2
43 211 
2
1157 18 14 0
1156 6 18 0
2
43 212 
2
1158 18 14 0
1157 16 24 0
2
43 213 
2
1159 18 14 0
1158 16 32 0
2
43 214 
2
1160 18 14 0
1159 12 20 0
2
43 215 
2
1161 18 14 0
1160 18 16 0
2
43 216 
2
1162 18 14 0
1161 8 20 0
2
43 217 
2
1163 18 14 0
1162 14 26 0
2
43 218 
2
1164 18 14 0
1163 10 24 0
2
43 219 
2
1165 18 14 0
1164 24 24 0
2
43 220 
2
1166 18 14 0
1165 12 24 0
2
43 221 
2
1167 18 14 0
1166 6 22 0
2
43 222 
2
1168 18 14 0
1167 6 14 0
2
20 40 
2
1136 14 16 0
1137 10 16 0
2
21 41 
2
1146 20 14 0
1147 20 12 0
2
18 38 
2
1123 4 18 0
1124 4 16 0
2
19 39 
2
1106 20 8 0
1107 22 8 0
2
16 36 
2
1033 4 24 0
1034 4 22 0
2
17 37 
2
1054 26 4 0
1055 24 4 0
2
14 34 
2
907 4 26 0
908 2 24 0
2
15 35 
2
819 26 2 0
820 28 2 0
2
12 32 
2
632 2 26 0
633 2 28 0
2
13 33 
2
578 30 2 0
579 32 2 0
2
10 30 
2
59 6 28 0
60 4 28 0
2
11 31 
2
59 32 4 0
60 32 6 0
2
28 30 
2
60 4 30 0
61 4 28 0
2
29 31 
2
60 32 26 0
61 32 6 0
2
32 32 
1
634 2 28 0
2
30 32 
2
634 4 28 0
635 2 28 0
2
32 32 
1
636 2 28 0
2
10 32 
2
636 6 28 0
637 2 28 0
2
32 32 
1
638 2 28 0
2
30 32 
2
638 4 28 0
639 2 28 0
2
32 32 
1
640 2 28 0
2
33 33 
1
580 32 2 0
2
31 33 
2
580 32 6 0
581 32 2 0
2
33 33 
1
582 32 2 0
2
11 33 
2
582 32 4 0
583 32 2 0
2
33 33 
1
584 32 2 0
2
31 33 
2
584 32 6 0
585 32 2 0
2
33 33 
1
586 32 2 0
2
34 34 
1
909 2 24 0
2
32 34 
2
909 2 28 0
910 2 24 0
2
34 34 
1
911 2 24 0
2
12 34 
2
911 2 26 0
912 2 24 0
2
34 34 
1
913 2 24 0
2
32 34 
2
913 2 28 0
914 2 24 0
2
34 34 
1
915 2 24 0
2
35 35 
1
821 28 2 0
2
33 35 
2
821 32 2 0
822 28 2 0
2
35 35 
1
823 28 2 0
2
13 35 
2
823 30 2 0
824 28 2 0
2
35 35 
1
825 28 2 0
2
33 35 
2
825 32 2 0
826 28 2 0
2
35 35 
1
827 28 2 0
2
36 36 
1
1035 4 22 0
2
34 36 
2
1035 2 24 0
1036 4 22 0
2
36 36 
1
1037 4 22 0
2
14 36 
2
1037 4 26 0
1038 4 22 0
2
36 36 
1
1039 4 22 0
2
34 36 
2
1039 2 24 0
1040 4 22 0
2
36 36 
1
1041 4 22 0
2
37 37 
1
1056 24 4 0
2
35 37 
2
1056 28 2 0
1057 24 4 0
2
37 37 
1
1058 24 4 0
2
15 37 
2
1058 26 2 0
1059 24 4 0
2
37 37 
1
1060 24 4 0
2
35 37 
2
1060 28 2 0
1061 24 4 0
2
37 37 
1
1062 24 4 0
2
38 38 
1
1125 4 16 0
2
36 38 
2
1125 4 22 0
1126 4 16 0
2
38 38 
1
1127 4 16 0
2
16 38 
2
1127 4 24 0
1128 4 16 0
2
38 38 
1
1129 4 16 0
2
36 38 
2
1129 4 22 0
1130 4 16 0
2
38 38 
1
1131 4 16 0
2
39 39 
1
1108 22 8 0
2
37 39 
2
1108 24 4 0
1109 22 8 0
2
39 39 
1
1110 22 8 0
2
17 39 
2
1110 26 4 0
1111 22 8 0
2
39 39 
1
1112 22 8 0
2
37 39 
2
1112 24 4 0
1113 22 8 0
2
39 39 
1
1114 22 8 0
2
40 40 
1
1138 10 16 0
2
38 40 
2
1138 4 16 0
1139 10 16 0
2
40 40 
1
1140 10 16 0
2
18 40 
2
1140 4 18 0
1141 10 16 0
2
40 40 
1
1142 10 16 0
2
38 40 
2
1142 4 16 0
1143 10 16 0
2
40 40 
1
1144 10 16 0
2
41 41 
1
1148 20 12 0
2
39 41 
2
1148 22 8 0
1149 20 12 0
2
41 41 
1
1150 20 12 0
2
19 41 
2
1150 20 8 0
1151 20 12 0
2
41 41 
1
1152 20 12 0
2
39 41 
2
1152 22 8 0
1153 20 12 0
2
41 41 
1
1154 20 12 0
2
42 42 
1
1141 16 16 0
2
40 42 
2
1145 10 16 0
1144 16 16 0
2
42 42 
1
1145 16 16 0
2
20 42 
2
1145 14 16 0
1146 16 16 0
2
42 42 
1
1147 16 16 0
2
40 42 
2
1147 10 16 0
1148 16 16 0
2
42 42 
1
1149 16 16 0
2
43 43 
1
1169 18 14 0
2
41 43 
2
1169 20 12 0
1170 18 14 0
2
43 43 
1
1171 18 14 0
2
21 43 
2
1171 20 14 0
1172 18 14 0
2
43 43 
1
1173 18 14 0
2
41 43 
2
1173 20 12 0
1174 18 14 0
2
43 43 
1
1175 18 14 0
2
42 208 
2
1153 16 16 0
1154 32 16 0
2
43 203 
2
1176 18 14 0
1175 2 14 0
2
42 209 
2
1154 16 16 0
1155 2 18 0
2
43 204 
2
1177 18 14 0
1176 20 20 0
2
42 210 
2
1155 16 16 0
1156 8 24 0
2
43 205 
2
1178 18 14 0
1177 18 10 0
2
42 211 
2
1156 16 16 0
1157 6 18 0
2
43 206 
2
1179 18 14 0
1178 26 24 0
2
42 212 
2
1157 16 16 0
1158 16 24 0
2
43 207 
2
1180 18 14 0
1179 4 10 0
2
42 213 
2
1158 16 16 0
1159 16 32 0
2
43 208 
2
1181 18 14 0
1180 32 16 0
2
42 214 
2
1159 16 16 0
1160 12 20 0
2
43 209 
2
1182 18 14 0
1181 2 18 0
2
42 215 
2
1160 16 16 0
1161 18 16 0
2
43 210 
2
1183 18 14 0
1182 8 24 0
2
42 216 
2
1161 16 16 0
1162 8 20 0
2
43 211 
2
1184 18 14 0
1183 6 18 0
2
42 217 
2
1162 16 16 0
1163 14 26 0
2
43 212 
2
1185 18 14 0
1184 16 24 0
2
42 218 
2
1163 16 16 0
1164 10 24 0
2
43 213 
2
1186 18 14 0
1185 16 32 0
2
42 219 
2
1164 16 16 0
1165 24 24 0
2
43 214 
2
1187 18 14 0
1186 12 20 0
2
42 220 
2
1165 16 16 0
1166 12 24 0
2
43 215 
2
1188 18 14 0
1187 18 16 0
2
42 221 
2
1166 16 16 0
1167 6 22 0
2
43 216 
2
1189 18 14 0
1188 8 20 0
2
42 222 
2
1167 16 16 0
1168 6 14 0
2
43 217 
2
1190 18 14 0
1189 14 26 0
2
42 223 
2
1168 16 16 0
1167 14 12 0
2
43 218 
2
1191 18 14 0
1190 10 24 0
2
42 224 
2
1169 16 16 0
1168 24 12 0
2
43 219 
2
1192 18 14 0
1191 24 24 0
2
42 225 
2
1170 16 16 0
1169 20 18 0
2
43 220 
2
1193 18 14 0
1192 12 24 0
2
42 226 
2
1171 16 16 0
1170 18 32 0
2
43 221 
2
1194 18 14 0
1193 6 22 0
2
42 227 
2
1172 16 16 0
1171 2 12 0
2
43 222 
2
1195 18 14 0
1194 6 14 0
2
42 228 
2
1173 16 16 0
1172 12 2 0
2
43 223 
2
1196 18 14 0
1195 14 12 0
2
40 42 
2
1173 10 16 0
1174 16 16 0
2
41 43 
2
1196 20 12 0
1197 18 14 0
2
42 208 
2
1180 16 16 0
1181 32 16 0
2
43 203 
2
1198 18 14 0
1197 2 14 0
2
42 209 
2
1181 16 16 0
1182 2 18 0
2
43 204 
2
1199 18 14 0
1198 20 20 0
2
42 210 
2
1182 16 16 0
1183 8 24 0
2
43 205 
2
1200 18 14 0
1199 18 10 0
2
42 211 
2
1183 16 16 0
1184 6 18 0
2
43 206 
2
1201 18 14 0
1200 26 24 0
2
42 212 
2
1184 16 16 0
1185 16 24 0
2
43 207 
2
1202 18 14 0
1201 4 10 0
2
42 213 
2
1185 16 16 0
1186 16 32 0
2
43 208 
2
1203 18 14 0
1202 32 16 0
2
42 214 
2
1186 16 16 0
1187 12 20 0
2
43 209 
2
1204 18 14 0
1203 2 18 0
2
42 215 
2
1187 16 16 0
1188 18 16 0
2
43 210 
2
1205 18 14 0
1204 8 24 0
2
42 216 
2
1188 16 16 0
1189 8 20 0
2
43 211 
2
1206 18 14 0
1205 6 18 0
2
42 217 
2
1189 16 16 0
1190 14 26 0
2
43 212 
2
1207 18 14 0
1206 16 24 0
2
42 218 
2
1190 16 16 0
1191 10 24 0
2
43 213 
2
1208 18 14 0
1207 16 32 0
2
42 219 
2
1191 16 16 0
1192 24 24 0
2
43 214 
2
1209 18 14 0
1208 12 20 0
2
42 220 
2
1192 16 16 0
1193 12 24 0
2
43 215 
2
1210 18 14 0
1209 18 16 0
2
42 221 
2
1193 16 16 0
1194 6 22 0
2
43 216 
2
1211 18 14 0
1210 8 20 0
2
42 222 
2
1194 16 16 0
1195 6 14 0
2
43 217 
2
1212 18 14 0
1211 14 26 0
2
42 223 
2
1195 16 16 0
1196 14 12 0
2
43 218 
2
1213 18 14 0
1212 10 24 0
2
42 224 
2
1196 16 16 0
1195 24 12 0
2
43 219 
2
1214 18 14 0
1213 24 24 0
2
42 225 
2
1197 16 16 0
1196 20 18 0
2
43 220 
2
1215 18 14 0
1214 12 24 0
2
42 226 
2
1198 16 16 0
1197 18 32 0
2
43 221 
2
1216 18 14 0
1215 6 22 0
2
42 227 
2
1199 16 16 0
1198 2 12 0
2
43 222 
2
1217 18 14 0
1216 6 14 0
2
42 228 
2
1200 16 16 0
1199 12 2 0
2
43 223 
2
1218 18 14 0
1217 14 12 0
2
20 40 
2
1173 14 16 0
1174 10 16 0
2
21 41 
2
1196 20 14 0
1197 20 12 0
2
38 40 
2
1174 4 16 0
1175 10 16 0
2
39 41 
2
1197 22 8 0
1198 20 12 0
2
42 42 
1
1201 16 16 0
2
40 42 
2
1201 10 16 0
1202 16 16 0
2
42 42 
1
1203 16 16 0
2
20 42 
2
1203 14 16 0
1204 16 16 0
2
42 42 
1
1205 16 16 0
2
40 42 
2
1205 10 16 0
1206 16 16 0
2
42 42 
1
1207 16 16 0
2
43 43 
1
1219 18 14 0
2
41 43 
2
1219 20 12 0
1220 18 14 0
2
43 43 
1
1221 18 14 0
2
21 43 
2
1221 20 14 0
1222 18 14 0
2
43 43 
1
1223 18 14 0
2
41 43 
2
1223 20 12 0
1224 18 14 0
2
43 43 
1
1225 18 14 0
2
42 209 
2
1208 16 16 0
1207 2 18 0
2
43 222 
2
1226 18 14 0
1225 6 14 0
2
42 210 
2
1209 16 16 0
1208 8 24 0
2
43 223 
2
1227 18 14 0
1226 14 12 0
2
42 211 
2
1210 16 16 0
1209 6 18 0
2
43 224 
2
1228 18 14 0
1227 24 12 0
2
42 212 
2
1211 16 16 0
1210 16 24 0
2
42 213 
2
1212 16 16 0
1211 16 32 0
2
42 214 
2
1213 16 16 0
1212 12 20 0
2
42 215 
2
1214 16 16 0
1213 18 16 0
2
42 216 
2
1215 16 16 0
1214 8 20 0
2
42 217 
2
1216 16 16 0
1215 14 26 0
2
42 218 
2
1217 16 16 0
1216 10 24 0
2
42 219 
2
1218 16 16 0
1217 24 24 0
2
42 220 
2
1219 16 16 0
1218 12 24 0
2
42 221 
2
1220 16 16 0
1219 6 22 0
2
42 222 
2
1225 16 16 0
1226 6 14 0
2
42 223 
2
1226 16 16 0
1227 14 12 0
2
42 224 
2
1227 16 16 0
1228 24 12 0
2
42 225 
2
1228 16 16 0
1227 20 18 0
2
42 226 
2
1229 16 16 0
1228 18 32 0
2
42 227 
2
1230 16 16 0
1229 2 12 0
2
42 228 
2
1231 16 16 0
1230 12 2 0
2
42 229 
2
1232 16 16 0
1231 2 16 0
2
40 42 
2
1232 10 16 0
1233 16 16 0
2
41 43 
2
1228 20 12 0
1229 18 14 0
2
42 209 
2
1234 16 16 0
1233 2 18 0
2
43 222 
2
1230 18 14 0
1229 6 14 0
2
42 210 
2
1235 16 16 0
1234 8 24 0
2
43 223 
2
1231 18 14 0
1230 14 12 0
2
42 211 
2
1236 16 16 0
1235 6 18 0
2
43 224 
2
1232 18 14 0
1231 24 12 0
2
42 212 
2
1237 16 16 0
1236 16 24 0
2
42 213 
2
1238 16 16 0
1237 16 32 0
2
42 214 
2
1239 16 16 0
1238 12 20 0
2
42 215 
2
1240 16 16 0
1239 18 16 0
2
42 216 
2
1241 16 16 0
1240 8 20 0
2
42 217 
2
1242 16 16 0
1241 14 26 0
2
42 218 
2
1243 16 16 0
1242 10 24 0
2
42 219 
2
1244 16 16 0
1243 24 24 0
2
42 220 
2
1245 16 16 0
1244 12 24 0
2
42 221 
2
1246 16 16 0
1245 6 22 0
2
42 222 
2
1247 16 16 0
1246 6 14 0
2
42 223 
2
1248 16 16 0
1247 14 12 0
2
42 224 
2
1249 16 16 0
1248 24 12 0
2
42 225 
2
1250 16 16 0
1249 20 18 0
2
42 226 
2
1251 16 16 0
1250 18 32 0
2
42 227 
2
1252 16 16 0
1251 2 12 0
2
42 228 
2
1253 16 16 0
1252 12 2 0
2
42 229 
2
1254 16 16 0
1253 2 16 0
2
20 40 
2
1232 14 16 0
1233 10 16 0
2
21 41 
2
1228 20 14 0
1229 20 12 0
2
18 38 
2
1174 4 18 0
1175 4 16 0
2
19 39 
2
1197 20 8 0
1198 22 8 0
2
36 38 
2
1175 4 22 0
1176 4 16 0
2
37 39 
2
1198 24 4 0
1199 22 8 0
2
40 40 
1
1234 10 16 0
2
38 40 
2
1234 4 16 0
1235 10 16 0
2
40 40 
1
1236 10 16 0
2
18 40 
2
1236 4 18 0
1237 10 16 0
2
40 40 
1
1238 10 16 0
2
38 40 
2
1238 4 16 0
1239 10 16 0
2
40 40 
1
1240 10 16 0
2
41 41 
1
1230 20 12 0
2
39 41 
2
1230 22 8 0
1231 20 12 0
2
41 41 
1
1232 20 12 0
2
19 41 
2
1232 20 8 0
1233 20 12 0
2
41 41 
1
1234 20 12 0
2
39 41 
2
1234 22 8 0
1235 20 12 0
2
41 41 
1
1236 20 12 0
2
42 42 
1
1255 16 16 0
2
40 42 
2
1255 10 16 0
1256 16 16 0
2
42 42 
1
1257 16 16 0
2
20 42 
2
1257 14 16 0
1258 16 16 0
2
42 42 
1
1259 16 16 0
2
40 42 
2
1259 10 16 0
1260 16 16 0
2
42 42 
1
1261 16 16 0
2
43 43 
1
1233 18 14 0
2
41 43 
2
1237 20 12 0
1236 18 14 0
2
43 43 
1
1237 18 14 0
2
21 43 
2
1237 20 14 0
1238 18 14 0
2
43 43 
1
1239 18 14 0
2
41 43 
2
1239 20 12 0
1240 18 14 0
2
43 43 
1
1241 18 14 0
2
42 208 
2
1262 16 16 0
1261 32 16 0
2
43 223 
2
1247 18 14 0
1248 14 12 0
2
42 209 
2
1263 16 16 0
1262 2 18 0
2
43 224 
2
1248 18 14 0
1249 24 12 0
2
42 210 
2
1264 16 16 0
1263 8 24 0
2
43 225 
2
1249 18 14 0
1250 20 18 0
2
42 211 
2
1265 16 16 0
1264 6 18 0
2
42 212 
2
1266 16 16 0
1265 16 24 0
2
42 213 
2
1267 16 16 0
1266 16 32 0
2
42 214 
2
1268 16 16 0
1267 12 20 0
2
42 215 
2
1269 16 16 0
1268 18 16 0
2
42 216 
2
1270 16 16 0
1269 8 20 0
2
42 217 
2
1271 16 16 0
1270 14 26 0
2
42 218 
2
1272 16 16 0
1271 10 24 0
2
42 219 
2
1273 16 16 0
1272 24 24 0
2
42 220 
2
1274 16 16 0
1273 12 24 0
2
42 221 
2
1275 16 16 0
1274 6 22 0
2
42 222 
2
1276 16 16 0
1275 6 14 0
2
42 223 
2
1277 16 16 0
1276 14 12 0
2
42 224 
2
1278 16 16 0
1277 24 12 0
2
42 225 
2
1279 16 16 0
1278 20 18 0
2
42 226 
2
1280 16 16 0
1279 18 32 0
2
40 42 
2
1280 10 16 0
1281 16 16 0
2
41 43 
2
1249 20 12 0
1250 18 14 0
2
42 208 
2
1282 16 16 0
1281 32 16 0
2
43 223 
2
1276 18 14 0
1277 14 12 0
2
42 209 
2
1283 16 16 0
1282 2 18 0
2
43 224 
2
1277 18 14 0
1278 24 12 0
2
42 210 
2
1284 16 16 0
1283 8 24 0
2
43 225 
2
1278 18 14 0
1279 20 18 0
2
42 211 
2
1285 16 16 0
1284 6 18 0
2
42 212 
2
1286 16 16 0
1285 16 24 0
2
42 213 
2
1287 16 16 0
1286 16 32 0
2
42 214 
2
1288 16 16 0
1287 12 20 0
2
42 215 
2
1289 16 16 0
1288 18 16 0
2
42 216 
2
1290 16 16 0
1289 8 20 0
2
42 217 
2
1291 16 16 0
1290 14 26 0
2
42 218 
2
1292 16 16 0
1291 10 24 0
2
42 219 
2
1293 16 16 0
1292 24 24 0
2
42 220 
2
1294 16 16 0
1293 12 24 0
2
42 221 
2
1295 16 16 0
1294 6 22 0
2
42 222 
2
1296 16 16 0
1295 6 14 0
2
42 223 
2
1297 16 16 0
1296 14 12 0
2
42 224 
2
1298 16 16 0
1297 24 12 0
2
42 225 
2
1299 16 16 0
1298 20 18 0
2
42 226 
2
1300 16 16 0
1299 18 32 0
2
20 40 
2
1280 14 16 0
1281 10 16 0
2
21 41 
2
1249 20 14 0
1250 20 12 0
2
38 40 
2
1281 4 16 0
1282 10 16 0
2
39 41 
2
1250 22 8 0
1251 20 12 0
2
42 42 
1
1301 16 16 0
2
40 42 
2
1301 10 16 0
1302 16 16 0
2
42 42 
1
1303 16 16 0
2
20 42 
2
1303 14 16 0
1304 16 16 0
2
42 42 
1
1305 16 16 0
2
40 42 
2
1305 10 16 0
1306 16 16 0
2
42 42 
1
1307 16 16 0
2
43 43 
1
1279 18 14 0
2
41 43 
2
1279 20 12 0
1280 18 14 0
2
43 43 
1
1281 18 14 0
2
21 43 
2
1281 20 14 0
1282 18 14 0
2
43 43 
1
1283 18 14 0
2
41 43 
2
1283 20 12 0
1284 18 14 0
2
43 43 
1
1285 18 14 0
2
42 209 
2
1308 16 16 0
1307 2 18 0
2
43 222 
2
1295 18 14 0
1296 6 14 0
2
42 210 
2
1309 16 16 0
1308 8 24 0
2
43 223 
2
1296 18 14 0
1297 14 12 0
2
42 211 
2
1310 16 16 0
1309 6 18 0
2
43 224 
2
1297 18 14 0
1298 24 12 0
2
42 212 
2
1311 16 16 0
1310 16 24 0
2
43 225 
2
1298 18 14 0
1299 20 18 0
2
42 213 
2
1312 16 16 0
1311 16 32 0
2
43 226 
2
1299 18 14 0
1300 18 32 0
2
42 214 
2
1313 16 16 0
1312 12 20 0
2
43 227 
2
1300 18 14 0
1299 2 12 0
2
42 215 
2
1314 16 16 0
1313 18 16 0
2
43 228 
2
1301 18 14 0
1300 12 2 0
2
42 216 
2
1315 16 16 0
1314 8 20 0
2
43 229 
2
1302 18 14 0
1301 2 16 0
2
42 217 
2
1316 16 16 0
1315 14 26 0
2
43 230 
2
1303 18 14 0
1302 10 8 0
2
42 218 
2
1317 16 16 0
1316 10 24 0
2
43 231 
2
1304 18 14 0
1303 14 30 0
2
42 219 
2
1318 16 16 0
1317 24 24 0
2
43 232 
2
1305 18 14 0
1304 26 22 0
2
42 220 
2
1319 16 16 0
1318 12 24 0
2
43 233 
2
1306 18 14 0
1305 8 22 0
2
42 221 
2
1320 16 16 0
1319 6 22 0
2
43 234 
2
1307 18 14 0
1306 12 22 0
2
42 222 
2
1321 16 16 0
1320 6 14 0
2
43 235 
2
1308 18 14 0
1307 14 24 0
2
42 223 
2
1322 16 16 0
1321 14 12 0
2
43 236 
2
1309 18 14 0
1308 8 10 0
2
42 224 
2
1323 16 16 0
1322 24 12 0
2
43 237 
2
1310 18 14 0
1309 20 28 0
2
42 225 
2
1324 16 16 0
1323 20 18 0
2
43 238 
2
1311 18 14 0
1310 14 10 0
2
42 226 
2
1325 16 16 0
1324 18 32 0
2
43 239 
2
1312 18 14 0
1311 16 20 0
2
42 227 
2
1326 16 16 0
1325 2 12 0
2
43 50 
2
1313 18 14 0
1312 4 12 0
2
43 45 
2
1314 18 14 0
1313 16 2 0
2
43 47 
2
1315 18 14 0
1314 26 12 0
2
40 42 
2
1326 10 16 0
1327 16 16 0
2
41 43 
2
1315 20 12 0
1316 18 14 0
2
42 209 
2
1328 16 16 0
1327 2 18 0
2
43 222 
2
1320 18 14 0
1321 6 14 0
2
42 210 
2
1329 16 16 0
1328 8 24 0
2
43 223 
2
1321 18 14 0
1322 14 12 0
2
42 211 
2
1330 16 16 0
1329 6 18 0
2
43 224 
2
1322 18 14 0
1323 24 12 0
2
42 212 
2
1331 16 16 0
1330 16 24 0
2
43 225 
2
1323 18 14 0
1324 20 18 0
2
42 213 
2
1332 16 16 0
1331 16 32 0
2
43 226 
2
1324 18 14 0
1325 18 32 0
2
42 214 
2
1333 16 16 0
1332 12 20 0
2
43 227 
2
1325 18 14 0
1326 2 12 0
2
42 215 
2
1334 16 16 0
1333 18 16 0
2
43 228 
2
1326 18 14 0
1325 12 2 0
2
42 216 
2
1335 16 16 0
1334 8 20 0
2
43 229 
2
1327 18 14 0
1326 2 16 0
2
42 217 
2
1336 16 16 0
1335 14 26 0
2
43 230 
2
1328 18 14 0
1327 10 8 0
2
42 218 
2
1337 16 16 0
1336 10 24 0
2
43 231 
2
1329 18 14 0
1328 14 30 0
2
42 219 
2
1338 16 16 0
1337 24 24 0
2
43 232 
2
1330 18 14 0
1329 26 22 0
2
42 220 
2
1339 16 16 0
1338 12 24 0
2
43 233 
2
1331 18 14 0
1330 8 22 0
2
42 221 
2
1340 16 16 0
1339 6 22 0
2
43 234 
2
1332 18 14 0
1331 12 22 0
2
42 222 
2
1341 16 16 0
1340 6 14 0
2
43 235 
2
1333 18 14 0
1332 14 24 0
2
42 223 
2
1342 16 16 0
1341 14 12 0
2
43 236 
2
1334 18 14 0
1333 8 10 0
2
42 224 
2
1343 16 16 0
1342 24 12 0
2
43 237 
2
1335 18 14 0
1334 20 28 0
2
42 225 
2
1344 16 16 0
1343 20 18 0
2
43 238 
2
1336 18 14 0
1335 14 10 0
2
42 226 
2
1345 16 16 0
1344 18 32 0
2
43 239 
2
1337 18 14 0
1336 16 20 0
2
42 227 
2
1346 16 16 0
1345 2 12 0
2
43 50 
2
1338 18 14 0
1337 4 12 0
2
43 45 
2
1339 18 14 0
1338 16 2 0
2
43 47 
2
1340 18 14 0
1339 26 12 0
2
20 40 
2
1326 14 16 0
1327 10 16 0
2
21 41 
2
1315 20 14 0
1316 20 12 0
2
18 38 
2
1281 4 18 0
1282 4 16 0
2
19 39 
2
1250 20 8 0
1251 22 8 0
2
16 36 
2
1175 4 24 0
1176 4 22 0
2
17 37 
2
1198 26 4 0
1199 24 4 0
2
34 36 
2
1176 2 24 0
1177 4 22 0
2
35 37 
2
1199 28 2 0
1200 24 4 0
2
38 38 
1
1283 4 16 0
2
36 38 
2
1283 4 22 0
1284 4 16 0
2
38 38 
1
1285 4 16 0
2
16 38 
2
1285 4 24 0
1286 4 16 0
2
38 38 
1
1287 4 16 0
2
36 38 
2
1287 4 22 0
1288 4 16 0
2
38 38 
1
1289 4 16 0
2
39 39 
1
1252 22 8 0
2
37 39 
2
1252 24 4 0
1253 22 8 0
2
39 39 
1
1254 22 8 0
2
17 39 
2
1254 26 4 0
1255 22 8 0
2
39 39 
1
1256 22 8 0
2
37 39 
2
1256 24 4 0
1257 22 8 0
2
39 39 
1
1258 22 8 0
2
40 40 
1
1328 10 16 0
2
38 40 
2
1328 4 16 0
1329 10 16 0
2
40 40 
1
1330 10 16 0
2
18 40 
2
1330 4 18 0
1331 10 16 0
2
40 40 
1
1332 10 16 0
2
38 40 
2
1332 4 16 0
1333 10 16 0
2
40 40 
1
1334 10 16 0
2
41 41 
1
1317 20 12 0
2
39 41 
2
1317 22 8 0
1318 20 12 0
2
41 41 
1
1319 20 12 0
2
19 41 
2
1319 20 8 0
1320 20 12 0
2
41 41 
1
1321 20 12 0
2
39 41 
2
1321 22 8 0
1322 20 12 0
2
41 41 
1
1323 20 12 0
2
42 42 
1
1347 16 16 0
2
40 42 
2
1347 10 16 0
1348 16 16 0
2
42 42 
1
1349 16 16 0
2
20 42 
2
1349 14 16 0
1350 16 16 0
2
42 42 
1
1351 16 16 0
2
40 42 
2
1351 10 16 0
1352 16 16 0
2
42 42 
1
1353 16 16 0
2
43 43 
1
1341 18 14 0
2
41 43 
2
1341 20 12 0
1342 18 14 0
2
43 43 
1
1343 18 14 0
2
21 43 
2
1343 20 14 0
1344 18 14 0
2
43 43 
1
1345 18 14 0
2
41 43 
2
1345 20 12 0
1346 18 14 0
2
43 43 
1
1347 18 14 0
2
42 210 
2
1354 16 16 0
1353 8 24 0
2
43 223 
2
1348 18 14 0
1347 14 12 0
2
42 211 
2
1355 16 16 0
1354 6 18 0
2
43 224 
2
1349 18 14 0
1348 24 12 0
2
42 212 
2
1356 16 16 0
1355 16 24 0
2
43 225 
2
1350 18 14 0
1349 20 18 0
2
43 226 
2
1351 18 14 0
1350 18 32 0
2
43 227 
2
1352 18 14 0
1351 2 12 0
2
43 228 
2
1353 18 14 0
1352 12 2 0
2
43 229 
2
1354 18 14 0
1353 2 16 0
2
43 230 
2
1355 18 14 0
1354 10 8 0
2
43 231 
2
1356 18 14 0
1355 14 30 0
2
43 232 
2
1357 18 14 0
1356 26 22 0
2
43 233 
2
1358 18 14 0
1357 8 22 0
2
43 234 
2
1359 18 14 0
1358 12 22 0
2
43 235 
2
1360 18 14 0
1359 14 24 0
2
43 236 
2
1361 18 14 0
1360 8 10 0
2
43 237 
2
1362 18 14 0
1361 20 28 0
2
43 238 
2
1363 18 14 0
1362 14 10 0
2
43 239 
2
1364 18 14 0
1363 16 20 0
2
43 50 
2
1365 18 14 0
1364 4 12 0
2
43 45 
2
1366 18 14 0
1365 16 2 0
2
43 47 
2
1367 18 14 0
1366 26 12 0
2
43 49 
2
1368 18 14 0
1367 32 14 0
2
40 42 
2
1356 10 16 0
1357 16 16 0
2
41 43 
2
1368 20 12 0
1369 18 14 0
2
42 210 
2
1358 16 16 0
1357 8 24 0
2
43 223 
2
1370 18 14 0
1369 14 12 0
2
42 211 
2
1359 16 16 0
1358 6 18 0
2
43 224 
2
1371 18 14 0
1370 24 12 0
2
42 212 
2
1360 16 16 0
1359 16 24 0
2
43 225 
2
1372 18 14 0
1371 20 18 0
2
43 226 
2
1373 18 14 0
1372 18 32 0
2
43 227 
2
1374 18 14 0
1373 2 12 0
2
43 228 
2
1375 18 14 0
1374 12 2 0
2
43 229 
2
1376 18 14 0
1375 2 16 0
2
43 230 
2
1377 18 14 0
1376 10 8 0
2
43 231 
2
1378 18 14 0
1377 14 30 0
2
43 232 
2
1379 18 14 0
1378 26 22 0
2
43 233 
2
1380 18 14 0
1379 8 22 0
2
43 234 
2
1381 18 14 0
1380 12 22 0
2
43 235 
2
1382 18 14 0
1381 14 24 0
2
43 236 
2
1383 18 14 0
1382 8 10 0
2
43 237 
2
1384 18 14 0
1383 20 28 0
2
43 238 
2
1385 18 14 0
1384 14 10 0
2
43 239 
2
1386 18 14 0
1385 16 20 0
2
43 50 
2
1387 18 14 0
1386 4 12 0
2
43 45 
2
1388 18 14 0
1387 16 2 0
2
43 47 
2
1389 18 14 0
1388 26 12 0
2
43 49 
2
1390 18 14 0
1389 32 14 0
2
20 40 
2
1356 14 16 0
1357 10 16 0
2
21 41 
2
1368 20 14 0
1369 20 12 0
2
38 40 
2
1357 4 16 0
1358 10 16 0
2
39 41 
2
1369 22 8 0
1370 20 12 0
2
42 42 
1
1361 16 16 0
2
40 42 
2
1361 10 16 0
1362 16 16 0
2
42 42 
1
1363 16 16 0
2
20 42 
2
1363 14 16 0
1364 16 16 0
2
42 42 
1
1365 16 16 0
2
40 42 
2
1365 10 16 0
1366 16 16 0
2
42 42 
1
1367 16 16 0
2
43 43 
1
1391 18 14 0
2
41 43 
2
1391 20 12 0
1392 18 14 0
2
43 43 
1
1393 18 14 0
2
21 43 
2
1393 20 14 0
1394 18 14 0
2
43 43 
1
1395 18 14 0
2
41 43 
2
1395 20 12 0
1396 18 14 0
2
43 43 
1
1397 18 14 0
2
42 211 
2
1368 16 16 0
1367 6 18 0
2
43 47 
2
1398 18 14 0
1397 26 12 0
2
42 212 
2
1369 16 16 0
1368 16 24 0
2
43 49 
2
1399 18 14 0
1398 32 14 0
2
42 213 
2
1370 16 16 0
1369 16 32 0
2
43 52 
2
1400 18 14 0
1399 18 4 0
2
40 42 
2
1370 10 16 0
1371 16 16 0
2
41 43 
2
1400 20 12 0
1401 18 14 0
2
42 211 
2
1372 16 16 0
1371 6 18 0
2
43 47 
2
1402 18 14 0
1401 26 12 0
2
42 212 
2
1373 16 16 0
1372 16 24 0
2
43 49 
2
1403 18 14 0
1402 32 14 0
2
42 213 
2
1374 16 16 0
1373 16 32 0
2
43 52 
2
1404 18 14 0
1403 18 4 0
2
20 40 
2
1370 14 16 0
1371 10 16 0
2
21 41 
2
1400 20 14 0
1401 20 12 0
2
18 38 
2
1357 4 18 0
1358 4 16 0
2
19 39 
2
1369 20 8 0
1370 22 8 0
2
36 38 
2
1358 4 22 0
1359 4 16 0
2
37 39 
2
1370 24 4 0
1371 22 8 0
2
40 40 
1
1372 10 16 0
2
38 40 
2
1372 4 16 0
1373 10 16 0
2
40 40 
1
1374 10 16 0
2
18 40 
2
1374 4 18 0
1375 10 16 0
2
40 40 
1
1376 10 16 0
2
38 40 
2
1376 4 16 0
1377 10 16 0
2
40 40 
1
1378 10 16 0
2
41 41 
1
1402 20 12 0
2
39 41 
2
1402 22 8 0
1403 20 12 0
2
41 41 
1
1404 20 12 0
2
19 41 
2
1404 20 8 0
1405 20 12 0
2
41 41 
1
1406 20 12 0
2
39 41 
2
1406 22 8 0
1407 20 12 0
2
41 41 
1
1408 20 12 0
2
42 42 
1
1375 16 16 0
2
40 42 
2
1379 10 16 0
1378 16 16 0
2
42 42 
1
1379 16 16 0
2
20 42 
2
1379 14 16 0
1380 16 16 0
2
42 42 
1
1381 16 16 0
2
40 42 
2
1381 10 16 0
1382 16 16 0
2
42 42 
1
1383 16 16 0
2
43 43 
1
1405 18 14 0
2
41 43 
2
1409 20 12 0
1408 18 14 0
2
43 43 
1
1409 18 14 0
2
21 43 
2
1409 20 14 0
1410 18 14 0
2
43 43 
1
1411 18 14 0
2
41 43 
2
1411 20 12 0
1412 18 14 0
2
43 43 
1
1413 18 14 0
2
42 210 
2
1384 16 16 0
1383 8 24 0
2
43 49 
2
1414 18 14 0
1413 32 14 0
2
42 211 
2
1385 16 16 0
1384 6 18 0
2
43 52 
2
1415 18 14 0
1414 18 4 0
2
42 212 
2
1386 16 16 0
1385 16 24 0
2
43 53 
2
1416 18 14 0
1415 18 8 0
2
42 213 
2
1387 16 16 0
1386 16 32 0
2
42 214 
2
1388 16 16 0
1387 12 20 0
2
42 215 
2
1389 16 16 0
1388 18 16 0
2
42 216 
2
1390 16 16 0
1389 8 20 0
2
42 217 
2
1391 16 16 0
1390 14 26 0
2
42 218 
2
1392 16 16 0
1391 10 24 0
2
42 219 
2
1393 16 16 0
1392 24 24 0
2
42 220 
2
1394 16 16 0
1393 12 24 0
2
42 221 
2
1395 16 16 0
1394 6 22 0
2
42 222 
2
1396 16 16 0
1395 6 14 0
2
42 223 
2
1397 16 16 0
1396 14 12 0
2
42 224 
2
1398 16 16 0
1397 24 12 0
2
42 225 
2
1399 16 16 0
1398 20 18 0
2
42 226 
2
1400 16 16 0
1399 18 32 0
2
42 227 
2
1401 16 16 0
1400 2 12 0
2
42 228 
2
1402 16 16 0
1401 12 2 0
2
42 229 
2
1403 16 16 0
1402 2 16 0
2
42 230 
2
1404 16 16 0
1403 10 8 0
2
40 42 
2
1404 10 16 0
1405 16 16 0
2
41 43 
2
1416 20 12 0
1417 18 14 0
2
42 210 
2
1406 16 16 0
1405 8 24 0
2
43 49 
2
1418 18 14 0
1417 32 14 0
2
42 211 
2
1407 16 16 0
1406 6 18 0
2
43 52 
2
1419 18 14 0
1418 18 4 0
2
42 212 
2
1408 16 16 0
1407 16 24 0
2
43 53 
2
1420 18 14 0
1419 18 8 0
2
42 213 
2
1409 16 16 0
1408 16 32 0
2
42 214 
2
1410 16 16 0
1409 12 20 0
2
42 215 
2
1411 16 16 0
1410 18 16 0
2
42 216 
2
1412 16 16 0
1411 8 20 0
2
42 217 
2
1413 16 16 0
1412 14 26 0
2
42 218 
2
1414 16 16 0
1413 10 24 0
2
42 219 
2
1415 16 16 0
1414 24 24 0
2
42 220 
2
1416 16 16 0
1415 12 24 0
2
42 221 
2
1417 16 16 0
1416 6 22 0
2
42 222 
2
1418 16 16 0
1417 6 14 0
2
42 223 
2
1419 16 16 0
1418 14 12 0
2
42 224 
2
1420 16 16 0
1419 24 12 0
2
42 225 
2
1421 16 16 0
1420 20 18 0
2
42 226 
2
1422 16 16 0
1421 18 32 0
2
42 227 
2
1423 16 16 0
1422 2 12 0
2
42 228 
2
1424 16 16 0
1423 12 2 0
2
42 229 
2
1425 16 16 0
1424 2 16 0
2
42 230 
2
1426 16 16 0
1425 10 8 0
2
20 40 
2
1404 14 16 0
1405 10 16 0
2
21 41 
2
1416 20 14 0
1417 20 12 0
2
38 40 
2
1405 4 16 0
1406 10 16 0
2
39 41 
2
1417 22 8 0
1418 20 12 0
2
42 42 
1
1427 16 16 0
2
40 42 
2
1427 10 16 0
1428 16 16 0
2
42 42 
1
1429 16 16 0
2
20 42 
2
1429 14 16 0
1430 16 16 0
2
42 42 
1
1431 16 16 0
2
40 42 
2
1431 10 16 0
1432 16 16 0
2
42 42 
1
1433 16 16 0
2
43 43 
1
1421 18 14 0
2
41 43 
2
1421 20 12 0
1422 18 14 0
2
43 43 
1
1423 18 14 0
2
21 43 
2
1423 20 14 0
1424 18 14 0
2
43 43 
1
1425 18 14 0
2
41 43 
2
1425 20 12 0
1426 18 14 0
2
43 43 
1
1427 18 14 0
2
42 211 
2
1434 16 16 0
1433 6 18 0
2
43 47 
2
1428 18 14 0
1427 26 12 0
2
42 212 
2
1435 16 16 0
1434 16 24 0
2
43 49 
2
1429 18 14 0
1428 32 14 0
2
42 213 
2
1436 16 16 0
1435 16 32 0
2
43 52 
2
1430 18 14 0
1429 18 4 0
2
42 214 
2
1437 16 16 0
1436 12 20 0
2
43 53 
2
1431 18 14 0
1430 18 8 0
2
42 215 
2
1438 16 16 0
1437 18 16 0
2
43 54 
2
1432 18 14 0
1431 24 6 0
2
42 216 
2
1439 16 16 0
1438 8 20 0
2
43 55 
2
1433 18 14 0
1432 24 2 0
2
42 217 
2
1440 16 16 0
1439 14 26 0
2
43 56 
2
1434 18 14 0
1433 32 18 0
2
42 218 
2
1441 16 16 0
1440 10 24 0
2
43 57 
2
1435 18 14 0
1434 22 28 0
2
42 219 
2
1442 16 16 0
1441 24 24 0
2
43 58 
2
1436 18 14 0
1435 10 10 0
2
42 220 
2
1443 16 16 0
1442 12 24 0
2
43 59 
2
1437 18 14 0
1436 28 16 0
2
42 221 
2
1444 16 16 0
1443 6 22 0
2
43 60 
2
1438 18 14 0
1437 16 8 0
2
42 222 
2
1445 16 16 0
1444 6 14 0
2
43 61 
2
1439 18 14 0
1438 18 30 0
2
42 223 
2
1446 16 16 0
1445 14 12 0
2
43 62 
2
1440 18 14 0
1439 20 24 0
2
42 224 
2
1447 16 16 0
1446 24 12 0
2
43 63 
2
1441 18 14 0
1440 16 12 0
2
42 225 
2
1448 16 16 0
1447 20 18 0
2
43 64 
2
1442 18 14 0
1441 16 6 0
2
42 226 
2
1449 16 16 0
1448 18 32 0
2
43 65 
2
1443 18 14 0
1442 10 6 0
2
42 227 
2
1450 16 16 0
1449 2 12 0
2
43 66 
2
1444 18 14 0
1443 18 22 0
2
42 228 
2
1451 16 16 0
1450 12 2 0
2
43 67 
2
1445 18 14 0
1444 18 28 0
2
42 229 
2
1452 16 16 0
1451 2 16 0
2
43 68 
2
1446 18 14 0
1445 18 12 0
2
42 230 
2
1453 16 16 0
1452 10 8 0
2
43 86 
2
1447 18 14 0
1446 6 10 0
2
42 231 
2
1454 16 16 0
1453 14 30 0
2
43 87 
2
1448 18 14 0
1447 22 14 0
2
40 42 
2
1454 10 16 0
1455 16 16 0
2
41 43 
2
1448 20 12 0
1449 18 14 0
2
42 211 
2
1456 16 16 0
1455 6 18 0
2
43 47 
2
1450 18 14 0
1449 26 12 0
2
42 212 
2
1457 16 16 0
1456 16 24 0
2
43 49 
2
1451 18 14 0
1450 32 14 0
2
42 213 
2
1458 16 16 0
1457 16 32 0
2
43 52 
2
1452 18 14 0
1451 18 4 0
2
42 214 
2
1459 16 16 0
1458 12 20 0
2
43 53 
2
1453 18 14 0
1452 18 8 0
2
42 215 
2
1460 16 16 0
1459 18 16 0
2
43 54 
2
1454 18 14 0
1453 24 6 0
2
42 216 
2
1461 16 16 0
1460 8 20 0
2
43 55 
2
1455 18 14 0
1454 24 2 0
2
42 217 
2
1462 16 16 0
1461 14 26 0
2
43 56 
2
1456 18 14 0
1455 32 18 0
2
42 218 
2
1463 16 16 0
1462 10 24 0
2
43 57 
2
1457 18 14 0
1456 22 28 0
2
42 219 
2
1464 16 16 0
1463 24 24 0
2
43 58 
2
1458 18 14 0
1457 10 10 0
2
42 220 
2
1465 16 16 0
1464 12 24 0
2
43 59 
2
1459 18 14 0
1458 28 16 0
2
42 221 
2
1466 16 16 0
1465 6 22 0
2
43 60 
2
1460 18 14 0
1459 16 8 0
2
42 222 
2
1467 16 16 0
1466 6 14 0
2
43 61 
2
1461 18 14 0
1460 18 30 0
2
42 223 
2
1468 16 16 0
1467 14 12 0
2
43 62 
2
1462 18 14 0
1461 20 24 0
2
42 224 
2
1469 16 16 0
1468 24 12 0
2
43 63 
2
1463 18 14 0
1462 16 12 0
2
42 225 
2
1470 16 16 0
1469 20 18 0
2
43 64 
2
1464 18 14 0
1463 16 6 0
2
42 226 
2
1471 16 16 0
1470 18 32 0
2
43 65 
2
1465 18 14 0
1464 10 6 0
2
42 227 
2
1472 16 16 0
1471 2 12 0
2
43 66 
2
1466 18 14 0
1465 18 22 0
2
42 228 
2
1473 16 16 0
1472 12 2 0
2
43 67 
2
1467 18 14 0
1466 18 28 0
2
42 229 
2
1474 16 16 0
1473 2 16 0
2
43 68 
2
1468 18 14 0
1467 18 12 0
2
42 230 
2
1475 16 16 0
1474 10 8 0
2
43 86 
2
1469 18 14 0
1468 6 10 0
2
42 231 
2
1476 16 16 0
1475 14 30 0
2
43 87 
2
1470 18 14 0
1469 22 14 0
2
20 40 
2
1454 14 16 0
1455 10 16 0
2
21 41 
2
1448 20 14 0
1449 20 12 0
2
18 38 
2
1405 4 18 0
1406 4 16 0
2
19 39 
2
1417 20 8 0
1418 22 8 0
2
16 36 
2
1358 4 24 0
1359 4 22 0
2
17 37 
2
1370 26 4 0
1371 24 4 0
2
14 34 
2
1176 4 26 0
1177 2 24 0
2
15 35 
2
1199 26 2 0
1200 28 2 0
2
32 34 
2
1177 2 28 0
1178 2 24 0
2
33 35 
2
1200 32 2 0
1201 28 2 0
2
36 36 
1
1360 4 22 0
2
34 36 
2
1360 2 24 0
1361 4 22 0
2
36 36 
1
1362 4 22 0
2
14 36 
2
1362 4 26 0
1363 4 22 0
2
36 36 
1
1364 4 22 0
2
34 36 
2
1364 2 24 0
1365 4 22 0
2
36 36 
1
1366 4 22 0
2
37 37 
1
1372 24 4 0
2
35 37 
2
1372 28 2 0
1373 24 4 0
2
37 37 
1
1374 24 4 0
2
15 37 
2
1374 26 2 0
1375 24 4 0
2
37 37 
1
1376 24 4 0
2
35 37 
2
1376 28 2 0
1377 24 4 0
2
37 37 
1
1378 24 4 0
2
38 38 
1
1407 4 16 0
2
36 38 
2
1407 4 22 0
1408 4 16 0
2
38 38 
1
1409 4 16 0
2
16 38 
2
1409 4 24 0
1410 4 16 0
2
38 38 
1
1411 4 16 0
2
36 38 
2
1411 4 22 0
1412 4 16 0
2
38 38 
1
1413 4 16 0
2
39 39 
1
1419 22 8 0
2
37 39 
2
1419 24 4 0
1420 22 8 0
2
39 39 
1
1421 22 8 0
2
17 39 
2
1421 26 4 0
1422 22 8 0
2
39 39 
1
1423 22 8 0
2
37 39 
2
1423 24 4 0
1424 22 8 0
2
39 39 
1
1425 22 8 0
2
40 40 
1
1456 10 16 0
2
38 40 
2
1456 4 16 0
1457 10 16 0
2
40 40 
1
1458 10 16 0
2
18 40 
2
1458 4 18 0
1459 10 16 0
2
40 40 
1
1460 10 16 0
2
38 40 
2
1460 4 16 0
1461 10 16 0
2
40 40 
1
1462 10 16 0
2
41 41 
1
1450 20 12 0
2
39 41 
2
1450 22 8 0
1451 20 12 0
2
41 41 
1
1452 20 12 0
2
19 41 
2
1452 20 8 0
1453 20 12 0
2
41 41 
1
1454 20 12 0
2
39 41 
2
1454 22 8 0
1455 20 12 0
2
41 41 
1
1456 20 12 0
2
42 42 
1
1477 16 16 0
2
40 42 
2
1477 10 16 0
1478 16 16 0
2
42 42 
1
1479 16 16 0
2
20 42 
2
1479 14 16 0
1480 16 16 0
2
42 42 
1
1481 16 16 0
2
40 42 
2
1481 10 16 0
1482 16 16 0
2
42 42 
1
1483 16 16 0
2
43 43 
1
1471 18 14 0
2
41 43 
2
1471 20 12 0
1472 18 14 0
2
43 43 
1
1473 18 14 0
2
21 43 
2
1473 20 14 0
1474 18 14 0
2
43 43 
1
1475 18 14 0
2
41 43 
2
1475 20 12 0
1476 18 14 0
2
43 43 
1
1477 18 14 0
2
42 228 
2
1484 16 16 0
1483 12 2 0
2
43 49 
2
1478 18 14 0
1477 32 14 0
2
42 229 
2
1485 16 16 0
1484 2 16 0
2
43 52 
2
1479 18 14 0
1478 18 4 0
2
42 230 
2
1486 16 16 0
1485 10 8 0
2
43 53 
2
1480 18 14 0
1479 18 8 0
2
43 54 
2
1481 18 14 0
1480 24 6 0
2
43 55 
2
1482 18 14 0
1481 24 2 0
2
43 56 
2
1483 18 14 0
1482 32 18 0
2
43 57 
2
1484 18 14 0
1483 22 28 0
2
43 58 
2
1485 18 14 0
1484 10 10 0
2
43 59 
2
1486 18 14 0
1485 28 16 0
2
43 60 
2
1487 18 14 0
1486 16 8 0
2
43 61 
2
1488 18 14 0
1487 18 30 0
2
43 62 
2
1489 18 14 0
1488 20 24 0
2
43 63 
2
1490 18 14 0
1489 16 12 0
2
43 64 
2
1491 18 14 0
1490 16 6 0
2
43 65 
2
1492 18 14 0
1491 10 6 0
2
43 66 
2
1493 18 14 0
1492 18 22 0
2
43 67 
2
1494 18 14 0
1493 18 28 0
2
43 68 
2
1495 18 14 0
1494 18 12 0
2
43 86 
2
1496 18 14 0
1495 6 10 0
2
43 87 
2
1497 18 14 0
1496 22 14 0
2
43 89 
2
1498 18 14 0
1497 24 14 0
2
40 42 
2
1486 10 16 0
1487 16 16 0
2
41 43 
2
1498 20 12 0
1499 18 14 0
2
42 228 
2
1488 16 16 0
1487 12 2 0
2
43 49 
2
1500 18 14 0
1499 32 14 0
2
42 229 
2
1489 16 16 0
1488 2 16 0
2
43 52 
2
1501 18 14 0
1500 18 4 0
2
42 230 
2
1490 16 16 0
1489 10 8 0
2
43 53 
2
1502 18 14 0
1501 18 8 0
2
43 54 
2
1503 18 14 0
1502 24 6 0
2
43 55 
2
1504 18 14 0
1503 24 2 0
2
43 56 
2
1505 18 14 0
1504 32 18 0
2
43 57 
2
1506 18 14 0
1505 22 28 0
2
43 58 
2
1507 18 14 0
1506 10 10 0
2
43 59 
2
1508 18 14 0
1507 28 16 0
2
43 60 
2
1509 18 14 0
1508 16 8 0
2
43 61 
2
1510 18 14 0
1509 18 30 0
2
43 62 
2
1511 18 14 0
1510 20 24 0
2
43 63 
2
1512 18 14 0
1511 16 12 0
2
43 64 
2
1513 18 14 0
1512 16 6 0
2
43 65 
2
1514 18 14 0
1513 10 6 0
2
43 66 
2
1515 18 14 0
1514 18 22 0
2
43 67 
2
1516 18 14 0
1515 18 28 0
2
43 68 
2
1517 18 14 0
1516 18 12 0
2
43 86 
2
1518 18 14 0
1517 6 10 0
2
43 87 
2
1519 18 14 0
1518 22 14 0
2
43 89 
2
1520 18 14 0
1519 24 14 0
2
20 40 
2
1486 14 16 0
1487 10 16 0
2
21 41 
2
1498 20 14 0
1499 20 12 0
2
38 40 
2
1487 4 16 0
1488 10 16 0
2
39 41 
2
1499 22 8 0
1500 20 12 0
2
42 42 
1
1491 16 16 0
2
40 42 
2
1491 10 16 0
1492 16 16 0
2
42 42 
1
1493 16 16 0
2
20 42 
2
1493 14 16 0
1494 16 16 0
2
42 42 
1
1495 16 16 0
2
40 42 
2
1495 10 16 0
1496 16 16 0
2
42 42 
1
1497 16 16 0
2
43 43 
1
1521 18 14 0
2
41 43 
2
1521 20 12 0
1522 18 14 0
2
43 43 
1
1523 18 14 0
2
21 43 
2
1523 20 14 0
1524 18 14 0
2
43 43 
1
1525 18 14 0
2
41 43 
2
1525 20 12 0
1526 18 14 0
2
43 43 
1
1527 18 14 0
2
42 229 
2
1498 16 16 0
1497 2 16 0
2
43 87 
2
1528 18 14 0
1527 22 14 0
2
42 230 
2
1499 16 16 0
1498 10 8 0
2
43 89 
2
1529 18 14 0
1528 24 14 0
2
42 231 
2
1500 16 16 0
1499 14 30 0
2
43 90 
2
1530 18 14 0
1529 20 10 0
2
40 42 
2
1500 10 16 0
1501 16 16 0
2
41 43 
2
1530 20 12 0
1531 18 14 0
2
42 229 
2
1502 16 16 0
1501 2 16 0
2
43 87 
2
1532 18 14 0
1531 22 14 0
2
42 230 
2
1503 16 16 0
1502 10 8 0
2
43 89 
2
1533 18 14 0
1532 24 14 0
2
42 231 
2
1504 16 16 0
1503 14 30 0
2
43 90 
2
1534 18 14 0
1533 20 10 0
2
20 40 
2
1500 14 16 0
1501 10 16 0
2
21 41 
2
1530 20 14 0
1531 20 12 0
2
18 38 
2
1487 4 18 0
1488 4 16 0
2
19 39 
2
1499 20 8 0
1500 22 8 0
2
36 38 
2
1488 4 22 0
1489 4 16 0
2
37 39 
2
1500 24 4 0
1501 22 8 0
2
40 40 
1
1502 10 16 0
2
38 40 
2
1502 4 16 0
1503 10 16 0
2
40 40 
1
1504 10 16 0
2
18 40 
2
1504 4 18 0
1505 10 16 0
2
40 40 
1
1506 10 16 0
2
38 40 
2
1506 4 16 0
1507 10 16 0
2
40 40 
1
1508 10 16 0
2
41 41 
1
1532 20 12 0
2
39 41 
2
1532 22 8 0
1533 20 12 0
2
41 41 
1
1534 20 12 0
2
19 41 
2
1534 20 8 0
1535 20 12 0
2
41 41 
1
1536 20 12 0
2
39 41 
2
1536 22 8 0
1537 20 12 0
2
41 41 
1
1538 20 12 0
2
42 42 
1
1505 16 16 0
2
40 42 
2
1509 10 16 0
1508 16 16 0
2
42 42 
1
1509 16 16 0
2
20 42 
2
1509 14 16 0
1510 16 16 0
2
42 42 
1
1511 16 16 0
2
40 42 
2
1511 10 16 0
1512 16 16 0
2
42 42 
1
1513 16 16 0
2
43 43 
1
1535 18 14 0
2
41 43 
2
1539 20 12 0
1538 18 14 0
2
43 43 
1
1539 18 14 0
2
21 43 
2
1539 20 14 0
1540 18 14 0
2
43 43 
1
1541 18 14 0
2
41 43 
2
1541 20 12 0
1542 18 14 0
2
43 43 
1
1543 18 14 0
2
42 228 
2
1514 16 16 0
1513 12 2 0
2
43 89 
2
1544 18 14 0
1543 24 14 0
2
42 229 
2
1515 16 16 0
1514 2 16 0
2
43 90 
2
1545 18 14 0
1544 20 10 0
2
42 230 
2
1516 16 16 0
1515 10 8 0
2
43 91 
2
1546 18 14 0
1545 28 8 0
2
42 231 
2
1517 16 16 0
1516 14 30 0
2
42 232 
2
1518 16 16 0
1517 26 22 0
2
42 233 
2
1519 16 16 0
1518 8 22 0
2
42 234 
2
1520 16 16 0
1519 12 22 0
2
42 235 
2
1521 16 16 0
1520 14 24 0
2
42 236 
2
1522 16 16 0
1521 8 10 0
2
42 237 
2
1523 16 16 0
1522 20 28 0
2
42 238 
2
1524 16 16 0
1523 14 10 0
2
42 239 
2
1525 16 16 0
1524 16 20 0
2
42 50 
2
1526 16 16 0
1525 4 12 0
2
42 45 
2
1527 16 16 0
1526 16 2 0
2
42 47 
2
1528 16 16 0
1527 26 12 0
2
42 49 
2
1529 16 16 0
1528 32 14 0
2
42 52 
2
1530 16 16 0
1529 18 4 0
2
42 53 
2
1531 16 16 0
1530 18 8 0
2
42 54 
2
1532 16 16 0
1531 24 6 0
2
42 55 
2
1533 16 16 0
1532 24 2 0
2
42 56 
2
1534 16 16 0
1533 32 18 0
2
40 42 
2
1534 10 16 0
1535 16 16 0
2
41 43 
2
1546 20 12 0
1547 18 14 0
2
42 228 
2
1536 16 16 0
1535 12 2 0
2
43 89 
2
1548 18 14 0
1547 24 14 0
2
42 229 
2
1537 16 16 0
1536 2 16 0
2
43 90 
2
1549 18 14 0
1548 20 10 0
2
42 230 
2
1538 16 16 0
1537 10 8 0
2
43 91 
2
1550 18 14 0
1549 28 8 0
2
42 231 
2
1539 16 16 0
1538 14 30 0
2
42 232 
2
1540 16 16 0
1539 26 22 0
2
42 233 
2
1541 16 16 0
1540 8 22 0
2
42 234 
2
1542 16 16 0
1541 12 22 0
2
42 235 
2
1543 16 16 0
1542 14 24 0
2
42 236 
2
1544 16 16 0
1543 8 10 0
2
42 237 
2
1545 16 16 0
1544 20 28 0
2
42 238 
2
1546 16 16 0
1545 14 10 0
2
42 239 
2
1547 16 16 0
1546 16 20 0
2
42 50 
2
1548 16 16 0
1547 4 12 0
2
42 45 
2
1549 16 16 0
1548 16 2 0
2
42 47 
2
1550 16 16 0
1549 26 12 0
2
42 49 
2
1551 16 16 0
1550 32 14 0
2
42 52 
2
1552 16 16 0
1551 18 4 0
2
42 53 
2
1553 16 16 0
1552 18 8 0
2
42 54 
2
1554 16 16 0
1553 24 6 0
2
42 55 
2
1555 16 16 0
1554 24 2 0
2
42 56 
2
1556 16 16 0
1555 32 18 0
2
20 40 
2
1534 14 16 0
1535 10 16 0
2
21 41 
2
1546 20 14 0
1547 20 12 0
2
38 40 
2
1535 4 16 0
1536 10 16 0
2
39 41 
2
1547 22 8 0
1548 20 12 0
2
42 42 
1
1557 16 16 0
2
40 42 
2
1557 10 16 0
1558 16 16 0
2
42 42 
1
1559 16 16 0
2
20 42 
2
1559 14 16 0
1560 16 16 0
2
42 42 
1
1561 16 16 0
2
40 42 
2
1561 10 16 0
1562 16 16 0
2
42 42 
1
1563 16 16 0
2
43 43 
1
1551 18 14 0
2
41 43 
2
1551 20 12 0
1552 18 14 0
2
43 43 
1
1553 18 14 0
2
21 43 
2
1553 20 14 0
1554 18 14 0
2
43 43 
1
1555 18 14 0
2
41 43 
2
1555 20 12 0
1556 18 14 0
2
43 43 
1
1557 18 14 0
2
42 229 
2
1564 16 16 0
1563 2 16 0
2
43 87 
2
1558 18 14 0
1557 22 14 0
2
42 230 
2
1565 16 16 0
1564 10 8 0
2
43 89 
2
1559 18 14 0
1558 24 14 0
2
42 231 
2
1566 16 16 0
1565 14 30 0
2
43 90 
2
1560 18 14 0
1559 20 10 0
2
42 232 
2
1567 16 16 0
1566 26 22 0
2
43 91 
2
1561 18 14 0
1560 28 8 0
2
42 233 
2
1568 16 16 0
1567 8 22 0
2
43 92 
2
1562 18 14 0
1561 32 12 0
2
42 234 
2
1569 16 16 0
1568 12 22 0
2
43 93 
2
1563 18 14 0
1562 20 2 0
2
42 235 
2
1570 16 16 0
1569 14 24 0
2
43 94 
2
1564 18 14 0
1563 8 6 0
2
42 236 
2
1571 16 16 0
1570 8 10 0
2
43 95 
2
1565 18 14 0
1564 6 12 0
2
42 237 
2
1572 16 16 0
1571 20 28 0
2
43 96 
2
1566 18 14 0
1565 16 4 0
2
42 238 
2
1573 16 16 0
1572 14 10 0
2
43 97 
2
1567 18 14 0
1566 12 14 0
2
42 239 
2
1574 16 16 0
1573 16 20 0
2
43 98 
2
1568 18 14 0
1567 22 16 0
2
42 50 
2
1575 16 16 0
1574 4 12 0
2
43 99 
2
1569 18 14 0
1568 18 24 0
2
42 45 
2
1576 16 16 0
1575 16 2 0
2
43 100 
2
1570 18 14 0
1569 12 10 0
2
42 47 
2
1577 16 16 0
1576 26 12 0
2
43 101 
2
1571 18 14 0
1570 18 18 0
2
42 49 
2
1578 16 16 0
1577 32 14 0
2
43 102 
2
1572 18 14 0
1571 14 8 0
2
42 52 
2
1579 16 16 0
1578 18 4 0
2
43 103 
2
1573 18 14 0
1572 14 6 0
2
42 53 
2
1580 16 16 0
1579 18 8 0
2
43 104 
2
1574 18 14 0
1573 22 26 0
2
42 54 
2
1581 16 16 0
1580 24 6 0
2
43 105 
2
1575 18 14 0
1574 20 16 0
2
42 55 
2
1582 16 16 0
1581 24 2 0
2
43 106 
2
1576 18 14 0
1575 24 20 0
2
42 56 
2
1583 16 16 0
1582 32 18 0
2
43 107 
2
1577 18 14 0
1576 30 16 0
2
42 57 
2
1584 16 16 0
1583 22 28 0
2
43 108 
2
1578 18 14 0
1577 28 10 0
2
40 42 
2
1584 10 16 0
1585 16 16 0
2
41 43 
2
1578 20 12 0
1579 18 14 0
2
42 229 
2
1586 16 16 0
1585 2 16 0
2
43 87 
2
1580 18 14 0
1579 22 14 0
2
42 230 
2
1587 16 16 0
1586 10 8 0
2
43 89 
2
1581 18 14 0
1580 24 14 0
2
42 231 
2
1588 16 16 0
1587 14 30 0
2
43 90 
2
1582 18 14 0
1581 20 10 0
2
42 232 
2
1589 16 16 0
1588 26 22 0
2
43 91 
2
1583 18 14 0
1582 28 8 0
2
42 233 
2
1590 16 16 0
1589 8 22 0
2
43 92 
2
1584 18 14 0
1583 32 12 0
2
42 234 
2
1591 16 16 0
1590 12 22 0
2
43 93 
2
1585 18 14 0
1584 20 2 0
2
42 235 
2
1592 16 16 0
1591 14 24 0
2
43 94 
2
1586 18 14 0
1585 8 6 0
2
42 236 
2
1593 16 16 0
1592 8 10 0
2
43 95 
2
1587 18 14 0
1586 6 12 0
2
42 237 
2
1594 16 16 0
1593 20 28 0
2
43 96 
2
1588 18 14 0
1587 16 4 0
2
42 238 
2
1595 16 16 0
1594 14 10 0
2
43 97 
2
1589 18 14 0
1588 12 14 0
2
42 239 
2
1596 16 16 0
1595 16 20 0
2
43 98 
2
1590 18 14 0
1589 22 16 0
2
42 50 
2
1597 16 16 0
1596 4 12 0
2
43 99 
2
1591 18 14 0
1590 18 24 0
2
42 45 
2
1598 16 16 0
1597 16 2 0
2
43 100 
2
1592 18 14 0
1591 12 10 0
2
42 47 
2
1599 16 16 0
1598 26 12 0
2
43 101 
2
1593 18 14 0
1592 18 18 0
2
42 49 
2
1600 16 16 0
1599 32 14 0
2
43 102 
2
1594 18 14 0
1593 14 8 0
2
42 52 
2
1601 16 16 0
1600 18 4 0
2
43 103 
2
1595 18 14 0
1594 14 6 0
2
42 53 
2
1602 16 16 0
1601 18 8 0
2
43 104 
2
1596 18 14 0
1595 22 26 0
2
42 54 
2
1603 16 16 0
1602 24 6 0
2
43 105 
2
1597 18 14 0
1596 20 16 0
2
42 55 
2
1604 16 16 0
1603 24 2 0
2
43 106 
2
1598 18 14 0
1597 24 20 0
2
42 56 
2
1605 16 16 0
1604 32 18 0
2
43 107 
2
1599 18 14 0
1598 30 16 0
2
42 57 
2
1606 16 16 0
1605 22 28 0
2
43 108 
2
1600 18 14 0
1599 28 10 0
2
20 40 
2
1584 14 16 0
1585 10 16 0
2
21 41 
2
1578 20 14 0
1579 20 12 0
2
18 38 
2
1535 4 18 0
1536 4 16 0
2
19 39 
2
1547 20 8 0
1548 22 8 0
2
16 36 
2
1488 4 24 0
1489 4 22 0
2
17 37 
2
1500 26 4 0
1501 24 4 0
2
34 36 
2
1489 2 24 0
1490 4 22 0
2
35 37 
2
1501 28 2 0
1502 24 4 0
2
38 38 
1
1537 4 16 0
2
36 38 
2
1537 4 22 0
1538 4 16 0
2
38 38 
1
1539 4 16 0
2
16 38 
2
1539 4 24 0
1540 4 16 0
2
38 38 
1
1541 4 16 0
2
36 38 
2
1541 4 22 0
1542 4 16 0
2
38 38 
1
1543 4 16 0
2
39 39 
1
1549 22 8 0
2
37 39 
2
1549 24 4 0
1550 22 8 0
2
39 39 
1
1551 22 8 0
2
17 39 
2
1551 26 4 0
1552 22 8 0
2
39 39 
1
1553 22 8 0
2
37 39 
2
1553 24 4 0
1554 22 8 0
2
39 39 
1
1555 22 8 0
2
40 40 
1
1586 10 16 0
2
38 40 
2
1586 4 16 0
1587 10 16 0
2
40 40 
1
1588 10 16 0
2
18 40 
2
1588 4 18 0
1589 10 16 0
2
40 40 
1
1590 10 16 0
2
38 40 
2
1590 4 16 0
1591 10 16 0
2
40 40 
1
1592 10 16 0
2
41 41 
1
1580 20 12 0
2
39 41 
2
1580 22 8 0
1581 20 12 0
2
41 41 
1
1582 20 12 0
2
19 41 
2
1582 20 8 0
1583 20 12 0
2
41 41 
1
1584 20 12 0
2
39 41 
2
1584 22 8 0
1585 20 12 0
2
41 41 
1
1586 20 12 0
2
42 42 
1
1607 16 16 0
2
40 42 
2
1607 10 16 0
1608 16 16 0
2
42 42 
1
1609 16 16 0
2
20 42 
2
1609 14 16 0
1610 16 16 0
2
42 42 
1
1611 16 16 0
2
40 42 
2
1611 10 16 0
1612 16 16 0
2
42 42 
1
1613 16 16 0
2
43 43 
1
1601 18 14 0
2
41 43 
2
1601 20 12 0
1602 18 14 0
2
43 43 
1
1603 18 14 0
2
21 43 
2
1603 20 14 0
1604 18 14 0
2
43 43 
1
1605 18 14 0
2
41 43 
2
1605 20 12 0
1606 18 14 0
2
43 43 
1
1607 18 14 0
2
42 228 
2
1614 16 16 0
1613 12 2 0
2
43 89 
2
1608 18 14 0
1607 24 14 0
2
42 229 
2
1615 16 16 0
1614 2 16 0
2
43 90 
2
1609 18 14 0
1608 20 10 0
2
42 230 
2
1616 16 16 0
1615 10 8 0
2
43 91 
2
1610 18 14 0
1609 28 8 0
2
42 231 
2
1617 16 16 0
1616 14 30 0
2
43 92 
2
1611 18 14 0
1610 32 12 0
2
42 232 
2
1618 16 16 0
1617 26 22 0
2
43 93 
2
1612 18 14 0
1611 20 2 0
2
42 233 
2
1619 16 16 0
1618 8 22 0
2
43 94 
2
1613 18 14 0
1612 8 6 0
2
42 234 
2
1620 16 16 0
1619 12 22 0
2
43 95 
2
1614 18 14 0
1613 6 12 0
2
42 235 
2
1621 16 16 0
1620 14 24 0
2
43 96 
2
1615 18 14 0
1614 16 4 0
2
42 236 
2
1622 16 16 0
1621 8 10 0
2
43 97 
2
1616 18 14 0
1615 12 14 0
2
42 237 
2
1623 16 16 0
1622 20 28 0
2
43 98 
2
1617 18 14 0
1616 22 16 0
2
42 238 
2
1624 16 16 0
1623 14 10 0
2
43 99 
2
1618 18 14 0
1617 18 24 0
2
42 239 
2
1625 16 16 0
1624 16 20 0
2
43 100 
2
1619 18 14 0
1618 12 10 0
2
42 50 
2
1626 16 16 0
1625 4 12 0
2
43 101 
2
1620 18 14 0
1619 18 18 0
2
42 45 
2
1627 16 16 0
1626 16 2 0
2
43 102 
2
1621 18 14 0
1620 14 8 0
2
42 47 
2
1628 16 16 0
1627 26 12 0
2
43 103 
2
1622 18 14 0
1621 14 6 0
2
42 49 
2
1629 16 16 0
1628 32 14 0
2
43 104 
2
1623 18 14 0
1622 22 26 0
2
42 52 
2
1630 16 16 0
1629 18 4 0
2
43 105 
2
1624 18 14 0
1623 20 16 0
2
42 53 
2
1631 16 16 0
1630 18 8 0
2
43 106 
2
1625 18 14 0
1624 24 20 0
2
42 54 
2
1632 16 16 0
1631 24 6 0
2
43 107 
2
1626 18 14 0
1625 30 16 0
2
43 108 
2
1627 18 14 0
1626 28 10 0
2
43 109 
2
1628 18 14 0
1627 26 10 0
2
40 42 
2
1632 10 16 0
1633 16 16 0
2
41 43 
2
1628 20 12 0
1629 18 14 0
2
42 228 
2
1634 16 16 0
1633 12 2 0
2
43 89 
2
1630 18 14 0
1629 24 14 0
2
42 229 
2
1635 16 16 0
1634 2 16 0
2
43 90 
2
1631 18 14 0
1630 20 10 0
2
42 230 
2
1636 16 16 0
1635 10 8 0
2
43 91 
2
1632 18 14 0
1631 28 8 0
2
42 231 
2
1637 16 16 0
1636 14 30 0
2
43 92 
2
1633 18 14 0
1632 32 12 0
2
42 232 
2
1638 16 16 0
1637 26 22 0
2
43 93 
2
1634 18 14 0
1633 20 2 0
2
42 233 
2
1639 16 16 0
1638 8 22 0
2
43 94 
2
1635 18 14 0
1634 8 6 0
2
42 234 
2
1640 16 16 0
1639 12 22 0
2
43 95 
2
1636 18 14 0
1635 6 12 0
2
42 235 
2
1641 16 16 0
1640 14 24 0
2
43 96 
2
1637 18 14 0
1636 16 4 0
2
42 236 
2
1642 16 16 0
1641 8 10 0
2
43 97 
2
1638 18 14 0
1637 12 14 0
2
42 237 
2
1643 16 16 0
1642 20 28 0
2
43 98 
2
1639 18 14 0
1638 22 16 0
2
42 238 
2
1644 16 16 0
1643 14 10 0
2
43 99 
2
1640 18 14 0
1639 18 24 0
2
42 239 
2
1645 16 16 0
1644 16 20 0
2
43 100 
2
1641 18 14 0
1640 12 10 0
2
42 50 
2
1646 16 16 0
1645 4 12 0
2
43 101 
2
1642 18 14 0
1641 18 18 0
2
42 45 
2
1647 16 16 0
1646 16 2 0
2
43 102 
2
1643 18 14 0
1642 14 8 0
2
42 47 
2
1648 16 16 0
1647 26 12 0
2
43 103 
2
1644 18 14 0
1643 14 6 0
2
42 49 
2
1649 16 16 0
1648 32 14 0
2
43 104 
2
1645 18 14 0
1644 22 26 0
2
42 52 
2
1650 16 16 0
1649 18 4 0
2
43 105 
2
1646 18 14 0
1645 20 16 0
2
42 53 
2
1651 16 16 0
1650 18 8 0
2
43 106 
2
1647 18 14 0
1646 24 20 0
2
42 54 
2
1652 16 16 0
1651 24 6 0
2
43 107 
2
1648 18 14 0
1647 30 16 0
2
43 108 
2
1649 18 14 0
1648 28 10 0
2
43 109 
2
1650 18 14 0
1649 26 10 0
2
20 40 
2
1632 14 16 0
1633 10 16 0
2
21 41 
2
1628 20 14 0
1629 20 12 0
2
38 40 
2
1633 4 16 0
1634 10 16 0
2
39 41 
2
1629 22 8 0
1630 20 12 0
2
42 42 
1
1653 16 16 0
2
40 42 
2
1653 10 16 0
1654 16 16 0
2
42 42 
1
1655 16 16 0
2
20 42 
2
1655 14 16 0
1656 16 16 0
2
42 42 
1
1657 16 16 0
2
40 42 
2
1657 10 16 0
1658 16 16 0
2
42 42 
1
1659 16 16 0
2
43 43 
1
1651 18 14 0
2
41 43 
2
1651 20 12 0
1652 18 14 0
2
43 43 
1
1653 18 14 0
2
21 43 
2
1653 20 14 0
1654 18 14 0
2
43 43 
1
1655 18 14 0
2
41 43 
2
1655 20 12 0
1656 18 14 0
2
43 43 
1
1657 18 14 0
2
42 229 
2
1660 16 16 0
1659 2 16 0
2
43 108 
2
1658 18 14 0
1657 28 10 0
2
42 230 
2
1661 16 16 0
1660 10 8 0
2
43 109 
2
1659 18 14 0
1658 26 10 0
2
42 231 
2
1662 16 16 0
1661 14 30 0
2
43 111 
2
1660 18 14 0
1659 18 6 0
2
42 232 
2
1663 16 16 0
1662 26 22 0
2
42 233 
2
1664 16 16 0
1663 8 22 0
2
42 234 
2
1665 16 16 0
1664 12 22 0
2
42 235 
2
1666 16 16 0
1665 14 24 0
2
42 236 
2
1667 16 16 0
1666 8 10 0
2
42 237 
2
1668 16 16 0
1667 20 28 0
2
42 238 
2
1669 16 16 0
1668 14 10 0
2
42 239 
2
1670 16 16 0
1669 16 20 0
2
42 50 
2
1671 16 16 0
1670 4 12 0
2
42 45 
2
1672 16 16 0
1671 16 2 0
2
42 47 
2
1673 16 16 0
1672 26 12 0
2
42 49 
2
1674 16 16 0
1673 32 14 0
2
42 52 
2
1675 16 16 0
1674 18 4 0
2
42 53 
2
1676 16 16 0
1675 18 8 0
2
42 54 
2
1677 16 16 0
1676 24 6 0
2
42 55 
2
1678 16 16 0
1677 24 2 0
2
40 42 
2
1678 10 16 0
1679 16 16 0
2
41 43 
2
1660 20 12 0
1661 18 14 0
2
42 229 
2
1680 16 16 0
1679 2 16 0
2
43 108 
2
1662 18 14 0
1661 28 10 0
2
42 230 
2
1681 16 16 0
1680 10 8 0
2
43 109 
2
1663 18 14 0
1662 26 10 0
2
42 231 
2
1682 16 16 0
1681 14 30 0
2
43 111 
2
1664 18 14 0
1663 18 6 0
2
42 232 
2
1683 16 16 0
1682 26 22 0
2
42 233 
2
1684 16 16 0
1683 8 22 0
2
42 234 
2
1685 16 16 0
1684 12 22 0
2
42 235 
2
1686 16 16 0
1685 14 24 0
2
42 236 
2
1687 16 16 0
1686 8 10 0
2
42 237 
2
1688 16 16 0
1687 20 28 0
2
42 238 
2
1689 16 16 0
1688 14 10 0
2
42 239 
2
1690 16 16 0
1689 16 20 0
2
42 50 
2
1691 16 16 0
1690 4 12 0
2
42 45 
2
1692 16 16 0
1691 16 2 0
2
42 47 
2
1693 16 16 0
1692 26 12 0
2
42 49 
2
1694 16 16 0
1693 32 14 0
2
42 52 
2
1695 16 16 0
1694 18 4 0
2
42 53 
2
1696 16 16 0
1695 18 8 0
2
42 54 
2
1697 16 16 0
1696 24 6 0
2
42 55 
2
1698 16 16 0
1697 24 2 0
2
20 40 
2
1678 14 16 0
1679 10 16 0
2
21 41 
2
1660 20 14 0
1661 20 12 0
2
18 38 
2
1633 4 18 0
1634 4 16 0
2
19 39 
2
1629 20 8 0
1630 22 8 0
2
36 38 
2
1634 4 22 0
1635 4 16 0
2
37 39 
2
1630 24 4 0
1631 22 8 0
2
40 40 
1
1680 10 16 0
2
38 40 
2
1680 4 16 0
1681 10 16 0
2
40 40 
1
1682 10 16 0
2
18 40 
2
1682 4 18 0
1683 10 16 0
2
40 40 
1
1684 10 16 0
2
38 40 
2
1684 4 16 0
1685 10 16 0
2
40 40 
1
1686 10 16 0
2
41 41 
1
1662 20 12 0
2
39 41 
2
1662 22 8 0
1663 20 12 0
2
41 41 
1
1664 20 12 0
2
19 41 
2
1664 20 8 0
1665 20 12 0
2
41 41 
1
1666 20 12 0
2
39 41 
2
1666 22 8 0
1667 20 12 0
2
41 41 
1
1668 20 12 0
2
42 42 
1
1699 16 16 0
2
40 42 
2
1699 10 16 0
1700 16 16 0
2
42 42 
1
1701 16 16 0
2
20 42 
2
1701 14 16 0
1702 16 16 0
2
42 42 
1
1703 16 16 0
2
40 42 
2
1703 10 16 0
1704 16 16 0
2
42 42 
1
1705 16 16 0
2
43 43 
1
1665 18 14 0
2
41 43 
2
1669 20 12 0
1668 18 14 0
2
43 43 
1
1669 18 14 0
2
21 43 
2
1669 20 14 0
1670 18 14 0
2
43 43 
1
1671 18 14 0
2
41 43 
2
1671 20 12 0
1672 18 14 0
2
43 43 
1
1673 18 14 0
2
42 230 
2
1706 16 16 0
1705 10 8 0
2
43 109 
2
1674 18 14 0
1673 26 10 0
2
42 231 
2
1707 16 16 0
1706 14 30 0
2
43 111 
2
1675 18 14 0
1674 18 6 0
2
42 232 
2
1708 16 16 0
1707 26 22 0
2
43 112 
2
1676 18 14 0
1675 30 14 0
2
40 42 
2
1708 10 16 0
1709 16 16 0
2
41 43 
2
1676 20 12 0
1677 18 14 0
2
42 230 
2
1710 16 16 0
1709 10 8 0
2
43 109 
2
1678 18 14 0
1677 26 10 0
2
42 231 
2
1711 16 16 0
1710 14 30 0
2
43 111 
2
1679 18 14 0
1678 18 6 0
2
42 232 
2
1712 16 16 0
1711 26 22 0
2
43 112 
2
1680 18 14 0
1679 30 14 0
2
20 40 
2
1708 14 16 0
1709 10 16 0
2
21 41 
2
1676 20 14 0
1677 20 12 0
2
38 40 
2
1709 4 16 0
1710 10 16 0
2
39 41 
2
1677 22 8 0
1678 20 12 0
2
42 42 
1
1713 16 16 0
2
40 42 
2
1713 10 16 0
1714 16 16 0
2
42 42 
1
1715 16 16 0
2
20 42 
2
1715 14 16 0
1716 16 16 0
2
42 42 
1
1717 16 16 0
2
40 42 
2
1717 10 16 0
1718 16 16 0
2
42 42 
1
1719 16 16 0
2
43 43 
1
1681 18 14 0
2
41 43 
2
1681 20 12 0
1682 18 14 0
2
43 43 
1
1683 18 14 0
2
21 43 
2
1683 20 14 0
1684 18 14 0
2
43 43 
1
1685 18 14 0
2
41 43 
2
1685 20 12 0
1686 18 14 0
2
43 43 
1
1687 18 14 0
2
42 231 
2
1720 16 16 0
1719 14 30 0
2
43 108 
2
1688 18 14 0
1687 28 10 0
2
42 232 
2
1721 16 16 0
1720 26 22 0
2
43 109 
2
1689 18 14 0
1688 26 10 0
2
42 233 
2
1722 16 16 0
1721 8 22 0
2
43 111 
2
1690 18 14 0
1689 18 6 0
2
43 112 
2
1691 18 14 0
1690 30 14 0
2
43 113 
2
1692 18 14 0
1691 22 4 0
2
43 114 
2
1693 18 14 0
1692 30 10 0
2
43 115 
2
1694 18 14 0
1693 2 10 0
2
43 116 
2
1695 18 14 0
1694 8 8 0
2
43 117 
2
1696 18 14 0
1695 12 8 0
2
43 118 
2
1697 18 14 0
1696 12 12 0
2
43 119 
2
1698 18 14 0
1697 22 18 0
2
43 120 
2
1699 18 14 0
1698 28 20 0
2
43 121 
2
1700 18 14 0
1699 8 14 0
2
43 122 
2
1701 18 14 0
1700 12 6 0
2
43 123 
2
1702 18 14 0
1701 22 20 0
2
43 124 
2
1703 18 14 0
1702 20 26 0
2
43 125 
2
1704 18 14 0
1703 12 16 0
2
43 126 
2
1705 18 14 0
1704 16 10 0
2
43 128 
2
1706 18 14 0
1705 16 14 0
2
43 129 
2
1707 18 14 0
1706 28 12 0
2
43 130 
2
1708 18 14 0
1707 22 6 0
2
40 42 
2
1722 10 16 0
1723 16 16 0
2
41 43 
2
1708 20 12 0
1709 18 14 0
2
42 231 
2
1724 16 16 0
1723 14 30 0
2
43 108 
2
1710 18 14 0
1709 28 10 0
2
42 232 
2
1725 16 16 0
1724 26 22 0
2
43 109 
2
1711 18 14 0
1710 26 10 0
2
42 233 
2
1726 16 16 0
1725 8 22 0
2
43 111 
2
1712 18 14 0
1711 18 6 0
2
43 112 
2
1713 18 14 0
1712 30 14 0
2
43 113 
2
1714 18 14 0
1713 22 4 0
2
43 114 
2
1715 18 14 0
1714 30 10 0
2
43 115 
2
1716 18 14 0
1715 2 10 0
2
43 116 
2
1717 18 14 0
1716 8 8 0
2
43 117 
2
1718 18 14 0
1717 12 8 0
2
43 118 
2
1719 18 14 0
1718 12 12 0
2
43 119 
2
1720 18 14 0
1719 22 18 0
2
43 120 
2
1721 18 14 0
1720 28 20 0
2
43 121 
2
1722 18 14 0
1721 8 14 0
2
43 122 
2
1723 18 14 0
1722 12 6 0
2
43 123 
2
1724 18 14 0
1723 22 20 0
2
43 124 
2
1725 18 14 0
1724 20 26 0
2
43 125 
2
1726 18 14 0
1725 12 16 0
2
43 126 
2
1727 18 14 0
1726 16 10 0
2
43 128 
2
1728 18 14 0
1727 16 14 0
2
43 129 
2
1729 18 14 0
1728 28 12 0
2
43 130 
2
1730 18 14 0
1729 22 6 0
2
20 40 
2
1722 14 16 0
1723 10 16 0
2
21 41 
2
1708 20 14 0
1709 20 12 0
2
18 38 
2
1709 4 18 0
1710 4 16 0
2
19 39 
2
1677 20 8 0
1678 22 8 0
2
16 36 
2
1634 4 24 0
1635 4 22 0
2
17 37 
2
1630 26 4 0
1631 24 4 0
2
14 34 
2
1489 4 26 0
1490 2 24 0
2
15 35 
2
1501 26 2 0
1502 28 2 0
2
12 32 
2
1177 2 26 0
1178 2 28 0
2
13 33 
2
1200 30 2 0
1201 32 2 0
2
30 32 
2
1178 4 28 0
1179 2 28 0
2
31 33 
2
1201 32 6 0
1202 32 2 0
2
34 34 
1
1491 2 24 0
2
32 34 
2
1491 2 28 0
1492 2 24 0
2
34 34 
1
1493 2 24 0
2
12 34 
2
1493 2 26 0
1494 2 24 0
2
34 34 
1
1495 2 24 0
2
32 34 
2
1495 2 28 0
1496 2 24 0
2
34 34 
1
1497 2 24 0
2
35 35 
1
1503 28 2 0
2
33 35 
2
1503 32 2 0
1504 28 2 0
2
35 35 
1
1505 28 2 0
2
13 35 
2
1505 30 2 0
1506 28 2 0
2
35 35 
1
1507 28 2 0
2
33 35 
2
1507 32 2 0
1508 28 2 0
2
35 35 
1
1509 28 2 0
2
36 36 
1
1636 4 22 0
2
34 36 
2
1636 2 24 0
1637 4 22 0
2
36 36 
1
1638 4 22 0
2
14 36 
2
1638 4 26 0
1639 4 22 0
2
36 36 
1
1640 4 22 0
2
34 36 
2
1640 2 24 0
1641 4 22 0
2
36 36 
1
1642 4 22 0
2
37 37 
1
1632 24 4 0
2
35 37 
2
1632 28 2 0
1633 24 4 0
2
37 37 
1
1634 24 4 0
2
15 37 
2
1634 26 2 0
1635 24 4 0
2
37 37 
1
1636 24 4 0
2
35 37 
2
1636 28 2 0
1637 24 4 0
2
37 37 
1
1638 24 4 0
2
38 38 
1
1711 4 16 0
2
36 38 
2
1711 4 22 0
1712 4 16 0
2
38 38 
1
1713 4 16 0
2
16 38 
2
1713 4 24 0
1714 4 16 0
2
38 38 
1
1715 4 16 0
2
36 38 
2
1715 4 22 0
1716 4 16 0
2
38 38 
1
1717 4 16 0
2
39 39 
1
1679 22 8 0
2
37 39 
2
1679 24 4 0
1680 22 8 0
2
39 39 
1
1681 22 8 0
2
17 39 
2
1681 26 4 0
1682 22 8 0
2
39 39 
1
1683 22 8 0
2
37 39 
2
1683 24 4 0
1684 22 8 0
2
39 39 
1
1685 22 8 0
2
40 40 
1
1724 10 16 0
2
38 40 
2
1724 4 16 0
1725 10 16 0
2
40 40 
1
1726 10 16 0
2
18 40 
2
1726 4 18 0
1727 10 16 0
2
40 40 
1
1728 10 16 0
2
38 40 
2
1728 4 16 0
1729 10 16 0
2
40 40 
1
1730 10 16 0
2
41 41 
1
1710 20 12 0
2
39 41 
2
1710 22 8 0
1711 20 12 0
2
41 41 
1
1712 20 12 0
2
19 41 
2
1712 20 8 0
1713 20 12 0
2
41 41 
1
1714 20 12 0
2
39 41 
2
1714 22 8 0
1715 20 12 0
2
41 41 
1
1716 20 12 0
2
42 42 
1
1727 16 16 0
2
40 42 
2
1731 10 16 0
1730 16 16 0
2
42 42 
1
1731 16 16 0
2
20 42 
2
1731 14 16 0
1732 16 16 0
2
42 42 
1
1733 16 16 0
2
40 42 
2
1733 10 16 0
1734 16 16 0
2
42 42 
1
1735 16 16 0
2
43 43 
1
1731 18 14 0
2
41 43 
2
1731 20 12 0
1732 18 14 0
2
43 43 
1
1733 18 14 0
2
21 43 
2
1733 20 14 0
1734 18 14 0
2
43 43 
1
1735 18 14 0
2
41 43 
2
1735 20 12 0
1736 18 14 0
2
43 43 
1
1737 18 14 0
2
42 230 
2
1736 16 16 0
1735 10 8 0
2
43 109 
2
1738 18 14 0
1737 26 10 0
2
42 231 
2
1737 16 16 0
1736 14 30 0
2
43 111 
2
1739 18 14 0
1738 18 6 0
2
42 232 
2
1738 16 16 0
1737 26 22 0
2
43 112 
2
1740 18 14 0
1739 30 14 0
2
42 233 
2
1739 16 16 0
1738 8 22 0
2
43 113 
2
1741 18 14 0
1740 22 4 0
2
42 234 
2
1740 16 16 0
1739 12 22 0
2
43 114 
2
1742 18 14 0
1741 30 10 0
2
42 235 
2
1741 16 16 0
1740 14 24 0
2
43 115 
2
1743 18 14 0
1742 2 10 0
2
42 236 
2
1742 16 16 0
1741 8 10 0
2
43 116 
2
1744 18 14 0
1743 8 8 0
2
42 237 
2
1743 16 16 0
1742 20 28 0
2
43 117 
2
1745 18 14 0
1744 12 8 0
2
42 238 
2
1744 16 16 0
1743 14 10 0
2
43 118 
2
1746 18 14 0
1745 12 12 0
2
42 239 
2
1745 16 16 0
1744 16 20 0
2
43 119 
2
1747 18 14 0
1746 22 18 0
2
42 50 
2
1746 16 16 0
1745 4 12 0
2
43 120 
2
1748 18 14 0
1747 28 20 0
2
42 45 
2
1747 16 16 0
1746 16 2 0
2
43 121 
2
1749 18 14 0
1748 8 14 0
2
42 47 
2
1748 16 16 0
1747 26 12 0
2
43 122 
2
1750 18 14 0
1749 12 6 0
2
42 49 
2
1749 16 16 0
1748 32 14 0
2
43 123 
2
1751 18 14 0
1750 22 20 0
2
42 52 
2
1750 16 16 0
1749 18 4 0
2
43 124 
2
1752 18 14 0
1751 20 26 0
2
42 53 
2
1751 16 16 0
1750 18 8 0
2
43 125 
2
1753 18 14 0
1752 12 16 0
2
42 54 
2
1752 16 16 0
1751 24 6 0
2
43 126 
2
1754 18 14 0
1753 16 10 0
2
42 55 
2
1753 16 16 0
1752 24 2 0
2
43 128 
2
1755 18 14 0
1754 16 14 0
2
42 56 
2
1754 16 16 0
1753 32 18 0
2
43 129 
2
1756 18 14 0
1755 28 12 0
2
42 57 
2
1755 16 16 0
1754 22 28 0
2
43 130 
2
1757 18 14 0
1756 22 6 0
2
42 58 
2
1756 16 16 0
1755 10 10 0
2
43 131 
2
1758 18 14 0
1757 28 14 0
2
40 42 
2
1756 10 16 0
1757 16 16 0
2
41 43 
2
1758 20 12 0
1759 18 14 0
2
42 230 
2
1758 16 16 0
1757 10 8 0
2
43 109 
2
1760 18 14 0
1759 26 10 0
2
42 231 
2
1759 16 16 0
1758 14 30 0
2
43 111 
2
1761 18 14 0
1760 18 6 0
2
42 232 
2
1760 16 16 0
1759 26 22 0
2
43 112 
2
1762 18 14 0
1761 30 14 0
2
42 233 
2
1761 16 16 0
1760 8 22 0
2
43 113 
2
1763 18 14 0
1762 22 4 0
2
42 234 
2
1762 16 16 0
1761 12 22 0
2
43 114 
2
1764 18 14 0
1763 30 10 0
2
42 235 
2
1763 16 16 0
1762 14 24 0
2
43 115 
2
1765 18 14 0
1764 2 10 0
2
42 236 
2
1764 16 16 0
1763 8 10 0
2
43 116 
2
1766 18 14 0
1765 8 8 0
2
42 237 
2
1765 16 16 0
1764 20 28 0
2
43 117 
2
1767 18 14 0
1766 12 8 0
2
42 238 
2
1766 16 16 0
1765 14 10 0
2
43 118 
2
1768 18 14 0
1767 12 12 0
2
42 239 
2
1767 16 16 0
1766 16 20 0
2
43 119 
2
1769 18 14 0
1768 22 18 0
2
42 50 
2
1768 16 16 0
1767 4 12 0
2
43 120 
2
1770 18 14 0
1769 28 20 0
2
42 45 
2
1769 16 16 0
1768 16 2 0
2
43 121 
2
1771 18 14 0
1770 8 14 0
2
42 47 
2
1770 16 16 0
1769 26 12 0
2
43 122 
2
1772 18 14 0
1771 12 6 0
2
42 49 
2
1771 16 16 0
1770 32 14 0
2
43 123 
2
1773 18 14 0
1772 22 20 0
2
42 52 
2
1772 16 16 0
1771 18 4 0
2
43 124 
2
1774 18 14 0
1773 20 26 0
2
42 53 
2
1773 16 16 0
1772 18 8 0
2
43 125 
2
1775 18 14 0
1774 12 16 0
2
42 54 
2
1774 16 16 0
1773 24 6 0
2
43 126 
2
1776 18 14 0
1775 16 10 0
2
42 55 
2
1775 16 16 0
1774 24 2 0
2
43 128 
2
1777 18 14 0
1776 16 14 0
2
42 56 
2
1776 16 16 0
1775 32 18 0
2
43 129 
2
1778 18 14 0
1777 28 12 0
2
42 57 
2
1777 16 16 0
1776 22 28 0
2
43 130 
2
1779 18 14 0
1778 22 6 0
2
42 58 
2
1778 16 16 0
1777 10 10 0
2
43 131 
2
1780 18 14 0
1779 28 14 0
2
20 40 
2
1756 14 16 0
1757 10 16 0
2
21 41 
2
1758 20 14 0
1759 20 12 0
2
38 40 
2
1757 4 16 0
1758 10 16 0
2
39 41 
2
1759 22 8 0
1760 20 12 0
2
42 42 
1
1779 16 16 0
2
40 42 
2
1779 10 16 0
1780 16 16 0
2
42 42 
1
1781 16 16 0
2
20 42 
2
1781 14 16 0
1782 16 16 0
2
42 42 
1
1783 16 16 0
2
40 42 
2
1783 10 16 0
1784 16 16 0
2
42 42 
1
1785 16 16 0
2
43 43 
1
1781 18 14 0
2
41 43 
2
1781 20 12 0
1782 18 14 0
2
43 43 
1
1783 18 14 0
2
21 43 
2
1783 20 14 0
1784 18 14 0
2
43 43 
1
1785 18 14 0
2
41 43 
2
1785 20 12 0
1786 18 14 0
2
43 43 
1
1787 18 14 0
2
42 231 
2
1786 16 16 0
1785 14 30 0
2
43 130 
2
1788 18 14 0
1787 22 6 0
2
42 232 
2
1787 16 16 0
1786 26 22 0
2
43 131 
2
1789 18 14 0
1788 28 14 0
2
42 233 
2
1788 16 16 0
1787 8 22 0
2
43 149 
2
1790 18 14 0
1789 20 6 0
2
42 234 
2
1789 16 16 0
1788 12 22 0
2
42 235 
2
1790 16 16 0
1789 14 24 0
2
42 236 
2
1791 16 16 0
1790 8 10 0
2
42 237 
2
1792 16 16 0
1791 20 28 0
2
42 238 
2
1793 16 16 0
1792 14 10 0
2
42 239 
2
1794 16 16 0
1793 16 20 0
2
42 50 
2
1795 16 16 0
1794 4 12 0
2
42 45 
2
1796 16 16 0
1795 16 2 0
2
42 47 
2
1797 16 16 0
1796 26 12 0
2
42 49 
2
1798 16 16 0
1797 32 14 0
2
42 52 
2
1799 16 16 0
1798 18 4 0
2
42 53 
2
1800 16 16 0
1799 18 8 0
2
42 54 
2
1801 16 16 0
1800 24 6 0
2
42 55 
2
1802 16 16 0
1801 24 2 0
2
42 56 
2
1803 16 16 0
1802 32 18 0
2
42 57 
2
1804 16 16 0
1803 22 28 0
2
42 58 
2
1805 16 16 0
1804 10 10 0
2
42 59 
2
1806 16 16 0
1805 28 16 0
2
40 42 
2
1806 10 16 0
1807 16 16 0
2
41 43 
2
1790 20 12 0
1791 18 14 0
2
42 231 
2
1808 16 16 0
1807 14 30 0
2
43 130 
2
1792 18 14 0
1791 22 6 0
2
42 232 
2
1809 16 16 0
1808 26 22 0
2
43 131 
2
1793 18 14 0
1792 28 14 0
2
42 233 
2
1810 16 16 0
1809 8 22 0
2
43 149 
2
1794 18 14 0
1793 20 6 0
2
42 234 
2
1811 16 16 0
1810 12 22 0
2
42 235 
2
1812 16 16 0
1811 14 24 0
2
42 236 
2
1813 16 16 0
1812 8 10 0
2
42 237 
2
1814 16 16 0
1813 20 28 0
2
42 238 
2
1815 16 16 0
1814 14 10 0
2
42 239 
2
1816 16 16 0
1815 16 20 0
2
42 50 
2
1817 16 16 0
1816 4 12 0
2
42 45 
2
1818 16 16 0
1817 16 2 0
2
42 47 
2
1819 16 16 0
1818 26 12 0
2
42 49 
2
1820 16 16 0
1819 32 14 0
2
42 52 
2
1821 16 16 0
1820 18 4 0
2
42 53 
2
1822 16 16 0
1821 18 8 0
2
42 54 
2
1823 16 16 0
1822 24 6 0
2
42 55 
2
1824 16 16 0
1823 24 2 0
2
42 56 
2
1825 16 16 0
1824 32 18 0
2
42 57 
2
1826 16 16 0
1825 22 28 0
2
42 58 
2
1827 16 16 0
1826 10 10 0
2
42 59 
2
1828 16 16 0
1827 28 16 0
2
20 40 
2
1806 14 16 0
1807 10 16 0
2
21 41 
2
1790 20 14 0
1791 20 12 0
2
18 38 
2
1757 4 18 0
1758 4 16 0
2
19 39 
2
1759 20 8 0
1760 22 8 0
2
36 38 
2
1758 4 22 0
1759 4 16 0
2
37 39 
2
1760 24 4 0
1761 22 8 0
2
40 40 
1
1808 10 16 0
2
38 40 
2
1808 4 16 0
1809 10 16 0
2
40 40 
1
1810 10 16 0
2
18 40 
2
1810 4 18 0
1811 10 16 0
2
40 40 
1
1812 10 16 0
2
38 40 
2
1812 4 16 0
1813 10 16 0
2
40 40 
1
1814 10 16 0
2
41 41 
1
1792 20 12 0
2
39 41 
2
1792 22 8 0
1793 20 12 0
2
41 41 
1
1794 20 12 0
2
19 41 
2
1794 20 8 0
1795 20 12 0
2
41 41 
1
1796 20 12 0
2
39 41 
2
1796 22 8 0
1797 20 12 0
2
41 41 
1
1798 20 12 0
2
42 42 
1
1829 16 16 0
2
40 42 
2
1829 10 16 0
1830 16 16 0
2
42 42 
1
1831 16 16 0
2
20 42 
2
1831 14 16 0
1832 16 16 0
2
42 42 
1
1833 16 16 0
2
40 42 
2
1833 10 16 0
1834 16 16 0
2
42 42 
1
1835 16 16 0
2
43 43 
1
1795 18 14 0
2
41 43 
2
1799 20 12 0
1798 18 14 0
2
43 43 
1
1799 18 14 0
2
21 43 
2
1799 20 14 0
1800 18 14 0
2
43 43 
1
1801 18 14 0
2
41 43 
2
1801 20 12 0
1802 18 14 0
2
43 43 
1
1803 18 14 0
2
42 56 
2
1836 16 16 0
1835 32 18 0
2
43 131 
2
1804 18 14 0
1803 28 14 0
2
42 57 
2
1837 16 16 0
1836 22 28 0
2
43 149 
2
1805 18 14 0
1804 20 6 0
2
42 58 
2
1838 16 16 0
1837 10 10 0
2
43 150 
2
1806 18 14 0
1805 24 8 0
2
40 42 
2
1838 10 16 0
1839 16 16 0
2
41 43 
2
1806 20 12 0
1807 18 14 0
2
42 56 
2
1840 16 16 0
1839 32 18 0
2
43 131 
2
1808 18 14 0
1807 28 14 0
2
42 57 
2
1841 16 16 0
1840 22 28 0
2
43 149 
2
1809 18 14 0
1808 20 6 0
2
42 58 
2
1842 16 16 0
1841 10 10 0
2
43 150 
2
1810 18 14 0
1809 24 8 0
2
20 40 
2
1838 14 16 0
1839 10 16 0
2
21 41 
2
1806 20 14 0
1807 20 12 0
2
38 40 
2
1839 4 16 0
1840 10 16 0
2
39 41 
2
1807 22 8 0
1808 20 12 0
2
42 42 
1
1843 16 16 0
2
40 42 
2
1843 10 16 0
1844 16 16 0
2
42 42 
1
1845 16 16 0
2
20 42 
2
1845 14 16 0
1846 16 16 0
2
42 42 
1
1847 16 16 0
2
40 42 
2
1847 10 16 0
1848 16 16 0
2
42 42 
1
1849 16 16 0
2
43 43 
1
1811 18 14 0
2
41 43 
2
1811 20 12 0
1812 18 14 0
2
43 43 
1
1813 18 14 0
2
21 43 
2
1813 20 14 0
1814 18 14 0
2
43 43 
1
1815 18 14 0
2
41 43 
2
1815 20 12 0
1816 18 14 0
2
43 43 
1
1817 18 14 0
2
42 57 
2
1850 16 16 0
1849 22 28 0
2
43 130 
2
1818 18 14 0
1817 22 6 0
2
42 58 
2
1851 16 16 0
1850 10 10 0
2
43 131 
2
1819 18 14 0
1818 28 14 0
2
42 59 
2
1852 16 16 0
1851 28 16 0
2
43 149 
2
1820 18 14 0
1819 20 6 0
2
43 150 
2
1821 18 14 0
1820 24 8 0
2
43 151 
2
1822 18 14 0
1821 22 2 0
2
43 152 
2
1823 18 14 0
1822 22 30 0
2
43 153 
2
1824 18 14 0
1823 24 26 0
2
43 154 
2
1825 18 14 0
1824 28 18 0
2
43 155 
2
1826 18 14 0
1825 22 22 0
2
43 156 
2
1827 18 14 0
1826 26 18 0
2
43 157 
2
1828 18 14 0
1827 24 16 0
2
43 158 
2
1829 18 14 0
1828 4 14 0
2
43 159 
2
1830 18 14 0
1829 14 4 0
2
43 160 
2
1831 18 14 0
1830 10 14 0
2
43 161 
2
1832 18 14 0
1831 14 2 0
2
43 162 
2
1833 18 14 0
1832 30 18 0
2
43 163 
2
1834 18 14 0
1833 24 22 0
2
43 164 
2
1835 18 14 0
1834 26 20 0
2
43 166 
2
1836 18 14 0
1835 20 22 0
2
43 167 
2
1837 18 14 0
1836 22 12 0
2
43 168 
2
1838 18 14 0
1837 24 10 0
2
40 42 
2
1852 10 16 0
1853 16 16 0
2
41 43 
2
1838 20 12 0
1839 18 14 0
2
42 57 
2
1854 16 16 0
1853 22 28 0
2
43 130 
2
1840 18 14 0
1839 22 6 0
2
42 58 
2
1855 16 16 0
1854 10 10 0
2
43 131 
2
1841 18 14 0
1840 28 14 0
2
42 59 
2
1856 16 16 0
1855 28 16 0
2
43 149 
2
1842 18 14 0
1841 20 6 0
2
43 150 
2
1843 18 14 0
1842 24 8 0
2
43 151 
2
1844 18 14 0
1843 22 2 0
2
43 152 
2
1845 18 14 0
1844 22 30 0
2
43 153 
2
1846 18 14 0
1845 24 26 0
2
43 154 
2
1847 18 14 0
1846 28 18 0
2
43 155 
2
1848 18 14 0
1847 22 22 0
2
43 156 
2
1849 18 14 0
1848 26 18 0
2
43 157 
2
1850 18 14 0
1849 24 16 0
2
43 158 
2
1851 18 14 0
1850 4 14 0
2
43 159 
2
1852 18 14 0
1851 14 4 0
2
43 160 
2
1853 18 14 0
1852 10 14 0
2
43 161 
2
1854 18 14 0
1853 14 2 0
2
43 162 
2
1855 18 14 0
1854 30 18 0
2
43 163 
2
1856 18 14 0
1855 24 22 0
2
43 164 
2
1857 18 14 0
1856 26 20 0
2
43 166 
2
1858 18 14 0
1857 20 22 0
2
43 167 
2
1859 18 14 0
1858 22 12 0
2
43 168 
2
1860 18 14 0
1859 24 10 0
2
20 40 
2
1852 14 16 0
1853 10 16 0
2
21 41 
2
1838 20 14 0
1839 20 12 0
2
18 38 
2
1839 4 18 0
1840 4 16 0
2
19 39 
2
1807 20 8 0
1808 22 8 0
2
16 36 
2
1758 4 24 0
1759 4 22 0
2
17 37 
2
1760 26 4 0
1761 24 4 0
2
34 36 
2
1759 2 24 0
1760 4 22 0
2
35 37 
2
1761 28 2 0
1762 24 4 0
2
38 38 
1
1841 4 16 0
2
36 38 
2
1841 4 22 0
1842 4 16 0
2
38 38 
1
1843 4 16 0
2
16 38 
2
1843 4 24 0
1844 4 16 0
2
38 38 
1
1845 4 16 0
2
36 38 
2
1845 4 22 0
1846 4 16 0
2
38 38 
1
1847 4 16 0
2
39 39 
1
1809 22 8 0
2
37 39 
2
1809 24 4 0
1810 22 8 0
2
39 39 
1
1811 22 8 0
2
17 39 
2
1811 26 4 0
1812 22 8 0
2
39 39 
1
1813 22 8 0
2
37 39 
2
1813 24 4 0
1814 22 8 0
2
39 39 
1
1815 22 8 0
2
40 40 
1
1854 10 16 0
2
38 40 
2
1854 4 16 0
1855 10 16 0
2
40 40 
1
1856 10 16 0
2
18 40 
2
1856 4 18 0
1857 10 16 0
2
40 40 
1
1858 10 16 0
2
38 40 
2
1858 4 16 0
1859 10 16 0
2
40 40 
1
1860 10 16 0
2
41 41 
1
1840 20 12 0
2
39 41 
2
1840 22 8 0
1841 20 12 0
2
41 41 
1
1842 20 12 0
2
19 41 
2
1842 20 8 0
1843 20 12 0
2
41 41 
1
1844 20 12 0
2
39 41 
2
1844 22 8 0
1845 20 12 0
2
41 41 
1
1846 20 12 0
2
42 42 
1
1857 16 16 0
2
40 42 
2
1861 10 16 0
1860 16 16 0
2
42 42 
1
1861 16 16 0
2
20 42 
2
1861 14 16 0
1862 16 16 0
2
42 42 
1
1863 16 16 0
2
40 42 
2
1863 10 16 0
1864 16 16 0
2
42 42 
1
1865 16 16 0
2
43 43 
1
1861 18 14 0
2
41 43 
2
1861 20 12 0
1862 18 14 0
2
43 43 
1
1863 18 14 0
2
21 43 
2
1863 20 14 0
1864 18 14 0
2
43 43 
1
1865 18 14 0
2
41 43 
2
1865 20 12 0
1866 18 14 0
2
43 43 
1
1867 18 14 0
2
42 56 
2
1866 16 16 0
1865 32 18 0
2
43 131 
2
1868 18 14 0
1867 28 14 0
2
42 57 
2
1867 16 16 0
1866 22 28 0
2
43 149 
2
1869 18 14 0
1868 20 6 0
2
42 58 
2
1868 16 16 0
1867 10 10 0
2
43 150 
2
1870 18 14 0
1869 24 8 0
2
42 59 
2
1869 16 16 0
1868 28 16 0
2
43 151 
2
1871 18 14 0
1870 22 2 0
2
42 60 
2
1870 16 16 0
1869 16 8 0
2
43 152 
2
1872 18 14 0
1871 22 30 0
2
42 61 
2
1871 16 16 0
1870 18 30 0
2
43 153 
2
1873 18 14 0
1872 24 26 0
2
42 62 
2
1872 16 16 0
1871 20 24 0
2
43 154 
2
1874 18 14 0
1873 28 18 0
2
42 63 
2
1873 16 16 0
1872 16 12 0
2
43 155 
2
1875 18 14 0
1874 22 22 0
2
42 64 
2
1874 16 16 0
1873 16 6 0
2
43 156 
2
1876 18 14 0
1875 26 18 0
2
42 65 
2
1875 16 16 0
1874 10 6 0
2
43 157 
2
1877 18 14 0
1876 24 16 0
2
42 66 
2
1876 16 16 0
1875 18 22 0
2
43 158 
2
1878 18 14 0
1877 4 14 0
2
42 67 
2
1877 16 16 0
1876 18 28 0
2
43 159 
2
1879 18 14 0
1878 14 4 0
2
42 68 
2
1878 16 16 0
1877 18 12 0
2
43 160 
2
1880 18 14 0
1879 10 14 0
2
42 86 
2
1879 16 16 0
1878 6 10 0
2
43 161 
2
1881 18 14 0
1880 14 2 0
2
42 87 
2
1880 16 16 0
1879 22 14 0
2
43 162 
2
1882 18 14 0
1881 30 18 0
2
42 89 
2
1881 16 16 0
1880 24 14 0
2
43 163 
2
1883 18 14 0
1882 24 22 0
2
42 90 
2
1882 16 16 0
1881 20 10 0
2
43 164 
2
1884 18 14 0
1883 26 20 0
2
42 91 
2
1883 16 16 0
1882 28 8 0
2
43 166 
2
1885 18 14 0
1884 20 22 0
2
42 92 
2
1884 16 16 0
1883 32 12 0
2
43 167 
2
1886 18 14 0
1885 22 12 0
2
42 93 
2
1885 16 16 0
1884 20 2 0
2
43 168 
2
1887 18 14 0
1886 24 10 0
2
42 94 
2
1886 16 16 0
1885 8 6 0
2
43 169 
2
1888 18 14 0
1887 18 2 0
2
40 42 
2
1886 10 16 0
1887 16 16 0
2
41 43 
2
1888 20 12 0
1889 18 14 0
2
42 56 
2
1888 16 16 0
1887 32 18 0
2
43 131 
2
1890 18 14 0
1889 28 14 0
2
42 57 
2
1889 16 16 0
1888 22 28 0
2
43 149 
2
1891 18 14 0
1890 20 6 0
2
42 58 
2
1890 16 16 0
1889 10 10 0
2
43 150 
2
1892 18 14 0
1891 24 8 0
2
42 59 
2
1891 16 16 0
1890 28 16 0
2
43 151 
2
1893 18 14 0
1892 22 2 0
2
42 60 
2
1892 16 16 0
1891 16 8 0
2
43 152 
2
1894 18 14 0
1893 22 30 0
2
42 61 
2
1893 16 16 0
1892 18 30 0
2
43 153 
2
1895 18 14 0
1894 24 26 0
2
42 62 
2
1894 16 16 0
1893 20 24 0
2
43 154 
2
1896 18 14 0
1895 28 18 0
2
42 63 
2
1895 16 16 0
1894 16 12 0
2
43 155 
2
1897 18 14 0
1896 22 22 0
2
42 64 
2
1896 16 16 0
1895 16 6 0
2
43 156 
2
1898 18 14 0
1897 26 18 0
2
42 65 
2
1897 16 16 0
1896 10 6 0
2
43 157 
2
1899 18 14 0
1898 24 16 0
2
42 66 
2
1898 16 16 0
1897 18 22 0
2
43 158 
2
1900 18 14 0
1899 4 14 0
2
42 67 
2
1899 16 16 0
1898 18 28 0
2
43 159 
2
1901 18 14 0
1900 14 4 0
2
42 68 
2
1900 16 16 0
1899 18 12 0
2
43 160 
2
1902 18 14 0
1901 10 14 0
2
42 86 
2
1901 16 16 0
1900 6 10 0
2
43 161 
2
1903 18 14 0
1902 14 2 0
2
42 87 
2
1902 16 16 0
1901 22 14 0
2
43 162 
2
1904 18 14 0
1903 30 18 0
2
42 89 
2
1903 16 16 0
1902 24 14 0
2
43 163 
2
1905 18 14 0
1904 24 22 0
2
42 90 
2
1904 16 16 0
1903 20 10 0
2
43 164 
2
1906 18 14 0
1905 26 20 0
2
42 91 
2
1905 16 16 0
1904 28 8 0
2
43 166 
2
1907 18 14 0
1906 20 22 0
2
42 92 
2
1906 16 16 0
1905 32 12 0
2
43 167 
2
1908 18 14 0
1907 22 12 0
2
42 93 
2
1907 16 16 0
1906 20 2 0
2
43 168 
2
1909 18 14 0
1908 24 10 0
2
42 94 
2
1908 16 16 0
1907 8 6 0
2
43 169 
2
1910 18 14 0
1909 18 2 0
2
20 40 
2
1886 14 16 0
1887 10 16 0
2
21 41 
2
1888 20 14 0
1889 20 12 0
2
38 40 
2
1887 4 16 0
1888 10 16 0
2
39 41 
2
1889 22 8 0
1890 20 12 0
2
42 42 
1
1909 16 16 0
2
40 42 
2
1909 10 16 0
1910 16 16 0
2
42 42 
1
1911 16 16 0
2
20 42 
2
1911 14 16 0
1912 16 16 0
2
42 42 
1
1913 16 16 0
2
40 42 
2
1913 10 16 0
1914 16 16 0
2
42 42 
1
1915 16 16 0
2
43 43 
1
1911 18 14 0
2
41 43 
2
1911 20 12 0
1912 18 14 0
2
43 43 
1
1913 18 14 0
2
21 43 
2
1913 20 14 0
1914 18 14 0
2
43 43 
1
1915 18 14 0
2
41 43 
2
1915 20 12 0
1916 18 14 0
2
43 43 
1
1917 18 14 0
2
42 57 
2
1916 16 16 0
1915 22 28 0
2
43 168 
2
1918 18 14 0
1917 24 10 0
2
42 58 
2
1917 16 16 0
1916 10 10 0
2
43 169 
2
1919 18 14 0
1918 18 2 0
2
42 59 
2
1918 16 16 0
1917 28 16 0
2
43 170 
2
1920 18 14 0
1919 26 14 0
2
42 60 
2
1919 16 16 0
1918 16 8 0
2
42 61 
2
1920 16 16 0
1919 18 30 0
2
42 62 
2
1921 16 16 0
1920 20 24 0
2
42 63 
2
1922 16 16 0
1921 16 12 0
2
42 64 
2
1923 16 16 0
1922 16 6 0
2
42 65 
2
1924 16 16 0
1923 10 6 0
2
42 66 
2
1925 16 16 0
1924 18 22 0
2
42 67 
2
1926 16 16 0
1925 18 28 0
2
42 68 
2
1927 16 16 0
1926 18 12 0
2
42 86 
2
1928 16 16 0
1927 6 10 0
2
42 87 
2
1929 16 16 0
1928 22 14 0
2
42 89 
2
1930 16 16 0
1929 24 14 0
2
42 90 
2
1931 16 16 0
1930 20 10 0
2
42 91 
2
1932 16 16 0
1931 28 8 0
2
42 92 
2
1933 16 16 0
1932 32 12 0
2
42 93 
2
1934 16 16 0
1933 20 2 0
2
42 94 
2
1935 16 16 0
1934 8 6 0
2
42 95 
2
1936 16 16 0
1935 6 12 0
2
40 42 
2
1936 10 16 0
1937 16 16 0
2
41 43 
2
1920 20 12 0
1921 18 14 0
2
42 57 
2
1938 16 16 0
1937 22 28 0
2
43 168 
2
1922 18 14 0
1921 24 10 0
2
42 58 
2
1939 16 16 0
1938 10 10 0
2
43 169 
2
1923 18 14 0
1922 18 2 0
2
42 59 
2
1940 16 16 0
1939 28 16 0
2
43 170 
2
1924 18 14 0
1923 26 14 0
2
42 60 
2
1941 16 16 0
1940 16 8 0
2
42 61 
2
1942 16 16 0
1941 18 30 0
2
42 62 
2
1943 16 16 0
1942 20 24 0
2
42 63 
2
1944 16 16 0
1943 16 12 0
2
42 64 
2
1945 16 16 0
1944 16 6 0
2
42 65 
2
1946 16 16 0
1945 10 6 0
2
42 66 
2
1947 16 16 0
1946 18 22 0
2
42 67 
2
1948 16 16 0
1947 18 28 0
2
42 68 
2
1949 16 16 0
1948 18 12 0
2
42 86 
2
1950 16 16 0
1949 6 10 0
2
42 87 
2
1951 16 16 0
1950 22 14 0
2
42 89 
2
1952 16 16 0
1951 24 14 0
2
42 90 
2
1953 16 16 0
1952 20 10 0
2
42 91 
2
1954 16 16 0
1953 28 8 0
2
42 92 
2
1955 16 16 0
1954 32 12 0
2
42 93 
2
1956 16 16 0
1955 20 2 0
2
42 94 
2
1957 16 16 0
1956 8 6 0
2
42 95 
2
1958 16 16 0
1957 6 12 0
2
20 40 
2
1936 14 16 0
1937 10 16 0
2
21 41 
2
1920 20 14 0
1921 20 12 0
2
18 38 
2
1887 4 18 0
1888 4 16 0
2
19 39 
2
1889 20 8 0
1890 22 8 0
2
36 38 
2
1888 4 22 0
1889 4 16 0
2
37 39 
2
1890 24 4 0
1891 22 8 0
2
40 40 
1
1938 10 16 0
2
38 40 
2
1938 4 16 0
1939 10 16 0
2
40 40 
1
1940 10 16 0
2
18 40 
2
1940 4 18 0
1941 10 16 0
2
40 40 
1
1942 10 16 0
2
38 40 
2
1942 4 16 0
1943 10 16 0
2
40 40 
1
1944 10 16 0
2
41 41 
1
1922 20 12 0
2
39 41 
2
1922 22 8 0
1923 20 12 0
2
41 41 
1
1924 20 12 0
2
19 41 
2
1924 20 8 0
1925 20 12 0
2
41 41 
1
1926 20 12 0
2
39 41 
2
1926 22 8 0
1927 20 12 0
2
41 41 
1
1928 20 12 0
2
42 42 
1
1959 16 16 0
2
40 42 
2
1959 10 16 0
1960 16 16 0
2
42 42 
1
1961 16 16 0
2
20 42 
2
1961 14 16 0
1962 16 16 0
2
42 42 
1
1963 16 16 0
2
40 42 
2
1963 10 16 0
1964 16 16 0
2
42 42 
1
1965 16 16 0
2
43 43 
1
1925 18 14 0
2
41 43 
2
1929 20 12 0
1928 18 14 0
2
43 43 
1
1929 18 14 0
2
21 43 
2
1929 20 14 0
1930 18 14 0
2
43 43 
1
1931 18 14 0
2
41 43 
2
1931 20 12 0
1932 18 14 0
2
43 43 
1
1933 18 14 0
2
42 56 
2
1966 16 16 0
1965 32 18 0
2
43 169 
2
1934 18 14 0
1933 18 2 0
2
42 57 
2
1967 16 16 0
1966 22 28 0
2
43 170 
2
1935 18 14 0
1934 26 14 0
2
42 58 
2
1968 16 16 0
1967 10 10 0
2
43 171 
2
1936 18 14 0
1935 20 4 0
2
42 59 
2
1969 16 16 0
1968 28 16 0
2
42 60 
2
1970 16 16 0
1969 16 8 0
2
42 61 
2
1971 16 16 0
1970 18 30 0
2
42 62 
2
1972 16 16 0
1971 20 24 0
2
42 63 
2
1973 16 16 0
1972 16 12 0
2
42 64 
2
1974 16 16 0
1973 16 6 0
2
42 65 
2
1975 16 16 0
1974 10 6 0
2
42 66 
2
1976 16 16 0
1975 18 22 0
2
42 67 
2
1977 16 16 0
1976 18 28 0
2
42 68 
2
1978 16 16 0
1977 18 12 0
2
42 86 
2
1979 16 16 0
1978 6 10 0
2
42 87 
2
1980 16 16 0
1979 22 14 0
2
42 89 
2
1981 16 16 0
1980 24 14 0
2
42 90 
2
1982 16 16 0
1981 20 10 0
2
42 91 
2
1983 16 16 0
1982 28 8 0
2
42 92 
2
1984 16 16 0
1983 32 12 0
2
40 42 
2
1984 10 16 0
1985 16 16 0
2
41 43 
2
1936 20 12 0
1937 18 14 0
2
42 56 
2
1986 16 16 0
1985 32 18 0
2
43 169 
2
1938 18 14 0
1937 18 2 0
2
42 57 
2
1987 16 16 0
1986 22 28 0
2
43 170 
2
1939 18 14 0
1938 26 14 0
2
42 58 
2
1988 16 16 0
1987 10 10 0
2
43 171 
2
1940 18 14 0
1939 20 4 0
2
42 59 
2
1989 16 16 0
1988 28 16 0
2
42 60 
2
1990 16 16 0
1989 16 8 0
2
42 61 
2
1991 16 16 0
1990 18 30 0
2
42 62 
2
1992 16 16 0
1991 20 24 0
2
42 63 
2
1993 16 16 0
1992 16 12 0
2
42 64 
2
1994 16 16 0
1993 16 6 0
2
42 65 
2
1995 16 16 0
1994 10 6 0
2
42 66 
2
1996 16 16 0
1995 18 22 0
2
42 67 
2
1997 16 16 0
1996 18 28 0
2
42 68 
2
1998 16 16 0
1997 18 12 0
2
42 86 
2
1999 16 16 0
1998 6 10 0
2
42 87 
2
2000 16 16 0
1999 22 14 0
2
42 89 
2
2001 16 16 0
2000 24 14 0
2
42 90 
2
2002 16 16 0
2001 20 10 0
2
42 91 
2
2003 16 16 0
2002 28 8 0
2
42 92 
2
2004 16 16 0
2003 32 12 0
2
20 40 
2
1984 14 16 0
1985 10 16 0
2
21 41 
2
1936 20 14 0
1937 20 12 0
2
38 40 
2
1985 4 16 0
1986 10 16 0
2
39 41 
2
1937 22 8 0
1938 20 12 0
2
42 42 
1
2005 16 16 0
2
40 42 
2
2005 10 16 0
2006 16 16 0
2
42 42 
1
2007 16 16 0
2
20 42 
2
2007 14 16 0
2008 16 16 0
2
42 42 
1
2009 16 16 0
2
40 42 
2
2009 10 16 0
2010 16 16 0
2
42 42 
1
2011 16 16 0
2
43 43 
1
1941 18 14 0
2
41 43 
2
1941 20 12 0
1942 18 14 0
2
43 43 
1
1943 18 14 0
2
21 43 
2
1943 20 14 0
1944 18 14 0
2
43 43 
1
1945 18 14 0
2
41 43 
2
1945 20 12 0
1946 18 14 0
2
43 43 
1
1947 18 14 0
2
42 57 
2
2012 16 16 0
2011 22 28 0
2
43 168 
2
1948 18 14 0
1947 24 10 0
2
42 58 
2
2013 16 16 0
2012 10 10 0
2
43 169 
2
1949 18 14 0
1948 18 2 0
2
42 59 
2
2014 16 16 0
2013 28 16 0
2
43 170 
2
1950 18 14 0
1949 26 14 0
2
42 60 
2
2015 16 16 0
2014 16 8 0
2
43 171 
2
1951 18 14 0
1950 20 4 0
2
42 61 
2
2016 16 16 0
2015 18 30 0
2
43 172 
2
1952 18 14 0
1951 26 8 0
2
42 62 
2
2017 16 16 0
2016 20 24 0
2
43 173 
2
1953 18 14 0
1952 26 6 0
2
42 63 
2
2018 16 16 0
2017 16 12 0
2
43 174 
2
1954 18 14 0
1953 20 32 0
2
42 64 
2
2019 16 16 0
2018 16 6 0
2
43 175 
2
1955 18 14 0
1954 6 8 0
2
42 65 
2
2020 16 16 0
2019 10 6 0
2
43 176 
2
1956 18 14 0
1955 20 30 0
2
42 66 
2
2021 16 16 0
2020 18 22 0
2
43 177 
2
1957 18 14 0
1956 8 4 0
2
42 67 
2
2022 16 16 0
2021 18 28 0
2
43 178 
2
1958 18 14 0
1957 10 2 0
2
42 68 
2
2023 16 16 0
2022 18 12 0
2
43 179 
2
1959 18 14 0
1958 30 22 0
2
42 86 
2
2024 16 16 0
2023 6 10 0
2
43 180 
2
1960 18 14 0
1959 26 26 0
2
42 87 
2
2025 16 16 0
2024 22 14 0
2
43 181 
2
1961 18 14 0
1960 32 20 0
2
42 89 
2
2026 16 16 0
2025 24 14 0
2
43 182 
2
1962 18 14 0
1961 32 10 0
2
42 90 
2
2027 16 16 0
2026 20 10 0
2
43 183 
2
1963 18 14 0
1962 2 8 0
2
42 91 
2
2028 16 16 0
2027 28 8 0
2
43 184 
2
1964 18 14 0
1963 30 8 0
2
42 92 
2
2029 16 16 0
2028 32 12 0
2
43 185 
2
1965 18 14 0
1964 24 30 0
2
42 93 
2
2030 16 16 0
2029 20 2 0
2
43 186 
2
1966 18 14 0
1965 28 6 0
2
43 188 
2
1967 18 14 0
1966 30 6 0
2
43 189 
2
1968 18 14 0
1967 32 8 0
2
40 42 
2
2030 10 16 0
2031 16 16 0
2
41 43 
2
1968 20 12 0
1969 18 14 0
2
42 57 
2
2032 16 16 0
2031 22 28 0
2
43 168 
2
1970 18 14 0
1969 24 10 0
2
42 58 
2
2033 16 16 0
2032 10 10 0
2
43 169 
2
1971 18 14 0
1970 18 2 0
2
42 59 
2
2034 16 16 0
2033 28 16 0
2
43 170 
2
1972 18 14 0
1971 26 14 0
2
42 60 
2
2035 16 16 0
2034 16 8 0
2
43 171 
2
1973 18 14 0
1972 20 4 0
2
42 61 
2
2036 16 16 0
2035 18 30 0
2
43 172 
2
1974 18 14 0
1973 26 8 0
2
42 62 
2
2037 16 16 0
2036 20 24 0
2
43 173 
2
1975 18 14 0
1974 26 6 0
2
42 63 
2
2038 16 16 0
2037 16 12 0
2
43 174 
2
1976 18 14 0
1975 20 32 0
2
42 64 
2
2039 16 16 0
2038 16 6 0
2
43 175 
2
1977 18 14 0
1976 6 8 0
2
42 65 
2
2040 16 16 0
2039 10 6 0
2
43 176 
2
1978 18 14 0
1977 20 30 0
2
42 66 
2
2041 16 16 0
2040 18 22 0
2
43 177 
2
1979 18 14 0
1978 8 4 0
2
42 67 
2
2042 16 16 0
2041 18 28 0
2
43 178 
2
1980 18 14 0
1979 10 2 0
2
42 68 
2
2043 16 16 0
2042 18 12 0
2
43 179 
2
1981 18 14 0
1980 30 22 0
2
42 86 
2
2044 16 16 0
2043 6 10 0
2
43 180 
2
1982 18 14 0
1981 26 26 0
2
42 87 
2
2045 16 16 0
2044 22 14 0
2
43 181 
2
1983 18 14 0
1982 32 20 0
2
42 89 
2
2046 16 16 0
2045 24 14 0
2
43 182 
2
1984 18 14 0
1983 32 10 0
2
42 90 
2
2047 16 16 0
2046 20 10 0
2
43 183 
2
1985 18 14 0
1984 2 8 0
2
42 91 
2
2048 16 16 0
2047 28 8 0
2
43 184 
2
1986 18 14 0
1985 30 8 0
2
42 92 
2
2049 16 16 0
2048 32 12 0
2
43 185 
2
1987 18 14 0
1986 24 30 0
2
42 93 
2
2050 16 16 0
2049 20 2 0
2
43 186 
2
1988 18 14 0
1987 28 6 0
2
43 188 
2
1989 18 14 0
1988 30 6 0
2
43 189 
2
1990 18 14 0
1989 32 8 0
2
20 40 
2
2030 14 16 0
2031 10 16 0
2
21 41 
2
1968 20 14 0
1969 20 12 0
2
18 38 
2
1985 4 18 0
1986 4 16 0
2
19 39 
2
1937 20 8 0
1938 22 8 0
2
16 36 
2
1888 4 24 0
1889 4 22 0
2
17 37 
2
1890 26 4 0
1891 24 4 0
2
14 34 
2
1759 4 26 0
1760 2 24 0
2
15 35 
2
1761 26 2 0
1762 28 2 0
2
32 34 
2
1760 2 28 0
1761 2 24 0
2
33 35 
2
1762 32 2 0
1763 28 2 0
2
36 36 
1
1890 4 22 0
2
34 36 
2
1890 2 24 0
1891 4 22 0
2
36 36 
1
1892 4 22 0
2
14 36 
2
1892 4 26 0
1893 4 22 0
2
36 36 
1
1894 4 22 0
2
34 36 
2
1894 2 24 0
1895 4 22 0
2
36 36 
1
1896 4 22 0
2
37 37 
1
1892 24 4 0
2
35 37 
2
1892 28 2 0
1893 24 4 0
2
37 37 
1
1894 24 4 0
2
15 37 
2
1894 26 2 0
1895 24 4 0
2
37 37 
1
1896 24 4 0
2
35 37 
2
1896 28 2 0
1897 24 4 0
2
37 37 
1
1898 24 4 0
2
38 38 
1
1987 4 16 0
2
36 38 
2
1987 4 22 0
1988 4 16 0
2
38 38 
1
1989 4 16 0
2
16 38 
2
1989 4 24 0
1990 4 16 0
2
38 38 
1
1991 4 16 0
2
36 38 
2
1991 4 22 0
1992 4 16 0
2
38 38 
1
1993 4 16 0
2
39 39 
1
1939 22 8 0
2
37 39 
2
1939 24 4 0
1940 22 8 0
2
39 39 
1
1941 22 8 0
2
17 39 
2
1941 26 4 0
1942 22 8 0
2
39 39 
1
1943 22 8 0
2
37 39 
2
1943 24 4 0
1944 22 8 0
2
39 39 
1
1945 22 8 0
2
40 40 
1
2032 10 16 0
2
38 40 
2
2032 4 16 0
2033 10 16 0
2
40 40 
1
2034 10 16 0
2
18 40 
2
2034 4 18 0
2035 10 16 0
2
40 40 
1
2036 10 16 0
2
38 40 
2
2036 4 16 0
2037 10 16 0
2
40 40 
1
2038 10 16 0
2
41 41 
1
1970 20 12 0
2
39 41 
2
1970 22 8 0
1971 20 12 0
2
41 41 
1
1972 20 12 0
2
19 41 
2
1972 20 8 0
1973 20 12 0
2
41 41 
1
1974 20 12 0
2
39 41 
2
1974 22 8 0
1975 20 12 0
2
41 41 
1
1976 20 12 0
2
42 42 
1
2051 16 16 0
2
40 42 
2
2051 10 16 0
2052 16 16 0
2
42 42 
1
2053 16 16 0
2
20 42 
2
2053 14 16 0
2054 16 16 0
2
42 42 
1
2055 16 16 0
2
40 42 
2
2055 10 16 0
2056 16 16 0
2
42 42 
1
2057 16 16 0
2
43 43 
1
1991 18 14 0
2
41 43 
2
1991 20 12 0
1992 18 14 0
2
43 43 
1
1993 18 14 0
2
21 43 
2
1993 20 14 0
1994 18 14 0
2
43 43 
1
1995 18 14 0
2
41 43 
2
1995 20 12 0
1996 18 14 0
2
43 43 
1
1997 18 14 0
2
42 58 
2
2058 16 16 0
2057 10 10 0
2
43 169 
2
1998 18 14 0
1997 18 2 0
2
42 59 
2
2059 16 16 0
2058 28 16 0
2
43 170 
2
1999 18 14 0
1998 26 14 0
2
42 60 
2
2060 16 16 0
2059 16 8 0
2
43 171 
2
2000 18 14 0
1999 20 4 0
2
43 172 
2
2001 18 14 0
2000 26 8 0
2
43 173 
2
2002 18 14 0
2001 26 6 0
2
43 174 
2
2003 18 14 0
2002 20 32 0
2
43 175 
2
2004 18 14 0
2003 6 8 0
2
43 176 
2
2005 18 14 0
2004 20 30 0
2
43 177 
2
2006 18 14 0
2005 8 4 0
2
43 178 
2
2007 18 14 0
2006 10 2 0
2
43 179 
2
2008 18 14 0
2007 30 22 0
2
43 180 
2
2009 18 14 0
2008 26 26 0
2
43 181 
2
2010 18 14 0
2009 32 20 0
2
43 182 
2
2011 18 14 0
2010 32 10 0
2
43 183 
2
2012 18 14 0
2011 2 8 0
2
43 184 
2
2013 18 14 0
2012 30 8 0
2
43 185 
2
2014 18 14 0
2013 24 30 0
2
43 186 
2
2015 18 14 0
2014 28 6 0
2
43 188 
2
2016 18 14 0
2015 30 6 0
2
43 189 
2
2017 18 14 0
2016 32 8 0
2
43 191 
2
2018 18 14 0
2017 28 4 0
2
40 42 
2
2060 10 16 0
2061 16 16 0
2
41 43 
2
2018 20 12 0
2019 18 14 0
2
42 58 
2
2062 16 16 0
2061 10 10 0
2
43 169 
2
2020 18 14 0
2019 18 2 0
2
42 59 
2
2063 16 16 0
2062 28 16 0
2
43 170 
2
2021 18 14 0
2020 26 14 0
2
42 60 
2
2064 16 16 0
2063 16 8 0
2
43 171 
2
2022 18 14 0
2021 20 4 0
2
43 172 
2
2023 18 14 0
2022 26 8 0
2
43 173 
2
2024 18 14 0
2023 26 6 0
2
43 174 
2
2025 18 14 0
2024 20 32 0
2
43 175 
2
2026 18 14 0
2025 6 8 0
2
43 176 
2
2027 18 14 0
2026 20 30 0
2
43 177 
2
2028 18 14 0
2027 8 4 0
2
43 178 
2
2029 18 14 0
2028 10 2 0
2
43 179 
2
2030 18 14 0
2029 30 22 0
2
43 180 
2
2031 18 14 0
2030 26 26 0
2
43 181 
2
2032 18 14 0
2031 32 20 0
2
43 182 
2
2033 18 14 0
2032 32 10 0
2
43 183 
2
2034 18 14 0
2033 2 8 0
2
43 184 
2
2035 18 14 0
2034 30 8 0
2
43 185 
2
2036 18 14 0
2035 24 30 0
2
43 186 
2
2037 18 14 0
2036 28 6 0
2
43 188 
2
2038 18 14 0
2037 30 6 0
2
43 189 
2
2039 18 14 0
2038 32 8 0
2
43 191 
2
2040 18 14 0
2039 28 4 0
2
20 40 
2
2060 14 16 0
2061 10 16 0
2
21 41 
2
2018 20 14 0
2019 20 12 0
2
38 40 
2
2061 4 16 0
2062 10 16 0
2
39 41 
2
2019 22 8 0
2020 20 12 0
2
42 42 
1
2065 16 16 0
2
40 42 
2
2065 10 16 0
2066 16 16 0
2
42 42 
1
2067 16 16 0
2
20 42 
2
2067 14 16 0
2068 16 16 0
2
42 42 
1
2069 16 16 0
2
40 42 
2
2069 10 16 0
2070 16 16 0
2
42 42 
1
2071 16 16 0
2
43 43 
1
2041 18 14 0
2
41 43 
2
2041 20 12 0
2042 18 14 0
2
43 43 
1
2043 18 14 0
2
21 43 
2
2043 20 14 0
2044 18 14 0
2
43 43 
1
2045 18 14 0
2
41 43 
2
2045 20 12 0
2046 18 14 0
2
43 43 
1
2047 18 14 0
2
42 59 
2
2072 16 16 0
2071 28 16 0
2
43 189 
2
2048 18 14 0
2047 32 8 0
2
42 60 
2
2073 16 16 0
2072 16 8 0
2
43 191 
2
2049 18 14 0
2048 28 4 0
2
42 61 
2
2074 16 16 0
2073 18 30 0
2
43 240 
2
2050 18 14 0
2049 6 4 0
2
40 42 
2
2074 10 16 0
2075 16 16 0
2
41 43 
2
2050 20 12 0
2051 18 14 0
2
42 59 
2
2076 16 16 0
2075 28 16 0
2
43 189 
2
2052 18 14 0
2051 32 8 0
2
42 60 
2
2077 16 16 0
2076 16 8 0
2
43 191 
2
2053 18 14 0
2052 28 4 0
2
42 61 
2
2078 16 16 0
2077 18 30 0
2
43 240 
2
2054 18 14 0
2053 6 4 0
2
20 40 
2
2074 14 16 0
2075 10 16 0
2
21 41 
2
2050 20 14 0
2051 20 12 0
2
18 38 
2
2061 4 18 0
2062 4 16 0
2
19 39 
2
2019 20 8 0
2020 22 8 0
2
36 38 
2
2062 4 22 0
2063 4 16 0
2
37 39 
2
2020 24 4 0
2021 22 8 0
2
40 40 
1
2076 10 16 0
2
38 40 
2
2076 4 16 0
2077 10 16 0
2
40 40 
1
2078 10 16 0
2
18 40 
2
2078 4 18 0
2079 10 16 0
2
40 40 
1
2080 10 16 0
2
38 40 
2
2080 4 16 0
2081 10 16 0
2
40 40 
1
2082 10 16 0
2
41 41 
1
2052 20 12 0
2
39 41 
2
2052 22 8 0
2053 20 12 0
2
41 41 
1
2054 20 12 0
2
19 41 
2
2054 20 8 0
2055 20 12 0
2
41 41 
1
2056 20 12 0
2
39 41 
2
2056 22 8 0
2057 20 12 0
2
41 41 
1
2058 20 12 0
2
42 42 
1
2079 16 16 0
2
40 42 
2
2083 10 16 0
2082 16 16 0
2
42 42 
1
2083 16 16 0
2
20 42 
2
2083 14 16 0
2084 16 16 0
2
42 42 
1
2085 16 16 0
2
40 42 
2
2085 10 16 0
2086 16 16 0
2
42 42 
1
2087 16 16 0
2
43 43 
1
2055 18 14 0
2
41 43 
2
2059 20 12 0
2058 18 14 0
2
43 43 
1
2059 18 14 0
2
21 43 
2
2059 20 14 0
2060 18 14 0
2
43 43 
1
2061 18 14 0
2
41 43 
2
2061 20 12 0
2062 18 14 0
2
43 43 
1
2063 18 14 0
2
42 58 
2
2088 16 16 0
2087 10 10 0
2
43 191 
2
2064 18 14 0
2063 28 4 0
2
42 59 
2
2089 16 16 0
2088 28 16 0
2
43 240 
2
2065 18 14 0
2064 6 4 0
2
42 60 
2
2090 16 16 0
2089 16 8 0
2
43 241 
2
2066 18 14 0
2065 32 22 0
2
42 61 
2
2091 16 16 0
2090 18 30 0
2
42 62 
2
2092 16 16 0
2091 20 24 0
2
42 63 
2
2093 16 16 0
2092 16 12 0
2
42 64 
2
2094 16 16 0
2093 16 6 0
2
42 65 
2
2095 16 16 0
2094 10 6 0
2
42 66 
2
2096 16 16 0
2095 18 22 0
2
42 67 
2
2097 16 16 0
2096 18 28 0
2
42 68 
2
2098 16 16 0
2097 18 12 0
2
42 86 
2
2099 16 16 0
2098 6 10 0
2
42 87 
2
2100 16 16 0
2099 22 14 0
2
42 89 
2
2101 16 16 0
2100 24 14 0
2
42 90 
2
2102 16 16 0
2101 20 10 0
2
42 91 
2
2103 16 16 0
2102 28 8 0
2
42 92 
2
2104 16 16 0
2103 32 12 0
2
42 93 
2
2105 16 16 0
2104 20 2 0
2
42 94 
2
2106 16 16 0
2105 8 6 0
2
42 95 
2
2107 16 16 0
2106 6 12 0
2
42 96 
2
2108 16 16 0
2107 16 4 0
2
40 42 
2
2108 10 16 0
2109 16 16 0
2
41 43 
2
2066 20 12 0
2067 18 14 0
2
42 58 
2
2110 16 16 0
2109 10 10 0
2
43 191 
2
2068 18 14 0
2067 28 4 0
2
42 59 
2
2111 16 16 0
2110 28 16 0
2
43 240 
2
2069 18 14 0
2068 6 4 0
2
42 60 
2
2112 16 16 0
2111 16 8 0
2
43 241 
2
2070 18 14 0
2069 32 22 0
2
42 61 
2
2113 16 16 0
2112 18 30 0
2
42 62 
2
2114 16 16 0
2113 20 24 0
2
42 63 
2
2115 16 16 0
2114 16 12 0
2
42 64 
2
2116 16 16 0
2115 16 6 0
2
42 65 
2
2117 16 16 0
2116 10 6 0
2
42 66 
2
2118 16 16 0
2117 18 22 0
2
42 67 
2
2119 16 16 0
2118 18 28 0
2
42 68 
2
2120 16 16 0
2119 18 12 0
2
42 86 
2
2121 16 16 0
2120 6 10 0
2
42 87 
2
2122 16 16 0
2121 22 14 0
2
42 89 
2
2123 16 16 0
2122 24 14 0
2
42 90 
2
2124 16 16 0
2123 20 10 0
2
42 91 
2
2125 16 16 0
2124 28 8 0
2
42 92 
2
2126 16 16 0
2125 32 12 0
2
42 93 
2
2127 16 16 0
2126 20 2 0
2
42 94 
2
2128 16 16 0
2127 8 6 0
2
42 95 
2
2129 16 16 0
2128 6 12 0
2
42 96 
2
2130 16 16 0
2129 16 4 0
2
20 40 
2
2108 14 16 0
2109 10 16 0
2
21 41 
2
2066 20 14 0
2067 20 12 0
2
38 40 
2
2109 4 16 0
2110 10 16 0
2
39 41 
2
2067 22 8 0
2068 20 12 0
2
42 42 
1
2131 16 16 0
2
40 42 
2
2131 10 16 0
2132 16 16 0
2
42 42 
1
2133 16 16 0
2
20 42 
2
2133 14 16 0
2134 16 16 0
2
42 42 
1
2135 16 16 0
2
40 42 
2
2135 10 16 0
2136 16 16 0
2
42 42 
1
2137 16 16 0
2
43 43 
1
2071 18 14 0
2
41 43 
2
2071 20 12 0
2072 18 14 0
2
43 43 
1
2073 18 14 0
2
21 43 
2
2073 20 14 0
2074 18 14 0
2
43 43 
1
2075 18 14 0
2
41 43 
2
2075 20 12 0
2076 18 14 0
2
43 43 
1
2077 18 14 0
2
42 59 
2
2138 16 16 0
2137 28 16 0
2
43 81 
2
2078 18 14 0
2077 6 6 0
2
42 60 
2
2139 16 16 0
2138 16 8 0
2
43 82 
2
2079 18 14 0
2078 28 22 0
2
42 61 
2
2140 16 16 0
2139 18 30 0
2
43 83 
2
2080 18 14 0
2079 10 4 0
2
42 62 
2
2141 16 16 0
2140 20 24 0
2
42 63 
2
2142 16 16 0
2141 16 12 0
2
42 64 
2
2143 16 16 0
2142 16 6 0
2
42 65 
2
2144 16 16 0
2143 10 6 0
2
42 66 
2
2145 16 16 0
2144 18 22 0
2
42 67 
2
2146 16 16 0
2145 18 28 0
2
42 68 
2
2147 16 16 0
2146 18 12 0
2
42 86 
2
2148 16 16 0
2147 6 10 0
2
42 87 
2
2149 16 16 0
2148 22 14 0
2
42 89 
2
2150 16 16 0
2149 24 14 0
2
42 90 
2
2151 16 16 0
2150 20 10 0
2
42 91 
2
2152 16 16 0
2151 28 8 0
2
42 92 
2
2153 16 16 0
2152 32 12 0
2
42 93 
2
2154 16 16 0
2153 20 2 0
2
42 94 
2
2155 16 16 0
2154 8 6 0
2
42 95 
2
2156 16 16 0
2155 6 12 0
2
42 96 
2
2157 16 16 0
2156 16 4 0
2
42 97 
2
2158 16 16 0
2157 12 14 0
2
40 42 
2
2158 10 16 0
2159 16 16 0
2
41 43 
2
2080 20 12 0
2081 18 14 0
2
42 59 
2
2160 16 16 0
2159 28 16 0
2
43 81 
2
2082 18 14 0
2081 6 6 0
2
42 60 
2
2161 16 16 0
2160 16 8 0
2
43 82 
2
2083 18 14 0
2082 28 22 0
2
42 61 
2
2162 16 16 0
2161 18 30 0
2
43 83 
2
2084 18 14 0
2083 10 4 0
2
42 62 
2
2163 16 16 0
2162 20 24 0
2
42 63 
2
2164 16 16 0
2163 16 12 0
2
42 64 
2
2165 16 16 0
2164 16 6 0
2
42 65 
2
2166 16 16 0
2165 10 6 0
2
42 66 
2
2167 16 16 0
2166 18 22 0
2
42 67 
2
2168 16 16 0
2167 18 28 0
2
42 68 
2
2169 16 16 0
2168 18 12 0
2
42 86 
2
2170 16 16 0
2169 6 10 0
2
42 87 
2
2171 16 16 0
2170 22 14 0
2
42 89 
2
2172 16 16 0
2171 24 14 0
2
42 90 
2
2173 16 16 0
2172 20 10 0
2
42 91 
2
2174 16 16 0
2173 28 8 0
2
42 92 
2
2175 16 16 0
2174 32 12 0
2
42 93 
2
2176 16 16 0
2175 20 2 0
2
42 94 
2
2177 16 16 0
2176 8 6 0
2
42 95 
2
2178 16 16 0
2177 6 12 0
2
42 96 
2
2179 16 16 0
2178 16 4 0
2
42 97 
2
2180 16 16 0
2179 12 14 0
2
20 40 
2
2158 14 16 0
2159 10 16 0
2
21 41 
2
2080 20 14 0
2081 20 12 0
2
18 38 
2
2109 4 18 0
2110 4 16 0
2
19 39 
2
2067 20 8 0
2068 22 8 0
2
16 36 
2
2062 4 24 0
2063 4 22 0
2
17 37 
2
2020 26 4 0
2021 24 4 0
2
34 36 
2
2063 2 24 0
2064 4 22 0
2
35 37 
2
2021 28 2 0
2022 24 4 0
2
38 38 
1
2111 4 16 0
2
36 38 
2
2111 4 22 0
2112 4 16 0
2
38 38 
1
2113 4 16 0
2
16 38 
2
2113 4 24 0
2114 4 16 0
2
38 38 
1
2115 4 16 0
2
36 38 
2
2115 4 22 0
2116 4 16 0
2
38 38 
1
2117 4 16 0
2
39 39 
1
2069 22 8 0
2
37 39 
2
2069 24 4 0
2070 22 8 0
2
39 39 
1
2071 22 8 0
2
17 39 
2
2071 26 4 0
2072 22 8 0
2
39 39 
1
2073 22 8 0
2
37 39 
2
2073 24 4 0
2074 22 8 0
2
39 39 
1
2075 22 8 0
2
40 40 
1
2160 10 16 0
2
38 40 
2
2160 4 16 0
2161 10 16 0
2
40 40 
1
2162 10 16 0
2
18 40 
2
2162 4 18 0
2163 10 16 0
2
40 40 
1
2164 10 16 0
2
38 40 
2
2164 4 16 0
2165 10 16 0
2
40 40 
1
2166 10 16 0
2
41 41 
1
2082 20 12 0
2
39 41 
2
2082 22 8 0
2083 20 12 0
2
41 41 
1
2084 20 12 0
2
19 41 
2
2084 20 8 0
2085 20 12 0
2
41 41 
1
2086 20 12 0
2
39 41 
2
2086 22 8 0
2087 20 12 0
2
41 41 
1
2088 20 12 0
2
42 42 
1
2181 16 16 0
2
40 42 
2
2181 10 16 0
2182 16 16 0
2
42 42 
1
2183 16 16 0
2
20 42 
2
2183 14 16 0
2184 16 16 0
2
42 42 
1
2185 16 16 0
2
40 42 
2
2185 10 16 0
2186 16 16 0
2
42 42 
1
2187 16 16 0
2
43 43 
1
2085 18 14 0
2
41 43 
2
2089 20 12 0
2088 18 14 0
2
43 43 
1
2089 18 14 0
2
21 43 
2
2089 20 14 0
2090 18 14 0
2
43 43 
1
2091 18 14 0
2
41 43 
2
2091 20 12 0
2092 18 14 0
2
43 43 
1
2093 18 14 0
2
42 94 
2
2188 16 16 0
2187 8 6 0
2
43 82 
2
2094 18 14 0
2093 28 22 0
2
42 95 
2
2189 16 16 0
2188 6 12 0
2
43 83 
2
2095 18 14 0
2094 10 4 0
2
42 96 
2
2190 16 16 0
2189 16 4 0
2
43 84 
2
2096 18 14 0
2095 28 24 0
2
40 42 
2
2190 10 16 0
2191 16 16 0
2
41 43 
2
2096 20 12 0
2097 18 14 0
2
42 94 
2
2192 16 16 0
2191 8 6 0
2
43 82 
2
2098 18 14 0
2097 28 22 0
2
42 95 
2
2193 16 16 0
2192 6 12 0
2
43 83 
2
2099 18 14 0
2098 10 4 0
2
42 96 
2
2194 16 16 0
2193 16 4 0
2
43 84 
2
2100 18 14 0
2099 28 24 0
2
20 40 
2
2190 14 16 0
2191 10 16 0
2
21 41 
2
2096 20 14 0
2097 20 12 0
2
38 40 
2
2191 4 16 0
2192 10 16 0
2
39 41 
2
2097 22 8 0
2098 20 12 0
2
42 42 
1
2195 16 16 0
2
40 42 
2
2195 10 16 0
2196 16 16 0
2
42 42 
1
2197 16 16 0
2
20 42 
2
2197 14 16 0
2198 16 16 0
2
42 42 
1
2199 16 16 0
2
40 42 
2
2199 10 16 0
2200 16 16 0
2
42 42 
1
2201 16 16 0
2
43 43 
1
2101 18 14 0
2
41 43 
2
2101 20 12 0
2102 18 14 0
2
43 43 
1
2103 18 14 0
2
21 43 
2
2103 20 14 0
2104 18 14 0
2
43 43 
1
2105 18 14 0
2
41 43 
2
2105 20 12 0
2106 18 14 0
2
43 43 
1
2107 18 14 0
2
42 95 
2
2202 16 16 0
2201 6 12 0
2
43 81 
2
2108 18 14 0
2107 6 6 0
2
42 96 
2
2203 16 16 0
2202 16 4 0
2
43 82 
2
2109 18 14 0
2108 28 22 0
2
42 97 
2
2204 16 16 0
2203 12 14 0
2
43 83 
2
2110 18 14 0
2109 10 4 0
2
43 84 
2
2111 18 14 0
2110 28 24 0
2
43 85 
2
2112 18 14 0
2111 30 20 0
2
43 88 
2
2113 18 14 0
2112 12 4 0
2
43 110 
2
2114 18 14 0
2113 6 20 0
2
43 127 
2
2115 18 14 0
2114 12 18 0
2
43 132 
2
2116 18 14 0
2115 8 16 0
2
43 133 
2
2117 18 14 0
2116 10 12 0
2
43 134 
2
2118 18 14 0
2117 16 30 0
2
43 135 
2
2119 18 14 0
2118 10 26 0
2
43 136 
2
2120 18 14 0
2119 16 26 0
2
43 137 
2
2121 18 14 0
2120 16 28 0
2
43 138 
2
2122 18 14 0
2121 10 20 0
2
43 139 
2
2123 18 14 0
2122 12 26 0
2
43 140 
2
2124 18 14 0
2123 14 18 0
2
43 141 
2
2125 18 14 0
2124 14 20 0
2
43 142 
2
2126 18 14 0
2125 8 12 0
2
43 143 
2
2127 18 14 0
2126 22 24 0
2
43 144 
2
2128 18 14 0
2127 24 18 0
2
40 42 
2
2204 10 16 0
2205 16 16 0
2
41 43 
2
2128 20 12 0
2129 18 14 0
2
42 95 
2
2206 16 16 0
2205 6 12 0
2
43 81 
2
2130 18 14 0
2129 6 6 0
2
42 96 
2
2207 16 16 0
2206 16 4 0
2
43 82 
2
2131 18 14 0
2130 28 22 0
2
42 97 
2
2208 16 16 0
2207 12 14 0
2
43 83 
2
2132 18 14 0
2131 10 4 0
2
43 84 
2
2133 18 14 0
2132 28 24 0
2
43 85 
2
2134 18 14 0
2133 30 20 0
2
43 88 
2
2135 18 14 0
2134 12 4 0
2
43 110 
2
2136 18 14 0
2135 6 20 0
2
43 127 
2
2137 18 14 0
2136 12 18 0
2
43 132 
2
2138 18 14 0
2137 8 16 0
2
43 133 
2
2139 18 14 0
2138 10 12 0
2
43 134 
2
2140 18 14 0
2139 16 30 0
2
43 135 
2
2141 18 14 0
2140 10 26 0
2
43 136 
2
2142 18 14 0
2141 16 26 0
2
43 137 
2
2143 18 14 0
2142 16 28 0
2
43 138 
2
2144 18 14 0
2143 10 20 0
2
43 139 
2
2145 18 14 0
2144 12 26 0
2
43 140 
2
2146 18 14 0
2145 14 18 0
2
43 141 
2
2147 18 14 0
2146 14 20 0
2
43 142 
2
2148 18 14 0
2147 8 12 0
2
43 143 
2
2149 18 14 0
2148 22 24 0
2
43 144 
2
2150 18 14 0
2149 24 18 0
2
20 40 
2
2204 14 16 0
2205 10 16 0
2
21 41 
2
2128 20 14 0
2129 20 12 0
2
18 38 
2
2191 4 18 0
2192 4 16 0
2
19 39 
2
2097 20 8 0
2098 22 8 0
2
36 38 
2
2192 4 22 0
2193 4 16 0
2
37 39 
2
2098 24 4 0
2099 22 8 0
2
40 40 
1
2206 10 16 0
2
38 40 
2
2206 4 16 0
2207 10 16 0
2
40 40 
1
2208 10 16 0
2
18 40 
2
2208 4 18 0
2209 10 16 0
2
40 40 
1
2210 10 16 0
2
38 40 
2
2210 4 16 0
2211 10 16 0
2
40 40 
1
2212 10 16 0
2
41 41 
1
2130 20 12 0
2
39 41 
2
2130 22 8 0
2131 20 12 0
2
41 41 
1
2132 20 12 0
2
19 41 
2
2132 20 8 0
2133 20 12 0
2
41 41 
1
2134 20 12 0
2
39 41 
2
2134 22 8 0
2135 20 12 0
2
41 41 
1
2136 20 12 0
2
42 42 
1
2209 16 16 0
2
40 42 
2
2213 10 16 0
2212 16 16 0
2
42 42 
1
2213 16 16 0
2
20 42 
2
2213 14 16 0
2214 16 16 0
2
42 42 
1
2215 16 16 0
2
40 42 
2
2215 10 16 0
2216 16 16 0
2
42 42 
1
2217 16 16 0
2
43 43 
1
2151 18 14 0
2
41 43 
2
2151 20 12 0
2152 18 14 0
2
43 43 
1
2153 18 14 0
2
21 43 
2
2153 20 14 0
2154 18 14 0
2
43 43 
1
2155 18 14 0
2
41 43 
2
2155 20 12 0
2156 18 14 0
2
43 43 
1
2157 18 14 0
2
42 94 
2
2218 16 16 0
2217 8 6 0
2
43 82 
2
2158 18 14 0
2157 28 22 0
2
42 95 
2
2219 16 16 0
2218 6 12 0
2
43 83 
2
2159 18 14 0
2158 10 4 0
2
42 96 
2
2220 16 16 0
2219 16 4 0
2
43 84 
2
2160 18 14 0
2159 28 24 0
2
42 97 
2
2221 16 16 0
2220 12 14 0
2
43 85 
2
2161 18 14 0
2160 30 20 0
2
42 98 
2
2222 16 16 0
2221 22 16 0
2
43 88 
2
2162 18 14 0
2161 12 4 0
2
42 99 
2
2223 16 16 0
2222 18 24 0
2
43 110 
2
2163 18 14 0
2162 6 20 0
2
42 100 
2
2224 16 16 0
2223 12 10 0
2
43 127 
2
2164 18 14 0
2163 12 18 0
2
42 101 
2
2225 16 16 0
2224 18 18 0
2
43 132 
2
2165 18 14 0
2164 8 16 0
2
42 102 
2
2226 16 16 0
2225 14 8 0
2
43 133 
2
2166 18 14 0
2165 10 12 0
2
42 103 
2
2227 16 16 0
2226 14 6 0
2
43 134 
2
2167 18 14 0
2166 16 30 0
2
42 104 
2
2228 16 16 0
2227 22 26 0
2
43 135 
2
2168 18 14 0
2167 10 26 0
2
42 105 
2
2229 16 16 0
2228 20 16 0
2
43 136 
2
2169 18 14 0
2168 16 26 0
2
42 106 
2
2230 16 16 0
2229 24 20 0
2
43 137 
2
2170 18 14 0
2169 16 28 0
2
42 107 
2
2231 16 16 0
2230 30 16 0
2
43 138 
2
2171 18 14 0
2170 10 20 0
2
42 108 
2
2232 16 16 0
2231 28 10 0
2
43 139 
2
2172 18 14 0
2171 12 26 0
2
42 109 
2
2233 16 16 0
2232 26 10 0
2
43 140 
2
2173 18 14 0
2172 14 18 0
2
42 111 
2
2234 16 16 0
2233 18 6 0
2
43 141 
2
2174 18 14 0
2173 14 20 0
2
42 112 
2
2235 16 16 0
2234 30 14 0
2
43 142 
2
2175 18 14 0
2174 8 12 0
2
42 113 
2
2236 16 16 0
2235 22 4 0
2
43 143 
2
2176 18 14 0
2175 22 24 0
2
42 114 
2
2237 16 16 0
2236 30 10 0
2
43 144 
2
2177 18 14 0
2176 24 18 0
2
42 115 
2
2238 16 16 0
2237 2 10 0
2
43 145 
2
2178 18 14 0
2177 22 10 0
2
40 42 
2
2238 10 16 0
2239 16 16 0
2
41 43 
2
2178 20 12 0
2179 18 14 0
2
42 94 
2
2240 16 16 0
2239 8 6 0
2
43 82 
2
2180 18 14 0
2179 28 22 0
2
42 95 
2
2241 16 16 0
2240 6 12 0
2
43 83 
2
2181 18 14 0
2180 10 4 0
2
42 96 
2
2242 16 16 0
2241 16 4 0
2
43 84 
2
2182 18 14 0
2181 28 24 0
2
42 97 
2
2243 16 16 0
2242 12 14 0
2
43 85 
2
2183 18 14 0
2182 30 20 0
2
42 98 
2
2244 16 16 0
2243 22 16 0
2
43 88 
2
2184 18 14 0
2183 12 4 0
2
42 99 
2
2245 16 16 0
2244 18 24 0
2
43 110 
2
2185 18 14 0
2184 6 20 0
2
42 100 
2
2246 16 16 0
2245 12 10 0
2
43 127 
2
2186 18 14 0
2185 12 18 0
2
42 101 
2
2247 16 16 0
2246 18 18 0
2
43 132 
2
2187 18 14 0
2186 8 16 0
2
42 102 
2
2248 16 16 0
2247 14 8 0
2
43 133 
2
2188 18 14 0
2187 10 12 0
2
42 103 
2
2249 16 16 0
2248 14 6 0
2
43 134 
2
2189 18 14 0
2188 16 30 0
2
42 104 
2
2250 16 16 0
2249 22 26 0
2
43 135 
2
2190 18 14 0
2189 10 26 0
2
42 105 
2
2251 16 16 0
2250 20 16 0
2
43 136 
2
2191 18 14 0
2190 16 26 0
2
42 106 
2
2252 16 16 0
2251 24 20 0
2
43 137 
2
2192 18 14 0
2191 16 28 0
2
42 107 
2
2253 16 16 0
2252 30 16 0
2
43 138 
2
2193 18 14 0
2192 10 20 0
2
42 108 
2
2254 16 16 0
2253 28 10 0
2
43 139 
2
2194 18 14 0
2193 12 26 0
2
42 109 
2
2255 16 16 0
2254 26 10 0
2
43 140 
2
2195 18 14 0
2194 14 18 0
2
42 111 
2
2256 16 16 0
2255 18 6 0
2
43 141 
2
2196 18 14 0
2195 14 20 0
2
42 112 
2
2257 16 16 0
2256 30 14 0
2
43 142 
2
2197 18 14 0
2196 8 12 0
2
42 113 
2
2258 16 16 0
2257 22 4 0
2
43 143 
2
2198 18 14 0
2197 22 24 0
2
42 114 
2
2259 16 16 0
2258 30 10 0
2
43 144 
2
2199 18 14 0
2198 24 18 0
2
42 115 
2
2260 16 16 0
2259 2 10 0
2
43 145 
2
2200 18 14 0
2199 22 10 0
2
20 40 
2
2238 14 16 0
2239 10 16 0
2
21 41 
2
2178 20 14 0
2179 20 12 0
2
38 40 
2
2239 4 16 0
2240 10 16 0
2
39 41 
2
2179 22 8 0
2180 20 12 0
2
42 42 
1
2261 16 16 0
2
40 42 
2
2261 10 16 0
2262 16 16 0
2
42 42 
1
2263 16 16 0
2
20 42 
2
2263 14 16 0
2264 16 16 0
2
42 42 
1
2265 16 16 0
2
40 42 
2
2265 10 16 0
2266 16 16 0
2
42 42 
1
2267 16 16 0
2
43 43 
1
2201 18 14 0
2
41 43 
2
2201 20 12 0
2202 18 14 0
2
43 43 
1
2203 18 14 0
2
21 43 
2
2203 20 14 0
2204 18 14 0
2
43 43 
1
2205 18 14 0
2
41 43 
2
2205 20 12 0
2206 18 14 0
2
43 43 
1
2207 18 14 0
2
42 95 
2
2268 16 16 0
2267 6 12 0
2
43 144 
2
2208 18 14 0
2207 24 18 0
2
42 96 
2
2269 16 16 0
2268 16 4 0
2
43 145 
2
2209 18 14 0
2208 22 10 0
2
42 97 
2
2270 16 16 0
2269 12 14 0
2
43 146 
2
2210 18 14 0
2209 30 12 0
2
42 98 
2
2271 16 16 0
2270 22 16 0
2
42 99 
2
2272 16 16 0
2271 18 24 0
2
42 100 
2
2273 16 16 0
2272 12 10 0
2
42 101 
2
2274 16 16 0
2273 18 18 0
2
42 102 
2
2275 16 16 0
2274 14 8 0
2
42 103 
2
2276 16 16 0
2275 14 6 0
2
42 104 
2
2277 16 16 0
2276 22 26 0
2
42 105 
2
2278 16 16 0
2277 20 16 0
2
42 106 
2
2279 16 16 0
2278 24 20 0
2
42 107 
2
2280 16 16 0
2279 30 16 0
2
42 108 
2
2281 16 16 0
2280 28 10 0
2
42 109 
2
2282 16 16 0
2281 26 10 0
2
42 111 
2
2283 16 16 0
2282 18 6 0
2
42 112 
2
2284 16 16 0
2283 30 14 0
2
42 113 
2
2285 16 16 0
2284 22 4 0
2
42 114 
2
2286 16 16 0
2285 30 10 0
2
42 115 
2
2287 16 16 0
2286 2 10 0
2
42 116 
2
2288 16 16 0
2287 8 8 0
2
40 42 
2
2288 10 16 0
2289 16 16 0
2
41 43 
2
2210 20 12 0
2211 18 14 0
2
42 95 
2
2290 16 16 0
2289 6 12 0
2
43 144 
2
2212 18 14 0
2211 24 18 0
2
42 96 
2
2291 16 16 0
2290 16 4 0
2
43 145 
2
2213 18 14 0
2212 22 10 0
2
42 97 
2
2292 16 16 0
2291 12 14 0
2
43 146 
2
2214 18 14 0
2213 30 12 0
2
42 98 
2
2293 16 16 0
2292 22 16 0
2
42 99 
2
2294 16 16 0
2293 18 24 0
2
42 100 
2
2295 16 16 0
2294 12 10 0
2
42 101 
2
2296 16 16 0
2295 18 18 0
2
42 102 
2
2297 16 16 0
2296 14 8 0
2
42 103 
2
2298 16 16 0
2297 14 6 0
2
42 104 
2
2299 16 16 0
2298 22 26 0
2
42 105 
2
2300 16 16 0
2299 20 16 0
2
42 106 
2
2301 16 16 0
2300 24 20 0
2
42 107 
2
2302 16 16 0
2301 30 16 0
2
42 108 
2
2303 16 16 0
2302 28 10 0
2
42 109 
2
2304 16 16 0
2303 26 10 0
2
42 111 
2
2305 16 16 0
2304 18 6 0
2
42 112 
2
2306 16 16 0
2305 30 14 0
2
42 113 
2
2307 16 16 0
2306 22 4 0
2
42 114 
2
2308 16 16 0
2307 30 10 0
2
42 115 
2
2309 16 16 0
2308 2 10 0
2
42 116 
2
2310 16 16 0
2309 8 8 0
2
20 40 
2
2288 14 16 0
2289 10 16 0
2
21 41 
2
2210 20 14 0
2211 20 12 0
2
18 38 
2
2239 4 18 0
2240 4 16 0
2
19 39 
2
2179 20 8 0
2180 22 8 0
2
16 36 
2
2192 4 24 0
2193 4 22 0
2
17 37 
2
2098 26 4 0
2099 24 4 0
2
14 34 
2
2063 4 26 0
2064 2 24 0
2
15 35 
2
2021 26 2 0
2022 28 2 0
2
12 32 
2
1760 2 26 0
1761 2 28 0
2
13 33 
2
1762 30 2 0
1763 32 2 0
2
10 30 
2
1178 6 28 0
1179 4 28 0
2
11 31 
2
1201 32 4 0
1202 32 6 0
2
8 28 
2
60 6 30 0
61 4 30 0
2
9 29 
2
60 32 24 0
61 32 26 0
2
26 28 
2
61 2 30 0
62 4 30 0
2
27 29 
2
61 32 28 0
62 32 26 0
2
30 30 
1
1180 4 28 0
2
28 30 
2
1180 4 30 0
1181 4 28 0
2
30 30 
1
1182 4 28 0
2
8 30 
2
1182 6 30 0
1183 4 28 0
2
30 30 
1
1184 4 28 0
2
28 30 
2
1184 4 30 0
1185 4 28 0
2
30 30 
1
1186 4 28 0
2
31 31 
1
1203 32 6 0
2
29 31 
2
1203 32 26 0
1204 32 6 0
2
31 31 
1
1205 32 6 0
2
9 31 
2
1205 32 24 0
1206 32 6 0
2
31 31 
1
1207 32 6 0
2
29 31 
2
1207 32 26 0
1208 32 6 0
2
31 31 
1
1209 32 6 0
2
32 32 
1
1762 2 28 0
2
30 32 
2
1762 4 28 0
1763 2 28 0
2
32 32 
1
1764 2 28 0
2
10 32 
2
1764 6 28 0
1765 2 28 0
2
32 32 
1
1766 2 28 0
2
30 32 
2
1766 4 28 0
1767 2 28 0
2
32 32 
1
1768 2 28 0
2
33 33 
1
1764 32 2 0
2
31 33 
2
1764 32 6 0
1765 32 2 0
2
33 33 
1
1766 32 2 0
2
11 33 
2
1766 32 4 0
1767 32 2 0
2
33 33 
1
1768 32 2 0
2
31 33 
2
1768 32 6 0
1769 32 2 0
2
33 33 
1
1770 32 2 0
2
34 34 
1
2065 2 24 0
2
32 34 
2
2065 2 28 0
2066 2 24 0
2
34 34 
1
2067 2 24 0
2
12 34 
2
2067 2 26 0
2068 2 24 0
2
34 34 
1
2069 2 24 0
2
32 34 
2
2069 2 28 0
2070 2 24 0
2
34 34 
1
2071 2 24 0
2
35 35 
1
2023 28 2 0
2
33 35 
2
2023 32 2 0
2024 28 2 0
2
35 35 
1
2025 28 2 0
2
13 35 
2
2025 30 2 0
2026 28 2 0
2
35 35 
1
2027 28 2 0
2
33 35 
2
2027 32 2 0
2028 28 2 0
2
35 35 
1
2029 28 2 0
2
36 36 
1
2194 4 22 0
2
34 36 
2
2194 2 24 0
2195 4 22 0
2
36 36 
1
2196 4 22 0
2
14 36 
2
2196 4 26 0
2197 4 22 0
2
36 36 
1
2198 4 22 0
2
34 36 
2
2198 2 24 0
2199 4 22 0
2
36 36 
1
2200 4 22 0
2
37 37 
1
2100 24 4 0
2
35 37 
2
2100 28 2 0
2101 24 4 0
2
37 37 
1
2102 24 4 0
2
15 37 
2
2102 26 2 0
2103 24 4 0
2
37 37 
1
2104 24 4 0
2
35 37 
2
2104 28 2 0
2105 24 4 0
2
37 37 
1
2106 24 4 0
2
38 38 
1
2241 4 16 0
2
36 38 
2
2241 4 22 0
2242 4 16 0
2
38 38 
1
2243 4 16 0
2
16 38 
2
2243 4 24 0
2244 4 16 0
2
38 38 
1
2245 4 16 0
2
36 38 
2
2245 4 22 0
2246 4 16 0
2
38 38 
1
2247 4 16 0
2
39 39 
1
2181 22 8 0
2
37 39 
2
2181 24 4 0
2182 22 8 0
2
39 39 
1
2183 22 8 0
2
17 39 
2
2183 26 4 0
2184 22 8 0
2
39 39 
1
2185 22 8 0
2
37 39 
2
2185 24 4 0
2186 22 8 0
2
39 39 
1
2187 22 8 0
2
40 40 
1
2290 10 16 0
2
38 40 
2
2290 4 16 0
2291 10 16 0
2
40 40 
1
2292 10 16 0
2
18 40 
2
2292 4 18 0
2293 10 16 0
2
40 40 
1
2294 10 16 0
2
38 40 
2
2294 4 16 0
2295 10 16 0
2
40 40 
1
2296 10 16 0
2
41 41 
1
2212 20 12 0
2
39 41 
2
2212 22 8 0
2213 20 12 0
2
41 41 
1
2214 20 12 0
2
19 41 
2
2214 20 8 0
2215 20 12 0
2
41 41 
1
2216 20 12 0
2
39 41 
2
2216 22 8 0
2217 20 12 0
2
41 41 
1
2218 20 12 0
2
42 42 
1
2311 16 16 0
2
40 42 
2
2311 10 16 0
2312 16 16 0
2
42 42 
1
2313 16 16 0
2
20 42 
2
2313 14 16 0
2314 16 16 0
2
42 42 
1
2315 16 16 0
2
40 42 
2
2315 10 16 0
2316 16 16 0
2
42 42 
1
2317 16 16 0
2
43 43 
1
2215 18 14 0
2
41 43 
2
2219 20 12 0
2218 18 14 0
2
43 43 
1
2219 18 14 0
2
21 43 
2
2219 20 14 0
2220 18 14 0
2
43 43 
1
2221 18 14 0
2
41 43 
2
2221 20 12 0
2222 18 14 0
2
43 43 
1
2223 18 14 0
2
42 94 
2
2318 16 16 0
2317 8 6 0
2
43 145 
2
2224 18 14 0
2223 22 10 0
2
42 95 
2
2319 16 16 0
2318 6 12 0
2
43 146 
2
2225 18 14 0
2224 30 12 0
2
42 96 
2
2320 16 16 0
2319 16 4 0
2
43 147 
2
2226 18 14 0
2225 4 8 0
2
42 97 
2
2321 16 16 0
2320 12 14 0
2
42 98 
2
2322 16 16 0
2321 22 16 0
2
42 99 
2
2323 16 16 0
2322 18 24 0
2
42 100 
2
2324 16 16 0
2323 12 10 0
2
42 101 
2
2325 16 16 0
2324 18 18 0
2
42 102 
2
2326 16 16 0
2325 14 8 0
2
42 103 
2
2327 16 16 0
2326 14 6 0
2
42 104 
2
2328 16 16 0
2327 22 26 0
2
42 105 
2
2329 16 16 0
2328 20 16 0
2
42 106 
2
2330 16 16 0
2329 24 20 0
2
42 107 
2
2331 16 16 0
2330 30 16 0
2
42 108 
2
2332 16 16 0
2331 28 10 0
2
42 109 
2
2333 16 16 0
2332 26 10 0
2
42 111 
2
2334 16 16 0
2333 18 6 0
2
42 112 
2
2335 16 16 0
2334 30 14 0
2
42 113 
2
2336 16 16 0
2335 22 4 0
2
40 42 
2
2336 10 16 0
2337 16 16 0
2
41 43 
2
2226 20 12 0
2227 18 14 0
2
42 94 
2
2338 16 16 0
2337 8 6 0
2
43 145 
2
2228 18 14 0
2227 22 10 0
2
42 95 
2
2339 16 16 0
2338 6 12 0
2
43 146 
2
2229 18 14 0
2228 30 12 0
2
42 96 
2
2340 16 16 0
2339 16 4 0
2
43 147 
2
2230 18 14 0
2229 4 8 0
2
42 97 
2
2341 16 16 0
2340 12 14 0
2
42 98 
2
2342 16 16 0
2341 22 16 0
2
42 99 
2
2343 16 16 0
2342 18 24 0
2
42 100 
2
2344 16 16 0
2343 12 10 0
2
42 101 
2
2345 16 16 0
2344 18 18 0
2
42 102 
2
2346 16 16 0
2345 14 8 0
2
42 103 
2
2347 16 16 0
2346 14 6 0
2
42 104 
2
2348 16 16 0
2347 22 26 0
2
42 105 
2
2349 16 16 0
2348 20 16 0
2
42 106 
2
2350 16 16 0
2349 24 20 0
2
42 107 
2
2351 16 16 0
2350 30 16 0
2
42 108 
2
2352 16 16 0
2351 28 10 0
2
42 109 
2
2353 16 16 0
2352 26 10 0
2
42 111 
2
2354 16 16 0
2353 18 6 0
2
42 112 
2
2355 16 16 0
2354 30 14 0
2
42 113 
2
2356 16 16 0
2355 22 4 0
2
20 40 
2
2336 14 16 0
2337 10 16 0
2
21 41 
2
2226 20 14 0
2227 20 12 0
2
38 40 
2
2337 4 16 0
2338 10 16 0
2
39 41 
2
2227 22 8 0
2228 20 12 0
2
42 42 
1
2357 16 16 0
2
40 42 
2
2357 10 16 0
2358 16 16 0
2
42 42 
1
2359 16 16 0
2
20 42 
2
2359 14 16 0
2360 16 16 0
2
42 42 
1
2361 16 16 0
2
40 42 
2
2361 10 16 0
2362 16 16 0
2
42 42 
1
2363 16 16 0
2
43 43 
1
2231 18 14 0
2
41 43 
2
2231 20 12 0
2232 18 14 0
2
43 43 
1
2233 18 14 0
2
21 43 
2
2233 20 14 0
2234 18 14 0
2
43 43 
1
2235 18 14 0
2
41 43 
2
2235 20 12 0
2236 18 14 0
2
43 43 
1
2237 18 14 0
2
42 95 
2
2364 16 16 0
2363 6 12 0
2
43 144 
2
2238 18 14 0
2237 24 18 0
2
42 96 
2
2365 16 16 0
2364 16 4 0
2
43 145 
2
2239 18 14 0
2238 22 10 0
2
42 97 
2
2366 16 16 0
2365 12 14 0
2
43 146 
2
2240 18 14 0
2239 30 12 0
2
42 98 
2
2367 16 16 0
2366 22 16 0
2
43 147 
2
2241 18 14 0
2240 4 8 0
2
42 99 
2
2368 16 16 0
2367 18 24 0
2
43 148 
2
2242 18 14 0
2241 12 30 0
2
42 100 
2
2369 16 16 0
2368 12 10 0
2
43 165 
2
2243 18 14 0
2242 4 20 0
2
42 101 
2
2370 16 16 0
2369 18 18 0
2
43 187 
2
2244 18 14 0
2243 12 28 0
2
42 102 
2
2371 16 16 0
2370 14 8 0
2
43 190 
2
2245 18 14 0
2244 26 16 0
2
42 103 
2
2372 16 16 0
2371 14 6 0
2
43 192 
2
2246 18 14 0
2245 18 26 0
2
42 104 
2
2373 16 16 0
2372 22 26 0
2
43 193 
2
2247 18 14 0
2246 6 16 0
2
42 105 
2
2374 16 16 0
2373 20 16 0
2
43 194 
2
2248 18 14 0
2247 14 22 0
2
42 106 
2
2375 16 16 0
2374 24 20 0
2
43 195 
2
2249 18 14 0
2248 10 22 0
2
42 107 
2
2376 16 16 0
2375 30 16 0
2
43 196 
2
2250 18 14 0
2249 8 18 0
2
42 108 
2
2377 16 16 0
2376 28 10 0
2
43 197 
2
2251 18 14 0
2250 16 22 0
2
42 109 
2
2378 16 16 0
2377 26 10 0
2
43 198 
2
2252 18 14 0
2251 16 18 0
2
42 111 
2
2379 16 16 0
2378 18 6 0
2
43 199 
2
2253 18 14 0
2252 14 28 0
2
42 112 
2
2380 16 16 0
2379 30 14 0
2
43 200 
2
2254 18 14 0
2253 10 18 0
2
42 113 
2
2381 16 16 0
2380 22 4 0
2
43 201 
2
2255 18 14 0
2254 18 20 0
2
42 114 
2
2382 16 16 0
2381 30 10 0
2
43 202 
2
2256 18 14 0
2255 14 14 0
2
43 203 
2
2257 18 14 0
2256 2 14 0
2
43 204 
2
2258 18 14 0
2257 20 20 0
2
40 42 
2
2382 10 16 0
2383 16 16 0
2
41 43 
2
2258 20 12 0
2259 18 14 0
2
42 95 
2
2384 16 16 0
2383 6 12 0
2
43 144 
2
2260 18 14 0
2259 24 18 0
2
42 96 
2
2385 16 16 0
2384 16 4 0
2
43 145 
2
2261 18 14 0
2260 22 10 0
2
42 97 
2
2386 16 16 0
2385 12 14 0
2
43 146 
2
2262 18 14 0
2261 30 12 0
2
42 98 
2
2387 16 16 0
2386 22 16 0
2
43 147 
2
2263 18 14 0
2262 4 8 0
2
42 99 
2
2388 16 16 0
2387 18 24 0
2
43 148 
2
2264 18 14 0
2263 12 30 0
2
42 100 
2
2389 16 16 0
2388 12 10 0
2
43 165 
2
2265 18 14 0
2264 4 20 0
2
42 101 
2
2390 16 16 0
2389 18 18 0
2
43 187 
2
2266 18 14 0
2265 12 28 0
2
42 102 
2
2391 16 16 0
2390 14 8 0
2
43 190 
2
2267 18 14 0
2266 26 16 0
2
42 103 
2
2392 16 16 0
2391 14 6 0
2
43 192 
2
2268 18 14 0
2267 18 26 0
2
42 104 
2
2393 16 16 0
2392 22 26 0
2
43 193 
2
2269 18 14 0
2268 6 16 0
2
42 105 
2
2394 16 16 0
2393 20 16 0
2
43 194 
2
2270 18 14 0
2269 14 22 0
2
42 106 
2
2395 16 16 0
2394 24 20 0
2
43 195 
2
2271 18 14 0
2270 10 22 0
2
42 107 
2
2396 16 16 0
2395 30 16 0
2
43 196 
2
2272 18 14 0
2271 8 18 0
2
42 108 
2
2397 16 16 0
2396 28 10 0
2
43 197 
2
2273 18 14 0
2272 16 22 0
2
42 109 
2
2398 16 16 0
2397 26 10 0
2
43 198 
2
2274 18 14 0
2273 16 18 0
2
42 111 
2
2399 16 16 0
2398 18 6 0
2
43 199 
2
2275 18 14 0
2274 14 28 0
2
42 112 
2
2400 16 16 0
2399 30 14 0
2
43 200 
2
2276 18 14 0
2275 10 18 0
2
42 113 
2
2401 16 16 0
2400 22 4 0
2
43 201 
2
2277 18 14 0
2276 18 20 0
2
42 114 
2
2402 16 16 0
2401 30 10 0
2
43 202 
2
2278 18 14 0
2277 14 14 0
2
43 203 
2
2279 18 14 0
2278 2 14 0
2
43 204 
2
2280 18 14 0
2279 20 20 0
2
20 40 
2
2382 14 16 0
2383 10 16 0
2
21 41 
2
2258 20 14 0
2259 20 12 0
2
18 38 
2
2337 4 18 0
2338 4 16 0
2
19 39 
2
2227 20 8 0
2228 22 8 0
2
36 38 
2
2338 4 22 0
2339 4 16 0
2
37 39 
2
2228 24 4 0
2229 22 8 0
2
40 40 
1
2384 10 16 0
2
38 40 
2
2384 4 16 0
2385 10 16 0
2
40 40 
1
2386 10 16 0
2
18 40 
2
2386 4 18 0
2387 10 16 0
2
40 40 
1
2388 10 16 0
2
38 40 
2
2388 4 16 0
2389 10 16 0
2
40 40 
1
2390 10 16 0
2
41 41 
1
2260 20 12 0
2
39 41 
2
2260 22 8 0
2261 20 12 0
2
41 41 
1
2262 20 12 0
2
19 41 
2
2262 20 8 0
2263 20 12 0
2
41 41 
1
2264 20 12 0
2
39 41 
2
2264 22 8 0
2265 20 12 0
2
41 41 
1
2266 20 12 0
2
42 42 
1
2403 16 16 0
2
40 42 
2
2403 10 16 0
2404 16 16 0
2
42 42 
1
2405 16 16 0
2
20 42 
2
2405 14 16 0
2406 16 16 0
2
42 42 
1
2407 16 16 0
2
40 42 
2
2407 10 16 0
2408 16 16 0
2
42 42 
1
2409 16 16 0
2
43 43 
1
2281 18 14 0
2
41 43 
2
2281 20 12 0
2282 18 14 0
2
43 43 
1
2283 18 14 0
2
21 43 
2
2283 20 14 0
2284 18 14 0
2
43 43 
1
2285 18 14 0
2
41 43 
2
2285 20 12 0
2286 18 14 0
2
43 43 
1
2287 18 14 0
2
42 96 
2
2410 16 16 0
2409 16 4 0
2
43 145 
2
2288 18 14 0
2287 22 10 0
2
42 97 
2
2411 16 16 0
2410 12 14 0
2
43 146 
2
2289 18 14 0
2288 30 12 0
2
42 98 
2
2412 16 16 0
2411 22 16 0
2
43 147 
2
2290 18 14 0
2289 4 8 0
2
43 148 
2
2291 18 14 0
2290 12 30 0
2
43 165 
2
2292 18 14 0
2291 4 20 0
2
43 187 
2
2293 18 14 0
2292 12 28 0
2
43 190 
2
2294 18 14 0
2293 26 16 0
2
43 192 
2
2295 18 14 0
2294 18 26 0
2
43 193 
2
2296 18 14 0
2295 6 16 0
2
43 194 
2
2297 18 14 0
2296 14 22 0
2
43 195 
2
2298 18 14 0
2297 10 22 0
2
43 196 
2
2299 18 14 0
2298 8 18 0
2
43 197 
2
2300 18 14 0
2299 16 22 0
2
43 198 
2
2301 18 14 0
2300 16 18 0
2
43 199 
2
2302 18 14 0
2301 14 28 0
2
43 200 
2
2303 18 14 0
2302 10 18 0
2
43 201 
2
2304 18 14 0
2303 18 20 0
2
43 202 
2
2305 18 14 0
2304 14 14 0
2
43 203 
2
2306 18 14 0
2305 2 14 0
2
43 204 
2
2307 18 14 0
2306 20 20 0
2
43 205 
2
2308 18 14 0
2307 18 10 0
2
40 42 
2
2412 10 16 0
2413 16 16 0
2
41 43 
2
2308 20 12 0
2309 18 14 0
2
42 96 
2
2414 16 16 0
2413 16 4 0
2
43 145 
2
2310 18 14 0
2309 22 10 0
2
42 97 
2
2415 16 16 0
2414 12 14 0
2
43 146 
2
2311 18 14 0
2310 30 12 0
2
42 98 
2
2416 16 16 0
2415 22 16 0
2
43 147 
2
2312 18 14 0
2311 4 8 0
2
43 148 
2
2313 18 14 0
2312 12 30 0
2
43 165 
2
2314 18 14 0
2313 4 20 0
2
43 187 
2
2315 18 14 0
2314 12 28 0
2
43 190 
2
2316 18 14 0
2315 26 16 0
2
43 192 
2
2317 18 14 0
2316 18 26 0
2
43 193 
2
2318 18 14 0
2317 6 16 0
2
43 194 
2
2319 18 14 0
2318 14 22 0
2
43 195 
2
2320 18 14 0
2319 10 22 0
2
43 196 
2
2321 18 14 0
2320 8 18 0
2
43 197 
2
2322 18 14 0
2321 16 22 0
2
43 198 
2
2323 18 14 0
2322 16 18 0
2
43 199 
2
2324 18 14 0
2323 14 28 0
2
43 200 
2
2325 18 14 0
2324 10 18 0
2
43 201 
2
2326 18 14 0
2325 18 20 0
2
43 202 
2
2327 18 14 0
2326 14 14 0
2
43 203 
2
2328 18 14 0
2327 2 14 0
2
43 204 
2
2329 18 14 0
2328 20 20 0
2
43 205 
2
2330 18 14 0
2329 18 10 0
2
20 40 
2
2412 14 16 0
2413 10 16 0
2
21 41 
2
2308 20 14 0
2309 20 12 0
2
38 40 
2
2413 4 16 0
2414 10 16 0
2
39 41 
2
2309 22 8 0
2310 20 12 0
2
42 42 
1
2417 16 16 0
2
40 42 
2
2417 10 16 0
2418 16 16 0
2
42 42 
1
2419 16 16 0
2
20 42 
2
2419 14 16 0
2420 16 16 0
2
42 42 
1
2421 16 16 0
2
40 42 
2
2421 10 16 0
2422 16 16 0
2
42 42 
1
2423 16 16 0
2
43 43 
1
2331 18 14 0
2
41 43 
2
2331 20 12 0
2332 18 14 0
2
43 43 
1
2333 18 14 0
2
21 43 
2
2333 20 14 0
2334 18 14 0
2
43 43 
1
2335 18 14 0
2
41 43 
2
2335 20 12 0
2336 18 14 0
2
43 43 
1
2337 18 14 0
2
42 97 
2
2424 16 16 0
2423 12 14 0
2
43 204 
2
2338 18 14 0
2337 20 20 0
2
42 98 
2
2425 16 16 0
2424 22 16 0
2
43 205 
2
2339 18 14 0
2338 18 10 0
2
42 99 
2
2426 16 16 0
2425 18 24 0
2
43 206 
2
2340 18 14 0
2339 26 24 0
2
40 42 
2
2426 10 16 0
2427 16 16 0
2
41 43 
2
2340 20 12 0
2341 18 14 0
2
42 97 
2
2428 16 16 0
2427 12 14 0
2
43 204 
2
2342 18 14 0
2341 20 20 0
2
42 98 
2
2429 16 16 0
2428 22 16 0
2
43 205 
2
2343 18 14 0
2342 18 10 0
2
42 99 
2
2430 16 16 0
2429 18 24 0
2
43 206 
2
2344 18 14 0
2343 26 24 0
2
20 40 
2
2426 14 16 0
2427 10 16 0
2
21 41 
2
2340 20 14 0
2341 20 12 0
2
18 38 
2
2413 4 18 0
2414 4 16 0
2
19 39 
2
2309 20 8 0
2310 22 8 0
2
16 36 
2
2338 4 24 0
2339 4 22 0
2
17 37 
2
2228 26 4 0
2229 24 4 0
2
34 36 
2
2339 2 24 0
2340 4 22 0
2
35 37 
2
2229 28 2 0
2230 24 4 0
2
38 38 
1
2415 4 16 0
2
36 38 
2
2415 4 22 0
2416 4 16 0
2
38 38 
1
2417 4 16 0
2
16 38 
2
2417 4 24 0
2418 4 16 0
2
38 38 
1
2419 4 16 0
2
36 38 
2
2419 4 22 0
2420 4 16 0
2
38 38 
1
2421 4 16 0
2
39 39 
1
2311 22 8 0
2
37 39 
2
2311 24 4 0
2312 22 8 0
2
39 39 
1
2313 22 8 0
2
17 39 
2
2313 26 4 0
2314 22 8 0
2
39 39 
1
2315 22 8 0
2
37 39 
2
2315 24 4 0
2316 22 8 0
2
39 39 
1
2317 22 8 0
2
40 40 
1
2428 10 16 0
2
38 40 
2
2428 4 16 0
2429 10 16 0
2
40 40 
1
2430 10 16 0
2
18 40 
2
2430 4 18 0
2431 10 16 0
2
40 40 
1
2432 10 16 0
2
38 40 
2
2432 4 16 0
2433 10 16 0
2
40 40 
1
2434 10 16 0
2
41 41 
1
2342 20 12 0
2
39 41 
2
2342 22 8 0
2343 20 12 0
2
41 41 
1
2344 20 12 0
2
19 41 
2
2344 20 8 0
2345 20 12 0
2
41 41 
1
2346 20 12 0
2
39 41 
2
2346 22 8 0
2347 20 12 0
2
41 41 
1
2348 20 12 0
2
42 42 
1
2431 16 16 0
2
40 42 
2
2435 10 16 0
2434 16 16 0
2
42 42 
1
2435 16 16 0
2
20 42 
2
2435 14 16 0
2436 16 16 0
2
42 42 
1
2437 16 16 0
2
40 42 
2
2437 10 16 0
2438 16 16 0
2
42 42 
1
2439 16 16 0
2
43 43 
1
2345 18 14 0
2
41 43 
2
2349 20 12 0
2348 18 14 0
2
43 43 
1
2349 18 14 0
2
21 43 
2
2349 20 14 0
2350 18 14 0
2
43 43 
1
2351 18 14 0
2
41 43 
2
2351 20 12 0
2352 18 14 0
2
43 43 
1
2353 18 14 0
2
42 96 
2
2440 16 16 0
2439 16 4 0
2
43 205 
2
2354 18 14 0
2353 18 10 0
2
42 97 
2
2441 16 16 0
2440 12 14 0
2
43 206 
2
2355 18 14 0
2354 26 24 0
2
42 98 
2
2442 16 16 0
2441 22 16 0
2
43 207 
2
2356 18 14 0
2355 4 10 0
2
42 99 
2
2443 16 16 0
2442 18 24 0
2
42 100 
2
2444 16 16 0
2443 12 10 0
2
42 101 
2
2445 16 16 0
2444 18 18 0
2
42 102 
2
2446 16 16 0
2445 14 8 0
2
42 103 
2
2447 16 16 0
2446 14 6 0
2
42 104 
2
2448 16 16 0
2447 22 26 0
2
42 105 
2
2449 16 16 0
2448 20 16 0
2
42 106 
2
2450 16 16 0
2449 24 20 0
2
42 107 
2
2451 16 16 0
2450 30 16 0
2
42 108 
2
2452 16 16 0
2451 28 10 0
2
42 109 
2
2453 16 16 0
2452 26 10 0
2
42 111 
2
2454 16 16 0
2453 18 6 0
2
42 112 
2
2455 16 16 0
2454 30 14 0
2
42 113 
2
2456 16 16 0
2455 22 4 0
2
42 114 
2
2457 16 16 0
2456 30 10 0
2
42 115 
2
2458 16 16 0
2457 2 10 0
2
42 116 
2
2459 16 16 0
2458 8 8 0
2
42 117 
2
2460 16 16 0
2459 12 8 0
2
40 42 
2
2460 10 16 0
2461 16 16 0
2
41 43 
2
2356 20 12 0
2357 18 14 0
2
42 96 
2
2462 16 16 0
2461 16 4 0
2
43 205 
2
2358 18 14 0
2357 18 10 0
2
42 97 
2
2463 16 16 0
2462 12 14 0
2
43 206 
2
2359 18 14 0
2358 26 24 0
2
42 98 
2
2464 16 16 0
2463 22 16 0
2
43 207 
2
2360 18 14 0
2359 4 10 0
2
42 99 
2
2465 16 16 0
2464 18 24 0
2
42 100 
2
2466 16 16 0
2465 12 10 0
2
42 101 
2
2467 16 16 0
2466 18 18 0
2
42 102 
2
2468 16 16 0
2467 14 8 0
2
42 103 
2
2469 16 16 0
2468 14 6 0
2
42 104 
2
2470 16 16 0
2469 22 26 0
2
42 105 
2
2471 16 16 0
2470 20 16 0
2
42 106 
2
2472 16 16 0
2471 24 20 0
2
42 107 
2
2473 16 16 0
2472 30 16 0
2
42 108 
2
2474 16 16 0
2473 28 10 0
2
42 109 
2
2475 16 16 0
2474 26 10 0
2
42 111 
2
2476 16 16 0
2475 18 6 0
2
42 112 
2
2477 16 16 0
2476 30 14 0
2
42 113 
2
2478 16 16 0
2477 22 4 0
2
42 114 
2
2479 16 16 0
2478 30 10 0
2
42 115 
2
2480 16 16 0
2479 2 10 0
2
42 116 
2
2481 16 16 0
2480 8 8 0
2
42 117 
2
2482 16 16 0
2481 12 8 0
2
20 40 
2
2460 14 16 0
2461 10 16 0
2
21 41 
2
2356 20 14 0
2357 20 12 0
2
38 40 
2
2461 4 16 0
2462 10 16 0
2
39 41 
2
2357 22 8 0
2358 20 12 0
2
42 42 
1
2483 16 16 0
2
40 42 
2
2483 10 16 0
2484 16 16 0
2
42 42 
1
2485 16 16 0
2
20 42 
2
2485 14 16 0
2486 16 16 0
2
42 42 
1
2487 16 16 0
2
40 42 
2
2487 10 16 0
2488 16 16 0
2
42 42 
1
2489 16 16 0
2
43 43 
1
2361 18 14 0
2
41 43 
2
2361 20 12 0
2362 18 14 0
2
43 43 
1
2363 18 14 0
2
21 43 
2
2363 20 14 0
2364 18 14 0
2
43 43 
1
2365 18 14 0
2
41 43 
2
2365 20 12 0
2366 18 14 0
2
43 43 
1
2367 18 14 0
2
42 97 
2
2490 16 16 0
2489 12 14 0
2
43 204 
2
2368 18 14 0
2367 20 20 0
2
42 98 
2
2491 16 16 0
2490 22 16 0
2
43 205 
2
2369 18 14 0
2368 18 10 0
2
42 99 
2
2492 16 16 0
2491 18 24 0
2
43 206 
2
2370 18 14 0
2369 26 24 0
2
42 100 
2
2493 16 16 0
2492 12 10 0
2
43 207 
2
2371 18 14 0
2370 4 10 0
2
42 101 
2
2494 16 16 0
2493 18 18 0
2
43 208 
2
2372 18 14 0
2371 32 16 0
2
42 102 
2
2495 16 16 0
2494 14 8 0
2
43 209 
2
2373 18 14 0
2372 2 18 0
2
42 103 
2
2496 16 16 0
2495 14 6 0
2
43 210 
2
2374 18 14 0
2373 8 24 0
2
42 104 
2
2497 16 16 0
2496 22 26 0
2
43 211 
2
2375 18 14 0
2374 6 18 0
2
42 105 
2
2498 16 16 0
2497 20 16 0
2
43 212 
2
2376 18 14 0
2375 16 24 0
2
42 106 
2
2499 16 16 0
2498 24 20 0
2
43 213 
2
2377 18 14 0
2376 16 32 0
2
42 107 
2
2500 16 16 0
2499 30 16 0
2
43 214 
2
2378 18 14 0
2377 12 20 0
2
42 108 
2
2501 16 16 0
2500 28 10 0
2
43 215 
2
2379 18 14 0
2378 18 16 0
2
42 109 
2
2502 16 16 0
2501 26 10 0
2
43 216 
2
2380 18 14 0
2379 8 20 0
2
42 111 
2
2503 16 16 0
2502 18 6 0
2
43 217 
2
2381 18 14 0
2380 14 26 0
2
42 112 
2
2504 16 16 0
2503 30 14 0
2
43 218 
2
2382 18 14 0
2381 10 24 0
2
42 113 
2
2505 16 16 0
2504 22 4 0
2
43 219 
2
2383 18 14 0
2382 24 24 0
2
42 114 
2
2506 16 16 0
2505 30 10 0
2
43 220 
2
2384 18 14 0
2383 12 24 0
2
42 115 
2
2507 16 16 0
2506 2 10 0
2
43 221 
2
2385 18 14 0
2384 6 22 0
2
42 116 
2
2508 16 16 0
2507 8 8 0
2
43 222 
2
2386 18 14 0
2385 6 14 0
2
42 117 
2
2509 16 16 0
2508 12 8 0
2
43 223 
2
2387 18 14 0
2386 14 12 0
2
42 118 
2
2510 16 16 0
2509 12 12 0
2
43 224 
2
2388 18 14 0
2387 24 12 0
2
40 42 
2
2510 10 16 0
2511 16 16 0
2
41 43 
2
2388 20 12 0
2389 18 14 0
2
42 97 
2
2512 16 16 0
2511 12 14 0
2
43 204 
2
2390 18 14 0
2389 20 20 0
2
42 98 
2
2513 16 16 0
2512 22 16 0
2
43 205 
2
2391 18 14 0
2390 18 10 0
2
42 99 
2
2514 16 16 0
2513 18 24 0
2
43 206 
2
2392 18 14 0
2391 26 24 0
2
42 100 
2
2515 16 16 0
2514 12 10 0
2
43 207 
2
2393 18 14 0
2392 4 10 0
2
42 101 
2
2516 16 16 0
2515 18 18 0
2
43 208 
2
2394 18 14 0
2393 32 16 0
2
42 102 
2
2517 16 16 0
2516 14 8 0
2
43 209 
2
2395 18 14 0
2394 2 18 0
2
42 103 
2
2518 16 16 0
2517 14 6 0
2
43 210 
2
2396 18 14 0
2395 8 24 0
2
42 104 
2
2519 16 16 0
2518 22 26 0
2
43 211 
2
2397 18 14 0
2396 6 18 0
2
42 105 
2
2520 16 16 0
2519 20 16 0
2
43 212 
2
2398 18 14 0
2397 16 24 0
2
42 106 
2
2521 16 16 0
2520 24 20 0
2
43 213 
2
2399 18 14 0
2398 16 32 0
2
42 107 
2
2522 16 16 0
2521 30 16 0
2
43 214 
2
2400 18 14 0
2399 12 20 0
2
42 108 
2
2523 16 16 0
2522 28 10 0
2
43 215 
2
2401 18 14 0
2400 18 16 0
2
42 109 
2
2524 16 16 0
2523 26 10 0
2
43 216 
2
2402 18 14 0
2401 8 20 0
2
42 111 
2
2525 16 16 0
2524 18 6 0
2
43 217 
2
2403 18 14 0
2402 14 26 0
2
42 112 
2
2526 16 16 0
2525 30 14 0
2
43 218 
2
2404 18 14 0
2403 10 24 0
2
42 113 
2
2527 16 16 0
2526 22 4 0
2
43 219 
2
2405 18 14 0
2404 24 24 0
2
42 114 
2
2528 16 16 0
2527 30 10 0
2
43 220 
2
2406 18 14 0
2405 12 24 0
2
42 115 
2
2529 16 16 0
2528 2 10 0
2
43 221 
2
2407 18 14 0
2406 6 22 0
2
42 116 
2
2530 16 16 0
2529 8 8 0
2
43 222 
2
2408 18 14 0
2407 6 14 0
2
42 117 
2
2531 16 16 0
2530 12 8 0
2
43 223 
2
2409 18 14 0
2408 14 12 0
2
42 118 
2
2532 16 16 0
2531 12 12 0
2
43 224 
2
2410 18 14 0
2409 24 12 0
2
20 40 
2
2510 14 16 0
2511 10 16 0
2
21 41 
2
2388 20 14 0
2389 20 12 0
2
18 38 
2
2461 4 18 0
2462 4 16 0
2
19 39 
2
2357 20 8 0
2358 22 8 0
2
36 38 
2
2462 4 22 0
2463 4 16 0
2
37 39 
2
2358 24 4 0
2359 22 8 0
2
40 40 
1
2512 10 16 0
2
38 40 
2
2512 4 16 0
2513 10 16 0
2
40 40 
1
2514 10 16 0
2
18 40 
2
2514 4 18 0
2515 10 16 0
2
40 40 
1
2516 10 16 0
2
38 40 
2
2516 4 16 0
2517 10 16 0
2
40 40 
1
2518 10 16 0
2
41 41 
1
2390 20 12 0
2
39 41 
2
2390 22 8 0
2391 20 12 0
2
41 41 
1
2392 20 12 0
2
19 41 
2
2392 20 8 0
2393 20 12 0
2
41 41 
1
2394 20 12 0
2
39 41 
2
2394 22 8 0
2395 20 12 0
2
41 41 
1
2396 20 12 0
2
42 42 
1
2533 16 16 0
2
40 42 
2
2533 10 16 0
2534 16 16 0
2
42 42 
1
2535 16 16 0
2
20 42 
2
2535 14 16 0
2536 16 16 0
2
42 42 
1
2537 16 16 0
2
40 42 
2
2537 10 16 0
2538 16 16 0
2
42 42 
1
2539 16 16 0
2
43 43 
1
2411 18 14 0
2
41 43 
2
2411 20 12 0
2412 18 14 0
2
43 43 
1
2413 18 14 0
2
21 43 
2
2413 20 14 0
2414 18 14 0
2
43 43 
1
2415 18 14 0
2
41 43 
2
2415 20 12 0
2416 18 14 0
2
43 43 
1
2417 18 14 0
2
42 115 
2
2540 16 16 0
2539 2 10 0
2
43 205 
2
2418 18 14 0
2417 18 10 0
2
42 116 
2
2541 16 16 0
2540 8 8 0
2
43 206 
2
2419 18 14 0
2418 26 24 0
2
42 117 
2
2542 16 16 0
2541 12 8 0
2
43 207 
2
2420 18 14 0
2419 4 10 0
2
43 208 
2
2421 18 14 0
2420 32 16 0
2
43 209 
2
2422 18 14 0
2421 2 18 0
2
43 210 
2
2423 18 14 0
2422 8 24 0
2
43 211 
2
2424 18 14 0
2423 6 18 0
2
43 212 
2
2425 18 14 0
2424 16 24 0
2
43 213 
2
2426 18 14 0
2425 16 32 0
2
43 214 
2
2427 18 14 0
2426 12 20 0
2
43 215 
2
2428 18 14 0
2427 18 16 0
2
43 216 
2
2429 18 14 0
2428 8 20 0
2
43 217 
2
2430 18 14 0
2429 14 26 0
2
43 218 
2
2431 18 14 0
2430 10 24 0
2
43 219 
2
2432 18 14 0
2431 24 24 0
2
43 220 
2
2433 18 14 0
2432 12 24 0
2
43 221 
2
2434 18 14 0
2433 6 22 0
2
43 222 
2
2435 18 14 0
2434 6 14 0
2
43 223 
2
2436 18 14 0
2435 14 12 0
2
43 224 
2
2437 18 14 0
2436 24 12 0
2
43 225 
2
2438 18 14 0
2437 20 18 0
2
40 42 
2
2542 10 16 0
2543 16 16 0
2
41 43 
2
2438 20 12 0
2439 18 14 0
2
42 115 
2
2544 16 16 0
2543 2 10 0
2
43 205 
2
2440 18 14 0
2439 18 10 0
2
42 116 
2
2545 16 16 0
2544 8 8 0
2
43 206 
2
2441 18 14 0
2440 26 24 0
2
42 117 
2
2546 16 16 0
2545 12 8 0
2
43 207 
2
2442 18 14 0
2441 4 10 0
2
43 208 
2
2443 18 14 0
2442 32 16 0
2
43 209 
2
2444 18 14 0
2443 2 18 0
2
43 210 
2
2445 18 14 0
2444 8 24 0
2
43 211 
2
2446 18 14 0
2445 6 18 0
2
43 212 
2
2447 18 14 0
2446 16 24 0
2
43 213 
2
2448 18 14 0
2447 16 32 0
2
43 214 
2
2449 18 14 0
2448 12 20 0
2
43 215 
2
2450 18 14 0
2449 18 16 0
2
43 216 
2
2451 18 14 0
2450 8 20 0
2
43 217 
2
2452 18 14 0
2451 14 26 0
2
43 218 
2
2453 18 14 0
2452 10 24 0
2
43 219 
2
2454 18 14 0
2453 24 24 0
2
43 220 
2
2455 18 14 0
2454 12 24 0
2
43 221 
2
2456 18 14 0
2455 6 22 0
2
43 222 
2
2457 18 14 0
2456 6 14 0
2
43 223 
2
2458 18 14 0
2457 14 12 0
2
43 224 
2
2459 18 14 0
2458 24 12 0
2
43 225 
2
2460 18 14 0
2459 20 18 0
2
20 40 
2
2542 14 16 0
2543 10 16 0
2
21 41 
2
2438 20 14 0
2439 20 12 0
2
38 40 
2
2543 4 16 0
2544 10 16 0
2
39 41 
2
2439 22 8 0
2440 20 12 0
2
42 42 
1
2547 16 16 0
2
40 42 
2
2547 10 16 0
2548 16 16 0
2
42 42 
1
2549 16 16 0
2
20 42 
2
2549 14 16 0
2550 16 16 0
2
42 42 
1
2551 16 16 0
2
40 42 
2
2551 10 16 0
2552 16 16 0
2
42 42 
1
2553 16 16 0
2
43 43 
1
2461 18 14 0
2
41 43 
2
2461 20 12 0
2462 18 14 0
2
43 43 
1
2463 18 14 0
2
21 43 
2
2463 20 14 0
2464 18 14 0
2
43 43 
1
2465 18 14 0
2
41 43 
2
2465 20 12 0
2466 18 14 0
2
43 43 
1
2467 18 14 0
2
42 116 
2
2554 16 16 0
2553 8 8 0
2
43 224 
2
2468 18 14 0
2467 24 12 0
2
42 117 
2
2555 16 16 0
2554 12 8 0
2
43 225 
2
2469 18 14 0
2468 20 18 0
2
42 118 
2
2556 16 16 0
2555 12 12 0
2
43 226 
2
2470 18 14 0
2469 18 32 0
2
40 42 
2
2556 10 16 0
2557 16 16 0
2
41 43 
2
2470 20 12 0
2471 18 14 0
2
42 116 
2
2558 16 16 0
2557 8 8 0
2
43 224 
2
2472 18 14 0
2471 24 12 0
2
42 117 
2
2559 16 16 0
2558 12 8 0
2
43 225 
2
2473 18 14 0
2472 20 18 0
2
42 118 
2
2560 16 16 0
2559 12 12 0
2
43 226 
2
2474 18 14 0
2473 18 32 0
2
20 40 
2
2556 14 16 0
2557 10 16 0
2
21 41 
2
2470 20 14 0
2471 20 12 0
2
18 38 
2
2543 4 18 0
2544 4 16 0
2
19 39 
2
2439 20 8 0
2440 22 8 0
2
16 36 
2
2462 4 24 0
2463 4 22 0
2
17 37 
2
2358 26 4 0
2359 24 4 0
2
14 34 
2
2339 4 26 0
2340 2 24 0
2
15 35 
2
2229 26 2 0
2230 28 2 0
2
32 34 
2
2340 2 28 0
2341 2 24 0
2
33 35 
2
2230 32 2 0
2231 28 2 0
2
36 36 
1
2464 4 22 0
2
34 36 
2
2464 2 24 0
2465 4 22 0
2
36 36 
1
2466 4 22 0
2
14 36 
2
2466 4 26 0
2467 4 22 0
2
36 36 
1
2468 4 22 0
2
34 36 
2
2468 2 24 0
2469 4 22 0
2
36 36 
1
2470 4 22 0
2
37 37 
1
2360 24 4 0
2
35 37 
2
2360 28 2 0
2361 24 4 0
2
37 37 
1
2362 24 4 0
2
15 37 
2
2362 26 2 0
2363 24 4 0
2
37 37 
1
2364 24 4 0
2
35 37 
2
2364 28 2 0
2365 24 4 0
2
37 37 
1
2366 24 4 0
2
38 38 
1
2545 4 16 0
2
36 38 
2
2545 4 22 0
2546 4 16 0
2
38 38 
1
2547 4 16 0
2
16 38 
2
2547 4 24 0
2548 4 16 0
2
38 38 
1
2549 4 16 0
2
36 38 
2
2549 4 22 0
2550 4 16 0
2
38 38 
1
2551 4 16 0
2
39 39 
1
2441 22 8 0
2
37 39 
2
2441 24 4 0
2442 22 8 0
2
39 39 
1
2443 22 8 0
2
17 39 
2
2443 26 4 0
2444 22 8 0
2
39 39 
1
2445 22 8 0
2
37 39 
2
2445 24 4 0
2446 22 8 0
2
39 39 
1
2447 22 8 0
2
40 40 
1
2558 10 16 0
2
38 40 
2
2558 4 16 0
2559 10 16 0
2
40 40 
1
2560 10 16 0
2
18 40 
2
2560 4 18 0
2561 10 16 0
2
40 40 
1
2562 10 16 0
2
38 40 
2
2562 4 16 0
2563 10 16 0
2
40 40 
1
2564 10 16 0
2
41 41 
1
2472 20 12 0
2
39 41 
2
2472 22 8 0
2473 20 12 0
2
41 41 
1
2474 20 12 0
2
19 41 
2
2474 20 8 0
2475 20 12 0
2
41 41 
1
2476 20 12 0
2
39 41 
2
2476 22 8 0
2477 20 12 0
2
41 41 
1
2478 20 12 0
2
42 42 
1
2561 16 16 0
2
40 42 
2
2565 10 16 0
2564 16 16 0
2
42 42 
1
2565 16 16 0
2
20 42 
2
2565 14 16 0
2566 16 16 0
2
42 42 
1
2567 16 16 0
2
40 42 
2
2567 10 16 0
2568 16 16 0
2
42 42 
1
2569 16 16 0
2
43 43 
1
2475 18 14 0
2
41 43 
2
2479 20 12 0
2478 18 14 0
2
43 43 
1
2479 18 14 0
2
21 43 
2
2479 20 14 0
2480 18 14 0
2
43 43 
1
2481 18 14 0
2
41 43 
2
2481 20 12 0
2482 18 14 0
2
43 43 
1
2483 18 14 0
2
42 115 
2
2570 16 16 0
2569 2 10 0
2
43 225 
2
2484 18 14 0
2483 20 18 0
2
42 116 
2
2571 16 16 0
2570 8 8 0
2
43 226 
2
2485 18 14 0
2484 18 32 0
2
42 117 
2
2572 16 16 0
2571 12 8 0
2
43 227 
2
2486 18 14 0
2485 2 12 0
2
42 118 
2
2573 16 16 0
2572 12 12 0
2
42 119 
2
2574 16 16 0
2573 22 18 0
2
42 120 
2
2575 16 16 0
2574 28 20 0
2
42 121 
2
2576 16 16 0
2575 8 14 0
2
42 122 
2
2577 16 16 0
2576 12 6 0
2
42 123 
2
2578 16 16 0
2577 22 20 0
2
42 124 
2
2579 16 16 0
2578 20 26 0
2
42 125 
2
2580 16 16 0
2579 12 16 0
2
42 126 
2
2581 16 16 0
2580 16 10 0
2
42 128 
2
2582 16 16 0
2581 16 14 0
2
42 129 
2
2583 16 16 0
2582 28 12 0
2
42 130 
2
2584 16 16 0
2583 22 6 0
2
42 131 
2
2585 16 16 0
2584 28 14 0
2
42 149 
2
2586 16 16 0
2585 20 6 0
2
42 150 
2
2587 16 16 0
2586 24 8 0
2
42 151 
2
2588 16 16 0
2587 22 2 0
2
42 152 
2
2589 16 16 0
2588 22 30 0
2
42 153 
2
2590 16 16 0
2589 24 26 0
2
40 42 
2
2590 10 16 0
2591 16 16 0
2
41 43 
2
2486 20 12 0
2487 18 14 0
2
42 115 
2
2592 16 16 0
2591 2 10 0
2
43 225 
2
2488 18 14 0
2487 20 18 0
2
42 116 
2
2593 16 16 0
2592 8 8 0
2
43 226 
2
2489 18 14 0
2488 18 32 0
2
42 117 
2
2594 16 16 0
2593 12 8 0
2
43 227 
2
2490 18 14 0
2489 2 12 0
2
42 118 
2
2595 16 16 0
2594 12 12 0
2
42 119 
2
2596 16 16 0
2595 22 18 0
2
42 120 
2
2597 16 16 0
2596 28 20 0
2
42 121 
2
2598 16 16 0
2597 8 14 0
2
42 122 
2
2599 16 16 0
2598 12 6 0
2
42 123 
2
2600 16 16 0
2599 22 20 0
2
42 124 
2
2601 16 16 0
2600 20 26 0
2
42 125 
2
2602 16 16 0
2601 12 16 0
2
42 126 
2
2603 16 16 0
2602 16 10 0
2
42 128 
2
2604 16 16 0
2603 16 14 0
2
42 129 
2
2605 16 16 0
2604 28 12 0
2
42 130 
2
2606 16 16 0
2605 22 6 0
2
42 131 
2
2607 16 16 0
2606 28 14 0
2
42 149 
2
2608 16 16 0
2607 20 6 0
2
42 150 
2
2609 16 16 0
2608 24 8 0
2
42 151 
2
2610 16 16 0
2609 22 2 0
2
42 152 
2
2611 16 16 0
2610 22 30 0
2
42 153 
2
2612 16 16 0
2611 24 26 0
2
20 40 
2
2590 14 16 0
2591 10 16 0
2
21 41 
2
2486 20 14 0
2487 20 12 0
2
38 40 
2
2591 4 16 0
2592 10 16 0
2
39 41 
2
2487 22 8 0
2488 20 12 0
2
42 42 
1
2613 16 16 0
2
40 42 
2
2613 10 16 0
2614 16 16 0
2
42 42 
1
2615 16 16 0
2
20 42 
2
2615 14 16 0
2616 16 16 0
2
42 42 
1
2617 16 16 0
2
40 42 
2
2617 10 16 0
2618 16 16 0
2
42 42 
1
2619 16 16 0
2
43 43 
1
2491 18 14 0
2
41 43 
2
2491 20 12 0
2492 18 14 0
2
43 43 
1
2493 18 14 0
2
21 43 
2
2493 20 14 0
2494 18 14 0
2
43 43 
1
2495 18 14 0
2
41 43 
2
2495 20 12 0
2496 18 14 0
2
43 43 
1
2497 18 14 0
2
42 116 
2
2620 16 16 0
2619 8 8 0
2
43 224 
2
2498 18 14 0
2497 24 12 0
2
42 117 
2
2621 16 16 0
2620 12 8 0
2
43 225 
2
2499 18 14 0
2498 20 18 0
2
42 118 
2
2622 16 16 0
2621 12 12 0
2
43 226 
2
2500 18 14 0
2499 18 32 0
2
42 119 
2
2623 16 16 0
2622 22 18 0
2
43 227 
2
2501 18 14 0
2500 2 12 0
2
42 120 
2
2624 16 16 0
2623 28 20 0
2
43 228 
2
2502 18 14 0
2501 12 2 0
2
42 121 
2
2625 16 16 0
2624 8 14 0
2
43 229 
2
2503 18 14 0
2502 2 16 0
2
42 122 
2
2626 16 16 0
2625 12 6 0
2
43 230 
2
2504 18 14 0
2503 10 8 0
2
42 123 
2
2627 16 16 0
2626 22 20 0
2
43 231 
2
2505 18 14 0
2504 14 30 0
2
42 124 
2
2628 16 16 0
2627 20 26 0
2
43 232 
2
2506 18 14 0
2505 26 22 0
2
42 125 
2
2629 16 16 0
2628 12 16 0
2
43 233 
2
2507 18 14 0
2506 8 22 0
2
42 126 
2
2630 16 16 0
2629 16 10 0
2
43 234 
2
2508 18 14 0
2507 12 22 0
2
42 128 
2
2631 16 16 0
2630 16 14 0
2
43 235 
2
2509 18 14 0
2508 14 24 0
2
42 129 
2
2632 16 16 0
2631 28 12 0
2
43 236 
2
2510 18 14 0
2509 8 10 0
2
42 130 
2
2633 16 16 0
2632 22 6 0
2
43 237 
2
2511 18 14 0
2510 20 28 0
2
42 131 
2
2634 16 16 0
2633 28 14 0
2
43 238 
2
2512 18 14 0
2511 14 10 0
2
42 149 
2
2635 16 16 0
2634 20 6 0
2
43 239 
2
2513 18 14 0
2512 16 20 0
2
42 150 
2
2636 16 16 0
2635 24 8 0
2
43 50 
2
2514 18 14 0
2513 4 12 0
2
42 151 
2
2637 16 16 0
2636 22 2 0
2
43 45 
2
2515 18 14 0
2514 16 2 0
2
42 152 
2
2638 16 16 0
2637 22 30 0
2
43 47 
2
2516 18 14 0
2515 26 12 0
2
42 153 
2
2639 16 16 0
2638 24 26 0
2
43 49 
2
2517 18 14 0
2516 32 14 0
2
42 154 
2
2640 16 16 0
2639 28 18 0
2
43 52 
2
2518 18 14 0
2517 18 4 0
2
40 42 
2
2640 10 16 0
2641 16 16 0
2
41 43 
2
2518 20 12 0
2519 18 14 0
2
42 116 
2
2642 16 16 0
2641 8 8 0
2
43 224 
2
2520 18 14 0
2519 24 12 0
2
42 117 
2
2643 16 16 0
2642 12 8 0
2
43 225 
2
2521 18 14 0
2520 20 18 0
2
42 118 
2
2644 16 16 0
2643 12 12 0
2
43 226 
2
2522 18 14 0
2521 18 32 0
2
42 119 
2
2645 16 16 0
2644 22 18 0
2
43 227 
2
2523 18 14 0
2522 2 12 0
2
42 120 
2
2646 16 16 0
2645 28 20 0
2
43 228 
2
2524 18 14 0
2523 12 2 0
2
42 121 
2
2647 16 16 0
2646 8 14 0
2
43 229 
2
2525 18 14 0
2524 2 16 0
2
42 122 
2
2648 16 16 0
2647 12 6 0
2
43 230 
2
2526 18 14 0
2525 10 8 0
2
42 123 
2
2649 16 16 0
2648 22 20 0
2
43 231 
2
2527 18 14 0
2526 14 30 0
2
42 124 
2
2650 16 16 0
2649 20 26 0
2
43 232 
2
2528 18 14 0
2527 26 22 0
2
42 125 
2
2651 16 16 0
2650 12 16 0
2
43 233 
2
2529 18 14 0
2528 8 22 0
2
42 126 
2
2652 16 16 0
2651 16 10 0
2
43 234 
2
2530 18 14 0
2529 12 22 0
2
42 128 
2
2653 16 16 0
2652 16 14 0
2
43 235 
2
2531 18 14 0
2530 14 24 0
2
42 129 
2
2654 16 16 0
2653 28 12 0
2
43 236 
2
2532 18 14 0
2531 8 10 0
2
42 130 
2
2655 16 16 0
2654 22 6 0
2
43 237 
2
2533 18 14 0
2532 20 28 0
2
42 131 
2
2656 16 16 0
2655 28 14 0
2
43 238 
2
2534 18 14 0
2533 14 10 0
2
42 149 
2
2657 16 16 0
2656 20 6 0
2
43 239 
2
2535 18 14 0
2534 16 20 0
2
42 150 
2
2658 16 16 0
2657 24 8 0
2
43 50 
2
2536 18 14 0
2535 4 12 0
2
42 151 
2
2659 16 16 0
2658 22 2 0
2
43 45 
2
2537 18 14 0
2536 16 2 0
2
42 152 
2
2660 16 16 0
2659 22 30 0
2
43 47 
2
2538 18 14 0
2537 26 12 0
2
42 153 
2
2661 16 16 0
2660 24 26 0
2
43 49 
2
2539 18 14 0
2538 32 14 0
2
42 154 
2
2662 16 16 0
2661 28 18 0
2
43 52 
2
2540 18 14 0
2539 18 4 0
2
20 40 
2
2640 14 16 0
2641 10 16 0
2
21 41 
2
2518 20 14 0
2519 20 12 0
2
18 38 
2
2591 4 18 0
2592 4 16 0
2
19 39 
2
2487 20 8 0
2488 22 8 0
2
36 38 
2
2592 4 22 0
2593 4 16 0
2
37 39 
2
2488 24 4 0
2489 22 8 0
2
40 40 
1
2642 10 16 0
2
38 40 
2
2642 4 16 0
2643 10 16 0
2
40 40 
1
2644 10 16 0
2
18 40 
2
2644 4 18 0
2645 10 16 0
2
40 40 
1
2646 10 16 0
2
38 40 
2
2646 4 16 0
2647 10 16 0
2
40 40 
1
2648 10 16 0
2
41 41 
1
2520 20 12 0
2
39 41 
2
2520 22 8 0
2521 20 12 0
2
41 41 
1
2522 20 12 0
2
19 41 
2
2522 20 8 0
2523 20 12 0
2
41 41 
1
2524 20 12 0
2
39 41 
2
2524 22 8 0
2525 20 12 0
2
41 41 
1
2526 20 12 0
2
42 42 
1
2663 16 16 0
2
40 42 
2
2663 10 16 0
2664 16 16 0
2
42 42 
1
2665 16 16 0
2
20 42 
2
2665 14 16 0
2666 16 16 0
2
42 42 
1
2667 16 16 0
2
40 42 
2
2667 10 16 0
2668 16 16 0
2
42 42 
1
2669 16 16 0
2
43 43 
1
2541 18 14 0
2
41 43 
2
2541 20 12 0
2542 18 14 0
2
43 43 
1
2543 18 14 0
2
21 43 
2
2543 20 14 0
2544 18 14 0
2
43 43 
1
2545 18 14 0
2
41 43 
2
2545 20 12 0
2546 18 14 0
2
43 43 
1
2547 18 14 0
2
42 115 
2
2670 16 16 0
2669 2 10 0
2
43 225 
2
2548 18 14 0
2547 20 18 0
2
42 116 
2
2671 16 16 0
2670 8 8 0
2
43 226 
2
2549 18 14 0
2548 18 32 0
2
42 117 
2
2672 16 16 0
2671 12 8 0
2
43 227 
2
2550 18 14 0
2549 2 12 0
2
42 118 
2
2673 16 16 0
2672 12 12 0
2
43 228 
2
2551 18 14 0
2550 12 2 0
2
42 119 
2
2674 16 16 0
2673 22 18 0
2
43 229 
2
2552 18 14 0
2551 2 16 0
2
42 120 
2
2675 16 16 0
2674 28 20 0
2
43 230 
2
2553 18 14 0
2552 10 8 0
2
42 121 
2
2676 16 16 0
2675 8 14 0
2
43 231 
2
2554 18 14 0
2553 14 30 0
2
42 122 
2
2677 16 16 0
2676 12 6 0
2
43 232 
2
2555 18 14 0
2554 26 22 0
2
42 123 
2
2678 16 16 0
2677 22 20 0
2
43 233 
2
2556 18 14 0
2555 8 22 0
2
42 124 
2
2679 16 16 0
2678 20 26 0
2
43 234 
2
2557 18 14 0
2556 12 22 0
2
42 125 
2
2680 16 16 0
2679 12 16 0
2
43 235 
2
2558 18 14 0
2557 14 24 0
2
42 126 
2
2681 16 16 0
2680 16 10 0
2
43 236 
2
2559 18 14 0
2558 8 10 0
2
42 128 
2
2682 16 16 0
2681 16 14 0
2
43 237 
2
2560 18 14 0
2559 20 28 0
2
42 129 
2
2683 16 16 0
2682 28 12 0
2
43 238 
2
2561 18 14 0
2560 14 10 0
2
42 130 
2
2684 16 16 0
2683 22 6 0
2
43 239 
2
2562 18 14 0
2561 16 20 0
2
42 131 
2
2685 16 16 0
2684 28 14 0
2
43 50 
2
2563 18 14 0
2562 4 12 0
2
42 149 
2
2686 16 16 0
2685 20 6 0
2
43 45 
2
2564 18 14 0
2563 16 2 0
2
42 150 
2
2687 16 16 0
2686 24 8 0
2
43 47 
2
2565 18 14 0
2564 26 12 0
2
42 151 
2
2688 16 16 0
2687 22 2 0
2
43 49 
2
2566 18 14 0
2565 32 14 0
2
43 52 
2
2567 18 14 0
2566 18 4 0
2
43 53 
2
2568 18 14 0
2567 18 8 0
2
40 42 
2
2688 10 16 0
2689 16 16 0
2
41 43 
2
2568 20 12 0
2569 18 14 0
2
42 115 
2
2690 16 16 0
2689 2 10 0
2
43 225 
2
2570 18 14 0
2569 20 18 0
2
42 116 
2
2691 16 16 0
2690 8 8 0
2
43 226 
2
2571 18 14 0
2570 18 32 0
2
42 117 
2
2692 16 16 0
2691 12 8 0
2
43 227 
2
2572 18 14 0
2571 2 12 0
2
42 118 
2
2693 16 16 0
2692 12 12 0
2
43 228 
2
2573 18 14 0
2572 12 2 0
2
42 119 
2
2694 16 16 0
2693 22 18 0
2
43 229 
2
2574 18 14 0
2573 2 16 0
2
42 120 
2
2695 16 16 0
2694 28 20 0
2
43 230 
2
2575 18 14 0
2574 10 8 0
2
42 121 
2
2696 16 16 0
2695 8 14 0
2
43 231 
2
2576 18 14 0
2575 14 30 0
2
42 122 
2
2697 16 16 0
2696 12 6 0
2
43 232 
2
2577 18 14 0
2576 26 22 0
2
42 123 
2
2698 16 16 0
2697 22 20 0
2
43 233 
2
2578 18 14 0
2577 8 22 0
2
42 124 
2
2699 16 16 0
2698 20 26 0
2
43 234 
2
2579 18 14 0
2578 12 22 0
2
42 125 
2
2700 16 16 0
2699 12 16 0
2
43 235 
2
2580 18 14 0
2579 14 24 0
2
42 126 
2
2701 16 16 0
2700 16 10 0
2
43 236 
2
2581 18 14 0
2580 8 10 0
2
42 128 
2
2702 16 16 0
2701 16 14 0
2
43 237 
2
2582 18 14 0
2581 20 28 0
2
42 129 
2
2703 16 16 0
2702 28 12 0
2
43 238 
2
2583 18 14 0
2582 14 10 0
2
42 130 
2
2704 16 16 0
2703 22 6 0
2
43 239 
2
2584 18 14 0
2583 16 20 0
2
42 131 
2
2705 16 16 0
2704 28 14 0
2
43 50 
2
2585 18 14 0
2584 4 12 0
2
42 149 
2
2706 16 16 0
2705 20 6 0
2
43 45 
2
2586 18 14 0
2585 16 2 0
2
42 150 
2
2707 16 16 0
2706 24 8 0
2
43 47 
2
2587 18 14 0
2586 26 12 0
2
42 151 
2
2708 16 16 0
2707 22 2 0
2
43 49 
2
2588 18 14 0
2587 32 14 0
2
43 52 
2
2589 18 14 0
2588 18 4 0
2
43 53 
2
2590 18 14 0
2589 18 8 0
2
20 40 
2
2688 14 16 0
2689 10 16 0
2
21 41 
2
2568 20 14 0
2569 20 12 0
2
38 40 
2
2689 4 16 0
2690 10 16 0
2
39 41 
2
2569 22 8 0
2570 20 12 0
2
42 42 
1
2709 16 16 0
2
40 42 
2
2709 10 16 0
2710 16 16 0
2
42 42 
1
2711 16 16 0
2
20 42 
2
2711 14 16 0
2712 16 16 0
2
42 42 
1
2713 16 16 0
2
40 42 
2
2713 10 16 0
2714 16 16 0
2
42 42 
1
2715 16 16 0
2
43 43 
1
2591 18 14 0
2
41 43 
2
2591 20 12 0
2592 18 14 0
2
43 43 
1
2593 18 14 0
2
21 43 
2
2593 20 14 0
2594 18 14 0
2
43 43 
1
2595 18 14 0
2
41 43 
2
2595 20 12 0
2596 18 14 0
2
43 43 
1
2597 18 14 0
2
42 116 
2
2716 16 16 0
2715 8 8 0
2
43 52 
2
2598 18 14 0
2597 18 4 0
2
42 117 
2
2717 16 16 0
2716 12 8 0
2
43 53 
2
2599 18 14 0
2598 18 8 0
2
42 118 
2
2718 16 16 0
2717 12 12 0
2
43 54 
2
2600 18 14 0
2599 24 6 0
2
42 119 
2
2719 16 16 0
2718 22 18 0
2
42 120 
2
2720 16 16 0
2719 28 20 0
2
42 121 
2
2721 16 16 0
2720 8 14 0
2
42 122 
2
2722 16 16 0
2721 12 6 0
2
42 123 
2
2723 16 16 0
2722 22 20 0
2
42 124 
2
2724 16 16 0
2723 20 26 0
2
42 125 
2
2725 16 16 0
2724 12 16 0
2
42 126 
2
2726 16 16 0
2725 16 10 0
2
42 128 
2
2727 16 16 0
2726 16 14 0
2
42 129 
2
2728 16 16 0
2727 28 12 0
2
42 130 
2
2729 16 16 0
2728 22 6 0
2
42 131 
2
2730 16 16 0
2729 28 14 0
2
42 149 
2
2731 16 16 0
2730 20 6 0
2
42 150 
2
2732 16 16 0
2731 24 8 0
2
42 151 
2
2733 16 16 0
2732 22 2 0
2
42 152 
2
2734 16 16 0
2733 22 30 0
2
40 42 
2
2734 10 16 0
2735 16 16 0
2
41 43 
2
2600 20 12 0
2601 18 14 0
2
42 116 
2
2736 16 16 0
2735 8 8 0
2
43 52 
2
2602 18 14 0
2601 18 4 0
2
42 117 
2
2737 16 16 0
2736 12 8 0
2
43 53 
2
2603 18 14 0
2602 18 8 0
2
42 118 
2
2738 16 16 0
2737 12 12 0
2
43 54 
2
2604 18 14 0
2603 24 6 0
2
42 119 
2
2739 16 16 0
2738 22 18 0
2
42 120 
2
2740 16 16 0
2739 28 20 0
2
42 121 
2
2741 16 16 0
2740 8 14 0
2
42 122 
2
2742 16 16 0
2741 12 6 0
2
42 123 
2
2743 16 16 0
2742 22 20 0
2
42 124 
2
2744 16 16 0
2743 20 26 0
2
42 125 
2
2745 16 16 0
2744 12 16 0
2
42 126 
2
2746 16 16 0
2745 16 10 0
2
42 128 
2
2747 16 16 0
2746 16 14 0
2
42 129 
2
2748 16 16 0
2747 28 12 0
2
42 130 
2
2749 16 16 0
2748 22 6 0
2
42 131 
2
2750 16 16 0
2749 28 14 0
2
42 149 
2
2751 16 16 0
2750 20 6 0
2
42 150 
2
2752 16 16 0
2751 24 8 0
2
42 151 
2
2753 16 16 0
2752 22 2 0
2
42 152 
2
2754 16 16 0
2753 22 30 0
2
20 40 
2
2734 14 16 0
2735 10 16 0
2
21 41 
2
2600 20 14 0
2601 20 12 0
2
18 38 
2
2689 4 18 0
2690 4 16 0
2
19 39 
2
2569 20 8 0
2570 22 8 0
2
16 36 
2
2592 4 24 0
2593 4 22 0
2
17 37 
2
2488 26 4 0
2489 24 4 0
2
34 36 
2
2593 2 24 0
2594 4 22 0
2
35 37 
2
2489 28 2 0
2490 24 4 0
2
38 38 
1
2691 4 16 0
2
36 38 
2
2691 4 22 0
2692 4 16 0
2
38 38 
1
2693 4 16 0
2
16 38 
2
2693 4 24 0
2694 4 16 0
2
38 38 
1
2695 4 16 0
2
36 38 
2
2695 4 22 0
2696 4 16 0
2
38 38 
1
2697 4 16 0
2
39 39 
1
2571 22 8 0
2
37 39 
2
2571 24 4 0
2572 22 8 0
2
39 39 
1
2573 22 8 0
2
17 39 
2
2573 26 4 0
2574 22 8 0
2
39 39 
1
2575 22 8 0
2
37 39 
2
2575 24 4 0
2576 22 8 0
2
39 39 
1
2577 22 8 0
2
40 40 
1
2736 10 16 0
2
38 40 
2
2736 4 16 0
2737 10 16 0
2
40 40 
1
2738 10 16 0
2
18 40 
2
2738 4 18 0
2739 10 16 0
2
40 40 
1
2740 10 16 0
2
38 40 
2
2740 4 16 0
2741 10 16 0
2
40 40 
1
2742 10 16 0
2
41 41 
1
2602 20 12 0
2
39 41 
2
2602 22 8 0
2603 20 12 0
2
41 41 
1
2604 20 12 0
2
19 41 
2
2604 20 8 0
2605 20 12 0
2
41 41 
1
2606 20 12 0
2
39 41 
2
2606 22 8 0
2607 20 12 0
2
41 41 
1
2608 20 12 0
2
42 42 
1
2755 16 16 0
2
40 42 
2
2755 10 16 0
2756 16 16 0
2
42 42 
1
2757 16 16 0
2
20 42 
2
2757 14 16 0
2758 16 16 0
2
42 42 
1
2759 16 16 0
2
40 42 
2
2759 10 16 0
2760 16 16 0
2
42 42 
1
2761 16 16 0
2
43 43 
1
2605 18 14 0
2
41 43 
2
2609 20 12 0
2608 18 14 0
2
43 43 
1
2609 18 14 0
2
21 43 
2
2609 20 14 0
2610 18 14 0
2
43 43 
1
2611 18 14 0
2
41 43 
2
2611 20 12 0
2612 18 14 0
2
43 43 
1
2613 18 14 0
2
42 117 
2
2762 16 16 0
2761 12 8 0
2
43 53 
2
2614 18 14 0
2613 18 8 0
2
42 118 
2
2763 16 16 0
2762 12 12 0
2
43 54 
2
2615 18 14 0
2614 24 6 0
2
42 119 
2
2764 16 16 0
2763 22 18 0
2
43 55 
2
2616 18 14 0
2615 24 2 0
2
40 42 
2
2764 10 16 0
2765 16 16 0
2
41 43 
2
2616 20 12 0
2617 18 14 0
2
42 117 
2
2766 16 16 0
2765 12 8 0
2
43 53 
2
2618 18 14 0
2617 18 8 0
2
42 118 
2
2767 16 16 0
2766 12 12 0
2
43 54 
2
2619 18 14 0
2618 24 6 0
2
42 119 
2
2768 16 16 0
2767 22 18 0
2
43 55 
2
2620 18 14 0
2619 24 2 0
2
20 40 
2
2764 14 16 0
2765 10 16 0
2
21 41 
2
2616 20 14 0
2617 20 12 0
2
38 40 
2
2765 4 16 0
2766 10 16 0
2
39 41 
2
2617 22 8 0
2618 20 12 0
2
42 42 
1
2769 16 16 0
2
40 42 
2
2769 10 16 0
2770 16 16 0
2
42 42 
1
2771 16 16 0
2
20 42 
2
2771 14 16 0
2772 16 16 0
2
42 42 
1
2773 16 16 0
2
40 42 
2
2773 10 16 0
2774 16 16 0
2
42 42 
1
2775 16 16 0
2
43 43 
1
2621 18 14 0
2
41 43 
2
2621 20 12 0
2622 18 14 0
2
43 43 
1
2623 18 14 0
2
21 43 
2
2623 20 14 0
2624 18 14 0
2
43 43 
1
2625 18 14 0
2
41 43 
2
2625 20 12 0
2626 18 14 0
2
43 43 
1
2627 18 14 0
2
42 118 
2
2776 16 16 0
2775 12 12 0
2
43 52 
2
2628 18 14 0
2627 18 4 0
2
42 119 
2
2777 16 16 0
2776 22 18 0
2
43 53 
2
2629 18 14 0
2628 18 8 0
2
42 120 
2
2778 16 16 0
2777 28 20 0
2
43 54 
2
2630 18 14 0
2629 24 6 0
2
43 55 
2
2631 18 14 0
2630 24 2 0
2
43 56 
2
2632 18 14 0
2631 32 18 0
2
43 57 
2
2633 18 14 0
2632 22 28 0
2
43 58 
2
2634 18 14 0
2633 10 10 0
2
43 59 
2
2635 18 14 0
2634 28 16 0
2
43 60 
2
2636 18 14 0
2635 16 8 0
2
43 61 
2
2637 18 14 0
2636 18 30 0
2
43 62 
2
2638 18 14 0
2637 20 24 0
2
43 63 
2
2639 18 14 0
2638 16 12 0
2
43 64 
2
2640 18 14 0
2639 16 6 0
2
43 65 
2
2641 18 14 0
2640 10 6 0
2
43 66 
2
2642 18 14 0
2641 18 22 0
2
43 67 
2
2643 18 14 0
2642 18 28 0
2
43 68 
2
2644 18 14 0
2643 18 12 0
2
43 86 
2
2645 18 14 0
2644 6 10 0
2
43 87 
2
2646 18 14 0
2645 22 14 0
2
43 89 
2
2647 18 14 0
2646 24 14 0
2
43 90 
2
2648 18 14 0
2647 20 10 0
2
40 42 
2
2778 10 16 0
2779 16 16 0
2
41 43 
2
2648 20 12 0
2649 18 14 0
2
42 118 
2
2780 16 16 0
2779 12 12 0
2
43 52 
2
2650 18 14 0
2649 18 4 0
2
42 119 
2
2781 16 16 0
2780 22 18 0
2
43 53 
2
2651 18 14 0
2650 18 8 0
2
42 120 
2
2782 16 16 0
2781 28 20 0
2
43 54 
2
2652 18 14 0
2651 24 6 0
2
43 55 
2
2653 18 14 0
2652 24 2 0
2
43 56 
2
2654 18 14 0
2653 32 18 0
2
43 57 
2
2655 18 14 0
2654 22 28 0
2
43 58 
2
2656 18 14 0
2655 10 10 0
2
43 59 
2
2657 18 14 0
2656 28 16 0
2
43 60 
2
2658 18 14 0
2657 16 8 0
2
43 61 
2
2659 18 14 0
2658 18 30 0
2
43 62 
2
2660 18 14 0
2659 20 24 0
2
43 63 
2
2661 18 14 0
2660 16 12 0
2
43 64 
2
2662 18 14 0
2661 16 6 0
2
43 65 
2
2663 18 14 0
2662 10 6 0
2
43 66 
2
2664 18 14 0
2663 18 22 0
2
43 67 
2
2665 18 14 0
2664 18 28 0
2
43 68 
2
2666 18 14 0
2665 18 12 0
2
43 86 
2
2667 18 14 0
2666 6 10 0
2
43 87 
2
2668 18 14 0
2667 22 14 0
2
43 89 
2
2669 18 14 0
2668 24 14 0
2
43 90 
2
2670 18 14 0
2669 20 10 0
2
20 40 
2
2778 14 16 0
2779 10 16 0
2
21 41 
2
2648 20 14 0
2649 20 12 0
2
18 38 
2
2765 4 18 0
2766 4 16 0
2
19 39 
2
2617 20 8 0
2618 22 8 0
2
36 38 
2
2766 4 22 0
2767 4 16 0
2
37 39 
2
2618 24 4 0
2619 22 8 0
2
40 40 
1
2780 10 16 0
2
38 40 
2
2780 4 16 0
2781 10 16 0
2
40 40 
1
2782 10 16 0
2
18 40 
2
2782 4 18 0
2783 10 16 0
2
40 40 
1
2784 10 16 0
2
38 40 
2
2784 4 16 0
2785 10 16 0
2
40 40 
1
2786 10 16 0
2
41 41 
1
2650 20 12 0
2
39 41 
2
2650 22 8 0
2651 20 12 0
2
41 41 
1
2652 20 12 0
2
19 41 
2
2652 20 8 0
2653 20 12 0
2
41 41 
1
2654 20 12 0
2
39 41 
2
2654 22 8 0
2655 20 12 0
2
41 41 
1
2656 20 12 0
2
42 42 
1
2783 16 16 0
2
40 42 
2
2787 10 16 0
2786 16 16 0
2
42 42 
1
2787 16 16 0
2
20 42 
2
2787 14 16 0
2788 16 16 0
2
42 42 
1
2789 16 16 0
2
40 42 
2
2789 10 16 0
2790 16 16 0
2
42 42 
1
2791 16 16 0
2
43 43 
1
2671 18 14 0
2
41 43 
2
2671 20 12 0
2672 18 14 0
2
43 43 
1
2673 18 14 0
2
21 43 
2
2673 20 14 0
2674 18 14 0
2
43 43 
1
2675 18 14 0
2
41 43 
2
2675 20 12 0
2676 18 14 0
2
43 43 
1
2677 18 14 0
2
42 117 
2
2792 16 16 0
2791 12 8 0
2
43 53 
2
2678 18 14 0
2677 18 8 0
2
42 118 
2
2793 16 16 0
2792 12 12 0
2
43 54 
2
2679 18 14 0
2678 24 6 0
2
42 119 
2
2794 16 16 0
2793 22 18 0
2
43 55 
2
2680 18 14 0
2679 24 2 0
2
42 120 
2
2795 16 16 0
2794 28 20 0
2
43 56 
2
2681 18 14 0
2680 32 18 0
2
42 121 
2
2796 16 16 0
2795 8 14 0
2
43 57 
2
2682 18 14 0
2681 22 28 0
2
42 122 
2
2797 16 16 0
2796 12 6 0
2
43 58 
2
2683 18 14 0
2682 10 10 0
2
42 123 
2
2798 16 16 0
2797 22 20 0
2
43 59 
2
2684 18 14 0
2683 28 16 0
2
42 124 
2
2799 16 16 0
2798 20 26 0
2
43 60 
2
2685 18 14 0
2684 16 8 0
2
42 125 
2
2800 16 16 0
2799 12 16 0
2
43 61 
2
2686 18 14 0
2685 18 30 0
2
42 126 
2
2801 16 16 0
2800 16 10 0
2
43 62 
2
2687 18 14 0
2686 20 24 0
2
42 128 
2
2802 16 16 0
2801 16 14 0
2
43 63 
2
2688 18 14 0
2687 16 12 0
2
42 129 
2
2803 16 16 0
2802 28 12 0
2
43 64 
2
2689 18 14 0
2688 16 6 0
2
42 130 
2
2804 16 16 0
2803 22 6 0
2
43 65 
2
2690 18 14 0
2689 10 6 0
2
42 131 
2
2805 16 16 0
2804 28 14 0
2
43 66 
2
2691 18 14 0
2690 18 22 0
2
42 149 
2
2806 16 16 0
2805 20 6 0
2
43 67 
2
2692 18 14 0
2691 18 28 0
2
42 150 
2
2807 16 16 0
2806 24 8 0
2
43 68 
2
2693 18 14 0
2692 18 12 0
2
42 151 
2
2808 16 16 0
2807 22 2 0
2
43 86 
2
2694 18 14 0
2693 6 10 0
2
42 152 
2
2809 16 16 0
2808 22 30 0
2
43 87 
2
2695 18 14 0
2694 22 14 0
2
42 153 
2
2810 16 16 0
2809 24 26 0
2
43 89 
2
2696 18 14 0
2695 24 14 0
2
42 154 
2
2811 16 16 0
2810 28 18 0
2
43 90 
2
2697 18 14 0
2696 20 10 0
2
42 155 
2
2812 16 16 0
2811 22 22 0
2
43 91 
2
2698 18 14 0
2697 28 8 0
2
40 42 
2
2812 10 16 0
2813 16 16 0
2
41 43 
2
2698 20 12 0
2699 18 14 0
2
42 117 
2
2814 16 16 0
2813 12 8 0
2
43 53 
2
2700 18 14 0
2699 18 8 0
2
42 118 
2
2815 16 16 0
2814 12 12 0
2
43 54 
2
2701 18 14 0
2700 24 6 0
2
42 119 
2
2816 16 16 0
2815 22 18 0
2
43 55 
2
2702 18 14 0
2701 24 2 0
2
42 120 
2
2817 16 16 0
2816 28 20 0
2
43 56 
2
2703 18 14 0
2702 32 18 0
2
42 121 
2
2818 16 16 0
2817 8 14 0
2
43 57 
2
2704 18 14 0
2703 22 28 0
2
42 122 
2
2819 16 16 0
2818 12 6 0
2
43 58 
2
2705 18 14 0
2704 10 10 0
2
42 123 
2
2820 16 16 0
2819 22 20 0
2
43 59 
2
2706 18 14 0
2705 28 16 0
2
42 124 
2
2821 16 16 0
2820 20 26 0
2
43 60 
2
2707 18 14 0
2706 16 8 0
2
42 125 
2
2822 16 16 0
2821 12 16 0
2
43 61 
2
2708 18 14 0
2707 18 30 0
2
42 126 
2
2823 16 16 0
2822 16 10 0
2
43 62 
2
2709 18 14 0
2708 20 24 0
2
42 128 
2
2824 16 16 0
2823 16 14 0
2
43 63 
2
2710 18 14 0
2709 16 12 0
2
42 129 
2
2825 16 16 0
2824 28 12 0
2
43 64 
2
2711 18 14 0
2710 16 6 0
2
42 130 
2
2826 16 16 0
2825 22 6 0
2
43 65 
2
2712 18 14 0
2711 10 6 0
2
42 131 
2
2827 16 16 0
2826 28 14 0
2
43 66 
2
2713 18 14 0
2712 18 22 0
2
42 149 
2
2828 16 16 0
2827 20 6 0
2
43 67 
2
2714 18 14 0
2713 18 28 0
2
42 150 
2
2829 16 16 0
2828 24 8 0
2
43 68 
2
2715 18 14 0
2714 18 12 0
2
42 151 
2
2830 16 16 0
2829 22 2 0
2
43 86 
2
2716 18 14 0
2715 6 10 0
2
42 152 
2
2831 16 16 0
2830 22 30 0
2
43 87 
2
2717 18 14 0
2716 22 14 0
2
42 153 
2
2832 16 16 0
2831 24 26 0
2
43 89 
2
2718 18 14 0
2717 24 14 0
2
42 154 
2
2833 16 16 0
2832 28 18 0
2
43 90 
2
2719 18 14 0
2718 20 10 0
2
42 155 
2
2834 16 16 0
2833 22 22 0
2
43 91 
2
2720 18 14 0
2719 28 8 0
2
20 40 
2
2812 14 16 0
2813 10 16 0
2
21 41 
2
2698 20 14 0
2699 20 12 0
2
38 40 
2
2813 4 16 0
2814 10 16 0
2
39 41 
2
2699 22 8 0
2700 20 12 0
2
42 42 
1
2835 16 16 0
2
40 42 
2
2835 10 16 0
2836 16 16 0
2
42 42 
1
2837 16 16 0
2
20 42 
2
2837 14 16 0
2838 16 16 0
2
42 42 
1
2839 16 16 0
2
40 42 
2
2839 10 16 0
2840 16 16 0
2
42 42 
1
2841 16 16 0
2
43 43 
1
2721 18 14 0
2
41 43 
2
2721 20 12 0
2722 18 14 0
2
43 43 
1
2723 18 14 0
2
21 43 
2
2723 20 14 0
2724 18 14 0
2
43 43 
1
2725 18 14 0
2
41 43 
2
2725 20 12 0
2726 18 14 0
2
43 43 
1
2727 18 14 0
2
42 118 
2
2842 16 16 0
2841 12 12 0
2
43 90 
2
2728 18 14 0
2727 20 10 0
2
42 119 
2
2843 16 16 0
2842 22 18 0
2
43 91 
2
2729 18 14 0
2728 28 8 0
2
42 120 
2
2844 16 16 0
2843 28 20 0
2
43 92 
2
2730 18 14 0
2729 32 12 0
2
42 121 
2
2845 16 16 0
2844 8 14 0
2
42 122 
2
2846 16 16 0
2845 12 6 0
2
42 123 
2
2847 16 16 0
2846 22 20 0
2
42 124 
2
2848 16 16 0
2847 20 26 0
2
42 125 
2
2849 16 16 0
2848 12 16 0
2
42 126 
2
2850 16 16 0
2849 16 10 0
2
42 128 
2
2851 16 16 0
2850 16 14 0
2
42 129 
2
2852 16 16 0
2851 28 12 0
2
42 130 
2
2853 16 16 0
2852 22 6 0
2
42 131 
2
2854 16 16 0
2853 28 14 0
2
42 149 
2
2855 16 16 0
2854 20 6 0
2
42 150 
2
2856 16 16 0
2855 24 8 0
2
42 151 
2
2857 16 16 0
2856 22 2 0
2
42 152 
2
2858 16 16 0
2857 22 30 0
2
42 153 
2
2859 16 16 0
2858 24 26 0
2
42 154 
2
2860 16 16 0
2859 28 18 0
2
42 155 
2
2861 16 16 0
2860 22 22 0
2
42 156 
2
2862 16 16 0
2861 26 18 0
2
40 42 
2
2862 10 16 0
2863 16 16 0
2
41 43 
2
2730 20 12 0
2731 18 14 0
2
42 118 
2
2864 16 16 0
2863 12 12 0
2
43 90 
2
2732 18 14 0
2731 20 10 0
2
42 119 
2
2865 16 16 0
2864 22 18 0
2
43 91 
2
2733 18 14 0
2732 28 8 0
2
42 120 
2
2866 16 16 0
2865 28 20 0
2
43 92 
2
2734 18 14 0
2733 32 12 0
2
42 121 
2
2867 16 16 0
2866 8 14 0
2
42 122 
2
2868 16 16 0
2867 12 6 0
2
42 123 
2
2869 16 16 0
2868 22 20 0
2
42 124 
2
2870 16 16 0
2869 20 26 0
2
42 125 
2
2871 16 16 0
2870 12 16 0
2
42 126 
2
2872 16 16 0
2871 16 10 0
2
42 128 
2
2873 16 16 0
2872 16 14 0
2
42 129 
2
2874 16 16 0
2873 28 12 0
2
42 130 
2
2875 16 16 0
2874 22 6 0
2
42 131 
2
2876 16 16 0
2875 28 14 0
2
42 149 
2
2877 16 16 0
2876 20 6 0
2
42 150 
2
2878 16 16 0
2877 24 8 0
2
42 151 
2
2879 16 16 0
2878 22 2 0
2
42 152 
2
2880 16 16 0
2879 22 30 0
2
42 153 
2
2881 16 16 0
2880 24 26 0
2
42 154 
2
2882 16 16 0
2881 28 18 0
2
42 155 
2
2883 16 16 0
2882 22 22 0
2
42 156 
2
2884 16 16 0
2883 26 18 0
2
20 40 
2
2862 14 16 0
2863 10 16 0
2
21 41 
2
2730 20 14 0
2731 20 12 0
2
18 38 
2
2813 4 18 0
2814 4 16 0
2
19 39 
2
2699 20 8 0
2700 22 8 0
2
16 36 
2
2766 4 24 0
2767 4 22 0
2
17 37 
2
2618 26 4 0
2619 24 4 0
2
14 34 
2
2593 4 26 0
2594 2 24 0
2
15 35 
2
2489 26 2 0
2490 28 2 0
2
12 32 
2
2340 2 26 0
2341 2 28 0
2
13 33 
2
2230 30 2 0
2231 32 2 0
2
30 32 
2
2341 4 28 0
2342 2 28 0
2
31 33 
2
2231 32 6 0
2232 32 2 0
2
34 34 
1
2595 2 24 0
2
32 34 
2
2595 2 28 0
2596 2 24 0
2
34 34 
1
2597 2 24 0
2
12 34 
2
2597 2 26 0
2598 2 24 0
2
34 34 
1
2599 2 24 0
2
32 34 
2
2599 2 28 0
2600 2 24 0
2
34 34 
1
2601 2 24 0
2
35 35 
1
2491 28 2 0
2
33 35 
2
2491 32 2 0
2492 28 2 0
2
35 35 
1
2493 28 2 0
2
13 35 
2
2493 30 2 0
2494 28 2 0
2
35 35 
1
2495 28 2 0
2
33 35 
2
2495 32 2 0
2496 28 2 0
2
35 35 
1
2497 28 2 0
2
36 36 
1
2768 4 22 0
2
34 36 
2
2768 2 24 0
2769 4 22 0
2
36 36 
1
2770 4 22 0
2
14 36 
2
2770 4 26 0
2771 4 22 0
2
36 36 
1
2772 4 22 0
2
34 36 
2
2772 2 24 0
2773 4 22 0
2
36 36 
1
2774 4 22 0
2
37 37 
1
2620 24 4 0
2
35 37 
2
2620 28 2 0
2621 24 4 0
2
37 37 
1
2622 24 4 0
2
15 37 
2
2622 26 2 0
2623 24 4 0
2
37 37 
1
2624 24 4 0
2
35 37 
2
2624 28 2 0
2625 24 4 0
2
37 37 
1
2626 24 4 0
2
38 38 
1
2815 4 16 0
2
36 38 
2
2815 4 22 0
2816 4 16 0
2
38 38 
1
2817 4 16 0
2
16 38 
2
2817 4 24 0
2818 4 16 0
2
38 38 
1
2819 4 16 0
2
36 38 
2
2819 4 22 0
2820 4 16 0
2
38 38 
1
2821 4 16 0
2
39 39 
1
2701 22 8 0
2
37 39 
2
2701 24 4 0
2702 22 8 0
2
39 39 
1
2703 22 8 0
2
17 39 
2
2703 26 4 0
2704 22 8 0
2
39 39 
1
2705 22 8 0
2
37 39 
2
2705 24 4 0
2706 22 8 0
2
39 39 
1
2707 22 8 0
2
40 40 
1
2864 10 16 0
2
38 40 
2
2864 4 16 0
2865 10 16 0
2
40 40 
1
2866 10 16 0
2
18 40 
2
2866 4 18 0
2867 10 16 0
2
40 40 
1
2868 10 16 0
2
38 40 
2
2868 4 16 0
2869 10 16 0
2
40 40 
1
2870 10 16 0
2
41 41 
1
2732 20 12 0
2
39 41 
2
2732 22 8 0
2733 20 12 0
2
41 41 
1
2734 20 12 0
2
19 41 
2
2734 20 8 0
2735 20 12 0
2
41 41 
1
2736 20 12 0
2
39 41 
2
2736 22 8 0
2737 20 12 0
2
41 41 
1
2738 20 12 0
2
42 42 
1
2885 16 16 0
2
40 42 
2
2885 10 16 0
2886 16 16 0
2
42 42 
1
2887 16 16 0
2
20 42 
2
2887 14 16 0
2888 16 16 0
2
42 42 
1
2889 16 16 0
2
40 42 
2
2889 10 16 0
2890 16 16 0
2
42 42 
1
2891 16 16 0
2
43 43 
1
2735 18 14 0
2
41 43 
2
2739 20 12 0
2738 18 14 0
2
43 43 
1
2739 18 14 0
2
21 43 
2
2739 20 14 0
2740 18 14 0
2
43 43 
1
2741 18 14 0
2
41 43 
2
2741 20 12 0
2742 18 14 0
2
43 43 
1
2743 18 14 0
2
42 153 
2
2892 16 16 0
2891 24 26 0
2
43 91 
2
2744 18 14 0
2743 28 8 0
2
42 154 
2
2893 16 16 0
2892 28 18 0
2
43 92 
2
2745 18 14 0
2744 32 12 0
2
42 155 
2
2894 16 16 0
2893 22 22 0
2
43 93 
2
2746 18 14 0
2745 20 2 0
2
40 42 
2
2894 10 16 0
2895 16 16 0
2
41 43 
2
2746 20 12 0
2747 18 14 0
2
42 153 
2
2896 16 16 0
2895 24 26 0
2
43 91 
2
2748 18 14 0
2747 28 8 0
2
42 154 
2
2897 16 16 0
2896 28 18 0
2
43 92 
2
2749 18 14 0
2748 32 12 0
2
42 155 
2
2898 16 16 0
2897 22 22 0
2
43 93 
2
2750 18 14 0
2749 20 2 0
2
20 40 
2
2894 14 16 0
2895 10 16 0
2
21 41 
2
2746 20 14 0
2747 20 12 0
2
38 40 
2
2895 4 16 0
2896 10 16 0
2
39 41 
2
2747 22 8 0
2748 20 12 0
2
42 42 
1
2899 16 16 0
2
40 42 
2
2899 10 16 0
2900 16 16 0
2
42 42 
1
2901 16 16 0
2
20 42 
2
2901 14 16 0
2902 16 16 0
2
42 42 
1
2903 16 16 0
2
40 42 
2
2903 10 16 0
2904 16 16 0
2
42 42 
1
2905 16 16 0
2
43 43 
1
2751 18 14 0
2
41 43 
2
2751 20 12 0
2752 18 14 0
2
43 43 
1
2753 18 14 0
2
21 43 
2
2753 20 14 0
2754 18 14 0
2
43 43 
1
2755 18 14 0
2
41 43 
2
2755 20 12 0
2756 18 14 0
2
43 43 
1
2757 18 14 0
2
42 154 
2
2906 16 16 0
2905 28 18 0
2
43 90 
2
2758 18 14 0
2757 20 10 0
2
42 155 
2
2907 16 16 0
2906 22 22 0
2
43 91 
2
2759 18 14 0
2758 28 8 0
2
42 156 
2
2908 16 16 0
2907 26 18 0
2
43 92 
2
2760 18 14 0
2759 32 12 0
2
43 93 
2
2761 18 14 0
2760 20 2 0
2
43 94 
2
2762 18 14 0
2761 8 6 0
2
43 95 
2
2763 18 14 0
2762 6 12 0
2
43 96 
2
2764 18 14 0
2763 16 4 0
2
43 97 
2
2765 18 14 0
2764 12 14 0
2
43 98 
2
2766 18 14 0
2765 22 16 0
2
43 99 
2
2767 18 14 0
2766 18 24 0
2
43 100 
2
2768 18 14 0
2767 12 10 0
2
43 101 
2
2769 18 14 0
2768 18 18 0
2
43 102 
2
2770 18 14 0
2769 14 8 0
2
43 103 
2
2771 18 14 0
2770 14 6 0
2
43 104 
2
2772 18 14 0
2771 22 26 0
2
43 105 
2
2773 18 14 0
2772 20 16 0
2
43 106 
2
2774 18 14 0
2773 24 20 0
2
43 107 
2
2775 18 14 0
2774 30 16 0
2
43 108 
2
2776 18 14 0
2775 28 10 0
2
43 109 
2
2777 18 14 0
2776 26 10 0
2
43 111 
2
2778 18 14 0
2777 18 6 0
2
40 42 
2
2908 10 16 0
2909 16 16 0
2
41 43 
2
2778 20 12 0
2779 18 14 0
2
42 154 
2
2910 16 16 0
2909 28 18 0
2
43 90 
2
2780 18 14 0
2779 20 10 0
2
42 155 
2
2911 16 16 0
2910 22 22 0
2
43 91 
2
2781 18 14 0
2780 28 8 0
2
42 156 
2
2912 16 16 0
2911 26 18 0
2
43 92 
2
2782 18 14 0
2781 32 12 0
2
43 93 
2
2783 18 14 0
2782 20 2 0
2
43 94 
2
2784 18 14 0
2783 8 6 0
2
43 95 
2
2785 18 14 0
2784 6 12 0
2
43 96 
2
2786 18 14 0
2785 16 4 0
2
43 97 
2
2787 18 14 0
2786 12 14 0
2
43 98 
2
2788 18 14 0
2787 22 16 0
2
43 99 
2
2789 18 14 0
2788 18 24 0
2
43 100 
2
2790 18 14 0
2789 12 10 0
2
43 101 
2
2791 18 14 0
2790 18 18 0
2
43 102 
2
2792 18 14 0
2791 14 8 0
2
43 103 
2
2793 18 14 0
2792 14 6 0
2
43 104 
2
2794 18 14 0
2793 22 26 0
2
43 105 
2
2795 18 14 0
2794 20 16 0
2
43 106 
2
2796 18 14 0
2795 24 20 0
2
43 107 
2
2797 18 14 0
2796 30 16 0
2
43 108 
2
2798 18 14 0
2797 28 10 0
2
43 109 
2
2799 18 14 0
2798 26 10 0
2
43 111 
2
2800 18 14 0
2799 18 6 0
2
20 40 
2
2908 14 16 0
2909 10 16 0
2
21 41 
2
2778 20 14 0
2779 20 12 0
2
18 38 
2
2895 4 18 0
2896 4 16 0
2
19 39 
2
2747 20 8 0
2748 22 8 0
2
36 38 
2
2896 4 22 0
2897 4 16 0
2
37 39 
2
2748 24 4 0
2749 22 8 0
2
40 40 
1
2910 10 16 0
2
38 40 
2
2910 4 16 0
2911 10 16 0
2
40 40 
1
2912 10 16 0
2
18 40 
2
2912 4 18 0
2913 10 16 0
2
40 40 
1
2914 10 16 0
2
38 40 
2
2914 4 16 0
2915 10 16 0
2
40 40 
1
2916 10 16 0
2
41 41 
1
2780 20 12 0
2
39 41 
2
2780 22 8 0
2781 20 12 0
2
41 41 
1
2782 20 12 0
2
19 41 
2
2782 20 8 0
2783 20 12 0
2
41 41 
1
2784 20 12 0
2
39 41 
2
2784 22 8 0
2785 20 12 0
2
41 41 
1
2786 20 12 0
2
42 42 
1
2913 16 16 0
2
40 42 
2
2917 10 16 0
2916 16 16 0
2
42 42 
1
2917 16 16 0
2
20 42 
2
2917 14 16 0
2918 16 16 0
2
42 42 
1
2919 16 16 0
2
40 42 
2
2919 10 16 0
2920 16 16 0
2
42 42 
1
2921 16 16 0
2
43 43 
1
2801 18 14 0
2
41 43 
2
2801 20 12 0
2802 18 14 0
2
43 43 
1
2803 18 14 0
2
21 43 
2
2803 20 14 0
2804 18 14 0
2
43 43 
1
2805 18 14 0
2
41 43 
2
2805 20 12 0
2806 18 14 0
2
43 43 
1
2807 18 14 0
2
42 153 
2
2922 16 16 0
2921 24 26 0
2
43 91 
2
2808 18 14 0
2807 28 8 0
2
42 154 
2
2923 16 16 0
2922 28 18 0
2
43 92 
2
2809 18 14 0
2808 32 12 0
2
42 155 
2
2924 16 16 0
2923 22 22 0
2
43 93 
2
2810 18 14 0
2809 20 2 0
2
42 156 
2
2925 16 16 0
2924 26 18 0
2
43 94 
2
2811 18 14 0
2810 8 6 0
2
42 157 
2
2926 16 16 0
2925 24 16 0
2
43 95 
2
2812 18 14 0
2811 6 12 0
2
42 158 
2
2927 16 16 0
2926 4 14 0
2
43 96 
2
2813 18 14 0
2812 16 4 0
2
42 159 
2
2928 16 16 0
2927 14 4 0
2
43 97 
2
2814 18 14 0
2813 12 14 0
2
42 160 
2
2929 16 16 0
2928 10 14 0
2
43 98 
2
2815 18 14 0
2814 22 16 0
2
42 161 
2
2930 16 16 0
2929 14 2 0
2
43 99 
2
2816 18 14 0
2815 18 24 0
2
42 162 
2
2931 16 16 0
2930 30 18 0
2
43 100 
2
2817 18 14 0
2816 12 10 0
2
42 163 
2
2932 16 16 0
2931 24 22 0
2
43 101 
2
2818 18 14 0
2817 18 18 0
2
42 164 
2
2933 16 16 0
2932 26 20 0
2
43 102 
2
2819 18 14 0
2818 14 8 0
2
42 166 
2
2934 16 16 0
2933 20 22 0
2
43 103 
2
2820 18 14 0
2819 14 6 0
2
42 167 
2
2935 16 16 0
2934 22 12 0
2
43 104 
2
2821 18 14 0
2820 22 26 0
2
42 168 
2
2936 16 16 0
2935 24 10 0
2
43 105 
2
2822 18 14 0
2821 20 16 0
2
42 169 
2
2937 16 16 0
2936 18 2 0
2
43 106 
2
2823 18 14 0
2822 24 20 0
2
42 170 
2
2938 16 16 0
2937 26 14 0
2
43 107 
2
2824 18 14 0
2823 30 16 0
2
42 171 
2
2939 16 16 0
2938 20 4 0
2
43 108 
2
2825 18 14 0
2824 28 10 0
2
42 172 
2
2940 16 16 0
2939 26 8 0
2
43 109 
2
2826 18 14 0
2825 26 10 0
2
42 173 
2
2941 16 16 0
2940 26 6 0
2
43 111 
2
2827 18 14 0
2826 18 6 0
2
42 174 
2
2942 16 16 0
2941 20 32 0
2
43 112 
2
2828 18 14 0
2827 30 14 0
2
40 42 
2
2942 10 16 0
2943 16 16 0
2
41 43 
2
2828 20 12 0
2829 18 14 0
2
42 153 
2
2944 16 16 0
2943 24 26 0
2
43 91 
2
2830 18 14 0
2829 28 8 0
2
42 154 
2
2945 16 16 0
2944 28 18 0
2
43 92 
2
2831 18 14 0
2830 32 12 0
2
42 155 
2
2946 16 16 0
2945 22 22 0
2
43 93 
2
2832 18 14 0
2831 20 2 0
2
42 156 
2
2947 16 16 0
2946 26 18 0
2
43 94 
2
2833 18 14 0
2832 8 6 0
2
42 157 
2
2948 16 16 0
2947 24 16 0
2
43 95 
2
2834 18 14 0
2833 6 12 0
2
42 158 
2
2949 16 16 0
2948 4 14 0
2
43 96 
2
2835 18 14 0
2834 16 4 0
2
42 159 
2
2950 16 16 0
2949 14 4 0
2
43 97 
2
2836 18 14 0
2835 12 14 0
2
42 160 
2
2951 16 16 0
2950 10 14 0
2
43 98 
2
2837 18 14 0
2836 22 16 0
2
42 161 
2
2952 16 16 0
2951 14 2 0
2
43 99 
2
2838 18 14 0
2837 18 24 0
2
42 162 
2
2953 16 16 0
2952 30 18 0
2
43 100 
2
2839 18 14 0
2838 12 10 0
2
42 163 
2
2954 16 16 0
2953 24 22 0
2
43 101 
2
2840 18 14 0
2839 18 18 0
2
42 164 
2
2955 16 16 0
2954 26 20 0
2
43 102 
2
2841 18 14 0
2840 14 8 0
2
42 166 
2
2956 16 16 0
2955 20 22 0
2
43 103 
2
2842 18 14 0
2841 14 6 0
2
42 167 
2
2957 16 16 0
2956 22 12 0
2
43 104 
2
2843 18 14 0
2842 22 26 0
2
42 168 
2
2958 16 16 0
2957 24 10 0
2
43 105 
2
2844 18 14 0
2843 20 16 0
2
42 169 
2
2959 16 16 0
2958 18 2 0
2
43 106 
2
2845 18 14 0
2844 24 20 0
2
42 170 
2
2960 16 16 0
2959 26 14 0
2
43 107 
2
2846 18 14 0
2845 30 16 0
2
42 171 
2
2961 16 16 0
2960 20 4 0
2
43 108 
2
2847 18 14 0
2846 28 10 0
2
42 172 
2
2962 16 16 0
2961 26 8 0
2
43 109 
2
2848 18 14 0
2847 26 10 0
2
42 173 
2
2963 16 16 0
2962 26 6 0
2
43 111 
2
2849 18 14 0
2848 18 6 0
2
42 174 
2
2964 16 16 0
2963 20 32 0
2
43 112 
2
2850 18 14 0
2849 30 14 0
2
20 40 
2
2942 14 16 0
2943 10 16 0
2
21 41 
2
2828 20 14 0
2829 20 12 0
2
38 40 
2
2943 4 16 0
2944 10 16 0
2
39 41 
2
2829 22 8 0
2830 20 12 0
2
42 42 
1
2965 16 16 0
2
40 42 
2
2965 10 16 0
2966 16 16 0
2
42 42 
1
2967 16 16 0
2
20 42 
2
2967 14 16 0
2968 16 16 0
2
42 42 
1
2969 16 16 0
2
40 42 
2
2969 10 16 0
2970 16 16 0
2
42 42 
1
2971 16 16 0
2
43 43 
1
2851 18 14 0
2
41 43 
2
2851 20 12 0
2852 18 14 0
2
43 43 
1
2853 18 14 0
2
21 43 
2
2853 20 14 0
2854 18 14 0
2
43 43 
1
2855 18 14 0
2
41 43 
2
2855 20 12 0
2856 18 14 0
2
43 43 
1
2857 18 14 0
2
42 154 
2
2972 16 16 0
2971 28 18 0
2
43 111 
2
2858 18 14 0
2857 18 6 0
2
42 155 
2
2973 16 16 0
2972 22 22 0
2
43 112 
2
2859 18 14 0
2858 30 14 0
2
42 156 
2
2974 16 16 0
2973 26 18 0
2
43 113 
2
2860 18 14 0
2859 22 4 0
2
42 157 
2
2975 16 16 0
2974 24 16 0
2
42 158 
2
2976 16 16 0
2975 4 14 0
2
42 159 
2
2977 16 16 0
2976 14 4 0
2
42 160 
2
2978 16 16 0
2977 10 14 0
2
42 161 
2
2979 16 16 0
2978 14 2 0
2
42 162 
2
2980 16 16 0
2979 30 18 0
2
42 163 
2
2981 16 16 0
2980 24 22 0
2
42 164 
2
2982 16 16 0
2981 26 20 0
2
42 166 
2
2983 16 16 0
2982 20 22 0
2
42 167 
2
2984 16 16 0
2983 22 12 0
2
42 168 
2
2985 16 16 0
2984 24 10 0
2
42 169 
2
2986 16 16 0
2985 18 2 0
2
42 170 
2
2987 16 16 0
2986 26 14 0
2
42 171 
2
2988 16 16 0
2987 20 4 0
2
42 172 
2
2989 16 16 0
2988 26 8 0
2
42 173 
2
2990 16 16 0
2989 26 6 0
2
42 174 
2
2991 16 16 0
2990 20 32 0
2
42 175 
2
2992 16 16 0
2991 6 8 0
2
40 42 
2
2992 10 16 0
2993 16 16 0
2
41 43 
2
2860 20 12 0
2861 18 14 0
2
42 154 
2
2994 16 16 0
2993 28 18 0
2
43 111 
2
2862 18 14 0
2861 18 6 0
2
42 155 
2
2995 16 16 0
2994 22 22 0
2
43 112 
2
2863 18 14 0
2862 30 14 0
2
42 156 
2
2996 16 16 0
2995 26 18 0
2
43 113 
2
2864 18 14 0
2863 22 4 0
2
42 157 
2
2997 16 16 0
2996 24 16 0
2
42 158 
2
2998 16 16 0
2997 4 14 0
2
42 159 
2
2999 16 16 0
2998 14 4 0
2
42 160 
2
3000 16 16 0
2999 10 14 0
2
42 161 
2
3001 16 16 0
3000 14 2 0
2
42 162 
2
3002 16 16 0
3001 30 18 0
2
42 163 
2
3003 16 16 0
3002 24 22 0
2
42 164 
2
3004 16 16 0
3003 26 20 0
2
42 166 
2
3005 16 16 0
3004 20 22 0
2
42 167 
2
3006 16 16 0
3005 22 12 0
2
42 168 
2
3007 16 16 0
3006 24 10 0
2
42 169 
2
3008 16 16 0
3007 18 2 0
2
42 170 
2
3009 16 16 0
3008 26 14 0
2
42 171 
2
3010 16 16 0
3009 20 4 0
2
42 172 
2
3011 16 16 0
3010 26 8 0
2
42 173 
2
3012 16 16 0
3011 26 6 0
2
42 174 
2
3013 16 16 0
3012 20 32 0
2
42 175 
2
3014 16 16 0
3013 6 8 0
2
20 40 
2
2992 14 16 0
2993 10 16 0
2
21 41 
2
2860 20 14 0
2861 20 12 0
2
18 38 
2
2943 4 18 0
2944 4 16 0
2
19 39 
2
2829 20 8 0
2830 22 8 0
2
16 36 
2
2896 4 24 0
2897 4 22 0
2
17 37 
2
2748 26 4 0
2749 24 4 0
2
34 36 
2
2897 2 24 0
2898 4 22 0
2
35 37 
2
2749 28 2 0
2750 24 4 0
2
38 38 
1
2945 4 16 0
2
36 38 
2
2945 4 22 0
2946 4 16 0
2
38 38 
1
2947 4 16 0
2
16 38 
2
2947 4 24 0
2948 4 16 0
2
38 38 
1
2949 4 16 0
2
36 38 
2
2949 4 22 0
2950 4 16 0
2
38 38 
1
2951 4 16 0
2
39 39 
1
2831 22 8 0
2
37 39 
2
2831 24 4 0
2832 22 8 0
2
39 39 
1
2833 22 8 0
2
17 39 
2
2833 26 4 0
2834 22 8 0
2
39 39 
1
2835 22 8 0
2
37 39 
2
2835 24 4 0
2836 22 8 0
2
39 39 
1
2837 22 8 0
2
40 40 
1
2994 10 16 0
2
38 40 
2
2994 4 16 0
2995 10 16 0
2
40 40 
1
2996 10 16 0
2
18 40 
2
2996 4 18 0
2997 10 16 0
2
40 40 
1
2998 10 16 0
2
38 40 
2
2998 4 16 0
2999 10 16 0
2
40 40 
1
3000 10 16 0
2
41 41 
1
2862 20 12 0
2
39 41 
2
2862 22 8 0
2863 20 12 0
2
41 41 
1
2864 20 12 0
2
19 41 
2
2864 20 8 0
2865 20 12 0
2
41 41 
1
2866 20 12 0
2
39 41 
2
2866 22 8 0
2867 20 12 0
2
41 41 
1
2868 20 12 0
2
42 42 
1
3015 16 16 0
2
40 42 
2
3015 10 16 0
3016 16 16 0
2
42 42 
1
3017 16 16 0
2
20 42 
2
3017 14 16 0
3018 16 16 0
2
42 42 
1
3019 16 16 0
2
40 42 
2
3019 10 16 0
3020 16 16 0
2
42 42 
1
3021 16 16 0
2
43 43 
1
2865 18 14 0
2
41 43 
2
2869 20 12 0
2868 18 14 0
2
43 43 
1
2869 18 14 0
2
21 43 
2
2869 20 14 0
2870 18 14 0
2
43 43 
1
2871 18 14 0
2
41 43 
2
2871 20 12 0
2872 18 14 0
2
43 43 
1
2873 18 14 0
2
42 153 
2
3022 16 16 0
3021 24 26 0
2
43 112 
2
2874 18 14 0
2873 30 14 0
2
42 154 
2
3023 16 16 0
3022 28 18 0
2
43 113 
2
2875 18 14 0
2874 22 4 0
2
42 155 
2
3024 16 16 0
3023 22 22 0
2
43 114 
2
2876 18 14 0
2875 30 10 0
2
42 156 
2
3025 16 16 0
3024 26 18 0
2
42 157 
2
3026 16 16 0
3025 24 16 0
2
42 158 
2
3027 16 16 0
3026 4 14 0
2
42 159 
2
3028 16 16 0
3027 14 4 0
2
42 160 
2
3029 16 16 0
3028 10 14 0
2
42 161 
2
3030 16 16 0
3029 14 2 0
2
42 162 
2
3031 16 16 0
3030 30 18 0
2
42 163 
2
3032 16 16 0
3031 24 22 0
2
42 164 
2
3033 16 16 0
3032 26 20 0
2
42 166 
2
3034 16 16 0
3033 20 22 0
2
42 167 
2
3035 16 16 0
3034 22 12 0
2
42 168 
2
3036 16 16 0
3035 24 10 0
2
42 169 
2
3037 16 16 0
3036 18 2 0
2
42 170 
2
3038 16 16 0
3037 26 14 0
2
42 171 
2
3039 16 16 0
3038 20 4 0
2
42 172 
2
3040 16 16 0
3039 26 8 0
2
40 42 
2
3040 10 16 0
3041 16 16 0
2
41 43 
2
2876 20 12 0
2877 18 14 0
2
42 153 
2
3042 16 16 0
3041 24 26 0
2
43 112 
2
2878 18 14 0
2877 30 14 0
2
42 154 
2
3043 16 16 0
3042 28 18 0
2
43 113 
2
2879 18 14 0
2878 22 4 0
2
42 155 
2
3044 16 16 0
3043 22 22 0
2
43 114 
2
2880 18 14 0
2879 30 10 0
2
42 156 
2
3045 16 16 0
3044 26 18 0
2
42 157 
2
3046 16 16 0
3045 24 16 0
2
42 158 
2
3047 16 16 0
3046 4 14 0
2
42 159 
2
3048 16 16 0
3047 14 4 0
2
42 160 
2
3049 16 16 0
3048 10 14 0
2
42 161 
2
3050 16 16 0
3049 14 2 0
2
42 162 
2
3051 16 16 0
3050 30 18 0
2
42 163 
2
3052 16 16 0
3051 24 22 0
2
42 164 
2
3053 16 16 0
3052 26 20 0
2
42 166 
2
3054 16 16 0
3053 20 22 0
2
42 167 
2
3055 16 16 0
3054 22 12 0
2
42 168 
2
3056 16 16 0
3055 24 10 0
2
42 169 
2
3057 16 16 0
3056 18 2 0
2
42 170 
2
3058 16 16 0
3057 26 14 0
2
42 171 
2
3059 16 16 0
3058 20 4 0
2
42 172 
2
3060 16 16 0
3059 26 8 0
2
20 40 
2
3040 14 16 0
3041 10 16 0
2
21 41 
2
2876 20 14 0
2877 20 12 0
2
38 40 
2
3041 4 16 0
3042 10 16 0
2
39 41 
2
2877 22 8 0
2878 20 12 0
2
42 42 
1
3061 16 16 0
2
40 42 
2
3061 10 16 0
3062 16 16 0
2
42 42 
1
3063 16 16 0
2
20 42 
2
3063 14 16 0
3064 16 16 0
2
42 42 
1
3065 16 16 0
2
40 42 
2
3065 10 16 0
3066 16 16 0
2
42 42 
1
3067 16 16 0
2
43 43 
1
2881 18 14 0
2
41 43 
2
2881 20 12 0
2882 18 14 0
2
43 43 
1
2883 18 14 0
2
21 43 
2
2883 20 14 0
2884 18 14 0
2
43 43 
1
2885 18 14 0
2
41 43 
2
2885 20 12 0
2886 18 14 0
2
43 43 
1
2887 18 14 0
2
42 154 
2
3068 16 16 0
3067 28 18 0
2
43 111 
2
2888 18 14 0
2887 18 6 0
2
42 155 
2
3069 16 16 0
3068 22 22 0
2
43 112 
2
2889 18 14 0
2888 30 14 0
2
42 156 
2
3070 16 16 0
3069 26 18 0
2
43 113 
2
2890 18 14 0
2889 22 4 0
2
42 157 
2
3071 16 16 0
3070 24 16 0
2
43 114 
2
2891 18 14 0
2890 30 10 0
2
42 158 
2
3072 16 16 0
3071 4 14 0
2
43 115 
2
2892 18 14 0
2891 2 10 0
2
42 159 
2
3073 16 16 0
3072 14 4 0
2
43 116 
2
2893 18 14 0
2892 8 8 0
2
42 160 
2
3074 16 16 0
3073 10 14 0
2
43 117 
2
2894 18 14 0
2893 12 8 0
2
42 161 
2
3075 16 16 0
3074 14 2 0
2
43 118 
2
2895 18 14 0
2894 12 12 0
2
42 162 
2
3076 16 16 0
3075 30 18 0
2
43 119 
2
2896 18 14 0
2895 22 18 0
2
42 163 
2
3077 16 16 0
3076 24 22 0
2
43 120 
2
2897 18 14 0
2896 28 20 0
2
42 164 
2
3078 16 16 0
3077 26 20 0
2
43 121 
2
2898 18 14 0
2897 8 14 0
2
42 166 
2
3079 16 16 0
3078 20 22 0
2
43 122 
2
2899 18 14 0
2898 12 6 0
2
42 167 
2
3080 16 16 0
3079 22 12 0
2
43 123 
2
2900 18 14 0
2899 22 20 0
2
42 168 
2
3081 16 16 0
3080 24 10 0
2
43 124 
2
2901 18 14 0
2900 20 26 0
2
42 169 
2
3082 16 16 0
3081 18 2 0
2
43 125 
2
2902 18 14 0
2901 12 16 0
2
42 170 
2
3083 16 16 0
3082 26 14 0
2
43 126 
2
2903 18 14 0
2902 16 10 0
2
42 171 
2
3084 16 16 0
3083 20 4 0
2
43 128 
2
2904 18 14 0
2903 16 14 0
2
42 172 
2
3085 16 16 0
3084 26 8 0
2
43 129 
2
2905 18 14 0
2904 28 12 0
2
42 173 
2
3086 16 16 0
3085 26 6 0
2
43 130 
2
2906 18 14 0
2905 22 6 0
2
43 131 
2
2907 18 14 0
2906 28 14 0
2
43 149 
2
2908 18 14 0
2907 20 6 0
2
40 42 
2
3086 10 16 0
3087 16 16 0
2
41 43 
2
2908 20 12 0
2909 18 14 0
2
42 154 
2
3088 16 16 0
3087 28 18 0
2
43 111 
2
2910 18 14 0
2909 18 6 0
2
42 155 
2
3089 16 16 0
3088 22 22 0
2
43 112 
2
2911 18 14 0
2910 30 14 0
2
42 156 
2
3090 16 16 0
3089 26 18 0
2
43 113 
2
2912 18 14 0
2911 22 4 0
2
42 157 
2
3091 16 16 0
3090 24 16 0
2
43 114 
2
2913 18 14 0
2912 30 10 0
2
42 158 
2
3092 16 16 0
3091 4 14 0
2
43 115 
2
2914 18 14 0
2913 2 10 0
2
42 159 
2
3093 16 16 0
3092 14 4 0
2
43 116 
2
2915 18 14 0
2914 8 8 0
2
42 160 
2
3094 16 16 0
3093 10 14 0
2
43 117 
2
2916 18 14 0
2915 12 8 0
2
42 161 
2
3095 16 16 0
3094 14 2 0
2
43 118 
2
2917 18 14 0
2916 12 12 0
2
42 162 
2
3096 16 16 0
3095 30 18 0
2
43 119 
2
2918 18 14 0
2917 22 18 0
2
42 163 
2
3097 16 16 0
3096 24 22 0
2
43 120 
2
2919 18 14 0
2918 28 20 0
2
42 164 
2
3098 16 16 0
3097 26 20 0
2
43 121 
2
2920 18 14 0
2919 8 14 0
2
42 166 
2
3099 16 16 0
3098 20 22 0
2
43 122 
2
2921 18 14 0
2920 12 6 0
2
42 167 
2
3100 16 16 0
3099 22 12 0
2
43 123 
2
2922 18 14 0
2921 22 20 0
2
42 168 
2
3101 16 16 0
3100 24 10 0
2
43 124 
2
2923 18 14 0
2922 20 26 0
2
42 169 
2
3102 16 16 0
3101 18 2 0
2
43 125 
2
2924 18 14 0
2923 12 16 0
2
42 170 
2
3103 16 16 0
3102 26 14 0
2
43 126 
2
2925 18 14 0
2924 16 10 0
2
42 171 
2
3104 16 16 0
3103 20 4 0
2
43 128 
2
2926 18 14 0
2925 16 14 0
2
42 172 
2
3105 16 16 0
3104 26 8 0
2
43 129 
2
2927 18 14 0
2926 28 12 0
2
42 173 
2
3106 16 16 0
3105 26 6 0
2
43 130 
2
2928 18 14 0
2927 22 6 0
2
43 131 
2
2929 18 14 0
2928 28 14 0
2
43 149 
2
2930 18 14 0
2929 20 6 0
2
20 40 
2
3086 14 16 0
3087 10 16 0
2
21 41 
2
2908 20 14 0
2909 20 12 0
2
18 38 
2
3041 4 18 0
3042 4 16 0
2
19 39 
2
2877 20 8 0
2878 22 8 0
2
36 38 
2
3042 4 22 0
3043 4 16 0
2
37 39 
2
2878 24 4 0
2879 22 8 0
2
40 40 
1
3088 10 16 0
2
38 40 
2
3088 4 16 0
3089 10 16 0
2
40 40 
1
3090 10 16 0
2
18 40 
2
3090 4 18 0
3091 10 16 0
2
40 40 
1
3092 10 16 0
2
38 40 
2
3092 4 16 0
3093 10 16 0
2
40 40 
1
3094 10 16 0
2
41 41 
1
2910 20 12 0
2
39 41 
2
2910 22 8 0
2911 20 12 0
2
41 41 
1
2912 20 12 0
2
19 41 
2
2912 20 8 0
2913 20 12 0
2
41 41 
1
2914 20 12 0
2
39 41 
2
2914 22 8 0
2915 20 12 0
2
41 41 
1
2916 20 12 0
2
42 42 
1
3107 16 16 0
2
40 42 
2
3107 10 16 0
3108 16 16 0
2
42 42 
1
3109 16 16 0
2
20 42 
2
3109 14 16 0
3110 16 16 0
2
42 42 
1
3111 16 16 0
2
40 42 
2
3111 10 16 0
3112 16 16 0
2
42 42 
1
3113 16 16 0
2
43 43 
1
2931 18 14 0
2
41 43 
2
2931 20 12 0
2932 18 14 0
2
43 43 
1
2933 18 14 0
2
21 43 
2
2933 20 14 0
2934 18 14 0
2
43 43 
1
2935 18 14 0
2
41 43 
2
2935 20 12 0
2936 18 14 0
2
43 43 
1
2937 18 14 0
2
42 155 
2
3114 16 16 0
3113 22 22 0
2
43 112 
2
2938 18 14 0
2937 30 14 0
2
42 156 
2
3115 16 16 0
3114 26 18 0
2
43 113 
2
2939 18 14 0
2938 22 4 0
2
42 157 
2
3116 16 16 0
3115 24 16 0
2
43 114 
2
2940 18 14 0
2939 30 10 0
2
43 115 
2
2941 18 14 0
2940 2 10 0
2
43 116 
2
2942 18 14 0
2941 8 8 0
2
43 117 
2
2943 18 14 0
2942 12 8 0
2
43 118 
2
2944 18 14 0
2943 12 12 0
2
43 119 
2
2945 18 14 0
2944 22 18 0
2
43 120 
2
2946 18 14 0
2945 28 20 0
2
43 121 
2
2947 18 14 0
2946 8 14 0
2
43 122 
2
2948 18 14 0
2947 12 6 0
2
43 123 
2
2949 18 14 0
2948 22 20 0
2
43 124 
2
2950 18 14 0
2949 20 26 0
2
43 125 
2
2951 18 14 0
2950 12 16 0
2
43 126 
2
2952 18 14 0
2951 16 10 0
2
43 128 
2
2953 18 14 0
2952 16 14 0
2
43 129 
2
2954 18 14 0
2953 28 12 0
2
43 130 
2
2955 18 14 0
2954 22 6 0
2
43 131 
2
2956 18 14 0
2955 28 14 0
2
43 149 
2
2957 18 14 0
2956 20 6 0
2
43 150 
2
2958 18 14 0
2957 24 8 0
2
40 42 
2
3116 10 16 0
3117 16 16 0
2
41 43 
2
2958 20 12 0
2959 18 14 0
2
42 155 
2
3118 16 16 0
3117 22 22 0
2
43 112 
2
2960 18 14 0
2959 30 14 0
2
42 156 
2
3119 16 16 0
3118 26 18 0
2
43 113 
2
2961 18 14 0
2960 22 4 0
2
42 157 
2
3120 16 16 0
3119 24 16 0
2
43 114 
2
2962 18 14 0
2961 30 10 0
2
43 115 
2
2963 18 14 0
2962 2 10 0
2
43 116 
2
2964 18 14 0
2963 8 8 0
2
43 117 
2
2965 18 14 0
2964 12 8 0
2
43 118 
2
2966 18 14 0
2965 12 12 0
2
43 119 
2
2967 18 14 0
2966 22 18 0
2
43 120 
2
2968 18 14 0
2967 28 20 0
2
43 121 
2
2969 18 14 0
2968 8 14 0
2
43 122 
2
2970 18 14 0
2969 12 6 0
2
43 123 
2
2971 18 14 0
2970 22 20 0
2
43 124 
2
2972 18 14 0
2971 20 26 0
2
43 125 
2
2973 18 14 0
2972 12 16 0
2
43 126 
2
2974 18 14 0
2973 16 10 0
2
43 128 
2
2975 18 14 0
2974 16 14 0
2
43 129 
2
2976 18 14 0
2975 28 12 0
2
43 130 
2
2977 18 14 0
2976 22 6 0
2
43 131 
2
2978 18 14 0
2977 28 14 0
2
43 149 
2
2979 18 14 0
2978 20 6 0
2
43 150 
2
2980 18 14 0
2979 24 8 0
2
20 40 
2
3116 14 16 0
3117 10 16 0
2
21 41 
2
2958 20 14 0
2959 20 12 0
2
38 40 
2
3117 4 16 0
3118 10 16 0
2
39 41 
2
2959 22 8 0
2960 20 12 0
2
42 42 
1
3121 16 16 0
2
40 42 
2
3121 10 16 0
3122 16 16 0
2
42 42 
1
3123 16 16 0
2
20 42 
2
3123 14 16 0
3124 16 16 0
2
42 42 
1
3125 16 16 0
2
40 42 
2
3125 10 16 0
3126 16 16 0
2
42 42 
1
3127 16 16 0
2
43 43 
1
2981 18 14 0
2
41 43 
2
2981 20 12 0
2982 18 14 0
2
43 43 
1
2983 18 14 0
2
21 43 
2
2983 20 14 0
2984 18 14 0
2
43 43 
1
2985 18 14 0
2
41 43 
2
2985 20 12 0
2986 18 14 0
2
43 43 
1
2987 18 14 0
2
42 156 
2
3128 16 16 0
3127 26 18 0
2
43 149 
2
2988 18 14 0
2987 20 6 0
2
42 157 
2
3129 16 16 0
3128 24 16 0
2
43 150 
2
2989 18 14 0
2988 24 8 0
2
42 158 
2
3130 16 16 0
3129 4 14 0
2
43 151 
2
2990 18 14 0
2989 22 2 0
2
40 42 
2
3130 10 16 0
3131 16 16 0
2
41 43 
2
2990 20 12 0
2991 18 14 0
2
42 156 
2
3132 16 16 0
3131 26 18 0
2
43 149 
2
2992 18 14 0
2991 20 6 0
2
42 157 
2
3133 16 16 0
3132 24 16 0
2
43 150 
2
2993 18 14 0
2992 24 8 0
2
42 158 
2
3134 16 16 0
3133 4 14 0
2
43 151 
2
2994 18 14 0
2993 22 2 0
2
20 40 
2
3130 14 16 0
3131 10 16 0
2
21 41 
2
2990 20 14 0
2991 20 12 0
2
18 38 
2
3117 4 18 0
3118 4 16 0
2
19 39 
2
2959 20 8 0
2960 22 8 0
2
16 36 
2
3042 4 24 0
3043 4 22 0
2
17 37 
2
2878 26 4 0
2879 24 4 0
2
14 34 
2
2897 4 26 0
2898 2 24 0
2
15 35 
2
2749 26 2 0
2750 28 2 0
2
32 34 
2
2898 2 28 0
2899 2 24 0
2
33 35 
2
2750 32 2 0
2751 28 2 0
2
36 36 
1
3044 4 22 0
2
34 36 
2
3044 2 24 0
3045 4 22 0
2
36 36 
1
3046 4 22 0
2
14 36 
2
3046 4 26 0
3047 4 22 0
2
36 36 
1
3048 4 22 0
2
34 36 
2
3048 2 24 0
3049 4 22 0
2
36 36 
1
3050 4 22 0
2
37 37 
1
2880 24 4 0
2
35 37 
2
2880 28 2 0
2881 24 4 0
2
37 37 
1
2882 24 4 0
2
15 37 
2
2882 26 2 0
2883 24 4 0
2
37 37 
1
2884 24 4 0
2
35 37 
2
2884 28 2 0
2885 24 4 0
2
37 37 
1
2886 24 4 0
2
38 38 
1
3119 4 16 0
2
36 38 
2
3119 4 22 0
3120 4 16 0
2
38 38 
1
3121 4 16 0
2
16 38 
2
3121 4 24 0
3122 4 16 0
2
38 38 
1
3123 4 16 0
2
36 38 
2
3123 4 22 0
3124 4 16 0
2
38 38 
1
3125 4 16 0
2
39 39 
1
2961 22 8 0
2
37 39 
2
2961 24 4 0
2962 22 8 0
2
39 39 
1
2963 22 8 0
2
17 39 
2
2963 26 4 0
2964 22 8 0
2
39 39 
1
2965 22 8 0
2
37 39 
2
2965 24 4 0
2966 22 8 0
2
39 39 
1
2967 22 8 0
2
40 40 
1
3132 10 16 0
2
38 40 
2
3132 4 16 0
3133 10 16 0
2
40 40 
1
3134 10 16 0
2
18 40 
2
3134 4 18 0
3135 10 16 0
2
40 40 
1
3136 10 16 0
2
38 40 
2
3136 4 16 0
3137 10 16 0
2
40 40 
1
3138 10 16 0
2
41 41 
1
2992 20 12 0
2
39 41 
2
2992 22 8 0
2993 20 12 0
2
41 41 
1
2994 20 12 0
2
19 41 
2
2994 20 8 0
2995 20 12 0
2
41 41 
1
2996 20 12 0
2
39 41 
2
2996 22 8 0
2997 20 12 0
2
41 41 
1
2998 20 12 0
2
42 42 
1
3135 16 16 0
2
40 42 
2
3139 10 16 0
3138 16 16 0
2
42 42 
1
3139 16 16 0
2
20 42 
2
3139 14 16 0
3140 16 16 0
2
42 42 
1
3141 16 16 0
2
40 42 
2
3141 10 16 0
3142 16 16 0
2
42 42 
1
3143 16 16 0
2
43 43 
1
2995 18 14 0
2
41 43 
2
2999 20 12 0
2998 18 14 0
2
43 43 
1
2999 18 14 0
2
21 43 
2
2999 20 14 0
3000 18 14 0
2
43 43 
1
3001 18 14 0
2
41 43 
2
3001 20 12 0
3002 18 14 0
2
43 43 
1
3003 18 14 0
2
42 155 
2
3144 16 16 0
3143 22 22 0
2
43 150 
2
3004 18 14 0
3003 24 8 0
2
42 156 
2
3145 16 16 0
3144 26 18 0
2
43 151 
2
3005 18 14 0
3004 22 2 0
2
42 157 
2
3146 16 16 0
3145 24 16 0
2
43 152 
2
3006 18 14 0
3005 22 30 0
2
42 158 
2
3147 16 16 0
3146 4 14 0
2
42 159 
2
3148 16 16 0
3147 14 4 0
2
42 160 
2
3149 16 16 0
3148 10 14 0
2
42 161 
2
3150 16 16 0
3149 14 2 0
2
42 162 
2
3151 16 16 0
3150 30 18 0
2
42 163 
2
3152 16 16 0
3151 24 22 0
2
42 164 
2
3153 16 16 0
3152 26 20 0
2
42 166 
2
3154 16 16 0
3153 20 22 0
2
42 167 
2
3155 16 16 0
3154 22 12 0
2
42 168 
2
3156 16 16 0
3155 24 10 0
2
42 169 
2
3157 16 16 0
3156 18 2 0
2
42 170 
2
3158 16 16 0
3157 26 14 0
2
42 171 
2
3159 16 16 0
3158 20 4 0
2
42 172 
2
3160 16 16 0
3159 26 8 0
2
42 173 
2
3161 16 16 0
3160 26 6 0
2
42 174 
2
3162 16 16 0
3161 20 32 0
2
42 175 
2
3163 16 16 0
3162 6 8 0
2
42 176 
2
3164 16 16 0
3163 20 30 0
2
40 42 
2
3164 10 16 0
3165 16 16 0
2
41 43 
2
3006 20 12 0
3007 18 14 0
2
42 155 
2
3166 16 16 0
3165 22 22 0
2
43 150 
2
3008 18 14 0
3007 24 8 0
2
42 156 
2
3167 16 16 0
3166 26 18 0
2
43 151 
2
3009 18 14 0
3008 22 2 0
2
42 157 
2
3168 16 16 0
3167 24 16 0
2
43 152 
2
3010 18 14 0
3009 22 30 0
2
42 158 
2
3169 16 16 0
3168 4 14 0
2
42 159 
2
3170 16 16 0
3169 14 4 0
2
42 160 
2
3171 16 16 0
3170 10 14 0
2
42 161 
2
3172 16 16 0
3171 14 2 0
2
42 162 
2
3173 16 16 0
3172 30 18 0
2
42 163 
2
3174 16 16 0
3173 24 22 0
2
42 164 
2
3175 16 16 0
3174 26 20 0
2
42 166 
2
3176 16 16 0
3175 20 22 0
2
42 167 
2
3177 16 16 0
3176 22 12 0
2
42 168 
2
3178 16 16 0
3177 24 10 0
2
42 169 
2
3179 16 16 0
3178 18 2 0
2
42 170 
2
3180 16 16 0
3179 26 14 0
2
42 171 
2
3181 16 16 0
3180 20 4 0
2
42 172 
2
3182 16 16 0
3181 26 8 0
2
42 173 
2
3183 16 16 0
3182 26 6 0
2
42 174 
2
3184 16 16 0
3183 20 32 0
2
42 175 
2
3185 16 16 0
3184 6 8 0
2
42 176 
2
3186 16 16 0
3185 20 30 0
2
20 40 
2
3164 14 16 0
3165 10 16 0
2
21 41 
2
3006 20 14 0
3007 20 12 0
2
38 40 
2
3165 4 16 0
3166 10 16 0
2
39 41 
2
3007 22 8 0
3008 20 12 0
2
42 42 
1
3187 16 16 0
2
40 42 
2
3187 10 16 0
3188 16 16 0
2
42 42 
1
3189 16 16 0
2
20 42 
2
3189 14 16 0
3190 16 16 0
2
42 42 
1
3191 16 16 0
2
40 42 
2
3191 10 16 0
3192 16 16 0
2
42 42 
1
3193 16 16 0
2
43 43 
1
3011 18 14 0
2
41 43 
2
3011 20 12 0
3012 18 14 0
2
43 43 
1
3013 18 14 0
2
21 43 
2
3013 20 14 0
3014 18 14 0
2
43 43 
1
3015 18 14 0
2
41 43 
2
3015 20 12 0
3016 18 14 0
2
43 43 
1
3017 18 14 0
2
42 156 
2
3194 16 16 0
3193 26 18 0
2
43 149 
2
3018 18 14 0
3017 20 6 0
2
42 157 
2
3195 16 16 0
3194 24 16 0
2
43 150 
2
3019 18 14 0
3018 24 8 0
2
42 158 
2
3196 16 16 0
3195 4 14 0
2
43 151 
2
3020 18 14 0
3019 22 2 0
2
42 159 
2
3197 16 16 0
3196 14 4 0
2
43 152 
2
3021 18 14 0
3020 22 30 0
2
42 160 
2
3198 16 16 0
3197 10 14 0
2
43 153 
2
3041 18 14 0
3042 24 26 0
2
42 161 
2
3199 16 16 0
3198 14 2 0
2
43 154 
2
3087 18 14 0
3088 28 18 0
2
42 162 
2
3200 16 16 0
3199 30 18 0
2
43 155 
2
3165 18 14 0
3166 22 22 0
2
42 163 
2
3201 16 16 0
3200 24 22 0
2
43 156 
2
3193 18 14 0
3194 26 18 0
2
42 164 
2
3202 16 16 0
3201 26 20 0
2
43 157 
2
3194 18 14 0
3195 24 16 0
2
42 166 
2
3203 16 16 0
3202 20 22 0
2
43 158 
2
3195 18 14 0
3196 4 14 0
2
42 167 
2
3204 16 16 0
3203 22 12 0
2
43 159 
2
3196 18 14 0
3197 14 4 0
2
42 168 
2
3205 16 16 0
3204 24 10 0
2
43 160 
2
3197 18 14 0
3198 10 14 0
2
42 169 
2
3206 16 16 0
3205 18 2 0
2
43 161 
2
3198 18 14 0
3199 14 2 0
2
42 170 
2
3207 16 16 0
3206 26 14 0
2
43 162 
2
3199 18 14 0
3200 30 18 0
2
42 171 
2
3208 16 16 0
3207 20 4 0
2
43 163 
2
3200 18 14 0
3201 24 22 0
2
42 172 
2
3209 16 16 0
3208 26 8 0
2
43 164 
2
3201 18 14 0
3202 26 20 0
2
42 173 
2
3210 16 16 0
3209 26 6 0
2
43 166 
2
3202 18 14 0
3203 20 22 0
2
42 174 
2
3211 16 16 0
3210 20 32 0
2
43 167 
2
3203 18 14 0
3204 22 12 0
2
42 175 
2
3212 16 16 0
3211 6 8 0
2
43 168 
2
3204 18 14 0
3205 24 10 0
2
42 176 
2
3213 16 16 0
3212 20 30 0
2
43 169 
2
3205 18 14 0
3206 18 2 0
2
42 177 
2
3214 16 16 0
3213 8 4 0
2
43 170 
2
3206 18 14 0
3207 26 14 0
2
40 42 
2
3214 10 16 0
3215 16 16 0
2
41 43 
2
3206 20 12 0
3207 18 14 0
2
42 156 
2
3216 16 16 0
3215 26 18 0
2
43 149 
2
3208 18 14 0
3207 20 6 0
2
42 157 
2
3217 16 16 0
3216 24 16 0
2
43 150 
2
3209 18 14 0
3208 24 8 0
2
42 158 
2
3218 16 16 0
3217 4 14 0
2
43 151 
2
3210 18 14 0
3209 22 2 0
2
42 159 
2
3219 16 16 0
3218 14 4 0
2
43 152 
2
3211 18 14 0
3210 22 30 0
2
42 160 
2
3220 16 16 0
3219 10 14 0
2
43 153 
2
3212 18 14 0
3211 24 26 0
2
42 161 
2
3221 16 16 0
3220 14 2 0
2
43 154 
2
3213 18 14 0
3212 28 18 0
2
42 162 
2
3222 16 16 0
3221 30 18 0
2
43 155 
2
3214 18 14 0
3213 22 22 0
2
42 163 
2
3223 16 16 0
3222 24 22 0
2
43 156 
2
3215 18 14 0
3216 26 18 0
2
42 164 
2
3224 16 16 0
3223 26 20 0
2
43 157 
2
3216 18 14 0
3217 24 16 0
2
42 166 
2
3225 16 16 0
3224 20 22 0
2
43 158 
2
3217 18 14 0
3218 4 14 0
2
42 167 
2
3226 16 16 0
3225 22 12 0
2
43 159 
2
3218 18 14 0
3219 14 4 0
2
42 168 
2
3227 16 16 0
3226 24 10 0
2
43 160 
2
3219 18 14 0
3220 10 14 0
2
42 169 
2
3228 16 16 0
3227 18 2 0
2
43 161 
2
3220 18 14 0
3221 14 2 0
2
42 170 
2
3229 16 16 0
3228 26 14 0
2
43 162 
2
3221 18 14 0
3222 30 18 0
2
42 171 
2
3230 16 16 0
3229 20 4 0
2
43 163 
2
3222 18 14 0
3223 24 22 0
2
42 172 
2
3231 16 16 0
3230 26 8 0
2
43 164 
2
3223 18 14 0
3224 26 20 0
2
42 173 
2
3232 16 16 0
3231 26 6 0
2
43 166 
2
3224 18 14 0
3225 20 22 0
2
42 174 
2
3233 16 16 0
3232 20 32 0
2
43 167 
2
3225 18 14 0
3226 22 12 0
2
42 175 
2
3234 16 16 0
3233 6 8 0
2
43 168 
2
3226 18 14 0
3227 24 10 0
2
42 176 
2
3235 16 16 0
3234 20 30 0
2
43 169 
2
3227 18 14 0
3228 18 2 0
2
42 177 
2
3236 16 16 0
3235 8 4 0
2
43 170 
2
3228 18 14 0
3229 26 14 0
2
20 40 
2
3214 14 16 0
3215 10 16 0
2
21 41 
2
3206 20 14 0
3207 20 12 0
2
18 38 
2
3165 4 18 0
3166 4 16 0
2
19 39 
2
3007 20 8 0
3008 22 8 0
2
36 38 
2
3166 4 22 0
3167 4 16 0
2
37 39 
2
3008 24 4 0
3009 22 8 0
2
40 40 
1
3216 10 16 0
2
38 40 
2
3216 4 16 0
3217 10 16 0
2
40 40 
1
3218 10 16 0
2
18 40 
2
3218 4 18 0
3219 10 16 0
2
40 40 
1
3220 10 16 0
2
38 40 
2
3220 4 16 0
3221 10 16 0
2
40 40 
1
3222 10 16 0
2
41 41 
1
3208 20 12 0
2
39 41 
2
3208 22 8 0
3209 20 12 0
2
41 41 
1
3210 20 12 0
2
19 41 
2
3210 20 8 0
3211 20 12 0
2
41 41 
1
3212 20 12 0
2
39 41 
2
3212 22 8 0
3213 20 12 0
2
41 41 
1
3214 20 12 0
2
42 42 
1
3237 16 16 0
2
40 42 
2
3237 10 16 0
3238 16 16 0
2
42 42 
1
3239 16 16 0
2
20 42 
2
3239 14 16 0
3240 16 16 0
2
42 42 
1
3241 16 16 0
2
40 42 
2
3241 10 16 0
3242 16 16 0
2
42 42 
1
3243 16 16 0
2
43 43 
1
3229 18 14 0
2
41 43 
2
3229 20 12 0
3230 18 14 0
2
43 43 
1
3231 18 14 0
2
21 43 
2
3231 20 14 0
3232 18 14 0
2
43 43 
1
3233 18 14 0
2
41 43 
2
3233 20 12 0
3234 18 14 0
2
43 43 
1
3235 18 14 0
2
42 174 
2
3244 16 16 0
3243 20 32 0
2
43 150 
2
3236 18 14 0
3235 24 8 0
2
42 175 
2
3245 16 16 0
3244 6 8 0
2
43 151 
2
3237 18 14 0
3236 22 2 0
2
42 176 
2
3246 16 16 0
3245 20 30 0
2
43 152 
2
3238 18 14 0
3237 22 30 0
2
43 153 
2
3239 18 14 0
3238 24 26 0
2
43 154 
2
3240 18 14 0
3239 28 18 0
2
43 155 
2
3241 18 14 0
3240 22 22 0
2
43 156 
2
3242 18 14 0
3241 26 18 0
2
43 157 
2
3243 18 14 0
3242 24 16 0
2
43 158 
2
3244 18 14 0
3243 4 14 0
2
43 159 
2
3245 18 14 0
3244 14 4 0
2
43 160 
2
3246 18 14 0
3245 10 14 0
2
43 161 
2
3247 18 14 0
3246 14 2 0
2
43 162 
2
3248 18 14 0
3247 30 18 0
2
43 163 
2
3249 18 14 0
3248 24 22 0
2
43 164 
2
3250 18 14 0
3249 26 20 0
2
43 166 
2
3251 18 14 0
3250 20 22 0
2
43 167 
2
3252 18 14 0
3251 22 12 0
2
43 168 
2
3253 18 14 0
3252 24 10 0
2
43 169 
2
3254 18 14 0
3253 18 2 0
2
43 170 
2
3255 18 14 0
3254 26 14 0
2
43 171 
2
3256 18 14 0
3255 20 4 0
2
40 42 
2
3246 10 16 0
3247 16 16 0
2
41 43 
2
3256 20 12 0
3257 18 14 0
2
42 174 
2
3248 16 16 0
3247 20 32 0
2
43 150 
2
3258 18 14 0
3257 24 8 0
2
42 175 
2
3249 16 16 0
3248 6 8 0
2
43 151 
2
3259 18 14 0
3258 22 2 0
2
42 176 
2
3250 16 16 0
3249 20 30 0
2
43 152 
2
3260 18 14 0
3259 22 30 0
2
43 153 
2
3261 18 14 0
3260 24 26 0
2
43 154 
2
3262 18 14 0
3261 28 18 0
2
43 155 
2
3263 18 14 0
3262 22 22 0
2
43 156 
2
3264 18 14 0
3263 26 18 0
2
43 157 
2
3265 18 14 0
3264 24 16 0
2
43 158 
2
3266 18 14 0
3265 4 14 0
2
43 159 
2
3267 18 14 0
3266 14 4 0
2
43 160 
2
3268 18 14 0
3267 10 14 0
2
43 161 
2
3269 18 14 0
3268 14 2 0
2
43 162 
2
3270 18 14 0
3269 30 18 0
2
43 163 
2
3271 18 14 0
3270 24 22 0
2
43 164 
2
3272 18 14 0
3271 26 20 0
2
43 166 
2
3273 18 14 0
3272 20 22 0
2
43 167 
2
3274 18 14 0
3273 22 12 0
2
43 168 
2
3275 18 14 0
3274 24 10 0
2
43 169 
2
3276 18 14 0
3275 18 2 0
2
43 170 
2
3277 18 14 0
3276 26 14 0
2
43 171 
2
3278 18 14 0
3277 20 4 0
2
20 40 
2
3246 14 16 0
3247 10 16 0
2
21 41 
2
3256 20 14 0
3257 20 12 0
2
38 40 
2
3247 4 16 0
3248 10 16 0
2
39 41 
2
3257 22 8 0
3258 20 12 0
2
42 42 
1
3251 16 16 0
2
40 42 
2
3251 10 16 0
3252 16 16 0
2
42 42 
1
3253 16 16 0
2
20 42 
2
3253 14 16 0
3254 16 16 0
2
42 42 
1
3255 16 16 0
2
40 42 
2
3255 10 16 0
3256 16 16 0
2
42 42 
1
3257 16 16 0
2
43 43 
1
3279 18 14 0
2
41 43 
2
3279 20 12 0
3280 18 14 0
2
43 43 
1
3281 18 14 0
2
21 43 
2
3281 20 14 0
3282 18 14 0
2
43 43 
1
3283 18 14 0
2
41 43 
2
3283 20 12 0
3284 18 14 0
2
43 43 
1
3285 18 14 0
2
42 175 
2
3258 16 16 0
3257 6 8 0
2
43 170 
2
3286 18 14 0
3285 26 14 0
2
42 176 
2
3259 16 16 0
3258 20 30 0
2
43 171 
2
3287 18 14 0
3286 20 4 0
2
42 177 
2
3260 16 16 0
3259 8 4 0
2
43 172 
2
3288 18 14 0
3287 26 8 0
2
40 42 
2
3260 10 16 0
3261 16 16 0
2
41 43 
2
3288 20 12 0
3289 18 14 0
2
42 175 
2
3262 16 16 0
3261 6 8 0
2
43 170 
2
3290 18 14 0
3289 26 14 0
2
42 176 
2
3263 16 16 0
3262 20 30 0
2
43 171 
2
3291 18 14 0
3290 20 4 0
2
42 177 
2
3264 16 16 0
3263 8 4 0
2
43 172 
2
3292 18 14 0
3291 26 8 0
2
20 40 
2
3260 14 16 0
3261 10 16 0
2
21 41 
2
3288 20 14 0
3289 20 12 0
2
18 38 
2
3247 4 18 0
3248 4 16 0
2
19 39 
2
3257 20 8 0
3258 22 8 0
2
16 36 
2
3166 4 24 0
3167 4 22 0
2
17 37 
2
3008 26 4 0
3009 24 4 0
2
34 36 
2
3167 2 24 0
3168 4 22 0
2
35 37 
2
3009 28 2 0
3010 24 4 0
2
38 38 
1
3249 4 16 0
2
36 38 
2
3249 4 22 0
3250 4 16 0
2
38 38 
1
3251 4 16 0
2
16 38 
2
3251 4 24 0
3252 4 16 0
2
38 38 
1
3253 4 16 0
2
36 38 
2
3253 4 22 0
3254 4 16 0
2
38 38 
1
3255 4 16 0
2
39 39 
1
3259 22 8 0
2
37 39 
2
3259 24 4 0
3260 22 8 0
2
39 39 
1
3261 22 8 0
2
17 39 
2
3261 26 4 0
3262 22 8 0
2
39 39 
1
3263 22 8 0
2
37 39 
2
3263 24 4 0
3264 22 8 0
2
39 39 
1
3265 22 8 0
2
40 40 
1
3262 10 16 0
2
38 40 
2
3262 4 16 0
3263 10 16 0
2
40 40 
1
3264 10 16 0
2
18 40 
2
3264 4 18 0
3265 10 16 0
2
40 40 
1
3266 10 16 0
2
38 40 
2
3266 4 16 0
3267 10 16 0
2
40 40 
1
3268 10 16 0
2
41 41 
1
3290 20 12 0
2
39 41 
2
3290 22 8 0
3291 20 12 0
2
41 41 
1
3292 20 12 0
2
19 41 
2
3292 20 8 0
3293 20 12 0
2
41 41 
1
3294 20 12 0
2
39 41 
2
3294 22 8 0
3295 20 12 0
2
41 41 
1
3296 20 12 0
2
42 42 
1
3265 16 16 0
2
40 42 
2
3269 10 16 0
3268 16 16 0
2
42 42 
1
3269 16 16 0
2
20 42 
2
3269 14 16 0
3270 16 16 0
2
42 42 
1
3271 16 16 0
2
40 42 
2
3271 10 16 0
3272 16 16 0
2
42 42 
1
3273 16 16 0
2
43 43 
1
3293 18 14 0
2
41 43 
2
3297 20 12 0
3296 18 14 0
2
43 43 
1
3297 18 14 0
2
21 43 
2
3297 20 14 0
3298 18 14 0
2
43 43 
1
3299 18 14 0
2
41 43 
2
3299 20 12 0
3300 18 14 0
2
43 43 
1
3301 18 14 0
2
42 174 
2
3274 16 16 0
3273 20 32 0
2
43 171 
2
3302 18 14 0
3301 20 4 0
2
42 175 
2
3275 16 16 0
3274 6 8 0
2
43 172 
2
3303 18 14 0
3302 26 8 0
2
42 176 
2
3276 16 16 0
3275 20 30 0
2
43 173 
2
3304 18 14 0
3303 26 6 0
2
42 177 
2
3277 16 16 0
3276 8 4 0
2
42 178 
2
3278 16 16 0
3277 10 2 0
2
42 179 
2
3279 16 16 0
3278 30 22 0
2
42 180 
2
3280 16 16 0
3279 26 26 0
2
42 181 
2
3281 16 16 0
3280 32 20 0
2
42 182 
2
3282 16 16 0
3281 32 10 0
2
42 183 
2
3283 16 16 0
3282 2 8 0
2
42 184 
2
3284 16 16 0
3283 30 8 0
2
42 185 
2
3285 16 16 0
3284 24 30 0
2
42 186 
2
3286 16 16 0
3285 28 6 0
2
42 188 
2
3287 16 16 0
3286 30 6 0
2
42 189 
2
3288 16 16 0
3287 32 8 0
2
42 191 
2
3289 16 16 0
3288 28 4 0
2
42 240 
2
3290 16 16 0
3289 6 4 0
2
42 241 
2
3291 16 16 0
3290 32 22 0
2
42 242 
2
3292 16 16 0
3291 4 6 0
2
40 42 
2
3292 10 16 0
3293 16 16 0
2
41 43 
2
3304 20 12 0
3305 18 14 0
2
42 174 
2
3294 16 16 0
3293 20 32 0
2
43 171 
2
3306 18 14 0
3305 20 4 0
2
42 175 
2
3295 16 16 0
3294 6 8 0
2
43 172 
2
3307 18 14 0
3306 26 8 0
2
42 176 
2
3296 16 16 0
3295 20 30 0
2
43 173 
2
3308 18 14 0
3307 26 6 0
2
42 177 
2
3297 16 16 0
3296 8 4 0
2
42 178 
2
3298 16 16 0
3297 10 2 0
2
42 179 
2
3299 16 16 0
3298 30 22 0
2
42 180 
2
3300 16 16 0
3299 26 26 0
2
42 181 
2
3301 16 16 0
3300 32 20 0
2
42 182 
2
3302 16 16 0
3301 32 10 0
2
42 183 
2
3303 16 16 0
3302 2 8 0
2
42 184 
2
3304 16 16 0
3303 30 8 0
2
42 185 
2
3305 16 16 0
3304 24 30 0
2
42 186 
2
3306 16 16 0
3305 28 6 0
2
42 188 
2
3307 16 16 0
3306 30 6 0
2
42 189 
2
3308 16 16 0
3307 32 8 0
2
42 191 
2
3309 16 16 0
3308 28 4 0
2
42 240 
2
3310 16 16 0
3309 6 4 0
2
42 241 
2
3311 16 16 0
3310 32 22 0
2
42 242 
2
3312 16 16 0
3311 4 6 0
2
20 40 
2
3292 14 16 0
3293 10 16 0
2
21 41 
2
3304 20 14 0
3305 20 12 0
2
38 40 
2
3293 4 16 0
3294 10 16 0
2
39 41 
2
3305 22 8 0
3306 20 12 0
2
42 42 
1
3313 16 16 0
2
40 42 
2
3313 10 16 0
3314 16 16 0
2
42 42 
1
3315 16 16 0
2
20 42 
2
3315 14 16 0
3316 16 16 0
2
42 42 
1
3317 16 16 0
2
40 42 
2
3317 10 16 0
3318 16 16 0
2
42 42 
1
3319 16 16 0
2
43 43 
1
3309 18 14 0
2
41 43 
2
3309 20 12 0
3310 18 14 0
2
43 43 
1
3311 18 14 0
2
21 43 
2
3311 20 14 0
3312 18 14 0
2
43 43 
1
3313 18 14 0
2
41 43 
2
3313 20 12 0
3314 18 14 0
2
43 43 
1
3315 18 14 0
2
42 175 
2
3320 16 16 0
3319 6 8 0
2
43 170 
2
3316 18 14 0
3315 26 14 0
2
42 176 
2
3321 16 16 0
3320 20 30 0
2
43 171 
2
3317 18 14 0
3316 20 4 0
2
42 177 
2
3322 16 16 0
3321 8 4 0
2
43 172 
2
3318 18 14 0
3317 26 8 0
2
42 178 
2
3323 16 16 0
3322 10 2 0
2
43 173 
2
3319 18 14 0
3318 26 6 0
2
42 179 
2
3324 16 16 0
3323 30 22 0
2
43 174 
2
3320 18 14 0
3319 20 32 0
2
42 180 
2
3325 16 16 0
3324 26 26 0
2
43 175 
2
3321 18 14 0
3320 6 8 0
2
42 181 
2
3326 16 16 0
3325 32 20 0
2
43 176 
2
3322 18 14 0
3321 20 30 0
2
42 182 
2
3327 16 16 0
3326 32 10 0
2
43 177 
2
3323 18 14 0
3322 8 4 0
2
42 183 
2
3328 16 16 0
3327 2 8 0
2
43 178 
2
3324 18 14 0
3323 10 2 0
2
42 184 
2
3329 16 16 0
3328 30 8 0
2
43 179 
2
3325 18 14 0
3324 30 22 0
2
42 185 
2
3330 16 16 0
3329 24 30 0
2
43 180 
2
3326 18 14 0
3325 26 26 0
2
42 186 
2
3331 16 16 0
3330 28 6 0
2
43 181 
2
3327 18 14 0
3326 32 20 0
2
42 188 
2
3332 16 16 0
3331 30 6 0
2
43 182 
2
3328 18 14 0
3327 32 10 0
2
42 189 
2
3333 16 16 0
3332 32 8 0
2
43 183 
2
3329 18 14 0
3328 2 8 0
2
42 191 
2
3334 16 16 0
3333 28 4 0
2
43 184 
2
3330 18 14 0
3329 30 8 0
2
42 240 
2
3335 16 16 0
3334 6 4 0
2
43 185 
2
3331 18 14 0
3330 24 30 0
2
42 241 
2
3336 16 16 0
3335 32 22 0
2
43 186 
2
3332 18 14 0
3331 28 6 0
2
42 242 
2
3337 16 16 0
3336 4 6 0
2
43 188 
2
3333 18 14 0
3332 30 6 0
2
42 243 
2
3338 16 16 0
3337 26 28 0
2
43 189 
2
3334 18 14 0
3333 32 8 0
2
43 191 
2
3335 18 14 0
3334 28 4 0
2
43 240 
2
3336 18 14 0
3335 6 4 0
2
40 42 
2
3338 10 16 0
3339 16 16 0
2
41 43 
2
3336 20 12 0
3337 18 14 0
2
42 175 
2
3340 16 16 0
3339 6 8 0
2
43 170 
2
3338 18 14 0
3337 26 14 0
2
42 176 
2
3341 16 16 0
3340 20 30 0
2
43 171 
2
3339 18 14 0
3338 20 4 0
2
42 177 
2
3342 16 16 0
3341 8 4 0
2
43 172 
2
3340 18 14 0
3339 26 8 0
2
42 178 
2
3343 16 16 0
3342 10 2 0
2
43 173 
2
3341 18 14 0
3340 26 6 0
2
42 179 
2
3344 16 16 0
3343 30 22 0
2
43 174 
2
3342 18 14 0
3341 20 32 0
2
42 180 
2
3345 16 16 0
3344 26 26 0
2
43 175 
2
3343 18 14 0
3342 6 8 0
2
42 181 
2
3346 16 16 0
3345 32 20 0
2
43 176 
2
3344 18 14 0
3343 20 30 0
2
42 182 
2
3347 16 16 0
3346 32 10 0
2
43 177 
2
3345 18 14 0
3344 8 4 0
2
42 183 
2
3348 16 16 0
3347 2 8 0
2
43 178 
2
3346 18 14 0
3345 10 2 0
2
42 184 
2
3349 16 16 0
3348 30 8 0
2
43 179 
2
3347 18 14 0
3346 30 22 0
2
42 185 
2
3350 16 16 0
3349 24 30 0
2
43 180 
2
3348 18 14 0
3347 26 26 0
2
42 186 
2
3351 16 16 0
3350 28 6 0
2
43 181 
2
3349 18 14 0
3348 32 20 0
2
42 188 
2
3352 16 16 0
3351 30 6 0
2
43 182 
2
3350 18 14 0
3349 32 10 0
2
42 189 
2
3353 16 16 0
3352 32 8 0
2
43 183 
2
3351 18 14 0
3350 2 8 0
2
42 191 
2
3354 16 16 0
3353 28 4 0
2
43 184 
2
3352 18 14 0
3351 30 8 0
2
42 240 
2
3355 16 16 0
3354 6 4 0
2
43 185 
2
3353 18 14 0
3352 24 30 0
2
42 241 
2
3356 16 16 0
3355 32 22 0
2
43 186 
2
3354 18 14 0
3353 28 6 0
2
42 242 
2
3357 16 16 0
3356 4 6 0
2
43 188 
2
3355 18 14 0
3354 30 6 0
2
42 243 
2
3358 16 16 0
3357 26 28 0
2
43 189 
2
3356 18 14 0
3355 32 8 0
2
43 191 
2
3357 18 14 0
3356 28 4 0
2
43 240 
2
3358 18 14 0
3357 6 4 0
2
20 40 
2
3338 14 16 0
3339 10 16 0
2
21 41 
2
3336 20 14 0
3337 20 12 0
2
18 38 
2
3293 4 18 0
3294 4 16 0
2
19 39 
2
3305 20 8 0
3306 22 8 0
2
36 38 
2
3294 4 22 0
3295 4 16 0
2
37 39 
2
3306 24 4 0
3307 22 8 0
2
40 40 
1
3340 10 16 0
2
38 40 
2
3340 4 16 0
3341 10 16 0
2
40 40 
1
3342 10 16 0
2
18 40 
2
3342 4 18 0
3343 10 16 0
2
40 40 
1
3344 10 16 0
2
38 40 
2
3344 4 16 0
3345 10 16 0
2
40 40 
1
3346 10 16 0
2
41 41 
1
3338 20 12 0
2
39 41 
2
3338 22 8 0
3339 20 12 0
2
41 41 
1
3340 20 12 0
2
19 41 
2
3340 20 8 0
3341 20 12 0
2
41 41 
1
3342 20 12 0
2
39 41 
2
3342 22 8 0
3343 20 12 0
2
41 41 
1
3344 20 12 0
2
42 42 
1
3359 16 16 0
2
40 42 
2
3359 10 16 0
3360 16 16 0
2
42 42 
1
3361 16 16 0
2
20 42 
2
3361 14 16 0
3362 16 16 0
2
42 42 
1
3363 16 16 0
2
40 42 
2
3363 10 16 0
3364 16 16 0
2
42 42 
1
3365 16 16 0
2
43 43 
1
3359 18 14 0
2
41 43 
2
3359 20 12 0
3360 18 14 0
2
43 43 
1
3361 18 14 0
2
21 43 
2
3361 20 14 0
3362 18 14 0
2
43 43 
1
3363 18 14 0
2
41 43 
2
3363 20 12 0
3364 18 14 0
2
43 43 
1
3365 18 14 0
2
42 176 
2
3366 16 16 0
3365 20 30 0
2
43 171 
2
3366 18 14 0
3365 20 4 0
2
42 177 
2
3367 16 16 0
3366 8 4 0
2
43 172 
2
3367 18 14 0
3366 26 8 0
2
42 178 
2
3368 16 16 0
3367 10 2 0
2
43 173 
2
3368 18 14 0
3367 26 6 0
2
43 174 
2
3369 18 14 0
3368 20 32 0
2
43 175 
2
3370 18 14 0
3369 6 8 0
2
43 176 
2
3371 18 14 0
3370 20 30 0
2
43 177 
2
3372 18 14 0
3371 8 4 0
2
43 178 
2
3373 18 14 0
3372 10 2 0
2
43 179 
2
3374 18 14 0
3373 30 22 0
2
43 180 
2
3375 18 14 0
3374 26 26 0
2
43 181 
2
3376 18 14 0
3375 32 20 0
2
43 182 
2
3377 18 14 0
3376 32 10 0
2
43 183 
2
3378 18 14 0
3377 2 8 0
2
43 184 
2
3379 18 14 0
3378 30 8 0
2
43 185 
2
3380 18 14 0
3379 24 30 0
2
43 186 
2
3381 18 14 0
3380 28 6 0
2
43 188 
2
3382 18 14 0
3381 30 6 0
2
43 189 
2
3383 18 14 0
3382 32 8 0
2
43 191 
2
3384 18 14 0
3383 28 4 0
2
43 240 
2
3385 18 14 0
3384 6 4 0
2
43 241 
2
3386 18 14 0
3385 32 22 0
2
40 42 
2
3368 10 16 0
3369 16 16 0
2
41 43 
2
3386 20 12 0
3387 18 14 0
2
42 176 
2
3370 16 16 0
3371 20 30 0
2
43 171 
2
3388 18 14 0
3387 20 4 0
2
42 177 
2
3371 16 16 0
3372 8 4 0
2
43 172 
2
3389 18 14 0
3388 26 8 0
2
42 178 
2
3372 16 16 0
3373 10 2 0
2
43 173 
2
3390 18 14 0
3389 26 6 0
2
43 174 
2
3391 18 14 0
3390 20 32 0
2
43 175 
2
3392 18 14 0
3391 6 8 0
2
43 176 
2
3393 18 14 0
3392 20 30 0
2
43 177 
2
3394 18 14 0
3393 8 4 0
2
43 178 
2
3395 18 14 0
3394 10 2 0
2
43 179 
2
3396 18 14 0
3395 30 22 0
2
43 180 
2
3397 18 14 0
3396 26 26 0
2
43 181 
2
3398 18 14 0
3397 32 20 0
2
43 182 
2
3399 18 14 0
3398 32 10 0
2
43 183 
2
3400 18 14 0
3399 2 8 0
2
43 184 
2
3401 18 14 0
3400 30 8 0
2
43 185 
2
3402 18 14 0
3401 24 30 0
2
43 186 
2
3403 18 14 0
3402 28 6 0
2
43 188 
2
3404 18 14 0
3403 30 6 0
2
43 189 
2
3405 18 14 0
3404 32 8 0
2
43 191 
2
3406 18 14 0
3405 28 4 0
2
43 240 
2
3407 18 14 0
3406 6 4 0
2
43 241 
2
3408 18 14 0
3407 32 22 0
2
20 40 
2
3368 14 16 0
3369 10 16 0
2
21 41 
2
3386 20 14 0
3387 20 12 0
2
38 40 
2
3369 4 16 0
3370 10 16 0
2
39 41 
2
3387 22 8 0
3388 20 12 0
2
42 42 
1
3373 16 16 0
2
40 42 
2
3373 10 16 0
3374 16 16 0
2
42 42 
1
3375 16 16 0
2
20 42 
2
3375 14 16 0
3376 16 16 0
2
42 42 
1
3377 16 16 0
2
40 42 
2
3377 10 16 0
3378 16 16 0
2
42 42 
1
3379 16 16 0
2
43 43 
1
3409 18 14 0
2
41 43 
2
3409 20 12 0
3410 18 14 0
2
43 43 
1
3411 18 14 0
2
21 43 
2
3411 20 14 0
3412 18 14 0
2
43 43 
1
3413 18 14 0
2
41 43 
2
3413 20 12 0
3414 18 14 0
2
43 43 
1
3415 18 14 0
2
42 177 
2
3393 16 16 0
3394 8 4 0
2
43 240 
2
3416 18 14 0
3415 6 4 0
2
42 178 
2
3394 16 16 0
3395 10 2 0
2
43 241 
2
3417 18 14 0
3416 32 22 0
2
42 179 
2
3395 16 16 0
3396 30 22 0
2
43 242 
2
3418 18 14 0
3417 4 6 0
2
40 42 
2
3395 10 16 0
3396 16 16 0
2
41 43 
2
3418 20 12 0
3419 18 14 0
2
42 177 
2
3397 16 16 0
3396 8 4 0
2
43 240 
2
3420 18 14 0
3419 6 4 0
2
42 178 
2
3398 16 16 0
3397 10 2 0
2
43 241 
2
3421 18 14 0
3420 32 22 0
2
42 179 
2
3399 16 16 0
3398 30 22 0
2
43 242 
2
3422 18 14 0
3421 4 6 0
2
20 40 
2
3395 14 16 0
3396 10 16 0
2
21 41 
2
3418 20 14 0
3419 20 12 0
2
18 38 
2
3369 4 18 0
3370 4 16 0
2
19 39 
2
3387 20 8 0
3388 22 8 0
2
16 36 
2
3294 4 24 0
3295 4 22 0
2
17 37 
2
3306 26 4 0
3307 24 4 0
2
14 34 
2
3167 4 26 0
3168 2 24 0
2
15 35 
2
3009 26 2 0
3010 28 2 0
2
12 32 
2
2898 2 26 0
2899 2 28 0
2
13 33 
2
2750 30 2 0
2751 32 2 0
2
10 30 
2
2341 6 28 0
2342 4 28 0
2
11 31 
2
2231 32 4 0
2232 32 6 0
2
28 30 
2
2342 4 30 0
2343 4 28 0
2
29 31 
2
2232 32 26 0
2233 32 6 0
2
32 32 
1
2900 2 28 0
2
30 32 
2
2900 4 28 0
2901 2 28 0
2
32 32 
1
2902 2 28 0
2
10 32 
2
2902 6 28 0
2903 2 28 0
2
32 32 
1
2904 2 28 0
2
30 32 
2
2904 4 28 0
2905 2 28 0
2
32 32 
1
2906 2 28 0
2
33 33 
1
2752 32 2 0
2
31 33 
2
2752 32 6 0
2753 32 2 0
2
33 33 
1
2754 32 2 0
2
11 33 
2
2754 32 4 0
2755 32 2 0
2
33 33 
1
2756 32 2 0
2
31 33 
2
2756 32 6 0
2757 32 2 0
2
33 33 
1
2758 32 2 0
2
34 34 
1
3169 2 24 0
2
32 34 
2
3169 2 28 0
3170 2 24 0
2
34 34 
1
3171 2 24 0
2
12 34 
2
3171 2 26 0
3172 2 24 0
2
34 34 
1
3173 2 24 0
2
32 34 
2
3173 2 28 0
3174 2 24 0
2
34 34 
1
3175 2 24 0
2
35 35 
1
3011 28 2 0
2
33 35 
2
3011 32 2 0
3012 28 2 0
2
35 35 
1
3013 28 2 0
2
13 35 
2
3013 30 2 0
3014 28 2 0
2
35 35 
1
3015 28 2 0
2
33 35 
2
3015 32 2 0
3016 28 2 0
2
35 35 
1
3017 28 2 0
2
36 36 
1
3296 4 22 0
2
34 36 
2
3296 2 24 0
3297 4 22 0
2
36 36 
1
3298 4 22 0
2
14 36 
2
3298 4 26 0
3299 4 22 0
2
36 36 
1
3300 4 22 0
2
34 36 
2
3300 2 24 0
3301 4 22 0
2
36 36 
1
3302 4 22 0
2
37 37 
1
3308 24 4 0
2
35 37 
2
3308 28 2 0
3309 24 4 0
2
37 37 
1
3310 24 4 0
2
15 37 
2
3310 26 2 0
3311 24 4 0
2
37 37 
1
3312 24 4 0
2
35 37 
2
3312 28 2 0
3313 24 4 0
2
37 37 
1
3314 24 4 0
2
38 38 
1
3371 4 16 0
2
36 38 
2
3371 4 22 0
3372 4 16 0
2
38 38 
1
3373 4 16 0
2
16 38 
2
3373 4 24 0
3374 4 16 0
2
38 38 
1
3375 4 16 0
2
36 38 
2
3375 4 22 0
3376 4 16 0
2
38 38 
1
3377 4 16 0
2
39 39 
1
3389 22 8 0
2
37 39 
2
3389 24 4 0
3390 22 8 0
2
39 39 
1
3391 22 8 0
2
17 39 
2
3391 26 4 0
3392 22 8 0
2
39 39 
1
3393 22 8 0
2
37 39 
2
3393 24 4 0
3394 22 8 0
2
39 39 
1
3395 22 8 0
2
40 40 
1
3397 10 16 0
2
38 40 
2
3397 4 16 0
3398 10 16 0
2
40 40 
1
3399 10 16 0
2
18 40 
2
3399 4 18 0
3400 10 16 0
2
40 40 
1
3401 10 16 0
2
38 40 
2
3401 4 16 0
3402 10 16 0
2
40 40 
1
3403 10 16 0
2
41 41 
1
3420 20 12 0
2
39 41 
2
3420 22 8 0
3421 20 12 0
2
41 41 
1
3422 20 12 0
2
19 41 
2
3422 20 8 0
3423 20 12 0
2
41 41 
1
3424 20 12 0
2
39 41 
2
3424 22 8 0
3425 20 12 0
2
41 41 
1
3426 20 12 0
2
42 42 
1
3400 16 16 0
2
40 42 
2
3404 10 16 0
3403 16 16 0
2
42 42 
1
3404 16 16 0
2
20 42 
2
3404 14 16 0
3405 16 16 0
2
42 42 
1
3406 16 16 0
2
40 42 
2
3406 10 16 0
3407 16 16 0
2
42 42 
1
3408 16 16 0
2
43 43 
1
3423 18 14 0
2
41 43 
2
3427 20 12 0
3426 18 14 0
2
43 43 
1
3427 18 14 0
2
21 43 
2
3427 20 14 0
3428 18 14 0
2
43 43 
1
3429 18 14 0
2
41 43 
2
3429 20 12 0
3430 18 14 0
2
43 43 
1
3431 18 14 0
2
42 69 
2
3409 16 16 0
3408 6 26 0
2
43 241 
2
3432 18 14 0
3431 32 22 0
2
42 70 
2
3410 16 16 0
3409 8 2 0
2
43 242 
2
3433 18 14 0
3432 4 6 0
2
42 71 
2
3411 16 16 0
3410 8 28 0
2
43 243 
2
3434 18 14 0
3433 26 28 0
2
40 42 
2
3411 10 16 0
3412 16 16 0
2
41 43 
2
3434 20 12 0
3435 18 14 0
2
42 69 
2
3413 16 16 0
3412 6 26 0
2
43 241 
2
3436 18 14 0
3435 32 22 0
2
42 70 
2
3414 16 16 0
3413 8 2 0
2
43 242 
2
3437 18 14 0
3436 4 6 0
2
42 71 
2
3415 16 16 0
3414 8 28 0
2
43 243 
2
3438 18 14 0
3437 26 28 0
2
20 40 
2
3411 14 16 0
3412 10 16 0
2
21 41 
2
3434 20 14 0
3435 20 12 0
2
38 40 
2
3412 4 16 0
3413 10 16 0
2
39 41 
2
3435 22 8 0
3436 20 12 0
2
42 42 
1
3416 16 16 0
2
40 42 
2
3416 10 16 0
3417 16 16 0
2
42 42 
1
3418 16 16 0
2
20 42 
2
3418 14 16 0
3419 16 16 0
2
42 42 
1
3420 16 16 0
2
40 42 
2
3420 10 16 0
3421 16 16 0
2
42 42 
1
3422 16 16 0
2
43 43 
1
3439 18 14 0
2
41 43 
2
3439 20 12 0
3440 18 14 0
2
43 43 
1
3441 18 14 0
2
21 43 
2
3441 20 14 0
3442 18 14 0
2
43 43 
1
3443 18 14 0
2
41 43 
2
3443 20 12 0
3444 18 14 0
2
43 43 
1
3445 18 14 0
2
42 70 
2
3423 16 16 0
3422 8 2 0
2
43 83 
2
3446 18 14 0
3445 10 4 0
2
42 71 
2
3424 16 16 0
3423 8 28 0
2
43 84 
2
3447 18 14 0
3446 28 24 0
2
42 72 
2
3425 16 16 0
3424 8 30 0
2
43 85 
2
3448 18 14 0
3447 30 20 0
2
43 88 
2
3449 18 14 0
3448 12 4 0
2
43 110 
2
3450 18 14 0
3449 6 20 0
2
43 127 
2
3451 18 14 0
3450 12 18 0
2
43 132 
2
3452 18 14 0
3451 8 16 0
2
43 133 
2
3453 18 14 0
3452 10 12 0
2
43 134 
2
3454 18 14 0
3453 16 30 0
2
43 135 
2
3455 18 14 0
3454 10 26 0
2
43 136 
2
3456 18 14 0
3455 16 26 0
2
43 137 
2
3457 18 14 0
3456 16 28 0
2
43 138 
2
3458 18 14 0
3457 10 20 0
2
43 139 
2
3459 18 14 0
3458 12 26 0
2
43 140 
2
3460 18 14 0
3459 14 18 0
2
43 141 
2
3461 18 14 0
3460 14 20 0
2
43 142 
2
3462 18 14 0
3461 8 12 0
2
43 143 
2
3463 18 14 0
3462 22 24 0
2
43 144 
2
3464 18 14 0
3463 24 18 0
2
43 145 
2
3465 18 14 0
3464 22 10 0
2
43 146 
2
3466 18 14 0
3465 30 12 0
2
40 42 
2
3425 10 16 0
3426 16 16 0
2
41 43 
2
3466 20 12 0
3467 18 14 0
2
42 70 
2
3427 16 16 0
3426 8 2 0
2
43 83 
2
3468 18 14 0
3467 10 4 0
2
42 71 
2
3428 16 16 0
3427 8 28 0
2
43 84 
2
3469 18 14 0
3468 28 24 0
2
42 72 
2
3429 16 16 0
3428 8 30 0
2
43 85 
2
3470 18 14 0
3469 30 20 0
2
43 88 
2
3471 18 14 0
3470 12 4 0
2
43 110 
2
3472 18 14 0
3471 6 20 0
2
43 127 
2
3473 18 14 0
3472 12 18 0
2
43 132 
2
3474 18 14 0
3473 8 16 0
2
43 133 
2
3475 18 14 0
3474 10 12 0
2
43 134 
2
3476 18 14 0
3475 16 30 0
2
43 135 
2
3477 18 14 0
3476 10 26 0
2
43 136 
2
3478 18 14 0
3477 16 26 0
2
43 137 
2
3479 18 14 0
3478 16 28 0
2
43 138 
2
3480 18 14 0
3479 10 20 0
2
43 139 
2
3481 18 14 0
3480 12 26 0
2
43 140 
2
3482 18 14 0
3481 14 18 0
2
43 141 
2
3483 18 14 0
3482 14 20 0
2
43 142 
2
3484 18 14 0
3483 8 12 0
2
43 143 
2
3485 18 14 0
3484 22 24 0
2
43 144 
2
3486 18 14 0
3485 24 18 0
2
43 145 
2
3487 18 14 0
3486 22 10 0
2
43 146 
2
3488 18 14 0
3487 30 12 0
2
20 40 
2
3425 14 16 0
3426 10 16 0
2
21 41 
2
3466 20 14 0
3467 20 12 0
2
18 38 
2
3412 4 18 0
3413 4 16 0
2
19 39 
2
3435 20 8 0
3436 22 8 0
2
36 38 
2
3413 4 22 0
3414 4 16 0
2
37 39 
2
3436 24 4 0
3437 22 8 0
2
40 40 
1
3427 10 16 0
2
38 40 
2
3427 4 16 0
3428 10 16 0
2
40 40 
1
3429 10 16 0
2
18 40 
2
3429 4 18 0
3430 10 16 0
2
40 40 
1
3431 10 16 0
2
38 40 
2
3431 4 16 0
3432 10 16 0
2
40 40 
1
3433 10 16 0
2
41 41 
1
3468 20 12 0
2
39 41 
2
3468 22 8 0
3469 20 12 0
2
41 41 
1
3470 20 12 0
2
19 41 
2
3470 20 8 0
3471 20 12 0
2
41 41 
1
3472 20 12 0
2
39 41 
2
3472 22 8 0
3473 20 12 0
2
41 41 
1
3474 20 12 0
2
42 42 
1
3430 16 16 0
2
40 42 
2
3434 10 16 0
3433 16 16 0
2
42 42 
1
3434 16 16 0
2
20 42 
2
3434 14 16 0
3435 16 16 0
2
42 42 
1
3436 16 16 0
2
40 42 
2
3436 10 16 0
3437 16 16 0
2
42 42 
1
3438 16 16 0
2
43 43 
1
3489 18 14 0
2
41 43 
2
3489 20 12 0
3490 18 14 0
2
43 43 
1
3491 18 14 0
2
21 43 
2
3491 20 14 0
3492 18 14 0
2
43 43 
1
3493 18 14 0
2
41 43 
2
3493 20 12 0
3494 18 14 0
2
43 43 
1
3495 18 14 0
2
42 69 
2
3439 16 16 0
3438 6 26 0
2
43 84 
2
3496 18 14 0
3495 28 24 0
2
42 70 
2
3440 16 16 0
3439 8 2 0
2
43 85 
2
3497 18 14 0
3496 30 20 0
2
42 71 
2
3441 16 16 0
3440 8 28 0
2
43 88 
2
3498 18 14 0
3497 12 4 0
2
42 72 
2
3442 16 16 0
3441 8 30 0
2
43 110 
2
3499 18 14 0
3498 6 20 0
2
42 73 
2
3443 16 16 0
3442 2 22 0
2
43 127 
2
3500 18 14 0
3499 12 18 0
2
42 74 
2
3444 16 16 0
3443 8 26 0
2
43 132 
2
3501 18 14 0
3500 8 16 0
2
42 75 
2
3445 16 16 0
3444 10 30 0
2
43 133 
2
3502 18 14 0
3501 10 12 0
2
42 76 
2
3446 16 16 0
3445 6 24 0
2
43 134 
2
3503 18 14 0
3502 16 30 0
2
42 77 
2
3447 16 16 0
3446 14 32 0
2
43 135 
2
3504 18 14 0
3503 10 26 0
2
42 78 
2
3448 16 16 0
3447 10 28 0
2
43 136 
2
3505 18 14 0
3504 16 26 0
2
42 79 
2
3449 16 16 0
3448 2 20 0
2
43 137 
2
3506 18 14 0
3505 16 28 0
2
42 80 
2
3450 16 16 0
3449 24 28 0
2
43 138 
2
3507 18 14 0
3506 10 20 0
2
42 81 
2
3451 16 16 0
3450 6 6 0
2
43 139 
2
3508 18 14 0
3507 12 26 0
2
42 82 
2
3452 16 16 0
3451 28 22 0
2
43 140 
2
3509 18 14 0
3508 14 18 0
2
42 83 
2
3467 16 16 0
3468 10 4 0
2
43 141 
2
3510 18 14 0
3509 14 20 0
2
42 84 
2
3495 16 16 0
3496 28 24 0
2
43 142 
2
3511 18 14 0
3510 8 12 0
2
42 85 
2
3496 16 16 0
3497 30 20 0
2
43 143 
2
3512 18 14 0
3511 22 24 0
2
42 88 
2
3497 16 16 0
3498 12 4 0
2
43 144 
2
3513 18 14 0
3512 24 18 0
2
42 110 
2
3498 16 16 0
3499 6 20 0
2
43 145 
2
3514 18 14 0
3513 22 10 0
2
42 127 
2
3499 16 16 0
3500 12 18 0
2
43 146 
2
3515 18 14 0
3514 30 12 0
2
42 132 
2
3500 16 16 0
3501 8 16 0
2
43 147 
2
3516 18 14 0
3515 4 8 0
2
40 42 
2
3500 10 16 0
3501 16 16 0
2
41 43 
2
3516 20 12 0
3517 18 14 0
2
42 69 
2
3502 16 16 0
3501 6 26 0
2
43 84 
2
3518 18 14 0
3517 28 24 0
2
42 70 
2
3503 16 16 0
3502 8 2 0
2
43 85 
2
3519 18 14 0
3518 30 20 0
2
42 71 
2
3504 16 16 0
3503 8 28 0
2
43 88 
2
3520 18 14 0
3519 12 4 0
2
42 72 
2
3505 16 16 0
3504 8 30 0
2
43 110 
2
3521 18 14 0
3520 6 20 0
2
42 73 
2
3506 16 16 0
3505 2 22 0
2
43 127 
2
3522 18 14 0
3521 12 18 0
2
42 74 
2
3507 16 16 0
3506 8 26 0
2
43 132 
2
3523 18 14 0
3522 8 16 0
2
42 75 
2
3508 16 16 0
3507 10 30 0
2
43 133 
2
3524 18 14 0
3523 10 12 0
2
42 76 
2
3509 16 16 0
3508 6 24 0
2
43 134 
2
3525 18 14 0
3524 16 30 0
2
42 77 
2
3510 16 16 0
3509 14 32 0
2
43 135 
2
3526 18 14 0
3525 10 26 0
2
42 78 
2
3511 16 16 0
3510 10 28 0
2
43 136 
2
3527 18 14 0
3526 16 26 0
2
42 79 
2
3512 16 16 0
3511 2 20 0
2
43 137 
2
3528 18 14 0
3527 16 28 0
2
42 80 
2
3513 16 16 0
3512 24 28 0
2
43 138 
2
3529 18 14 0
3528 10 20 0
2
42 81 
2
3514 16 16 0
3513 6 6 0
2
43 139 
2
3530 18 14 0
3529 12 26 0
2
42 82 
2
3515 16 16 0
3514 28 22 0
2
43 140 
2
3531 18 14 0
3530 14 18 0
2
42 83 
2
3516 16 16 0
3515 10 4 0
2
43 141 
2
3532 18 14 0
3531 14 20 0
2
42 84 
2
3517 16 16 0
3518 28 24 0
2
43 142 
2
3533 18 14 0
3532 8 12 0
2
42 85 
2
3518 16 16 0
3519 30 20 0
2
43 143 
2
3534 18 14 0
3533 22 24 0
2
42 88 
2
3519 16 16 0
3520 12 4 0
2
43 144 
2
3535 18 14 0
3534 24 18 0
2
42 110 
2
3520 16 16 0
3521 6 20 0
2
43 145 
2
3536 18 14 0
3535 22 10 0
2
42 127 
2
3521 16 16 0
3522 12 18 0
2
43 146 
2
3537 18 14 0
3536 30 12 0
2
42 132 
2
3522 16 16 0
3523 8 16 0
2
43 147 
2
3538 18 14 0
3537 4 8 0
2
20 40 
2
3500 14 16 0
3501 10 16 0
2
21 41 
2
3516 20 14 0
3517 20 12 0
2
38 40 
2
3501 4 16 0
3502 10 16 0
2
39 41 
2
3517 22 8 0
3518 20 12 0
2
42 42 
1
3523 16 16 0
2
40 42 
2
3523 10 16 0
3524 16 16 0
2
42 42 
1
3525 16 16 0
2
20 42 
2
3525 14 16 0
3526 16 16 0
2
42 42 
1
3527 16 16 0
2
40 42 
2
3527 10 16 0
3528 16 16 0
2
42 42 
1
3529 16 16 0
2
43 43 
1
3539 18 14 0
2
41 43 
2
3539 20 12 0
3540 18 14 0
2
43 43 
1
3541 18 14 0
2
21 43 
2
3541 20 14 0
3542 18 14 0
2
43 43 
1
3543 18 14 0
2
41 43 
2
3543 20 12 0
3544 18 14 0
2
43 43 
1
3545 18 14 0
2
42 70 
2
3530 16 16 0
3529 8 2 0
2
43 146 
2
3546 18 14 0
3545 30 12 0
2
42 71 
2
3531 16 16 0
3530 8 28 0
2
43 147 
2
3547 18 14 0
3546 4 8 0
2
42 72 
2
3532 16 16 0
3531 8 30 0
2
43 148 
2
3548 18 14 0
3547 12 30 0
2
42 73 
2
3533 16 16 0
3532 2 22 0
2
43 165 
2
3549 18 14 0
3548 4 20 0
2
42 74 
2
3534 16 16 0
3533 8 26 0
2
43 187 
2
3550 18 14 0
3549 12 28 0
2
42 75 
2
3535 16 16 0
3534 10 30 0
2
43 190 
2
3551 18 14 0
3550 26 16 0
2
42 76 
2
3536 16 16 0
3535 6 24 0
2
43 192 
2
3552 18 14 0
3551 18 26 0
2
42 77 
2
3537 16 16 0
3536 14 32 0
2
43 193 
2
3553 18 14 0
3552 6 16 0
2
42 78 
2
3538 16 16 0
3537 10 28 0
2
43 194 
2
3554 18 14 0
3553 14 22 0
2
42 79 
2
3539 16 16 0
3538 2 20 0
2
43 195 
2
3555 18 14 0
3554 10 22 0
2
42 80 
2
3540 16 16 0
3539 24 28 0
2
43 196 
2
3556 18 14 0
3555 8 18 0
2
42 81 
2
3541 16 16 0
3540 6 6 0
2
43 197 
2
3557 18 14 0
3556 16 22 0
2
42 82 
2
3542 16 16 0
3541 28 22 0
2
43 198 
2
3558 18 14 0
3557 16 18 0
2
42 83 
2
3543 16 16 0
3542 10 4 0
2
43 199 
2
3559 18 14 0
3558 14 28 0
2
42 84 
2
3544 16 16 0
3543 28 24 0
2
43 200 
2
3560 18 14 0
3559 10 18 0
2
42 85 
2
3545 16 16 0
3544 30 20 0
2
43 201 
2
3561 18 14 0
3560 18 20 0
2
42 88 
2
3546 16 16 0
3545 12 4 0
2
43 202 
2
3562 18 14 0
3561 14 14 0
2
42 110 
2
3547 16 16 0
3546 6 20 0
2
43 203 
2
3563 18 14 0
3562 2 14 0
2
42 127 
2
3548 16 16 0
3547 12 18 0
2
43 204 
2
3564 18 14 0
3563 20 20 0
2
42 132 
2
3549 16 16 0
3548 8 16 0
2
43 205 
2
3565 18 14 0
3564 18 10 0
2
42 133 
2
3550 16 16 0
3549 10 12 0
2
43 206 
2
3566 18 14 0
3565 26 24 0
2
40 42 
2
3550 10 16 0
3551 16 16 0
2
41 43 
2
3566 20 12 0
3567 18 14 0
2
42 70 
2
3552 16 16 0
3551 8 2 0
2
43 146 
2
3568 18 14 0
3567 30 12 0
2
42 71 
2
3553 16 16 0
3552 8 28 0
2
43 147 
2
3569 18 14 0
3568 4 8 0
2
42 72 
2
3554 16 16 0
3553 8 30 0
2
43 148 
2
3570 18 14 0
3569 12 30 0
2
42 73 
2
3555 16 16 0
3554 2 22 0
2
43 165 
2
3571 18 14 0
3570 4 20 0
2
42 74 
2
3556 16 16 0
3555 8 26 0
2
43 187 
2
3572 18 14 0
3571 12 28 0
2
42 75 
2
3557 16 16 0
3556 10 30 0
2
43 190 
2
3573 18 14 0
3572 26 16 0
2
42 76 
2
3558 16 16 0
3557 6 24 0
2
43 192 
2
3574 18 14 0
3573 18 26 0
2
42 77 
2
3559 16 16 0
3558 14 32 0
2
43 193 
2
3575 18 14 0
3574 6 16 0
2
42 78 
2
3560 16 16 0
3559 10 28 0
2
43 194 
2
3576 18 14 0
3575 14 22 0
2
42 79 
2
3561 16 16 0
3560 2 20 0
2
43 195 
2
3577 18 14 0
3576 10 22 0
2
42 80 
2
3562 16 16 0
3561 24 28 0
2
43 196 
2
3578 18 14 0
3577 8 18 0
2
42 81 
2
3563 16 16 0
3562 6 6 0
2
43 197 
2
3579 18 14 0
3578 16 22 0
2
42 82 
2
3564 16 16 0
3563 28 22 0
2
43 198 
2
3580 18 14 0
3579 16 18 0
2
42 83 
2
3565 16 16 0
3564 10 4 0
2
43 199 
2
3581 18 14 0
3580 14 28 0
2
42 84 
2
3566 16 16 0
3565 28 24 0
2
43 200 
2
3582 18 14 0
3581 10 18 0
2
42 85 
2
3567 16 16 0
3566 30 20 0
2
43 201 
2
3583 18 14 0
3582 18 20 0
2
42 88 
2
3568 16 16 0
3567 12 4 0
2
43 202 
2
3584 18 14 0
3583 14 14 0
2
42 110 
2
3569 16 16 0
3568 6 20 0
2
43 203 
2
3585 18 14 0
3584 2 14 0
2
42 127 
2
3570 16 16 0
3569 12 18 0
2
43 204 
2
3586 18 14 0
3585 20 20 0
2
42 132 
2
3571 16 16 0
3570 8 16 0
2
43 205 
2
3587 18 14 0
3586 18 10 0
2
42 133 
2
3572 16 16 0
3571 10 12 0
2
43 206 
2
3588 18 14 0
3587 26 24 0
2
20 40 
2
3550 14 16 0
3551 10 16 0
2
21 41 
2
3566 20 14 0
3567 20 12 0
2
18 38 
2
3501 4 18 0
3502 4 16 0
2
19 39 
2
3517 20 8 0
3518 22 8 0
2
16 36 
2
3413 4 24 0
3414 4 22 0
2
17 37 
2
3436 26 4 0
3437 24 4 0
2
34 36 
2
3414 2 24 0
3415 4 22 0
2
35 37 
2
3437 28 2 0
3438 24 4 0
2
38 38 
1
3503 4 16 0
2
36 38 
2
3503 4 22 0
3504 4 16 0
2
38 38 
1
3505 4 16 0
2
16 38 
2
3505 4 24 0
3506 4 16 0
2
38 38 
1
3507 4 16 0
2
36 38 
2
3507 4 22 0
3508 4 16 0
2
38 38 
1
3509 4 16 0
2
39 39 
1
3519 22 8 0
2
37 39 
2
3519 24 4 0
3520 22 8 0
2
39 39 
1
3521 22 8 0
2
17 39 
2
3521 26 4 0
3522 22 8 0
2
39 39 
1
3523 22 8 0
2
37 39 
2
3523 24 4 0
3524 22 8 0
2
39 39 
1
3525 22 8 0
2
40 40 
1
3552 10 16 0
2
38 40 
2
3552 4 16 0
3553 10 16 0
2
40 40 
1
3554 10 16 0
2
18 40 
2
3554 4 18 0
3555 10 16 0
2
40 40 
1
3556 10 16 0
2
38 40 
2
3556 4 16 0
3557 10 16 0
2
40 40 
1
3558 10 16 0
2
41 41 
1
3568 20 12 0
2
39 41 
2
3568 22 8 0
3569 20 12 0
2
41 41 
1
3570 20 12 0
2
19 41 
2
3570 20 8 0
3571 20 12 0
2
41 41 
1
3572 20 12 0
2
39 41 
2
3572 22 8 0
3573 20 12 0
2
41 41 
1
3574 20 12 0
2
42 42 
1
3573 16 16 0
2
40 42 
2
3573 10 16 0
3574 16 16 0
2
42 42 
1
3575 16 16 0
2
20 42 
2
3575 14 16 0
3576 16 16 0
2
42 42 
1
3577 16 16 0
2
40 42 
2
3577 10 16 0
3578 16 16 0
2
42 42 
1
3579 16 16 0
2
43 43 
1
3589 18 14 0
2
41 43 
2
3589 20 12 0
3590 18 14 0
2
43 43 
1
3591 18 14 0
2
21 43 
2
3591 20 14 0
3592 18 14 0
2
43 43 
1
3593 18 14 0
2
41 43 
2
3593 20 12 0
3594 18 14 0
2
43 43 
1
3595 18 14 0
2
42 132 
2
3580 16 16 0
3579 8 16 0
2
43 147 
2
3596 18 14 0
3595 4 8 0
2
42 133 
2
3581 16 16 0
3580 10 12 0
2
43 148 
2
3597 18 14 0
3596 12 30 0
2
42 134 
2
3582 16 16 0
3581 16 30 0
2
43 165 
2
3598 18 14 0
3597 4 20 0
2
43 187 
2
3599 18 14 0
3598 12 28 0
2
43 190 
2
3600 18 14 0
3599 26 16 0
2
43 192 
2
3601 18 14 0
3600 18 26 0
2
43 193 
2
3602 18 14 0
3601 6 16 0
2
43 194 
2
3603 18 14 0
3602 14 22 0
2
43 195 
2
3604 18 14 0
3603 10 22 0
2
43 196 
2
3605 18 14 0
3604 8 18 0
2
43 197 
2
3606 18 14 0
3605 16 22 0
2
43 198 
2
3607 18 14 0
3606 16 18 0
2
43 199 
2
3608 18 14 0
3607 14 28 0
2
43 200 
2
3609 18 14 0
3608 10 18 0
2
43 201 
2
3610 18 14 0
3609 18 20 0
2
43 202 
2
3611 18 14 0
3610 14 14 0
2
43 203 
2
3612 18 14 0
3611 2 14 0
2
43 204 
2
3613 18 14 0
3612 20 20 0
2
43 205 
2
3614 18 14 0
3613 18 10 0
2
43 206 
2
3615 18 14 0
3614 26 24 0
2
43 207 
2
3616 18 14 0
3615 4 10 0
2
40 42 
2
3582 10 16 0
3583 16 16 0
2
41 43 
2
3616 20 12 0
3617 18 14 0
2
42 132 
2
3584 16 16 0
3583 8 16 0
2
43 147 
2
3618 18 14 0
3617 4 8 0
2
42 133 
2
3585 16 16 0
3584 10 12 0
2
43 148 
2
3619 18 14 0
3618 12 30 0
2
42 134 
2
3586 16 16 0
3585 16 30 0
2
43 165 
2
3620 18 14 0
3619 4 20 0
2
43 187 
2
3621 18 14 0
3620 12 28 0
2
43 190 
2
3622 18 14 0
3621 26 16 0
2
43 192 
2
3623 18 14 0
3622 18 26 0
2
43 193 
2
3624 18 14 0
3623 6 16 0
2
43 194 
2
3625 18 14 0
3624 14 22 0
2
43 195 
2
3626 18 14 0
3625 10 22 0
2
43 196 
2
3627 18 14 0
3626 8 18 0
2
43 197 
2
3628 18 14 0
3627 16 22 0
2
43 198 
2
3629 18 14 0
3628 16 18 0
2
43 199 
2
3630 18 14 0
3629 14 28 0
2
43 200 
2
3631 18 14 0
3630 10 18 0
2
43 201 
2
3632 18 14 0
3631 18 20 0
2
43 202 
2
3633 18 14 0
3632 14 14 0
2
43 203 
2
3634 18 14 0
3633 2 14 0
2
43 204 
2
3635 18 14 0
3634 20 20 0
2
43 205 
2
3636 18 14 0
3635 18 10 0
2
43 206 
2
3637 18 14 0
3636 26 24 0
2
43 207 
2
3638 18 14 0
3637 4 10 0
2
20 40 
2
3582 14 16 0
3583 10 16 0
2
21 41 
2
3616 20 14 0
3617 20 12 0
2
38 40 
2
3583 4 16 0
3584 10 16 0
2
39 41 
2
3617 22 8 0
3618 20 12 0
2
42 42 
1
3587 16 16 0
2
40 42 
2
3587 10 16 0
3588 16 16 0
2
42 42 
1
3589 16 16 0
2
20 42 
2
3589 14 16 0
3590 16 16 0
2
42 42 
1
3591 16 16 0
2
40 42 
2
3591 10 16 0
3592 16 16 0
2
42 42 
1
3593 16 16 0
2
43 43 
1
3639 18 14 0
2
41 43 
2
3639 20 12 0
3640 18 14 0
2
43 43 
1
3641 18 14 0
2
21 43 
2
3641 20 14 0
3642 18 14 0
2
43 43 
1
3643 18 14 0
2
41 43 
2
3643 20 12 0
3644 18 14 0
2
43 43 
1
3645 18 14 0
2
42 133 
2
3594 16 16 0
3593 10 12 0
2
43 206 
2
3646 18 14 0
3645 26 24 0
2
42 134 
2
3595 16 16 0
3594 16 30 0
2
43 207 
2
3647 18 14 0
3646 4 10 0
2
42 135 
2
3596 16 16 0
3595 10 26 0
2
43 208 
2
3648 18 14 0
3647 32 16 0
2
43 209 
2
3649 18 14 0
3648 2 18 0
2
43 210 
2
3650 18 14 0
3649 8 24 0
2
43 211 
2
3651 18 14 0
3650 6 18 0
2
43 212 
2
3652 18 14 0
3651 16 24 0
2
43 213 
2
3653 18 14 0
3652 16 32 0
2
43 214 
2
3654 18 14 0
3653 12 20 0
2
43 215 
2
3655 18 14 0
3654 18 16 0
2
43 216 
2
3656 18 14 0
3655 8 20 0
2
43 217 
2
3657 18 14 0
3656 14 26 0
2
43 218 
2
3658 18 14 0
3657 10 24 0
2
43 219 
2
3659 18 14 0
3658 24 24 0
2
43 220 
2
3660 18 14 0
3659 12 24 0
2
43 221 
2
3661 18 14 0
3660 6 22 0
2
43 222 
2
3662 18 14 0
3661 6 14 0
2
43 223 
2
3663 18 14 0
3662 14 12 0
2
43 224 
2
3664 18 14 0
3663 24 12 0
2
43 225 
2
3665 18 14 0
3664 20 18 0
2
43 226 
2
3666 18 14 0
3665 18 32 0
2
40 42 
2
3596 10 16 0
3597 16 16 0
2
41 43 
2
3666 20 12 0
3667 18 14 0
2
42 133 
2
3598 16 16 0
3597 10 12 0
2
43 206 
2
3668 18 14 0
3667 26 24 0
2
42 134 
2
3599 16 16 0
3598 16 30 0
2
43 207 
2
3669 18 14 0
3668 4 10 0
2
42 135 
2
3600 16 16 0
3599 10 26 0
2
43 208 
2
3670 18 14 0
3669 32 16 0
2
43 209 
2
3671 18 14 0
3670 2 18 0
2
43 210 
2
3672 18 14 0
3671 8 24 0
2
43 211 
2
3673 18 14 0
3672 6 18 0
2
43 212 
2
3674 18 14 0
3673 16 24 0
2
43 213 
2
3675 18 14 0
3674 16 32 0
2
43 214 
2
3676 18 14 0
3675 12 20 0
2
43 215 
2
3677 18 14 0
3676 18 16 0
2
43 216 
2
3678 18 14 0
3677 8 20 0
2
43 217 
2
3679 18 14 0
3678 14 26 0
2
43 218 
2
3680 18 14 0
3679 10 24 0
2
43 219 
2
3681 18 14 0
3680 24 24 0
2
43 220 
2
3682 18 14 0
3681 12 24 0
2
43 221 
2
3683 18 14 0
3682 6 22 0
2
43 222 
2
3684 18 14 0
3683 6 14 0
2
43 223 
2
3685 18 14 0
3684 14 12 0
2
43 224 
2
3686 18 14 0
3685 24 12 0
2
43 225 
2
3687 18 14 0
3686 20 18 0
2
43 226 
2
3688 18 14 0
3687 18 32 0
2
20 40 
2
3596 14 16 0
3597 10 16 0
2
21 41 
2
3666 20 14 0
3667 20 12 0
2
18 38 
2
3583 4 18 0
3584 4 16 0
2
19 39 
2
3617 20 8 0
3618 22 8 0
2
36 38 
2
3584 4 22 0
3585 4 16 0
2
37 39 
2
3618 24 4 0
3619 22 8 0
2
40 40 
1
3598 10 16 0
2
38 40 
2
3598 4 16 0
3599 10 16 0
2
40 40 
1
3600 10 16 0
2
18 40 
2
3600 4 18 0
3601 10 16 0
2
40 40 
1
3602 10 16 0
2
38 40 
2
3602 4 16 0
3603 10 16 0
2
40 40 
1
3604 10 16 0
2
41 41 
1
3668 20 12 0
2
39 41 
2
3668 22 8 0
3669 20 12 0
2
41 41 
1
3670 20 12 0
2
19 41 
2
3670 20 8 0
3671 20 12 0
2
41 41 
1
3672 20 12 0
2
39 41 
2
3672 22 8 0
3673 20 12 0
2
41 41 
1
3674 20 12 0
2
42 42 
1
3601 16 16 0
2
40 42 
2
3605 10 16 0
3604 16 16 0
2
42 42 
1
3605 16 16 0
2
20 42 
2
3605 14 16 0
3606 16 16 0
2
42 42 
1
3607 16 16 0
2
40 42 
2
3607 10 16 0
3608 16 16 0
2
42 42 
1
3609 16 16 0
2
43 43 
1
3689 18 14 0
2
41 43 
2
3689 20 12 0
3690 18 14 0
2
43 43 
1
3691 18 14 0
2
21 43 
2
3691 20 14 0
3692 18 14 0
2
43 43 
1
3693 18 14 0
2
41 43 
2
3693 20 12 0
3694 18 14 0
2
43 43 
1
3695 18 14 0
2
42 132 
2
3610 16 16 0
3609 8 16 0
2
43 207 
2
3696 18 14 0
3695 4 10 0
2
42 133 
2
3611 16 16 0
3610 10 12 0
2
43 208 
2
3697 18 14 0
3696 32 16 0
2
42 134 
2
3612 16 16 0
3611 16 30 0
2
43 209 
2
3698 18 14 0
3697 2 18 0
2
42 135 
2
3613 16 16 0
3612 10 26 0
2
43 210 
2
3699 18 14 0
3698 8 24 0
2
42 136 
2
3614 16 16 0
3613 16 26 0
2
43 211 
2
3700 18 14 0
3699 6 18 0
2
42 137 
2
3615 16 16 0
3614 16 28 0
2
43 212 
2
3701 18 14 0
3700 16 24 0
2
42 138 
2
3616 16 16 0
3615 10 20 0
2
43 213 
2
3702 18 14 0
3701 16 32 0
2
42 139 
2
3617 16 16 0
3616 12 26 0
2
43 214 
2
3703 18 14 0
3702 12 20 0
2
42 140 
2
3618 16 16 0
3617 14 18 0
2
43 215 
2
3704 18 14 0
3703 18 16 0
2
42 141 
2
3619 16 16 0
3618 14 20 0
2
43 216 
2
3705 18 14 0
3704 8 20 0
2
42 142 
2
3620 16 16 0
3619 8 12 0
2
43 217 
2
3706 18 14 0
3705 14 26 0
2
42 143 
2
3621 16 16 0
3620 22 24 0
2
43 218 
2
3707 18 14 0
3706 10 24 0
2
42 144 
2
3622 16 16 0
3621 24 18 0
2
43 219 
2
3708 18 14 0
3707 24 24 0
2
42 145 
2
3623 16 16 0
3622 22 10 0
2
43 220 
2
3709 18 14 0
3708 12 24 0
2
42 146 
2
3624 16 16 0
3623 30 12 0
2
43 221 
2
3710 18 14 0
3709 6 22 0
2
42 147 
2
3625 16 16 0
3624 4 8 0
2
43 222 
2
3711 18 14 0
3710 6 14 0
2
42 148 
2
3626 16 16 0
3625 12 30 0
2
43 223 
2
3712 18 14 0
3711 14 12 0
2
42 165 
2
3627 16 16 0
3626 4 20 0
2
43 224 
2
3713 18 14 0
3712 24 12 0
2
42 187 
2
3628 16 16 0
3627 12 28 0
2
43 225 
2
3714 18 14 0
3713 20 18 0
2
42 190 
2
3629 16 16 0
3628 26 16 0
2
43 226 
2
3715 18 14 0
3714 18 32 0
2
42 192 
2
3630 16 16 0
3629 18 26 0
2
43 227 
2
3716 18 14 0
3715 2 12 0
2
40 42 
2
3630 10 16 0
3631 16 16 0
2
41 43 
2
3716 20 12 0
3717 18 14 0
2
42 132 
2
3632 16 16 0
3631 8 16 0
2
43 207 
2
3718 18 14 0
3717 4 10 0
2
42 133 
2
3633 16 16 0
3632 10 12 0
2
43 208 
2
3719 18 14 0
3718 32 16 0
2
42 134 
2
3634 16 16 0
3633 16 30 0
2
43 209 
2
3720 18 14 0
3719 2 18 0
2
42 135 
2
3635 16 16 0
3634 10 26 0
2
43 210 
2
3721 18 14 0
3720 8 24 0
2
42 136 
2
3636 16 16 0
3635 16 26 0
2
43 211 
2
3722 18 14 0
3721 6 18 0
2
42 137 
2
3637 16 16 0
3636 16 28 0
2
43 212 
2
3723 18 14 0
3722 16 24 0
2
42 138 
2
3638 16 16 0
3637 10 20 0
2
43 213 
2
3724 18 14 0
3723 16 32 0
2
42 139 
2
3639 16 16 0
3638 12 26 0
2
43 214 
2
3725 18 14 0
3724 12 20 0
2
42 140 
2
3640 16 16 0
3639 14 18 0
2
43 215 
2
3726 18 14 0
3725 18 16 0
2
42 141 
2
3641 16 16 0
3640 14 20 0
2
43 216 
2
3727 18 14 0
3726 8 20 0
2
42 142 
2
3642 16 16 0
3641 8 12 0
2
43 217 
2
3728 18 14 0
3727 14 26 0
2
42 143 
2
3643 16 16 0
3642 22 24 0
2
43 218 
2
3729 18 14 0
3728 10 24 0
2
42 144 
2
3644 16 16 0
3643 24 18 0
2
43 219 
2
3730 18 14 0
3729 24 24 0
2
42 145 
2
3645 16 16 0
3644 22 10 0
2
43 220 
2
3731 18 14 0
3730 12 24 0
2
42 146 
2
3646 16 16 0
3645 30 12 0
2
43 221 
2
3732 18 14 0
3731 6 22 0
2
42 147 
2
3647 16 16 0
3646 4 8 0
2
43 222 
2
3733 18 14 0
3732 6 14 0
2
42 148 
2
3648 16 16 0
3647 12 30 0
2
43 223 
2
3734 18 14 0
3733 14 12 0
2
42 165 
2
3649 16 16 0
3648 4 20 0
2
43 224 
2
3735 18 14 0
3734 24 12 0
2
42 187 
2
3650 16 16 0
3649 12 28 0
2
43 225 
2
3736 18 14 0
3735 20 18 0
2
42 190 
2
3651 16 16 0
3650 26 16 0
2
43 226 
2
3737 18 14 0
3736 18 32 0
2
42 192 
2
3652 16 16 0
3651 18 26 0
2
43 227 
2
3738 18 14 0
3737 2 12 0
2
20 40 
2
3630 14 16 0
3631 10 16 0
2
21 41 
2
3716 20 14 0
3717 20 12 0
2
38 40 
2
3631 4 16 0
3632 10 16 0
2
39 41 
2
3717 22 8 0
3718 20 12 0
2
42 42 
1
3653 16 16 0
2
40 42 
2
3653 10 16 0
3654 16 16 0
2
42 42 
1
3655 16 16 0
2
20 42 
2
3655 14 16 0
3656 16 16 0
2
42 42 
1
3657 16 16 0
2
40 42 
2
3657 10 16 0
3658 16 16 0
2
42 42 
1
3659 16 16 0
2
43 43 
1
3739 18 14 0
2
41 43 
2
3739 20 12 0
3740 18 14 0
2
43 43 
1
3741 18 14 0
2
21 43 
2
3741 20 14 0
3742 18 14 0
2
43 43 
1
3743 18 14 0
2
41 43 
2
3743 20 12 0
3744 18 14 0
2
43 43 
1
3745 18 14 0
2
42 133 
2
3660 16 16 0
3659 10 12 0
2
43 226 
2
3746 18 14 0
3745 18 32 0
2
42 134 
2
3661 16 16 0
3660 16 30 0
2
43 227 
2
3747 18 14 0
3746 2 12 0
2
42 135 
2
3662 16 16 0
3661 10 26 0
2
43 228 
2
3748 18 14 0
3747 12 2 0
2
42 136 
2
3663 16 16 0
3662 16 26 0
2
43 229 
2
3749 18 14 0
3748 2 16 0
2
42 137 
2
3664 16 16 0
3663 16 28 0
2
43 230 
2
3750 18 14 0
3749 10 8 0
2
42 138 
2
3665 16 16 0
3664 10 20 0
2
43 231 
2
3751 18 14 0
3750 14 30 0
2
42 139 
2
3666 16 16 0
3665 12 26 0
2
43 232 
2
3752 18 14 0
3751 26 22 0
2
42 140 
2
3667 16 16 0
3666 14 18 0
2
43 233 
2
3753 18 14 0
3752 8 22 0
2
42 141 
2
3668 16 16 0
3667 14 20 0
2
43 234 
2
3754 18 14 0
3753 12 22 0
2
42 142 
2
3669 16 16 0
3668 8 12 0
2
43 235 
2
3755 18 14 0
3754 14 24 0
2
42 143 
2
3670 16 16 0
3669 22 24 0
2
43 236 
2
3756 18 14 0
3755 8 10 0
2
42 144 
2
3671 16 16 0
3670 24 18 0
2
43 237 
2
3757 18 14 0
3756 20 28 0
2
42 145 
2
3672 16 16 0
3671 22 10 0
2
43 238 
2
3758 18 14 0
3757 14 10 0
2
42 146 
2
3673 16 16 0
3672 30 12 0
2
43 239 
2
3759 18 14 0
3758 16 20 0
2
42 147 
2
3674 16 16 0
3673 4 8 0
2
43 50 
2
3760 18 14 0
3759 4 12 0
2
42 148 
2
3675 16 16 0
3674 12 30 0
2
43 45 
2
3761 18 14 0
3760 16 2 0
2
42 165 
2
3676 16 16 0
3675 4 20 0
2
43 47 
2
3762 18 14 0
3761 26 12 0
2
42 187 
2
3677 16 16 0
3676 12 28 0
2
43 49 
2
3763 18 14 0
3762 32 14 0
2
42 190 
2
3678 16 16 0
3677 26 16 0
2
43 52 
2
3764 18 14 0
3763 18 4 0
2
42 192 
2
3679 16 16 0
3678 18 26 0
2
43 53 
2
3765 18 14 0
3764 18 8 0
2
42 193 
2
3680 16 16 0
3679 6 16 0
2
43 54 
2
3766 18 14 0
3765 24 6 0
2
40 42 
2
3680 10 16 0
3681 16 16 0
2
41 43 
2
3766 20 12 0
3767 18 14 0
2
42 133 
2
3682 16 16 0
3681 10 12 0
2
43 226 
2
3768 18 14 0
3767 18 32 0
2
42 134 
2
3683 16 16 0
3682 16 30 0
2
43 227 
2
3769 18 14 0
3768 2 12 0
2
42 135 
2
3684 16 16 0
3683 10 26 0
2
43 228 
2
3770 18 14 0
3769 12 2 0
2
42 136 
2
3685 16 16 0
3684 16 26 0
2
43 229 
2
3771 18 14 0
3770 2 16 0
2
42 137 
2
3686 16 16 0
3685 16 28 0
2
43 230 
2
3772 18 14 0
3771 10 8 0
2
42 138 
2
3687 16 16 0
3686 10 20 0
2
43 231 
2
3773 18 14 0
3772 14 30 0
2
42 139 
2
3688 16 16 0
3687 12 26 0
2
43 232 
2
3774 18 14 0
3773 26 22 0
2
42 140 
2
3689 16 16 0
3688 14 18 0
2
43 233 
2
3775 18 14 0
3774 8 22 0
2
42 141 
2
3690 16 16 0
3689 14 20 0
2
43 234 
2
3776 18 14 0
3775 12 22 0
2
42 142 
2
3691 16 16 0
3690 8 12 0
2
43 235 
2
3777 18 14 0
3776 14 24 0
2
42 143 
2
3692 16 16 0
3691 22 24 0
2
43 236 
2
3778 18 14 0
3777 8 10 0
2
42 144 
2
3693 16 16 0
3692 24 18 0
2
43 237 
2
3779 18 14 0
3778 20 28 0
2
42 145 
2
3694 16 16 0
3693 22 10 0
2
43 238 
2
3780 18 14 0
3779 14 10 0
2
42 146 
2
3695 16 16 0
3694 30 12 0
2
43 239 
2
3781 18 14 0
3780 16 20 0
2
42 147 
2
3696 16 16 0
3695 4 8 0
2
43 50 
2
3782 18 14 0
3781 4 12 0
2
42 148 
2
3697 16 16 0
3696 12 30 0
2
43 45 
2
3783 18 14 0
3782 16 2 0
2
42 165 
2
3698 16 16 0
3697 4 20 0
2
43 47 
2
3784 18 14 0
3783 26 12 0
2
42 187 
2
3699 16 16 0
3698 12 28 0
2
43 49 
2
3785 18 14 0
3784 32 14 0
2
42 190 
2
3700 16 16 0
3699 26 16 0
2
43 52 
2
3786 18 14 0
3785 18 4 0
2
42 192 
2
3701 16 16 0
3700 18 26 0
2
43 53 
2
3787 18 14 0
3786 18 8 0
2
42 193 
2
3702 16 16 0
3701 6 16 0
2
43 54 
2
3788 18 14 0
3787 24 6 0
2
20 40 
2
3680 14 16 0
3681 10 16 0
2
21 41 
2
3766 20 14 0
3767 20 12 0
2
18 38 
2
3631 4 18 0
3632 4 16 0
2
19 39 
2
3717 20 8 0
3718 22 8 0
2
16 36 
2
3584 4 24 0
3585 4 22 0
2
17 37 
2
3618 26 4 0
3619 24 4 0
2
14 34 
2
3414 4 26 0
3415 2 24 0
2
15 35 
2
3437 26 2 0
3438 28 2 0
2
32 34 
2
3415 2 28 0
3416 2 24 0
2
33 35 
2
3438 32 2 0
3439 28 2 0
2
36 36 
1
3586 4 22 0
2
34 36 
2
3586 2 24 0
3587 4 22 0
2
36 36 
1
3588 4 22 0
2
14 36 
2
3588 4 26 0
3589 4 22 0
2
36 36 
1
3590 4 22 0
2
34 36 
2
3590 2 24 0
3591 4 22 0
2
36 36 
1
3592 4 22 0
2
37 37 
1
3620 24 4 0
2
35 37 
2
3620 28 2 0
3621 24 4 0
2
37 37 
1
3622 24 4 0
2
15 37 
2
3622 26 2 0
3623 24 4 0
2
37 37 
1
3624 24 4 0
2
35 37 
2
3624 28 2 0
3625 24 4 0
2
37 37 
1
3626 24 4 0
2
38 38 
1
3633 4 16 0
2
36 38 
2
3633 4 22 0
3634 4 16 0
2
38 38 
1
3635 4 16 0
2
16 38 
2
3635 4 24 0
3636 4 16 0
2
38 38 
1
3637 4 16 0
2
36 38 
2
3637 4 22 0
3638 4 16 0
2
38 38 
1
3639 4 16 0
2
39 39 
1
3719 22 8 0
2
37 39 
2
3719 24 4 0
3720 22 8 0
2
39 39 
1
3721 22 8 0
2
17 39 
2
3721 26 4 0
3722 22 8 0
2
39 39 
1
3723 22 8 0
2
37 39 
2
3723 24 4 0
3724 22 8 0
2
39 39 
1
3725 22 8 0
2
40 40 
1
3682 10 16 0
2
38 40 
2
3682 4 16 0
3683 10 16 0
2
40 40 
1
3684 10 16 0
2
18 40 
2
3684 4 18 0
3685 10 16 0
2
40 40 
1
3686 10 16 0
2
38 40 
2
3686 4 16 0
3687 10 16 0
2
40 40 
1
3688 10 16 0
2
41 41 
1
3768 20 12 0
2
39 41 
2
3768 22 8 0
3769 20 12 0
2
41 41 
1
3770 20 12 0
2
19 41 
2
3770 20 8 0
3771 20 12 0
2
41 41 
1
3772 20 12 0
2
39 41 
2
3772 22 8 0
3773 20 12 0
2
41 41 
1
3774 20 12 0
2
42 42 
1
3703 16 16 0
2
40 42 
2
3703 10 16 0
3704 16 16 0
2
42 42 
1
3705 16 16 0
2
20 42 
2
3705 14 16 0
3706 16 16 0
2
42 42 
1
3707 16 16 0
2
40 42 
2
3707 10 16 0
3708 16 16 0
2
42 42 
1
3709 16 16 0
2
43 43 
1
3789 18 14 0
2
41 43 
2
3789 20 12 0
3790 18 14 0
2
43 43 
1
3791 18 14 0
2
21 43 
2
3791 20 14 0
3792 18 14 0
2
43 43 
1
3793 18 14 0
2
41 43 
2
3793 20 12 0
3794 18 14 0
2
43 43 
1
3795 18 14 0
2
42 192 
2
3710 16 16 0
3709 18 26 0
2
43 227 
2
3796 18 14 0
3795 2 12 0
2
42 193 
2
3711 16 16 0
3710 6 16 0
2
43 228 
2
3797 18 14 0
3796 12 2 0
2
42 194 
2
3712 16 16 0
3711 14 22 0
2
43 229 
2
3798 18 14 0
3797 2 16 0
2
43 230 
2
3799 18 14 0
3798 10 8 0
2
43 231 
2
3800 18 14 0
3799 14 30 0
2
43 232 
2
3801 18 14 0
3800 26 22 0
2
43 233 
2
3802 18 14 0
3801 8 22 0
2
43 234 
2
3803 18 14 0
3802 12 22 0
2
43 235 
2
3804 18 14 0
3803 14 24 0
2
43 236 
2
3805 18 14 0
3804 8 10 0
2
43 237 
2
3806 18 14 0
3805 20 28 0
2
43 238 
2
3807 18 14 0
3806 14 10 0
2
43 239 
2
3808 18 14 0
3807 16 20 0
2
43 50 
2
3809 18 14 0
3808 4 12 0
2
43 45 
2
3810 18 14 0
3809 16 2 0
2
43 47 
2
3811 18 14 0
3810 26 12 0
2
43 49 
2
3812 18 14 0
3811 32 14 0
2
43 52 
2
3813 18 14 0
3812 18 4 0
2
43 53 
2
3814 18 14 0
3813 18 8 0
2
43 54 
2
3815 18 14 0
3814 24 6 0
2
43 55 
2
3816 18 14 0
3815 24 2 0
2
40 42 
2
3712 10 16 0
3713 16 16 0
2
41 43 
2
3816 20 12 0
3817 18 14 0
2
42 192 
2
3714 16 16 0
3713 18 26 0
2
43 227 
2
3818 18 14 0
3817 2 12 0
2
42 193 
2
3715 16 16 0
3714 6 16 0
2
43 228 
2
3819 18 14 0
3818 12 2 0
2
42 194 
2
3716 16 16 0
3715 14 22 0
2
43 229 
2
3820 18 14 0
3819 2 16 0
2
43 230 
2
3821 18 14 0
3820 10 8 0
2
43 231 
2
3822 18 14 0
3821 14 30 0
2
43 232 
2
3823 18 14 0
3822 26 22 0
2
43 233 
2
3824 18 14 0
3823 8 22 0
2
43 234 
2
3825 18 14 0
3824 12 22 0
2
43 235 
2
3826 18 14 0
3825 14 24 0
2
43 236 
2
3827 18 14 0
3826 8 10 0
2
43 237 
2
3828 18 14 0
3827 20 28 0
2
43 238 
2
3829 18 14 0
3828 14 10 0
2
43 239 
2
3830 18 14 0
3829 16 20 0
2
43 50 
2
3831 18 14 0
3830 4 12 0
2
43 45 
2
3832 18 14 0
3831 16 2 0
2
43 47 
2
3833 18 14 0
3832 26 12 0
2
43 49 
2
3834 18 14 0
3833 32 14 0
2
43 52 
2
3835 18 14 0
3834 18 4 0
2
43 53 
2
3836 18 14 0
3835 18 8 0
2
43 54 
2
3837 18 14 0
3836 24 6 0
2
43 55 
2
3838 18 14 0
3837 24 2 0
2
20 40 
2
3712 14 16 0
3713 10 16 0
2
21 41 
2
3816 20 14 0
3817 20 12 0
2
38 40 
2
3713 4 16 0
3714 10 16 0
2
39 41 
2
3817 22 8 0
3818 20 12 0
2
42 42 
1
3717 16 16 0
2
40 42 
2
3717 10 16 0
3718 16 16 0
2
42 42 
1
3719 16 16 0
2
20 42 
2
3719 14 16 0
3720 16 16 0
2
42 42 
1
3721 16 16 0
2
40 42 
2
3721 10 16 0
3722 16 16 0
2
42 42 
1
3723 16 16 0
2
43 43 
1
3839 18 14 0
2
41 43 
2
3839 20 12 0
3840 18 14 0
2
43 43 
1
3841 18 14 0
2
21 43 
2
3841 20 14 0
3842 18 14 0
2
43 43 
1
3843 18 14 0
2
41 43 
2
3843 20 12 0
3844 18 14 0
2
43 43 
1
3845 18 14 0
2
42 193 
2
3724 16 16 0
3723 6 16 0
2
43 54 
2
3846 18 14 0
3845 24 6 0
2
42 194 
2
3725 16 16 0
3724 14 22 0
2
43 55 
2
3847 18 14 0
3846 24 2 0
2
42 195 
2
3726 16 16 0
3725 10 22 0
2
43 56 
2
3848 18 14 0
3847 32 18 0
2
43 57 
2
3849 18 14 0
3848 22 28 0
2
43 58 
2
3850 18 14 0
3849 10 10 0
2
43 59 
2
3851 18 14 0
3850 28 16 0
2
43 60 
2
3852 18 14 0
3851 16 8 0
2
43 61 
2
3853 18 14 0
3852 18 30 0
2
43 62 
2
3854 18 14 0
3853 20 24 0
2
43 63 
2
3855 18 14 0
3854 16 12 0
2
43 64 
2
3856 18 14 0
3855 16 6 0
2
43 65 
2
3857 18 14 0
3856 10 6 0
2
43 66 
2
3858 18 14 0
3857 18 22 0
2
43 67 
2
3859 18 14 0
3858 18 28 0
2
43 68 
2
3860 18 14 0
3859 18 12 0
2
43 86 
2
3861 18 14 0
3860 6 10 0
2
43 87 
2
3862 18 14 0
3861 22 14 0
2
43 89 
2
3863 18 14 0
3862 24 14 0
2
43 90 
2
3864 18 14 0
3863 20 10 0
2
43 91 
2
3865 18 14 0
3864 28 8 0
2
43 92 
2
3866 18 14 0
3865 32 12 0
2
40 42 
2
3726 10 16 0
3727 16 16 0
2
41 43 
2
3866 20 12 0
3867 18 14 0
2
42 193 
2
3728 16 16 0
3727 6 16 0
2
43 54 
2
3868 18 14 0
3867 24 6 0
2
42 194 
2
3729 16 16 0
3728 14 22 0
2
43 55 
2
3869 18 14 0
3868 24 2 0
2
42 195 
2
3730 16 16 0
3729 10 22 0
2
43 56 
2
3870 18 14 0
3869 32 18 0
2
43 57 
2
3871 18 14 0
3870 22 28 0
2
43 58 
2
3872 18 14 0
3871 10 10 0
2
43 59 
2
3873 18 14 0
3872 28 16 0
2
43 60 
2
3874 18 14 0
3873 16 8 0
2
43 61 
2
3875 18 14 0
3874 18 30 0
2
43 62 
2
3876 18 14 0
3875 20 24 0
2
43 63 
2
3877 18 14 0
3876 16 12 0
2
43 64 
2
3878 18 14 0
3877 16 6 0
2
43 65 
2
3879 18 14 0
3878 10 6 0
2
43 66 
2
3880 18 14 0
3879 18 22 0
2
43 67 
2
3881 18 14 0
3880 18 28 0
2
43 68 
2
3882 18 14 0
3881 18 12 0
2
43 86 
2
3883 18 14 0
3882 6 10 0
2
43 87 
2
3884 18 14 0
3883 22 14 0
2
43 89 
2
3885 18 14 0
3884 24 14 0
2
43 90 
2
3886 18 14 0
3885 20 10 0
2
43 91 
2
3887 18 14 0
3886 28 8 0
2
43 92 
2
3888 18 14 0
3887 32 12 0
2
20 40 
2
3726 14 16 0
3727 10 16 0
2
21 41 
2
3866 20 14 0
3867 20 12 0
2
18 38 
2
3713 4 18 0
3714 4 16 0
2
19 39 
2
3817 20 8 0
3818 22 8 0
2
36 38 
2
3714 4 22 0
3715 4 16 0
2
37 39 
2
3818 24 4 0
3819 22 8 0
2
40 40 
1
3728 10 16 0
2
38 40 
2
3728 4 16 0
3729 10 16 0
2
40 40 
1
3730 10 16 0
2
18 40 
2
3730 4 18 0
3731 10 16 0
2
40 40 
1
3732 10 16 0
2
38 40 
2
3732 4 16 0
3733 10 16 0
2
40 40 
1
3734 10 16 0
2
41 41 
1
3868 20 12 0
2
39 41 
2
3868 22 8 0
3869 20 12 0
2
41 41 
1
3870 20 12 0
2
19 41 
2
3870 20 8 0
3871 20 12 0
2
41 41 
1
3872 20 12 0
2
39 41 
2
3872 22 8 0
3873 20 12 0
2
41 41 
1
3874 20 12 0
2
42 42 
1
3731 16 16 0
2
40 42 
2
3735 10 16 0
3734 16 16 0
2
42 42 
1
3735 16 16 0
2
20 42 
2
3735 14 16 0
3736 16 16 0
2
42 42 
1
3737 16 16 0
2
40 42 
2
3737 10 16 0
3738 16 16 0
2
42 42 
1
3739 16 16 0
2
43 43 
1
3889 18 14 0
2
41 43 
2
3889 20 12 0
3890 18 14 0
2
43 43 
1
3891 18 14 0
2
21 43 
2
3891 20 14 0
3892 18 14 0
2
43 43 
1
3893 18 14 0
2
41 43 
2
3893 20 12 0
3894 18 14 0
2
43 43 
1
3895 18 14 0
2
42 192 
2
3740 16 16 0
3739 18 26 0
2
43 55 
2
3896 18 14 0
3895 24 2 0
2
42 193 
2
3741 16 16 0
3740 6 16 0
2
43 56 
2
3897 18 14 0
3896 32 18 0
2
42 194 
2
3742 16 16 0
3741 14 22 0
2
43 57 
2
3898 18 14 0
3897 22 28 0
2
42 195 
2
3743 16 16 0
3742 10 22 0
2
43 58 
2
3899 18 14 0
3898 10 10 0
2
42 196 
2
3744 16 16 0
3743 8 18 0
2
43 59 
2
3900 18 14 0
3899 28 16 0
2
42 197 
2
3745 16 16 0
3744 16 22 0
2
43 60 
2
3901 18 14 0
3900 16 8 0
2
42 198 
2
3746 16 16 0
3745 16 18 0
2
43 61 
2
3902 18 14 0
3901 18 30 0
2
42 199 
2
3747 16 16 0
3746 14 28 0
2
43 62 
2
3903 18 14 0
3902 20 24 0
2
42 200 
2
3748 16 16 0
3747 10 18 0
2
43 63 
2
3904 18 14 0
3903 16 12 0
2
42 201 
2
3749 16 16 0
3748 18 20 0
2
43 64 
2
3905 18 14 0
3904 16 6 0
2
42 202 
2
3750 16 16 0
3749 14 14 0
2
43 65 
2
3906 18 14 0
3905 10 6 0
2
42 203 
2
3751 16 16 0
3750 2 14 0
2
43 66 
2
3907 18 14 0
3906 18 22 0
2
42 204 
2
3752 16 16 0
3751 20 20 0
2
43 67 
2
3908 18 14 0
3907 18 28 0
2
42 205 
2
3753 16 16 0
3752 18 10 0
2
43 68 
2
3909 18 14 0
3908 18 12 0
2
42 206 
2
3754 16 16 0
3753 26 24 0
2
43 86 
2
3910 18 14 0
3909 6 10 0
2
42 207 
2
3755 16 16 0
3754 4 10 0
2
43 87 
2
3911 18 14 0
3910 22 14 0
2
42 208 
2
3756 16 16 0
3755 32 16 0
2
43 89 
2
3912 18 14 0
3911 24 14 0
2
42 209 
2
3757 16 16 0
3756 2 18 0
2
43 90 
2
3913 18 14 0
3912 20 10 0
2
42 210 
2
3758 16 16 0
3757 8 24 0
2
43 91 
2
3914 18 14 0
3913 28 8 0
2
42 211 
2
3759 16 16 0
3758 6 18 0
2
43 92 
2
3915 18 14 0
3914 32 12 0
2
42 212 
2
3760 16 16 0
3759 16 24 0
2
43 93 
2
3916 18 14 0
3915 20 2 0
2
40 42 
2
3760 10 16 0
3761 16 16 0
2
41 43 
2
3916 20 12 0
3917 18 14 0
2
42 192 
2
3762 16 16 0
3761 18 26 0
2
43 55 
2
3918 18 14 0
3917 24 2 0
2
42 193 
2
3763 16 16 0
3762 6 16 0
2
43 56 
2
3919 18 14 0
3918 32 18 0
2
42 194 
2
3764 16 16 0
3763 14 22 0
2
43 57 
2
3920 18 14 0
3919 22 28 0
2
42 195 
2
3765 16 16 0
3764 10 22 0
2
43 58 
2
3921 18 14 0
3920 10 10 0
2
42 196 
2
3766 16 16 0
3765 8 18 0
2
43 59 
2
3922 18 14 0
3921 28 16 0
2
42 197 
2
3767 16 16 0
3766 16 22 0
2
43 60 
2
3923 18 14 0
3922 16 8 0
2
42 198 
2
3768 16 16 0
3767 16 18 0
2
43 61 
2
3924 18 14 0
3923 18 30 0
2
42 199 
2
3769 16 16 0
3768 14 28 0
2
43 62 
2
3925 18 14 0
3924 20 24 0
2
42 200 
2
3770 16 16 0
3769 10 18 0
2
43 63 
2
3926 18 14 0
3925 16 12 0
2
42 201 
2
3771 16 16 0
3770 18 20 0
2
43 64 
2
3927 18 14 0
3926 16 6 0
2
42 202 
2
3772 16 16 0
3771 14 14 0
2
43 65 
2
3928 18 14 0
3927 10 6 0
2
42 203 
2
3773 16 16 0
3772 2 14 0
2
43 66 
2
3929 18 14 0
3928 18 22 0
2
42 204 
2
3774 16 16 0
3773 20 20 0
2
43 67 
2
3930 18 14 0
3929 18 28 0
2
42 205 
2
3775 16 16 0
3774 18 10 0
2
43 68 
2
3931 18 14 0
3930 18 12 0
2
42 206 
2
3776 16 16 0
3775 26 24 0
2
43 86 
2
3932 18 14 0
3931 6 10 0
2
42 207 
2
3777 16 16 0
3776 4 10 0
2
43 87 
2
3933 18 14 0
3932 22 14 0
2
42 208 
2
3778 16 16 0
3777 32 16 0
2
43 89 
2
3934 18 14 0
3933 24 14 0
2
42 209 
2
3779 16 16 0
3778 2 18 0
2
43 90 
2
3935 18 14 0
3934 20 10 0
2
42 210 
2
3780 16 16 0
3779 8 24 0
2
43 91 
2
3936 18 14 0
3935 28 8 0
2
42 211 
2
3781 16 16 0
3780 6 18 0
2
43 92 
2
3937 18 14 0
3936 32 12 0
2
42 212 
2
3782 16 16 0
3781 16 24 0
2
43 93 
2
3938 18 14 0
3937 20 2 0
2
20 40 
2
3760 14 16 0
3761 10 16 0
2
21 41 
2
3916 20 14 0
3917 20 12 0
2
38 40 
2
3761 4 16 0
3762 10 16 0
2
39 41 
2
3917 22 8 0
3918 20 12 0
2
42 42 
1
3783 16 16 0
2
40 42 
2
3783 10 16 0
3784 16 16 0
2
42 42 
1
3785 16 16 0
2
20 42 
2
3785 14 16 0
3786 16 16 0
2
42 42 
1
3787 16 16 0
2
40 42 
2
3787 10 16 0
3788 16 16 0
2
42 42 
1
3789 16 16 0
2
43 43 
1
3939 18 14 0
2
41 43 
2
3939 20 12 0
3940 18 14 0
2
43 43 
1
3941 18 14 0
2
21 43 
2
3941 20 14 0
3942 18 14 0
2
43 43 
1
3943 18 14 0
2
41 43 
2
3943 20 12 0
3944 18 14 0
2
43 43 
1
3945 18 14 0
2
42 193 
2
3790 16 16 0
3789 6 16 0
2
43 92 
2
3946 18 14 0
3945 32 12 0
2
42 194 
2
3791 16 16 0
3790 14 22 0
2
43 93 
2
3947 18 14 0
3946 20 2 0
2
42 195 
2
3792 16 16 0
3791 10 22 0
2
43 94 
2
3948 18 14 0
3947 8 6 0
2
42 196 
2
3793 16 16 0
3792 8 18 0
2
43 95 
2
3949 18 14 0
3948 6 12 0
2
42 197 
2
3794 16 16 0
3793 16 22 0
2
43 96 
2
3950 18 14 0
3949 16 4 0
2
42 198 
2
3795 16 16 0
3794 16 18 0
2
43 97 
2
3951 18 14 0
3950 12 14 0
2
42 199 
2
3796 16 16 0
3795 14 28 0
2
43 98 
2
3952 18 14 0
3951 22 16 0
2
42 200 
2
3797 16 16 0
3796 10 18 0
2
43 99 
2
3953 18 14 0
3952 18 24 0
2
42 201 
2
3798 16 16 0
3797 18 20 0
2
43 100 
2
3954 18 14 0
3953 12 10 0
2
42 202 
2
3799 16 16 0
3798 14 14 0
2
43 101 
2
3955 18 14 0
3954 18 18 0
2
42 203 
2
3800 16 16 0
3799 2 14 0
2
43 102 
2
3956 18 14 0
3955 14 8 0
2
42 204 
2
3801 16 16 0
3800 20 20 0
2
43 103 
2
3957 18 14 0
3956 14 6 0
2
42 205 
2
3802 16 16 0
3801 18 10 0
2
43 104 
2
3958 18 14 0
3957 22 26 0
2
42 206 
2
3803 16 16 0
3802 26 24 0
2
43 105 
2
3959 18 14 0
3958 20 16 0
2
42 207 
2
3804 16 16 0
3803 4 10 0
2
43 106 
2
3960 18 14 0
3959 24 20 0
2
42 208 
2
3805 16 16 0
3804 32 16 0
2
43 107 
2
3961 18 14 0
3960 30 16 0
2
42 209 
2
3806 16 16 0
3805 2 18 0
2
43 108 
2
3962 18 14 0
3961 28 10 0
2
42 210 
2
3807 16 16 0
3806 8 24 0
2
43 109 
2
3963 18 14 0
3962 26 10 0
2
42 211 
2
3808 16 16 0
3807 6 18 0
2
43 111 
2
3964 18 14 0
3963 18 6 0
2
42 212 
2
3809 16 16 0
3808 16 24 0
2
43 112 
2
3965 18 14 0
3964 30 14 0
2
42 213 
2
3810 16 16 0
3809 16 32 0
2
43 113 
2
3966 18 14 0
3965 22 4 0
2
40 42 
2
3810 10 16 0
3811 16 16 0
2
41 43 
2
3966 20 12 0
3967 18 14 0
2
42 193 
2
3812 16 16 0
3811 6 16 0
2
43 92 
2
3968 18 14 0
3967 32 12 0
2
42 194 
2
3813 16 16 0
3812 14 22 0
2
43 93 
2
3969 18 14 0
3968 20 2 0
2
42 195 
2
3814 16 16 0
3813 10 22 0
2
43 94 
2
3970 18 14 0
3969 8 6 0
2
42 196 
2
3815 16 16 0
3814 8 18 0
2
43 95 
2
3971 18 14 0
3970 6 12 0
2
42 197 
2
3816 16 16 0
3815 16 22 0
2
43 96 
2
3972 18 14 0
3971 16 4 0
2
42 198 
2
3817 16 16 0
3816 16 18 0
2
43 97 
2
3973 18 14 0
3972 12 14 0
2
42 199 
2
3818 16 16 0
3817 14 28 0
2
43 98 
2
3974 18 14 0
3973 22 16 0
2
42 200 
2
3819 16 16 0
3818 10 18 0
2
43 99 
2
3975 18 14 0
3974 18 24 0
2
42 201 
2
3820 16 16 0
3819 18 20 0
2
43 100 
2
3976 18 14 0
3975 12 10 0
2
42 202 
2
3821 16 16 0
3820 14 14 0
2
43 101 
2
3977 18 14 0
3976 18 18 0
2
42 203 
2
3822 16 16 0
3821 2 14 0
2
43 102 
2
3978 18 14 0
3977 14 8 0
2
42 204 
2
3823 16 16 0
3822 20 20 0
2
43 103 
2
3979 18 14 0
3978 14 6 0
2
42 205 
2
3824 16 16 0
3823 18 10 0
2
43 104 
2
3980 18 14 0
3979 22 26 0
2
42 206 
2
3825 16 16 0
3824 26 24 0
2
43 105 
2
3981 18 14 0
3980 20 16 0
2
42 207 
2
3826 16 16 0
3825 4 10 0
2
43 106 
2
3982 18 14 0
3981 24 20 0
2
42 208 
2
3827 16 16 0
3826 32 16 0
2
43 107 
2
3983 18 14 0
3982 30 16 0
2
42 209 
2
3828 16 16 0
3827 2 18 0
2
43 108 
2
3984 18 14 0
3983 28 10 0
2
42 210 
2
3829 16 16 0
3828 8 24 0
2
43 109 
2
3985 18 14 0
3984 26 10 0
2
42 211 
2
3830 16 16 0
3829 6 18 0
2
43 111 
2
3986 18 14 0
3985 18 6 0
2
42 212 
2
3831 16 16 0
3830 16 24 0
2
43 112 
2
3987 18 14 0
3986 30 14 0
2
42 213 
2
3832 16 16 0
3831 16 32 0
2
43 113 
2
3988 18 14 0
3987 22 4 0
2
20 40 
2
3810 14 16 0
3811 10 16 0
2
21 41 
2
3966 20 14 0
3967 20 12 0
2
18 38 
2
3761 4 18 0
3762 4 16 0
2
19 39 
2
3917 20 8 0
3918 22 8 0
2
16 36 
2
3714 4 24 0
3715 4 22 0
2
17 37 
2
3818 26 4 0
3819 24 4 0
2
34 36 
2
3715 2 24 0
3716 4 22 0
2
35 37 
2
3819 28 2 0
3820 24 4 0
2
38 38 
1
3763 4 16 0
2
36 38 
2
3763 4 22 0
3764 4 16 0
2
38 38 
1
3765 4 16 0
2
16 38 
2
3765 4 24 0
3766 4 16 0
2
38 38 
1
3767 4 16 0
2
36 38 
2
3767 4 22 0
3768 4 16 0
2
38 38 
1
3769 4 16 0
2
39 39 
1
3919 22 8 0
2
37 39 
2
3919 24 4 0
3920 22 8 0
2
39 39 
1
3921 22 8 0
2
17 39 
2
3921 26 4 0
3922 22 8 0
2
39 39 
1
3923 22 8 0
2
37 39 
2
3923 24 4 0
3924 22 8 0
2
39 39 
1
3925 22 8 0
2
40 40 
1
3812 10 16 0
2
38 40 
2
3812 4 16 0
3813 10 16 0
2
40 40 
1
3814 10 16 0
2
18 40 
2
3814 4 18 0
3815 10 16 0
2
40 40 
1
3816 10 16 0
2
38 40 
2
3816 4 16 0
3817 10 16 0
2
40 40 
1
3818 10 16 0
2
41 41 
1
3968 20 12 0
2
39 41 
2
3968 22 8 0
3969 20 12 0
2
41 41 
1
3970 20 12 0
2
19 41 
2
3970 20 8 0
3971 20 12 0
2
41 41 
1
3972 20 12 0
2
39 41 
2
3972 22 8 0
3973 20 12 0
2
41 41 
1
3974 20 12 0
2
42 42 
1
3833 16 16 0
2
40 42 
2
3833 10 16 0
3834 16 16 0
2
42 42 
1
3835 16 16 0
2
20 42 
2
3835 14 16 0
3836 16 16 0
2
42 42 
1
3837 16 16 0
2
40 42 
2
3837 10 16 0
3838 16 16 0
2
42 42 
1
3839 16 16 0
2
43 43 
1
3989 18 14 0
2
41 43 
2
3989 20 12 0
3990 18 14 0
2
43 43 
1
3991 18 14 0
2
21 43 
2
3991 20 14 0
3992 18 14 0
2
43 43 
1
3993 18 14 0
2
41 43 
2
3993 20 12 0
3994 18 14 0
2
43 43 
1
3995 18 14 0
2
42 212 
2
3840 16 16 0
3839 16 24 0
2
43 93 
2
3996 18 14 0
3995 20 2 0
2
42 213 
2
3841 16 16 0
3840 16 32 0
2
43 94 
2
3997 18 14 0
3996 8 6 0
2
42 214 
2
3842 16 16 0
3841 12 20 0
2
43 95 
2
3998 18 14 0
3997 6 12 0
2
43 96 
2
3999 18 14 0
3998 16 4 0
2
43 97 
2
4000 18 14 0
3999 12 14 0
2
43 98 
2
4001 18 14 0
4000 22 16 0
2
43 99 
2
4002 18 14 0
4001 18 24 0
2
43 100 
2
4003 18 14 0
4002 12 10 0
2
43 101 
2
4004 18 14 0
4003 18 18 0
2
43 102 
2
4005 18 14 0
4004 14 8 0
2
43 103 
2
4006 18 14 0
4005 14 6 0
2
43 104 
2
4007 18 14 0
4006 22 26 0
2
43 105 
2
4008 18 14 0
4007 20 16 0
2
43 106 
2
4009 18 14 0
4008 24 20 0
2
43 107 
2
4010 18 14 0
4009 30 16 0
2
43 108 
2
4011 18 14 0
4010 28 10 0
2
43 109 
2
4012 18 14 0
4011 26 10 0
2
43 111 
2
4013 18 14 0
4012 18 6 0
2
43 112 
2
4014 18 14 0
4013 30 14 0
2
43 113 
2
4015 18 14 0
4014 22 4 0
2
43 114 
2
4016 18 14 0
4015 30 10 0
2
40 42 
2
3842 10 16 0
3843 16 16 0
2
41 43 
2
4016 20 12 0
4017 18 14 0
2
42 212 
2
3844 16 16 0
3843 16 24 0
2
43 93 
2
4018 18 14 0
4017 20 2 0
2
42 213 
2
3845 16 16 0
3844 16 32 0
2
43 94 
2
4019 18 14 0
4018 8 6 0
2
42 214 
2
3846 16 16 0
3845 12 20 0
2
43 95 
2
4020 18 14 0
4019 6 12 0
2
43 96 
2
4021 18 14 0
4020 16 4 0
2
43 97 
2
4022 18 14 0
4021 12 14 0
2
43 98 
2
4023 18 14 0
4022 22 16 0
2
43 99 
2
4024 18 14 0
4023 18 24 0
2
43 100 
2
4025 18 14 0
4024 12 10 0
2
43 101 
2
4026 18 14 0
4025 18 18 0
2
43 102 
2
4027 18 14 0
4026 14 8 0
2
43 103 
2
4028 18 14 0
4027 14 6 0
2
43 104 
2
4029 18 14 0
4028 22 26 0
2
43 105 
2
4030 18 14 0
4029 20 16 0
2
43 106 
2
4031 18 14 0
4030 24 20 0
2
43 107 
2
4032 18 14 0
4031 30 16 0
2
43 108 
2
4033 18 14 0
4032 28 10 0
2
43 109 
2
4034 18 14 0
4033 26 10 0
2
43 111 
2
4035 18 14 0
4034 18 6 0
2
43 112 
2
4036 18 14 0
4035 30 14 0
2
43 113 
2
4037 18 14 0
4036 22 4 0
2
43 114 
2
4038 18 14 0
4037 30 10 0
2
20 40 
2
3842 14 16 0
3843 10 16 0
2
21 41 
2
4016 20 14 0
4017 20 12 0
2
38 40 
2
3843 4 16 0
3844 10 16 0
2
39 41 
2
4017 22 8 0
4018 20 12 0
2
42 42 
1
3847 16 16 0
2
40 42 
2
3847 10 16 0
3848 16 16 0
2
42 42 
1
3849 16 16 0
2
20 42 
2
3849 14 16 0
3850 16 16 0
2
42 42 
1
3851 16 16 0
2
40 42 
2
3851 10 16 0
3852 16 16 0
2
42 42 
1
3853 16 16 0
2
43 43 
1
4039 18 14 0
2
41 43 
2
4039 20 12 0
4040 18 14 0
2
43 43 
1
4041 18 14 0
2
21 43 
2
4041 20 14 0
4042 18 14 0
2
43 43 
1
4043 18 14 0
2
41 43 
2
4043 20 12 0
4044 18 14 0
2
43 43 
1
4045 18 14 0
2
42 213 
2
3854 16 16 0
3853 16 32 0
2
43 113 
2
4046 18 14 0
4045 22 4 0
2
42 214 
2
3855 16 16 0
3854 12 20 0
2
43 114 
2
4047 18 14 0
4046 30 10 0
2
42 215 
2
3856 16 16 0
3855 18 16 0
2
43 115 
2
4048 18 14 0
4047 2 10 0
2
43 116 
2
4049 18 14 0
4048 8 8 0
2
43 117 
2
4050 18 14 0
4049 12 8 0
2
43 118 
2
4051 18 14 0
4050 12 12 0
2
43 119 
2
4052 18 14 0
4051 22 18 0
2
43 120 
2
4053 18 14 0
4052 28 20 0
2
43 121 
2
4054 18 14 0
4053 8 14 0
2
43 122 
2
4055 18 14 0
4054 12 6 0
2
43 123 
2
4056 18 14 0
4055 22 20 0
2
43 124 
2
4057 18 14 0
4056 20 26 0
2
43 125 
2
4058 18 14 0
4057 12 16 0
2
43 126 
2
4059 18 14 0
4058 16 10 0
2
43 128 
2
4060 18 14 0
4059 16 14 0
2
43 129 
2
4061 18 14 0
4060 28 12 0
2
43 130 
2
4062 18 14 0
4061 22 6 0
2
43 131 
2
4063 18 14 0
4062 28 14 0
2
43 149 
2
4064 18 14 0
4063 20 6 0
2
43 150 
2
4065 18 14 0
4064 24 8 0
2
43 151 
2
4066 18 14 0
4065 22 2 0
2
40 42 
2
3856 10 16 0
3857 16 16 0
2
41 43 
2
4066 20 12 0
4067 18 14 0
2
42 213 
2
3858 16 16 0
3857 16 32 0
2
43 113 
2
4068 18 14 0
4067 22 4 0
2
42 214 
2
3859 16 16 0
3858 12 20 0
2
43 114 
2
4069 18 14 0
4068 30 10 0
2
42 215 
2
3860 16 16 0
3859 18 16 0
2
43 115 
2
4070 18 14 0
4069 2 10 0
2
43 116 
2
4071 18 14 0
4070 8 8 0
2
43 117 
2
4072 18 14 0
4071 12 8 0
2
43 118 
2
4073 18 14 0
4072 12 12 0
2
43 119 
2
4074 18 14 0
4073 22 18 0
2
43 120 
2
4075 18 14 0
4074 28 20 0
2
43 121 
2
4076 18 14 0
4075 8 14 0
2
43 122 
2
4077 18 14 0
4076 12 6 0
2
43 123 
2
4078 18 14 0
4077 22 20 0
2
43 124 
2
4079 18 14 0
4078 20 26 0
2
43 125 
2
4080 18 14 0
4079 12 16 0
2
43 126 
2
4081 18 14 0
4080 16 10 0
2
43 128 
2
4082 18 14 0
4081 16 14 0
2
43 129 
2
4083 18 14 0
4082 28 12 0
2
43 130 
2
4084 18 14 0
4083 22 6 0
2
43 131 
2
4085 18 14 0
4084 28 14 0
2
43 149 
2
4086 18 14 0
4085 20 6 0
2
43 150 
2
4087 18 14 0
4086 24 8 0
2
43 151 
2
4088 18 14 0
4087 22 2 0
2
20 40 
2
3856 14 16 0
3857 10 16 0
2
21 41 
2
4066 20 14 0
4067 20 12 0
2
18 38 
2
3843 4 18 0
3844 4 16 0
2
19 39 
2
4017 20 8 0
4018 22 8 0
2
36 38 
2
3844 4 22 0
3845 4 16 0
2
37 39 
2
4018 24 4 0
4019 22 8 0
2
40 40 
1
3858 10 16 0
2
38 40 
2
3858 4 16 0
3859 10 16 0
2
40 40 
1
3860 10 16 0
2
18 40 
2
3860 4 18 0
3861 10 16 0
2
40 40 
1
3862 10 16 0
2
38 40 
2
3862 4 16 0
3863 10 16 0
2
40 40 
1
3864 10 16 0
2
41 41 
1
4068 20 12 0
2
39 41 
2
4068 22 8 0
4069 20 12 0
2
41 41 
1
4070 20 12 0
2
19 41 
2
4070 20 8 0
4071 20 12 0
2
41 41 
1
4072 20 12 0
2
39 41 
2
4072 22 8 0
4073 20 12 0
2
41 41 
1
4074 20 12 0
2
42 42 
1
3861 16 16 0
2
40 42 
2
3865 10 16 0
3864 16 16 0
2
42 42 
1
3865 16 16 0
2
20 42 
2
3865 14 16 0
3866 16 16 0
2
42 42 
1
3867 16 16 0
2
40 42 
2
3867 10 16 0
3868 16 16 0
2
42 42 
1
3869 16 16 0
2
43 43 
1
4089 18 14 0
2
41 43 
2
4089 20 12 0
4090 18 14 0
2
43 43 
1
4091 18 14 0
2
21 43 
2
4091 20 14 0
4092 18 14 0
2
43 43 
1
4093 18 14 0
2
41 43 
2
4093 20 12 0
4094 18 14 0
2
43 43 
1
4095 18 14 0
2
42 212 
2
3870 16 16 0
3869 16 24 0
2
43 114 
2
4096 18 14 0
4095 30 10 0
2
42 213 
2
3871 16 16 0
3870 16 32 0
2
43 115 
2
4097 18 14 0
4096 2 10 0
2
42 214 
2
3872 16 16 0
3871 12 20 0
2
43 116 
2
4098 18 14 0
4097 8 8 0
2
42 215 
2
3873 16 16 0
3872 18 16 0
2
43 117 
2
4099 18 14 0
4098 12 8 0
2
42 216 
2
3874 16 16 0
3873 8 20 0
2
43 118 
2
4100 18 14 0
4099 12 12 0
2
42 217 
2
3875 16 16 0
3874 14 26 0
2
43 119 
2
4101 18 14 0
4100 22 18 0
2
42 218 
2
3876 16 16 0
3875 10 24 0
2
43 120 
2
4102 18 14 0
4101 28 20 0
2
42 219 
2
3877 16 16 0
3876 24 24 0
2
43 121 
2
4103 18 14 0
4102 8 14 0
2
42 220 
2
3878 16 16 0
3877 12 24 0
2
43 122 
2
4104 18 14 0
4103 12 6 0
2
42 221 
2
3879 16 16 0
3878 6 22 0
2
43 123 
2
4105 18 14 0
4104 22 20 0
2
42 222 
2
3880 16 16 0
3879 6 14 0
2
43 124 
2
4106 18 14 0
4105 20 26 0
2
42 223 
2
3881 16 16 0
3880 14 12 0
2
43 125 
2
4107 18 14 0
4106 12 16 0
2
42 224 
2
3882 16 16 0
3881 24 12 0
2
43 126 
2
4108 18 14 0
4107 16 10 0
2
42 225 
2
3883 16 16 0
3882 20 18 0
2
43 128 
2
4109 18 14 0
4108 16 14 0
2
42 226 
2
3884 16 16 0
3883 18 32 0
2
43 129 
2
4110 18 14 0
4109 28 12 0
2
42 227 
2
3885 16 16 0
3884 2 12 0
2
43 130 
2
4111 18 14 0
4110 22 6 0
2
42 228 
2
3886 16 16 0
3885 12 2 0
2
43 131 
2
4112 18 14 0
4111 28 14 0
2
42 229 
2
3887 16 16 0
3886 2 16 0
2
43 149 
2
4113 18 14 0
4112 20 6 0
2
42 230 
2
3888 16 16 0
3887 10 8 0
2
43 150 
2
4114 18 14 0
4113 24 8 0
2
42 231 
2
3889 16 16 0
3888 14 30 0
2
43 151 
2
4115 18 14 0
4114 22 2 0
2
42 232 
2
3890 16 16 0
3889 26 22 0
2
43 152 
2
4116 18 14 0
4115 22 30 0
2
40 42 
2
3890 10 16 0
3891 16 16 0
2
41 43 
2
4116 20 12 0
4117 18 14 0
2
42 212 
2
3892 16 16 0
3891 16 24 0
2
43 114 
2
4118 18 14 0
4117 30 10 0
2
42 213 
2
3893 16 16 0
3892 16 32 0
2
43 115 
2
4119 18 14 0
4118 2 10 0
2
42 214 
2
3894 16 16 0
3893 12 20 0
2
43 116 
2
4120 18 14 0
4119 8 8 0
2
42 215 
2
3895 16 16 0
3894 18 16 0
2
43 117 
2
4121 18 14 0
4120 12 8 0
2
42 216 
2
3896 16 16 0
3895 8 20 0
2
43 118 
2
4122 18 14 0
4121 12 12 0
2
42 217 
2
3897 16 16 0
3896 14 26 0
2
43 119 
2
4123 18 14 0
4122 22 18 0
2
42 218 
2
3898 16 16 0
3897 10 24 0
2
43 120 
2
4124 18 14 0
4123 28 20 0
2
42 219 
2
3899 16 16 0
3898 24 24 0
2
43 121 
2
4125 18 14 0
4124 8 14 0
2
42 220 
2
3900 16 16 0
3899 12 24 0
2
43 122 
2
4126 18 14 0
4125 12 6 0
2
42 221 
2
3901 16 16 0
3900 6 22 0
2
43 123 
2
4127 18 14 0
4126 22 20 0
2
42 222 
2
3902 16 16 0
3901 6 14 0
2
43 124 
2
4128 18 14 0
4127 20 26 0
2
42 223 
2
3903 16 16 0
3902 14 12 0
2
43 125 
2
4129 18 14 0
4128 12 16 0
2
42 224 
2
3904 16 16 0
3903 24 12 0
2
43 126 
2
4130 18 14 0
4129 16 10 0
2
42 225 
2
3905 16 16 0
3904 20 18 0
2
43 128 
2
4131 18 14 0
4130 16 14 0
2
42 226 
2
3906 16 16 0
3905 18 32 0
2
43 129 
2
4132 18 14 0
4131 28 12 0
2
42 227 
2
3907 16 16 0
3906 2 12 0
2
43 130 
2
4133 18 14 0
4132 22 6 0
2
42 228 
2
3908 16 16 0
3907 12 2 0
2
43 131 
2
4134 18 14 0
4133 28 14 0
2
42 229 
2
3909 16 16 0
3908 2 16 0
2
43 149 
2
4135 18 14 0
4134 20 6 0
2
42 230 
2
3910 16 16 0
3909 10 8 0
2
43 150 
2
4136 18 14 0
4135 24 8 0
2
42 231 
2
3911 16 16 0
3910 14 30 0
2
43 151 
2
4137 18 14 0
4136 22 2 0
2
42 232 
2
3912 16 16 0
3911 26 22 0
2
43 152 
2
4138 18 14 0
4137 22 30 0
2
20 40 
2
3890 14 16 0
3891 10 16 0
2
21 41 
2
4116 20 14 0
4117 20 12 0
2
38 40 
2
3891 4 16 0
3892 10 16 0
2
39 41 
2
4117 22 8 0
4118 20 12 0
2
42 42 
1
3913 16 16 0
2
40 42 
2
3913 10 16 0
3914 16 16 0
2
42 42 
1
3915 16 16 0
2
20 42 
2
3915 14 16 0
3916 16 16 0
2
42 42 
1
3917 16 16 0
2
40 42 
2
3917 10 16 0
3918 16 16 0
2
42 42 
1
3919 16 16 0
2
43 43 
1
4139 18 14 0
2
41 43 
2
4139 20 12 0
4140 18 14 0
2
43 43 
1
4141 18 14 0
2
21 43 
2
4141 20 14 0
4142 18 14 0
2
43 43 
1
4143 18 14 0
2
41 43 
2
4143 20 12 0
4144 18 14 0
2
43 43 
1
4145 18 14 0
2
42 213 
2
3920 16 16 0
3919 16 32 0
2
43 151 
2
4146 18 14 0
4145 22 2 0
2
42 214 
2
3921 16 16 0
3920 12 20 0
2
43 152 
2
4147 18 14 0
4146 22 30 0
2
42 215 
2
3922 16 16 0
3921 18 16 0
2
43 153 
2
4148 18 14 0
4147 24 26 0
2
42 216 
2
3923 16 16 0
3922 8 20 0
2
43 154 
2
4149 18 14 0
4148 28 18 0
2
42 217 
2
3924 16 16 0
3923 14 26 0
2
43 155 
2
4150 18 14 0
4149 22 22 0
2
42 218 
2
3925 16 16 0
3924 10 24 0
2
43 156 
2
4151 18 14 0
4150 26 18 0
2
42 219 
2
3926 16 16 0
3925 24 24 0
2
43 157 
2
4152 18 14 0
4151 24 16 0
2
42 220 
2
3927 16 16 0
3926 12 24 0
2
43 158 
2
4153 18 14 0
4152 4 14 0
2
42 221 
2
3928 16 16 0
3927 6 22 0
2
43 159 
2
4154 18 14 0
4153 14 4 0
2
42 222 
2
3929 16 16 0
3928 6 14 0
2
43 160 
2
4155 18 14 0
4154 10 14 0
2
42 223 
2
3930 16 16 0
3929 14 12 0
2
43 161 
2
4156 18 14 0
4155 14 2 0
2
42 224 
2
3931 16 16 0
3930 24 12 0
2
43 162 
2
4157 18 14 0
4156 30 18 0
2
42 225 
2
3932 16 16 0
3931 20 18 0
2
43 163 
2
4158 18 14 0
4157 24 22 0
2
42 226 
2
3933 16 16 0
3932 18 32 0
2
43 164 
2
4159 18 14 0
4158 26 20 0
2
42 227 
2
3934 16 16 0
3933 2 12 0
2
43 166 
2
4160 18 14 0
4159 20 22 0
2
42 228 
2
3935 16 16 0
3934 12 2 0
2
43 167 
2
4161 18 14 0
4160 22 12 0
2
42 229 
2
3936 16 16 0
3935 2 16 0
2
43 168 
2
4162 18 14 0
4161 24 10 0
2
42 230 
2
3937 16 16 0
3936 10 8 0
2
43 169 
2
4163 18 14 0
4162 18 2 0
2
42 231 
2
3938 16 16 0
3937 14 30 0
2
43 170 
2
4164 18 14 0
4163 26 14 0
2
42 232 
2
3939 16 16 0
3938 26 22 0
2
43 171 
2
4165 18 14 0
4164 20 4 0
2
42 233 
2
3940 16 16 0
3939 8 22 0
2
43 172 
2
4166 18 14 0
4165 26 8 0
2
40 42 
2
3940 10 16 0
3941 16 16 0
2
41 43 
2
4166 20 12 0
4167 18 14 0
2
42 213 
2
3942 16 16 0
3941 16 32 0
2
43 151 
2
4168 18 14 0
4167 22 2 0
2
42 214 
2
3943 16 16 0
3942 12 20 0
2
43 152 
2
4169 18 14 0
4168 22 30 0
2
42 215 
2
3944 16 16 0
3943 18 16 0
2
43 153 
2
4170 18 14 0
4169 24 26 0
2
42 216 
2
3945 16 16 0
3944 8 20 0
2
43 154 
2
4171 18 14 0
4170 28 18 0
2
42 217 
2
3946 16 16 0
3945 14 26 0
2
43 155 
2
4172 18 14 0
4171 22 22 0
2
42 218 
2
3947 16 16 0
3946 10 24 0
2
43 156 
2
4173 18 14 0
4172 26 18 0
2
42 219 
2
3948 16 16 0
3947 24 24 0
2
43 157 
2
4174 18 14 0
4173 24 16 0
2
42 220 
2
3949 16 16 0
3948 12 24 0
2
43 158 
2
4175 18 14 0
4174 4 14 0
2
42 221 
2
3950 16 16 0
3949 6 22 0
2
43 159 
2
4176 18 14 0
4175 14 4 0
2
42 222 
2
3951 16 16 0
3950 6 14 0
2
43 160 
2
4177 18 14 0
4176 10 14 0
2
42 223 
2
3952 16 16 0
3951 14 12 0
2
43 161 
2
4178 18 14 0
4177 14 2 0
2
42 224 
2
3953 16 16 0
3952 24 12 0
2
43 162 
2
4179 18 14 0
4178 30 18 0
2
42 225 
2
3954 16 16 0
3953 20 18 0
2
43 163 
2
4180 18 14 0
4179 24 22 0
2
42 226 
2
3955 16 16 0
3954 18 32 0
2
43 164 
2
4181 18 14 0
4180 26 20 0
2
42 227 
2
3956 16 16 0
3955 2 12 0
2
43 166 
2
4182 18 14 0
4181 20 22 0
2
42 228 
2
3957 16 16 0
3956 12 2 0
2
43 167 
2
4183 18 14 0
4182 22 12 0
2
42 229 
2
3958 16 16 0
3957 2 16 0
2
43 168 
2
4184 18 14 0
4183 24 10 0
2
42 230 
2
3959 16 16 0
3958 10 8 0
2
43 169 
2
4185 18 14 0
4184 18 2 0
2
42 231 
2
3960 16 16 0
3959 14 30 0
2
43 170 
2
4186 18 14 0
4185 26 14 0
2
42 232 
2
3961 16 16 0
3960 26 22 0
2
43 171 
2
4187 18 14 0
4186 20 4 0
2
42 233 
2
3962 16 16 0
3961 8 22 0
2
43 172 
2
4188 18 14 0
4187 26 8 0
2
20 40 
2
3940 14 16 0
3941 10 16 0
2
21 41 
2
4166 20 14 0
4167 20 12 0
2
18 38 
2
3891 4 18 0
3892 4 16 0
2
19 39 
2
4117 20 8 0
4118 22 8 0
2
16 36 
2
3844 4 24 0
3845 4 22 0
2
17 37 
2
4018 26 4 0
4019 24 4 0
2
14 34 
2
3715 4 26 0
3716 2 24 0
2
15 35 
2
3819 26 2 0
3820 28 2 0
2
12 32 
2
3415 2 26 0
3416 2 28 0
2
13 33 
2
3438 30 2 0
3439 32 2 0
2
30 32 
2
3416 4 28 0
3417 2 28 0
2
31 33 
2
3439 32 6 0
3440 32 2 0
2
34 34 
1
3717 2 24 0
2
32 34 
2
3717 2 28 0
3718 2 24 0
2
34 34 
1
3719 2 24 0
2
12 34 
2
3719 2 26 0
3720 2 24 0
2
34 34 
1
3721 2 24 0
2
32 34 
2
3721 2 28 0
3722 2 24 0
2
34 34 
1
3723 2 24 0
2
35 35 
1
3821 28 2 0
2
33 35 
2
3821 32 2 0
3822 28 2 0
2
35 35 
1
3823 28 2 0
2
13 35 
2
3823 30 2 0
3824 28 2 0
2
35 35 
1
3825 28 2 0
2
33 35 
2
3825 32 2 0
3826 28 2 0
2
35 35 
1
3827 28 2 0
2
36 36 
1
3846 4 22 0
2
34 36 
2
3846 2 24 0
3847 4 22 0
2
36 36 
1
3848 4 22 0
2
14 36 
2
3848 4 26 0
3849 4 22 0
2
36 36 
1
3850 4 22 0
2
34 36 
2
3850 2 24 0
3851 4 22 0
2
36 36 
1
3852 4 22 0
2
37 37 
1
4020 24 4 0
2
35 37 
2
4020 28 2 0
4021 24 4 0
2
37 37 
1
4022 24 4 0
2
15 37 
2
4022 26 2 0
4023 24 4 0
2
37 37 
1
4024 24 4 0
2
35 37 
2
4024 28 2 0
4025 24 4 0
2
37 37 
1
4026 24 4 0
2
38 38 
1
3893 4 16 0
2
36 38 
2
3893 4 22 0
3894 4 16 0
2
38 38 
1
3895 4 16 0
2
16 38 
2
3895 4 24 0
3896 4 16 0
2
38 38 
1
3897 4 16 0
2
36 38 
2
3897 4 22 0
3898 4 16 0
2
38 38 
1
3899 4 16 0
2
39 39 
1
4119 22 8 0
2
37 39 
2
4119 24 4 0
4120 22 8 0
2
39 39 
1
4121 22 8 0
2
17 39 
2
4121 26 4 0
4122 22 8 0
2
39 39 
1
4123 22 8 0
2
37 39 
2
4123 24 4 0
4124 22 8 0
2
39 39 
1
4125 22 8 0
2
40 40 
1
3942 10 16 0
2
38 40 
2
3942 4 16 0
3943 10 16 0
2
40 40 
1
3944 10 16 0
2
18 40 
2
3944 4 18 0
3945 10 16 0
2
40 40 
1
3946 10 16 0
2
38 40 
2
3946 4 16 0
3947 10 16 0
2
40 40 
1
3948 10 16 0
2
41 41 
1
4168 20 12 0
2
39 41 
2
4168 22 8 0
4169 20 12 0
2
41 41 
1
4170 20 12 0
2
19 41 
2
4170 20 8 0
4171 20 12 0
2
41 41 
1
4172 20 12 0
2
39 41 
2
4172 22 8 0
4173 20 12 0
2
41 41 
1
4174 20 12 0
2
42 42 
1
3963 16 16 0
2
40 42 
2
3963 10 16 0
3964 16 16 0
2
42 42 
1
3965 16 16 0
2
20 42 
2
3965 14 16 0
3966 16 16 0
2
42 42 
1
3967 16 16 0
2
40 42 
2
3967 10 16 0
3968 16 16 0
2
42 42 
1
3969 16 16 0
2
43 43 
1
4189 18 14 0
2
41 43 
2
4189 20 12 0
4190 18 14 0
2
43 43 
1
4191 18 14 0
2
21 43 
2
4191 20 14 0
4192 18 14 0
2
43 43 
1
4193 18 14 0
2
41 43 
2
4193 20 12 0
4194 18 14 0
2
43 43 
1
4195 18 14 0
2
42 232 
2
3970 16 16 0
3969 26 22 0
2
43 152 
2
4196 18 14 0
4195 22 30 0
2
42 233 
2
3971 16 16 0
3970 8 22 0
2
43 153 
2
4197 18 14 0
4196 24 26 0
2
42 234 
2
3972 16 16 0
3971 12 22 0
2
43 154 
2
4198 18 14 0
4197 28 18 0
2
43 155 
2
4199 18 14 0
4198 22 22 0
2
43 156 
2
4200 18 14 0
4199 26 18 0
2
43 157 
2
4201 18 14 0
4200 24 16 0
2
43 158 
2
4202 18 14 0
4201 4 14 0
2
43 159 
2
4203 18 14 0
4202 14 4 0
2
43 160 
2
4204 18 14 0
4203 10 14 0
2
43 161 
2
4205 18 14 0
4204 14 2 0
2
43 162 
2
4206 18 14 0
4205 30 18 0
2
43 163 
2
4207 18 14 0
4206 24 22 0
2
43 164 
2
4208 18 14 0
4207 26 20 0
2
43 166 
2
4209 18 14 0
4208 20 22 0
2
43 167 
2
4210 18 14 0
4209 22 12 0
2
43 168 
2
4211 18 14 0
4210 24 10 0
2
43 169 
2
4212 18 14 0
4211 18 2 0
2
43 170 
2
4213 18 14 0
4212 26 14 0
2
43 171 
2
4214 18 14 0
4213 20 4 0
2
43 172 
2
4215 18 14 0
4214 26 8 0
2
43 173 
2
4216 18 14 0
4215 26 6 0
2
40 42 
2
3972 10 16 0
3973 16 16 0
2
41 43 
2
4216 20 12 0
4217 18 14 0
2
42 232 
2
3974 16 16 0
3973 26 22 0
2
43 152 
2
4218 18 14 0
4217 22 30 0
2
42 233 
2
3975 16 16 0
3974 8 22 0
2
43 153 
2
4219 18 14 0
4218 24 26 0
2
42 234 
2
3976 16 16 0
3975 12 22 0
2
43 154 
2
4220 18 14 0
4219 28 18 0
2
43 155 
2
4221 18 14 0
4220 22 22 0
2
43 156 
2
4222 18 14 0
4221 26 18 0
2
43 157 
2
4223 18 14 0
4222 24 16 0
2
43 158 
2
4224 18 14 0
4223 4 14 0
2
43 159 
2
4225 18 14 0
4224 14 4 0
2
43 160 
2
4226 18 14 0
4225 10 14 0
2
43 161 
2
4227 18 14 0
4226 14 2 0
2
43 162 
2
4228 18 14 0
4227 30 18 0
2
43 163 
2
4229 18 14 0
4228 24 22 0
2
43 164 
2
4230 18 14 0
4229 26 20 0
2
43 166 
2
4231 18 14 0
4230 20 22 0
2
43 167 
2
4232 18 14 0
4231 22 12 0
2
43 168 
2
4233 18 14 0
4232 24 10 0
2
43 169 
2
4234 18 14 0
4233 18 2 0
2
43 170 
2
4235 18 14 0
4234 26 14 0
2
43 171 
2
4236 18 14 0
4235 20 4 0
2
43 172 
2
4237 18 14 0
4236 26 8 0
2
43 173 
2
4238 18 14 0
4237 26 6 0
2
20 40 
2
3972 14 16 0
3973 10 16 0
2
21 41 
2
4216 20 14 0
4217 20 12 0
2
38 40 
2
3973 4 16 0
3974 10 16 0
2
39 41 
2
4217 22 8 0
4218 20 12 0
2
42 42 
1
3977 16 16 0
2
40 42 
2
3977 10 16 0
3978 16 16 0
2
42 42 
1
3979 16 16 0
2
20 42 
2
3979 14 16 0
3980 16 16 0
2
42 42 
1
3981 16 16 0
2
40 42 
2
3981 10 16 0
3982 16 16 0
2
42 42 
1
3983 16 16 0
2
43 43 
1
4239 18 14 0
2
41 43 
2
4239 20 12 0
4240 18 14 0
2
43 43 
1
4241 18 14 0
2
21 43 
2
4241 20 14 0
4242 18 14 0
2
43 43 
1
4243 18 14 0
2
41 43 
2
4243 20 12 0
4244 18 14 0
2
43 43 
1
4245 18 14 0
2
42 233 
2
3984 16 16 0
3983 8 22 0
2
43 172 
2
4246 18 14 0
4245 26 8 0
2
42 234 
2
3985 16 16 0
3984 12 22 0
2
43 173 
2
4247 18 14 0
4246 26 6 0
2
42 235 
2
3986 16 16 0
3985 14 24 0
2
43 174 
2
4248 18 14 0
4247 20 32 0
2
43 175 
2
4249 18 14 0
4248 6 8 0
2
43 176 
2
4250 18 14 0
4249 20 30 0
2
43 177 
2
4251 18 14 0
4250 8 4 0
2
43 178 
2
4252 18 14 0
4251 10 2 0
2
43 179 
2
4253 18 14 0
4252 30 22 0
2
43 180 
2
4254 18 14 0
4253 26 26 0
2
43 181 
2
4255 18 14 0
4254 32 20 0
2
43 182 
2
4256 18 14 0
4255 32 10 0
2
43 183 
2
4257 18 14 0
4256 2 8 0
2
43 184 
2
4258 18 14 0
4257 30 8 0
2
43 185 
2
4259 18 14 0
4258 24 30 0
2
43 186 
2
4260 18 14 0
4259 28 6 0
2
43 188 
2
4261 18 14 0
4260 30 6 0
2
43 189 
2
4262 18 14 0
4261 32 8 0
2
43 191 
2
4263 18 14 0
4262 28 4 0
2
43 240 
2
4264 18 14 0
4263 6 4 0
2
43 241 
2
4265 18 14 0
4264 32 22 0
2
43 242 
2
4266 18 14 0
4265 4 6 0
2
40 42 
2
3986 10 16 0
3987 16 16 0
2
41 43 
2
4266 20 12 0
4267 18 14 0
2
42 233 
2
3988 16 16 0
3987 8 22 0
2
43 172 
2
4268 18 14 0
4267 26 8 0
2
42 234 
2
3989 16 16 0
3988 12 22 0
2
43 173 
2
4269 18 14 0
4268 26 6 0
2
42 235 
2
3990 16 16 0
3989 14 24 0
2
43 174 
2
4270 18 14 0
4269 20 32 0
2
43 175 
2
4271 18 14 0
4270 6 8 0
2
43 176 
2
4272 18 14 0
4271 20 30 0
2
43 177 
2
4273 18 14 0
4272 8 4 0
2
43 178 
2
4274 18 14 0
4273 10 2 0
2
43 179 
2
4275 18 14 0
4274 30 22 0
2
43 180 
2
4276 18 14 0
4275 26 26 0
2
43 181 
2
4277 18 14 0
4276 32 20 0
2
43 182 
2
4278 18 14 0
4277 32 10 0
2
43 183 
2
4279 18 14 0
4278 2 8 0
2
43 184 
2
4280 18 14 0
4279 30 8 0
2
43 185 
2
4281 18 14 0
4280 24 30 0
2
43 186 
2
4282 18 14 0
4281 28 6 0
2
43 188 
2
4283 18 14 0
4282 30 6 0
2
43 189 
2
4284 18 14 0
4283 32 8 0
2
43 191 
2
4285 18 14 0
4284 28 4 0
2
43 240 
2
4286 18 14 0
4285 6 4 0
2
43 241 
2
4287 18 14 0
4286 32 22 0
2
43 242 
2
4288 18 14 0
4287 4 6 0
2
20 40 
2
3986 14 16 0
3987 10 16 0
2
21 41 
2
4266 20 14 0
4267 20 12 0
2
18 38 
2
3973 4 18 0
3974 4 16 0
2
19 39 
2
4217 20 8 0
4218 22 8 0
2
36 38 
2
3974 4 22 0
3975 4 16 0
2
37 39 
2
4218 24 4 0
4219 22 8 0
2
40 40 
1
3988 10 16 0
2
38 40 
2
3988 4 16 0
3989 10 16 0
2
40 40 
1
3990 10 16 0
2
18 40 
2
3990 4 18 0
3991 10 16 0
2
40 40 
1
3992 10 16 0
2
38 40 
2
3992 4 16 0
3993 10 16 0
2
40 40 
1
3994 10 16 0
2
41 41 
1
4268 20 12 0
2
39 41 
2
4268 22 8 0
4269 20 12 0
2
41 41 
1
4270 20 12 0
2
19 41 
2
4270 20 8 0
4271 20 12 0
2
41 41 
1
4272 20 12 0
2
39 41 
2
4272 22 8 0
4273 20 12 0
2
41 41 
1
4274 20 12 0
2
42 42 
1
3991 16 16 0
2
40 42 
2
3995 10 16 0
3994 16 16 0
2
42 42 
1
3995 16 16 0
2
20 42 
2
3995 14 16 0
3996 16 16 0
2
42 42 
1
3997 16 16 0
2
40 42 
2
3997 10 16 0
3998 16 16 0
2
42 42 
1
3999 16 16 0
2
43 43 
1
4289 18 14 0
2
41 43 
2
4289 20 12 0
4290 18 14 0
2
43 43 
1
4291 18 14 0
2
21 43 
2
4291 20 14 0
4292 18 14 0
2
43 43 
1
4293 18 14 0
2
41 43 
2
4293 20 12 0
4294 18 14 0
2
43 43 
1
4295 18 14 0
2
42 232 
2
4000 16 16 0
3999 26 22 0
2
43 173 
2
4296 18 14 0
4295 26 6 0
2
42 233 
2
4001 16 16 0
4000 8 22 0
2
43 174 
2
4297 18 14 0
4296 20 32 0
2
42 234 
2
4002 16 16 0
4001 12 22 0
2
43 175 
2
4298 18 14 0
4297 6 8 0
2
42 235 
2
4003 16 16 0
4002 14 24 0
2
43 176 
2
4299 18 14 0
4298 20 30 0
2
42 236 
2
4004 16 16 0
4003 8 10 0
2
43 177 
2
4300 18 14 0
4299 8 4 0
2
42 237 
2
4005 16 16 0
4004 20 28 0
2
43 178 
2
4301 18 14 0
4300 10 2 0
2
42 238 
2
4006 16 16 0
4005 14 10 0
2
43 179 
2
4302 18 14 0
4301 30 22 0
2
42 239 
2
4007 16 16 0
4006 16 20 0
2
43 180 
2
4303 18 14 0
4302 26 26 0
2
42 50 
2
4008 16 16 0
4007 4 12 0
2
43 181 
2
4304 18 14 0
4303 32 20 0
2
42 45 
2
4009 16 16 0
4008 16 2 0
2
43 182 
2
4305 18 14 0
4304 32 10 0
2
42 47 
2
4010 16 16 0
4009 26 12 0
2
43 183 
2
4306 18 14 0
4305 2 8 0
2
42 49 
2
4011 16 16 0
4010 32 14 0
2
43 184 
2
4307 18 14 0
4306 30 8 0
2
42 52 
2
4012 16 16 0
4011 18 4 0
2
43 185 
2
4308 18 14 0
4307 24 30 0
2
42 53 
2
4013 16 16 0
4012 18 8 0
2
43 186 
2
4309 18 14 0
4308 28 6 0
2
42 54 
2
4014 16 16 0
4013 24 6 0
2
43 188 
2
4310 18 14 0
4309 30 6 0
2
42 55 
2
4015 16 16 0
4014 24 2 0
2
43 189 
2
4311 18 14 0
4310 32 8 0
2
42 56 
2
4016 16 16 0
4015 32 18 0
2
43 191 
2
4312 18 14 0
4311 28 4 0
2
42 57 
2
4017 16 16 0
4016 22 28 0
2
43 240 
2
4313 18 14 0
4312 6 4 0
2
42 58 
2
4018 16 16 0
4017 10 10 0
2
43 241 
2
4314 18 14 0
4313 32 22 0
2
42 59 
2
4019 16 16 0
4018 28 16 0
2
43 242 
2
4315 18 14 0
4314 4 6 0
2
42 60 
2
4020 16 16 0
4019 16 8 0
2
43 243 
2
4316 18 14 0
4315 26 28 0
2
40 42 
2
4020 10 16 0
4021 16 16 0
2
41 43 
2
4316 20 12 0
4317 18 14 0
2
42 232 
2
4022 16 16 0
4021 26 22 0
2
43 173 
2
4318 18 14 0
4317 26 6 0
2
42 233 
2
4023 16 16 0
4022 8 22 0
2
43 174 
2
4319 18 14 0
4318 20 32 0
2
42 234 
2
4024 16 16 0
4023 12 22 0
2
43 175 
2
4320 18 14 0
4319 6 8 0
2
42 235 
2
4025 16 16 0
4024 14 24 0
2
43 176 
2
4321 18 14 0
4320 20 30 0
2
42 236 
2
4026 16 16 0
4025 8 10 0
2
43 177 
2
4322 18 14 0
4321 8 4 0
2
42 237 
2
4027 16 16 0
4026 20 28 0
2
43 178 
2
4323 18 14 0
4322 10 2 0
2
42 238 
2
4028 16 16 0
4027 14 10 0
2
43 179 
2
4324 18 14 0
4323 30 22 0
2
42 239 
2
4029 16 16 0
4028 16 20 0
2
43 180 
2
4325 18 14 0
4324 26 26 0
2
42 50 
2
4030 16 16 0
4029 4 12 0
2
43 181 
2
4326 18 14 0
4325 32 20 0
2
42 45 
2
4031 16 16 0
4030 16 2 0
2
43 182 
2
4327 18 14 0
4326 32 10 0
2
42 47 
2
4032 16 16 0
4031 26 12 0
2
43 183 
2
4328 18 14 0
4327 2 8 0
2
42 49 
2
4033 16 16 0
4032 32 14 0
2
43 184 
2
4329 18 14 0
4328 30 8 0
2
42 52 
2
4034 16 16 0
4033 18 4 0
2
43 185 
2
4330 18 14 0
4329 24 30 0
2
42 53 
2
4035 16 16 0
4034 18 8 0
2
43 186 
2
4331 18 14 0
4330 28 6 0
2
42 54 
2
4036 16 16 0
4035 24 6 0
2
43 188 
2
4332 18 14 0
4331 30 6 0
2
42 55 
2
4037 16 16 0
4036 24 2 0
2
43 189 
2
4333 18 14 0
4332 32 8 0
2
42 56 
2
4038 16 16 0
4037 32 18 0
2
43 191 
2
4334 18 14 0
4333 28 4 0
2
42 57 
2
4039 16 16 0
4038 22 28 0
2
43 240 
2
4335 18 14 0
4334 6 4 0
2
42 58 
2
4040 16 16 0
4039 10 10 0
2
43 241 
2
4336 18 14 0
4335 32 22 0
2
42 59 
2
4041 16 16 0
4040 28 16 0
2
43 242 
2
4337 18 14 0
4336 4 6 0
2
42 60 
2
4042 16 16 0
4041 16 8 0
2
43 243 
2
4338 18 14 0
4337 26 28 0
2
20 40 
2
4020 14 16 0
4021 10 16 0
2
21 41 
2
4316 20 14 0
4317 20 12 0
2
38 40 
2
4021 4 16 0
4022 10 16 0
2
39 41 
2
4317 22 8 0
4318 20 12 0
2
42 42 
1
4043 16 16 0
2
40 42 
2
4043 10 16 0
4044 16 16 0
2
42 42 
1
4045 16 16 0
2
20 42 
2
4045 14 16 0
4046 16 16 0
2
42 42 
1
4047 16 16 0
2
40 42 
2
4047 10 16 0
4048 16 16 0
2
42 42 
1
4049 16 16 0
2
43 43 
1
4339 18 14 0
2
41 43 
2
4339 20 12 0
4340 18 14 0
2
43 43 
1
4341 18 14 0
2
21 43 
2
4341 20 14 0
4342 18 14 0
2
43 43 
1
4343 18 14 0
2
41 43 
2
4343 20 12 0
4344 18 14 0
2
43 43 
1
4345 18 14 0
2
42 233 
2
4050 16 16 0
4049 8 22 0
2
43 46 
2
4346 18 14 0
4345 28 26 0
2
42 234 
2
4051 16 16 0
4050 12 22 0
2
42 235 
2
4052 16 16 0
4051 14 24 0
2
42 236 
2
4053 16 16 0
4052 8 10 0
2
42 237 
2
4054 16 16 0
4053 20 28 0
2
42 238 
2
4055 16 16 0
4054 14 10 0
2
42 239 
2
4056 16 16 0
4055 16 20 0
2
42 50 
2
4057 16 16 0
4056 4 12 0
2
42 45 
2
4058 16 16 0
4057 16 2 0
2
42 47 
2
4059 16 16 0
4058 26 12 0
2
42 49 
2
4060 16 16 0
4059 32 14 0
2
42 52 
2
4061 16 16 0
4060 18 4 0
2
42 53 
2
4062 16 16 0
4061 18 8 0
2
42 54 
2
4063 16 16 0
4062 24 6 0
2
42 55 
2
4064 16 16 0
4063 24 2 0
2
42 56 
2
4065 16 16 0
4064 32 18 0
2
42 57 
2
4066 16 16 0
4065 22 28 0
2
42 58 
2
4067 16 16 0
4066 10 10 0
2
42 59 
2
4068 16 16 0
4067 28 16 0
2
42 60 
2
4069 16 16 0
4068 16 8 0
2
42 61 
2
4070 16 16 0
4069 18 30 0
2
40 42 
2
4070 10 16 0
4071 16 16 0
2
41 43 
2
4346 20 12 0
4347 18 14 0
2
42 233 
2
4072 16 16 0
4071 8 22 0
2
43 44 
2
4348 18 14 0
4347 30 26 0
2
42 234 
2
4073 16 16 0
4072 12 22 0
2
42 235 
2
4074 16 16 0
4073 14 24 0
2
42 236 
2
4075 16 16 0
4074 8 10 0
2
42 237 
2
4076 16 16 0
4075 20 28 0
2
42 238 
2
4077 16 16 0
4076 14 10 0
2
42 239 
2
4078 16 16 0
4077 16 20 0
2
42 50 
2
4079 16 16 0
4078 4 12 0
2
42 45 
2
4080 16 16 0
4079 16 2 0
2
42 47 
2
4081 16 16 0
4080 26 12 0
2
42 49 
2
4082 16 16 0
4081 32 14 0
2
42 52 
2
4083 16 16 0
4082 18 4 0
2
42 53 
2
4084 16 16 0
4083 18 8 0
2
42 54 
2
4085 16 16 0
4084 24 6 0
2
42 55 
2
4086 16 16 0
4085 24 2 0
2
42 56 
2
4087 16 16 0
4086 32 18 0
2
42 57 
2
4088 16 16 0
4087 22 28 0
2
42 58 
2
4089 16 16 0
4088 10 10 0
2
42 59 
2
4090 16 16 0
4089 28 16 0
2
42 60 
2
4091 16 16 0
4090 16 8 0
2
42 61 
2
4092 16 16 0
4091 18 30 0
2
20 40 
2
4070 14 16 0
4071 10 16 0
2
21 41 
2
4346 20 14 0
4347 20 12 0
2
18 38 
2
4021 4 18 0
4022 4 16 0
2
19 39 
2
4317 20 8 0
4318 22 8 0
2
16 36 
2
3974 4 24 0
3975 4 22 0
2
17 37 
2
4218 26 4 0
4219 24 4 0
2
34 36 
2
3975 2 24 0
3976 4 22 0
2
35 37 
2
4219 28 2 0
4220 24 4 0
2
38 38 
1
4023 4 16 0
2
36 38 
2
4023 4 22 0
4024 4 16 0
2
38 38 
1
4025 4 16 0
2
16 38 
2
4025 4 24 0
4026 4 16 0
2
38 38 
1
4027 4 16 0
2
36 38 
2
4027 4 22 0
4028 4 16 0
2
38 38 
1
4029 4 16 0
2
39 39 
1
4319 22 8 0
2
37 39 
2
4319 24 4 0
4320 22 8 0
2
39 39 
1
4321 22 8 0
2
17 39 
2
4321 26 4 0
4322 22 8 0
2
39 39 
1
4323 22 8 0
2
37 39 
2
4323 24 4 0
4324 22 8 0
2
39 39 
1
4325 22 8 0
2
40 40 
1
4072 10 16 0
2
38 40 
2
4072 4 16 0
4073 10 16 0
2
40 40 
1
4074 10 16 0
2
18 40 
2
4074 4 18 0
4075 10 16 0
2
40 40 
1
4076 10 16 0
2
38 40 
2
4076 4 16 0
4077 10 16 0
2
40 40 
1
4078 10 16 0
2
41 41 
1
4348 20 12 0
2
39 41 
2
4348 22 8 0
4349 20 12 0
2
41 41 
1
4350 20 12 0
2
19 41 
2
4350 20 8 0
4351 20 12 0
2
41 41 
1
4352 20 12 0
2
39 41 
2
4352 22 8 0
4353 20 12 0
2
41 41 
1
4354 20 12 0
2
42 42 
1
4093 16 16 0
2
40 42 
2
4093 10 16 0
4094 16 16 0
2
42 42 
1
4095 16 16 0
2
20 42 
2
4095 14 16 0
4096 16 16 0
2
42 42 
1
4097 16 16 0
2
40 42 
2
4097 10 16 0
4098 16 16 0
2
42 42 
1
4099 16 16 0
2
43 43 
1
4349 18 14 0
2
41 43 
2
4355 20 12 0
4354 18 14 0
2
43 43 
1
4355 18 14 0
2
21 43 
2
4355 20 14 0
4356 18 14 0
2
43 43 
1
4357 18 14 0
2
41 43 
2
4357 20 12 0
4358 18 14 0
2
43 43 
1
4359 18 14 0
2
42 60 
2
4100 16 16 0
4099 16 8 0
2
43 44 
2
4360 18 14 0
4359 30 26 0
2
42 61 
2
4101 16 16 0
4100 18 30 0
2
43 46 
2
4361 18 14 0
4360 28 26 0
2
42 62 
2
4102 16 16 0
4101 20 24 0
2
40 42 
2
4102 10 16 0
4103 16 16 0
2
41 43 
2
4361 20 12 0
4362 18 14 0
2
42 60 
2
4104 16 16 0
4103 16 8 0
2
43 51 
2
4363 18 14 0
4362 12 32 0
2
42 61 
2
4105 16 16 0
4104 18 30 0
2
42 62 
2
4106 16 16 0
4105 20 24 0
2
20 40 
2
4102 14 16 0
4103 10 16 0
2
21 41 
2
4361 20 14 0
4362 20 12 0
2
38 40 
2
4103 4 16 0
4104 10 16 0
2
39 41 
2
4362 22 8 0
4363 20 12 0
2
42 42 
1
4107 16 16 0
2
40 42 
2
4107 10 16 0
4108 16 16 0
2
42 42 
1
4109 16 16 0
2
20 42 
2
4109 14 16 0
4110 16 16 0
2
42 42 
1
4111 16 16 0
2
40 42 
2
4111 10 16 0
4112 16 16 0
2
42 42 
1
4113 16 16 0
2
43 43 
1
4364 18 14 0
2
41 43 
2
4364 20 12 0
4365 18 14 0
2
43 43 
1
4366 18 14 0
2
21 43 
2
4366 20 14 0
4367 18 14 0
2
43 43 
1
4368 18 14 0
2
41 43 
2
4368 20 12 0
4369 18 14 0
2
43 43 
1
4370 18 14 0
2
42 61 
2
4114 16 16 0
4113 18 30 0
2
43 48 
2
4371 18 14 0
4370 22 32 0
2
42 62 
2
4115 16 16 0
4114 20 24 0
2
42 63 
2
4116 16 16 0
4115 16 12 0
2
40 42 
2
4116 10 16 0
4117 16 16 0
2
41 43 
2
4371 20 12 0
4372 18 14 0
2
42 61 
2
4118 16 16 0
4117 18 30 0
2
43 48 
2
4373 18 14 0
4372 22 32 0
2
42 62 
2
4119 16 16 0
4118 20 24 0
2
43 51 
2
4374 18 14 0
4373 12 32 0
2
42 63 
2
4120 16 16 0
4119 16 12 0
2
20 40 
2
4116 14 16 0
4117 10 16 0
2
21 41 
2
4371 20 14 0
4372 20 12 0
2
18 38 
2
4103 4 18 0
4104 4 16 0
2
19 39 
2
4362 20 8 0
4363 22 8 0
2
36 38 
2
4104 4 22 0
4105 4 16 0
2
37 39 
2
4363 24 4 0
4364 22 8 0
2
40 40 
1
4118 10 16 0
2
38 40 
2
4118 4 16 0
4119 10 16 0
2
40 40 
1
4120 10 16 0
2
18 40 
2
4120 4 18 0
4121 10 16 0
2
40 40 
1
4122 10 16 0
2
38 40 
2
4122 4 16 0
4123 10 16 0
2
40 40 
1
4124 10 16 0
2
41 41 
1
4373 20 12 0
2
39 41 
2
4373 22 8 0
4374 20 12 0
2
41 41 
1
4375 20 12 0
2
19 41 
2
4375 20 8 0
4376 20 12 0
2
41 41 
1
4377 20 12 0
2
39 41 
2
4377 22 8 0
4378 20 12 0
2
41 41 
1
4379 20 12 0
2
42 42 
1
4121 16 16 0
2
40 42 
2
4125 10 16 0
4124 16 16 0
2
42 42 
1
4125 16 16 0
2
20 42 
2
4125 14 16 0
4126 16 16 0
2
42 42 
1
4127 16 16 0
2
40 42 
2
4127 10 16 0
4128 16 16 0
2
42 42 
1
4129 16 16 0
2
43 43 
1
4375 18 14 0
2
41 43 
2
4380 20 12 0
4379 18 14 0
2
43 43 
1
4380 18 14 0
2
21 43 
2
4380 20 14 0
4381 18 14 0
2
43 43 
1
4382 18 14 0
2
41 43 
2
4382 20 12 0
4383 18 14 0
2
43 43 
1
4384 18 14 0
2
42 60 
2
4130 16 16 0
4129 16 8 0
2
43 70 
2
4385 18 14 0
4384 8 2 0
2
42 61 
2
4131 16 16 0
4130 18 30 0
2
42 62 
2
4132 16 16 0
4131 20 24 0
2
42 63 
2
4133 16 16 0
4132 16 12 0
2
42 64 
2
4134 16 16 0
4133 16 6 0
2
42 65 
2
4135 16 16 0
4134 10 6 0
2
42 66 
2
4136 16 16 0
4135 18 22 0
2
42 67 
2
4137 16 16 0
4136 18 28 0
2
42 68 
2
4138 16 16 0
4137 18 12 0
2
42 86 
2
4139 16 16 0
4138 6 10 0
2
42 87 
2
4140 16 16 0
4139 22 14 0
2
42 89 
2
4141 16 16 0
4140 24 14 0
2
42 90 
2
4142 16 16 0
4141 20 10 0
2
42 91 
2
4143 16 16 0
4142 28 8 0
2
42 92 
2
4144 16 16 0
4143 32 12 0
2
42 93 
2
4145 16 16 0
4144 20 2 0
2
42 94 
2
4146 16 16 0
4145 8 6 0
2
42 95 
2
4147 16 16 0
4146 6 12 0
2
42 96 
2
4148 16 16 0
4147 16 4 0
2
42 97 
2
4149 16 16 0
4148 12 14 0
2
42 98 
2
4150 16 16 0
4149 22 16 0
2
40 42 
2
4150 10 16 0
4151 16 16 0
2
41 43 
2
4385 20 12 0
4386 18 14 0
2
42 60 
2
4152 16 16 0
4151 16 8 0
2
43 69 
2
4387 18 14 0
4386 6 26 0
2
42 61 
2
4153 16 16 0
4152 18 30 0
2
42 62 
2
4154 16 16 0
4153 20 24 0
2
42 63 
2
4155 16 16 0
4154 16 12 0
2
42 64 
2
4156 16 16 0
4155 16 6 0
2
42 65 
2
4157 16 16 0
4156 10 6 0
2
42 66 
2
4158 16 16 0
4157 18 22 0
2
42 67 
2
4159 16 16 0
4158 18 28 0
2
42 68 
2
4160 16 16 0
4159 18 12 0
2
42 86 
2
4161 16 16 0
4160 6 10 0
2
42 87 
2
4162 16 16 0
4161 22 14 0
2
42 89 
2
4163 16 16 0
4162 24 14 0
2
42 90 
2
4164 16 16 0
4163 20 10 0
2
42 91 
2
4165 16 16 0
4164 28 8 0
2
42 92 
2
4166 16 16 0
4165 32 12 0
2
42 93 
2
4167 16 16 0
4166 20 2 0
2
42 94 
2
4168 16 16 0
4167 8 6 0
2
42 95 
2
4169 16 16 0
4168 6 12 0
2
42 96 
2
4170 16 16 0
4169 16 4 0
2
42 97 
2
4171 16 16 0
4170 12 14 0
2
42 98 
2
4172 16 16 0
4171 22 16 0
2
20 40 
2
4150 14 16 0
4151 10 16 0
2
21 41 
2
4385 20 14 0
4386 20 12 0
2
38 40 
2
4151 4 16 0
4152 10 16 0
2
39 41 
2
4386 22 8 0
4387 20 12 0
2
42 42 
1
4173 16 16 0
2
40 42 
2
4173 10 16 0
4174 16 16 0
2
42 42 
1
4175 16 16 0
2
20 42 
2
4175 14 16 0
4176 16 16 0
2
42 42 
1
4177 16 16 0
2
40 42 
2
4177 10 16 0
4178 16 16 0
2
42 42 
1
4179 16 16 0
2
43 43 
1
4388 18 14 0
2
41 43 
2
4388 20 12 0
4389 18 14 0
2
43 43 
1
4390 18 14 0
2
21 43 
2
4390 20 14 0
4391 18 14 0
2
43 43 
1
4392 18 14 0
2
41 43 
2
4392 20 12 0
4393 18 14 0
2
43 43 
1
4394 18 14 0
2
42 61 
2
4180 16 16 0
4179 18 30 0
2
43 69 
2
4395 18 14 0
4394 6 26 0
2
42 62 
2
4181 16 16 0
4180 20 24 0
2
43 70 
2
4396 18 14 0
4395 8 2 0
2
42 63 
2
4182 16 16 0
4181 16 12 0
2
42 64 
2
4183 16 16 0
4182 16 6 0
2
42 65 
2
4184 16 16 0
4183 10 6 0
2
42 66 
2
4185 16 16 0
4184 18 22 0
2
42 67 
2
4186 16 16 0
4185 18 28 0
2
42 68 
2
4187 16 16 0
4186 18 12 0
2
42 86 
2
4188 16 16 0
4187 6 10 0
2
42 87 
2
4189 16 16 0
4188 22 14 0
2
42 89 
2
4190 16 16 0
4189 24 14 0
2
42 90 
2
4191 16 16 0
4190 20 10 0
2
42 91 
2
4192 16 16 0
4191 28 8 0
2
42 92 
2
4193 16 16 0
4192 32 12 0
2
42 93 
2
4194 16 16 0
4193 20 2 0
2
42 94 
2
4195 16 16 0
4194 8 6 0
2
42 95 
2
4196 16 16 0
4195 6 12 0
2
42 96 
2
4197 16 16 0
4196 16 4 0
2
42 97 
2
4198 16 16 0
4197 12 14 0
2
42 98 
2
4199 16 16 0
4198 22 16 0
2
42 99 
2
4200 16 16 0
4199 18 24 0
2
40 42 
2
4200 10 16 0
4201 16 16 0
2
41 43 
2
4396 20 12 0
4397 18 14 0
2
42 61 
2
4202 16 16 0
4201 18 30 0
2
43 72 
2
4398 18 14 0
4397 8 30 0
2
42 62 
2
4203 16 16 0
4202 20 24 0
2
42 63 
2
4204 16 16 0
4203 16 12 0
2
42 64 
2
4205 16 16 0
4204 16 6 0
2
42 65 
2
4206 16 16 0
4205 10 6 0
2
42 66 
2
4207 16 16 0
4206 18 22 0
2
42 67 
2
4208 16 16 0
4207 18 28 0
2
42 68 
2
4209 16 16 0
4208 18 12 0
2
42 86 
2
4210 16 16 0
4209 6 10 0
2
42 87 
2
4211 16 16 0
4210 22 14 0
2
42 89 
2
4212 16 16 0
4211 24 14 0
2
42 90 
2
4213 16 16 0
4212 20 10 0
2
42 91 
2
4214 16 16 0
4213 28 8 0
2
42 92 
2
4215 16 16 0
4214 32 12 0
2
42 93 
2
4216 16 16 0
4215 20 2 0
2
42 94 
2
4217 16 16 0
4216 8 6 0
2
42 95 
2
4218 16 16 0
4217 6 12 0
2
42 96 
2
4219 16 16 0
4218 16 4 0
2
42 97 
2
4220 16 16 0
4219 12 14 0
2
42 98 
2
4221 16 16 0
4220 22 16 0
2
42 99 
2
4222 16 16 0
4221 18 24 0
2
20 40 
2
4200 14 16 0
4201 10 16 0
2
21 41 
2
4396 20 14 0
4397 20 12 0
2
18 38 
2
4151 4 18 0
4152 4 16 0
2
19 39 
2
4386 20 8 0
4387 22 8 0
2
16 36 
2
4104 4 24 0
4105 4 22 0
2
17 37 
2
4363 26 4 0
4364 24 4 0
2
14 34 
2
3975 4 26 0
3976 2 24 0
2
15 35 
2
4219 26 2 0
4220 28 2 0
2
32 34 
2
3976 2 28 0
3977 2 24 0
2
33 35 
2
4220 32 2 0
4221 28 2 0
2
36 36 
1
4106 4 22 0
2
34 36 
2
4106 2 24 0
4107 4 22 0
2
36 36 
1
4108 4 22 0
2
14 36 
2
4108 4 26 0
4109 4 22 0
2
36 36 
1
4110 4 22 0
2
34 36 
2
4110 2 24 0
4111 4 22 0
2
36 36 
1
4112 4 22 0
2
37 37 
1
4365 24 4 0
2
35 37 
2
4365 28 2 0
4366 24 4 0
2
37 37 
1
4367 24 4 0
2
15 37 
2
4367 26 2 0
4368 24 4 0
2
37 37 
1
4369 24 4 0
2
35 37 
2
4369 28 2 0
4370 24 4 0
2
37 37 
1
4371 24 4 0
2
38 38 
1
4153 4 16 0
2
36 38 
2
4153 4 22 0
4154 4 16 0
2
38 38 
1
4155 4 16 0
2
16 38 
2
4155 4 24 0
4156 4 16 0
2
38 38 
1
4157 4 16 0
2
36 38 
2
4157 4 22 0
4158 4 16 0
2
38 38 
1
4159 4 16 0
2
39 39 
1
4388 22 8 0
2
37 39 
2
4388 24 4 0
4389 22 8 0
2
39 39 
1
4390 22 8 0
2
17 39 
2
4390 26 4 0
4391 22 8 0
2
39 39 
1
4392 22 8 0
2
37 39 
2
4392 24 4 0
4393 22 8 0
2
39 39 
1
4394 22 8 0
2
40 40 
1
4202 10 16 0
2
38 40 
2
4202 4 16 0
4203 10 16 0
2
40 40 
1
4204 10 16 0
2
18 40 
2
4204 4 18 0
4205 10 16 0
2
40 40 
1
4206 10 16 0
2
38 40 
2
4206 4 16 0
4207 10 16 0
2
40 40 
1
4208 10 16 0
2
41 41 
1
4398 20 12 0
2
39 41 
2
4398 22 8 0
4399 20 12 0
2
41 41 
1
4400 20 12 0
2
19 41 
2
4400 20 8 0
4401 20 12 0
2
41 41 
1
4402 20 12 0
2
39 41 
2
4402 22 8 0
4403 20 12 0
2
41 41 
1
4404 20 12 0
2
42 42 
1
4223 16 16 0
2
40 42 
2
4223 10 16 0
4224 16 16 0
2
42 42 
1
4225 16 16 0
2
20 42 
2
4225 14 16 0
4226 16 16 0
2
42 42 
1
4227 16 16 0
2
40 42 
2
4227 10 16 0
4228 16 16 0
2
42 42 
1
4229 16 16 0
2
43 43 
1
4399 18 14 0
2
41 43 
2
4405 20 12 0
4404 18 14 0
2
43 43 
1
4405 18 14 0
2
21 43 
2
4405 20 14 0
4406 18 14 0
2
43 43 
1
4407 18 14 0
2
41 43 
2
4407 20 12 0
4408 18 14 0
2
43 43 
1
4409 18 14 0
2
42 98 
2
4230 16 16 0
4229 22 16 0
2
43 71 
2
4410 18 14 0
4409 8 28 0
2
42 99 
2
4231 16 16 0
4230 18 24 0
2
42 100 
2
4232 16 16 0
4231 12 10 0
2
40 42 
2
4232 10 16 0
4233 16 16 0
2
41 43 
2
4410 20 12 0
4411 18 14 0
2
42 98 
2
4234 16 16 0
4233 22 16 0
2
43 71 
2
4412 18 14 0
4411 8 28 0
2
42 99 
2
4235 16 16 0
4234 18 24 0
2
43 72 
2
4413 18 14 0
4412 8 30 0
2
42 100 
2
4236 16 16 0
4235 12 10 0
2
20 40 
2
4232 14 16 0
4233 10 16 0
2
21 41 
2
4410 20 14 0
4411 20 12 0
2
38 40 
2
4233 4 16 0
4234 10 16 0
2
39 41 
2
4411 22 8 0
4412 20 12 0
2
42 42 
1
4237 16 16 0
2
40 42 
2
4237 10 16 0
4238 16 16 0
2
42 42 
1
4239 16 16 0
2
20 42 
2
4239 14 16 0
4240 16 16 0
2
42 42 
1
4241 16 16 0
2
40 42 
2
4241 10 16 0
4242 16 16 0
2
42 42 
1
4243 16 16 0
2
43 43 
1
4414 18 14 0
2
41 43 
2
4414 20 12 0
4415 18 14 0
2
43 43 
1
4416 18 14 0
2
21 43 
2
4416 20 14 0
4417 18 14 0
2
43 43 
1
4418 18 14 0
2
41 43 
2
4418 20 12 0
4419 18 14 0
2
43 43 
1
4420 18 14 0
2
42 99 
2
4244 16 16 0
4243 18 24 0
2
43 74 
2
4421 18 14 0
4420 8 26 0
2
42 100 
2
4245 16 16 0
4244 12 10 0
2
42 101 
2
4246 16 16 0
4245 18 18 0
2
40 42 
2
4246 10 16 0
4247 16 16 0
2
41 43 
2
4421 20 12 0
4422 18 14 0
2
42 99 
2
4248 16 16 0
4247 18 24 0
2
43 73 
2
4423 18 14 0
4422 2 22 0
2
42 100 
2
4249 16 16 0
4248 12 10 0
2
42 101 
2
4250 16 16 0
4249 18 18 0
2
20 40 
2
4246 14 16 0
4247 10 16 0
2
21 41 
2
4421 20 14 0
4422 20 12 0
2
18 38 
2
4233 4 18 0
4234 4 16 0
2
19 39 
2
4411 20 8 0
4412 22 8 0
2
36 38 
2
4234 4 22 0
4235 4 16 0
2
37 39 
2
4412 24 4 0
4413 22 8 0
2
40 40 
1
4248 10 16 0
2
38 40 
2
4248 4 16 0
4249 10 16 0
2
40 40 
1
4250 10 16 0
2
18 40 
2
4250 4 18 0
4251 10 16 0
2
40 40 
1
4252 10 16 0
2
38 40 
2
4252 4 16 0
4253 10 16 0
2
40 40 
1
4254 10 16 0
2
41 41 
1
4423 20 12 0
2
39 41 
2
4423 22 8 0
4424 20 12 0
2
41 41 
1
4425 20 12 0
2
19 41 
2
4425 20 8 0
4426 20 12 0
2
41 41 
1
4427 20 12 0
2
39 41 
2
4427 22 8 0
4428 20 12 0
2
41 41 
1
4429 20 12 0
2
42 42 
1
4251 16 16 0
2
40 42 
2
4255 10 16 0
4254 16 16 0
2
42 42 
1
4255 16 16 0
2
20 42 
2
4255 14 16 0
4256 16 16 0
2
42 42 
1
4257 16 16 0
2
40 42 
2
4257 10 16 0
4258 16 16 0
2
42 42 
1
4259 16 16 0
2
43 43 
1
4424 18 14 0
2
41 43 
2
4430 20 12 0
4429 18 14 0
2
43 43 
1
4430 18 14 0
2
21 43 
2
4430 20 14 0
4431 18 14 0
2
43 43 
1
4432 18 14 0
2
41 43 
2
4432 20 12 0
4433 18 14 0
2
43 43 
1
4434 18 14 0
2
42 98 
2
4260 16 16 0
4259 22 16 0
2
43 73 
2
4435 18 14 0
4434 2 22 0
2
42 99 
2
4261 16 16 0
4260 18 24 0
2
43 74 
2
4436 18 14 0
4435 8 26 0
2
42 100 
2
4262 16 16 0
4261 12 10 0
2
42 101 
2
4263 16 16 0
4262 18 18 0
2
42 102 
2
4264 16 16 0
4263 14 8 0
2
42 103 
2
4265 16 16 0
4264 14 6 0
2
42 104 
2
4266 16 16 0
4265 22 26 0
2
42 105 
2
4267 16 16 0
4266 20 16 0
2
42 106 
2
4268 16 16 0
4267 24 20 0
2
42 107 
2
4269 16 16 0
4268 30 16 0
2
42 108 
2
4270 16 16 0
4269 28 10 0
2
42 109 
2
4271 16 16 0
4270 26 10 0
2
42 111 
2
4272 16 16 0
4271 18 6 0
2
42 112 
2
4273 16 16 0
4272 30 14 0
2
42 113 
2
4274 16 16 0
4273 22 4 0
2
42 114 
2
4275 16 16 0
4274 30 10 0
2
42 115 
2
4276 16 16 0
4275 2 10 0
2
42 116 
2
4277 16 16 0
4276 8 8 0
2
42 117 
2
4278 16 16 0
4277 12 8 0
2
42 118 
2
4279 16 16 0
4278 12 12 0
2
42 119 
2
4280 16 16 0
4279 22 18 0
2
40 42 
2
4280 10 16 0
4281 16 16 0
2
41 43 
2
4436 20 12 0
4437 18 14 0
2
42 98 
2
4282 16 16 0
4281 22 16 0
2
43 76 
2
4438 18 14 0
4437 6 24 0
2
42 99 
2
4283 16 16 0
4282 18 24 0
2
42 100 
2
4284 16 16 0
4283 12 10 0
2
42 101 
2
4285 16 16 0
4284 18 18 0
2
42 102 
2
4286 16 16 0
4285 14 8 0
2
42 103 
2
4287 16 16 0
4286 14 6 0
2
42 104 
2
4288 16 16 0
4287 22 26 0
2
42 105 
2
4289 16 16 0
4288 20 16 0
2
42 106 
2
4290 16 16 0
4289 24 20 0
2
42 107 
2
4291 16 16 0
4290 30 16 0
2
42 108 
2
4292 16 16 0
4291 28 10 0
2
42 109 
2
4293 16 16 0
4292 26 10 0
2
42 111 
2
4294 16 16 0
4293 18 6 0
2
42 112 
2
4295 16 16 0
4294 30 14 0
2
42 113 
2
4296 16 16 0
4295 22 4 0
2
42 114 
2
4297 16 16 0
4296 30 10 0
2
42 115 
2
4298 16 16 0
4297 2 10 0
2
42 116 
2
4299 16 16 0
4298 8 8 0
2
42 117 
2
4300 16 16 0
4299 12 8 0
2
42 118 
2
4301 16 16 0
4300 12 12 0
2
42 119 
2
4302 16 16 0
4301 22 18 0
2
20 40 
2
4280 14 16 0
4281 10 16 0
2
21 41 
2
4436 20 14 0
4437 20 12 0
2
38 40 
2
4281 4 16 0
4282 10 16 0
2
39 41 
2
4437 22 8 0
4438 20 12 0
2
42 42 
1
4303 16 16 0
2
40 42 
2
4303 10 16 0
4304 16 16 0
2
42 42 
1
4305 16 16 0
2
20 42 
2
4305 14 16 0
4306 16 16 0
2
42 42 
1
4307 16 16 0
2
40 42 
2
4307 10 16 0
4308 16 16 0
2
42 42 
1
4309 16 16 0
2
43 43 
1
4439 18 14 0
2
41 43 
2
4439 20 12 0
4440 18 14 0
2
43 43 
1
4441 18 14 0
2
21 43 
2
4441 20 14 0
4442 18 14 0
2
43 43 
1
4443 18 14 0
2
41 43 
2
4443 20 12 0
4444 18 14 0
2
43 43 
1
4445 18 14 0
2
42 99 
2
4310 16 16 0
4309 18 24 0
2
43 75 
2
4446 18 14 0
4445 10 30 0
2
42 100 
2
4311 16 16 0
4310 12 10 0
2
42 101 
2
4312 16 16 0
4311 18 18 0
2
42 102 
2
4313 16 16 0
4312 14 8 0
2
42 103 
2
4314 16 16 0
4313 14 6 0
2
42 104 
2
4315 16 16 0
4314 22 26 0
2
42 105 
2
4316 16 16 0
4315 20 16 0
2
42 106 
2
4317 16 16 0
4316 24 20 0
2
42 107 
2
4318 16 16 0
4317 30 16 0
2
42 108 
2
4319 16 16 0
4318 28 10 0
2
42 109 
2
4320 16 16 0
4319 26 10 0
2
42 111 
2
4321 16 16 0
4320 18 6 0
2
42 112 
2
4322 16 16 0
4321 30 14 0
2
42 113 
2
4323 16 16 0
4322 22 4 0
2
42 114 
2
4324 16 16 0
4323 30 10 0
2
42 115 
2
4325 16 16 0
4324 2 10 0
2
42 116 
2
4326 16 16 0
4325 8 8 0
2
42 117 
2
4327 16 16 0
4326 12 8 0
2
42 118 
2
4328 16 16 0
4327 12 12 0
2
42 119 
2
4329 16 16 0
4328 22 18 0
2
42 120 
2
4330 16 16 0
4329 28 20 0
2
40 42 
2
4330 10 16 0
4331 16 16 0
2
41 43 
2
4446 20 12 0
4447 18 14 0
2
42 99 
2
4332 16 16 0
4331 18 24 0
2
43 75 
2
4448 18 14 0
4447 10 30 0
2
42 100 
2
4333 16 16 0
4332 12 10 0
2
43 76 
2
4449 18 14 0
4448 6 24 0
2
42 101 
2
4334 16 16 0
4333 18 18 0
2
42 102 
2
4335 16 16 0
4334 14 8 0
2
42 103 
2
4336 16 16 0
4335 14 6 0
2
42 104 
2
4337 16 16 0
4336 22 26 0
2
42 105 
2
4338 16 16 0
4337 20 16 0
2
42 106 
2
4339 16 16 0
4338 24 20 0
2
42 107 
2
4340 16 16 0
4339 30 16 0
2
42 108 
2
4341 16 16 0
4340 28 10 0
2
42 109 
2
4342 16 16 0
4341 26 10 0
2
42 111 
2
4343 16 16 0
4342 18 6 0
2
42 112 
2
4344 16 16 0
4343 30 14 0
2
42 113 
2
4345 16 16 0
4344 22 4 0
2
42 114 
2
4346 16 16 0
4345 30 10 0
2
42 115 
2
4347 16 16 0
4346 2 10 0
2
42 116 
2
4348 16 16 0
4347 8 8 0
2
42 117 
2
4349 16 16 0
4348 12 8 0
2
42 118 
2
4350 16 16 0
4349 12 12 0
2
42 119 
2
4351 16 16 0
4350 22 18 0
2
42 120 
2
4352 16 16 0
4351 28 20 0
2
20 40 
2
4330 14 16 0
4331 10 16 0
2
21 41 
2
4446 20 14 0
4447 20 12 0
2
18 38 
2
4281 4 18 0
4282 4 16 0
2
19 39 
2
4437 20 8 0
4438 22 8 0
2
16 36 
2
4234 4 24 0
4235 4 22 0
2
17 37 
2
4412 26 4 0
4413 24 4 0
2
34 36 
2
4235 2 24 0
4236 4 22 0
2
35 37 
2
4413 28 2 0
4414 24 4 0
2
38 38 
1
4283 4 16 0
2
36 38 
2
4283 4 22 0
4284 4 16 0
2
38 38 
1
4285 4 16 0
2
16 38 
2
4285 4 24 0
4286 4 16 0
2
38 38 
1
4287 4 16 0
2
36 38 
2
4287 4 22 0
4288 4 16 0
2
38 38 
1
4289 4 16 0
2
39 39 
1
4439 22 8 0
2
37 39 
2
4439 24 4 0
4440 22 8 0
2
39 39 
1
4441 22 8 0
2
17 39 
2
4441 26 4 0
4442 22 8 0
2
39 39 
1
4443 22 8 0
2
37 39 
2
4443 24 4 0
4444 22 8 0
2
39 39 
1
4445 22 8 0
2
40 40 
1
4332 10 16 0
2
38 40 
2
4332 4 16 0
4333 10 16 0
2
40 40 
1
4334 10 16 0
2
18 40 
2
4334 4 18 0
4335 10 16 0
2
40 40 
1
4336 10 16 0
2
38 40 
2
4336 4 16 0
4337 10 16 0
2
40 40 
1
4338 10 16 0
2
41 41 
1
4448 20 12 0
2
39 41 
2
4448 22 8 0
4449 20 12 0
2
41 41 
1
4450 20 12 0
2
19 41 
2
4450 20 8 0
4451 20 12 0
2
41 41 
1
4452 20 12 0
2
39 41 
2
4452 22 8 0
4453 20 12 0
2
41 41 
1
4454 20 12 0
2
42 42 
1
4353 16 16 0
2
40 42 
2
4353 10 16 0
4354 16 16 0
2
42 42 
1
4355 16 16 0
2
20 42 
2
4355 14 16 0
4356 16 16 0
2
42 42 
1
4357 16 16 0
2
40 42 
2
4357 10 16 0
4358 16 16 0
2
42 42 
1
4359 16 16 0
2
43 43 
1
4450 18 14 0
2
41 43 
2
4455 20 12 0
4454 18 14 0
2
43 43 
1
4455 18 14 0
2
21 43 
2
4455 20 14 0
4456 18 14 0
2
43 43 
1
4457 18 14 0
2
41 43 
2
4457 20 12 0
4458 18 14 0
2
43 43 
1
4459 18 14 0
2
42 119 
2
4360 16 16 0
4359 22 18 0
2
43 78 
2
4460 18 14 0
4459 10 28 0
2
42 120 
2
4361 16 16 0
4360 28 20 0
2
42 121 
2
4362 16 16 0
4361 8 14 0
2
40 42 
2
4362 10 16 0
4363 16 16 0
2
41 43 
2
4460 20 12 0
4461 18 14 0
2
42 119 
2
4364 16 16 0
4363 22 18 0
2
43 77 
2
4462 18 14 0
4461 14 32 0
2
42 120 
2
4365 16 16 0
4364 28 20 0
2
42 121 
2
4366 16 16 0
4365 8 14 0
2
20 40 
2
4362 14 16 0
4363 10 16 0
2
21 41 
2
4460 20 14 0
4461 20 12 0
2
38 40 
2
4363 4 16 0
4364 10 16 0
2
39 41 
2
4461 22 8 0
4462 20 12 0
2
42 42 
1
4367 16 16 0
2
40 42 
2
4367 10 16 0
4368 16 16 0
2
42 42 
1
4369 16 16 0
2
20 42 
2
4369 14 16 0
4370 16 16 0
2
42 42 
1
4371 16 16 0
2
40 42 
2
4371 10 16 0
4372 16 16 0
2
42 42 
1
4373 16 16 0
2
43 43 
1
4463 18 14 0
2
41 43 
2
4463 20 12 0
4464 18 14 0
2
43 43 
1
4465 18 14 0
2
21 43 
2
4465 20 14 0
4466 18 14 0
2
43 43 
1
4467 18 14 0
2
41 43 
2
4467 20 12 0
4468 18 14 0
2
43 43 
1
4469 18 14 0
2
42 120 
2
4374 16 16 0
4373 28 20 0
2
43 77 
2
4470 18 14 0
4469 14 32 0
2
42 121 
2
4375 16 16 0
4374 8 14 0
2
43 78 
2
4471 18 14 0
4470 10 28 0
2
42 122 
2
4376 16 16 0
4375 12 6 0
2
40 42 
2
4376 10 16 0
4377 16 16 0
2
41 43 
2
4471 20 12 0
4472 18 14 0
2
42 120 
2
4378 16 16 0
4377 28 20 0
2
43 80 
2
4473 18 14 0
4472 24 28 0
2
42 121 
2
4379 16 16 0
4378 8 14 0
2
42 122 
2
4380 16 16 0
4379 12 6 0
2
20 40 
2
4376 14 16 0
4377 10 16 0
2
21 41 
2
4471 20 14 0
4472 20 12 0
2
18 38 
2
4363 4 18 0
4364 4 16 0
2
19 39 
2
4461 20 8 0
4462 22 8 0
2
36 38 
2
4364 4 22 0
4365 4 16 0
2
37 39 
2
4462 24 4 0
4463 22 8 0
2
40 40 
1
4378 10 16 0
2
38 40 
2
4378 4 16 0
4379 10 16 0
2
40 40 
1
4380 10 16 0
2
18 40 
2
4380 4 18 0
4381 10 16 0
2
40 40 
1
4382 10 16 0
2
38 40 
2
4382 4 16 0
4383 10 16 0
2
40 40 
1
4384 10 16 0
2
41 41 
1
4473 20 12 0
2
39 41 
2
4473 22 8 0
4474 20 12 0
2
41 41 
1
4475 20 12 0
2
19 41 
2
4475 20 8 0
4476 20 12 0
2
41 41 
1
4477 20 12 0
2
39 41 
2
4477 22 8 0
4478 20 12 0
2
41 41 
1
4479 20 12 0
2
42 42 
1
4381 16 16 0
2
40 42 
2
4385 10 16 0
4384 16 16 0
2
42 42 
1
4385 16 16 0
2
20 42 
2
4385 14 16 0
4386 16 16 0
2
42 42 
1
4387 16 16 0
2
40 42 
2
4387 10 16 0
4388 16 16 0
2
42 42 
1
4389 16 16 0
2
43 43 
1
4474 18 14 0
2
41 43 
2
4480 20 12 0
4479 18 14 0
2
43 43 
1
4480 18 14 0
2
21 43 
2
4480 20 14 0
4481 18 14 0
2
43 43 
1
4482 18 14 0
2
41 43 
2
4482 20 12 0
4483 18 14 0
2
43 43 
1
4484 18 14 0
2
42 119 
2
4390 16 16 0
4389 22 18 0
2
43 79 
2
4485 18 14 0
4484 2 20 0
2
42 120 
2
4391 16 16 0
4390 28 20 0
2
42 121 
2
4392 16 16 0
4391 8 14 0
2
42 122 
2
4393 16 16 0
4392 12 6 0
2
42 123 
2
4394 16 16 0
4393 22 20 0
2
42 124 
2
4395 16 16 0
4394 20 26 0
2
42 125 
2
4396 16 16 0
4395 12 16 0
2
42 126 
2
4397 16 16 0
4396 16 10 0
2
42 128 
2
4398 16 16 0
4397 16 14 0
2
42 129 
2
4399 16 16 0
4398 28 12 0
2
42 130 
2
4400 16 16 0
4399 22 6 0
2
42 131 
2
4401 16 16 0
4400 28 14 0
2
42 149 
2
4402 16 16 0
4401 20 6 0
2
42 150 
2
4403 16 16 0
4402 24 8 0
2
42 151 
2
4404 16 16 0
4403 22 2 0
2
42 152 
2
4405 16 16 0
4404 22 30 0
2
42 153 
2
4406 16 16 0
4405 24 26 0
2
42 154 
2
4407 16 16 0
4406 28 18 0
2
42 155 
2
4408 16 16 0
4407 22 22 0
2
42 156 
2
4409 16 16 0
4408 26 18 0
2
42 157 
2
4410 16 16 0
4409 24 16 0
2
40 42 
2
4410 10 16 0
4411 16 16 0
2
41 43 
2
4485 20 12 0
4486 18 14 0
2
42 119 
2
4412 16 16 0
4411 22 18 0
2
43 79 
2
4487 18 14 0
4486 2 20 0
2
42 120 
2
4413 16 16 0
4412 28 20 0
2
43 80 
2
4488 18 14 0
4487 24 28 0
2
42 121 
2
4414 16 16 0
4413 8 14 0
2
42 122 
2
4415 16 16 0
4414 12 6 0
2
42 123 
2
4416 16 16 0
4415 22 20 0
2
42 124 
2
4417 16 16 0
4416 20 26 0
2
42 125 
2
4418 16 16 0
4417 12 16 0
2
42 126 
2
4419 16 16 0
4418 16 10 0
2
42 128 
2
4420 16 16 0
4419 16 14 0
2
42 129 
2
4421 16 16 0
4420 28 12 0
2
42 130 
2
4422 16 16 0
4421 22 6 0
2
42 131 
2
4423 16 16 0
4422 28 14 0
2
42 149 
2
4424 16 16 0
4423 20 6 0
2
42 150 
2
4425 16 16 0
4424 24 8 0
2
42 151 
2
4426 16 16 0
4425 22 2 0
2
42 152 
2
4427 16 16 0
4426 22 30 0
2
42 153 
2
4428 16 16 0
4427 24 26 0
2
42 154 
2
4429 16 16 0
4428 28 18 0
2
42 155 
2
4430 16 16 0
4429 22 22 0
2
42 156 
2
4431 16 16 0
4430 26 18 0
2
42 157 
2
4432 16 16 0
4431 24 16 0
2
20 40 
2
4410 14 16 0
4411 10 16 0
2
21 41 
2
4485 20 14 0
4486 20 12 0
2
38 40 
2
4411 4 16 0
4412 10 16 0
2
39 41 
2
4486 22 8 0
4487 20 12 0
2
42 42 
1
4433 16 16 0
2
40 42 
2
4433 10 16 0
4434 16 16 0
2
42 42 
1
4435 16 16 0
2
20 42 
2
4435 14 16 0
4436 16 16 0
2
42 42 
1
4437 16 16 0
2
40 42 
2
4437 10 16 0
4438 16 16 0
2
42 42 
1
4439 16 16 0
2
43 43 
1
4489 18 14 0
2
41 43 
2
4489 20 12 0
4490 18 14 0
2
43 43 
1
4491 18 14 0
2
21 43 
2
4491 20 14 0
4492 18 14 0
2
43 43 
1
4493 18 14 0
2
41 43 
2
4493 20 12 0
4494 18 14 0
2
43 43 
1
4495 18 14 0
2
42 120 
2
4440 16 16 0
4439 28 20 0
2
43 82 
2
4496 18 14 0
4495 28 22 0
2
42 121 
2
4441 16 16 0
4440 8 14 0
2
42 122 
2
4442 16 16 0
4441 12 6 0
2
42 123 
2
4443 16 16 0
4442 22 20 0
2
42 124 
2
4444 16 16 0
4443 20 26 0
2
42 125 
2
4445 16 16 0
4444 12 16 0
2
42 126 
2
4446 16 16 0
4445 16 10 0
2
42 128 
2
4447 16 16 0
4446 16 14 0
2
42 129 
2
4448 16 16 0
4447 28 12 0
2
42 130 
2
4449 16 16 0
4448 22 6 0
2
42 131 
2
4450 16 16 0
4449 28 14 0
2
42 149 
2
4451 16 16 0
4450 20 6 0
2
42 150 
2
4452 16 16 0
4451 24 8 0
2
42 151 
2
4453 16 16 0
4452 22 2 0
2
42 152 
2
4454 16 16 0
4453 22 30 0
2
42 153 
2
4455 16 16 0
4454 24 26 0
2
42 154 
2
4456 16 16 0
4455 28 18 0
2
42 155 
2
4457 16 16 0
4456 22 22 0
2
42 156 
2
4458 16 16 0
4457 26 18 0
2
42 157 
2
4459 16 16 0
4458 24 16 0
2
42 158 
2
4460 16 16 0
4459 4 14 0
2
40 42 
2
4460 10 16 0
4461 16 16 0
2
41 43 
2
4496 20 12 0
4497 18 14 0
2
42 120 
2
4462 16 16 0
4461 28 20 0
2
43 81 
2
4498 18 14 0
4497 6 6 0
2
42 121 
2
4463 16 16 0
4462 8 14 0
2
42 122 
2
4464 16 16 0
4463 12 6 0
2
42 123 
2
4465 16 16 0
4464 22 20 0
2
42 124 
2
4466 16 16 0
4465 20 26 0
2
42 125 
2
4467 16 16 0
4466 12 16 0
2
42 126 
2
4468 16 16 0
4467 16 10 0
2
42 128 
2
4469 16 16 0
4468 16 14 0
2
42 129 
2
4470 16 16 0
4469 28 12 0
2
42 130 
2
4471 16 16 0
4470 22 6 0
2
42 131 
2
4472 16 16 0
4471 28 14 0
2
42 149 
2
4473 16 16 0
4472 20 6 0
2
42 150 
2
4474 16 16 0
4473 24 8 0
2
42 151 
2
4475 16 16 0
4474 22 2 0
2
42 152 
2
4476 16 16 0
4475 22 30 0
2
42 153 
2
4477 16 16 0
4476 24 26 0
2
42 154 
2
4478 16 16 0
4477 28 18 0
2
42 155 
2
4479 16 16 0
4478 22 22 0
2
42 156 
2
4480 16 16 0
4479 26 18 0
2
42 157 
2
4481 16 16 0
4480 24 16 0
2
42 158 
2
4482 16 16 0
4481 4 14 0
2
20 40 
2
4460 14 16 0
4461 10 16 0
2
21 41 
2
4496 20 14 0
4497 20 12 0
2
18 38 
2
4411 4 18 0
4412 4 16 0
2
19 39 
2
4486 20 8 0
4487 22 8 0
2
16 36 
2
4364 4 24 0
4365 4 22 0
2
17 37 
2
4462 26 4 0
4463 24 4 0
2
14 34 
2
4235 4 26 0
4236 2 24 0
2
15 35 
2
4413 26 2 0
4414 28 2 0
2
12 32 
2
3976 2 26 0
3977 2 28 0
2
13 33 
2
4220 30 2 0
4221 32 2 0
2
10 30 
2
3416 6 28 0
3417 4 28 0
2
11 31 
2
3439 32 4 0
3440 32 6 0
2
8 28 
2
2342 6 30 0
2343 4 30 0
2
9 29 
2
2232 32 24 0
2233 32 26 0
2
6 26 
2
61 6 32 0
62 2 30 0
2
7 27 
2
61 28 30 0
62 32 28 0
2
24 26 
2
62 2 32 0
63 2 30 0
2
25 27 
2
62 30 30 0
63 32 28 0
2
28 28 
1
2344 4 30 0
2
26 28 
2
2344 2 30 0
2345 4 30 0
2
28 28 
1
2346 4 30 0
2
6 28 
2
2346 6 32 0
2347 4 30 0
2
28 28 
1
2348 4 30 0
2
26 28 
2
2348 2 30 0
2349 4 30 0
2
28 28 
1
2350 4 30 0
2
29 29 
1
2234 32 26 0
2
27 29 
2
2234 32 28 0
2235 32 26 0
2
29 29 
1
2236 32 26 0
2
7 29 
2
2236 28 30 0
2237 32 26 0
2
29 29 
1
2238 32 26 0
2
27 29 
2
2238 32 28 0
2239 32 26 0
2
29 29 
1
2240 32 26 0
2
30 30 
1
3418 4 28 0
2
28 30 
2
3418 4 30 0
3419 4 28 0
2
30 30 
1
3420 4 28 0
2
8 30 
2
3420 6 30 0
3421 4 28 0
2
30 30 
1
3422 4 28 0
2
28 30 
2
3422 4 30 0
3423 4 28 0
2
30 30 
1
3424 4 28 0
2
31 31 
1
3441 32 6 0
2
29 31 
2
3441 32 26 0
3442 32 6 0
2
31 31 
1
3443 32 6 0
2
9 31 
2
3443 32 24 0
3444 32 6 0
2
31 31 
1
3445 32 6 0
2
29 31 
2
3445 32 26 0
3446 32 6 0
2
31 31 
1
3447 32 6 0
2
32 32 
1
3978 2 28 0
2
30 32 
2
3978 4 28 0
3979 2 28 0
2
32 32 
1
3980 2 28 0
2
10 32 
2
3980 6 28 0
3981 2 28 0
2
32 32 
1
3982 2 28 0
2
30 32 
2
3982 4 28 0
3983 2 28 0
2
32 32 
1
3984 2 28 0
2
33 33 
1
4222 32 2 0
2
31 33 
2
4222 32 6 0
4223 32 2 0
2
33 33 
1
4224 32 2 0
2
11 33 
2
4224 32 4 0
4225 32 2 0
2
33 33 
1
4226 32 2 0
2
31 33 
2
4226 32 6 0
4227 32 2 0
2
33 33 
1
4228 32 2 0
2
34 34 
1
4237 2 24 0
2
32 34 
2
4237 2 28 0
4238 2 24 0
2
34 34 
1
4239 2 24 0
2
12 34 
2
4239 2 26 0
4240 2 24 0
2
34 34 
1
4241 2 24 0
2
32 34 
2
4241 2 28 0
4242 2 24 0
2
34 34 
1
4243 2 24 0
2
35 35 
1
4415 28 2 0
2
33 35 
2
4415 32 2 0
4416 28 2 0
2
35 35 
1
4417 28 2 0
2
13 35 
2
4417 30 2 0
4418 28 2 0
2
35 35 
1
4419 28 2 0
2
33 35 
2
4419 32 2 0
4420 28 2 0
2
35 35 
1
4421 28 2 0
2
36 36 
1
4366 4 22 0
2
34 36 
2
4366 2 24 0
4367 4 22 0
2
36 36 
1
4368 4 22 0
2
14 36 
2
4368 4 26 0
4369 4 22 0
2
36 36 
1
4370 4 22 0
2
34 36 
2
4370 2 24 0
4371 4 22 0
2
36 36 
1
4372 4 22 0
2
37 37 
1
4464 24 4 0
2
35 37 
2
4464 28 2 0
4465 24 4 0
2
37 37 
1
4466 24 4 0
2
15 37 
2
4466 26 2 0
4467 24 4 0
2
37 37 
1
4468 24 4 0
2
35 37 
2
4468 28 2 0
4469 24 4 0
2
37 37 
1
4470 24 4 0
2
38 38 
1
4413 4 16 0
2
36 38 
2
4413 4 22 0
4414 4 16 0
2
38 38 
1
4415 4 16 0
2
16 38 
2
4415 4 24 0
4416 4 16 0
2
38 38 
1
4417 4 16 0
2
36 38 
2
4417 4 22 0
4418 4 16 0
2
38 38 
1
4419 4 16 0
2
39 39 
1
4488 22 8 0
2
37 39 
2
4488 24 4 0
4489 22 8 0
2
39 39 
1
4490 22 8 0
2
17 39 
2
4490 26 4 0
4491 22 8 0
2
39 39 
1
4492 22 8 0
2
37 39 
2
4492 24 4 0
4493 22 8 0
2
39 39 
1
4494 22 8 0
2
40 40 
1
4462 10 16 0
2
38 40 
2
4462 4 16 0
4463 10 16 0
2
40 40 
1
4464 10 16 0
2
18 40 
2
4464 4 18 0
4465 10 16 0
2
40 40 
1
4466 10 16 0
2
38 40 
2
4466 4 16 0
4467 10 16 0
2
40 40 
1
4468 10 16 0
2
41 41 
1
4498 20 12 0
2
39 41 
2
4498 22 8 0
4499 20 12 0
2
41 41 
1
4500 20 12 0
2
19 41 
2
4500 20 8 0
4501 20 12 0
2
41 41 
1
4502 20 12 0
2
39 41 
2
4502 22 8 0
4503 20 12 0
2
41 41 
1
4504 20 12 0
2
42 42 
1
4483 16 16 0
2
40 42 
2
4483 10 16 0
4484 16 16 0
2
42 42 
1
4485 16 16 0
2
20 42 
2
4485 14 16 0
4486 16 16 0
2
42 42 
1
4487 16 16 0
2
40 42 
2
4487 10 16 0
4488 16 16 0
2
42 42 
1
4489 16 16 0
2
43 43 
1
4499 18 14 0
2
41 43 
2
4505 20 12 0
4504 18 14 0
2
43 43 
1
4505 18 14 0
2
21 43 
2
4505 20 14 0
4506 18 14 0
2
43 43 
1
4507 18 14 0
2
41 43 
2
4507 20 12 0
4508 18 14 0
2
43 43 
1
4509 18 14 0
2
42 157 
2
4490 16 16 0
4489 24 16 0
2
43 81 
2
4510 18 14 0
4509 6 6 0
2
42 158 
2
4491 16 16 0
4490 4 14 0
2
43 82 
2
4511 18 14 0
4510 28 22 0
2
42 159 
2
4492 16 16 0
4491 14 4 0
2
40 42 
2
4492 10 16 0
4493 16 16 0
2
41 43 
2
4511 20 12 0
4512 18 14 0
2
42 157 
2
4494 16 16 0
4493 24 16 0
2
43 84 
2
4513 18 14 0
4512 28 24 0
2
42 158 
2
4495 16 16 0
4494 4 14 0
2
42 159 
2
4496 16 16 0
4495 14 4 0
2
20 40 
2
4492 14 16 0
4493 10 16 0
2
21 41 
2
4511 20 14 0
4512 20 12 0
2
38 40 
2
4493 4 16 0
4494 10 16 0
2
39 41 
2
4512 22 8 0
4513 20 12 0
2
42 42 
1
4497 16 16 0
2
40 42 
2
4497 10 16 0
4498 16 16 0
2
42 42 
1
4499 16 16 0
2
20 42 
2
4499 14 16 0
4500 16 16 0
2
42 42 
1
4501 16 16 0
2
40 42 
2
4501 10 16 0
4502 16 16 0
2
42 42 
1
4503 16 16 0
2
43 43 
1
4514 18 14 0
2
41 43 
2
4514 20 12 0
4515 18 14 0
2
43 43 
1
4516 18 14 0
2
21 43 
2
4516 20 14 0
4517 18 14 0
2
43 43 
1
4518 18 14 0
2
41 43 
2
4518 20 12 0
4519 18 14 0
2
43 43 
1
4520 18 14 0
2
42 158 
2
4504 16 16 0
4503 4 14 0
2
43 83 
2
4521 18 14 0
4520 10 4 0
2
42 159 
2
4505 16 16 0
4504 14 4 0
2
42 160 
2
4506 16 16 0
4505 10 14 0
2
40 42 
2
4506 10 16 0
4507 16 16 0
2
41 43 
2
4521 20 12 0
4522 18 14 0
2
42 158 
2
4508 16 16 0
4507 4 14 0
2
43 83 
2
4523 18 14 0
4522 10 4 0
2
42 159 
2
4509 16 16 0
4508 14 4 0
2
43 84 
2
4524 18 14 0
4523 28 24 0
2
42 160 
2
4510 16 16 0
4509 10 14 0
2
20 40 
2
4506 14 16 0
4507 10 16 0
2
21 41 
2
4521 20 14 0
4522 20 12 0
2
18 38 
2
4493 4 18 0
4494 4 16 0
2
19 39 
2
4512 20 8 0
4513 22 8 0
2
36 38 
2
4494 4 22 0
4495 4 16 0
2
37 39 
2
4513 24 4 0
4514 22 8 0
2
40 40 
1
4508 10 16 0
2
38 40 
2
4508 4 16 0
4509 10 16 0
2
40 40 
1
4510 10 16 0
2
18 40 
2
4510 4 18 0
4511 10 16 0
2
40 40 
1
4512 10 16 0
2
38 40 
2
4512 4 16 0
4513 10 16 0
2
40 40 
1
4514 10 16 0
2
41 41 
1
4523 20 12 0
2
39 41 
2
4523 22 8 0
4524 20 12 0
2
41 41 
1
4525 20 12 0
2
19 41 
2
4525 20 8 0
4526 20 12 0
2
41 41 
1
4527 20 12 0
2
39 41 
2
4527 22 8 0
4528 20 12 0
2
41 41 
1
4529 20 12 0
2
42 42 
1
4511 16 16 0
2
40 42 
2
4515 10 16 0
4514 16 16 0
2
42 42 
1
4515 16 16 0
2
20 42 
2
4515 14 16 0
4516 16 16 0
2
42 42 
1
4517 16 16 0
2
40 42 
2
4517 10 16 0
4518 16 16 0
2
42 42 
1
4519 16 16 0
2
43 43 
1
4525 18 14 0
2
41 43 
2
4530 20 12 0
4529 18 14 0
2
43 43 
1
4530 18 14 0
2
21 43 
2
4530 20 14 0
4531 18 14 0
2
43 43 
1
4532 18 14 0
2
41 43 
2
4532 20 12 0
4533 18 14 0
2
43 43 
1
4534 18 14 0
2
42 157 
2
4520 16 16 0
4519 24 16 0
2
43 88 
2
4535 18 14 0
4534 12 4 0
2
42 158 
2
4521 16 16 0
4520 4 14 0
2
42 159 
2
4522 16 16 0
4521 14 4 0
2
42 160 
2
4523 16 16 0
4522 10 14 0
2
42 161 
2
4524 16 16 0
4523 14 2 0
2
42 162 
2
4525 16 16 0
4524 30 18 0
2
42 163 
2
4526 16 16 0
4525 24 22 0
2
42 164 
2
4527 16 16 0
4526 26 20 0
2
42 166 
2
4528 16 16 0
4527 20 22 0
2
42 167 
2
4529 16 16 0
4528 22 12 0
2
42 168 
2
4530 16 16 0
4529 24 10 0
2
42 169 
2
4531 16 16 0
4530 18 2 0
2
42 170 
2
4532 16 16 0
4531 26 14 0
2
42 171 
2
4533 16 16 0
4532 20 4 0
2
42 172 
2
4534 16 16 0
4533 26 8 0
2
42 173 
2
4535 16 16 0
4534 26 6 0
2
42 174 
2
4536 16 16 0
4535 20 32 0
2
42 175 
2
4537 16 16 0
4536 6 8 0
2
42 176 
2
4538 16 16 0
4537 20 30 0
2
42 177 
2
4539 16 16 0
4538 8 4 0
2
42 178 
2
4540 16 16 0
4539 10 2 0
2
40 42 
2
4540 10 16 0
4541 16 16 0
2
41 43 
2
4535 20 12 0
4536 18 14 0
2
42 157 
2
4542 16 16 0
4541 24 16 0
2
43 85 
2
4537 18 14 0
4536 30 20 0
2
42 158 
2
4543 16 16 0
4542 4 14 0
2
42 159 
2
4544 16 16 0
4543 14 4 0
2
42 160 
2
4545 16 16 0
4544 10 14 0
2
42 161 
2
4546 16 16 0
4545 14 2 0
2
42 162 
2
4547 16 16 0
4546 30 18 0
2
42 163 
2
4548 16 16 0
4547 24 22 0
2
42 164 
2
4549 16 16 0
4548 26 20 0
2
42 166 
2
4550 16 16 0
4549 20 22 0
2
42 167 
2
4551 16 16 0
4550 22 12 0
2
42 168 
2
4552 16 16 0
4551 24 10 0
2
42 169 
2
4553 16 16 0
4552 18 2 0
2
42 170 
2
4554 16 16 0
4553 26 14 0
2
42 171 
2
4555 16 16 0
4554 20 4 0
2
42 172 
2
4556 16 16 0
4555 26 8 0
2
42 173 
2
4557 16 16 0
4556 26 6 0
2
42 174 
2
4558 16 16 0
4557 20 32 0
2
42 175 
2
4559 16 16 0
4558 6 8 0
2
42 176 
2
4560 16 16 0
4559 20 30 0
2
42 177 
2
4561 16 16 0
4560 8 4 0
2
42 178 
2
4562 16 16 0
4561 10 2 0
2
20 40 
2
4540 14 16 0
4541 10 16 0
2
21 41 
2
4535 20 14 0
4536 20 12 0
2
38 40 
2
4541 4 16 0
4542 10 16 0
2
39 41 
2
4536 22 8 0
4537 20 12 0
2
42 42 
1
4563 16 16 0
2
40 42 
2
4563 10 16 0
4564 16 16 0
2
42 42 
1
4565 16 16 0
2
20 42 
2
4565 14 16 0
4566 16 16 0
2
42 42 
1
4567 16 16 0
2
40 42 
2
4567 10 16 0
4568 16 16 0
2
42 42 
1
4569 16 16 0
2
43 43 
1
4538 18 14 0
2
41 43 
2
4538 20 12 0
4539 18 14 0
2
43 43 
1
4540 18 14 0
2
21 43 
2
4540 20 14 0
4541 18 14 0
2
43 43 
1
4542 18 14 0
2
41 43 
2
4542 20 12 0
4543 18 14 0
2
43 43 
1
4544 18 14 0
2
42 158 
2
4570 16 16 0
4569 4 14 0
2
43 85 
2
4545 18 14 0
4544 30 20 0
2
42 159 
2
4571 16 16 0
4570 14 4 0
2
43 88 
2
4546 18 14 0
4545 12 4 0
2
42 160 
2
4572 16 16 0
4571 10 14 0
2
42 161 
2
4573 16 16 0
4572 14 2 0
2
42 162 
2
4574 16 16 0
4573 30 18 0
2
42 163 
2
4575 16 16 0
4574 24 22 0
2
42 164 
2
4576 16 16 0
4575 26 20 0
2
42 166 
2
4577 16 16 0
4576 20 22 0
2
42 167 
2
4578 16 16 0
4577 22 12 0
2
42 168 
2
4579 16 16 0
4578 24 10 0
2
42 169 
2
4580 16 16 0
4579 18 2 0
2
42 170 
2
4581 16 16 0
4580 26 14 0
2
42 171 
2
4582 16 16 0
4581 20 4 0
2
42 172 
2
4583 16 16 0
4582 26 8 0
2
42 173 
2
4584 16 16 0
4583 26 6 0
2
42 174 
2
4585 16 16 0
4584 20 32 0
2
42 175 
2
4586 16 16 0
4585 6 8 0
2
42 176 
2
4587 16 16 0
4586 20 30 0
2
42 177 
2
4588 16 16 0
4587 8 4 0
2
42 178 
2
4589 16 16 0
4588 10 2 0
2
42 179 
2
4590 16 16 0
4589 30 22 0
2
40 42 
2
4590 10 16 0
4591 16 16 0
2
41 43 
2
4546 20 12 0
4547 18 14 0
2
42 158 
2
4592 16 16 0
4591 4 14 0
2
43 127 
2
4548 18 14 0
4547 12 18 0
2
42 159 
2
4593 16 16 0
4592 14 4 0
2
42 160 
2
4594 16 16 0
4593 10 14 0
2
42 161 
2
4595 16 16 0
4594 14 2 0
2
42 162 
2
4596 16 16 0
4595 30 18 0
2
42 163 
2
4597 16 16 0
4596 24 22 0
2
42 164 
2
4598 16 16 0
4597 26 20 0
2
42 166 
2
4599 16 16 0
4598 20 22 0
2
42 167 
2
4600 16 16 0
4599 22 12 0
2
42 168 
2
4601 16 16 0
4600 24 10 0
2
42 169 
2
4602 16 16 0
4601 18 2 0
2
42 170 
2
4603 16 16 0
4602 26 14 0
2
42 171 
2
4604 16 16 0
4603 20 4 0
2
42 172 
2
4605 16 16 0
4604 26 8 0
2
42 173 
2
4606 16 16 0
4605 26 6 0
2
42 174 
2
4607 16 16 0
4606 20 32 0
2
42 175 
2
4608 16 16 0
4607 6 8 0
2
42 176 
2
4609 16 16 0
4608 20 30 0
2
42 177 
2
4610 16 16 0
4609 8 4 0
2
42 178 
2
4611 16 16 0
4610 10 2 0
2
42 179 
2
4612 16 16 0
4611 30 22 0
2
20 40 
2
4590 14 16 0
4591 10 16 0
2
21 41 
2
4546 20 14 0
4547 20 12 0
2
18 38 
2
4541 4 18 0
4542 4 16 0
2
19 39 
2
4536 20 8 0
4537 22 8 0
2
16 36 
2
4494 4 24 0
4495 4 22 0
2
17 37 
2
4513 26 4 0
4514 24 4 0
2
34 36 
2
4495 2 24 0
4496 4 22 0
2
35 37 
2
4514 28 2 0
4515 24 4 0
2
38 38 
1
4543 4 16 0
2
36 38 
2
4543 4 22 0
4544 4 16 0
2
38 38 
1
4545 4 16 0
2
16 38 
2
4545 4 24 0
4546 4 16 0
2
38 38 
1
4547 4 16 0
2
36 38 
2
4547 4 22 0
4548 4 16 0
2
38 38 
1
4549 4 16 0
2
39 39 
1
4538 22 8 0
2
37 39 
2
4538 24 4 0
4539 22 8 0
2
39 39 
1
4540 22 8 0
2
17 39 
2
4540 26 4 0
4541 22 8 0
2
39 39 
1
4542 22 8 0
2
37 39 
2
4542 24 4 0
4543 22 8 0
2
39 39 
1
4544 22 8 0
2
40 40 
1
4592 10 16 0
2
38 40 
2
4592 4 16 0
4593 10 16 0
2
40 40 
1
4594 10 16 0
2
18 40 
2
4594 4 18 0
4595 10 16 0
2
40 40 
1
4596 10 16 0
2
38 40 
2
4596 4 16 0
4597 10 16 0
2
40 40 
1
4598 10 16 0
2
41 41 
1
4548 20 12 0
2
39 41 
2
4548 22 8 0
4549 20 12 0
2
41 41 
1
4550 20 12 0
2
19 41 
2
4550 20 8 0
4551 20 12 0
2
41 41 
1
4552 20 12 0
2
39 41 
2
4552 22 8 0
4553 20 12 0
2
41 41 
1
4554 20 12 0
2
42 42 
1
4613 16 16 0
2
40 42 
2
4613 10 16 0
4614 16 16 0
2
42 42 
1
4615 16 16 0
2
20 42 
2
4615 14 16 0
4616 16 16 0
2
42 42 
1
4617 16 16 0
2
40 42 
2
4617 10 16 0
4618 16 16 0
2
42 42 
1
4619 16 16 0
2
43 43 
1
4549 18 14 0
2
41 43 
2
4555 20 12 0
4554 18 14 0
2
43 43 
1
4555 18 14 0
2
21 43 
2
4555 20 14 0
4556 18 14 0
2
43 43 
1
4557 18 14 0
2
41 43 
2
4557 20 12 0
4558 18 14 0
2
43 43 
1
4559 18 14 0
2
42 178 
2
4620 16 16 0
4619 10 2 0
2
43 110 
2
4560 18 14 0
4559 6 20 0
2
42 179 
2
4621 16 16 0
4620 30 22 0
2
42 180 
2
4622 16 16 0
4621 26 26 0
2
40 42 
2
4622 10 16 0
4623 16 16 0
2
41 43 
2
4560 20 12 0
4561 18 14 0
2
42 178 
2
4624 16 16 0
4623 10 2 0
2
43 110 
2
4562 18 14 0
4561 6 20 0
2
42 179 
2
4625 16 16 0
4624 30 22 0
2
43 127 
2
4563 18 14 0
4562 12 18 0
2
42 180 
2
4626 16 16 0
4625 26 26 0
2
20 40 
2
4622 14 16 0
4623 10 16 0
2
21 41 
2
4560 20 14 0
4561 20 12 0
2
38 40 
2
4623 4 16 0
4624 10 16 0
2
39 41 
2
4561 22 8 0
4562 20 12 0
2
42 42 
1
4627 16 16 0
2
40 42 
2
4627 10 16 0
4628 16 16 0
2
42 42 
1
4629 16 16 0
2
20 42 
2
4629 14 16 0
4630 16 16 0
2
42 42 
1
4631 16 16 0
2
40 42 
2
4631 10 16 0
4632 16 16 0
2
42 42 
1
4633 16 16 0
2
43 43 
1
4564 18 14 0
2
41 43 
2
4564 20 12 0
4565 18 14 0
2
43 43 
1
4566 18 14 0
2
21 43 
2
4566 20 14 0
4567 18 14 0
2
43 43 
1
4568 18 14 0
2
41 43 
2
4568 20 12 0
4569 18 14 0
2
43 43 
1
4570 18 14 0
2
42 179 
2
4634 16 16 0
4633 30 22 0
2
43 133 
2
4571 18 14 0
4570 10 12 0
2
42 180 
2
4635 16 16 0
4634 26 26 0
2
42 181 
2
4636 16 16 0
4635 32 20 0
2
40 42 
2
4636 10 16 0
4637 16 16 0
2
41 43 
2
4571 20 12 0
4572 18 14 0
2
42 179 
2
4638 16 16 0
4637 30 22 0
2
43 132 
2
4573 18 14 0
4572 8 16 0
2
42 180 
2
4639 16 16 0
4638 26 26 0
2
42 181 
2
4640 16 16 0
4639 32 20 0
2
20 40 
2
4636 14 16 0
4637 10 16 0
2
21 41 
2
4571 20 14 0
4572 20 12 0
2
18 38 
2
4623 4 18 0
4624 4 16 0
2
19 39 
2
4561 20 8 0
4562 22 8 0
2
36 38 
2
4624 4 22 0
4625 4 16 0
2
37 39 
2
4562 24 4 0
4563 22 8 0
2
40 40 
1
4638 10 16 0
2
38 40 
2
4638 4 16 0
4639 10 16 0
2
40 40 
1
4640 10 16 0
2
18 40 
2
4640 4 18 0
4641 10 16 0
2
40 40 
1
4642 10 16 0
2
38 40 
2
4642 4 16 0
4643 10 16 0
2
40 40 
1
4644 10 16 0
2
41 41 
1
4573 20 12 0
2
39 41 
2
4573 22 8 0
4574 20 12 0
2
41 41 
1
4575 20 12 0
2
19 41 
2
4575 20 8 0
4576 20 12 0
2
41 41 
1
4577 20 12 0
2
39 41 
2
4577 22 8 0
4578 20 12 0
2
41 41 
1
4579 20 12 0
2
42 42 
1
4641 16 16 0
2
40 42 
2
4645 10 16 0
4644 16 16 0
2
42 42 
1
4645 16 16 0
2
20 42 
2
4645 14 16 0
4646 16 16 0
2
42 42 
1
4647 16 16 0
2
40 42 
2
4647 10 16 0
4648 16 16 0
2
42 42 
1
4649 16 16 0
2
43 43 
1
4574 18 14 0
2
41 43 
2
4580 20 12 0
4579 18 14 0
2
43 43 
1
4580 18 14 0
2
21 43 
2
4580 20 14 0
4581 18 14 0
2
43 43 
1
4582 18 14 0
2
41 43 
2
4582 20 12 0
4583 18 14 0
2
43 43 
1
4584 18 14 0
2
42 71 
2
4650 16 16 0
4649 8 28 0
2
43 132 
2
4585 18 14 0
4584 8 16 0
2
42 72 
2
4651 16 16 0
4650 8 30 0
2
43 133 
2
4586 18 14 0
4585 10 12 0
2
42 73 
2
4652 16 16 0
4651 2 22 0
2
40 42 
2
4652 10 16 0
4653 16 16 0
2
41 43 
2
4586 20 12 0
4587 18 14 0
2
42 71 
2
4654 16 16 0
4653 8 28 0
2
43 135 
2
4588 18 14 0
4587 10 26 0
2
42 72 
2
4655 16 16 0
4654 8 30 0
2
42 73 
2
4656 16 16 0
4655 2 22 0
2
20 40 
2
4652 14 16 0
4653 10 16 0
2
21 41 
2
4586 20 14 0
4587 20 12 0
2
38 40 
2
4653 4 16 0
4654 10 16 0
2
39 41 
2
4587 22 8 0
4588 20 12 0
2
42 42 
1
4657 16 16 0
2
40 42 
2
4657 10 16 0
4658 16 16 0
2
42 42 
1
4659 16 16 0
2
20 42 
2
4659 14 16 0
4660 16 16 0
2
42 42 
1
4661 16 16 0
2
40 42 
2
4661 10 16 0
4662 16 16 0
2
42 42 
1
4663 16 16 0
2
43 43 
1
4589 18 14 0
2
41 43 
2
4589 20 12 0
4590 18 14 0
2
43 43 
1
4591 18 14 0
2
21 43 
2
4591 20 14 0
4592 18 14 0
2
43 43 
1
4593 18 14 0
2
41 43 
2
4593 20 12 0
4594 18 14 0
2
43 43 
1
4595 18 14 0
2
42 72 
2
4664 16 16 0
4663 8 30 0
2
43 134 
2
4596 18 14 0
4595 16 30 0
2
42 73 
2
4665 16 16 0
4664 2 22 0
2
42 74 
2
4666 16 16 0
4665 8 26 0
2
40 42 
2
4666 10 16 0
4667 16 16 0
2
41 43 
2
4596 20 12 0
4597 18 14 0
2
42 72 
2
4668 16 16 0
4667 8 30 0
2
43 134 
2
4598 18 14 0
4597 16 30 0
2
42 73 
2
4669 16 16 0
4668 2 22 0
2
43 135 
2
4599 18 14 0
4598 10 26 0
2
42 74 
2
4670 16 16 0
4669 8 26 0
2
20 40 
2
4666 14 16 0
4667 10 16 0
2
21 41 
2
4596 20 14 0
4597 20 12 0
2
18 38 
2
4653 4 18 0
4654 4 16 0
2
19 39 
2
4587 20 8 0
4588 22 8 0
2
16 36 
2
4624 4 24 0
4625 4 22 0
2
17 37 
2
4562 26 4 0
4563 24 4 0
2
14 34 
2
4495 4 26 0
4496 2 24 0
2
15 35 
2
4514 26 2 0
4515 28 2 0
2
32 34 
2
4496 2 28 0
4497 2 24 0
2
33 35 
2
4515 32 2 0
4516 28 2 0
2
36 36 
1
4626 4 22 0
2
34 36 
2
4626 2 24 0
4627 4 22 0
2
36 36 
1
4628 4 22 0
2
14 36 
2
4628 4 26 0
4629 4 22 0
2
36 36 
1
4630 4 22 0
2
34 36 
2
4630 2 24 0
4631 4 22 0
2
36 36 
1
4632 4 22 0
2
37 37 
1
4564 24 4 0
2
35 37 
2
4564 28 2 0
4565 24 4 0
2
37 37 
1
4566 24 4 0
2
15 37 
2
4566 26 2 0
4567 24 4 0
2
37 37 
1
4568 24 4 0
2
35 37 
2
4568 28 2 0
4569 24 4 0
2
37 37 
1
4570 24 4 0
2
38 38 
1
4655 4 16 0
2
36 38 
2
4655 4 22 0
4656 4 16 0
2
38 38 
1
4657 4 16 0
2
16 38 
2
4657 4 24 0
4658 4 16 0
2
38 38 
1
4659 4 16 0
2
36 38 
2
4659 4 22 0
4660 4 16 0
2
38 38 
1
4661 4 16 0
2
39 39 
1
4589 22 8 0
2
37 39 
2
4589 24 4 0
4590 22 8 0
2
39 39 
1
4591 22 8 0
2
17 39 
2
4591 26 4 0
4592 22 8 0
2
39 39 
1
4593 22 8 0
2
37 39 
2
4593 24 4 0
4594 22 8 0
2
39 39 
1
4595 22 8 0
2
40 40 
1
4668 10 16 0
2
38 40 
2
4668 4 16 0
4669 10 16 0
2
40 40 
1
4670 10 16 0
2
18 40 
2
4670 4 18 0
4671 10 16 0
2
40 40 
1
4672 10 16 0
2
38 40 
2
4672 4 16 0
4673 10 16 0
2
40 40 
1
4674 10 16 0
2
41 41 
1
4598 20 12 0
2
39 41 
2
4598 22 8 0
4599 20 12 0
2
41 41 
1
4600 20 12 0
2
19 41 
2
4600 20 8 0
4601 20 12 0
2
41 41 
1
4602 20 12 0
2
39 41 
2
4602 22 8 0
4603 20 12 0
2
41 41 
1
4604 20 12 0
2
42 42 
1
4671 16 16 0
2
40 42 
2
4675 10 16 0
4674 16 16 0
2
42 42 
1
4675 16 16 0
2
20 42 
2
4675 14 16 0
4676 16 16 0
2
42 42 
1
4677 16 16 0
2
40 42 
2
4677 10 16 0
4678 16 16 0
2
42 42 
1
4679 16 16 0
2
43 43 
1
4600 18 14 0
2
41 43 
2
4605 20 12 0
4604 18 14 0
2
43 43 
1
4605 18 14 0
2
21 43 
2
4605 20 14 0
4606 18 14 0
2
43 43 
1
4607 18 14 0
2
41 43 
2
4607 20 12 0
4608 18 14 0
2
43 43 
1
4609 18 14 0
2
42 71 
2
4680 16 16 0
4679 8 28 0
2
43 137 
2
4610 18 14 0
4609 16 28 0
2
42 72 
2
4681 16 16 0
4680 8 30 0
2
42 73 
2
4682 16 16 0
4681 2 22 0
2
42 74 
2
4683 16 16 0
4682 8 26 0
2
42 75 
2
4684 16 16 0
4683 10 30 0
2
42 76 
2
4685 16 16 0
4684 6 24 0
2
42 77 
2
4686 16 16 0
4685 14 32 0
2
42 78 
2
4687 16 16 0
4686 10 28 0
2
42 79 
2
4688 16 16 0
4687 2 20 0
2
42 80 
2
4689 16 16 0
4688 24 28 0
2
42 81 
2
4690 16 16 0
4689 6 6 0
2
42 82 
2
4691 16 16 0
4690 28 22 0
2
42 83 
2
4692 16 16 0
4691 10 4 0
2
42 84 
2
4693 16 16 0
4692 28 24 0
2
42 85 
2
4694 16 16 0
4693 30 20 0
2
42 88 
2
4695 16 16 0
4694 12 4 0
2
42 110 
2
4696 16 16 0
4695 6 20 0
2
42 127 
2
4697 16 16 0
4696 12 18 0
2
42 132 
2
4698 16 16 0
4697 8 16 0
2
42 133 
2
4699 16 16 0
4698 10 12 0
2
42 134 
2
4700 16 16 0
4699 16 30 0
2
40 42 
2
4700 10 16 0
4701 16 16 0
2
41 43 
2
4610 20 12 0
4611 18 14 0
2
42 71 
2
4702 16 16 0
4701 8 28 0
2
43 136 
2
4612 18 14 0
4611 16 26 0
2
42 72 
2
4703 16 16 0
4702 8 30 0
2
42 73 
2
4704 16 16 0
4703 2 22 0
2
42 74 
2
4705 16 16 0
4704 8 26 0
2
42 75 
2
4706 16 16 0
4705 10 30 0
2
42 76 
2
4707 16 16 0
4706 6 24 0
2
42 77 
2
4708 16 16 0
4707 14 32 0
2
42 78 
2
4709 16 16 0
4708 10 28 0
2
42 79 
2
4710 16 16 0
4709 2 20 0
2
42 80 
2
4711 16 16 0
4710 24 28 0
2
42 81 
2
4712 16 16 0
4711 6 6 0
2
42 82 
2
4713 16 16 0
4712 28 22 0
2
42 83 
2
4714 16 16 0
4713 10 4 0
2
42 84 
2
4715 16 16 0
4714 28 24 0
2
42 85 
2
4716 16 16 0
4715 30 20 0
2
42 88 
2
4717 16 16 0
4716 12 4 0
2
42 110 
2
4718 16 16 0
4717 6 20 0
2
42 127 
2
4719 16 16 0
4718 12 18 0
2
42 132 
2
4720 16 16 0
4719 8 16 0
2
42 133 
2
4721 16 16 0
4720 10 12 0
2
42 134 
2
4722 16 16 0
4721 16 30 0
2
20 40 
2
4700 14 16 0
4701 10 16 0
2
21 41 
2
4610 20 14 0
4611 20 12 0
2
38 40 
2
4701 4 16 0
4702 10 16 0
2
39 41 
2
4611 22 8 0
4612 20 12 0
2
42 42 
1
4723 16 16 0
2
40 42 
2
4723 10 16 0
4724 16 16 0
2
42 42 
1
4725 16 16 0
2
20 42 
2
4725 14 16 0
4726 16 16 0
2
42 42 
1
4727 16 16 0
2
40 42 
2
4727 10 16 0
4728 16 16 0
2
42 42 
1
4729 16 16 0
2
43 43 
1
4613 18 14 0
2
41 43 
2
4613 20 12 0
4614 18 14 0
2
43 43 
1
4615 18 14 0
2
21 43 
2
4615 20 14 0
4616 18 14 0
2
43 43 
1
4617 18 14 0
2
41 43 
2
4617 20 12 0
4618 18 14 0
2
43 43 
1
4619 18 14 0
2
42 72 
2
4730 16 16 0
4729 8 30 0
2
43 136 
2
4620 18 14 0
4619 16 26 0
2
42 73 
2
4731 16 16 0
4730 2 22 0
2
43 137 
2
4621 18 14 0
4620 16 28 0
2
42 74 
2
4732 16 16 0
4731 8 26 0
2
42 75 
2
4733 16 16 0
4732 10 30 0
2
42 76 
2
4734 16 16 0
4733 6 24 0
2
42 77 
2
4735 16 16 0
4734 14 32 0
2
42 78 
2
4736 16 16 0
4735 10 28 0
2
42 79 
2
4737 16 16 0
4736 2 20 0
2
42 80 
2
4738 16 16 0
4737 24 28 0
2
42 81 
2
4739 16 16 0
4738 6 6 0
2
42 82 
2
4740 16 16 0
4739 28 22 0
2
42 83 
2
4741 16 16 0
4740 10 4 0
2
42 84 
2
4742 16 16 0
4741 28 24 0
2
42 85 
2
4743 16 16 0
4742 30 20 0
2
42 88 
2
4744 16 16 0
4743 12 4 0
2
42 110 
2
4745 16 16 0
4744 6 20 0
2
42 127 
2
4746 16 16 0
4745 12 18 0
2
42 132 
2
4747 16 16 0
4746 8 16 0
2
42 133 
2
4748 16 16 0
4747 10 12 0
2
42 134 
2
4749 16 16 0
4748 16 30 0
2
42 135 
2
4750 16 16 0
4749 10 26 0
2
40 42 
2
4750 10 16 0
4751 16 16 0
2
41 43 
2
4621 20 12 0
4622 18 14 0
2
42 72 
2
4752 16 16 0
4751 8 30 0
2
43 139 
2
4623 18 14 0
4622 12 26 0
2
42 73 
2
4753 16 16 0
4752 2 22 0
2
42 74 
2
4754 16 16 0
4753 8 26 0
2
42 75 
2
4755 16 16 0
4754 10 30 0
2
42 76 
2
4756 16 16 0
4755 6 24 0
2
42 77 
2
4757 16 16 0
4756 14 32 0
2
42 78 
2
4758 16 16 0
4757 10 28 0
2
42 79 
2
4759 16 16 0
4758 2 20 0
2
42 80 
2
4760 16 16 0
4759 24 28 0
2
42 81 
2
4761 16 16 0
4760 6 6 0
2
42 82 
2
4762 16 16 0
4761 28 22 0
2
42 83 
2
4763 16 16 0
4762 10 4 0
2
42 84 
2
4764 16 16 0
4763 28 24 0
2
42 85 
2
4765 16 16 0
4764 30 20 0
2
42 88 
2
4766 16 16 0
4765 12 4 0
2
42 110 
2
4767 16 16 0
4766 6 20 0
2
42 127 
2
4768 16 16 0
4767 12 18 0
2
42 132 
2
4769 16 16 0
4768 8 16 0
2
42 133 
2
4770 16 16 0
4769 10 12 0
2
42 134 
2
4771 16 16 0
4770 16 30 0
2
42 135 
2
4772 16 16 0
4771 10 26 0
2
20 40 
2
4750 14 16 0
4751 10 16 0
2
21 41 
2
4621 20 14 0
4622 20 12 0
2
18 38 
2
4701 4 18 0
4702 4 16 0
2
19 39 
2
4611 20 8 0
4612 22 8 0
2
36 38 
2
4702 4 22 0
4703 4 16 0
2
37 39 
2
4612 24 4 0
4613 22 8 0
2
40 40 
1
4752 10 16 0
2
38 40 
2
4752 4 16 0
4753 10 16 0
2
40 40 
1
4754 10 16 0
2
18 40 
2
4754 4 18 0
4755 10 16 0
2
40 40 
1
4756 10 16 0
2
38 40 
2
4756 4 16 0
4757 10 16 0
2
40 40 
1
4758 10 16 0
2
41 41 
1
4623 20 12 0
2
39 41 
2
4623 22 8 0
4624 20 12 0
2
41 41 
1
4625 20 12 0
2
19 41 
2
4625 20 8 0
4626 20 12 0
2
41 41 
1
4627 20 12 0
2
39 41 
2
4627 22 8 0
4628 20 12 0
2
41 41 
1
4629 20 12 0
2
42 42 
1
4773 16 16 0
2
40 42 
2
4773 10 16 0
4774 16 16 0
2
42 42 
1
4775 16 16 0
2
20 42 
2
4775 14 16 0
4776 16 16 0
2
42 42 
1
4777 16 16 0
2
40 42 
2
4777 10 16 0
4778 16 16 0
2
42 42 
1
4779 16 16 0
2
43 43 
1
4624 18 14 0
2
41 43 
2
4630 20 12 0
4629 18 14 0
2
43 43 
1
4630 18 14 0
2
21 43 
2
4630 20 14 0
4631 18 14 0
2
43 43 
1
4632 18 14 0
2
41 43 
2
4632 20 12 0
4633 18 14 0
2
43 43 
1
4634 18 14 0
2
42 134 
2
4780 16 16 0
4779 16 30 0
2
43 138 
2
4635 18 14 0
4634 10 20 0
2
42 135 
2
4781 16 16 0
4780 10 26 0
2
42 136 
2
4782 16 16 0
4781 16 26 0
2
40 42 
2
4782 10 16 0
4783 16 16 0
2
41 43 
2
4635 20 12 0
4636 18 14 0
2
42 134 
2
4784 16 16 0
4783 16 30 0
2
43 138 
2
4637 18 14 0
4636 10 20 0
2
42 135 
2
4785 16 16 0
4784 10 26 0
2
43 139 
2
4638 18 14 0
4637 12 26 0
2
42 136 
2
4786 16 16 0
4785 16 26 0
2
20 40 
2
4782 14 16 0
4783 10 16 0
2
21 41 
2
4635 20 14 0
4636 20 12 0
2
38 40 
2
4783 4 16 0
4784 10 16 0
2
39 41 
2
4636 22 8 0
4637 20 12 0
2
42 42 
1
4787 16 16 0
2
40 42 
2
4787 10 16 0
4788 16 16 0
2
42 42 
1
4789 16 16 0
2
20 42 
2
4789 14 16 0
4790 16 16 0
2
42 42 
1
4791 16 16 0
2
40 42 
2
4791 10 16 0
4792 16 16 0
2
42 42 
1
4793 16 16 0
2
43 43 
1
4639 18 14 0
2
41 43 
2
4639 20 12 0
4640 18 14 0
2
43 43 
1
4641 18 14 0
2
21 43 
2
4641 20 14 0
4642 18 14 0
2
43 43 
1
4643 18 14 0
2
41 43 
2
4643 20 12 0
4644 18 14 0
2
43 43 
1
4645 18 14 0
2
42 135 
2
4794 16 16 0
4793 10 26 0
2
43 141 
2
4646 18 14 0
4645 14 20 0
2
42 136 
2
4795 16 16 0
4794 16 26 0
2
42 137 
2
4796 16 16 0
4795 16 28 0
2
40 42 
2
4796 10 16 0
4797 16 16 0
2
41 43 
2
4646 20 12 0
4647 18 14 0
2
42 135 
2
4798 16 16 0
4797 10 26 0
2
43 140 
2
4648 18 14 0
4647 14 18 0
2
42 136 
2
4799 16 16 0
4798 16 26 0
2
42 137 
2
4800 16 16 0
4799 16 28 0
2
20 40 
2
4796 14 16 0
4797 10 16 0
2
21 41 
2
4646 20 14 0
4647 20 12 0
2
18 38 
2
4783 4 18 0
4784 4 16 0
2
19 39 
2
4636 20 8 0
4637 22 8 0
2
16 36 
2
4702 4 24 0
4703 4 22 0
2
17 37 
2
4612 26 4 0
4613 24 4 0
2
34 36 
2
4703 2 24 0
4704 4 22 0
2
35 37 
2
4613 28 2 0
4614 24 4 0
2
38 38 
1
4785 4 16 0
2
36 38 
2
4785 4 22 0
4786 4 16 0
2
38 38 
1
4787 4 16 0
2
16 38 
2
4787 4 24 0
4788 4 16 0
2
38 38 
1
4789 4 16 0
2
36 38 
2
4789 4 22 0
4790 4 16 0
2
38 38 
1
4791 4 16 0
2
39 39 
1
4638 22 8 0
2
37 39 
2
4638 24 4 0
4639 22 8 0
2
39 39 
1
4640 22 8 0
2
17 39 
2
4640 26 4 0
4641 22 8 0
2
39 39 
1
4642 22 8 0
2
37 39 
2
4642 24 4 0
4643 22 8 0
2
39 39 
1
4644 22 8 0
2
40 40 
1
4798 10 16 0
2
38 40 
2
4798 4 16 0
4799 10 16 0
2
40 40 
1
4800 10 16 0
2
18 40 
2
4800 4 18 0
4801 10 16 0
2
40 40 
1
4802 10 16 0
2
38 40 
2
4802 4 16 0
4803 10 16 0
2
40 40 
1
4804 10 16 0
2
41 41 
1
4648 20 12 0
2
39 41 
2
4648 22 8 0
4649 20 12 0
2
41 41 
1
4650 20 12 0
2
19 41 
2
4650 20 8 0
4651 20 12 0
2
41 41 
1
4652 20 12 0
2
39 41 
2
4652 22 8 0
4653 20 12 0
2
41 41 
1
4654 20 12 0
2
42 42 
1
4801 16 16 0
2
40 42 
2
4805 10 16 0
4804 16 16 0
2
42 42 
1
4805 16 16 0
2
20 42 
2
4805 14 16 0
4806 16 16 0
2
42 42 
1
4807 16 16 0
2
40 42 
2
4807 10 16 0
4808 16 16 0
2
42 42 
1
4809 16 16 0
2
43 43 
1
4649 18 14 0
2
41 43 
2
4655 20 12 0
4654 18 14 0
2
43 43 
1
4655 18 14 0
2
21 43 
2
4655 20 14 0
4656 18 14 0
2
43 43 
1
4657 18 14 0
2
41 43 
2
4657 20 12 0
4658 18 14 0
2
43 43 
1
4659 18 14 0
2
42 134 
2
4810 16 16 0
4809 16 30 0
2
43 140 
2
4660 18 14 0
4659 14 18 0
2
42 135 
2
4811 16 16 0
4810 10 26 0
2
43 141 
2
4661 18 14 0
4660 14 20 0
2
42 136 
2
4812 16 16 0
4811 16 26 0
2
42 137 
2
4813 16 16 0
4812 16 28 0
2
42 138 
2
4814 16 16 0
4813 10 20 0
2
42 139 
2
4815 16 16 0
4814 12 26 0
2
42 140 
2
4816 16 16 0
4815 14 18 0
2
42 141 
2
4817 16 16 0
4816 14 20 0
2
42 142 
2
4818 16 16 0
4817 8 12 0
2
42 143 
2
4819 16 16 0
4818 22 24 0
2
42 144 
2
4820 16 16 0
4819 24 18 0
2
42 145 
2
4821 16 16 0
4820 22 10 0
2
42 146 
2
4822 16 16 0
4821 30 12 0
2
42 147 
2
4823 16 16 0
4822 4 8 0
2
42 148 
2
4824 16 16 0
4823 12 30 0
2
42 165 
2
4825 16 16 0
4824 4 20 0
2
42 187 
2
4826 16 16 0
4825 12 28 0
2
42 190 
2
4827 16 16 0
4826 26 16 0
2
42 192 
2
4828 16 16 0
4827 18 26 0
2
42 193 
2
4829 16 16 0
4828 6 16 0
2
42 194 
2
4830 16 16 0
4829 14 22 0
2
40 42 
2
4830 10 16 0
4831 16 16 0
2
41 43 
2
4661 20 12 0
4662 18 14 0
2
42 134 
2
4832 16 16 0
4831 16 30 0
2
43 143 
2
4818 18 14 0
4819 22 24 0
2
42 135 
2
4833 16 16 0
4832 10 26 0
2
42 136 
2
4834 16 16 0
4833 16 26 0
2
42 137 
2
4835 16 16 0
4834 16 28 0
2
42 138 
2
4836 16 16 0
4835 10 20 0
2
42 139 
2
4837 16 16 0
4836 12 26 0
2
42 140 
2
4838 16 16 0
4837 14 18 0
2
42 141 
2
4839 16 16 0
4838 14 20 0
2
42 142 
2
4840 16 16 0
4839 8 12 0
2
42 143 
2
4841 16 16 0
4840 22 24 0
2
42 144 
2
4842 16 16 0
4841 24 18 0
2
42 145 
2
4843 16 16 0
4842 22 10 0
2
42 146 
2
4844 16 16 0
4843 30 12 0
2
42 147 
2
4845 16 16 0
4844 4 8 0
2
42 148 
2
4846 16 16 0
4845 12 30 0
2
42 165 
2
4847 16 16 0
4846 4 20 0
2
42 187 
2
4848 16 16 0
4847 12 28 0
2
42 190 
2
4849 16 16 0
4848 26 16 0
2
42 192 
2
4850 16 16 0
4849 18 26 0
2
42 193 
2
4851 16 16 0
4850 6 16 0
2
42 194 
2
4852 16 16 0
4851 14 22 0
2
20 40 
2
4830 14 16 0
4831 10 16 0
2
21 41 
2
4661 20 14 0
4662 20 12 0
2
38 40 
2
4831 4 16 0
4832 10 16 0
2
39 41 
2
4662 22 8 0
4663 20 12 0
2
42 42 
1
4853 16 16 0
2
40 42 
2
4853 10 16 0
4854 16 16 0
2
42 42 
1
4855 16 16 0
2
20 42 
2
4855 14 16 0
4856 16 16 0
2
42 42 
1
4857 16 16 0
2
40 42 
2
4857 10 16 0
4858 16 16 0
2
42 42 
1
4859 16 16 0
2
43 43 
1
4819 18 14 0
2
41 43 
2
4819 20 12 0
4820 18 14 0
2
43 43 
1
4821 18 14 0
2
21 43 
2
4821 20 14 0
4822 18 14 0
2
43 43 
1
4823 18 14 0
2
41 43 
2
4823 20 12 0
4824 18 14 0
2
43 43 
1
4825 18 14 0
2
42 135 
2
4860 16 16 0
4859 10 26 0
2
43 142 
2
4839 18 14 0
4840 8 12 0
2
42 136 
2
4861 16 16 0
4860 16 26 0
2
42 137 
2
4862 16 16 0
4861 16 28 0
2
42 138 
2
4863 16 16 0
4862 10 20 0
2
42 139 
2
4864 16 16 0
4863 12 26 0
2
42 140 
2
4865 16 16 0
4864 14 18 0
2
42 141 
2
4866 16 16 0
4865 14 20 0
2
42 142 
2
4867 16 16 0
4866 8 12 0
2
42 143 
2
4868 16 16 0
4867 22 24 0
2
42 144 
2
4869 16 16 0
4868 24 18 0
2
42 145 
2
4870 16 16 0
4869 22 10 0
2
42 146 
2
4871 16 16 0
4870 30 12 0
2
42 147 
2
4872 16 16 0
4871 4 8 0
2
42 148 
2
4873 16 16 0
4872 12 30 0
2
42 165 
2
4874 16 16 0
4873 4 20 0
2
42 187 
2
4875 16 16 0
4874 12 28 0
2
42 190 
2
4876 16 16 0
4875 26 16 0
2
42 192 
2
4877 16 16 0
4876 18 26 0
2
42 193 
2
4878 16 16 0
4877 6 16 0
2
42 194 
2
4879 16 16 0
4878 14 22 0
2
42 195 
2
4880 16 16 0
4879 10 22 0
2
40 42 
2
4880 10 16 0
4881 16 16 0
2
41 43 
2
4839 20 12 0
4840 18 14 0
2
42 135 
2
4882 16 16 0
4881 10 26 0
2
43 142 
2
4866 18 14 0
4867 8 12 0
2
42 136 
2
4883 16 16 0
4882 16 26 0
2
43 143 
2
4867 18 14 0
4868 22 24 0
2
42 137 
2
4884 16 16 0
4883 16 28 0
2
42 138 
2
4885 16 16 0
4884 10 20 0
2
42 139 
2
4886 16 16 0
4885 12 26 0
2
42 140 
2
4887 16 16 0
4886 14 18 0
2
42 141 
2
4888 16 16 0
4887 14 20 0
2
42 142 
2
4889 16 16 0
4888 8 12 0
2
42 143 
2
4890 16 16 0
4889 22 24 0
2
42 144 
2
4891 16 16 0
4890 24 18 0
2
42 145 
2
4892 16 16 0
4891 22 10 0
2
42 146 
2
4893 16 16 0
4892 30 12 0
2
42 147 
2
4894 16 16 0
4893 4 8 0
2
42 148 
2
4895 16 16 0
4894 12 30 0
2
42 165 
2
4896 16 16 0
4895 4 20 0
2
42 187 
2
4897 16 16 0
4896 12 28 0
2
42 190 
2
4898 16 16 0
4897 26 16 0
2
42 192 
2
4899 16 16 0
4898 18 26 0
2
42 193 
2
4900 16 16 0
4899 6 16 0
2
42 194 
2
4901 16 16 0
4900 14 22 0
2
42 195 
2
4902 16 16 0
4901 10 22 0
2
20 40 
2
4880 14 16 0
4881 10 16 0
2
21 41 
2
4839 20 14 0
4840 20 12 0
2
18 38 
2
4831 4 18 0
4832 4 16 0
2
19 39 
2
4662 20 8 0
4663 22 8 0
2
36 38 
2
4832 4 22 0
4833 4 16 0
2
37 39 
2
4663 24 4 0
4664 22 8 0
2
40 40 
1
4882 10 16 0
2
38 40 
2
4882 4 16 0
4883 10 16 0
2
40 40 
1
4884 10 16 0
2
18 40 
2
4884 4 18 0
4885 10 16 0
2
40 40 
1
4886 10 16 0
2
38 40 
2
4886 4 16 0
4887 10 16 0
2
40 40 
1
4888 10 16 0
2
41 41 
1
4841 20 12 0
2
39 41 
2
4841 22 8 0
4842 20 12 0
2
41 41 
1
4843 20 12 0
2
19 41 
2
4843 20 8 0
4844 20 12 0
2
41 41 
1
4845 20 12 0
2
39 41 
2
4845 22 8 0
4846 20 12 0
2
41 41 
1
4847 20 12 0
2
42 42 
1
4903 16 16 0
2
40 42 
2
4903 10 16 0
4904 16 16 0
2
42 42 
1
4905 16 16 0
2
20 42 
2
4905 14 16 0
4906 16 16 0
2
42 42 
1
4907 16 16 0
2
40 42 
2
4907 10 16 0
4908 16 16 0
2
42 42 
1
4909 16 16 0
2
43 43 
1
4868 18 14 0
2
41 43 
2
4868 20 12 0
4869 18 14 0
2
43 43 
1
4870 18 14 0
2
21 43 
2
4870 20 14 0
4871 18 14 0
2
43 43 
1
4872 18 14 0
2
41 43 
2
4872 20 12 0
4873 18 14 0
2
43 43 
1
4874 18 14 0
2
42 194 
2
4910 16 16 0
4909 14 22 0
2
43 145 
2
4891 18 14 0
4892 22 10 0
2
42 195 
2
4911 16 16 0
4910 10 22 0
2
42 196 
2
4912 16 16 0
4911 8 18 0
2
40 42 
2
4912 10 16 0
4913 16 16 0
2
41 43 
2
4891 20 12 0
4892 18 14 0
2
42 194 
2
4914 16 16 0
4913 14 22 0
2
43 144 
2
4893 18 14 0
4892 24 18 0
2
42 195 
2
4915 16 16 0
4914 10 22 0
2
42 196 
2
4916 16 16 0
4915 8 18 0
2
20 40 
2
4912 14 16 0
4913 10 16 0
2
21 41 
2
4891 20 14 0
4892 20 12 0
2
38 40 
2
4913 4 16 0
4914 10 16 0
2
39 41 
2
4892 22 8 0
4893 20 12 0
2
42 42 
1
4917 16 16 0
2
40 42 
2
4917 10 16 0
4918 16 16 0
2
42 42 
1
4919 16 16 0
2
20 42 
2
4919 14 16 0
4920 16 16 0
2
42 42 
1
4921 16 16 0
2
40 42 
2
4921 10 16 0
4922 16 16 0
2
42 42 
1
4923 16 16 0
2
43 43 
1
4894 18 14 0
2
41 43 
2
4894 20 12 0
4895 18 14 0
2
43 43 
1
4896 18 14 0
2
21 43 
2
4896 20 14 0
4897 18 14 0
2
43 43 
1
4898 18 14 0
2
41 43 
2
4898 20 12 0
4899 18 14 0
2
43 43 
1
4900 18 14 0
2
42 195 
2
4924 16 16 0
4923 10 22 0
2
43 144 
2
4901 18 14 0
4900 24 18 0
2
42 196 
2
4925 16 16 0
4924 8 18 0
2
43 145 
2
4902 18 14 0
4901 22 10 0
2
42 197 
2
4926 16 16 0
4925 16 22 0
2
40 42 
2
4926 10 16 0
4927 16 16 0
2
41 43 
2
4902 20 12 0
4903 18 14 0
2
42 195 
2
4928 16 16 0
4927 10 22 0
2
43 147 
2
4904 18 14 0
4903 4 8 0
2
42 196 
2
4929 16 16 0
4928 8 18 0
2
42 197 
2
4930 16 16 0
4929 16 22 0
2
20 40 
2
4926 14 16 0
4927 10 16 0
2
21 41 
2
4902 20 14 0
4903 20 12 0
2
18 38 
2
4913 4 18 0
4914 4 16 0
2
19 39 
2
4892 20 8 0
4893 22 8 0
2
16 36 
2
4832 4 24 0
4833 4 22 0
2
17 37 
2
4663 26 4 0
4664 24 4 0
2
14 34 
2
4703 4 26 0
4704 2 24 0
2
15 35 
2
4613 26 2 0
4614 28 2 0
2
12 32 
2
4496 2 26 0
4497 2 28 0
2
13 33 
2
4515 30 2 0
4516 32 2 0
2
30 32 
2
4497 4 28 0
4498 2 28 0
2
31 33 
2
4516 32 6 0
4517 32 2 0
2
34 34 
1
4705 2 24 0
2
32 34 
2
4705 2 28 0
4706 2 24 0
2
34 34 
1
4707 2 24 0
2
12 34 
2
4707 2 26 0
4708 2 24 0
2
34 34 
1
4709 2 24 0
2
32 34 
2
4709 2 28 0
4710 2 24 0
2
34 34 
1
4711 2 24 0
2
35 35 
1
4615 28 2 0
2
33 35 
2
4615 32 2 0
4616 28 2 0
2
35 35 
1
4617 28 2 0
2
13 35 
2
4617 30 2 0
4618 28 2 0
2
35 35 
1
4619 28 2 0
2
33 35 
2
4619 32 2 0
4620 28 2 0
2
35 35 
1
4621 28 2 0
2
36 36 
1
4834 4 22 0
2
34 36 
2
4834 2 24 0
4835 4 22 0
2
36 36 
1
4836 4 22 0
2
14 36 
2
4836 4 26 0
4837 4 22 0
2
36 36 
1
4838 4 22 0
2
34 36 
2
4838 2 24 0
4839 4 22 0
2
36 36 
1
4840 4 22 0
2
37 37 
1
4665 24 4 0
2
35 37 
2
4665 28 2 0
4666 24 4 0
2
37 37 
1
4667 24 4 0
2
15 37 
2
4667 26 2 0
4668 24 4 0
2
37 37 
1
4669 24 4 0
2
35 37 
2
4669 28 2 0
4670 24 4 0
2
37 37 
1
4671 24 4 0
2
38 38 
1
4915 4 16 0
2
36 38 
2
4915 4 22 0
4916 4 16 0
2
38 38 
1
4917 4 16 0
2
16 38 
2
4917 4 24 0
4918 4 16 0
2
38 38 
1
4919 4 16 0
2
36 38 
2
4919 4 22 0
4920 4 16 0
2
38 38 
1
4921 4 16 0
2
39 39 
1
4894 22 8 0
2
37 39 
2
4894 24 4 0
4895 22 8 0
2
39 39 
1
4896 22 8 0
2
17 39 
2
4896 26 4 0
4897 22 8 0
2
39 39 
1
4898 22 8 0
2
37 39 
2
4898 24 4 0
4899 22 8 0
2
39 39 
1
4900 22 8 0
2
40 40 
1
4928 10 16 0
2
38 40 
2
4928 4 16 0
4929 10 16 0
2
40 40 
1
4930 10 16 0
2
18 40 
2
4930 4 18 0
4931 10 16 0
2
40 40 
1
4932 10 16 0
2
38 40 
2
4932 4 16 0
4933 10 16 0
2
40 40 
1
4934 10 16 0
2
41 41 
1
4904 20 12 0
2
39 41 
2
4904 22 8 0
4905 20 12 0
2
41 41 
1
4906 20 12 0
2
19 41 
2
4906 20 8 0
4907 20 12 0
2
41 41 
1
4908 20 12 0
2
39 41 
2
4908 22 8 0
4909 20 12 0
2
41 41 
1
4910 20 12 0
2
42 42 
1
4931 16 16 0
2
40 42 
2
4935 10 16 0
4934 16 16 0
2
42 42 
1
4935 16 16 0
2
20 42 
2
4935 14 16 0
4936 16 16 0
2
42 42 
1
4937 16 16 0
2
40 42 
2
4937 10 16 0
4938 16 16 0
2
42 42 
1
4939 16 16 0
2
43 43 
1
4905 18 14 0
2
41 43 
2
4911 20 12 0
4910 18 14 0
2
43 43 
1
4911 18 14 0
2
21 43 
2
4911 20 14 0
4912 18 14 0
2
43 43 
1
4913 18 14 0
2
41 43 
2
4913 20 12 0
4914 18 14 0
2
43 43 
1
4915 18 14 0
2
42 194 
2
4940 16 16 0
4939 14 22 0
2
43 146 
2
4916 18 14 0
4915 30 12 0
2
42 195 
2
4941 16 16 0
4940 10 22 0
2
42 196 
2
4942 16 16 0
4941 8 18 0
2
42 197 
2
4943 16 16 0
4942 16 22 0
2
42 198 
2
4944 16 16 0
4943 16 18 0
2
42 199 
2
4945 16 16 0
4944 14 28 0
2
42 200 
2
4946 16 16 0
4945 10 18 0
2
42 201 
2
4947 16 16 0
4946 18 20 0
2
42 202 
2
4948 16 16 0
4947 14 14 0
2
42 203 
2
4949 16 16 0
4948 2 14 0
2
42 204 
2
4950 16 16 0
4949 20 20 0
2
42 205 
2
4951 16 16 0
4950 18 10 0
2
42 206 
2
4952 16 16 0
4951 26 24 0
2
42 207 
2
4953 16 16 0
4952 4 10 0
2
42 208 
2
4954 16 16 0
4953 32 16 0
2
42 209 
2
4955 16 16 0
4954 2 18 0
2
42 210 
2
4956 16 16 0
4955 8 24 0
2
42 211 
2
4957 16 16 0
4956 6 18 0
2
42 212 
2
4958 16 16 0
4957 16 24 0
2
42 213 
2
4959 16 16 0
4958 16 32 0
2
42 214 
2
4960 16 16 0
4959 12 20 0
2
40 42 
2
4960 10 16 0
4961 16 16 0
2
41 43 
2
4916 20 12 0
4917 18 14 0
2
42 194 
2
4962 16 16 0
4961 14 22 0
2
43 146 
2
4918 18 14 0
4917 30 12 0
2
42 195 
2
4963 16 16 0
4962 10 22 0
2
43 147 
2
4919 18 14 0
4918 4 8 0
2
42 196 
2
4964 16 16 0
4963 8 18 0
2
42 197 
2
4965 16 16 0
4964 16 22 0
2
42 198 
2
4966 16 16 0
4965 16 18 0
2
42 199 
2
4967 16 16 0
4966 14 28 0
2
42 200 
2
4968 16 16 0
4967 10 18 0
2
42 201 
2
4969 16 16 0
4968 18 20 0
2
42 202 
2
4970 16 16 0
4969 14 14 0
2
42 203 
2
4971 16 16 0
4970 2 14 0
2
42 204 
2
4972 16 16 0
4971 20 20 0
2
42 205 
2
4973 16 16 0
4972 18 10 0
2
42 206 
2
4974 16 16 0
4973 26 24 0
2
42 207 
2
4975 16 16 0
4974 4 10 0
2
42 208 
2
4976 16 16 0
4975 32 16 0
2
42 209 
2
4977 16 16 0
4976 2 18 0
2
42 210 
2
4978 16 16 0
4977 8 24 0
2
42 211 
2
4979 16 16 0
4978 6 18 0
2
42 212 
2
4980 16 16 0
4979 16 24 0
2
42 213 
2
4981 16 16 0
4980 16 32 0
2
42 214 
2
4982 16 16 0
4981 12 20 0
2
20 40 
2
4960 14 16 0
4961 10 16 0
2
21 41 
2
4916 20 14 0
4917 20 12 0
2
38 40 
2
4961 4 16 0
4962 10 16 0
2
39 41 
2
4917 22 8 0
4918 20 12 0
2
42 42 
1
4983 16 16 0
2
40 42 
2
4983 10 16 0
4984 16 16 0
2
42 42 
1
4985 16 16 0
2
20 42 
2
4985 14 16 0
4986 16 16 0
2
42 42 
1
4987 16 16 0
2
40 42 
2
4987 10 16 0
4988 16 16 0
2
42 42 
1
4989 16 16 0
2
43 43 
1
4920 18 14 0
2
41 43 
2
4920 20 12 0
4921 18 14 0
2
43 43 
1
4922 18 14 0
2
21 43 
2
4922 20 14 0
4923 18 14 0
2
43 43 
1
4924 18 14 0
2
41 43 
2
4924 20 12 0
4925 18 14 0
2
43 43 
1
4926 18 14 0
2
42 195 
2
4990 16 16 0
4989 10 22 0
2
43 165 
2
4927 18 14 0
4926 4 20 0
2
42 196 
2
4991 16 16 0
4990 8 18 0
2
42 197 
2
4992 16 16 0
4991 16 22 0
2
42 198 
2
4993 16 16 0
4992 16 18 0
2
42 199 
2
4994 16 16 0
4993 14 28 0
2
42 200 
2
4995 16 16 0
4994 10 18 0
2
42 201 
2
4996 16 16 0
4995 18 20 0
2
42 202 
2
4997 16 16 0
4996 14 14 0
2
42 203 
2
4998 16 16 0
4997 2 14 0
2
42 204 
2
4999 16 16 0
4998 20 20 0
2
42 205 
2
5000 16 16 0
4999 18 10 0
2
42 206 
2
5001 16 16 0
5000 26 24 0
2
42 207 
2
5002 16 16 0
5001 4 10 0
2
42 208 
2
5003 16 16 0
5002 32 16 0
2
42 209 
2
5004 16 16 0
5003 2 18 0
2
42 210 
2
5005 16 16 0
5004 8 24 0
2
42 211 
2
5006 16 16 0
5005 6 18 0
2
42 212 
2
5007 16 16 0
5006 16 24 0
2
42 213 
2
5008 16 16 0
5007 16 32 0
2
42 214 
2
5009 16 16 0
5008 12 20 0
2
42 215 
2
5010 16 16 0
5009 18 16 0
2
40 42 
2
5010 10 16 0
5011 16 16 0
2
41 43 
2
4927 20 12 0
4928 18 14 0
2
42 195 
2
5012 16 16 0
5011 10 22 0
2
43 148 
2
4929 18 14 0
4928 12 30 0
2
42 196 
2
5013 16 16 0
5012 8 18 0
2
42 197 
2
5014 16 16 0
5013 16 22 0
2
42 198 
2
5015 16 16 0
5014 16 18 0
2
42 199 
2
5016 16 16 0
5015 14 28 0
2
42 200 
2
5017 16 16 0
5016 10 18 0
2
42 201 
2
5018 16 16 0
5017 18 20 0
2
42 202 
2
5019 16 16 0
5018 14 14 0
2
42 203 
2
5020 16 16 0
5019 2 14 0
2
42 204 
2
5021 16 16 0
5020 20 20 0
2
42 205 
2
5022 16 16 0
5021 18 10 0
2
42 206 
2
5023 16 16 0
5022 26 24 0
2
42 207 
2
5024 16 16 0
5023 4 10 0
2
42 208 
2
5025 16 16 0
5024 32 16 0
2
42 209 
2
5026 16 16 0
5025 2 18 0
2
42 210 
2
5027 16 16 0
5026 8 24 0
2
42 211 
2
5028 16 16 0
5027 6 18 0
2
42 212 
2
5029 16 16 0
5028 16 24 0
2
42 213 
2
5030 16 16 0
5029 16 32 0
2
42 214 
2
5031 16 16 0
5030 12 20 0
2
42 215 
2
5032 16 16 0
5031 18 16 0
2
20 40 
2
5010 14 16 0
5011 10 16 0
2
21 41 
2
4927 20 14 0
4928 20 12 0
2
18 38 
2
4961 4 18 0
4962 4 16 0
2
19 39 
2
4917 20 8 0
4918 22 8 0
2
36 38 
2
4962 4 22 0
4963 4 16 0
2
37 39 
2
4918 24 4 0
4919 22 8 0
2
40 40 
1
5012 10 16 0
2
38 40 
2
5012 4 16 0
5013 10 16 0
2
40 40 
1
5014 10 16 0
2
18 40 
2
5014 4 18 0
5015 10 16 0
2
40 40 
1
5016 10 16 0
2
38 40 
2
5016 4 16 0
5017 10 16 0
2
40 40 
1
5018 10 16 0
2
41 41 
1
4929 20 12 0
2
39 41 
2
4929 22 8 0
4930 20 12 0
2
41 41 
1
4931 20 12 0
2
19 41 
2
4931 20 8 0
4932 20 12 0
2
41 41 
1
4933 20 12 0
2
39 41 
2
4933 22 8 0
4934 20 12 0
2
41 41 
1
4935 20 12 0
2
42 42 
1
5033 16 16 0
2
40 42 
2
5033 10 16 0
5034 16 16 0
2
42 42 
1
5035 16 16 0
2
20 42 
2
5035 14 16 0
5036 16 16 0
2
42 42 
1
5037 16 16 0
2
40 42 
2
5037 10 16 0
5038 16 16 0
2
42 42 
1
5039 16 16 0
2
43 43 
1
4930 18 14 0
2
41 43 
2
4936 20 12 0
4935 18 14 0
2
43 43 
1
4936 18 14 0
2
21 43 
2
4936 20 14 0
4937 18 14 0
2
43 43 
1
4938 18 14 0
2
41 43 
2
4938 20 12 0
4939 18 14 0
2
43 43 
1
4940 18 14 0
2
42 214 
2
5040 16 16 0
5039 12 20 0
2
43 148 
2
4941 18 14 0
4940 12 30 0
2
42 215 
2
5041 16 16 0
5040 18 16 0
2
43 165 
2
4942 18 14 0
4941 4 20 0
2
42 216 
2
5042 16 16 0
5041 8 20 0
2
40 42 
2
5042 10 16 0
5043 16 16 0
2
41 43 
2
4942 20 12 0
4943 18 14 0
2
42 214 
2
5044 16 16 0
5043 12 20 0
2
43 190 
2
4944 18 14 0
4943 26 16 0
2
42 215 
2
5045 16 16 0
5044 18 16 0
2
42 216 
2
5046 16 16 0
5045 8 20 0
2
20 40 
2
5042 14 16 0
5043 10 16 0
2
21 41 
2
4942 20 14 0
4943 20 12 0
2
38 40 
2
5043 4 16 0
5044 10 16 0
2
39 41 
2
4943 22 8 0
4944 20 12 0
2
42 42 
1
5047 16 16 0
2
40 42 
2
5047 10 16 0
5048 16 16 0
2
42 42 
1
5049 16 16 0
2
20 42 
2
5049 14 16 0
5050 16 16 0
2
42 42 
1
5051 16 16 0
2
40 42 
2
5051 10 16 0
5052 16 16 0
2
42 42 
1
5053 16 16 0
2
43 43 
1
4945 18 14 0
2
41 43 
2
4945 20 12 0
4946 18 14 0
2
43 43 
1
4947 18 14 0
2
21 43 
2
4947 20 14 0
4948 18 14 0
2
43 43 
1
4949 18 14 0
2
41 43 
2
4949 20 12 0
4950 18 14 0
2
43 43 
1
4951 18 14 0
2
42 215 
2
5054 16 16 0
5053 18 16 0
2
43 187 
2
4952 18 14 0
4951 12 28 0
2
42 216 
2
5055 16 16 0
5054 8 20 0
2
42 217 
2
5056 16 16 0
5055 14 26 0
2
40 42 
2
5056 10 16 0
5057 16 16 0
2
41 43 
2
4952 20 12 0
4953 18 14 0
2
42 215 
2
5058 16 16 0
5057 18 16 0
2
43 187 
2
4954 18 14 0
4953 12 28 0
2
42 216 
2
5059 16 16 0
5058 8 20 0
2
43 190 
2
4955 18 14 0
4954 26 16 0
2
42 217 
2
5060 16 16 0
5059 14 26 0
2
20 40 
2
5056 14 16 0
5057 10 16 0
2
21 41 
2
4952 20 14 0
4953 20 12 0
2
18 38 
2
5043 4 18 0
5044 4 16 0
2
19 39 
2
4943 20 8 0
4944 22 8 0
2
16 36 
2
4962 4 24 0
4963 4 22 0
2
17 37 
2
4918 26 4 0
4919 24 4 0
2
34 36 
2
4963 2 24 0
4964 4 22 0
2
35 37 
2
4919 28 2 0
4920 24 4 0
2
38 38 
1
5045 4 16 0
2
36 38 
2
5045 4 22 0
5046 4 16 0
2
38 38 
1
5047 4 16 0
2
16 38 
2
5047 4 24 0
5048 4 16 0
2
38 38 
1
5049 4 16 0
2
36 38 
2
5049 4 22 0
5050 4 16 0
2
38 38 
1
5051 4 16 0
2
39 39 
1
4945 22 8 0
2
37 39 
2
4945 24 4 0
4946 22 8 0
2
39 39 
1
4947 22 8 0
2
17 39 
2
4947 26 4 0
4948 22 8 0
2
39 39 
1
4949 22 8 0
2
37 39 
2
4949 24 4 0
4950 22 8 0
2
39 39 
1
4951 22 8 0
2
40 40 
1
5058 10 16 0
2
38 40 
2
5058 4 16 0
5059 10 16 0
2
40 40 
1
5060 10 16 0
2
18 40 
2
5060 4 18 0
5061 10 16 0
2
40 40 
1
5062 10 16 0
2
38 40 
2
5062 4 16 0
5063 10 16 0
2
40 40 
1
5064 10 16 0
2
41 41 
1
4954 20 12 0
2
39 41 
2
4954 22 8 0
4955 20 12 0
2
41 41 
1
4956 20 12 0
2
19 41 
2
4956 20 8 0
4957 20 12 0
2
41 41 
1
4958 20 12 0
2
39 41 
2
4958 22 8 0
4959 20 12 0
2
41 41 
1
4960 20 12 0
2
42 42 
1
5061 16 16 0
2
40 42 
2
5065 10 16 0
5064 16 16 0
2
42 42 
1
5065 16 16 0
2
20 42 
2
5065 14 16 0
5066 16 16 0
2
42 42 
1
5067 16 16 0
2
40 42 
2
5067 10 16 0
5068 16 16 0
2
42 42 
1
5069 16 16 0
2
43 43 
1
4956 18 14 0
2
41 43 
2
4961 20 12 0
4960 18 14 0
2
43 43 
1
4961 18 14 0
2
21 43 
2
4961 20 14 0
4962 18 14 0
2
43 43 
1
4963 18 14 0
2
41 43 
2
4963 20 12 0
4964 18 14 0
2
43 43 
1
4965 18 14 0
2
42 214 
2
5070 16 16 0
5069 12 20 0
2
43 193 
2
4966 18 14 0
4965 6 16 0
2
42 215 
2
5071 16 16 0
5070 18 16 0
2
42 216 
2
5072 16 16 0
5071 8 20 0
2
42 217 
2
5073 16 16 0
5072 14 26 0
2
42 218 
2
5074 16 16 0
5073 10 24 0
2
42 219 
2
5075 16 16 0
5074 24 24 0
2
42 220 
2
5076 16 16 0
5075 12 24 0
2
42 221 
2
5077 16 16 0
5076 6 22 0
2
42 222 
2
5078 16 16 0
5077 6 14 0
2
42 223 
2
5079 16 16 0
5078 14 12 0
2
42 224 
2
5080 16 16 0
5079 24 12 0
2
42 225 
2
5081 16 16 0
5080 20 18 0
2
42 226 
2
5082 16 16 0
5081 18 32 0
2
42 227 
2
5083 16 16 0
5082 2 12 0
2
42 228 
2
5084 16 16 0
5083 12 2 0
2
42 229 
2
5085 16 16 0
5084 2 16 0
2
42 230 
2
5086 16 16 0
5085 10 8 0
2
42 231 
2
5087 16 16 0
5086 14 30 0
2
42 232 
2
5088 16 16 0
5087 26 22 0
2
42 233 
2
5089 16 16 0
5088 8 22 0
2
42 234 
2
5090 16 16 0
5089 12 22 0
2
40 42 
2
5090 10 16 0
5091 16 16 0
2
41 43 
2
4966 20 12 0
4967 18 14 0
2
42 214 
2
5092 16 16 0
5091 12 20 0
2
43 192 
2
4968 18 14 0
4967 18 26 0
2
42 215 
2
5093 16 16 0
5092 18 16 0
2
42 216 
2
5094 16 16 0
5093 8 20 0
2
42 217 
2
5095 16 16 0
5094 14 26 0
2
42 218 
2
5096 16 16 0
5095 10 24 0
2
42 219 
2
5097 16 16 0
5096 24 24 0
2
42 220 
2
5098 16 16 0
5097 12 24 0
2
42 221 
2
5099 16 16 0
5098 6 22 0
2
42 222 
2
5100 16 16 0
5099 6 14 0
2
42 223 
2
5101 16 16 0
5100 14 12 0
2
42 224 
2
5102 16 16 0
5101 24 12 0
2
42 225 
2
5103 16 16 0
5102 20 18 0
2
42 226 
2
5104 16 16 0
5103 18 32 0
2
42 227 
2
5105 16 16 0
5104 2 12 0
2
42 228 
2
5106 16 16 0
5105 12 2 0
2
42 229 
2
5107 16 16 0
5106 2 16 0
2
42 230 
2
5108 16 16 0
5107 10 8 0
2
42 231 
2
5109 16 16 0
5108 14 30 0
2
42 232 
2
5110 16 16 0
5109 26 22 0
2
42 233 
2
5111 16 16 0
5110 8 22 0
2
42 234 
2
5112 16 16 0
5111 12 22 0
2
20 40 
2
5090 14 16 0
5091 10 16 0
2
21 41 
2
4966 20 14 0
4967 20 12 0
2
38 40 
2
5091 4 16 0
5092 10 16 0
2
39 41 
2
4967 22 8 0
4968 20 12 0
2
42 42 
1
5113 16 16 0
2
40 42 
2
5113 10 16 0
5114 16 16 0
2
42 42 
1
5115 16 16 0
2
20 42 
2
5115 14 16 0
5116 16 16 0
2
42 42 
1
5117 16 16 0
2
40 42 
2
5117 10 16 0
5118 16 16 0
2
42 42 
1
5119 16 16 0
2
43 43 
1
4969 18 14 0
2
41 43 
2
4969 20 12 0
4970 18 14 0
2
43 43 
1
4971 18 14 0
2
21 43 
2
4971 20 14 0
4972 18 14 0
2
43 43 
1
4973 18 14 0
2
41 43 
2
4973 20 12 0
4974 18 14 0
2
43 43 
1
4975 18 14 0
2
42 215 
2
5120 16 16 0
5119 18 16 0
2
43 192 
2
4976 18 14 0
4975 18 26 0
2
42 216 
2
5121 16 16 0
5120 8 20 0
2
43 193 
2
4977 18 14 0
4976 6 16 0
2
42 217 
2
5122 16 16 0
5121 14 26 0
2
42 218 
2
5123 16 16 0
5122 10 24 0
2
42 219 
2
5124 16 16 0
5123 24 24 0
2
42 220 
2
5125 16 16 0
5124 12 24 0
2
42 221 
2
5126 16 16 0
5125 6 22 0
2
42 222 
2
5127 16 16 0
5126 6 14 0
2
42 223 
2
5128 16 16 0
5127 14 12 0
2
42 224 
2
5129 16 16 0
5128 24 12 0
2
42 225 
2
5130 16 16 0
5129 20 18 0
2
42 226 
2
5131 16 16 0
5130 18 32 0
2
42 227 
2
5132 16 16 0
5131 2 12 0
2
42 228 
2
5133 16 16 0
5132 12 2 0
2
42 229 
2
5134 16 16 0
5133 2 16 0
2
42 230 
2
5135 16 16 0
5134 10 8 0
2
42 231 
2
5136 16 16 0
5135 14 30 0
2
42 232 
2
5137 16 16 0
5136 26 22 0
2
42 233 
2
5138 16 16 0
5137 8 22 0
2
42 234 
2
5139 16 16 0
5138 12 22 0
2
42 235 
2
5140 16 16 0
5139 14 24 0
2
40 42 
2
5140 10 16 0
5141 16 16 0
2
41 43 
2
4977 20 12 0
4978 18 14 0
2
42 215 
2
5142 16 16 0
5141 18 16 0
2
43 195 
2
5011 18 14 0
5012 10 22 0
2
42 216 
2
5143 16 16 0
5142 8 20 0
2
42 217 
2
5144 16 16 0
5143 14 26 0
2
42 218 
2
5145 16 16 0
5144 10 24 0
2
42 219 
2
5146 16 16 0
5145 24 24 0
2
42 220 
2
5147 16 16 0
5146 12 24 0
2
42 221 
2
5148 16 16 0
5147 6 22 0
2
42 222 
2
5149 16 16 0
5148 6 14 0
2
42 223 
2
5150 16 16 0
5149 14 12 0
2
42 224 
2
5151 16 16 0
5150 24 12 0
2
42 225 
2
5152 16 16 0
5151 20 18 0
2
42 226 
2
5153 16 16 0
5152 18 32 0
2
42 227 
2
5154 16 16 0
5153 2 12 0
2
42 228 
2
5155 16 16 0
5154 12 2 0
2
42 229 
2
5156 16 16 0
5155 2 16 0
2
42 230 
2
5157 16 16 0
5156 10 8 0
2
42 231 
2
5158 16 16 0
5157 14 30 0
2
42 232 
2
5159 16 16 0
5158 26 22 0
2
42 233 
2
5160 16 16 0
5159 8 22 0
2
42 234 
2
5161 16 16 0
5160 12 22 0
2
42 235 
2
5162 16 16 0
5161 14 24 0
2
20 40 
2
5140 14 16 0
5141 10 16 0
2
21 41 
2
4977 20 14 0
4978 20 12 0
2
18 38 
2
5091 4 18 0
5092 4 16 0
2
19 39 
2
4967 20 8 0
4968 22 8 0
2
36 38 
2
5092 4 22 0
5093 4 16 0
2
37 39 
2
4968 24 4 0
4969 22 8 0
2
40 40 
1
5142 10 16 0
2
38 40 
2
5142 4 16 0
5143 10 16 0
2
40 40 
1
5144 10 16 0
2
18 40 
2
5144 4 18 0
5145 10 16 0
2
40 40 
1
5146 10 16 0
2
38 40 
2
5146 4 16 0
5147 10 16 0
2
40 40 
1
5148 10 16 0
2
41 41 
1
4979 20 12 0
2
39 41 
2
4979 22 8 0
4980 20 12 0
2
41 41 
1
4981 20 12 0
2
19 41 
2
4981 20 8 0
4982 20 12 0
2
41 41 
1
4983 20 12 0
2
39 41 
2
4983 22 8 0
4984 20 12 0
2
41 41 
1
4985 20 12 0
2
42 42 
1
5163 16 16 0
2
40 42 
2
5163 10 16 0
5164 16 16 0
2
42 42 
1
5165 16 16 0
2
20 42 
2
5165 14 16 0
5166 16 16 0
2
42 42 
1
5167 16 16 0
2
40 42 
2
5167 10 16 0
5168 16 16 0
2
42 42 
1
5169 16 16 0
2
43 43 
1
5012 18 14 0
2
41 43 
2
5012 20 12 0
5013 18 14 0
2
43 43 
1
5014 18 14 0
2
21 43 
2
5014 20 14 0
5015 18 14 0
2
43 43 
1
5016 18 14 0
2
41 43 
2
5016 20 12 0
5017 18 14 0
2
43 43 
1
5018 18 14 0
2
42 234 
2
5170 16 16 0
5169 12 22 0
2
43 194 
2
5019 18 14 0
5018 14 22 0
2
42 235 
2
5171 16 16 0
5170 14 24 0
2
42 236 
2
5172 16 16 0
5171 8 10 0
2
40 42 
2
5172 10 16 0
5173 16 16 0
2
41 43 
2
5019 20 12 0
5020 18 14 0
2
42 234 
2
5174 16 16 0
5173 12 22 0
2
43 194 
2
5021 18 14 0
5020 14 22 0
2
42 235 
2
5175 16 16 0
5174 14 24 0
2
43 195 
2
5022 18 14 0
5021 10 22 0
2
42 236 
2
5176 16 16 0
5175 8 10 0
2
20 40 
2
5172 14 16 0
5173 10 16 0
2
21 41 
2
5019 20 14 0
5020 20 12 0
2
38 40 
2
5173 4 16 0
5174 10 16 0
2
39 41 
2
5020 22 8 0
5021 20 12 0
2
42 42 
1
5177 16 16 0
2
40 42 
2
5177 10 16 0
5178 16 16 0
2
42 42 
1
5179 16 16 0
2
20 42 
2
5179 14 16 0
5180 16 16 0
2
42 42 
1
5181 16 16 0
2
40 42 
2
5181 10 16 0
5182 16 16 0
2
42 42 
1
5183 16 16 0
2
43 43 
1
5023 18 14 0
2
41 43 
2
5023 20 12 0
5024 18 14 0
2
43 43 
1
5025 18 14 0
2
21 43 
2
5025 20 14 0
5026 18 14 0
2
43 43 
1
5027 18 14 0
2
41 43 
2
5027 20 12 0
5028 18 14 0
2
43 43 
1
5029 18 14 0
2
42 235 
2
5184 16 16 0
5183 14 24 0
2
43 197 
2
5030 18 14 0
5029 16 22 0
2
42 236 
2
5185 16 16 0
5184 8 10 0
2
42 237 
2
5186 16 16 0
5185 20 28 0
2
40 42 
2
5186 10 16 0
5187 16 16 0
2
41 43 
2
5030 20 12 0
5031 18 14 0
2
42 235 
2
5188 16 16 0
5187 14 24 0
2
43 196 
2
5032 18 14 0
5031 8 18 0
2
42 236 
2
5189 16 16 0
5188 8 10 0
2
42 237 
2
5190 16 16 0
5189 20 28 0
2
20 40 
2
5186 14 16 0
5187 10 16 0
2
21 41 
2
5030 20 14 0
5031 20 12 0
2
18 38 
2
5173 4 18 0
5174 4 16 0
2
19 39 
2
5020 20 8 0
5021 22 8 0
2
16 36 
2
5092 4 24 0
5093 4 22 0
2
17 37 
2
4968 26 4 0
4969 24 4 0
2
14 34 
2
4963 4 26 0
4964 2 24 0
2
15 35 
2
4919 26 2 0
4920 28 2 0
2
32 34 
2
4964 2 28 0
4965 2 24 0
2
33 35 
2
4920 32 2 0
4921 28 2 0
2
36 36 
1
5094 4 22 0
2
34 36 
2
5094 2 24 0
5095 4 22 0
2
36 36 
1
5096 4 22 0
2
14 36 
2
5096 4 26 0
5097 4 22 0
2
36 36 
1
5098 4 22 0
2
34 36 
2
5098 2 24 0
5099 4 22 0
2
36 36 
1
5100 4 22 0
2
37 37 
1
4970 24 4 0
2
35 37 
2
4970 28 2 0
4971 24 4 0
2
37 37 
1
4972 24 4 0
2
15 37 
2
4972 26 2 0
4973 24 4 0
2
37 37 
1
4974 24 4 0
2
35 37 
2
4974 28 2 0
4975 24 4 0
2
37 37 
1
4976 24 4 0
2
38 38 
1
5175 4 16 0
2
36 38 
2
5175 4 22 0
5176 4 16 0
2
38 38 
1
5177 4 16 0
2
16 38 
2
5177 4 24 0
5178 4 16 0
2
38 38 
1
5179 4 16 0
2
36 38 
2
5179 4 22 0
5180 4 16 0
2
38 38 
1
5181 4 16 0
2
39 39 
1
5022 22 8 0
2
37 39 
2
5022 24 4 0
5023 22 8 0
2
39 39 
1
5024 22 8 0
2
17 39 
2
5024 26 4 0
5025 22 8 0
2
39 39 
1
5026 22 8 0
2
37 39 
2
5026 24 4 0
5027 22 8 0
2
39 39 
1
5028 22 8 0
2
40 40 
1
5188 10 16 0
2
38 40 
2
5188 4 16 0
5189 10 16 0
2
40 40 
1
5190 10 16 0
2
18 40 
2
5190 4 18 0
5191 10 16 0
2
40 40 
1
5192 10 16 0
2
38 40 
2
5192 4 16 0
5193 10 16 0
2
40 40 
1
5194 10 16 0
2
41 41 
1
5032 20 12 0
2
39 41 
2
5032 22 8 0
5033 20 12 0
2
41 41 
1
5034 20 12 0
2
19 41 
2
5034 20 8 0
5035 20 12 0
2
41 41 
1
5036 20 12 0
2
39 41 
2
5036 22 8 0
5037 20 12 0
2
41 41 
1
5038 20 12 0
2
42 42 
1
5191 16 16 0
2
40 42 
2
5195 10 16 0
5194 16 16 0
2
42 42 
1
5195 16 16 0
2
20 42 
2
5195 14 16 0
5196 16 16 0
2
42 42 
1
5197 16 16 0
2
40 42 
2
5197 10 16 0
5198 16 16 0
2
42 42 
1
5199 16 16 0
2
43 43 
1
5033 18 14 0
2
41 43 
2
5039 20 12 0
5038 18 14 0
2
43 43 
1
5039 18 14 0
2
21 43 
2
5039 20 14 0
5040 18 14 0
2
43 43 
1
5041 18 14 0
2
41 43 
2
5041 20 12 0
5042 18 14 0
2
43 43 
1
5043 18 14 0
2
42 234 
2
5200 16 16 0
5199 12 22 0
2
43 196 
2
5044 18 14 0
5043 8 18 0
2
42 235 
2
5201 16 16 0
5200 14 24 0
2
43 197 
2
5045 18 14 0
5044 16 22 0
2
42 236 
2
5202 16 16 0
5201 8 10 0
2
42 237 
2
5203 16 16 0
5202 20 28 0
2
42 238 
2
5204 16 16 0
5203 14 10 0
2
42 239 
2
5205 16 16 0
5204 16 20 0
2
42 50 
2
5206 16 16 0
5205 4 12 0
2
42 45 
2
5207 16 16 0
5206 16 2 0
2
42 47 
2
5208 16 16 0
5207 26 12 0
2
42 49 
2
5209 16 16 0
5208 32 14 0
2
42 52 
2
5210 16 16 0
5209 18 4 0
2
42 53 
2
5211 16 16 0
5210 18 8 0
2
42 54 
2
5212 16 16 0
5211 24 6 0
2
42 55 
2
5213 16 16 0
5212 24 2 0
2
42 56 
2
5214 16 16 0
5213 32 18 0
2
42 57 
2
5215 16 16 0
5214 22 28 0
2
42 58 
2
5216 16 16 0
5215 10 10 0
2
42 59 
2
5217 16 16 0
5216 28 16 0
2
42 60 
2
5218 16 16 0
5217 16 8 0
2
42 61 
2
5219 16 16 0
5218 18 30 0
2
42 62 
2
5220 16 16 0
5219 20 24 0
2
40 42 
2
5220 10 16 0
5221 16 16 0
2
41 43 
2
5045 20 12 0
5046 18 14 0
2
42 234 
2
5222 16 16 0
5221 12 22 0
2
43 199 
2
5047 18 14 0
5046 14 28 0
2
42 235 
2
5223 16 16 0
5222 14 24 0
2
42 236 
2
5224 16 16 0
5223 8 10 0
2
42 237 
2
5225 16 16 0
5224 20 28 0
2
42 238 
2
5226 16 16 0
5225 14 10 0
2
42 239 
2
5227 16 16 0
5226 16 20 0
2
42 50 
2
5228 16 16 0
5227 4 12 0
2
42 45 
2
5229 16 16 0
5228 16 2 0
2
42 47 
2
5230 16 16 0
5229 26 12 0
2
42 49 
2
5231 16 16 0
5230 32 14 0
2
42 52 
2
5232 16 16 0
5231 18 4 0
2
42 53 
2
5233 16 16 0
5232 18 8 0
2
42 54 
2
5234 16 16 0
5233 24 6 0
2
42 55 
2
5235 16 16 0
5234 24 2 0
2
42 56 
2
5236 16 16 0
5235 32 18 0
2
42 57 
2
5237 16 16 0
5236 22 28 0
2
42 58 
2
5238 16 16 0
5237 10 10 0
2
42 59 
2
5239 16 16 0
5238 28 16 0
2
42 60 
2
5240 16 16 0
5239 16 8 0
2
42 61 
2
5241 16 16 0
5240 18 30 0
2
42 62 
2
5242 16 16 0
5241 20 24 0
2
20 40 
2
5220 14 16 0
5221 10 16 0
2
21 41 
2
5045 20 14 0
5046 20 12 0
2
38 40 
2
5221 4 16 0
5222 10 16 0
2
39 41 
2
5046 22 8 0
5047 20 12 0
2
42 42 
1
5243 16 16 0
2
40 42 
2
5243 10 16 0
5244 16 16 0
2
42 42 
1
5245 16 16 0
2
20 42 
2
5245 14 16 0
5246 16 16 0
2
42 42 
1
5247 16 16 0
2
40 42 
2
5247 10 16 0
5248 16 16 0
2
42 42 
1
5249 16 16 0
2
43 43 
1
5048 18 14 0
2
41 43 
2
5048 20 12 0
5049 18 14 0
2
43 43 
1
5050 18 14 0
2
21 43 
2
5050 20 14 0
5051 18 14 0
2
43 43 
1
5052 18 14 0
2
41 43 
2
5052 20 12 0
5053 18 14 0
2
43 43 
1
5054 18 14 0
2
42 235 
2
5250 16 16 0
5249 14 24 0
2
43 198 
2
5055 18 14 0
5054 16 18 0
2
42 236 
2
5251 16 16 0
5250 8 10 0
2
42 237 
2
5252 16 16 0
5251 20 28 0
2
42 238 
2
5253 16 16 0
5252 14 10 0
2
42 239 
2
5254 16 16 0
5253 16 20 0
2
42 50 
2
5255 16 16 0
5254 4 12 0
2
42 45 
2
5256 16 16 0
5255 16 2 0
2
42 47 
2
5257 16 16 0
5256 26 12 0
2
42 49 
2
5258 16 16 0
5257 32 14 0
2
42 52 
2
5259 16 16 0
5258 18 4 0
2
42 53 
2
5260 16 16 0
5259 18 8 0
2
42 54 
2
5261 16 16 0
5260 24 6 0
2
42 55 
2
5262 16 16 0
5261 24 2 0
2
42 56 
2
5263 16 16 0
5262 32 18 0
2
42 57 
2
5264 16 16 0
5263 22 28 0
2
42 58 
2
5265 16 16 0
5264 10 10 0
2
42 59 
2
5266 16 16 0
5265 28 16 0
2
42 60 
2
5267 16 16 0
5266 16 8 0
2
42 61 
2
5268 16 16 0
5267 18 30 0
2
42 62 
2
5269 16 16 0
5268 20 24 0
2
42 63 
2
5270 16 16 0
5269 16 12 0
2
40 42 
2
5270 10 16 0
5271 16 16 0
2
41 43 
2
5055 20 12 0
5056 18 14 0
2
42 235 
2
5272 16 16 0
5271 14 24 0
2
43 198 
2
5057 18 14 0
5056 16 18 0
2
42 236 
2
5273 16 16 0
5272 8 10 0
2
43 199 
2
5058 18 14 0
5057 14 28 0
2
42 237 
2
5274 16 16 0
5273 20 28 0
2
42 238 
2
5275 16 16 0
5274 14 10 0
2
42 239 
2
5276 16 16 0
5275 16 20 0
2
42 50 
2
5277 16 16 0
5276 4 12 0
2
42 45 
2
5278 16 16 0
5277 16 2 0
2
42 47 
2
5279 16 16 0
5278 26 12 0
2
42 49 
2
5280 16 16 0
5279 32 14 0
2
42 52 
2
5281 16 16 0
5280 18 4 0
2
42 53 
2
5282 16 16 0
5281 18 8 0
2
42 54 
2
5283 16 16 0
5282 24 6 0
2
42 55 
2
5284 16 16 0
5283 24 2 0
2
42 56 
2
5285 16 16 0
5284 32 18 0
2
42 57 
2
5286 16 16 0
5285 22 28 0
2
42 58 
2
5287 16 16 0
5286 10 10 0
2
42 59 
2
5288 16 16 0
5287 28 16 0
2
42 60 
2
5289 16 16 0
5288 16 8 0
2
42 61 
2
5290 16 16 0
5289 18 30 0
2
42 62 
2
5291 16 16 0
5290 20 24 0
2
42 63 
2
5292 16 16 0
5291 16 12 0
2
20 40 
2
5270 14 16 0
5271 10 16 0
2
21 41 
2
5055 20 14 0
5056 20 12 0
2
18 38 
2
5221 4 18 0
5222 4 16 0
2
19 39 
2
5046 20 8 0
5047 22 8 0
2
36 38 
2
5222 4 22 0
5223 4 16 0
2
37 39 
2
5047 24 4 0
5048 22 8 0
2
40 40 
1
5272 10 16 0
2
38 40 
2
5272 4 16 0
5273 10 16 0
2
40 40 
1
5274 10 16 0
2
18 40 
2
5274 4 18 0
5275 10 16 0
2
40 40 
1
5276 10 16 0
2
38 40 
2
5276 4 16 0
5277 10 16 0
2
40 40 
1
5278 10 16 0
2
41 41 
1
5057 20 12 0
2
39 41 
2
5057 22 8 0
5058 20 12 0
2
41 41 
1
5059 20 12 0
2
19 41 
2
5059 20 8 0
5060 20 12 0
2
41 41 
1
5061 20 12 0
2
39 41 
2
5061 22 8 0
5062 20 12 0
2
41 41 
1
5063 20 12 0
2
42 42 
1
5293 16 16 0
2
40 42 
2
5293 10 16 0
5294 16 16 0
2
42 42 
1
5295 16 16 0
2
20 42 
2
5295 14 16 0
5296 16 16 0
2
42 42 
1
5297 16 16 0
2
40 42 
2
5297 10 16 0
5298 16 16 0
2
42 42 
1
5299 16 16 0
2
43 43 
1
5059 18 14 0
2
41 43 
2
5064 20 12 0
5063 18 14 0
2
43 43 
1
5064 18 14 0
2
21 43 
2
5064 20 14 0
5065 18 14 0
2
43 43 
1
5066 18 14 0
2
41 43 
2
5066 20 12 0
5067 18 14 0
2
43 43 
1
5068 18 14 0
2
42 62 
2
5300 16 16 0
5299 20 24 0
2
43 201 
2
5069 18 14 0
5068 18 20 0
2
42 63 
2
5301 16 16 0
5300 16 12 0
2
42 64 
2
5302 16 16 0
5301 16 6 0
2
40 42 
2
5302 10 16 0
5303 16 16 0
2
41 43 
2
5069 20 12 0
5070 18 14 0
2
42 62 
2
5304 16 16 0
5303 20 24 0
2
43 200 
2
5071 18 14 0
5070 10 18 0
2
42 63 
2
5305 16 16 0
5304 16 12 0
2
42 64 
2
5306 16 16 0
5305 16 6 0
2
20 40 
2
5302 14 16 0
5303 10 16 0
2
21 41 
2
5069 20 14 0
5070 20 12 0
2
38 40 
2
5303 4 16 0
5304 10 16 0
2
39 41 
2
5070 22 8 0
5071 20 12 0
2
42 42 
1
5307 16 16 0
2
40 42 
2
5307 10 16 0
5308 16 16 0
2
42 42 
1
5309 16 16 0
2
20 42 
2
5309 14 16 0
5310 16 16 0
2
42 42 
1
5311 16 16 0
2
40 42 
2
5311 10 16 0
5312 16 16 0
2
42 42 
1
5313 16 16 0
2
43 43 
1
5072 18 14 0
2
41 43 
2
5072 20 12 0
5073 18 14 0
2
43 43 
1
5074 18 14 0
2
21 43 
2
5074 20 14 0
5075 18 14 0
2
43 43 
1
5076 18 14 0
2
41 43 
2
5076 20 12 0
5077 18 14 0
2
43 43 
1
5078 18 14 0
2
42 63 
2
5314 16 16 0
5313 16 12 0
2
43 200 
2
5079 18 14 0
5078 10 18 0
2
42 64 
2
5315 16 16 0
5314 16 6 0
2
43 201 
2
5080 18 14 0
5079 18 20 0
2
42 65 
2
5316 16 16 0
5315 10 6 0
2
40 42 
2
5316 10 16 0
5317 16 16 0
2
41 43 
2
5080 20 12 0
5081 18 14 0
2
42 63 
2
5318 16 16 0
5317 16 12 0
2
43 203 
2
5082 18 14 0
5081 2 14 0
2
42 64 
2
5319 16 16 0
5318 16 6 0
2
42 65 
2
5320 16 16 0
5319 10 6 0
2
20 40 
2
5316 14 16 0
5317 10 16 0
2
21 41 
2
5080 20 14 0
5081 20 12 0
2
18 38 
2
5303 4 18 0
5304 4 16 0
2
19 39 
2
5070 20 8 0
5071 22 8 0
2
16 36 
2
5222 4 24 0
5223 4 22 0
2
17 37 
2
5047 26 4 0
5048 24 4 0
2
34 36 
2
5223 2 24 0
5224 4 22 0
2
35 37 
2
5048 28 2 0
5049 24 4 0
2
38 38 
1
5305 4 16 0
2
36 38 
2
5305 4 22 0
5306 4 16 0
2
38 38 
1
5307 4 16 0
2
16 38 
2
5307 4 24 0
5308 4 16 0
2
38 38 
1
5309 4 16 0
2
36 38 
2
5309 4 22 0
5310 4 16 0
2
38 38 
1
5311 4 16 0
2
39 39 
1
5072 22 8 0
2
37 39 
2
5072 24 4 0
5073 22 8 0
2
39 39 
1
5074 22 8 0
2
17 39 
2
5074 26 4 0
5075 22 8 0
2
39 39 
1
5076 22 8 0
2
37 39 
2
5076 24 4 0
5077 22 8 0
2
39 39 
1
5078 22 8 0
2
40 40 
1
5318 10 16 0
2
38 40 
2
5318 4 16 0
5319 10 16 0
2
40 40 
1
5320 10 16 0
2
18 40 
2
5320 4 18 0
5321 10 16 0
2
40 40 
1
5322 10 16 0
2
38 40 
2
5322 4 16 0
5323 10 16 0
2
40 40 
1
5324 10 16 0
2
41 41 
1
5082 20 12 0
2
39 41 
2
5082 22 8 0
5083 20 12 0
2
41 41 
1
5084 20 12 0
2
19 41 
2
5084 20 8 0
5085 20 12 0
2
41 41 
1
5086 20 12 0
2
39 41 
2
5086 22 8 0
5087 20 12 0
2
41 41 
1
5088 20 12 0
2
42 42 
1
5321 16 16 0
2
40 42 
2
5325 10 16 0
5324 16 16 0
2
42 42 
1
5325 16 16 0
2
20 42 
2
5325 14 16 0
5326 16 16 0
2
42 42 
1
5327 16 16 0
2
40 42 
2
5327 10 16 0
5328 16 16 0
2
42 42 
1
5329 16 16 0
2
43 43 
1
5083 18 14 0
2
41 43 
2
5089 20 12 0
5088 18 14 0
2
43 43 
1
5089 18 14 0
2
21 43 
2
5089 20 14 0
5090 18 14 0
2
43 43 
1
5091 18 14 0
2
41 43 
2
5091 20 12 0
5092 18 14 0
2
43 43 
1
5093 18 14 0
2
42 62 
2
5330 16 16 0
5329 20 24 0
2
43 202 
2
5094 18 14 0
5093 14 14 0
2
42 63 
2
5331 16 16 0
5330 16 12 0
2
42 64 
2
5332 16 16 0
5331 16 6 0
2
42 65 
2
5333 16 16 0
5332 10 6 0
2
42 66 
2
5334 16 16 0
5333 18 22 0
2
42 67 
2
5335 16 16 0
5334 18 28 0
2
42 68 
2
5336 16 16 0
5335 18 12 0
2
42 86 
2
5337 16 16 0
5336 6 10 0
2
42 87 
2
5338 16 16 0
5337 22 14 0
2
42 89 
2
5339 16 16 0
5338 24 14 0
2
42 90 
2
5340 16 16 0
5339 20 10 0
2
42 91 
2
5341 16 16 0
5340 28 8 0
2
42 92 
2
5342 16 16 0
5341 32 12 0
2
42 93 
2
5343 16 16 0
5342 20 2 0
2
42 94 
2
5344 16 16 0
5343 8 6 0
2
42 95 
2
5345 16 16 0
5344 6 12 0
2
42 96 
2
5346 16 16 0
5345 16 4 0
2
42 97 
2
5347 16 16 0
5346 12 14 0
2
42 98 
2
5348 16 16 0
5347 22 16 0
2
42 99 
2
5349 16 16 0
5348 18 24 0
2
42 100 
2
5350 16 16 0
5349 12 10 0
2
40 42 
2
5350 10 16 0
5351 16 16 0
2
41 43 
2
5094 20 12 0
5095 18 14 0
2
42 62 
2
5352 16 16 0
5351 20 24 0
2
43 202 
2
5096 18 14 0
5095 14 14 0
2
42 63 
2
5353 16 16 0
5352 16 12 0
2
43 203 
2
5097 18 14 0
5096 2 14 0
2
42 64 
2
5354 16 16 0
5353 16 6 0
2
42 65 
2
5355 16 16 0
5354 10 6 0
2
42 66 
2
5356 16 16 0
5355 18 22 0
2
42 67 
2
5357 16 16 0
5356 18 28 0
2
42 68 
2
5358 16 16 0
5357 18 12 0
2
42 86 
2
5359 16 16 0
5358 6 10 0
2
42 87 
2
5360 16 16 0
5359 22 14 0
2
42 89 
2
5361 16 16 0
5360 24 14 0
2
42 90 
2
5362 16 16 0
5361 20 10 0
2
42 91 
2
5363 16 16 0
5362 28 8 0
2
42 92 
2
5364 16 16 0
5363 32 12 0
2
42 93 
2
5365 16 16 0
5364 20 2 0
2
42 94 
2
5366 16 16 0
5365 8 6 0
2
42 95 
2
5367 16 16 0
5366 6 12 0
2
42 96 
2
5368 16 16 0
5367 16 4 0
2
42 97 
2
5369 16 16 0
5368 12 14 0
2
42 98 
2
5370 16 16 0
5369 22 16 0
2
42 99 
2
5371 16 16 0
5370 18 24 0
2
42 100 
2
5372 16 16 0
5371 12 10 0
2
20 40 
2
5350 14 16 0
5351 10 16 0
2
21 41 
2
5094 20 14 0
5095 20 12 0
2
38 40 
2
5351 4 16 0
5352 10 16 0
2
39 41 
2
5095 22 8 0
5096 20 12 0
2
42 42 
1
5373 16 16 0
2
40 42 
2
5373 10 16 0
5374 16 16 0
2
42 42 
1
5375 16 16 0
2
20 42 
2
5375 14 16 0
5376 16 16 0
2
42 42 
1
5377 16 16 0
2
40 42 
2
5377 10 16 0
5378 16 16 0
2
42 42 
1
5379 16 16 0
2
43 43 
1
5098 18 14 0
2
41 43 
2
5098 20 12 0
5099 18 14 0
2
43 43 
1
5100 18 14 0
2
21 43 
2
5100 20 14 0
5101 18 14 0
2
43 43 
1
5102 18 14 0
2
41 43 
2
5102 20 12 0
5103 18 14 0
2
43 43 
1
5104 18 14 0
2
42 63 
2
5380 16 16 0
5379 16 12 0
2
43 205 
2
5105 18 14 0
5104 18 10 0
2
42 64 
2
5381 16 16 0
5380 16 6 0
2
42 65 
2
5382 16 16 0
5381 10 6 0
2
42 66 
2
5383 16 16 0
5382 18 22 0
2
42 67 
2
5384 16 16 0
5383 18 28 0
2
42 68 
2
5385 16 16 0
5384 18 12 0
2
42 86 
2
5386 16 16 0
5385 6 10 0
2
42 87 
2
5387 16 16 0
5386 22 14 0
2
42 89 
2
5388 16 16 0
5387 24 14 0
2
42 90 
2
5389 16 16 0
5388 20 10 0
2
42 91 
2
5390 16 16 0
5389 28 8 0
2
42 92 
2
5391 16 16 0
5390 32 12 0
2
42 93 
2
5392 16 16 0
5391 20 2 0
2
42 94 
2
5393 16 16 0
5392 8 6 0
2
42 95 
2
5394 16 16 0
5393 6 12 0
2
42 96 
2
5395 16 16 0
5394 16 4 0
2
42 97 
2
5396 16 16 0
5395 12 14 0
2
42 98 
2
5397 16 16 0
5396 22 16 0
2
42 99 
2
5398 16 16 0
5397 18 24 0
2
42 100 
2
5399 16 16 0
5398 12 10 0
2
42 101 
2
5400 16 16 0
5399 18 18 0
2
40 42 
2
5400 10 16 0
5401 16 16 0
2
41 43 
2
5105 20 12 0
5106 18 14 0
2
42 63 
2
5402 16 16 0
5401 16 12 0
2
43 204 
2
5107 18 14 0
5106 20 20 0
2
42 64 
2
5403 16 16 0
5402 16 6 0
2
42 65 
2
5404 16 16 0
5403 10 6 0
2
42 66 
2
5405 16 16 0
5404 18 22 0
2
42 67 
2
5406 16 16 0
5405 18 28 0
2
42 68 
2
5407 16 16 0
5406 18 12 0
2
42 86 
2
5408 16 16 0
5407 6 10 0
2
42 87 
2
5409 16 16 0
5408 22 14 0
2
42 89 
2
5410 16 16 0
5409 24 14 0
2
42 90 
2
5411 16 16 0
5410 20 10 0
2
42 91 
2
5412 16 16 0
5411 28 8 0
2
42 92 
2
5413 16 16 0
5412 32 12 0
2
42 93 
2
5414 16 16 0
5413 20 2 0
2
42 94 
2
5415 16 16 0
5414 8 6 0
2
42 95 
2
5416 16 16 0
5415 6 12 0
2
42 96 
2
5417 16 16 0
5416 16 4 0
2
42 97 
2
5418 16 16 0
5417 12 14 0
2
42 98 
2
5419 16 16 0
5418 22 16 0
2
42 99 
2
5420 16 16 0
5419 18 24 0
2
42 100 
2
5421 16 16 0
5420 12 10 0
2
42 101 
2
5422 16 16 0
5421 18 18 0
2
20 40 
2
5400 14 16 0
5401 10 16 0
2
21 41 
2
5105 20 14 0
5106 20 12 0
2
18 38 
2
5351 4 18 0
5352 4 16 0
2
19 39 
2
5095 20 8 0
5096 22 8 0
2
36 38 
2
5352 4 22 0
5353 4 16 0
2
37 39 
2
5096 24 4 0
5097 22 8 0
2
40 40 
1
5402 10 16 0
2
38 40 
2
5402 4 16 0
5403 10 16 0
2
40 40 
1
5404 10 16 0
2
18 40 
2
5404 4 18 0
5405 10 16 0
2
40 40 
1
5406 10 16 0
2
38 40 
2
5406 4 16 0
5407 10 16 0
2
40 40 
1
5408 10 16 0
2
41 41 
1
5107 20 12 0
2
39 41 
2
5107 22 8 0
5108 20 12 0
2
41 41 
1
5109 20 12 0
2
19 41 
2
5109 20 8 0
5110 20 12 0
2
41 41 
1
5111 20 12 0
2
39 41 
2
5111 22 8 0
5112 20 12 0
2
41 41 
1
5113 20 12 0
2
42 42 
1
5423 16 16 0
2
40 42 
2
5423 10 16 0
5424 16 16 0
2
42 42 
1
5425 16 16 0
2
20 42 
2
5425 14 16 0
5426 16 16 0
2
42 42 
1
5427 16 16 0
2
40 42 
2
5427 10 16 0
5428 16 16 0
2
42 42 
1
5429 16 16 0
2
43 43 
1
5108 18 14 0
2
41 43 
2
5114 20 12 0
5113 18 14 0
2
43 43 
1
5114 18 14 0
2
21 43 
2
5114 20 14 0
5115 18 14 0
2
43 43 
1
5116 18 14 0
2
41 43 
2
5116 20 12 0
5117 18 14 0
2
43 43 
1
5118 18 14 0
2
42 100 
2
5430 16 16 0
5429 12 10 0
2
43 204 
2
5119 18 14 0
5118 20 20 0
2
42 101 
2
5431 16 16 0
5430 18 18 0
2
43 205 
2
5120 18 14 0
5119 18 10 0
2
42 102 
2
5432 16 16 0
5431 14 8 0
2
40 42 
2
5432 10 16 0
5433 16 16 0
2
41 43 
2
5120 20 12 0
5121 18 14 0
2
42 100 
2
5434 16 16 0
5433 12 10 0
2
43 207 
2
5122 18 14 0
5121 4 10 0
2
42 101 
2
5435 16 16 0
5434 18 18 0
2
42 102 
2
5436 16 16 0
5435 14 8 0
2
20 40 
2
5432 14 16 0
5433 10 16 0
2
21 41 
2
5120 20 14 0
5121 20 12 0
2
38 40 
2
5433 4 16 0
5434 10 16 0
2
39 41 
2
5121 22 8 0
5122 20 12 0
2
42 42 
1
5437 16 16 0
2
40 42 
2
5437 10 16 0
5438 16 16 0
2
42 42 
1
5439 16 16 0
2
20 42 
2
5439 14 16 0
5440 16 16 0
2
42 42 
1
5441 16 16 0
2
40 42 
2
5441 10 16 0
5442 16 16 0
2
42 42 
1
5443 16 16 0
2
43 43 
1
5123 18 14 0
2
41 43 
2
5123 20 12 0
5124 18 14 0
2
43 43 
1
5125 18 14 0
2
21 43 
2
5125 20 14 0
5126 18 14 0
2
43 43 
1
5127 18 14 0
2
41 43 
2
5127 20 12 0
5128 18 14 0
2
43 43 
1
5129 18 14 0
2
42 101 
2
5444 16 16 0
5443 18 18 0
2
43 206 
2
5130 18 14 0
5129 26 24 0
2
42 102 
2
5445 16 16 0
5444 14 8 0
2
42 103 
2
5446 16 16 0
5445 14 6 0
2
40 42 
2
5446 10 16 0
5447 16 16 0
2
41 43 
2
5130 20 12 0
5131 18 14 0
2
42 101 
2
5448 16 16 0
5447 18 18 0
2
43 206 
2
5132 18 14 0
5131 26 24 0
2
42 102 
2
5449 16 16 0
5448 14 8 0
2
43 207 
2
5133 18 14 0
5132 4 10 0
2
42 103 
2
5450 16 16 0
5449 14 6 0
2
20 40 
2
5446 14 16 0
5447 10 16 0
2
21 41 
2
5130 20 14 0
5131 20 12 0
2
18 38 
2
5433 4 18 0
5434 4 16 0
2
19 39 
2
5121 20 8 0
5122 22 8 0
2
16 36 
2
5352 4 24 0
5353 4 22 0
2
17 37 
2
5096 26 4 0
5097 24 4 0
2
14 34 
2
5223 4 26 0
5224 2 24 0
2
15 35 
2
5048 26 2 0
5049 28 2 0
2
12 32 
2
4964 2 26 0
4965 2 28 0
2
13 33 
2
4920 30 2 0
4921 32 2 0
2
10 30 
2
4497 6 28 0
4498 4 28 0
2
11 31 
2
4516 32 4 0
4517 32 6 0
2
28 30 
2
4498 4 30 0
4499 4 28 0
2
29 31 
2
4517 32 26 0
4518 32 6 0
2
32 32 
1
4966 2 28 0
2
30 32 
2
4966 4 28 0
4967 2 28 0
2
32 32 
1
4968 2 28 0
2
10 32 
2
4968 6 28 0
4969 2 28 0
2
32 32 
1
4970 2 28 0
2
30 32 
2
4970 4 28 0
4971 2 28 0
2
32 32 
1
4972 2 28 0
2
33 33 
1
4922 32 2 0
2
31 33 
2
4922 32 6 0
4923 32 2 0
2
33 33 
1
4924 32 2 0
2
11 33 
2
4924 32 4 0
4925 32 2 0
2
33 33 
1
4926 32 2 0
2
31 33 
2
4926 32 6 0
4927 32 2 0
2
33 33 
1
4928 32 2 0
2
34 34 
1
5225 2 24 0
2
32 34 
2
5225 2 28 0
5226 2 24 0
2
34 34 
1
5227 2 24 0
2
12 34 
2
5227 2 26 0
5228 2 24 0
2
34 34 
1
5229 2 24 0
2
32 34 
2
5229 2 28 0
5230 2 24 0
2
34 34 
1
5231 2 24 0
2
35 35 
1
5050 28 2 0
2
33 35 
2
5050 32 2 0
5051 28 2 0
2
35 35 
1
5052 28 2 0
2
13 35 
2
5052 30 2 0
5053 28 2 0
2
35 35 
1
5054 28 2 0
2
33 35 
2
5054 32 2 0
5055 28 2 0
2
35 35 
1
5056 28 2 0
2
36 36 
1
5354 4 22 0
2
34 36 
2
5354 2 24 0
5355 4 22 0
2
36 36 
1
5356 4 22 0
2
14 36 
2
5356 4 26 0
5357 4 22 0
2
36 36 
1
5358 4 22 0
2
34 36 
2
5358 2 24 0
5359 4 22 0
2
36 36 
1
5360 4 22 0
2
37 37 
1
5098 24 4 0
2
35 37 
2
5098 28 2 0
5099 24 4 0
2
37 37 
1
5100 24 4 0
2
15 37 
2
5100 26 2 0
5101 24 4 0
2
37 37 
1
5102 24 4 0
2
35 37 
2
5102 28 2 0
5103 24 4 0
2
37 37 
1
5104 24 4 0
2
38 38 
1
5435 4 16 0
2
36 38 
2
5435 4 22 0
5436 4 16 0
2
38 38 
1
5437 4 16 0
2
16 38 
2
5437 4 24 0
5438 4 16 0
2
38 38 
1
5439 4 16 0
2
36 38 
2
5439 4 22 0
5440 4 16 0
2
38 38 
1
5441 4 16 0
2
39 39 
1
5123 22 8 0
2
37 39 
2
5123 24 4 0
5124 22 8 0
2
39 39 
1
5125 22 8 0
2
17 39 
2
5125 26 4 0
5126 22 8 0
2
39 39 
1
5127 22 8 0
2
37 39 
2
5127 24 4 0
5128 22 8 0
2
39 39 
1
5129 22 8 0
2
40 40 
1
5448 10 16 0
2
38 40 
2
5448 4 16 0
5449 10 16 0
2
40 40 
1
5450 10 16 0
2
18 40 
2
5450 4 18 0
5451 10 16 0
2
40 40 
1
5452 10 16 0
2
38 40 
2
5452 4 16 0
5453 10 16 0
2
40 40 
1
5454 10 16 0
2
41 41 
1
5132 20 12 0
2
39 41 
2
5132 22 8 0
5133 20 12 0
2
41 41 
1
5134 20 12 0
2
19 41 
2
5134 20 8 0
5135 20 12 0
2
41 41 
1
5136 20 12 0
2
39 41 
2
5136 22 8 0
5137 20 12 0
2
41 41 
1
5138 20 12 0
2
42 42 
1
5451 16 16 0
2
40 42 
2
5455 10 16 0
5454 16 16 0
2
42 42 
1
5455 16 16 0
2
20 42 
2
5455 14 16 0
5456 16 16 0
2
42 42 
1
5457 16 16 0
2
40 42 
2
5457 10 16 0
5458 16 16 0
2
42 42 
1
5459 16 16 0
2
43 43 
1
5134 18 14 0
2
41 43 
2
5139 20 12 0
5138 18 14 0
2
43 43 
1
5139 18 14 0
2
21 43 
2
5139 20 14 0
5140 18 14 0
2
43 43 
1
5141 18 14 0
2
41 43 
2
5141 20 12 0
5142 18 14 0
2
43 43 
1
5143 18 14 0
2
42 100 
2
5460 16 16 0
5459 12 10 0
2
43 209 
2
5144 18 14 0
5143 2 18 0
2
42 101 
2
5461 16 16 0
5460 18 18 0
2
42 102 
2
5462 16 16 0
5461 14 8 0
2
42 103 
2
5463 16 16 0
5462 14 6 0
2
42 104 
2
5464 16 16 0
5463 22 26 0
2
42 105 
2
5465 16 16 0
5464 20 16 0
2
42 106 
2
5466 16 16 0
5465 24 20 0
2
42 107 
2
5467 16 16 0
5466 30 16 0
2
42 108 
2
5468 16 16 0
5467 28 10 0
2
42 109 
2
5469 16 16 0
5468 26 10 0
2
42 111 
2
5470 16 16 0
5469 18 6 0
2
42 112 
2
5471 16 16 0
5470 30 14 0
2
42 113 
2
5472 16 16 0
5471 22 4 0
2
42 114 
2
5473 16 16 0
5472 30 10 0
2
42 115 
2
5474 16 16 0
5473 2 10 0
2
42 116 
2
5475 16 16 0
5474 8 8 0
2
42 117 
2
5476 16 16 0
5475 12 8 0
2
42 118 
2
5477 16 16 0
5476 12 12 0
2
42 119 
2
5478 16 16 0
5477 22 18 0
2
42 120 
2
5479 16 16 0
5478 28 20 0
2
42 121 
2
5480 16 16 0
5479 8 14 0
2
40 42 
2
5480 10 16 0
5481 16 16 0
2
41 43 
2
5144 20 12 0
5145 18 14 0
2
42 100 
2
5482 16 16 0
5481 12 10 0
2
43 208 
2
5146 18 14 0
5145 32 16 0
2
42 101 
2
5483 16 16 0
5482 18 18 0
2
42 102 
2
5484 16 16 0
5483 14 8 0
2
42 103 
2
5485 16 16 0
5484 14 6 0
2
42 104 
2
5486 16 16 0
5485 22 26 0
2
42 105 
2
5487 16 16 0
5486 20 16 0
2
42 106 
2
5488 16 16 0
5487 24 20 0
2
42 107 
2
5489 16 16 0
5488 30 16 0
2
42 108 
2
5490 16 16 0
5489 28 10 0
2
42 109 
2
5491 16 16 0
5490 26 10 0
2
42 111 
2
5492 16 16 0
5491 18 6 0
2
42 112 
2
5493 16 16 0
5492 30 14 0
2
42 113 
2
5494 16 16 0
5493 22 4 0
2
42 114 
2
5495 16 16 0
5494 30 10 0
2
42 115 
2
5496 16 16 0
5495 2 10 0
2
42 116 
2
5497 16 16 0
5496 8 8 0
2
42 117 
2
5498 16 16 0
5497 12 8 0
2
42 118 
2
5499 16 16 0
5498 12 12 0
2
42 119 
2
5500 16 16 0
5499 22 18 0
2
42 120 
2
5501 16 16 0
5500 28 20 0
2
42 121 
2
5502 16 16 0
5501 8 14 0
2
20 40 
2
5480 14 16 0
5481 10 16 0
2
21 41 
2
5144 20 14 0
5145 20 12 0
2
38 40 
2
5481 4 16 0
5482 10 16 0
2
39 41 
2
5145 22 8 0
5146 20 12 0
2
42 42 
1
5503 16 16 0
2
40 42 
2
5503 10 16 0
5504 16 16 0
2
42 42 
1
5505 16 16 0
2
20 42 
2
5505 14 16 0
5506 16 16 0
2
42 42 
1
5507 16 16 0
2
40 42 
2
5507 10 16 0
5508 16 16 0
2
42 42 
1
5509 16 16 0
2
43 43 
1
5147 18 14 0
2
41 43 
2
5147 20 12 0
5148 18 14 0
2
43 43 
1
5149 18 14 0
2
21 43 
2
5149 20 14 0
5150 18 14 0
2
43 43 
1
5151 18 14 0
2
41 43 
2
5151 20 12 0
5152 18 14 0
2
43 43 
1
5153 18 14 0
2
42 101 
2
5510 16 16 0
5509 18 18 0
2
43 208 
2
5154 18 14 0
5153 32 16 0
2
42 102 
2
5511 16 16 0
5510 14 8 0
2
43 209 
2
5155 18 14 0
5154 2 18 0
2
42 103 
2
5512 16 16 0
5511 14 6 0
2
42 104 
2
5513 16 16 0
5512 22 26 0
2
42 105 
2
5514 16 16 0
5513 20 16 0
2
42 106 
2
5515 16 16 0
5514 24 20 0
2
42 107 
2
5516 16 16 0
5515 30 16 0
2
42 108 
2
5517 16 16 0
5516 28 10 0
2
42 109 
2
5518 16 16 0
5517 26 10 0
2
42 111 
2
5519 16 16 0
5518 18 6 0
2
42 112 
2
5520 16 16 0
5519 30 14 0
2
42 113 
2
5521 16 16 0
5520 22 4 0
2
42 114 
2
5522 16 16 0
5521 30 10 0
2
42 115 
2
5523 16 16 0
5522 2 10 0
2
42 116 
2
5524 16 16 0
5523 8 8 0
2
42 117 
2
5525 16 16 0
5524 12 8 0
2
42 118 
2
5526 16 16 0
5525 12 12 0
2
42 119 
2
5527 16 16 0
5526 22 18 0
2
42 120 
2
5528 16 16 0
5527 28 20 0
2
42 121 
2
5529 16 16 0
5528 8 14 0
2
42 122 
2
5530 16 16 0
5529 12 6 0
2
40 42 
2
5530 10 16 0
5531 16 16 0
2
41 43 
2
5155 20 12 0
5156 18 14 0
2
42 101 
2
5532 16 16 0
5531 18 18 0
2
43 211 
2
5157 18 14 0
5156 6 18 0
2
42 102 
2
5533 16 16 0
5532 14 8 0
2
42 103 
2
5534 16 16 0
5533 14 6 0
2
42 104 
2
5535 16 16 0
5534 22 26 0
2
42 105 
2
5536 16 16 0
5535 20 16 0
2
42 106 
2
5537 16 16 0
5536 24 20 0
2
42 107 
2
5538 16 16 0
5537 30 16 0
2
42 108 
2
5539 16 16 0
5538 28 10 0
2
42 109 
2
5540 16 16 0
5539 26 10 0
2
42 111 
2
5541 16 16 0
5540 18 6 0
2
42 112 
2
5542 16 16 0
5541 30 14 0
2
42 113 
2
5543 16 16 0
5542 22 4 0
2
42 114 
2
5544 16 16 0
5543 30 10 0
2
42 115 
2
5545 16 16 0
5544 2 10 0
2
42 116 
2
5546 16 16 0
5545 8 8 0
2
42 117 
2
5547 16 16 0
5546 12 8 0
2
42 118 
2
5548 16 16 0
5547 12 12 0
2
42 119 
2
5549 16 16 0
5548 22 18 0
2
42 120 
2
5550 16 16 0
5549 28 20 0
2
42 121 
2
5551 16 16 0
5550 8 14 0
2
42 122 
2
5552 16 16 0
5551 12 6 0
2
20 40 
2
5530 14 16 0
5531 10 16 0
2
21 41 
2
5155 20 14 0
5156 20 12 0
2
18 38 
2
5481 4 18 0
5482 4 16 0
2
19 39 
2
5145 20 8 0
5146 22 8 0
2
36 38 
2
5482 4 22 0
5483 4 16 0
2
37 39 
2
5146 24 4 0
5147 22 8 0
2
40 40 
1
5532 10 16 0
2
38 40 
2
5532 4 16 0
5533 10 16 0
2
40 40 
1
5534 10 16 0
2
18 40 
2
5534 4 18 0
5535 10 16 0
2
40 40 
1
5536 10 16 0
2
38 40 
2
5536 4 16 0
5537 10 16 0
2
40 40 
1
5538 10 16 0
2
41 41 
1
5157 20 12 0
2
39 41 
2
5157 22 8 0
5158 20 12 0
2
41 41 
1
5159 20 12 0
2
19 41 
2
5159 20 8 0
5160 20 12 0
2
41 41 
1
5161 20 12 0
2
39 41 
2
5161 22 8 0
5162 20 12 0
2
41 41 
1
5163 20 12 0
2
42 42 
1
5553 16 16 0
2
40 42 
2
5553 10 16 0
5554 16 16 0
2
42 42 
1
5555 16 16 0
2
20 42 
2
5555 14 16 0
5556 16 16 0
2
42 42 
1
5557 16 16 0
2
40 42 
2
5557 10 16 0
5558 16 16 0
2
42 42 
1
5559 16 16 0
2
43 43 
1
5158 18 14 0
2
41 43 
2
5164 20 12 0
5163 18 14 0
2
43 43 
1
5164 18 14 0
2
21 43 
2
5164 20 14 0
5165 18 14 0
2
43 43 
1
5166 18 14 0
2
41 43 
2
5166 20 12 0
5167 18 14 0
2
43 43 
1
5168 18 14 0
2
42 121 
2
5560 16 16 0
5559 8 14 0
2
43 210 
2
5169 18 14 0
5168 8 24 0
2
42 122 
2
5561 16 16 0
5560 12 6 0
2
42 123 
2
5562 16 16 0
5561 22 20 0
2
40 42 
2
5562 10 16 0
5563 16 16 0
2
41 43 
2
5169 20 12 0
5170 18 14 0
2
42 121 
2
5564 16 16 0
5563 8 14 0
2
43 210 
2
5171 18 14 0
5170 8 24 0
2
42 122 
2
5565 16 16 0
5564 12 6 0
2
43 211 
2
5172 18 14 0
5171 6 18 0
2
42 123 
2
5566 16 16 0
5565 22 20 0
2
20 40 
2
5562 14 16 0
5563 10 16 0
2
21 41 
2
5169 20 14 0
5170 20 12 0
2
38 40 
2
5563 4 16 0
5564 10 16 0
2
39 41 
2
5170 22 8 0
5171 20 12 0
2
42 42 
1
5567 16 16 0
2
40 42 
2
5567 10 16 0
5568 16 16 0
2
42 42 
1
5569 16 16 0
2
20 42 
2
5569 14 16 0
5570 16 16 0
2
42 42 
1
5571 16 16 0
2
40 42 
2
5571 10 16 0
5572 16 16 0
2
42 42 
1
5573 16 16 0
2
43 43 
1
5173 18 14 0
2
41 43 
2
5173 20 12 0
5174 18 14 0
2
43 43 
1
5175 18 14 0
2
21 43 
2
5175 20 14 0
5176 18 14 0
2
43 43 
1
5177 18 14 0
2
41 43 
2
5177 20 12 0
5178 18 14 0
2
43 43 
1
5179 18 14 0
2
42 122 
2
5574 16 16 0
5573 12 6 0
2
43 213 
2
5180 18 14 0
5179 16 32 0
2
42 123 
2
5575 16 16 0
5574 22 20 0
2
42 124 
2
5576 16 16 0
5575 20 26 0
2
40 42 
2
5576 10 16 0
5577 16 16 0
2
41 43 
2
5180 20 12 0
5181 18 14 0
2
42 122 
2
5578 16 16 0
5577 12 6 0
2
43 212 
2
5182 18 14 0
5181 16 24 0
2
42 123 
2
5579 16 16 0
5578 22 20 0
2
42 124 
2
5580 16 16 0
5579 20 26 0
2
20 40 
2
5576 14 16 0
5577 10 16 0
2
21 41 
2
5180 20 14 0
5181 20 12 0
2
18 38 
2
5563 4 18 0
5564 4 16 0
2
19 39 
2
5170 20 8 0
5171 22 8 0
2
16 36 
2
5482 4 24 0
5483 4 22 0
2
17 37 
2
5146 26 4 0
5147 24 4 0
2
34 36 
2
5483 2 24 0
5484 4 22 0
2
35 37 
2
5147 28 2 0
5148 24 4 0
2
38 38 
1
5565 4 16 0
2
36 38 
2
5565 4 22 0
5566 4 16 0
2
38 38 
1
5567 4 16 0
2
16 38 
2
5567 4 24 0
5568 4 16 0
2
38 38 
1
5569 4 16 0
2
36 38 
2
5569 4 22 0
5570 4 16 0
2
38 38 
1
5571 4 16 0
2
39 39 
1
5172 22 8 0
2
37 39 
2
5172 24 4 0
5173 22 8 0
2
39 39 
1
5174 22 8 0
2
17 39 
2
5174 26 4 0
5175 22 8 0
2
39 39 
1
5176 22 8 0
2
37 39 
2
5176 24 4 0
5177 22 8 0
2
39 39 
1
5178 22 8 0
2
40 40 
1
5578 10 16 0
2
38 40 
2
5578 4 16 0
5579 10 16 0
2
40 40 
1
5580 10 16 0
2
18 40 
2
5580 4 18 0
5581 10 16 0
2
40 40 
1
5582 10 16 0
2
38 40 
2
5582 4 16 0
5583 10 16 0
2
40 40 
1
5584 10 16 0
2
41 41 
1
5182 20 12 0
2
39 41 
2
5182 22 8 0
5183 20 12 0
2
41 41 
1
5184 20 12 0
2
19 41 
2
5184 20 8 0
5185 20 12 0
2
41 41 
1
5186 20 12 0
2
39 41 
2
5186 22 8 0
5187 20 12 0
2
41 41 
1
5188 20 12 0
2
42 42 
1
5581 16 16 0
2
40 42 
2
5585 10 16 0
5584 16 16 0
2
42 42 
1
5585 16 16 0
2
20 42 
2
5585 14 16 0
5586 16 16 0
2
42 42 
1
5587 16 16 0
2
40 42 
2
5587 10 16 0
5588 16 16 0
2
42 42 
1
5589 16 16 0
2
43 43 
1
5183 18 14 0
2
41 43 
2
5189 20 12 0
5188 18 14 0
2
43 43 
1
5189 18 14 0
2
21 43 
2
5189 20 14 0
5190 18 14 0
2
43 43 
1
5191 18 14 0
2
41 43 
2
5191 20 12 0
5192 18 14 0
2
43 43 
1
5193 18 14 0
2
42 121 
2
5590 16 16 0
5589 8 14 0
2
43 212 
2
5194 18 14 0
5193 16 24 0
2
42 122 
2
5591 16 16 0
5590 12 6 0
2
43 213 
2
5195 18 14 0
5194 16 32 0
2
42 123 
2
5592 16 16 0
5591 22 20 0
2
42 124 
2
5593 16 16 0
5592 20 26 0
2
42 125 
2
5594 16 16 0
5593 12 16 0
2
42 126 
2
5595 16 16 0
5594 16 10 0
2
42 128 
2
5596 16 16 0
5595 16 14 0
2
42 129 
2
5597 16 16 0
5596 28 12 0
2
42 130 
2
5598 16 16 0
5597 22 6 0
2
42 131 
2
5599 16 16 0
5598 28 14 0
2
42 149 
2
5600 16 16 0
5599 20 6 0
2
42 150 
2
5601 16 16 0
5600 24 8 0
2
42 151 
2
5602 16 16 0
5601 22 2 0
2
42 152 
2
5603 16 16 0
5602 22 30 0
2
42 153 
2
5604 16 16 0
5603 24 26 0
2
42 154 
2
5605 16 16 0
5604 28 18 0
2
42 155 
2
5606 16 16 0
5605 22 22 0
2
42 156 
2
5607 16 16 0
5606 26 18 0
2
42 157 
2
5608 16 16 0
5607 24 16 0
2
42 158 
2
5609 16 16 0
5608 4 14 0
2
42 159 
2
5610 16 16 0
5609 14 4 0
2
40 42 
2
5610 10 16 0
5611 16 16 0
2
41 43 
2
5195 20 12 0
5196 18 14 0
2
42 121 
2
5612 16 16 0
5611 8 14 0
2
43 215 
2
5197 18 14 0
5196 18 16 0
2
42 122 
2
5613 16 16 0
5612 12 6 0
2
42 123 
2
5614 16 16 0
5613 22 20 0
2
42 124 
2
5615 16 16 0
5614 20 26 0
2
42 125 
2
5616 16 16 0
5615 12 16 0
2
42 126 
2
5617 16 16 0
5616 16 10 0
2
42 128 
2
5618 16 16 0
5617 16 14 0
2
42 129 
2
5619 16 16 0
5618 28 12 0
2
42 130 
2
5620 16 16 0
5619 22 6 0
2
42 131 
2
5621 16 16 0
5620 28 14 0
2
42 149 
2
5622 16 16 0
5621 20 6 0
2
42 150 
2
5623 16 16 0
5622 24 8 0
2
42 151 
2
5624 16 16 0
5623 22 2 0
2
42 152 
2
5625 16 16 0
5624 22 30 0
2
42 153 
2
5626 16 16 0
5625 24 26 0
2
42 154 
2
5627 16 16 0
5626 28 18 0
2
42 155 
2
5628 16 16 0
5627 22 22 0
2
42 156 
2
5629 16 16 0
5628 26 18 0
2
42 157 
2
5630 16 16 0
5629 24 16 0
2
42 158 
2
5631 16 16 0
5630 4 14 0
2
42 159 
2
5632 16 16 0
5631 14 4 0
2
20 40 
2
5610 14 16 0
5611 10 16 0
2
21 41 
2
5195 20 14 0
5196 20 12 0
2
38 40 
2
5611 4 16 0
5612 10 16 0
2
39 41 
2
5196 22 8 0
5197 20 12 0
2
42 42 
1
5633 16 16 0
2
40 42 
2
5633 10 16 0
5634 16 16 0
2
42 42 
1
5635 16 16 0
2
20 42 
2
5635 14 16 0
5636 16 16 0
2
42 42 
1
5637 16 16 0
2
40 42 
2
5637 10 16 0
5638 16 16 0
2
42 42 
1
5639 16 16 0
2
43 43 
1
5198 18 14 0
2
41 43 
2
5198 20 12 0
5199 18 14 0
2
43 43 
1
5200 18 14 0
2
21 43 
2
5200 20 14 0
5201 18 14 0
2
43 43 
1
5202 18 14 0
2
41 43 
2
5202 20 12 0
5203 18 14 0
2
43 43 
1
5204 18 14 0
2
42 122 
2
5640 16 16 0
5639 12 6 0
2
43 214 
2
5205 18 14 0
5204 12 20 0
2
42 123 
2
5641 16 16 0
5640 22 20 0
2
42 124 
2
5642 16 16 0
5641 20 26 0
2
42 125 
2
5643 16 16 0
5642 12 16 0
2
42 126 
2
5644 16 16 0
5643 16 10 0
2
42 128 
2
5645 16 16 0
5644 16 14 0
2
42 129 
2
5646 16 16 0
5645 28 12 0
2
42 130 
2
5647 16 16 0
5646 22 6 0
2
42 131 
2
5648 16 16 0
5647 28 14 0
2
42 149 
2
5649 16 16 0
5648 20 6 0
2
42 150 
2
5650 16 16 0
5649 24 8 0
2
42 151 
2
5651 16 16 0
5650 22 2 0
2
42 152 
2
5652 16 16 0
5651 22 30 0
2
42 153 
2
5653 16 16 0
5652 24 26 0
2
42 154 
2
5654 16 16 0
5653 28 18 0
2
42 155 
2
5655 16 16 0
5654 22 22 0
2
42 156 
2
5656 16 16 0
5655 26 18 0
2
42 157 
2
5657 16 16 0
5656 24 16 0
2
42 158 
2
5658 16 16 0
5657 4 14 0
2
42 159 
2
5659 16 16 0
5658 14 4 0
2
42 160 
2
5660 16 16 0
5659 10 14 0
2
40 42 
2
5660 10 16 0
5661 16 16 0
2
41 43 
2
5205 20 12 0
5206 18 14 0
2
42 122 
2
5662 16 16 0
5661 12 6 0
2
43 214 
2
5207 18 14 0
5206 12 20 0
2
42 123 
2
5663 16 16 0
5662 22 20 0
2
43 215 
2
5208 18 14 0
5207 18 16 0
2
42 124 
2
5664 16 16 0
5663 20 26 0
2
42 125 
2
5665 16 16 0
5664 12 16 0
2
42 126 
2
5666 16 16 0
5665 16 10 0
2
42 128 
2
5667 16 16 0
5666 16 14 0
2
42 129 
2
5668 16 16 0
5667 28 12 0
2
42 130 
2
5669 16 16 0
5668 22 6 0
2
42 131 
2
5670 16 16 0
5669 28 14 0
2
42 149 
2
5671 16 16 0
5670 20 6 0
2
42 150 
2
5672 16 16 0
5671 24 8 0
2
42 151 
2
5673 16 16 0
5672 22 2 0
2
42 152 
2
5674 16 16 0
5673 22 30 0
2
42 153 
2
5675 16 16 0
5674 24 26 0
2
42 154 
2
5676 16 16 0
5675 28 18 0
2
42 155 
2
5677 16 16 0
5676 22 22 0
2
42 156 
2
5678 16 16 0
5677 26 18 0
2
42 157 
2
5679 16 16 0
5678 24 16 0
2
42 158 
2
5680 16 16 0
5679 4 14 0
2
42 159 
2
5681 16 16 0
5680 14 4 0
2
42 160 
2
5682 16 16 0
5681 10 14 0
2
20 40 
2
5660 14 16 0
5661 10 16 0
2
21 41 
2
5205 20 14 0
5206 20 12 0
2
18 38 
2
5611 4 18 0
5612 4 16 0
2
19 39 
2
5196 20 8 0
5197 22 8 0
2
36 38 
2
5612 4 22 0
5613 4 16 0
2
37 39 
2
5197 24 4 0
5198 22 8 0
2
40 40 
1
5662 10 16 0
2
38 40 
2
5662 4 16 0
5663 10 16 0
2
40 40 
1
5664 10 16 0
2
18 40 
2
5664 4 18 0
5665 10 16 0
2
40 40 
1
5666 10 16 0
2
38 40 
2
5666 4 16 0
5667 10 16 0
2
40 40 
1
5668 10 16 0
2
41 41 
1
5207 20 12 0
2
39 41 
2
5207 22 8 0
5208 20 12 0
2
41 41 
1
5209 20 12 0
2
19 41 
2
5209 20 8 0
5210 20 12 0
2
41 41 
1
5211 20 12 0
2
39 41 
2
5211 22 8 0
5212 20 12 0
2
41 41 
1
5213 20 12 0
2
42 42 
1
5683 16 16 0
2
40 42 
2
5683 10 16 0
5684 16 16 0
2
42 42 
1
5685 16 16 0
2
20 42 
2
5685 14 16 0
5686 16 16 0
2
42 42 
1
5687 16 16 0
2
40 42 
2
5687 10 16 0
5688 16 16 0
2
42 42 
1
5689 16 16 0
2
43 43 
1
5209 18 14 0
2
41 43 
2
5214 20 12 0
5213 18 14 0
2
43 43 
1
5214 18 14 0
2
21 43 
2
5214 20 14 0
5215 18 14 0
2
43 43 
1
5216 18 14 0
2
41 43 
2
5216 20 12 0
5217 18 14 0
2
43 43 
1
5218 18 14 0
2
42 159 
2
5690 16 16 0
5689 14 4 0
2
43 217 
2
5219 18 14 0
5218 14 26 0
2
42 160 
2
5691 16 16 0
5690 10 14 0
2
42 161 
2
5692 16 16 0
5691 14 2 0
2
40 42 
2
5692 10 16 0
5693 16 16 0
2
41 43 
2
5219 20 12 0
5220 18 14 0
2
42 159 
2
5694 16 16 0
5693 14 4 0
2
43 216 
2
5221 18 14 0
5220 8 20 0
2
42 160 
2
5695 16 16 0
5694 10 14 0
2
42 161 
2
5696 16 16 0
5695 14 2 0
2
20 40 
2
5692 14 16 0
5693 10 16 0
2
21 41 
2
5219 20 14 0
5220 20 12 0
2
38 40 
2
5693 4 16 0
5694 10 16 0
2
39 41 
2
5220 22 8 0
5221 20 12 0
2
42 42 
1
5697 16 16 0
2
40 42 
2
5697 10 16 0
5698 16 16 0
2
42 42 
1
5699 16 16 0
2
20 42 
2
5699 14 16 0
5700 16 16 0
2
42 42 
1
5701 16 16 0
2
40 42 
2
5701 10 16 0
5702 16 16 0
2
42 42 
1
5703 16 16 0
2
43 43 
1
5222 18 14 0
2
41 43 
2
5222 20 12 0
5223 18 14 0
2
43 43 
1
5224 18 14 0
2
21 43 
2
5224 20 14 0
5225 18 14 0
2
43 43 
1
5226 18 14 0
2
41 43 
2
5226 20 12 0
5227 18 14 0
2
43 43 
1
5228 18 14 0
2
42 160 
2
5704 16 16 0
5703 10 14 0
2
43 216 
2
5229 18 14 0
5228 8 20 0
2
42 161 
2
5705 16 16 0
5704 14 2 0
2
43 217 
2
5230 18 14 0
5229 14 26 0
2
42 162 
2
5706 16 16 0
5705 30 18 0
2
40 42 
2
5706 10 16 0
5707 16 16 0
2
41 43 
2
5230 20 12 0
5231 18 14 0
2
42 160 
2
5708 16 16 0
5707 10 14 0
2
43 219 
2
5232 18 14 0
5231 24 24 0
2
42 161 
2
5709 16 16 0
5708 14 2 0
2
42 162 
2
5710 16 16 0
5709 30 18 0
2
20 40 
2
5706 14 16 0
5707 10 16 0
2
21 41 
2
5230 20 14 0
5231 20 12 0
2
18 38 
2
5693 4 18 0
5694 4 16 0
2
19 39 
2
5220 20 8 0
5221 22 8 0
2
16 36 
2
5612 4 24 0
5613 4 22 0
2
17 37 
2
5197 26 4 0
5198 24 4 0
2
14 34 
2
5483 4 26 0
5484 2 24 0
2
15 35 
2
5147 26 2 0
5148 28 2 0
2
32 34 
2
5484 2 28 0
5485 2 24 0
2
33 35 
2
5148 32 2 0
5149 28 2 0
2
36 36 
1
5614 4 22 0
2
34 36 
2
5614 2 24 0
5615 4 22 0
2
36 36 
1
5616 4 22 0
2
14 36 
2
5616 4 26 0
5617 4 22 0
2
36 36 
1
5618 4 22 0
2
34 36 
2
5618 2 24 0
5619 4 22 0
2
36 36 
1
5620 4 22 0
2
37 37 
1
5199 24 4 0
2
35 37 
2
5199 28 2 0
5200 24 4 0
2
37 37 
1
5201 24 4 0
2
15 37 
2
5201 26 2 0
5202 24 4 0
2
37 37 
1
5203 24 4 0
2
35 37 
2
5203 28 2 0
5204 24 4 0
2
37 37 
1
5205 24 4 0
2
38 38 
1
5695 4 16 0
2
36 38 
2
5695 4 22 0
5696 4 16 0
2
38 38 
1
5697 4 16 0
2
16 38 
2
5697 4 24 0
5698 4 16 0
2
38 38 
1
5699 4 16 0
2
36 38 
2
5699 4 22 0
5700 4 16 0
2
38 38 
1
5701 4 16 0
2
39 39 
1
5222 22 8 0
2
37 39 
2
5222 24 4 0
5223 22 8 0
2
39 39 
1
5224 22 8 0
2
17 39 
2
5224 26 4 0
5225 22 8 0
2
39 39 
1
5226 22 8 0
2
37 39 
2
5226 24 4 0
5227 22 8 0
2
39 39 
1
5228 22 8 0
2
40 40 
1
5708 10 16 0
2
38 40 
2
5708 4 16 0
5709 10 16 0
2
40 40 
1
5710 10 16 0
2
18 40 
2
5710 4 18 0
5711 10 16 0
2
40 40 
1
5712 10 16 0
2
38 40 
2
5712 4 16 0
5713 10 16 0
2
40 40 
1
5714 10 16 0
2
41 41 
1
5232 20 12 0
2
39 41 
2
5232 22 8 0
5233 20 12 0
2
41 41 
1
5234 20 12 0
2
19 41 
2
5234 20 8 0
5235 20 12 0
2
41 41 
1
5236 20 12 0
2
39 41 
2
5236 22 8 0
5237 20 12 0
2
41 41 
1
5238 20 12 0
2
42 42 
1
5711 16 16 0
2
40 42 
2
5715 10 16 0
5714 16 16 0
2
42 42 
1
5715 16 16 0
2
20 42 
2
5715 14 16 0
5716 16 16 0
2
42 42 
1
5717 16 16 0
2
40 42 
2
5717 10 16 0
5718 16 16 0
2
42 42 
1
5719 16 16 0
2
43 43 
1
5233 18 14 0
2
41 43 
2
5239 20 12 0
5238 18 14 0
2
43 43 
1
5239 18 14 0
2
21 43 
2
5239 20 14 0
5240 18 14 0
2
43 43 
1
5241 18 14 0
2
41 43 
2
5241 20 12 0
5242 18 14 0
2
43 43 
1
5243 18 14 0
2
42 159 
2
5720 16 16 0
5719 14 4 0
2
43 218 
2
5244 18 14 0
5243 10 24 0
2
42 160 
2
5721 16 16 0
5720 10 14 0
2
42 161 
2
5722 16 16 0
5721 14 2 0
2
42 162 
2
5723 16 16 0
5722 30 18 0
2
42 163 
2
5724 16 16 0
5723 24 22 0
2
42 164 
2
5725 16 16 0
5724 26 20 0
2
42 166 
2
5726 16 16 0
5725 20 22 0
2
42 167 
2
5727 16 16 0
5726 22 12 0
2
42 168 
2
5728 16 16 0
5727 24 10 0
2
42 169 
2
5729 16 16 0
5728 18 2 0
2
42 170 
2
5730 16 16 0
5729 26 14 0
2
42 171 
2
5731 16 16 0
5730 20 4 0
2
42 172 
2
5732 16 16 0
5731 26 8 0
2
42 173 
2
5733 16 16 0
5732 26 6 0
2
42 174 
2
5734 16 16 0
5733 20 32 0
2
42 175 
2
5735 16 16 0
5734 6 8 0
2
42 176 
2
5736 16 16 0
5735 20 30 0
2
42 177 
2
5737 16 16 0
5736 8 4 0
2
42 178 
2
5738 16 16 0
5737 10 2 0
2
42 179 
2
5739 16 16 0
5738 30 22 0
2
42 180 
2
5740 16 16 0
5739 26 26 0
2
40 42 
2
5740 10 16 0
5741 16 16 0
2
41 43 
2
5244 20 12 0
5245 18 14 0
2
42 159 
2
5742 16 16 0
5741 14 4 0
2
43 218 
2
5246 18 14 0
5245 10 24 0
2
42 160 
2
5743 16 16 0
5742 10 14 0
2
43 219 
2
5247 18 14 0
5246 24 24 0
2
42 161 
2
5744 16 16 0
5743 14 2 0
2
42 162 
2
5745 16 16 0
5744 30 18 0
2
42 163 
2
5746 16 16 0
5745 24 22 0
2
42 164 
2
5747 16 16 0
5746 26 20 0
2
42 166 
2
5748 16 16 0
5747 20 22 0
2
42 167 
2
5749 16 16 0
5748 22 12 0
2
42 168 
2
5750 16 16 0
5749 24 10 0
2
42 169 
2
5751 16 16 0
5750 18 2 0
2
42 170 
2
5752 16 16 0
5751 26 14 0
2
42 171 
2
5753 16 16 0
5752 20 4 0
2
42 172 
2
5754 16 16 0
5753 26 8 0
2
42 173 
2
5755 16 16 0
5754 26 6 0
2
42 174 
2
5756 16 16 0
5755 20 32 0
2
42 175 
2
5757 16 16 0
5756 6 8 0
2
42 176 
2
5758 16 16 0
5757 20 30 0
2
42 177 
2
5759 16 16 0
5758 8 4 0
2
42 178 
2
5760 16 16 0
5759 10 2 0
2
42 179 
2
5761 16 16 0
5760 30 22 0
2
42 180 
2
5762 16 16 0
5761 26 26 0
2
20 40 
2
5740 14 16 0
5741 10 16 0
2
21 41 
2
5244 20 14 0
5245 20 12 0
2
38 40 
2
5741 4 16 0
5742 10 16 0
2
39 41 
2
5245 22 8 0
5246 20 12 0
2
42 42 
1
5763 16 16 0
2
40 42 
2
5763 10 16 0
5764 16 16 0
2
42 42 
1
5765 16 16 0
2
20 42 
2
5765 14 16 0
5766 16 16 0
2
42 42 
1
5767 16 16 0
2
40 42 
2
5767 10 16 0
5768 16 16 0
2
42 42 
1
5769 16 16 0
2
43 43 
1
5248 18 14 0
2
41 43 
2
5248 20 12 0
5249 18 14 0
2
43 43 
1
5250 18 14 0
2
21 43 
2
5250 20 14 0
5251 18 14 0
2
43 43 
1
5252 18 14 0
2
41 43 
2
5252 20 12 0
5253 18 14 0
2
43 43 
1
5254 18 14 0
2
42 160 
2
5770 16 16 0
5769 10 14 0
2
43 221 
2
5255 18 14 0
5254 6 22 0
2
42 161 
2
5771 16 16 0
5770 14 2 0
2
42 162 
2
5772 16 16 0
5771 30 18 0
2
42 163 
2
5773 16 16 0
5772 24 22 0
2
42 164 
2
5774 16 16 0
5773 26 20 0
2
42 166 
2
5775 16 16 0
5774 20 22 0
2
42 167 
2
5776 16 16 0
5775 22 12 0
2
42 168 
2
5777 16 16 0
5776 24 10 0
2
42 169 
2
5778 16 16 0
5777 18 2 0
2
42 170 
2
5779 16 16 0
5778 26 14 0
2
42 171 
2
5780 16 16 0
5779 20 4 0
2
42 172 
2
5781 16 16 0
5780 26 8 0
2
42 173 
2
5782 16 16 0
5781 26 6 0
2
42 174 
2
5783 16 16 0
5782 20 32 0
2
42 175 
2
5784 16 16 0
5783 6 8 0
2
42 176 
2
5785 16 16 0
5784 20 30 0
2
42 177 
2
5786 16 16 0
5785 8 4 0
2
42 178 
2
5787 16 16 0
5786 10 2 0
2
42 179 
2
5788 16 16 0
5787 30 22 0
2
42 180 
2
5789 16 16 0
5788 26 26 0
2
42 181 
2
5790 16 16 0
5789 32 20 0
2
40 42 
2
5790 10 16 0
5791 16 16 0
2
41 43 
2
5255 20 12 0
5256 18 14 0
2
42 160 
2
5792 16 16 0
5791 10 14 0
2
43 220 
2
5257 18 14 0
5256 12 24 0
2
42 161 
2
5793 16 16 0
5792 14 2 0
2
42 162 
2
5794 16 16 0
5793 30 18 0
2
42 163 
2
5795 16 16 0
5794 24 22 0
2
42 164 
2
5796 16 16 0
5795 26 20 0
2
42 166 
2
5797 16 16 0
5796 20 22 0
2
42 167 
2
5798 16 16 0
5797 22 12 0
2
42 168 
2
5799 16 16 0
5798 24 10 0
2
42 169 
2
5800 16 16 0
5799 18 2 0
2
42 170 
2
5801 16 16 0
5800 26 14 0
2
42 171 
2
5802 16 16 0
5801 20 4 0
2
42 172 
2
5803 16 16 0
5802 26 8 0
2
42 173 
2
5804 16 16 0
5803 26 6 0
2
42 174 
2
5805 16 16 0
5804 20 32 0
2
42 175 
2
5806 16 16 0
5805 6 8 0
2
42 176 
2
5807 16 16 0
5806 20 30 0
2
42 177 
2
5808 16 16 0
5807 8 4 0
2
42 178 
2
5809 16 16 0
5808 10 2 0
2
42 179 
2
5810 16 16 0
5809 30 22 0
2
42 180 
2
5811 16 16 0
5810 26 26 0
2
42 181 
2
5812 16 16 0
5811 32 20 0
2
20 40 
2
5790 14 16 0
5791 10 16 0
2
21 41 
2
5255 20 14 0
5256 20 12 0
2
18 38 
2
5741 4 18 0
5742 4 16 0
2
19 39 
2
5245 20 8 0
5246 22 8 0
2
36 38 
2
5742 4 22 0
5743 4 16 0
2
37 39 
2
5246 24 4 0
5247 22 8 0
2
40 40 
1
5792 10 16 0
2
38 40 
2
5792 4 16 0
5793 10 16 0
2
40 40 
1
5794 10 16 0
2
18 40 
2
5794 4 18 0
5795 10 16 0
2
40 40 
1
5796 10 16 0
2
38 40 
2
5796 4 16 0
5797 10 16 0
2
40 40 
1
5798 10 16 0
2
41 41 
1
5257 20 12 0
2
39 41 
2
5257 22 8 0
5258 20 12 0
2
41 41 
1
5259 20 12 0
2
19 41 
2
5259 20 8 0
5260 20 12 0
2
41 41 
1
5261 20 12 0
2
39 41 
2
5261 22 8 0
5262 20 12 0
2
41 41 
1
5263 20 12 0
2
42 42 
1
5813 16 16 0
2
40 42 
2
5813 10 16 0
5814 16 16 0
2
42 42 
1
5815 16 16 0
2
20 42 
2
5815 14 16 0
5816 16 16 0
2
42 42 
1
5817 16 16 0
2
40 42 
2
5817 10 16 0
5818 16 16 0
2
42 42 
1
5819 16 16 0
2
43 43 
1
5258 18 14 0
2
41 43 
2
5264 20 12 0
5263 18 14 0
2
43 43 
1
5264 18 14 0
2
21 43 
2
5264 20 14 0
5265 18 14 0
2
43 43 
1
5266 18 14 0
2
41 43 
2
5266 20 12 0
5267 18 14 0
2
43 43 
1
5268 18 14 0
2
42 180 
2
5820 16 16 0
5819 26 26 0
2
43 220 
2
5269 18 14 0
5268 12 24 0
2
42 181 
2
5821 16 16 0
5820 32 20 0
2
43 221 
2
5270 18 14 0
5269 6 22 0
2
42 182 
2
5822 16 16 0
5821 32 10 0
2
40 42 
2
5822 10 16 0
5823 16 16 0
2
41 43 
2
5270 20 12 0
5271 18 14 0
2
42 180 
2
5824 16 16 0
5823 26 26 0
2
43 223 
2
5272 18 14 0
5271 14 12 0
2
42 181 
2
5825 16 16 0
5824 32 20 0
2
42 182 
2
5826 16 16 0
5825 32 10 0
2
20 40 
2
5822 14 16 0
5823 10 16 0
2
21 41 
2
5270 20 14 0
5271 20 12 0
2
38 40 
2
5823 4 16 0
5824 10 16 0
2
39 41 
2
5271 22 8 0
5272 20 12 0
2
42 42 
1
5827 16 16 0
2
40 42 
2
5827 10 16 0
5828 16 16 0
2
42 42 
1
5829 16 16 0
2
20 42 
2
5829 14 16 0
5830 16 16 0
2
42 42 
1
5831 16 16 0
2
40 42 
2
5831 10 16 0
5832 16 16 0
2
42 42 
1
5833 16 16 0
2
43 43 
1
5273 18 14 0
2
41 43 
2
5273 20 12 0
5274 18 14 0
2
43 43 
1
5275 18 14 0
2
21 43 
2
5275 20 14 0
5276 18 14 0
2
43 43 
1
5277 18 14 0
2
41 43 
2
5277 20 12 0
5278 18 14 0
2
43 43 
1
5279 18 14 0
2
42 181 
2
5834 16 16 0
5833 32 20 0
2
43 222 
2
5280 18 14 0
5279 6 14 0
2
42 182 
2
5835 16 16 0
5834 32 10 0
2
42 183 
2
5836 16 16 0
5835 2 8 0
2
40 42 
2
5836 10 16 0
5837 16 16 0
2
41 43 
2
5280 20 12 0
5281 18 14 0
2
42 181 
2
5838 16 16 0
5837 32 20 0
2
43 222 
2
5282 18 14 0
5281 6 14 0
2
42 182 
2
5839 16 16 0
5838 32 10 0
2
43 223 
2
5283 18 14 0
5282 14 12 0
2
42 183 
2
5840 16 16 0
5839 2 8 0
2
20 40 
2
5836 14 16 0
5837 10 16 0
2
21 41 
2
5280 20 14 0
5281 20 12 0
2
18 38 
2
5823 4 18 0
5824 4 16 0
2
19 39 
2
5271 20 8 0
5272 22 8 0
2
16 36 
2
5742 4 24 0
5743 4 22 0
2
17 37 
2
5246 26 4 0
5247 24 4 0
2
34 36 
2
5743 2 24 0
5744 4 22 0
2
35 37 
2
5247 28 2 0
5248 24 4 0
2
38 38 
1
5825 4 16 0
2
36 38 
2
5825 4 22 0
5826 4 16 0
2
38 38 
1
5827 4 16 0
2
16 38 
2
5827 4 24 0
5828 4 16 0
2
38 38 
1
5829 4 16 0
2
36 38 
2
5829 4 22 0
5830 4 16 0
2
38 38 
1
5831 4 16 0
2
39 39 
1
5273 22 8 0
2
37 39 
2
5273 24 4 0
5274 22 8 0
2
39 39 
1
5275 22 8 0
2
17 39 
2
5275 26 4 0
5276 22 8 0
2
39 39 
1
5277 22 8 0
2
37 39 
2
5277 24 4 0
5278 22 8 0
2
39 39 
1
5279 22 8 0
2
40 40 
1
5838 10 16 0
2
38 40 
2
5838 4 16 0
5839 10 16 0
2
40 40 
1
5840 10 16 0
2
18 40 
2
5840 4 18 0
5841 10 16 0
2
40 40 
1
5842 10 16 0
2
38 40 
2
5842 4 16 0
5843 10 16 0
2
40 40 
1
5844 10 16 0
2
41 41 
1
5282 20 12 0
2
39 41 
2
5282 22 8 0
5283 20 12 0
2
41 41 
1
5284 20 12 0
2
19 41 
2
5284 20 8 0
5285 20 12 0
2
41 41 
1
5286 20 12 0
2
39 41 
2
5286 22 8 0
5287 20 12 0
2
41 41 
1
5288 20 12 0
2
42 42 
1
5841 16 16 0
2
40 42 
2
5845 10 16 0
5844 16 16 0
2
42 42 
1
5845 16 16 0
2
20 42 
2
5845 14 16 0
5846 16 16 0
2
42 42 
1
5847 16 16 0
2
40 42 
2
5847 10 16 0
5848 16 16 0
2
42 42 
1
5849 16 16 0
2
43 43 
1
5284 18 14 0
2
41 43 
2
5289 20 12 0
5288 18 14 0
2
43 43 
1
5289 18 14 0
2
21 43 
2
5289 20 14 0
5290 18 14 0
2
43 43 
1
5291 18 14 0
2
41 43 
2
5291 20 12 0
5292 18 14 0
2
43 43 
1
5293 18 14 0
2
42 73 
2
5850 16 16 0
5849 2 22 0
2
43 225 
2
5294 18 14 0
5293 20 18 0
2
42 74 
2
5851 16 16 0
5850 8 26 0
2
42 75 
2
5852 16 16 0
5851 10 30 0
2
40 42 
2
5852 10 16 0
5853 16 16 0
2
41 43 
2
5294 20 12 0
5295 18 14 0
2
42 73 
2
5854 16 16 0
5853 2 22 0
2
43 224 
2
5296 18 14 0
5295 24 12 0
2
42 74 
2
5855 16 16 0
5854 8 26 0
2
42 75 
2
5856 16 16 0
5855 10 30 0
2
20 40 
2
5852 14 16 0
5853 10 16 0
2
21 41 
2
5294 20 14 0
5295 20 12 0
2
38 40 
2
5853 4 16 0
5854 10 16 0
2
39 41 
2
5295 22 8 0
5296 20 12 0
2
42 42 
1
5857 16 16 0
2
40 42 
2
5857 10 16 0
5858 16 16 0
2
42 42 
1
5859 16 16 0
2
20 42 
2
5859 14 16 0
5860 16 16 0
2
42 42 
1
5861 16 16 0
2
40 42 
2
5861 10 16 0
5862 16 16 0
2
42 42 
1
5863 16 16 0
2
43 43 
1
5297 18 14 0
2
41 43 
2
5297 20 12 0
5298 18 14 0
2
43 43 
1
5299 18 14 0
2
21 43 
2
5299 20 14 0
5300 18 14 0
2
43 43 
1
5301 18 14 0
2
41 43 
2
5301 20 12 0
5302 18 14 0
2
43 43 
1
5303 18 14 0
2
42 74 
2
5864 16 16 0
5863 8 26 0
2
43 224 
2
5304 18 14 0
5303 24 12 0
2
42 75 
2
5865 16 16 0
5864 10 30 0
2
43 225 
2
5305 18 14 0
5304 20 18 0
2
42 76 
2
5866 16 16 0
5865 6 24 0
2
40 42 
2
5866 10 16 0
5867 16 16 0
2
41 43 
2
5305 20 12 0
5306 18 14 0
2
42 74 
2
5868 16 16 0
5867 8 26 0
2
43 227 
2
5307 18 14 0
5306 2 12 0
2
42 75 
2
5869 16 16 0
5868 10 30 0
2
42 76 
2
5870 16 16 0
5869 6 24 0
2
20 40 
2
5866 14 16 0
5867 10 16 0
2
21 41 
2
5305 20 14 0
5306 20 12 0
2
18 38 
2
5853 4 18 0
5854 4 16 0
2
19 39 
2
5295 20 8 0
5296 22 8 0
2
36 38 
2
5854 4 22 0
5855 4 16 0
2
37 39 
2
5296 24 4 0
5297 22 8 0
2
40 40 
1
5868 10 16 0
2
38 40 
2
5868 4 16 0
5869 10 16 0
2
40 40 
1
5870 10 16 0
2
18 40 
2
5870 4 18 0
5871 10 16 0
2
40 40 
1
5872 10 16 0
2
38 40 
2
5872 4 16 0
5873 10 16 0
2
40 40 
1
5874 10 16 0
2
41 41 
1
5307 20 12 0
2
39 41 
2
5307 22 8 0
5308 20 12 0
2
41 41 
1
5309 20 12 0
2
19 41 
2
5309 20 8 0
5310 20 12 0
2
41 41 
1
5311 20 12 0
2
39 41 
2
5311 22 8 0
5312 20 12 0
2
41 41 
1
5313 20 12 0
2
42 42 
1
5871 16 16 0
2
40 42 
2
5875 10 16 0
5874 16 16 0
2
42 42 
1
5875 16 16 0
2
20 42 
2
5875 14 16 0
5876 16 16 0
2
42 42 
1
5877 16 16 0
2
40 42 
2
5877 10 16 0
5878 16 16 0
2
42 42 
1
5879 16 16 0
2
43 43 
1
5308 18 14 0
2
41 43 
2
5314 20 12 0
5313 18 14 0
2
43 43 
1
5314 18 14 0
2
21 43 
2
5314 20 14 0
5315 18 14 0
2
43 43 
1
5316 18 14 0
2
41 43 
2
5316 20 12 0
5317 18 14 0
2
43 43 
1
5318 18 14 0
2
42 73 
2
5880 16 16 0
5879 2 22 0
2
43 226 
2
5319 18 14 0
5318 18 32 0
2
42 74 
2
5881 16 16 0
5880 8 26 0
2
42 75 
2
5882 16 16 0
5881 10 30 0
2
42 76 
2
5883 16 16 0
5882 6 24 0
2
42 77 
2
5884 16 16 0
5883 14 32 0
2
42 78 
2
5885 16 16 0
5884 10 28 0
2
42 79 
2
5886 16 16 0
5885 2 20 0
2
42 80 
2
5887 16 16 0
5886 24 28 0
2
42 81 
2
5888 16 16 0
5887 6 6 0
2
42 82 
2
5889 16 16 0
5888 28 22 0
2
42 83 
2
5890 16 16 0
5889 10 4 0
2
42 84 
2
5891 16 16 0
5890 28 24 0
2
42 85 
2
5892 16 16 0
5891 30 20 0
2
42 88 
2
5893 16 16 0
5892 12 4 0
2
42 110 
2
5894 16 16 0
5893 6 20 0
2
42 127 
2
5895 16 16 0
5894 12 18 0
2
42 132 
2
5896 16 16 0
5895 8 16 0
2
42 133 
2
5897 16 16 0
5896 10 12 0
2
42 134 
2
5898 16 16 0
5897 16 30 0
2
42 135 
2
5899 16 16 0
5898 10 26 0
2
42 136 
2
5900 16 16 0
5899 16 26 0
2
40 42 
2
5900 10 16 0
5901 16 16 0
2
41 43 
2
5319 20 12 0
5320 18 14 0
2
42 73 
2
5902 16 16 0
5901 2 22 0
2
43 226 
2
5321 18 14 0
5320 18 32 0
2
42 74 
2
5903 16 16 0
5902 8 26 0
2
43 227 
2
5322 18 14 0
5321 2 12 0
2
42 75 
2
5904 16 16 0
5903 10 30 0
2
42 76 
2
5905 16 16 0
5904 6 24 0
2
42 77 
2
5906 16 16 0
5905 14 32 0
2
42 78 
2
5907 16 16 0
5906 10 28 0
2
42 79 
2
5908 16 16 0
5907 2 20 0
2
42 80 
2
5909 16 16 0
5908 24 28 0
2
42 81 
2
5910 16 16 0
5909 6 6 0
2
42 82 
2
5911 16 16 0
5910 28 22 0
2
42 83 
2
5912 16 16 0
5911 10 4 0
2
42 84 
2
5913 16 16 0
5912 28 24 0
2
42 85 
2
5914 16 16 0
5913 30 20 0
2
42 88 
2
5915 16 16 0
5914 12 4 0
2
42 110 
2
5916 16 16 0
5915 6 20 0
2
42 127 
2
5917 16 16 0
5916 12 18 0
2
42 132 
2
5918 16 16 0
5917 8 16 0
2
42 133 
2
5919 16 16 0
5918 10 12 0
2
42 134 
2
5920 16 16 0
5919 16 30 0
2
42 135 
2
5921 16 16 0
5920 10 26 0
2
42 136 
2
5922 16 16 0
5921 16 26 0
2
20 40 
2
5900 14 16 0
5901 10 16 0
2
21 41 
2
5319 20 14 0
5320 20 12 0
2
38 40 
2
5901 4 16 0
5902 10 16 0
2
39 41 
2
5320 22 8 0
5321 20 12 0
2
42 42 
1
5923 16 16 0
2
40 42 
2
5923 10 16 0
5924 16 16 0
2
42 42 
1
5925 16 16 0
2
20 42 
2
5925 14 16 0
5926 16 16 0
2
42 42 
1
5927 16 16 0
2
40 42 
2
5927 10 16 0
5928 16 16 0
2
42 42 
1
5929 16 16 0
2
43 43 
1
5323 18 14 0
2
41 43 
2
5323 20 12 0
5324 18 14 0
2
43 43 
1
5325 18 14 0
2
21 43 
2
5325 20 14 0
5326 18 14 0
2
43 43 
1
5327 18 14 0
2
41 43 
2
5327 20 12 0
5328 18 14 0
2
43 43 
1
5329 18 14 0
2
42 74 
2
5930 16 16 0
5929 8 26 0
2
43 229 
2
5330 18 14 0
5329 2 16 0
2
42 75 
2
5931 16 16 0
5930 10 30 0
2
42 76 
2
5932 16 16 0
5931 6 24 0
2
42 77 
2
5933 16 16 0
5932 14 32 0
2
42 78 
2
5934 16 16 0
5933 10 28 0
2
42 79 
2
5935 16 16 0
5934 2 20 0
2
42 80 
2
5936 16 16 0
5935 24 28 0
2
42 81 
2
5937 16 16 0
5936 6 6 0
2
42 82 
2
5938 16 16 0
5937 28 22 0
2
42 83 
2
5939 16 16 0
5938 10 4 0
2
42 84 
2
5940 16 16 0
5939 28 24 0
2
42 85 
2
5941 16 16 0
5940 30 20 0
2
42 88 
2
5942 16 16 0
5941 12 4 0
2
42 110 
2
5943 16 16 0
5942 6 20 0
2
42 127 
2
5944 16 16 0
5943 12 18 0
2
42 132 
2
5945 16 16 0
5944 8 16 0
2
42 133 
2
5946 16 16 0
5945 10 12 0
2
42 134 
2
5947 16 16 0
5946 16 30 0
2
42 135 
2
5948 16 16 0
5947 10 26 0
2
42 136 
2
5949 16 16 0
5948 16 26 0
2
42 137 
2
5950 16 16 0
5949 16 28 0
2
40 42 
2
5950 10 16 0
5951 16 16 0
2
41 43 
2
5330 20 12 0
5331 18 14 0
2
42 74 
2
5952 16 16 0
5951 8 26 0
2
43 228 
2
5332 18 14 0
5331 12 2 0
2
42 75 
2
5953 16 16 0
5952 10 30 0
2
42 76 
2
5954 16 16 0
5953 6 24 0
2
42 77 
2
5955 16 16 0
5954 14 32 0
2
42 78 
2
5956 16 16 0
5955 10 28 0
2
42 79 
2
5957 16 16 0
5956 2 20 0
2
42 80 
2
5958 16 16 0
5957 24 28 0
2
42 81 
2
5959 16 16 0
5958 6 6 0
2
42 82 
2
5960 16 16 0
5959 28 22 0
2
42 83 
2
5961 16 16 0
5960 10 4 0
2
42 84 
2
5962 16 16 0
5961 28 24 0
2
42 85 
2
5963 16 16 0
5962 30 20 0
2
42 88 
2
5964 16 16 0
5963 12 4 0
2
42 110 
2
5965 16 16 0
5964 6 20 0
2
42 127 
2
5966 16 16 0
5965 12 18 0
2
42 132 
2
5967 16 16 0
5966 8 16 0
2
42 133 
2
5968 16 16 0
5967 10 12 0
2
42 134 
2
5969 16 16 0
5968 16 30 0
2
42 135 
2
5970 16 16 0
5969 10 26 0
2
42 136 
2
5971 16 16 0
5970 16 26 0
2
42 137 
2
5972 16 16 0
5971 16 28 0
2
20 40 
2
5950 14 16 0
5951 10 16 0
2
21 41 
2
5330 20 14 0
5331 20 12 0
2
18 38 
2
5901 4 18 0
5902 4 16 0
2
19 39 
2
5320 20 8 0
5321 22 8 0
2
16 36 
2
5854 4 24 0
5855 4 22 0
2
17 37 
2
5296 26 4 0
5297 24 4 0
2
14 34 
2
5743 4 26 0
5744 2 24 0
2
15 35 
2
5247 26 2 0
5248 28 2 0
2
12 32 
2
5484 2 26 0
5485 2 28 0
2
13 33 
2
5148 30 2 0
5149 32 2 0
2
30 32 
2
5485 4 28 0
5486 2 28 0
2
31 33 
2
5149 32 6 0
5150 32 2 0
2
34 34 
1
5745 2 24 0
2
32 34 
2
5745 2 28 0
5746 2 24 0
2
34 34 
1
5747 2 24 0
2
12 34 
2
5747 2 26 0
5748 2 24 0
2
34 34 
1
5749 2 24 0
2
32 34 
2
5749 2 28 0
5750 2 24 0
2
34 34 
1
5751 2 24 0
2
35 35 
1
5249 28 2 0
2
33 35 
2
5249 32 2 0
5250 28 2 0
2
35 35 
1
5251 28 2 0
2
13 35 
2
5251 30 2 0
5252 28 2 0
2
35 35 
1
5253 28 2 0
2
33 35 
2
5253 32 2 0
5254 28 2 0
2
35 35 
1
5255 28 2 0
2
36 36 
1
5856 4 22 0
2
34 36 
2
5856 2 24 0
5857 4 22 0
2
36 36 
1
5858 4 22 0
2
14 36 
2
5858 4 26 0
5859 4 22 0
2
36 36 
1
5860 4 22 0
2
34 36 
2
5860 2 24 0
5861 4 22 0
2
36 36 
1
5862 4 22 0
2
37 37 
1
5298 24 4 0
2
35 37 
2
5298 28 2 0
5299 24 4 0
2
37 37 
1
5300 24 4 0
2
15 37 
2
5300 26 2 0
5301 24 4 0
2
37 37 
1
5302 24 4 0
2
35 37 
2
5302 28 2 0
5303 24 4 0
2
37 37 
1
5304 24 4 0
2
38 38 
1
5903 4 16 0
2
36 38 
2
5903 4 22 0
5904 4 16 0
2
38 38 
1
5905 4 16 0
2
16 38 
2
5905 4 24 0
5906 4 16 0
2
38 38 
1
5907 4 16 0
2
36 38 
2
5907 4 22 0
5908 4 16 0
2
38 38 
1
5909 4 16 0
2
39 39 
1
5322 22 8 0
2
37 39 
2
5322 24 4 0
5323 22 8 0
2
39 39 
1
5324 22 8 0
2
17 39 
2
5324 26 4 0
5325 22 8 0
2
39 39 
1
5326 22 8 0
2
37 39 
2
5326 24 4 0
5327 22 8 0
2
39 39 
1
5328 22 8 0
2
40 40 
1
5952 10 16 0
2
38 40 
2
5952 4 16 0
5953 10 16 0
2
40 40 
1
5954 10 16 0
2
18 40 
2
5954 4 18 0
5955 10 16 0
2
40 40 
1
5956 10 16 0
2
38 40 
2
5956 4 16 0
5957 10 16 0
2
40 40 
1
5958 10 16 0
2
41 41 
1
5332 20 12 0
2
39 41 
2
5332 22 8 0
5333 20 12 0
2
41 41 
1
5334 20 12 0
2
19 41 
2
5334 20 8 0
5335 20 12 0
2
41 41 
1
5336 20 12 0
2
39 41 
2
5336 22 8 0
5337 20 12 0
2
41 41 
1
5338 20 12 0
2
42 42 
1
5973 16 16 0
2
40 42 
2
5973 10 16 0
5974 16 16 0
2
42 42 
1
5975 16 16 0
2
20 42 
2
5975 14 16 0
5976 16 16 0
2
42 42 
1
5977 16 16 0
2
40 42 
2
5977 10 16 0
5978 16 16 0
2
42 42 
1
5979 16 16 0
2
43 43 
1
5333 18 14 0
2
41 43 
2
5339 20 12 0
5338 18 14 0
2
43 43 
1
5339 18 14 0
2
21 43 
2
5339 20 14 0
5340 18 14 0
2
43 43 
1
5341 18 14 0
2
41 43 
2
5341 20 12 0
5342 18 14 0
2
43 43 
1
5343 18 14 0
2
42 136 
2
5980 16 16 0
5979 16 26 0
2
43 228 
2
5344 18 14 0
5343 12 2 0
2
42 137 
2
5981 16 16 0
5980 16 28 0
2
43 229 
2
5345 18 14 0
5344 2 16 0
2
42 138 
2
5982 16 16 0
5981 10 20 0
2
40 42 
2
5982 10 16 0
5983 16 16 0
2
41 43 
2
5345 20 12 0
5346 18 14 0
2
42 136 
2
5984 16 16 0
5983 16 26 0
2
43 231 
2
5347 18 14 0
5346 14 30 0
2
42 137 
2
5985 16 16 0
5984 16 28 0
2
42 138 
2
5986 16 16 0
5985 10 20 0
2
20 40 
2
5982 14 16 0
5983 10 16 0
2
21 41 
2
5345 20 14 0
5346 20 12 0
2
38 40 
2
5983 4 16 0
5984 10 16 0
2
39 41 
2
5346 22 8 0
5347 20 12 0
2
42 42 
1
5987 16 16 0
2
40 42 
2
5987 10 16 0
5988 16 16 0
2
42 42 
1
5989 16 16 0
2
20 42 
2
5989 14 16 0
5990 16 16 0
2
42 42 
1
5991 16 16 0
2
40 42 
2
5991 10 16 0
5992 16 16 0
2
42 42 
1
5993 16 16 0
2
43 43 
1
5348 18 14 0
2
41 43 
2
5348 20 12 0
5349 18 14 0
2
43 43 
1
5350 18 14 0
2
21 43 
2
5350 20 14 0
5351 18 14 0
2
43 43 
1
5352 18 14 0
2
41 43 
2
5352 20 12 0
5353 18 14 0
2
43 43 
1
5354 18 14 0
2
42 137 
2
5994 16 16 0
5993 16 28 0
2
43 230 
2
5355 18 14 0
5354 10 8 0
2
42 138 
2
5995 16 16 0
5994 10 20 0
2
42 139 
2
5996 16 16 0
5995 12 26 0
2
40 42 
2
5996 10 16 0
5997 16 16 0
2
41 43 
2
5355 20 12 0
5356 18 14 0
2
42 137 
2
5998 16 16 0
5997 16 28 0
2
43 230 
2
5357 18 14 0
5356 10 8 0
2
42 138 
2
5999 16 16 0
5998 10 20 0
2
43 231 
2
5358 18 14 0
5357 14 30 0
2
42 139 
2
6000 16 16 0
5999 12 26 0
2
20 40 
2
5996 14 16 0
5997 10 16 0
2
21 41 
2
5355 20 14 0
5356 20 12 0
2
18 38 
2
5983 4 18 0
5984 4 16 0
2
19 39 
2
5346 20 8 0
5347 22 8 0
2
36 38 
2
5984 4 22 0
5985 4 16 0
2
37 39 
2
5347 24 4 0
5348 22 8 0
2
40 40 
1
5998 10 16 0
2
38 40 
2
5998 4 16 0
5999 10 16 0
2
40 40 
1
6000 10 16 0
2
18 40 
2
6000 4 18 0
6001 10 16 0
2
40 40 
1
6002 10 16 0
2
38 40 
2
6002 4 16 0
6003 10 16 0
2
40 40 
1
6004 10 16 0
2
41 41 
1
5357 20 12 0
2
39 41 
2
5357 22 8 0
5358 20 12 0
2
41 41 
1
5359 20 12 0
2
19 41 
2
5359 20 8 0
5360 20 12 0
2
41 41 
1
5361 20 12 0
2
39 41 
2
5361 22 8 0
5362 20 12 0
2
41 41 
1
5363 20 12 0
2
42 42 
1
6001 16 16 0
2
40 42 
2
6005 10 16 0
6004 16 16 0
2
42 42 
1
6005 16 16 0
2
20 42 
2
6005 14 16 0
6006 16 16 0
2
42 42 
1
6007 16 16 0
2
40 42 
2
6007 10 16 0
6008 16 16 0
2
42 42 
1
6009 16 16 0
2
43 43 
1
5359 18 14 0
2
41 43 
2
5364 20 12 0
5363 18 14 0
2
43 43 
1
5364 18 14 0
2
21 43 
2
5364 20 14 0
5365 18 14 0
2
43 43 
1
5366 18 14 0
2
41 43 
2
5366 20 12 0
5367 18 14 0
2
43 43 
1
5368 18 14 0
2
42 136 
2
6010 16 16 0
6009 16 26 0
2
43 233 
2
5369 18 14 0
5368 8 22 0
2
42 137 
2
6011 16 16 0
6010 16 28 0
2
42 138 
2
6012 16 16 0
6011 10 20 0
2
42 139 
2
6013 16 16 0
6012 12 26 0
2
42 140 
2
6014 16 16 0
6013 14 18 0
2
42 141 
2
6015 16 16 0
6014 14 20 0
2
42 142 
2
6016 16 16 0
6015 8 12 0
2
42 143 
2
6017 16 16 0
6016 22 24 0
2
42 144 
2
6018 16 16 0
6017 24 18 0
2
42 145 
2
6019 16 16 0
6018 22 10 0
2
42 146 
2
6020 16 16 0
6019 30 12 0
2
42 147 
2
6021 16 16 0
6020 4 8 0
2
42 148 
2
6022 16 16 0
6021 12 30 0
2
42 165 
2
6023 16 16 0
6022 4 20 0
2
42 187 
2
6024 16 16 0
6023 12 28 0
2
42 190 
2
6025 16 16 0
6024 26 16 0
2
42 192 
2
6026 16 16 0
6025 18 26 0
2
42 193 
2
6027 16 16 0
6026 6 16 0
2
42 194 
2
6028 16 16 0
6027 14 22 0
2
42 195 
2
6029 16 16 0
6028 10 22 0
2
42 196 
2
6030 16 16 0
6029 8 18 0
2
40 42 
2
6030 10 16 0
6031 16 16 0
2
41 43 
2
5369 20 12 0
5370 18 14 0
2
42 136 
2
6032 16 16 0
6031 16 26 0
2
43 232 
2
5371 18 14 0
5370 26 22 0
2
42 137 
2
6033 16 16 0
6032 16 28 0
2
42 138 
2
6034 16 16 0
6033 10 20 0
2
42 139 
2
6035 16 16 0
6034 12 26 0
2
42 140 
2
6036 16 16 0
6035 14 18 0
2
42 141 
2
6037 16 16 0
6036 14 20 0
2
42 142 
2
6038 16 16 0
6037 8 12 0
2
42 143 
2
6039 16 16 0
6038 22 24 0
2
42 144 
2
6040 16 16 0
6039 24 18 0
2
42 145 
2
6041 16 16 0
6040 22 10 0
2
42 146 
2
6042 16 16 0
6041 30 12 0
2
42 147 
2
6043 16 16 0
6042 4 8 0
2
42 148 
2
6044 16 16 0
6043 12 30 0
2
42 165 
2
6045 16 16 0
6044 4 20 0
2
42 187 
2
6046 16 16 0
6045 12 28 0
2
42 190 
2
6047 16 16 0
6046 26 16 0
2
42 192 
2
6048 16 16 0
6047 18 26 0
2
42 193 
2
6049 16 16 0
6048 6 16 0
2
42 194 
2
6050 16 16 0
6049 14 22 0
2
42 195 
2
6051 16 16 0
6050 10 22 0
2
42 196 
2
6052 16 16 0
6051 8 18 0
2
20 40 
2
6030 14 16 0
6031 10 16 0
2
21 41 
2
5369 20 14 0
5370 20 12 0
2
38 40 
2
6031 4 16 0
6032 10 16 0
2
39 41 
2
5370 22 8 0
5371 20 12 0
2
42 42 
1
6053 16 16 0
2
40 42 
2
6053 10 16 0
6054 16 16 0
2
42 42 
1
6055 16 16 0
2
20 42 
2
6055 14 16 0
6056 16 16 0
2
42 42 
1
6057 16 16 0
2
40 42 
2
6057 10 16 0
6058 16 16 0
2
42 42 
1
6059 16 16 0
2
43 43 
1
5372 18 14 0
2
41 43 
2
5372 20 12 0
5373 18 14 0
2
43 43 
1
5374 18 14 0
2
21 43 
2
5374 20 14 0
5375 18 14 0
2
43 43 
1
5376 18 14 0
2
41 43 
2
5376 20 12 0
5377 18 14 0
2
43 43 
1
5378 18 14 0
2
42 137 
2
6060 16 16 0
6059 16 28 0
2
43 232 
2
5379 18 14 0
5378 26 22 0
2
42 138 
2
6061 16 16 0
6060 10 20 0
2
43 233 
2
5380 18 14 0
5379 8 22 0
2
42 139 
2
6062 16 16 0
6061 12 26 0
2
42 140 
2
6063 16 16 0
6062 14 18 0
2
42 141 
2
6064 16 16 0
6063 14 20 0
2
42 142 
2
6065 16 16 0
6064 8 12 0
2
42 143 
2
6066 16 16 0
6065 22 24 0
2
42 144 
2
6067 16 16 0
6066 24 18 0
2
42 145 
2
6068 16 16 0
6067 22 10 0
2
42 146 
2
6069 16 16 0
6068 30 12 0
2
42 147 
2
6070 16 16 0
6069 4 8 0
2
42 148 
2
6071 16 16 0
6070 12 30 0
2
42 165 
2
6072 16 16 0
6071 4 20 0
2
42 187 
2
6073 16 16 0
6072 12 28 0
2
42 190 
2
6074 16 16 0
6073 26 16 0
2
42 192 
2
6075 16 16 0
6074 18 26 0
2
42 193 
2
6076 16 16 0
6075 6 16 0
2
42 194 
2
6077 16 16 0
6076 14 22 0
2
42 195 
2
6078 16 16 0
6077 10 22 0
2
42 196 
2
6079 16 16 0
6078 8 18 0
2
42 197 
2
6080 16 16 0
6079 16 22 0
2
40 42 
2
6080 10 16 0
6081 16 16 0
2
41 43 
2
5380 20 12 0
5381 18 14 0
2
42 137 
2
6082 16 16 0
6081 16 28 0
2
43 235 
2
5382 18 14 0
5381 14 24 0
2
42 138 
2
6083 16 16 0
6082 10 20 0
2
42 139 
2
6084 16 16 0
6083 12 26 0
2
42 140 
2
6085 16 16 0
6084 14 18 0
2
42 141 
2
6086 16 16 0
6085 14 20 0
2
42 142 
2
6087 16 16 0
6086 8 12 0
2
42 143 
2
6088 16 16 0
6087 22 24 0
2
42 144 
2
6089 16 16 0
6088 24 18 0
2
42 145 
2
6090 16 16 0
6089 22 10 0
2
42 146 
2
6091 16 16 0
6090 30 12 0
2
42 147 
2
6092 16 16 0
6091 4 8 0
2
42 148 
2
6093 16 16 0
6092 12 30 0
2
42 165 
2
6094 16 16 0
6093 4 20 0
2
42 187 
2
6095 16 16 0
6094 12 28 0
2
42 190 
2
6096 16 16 0
6095 26 16 0
2
42 192 
2
6097 16 16 0
6096 18 26 0
2
42 193 
2
6098 16 16 0
6097 6 16 0
2
42 194 
2
6099 16 16 0
6098 14 22 0
2
42 195 
2
6100 16 16 0
6099 10 22 0
2
42 196 
2
6101 16 16 0
6100 8 18 0
2
42 197 
2
6102 16 16 0
6101 16 22 0
2
20 40 
2
6080 14 16 0
6081 10 16 0
2
21 41 
2
5380 20 14 0
5381 20 12 0
2
18 38 
2
6031 4 18 0
6032 4 16 0
2
19 39 
2
5370 20 8 0
5371 22 8 0
2
16 36 
2
5984 4 24 0
5985 4 22 0
2
17 37 
2
5347 26 4 0
5348 24 4 0
2
34 36 
2
5985 2 24 0
5986 4 22 0
2
35 37 
2
5348 28 2 0
5349 24 4 0
2
38 38 
1
6033 4 16 0
2
36 38 
2
6033 4 22 0
6034 4 16 0
2
38 38 
1
6035 4 16 0
2
16 38 
2
6035 4 24 0
6036 4 16 0
2
38 38 
1
6037 4 16 0
2
36 38 
2
6037 4 22 0
6038 4 16 0
2
38 38 
1
6039 4 16 0
2
39 39 
1
5372 22 8 0
2
37 39 
2
5372 24 4 0
5373 22 8 0
2
39 39 
1
5374 22 8 0
2
17 39 
2
5374 26 4 0
5375 22 8 0
2
39 39 
1
5376 22 8 0
2
37 39 
2
5376 24 4 0
5377 22 8 0
2
39 39 
1
5378 22 8 0
2
40 40 
1
6082 10 16 0
2
38 40 
2
6082 4 16 0
6083 10 16 0
2
40 40 
1
6084 10 16 0
2
18 40 
2
6084 4 18 0
6085 10 16 0
2
40 40 
1
6086 10 16 0
2
38 40 
2
6086 4 16 0
6087 10 16 0
2
40 40 
1
6088 10 16 0
2
41 41 
1
5382 20 12 0
2
39 41 
2
5382 22 8 0
5383 20 12 0
2
41 41 
1
5384 20 12 0
2
19 41 
2
5384 20 8 0
5385 20 12 0
2
41 41 
1
5386 20 12 0
2
39 41 
2
5386 22 8 0
5387 20 12 0
2
41 41 
1
5388 20 12 0
2
42 42 
1
6103 16 16 0
2
40 42 
2
6103 10 16 0
6104 16 16 0
2
42 42 
1
6105 16 16 0
2
20 42 
2
6105 14 16 0
6106 16 16 0
2
42 42 
1
6107 16 16 0
2
40 42 
2
6107 10 16 0
6108 16 16 0
2
42 42 
1
6109 16 16 0
2
43 43 
1
5383 18 14 0
2
41 43 
2
5389 20 12 0
5388 18 14 0
2
43 43 
1
5389 18 14 0
2
21 43 
2
5389 20 14 0
5390 18 14 0
2
43 43 
1
5391 18 14 0
2
41 43 
2
5391 20 12 0
5392 18 14 0
2
43 43 
1
5393 18 14 0
2
42 196 
2
6110 16 16 0
6109 8 18 0
2
43 234 
2
5394 18 14 0
5393 12 22 0
2
42 197 
2
6111 16 16 0
6110 16 22 0
2
42 198 
2
6112 16 16 0
6111 16 18 0
2
40 42 
2
6112 10 16 0
6113 16 16 0
2
41 43 
2
5394 20 12 0
5395 18 14 0
2
42 196 
2
6114 16 16 0
6113 8 18 0
2
43 234 
2
5396 18 14 0
5395 12 22 0
2
42 197 
2
6115 16 16 0
6114 16 22 0
2
43 235 
2
5397 18 14 0
5396 14 24 0
2
42 198 
2
6116 16 16 0
6115 16 18 0
2
20 40 
2
6112 14 16 0
6113 10 16 0
2
21 41 
2
5394 20 14 0
5395 20 12 0
2
38 40 
2
6113 4 16 0
6114 10 16 0
2
39 41 
2
5395 22 8 0
5396 20 12 0
2
42 42 
1
6117 16 16 0
2
40 42 
2
6117 10 16 0
6118 16 16 0
2
42 42 
1
6119 16 16 0
2
20 42 
2
6119 14 16 0
6120 16 16 0
2
42 42 
1
6121 16 16 0
2
40 42 
2
6121 10 16 0
6122 16 16 0
2
42 42 
1
6123 16 16 0
2
43 43 
1
5398 18 14 0
2
41 43 
2
5398 20 12 0
5399 18 14 0
2
43 43 
1
5400 18 14 0
2
21 43 
2
5400 20 14 0
5401 18 14 0
2
43 43 
1
5402 18 14 0
2
41 43 
2
5402 20 12 0
5403 18 14 0
2
43 43 
1
5404 18 14 0
2
42 197 
2
6124 16 16 0
6123 16 22 0
2
43 237 
2
5405 18 14 0
5404 20 28 0
2
42 198 
2
6125 16 16 0
6124 16 18 0
2
42 199 
2
6126 16 16 0
6125 14 28 0
2
40 42 
2
6126 10 16 0
6127 16 16 0
2
41 43 
2
5405 20 12 0
5406 18 14 0
2
42 197 
2
6128 16 16 0
6127 16 22 0
2
43 236 
2
5407 18 14 0
5406 8 10 0
2
42 198 
2
6129 16 16 0
6128 16 18 0
2
42 199 
2
6130 16 16 0
6129 14 28 0
2
20 40 
2
6126 14 16 0
6127 10 16 0
2
21 41 
2
5405 20 14 0
5406 20 12 0
2
18 38 
2
6113 4 18 0
6114 4 16 0
2
19 39 
2
5395 20 8 0
5396 22 8 0
2
36 38 
2
6114 4 22 0
6115 4 16 0
2
37 39 
2
5396 24 4 0
5397 22 8 0
2
40 40 
1
6128 10 16 0
2
38 40 
2
6128 4 16 0
6129 10 16 0
2
40 40 
1
6130 10 16 0
2
18 40 
2
6130 4 18 0
6131 10 16 0
2
40 40 
1
6132 10 16 0
2
38 40 
2
6132 4 16 0
6133 10 16 0
2
40 40 
1
6134 10 16 0
2
41 41 
1
5407 20 12 0
2
39 41 
2
5407 22 8 0
5408 20 12 0
2
41 41 
1
5409 20 12 0
2
19 41 
2
5409 20 8 0
5410 20 12 0
2
41 41 
1
5411 20 12 0
2
39 41 
2
5411 22 8 0
5412 20 12 0
2
41 41 
1
5413 20 12 0
2
42 42 
1
6131 16 16 0
2
40 42 
2
6135 10 16 0
6134 16 16 0
2
42 42 
1
6135 16 16 0
2
20 42 
2
6135 14 16 0
6136 16 16 0
2
42 42 
1
6137 16 16 0
2
40 42 
2
6137 10 16 0
6138 16 16 0
2
42 42 
1
6139 16 16 0
2
43 43 
1
5408 18 14 0
2
41 43 
2
5414 20 12 0
5413 18 14 0
2
43 43 
1
5414 18 14 0
2
21 43 
2
5414 20 14 0
5415 18 14 0
2
43 43 
1
5416 18 14 0
2
41 43 
2
5416 20 12 0
5417 18 14 0
2
43 43 
1
5418 18 14 0
2
42 196 
2
6140 16 16 0
6139 8 18 0
2
43 236 
2
5419 18 14 0
5418 8 10 0
2
42 197 
2
6141 16 16 0
6140 16 22 0
2
43 237 
2
5420 18 14 0
5419 20 28 0
2
42 198 
2
6142 16 16 0
6141 16 18 0
2
42 199 
2
6143 16 16 0
6142 14 28 0
2
42 200 
2
6144 16 16 0
6143 10 18 0
2
42 201 
2
6145 16 16 0
6144 18 20 0
2
42 202 
2
6146 16 16 0
6145 14 14 0
2
42 203 
2
6147 16 16 0
6146 2 14 0
2
42 204 
2
6148 16 16 0
6147 20 20 0
2
42 205 
2
6149 16 16 0
6148 18 10 0
2
42 206 
2
6150 16 16 0
6149 26 24 0
2
42 207 
2
6151 16 16 0
6150 4 10 0
2
42 208 
2
6152 16 16 0
6151 32 16 0
2
42 209 
2
6153 16 16 0
6152 2 18 0
2
42 210 
2
6154 16 16 0
6153 8 24 0
2
42 211 
2
6155 16 16 0
6154 6 18 0
2
42 212 
2
6156 16 16 0
6155 16 24 0
2
42 213 
2
6157 16 16 0
6156 16 32 0
2
42 214 
2
6158 16 16 0
6157 12 20 0
2
42 215 
2
6159 16 16 0
6158 18 16 0
2
42 216 
2
6160 16 16 0
6159 8 20 0
2
40 42 
2
6160 10 16 0
6161 16 16 0
2
41 43 
2
5420 20 12 0
5421 18 14 0
2
42 196 
2
6162 16 16 0
6161 8 18 0
2
43 239 
2
5422 18 14 0
5421 16 20 0
2
42 197 
2
6163 16 16 0
6162 16 22 0
2
42 198 
2
6164 16 16 0
6163 16 18 0
2
42 199 
2
6165 16 16 0
6164 14 28 0
2
42 200 
2
6166 16 16 0
6165 10 18 0
2
42 201 
2
6167 16 16 0
6166 18 20 0
2
42 202 
2
6168 16 16 0
6167 14 14 0
2
42 203 
2
6169 16 16 0
6168 2 14 0
2
42 204 
2
6170 16 16 0
6169 20 20 0
2
42 205 
2
6171 16 16 0
6170 18 10 0
2
42 206 
2
6172 16 16 0
6171 26 24 0
2
42 207 
2
6173 16 16 0
6172 4 10 0
2
42 208 
2
6174 16 16 0
6173 32 16 0
2
42 209 
2
6175 16 16 0
6174 2 18 0
2
42 210 
2
6176 16 16 0
6175 8 24 0
2
42 211 
2
6177 16 16 0
6176 6 18 0
2
42 212 
2
6178 16 16 0
6177 16 24 0
2
42 213 
2
6179 16 16 0
6178 16 32 0
2
42 214 
2
6180 16 16 0
6179 12 20 0
2
42 215 
2
6181 16 16 0
6180 18 16 0
2
42 216 
2
6182 16 16 0
6181 8 20 0
2
20 40 
2
6160 14 16 0
6161 10 16 0
2
21 41 
2
5420 20 14 0
5421 20 12 0
2
38 40 
2
6161 4 16 0
6162 10 16 0
2
39 41 
2
5421 22 8 0
5422 20 12 0
2
42 42 
1
6183 16 16 0
2
40 42 
2
6183 10 16 0
6184 16 16 0
2
42 42 
1
6185 16 16 0
2
20 42 
2
6185 14 16 0
6186 16 16 0
2
42 42 
1
6187 16 16 0
2
40 42 
2
6187 10 16 0
6188 16 16 0
2
42 42 
1
6189 16 16 0
2
43 43 
1
5423 18 14 0
2
41 43 
2
5423 20 12 0
5424 18 14 0
2
43 43 
1
5425 18 14 0
2
21 43 
2
5425 20 14 0
5426 18 14 0
2
43 43 
1
5427 18 14 0
2
41 43 
2
5427 20 12 0
5428 18 14 0
2
43 43 
1
5429 18 14 0
2
42 197 
2
6190 16 16 0
6189 16 22 0
2
43 238 
2
5430 18 14 0
5429 14 10 0
2
42 198 
2
6191 16 16 0
6190 16 18 0
2
42 199 
2
6192 16 16 0
6191 14 28 0
2
42 200 
2
6193 16 16 0
6192 10 18 0
2
42 201 
2
6194 16 16 0
6193 18 20 0
2
42 202 
2
6195 16 16 0
6194 14 14 0
2
42 203 
2
6196 16 16 0
6195 2 14 0
2
42 204 
2
6197 16 16 0
6196 20 20 0
2
42 205 
2
6198 16 16 0
6197 18 10 0
2
42 206 
2
6199 16 16 0
6198 26 24 0
2
42 207 
2
6200 16 16 0
6199 4 10 0
2
42 208 
2
6201 16 16 0
6200 32 16 0
2
42 209 
2
6202 16 16 0
6201 2 18 0
2
42 210 
2
6203 16 16 0
6202 8 24 0
2
42 211 
2
6204 16 16 0
6203 6 18 0
2
42 212 
2
6205 16 16 0
6204 16 24 0
2
42 213 
2
6206 16 16 0
6205 16 32 0
2
42 214 
2
6207 16 16 0
6206 12 20 0
2
42 215 
2
6208 16 16 0
6207 18 16 0
2
42 216 
2
6209 16 16 0
6208 8 20 0
2
42 217 
2
6210 16 16 0
6209 14 26 0
2
40 42 
2
6210 10 16 0
6211 16 16 0
2
41 43 
2
5430 20 12 0
5431 18 14 0
2
42 197 
2
6212 16 16 0
6211 16 22 0
2
43 238 
2
5432 18 14 0
5431 14 10 0
2
42 198 
2
6213 16 16 0
6212 16 18 0
2
43 239 
2
5433 18 14 0
5432 16 20 0
2
42 199 
2
6214 16 16 0
6213 14 28 0
2
42 200 
2
6215 16 16 0
6214 10 18 0
2
42 201 
2
6216 16 16 0
6215 18 20 0
2
42 202 
2
6217 16 16 0
6216 14 14 0
2
42 203 
2
6218 16 16 0
6217 2 14 0
2
42 204 
2
6219 16 16 0
6218 20 20 0
2
42 205 
2
6220 16 16 0
6219 18 10 0
2
42 206 
2
6221 16 16 0
6220 26 24 0
2
42 207 
2
6222 16 16 0
6221 4 10 0
2
42 208 
2
6223 16 16 0
6222 32 16 0
2
42 209 
2
6224 16 16 0
6223 2 18 0
2
42 210 
2
6225 16 16 0
6224 8 24 0
2
42 211 
2
6226 16 16 0
6225 6 18 0
2
42 212 
2
6227 16 16 0
6226 16 24 0
2
42 213 
2
6228 16 16 0
6227 16 32 0
2
42 214 
2
6229 16 16 0
6228 12 20 0
2
42 215 
2
6230 16 16 0
6229 18 16 0
2
42 216 
2
6231 16 16 0
6230 8 20 0
2
42 217 
2
6232 16 16 0
6231 14 26 0
2
20 40 
2
6210 14 16 0
6211 10 16 0
2
21 41 
2
5430 20 14 0
5431 20 12 0
2
18 38 
2
6161 4 18 0
6162 4 16 0
2
19 39 
2
5421 20 8 0
5422 22 8 0
2
16 36 
2
6114 4 24 0
6115 4 22 0
2
17 37 
2
5396 26 4 0
5397 24 4 0
2
14 34 
2
5985 4 26 0
5986 2 24 0
2
15 35 
2
5348 26 2 0
5349 28 2 0
2
32 34 
2
5986 2 28 0
5987 2 24 0
2
33 35 
2
5349 32 2 0
5350 28 2 0
2
36 36 
1
6116 4 22 0
2
34 36 
2
6116 2 24 0
6117 4 22 0
2
36 36 
1
6118 4 22 0
2
14 36 
2
6118 4 26 0
6119 4 22 0
2
36 36 
1
6120 4 22 0
2
34 36 
2
6120 2 24 0
6121 4 22 0
2
36 36 
1
6122 4 22 0
2
37 37 
1
5398 24 4 0
2
35 37 
2
5398 28 2 0
5399 24 4 0
2
37 37 
1
5400 24 4 0
2
15 37 
2
5400 26 2 0
5401 24 4 0
2
37 37 
1
5402 24 4 0
2
35 37 
2
5402 28 2 0
5403 24 4 0
2
37 37 
1
5404 24 4 0
2
38 38 
1
6163 4 16 0
2
36 38 
2
6163 4 22 0
6164 4 16 0
2
38 38 
1
6165 4 16 0
2
16 38 
2
6165 4 24 0
6166 4 16 0
2
38 38 
1
6167 4 16 0
2
36 38 
2
6167 4 22 0
6168 4 16 0
2
38 38 
1
6169 4 16 0
2
39 39 
1
5423 22 8 0
2
37 39 
2
5423 24 4 0
5424 22 8 0
2
39 39 
1
5425 22 8 0
2
17 39 
2
5425 26 4 0
5426 22 8 0
2
39 39 
1
5427 22 8 0
2
37 39 
2
5427 24 4 0
5428 22 8 0
2
39 39 
1
5429 22 8 0
2
40 40 
1
6212 10 16 0
2
38 40 
2
6212 4 16 0
6213 10 16 0
2
40 40 
1
6214 10 16 0
2
18 40 
2
6214 4 18 0
6215 10 16 0
2
40 40 
1
6216 10 16 0
2
38 40 
2
6216 4 16 0
6217 10 16 0
2
40 40 
1
6218 10 16 0
2
41 41 
1
5432 20 12 0
2
39 41 
2
5432 22 8 0
5433 20 12 0
2
41 41 
1
5434 20 12 0
2
19 41 
2
5434 20 8 0
5435 20 12 0
2
41 41 
1
5436 20 12 0
2
39 41 
2
5436 22 8 0
5437 20 12 0
2
41 41 
1
5438 20 12 0
2
42 42 
1
6233 16 16 0
2
40 42 
2
6233 10 16 0
6234 16 16 0
2
42 42 
1
6235 16 16 0
2
20 42 
2
6235 14 16 0
6236 16 16 0
2
42 42 
1
6237 16 16 0
2
40 42 
2
6237 10 16 0
6238 16 16 0
2
42 42 
1
6239 16 16 0
2
43 43 
1
5434 18 14 0
2
41 43 
2
5439 20 12 0
5438 18 14 0
2
43 43 
1
5439 18 14 0
2
21 43 
2
5439 20 14 0
5440 18 14 0
2
43 43 
1
5441 18 14 0
2
41 43 
2
5441 20 12 0
5442 18 14 0
2
43 43 
1
5443 18 14 0
2
42 216 
2
6240 16 16 0
6239 8 20 0
2
43 45 
2
5444 18 14 0
5443 16 2 0
2
42 217 
2
6241 16 16 0
6240 14 26 0
2
42 218 
2
6242 16 16 0
6241 10 24 0
2
40 42 
2
6242 10 16 0
6243 16 16 0
2
41 43 
2
5444 20 12 0
5445 18 14 0
2
42 216 
2
6244 16 16 0
6243 8 20 0
2
43 50 
2
5446 18 14 0
5445 4 12 0
2
42 217 
2
6245 16 16 0
6244 14 26 0
2
42 218 
2
6246 16 16 0
6245 10 24 0
2
20 40 
2
6242 14 16 0
6243 10 16 0
2
21 41 
2
5444 20 14 0
5445 20 12 0
2
38 40 
2
6243 4 16 0
6244 10 16 0
2
39 41 
2
5445 22 8 0
5446 20 12 0
2
42 42 
1
6247 16 16 0
2
40 42 
2
6247 10 16 0
6248 16 16 0
2
42 42 
1
6249 16 16 0
2
20 42 
2
6249 14 16 0
6250 16 16 0
2
42 42 
1
6251 16 16 0
2
40 42 
2
6251 10 16 0
6252 16 16 0
2
42 42 
1
6253 16 16 0
2
43 43 
1
5447 18 14 0
2
41 43 
2
5447 20 12 0
5448 18 14 0
2
43 43 
1
5449 18 14 0
2
21 43 
2
5449 20 14 0
5450 18 14 0
2
43 43 
1
5451 18 14 0
2
41 43 
2
5451 20 12 0
5452 18 14 0
2
43 43 
1
5453 18 14 0
2
42 217 
2
6254 16 16 0
6253 14 26 0
2
43 50 
2
5454 18 14 0
5453 4 12 0
2
42 218 
2
6255 16 16 0
6254 10 24 0
2
43 45 
2
5455 18 14 0
5454 16 2 0
2
42 219 
2
6256 16 16 0
6255 24 24 0
2
40 42 
2
6256 10 16 0
6257 16 16 0
2
41 43 
2
5455 20 12 0
5456 18 14 0
2
42 217 
2
6258 16 16 0
6257 14 26 0
2
43 49 
2
5457 18 14 0
5456 32 14 0
2
42 218 
2
6259 16 16 0
6258 10 24 0
2
42 219 
2
6260 16 16 0
6259 24 24 0
2
20 40 
2
6256 14 16 0
6257 10 16 0
2
21 41 
2
5455 20 14 0
5456 20 12 0
2
18 38 
2
6243 4 18 0
6244 4 16 0
2
19 39 
2
5445 20 8 0
5446 22 8 0
2
36 38 
2
6244 4 22 0
6245 4 16 0
2
37 39 
2
5446 24 4 0
5447 22 8 0
2
40 40 
1
6258 10 16 0
2
38 40 
2
6258 4 16 0
6259 10 16 0
2
40 40 
1
6260 10 16 0
2
18 40 
2
6260 4 18 0
6261 10 16 0
2
40 40 
1
6262 10 16 0
2
38 40 
2
6262 4 16 0
6263 10 16 0
2
40 40 
1
6264 10 16 0
2
41 41 
1
5457 20 12 0
2
39 41 
2
5457 22 8 0
5458 20 12 0
2
41 41 
1
5459 20 12 0
2
19 41 
2
5459 20 8 0
5460 20 12 0
2
41 41 
1
5461 20 12 0
2
39 41 
2
5461 22 8 0
5462 20 12 0
2
41 41 
1
5463 20 12 0
2
42 42 
1
6261 16 16 0
2
40 42 
2
6265 10 16 0
6264 16 16 0
2
42 42 
1
6265 16 16 0
2
20 42 
2
6265 14 16 0
6266 16 16 0
2
42 42 
1
6267 16 16 0
2
40 42 
2
6267 10 16 0
6268 16 16 0
2
42 42 
1
6269 16 16 0
2
43 43 
1
5458 18 14 0
2
41 43 
2
5464 20 12 0
5463 18 14 0
2
43 43 
1
5464 18 14 0
2
21 43 
2
5464 20 14 0
5465 18 14 0
2
43 43 
1
5466 18 14 0
2
41 43 
2
5466 20 12 0
5467 18 14 0
2
43 43 
1
5468 18 14 0
2
42 216 
2
6270 16 16 0
6269 8 20 0
2
43 47 
2
5469 18 14 0
5468 26 12 0
2
42 217 
2
6271 16 16 0
6270 14 26 0
2
42 218 
2
6272 16 16 0
6271 10 24 0
2
42 219 
2
6273 16 16 0
6272 24 24 0
2
42 220 
2
6274 16 16 0
6273 12 24 0
2
42 221 
2
6275 16 16 0
6274 6 22 0
2
42 222 
2
6276 16 16 0
6275 6 14 0
2
42 223 
2
6277 16 16 0
6276 14 12 0
2
42 224 
2
6278 16 16 0
6277 24 12 0
2
42 225 
2
6279 16 16 0
6278 20 18 0
2
42 226 
2
6280 16 16 0
6279 18 32 0
2
42 227 
2
6281 16 16 0
6280 2 12 0
2
42 228 
2
6282 16 16 0
6281 12 2 0
2
42 229 
2
6283 16 16 0
6282 2 16 0
2
42 230 
2
6284 16 16 0
6283 10 8 0
2
42 231 
2
6285 16 16 0
6284 14 30 0
2
42 232 
2
6286 16 16 0
6285 26 22 0
2
42 233 
2
6287 16 16 0
6286 8 22 0
2
42 234 
2
6288 16 16 0
6287 12 22 0
2
42 235 
2
6289 16 16 0
6288 14 24 0
2
42 236 
2
6290 16 16 0
6289 8 10 0
2
40 42 
2
6290 10 16 0
6291 16 16 0
2
41 43 
2
5469 20 12 0
5470 18 14 0
2
42 216 
2
6292 16 16 0
6291 8 20 0
2
43 47 
2
5471 18 14 0
5470 26 12 0
2
42 217 
2
6293 16 16 0
6292 14 26 0
2
43 49 
2
5472 18 14 0
5471 32 14 0
2
42 218 
2
6294 16 16 0
6293 10 24 0
2
42 219 
2
6295 16 16 0
6294 24 24 0
2
42 220 
2
6296 16 16 0
6295 12 24 0
2
42 221 
2
6297 16 16 0
6296 6 22 0
2
42 222 
2
6298 16 16 0
6297 6 14 0
2
42 223 
2
6299 16 16 0
6298 14 12 0
2
42 224 
2
6300 16 16 0
6299 24 12 0
2
42 225 
2
6301 16 16 0
6300 20 18 0
2
42 226 
2
6302 16 16 0
6301 18 32 0
2
42 227 
2
6303 16 16 0
6302 2 12 0
2
42 228 
2
6304 16 16 0
6303 12 2 0
2
42 229 
2
6305 16 16 0
6304 2 16 0
2
42 230 
2
6306 16 16 0
6305 10 8 0
2
42 231 
2
6307 16 16 0
6306 14 30 0
2
42 232 
2
6308 16 16 0
6307 26 22 0
2
42 233 
2
6309 16 16 0
6308 8 22 0
2
42 234 
2
6310 16 16 0
6309 12 22 0
2
42 235 
2
6311 16 16 0
6310 14 24 0
2
42 236 
2
6312 16 16 0
6311 8 10 0
2
20 40 
2
6290 14 16 0
6291 10 16 0
2
21 41 
2
5469 20 14 0
5470 20 12 0
2
38 40 
2
6291 4 16 0
6292 10 16 0
2
39 41 
2
5470 22 8 0
5471 20 12 0
2
42 42 
1
6313 16 16 0
2
40 42 
2
6313 10 16 0
6314 16 16 0
2
42 42 
1
6315 16 16 0
2
20 42 
2
6315 14 16 0
6316 16 16 0
2
42 42 
1
6317 16 16 0
2
40 42 
2
6317 10 16 0
6318 16 16 0
2
42 42 
1
6319 16 16 0
2
43 43 
1
5473 18 14 0
2
41 43 
2
5473 20 12 0
5474 18 14 0
2
43 43 
1
5475 18 14 0
2
21 43 
2
5475 20 14 0
5476 18 14 0
2
43 43 
1
5477 18 14 0
2
41 43 
2
5477 20 12 0
5478 18 14 0
2
43 43 
1
5479 18 14 0
2
42 217 
2
6320 16 16 0
6319 14 26 0
2
43 53 
2
5480 18 14 0
5479 18 8 0
2
42 218 
2
6321 16 16 0
6320 10 24 0
2
42 219 
2
6322 16 16 0
6321 24 24 0
2
42 220 
2
6323 16 16 0
6322 12 24 0
2
42 221 
2
6324 16 16 0
6323 6 22 0
2
42 222 
2
6325 16 16 0
6324 6 14 0
2
42 223 
2
6326 16 16 0
6325 14 12 0
2
42 224 
2
6327 16 16 0
6326 24 12 0
2
42 225 
2
6328 16 16 0
6327 20 18 0
2
42 226 
2
6329 16 16 0
6328 18 32 0
2
42 227 
2
6330 16 16 0
6329 2 12 0
2
42 228 
2
6331 16 16 0
6330 12 2 0
2
42 229 
2
6332 16 16 0
6331 2 16 0
2
42 230 
2
6333 16 16 0
6332 10 8 0
2
42 231 
2
6334 16 16 0
6333 14 30 0
2
42 232 
2
6335 16 16 0
6334 26 22 0
2
42 233 
2
6336 16 16 0
6335 8 22 0
2
42 234 
2
6337 16 16 0
6336 12 22 0
2
42 235 
2
6338 16 16 0
6337 14 24 0
2
42 236 
2
6339 16 16 0
6338 8 10 0
2
42 237 
2
6340 16 16 0
6339 20 28 0
2
40 42 
2
6340 10 16 0
6341 16 16 0
2
41 43 
2
5480 20 12 0
5481 18 14 0
2
42 217 
2
6342 16 16 0
6341 14 26 0
2
43 52 
2
5482 18 14 0
5481 18 4 0
2
42 218 
2
6343 16 16 0
6342 10 24 0
2
42 219 
2
6344 16 16 0
6343 24 24 0
2
42 220 
2
6345 16 16 0
6344 12 24 0
2
42 221 
2
6346 16 16 0
6345 6 22 0
2
42 222 
2
6347 16 16 0
6346 6 14 0
2
42 223 
2
6348 16 16 0
6347 14 12 0
2
42 224 
2
6349 16 16 0
6348 24 12 0
2
42 225 
2
6350 16 16 0
6349 20 18 0
2
42 226 
2
6351 16 16 0
6350 18 32 0
2
42 227 
2
6352 16 16 0
6351 2 12 0
2
42 228 
2
6353 16 16 0
6352 12 2 0
2
42 229 
2
6354 16 16 0
6353 2 16 0
2
42 230 
2
6355 16 16 0
6354 10 8 0
2
42 231 
2
6356 16 16 0
6355 14 30 0
2
42 232 
2
6357 16 16 0
6356 26 22 0
2
42 233 
2
6358 16 16 0
6357 8 22 0
2
42 234 
2
6359 16 16 0
6358 12 22 0
2
42 235 
2
6360 16 16 0
6359 14 24 0
2
42 236 
2
6361 16 16 0
6360 8 10 0
2
42 237 
2
6362 16 16 0
6361 20 28 0
2
20 40 
2
6340 14 16 0
6341 10 16 0
2
21 41 
2
5480 20 14 0
5481 20 12 0
2
18 38 
2
6291 4 18 0
6292 4 16 0
2
19 39 
2
5470 20 8 0
5471 22 8 0
2
16 36 
2
6244 4 24 0
6245 4 22 0
2
17 37 
2
5446 26 4 0
5447 24 4 0
2
34 36 
2
6245 2 24 0
6246 4 22 0
2
35 37 
2
5447 28 2 0
5448 24 4 0
2
38 38 
1
6293 4 16 0
2
36 38 
2
6293 4 22 0
6294 4 16 0
2
38 38 
1
6295 4 16 0
2
16 38 
2
6295 4 24 0
6296 4 16 0
2
38 38 
1
6297 4 16 0
2
36 38 
2
6297 4 22 0
6298 4 16 0
2
38 38 
1
6299 4 16 0
2
39 39 
1
5472 22 8 0
2
37 39 
2
5472 24 4 0
5473 22 8 0
2
39 39 
1
5474 22 8 0
2
17 39 
2
5474 26 4 0
5475 22 8 0
2
39 39 
1
5476 22 8 0
2
37 39 
2
5476 24 4 0
5477 22 8 0
2
39 39 
1
5478 22 8 0
2
40 40 
1
6342 10 16 0
2
38 40 
2
6342 4 16 0
6343 10 16 0
2
40 40 
1
6344 10 16 0
2
18 40 
2
6344 4 18 0
6345 10 16 0
2
40 40 
1
6346 10 16 0
2
38 40 
2
6346 4 16 0
6347 10 16 0
2
40 40 
1
6348 10 16 0
2
41 41 
1
5482 20 12 0
2
39 41 
2
5482 22 8 0
5483 20 12 0
2
41 41 
1
5484 20 12 0
2
19 41 
2
5484 20 8 0
5485 20 12 0
2
41 41 
1
5486 20 12 0
2
39 41 
2
5486 22 8 0
5487 20 12 0
2
41 41 
1
5488 20 12 0
2
42 42 
1
6363 16 16 0
2
40 42 
2
6363 10 16 0
6364 16 16 0
2
42 42 
1
6365 16 16 0
2
20 42 
2
6365 14 16 0
6366 16 16 0
2
42 42 
1
6367 16 16 0
2
40 42 
2
6367 10 16 0
6368 16 16 0
2
42 42 
1
6369 16 16 0
2
43 43 
1
5483 18 14 0
2
41 43 
2
5489 20 12 0
5488 18 14 0
2
43 43 
1
5489 18 14 0
2
21 43 
2
5489 20 14 0
5490 18 14 0
2
43 43 
1
5491 18 14 0
2
41 43 
2
5491 20 12 0
5492 18 14 0
2
43 43 
1
5493 18 14 0
2
42 236 
2
6370 16 16 0
6369 8 10 0
2
43 52 
2
5494 18 14 0
5493 18 4 0
2
42 237 
2
6371 16 16 0
6370 20 28 0
2
43 53 
2
5495 18 14 0
5494 18 8 0
2
42 238 
2
6372 16 16 0
6371 14 10 0
2
40 42 
2
6372 10 16 0
6373 16 16 0
2
41 43 
2
5495 20 12 0
5496 18 14 0
2
42 236 
2
6374 16 16 0
6373 8 10 0
2
43 55 
2
5497 18 14 0
5496 24 2 0
2
42 237 
2
6375 16 16 0
6374 20 28 0
2
42 238 
2
6376 16 16 0
6375 14 10 0
2
20 40 
2
6372 14 16 0
6373 10 16 0
2
21 41 
2
5495 20 14 0
5496 20 12 0
2
38 40 
2
6373 4 16 0
6374 10 16 0
2
39 41 
2
5496 22 8 0
5497 20 12 0
2
42 42 
1
6377 16 16 0
2
40 42 
2
6377 10 16 0
6378 16 16 0
2
42 42 
1
6379 16 16 0
2
20 42 
2
6379 14 16 0
6380 16 16 0
2
42 42 
1
6381 16 16 0
2
40 42 
2
6381 10 16 0
6382 16 16 0
2
42 42 
1
6383 16 16 0
2
43 43 
1
5498 18 14 0
2
41 43 
2
5498 20 12 0
5499 18 14 0
2
43 43 
1
5500 18 14 0
2
21 43 
2
5500 20 14 0
5501 18 14 0
2
43 43 
1
5502 18 14 0
2
41 43 
2
5502 20 12 0
5503 18 14 0
2
43 43 
1
5504 18 14 0
2
42 237 
2
6384 16 16 0
6383 20 28 0
2
43 54 
2
5505 18 14 0
5504 24 6 0
2
42 238 
2
6385 16 16 0
6384 14 10 0
2
42 239 
2
6386 16 16 0
6385 16 20 0
2
40 42 
2
6386 10 16 0
6387 16 16 0
2
41 43 
2
5505 20 12 0
5506 18 14 0
2
42 237 
2
6388 16 16 0
6387 20 28 0
2
43 54 
2
5507 18 14 0
5506 24 6 0
2
42 238 
2
6389 16 16 0
6388 14 10 0
2
43 55 
2
5508 18 14 0
5507 24 2 0
2
42 239 
2
6390 16 16 0
6389 16 20 0
2
20 40 
2
6386 14 16 0
6387 10 16 0
2
21 41 
2
5505 20 14 0
5506 20 12 0
2
18 38 
2
6373 4 18 0
6374 4 16 0
2
19 39 
2
5496 20 8 0
5497 22 8 0
2
36 38 
2
6374 4 22 0
6375 4 16 0
2
37 39 
2
5497 24 4 0
5498 22 8 0
2
40 40 
1
6388 10 16 0
2
38 40 
2
6388 4 16 0
6389 10 16 0
2
40 40 
1
6390 10 16 0
2
18 40 
2
6390 4 18 0
6391 10 16 0
2
40 40 
1
6392 10 16 0
2
38 40 
2
6392 4 16 0
6393 10 16 0
2
40 40 
1
6394 10 16 0
2
41 41 
1
5507 20 12 0
2
39 41 
2
5507 22 8 0
5508 20 12 0
2
41 41 
1
5509 20 12 0
2
19 41 
2
5509 20 8 0
5510 20 12 0
2
41 41 
1
5511 20 12 0
2
39 41 
2
5511 22 8 0
5512 20 12 0
2
41 41 
1
5513 20 12 0
2
42 42 
1
6391 16 16 0
2
40 42 
2
6395 10 16 0
6394 16 16 0
2
42 42 
1
6395 16 16 0
2
20 42 
2
6395 14 16 0
6396 16 16 0
2
42 42 
1
6397 16 16 0
2
40 42 
2
6397 10 16 0
6398 16 16 0
2
42 42 
1
6399 16 16 0
2
43 43 
1
5509 18 14 0
2
41 43 
2
5514 20 12 0
5513 18 14 0
2
43 43 
1
5514 18 14 0
2
21 43 
2
5514 20 14 0
5515 18 14 0
2
43 43 
1
5516 18 14 0
2
41 43 
2
5516 20 12 0
5517 18 14 0
2
43 43 
1
5518 18 14 0
2
42 236 
2
6400 16 16 0
6399 8 10 0
2
43 57 
2
5519 18 14 0
5518 22 28 0
2
42 237 
2
6401 16 16 0
6400 20 28 0
2
42 238 
2
6402 16 16 0
6401 14 10 0
2
42 239 
2
6403 16 16 0
6402 16 20 0
2
42 50 
2
6404 16 16 0
6403 4 12 0
2
42 45 
2
6405 16 16 0
6404 16 2 0
2
42 47 
2
6406 16 16 0
6405 26 12 0
2
42 49 
2
6407 16 16 0
6406 32 14 0
2
42 52 
2
6408 16 16 0
6407 18 4 0
2
42 53 
2
6409 16 16 0
6408 18 8 0
2
42 54 
2
6410 16 16 0
6409 24 6 0
2
42 55 
2
6411 16 16 0
6410 24 2 0
2
42 56 
2
6412 16 16 0
6411 32 18 0
2
42 57 
2
6413 16 16 0
6412 22 28 0
2
42 58 
2
6414 16 16 0
6413 10 10 0
2
42 59 
2
6415 16 16 0
6414 28 16 0
2
42 60 
2
6416 16 16 0
6415 16 8 0
2
42 61 
2
6417 16 16 0
6416 18 30 0
2
42 62 
2
6418 16 16 0
6417 20 24 0
2
42 63 
2
6419 16 16 0
6418 16 12 0
2
42 64 
2
6420 16 16 0
6419 16 6 0
2
40 42 
2
6420 10 16 0
6421 16 16 0
2
41 43 
2
5519 20 12 0
5520 18 14 0
2
42 236 
2
6422 16 16 0
6421 8 10 0
2
43 56 
2
6411 18 14 0
6412 32 18 0
2
42 237 
2
6423 16 16 0
6422 20 28 0
2
42 238 
2
6424 16 16 0
6423 14 10 0
2
42 239 
2
6425 16 16 0
6424 16 20 0
2
42 50 
2
6426 16 16 0
6425 4 12 0
2
42 45 
2
6427 16 16 0
6426 16 2 0
2
42 47 
2
6428 16 16 0
6427 26 12 0
2
42 49 
2
6429 16 16 0
6428 32 14 0
2
42 52 
2
6430 16 16 0
6429 18 4 0
2
42 53 
2
6431 16 16 0
6430 18 8 0
2
42 54 
2
6432 16 16 0
6431 24 6 0
2
42 55 
2
6433 16 16 0
6432 24 2 0
2
42 56 
2
6434 16 16 0
6433 32 18 0
2
42 57 
2
6435 16 16 0
6434 22 28 0
2
42 58 
2
6436 16 16 0
6435 10 10 0
2
42 59 
2
6437 16 16 0
6436 28 16 0
2
42 60 
2
6438 16 16 0
6437 16 8 0
2
42 61 
2
6439 16 16 0
6438 18 30 0
2
42 62 
2
6440 16 16 0
6439 20 24 0
2
42 63 
2
6441 16 16 0
6440 16 12 0
2
42 64 
2
6442 16 16 0
6441 16 6 0
2
20 40 
2
6420 14 16 0
6421 10 16 0
2
21 41 
2
5519 20 14 0
5520 20 12 0
2
38 40 
2
6421 4 16 0
6422 10 16 0
2
39 41 
2
5520 22 8 0
5521 20 12 0
2
42 42 
1
6443 16 16 0
2
40 42 
2
6443 10 16 0
6444 16 16 0
2
42 42 
1
6445 16 16 0
2
20 42 
2
6445 14 16 0
6446 16 16 0
2
42 42 
1
6447 16 16 0
2
40 42 
2
6447 10 16 0
6448 16 16 0
2
42 42 
1
6449 16 16 0
2
43 43 
1
6412 18 14 0
2
41 43 
2
6412 20 12 0
6413 18 14 0
2
43 43 
1
6414 18 14 0
2
21 43 
2
6414 20 14 0
6415 18 14 0
2
43 43 
1
6416 18 14 0
2
41 43 
2
6416 20 12 0
6417 18 14 0
2
43 43 
1
6418 18 14 0
2
42 237 
2
6450 16 16 0
6449 20 28 0
2
43 56 
2
6433 18 14 0
6434 32 18 0
2
42 238 
2
6451 16 16 0
6450 14 10 0
2
43 57 
2
6434 18 14 0
6435 22 28 0
2
42 239 
2
6452 16 16 0
6451 16 20 0
2
42 50 
2
6453 16 16 0
6452 4 12 0
2
42 45 
2
6454 16 16 0
6453 16 2 0
2
42 47 
2
6455 16 16 0
6454 26 12 0
2
42 49 
2
6456 16 16 0
6455 32 14 0
2
42 52 
2
6457 16 16 0
6456 18 4 0
2
42 53 
2
6458 16 16 0
6457 18 8 0
2
42 54 
2
6459 16 16 0
6458 24 6 0
2
42 55 
2
6460 16 16 0
6459 24 2 0
2
42 56 
2
6461 16 16 0
6460 32 18 0
2
42 57 
2
6462 16 16 0
6461 22 28 0
2
42 58 
2
6463 16 16 0
6462 10 10 0
2
42 59 
2
6464 16 16 0
6463 28 16 0
2
42 60 
2
6465 16 16 0
6464 16 8 0
2
42 61 
2
6466 16 16 0
6465 18 30 0
2
42 62 
2
6467 16 16 0
6466 20 24 0
2
42 63 
2
6468 16 16 0
6467 16 12 0
2
42 64 
2
6469 16 16 0
6468 16 6 0
2
42 65 
2
6470 16 16 0
6469 10 6 0
2
40 42 
2
6470 10 16 0
6471 16 16 0
2
41 43 
2
6434 20 12 0
6435 18 14 0
2
42 237 
2
6472 16 16 0
6471 20 28 0
2
43 59 
2
6463 18 14 0
6464 28 16 0
2
42 238 
2
6473 16 16 0
6472 14 10 0
2
42 239 
2
6474 16 16 0
6473 16 20 0
2
42 50 
2
6475 16 16 0
6474 4 12 0
2
42 45 
2
6476 16 16 0
6475 16 2 0
2
42 47 
2
6477 16 16 0
6476 26 12 0
2
42 49 
2
6478 16 16 0
6477 32 14 0
2
42 52 
2
6479 16 16 0
6478 18 4 0
2
42 53 
2
6480 16 16 0
6479 18 8 0
2
42 54 
2
6481 16 16 0
6480 24 6 0
2
42 55 
2
6482 16 16 0
6481 24 2 0
2
42 56 
2
6483 16 16 0
6482 32 18 0
2
42 57 
2
6484 16 16 0
6483 22 28 0
2
42 58 
2
6485 16 16 0
6484 10 10 0
2
42 59 
2
6486 16 16 0
6485 28 16 0
2
42 60 
2
6487 16 16 0
6486 16 8 0
2
42 61 
2
6488 16 16 0
6487 18 30 0
2
42 62 
2
6489 16 16 0
6488 20 24 0
2
42 63 
2
6490 16 16 0
6489 16 12 0
2
42 64 
2
6491 16 16 0
6490 16 6 0
2
42 65 
2
6492 16 16 0
6491 10 6 0
2
20 40 
2
6470 14 16 0
6471 10 16 0
2
21 41 
2
6434 20 14 0
6435 20 12 0
2
18 38 
2
6421 4 18 0
6422 4 16 0
2
19 39 
2
5520 20 8 0
5521 22 8 0
2
16 36 
2
6374 4 24 0
6375 4 22 0
2
17 37 
2
5497 26 4 0
5498 24 4 0
2
14 34 
2
6245 4 26 0
6246 2 24 0
2
15 35 
2
5447 26 2 0
5448 28 2 0
2
12 32 
2
5986 2 26 0
5987 2 28 0
2
13 33 
2
5349 30 2 0
5350 32 2 0
2
10 30 
2
5485 6 28 0
5486 4 28 0
2
11 31 
2
5149 32 4 0
5150 32 6 0
2
8 28 
2
4498 6 30 0
4499 4 30 0
2
9 29 
2
4517 32 24 0
4518 32 26 0
2
26 28 
2
4499 2 30 0
4500 4 30 0
2
27 29 
2
4518 32 28 0
4519 32 26 0
2
30 30 
1
5487 4 28 0
2
28 30 
2
5487 4 30 0
5488 4 28 0
2
30 30 
1
5489 4 28 0
2
8 30 
2
5489 6 30 0
5490 4 28 0
2
30 30 
1
5491 4 28 0
2
28 30 
2
5491 4 30 0
5492 4 28 0
2
30 30 
1
5493 4 28 0
2
31 31 
1
5151 32 6 0
2
29 31 
2
5151 32 26 0
5152 32 6 0
2
31 31 
1
5153 32 6 0
2
9 31 
2
5153 32 24 0
5154 32 6 0
2
31 31 
1
5155 32 6 0
2
29 31 
2
5155 32 26 0
5156 32 6 0
2
31 31 
1
5157 32 6 0
2
32 32 
1
5988 2 28 0
2
30 32 
2
5988 4 28 0
5989 2 28 0
2
32 32 
1
5990 2 28 0
2
10 32 
2
5990 6 28 0
5991 2 28 0
2
32 32 
1
5992 2 28 0
2
30 32 
2
5992 4 28 0
5993 2 28 0
2
32 32 
1
5994 2 28 0
2
33 33 
1
5351 32 2 0
2
31 33 
2
5351 32 6 0
5352 32 2 0
2
33 33 
1
5353 32 2 0
2
11 33 
2
5353 32 4 0
5354 32 2 0
2
33 33 
1
5355 32 2 0
2
31 33 
2
5355 32 6 0
5356 32 2 0
2
33 33 
1
5357 32 2 0
2
34 34 
1
6247 2 24 0
2
32 34 
2
6247 2 28 0
6248 2 24 0
2
34 34 
1
6249 2 24 0
2
12 34 
2
6249 2 26 0
6250 2 24 0
2
34 34 
1
6251 2 24 0
2
32 34 
2
6251 2 28 0
6252 2 24 0
2
34 34 
1
6253 2 24 0
2
35 35 
1
5449 28 2 0
2
33 35 
2
5449 32 2 0
5450 28 2 0
2
35 35 
1
5451 28 2 0
2
13 35 
2
5451 30 2 0
5452 28 2 0
2
35 35 
1
5453 28 2 0
2
33 35 
2
5453 32 2 0
5454 28 2 0
2
35 35 
1
5455 28 2 0
2
36 36 
1
6376 4 22 0
2
34 36 
2
6376 2 24 0
6377 4 22 0
2
36 36 
1
6378 4 22 0
2
14 36 
2
6378 4 26 0
6379 4 22 0
2
36 36 
1
6380 4 22 0
2
34 36 
2
6380 2 24 0
6381 4 22 0
2
36 36 
1
6382 4 22 0
2
37 37 
1
5499 24 4 0
2
35 37 
2
5499 28 2 0
5500 24 4 0
2
37 37 
1
5501 24 4 0
2
15 37 
2
5501 26 2 0
5502 24 4 0
2
37 37 
1
5503 24 4 0
2
35 37 
2
5503 28 2 0
5504 24 4 0
2
37 37 
1
5505 24 4 0
2
38 38 
1
6423 4 16 0
2
36 38 
2
6423 4 22 0
6424 4 16 0
2
38 38 
1
6425 4 16 0
2
16 38 
2
6425 4 24 0
6426 4 16 0
2
38 38 
1
6427 4 16 0
2
36 38 
2
6427 4 22 0
6428 4 16 0
2
38 38 
1
6429 4 16 0
2
39 39 
1
5522 22 8 0
2
37 39 
2
5522 24 4 0
5523 22 8 0
2
39 39 
1
5524 22 8 0
2
17 39 
2
5524 26 4 0
5525 22 8 0
2
39 39 
1
5526 22 8 0
2
37 39 
2
5526 24 4 0
5527 22 8 0
2
39 39 
1
5528 22 8 0
2
40 40 
1
6472 10 16 0
2
38 40 
2
6472 4 16 0
6473 10 16 0
2
40 40 
1
6474 10 16 0
2
18 40 
2
6474 4 18 0
6475 10 16 0
2
40 40 
1
6476 10 16 0
2
38 40 
2
6476 4 16 0
6477 10 16 0
2
40 40 
1
6478 10 16 0
2
41 41 
1
6436 20 12 0
2
39 41 
2
6436 22 8 0
6437 20 12 0
2
41 41 
1
6438 20 12 0
2
19 41 
2
6438 20 8 0
6439 20 12 0
2
41 41 
1
6440 20 12 0
2
39 41 
2
6440 22 8 0
6441 20 12 0
2
41 41 
1
6442 20 12 0
2
42 42 
1
6493 16 16 0
2
40 42 
2
6493 10 16 0
6494 16 16 0
2
42 42 
1
6495 16 16 0
2
20 42 
2
6495 14 16 0
6496 16 16 0
2
42 42 
1
6497 16 16 0
2
40 42 
2
6497 10 16 0
6498 16 16 0
2
42 42 
1
6499 16 16 0
2
43 43 
1
6464 18 14 0
2
41 43 
2
6464 20 12 0
6465 18 14 0
2
43 43 
1
6466 18 14 0
2
21 43 
2
6466 20 14 0
6467 18 14 0
2
43 43 
1
6468 18 14 0
2
41 43 
2
6468 20 12 0
6469 18 14 0
2
43 43 
1
6470 18 14 0
2
42 64 
2
6500 16 16 0
6499 16 6 0
2
43 58 
2
6484 18 14 0
6485 10 10 0
2
42 65 
2
6501 16 16 0
6500 10 6 0
2
42 66 
2
6502 16 16 0
6501 18 22 0
2
40 42 
2
6502 10 16 0
6503 16 16 0
2
41 43 
2
6484 20 12 0
6485 18 14 0
2
42 64 
2
6504 16 16 0
6503 16 6 0
2
43 58 
2
6486 18 14 0
6486 10 10 0
2
42 65 
2
6505 16 16 0
6504 10 6 0
2
43 59 
2
6487 18 14 0
6486 28 16 0
2
42 66 
2
6506 16 16 0
6505 18 22 0
2
20 40 
2
6502 14 16 0
6503 10 16 0
2
21 41 
2
6484 20 14 0
6485 20 12 0
2
38 40 
2
6503 4 16 0
6504 10 16 0
2
39 41 
2
6485 22 8 0
6486 20 12 0
2
42 42 
1
6507 16 16 0
2
40 42 
2
6507 10 16 0
6508 16 16 0
2
42 42 
1
6509 16 16 0
2
20 42 
2
6509 14 16 0
6510 16 16 0
2
42 42 
1
6511 16 16 0
2
40 42 
2
6511 10 16 0
6512 16 16 0
2
42 42 
1
6513 16 16 0
2
43 43 
1
6488 18 14 0
2
41 43 
2
6488 20 12 0
6489 18 14 0
2
43 43 
1
6490 18 14 0
2
21 43 
2
6490 20 14 0
6491 18 14 0
2
43 43 
1
6492 18 14 0
2
41 43 
2
6492 20 12 0
6493 18 14 0
2
43 43 
1
6494 18 14 0
2
42 65 
2
6514 16 16 0
6513 10 6 0
2
43 61 
2
6495 18 14 0
6494 18 30 0
2
42 66 
2
6515 16 16 0
6514 18 22 0
2
42 67 
2
6516 16 16 0
6515 18 28 0
2
40 42 
2
6516 10 16 0
6517 16 16 0
2
41 43 
2
6495 20 12 0
6496 18 14 0
2
42 65 
2
6518 16 16 0
6517 10 6 0
2
43 60 
2
6497 18 14 0
6496 16 8 0
2
42 66 
2
6519 16 16 0
6518 18 22 0
2
42 67 
2
6520 16 16 0
6519 18 28 0
2
20 40 
2
6516 14 16 0
6517 10 16 0
2
21 41 
2
6495 20 14 0
6496 20 12 0
2
18 38 
2
6503 4 18 0
6504 4 16 0
2
19 39 
2
6485 20 8 0
6486 22 8 0
2
36 38 
2
6504 4 22 0
6505 4 16 0
2
37 39 
2
6486 24 4 0
6487 22 8 0
2
40 40 
1
6518 10 16 0
2
38 40 
2
6518 4 16 0
6519 10 16 0
2
40 40 
1
6520 10 16 0
2
18 40 
2
6520 4 18 0
6521 10 16 0
2
40 40 
1
6522 10 16 0
2
38 40 
2
6522 4 16 0
6523 10 16 0
2
40 40 
1
6524 10 16 0
2
41 41 
1
6497 20 12 0
2
39 41 
2
6497 22 8 0
6498 20 12 0
2
41 41 
1
6499 20 12 0
2
19 41 
2
6499 20 8 0
6500 20 12 0
2
41 41 
1
6501 20 12 0
2
39 41 
2
6501 22 8 0
6502 20 12 0
2
41 41 
1
6503 20 12 0
2
42 42 
1
6521 16 16 0
2
40 42 
2
6525 10 16 0
6524 16 16 0
2
42 42 
1
6525 16 16 0
2
20 42 
2
6525 14 16 0
6526 16 16 0
2
42 42 
1
6527 16 16 0
2
40 42 
2
6527 10 16 0
6528 16 16 0
2
42 42 
1
6529 16 16 0
2
43 43 
1
6498 18 14 0
2
41 43 
2
6504 20 12 0
6503 18 14 0
2
43 43 
1
6504 18 14 0
2
21 43 
2
6504 20 14 0
6505 18 14 0
2
43 43 
1
6506 18 14 0
2
41 43 
2
6506 20 12 0
6507 18 14 0
2
43 43 
1
6508 18 14 0
2
42 64 
2
6530 16 16 0
6529 16 6 0
2
43 60 
2
6509 18 14 0
6508 16 8 0
2
42 65 
2
6531 16 16 0
6530 10 6 0
2
43 61 
2
6510 18 14 0
6509 18 30 0
2
42 66 
2
6532 16 16 0
6531 18 22 0
2
42 67 
2
6533 16 16 0
6532 18 28 0
2
42 68 
2
6534 16 16 0
6533 18 12 0
2
42 86 
2
6535 16 16 0
6534 6 10 0
2
42 87 
2
6536 16 16 0
6535 22 14 0
2
42 89 
2
6537 16 16 0
6536 24 14 0
2
42 90 
2
6538 16 16 0
6537 20 10 0
2
42 91 
2
6539 16 16 0
6538 28 8 0
2
42 92 
2
6540 16 16 0
6539 32 12 0
2
42 93 
2
6541 16 16 0
6540 20 2 0
2
42 94 
2
6542 16 16 0
6541 8 6 0
2
42 95 
2
6543 16 16 0
6542 6 12 0
2
42 96 
2
6544 16 16 0
6543 16 4 0
2
42 97 
2
6545 16 16 0
6544 12 14 0
2
42 98 
2
6546 16 16 0
6545 22 16 0
2
42 99 
2
6547 16 16 0
6546 18 24 0
2
42 100 
2
6548 16 16 0
6547 12 10 0
2
42 101 
2
6549 16 16 0
6548 18 18 0
2
42 102 
2
6550 16 16 0
6549 14 8 0
2
40 42 
2
6550 10 16 0
6551 16 16 0
2
41 43 
2
6510 20 12 0
6511 18 14 0
2
42 64 
2
6552 16 16 0
6551 16 6 0
2
43 63 
2
6512 18 14 0
6511 16 12 0
2
42 65 
2
6553 16 16 0
6552 10 6 0
2
42 66 
2
6554 16 16 0
6553 18 22 0
2
42 67 
2
6555 16 16 0
6554 18 28 0
2
42 68 
2
6556 16 16 0
6555 18 12 0
2
42 86 
2
6557 16 16 0
6556 6 10 0
2
42 87 
2
6558 16 16 0
6557 22 14 0
2
42 89 
2
6559 16 16 0
6558 24 14 0
2
42 90 
2
6560 16 16 0
6559 20 10 0
2
42 91 
2
6561 16 16 0
6560 28 8 0
2
42 92 
2
6562 16 16 0
6561 32 12 0
2
42 93 
2
6563 16 16 0
6562 20 2 0
2
42 94 
2
6564 16 16 0
6563 8 6 0
2
42 95 
2
6565 16 16 0
6564 6 12 0
2
42 96 
2
6566 16 16 0
6565 16 4 0
2
42 97 
2
6567 16 16 0
6566 12 14 0
2
42 98 
2
6568 16 16 0
6567 22 16 0
2
42 99 
2
6569 16 16 0
6568 18 24 0
2
42 100 
2
6570 16 16 0
6569 12 10 0
2
42 101 
2
6571 16 16 0
6570 18 18 0
2
42 102 
2
6572 16 16 0
6571 14 8 0
2
20 40 
2
6550 14 16 0
6551 10 16 0
2
21 41 
2
6510 20 14 0
6511 20 12 0
2
38 40 
2
6551 4 16 0
6552 10 16 0
2
39 41 
2
6511 22 8 0
6512 20 12 0
2
42 42 
1
6573 16 16 0
2
40 42 
2
6573 10 16 0
6574 16 16 0
2
42 42 
1
6575 16 16 0
2
20 42 
2
6575 14 16 0
6576 16 16 0
2
42 42 
1
6577 16 16 0
2
40 42 
2
6577 10 16 0
6578 16 16 0
2
42 42 
1
6579 16 16 0
2
43 43 
1
6513 18 14 0
2
41 43 
2
6513 20 12 0
6514 18 14 0
2
43 43 
1
6515 18 14 0
2
21 43 
2
6515 20 14 0
6516 18 14 0
2
43 43 
1
6517 18 14 0
2
41 43 
2
6517 20 12 0
6518 18 14 0
2
43 43 
1
6519 18 14 0
2
42 65 
2
6580 16 16 0
6579 10 6 0
2
43 62 
2
6520 18 14 0
6519 20 24 0
2
42 66 
2
6581 16 16 0
6580 18 22 0
2
42 67 
2
6582 16 16 0
6581 18 28 0
2
42 68 
2
6583 16 16 0
6582 18 12 0
2
42 86 
2
6584 16 16 0
6583 6 10 0
2
42 87 
2
6585 16 16 0
6584 22 14 0
2
42 89 
2
6586 16 16 0
6585 24 14 0
2
42 90 
2
6587 16 16 0
6586 20 10 0
2
42 91 
2
6588 16 16 0
6587 28 8 0
2
42 92 
2
6589 16 16 0
6588 32 12 0
2
42 93 
2
6590 16 16 0
6589 20 2 0
2
42 94 
2
6591 16 16 0
6590 8 6 0
2
42 95 
2
6592 16 16 0
6591 6 12 0
2
42 96 
2
6593 16 16 0
6592 16 4 0
2
42 97 
2
6594 16 16 0
6593 12 14 0
2
42 98 
2
6595 16 16 0
6594 22 16 0
2
42 99 
2
6596 16 16 0
6595 18 24 0
2
42 100 
2
6597 16 16 0
6596 12 10 0
2
42 101 
2
6598 16 16 0
6597 18 18 0
2
42 102 
2
6599 16 16 0
6598 14 8 0
2
42 103 
2
6600 16 16 0
6599 14 6 0
2
40 42 
2
6600 10 16 0
6601 16 16 0
2
41 43 
2
6520 20 12 0
6521 18 14 0
2
42 65 
2
6602 16 16 0
6601 10 6 0
2
43 62 
2
6522 18 14 0
6521 20 24 0
2
42 66 
2
6603 16 16 0
6602 18 22 0
2
43 63 
2
6523 18 14 0
6522 16 12 0
2
42 67 
2
6604 16 16 0
6603 18 28 0
2
42 68 
2
6605 16 16 0
6604 18 12 0
2
42 86 
2
6606 16 16 0
6605 6 10 0
2
42 87 
2
6607 16 16 0
6606 22 14 0
2
42 89 
2
6608 16 16 0
6607 24 14 0
2
42 90 
2
6609 16 16 0
6608 20 10 0
2
42 91 
2
6610 16 16 0
6609 28 8 0
2
42 92 
2
6611 16 16 0
6610 32 12 0
2
42 93 
2
6612 16 16 0
6611 20 2 0
2
42 94 
2
6613 16 16 0
6612 8 6 0
2
42 95 
2
6614 16 16 0
6613 6 12 0
2
42 96 
2
6615 16 16 0
6614 16 4 0
2
42 97 
2
6616 16 16 0
6615 12 14 0
2
42 98 
2
6617 16 16 0
6616 22 16 0
2
42 99 
2
6618 16 16 0
6617 18 24 0
2
42 100 
2
6619 16 16 0
6618 12 10 0
2
42 101 
2
6620 16 16 0
6619 18 18 0
2
42 102 
2
6621 16 16 0
6620 14 8 0
2
42 103 
2
6622 16 16 0
6621 14 6 0
2
20 40 
2
6600 14 16 0
6601 10 16 0
2
21 41 
2
6520 20 14 0
6521 20 12 0
2
18 38 
2
6551 4 18 0
6552 4 16 0
2
19 39 
2
6511 20 8 0
6512 22 8 0
2
16 36 
2
6504 4 24 0
6505 4 22 0
2
17 37 
2
6486 26 4 0
6487 24 4 0
2
34 36 
2
6505 2 24 0
6506 4 22 0
2
35 37 
2
6487 28 2 0
6488 24 4 0
2
38 38 
1
6553 4 16 0
2
36 38 
2
6553 4 22 0
6554 4 16 0
2
38 38 
1
6555 4 16 0
2
16 38 
2
6555 4 24 0
6556 4 16 0
2
38 38 
1
6557 4 16 0
2
36 38 
2
6557 4 22 0
6558 4 16 0
2
38 38 
1
6559 4 16 0
2
39 39 
1
6513 22 8 0
2
37 39 
2
6513 24 4 0
6514 22 8 0
2
39 39 
1
6515 22 8 0
2
17 39 
2
6515 26 4 0
6516 22 8 0
2
39 39 
1
6517 22 8 0
2
37 39 
2
6517 24 4 0
6518 22 8 0
2
39 39 
1
6519 22 8 0
2
40 40 
1
6602 10 16 0
2
38 40 
2
6602 4 16 0
6603 10 16 0
2
40 40 
1
6604 10 16 0
2
18 40 
2
6604 4 18 0
6605 10 16 0
2
40 40 
1
6606 10 16 0
2
38 40 
2
6606 4 16 0
6607 10 16 0
2
40 40 
1
6608 10 16 0
2
41 41 
1
6522 20 12 0
2
39 41 
2
6522 22 8 0
6523 20 12 0
2
41 41 
1
6524 20 12 0
2
19 41 
2
6524 20 8 0
6525 20 12 0
2
41 41 
1
6526 20 12 0
2
39 41 
2
6526 22 8 0
6527 20 12 0
2
41 41 
1
6528 20 12 0
2
42 42 
1
6623 16 16 0
2
40 42 
2
6623 10 16 0
6624 16 16 0
2
42 42 
1
6625 16 16 0
2
20 42 
2
6625 14 16 0
6626 16 16 0
2
42 42 
1
6627 16 16 0
2
40 42 
2
6627 10 16 0
6628 16 16 0
2
42 42 
1
6629 16 16 0
2
43 43 
1
6524 18 14 0
2
41 43 
2
6529 20 12 0
6528 18 14 0
2
43 43 
1
6529 18 14 0
2
21 43 
2
6529 20 14 0
6530 18 14 0
2
43 43 
1
6531 18 14 0
2
41 43 
2
6531 20 12 0
6532 18 14 0
2
43 43 
1
6533 18 14 0
2
42 102 
2
6630 16 16 0
6629 14 8 0
2
43 65 
2
6601 18 14 0
6602 10 6 0
2
42 103 
2
6631 16 16 0
6630 14 6 0
2
42 104 
2
6632 16 16 0
6631 22 26 0
2
40 42 
2
6632 10 16 0
6633 16 16 0
2
41 43 
2
6601 20 12 0
6602 18 14 0
2
42 102 
2
6634 16 16 0
6633 14 8 0
2
43 64 
2
6603 18 14 0
6602 16 6 0
2
42 103 
2
6635 16 16 0
6634 14 6 0
2
42 104 
2
6636 16 16 0
6635 22 26 0
2
20 40 
2
6632 14 16 0
6633 10 16 0
2
21 41 
2
6601 20 14 0
6602 20 12 0
2
38 40 
2
6633 4 16 0
6634 10 16 0
2
39 41 
2
6602 22 8 0
6603 20 12 0
2
42 42 
1
6637 16 16 0
2
40 42 
2
6637 10 16 0
6638 16 16 0
2
42 42 
1
6639 16 16 0
2
20 42 
2
6639 14 16 0
6640 16 16 0
2
42 42 
1
6641 16 16 0
2
40 42 
2
6641 10 16 0
6642 16 16 0
2
42 42 
1
6643 16 16 0
2
43 43 
1
6604 18 14 0
2
41 43 
2
6604 20 12 0
6605 18 14 0
2
43 43 
1
6606 18 14 0
2
21 43 
2
6606 20 14 0
6607 18 14 0
2
43 43 
1
6608 18 14 0
2
41 43 
2
6608 20 12 0
6609 18 14 0
2
43 43 
1
6610 18 14 0
2
42 103 
2
6644 16 16 0
6643 14 6 0
2
43 64 
2
6611 18 14 0
6610 16 6 0
2
42 104 
2
6645 16 16 0
6644 22 26 0
2
43 65 
2
6612 18 14 0
6611 10 6 0
2
42 105 
2
6646 16 16 0
6645 20 16 0
2
40 42 
2
6646 10 16 0
6647 16 16 0
2
41 43 
2
6612 20 12 0
6613 18 14 0
2
42 103 
2
6648 16 16 0
6647 14 6 0
2
43 67 
2
6614 18 14 0
6613 18 28 0
2
42 104 
2
6649 16 16 0
6648 22 26 0
2
42 105 
2
6650 16 16 0
6649 20 16 0
2
20 40 
2
6646 14 16 0
6647 10 16 0
2
21 41 
2
6612 20 14 0
6613 20 12 0
2
18 38 
2
6633 4 18 0
6634 4 16 0
2
19 39 
2
6602 20 8 0
6603 22 8 0
2
36 38 
2
6634 4 22 0
6635 4 16 0
2
37 39 
2
6603 24 4 0
6604 22 8 0
2
40 40 
1
6648 10 16 0
2
38 40 
2
6648 4 16 0
6649 10 16 0
2
40 40 
1
6650 10 16 0
2
18 40 
2
6650 4 18 0
6651 10 16 0
2
40 40 
1
6652 10 16 0
2
38 40 
2
6652 4 16 0
6653 10 16 0
2
40 40 
1
6654 10 16 0
2
41 41 
1
6614 20 12 0
2
39 41 
2
6614 22 8 0
6615 20 12 0
2
41 41 
1
6616 20 12 0
2
19 41 
2
6616 20 8 0
6617 20 12 0
2
41 41 
1
6618 20 12 0
2
39 41 
2
6618 22 8 0
6619 20 12 0
2
41 41 
1
6620 20 12 0
2
42 42 
1
6651 16 16 0
2
40 42 
2
6655 10 16 0
6654 16 16 0
2
42 42 
1
6655 16 16 0
2
20 42 
2
6655 14 16 0
6656 16 16 0
2
42 42 
1
6657 16 16 0
2
40 42 
2
6657 10 16 0
6658 16 16 0
2
42 42 
1
6659 16 16 0
2
43 43 
1
6615 18 14 0
2
41 43 
2
6621 20 12 0
6620 18 14 0
2
43 43 
1
6621 18 14 0
2
21 43 
2
6621 20 14 0
6622 18 14 0
2
43 43 
1
6623 18 14 0
2
41 43 
2
6623 20 12 0
6624 18 14 0
2
43 43 
1
6625 18 14 0
2
42 102 
2
6660 16 16 0
6659 14 8 0
2
43 66 
2
6626 18 14 0
6625 18 22 0
2
42 103 
2
6661 16 16 0
6660 14 6 0
2
42 104 
2
6662 16 16 0
6661 22 26 0
2
42 105 
2
6663 16 16 0
6662 20 16 0
2
42 106 
2
6664 16 16 0
6663 24 20 0
2
42 107 
2
6665 16 16 0
6664 30 16 0
2
42 108 
2
6666 16 16 0
6665 28 10 0
2
42 109 
2
6667 16 16 0
6666 26 10 0
2
42 111 
2
6668 16 16 0
6667 18 6 0
2
42 112 
2
6669 16 16 0
6668 30 14 0
2
42 113 
2
6670 16 16 0
6669 22 4 0
2
42 114 
2
6671 16 16 0
6670 30 10 0
2
42 115 
2
6672 16 16 0
6671 2 10 0
2
42 116 
2
6673 16 16 0
6672 8 8 0
2
42 117 
2
6674 16 16 0
6673 12 8 0
2
42 118 
2
6675 16 16 0
6674 12 12 0
2
42 119 
2
6676 16 16 0
6675 22 18 0
2
42 120 
2
6677 16 16 0
6676 28 20 0
2
42 121 
2
6678 16 16 0
6677 8 14 0
2
42 122 
2
6679 16 16 0
6678 12 6 0
2
42 123 
2
6680 16 16 0
6679 22 20 0
2
40 42 
2
6680 10 16 0
6681 16 16 0
2
41 43 
2
6626 20 12 0
6627 18 14 0
2
42 102 
2
6682 16 16 0
6681 14 8 0
2
43 66 
2
6628 18 14 0
6627 18 22 0
2
42 103 
2
6683 16 16 0
6682 14 6 0
2
43 67 
2
6629 18 14 0
6628 18 28 0
2
42 104 
2
6684 16 16 0
6683 22 26 0
2
42 105 
2
6685 16 16 0
6684 20 16 0
2
42 106 
2
6686 16 16 0
6685 24 20 0
2
42 107 
2
6687 16 16 0
6686 30 16 0
2
42 108 
2
6688 16 16 0
6687 28 10 0
2
42 109 
2
6689 16 16 0
6688 26 10 0
2
42 111 
2
6690 16 16 0
6689 18 6 0
2
42 112 
2
6691 16 16 0
6690 30 14 0
2
42 113 
2
6692 16 16 0
6691 22 4 0
2
42 114 
2
6693 16 16 0
6692 30 10 0
2
42 115 
2
6694 16 16 0
6693 2 10 0
2
42 116 
2
6695 16 16 0
6694 8 8 0
2
42 117 
2
6696 16 16 0
6695 12 8 0
2
42 118 
2
6697 16 16 0
6696 12 12 0
2
42 119 
2
6698 16 16 0
6697 22 18 0
2
42 120 
2
6699 16 16 0
6698 28 20 0
2
42 121 
2
6700 16 16 0
6699 8 14 0
2
42 122 
2
6701 16 16 0
6700 12 6 0
2
42 123 
2
6702 16 16 0
6701 22 20 0
2
20 40 
2
6680 14 16 0
6681 10 16 0
2
21 41 
2
6626 20 14 0
6627 20 12 0
2
38 40 
2
6681 4 16 0
6682 10 16 0
2
39 41 
2
6627 22 8 0
6628 20 12 0
2
42 42 
1
6703 16 16 0
2
40 42 
2
6703 10 16 0
6704 16 16 0
2
42 42 
1
6705 16 16 0
2
20 42 
2
6705 14 16 0
6706 16 16 0
2
42 42 
1
6707 16 16 0
2
40 42 
2
6707 10 16 0
6708 16 16 0
2
42 42 
1
6709 16 16 0
2
43 43 
1
6630 18 14 0
2
41 43 
2
6630 20 12 0
6631 18 14 0
2
43 43 
1
6632 18 14 0
2
21 43 
2
6632 20 14 0
6633 18 14 0
2
43 43 
1
6634 18 14 0
2
41 43 
2
6634 20 12 0
6635 18 14 0
2
43 43 
1
6636 18 14 0
2
42 103 
2
6710 16 16 0
6709 14 6 0
2
43 86 
2
6637 18 14 0
6636 6 10 0
2
42 104 
2
6711 16 16 0
6710 22 26 0
2
42 105 
2
6712 16 16 0
6711 20 16 0
2
42 106 
2
6713 16 16 0
6712 24 20 0
2
42 107 
2
6714 16 16 0
6713 30 16 0
2
42 108 
2
6715 16 16 0
6714 28 10 0
2
42 109 
2
6716 16 16 0
6715 26 10 0
2
42 111 
2
6717 16 16 0
6716 18 6 0
2
42 112 
2
6718 16 16 0
6717 30 14 0
2
42 113 
2
6719 16 16 0
6718 22 4 0
2
42 114 
2
6720 16 16 0
6719 30 10 0
2
42 115 
2
6721 16 16 0
6720 2 10 0
2
42 116 
2
6722 16 16 0
6721 8 8 0
2
42 117 
2
6723 16 16 0
6722 12 8 0
2
42 118 
2
6724 16 16 0
6723 12 12 0
2
42 119 
2
6725 16 16 0
6724 22 18 0
2
42 120 
2
6726 16 16 0
6725 28 20 0
2
42 121 
2
6727 16 16 0
6726 8 14 0
2
42 122 
2
6728 16 16 0
6727 12 6 0
2
42 123 
2
6729 16 16 0
6728 22 20 0
2
42 124 
2
6730 16 16 0
6729 20 26 0
2
40 42 
2
6730 10 16 0
6731 16 16 0
2
41 43 
2
6637 20 12 0
6638 18 14 0
2
42 103 
2
6732 16 16 0
6731 14 6 0
2
43 68 
2
6639 18 14 0
6638 18 12 0
2
42 104 
2
6733 16 16 0
6732 22 26 0
2
42 105 
2
6734 16 16 0
6733 20 16 0
2
42 106 
2
6735 16 16 0
6734 24 20 0
2
42 107 
2
6736 16 16 0
6735 30 16 0
2
42 108 
2
6737 16 16 0
6736 28 10 0
2
42 109 
2
6738 16 16 0
6737 26 10 0
2
42 111 
2
6739 16 16 0
6738 18 6 0
2
42 112 
2
6740 16 16 0
6739 30 14 0
2
42 113 
2
6741 16 16 0
6740 22 4 0
2
42 114 
2
6742 16 16 0
6741 30 10 0
2
42 115 
2
6743 16 16 0
6742 2 10 0
2
42 116 
2
6744 16 16 0
6743 8 8 0
2
42 117 
2
6745 16 16 0
6744 12 8 0
2
42 118 
2
6746 16 16 0
6745 12 12 0
2
42 119 
2
6747 16 16 0
6746 22 18 0
2
42 120 
2
6748 16 16 0
6747 28 20 0
2
42 121 
2
6749 16 16 0
6748 8 14 0
2
42 122 
2
6750 16 16 0
6749 12 6 0
2
42 123 
2
6751 16 16 0
6750 22 20 0
2
42 124 
2
6752 16 16 0
6751 20 26 0
2
20 40 
2
6730 14 16 0
6731 10 16 0
2
21 41 
2
6637 20 14 0
6638 20 12 0
2
18 38 
2
6681 4 18 0
6682 4 16 0
2
19 39 
2
6627 20 8 0
6628 22 8 0
2
16 36 
2
6634 4 24 0
6635 4 22 0
2
17 37 
2
6603 26 4 0
6604 24 4 0
2
14 34 
2
6505 4 26 0
6506 2 24 0
2
15 35 
2
6487 26 2 0
6488 28 2 0
2
32 34 
2
6506 2 28 0
6507 2 24 0
2
33 35 
2
6488 32 2 0
6489 28 2 0
2
36 36 
1
6636 4 22 0
2
34 36 
2
6636 2 24 0
6637 4 22 0
2
36 36 
1
6638 4 22 0
2
14 36 
2
6638 4 26 0
6639 4 22 0
2
36 36 
1
6640 4 22 0
2
34 36 
2
6640 2 24 0
6641 4 22 0
2
36 36 
1
6642 4 22 0
2
37 37 
1
6605 24 4 0
2
35 37 
2
6605 28 2 0
6606 24 4 0
2
37 37 
1
6607 24 4 0
2
15 37 
2
6607 26 2 0
6608 24 4 0
2
37 37 
1
6609 24 4 0
2
35 37 
2
6609 28 2 0
6610 24 4 0
2
37 37 
1
6611 24 4 0
2
38 38 
1
6683 4 16 0
2
36 38 
2
6683 4 22 0
6684 4 16 0
2
38 38 
1
6685 4 16 0
2
16 38 
2
6685 4 24 0
6686 4 16 0
2
38 38 
1
6687 4 16 0
2
36 38 
2
6687 4 22 0
6688 4 16 0
2
38 38 
1
6689 4 16 0
2
39 39 
1
6629 22 8 0
2
37 39 
2
6629 24 4 0
6630 22 8 0
2
39 39 
1
6631 22 8 0
2
17 39 
2
6631 26 4 0
6632 22 8 0
2
39 39 
1
6633 22 8 0
2
37 39 
2
6633 24 4 0
6634 22 8 0
2
39 39 
1
6635 22 8 0
2
40 40 
1
6732 10 16 0
2
38 40 
2
6732 4 16 0
6733 10 16 0
2
40 40 
1
6734 10 16 0
2
18 40 
2
6734 4 18 0
6735 10 16 0
2
40 40 
1
6736 10 16 0
2
38 40 
2
6736 4 16 0
6737 10 16 0
2
40 40 
1
6738 10 16 0
2
41 41 
1
6639 20 12 0
2
39 41 
2
6639 22 8 0
6640 20 12 0
2
41 41 
1
6641 20 12 0
2
19 41 
2
6641 20 8 0
6642 20 12 0
2
41 41 
1
6643 20 12 0
2
39 41 
2
6643 22 8 0
6644 20 12 0
2
41 41 
1
6645 20 12 0
2
42 42 
1
6753 16 16 0
2
40 42 
2
6753 10 16 0
6754 16 16 0
2
42 42 
1
6755 16 16 0
2
20 42 
2
6755 14 16 0
6756 16 16 0
2
42 42 
1
6757 16 16 0
2
40 42 
2
6757 10 16 0
6758 16 16 0
2
42 42 
1
6759 16 16 0
2
43 43 
1
6640 18 14 0
2
41 43 
2
6646 20 12 0
6645 18 14 0
2
43 43 
1
6646 18 14 0
2
21 43 
2
6646 20 14 0
6647 18 14 0
2
43 43 
1
6648 18 14 0
2
41 43 
2
6648 20 12 0
6649 18 14 0
2
43 43 
1
6650 18 14 0
2
42 123 
2
6760 16 16 0
6759 22 20 0
2
43 68 
2
6651 18 14 0
6650 18 12 0
2
42 124 
2
6761 16 16 0
6760 20 26 0
2
43 86 
2
6652 18 14 0
6651 6 10 0
2
42 125 
2
6762 16 16 0
6761 12 16 0
2
40 42 
2
6762 10 16 0
6763 16 16 0
2
41 43 
2
6652 20 12 0
6653 18 14 0
2
42 123 
2
6764 16 16 0
6763 22 20 0
2
43 89 
2
6654 18 14 0
6653 24 14 0
2
42 124 
2
6765 16 16 0
6764 20 26 0
2
42 125 
2
6766 16 16 0
6765 12 16 0
2
20 40 
2
6762 14 16 0
6763 10 16 0
2
21 41 
2
6652 20 14 0
6653 20 12 0
2
38 40 
2
6763 4 16 0
6764 10 16 0
2
39 41 
2
6653 22 8 0
6654 20 12 0
2
42 42 
1
6767 16 16 0
2
40 42 
2
6767 10 16 0
6768 16 16 0
2
42 42 
1
6769 16 16 0
2
20 42 
2
6769 14 16 0
6770 16 16 0
2
42 42 
1
6771 16 16 0
2
40 42 
2
6771 10 16 0
6772 16 16 0
2
42 42 
1
6773 16 16 0
2
43 43 
1
6655 18 14 0
2
41 43 
2
6655 20 12 0
6656 18 14 0
2
43 43 
1
6657 18 14 0
2
21 43 
2
6657 20 14 0
6658 18 14 0
2
43 43 
1
6659 18 14 0
2
41 43 
2
6659 20 12 0
6660 18 14 0
2
43 43 
1
6661 18 14 0
2
42 124 
2
6774 16 16 0
6773 20 26 0
2
43 87 
2
6662 18 14 0
6661 22 14 0
2
42 125 
2
6775 16 16 0
6774 12 16 0
2
42 126 
2
6776 16 16 0
6775 16 10 0
2
40 42 
2
6776 10 16 0
6777 16 16 0
2
41 43 
2
6662 20 12 0
6663 18 14 0
2
42 124 
2
6778 16 16 0
6777 20 26 0
2
43 87 
2
6664 18 14 0
6663 22 14 0
2
42 125 
2
6779 16 16 0
6778 12 16 0
2
43 89 
2
6665 18 14 0
6664 24 14 0
2
42 126 
2
6780 16 16 0
6779 16 10 0
2
20 40 
2
6776 14 16 0
6777 10 16 0
2
21 41 
2
6662 20 14 0
6663 20 12 0
2
18 38 
2
6763 4 18 0
6764 4 16 0
2
19 39 
2
6653 20 8 0
6654 22 8 0
2
36 38 
2
6764 4 22 0
6765 4 16 0
2
37 39 
2
6654 24 4 0
6655 22 8 0
2
40 40 
1
6778 10 16 0
2
38 40 
2
6778 4 16 0
6779 10 16 0
2
40 40 
1
6780 10 16 0
2
18 40 
2
6780 4 18 0
6781 10 16 0
2
40 40 
1
6782 10 16 0
2
38 40 
2
6782 4 16 0
6783 10 16 0
2
40 40 
1
6784 10 16 0
2
41 41 
1
6664 20 12 0
2
39 41 
2
6664 22 8 0
6665 20 12 0
2
41 41 
1
6666 20 12 0
2
19 41 
2
6666 20 8 0
6667 20 12 0
2
41 41 
1
6668 20 12 0
2
39 41 
2
6668 22 8 0
6669 20 12 0
2
41 41 
1
6670 20 12 0
2
42 42 
1
6781 16 16 0
2
40 42 
2
6785 10 16 0
6784 16 16 0
2
42 42 
1
6785 16 16 0
2
20 42 
2
6785 14 16 0
6786 16 16 0
2
42 42 
1
6787 16 16 0
2
40 42 
2
6787 10 16 0
6788 16 16 0
2
42 42 
1
6789 16 16 0
2
43 43 
1
6666 18 14 0
2
41 43 
2
6671 20 12 0
6670 18 14 0
2
43 43 
1
6671 18 14 0
2
21 43 
2
6671 20 14 0
6672 18 14 0
2
43 43 
1
6673 18 14 0
2
41 43 
2
6673 20 12 0
6674 18 14 0
2
43 43 
1
6675 18 14 0
2
42 123 
2
6790 16 16 0
6789 22 20 0
2
43 91 
2
6676 18 14 0
6675 28 8 0
2
42 124 
2
6791 16 16 0
6790 20 26 0
2
42 125 
2
6792 16 16 0
6791 12 16 0
2
42 126 
2
6793 16 16 0
6792 16 10 0
2
42 128 
2
6794 16 16 0
6793 16 14 0
2
42 129 
2
6795 16 16 0
6794 28 12 0
2
42 130 
2
6796 16 16 0
6795 22 6 0
2
42 131 
2
6797 16 16 0
6796 28 14 0
2
42 149 
2
6798 16 16 0
6797 20 6 0
2
42 150 
2
6799 16 16 0
6798 24 8 0
2
42 151 
2
6800 16 16 0
6799 22 2 0
2
42 152 
2
6801 16 16 0
6800 22 30 0
2
42 153 
2
6802 16 16 0
6801 24 26 0
2
42 154 
2
6803 16 16 0
6802 28 18 0
2
42 155 
2
6804 16 16 0
6803 22 22 0
2
42 156 
2
6805 16 16 0
6804 26 18 0
2
42 157 
2
6806 16 16 0
6805 24 16 0
2
42 158 
2
6807 16 16 0
6806 4 14 0
2
42 159 
2
6808 16 16 0
6807 14 4 0
2
42 160 
2
6809 16 16 0
6808 10 14 0
2
42 161 
2
6810 16 16 0
6809 14 2 0
2
40 42 
2
6810 10 16 0
6811 16 16 0
2
41 43 
2
6676 20 12 0
6677 18 14 0
2
42 123 
2
6812 16 16 0
6811 22 20 0
2
43 90 
2
6678 18 14 0
6677 20 10 0
2
42 124 
2
6813 16 16 0
6812 20 26 0
2
42 125 
2
6814 16 16 0
6813 12 16 0
2
42 126 
2
6815 16 16 0
6814 16 10 0
2
42 128 
2
6816 16 16 0
6815 16 14 0
2
42 129 
2
6817 16 16 0
6816 28 12 0
2
42 130 
2
6818 16 16 0
6817 22 6 0
2
42 131 
2
6819 16 16 0
6818 28 14 0
2
42 149 
2
6820 16 16 0
6819 20 6 0
2
42 150 
2
6821 16 16 0
6820 24 8 0
2
42 151 
2
6822 16 16 0
6821 22 2 0
2
42 152 
2
6823 16 16 0
6822 22 30 0
2
42 153 
2
6824 16 16 0
6823 24 26 0
2
42 154 
2
6825 16 16 0
6824 28 18 0
2
42 155 
2
6826 16 16 0
6825 22 22 0
2
42 156 
2
6827 16 16 0
6826 26 18 0
2
42 157 
2
6828 16 16 0
6827 24 16 0
2
42 158 
2
6829 16 16 0
6828 4 14 0
2
42 159 
2
6830 16 16 0
6829 14 4 0
2
42 160 
2
6831 16 16 0
6830 10 14 0
2
42 161 
2
6832 16 16 0
6831 14 2 0
2
20 40 
2
6810 14 16 0
6811 10 16 0
2
21 41 
2
6676 20 14 0
6677 20 12 0
2
38 40 
2
6811 4 16 0
6812 10 16 0
2
39 41 
2
6677 22 8 0
6678 20 12 0
2
42 42 
1
6833 16 16 0
2
40 42 
2
6833 10 16 0
6834 16 16 0
2
42 42 
1
6835 16 16 0
2
20 42 
2
6835 14 16 0
6836 16 16 0
2
42 42 
1
6837 16 16 0
2
40 42 
2
6837 10 16 0
6838 16 16 0
2
42 42 
1
6839 16 16 0
2
43 43 
1
6679 18 14 0
2
41 43 
2
6679 20 12 0
6680 18 14 0
2
43 43 
1
6681 18 14 0
2
21 43 
2
6681 20 14 0
6682 18 14 0
2
43 43 
1
6683 18 14 0
2
41 43 
2
6683 20 12 0
6684 18 14 0
2
43 43 
1
6685 18 14 0
2
42 124 
2
6840 16 16 0
6839 20 26 0
2
43 90 
2
6686 18 14 0
6685 20 10 0
2
42 125 
2
6841 16 16 0
6840 12 16 0
2
43 91 
2
6687 18 14 0
6686 28 8 0
2
42 126 
2
6842 16 16 0
6841 16 10 0
2
42 128 
2
6843 16 16 0
6842 16 14 0
2
42 129 
2
6844 16 16 0
6843 28 12 0
2
42 130 
2
6845 16 16 0
6844 22 6 0
2
42 131 
2
6846 16 16 0
6845 28 14 0
2
42 149 
2
6847 16 16 0
6846 20 6 0
2
42 150 
2
6848 16 16 0
6847 24 8 0
2
42 151 
2
6849 16 16 0
6848 22 2 0
2
42 152 
2
6850 16 16 0
6849 22 30 0
2
42 153 
2
6851 16 16 0
6850 24 26 0
2
42 154 
2
6852 16 16 0
6851 28 18 0
2
42 155 
2
6853 16 16 0
6852 22 22 0
2
42 156 
2
6854 16 16 0
6853 26 18 0
2
42 157 
2
6855 16 16 0
6854 24 16 0
2
42 158 
2
6856 16 16 0
6855 4 14 0
2
42 159 
2
6857 16 16 0
6856 14 4 0
2
42 160 
2
6858 16 16 0
6857 10 14 0
2
42 161 
2
6859 16 16 0
6858 14 2 0
2
42 162 
2
6860 16 16 0
6859 30 18 0
2
40 42 
2
6860 10 16 0
6861 16 16 0
2
41 43 
2
6687 20 12 0
6688 18 14 0
2
42 124 
2
6862 16 16 0
6861 20 26 0
2
43 93 
2
6689 18 14 0
6688 20 2 0
2
42 125 
2
6863 16 16 0
6862 12 16 0
2
42 126 
2
6864 16 16 0
6863 16 10 0
2
42 128 
2
6865 16 16 0
6864 16 14 0
2
42 129 
2
6866 16 16 0
6865 28 12 0
2
42 130 
2
6867 16 16 0
6866 22 6 0
2
42 131 
2
6868 16 16 0
6867 28 14 0
2
42 149 
2
6869 16 16 0
6868 20 6 0
2
42 150 
2
6870 16 16 0
6869 24 8 0
2
42 151 
2
6871 16 16 0
6870 22 2 0
2
42 152 
2
6872 16 16 0
6871 22 30 0
2
42 153 
2
6873 16 16 0
6872 24 26 0
2
42 154 
2
6874 16 16 0
6873 28 18 0
2
42 155 
2
6875 16 16 0
6874 22 22 0
2
42 156 
2
6876 16 16 0
6875 26 18 0
2
42 157 
2
6877 16 16 0
6876 24 16 0
2
42 158 
2
6878 16 16 0
6877 4 14 0
2
42 159 
2
6879 16 16 0
6878 14 4 0
2
42 160 
2
6880 16 16 0
6879 10 14 0
2
42 161 
2
6881 16 16 0
6880 14 2 0
2
42 162 
2
6882 16 16 0
6881 30 18 0
2
20 40 
2
6860 14 16 0
6861 10 16 0
2
21 41 
2
6687 20 14 0
6688 20 12 0
2
18 38 
2
6811 4 18 0
6812 4 16 0
2
19 39 
2
6677 20 8 0
6678 22 8 0
2
16 36 
2
6764 4 24 0
6765 4 22 0
2
17 37 
2
6654 26 4 0
6655 24 4 0
2
34 36 
2
6765 2 24 0
6766 4 22 0
2
35 37 
2
6655 28 2 0
6656 24 4 0
2
38 38 
1
6813 4 16 0
2
36 38 
2
6813 4 22 0
6814 4 16 0
2
38 38 
1
6815 4 16 0
2
16 38 
2
6815 4 24 0
6816 4 16 0
2
38 38 
1
6817 4 16 0
2
36 38 
2
6817 4 22 0
6818 4 16 0
2
38 38 
1
6819 4 16 0
2
39 39 
1
6679 22 8 0
2
37 39 
2
6679 24 4 0
6680 22 8 0
2
39 39 
1
6681 22 8 0
2
17 39 
2
6681 26 4 0
6682 22 8 0
2
39 39 
1
6683 22 8 0
2
37 39 
2
6683 24 4 0
6684 22 8 0
2
39 39 
1
6685 22 8 0
2
40 40 
1
6862 10 16 0
2
38 40 
2
6862 4 16 0
6863 10 16 0
2
40 40 
1
6864 10 16 0
2
18 40 
2
6864 4 18 0
6865 10 16 0
2
40 40 
1
6866 10 16 0
2
38 40 
2
6866 4 16 0
6867 10 16 0
2
40 40 
1
6868 10 16 0
2
41 41 
1
6689 20 12 0
2
39 41 
2
6689 22 8 0
6690 20 12 0
2
41 41 
1
6691 20 12 0
2
19 41 
2
6691 20 8 0
6692 20 12 0
2
41 41 
1
6693 20 12 0
2
39 41 
2
6693 22 8 0
6694 20 12 0
2
41 41 
1
6695 20 12 0
2
42 42 
1
6883 16 16 0
2
40 42 
2
6883 10 16 0
6884 16 16 0
2
42 42 
1
6885 16 16 0
2
20 42 
2
6885 14 16 0
6886 16 16 0
2
42 42 
1
6887 16 16 0
2
40 42 
2
6887 10 16 0
6888 16 16 0
2
42 42 
1
6889 16 16 0
2
43 43 
1
6690 18 14 0
2
41 43 
2
6696 20 12 0
6695 18 14 0
2
43 43 
1
6696 18 14 0
2
21 43 
2
6696 20 14 0
6697 18 14 0
2
43 43 
1
6698 18 14 0
2
41 43 
2
6698 20 12 0
6699 18 14 0
2
43 43 
1
6700 18 14 0
2
42 161 
2
6890 16 16 0
6889 14 2 0
2
43 92 
2
6701 18 14 0
6700 32 12 0
2
42 162 
2
6891 16 16 0
6890 30 18 0
2
42 163 
2
6892 16 16 0
6891 24 22 0
2
40 42 
2
6892 10 16 0
6893 16 16 0
2
41 43 
2
6701 20 12 0
6702 18 14 0
2
42 161 
2
6894 16 16 0
6893 14 2 0
2
43 92 
2
6703 18 14 0
6702 32 12 0
2
42 162 
2
6895 16 16 0
6894 30 18 0
2
43 93 
2
6704 18 14 0
6703 20 2 0
2
42 163 
2
6896 16 16 0
6895 24 22 0
2
20 40 
2
6892 14 16 0
6893 10 16 0
2
21 41 
2
6701 20 14 0
6702 20 12 0
2
38 40 
2
6893 4 16 0
6894 10 16 0
2
39 41 
2
6702 22 8 0
6703 20 12 0
2
42 42 
1
6897 16 16 0
2
40 42 
2
6897 10 16 0
6898 16 16 0
2
42 42 
1
6899 16 16 0
2
20 42 
2
6899 14 16 0
6900 16 16 0
2
42 42 
1
6901 16 16 0
2
40 42 
2
6901 10 16 0
6902 16 16 0
2
42 42 
1
6903 16 16 0
2
43 43 
1
6705 18 14 0
2
41 43 
2
6705 20 12 0
6706 18 14 0
2
43 43 
1
6707 18 14 0
2
21 43 
2
6707 20 14 0
6708 18 14 0
2
43 43 
1
6709 18 14 0
2
41 43 
2
6709 20 12 0
6710 18 14 0
2
43 43 
1
6711 18 14 0
2
42 162 
2
6904 16 16 0
6903 30 18 0
2
43 95 
2
6712 18 14 0
6711 6 12 0
2
42 163 
2
6905 16 16 0
6904 24 22 0
2
42 164 
2
6906 16 16 0
6905 26 20 0
2
40 42 
2
6906 10 16 0
6907 16 16 0
2
41 43 
2
6712 20 12 0
6713 18 14 0
2
42 162 
2
6908 16 16 0
6907 30 18 0
2
43 94 
2
6714 18 14 0
6713 8 6 0
2
42 163 
2
6909 16 16 0
6908 24 22 0
2
42 164 
2
6910 16 16 0
6909 26 20 0
2
20 40 
2
6906 14 16 0
6907 10 16 0
2
21 41 
2
6712 20 14 0
6713 20 12 0
2
18 38 
2
6893 4 18 0
6894 4 16 0
2
19 39 
2
6702 20 8 0
6703 22 8 0
2
36 38 
2
6894 4 22 0
6895 4 16 0
2
37 39 
2
6703 24 4 0
6704 22 8 0
2
40 40 
1
6908 10 16 0
2
38 40 
2
6908 4 16 0
6909 10 16 0
2
40 40 
1
6910 10 16 0
2
18 40 
2
6910 4 18 0
6911 10 16 0
2
40 40 
1
6912 10 16 0
2
38 40 
2
6912 4 16 0
6913 10 16 0
2
40 40 
1
6914 10 16 0
2
41 41 
1
6714 20 12 0
2
39 41 
2
6714 22 8 0
6715 20 12 0
2
41 41 
1
6716 20 12 0
2
19 41 
2
6716 20 8 0
6717 20 12 0
2
41 41 
1
6718 20 12 0
2
39 41 
2
6718 22 8 0
6719 20 12 0
2
41 41 
1
6720 20 12 0
2
42 42 
1
6911 16 16 0
2
40 42 
2
6915 10 16 0
6914 16 16 0
2
42 42 
1
6915 16 16 0
2
20 42 
2
6915 14 16 0
6916 16 16 0
2
42 42 
1
6917 16 16 0
2
40 42 
2
6917 10 16 0
6918 16 16 0
2
42 42 
1
6919 16 16 0
2
43 43 
1
6715 18 14 0
2
41 43 
2
6721 20 12 0
6720 18 14 0
2
43 43 
1
6721 18 14 0
2
21 43 
2
6721 20 14 0
6722 18 14 0
2
43 43 
1
6723 18 14 0
2
41 43 
2
6723 20 12 0
6724 18 14 0
2
43 43 
1
6725 18 14 0
2
42 161 
2
6920 16 16 0
6919 14 2 0
2
43 94 
2
6726 18 14 0
6725 8 6 0
2
42 162 
2
6921 16 16 0
6920 30 18 0
2
43 95 
2
6727 18 14 0
6726 6 12 0
2
42 163 
2
6922 16 16 0
6921 24 22 0
2
42 164 
2
6923 16 16 0
6922 26 20 0
2
42 166 
2
6924 16 16 0
6923 20 22 0
2
42 167 
2
6925 16 16 0
6924 22 12 0
2
42 168 
2
6926 16 16 0
6925 24 10 0
2
42 169 
2
6927 16 16 0
6926 18 2 0
2
42 170 
2
6928 16 16 0
6927 26 14 0
2
42 171 
2
6929 16 16 0
6928 20 4 0
2
42 172 
2
6930 16 16 0
6929 26 8 0
2
42 173 
2
6931 16 16 0
6930 26 6 0
2
42 174 
2
6932 16 16 0
6931 20 32 0
2
42 175 
2
6933 16 16 0
6932 6 8 0
2
42 176 
2
6934 16 16 0
6933 20 30 0
2
42 177 
2
6935 16 16 0
6934 8 4 0
2
42 178 
2
6936 16 16 0
6935 10 2 0
2
42 179 
2
6937 16 16 0
6936 30 22 0
2
42 180 
2
6938 16 16 0
6937 26 26 0
2
42 181 
2
6939 16 16 0
6938 32 20 0
2
42 182 
2
6940 16 16 0
6939 32 10 0
2
40 42 
2
6940 10 16 0
6941 16 16 0
2
41 43 
2
6727 20 12 0
6728 18 14 0
2
42 161 
2
6942 16 16 0
6941 14 2 0
2
43 97 
2
6729 18 14 0
6728 12 14 0
2
42 162 
2
6943 16 16 0
6942 30 18 0
2
42 163 
2
6944 16 16 0
6943 24 22 0
2
42 164 
2
6945 16 16 0
6944 26 20 0
2
42 166 
2
6946 16 16 0
6945 20 22 0
2
42 167 
2
6947 16 16 0
6946 22 12 0
2
42 168 
2
6948 16 16 0
6947 24 10 0
2
42 169 
2
6949 16 16 0
6948 18 2 0
2
42 170 
2
6950 16 16 0
6949 26 14 0
2
42 171 
2
6951 16 16 0
6950 20 4 0
2
42 172 
2
6952 16 16 0
6951 26 8 0
2
42 173 
2
6953 16 16 0
6952 26 6 0
2
42 174 
2
6954 16 16 0
6953 20 32 0
2
42 175 
2
6955 16 16 0
6954 6 8 0
2
42 176 
2
6956 16 16 0
6955 20 30 0
2
42 177 
2
6957 16 16 0
6956 8 4 0
2
42 178 
2
6958 16 16 0
6957 10 2 0
2
42 179 
2
6959 16 16 0
6958 30 22 0
2
42 180 
2
6960 16 16 0
6959 26 26 0
2
42 181 
2
6961 16 16 0
6960 32 20 0
2
42 182 
2
6962 16 16 0
6961 32 10 0
2
20 40 
2
6940 14 16 0
6941 10 16 0
2
21 41 
2
6727 20 14 0
6728 20 12 0
2
38 40 
2
6941 4 16 0
6942 10 16 0
2
39 41 
2
6728 22 8 0
6729 20 12 0
2
42 42 
1
6963 16 16 0
2
40 42 
2
6963 10 16 0
6964 16 16 0
2
42 42 
1
6965 16 16 0
2
20 42 
2
6965 14 16 0
6966 16 16 0
2
42 42 
1
6967 16 16 0
2
40 42 
2
6967 10 16 0
6968 16 16 0
2
42 42 
1
6969 16 16 0
2
43 43 
1
6730 18 14 0
2
41 43 
2
6730 20 12 0
6731 18 14 0
2
43 43 
1
6732 18 14 0
2
21 43 
2
6732 20 14 0
6733 18 14 0
2
43 43 
1
6734 18 14 0
2
41 43 
2
6734 20 12 0
6735 18 14 0
2
43 43 
1
6736 18 14 0
2
42 162 
2
6970 16 16 0
6969 30 18 0
2
43 96 
2
6737 18 14 0
6736 16 4 0
2
42 163 
2
6971 16 16 0
6970 24 22 0
2
42 164 
2
6972 16 16 0
6971 26 20 0
2
42 166 
2
6973 16 16 0
6972 20 22 0
2
42 167 
2
6974 16 16 0
6973 22 12 0
2
42 168 
2
6975 16 16 0
6974 24 10 0
2
42 169 
2
6976 16 16 0
6975 18 2 0
2
42 170 
2
6977 16 16 0
6976 26 14 0
2
42 171 
2
6978 16 16 0
6977 20 4 0
2
42 172 
2
6979 16 16 0
6978 26 8 0
2
42 173 
2
6980 16 16 0
6979 26 6 0
2
42 174 
2
6981 16 16 0
6980 20 32 0
2
42 175 
2
6982 16 16 0
6981 6 8 0
2
42 176 
2
6983 16 16 0
6982 20 30 0
2
42 177 
2
6984 16 16 0
6983 8 4 0
2
42 178 
2
6985 16 16 0
6984 10 2 0
2
42 179 
2
6986 16 16 0
6985 30 22 0
2
42 180 
2
6987 16 16 0
6986 26 26 0
2
42 181 
2
6988 16 16 0
6987 32 20 0
2
42 182 
2
6989 16 16 0
6988 32 10 0
2
42 183 
2
6990 16 16 0
6989 2 8 0
2
40 42 
2
6990 10 16 0
6991 16 16 0
2
41 43 
2
6737 20 12 0
6738 18 14 0
2
42 162 
2
6992 16 16 0
6991 30 18 0
2
43 96 
2
6739 18 14 0
6738 16 4 0
2
42 163 
2
6993 16 16 0
6992 24 22 0
2
43 97 
2
6740 18 14 0
6739 12 14 0
2
42 164 
2
6994 16 16 0
6993 26 20 0
2
42 166 
2
6995 16 16 0
6994 20 22 0
2
42 167 
2
6996 16 16 0
6995 22 12 0
2
42 168 
2
6997 16 16 0
6996 24 10 0
2
42 169 
2
6998 16 16 0
6997 18 2 0
2
42 170 
2
6999 16 16 0
6998 26 14 0
2
42 171 
2
7000 16 16 0
6999 20 4 0
2
42 172 
2
7001 16 16 0
7000 26 8 0
2
42 173 
2
7002 16 16 0
7001 26 6 0
2
42 174 
2
7003 16 16 0
7002 20 32 0
2
42 175 
2
7004 16 16 0
7003 6 8 0
2
42 176 
2
7005 16 16 0
7004 20 30 0
2
42 177 
2
7006 16 16 0
7005 8 4 0
2
42 178 
2
7007 16 16 0
7006 10 2 0
2
42 179 
2
7008 16 16 0
7007 30 22 0
2
42 180 
2
7009 16 16 0
7008 26 26 0
2
42 181 
2
7010 16 16 0
7009 32 20 0
2
42 182 
2
7011 16 16 0
7010 32 10 0
2
42 183 
2
7012 16 16 0
7011 2 8 0
2
20 40 
2
6990 14 16 0
6991 10 16 0
2
21 41 
2
6737 20 14 0
6738 20 12 0
2
18 38 
2
6941 4 18 0
6942 4 16 0
2
19 39 
2
6728 20 8 0
6729 22 8 0
2
16 36 
2
6894 4 24 0
6895 4 22 0
2
17 37 
2
6703 26 4 0
6704 24 4 0
2
14 34 
2
6765 4 26 0
6766 2 24 0
2
15 35 
2
6655 26 2 0
6656 28 2 0
2
12 32 
2
6506 2 26 0
6507 2 28 0
2
13 33 
2
6488 30 2 0
6489 32 2 0
2
30 32 
2
6507 4 28 0
6508 2 28 0
2
31 33 
2
6489 32 6 0
6490 32 2 0
2
34 34 
1
6767 2 24 0
2
32 34 
2
6767 2 28 0
6768 2 24 0
2
34 34 
1
6769 2 24 0
2
12 34 
2
6769 2 26 0
6770 2 24 0
2
34 34 
1
6771 2 24 0
2
32 34 
2
6771 2 28 0
6772 2 24 0
2
34 34 
1
6773 2 24 0
2
35 35 
1
6657 28 2 0
2
33 35 
2
6657 32 2 0
6658 28 2 0
2
35 35 
1
6659 28 2 0
2
13 35 
2
6659 30 2 0
6660 28 2 0
2
35 35 
1
6661 28 2 0
2
33 35 
2
6661 32 2 0
6662 28 2 0
2
35 35 
1
6663 28 2 0
2
36 36 
1
6896 4 22 0
2
34 36 
2
6896 2 24 0
6897 4 22 0
2
36 36 
1
6898 4 22 0
2
14 36 
2
6898 4 26 0
6899 4 22 0
2
36 36 
1
6900 4 22 0
2
34 36 
2
6900 2 24 0
6901 4 22 0
2
36 36 
1
6902 4 22 0
2
37 37 
1
6705 24 4 0
2
35 37 
2
6705 28 2 0
6706 24 4 0
2
37 37 
1
6707 24 4 0
2
15 37 
2
6707 26 2 0
6708 24 4 0
2
37 37 
1
6709 24 4 0
2
35 37 
2
6709 28 2 0
6710 24 4 0
2
37 37 
1
6711 24 4 0
2
38 38 
1
6943 4 16 0
2
36 38 
2
6943 4 22 0
6944 4 16 0
2
38 38 
1
6945 4 16 0
2
16 38 
2
6945 4 24 0
6946 4 16 0
2
38 38 
1
6947 4 16 0
2
36 38 
2
6947 4 22 0
6948 4 16 0
2
38 38 
1
6949 4 16 0
2
39 39 
1
6730 22 8 0
2
37 39 
2
6730 24 4 0
6731 22 8 0
2
39 39 
1
6732 22 8 0
2
17 39 
2
6732 26 4 0
6733 22 8 0
2
39 39 
1
6734 22 8 0
2
37 39 
2
6734 24 4 0
6735 22 8 0
2
39 39 
1
6736 22 8 0
2
40 40 
1
6992 10 16 0
2
38 40 
2
6992 4 16 0
6993 10 16 0
2
40 40 
1
6994 10 16 0
2
18 40 
2
6994 4 18 0
6995 10 16 0
2
40 40 
1
6996 10 16 0
2
38 40 
2
6996 4 16 0
6997 10 16 0
2
40 40 
1
6998 10 16 0
2
41 41 
1
6739 20 12 0
2
39 41 
2
6739 22 8 0
6740 20 12 0
2
41 41 
1
6741 20 12 0
2
19 41 
2
6741 20 8 0
6742 20 12 0
2
41 41 
1
6743 20 12 0
2
39 41 
2
6743 22 8 0
6744 20 12 0
2
41 41 
1
6745 20 12 0
2
42 42 
1
7013 16 16 0
2
40 42 
2
7013 10 16 0
7014 16 16 0
2
42 42 
1
7015 16 16 0
2
20 42 
2
7015 14 16 0
7016 16 16 0
2
42 42 
1
7017 16 16 0
2
40 42 
2
7017 10 16 0
7018 16 16 0
2
42 42 
1
7019 16 16 0
2
43 43 
1
6741 18 14 0
2
41 43 
2
6746 20 12 0
6745 18 14 0
2
43 43 
1
6746 18 14 0
2
21 43 
2
6746 20 14 0
6747 18 14 0
2
43 43 
1
6748 18 14 0
2
41 43 
2
6748 20 12 0
6749 18 14 0
2
43 43 
1
6750 18 14 0
2
42 182 
2
7020 16 16 0
7019 32 10 0
2
43 99 
2
6751 18 14 0
6750 18 24 0
2
42 183 
2
7021 16 16 0
7020 2 8 0
2
42 184 
2
7022 16 16 0
7021 30 8 0
2
40 42 
2
7022 10 16 0
7023 16 16 0
2
41 43 
2
6751 20 12 0
6752 18 14 0
2
42 182 
2
7024 16 16 0
7023 32 10 0
2
43 98 
2
6753 18 14 0
6752 22 16 0
2
42 183 
2
7025 16 16 0
7024 2 8 0
2
42 184 
2
7026 16 16 0
7025 30 8 0
2
20 40 
2
7022 14 16 0
7023 10 16 0
2
21 41 
2
6751 20 14 0
6752 20 12 0
2
38 40 
2
7023 4 16 0
7024 10 16 0
2
39 41 
2
6752 22 8 0
6753 20 12 0
2
42 42 
1
7027 16 16 0
2
40 42 
2
7027 10 16 0
7028 16 16 0
2
42 42 
1
7029 16 16 0
2
20 42 
2
7029 14 16 0
7030 16 16 0
2
42 42 
1
7031 16 16 0
2
40 42 
2
7031 10 16 0
7032 16 16 0
2
42 42 
1
7033 16 16 0
2
43 43 
1
6754 18 14 0
2
41 43 
2
6754 20 12 0
6755 18 14 0
2
43 43 
1
6756 18 14 0
2
21 43 
2
6756 20 14 0
6757 18 14 0
2
43 43 
1
6758 18 14 0
2
41 43 
2
6758 20 12 0
6759 18 14 0
2
43 43 
1
6760 18 14 0
2
42 183 
2
7034 16 16 0
7033 2 8 0
2
43 98 
2
6761 18 14 0
6760 22 16 0
2
42 184 
2
7035 16 16 0
7034 30 8 0
2
43 99 
2
6762 18 14 0
6761 18 24 0
2
42 185 
2
7036 16 16 0
7035 24 30 0
2
40 42 
2
7036 10 16 0
7037 16 16 0
2
41 43 
2
6762 20 12 0
6763 18 14 0
2
42 183 
2
7038 16 16 0
7037 2 8 0
2
43 101 
2
6764 18 14 0
6763 18 18 0
2
42 184 
2
7039 16 16 0
7038 30 8 0
2
42 185 
2
7040 16 16 0
7039 24 30 0
2
20 40 
2
7036 14 16 0
7037 10 16 0
2
21 41 
2
6762 20 14 0
6763 20 12 0
2
18 38 
2
7023 4 18 0
7024 4 16 0
2
19 39 
2
6752 20 8 0
6753 22 8 0
2
36 38 
2
7024 4 22 0
7025 4 16 0
2
37 39 
2
6753 24 4 0
6754 22 8 0
2
40 40 
1
7038 10 16 0
2
38 40 
2
7038 4 16 0
7039 10 16 0
2
40 40 
1
7040 10 16 0
2
18 40 
2
7040 4 18 0
7041 10 16 0
2
40 40 
1
7042 10 16 0
2
38 40 
2
7042 4 16 0
7043 10 16 0
2
40 40 
1
7044 10 16 0
2
41 41 
1
6764 20 12 0
2
39 41 
2
6764 22 8 0
6765 20 12 0
2
41 41 
1
6766 20 12 0
2
19 41 
2
6766 20 8 0
6767 20 12 0
2
41 41 
1
6768 20 12 0
2
39 41 
2
6768 22 8 0
6769 20 12 0
2
41 41 
1
6770 20 12 0
2
42 42 
1
7041 16 16 0
2
40 42 
2
7045 10 16 0
7044 16 16 0
2
42 42 
1
7045 16 16 0
2
20 42 
2
7045 14 16 0
7046 16 16 0
2
42 42 
1
7047 16 16 0
2
40 42 
2
7047 10 16 0
7048 16 16 0
2
42 42 
1
7049 16 16 0
2
43 43 
1
6765 18 14 0
2
41 43 
2
6771 20 12 0
6770 18 14 0
2
43 43 
1
6771 18 14 0
2
21 43 
2
6771 20 14 0
6772 18 14 0
2
43 43 
1
6773 18 14 0
2
41 43 
2
6773 20 12 0
6774 18 14 0
2
43 43 
1
6775 18 14 0
2
42 75 
2
7050 16 16 0
7049 10 30 0
2
43 100 
2
6776 18 14 0
6775 12 10 0
2
42 76 
2
7051 16 16 0
7050 6 24 0
2
42 77 
2
7052 16 16 0
7051 14 32 0
2
40 42 
2
7052 10 16 0
7053 16 16 0
2
41 43 
2
6776 20 12 0
6777 18 14 0
2
42 75 
2
7054 16 16 0
7053 10 30 0
2
43 100 
2
6778 18 14 0
6777 12 10 0
2
42 76 
2
7055 16 16 0
7054 6 24 0
2
43 101 
2
6779 18 14 0
6778 18 18 0
2
42 77 
2
7056 16 16 0
7055 14 32 0
2
20 40 
2
7052 14 16 0
7053 10 16 0
2
21 41 
2
6776 20 14 0
6777 20 12 0
2
38 40 
2
7053 4 16 0
7054 10 16 0
2
39 41 
2
6777 22 8 0
6778 20 12 0
2
42 42 
1
7057 16 16 0
2
40 42 
2
7057 10 16 0
7058 16 16 0
2
42 42 
1
7059 16 16 0
2
20 42 
2
7059 14 16 0
7060 16 16 0
2
42 42 
1
7061 16 16 0
2
40 42 
2
7061 10 16 0
7062 16 16 0
2
42 42 
1
7063 16 16 0
2
43 43 
1
6780 18 14 0
2
41 43 
2
6780 20 12 0
6781 18 14 0
2
43 43 
1
6782 18 14 0
2
21 43 
2
6782 20 14 0
6783 18 14 0
2
43 43 
1
6784 18 14 0
2
41 43 
2
6784 20 12 0
6785 18 14 0
2
43 43 
1
6786 18 14 0
2
42 76 
2
7064 16 16 0
7063 6 24 0
2
43 103 
2
6787 18 14 0
6786 14 6 0
2
42 77 
2
7065 16 16 0
7064 14 32 0
2
42 78 
2
7066 16 16 0
7065 10 28 0
2
40 42 
2
7066 10 16 0
7067 16 16 0
2
41 43 
2
6787 20 12 0
6788 18 14 0
2
42 76 
2
7068 16 16 0
7067 6 24 0
2
43 102 
2
6789 18 14 0
6788 14 8 0
2
42 77 
2
7069 16 16 0
7068 14 32 0
2
42 78 
2
7070 16 16 0
7069 10 28 0
2
20 40 
2
7066 14 16 0
7067 10 16 0
2
21 41 
2
6787 20 14 0
6788 20 12 0
2
18 38 
2
7053 4 18 0
7054 4 16 0
2
19 39 
2
6777 20 8 0
6778 22 8 0
2
16 36 
2
7024 4 24 0
7025 4 22 0
2
17 37 
2
6753 26 4 0
6754 24 4 0
2
34 36 
2
7025 2 24 0
7026 4 22 0
2
35 37 
2
6754 28 2 0
6755 24 4 0
2
38 38 
1
7055 4 16 0
2
36 38 
2
7055 4 22 0
7056 4 16 0
2
38 38 
1
7057 4 16 0
2
16 38 
2
7057 4 24 0
7058 4 16 0
2
38 38 
1
7059 4 16 0
2
36 38 
2
7059 4 22 0
7060 4 16 0
2
38 38 
1
7061 4 16 0
2
39 39 
1
6779 22 8 0
2
37 39 
2
6779 24 4 0
6780 22 8 0
2
39 39 
1
6781 22 8 0
2
17 39 
2
6781 26 4 0
6782 22 8 0
2
39 39 
1
6783 22 8 0
2
37 39 
2
6783 24 4 0
6784 22 8 0
2
39 39 
1
6785 22 8 0
2
40 40 
1
7068 10 16 0
2
38 40 
2
7068 4 16 0
7069 10 16 0
2
40 40 
1
7070 10 16 0
2
18 40 
2
7070 4 18 0
7071 10 16 0
2
40 40 
1
7072 10 16 0
2
38 40 
2
7072 4 16 0
7073 10 16 0
2
40 40 
1
7074 10 16 0
2
41 41 
1
6789 20 12 0
2
39 41 
2
6789 22 8 0
6790 20 12 0
2
41 41 
1
6791 20 12 0
2
19 41 
2
6791 20 8 0
6792 20 12 0
2
41 41 
1
6793 20 12 0
2
39 41 
2
6793 22 8 0
6794 20 12 0
2
41 41 
1
6795 20 12 0
2
42 42 
1
7071 16 16 0
2
40 42 
2
7075 10 16 0
7074 16 16 0
2
42 42 
1
7075 16 16 0
2
20 42 
2
7075 14 16 0
7076 16 16 0
2
42 42 
1
7077 16 16 0
2
40 42 
2
7077 10 16 0
7078 16 16 0
2
42 42 
1
7079 16 16 0
2
43 43 
1
6790 18 14 0
2
41 43 
2
6796 20 12 0
6795 18 14 0
2
43 43 
1
6796 18 14 0
2
21 43 
2
6796 20 14 0
6797 18 14 0
2
43 43 
1
6798 18 14 0
2
41 43 
2
6798 20 12 0
6799 18 14 0
2
43 43 
1
6800 18 14 0
2
42 75 
2
7080 16 16 0
7079 10 30 0
2
43 102 
2
6801 18 14 0
6800 14 8 0
2
42 76 
2
7081 16 16 0
7080 6 24 0
2
43 103 
2
6802 18 14 0
6801 14 6 0
2
42 77 
2
7082 16 16 0
7081 14 32 0
2
42 78 
2
7083 16 16 0
7082 10 28 0
2
42 79 
2
7084 16 16 0
7083 2 20 0
2
42 80 
2
7085 16 16 0
7084 24 28 0
2
42 81 
2
7086 16 16 0
7085 6 6 0
2
42 82 
2
7087 16 16 0
7086 28 22 0
2
42 83 
2
7088 16 16 0
7087 10 4 0
2
42 84 
2
7089 16 16 0
7088 28 24 0
2
42 85 
2
7090 16 16 0
7089 30 20 0
2
42 88 
2
7091 16 16 0
7090 12 4 0
2
42 110 
2
7092 16 16 0
7091 6 20 0
2
42 127 
2
7093 16 16 0
7092 12 18 0
2
42 132 
2
7094 16 16 0
7093 8 16 0
2
42 133 
2
7095 16 16 0
7094 10 12 0
2
42 134 
2
7096 16 16 0
7095 16 30 0
2
42 135 
2
7097 16 16 0
7096 10 26 0
2
42 136 
2
7098 16 16 0
7097 16 26 0
2
42 137 
2
7099 16 16 0
7098 16 28 0
2
42 138 
2
7100 16 16 0
7099 10 20 0
2
40 42 
2
7100 10 16 0
7101 16 16 0
2
41 43 
2
6802 20 12 0
6803 18 14 0
2
42 75 
2
7102 16 16 0
7101 10 30 0
2
43 105 
2
6804 18 14 0
6803 20 16 0
2
42 76 
2
7103 16 16 0
7102 6 24 0
2
42 77 
2
7104 16 16 0
7103 14 32 0
2
42 78 
2
7105 16 16 0
7104 10 28 0
2
42 79 
2
7106 16 16 0
7105 2 20 0
2
42 80 
2
7107 16 16 0
7106 24 28 0
2
42 81 
2
7108 16 16 0
7107 6 6 0
2
42 82 
2
7109 16 16 0
7108 28 22 0
2
42 83 
2
7110 16 16 0
7109 10 4 0
2
42 84 
2
7111 16 16 0
7110 28 24 0
2
42 85 
2
7112 16 16 0
7111 30 20 0
2
42 88 
2
7113 16 16 0
7112 12 4 0
2
42 110 
2
7114 16 16 0
7113 6 20 0
2
42 127 
2
7115 16 16 0
7114 12 18 0
2
42 132 
2
7116 16 16 0
7115 8 16 0
2
42 133 
2
7117 16 16 0
7116 10 12 0
2
42 134 
2
7118 16 16 0
7117 16 30 0
2
42 135 
2
7119 16 16 0
7118 10 26 0
2
42 136 
2
7120 16 16 0
7119 16 26 0
2
42 137 
2
7121 16 16 0
7120 16 28 0
2
42 138 
2
7122 16 16 0
7121 10 20 0
2
20 40 
2
7100 14 16 0
7101 10 16 0
2
21 41 
2
6802 20 14 0
6803 20 12 0
2
38 40 
2
7101 4 16 0
7102 10 16 0
2
39 41 
2
6803 22 8 0
6804 20 12 0
2
42 42 
1
7123 16 16 0
2
40 42 
2
7123 10 16 0
7124 16 16 0
2
42 42 
1
7125 16 16 0
2
20 42 
2
7125 14 16 0
7126 16 16 0
2
42 42 
1
7127 16 16 0
2
40 42 
2
7127 10 16 0
7128 16 16 0
2
42 42 
1
7129 16 16 0
2
43 43 
1
6805 18 14 0
2
41 43 
2
6805 20 12 0
6806 18 14 0
2
43 43 
1
6807 18 14 0
2
21 43 
2
6807 20 14 0
6808 18 14 0
2
43 43 
1
6809 18 14 0
2
41 43 
2
6809 20 12 0
6810 18 14 0
2
43 43 
1
6811 18 14 0
2
42 76 
2
7130 16 16 0
7129 6 24 0
2
43 104 
2
6812 18 14 0
6811 22 26 0
2
42 77 
2
7131 16 16 0
7130 14 32 0
2
42 78 
2
7132 16 16 0
7131 10 28 0
2
42 79 
2
7133 16 16 0
7132 2 20 0
2
42 80 
2
7134 16 16 0
7133 24 28 0
2
42 81 
2
7135 16 16 0
7134 6 6 0
2
42 82 
2
7136 16 16 0
7135 28 22 0
2
42 83 
2
7137 16 16 0
7136 10 4 0
2
42 84 
2
7138 16 16 0
7137 28 24 0
2
42 85 
2
7139 16 16 0
7138 30 20 0
2
42 88 
2
7140 16 16 0
7139 12 4 0
2
42 110 
2
7141 16 16 0
7140 6 20 0
2
42 127 
2
7142 16 16 0
7141 12 18 0
2
42 132 
2
7143 16 16 0
7142 8 16 0
2
42 133 
2
7144 16 16 0
7143 10 12 0
2
42 134 
2
7145 16 16 0
7144 16 30 0
2
42 135 
2
7146 16 16 0
7145 10 26 0
2
42 136 
2
7147 16 16 0
7146 16 26 0
2
42 137 
2
7148 16 16 0
7147 16 28 0
2
42 138 
2
7149 16 16 0
7148 10 20 0
2
42 139 
2
7150 16 16 0
7149 12 26 0
2
40 42 
2
7150 10 16 0
7151 16 16 0
2
41 43 
2
6812 20 12 0
6813 18 14 0
2
42 76 
2
7152 16 16 0
7151 6 24 0
2
43 104 
2
6814 18 14 0
6813 22 26 0
2
42 77 
2
7153 16 16 0
7152 14 32 0
2
43 105 
2
6815 18 14 0
6814 20 16 0
2
42 78 
2
7154 16 16 0
7153 10 28 0
2
42 79 
2
7155 16 16 0
7154 2 20 0
2
42 80 
2
7156 16 16 0
7155 24 28 0
2
42 81 
2
7157 16 16 0
7156 6 6 0
2
42 82 
2
7158 16 16 0
7157 28 22 0
2
42 83 
2
7159 16 16 0
7158 10 4 0
2
42 84 
2
7160 16 16 0
7159 28 24 0
2
42 85 
2
7161 16 16 0
7160 30 20 0
2
42 88 
2
7162 16 16 0
7161 12 4 0
2
42 110 
2
7163 16 16 0
7162 6 20 0
2
42 127 
2
7164 16 16 0
7163 12 18 0
2
42 132 
2
7165 16 16 0
7164 8 16 0
2
42 133 
2
7166 16 16 0
7165 10 12 0
2
42 134 
2
7167 16 16 0
7166 16 30 0
2
42 135 
2
7168 16 16 0
7167 10 26 0
2
42 136 
2
7169 16 16 0
7168 16 26 0
2
42 137 
2
7170 16 16 0
7169 16 28 0
2
42 138 
2
7171 16 16 0
7170 10 20 0
2
42 139 
2
7172 16 16 0
7171 12 26 0
2
20 40 
2
7150 14 16 0
7151 10 16 0
2
21 41 
2
6812 20 14 0
6813 20 12 0
2
18 38 
2
7101 4 18 0
7102 4 16 0
2
19 39 
2
6803 20 8 0
6804 22 8 0
2
36 38 
2
7102 4 22 0
7103 4 16 0
2
37 39 
2
6804 24 4 0
6805 22 8 0
2
40 40 
1
7152 10 16 0
2
38 40 
2
7152 4 16 0
7153 10 16 0
2
40 40 
1
7154 10 16 0
2
18 40 
2
7154 4 18 0
7155 10 16 0
2
40 40 
1
7156 10 16 0
2
38 40 
2
7156 4 16 0
7157 10 16 0
2
40 40 
1
7158 10 16 0
2
41 41 
1
6814 20 12 0
2
39 41 
2
6814 22 8 0
6815 20 12 0
2
41 41 
1
6816 20 12 0
2
19 41 
2
6816 20 8 0
6817 20 12 0
2
41 41 
1
6818 20 12 0
2
39 41 
2
6818 22 8 0
6819 20 12 0
2
41 41 
1
6820 20 12 0
2
42 42 
1
7173 16 16 0
2
40 42 
2
7173 10 16 0
7174 16 16 0
2
42 42 
1
7175 16 16 0
2
20 42 
2
7175 14 16 0
7176 16 16 0
2
42 42 
1
7177 16 16 0
2
40 42 
2
7177 10 16 0
7178 16 16 0
2
42 42 
1
7179 16 16 0
2
43 43 
1
6816 18 14 0
2
41 43 
2
6821 20 12 0
6820 18 14 0
2
43 43 
1
6821 18 14 0
2
21 43 
2
6821 20 14 0
6822 18 14 0
2
43 43 
1
6823 18 14 0
2
41 43 
2
6823 20 12 0
6824 18 14 0
2
43 43 
1
6825 18 14 0
2
42 138 
2
7180 16 16 0
7179 10 20 0
2
43 107 
2
6826 18 14 0
6825 30 16 0
2
42 139 
2
7181 16 16 0
7180 12 26 0
2
42 140 
2
7182 16 16 0
7181 14 18 0
2
40 42 
2
7182 10 16 0
7183 16 16 0
2
41 43 
2
6826 20 12 0
6827 18 14 0
2
42 138 
2
7184 16 16 0
7183 10 20 0
2
43 106 
2
6828 18 14 0
6827 24 20 0
2
42 139 
2
7185 16 16 0
7184 12 26 0
2
42 140 
2
7186 16 16 0
7185 14 18 0
2
20 40 
2
7182 14 16 0
7183 10 16 0
2
21 41 
2
6826 20 14 0
6827 20 12 0
2
38 40 
2
7183 4 16 0
7184 10 16 0
2
39 41 
2
6827 22 8 0
6828 20 12 0
2
42 42 
1
7187 16 16 0
2
40 42 
2
7187 10 16 0
7188 16 16 0
2
42 42 
1
7189 16 16 0
2
20 42 
2
7189 14 16 0
7190 16 16 0
2
42 42 
1
7191 16 16 0
2
40 42 
2
7191 10 16 0
7192 16 16 0
2
42 42 
1
7193 16 16 0
2
43 43 
1
6829 18 14 0
2
41 43 
2
6829 20 12 0
6830 18 14 0
2
43 43 
1
6831 18 14 0
2
21 43 
2
6831 20 14 0
6832 18 14 0
2
43 43 
1
6833 18 14 0
2
41 43 
2
6833 20 12 0
6834 18 14 0
2
43 43 
1
6835 18 14 0
2
42 139 
2
7194 16 16 0
7193 12 26 0
2
43 106 
2
6836 18 14 0
6835 24 20 0
2
42 140 
2
7195 16 16 0
7194 14 18 0
2
43 107 
2
6837 18 14 0
6836 30 16 0
2
42 141 
2
7196 16 16 0
7195 14 20 0
2
40 42 
2
7196 10 16 0
7197 16 16 0
2
41 43 
2
6837 20 12 0
6838 18 14 0
2
42 139 
2
7198 16 16 0
7197 12 26 0
2
43 109 
2
6839 18 14 0
6838 26 10 0
2
42 140 
2
7199 16 16 0
7198 14 18 0
2
42 141 
2
7200 16 16 0
7199 14 20 0
2
20 40 
2
7196 14 16 0
7197 10 16 0
2
21 41 
2
6837 20 14 0
6838 20 12 0
2
18 38 
2
7183 4 18 0
7184 4 16 0
2
19 39 
2
6827 20 8 0
6828 22 8 0
2
16 36 
2
7102 4 24 0
7103 4 22 0
2
17 37 
2
6804 26 4 0
6805 24 4 0
2
14 34 
2
7025 4 26 0
7026 2 24 0
2
15 35 
2
6754 26 2 0
6755 28 2 0
2
32 34 
2
7026 2 28 0
7027 2 24 0
2
33 35 
2
6755 32 2 0
6756 28 2 0
2
36 36 
1
7104 4 22 0
2
34 36 
2
7104 2 24 0
7105 4 22 0
2
36 36 
1
7106 4 22 0
2
14 36 
2
7106 4 26 0
7107 4 22 0
2
36 36 
1
7108 4 22 0
2
34 36 
2
7108 2 24 0
7109 4 22 0
2
36 36 
1
7110 4 22 0
2
37 37 
1
6806 24 4 0
2
35 37 
2
6806 28 2 0
6807 24 4 0
2
37 37 
1
6808 24 4 0
2
15 37 
2
6808 26 2 0
6809 24 4 0
2
37 37 
1
6810 24 4 0
2
35 37 
2
6810 28 2 0
6811 24 4 0
2
37 37 
1
6812 24 4 0
2
38 38 
1
7185 4 16 0
2
36 38 
2
7185 4 22 0
7186 4 16 0
2
38 38 
1
7187 4 16 0
2
16 38 
2
7187 4 24 0
7188 4 16 0
2
38 38 
1
7189 4 16 0
2
36 38 
2
7189 4 22 0
7190 4 16 0
2
38 38 
1
7191 4 16 0
2
39 39 
1
6829 22 8 0
2
37 39 
2
6829 24 4 0
6830 22 8 0
2
39 39 
1
6831 22 8 0
2
17 39 
2
6831 26 4 0
6832 22 8 0
2
39 39 
1
6833 22 8 0
2
37 39 
2
6833 24 4 0
6834 22 8 0
2
39 39 
1
6835 22 8 0
2
40 40 
1
7198 10 16 0
2
38 40 
2
7198 4 16 0
7199 10 16 0
2
40 40 
1
7200 10 16 0
2
18 40 
2
7200 4 18 0
7201 10 16 0
2
40 40 
1
7202 10 16 0
2
38 40 
2
7202 4 16 0
7203 10 16 0
2
40 40 
1
7204 10 16 0
2
41 41 
1
6839 20 12 0
2
39 41 
2
6839 22 8 0
6840 20 12 0
2
41 41 
1
6841 20 12 0
2
19 41 
2
6841 20 8 0
6842 20 12 0
2
41 41 
1
6843 20 12 0
2
39 41 
2
6843 22 8 0
6844 20 12 0
2
41 41 
1
6845 20 12 0
2
42 42 
1
7201 16 16 0
2
40 42 
2
7205 10 16 0
7204 16 16 0
2
42 42 
1
7205 16 16 0
2
20 42 
2
7205 14 16 0
7206 16 16 0
2
42 42 
1
7207 16 16 0
2
40 42 
2
7207 10 16 0
7208 16 16 0
2
42 42 
1
7209 16 16 0
2
43 43 
1
6840 18 14 0
2
41 43 
2
6846 20 12 0
6845 18 14 0
2
43 43 
1
6846 18 14 0
2
21 43 
2
6846 20 14 0
6847 18 14 0
2
43 43 
1
6848 18 14 0
2
41 43 
2
6848 20 12 0
6849 18 14 0
2
43 43 
1
6850 18 14 0
2
42 138 
2
7210 16 16 0
7209 10 20 0
2
43 108 
2
6851 18 14 0
6850 28 10 0
2
42 139 
2
7211 16 16 0
7210 12 26 0
2
42 140 
2
7212 16 16 0
7211 14 18 0
2
42 141 
2
7213 16 16 0
7212 14 20 0
2
42 142 
2
7214 16 16 0
7213 8 12 0
2
42 143 
2
7215 16 16 0
7214 22 24 0
2
42 144 
2
7216 16 16 0
7215 24 18 0
2
42 145 
2
7217 16 16 0
7216 22 10 0
2
42 146 
2
7218 16 16 0
7217 30 12 0
2
42 147 
2
7219 16 16 0
7218 4 8 0
2
42 148 
2
7220 16 16 0
7219 12 30 0
2
42 165 
2
7221 16 16 0
7220 4 20 0
2
42 187 
2
7222 16 16 0
7221 12 28 0
2
42 190 
2
7223 16 16 0
7222 26 16 0
2
42 192 
2
7224 16 16 0
7223 18 26 0
2
42 193 
2
7225 16 16 0
7224 6 16 0
2
42 194 
2
7226 16 16 0
7225 14 22 0
2
42 195 
2
7227 16 16 0
7226 10 22 0
2
42 196 
2
7228 16 16 0
7227 8 18 0
2
42 197 
2
7229 16 16 0
7228 16 22 0
2
42 198 
2
7230 16 16 0
7229 16 18 0
2
40 42 
2
7230 10 16 0
7231 16 16 0
2
41 43 
2
6851 20 12 0
6852 18 14 0
2
42 138 
2
7232 16 16 0
7231 10 20 0
2
43 108 
2
6853 18 14 0
6852 28 10 0
2
42 139 
2
7233 16 16 0
7232 12 26 0
2
43 109 
2
6854 18 14 0
6853 26 10 0
2
42 140 
2
7234 16 16 0
7233 14 18 0
2
42 141 
2
7235 16 16 0
7234 14 20 0
2
42 142 
2
7236 16 16 0
7235 8 12 0
2
42 143 
2
7237 16 16 0
7236 22 24 0
2
42 144 
2
7238 16 16 0
7237 24 18 0
2
42 145 
2
7239 16 16 0
7238 22 10 0
2
42 146 
2
7240 16 16 0
7239 30 12 0
2
42 147 
2
7241 16 16 0
7240 4 8 0
2
42 148 
2
7242 16 16 0
7241 12 30 0
2
42 165 
2
7243 16 16 0
7242 4 20 0
2
42 187 
2
7244 16 16 0
7243 12 28 0
2
42 190 
2
7245 16 16 0
7244 26 16 0
2
42 192 
2
7246 16 16 0
7245 18 26 0
2
42 193 
2
7247 16 16 0
7246 6 16 0
2
42 194 
2
7248 16 16 0
7247 14 22 0
2
42 195 
2
7249 16 16 0
7248 10 22 0
2
42 196 
2
7250 16 16 0
7249 8 18 0
2
42 197 
2
7251 16 16 0
7250 16 22 0
2
42 198 
2
7252 16 16 0
7251 16 18 0
2
20 40 
2
7230 14 16 0
7231 10 16 0
2
21 41 
2
6851 20 14 0
6852 20 12 0
2
38 40 
2
7231 4 16 0
7232 10 16 0
2
39 41 
2
6852 22 8 0
6853 20 12 0
2
42 42 
1
7253 16 16 0
2
40 42 
2
7253 10 16 0
7254 16 16 0
2
42 42 
1
7255 16 16 0
2
20 42 
2
7255 14 16 0
7256 16 16 0
2
42 42 
1
7257 16 16 0
2
40 42 
2
7257 10 16 0
7258 16 16 0
2
42 42 
1
7259 16 16 0
2
43 43 
1
6855 18 14 0
2
41 43 
2
6855 20 12 0
6856 18 14 0
2
43 43 
1
6857 18 14 0
2
21 43 
2
6857 20 14 0
6858 18 14 0
2
43 43 
1
6859 18 14 0
2
41 43 
2
6859 20 12 0
6860 18 14 0
2
43 43 
1
6861 18 14 0
2
42 139 
2
7260 16 16 0
7259 12 26 0
2
43 112 
2
6862 18 14 0
6861 30 14 0
2
42 140 
2
7261 16 16 0
7260 14 18 0
2
42 141 
2
7262 16 16 0
7261 14 20 0
2
42 142 
2
7263 16 16 0
7262 8 12 0
2
42 143 
2
7264 16 16 0
7263 22 24 0
2
42 144 
2
7265 16 16 0
7264 24 18 0
2
42 145 
2
7266 16 16 0
7265 22 10 0
2
42 146 
2
7267 16 16 0
7266 30 12 0
2
42 147 
2
7268 16 16 0
7267 4 8 0
2
42 148 
2
7269 16 16 0
7268 12 30 0
2
42 165 
2
7270 16 16 0
7269 4 20 0
2
42 187 
2
7271 16 16 0
7270 12 28 0
2
42 190 
2
7272 16 16 0
7271 26 16 0
2
42 192 
2
7273 16 16 0
7272 18 26 0
2
42 193 
2
7274 16 16 0
7273 6 16 0
2
42 194 
2
7275 16 16 0
7274 14 22 0
2
42 195 
2
7276 16 16 0
7275 10 22 0
2
42 196 
2
7277 16 16 0
7276 8 18 0
2
42 197 
2
7278 16 16 0
7277 16 22 0
2
42 198 
2
7279 16 16 0
7278 16 18 0
2
42 199 
2
7280 16 16 0
7279 14 28 0
2
40 42 
2
7280 10 16 0
7281 16 16 0
2
41 43 
2
6862 20 12 0
6863 18 14 0
2
42 139 
2
7282 16 16 0
7281 12 26 0
2
43 111 
2
6864 18 14 0
6863 18 6 0
2
42 140 
2
7283 16 16 0
7282 14 18 0
2
42 141 
2
7284 16 16 0
7283 14 20 0
2
42 142 
2
7285 16 16 0
7284 8 12 0
2
42 143 
2
7286 16 16 0
7285 22 24 0
2
42 144 
2
7287 16 16 0
7286 24 18 0
2
42 145 
2
7288 16 16 0
7287 22 10 0
2
42 146 
2
7289 16 16 0
7288 30 12 0
2
42 147 
2
7290 16 16 0
7289 4 8 0
2
42 148 
2
7291 16 16 0
7290 12 30 0
2
42 165 
2
7292 16 16 0
7291 4 20 0
2
42 187 
2
7293 16 16 0
7292 12 28 0
2
42 190 
2
7294 16 16 0
7293 26 16 0
2
42 192 
2
7295 16 16 0
7294 18 26 0
2
42 193 
2
7296 16 16 0
7295 6 16 0
2
42 194 
2
7297 16 16 0
7296 14 22 0
2
42 195 
2
7298 16 16 0
7297 10 22 0
2
42 196 
2
7299 16 16 0
7298 8 18 0
2
42 197 
2
7300 16 16 0
7299 16 22 0
2
42 198 
2
7301 16 16 0
7300 16 18 0
2
42 199 
2
7302 16 16 0
7301 14 28 0
2
20 40 
2
7280 14 16 0
7281 10 16 0
2
21 41 
2
6862 20 14 0
6863 20 12 0
2
18 38 
2
7231 4 18 0
7232 4 16 0
2
19 39 
2
6852 20 8 0
6853 22 8 0
2
36 38 
2
7232 4 22 0
7233 4 16 0
2
37 39 
2
6853 24 4 0
6854 22 8 0
2
40 40 
1
7282 10 16 0
2
38 40 
2
7282 4 16 0
7283 10 16 0
2
40 40 
1
7284 10 16 0
2
18 40 
2
7284 4 18 0
7285 10 16 0
2
40 40 
1
7286 10 16 0
2
38 40 
2
7286 4 16 0
7287 10 16 0
2
40 40 
1
7288 10 16 0
2
41 41 
1
6864 20 12 0
2
39 41 
2
6864 22 8 0
6865 20 12 0
2
41 41 
1
6866 20 12 0
2
19 41 
2
6866 20 8 0
6867 20 12 0
2
41 41 
1
6868 20 12 0
2
39 41 
2
6868 22 8 0
6869 20 12 0
2
41 41 
1
6870 20 12 0
2
42 42 
1
7303 16 16 0
2
40 42 
2
7303 10 16 0
7304 16 16 0
2
42 42 
1
7305 16 16 0
2
20 42 
2
7305 14 16 0
7306 16 16 0
2
42 42 
1
7307 16 16 0
2
40 42 
2
7307 10 16 0
7308 16 16 0
2
42 42 
1
7309 16 16 0
2
43 43 
1
6865 18 14 0
2
41 43 
2
6871 20 12 0
6870 18 14 0
2
43 43 
1
6871 18 14 0
2
21 43 
2
6871 20 14 0
6872 18 14 0
2
43 43 
1
6873 18 14 0
2
41 43 
2
6873 20 12 0
6874 18 14 0
2
43 43 
1
6875 18 14 0
2
42 198 
2
7310 16 16 0
7309 16 18 0
2
43 111 
2
6876 18 14 0
6875 18 6 0
2
42 199 
2
7311 16 16 0
7310 14 28 0
2
43 112 
2
6877 18 14 0
6876 30 14 0
2
42 200 
2
7312 16 16 0
7311 10 18 0
2
40 42 
2
7312 10 16 0
7313 16 16 0
2
41 43 
2
6877 20 12 0
6878 18 14 0
2
42 198 
2
7314 16 16 0
7313 16 18 0
2
43 114 
2
6879 18 14 0
6878 30 10 0
2
42 199 
2
7315 16 16 0
7314 14 28 0
2
42 200 
2
7316 16 16 0
7315 10 18 0
2
20 40 
2
7312 14 16 0
7313 10 16 0
2
21 41 
2
6877 20 14 0
6878 20 12 0
2
38 40 
2
7313 4 16 0
7314 10 16 0
2
39 41 
2
6878 22 8 0
6879 20 12 0
2
42 42 
1
7317 16 16 0
2
40 42 
2
7317 10 16 0
7318 16 16 0
2
42 42 
1
7319 16 16 0
2
20 42 
2
7319 14 16 0
7320 16 16 0
2
42 42 
1
7321 16 16 0
2
40 42 
2
7321 10 16 0
7322 16 16 0
2
42 42 
1
7323 16 16 0
2
43 43 
1
6880 18 14 0
2
41 43 
2
6880 20 12 0
6881 18 14 0
2
43 43 
1
6882 18 14 0
2
21 43 
2
6882 20 14 0
6883 18 14 0
2
43 43 
1
6884 18 14 0
2
41 43 
2
6884 20 12 0
6885 18 14 0
2
43 43 
1
6886 18 14 0
2
42 199 
2
7324 16 16 0
7323 14 28 0
2
43 113 
2
6887 18 14 0
6886 22 4 0
2
42 200 
2
7325 16 16 0
7324 10 18 0
2
42 201 
2
7326 16 16 0
7325 18 20 0
2
40 42 
2
7326 10 16 0
7327 16 16 0
2
41 43 
2
6887 20 12 0
6888 18 14 0
2
42 199 
2
7328 16 16 0
7327 14 28 0
2
43 113 
2
6889 18 14 0
6888 22 4 0
2
42 200 
2
7329 16 16 0
7328 10 18 0
2
43 114 
2
6890 18 14 0
6889 30 10 0
2
42 201 
2
7330 16 16 0
7329 18 20 0
2
20 40 
2
7326 14 16 0
7327 10 16 0
2
21 41 
2
6887 20 14 0
6888 20 12 0
2
18 38 
2
7313 4 18 0
7314 4 16 0
2
19 39 
2
6878 20 8 0
6879 22 8 0
2
16 36 
2
7232 4 24 0
7233 4 22 0
2
17 37 
2
6853 26 4 0
6854 24 4 0
2
34 36 
2
7233 2 24 0
7234 4 22 0
2
35 37 
2
6854 28 2 0
6855 24 4 0
2
38 38 
1
7315 4 16 0
2
36 38 
2
7315 4 22 0
7316 4 16 0
2
38 38 
1
7317 4 16 0
2
16 38 
2
7317 4 24 0
7318 4 16 0
2
38 38 
1
7319 4 16 0
2
36 38 
2
7319 4 22 0
7320 4 16 0
2
38 38 
1
7321 4 16 0
2
39 39 
1
6880 22 8 0
2
37 39 
2
6880 24 4 0
6881 22 8 0
2
39 39 
1
6882 22 8 0
2
17 39 
2
6882 26 4 0
6883 22 8 0
2
39 39 
1
6884 22 8 0
2
37 39 
2
6884 24 4 0
6885 22 8 0
2
39 39 
1
6886 22 8 0
2
40 40 
1
7328 10 16 0
2
38 40 
2
7328 4 16 0
7329 10 16 0
2
40 40 
1
7330 10 16 0
2
18 40 
2
7330 4 18 0
7331 10 16 0
2
40 40 
1
7332 10 16 0
2
38 40 
2
7332 4 16 0
7333 10 16 0
2
40 40 
1
7334 10 16 0
2
41 41 
1
6889 20 12 0
2
39 41 
2
6889 22 8 0
6890 20 12 0
2
41 41 
1
6891 20 12 0
2
19 41 
2
6891 20 8 0
6892 20 12 0
2
41 41 
1
6893 20 12 0
2
39 41 
2
6893 22 8 0
6894 20 12 0
2
41 41 
1
6895 20 12 0
2
42 42 
1
7331 16 16 0
2
40 42 
2
7335 10 16 0
7334 16 16 0
2
42 42 
1
7335 16 16 0
2
20 42 
2
7335 14 16 0
7336 16 16 0
2
42 42 
1
7337 16 16 0
2
40 42 
2
7337 10 16 0
7338 16 16 0
2
42 42 
1
7339 16 16 0
2
43 43 
1
6891 18 14 0
2
41 43 
2
6896 20 12 0
6895 18 14 0
2
43 43 
1
6896 18 14 0
2
21 43 
2
6896 20 14 0
6897 18 14 0
2
43 43 
1
6898 18 14 0
2
41 43 
2
6898 20 12 0
6899 18 14 0
2
43 43 
1
6900 18 14 0
2
42 198 
2
7340 16 16 0
7339 16 18 0
2
43 116 
2
6901 18 14 0
6900 8 8 0
2
42 199 
2
7341 16 16 0
7340 14 28 0
2
42 200 
2
7342 16 16 0
7341 10 18 0
2
42 201 
2
7343 16 16 0
7342 18 20 0
2
42 202 
2
7344 16 16 0
7343 14 14 0
2
42 203 
2
7345 16 16 0
7344 2 14 0
2
42 204 
2
7346 16 16 0
7345 20 20 0
2
42 205 
2
7347 16 16 0
7346 18 10 0
2
42 206 
2
7348 16 16 0
7347 26 24 0
2
42 207 
2
7349 16 16 0
7348 4 10 0
2
42 208 
2
7350 16 16 0
7349 32 16 0
2
42 209 
2
7351 16 16 0
7350 2 18 0
2
42 210 
2
7352 16 16 0
7351 8 24 0
2
42 211 
2
7353 16 16 0
7352 6 18 0
2
42 212 
2
7354 16 16 0
7353 16 24 0
2
42 213 
2
7355 16 16 0
7354 16 32 0
2
42 214 
2
7356 16 16 0
7355 12 20 0
2
42 215 
2
7357 16 16 0
7356 18 16 0
2
42 216 
2
7358 16 16 0
7357 8 20 0
2
42 217 
2
7359 16 16 0
7358 14 26 0
2
42 218 
2
7360 16 16 0
7359 10 24 0
2
40 42 
2
7360 10 16 0
7361 16 16 0
2
41 43 
2
6901 20 12 0
6902 18 14 0
2
42 198 
2
7362 16 16 0
7361 16 18 0
2
43 115 
2
6903 18 14 0
6902 2 10 0
2
42 199 
2
7363 16 16 0
7362 14 28 0
2
42 200 
2
7364 16 16 0
7363 10 18 0
2
42 201 
2
7365 16 16 0
7364 18 20 0
2
42 202 
2
7366 16 16 0
7365 14 14 0
2
42 203 
2
7367 16 16 0
7366 2 14 0
2
42 204 
2
7368 16 16 0
7367 20 20 0
2
42 205 
2
7369 16 16 0
7368 18 10 0
2
42 206 
2
7370 16 16 0
7369 26 24 0
2
42 207 
2
7371 16 16 0
7370 4 10 0
2
42 208 
2
7372 16 16 0
7371 32 16 0
2
42 209 
2
7373 16 16 0
7372 2 18 0
2
42 210 
2
7374 16 16 0
7373 8 24 0
2
42 211 
2
7375 16 16 0
7374 6 18 0
2
42 212 
2
7376 16 16 0
7375 16 24 0
2
42 213 
2
7377 16 16 0
7376 16 32 0
2
42 214 
2
7378 16 16 0
7377 12 20 0
2
42 215 
2
7379 16 16 0
7378 18 16 0
2
42 216 
2
7380 16 16 0
7379 8 20 0
2
42 217 
2
7381 16 16 0
7380 14 26 0
2
42 218 
2
7382 16 16 0
7381 10 24 0
2
20 40 
2
7360 14 16 0
7361 10 16 0
2
21 41 
2
6901 20 14 0
6902 20 12 0
2
38 40 
2
7361 4 16 0
7362 10 16 0
2
39 41 
2
6902 22 8 0
6903 20 12 0
2
42 42 
1
7383 16 16 0
2
40 42 
2
7383 10 16 0
7384 16 16 0
2
42 42 
1
7385 16 16 0
2
20 42 
2
7385 14 16 0
7386 16 16 0
2
42 42 
1
7387 16 16 0
2
40 42 
2
7387 10 16 0
7388 16 16 0
2
42 42 
1
7389 16 16 0
2
43 43 
1
6904 18 14 0
2
41 43 
2
6904 20 12 0
6905 18 14 0
2
43 43 
1
6906 18 14 0
2
21 43 
2
6906 20 14 0
6907 18 14 0
2
43 43 
1
6908 18 14 0
2
41 43 
2
6908 20 12 0
6909 18 14 0
2
43 43 
1
6910 18 14 0
2
42 199 
2
7390 16 16 0
7389 14 28 0
2
43 115 
2
6911 18 14 0
6910 2 10 0
2
42 200 
2
7391 16 16 0
7390 10 18 0
2
43 116 
2
6912 18 14 0
6911 8 8 0
2
42 201 
2
7392 16 16 0
7391 18 20 0
2
42 202 
2
7393 16 16 0
7392 14 14 0
2
42 203 
2
7394 16 16 0
7393 2 14 0
2
42 204 
2
7395 16 16 0
7394 20 20 0
2
42 205 
2
7396 16 16 0
7395 18 10 0
2
42 206 
2
7397 16 16 0
7396 26 24 0
2
42 207 
2
7398 16 16 0
7397 4 10 0
2
42 208 
2
7399 16 16 0
7398 32 16 0
2
42 209 
2
7400 16 16 0
7399 2 18 0
2
42 210 
2
7401 16 16 0
7400 8 24 0
2
42 211 
2
7402 16 16 0
7401 6 18 0
2
42 212 
2
7403 16 16 0
7402 16 24 0
2
42 213 
2
7404 16 16 0
7403 16 32 0
2
42 214 
2
7405 16 16 0
7404 12 20 0
2
42 215 
2
7406 16 16 0
7405 18 16 0
2
42 216 
2
7407 16 16 0
7406 8 20 0
2
42 217 
2
7408 16 16 0
7407 14 26 0
2
42 218 
2
7409 16 16 0
7408 10 24 0
2
42 219 
2
7410 16 16 0
7409 24 24 0
2
40 42 
2
7410 10 16 0
7411 16 16 0
2
41 43 
2
6912 20 12 0
6913 18 14 0
2
42 199 
2
7412 16 16 0
7411 14 28 0
2
43 118 
2
6914 18 14 0
6913 12 12 0
2
42 200 
2
7413 16 16 0
7412 10 18 0
2
42 201 
2
7414 16 16 0
7413 18 20 0
2
42 202 
2
7415 16 16 0
7414 14 14 0
2
42 203 
2
7416 16 16 0
7415 2 14 0
2
42 204 
2
7417 16 16 0
7416 20 20 0
2
42 205 
2
7418 16 16 0
7417 18 10 0
2
42 206 
2
7419 16 16 0
7418 26 24 0
2
42 207 
2
7420 16 16 0
7419 4 10 0
2
42 208 
2
7421 16 16 0
7420 32 16 0
2
42 209 
2
7422 16 16 0
7421 2 18 0
2
42 210 
2
7423 16 16 0
7422 8 24 0
2
42 211 
2
7424 16 16 0
7423 6 18 0
2
42 212 
2
7425 16 16 0
7424 16 24 0
2
42 213 
2
7426 16 16 0
7425 16 32 0
2
42 214 
2
7427 16 16 0
7426 12 20 0
2
42 215 
2
7428 16 16 0
7427 18 16 0
2
42 216 
2
7429 16 16 0
7428 8 20 0
2
42 217 
2
7430 16 16 0
7429 14 26 0
2
42 218 
2
7431 16 16 0
7430 10 24 0
2
42 219 
2
7432 16 16 0
7431 24 24 0
2
20 40 
2
7410 14 16 0
7411 10 16 0
2
21 41 
2
6912 20 14 0
6913 20 12 0
2
18 38 
2
7361 4 18 0
7362 4 16 0
2
19 39 
2
6902 20 8 0
6903 22 8 0
2
36 38 
2
7362 4 22 0
7363 4 16 0
2
37 39 
2
6903 24 4 0
6904 22 8 0
2
40 40 
1
7412 10 16 0
2
38 40 
2
7412 4 16 0
7413 10 16 0
2
40 40 
1
7414 10 16 0
2
18 40 
2
7414 4 18 0
7415 10 16 0
2
40 40 
1
7416 10 16 0
2
38 40 
2
7416 4 16 0
7417 10 16 0
2
40 40 
1
7418 10 16 0
2
41 41 
1
6914 20 12 0
2
39 41 
2
6914 22 8 0
6915 20 12 0
2
41 41 
1
6916 20 12 0
2
19 41 
2
6916 20 8 0
6917 20 12 0
2
41 41 
1
6918 20 12 0
2
39 41 
2
6918 22 8 0
6919 20 12 0
2
41 41 
1
6920 20 12 0
2
42 42 
1
7433 16 16 0
2
40 42 
2
7433 10 16 0
7434 16 16 0
2
42 42 
1
7435 16 16 0
2
20 42 
2
7435 14 16 0
7436 16 16 0
2
42 42 
1
7437 16 16 0
2
40 42 
2
7437 10 16 0
7438 16 16 0
2
42 42 
1
7439 16 16 0
2
43 43 
1
6915 18 14 0
2
41 43 
2
6921 20 12 0
6920 18 14 0
2
43 43 
1
6921 18 14 0
2
21 43 
2
6921 20 14 0
6922 18 14 0
2
43 43 
1
6923 18 14 0
2
41 43 
2
6923 20 12 0
6924 18 14 0
2
43 43 
1
6925 18 14 0
2
42 218 
2
7440 16 16 0
7439 10 24 0
2
43 117 
2
6926 18 14 0
6925 12 8 0
2
42 219 
2
7441 16 16 0
7440 24 24 0
2
42 220 
2
7442 16 16 0
7441 12 24 0
2
40 42 
2
7442 10 16 0
7443 16 16 0
2
41 43 
2
6926 20 12 0
6927 18 14 0
2
42 218 
2
7444 16 16 0
7443 10 24 0
2
43 117 
2
6928 18 14 0
6927 12 8 0
2
42 219 
2
7445 16 16 0
7444 24 24 0
2
43 118 
2
6929 18 14 0
6928 12 12 0
2
42 220 
2
7446 16 16 0
7445 12 24 0
2
20 40 
2
7442 14 16 0
7443 10 16 0
2
21 41 
2
6926 20 14 0
6927 20 12 0
2
38 40 
2
7443 4 16 0
7444 10 16 0
2
39 41 
2
6927 22 8 0
6928 20 12 0
2
42 42 
1
7447 16 16 0
2
40 42 
2
7447 10 16 0
7448 16 16 0
2
42 42 
1
7449 16 16 0
2
20 42 
2
7449 14 16 0
7450 16 16 0
2
42 42 
1
7451 16 16 0
2
40 42 
2
7451 10 16 0
7452 16 16 0
2
42 42 
1
7453 16 16 0
2
43 43 
1
6930 18 14 0
2
41 43 
2
6930 20 12 0
6931 18 14 0
2
43 43 
1
6932 18 14 0
2
21 43 
2
6932 20 14 0
6933 18 14 0
2
43 43 
1
6934 18 14 0
2
41 43 
2
6934 20 12 0
6935 18 14 0
2
43 43 
1
6936 18 14 0
2
42 219 
2
7454 16 16 0
7453 24 24 0
2
43 120 
2
6937 18 14 0
6936 28 20 0
2
42 220 
2
7455 16 16 0
7454 12 24 0
2
42 221 
2
7456 16 16 0
7455 6 22 0
2
40 42 
2
7456 10 16 0
7457 16 16 0
2
41 43 
2
6937 20 12 0
6938 18 14 0
2
42 219 
2
7458 16 16 0
7457 24 24 0
2
43 119 
2
6939 18 14 0
6938 22 18 0
2
42 220 
2
7459 16 16 0
7458 12 24 0
2
42 221 
2
7460 16 16 0
7459 6 22 0
2
20 40 
2
7456 14 16 0
7457 10 16 0
2
21 41 
2
6937 20 14 0
6938 20 12 0
2
18 38 
2
7443 4 18 0
7444 4 16 0
2
19 39 
2
6927 20 8 0
6928 22 8 0
2
16 36 
2
7362 4 24 0
7363 4 22 0
2
17 37 
2
6903 26 4 0
6904 24 4 0
2
14 34 
2
7233 4 26 0
7234 2 24 0
2
15 35 
2
6854 26 2 0
6855 28 2 0
2
12 32 
2
7026 2 26 0
7027 2 28 0
2
13 33 
2
6755 30 2 0
6756 32 2 0
2
10 30 
2
6507 6 28 0
6508 4 28 0
2
11 31 
2
6489 32 4 0
6490 32 6 0
2
28 30 
2
6508 4 30 0
6509 4 28 0
2
29 31 
2
6490 32 26 0
6491 32 6 0
2
32 32 
1
7028 2 28 0
2
30 32 
2
7028 4 28 0
7029 2 28 0
2
32 32 
1
7030 2 28 0
2
10 32 
2
7030 6 28 0
7031 2 28 0
2
32 32 
1
7032 2 28 0
2
30 32 
2
7032 4 28 0
7033 2 28 0
2
32 32 
1
7034 2 28 0
2
33 33 
1
6757 32 2 0
2
31 33 
2
6757 32 6 0
6758 32 2 0
2
33 33 
1
6759 32 2 0
2
11 33 
2
6759 32 4 0
6760 32 2 0
2
33 33 
1
6761 32 2 0
2
31 33 
2
6761 32 6 0
6762 32 2 0
2
33 33 
1
6763 32 2 0
2
34 34 
1
7235 2 24 0
2
32 34 
2
7235 2 28 0
7236 2 24 0
2
34 34 
1
7237 2 24 0
2
12 34 
2
7237 2 26 0
7238 2 24 0
2
34 34 
1
7239 2 24 0
2
32 34 
2
7239 2 28 0
7240 2 24 0
2
34 34 
1
7241 2 24 0
2
35 35 
1
6856 28 2 0
2
33 35 
2
6856 32 2 0
6857 28 2 0
2
35 35 
1
6858 28 2 0
2
13 35 
2
6858 30 2 0
6859 28 2 0
2
35 35 
1
6860 28 2 0
2
33 35 
2
6860 32 2 0
6861 28 2 0
2
35 35 
1
6862 28 2 0
2
36 36 
1
7364 4 22 0
2
34 36 
2
7364 2 24 0
7365 4 22 0
2
36 36 
1
7366 4 22 0
2
14 36 
2
7366 4 26 0
7367 4 22 0
2
36 36 
1
7368 4 22 0
2
34 36 
2
7368 2 24 0
7369 4 22 0
2
36 36 
1
7370 4 22 0
2
37 37 
1
6905 24 4 0
2
35 37 
2
6905 28 2 0
6906 24 4 0
2
37 37 
1
6907 24 4 0
2
15 37 
2
6907 26 2 0
6908 24 4 0
2
37 37 
1
6909 24 4 0
2
35 37 
2
6909 28 2 0
6910 24 4 0
2
37 37 
1
6911 24 4 0
2
38 38 
1
7445 4 16 0
2
36 38 
2
7445 4 22 0
7446 4 16 0
2
38 38 
1
7447 4 16 0
2
16 38 
2
7447 4 24 0
7448 4 16 0
2
38 38 
1
7449 4 16 0
2
36 38 
2
7449 4 22 0
7450 4 16 0
2
38 38 
1
7451 4 16 0
2
39 39 
1
6929 22 8 0
2
37 39 
2
6929 24 4 0
6930 22 8 0
2
39 39 
1
6931 22 8 0
2
17 39 
2
6931 26 4 0
6932 22 8 0
2
39 39 
1
6933 22 8 0
2
37 39 
2
6933 24 4 0
6934 22 8 0
2
39 39 
1
6935 22 8 0
2
40 40 
1
7458 10 16 0
2
38 40 
2
7458 4 16 0
7459 10 16 0
2
40 40 
1
7460 10 16 0
2
18 40 
2
7460 4 18 0
7461 10 16 0
2
40 40 
1
7462 10 16 0
2
38 40 
2
7462 4 16 0
7463 10 16 0
2
40 40 
1
7464 10 16 0
2
41 41 
1
6939 20 12 0
2
39 41 
2
6939 22 8 0
6940 20 12 0
2
41 41 
1
6941 20 12 0
2
19 41 
2
6941 20 8 0
6942 20 12 0
2
41 41 
1
6943 20 12 0
2
39 41 
2
6943 22 8 0
6944 20 12 0
2
41 41 
1
6945 20 12 0
2
42 42 
1
7461 16 16 0
2
40 42 
2
7465 10 16 0
7464 16 16 0
2
42 42 
1
7465 16 16 0
2
20 42 
2
7465 14 16 0
7466 16 16 0
2
42 42 
1
7467 16 16 0
2
40 42 
2
7467 10 16 0
7468 16 16 0
2
42 42 
1
7469 16 16 0
2
43 43 
1
6940 18 14 0
2
41 43 
2
6946 20 12 0
6945 18 14 0
2
43 43 
1
6946 18 14 0
2
21 43 
2
6946 20 14 0
6947 18 14 0
2
43 43 
1
6948 18 14 0
2
41 43 
2
6948 20 12 0
6949 18 14 0
2
43 43 
1
6950 18 14 0
2
42 218 
2
7470 16 16 0
7469 10 24 0
2
43 119 
2
6951 18 14 0
6950 22 18 0
2
42 219 
2
7471 16 16 0
7470 24 24 0
2
43 120 
2
6952 18 14 0
6951 28 20 0
2
42 220 
2
7472 16 16 0
7471 12 24 0
2
42 221 
2
7473 16 16 0
7472 6 22 0
2
42 222 
2
7474 16 16 0
7473 6 14 0
2
42 223 
2
7475 16 16 0
7474 14 12 0
2
42 224 
2
7476 16 16 0
7475 24 12 0
2
42 225 
2
7477 16 16 0
7476 20 18 0
2
42 226 
2
7478 16 16 0
7477 18 32 0
2
42 227 
2
7479 16 16 0
7478 2 12 0
2
42 228 
2
7480 16 16 0
7479 12 2 0
2
42 229 
2
7481 16 16 0
7480 2 16 0
2
42 230 
2
7482 16 16 0
7481 10 8 0
2
42 231 
2
7483 16 16 0
7482 14 30 0
2
42 232 
2
7484 16 16 0
7483 26 22 0
2
42 233 
2
7485 16 16 0
7484 8 22 0
2
42 234 
2
7486 16 16 0
7485 12 22 0
2
42 235 
2
7487 16 16 0
7486 14 24 0
2
42 236 
2
7488 16 16 0
7487 8 10 0
2
42 237 
2
7489 16 16 0
7488 20 28 0
2
42 238 
2
7490 16 16 0
7489 14 10 0
2
40 42 
2
7490 10 16 0
7491 16 16 0
2
41 43 
2
6952 20 12 0
6953 18 14 0
2
42 218 
2
7492 16 16 0
7491 10 24 0
2
43 122 
2
6954 18 14 0
6953 12 6 0
2
42 219 
2
7493 16 16 0
7492 24 24 0
2
42 220 
2
7494 16 16 0
7493 12 24 0
2
42 221 
2
7495 16 16 0
7494 6 22 0
2
42 222 
2
7496 16 16 0
7495 6 14 0
2
42 223 
2
7497 16 16 0
7496 14 12 0
2
42 224 
2
7498 16 16 0
7497 24 12 0
2
42 225 
2
7499 16 16 0
7498 20 18 0
2
42 226 
2
7500 16 16 0
7499 18 32 0
2
42 227 
2
7501 16 16 0
7500 2 12 0
2
42 228 
2
7502 16 16 0
7501 12 2 0
2
42 229 
2
7503 16 16 0
7502 2 16 0
2
42 230 
2
7504 16 16 0
7503 10 8 0
2
42 231 
2
7505 16 16 0
7504 14 30 0
2
42 232 
2
7506 16 16 0
7505 26 22 0
2
42 233 
2
7507 16 16 0
7506 8 22 0
2
42 234 
2
7508 16 16 0
7507 12 22 0
2
42 235 
2
7509 16 16 0
7508 14 24 0
2
42 236 
2
7510 16 16 0
7509 8 10 0
2
42 237 
2
7511 16 16 0
7510 20 28 0
2
42 238 
2
7512 16 16 0
7511 14 10 0
2
20 40 
2
7490 14 16 0
7491 10 16 0
2
21 41 
2
6952 20 14 0
6953 20 12 0
2
38 40 
2
7491 4 16 0
7492 10 16 0
2
39 41 
2
6953 22 8 0
6954 20 12 0
2
42 42 
1
7513 16 16 0
2
40 42 
2
7513 10 16 0
7514 16 16 0
2
42 42 
1
7515 16 16 0
2
20 42 
2
7515 14 16 0
7516 16 16 0
2
42 42 
1
7517 16 16 0
2
40 42 
2
7517 10 16 0
7518 16 16 0
2
42 42 
1
7519 16 16 0
2
43 43 
1
6955 18 14 0
2
41 43 
2
6955 20 12 0
6956 18 14 0
2
43 43 
1
6957 18 14 0
2
21 43 
2
6957 20 14 0
6958 18 14 0
2
43 43 
1
6959 18 14 0
2
41 43 
2
6959 20 12 0
6960 18 14 0
2
43 43 
1
6961 18 14 0
2
42 219 
2
7520 16 16 0
7519 24 24 0
2
43 121 
2
6962 18 14 0
6961 8 14 0
2
42 220 
2
7521 16 16 0
7520 12 24 0
2
42 221 
2
7522 16 16 0
7521 6 22 0
2
42 222 
2
7523 16 16 0
7522 6 14 0
2
42 223 
2
7524 16 16 0
7523 14 12 0
2
42 224 
2
7525 16 16 0
7524 24 12 0
2
42 225 
2
7526 16 16 0
7525 20 18 0
2
42 226 
2
7527 16 16 0
7526 18 32 0
2
42 227 
2
7528 16 16 0
7527 2 12 0
2
42 228 
2
7529 16 16 0
7528 12 2 0
2
42 229 
2
7530 16 16 0
7529 2 16 0
2
42 230 
2
7531 16 16 0
7530 10 8 0
2
42 231 
2
7532 16 16 0
7531 14 30 0
2
42 232 
2
7533 16 16 0
7532 26 22 0
2
42 233 
2
7534 16 16 0
7533 8 22 0
2
42 234 
2
7535 16 16 0
7534 12 22 0
2
42 235 
2
7536 16 16 0
7535 14 24 0
2
42 236 
2
7537 16 16 0
7536 8 10 0
2
42 237 
2
7538 16 16 0
7537 20 28 0
2
42 238 
2
7539 16 16 0
7538 14 10 0
2
42 239 
2
7540 16 16 0
7539 16 20 0
2
40 42 
2
7540 10 16 0
7541 16 16 0
2
41 43 
2
6962 20 12 0
6963 18 14 0
2
42 219 
2
7542 16 16 0
7541 24 24 0
2
43 121 
2
6964 18 14 0
6963 8 14 0
2
42 220 
2
7543 16 16 0
7542 12 24 0
2
43 122 
2
6965 18 14 0
6964 12 6 0
2
42 221 
2
7544 16 16 0
7543 6 22 0
2
42 222 
2
7545 16 16 0
7544 6 14 0
2
42 223 
2
7546 16 16 0
7545 14 12 0
2
42 224 
2
7547 16 16 0
7546 24 12 0
2
42 225 
2
7548 16 16 0
7547 20 18 0
2
42 226 
2
7549 16 16 0
7548 18 32 0
2
42 227 
2
7550 16 16 0
7549 2 12 0
2
42 228 
2
7551 16 16 0
7550 12 2 0
2
42 229 
2
7552 16 16 0
7551 2 16 0
2
42 230 
2
7553 16 16 0
7552 10 8 0
2
42 231 
2
7554 16 16 0
7553 14 30 0
2
42 232 
2
7555 16 16 0
7554 26 22 0
2
42 233 
2
7556 16 16 0
7555 8 22 0
2
42 234 
2
7557 16 16 0
7556 12 22 0
2
42 235 
2
7558 16 16 0
7557 14 24 0
2
42 236 
2
7559 16 16 0
7558 8 10 0
2
42 237 
2
7560 16 16 0
7559 20 28 0
2
42 238 
2
7561 16 16 0
7560 14 10 0
2
42 239 
2
7562 16 16 0
7561 16 20 0
2
20 40 
2
7540 14 16 0
7541 10 16 0
2
21 41 
2
6962 20 14 0
6963 20 12 0
2
18 38 
2
7491 4 18 0
7492 4 16 0
2
19 39 
2
6953 20 8 0
6954 22 8 0
2
36 38 
2
7492 4 22 0
7493 4 16 0
2
37 39 
2
6954 24 4 0
6955 22 8 0
2
40 40 
1
7542 10 16 0
2
38 40 
2
7542 4 16 0
7543 10 16 0
2
40 40 
1
7544 10 16 0
2
18 40 
2
7544 4 18 0
7545 10 16 0
2
40 40 
1
7546 10 16 0
2
38 40 
2
7546 4 16 0
7547 10 16 0
2
40 40 
1
7548 10 16 0
2
41 41 
1
6964 20 12 0
2
39 41 
2
6964 22 8 0
6965 20 12 0
2
41 41 
1
6966 20 12 0
2
19 41 
2
6966 20 8 0
6967 20 12 0
2
41 41 
1
6968 20 12 0
2
39 41 
2
6968 22 8 0
6969 20 12 0
2
41 41 
1
6970 20 12 0
2
42 42 
1
7563 16 16 0
2
40 42 
2
7563 10 16 0
7564 16 16 0
2
42 42 
1
7565 16 16 0
2
20 42 
2
7565 14 16 0
7566 16 16 0
2
42 42 
1
7567 16 16 0
2
40 42 
2
7567 10 16 0
7568 16 16 0
2
42 42 
1
7569 16 16 0
2
43 43 
1
6966 18 14 0
2
41 43 
2
6971 20 12 0
6970 18 14 0
2
43 43 
1
6971 18 14 0
2
21 43 
2
6971 20 14 0
6972 18 14 0
2
43 43 
1
6973 18 14 0
2
41 43 
2
6973 20 12 0
6974 18 14 0
2
43 43 
1
6975 18 14 0
2
42 238 
2
7570 16 16 0
7569 14 10 0
2
43 124 
2
6976 18 14 0
6975 20 26 0
2
42 239 
2
7571 16 16 0
7570 16 20 0
2
42 50 
2
7572 16 16 0
7571 4 12 0
2
40 42 
2
7572 10 16 0
7573 16 16 0
2
41 43 
2
6976 20 12 0
6977 18 14 0
2
42 238 
2
7574 16 16 0
7573 14 10 0
2
43 123 
2
6978 18 14 0
6977 22 20 0
2
42 239 
2
7575 16 16 0
7574 16 20 0
2
42 50 
2
7576 16 16 0
7575 4 12 0
2
20 40 
2
7572 14 16 0
7573 10 16 0
2
21 41 
2
6976 20 14 0
6977 20 12 0
2
38 40 
2
7573 4 16 0
7574 10 16 0
2
39 41 
2
6977 22 8 0
6978 20 12 0
2
42 42 
1
7577 16 16 0
2
40 42 
2
7577 10 16 0
7578 16 16 0
2
42 42 
1
7579 16 16 0
2
20 42 
2
7579 14 16 0
7580 16 16 0
2
42 42 
1
7581 16 16 0
2
40 42 
2
7581 10 16 0
7582 16 16 0
2
42 42 
1
7583 16 16 0
2
43 43 
1
6979 18 14 0
2
41 43 
2
6979 20 12 0
6980 18 14 0
2
43 43 
1
6981 18 14 0
2
21 43 
2
6981 20 14 0
6982 18 14 0
2
43 43 
1
6983 18 14 0
2
41 43 
2
6983 20 12 0
6984 18 14 0
2
43 43 
1
6985 18 14 0
2
42 239 
2
7584 16 16 0
7583 16 20 0
2
43 123 
2
6986 18 14 0
6985 22 20 0
2
42 50 
2
7585 16 16 0
7584 4 12 0
2
43 124 
2
6987 18 14 0
6986 20 26 0
2
42 45 
2
7586 16 16 0
7585 16 2 0
2
40 42 
2
7586 10 16 0
7587 16 16 0
2
41 43 
2
6987 20 12 0
6988 18 14 0
2
42 239 
2
7588 16 16 0
7587 16 20 0
2
43 126 
2
6989 18 14 0
6988 16 10 0
2
42 50 
2
7589 16 16 0
7588 4 12 0
2
42 45 
2
7590 16 16 0
7589 16 2 0
2
20 40 
2
7586 14 16 0
7587 10 16 0
2
21 41 
2
6987 20 14 0
6988 20 12 0
2
18 38 
2
7573 4 18 0
7574 4 16 0
2
19 39 
2
6977 20 8 0
6978 22 8 0
2
16 36 
2
7492 4 24 0
7493 4 22 0
2
17 37 
2
6954 26 4 0
6955 24 4 0
2
34 36 
2
7493 2 24 0
7494 4 22 0
2
35 37 
2
6955 28 2 0
6956 24 4 0
2
38 38 
1
7575 4 16 0
2
36 38 
2
7575 4 22 0
7576 4 16 0
2
38 38 
1
7577 4 16 0
2
16 38 
2
7577 4 24 0
7578 4 16 0
2
38 38 
1
7579 4 16 0
2
36 38 
2
7579 4 22 0
7580 4 16 0
2
38 38 
1
7581 4 16 0
2
39 39 
1
6979 22 8 0
2
37 39 
2
6979 24 4 0
6980 22 8 0
2
39 39 
1
6981 22 8 0
2
17 39 
2
6981 26 4 0
6982 22 8 0
2
39 39 
1
6983 22 8 0
2
37 39 
2
6983 24 4 0
6984 22 8 0
2
39 39 
1
6985 22 8 0
2
40 40 
1
7588 10 16 0
2
38 40 
2
7588 4 16 0
7589 10 16 0
2
40 40 
1
7590 10 16 0
2
18 40 
2
7590 4 18 0
7591 10 16 0
2
40 40 
1
7592 10 16 0
2
38 40 
2
7592 4 16 0
7593 10 16 0
2
40 40 
1
7594 10 16 0
2
41 41 
1
6989 20 12 0
2
39 41 
2
6989 22 8 0
6990 20 12 0
2
41 41 
1
6991 20 12 0
2
19 41 
2
6991 20 8 0
6992 20 12 0
2
41 41 
1
6993 20 12 0
2
39 41 
2
6993 22 8 0
6994 20 12 0
2
41 41 
1
6995 20 12 0
2
42 42 
1
7591 16 16 0
2
40 42 
2
7595 10 16 0
7594 16 16 0
2
42 42 
1
7595 16 16 0
2
20 42 
2
7595 14 16 0
7596 16 16 0
2
42 42 
1
7597 16 16 0
2
40 42 
2
7597 10 16 0
7598 16 16 0
2
42 42 
1
7599 16 16 0
2
43 43 
1
6990 18 14 0
2
41 43 
2
6996 20 12 0
6995 18 14 0
2
43 43 
1
6996 18 14 0
2
21 43 
2
6996 20 14 0
6997 18 14 0
2
43 43 
1
6998 18 14 0
2
41 43 
2
6998 20 12 0
6999 18 14 0
2
43 43 
1
7000 18 14 0
2
42 238 
2
7600 16 16 0
7599 14 10 0
2
43 125 
2
7001 18 14 0
7000 12 16 0
2
42 239 
2
7601 16 16 0
7600 16 20 0
2
42 50 
2
7602 16 16 0
7601 4 12 0
2
42 45 
2
7603 16 16 0
7602 16 2 0
2
42 47 
2
7604 16 16 0
7603 26 12 0
2
42 49 
2
7605 16 16 0
7604 32 14 0
2
42 52 
2
7606 16 16 0
7605 18 4 0
2
42 53 
2
7607 16 16 0
7606 18 8 0
2
42 54 
2
7608 16 16 0
7607 24 6 0
2
42 55 
2
7609 16 16 0
7608 24 2 0
2
42 56 
2
7610 16 16 0
7609 32 18 0
2
42 57 
2
7611 16 16 0
7610 22 28 0
2
42 58 
2
7612 16 16 0
7611 10 10 0
2
42 59 
2
7613 16 16 0
7612 28 16 0
2
42 60 
2
7614 16 16 0
7613 16 8 0
2
42 61 
2
7615 16 16 0
7614 18 30 0
2
42 62 
2
7616 16 16 0
7615 20 24 0
2
42 63 
2
7617 16 16 0
7616 16 12 0
2
42 64 
2
7618 16 16 0
7617 16 6 0
2
42 65 
2
7619 16 16 0
7618 10 6 0
2
42 66 
2
7620 16 16 0
7619 18 22 0
2
40 42 
2
7620 10 16 0
7621 16 16 0
2
41 43 
2
7001 20 12 0
7002 18 14 0
2
42 238 
2
7622 16 16 0
7621 14 10 0
2
43 125 
2
7003 18 14 0
7002 12 16 0
2
42 239 
2
7623 16 16 0
7622 16 20 0
2
43 126 
2
7004 18 14 0
7003 16 10 0
2
42 50 
2
7624 16 16 0
7623 4 12 0
2
42 45 
2
7625 16 16 0
7624 16 2 0
2
42 47 
2
7626 16 16 0
7625 26 12 0
2
42 49 
2
7627 16 16 0
7626 32 14 0
2
42 52 
2
7628 16 16 0
7627 18 4 0
2
42 53 
2
7629 16 16 0
7628 18 8 0
2
42 54 
2
7630 16 16 0
7629 24 6 0
2
42 55 
2
7631 16 16 0
7630 24 2 0
2
42 56 
2
7632 16 16 0
7631 32 18 0
2
42 57 
2
7633 16 16 0
7632 22 28 0
2
42 58 
2
7634 16 16 0
7633 10 10 0
2
42 59 
2
7635 16 16 0
7634 28 16 0
2
42 60 
2
7636 16 16 0
7635 16 8 0
2
42 61 
2
7637 16 16 0
7636 18 30 0
2
42 62 
2
7638 16 16 0
7637 20 24 0
2
42 63 
2
7639 16 16 0
7638 16 12 0
2
42 64 
2
7640 16 16 0
7639 16 6 0
2
42 65 
2
7641 16 16 0
7640 10 6 0
2
42 66 
2
7642 16 16 0
7641 18 22 0
2
20 40 
2
7620 14 16 0
7621 10 16 0
2
21 41 
2
7001 20 14 0
7002 20 12 0
2
38 40 
2
7621 4 16 0
7622 10 16 0
2
39 41 
2
7002 22 8 0
7003 20 12 0
2
42 42 
1
7643 16 16 0
2
40 42 
2
7643 10 16 0
7644 16 16 0
2
42 42 
1
7645 16 16 0
2
20 42 
2
7645 14 16 0
7646 16 16 0
2
42 42 
1
7647 16 16 0
2
40 42 
2
7647 10 16 0
7648 16 16 0
2
42 42 
1
7649 16 16 0
2
43 43 
1
7005 18 14 0
2
41 43 
2
7005 20 12 0
7006 18 14 0
2
43 43 
1
7007 18 14 0
2
21 43 
2
7007 20 14 0
7008 18 14 0
2
43 43 
1
7009 18 14 0
2
41 43 
2
7009 20 12 0
7010 18 14 0
2
43 43 
1
7011 18 14 0
2
42 239 
2
7650 16 16 0
7649 16 20 0
2
43 129 
2
7012 18 14 0
7011 28 12 0
2
42 50 
2
7651 16 16 0
7650 4 12 0
2
42 45 
2
7652 16 16 0
7651 16 2 0
2
42 47 
2
7653 16 16 0
7652 26 12 0
2
42 49 
2
7654 16 16 0
7653 32 14 0
2
42 52 
2
7655 16 16 0
7654 18 4 0
2
42 53 
2
7656 16 16 0
7655 18 8 0
2
42 54 
2
7657 16 16 0
7656 24 6 0
2
42 55 
2
7658 16 16 0
7657 24 2 0
2
42 56 
2
7659 16 16 0
7658 32 18 0
2
42 57 
2
7660 16 16 0
7659 22 28 0
2
42 58 
2
7661 16 16 0
7660 10 10 0
2
42 59 
2
7662 16 16 0
7661 28 16 0
2
42 60 
2
7663 16 16 0
7662 16 8 0
2
42 61 
2
7664 16 16 0
7663 18 30 0
2
42 62 
2
7665 16 16 0
7664 20 24 0
2
42 63 
2
7666 16 16 0
7665 16 12 0
2
42 64 
2
7667 16 16 0
7666 16 6 0
2
42 65 
2
7668 16 16 0
7667 10 6 0
2
42 66 
2
7669 16 16 0
7668 18 22 0
2
42 67 
2
7670 16 16 0
7669 18 28 0
2
40 42 
2
7670 10 16 0
7671 16 16 0
2
41 43 
2
7012 20 12 0
7013 18 14 0
2
42 239 
2
7672 16 16 0
7671 16 20 0
2
43 128 
2
7014 18 14 0
7013 16 14 0
2
42 50 
2
7673 16 16 0
7672 4 12 0
2
42 45 
2
7674 16 16 0
7673 16 2 0
2
42 47 
2
7675 16 16 0
7674 26 12 0
2
42 49 
2
7676 16 16 0
7675 32 14 0
2
42 52 
2
7677 16 16 0
7676 18 4 0
2
42 53 
2
7678 16 16 0
7677 18 8 0
2
42 54 
2
7679 16 16 0
7678 24 6 0
2
42 55 
2
7680 16 16 0
7679 24 2 0
2
42 56 
2
7681 16 16 0
7680 32 18 0
2
42 57 
2
7682 16 16 0
7681 22 28 0
2
42 58 
2
7683 16 16 0
7682 10 10 0
2
42 59 
2
7684 16 16 0
7683 28 16 0
2
42 60 
2
7685 16 16 0
7684 16 8 0
2
42 61 
2
7686 16 16 0
7685 18 30 0
2
42 62 
2
7687 16 16 0
7686 20 24 0
2
42 63 
2
7688 16 16 0
7687 16 12 0
2
42 64 
2
7689 16 16 0
7688 16 6 0
2
42 65 
2
7690 16 16 0
7689 10 6 0
2
42 66 
2
7691 16 16 0
7690 18 22 0
2
42 67 
2
7692 16 16 0
7691 18 28 0
2
20 40 
2
7670 14 16 0
7671 10 16 0
2
21 41 
2
7012 20 14 0
7013 20 12 0
2
18 38 
2
7621 4 18 0
7622 4 16 0
2
19 39 
2
7002 20 8 0
7003 22 8 0
2
36 38 
2
7622 4 22 0
7623 4 16 0
2
37 39 
2
7003 24 4 0
7004 22 8 0
2
40 40 
1
7672 10 16 0
2
38 40 
2
7672 4 16 0
7673 10 16 0
2
40 40 
1
7674 10 16 0
2
18 40 
2
7674 4 18 0
7675 10 16 0
2
40 40 
1
7676 10 16 0
2
38 40 
2
7676 4 16 0
7677 10 16 0
2
40 40 
1
7678 10 16 0
2
41 41 
1
7014 20 12 0
2
39 41 
2
7014 22 8 0
7015 20 12 0
2
41 41 
1
7016 20 12 0
2
19 41 
2
7016 20 8 0
7017 20 12 0
2
41 41 
1
7018 20 12 0
2
39 41 
2
7018 22 8 0
7019 20 12 0
2
41 41 
1
7020 20 12 0
2
42 42 
1
7693 16 16 0
2
40 42 
2
7693 10 16 0
7694 16 16 0
2
42 42 
1
7695 16 16 0
2
20 42 
2
7695 14 16 0
7696 16 16 0
2
42 42 
1
7697 16 16 0
2
40 42 
2
7697 10 16 0
7698 16 16 0
2
42 42 
1
7699 16 16 0
2
43 43 
1
7015 18 14 0
2
41 43 
2
7021 20 12 0
7020 18 14 0
2
43 43 
1
7021 18 14 0
2
21 43 
2
7021 20 14 0
7022 18 14 0
2
43 43 
1
7023 18 14 0
2
41 43 
2
7023 20 12 0
7024 18 14 0
2
43 43 
1
7025 18 14 0
2
42 66 
2
7700 16 16 0
7699 18 22 0
2
43 128 
2
7026 18 14 0
7025 16 14 0
2
42 67 
2
7701 16 16 0
7700 18 28 0
2
43 129 
2
7027 18 14 0
7026 28 12 0
2
42 68 
2
7702 16 16 0
7701 18 12 0
2
40 42 
2
7702 10 16 0
7703 16 16 0
2
41 43 
2
7027 20 12 0
7028 18 14 0
2
42 66 
2
7704 16 16 0
7703 18 22 0
2
43 131 
2
7029 18 14 0
7028 28 14 0
2
42 67 
2
7705 16 16 0
7704 18 28 0
2
42 68 
2
7706 16 16 0
7705 18 12 0
2
20 40 
2
7702 14 16 0
7703 10 16 0
2
21 41 
2
7027 20 14 0
7028 20 12 0
2
38 40 
2
7703 4 16 0
7704 10 16 0
2
39 41 
2
7028 22 8 0
7029 20 12 0
2
42 42 
1
7707 16 16 0
2
40 42 
2
7707 10 16 0
7708 16 16 0
2
42 42 
1
7709 16 16 0
2
20 42 
2
7709 14 16 0
7710 16 16 0
2
42 42 
1
7711 16 16 0
2
40 42 
2
7711 10 16 0
7712 16 16 0
2
42 42 
1
7713 16 16 0
2
43 43 
1
7030 18 14 0
2
41 43 
2
7030 20 12 0
7031 18 14 0
2
43 43 
1
7032 18 14 0
2
21 43 
2
7032 20 14 0
7033 18 14 0
2
43 43 
1
7034 18 14 0
2
41 43 
2
7034 20 12 0
7035 18 14 0
2
43 43 
1
7036 18 14 0
2
42 67 
2
7714 16 16 0
7713 18 28 0
2
43 130 
2
7037 18 14 0
7036 22 6 0
2
42 68 
2
7715 16 16 0
7714 18 12 0
2
42 86 
2
7716 16 16 0
7715 6 10 0
2
40 42 
2
7716 10 16 0
7717 16 16 0
2
41 43 
2
7037 20 12 0
7038 18 14 0
2
42 67 
2
7718 16 16 0
7717 18 28 0
2
43 130 
2
7039 18 14 0
7038 22 6 0
2
42 68 
2
7719 16 16 0
7718 18 12 0
2
43 131 
2
7040 18 14 0
7039 28 14 0
2
42 86 
2
7720 16 16 0
7719 6 10 0
2
20 40 
2
7716 14 16 0
7717 10 16 0
2
21 41 
2
7037 20 14 0
7038 20 12 0
2
18 38 
2
7703 4 18 0
7704 4 16 0
2
19 39 
2
7028 20 8 0
7029 22 8 0
2
16 36 
2
7622 4 24 0
7623 4 22 0
2
17 37 
2
7003 26 4 0
7004 24 4 0
2
14 34 
2
7493 4 26 0
7494 2 24 0
2
15 35 
2
6955 26 2 0
6956 28 2 0
2
32 34 
2
7494 2 28 0
7495 2 24 0
2
33 35 
2
6956 32 2 0
6957 28 2 0
2
36 36 
1
7624 4 22 0
2
34 36 
2
7624 2 24 0
7625 4 22 0
2
36 36 
1
7626 4 22 0
2
14 36 
2
7626 4 26 0
7627 4 22 0
2
36 36 
1
7628 4 22 0
2
34 36 
2
7628 2 24 0
7629 4 22 0
2
36 36 
1
7630 4 22 0
2
37 37 
1
7005 24 4 0
2
35 37 
2
7005 28 2 0
7006 24 4 0
2
37 37 
1
7007 24 4 0
2
15 37 
2
7007 26 2 0
7008 24 4 0
2
37 37 
1
7009 24 4 0
2
35 37 
2
7009 28 2 0
7010 24 4 0
2
37 37 
1
7011 24 4 0
2
38 38 
1
7705 4 16 0
2
36 38 
2
7705 4 22 0
7706 4 16 0
2
38 38 
1
7707 4 16 0
2
16 38 
2
7707 4 24 0
7708 4 16 0
2
38 38 
1
7709 4 16 0
2
36 38 
2
7709 4 22 0
7710 4 16 0
2
38 38 
1
7711 4 16 0
2
39 39 
1
7030 22 8 0
2
37 39 
2
7030 24 4 0
7031 22 8 0
2
39 39 
1
7032 22 8 0
2
17 39 
2
7032 26 4 0
7033 22 8 0
2
39 39 
1
7034 22 8 0
2
37 39 
2
7034 24 4 0
7035 22 8 0
2
39 39 
1
7036 22 8 0
2
40 40 
1
7718 10 16 0
2
38 40 
2
7718 4 16 0
7719 10 16 0
2
40 40 
1
7720 10 16 0
2
18 40 
2
7720 4 18 0
7721 10 16 0
2
40 40 
1
7722 10 16 0
2
38 40 
2
7722 4 16 0
7723 10 16 0
2
40 40 
1
7724 10 16 0
2
41 41 
1
7039 20 12 0
2
39 41 
2
7039 22 8 0
7040 20 12 0
2
41 41 
1
7041 20 12 0
2
19 41 
2
7041 20 8 0
7042 20 12 0
2
41 41 
1
7043 20 12 0
2
39 41 
2
7043 22 8 0
7044 20 12 0
2
41 41 
1
7045 20 12 0
2
42 42 
1
7721 16 16 0
2
40 42 
2
7725 10 16 0
7724 16 16 0
2
42 42 
1
7725 16 16 0
2
20 42 
2
7725 14 16 0
7726 16 16 0
2
42 42 
1
7727 16 16 0
2
40 42 
2
7727 10 16 0
7728 16 16 0
2
42 42 
1
7729 16 16 0
2
43 43 
1
7041 18 14 0
2
41 43 
2
7046 20 12 0
7045 18 14 0
2
43 43 
1
7046 18 14 0
2
21 43 
2
7046 20 14 0
7047 18 14 0
2
43 43 
1
7048 18 14 0
2
41 43 
2
7048 20 12 0
7049 18 14 0
2
43 43 
1
7050 18 14 0
2
42 66 
2
7730 16 16 0
7729 18 22 0
2
43 150 
2
7051 18 14 0
7050 24 8 0
2
42 67 
2
7731 16 16 0
7730 18 28 0
2
42 68 
2
7732 16 16 0
7731 18 12 0
2
42 86 
2
7733 16 16 0
7732 6 10 0
2
42 87 
2
7734 16 16 0
7733 22 14 0
2
42 89 
2
7735 16 16 0
7734 24 14 0
2
42 90 
2
7736 16 16 0
7735 20 10 0
2
42 91 
2
7737 16 16 0
7736 28 8 0
2
42 92 
2
7738 16 16 0
7737 32 12 0
2
42 93 
2
7739 16 16 0
7738 20 2 0
2
42 94 
2
7740 16 16 0
7739 8 6 0
2
42 95 
2
7741 16 16 0
7740 6 12 0
2
42 96 
2
7742 16 16 0
7741 16 4 0
2
42 97 
2
7743 16 16 0
7742 12 14 0
2
42 98 
2
7744 16 16 0
7743 22 16 0
2
42 99 
2
7745 16 16 0
7744 18 24 0
2
42 100 
2
7746 16 16 0
7745 12 10 0
2
42 101 
2
7747 16 16 0
7746 18 18 0
2
42 102 
2
7748 16 16 0
7747 14 8 0
2
42 103 
2
7749 16 16 0
7748 14 6 0
2
42 104 
2
7750 16 16 0
7749 22 26 0
2
40 42 
2
7750 10 16 0
7751 16 16 0
2
41 43 
2
7051 20 12 0
7052 18 14 0
2
42 66 
2
7752 16 16 0
7751 18 22 0
2
43 149 
2
7053 18 14 0
7052 20 6 0
2
42 67 
2
7753 16 16 0
7752 18 28 0
2
42 68 
2
7754 16 16 0
7753 18 12 0
2
42 86 
2
7755 16 16 0
7754 6 10 0
2
42 87 
2
7756 16 16 0
7755 22 14 0
2
42 89 
2
7757 16 16 0
7756 24 14 0
2
42 90 
2
7758 16 16 0
7757 20 10 0
2
42 91 
2
7759 16 16 0
7758 28 8 0
2
42 92 
2
7760 16 16 0
7759 32 12 0
2
42 93 
2
7761 16 16 0
7760 20 2 0
2
42 94 
2
7762 16 16 0
7761 8 6 0
2
42 95 
2
7763 16 16 0
7762 6 12 0
2
42 96 
2
7764 16 16 0
7763 16 4 0
2
42 97 
2
7765 16 16 0
7764 12 14 0
2
42 98 
2
7766 16 16 0
7765 22 16 0
2
42 99 
2
7767 16 16 0
7766 18 24 0
2
42 100 
2
7768 16 16 0
7767 12 10 0
2
42 101 
2
7769 16 16 0
7768 18 18 0
2
42 102 
2
7770 16 16 0
7769 14 8 0
2
42 103 
2
7771 16 16 0
7770 14 6 0
2
42 104 
2
7772 16 16 0
7771 22 26 0
2
20 40 
2
7750 14 16 0
7751 10 16 0
2
21 41 
2
7051 20 14 0
7052 20 12 0
2
38 40 
2
7751 4 16 0
7752 10 16 0
2
39 41 
2
7052 22 8 0
7053 20 12 0
2
42 42 
1
7773 16 16 0
2
40 42 
2
7773 10 16 0
7774 16 16 0
2
42 42 
1
7775 16 16 0
2
20 42 
2
7775 14 16 0
7776 16 16 0
2
42 42 
1
7777 16 16 0
2
40 42 
2
7777 10 16 0
7778 16 16 0
2
42 42 
1
7779 16 16 0
2
43 43 
1
7054 18 14 0
2
41 43 
2
7054 20 12 0
7055 18 14 0
2
43 43 
1
7056 18 14 0
2
21 43 
2
7056 20 14 0
7057 18 14 0
2
43 43 
1
7058 18 14 0
2
41 43 
2
7058 20 12 0
7059 18 14 0
2
43 43 
1
7060 18 14 0
2
42 67 
2
7780 16 16 0
7779 18 28 0
2
43 149 
2
7061 18 14 0
7060 20 6 0
2
42 68 
2
7781 16 16 0
7780 18 12 0
2
43 150 
2
7062 18 14 0
7061 24 8 0
2
42 86 
2
7782 16 16 0
7781 6 10 0
2
42 87 
2
7783 16 16 0
7782 22 14 0
2
42 89 
2
7784 16 16 0
7783 24 14 0
2
42 90 
2
7785 16 16 0
7784 20 10 0
2
42 91 
2
7786 16 16 0
7785 28 8 0
2
42 92 
2
7787 16 16 0
7786 32 12 0
2
42 93 
2
7788 16 16 0
7787 20 2 0
2
42 94 
2
7789 16 16 0
7788 8 6 0
2
42 95 
2
7790 16 16 0
7789 6 12 0
2
42 96 
2
7791 16 16 0
7790 16 4 0
2
42 97 
2
7792 16 16 0
7791 12 14 0
2
42 98 
2
7793 16 16 0
7792 22 16 0
2
42 99 
2
7794 16 16 0
7793 18 24 0
2
42 100 
2
7795 16 16 0
7794 12 10 0
2
42 101 
2
7796 16 16 0
7795 18 18 0
2
42 102 
2
7797 16 16 0
7796 14 8 0
2
42 103 
2
7798 16 16 0
7797 14 6 0
2
42 104 
2
7799 16 16 0
7798 22 26 0
2
42 105 
2
7800 16 16 0
7799 20 16 0
2
40 42 
2
7800 10 16 0
7801 16 16 0
2
41 43 
2
7062 20 12 0
7063 18 14 0
2
42 67 
2
7802 16 16 0
7801 18 28 0
2
43 152 
2
7064 18 14 0
7063 22 30 0
2
42 68 
2
7803 16 16 0
7802 18 12 0
2
42 86 
2
7804 16 16 0
7803 6 10 0
2
42 87 
2
7805 16 16 0
7804 22 14 0
2
42 89 
2
7806 16 16 0
7805 24 14 0
2
42 90 
2
7807 16 16 0
7806 20 10 0
2
42 91 
2
7808 16 16 0
7807 28 8 0
2
42 92 
2
7809 16 16 0
7808 32 12 0
2
42 93 
2
7810 16 16 0
7809 20 2 0
2
42 94 
2
7811 16 16 0
7810 8 6 0
2
42 95 
2
7812 16 16 0
7811 6 12 0
2
42 96 
2
7813 16 16 0
7812 16 4 0
2
42 97 
2
7814 16 16 0
7813 12 14 0
2
42 98 
2
7815 16 16 0
7814 22 16 0
2
42 99 
2
7816 16 16 0
7815 18 24 0
2
42 100 
2
7817 16 16 0
7816 12 10 0
2
42 101 
2
7818 16 16 0
7817 18 18 0
2
42 102 
2
7819 16 16 0
7818 14 8 0
2
42 103 
2
7820 16 16 0
7819 14 6 0
2
42 104 
2
7821 16 16 0
7820 22 26 0
2
42 105 
2
7822 16 16 0
7821 20 16 0
2
20 40 
2
7800 14 16 0
7801 10 16 0
2
21 41 
2
7062 20 14 0
7063 20 12 0
2
18 38 
2
7751 4 18 0
7752 4 16 0
2
19 39 
2
7052 20 8 0
7053 22 8 0
2
36 38 
2
7752 4 22 0
7753 4 16 0
2
37 39 
2
7053 24 4 0
7054 22 8 0
2
40 40 
1
7802 10 16 0
2
38 40 
2
7802 4 16 0
7803 10 16 0
2
40 40 
1
7804 10 16 0
2
18 40 
2
7804 4 18 0
7805 10 16 0
2
40 40 
1
7806 10 16 0
2
38 40 
2
7806 4 16 0
7807 10 16 0
2
40 40 
1
7808 10 16 0
2
41 41 
1
7064 20 12 0
2
39 41 
2
7064 22 8 0
7065 20 12 0
2
41 41 
1
7066 20 12 0
2
19 41 
2
7066 20 8 0
7067 20 12 0
2
41 41 
1
7068 20 12 0
2
39 41 
2
7068 22 8 0
7069 20 12 0
2
41 41 
1
7070 20 12 0
2
42 42 
1
7823 16 16 0
2
40 42 
2
7823 10 16 0
7824 16 16 0
2
42 42 
1
7825 16 16 0
2
20 42 
2
7825 14 16 0
7826 16 16 0
2
42 42 
1
7827 16 16 0
2
40 42 
2
7827 10 16 0
7828 16 16 0
2
42 42 
1
7829 16 16 0
2
43 43 
1
7065 18 14 0
2
41 43 
2
7071 20 12 0
7070 18 14 0
2
43 43 
1
7071 18 14 0
2
21 43 
2
7071 20 14 0
7072 18 14 0
2
43 43 
1
7073 18 14 0
2
41 43 
2
7073 20 12 0
7074 18 14 0
2
43 43 
1
7075 18 14 0
2
42 104 
2
7830 16 16 0
7829 22 26 0
2
43 151 
2
7076 18 14 0
7075 22 2 0
2
42 105 
2
7831 16 16 0
7830 20 16 0
2
42 106 
2
7832 16 16 0
7831 24 20 0
2
40 42 
2
7832 10 16 0
7833 16 16 0
2
41 43 
2
7076 20 12 0
7077 18 14 0
2
42 104 
2
7834 16 16 0
7833 22 26 0
2
43 151 
2
7078 18 14 0
7077 22 2 0
2
42 105 
2
7835 16 16 0
7834 20 16 0
2
43 152 
2
7079 18 14 0
7078 22 30 0
2
42 106 
2
7836 16 16 0
7835 24 20 0
2
20 40 
2
7832 14 16 0
7833 10 16 0
2
21 41 
2
7076 20 14 0
7077 20 12 0
2
38 40 
2
7833 4 16 0
7834 10 16 0
2
39 41 
2
7077 22 8 0
7078 20 12 0
2
42 42 
1
7837 16 16 0
2
40 42 
2
7837 10 16 0
7838 16 16 0
2
42 42 
1
7839 16 16 0
2
20 42 
2
7839 14 16 0
7840 16 16 0
2
42 42 
1
7841 16 16 0
2
40 42 
2
7841 10 16 0
7842 16 16 0
2
42 42 
1
7843 16 16 0
2
43 43 
1
7080 18 14 0
2
41 43 
2
7080 20 12 0
7081 18 14 0
2
43 43 
1
7082 18 14 0
2
21 43 
2
7082 20 14 0
7083 18 14 0
2
43 43 
1
7084 18 14 0
2
41 43 
2
7084 20 12 0
7085 18 14 0
2
43 43 
1
7086 18 14 0
2
42 105 
2
7844 16 16 0
7843 20 16 0
2
43 154 
2
7087 18 14 0
7086 28 18 0
2
42 106 
2
7845 16 16 0
7844 24 20 0
2
42 107 
2
7846 16 16 0
7845 30 16 0
2
40 42 
2
7846 10 16 0
7847 16 16 0
2
41 43 
2
7087 20 12 0
7088 18 14 0
2
42 105 
2
7848 16 16 0
7847 20 16 0
2
43 153 
2
7089 18 14 0
7088 24 26 0
2
42 106 
2
7849 16 16 0
7848 24 20 0
2
42 107 
2
7850 16 16 0
7849 30 16 0
2
20 40 
2
7846 14 16 0
7847 10 16 0
2
21 41 
2
7087 20 14 0
7088 20 12 0
2
18 38 
2
7833 4 18 0
7834 4 16 0
2
19 39 
2
7077 20 8 0
7078 22 8 0
2
16 36 
2
7752 4 24 0
7753 4 22 0
2
17 37 
2
7053 26 4 0
7054 24 4 0
2
34 36 
2
7753 2 24 0
7754 4 22 0
2
35 37 
2
7054 28 2 0
7055 24 4 0
2
38 38 
1
7835 4 16 0
2
36 38 
2
7835 4 22 0
7836 4 16 0
2
38 38 
1
7837 4 16 0
2
16 38 
2
7837 4 24 0
7838 4 16 0
2
38 38 
1
7839 4 16 0
2
36 38 
2
7839 4 22 0
7840 4 16 0
2
38 38 
1
7841 4 16 0
2
39 39 
1
7079 22 8 0
2
37 39 
2
7079 24 4 0
7080 22 8 0
2
39 39 
1
7081 22 8 0
2
17 39 
2
7081 26 4 0
7082 22 8 0
2
39 39 
1
7083 22 8 0
2
37 39 
2
7083 24 4 0
7084 22 8 0
2
39 39 
1
7085 22 8 0
2
40 40 
1
7848 10 16 0
2
38 40 
2
7848 4 16 0
7849 10 16 0
2
40 40 
1
7850 10 16 0
2
18 40 
2
7850 4 18 0
7851 10 16 0
2
40 40 
1
7852 10 16 0
2
38 40 
2
7852 4 16 0
7853 10 16 0
2
40 40 
1
7854 10 16 0
2
41 41 
1
7089 20 12 0
2
39 41 
2
7089 22 8 0
7090 20 12 0
2
41 41 
1
7091 20 12 0
2
19 41 
2
7091 20 8 0
7092 20 12 0
2
41 41 
1
7093 20 12 0
2
39 41 
2
7093 22 8 0
7094 20 12 0
2
41 41 
1
7095 20 12 0
2
42 42 
1
7851 16 16 0
2
40 42 
2
7855 10 16 0
7854 16 16 0
2
42 42 
1
7855 16 16 0
2
20 42 
2
7855 14 16 0
7856 16 16 0
2
42 42 
1
7857 16 16 0
2
40 42 
2
7857 10 16 0
7858 16 16 0
2
42 42 
1
7859 16 16 0
2
43 43 
1
7090 18 14 0
2
41 43 
2
7096 20 12 0
7095 18 14 0
2
43 43 
1
7096 18 14 0
2
21 43 
2
7096 20 14 0
7097 18 14 0
2
43 43 
1
7098 18 14 0
2
41 43 
2
7098 20 12 0
7099 18 14 0
2
43 43 
1
7100 18 14 0
2
42 104 
2
7860 16 16 0
7859 22 26 0
2
43 153 
2
7101 18 14 0
7100 24 26 0
2
42 105 
2
7861 16 16 0
7860 20 16 0
2
43 154 
2
7102 18 14 0
7101 28 18 0
2
42 106 
2
7862 16 16 0
7861 24 20 0
2
42 107 
2
7863 16 16 0
7862 30 16 0
2
42 108 
2
7864 16 16 0
7863 28 10 0
2
42 109 
2
7865 16 16 0
7864 26 10 0
2
42 111 
2
7866 16 16 0
7865 18 6 0
2
42 112 
2
7867 16 16 0
7866 30 14 0
2
42 113 
2
7868 16 16 0
7867 22 4 0
2
42 114 
2
7869 16 16 0
7868 30 10 0
2
42 115 
2
7870 16 16 0
7869 2 10 0
2
42 116 
2
7871 16 16 0
7870 8 8 0
2
42 117 
2
7872 16 16 0
7871 12 8 0
2
42 118 
2
7873 16 16 0
7872 12 12 0
2
42 119 
2
7874 16 16 0
7873 22 18 0
2
42 120 
2
7875 16 16 0
7874 28 20 0
2
42 121 
2
7876 16 16 0
7875 8 14 0
2
42 122 
2
7877 16 16 0
7876 12 6 0
2
42 123 
2
7878 16 16 0
7877 22 20 0
2
42 124 
2
7879 16 16 0
7878 20 26 0
2
42 125 
2
7880 16 16 0
7879 12 16 0
2
40 42 
2
7880 10 16 0
7881 16 16 0
2
41 43 
2
7102 20 12 0
7103 18 14 0
2
42 104 
2
7882 16 16 0
7881 22 26 0
2
43 156 
2
7104 18 14 0
7103 26 18 0
2
42 105 
2
7883 16 16 0
7882 20 16 0
2
42 106 
2
7884 16 16 0
7883 24 20 0
2
42 107 
2
7885 16 16 0
7884 30 16 0
2
42 108 
2
7886 16 16 0
7885 28 10 0
2
42 109 
2
7887 16 16 0
7886 26 10 0
2
42 111 
2
7888 16 16 0
7887 18 6 0
2
42 112 
2
7889 16 16 0
7888 30 14 0
2
42 113 
2
7890 16 16 0
7889 22 4 0
2
42 114 
2
7891 16 16 0
7890 30 10 0
2
42 115 
2
7892 16 16 0
7891 2 10 0
2
42 116 
2
7893 16 16 0
7892 8 8 0
2
42 117 
2
7894 16 16 0
7893 12 8 0
2
42 118 
2
7895 16 16 0
7894 12 12 0
2
42 119 
2
7896 16 16 0
7895 22 18 0
2
42 120 
2
7897 16 16 0
7896 28 20 0
2
42 121 
2
7898 16 16 0
7897 8 14 0
2
42 122 
2
7899 16 16 0
7898 12 6 0
2
42 123 
2
7900 16 16 0
7899 22 20 0
2
42 124 
2
7901 16 16 0
7900 20 26 0
2
42 125 
2
7902 16 16 0
7901 12 16 0
2
20 40 
2
7880 14 16 0
7881 10 16 0
2
21 41 
2
7102 20 14 0
7103 20 12 0
2
38 40 
2
7881 4 16 0
7882 10 16 0
2
39 41 
2
7103 22 8 0
7104 20 12 0
2
42 42 
1
7903 16 16 0
2
40 42 
2
7903 10 16 0
7904 16 16 0
2
42 42 
1
7905 16 16 0
2
20 42 
2
7905 14 16 0
7906 16 16 0
2
42 42 
1
7907 16 16 0
2
40 42 
2
7907 10 16 0
7908 16 16 0
2
42 42 
1
7909 16 16 0
2
43 43 
1
7105 18 14 0
2
41 43 
2
7105 20 12 0
7106 18 14 0
2
43 43 
1
7107 18 14 0
2
21 43 
2
7107 20 14 0
7108 18 14 0
2
43 43 
1
7109 18 14 0
2
41 43 
2
7109 20 12 0
7110 18 14 0
2
43 43 
1
7111 18 14 0
2
42 105 
2
7910 16 16 0
7909 20 16 0
2
43 155 
2
7112 18 14 0
7111 22 22 0
2
42 106 
2
7911 16 16 0
7910 24 20 0
2
42 107 
2
7912 16 16 0
7911 30 16 0
2
42 108 
2
7913 16 16 0
7912 28 10 0
2
42 109 
2
7914 16 16 0
7913 26 10 0
2
42 111 
2
7915 16 16 0
7914 18 6 0
2
42 112 
2
7916 16 16 0
7915 30 14 0
2
42 113 
2
7917 16 16 0
7916 22 4 0
2
42 114 
2
7918 16 16 0
7917 30 10 0
2
42 115 
2
7919 16 16 0
7918 2 10 0
2
42 116 
2
7920 16 16 0
7919 8 8 0
2
42 117 
2
7921 16 16 0
7920 12 8 0
2
42 118 
2
7922 16 16 0
7921 12 12 0
2
42 119 
2
7923 16 16 0
7922 22 18 0
2
42 120 
2
7924 16 16 0
7923 28 20 0
2
42 121 
2
7925 16 16 0
7924 8 14 0
2
42 122 
2
7926 16 16 0
7925 12 6 0
2
42 123 
2
7927 16 16 0
7926 22 20 0
2
42 124 
2
7928 16 16 0
7927 20 26 0
2
42 125 
2
7929 16 16 0
7928 12 16 0
2
42 126 
2
7930 16 16 0
7929 16 10 0
2
40 42 
2
7930 10 16 0
7931 16 16 0
2
41 43 
2
7112 20 12 0
7113 18 14 0
2
42 105 
2
7932 16 16 0
7931 20 16 0
2
43 155 
2
7114 18 14 0
7113 22 22 0
2
42 106 
2
7933 16 16 0
7932 24 20 0
2
43 156 
2
7115 18 14 0
7114 26 18 0
2
42 107 
2
7934 16 16 0
7933 30 16 0
2
42 108 
2
7935 16 16 0
7934 28 10 0
2
42 109 
2
7936 16 16 0
7935 26 10 0
2
42 111 
2
7937 16 16 0
7936 18 6 0
2
42 112 
2
7938 16 16 0
7937 30 14 0
2
42 113 
2
7939 16 16 0
7938 22 4 0
2
42 114 
2
7940 16 16 0
7939 30 10 0
2
42 115 
2
7941 16 16 0
7940 2 10 0
2
42 116 
2
7942 16 16 0
7941 8 8 0
2
42 117 
2
7943 16 16 0
7942 12 8 0
2
42 118 
2
7944 16 16 0
7943 12 12 0
2
42 119 
2
7945 16 16 0
7944 22 18 0
2
42 120 
2
7946 16 16 0
7945 28 20 0
2
42 121 
2
7947 16 16 0
7946 8 14 0
2
42 122 
2
7948 16 16 0
7947 12 6 0
2
42 123 
2
7949 16 16 0
7948 22 20 0
2
42 124 
2
7950 16 16 0
7949 20 26 0
2
42 125 
2
7951 16 16 0
7950 12 16 0
2
42 126 
2
7952 16 16 0
7951 16 10 0
2
20 40 
2
7930 14 16 0
7931 10 16 0
2
21 41 
2
7112 20 14 0
7113 20 12 0
2
18 38 
2
7881 4 18 0
7882 4 16 0
2
19 39 
2
7103 20 8 0
7104 22 8 0
2
36 38 
2
7882 4 22 0
7883 4 16 0
2
37 39 
2
7104 24 4 0
7105 22 8 0
2
40 40 
1
7932 10 16 0
2
38 40 
2
7932 4 16 0
7933 10 16 0
2
40 40 
1
7934 10 16 0
2
18 40 
2
7934 4 18 0
7935 10 16 0
2
40 40 
1
7936 10 16 0
2
38 40 
2
7936 4 16 0
7937 10 16 0
2
40 40 
1
7938 10 16 0
2
41 41 
1
7114 20 12 0
2
39 41 
2
7114 22 8 0
7115 20 12 0
2
41 41 
1
7116 20 12 0
2
19 41 
2
7116 20 8 0
7117 20 12 0
2
41 41 
1
7118 20 12 0
2
39 41 
2
7118 22 8 0
7119 20 12 0
2
41 41 
1
7120 20 12 0
2
42 42 
1
7953 16 16 0
2
40 42 
2
7953 10 16 0
7954 16 16 0
2
42 42 
1
7955 16 16 0
2
20 42 
2
7955 14 16 0
7956 16 16 0
2
42 42 
1
7957 16 16 0
2
40 42 
2
7957 10 16 0
7958 16 16 0
2
42 42 
1
7959 16 16 0
2
43 43 
1
7116 18 14 0
2
41 43 
2
7121 20 12 0
7120 18 14 0
2
43 43 
1
7121 18 14 0
2
21 43 
2
7121 20 14 0
7122 18 14 0
2
43 43 
1
7123 18 14 0
2
41 43 
2
7123 20 12 0
7124 18 14 0
2
43 43 
1
7125 18 14 0
2
42 125 
2
7960 16 16 0
7959 12 16 0
2
43 158 
2
7126 18 14 0
7125 4 14 0
2
42 126 
2
7961 16 16 0
7960 16 10 0
2
42 128 
2
7962 16 16 0
7961 16 14 0
2
40 42 
2
7962 10 16 0
7963 16 16 0
2
41 43 
2
7126 20 12 0
7127 18 14 0
2
42 125 
2
7964 16 16 0
7963 12 16 0
2
43 157 
2
7128 18 14 0
7127 24 16 0
2
42 126 
2
7965 16 16 0
7964 16 10 0
2
42 128 
2
7966 16 16 0
7965 16 14 0
2
20 40 
2
7962 14 16 0
7963 10 16 0
2
21 41 
2
7126 20 14 0
7127 20 12 0
2
38 40 
2
7963 4 16 0
7964 10 16 0
2
39 41 
2
7127 22 8 0
7128 20 12 0
2
42 42 
1
7967 16 16 0
2
40 42 
2
7967 10 16 0
7968 16 16 0
2
42 42 
1
7969 16 16 0
2
20 42 
2
7969 14 16 0
7970 16 16 0
2
42 42 
1
7971 16 16 0
2
40 42 
2
7971 10 16 0
7972 16 16 0
2
42 42 
1
7973 16 16 0
2
43 43 
1
7129 18 14 0
2
41 43 
2
7129 20 12 0
7130 18 14 0
2
43 43 
1
7131 18 14 0
2
21 43 
2
7131 20 14 0
7132 18 14 0
2
43 43 
1
7133 18 14 0
2
41 43 
2
7133 20 12 0
7134 18 14 0
2
43 43 
1
7135 18 14 0
2
42 126 
2
7974 16 16 0
7973 16 10 0
2
43 157 
2
7136 18 14 0
7135 24 16 0
2
42 128 
2
7975 16 16 0
7974 16 14 0
2
43 158 
2
7137 18 14 0
7136 4 14 0
2
42 129 
2
7976 16 16 0
7975 28 12 0
2
40 42 
2
7976 10 16 0
7977 16 16 0
2
41 43 
2
7137 20 12 0
7138 18 14 0
2
42 126 
2
7978 16 16 0
7977 16 10 0
2
43 160 
2
7139 18 14 0
7138 10 14 0
2
42 128 
2
7979 16 16 0
7978 16 14 0
2
42 129 
2
7980 16 16 0
7979 28 12 0
2
20 40 
2
7976 14 16 0
7977 10 16 0
2
21 41 
2
7137 20 14 0
7138 20 12 0
2
18 38 
2
7963 4 18 0
7964 4 16 0
2
19 39 
2
7127 20 8 0
7128 22 8 0
2
16 36 
2
7882 4 24 0
7883 4 22 0
2
17 37 
2
7104 26 4 0
7105 24 4 0
2
14 34 
2
7753 4 26 0
7754 2 24 0
2
15 35 
2
7054 26 2 0
7055 28 2 0
2
12 32 
2
7494 2 26 0
7495 2 28 0
2
13 33 
2
6956 30 2 0
6957 32 2 0
2
30 32 
2
7495 4 28 0
7496 2 28 0
2
31 33 
2
6957 32 6 0
6958 32 2 0
2
34 34 
1
7755 2 24 0
2
32 34 
2
7755 2 28 0
7756 2 24 0
2
34 34 
1
7757 2 24 0
2
12 34 
2
7757 2 26 0
7758 2 24 0
2
34 34 
1
7759 2 24 0
2
32 34 
2
7759 2 28 0
7760 2 24 0
2
34 34 
1
7761 2 24 0
2
35 35 
1
7056 28 2 0
2
33 35 
2
7056 32 2 0
7057 28 2 0
2
35 35 
1
7058 28 2 0
2
13 35 
2
7058 30 2 0
7059 28 2 0
2
35 35 
1
7060 28 2 0
2
33 35 
2
7060 32 2 0
7061 28 2 0
2
35 35 
1
7062 28 2 0
2
36 36 
1
7884 4 22 0
2
34 36 
2
7884 2 24 0
7885 4 22 0
2
36 36 
1
7886 4 22 0
2
14 36 
2
7886 4 26 0
7887 4 22 0
2
36 36 
1
7888 4 22 0
2
34 36 
2
7888 2 24 0
7889 4 22 0
2
36 36 
1
7890 4 22 0
2
37 37 
1
7106 24 4 0
2
35 37 
2
7106 28 2 0
7107 24 4 0
2
37 37 
1
7108 24 4 0
2
15 37 
2
7108 26 2 0
7109 24 4 0
2
37 37 
1
7110 24 4 0
2
35 37 
2
7110 28 2 0
7111 24 4 0
2
37 37 
1
7112 24 4 0
2
38 38 
1
7965 4 16 0
2
36 38 
2
7965 4 22 0
7966 4 16 0
2
38 38 
1
7967 4 16 0
2
16 38 
2
7967 4 24 0
7968 4 16 0
2
38 38 
1
7969 4 16 0
2
36 38 
2
7969 4 22 0
7970 4 16 0
2
38 38 
1
7971 4 16 0
2
39 39 
1
7129 22 8 0
2
37 39 
2
7129 24 4 0
7130 22 8 0
2
39 39 
1
7131 22 8 0
2
17 39 
2
7131 26 4 0
7132 22 8 0
2
39 39 
1
7133 22 8 0
2
37 39 
2
7133 24 4 0
7134 22 8 0
2
39 39 
1
7135 22 8 0
2
40 40 
1
7978 10 16 0
2
38 40 
2
7978 4 16 0
7979 10 16 0
2
40 40 
1
7980 10 16 0
2
18 40 
2
7980 4 18 0
7981 10 16 0
2
40 40 
1
7982 10 16 0
2
38 40 
2
7982 4 16 0
7983 10 16 0
2
40 40 
1
7984 10 16 0
2
41 41 
1
7139 20 12 0
2
39 41 
2
7139 22 8 0
7140 20 12 0
2
41 41 
1
7141 20 12 0
2
19 41 
2
7141 20 8 0
7142 20 12 0
2
41 41 
1
7143 20 12 0
2
39 41 
2
7143 22 8 0
7144 20 12 0
2
41 41 
1
7145 20 12 0
2
42 42 
1
7981 16 16 0
2
40 42 
2
7985 10 16 0
7984 16 16 0
2
42 42 
1
7985 16 16 0
2
20 42 
2
7985 14 16 0
7986 16 16 0
2
42 42 
1
7987 16 16 0
2
40 42 
2
7987 10 16 0
7988 16 16 0
2
42 42 
1
7989 16 16 0
2
43 43 
1
7140 18 14 0
2
41 43 
2
7146 20 12 0
7145 18 14 0
2
43 43 
1
7146 18 14 0
2
21 43 
2
7146 20 14 0
7147 18 14 0
2
43 43 
1
7148 18 14 0
2
41 43 
2
7148 20 12 0
7149 18 14 0
2
43 43 
1
7150 18 14 0
2
42 125 
2
7990 16 16 0
7989 12 16 0
2
43 159 
2
7151 18 14 0
7150 14 4 0
2
42 126 
2
7991 16 16 0
7990 16 10 0
2
42 128 
2
7992 16 16 0
7991 16 14 0
2
42 129 
2
7993 16 16 0
7992 28 12 0
2
42 130 
2
7994 16 16 0
7993 22 6 0
2
42 131 
2
7995 16 16 0
7994 28 14 0
2
42 149 
2
7996 16 16 0
7995 20 6 0
2
42 150 
2
7997 16 16 0
7996 24 8 0
2
42 151 
2
7998 16 16 0
7997 22 2 0
2
42 152 
2
7999 16 16 0
7998 22 30 0
2
42 153 
2
8000 16 16 0
7999 24 26 0
2
42 154 
2
8001 16 16 0
8000 28 18 0
2
42 155 
2
8002 16 16 0
8001 22 22 0
2
42 156 
2
8003 16 16 0
8002 26 18 0
2
42 157 
2
8004 16 16 0
8003 24 16 0
2
42 158 
2
8005 16 16 0
8004 4 14 0
2
42 159 
2
8006 16 16 0
8005 14 4 0
2
42 160 
2
8007 16 16 0
8006 10 14 0
2
42 161 
2
8008 16 16 0
8007 14 2 0
2
42 162 
2
8009 16 16 0
8008 30 18 0
2
42 163 
2
8010 16 16 0
8009 24 22 0
2
40 42 
2
8010 10 16 0
8011 16 16 0
2
41 43 
2
7151 20 12 0
7152 18 14 0
2
42 125 
2
8012 16 16 0
8011 12 16 0
2
43 159 
2
8005 18 14 0
8006 14 4 0
2
42 126 
2
8013 16 16 0
8012 16 10 0
2
43 160 
2
8006 18 14 0
8007 10 14 0
2
42 128 
2
8014 16 16 0
8013 16 14 0
2
42 129 
2
8015 16 16 0
8014 28 12 0
2
42 130 
2
8016 16 16 0
8015 22 6 0
2
42 131 
2
8017 16 16 0
8016 28 14 0
2
42 149 
2
8018 16 16 0
8017 20 6 0
2
42 150 
2
8019 16 16 0
8018 24 8 0
2
42 151 
2
8020 16 16 0
8019 22 2 0
2
42 152 
2
8021 16 16 0
8020 22 30 0
2
42 153 
2
8022 16 16 0
8021 24 26 0
2
42 154 
2
8023 16 16 0
8022 28 18 0
2
42 155 
2
8024 16 16 0
8023 22 22 0
2
42 156 
2
8025 16 16 0
8024 26 18 0
2
42 157 
2
8026 16 16 0
8025 24 16 0
2
42 158 
2
8027 16 16 0
8026 4 14 0
2
42 159 
2
8028 16 16 0
8027 14 4 0
2
42 160 
2
8029 16 16 0
8028 10 14 0
2
42 161 
2
8030 16 16 0
8029 14 2 0
2
42 162 
2
8031 16 16 0
8030 30 18 0
2
42 163 
2
8032 16 16 0
8031 24 22 0
2
20 40 
2
8010 14 16 0
8011 10 16 0
2
21 41 
2
7151 20 14 0
7152 20 12 0
2
38 40 
2
8011 4 16 0
8012 10 16 0
2
39 41 
2
7152 22 8 0
7153 20 12 0
2
42 42 
1
8033 16 16 0
2
40 42 
2
8033 10 16 0
8034 16 16 0
2
42 42 
1
8035 16 16 0
2
20 42 
2
8035 14 16 0
8036 16 16 0
2
42 42 
1
8037 16 16 0
2
40 42 
2
8037 10 16 0
8038 16 16 0
2
42 42 
1
8039 16 16 0
2
43 43 
1
8007 18 14 0
2
41 43 
2
8007 20 12 0
8008 18 14 0
2
43 43 
1
8009 18 14 0
2
21 43 
2
8009 20 14 0
8010 18 14 0
2
43 43 
1
8011 18 14 0
2
41 43 
2
8011 20 12 0
8012 18 14 0
2
43 43 
1
8013 18 14 0
2
42 126 
2
8040 16 16 0
8039 16 10 0
2
43 162 
2
8030 18 14 0
8031 30 18 0
2
42 128 
2
8041 16 16 0
8040 16 14 0
2
42 129 
2
8042 16 16 0
8041 28 12 0
2
42 130 
2
8043 16 16 0
8042 22 6 0
2
42 131 
2
8044 16 16 0
8043 28 14 0
2
42 149 
2
8045 16 16 0
8044 20 6 0
2
42 150 
2
8046 16 16 0
8045 24 8 0
2
42 151 
2
8047 16 16 0
8046 22 2 0
2
42 152 
2
8048 16 16 0
8047 22 30 0
2
42 153 
2
8049 16 16 0
8048 24 26 0
2
42 154 
2
8050 16 16 0
8049 28 18 0
2
42 155 
2
8051 16 16 0
8050 22 22 0
2
42 156 
2
8052 16 16 0
8051 26 18 0
2
42 157 
2
8053 16 16 0
8052 24 16 0
2
42 158 
2
8054 16 16 0
8053 4 14 0
2
42 159 
2
8055 16 16 0
8054 14 4 0
2
42 160 
2
8056 16 16 0
8055 10 14 0
2
42 161 
2
8057 16 16 0
8056 14 2 0
2
42 162 
2
8058 16 16 0
8057 30 18 0
2
42 163 
2
8059 16 16 0
8058 24 22 0
2
42 164 
2
8060 16 16 0
8059 26 20 0
2
40 42 
2
8060 10 16 0
8061 16 16 0
2
41 43 
2
8030 20 12 0
8031 18 14 0
2
42 126 
2
8062 16 16 0
8061 16 10 0
2
43 161 
2
8056 18 14 0
8057 14 2 0
2
42 128 
2
8063 16 16 0
8062 16 14 0
2
42 129 
2
8064 16 16 0
8063 28 12 0
2
42 130 
2
8065 16 16 0
8064 22 6 0
2
42 131 
2
8066 16 16 0
8065 28 14 0
2
42 149 
2
8067 16 16 0
8066 20 6 0
2
42 150 
2
8068 16 16 0
8067 24 8 0
2
42 151 
2
8069 16 16 0
8068 22 2 0
2
42 152 
2
8070 16 16 0
8069 22 30 0
2
42 153 
2
8071 16 16 0
8070 24 26 0
2
42 154 
2
8072 16 16 0
8071 28 18 0
2
42 155 
2
8073 16 16 0
8072 22 22 0
2
42 156 
2
8074 16 16 0
8073 26 18 0
2
42 157 
2
8075 16 16 0
8074 24 16 0
2
42 158 
2
8076 16 16 0
8075 4 14 0
2
42 159 
2
8077 16 16 0
8076 14 4 0
2
42 160 
2
8078 16 16 0
8077 10 14 0
2
42 161 
2
8079 16 16 0
8078 14 2 0
2
42 162 
2
8080 16 16 0
8079 30 18 0
2
42 163 
2
8081 16 16 0
8080 24 22 0
2
42 164 
2
8082 16 16 0
8081 26 20 0
2
20 40 
2
8060 14 16 0
8061 10 16 0
2
21 41 
2
8030 20 14 0
8031 20 12 0
2
18 38 
2
8011 4 18 0
8012 4 16 0
2
19 39 
2
7152 20 8 0
7153 22 8 0
2
36 38 
2
8012 4 22 0
8013 4 16 0
2
37 39 
2
7153 24 4 0
7154 22 8 0
2
40 40 
1
8062 10 16 0
2
38 40 
2
8062 4 16 0
8063 10 16 0
2
40 40 
1
8064 10 16 0
2
18 40 
2
8064 4 18 0
8065 10 16 0
2
40 40 
1
8066 10 16 0
2
38 40 
2
8066 4 16 0
8067 10 16 0
2
40 40 
1
8068 10 16 0
2
41 41 
1
8032 20 12 0
2
39 41 
2
8032 22 8 0
8033 20 12 0
2
41 41 
1
8034 20 12 0
2
19 41 
2
8034 20 8 0
8035 20 12 0
2
41 41 
1
8036 20 12 0
2
39 41 
2
8036 22 8 0
8037 20 12 0
2
41 41 
1
8038 20 12 0
2
42 42 
1
8083 16 16 0
2
40 42 
2
8083 10 16 0
8084 16 16 0
2
42 42 
1
8085 16 16 0
2
20 42 
2
8085 14 16 0
8086 16 16 0
2
42 42 
1
8087 16 16 0
2
40 42 
2
8087 10 16 0
8088 16 16 0
2
42 42 
1
8089 16 16 0
2
43 43 
1
8057 18 14 0
2
41 43 
2
8057 20 12 0
8058 18 14 0
2
43 43 
1
8059 18 14 0
2
21 43 
2
8059 20 14 0
8060 18 14 0
2
43 43 
1
8061 18 14 0
2
41 43 
2
8061 20 12 0
8062 18 14 0
2
43 43 
1
8063 18 14 0
2
42 163 
2
8090 16 16 0
8089 24 22 0
2
43 161 
2
8078 18 14 0
8079 14 2 0
2
42 164 
2
8091 16 16 0
8090 26 20 0
2
43 162 
2
8079 18 14 0
8080 30 18 0
2
42 166 
2
8092 16 16 0
8091 20 22 0
2
40 42 
2
8092 10 16 0
8093 16 16 0
2
41 43 
2
8079 20 12 0
8080 18 14 0
2
42 163 
2
8094 16 16 0
8093 24 22 0
2
43 164 
2
8090 18 14 0
8091 26 20 0
2
42 164 
2
8095 16 16 0
8094 26 20 0
2
42 166 
2
8096 16 16 0
8095 20 22 0
2
20 40 
2
8092 14 16 0
8093 10 16 0
2
21 41 
2
8079 20 14 0
8080 20 12 0
2
38 40 
2
8093 4 16 0
8094 10 16 0
2
39 41 
2
8080 22 8 0
8081 20 12 0
2
42 42 
1
8097 16 16 0
2
40 42 
2
8097 10 16 0
8098 16 16 0
2
42 42 
1
8099 16 16 0
2
20 42 
2
8099 14 16 0
8100 16 16 0
2
42 42 
1
8101 16 16 0
2
40 42 
2
8101 10 16 0
8102 16 16 0
2
42 42 
1
8103 16 16 0
2
43 43 
1
8091 18 14 0
2
41 43 
2
8091 20 12 0
8092 18 14 0
2
43 43 
1
8093 18 14 0
2
21 43 
2
8093 20 14 0
8094 18 14 0
2
43 43 
1
8095 18 14 0
2
41 43 
2
8095 20 12 0
8096 18 14 0
2
43 43 
1
8097 18 14 0
2
42 164 
2
8104 16 16 0
8103 26 20 0
2
43 163 
2
8098 18 14 0
8097 24 22 0
2
42 166 
2
8105 16 16 0
8104 20 22 0
2
42 167 
2
8106 16 16 0
8105 22 12 0
2
40 42 
2
8106 10 16 0
8107 16 16 0
2
41 43 
2
8098 20 12 0
8099 18 14 0
2
42 164 
2
8108 16 16 0
8107 26 20 0
2
43 163 
2
8100 18 14 0
8099 24 22 0
2
42 166 
2
8109 16 16 0
8108 20 22 0
2
43 164 
2
8107 18 14 0
8108 26 20 0
2
42 167 
2
8110 16 16 0
8109 22 12 0
2
20 40 
2
8106 14 16 0
8107 10 16 0
2
21 41 
2
8098 20 14 0
8099 20 12 0
2
18 38 
2
8093 4 18 0
8094 4 16 0
2
19 39 
2
8080 20 8 0
8081 22 8 0
2
16 36 
2
8012 4 24 0
8013 4 22 0
2
17 37 
2
7153 26 4 0
7154 24 4 0
2
34 36 
2
8013 2 24 0
8014 4 22 0
2
35 37 
2
7154 28 2 0
7155 24 4 0
2
38 38 
1
8095 4 16 0
2
36 38 
2
8095 4 22 0
8096 4 16 0
2
38 38 
1
8097 4 16 0
2
16 38 
2
8097 4 24 0
8098 4 16 0
2
38 38 
1
8099 4 16 0
2
36 38 
2
8099 4 22 0
8100 4 16 0
2
38 38 
1
8101 4 16 0
2
39 39 
1
8082 22 8 0
2
37 39 
2
8082 24 4 0
8083 22 8 0
2
39 39 
1
8084 22 8 0
2
17 39 
2
8084 26 4 0
8085 22 8 0
2
39 39 
1
8086 22 8 0
2
37 39 
2
8086 24 4 0
8087 22 8 0
2
39 39 
1
8088 22 8 0
2
40 40 
1
8108 10 16 0
2
38 40 
2
8108 4 16 0
8109 10 16 0
2
40 40 
1
8110 10 16 0
2
18 40 
2
8110 4 18 0
8111 10 16 0
2
40 40 
1
8112 10 16 0
2
38 40 
2
8112 4 16 0
8113 10 16 0
2
40 40 
1
8114 10 16 0
2
41 41 
1
8100 20 12 0
2
39 41 
2
8100 22 8 0
8101 20 12 0
2
41 41 
1
8102 20 12 0
2
19 41 
2
8102 20 8 0
8103 20 12 0
2
41 41 
1
8104 20 12 0
2
39 41 
2
8104 22 8 0
8105 20 12 0
2
41 41 
1
8106 20 12 0
2
42 42 
1
8111 16 16 0
2
40 42 
2
8115 10 16 0
8114 16 16 0
2
42 42 
1
8115 16 16 0
2
20 42 
2
8115 14 16 0
8116 16 16 0
2
42 42 
1
8117 16 16 0
2
40 42 
2
8117 10 16 0
8118 16 16 0
2
42 42 
1
8119 16 16 0
2
43 43 
1
8108 18 14 0
2
41 43 
2
8108 20 12 0
8109 18 14 0
2
43 43 
1
8110 18 14 0
2
21 43 
2
8110 20 14 0
8111 18 14 0
2
43 43 
1
8112 18 14 0
2
41 43 
2
8112 20 12 0
8113 18 14 0
2
43 43 
1
8114 18 14 0
2
42 163 
2
8120 16 16 0
8119 24 22 0
2
43 167 
2
8115 18 14 0
8114 22 12 0
2
42 164 
2
8121 16 16 0
8120 26 20 0
2
42 166 
2
8122 16 16 0
8121 20 22 0
2
42 167 
2
8123 16 16 0
8122 22 12 0
2
42 168 
2
8124 16 16 0
8123 24 10 0
2
42 169 
2
8125 16 16 0
8124 18 2 0
2
42 170 
2
8126 16 16 0
8125 26 14 0
2
42 171 
2
8127 16 16 0
8126 20 4 0
2
42 172 
2
8128 16 16 0
8127 26 8 0
2
42 173 
2
8129 16 16 0
8128 26 6 0
2
42 174 
2
8130 16 16 0
8129 20 32 0
2
42 175 
2
8131 16 16 0
8130 6 8 0
2
42 176 
2
8132 16 16 0
8131 20 30 0
2
42 177 
2
8133 16 16 0
8132 8 4 0
2
42 178 
2
8134 16 16 0
8133 10 2 0
2
42 179 
2
8135 16 16 0
8134 30 22 0
2
42 180 
2
8136 16 16 0
8135 26 26 0
2
42 181 
2
8137 16 16 0
8136 32 20 0
2
42 182 
2
8138 16 16 0
8137 32 10 0
2
42 183 
2
8139 16 16 0
8138 2 8 0
2
42 184 
2
8140 16 16 0
8139 30 8 0
2
40 42 
2
8140 10 16 0
8141 16 16 0
2
41 43 
2
8115 20 12 0
8116 18 14 0
2
42 163 
2
8142 16 16 0
8141 24 22 0
2
43 166 
2
8121 18 14 0
8122 20 22 0
2
42 164 
2
8143 16 16 0
8142 26 20 0
2
42 166 
2
8144 16 16 0
8143 20 22 0
2
42 167 
2
8145 16 16 0
8144 22 12 0
2
42 168 
2
8146 16 16 0
8145 24 10 0
2
42 169 
2
8147 16 16 0
8146 18 2 0
2
42 170 
2
8148 16 16 0
8147 26 14 0
2
42 171 
2
8149 16 16 0
8148 20 4 0
2
42 172 
2
8150 16 16 0
8149 26 8 0
2
42 173 
2
8151 16 16 0
8150 26 6 0
2
42 174 
2
8152 16 16 0
8151 20 32 0
2
42 175 
2
8153 16 16 0
8152 6 8 0
2
42 176 
2
8154 16 16 0
8153 20 30 0
2
42 177 
2
8155 16 16 0
8154 8 4 0
2
42 178 
2
8156 16 16 0
8155 10 2 0
2
42 179 
2
8157 16 16 0
8156 30 22 0
2
42 180 
2
8158 16 16 0
8157 26 26 0
2
42 181 
2
8159 16 16 0
8158 32 20 0
2
42 182 
2
8160 16 16 0
8159 32 10 0
2
42 183 
2
8161 16 16 0
8160 2 8 0
2
42 184 
2
8162 16 16 0
8161 30 8 0
2
20 40 
2
8140 14 16 0
8141 10 16 0
2
21 41 
2
8115 20 14 0
8116 20 12 0
2
38 40 
2
8141 4 16 0
8142 10 16 0
2
39 41 
2
8116 22 8 0
8117 20 12 0
2
42 42 
1
8163 16 16 0
2
40 42 
2
8163 10 16 0
8164 16 16 0
2
42 42 
1
8165 16 16 0
2
20 42 
2
8165 14 16 0
8166 16 16 0
2
42 42 
1
8167 16 16 0
2
40 42 
2
8167 10 16 0
8168 16 16 0
2
42 42 
1
8169 16 16 0
2
43 43 
1
8122 18 14 0
2
41 43 
2
8122 20 12 0
8123 18 14 0
2
43 43 
1
8124 18 14 0
2
21 43 
2
8124 20 14 0
8125 18 14 0
2
43 43 
1
8126 18 14 0
2
41 43 
2
8126 20 12 0
8127 18 14 0
2
43 43 
1
8128 18 14 0
2
42 164 
2
8170 16 16 0
8169 26 20 0
2
43 166 
2
8143 18 14 0
8144 20 22 0
2
42 166 
2
8171 16 16 0
8170 20 22 0
2
43 167 
2
8144 18 14 0
8145 22 12 0
2
42 167 
2
8172 16 16 0
8171 22 12 0
2
42 168 
2
8173 16 16 0
8172 24 10 0
2
42 169 
2
8174 16 16 0
8173 18 2 0
2
42 170 
2
8175 16 16 0
8174 26 14 0
2
42 171 
2
8176 16 16 0
8175 20 4 0
2
42 172 
2
8177 16 16 0
8176 26 8 0
2
42 173 
2
8178 16 16 0
8177 26 6 0
2
42 174 
2
8179 16 16 0
8178 20 32 0
2
42 175 
2
8180 16 16 0
8179 6 8 0
2
42 176 
2
8181 16 16 0
8180 20 30 0
2
42 177 
2
8182 16 16 0
8181 8 4 0
2
42 178 
2
8183 16 16 0
8182 10 2 0
2
42 179 
2
8184 16 16 0
8183 30 22 0
2
42 180 
2
8185 16 16 0
8184 26 26 0
2
42 181 
2
8186 16 16 0
8185 32 20 0
2
42 182 
2
8187 16 16 0
8186 32 10 0
2
42 183 
2
8188 16 16 0
8187 2 8 0
2
42 184 
2
8189 16 16 0
8188 30 8 0
2
42 185 
2
8190 16 16 0
8189 24 30 0
2
40 42 
2
8190 10 16 0
8191 16 16 0
2
41 43 
2
8144 20 12 0
8145 18 14 0
2
42 164 
2
8192 16 16 0
8191 26 20 0
2
43 169 
2
8173 18 14 0
8174 18 2 0
2
42 166 
2
8193 16 16 0
8192 20 22 0
2
42 167 
2
8194 16 16 0
8193 22 12 0
2
42 168 
2
8195 16 16 0
8194 24 10 0
2
42 169 
2
8196 16 16 0
8195 18 2 0
2
42 170 
2
8197 16 16 0
8196 26 14 0
2
42 171 
2
8198 16 16 0
8197 20 4 0
2
42 172 
2
8199 16 16 0
8198 26 8 0
2
42 173 
2
8200 16 16 0
8199 26 6 0
2
42 174 
2
8201 16 16 0
8200 20 32 0
2
42 175 
2
8202 16 16 0
8201 6 8 0
2
42 176 
2
8203 16 16 0
8202 20 30 0
2
42 177 
2
8204 16 16 0
8203 8 4 0
2
42 178 
2
8205 16 16 0
8204 10 2 0
2
42 179 
2
8206 16 16 0
8205 30 22 0
2
42 180 
2
8207 16 16 0
8206 26 26 0
2
42 181 
2
8208 16 16 0
8207 32 20 0
2
42 182 
2
8209 16 16 0
8208 32 10 0
2
42 183 
2
8210 16 16 0
8209 2 8 0
2
42 184 
2
8211 16 16 0
8210 30 8 0
2
42 185 
2
8212 16 16 0
8211 24 30 0
2
20 40 
2
8190 14 16 0
8191 10 16 0
2
21 41 
2
8144 20 14 0
8145 20 12 0
2
18 38 
2
8141 4 18 0
8142 4 16 0
2
19 39 
2
8116 20 8 0
8117 22 8 0
2
36 38 
2
8142 4 22 0
8143 4 16 0
2
37 39 
2
8117 24 4 0
8118 22 8 0
2
40 40 
1
8192 10 16 0
2
38 40 
2
8192 4 16 0
8193 10 16 0
2
40 40 
1
8194 10 16 0
2
18 40 
2
8194 4 18 0
8195 10 16 0
2
40 40 
1
8196 10 16 0
2
38 40 
2
8196 4 16 0
8197 10 16 0
2
40 40 
1
8198 10 16 0
2
41 41 
1
8146 20 12 0
2
39 41 
2
8146 22 8 0
8147 20 12 0
2
41 41 
1
8148 20 12 0
2
19 41 
2
8148 20 8 0
8149 20 12 0
2
41 41 
1
8150 20 12 0
2
39 41 
2
8150 22 8 0
8151 20 12 0
2
41 41 
1
8152 20 12 0
2
42 42 
1
8213 16 16 0
2
40 42 
2
8213 10 16 0
8214 16 16 0
2
42 42 
1
8215 16 16 0
2
20 42 
2
8215 14 16 0
8216 16 16 0
2
42 42 
1
8217 16 16 0
2
40 42 
2
8217 10 16 0
8218 16 16 0
2
42 42 
1
8219 16 16 0
2
43 43 
1
8174 18 14 0
2
41 43 
2
8174 20 12 0
8175 18 14 0
2
43 43 
1
8176 18 14 0
2
21 43 
2
8176 20 14 0
8177 18 14 0
2
43 43 
1
8178 18 14 0
2
41 43 
2
8178 20 12 0
8179 18 14 0
2
43 43 
1
8180 18 14 0
2
42 184 
2
8220 16 16 0
8219 30 8 0
2
43 168 
2
8194 18 14 0
8195 24 10 0
2
42 185 
2
8221 16 16 0
8220 24 30 0
2
42 186 
2
8222 16 16 0
8221 28 6 0
2
40 42 
2
8222 10 16 0
8223 16 16 0
2
41 43 
2
8194 20 12 0
8195 18 14 0
2
42 184 
2
8224 16 16 0
8223 30 8 0
2
43 168 
2
8196 18 14 0
8196 24 10 0
2
42 185 
2
8225 16 16 0
8224 24 30 0
2
43 169 
2
8197 18 14 0
8196 18 2 0
2
42 186 
2
8226 16 16 0
8225 28 6 0
2
20 40 
2
8222 14 16 0
8223 10 16 0
2
21 41 
2
8194 20 14 0
8195 20 12 0
2
38 40 
2
8223 4 16 0
8224 10 16 0
2
39 41 
2
8195 22 8 0
8196 20 12 0
2
42 42 
1
8227 16 16 0
2
40 42 
2
8227 10 16 0
8228 16 16 0
2
42 42 
1
8229 16 16 0
2
20 42 
2
8229 14 16 0
8230 16 16 0
2
42 42 
1
8231 16 16 0
2
40 42 
2
8231 10 16 0
8232 16 16 0
2
42 42 
1
8233 16 16 0
2
43 43 
1
8198 18 14 0
2
41 43 
2
8198 20 12 0
8199 18 14 0
2
43 43 
1
8200 18 14 0
2
21 43 
2
8200 20 14 0
8201 18 14 0
2
43 43 
1
8202 18 14 0
2
41 43 
2
8202 20 12 0
8203 18 14 0
2
43 43 
1
8204 18 14 0
2
42 185 
2
8234 16 16 0
8233 24 30 0
2
43 171 
2
8205 18 14 0
8204 20 4 0
2
42 186 
2
8235 16 16 0
8234 28 6 0
2
42 188 
2
8236 16 16 0
8235 30 6 0
2
40 42 
2
8236 10 16 0
8237 16 16 0
2
41 43 
2
8205 20 12 0
8206 18 14 0
2
42 185 
2
8238 16 16 0
8237 24 30 0
2
43 170 
2
8207 18 14 0
8206 26 14 0
2
42 186 
2
8239 16 16 0
8238 28 6 0
2
42 188 
2
8240 16 16 0
8239 30 6 0
2
20 40 
2
8236 14 16 0
8237 10 16 0
2
21 41 
2
8205 20 14 0
8206 20 12 0
2
18 38 
2
8223 4 18 0
8224 4 16 0
2
19 39 
2
8195 20 8 0
8196 22 8 0
2
16 36 
2
8142 4 24 0
8143 4 22 0
2
17 37 
2
8117 26 4 0
8118 24 4 0
2
14 34 
2
8013 4 26 0
8014 2 24 0
2
15 35 
2
7154 26 2 0
7155 28 2 0
2
32 34 
2
8014 2 28 0
8015 2 24 0
2
33 35 
2
7155 32 2 0
7156 28 2 0
2
36 36 
1
8144 4 22 0
2
34 36 
2
8144 2 24 0
8145 4 22 0
2
36 36 
1
8146 4 22 0
2
14 36 
2
8146 4 26 0
8147 4 22 0
2
36 36 
1
8148 4 22 0
2
34 36 
2
8148 2 24 0
8149 4 22 0
2
36 36 
1
8150 4 22 0
2
37 37 
1
8119 24 4 0
2
35 37 
2
8119 28 2 0
8120 24 4 0
2
37 37 
1
8121 24 4 0
2
15 37 
2
8121 26 2 0
8122 24 4 0
2
37 37 
1
8123 24 4 0
2
35 37 
2
8123 28 2 0
8124 24 4 0
2
37 37 
1
8125 24 4 0
2
38 38 
1
8225 4 16 0
2
36 38 
2
8225 4 22 0
8226 4 16 0
2
38 38 
1
8227 4 16 0
2
16 38 
2
8227 4 24 0
8228 4 16 0
2
38 38 
1
8229 4 16 0
2
36 38 
2
8229 4 22 0
8230 4 16 0
2
38 38 
1
8231 4 16 0
2
39 39 
1
8197 22 8 0
2
37 39 
2
8197 24 4 0
8198 22 8 0
2
39 39 
1
8199 22 8 0
2
17 39 
2
8199 26 4 0
8200 22 8 0
2
39 39 
1
8201 22 8 0
2
37 39 
2
8201 24 4 0
8202 22 8 0
2
39 39 
1
8203 22 8 0
2
40 40 
1
8238 10 16 0
2
38 40 
2
8238 4 16 0
8239 10 16 0
2
40 40 
1
8240 10 16 0
2
18 40 
2
8240 4 18 0
8241 10 16 0
2
40 40 
1
8242 10 16 0
2
38 40 
2
8242 4 16 0
8243 10 16 0
2
40 40 
1
8244 10 16 0
2
41 41 
1
8207 20 12 0
2
39 41 
2
8207 22 8 0
8208 20 12 0
2
41 41 
1
8209 20 12 0
2
19 41 
2
8209 20 8 0
8210 20 12 0
2
41 41 
1
8211 20 12 0
2
39 41 
2
8211 22 8 0
8212 20 12 0
2
41 41 
1
8213 20 12 0
2
42 42 
1
8241 16 16 0
2
40 42 
2
8245 10 16 0
8244 16 16 0
2
42 42 
1
8245 16 16 0
2
20 42 
2
8245 14 16 0
8246 16 16 0
2
42 42 
1
8247 16 16 0
2
40 42 
2
8247 10 16 0
8248 16 16 0
2
42 42 
1
8249 16 16 0
2
43 43 
1
8208 18 14 0
2
41 43 
2
8214 20 12 0
8213 18 14 0
2
43 43 
1
8214 18 14 0
2
21 43 
2
8214 20 14 0
8215 18 14 0
2
43 43 
1
8216 18 14 0
2
41 43 
2
8216 20 12 0
8217 18 14 0
2
43 43 
1
8218 18 14 0
2
42 77 
2
8250 16 16 0
8249 14 32 0
2
43 170 
2
8219 18 14 0
8218 26 14 0
2
42 78 
2
8251 16 16 0
8250 10 28 0
2
43 171 
2
8220 18 14 0
8219 20 4 0
2
42 79 
2
8252 16 16 0
8251 2 20 0
2
40 42 
2
8252 10 16 0
8253 16 16 0
2
41 43 
2
8220 20 12 0
8221 18 14 0
2
42 77 
2
8254 16 16 0
8253 14 32 0
2
43 173 
2
8222 18 14 0
8221 26 6 0
2
42 78 
2
8255 16 16 0
8254 10 28 0
2
42 79 
2
8256 16 16 0
8255 2 20 0
2
20 40 
2
8252 14 16 0
8253 10 16 0
2
21 41 
2
8220 20 14 0
8221 20 12 0
2
38 40 
2
8253 4 16 0
8254 10 16 0
2
39 41 
2
8221 22 8 0
8222 20 12 0
2
42 42 
1
8257 16 16 0
2
40 42 
2
8257 10 16 0
8258 16 16 0
2
42 42 
1
8259 16 16 0
2
20 42 
2
8259 14 16 0
8260 16 16 0
2
42 42 
1
8261 16 16 0
2
40 42 
2
8261 10 16 0
8262 16 16 0
2
42 42 
1
8263 16 16 0
2
43 43 
1
8223 18 14 0
2
41 43 
2
8223 20 12 0
8224 18 14 0
2
43 43 
1
8225 18 14 0
2
21 43 
2
8225 20 14 0
8226 18 14 0
2
43 43 
1
8227 18 14 0
2
41 43 
2
8227 20 12 0
8228 18 14 0
2
43 43 
1
8229 18 14 0
2
42 78 
2
8264 16 16 0
8263 10 28 0
2
43 172 
2
8230 18 14 0
8229 26 8 0
2
42 79 
2
8265 16 16 0
8264 2 20 0
2
42 80 
2
8266 16 16 0
8265 24 28 0
2
40 42 
2
8266 10 16 0
8267 16 16 0
2
41 43 
2
8230 20 12 0
8231 18 14 0
2
42 78 
2
8268 16 16 0
8267 10 28 0
2
43 172 
2
8232 18 14 0
8231 26 8 0
2
42 79 
2
8269 16 16 0
8268 2 20 0
2
43 173 
2
8233 18 14 0
8232 26 6 0
2
42 80 
2
8270 16 16 0
8269 24 28 0
2
20 40 
2
8266 14 16 0
8267 10 16 0
2
21 41 
2
8230 20 14 0
8231 20 12 0
2
18 38 
2
8253 4 18 0
8254 4 16 0
2
19 39 
2
8221 20 8 0
8222 22 8 0
2
36 38 
2
8254 4 22 0
8255 4 16 0
2
37 39 
2
8222 24 4 0
8223 22 8 0
2
40 40 
1
8268 10 16 0
2
38 40 
2
8268 4 16 0
8269 10 16 0
2
40 40 
1
8270 10 16 0
2
18 40 
2
8270 4 18 0
8271 10 16 0
2
40 40 
1
8272 10 16 0
2
38 40 
2
8272 4 16 0
8273 10 16 0
2
40 40 
1
8274 10 16 0
2
41 41 
1
8232 20 12 0
2
39 41 
2
8232 22 8 0
8233 20 12 0
2
41 41 
1
8234 20 12 0
2
19 41 
2
8234 20 8 0
8235 20 12 0
2
41 41 
1
8236 20 12 0
2
39 41 
2
8236 22 8 0
8237 20 12 0
2
41 41 
1
8238 20 12 0
2
42 42 
1
8271 16 16 0
2
40 42 
2
8275 10 16 0
8274 16 16 0
2
42 42 
1
8275 16 16 0
2
20 42 
2
8275 14 16 0
8276 16 16 0
2
42 42 
1
8277 16 16 0
2
40 42 
2
8277 10 16 0
8278 16 16 0
2
42 42 
1
8279 16 16 0
2
43 43 
1
8234 18 14 0
2
41 43 
2
8239 20 12 0
8238 18 14 0
2
43 43 
1
8239 18 14 0
2
21 43 
2
8239 20 14 0
8240 18 14 0
2
43 43 
1
8241 18 14 0
2
41 43 
2
8241 20 12 0
8242 18 14 0
2
43 43 
1
8243 18 14 0
2
42 77 
2
8280 16 16 0
8279 14 32 0
2
43 175 
2
8244 18 14 0
8243 6 8 0
2
42 78 
2
8281 16 16 0
8280 10 28 0
2
42 79 
2
8282 16 16 0
8281 2 20 0
2
42 80 
2
8283 16 16 0
8282 24 28 0
2
42 81 
2
8284 16 16 0
8283 6 6 0
2
42 82 
2
8285 16 16 0
8284 28 22 0
2
42 83 
2
8286 16 16 0
8285 10 4 0
2
42 84 
2
8287 16 16 0
8286 28 24 0
2
42 85 
2
8288 16 16 0
8287 30 20 0
2
42 88 
2
8289 16 16 0
8288 12 4 0
2
42 110 
2
8290 16 16 0
8289 6 20 0
2
42 127 
2
8291 16 16 0
8290 12 18 0
2
42 132 
2
8292 16 16 0
8291 8 16 0
2
42 133 
2
8293 16 16 0
8292 10 12 0
2
42 134 
2
8294 16 16 0
8293 16 30 0
2
42 135 
2
8295 16 16 0
8294 10 26 0
2
42 136 
2
8296 16 16 0
8295 16 26 0
2
42 137 
2
8297 16 16 0
8296 16 28 0
2
42 138 
2
8298 16 16 0
8297 10 20 0
2
42 139 
2
8299 16 16 0
8298 12 26 0
2
42 140 
2
8300 16 16 0
8299 14 18 0
2
40 42 
2
8300 10 16 0
8301 16 16 0
2
41 43 
2
8244 20 12 0
8245 18 14 0
2
42 77 
2
8302 16 16 0
8301 14 32 0
2
43 174 
2
8246 18 14 0
8245 20 32 0
2
42 78 
2
8303 16 16 0
8302 10 28 0
2
42 79 
2
8304 16 16 0
8303 2 20 0
2
42 80 
2
8305 16 16 0
8304 24 28 0
2
42 81 
2
8306 16 16 0
8305 6 6 0
2
42 82 
2
8307 16 16 0
8306 28 22 0
2
42 83 
2
8308 16 16 0
8307 10 4 0
2
42 84 
2
8309 16 16 0
8308 28 24 0
2
42 85 
2
8310 16 16 0
8309 30 20 0
2
42 88 
2
8311 16 16 0
8310 12 4 0
2
42 110 
2
8312 16 16 0
8311 6 20 0
2
42 127 
2
8313 16 16 0
8312 12 18 0
2
42 132 
2
8314 16 16 0
8313 8 16 0
2
42 133 
2
8315 16 16 0
8314 10 12 0
2
42 134 
2
8316 16 16 0
8315 16 30 0
2
42 135 
2
8317 16 16 0
8316 10 26 0
2
42 136 
2
8318 16 16 0
8317 16 26 0
2
42 137 
2
8319 16 16 0
8318 16 28 0
2
42 138 
2
8320 16 16 0
8319 10 20 0
2
42 139 
2
8321 16 16 0
8320 12 26 0
2
42 140 
2
8322 16 16 0
8321 14 18 0
2
20 40 
2
8300 14 16 0
8301 10 16 0
2
21 41 
2
8244 20 14 0
8245 20 12 0
2
38 40 
2
8301 4 16 0
8302 10 16 0
2
39 41 
2
8245 22 8 0
8246 20 12 0
2
42 42 
1
8323 16 16 0
2
40 42 
2
8323 10 16 0
8324 16 16 0
2
42 42 
1
8325 16 16 0
2
20 42 
2
8325 14 16 0
8326 16 16 0
2
42 42 
1
8327 16 16 0
2
40 42 
2
8327 10 16 0
8328 16 16 0
2
42 42 
1
8329 16 16 0
2
43 43 
1
8247 18 14 0
2
41 43 
2
8247 20 12 0
8248 18 14 0
2
43 43 
1
8249 18 14 0
2
21 43 
2
8249 20 14 0
8250 18 14 0
2
43 43 
1
8251 18 14 0
2
41 43 
2
8251 20 12 0
8252 18 14 0
2
43 43 
1
8253 18 14 0
2
42 78 
2
8330 16 16 0
8329 10 28 0
2
43 174 
2
8254 18 14 0
8253 20 32 0
2
42 79 
2
8331 16 16 0
8330 2 20 0
2
43 175 
2
8255 18 14 0
8254 6 8 0
2
42 80 
2
8332 16 16 0
8331 24 28 0
2
42 81 
2
8333 16 16 0
8332 6 6 0
2
42 82 
2
8334 16 16 0
8333 28 22 0
2
42 83 
2
8335 16 16 0
8334 10 4 0
2
42 84 
2
8336 16 16 0
8335 28 24 0
2
42 85 
2
8337 16 16 0
8336 30 20 0
2
42 88 
2
8338 16 16 0
8337 12 4 0
2
42 110 
2
8339 16 16 0
8338 6 20 0
2
42 127 
2
8340 16 16 0
8339 12 18 0
2
42 132 
2
8341 16 16 0
8340 8 16 0
2
42 133 
2
8342 16 16 0
8341 10 12 0
2
42 134 
2
8343 16 16 0
8342 16 30 0
2
42 135 
2
8344 16 16 0
8343 10 26 0
2
42 136 
2
8345 16 16 0
8344 16 26 0
2
42 137 
2
8346 16 16 0
8345 16 28 0
2
42 138 
2
8347 16 16 0
8346 10 20 0
2
42 139 
2
8348 16 16 0
8347 12 26 0
2
42 140 
2
8349 16 16 0
8348 14 18 0
2
42 141 
2
8350 16 16 0
8349 14 20 0
2
40 42 
2
8350 10 16 0
8351 16 16 0
2
41 43 
2
8255 20 12 0
8256 18 14 0
2
42 78 
2
8352 16 16 0
8351 10 28 0
2
43 177 
2
8257 18 14 0
8256 8 4 0
2
42 79 
2
8353 16 16 0
8352 2 20 0
2
42 80 
2
8354 16 16 0
8353 24 28 0
2
42 81 
2
8355 16 16 0
8354 6 6 0
2
42 82 
2
8356 16 16 0
8355 28 22 0
2
42 83 
2
8357 16 16 0
8356 10 4 0
2
42 84 
2
8358 16 16 0
8357 28 24 0
2
42 85 
2
8359 16 16 0
8358 30 20 0
2
42 88 
2
8360 16 16 0
8359 12 4 0
2
42 110 
2
8361 16 16 0
8360 6 20 0
2
42 127 
2
8362 16 16 0
8361 12 18 0
2
42 132 
2
8363 16 16 0
8362 8 16 0
2
42 133 
2
8364 16 16 0
8363 10 12 0
2
42 134 
2
8365 16 16 0
8364 16 30 0
2
42 135 
2
8366 16 16 0
8365 10 26 0
2
42 136 
2
8367 16 16 0
8366 16 26 0
2
42 137 
2
8368 16 16 0
8367 16 28 0
2
42 138 
2
8369 16 16 0
8368 10 20 0
2
42 139 
2
8370 16 16 0
8369 12 26 0
2
42 140 
2
8371 16 16 0
8370 14 18 0
2
42 141 
2
8372 16 16 0
8371 14 20 0
2
20 40 
2
8350 14 16 0
8351 10 16 0
2
21 41 
2
8255 20 14 0
8256 20 12 0
2
18 38 
2
8301 4 18 0
8302 4 16 0
2
19 39 
2
8245 20 8 0
8246 22 8 0
2
16 36 
2
8254 4 24 0
8255 4 22 0
2
17 37 
2
8222 26 4 0
8223 24 4 0
2
34 36 
2
8255 2 24 0
8256 4 22 0
2
35 37 
2
8223 28 2 0
8224 24 4 0
2
38 38 
1
8303 4 16 0
2
36 38 
2
8303 4 22 0
8304 4 16 0
2
38 38 
1
8305 4 16 0
2
16 38 
2
8305 4 24 0
8306 4 16 0
2
38 38 
1
8307 4 16 0
2
36 38 
2
8307 4 22 0
8308 4 16 0
2
38 38 
1
8309 4 16 0
2
39 39 
1
8247 22 8 0
2
37 39 
2
8247 24 4 0
8248 22 8 0
2
39 39 
1
8249 22 8 0
2
17 39 
2
8249 26 4 0
8250 22 8 0
2
39 39 
1
8251 22 8 0
2
37 39 
2
8251 24 4 0
8252 22 8 0
2
39 39 
1
8253 22 8 0
2
40 40 
1
8352 10 16 0
2
38 40 
2
8352 4 16 0
8353 10 16 0
2
40 40 
1
8354 10 16 0
2
18 40 
2
8354 4 18 0
8355 10 16 0
2
40 40 
1
8356 10 16 0
2
38 40 
2
8356 4 16 0
8357 10 16 0
2
40 40 
1
8358 10 16 0
2
41 41 
1
8257 20 12 0
2
39 41 
2
8257 22 8 0
8258 20 12 0
2
41 41 
1
8259 20 12 0
2
19 41 
2
8259 20 8 0
8260 20 12 0
2
41 41 
1
8261 20 12 0
2
39 41 
2
8261 22 8 0
8262 20 12 0
2
41 41 
1
8263 20 12 0
2
42 42 
1
8373 16 16 0
2
40 42 
2
8373 10 16 0
8374 16 16 0
2
42 42 
1
8375 16 16 0
2
20 42 
2
8375 14 16 0
8376 16 16 0
2
42 42 
1
8377 16 16 0
2
40 42 
2
8377 10 16 0
8378 16 16 0
2
42 42 
1
8379 16 16 0
2
43 43 
1
8258 18 14 0
2
41 43 
2
8264 20 12 0
8263 18 14 0
2
43 43 
1
8264 18 14 0
2
21 43 
2
8264 20 14 0
8265 18 14 0
2
43 43 
1
8266 18 14 0
2
41 43 
2
8266 20 12 0
8267 18 14 0
2
43 43 
1
8268 18 14 0
2
42 140 
2
8380 16 16 0
8379 14 18 0
2
43 176 
2
8269 18 14 0
8268 20 30 0
2
42 141 
2
8381 16 16 0
8380 14 20 0
2
42 142 
2
8382 16 16 0
8381 8 12 0
2
40 42 
2
8382 10 16 0
8383 16 16 0
2
41 43 
2
8269 20 12 0
8270 18 14 0
2
42 140 
2
8384 16 16 0
8383 14 18 0
2
43 176 
2
8271 18 14 0
8270 20 30 0
2
42 141 
2
8385 16 16 0
8384 14 20 0
2
43 177 
2
8272 18 14 0
8271 8 4 0
2
42 142 
2
8386 16 16 0
8385 8 12 0
2
20 40 
2
8382 14 16 0
8383 10 16 0
2
21 41 
2
8269 20 14 0
8270 20 12 0
2
38 40 
2
8383 4 16 0
8384 10 16 0
2
39 41 
2
8270 22 8 0
8271 20 12 0
2
42 42 
1
8387 16 16 0
2
40 42 
2
8387 10 16 0
8388 16 16 0
2
42 42 
1
8389 16 16 0
2
20 42 
2
8389 14 16 0
8390 16 16 0
2
42 42 
1
8391 16 16 0
2
40 42 
2
8391 10 16 0
8392 16 16 0
2
42 42 
1
8393 16 16 0
2
43 43 
1
8273 18 14 0
2
41 43 
2
8273 20 12 0
8274 18 14 0
2
43 43 
1
8275 18 14 0
2
21 43 
2
8275 20 14 0
8276 18 14 0
2
43 43 
1
8277 18 14 0
2
41 43 
2
8277 20 12 0
8278 18 14 0
2
43 43 
1
8279 18 14 0
2
42 141 
2
8394 16 16 0
8393 14 20 0
2
43 179 
2
8280 18 14 0
8279 30 22 0
2
42 142 
2
8395 16 16 0
8394 8 12 0
2
42 143 
2
8396 16 16 0
8395 22 24 0
2
40 42 
2
8396 10 16 0
8397 16 16 0
2
41 43 
2
8280 20 12 0
8281 18 14 0
2
42 141 
2
8398 16 16 0
8397 14 20 0
2
43 178 
2
8282 18 14 0
8281 10 2 0
2
42 142 
2
8399 16 16 0
8398 8 12 0
2
42 143 
2
8400 16 16 0
8399 22 24 0
2
20 40 
2
8396 14 16 0
8397 10 16 0
2
21 41 
2
8280 20 14 0
8281 20 12 0
2
18 38 
2
8383 4 18 0
8384 4 16 0
2
19 39 
2
8270 20 8 0
8271 22 8 0
2
36 38 
2
8384 4 22 0
8385 4 16 0
2
37 39 
2
8271 24 4 0
8272 22 8 0
2
40 40 
1
8398 10 16 0
2
38 40 
2
8398 4 16 0
8399 10 16 0
2
40 40 
1
8400 10 16 0
2
18 40 
2
8400 4 18 0
8401 10 16 0
2
40 40 
1
8402 10 16 0
2
38 40 
2
8402 4 16 0
8403 10 16 0
2
40 40 
1
8404 10 16 0
2
41 41 
1
8282 20 12 0
2
39 41 
2
8282 22 8 0
8283 20 12 0
2
41 41 
1
8284 20 12 0
2
19 41 
2
8284 20 8 0
8285 20 12 0
2
41 41 
1
8286 20 12 0
2
39 41 
2
8286 22 8 0
8287 20 12 0
2
41 41 
1
8288 20 12 0
2
42 42 
1
8401 16 16 0
2
40 42 
2
8405 10 16 0
8404 16 16 0
2
42 42 
1
8405 16 16 0
2
20 42 
2
8405 14 16 0
8406 16 16 0
2
42 42 
1
8407 16 16 0
2
40 42 
2
8407 10 16 0
8408 16 16 0
2
42 42 
1
8409 16 16 0
2
43 43 
1
8283 18 14 0
2
41 43 
2
8289 20 12 0
8288 18 14 0
2
43 43 
1
8289 18 14 0
2
21 43 
2
8289 20 14 0
8290 18 14 0
2
43 43 
1
8291 18 14 0
2
41 43 
2
8291 20 12 0
8292 18 14 0
2
43 43 
1
8293 18 14 0
2
42 140 
2
8410 16 16 0
8409 14 18 0
2
43 178 
2
8294 18 14 0
8293 10 2 0
2
42 141 
2
8411 16 16 0
8410 14 20 0
2
43 179 
2
8295 18 14 0
8294 30 22 0
2
42 142 
2
8412 16 16 0
8411 8 12 0
2
42 143 
2
8413 16 16 0
8412 22 24 0
2
42 144 
2
8414 16 16 0
8413 24 18 0
2
42 145 
2
8415 16 16 0
8414 22 10 0
2
42 146 
2
8416 16 16 0
8415 30 12 0
2
42 147 
2
8417 16 16 0
8416 4 8 0
2
42 148 
2
8418 16 16 0
8417 12 30 0
2
42 165 
2
8419 16 16 0
8418 4 20 0
2
42 187 
2
8420 16 16 0
8419 12 28 0
2
42 190 
2
8421 16 16 0
8420 26 16 0
2
42 192 
2
8422 16 16 0
8421 18 26 0
2
42 193 
2
8423 16 16 0
8422 6 16 0
2
42 194 
2
8424 16 16 0
8423 14 22 0
2
42 195 
2
8425 16 16 0
8424 10 22 0
2
42 196 
2
8426 16 16 0
8425 8 18 0
2
42 197 
2
8427 16 16 0
8426 16 22 0
2
42 198 
2
8428 16 16 0
8427 16 18 0
2
42 199 
2
8429 16 16 0
8428 14 28 0
2
42 200 
2
8430 16 16 0
8429 10 18 0
2
40 42 
2
8430 10 16 0
8431 16 16 0
2
41 43 
2
8295 20 12 0
8296 18 14 0
2
42 140 
2
8432 16 16 0
8431 14 18 0
2
43 181 
2
8297 18 14 0
8296 32 20 0
2
42 141 
2
8433 16 16 0
8432 14 20 0
2
42 142 
2
8434 16 16 0
8433 8 12 0
2
42 143 
2
8435 16 16 0
8434 22 24 0
2
42 144 
2
8436 16 16 0
8435 24 18 0
2
42 145 
2
8437 16 16 0
8436 22 10 0
2
42 146 
2
8438 16 16 0
8437 30 12 0
2
42 147 
2
8439 16 16 0
8438 4 8 0
2
42 148 
2
8440 16 16 0
8439 12 30 0
2
42 165 
2
8441 16 16 0
8440 4 20 0
2
42 187 
2
8442 16 16 0
8441 12 28 0
2
42 190 
2
8443 16 16 0
8442 26 16 0
2
42 192 
2
8444 16 16 0
8443 18 26 0
2
42 193 
2
8445 16 16 0
8444 6 16 0
2
42 194 
2
8446 16 16 0
8445 14 22 0
2
42 195 
2
8447 16 16 0
8446 10 22 0
2
42 196 
2
8448 16 16 0
8447 8 18 0
2
42 197 
2
8449 16 16 0
8448 16 22 0
2
42 198 
2
8450 16 16 0
8449 16 18 0
2
42 199 
2
8451 16 16 0
8450 14 28 0
2
42 200 
2
8452 16 16 0
8451 10 18 0
2
20 40 
2
8430 14 16 0
8431 10 16 0
2
21 41 
2
8295 20 14 0
8296 20 12 0
2
38 40 
2
8431 4 16 0
8432 10 16 0
2
39 41 
2
8296 22 8 0
8297 20 12 0
2
42 42 
1
8453 16 16 0
2
40 42 
2
8453 10 16 0
8454 16 16 0
2
42 42 
1
8455 16 16 0
2
20 42 
2
8455 14 16 0
8456 16 16 0
2
42 42 
1
8457 16 16 0
2
40 42 
2
8457 10 16 0
8458 16 16 0
2
42 42 
1
8459 16 16 0
2
43 43 
1
8298 18 14 0
2
41 43 
2
8298 20 12 0
8299 18 14 0
2
43 43 
1
8300 18 14 0
2
21 43 
2
8300 20 14 0
8301 18 14 0
2
43 43 
1
8302 18 14 0
2
41 43 
2
8302 20 12 0
8303 18 14 0
2
43 43 
1
8304 18 14 0
2
42 141 
2
8460 16 16 0
8459 14 20 0
2
43 180 
2
8305 18 14 0
8304 26 26 0
2
42 142 
2
8461 16 16 0
8460 8 12 0
2
42 143 
2
8462 16 16 0
8461 22 24 0
2
42 144 
2
8463 16 16 0
8462 24 18 0
2
42 145 
2
8464 16 16 0
8463 22 10 0
2
42 146 
2
8465 16 16 0
8464 30 12 0
2
42 147 
2
8466 16 16 0
8465 4 8 0
2
42 148 
2
8467 16 16 0
8466 12 30 0
2
42 165 
2
8468 16 16 0
8467 4 20 0
2
42 187 
2
8469 16 16 0
8468 12 28 0
2
42 190 
2
8470 16 16 0
8469 26 16 0
2
42 192 
2
8471 16 16 0
8470 18 26 0
2
42 193 
2
8472 16 16 0
8471 6 16 0
2
42 194 
2
8473 16 16 0
8472 14 22 0
2
42 195 
2
8474 16 16 0
8473 10 22 0
2
42 196 
2
8475 16 16 0
8474 8 18 0
2
42 197 
2
8476 16 16 0
8475 16 22 0
2
42 198 
2
8477 16 16 0
8476 16 18 0
2
42 199 
2
8478 16 16 0
8477 14 28 0
2
42 200 
2
8479 16 16 0
8478 10 18 0
2
42 201 
2
8480 16 16 0
8479 18 20 0
2
40 42 
2
8480 10 16 0
8481 16 16 0
2
41 43 
2
8305 20 12 0
8306 18 14 0
2
42 141 
2
8482 16 16 0
8481 14 20 0
2
43 180 
2
8307 18 14 0
8306 26 26 0
2
42 142 
2
8483 16 16 0
8482 8 12 0
2
43 181 
2
8308 18 14 0
8307 32 20 0
2
42 143 
2
8484 16 16 0
8483 22 24 0
2
42 144 
2
8485 16 16 0
8484 24 18 0
2
42 145 
2
8486 16 16 0
8485 22 10 0
2
42 146 
2
8487 16 16 0
8486 30 12 0
2
42 147 
2
8488 16 16 0
8487 4 8 0
2
42 148 
2
8489 16 16 0
8488 12 30 0
2
42 165 
2
8490 16 16 0
8489 4 20 0
2
42 187 
2
8491 16 16 0
8490 12 28 0
2
42 190 
2
8492 16 16 0
8491 26 16 0
2
42 192 
2
8493 16 16 0
8492 18 26 0
2
42 193 
2
8494 16 16 0
8493 6 16 0
2
42 194 
2
8495 16 16 0
8494 14 22 0
2
42 195 
2
8496 16 16 0
8495 10 22 0
2
42 196 
2
8497 16 16 0
8496 8 18 0
2
42 197 
2
8498 16 16 0
8497 16 22 0
2
42 198 
2
8499 16 16 0
8498 16 18 0
2
42 199 
2
8500 16 16 0
8499 14 28 0
2
42 200 
2
8501 16 16 0
8500 10 18 0
2
42 201 
2
8502 16 16 0
8501 18 20 0
2
20 40 
2
8480 14 16 0
8481 10 16 0
2
21 41 
2
8305 20 14 0
8306 20 12 0
2
18 38 
2
8431 4 18 0
8432 4 16 0
2
19 39 
2
8296 20 8 0
8297 22 8 0
2
16 36 
2
8384 4 24 0
8385 4 22 0
2
17 37 
2
8271 26 4 0
8272 24 4 0
2
14 34 
2
8255 4 26 0
8256 2 24 0
2
15 35 
2
8223 26 2 0
8224 28 2 0
2
12 32 
2
8014 2 26 0
8015 2 28 0
2
13 33 
2
7155 30 2 0
7156 32 2 0
2
10 30 
2
7495 6 28 0
7496 4 28 0
2
11 31 
2
6957 32 4 0
6958 32 6 0
2
8 28 
2
6508 6 30 0
6509 4 30 0
2
9 29 
2
6490 32 24 0
6491 32 26 0
2
6 26 
2
4499 6 32 0
4500 2 30 0
2
7 27 
2
4518 28 30 0
4519 32 28 0
2
4 24 
2
62 8 32 0
63 2 32 0
2
5 25 
2
62 26 32 0
63 30 30 0
2
22 24 
2
63 4 32 0
64 2 32 0
2
23 25 
2
63 32 30 0
64 30 30 0
2
26 26 
1
4501 2 30 0
2
24 26 
2
4501 2 32 0
4502 2 30 0
2
26 26 
1
4503 2 30 0
2
4 26 
2
4503 8 32 0
4504 2 30 0
2
26 26 
1
4505 2 30 0
2
24 26 
2
4505 2 32 0
4506 2 30 0
2
26 26 
1
4507 2 30 0
2
27 27 
1
4520 32 28 0
2
25 27 
2
4520 30 30 0
4521 32 28 0
2
27 27 
1
4522 32 28 0
2
5 27 
2
4522 26 32 0
4523 32 28 0
2
27 27 
1
4524 32 28 0
2
25 27 
2
4524 30 30 0
4525 32 28 0
2
27 27 
1
4526 32 28 0
2
28 28 
1
6510 4 30 0
2
26 28 
2
6510 2 30 0
6511 4 30 0
2
28 28 
1
6512 4 30 0
2
6 28 
2
6512 6 32 0
6513 4 30 0
2
28 28 
1
6514 4 30 0
2
26 28 
2
6514 2 30 0
6515 4 30 0
2
28 28 
1
6516 4 30 0
2
29 29 
1
6492 32 26 0
2
27 29 
2
6492 32 28 0
6493 32 26 0
2
29 29 
1
6494 32 26 0
2
7 29 
2
6494 28 30 0
6495 32 26 0
2
29 29 
1
6496 32 26 0
2
27 29 
2
6496 32 28 0
6497 32 26 0
2
29 29 
1
6498 32 26 0
2
30 30 
1
7497 4 28 0
2
28 30 
2
7497 4 30 0
7498 4 28 0
2
30 30 
1
7499 4 28 0
2
8 30 
2
7499 6 30 0
7500 4 28 0
2
30 30 
1
7501 4 28 0
2
28 30 
2
7501 4 30 0
7502 4 28 0
2
30 30 
1
7503 4 28 0
2
31 31 
1
6959 32 6 0
2
29 31 
2
6959 32 26 0
6960 32 6 0
2
31 31 
1
6961 32 6 0
2
9 31 
2
6961 32 24 0
6962 32 6 0
2
31 31 
1
6963 32 6 0
2
29 31 
2
6963 32 26 0
6964 32 6 0
2
31 31 
1
6965 32 6 0
2
32 32 
1
8016 2 28 0
2
30 32 
2
8016 4 28 0
8017 2 28 0
2
32 32 
1
8018 2 28 0
2
10 32 
2
8018 6 28 0
8019 2 28 0
2
32 32 
1
8020 2 28 0
2
30 32 
2
8020 4 28 0
8021 2 28 0
2
32 32 
1
8022 2 28 0
2
33 33 
1
7157 32 2 0
2
31 33 
2
7157 32 6 0
7158 32 2 0
2
33 33 
1
7159 32 2 0
2
11 33 
2
7159 32 4 0
7160 32 2 0
2
33 33 
1
7161 32 2 0
2
31 33 
2
7161 32 6 0
7162 32 2 0
2
33 33 
1
7163 32 2 0
2
34 34 
1
8257 2 24 0
2
32 34 
2
8257 2 28 0
8258 2 24 0
2
34 34 
1
8259 2 24 0
2
12 34 
2
8259 2 26 0
8260 2 24 0
2
34 34 
1
8261 2 24 0
2
32 34 
2
8261 2 28 0
8262 2 24 0
2
34 34 
1
8263 2 24 0
2
35 35 
1
8225 28 2 0
2
33 35 
2
8225 32 2 0
8226 28 2 0
2
35 35 
1
8227 28 2 0
2
13 35 
2
8227 30 2 0
8228 28 2 0
2
35 35 
1
8229 28 2 0
2
33 35 
2
8229 32 2 0
8230 28 2 0
2
35 35 
1
8231 28 2 0
2
36 36 
1
8386 4 22 0
2
34 36 
2
8386 2 24 0
8387 4 22 0
2
36 36 
1
8388 4 22 0
2
14 36 
2
8388 4 26 0
8389 4 22 0
2
36 36 
1
8390 4 22 0
2
34 36 
2
8390 2 24 0
8391 4 22 0
2
36 36 
1
8392 4 22 0
2
37 37 
1
8273 24 4 0
2
35 37 
2
8273 28 2 0
8274 24 4 0
2
37 37 
1
8275 24 4 0
2
15 37 
2
8275 26 2 0
8276 24 4 0
2
37 37 
1
8277 24 4 0
2
35 37 
2
8277 28 2 0
8278 24 4 0
2
37 37 
1
8279 24 4 0
2
38 38 
1
8433 4 16 0
2
36 38 
2
8433 4 22 0
8434 4 16 0
2
38 38 
1
8435 4 16 0
2
16 38 
2
8435 4 24 0
8436 4 16 0
2
38 38 
1
8437 4 16 0
2
36 38 
2
8437 4 22 0
8438 4 16 0
2
38 38 
1
8439 4 16 0
2
39 39 
1
8298 22 8 0
2
37 39 
2
8298 24 4 0
8299 22 8 0
2
39 39 
1
8300 22 8 0
2
17 39 
2
8300 26 4 0
8301 22 8 0
2
39 39 
1
8302 22 8 0
2
37 39 
2
8302 24 4 0
8303 22 8 0
2
39 39 
1
8304 22 8 0
2
40 40 
1
8482 10 16 0
2
38 40 
2
8482 4 16 0
8483 10 16 0
2
40 40 
1
8484 10 16 0
2
18 40 
2
8484 4 18 0
8485 10 16 0
2
40 40 
1
8486 10 16 0
2
38 40 
2
8486 4 16 0
8487 10 16 0
2
40 40 
1
8488 10 16 0
2
41 41 
1
8307 20 12 0
2
39 41 
2
8307 22 8 0
8308 20 12 0
2
41 41 
1
8309 20 12 0
2
19 41 
2
8309 20 8 0
8310 20 12 0
2
41 41 
1
8311 20 12 0
2
39 41 
2
8311 22 8 0
8312 20 12 0
2
41 41 
1
8313 20 12 0
2
42 42 
1
8503 16 16 0
2
40 42 
2
8503 10 16 0
8504 16 16 0
2
42 42 
1
8505 16 16 0
2
20 42 
2
8505 14 16 0
8506 16 16 0
2
42 42 
1
8507 16 16 0
2
40 42 
2
8507 10 16 0
8508 16 16 0
2
42 42 
1
8509 16 16 0
2
43 43 
1
8309 18 14 0
2
41 43 
2
8314 20 12 0
8313 18 14 0
2
43 43 
1
8314 18 14 0
2
21 43 
2
8314 20 14 0
8315 18 14 0
2
43 43 
1
8316 18 14 0
2
41 43 
2
8316 20 12 0
8317 18 14 0
2
43 43 
1
8318 18 14 0
2
42 200 
2
8510 16 16 0
8509 10 18 0
2
43 183 
2
8319 18 14 0
8318 2 8 0
2
42 201 
2
8511 16 16 0
8510 18 20 0
2
42 202 
2
8512 16 16 0
8511 14 14 0
2
40 42 
2
8512 10 16 0
8513 16 16 0
2
41 43 
2
8319 20 12 0
8320 18 14 0
2
42 200 
2
8514 16 16 0
8513 10 18 0
2
43 182 
2
8321 18 14 0
8320 32 10 0
2
42 201 
2
8515 16 16 0
8514 18 20 0
2
42 202 
2
8516 16 16 0
8515 14 14 0
2
20 40 
2
8512 14 16 0
8513 10 16 0
2
21 41 
2
8319 20 14 0
8320 20 12 0
2
38 40 
2
8513 4 16 0
8514 10 16 0
2
39 41 
2
8320 22 8 0
8321 20 12 0
2
42 42 
1
8517 16 16 0
2
40 42 
2
8517 10 16 0
8518 16 16 0
2
42 42 
1
8519 16 16 0
2
20 42 
2
8519 14 16 0
8520 16 16 0
2
42 42 
1
8521 16 16 0
2
40 42 
2
8521 10 16 0
8522 16 16 0
2
42 42 
1
8523 16 16 0
2
43 43 
1
8322 18 14 0
2
41 43 
2
8322 20 12 0
8323 18 14 0
2
43 43 
1
8324 18 14 0
2
21 43 
2
8324 20 14 0
8325 18 14 0
2
43 43 
1
8326 18 14 0
2
41 43 
2
8326 20 12 0
8327 18 14 0
2
43 43 
1
8328 18 14 0
2
42 201 
2
8524 16 16 0
8523 18 20 0
2
43 182 
2
8329 18 14 0
8328 32 10 0
2
42 202 
2
8525 16 16 0
8524 14 14 0
2
43 183 
2
8330 18 14 0
8329 2 8 0
2
42 203 
2
8526 16 16 0
8525 2 14 0
2
40 42 
2
8526 10 16 0
8527 16 16 0
2
41 43 
2
8330 20 12 0
8331 18 14 0
2
42 201 
2
8528 16 16 0
8527 18 20 0
2
43 185 
2
8332 18 14 0
8331 24 30 0
2
42 202 
2
8529 16 16 0
8528 14 14 0
2
42 203 
2
8530 16 16 0
8529 2 14 0
2
20 40 
2
8526 14 16 0
8527 10 16 0
2
21 41 
2
8330 20 14 0
8331 20 12 0
2
18 38 
2
8513 4 18 0
8514 4 16 0
2
19 39 
2
8320 20 8 0
8321 22 8 0
2
36 38 
2
8514 4 22 0
8515 4 16 0
2
37 39 
2
8321 24 4 0
8322 22 8 0
2
40 40 
1
8528 10 16 0
2
38 40 
2
8528 4 16 0
8529 10 16 0
2
40 40 
1
8530 10 16 0
2
18 40 
2
8530 4 18 0
8531 10 16 0
2
40 40 
1
8532 10 16 0
2
38 40 
2
8532 4 16 0
8533 10 16 0
2
40 40 
1
8534 10 16 0
2
41 41 
1
8332 20 12 0
2
39 41 
2
8332 22 8 0
8333 20 12 0
2
41 41 
1
8334 20 12 0
2
19 41 
2
8334 20 8 0
8335 20 12 0
2
41 41 
1
8336 20 12 0
2
39 41 
2
8336 22 8 0
8337 20 12 0
2
41 41 
1
8338 20 12 0
2
42 42 
1
8531 16 16 0
2
40 42 
2
8535 10 16 0
8534 16 16 0
2
42 42 
1
8535 16 16 0
2
20 42 
2
8535 14 16 0
8536 16 16 0
2
42 42 
1
8537 16 16 0
2
40 42 
2
8537 10 16 0
8538 16 16 0
2
42 42 
1
8539 16 16 0
2
43 43 
1
8333 18 14 0
2
41 43 
2
8339 20 12 0
8338 18 14 0
2
43 43 
1
8339 18 14 0
2
21 43 
2
8339 20 14 0
8340 18 14 0
2
43 43 
1
8341 18 14 0
2
41 43 
2
8341 20 12 0
8342 18 14 0
2
43 43 
1
8343 18 14 0
2
42 200 
2
8540 16 16 0
8539 10 18 0
2
43 184 
2
8344 18 14 0
8343 30 8 0
2
42 201 
2
8541 16 16 0
8540 18 20 0
2
42 202 
2
8542 16 16 0
8541 14 14 0
2
42 203 
2
8543 16 16 0
8542 2 14 0
2
42 204 
2
8544 16 16 0
8543 20 20 0
2
42 205 
2
8545 16 16 0
8544 18 10 0
2
42 206 
2
8546 16 16 0
8545 26 24 0
2
42 207 
2
8547 16 16 0
8546 4 10 0
2
42 208 
2
8548 16 16 0
8547 32 16 0
2
42 209 
2
8549 16 16 0
8548 2 18 0
2
42 210 
2
8550 16 16 0
8549 8 24 0
2
42 211 
2
8551 16 16 0
8550 6 18 0
2
42 212 
2
8552 16 16 0
8551 16 24 0
2
42 213 
2
8553 16 16 0
8552 16 32 0
2
42 214 
2
8554 16 16 0
8553 12 20 0
2
42 215 
2
8555 16 16 0
8554 18 16 0
2
42 216 
2
8556 16 16 0
8555 8 20 0
2
42 217 
2
8557 16 16 0
8556 14 26 0
2
42 218 
2
8558 16 16 0
8557 10 24 0
2
42 219 
2
8559 16 16 0
8558 24 24 0
2
42 220 
2
8560 16 16 0
8559 12 24 0
2
40 42 
2
8560 10 16 0
8561 16 16 0
2
41 43 
2
8344 20 12 0
8345 18 14 0
2
42 200 
2
8562 16 16 0
8561 10 18 0
2
43 184 
2
8346 18 14 0
8345 30 8 0
2
42 201 
2
8563 16 16 0
8562 18 20 0
2
43 185 
2
8347 18 14 0
8346 24 30 0
2
42 202 
2
8564 16 16 0
8563 14 14 0
2
42 203 
2
8565 16 16 0
8564 2 14 0
2
42 204 
2
8566 16 16 0
8565 20 20 0
2
42 205 
2
8567 16 16 0
8566 18 10 0
2
42 206 
2
8568 16 16 0
8567 26 24 0
2
42 207 
2
8569 16 16 0
8568 4 10 0
2
42 208 
2
8570 16 16 0
8569 32 16 0
2
42 209 
2
8571 16 16 0
8570 2 18 0
2
42 210 
2
8572 16 16 0
8571 8 24 0
2
42 211 
2
8573 16 16 0
8572 6 18 0
2
42 212 
2
8574 16 16 0
8573 16 24 0
2
42 213 
2
8575 16 16 0
8574 16 32 0
2
42 214 
2
8576 16 16 0
8575 12 20 0
2
42 215 
2
8577 16 16 0
8576 18 16 0
2
42 216 
2
8578 16 16 0
8577 8 20 0
2
42 217 
2
8579 16 16 0
8578 14 26 0
2
42 218 
2
8580 16 16 0
8579 10 24 0
2
42 219 
2
8581 16 16 0
8580 24 24 0
2
42 220 
2
8582 16 16 0
8581 12 24 0
2
20 40 
2
8560 14 16 0
8561 10 16 0
2
21 41 
2
8344 20 14 0
8345 20 12 0
2
38 40 
2
8561 4 16 0
8562 10 16 0
2
39 41 
2
8345 22 8 0
8346 20 12 0
2
42 42 
1
8583 16 16 0
2
40 42 
2
8583 10 16 0
8584 16 16 0
2
42 42 
1
8585 16 16 0
2
20 42 
2
8585 14 16 0
8586 16 16 0
2
42 42 
1
8587 16 16 0
2
40 42 
2
8587 10 16 0
8588 16 16 0
2
42 42 
1
8589 16 16 0
2
43 43 
1
8348 18 14 0
2
41 43 
2
8348 20 12 0
8349 18 14 0
2
43 43 
1
8350 18 14 0
2
21 43 
2
8350 20 14 0
8351 18 14 0
2
43 43 
1
8352 18 14 0
2
41 43 
2
8352 20 12 0
8353 18 14 0
2
43 43 
1
8354 18 14 0
2
42 201 
2
8590 16 16 0
8589 18 20 0
2
43 188 
2
8355 18 14 0
8354 30 6 0
2
42 202 
2
8591 16 16 0
8590 14 14 0
2
42 203 
2
8592 16 16 0
8591 2 14 0
2
42 204 
2
8593 16 16 0
8592 20 20 0
2
42 205 
2
8594 16 16 0
8593 18 10 0
2
42 206 
2
8595 16 16 0
8594 26 24 0
2
42 207 
2
8596 16 16 0
8595 4 10 0
2
42 208 
2
8597 16 16 0
8596 32 16 0
2
42 209 
2
8598 16 16 0
8597 2 18 0
2
42 210 
2
8599 16 16 0
8598 8 24 0
2
42 211 
2
8600 16 16 0
8599 6 18 0
2
42 212 
2
8601 16 16 0
8600 16 24 0
2
42 213 
2
8602 16 16 0
8601 16 32 0
2
42 214 
2
8603 16 16 0
8602 12 20 0
2
42 215 
2
8604 16 16 0
8603 18 16 0
2
42 216 
2
8605 16 16 0
8604 8 20 0
2
42 217 
2
8606 16 16 0
8605 14 26 0
2
42 218 
2
8607 16 16 0
8606 10 24 0
2
42 219 
2
8608 16 16 0
8607 24 24 0
2
42 220 
2
8609 16 16 0
8608 12 24 0
2
42 221 
2
8610 16 16 0
8609 6 22 0
2
40 42 
2
8610 10 16 0
8611 16 16 0
2
41 43 
2
8355 20 12 0
8356 18 14 0
2
42 201 
2
8612 16 16 0
8611 18 20 0
2
43 186 
2
8357 18 14 0
8356 28 6 0
2
42 202 
2
8613 16 16 0
8612 14 14 0
2
42 203 
2
8614 16 16 0
8613 2 14 0
2
42 204 
2
8615 16 16 0
8614 20 20 0
2
42 205 
2
8616 16 16 0
8615 18 10 0
2
42 206 
2
8617 16 16 0
8616 26 24 0
2
42 207 
2
8618 16 16 0
8617 4 10 0
2
42 208 
2
8619 16 16 0
8618 32 16 0
2
42 209 
2
8620 16 16 0
8619 2 18 0
2
42 210 
2
8621 16 16 0
8620 8 24 0
2
42 211 
2
8622 16 16 0
8621 6 18 0
2
42 212 
2
8623 16 16 0
8622 16 24 0
2
42 213 
2
8624 16 16 0
8623 16 32 0
2
42 214 
2
8625 16 16 0
8624 12 20 0
2
42 215 
2
8626 16 16 0
8625 18 16 0
2
42 216 
2
8627 16 16 0
8626 8 20 0
2
42 217 
2
8628 16 16 0
8627 14 26 0
2
42 218 
2
8629 16 16 0
8628 10 24 0
2
42 219 
2
8630 16 16 0
8629 24 24 0
2
42 220 
2
8631 16 16 0
8630 12 24 0
2
42 221 
2
8632 16 16 0
8631 6 22 0
2
20 40 
2
8610 14 16 0
8611 10 16 0
2
21 41 
2
8355 20 14 0
8356 20 12 0
2
18 38 
2
8561 4 18 0
8562 4 16 0
2
19 39 
2
8345 20 8 0
8346 22 8 0
2
16 36 
2
8514 4 24 0
8515 4 22 0
2
17 37 
2
8321 26 4 0
8322 24 4 0
2
34 36 
2
8515 2 24 0
8516 4 22 0
2
35 37 
2
8322 28 2 0
8323 24 4 0
2
38 38 
1
8563 4 16 0
2
36 38 
2
8563 4 22 0
8564 4 16 0
2
38 38 
1
8565 4 16 0
2
16 38 
2
8565 4 24 0
8566 4 16 0
2
38 38 
1
8567 4 16 0
2
36 38 
2
8567 4 22 0
8568 4 16 0
2
38 38 
1
8569 4 16 0
2
39 39 
1
8347 22 8 0
2
37 39 
2
8347 24 4 0
8348 22 8 0
2
39 39 
1
8349 22 8 0
2
17 39 
2
8349 26 4 0
8350 22 8 0
2
39 39 
1
8351 22 8 0
2
37 39 
2
8351 24 4 0
8352 22 8 0
2
39 39 
1
8353 22 8 0
2
40 40 
1
8612 10 16 0
2
38 40 
2
8612 4 16 0
8613 10 16 0
2
40 40 
1
8614 10 16 0
2
18 40 
2
8614 4 18 0
8615 10 16 0
2
40 40 
1
8616 10 16 0
2
38 40 
2
8616 4 16 0
8617 10 16 0
2
40 40 
1
8618 10 16 0
2
41 41 
1
8357 20 12 0
2
39 41 
2
8357 22 8 0
8358 20 12 0
2
41 41 
1
8359 20 12 0
2
19 41 
2
8359 20 8 0
8360 20 12 0
2
41 41 
1
8361 20 12 0
2
39 41 
2
8361 22 8 0
8362 20 12 0
2
41 41 
1
8363 20 12 0
2
42 42 
1
8633 16 16 0
2
40 42 
2
8633 10 16 0
8634 16 16 0
2
42 42 
1
8635 16 16 0
2
20 42 
2
8635 14 16 0
8636 16 16 0
2
42 42 
1
8637 16 16 0
2
40 42 
2
8637 10 16 0
8638 16 16 0
2
42 42 
1
8639 16 16 0
2
43 43 
1
8358 18 14 0
2
41 43 
2
8364 20 12 0
8363 18 14 0
2
43 43 
1
8364 18 14 0
2
21 43 
2
8364 20 14 0
8365 18 14 0
2
43 43 
1
8366 18 14 0
2
41 43 
2
8366 20 12 0
8367 18 14 0
2
43 43 
1
8368 18 14 0
2
42 220 
2
8640 16 16 0
8639 12 24 0
2
43 186 
2
8369 18 14 0
8368 28 6 0
2
42 221 
2
8641 16 16 0
8640 6 22 0
2
43 188 
2
8370 18 14 0
8369 30 6 0
2
42 222 
2
8642 16 16 0
8641 6 14 0
2
40 42 
2
8642 10 16 0
8643 16 16 0
2
41 43 
2
8370 20 12 0
8371 18 14 0
2
42 220 
2
8644 16 16 0
8643 12 24 0
2
43 191 
2
8372 18 14 0
8371 28 4 0
2
42 221 
2
8645 16 16 0
8644 6 22 0
2
42 222 
2
8646 16 16 0
8645 6 14 0
2
20 40 
2
8642 14 16 0
8643 10 16 0
2
21 41 
2
8370 20 14 0
8371 20 12 0
2
38 40 
2
8643 4 16 0
8644 10 16 0
2
39 41 
2
8371 22 8 0
8372 20 12 0
2
42 42 
1
8647 16 16 0
2
40 42 
2
8647 10 16 0
8648 16 16 0
2
42 42 
1
8649 16 16 0
2
20 42 
2
8649 14 16 0
8650 16 16 0
2
42 42 
1
8651 16 16 0
2
40 42 
2
8651 10 16 0
8652 16 16 0
2
42 42 
1
8653 16 16 0
2
43 43 
1
8373 18 14 0
2
41 43 
2
8373 20 12 0
8374 18 14 0
2
43 43 
1
8375 18 14 0
2
21 43 
2
8375 20 14 0
8376 18 14 0
2
43 43 
1
8377 18 14 0
2
41 43 
2
8377 20 12 0
8378 18 14 0
2
43 43 
1
8379 18 14 0
2
42 221 
2
8654 16 16 0
8653 6 22 0
2
43 189 
2
8380 18 14 0
8379 32 8 0
2
42 222 
2
8655 16 16 0
8654 6 14 0
2
42 223 
2
8656 16 16 0
8655 14 12 0
2
40 42 
2
8656 10 16 0
8657 16 16 0
2
41 43 
2
8380 20 12 0
8381 18 14 0
2
42 221 
2
8658 16 16 0
8657 6 22 0
2
43 189 
2
8382 18 14 0
8381 32 8 0
2
42 222 
2
8659 16 16 0
8658 6 14 0
2
43 191 
2
8383 18 14 0
8382 28 4 0
2
42 223 
2
8660 16 16 0
8659 14 12 0
2
20 40 
2
8656 14 16 0
8657 10 16 0
2
21 41 
2
8380 20 14 0
8381 20 12 0
2
18 38 
2
8643 4 18 0
8644 4 16 0
2
19 39 
2
8371 20 8 0
8372 22 8 0
2
36 38 
2
8644 4 22 0
8645 4 16 0
2
37 39 
2
8372 24 4 0
8373 22 8 0
2
40 40 
1
8658 10 16 0
2
38 40 
2
8658 4 16 0
8659 10 16 0
2
40 40 
1
8660 10 16 0
2
18 40 
2
8660 4 18 0
8661 10 16 0
2
40 40 
1
8662 10 16 0
2
38 40 
2
8662 4 16 0
8663 10 16 0
2
40 40 
1
8664 10 16 0
2
41 41 
1
8382 20 12 0
2
39 41 
2
8382 22 8 0
8383 20 12 0
2
41 41 
1
8384 20 12 0
2
19 41 
2
8384 20 8 0
8385 20 12 0
2
41 41 
1
8386 20 12 0
2
39 41 
2
8386 22 8 0
8387 20 12 0
2
41 41 
1
8388 20 12 0
2
42 42 
1
8661 16 16 0
2
40 42 
2
8665 10 16 0
8664 16 16 0
2
42 42 
1
8665 16 16 0
2
20 42 
2
8665 14 16 0
8666 16 16 0
2
42 42 
1
8667 16 16 0
2
40 42 
2
8667 10 16 0
8668 16 16 0
2
42 42 
1
8669 16 16 0
2
43 43 
1
8384 18 14 0
2
41 43 
2
8389 20 12 0
8388 18 14 0
2
43 43 
1
8389 18 14 0
2
21 43 
2
8389 20 14 0
8390 18 14 0
2
43 43 
1
8391 18 14 0
2
41 43 
2
8391 20 12 0
8392 18 14 0
2
43 43 
1
8393 18 14 0
2
42 220 
2
8670 16 16 0
8669 12 24 0
2
43 241 
2
8394 18 14 0
8393 32 22 0
2
42 221 
2
8671 16 16 0
8670 6 22 0
2
42 222 
2
8672 16 16 0
8671 6 14 0
2
42 223 
2
8673 16 16 0
8672 14 12 0
2
42 224 
2
8674 16 16 0
8673 24 12 0
2
42 225 
2
8675 16 16 0
8674 20 18 0
2
42 226 
2
8676 16 16 0
8675 18 32 0
2
42 227 
2
8677 16 16 0
8676 2 12 0
2
42 228 
2
8678 16 16 0
8677 12 2 0
2
42 229 
2
8679 16 16 0
8678 2 16 0
2
42 230 
2
8680 16 16 0
8679 10 8 0
2
42 231 
2
8681 16 16 0
8680 14 30 0
2
42 232 
2
8682 16 16 0
8681 26 22 0
2
42 233 
2
8683 16 16 0
8682 8 22 0
2
42 234 
2
8684 16 16 0
8683 12 22 0
2
42 235 
2
8685 16 16 0
8684 14 24 0
2
42 236 
2
8686 16 16 0
8685 8 10 0
2
42 237 
2
8687 16 16 0
8686 20 28 0
2
42 238 
2
8688 16 16 0
8687 14 10 0
2
42 239 
2
8689 16 16 0
8688 16 20 0
2
42 50 
2
8690 16 16 0
8689 4 12 0
2
40 42 
2
8690 10 16 0
8691 16 16 0
2
41 43 
2
8394 20 12 0
8395 18 14 0
2
42 220 
2
8692 16 16 0
8691 12 24 0
2
43 240 
2
8396 18 14 0
8395 6 4 0
2
42 221 
2
8693 16 16 0
8692 6 22 0
2
42 222 
2
8694 16 16 0
8693 6 14 0
2
42 223 
2
8695 16 16 0
8694 14 12 0
2
42 224 
2
8696 16 16 0
8695 24 12 0
2
42 225 
2
8697 16 16 0
8696 20 18 0
2
42 226 
2
8698 16 16 0
8697 18 32 0
2
42 227 
2
8699 16 16 0
8698 2 12 0
2
42 228 
2
8700 16 16 0
8699 12 2 0
2
42 229 
2
8701 16 16 0
8700 2 16 0
2
42 230 
2
8702 16 16 0
8701 10 8 0
2
42 231 
2
8703 16 16 0
8702 14 30 0
2
42 232 
2
8704 16 16 0
8703 26 22 0
2
42 233 
2
8705 16 16 0
8704 8 22 0
2
42 234 
2
8706 16 16 0
8705 12 22 0
2
42 235 
2
8707 16 16 0
8706 14 24 0
2
42 236 
2
8708 16 16 0
8707 8 10 0
2
42 237 
2
8709 16 16 0
8708 20 28 0
2
42 238 
2
8710 16 16 0
8709 14 10 0
2
42 239 
2
8711 16 16 0
8710 16 20 0
2
42 50 
2
8712 16 16 0
8711 4 12 0
2
20 40 
2
8690 14 16 0
8691 10 16 0
2
21 41 
2
8394 20 14 0
8395 20 12 0
2
38 40 
2
8691 4 16 0
8692 10 16 0
2
39 41 
2
8395 22 8 0
8396 20 12 0
2
42 42 
1
8713 16 16 0
2
40 42 
2
8713 10 16 0
8714 16 16 0
2
42 42 
1
8715 16 16 0
2
20 42 
2
8715 14 16 0
8716 16 16 0
2
42 42 
1
8717 16 16 0
2
40 42 
2
8717 10 16 0
8718 16 16 0
2
42 42 
1
8719 16 16 0
2
43 43 
1
8397 18 14 0
2
41 43 
2
8397 20 12 0
8398 18 14 0
2
43 43 
1
8399 18 14 0
2
21 43 
2
8399 20 14 0
8400 18 14 0
2
43 43 
1
8401 18 14 0
2
41 43 
2
8401 20 12 0
8402 18 14 0
2
43 43 
1
8403 18 14 0
2
42 221 
2
8720 16 16 0
8719 6 22 0
2
43 240 
2
8404 18 14 0
8403 6 4 0
2
42 222 
2
8721 16 16 0
8720 6 14 0
2
43 241 
2
8405 18 14 0
8404 32 22 0
2
42 223 
2
8722 16 16 0
8721 14 12 0
2
42 224 
2
8723 16 16 0
8722 24 12 0
2
42 225 
2
8724 16 16 0
8723 20 18 0
2
42 226 
2
8725 16 16 0
8724 18 32 0
2
42 227 
2
8726 16 16 0
8725 2 12 0
2
42 228 
2
8727 16 16 0
8726 12 2 0
2
42 229 
2
8728 16 16 0
8727 2 16 0
2
42 230 
2
8729 16 16 0
8728 10 8 0
2
42 231 
2
8730 16 16 0
8729 14 30 0
2
42 232 
2
8731 16 16 0
8730 26 22 0
2
42 233 
2
8732 16 16 0
8731 8 22 0
2
42 234 
2
8733 16 16 0
8732 12 22 0
2
42 235 
2
8734 16 16 0
8733 14 24 0
2
42 236 
2
8735 16 16 0
8734 8 10 0
2
42 237 
2
8736 16 16 0
8735 20 28 0
2
42 238 
2
8737 16 16 0
8736 14 10 0
2
42 239 
2
8738 16 16 0
8737 16 20 0
2
42 50 
2
8739 16 16 0
8738 4 12 0
2
42 45 
2
8740 16 16 0
8739 16 2 0
2
40 42 
2
8740 10 16 0
8741 16 16 0
2
41 43 
2
8405 20 12 0
8406 18 14 0
2
42 221 
2
8742 16 16 0
8741 6 22 0
2
43 243 
2
8407 18 14 0
8406 26 28 0
2
42 222 
2
8743 16 16 0
8742 6 14 0
2
42 223 
2
8744 16 16 0
8743 14 12 0
2
42 224 
2
8745 16 16 0
8744 24 12 0
2
42 225 
2
8746 16 16 0
8745 20 18 0
2
42 226 
2
8747 16 16 0
8746 18 32 0
2
42 227 
2
8748 16 16 0
8747 2 12 0
2
42 228 
2
8749 16 16 0
8748 12 2 0
2
42 229 
2
8750 16 16 0
8749 2 16 0
2
42 230 
2
8751 16 16 0
8750 10 8 0
2
42 231 
2
8752 16 16 0
8751 14 30 0
2
42 232 
2
8753 16 16 0
8752 26 22 0
2
42 233 
2
8754 16 16 0
8753 8 22 0
2
42 234 
2
8755 16 16 0
8754 12 22 0
2
42 235 
2
8756 16 16 0
8755 14 24 0
2
42 236 
2
8757 16 16 0
8756 8 10 0
2
42 237 
2
8758 16 16 0
8757 20 28 0
2
42 238 
2
8759 16 16 0
8758 14 10 0
2
42 239 
2
8760 16 16 0
8759 16 20 0
2
42 50 
2
8761 16 16 0
8760 4 12 0
2
42 45 
2
8762 16 16 0
8761 16 2 0
2
20 40 
2
8740 14 16 0
8741 10 16 0
2
21 41 
2
8405 20 14 0
8406 20 12 0
2
18 38 
2
8691 4 18 0
8692 4 16 0
2
19 39 
2
8395 20 8 0
8396 22 8 0
2
16 36 
2
8644 4 24 0
8645 4 22 0
2
17 37 
2
8372 26 4 0
8373 24 4 0
2
14 34 
2
8515 4 26 0
8516 2 24 0
2
15 35 
2
8322 26 2 0
8323 28 2 0
2
32 34 
2
8516 2 28 0
8517 2 24 0
2
33 35 
2
8323 32 2 0
8324 28 2 0
2
36 36 
1
8646 4 22 0
2
34 36 
2
8646 2 24 0
8647 4 22 0
2
36 36 
1
8648 4 22 0
2
14 36 
2
8648 4 26 0
8649 4 22 0
2
36 36 
1
8650 4 22 0
2
34 36 
2
8650 2 24 0
8651 4 22 0
2
36 36 
1
8652 4 22 0
2
37 37 
1
8374 24 4 0
2
35 37 
2
8374 28 2 0
8375 24 4 0
2
37 37 
1
8376 24 4 0
2
15 37 
2
8376 26 2 0
8377 24 4 0
2
37 37 
1
8378 24 4 0
2
35 37 
2
8378 28 2 0
8379 24 4 0
2
37 37 
1
8380 24 4 0
2
38 38 
1
8693 4 16 0
2
36 38 
2
8693 4 22 0
8694 4 16 0
2
38 38 
1
8695 4 16 0
2
16 38 
2
8695 4 24 0
8696 4 16 0
2
38 38 
1
8697 4 16 0
2
36 38 
2
8697 4 22 0
8698 4 16 0
2
38 38 
1
8699 4 16 0
2
39 39 
1
8397 22 8 0
2
37 39 
2
8397 24 4 0
8398 22 8 0
2
39 39 
1
8399 22 8 0
2
17 39 
2
8399 26 4 0
8400 22 8 0
2
39 39 
1
8401 22 8 0
2
37 39 
2
8401 24 4 0
8402 22 8 0
2
39 39 
1
8403 22 8 0
2
40 40 
1
8742 10 16 0
2
38 40 
2
8742 4 16 0
8743 10 16 0
2
40 40 
1
8744 10 16 0
2
18 40 
2
8744 4 18 0
8745 10 16 0
2
40 40 
1
8746 10 16 0
2
38 40 
2
8746 4 16 0
8747 10 16 0
2
40 40 
1
8748 10 16 0
2
41 41 
1
8407 20 12 0
2
39 41 
2
8407 22 8 0
8408 20 12 0
2
41 41 
1
8409 20 12 0
2
19 41 
2
8409 20 8 0
8410 20 12 0
2
41 41 
1
8411 20 12 0
2
39 41 
2
8411 22 8 0
8412 20 12 0
2
41 41 
1
8413 20 12 0
2
42 42 
1
8763 16 16 0
2
40 42 
2
8763 10 16 0
8764 16 16 0
2
42 42 
1
8765 16 16 0
2
20 42 
2
8765 14 16 0
8766 16 16 0
2
42 42 
1
8767 16 16 0
2
40 42 
2
8767 10 16 0
8768 16 16 0
2
42 42 
1
8769 16 16 0
2
43 43 
1
8408 18 14 0
2
41 43 
2
8414 20 12 0
8413 18 14 0
2
43 43 
1
8414 18 14 0
2
21 43 
2
8414 20 14 0
8415 18 14 0
2
43 43 
1
8416 18 14 0
2
41 43 
2
8416 20 12 0
8417 18 14 0
2
43 43 
1
8418 18 14 0
2
42 50 
2
8770 16 16 0
8769 4 12 0
2
43 242 
2
8419 18 14 0
8418 4 6 0
2
42 45 
2
8771 16 16 0
8770 16 2 0
2
42 47 
2
8772 16 16 0
8771 26 12 0
2
40 42 
2
8772 10 16 0
8773 16 16 0
2
41 43 
2
8419 20 12 0
8420 18 14 0
2
42 50 
2
8774 16 16 0
8773 4 12 0
2
43 242 
2
8421 18 14 0
8420 4 6 0
2
42 45 
2
8775 16 16 0
8774 16 2 0
2
43 243 
2
8422 18 14 0
8421 26 28 0
2
42 47 
2
8776 16 16 0
8775 26 12 0
2
20 40 
2
8772 14 16 0
8773 10 16 0
2
21 41 
2
8419 20 14 0
8420 20 12 0
2
18 38 
2
8746 4 18 0
8747 4 16 0
2
19 39 
2
8411 20 8 0
8412 22 8 0
2
16 36 
2
8697 4 24 0
8698 4 22 0
2
17 37 
2
8401 26 4 0
8402 24 4 0
2
14 34 
2
8650 4 26 0
8651 2 24 0
2
15 35 
2
8378 26 2 0
8379 28 2 0
2
12 32 
2
8516 2 26 0
8517 2 28 0
2
13 33 
2
8323 30 2 0
8324 32 2 0
2
10 30 
2
8020 6 28 0
8021 4 28 0
2
11 31 
2
7161 32 4 0
7162 32 6 0
2
8 28 
2
7501 6 30 0
7502 4 30 0
2
9 29 
2
6963 32 24 0
6964 32 26 0
2
6 26 
2
6514 6 32 0
6515 2 30 0
2
7 27 
2
6496 28 30 0
6497 32 28 0
2
4 24 
2
4505 8 32 0
4506 2 32 0
2
5 25 
2
4524 26 32 0
4525 30 30 0
2
2 22 
2
63 24 32 0
64 4 32 0
2
3 23 
2
63 26 30 0
64 32 30 0
2
1 23 
2
64 30 32 0
65 32 30 0
2
0 22 
2
64 10 32 0
65 4 32 0
2
0 1 
2
65 10 32 0
65 30 32 0
2
2 3 
2
64 24 32 0
64 26 30 0
2
4 5 
2
4524 8 32 0
4525 26 32 0
2
6 7 
2
6515 6 32 0
6514 28 30 0
2
8 9 
2
7502 6 30 0
7501 32 24 0
2
10 11 
2
8021 6 28 0
8020 32 4 0
2
12 13 
2
8517 2 26 0
8516 30 2 0
2
14 15 
2
8651 4 26 0
8650 26 2 0
2
16 17 
2
8698 4 24 0
8697 26 4 0
2
18 19 
2
8747 4 18 0
8746 20 8 0
2
20 21 
2
8773 14 16 0
8772 20 14 0
