35 35 1
244 68
10 32 0
30 32 0
24 32 0
26 30 0
8 32 0
26 32 0
6 32 0
28 30 0
6 30 0
32 24 0
6 28 0
32 4 0
2 26 0
30 2 0
4 26 0
26 2 0
4 24 0
26 4 0
4 18 0
20 8 0
14 16 0
20 14 0
4 32 0
32 30 0
2 32 0
30 30 0
2 30 0
32 28 0
4 30 0
32 26 0
4 28 0
32 6 0
2 28 0
32 2 0
2 24 0
28 2 0
4 22 0
24 4 0
4 16 0
22 8 0
10 16 0
20 12 0
16 16 0
18 14 0
30 26 0
16 2 0
28 26 0
26 12 0
22 32 0
32 14 0
4 12 0
12 32 0
18 4 0
18 8 0
24 6 0
24 2 0
32 18 0
22 28 0
10 10 0
28 16 0
16 8 0
18 30 0
20 24 0
16 12 0
16 6 0
10 6 0
18 22 0
18 28 0
18 12 0
6 26 0
8 2 0
8 28 0
8 30 0
2 22 0
8 26 0
10 30 0
6 24 0
14 32 0
10 28 0
2 20 0
24 28 0
6 6 0
28 22 0
10 4 0
28 24 0
30 20 0
6 10 0
22 14 0
12 4 0
24 14 0
20 10 0
28 8 0
32 12 0
20 2 0
8 6 0
6 12 0
16 4 0
12 14 0
22 16 0
18 24 0
12 10 0
18 18 0
14 8 0
14 6 0
22 26 0
20 16 0
24 20 0
30 16 0
28 10 0
26 10 0
6 20 0
18 6 0
30 14 0
22 4 0
30 10 0
2 10 0
8 8 0
12 8 0
12 12 0
22 18 0
28 20 0
8 14 0
12 6 0
22 20 0
20 26 0
12 16 0
16 10 0
12 18 0
16 14 0
28 12 0
22 6 0
28 14 0
8 16 0
10 12 0
16 30 0
10 26 0
16 26 0
16 28 0
10 20 0
12 26 0
14 18 0
14 20 0
8 12 0
22 24 0
24 18 0
22 10 0
30 12 0
4 8 0
12 30 0
20 6 0
24 8 0
22 2 0
22 30 0
24 26 0
28 18 0
22 22 0
26 18 0
24 16 0
4 14 0
14 4 0
10 14 0
14 2 0
30 18 0
24 22 0
26 20 0
4 20 0
20 22 0
22 12 0
24 10 0
18 2 0
26 14 0
20 4 0
26 8 0
26 6 0
20 32 0
6 8 0
20 30 0
8 4 0
10 2 0
30 22 0
26 26 0
32 20 0
32 10 0
2 8 0
30 8 0
24 30 0
28 6 0
12 28 0
30 6 0
32 8 0
26 16 0
28 4 0
18 26 0
6 16 0
14 22 0
10 22 0
8 18 0
16 22 0
16 18 0
14 28 0
10 18 0
18 20 0
14 14 0
2 14 0
20 20 0
18 10 0
26 24 0
4 10 0
32 16 0
2 18 0
8 24 0
6 18 0
16 24 0
16 32 0
12 20 0
18 16 0
8 20 0
14 26 0
10 24 0
24 24 0
12 24 0
6 22 0
6 14 0
14 12 0
24 12 0
20 18 0
18 32 0
2 12 0
12 2 0
2 16 0
10 8 0
14 30 0
26 22 0
8 22 0
12 22 0
14 24 0
8 10 0
20 28 0
14 10 0
16 20 0
6 4 0
32 22 0
4 6 0
26 28 0
34 34 0
34 32 0
34 30 0
34 28 0
34 26 0
34 24 0
34 22 0
34 20 0
34 18 0
34 16 0
34 14 0
34 12 0
34 10 0
34 8 0
34 6 0
34 4 0
34 2 0
34 0 0
32 34 0
32 0 0
30 34 0
30 0 0
28 34 0
28 0 0
26 34 0
26 0 0
24 34 0
24 0 0
22 34 0
22 0 0
20 34 0
20 0 0
18 34 0
18 0 0
16 34 0
16 0 0
14 34 0
14 0 0
12 34 0
12 0 0
10 34 0
10 0 0
8 34 0
8 0 0
6 34 0
6 0 0
4 34 0
4 0 0
2 34 0
2 0 0
0 34 0
0 32 0
0 30 0
0 28 0
0 26 0
0 24 0
0 22 0
0 20 0
0 18 0
0 16 0
0 14 0
0 12 0
0 10 0
0 8 0
0 6 0
0 4 0
0 2 0
0 0 0
19460 8777
2
0 1 
2
0 10 32 0
0 30 32 0
2
2 3 
2
0 24 32 0
0 26 30 0
2
4 5 
2
0 8 32 0
0 26 32 0
2
6 7 
2
0 6 32 0
0 28 30 0
2
8 9 
2
0 6 30 0
0 32 24 0
2
10 11 
2
0 6 28 0
0 32 4 0
2
12 13 
2
0 2 26 0
0 30 2 0
2
14 15 
2
0 4 26 0
0 26 2 0
2
16 17 
2
0 4 24 0
0 26 4 0
2
18 19 
2
0 4 18 0
0 20 8 0
2
20 21 
2
0 14 16 0
0 20 14 0
2
0 22 
2
1 10 32 0
0 4 32 0
2
1 23 
2
1 30 32 0
0 32 30 0
2
244 24 
2
2 34 34 0
1 2 32 0
2
22 24 
2
1 4 32 0
2 2 32 0
2
264 24 
2
2 30 34 0
3 2 32 0
2
2 24 
2
3 24 32 0
4 2 32 0
2
244 24 
2
5 34 34 0
5 2 32 0
2
22 24 
2
5 4 32 0
6 2 32 0
2
246 24 
2
6 34 30 0
7 2 32 0
2
254 25 
2
2 34 14 0
1 30 30 0
2
23 25 
2
1 32 30 0
2 30 30 0
2
265 25 
2
2 30 0 0
3 30 30 0
2
3 25 
2
3 26 30 0
4 30 30 0
2
245 25 
2
5 34 32 0
5 30 30 0
2
23 25 
2
5 32 30 0
6 30 30 0
2
247 25 
2
6 34 28 0
7 30 30 0
2
245 26 
2
2 34 32 0
1 2 30 0
2
24 26 
2
8 2 32 0
7 2 30 0
2
244 26 
2
8 34 34 0
8 2 30 0
2
4 26 
2
8 8 32 0
9 2 30 0
2
246 26 
2
9 34 30 0
10 2 30 0
2
24 26 
2
10 2 32 0
11 2 30 0
2
244 26 
2
11 34 34 0
12 2 30 0
2
255 27 
2
2 34 12 0
1 32 28 0
2
25 27 
2
8 30 30 0
7 32 28 0
2
245 27 
2
8 34 32 0
8 32 28 0
2
5 27 
2
8 26 32 0
9 32 28 0
2
247 27 
2
9 34 28 0
10 32 28 0
2
25 27 
2
10 30 30 0
11 32 28 0
2
245 27 
2
11 34 32 0
12 32 28 0
2
246 28 
2
2 34 30 0
1 4 30 0
2
26 28 
2
13 2 30 0
12 4 30 0
2
246 28 
2
12 34 30 0
13 4 30 0
2
6 28 
2
13 6 32 0
14 4 30 0
2
244 28 
2
14 34 34 0
15 4 30 0
2
26 28 
2
15 2 30 0
16 4 30 0
2
244 28 
2
17 34 34 0
17 4 30 0
2
256 29 
2
2 34 10 0
1 32 26 0
2
27 29 
2
13 32 28 0
12 32 26 0
2
247 29 
2
12 34 28 0
13 32 26 0
2
7 29 
2
13 28 30 0
14 32 26 0
2
245 29 
2
14 34 32 0
15 32 26 0
2
27 29 
2
15 32 28 0
16 32 26 0
2
245 29 
2
17 34 32 0
17 32 26 0
2
247 30 
2
2 34 28 0
1 4 28 0
2
28 30 
2
18 4 30 0
17 4 28 0
2
246 30 
2
17 34 30 0
18 4 28 0
2
8 30 
2
18 6 30 0
19 4 28 0
2
244 30 
2
20 34 34 0
20 4 28 0
2
28 30 
2
20 4 30 0
21 4 28 0
2
246 30 
2
21 34 30 0
22 4 28 0
2
257 31 
2
2 34 8 0
1 32 6 0
2
29 31 
2
18 32 26 0
17 32 6 0
2
247 31 
2
17 34 28 0
18 32 6 0
2
9 31 
2
18 32 24 0
19 32 6 0
2
245 31 
2
20 34 32 0
20 32 6 0
2
29 31 
2
20 32 26 0
21 32 6 0
2
247 31 
2
21 34 28 0
22 32 6 0
2
248 32 
2
2 34 26 0
1 2 28 0
2
30 32 
2
23 4 28 0
22 2 28 0
2
244 32 
2
23 34 34 0
23 2 28 0
2
10 32 
2
23 6 28 0
24 2 28 0
2
246 32 
2
24 34 30 0
25 2 28 0
2
30 32 
2
25 4 28 0
26 2 28 0
2
244 32 
2
26 34 34 0
27 2 28 0
2
258 33 
2
2 34 6 0
1 32 2 0
2
31 33 
2
23 32 6 0
22 32 2 0
2
245 33 
2
23 34 32 0
23 32 2 0
2
11 33 
2
23 32 4 0
24 32 2 0
2
247 33 
2
24 34 28 0
25 32 2 0
2
31 33 
2
25 32 6 0
26 32 2 0
2
245 33 
2
26 34 32 0
27 32 2 0
2
249 34 
2
2 34 24 0
1 2 24 0
2
32 34 
2
28 2 28 0
27 2 24 0
2
246 34 
2
27 34 30 0
28 2 24 0
2
12 34 
2
28 2 26 0
29 2 24 0
2
244 34 
2
29 34 34 0
30 2 24 0
2
32 34 
2
30 2 28 0
31 2 24 0
2
244 34 
2
32 34 34 0
32 2 24 0
2
259 35 
2
2 34 4 0
1 28 2 0
2
33 35 
2
28 32 2 0
27 28 2 0
2
247 35 
2
27 34 28 0
28 28 2 0
2
13 35 
2
28 30 2 0
29 28 2 0
2
245 35 
2
29 34 32 0
30 28 2 0
2
33 35 
2
30 32 2 0
31 28 2 0
2
245 35 
2
32 34 32 0
32 28 2 0
2
250 36 
2
2 34 22 0
1 4 22 0
2
34 36 
2
33 2 24 0
32 4 22 0
2
246 36 
2
32 34 30 0
33 4 22 0
2
14 36 
2
33 4 26 0
34 4 22 0
2
244 36 
2
35 34 34 0
35 4 22 0
2
34 36 
2
35 2 24 0
36 4 22 0
2
246 36 
2
36 34 30 0
37 4 22 0
2
260 37 
2
2 34 2 0
1 24 4 0
2
35 37 
2
33 28 2 0
32 24 4 0
2
247 37 
2
32 34 28 0
33 24 4 0
2
15 37 
2
33 26 2 0
34 24 4 0
2
245 37 
2
35 34 32 0
35 24 4 0
2
35 37 
2
35 28 2 0
36 24 4 0
2
247 37 
2
36 34 28 0
37 24 4 0
2
251 38 
2
2 34 20 0
1 4 16 0
2
36 38 
2
38 4 22 0
37 4 16 0
2
244 38 
2
38 34 34 0
38 4 16 0
2
16 38 
2
38 4 24 0
39 4 16 0
2
246 38 
2
39 34 30 0
40 4 16 0
2
36 38 
2
40 4 22 0
41 4 16 0
2
244 38 
2
41 34 34 0
42 4 16 0
2
261 39 
2
2 34 0 0
1 22 8 0
2
37 39 
2
38 24 4 0
37 22 8 0
2
245 39 
2
38 34 32 0
38 22 8 0
2
17 39 
2
38 26 4 0
39 22 8 0
2
247 39 
2
39 34 28 0
40 22 8 0
2
37 39 
2
40 24 4 0
41 22 8 0
2
245 39 
2
41 34 32 0
42 22 8 0
2
252 40 
2
2 34 18 0
1 10 16 0
2
38 40 
2
43 4 16 0
42 10 16 0
2
246 40 
2
42 34 30 0
43 10 16 0
2
18 40 
2
43 4 18 0
44 10 16 0
2
244 40 
2
44 34 34 0
45 10 16 0
2
38 40 
2
45 4 16 0
46 10 16 0
2
244 40 
2
47 34 34 0
47 10 16 0
2
262 41 
2
2 32 34 0
1 20 12 0
2
39 41 
2
43 22 8 0
42 20 12 0
2
247 41 
2
42 34 28 0
43 20 12 0
2
19 41 
2
43 20 8 0
44 20 12 0
2
245 41 
2
44 34 32 0
45 20 12 0
2
39 41 
2
45 22 8 0
46 20 12 0
2
245 41 
2
47 34 32 0
47 20 12 0
2
253 42 
2
2 34 16 0
1 16 16 0
2
40 42 
2
48 10 16 0
47 16 16 0
2
246 42 
2
47 34 30 0
48 16 16 0
2
20 42 
2
48 14 16 0
49 16 16 0
2
244 42 
2
50 34 34 0
50 16 16 0
2
40 42 
2
50 10 16 0
51 16 16 0
2
246 42 
2
51 34 30 0
52 16 16 0
2
263 43 
2
2 32 0 0
1 18 14 0
2
41 43 
2
48 20 12 0
47 18 14 0
2
247 43 
2
47 34 28 0
48 18 14 0
2
21 43 
2
48 20 14 0
49 18 14 0
2
245 43 
2
50 34 32 0
50 18 14 0
2
41 43 
2
50 20 12 0
51 18 14 0
2
247 43 
2
51 34 28 0
52 18 14 0
2
42 44 
2
53 16 16 0
52 30 26 0
2
43 45 
2
53 18 14 0
52 16 2 0
2
42 46 
2
54 16 16 0
53 28 26 0
2
43 47 
2
54 18 14 0
53 26 12 0
2
42 48 
2
55 16 16 0
54 22 32 0
2
43 49 
2
55 18 14 0
54 32 14 0
2
40 42 
2
55 10 16 0
56 16 16 0
2
41 43 
2
55 20 12 0
56 18 14 0
2
42 44 
2
57 16 16 0
56 30 26 0
2
43 45 
2
57 18 14 0
56 16 2 0
2
42 46 
2
58 16 16 0
57 28 26 0
2
43 47 
2
58 18 14 0
57 26 12 0
2
42 48 
2
59 16 16 0
58 22 32 0
2
43 49 
2
59 18 14 0
58 32 14 0
2
20 40 
2
55 14 16 0
56 10 16 0
2
21 41 
2
55 20 14 0
56 20 12 0
2
38 40 
2
56 4 16 0
57 10 16 0
2
39 41 
2
56 22 8 0
57 20 12 0
2
244 42 
2
59 34 34 0
60 16 16 0
2
40 42 
2
60 10 16 0
61 16 16 0
2
244 42 
2
62 34 34 0
62 16 16 0
2
20 42 
2
62 14 16 0
63 16 16 0
2
246 42 
2
63 34 30 0
64 16 16 0
2
40 42 
2
64 10 16 0
65 16 16 0
2
244 42 
2
65 34 34 0
66 16 16 0
2
245 43 
2
59 34 32 0
60 18 14 0
2
41 43 
2
60 20 12 0
61 18 14 0
2
245 43 
2
62 34 32 0
62 18 14 0
2
21 43 
2
62 20 14 0
63 18 14 0
2
247 43 
2
63 34 28 0
64 18 14 0
2
41 43 
2
64 20 12 0
65 18 14 0
2
245 43 
2
65 34 32 0
66 18 14 0
2
42 46 
2
67 16 16 0
66 28 26 0
2
43 50 
2
67 18 14 0
66 4 12 0
2
42 48 
2
68 16 16 0
67 22 32 0
2
43 45 
2
68 18 14 0
67 16 2 0
2
42 51 
2
69 16 16 0
68 12 32 0
2
43 47 
2
69 18 14 0
68 26 12 0
2
43 49 
2
70 18 14 0
69 32 14 0
2
43 52 
2
71 18 14 0
70 18 4 0
2
43 53 
2
72 18 14 0
71 18 8 0
2
43 54 
2
73 18 14 0
72 24 6 0
2
43 55 
2
74 18 14 0
73 24 2 0
2
43 56 
2
75 18 14 0
74 32 18 0
2
43 57 
2
76 18 14 0
75 22 28 0
2
43 58 
2
77 18 14 0
76 10 10 0
2
43 59 
2
78 18 14 0
77 28 16 0
2
43 60 
2
79 18 14 0
78 16 8 0
2
43 61 
2
80 18 14 0
79 18 30 0
2
43 62 
2
81 18 14 0
80 20 24 0
2
43 63 
2
82 18 14 0
81 16 12 0
2
43 64 
2
83 18 14 0
82 16 6 0
2
43 65 
2
84 18 14 0
83 10 6 0
2
43 66 
2
85 18 14 0
84 18 22 0
2
43 67 
2
86 18 14 0
85 18 28 0
2
43 68 
2
87 18 14 0
86 18 12 0
2
40 42 
2
69 10 16 0
70 16 16 0
2
41 43 
2
87 20 12 0
88 18 14 0
2
42 46 
2
71 16 16 0
70 28 26 0
2
43 50 
2
89 18 14 0
88 4 12 0
2
42 48 
2
72 16 16 0
71 22 32 0
2
43 45 
2
90 18 14 0
89 16 2 0
2
42 51 
2
73 16 16 0
72 12 32 0
2
43 47 
2
91 18 14 0
90 26 12 0
2
43 49 
2
92 18 14 0
91 32 14 0
2
43 52 
2
93 18 14 0
92 18 4 0
2
43 53 
2
94 18 14 0
93 18 8 0
2
43 54 
2
95 18 14 0
94 24 6 0
2
43 55 
2
96 18 14 0
95 24 2 0
2
43 56 
2
97 18 14 0
96 32 18 0
2
43 57 
2
98 18 14 0
97 22 28 0
2
43 58 
2
99 18 14 0
98 10 10 0
2
43 59 
2
100 18 14 0
99 28 16 0
2
43 60 
2
101 18 14 0
100 16 8 0
2
43 61 
2
102 18 14 0
101 18 30 0
2
43 62 
2
103 18 14 0
102 20 24 0
2
43 63 
2
104 18 14 0
103 16 12 0
2
43 64 
2
105 18 14 0
104 16 6 0
2
43 65 
2
106 18 14 0
105 10 6 0
2
43 66 
2
107 18 14 0
106 18 22 0
2
43 67 
2
108 18 14 0
107 18 28 0
2
43 68 
2
109 18 14 0
108 18 12 0
2
20 40 
2
69 14 16 0
70 10 16 0
2
21 41 
2
87 20 14 0
88 20 12 0
2
18 38 
2
56 4 18 0
57 4 16 0
2
19 39 
2
56 20 8 0
57 22 8 0
2
36 38 
2
57 4 22 0
58 4 16 0
2
37 39 
2
57 24 4 0
58 22 8 0
2
244 40 
2
70 34 34 0
71 10 16 0
2
38 40 
2
71 4 16 0
72 10 16 0
2
244 40 
2
73 34 34 0
73 10 16 0
2
18 40 
2
73 4 18 0
74 10 16 0
2
246 40 
2
74 34 30 0
75 10 16 0
2
38 40 
2
75 4 16 0
76 10 16 0
2
244 40 
2
76 34 34 0
77 10 16 0
2
244 41 
2
88 34 34 0
89 20 12 0
2
39 41 
2
89 22 8 0
90 20 12 0
2
244 41 
2
91 34 34 0
91 20 12 0
2
19 41 
2
91 20 8 0
92 20 12 0
2
245 41 
2
92 34 32 0
93 20 12 0
2
39 41 
2
93 22 8 0
94 20 12 0
2
244 41 
2
94 34 34 0
95 20 12 0
2
245 42 
2
73 34 32 0
74 16 16 0
2
40 42 
2
78 10 16 0
77 16 16 0
2
245 42 
2
77 34 32 0
78 16 16 0
2
20 42 
2
78 14 16 0
79 16 16 0
2
244 42 
2
79 34 34 0
80 16 16 0
2
40 42 
2
80 10 16 0
81 16 16 0
2
244 42 
2
82 34 34 0
82 16 16 0
2
246 43 
2
109 34 30 0
110 18 14 0
2
41 43 
2
110 20 12 0
111 18 14 0
2
245 43 
2
112 34 32 0
112 18 14 0
2
21 43 
2
112 20 14 0
113 18 14 0
2
244 43 
2
114 34 34 0
114 18 14 0
2
41 43 
2
114 20 12 0
115 18 14 0
2
245 43 
2
115 34 32 0
116 18 14 0
2
42 44 
2
83 16 16 0
82 30 26 0
2
43 45 
2
117 18 14 0
116 16 2 0
2
42 46 
2
84 16 16 0
83 28 26 0
2
43 47 
2
118 18 14 0
117 26 12 0
2
42 48 
2
85 16 16 0
84 22 32 0
2
43 49 
2
119 18 14 0
118 32 14 0
2
42 51 
2
86 16 16 0
85 12 32 0
2
43 52 
2
120 18 14 0
119 18 4 0
2
42 69 
2
87 16 16 0
86 6 26 0
2
43 53 
2
121 18 14 0
120 18 8 0
2
42 70 
2
88 16 16 0
87 8 2 0
2
43 54 
2
122 18 14 0
121 24 6 0
2
42 71 
2
89 16 16 0
88 8 28 0
2
43 55 
2
123 18 14 0
122 24 2 0
2
42 72 
2
90 16 16 0
89 8 30 0
2
43 56 
2
124 18 14 0
123 32 18 0
2
42 73 
2
91 16 16 0
90 2 22 0
2
43 57 
2
125 18 14 0
124 22 28 0
2
42 74 
2
92 16 16 0
91 8 26 0
2
43 58 
2
126 18 14 0
125 10 10 0
2
42 75 
2
93 16 16 0
92 10 30 0
2
43 59 
2
127 18 14 0
126 28 16 0
2
42 76 
2
94 16 16 0
93 6 24 0
2
43 60 
2
128 18 14 0
127 16 8 0
2
42 77 
2
95 16 16 0
94 14 32 0
2
43 61 
2
129 18 14 0
128 18 30 0
2
42 78 
2
96 16 16 0
95 10 28 0
2
43 62 
2
130 18 14 0
129 20 24 0
2
42 79 
2
97 16 16 0
96 2 20 0
2
43 63 
2
131 18 14 0
130 16 12 0
2
42 80 
2
98 16 16 0
97 24 28 0
2
43 64 
2
132 18 14 0
131 16 6 0
2
42 81 
2
99 16 16 0
98 6 6 0
2
43 65 
2
133 18 14 0
132 10 6 0
2
42 82 
2
100 16 16 0
99 28 22 0
2
43 66 
2
134 18 14 0
133 18 22 0
2
42 83 
2
101 16 16 0
100 10 4 0
2
43 67 
2
135 18 14 0
134 18 28 0
2
42 84 
2
102 16 16 0
101 28 24 0
2
43 68 
2
136 18 14 0
135 18 12 0
2
42 85 
2
103 16 16 0
102 30 20 0
2
43 86 
2
137 18 14 0
136 6 10 0
2
40 42 
2
103 10 16 0
104 16 16 0
2
41 43 
2
137 20 12 0
138 18 14 0
2
42 44 
2
105 16 16 0
104 30 26 0
2
43 45 
2
139 18 14 0
138 16 2 0
2
42 46 
2
106 16 16 0
105 28 26 0
2
43 47 
2
140 18 14 0
139 26 12 0
2
42 48 
2
107 16 16 0
106 22 32 0
2
43 49 
2
141 18 14 0
140 32 14 0
2
42 51 
2
108 16 16 0
107 12 32 0
2
43 52 
2
142 18 14 0
141 18 4 0
2
42 69 
2
109 16 16 0
108 6 26 0
2
43 53 
2
143 18 14 0
142 18 8 0
2
42 70 
2
110 16 16 0
109 8 2 0
2
43 54 
2
144 18 14 0
143 24 6 0
2
42 71 
2
111 16 16 0
110 8 28 0
2
43 55 
2
145 18 14 0
144 24 2 0
2
42 72 
2
112 16 16 0
111 8 30 0
2
43 56 
2
146 18 14 0
145 32 18 0
2
42 73 
2
113 16 16 0
112 2 22 0
2
43 57 
2
147 18 14 0
146 22 28 0
2
42 74 
2
114 16 16 0
113 8 26 0
2
43 58 
2
148 18 14 0
147 10 10 0
2
42 75 
2
115 16 16 0
114 10 30 0
2
43 59 
2
149 18 14 0
148 28 16 0
2
42 76 
2
116 16 16 0
115 6 24 0
2
43 60 
2
150 18 14 0
149 16 8 0
2
42 77 
2
117 16 16 0
116 14 32 0
2
43 61 
2
151 18 14 0
150 18 30 0
2
42 78 
2
118 16 16 0
117 10 28 0
2
43 62 
2
152 18 14 0
151 20 24 0
2
42 79 
2
119 16 16 0
118 2 20 0
2
43 63 
2
153 18 14 0
152 16 12 0
2
42 80 
2
120 16 16 0
119 24 28 0
2
43 64 
2
154 18 14 0
153 16 6 0
2
42 81 
2
121 16 16 0
120 6 6 0
2
43 65 
2
155 18 14 0
154 10 6 0
2
42 82 
2
122 16 16 0
121 28 22 0
2
43 66 
2
156 18 14 0
155 18 22 0
2
42 83 
2
123 16 16 0
122 10 4 0
2
43 67 
2
157 18 14 0
156 18 28 0
2
42 84 
2
124 16 16 0
123 28 24 0
2
43 68 
2
158 18 14 0
157 18 12 0
2
42 85 
2
125 16 16 0
124 30 20 0
2
43 86 
2
159 18 14 0
158 6 10 0
2
20 40 
2
103 14 16 0
104 10 16 0
2
21 41 
2
137 20 14 0
138 20 12 0
2
38 40 
2
104 4 16 0
105 10 16 0
2
39 41 
2
138 22 8 0
139 20 12 0
2
244 42 
2
125 34 34 0
126 16 16 0
2
40 42 
2
126 10 16 0
127 16 16 0
2
244 42 
2
128 34 34 0
128 16 16 0
2
20 42 
2
128 14 16 0
129 16 16 0
2
245 42 
2
129 34 32 0
130 16 16 0
2
40 42 
2
130 10 16 0
131 16 16 0
2
244 42 
2
131 34 34 0
132 16 16 0
2
244 43 
2
160 34 34 0
160 18 14 0
2
41 43 
2
160 20 12 0
161 18 14 0
2
246 43 
2
161 34 30 0
162 18 14 0
2
21 43 
2
162 20 14 0
163 18 14 0
2
244 43 
2
163 34 34 0
164 18 14 0
2
41 43 
2
164 20 12 0
165 18 14 0
2
244 43 
2
166 34 34 0
166 18 14 0
2
42 46 
2
133 16 16 0
132 28 26 0
2
43 68 
2
167 18 14 0
166 18 12 0
2
42 48 
2
134 16 16 0
133 22 32 0
2
43 86 
2
168 18 14 0
167 6 10 0
2
42 51 
2
135 16 16 0
134 12 32 0
2
43 87 
2
169 18 14 0
168 22 14 0
2
42 69 
2
136 16 16 0
135 6 26 0
2
42 70 
2
137 16 16 0
136 8 2 0
2
42 71 
2
138 16 16 0
137 8 28 0
2
42 72 
2
139 16 16 0
138 8 30 0
2
42 73 
2
140 16 16 0
139 2 22 0
2
42 74 
2
141 16 16 0
140 8 26 0
2
42 75 
2
142 16 16 0
141 10 30 0
2
42 76 
2
143 16 16 0
142 6 24 0
2
42 77 
2
144 16 16 0
143 14 32 0
2
42 78 
2
145 16 16 0
144 10 28 0
2
42 79 
2
146 16 16 0
145 2 20 0
2
42 80 
2
147 16 16 0
146 24 28 0
2
42 81 
2
148 16 16 0
147 6 6 0
2
42 82 
2
149 16 16 0
148 28 22 0
2
42 83 
2
150 16 16 0
149 10 4 0
2
42 84 
2
151 16 16 0
150 28 24 0
2
42 85 
2
152 16 16 0
151 30 20 0
2
42 88 
2
153 16 16 0
152 12 4 0
2
40 42 
2
153 10 16 0
154 16 16 0
2
41 43 
2
169 20 12 0
170 18 14 0
2
42 46 
2
155 16 16 0
154 28 26 0
2
43 68 
2
171 18 14 0
170 18 12 0
2
42 48 
2
156 16 16 0
155 22 32 0
2
43 86 
2
172 18 14 0
171 6 10 0
2
42 51 
2
157 16 16 0
156 12 32 0
2
43 87 
2
173 18 14 0
172 22 14 0
2
42 69 
2
158 16 16 0
157 6 26 0
2
42 70 
2
159 16 16 0
158 8 2 0
2
42 71 
2
160 16 16 0
159 8 28 0
2
42 72 
2
161 16 16 0
160 8 30 0
2
42 73 
2
162 16 16 0
161 2 22 0
2
42 74 
2
163 16 16 0
162 8 26 0
2
42 75 
2
164 16 16 0
163 10 30 0
2
42 76 
2
165 16 16 0
164 6 24 0
2
42 77 
2
166 16 16 0
165 14 32 0
2
42 78 
2
167 16 16 0
166 10 28 0
2
42 79 
2
168 16 16 0
167 2 20 0
2
42 80 
2
169 16 16 0
168 24 28 0
2
42 81 
2
170 16 16 0
169 6 6 0
2
42 82 
2
171 16 16 0
170 28 22 0
2
42 83 
2
172 16 16 0
171 10 4 0
2
42 84 
2
173 16 16 0
172 28 24 0
2
42 85 
2
174 16 16 0
173 30 20 0
2
42 88 
2
175 16 16 0
174 12 4 0
2
20 40 
2
153 14 16 0
154 10 16 0
2
21 41 
2
169 20 14 0
170 20 12 0
2
18 38 
2
104 4 18 0
105 4 16 0
2
19 39 
2
138 20 8 0
139 22 8 0
2
16 36 
2
57 4 24 0
58 4 22 0
2
17 37 
2
57 26 4 0
58 24 4 0
2
34 36 
2
58 2 24 0
59 4 22 0
2
35 37 
2
58 28 2 0
59 24 4 0
2
244 38 
2
105 34 34 0
106 4 16 0
2
36 38 
2
106 4 22 0
107 4 16 0
2
244 38 
2
108 34 34 0
108 4 16 0
2
16 38 
2
108 4 24 0
109 4 16 0
2
245 38 
2
109 34 32 0
110 4 16 0
2
36 38 
2
110 4 22 0
111 4 16 0
2
244 38 
2
111 34 34 0
112 4 16 0
2
244 39 
2
139 34 34 0
140 22 8 0
2
37 39 
2
140 24 4 0
141 22 8 0
2
244 39 
2
142 34 34 0
142 22 8 0
2
17 39 
2
142 26 4 0
143 22 8 0
2
245 39 
2
143 34 32 0
144 22 8 0
2
37 39 
2
144 24 4 0
145 22 8 0
2
244 39 
2
145 34 34 0
146 22 8 0
2
244 40 
2
154 34 34 0
155 10 16 0
2
38 40 
2
155 4 16 0
156 10 16 0
2
244 40 
2
157 34 34 0
157 10 16 0
2
18 40 
2
157 4 18 0
158 10 16 0
2
245 40 
2
158 34 32 0
159 10 16 0
2
38 40 
2
159 4 16 0
160 10 16 0
2
245 40 
2
161 34 32 0
161 10 16 0
2
244 41 
2
170 34 34 0
171 20 12 0
2
39 41 
2
171 22 8 0
172 20 12 0
2
244 41 
2
173 34 34 0
173 20 12 0
2
19 41 
2
173 20 8 0
174 20 12 0
2
246 41 
2
174 34 30 0
175 20 12 0
2
39 41 
2
175 22 8 0
176 20 12 0
2
245 41 
2
176 34 32 0
177 20 12 0
2
244 42 
2
176 34 34 0
176 16 16 0
2
40 42 
2
176 10 16 0
177 16 16 0
2
246 42 
2
177 34 30 0
178 16 16 0
2
20 42 
2
178 14 16 0
179 16 16 0
2
244 42 
2
179 34 34 0
180 16 16 0
2
40 42 
2
180 10 16 0
181 16 16 0
2
244 42 
2
182 34 34 0
182 16 16 0
2
245 43 
2
173 34 32 0
174 18 14 0
2
41 43 
2
178 20 12 0
177 18 14 0
2
247 43 
2
177 34 28 0
178 18 14 0
2
21 43 
2
178 20 14 0
179 18 14 0
2
245 43 
2
179 34 32 0
180 18 14 0
2
41 43 
2
180 20 12 0
181 18 14 0
2
245 43 
2
182 34 32 0
182 18 14 0
2
42 44 
2
183 16 16 0
182 30 26 0
2
43 86 
2
183 18 14 0
182 6 10 0
2
42 46 
2
184 16 16 0
183 28 26 0
2
43 87 
2
184 18 14 0
183 22 14 0
2
42 48 
2
185 16 16 0
184 22 32 0
2
43 89 
2
185 18 14 0
184 24 14 0
2
42 51 
2
186 16 16 0
185 12 32 0
2
42 69 
2
187 16 16 0
186 6 26 0
2
42 70 
2
188 16 16 0
187 8 2 0
2
42 71 
2
189 16 16 0
188 8 28 0
2
42 72 
2
190 16 16 0
189 8 30 0
2
42 73 
2
191 16 16 0
190 2 22 0
2
42 74 
2
192 16 16 0
191 8 26 0
2
42 75 
2
193 16 16 0
192 10 30 0
2
42 76 
2
194 16 16 0
193 6 24 0
2
42 77 
2
195 16 16 0
194 14 32 0
2
42 78 
2
196 16 16 0
195 10 28 0
2
42 79 
2
197 16 16 0
196 2 20 0
2
42 80 
2
198 16 16 0
197 24 28 0
2
42 81 
2
199 16 16 0
198 6 6 0
2
42 82 
2
200 16 16 0
199 28 22 0
2
42 83 
2
201 16 16 0
200 10 4 0
2
40 42 
2
201 10 16 0
202 16 16 0
2
41 43 
2
185 20 12 0
186 18 14 0
2
42 44 
2
203 16 16 0
202 30 26 0
2
43 86 
2
187 18 14 0
186 6 10 0
2
42 46 
2
204 16 16 0
203 28 26 0
2
43 87 
2
188 18 14 0
187 22 14 0
2
42 48 
2
205 16 16 0
204 22 32 0
2
43 89 
2
189 18 14 0
188 24 14 0
2
42 51 
2
206 16 16 0
205 12 32 0
2
42 69 
2
207 16 16 0
206 6 26 0
2
42 70 
2
208 16 16 0
207 8 2 0
2
42 71 
2
209 16 16 0
208 8 28 0
2
42 72 
2
210 16 16 0
209 8 30 0
2
42 73 
2
211 16 16 0
210 2 22 0
2
42 74 
2
212 16 16 0
211 8 26 0
2
42 75 
2
213 16 16 0
212 10 30 0
2
42 76 
2
214 16 16 0
213 6 24 0
2
42 77 
2
215 16 16 0
214 14 32 0
2
42 78 
2
216 16 16 0
215 10 28 0
2
42 79 
2
217 16 16 0
216 2 20 0
2
42 80 
2
218 16 16 0
217 24 28 0
2
42 81 
2
219 16 16 0
218 6 6 0
2
42 82 
2
220 16 16 0
219 28 22 0
2
42 83 
2
221 16 16 0
220 10 4 0
2
20 40 
2
201 14 16 0
202 10 16 0
2
21 41 
2
185 20 14 0
186 20 12 0
2
38 40 
2
202 4 16 0
203 10 16 0
2
39 41 
2
186 22 8 0
187 20 12 0
2
245 42 
2
221 34 32 0
222 16 16 0
2
40 42 
2
222 10 16 0
223 16 16 0
2
244 42 
2
224 34 34 0
224 16 16 0
2
20 42 
2
224 14 16 0
225 16 16 0
2
246 42 
2
225 34 30 0
226 16 16 0
2
40 42 
2
226 10 16 0
227 16 16 0
2
244 42 
2
227 34 34 0
228 16 16 0
2
245 43 
2
189 34 32 0
190 18 14 0
2
41 43 
2
190 20 12 0
191 18 14 0
2
245 43 
2
192 34 32 0
192 18 14 0
2
21 43 
2
192 20 14 0
193 18 14 0
2
244 43 
2
194 34 34 0
194 18 14 0
2
41 43 
2
194 20 12 0
195 18 14 0
2
246 43 
2
195 34 30 0
196 18 14 0
2
42 46 
2
229 16 16 0
228 28 26 0
2
43 68 
2
197 18 14 0
196 18 12 0
2
42 48 
2
230 16 16 0
229 22 32 0
2
43 86 
2
198 18 14 0
197 6 10 0
2
42 51 
2
231 16 16 0
230 12 32 0
2
43 87 
2
199 18 14 0
198 22 14 0
2
42 69 
2
232 16 16 0
231 6 26 0
2
43 89 
2
200 18 14 0
199 24 14 0
2
42 70 
2
233 16 16 0
232 8 2 0
2
43 90 
2
201 18 14 0
200 20 10 0
2
42 71 
2
234 16 16 0
233 8 28 0
2
43 91 
2
202 18 14 0
201 28 8 0
2
42 72 
2
235 16 16 0
234 8 30 0
2
43 92 
2
203 18 14 0
202 32 12 0
2
42 73 
2
236 16 16 0
235 2 22 0
2
43 93 
2
204 18 14 0
203 20 2 0
2
42 74 
2
237 16 16 0
236 8 26 0
2
43 94 
2
205 18 14 0
204 8 6 0
2
42 75 
2
238 16 16 0
237 10 30 0
2
43 95 
2
206 18 14 0
205 6 12 0
2
42 76 
2
239 16 16 0
238 6 24 0
2
43 96 
2
207 18 14 0
206 16 4 0
2
42 77 
2
240 16 16 0
239 14 32 0
2
43 97 
2
208 18 14 0
207 12 14 0
2
42 78 
2
241 16 16 0
240 10 28 0
2
43 98 
2
209 18 14 0
208 22 16 0
2
42 79 
2
242 16 16 0
241 2 20 0
2
43 99 
2
210 18 14 0
209 18 24 0
2
42 80 
2
243 16 16 0
242 24 28 0
2
43 100 
2
211 18 14 0
210 12 10 0
2
42 81 
2
244 16 16 0
243 6 6 0
2
43 101 
2
212 18 14 0
211 18 18 0
2
42 82 
2
245 16 16 0
244 28 22 0
2
43 102 
2
213 18 14 0
212 14 8 0
2
42 83 
2
246 16 16 0
245 10 4 0
2
43 103 
2
214 18 14 0
213 14 6 0
2
42 84 
2
247 16 16 0
246 28 24 0
2
43 104 
2
215 18 14 0
214 22 26 0
2
43 105 
2
216 18 14 0
215 20 16 0
2
43 106 
2
217 18 14 0
216 24 20 0
2
40 42 
2
247 10 16 0
248 16 16 0
2
41 43 
2
217 20 12 0
218 18 14 0
2
42 46 
2
249 16 16 0
248 28 26 0
2
43 68 
2
219 18 14 0
218 18 12 0
2
42 48 
2
250 16 16 0
249 22 32 0
2
43 86 
2
220 18 14 0
219 6 10 0
2
42 51 
2
251 16 16 0
250 12 32 0
2
43 87 
2
221 18 14 0
220 22 14 0
2
42 69 
2
252 16 16 0
251 6 26 0
2
43 89 
2
222 18 14 0
221 24 14 0
2
42 70 
2
253 16 16 0
252 8 2 0
2
43 90 
2
223 18 14 0
222 20 10 0
2
42 71 
2
254 16 16 0
253 8 28 0
2
43 91 
2
224 18 14 0
223 28 8 0
2
42 72 
2
255 16 16 0
254 8 30 0
2
43 92 
2
225 18 14 0
224 32 12 0
2
42 73 
2
256 16 16 0
255 2 22 0
2
43 93 
2
226 18 14 0
225 20 2 0
2
42 74 
2
257 16 16 0
256 8 26 0
2
43 94 
2
227 18 14 0
226 8 6 0
2
42 75 
2
258 16 16 0
257 10 30 0
2
43 95 
2
228 18 14 0
227 6 12 0
2
42 76 
2
259 16 16 0
258 6 24 0
2
43 96 
2
229 18 14 0
228 16 4 0
2
42 77 
2
260 16 16 0
259 14 32 0
2
43 97 
2
230 18 14 0
229 12 14 0
2
42 78 
2
261 16 16 0
260 10 28 0
2
43 98 
2
231 18 14 0
230 22 16 0
2
42 79 
2
262 16 16 0
261 2 20 0
2
43 99 
2
232 18 14 0
231 18 24 0
2
42 80 
2
263 16 16 0
262 24 28 0
2
43 100 
2
233 18 14 0
232 12 10 0
2
42 81 
2
264 16 16 0
263 6 6 0
2
43 101 
2
234 18 14 0
233 18 18 0
2
42 82 
2
265 16 16 0
264 28 22 0
2
43 102 
2
235 18 14 0
234 14 8 0
2
42 83 
2
266 16 16 0
265 10 4 0
2
43 103 
2
236 18 14 0
235 14 6 0
2
42 84 
2
267 16 16 0
266 28 24 0
2
43 104 
2
237 18 14 0
236 22 26 0
2
43 105 
2
238 18 14 0
237 20 16 0
2
43 106 
2
239 18 14 0
238 24 20 0
2
20 40 
2
247 14 16 0
248 10 16 0
2
21 41 
2
217 20 14 0
218 20 12 0
2
18 38 
2
202 4 18 0
203 4 16 0
2
19 39 
2
186 20 8 0
187 22 8 0
2
36 38 
2
203 4 22 0
204 4 16 0
2
37 39 
2
187 24 4 0
188 22 8 0
2
244 40 
2
248 34 34 0
249 10 16 0
2
38 40 
2
249 4 16 0
250 10 16 0
2
244 40 
2
251 34 34 0
251 10 16 0
2
18 40 
2
251 4 18 0
252 10 16 0
2
245 40 
2
252 34 32 0
253 10 16 0
2
38 40 
2
253 4 16 0
254 10 16 0
2
244 40 
2
254 34 34 0
255 10 16 0
2
244 41 
2
218 34 34 0
219 20 12 0
2
39 41 
2
219 22 8 0
220 20 12 0
2
244 41 
2
221 34 34 0
221 20 12 0
2
19 41 
2
221 20 8 0
222 20 12 0
2
246 41 
2
222 34 30 0
223 20 12 0
2
39 41 
2
223 22 8 0
224 20 12 0
2
245 41 
2
224 34 32 0
225 20 12 0
2
244 42 
2
267 34 34 0
268 16 16 0
2
40 42 
2
268 10 16 0
269 16 16 0
2
244 42 
2
270 34 34 0
270 16 16 0
2
20 42 
2
270 14 16 0
271 16 16 0
2
245 42 
2
272 34 32 0
272 16 16 0
2
40 42 
2
272 10 16 0
273 16 16 0
2
244 42 
2
273 34 34 0
274 16 16 0
2
244 43 
2
239 34 34 0
240 18 14 0
2
41 43 
2
240 20 12 0
241 18 14 0
2
244 43 
2
242 34 34 0
242 18 14 0
2
21 43 
2
242 20 14 0
243 18 14 0
2
245 43 
2
243 34 32 0
244 18 14 0
2
41 43 
2
244 20 12 0
245 18 14 0
2
244 43 
2
245 34 34 0
246 18 14 0
2
42 48 
2
275 16 16 0
274 22 32 0
2
43 86 
2
247 18 14 0
246 6 10 0
2
42 51 
2
276 16 16 0
275 12 32 0
2
43 87 
2
248 18 14 0
247 22 14 0
2
42 69 
2
277 16 16 0
276 6 26 0
2
43 89 
2
249 18 14 0
248 24 14 0
2
43 90 
2
250 18 14 0
249 20 10 0
2
43 91 
2
251 18 14 0
250 28 8 0
2
43 92 
2
252 18 14 0
251 32 12 0
2
43 93 
2
253 18 14 0
252 20 2 0
2
43 94 
2
254 18 14 0
253 8 6 0
2
43 95 
2
255 18 14 0
254 6 12 0
2
43 96 
2
256 18 14 0
255 16 4 0
2
43 97 
2
257 18 14 0
256 12 14 0
2
43 98 
2
258 18 14 0
257 22 16 0
2
43 99 
2
259 18 14 0
258 18 24 0
2
43 100 
2
260 18 14 0
259 12 10 0
2
43 101 
2
261 18 14 0
260 18 18 0
2
43 102 
2
262 18 14 0
261 14 8 0
2
43 103 
2
263 18 14 0
262 14 6 0
2
43 104 
2
264 18 14 0
263 22 26 0
2
43 105 
2
265 18 14 0
264 20 16 0
2
43 106 
2
266 18 14 0
265 24 20 0
2
43 107 
2
267 18 14 0
266 30 16 0
2
40 42 
2
277 10 16 0
278 16 16 0
2
41 43 
2
267 20 12 0
268 18 14 0
2
42 48 
2
279 16 16 0
278 22 32 0
2
43 86 
2
269 18 14 0
268 6 10 0
2
42 51 
2
280 16 16 0
279 12 32 0
2
43 87 
2
270 18 14 0
269 22 14 0
2
42 69 
2
281 16 16 0
280 6 26 0
2
43 89 
2
271 18 14 0
270 24 14 0
2
43 90 
2
272 18 14 0
271 20 10 0
2
43 91 
2
273 18 14 0
272 28 8 0
2
43 92 
2
274 18 14 0
273 32 12 0
2
43 93 
2
275 18 14 0
274 20 2 0
2
43 94 
2
276 18 14 0
275 8 6 0
2
43 95 
2
277 18 14 0
276 6 12 0
2
43 96 
2
278 18 14 0
277 16 4 0
2
43 97 
2
279 18 14 0
278 12 14 0
2
43 98 
2
280 18 14 0
279 22 16 0
2
43 99 
2
281 18 14 0
280 18 24 0
2
43 100 
2
282 18 14 0
281 12 10 0
2
43 101 
2
283 18 14 0
282 18 18 0
2
43 102 
2
284 18 14 0
283 14 8 0
2
43 103 
2
285 18 14 0
284 14 6 0
2
43 104 
2
286 18 14 0
285 22 26 0
2
43 105 
2
287 18 14 0
286 20 16 0
2
43 106 
2
288 18 14 0
287 24 20 0
2
43 107 
2
289 18 14 0
288 30 16 0
2
20 40 
2
277 14 16 0
278 10 16 0
2
21 41 
2
267 20 14 0
268 20 12 0
2
38 40 
2
278 4 16 0
279 10 16 0
2
39 41 
2
268 22 8 0
269 20 12 0
2
244 42 
2
282 34 34 0
282 16 16 0
2
40 42 
2
282 10 16 0
283 16 16 0
2
245 42 
2
284 34 32 0
284 16 16 0
2
20 42 
2
284 14 16 0
285 16 16 0
2
244 42 
2
285 34 34 0
286 16 16 0
2
40 42 
2
286 10 16 0
287 16 16 0
2
244 42 
2
288 34 34 0
288 16 16 0
2
245 43 
2
289 34 32 0
290 18 14 0
2
41 43 
2
290 20 12 0
291 18 14 0
2
244 43 
2
291 34 34 0
292 18 14 0
2
21 43 
2
292 20 14 0
293 18 14 0
2
244 43 
2
294 34 34 0
294 18 14 0
2
41 43 
2
294 20 12 0
295 18 14 0
2
247 43 
2
295 34 28 0
296 18 14 0
2
42 51 
2
289 16 16 0
288 12 32 0
2
43 106 
2
297 18 14 0
296 24 20 0
2
42 69 
2
290 16 16 0
289 6 26 0
2
43 107 
2
298 18 14 0
297 30 16 0
2
42 70 
2
291 16 16 0
290 8 2 0
2
43 108 
2
299 18 14 0
298 28 10 0
2
40 42 
2
291 10 16 0
292 16 16 0
2
41 43 
2
299 20 12 0
300 18 14 0
2
42 51 
2
293 16 16 0
292 12 32 0
2
43 106 
2
301 18 14 0
300 24 20 0
2
42 69 
2
294 16 16 0
293 6 26 0
2
43 107 
2
302 18 14 0
301 30 16 0
2
42 70 
2
295 16 16 0
294 8 2 0
2
43 108 
2
303 18 14 0
302 28 10 0
2
20 40 
2
291 14 16 0
292 10 16 0
2
21 41 
2
299 20 14 0
300 20 12 0
2
18 38 
2
278 4 18 0
279 4 16 0
2
19 39 
2
268 20 8 0
269 22 8 0
2
16 36 
2
203 4 24 0
204 4 22 0
2
17 37 
2
187 26 4 0
188 24 4 0
2
14 34 
2
58 4 26 0
59 2 24 0
2
15 35 
2
58 26 2 0
59 28 2 0
2
32 34 
2
59 2 28 0
60 2 24 0
2
33 35 
2
59 32 2 0
60 28 2 0
2
244 36 
2
204 34 34 0
205 4 22 0
2
34 36 
2
205 2 24 0
206 4 22 0
2
244 36 
2
207 34 34 0
207 4 22 0
2
14 36 
2
207 4 26 0
208 4 22 0
2
245 36 
2
208 34 32 0
209 4 22 0
2
34 36 
2
209 2 24 0
210 4 22 0
2
244 36 
2
210 34 34 0
211 4 22 0
2
244 37 
2
188 34 34 0
189 24 4 0
2
35 37 
2
189 28 2 0
190 24 4 0
2
244 37 
2
191 34 34 0
191 24 4 0
2
15 37 
2
191 26 2 0
192 24 4 0
2
246 37 
2
192 34 30 0
193 24 4 0
2
35 37 
2
193 28 2 0
194 24 4 0
2
245 37 
2
195 34 32 0
195 24 4 0
2
244 38 
2
279 34 34 0
280 4 16 0
2
36 38 
2
280 4 22 0
281 4 16 0
2
245 38 
2
281 34 32 0
282 4 16 0
2
16 38 
2
282 4 24 0
283 4 16 0
2
246 38 
2
283 34 30 0
284 4 16 0
2
36 38 
2
284 4 22 0
285 4 16 0
2
246 38 
2
286 34 30 0
286 4 16 0
2
245 39 
2
269 34 32 0
270 22 8 0
2
37 39 
2
270 24 4 0
271 22 8 0
2
246 39 
2
271 34 30 0
272 22 8 0
2
17 39 
2
272 26 4 0
273 22 8 0
2
246 39 
2
274 34 30 0
274 22 8 0
2
37 39 
2
274 24 4 0
275 22 8 0
2
244 39 
2
276 34 34 0
276 22 8 0
2
245 40 
2
292 34 32 0
293 10 16 0
2
38 40 
2
293 4 16 0
294 10 16 0
2
245 40 
2
295 34 32 0
295 10 16 0
2
18 40 
2
295 4 18 0
296 10 16 0
2
244 40 
2
297 34 34 0
297 10 16 0
2
38 40 
2
297 4 16 0
298 10 16 0
2
245 40 
2
298 34 32 0
299 10 16 0
2
245 41 
2
301 34 32 0
301 20 12 0
2
39 41 
2
301 22 8 0
302 20 12 0
2
244 41 
2
303 34 34 0
303 20 12 0
2
19 41 
2
303 20 8 0
304 20 12 0
2
247 41 
2
304 34 28 0
305 20 12 0
2
39 41 
2
305 22 8 0
306 20 12 0
2
244 41 
2
306 34 34 0
307 20 12 0
2
246 42 
2
295 34 30 0
296 16 16 0
2
40 42 
2
300 10 16 0
299 16 16 0
2
244 42 
2
300 34 34 0
300 16 16 0
2
20 42 
2
300 14 16 0
301 16 16 0
2
246 42 
2
301 34 30 0
302 16 16 0
2
40 42 
2
302 10 16 0
303 16 16 0
2
245 42 
2
304 34 32 0
304 16 16 0
2
246 43 
2
304 34 30 0
304 18 14 0
2
41 43 
2
308 20 12 0
307 18 14 0
2
245 43 
2
307 34 32 0
308 18 14 0
2
21 43 
2
308 20 14 0
309 18 14 0
2
244 43 
2
309 34 34 0
310 18 14 0
2
41 43 
2
310 20 12 0
311 18 14 0
2
244 43 
2
312 34 34 0
312 18 14 0
2
42 48 
2
305 16 16 0
304 22 32 0
2
43 107 
2
313 18 14 0
312 30 16 0
2
42 51 
2
306 16 16 0
305 12 32 0
2
43 108 
2
314 18 14 0
313 28 10 0
2
42 69 
2
307 16 16 0
306 6 26 0
2
43 109 
2
315 18 14 0
314 26 10 0
2
42 70 
2
308 16 16 0
307 8 2 0
2
42 71 
2
309 16 16 0
308 8 28 0
2
42 72 
2
310 16 16 0
309 8 30 0
2
42 73 
2
311 16 16 0
310 2 22 0
2
42 74 
2
312 16 16 0
311 8 26 0
2
42 75 
2
313 16 16 0
312 10 30 0
2
42 76 
2
314 16 16 0
313 6 24 0
2
42 77 
2
315 16 16 0
314 14 32 0
2
42 78 
2
316 16 16 0
315 10 28 0
2
42 79 
2
317 16 16 0
316 2 20 0
2
42 80 
2
318 16 16 0
317 24 28 0
2
42 81 
2
319 16 16 0
318 6 6 0
2
42 82 
2
320 16 16 0
319 28 22 0
2
42 83 
2
321 16 16 0
320 10 4 0
2
42 84 
2
322 16 16 0
321 28 24 0
2
42 85 
2
323 16 16 0
322 30 20 0
2
42 88 
2
324 16 16 0
323 12 4 0
2
42 110 
2
325 16 16 0
324 6 20 0
2
40 42 
2
325 10 16 0
326 16 16 0
2
41 43 
2
315 20 12 0
316 18 14 0
2
42 48 
2
327 16 16 0
326 22 32 0
2
43 107 
2
317 18 14 0
316 30 16 0
2
42 51 
2
328 16 16 0
327 12 32 0
2
43 108 
2
318 18 14 0
317 28 10 0
2
42 69 
2
329 16 16 0
328 6 26 0
2
43 109 
2
319 18 14 0
318 26 10 0
2
42 70 
2
330 16 16 0
329 8 2 0
2
42 71 
2
331 16 16 0
330 8 28 0
2
42 72 
2
332 16 16 0
331 8 30 0
2
42 73 
2
333 16 16 0
332 2 22 0
2
42 74 
2
334 16 16 0
333 8 26 0
2
42 75 
2
335 16 16 0
334 10 30 0
2
42 76 
2
336 16 16 0
335 6 24 0
2
42 77 
2
337 16 16 0
336 14 32 0
2
42 78 
2
338 16 16 0
337 10 28 0
2
42 79 
2
339 16 16 0
338 2 20 0
2
42 80 
2
340 16 16 0
339 24 28 0
2
42 81 
2
341 16 16 0
340 6 6 0
2
42 82 
2
342 16 16 0
341 28 22 0
2
42 83 
2
343 16 16 0
342 10 4 0
2
42 84 
2
344 16 16 0
343 28 24 0
2
42 85 
2
345 16 16 0
344 30 20 0
2
42 88 
2
346 16 16 0
345 12 4 0
2
42 110 
2
347 16 16 0
346 6 20 0
2
20 40 
2
325 14 16 0
326 10 16 0
2
21 41 
2
315 20 14 0
316 20 12 0
2
38 40 
2
326 4 16 0
327 10 16 0
2
39 41 
2
316 22 8 0
317 20 12 0
2
244 42 
2
347 34 34 0
348 16 16 0
2
40 42 
2
348 10 16 0
349 16 16 0
2
244 42 
2
350 34 34 0
350 16 16 0
2
20 42 
2
350 14 16 0
351 16 16 0
2
246 42 
2
351 34 30 0
352 16 16 0
2
40 42 
2
352 10 16 0
353 16 16 0
2
245 42 
2
354 34 32 0
354 16 16 0
2
244 43 
2
319 34 34 0
320 18 14 0
2
41 43 
2
320 20 12 0
321 18 14 0
2
244 43 
2
322 34 34 0
322 18 14 0
2
21 43 
2
322 20 14 0
323 18 14 0
2
246 43 
2
323 34 30 0
324 18 14 0
2
41 43 
2
324 20 12 0
325 18 14 0
2
244 43 
2
325 34 34 0
326 18 14 0
2
42 51 
2
355 16 16 0
354 12 32 0
2
43 106 
2
327 18 14 0
326 24 20 0
2
42 69 
2
356 16 16 0
355 6 26 0
2
43 107 
2
328 18 14 0
327 30 16 0
2
42 70 
2
357 16 16 0
356 8 2 0
2
43 108 
2
329 18 14 0
328 28 10 0
2
42 71 
2
358 16 16 0
357 8 28 0
2
43 109 
2
330 18 14 0
329 26 10 0
2
42 72 
2
359 16 16 0
358 8 30 0
2
43 111 
2
331 18 14 0
330 18 6 0
2
42 73 
2
360 16 16 0
359 2 22 0
2
43 112 
2
332 18 14 0
331 30 14 0
2
42 74 
2
361 16 16 0
360 8 26 0
2
43 113 
2
333 18 14 0
332 22 4 0
2
42 75 
2
362 16 16 0
361 10 30 0
2
43 114 
2
334 18 14 0
333 30 10 0
2
42 76 
2
363 16 16 0
362 6 24 0
2
43 115 
2
335 18 14 0
334 2 10 0
2
42 77 
2
364 16 16 0
363 14 32 0
2
43 116 
2
336 18 14 0
335 8 8 0
2
42 78 
2
365 16 16 0
364 10 28 0
2
43 117 
2
337 18 14 0
336 12 8 0
2
42 79 
2
366 16 16 0
365 2 20 0
2
43 118 
2
338 18 14 0
337 12 12 0
2
42 80 
2
367 16 16 0
366 24 28 0
2
43 119 
2
339 18 14 0
338 22 18 0
2
42 81 
2
368 16 16 0
367 6 6 0
2
43 120 
2
340 18 14 0
339 28 20 0
2
42 82 
2
369 16 16 0
368 28 22 0
2
43 121 
2
341 18 14 0
340 8 14 0
2
42 83 
2
370 16 16 0
369 10 4 0
2
43 122 
2
342 18 14 0
341 12 6 0
2
42 84 
2
371 16 16 0
370 28 24 0
2
43 123 
2
343 18 14 0
342 22 20 0
2
42 85 
2
372 16 16 0
371 30 20 0
2
43 124 
2
344 18 14 0
343 20 26 0
2
42 88 
2
373 16 16 0
372 12 4 0
2
43 125 
2
345 18 14 0
344 12 16 0
2
42 110 
2
374 16 16 0
373 6 20 0
2
43 126 
2
346 18 14 0
345 16 10 0
2
42 127 
2
375 16 16 0
374 12 18 0
2
43 128 
2
347 18 14 0
346 16 14 0
2
40 42 
2
375 10 16 0
376 16 16 0
2
41 43 
2
347 20 12 0
348 18 14 0
2
42 51 
2
377 16 16 0
376 12 32 0
2
43 106 
2
349 18 14 0
348 24 20 0
2
42 69 
2
378 16 16 0
377 6 26 0
2
43 107 
2
350 18 14 0
349 30 16 0
2
42 70 
2
379 16 16 0
378 8 2 0
2
43 108 
2
351 18 14 0
350 28 10 0
2
42 71 
2
380 16 16 0
379 8 28 0
2
43 109 
2
352 18 14 0
351 26 10 0
2
42 72 
2
381 16 16 0
380 8 30 0
2
43 111 
2
353 18 14 0
352 18 6 0
2
42 73 
2
382 16 16 0
381 2 22 0
2
43 112 
2
354 18 14 0
353 30 14 0
2
42 74 
2
383 16 16 0
382 8 26 0
2
43 113 
2
355 18 14 0
354 22 4 0
2
42 75 
2
384 16 16 0
383 10 30 0
2
43 114 
2
356 18 14 0
355 30 10 0
2
42 76 
2
385 16 16 0
384 6 24 0
2
43 115 
2
357 18 14 0
356 2 10 0
2
42 77 
2
386 16 16 0
385 14 32 0
2
43 116 
2
358 18 14 0
357 8 8 0
2
42 78 
2
387 16 16 0
386 10 28 0
2
43 117 
2
359 18 14 0
358 12 8 0
2
42 79 
2
388 16 16 0
387 2 20 0
2
43 118 
2
360 18 14 0
359 12 12 0
2
42 80 
2
389 16 16 0
388 24 28 0
2
43 119 
2
361 18 14 0
360 22 18 0
2
42 81 
2
390 16 16 0
389 6 6 0
2
43 120 
2
362 18 14 0
361 28 20 0
2
42 82 
2
391 16 16 0
390 28 22 0
2
43 121 
2
363 18 14 0
362 8 14 0
2
42 83 
2
392 16 16 0
391 10 4 0
2
43 122 
2
364 18 14 0
363 12 6 0
2
42 84 
2
393 16 16 0
392 28 24 0
2
43 123 
2
365 18 14 0
364 22 20 0
2
42 85 
2
394 16 16 0
393 30 20 0
2
43 124 
2
366 18 14 0
365 20 26 0
2
42 88 
2
395 16 16 0
394 12 4 0
2
43 125 
2
367 18 14 0
366 12 16 0
2
42 110 
2
396 16 16 0
395 6 20 0
2
43 126 
2
368 18 14 0
367 16 10 0
2
42 127 
2
397 16 16 0
396 12 18 0
2
43 128 
2
369 18 14 0
368 16 14 0
2
20 40 
2
375 14 16 0
376 10 16 0
2
21 41 
2
347 20 14 0
348 20 12 0
2
18 38 
2
326 4 18 0
327 4 16 0
2
19 39 
2
316 20 8 0
317 22 8 0
2
36 38 
2
327 4 22 0
328 4 16 0
2
37 39 
2
317 24 4 0
318 22 8 0
2
245 40 
2
376 34 32 0
377 10 16 0
2
38 40 
2
377 4 16 0
378 10 16 0
2
244 40 
2
378 34 34 0
379 10 16 0
2
18 40 
2
379 4 18 0
380 10 16 0
2
244 40 
2
381 34 34 0
381 10 16 0
2
38 40 
2
381 4 16 0
382 10 16 0
2
245 40 
2
382 34 32 0
383 10 16 0
2
245 41 
2
348 34 32 0
349 20 12 0
2
39 41 
2
349 22 8 0
350 20 12 0
2
245 41 
2
351 34 32 0
351 20 12 0
2
19 41 
2
351 20 8 0
352 20 12 0
2
244 41 
2
353 34 34 0
353 20 12 0
2
39 41 
2
353 22 8 0
354 20 12 0
2
246 41 
2
354 34 30 0
355 20 12 0
2
244 42 
2
397 34 34 0
398 16 16 0
2
40 42 
2
398 10 16 0
399 16 16 0
2
244 42 
2
400 34 34 0
400 16 16 0
2
20 42 
2
400 14 16 0
401 16 16 0
2
245 42 
2
402 34 32 0
402 16 16 0
2
40 42 
2
402 10 16 0
403 16 16 0
2
244 42 
2
403 34 34 0
404 16 16 0
2
244 43 
2
369 34 34 0
370 18 14 0
2
41 43 
2
370 20 12 0
371 18 14 0
2
244 43 
2
372 34 34 0
372 18 14 0
2
21 43 
2
372 20 14 0
373 18 14 0
2
245 43 
2
373 34 32 0
374 18 14 0
2
41 43 
2
374 20 12 0
375 18 14 0
2
244 43 
2
375 34 34 0
376 18 14 0
2
42 85 
2
405 16 16 0
404 30 20 0
2
43 107 
2
377 18 14 0
376 30 16 0
2
42 88 
2
406 16 16 0
405 12 4 0
2
43 108 
2
378 18 14 0
377 28 10 0
2
42 110 
2
407 16 16 0
406 6 20 0
2
43 109 
2
379 18 14 0
378 26 10 0
2
43 111 
2
380 18 14 0
379 18 6 0
2
43 112 
2
381 18 14 0
380 30 14 0
2
43 113 
2
382 18 14 0
381 22 4 0
2
43 114 
2
383 18 14 0
382 30 10 0
2
43 115 
2
384 18 14 0
383 2 10 0
2
43 116 
2
385 18 14 0
384 8 8 0
2
43 117 
2
386 18 14 0
385 12 8 0
2
43 118 
2
387 18 14 0
386 12 12 0
2
43 119 
2
388 18 14 0
387 22 18 0
2
43 120 
2
389 18 14 0
388 28 20 0
2
43 121 
2
390 18 14 0
389 8 14 0
2
43 122 
2
391 18 14 0
390 12 6 0
2
43 123 
2
392 18 14 0
391 22 20 0
2
43 124 
2
393 18 14 0
392 20 26 0
2
43 125 
2
394 18 14 0
393 12 16 0
2
43 126 
2
395 18 14 0
394 16 10 0
2
43 128 
2
396 18 14 0
395 16 14 0
2
43 129 
2
397 18 14 0
396 28 12 0
2
40 42 
2
407 10 16 0
408 16 16 0
2
41 43 
2
397 20 12 0
398 18 14 0
2
42 85 
2
409 16 16 0
408 30 20 0
2
43 107 
2
399 18 14 0
398 30 16 0
2
42 88 
2
410 16 16 0
409 12 4 0
2
43 108 
2
400 18 14 0
399 28 10 0
2
42 110 
2
411 16 16 0
410 6 20 0
2
43 109 
2
401 18 14 0
400 26 10 0
2
43 111 
2
402 18 14 0
401 18 6 0
2
43 112 
2
403 18 14 0
402 30 14 0
2
43 113 
2
404 18 14 0
403 22 4 0
2
43 114 
2
405 18 14 0
404 30 10 0
2
43 115 
2
406 18 14 0
405 2 10 0
2
43 116 
2
407 18 14 0
406 8 8 0
2
43 117 
2
408 18 14 0
407 12 8 0
2
43 118 
2
409 18 14 0
408 12 12 0
2
43 119 
2
410 18 14 0
409 22 18 0
2
43 120 
2
411 18 14 0
410 28 20 0
2
43 121 
2
412 18 14 0
411 8 14 0
2
43 122 
2
413 18 14 0
412 12 6 0
2
43 123 
2
414 18 14 0
413 22 20 0
2
43 124 
2
415 18 14 0
414 20 26 0
2
43 125 
2
416 18 14 0
415 12 16 0
2
43 126 
2
417 18 14 0
416 16 10 0
2
43 128 
2
418 18 14 0
417 16 14 0
2
43 129 
2
419 18 14 0
418 28 12 0
2
20 40 
2
407 14 16 0
408 10 16 0
2
21 41 
2
397 20 14 0
398 20 12 0
2
38 40 
2
408 4 16 0
409 10 16 0
2
39 41 
2
398 22 8 0
399 20 12 0
2
244 42 
2
412 34 34 0
412 16 16 0
2
40 42 
2
412 10 16 0
413 16 16 0
2
245 42 
2
414 34 32 0
414 16 16 0
2
20 42 
2
414 14 16 0
415 16 16 0
2
244 42 
2
415 34 34 0
416 16 16 0
2
40 42 
2
416 10 16 0
417 16 16 0
2
244 42 
2
418 34 34 0
418 16 16 0
2
245 43 
2
419 34 32 0
420 18 14 0
2
41 43 
2
420 20 12 0
421 18 14 0
2
244 43 
2
421 34 34 0
422 18 14 0
2
21 43 
2
422 20 14 0
423 18 14 0
2
244 43 
2
424 34 34 0
424 18 14 0
2
41 43 
2
424 20 12 0
425 18 14 0
2
247 43 
2
425 34 28 0
426 18 14 0
2
42 88 
2
419 16 16 0
418 12 4 0
2
43 128 
2
427 18 14 0
426 16 14 0
2
42 110 
2
420 16 16 0
419 6 20 0
2
43 129 
2
428 18 14 0
427 28 12 0
2
42 127 
2
421 16 16 0
420 12 18 0
2
43 130 
2
429 18 14 0
428 22 6 0
2
40 42 
2
421 10 16 0
422 16 16 0
2
41 43 
2
429 20 12 0
430 18 14 0
2
42 88 
2
423 16 16 0
422 12 4 0
2
43 128 
2
431 18 14 0
430 16 14 0
2
42 110 
2
424 16 16 0
423 6 20 0
2
43 129 
2
432 18 14 0
431 28 12 0
2
42 127 
2
425 16 16 0
424 12 18 0
2
43 130 
2
433 18 14 0
432 22 6 0
2
20 40 
2
421 14 16 0
422 10 16 0
2
21 41 
2
429 20 14 0
430 20 12 0
2
18 38 
2
408 4 18 0
409 4 16 0
2
19 39 
2
398 20 8 0
399 22 8 0
2
16 36 
2
327 4 24 0
328 4 22 0
2
17 37 
2
317 26 4 0
318 24 4 0
2
34 36 
2
328 2 24 0
329 4 22 0
2
35 37 
2
318 28 2 0
319 24 4 0
2
244 38 
2
409 34 34 0
410 4 16 0
2
36 38 
2
410 4 22 0
411 4 16 0
2
245 38 
2
411 34 32 0
412 4 16 0
2
16 38 
2
412 4 24 0
413 4 16 0
2
246 38 
2
413 34 30 0
414 4 16 0
2
36 38 
2
414 4 22 0
415 4 16 0
2
246 38 
2
416 34 30 0
416 4 16 0
2
245 39 
2
399 34 32 0
400 22 8 0
2
37 39 
2
400 24 4 0
401 22 8 0
2
246 39 
2
401 34 30 0
402 22 8 0
2
17 39 
2
402 26 4 0
403 22 8 0
2
246 39 
2
404 34 30 0
404 22 8 0
2
37 39 
2
404 24 4 0
405 22 8 0
2
244 39 
2
406 34 34 0
406 22 8 0
2
245 40 
2
422 34 32 0
423 10 16 0
2
38 40 
2
423 4 16 0
424 10 16 0
2
245 40 
2
425 34 32 0
425 10 16 0
2
18 40 
2
425 4 18 0
426 10 16 0
2
244 40 
2
427 34 34 0
427 10 16 0
2
38 40 
2
427 4 16 0
428 10 16 0
2
245 40 
2
428 34 32 0
429 10 16 0
2
245 41 
2
431 34 32 0
431 20 12 0
2
39 41 
2
431 22 8 0
432 20 12 0
2
244 41 
2
433 34 34 0
433 20 12 0
2
19 41 
2
433 20 8 0
434 20 12 0
2
247 41 
2
434 34 28 0
435 20 12 0
2
39 41 
2
435 22 8 0
436 20 12 0
2
244 41 
2
436 34 34 0
437 20 12 0
2
246 42 
2
425 34 30 0
426 16 16 0
2
40 42 
2
430 10 16 0
429 16 16 0
2
244 42 
2
430 34 34 0
430 16 16 0
2
20 42 
2
430 14 16 0
431 16 16 0
2
246 42 
2
431 34 30 0
432 16 16 0
2
40 42 
2
432 10 16 0
433 16 16 0
2
245 42 
2
434 34 32 0
434 16 16 0
2
246 43 
2
434 34 30 0
434 18 14 0
2
41 43 
2
438 20 12 0
437 18 14 0
2
245 43 
2
437 34 32 0
438 18 14 0
2
21 43 
2
438 20 14 0
439 18 14 0
2
244 43 
2
439 34 34 0
440 18 14 0
2
41 43 
2
440 20 12 0
441 18 14 0
2
244 43 
2
442 34 34 0
442 18 14 0
2
42 85 
2
435 16 16 0
434 30 20 0
2
43 129 
2
443 18 14 0
442 28 12 0
2
42 88 
2
436 16 16 0
435 12 4 0
2
43 130 
2
444 18 14 0
443 22 6 0
2
42 110 
2
437 16 16 0
436 6 20 0
2
43 131 
2
445 18 14 0
444 28 14 0
2
42 127 
2
438 16 16 0
437 12 18 0
2
42 132 
2
439 16 16 0
438 8 16 0
2
42 133 
2
440 16 16 0
439 10 12 0
2
42 134 
2
441 16 16 0
440 16 30 0
2
42 135 
2
442 16 16 0
441 10 26 0
2
42 136 
2
443 16 16 0
442 16 26 0
2
42 137 
2
444 16 16 0
443 16 28 0
2
42 138 
2
445 16 16 0
444 10 20 0
2
42 139 
2
446 16 16 0
445 12 26 0
2
42 140 
2
447 16 16 0
446 14 18 0
2
42 141 
2
448 16 16 0
447 14 20 0
2
42 142 
2
449 16 16 0
448 8 12 0
2
42 143 
2
450 16 16 0
449 22 24 0
2
42 144 
2
451 16 16 0
450 24 18 0
2
42 145 
2
452 16 16 0
451 22 10 0
2
42 146 
2
453 16 16 0
452 30 12 0
2
42 147 
2
454 16 16 0
453 4 8 0
2
42 148 
2
455 16 16 0
454 12 30 0
2
40 42 
2
455 10 16 0
456 16 16 0
2
41 43 
2
445 20 12 0
446 18 14 0
2
42 85 
2
457 16 16 0
456 30 20 0
2
43 129 
2
447 18 14 0
446 28 12 0
2
42 88 
2
458 16 16 0
457 12 4 0
2
43 130 
2
448 18 14 0
447 22 6 0
2
42 110 
2
459 16 16 0
458 6 20 0
2
43 131 
2
449 18 14 0
448 28 14 0
2
42 127 
2
460 16 16 0
459 12 18 0
2
42 132 
2
461 16 16 0
460 8 16 0
2
42 133 
2
462 16 16 0
461 10 12 0
2
42 134 
2
463 16 16 0
462 16 30 0
2
42 135 
2
464 16 16 0
463 10 26 0
2
42 136 
2
465 16 16 0
464 16 26 0
2
42 137 
2
466 16 16 0
465 16 28 0
2
42 138 
2
467 16 16 0
466 10 20 0
2
42 139 
2
468 16 16 0
467 12 26 0
2
42 140 
2
469 16 16 0
468 14 18 0
2
42 141 
2
470 16 16 0
469 14 20 0
2
42 142 
2
471 16 16 0
470 8 12 0
2
42 143 
2
472 16 16 0
471 22 24 0
2
42 144 
2
473 16 16 0
472 24 18 0
2
42 145 
2
474 16 16 0
473 22 10 0
2
42 146 
2
475 16 16 0
474 30 12 0
2
42 147 
2
476 16 16 0
475 4 8 0
2
42 148 
2
477 16 16 0
476 12 30 0
2
20 40 
2
455 14 16 0
456 10 16 0
2
21 41 
2
445 20 14 0
446 20 12 0
2
38 40 
2
456 4 16 0
457 10 16 0
2
39 41 
2
446 22 8 0
447 20 12 0
2
244 42 
2
477 34 34 0
478 16 16 0
2
40 42 
2
478 10 16 0
479 16 16 0
2
244 42 
2
480 34 34 0
480 16 16 0
2
20 42 
2
480 14 16 0
481 16 16 0
2
246 42 
2
481 34 30 0
482 16 16 0
2
40 42 
2
482 10 16 0
483 16 16 0
2
245 42 
2
484 34 32 0
484 16 16 0
2
245 43 
2
449 34 32 0
450 18 14 0
2
41 43 
2
450 20 12 0
451 18 14 0
2
245 43 
2
452 34 32 0
452 18 14 0
2
21 43 
2
452 20 14 0
453 18 14 0
2
244 43 
2
454 34 34 0
454 18 14 0
2
41 43 
2
454 20 12 0
455 18 14 0
2
246 43 
2
455 34 30 0
456 18 14 0
2
42 88 
2
485 16 16 0
484 12 4 0
2
43 128 
2
457 18 14 0
456 16 14 0
2
42 110 
2
486 16 16 0
485 6 20 0
2
43 129 
2
458 18 14 0
457 28 12 0
2
42 127 
2
487 16 16 0
486 12 18 0
2
43 130 
2
459 18 14 0
458 22 6 0
2
42 132 
2
488 16 16 0
487 8 16 0
2
43 131 
2
460 18 14 0
459 28 14 0
2
42 133 
2
489 16 16 0
488 10 12 0
2
43 149 
2
461 18 14 0
460 20 6 0
2
42 134 
2
490 16 16 0
489 16 30 0
2
43 150 
2
462 18 14 0
461 24 8 0
2
42 135 
2
491 16 16 0
490 10 26 0
2
43 151 
2
463 18 14 0
462 22 2 0
2
42 136 
2
492 16 16 0
491 16 26 0
2
43 152 
2
464 18 14 0
463 22 30 0
2
42 137 
2
493 16 16 0
492 16 28 0
2
43 153 
2
465 18 14 0
464 24 26 0
2
42 138 
2
494 16 16 0
493 10 20 0
2
43 154 
2
466 18 14 0
465 28 18 0
2
42 139 
2
495 16 16 0
494 12 26 0
2
43 155 
2
467 18 14 0
466 22 22 0
2
42 140 
2
496 16 16 0
495 14 18 0
2
43 156 
2
468 18 14 0
467 26 18 0
2
42 141 
2
497 16 16 0
496 14 20 0
2
43 157 
2
469 18 14 0
468 24 16 0
2
42 142 
2
498 16 16 0
497 8 12 0
2
43 158 
2
470 18 14 0
469 4 14 0
2
42 143 
2
499 16 16 0
498 22 24 0
2
43 159 
2
471 18 14 0
470 14 4 0
2
42 144 
2
500 16 16 0
499 24 18 0
2
43 160 
2
472 18 14 0
471 10 14 0
2
42 145 
2
501 16 16 0
500 22 10 0
2
43 161 
2
473 18 14 0
472 14 2 0
2
42 146 
2
502 16 16 0
501 30 12 0
2
43 162 
2
474 18 14 0
473 30 18 0
2
42 147 
2
503 16 16 0
502 4 8 0
2
43 163 
2
475 18 14 0
474 24 22 0
2
42 148 
2
504 16 16 0
503 12 30 0
2
43 164 
2
476 18 14 0
475 26 20 0
2
42 165 
2
505 16 16 0
504 4 20 0
2
43 166 
2
477 18 14 0
476 20 22 0
2
40 42 
2
505 10 16 0
506 16 16 0
2
41 43 
2
477 20 12 0
478 18 14 0
2
42 88 
2
507 16 16 0
506 12 4 0
2
43 128 
2
479 18 14 0
478 16 14 0
2
42 110 
2
508 16 16 0
507 6 20 0
2
43 129 
2
480 18 14 0
479 28 12 0
2
42 127 
2
509 16 16 0
508 12 18 0
2
43 130 
2
481 18 14 0
480 22 6 0
2
42 132 
2
510 16 16 0
509 8 16 0
2
43 131 
2
482 18 14 0
481 28 14 0
2
42 133 
2
511 16 16 0
510 10 12 0
2
43 149 
2
483 18 14 0
482 20 6 0
2
42 134 
2
512 16 16 0
511 16 30 0
2
43 150 
2
484 18 14 0
483 24 8 0
2
42 135 
2
513 16 16 0
512 10 26 0
2
43 151 
2
485 18 14 0
484 22 2 0
2
42 136 
2
514 16 16 0
513 16 26 0
2
43 152 
2
486 18 14 0
485 22 30 0
2
42 137 
2
515 16 16 0
514 16 28 0
2
43 153 
2
487 18 14 0
486 24 26 0
2
42 138 
2
516 16 16 0
515 10 20 0
2
43 154 
2
488 18 14 0
487 28 18 0
2
42 139 
2
517 16 16 0
516 12 26 0
2
43 155 
2
489 18 14 0
488 22 22 0
2
42 140 
2
518 16 16 0
517 14 18 0
2
43 156 
2
490 18 14 0
489 26 18 0
2
42 141 
2
519 16 16 0
518 14 20 0
2
43 157 
2
491 18 14 0
490 24 16 0
2
42 142 
2
520 16 16 0
519 8 12 0
2
43 158 
2
492 18 14 0
491 4 14 0
2
42 143 
2
521 16 16 0
520 22 24 0
2
43 159 
2
493 18 14 0
492 14 4 0
2
42 144 
2
522 16 16 0
521 24 18 0
2
43 160 
2
494 18 14 0
493 10 14 0
2
42 145 
2
523 16 16 0
522 22 10 0
2
43 161 
2
495 18 14 0
494 14 2 0
2
42 146 
2
524 16 16 0
523 30 12 0
2
43 162 
2
496 18 14 0
495 30 18 0
2
42 147 
2
525 16 16 0
524 4 8 0
2
43 163 
2
497 18 14 0
496 24 22 0
2
42 148 
2
526 16 16 0
525 12 30 0
2
43 164 
2
498 18 14 0
497 26 20 0
2
42 165 
2
527 16 16 0
526 4 20 0
2
43 166 
2
499 18 14 0
498 20 22 0
2
20 40 
2
505 14 16 0
506 10 16 0
2
21 41 
2
477 20 14 0
478 20 12 0
2
18 38 
2
456 4 18 0
457 4 16 0
2
19 39 
2
446 20 8 0
447 22 8 0
2
36 38 
2
457 4 22 0
458 4 16 0
2
37 39 
2
447 24 4 0
448 22 8 0
2
245 40 
2
506 34 32 0
507 10 16 0
2
38 40 
2
507 4 16 0
508 10 16 0
2
244 40 
2
508 34 34 0
509 10 16 0
2
18 40 
2
509 4 18 0
510 10 16 0
2
244 40 
2
511 34 34 0
511 10 16 0
2
38 40 
2
511 4 16 0
512 10 16 0
2
245 40 
2
512 34 32 0
513 10 16 0
2
245 41 
2
478 34 32 0
479 20 12 0
2
39 41 
2
479 22 8 0
480 20 12 0
2
245 41 
2
481 34 32 0
481 20 12 0
2
19 41 
2
481 20 8 0
482 20 12 0
2
244 41 
2
483 34 34 0
483 20 12 0
2
39 41 
2
483 22 8 0
484 20 12 0
2
246 41 
2
484 34 30 0
485 20 12 0
2
244 42 
2
527 34 34 0
528 16 16 0
2
40 42 
2
528 10 16 0
529 16 16 0
2
244 42 
2
530 34 34 0
530 16 16 0
2
20 42 
2
530 14 16 0
531 16 16 0
2
245 42 
2
532 34 32 0
532 16 16 0
2
40 42 
2
532 10 16 0
533 16 16 0
2
244 42 
2
533 34 34 0
534 16 16 0
2
244 43 
2
499 34 34 0
500 18 14 0
2
41 43 
2
500 20 12 0
501 18 14 0
2
244 43 
2
502 34 34 0
502 18 14 0
2
21 43 
2
502 20 14 0
503 18 14 0
2
245 43 
2
503 34 32 0
504 18 14 0
2
41 43 
2
504 20 12 0
505 18 14 0
2
244 43 
2
505 34 34 0
506 18 14 0
2
42 85 
2
535 16 16 0
534 30 20 0
2
43 129 
2
507 18 14 0
506 28 12 0
2
42 88 
2
536 16 16 0
535 12 4 0
2
43 130 
2
508 18 14 0
507 22 6 0
2
42 110 
2
537 16 16 0
536 6 20 0
2
43 131 
2
509 18 14 0
508 28 14 0
2
42 127 
2
538 16 16 0
537 12 18 0
2
43 149 
2
510 18 14 0
509 20 6 0
2
42 132 
2
539 16 16 0
538 8 16 0
2
43 150 
2
511 18 14 0
510 24 8 0
2
42 133 
2
540 16 16 0
539 10 12 0
2
43 151 
2
512 18 14 0
511 22 2 0
2
42 134 
2
541 16 16 0
540 16 30 0
2
43 152 
2
513 18 14 0
512 22 30 0
2
42 135 
2
542 16 16 0
541 10 26 0
2
43 153 
2
514 18 14 0
513 24 26 0
2
42 136 
2
543 16 16 0
542 16 26 0
2
43 154 
2
515 18 14 0
514 28 18 0
2
42 137 
2
544 16 16 0
543 16 28 0
2
43 155 
2
516 18 14 0
515 22 22 0
2
42 138 
2
545 16 16 0
544 10 20 0
2
43 156 
2
517 18 14 0
516 26 18 0
2
42 139 
2
546 16 16 0
545 12 26 0
2
43 157 
2
518 18 14 0
517 24 16 0
2
42 140 
2
547 16 16 0
546 14 18 0
2
43 158 
2
519 18 14 0
518 4 14 0
2
42 141 
2
548 16 16 0
547 14 20 0
2
43 159 
2
520 18 14 0
519 14 4 0
2
42 142 
2
549 16 16 0
548 8 12 0
2
43 160 
2
521 18 14 0
520 10 14 0
2
42 143 
2
550 16 16 0
549 22 24 0
2
43 161 
2
522 18 14 0
521 14 2 0
2
42 144 
2
551 16 16 0
550 24 18 0
2
43 162 
2
523 18 14 0
522 30 18 0
2
42 145 
2
552 16 16 0
551 22 10 0
2
43 163 
2
524 18 14 0
523 24 22 0
2
42 146 
2
553 16 16 0
552 30 12 0
2
43 164 
2
525 18 14 0
524 26 20 0
2
43 166 
2
526 18 14 0
525 20 22 0
2
43 167 
2
527 18 14 0
526 22 12 0
2
40 42 
2
553 10 16 0
554 16 16 0
2
41 43 
2
527 20 12 0
528 18 14 0
2
42 85 
2
555 16 16 0
554 30 20 0
2
43 129 
2
529 18 14 0
528 28 12 0
2
42 88 
2
556 16 16 0
555 12 4 0
2
43 130 
2
530 18 14 0
529 22 6 0
2
42 110 
2
557 16 16 0
556 6 20 0
2
43 131 
2
531 18 14 0
530 28 14 0
2
42 127 
2
558 16 16 0
557 12 18 0
2
43 149 
2
532 18 14 0
531 20 6 0
2
42 132 
2
559 16 16 0
558 8 16 0
2
43 150 
2
533 18 14 0
532 24 8 0
2
42 133 
2
560 16 16 0
559 10 12 0
2
43 151 
2
534 18 14 0
533 22 2 0
2
42 134 
2
561 16 16 0
560 16 30 0
2
43 152 
2
535 18 14 0
534 22 30 0
2
42 135 
2
562 16 16 0
561 10 26 0
2
43 153 
2
536 18 14 0
535 24 26 0
2
42 136 
2
563 16 16 0
562 16 26 0
2
43 154 
2
537 18 14 0
536 28 18 0
2
42 137 
2
564 16 16 0
563 16 28 0
2
43 155 
2
538 18 14 0
537 22 22 0
2
42 138 
2
565 16 16 0
564 10 20 0
2
43 156 
2
539 18 14 0
538 26 18 0
2
42 139 
2
566 16 16 0
565 12 26 0
2
43 157 
2
540 18 14 0
539 24 16 0
2
42 140 
2
567 16 16 0
566 14 18 0
2
43 158 
2
541 18 14 0
540 4 14 0
2
42 141 
2
568 16 16 0
567 14 20 0
2
43 159 
2
542 18 14 0
541 14 4 0
2
42 142 
2
569 16 16 0
568 8 12 0
2
43 160 
2
543 18 14 0
542 10 14 0
2
42 143 
2
570 16 16 0
569 22 24 0
2
43 161 
2
544 18 14 0
543 14 2 0
2
42 144 
2
571 16 16 0
570 24 18 0
2
43 162 
2
545 18 14 0
544 30 18 0
2
42 145 
2
572 16 16 0
571 22 10 0
2
43 163 
2
546 18 14 0
545 24 22 0
2
42 146 
2
573 16 16 0
572 30 12 0
2
43 164 
2
547 18 14 0
546 26 20 0
2
43 166 
2
548 18 14 0
547 20 22 0
2
43 167 
2
549 18 14 0
548 22 12 0
2
20 40 
2
553 14 16 0
554 10 16 0
2
21 41 
2
527 20 14 0
528 20 12 0
2
38 40 
2
554 4 16 0
555 10 16 0
2
39 41 
2
528 22 8 0
529 20 12 0
2
244 42 
2
573 34 34 0
574 16 16 0
2
40 42 
2
574 10 16 0
575 16 16 0
2
244 42 
2
576 34 34 0
576 16 16 0
2
20 42 
2
576 14 16 0
577 16 16 0
2
245 42 
2
577 34 32 0
578 16 16 0
2
40 42 
2
578 10 16 0
579 16 16 0
2
244 42 
2
579 34 34 0
580 16 16 0
2
244 43 
2
549 34 34 0
550 18 14 0
2
41 43 
2
550 20 12 0
551 18 14 0
2
244 43 
2
552 34 34 0
552 18 14 0
2
21 43 
2
552 20 14 0
553 18 14 0
2
245 43 
2
553 34 32 0
554 18 14 0
2
41 43 
2
554 20 12 0
555 18 14 0
2
245 43 
2
556 34 32 0
556 18 14 0
2
42 88 
2
581 16 16 0
580 12 4 0
2
43 166 
2
557 18 14 0
556 20 22 0
2
42 110 
2
582 16 16 0
581 6 20 0
2
43 167 
2
558 18 14 0
557 22 12 0
2
42 127 
2
583 16 16 0
582 12 18 0
2
43 168 
2
559 18 14 0
558 24 10 0
2
42 132 
2
584 16 16 0
583 8 16 0
2
42 133 
2
585 16 16 0
584 10 12 0
2
42 134 
2
586 16 16 0
585 16 30 0
2
42 135 
2
587 16 16 0
586 10 26 0
2
42 136 
2
588 16 16 0
587 16 26 0
2
42 137 
2
589 16 16 0
588 16 28 0
2
42 138 
2
590 16 16 0
589 10 20 0
2
42 139 
2
591 16 16 0
590 12 26 0
2
42 140 
2
592 16 16 0
591 14 18 0
2
42 141 
2
593 16 16 0
592 14 20 0
2
42 142 
2
594 16 16 0
593 8 12 0
2
42 143 
2
595 16 16 0
594 22 24 0
2
42 144 
2
596 16 16 0
595 24 18 0
2
42 145 
2
597 16 16 0
596 22 10 0
2
42 146 
2
598 16 16 0
597 30 12 0
2
42 147 
2
599 16 16 0
598 4 8 0
2
40 42 
2
599 10 16 0
600 16 16 0
2
41 43 
2
559 20 12 0
560 18 14 0
2
42 88 
2
601 16 16 0
600 12 4 0
2
43 166 
2
561 18 14 0
560 20 22 0
2
42 110 
2
602 16 16 0
601 6 20 0
2
43 167 
2
562 18 14 0
561 22 12 0
2
42 127 
2
603 16 16 0
602 12 18 0
2
43 168 
2
563 18 14 0
562 24 10 0
2
42 132 
2
604 16 16 0
603 8 16 0
2
42 133 
2
605 16 16 0
604 10 12 0
2
42 134 
2
606 16 16 0
605 16 30 0
2
42 135 
2
607 16 16 0
606 10 26 0
2
42 136 
2
608 16 16 0
607 16 26 0
2
42 137 
2
609 16 16 0
608 16 28 0
2
42 138 
2
610 16 16 0
609 10 20 0
2
42 139 
2
611 16 16 0
610 12 26 0
2
42 140 
2
612 16 16 0
611 14 18 0
2
42 141 
2
613 16 16 0
612 14 20 0
2
42 142 
2
614 16 16 0
613 8 12 0
2
42 143 
2
615 16 16 0
614 22 24 0
2
42 144 
2
616 16 16 0
615 24 18 0
2
42 145 
2
617 16 16 0
616 22 10 0
2
42 146 
2
618 16 16 0
617 30 12 0
2
42 147 
2
619 16 16 0
618 4 8 0
2
20 40 
2
599 14 16 0
600 10 16 0
2
21 41 
2
559 20 14 0
560 20 12 0
2
18 38 
2
554 4 18 0
555 4 16 0
2
19 39 
2
528 20 8 0
529 22 8 0
2
16 36 
2
457 4 24 0
458 4 22 0
2
17 37 
2
447 26 4 0
448 24 4 0
2
14 34 
2
328 4 26 0
329 2 24 0
2
15 35 
2
318 26 2 0
319 28 2 0
2
12 32 
2
59 2 26 0
60 2 28 0
2
13 33 
2
59 30 2 0
60 32 2 0
2
30 32 
2
60 4 28 0
61 2 28 0
2
31 33 
2
60 32 6 0
61 32 2 0
2
244 34 
2
329 34 34 0
330 2 24 0
2
32 34 
2
330 2 28 0
331 2 24 0
2
244 34 
2
332 34 34 0
332 2 24 0
2
12 34 
2
332 2 26 0
333 2 24 0
2
245 34 
2
333 34 32 0
334 2 24 0
2
32 34 
2
334 2 28 0
335 2 24 0
2
244 34 
2
335 34 34 0
336 2 24 0
2
245 35 
2
319 34 32 0
320 28 2 0
2
33 35 
2
320 32 2 0
321 28 2 0
2
245 35 
2
322 34 32 0
322 28 2 0
2
13 35 
2
322 30 2 0
323 28 2 0
2
247 35 
2
323 34 28 0
324 28 2 0
2
33 35 
2
324 32 2 0
325 28 2 0
2
245 35 
2
325 34 32 0
326 28 2 0
2
244 36 
2
458 34 34 0
459 4 22 0
2
34 36 
2
459 2 24 0
460 4 22 0
2
244 36 
2
461 34 34 0
461 4 22 0
2
14 36 
2
461 4 26 0
462 4 22 0
2
245 36 
2
462 34 32 0
463 4 22 0
2
34 36 
2
463 2 24 0
464 4 22 0
2
244 36 
2
464 34 34 0
465 4 22 0
2
244 37 
2
448 34 34 0
449 24 4 0
2
35 37 
2
449 28 2 0
450 24 4 0
2
244 37 
2
451 34 34 0
451 24 4 0
2
15 37 
2
451 26 2 0
452 24 4 0
2
246 37 
2
452 34 30 0
453 24 4 0
2
35 37 
2
453 28 2 0
454 24 4 0
2
245 37 
2
455 34 32 0
455 24 4 0
2
244 38 
2
555 34 34 0
556 4 16 0
2
36 38 
2
556 4 22 0
557 4 16 0
2
244 38 
2
558 34 34 0
558 4 16 0
2
16 38 
2
558 4 24 0
559 4 16 0
2
245 38 
2
559 34 32 0
560 4 16 0
2
36 38 
2
560 4 22 0
561 4 16 0
2
245 38 
2
562 34 32 0
562 4 16 0
2
245 39 
2
529 34 32 0
530 22 8 0
2
37 39 
2
530 24 4 0
531 22 8 0
2
246 39 
2
531 34 30 0
532 22 8 0
2
17 39 
2
532 26 4 0
533 22 8 0
2
246 39 
2
534 34 30 0
534 22 8 0
2
37 39 
2
534 24 4 0
535 22 8 0
2
244 39 
2
536 34 34 0
536 22 8 0
2
244 40 
2
600 34 34 0
601 10 16 0
2
38 40 
2
601 4 16 0
602 10 16 0
2
244 40 
2
603 34 34 0
603 10 16 0
2
18 40 
2
603 4 18 0
604 10 16 0
2
245 40 
2
604 34 32 0
605 10 16 0
2
38 40 
2
605 4 16 0
606 10 16 0
2
244 40 
2
606 34 34 0
607 10 16 0
2
244 41 
2
561 34 34 0
561 20 12 0
2
39 41 
2
561 22 8 0
562 20 12 0
2
246 41 
2
562 34 30 0
563 20 12 0
2
19 41 
2
563 20 8 0
564 20 12 0
2
245 41 
2
565 34 32 0
565 20 12 0
2
39 41 
2
565 22 8 0
566 20 12 0
2
244 41 
2
567 34 34 0
567 20 12 0
2
244 42 
2
619 34 34 0
620 16 16 0
2
40 42 
2
620 10 16 0
621 16 16 0
2
244 42 
2
622 34 34 0
622 16 16 0
2
20 42 
2
622 14 16 0
623 16 16 0
2
245 42 
2
623 34 32 0
624 16 16 0
2
40 42 
2
624 10 16 0
625 16 16 0
2
244 42 
2
625 34 34 0
626 16 16 0
2
244 43 
2
564 34 34 0
564 18 14 0
2
41 43 
2
568 20 12 0
567 18 14 0
2
245 43 
2
568 34 32 0
568 18 14 0
2
21 43 
2
568 20 14 0
569 18 14 0
2
244 43 
2
570 34 34 0
570 18 14 0
2
41 43 
2
570 20 12 0
571 18 14 0
2
245 43 
2
571 34 32 0
572 18 14 0
2
42 110 
2
627 16 16 0
626 6 20 0
2
43 167 
2
573 18 14 0
572 22 12 0
2
42 127 
2
628 16 16 0
627 12 18 0
2
43 168 
2
574 18 14 0
573 24 10 0
2
42 132 
2
629 16 16 0
628 8 16 0
2
43 169 
2
575 18 14 0
574 18 2 0
2
40 42 
2
629 10 16 0
630 16 16 0
2
41 43 
2
575 20 12 0
576 18 14 0
2
42 110 
2
631 16 16 0
630 6 20 0
2
43 167 
2
577 18 14 0
576 22 12 0
2
42 127 
2
632 16 16 0
631 12 18 0
2
43 168 
2
578 18 14 0
577 24 10 0
2
42 132 
2
633 16 16 0
632 8 16 0
2
43 169 
2
579 18 14 0
578 18 2 0
2
20 40 
2
629 14 16 0
630 10 16 0
2
21 41 
2
575 20 14 0
576 20 12 0
2
38 40 
2
630 4 16 0
631 10 16 0
2
39 41 
2
576 22 8 0
577 20 12 0
2
245 42 
2
633 34 32 0
634 16 16 0
2
40 42 
2
634 10 16 0
635 16 16 0
2
245 42 
2
636 34 32 0
636 16 16 0
2
20 42 
2
636 14 16 0
637 16 16 0
2
244 42 
2
638 34 34 0
638 16 16 0
2
40 42 
2
638 10 16 0
639 16 16 0
2
246 42 
2
639 34 30 0
640 16 16 0
2
245 43 
2
580 34 32 0
580 18 14 0
2
41 43 
2
580 20 12 0
581 18 14 0
2
244 43 
2
582 34 34 0
582 18 14 0
2
21 43 
2
582 20 14 0
583 18 14 0
2
246 43 
2
583 34 30 0
584 18 14 0
2
41 43 
2
584 20 12 0
585 18 14 0
2
245 43 
2
586 34 32 0
586 18 14 0
2
42 127 
2
641 16 16 0
640 12 18 0
2
43 166 
2
587 18 14 0
586 20 22 0
2
42 132 
2
642 16 16 0
641 8 16 0
2
43 167 
2
588 18 14 0
587 22 12 0
2
42 133 
2
643 16 16 0
642 10 12 0
2
43 168 
2
589 18 14 0
588 24 10 0
2
43 169 
2
590 18 14 0
589 18 2 0
2
43 170 
2
591 18 14 0
590 26 14 0
2
43 171 
2
592 18 14 0
591 20 4 0
2
43 172 
2
593 18 14 0
592 26 8 0
2
43 173 
2
594 18 14 0
593 26 6 0
2
43 174 
2
595 18 14 0
594 20 32 0
2
43 175 
2
596 18 14 0
595 6 8 0
2
43 176 
2
597 18 14 0
596 20 30 0
2
43 177 
2
598 18 14 0
597 8 4 0
2
43 178 
2
599 18 14 0
598 10 2 0
2
43 179 
2
600 18 14 0
599 30 22 0
2
43 180 
2
601 18 14 0
600 26 26 0
2
43 181 
2
602 18 14 0
601 32 20 0
2
43 182 
2
603 18 14 0
602 32 10 0
2
43 183 
2
604 18 14 0
603 2 8 0
2
43 184 
2
605 18 14 0
604 30 8 0
2
43 185 
2
606 18 14 0
605 24 30 0
2
43 186 
2
607 18 14 0
606 28 6 0
2
40 42 
2
643 10 16 0
644 16 16 0
2
41 43 
2
607 20 12 0
608 18 14 0
2
42 127 
2
645 16 16 0
644 12 18 0
2
43 166 
2
609 18 14 0
608 20 22 0
2
42 132 
2
646 16 16 0
645 8 16 0
2
43 167 
2
610 18 14 0
609 22 12 0
2
42 133 
2
647 16 16 0
646 10 12 0
2
43 168 
2
611 18 14 0
610 24 10 0
2
43 169 
2
612 18 14 0
611 18 2 0
2
43 170 
2
613 18 14 0
612 26 14 0
2
43 171 
2
614 18 14 0
613 20 4 0
2
43 172 
2
615 18 14 0
614 26 8 0
2
43 173 
2
616 18 14 0
615 26 6 0
2
43 174 
2
617 18 14 0
616 20 32 0
2
43 175 
2
618 18 14 0
617 6 8 0
2
43 176 
2
619 18 14 0
618 20 30 0
2
43 177 
2
620 18 14 0
619 8 4 0
2
43 178 
2
621 18 14 0
620 10 2 0
2
43 179 
2
622 18 14 0
621 30 22 0
2
43 180 
2
623 18 14 0
622 26 26 0
2
43 181 
2
624 18 14 0
623 32 20 0
2
43 182 
2
625 18 14 0
624 32 10 0
2
43 183 
2
626 18 14 0
625 2 8 0
2
43 184 
2
627 18 14 0
626 30 8 0
2
43 185 
2
628 18 14 0
627 24 30 0
2
43 186 
2
629 18 14 0
628 28 6 0
2
20 40 
2
643 14 16 0
644 10 16 0
2
21 41 
2
607 20 14 0
608 20 12 0
2
18 38 
2
630 4 18 0
631 4 16 0
2
19 39 
2
576 20 8 0
577 22 8 0
2
36 38 
2
631 4 22 0
632 4 16 0
2
37 39 
2
577 24 4 0
578 22 8 0
2
244 40 
2
644 34 34 0
645 10 16 0
2
38 40 
2
645 4 16 0
646 10 16 0
2
244 40 
2
647 34 34 0
647 10 16 0
2
18 40 
2
647 4 18 0
648 10 16 0
2
246 40 
2
648 34 30 0
649 10 16 0
2
38 40 
2
649 4 16 0
650 10 16 0
2
244 40 
2
650 34 34 0
651 10 16 0
2
244 41 
2
609 34 34 0
609 20 12 0
2
39 41 
2
609 22 8 0
610 20 12 0
2
245 41 
2
610 34 32 0
611 20 12 0
2
19 41 
2
611 20 8 0
612 20 12 0
2
244 41 
2
612 34 34 0
613 20 12 0
2
39 41 
2
613 22 8 0
614 20 12 0
2
244 41 
2
615 34 34 0
615 20 12 0
2
245 42 
2
647 34 32 0
648 16 16 0
2
40 42 
2
652 10 16 0
651 16 16 0
2
245 42 
2
651 34 32 0
652 16 16 0
2
20 42 
2
652 14 16 0
653 16 16 0
2
244 42 
2
653 34 34 0
654 16 16 0
2
40 42 
2
654 10 16 0
655 16 16 0
2
244 42 
2
656 34 34 0
656 16 16 0
2
244 43 
2
629 34 34 0
630 18 14 0
2
41 43 
2
630 20 12 0
631 18 14 0
2
244 43 
2
632 34 34 0
632 18 14 0
2
21 43 
2
632 20 14 0
633 18 14 0
2
246 43 
2
633 34 30 0
634 18 14 0
2
41 43 
2
634 20 12 0
635 18 14 0
2
246 43 
2
636 34 30 0
636 18 14 0
2
42 110 
2
657 16 16 0
656 6 20 0
2
43 167 
2
637 18 14 0
636 22 12 0
2
42 127 
2
658 16 16 0
657 12 18 0
2
43 168 
2
638 18 14 0
637 24 10 0
2
42 132 
2
659 16 16 0
658 8 16 0
2
43 169 
2
639 18 14 0
638 18 2 0
2
42 133 
2
660 16 16 0
659 10 12 0
2
43 170 
2
640 18 14 0
639 26 14 0
2
42 134 
2
661 16 16 0
660 16 30 0
2
43 171 
2
641 18 14 0
640 20 4 0
2
42 135 
2
662 16 16 0
661 10 26 0
2
43 172 
2
642 18 14 0
641 26 8 0
2
42 136 
2
663 16 16 0
662 16 26 0
2
43 173 
2
643 18 14 0
642 26 6 0
2
42 137 
2
664 16 16 0
663 16 28 0
2
43 174 
2
644 18 14 0
643 20 32 0
2
42 138 
2
665 16 16 0
664 10 20 0
2
43 175 
2
645 18 14 0
644 6 8 0
2
42 139 
2
666 16 16 0
665 12 26 0
2
43 176 
2
646 18 14 0
645 20 30 0
2
42 140 
2
667 16 16 0
666 14 18 0
2
43 177 
2
647 18 14 0
646 8 4 0
2
42 141 
2
668 16 16 0
667 14 20 0
2
43 178 
2
648 18 14 0
647 10 2 0
2
42 142 
2
669 16 16 0
668 8 12 0
2
43 179 
2
649 18 14 0
648 30 22 0
2
42 143 
2
670 16 16 0
669 22 24 0
2
43 180 
2
650 18 14 0
649 26 26 0
2
42 144 
2
671 16 16 0
670 24 18 0
2
43 181 
2
651 18 14 0
650 32 20 0
2
42 145 
2
672 16 16 0
671 22 10 0
2
43 182 
2
652 18 14 0
651 32 10 0
2
42 146 
2
673 16 16 0
672 30 12 0
2
43 183 
2
653 18 14 0
652 2 8 0
2
42 147 
2
674 16 16 0
673 4 8 0
2
43 184 
2
654 18 14 0
653 30 8 0
2
42 148 
2
675 16 16 0
674 12 30 0
2
43 185 
2
655 18 14 0
654 24 30 0
2
42 165 
2
676 16 16 0
675 4 20 0
2
43 186 
2
656 18 14 0
655 28 6 0
2
42 187 
2
677 16 16 0
676 12 28 0
2
43 188 
2
657 18 14 0
656 30 6 0
2
40 42 
2
677 10 16 0
678 16 16 0
2
41 43 
2
657 20 12 0
658 18 14 0
2
42 110 
2
679 16 16 0
678 6 20 0
2
43 167 
2
659 18 14 0
658 22 12 0
2
42 127 
2
680 16 16 0
679 12 18 0
2
43 168 
2
660 18 14 0
659 24 10 0
2
42 132 
2
681 16 16 0
680 8 16 0
2
43 169 
2
661 18 14 0
660 18 2 0
2
42 133 
2
682 16 16 0
681 10 12 0
2
43 170 
2
662 18 14 0
661 26 14 0
2
42 134 
2
683 16 16 0
682 16 30 0
2
43 171 
2
663 18 14 0
662 20 4 0
2
42 135 
2
684 16 16 0
683 10 26 0
2
43 172 
2
664 18 14 0
663 26 8 0
2
42 136 
2
685 16 16 0
684 16 26 0
2
43 173 
2
665 18 14 0
664 26 6 0
2
42 137 
2
686 16 16 0
685 16 28 0
2
43 174 
2
666 18 14 0
665 20 32 0
2
42 138 
2
687 16 16 0
686 10 20 0
2
43 175 
2
667 18 14 0
666 6 8 0
2
42 139 
2
688 16 16 0
687 12 26 0
2
43 176 
2
668 18 14 0
667 20 30 0
2
42 140 
2
689 16 16 0
688 14 18 0
2
43 177 
2
669 18 14 0
668 8 4 0
2
42 141 
2
690 16 16 0
689 14 20 0
2
43 178 
2
670 18 14 0
669 10 2 0
2
42 142 
2
691 16 16 0
690 8 12 0
2
43 179 
2
671 18 14 0
670 30 22 0
2
42 143 
2
692 16 16 0
691 22 24 0
2
43 180 
2
672 18 14 0
671 26 26 0
2
42 144 
2
693 16 16 0
692 24 18 0
2
43 181 
2
673 18 14 0
672 32 20 0
2
42 145 
2
694 16 16 0
693 22 10 0
2
43 182 
2
674 18 14 0
673 32 10 0
2
42 146 
2
695 16 16 0
694 30 12 0
2
43 183 
2
675 18 14 0
674 2 8 0
2
42 147 
2
696 16 16 0
695 4 8 0
2
43 184 
2
676 18 14 0
675 30 8 0
2
42 148 
2
697 16 16 0
696 12 30 0
2
43 185 
2
677 18 14 0
676 24 30 0
2
42 165 
2
698 16 16 0
697 4 20 0
2
43 186 
2
678 18 14 0
677 28 6 0
2
42 187 
2
699 16 16 0
698 12 28 0
2
43 188 
2
679 18 14 0
678 30 6 0
2
20 40 
2
677 14 16 0
678 10 16 0
2
21 41 
2
657 20 14 0
658 20 12 0
2
38 40 
2
678 4 16 0
679 10 16 0
2
39 41 
2
658 22 8 0
659 20 12 0
2
244 42 
2
699 34 34 0
700 16 16 0
2
40 42 
2
700 10 16 0
701 16 16 0
2
244 42 
2
702 34 34 0
702 16 16 0
2
20 42 
2
702 14 16 0
703 16 16 0
2
245 42 
2
703 34 32 0
704 16 16 0
2
40 42 
2
704 10 16 0
705 16 16 0
2
244 42 
2
705 34 34 0
706 16 16 0
2
245 43 
2
679 34 32 0
680 18 14 0
2
41 43 
2
680 20 12 0
681 18 14 0
2
245 43 
2
682 34 32 0
682 18 14 0
2
21 43 
2
682 20 14 0
683 18 14 0
2
247 43 
2
683 34 28 0
684 18 14 0
2
41 43 
2
684 20 12 0
685 18 14 0
2
245 43 
2
685 34 32 0
686 18 14 0
2
42 127 
2
707 16 16 0
706 12 18 0
2
43 186 
2
687 18 14 0
686 28 6 0
2
42 132 
2
708 16 16 0
707 8 16 0
2
43 188 
2
688 18 14 0
687 30 6 0
2
42 133 
2
709 16 16 0
708 10 12 0
2
43 189 
2
689 18 14 0
688 32 8 0
2
42 134 
2
710 16 16 0
709 16 30 0
2
42 135 
2
711 16 16 0
710 10 26 0
2
42 136 
2
712 16 16 0
711 16 26 0
2
42 137 
2
713 16 16 0
712 16 28 0
2
42 138 
2
714 16 16 0
713 10 20 0
2
42 139 
2
715 16 16 0
714 12 26 0
2
42 140 
2
716 16 16 0
715 14 18 0
2
42 141 
2
717 16 16 0
716 14 20 0
2
42 142 
2
718 16 16 0
717 8 12 0
2
42 143 
2
719 16 16 0
718 22 24 0
2
42 144 
2
720 16 16 0
719 24 18 0
2
42 145 
2
721 16 16 0
720 22 10 0
2
42 146 
2
722 16 16 0
721 30 12 0
2
42 147 
2
723 16 16 0
722 4 8 0
2
42 148 
2
724 16 16 0
723 12 30 0
2
42 165 
2
725 16 16 0
724 4 20 0
2
42 187 
2
726 16 16 0
725 12 28 0
2
42 190 
2
727 16 16 0
726 26 16 0
2
40 42 
2
727 10 16 0
728 16 16 0
2
41 43 
2
689 20 12 0
690 18 14 0
2
42 127 
2
729 16 16 0
728 12 18 0
2
43 186 
2
691 18 14 0
690 28 6 0
2
42 132 
2
730 16 16 0
729 8 16 0
2
43 188 
2
692 18 14 0
691 30 6 0
2
42 133 
2
731 16 16 0
730 10 12 0
2
43 189 
2
693 18 14 0
692 32 8 0
2
42 134 
2
732 16 16 0
731 16 30 0
2
42 135 
2
733 16 16 0
732 10 26 0
2
42 136 
2
734 16 16 0
733 16 26 0
2
42 137 
2
735 16 16 0
734 16 28 0
2
42 138 
2
736 16 16 0
735 10 20 0
2
42 139 
2
737 16 16 0
736 12 26 0
2
42 140 
2
738 16 16 0
737 14 18 0
2
42 141 
2
739 16 16 0
738 14 20 0
2
42 142 
2
740 16 16 0
739 8 12 0
2
42 143 
2
741 16 16 0
740 22 24 0
2
42 144 
2
742 16 16 0
741 24 18 0
2
42 145 
2
743 16 16 0
742 22 10 0
2
42 146 
2
744 16 16 0
743 30 12 0
2
42 147 
2
745 16 16 0
744 4 8 0
2
42 148 
2
746 16 16 0
745 12 30 0
2
42 165 
2
747 16 16 0
746 4 20 0
2
42 187 
2
748 16 16 0
747 12 28 0
2
42 190 
2
749 16 16 0
748 26 16 0
2
20 40 
2
727 14 16 0
728 10 16 0
2
21 41 
2
689 20 14 0
690 20 12 0
2
18 38 
2
678 4 18 0
679 4 16 0
2
19 39 
2
658 20 8 0
659 22 8 0
2
16 36 
2
631 4 24 0
632 4 22 0
2
17 37 
2
577 26 4 0
578 24 4 0
2
34 36 
2
632 2 24 0
633 4 22 0
2
35 37 
2
578 28 2 0
579 24 4 0
2
244 38 
2
679 34 34 0
680 4 16 0
2
36 38 
2
680 4 22 0
681 4 16 0
2
244 38 
2
682 34 34 0
682 4 16 0
2
16 38 
2
682 4 24 0
683 4 16 0
2
246 38 
2
683 34 30 0
684 4 16 0
2
36 38 
2
684 4 22 0
685 4 16 0
2
244 38 
2
685 34 34 0
686 4 16 0
2
244 39 
2
659 34 34 0
660 22 8 0
2
37 39 
2
660 24 4 0
661 22 8 0
2
244 39 
2
662 34 34 0
662 22 8 0
2
17 39 
2
662 26 4 0
663 22 8 0
2
245 39 
2
663 34 32 0
664 22 8 0
2
37 39 
2
664 24 4 0
665 22 8 0
2
244 39 
2
665 34 34 0
666 22 8 0
2
244 40 
2
729 34 34 0
729 10 16 0
2
38 40 
2
729 4 16 0
730 10 16 0
2
246 40 
2
730 34 30 0
731 10 16 0
2
18 40 
2
731 4 18 0
732 10 16 0
2
245 40 
2
733 34 32 0
733 10 16 0
2
38 40 
2
733 4 16 0
734 10 16 0
2
244 40 
2
735 34 34 0
735 10 16 0
2
244 41 
2
690 34 34 0
691 20 12 0
2
39 41 
2
691 22 8 0
692 20 12 0
2
244 41 
2
693 34 34 0
693 20 12 0
2
19 41 
2
693 20 8 0
694 20 12 0
2
246 41 
2
694 34 30 0
695 20 12 0
2
39 41 
2
695 22 8 0
696 20 12 0
2
244 41 
2
696 34 34 0
697 20 12 0
2
244 42 
2
749 34 34 0
750 16 16 0
2
40 42 
2
750 10 16 0
751 16 16 0
2
244 42 
2
752 34 34 0
752 16 16 0
2
20 42 
2
752 14 16 0
753 16 16 0
2
245 42 
2
753 34 32 0
754 16 16 0
2
40 42 
2
754 10 16 0
755 16 16 0
2
244 42 
2
755 34 34 0
756 16 16 0
2
245 43 
2
693 34 32 0
694 18 14 0
2
41 43 
2
698 20 12 0
697 18 14 0
2
245 43 
2
697 34 32 0
698 18 14 0
2
21 43 
2
698 20 14 0
699 18 14 0
2
245 43 
2
700 34 32 0
700 18 14 0
2
41 43 
2
700 20 12 0
701 18 14 0
2
246 43 
2
701 34 30 0
702 18 14 0
2
42 148 
2
757 16 16 0
756 12 30 0
2
43 188 
2
703 18 14 0
702 30 6 0
2
42 165 
2
758 16 16 0
757 4 20 0
2
43 189 
2
704 18 14 0
703 32 8 0
2
42 187 
2
759 16 16 0
758 12 28 0
2
43 191 
2
705 18 14 0
704 28 4 0
2
40 42 
2
759 10 16 0
760 16 16 0
2
41 43 
2
705 20 12 0
706 18 14 0
2
42 148 
2
761 16 16 0
760 12 30 0
2
43 188 
2
707 18 14 0
706 30 6 0
2
42 165 
2
762 16 16 0
761 4 20 0
2
43 189 
2
708 18 14 0
707 32 8 0
2
42 187 
2
763 16 16 0
762 12 28 0
2
43 191 
2
709 18 14 0
708 28 4 0
2
20 40 
2
759 14 16 0
760 10 16 0
2
21 41 
2
705 20 14 0
706 20 12 0
2
38 40 
2
760 4 16 0
761 10 16 0
2
39 41 
2
706 22 8 0
707 20 12 0
2
245 42 
2
763 34 32 0
764 16 16 0
2
40 42 
2
764 10 16 0
765 16 16 0
2
245 42 
2
766 34 32 0
766 16 16 0
2
20 42 
2
766 14 16 0
767 16 16 0
2
244 42 
2
768 34 34 0
768 16 16 0
2
40 42 
2
768 10 16 0
769 16 16 0
2
247 42 
2
769 34 28 0
770 16 16 0
2
245 43 
2
709 34 32 0
710 18 14 0
2
41 43 
2
710 20 12 0
711 18 14 0
2
245 43 
2
712 34 32 0
712 18 14 0
2
21 43 
2
712 20 14 0
713 18 14 0
2
244 43 
2
714 34 34 0
714 18 14 0
2
41 43 
2
714 20 12 0
715 18 14 0
2
246 43 
2
715 34 30 0
716 18 14 0
2
42 165 
2
771 16 16 0
770 4 20 0
2
43 79 
2
717 18 14 0
716 2 20 0
2
42 187 
2
772 16 16 0
771 12 28 0
2
43 80 
2
718 18 14 0
717 24 28 0
2
42 190 
2
773 16 16 0
772 26 16 0
2
43 81 
2
719 18 14 0
718 6 6 0
2
40 42 
2
773 10 16 0
774 16 16 0
2
41 43 
2
719 20 12 0
720 18 14 0
2
42 165 
2
775 16 16 0
774 4 20 0
2
43 79 
2
721 18 14 0
720 2 20 0
2
42 187 
2
776 16 16 0
775 12 28 0
2
43 80 
2
722 18 14 0
721 24 28 0
2
42 190 
2
777 16 16 0
776 26 16 0
2
43 81 
2
723 18 14 0
722 6 6 0
2
20 40 
2
773 14 16 0
774 10 16 0
2
21 41 
2
719 20 14 0
720 20 12 0
2
18 38 
2
760 4 18 0
761 4 16 0
2
19 39 
2
706 20 8 0
707 22 8 0
2
36 38 
2
761 4 22 0
762 4 16 0
2
37 39 
2
707 24 4 0
708 22 8 0
2
244 40 
2
774 34 34 0
775 10 16 0
2
38 40 
2
775 4 16 0
776 10 16 0
2
244 40 
2
777 34 34 0
777 10 16 0
2
18 40 
2
777 4 18 0
778 10 16 0
2
246 40 
2
778 34 30 0
779 10 16 0
2
38 40 
2
779 4 16 0
780 10 16 0
2
244 40 
2
780 34 34 0
781 10 16 0
2
244 41 
2
720 34 34 0
721 20 12 0
2
39 41 
2
721 22 8 0
722 20 12 0
2
244 41 
2
723 34 34 0
723 20 12 0
2
19 41 
2
723 20 8 0
724 20 12 0
2
246 41 
2
724 34 30 0
725 20 12 0
2
39 41 
2
725 22 8 0
726 20 12 0
2
244 41 
2
726 34 34 0
727 20 12 0
2
245 42 
2
778 34 32 0
778 16 16 0
2
40 42 
2
782 10 16 0
781 16 16 0
2
245 42 
2
781 34 32 0
782 16 16 0
2
20 42 
2
782 14 16 0
783 16 16 0
2
244 42 
2
783 34 34 0
784 16 16 0
2
40 42 
2
784 10 16 0
785 16 16 0
2
244 42 
2
786 34 34 0
786 16 16 0
2
245 43 
2
723 34 32 0
724 18 14 0
2
41 43 
2
728 20 12 0
727 18 14 0
2
245 43 
2
727 34 32 0
728 18 14 0
2
21 43 
2
728 20 14 0
729 18 14 0
2
245 43 
2
730 34 32 0
730 18 14 0
2
41 43 
2
730 20 12 0
731 18 14 0
2
244 43 
2
732 34 34 0
732 18 14 0
2
42 148 
2
787 16 16 0
786 12 30 0
2
43 80 
2
733 18 14 0
732 24 28 0
2
42 165 
2
788 16 16 0
787 4 20 0
2
43 81 
2
734 18 14 0
733 6 6 0
2
42 187 
2
789 16 16 0
788 12 28 0
2
43 82 
2
735 18 14 0
734 28 22 0
2
42 190 
2
790 16 16 0
789 26 16 0
2
42 192 
2
791 16 16 0
790 18 26 0
2
42 193 
2
792 16 16 0
791 6 16 0
2
42 194 
2
793 16 16 0
792 14 22 0
2
42 195 
2
794 16 16 0
793 10 22 0
2
42 196 
2
795 16 16 0
794 8 18 0
2
42 197 
2
796 16 16 0
795 16 22 0
2
42 198 
2
797 16 16 0
796 16 18 0
2
42 199 
2
798 16 16 0
797 14 28 0
2
42 200 
2
799 16 16 0
798 10 18 0
2
42 201 
2
800 16 16 0
799 18 20 0
2
42 202 
2
801 16 16 0
800 14 14 0
2
42 203 
2
802 16 16 0
801 2 14 0
2
42 204 
2
803 16 16 0
802 20 20 0
2
42 205 
2
804 16 16 0
803 18 10 0
2
42 206 
2
805 16 16 0
804 26 24 0
2
42 207 
2
806 16 16 0
805 4 10 0
2
42 208 
2
807 16 16 0
806 32 16 0
2
40 42 
2
807 10 16 0
808 16 16 0
2
41 43 
2
735 20 12 0
736 18 14 0
2
42 148 
2
809 16 16 0
808 12 30 0
2
43 80 
2
737 18 14 0
736 24 28 0
2
42 165 
2
810 16 16 0
809 4 20 0
2
43 81 
2
738 18 14 0
737 6 6 0
2
42 187 
2
811 16 16 0
810 12 28 0
2
43 82 
2
739 18 14 0
738 28 22 0
2
42 190 
2
812 16 16 0
811 26 16 0
2
42 192 
2
813 16 16 0
812 18 26 0
2
42 193 
2
814 16 16 0
813 6 16 0
2
42 194 
2
815 16 16 0
814 14 22 0
2
42 195 
2
816 16 16 0
815 10 22 0
2
42 196 
2
817 16 16 0
816 8 18 0
2
42 197 
2
818 16 16 0
817 16 22 0
2
42 198 
2
819 16 16 0
818 16 18 0
2
42 199 
2
820 16 16 0
819 14 28 0
2
42 200 
2
821 16 16 0
820 10 18 0
2
42 201 
2
822 16 16 0
821 18 20 0
2
42 202 
2
823 16 16 0
822 14 14 0
2
42 203 
2
824 16 16 0
823 2 14 0
2
42 204 
2
825 16 16 0
824 20 20 0
2
42 205 
2
826 16 16 0
825 18 10 0
2
42 206 
2
827 16 16 0
826 26 24 0
2
42 207 
2
828 16 16 0
827 4 10 0
2
42 208 
2
829 16 16 0
828 32 16 0
2
20 40 
2
807 14 16 0
808 10 16 0
2
21 41 
2
735 20 14 0
736 20 12 0
2
38 40 
2
808 4 16 0
809 10 16 0
2
39 41 
2
736 22 8 0
737 20 12 0
2
244 42 
2
830 34 34 0
830 16 16 0
2
40 42 
2
830 10 16 0
831 16 16 0
2
245 42 
2
831 34 32 0
832 16 16 0
2
20 42 
2
832 14 16 0
833 16 16 0
2
244 42 
2
833 34 34 0
834 16 16 0
2
40 42 
2
834 10 16 0
835 16 16 0
2
244 42 
2
836 34 34 0
836 16 16 0
2
245 43 
2
739 34 32 0
740 18 14 0
2
41 43 
2
740 20 12 0
741 18 14 0
2
244 43 
2
741 34 34 0
742 18 14 0
2
21 43 
2
742 20 14 0
743 18 14 0
2
244 43 
2
744 34 34 0
744 18 14 0
2
41 43 
2
744 20 12 0
745 18 14 0
2
245 43 
2
745 34 32 0
746 18 14 0
2
42 165 
2
837 16 16 0
836 4 20 0
2
43 79 
2
747 18 14 0
746 2 20 0
2
42 187 
2
838 16 16 0
837 12 28 0
2
43 80 
2
748 18 14 0
747 24 28 0
2
42 190 
2
839 16 16 0
838 26 16 0
2
43 81 
2
749 18 14 0
748 6 6 0
2
42 192 
2
840 16 16 0
839 18 26 0
2
43 82 
2
750 18 14 0
749 28 22 0
2
42 193 
2
841 16 16 0
840 6 16 0
2
43 83 
2
751 18 14 0
750 10 4 0
2
42 194 
2
842 16 16 0
841 14 22 0
2
43 84 
2
752 18 14 0
751 28 24 0
2
42 195 
2
843 16 16 0
842 10 22 0
2
43 85 
2
753 18 14 0
752 30 20 0
2
42 196 
2
844 16 16 0
843 8 18 0
2
43 88 
2
754 18 14 0
753 12 4 0
2
42 197 
2
845 16 16 0
844 16 22 0
2
43 110 
2
755 18 14 0
754 6 20 0
2
42 198 
2
846 16 16 0
845 16 18 0
2
43 127 
2
756 18 14 0
755 12 18 0
2
42 199 
2
847 16 16 0
846 14 28 0
2
43 132 
2
757 18 14 0
756 8 16 0
2
42 200 
2
848 16 16 0
847 10 18 0
2
43 133 
2
758 18 14 0
757 10 12 0
2
42 201 
2
849 16 16 0
848 18 20 0
2
43 134 
2
759 18 14 0
758 16 30 0
2
42 202 
2
850 16 16 0
849 14 14 0
2
43 135 
2
760 18 14 0
759 10 26 0
2
42 203 
2
851 16 16 0
850 2 14 0
2
43 136 
2
761 18 14 0
760 16 26 0
2
42 204 
2
852 16 16 0
851 20 20 0
2
43 137 
2
762 18 14 0
761 16 28 0
2
42 205 
2
853 16 16 0
852 18 10 0
2
43 138 
2
763 18 14 0
762 10 20 0
2
42 206 
2
854 16 16 0
853 26 24 0
2
43 139 
2
764 18 14 0
763 12 26 0
2
42 207 
2
855 16 16 0
854 4 10 0
2
43 140 
2
765 18 14 0
764 14 18 0
2
42 208 
2
856 16 16 0
855 32 16 0
2
43 141 
2
766 18 14 0
765 14 20 0
2
42 209 
2
857 16 16 0
856 2 18 0
2
43 142 
2
767 18 14 0
766 8 12 0
2
40 42 
2
857 10 16 0
858 16 16 0
2
41 43 
2
767 20 12 0
768 18 14 0
2
42 165 
2
859 16 16 0
858 4 20 0
2
43 79 
2
769 18 14 0
768 2 20 0
2
42 187 
2
860 16 16 0
859 12 28 0
2
43 80 
2
770 18 14 0
769 24 28 0
2
42 190 
2
861 16 16 0
860 26 16 0
2
43 81 
2
771 18 14 0
770 6 6 0
2
42 192 
2
862 16 16 0
861 18 26 0
2
43 82 
2
772 18 14 0
771 28 22 0
2
42 193 
2
863 16 16 0
862 6 16 0
2
43 83 
2
773 18 14 0
772 10 4 0
2
42 194 
2
864 16 16 0
863 14 22 0
2
43 84 
2
774 18 14 0
773 28 24 0
2
42 195 
2
865 16 16 0
864 10 22 0
2
43 85 
2
775 18 14 0
774 30 20 0
2
42 196 
2
866 16 16 0
865 8 18 0
2
43 88 
2
776 18 14 0
775 12 4 0
2
42 197 
2
867 16 16 0
866 16 22 0
2
43 110 
2
777 18 14 0
776 6 20 0
2
42 198 
2
868 16 16 0
867 16 18 0
2
43 127 
2
778 18 14 0
777 12 18 0
2
42 199 
2
869 16 16 0
868 14 28 0
2
43 132 
2
779 18 14 0
778 8 16 0
2
42 200 
2
870 16 16 0
869 10 18 0
2
43 133 
2
780 18 14 0
779 10 12 0
2
42 201 
2
871 16 16 0
870 18 20 0
2
43 134 
2
781 18 14 0
780 16 30 0
2
42 202 
2
872 16 16 0
871 14 14 0
2
43 135 
2
782 18 14 0
781 10 26 0
2
42 203 
2
873 16 16 0
872 2 14 0
2
43 136 
2
783 18 14 0
782 16 26 0
2
42 204 
2
874 16 16 0
873 20 20 0
2
43 137 
2
784 18 14 0
783 16 28 0
2
42 205 
2
875 16 16 0
874 18 10 0
2
43 138 
2
785 18 14 0
784 10 20 0
2
42 206 
2
876 16 16 0
875 26 24 0
2
43 139 
2
786 18 14 0
785 12 26 0
2
42 207 
2
877 16 16 0
876 4 10 0
2
43 140 
2
787 18 14 0
786 14 18 0
2
42 208 
2
878 16 16 0
877 32 16 0
2
43 141 
2
788 18 14 0
787 14 20 0
2
42 209 
2
879 16 16 0
878 2 18 0
2
43 142 
2
789 18 14 0
788 8 12 0
2
20 40 
2
857 14 16 0
858 10 16 0
2
21 41 
2
767 20 14 0
768 20 12 0
2
18 38 
2
808 4 18 0
809 4 16 0
2
19 39 
2
736 20 8 0
737 22 8 0
2
16 36 
2
761 4 24 0
762 4 22 0
2
17 37 
2
707 26 4 0
708 24 4 0
2
14 34 
2
632 4 26 0
633 2 24 0
2
15 35 
2
578 26 2 0
579 28 2 0
2
32 34 
2
633 2 28 0
634 2 24 0
2
33 35 
2
579 32 2 0
580 28 2 0
2
244 36 
2
762 34 34 0
763 4 22 0
2
34 36 
2
763 2 24 0
764 4 22 0
2
244 36 
2
765 34 34 0
765 4 22 0
2
14 36 
2
765 4 26 0
766 4 22 0
2
246 36 
2
766 34 30 0
767 4 22 0
2
34 36 
2
767 2 24 0
768 4 22 0
2
245 36 
2
769 34 32 0
769 4 22 0
2
244 37 
2
708 34 34 0
709 24 4 0
2
35 37 
2
709 28 2 0
710 24 4 0
2
244 37 
2
711 34 34 0
711 24 4 0
2
15 37 
2
711 26 2 0
712 24 4 0
2
246 37 
2
712 34 30 0
713 24 4 0
2
35 37 
2
713 28 2 0
714 24 4 0
2
245 37 
2
715 34 32 0
715 24 4 0
2
244 38 
2
809 34 34 0
810 4 16 0
2
36 38 
2
810 4 22 0
811 4 16 0
2
244 38 
2
812 34 34 0
812 4 16 0
2
16 38 
2
812 4 24 0
813 4 16 0
2
245 38 
2
813 34 32 0
814 4 16 0
2
36 38 
2
814 4 22 0
815 4 16 0
2
244 38 
2
815 34 34 0
816 4 16 0
2
244 39 
2
738 34 34 0
738 22 8 0
2
37 39 
2
738 24 4 0
739 22 8 0
2
246 39 
2
739 34 30 0
740 22 8 0
2
17 39 
2
740 26 4 0
741 22 8 0
2
245 39 
2
742 34 32 0
742 22 8 0
2
37 39 
2
742 24 4 0
743 22 8 0
2
246 39 
2
743 34 30 0
744 22 8 0
2
244 40 
2
859 34 34 0
859 10 16 0
2
38 40 
2
859 4 16 0
860 10 16 0
2
246 40 
2
860 34 30 0
861 10 16 0
2
18 40 
2
861 4 18 0
862 10 16 0
2
245 40 
2
863 34 32 0
863 10 16 0
2
38 40 
2
863 4 16 0
864 10 16 0
2
244 40 
2
865 34 34 0
865 10 16 0
2
246 41 
2
769 34 30 0
769 20 12 0
2
39 41 
2
769 22 8 0
770 20 12 0
2
244 41 
2
771 34 34 0
771 20 12 0
2
19 41 
2
771 20 8 0
772 20 12 0
2
245 41 
2
772 34 32 0
773 20 12 0
2
39 41 
2
773 22 8 0
774 20 12 0
2
245 41 
2
775 34 32 0
775 20 12 0
2
244 42 
2
879 34 34 0
880 16 16 0
2
40 42 
2
880 10 16 0
881 16 16 0
2
244 42 
2
882 34 34 0
882 16 16 0
2
20 42 
2
882 14 16 0
883 16 16 0
2
245 42 
2
883 34 32 0
884 16 16 0
2
40 42 
2
884 10 16 0
885 16 16 0
2
244 42 
2
885 34 34 0
886 16 16 0
2
244 43 
2
789 34 34 0
790 18 14 0
2
41 43 
2
790 20 12 0
791 18 14 0
2
244 43 
2
792 34 34 0
792 18 14 0
2
21 43 
2
792 20 14 0
793 18 14 0
2
245 43 
2
793 34 32 0
794 18 14 0
2
41 43 
2
794 20 12 0
795 18 14 0
2
244 43 
2
795 34 34 0
796 18 14 0
2
42 148 
2
887 16 16 0
886 12 30 0
2
43 80 
2
797 18 14 0
796 24 28 0
2
42 165 
2
888 16 16 0
887 4 20 0
2
43 81 
2
798 18 14 0
797 6 6 0
2
42 187 
2
889 16 16 0
888 12 28 0
2
43 82 
2
799 18 14 0
798 28 22 0
2
42 190 
2
890 16 16 0
889 26 16 0
2
43 83 
2
800 18 14 0
799 10 4 0
2
42 192 
2
891 16 16 0
890 18 26 0
2
43 84 
2
801 18 14 0
800 28 24 0
2
42 193 
2
892 16 16 0
891 6 16 0
2
43 85 
2
802 18 14 0
801 30 20 0
2
42 194 
2
893 16 16 0
892 14 22 0
2
43 88 
2
803 18 14 0
802 12 4 0
2
42 195 
2
894 16 16 0
893 10 22 0
2
43 110 
2
804 18 14 0
803 6 20 0
2
42 196 
2
895 16 16 0
894 8 18 0
2
43 127 
2
805 18 14 0
804 12 18 0
2
42 197 
2
896 16 16 0
895 16 22 0
2
43 132 
2
806 18 14 0
805 8 16 0
2
42 198 
2
897 16 16 0
896 16 18 0
2
43 133 
2
807 18 14 0
806 10 12 0
2
42 199 
2
898 16 16 0
897 14 28 0
2
43 134 
2
808 18 14 0
807 16 30 0
2
42 200 
2
899 16 16 0
898 10 18 0
2
43 135 
2
809 18 14 0
808 10 26 0
2
42 201 
2
900 16 16 0
899 18 20 0
2
43 136 
2
810 18 14 0
809 16 26 0
2
42 202 
2
901 16 16 0
900 14 14 0
2
43 137 
2
811 18 14 0
810 16 28 0
2
42 203 
2
902 16 16 0
901 2 14 0
2
43 138 
2
812 18 14 0
811 10 20 0
2
42 204 
2
903 16 16 0
902 20 20 0
2
43 139 
2
813 18 14 0
812 12 26 0
2
42 205 
2
904 16 16 0
903 18 10 0
2
43 140 
2
814 18 14 0
813 14 18 0
2
42 206 
2
905 16 16 0
904 26 24 0
2
43 141 
2
815 18 14 0
814 14 20 0
2
43 142 
2
816 18 14 0
815 8 12 0
2
43 143 
2
817 18 14 0
816 22 24 0
2
40 42 
2
905 10 16 0
906 16 16 0
2
41 43 
2
817 20 12 0
818 18 14 0
2
42 148 
2
907 16 16 0
906 12 30 0
2
43 80 
2
819 18 14 0
818 24 28 0
2
42 165 
2
908 16 16 0
907 4 20 0
2
43 81 
2
820 18 14 0
819 6 6 0
2
42 187 
2
909 16 16 0
908 12 28 0
2
43 82 
2
821 18 14 0
820 28 22 0
2
42 190 
2
910 16 16 0
909 26 16 0
2
43 83 
2
822 18 14 0
821 10 4 0
2
42 192 
2
911 16 16 0
910 18 26 0
2
43 84 
2
823 18 14 0
822 28 24 0
2
42 193 
2
912 16 16 0
911 6 16 0
2
43 85 
2
824 18 14 0
823 30 20 0
2
42 194 
2
913 16 16 0
912 14 22 0
2
43 88 
2
825 18 14 0
824 12 4 0
2
42 195 
2
914 16 16 0
913 10 22 0
2
43 110 
2
826 18 14 0
825 6 20 0
2
42 196 
2
915 16 16 0
914 8 18 0
2
43 127 
2
827 18 14 0
826 12 18 0
2
42 197 
2
916 16 16 0
915 16 22 0
2
43 132 
2
828 18 14 0
827 8 16 0
2
42 198 
2
917 16 16 0
916 16 18 0
2
43 133 
2
829 18 14 0
828 10 12 0
2
42 199 
2
918 16 16 0
917 14 28 0
2
43 134 
2
830 18 14 0
829 16 30 0
2
42 200 
2
919 16 16 0
918 10 18 0
2
43 135 
2
831 18 14 0
830 10 26 0
2
42 201 
2
920 16 16 0
919 18 20 0
2
43 136 
2
832 18 14 0
831 16 26 0
2
42 202 
2
921 16 16 0
920 14 14 0
2
43 137 
2
833 18 14 0
832 16 28 0
2
42 203 
2
922 16 16 0
921 2 14 0
2
43 138 
2
834 18 14 0
833 10 20 0
2
42 204 
2
923 16 16 0
922 20 20 0
2
43 139 
2
835 18 14 0
834 12 26 0
2
42 205 
2
924 16 16 0
923 18 10 0
2
43 140 
2
836 18 14 0
835 14 18 0
2
42 206 
2
925 16 16 0
924 26 24 0
2
43 141 
2
837 18 14 0
836 14 20 0
2
43 142 
2
838 18 14 0
837 8 12 0
2
43 143 
2
839 18 14 0
838 22 24 0
2
20 40 
2
905 14 16 0
906 10 16 0
2
21 41 
2
817 20 14 0
818 20 12 0
2
38 40 
2
906 4 16 0
907 10 16 0
2
39 41 
2
818 22 8 0
819 20 12 0
2
244 42 
2
925 34 34 0
926 16 16 0
2
40 42 
2
926 10 16 0
927 16 16 0
2
244 42 
2
928 34 34 0
928 16 16 0
2
20 42 
2
928 14 16 0
929 16 16 0
2
245 42 
2
929 34 32 0
930 16 16 0
2
40 42 
2
930 10 16 0
931 16 16 0
2
244 42 
2
931 34 34 0
932 16 16 0
2
244 43 
2
839 34 34 0
840 18 14 0
2
41 43 
2
840 20 12 0
841 18 14 0
2
244 43 
2
842 34 34 0
842 18 14 0
2
21 43 
2
842 20 14 0
843 18 14 0
2
245 43 
2
843 34 32 0
844 18 14 0
2
41 43 
2
844 20 12 0
845 18 14 0
2
244 43 
2
845 34 34 0
846 18 14 0
2
42 165 
2
933 16 16 0
932 4 20 0
2
43 142 
2
847 18 14 0
846 8 12 0
2
42 187 
2
934 16 16 0
933 12 28 0
2
43 143 
2
848 18 14 0
847 22 24 0
2
42 190 
2
935 16 16 0
934 26 16 0
2
43 144 
2
849 18 14 0
848 24 18 0
2
42 192 
2
936 16 16 0
935 18 26 0
2
42 193 
2
937 16 16 0
936 6 16 0
2
42 194 
2
938 16 16 0
937 14 22 0
2
42 195 
2
939 16 16 0
938 10 22 0
2
42 196 
2
940 16 16 0
939 8 18 0
2
42 197 
2
941 16 16 0
940 16 22 0
2
42 198 
2
942 16 16 0
941 16 18 0
2
42 199 
2
943 16 16 0
942 14 28 0
2
42 200 
2
944 16 16 0
943 10 18 0
2
42 201 
2
945 16 16 0
944 18 20 0
2
42 202 
2
946 16 16 0
945 14 14 0
2
42 203 
2
947 16 16 0
946 2 14 0
2
42 204 
2
948 16 16 0
947 20 20 0
2
42 205 
2
949 16 16 0
948 18 10 0
2
42 206 
2
950 16 16 0
949 26 24 0
2
42 207 
2
951 16 16 0
950 4 10 0
2
40 42 
2
951 10 16 0
952 16 16 0
2
41 43 
2
849 20 12 0
850 18 14 0
2
42 165 
2
953 16 16 0
952 4 20 0
2
43 142 
2
851 18 14 0
850 8 12 0
2
42 187 
2
954 16 16 0
953 12 28 0
2
43 143 
2
852 18 14 0
851 22 24 0
2
42 190 
2
955 16 16 0
954 26 16 0
2
43 144 
2
853 18 14 0
852 24 18 0
2
42 192 
2
956 16 16 0
955 18 26 0
2
42 193 
2
957 16 16 0
956 6 16 0
2
42 194 
2
958 16 16 0
957 14 22 0
2
42 195 
2
959 16 16 0
958 10 22 0
2
42 196 
2
960 16 16 0
959 8 18 0
2
42 197 
2
961 16 16 0
960 16 22 0
2
42 198 
2
962 16 16 0
961 16 18 0
2
42 199 
2
963 16 16 0
962 14 28 0
2
42 200 
2
964 16 16 0
963 10 18 0
2
42 201 
2
965 16 16 0
964 18 20 0
2
42 202 
2
966 16 16 0
965 14 14 0
2
42 203 
2
967 16 16 0
966 2 14 0
2
42 204 
2
968 16 16 0
967 20 20 0
2
42 205 
2
969 16 16 0
968 18 10 0
2
42 206 
2
970 16 16 0
969 26 24 0
2
42 207 
2
971 16 16 0
970 4 10 0
2
20 40 
2
951 14 16 0
952 10 16 0
2
21 41 
2
849 20 14 0
850 20 12 0
2
18 38 
2
906 4 18 0
907 4 16 0
2
19 39 
2
818 20 8 0
819 22 8 0
2
36 38 
2
907 4 22 0
908 4 16 0
2
37 39 
2
819 24 4 0
820 22 8 0
2
244 40 
2
952 34 34 0
953 10 16 0
2
38 40 
2
953 4 16 0
954 10 16 0
2
244 40 
2
955 34 34 0
955 10 16 0
2
18 40 
2
955 4 18 0
956 10 16 0
2
245 40 
2
956 34 32 0
957 10 16 0
2
38 40 
2
957 4 16 0
958 10 16 0
2
244 40 
2
958 34 34 0
959 10 16 0
2
244 41 
2
850 34 34 0
851 20 12 0
2
39 41 
2
851 22 8 0
852 20 12 0
2
244 41 
2
853 34 34 0
853 20 12 0
2
19 41 
2
853 20 8 0
854 20 12 0
2
246 41 
2
854 34 30 0
855 20 12 0
2
39 41 
2
855 22 8 0
856 20 12 0
2
244 41 
2
856 34 34 0
857 20 12 0
2
244 42 
2
971 34 34 0
972 16 16 0
2
40 42 
2
972 10 16 0
973 16 16 0
2
244 42 
2
974 34 34 0
974 16 16 0
2
20 42 
2
974 14 16 0
975 16 16 0
2
245 42 
2
975 34 32 0
976 16 16 0
2
40 42 
2
976 10 16 0
977 16 16 0
2
244 42 
2
977 34 34 0
978 16 16 0
2
245 43 
2
853 34 32 0
854 18 14 0
2
41 43 
2
858 20 12 0
857 18 14 0
2
245 43 
2
857 34 32 0
858 18 14 0
2
21 43 
2
858 20 14 0
859 18 14 0
2
245 43 
2
860 34 32 0
860 18 14 0
2
41 43 
2
860 20 12 0
861 18 14 0
2
244 43 
2
862 34 34 0
862 18 14 0
2
42 187 
2
979 16 16 0
978 12 28 0
2
43 143 
2
863 18 14 0
862 22 24 0
2
42 190 
2
980 16 16 0
979 26 16 0
2
43 144 
2
864 18 14 0
863 24 18 0
2
42 192 
2
981 16 16 0
980 18 26 0
2
43 145 
2
865 18 14 0
864 22 10 0
2
40 42 
2
981 10 16 0
982 16 16 0
2
41 43 
2
865 20 12 0
866 18 14 0
2
42 187 
2
983 16 16 0
982 12 28 0
2
43 143 
2
867 18 14 0
866 22 24 0
2
42 190 
2
984 16 16 0
983 26 16 0
2
43 144 
2
868 18 14 0
867 24 18 0
2
42 192 
2
985 16 16 0
984 18 26 0
2
43 145 
2
869 18 14 0
868 22 10 0
2
20 40 
2
981 14 16 0
982 10 16 0
2
21 41 
2
865 20 14 0
866 20 12 0
2
38 40 
2
982 4 16 0
983 10 16 0
2
39 41 
2
866 22 8 0
867 20 12 0
2
244 42 
2
986 34 34 0
986 16 16 0
2
40 42 
2
986 10 16 0
987 16 16 0
2
245 42 
2
988 34 32 0
988 16 16 0
2
20 42 
2
988 14 16 0
989 16 16 0
2
244 42 
2
989 34 34 0
990 16 16 0
2
40 42 
2
990 10 16 0
991 16 16 0
2
244 42 
2
992 34 34 0
992 16 16 0
2
245 43 
2
869 34 32 0
870 18 14 0
2
41 43 
2
870 20 12 0
871 18 14 0
2
244 43 
2
871 34 34 0
872 18 14 0
2
21 43 
2
872 20 14 0
873 18 14 0
2
244 43 
2
874 34 34 0
874 18 14 0
2
41 43 
2
874 20 12 0
875 18 14 0
2
245 43 
2
875 34 32 0
876 18 14 0
2
42 190 
2
993 16 16 0
992 26 16 0
2
43 142 
2
877 18 14 0
876 8 12 0
2
42 192 
2
994 16 16 0
993 18 26 0
2
43 143 
2
878 18 14 0
877 22 24 0
2
42 193 
2
995 16 16 0
994 6 16 0
2
43 144 
2
879 18 14 0
878 24 18 0
2
43 145 
2
880 18 14 0
879 22 10 0
2
43 146 
2
881 18 14 0
880 30 12 0
2
43 147 
2
882 18 14 0
881 4 8 0
2
43 148 
2
906 18 14 0
907 12 30 0
2
43 165 
2
952 18 14 0
953 4 20 0
2
43 187 
2
982 18 14 0
983 12 28 0
2
43 190 
2
992 18 14 0
993 26 16 0
2
43 192 
2
993 18 14 0
994 18 26 0
2
43 193 
2
994 18 14 0
995 6 16 0
2
43 194 
2
995 18 14 0
994 14 22 0
2
43 195 
2
996 18 14 0
995 10 22 0
2
43 196 
2
997 18 14 0
996 8 18 0
2
43 197 
2
998 18 14 0
997 16 22 0
2
43 198 
2
999 18 14 0
998 16 18 0
2
43 199 
2
1000 18 14 0
999 14 28 0
2
43 200 
2
1001 18 14 0
1000 10 18 0
2
43 201 
2
1002 18 14 0
1001 18 20 0
2
43 202 
2
1003 18 14 0
1002 14 14 0
2
40 42 
2
995 10 16 0
996 16 16 0
2
41 43 
2
1003 20 12 0
1004 18 14 0
2
42 190 
2
997 16 16 0
996 26 16 0
2
43 142 
2
1005 18 14 0
1004 8 12 0
2
42 192 
2
998 16 16 0
997 18 26 0
2
43 143 
2
1006 18 14 0
1005 22 24 0
2
42 193 
2
999 16 16 0
998 6 16 0
2
43 144 
2
1007 18 14 0
1006 24 18 0
2
43 145 
2
1008 18 14 0
1007 22 10 0
2
43 146 
2
1009 18 14 0
1008 30 12 0
2
43 147 
2
1010 18 14 0
1009 4 8 0
2
43 148 
2
1011 18 14 0
1010 12 30 0
2
43 165 
2
1012 18 14 0
1011 4 20 0
2
43 187 
2
1013 18 14 0
1012 12 28 0
2
43 190 
2
1014 18 14 0
1013 26 16 0
2
43 192 
2
1015 18 14 0
1014 18 26 0
2
43 193 
2
1016 18 14 0
1015 6 16 0
2
43 194 
2
1017 18 14 0
1016 14 22 0
2
43 195 
2
1018 18 14 0
1017 10 22 0
2
43 196 
2
1019 18 14 0
1018 8 18 0
2
43 197 
2
1020 18 14 0
1019 16 22 0
2
43 198 
2
1021 18 14 0
1020 16 18 0
2
43 199 
2
1022 18 14 0
1021 14 28 0
2
43 200 
2
1023 18 14 0
1022 10 18 0
2
43 201 
2
1024 18 14 0
1023 18 20 0
2
43 202 
2
1025 18 14 0
1024 14 14 0
2
20 40 
2
995 14 16 0
996 10 16 0
2
21 41 
2
1003 20 14 0
1004 20 12 0
2
18 38 
2
982 4 18 0
983 4 16 0
2
19 39 
2
866 20 8 0
867 22 8 0
2
16 36 
2
907 4 24 0
908 4 22 0
2
17 37 
2
819 26 4 0
820 24 4 0
2
34 36 
2
908 2 24 0
909 4 22 0
2
35 37 
2
820 28 2 0
821 24 4 0
2
244 38 
2
983 34 34 0
984 4 16 0
2
36 38 
2
984 4 22 0
985 4 16 0
2
245 38 
2
985 34 32 0
986 4 16 0
2
16 38 
2
986 4 24 0
987 4 16 0
2
246 38 
2
987 34 30 0
988 4 16 0
2
36 38 
2
988 4 22 0
989 4 16 0
2
246 38 
2
990 34 30 0
990 4 16 0
2
244 39 
2
868 34 34 0
868 22 8 0
2
37 39 
2
868 24 4 0
869 22 8 0
2
246 39 
2
869 34 30 0
870 22 8 0
2
17 39 
2
870 26 4 0
871 22 8 0
2
245 39 
2
872 34 32 0
872 22 8 0
2
37 39 
2
872 24 4 0
873 22 8 0
2
246 39 
2
873 34 30 0
874 22 8 0
2
244 40 
2
996 34 34 0
997 10 16 0
2
38 40 
2
997 4 16 0
998 10 16 0
2
244 40 
2
999 34 34 0
999 10 16 0
2
18 40 
2
999 4 18 0
1000 10 16 0
2
246 40 
2
1000 34 30 0
1001 10 16 0
2
38 40 
2
1001 4 16 0
1002 10 16 0
2
244 40 
2
1002 34 34 0
1003 10 16 0
2
244 41 
2
1005 34 34 0
1005 20 12 0
2
39 41 
2
1005 22 8 0
1006 20 12 0
2
246 41 
2
1006 34 30 0
1007 20 12 0
2
19 41 
2
1007 20 8 0
1008 20 12 0
2
245 41 
2
1009 34 32 0
1009 20 12 0
2
39 41 
2
1009 22 8 0
1010 20 12 0
2
244 41 
2
1011 34 34 0
1011 20 12 0
2
245 42 
2
999 34 32 0
1000 16 16 0
2
40 42 
2
1004 10 16 0
1003 16 16 0
2
245 42 
2
1003 34 32 0
1004 16 16 0
2
20 42 
2
1004 14 16 0
1005 16 16 0
2
245 42 
2
1006 34 32 0
1006 16 16 0
2
40 42 
2
1006 10 16 0
1007 16 16 0
2
244 42 
2
1008 34 34 0
1008 16 16 0
2
244 43 
2
1025 34 34 0
1026 18 14 0
2
41 43 
2
1026 20 12 0
1027 18 14 0
2
244 43 
2
1028 34 34 0
1028 18 14 0
2
21 43 
2
1028 20 14 0
1029 18 14 0
2
245 43 
2
1029 34 32 0
1030 18 14 0
2
41 43 
2
1030 20 12 0
1031 18 14 0
2
244 43 
2
1031 34 34 0
1032 18 14 0
2
42 187 
2
1012 16 16 0
1013 12 28 0
2
43 143 
2
1033 18 14 0
1032 22 24 0
2
42 190 
2
1013 16 16 0
1014 26 16 0
2
43 144 
2
1034 18 14 0
1033 24 18 0
2
42 192 
2
1014 16 16 0
1015 18 26 0
2
43 145 
2
1035 18 14 0
1034 22 10 0
2
42 193 
2
1015 16 16 0
1016 6 16 0
2
43 146 
2
1036 18 14 0
1035 30 12 0
2
42 194 
2
1016 16 16 0
1017 14 22 0
2
43 147 
2
1037 18 14 0
1036 4 8 0
2
42 195 
2
1017 16 16 0
1018 10 22 0
2
43 148 
2
1038 18 14 0
1037 12 30 0
2
42 196 
2
1018 16 16 0
1019 8 18 0
2
43 165 
2
1039 18 14 0
1038 4 20 0
2
42 197 
2
1019 16 16 0
1020 16 22 0
2
43 187 
2
1040 18 14 0
1039 12 28 0
2
42 198 
2
1020 16 16 0
1021 16 18 0
2
43 190 
2
1041 18 14 0
1040 26 16 0
2
42 199 
2
1021 16 16 0
1022 14 28 0
2
43 192 
2
1042 18 14 0
1041 18 26 0
2
42 200 
2
1022 16 16 0
1023 10 18 0
2
43 193 
2
1043 18 14 0
1042 6 16 0
2
42 201 
2
1023 16 16 0
1024 18 20 0
2
43 194 
2
1044 18 14 0
1043 14 22 0
2
42 202 
2
1024 16 16 0
1025 14 14 0
2
43 195 
2
1045 18 14 0
1044 10 22 0
2
42 203 
2
1025 16 16 0
1024 2 14 0
2
43 196 
2
1046 18 14 0
1045 8 18 0
2
42 204 
2
1026 16 16 0
1025 20 20 0
2
43 197 
2
1047 18 14 0
1046 16 22 0
2
42 205 
2
1027 16 16 0
1026 18 10 0
2
43 198 
2
1048 18 14 0
1047 16 18 0
2
42 206 
2
1028 16 16 0
1027 26 24 0
2
43 199 
2
1049 18 14 0
1048 14 28 0
2
42 207 
2
1029 16 16 0
1028 4 10 0
2
43 200 
2
1050 18 14 0
1049 10 18 0
2
42 208 
2
1030 16 16 0
1029 32 16 0
2
43 201 
2
1051 18 14 0
1050 18 20 0
2
42 209 
2
1031 16 16 0
1030 2 18 0
2
43 202 
2
1052 18 14 0
1051 14 14 0
2
42 210 
2
1032 16 16 0
1031 8 24 0
2
43 203 
2
1053 18 14 0
1052 2 14 0
2
40 42 
2
1032 10 16 0
1033 16 16 0
2
41 43 
2
1053 20 12 0
1054 18 14 0
2
42 187 
2
1039 16 16 0
1040 12 28 0
2
43 143 
2
1055 18 14 0
1054 22 24 0
2
42 190 
2
1040 16 16 0
1041 26 16 0
2
43 144 
2
1056 18 14 0
1055 24 18 0
2
42 192 
2
1041 16 16 0
1042 18 26 0
2
43 145 
2
1057 18 14 0
1056 22 10 0
2
42 193 
2
1042 16 16 0
1043 6 16 0
2
43 146 
2
1058 18 14 0
1057 30 12 0
2
42 194 
2
1043 16 16 0
1044 14 22 0
2
43 147 
2
1059 18 14 0
1058 4 8 0
2
42 195 
2
1044 16 16 0
1045 10 22 0
2
43 148 
2
1060 18 14 0
1059 12 30 0
2
42 196 
2
1045 16 16 0
1046 8 18 0
2
43 165 
2
1061 18 14 0
1060 4 20 0
2
42 197 
2
1046 16 16 0
1047 16 22 0
2
43 187 
2
1062 18 14 0
1061 12 28 0
2
42 198 
2
1047 16 16 0
1048 16 18 0
2
43 190 
2
1063 18 14 0
1062 26 16 0
2
42 199 
2
1048 16 16 0
1049 14 28 0
2
43 192 
2
1064 18 14 0
1063 18 26 0
2
42 200 
2
1049 16 16 0
1050 10 18 0
2
43 193 
2
1065 18 14 0
1064 6 16 0
2
42 201 
2
1050 16 16 0
1051 18 20 0
2
43 194 
2
1066 18 14 0
1065 14 22 0
2
42 202 
2
1051 16 16 0
1052 14 14 0
2
43 195 
2
1067 18 14 0
1066 10 22 0
2
42 203 
2
1052 16 16 0
1053 2 14 0
2
43 196 
2
1068 18 14 0
1067 8 18 0
2
42 204 
2
1053 16 16 0
1052 20 20 0
2
43 197 
2
1069 18 14 0
1068 16 22 0
2
42 205 
2
1054 16 16 0
1053 18 10 0
2
43 198 
2
1070 18 14 0
1069 16 18 0
2
42 206 
2
1055 16 16 0
1054 26 24 0
2
43 199 
2
1071 18 14 0
1070 14 28 0
2
42 207 
2
1056 16 16 0
1055 4 10 0
2
43 200 
2
1072 18 14 0
1071 10 18 0
2
42 208 
2
1057 16 16 0
1056 32 16 0
2
43 201 
2
1073 18 14 0
1072 18 20 0
2
42 209 
2
1058 16 16 0
1057 2 18 0
2
43 202 
2
1074 18 14 0
1073 14 14 0
2
42 210 
2
1059 16 16 0
1058 8 24 0
2
43 203 
2
1075 18 14 0
1074 2 14 0
2
20 40 
2
1032 14 16 0
1033 10 16 0
2
21 41 
2
1053 20 14 0
1054 20 12 0
2
38 40 
2
1033 4 16 0
1034 10 16 0
2
39 41 
2
1054 22 8 0
1055 20 12 0
2
245 42 
2
1059 34 32 0
1060 16 16 0
2
40 42 
2
1060 10 16 0
1061 16 16 0
2
244 42 
2
1062 34 34 0
1062 16 16 0
2
20 42 
2
1062 14 16 0
1063 16 16 0
2
246 42 
2
1063 34 30 0
1064 16 16 0
2
40 42 
2
1064 10 16 0
1065 16 16 0
2
244 42 
2
1065 34 34 0
1066 16 16 0
2
244 43 
2
1075 34 34 0
1076 18 14 0
2
41 43 
2
1076 20 12 0
1077 18 14 0
2
244 43 
2
1078 34 34 0
1078 18 14 0
2
21 43 
2
1078 20 14 0
1079 18 14 0
2
245 43 
2
1079 34 32 0
1080 18 14 0
2
41 43 
2
1080 20 12 0
1081 18 14 0
2
244 43 
2
1081 34 34 0
1082 18 14 0
2
42 190 
2
1067 16 16 0
1066 26 16 0
2
43 202 
2
1083 18 14 0
1082 14 14 0
2
42 192 
2
1068 16 16 0
1067 18 26 0
2
43 203 
2
1084 18 14 0
1083 2 14 0
2
42 193 
2
1069 16 16 0
1068 6 16 0
2
43 204 
2
1085 18 14 0
1084 20 20 0
2
42 194 
2
1070 16 16 0
1069 14 22 0
2
42 195 
2
1071 16 16 0
1070 10 22 0
2
42 196 
2
1072 16 16 0
1071 8 18 0
2
42 197 
2
1073 16 16 0
1072 16 22 0
2
42 198 
2
1074 16 16 0
1073 16 18 0
2
42 199 
2
1075 16 16 0
1074 14 28 0
2
42 200 
2
1076 16 16 0
1075 10 18 0
2
42 201 
2
1077 16 16 0
1076 18 20 0
2
42 202 
2
1082 16 16 0
1083 14 14 0
2
42 203 
2
1083 16 16 0
1084 2 14 0
2
42 204 
2
1084 16 16 0
1085 20 20 0
2
42 205 
2
1085 16 16 0
1084 18 10 0
2
42 206 
2
1086 16 16 0
1085 26 24 0
2
42 207 
2
1087 16 16 0
1086 4 10 0
2
42 208 
2
1088 16 16 0
1087 32 16 0
2
42 209 
2
1089 16 16 0
1088 2 18 0
2
42 210 
2
1090 16 16 0
1089 8 24 0
2
42 211 
2
1091 16 16 0
1090 6 18 0
2
40 42 
2
1091 10 16 0
1092 16 16 0
2
41 43 
2
1085 20 12 0
1086 18 14 0
2
42 190 
2
1093 16 16 0
1092 26 16 0
2
43 202 
2
1087 18 14 0
1086 14 14 0
2
42 192 
2
1094 16 16 0
1093 18 26 0
2
43 203 
2
1088 18 14 0
1087 2 14 0
2
42 193 
2
1095 16 16 0
1094 6 16 0
2
43 204 
2
1089 18 14 0
1088 20 20 0
2
42 194 
2
1096 16 16 0
1095 14 22 0
2
42 195 
2
1097 16 16 0
1096 10 22 0
2
42 196 
2
1098 16 16 0
1097 8 18 0
2
42 197 
2
1099 16 16 0
1098 16 22 0
2
42 198 
2
1100 16 16 0
1099 16 18 0
2
42 199 
2
1101 16 16 0
1100 14 28 0
2
42 200 
2
1102 16 16 0
1101 10 18 0
2
42 201 
2
1103 16 16 0
1102 18 20 0
2
42 202 
2
1104 16 16 0
1103 14 14 0
2
42 203 
2
1105 16 16 0
1104 2 14 0
2
42 204 
2
1106 16 16 0
1105 20 20 0
2
42 205 
2
1107 16 16 0
1106 18 10 0
2
42 206 
2
1108 16 16 0
1107 26 24 0
2
42 207 
2
1109 16 16 0
1108 4 10 0
2
42 208 
2
1110 16 16 0
1109 32 16 0
2
42 209 
2
1111 16 16 0
1110 2 18 0
2
42 210 
2
1112 16 16 0
1111 8 24 0
2
42 211 
2
1113 16 16 0
1112 6 18 0
2
20 40 
2
1091 14 16 0
1092 10 16 0
2
21 41 
2
1085 20 14 0
1086 20 12 0
2
18 38 
2
1033 4 18 0
1034 4 16 0
2
19 39 
2
1054 20 8 0
1055 22 8 0
2
36 38 
2
1034 4 22 0
1035 4 16 0
2
37 39 
2
1055 24 4 0
1056 22 8 0
2
244 40 
2
1092 34 34 0
1093 10 16 0
2
38 40 
2
1093 4 16 0
1094 10 16 0
2
244 40 
2
1095 34 34 0
1095 10 16 0
2
18 40 
2
1095 4 18 0
1096 10 16 0
2
246 40 
2
1096 34 30 0
1097 10 16 0
2
38 40 
2
1097 4 16 0
1098 10 16 0
2
245 40 
2
1098 34 32 0
1099 10 16 0
2
244 41 
2
1086 34 34 0
1087 20 12 0
2
39 41 
2
1087 22 8 0
1088 20 12 0
2
244 41 
2
1089 34 34 0
1089 20 12 0
2
19 41 
2
1089 20 8 0
1090 20 12 0
2
246 41 
2
1090 34 30 0
1091 20 12 0
2
39 41 
2
1091 22 8 0
1092 20 12 0
2
245 41 
2
1092 34 32 0
1093 20 12 0
2
244 42 
2
1114 34 34 0
1114 16 16 0
2
40 42 
2
1114 10 16 0
1115 16 16 0
2
245 42 
2
1116 34 32 0
1116 16 16 0
2
20 42 
2
1116 14 16 0
1117 16 16 0
2
246 42 
2
1118 34 30 0
1118 16 16 0
2
40 42 
2
1118 10 16 0
1119 16 16 0
2
244 42 
2
1120 34 34 0
1120 16 16 0
2
245 43 
2
1089 34 32 0
1090 18 14 0
2
41 43 
2
1094 20 12 0
1093 18 14 0
2
246 43 
2
1093 34 30 0
1094 18 14 0
2
21 43 
2
1094 20 14 0
1095 18 14 0
2
245 43 
2
1095 34 32 0
1096 18 14 0
2
41 43 
2
1096 20 12 0
1097 18 14 0
2
244 43 
2
1098 34 34 0
1098 18 14 0
2
42 208 
2
1121 16 16 0
1120 32 16 0
2
43 203 
2
1104 18 14 0
1105 2 14 0
2
42 209 
2
1122 16 16 0
1121 2 18 0
2
43 204 
2
1105 18 14 0
1106 20 20 0
2
42 210 
2
1123 16 16 0
1122 8 24 0
2
43 205 
2
1106 18 14 0
1107 18 10 0
2
40 42 
2
1123 10 16 0
1124 16 16 0
2
41 43 
2
1106 20 12 0
1107 18 14 0
2
42 208 
2
1125 16 16 0
1124 32 16 0
2
43 203 
2
1108 18 14 0
1107 2 14 0
2
42 209 
2
1126 16 16 0
1125 2 18 0
2
43 204 
2
1109 18 14 0
1108 20 20 0
2
42 210 
2
1127 16 16 0
1126 8 24 0
2
43 205 
2
1110 18 14 0
1109 18 10 0
2
20 40 
2
1123 14 16 0
1124 10 16 0
2
21 41 
2
1106 20 14 0
1107 20 12 0
2
38 40 
2
1124 4 16 0
1125 10 16 0
2
39 41 
2
1107 22 8 0
1108 20 12 0
2
244 42 
2
1128 34 34 0
1128 16 16 0
2
40 42 
2
1128 10 16 0
1129 16 16 0
2
245 42 
2
1130 34 32 0
1130 16 16 0
2
20 42 
2
1130 14 16 0
1131 16 16 0
2
244 42 
2
1131 34 34 0
1132 16 16 0
2
40 42 
2
1132 10 16 0
1133 16 16 0
2
244 42 
2
1134 34 34 0
1134 16 16 0
2
244 43 
2
1111 34 34 0
1111 18 14 0
2
41 43 
2
1111 20 12 0
1112 18 14 0
2
245 43 
2
1113 34 32 0
1113 18 14 0
2
21 43 
2
1113 20 14 0
1114 18 14 0
2
246 43 
2
1115 34 30 0
1115 18 14 0
2
41 43 
2
1115 20 12 0
1116 18 14 0
2
244 43 
2
1117 34 34 0
1117 18 14 0
2
42 209 
2
1135 16 16 0
1134 2 18 0
2
43 202 
2
1118 18 14 0
1117 14 14 0
2
42 210 
2
1136 16 16 0
1135 8 24 0
2
43 203 
2
1119 18 14 0
1118 2 14 0
2
42 211 
2
1137 16 16 0
1136 6 18 0
2
43 204 
2
1120 18 14 0
1119 20 20 0
2
43 205 
2
1121 18 14 0
1120 18 10 0
2
43 206 
2
1122 18 14 0
1121 26 24 0
2
43 207 
2
1123 18 14 0
1122 4 10 0
2
43 208 
2
1124 18 14 0
1125 32 16 0
2
43 209 
2
1134 18 14 0
1135 2 18 0
2
43 210 
2
1135 18 14 0
1136 8 24 0
2
43 211 
2
1136 18 14 0
1137 6 18 0
2
43 212 
2
1137 18 14 0
1136 16 24 0
2
43 213 
2
1138 18 14 0
1137 16 32 0
2
43 214 
2
1139 18 14 0
1138 12 20 0
2
43 215 
2
1140 18 14 0
1139 18 16 0
2
43 216 
2
1141 18 14 0
1140 8 20 0
2
43 217 
2
1142 18 14 0
1141 14 26 0
2
43 218 
2
1143 18 14 0
1142 10 24 0
2
43 219 
2
1144 18 14 0
1143 24 24 0
2
43 220 
2
1145 18 14 0
1144 12 24 0
2
43 221 
2
1146 18 14 0
1145 6 22 0
2
43 222 
2
1147 18 14 0
1146 6 14 0
2
40 42 
2
1137 10 16 0
1138 16 16 0
2
41 43 
2
1147 20 12 0
1148 18 14 0
2
42 209 
2
1139 16 16 0
1138 2 18 0
2
43 202 
2
1149 18 14 0
1148 14 14 0
2
42 210 
2
1140 16 16 0
1139 8 24 0
2
43 203 
2
1150 18 14 0
1149 2 14 0
2
42 211 
2
1141 16 16 0
1140 6 18 0
2
43 204 
2
1151 18 14 0
1150 20 20 0
2
43 205 
2
1152 18 14 0
1151 18 10 0
2
43 206 
2
1153 18 14 0
1152 26 24 0
2
43 207 
2
1154 18 14 0
1153 4 10 0
2
43 208 
2
1155 18 14 0
1154 32 16 0
2
43 209 
2
1156 18 14 0
1155 2 18 0
2
43 210 
2
1157 18 14 0
1156 8 24 0
2
43 211 
2
1158 18 14 0
1157 6 18 0
2
43 212 
2
1159 18 14 0
1158 16 24 0
2
43 213 
2
1160 18 14 0
1159 16 32 0
2
43 214 
2
1161 18 14 0
1160 12 20 0
2
43 215 
2
1162 18 14 0
1161 18 16 0
2
43 216 
2
1163 18 14 0
1162 8 20 0
2
43 217 
2
1164 18 14 0
1163 14 26 0
2
43 218 
2
1165 18 14 0
1164 10 24 0
2
43 219 
2
1166 18 14 0
1165 24 24 0
2
43 220 
2
1167 18 14 0
1166 12 24 0
2
43 221 
2
1168 18 14 0
1167 6 22 0
2
43 222 
2
1169 18 14 0
1168 6 14 0
2
20 40 
2
1137 14 16 0
1138 10 16 0
2
21 41 
2
1147 20 14 0
1148 20 12 0
2
18 38 
2
1124 4 18 0
1125 4 16 0
2
19 39 
2
1107 20 8 0
1108 22 8 0
2
16 36 
2
1034 4 24 0
1035 4 22 0
2
17 37 
2
1055 26 4 0
1056 24 4 0
2
14 34 
2
908 4 26 0
909 2 24 0
2
15 35 
2
820 26 2 0
821 28 2 0
2
12 32 
2
633 2 26 0
634 2 28 0
2
13 33 
2
579 30 2 0
580 32 2 0
2
10 30 
2
60 6 28 0
61 4 28 0
2
11 31 
2
60 32 4 0
61 32 6 0
2
28 30 
2
61 4 30 0
62 4 28 0
2
29 31 
2
61 32 26 0
62 32 6 0
2
244 32 
2
635 34 34 0
635 2 28 0
2
30 32 
2
635 4 28 0
636 2 28 0
2
247 32 
2
636 34 28 0
637 2 28 0
2
10 32 
2
637 6 28 0
638 2 28 0
2
245 32 
2
639 34 32 0
639 2 28 0
2
30 32 
2
639 4 28 0
640 2 28 0
2
244 32 
2
641 34 34 0
641 2 28 0
2
246 33 
2
580 34 30 0
581 32 2 0
2
31 33 
2
581 32 6 0
582 32 2 0
2
245 33 
2
583 34 32 0
583 32 2 0
2
11 33 
2
583 32 4 0
584 32 2 0
2
244 33 
2
585 34 34 0
585 32 2 0
2
31 33 
2
585 32 6 0
586 32 2 0
2
246 33 
2
586 34 30 0
587 32 2 0
2
244 34 
2
909 34 34 0
910 2 24 0
2
32 34 
2
910 2 28 0
911 2 24 0
2
244 34 
2
912 34 34 0
912 2 24 0
2
12 34 
2
912 2 26 0
913 2 24 0
2
245 34 
2
913 34 32 0
914 2 24 0
2
32 34 
2
914 2 28 0
915 2 24 0
2
244 34 
2
915 34 34 0
916 2 24 0
2
244 35 
2
821 34 34 0
822 28 2 0
2
33 35 
2
822 32 2 0
823 28 2 0
2
244 35 
2
824 34 34 0
824 28 2 0
2
13 35 
2
824 30 2 0
825 28 2 0
2
245 35 
2
825 34 32 0
826 28 2 0
2
33 35 
2
826 32 2 0
827 28 2 0
2
244 35 
2
827 34 34 0
828 28 2 0
2
244 36 
2
1035 34 34 0
1036 4 22 0
2
34 36 
2
1036 2 24 0
1037 4 22 0
2
244 36 
2
1038 34 34 0
1038 4 22 0
2
14 36 
2
1038 4 26 0
1039 4 22 0
2
245 36 
2
1039 34 32 0
1040 4 22 0
2
34 36 
2
1040 2 24 0
1041 4 22 0
2
244 36 
2
1041 34 34 0
1042 4 22 0
2
244 37 
2
1056 34 34 0
1057 24 4 0
2
35 37 
2
1057 28 2 0
1058 24 4 0
2
244 37 
2
1059 34 34 0
1059 24 4 0
2
15 37 
2
1059 26 2 0
1060 24 4 0
2
246 37 
2
1060 34 30 0
1061 24 4 0
2
35 37 
2
1061 28 2 0
1062 24 4 0
2
245 37 
2
1062 34 32 0
1063 24 4 0
2
244 38 
2
1125 34 34 0
1126 4 16 0
2
36 38 
2
1126 4 22 0
1127 4 16 0
2
245 38 
2
1127 34 32 0
1128 4 16 0
2
16 38 
2
1128 4 24 0
1129 4 16 0
2
246 38 
2
1129 34 30 0
1130 4 16 0
2
36 38 
2
1130 4 22 0
1131 4 16 0
2
246 38 
2
1132 34 30 0
1132 4 16 0
2
244 39 
2
1108 34 34 0
1109 22 8 0
2
37 39 
2
1109 24 4 0
1110 22 8 0
2
245 39 
2
1110 34 32 0
1111 22 8 0
2
17 39 
2
1111 26 4 0
1112 22 8 0
2
246 39 
2
1112 34 30 0
1113 22 8 0
2
37 39 
2
1113 24 4 0
1114 22 8 0
2
247 39 
2
1114 34 28 0
1115 22 8 0
2
244 40 
2
1138 34 34 0
1139 10 16 0
2
38 40 
2
1139 4 16 0
1140 10 16 0
2
244 40 
2
1141 34 34 0
1141 10 16 0
2
18 40 
2
1141 4 18 0
1142 10 16 0
2
246 40 
2
1142 34 30 0
1143 10 16 0
2
38 40 
2
1143 4 16 0
1144 10 16 0
2
244 40 
2
1144 34 34 0
1145 10 16 0
2
245 41 
2
1148 34 32 0
1149 20 12 0
2
39 41 
2
1149 22 8 0
1150 20 12 0
2
245 41 
2
1151 34 32 0
1151 20 12 0
2
19 41 
2
1151 20 8 0
1152 20 12 0
2
244 41 
2
1153 34 34 0
1153 20 12 0
2
39 41 
2
1153 22 8 0
1154 20 12 0
2
245 41 
2
1154 34 32 0
1155 20 12 0
2
245 42 
2
1141 34 32 0
1142 16 16 0
2
40 42 
2
1146 10 16 0
1145 16 16 0
2
245 42 
2
1145 34 32 0
1146 16 16 0
2
20 42 
2
1146 14 16 0
1147 16 16 0
2
244 42 
2
1147 34 34 0
1148 16 16 0
2
40 42 
2
1148 10 16 0
1149 16 16 0
2
244 42 
2
1150 34 34 0
1150 16 16 0
2
244 43 
2
1169 34 34 0
1170 18 14 0
2
41 43 
2
1170 20 12 0
1171 18 14 0
2
244 43 
2
1172 34 34 0
1172 18 14 0
2
21 43 
2
1172 20 14 0
1173 18 14 0
2
245 43 
2
1173 34 32 0
1174 18 14 0
2
41 43 
2
1174 20 12 0
1175 18 14 0
2
244 43 
2
1175 34 34 0
1176 18 14 0
2
42 208 
2
1154 16 16 0
1155 32 16 0
2
43 203 
2
1177 18 14 0
1176 2 14 0
2
42 209 
2
1155 16 16 0
1156 2 18 0
2
43 204 
2
1178 18 14 0
1177 20 20 0
2
42 210 
2
1156 16 16 0
1157 8 24 0
2
43 205 
2
1179 18 14 0
1178 18 10 0
2
42 211 
2
1157 16 16 0
1158 6 18 0
2
43 206 
2
1180 18 14 0
1179 26 24 0
2
42 212 
2
1158 16 16 0
1159 16 24 0
2
43 207 
2
1181 18 14 0
1180 4 10 0
2
42 213 
2
1159 16 16 0
1160 16 32 0
2
43 208 
2
1182 18 14 0
1181 32 16 0
2
42 214 
2
1160 16 16 0
1161 12 20 0
2
43 209 
2
1183 18 14 0
1182 2 18 0
2
42 215 
2
1161 16 16 0
1162 18 16 0
2
43 210 
2
1184 18 14 0
1183 8 24 0
2
42 216 
2
1162 16 16 0
1163 8 20 0
2
43 211 
2
1185 18 14 0
1184 6 18 0
2
42 217 
2
1163 16 16 0
1164 14 26 0
2
43 212 
2
1186 18 14 0
1185 16 24 0
2
42 218 
2
1164 16 16 0
1165 10 24 0
2
43 213 
2
1187 18 14 0
1186 16 32 0
2
42 219 
2
1165 16 16 0
1166 24 24 0
2
43 214 
2
1188 18 14 0
1187 12 20 0
2
42 220 
2
1166 16 16 0
1167 12 24 0
2
43 215 
2
1189 18 14 0
1188 18 16 0
2
42 221 
2
1167 16 16 0
1168 6 22 0
2
43 216 
2
1190 18 14 0
1189 8 20 0
2
42 222 
2
1168 16 16 0
1169 6 14 0
2
43 217 
2
1191 18 14 0
1190 14 26 0
2
42 223 
2
1169 16 16 0
1168 14 12 0
2
43 218 
2
1192 18 14 0
1191 10 24 0
2
42 224 
2
1170 16 16 0
1169 24 12 0
2
43 219 
2
1193 18 14 0
1192 24 24 0
2
42 225 
2
1171 16 16 0
1170 20 18 0
2
43 220 
2
1194 18 14 0
1193 12 24 0
2
42 226 
2
1172 16 16 0
1171 18 32 0
2
43 221 
2
1195 18 14 0
1194 6 22 0
2
42 227 
2
1173 16 16 0
1172 2 12 0
2
43 222 
2
1196 18 14 0
1195 6 14 0
2
42 228 
2
1174 16 16 0
1173 12 2 0
2
43 223 
2
1197 18 14 0
1196 14 12 0
2
40 42 
2
1174 10 16 0
1175 16 16 0
2
41 43 
2
1197 20 12 0
1198 18 14 0
2
42 208 
2
1181 16 16 0
1182 32 16 0
2
43 203 
2
1199 18 14 0
1198 2 14 0
2
42 209 
2
1182 16 16 0
1183 2 18 0
2
43 204 
2
1200 18 14 0
1199 20 20 0
2
42 210 
2
1183 16 16 0
1184 8 24 0
2
43 205 
2
1201 18 14 0
1200 18 10 0
2
42 211 
2
1184 16 16 0
1185 6 18 0
2
43 206 
2
1202 18 14 0
1201 26 24 0
2
42 212 
2
1185 16 16 0
1186 16 24 0
2
43 207 
2
1203 18 14 0
1202 4 10 0
2
42 213 
2
1186 16 16 0
1187 16 32 0
2
43 208 
2
1204 18 14 0
1203 32 16 0
2
42 214 
2
1187 16 16 0
1188 12 20 0
2
43 209 
2
1205 18 14 0
1204 2 18 0
2
42 215 
2
1188 16 16 0
1189 18 16 0
2
43 210 
2
1206 18 14 0
1205 8 24 0
2
42 216 
2
1189 16 16 0
1190 8 20 0
2
43 211 
2
1207 18 14 0
1206 6 18 0
2
42 217 
2
1190 16 16 0
1191 14 26 0
2
43 212 
2
1208 18 14 0
1207 16 24 0
2
42 218 
2
1191 16 16 0
1192 10 24 0
2
43 213 
2
1209 18 14 0
1208 16 32 0
2
42 219 
2
1192 16 16 0
1193 24 24 0
2
43 214 
2
1210 18 14 0
1209 12 20 0
2
42 220 
2
1193 16 16 0
1194 12 24 0
2
43 215 
2
1211 18 14 0
1210 18 16 0
2
42 221 
2
1194 16 16 0
1195 6 22 0
2
43 216 
2
1212 18 14 0
1211 8 20 0
2
42 222 
2
1195 16 16 0
1196 6 14 0
2
43 217 
2
1213 18 14 0
1212 14 26 0
2
42 223 
2
1196 16 16 0
1197 14 12 0
2
43 218 
2
1214 18 14 0
1213 10 24 0
2
42 224 
2
1197 16 16 0
1196 24 12 0
2
43 219 
2
1215 18 14 0
1214 24 24 0
2
42 225 
2
1198 16 16 0
1197 20 18 0
2
43 220 
2
1216 18 14 0
1215 12 24 0
2
42 226 
2
1199 16 16 0
1198 18 32 0
2
43 221 
2
1217 18 14 0
1216 6 22 0
2
42 227 
2
1200 16 16 0
1199 2 12 0
2
43 222 
2
1218 18 14 0
1217 6 14 0
2
42 228 
2
1201 16 16 0
1200 12 2 0
2
43 223 
2
1219 18 14 0
1218 14 12 0
2
20 40 
2
1174 14 16 0
1175 10 16 0
2
21 41 
2
1197 20 14 0
1198 20 12 0
2
38 40 
2
1175 4 16 0
1176 10 16 0
2
39 41 
2
1198 22 8 0
1199 20 12 0
2
244 42 
2
1201 34 34 0
1202 16 16 0
2
40 42 
2
1202 10 16 0
1203 16 16 0
2
244 42 
2
1204 34 34 0
1204 16 16 0
2
20 42 
2
1204 14 16 0
1205 16 16 0
2
245 42 
2
1206 34 32 0
1206 16 16 0
2
40 42 
2
1206 10 16 0
1207 16 16 0
2
244 42 
2
1207 34 34 0
1208 16 16 0
2
244 43 
2
1219 34 34 0
1220 18 14 0
2
41 43 
2
1220 20 12 0
1221 18 14 0
2
244 43 
2
1222 34 34 0
1222 18 14 0
2
21 43 
2
1222 20 14 0
1223 18 14 0
2
245 43 
2
1223 34 32 0
1224 18 14 0
2
41 43 
2
1224 20 12 0
1225 18 14 0
2
244 43 
2
1225 34 34 0
1226 18 14 0
2
42 209 
2
1209 16 16 0
1208 2 18 0
2
43 222 
2
1227 18 14 0
1226 6 14 0
2
42 210 
2
1210 16 16 0
1209 8 24 0
2
43 223 
2
1228 18 14 0
1227 14 12 0
2
42 211 
2
1211 16 16 0
1210 6 18 0
2
43 224 
2
1229 18 14 0
1228 24 12 0
2
42 212 
2
1212 16 16 0
1211 16 24 0
2
42 213 
2
1213 16 16 0
1212 16 32 0
2
42 214 
2
1214 16 16 0
1213 12 20 0
2
42 215 
2
1215 16 16 0
1214 18 16 0
2
42 216 
2
1216 16 16 0
1215 8 20 0
2
42 217 
2
1217 16 16 0
1216 14 26 0
2
42 218 
2
1218 16 16 0
1217 10 24 0
2
42 219 
2
1219 16 16 0
1218 24 24 0
2
42 220 
2
1220 16 16 0
1219 12 24 0
2
42 221 
2
1221 16 16 0
1220 6 22 0
2
42 222 
2
1226 16 16 0
1227 6 14 0
2
42 223 
2
1227 16 16 0
1228 14 12 0
2
42 224 
2
1228 16 16 0
1229 24 12 0
2
42 225 
2
1229 16 16 0
1228 20 18 0
2
42 226 
2
1230 16 16 0
1229 18 32 0
2
42 227 
2
1231 16 16 0
1230 2 12 0
2
42 228 
2
1232 16 16 0
1231 12 2 0
2
42 229 
2
1233 16 16 0
1232 2 16 0
2
40 42 
2
1233 10 16 0
1234 16 16 0
2
41 43 
2
1229 20 12 0
1230 18 14 0
2
42 209 
2
1235 16 16 0
1234 2 18 0
2
43 222 
2
1231 18 14 0
1230 6 14 0
2
42 210 
2
1236 16 16 0
1235 8 24 0
2
43 223 
2
1232 18 14 0
1231 14 12 0
2
42 211 
2
1237 16 16 0
1236 6 18 0
2
43 224 
2
1233 18 14 0
1232 24 12 0
2
42 212 
2
1238 16 16 0
1237 16 24 0
2
42 213 
2
1239 16 16 0
1238 16 32 0
2
42 214 
2
1240 16 16 0
1239 12 20 0
2
42 215 
2
1241 16 16 0
1240 18 16 0
2
42 216 
2
1242 16 16 0
1241 8 20 0
2
42 217 
2
1243 16 16 0
1242 14 26 0
2
42 218 
2
1244 16 16 0
1243 10 24 0
2
42 219 
2
1245 16 16 0
1244 24 24 0
2
42 220 
2
1246 16 16 0
1245 12 24 0
2
42 221 
2
1247 16 16 0
1246 6 22 0
2
42 222 
2
1248 16 16 0
1247 6 14 0
2
42 223 
2
1249 16 16 0
1248 14 12 0
2
42 224 
2
1250 16 16 0
1249 24 12 0
2
42 225 
2
1251 16 16 0
1250 20 18 0
2
42 226 
2
1252 16 16 0
1251 18 32 0
2
42 227 
2
1253 16 16 0
1252 2 12 0
2
42 228 
2
1254 16 16 0
1253 12 2 0
2
42 229 
2
1255 16 16 0
1254 2 16 0
2
20 40 
2
1233 14 16 0
1234 10 16 0
2
21 41 
2
1229 20 14 0
1230 20 12 0
2
18 38 
2
1175 4 18 0
1176 4 16 0
2
19 39 
2
1198 20 8 0
1199 22 8 0
2
36 38 
2
1176 4 22 0
1177 4 16 0
2
37 39 
2
1199 24 4 0
1200 22 8 0
2
246 40 
2
1234 34 30 0
1235 10 16 0
2
38 40 
2
1235 4 16 0
1236 10 16 0
2
244 40 
2
1236 34 34 0
1237 10 16 0
2
18 40 
2
1237 4 18 0
1238 10 16 0
2
244 40 
2
1239 34 34 0
1239 10 16 0
2
38 40 
2
1239 4 16 0
1240 10 16 0
2
246 40 
2
1240 34 30 0
1241 10 16 0
2
244 41 
2
1230 34 34 0
1231 20 12 0
2
39 41 
2
1231 22 8 0
1232 20 12 0
2
244 41 
2
1233 34 34 0
1233 20 12 0
2
19 41 
2
1233 20 8 0
1234 20 12 0
2
247 41 
2
1234 34 28 0
1235 20 12 0
2
39 41 
2
1235 22 8 0
1236 20 12 0
2
245 41 
2
1236 34 32 0
1237 20 12 0
2
245 42 
2
1255 34 32 0
1256 16 16 0
2
40 42 
2
1256 10 16 0
1257 16 16 0
2
244 42 
2
1258 34 34 0
1258 16 16 0
2
20 42 
2
1258 14 16 0
1259 16 16 0
2
246 42 
2
1259 34 30 0
1260 16 16 0
2
40 42 
2
1260 10 16 0
1261 16 16 0
2
244 42 
2
1261 34 34 0
1262 16 16 0
2
245 43 
2
1233 34 32 0
1234 18 14 0
2
41 43 
2
1238 20 12 0
1237 18 14 0
2
246 43 
2
1237 34 30 0
1238 18 14 0
2
21 43 
2
1238 20 14 0
1239 18 14 0
2
245 43 
2
1239 34 32 0
1240 18 14 0
2
41 43 
2
1240 20 12 0
1241 18 14 0
2
244 43 
2
1242 34 34 0
1242 18 14 0
2
42 208 
2
1263 16 16 0
1262 32 16 0
2
43 223 
2
1248 18 14 0
1249 14 12 0
2
42 209 
2
1264 16 16 0
1263 2 18 0
2
43 224 
2
1249 18 14 0
1250 24 12 0
2
42 210 
2
1265 16 16 0
1264 8 24 0
2
43 225 
2
1250 18 14 0
1251 20 18 0
2
42 211 
2
1266 16 16 0
1265 6 18 0
2
42 212 
2
1267 16 16 0
1266 16 24 0
2
42 213 
2
1268 16 16 0
1267 16 32 0
2
42 214 
2
1269 16 16 0
1268 12 20 0
2
42 215 
2
1270 16 16 0
1269 18 16 0
2
42 216 
2
1271 16 16 0
1270 8 20 0
2
42 217 
2
1272 16 16 0
1271 14 26 0
2
42 218 
2
1273 16 16 0
1272 10 24 0
2
42 219 
2
1274 16 16 0
1273 24 24 0
2
42 220 
2
1275 16 16 0
1274 12 24 0
2
42 221 
2
1276 16 16 0
1275 6 22 0
2
42 222 
2
1277 16 16 0
1276 6 14 0
2
42 223 
2
1278 16 16 0
1277 14 12 0
2
42 224 
2
1279 16 16 0
1278 24 12 0
2
42 225 
2
1280 16 16 0
1279 20 18 0
2
42 226 
2
1281 16 16 0
1280 18 32 0
2
40 42 
2
1281 10 16 0
1282 16 16 0
2
41 43 
2
1250 20 12 0
1251 18 14 0
2
42 208 
2
1283 16 16 0
1282 32 16 0
2
43 223 
2
1277 18 14 0
1278 14 12 0
2
42 209 
2
1284 16 16 0
1283 2 18 0
2
43 224 
2
1278 18 14 0
1279 24 12 0
2
42 210 
2
1285 16 16 0
1284 8 24 0
2
43 225 
2
1279 18 14 0
1280 20 18 0
2
42 211 
2
1286 16 16 0
1285 6 18 0
2
42 212 
2
1287 16 16 0
1286 16 24 0
2
42 213 
2
1288 16 16 0
1287 16 32 0
2
42 214 
2
1289 16 16 0
1288 12 20 0
2
42 215 
2
1290 16 16 0
1289 18 16 0
2
42 216 
2
1291 16 16 0
1290 8 20 0
2
42 217 
2
1292 16 16 0
1291 14 26 0
2
42 218 
2
1293 16 16 0
1292 10 24 0
2
42 219 
2
1294 16 16 0
1293 24 24 0
2
42 220 
2
1295 16 16 0
1294 12 24 0
2
42 221 
2
1296 16 16 0
1295 6 22 0
2
42 222 
2
1297 16 16 0
1296 6 14 0
2
42 223 
2
1298 16 16 0
1297 14 12 0
2
42 224 
2
1299 16 16 0
1298 24 12 0
2
42 225 
2
1300 16 16 0
1299 20 18 0
2
42 226 
2
1301 16 16 0
1300 18 32 0
2
20 40 
2
1281 14 16 0
1282 10 16 0
2
21 41 
2
1250 20 14 0
1251 20 12 0
2
38 40 
2
1282 4 16 0
1283 10 16 0
2
39 41 
2
1251 22 8 0
1252 20 12 0
2
244 42 
2
1301 34 34 0
1302 16 16 0
2
40 42 
2
1302 10 16 0
1303 16 16 0
2
244 42 
2
1304 34 34 0
1304 16 16 0
2
20 42 
2
1304 14 16 0
1305 16 16 0
2
245 42 
2
1305 34 32 0
1306 16 16 0
2
40 42 
2
1306 10 16 0
1307 16 16 0
2
244 42 
2
1307 34 34 0
1308 16 16 0
2
244 43 
2
1279 34 34 0
1280 18 14 0
2
41 43 
2
1280 20 12 0
1281 18 14 0
2
244 43 
2
1282 34 34 0
1282 18 14 0
2
21 43 
2
1282 20 14 0
1283 18 14 0
2
245 43 
2
1283 34 32 0
1284 18 14 0
2
41 43 
2
1284 20 12 0
1285 18 14 0
2
244 43 
2
1285 34 34 0
1286 18 14 0
2
42 209 
2
1309 16 16 0
1308 2 18 0
2
43 222 
2
1296 18 14 0
1297 6 14 0
2
42 210 
2
1310 16 16 0
1309 8 24 0
2
43 223 
2
1297 18 14 0
1298 14 12 0
2
42 211 
2
1311 16 16 0
1310 6 18 0
2
43 224 
2
1298 18 14 0
1299 24 12 0
2
42 212 
2
1312 16 16 0
1311 16 24 0
2
43 225 
2
1299 18 14 0
1300 20 18 0
2
42 213 
2
1313 16 16 0
1312 16 32 0
2
43 226 
2
1300 18 14 0
1301 18 32 0
2
42 214 
2
1314 16 16 0
1313 12 20 0
2
43 227 
2
1301 18 14 0
1300 2 12 0
2
42 215 
2
1315 16 16 0
1314 18 16 0
2
43 228 
2
1302 18 14 0
1301 12 2 0
2
42 216 
2
1316 16 16 0
1315 8 20 0
2
43 229 
2
1303 18 14 0
1302 2 16 0
2
42 217 
2
1317 16 16 0
1316 14 26 0
2
43 230 
2
1304 18 14 0
1303 10 8 0
2
42 218 
2
1318 16 16 0
1317 10 24 0
2
43 231 
2
1305 18 14 0
1304 14 30 0
2
42 219 
2
1319 16 16 0
1318 24 24 0
2
43 232 
2
1306 18 14 0
1305 26 22 0
2
42 220 
2
1320 16 16 0
1319 12 24 0
2
43 233 
2
1307 18 14 0
1306 8 22 0
2
42 221 
2
1321 16 16 0
1320 6 22 0
2
43 234 
2
1308 18 14 0
1307 12 22 0
2
42 222 
2
1322 16 16 0
1321 6 14 0
2
43 235 
2
1309 18 14 0
1308 14 24 0
2
42 223 
2
1323 16 16 0
1322 14 12 0
2
43 236 
2
1310 18 14 0
1309 8 10 0
2
42 224 
2
1324 16 16 0
1323 24 12 0
2
43 237 
2
1311 18 14 0
1310 20 28 0
2
42 225 
2
1325 16 16 0
1324 20 18 0
2
43 238 
2
1312 18 14 0
1311 14 10 0
2
42 226 
2
1326 16 16 0
1325 18 32 0
2
43 239 
2
1313 18 14 0
1312 16 20 0
2
42 227 
2
1327 16 16 0
1326 2 12 0
2
43 50 
2
1314 18 14 0
1313 4 12 0
2
43 45 
2
1315 18 14 0
1314 16 2 0
2
43 47 
2
1316 18 14 0
1315 26 12 0
2
40 42 
2
1327 10 16 0
1328 16 16 0
2
41 43 
2
1316 20 12 0
1317 18 14 0
2
42 209 
2
1329 16 16 0
1328 2 18 0
2
43 222 
2
1321 18 14 0
1322 6 14 0
2
42 210 
2
1330 16 16 0
1329 8 24 0
2
43 223 
2
1322 18 14 0
1323 14 12 0
2
42 211 
2
1331 16 16 0
1330 6 18 0
2
43 224 
2
1323 18 14 0
1324 24 12 0
2
42 212 
2
1332 16 16 0
1331 16 24 0
2
43 225 
2
1324 18 14 0
1325 20 18 0
2
42 213 
2
1333 16 16 0
1332 16 32 0
2
43 226 
2
1325 18 14 0
1326 18 32 0
2
42 214 
2
1334 16 16 0
1333 12 20 0
2
43 227 
2
1326 18 14 0
1327 2 12 0
2
42 215 
2
1335 16 16 0
1334 18 16 0
2
43 228 
2
1327 18 14 0
1326 12 2 0
2
42 216 
2
1336 16 16 0
1335 8 20 0
2
43 229 
2
1328 18 14 0
1327 2 16 0
2
42 217 
2
1337 16 16 0
1336 14 26 0
2
43 230 
2
1329 18 14 0
1328 10 8 0
2
42 218 
2
1338 16 16 0
1337 10 24 0
2
43 231 
2
1330 18 14 0
1329 14 30 0
2
42 219 
2
1339 16 16 0
1338 24 24 0
2
43 232 
2
1331 18 14 0
1330 26 22 0
2
42 220 
2
1340 16 16 0
1339 12 24 0
2
43 233 
2
1332 18 14 0
1331 8 22 0
2
42 221 
2
1341 16 16 0
1340 6 22 0
2
43 234 
2
1333 18 14 0
1332 12 22 0
2
42 222 
2
1342 16 16 0
1341 6 14 0
2
43 235 
2
1334 18 14 0
1333 14 24 0
2
42 223 
2
1343 16 16 0
1342 14 12 0
2
43 236 
2
1335 18 14 0
1334 8 10 0
2
42 224 
2
1344 16 16 0
1343 24 12 0
2
43 237 
2
1336 18 14 0
1335 20 28 0
2
42 225 
2
1345 16 16 0
1344 20 18 0
2
43 238 
2
1337 18 14 0
1336 14 10 0
2
42 226 
2
1346 16 16 0
1345 18 32 0
2
43 239 
2
1338 18 14 0
1337 16 20 0
2
42 227 
2
1347 16 16 0
1346 2 12 0
2
43 50 
2
1339 18 14 0
1338 4 12 0
2
43 45 
2
1340 18 14 0
1339 16 2 0
2
43 47 
2
1341 18 14 0
1340 26 12 0
2
20 40 
2
1327 14 16 0
1328 10 16 0
2
21 41 
2
1316 20 14 0
1317 20 12 0
2
18 38 
2
1282 4 18 0
1283 4 16 0
2
19 39 
2
1251 20 8 0
1252 22 8 0
2
16 36 
2
1176 4 24 0
1177 4 22 0
2
17 37 
2
1199 26 4 0
1200 24 4 0
2
34 36 
2
1177 2 24 0
1178 4 22 0
2
35 37 
2
1200 28 2 0
1201 24 4 0
2
246 38 
2
1283 34 30 0
1284 4 16 0
2
36 38 
2
1284 4 22 0
1285 4 16 0
2
245 38 
2
1286 34 32 0
1286 4 16 0
2
16 38 
2
1286 4 24 0
1287 4 16 0
2
244 38 
2
1288 34 34 0
1288 4 16 0
2
36 38 
2
1288 4 22 0
1289 4 16 0
2
245 38 
2
1289 34 32 0
1290 4 16 0
2
244 39 
2
1252 34 34 0
1253 22 8 0
2
37 39 
2
1253 24 4 0
1254 22 8 0
2
244 39 
2
1255 34 34 0
1255 22 8 0
2
17 39 
2
1255 26 4 0
1256 22 8 0
2
246 39 
2
1256 34 30 0
1257 22 8 0
2
37 39 
2
1257 24 4 0
1258 22 8 0
2
245 39 
2
1258 34 32 0
1259 22 8 0
2
244 40 
2
1328 34 34 0
1329 10 16 0
2
38 40 
2
1329 4 16 0
1330 10 16 0
2
244 40 
2
1331 34 34 0
1331 10 16 0
2
18 40 
2
1331 4 18 0
1332 10 16 0
2
245 40 
2
1332 34 32 0
1333 10 16 0
2
38 40 
2
1333 4 16 0
1334 10 16 0
2
244 40 
2
1334 34 34 0
1335 10 16 0
2
244 41 
2
1317 34 34 0
1318 20 12 0
2
39 41 
2
1318 22 8 0
1319 20 12 0
2
244 41 
2
1320 34 34 0
1320 20 12 0
2
19 41 
2
1320 20 8 0
1321 20 12 0
2
245 41 
2
1321 34 32 0
1322 20 12 0
2
39 41 
2
1322 22 8 0
1323 20 12 0
2
244 41 
2
1323 34 34 0
1324 20 12 0
2
244 42 
2
1347 34 34 0
1348 16 16 0
2
40 42 
2
1348 10 16 0
1349 16 16 0
2
244 42 
2
1350 34 34 0
1350 16 16 0
2
20 42 
2
1350 14 16 0
1351 16 16 0
2
245 42 
2
1351 34 32 0
1352 16 16 0
2
40 42 
2
1352 10 16 0
1353 16 16 0
2
244 42 
2
1353 34 34 0
1354 16 16 0
2
244 43 
2
1341 34 34 0
1342 18 14 0
2
41 43 
2
1342 20 12 0
1343 18 14 0
2
244 43 
2
1344 34 34 0
1344 18 14 0
2
21 43 
2
1344 20 14 0
1345 18 14 0
2
245 43 
2
1345 34 32 0
1346 18 14 0
2
41 43 
2
1346 20 12 0
1347 18 14 0
2
245 43 
2
1348 34 32 0
1348 18 14 0
2
42 210 
2
1355 16 16 0
1354 8 24 0
2
43 223 
2
1349 18 14 0
1348 14 12 0
2
42 211 
2
1356 16 16 0
1355 6 18 0
2
43 224 
2
1350 18 14 0
1349 24 12 0
2
42 212 
2
1357 16 16 0
1356 16 24 0
2
43 225 
2
1351 18 14 0
1350 20 18 0
2
43 226 
2
1352 18 14 0
1351 18 32 0
2
43 227 
2
1353 18 14 0
1352 2 12 0
2
43 228 
2
1354 18 14 0
1353 12 2 0
2
43 229 
2
1355 18 14 0
1354 2 16 0
2
43 230 
2
1356 18 14 0
1355 10 8 0
2
43 231 
2
1357 18 14 0
1356 14 30 0
2
43 232 
2
1358 18 14 0
1357 26 22 0
2
43 233 
2
1359 18 14 0
1358 8 22 0
2
43 234 
2
1360 18 14 0
1359 12 22 0
2
43 235 
2
1361 18 14 0
1360 14 24 0
2
43 236 
2
1362 18 14 0
1361 8 10 0
2
43 237 
2
1363 18 14 0
1362 20 28 0
2
43 238 
2
1364 18 14 0
1363 14 10 0
2
43 239 
2
1365 18 14 0
1364 16 20 0
2
43 50 
2
1366 18 14 0
1365 4 12 0
2
43 45 
2
1367 18 14 0
1366 16 2 0
2
43 47 
2
1368 18 14 0
1367 26 12 0
2
43 49 
2
1369 18 14 0
1368 32 14 0
2
40 42 
2
1357 10 16 0
1358 16 16 0
2
41 43 
2
1369 20 12 0
1370 18 14 0
2
42 210 
2
1359 16 16 0
1358 8 24 0
2
43 223 
2
1371 18 14 0
1370 14 12 0
2
42 211 
2
1360 16 16 0
1359 6 18 0
2
43 224 
2
1372 18 14 0
1371 24 12 0
2
42 212 
2
1361 16 16 0
1360 16 24 0
2
43 225 
2
1373 18 14 0
1372 20 18 0
2
43 226 
2
1374 18 14 0
1373 18 32 0
2
43 227 
2
1375 18 14 0
1374 2 12 0
2
43 228 
2
1376 18 14 0
1375 12 2 0
2
43 229 
2
1377 18 14 0
1376 2 16 0
2
43 230 
2
1378 18 14 0
1377 10 8 0
2
43 231 
2
1379 18 14 0
1378 14 30 0
2
43 232 
2
1380 18 14 0
1379 26 22 0
2
43 233 
2
1381 18 14 0
1380 8 22 0
2
43 234 
2
1382 18 14 0
1381 12 22 0
2
43 235 
2
1383 18 14 0
1382 14 24 0
2
43 236 
2
1384 18 14 0
1383 8 10 0
2
43 237 
2
1385 18 14 0
1384 20 28 0
2
43 238 
2
1386 18 14 0
1385 14 10 0
2
43 239 
2
1387 18 14 0
1386 16 20 0
2
43 50 
2
1388 18 14 0
1387 4 12 0
2
43 45 
2
1389 18 14 0
1388 16 2 0
2
43 47 
2
1390 18 14 0
1389 26 12 0
2
43 49 
2
1391 18 14 0
1390 32 14 0
2
20 40 
2
1357 14 16 0
1358 10 16 0
2
21 41 
2
1369 20 14 0
1370 20 12 0
2
38 40 
2
1358 4 16 0
1359 10 16 0
2
39 41 
2
1370 22 8 0
1371 20 12 0
2
245 42 
2
1361 34 32 0
1362 16 16 0
2
40 42 
2
1362 10 16 0
1363 16 16 0
2
245 42 
2
1364 34 32 0
1364 16 16 0
2
20 42 
2
1364 14 16 0
1365 16 16 0
2
244 42 
2
1366 34 34 0
1366 16 16 0
2
40 42 
2
1366 10 16 0
1367 16 16 0
2
246 42 
2
1367 34 30 0
1368 16 16 0
2
244 43 
2
1391 34 34 0
1392 18 14 0
2
41 43 
2
1392 20 12 0
1393 18 14 0
2
244 43 
2
1394 34 34 0
1394 18 14 0
2
21 43 
2
1394 20 14 0
1395 18 14 0
2
245 43 
2
1395 34 32 0
1396 18 14 0
2
41 43 
2
1396 20 12 0
1397 18 14 0
2
244 43 
2
1397 34 34 0
1398 18 14 0
2
42 211 
2
1369 16 16 0
1368 6 18 0
2
43 47 
2
1399 18 14 0
1398 26 12 0
2
42 212 
2
1370 16 16 0
1369 16 24 0
2
43 49 
2
1400 18 14 0
1399 32 14 0
2
42 213 
2
1371 16 16 0
1370 16 32 0
2
43 52 
2
1401 18 14 0
1400 18 4 0
2
40 42 
2
1371 10 16 0
1372 16 16 0
2
41 43 
2
1401 20 12 0
1402 18 14 0
2
42 211 
2
1373 16 16 0
1372 6 18 0
2
43 47 
2
1403 18 14 0
1402 26 12 0
2
42 212 
2
1374 16 16 0
1373 16 24 0
2
43 49 
2
1404 18 14 0
1403 32 14 0
2
42 213 
2
1375 16 16 0
1374 16 32 0
2
43 52 
2
1405 18 14 0
1404 18 4 0
2
20 40 
2
1371 14 16 0
1372 10 16 0
2
21 41 
2
1401 20 14 0
1402 20 12 0
2
18 38 
2
1358 4 18 0
1359 4 16 0
2
19 39 
2
1370 20 8 0
1371 22 8 0
2
36 38 
2
1359 4 22 0
1360 4 16 0
2
37 39 
2
1371 24 4 0
1372 22 8 0
2
244 40 
2
1372 34 34 0
1373 10 16 0
2
38 40 
2
1373 4 16 0
1374 10 16 0
2
244 40 
2
1375 34 34 0
1375 10 16 0
2
18 40 
2
1375 4 18 0
1376 10 16 0
2
247 40 
2
1376 34 28 0
1377 10 16 0
2
38 40 
2
1377 4 16 0
1378 10 16 0
2
244 40 
2
1378 34 34 0
1379 10 16 0
2
244 41 
2
1402 34 34 0
1403 20 12 0
2
39 41 
2
1403 22 8 0
1404 20 12 0
2
244 41 
2
1405 34 34 0
1405 20 12 0
2
19 41 
2
1405 20 8 0
1406 20 12 0
2
246 41 
2
1406 34 30 0
1407 20 12 0
2
39 41 
2
1407 22 8 0
1408 20 12 0
2
245 41 
2
1408 34 32 0
1409 20 12 0
2
246 42 
2
1375 34 30 0
1376 16 16 0
2
40 42 
2
1380 10 16 0
1379 16 16 0
2
246 42 
2
1379 34 30 0
1380 16 16 0
2
20 42 
2
1380 14 16 0
1381 16 16 0
2
244 42 
2
1381 34 34 0
1382 16 16 0
2
40 42 
2
1382 10 16 0
1383 16 16 0
2
244 42 
2
1384 34 34 0
1384 16 16 0
2
245 43 
2
1405 34 32 0
1406 18 14 0
2
41 43 
2
1410 20 12 0
1409 18 14 0
2
246 43 
2
1409 34 30 0
1410 18 14 0
2
21 43 
2
1410 20 14 0
1411 18 14 0
2
244 43 
2
1411 34 34 0
1412 18 14 0
2
41 43 
2
1412 20 12 0
1413 18 14 0
2
244 43 
2
1414 34 34 0
1414 18 14 0
2
42 210 
2
1385 16 16 0
1384 8 24 0
2
43 49 
2
1415 18 14 0
1414 32 14 0
2
42 211 
2
1386 16 16 0
1385 6 18 0
2
43 52 
2
1416 18 14 0
1415 18 4 0
2
42 212 
2
1387 16 16 0
1386 16 24 0
2
43 53 
2
1417 18 14 0
1416 18 8 0
2
42 213 
2
1388 16 16 0
1387 16 32 0
2
42 214 
2
1389 16 16 0
1388 12 20 0
2
42 215 
2
1390 16 16 0
1389 18 16 0
2
42 216 
2
1391 16 16 0
1390 8 20 0
2
42 217 
2
1392 16 16 0
1391 14 26 0
2
42 218 
2
1393 16 16 0
1392 10 24 0
2
42 219 
2
1394 16 16 0
1393 24 24 0
2
42 220 
2
1395 16 16 0
1394 12 24 0
2
42 221 
2
1396 16 16 0
1395 6 22 0
2
42 222 
2
1397 16 16 0
1396 6 14 0
2
42 223 
2
1398 16 16 0
1397 14 12 0
2
42 224 
2
1399 16 16 0
1398 24 12 0
2
42 225 
2
1400 16 16 0
1399 20 18 0
2
42 226 
2
1401 16 16 0
1400 18 32 0
2
42 227 
2
1402 16 16 0
1401 2 12 0
2
42 228 
2
1403 16 16 0
1402 12 2 0
2
42 229 
2
1404 16 16 0
1403 2 16 0
2
42 230 
2
1405 16 16 0
1404 10 8 0
2
40 42 
2
1405 10 16 0
1406 16 16 0
2
41 43 
2
1417 20 12 0
1418 18 14 0
2
42 210 
2
1407 16 16 0
1406 8 24 0
2
43 49 
2
1419 18 14 0
1418 32 14 0
2
42 211 
2
1408 16 16 0
1407 6 18 0
2
43 52 
2
1420 18 14 0
1419 18 4 0
2
42 212 
2
1409 16 16 0
1408 16 24 0
2
43 53 
2
1421 18 14 0
1420 18 8 0
2
42 213 
2
1410 16 16 0
1409 16 32 0
2
42 214 
2
1411 16 16 0
1410 12 20 0
2
42 215 
2
1412 16 16 0
1411 18 16 0
2
42 216 
2
1413 16 16 0
1412 8 20 0
2
42 217 
2
1414 16 16 0
1413 14 26 0
2
42 218 
2
1415 16 16 0
1414 10 24 0
2
42 219 
2
1416 16 16 0
1415 24 24 0
2
42 220 
2
1417 16 16 0
1416 12 24 0
2
42 221 
2
1418 16 16 0
1417 6 22 0
2
42 222 
2
1419 16 16 0
1418 6 14 0
2
42 223 
2
1420 16 16 0
1419 14 12 0
2
42 224 
2
1421 16 16 0
1420 24 12 0
2
42 225 
2
1422 16 16 0
1421 20 18 0
2
42 226 
2
1423 16 16 0
1422 18 32 0
2
42 227 
2
1424 16 16 0
1423 2 12 0
2
42 228 
2
1425 16 16 0
1424 12 2 0
2
42 229 
2
1426 16 16 0
1425 2 16 0
2
42 230 
2
1427 16 16 0
1426 10 8 0
2
20 40 
2
1405 14 16 0
1406 10 16 0
2
21 41 
2
1417 20 14 0
1418 20 12 0
2
38 40 
2
1406 4 16 0
1407 10 16 0
2
39 41 
2
1418 22 8 0
1419 20 12 0
2
244 42 
2
1428 34 34 0
1428 16 16 0
2
40 42 
2
1428 10 16 0
1429 16 16 0
2
245 42 
2
1430 34 32 0
1430 16 16 0
2
20 42 
2
1430 14 16 0
1431 16 16 0
2
244 42 
2
1431 34 34 0
1432 16 16 0
2
40 42 
2
1432 10 16 0
1433 16 16 0
2
244 42 
2
1434 34 34 0
1434 16 16 0
2
244 43 
2
1422 34 34 0
1422 18 14 0
2
41 43 
2
1422 20 12 0
1423 18 14 0
2
245 43 
2
1424 34 32 0
1424 18 14 0
2
21 43 
2
1424 20 14 0
1425 18 14 0
2
244 43 
2
1425 34 34 0
1426 18 14 0
2
41 43 
2
1426 20 12 0
1427 18 14 0
2
245 43 
2
1427 34 32 0
1428 18 14 0
2
42 211 
2
1435 16 16 0
1434 6 18 0
2
43 47 
2
1429 18 14 0
1428 26 12 0
2
42 212 
2
1436 16 16 0
1435 16 24 0
2
43 49 
2
1430 18 14 0
1429 32 14 0
2
42 213 
2
1437 16 16 0
1436 16 32 0
2
43 52 
2
1431 18 14 0
1430 18 4 0
2
42 214 
2
1438 16 16 0
1437 12 20 0
2
43 53 
2
1432 18 14 0
1431 18 8 0
2
42 215 
2
1439 16 16 0
1438 18 16 0
2
43 54 
2
1433 18 14 0
1432 24 6 0
2
42 216 
2
1440 16 16 0
1439 8 20 0
2
43 55 
2
1434 18 14 0
1433 24 2 0
2
42 217 
2
1441 16 16 0
1440 14 26 0
2
43 56 
2
1435 18 14 0
1434 32 18 0
2
42 218 
2
1442 16 16 0
1441 10 24 0
2
43 57 
2
1436 18 14 0
1435 22 28 0
2
42 219 
2
1443 16 16 0
1442 24 24 0
2
43 58 
2
1437 18 14 0
1436 10 10 0
2
42 220 
2
1444 16 16 0
1443 12 24 0
2
43 59 
2
1438 18 14 0
1437 28 16 0
2
42 221 
2
1445 16 16 0
1444 6 22 0
2
43 60 
2
1439 18 14 0
1438 16 8 0
2
42 222 
2
1446 16 16 0
1445 6 14 0
2
43 61 
2
1440 18 14 0
1439 18 30 0
2
42 223 
2
1447 16 16 0
1446 14 12 0
2
43 62 
2
1441 18 14 0
1440 20 24 0
2
42 224 
2
1448 16 16 0
1447 24 12 0
2
43 63 
2
1442 18 14 0
1441 16 12 0
2
42 225 
2
1449 16 16 0
1448 20 18 0
2
43 64 
2
1443 18 14 0
1442 16 6 0
2
42 226 
2
1450 16 16 0
1449 18 32 0
2
43 65 
2
1444 18 14 0
1443 10 6 0
2
42 227 
2
1451 16 16 0
1450 2 12 0
2
43 66 
2
1445 18 14 0
1444 18 22 0
2
42 228 
2
1452 16 16 0
1451 12 2 0
2
43 67 
2
1446 18 14 0
1445 18 28 0
2
42 229 
2
1453 16 16 0
1452 2 16 0
2
43 68 
2
1447 18 14 0
1446 18 12 0
2
42 230 
2
1454 16 16 0
1453 10 8 0
2
43 86 
2
1448 18 14 0
1447 6 10 0
2
42 231 
2
1455 16 16 0
1454 14 30 0
2
43 87 
2
1449 18 14 0
1448 22 14 0
2
40 42 
2
1455 10 16 0
1456 16 16 0
2
41 43 
2
1449 20 12 0
1450 18 14 0
2
42 211 
2
1457 16 16 0
1456 6 18 0
2
43 47 
2
1451 18 14 0
1450 26 12 0
2
42 212 
2
1458 16 16 0
1457 16 24 0
2
43 49 
2
1452 18 14 0
1451 32 14 0
2
42 213 
2
1459 16 16 0
1458 16 32 0
2
43 52 
2
1453 18 14 0
1452 18 4 0
2
42 214 
2
1460 16 16 0
1459 12 20 0
2
43 53 
2
1454 18 14 0
1453 18 8 0
2
42 215 
2
1461 16 16 0
1460 18 16 0
2
43 54 
2
1455 18 14 0
1454 24 6 0
2
42 216 
2
1462 16 16 0
1461 8 20 0
2
43 55 
2
1456 18 14 0
1455 24 2 0
2
42 217 
2
1463 16 16 0
1462 14 26 0
2
43 56 
2
1457 18 14 0
1456 32 18 0
2
42 218 
2
1464 16 16 0
1463 10 24 0
2
43 57 
2
1458 18 14 0
1457 22 28 0
2
42 219 
2
1465 16 16 0
1464 24 24 0
2
43 58 
2
1459 18 14 0
1458 10 10 0
2
42 220 
2
1466 16 16 0
1465 12 24 0
2
43 59 
2
1460 18 14 0
1459 28 16 0
2
42 221 
2
1467 16 16 0
1466 6 22 0
2
43 60 
2
1461 18 14 0
1460 16 8 0
2
42 222 
2
1468 16 16 0
1467 6 14 0
2
43 61 
2
1462 18 14 0
1461 18 30 0
2
42 223 
2
1469 16 16 0
1468 14 12 0
2
43 62 
2
1463 18 14 0
1462 20 24 0
2
42 224 
2
1470 16 16 0
1469 24 12 0
2
43 63 
2
1464 18 14 0
1463 16 12 0
2
42 225 
2
1471 16 16 0
1470 20 18 0
2
43 64 
2
1465 18 14 0
1464 16 6 0
2
42 226 
2
1472 16 16 0
1471 18 32 0
2
43 65 
2
1466 18 14 0
1465 10 6 0
2
42 227 
2
1473 16 16 0
1472 2 12 0
2
43 66 
2
1467 18 14 0
1466 18 22 0
2
42 228 
2
1474 16 16 0
1473 12 2 0
2
43 67 
2
1468 18 14 0
1467 18 28 0
2
42 229 
2
1475 16 16 0
1474 2 16 0
2
43 68 
2
1469 18 14 0
1468 18 12 0
2
42 230 
2
1476 16 16 0
1475 10 8 0
2
43 86 
2
1470 18 14 0
1469 6 10 0
2
42 231 
2
1477 16 16 0
1476 14 30 0
2
43 87 
2
1471 18 14 0
1470 22 14 0
2
20 40 
2
1455 14 16 0
1456 10 16 0
2
21 41 
2
1449 20 14 0
1450 20 12 0
2
18 38 
2
1406 4 18 0
1407 4 16 0
2
19 39 
2
1418 20 8 0
1419 22 8 0
2
16 36 
2
1359 4 24 0
1360 4 22 0
2
17 37 
2
1371 26 4 0
1372 24 4 0
2
14 34 
2
1177 4 26 0
1178 2 24 0
2
15 35 
2
1200 26 2 0
1201 28 2 0
2
32 34 
2
1178 2 28 0
1179 2 24 0
2
33 35 
2
1201 32 2 0
1202 28 2 0
2
244 36 
2
1360 34 34 0
1361 4 22 0
2
34 36 
2
1361 2 24 0
1362 4 22 0
2
244 36 
2
1363 34 34 0
1363 4 22 0
2
14 36 
2
1363 4 26 0
1364 4 22 0
2
246 36 
2
1364 34 30 0
1365 4 22 0
2
34 36 
2
1365 2 24 0
1366 4 22 0
2
245 36 
2
1367 34 32 0
1367 4 22 0
2
245 37 
2
1372 34 32 0
1373 24 4 0
2
35 37 
2
1373 28 2 0
1374 24 4 0
2
245 37 
2
1375 34 32 0
1375 24 4 0
2
15 37 
2
1375 26 2 0
1376 24 4 0
2
248 37 
2
1376 34 26 0
1377 24 4 0
2
35 37 
2
1377 28 2 0
1378 24 4 0
2
245 37 
2
1378 34 32 0
1379 24 4 0
2
244 38 
2
1408 34 34 0
1408 4 16 0
2
36 38 
2
1408 4 22 0
1409 4 16 0
2
247 38 
2
1409 34 28 0
1410 4 16 0
2
16 38 
2
1410 4 24 0
1411 4 16 0
2
245 38 
2
1411 34 32 0
1412 4 16 0
2
36 38 
2
1412 4 22 0
1413 4 16 0
2
245 38 
2
1414 34 32 0
1414 4 16 0
2
244 39 
2
1419 34 34 0
1420 22 8 0
2
37 39 
2
1420 24 4 0
1421 22 8 0
2
245 39 
2
1421 34 32 0
1422 22 8 0
2
17 39 
2
1422 26 4 0
1423 22 8 0
2
246 39 
2
1423 34 30 0
1424 22 8 0
2
37 39 
2
1424 24 4 0
1425 22 8 0
2
246 39 
2
1426 34 30 0
1426 22 8 0
2
244 40 
2
1456 34 34 0
1457 10 16 0
2
38 40 
2
1457 4 16 0
1458 10 16 0
2
244 40 
2
1459 34 34 0
1459 10 16 0
2
18 40 
2
1459 4 18 0
1460 10 16 0
2
245 40 
2
1460 34 32 0
1461 10 16 0
2
38 40 
2
1461 4 16 0
1462 10 16 0
2
244 40 
2
1462 34 34 0
1463 10 16 0
2
244 41 
2
1450 34 34 0
1451 20 12 0
2
39 41 
2
1451 22 8 0
1452 20 12 0
2
244 41 
2
1453 34 34 0
1453 20 12 0
2
19 41 
2
1453 20 8 0
1454 20 12 0
2
245 41 
2
1454 34 32 0
1455 20 12 0
2
39 41 
2
1455 22 8 0
1456 20 12 0
2
245 41 
2
1457 34 32 0
1457 20 12 0
2
244 42 
2
1477 34 34 0
1478 16 16 0
2
40 42 
2
1478 10 16 0
1479 16 16 0
2
244 42 
2
1480 34 34 0
1480 16 16 0
2
20 42 
2
1480 14 16 0
1481 16 16 0
2
245 42 
2
1481 34 32 0
1482 16 16 0
2
40 42 
2
1482 10 16 0
1483 16 16 0
2
244 42 
2
1483 34 34 0
1484 16 16 0
2
244 43 
2
1471 34 34 0
1472 18 14 0
2
41 43 
2
1472 20 12 0
1473 18 14 0
2
244 43 
2
1474 34 34 0
1474 18 14 0
2
21 43 
2
1474 20 14 0
1475 18 14 0
2
245 43 
2
1475 34 32 0
1476 18 14 0
2
41 43 
2
1476 20 12 0
1477 18 14 0
2
245 43 
2
1478 34 32 0
1478 18 14 0
2
42 228 
2
1485 16 16 0
1484 12 2 0
2
43 49 
2
1479 18 14 0
1478 32 14 0
2
42 229 
2
1486 16 16 0
1485 2 16 0
2
43 52 
2
1480 18 14 0
1479 18 4 0
2
42 230 
2
1487 16 16 0
1486 10 8 0
2
43 53 
2
1481 18 14 0
1480 18 8 0
2
43 54 
2
1482 18 14 0
1481 24 6 0
2
43 55 
2
1483 18 14 0
1482 24 2 0
2
43 56 
2
1484 18 14 0
1483 32 18 0
2
43 57 
2
1485 18 14 0
1484 22 28 0
2
43 58 
2
1486 18 14 0
1485 10 10 0
2
43 59 
2
1487 18 14 0
1486 28 16 0
2
43 60 
2
1488 18 14 0
1487 16 8 0
2
43 61 
2
1489 18 14 0
1488 18 30 0
2
43 62 
2
1490 18 14 0
1489 20 24 0
2
43 63 
2
1491 18 14 0
1490 16 12 0
2
43 64 
2
1492 18 14 0
1491 16 6 0
2
43 65 
2
1493 18 14 0
1492 10 6 0
2
43 66 
2
1494 18 14 0
1493 18 22 0
2
43 67 
2
1495 18 14 0
1494 18 28 0
2
43 68 
2
1496 18 14 0
1495 18 12 0
2
43 86 
2
1497 18 14 0
1496 6 10 0
2
43 87 
2
1498 18 14 0
1497 22 14 0
2
43 89 
2
1499 18 14 0
1498 24 14 0
2
40 42 
2
1487 10 16 0
1488 16 16 0
2
41 43 
2
1499 20 12 0
1500 18 14 0
2
42 228 
2
1489 16 16 0
1488 12 2 0
2
43 49 
2
1501 18 14 0
1500 32 14 0
2
42 229 
2
1490 16 16 0
1489 2 16 0
2
43 52 
2
1502 18 14 0
1501 18 4 0
2
42 230 
2
1491 16 16 0
1490 10 8 0
2
43 53 
2
1503 18 14 0
1502 18 8 0
2
43 54 
2
1504 18 14 0
1503 24 6 0
2
43 55 
2
1505 18 14 0
1504 24 2 0
2
43 56 
2
1506 18 14 0
1505 32 18 0
2
43 57 
2
1507 18 14 0
1506 22 28 0
2
43 58 
2
1508 18 14 0
1507 10 10 0
2
43 59 
2
1509 18 14 0
1508 28 16 0
2
43 60 
2
1510 18 14 0
1509 16 8 0
2
43 61 
2
1511 18 14 0
1510 18 30 0
2
43 62 
2
1512 18 14 0
1511 20 24 0
2
43 63 
2
1513 18 14 0
1512 16 12 0
2
43 64 
2
1514 18 14 0
1513 16 6 0
2
43 65 
2
1515 18 14 0
1514 10 6 0
2
43 66 
2
1516 18 14 0
1515 18 22 0
2
43 67 
2
1517 18 14 0
1516 18 28 0
2
43 68 
2
1518 18 14 0
1517 18 12 0
2
43 86 
2
1519 18 14 0
1518 6 10 0
2
43 87 
2
1520 18 14 0
1519 22 14 0
2
43 89 
2
1521 18 14 0
1520 24 14 0
2
20 40 
2
1487 14 16 0
1488 10 16 0
2
21 41 
2
1499 20 14 0
1500 20 12 0
2
38 40 
2
1488 4 16 0
1489 10 16 0
2
39 41 
2
1500 22 8 0
1501 20 12 0
2
244 42 
2
1491 34 34 0
1492 16 16 0
2
40 42 
2
1492 10 16 0
1493 16 16 0
2
244 42 
2
1494 34 34 0
1494 16 16 0
2
20 42 
2
1494 14 16 0
1495 16 16 0
2
246 42 
2
1495 34 30 0
1496 16 16 0
2
40 42 
2
1496 10 16 0
1497 16 16 0
2
244 42 
2
1497 34 34 0
1498 16 16 0
2
244 43 
2
1521 34 34 0
1522 18 14 0
2
41 43 
2
1522 20 12 0
1523 18 14 0
2
244 43 
2
1524 34 34 0
1524 18 14 0
2
21 43 
2
1524 20 14 0
1525 18 14 0
2
245 43 
2
1525 34 32 0
1526 18 14 0
2
41 43 
2
1526 20 12 0
1527 18 14 0
2
244 43 
2
1527 34 34 0
1528 18 14 0
2
42 229 
2
1499 16 16 0
1498 2 16 0
2
43 87 
2
1529 18 14 0
1528 22 14 0
2
42 230 
2
1500 16 16 0
1499 10 8 0
2
43 89 
2
1530 18 14 0
1529 24 14 0
2
42 231 
2
1501 16 16 0
1500 14 30 0
2
43 90 
2
1531 18 14 0
1530 20 10 0
2
40 42 
2
1501 10 16 0
1502 16 16 0
2
41 43 
2
1531 20 12 0
1532 18 14 0
2
42 229 
2
1503 16 16 0
1502 2 16 0
2
43 87 
2
1533 18 14 0
1532 22 14 0
2
42 230 
2
1504 16 16 0
1503 10 8 0
2
43 89 
2
1534 18 14 0
1533 24 14 0
2
42 231 
2
1505 16 16 0
1504 14 30 0
2
43 90 
2
1535 18 14 0
1534 20 10 0
2
20 40 
2
1501 14 16 0
1502 10 16 0
2
21 41 
2
1531 20 14 0
1532 20 12 0
2
18 38 
2
1488 4 18 0
1489 4 16 0
2
19 39 
2
1500 20 8 0
1501 22 8 0
2
36 38 
2
1489 4 22 0
1490 4 16 0
2
37 39 
2
1501 24 4 0
1502 22 8 0
2
244 40 
2
1502 34 34 0
1503 10 16 0
2
38 40 
2
1503 4 16 0
1504 10 16 0
2
244 40 
2
1505 34 34 0
1505 10 16 0
2
18 40 
2
1505 4 18 0
1506 10 16 0
2
247 40 
2
1506 34 28 0
1507 10 16 0
2
38 40 
2
1507 4 16 0
1508 10 16 0
2
245 40 
2
1509 34 32 0
1509 10 16 0
2
244 41 
2
1532 34 34 0
1533 20 12 0
2
39 41 
2
1533 22 8 0
1534 20 12 0
2
244 41 
2
1535 34 34 0
1535 20 12 0
2
19 41 
2
1535 20 8 0
1536 20 12 0
2
246 41 
2
1536 34 30 0
1537 20 12 0
2
39 41 
2
1537 22 8 0
1538 20 12 0
2
245 41 
2
1538 34 32 0
1539 20 12 0
2
245 42 
2
1506 34 32 0
1506 16 16 0
2
40 42 
2
1510 10 16 0
1509 16 16 0
2
246 42 
2
1509 34 30 0
1510 16 16 0
2
20 42 
2
1510 14 16 0
1511 16 16 0
2
244 42 
2
1511 34 34 0
1512 16 16 0
2
40 42 
2
1512 10 16 0
1513 16 16 0
2
244 42 
2
1514 34 34 0
1514 16 16 0
2
245 43 
2
1535 34 32 0
1536 18 14 0
2
41 43 
2
1540 20 12 0
1539 18 14 0
2
247 43 
2
1539 34 28 0
1540 18 14 0
2
21 43 
2
1540 20 14 0
1541 18 14 0
2
245 43 
2
1541 34 32 0
1542 18 14 0
2
41 43 
2
1542 20 12 0
1543 18 14 0
2
245 43 
2
1544 34 32 0
1544 18 14 0
2
42 228 
2
1515 16 16 0
1514 12 2 0
2
43 89 
2
1545 18 14 0
1544 24 14 0
2
42 229 
2
1516 16 16 0
1515 2 16 0
2
43 90 
2
1546 18 14 0
1545 20 10 0
2
42 230 
2
1517 16 16 0
1516 10 8 0
2
43 91 
2
1547 18 14 0
1546 28 8 0
2
42 231 
2
1518 16 16 0
1517 14 30 0
2
42 232 
2
1519 16 16 0
1518 26 22 0
2
42 233 
2
1520 16 16 0
1519 8 22 0
2
42 234 
2
1521 16 16 0
1520 12 22 0
2
42 235 
2
1522 16 16 0
1521 14 24 0
2
42 236 
2
1523 16 16 0
1522 8 10 0
2
42 237 
2
1524 16 16 0
1523 20 28 0
2
42 238 
2
1525 16 16 0
1524 14 10 0
2
42 239 
2
1526 16 16 0
1525 16 20 0
2
42 50 
2
1527 16 16 0
1526 4 12 0
2
42 45 
2
1528 16 16 0
1527 16 2 0
2
42 47 
2
1529 16 16 0
1528 26 12 0
2
42 49 
2
1530 16 16 0
1529 32 14 0
2
42 52 
2
1531 16 16 0
1530 18 4 0
2
42 53 
2
1532 16 16 0
1531 18 8 0
2
42 54 
2
1533 16 16 0
1532 24 6 0
2
42 55 
2
1534 16 16 0
1533 24 2 0
2
42 56 
2
1535 16 16 0
1534 32 18 0
2
40 42 
2
1535 10 16 0
1536 16 16 0
2
41 43 
2
1547 20 12 0
1548 18 14 0
2
42 228 
2
1537 16 16 0
1536 12 2 0
2
43 89 
2
1549 18 14 0
1548 24 14 0
2
42 229 
2
1538 16 16 0
1537 2 16 0
2
43 90 
2
1550 18 14 0
1549 20 10 0
2
42 230 
2
1539 16 16 0
1538 10 8 0
2
43 91 
2
1551 18 14 0
1550 28 8 0
2
42 231 
2
1540 16 16 0
1539 14 30 0
2
42 232 
2
1541 16 16 0
1540 26 22 0
2
42 233 
2
1542 16 16 0
1541 8 22 0
2
42 234 
2
1543 16 16 0
1542 12 22 0
2
42 235 
2
1544 16 16 0
1543 14 24 0
2
42 236 
2
1545 16 16 0
1544 8 10 0
2
42 237 
2
1546 16 16 0
1545 20 28 0
2
42 238 
2
1547 16 16 0
1546 14 10 0
2
42 239 
2
1548 16 16 0
1547 16 20 0
2
42 50 
2
1549 16 16 0
1548 4 12 0
2
42 45 
2
1550 16 16 0
1549 16 2 0
2
42 47 
2
1551 16 16 0
1550 26 12 0
2
42 49 
2
1552 16 16 0
1551 32 14 0
2
42 52 
2
1553 16 16 0
1552 18 4 0
2
42 53 
2
1554 16 16 0
1553 18 8 0
2
42 54 
2
1555 16 16 0
1554 24 6 0
2
42 55 
2
1556 16 16 0
1555 24 2 0
2
42 56 
2
1557 16 16 0
1556 32 18 0
2
20 40 
2
1535 14 16 0
1536 10 16 0
2
21 41 
2
1547 20 14 0
1548 20 12 0
2
38 40 
2
1536 4 16 0
1537 10 16 0
2
39 41 
2
1548 22 8 0
1549 20 12 0
2
244 42 
2
1558 34 34 0
1558 16 16 0
2
40 42 
2
1558 10 16 0
1559 16 16 0
2
245 42 
2
1560 34 32 0
1560 16 16 0
2
20 42 
2
1560 14 16 0
1561 16 16 0
2
244 42 
2
1561 34 34 0
1562 16 16 0
2
40 42 
2
1562 10 16 0
1563 16 16 0
2
244 42 
2
1564 34 34 0
1564 16 16 0
2
244 43 
2
1552 34 34 0
1552 18 14 0
2
41 43 
2
1552 20 12 0
1553 18 14 0
2
245 43 
2
1554 34 32 0
1554 18 14 0
2
21 43 
2
1554 20 14 0
1555 18 14 0
2
244 43 
2
1555 34 34 0
1556 18 14 0
2
41 43 
2
1556 20 12 0
1557 18 14 0
2
245 43 
2
1557 34 32 0
1558 18 14 0
2
42 229 
2
1565 16 16 0
1564 2 16 0
2
43 87 
2
1559 18 14 0
1558 22 14 0
2
42 230 
2
1566 16 16 0
1565 10 8 0
2
43 89 
2
1560 18 14 0
1559 24 14 0
2
42 231 
2
1567 16 16 0
1566 14 30 0
2
43 90 
2
1561 18 14 0
1560 20 10 0
2
42 232 
2
1568 16 16 0
1567 26 22 0
2
43 91 
2
1562 18 14 0
1561 28 8 0
2
42 233 
2
1569 16 16 0
1568 8 22 0
2
43 92 
2
1563 18 14 0
1562 32 12 0
2
42 234 
2
1570 16 16 0
1569 12 22 0
2
43 93 
2
1564 18 14 0
1563 20 2 0
2
42 235 
2
1571 16 16 0
1570 14 24 0
2
43 94 
2
1565 18 14 0
1564 8 6 0
2
42 236 
2
1572 16 16 0
1571 8 10 0
2
43 95 
2
1566 18 14 0
1565 6 12 0
2
42 237 
2
1573 16 16 0
1572 20 28 0
2
43 96 
2
1567 18 14 0
1566 16 4 0
2
42 238 
2
1574 16 16 0
1573 14 10 0
2
43 97 
2
1568 18 14 0
1567 12 14 0
2
42 239 
2
1575 16 16 0
1574 16 20 0
2
43 98 
2
1569 18 14 0
1568 22 16 0
2
42 50 
2
1576 16 16 0
1575 4 12 0
2
43 99 
2
1570 18 14 0
1569 18 24 0
2
42 45 
2
1577 16 16 0
1576 16 2 0
2
43 100 
2
1571 18 14 0
1570 12 10 0
2
42 47 
2
1578 16 16 0
1577 26 12 0
2
43 101 
2
1572 18 14 0
1571 18 18 0
2
42 49 
2
1579 16 16 0
1578 32 14 0
2
43 102 
2
1573 18 14 0
1572 14 8 0
2
42 52 
2
1580 16 16 0
1579 18 4 0
2
43 103 
2
1574 18 14 0
1573 14 6 0
2
42 53 
2
1581 16 16 0
1580 18 8 0
2
43 104 
2
1575 18 14 0
1574 22 26 0
2
42 54 
2
1582 16 16 0
1581 24 6 0
2
43 105 
2
1576 18 14 0
1575 20 16 0
2
42 55 
2
1583 16 16 0
1582 24 2 0
2
43 106 
2
1577 18 14 0
1576 24 20 0
2
42 56 
2
1584 16 16 0
1583 32 18 0
2
43 107 
2
1578 18 14 0
1577 30 16 0
2
42 57 
2
1585 16 16 0
1584 22 28 0
2
43 108 
2
1579 18 14 0
1578 28 10 0
2
40 42 
2
1585 10 16 0
1586 16 16 0
2
41 43 
2
1579 20 12 0
1580 18 14 0
2
42 229 
2
1587 16 16 0
1586 2 16 0
2
43 87 
2
1581 18 14 0
1580 22 14 0
2
42 230 
2
1588 16 16 0
1587 10 8 0
2
43 89 
2
1582 18 14 0
1581 24 14 0
2
42 231 
2
1589 16 16 0
1588 14 30 0
2
43 90 
2
1583 18 14 0
1582 20 10 0
2
42 232 
2
1590 16 16 0
1589 26 22 0
2
43 91 
2
1584 18 14 0
1583 28 8 0
2
42 233 
2
1591 16 16 0
1590 8 22 0
2
43 92 
2
1585 18 14 0
1584 32 12 0
2
42 234 
2
1592 16 16 0
1591 12 22 0
2
43 93 
2
1586 18 14 0
1585 20 2 0
2
42 235 
2
1593 16 16 0
1592 14 24 0
2
43 94 
2
1587 18 14 0
1586 8 6 0
2
42 236 
2
1594 16 16 0
1593 8 10 0
2
43 95 
2
1588 18 14 0
1587 6 12 0
2
42 237 
2
1595 16 16 0
1594 20 28 0
2
43 96 
2
1589 18 14 0
1588 16 4 0
2
42 238 
2
1596 16 16 0
1595 14 10 0
2
43 97 
2
1590 18 14 0
1589 12 14 0
2
42 239 
2
1597 16 16 0
1596 16 20 0
2
43 98 
2
1591 18 14 0
1590 22 16 0
2
42 50 
2
1598 16 16 0
1597 4 12 0
2
43 99 
2
1592 18 14 0
1591 18 24 0
2
42 45 
2
1599 16 16 0
1598 16 2 0
2
43 100 
2
1593 18 14 0
1592 12 10 0
2
42 47 
2
1600 16 16 0
1599 26 12 0
2
43 101 
2
1594 18 14 0
1593 18 18 0
2
42 49 
2
1601 16 16 0
1600 32 14 0
2
43 102 
2
1595 18 14 0
1594 14 8 0
2
42 52 
2
1602 16 16 0
1601 18 4 0
2
43 103 
2
1596 18 14 0
1595 14 6 0
2
42 53 
2
1603 16 16 0
1602 18 8 0
2
43 104 
2
1597 18 14 0
1596 22 26 0
2
42 54 
2
1604 16 16 0
1603 24 6 0
2
43 105 
2
1598 18 14 0
1597 20 16 0
2
42 55 
2
1605 16 16 0
1604 24 2 0
2
43 106 
2
1599 18 14 0
1598 24 20 0
2
42 56 
2
1606 16 16 0
1605 32 18 0
2
43 107 
2
1600 18 14 0
1599 30 16 0
2
42 57 
2
1607 16 16 0
1606 22 28 0
2
43 108 
2
1601 18 14 0
1600 28 10 0
2
20 40 
2
1585 14 16 0
1586 10 16 0
2
21 41 
2
1579 20 14 0
1580 20 12 0
2
18 38 
2
1536 4 18 0
1537 4 16 0
2
19 39 
2
1548 20 8 0
1549 22 8 0
2
16 36 
2
1489 4 24 0
1490 4 22 0
2
17 37 
2
1501 26 4 0
1502 24 4 0
2
34 36 
2
1490 2 24 0
1491 4 22 0
2
35 37 
2
1502 28 2 0
1503 24 4 0
2
244 38 
2
1538 34 34 0
1538 4 16 0
2
36 38 
2
1538 4 22 0
1539 4 16 0
2
246 38 
2
1539 34 30 0
1540 4 16 0
2
16 38 
2
1540 4 24 0
1541 4 16 0
2
244 38 
2
1541 34 34 0
1542 4 16 0
2
36 38 
2
1542 4 22 0
1543 4 16 0
2
244 38 
2
1544 34 34 0
1544 4 16 0
2
244 39 
2
1549 34 34 0
1550 22 8 0
2
37 39 
2
1550 24 4 0
1551 22 8 0
2
245 39 
2
1551 34 32 0
1552 22 8 0
2
17 39 
2
1552 26 4 0
1553 22 8 0
2
246 39 
2
1553 34 30 0
1554 22 8 0
2
37 39 
2
1554 24 4 0
1555 22 8 0
2
246 39 
2
1556 34 30 0
1556 22 8 0
2
244 40 
2
1586 34 34 0
1587 10 16 0
2
38 40 
2
1587 4 16 0
1588 10 16 0
2
244 40 
2
1589 34 34 0
1589 10 16 0
2
18 40 
2
1589 4 18 0
1590 10 16 0
2
245 40 
2
1590 34 32 0
1591 10 16 0
2
38 40 
2
1591 4 16 0
1592 10 16 0
2
244 40 
2
1592 34 34 0
1593 10 16 0
2
244 41 
2
1580 34 34 0
1581 20 12 0
2
39 41 
2
1581 22 8 0
1582 20 12 0
2
244 41 
2
1583 34 34 0
1583 20 12 0
2
19 41 
2
1583 20 8 0
1584 20 12 0
2
245 41 
2
1584 34 32 0
1585 20 12 0
2
39 41 
2
1585 22 8 0
1586 20 12 0
2
245 41 
2
1587 34 32 0
1587 20 12 0
2
244 42 
2
1607 34 34 0
1608 16 16 0
2
40 42 
2
1608 10 16 0
1609 16 16 0
2
244 42 
2
1610 34 34 0
1610 16 16 0
2
20 42 
2
1610 14 16 0
1611 16 16 0
2
245 42 
2
1611 34 32 0
1612 16 16 0
2
40 42 
2
1612 10 16 0
1613 16 16 0
2
244 42 
2
1613 34 34 0
1614 16 16 0
2
244 43 
2
1601 34 34 0
1602 18 14 0
2
41 43 
2
1602 20 12 0
1603 18 14 0
2
244 43 
2
1604 34 34 0
1604 18 14 0
2
21 43 
2
1604 20 14 0
1605 18 14 0
2
245 43 
2
1605 34 32 0
1606 18 14 0
2
41 43 
2
1606 20 12 0
1607 18 14 0
2
245 43 
2
1608 34 32 0
1608 18 14 0
2
42 228 
2
1615 16 16 0
1614 12 2 0
2
43 89 
2
1609 18 14 0
1608 24 14 0
2
42 229 
2
1616 16 16 0
1615 2 16 0
2
43 90 
2
1610 18 14 0
1609 20 10 0
2
42 230 
2
1617 16 16 0
1616 10 8 0
2
43 91 
2
1611 18 14 0
1610 28 8 0
2
42 231 
2
1618 16 16 0
1617 14 30 0
2
43 92 
2
1612 18 14 0
1611 32 12 0
2
42 232 
2
1619 16 16 0
1618 26 22 0
2
43 93 
2
1613 18 14 0
1612 20 2 0
2
42 233 
2
1620 16 16 0
1619 8 22 0
2
43 94 
2
1614 18 14 0
1613 8 6 0
2
42 234 
2
1621 16 16 0
1620 12 22 0
2
43 95 
2
1615 18 14 0
1614 6 12 0
2
42 235 
2
1622 16 16 0
1621 14 24 0
2
43 96 
2
1616 18 14 0
1615 16 4 0
2
42 236 
2
1623 16 16 0
1622 8 10 0
2
43 97 
2
1617 18 14 0
1616 12 14 0
2
42 237 
2
1624 16 16 0
1623 20 28 0
2
43 98 
2
1618 18 14 0
1617 22 16 0
2
42 238 
2
1625 16 16 0
1624 14 10 0
2
43 99 
2
1619 18 14 0
1618 18 24 0
2
42 239 
2
1626 16 16 0
1625 16 20 0
2
43 100 
2
1620 18 14 0
1619 12 10 0
2
42 50 
2
1627 16 16 0
1626 4 12 0
2
43 101 
2
1621 18 14 0
1620 18 18 0
2
42 45 
2
1628 16 16 0
1627 16 2 0
2
43 102 
2
1622 18 14 0
1621 14 8 0
2
42 47 
2
1629 16 16 0
1628 26 12 0
2
43 103 
2
1623 18 14 0
1622 14 6 0
2
42 49 
2
1630 16 16 0
1629 32 14 0
2
43 104 
2
1624 18 14 0
1623 22 26 0
2
42 52 
2
1631 16 16 0
1630 18 4 0
2
43 105 
2
1625 18 14 0
1624 20 16 0
2
42 53 
2
1632 16 16 0
1631 18 8 0
2
43 106 
2
1626 18 14 0
1625 24 20 0
2
42 54 
2
1633 16 16 0
1632 24 6 0
2
43 107 
2
1627 18 14 0
1626 30 16 0
2
43 108 
2
1628 18 14 0
1627 28 10 0
2
43 109 
2
1629 18 14 0
1628 26 10 0
2
40 42 
2
1633 10 16 0
1634 16 16 0
2
41 43 
2
1629 20 12 0
1630 18 14 0
2
42 228 
2
1635 16 16 0
1634 12 2 0
2
43 89 
2
1631 18 14 0
1630 24 14 0
2
42 229 
2
1636 16 16 0
1635 2 16 0
2
43 90 
2
1632 18 14 0
1631 20 10 0
2
42 230 
2
1637 16 16 0
1636 10 8 0
2
43 91 
2
1633 18 14 0
1632 28 8 0
2
42 231 
2
1638 16 16 0
1637 14 30 0
2
43 92 
2
1634 18 14 0
1633 32 12 0
2
42 232 
2
1639 16 16 0
1638 26 22 0
2
43 93 
2
1635 18 14 0
1634 20 2 0
2
42 233 
2
1640 16 16 0
1639 8 22 0
2
43 94 
2
1636 18 14 0
1635 8 6 0
2
42 234 
2
1641 16 16 0
1640 12 22 0
2
43 95 
2
1637 18 14 0
1636 6 12 0
2
42 235 
2
1642 16 16 0
1641 14 24 0
2
43 96 
2
1638 18 14 0
1637 16 4 0
2
42 236 
2
1643 16 16 0
1642 8 10 0
2
43 97 
2
1639 18 14 0
1638 12 14 0
2
42 237 
2
1644 16 16 0
1643 20 28 0
2
43 98 
2
1640 18 14 0
1639 22 16 0
2
42 238 
2
1645 16 16 0
1644 14 10 0
2
43 99 
2
1641 18 14 0
1640 18 24 0
2
42 239 
2
1646 16 16 0
1645 16 20 0
2
43 100 
2
1642 18 14 0
1641 12 10 0
2
42 50 
2
1647 16 16 0
1646 4 12 0
2
43 101 
2
1643 18 14 0
1642 18 18 0
2
42 45 
2
1648 16 16 0
1647 16 2 0
2
43 102 
2
1644 18 14 0
1643 14 8 0
2
42 47 
2
1649 16 16 0
1648 26 12 0
2
43 103 
2
1645 18 14 0
1644 14 6 0
2
42 49 
2
1650 16 16 0
1649 32 14 0
2
43 104 
2
1646 18 14 0
1645 22 26 0
2
42 52 
2
1651 16 16 0
1650 18 4 0
2
43 105 
2
1647 18 14 0
1646 20 16 0
2
42 53 
2
1652 16 16 0
1651 18 8 0
2
43 106 
2
1648 18 14 0
1647 24 20 0
2
42 54 
2
1653 16 16 0
1652 24 6 0
2
43 107 
2
1649 18 14 0
1648 30 16 0
2
43 108 
2
1650 18 14 0
1649 28 10 0
2
43 109 
2
1651 18 14 0
1650 26 10 0
2
20 40 
2
1633 14 16 0
1634 10 16 0
2
21 41 
2
1629 20 14 0
1630 20 12 0
2
38 40 
2
1634 4 16 0
1635 10 16 0
2
39 41 
2
1630 22 8 0
1631 20 12 0
2
244 42 
2
1654 34 34 0
1654 16 16 0
2
40 42 
2
1654 10 16 0
1655 16 16 0
2
245 42 
2
1656 34 32 0
1656 16 16 0
2
20 42 
2
1656 14 16 0
1657 16 16 0
2
244 42 
2
1657 34 34 0
1658 16 16 0
2
40 42 
2
1658 10 16 0
1659 16 16 0
2
244 42 
2
1660 34 34 0
1660 16 16 0
2
244 43 
2
1651 34 34 0
1652 18 14 0
2
41 43 
2
1652 20 12 0
1653 18 14 0
2
245 43 
2
1653 34 32 0
1654 18 14 0
2
21 43 
2
1654 20 14 0
1655 18 14 0
2
246 43 
2
1655 34 30 0
1656 18 14 0
2
41 43 
2
1656 20 12 0
1657 18 14 0
2
246 43 
2
1658 34 30 0
1658 18 14 0
2
42 229 
2
1661 16 16 0
1660 2 16 0
2
43 108 
2
1659 18 14 0
1658 28 10 0
2
42 230 
2
1662 16 16 0
1661 10 8 0
2
43 109 
2
1660 18 14 0
1659 26 10 0
2
42 231 
2
1663 16 16 0
1662 14 30 0
2
43 111 
2
1661 18 14 0
1660 18 6 0
2
42 232 
2
1664 16 16 0
1663 26 22 0
2
42 233 
2
1665 16 16 0
1664 8 22 0
2
42 234 
2
1666 16 16 0
1665 12 22 0
2
42 235 
2
1667 16 16 0
1666 14 24 0
2
42 236 
2
1668 16 16 0
1667 8 10 0
2
42 237 
2
1669 16 16 0
1668 20 28 0
2
42 238 
2
1670 16 16 0
1669 14 10 0
2
42 239 
2
1671 16 16 0
1670 16 20 0
2
42 50 
2
1672 16 16 0
1671 4 12 0
2
42 45 
2
1673 16 16 0
1672 16 2 0
2
42 47 
2
1674 16 16 0
1673 26 12 0
2
42 49 
2
1675 16 16 0
1674 32 14 0
2
42 52 
2
1676 16 16 0
1675 18 4 0
2
42 53 
2
1677 16 16 0
1676 18 8 0
2
42 54 
2
1678 16 16 0
1677 24 6 0
2
42 55 
2
1679 16 16 0
1678 24 2 0
2
40 42 
2
1679 10 16 0
1680 16 16 0
2
41 43 
2
1661 20 12 0
1662 18 14 0
2
42 229 
2
1681 16 16 0
1680 2 16 0
2
43 108 
2
1663 18 14 0
1662 28 10 0
2
42 230 
2
1682 16 16 0
1681 10 8 0
2
43 109 
2
1664 18 14 0
1663 26 10 0
2
42 231 
2
1683 16 16 0
1682 14 30 0
2
43 111 
2
1665 18 14 0
1664 18 6 0
2
42 232 
2
1684 16 16 0
1683 26 22 0
2
42 233 
2
1685 16 16 0
1684 8 22 0
2
42 234 
2
1686 16 16 0
1685 12 22 0
2
42 235 
2
1687 16 16 0
1686 14 24 0
2
42 236 
2
1688 16 16 0
1687 8 10 0
2
42 237 
2
1689 16 16 0
1688 20 28 0
2
42 238 
2
1690 16 16 0
1689 14 10 0
2
42 239 
2
1691 16 16 0
1690 16 20 0
2
42 50 
2
1692 16 16 0
1691 4 12 0
2
42 45 
2
1693 16 16 0
1692 16 2 0
2
42 47 
2
1694 16 16 0
1693 26 12 0
2
42 49 
2
1695 16 16 0
1694 32 14 0
2
42 52 
2
1696 16 16 0
1695 18 4 0
2
42 53 
2
1697 16 16 0
1696 18 8 0
2
42 54 
2
1698 16 16 0
1697 24 6 0
2
42 55 
2
1699 16 16 0
1698 24 2 0
2
20 40 
2
1679 14 16 0
1680 10 16 0
2
21 41 
2
1661 20 14 0
1662 20 12 0
2
18 38 
2
1634 4 18 0
1635 4 16 0
2
19 39 
2
1630 20 8 0
1631 22 8 0
2
36 38 
2
1635 4 22 0
1636 4 16 0
2
37 39 
2
1631 24 4 0
1632 22 8 0
2
245 40 
2
1680 34 32 0
1681 10 16 0
2
38 40 
2
1681 4 16 0
1682 10 16 0
2
245 40 
2
1683 34 32 0
1683 10 16 0
2
18 40 
2
1683 4 18 0
1684 10 16 0
2
244 40 
2
1685 34 34 0
1685 10 16 0
2
38 40 
2
1685 4 16 0
1686 10 16 0
2
246 40 
2
1687 34 30 0
1687 10 16 0
2
244 41 
2
1663 34 34 0
1663 20 12 0
2
39 41 
2
1663 22 8 0
1664 20 12 0
2
245 41 
2
1664 34 32 0
1665 20 12 0
2
19 41 
2
1665 20 8 0
1666 20 12 0
2
245 41 
2
1667 34 32 0
1667 20 12 0
2
39 41 
2
1667 22 8 0
1668 20 12 0
2
244 41 
2
1669 34 34 0
1669 20 12 0
2
244 42 
2
1699 34 34 0
1700 16 16 0
2
40 42 
2
1700 10 16 0
1701 16 16 0
2
244 42 
2
1702 34 34 0
1702 16 16 0
2
20 42 
2
1702 14 16 0
1703 16 16 0
2
245 42 
2
1703 34 32 0
1704 16 16 0
2
40 42 
2
1704 10 16 0
1705 16 16 0
2
244 42 
2
1705 34 34 0
1706 16 16 0
2
244 43 
2
1666 34 34 0
1666 18 14 0
2
41 43 
2
1670 20 12 0
1669 18 14 0
2
245 43 
2
1670 34 32 0
1670 18 14 0
2
21 43 
2
1670 20 14 0
1671 18 14 0
2
244 43 
2
1672 34 34 0
1672 18 14 0
2
41 43 
2
1672 20 12 0
1673 18 14 0
2
245 43 
2
1673 34 32 0
1674 18 14 0
2
42 230 
2
1707 16 16 0
1706 10 8 0
2
43 109 
2
1675 18 14 0
1674 26 10 0
2
42 231 
2
1708 16 16 0
1707 14 30 0
2
43 111 
2
1676 18 14 0
1675 18 6 0
2
42 232 
2
1709 16 16 0
1708 26 22 0
2
43 112 
2
1677 18 14 0
1676 30 14 0
2
40 42 
2
1709 10 16 0
1710 16 16 0
2
41 43 
2
1677 20 12 0
1678 18 14 0
2
42 230 
2
1711 16 16 0
1710 10 8 0
2
43 109 
2
1679 18 14 0
1678 26 10 0
2
42 231 
2
1712 16 16 0
1711 14 30 0
2
43 111 
2
1680 18 14 0
1679 18 6 0
2
42 232 
2
1713 16 16 0
1712 26 22 0
2
43 112 
2
1681 18 14 0
1680 30 14 0
2
20 40 
2
1709 14 16 0
1710 10 16 0
2
21 41 
2
1677 20 14 0
1678 20 12 0
2
38 40 
2
1710 4 16 0
1711 10 16 0
2
39 41 
2
1678 22 8 0
1679 20 12 0
2
245 42 
2
1714 34 32 0
1714 16 16 0
2
40 42 
2
1714 10 16 0
1715 16 16 0
2
244 42 
2
1716 34 34 0
1716 16 16 0
2
20 42 
2
1716 14 16 0
1717 16 16 0
2
247 42 
2
1717 34 28 0
1718 16 16 0
2
40 42 
2
1718 10 16 0
1719 16 16 0
2
244 42 
2
1719 34 34 0
1720 16 16 0
2
244 43 
2
1682 34 34 0
1682 18 14 0
2
41 43 
2
1682 20 12 0
1683 18 14 0
2
246 43 
2
1684 34 30 0
1684 18 14 0
2
21 43 
2
1684 20 14 0
1685 18 14 0
2
245 43 
2
1686 34 32 0
1686 18 14 0
2
41 43 
2
1686 20 12 0
1687 18 14 0
2
244 43 
2
1688 34 34 0
1688 18 14 0
2
42 231 
2
1721 16 16 0
1720 14 30 0
2
43 108 
2
1689 18 14 0
1688 28 10 0
2
42 232 
2
1722 16 16 0
1721 26 22 0
2
43 109 
2
1690 18 14 0
1689 26 10 0
2
42 233 
2
1723 16 16 0
1722 8 22 0
2
43 111 
2
1691 18 14 0
1690 18 6 0
2
43 112 
2
1692 18 14 0
1691 30 14 0
2
43 113 
2
1693 18 14 0
1692 22 4 0
2
43 114 
2
1694 18 14 0
1693 30 10 0
2
43 115 
2
1695 18 14 0
1694 2 10 0
2
43 116 
2
1696 18 14 0
1695 8 8 0
2
43 117 
2
1697 18 14 0
1696 12 8 0
2
43 118 
2
1698 18 14 0
1697 12 12 0
2
43 119 
2
1699 18 14 0
1698 22 18 0
2
43 120 
2
1700 18 14 0
1699 28 20 0
2
43 121 
2
1701 18 14 0
1700 8 14 0
2
43 122 
2
1702 18 14 0
1701 12 6 0
2
43 123 
2
1703 18 14 0
1702 22 20 0
2
43 124 
2
1704 18 14 0
1703 20 26 0
2
43 125 
2
1705 18 14 0
1704 12 16 0
2
43 126 
2
1706 18 14 0
1705 16 10 0
2
43 128 
2
1707 18 14 0
1706 16 14 0
2
43 129 
2
1708 18 14 0
1707 28 12 0
2
43 130 
2
1709 18 14 0
1708 22 6 0
2
40 42 
2
1723 10 16 0
1724 16 16 0
2
41 43 
2
1709 20 12 0
1710 18 14 0
2
42 231 
2
1725 16 16 0
1724 14 30 0
2
43 108 
2
1711 18 14 0
1710 28 10 0
2
42 232 
2
1726 16 16 0
1725 26 22 0
2
43 109 
2
1712 18 14 0
1711 26 10 0
2
42 233 
2
1727 16 16 0
1726 8 22 0
2
43 111 
2
1713 18 14 0
1712 18 6 0
2
43 112 
2
1714 18 14 0
1713 30 14 0
2
43 113 
2
1715 18 14 0
1714 22 4 0
2
43 114 
2
1716 18 14 0
1715 30 10 0
2
43 115 
2
1717 18 14 0
1716 2 10 0
2
43 116 
2
1718 18 14 0
1717 8 8 0
2
43 117 
2
1719 18 14 0
1718 12 8 0
2
43 118 
2
1720 18 14 0
1719 12 12 0
2
43 119 
2
1721 18 14 0
1720 22 18 0
2
43 120 
2
1722 18 14 0
1721 28 20 0
2
43 121 
2
1723 18 14 0
1722 8 14 0
2
43 122 
2
1724 18 14 0
1723 12 6 0
2
43 123 
2
1725 18 14 0
1724 22 20 0
2
43 124 
2
1726 18 14 0
1725 20 26 0
2
43 125 
2
1727 18 14 0
1726 12 16 0
2
43 126 
2
1728 18 14 0
1727 16 10 0
2
43 128 
2
1729 18 14 0
1728 16 14 0
2
43 129 
2
1730 18 14 0
1729 28 12 0
2
43 130 
2
1731 18 14 0
1730 22 6 0
2
20 40 
2
1723 14 16 0
1724 10 16 0
2
21 41 
2
1709 20 14 0
1710 20 12 0
2
18 38 
2
1710 4 18 0
1711 4 16 0
2
19 39 
2
1678 20 8 0
1679 22 8 0
2
16 36 
2
1635 4 24 0
1636 4 22 0
2
17 37 
2
1631 26 4 0
1632 24 4 0
2
14 34 
2
1490 4 26 0
1491 2 24 0
2
15 35 
2
1502 26 2 0
1503 28 2 0
2
12 32 
2
1178 2 26 0
1179 2 28 0
2
13 33 
2
1201 30 2 0
1202 32 2 0
2
30 32 
2
1179 4 28 0
1180 2 28 0
2
31 33 
2
1202 32 6 0
1203 32 2 0
2
245 34 
2
1491 34 32 0
1492 2 24 0
2
32 34 
2
1492 2 28 0
1493 2 24 0
2
245 34 
2
1494 34 32 0
1494 2 24 0
2
12 34 
2
1494 2 26 0
1495 2 24 0
2
247 34 
2
1495 34 28 0
1496 2 24 0
2
32 34 
2
1496 2 28 0
1497 2 24 0
2
245 34 
2
1497 34 32 0
1498 2 24 0
2
245 35 
2
1503 34 32 0
1504 28 2 0
2
33 35 
2
1504 32 2 0
1505 28 2 0
2
246 35 
2
1505 34 30 0
1506 28 2 0
2
13 35 
2
1506 30 2 0
1507 28 2 0
2
244 35 
2
1508 34 34 0
1508 28 2 0
2
33 35 
2
1508 32 2 0
1509 28 2 0
2
247 35 
2
1509 34 28 0
1510 28 2 0
2
245 36 
2
1636 34 32 0
1637 4 22 0
2
34 36 
2
1637 2 24 0
1638 4 22 0
2
244 36 
2
1638 34 34 0
1639 4 22 0
2
14 36 
2
1639 4 26 0
1640 4 22 0
2
244 36 
2
1641 34 34 0
1641 4 22 0
2
34 36 
2
1641 2 24 0
1642 4 22 0
2
245 36 
2
1642 34 32 0
1643 4 22 0
2
244 37 
2
1632 34 34 0
1633 24 4 0
2
35 37 
2
1633 28 2 0
1634 24 4 0
2
244 37 
2
1635 34 34 0
1635 24 4 0
2
15 37 
2
1635 26 2 0
1636 24 4 0
2
246 37 
2
1636 34 30 0
1637 24 4 0
2
35 37 
2
1637 28 2 0
1638 24 4 0
2
245 37 
2
1639 34 32 0
1639 24 4 0
2
245 38 
2
1711 34 32 0
1712 4 16 0
2
36 38 
2
1712 4 22 0
1713 4 16 0
2
246 38 
2
1713 34 30 0
1714 4 16 0
2
16 38 
2
1714 4 24 0
1715 4 16 0
2
246 38 
2
1716 34 30 0
1716 4 16 0
2
36 38 
2
1716 4 22 0
1717 4 16 0
2
248 38 
2
1717 34 26 0
1718 4 16 0
2
244 39 
2
1679 34 34 0
1680 22 8 0
2
37 39 
2
1680 24 4 0
1681 22 8 0
2
246 39 
2
1681 34 30 0
1682 22 8 0
2
17 39 
2
1682 26 4 0
1683 22 8 0
2
247 39 
2
1683 34 28 0
1684 22 8 0
2
37 39 
2
1684 24 4 0
1685 22 8 0
2
247 39 
2
1686 34 28 0
1686 22 8 0
2
244 40 
2
1724 34 34 0
1725 10 16 0
2
38 40 
2
1725 4 16 0
1726 10 16 0
2
244 40 
2
1727 34 34 0
1727 10 16 0
2
18 40 
2
1727 4 18 0
1728 10 16 0
2
246 40 
2
1728 34 30 0
1729 10 16 0
2
38 40 
2
1729 4 16 0
1730 10 16 0
2
244 40 
2
1730 34 34 0
1731 10 16 0
2
244 41 
2
1710 34 34 0
1711 20 12 0
2
39 41 
2
1711 22 8 0
1712 20 12 0
2
244 41 
2
1713 34 34 0
1713 20 12 0
2
19 41 
2
1713 20 8 0
1714 20 12 0
2
247 41 
2
1714 34 28 0
1715 20 12 0
2
39 41 
2
1715 22 8 0
1716 20 12 0
2
245 41 
2
1717 34 32 0
1717 20 12 0
2
245 42 
2
1727 34 32 0
1728 16 16 0
2
40 42 
2
1732 10 16 0
1731 16 16 0
2
245 42 
2
1731 34 32 0
1732 16 16 0
2
20 42 
2
1732 14 16 0
1733 16 16 0
2
244 42 
2
1733 34 34 0
1734 16 16 0
2
40 42 
2
1734 10 16 0
1735 16 16 0
2
244 42 
2
1736 34 34 0
1736 16 16 0
2
246 43 
2
1731 34 30 0
1732 18 14 0
2
41 43 
2
1732 20 12 0
1733 18 14 0
2
245 43 
2
1734 34 32 0
1734 18 14 0
2
21 43 
2
1734 20 14 0
1735 18 14 0
2
246 43 
2
1735 34 30 0
1736 18 14 0
2
41 43 
2
1736 20 12 0
1737 18 14 0
2
245 43 
2
1737 34 32 0
1738 18 14 0
2
42 230 
2
1737 16 16 0
1736 10 8 0
2
43 109 
2
1739 18 14 0
1738 26 10 0
2
42 231 
2
1738 16 16 0
1737 14 30 0
2
43 111 
2
1740 18 14 0
1739 18 6 0
2
42 232 
2
1739 16 16 0
1738 26 22 0
2
43 112 
2
1741 18 14 0
1740 30 14 0
2
42 233 
2
1740 16 16 0
1739 8 22 0
2
43 113 
2
1742 18 14 0
1741 22 4 0
2
42 234 
2
1741 16 16 0
1740 12 22 0
2
43 114 
2
1743 18 14 0
1742 30 10 0
2
42 235 
2
1742 16 16 0
1741 14 24 0
2
43 115 
2
1744 18 14 0
1743 2 10 0
2
42 236 
2
1743 16 16 0
1742 8 10 0
2
43 116 
2
1745 18 14 0
1744 8 8 0
2
42 237 
2
1744 16 16 0
1743 20 28 0
2
43 117 
2
1746 18 14 0
1745 12 8 0
2
42 238 
2
1745 16 16 0
1744 14 10 0
2
43 118 
2
1747 18 14 0
1746 12 12 0
2
42 239 
2
1746 16 16 0
1745 16 20 0
2
43 119 
2
1748 18 14 0
1747 22 18 0
2
42 50 
2
1747 16 16 0
1746 4 12 0
2
43 120 
2
1749 18 14 0
1748 28 20 0
2
42 45 
2
1748 16 16 0
1747 16 2 0
2
43 121 
2
1750 18 14 0
1749 8 14 0
2
42 47 
2
1749 16 16 0
1748 26 12 0
2
43 122 
2
1751 18 14 0
1750 12 6 0
2
42 49 
2
1750 16 16 0
1749 32 14 0
2
43 123 
2
1752 18 14 0
1751 22 20 0
2
42 52 
2
1751 16 16 0
1750 18 4 0
2
43 124 
2
1753 18 14 0
1752 20 26 0
2
42 53 
2
1752 16 16 0
1751 18 8 0
2
43 125 
2
1754 18 14 0
1753 12 16 0
2
42 54 
2
1753 16 16 0
1752 24 6 0
2
43 126 
2
1755 18 14 0
1754 16 10 0
2
42 55 
2
1754 16 16 0
1753 24 2 0
2
43 128 
2
1756 18 14 0
1755 16 14 0
2
42 56 
2
1755 16 16 0
1754 32 18 0
2
43 129 
2
1757 18 14 0
1756 28 12 0
2
42 57 
2
1756 16 16 0
1755 22 28 0
2
43 130 
2
1758 18 14 0
1757 22 6 0
2
42 58 
2
1757 16 16 0
1756 10 10 0
2
43 131 
2
1759 18 14 0
1758 28 14 0
2
40 42 
2
1757 10 16 0
1758 16 16 0
2
41 43 
2
1759 20 12 0
1760 18 14 0
2
42 230 
2
1759 16 16 0
1758 10 8 0
2
43 109 
2
1761 18 14 0
1760 26 10 0
2
42 231 
2
1760 16 16 0
1759 14 30 0
2
43 111 
2
1762 18 14 0
1761 18 6 0
2
42 232 
2
1761 16 16 0
1760 26 22 0
2
43 112 
2
1763 18 14 0
1762 30 14 0
2
42 233 
2
1762 16 16 0
1761 8 22 0
2
43 113 
2
1764 18 14 0
1763 22 4 0
2
42 234 
2
1763 16 16 0
1762 12 22 0
2
43 114 
2
1765 18 14 0
1764 30 10 0
2
42 235 
2
1764 16 16 0
1763 14 24 0
2
43 115 
2
1766 18 14 0
1765 2 10 0
2
42 236 
2
1765 16 16 0
1764 8 10 0
2
43 116 
2
1767 18 14 0
1766 8 8 0
2
42 237 
2
1766 16 16 0
1765 20 28 0
2
43 117 
2
1768 18 14 0
1767 12 8 0
2
42 238 
2
1767 16 16 0
1766 14 10 0
2
43 118 
2
1769 18 14 0
1768 12 12 0
2
42 239 
2
1768 16 16 0
1767 16 20 0
2
43 119 
2
1770 18 14 0
1769 22 18 0
2
42 50 
2
1769 16 16 0
1768 4 12 0
2
43 120 
2
1771 18 14 0
1770 28 20 0
2
42 45 
2
1770 16 16 0
1769 16 2 0
2
43 121 
2
1772 18 14 0
1771 8 14 0
2
42 47 
2
1771 16 16 0
1770 26 12 0
2
43 122 
2
1773 18 14 0
1772 12 6 0
2
42 49 
2
1772 16 16 0
1771 32 14 0
2
43 123 
2
1774 18 14 0
1773 22 20 0
2
42 52 
2
1773 16 16 0
1772 18 4 0
2
43 124 
2
1775 18 14 0
1774 20 26 0
2
42 53 
2
1774 16 16 0
1773 18 8 0
2
43 125 
2
1776 18 14 0
1775 12 16 0
2
42 54 
2
1775 16 16 0
1774 24 6 0
2
43 126 
2
1777 18 14 0
1776 16 10 0
2
42 55 
2
1776 16 16 0
1775 24 2 0
2
43 128 
2
1778 18 14 0
1777 16 14 0
2
42 56 
2
1777 16 16 0
1776 32 18 0
2
43 129 
2
1779 18 14 0
1778 28 12 0
2
42 57 
2
1778 16 16 0
1777 22 28 0
2
43 130 
2
1780 18 14 0
1779 22 6 0
2
42 58 
2
1779 16 16 0
1778 10 10 0
2
43 131 
2
1781 18 14 0
1780 28 14 0
2
20 40 
2
1757 14 16 0
1758 10 16 0
2
21 41 
2
1759 20 14 0
1760 20 12 0
2
38 40 
2
1758 4 16 0
1759 10 16 0
2
39 41 
2
1760 22 8 0
1761 20 12 0
2
244 42 
2
1779 34 34 0
1780 16 16 0
2
40 42 
2
1780 10 16 0
1781 16 16 0
2
244 42 
2
1782 34 34 0
1782 16 16 0
2
20 42 
2
1782 14 16 0
1783 16 16 0
2
245 42 
2
1784 34 32 0
1784 16 16 0
2
40 42 
2
1784 10 16 0
1785 16 16 0
2
244 42 
2
1785 34 34 0
1786 16 16 0
2
245 43 
2
1781 34 32 0
1782 18 14 0
2
41 43 
2
1782 20 12 0
1783 18 14 0
2
246 43 
2
1783 34 30 0
1784 18 14 0
2
21 43 
2
1784 20 14 0
1785 18 14 0
2
246 43 
2
1786 34 30 0
1786 18 14 0
2
41 43 
2
1786 20 12 0
1787 18 14 0
2
244 43 
2
1788 34 34 0
1788 18 14 0
2
42 231 
2
1787 16 16 0
1786 14 30 0
2
43 130 
2
1789 18 14 0
1788 22 6 0
2
42 232 
2
1788 16 16 0
1787 26 22 0
2
43 131 
2
1790 18 14 0
1789 28 14 0
2
42 233 
2
1789 16 16 0
1788 8 22 0
2
43 149 
2
1791 18 14 0
1790 20 6 0
2
42 234 
2
1790 16 16 0
1789 12 22 0
2
42 235 
2
1791 16 16 0
1790 14 24 0
2
42 236 
2
1792 16 16 0
1791 8 10 0
2
42 237 
2
1793 16 16 0
1792 20 28 0
2
42 238 
2
1794 16 16 0
1793 14 10 0
2
42 239 
2
1795 16 16 0
1794 16 20 0
2
42 50 
2
1796 16 16 0
1795 4 12 0
2
42 45 
2
1797 16 16 0
1796 16 2 0
2
42 47 
2
1798 16 16 0
1797 26 12 0
2
42 49 
2
1799 16 16 0
1798 32 14 0
2
42 52 
2
1800 16 16 0
1799 18 4 0
2
42 53 
2
1801 16 16 0
1800 18 8 0
2
42 54 
2
1802 16 16 0
1801 24 6 0
2
42 55 
2
1803 16 16 0
1802 24 2 0
2
42 56 
2
1804 16 16 0
1803 32 18 0
2
42 57 
2
1805 16 16 0
1804 22 28 0
2
42 58 
2
1806 16 16 0
1805 10 10 0
2
42 59 
2
1807 16 16 0
1806 28 16 0
2
40 42 
2
1807 10 16 0
1808 16 16 0
2
41 43 
2
1791 20 12 0
1792 18 14 0
2
42 231 
2
1809 16 16 0
1808 14 30 0
2
43 130 
2
1793 18 14 0
1792 22 6 0
2
42 232 
2
1810 16 16 0
1809 26 22 0
2
43 131 
2
1794 18 14 0
1793 28 14 0
2
42 233 
2
1811 16 16 0
1810 8 22 0
2
43 149 
2
1795 18 14 0
1794 20 6 0
2
42 234 
2
1812 16 16 0
1811 12 22 0
2
42 235 
2
1813 16 16 0
1812 14 24 0
2
42 236 
2
1814 16 16 0
1813 8 10 0
2
42 237 
2
1815 16 16 0
1814 20 28 0
2
42 238 
2
1816 16 16 0
1815 14 10 0
2
42 239 
2
1817 16 16 0
1816 16 20 0
2
42 50 
2
1818 16 16 0
1817 4 12 0
2
42 45 
2
1819 16 16 0
1818 16 2 0
2
42 47 
2
1820 16 16 0
1819 26 12 0
2
42 49 
2
1821 16 16 0
1820 32 14 0
2
42 52 
2
1822 16 16 0
1821 18 4 0
2
42 53 
2
1823 16 16 0
1822 18 8 0
2
42 54 
2
1824 16 16 0
1823 24 6 0
2
42 55 
2
1825 16 16 0
1824 24 2 0
2
42 56 
2
1826 16 16 0
1825 32 18 0
2
42 57 
2
1827 16 16 0
1826 22 28 0
2
42 58 
2
1828 16 16 0
1827 10 10 0
2
42 59 
2
1829 16 16 0
1828 28 16 0
2
20 40 
2
1807 14 16 0
1808 10 16 0
2
21 41 
2
1791 20 14 0
1792 20 12 0
2
18 38 
2
1758 4 18 0
1759 4 16 0
2
19 39 
2
1760 20 8 0
1761 22 8 0
2
36 38 
2
1759 4 22 0
1760 4 16 0
2
37 39 
2
1761 24 4 0
1762 22 8 0
2
244 40 
2
1808 34 34 0
1809 10 16 0
2
38 40 
2
1809 4 16 0
1810 10 16 0
2
244 40 
2
1811 34 34 0
1811 10 16 0
2
18 40 
2
1811 4 18 0
1812 10 16 0
2
247 40 
2
1812 34 28 0
1813 10 16 0
2
38 40 
2
1813 4 16 0
1814 10 16 0
2
245 40 
2
1815 34 32 0
1815 10 16 0
2
244 41 
2
1792 34 34 0
1793 20 12 0
2
39 41 
2
1793 22 8 0
1794 20 12 0
2
244 41 
2
1795 34 34 0
1795 20 12 0
2
19 41 
2
1795 20 8 0
1796 20 12 0
2
246 41 
2
1796 34 30 0
1797 20 12 0
2
39 41 
2
1797 22 8 0
1798 20 12 0
2
244 41 
2
1798 34 34 0
1799 20 12 0
2
244 42 
2
1829 34 34 0
1830 16 16 0
2
40 42 
2
1830 10 16 0
1831 16 16 0
2
244 42 
2
1832 34 34 0
1832 16 16 0
2
20 42 
2
1832 14 16 0
1833 16 16 0
2
245 42 
2
1833 34 32 0
1834 16 16 0
2
40 42 
2
1834 10 16 0
1835 16 16 0
2
244 42 
2
1835 34 34 0
1836 16 16 0
2
245 43 
2
1795 34 32 0
1796 18 14 0
2
41 43 
2
1800 20 12 0
1799 18 14 0
2
245 43 
2
1799 34 32 0
1800 18 14 0
2
21 43 
2
1800 20 14 0
1801 18 14 0
2
244 43 
2
1801 34 34 0
1802 18 14 0
2
41 43 
2
1802 20 12 0
1803 18 14 0
2
244 43 
2
1804 34 34 0
1804 18 14 0
2
42 56 
2
1837 16 16 0
1836 32 18 0
2
43 131 
2
1805 18 14 0
1804 28 14 0
2
42 57 
2
1838 16 16 0
1837 22 28 0
2
43 149 
2
1806 18 14 0
1805 20 6 0
2
42 58 
2
1839 16 16 0
1838 10 10 0
2
43 150 
2
1807 18 14 0
1806 24 8 0
2
40 42 
2
1839 10 16 0
1840 16 16 0
2
41 43 
2
1807 20 12 0
1808 18 14 0
2
42 56 
2
1841 16 16 0
1840 32 18 0
2
43 131 
2
1809 18 14 0
1808 28 14 0
2
42 57 
2
1842 16 16 0
1841 22 28 0
2
43 149 
2
1810 18 14 0
1809 20 6 0
2
42 58 
2
1843 16 16 0
1842 10 10 0
2
43 150 
2
1811 18 14 0
1810 24 8 0
2
20 40 
2
1839 14 16 0
1840 10 16 0
2
21 41 
2
1807 20 14 0
1808 20 12 0
2
38 40 
2
1840 4 16 0
1841 10 16 0
2
39 41 
2
1808 22 8 0
1809 20 12 0
2
245 42 
2
1844 34 32 0
1844 16 16 0
2
40 42 
2
1844 10 16 0
1845 16 16 0
2
244 42 
2
1846 34 34 0
1846 16 16 0
2
20 42 
2
1846 14 16 0
1847 16 16 0
2
247 42 
2
1847 34 28 0
1848 16 16 0
2
40 42 
2
1848 10 16 0
1849 16 16 0
2
244 42 
2
1849 34 34 0
1850 16 16 0
2
245 43 
2
1812 34 32 0
1812 18 14 0
2
41 43 
2
1812 20 12 0
1813 18 14 0
2
244 43 
2
1814 34 34 0
1814 18 14 0
2
21 43 
2
1814 20 14 0
1815 18 14 0
2
247 43 
2
1815 34 28 0
1816 18 14 0
2
41 43 
2
1816 20 12 0
1817 18 14 0
2
244 43 
2
1817 34 34 0
1818 18 14 0
2
42 57 
2
1851 16 16 0
1850 22 28 0
2
43 130 
2
1819 18 14 0
1818 22 6 0
2
42 58 
2
1852 16 16 0
1851 10 10 0
2
43 131 
2
1820 18 14 0
1819 28 14 0
2
42 59 
2
1853 16 16 0
1852 28 16 0
2
43 149 
2
1821 18 14 0
1820 20 6 0
2
43 150 
2
1822 18 14 0
1821 24 8 0
2
43 151 
2
1823 18 14 0
1822 22 2 0
2
43 152 
2
1824 18 14 0
1823 22 30 0
2
43 153 
2
1825 18 14 0
1824 24 26 0
2
43 154 
2
1826 18 14 0
1825 28 18 0
2
43 155 
2
1827 18 14 0
1826 22 22 0
2
43 156 
2
1828 18 14 0
1827 26 18 0
2
43 157 
2
1829 18 14 0
1828 24 16 0
2
43 158 
2
1830 18 14 0
1829 4 14 0
2
43 159 
2
1831 18 14 0
1830 14 4 0
2
43 160 
2
1832 18 14 0
1831 10 14 0
2
43 161 
2
1833 18 14 0
1832 14 2 0
2
43 162 
2
1834 18 14 0
1833 30 18 0
2
43 163 
2
1835 18 14 0
1834 24 22 0
2
43 164 
2
1836 18 14 0
1835 26 20 0
2
43 166 
2
1837 18 14 0
1836 20 22 0
2
43 167 
2
1838 18 14 0
1837 22 12 0
2
43 168 
2
1839 18 14 0
1838 24 10 0
2
40 42 
2
1853 10 16 0
1854 16 16 0
2
41 43 
2
1839 20 12 0
1840 18 14 0
2
42 57 
2
1855 16 16 0
1854 22 28 0
2
43 130 
2
1841 18 14 0
1840 22 6 0
2
42 58 
2
1856 16 16 0
1855 10 10 0
2
43 131 
2
1842 18 14 0
1841 28 14 0
2
42 59 
2
1857 16 16 0
1856 28 16 0
2
43 149 
2
1843 18 14 0
1842 20 6 0
2
43 150 
2
1844 18 14 0
1843 24 8 0
2
43 151 
2
1845 18 14 0
1844 22 2 0
2
43 152 
2
1846 18 14 0
1845 22 30 0
2
43 153 
2
1847 18 14 0
1846 24 26 0
2
43 154 
2
1848 18 14 0
1847 28 18 0
2
43 155 
2
1849 18 14 0
1848 22 22 0
2
43 156 
2
1850 18 14 0
1849 26 18 0
2
43 157 
2
1851 18 14 0
1850 24 16 0
2
43 158 
2
1852 18 14 0
1851 4 14 0
2
43 159 
2
1853 18 14 0
1852 14 4 0
2
43 160 
2
1854 18 14 0
1853 10 14 0
2
43 161 
2
1855 18 14 0
1854 14 2 0
2
43 162 
2
1856 18 14 0
1855 30 18 0
2
43 163 
2
1857 18 14 0
1856 24 22 0
2
43 164 
2
1858 18 14 0
1857 26 20 0
2
43 166 
2
1859 18 14 0
1858 20 22 0
2
43 167 
2
1860 18 14 0
1859 22 12 0
2
43 168 
2
1861 18 14 0
1860 24 10 0
2
20 40 
2
1853 14 16 0
1854 10 16 0
2
21 41 
2
1839 20 14 0
1840 20 12 0
2
18 38 
2
1840 4 18 0
1841 4 16 0
2
19 39 
2
1808 20 8 0
1809 22 8 0
2
16 36 
2
1759 4 24 0
1760 4 22 0
2
17 37 
2
1761 26 4 0
1762 24 4 0
2
34 36 
2
1760 2 24 0
1761 4 22 0
2
35 37 
2
1762 28 2 0
1763 24 4 0
2
245 38 
2
1841 34 32 0
1842 4 16 0
2
36 38 
2
1842 4 22 0
1843 4 16 0
2
246 38 
2
1843 34 30 0
1844 4 16 0
2
16 38 
2
1844 4 24 0
1845 4 16 0
2
246 38 
2
1846 34 30 0
1846 4 16 0
2
36 38 
2
1846 4 22 0
1847 4 16 0
2
248 38 
2
1847 34 26 0
1848 4 16 0
2
245 39 
2
1809 34 32 0
1810 22 8 0
2
37 39 
2
1810 24 4 0
1811 22 8 0
2
246 39 
2
1811 34 30 0
1812 22 8 0
2
17 39 
2
1812 26 4 0
1813 22 8 0
2
246 39 
2
1814 34 30 0
1814 22 8 0
2
37 39 
2
1814 24 4 0
1815 22 8 0
2
248 39 
2
1815 34 26 0
1816 22 8 0
2
244 40 
2
1854 34 34 0
1855 10 16 0
2
38 40 
2
1855 4 16 0
1856 10 16 0
2
244 40 
2
1857 34 34 0
1857 10 16 0
2
18 40 
2
1857 4 18 0
1858 10 16 0
2
246 40 
2
1858 34 30 0
1859 10 16 0
2
38 40 
2
1859 4 16 0
1860 10 16 0
2
244 40 
2
1860 34 34 0
1861 10 16 0
2
244 41 
2
1840 34 34 0
1841 20 12 0
2
39 41 
2
1841 22 8 0
1842 20 12 0
2
244 41 
2
1843 34 34 0
1843 20 12 0
2
19 41 
2
1843 20 8 0
1844 20 12 0
2
247 41 
2
1844 34 28 0
1845 20 12 0
2
39 41 
2
1845 22 8 0
1846 20 12 0
2
245 41 
2
1847 34 32 0
1847 20 12 0
2
245 42 
2
1857 34 32 0
1858 16 16 0
2
40 42 
2
1862 10 16 0
1861 16 16 0
2
245 42 
2
1861 34 32 0
1862 16 16 0
2
20 42 
2
1862 14 16 0
1863 16 16 0
2
244 42 
2
1863 34 34 0
1864 16 16 0
2
40 42 
2
1864 10 16 0
1865 16 16 0
2
244 42 
2
1866 34 34 0
1866 16 16 0
2
246 43 
2
1861 34 30 0
1862 18 14 0
2
41 43 
2
1862 20 12 0
1863 18 14 0
2
245 43 
2
1864 34 32 0
1864 18 14 0
2
21 43 
2
1864 20 14 0
1865 18 14 0
2
246 43 
2
1865 34 30 0
1866 18 14 0
2
41 43 
2
1866 20 12 0
1867 18 14 0
2
245 43 
2
1867 34 32 0
1868 18 14 0
2
42 56 
2
1867 16 16 0
1866 32 18 0
2
43 131 
2
1869 18 14 0
1868 28 14 0
2
42 57 
2
1868 16 16 0
1867 22 28 0
2
43 149 
2
1870 18 14 0
1869 20 6 0
2
42 58 
2
1869 16 16 0
1868 10 10 0
2
43 150 
2
1871 18 14 0
1870 24 8 0
2
42 59 
2
1870 16 16 0
1869 28 16 0
2
43 151 
2
1872 18 14 0
1871 22 2 0
2
42 60 
2
1871 16 16 0
1870 16 8 0
2
43 152 
2
1873 18 14 0
1872 22 30 0
2
42 61 
2
1872 16 16 0
1871 18 30 0
2
43 153 
2
1874 18 14 0
1873 24 26 0
2
42 62 
2
1873 16 16 0
1872 20 24 0
2
43 154 
2
1875 18 14 0
1874 28 18 0
2
42 63 
2
1874 16 16 0
1873 16 12 0
2
43 155 
2
1876 18 14 0
1875 22 22 0
2
42 64 
2
1875 16 16 0
1874 16 6 0
2
43 156 
2
1877 18 14 0
1876 26 18 0
2
42 65 
2
1876 16 16 0
1875 10 6 0
2
43 157 
2
1878 18 14 0
1877 24 16 0
2
42 66 
2
1877 16 16 0
1876 18 22 0
2
43 158 
2
1879 18 14 0
1878 4 14 0
2
42 67 
2
1878 16 16 0
1877 18 28 0
2
43 159 
2
1880 18 14 0
1879 14 4 0
2
42 68 
2
1879 16 16 0
1878 18 12 0
2
43 160 
2
1881 18 14 0
1880 10 14 0
2
42 86 
2
1880 16 16 0
1879 6 10 0
2
43 161 
2
1882 18 14 0
1881 14 2 0
2
42 87 
2
1881 16 16 0
1880 22 14 0
2
43 162 
2
1883 18 14 0
1882 30 18 0
2
42 89 
2
1882 16 16 0
1881 24 14 0
2
43 163 
2
1884 18 14 0
1883 24 22 0
2
42 90 
2
1883 16 16 0
1882 20 10 0
2
43 164 
2
1885 18 14 0
1884 26 20 0
2
42 91 
2
1884 16 16 0
1883 28 8 0
2
43 166 
2
1886 18 14 0
1885 20 22 0
2
42 92 
2
1885 16 16 0
1884 32 12 0
2
43 167 
2
1887 18 14 0
1886 22 12 0
2
42 93 
2
1886 16 16 0
1885 20 2 0
2
43 168 
2
1888 18 14 0
1887 24 10 0
2
42 94 
2
1887 16 16 0
1886 8 6 0
2
43 169 
2
1889 18 14 0
1888 18 2 0
2
40 42 
2
1887 10 16 0
1888 16 16 0
2
41 43 
2
1889 20 12 0
1890 18 14 0
2
42 56 
2
1889 16 16 0
1888 32 18 0
2
43 131 
2
1891 18 14 0
1890 28 14 0
2
42 57 
2
1890 16 16 0
1889 22 28 0
2
43 149 
2
1892 18 14 0
1891 20 6 0
2
42 58 
2
1891 16 16 0
1890 10 10 0
2
43 150 
2
1893 18 14 0
1892 24 8 0
2
42 59 
2
1892 16 16 0
1891 28 16 0
2
43 151 
2
1894 18 14 0
1893 22 2 0
2
42 60 
2
1893 16 16 0
1892 16 8 0
2
43 152 
2
1895 18 14 0
1894 22 30 0
2
42 61 
2
1894 16 16 0
1893 18 30 0
2
43 153 
2
1896 18 14 0
1895 24 26 0
2
42 62 
2
1895 16 16 0
1894 20 24 0
2
43 154 
2
1897 18 14 0
1896 28 18 0
2
42 63 
2
1896 16 16 0
1895 16 12 0
2
43 155 
2
1898 18 14 0
1897 22 22 0
2
42 64 
2
1897 16 16 0
1896 16 6 0
2
43 156 
2
1899 18 14 0
1898 26 18 0
2
42 65 
2
1898 16 16 0
1897 10 6 0
2
43 157 
2
1900 18 14 0
1899 24 16 0
2
42 66 
2
1899 16 16 0
1898 18 22 0
2
43 158 
2
1901 18 14 0
1900 4 14 0
2
42 67 
2
1900 16 16 0
1899 18 28 0
2
43 159 
2
1902 18 14 0
1901 14 4 0
2
42 68 
2
1901 16 16 0
1900 18 12 0
2
43 160 
2
1903 18 14 0
1902 10 14 0
2
42 86 
2
1902 16 16 0
1901 6 10 0
2
43 161 
2
1904 18 14 0
1903 14 2 0
2
42 87 
2
1903 16 16 0
1902 22 14 0
2
43 162 
2
1905 18 14 0
1904 30 18 0
2
42 89 
2
1904 16 16 0
1903 24 14 0
2
43 163 
2
1906 18 14 0
1905 24 22 0
2
42 90 
2
1905 16 16 0
1904 20 10 0
2
43 164 
2
1907 18 14 0
1906 26 20 0
2
42 91 
2
1906 16 16 0
1905 28 8 0
2
43 166 
2
1908 18 14 0
1907 20 22 0
2
42 92 
2
1907 16 16 0
1906 32 12 0
2
43 167 
2
1909 18 14 0
1908 22 12 0
2
42 93 
2
1908 16 16 0
1907 20 2 0
2
43 168 
2
1910 18 14 0
1909 24 10 0
2
42 94 
2
1909 16 16 0
1908 8 6 0
2
43 169 
2
1911 18 14 0
1910 18 2 0
2
20 40 
2
1887 14 16 0
1888 10 16 0
2
21 41 
2
1889 20 14 0
1890 20 12 0
2
38 40 
2
1888 4 16 0
1889 10 16 0
2
39 41 
2
1890 22 8 0
1891 20 12 0
2
244 42 
2
1909 34 34 0
1910 16 16 0
2
40 42 
2
1910 10 16 0
1911 16 16 0
2
244 42 
2
1912 34 34 0
1912 16 16 0
2
20 42 
2
1912 14 16 0
1913 16 16 0
2
245 42 
2
1914 34 32 0
1914 16 16 0
2
40 42 
2
1914 10 16 0
1915 16 16 0
2
244 42 
2
1915 34 34 0
1916 16 16 0
2
245 43 
2
1911 34 32 0
1912 18 14 0
2
41 43 
2
1912 20 12 0
1913 18 14 0
2
246 43 
2
1913 34 30 0
1914 18 14 0
2
21 43 
2
1914 20 14 0
1915 18 14 0
2
246 43 
2
1916 34 30 0
1916 18 14 0
2
41 43 
2
1916 20 12 0
1917 18 14 0
2
244 43 
2
1918 34 34 0
1918 18 14 0
2
42 57 
2
1917 16 16 0
1916 22 28 0
2
43 168 
2
1919 18 14 0
1918 24 10 0
2
42 58 
2
1918 16 16 0
1917 10 10 0
2
43 169 
2
1920 18 14 0
1919 18 2 0
2
42 59 
2
1919 16 16 0
1918 28 16 0
2
43 170 
2
1921 18 14 0
1920 26 14 0
2
42 60 
2
1920 16 16 0
1919 16 8 0
2
42 61 
2
1921 16 16 0
1920 18 30 0
2
42 62 
2
1922 16 16 0
1921 20 24 0
2
42 63 
2
1923 16 16 0
1922 16 12 0
2
42 64 
2
1924 16 16 0
1923 16 6 0
2
42 65 
2
1925 16 16 0
1924 10 6 0
2
42 66 
2
1926 16 16 0
1925 18 22 0
2
42 67 
2
1927 16 16 0
1926 18 28 0
2
42 68 
2
1928 16 16 0
1927 18 12 0
2
42 86 
2
1929 16 16 0
1928 6 10 0
2
42 87 
2
1930 16 16 0
1929 22 14 0
2
42 89 
2
1931 16 16 0
1930 24 14 0
2
42 90 
2
1932 16 16 0
1931 20 10 0
2
42 91 
2
1933 16 16 0
1932 28 8 0
2
42 92 
2
1934 16 16 0
1933 32 12 0
2
42 93 
2
1935 16 16 0
1934 20 2 0
2
42 94 
2
1936 16 16 0
1935 8 6 0
2
42 95 
2
1937 16 16 0
1936 6 12 0
2
40 42 
2
1937 10 16 0
1938 16 16 0
2
41 43 
2
1921 20 12 0
1922 18 14 0
2
42 57 
2
1939 16 16 0
1938 22 28 0
2
43 168 
2
1923 18 14 0
1922 24 10 0
2
42 58 
2
1940 16 16 0
1939 10 10 0
2
43 169 
2
1924 18 14 0
1923 18 2 0
2
42 59 
2
1941 16 16 0
1940 28 16 0
2
43 170 
2
1925 18 14 0
1924 26 14 0
2
42 60 
2
1942 16 16 0
1941 16 8 0
2
42 61 
2
1943 16 16 0
1942 18 30 0
2
42 62 
2
1944 16 16 0
1943 20 24 0
2
42 63 
2
1945 16 16 0
1944 16 12 0
2
42 64 
2
1946 16 16 0
1945 16 6 0
2
42 65 
2
1947 16 16 0
1946 10 6 0
2
42 66 
2
1948 16 16 0
1947 18 22 0
2
42 67 
2
1949 16 16 0
1948 18 28 0
2
42 68 
2
1950 16 16 0
1949 18 12 0
2
42 86 
2
1951 16 16 0
1950 6 10 0
2
42 87 
2
1952 16 16 0
1951 22 14 0
2
42 89 
2
1953 16 16 0
1952 24 14 0
2
42 90 
2
1954 16 16 0
1953 20 10 0
2
42 91 
2
1955 16 16 0
1954 28 8 0
2
42 92 
2
1956 16 16 0
1955 32 12 0
2
42 93 
2
1957 16 16 0
1956 20 2 0
2
42 94 
2
1958 16 16 0
1957 8 6 0
2
42 95 
2
1959 16 16 0
1958 6 12 0
2
20 40 
2
1937 14 16 0
1938 10 16 0
2
21 41 
2
1921 20 14 0
1922 20 12 0
2
18 38 
2
1888 4 18 0
1889 4 16 0
2
19 39 
2
1890 20 8 0
1891 22 8 0
2
36 38 
2
1889 4 22 0
1890 4 16 0
2
37 39 
2
1891 24 4 0
1892 22 8 0
2
244 40 
2
1938 34 34 0
1939 10 16 0
2
38 40 
2
1939 4 16 0
1940 10 16 0
2
244 40 
2
1941 34 34 0
1941 10 16 0
2
18 40 
2
1941 4 18 0
1942 10 16 0
2
247 40 
2
1942 34 28 0
1943 10 16 0
2
38 40 
2
1943 4 16 0
1944 10 16 0
2
245 40 
2
1945 34 32 0
1945 10 16 0
2
244 41 
2
1922 34 34 0
1923 20 12 0
2
39 41 
2
1923 22 8 0
1924 20 12 0
2
244 41 
2
1925 34 34 0
1925 20 12 0
2
19 41 
2
1925 20 8 0
1926 20 12 0
2
246 41 
2
1926 34 30 0
1927 20 12 0
2
39 41 
2
1927 22 8 0
1928 20 12 0
2
244 41 
2
1928 34 34 0
1929 20 12 0
2
244 42 
2
1959 34 34 0
1960 16 16 0
2
40 42 
2
1960 10 16 0
1961 16 16 0
2
244 42 
2
1962 34 34 0
1962 16 16 0
2
20 42 
2
1962 14 16 0
1963 16 16 0
2
245 42 
2
1963 34 32 0
1964 16 16 0
2
40 42 
2
1964 10 16 0
1965 16 16 0
2
244 42 
2
1965 34 34 0
1966 16 16 0
2
245 43 
2
1925 34 32 0
1926 18 14 0
2
41 43 
2
1930 20 12 0
1929 18 14 0
2
245 43 
2
1929 34 32 0
1930 18 14 0
2
21 43 
2
1930 20 14 0
1931 18 14 0
2
244 43 
2
1931 34 34 0
1932 18 14 0
2
41 43 
2
1932 20 12 0
1933 18 14 0
2
244 43 
2
1934 34 34 0
1934 18 14 0
2
42 56 
2
1967 16 16 0
1966 32 18 0
2
43 169 
2
1935 18 14 0
1934 18 2 0
2
42 57 
2
1968 16 16 0
1967 22 28 0
2
43 170 
2
1936 18 14 0
1935 26 14 0
2
42 58 
2
1969 16 16 0
1968 10 10 0
2
43 171 
2
1937 18 14 0
1936 20 4 0
2
42 59 
2
1970 16 16 0
1969 28 16 0
2
42 60 
2
1971 16 16 0
1970 16 8 0
2
42 61 
2
1972 16 16 0
1971 18 30 0
2
42 62 
2
1973 16 16 0
1972 20 24 0
2
42 63 
2
1974 16 16 0
1973 16 12 0
2
42 64 
2
1975 16 16 0
1974 16 6 0
2
42 65 
2
1976 16 16 0
1975 10 6 0
2
42 66 
2
1977 16 16 0
1976 18 22 0
2
42 67 
2
1978 16 16 0
1977 18 28 0
2
42 68 
2
1979 16 16 0
1978 18 12 0
2
42 86 
2
1980 16 16 0
1979 6 10 0
2
42 87 
2
1981 16 16 0
1980 22 14 0
2
42 89 
2
1982 16 16 0
1981 24 14 0
2
42 90 
2
1983 16 16 0
1982 20 10 0
2
42 91 
2
1984 16 16 0
1983 28 8 0
2
42 92 
2
1985 16 16 0
1984 32 12 0
2
40 42 
2
1985 10 16 0
1986 16 16 0
2
41 43 
2
1937 20 12 0
1938 18 14 0
2
42 56 
2
1987 16 16 0
1986 32 18 0
2
43 169 
2
1939 18 14 0
1938 18 2 0
2
42 57 
2
1988 16 16 0
1987 22 28 0
2
43 170 
2
1940 18 14 0
1939 26 14 0
2
42 58 
2
1989 16 16 0
1988 10 10 0
2
43 171 
2
1941 18 14 0
1940 20 4 0
2
42 59 
2
1990 16 16 0
1989 28 16 0
2
42 60 
2
1991 16 16 0
1990 16 8 0
2
42 61 
2
1992 16 16 0
1991 18 30 0
2
42 62 
2
1993 16 16 0
1992 20 24 0
2
42 63 
2
1994 16 16 0
1993 16 12 0
2
42 64 
2
1995 16 16 0
1994 16 6 0
2
42 65 
2
1996 16 16 0
1995 10 6 0
2
42 66 
2
1997 16 16 0
1996 18 22 0
2
42 67 
2
1998 16 16 0
1997 18 28 0
2
42 68 
2
1999 16 16 0
1998 18 12 0
2
42 86 
2
2000 16 16 0
1999 6 10 0
2
42 87 
2
2001 16 16 0
2000 22 14 0
2
42 89 
2
2002 16 16 0
2001 24 14 0
2
42 90 
2
2003 16 16 0
2002 20 10 0
2
42 91 
2
2004 16 16 0
2003 28 8 0
2
42 92 
2
2005 16 16 0
2004 32 12 0
2
20 40 
2
1985 14 16 0
1986 10 16 0
2
21 41 
2
1937 20 14 0
1938 20 12 0
2
38 40 
2
1986 4 16 0
1987 10 16 0
2
39 41 
2
1938 22 8 0
1939 20 12 0
2
244 42 
2
2005 34 34 0
2006 16 16 0
2
40 42 
2
2006 10 16 0
2007 16 16 0
2
244 42 
2
2008 34 34 0
2008 16 16 0
2
20 42 
2
2008 14 16 0
2009 16 16 0
2
245 42 
2
2009 34 32 0
2010 16 16 0
2
40 42 
2
2010 10 16 0
2011 16 16 0
2
244 42 
2
2011 34 34 0
2012 16 16 0
2
245 43 
2
1942 34 32 0
1942 18 14 0
2
41 43 
2
1942 20 12 0
1943 18 14 0
2
244 43 
2
1944 34 34 0
1944 18 14 0
2
21 43 
2
1944 20 14 0
1945 18 14 0
2
247 43 
2
1945 34 28 0
1946 18 14 0
2
41 43 
2
1946 20 12 0
1947 18 14 0
2
244 43 
2
1947 34 34 0
1948 18 14 0
2
42 57 
2
2013 16 16 0
2012 22 28 0
2
43 168 
2
1949 18 14 0
1948 24 10 0
2
42 58 
2
2014 16 16 0
2013 10 10 0
2
43 169 
2
1950 18 14 0
1949 18 2 0
2
42 59 
2
2015 16 16 0
2014 28 16 0
2
43 170 
2
1951 18 14 0
1950 26 14 0
2
42 60 
2
2016 16 16 0
2015 16 8 0
2
43 171 
2
1952 18 14 0
1951 20 4 0
2
42 61 
2
2017 16 16 0
2016 18 30 0
2
43 172 
2
1953 18 14 0
1952 26 8 0
2
42 62 
2
2018 16 16 0
2017 20 24 0
2
43 173 
2
1954 18 14 0
1953 26 6 0
2
42 63 
2
2019 16 16 0
2018 16 12 0
2
43 174 
2
1955 18 14 0
1954 20 32 0
2
42 64 
2
2020 16 16 0
2019 16 6 0
2
43 175 
2
1956 18 14 0
1955 6 8 0
2
42 65 
2
2021 16 16 0
2020 10 6 0
2
43 176 
2
1957 18 14 0
1956 20 30 0
2
42 66 
2
2022 16 16 0
2021 18 22 0
2
43 177 
2
1958 18 14 0
1957 8 4 0
2
42 67 
2
2023 16 16 0
2022 18 28 0
2
43 178 
2
1959 18 14 0
1958 10 2 0
2
42 68 
2
2024 16 16 0
2023 18 12 0
2
43 179 
2
1960 18 14 0
1959 30 22 0
2
42 86 
2
2025 16 16 0
2024 6 10 0
2
43 180 
2
1961 18 14 0
1960 26 26 0
2
42 87 
2
2026 16 16 0
2025 22 14 0
2
43 181 
2
1962 18 14 0
1961 32 20 0
2
42 89 
2
2027 16 16 0
2026 24 14 0
2
43 182 
2
1963 18 14 0
1962 32 10 0
2
42 90 
2
2028 16 16 0
2027 20 10 0
2
43 183 
2
1964 18 14 0
1963 2 8 0
2
42 91 
2
2029 16 16 0
2028 28 8 0
2
43 184 
2
1965 18 14 0
1964 30 8 0
2
42 92 
2
2030 16 16 0
2029 32 12 0
2
43 185 
2
1966 18 14 0
1965 24 30 0
2
42 93 
2
2031 16 16 0
2030 20 2 0
2
43 186 
2
1967 18 14 0
1966 28 6 0
2
43 188 
2
1968 18 14 0
1967 30 6 0
2
43 189 
2
1969 18 14 0
1968 32 8 0
2
40 42 
2
2031 10 16 0
2032 16 16 0
2
41 43 
2
1969 20 12 0
1970 18 14 0
2
42 57 
2
2033 16 16 0
2032 22 28 0
2
43 168 
2
1971 18 14 0
1970 24 10 0
2
42 58 
2
2034 16 16 0
2033 10 10 0
2
43 169 
2
1972 18 14 0
1971 18 2 0
2
42 59 
2
2035 16 16 0
2034 28 16 0
2
43 170 
2
1973 18 14 0
1972 26 14 0
2
42 60 
2
2036 16 16 0
2035 16 8 0
2
43 171 
2
1974 18 14 0
1973 20 4 0
2
42 61 
2
2037 16 16 0
2036 18 30 0
2
43 172 
2
1975 18 14 0
1974 26 8 0
2
42 62 
2
2038 16 16 0
2037 20 24 0
2
43 173 
2
1976 18 14 0
1975 26 6 0
2
42 63 
2
2039 16 16 0
2038 16 12 0
2
43 174 
2
1977 18 14 0
1976 20 32 0
2
42 64 
2
2040 16 16 0
2039 16 6 0
2
43 175 
2
1978 18 14 0
1977 6 8 0
2
42 65 
2
2041 16 16 0
2040 10 6 0
2
43 176 
2
1979 18 14 0
1978 20 30 0
2
42 66 
2
2042 16 16 0
2041 18 22 0
2
43 177 
2
1980 18 14 0
1979 8 4 0
2
42 67 
2
2043 16 16 0
2042 18 28 0
2
43 178 
2
1981 18 14 0
1980 10 2 0
2
42 68 
2
2044 16 16 0
2043 18 12 0
2
43 179 
2
1982 18 14 0
1981 30 22 0
2
42 86 
2
2045 16 16 0
2044 6 10 0
2
43 180 
2
1983 18 14 0
1982 26 26 0
2
42 87 
2
2046 16 16 0
2045 22 14 0
2
43 181 
2
1984 18 14 0
1983 32 20 0
2
42 89 
2
2047 16 16 0
2046 24 14 0
2
43 182 
2
1985 18 14 0
1984 32 10 0
2
42 90 
2
2048 16 16 0
2047 20 10 0
2
43 183 
2
1986 18 14 0
1985 2 8 0
2
42 91 
2
2049 16 16 0
2048 28 8 0
2
43 184 
2
1987 18 14 0
1986 30 8 0
2
42 92 
2
2050 16 16 0
2049 32 12 0
2
43 185 
2
1988 18 14 0
1987 24 30 0
2
42 93 
2
2051 16 16 0
2050 20 2 0
2
43 186 
2
1989 18 14 0
1988 28 6 0
2
43 188 
2
1990 18 14 0
1989 30 6 0
2
43 189 
2
1991 18 14 0
1990 32 8 0
2
20 40 
2
2031 14 16 0
2032 10 16 0
2
21 41 
2
1969 20 14 0
1970 20 12 0
2
18 38 
2
1986 4 18 0
1987 4 16 0
2
19 39 
2
1938 20 8 0
1939 22 8 0
2
16 36 
2
1889 4 24 0
1890 4 22 0
2
17 37 
2
1891 26 4 0
1892 24 4 0
2
14 34 
2
1760 4 26 0
1761 2 24 0
2
15 35 
2
1762 26 2 0
1763 28 2 0
2
32 34 
2
1761 2 28 0
1762 2 24 0
2
33 35 
2
1763 32 2 0
1764 28 2 0
2
244 36 
2
1890 34 34 0
1891 4 22 0
2
34 36 
2
1891 2 24 0
1892 4 22 0
2
244 36 
2
1893 34 34 0
1893 4 22 0
2
14 36 
2
1893 4 26 0
1894 4 22 0
2
245 36 
2
1895 34 32 0
1895 4 22 0
2
34 36 
2
1895 2 24 0
1896 4 22 0
2
244 36 
2
1896 34 34 0
1897 4 22 0
2
245 37 
2
1892 34 32 0
1893 24 4 0
2
35 37 
2
1893 28 2 0
1894 24 4 0
2
246 37 
2
1894 34 30 0
1895 24 4 0
2
15 37 
2
1895 26 2 0
1896 24 4 0
2
246 37 
2
1897 34 30 0
1897 24 4 0
2
35 37 
2
1897 28 2 0
1898 24 4 0
2
244 37 
2
1899 34 34 0
1899 24 4 0
2
244 38 
2
1987 34 34 0
1988 4 16 0
2
36 38 
2
1988 4 22 0
1989 4 16 0
2
244 38 
2
1990 34 34 0
1990 4 16 0
2
16 38 
2
1990 4 24 0
1991 4 16 0
2
245 38 
2
1991 34 32 0
1992 4 16 0
2
36 38 
2
1992 4 22 0
1993 4 16 0
2
244 38 
2
1993 34 34 0
1994 4 16 0
2
245 39 
2
1939 34 32 0
1940 22 8 0
2
37 39 
2
1940 24 4 0
1941 22 8 0
2
246 39 
2
1941 34 30 0
1942 22 8 0
2
17 39 
2
1942 26 4 0
1943 22 8 0
2
246 39 
2
1944 34 30 0
1944 22 8 0
2
37 39 
2
1944 24 4 0
1945 22 8 0
2
248 39 
2
1945 34 26 0
1946 22 8 0
2
244 40 
2
2032 34 34 0
2033 10 16 0
2
38 40 
2
2033 4 16 0
2034 10 16 0
2
244 40 
2
2035 34 34 0
2035 10 16 0
2
18 40 
2
2035 4 18 0
2036 10 16 0
2
245 40 
2
2036 34 32 0
2037 10 16 0
2
38 40 
2
2037 4 16 0
2038 10 16 0
2
244 40 
2
2038 34 34 0
2039 10 16 0
2
244 41 
2
1970 34 34 0
1971 20 12 0
2
39 41 
2
1971 22 8 0
1972 20 12 0
2
244 41 
2
1973 34 34 0
1973 20 12 0
2
19 41 
2
1973 20 8 0
1974 20 12 0
2
245 41 
2
1974 34 32 0
1975 20 12 0
2
39 41 
2
1975 22 8 0
1976 20 12 0
2
244 41 
2
1976 34 34 0
1977 20 12 0
2
244 42 
2
2051 34 34 0
2052 16 16 0
2
40 42 
2
2052 10 16 0
2053 16 16 0
2
244 42 
2
2054 34 34 0
2054 16 16 0
2
20 42 
2
2054 14 16 0
2055 16 16 0
2
246 42 
2
2055 34 30 0
2056 16 16 0
2
40 42 
2
2056 10 16 0
2057 16 16 0
2
245 42 
2
2058 34 32 0
2058 16 16 0
2
246 43 
2
1991 34 30 0
1992 18 14 0
2
41 43 
2
1992 20 12 0
1993 18 14 0
2
245 43 
2
1994 34 32 0
1994 18 14 0
2
21 43 
2
1994 20 14 0
1995 18 14 0
2
244 43 
2
1996 34 34 0
1996 18 14 0
2
41 43 
2
1996 20 12 0
1997 18 14 0
2
245 43 
2
1997 34 32 0
1998 18 14 0
2
42 58 
2
2059 16 16 0
2058 10 10 0
2
43 169 
2
1999 18 14 0
1998 18 2 0
2
42 59 
2
2060 16 16 0
2059 28 16 0
2
43 170 
2
2000 18 14 0
1999 26 14 0
2
42 60 
2
2061 16 16 0
2060 16 8 0
2
43 171 
2
2001 18 14 0
2000 20 4 0
2
43 172 
2
2002 18 14 0
2001 26 8 0
2
43 173 
2
2003 18 14 0
2002 26 6 0
2
43 174 
2
2004 18 14 0
2003 20 32 0
2
43 175 
2
2005 18 14 0
2004 6 8 0
2
43 176 
2
2006 18 14 0
2005 20 30 0
2
43 177 
2
2007 18 14 0
2006 8 4 0
2
43 178 
2
2008 18 14 0
2007 10 2 0
2
43 179 
2
2009 18 14 0
2008 30 22 0
2
43 180 
2
2010 18 14 0
2009 26 26 0
2
43 181 
2
2011 18 14 0
2010 32 20 0
2
43 182 
2
2012 18 14 0
2011 32 10 0
2
43 183 
2
2013 18 14 0
2012 2 8 0
2
43 184 
2
2014 18 14 0
2013 30 8 0
2
43 185 
2
2015 18 14 0
2014 24 30 0
2
43 186 
2
2016 18 14 0
2015 28 6 0
2
43 188 
2
2017 18 14 0
2016 30 6 0
2
43 189 
2
2018 18 14 0
2017 32 8 0
2
43 191 
2
2019 18 14 0
2018 28 4 0
2
40 42 
2
2061 10 16 0
2062 16 16 0
2
41 43 
2
2019 20 12 0
2020 18 14 0
2
42 58 
2
2063 16 16 0
2062 10 10 0
2
43 169 
2
2021 18 14 0
2020 18 2 0
2
42 59 
2
2064 16 16 0
2063 28 16 0
2
43 170 
2
2022 18 14 0
2021 26 14 0
2
42 60 
2
2065 16 16 0
2064 16 8 0
2
43 171 
2
2023 18 14 0
2022 20 4 0
2
43 172 
2
2024 18 14 0
2023 26 8 0
2
43 173 
2
2025 18 14 0
2024 26 6 0
2
43 174 
2
2026 18 14 0
2025 20 32 0
2
43 175 
2
2027 18 14 0
2026 6 8 0
2
43 176 
2
2028 18 14 0
2027 20 30 0
2
43 177 
2
2029 18 14 0
2028 8 4 0
2
43 178 
2
2030 18 14 0
2029 10 2 0
2
43 179 
2
2031 18 14 0
2030 30 22 0
2
43 180 
2
2032 18 14 0
2031 26 26 0
2
43 181 
2
2033 18 14 0
2032 32 20 0
2
43 182 
2
2034 18 14 0
2033 32 10 0
2
43 183 
2
2035 18 14 0
2034 2 8 0
2
43 184 
2
2036 18 14 0
2035 30 8 0
2
43 185 
2
2037 18 14 0
2036 24 30 0
2
43 186 
2
2038 18 14 0
2037 28 6 0
2
43 188 
2
2039 18 14 0
2038 30 6 0
2
43 189 
2
2040 18 14 0
2039 32 8 0
2
43 191 
2
2041 18 14 0
2040 28 4 0
2
20 40 
2
2061 14 16 0
2062 10 16 0
2
21 41 
2
2019 20 14 0
2020 20 12 0
2
38 40 
2
2062 4 16 0
2063 10 16 0
2
39 41 
2
2020 22 8 0
2021 20 12 0
2
244 42 
2
2066 34 34 0
2066 16 16 0
2
40 42 
2
2066 10 16 0
2067 16 16 0
2
245 42 
2
2068 34 32 0
2068 16 16 0
2
20 42 
2
2068 14 16 0
2069 16 16 0
2
244 42 
2
2069 34 34 0
2070 16 16 0
2
40 42 
2
2070 10 16 0
2071 16 16 0
2
244 42 
2
2072 34 34 0
2072 16 16 0
2
244 43 
2
2041 34 34 0
2042 18 14 0
2
41 43 
2
2042 20 12 0
2043 18 14 0
2
244 43 
2
2044 34 34 0
2044 18 14 0
2
21 43 
2
2044 20 14 0
2045 18 14 0
2
245 43 
2
2045 34 32 0
2046 18 14 0
2
41 43 
2
2046 20 12 0
2047 18 14 0
2
244 43 
2
2047 34 34 0
2048 18 14 0
2
42 59 
2
2073 16 16 0
2072 28 16 0
2
43 189 
2
2049 18 14 0
2048 32 8 0
2
42 60 
2
2074 16 16 0
2073 16 8 0
2
43 191 
2
2050 18 14 0
2049 28 4 0
2
42 61 
2
2075 16 16 0
2074 18 30 0
2
43 240 
2
2051 18 14 0
2050 6 4 0
2
40 42 
2
2075 10 16 0
2076 16 16 0
2
41 43 
2
2051 20 12 0
2052 18 14 0
2
42 59 
2
2077 16 16 0
2076 28 16 0
2
43 189 
2
2053 18 14 0
2052 32 8 0
2
42 60 
2
2078 16 16 0
2077 16 8 0
2
43 191 
2
2054 18 14 0
2053 28 4 0
2
42 61 
2
2079 16 16 0
2078 18 30 0
2
43 240 
2
2055 18 14 0
2054 6 4 0
2
20 40 
2
2075 14 16 0
2076 10 16 0
2
21 41 
2
2051 20 14 0
2052 20 12 0
2
18 38 
2
2062 4 18 0
2063 4 16 0
2
19 39 
2
2020 20 8 0
2021 22 8 0
2
36 38 
2
2063 4 22 0
2064 4 16 0
2
37 39 
2
2021 24 4 0
2022 22 8 0
2
245 40 
2
2077 34 32 0
2077 10 16 0
2
38 40 
2
2077 4 16 0
2078 10 16 0
2
246 40 
2
2079 34 30 0
2079 10 16 0
2
18 40 
2
2079 4 18 0
2080 10 16 0
2
244 40 
2
2081 34 34 0
2081 10 16 0
2
38 40 
2
2081 4 16 0
2082 10 16 0
2
245 40 
2
2083 34 32 0
2083 10 16 0
2
245 41 
2
2052 34 32 0
2053 20 12 0
2
39 41 
2
2053 22 8 0
2054 20 12 0
2
245 41 
2
2055 34 32 0
2055 20 12 0
2
19 41 
2
2055 20 8 0
2056 20 12 0
2
244 41 
2
2057 34 34 0
2057 20 12 0
2
39 41 
2
2057 22 8 0
2058 20 12 0
2
246 41 
2
2058 34 30 0
2059 20 12 0
2
245 42 
2
2080 34 32 0
2080 16 16 0
2
40 42 
2
2084 10 16 0
2083 16 16 0
2
244 42 
2
2084 34 34 0
2084 16 16 0
2
20 42 
2
2084 14 16 0
2085 16 16 0
2
245 42 
2
2086 34 32 0
2086 16 16 0
2
40 42 
2
2086 10 16 0
2087 16 16 0
2
246 42 
2
2088 34 30 0
2088 16 16 0
2
247 43 
2
2055 34 28 0
2056 18 14 0
2
41 43 
2
2060 20 12 0
2059 18 14 0
2
244 43 
2
2060 34 34 0
2060 18 14 0
2
21 43 
2
2060 20 14 0
2061 18 14 0
2
245 43 
2
2061 34 32 0
2062 18 14 0
2
41 43 
2
2062 20 12 0
2063 18 14 0
2
244 43 
2
2063 34 34 0
2064 18 14 0
2
42 58 
2
2089 16 16 0
2088 10 10 0
2
43 191 
2
2065 18 14 0
2064 28 4 0
2
42 59 
2
2090 16 16 0
2089 28 16 0
2
43 240 
2
2066 18 14 0
2065 6 4 0
2
42 60 
2
2091 16 16 0
2090 16 8 0
2
43 241 
2
2067 18 14 0
2066 32 22 0
2
42 61 
2
2092 16 16 0
2091 18 30 0
2
42 62 
2
2093 16 16 0
2092 20 24 0
2
42 63 
2
2094 16 16 0
2093 16 12 0
2
42 64 
2
2095 16 16 0
2094 16 6 0
2
42 65 
2
2096 16 16 0
2095 10 6 0
2
42 66 
2
2097 16 16 0
2096 18 22 0
2
42 67 
2
2098 16 16 0
2097 18 28 0
2
42 68 
2
2099 16 16 0
2098 18 12 0
2
42 86 
2
2100 16 16 0
2099 6 10 0
2
42 87 
2
2101 16 16 0
2100 22 14 0
2
42 89 
2
2102 16 16 0
2101 24 14 0
2
42 90 
2
2103 16 16 0
2102 20 10 0
2
42 91 
2
2104 16 16 0
2103 28 8 0
2
42 92 
2
2105 16 16 0
2104 32 12 0
2
42 93 
2
2106 16 16 0
2105 20 2 0
2
42 94 
2
2107 16 16 0
2106 8 6 0
2
42 95 
2
2108 16 16 0
2107 6 12 0
2
42 96 
2
2109 16 16 0
2108 16 4 0
2
40 42 
2
2109 10 16 0
2110 16 16 0
2
41 43 
2
2067 20 12 0
2068 18 14 0
2
42 58 
2
2111 16 16 0
2110 10 10 0
2
43 191 
2
2069 18 14 0
2068 28 4 0
2
42 59 
2
2112 16 16 0
2111 28 16 0
2
43 240 
2
2070 18 14 0
2069 6 4 0
2
42 60 
2
2113 16 16 0
2112 16 8 0
2
43 241 
2
2071 18 14 0
2070 32 22 0
2
42 61 
2
2114 16 16 0
2113 18 30 0
2
42 62 
2
2115 16 16 0
2114 20 24 0
2
42 63 
2
2116 16 16 0
2115 16 12 0
2
42 64 
2
2117 16 16 0
2116 16 6 0
2
42 65 
2
2118 16 16 0
2117 10 6 0
2
42 66 
2
2119 16 16 0
2118 18 22 0
2
42 67 
2
2120 16 16 0
2119 18 28 0
2
42 68 
2
2121 16 16 0
2120 18 12 0
2
42 86 
2
2122 16 16 0
2121 6 10 0
2
42 87 
2
2123 16 16 0
2122 22 14 0
2
42 89 
2
2124 16 16 0
2123 24 14 0
2
42 90 
2
2125 16 16 0
2124 20 10 0
2
42 91 
2
2126 16 16 0
2125 28 8 0
2
42 92 
2
2127 16 16 0
2126 32 12 0
2
42 93 
2
2128 16 16 0
2127 20 2 0
2
42 94 
2
2129 16 16 0
2128 8 6 0
2
42 95 
2
2130 16 16 0
2129 6 12 0
2
42 96 
2
2131 16 16 0
2130 16 4 0
2
20 40 
2
2109 14 16 0
2110 10 16 0
2
21 41 
2
2067 20 14 0
2068 20 12 0
2
38 40 
2
2110 4 16 0
2111 10 16 0
2
39 41 
2
2068 22 8 0
2069 20 12 0
2
245 42 
2
2131 34 32 0
2132 16 16 0
2
40 42 
2
2132 10 16 0
2133 16 16 0
2
245 42 
2
2134 34 32 0
2134 16 16 0
2
20 42 
2
2134 14 16 0
2135 16 16 0
2
244 42 
2
2136 34 34 0
2136 16 16 0
2
40 42 
2
2136 10 16 0
2137 16 16 0
2
246 42 
2
2137 34 30 0
2138 16 16 0
2
245 43 
2
2071 34 32 0
2072 18 14 0
2
41 43 
2
2072 20 12 0
2073 18 14 0
2
245 43 
2
2074 34 32 0
2074 18 14 0
2
21 43 
2
2074 20 14 0
2075 18 14 0
2
244 43 
2
2075 34 34 0
2076 18 14 0
2
41 43 
2
2076 20 12 0
2077 18 14 0
2
244 43 
2
2078 34 34 0
2078 18 14 0
2
42 59 
2
2139 16 16 0
2138 28 16 0
2
43 81 
2
2079 18 14 0
2078 6 6 0
2
42 60 
2
2140 16 16 0
2139 16 8 0
2
43 82 
2
2080 18 14 0
2079 28 22 0
2
42 61 
2
2141 16 16 0
2140 18 30 0
2
43 83 
2
2081 18 14 0
2080 10 4 0
2
42 62 
2
2142 16 16 0
2141 20 24 0
2
42 63 
2
2143 16 16 0
2142 16 12 0
2
42 64 
2
2144 16 16 0
2143 16 6 0
2
42 65 
2
2145 16 16 0
2144 10 6 0
2
42 66 
2
2146 16 16 0
2145 18 22 0
2
42 67 
2
2147 16 16 0
2146 18 28 0
2
42 68 
2
2148 16 16 0
2147 18 12 0
2
42 86 
2
2149 16 16 0
2148 6 10 0
2
42 87 
2
2150 16 16 0
2149 22 14 0
2
42 89 
2
2151 16 16 0
2150 24 14 0
2
42 90 
2
2152 16 16 0
2151 20 10 0
2
42 91 
2
2153 16 16 0
2152 28 8 0
2
42 92 
2
2154 16 16 0
2153 32 12 0
2
42 93 
2
2155 16 16 0
2154 20 2 0
2
42 94 
2
2156 16 16 0
2155 8 6 0
2
42 95 
2
2157 16 16 0
2156 6 12 0
2
42 96 
2
2158 16 16 0
2157 16 4 0
2
42 97 
2
2159 16 16 0
2158 12 14 0
2
40 42 
2
2159 10 16 0
2160 16 16 0
2
41 43 
2
2081 20 12 0
2082 18 14 0
2
42 59 
2
2161 16 16 0
2160 28 16 0
2
43 81 
2
2083 18 14 0
2082 6 6 0
2
42 60 
2
2162 16 16 0
2161 16 8 0
2
43 82 
2
2084 18 14 0
2083 28 22 0
2
42 61 
2
2163 16 16 0
2162 18 30 0
2
43 83 
2
2085 18 14 0
2084 10 4 0
2
42 62 
2
2164 16 16 0
2163 20 24 0
2
42 63 
2
2165 16 16 0
2164 16 12 0
2
42 64 
2
2166 16 16 0
2165 16 6 0
2
42 65 
2
2167 16 16 0
2166 10 6 0
2
42 66 
2
2168 16 16 0
2167 18 22 0
2
42 67 
2
2169 16 16 0
2168 18 28 0
2
42 68 
2
2170 16 16 0
2169 18 12 0
2
42 86 
2
2171 16 16 0
2170 6 10 0
2
42 87 
2
2172 16 16 0
2171 22 14 0
2
42 89 
2
2173 16 16 0
2172 24 14 0
2
42 90 
2
2174 16 16 0
2173 20 10 0
2
42 91 
2
2175 16 16 0
2174 28 8 0
2
42 92 
2
2176 16 16 0
2175 32 12 0
2
42 93 
2
2177 16 16 0
2176 20 2 0
2
42 94 
2
2178 16 16 0
2177 8 6 0
2
42 95 
2
2179 16 16 0
2178 6 12 0
2
42 96 
2
2180 16 16 0
2179 16 4 0
2
42 97 
2
2181 16 16 0
2180 12 14 0
2
20 40 
2
2159 14 16 0
2160 10 16 0
2
21 41 
2
2081 20 14 0
2082 20 12 0
2
18 38 
2
2110 4 18 0
2111 4 16 0
2
19 39 
2
2068 20 8 0
2069 22 8 0
2
16 36 
2
2063 4 24 0
2064 4 22 0
2
17 37 
2
2021 26 4 0
2022 24 4 0
2
34 36 
2
2064 2 24 0
2065 4 22 0
2
35 37 
2
2022 28 2 0
2023 24 4 0
2
244 38 
2
2111 34 34 0
2112 4 16 0
2
36 38 
2
2112 4 22 0
2113 4 16 0
2
244 38 
2
2114 34 34 0
2114 4 16 0
2
16 38 
2
2114 4 24 0
2115 4 16 0
2
245 38 
2
2115 34 32 0
2116 4 16 0
2
36 38 
2
2116 4 22 0
2117 4 16 0
2
244 38 
2
2117 34 34 0
2118 4 16 0
2
246 39 
2
2070 34 30 0
2070 22 8 0
2
37 39 
2
2070 24 4 0
2071 22 8 0
2
247 39 
2
2072 34 28 0
2072 22 8 0
2
17 39 
2
2072 26 4 0
2073 22 8 0
2
246 39 
2
2073 34 30 0
2074 22 8 0
2
37 39 
2
2074 24 4 0
2075 22 8 0
2
246 39 
2
2076 34 30 0
2076 22 8 0
2
244 40 
2
2160 34 34 0
2161 10 16 0
2
38 40 
2
2161 4 16 0
2162 10 16 0
2
244 40 
2
2163 34 34 0
2163 10 16 0
2
18 40 
2
2163 4 18 0
2164 10 16 0
2
245 40 
2
2164 34 32 0
2165 10 16 0
2
38 40 
2
2165 4 16 0
2166 10 16 0
2
244 40 
2
2166 34 34 0
2167 10 16 0
2
246 41 
2
2082 34 30 0
2083 20 12 0
2
39 41 
2
2083 22 8 0
2084 20 12 0
2
246 41 
2
2085 34 30 0
2085 20 12 0
2
19 41 
2
2085 20 8 0
2086 20 12 0
2
244 41 
2
2087 34 34 0
2087 20 12 0
2
39 41 
2
2087 22 8 0
2088 20 12 0
2
245 41 
2
2089 34 32 0
2089 20 12 0
2
244 42 
2
2181 34 34 0
2182 16 16 0
2
40 42 
2
2182 10 16 0
2183 16 16 0
2
244 42 
2
2184 34 34 0
2184 16 16 0
2
20 42 
2
2184 14 16 0
2185 16 16 0
2
246 42 
2
2185 34 30 0
2186 16 16 0
2
40 42 
2
2186 10 16 0
2187 16 16 0
2
244 42 
2
2187 34 34 0
2188 16 16 0
2
247 43 
2
2085 34 28 0
2086 18 14 0
2
41 43 
2
2090 20 12 0
2089 18 14 0
2
244 43 
2
2090 34 34 0
2090 18 14 0
2
21 43 
2
2090 20 14 0
2091 18 14 0
2
245 43 
2
2092 34 32 0
2092 18 14 0
2
41 43 
2
2092 20 12 0
2093 18 14 0
2
244 43 
2
2093 34 34 0
2094 18 14 0
2
42 94 
2
2189 16 16 0
2188 8 6 0
2
43 82 
2
2095 18 14 0
2094 28 22 0
2
42 95 
2
2190 16 16 0
2189 6 12 0
2
43 83 
2
2096 18 14 0
2095 10 4 0
2
42 96 
2
2191 16 16 0
2190 16 4 0
2
43 84 
2
2097 18 14 0
2096 28 24 0
2
40 42 
2
2191 10 16 0
2192 16 16 0
2
41 43 
2
2097 20 12 0
2098 18 14 0
2
42 94 
2
2193 16 16 0
2192 8 6 0
2
43 82 
2
2099 18 14 0
2098 28 22 0
2
42 95 
2
2194 16 16 0
2193 6 12 0
2
43 83 
2
2100 18 14 0
2099 10 4 0
2
42 96 
2
2195 16 16 0
2194 16 4 0
2
43 84 
2
2101 18 14 0
2100 28 24 0
2
20 40 
2
2191 14 16 0
2192 10 16 0
2
21 41 
2
2097 20 14 0
2098 20 12 0
2
38 40 
2
2192 4 16 0
2193 10 16 0
2
39 41 
2
2098 22 8 0
2099 20 12 0
2
245 42 
2
2195 34 32 0
2196 16 16 0
2
40 42 
2
2196 10 16 0
2197 16 16 0
2
245 42 
2
2198 34 32 0
2198 16 16 0
2
20 42 
2
2198 14 16 0
2199 16 16 0
2
244 42 
2
2200 34 34 0
2200 16 16 0
2
40 42 
2
2200 10 16 0
2201 16 16 0
2
246 42 
2
2201 34 30 0
2202 16 16 0
2
245 43 
2
2101 34 32 0
2102 18 14 0
2
41 43 
2
2102 20 12 0
2103 18 14 0
2
245 43 
2
2104 34 32 0
2104 18 14 0
2
21 43 
2
2104 20 14 0
2105 18 14 0
2
244 43 
2
2106 34 34 0
2106 18 14 0
2
41 43 
2
2106 20 12 0
2107 18 14 0
2
246 43 
2
2107 34 30 0
2108 18 14 0
2
42 95 
2
2203 16 16 0
2202 6 12 0
2
43 81 
2
2109 18 14 0
2108 6 6 0
2
42 96 
2
2204 16 16 0
2203 16 4 0
2
43 82 
2
2110 18 14 0
2109 28 22 0
2
42 97 
2
2205 16 16 0
2204 12 14 0
2
43 83 
2
2111 18 14 0
2110 10 4 0
2
43 84 
2
2112 18 14 0
2111 28 24 0
2
43 85 
2
2113 18 14 0
2112 30 20 0
2
43 88 
2
2114 18 14 0
2113 12 4 0
2
43 110 
2
2115 18 14 0
2114 6 20 0
2
43 127 
2
2116 18 14 0
2115 12 18 0
2
43 132 
2
2117 18 14 0
2116 8 16 0
2
43 133 
2
2118 18 14 0
2117 10 12 0
2
43 134 
2
2119 18 14 0
2118 16 30 0
2
43 135 
2
2120 18 14 0
2119 10 26 0
2
43 136 
2
2121 18 14 0
2120 16 26 0
2
43 137 
2
2122 18 14 0
2121 16 28 0
2
43 138 
2
2123 18 14 0
2122 10 20 0
2
43 139 
2
2124 18 14 0
2123 12 26 0
2
43 140 
2
2125 18 14 0
2124 14 18 0
2
43 141 
2
2126 18 14 0
2125 14 20 0
2
43 142 
2
2127 18 14 0
2126 8 12 0
2
43 143 
2
2128 18 14 0
2127 22 24 0
2
43 144 
2
2129 18 14 0
2128 24 18 0
2
40 42 
2
2205 10 16 0
2206 16 16 0
2
41 43 
2
2129 20 12 0
2130 18 14 0
2
42 95 
2
2207 16 16 0
2206 6 12 0
2
43 81 
2
2131 18 14 0
2130 6 6 0
2
42 96 
2
2208 16 16 0
2207 16 4 0
2
43 82 
2
2132 18 14 0
2131 28 22 0
2
42 97 
2
2209 16 16 0
2208 12 14 0
2
43 83 
2
2133 18 14 0
2132 10 4 0
2
43 84 
2
2134 18 14 0
2133 28 24 0
2
43 85 
2
2135 18 14 0
2134 30 20 0
2
43 88 
2
2136 18 14 0
2135 12 4 0
2
43 110 
2
2137 18 14 0
2136 6 20 0
2
43 127 
2
2138 18 14 0
2137 12 18 0
2
43 132 
2
2139 18 14 0
2138 8 16 0
2
43 133 
2
2140 18 14 0
2139 10 12 0
2
43 134 
2
2141 18 14 0
2140 16 30 0
2
43 135 
2
2142 18 14 0
2141 10 26 0
2
43 136 
2
2143 18 14 0
2142 16 26 0
2
43 137 
2
2144 18 14 0
2143 16 28 0
2
43 138 
2
2145 18 14 0
2144 10 20 0
2
43 139 
2
2146 18 14 0
2145 12 26 0
2
43 140 
2
2147 18 14 0
2146 14 18 0
2
43 141 
2
2148 18 14 0
2147 14 20 0
2
43 142 
2
2149 18 14 0
2148 8 12 0
2
43 143 
2
2150 18 14 0
2149 22 24 0
2
43 144 
2
2151 18 14 0
2150 24 18 0
2
20 40 
2
2205 14 16 0
2206 10 16 0
2
21 41 
2
2129 20 14 0
2130 20 12 0
2
18 38 
2
2192 4 18 0
2193 4 16 0
2
19 39 
2
2098 20 8 0
2099 22 8 0
2
36 38 
2
2193 4 22 0
2194 4 16 0
2
37 39 
2
2099 24 4 0
2100 22 8 0
2
245 40 
2
2206 34 32 0
2207 10 16 0
2
38 40 
2
2207 4 16 0
2208 10 16 0
2
244 40 
2
2209 34 34 0
2209 10 16 0
2
18 40 
2
2209 4 18 0
2210 10 16 0
2
246 40 
2
2210 34 30 0
2211 10 16 0
2
38 40 
2
2211 4 16 0
2212 10 16 0
2
244 40 
2
2212 34 34 0
2213 10 16 0
2
244 41 
2
2130 34 34 0
2131 20 12 0
2
39 41 
2
2131 22 8 0
2132 20 12 0
2
244 41 
2
2133 34 34 0
2133 20 12 0
2
19 41 
2
2133 20 8 0
2134 20 12 0
2
246 41 
2
2134 34 30 0
2135 20 12 0
2
39 41 
2
2135 22 8 0
2136 20 12 0
2
245 41 
2
2137 34 32 0
2137 20 12 0
2
245 42 
2
2209 34 32 0
2210 16 16 0
2
40 42 
2
2214 10 16 0
2213 16 16 0
2
246 42 
2
2213 34 30 0
2214 16 16 0
2
20 42 
2
2214 14 16 0
2215 16 16 0
2
245 42 
2
2215 34 32 0
2216 16 16 0
2
40 42 
2
2216 10 16 0
2217 16 16 0
2
244 42 
2
2218 34 34 0
2218 16 16 0
2
244 43 
2
2151 34 34 0
2152 18 14 0
2
41 43 
2
2152 20 12 0
2153 18 14 0
2
244 43 
2
2154 34 34 0
2154 18 14 0
2
21 43 
2
2154 20 14 0
2155 18 14 0
2
245 43 
2
2155 34 32 0
2156 18 14 0
2
41 43 
2
2156 20 12 0
2157 18 14 0
2
244 43 
2
2157 34 34 0
2158 18 14 0
2
42 94 
2
2219 16 16 0
2218 8 6 0
2
43 82 
2
2159 18 14 0
2158 28 22 0
2
42 95 
2
2220 16 16 0
2219 6 12 0
2
43 83 
2
2160 18 14 0
2159 10 4 0
2
42 96 
2
2221 16 16 0
2220 16 4 0
2
43 84 
2
2161 18 14 0
2160 28 24 0
2
42 97 
2
2222 16 16 0
2221 12 14 0
2
43 85 
2
2162 18 14 0
2161 30 20 0
2
42 98 
2
2223 16 16 0
2222 22 16 0
2
43 88 
2
2163 18 14 0
2162 12 4 0
2
42 99 
2
2224 16 16 0
2223 18 24 0
2
43 110 
2
2164 18 14 0
2163 6 20 0
2
42 100 
2
2225 16 16 0
2224 12 10 0
2
43 127 
2
2165 18 14 0
2164 12 18 0
2
42 101 
2
2226 16 16 0
2225 18 18 0
2
43 132 
2
2166 18 14 0
2165 8 16 0
2
42 102 
2
2227 16 16 0
2226 14 8 0
2
43 133 
2
2167 18 14 0
2166 10 12 0
2
42 103 
2
2228 16 16 0
2227 14 6 0
2
43 134 
2
2168 18 14 0
2167 16 30 0
2
42 104 
2
2229 16 16 0
2228 22 26 0
2
43 135 
2
2169 18 14 0
2168 10 26 0
2
42 105 
2
2230 16 16 0
2229 20 16 0
2
43 136 
2
2170 18 14 0
2169 16 26 0
2
42 106 
2
2231 16 16 0
2230 24 20 0
2
43 137 
2
2171 18 14 0
2170 16 28 0
2
42 107 
2
2232 16 16 0
2231 30 16 0
2
43 138 
2
2172 18 14 0
2171 10 20 0
2
42 108 
2
2233 16 16 0
2232 28 10 0
2
43 139 
2
2173 18 14 0
2172 12 26 0
2
42 109 
2
2234 16 16 0
2233 26 10 0
2
43 140 
2
2174 18 14 0
2173 14 18 0
2
42 111 
2
2235 16 16 0
2234 18 6 0
2
43 141 
2
2175 18 14 0
2174 14 20 0
2
42 112 
2
2236 16 16 0
2235 30 14 0
2
43 142 
2
2176 18 14 0
2175 8 12 0
2
42 113 
2
2237 16 16 0
2236 22 4 0
2
43 143 
2
2177 18 14 0
2176 22 24 0
2
42 114 
2
2238 16 16 0
2237 30 10 0
2
43 144 
2
2178 18 14 0
2177 24 18 0
2
42 115 
2
2239 16 16 0
2238 2 10 0
2
43 145 
2
2179 18 14 0
2178 22 10 0
2
40 42 
2
2239 10 16 0
2240 16 16 0
2
41 43 
2
2179 20 12 0
2180 18 14 0
2
42 94 
2
2241 16 16 0
2240 8 6 0
2
43 82 
2
2181 18 14 0
2180 28 22 0
2
42 95 
2
2242 16 16 0
2241 6 12 0
2
43 83 
2
2182 18 14 0
2181 10 4 0
2
42 96 
2
2243 16 16 0
2242 16 4 0
2
43 84 
2
2183 18 14 0
2182 28 24 0
2
42 97 
2
2244 16 16 0
2243 12 14 0
2
43 85 
2
2184 18 14 0
2183 30 20 0
2
42 98 
2
2245 16 16 0
2244 22 16 0
2
43 88 
2
2185 18 14 0
2184 12 4 0
2
42 99 
2
2246 16 16 0
2245 18 24 0
2
43 110 
2
2186 18 14 0
2185 6 20 0
2
42 100 
2
2247 16 16 0
2246 12 10 0
2
43 127 
2
2187 18 14 0
2186 12 18 0
2
42 101 
2
2248 16 16 0
2247 18 18 0
2
43 132 
2
2188 18 14 0
2187 8 16 0
2
42 102 
2
2249 16 16 0
2248 14 8 0
2
43 133 
2
2189 18 14 0
2188 10 12 0
2
42 103 
2
2250 16 16 0
2249 14 6 0
2
43 134 
2
2190 18 14 0
2189 16 30 0
2
42 104 
2
2251 16 16 0
2250 22 26 0
2
43 135 
2
2191 18 14 0
2190 10 26 0
2
42 105 
2
2252 16 16 0
2251 20 16 0
2
43 136 
2
2192 18 14 0
2191 16 26 0
2
42 106 
2
2253 16 16 0
2252 24 20 0
2
43 137 
2
2193 18 14 0
2192 16 28 0
2
42 107 
2
2254 16 16 0
2253 30 16 0
2
43 138 
2
2194 18 14 0
2193 10 20 0
2
42 108 
2
2255 16 16 0
2254 28 10 0
2
43 139 
2
2195 18 14 0
2194 12 26 0
2
42 109 
2
2256 16 16 0
2255 26 10 0
2
43 140 
2
2196 18 14 0
2195 14 18 0
2
42 111 
2
2257 16 16 0
2256 18 6 0
2
43 141 
2
2197 18 14 0
2196 14 20 0
2
42 112 
2
2258 16 16 0
2257 30 14 0
2
43 142 
2
2198 18 14 0
2197 8 12 0
2
42 113 
2
2259 16 16 0
2258 22 4 0
2
43 143 
2
2199 18 14 0
2198 22 24 0
2
42 114 
2
2260 16 16 0
2259 30 10 0
2
43 144 
2
2200 18 14 0
2199 24 18 0
2
42 115 
2
2261 16 16 0
2260 2 10 0
2
43 145 
2
2201 18 14 0
2200 22 10 0
2
20 40 
2
2239 14 16 0
2240 10 16 0
2
21 41 
2
2179 20 14 0
2180 20 12 0
2
38 40 
2
2240 4 16 0
2241 10 16 0
2
39 41 
2
2180 22 8 0
2181 20 12 0
2
245 42 
2
2261 34 32 0
2262 16 16 0
2
40 42 
2
2262 10 16 0
2263 16 16 0
2
245 42 
2
2264 34 32 0
2264 16 16 0
2
20 42 
2
2264 14 16 0
2265 16 16 0
2
244 42 
2
2266 34 34 0
2266 16 16 0
2
40 42 
2
2266 10 16 0
2267 16 16 0
2
246 42 
2
2267 34 30 0
2268 16 16 0
2
247 43 
2
2201 34 28 0
2202 18 14 0
2
41 43 
2
2202 20 12 0
2203 18 14 0
2
244 43 
2
2203 34 34 0
2204 18 14 0
2
21 43 
2
2204 20 14 0
2205 18 14 0
2
244 43 
2
2206 34 34 0
2206 18 14 0
2
41 43 
2
2206 20 12 0
2207 18 14 0
2
246 43 
2
2207 34 30 0
2208 18 14 0
2
42 95 
2
2269 16 16 0
2268 6 12 0
2
43 144 
2
2209 18 14 0
2208 24 18 0
2
42 96 
2
2270 16 16 0
2269 16 4 0
2
43 145 
2
2210 18 14 0
2209 22 10 0
2
42 97 
2
2271 16 16 0
2270 12 14 0
2
43 146 
2
2211 18 14 0
2210 30 12 0
2
42 98 
2
2272 16 16 0
2271 22 16 0
2
42 99 
2
2273 16 16 0
2272 18 24 0
2
42 100 
2
2274 16 16 0
2273 12 10 0
2
42 101 
2
2275 16 16 0
2274 18 18 0
2
42 102 
2
2276 16 16 0
2275 14 8 0
2
42 103 
2
2277 16 16 0
2276 14 6 0
2
42 104 
2
2278 16 16 0
2277 22 26 0
2
42 105 
2
2279 16 16 0
2278 20 16 0
2
42 106 
2
2280 16 16 0
2279 24 20 0
2
42 107 
2
2281 16 16 0
2280 30 16 0
2
42 108 
2
2282 16 16 0
2281 28 10 0
2
42 109 
2
2283 16 16 0
2282 26 10 0
2
42 111 
2
2284 16 16 0
2283 18 6 0
2
42 112 
2
2285 16 16 0
2284 30 14 0
2
42 113 
2
2286 16 16 0
2285 22 4 0
2
42 114 
2
2287 16 16 0
2286 30 10 0
2
42 115 
2
2288 16 16 0
2287 2 10 0
2
42 116 
2
2289 16 16 0
2288 8 8 0
2
40 42 
2
2289 10 16 0
2290 16 16 0
2
41 43 
2
2211 20 12 0
2212 18 14 0
2
42 95 
2
2291 16 16 0
2290 6 12 0
2
43 144 
2
2213 18 14 0
2212 24 18 0
2
42 96 
2
2292 16 16 0
2291 16 4 0
2
43 145 
2
2214 18 14 0
2213 22 10 0
2
42 97 
2
2293 16 16 0
2292 12 14 0
2
43 146 
2
2215 18 14 0
2214 30 12 0
2
42 98 
2
2294 16 16 0
2293 22 16 0
2
42 99 
2
2295 16 16 0
2294 18 24 0
2
42 100 
2
2296 16 16 0
2295 12 10 0
2
42 101 
2
2297 16 16 0
2296 18 18 0
2
42 102 
2
2298 16 16 0
2297 14 8 0
2
42 103 
2
2299 16 16 0
2298 14 6 0
2
42 104 
2
2300 16 16 0
2299 22 26 0
2
42 105 
2
2301 16 16 0
2300 20 16 0
2
42 106 
2
2302 16 16 0
2301 24 20 0
2
42 107 
2
2303 16 16 0
2302 30 16 0
2
42 108 
2
2304 16 16 0
2303 28 10 0
2
42 109 
2
2305 16 16 0
2304 26 10 0
2
42 111 
2
2306 16 16 0
2305 18 6 0
2
42 112 
2
2307 16 16 0
2306 30 14 0
2
42 113 
2
2308 16 16 0
2307 22 4 0
2
42 114 
2
2309 16 16 0
2308 30 10 0
2
42 115 
2
2310 16 16 0
2309 2 10 0
2
42 116 
2
2311 16 16 0
2310 8 8 0
2
20 40 
2
2289 14 16 0
2290 10 16 0
2
21 41 
2
2211 20 14 0
2212 20 12 0
2
18 38 
2
2240 4 18 0
2241 4 16 0
2
19 39 
2
2180 20 8 0
2181 22 8 0
2
16 36 
2
2193 4 24 0
2194 4 22 0
2
17 37 
2
2099 26 4 0
2100 24 4 0
2
14 34 
2
2064 4 26 0
2065 2 24 0
2
15 35 
2
2022 26 2 0
2023 28 2 0
2
12 32 
2
1761 2 26 0
1762 2 28 0
2
13 33 
2
1763 30 2 0
1764 32 2 0
2
10 30 
2
1179 6 28 0
1180 4 28 0
2
11 31 
2
1202 32 4 0
1203 32 6 0
2
8 28 
2
61 6 30 0
62 4 30 0
2
9 29 
2
61 32 24 0
62 32 26 0
2
26 28 
2
62 2 30 0
63 4 30 0
2
27 29 
2
62 32 28 0
63 32 26 0
2
244 30 
2
1180 34 34 0
1181 4 28 0
2
28 30 
2
1181 4 30 0
1182 4 28 0
2
244 30 
2
1183 34 34 0
1183 4 28 0
2
8 30 
2
1183 6 30 0
1184 4 28 0
2
245 30 
2
1184 34 32 0
1185 4 28 0
2
28 30 
2
1185 4 30 0
1186 4 28 0
2
244 30 
2
1186 34 34 0
1187 4 28 0
2
245 31 
2
1203 34 32 0
1204 32 6 0
2
29 31 
2
1204 32 26 0
1205 32 6 0
2
246 31 
2
1205 34 30 0
1206 32 6 0
2
9 31 
2
1206 32 24 0
1207 32 6 0
2
246 31 
2
1208 34 30 0
1208 32 6 0
2
29 31 
2
1208 32 26 0
1209 32 6 0
2
244 31 
2
1210 34 34 0
1210 32 6 0
2
244 32 
2
1762 34 34 0
1763 2 28 0
2
30 32 
2
1763 4 28 0
1764 2 28 0
2
244 32 
2
1765 34 34 0
1765 2 28 0
2
10 32 
2
1765 6 28 0
1766 2 28 0
2
245 32 
2
1767 34 32 0
1767 2 28 0
2
30 32 
2
1767 4 28 0
1768 2 28 0
2
244 32 
2
1768 34 34 0
1769 2 28 0
2
245 33 
2
1764 34 32 0
1765 32 2 0
2
31 33 
2
1765 32 6 0
1766 32 2 0
2
246 33 
2
1766 34 30 0
1767 32 2 0
2
11 33 
2
1767 32 4 0
1768 32 2 0
2
246 33 
2
1769 34 30 0
1769 32 2 0
2
31 33 
2
1769 32 6 0
1770 32 2 0
2
244 33 
2
1771 34 34 0
1771 32 2 0
2
245 34 
2
2065 34 32 0
2066 2 24 0
2
32 34 
2
2066 2 28 0
2067 2 24 0
2
246 34 
2
2067 34 30 0
2068 2 24 0
2
12 34 
2
2068 2 26 0
2069 2 24 0
2
247 34 
2
2069 34 28 0
2070 2 24 0
2
32 34 
2
2070 2 28 0
2071 2 24 0
2
248 34 
2
2071 34 26 0
2072 2 24 0
2
244 35 
2
2023 34 34 0
2024 28 2 0
2
33 35 
2
2024 32 2 0
2025 28 2 0
2
244 35 
2
2026 34 34 0
2026 28 2 0
2
13 35 
2
2026 30 2 0
2027 28 2 0
2
245 35 
2
2027 34 32 0
2028 28 2 0
2
33 35 
2
2028 32 2 0
2029 28 2 0
2
244 35 
2
2029 34 34 0
2030 28 2 0
2
244 36 
2
2194 34 34 0
2195 4 22 0
2
34 36 
2
2195 2 24 0
2196 4 22 0
2
244 36 
2
2197 34 34 0
2197 4 22 0
2
14 36 
2
2197 4 26 0
2198 4 22 0
2
246 36 
2
2198 34 30 0
2199 4 22 0
2
34 36 
2
2199 2 24 0
2200 4 22 0
2
245 36 
2
2201 34 32 0
2201 4 22 0
2
244 37 
2
2100 34 34 0
2101 24 4 0
2
35 37 
2
2101 28 2 0
2102 24 4 0
2
244 37 
2
2103 34 34 0
2103 24 4 0
2
15 37 
2
2103 26 2 0
2104 24 4 0
2
246 37 
2
2104 34 30 0
2105 24 4 0
2
35 37 
2
2105 28 2 0
2106 24 4 0
2
245 37 
2
2107 34 32 0
2107 24 4 0
2
245 38 
2
2241 34 32 0
2242 4 16 0
2
36 38 
2
2242 4 22 0
2243 4 16 0
2
244 38 
2
2243 34 34 0
2244 4 16 0
2
16 38 
2
2244 4 24 0
2245 4 16 0
2
244 38 
2
2246 34 34 0
2246 4 16 0
2
36 38 
2
2246 4 22 0
2247 4 16 0
2
245 38 
2
2247 34 32 0
2248 4 16 0
2
245 39 
2
2181 34 32 0
2182 22 8 0
2
37 39 
2
2182 24 4 0
2183 22 8 0
2
245 39 
2
2184 34 32 0
2184 22 8 0
2
17 39 
2
2184 26 4 0
2185 22 8 0
2
247 39 
2
2185 34 28 0
2186 22 8 0
2
37 39 
2
2186 24 4 0
2187 22 8 0
2
245 39 
2
2187 34 32 0
2188 22 8 0
2
244 40 
2
2290 34 34 0
2291 10 16 0
2
38 40 
2
2291 4 16 0
2292 10 16 0
2
244 40 
2
2293 34 34 0
2293 10 16 0
2
18 40 
2
2293 4 18 0
2294 10 16 0
2
245 40 
2
2294 34 32 0
2295 10 16 0
2
38 40 
2
2295 4 16 0
2296 10 16 0
2
244 40 
2
2296 34 34 0
2297 10 16 0
2
245 41 
2
2212 34 32 0
2213 20 12 0
2
39 41 
2
2213 22 8 0
2214 20 12 0
2
244 41 
2
2215 34 34 0
2215 20 12 0
2
19 41 
2
2215 20 8 0
2216 20 12 0
2
247 41 
2
2216 34 28 0
2217 20 12 0
2
39 41 
2
2217 22 8 0
2218 20 12 0
2
245 41 
2
2218 34 32 0
2219 20 12 0
2
244 42 
2
2311 34 34 0
2312 16 16 0
2
40 42 
2
2312 10 16 0
2313 16 16 0
2
244 42 
2
2314 34 34 0
2314 16 16 0
2
20 42 
2
2314 14 16 0
2315 16 16 0
2
246 42 
2
2315 34 30 0
2316 16 16 0
2
40 42 
2
2316 10 16 0
2317 16 16 0
2
244 42 
2
2317 34 34 0
2318 16 16 0
2
246 43 
2
2216 34 30 0
2216 18 14 0
2
41 43 
2
2220 20 12 0
2219 18 14 0
2
246 43 
2
2219 34 30 0
2220 18 14 0
2
21 43 
2
2220 20 14 0
2221 18 14 0
2
244 43 
2
2221 34 34 0
2222 18 14 0
2
41 43 
2
2222 20 12 0
2223 18 14 0
2
244 43 
2
2224 34 34 0
2224 18 14 0
2
42 94 
2
2319 16 16 0
2318 8 6 0
2
43 145 
2
2225 18 14 0
2224 22 10 0
2
42 95 
2
2320 16 16 0
2319 6 12 0
2
43 146 
2
2226 18 14 0
2225 30 12 0
2
42 96 
2
2321 16 16 0
2320 16 4 0
2
43 147 
2
2227 18 14 0
2226 4 8 0
2
42 97 
2
2322 16 16 0
2321 12 14 0
2
42 98 
2
2323 16 16 0
2322 22 16 0
2
42 99 
2
2324 16 16 0
2323 18 24 0
2
42 100 
2
2325 16 16 0
2324 12 10 0
2
42 101 
2
2326 16 16 0
2325 18 18 0
2
42 102 
2
2327 16 16 0
2326 14 8 0
2
42 103 
2
2328 16 16 0
2327 14 6 0
2
42 104 
2
2329 16 16 0
2328 22 26 0
2
42 105 
2
2330 16 16 0
2329 20 16 0
2
42 106 
2
2331 16 16 0
2330 24 20 0
2
42 107 
2
2332 16 16 0
2331 30 16 0
2
42 108 
2
2333 16 16 0
2332 28 10 0
2
42 109 
2
2334 16 16 0
2333 26 10 0
2
42 111 
2
2335 16 16 0
2334 18 6 0
2
42 112 
2
2336 16 16 0
2335 30 14 0
2
42 113 
2
2337 16 16 0
2336 22 4 0
2
40 42 
2
2337 10 16 0
2338 16 16 0
2
41 43 
2
2227 20 12 0
2228 18 14 0
2
42 94 
2
2339 16 16 0
2338 8 6 0
2
43 145 
2
2229 18 14 0
2228 22 10 0
2
42 95 
2
2340 16 16 0
2339 6 12 0
2
43 146 
2
2230 18 14 0
2229 30 12 0
2
42 96 
2
2341 16 16 0
2340 16 4 0
2
43 147 
2
2231 18 14 0
2230 4 8 0
2
42 97 
2
2342 16 16 0
2341 12 14 0
2
42 98 
2
2343 16 16 0
2342 22 16 0
2
42 99 
2
2344 16 16 0
2343 18 24 0
2
42 100 
2
2345 16 16 0
2344 12 10 0
2
42 101 
2
2346 16 16 0
2345 18 18 0
2
42 102 
2
2347 16 16 0
2346 14 8 0
2
42 103 
2
2348 16 16 0
2347 14 6 0
2
42 104 
2
2349 16 16 0
2348 22 26 0
2
42 105 
2
2350 16 16 0
2349 20 16 0
2
42 106 
2
2351 16 16 0
2350 24 20 0
2
42 107 
2
2352 16 16 0
2351 30 16 0
2
42 108 
2
2353 16 16 0
2352 28 10 0
2
42 109 
2
2354 16 16 0
2353 26 10 0
2
42 111 
2
2355 16 16 0
2354 18 6 0
2
42 112 
2
2356 16 16 0
2355 30 14 0
2
42 113 
2
2357 16 16 0
2356 22 4 0
2
20 40 
2
2337 14 16 0
2338 10 16 0
2
21 41 
2
2227 20 14 0
2228 20 12 0
2
38 40 
2
2338 4 16 0
2339 10 16 0
2
39 41 
2
2228 22 8 0
2229 20 12 0
2
244 42 
2
2357 34 34 0
2358 16 16 0
2
40 42 
2
2358 10 16 0
2359 16 16 0
2
244 42 
2
2360 34 34 0
2360 16 16 0
2
20 42 
2
2360 14 16 0
2361 16 16 0
2
246 42 
2
2361 34 30 0
2362 16 16 0
2
40 42 
2
2362 10 16 0
2363 16 16 0
2
245 42 
2
2363 34 32 0
2364 16 16 0
2
244 43 
2
2231 34 34 0
2232 18 14 0
2
41 43 
2
2232 20 12 0
2233 18 14 0
2
244 43 
2
2234 34 34 0
2234 18 14 0
2
21 43 
2
2234 20 14 0
2235 18 14 0
2
246 43 
2
2235 34 30 0
2236 18 14 0
2
41 43 
2
2236 20 12 0
2237 18 14 0
2
245 43 
2
2237 34 32 0
2238 18 14 0
2
42 95 
2
2365 16 16 0
2364 6 12 0
2
43 144 
2
2239 18 14 0
2238 24 18 0
2
42 96 
2
2366 16 16 0
2365 16 4 0
2
43 145 
2
2240 18 14 0
2239 22 10 0
2
42 97 
2
2367 16 16 0
2366 12 14 0
2
43 146 
2
2241 18 14 0
2240 30 12 0
2
42 98 
2
2368 16 16 0
2367 22 16 0
2
43 147 
2
2242 18 14 0
2241 4 8 0
2
42 99 
2
2369 16 16 0
2368 18 24 0
2
43 148 
2
2243 18 14 0
2242 12 30 0
2
42 100 
2
2370 16 16 0
2369 12 10 0
2
43 165 
2
2244 18 14 0
2243 4 20 0
2
42 101 
2
2371 16 16 0
2370 18 18 0
2
43 187 
2
2245 18 14 0
2244 12 28 0
2
42 102 
2
2372 16 16 0
2371 14 8 0
2
43 190 
2
2246 18 14 0
2245 26 16 0
2
42 103 
2
2373 16 16 0
2372 14 6 0
2
43 192 
2
2247 18 14 0
2246 18 26 0
2
42 104 
2
2374 16 16 0
2373 22 26 0
2
43 193 
2
2248 18 14 0
2247 6 16 0
2
42 105 
2
2375 16 16 0
2374 20 16 0
2
43 194 
2
2249 18 14 0
2248 14 22 0
2
42 106 
2
2376 16 16 0
2375 24 20 0
2
43 195 
2
2250 18 14 0
2249 10 22 0
2
42 107 
2
2377 16 16 0
2376 30 16 0
2
43 196 
2
2251 18 14 0
2250 8 18 0
2
42 108 
2
2378 16 16 0
2377 28 10 0
2
43 197 
2
2252 18 14 0
2251 16 22 0
2
42 109 
2
2379 16 16 0
2378 26 10 0
2
43 198 
2
2253 18 14 0
2252 16 18 0
2
42 111 
2
2380 16 16 0
2379 18 6 0
2
43 199 
2
2254 18 14 0
2253 14 28 0
2
42 112 
2
2381 16 16 0
2380 30 14 0
2
43 200 
2
2255 18 14 0
2254 10 18 0
2
42 113 
2
2382 16 16 0
2381 22 4 0
2
43 201 
2
2256 18 14 0
2255 18 20 0
2
42 114 
2
2383 16 16 0
2382 30 10 0
2
43 202 
2
2257 18 14 0
2256 14 14 0
2
43 203 
2
2258 18 14 0
2257 2 14 0
2
43 204 
2
2259 18 14 0
2258 20 20 0
2
40 42 
2
2383 10 16 0
2384 16 16 0
2
41 43 
2
2259 20 12 0
2260 18 14 0
2
42 95 
2
2385 16 16 0
2384 6 12 0
2
43 144 
2
2261 18 14 0
2260 24 18 0
2
42 96 
2
2386 16 16 0
2385 16 4 0
2
43 145 
2
2262 18 14 0
2261 22 10 0
2
42 97 
2
2387 16 16 0
2386 12 14 0
2
43 146 
2
2263 18 14 0
2262 30 12 0
2
42 98 
2
2388 16 16 0
2387 22 16 0
2
43 147 
2
2264 18 14 0
2263 4 8 0
2
42 99 
2
2389 16 16 0
2388 18 24 0
2
43 148 
2
2265 18 14 0
2264 12 30 0
2
42 100 
2
2390 16 16 0
2389 12 10 0
2
43 165 
2
2266 18 14 0
2265 4 20 0
2
42 101 
2
2391 16 16 0
2390 18 18 0
2
43 187 
2
2267 18 14 0
2266 12 28 0
2
42 102 
2
2392 16 16 0
2391 14 8 0
2
43 190 
2
2268 18 14 0
2267 26 16 0
2
42 103 
2
2393 16 16 0
2392 14 6 0
2
43 192 
2
2269 18 14 0
2268 18 26 0
2
42 104 
2
2394 16 16 0
2393 22 26 0
2
43 193 
2
2270 18 14 0
2269 6 16 0
2
42 105 
2
2395 16 16 0
2394 20 16 0
2
43 194 
2
2271 18 14 0
2270 14 22 0
2
42 106 
2
2396 16 16 0
2395 24 20 0
2
43 195 
2
2272 18 14 0
2271 10 22 0
2
42 107 
2
2397 16 16 0
2396 30 16 0
2
43 196 
2
2273 18 14 0
2272 8 18 0
2
42 108 
2
2398 16 16 0
2397 28 10 0
2
43 197 
2
2274 18 14 0
2273 16 22 0
2
42 109 
2
2399 16 16 0
2398 26 10 0
2
43 198 
2
2275 18 14 0
2274 16 18 0
2
42 111 
2
2400 16 16 0
2399 18 6 0
2
43 199 
2
2276 18 14 0
2275 14 28 0
2
42 112 
2
2401 16 16 0
2400 30 14 0
2
43 200 
2
2277 18 14 0
2276 10 18 0
2
42 113 
2
2402 16 16 0
2401 22 4 0
2
43 201 
2
2278 18 14 0
2277 18 20 0
2
42 114 
2
2403 16 16 0
2402 30 10 0
2
43 202 
2
2279 18 14 0
2278 14 14 0
2
43 203 
2
2280 18 14 0
2279 2 14 0
2
43 204 
2
2281 18 14 0
2280 20 20 0
2
20 40 
2
2383 14 16 0
2384 10 16 0
2
21 41 
2
2259 20 14 0
2260 20 12 0
2
18 38 
2
2338 4 18 0
2339 4 16 0
2
19 39 
2
2228 20 8 0
2229 22 8 0
2
36 38 
2
2339 4 22 0
2340 4 16 0
2
37 39 
2
2229 24 4 0
2230 22 8 0
2
244 40 
2
2384 34 34 0
2385 10 16 0
2
38 40 
2
2385 4 16 0
2386 10 16 0
2
244 40 
2
2387 34 34 0
2387 10 16 0
2
18 40 
2
2387 4 18 0
2388 10 16 0
2
245 40 
2
2388 34 32 0
2389 10 16 0
2
38 40 
2
2389 4 16 0
2390 10 16 0
2
244 40 
2
2390 34 34 0
2391 10 16 0
2
244 41 
2
2260 34 34 0
2261 20 12 0
2
39 41 
2
2261 22 8 0
2262 20 12 0
2
244 41 
2
2263 34 34 0
2263 20 12 0
2
19 41 
2
2263 20 8 0
2264 20 12 0
2
246 41 
2
2264 34 30 0
2265 20 12 0
2
39 41 
2
2265 22 8 0
2266 20 12 0
2
245 41 
2
2267 34 32 0
2267 20 12 0
2
244 42 
2
2403 34 34 0
2404 16 16 0
2
40 42 
2
2404 10 16 0
2405 16 16 0
2
244 42 
2
2406 34 34 0
2406 16 16 0
2
20 42 
2
2406 14 16 0
2407 16 16 0
2
245 42 
2
2407 34 32 0
2408 16 16 0
2
40 42 
2
2408 10 16 0
2409 16 16 0
2
244 42 
2
2409 34 34 0
2410 16 16 0
2
244 43 
2
2281 34 34 0
2282 18 14 0
2
41 43 
2
2282 20 12 0
2283 18 14 0
2
244 43 
2
2284 34 34 0
2284 18 14 0
2
21 43 
2
2284 20 14 0
2285 18 14 0
2
245 43 
2
2285 34 32 0
2286 18 14 0
2
41 43 
2
2286 20 12 0
2287 18 14 0
2
244 43 
2
2287 34 34 0
2288 18 14 0
2
42 96 
2
2411 16 16 0
2410 16 4 0
2
43 145 
2
2289 18 14 0
2288 22 10 0
2
42 97 
2
2412 16 16 0
2411 12 14 0
2
43 146 
2
2290 18 14 0
2289 30 12 0
2
42 98 
2
2413 16 16 0
2412 22 16 0
2
43 147 
2
2291 18 14 0
2290 4 8 0
2
43 148 
2
2292 18 14 0
2291 12 30 0
2
43 165 
2
2293 18 14 0
2292 4 20 0
2
43 187 
2
2294 18 14 0
2293 12 28 0
2
43 190 
2
2295 18 14 0
2294 26 16 0
2
43 192 
2
2296 18 14 0
2295 18 26 0
2
43 193 
2
2297 18 14 0
2296 6 16 0
2
43 194 
2
2298 18 14 0
2297 14 22 0
2
43 195 
2
2299 18 14 0
2298 10 22 0
2
43 196 
2
2300 18 14 0
2299 8 18 0
2
43 197 
2
2301 18 14 0
2300 16 22 0
2
43 198 
2
2302 18 14 0
2301 16 18 0
2
43 199 
2
2303 18 14 0
2302 14 28 0
2
43 200 
2
2304 18 14 0
2303 10 18 0
2
43 201 
2
2305 18 14 0
2304 18 20 0
2
43 202 
2
2306 18 14 0
2305 14 14 0
2
43 203 
2
2307 18 14 0
2306 2 14 0
2
43 204 
2
2308 18 14 0
2307 20 20 0
2
43 205 
2
2309 18 14 0
2308 18 10 0
2
40 42 
2
2413 10 16 0
2414 16 16 0
2
41 43 
2
2309 20 12 0
2310 18 14 0
2
42 96 
2
2415 16 16 0
2414 16 4 0
2
43 145 
2
2311 18 14 0
2310 22 10 0
2
42 97 
2
2416 16 16 0
2415 12 14 0
2
43 146 
2
2312 18 14 0
2311 30 12 0
2
42 98 
2
2417 16 16 0
2416 22 16 0
2
43 147 
2
2313 18 14 0
2312 4 8 0
2
43 148 
2
2314 18 14 0
2313 12 30 0
2
43 165 
2
2315 18 14 0
2314 4 20 0
2
43 187 
2
2316 18 14 0
2315 12 28 0
2
43 190 
2
2317 18 14 0
2316 26 16 0
2
43 192 
2
2318 18 14 0
2317 18 26 0
2
43 193 
2
2319 18 14 0
2318 6 16 0
2
43 194 
2
2320 18 14 0
2319 14 22 0
2
43 195 
2
2321 18 14 0
2320 10 22 0
2
43 196 
2
2322 18 14 0
2321 8 18 0
2
43 197 
2
2323 18 14 0
2322 16 22 0
2
43 198 
2
2324 18 14 0
2323 16 18 0
2
43 199 
2
2325 18 14 0
2324 14 28 0
2
43 200 
2
2326 18 14 0
2325 10 18 0
2
43 201 
2
2327 18 14 0
2326 18 20 0
2
43 202 
2
2328 18 14 0
2327 14 14 0
2
43 203 
2
2329 18 14 0
2328 2 14 0
2
43 204 
2
2330 18 14 0
2329 20 20 0
2
43 205 
2
2331 18 14 0
2330 18 10 0
2
20 40 
2
2413 14 16 0
2414 10 16 0
2
21 41 
2
2309 20 14 0
2310 20 12 0
2
38 40 
2
2414 4 16 0
2415 10 16 0
2
39 41 
2
2310 22 8 0
2311 20 12 0
2
244 42 
2
2418 34 34 0
2418 16 16 0
2
40 42 
2
2418 10 16 0
2419 16 16 0
2
245 42 
2
2419 34 32 0
2420 16 16 0
2
20 42 
2
2420 14 16 0
2421 16 16 0
2
244 42 
2
2421 34 34 0
2422 16 16 0
2
40 42 
2
2422 10 16 0
2423 16 16 0
2
244 42 
2
2424 34 34 0
2424 16 16 0
2
244 43 
2
2331 34 34 0
2332 18 14 0
2
41 43 
2
2332 20 12 0
2333 18 14 0
2
244 43 
2
2334 34 34 0
2334 18 14 0
2
21 43 
2
2334 20 14 0
2335 18 14 0
2
245 43 
2
2335 34 32 0
2336 18 14 0
2
41 43 
2
2336 20 12 0
2337 18 14 0
2
244 43 
2
2337 34 34 0
2338 18 14 0
2
42 97 
2
2425 16 16 0
2424 12 14 0
2
43 204 
2
2339 18 14 0
2338 20 20 0
2
42 98 
2
2426 16 16 0
2425 22 16 0
2
43 205 
2
2340 18 14 0
2339 18 10 0
2
42 99 
2
2427 16 16 0
2426 18 24 0
2
43 206 
2
2341 18 14 0
2340 26 24 0
2
40 42 
2
2427 10 16 0
2428 16 16 0
2
41 43 
2
2341 20 12 0
2342 18 14 0
2
42 97 
2
2429 16 16 0
2428 12 14 0
2
43 204 
2
2343 18 14 0
2342 20 20 0
2
42 98 
2
2430 16 16 0
2429 22 16 0
2
43 205 
2
2344 18 14 0
2343 18 10 0
2
42 99 
2
2431 16 16 0
2430 18 24 0
2
43 206 
2
2345 18 14 0
2344 26 24 0
2
20 40 
2
2427 14 16 0
2428 10 16 0
2
21 41 
2
2341 20 14 0
2342 20 12 0
2
18 38 
2
2414 4 18 0
2415 4 16 0
2
19 39 
2
2310 20 8 0
2311 22 8 0
2
16 36 
2
2339 4 24 0
2340 4 22 0
2
17 37 
2
2229 26 4 0
2230 24 4 0
2
34 36 
2
2340 2 24 0
2341 4 22 0
2
35 37 
2
2230 28 2 0
2231 24 4 0
2
244 38 
2
2415 34 34 0
2416 4 16 0
2
36 38 
2
2416 4 22 0
2417 4 16 0
2
246 38 
2
2417 34 30 0
2418 4 16 0
2
16 38 
2
2418 4 24 0
2419 4 16 0
2
246 38 
2
2420 34 30 0
2420 4 16 0
2
36 38 
2
2420 4 22 0
2421 4 16 0
2
245 38 
2
2422 34 32 0
2422 4 16 0
2
245 39 
2
2311 34 32 0
2312 22 8 0
2
37 39 
2
2312 24 4 0
2313 22 8 0
2
245 39 
2
2314 34 32 0
2314 22 8 0
2
17 39 
2
2314 26 4 0
2315 22 8 0
2
247 39 
2
2315 34 28 0
2316 22 8 0
2
37 39 
2
2316 24 4 0
2317 22 8 0
2
245 39 
2
2317 34 32 0
2318 22 8 0
2
244 40 
2
2428 34 34 0
2429 10 16 0
2
38 40 
2
2429 4 16 0
2430 10 16 0
2
244 40 
2
2431 34 34 0
2431 10 16 0
2
18 40 
2
2431 4 18 0
2432 10 16 0
2
246 40 
2
2432 34 30 0
2433 10 16 0
2
38 40 
2
2433 4 16 0
2434 10 16 0
2
244 40 
2
2434 34 34 0
2435 10 16 0
2
244 41 
2
2342 34 34 0
2343 20 12 0
2
39 41 
2
2343 22 8 0
2344 20 12 0
2
244 41 
2
2345 34 34 0
2345 20 12 0
2
19 41 
2
2345 20 8 0
2346 20 12 0
2
245 41 
2
2347 34 32 0
2347 20 12 0
2
39 41 
2
2347 22 8 0
2348 20 12 0
2
244 41 
2
2348 34 34 0
2349 20 12 0
2
245 42 
2
2431 34 32 0
2432 16 16 0
2
40 42 
2
2436 10 16 0
2435 16 16 0
2
245 42 
2
2435 34 32 0
2436 16 16 0
2
20 42 
2
2436 14 16 0
2437 16 16 0
2
244 42 
2
2437 34 34 0
2438 16 16 0
2
40 42 
2
2438 10 16 0
2439 16 16 0
2
244 42 
2
2440 34 34 0
2440 16 16 0
2
246 43 
2
2345 34 30 0
2346 18 14 0
2
41 43 
2
2350 20 12 0
2349 18 14 0
2
245 43 
2
2350 34 32 0
2350 18 14 0
2
21 43 
2
2350 20 14 0
2351 18 14 0
2
246 43 
2
2351 34 30 0
2352 18 14 0
2
41 43 
2
2352 20 12 0
2353 18 14 0
2
244 43 
2
2354 34 34 0
2354 18 14 0
2
42 96 
2
2441 16 16 0
2440 16 4 0
2
43 205 
2
2355 18 14 0
2354 18 10 0
2
42 97 
2
2442 16 16 0
2441 12 14 0
2
43 206 
2
2356 18 14 0
2355 26 24 0
2
42 98 
2
2443 16 16 0
2442 22 16 0
2
43 207 
2
2357 18 14 0
2356 4 10 0
2
42 99 
2
2444 16 16 0
2443 18 24 0
2
42 100 
2
2445 16 16 0
2444 12 10 0
2
42 101 
2
2446 16 16 0
2445 18 18 0
2
42 102 
2
2447 16 16 0
2446 14 8 0
2
42 103 
2
2448 16 16 0
2447 14 6 0
2
42 104 
2
2449 16 16 0
2448 22 26 0
2
42 105 
2
2450 16 16 0
2449 20 16 0
2
42 106 
2
2451 16 16 0
2450 24 20 0
2
42 107 
2
2452 16 16 0
2451 30 16 0
2
42 108 
2
2453 16 16 0
2452 28 10 0
2
42 109 
2
2454 16 16 0
2453 26 10 0
2
42 111 
2
2455 16 16 0
2454 18 6 0
2
42 112 
2
2456 16 16 0
2455 30 14 0
2
42 113 
2
2457 16 16 0
2456 22 4 0
2
42 114 
2
2458 16 16 0
2457 30 10 0
2
42 115 
2
2459 16 16 0
2458 2 10 0
2
42 116 
2
2460 16 16 0
2459 8 8 0
2
42 117 
2
2461 16 16 0
2460 12 8 0
2
40 42 
2
2461 10 16 0
2462 16 16 0
2
41 43 
2
2357 20 12 0
2358 18 14 0
2
42 96 
2
2463 16 16 0
2462 16 4 0
2
43 205 
2
2359 18 14 0
2358 18 10 0
2
42 97 
2
2464 16 16 0
2463 12 14 0
2
43 206 
2
2360 18 14 0
2359 26 24 0
2
42 98 
2
2465 16 16 0
2464 22 16 0
2
43 207 
2
2361 18 14 0
2360 4 10 0
2
42 99 
2
2466 16 16 0
2465 18 24 0
2
42 100 
2
2467 16 16 0
2466 12 10 0
2
42 101 
2
2468 16 16 0
2467 18 18 0
2
42 102 
2
2469 16 16 0
2468 14 8 0
2
42 103 
2
2470 16 16 0
2469 14 6 0
2
42 104 
2
2471 16 16 0
2470 22 26 0
2
42 105 
2
2472 16 16 0
2471 20 16 0
2
42 106 
2
2473 16 16 0
2472 24 20 0
2
42 107 
2
2474 16 16 0
2473 30 16 0
2
42 108 
2
2475 16 16 0
2474 28 10 0
2
42 109 
2
2476 16 16 0
2475 26 10 0
2
42 111 
2
2477 16 16 0
2476 18 6 0
2
42 112 
2
2478 16 16 0
2477 30 14 0
2
42 113 
2
2479 16 16 0
2478 22 4 0
2
42 114 
2
2480 16 16 0
2479 30 10 0
2
42 115 
2
2481 16 16 0
2480 2 10 0
2
42 116 
2
2482 16 16 0
2481 8 8 0
2
42 117 
2
2483 16 16 0
2482 12 8 0
2
20 40 
2
2461 14 16 0
2462 10 16 0
2
21 41 
2
2357 20 14 0
2358 20 12 0
2
38 40 
2
2462 4 16 0
2463 10 16 0
2
39 41 
2
2358 22 8 0
2359 20 12 0
2
245 42 
2
2483 34 32 0
2484 16 16 0
2
40 42 
2
2484 10 16 0
2485 16 16 0
2
244 42 
2
2485 34 34 0
2486 16 16 0
2
20 42 
2
2486 14 16 0
2487 16 16 0
2
244 42 
2
2488 34 34 0
2488 16 16 0
2
40 42 
2
2488 10 16 0
2489 16 16 0
2
245 42 
2
2489 34 32 0
2490 16 16 0
2
247 43 
2
2361 34 28 0
2362 18 14 0
2
41 43 
2
2362 20 12 0
2363 18 14 0
2
246 43 
2
2364 34 30 0
2364 18 14 0
2
21 43 
2
2364 20 14 0
2365 18 14 0
2
244 43 
2
2366 34 34 0
2366 18 14 0
2
41 43 
2
2366 20 12 0
2367 18 14 0
2
246 43 
2
2367 34 30 0
2368 18 14 0
2
42 97 
2
2491 16 16 0
2490 12 14 0
2
43 204 
2
2369 18 14 0
2368 20 20 0
2
42 98 
2
2492 16 16 0
2491 22 16 0
2
43 205 
2
2370 18 14 0
2369 18 10 0
2
42 99 
2
2493 16 16 0
2492 18 24 0
2
43 206 
2
2371 18 14 0
2370 26 24 0
2
42 100 
2
2494 16 16 0
2493 12 10 0
2
43 207 
2
2372 18 14 0
2371 4 10 0
2
42 101 
2
2495 16 16 0
2494 18 18 0
2
43 208 
2
2373 18 14 0
2372 32 16 0
2
42 102 
2
2496 16 16 0
2495 14 8 0
2
43 209 
2
2374 18 14 0
2373 2 18 0
2
42 103 
2
2497 16 16 0
2496 14 6 0
2
43 210 
2
2375 18 14 0
2374 8 24 0
2
42 104 
2
2498 16 16 0
2497 22 26 0
2
43 211 
2
2376 18 14 0
2375 6 18 0
2
42 105 
2
2499 16 16 0
2498 20 16 0
2
43 212 
2
2377 18 14 0
2376 16 24 0
2
42 106 
2
2500 16 16 0
2499 24 20 0
2
43 213 
2
2378 18 14 0
2377 16 32 0
2
42 107 
2
2501 16 16 0
2500 30 16 0
2
43 214 
2
2379 18 14 0
2378 12 20 0
2
42 108 
2
2502 16 16 0
2501 28 10 0
2
43 215 
2
2380 18 14 0
2379 18 16 0
2
42 109 
2
2503 16 16 0
2502 26 10 0
2
43 216 
2
2381 18 14 0
2380 8 20 0
2
42 111 
2
2504 16 16 0
2503 18 6 0
2
43 217 
2
2382 18 14 0
2381 14 26 0
2
42 112 
2
2505 16 16 0
2504 30 14 0
2
43 218 
2
2383 18 14 0
2382 10 24 0
2
42 113 
2
2506 16 16 0
2505 22 4 0
2
43 219 
2
2384 18 14 0
2383 24 24 0
2
42 114 
2
2507 16 16 0
2506 30 10 0
2
43 220 
2
2385 18 14 0
2384 12 24 0
2
42 115 
2
2508 16 16 0
2507 2 10 0
2
43 221 
2
2386 18 14 0
2385 6 22 0
2
42 116 
2
2509 16 16 0
2508 8 8 0
2
43 222 
2
2387 18 14 0
2386 6 14 0
2
42 117 
2
2510 16 16 0
2509 12 8 0
2
43 223 
2
2388 18 14 0
2387 14 12 0
2
42 118 
2
2511 16 16 0
2510 12 12 0
2
43 224 
2
2389 18 14 0
2388 24 12 0
2
40 42 
2
2511 10 16 0
2512 16 16 0
2
41 43 
2
2389 20 12 0
2390 18 14 0
2
42 97 
2
2513 16 16 0
2512 12 14 0
2
43 204 
2
2391 18 14 0
2390 20 20 0
2
42 98 
2
2514 16 16 0
2513 22 16 0
2
43 205 
2
2392 18 14 0
2391 18 10 0
2
42 99 
2
2515 16 16 0
2514 18 24 0
2
43 206 
2
2393 18 14 0
2392 26 24 0
2
42 100 
2
2516 16 16 0
2515 12 10 0
2
43 207 
2
2394 18 14 0
2393 4 10 0
2
42 101 
2
2517 16 16 0
2516 18 18 0
2
43 208 
2
2395 18 14 0
2394 32 16 0
2
42 102 
2
2518 16 16 0
2517 14 8 0
2
43 209 
2
2396 18 14 0
2395 2 18 0
2
42 103 
2
2519 16 16 0
2518 14 6 0
2
43 210 
2
2397 18 14 0
2396 8 24 0
2
42 104 
2
2520 16 16 0
2519 22 26 0
2
43 211 
2
2398 18 14 0
2397 6 18 0
2
42 105 
2
2521 16 16 0
2520 20 16 0
2
43 212 
2
2399 18 14 0
2398 16 24 0
2
42 106 
2
2522 16 16 0
2521 24 20 0
2
43 213 
2
2400 18 14 0
2399 16 32 0
2
42 107 
2
2523 16 16 0
2522 30 16 0
2
43 214 
2
2401 18 14 0
2400 12 20 0
2
42 108 
2
2524 16 16 0
2523 28 10 0
2
43 215 
2
2402 18 14 0
2401 18 16 0
2
42 109 
2
2525 16 16 0
2524 26 10 0
2
43 216 
2
2403 18 14 0
2402 8 20 0
2
42 111 
2
2526 16 16 0
2525 18 6 0
2
43 217 
2
2404 18 14 0
2403 14 26 0
2
42 112 
2
2527 16 16 0
2526 30 14 0
2
43 218 
2
2405 18 14 0
2404 10 24 0
2
42 113 
2
2528 16 16 0
2527 22 4 0
2
43 219 
2
2406 18 14 0
2405 24 24 0
2
42 114 
2
2529 16 16 0
2528 30 10 0
2
43 220 
2
2407 18 14 0
2406 12 24 0
2
42 115 
2
2530 16 16 0
2529 2 10 0
2
43 221 
2
2408 18 14 0
2407 6 22 0
2
42 116 
2
2531 16 16 0
2530 8 8 0
2
43 222 
2
2409 18 14 0
2408 6 14 0
2
42 117 
2
2532 16 16 0
2531 12 8 0
2
43 223 
2
2410 18 14 0
2409 14 12 0
2
42 118 
2
2533 16 16 0
2532 12 12 0
2
43 224 
2
2411 18 14 0
2410 24 12 0
2
20 40 
2
2511 14 16 0
2512 10 16 0
2
21 41 
2
2389 20 14 0
2390 20 12 0
2
18 38 
2
2462 4 18 0
2463 4 16 0
2
19 39 
2
2358 20 8 0
2359 22 8 0
2
36 38 
2
2463 4 22 0
2464 4 16 0
2
37 39 
2
2359 24 4 0
2360 22 8 0
2
244 40 
2
2512 34 34 0
2513 10 16 0
2
38 40 
2
2513 4 16 0
2514 10 16 0
2
244 40 
2
2515 34 34 0
2515 10 16 0
2
18 40 
2
2515 4 18 0
2516 10 16 0
2
245 40 
2
2516 34 32 0
2517 10 16 0
2
38 40 
2
2517 4 16 0
2518 10 16 0
2
244 40 
2
2518 34 34 0
2519 10 16 0
2
245 41 
2
2391 34 32 0
2391 20 12 0
2
39 41 
2
2391 22 8 0
2392 20 12 0
2
244 41 
2
2393 34 34 0
2393 20 12 0
2
19 41 
2
2393 20 8 0
2394 20 12 0
2
245 41 
2
2394 34 32 0
2395 20 12 0
2
39 41 
2
2395 22 8 0
2396 20 12 0
2
244 41 
2
2396 34 34 0
2397 20 12 0
2
244 42 
2
2533 34 34 0
2534 16 16 0
2
40 42 
2
2534 10 16 0
2535 16 16 0
2
244 42 
2
2536 34 34 0
2536 16 16 0
2
20 42 
2
2536 14 16 0
2537 16 16 0
2
245 42 
2
2537 34 32 0
2538 16 16 0
2
40 42 
2
2538 10 16 0
2539 16 16 0
2
244 42 
2
2539 34 34 0
2540 16 16 0
2
244 43 
2
2412 34 34 0
2412 18 14 0
2
41 43 
2
2412 20 12 0
2413 18 14 0
2
245 43 
2
2413 34 32 0
2414 18 14 0
2
21 43 
2
2414 20 14 0
2415 18 14 0
2
245 43 
2
2416 34 32 0
2416 18 14 0
2
41 43 
2
2416 20 12 0
2417 18 14 0
2
247 43 
2
2417 34 28 0
2418 18 14 0
2
42 115 
2
2541 16 16 0
2540 2 10 0
2
43 205 
2
2419 18 14 0
2418 18 10 0
2
42 116 
2
2542 16 16 0
2541 8 8 0
2
43 206 
2
2420 18 14 0
2419 26 24 0
2
42 117 
2
2543 16 16 0
2542 12 8 0
2
43 207 
2
2421 18 14 0
2420 4 10 0
2
43 208 
2
2422 18 14 0
2421 32 16 0
2
43 209 
2
2423 18 14 0
2422 2 18 0
2
43 210 
2
2424 18 14 0
2423 8 24 0
2
43 211 
2
2425 18 14 0
2424 6 18 0
2
43 212 
2
2426 18 14 0
2425 16 24 0
2
43 213 
2
2427 18 14 0
2426 16 32 0
2
43 214 
2
2428 18 14 0
2427 12 20 0
2
43 215 
2
2429 18 14 0
2428 18 16 0
2
43 216 
2
2430 18 14 0
2429 8 20 0
2
43 217 
2
2431 18 14 0
2430 14 26 0
2
43 218 
2
2432 18 14 0
2431 10 24 0
2
43 219 
2
2433 18 14 0
2432 24 24 0
2
43 220 
2
2434 18 14 0
2433 12 24 0
2
43 221 
2
2435 18 14 0
2434 6 22 0
2
43 222 
2
2436 18 14 0
2435 6 14 0
2
43 223 
2
2437 18 14 0
2436 14 12 0
2
43 224 
2
2438 18 14 0
2437 24 12 0
2
43 225 
2
2439 18 14 0
2438 20 18 0
2
40 42 
2
2543 10 16 0
2544 16 16 0
2
41 43 
2
2439 20 12 0
2440 18 14 0
2
42 115 
2
2545 16 16 0
2544 2 10 0
2
43 205 
2
2441 18 14 0
2440 18 10 0
2
42 116 
2
2546 16 16 0
2545 8 8 0
2
43 206 
2
2442 18 14 0
2441 26 24 0
2
42 117 
2
2547 16 16 0
2546 12 8 0
2
43 207 
2
2443 18 14 0
2442 4 10 0
2
43 208 
2
2444 18 14 0
2443 32 16 0
2
43 209 
2
2445 18 14 0
2444 2 18 0
2
43 210 
2
2446 18 14 0
2445 8 24 0
2
43 211 
2
2447 18 14 0
2446 6 18 0
2
43 212 
2
2448 18 14 0
2447 16 24 0
2
43 213 
2
2449 18 14 0
2448 16 32 0
2
43 214 
2
2450 18 14 0
2449 12 20 0
2
43 215 
2
2451 18 14 0
2450 18 16 0
2
43 216 
2
2452 18 14 0
2451 8 20 0
2
43 217 
2
2453 18 14 0
2452 14 26 0
2
43 218 
2
2454 18 14 0
2453 10 24 0
2
43 219 
2
2455 18 14 0
2454 24 24 0
2
43 220 
2
2456 18 14 0
2455 12 24 0
2
43 221 
2
2457 18 14 0
2456 6 22 0
2
43 222 
2
2458 18 14 0
2457 6 14 0
2
43 223 
2
2459 18 14 0
2458 14 12 0
2
43 224 
2
2460 18 14 0
2459 24 12 0
2
43 225 
2
2461 18 14 0
2460 20 18 0
2
20 40 
2
2543 14 16 0
2544 10 16 0
2
21 41 
2
2439 20 14 0
2440 20 12 0
2
38 40 
2
2544 4 16 0
2545 10 16 0
2
39 41 
2
2440 22 8 0
2441 20 12 0
2
244 42 
2
2548 34 34 0
2548 16 16 0
2
40 42 
2
2548 10 16 0
2549 16 16 0
2
245 42 
2
2549 34 32 0
2550 16 16 0
2
20 42 
2
2550 14 16 0
2551 16 16 0
2
244 42 
2
2551 34 34 0
2552 16 16 0
2
40 42 
2
2552 10 16 0
2553 16 16 0
2
244 42 
2
2554 34 34 0
2554 16 16 0
2
244 43 
2
2461 34 34 0
2462 18 14 0
2
41 43 
2
2462 20 12 0
2463 18 14 0
2
244 43 
2
2464 34 34 0
2464 18 14 0
2
21 43 
2
2464 20 14 0
2465 18 14 0
2
246 43 
2
2465 34 30 0
2466 18 14 0
2
41 43 
2
2466 20 12 0
2467 18 14 0
2
245 43 
2
2467 34 32 0
2468 18 14 0
2
42 116 
2
2555 16 16 0
2554 8 8 0
2
43 224 
2
2469 18 14 0
2468 24 12 0
2
42 117 
2
2556 16 16 0
2555 12 8 0
2
43 225 
2
2470 18 14 0
2469 20 18 0
2
42 118 
2
2557 16 16 0
2556 12 12 0
2
43 226 
2
2471 18 14 0
2470 18 32 0
2
40 42 
2
2557 10 16 0
2558 16 16 0
2
41 43 
2
2471 20 12 0
2472 18 14 0
2
42 116 
2
2559 16 16 0
2558 8 8 0
2
43 224 
2
2473 18 14 0
2472 24 12 0
2
42 117 
2
2560 16 16 0
2559 12 8 0
2
43 225 
2
2474 18 14 0
2473 20 18 0
2
42 118 
2
2561 16 16 0
2560 12 12 0
2
43 226 
2
2475 18 14 0
2474 18 32 0
2
20 40 
2
2557 14 16 0
2558 10 16 0
2
21 41 
2
2471 20 14 0
2472 20 12 0
2
18 38 
2
2544 4 18 0
2545 4 16 0
2
19 39 
2
2440 20 8 0
2441 22 8 0
2
16 36 
2
2463 4 24 0
2464 4 22 0
2
17 37 
2
2359 26 4 0
2360 24 4 0
2
14 34 
2
2340 4 26 0
2341 2 24 0
2
15 35 
2
2230 26 2 0
2231 28 2 0
2
32 34 
2
2341 2 28 0
2342 2 24 0
2
33 35 
2
2231 32 2 0
2232 28 2 0
2
245 36 
2
2464 34 32 0
2465 4 22 0
2
34 36 
2
2465 2 24 0
2466 4 22 0
2
244 36 
2
2467 34 34 0
2467 4 22 0
2
14 36 
2
2467 4 26 0
2468 4 22 0
2
246 36 
2
2468 34 30 0
2469 4 22 0
2
34 36 
2
2469 2 24 0
2470 4 22 0
2
244 36 
2
2470 34 34 0
2471 4 22 0
2
245 37 
2
2360 34 32 0
2361 24 4 0
2
35 37 
2
2361 28 2 0
2362 24 4 0
2
244 37 
2
2363 34 34 0
2363 24 4 0
2
15 37 
2
2363 26 2 0
2364 24 4 0
2
247 37 
2
2364 34 28 0
2365 24 4 0
2
35 37 
2
2365 28 2 0
2366 24 4 0
2
245 37 
2
2366 34 32 0
2367 24 4 0
2
244 38 
2
2545 34 34 0
2546 4 16 0
2
36 38 
2
2546 4 22 0
2547 4 16 0
2
246 38 
2
2547 34 30 0
2548 4 16 0
2
16 38 
2
2548 4 24 0
2549 4 16 0
2
246 38 
2
2550 34 30 0
2550 4 16 0
2
36 38 
2
2550 4 22 0
2551 4 16 0
2
245 38 
2
2552 34 32 0
2552 4 16 0
2
245 39 
2
2441 34 32 0
2442 22 8 0
2
37 39 
2
2442 24 4 0
2443 22 8 0
2
244 39 
2
2443 34 34 0
2444 22 8 0
2
17 39 
2
2444 26 4 0
2445 22 8 0
2
244 39 
2
2446 34 34 0
2446 22 8 0
2
37 39 
2
2446 24 4 0
2447 22 8 0
2
245 39 
2
2447 34 32 0
2448 22 8 0
2
244 40 
2
2558 34 34 0
2559 10 16 0
2
38 40 
2
2559 4 16 0
2560 10 16 0
2
244 40 
2
2561 34 34 0
2561 10 16 0
2
18 40 
2
2561 4 18 0
2562 10 16 0
2
246 40 
2
2562 34 30 0
2563 10 16 0
2
38 40 
2
2563 4 16 0
2564 10 16 0
2
244 40 
2
2564 34 34 0
2565 10 16 0
2
244 41 
2
2473 34 34 0
2473 20 12 0
2
39 41 
2
2473 22 8 0
2474 20 12 0
2
245 41 
2
2474 34 32 0
2475 20 12 0
2
19 41 
2
2475 20 8 0
2476 20 12 0
2
245 41 
2
2477 34 32 0
2477 20 12 0
2
39 41 
2
2477 22 8 0
2478 20 12 0
2
244 41 
2
2479 34 34 0
2479 20 12 0
2
245 42 
2
2561 34 32 0
2562 16 16 0
2
40 42 
2
2566 10 16 0
2565 16 16 0
2
245 42 
2
2565 34 32 0
2566 16 16 0
2
20 42 
2
2566 14 16 0
2567 16 16 0
2
244 42 
2
2567 34 34 0
2568 16 16 0
2
40 42 
2
2568 10 16 0
2569 16 16 0
2
244 42 
2
2570 34 34 0
2570 16 16 0
2
244 43 
2
2476 34 34 0
2476 18 14 0
2
41 43 
2
2480 20 12 0
2479 18 14 0
2
245 43 
2
2480 34 32 0
2480 18 14 0
2
21 43 
2
2480 20 14 0
2481 18 14 0
2
244 43 
2
2482 34 34 0
2482 18 14 0
2
41 43 
2
2482 20 12 0
2483 18 14 0
2
246 43 
2
2483 34 30 0
2484 18 14 0
2
42 115 
2
2571 16 16 0
2570 2 10 0
2
43 225 
2
2485 18 14 0
2484 20 18 0
2
42 116 
2
2572 16 16 0
2571 8 8 0
2
43 226 
2
2486 18 14 0
2485 18 32 0
2
42 117 
2
2573 16 16 0
2572 12 8 0
2
43 227 
2
2487 18 14 0
2486 2 12 0
2
42 118 
2
2574 16 16 0
2573 12 12 0
2
42 119 
2
2575 16 16 0
2574 22 18 0
2
42 120 
2
2576 16 16 0
2575 28 20 0
2
42 121 
2
2577 16 16 0
2576 8 14 0
2
42 122 
2
2578 16 16 0
2577 12 6 0
2
42 123 
2
2579 16 16 0
2578 22 20 0
2
42 124 
2
2580 16 16 0
2579 20 26 0
2
42 125 
2
2581 16 16 0
2580 12 16 0
2
42 126 
2
2582 16 16 0
2581 16 10 0
2
42 128 
2
2583 16 16 0
2582 16 14 0
2
42 129 
2
2584 16 16 0
2583 28 12 0
2
42 130 
2
2585 16 16 0
2584 22 6 0
2
42 131 
2
2586 16 16 0
2585 28 14 0
2
42 149 
2
2587 16 16 0
2586 20 6 0
2
42 150 
2
2588 16 16 0
2587 24 8 0
2
42 151 
2
2589 16 16 0
2588 22 2 0
2
42 152 
2
2590 16 16 0
2589 22 30 0
2
42 153 
2
2591 16 16 0
2590 24 26 0
2
40 42 
2
2591 10 16 0
2592 16 16 0
2
41 43 
2
2487 20 12 0
2488 18 14 0
2
42 115 
2
2593 16 16 0
2592 2 10 0
2
43 225 
2
2489 18 14 0
2488 20 18 0
2
42 116 
2
2594 16 16 0
2593 8 8 0
2
43 226 
2
2490 18 14 0
2489 18 32 0
2
42 117 
2
2595 16 16 0
2594 12 8 0
2
43 227 
2
2491 18 14 0
2490 2 12 0
2
42 118 
2
2596 16 16 0
2595 12 12 0
2
42 119 
2
2597 16 16 0
2596 22 18 0
2
42 120 
2
2598 16 16 0
2597 28 20 0
2
42 121 
2
2599 16 16 0
2598 8 14 0
2
42 122 
2
2600 16 16 0
2599 12 6 0
2
42 123 
2
2601 16 16 0
2600 22 20 0
2
42 124 
2
2602 16 16 0
2601 20 26 0
2
42 125 
2
2603 16 16 0
2602 12 16 0
2
42 126 
2
2604 16 16 0
2603 16 10 0
2
42 128 
2
2605 16 16 0
2604 16 14 0
2
42 129 
2
2606 16 16 0
2605 28 12 0
2
42 130 
2
2607 16 16 0
2606 22 6 0
2
42 131 
2
2608 16 16 0
2607 28 14 0
2
42 149 
2
2609 16 16 0
2608 20 6 0
2
42 150 
2
2610 16 16 0
2609 24 8 0
2
42 151 
2
2611 16 16 0
2610 22 2 0
2
42 152 
2
2612 16 16 0
2611 22 30 0
2
42 153 
2
2613 16 16 0
2612 24 26 0
2
20 40 
2
2591 14 16 0
2592 10 16 0
2
21 41 
2
2487 20 14 0
2488 20 12 0
2
38 40 
2
2592 4 16 0
2593 10 16 0
2
39 41 
2
2488 22 8 0
2489 20 12 0
2
245 42 
2
2613 34 32 0
2614 16 16 0
2
40 42 
2
2614 10 16 0
2615 16 16 0
2
244 42 
2
2615 34 34 0
2616 16 16 0
2
20 42 
2
2616 14 16 0
2617 16 16 0
2
244 42 
2
2618 34 34 0
2618 16 16 0
2
40 42 
2
2618 10 16 0
2619 16 16 0
2
245 42 
2
2619 34 32 0
2620 16 16 0
2
244 43 
2
2491 34 34 0
2492 18 14 0
2
41 43 
2
2492 20 12 0
2493 18 14 0
2
244 43 
2
2494 34 34 0
2494 18 14 0
2
21 43 
2
2494 20 14 0
2495 18 14 0
2
245 43 
2
2495 34 32 0
2496 18 14 0
2
41 43 
2
2496 20 12 0
2497 18 14 0
2
244 43 
2
2497 34 34 0
2498 18 14 0
2
42 116 
2
2621 16 16 0
2620 8 8 0
2
43 224 
2
2499 18 14 0
2498 24 12 0
2
42 117 
2
2622 16 16 0
2621 12 8 0
2
43 225 
2
2500 18 14 0
2499 20 18 0
2
42 118 
2
2623 16 16 0
2622 12 12 0
2
43 226 
2
2501 18 14 0
2500 18 32 0
2
42 119 
2
2624 16 16 0
2623 22 18 0
2
43 227 
2
2502 18 14 0
2501 2 12 0
2
42 120 
2
2625 16 16 0
2624 28 20 0
2
43 228 
2
2503 18 14 0
2502 12 2 0
2
42 121 
2
2626 16 16 0
2625 8 14 0
2
43 229 
2
2504 18 14 0
2503 2 16 0
2
42 122 
2
2627 16 16 0
2626 12 6 0
2
43 230 
2
2505 18 14 0
2504 10 8 0
2
42 123 
2
2628 16 16 0
2627 22 20 0
2
43 231 
2
2506 18 14 0
2505 14 30 0
2
42 124 
2
2629 16 16 0
2628 20 26 0
2
43 232 
2
2507 18 14 0
2506 26 22 0
2
42 125 
2
2630 16 16 0
2629 12 16 0
2
43 233 
2
2508 18 14 0
2507 8 22 0
2
42 126 
2
2631 16 16 0
2630 16 10 0
2
43 234 
2
2509 18 14 0
2508 12 22 0
2
42 128 
2
2632 16 16 0
2631 16 14 0
2
43 235 
2
2510 18 14 0
2509 14 24 0
2
42 129 
2
2633 16 16 0
2632 28 12 0
2
43 236 
2
2511 18 14 0
2510 8 10 0
2
42 130 
2
2634 16 16 0
2633 22 6 0
2
43 237 
2
2512 18 14 0
2511 20 28 0
2
42 131 
2
2635 16 16 0
2634 28 14 0
2
43 238 
2
2513 18 14 0
2512 14 10 0
2
42 149 
2
2636 16 16 0
2635 20 6 0
2
43 239 
2
2514 18 14 0
2513 16 20 0
2
42 150 
2
2637 16 16 0
2636 24 8 0
2
43 50 
2
2515 18 14 0
2514 4 12 0
2
42 151 
2
2638 16 16 0
2637 22 2 0
2
43 45 
2
2516 18 14 0
2515 16 2 0
2
42 152 
2
2639 16 16 0
2638 22 30 0
2
43 47 
2
2517 18 14 0
2516 26 12 0
2
42 153 
2
2640 16 16 0
2639 24 26 0
2
43 49 
2
2518 18 14 0
2517 32 14 0
2
42 154 
2
2641 16 16 0
2640 28 18 0
2
43 52 
2
2519 18 14 0
2518 18 4 0
2
40 42 
2
2641 10 16 0
2642 16 16 0
2
41 43 
2
2519 20 12 0
2520 18 14 0
2
42 116 
2
2643 16 16 0
2642 8 8 0
2
43 224 
2
2521 18 14 0
2520 24 12 0
2
42 117 
2
2644 16 16 0
2643 12 8 0
2
43 225 
2
2522 18 14 0
2521 20 18 0
2
42 118 
2
2645 16 16 0
2644 12 12 0
2
43 226 
2
2523 18 14 0
2522 18 32 0
2
42 119 
2
2646 16 16 0
2645 22 18 0
2
43 227 
2
2524 18 14 0
2523 2 12 0
2
42 120 
2
2647 16 16 0
2646 28 20 0
2
43 228 
2
2525 18 14 0
2524 12 2 0
2
42 121 
2
2648 16 16 0
2647 8 14 0
2
43 229 
2
2526 18 14 0
2525 2 16 0
2
42 122 
2
2649 16 16 0
2648 12 6 0
2
43 230 
2
2527 18 14 0
2526 10 8 0
2
42 123 
2
2650 16 16 0
2649 22 20 0
2
43 231 
2
2528 18 14 0
2527 14 30 0
2
42 124 
2
2651 16 16 0
2650 20 26 0
2
43 232 
2
2529 18 14 0
2528 26 22 0
2
42 125 
2
2652 16 16 0
2651 12 16 0
2
43 233 
2
2530 18 14 0
2529 8 22 0
2
42 126 
2
2653 16 16 0
2652 16 10 0
2
43 234 
2
2531 18 14 0
2530 12 22 0
2
42 128 
2
2654 16 16 0
2653 16 14 0
2
43 235 
2
2532 18 14 0
2531 14 24 0
2
42 129 
2
2655 16 16 0
2654 28 12 0
2
43 236 
2
2533 18 14 0
2532 8 10 0
2
42 130 
2
2656 16 16 0
2655 22 6 0
2
43 237 
2
2534 18 14 0
2533 20 28 0
2
42 131 
2
2657 16 16 0
2656 28 14 0
2
43 238 
2
2535 18 14 0
2534 14 10 0
2
42 149 
2
2658 16 16 0
2657 20 6 0
2
43 239 
2
2536 18 14 0
2535 16 20 0
2
42 150 
2
2659 16 16 0
2658 24 8 0
2
43 50 
2
2537 18 14 0
2536 4 12 0
2
42 151 
2
2660 16 16 0
2659 22 2 0
2
43 45 
2
2538 18 14 0
2537 16 2 0
2
42 152 
2
2661 16 16 0
2660 22 30 0
2
43 47 
2
2539 18 14 0
2538 26 12 0
2
42 153 
2
2662 16 16 0
2661 24 26 0
2
43 49 
2
2540 18 14 0
2539 32 14 0
2
42 154 
2
2663 16 16 0
2662 28 18 0
2
43 52 
2
2541 18 14 0
2540 18 4 0
2
20 40 
2
2641 14 16 0
2642 10 16 0
2
21 41 
2
2519 20 14 0
2520 20 12 0
2
18 38 
2
2592 4 18 0
2593 4 16 0
2
19 39 
2
2488 20 8 0
2489 22 8 0
2
36 38 
2
2593 4 22 0
2594 4 16 0
2
37 39 
2
2489 24 4 0
2490 22 8 0
2
244 40 
2
2642 34 34 0
2643 10 16 0
2
38 40 
2
2643 4 16 0
2644 10 16 0
2
244 40 
2
2645 34 34 0
2645 10 16 0
2
18 40 
2
2645 4 18 0
2646 10 16 0
2
245 40 
2
2646 34 32 0
2647 10 16 0
2
38 40 
2
2647 4 16 0
2648 10 16 0
2
244 40 
2
2648 34 34 0
2649 10 16 0
2
244 41 
2
2521 34 34 0
2521 20 12 0
2
39 41 
2
2521 22 8 0
2522 20 12 0
2
245 41 
2
2522 34 32 0
2523 20 12 0
2
19 41 
2
2523 20 8 0
2524 20 12 0
2
244 41 
2
2524 34 34 0
2525 20 12 0
2
39 41 
2
2525 22 8 0
2526 20 12 0
2
244 41 
2
2527 34 34 0
2527 20 12 0
2
244 42 
2
2663 34 34 0
2664 16 16 0
2
40 42 
2
2664 10 16 0
2665 16 16 0
2
244 42 
2
2666 34 34 0
2666 16 16 0
2
20 42 
2
2666 14 16 0
2667 16 16 0
2
245 42 
2
2667 34 32 0
2668 16 16 0
2
40 42 
2
2668 10 16 0
2669 16 16 0
2
244 42 
2
2669 34 34 0
2670 16 16 0
2
244 43 
2
2542 34 34 0
2542 18 14 0
2
41 43 
2
2542 20 12 0
2543 18 14 0
2
245 43 
2
2543 34 32 0
2544 18 14 0
2
21 43 
2
2544 20 14 0
2545 18 14 0
2
245 43 
2
2546 34 32 0
2546 18 14 0
2
41 43 
2
2546 20 12 0
2547 18 14 0
2
247 43 
2
2547 34 28 0
2548 18 14 0
2
42 115 
2
2671 16 16 0
2670 2 10 0
2
43 225 
2
2549 18 14 0
2548 20 18 0
2
42 116 
2
2672 16 16 0
2671 8 8 0
2
43 226 
2
2550 18 14 0
2549 18 32 0
2
42 117 
2
2673 16 16 0
2672 12 8 0
2
43 227 
2
2551 18 14 0
2550 2 12 0
2
42 118 
2
2674 16 16 0
2673 12 12 0
2
43 228 
2
2552 18 14 0
2551 12 2 0
2
42 119 
2
2675 16 16 0
2674 22 18 0
2
43 229 
2
2553 18 14 0
2552 2 16 0
2
42 120 
2
2676 16 16 0
2675 28 20 0
2
43 230 
2
2554 18 14 0
2553 10 8 0
2
42 121 
2
2677 16 16 0
2676 8 14 0
2
43 231 
2
2555 18 14 0
2554 14 30 0
2
42 122 
2
2678 16 16 0
2677 12 6 0
2
43 232 
2
2556 18 14 0
2555 26 22 0
2
42 123 
2
2679 16 16 0
2678 22 20 0
2
43 233 
2
2557 18 14 0
2556 8 22 0
2
42 124 
2
2680 16 16 0
2679 20 26 0
2
43 234 
2
2558 18 14 0
2557 12 22 0
2
42 125 
2
2681 16 16 0
2680 12 16 0
2
43 235 
2
2559 18 14 0
2558 14 24 0
2
42 126 
2
2682 16 16 0
2681 16 10 0
2
43 236 
2
2560 18 14 0
2559 8 10 0
2
42 128 
2
2683 16 16 0
2682 16 14 0
2
43 237 
2
2561 18 14 0
2560 20 28 0
2
42 129 
2
2684 16 16 0
2683 28 12 0
2
43 238 
2
2562 18 14 0
2561 14 10 0
2
42 130 
2
2685 16 16 0
2684 22 6 0
2
43 239 
2
2563 18 14 0
2562 16 20 0
2
42 131 
2
2686 16 16 0
2685 28 14 0
2
43 50 
2
2564 18 14 0
2563 4 12 0
2
42 149 
2
2687 16 16 0
2686 20 6 0
2
43 45 
2
2565 18 14 0
2564 16 2 0
2
42 150 
2
2688 16 16 0
2687 24 8 0
2
43 47 
2
2566 18 14 0
2565 26 12 0
2
42 151 
2
2689 16 16 0
2688 22 2 0
2
43 49 
2
2567 18 14 0
2566 32 14 0
2
43 52 
2
2568 18 14 0
2567 18 4 0
2
43 53 
2
2569 18 14 0
2568 18 8 0
2
40 42 
2
2689 10 16 0
2690 16 16 0
2
41 43 
2
2569 20 12 0
2570 18 14 0
2
42 115 
2
2691 16 16 0
2690 2 10 0
2
43 225 
2
2571 18 14 0
2570 20 18 0
2
42 116 
2
2692 16 16 0
2691 8 8 0
2
43 226 
2
2572 18 14 0
2571 18 32 0
2
42 117 
2
2693 16 16 0
2692 12 8 0
2
43 227 
2
2573 18 14 0
2572 2 12 0
2
42 118 
2
2694 16 16 0
2693 12 12 0
2
43 228 
2
2574 18 14 0
2573 12 2 0
2
42 119 
2
2695 16 16 0
2694 22 18 0
2
43 229 
2
2575 18 14 0
2574 2 16 0
2
42 120 
2
2696 16 16 0
2695 28 20 0
2
43 230 
2
2576 18 14 0
2575 10 8 0
2
42 121 
2
2697 16 16 0
2696 8 14 0
2
43 231 
2
2577 18 14 0
2576 14 30 0
2
42 122 
2
2698 16 16 0
2697 12 6 0
2
43 232 
2
2578 18 14 0
2577 26 22 0
2
42 123 
2
2699 16 16 0
2698 22 20 0
2
43 233 
2
2579 18 14 0
2578 8 22 0
2
42 124 
2
2700 16 16 0
2699 20 26 0
2
43 234 
2
2580 18 14 0
2579 12 22 0
2
42 125 
2
2701 16 16 0
2700 12 16 0
2
43 235 
2
2581 18 14 0
2580 14 24 0
2
42 126 
2
2702 16 16 0
2701 16 10 0
2
43 236 
2
2582 18 14 0
2581 8 10 0
2
42 128 
2
2703 16 16 0
2702 16 14 0
2
43 237 
2
2583 18 14 0
2582 20 28 0
2
42 129 
2
2704 16 16 0
2703 28 12 0
2
43 238 
2
2584 18 14 0
2583 14 10 0
2
42 130 
2
2705 16 16 0
2704 22 6 0
2
43 239 
2
2585 18 14 0
2584 16 20 0
2
42 131 
2
2706 16 16 0
2705 28 14 0
2
43 50 
2
2586 18 14 0
2585 4 12 0
2
42 149 
2
2707 16 16 0
2706 20 6 0
2
43 45 
2
2587 18 14 0
2586 16 2 0
2
42 150 
2
2708 16 16 0
2707 24 8 0
2
43 47 
2
2588 18 14 0
2587 26 12 0
2
42 151 
2
2709 16 16 0
2708 22 2 0
2
43 49 
2
2589 18 14 0
2588 32 14 0
2
43 52 
2
2590 18 14 0
2589 18 4 0
2
43 53 
2
2591 18 14 0
2590 18 8 0
2
20 40 
2
2689 14 16 0
2690 10 16 0
2
21 41 
2
2569 20 14 0
2570 20 12 0
2
38 40 
2
2690 4 16 0
2691 10 16 0
2
39 41 
2
2570 22 8 0
2571 20 12 0
2
244 42 
2
2710 34 34 0
2710 16 16 0
2
40 42 
2
2710 10 16 0
2711 16 16 0
2
245 42 
2
2711 34 32 0
2712 16 16 0
2
20 42 
2
2712 14 16 0
2713 16 16 0
2
244 42 
2
2713 34 34 0
2714 16 16 0
2
40 42 
2
2714 10 16 0
2715 16 16 0
2
244 42 
2
2716 34 34 0
2716 16 16 0
2
244 43 
2
2591 34 34 0
2592 18 14 0
2
41 43 
2
2592 20 12 0
2593 18 14 0
2
244 43 
2
2594 34 34 0
2594 18 14 0
2
21 43 
2
2594 20 14 0
2595 18 14 0
2
245 43 
2
2595 34 32 0
2596 18 14 0
2
41 43 
2
2596 20 12 0
2597 18 14 0
2
244 43 
2
2597 34 34 0
2598 18 14 0
2
42 116 
2
2717 16 16 0
2716 8 8 0
2
43 52 
2
2599 18 14 0
2598 18 4 0
2
42 117 
2
2718 16 16 0
2717 12 8 0
2
43 53 
2
2600 18 14 0
2599 18 8 0
2
42 118 
2
2719 16 16 0
2718 12 12 0
2
43 54 
2
2601 18 14 0
2600 24 6 0
2
42 119 
2
2720 16 16 0
2719 22 18 0
2
42 120 
2
2721 16 16 0
2720 28 20 0
2
42 121 
2
2722 16 16 0
2721 8 14 0
2
42 122 
2
2723 16 16 0
2722 12 6 0
2
42 123 
2
2724 16 16 0
2723 22 20 0
2
42 124 
2
2725 16 16 0
2724 20 26 0
2
42 125 
2
2726 16 16 0
2725 12 16 0
2
42 126 
2
2727 16 16 0
2726 16 10 0
2
42 128 
2
2728 16 16 0
2727 16 14 0
2
42 129 
2
2729 16 16 0
2728 28 12 0
2
42 130 
2
2730 16 16 0
2729 22 6 0
2
42 131 
2
2731 16 16 0
2730 28 14 0
2
42 149 
2
2732 16 16 0
2731 20 6 0
2
42 150 
2
2733 16 16 0
2732 24 8 0
2
42 151 
2
2734 16 16 0
2733 22 2 0
2
42 152 
2
2735 16 16 0
2734 22 30 0
2
40 42 
2
2735 10 16 0
2736 16 16 0
2
41 43 
2
2601 20 12 0
2602 18 14 0
2
42 116 
2
2737 16 16 0
2736 8 8 0
2
43 52 
2
2603 18 14 0
2602 18 4 0
2
42 117 
2
2738 16 16 0
2737 12 8 0
2
43 53 
2
2604 18 14 0
2603 18 8 0
2
42 118 
2
2739 16 16 0
2738 12 12 0
2
43 54 
2
2605 18 14 0
2604 24 6 0
2
42 119 
2
2740 16 16 0
2739 22 18 0
2
42 120 
2
2741 16 16 0
2740 28 20 0
2
42 121 
2
2742 16 16 0
2741 8 14 0
2
42 122 
2
2743 16 16 0
2742 12 6 0
2
42 123 
2
2744 16 16 0
2743 22 20 0
2
42 124 
2
2745 16 16 0
2744 20 26 0
2
42 125 
2
2746 16 16 0
2745 12 16 0
2
42 126 
2
2747 16 16 0
2746 16 10 0
2
42 128 
2
2748 16 16 0
2747 16 14 0
2
42 129 
2
2749 16 16 0
2748 28 12 0
2
42 130 
2
2750 16 16 0
2749 22 6 0
2
42 131 
2
2751 16 16 0
2750 28 14 0
2
42 149 
2
2752 16 16 0
2751 20 6 0
2
42 150 
2
2753 16 16 0
2752 24 8 0
2
42 151 
2
2754 16 16 0
2753 22 2 0
2
42 152 
2
2755 16 16 0
2754 22 30 0
2
20 40 
2
2735 14 16 0
2736 10 16 0
2
21 41 
2
2601 20 14 0
2602 20 12 0
2
18 38 
2
2690 4 18 0
2691 4 16 0
2
19 39 
2
2570 20 8 0
2571 22 8 0
2
16 36 
2
2593 4 24 0
2594 4 22 0
2
17 37 
2
2489 26 4 0
2490 24 4 0
2
34 36 
2
2594 2 24 0
2595 4 22 0
2
35 37 
2
2490 28 2 0
2491 24 4 0
2
244 38 
2
2691 34 34 0
2692 4 16 0
2
36 38 
2
2692 4 22 0
2693 4 16 0
2
244 38 
2
2694 34 34 0
2694 4 16 0
2
16 38 
2
2694 4 24 0
2695 4 16 0
2
245 38 
2
2695 34 32 0
2696 4 16 0
2
36 38 
2
2696 4 22 0
2697 4 16 0
2
244 38 
2
2697 34 34 0
2698 4 16 0
2
245 39 
2
2571 34 32 0
2572 22 8 0
2
37 39 
2
2572 24 4 0
2573 22 8 0
2
244 39 
2
2573 34 34 0
2574 22 8 0
2
17 39 
2
2574 26 4 0
2575 22 8 0
2
244 39 
2
2576 34 34 0
2576 22 8 0
2
37 39 
2
2576 24 4 0
2577 22 8 0
2
245 39 
2
2577 34 32 0
2578 22 8 0
2
246 40 
2
2736 34 30 0
2737 10 16 0
2
38 40 
2
2737 4 16 0
2738 10 16 0
2
244 40 
2
2738 34 34 0
2739 10 16 0
2
18 40 
2
2739 4 18 0
2740 10 16 0
2
244 40 
2
2741 34 34 0
2741 10 16 0
2
38 40 
2
2741 4 16 0
2742 10 16 0
2
246 40 
2
2742 34 30 0
2743 10 16 0
2
244 41 
2
2603 34 34 0
2603 20 12 0
2
39 41 
2
2603 22 8 0
2604 20 12 0
2
245 41 
2
2604 34 32 0
2605 20 12 0
2
19 41 
2
2605 20 8 0
2606 20 12 0
2
245 41 
2
2607 34 32 0
2607 20 12 0
2
39 41 
2
2607 22 8 0
2608 20 12 0
2
244 41 
2
2609 34 34 0
2609 20 12 0
2
246 42 
2
2755 34 30 0
2756 16 16 0
2
40 42 
2
2756 10 16 0
2757 16 16 0
2
245 42 
2
2758 34 32 0
2758 16 16 0
2
20 42 
2
2758 14 16 0
2759 16 16 0
2
244 42 
2
2760 34 34 0
2760 16 16 0
2
40 42 
2
2760 10 16 0
2761 16 16 0
2
245 42 
2
2761 34 32 0
2762 16 16 0
2
244 43 
2
2606 34 34 0
2606 18 14 0
2
41 43 
2
2610 20 12 0
2609 18 14 0
2
245 43 
2
2610 34 32 0
2610 18 14 0
2
21 43 
2
2610 20 14 0
2611 18 14 0
2
244 43 
2
2612 34 34 0
2612 18 14 0
2
41 43 
2
2612 20 12 0
2613 18 14 0
2
246 43 
2
2613 34 30 0
2614 18 14 0
2
42 117 
2
2763 16 16 0
2762 12 8 0
2
43 53 
2
2615 18 14 0
2614 18 8 0
2
42 118 
2
2764 16 16 0
2763 12 12 0
2
43 54 
2
2616 18 14 0
2615 24 6 0
2
42 119 
2
2765 16 16 0
2764 22 18 0
2
43 55 
2
2617 18 14 0
2616 24 2 0
2
40 42 
2
2765 10 16 0
2766 16 16 0
2
41 43 
2
2617 20 12 0
2618 18 14 0
2
42 117 
2
2767 16 16 0
2766 12 8 0
2
43 53 
2
2619 18 14 0
2618 18 8 0
2
42 118 
2
2768 16 16 0
2767 12 12 0
2
43 54 
2
2620 18 14 0
2619 24 6 0
2
42 119 
2
2769 16 16 0
2768 22 18 0
2
43 55 
2
2621 18 14 0
2620 24 2 0
2
20 40 
2
2765 14 16 0
2766 10 16 0
2
21 41 
2
2617 20 14 0
2618 20 12 0
2
38 40 
2
2766 4 16 0
2767 10 16 0
2
39 41 
2
2618 22 8 0
2619 20 12 0
2
245 42 
2
2769 34 32 0
2770 16 16 0
2
40 42 
2
2770 10 16 0
2771 16 16 0
2
245 42 
2
2772 34 32 0
2772 16 16 0
2
20 42 
2
2772 14 16 0
2773 16 16 0
2
244 42 
2
2774 34 34 0
2774 16 16 0
2
40 42 
2
2774 10 16 0
2775 16 16 0
2
246 42 
2
2775 34 30 0
2776 16 16 0
2
245 43 
2
2622 34 32 0
2622 18 14 0
2
41 43 
2
2622 20 12 0
2623 18 14 0
2
244 43 
2
2624 34 34 0
2624 18 14 0
2
21 43 
2
2624 20 14 0
2625 18 14 0
2
246 43 
2
2625 34 30 0
2626 18 14 0
2
41 43 
2
2626 20 12 0
2627 18 14 0
2
245 43 
2
2628 34 32 0
2628 18 14 0
2
42 118 
2
2777 16 16 0
2776 12 12 0
2
43 52 
2
2629 18 14 0
2628 18 4 0
2
42 119 
2
2778 16 16 0
2777 22 18 0
2
43 53 
2
2630 18 14 0
2629 18 8 0
2
42 120 
2
2779 16 16 0
2778 28 20 0
2
43 54 
2
2631 18 14 0
2630 24 6 0
2
43 55 
2
2632 18 14 0
2631 24 2 0
2
43 56 
2
2633 18 14 0
2632 32 18 0
2
43 57 
2
2634 18 14 0
2633 22 28 0
2
43 58 
2
2635 18 14 0
2634 10 10 0
2
43 59 
2
2636 18 14 0
2635 28 16 0
2
43 60 
2
2637 18 14 0
2636 16 8 0
2
43 61 
2
2638 18 14 0
2637 18 30 0
2
43 62 
2
2639 18 14 0
2638 20 24 0
2
43 63 
2
2640 18 14 0
2639 16 12 0
2
43 64 
2
2641 18 14 0
2640 16 6 0
2
43 65 
2
2642 18 14 0
2641 10 6 0
2
43 66 
2
2643 18 14 0
2642 18 22 0
2
43 67 
2
2644 18 14 0
2643 18 28 0
2
43 68 
2
2645 18 14 0
2644 18 12 0
2
43 86 
2
2646 18 14 0
2645 6 10 0
2
43 87 
2
2647 18 14 0
2646 22 14 0
2
43 89 
2
2648 18 14 0
2647 24 14 0
2
43 90 
2
2649 18 14 0
2648 20 10 0
2
40 42 
2
2779 10 16 0
2780 16 16 0
2
41 43 
2
2649 20 12 0
2650 18 14 0
2
42 118 
2
2781 16 16 0
2780 12 12 0
2
43 52 
2
2651 18 14 0
2650 18 4 0
2
42 119 
2
2782 16 16 0
2781 22 18 0
2
43 53 
2
2652 18 14 0
2651 18 8 0
2
42 120 
2
2783 16 16 0
2782 28 20 0
2
43 54 
2
2653 18 14 0
2652 24 6 0
2
43 55 
2
2654 18 14 0
2653 24 2 0
2
43 56 
2
2655 18 14 0
2654 32 18 0
2
43 57 
2
2656 18 14 0
2655 22 28 0
2
43 58 
2
2657 18 14 0
2656 10 10 0
2
43 59 
2
2658 18 14 0
2657 28 16 0
2
43 60 
2
2659 18 14 0
2658 16 8 0
2
43 61 
2
2660 18 14 0
2659 18 30 0
2
43 62 
2
2661 18 14 0
2660 20 24 0
2
43 63 
2
2662 18 14 0
2661 16 12 0
2
43 64 
2
2663 18 14 0
2662 16 6 0
2
43 65 
2
2664 18 14 0
2663 10 6 0
2
43 66 
2
2665 18 14 0
2664 18 22 0
2
43 67 
2
2666 18 14 0
2665 18 28 0
2
43 68 
2
2667 18 14 0
2666 18 12 0
2
43 86 
2
2668 18 14 0
2667 6 10 0
2
43 87 
2
2669 18 14 0
2668 22 14 0
2
43 89 
2
2670 18 14 0
2669 24 14 0
2
43 90 
2
2671 18 14 0
2670 20 10 0
2
20 40 
2
2779 14 16 0
2780 10 16 0
2
21 41 
2
2649 20 14 0
2650 20 12 0
2
18 38 
2
2766 4 18 0
2767 4 16 0
2
19 39 
2
2618 20 8 0
2619 22 8 0
2
36 38 
2
2767 4 22 0
2768 4 16 0
2
37 39 
2
2619 24 4 0
2620 22 8 0
2
244 40 
2
2780 34 34 0
2781 10 16 0
2
38 40 
2
2781 4 16 0
2782 10 16 0
2
244 40 
2
2783 34 34 0
2783 10 16 0
2
18 40 
2
2783 4 18 0
2784 10 16 0
2
247 40 
2
2784 34 28 0
2785 10 16 0
2
38 40 
2
2785 4 16 0
2786 10 16 0
2
244 40 
2
2786 34 34 0
2787 10 16 0
2
244 41 
2
2651 34 34 0
2651 20 12 0
2
39 41 
2
2651 22 8 0
2652 20 12 0
2
245 41 
2
2652 34 32 0
2653 20 12 0
2
19 41 
2
2653 20 8 0
2654 20 12 0
2
244 41 
2
2654 34 34 0
2655 20 12 0
2
39 41 
2
2655 22 8 0
2656 20 12 0
2
244 41 
2
2657 34 34 0
2657 20 12 0
2
246 42 
2
2783 34 30 0
2784 16 16 0
2
40 42 
2
2788 10 16 0
2787 16 16 0
2
246 42 
2
2787 34 30 0
2788 16 16 0
2
20 42 
2
2788 14 16 0
2789 16 16 0
2
244 42 
2
2789 34 34 0
2790 16 16 0
2
40 42 
2
2790 10 16 0
2791 16 16 0
2
244 42 
2
2792 34 34 0
2792 16 16 0
2
244 43 
2
2672 34 34 0
2672 18 14 0
2
41 43 
2
2672 20 12 0
2673 18 14 0
2
245 43 
2
2673 34 32 0
2674 18 14 0
2
21 43 
2
2674 20 14 0
2675 18 14 0
2
244 43 
2
2675 34 34 0
2676 18 14 0
2
41 43 
2
2676 20 12 0
2677 18 14 0
2
244 43 
2
2678 34 34 0
2678 18 14 0
2
42 117 
2
2793 16 16 0
2792 12 8 0
2
43 53 
2
2679 18 14 0
2678 18 8 0
2
42 118 
2
2794 16 16 0
2793 12 12 0
2
43 54 
2
2680 18 14 0
2679 24 6 0
2
42 119 
2
2795 16 16 0
2794 22 18 0
2
43 55 
2
2681 18 14 0
2680 24 2 0
2
42 120 
2
2796 16 16 0
2795 28 20 0
2
43 56 
2
2682 18 14 0
2681 32 18 0
2
42 121 
2
2797 16 16 0
2796 8 14 0
2
43 57 
2
2683 18 14 0
2682 22 28 0
2
42 122 
2
2798 16 16 0
2797 12 6 0
2
43 58 
2
2684 18 14 0
2683 10 10 0
2
42 123 
2
2799 16 16 0
2798 22 20 0
2
43 59 
2
2685 18 14 0
2684 28 16 0
2
42 124 
2
2800 16 16 0
2799 20 26 0
2
43 60 
2
2686 18 14 0
2685 16 8 0
2
42 125 
2
2801 16 16 0
2800 12 16 0
2
43 61 
2
2687 18 14 0
2686 18 30 0
2
42 126 
2
2802 16 16 0
2801 16 10 0
2
43 62 
2
2688 18 14 0
2687 20 24 0
2
42 128 
2
2803 16 16 0
2802 16 14 0
2
43 63 
2
2689 18 14 0
2688 16 12 0
2
42 129 
2
2804 16 16 0
2803 28 12 0
2
43 64 
2
2690 18 14 0
2689 16 6 0
2
42 130 
2
2805 16 16 0
2804 22 6 0
2
43 65 
2
2691 18 14 0
2690 10 6 0
2
42 131 
2
2806 16 16 0
2805 28 14 0
2
43 66 
2
2692 18 14 0
2691 18 22 0
2
42 149 
2
2807 16 16 0
2806 20 6 0
2
43 67 
2
2693 18 14 0
2692 18 28 0
2
42 150 
2
2808 16 16 0
2807 24 8 0
2
43 68 
2
2694 18 14 0
2693 18 12 0
2
42 151 
2
2809 16 16 0
2808 22 2 0
2
43 86 
2
2695 18 14 0
2694 6 10 0
2
42 152 
2
2810 16 16 0
2809 22 30 0
2
43 87 
2
2696 18 14 0
2695 22 14 0
2
42 153 
2
2811 16 16 0
2810 24 26 0
2
43 89 
2
2697 18 14 0
2696 24 14 0
2
42 154 
2
2812 16 16 0
2811 28 18 0
2
43 90 
2
2698 18 14 0
2697 20 10 0
2
42 155 
2
2813 16 16 0
2812 22 22 0
2
43 91 
2
2699 18 14 0
2698 28 8 0
2
40 42 
2
2813 10 16 0
2814 16 16 0
2
41 43 
2
2699 20 12 0
2700 18 14 0
2
42 117 
2
2815 16 16 0
2814 12 8 0
2
43 53 
2
2701 18 14 0
2700 18 8 0
2
42 118 
2
2816 16 16 0
2815 12 12 0
2
43 54 
2
2702 18 14 0
2701 24 6 0
2
42 119 
2
2817 16 16 0
2816 22 18 0
2
43 55 
2
2703 18 14 0
2702 24 2 0
2
42 120 
2
2818 16 16 0
2817 28 20 0
2
43 56 
2
2704 18 14 0
2703 32 18 0
2
42 121 
2
2819 16 16 0
2818 8 14 0
2
43 57 
2
2705 18 14 0
2704 22 28 0
2
42 122 
2
2820 16 16 0
2819 12 6 0
2
43 58 
2
2706 18 14 0
2705 10 10 0
2
42 123 
2
2821 16 16 0
2820 22 20 0
2
43 59 
2
2707 18 14 0
2706 28 16 0
2
42 124 
2
2822 16 16 0
2821 20 26 0
2
43 60 
2
2708 18 14 0
2707 16 8 0
2
42 125 
2
2823 16 16 0
2822 12 16 0
2
43 61 
2
2709 18 14 0
2708 18 30 0
2
42 126 
2
2824 16 16 0
2823 16 10 0
2
43 62 
2
2710 18 14 0
2709 20 24 0
2
42 128 
2
2825 16 16 0
2824 16 14 0
2
43 63 
2
2711 18 14 0
2710 16 12 0
2
42 129 
2
2826 16 16 0
2825 28 12 0
2
43 64 
2
2712 18 14 0
2711 16 6 0
2
42 130 
2
2827 16 16 0
2826 22 6 0
2
43 65 
2
2713 18 14 0
2712 10 6 0
2
42 131 
2
2828 16 16 0
2827 28 14 0
2
43 66 
2
2714 18 14 0
2713 18 22 0
2
42 149 
2
2829 16 16 0
2828 20 6 0
2
43 67 
2
2715 18 14 0
2714 18 28 0
2
42 150 
2
2830 16 16 0
2829 24 8 0
2
43 68 
2
2716 18 14 0
2715 18 12 0
2
42 151 
2
2831 16 16 0
2830 22 2 0
2
43 86 
2
2717 18 14 0
2716 6 10 0
2
42 152 
2
2832 16 16 0
2831 22 30 0
2
43 87 
2
2718 18 14 0
2717 22 14 0
2
42 153 
2
2833 16 16 0
2832 24 26 0
2
43 89 
2
2719 18 14 0
2718 24 14 0
2
42 154 
2
2834 16 16 0
2833 28 18 0
2
43 90 
2
2720 18 14 0
2719 20 10 0
2
42 155 
2
2835 16 16 0
2834 22 22 0
2
43 91 
2
2721 18 14 0
2720 28 8 0
2
20 40 
2
2813 14 16 0
2814 10 16 0
2
21 41 
2
2699 20 14 0
2700 20 12 0
2
38 40 
2
2814 4 16 0
2815 10 16 0
2
39 41 
2
2700 22 8 0
2701 20 12 0
2
245 42 
2
2835 34 32 0
2836 16 16 0
2
40 42 
2
2836 10 16 0
2837 16 16 0
2
244 42 
2
2837 34 34 0
2838 16 16 0
2
20 42 
2
2838 14 16 0
2839 16 16 0
2
244 42 
2
2840 34 34 0
2840 16 16 0
2
40 42 
2
2840 10 16 0
2841 16 16 0
2
245 42 
2
2841 34 32 0
2842 16 16 0
2
244 43 
2
2721 34 34 0
2722 18 14 0
2
41 43 
2
2722 20 12 0
2723 18 14 0
2
244 43 
2
2724 34 34 0
2724 18 14 0
2
21 43 
2
2724 20 14 0
2725 18 14 0
2
245 43 
2
2725 34 32 0
2726 18 14 0
2
41 43 
2
2726 20 12 0
2727 18 14 0
2
244 43 
2
2727 34 34 0
2728 18 14 0
2
42 118 
2
2843 16 16 0
2842 12 12 0
2
43 90 
2
2729 18 14 0
2728 20 10 0
2
42 119 
2
2844 16 16 0
2843 22 18 0
2
43 91 
2
2730 18 14 0
2729 28 8 0
2
42 120 
2
2845 16 16 0
2844 28 20 0
2
43 92 
2
2731 18 14 0
2730 32 12 0
2
42 121 
2
2846 16 16 0
2845 8 14 0
2
42 122 
2
2847 16 16 0
2846 12 6 0
2
42 123 
2
2848 16 16 0
2847 22 20 0
2
42 124 
2
2849 16 16 0
2848 20 26 0
2
42 125 
2
2850 16 16 0
2849 12 16 0
2
42 126 
2
2851 16 16 0
2850 16 10 0
2
42 128 
2
2852 16 16 0
2851 16 14 0
2
42 129 
2
2853 16 16 0
2852 28 12 0
2
42 130 
2
2854 16 16 0
2853 22 6 0
2
42 131 
2
2855 16 16 0
2854 28 14 0
2
42 149 
2
2856 16 16 0
2855 20 6 0
2
42 150 
2
2857 16 16 0
2856 24 8 0
2
42 151 
2
2858 16 16 0
2857 22 2 0
2
42 152 
2
2859 16 16 0
2858 22 30 0
2
42 153 
2
2860 16 16 0
2859 24 26 0
2
42 154 
2
2861 16 16 0
2860 28 18 0
2
42 155 
2
2862 16 16 0
2861 22 22 0
2
42 156 
2
2863 16 16 0
2862 26 18 0
2
40 42 
2
2863 10 16 0
2864 16 16 0
2
41 43 
2
2731 20 12 0
2732 18 14 0
2
42 118 
2
2865 16 16 0
2864 12 12 0
2
43 90 
2
2733 18 14 0
2732 20 10 0
2
42 119 
2
2866 16 16 0
2865 22 18 0
2
43 91 
2
2734 18 14 0
2733 28 8 0
2
42 120 
2
2867 16 16 0
2866 28 20 0
2
43 92 
2
2735 18 14 0
2734 32 12 0
2
42 121 
2
2868 16 16 0
2867 8 14 0
2
42 122 
2
2869 16 16 0
2868 12 6 0
2
42 123 
2
2870 16 16 0
2869 22 20 0
2
42 124 
2
2871 16 16 0
2870 20 26 0
2
42 125 
2
2872 16 16 0
2871 12 16 0
2
42 126 
2
2873 16 16 0
2872 16 10 0
2
42 128 
2
2874 16 16 0
2873 16 14 0
2
42 129 
2
2875 16 16 0
2874 28 12 0
2
42 130 
2
2876 16 16 0
2875 22 6 0
2
42 131 
2
2877 16 16 0
2876 28 14 0
2
42 149 
2
2878 16 16 0
2877 20 6 0
2
42 150 
2
2879 16 16 0
2878 24 8 0
2
42 151 
2
2880 16 16 0
2879 22 2 0
2
42 152 
2
2881 16 16 0
2880 22 30 0
2
42 153 
2
2882 16 16 0
2881 24 26 0
2
42 154 
2
2883 16 16 0
2882 28 18 0
2
42 155 
2
2884 16 16 0
2883 22 22 0
2
42 156 
2
2885 16 16 0
2884 26 18 0
2
20 40 
2
2863 14 16 0
2864 10 16 0
2
21 41 
2
2731 20 14 0
2732 20 12 0
2
18 38 
2
2814 4 18 0
2815 4 16 0
2
19 39 
2
2700 20 8 0
2701 22 8 0
2
16 36 
2
2767 4 24 0
2768 4 22 0
2
17 37 
2
2619 26 4 0
2620 24 4 0
2
14 34 
2
2594 4 26 0
2595 2 24 0
2
15 35 
2
2490 26 2 0
2491 28 2 0
2
12 32 
2
2341 2 26 0
2342 2 28 0
2
13 33 
2
2231 30 2 0
2232 32 2 0
2
30 32 
2
2342 4 28 0
2343 2 28 0
2
31 33 
2
2232 32 6 0
2233 32 2 0
2
246 34 
2
2595 34 30 0
2596 2 24 0
2
32 34 
2
2596 2 28 0
2597 2 24 0
2
245 34 
2
2598 34 32 0
2598 2 24 0
2
12 34 
2
2598 2 26 0
2599 2 24 0
2
244 34 
2
2600 34 34 0
2600 2 24 0
2
32 34 
2
2600 2 28 0
2601 2 24 0
2
245 34 
2
2601 34 32 0
2602 2 24 0
2
245 35 
2
2492 34 32 0
2492 28 2 0
2
33 35 
2
2492 32 2 0
2493 28 2 0
2
246 35 
2
2493 34 30 0
2494 28 2 0
2
13 35 
2
2494 30 2 0
2495 28 2 0
2
246 35 
2
2496 34 30 0
2496 28 2 0
2
33 35 
2
2496 32 2 0
2497 28 2 0
2
245 35 
2
2498 34 32 0
2498 28 2 0
2
244 36 
2
2768 34 34 0
2769 4 22 0
2
34 36 
2
2769 2 24 0
2770 4 22 0
2
244 36 
2
2771 34 34 0
2771 4 22 0
2
14 36 
2
2771 4 26 0
2772 4 22 0
2
246 36 
2
2772 34 30 0
2773 4 22 0
2
34 36 
2
2773 2 24 0
2774 4 22 0
2
245 36 
2
2775 34 32 0
2775 4 22 0
2
244 37 
2
2621 34 34 0
2621 24 4 0
2
35 37 
2
2621 28 2 0
2622 24 4 0
2
246 37 
2
2622 34 30 0
2623 24 4 0
2
15 37 
2
2623 26 2 0
2624 24 4 0
2
245 37 
2
2625 34 32 0
2625 24 4 0
2
35 37 
2
2625 28 2 0
2626 24 4 0
2
244 37 
2
2627 34 34 0
2627 24 4 0
2
244 38 
2
2815 34 34 0
2816 4 16 0
2
36 38 
2
2816 4 22 0
2817 4 16 0
2
244 38 
2
2818 34 34 0
2818 4 16 0
2
16 38 
2
2818 4 24 0
2819 4 16 0
2
245 38 
2
2819 34 32 0
2820 4 16 0
2
36 38 
2
2820 4 22 0
2821 4 16 0
2
244 38 
2
2821 34 34 0
2822 4 16 0
2
244 39 
2
2701 34 34 0
2702 22 8 0
2
37 39 
2
2702 24 4 0
2703 22 8 0
2
244 39 
2
2704 34 34 0
2704 22 8 0
2
17 39 
2
2704 26 4 0
2705 22 8 0
2
245 39 
2
2705 34 32 0
2706 22 8 0
2
37 39 
2
2706 24 4 0
2707 22 8 0
2
244 39 
2
2707 34 34 0
2708 22 8 0
2
244 40 
2
2865 34 34 0
2865 10 16 0
2
38 40 
2
2865 4 16 0
2866 10 16 0
2
245 40 
2
2867 34 32 0
2867 10 16 0
2
18 40 
2
2867 4 18 0
2868 10 16 0
2
244 40 
2
2868 34 34 0
2869 10 16 0
2
38 40 
2
2869 4 16 0
2870 10 16 0
2
244 40 
2
2871 34 34 0
2871 10 16 0
2
244 41 
2
2732 34 34 0
2733 20 12 0
2
39 41 
2
2733 22 8 0
2734 20 12 0
2
244 41 
2
2735 34 34 0
2735 20 12 0
2
19 41 
2
2735 20 8 0
2736 20 12 0
2
247 41 
2
2736 34 28 0
2737 20 12 0
2
39 41 
2
2737 22 8 0
2738 20 12 0
2
245 41 
2
2738 34 32 0
2739 20 12 0
2
244 42 
2
2886 34 34 0
2886 16 16 0
2
40 42 
2
2886 10 16 0
2887 16 16 0
2
246 42 
2
2887 34 30 0
2888 16 16 0
2
20 42 
2
2888 14 16 0
2889 16 16 0
2
244 42 
2
2889 34 34 0
2890 16 16 0
2
40 42 
2
2890 10 16 0
2891 16 16 0
2
244 42 
2
2892 34 34 0
2892 16 16 0
2
245 43 
2
2735 34 32 0
2736 18 14 0
2
41 43 
2
2740 20 12 0
2739 18 14 0
2
246 43 
2
2739 34 30 0
2740 18 14 0
2
21 43 
2
2740 20 14 0
2741 18 14 0
2
245 43 
2
2741 34 32 0
2742 18 14 0
2
41 43 
2
2742 20 12 0
2743 18 14 0
2
244 43 
2
2744 34 34 0
2744 18 14 0
2
42 153 
2
2893 16 16 0
2892 24 26 0
2
43 91 
2
2745 18 14 0
2744 28 8 0
2
42 154 
2
2894 16 16 0
2893 28 18 0
2
43 92 
2
2746 18 14 0
2745 32 12 0
2
42 155 
2
2895 16 16 0
2894 22 22 0
2
43 93 
2
2747 18 14 0
2746 20 2 0
2
40 42 
2
2895 10 16 0
2896 16 16 0
2
41 43 
2
2747 20 12 0
2748 18 14 0
2
42 153 
2
2897 16 16 0
2896 24 26 0
2
43 91 
2
2749 18 14 0
2748 28 8 0
2
42 154 
2
2898 16 16 0
2897 28 18 0
2
43 92 
2
2750 18 14 0
2749 32 12 0
2
42 155 
2
2899 16 16 0
2898 22 22 0
2
43 93 
2
2751 18 14 0
2750 20 2 0
2
20 40 
2
2895 14 16 0
2896 10 16 0
2
21 41 
2
2747 20 14 0
2748 20 12 0
2
38 40 
2
2896 4 16 0
2897 10 16 0
2
39 41 
2
2748 22 8 0
2749 20 12 0
2
244 42 
2
2899 34 34 0
2900 16 16 0
2
40 42 
2
2900 10 16 0
2901 16 16 0
2
244 42 
2
2902 34 34 0
2902 16 16 0
2
20 42 
2
2902 14 16 0
2903 16 16 0
2
246 42 
2
2903 34 30 0
2904 16 16 0
2
40 42 
2
2904 10 16 0
2905 16 16 0
2
245 42 
2
2906 34 32 0
2906 16 16 0
2
244 43 
2
2751 34 34 0
2752 18 14 0
2
41 43 
2
2752 20 12 0
2753 18 14 0
2
244 43 
2
2754 34 34 0
2754 18 14 0
2
21 43 
2
2754 20 14 0
2755 18 14 0
2
247 43 
2
2755 34 28 0
2756 18 14 0
2
41 43 
2
2756 20 12 0
2757 18 14 0
2
246 43 
2
2758 34 30 0
2758 18 14 0
2
42 154 
2
2907 16 16 0
2906 28 18 0
2
43 90 
2
2759 18 14 0
2758 20 10 0
2
42 155 
2
2908 16 16 0
2907 22 22 0
2
43 91 
2
2760 18 14 0
2759 28 8 0
2
42 156 
2
2909 16 16 0
2908 26 18 0
2
43 92 
2
2761 18 14 0
2760 32 12 0
2
43 93 
2
2762 18 14 0
2761 20 2 0
2
43 94 
2
2763 18 14 0
2762 8 6 0
2
43 95 
2
2764 18 14 0
2763 6 12 0
2
43 96 
2
2765 18 14 0
2764 16 4 0
2
43 97 
2
2766 18 14 0
2765 12 14 0
2
43 98 
2
2767 18 14 0
2766 22 16 0
2
43 99 
2
2768 18 14 0
2767 18 24 0
2
43 100 
2
2769 18 14 0
2768 12 10 0
2
43 101 
2
2770 18 14 0
2769 18 18 0
2
43 102 
2
2771 18 14 0
2770 14 8 0
2
43 103 
2
2772 18 14 0
2771 14 6 0
2
43 104 
2
2773 18 14 0
2772 22 26 0
2
43 105 
2
2774 18 14 0
2773 20 16 0
2
43 106 
2
2775 18 14 0
2774 24 20 0
2
43 107 
2
2776 18 14 0
2775 30 16 0
2
43 108 
2
2777 18 14 0
2776 28 10 0
2
43 109 
2
2778 18 14 0
2777 26 10 0
2
43 111 
2
2779 18 14 0
2778 18 6 0
2
40 42 
2
2909 10 16 0
2910 16 16 0
2
41 43 
2
2779 20 12 0
2780 18 14 0
2
42 154 
2
2911 16 16 0
2910 28 18 0
2
43 90 
2
2781 18 14 0
2780 20 10 0
2
42 155 
2
2912 16 16 0
2911 22 22 0
2
43 91 
2
2782 18 14 0
2781 28 8 0
2
42 156 
2
2913 16 16 0
2912 26 18 0
2
43 92 
2
2783 18 14 0
2782 32 12 0
2
43 93 
2
2784 18 14 0
2783 20 2 0
2
43 94 
2
2785 18 14 0
2784 8 6 0
2
43 95 
2
2786 18 14 0
2785 6 12 0
2
43 96 
2
2787 18 14 0
2786 16 4 0
2
43 97 
2
2788 18 14 0
2787 12 14 0
2
43 98 
2
2789 18 14 0
2788 22 16 0
2
43 99 
2
2790 18 14 0
2789 18 24 0
2
43 100 
2
2791 18 14 0
2790 12 10 0
2
43 101 
2
2792 18 14 0
2791 18 18 0
2
43 102 
2
2793 18 14 0
2792 14 8 0
2
43 103 
2
2794 18 14 0
2793 14 6 0
2
43 104 
2
2795 18 14 0
2794 22 26 0
2
43 105 
2
2796 18 14 0
2795 20 16 0
2
43 106 
2
2797 18 14 0
2796 24 20 0
2
43 107 
2
2798 18 14 0
2797 30 16 0
2
43 108 
2
2799 18 14 0
2798 28 10 0
2
43 109 
2
2800 18 14 0
2799 26 10 0
2
43 111 
2
2801 18 14 0
2800 18 6 0
2
20 40 
2
2909 14 16 0
2910 10 16 0
2
21 41 
2
2779 20 14 0
2780 20 12 0
2
18 38 
2
2896 4 18 0
2897 4 16 0
2
19 39 
2
2748 20 8 0
2749 22 8 0
2
36 38 
2
2897 4 22 0
2898 4 16 0
2
37 39 
2
2749 24 4 0
2750 22 8 0
2
244 40 
2
2910 34 34 0
2911 10 16 0
2
38 40 
2
2911 4 16 0
2912 10 16 0
2
244 40 
2
2913 34 34 0
2913 10 16 0
2
18 40 
2
2913 4 18 0
2914 10 16 0
2
247 40 
2
2914 34 28 0
2915 10 16 0
2
38 40 
2
2915 4 16 0
2916 10 16 0
2
244 40 
2
2916 34 34 0
2917 10 16 0
2
245 41 
2
2780 34 32 0
2781 20 12 0
2
39 41 
2
2781 22 8 0
2782 20 12 0
2
245 41 
2
2783 34 32 0
2783 20 12 0
2
19 41 
2
2783 20 8 0
2784 20 12 0
2
248 41 
2
2784 34 26 0
2785 20 12 0
2
39 41 
2
2785 22 8 0
2786 20 12 0
2
245 41 
2
2786 34 32 0
2787 20 12 0
2
246 42 
2
2913 34 30 0
2914 16 16 0
2
40 42 
2
2918 10 16 0
2917 16 16 0
2
246 42 
2
2917 34 30 0
2918 16 16 0
2
20 42 
2
2918 14 16 0
2919 16 16 0
2
244 42 
2
2919 34 34 0
2920 16 16 0
2
40 42 
2
2920 10 16 0
2921 16 16 0
2
244 42 
2
2922 34 34 0
2922 16 16 0
2
244 43 
2
2801 34 34 0
2802 18 14 0
2
41 43 
2
2802 20 12 0
2803 18 14 0
2
244 43 
2
2804 34 34 0
2804 18 14 0
2
21 43 
2
2804 20 14 0
2805 18 14 0
2
245 43 
2
2805 34 32 0
2806 18 14 0
2
41 43 
2
2806 20 12 0
2807 18 14 0
2
244 43 
2
2807 34 34 0
2808 18 14 0
2
42 153 
2
2923 16 16 0
2922 24 26 0
2
43 91 
2
2809 18 14 0
2808 28 8 0
2
42 154 
2
2924 16 16 0
2923 28 18 0
2
43 92 
2
2810 18 14 0
2809 32 12 0
2
42 155 
2
2925 16 16 0
2924 22 22 0
2
43 93 
2
2811 18 14 0
2810 20 2 0
2
42 156 
2
2926 16 16 0
2925 26 18 0
2
43 94 
2
2812 18 14 0
2811 8 6 0
2
42 157 
2
2927 16 16 0
2926 24 16 0
2
43 95 
2
2813 18 14 0
2812 6 12 0
2
42 158 
2
2928 16 16 0
2927 4 14 0
2
43 96 
2
2814 18 14 0
2813 16 4 0
2
42 159 
2
2929 16 16 0
2928 14 4 0
2
43 97 
2
2815 18 14 0
2814 12 14 0
2
42 160 
2
2930 16 16 0
2929 10 14 0
2
43 98 
2
2816 18 14 0
2815 22 16 0
2
42 161 
2
2931 16 16 0
2930 14 2 0
2
43 99 
2
2817 18 14 0
2816 18 24 0
2
42 162 
2
2932 16 16 0
2931 30 18 0
2
43 100 
2
2818 18 14 0
2817 12 10 0
2
42 163 
2
2933 16 16 0
2932 24 22 0
2
43 101 
2
2819 18 14 0
2818 18 18 0
2
42 164 
2
2934 16 16 0
2933 26 20 0
2
43 102 
2
2820 18 14 0
2819 14 8 0
2
42 166 
2
2935 16 16 0
2934 20 22 0
2
43 103 
2
2821 18 14 0
2820 14 6 0
2
42 167 
2
2936 16 16 0
2935 22 12 0
2
43 104 
2
2822 18 14 0
2821 22 26 0
2
42 168 
2
2937 16 16 0
2936 24 10 0
2
43 105 
2
2823 18 14 0
2822 20 16 0
2
42 169 
2
2938 16 16 0
2937 18 2 0
2
43 106 
2
2824 18 14 0
2823 24 20 0
2
42 170 
2
2939 16 16 0
2938 26 14 0
2
43 107 
2
2825 18 14 0
2824 30 16 0
2
42 171 
2
2940 16 16 0
2939 20 4 0
2
43 108 
2
2826 18 14 0
2825 28 10 0
2
42 172 
2
2941 16 16 0
2940 26 8 0
2
43 109 
2
2827 18 14 0
2826 26 10 0
2
42 173 
2
2942 16 16 0
2941 26 6 0
2
43 111 
2
2828 18 14 0
2827 18 6 0
2
42 174 
2
2943 16 16 0
2942 20 32 0
2
43 112 
2
2829 18 14 0
2828 30 14 0
2
40 42 
2
2943 10 16 0
2944 16 16 0
2
41 43 
2
2829 20 12 0
2830 18 14 0
2
42 153 
2
2945 16 16 0
2944 24 26 0
2
43 91 
2
2831 18 14 0
2830 28 8 0
2
42 154 
2
2946 16 16 0
2945 28 18 0
2
43 92 
2
2832 18 14 0
2831 32 12 0
2
42 155 
2
2947 16 16 0
2946 22 22 0
2
43 93 
2
2833 18 14 0
2832 20 2 0
2
42 156 
2
2948 16 16 0
2947 26 18 0
2
43 94 
2
2834 18 14 0
2833 8 6 0
2
42 157 
2
2949 16 16 0
2948 24 16 0
2
43 95 
2
2835 18 14 0
2834 6 12 0
2
42 158 
2
2950 16 16 0
2949 4 14 0
2
43 96 
2
2836 18 14 0
2835 16 4 0
2
42 159 
2
2951 16 16 0
2950 14 4 0
2
43 97 
2
2837 18 14 0
2836 12 14 0
2
42 160 
2
2952 16 16 0
2951 10 14 0
2
43 98 
2
2838 18 14 0
2837 22 16 0
2
42 161 
2
2953 16 16 0
2952 14 2 0
2
43 99 
2
2839 18 14 0
2838 18 24 0
2
42 162 
2
2954 16 16 0
2953 30 18 0
2
43 100 
2
2840 18 14 0
2839 12 10 0
2
42 163 
2
2955 16 16 0
2954 24 22 0
2
43 101 
2
2841 18 14 0
2840 18 18 0
2
42 164 
2
2956 16 16 0
2955 26 20 0
2
43 102 
2
2842 18 14 0
2841 14 8 0
2
42 166 
2
2957 16 16 0
2956 20 22 0
2
43 103 
2
2843 18 14 0
2842 14 6 0
2
42 167 
2
2958 16 16 0
2957 22 12 0
2
43 104 
2
2844 18 14 0
2843 22 26 0
2
42 168 
2
2959 16 16 0
2958 24 10 0
2
43 105 
2
2845 18 14 0
2844 20 16 0
2
42 169 
2
2960 16 16 0
2959 18 2 0
2
43 106 
2
2846 18 14 0
2845 24 20 0
2
42 170 
2
2961 16 16 0
2960 26 14 0
2
43 107 
2
2847 18 14 0
2846 30 16 0
2
42 171 
2
2962 16 16 0
2961 20 4 0
2
43 108 
2
2848 18 14 0
2847 28 10 0
2
42 172 
2
2963 16 16 0
2962 26 8 0
2
43 109 
2
2849 18 14 0
2848 26 10 0
2
42 173 
2
2964 16 16 0
2963 26 6 0
2
43 111 
2
2850 18 14 0
2849 18 6 0
2
42 174 
2
2965 16 16 0
2964 20 32 0
2
43 112 
2
2851 18 14 0
2850 30 14 0
2
20 40 
2
2943 14 16 0
2944 10 16 0
2
21 41 
2
2829 20 14 0
2830 20 12 0
2
38 40 
2
2944 4 16 0
2945 10 16 0
2
39 41 
2
2830 22 8 0
2831 20 12 0
2
245 42 
2
2965 34 32 0
2966 16 16 0
2
40 42 
2
2966 10 16 0
2967 16 16 0
2
244 42 
2
2967 34 34 0
2968 16 16 0
2
20 42 
2
2968 14 16 0
2969 16 16 0
2
244 42 
2
2970 34 34 0
2970 16 16 0
2
40 42 
2
2970 10 16 0
2971 16 16 0
2
245 42 
2
2971 34 32 0
2972 16 16 0
2
244 43 
2
2851 34 34 0
2852 18 14 0
2
41 43 
2
2852 20 12 0
2853 18 14 0
2
244 43 
2
2854 34 34 0
2854 18 14 0
2
21 43 
2
2854 20 14 0
2855 18 14 0
2
245 43 
2
2855 34 32 0
2856 18 14 0
2
41 43 
2
2856 20 12 0
2857 18 14 0
2
244 43 
2
2857 34 34 0
2858 18 14 0
2
42 154 
2
2973 16 16 0
2972 28 18 0
2
43 111 
2
2859 18 14 0
2858 18 6 0
2
42 155 
2
2974 16 16 0
2973 22 22 0
2
43 112 
2
2860 18 14 0
2859 30 14 0
2
42 156 
2
2975 16 16 0
2974 26 18 0
2
43 113 
2
2861 18 14 0
2860 22 4 0
2
42 157 
2
2976 16 16 0
2975 24 16 0
2
42 158 
2
2977 16 16 0
2976 4 14 0
2
42 159 
2
2978 16 16 0
2977 14 4 0
2
42 160 
2
2979 16 16 0
2978 10 14 0
2
42 161 
2
2980 16 16 0
2979 14 2 0
2
42 162 
2
2981 16 16 0
2980 30 18 0
2
42 163 
2
2982 16 16 0
2981 24 22 0
2
42 164 
2
2983 16 16 0
2982 26 20 0
2
42 166 
2
2984 16 16 0
2983 20 22 0
2
42 167 
2
2985 16 16 0
2984 22 12 0
2
42 168 
2
2986 16 16 0
2985 24 10 0
2
42 169 
2
2987 16 16 0
2986 18 2 0
2
42 170 
2
2988 16 16 0
2987 26 14 0
2
42 171 
2
2989 16 16 0
2988 20 4 0
2
42 172 
2
2990 16 16 0
2989 26 8 0
2
42 173 
2
2991 16 16 0
2990 26 6 0
2
42 174 
2
2992 16 16 0
2991 20 32 0
2
42 175 
2
2993 16 16 0
2992 6 8 0
2
40 42 
2
2993 10 16 0
2994 16 16 0
2
41 43 
2
2861 20 12 0
2862 18 14 0
2
42 154 
2
2995 16 16 0
2994 28 18 0
2
43 111 
2
2863 18 14 0
2862 18 6 0
2
42 155 
2
2996 16 16 0
2995 22 22 0
2
43 112 
2
2864 18 14 0
2863 30 14 0
2
42 156 
2
2997 16 16 0
2996 26 18 0
2
43 113 
2
2865 18 14 0
2864 22 4 0
2
42 157 
2
2998 16 16 0
2997 24 16 0
2
42 158 
2
2999 16 16 0
2998 4 14 0
2
42 159 
2
3000 16 16 0
2999 14 4 0
2
42 160 
2
3001 16 16 0
3000 10 14 0
2
42 161 
2
3002 16 16 0
3001 14 2 0
2
42 162 
2
3003 16 16 0
3002 30 18 0
2
42 163 
2
3004 16 16 0
3003 24 22 0
2
42 164 
2
3005 16 16 0
3004 26 20 0
2
42 166 
2
3006 16 16 0
3005 20 22 0
2
42 167 
2
3007 16 16 0
3006 22 12 0
2
42 168 
2
3008 16 16 0
3007 24 10 0
2
42 169 
2
3009 16 16 0
3008 18 2 0
2
42 170 
2
3010 16 16 0
3009 26 14 0
2
42 171 
2
3011 16 16 0
3010 20 4 0
2
42 172 
2
3012 16 16 0
3011 26 8 0
2
42 173 
2
3013 16 16 0
3012 26 6 0
2
42 174 
2
3014 16 16 0
3013 20 32 0
2
42 175 
2
3015 16 16 0
3014 6 8 0
2
20 40 
2
2993 14 16 0
2994 10 16 0
2
21 41 
2
2861 20 14 0
2862 20 12 0
2
18 38 
2
2944 4 18 0
2945 4 16 0
2
19 39 
2
2830 20 8 0
2831 22 8 0
2
16 36 
2
2897 4 24 0
2898 4 22 0
2
17 37 
2
2749 26 4 0
2750 24 4 0
2
34 36 
2
2898 2 24 0
2899 4 22 0
2
35 37 
2
2750 28 2 0
2751 24 4 0
2
244 38 
2
2945 34 34 0
2946 4 16 0
2
36 38 
2
2946 4 22 0
2947 4 16 0
2
244 38 
2
2948 34 34 0
2948 4 16 0
2
16 38 
2
2948 4 24 0
2949 4 16 0
2
245 38 
2
2949 34 32 0
2950 4 16 0
2
36 38 
2
2950 4 22 0
2951 4 16 0
2
244 38 
2
2951 34 34 0
2952 4 16 0
2
244 39 
2
2831 34 34 0
2832 22 8 0
2
37 39 
2
2832 24 4 0
2833 22 8 0
2
244 39 
2
2834 34 34 0
2834 22 8 0
2
17 39 
2
2834 26 4 0
2835 22 8 0
2
246 39 
2
2835 34 30 0
2836 22 8 0
2
37 39 
2
2836 24 4 0
2837 22 8 0
2
245 39 
2
2838 34 32 0
2838 22 8 0
2
244 40 
2
2995 34 34 0
2995 10 16 0
2
38 40 
2
2995 4 16 0
2996 10 16 0
2
245 40 
2
2997 34 32 0
2997 10 16 0
2
18 40 
2
2997 4 18 0
2998 10 16 0
2
244 40 
2
2998 34 34 0
2999 10 16 0
2
38 40 
2
2999 4 16 0
3000 10 16 0
2
244 40 
2
3001 34 34 0
3001 10 16 0
2
244 41 
2
2862 34 34 0
2863 20 12 0
2
39 41 
2
2863 22 8 0
2864 20 12 0
2
245 41 
2
2864 34 32 0
2865 20 12 0
2
19 41 
2
2865 20 8 0
2866 20 12 0
2
247 41 
2
2866 34 28 0
2867 20 12 0
2
39 41 
2
2867 22 8 0
2868 20 12 0
2
246 41 
2
2868 34 30 0
2869 20 12 0
2
246 42 
2
3015 34 30 0
3016 16 16 0
2
40 42 
2
3016 10 16 0
3017 16 16 0
2
244 42 
2
3017 34 34 0
3018 16 16 0
2
20 42 
2
3018 14 16 0
3019 16 16 0
2
244 42 
2
3020 34 34 0
3020 16 16 0
2
40 42 
2
3020 10 16 0
3021 16 16 0
2
245 42 
2
3021 34 32 0
3022 16 16 0
2
246 43 
2
2865 34 30 0
2866 18 14 0
2
41 43 
2
2870 20 12 0
2869 18 14 0
2
245 43 
2
2870 34 32 0
2870 18 14 0
2
21 43 
2
2870 20 14 0
2871 18 14 0
2
246 43 
2
2871 34 30 0
2872 18 14 0
2
41 43 
2
2872 20 12 0
2873 18 14 0
2
244 43 
2
2874 34 34 0
2874 18 14 0
2
42 153 
2
3023 16 16 0
3022 24 26 0
2
43 112 
2
2875 18 14 0
2874 30 14 0
2
42 154 
2
3024 16 16 0
3023 28 18 0
2
43 113 
2
2876 18 14 0
2875 22 4 0
2
42 155 
2
3025 16 16 0
3024 22 22 0
2
43 114 
2
2877 18 14 0
2876 30 10 0
2
42 156 
2
3026 16 16 0
3025 26 18 0
2
42 157 
2
3027 16 16 0
3026 24 16 0
2
42 158 
2
3028 16 16 0
3027 4 14 0
2
42 159 
2
3029 16 16 0
3028 14 4 0
2
42 160 
2
3030 16 16 0
3029 10 14 0
2
42 161 
2
3031 16 16 0
3030 14 2 0
2
42 162 
2
3032 16 16 0
3031 30 18 0
2
42 163 
2
3033 16 16 0
3032 24 22 0
2
42 164 
2
3034 16 16 0
3033 26 20 0
2
42 166 
2
3035 16 16 0
3034 20 22 0
2
42 167 
2
3036 16 16 0
3035 22 12 0
2
42 168 
2
3037 16 16 0
3036 24 10 0
2
42 169 
2
3038 16 16 0
3037 18 2 0
2
42 170 
2
3039 16 16 0
3038 26 14 0
2
42 171 
2
3040 16 16 0
3039 20 4 0
2
42 172 
2
3041 16 16 0
3040 26 8 0
2
40 42 
2
3041 10 16 0
3042 16 16 0
2
41 43 
2
2877 20 12 0
2878 18 14 0
2
42 153 
2
3043 16 16 0
3042 24 26 0
2
43 112 
2
2879 18 14 0
2878 30 14 0
2
42 154 
2
3044 16 16 0
3043 28 18 0
2
43 113 
2
2880 18 14 0
2879 22 4 0
2
42 155 
2
3045 16 16 0
3044 22 22 0
2
43 114 
2
2881 18 14 0
2880 30 10 0
2
42 156 
2
3046 16 16 0
3045 26 18 0
2
42 157 
2
3047 16 16 0
3046 24 16 0
2
42 158 
2
3048 16 16 0
3047 4 14 0
2
42 159 
2
3049 16 16 0
3048 14 4 0
2
42 160 
2
3050 16 16 0
3049 10 14 0
2
42 161 
2
3051 16 16 0
3050 14 2 0
2
42 162 
2
3052 16 16 0
3051 30 18 0
2
42 163 
2
3053 16 16 0
3052 24 22 0
2
42 164 
2
3054 16 16 0
3053 26 20 0
2
42 166 
2
3055 16 16 0
3054 20 22 0
2
42 167 
2
3056 16 16 0
3055 22 12 0
2
42 168 
2
3057 16 16 0
3056 24 10 0
2
42 169 
2
3058 16 16 0
3057 18 2 0
2
42 170 
2
3059 16 16 0
3058 26 14 0
2
42 171 
2
3060 16 16 0
3059 20 4 0
2
42 172 
2
3061 16 16 0
3060 26 8 0
2
20 40 
2
3041 14 16 0
3042 10 16 0
2
21 41 
2
2877 20 14 0
2878 20 12 0
2
38 40 
2
3042 4 16 0
3043 10 16 0
2
39 41 
2
2878 22 8 0
2879 20 12 0
2
244 42 
2
3061 34 34 0
3062 16 16 0
2
40 42 
2
3062 10 16 0
3063 16 16 0
2
244 42 
2
3064 34 34 0
3064 16 16 0
2
20 42 
2
3064 14 16 0
3065 16 16 0
2
245 42 
2
3065 34 32 0
3066 16 16 0
2
40 42 
2
3066 10 16 0
3067 16 16 0
2
244 42 
2
3067 34 34 0
3068 16 16 0
2
245 43 
2
2881 34 32 0
2882 18 14 0
2
41 43 
2
2882 20 12 0
2883 18 14 0
2
245 43 
2
2884 34 32 0
2884 18 14 0
2
21 43 
2
2884 20 14 0
2885 18 14 0
2
247 43 
2
2885 34 28 0
2886 18 14 0
2
41 43 
2
2886 20 12 0
2887 18 14 0
2
247 43 
2
2888 34 28 0
2888 18 14 0
2
42 154 
2
3069 16 16 0
3068 28 18 0
2
43 111 
2
2889 18 14 0
2888 18 6 0
2
42 155 
2
3070 16 16 0
3069 22 22 0
2
43 112 
2
2890 18 14 0
2889 30 14 0
2
42 156 
2
3071 16 16 0
3070 26 18 0
2
43 113 
2
2891 18 14 0
2890 22 4 0
2
42 157 
2
3072 16 16 0
3071 24 16 0
2
43 114 
2
2892 18 14 0
2891 30 10 0
2
42 158 
2
3073 16 16 0
3072 4 14 0
2
43 115 
2
2893 18 14 0
2892 2 10 0
2
42 159 
2
3074 16 16 0
3073 14 4 0
2
43 116 
2
2894 18 14 0
2893 8 8 0
2
42 160 
2
3075 16 16 0
3074 10 14 0
2
43 117 
2
2895 18 14 0
2894 12 8 0
2
42 161 
2
3076 16 16 0
3075 14 2 0
2
43 118 
2
2896 18 14 0
2895 12 12 0
2
42 162 
2
3077 16 16 0
3076 30 18 0
2
43 119 
2
2897 18 14 0
2896 22 18 0
2
42 163 
2
3078 16 16 0
3077 24 22 0
2
43 120 
2
2898 18 14 0
2897 28 20 0
2
42 164 
2
3079 16 16 0
3078 26 20 0
2
43 121 
2
2899 18 14 0
2898 8 14 0
2
42 166 
2
3080 16 16 0
3079 20 22 0
2
43 122 
2
2900 18 14 0
2899 12 6 0
2
42 167 
2
3081 16 16 0
3080 22 12 0
2
43 123 
2
2901 18 14 0
2900 22 20 0
2
42 168 
2
3082 16 16 0
3081 24 10 0
2
43 124 
2
2902 18 14 0
2901 20 26 0
2
42 169 
2
3083 16 16 0
3082 18 2 0
2
43 125 
2
2903 18 14 0
2902 12 16 0
2
42 170 
2
3084 16 16 0
3083 26 14 0
2
43 126 
2
2904 18 14 0
2903 16 10 0
2
42 171 
2
3085 16 16 0
3084 20 4 0
2
43 128 
2
2905 18 14 0
2904 16 14 0
2
42 172 
2
3086 16 16 0
3085 26 8 0
2
43 129 
2
2906 18 14 0
2905 28 12 0
2
42 173 
2
3087 16 16 0
3086 26 6 0
2
43 130 
2
2907 18 14 0
2906 22 6 0
2
43 131 
2
2908 18 14 0
2907 28 14 0
2
43 149 
2
2909 18 14 0
2908 20 6 0
2
40 42 
2
3087 10 16 0
3088 16 16 0
2
41 43 
2
2909 20 12 0
2910 18 14 0
2
42 154 
2
3089 16 16 0
3088 28 18 0
2
43 111 
2
2911 18 14 0
2910 18 6 0
2
42 155 
2
3090 16 16 0
3089 22 22 0
2
43 112 
2
2912 18 14 0
2911 30 14 0
2
42 156 
2
3091 16 16 0
3090 26 18 0
2
43 113 
2
2913 18 14 0
2912 22 4 0
2
42 157 
2
3092 16 16 0
3091 24 16 0
2
43 114 
2
2914 18 14 0
2913 30 10 0
2
42 158 
2
3093 16 16 0
3092 4 14 0
2
43 115 
2
2915 18 14 0
2914 2 10 0
2
42 159 
2
3094 16 16 0
3093 14 4 0
2
43 116 
2
2916 18 14 0
2915 8 8 0
2
42 160 
2
3095 16 16 0
3094 10 14 0
2
43 117 
2
2917 18 14 0
2916 12 8 0
2
42 161 
2
3096 16 16 0
3095 14 2 0
2
43 118 
2
2918 18 14 0
2917 12 12 0
2
42 162 
2
3097 16 16 0
3096 30 18 0
2
43 119 
2
2919 18 14 0
2918 22 18 0
2
42 163 
2
3098 16 16 0
3097 24 22 0
2
43 120 
2
2920 18 14 0
2919 28 20 0
2
42 164 
2
3099 16 16 0
3098 26 20 0
2
43 121 
2
2921 18 14 0
2920 8 14 0
2
42 166 
2
3100 16 16 0
3099 20 22 0
2
43 122 
2
2922 18 14 0
2921 12 6 0
2
42 167 
2
3101 16 16 0
3100 22 12 0
2
43 123 
2
2923 18 14 0
2922 22 20 0
2
42 168 
2
3102 16 16 0
3101 24 10 0
2
43 124 
2
2924 18 14 0
2923 20 26 0
2
42 169 
2
3103 16 16 0
3102 18 2 0
2
43 125 
2
2925 18 14 0
2924 12 16 0
2
42 170 
2
3104 16 16 0
3103 26 14 0
2
43 126 
2
2926 18 14 0
2925 16 10 0
2
42 171 
2
3105 16 16 0
3104 20 4 0
2
43 128 
2
2927 18 14 0
2926 16 14 0
2
42 172 
2
3106 16 16 0
3105 26 8 0
2
43 129 
2
2928 18 14 0
2927 28 12 0
2
42 173 
2
3107 16 16 0
3106 26 6 0
2
43 130 
2
2929 18 14 0
2928 22 6 0
2
43 131 
2
2930 18 14 0
2929 28 14 0
2
43 149 
2
2931 18 14 0
2930 20 6 0
2
20 40 
2
3087 14 16 0
3088 10 16 0
2
21 41 
2
2909 20 14 0
2910 20 12 0
2
18 38 
2
3042 4 18 0
3043 4 16 0
2
19 39 
2
2878 20 8 0
2879 22 8 0
2
36 38 
2
3043 4 22 0
3044 4 16 0
2
37 39 
2
2879 24 4 0
2880 22 8 0
2
244 40 
2
3088 34 34 0
3089 10 16 0
2
38 40 
2
3089 4 16 0
3090 10 16 0
2
244 40 
2
3091 34 34 0
3091 10 16 0
2
18 40 
2
3091 4 18 0
3092 10 16 0
2
245 40 
2
3092 34 32 0
3093 10 16 0
2
38 40 
2
3093 4 16 0
3094 10 16 0
2
244 40 
2
3094 34 34 0
3095 10 16 0
2
245 41 
2
2910 34 32 0
2911 20 12 0
2
39 41 
2
2911 22 8 0
2912 20 12 0
2
245 41 
2
2913 34 32 0
2913 20 12 0
2
19 41 
2
2913 20 8 0
2914 20 12 0
2
248 41 
2
2914 34 26 0
2915 20 12 0
2
39 41 
2
2915 22 8 0
2916 20 12 0
2
245 41 
2
2916 34 32 0
2917 20 12 0
2
244 42 
2
3107 34 34 0
3108 16 16 0
2
40 42 
2
3108 10 16 0
3109 16 16 0
2
244 42 
2
3110 34 34 0
3110 16 16 0
2
20 42 
2
3110 14 16 0
3111 16 16 0
2
245 42 
2
3111 34 32 0
3112 16 16 0
2
40 42 
2
3112 10 16 0
3113 16 16 0
2
244 42 
2
3113 34 34 0
3114 16 16 0
2
244 43 
2
2931 34 34 0
2932 18 14 0
2
41 43 
2
2932 20 12 0
2933 18 14 0
2
244 43 
2
2934 34 34 0
2934 18 14 0
2
21 43 
2
2934 20 14 0
2935 18 14 0
2
245 43 
2
2935 34 32 0
2936 18 14 0
2
41 43 
2
2936 20 12 0
2937 18 14 0
2
244 43 
2
2937 34 34 0
2938 18 14 0
2
42 155 
2
3115 16 16 0
3114 22 22 0
2
43 112 
2
2939 18 14 0
2938 30 14 0
2
42 156 
2
3116 16 16 0
3115 26 18 0
2
43 113 
2
2940 18 14 0
2939 22 4 0
2
42 157 
2
3117 16 16 0
3116 24 16 0
2
43 114 
2
2941 18 14 0
2940 30 10 0
2
43 115 
2
2942 18 14 0
2941 2 10 0
2
43 116 
2
2943 18 14 0
2942 8 8 0
2
43 117 
2
2944 18 14 0
2943 12 8 0
2
43 118 
2
2945 18 14 0
2944 12 12 0
2
43 119 
2
2946 18 14 0
2945 22 18 0
2
43 120 
2
2947 18 14 0
2946 28 20 0
2
43 121 
2
2948 18 14 0
2947 8 14 0
2
43 122 
2
2949 18 14 0
2948 12 6 0
2
43 123 
2
2950 18 14 0
2949 22 20 0
2
43 124 
2
2951 18 14 0
2950 20 26 0
2
43 125 
2
2952 18 14 0
2951 12 16 0
2
43 126 
2
2953 18 14 0
2952 16 10 0
2
43 128 
2
2954 18 14 0
2953 16 14 0
2
43 129 
2
2955 18 14 0
2954 28 12 0
2
43 130 
2
2956 18 14 0
2955 22 6 0
2
43 131 
2
2957 18 14 0
2956 28 14 0
2
43 149 
2
2958 18 14 0
2957 20 6 0
2
43 150 
2
2959 18 14 0
2958 24 8 0
2
40 42 
2
3117 10 16 0
3118 16 16 0
2
41 43 
2
2959 20 12 0
2960 18 14 0
2
42 155 
2
3119 16 16 0
3118 22 22 0
2
43 112 
2
2961 18 14 0
2960 30 14 0
2
42 156 
2
3120 16 16 0
3119 26 18 0
2
43 113 
2
2962 18 14 0
2961 22 4 0
2
42 157 
2
3121 16 16 0
3120 24 16 0
2
43 114 
2
2963 18 14 0
2962 30 10 0
2
43 115 
2
2964 18 14 0
2963 2 10 0
2
43 116 
2
2965 18 14 0
2964 8 8 0
2
43 117 
2
2966 18 14 0
2965 12 8 0
2
43 118 
2
2967 18 14 0
2966 12 12 0
2
43 119 
2
2968 18 14 0
2967 22 18 0
2
43 120 
2
2969 18 14 0
2968 28 20 0
2
43 121 
2
2970 18 14 0
2969 8 14 0
2
43 122 
2
2971 18 14 0
2970 12 6 0
2
43 123 
2
2972 18 14 0
2971 22 20 0
2
43 124 
2
2973 18 14 0
2972 20 26 0
2
43 125 
2
2974 18 14 0
2973 12 16 0
2
43 126 
2
2975 18 14 0
2974 16 10 0
2
43 128 
2
2976 18 14 0
2975 16 14 0
2
43 129 
2
2977 18 14 0
2976 28 12 0
2
43 130 
2
2978 18 14 0
2977 22 6 0
2
43 131 
2
2979 18 14 0
2978 28 14 0
2
43 149 
2
2980 18 14 0
2979 20 6 0
2
43 150 
2
2981 18 14 0
2980 24 8 0
2
20 40 
2
3117 14 16 0
3118 10 16 0
2
21 41 
2
2959 20 14 0
2960 20 12 0
2
38 40 
2
3118 4 16 0
3119 10 16 0
2
39 41 
2
2960 22 8 0
2961 20 12 0
2
244 42 
2
3122 34 34 0
3122 16 16 0
2
40 42 
2
3122 10 16 0
3123 16 16 0
2
245 42 
2
3124 34 32 0
3124 16 16 0
2
20 42 
2
3124 14 16 0
3125 16 16 0
2
244 42 
2
3125 34 34 0
3126 16 16 0
2
40 42 
2
3126 10 16 0
3127 16 16 0
2
244 42 
2
3128 34 34 0
3128 16 16 0
2
244 43 
2
2981 34 34 0
2982 18 14 0
2
41 43 
2
2982 20 12 0
2983 18 14 0
2
244 43 
2
2984 34 34 0
2984 18 14 0
2
21 43 
2
2984 20 14 0
2985 18 14 0
2
245 43 
2
2985 34 32 0
2986 18 14 0
2
41 43 
2
2986 20 12 0
2987 18 14 0
2
244 43 
2
2987 34 34 0
2988 18 14 0
2
42 156 
2
3129 16 16 0
3128 26 18 0
2
43 149 
2
2989 18 14 0
2988 20 6 0
2
42 157 
2
3130 16 16 0
3129 24 16 0
2
43 150 
2
2990 18 14 0
2989 24 8 0
2
42 158 
2
3131 16 16 0
3130 4 14 0
2
43 151 
2
2991 18 14 0
2990 22 2 0
2
40 42 
2
3131 10 16 0
3132 16 16 0
2
41 43 
2
2991 20 12 0
2992 18 14 0
2
42 156 
2
3133 16 16 0
3132 26 18 0
2
43 149 
2
2993 18 14 0
2992 20 6 0
2
42 157 
2
3134 16 16 0
3133 24 16 0
2
43 150 
2
2994 18 14 0
2993 24 8 0
2
42 158 
2
3135 16 16 0
3134 4 14 0
2
43 151 
2
2995 18 14 0
2994 22 2 0
2
20 40 
2
3131 14 16 0
3132 10 16 0
2
21 41 
2
2991 20 14 0
2992 20 12 0
2
18 38 
2
3118 4 18 0
3119 4 16 0
2
19 39 
2
2960 20 8 0
2961 22 8 0
2
16 36 
2
3043 4 24 0
3044 4 22 0
2
17 37 
2
2879 26 4 0
2880 24 4 0
2
14 34 
2
2898 4 26 0
2899 2 24 0
2
15 35 
2
2750 26 2 0
2751 28 2 0
2
32 34 
2
2899 2 28 0
2900 2 24 0
2
33 35 
2
2751 32 2 0
2752 28 2 0
2
244 36 
2
3044 34 34 0
3045 4 22 0
2
34 36 
2
3045 2 24 0
3046 4 22 0
2
244 36 
2
3047 34 34 0
3047 4 22 0
2
14 36 
2
3047 4 26 0
3048 4 22 0
2
245 36 
2
3048 34 32 0
3049 4 22 0
2
34 36 
2
3049 2 24 0
3050 4 22 0
2
244 36 
2
3050 34 34 0
3051 4 22 0
2
244 37 
2
2880 34 34 0
2881 24 4 0
2
35 37 
2
2881 28 2 0
2882 24 4 0
2
244 37 
2
2883 34 34 0
2883 24 4 0
2
15 37 
2
2883 26 2 0
2884 24 4 0
2
246 37 
2
2884 34 30 0
2885 24 4 0
2
35 37 
2
2885 28 2 0
2886 24 4 0
2
245 37 
2
2887 34 32 0
2887 24 4 0
2
244 38 
2
3119 34 34 0
3120 4 16 0
2
36 38 
2
3120 4 22 0
3121 4 16 0
2
245 38 
2
3121 34 32 0
3122 4 16 0
2
16 38 
2
3122 4 24 0
3123 4 16 0
2
246 38 
2
3123 34 30 0
3124 4 16 0
2
36 38 
2
3124 4 22 0
3125 4 16 0
2
246 38 
2
3126 34 30 0
3126 4 16 0
2
244 39 
2
2961 34 34 0
2962 22 8 0
2
37 39 
2
2962 24 4 0
2963 22 8 0
2
244 39 
2
2964 34 34 0
2964 22 8 0
2
17 39 
2
2964 26 4 0
2965 22 8 0
2
246 39 
2
2965 34 30 0
2966 22 8 0
2
37 39 
2
2966 24 4 0
2967 22 8 0
2
245 39 
2
2968 34 32 0
2968 22 8 0
2
244 40 
2
3132 34 34 0
3133 10 16 0
2
38 40 
2
3133 4 16 0
3134 10 16 0
2
244 40 
2
3135 34 34 0
3135 10 16 0
2
18 40 
2
3135 4 18 0
3136 10 16 0
2
246 40 
2
3136 34 30 0
3137 10 16 0
2
38 40 
2
3137 4 16 0
3138 10 16 0
2
244 40 
2
3138 34 34 0
3139 10 16 0
2
244 41 
2
2992 34 34 0
2993 20 12 0
2
39 41 
2
2993 22 8 0
2994 20 12 0
2
245 41 
2
2994 34 32 0
2995 20 12 0
2
19 41 
2
2995 20 8 0
2996 20 12 0
2
247 41 
2
2996 34 28 0
2997 20 12 0
2
39 41 
2
2997 22 8 0
2998 20 12 0
2
246 41 
2
2998 34 30 0
2999 20 12 0
2
245 42 
2
3135 34 32 0
3136 16 16 0
2
40 42 
2
3140 10 16 0
3139 16 16 0
2
245 42 
2
3139 34 32 0
3140 16 16 0
2
20 42 
2
3140 14 16 0
3141 16 16 0
2
244 42 
2
3141 34 34 0
3142 16 16 0
2
40 42 
2
3142 10 16 0
3143 16 16 0
2
244 42 
2
3144 34 34 0
3144 16 16 0
2
246 43 
2
2995 34 30 0
2996 18 14 0
2
41 43 
2
3000 20 12 0
2999 18 14 0
2
245 43 
2
3000 34 32 0
3000 18 14 0
2
21 43 
2
3000 20 14 0
3001 18 14 0
2
246 43 
2
3001 34 30 0
3002 18 14 0
2
41 43 
2
3002 20 12 0
3003 18 14 0
2
244 43 
2
3004 34 34 0
3004 18 14 0
2
42 155 
2
3145 16 16 0
3144 22 22 0
2
43 150 
2
3005 18 14 0
3004 24 8 0
2
42 156 
2
3146 16 16 0
3145 26 18 0
2
43 151 
2
3006 18 14 0
3005 22 2 0
2
42 157 
2
3147 16 16 0
3146 24 16 0
2
43 152 
2
3007 18 14 0
3006 22 30 0
2
42 158 
2
3148 16 16 0
3147 4 14 0
2
42 159 
2
3149 16 16 0
3148 14 4 0
2
42 160 
2
3150 16 16 0
3149 10 14 0
2
42 161 
2
3151 16 16 0
3150 14 2 0
2
42 162 
2
3152 16 16 0
3151 30 18 0
2
42 163 
2
3153 16 16 0
3152 24 22 0
2
42 164 
2
3154 16 16 0
3153 26 20 0
2
42 166 
2
3155 16 16 0
3154 20 22 0
2
42 167 
2
3156 16 16 0
3155 22 12 0
2
42 168 
2
3157 16 16 0
3156 24 10 0
2
42 169 
2
3158 16 16 0
3157 18 2 0
2
42 170 
2
3159 16 16 0
3158 26 14 0
2
42 171 
2
3160 16 16 0
3159 20 4 0
2
42 172 
2
3161 16 16 0
3160 26 8 0
2
42 173 
2
3162 16 16 0
3161 26 6 0
2
42 174 
2
3163 16 16 0
3162 20 32 0
2
42 175 
2
3164 16 16 0
3163 6 8 0
2
42 176 
2
3165 16 16 0
3164 20 30 0
2
40 42 
2
3165 10 16 0
3166 16 16 0
2
41 43 
2
3007 20 12 0
3008 18 14 0
2
42 155 
2
3167 16 16 0
3166 22 22 0
2
43 150 
2
3009 18 14 0
3008 24 8 0
2
42 156 
2
3168 16 16 0
3167 26 18 0
2
43 151 
2
3010 18 14 0
3009 22 2 0
2
42 157 
2
3169 16 16 0
3168 24 16 0
2
43 152 
2
3011 18 14 0
3010 22 30 0
2
42 158 
2
3170 16 16 0
3169 4 14 0
2
42 159 
2
3171 16 16 0
3170 14 4 0
2
42 160 
2
3172 16 16 0
3171 10 14 0
2
42 161 
2
3173 16 16 0
3172 14 2 0
2
42 162 
2
3174 16 16 0
3173 30 18 0
2
42 163 
2
3175 16 16 0
3174 24 22 0
2
42 164 
2
3176 16 16 0
3175 26 20 0
2
42 166 
2
3177 16 16 0
3176 20 22 0
2
42 167 
2
3178 16 16 0
3177 22 12 0
2
42 168 
2
3179 16 16 0
3178 24 10 0
2
42 169 
2
3180 16 16 0
3179 18 2 0
2
42 170 
2
3181 16 16 0
3180 26 14 0
2
42 171 
2
3182 16 16 0
3181 20 4 0
2
42 172 
2
3183 16 16 0
3182 26 8 0
2
42 173 
2
3184 16 16 0
3183 26 6 0
2
42 174 
2
3185 16 16 0
3184 20 32 0
2
42 175 
2
3186 16 16 0
3185 6 8 0
2
42 176 
2
3187 16 16 0
3186 20 30 0
2
20 40 
2
3165 14 16 0
3166 10 16 0
2
21 41 
2
3007 20 14 0
3008 20 12 0
2
38 40 
2
3166 4 16 0
3167 10 16 0
2
39 41 
2
3008 22 8 0
3009 20 12 0
2
244 42 
2
3187 34 34 0
3188 16 16 0
2
40 42 
2
3188 10 16 0
3189 16 16 0
2
244 42 
2
3190 34 34 0
3190 16 16 0
2
20 42 
2
3190 14 16 0
3191 16 16 0
2
245 42 
2
3191 34 32 0
3192 16 16 0
2
40 42 
2
3192 10 16 0
3193 16 16 0
2
244 42 
2
3193 34 34 0
3194 16 16 0
2
244 43 
2
3011 34 34 0
3012 18 14 0
2
41 43 
2
3012 20 12 0
3013 18 14 0
2
244 43 
2
3014 34 34 0
3014 18 14 0
2
21 43 
2
3014 20 14 0
3015 18 14 0
2
247 43 
2
3015 34 28 0
3016 18 14 0
2
41 43 
2
3016 20 12 0
3017 18 14 0
2
245 43 
2
3017 34 32 0
3018 18 14 0
2
42 156 
2
3195 16 16 0
3194 26 18 0
2
43 149 
2
3019 18 14 0
3018 20 6 0
2
42 157 
2
3196 16 16 0
3195 24 16 0
2
43 150 
2
3020 18 14 0
3019 24 8 0
2
42 158 
2
3197 16 16 0
3196 4 14 0
2
43 151 
2
3021 18 14 0
3020 22 2 0
2
42 159 
2
3198 16 16 0
3197 14 4 0
2
43 152 
2
3022 18 14 0
3021 22 30 0
2
42 160 
2
3199 16 16 0
3198 10 14 0
2
43 153 
2
3042 18 14 0
3043 24 26 0
2
42 161 
2
3200 16 16 0
3199 14 2 0
2
43 154 
2
3088 18 14 0
3089 28 18 0
2
42 162 
2
3201 16 16 0
3200 30 18 0
2
43 155 
2
3166 18 14 0
3167 22 22 0
2
42 163 
2
3202 16 16 0
3201 24 22 0
2
43 156 
2
3194 18 14 0
3195 26 18 0
2
42 164 
2
3203 16 16 0
3202 26 20 0
2
43 157 
2
3195 18 14 0
3196 24 16 0
2
42 166 
2
3204 16 16 0
3203 20 22 0
2
43 158 
2
3196 18 14 0
3197 4 14 0
2
42 167 
2
3205 16 16 0
3204 22 12 0
2
43 159 
2
3197 18 14 0
3198 14 4 0
2
42 168 
2
3206 16 16 0
3205 24 10 0
2
43 160 
2
3198 18 14 0
3199 10 14 0
2
42 169 
2
3207 16 16 0
3206 18 2 0
2
43 161 
2
3199 18 14 0
3200 14 2 0
2
42 170 
2
3208 16 16 0
3207 26 14 0
2
43 162 
2
3200 18 14 0
3201 30 18 0
2
42 171 
2
3209 16 16 0
3208 20 4 0
2
43 163 
2
3201 18 14 0
3202 24 22 0
2
42 172 
2
3210 16 16 0
3209 26 8 0
2
43 164 
2
3202 18 14 0
3203 26 20 0
2
42 173 
2
3211 16 16 0
3210 26 6 0
2
43 166 
2
3203 18 14 0
3204 20 22 0
2
42 174 
2
3212 16 16 0
3211 20 32 0
2
43 167 
2
3204 18 14 0
3205 22 12 0
2
42 175 
2
3213 16 16 0
3212 6 8 0
2
43 168 
2
3205 18 14 0
3206 24 10 0
2
42 176 
2
3214 16 16 0
3213 20 30 0
2
43 169 
2
3206 18 14 0
3207 18 2 0
2
42 177 
2
3215 16 16 0
3214 8 4 0
2
43 170 
2
3207 18 14 0
3208 26 14 0
2
40 42 
2
3215 10 16 0
3216 16 16 0
2
41 43 
2
3207 20 12 0
3208 18 14 0
2
42 156 
2
3217 16 16 0
3216 26 18 0
2
43 149 
2
3209 18 14 0
3208 20 6 0
2
42 157 
2
3218 16 16 0
3217 24 16 0
2
43 150 
2
3210 18 14 0
3209 24 8 0
2
42 158 
2
3219 16 16 0
3218 4 14 0
2
43 151 
2
3211 18 14 0
3210 22 2 0
2
42 159 
2
3220 16 16 0
3219 14 4 0
2
43 152 
2
3212 18 14 0
3211 22 30 0
2
42 160 
2
3221 16 16 0
3220 10 14 0
2
43 153 
2
3213 18 14 0
3212 24 26 0
2
42 161 
2
3222 16 16 0
3221 14 2 0
2
43 154 
2
3214 18 14 0
3213 28 18 0
2
42 162 
2
3223 16 16 0
3222 30 18 0
2
43 155 
2
3215 18 14 0
3214 22 22 0
2
42 163 
2
3224 16 16 0
3223 24 22 0
2
43 156 
2
3216 18 14 0
3217 26 18 0
2
42 164 
2
3225 16 16 0
3224 26 20 0
2
43 157 
2
3217 18 14 0
3218 24 16 0
2
42 166 
2
3226 16 16 0
3225 20 22 0
2
43 158 
2
3218 18 14 0
3219 4 14 0
2
42 167 
2
3227 16 16 0
3226 22 12 0
2
43 159 
2
3219 18 14 0
3220 14 4 0
2
42 168 
2
3228 16 16 0
3227 24 10 0
2
43 160 
2
3220 18 14 0
3221 10 14 0
2
42 169 
2
3229 16 16 0
3228 18 2 0
2
43 161 
2
3221 18 14 0
3222 14 2 0
2
42 170 
2
3230 16 16 0
3229 26 14 0
2
43 162 
2
3222 18 14 0
3223 30 18 0
2
42 171 
2
3231 16 16 0
3230 20 4 0
2
43 163 
2
3223 18 14 0
3224 24 22 0
2
42 172 
2
3232 16 16 0
3231 26 8 0
2
43 164 
2
3224 18 14 0
3225 26 20 0
2
42 173 
2
3233 16 16 0
3232 26 6 0
2
43 166 
2
3225 18 14 0
3226 20 22 0
2
42 174 
2
3234 16 16 0
3233 20 32 0
2
43 167 
2
3226 18 14 0
3227 22 12 0
2
42 175 
2
3235 16 16 0
3234 6 8 0
2
43 168 
2
3227 18 14 0
3228 24 10 0
2
42 176 
2
3236 16 16 0
3235 20 30 0
2
43 169 
2
3228 18 14 0
3229 18 2 0
2
42 177 
2
3237 16 16 0
3236 8 4 0
2
43 170 
2
3229 18 14 0
3230 26 14 0
2
20 40 
2
3215 14 16 0
3216 10 16 0
2
21 41 
2
3207 20 14 0
3208 20 12 0
2
18 38 
2
3166 4 18 0
3167 4 16 0
2
19 39 
2
3008 20 8 0
3009 22 8 0
2
36 38 
2
3167 4 22 0
3168 4 16 0
2
37 39 
2
3009 24 4 0
3010 22 8 0
2
244 40 
2
3217 34 34 0
3217 10 16 0
2
38 40 
2
3217 4 16 0
3218 10 16 0
2
245 40 
2
3218 34 32 0
3219 10 16 0
2
18 40 
2
3219 4 18 0
3220 10 16 0
2
244 40 
2
3220 34 34 0
3221 10 16 0
2
38 40 
2
3221 4 16 0
3222 10 16 0
2
244 40 
2
3223 34 34 0
3223 10 16 0
2
244 41 
2
3208 34 34 0
3209 20 12 0
2
39 41 
2
3209 22 8 0
3210 20 12 0
2
244 41 
2
3211 34 34 0
3211 20 12 0
2
19 41 
2
3211 20 8 0
3212 20 12 0
2
245 41 
2
3212 34 32 0
3213 20 12 0
2
39 41 
2
3213 22 8 0
3214 20 12 0
2
244 41 
2
3214 34 34 0
3215 20 12 0
2
244 42 
2
3238 34 34 0
3238 16 16 0
2
40 42 
2
3238 10 16 0
3239 16 16 0
2
245 42 
2
3239 34 32 0
3240 16 16 0
2
20 42 
2
3240 14 16 0
3241 16 16 0
2
244 42 
2
3241 34 34 0
3242 16 16 0
2
40 42 
2
3242 10 16 0
3243 16 16 0
2
244 42 
2
3244 34 34 0
3244 16 16 0
2
244 43 
2
3229 34 34 0
3230 18 14 0
2
41 43 
2
3230 20 12 0
3231 18 14 0
2
244 43 
2
3232 34 34 0
3232 18 14 0
2
21 43 
2
3232 20 14 0
3233 18 14 0
2
245 43 
2
3233 34 32 0
3234 18 14 0
2
41 43 
2
3234 20 12 0
3235 18 14 0
2
244 43 
2
3235 34 34 0
3236 18 14 0
2
42 174 
2
3245 16 16 0
3244 20 32 0
2
43 150 
2
3237 18 14 0
3236 24 8 0
2
42 175 
2
3246 16 16 0
3245 6 8 0
2
43 151 
2
3238 18 14 0
3237 22 2 0
2
42 176 
2
3247 16 16 0
3246 20 30 0
2
43 152 
2
3239 18 14 0
3238 22 30 0
2
43 153 
2
3240 18 14 0
3239 24 26 0
2
43 154 
2
3241 18 14 0
3240 28 18 0
2
43 155 
2
3242 18 14 0
3241 22 22 0
2
43 156 
2
3243 18 14 0
3242 26 18 0
2
43 157 
2
3244 18 14 0
3243 24 16 0
2
43 158 
2
3245 18 14 0
3244 4 14 0
2
43 159 
2
3246 18 14 0
3245 14 4 0
2
43 160 
2
3247 18 14 0
3246 10 14 0
2
43 161 
2
3248 18 14 0
3247 14 2 0
2
43 162 
2
3249 18 14 0
3248 30 18 0
2
43 163 
2
3250 18 14 0
3249 24 22 0
2
43 164 
2
3251 18 14 0
3250 26 20 0
2
43 166 
2
3252 18 14 0
3251 20 22 0
2
43 167 
2
3253 18 14 0
3252 22 12 0
2
43 168 
2
3254 18 14 0
3253 24 10 0
2
43 169 
2
3255 18 14 0
3254 18 2 0
2
43 170 
2
3256 18 14 0
3255 26 14 0
2
43 171 
2
3257 18 14 0
3256 20 4 0
2
40 42 
2
3247 10 16 0
3248 16 16 0
2
41 43 
2
3257 20 12 0
3258 18 14 0
2
42 174 
2
3249 16 16 0
3248 20 32 0
2
43 150 
2
3259 18 14 0
3258 24 8 0
2
42 175 
2
3250 16 16 0
3249 6 8 0
2
43 151 
2
3260 18 14 0
3259 22 2 0
2
42 176 
2
3251 16 16 0
3250 20 30 0
2
43 152 
2
3261 18 14 0
3260 22 30 0
2
43 153 
2
3262 18 14 0
3261 24 26 0
2
43 154 
2
3263 18 14 0
3262 28 18 0
2
43 155 
2
3264 18 14 0
3263 22 22 0
2
43 156 
2
3265 18 14 0
3264 26 18 0
2
43 157 
2
3266 18 14 0
3265 24 16 0
2
43 158 
2
3267 18 14 0
3266 4 14 0
2
43 159 
2
3268 18 14 0
3267 14 4 0
2
43 160 
2
3269 18 14 0
3268 10 14 0
2
43 161 
2
3270 18 14 0
3269 14 2 0
2
43 162 
2
3271 18 14 0
3270 30 18 0
2
43 163 
2
3272 18 14 0
3271 24 22 0
2
43 164 
2
3273 18 14 0
3272 26 20 0
2
43 166 
2
3274 18 14 0
3273 20 22 0
2
43 167 
2
3275 18 14 0
3274 22 12 0
2
43 168 
2
3276 18 14 0
3275 24 10 0
2
43 169 
2
3277 18 14 0
3276 18 2 0
2
43 170 
2
3278 18 14 0
3277 26 14 0
2
43 171 
2
3279 18 14 0
3278 20 4 0
2
20 40 
2
3247 14 16 0
3248 10 16 0
2
21 41 
2
3257 20 14 0
3258 20 12 0
2
38 40 
2
3248 4 16 0
3249 10 16 0
2
39 41 
2
3258 22 8 0
3259 20 12 0
2
244 42 
2
3252 34 34 0
3252 16 16 0
2
40 42 
2
3252 10 16 0
3253 16 16 0
2
245 42 
2
3254 34 32 0
3254 16 16 0
2
20 42 
2
3254 14 16 0
3255 16 16 0
2
244 42 
2
3255 34 34 0
3256 16 16 0
2
40 42 
2
3256 10 16 0
3257 16 16 0
2
244 42 
2
3258 34 34 0
3258 16 16 0
2
244 43 
2
3279 34 34 0
3280 18 14 0
2
41 43 
2
3280 20 12 0
3281 18 14 0
2
244 43 
2
3282 34 34 0
3282 18 14 0
2
21 43 
2
3282 20 14 0
3283 18 14 0
2
245 43 
2
3283 34 32 0
3284 18 14 0
2
41 43 
2
3284 20 12 0
3285 18 14 0
2
244 43 
2
3285 34 34 0
3286 18 14 0
2
42 175 
2
3259 16 16 0
3258 6 8 0
2
43 170 
2
3287 18 14 0
3286 26 14 0
2
42 176 
2
3260 16 16 0
3259 20 30 0
2
43 171 
2
3288 18 14 0
3287 20 4 0
2
42 177 
2
3261 16 16 0
3260 8 4 0
2
43 172 
2
3289 18 14 0
3288 26 8 0
2
40 42 
2
3261 10 16 0
3262 16 16 0
2
41 43 
2
3289 20 12 0
3290 18 14 0
2
42 175 
2
3263 16 16 0
3262 6 8 0
2
43 170 
2
3291 18 14 0
3290 26 14 0
2
42 176 
2
3264 16 16 0
3263 20 30 0
2
43 171 
2
3292 18 14 0
3291 20 4 0
2
42 177 
2
3265 16 16 0
3264 8 4 0
2
43 172 
2
3293 18 14 0
3292 26 8 0
2
20 40 
2
3261 14 16 0
3262 10 16 0
2
21 41 
2
3289 20 14 0
3290 20 12 0
2
18 38 
2
3248 4 18 0
3249 4 16 0
2
19 39 
2
3258 20 8 0
3259 22 8 0
2
16 36 
2
3167 4 24 0
3168 4 22 0
2
17 37 
2
3009 26 4 0
3010 24 4 0
2
34 36 
2
3168 2 24 0
3169 4 22 0
2
35 37 
2
3010 28 2 0
3011 24 4 0
2
244 38 
2
3249 34 34 0
3250 4 16 0
2
36 38 
2
3250 4 22 0
3251 4 16 0
2
245 38 
2
3251 34 32 0
3252 4 16 0
2
16 38 
2
3252 4 24 0
3253 4 16 0
2
246 38 
2
3253 34 30 0
3254 4 16 0
2
36 38 
2
3254 4 22 0
3255 4 16 0
2
246 38 
2
3256 34 30 0
3256 4 16 0
2
245 39 
2
3259 34 32 0
3260 22 8 0
2
37 39 
2
3260 24 4 0
3261 22 8 0
2
244 39 
2
3261 34 34 0
3262 22 8 0
2
17 39 
2
3262 26 4 0
3263 22 8 0
2
244 39 
2
3264 34 34 0
3264 22 8 0
2
37 39 
2
3264 24 4 0
3265 22 8 0
2
247 39 
2
3265 34 28 0
3266 22 8 0
2
245 40 
2
3262 34 32 0
3263 10 16 0
2
38 40 
2
3263 4 16 0
3264 10 16 0
2
245 40 
2
3265 34 32 0
3265 10 16 0
2
18 40 
2
3265 4 18 0
3266 10 16 0
2
244 40 
2
3267 34 34 0
3267 10 16 0
2
38 40 
2
3267 4 16 0
3268 10 16 0
2
245 40 
2
3268 34 32 0
3269 10 16 0
2
244 41 
2
3290 34 34 0
3291 20 12 0
2
39 41 
2
3291 22 8 0
3292 20 12 0
2
244 41 
2
3293 34 34 0
3293 20 12 0
2
19 41 
2
3293 20 8 0
3294 20 12 0
2
246 41 
2
3294 34 30 0
3295 20 12 0
2
39 41 
2
3295 22 8 0
3296 20 12 0
2
244 41 
2
3296 34 34 0
3297 20 12 0
2
246 42 
2
3265 34 30 0
3266 16 16 0
2
40 42 
2
3270 10 16 0
3269 16 16 0
2
244 42 
2
3270 34 34 0
3270 16 16 0
2
20 42 
2
3270 14 16 0
3271 16 16 0
2
245 42 
2
3271 34 32 0
3272 16 16 0
2
40 42 
2
3272 10 16 0
3273 16 16 0
2
244 42 
2
3273 34 34 0
3274 16 16 0
2
245 43 
2
3293 34 32 0
3294 18 14 0
2
41 43 
2
3298 20 12 0
3297 18 14 0
2
246 43 
2
3297 34 30 0
3298 18 14 0
2
21 43 
2
3298 20 14 0
3299 18 14 0
2
245 43 
2
3299 34 32 0
3300 18 14 0
2
41 43 
2
3300 20 12 0
3301 18 14 0
2
244 43 
2
3302 34 34 0
3302 18 14 0
2
42 174 
2
3275 16 16 0
3274 20 32 0
2
43 171 
2
3303 18 14 0
3302 20 4 0
2
42 175 
2
3276 16 16 0
3275 6 8 0
2
43 172 
2
3304 18 14 0
3303 26 8 0
2
42 176 
2
3277 16 16 0
3276 20 30 0
2
43 173 
2
3305 18 14 0
3304 26 6 0
2
42 177 
2
3278 16 16 0
3277 8 4 0
2
42 178 
2
3279 16 16 0
3278 10 2 0
2
42 179 
2
3280 16 16 0
3279 30 22 0
2
42 180 
2
3281 16 16 0
3280 26 26 0
2
42 181 
2
3282 16 16 0
3281 32 20 0
2
42 182 
2
3283 16 16 0
3282 32 10 0
2
42 183 
2
3284 16 16 0
3283 2 8 0
2
42 184 
2
3285 16 16 0
3284 30 8 0
2
42 185 
2
3286 16 16 0
3285 24 30 0
2
42 186 
2
3287 16 16 0
3286 28 6 0
2
42 188 
2
3288 16 16 0
3287 30 6 0
2
42 189 
2
3289 16 16 0
3288 32 8 0
2
42 191 
2
3290 16 16 0
3289 28 4 0
2
42 240 
2
3291 16 16 0
3290 6 4 0
2
42 241 
2
3292 16 16 0
3291 32 22 0
2
42 242 
2
3293 16 16 0
3292 4 6 0
2
40 42 
2
3293 10 16 0
3294 16 16 0
2
41 43 
2
3305 20 12 0
3306 18 14 0
2
42 174 
2
3295 16 16 0
3294 20 32 0
2
43 171 
2
3307 18 14 0
3306 20 4 0
2
42 175 
2
3296 16 16 0
3295 6 8 0
2
43 172 
2
3308 18 14 0
3307 26 8 0
2
42 176 
2
3297 16 16 0
3296 20 30 0
2
43 173 
2
3309 18 14 0
3308 26 6 0
2
42 177 
2
3298 16 16 0
3297 8 4 0
2
42 178 
2
3299 16 16 0
3298 10 2 0
2
42 179 
2
3300 16 16 0
3299 30 22 0
2
42 180 
2
3301 16 16 0
3300 26 26 0
2
42 181 
2
3302 16 16 0
3301 32 20 0
2
42 182 
2
3303 16 16 0
3302 32 10 0
2
42 183 
2
3304 16 16 0
3303 2 8 0
2
42 184 
2
3305 16 16 0
3304 30 8 0
2
42 185 
2
3306 16 16 0
3305 24 30 0
2
42 186 
2
3307 16 16 0
3306 28 6 0
2
42 188 
2
3308 16 16 0
3307 30 6 0
2
42 189 
2
3309 16 16 0
3308 32 8 0
2
42 191 
2
3310 16 16 0
3309 28 4 0
2
42 240 
2
3311 16 16 0
3310 6 4 0
2
42 241 
2
3312 16 16 0
3311 32 22 0
2
42 242 
2
3313 16 16 0
3312 4 6 0
2
20 40 
2
3293 14 16 0
3294 10 16 0
2
21 41 
2
3305 20 14 0
3306 20 12 0
2
38 40 
2
3294 4 16 0
3295 10 16 0
2
39 41 
2
3306 22 8 0
3307 20 12 0
2
244 42 
2
3314 34 34 0
3314 16 16 0
2
40 42 
2
3314 10 16 0
3315 16 16 0
2
246 42 
2
3315 34 30 0
3316 16 16 0
2
20 42 
2
3316 14 16 0
3317 16 16 0
2
244 42 
2
3317 34 34 0
3318 16 16 0
2
40 42 
2
3318 10 16 0
3319 16 16 0
2
244 42 
2
3320 34 34 0
3320 16 16 0
2
245 43 
2
3309 34 32 0
3310 18 14 0
2
41 43 
2
3310 20 12 0
3311 18 14 0
2
245 43 
2
3312 34 32 0
3312 18 14 0
2
21 43 
2
3312 20 14 0
3313 18 14 0
2
247 43 
2
3313 34 28 0
3314 18 14 0
2
41 43 
2
3314 20 12 0
3315 18 14 0
2
247 43 
2
3316 34 28 0
3316 18 14 0
2
42 175 
2
3321 16 16 0
3320 6 8 0
2
43 170 
2
3317 18 14 0
3316 26 14 0
2
42 176 
2
3322 16 16 0
3321 20 30 0
2
43 171 
2
3318 18 14 0
3317 20 4 0
2
42 177 
2
3323 16 16 0
3322 8 4 0
2
43 172 
2
3319 18 14 0
3318 26 8 0
2
42 178 
2
3324 16 16 0
3323 10 2 0
2
43 173 
2
3320 18 14 0
3319 26 6 0
2
42 179 
2
3325 16 16 0
3324 30 22 0
2
43 174 
2
3321 18 14 0
3320 20 32 0
2
42 180 
2
3326 16 16 0
3325 26 26 0
2
43 175 
2
3322 18 14 0
3321 6 8 0
2
42 181 
2
3327 16 16 0
3326 32 20 0
2
43 176 
2
3323 18 14 0
3322 20 30 0
2
42 182 
2
3328 16 16 0
3327 32 10 0
2
43 177 
2
3324 18 14 0
3323 8 4 0
2
42 183 
2
3329 16 16 0
3328 2 8 0
2
43 178 
2
3325 18 14 0
3324 10 2 0
2
42 184 
2
3330 16 16 0
3329 30 8 0
2
43 179 
2
3326 18 14 0
3325 30 22 0
2
42 185 
2
3331 16 16 0
3330 24 30 0
2
43 180 
2
3327 18 14 0
3326 26 26 0
2
42 186 
2
3332 16 16 0
3331 28 6 0
2
43 181 
2
3328 18 14 0
3327 32 20 0
2
42 188 
2
3333 16 16 0
3332 30 6 0
2
43 182 
2
3329 18 14 0
3328 32 10 0
2
42 189 
2
3334 16 16 0
3333 32 8 0
2
43 183 
2
3330 18 14 0
3329 2 8 0
2
42 191 
2
3335 16 16 0
3334 28 4 0
2
43 184 
2
3331 18 14 0
3330 30 8 0
2
42 240 
2
3336 16 16 0
3335 6 4 0
2
43 185 
2
3332 18 14 0
3331 24 30 0
2
42 241 
2
3337 16 16 0
3336 32 22 0
2
43 186 
2
3333 18 14 0
3332 28 6 0
2
42 242 
2
3338 16 16 0
3337 4 6 0
2
43 188 
2
3334 18 14 0
3333 30 6 0
2
42 243 
2
3339 16 16 0
3338 26 28 0
2
43 189 
2
3335 18 14 0
3334 32 8 0
2
43 191 
2
3336 18 14 0
3335 28 4 0
2
43 240 
2
3337 18 14 0
3336 6 4 0
2
40 42 
2
3339 10 16 0
3340 16 16 0
2
41 43 
2
3337 20 12 0
3338 18 14 0
2
42 175 
2
3341 16 16 0
3340 6 8 0
2
43 170 
2
3339 18 14 0
3338 26 14 0
2
42 176 
2
3342 16 16 0
3341 20 30 0
2
43 171 
2
3340 18 14 0
3339 20 4 0
2
42 177 
2
3343 16 16 0
3342 8 4 0
2
43 172 
2
3341 18 14 0
3340 26 8 0
2
42 178 
2
3344 16 16 0
3343 10 2 0
2
43 173 
2
3342 18 14 0
3341 26 6 0
2
42 179 
2
3345 16 16 0
3344 30 22 0
2
43 174 
2
3343 18 14 0
3342 20 32 0
2
42 180 
2
3346 16 16 0
3345 26 26 0
2
43 175 
2
3344 18 14 0
3343 6 8 0
2
42 181 
2
3347 16 16 0
3346 32 20 0
2
43 176 
2
3345 18 14 0
3344 20 30 0
2
42 182 
2
3348 16 16 0
3347 32 10 0
2
43 177 
2
3346 18 14 0
3345 8 4 0
2
42 183 
2
3349 16 16 0
3348 2 8 0
2
43 178 
2
3347 18 14 0
3346 10 2 0
2
42 184 
2
3350 16 16 0
3349 30 8 0
2
43 179 
2
3348 18 14 0
3347 30 22 0
2
42 185 
2
3351 16 16 0
3350 24 30 0
2
43 180 
2
3349 18 14 0
3348 26 26 0
2
42 186 
2
3352 16 16 0
3351 28 6 0
2
43 181 
2
3350 18 14 0
3349 32 20 0
2
42 188 
2
3353 16 16 0
3352 30 6 0
2
43 182 
2
3351 18 14 0
3350 32 10 0
2
42 189 
2
3354 16 16 0
3353 32 8 0
2
43 183 
2
3352 18 14 0
3351 2 8 0
2
42 191 
2
3355 16 16 0
3354 28 4 0
2
43 184 
2
3353 18 14 0
3352 30 8 0
2
42 240 
2
3356 16 16 0
3355 6 4 0
2
43 185 
2
3354 18 14 0
3353 24 30 0
2
42 241 
2
3357 16 16 0
3356 32 22 0
2
43 186 
2
3355 18 14 0
3354 28 6 0
2
42 242 
2
3358 16 16 0
3357 4 6 0
2
43 188 
2
3356 18 14 0
3355 30 6 0
2
42 243 
2
3359 16 16 0
3358 26 28 0
2
43 189 
2
3357 18 14 0
3356 32 8 0
2
43 191 
2
3358 18 14 0
3357 28 4 0
2
43 240 
2
3359 18 14 0
3358 6 4 0
2
20 40 
2
3339 14 16 0
3340 10 16 0
2
21 41 
2
3337 20 14 0
3338 20 12 0
2
18 38 
2
3294 4 18 0
3295 4 16 0
2
19 39 
2
3306 20 8 0
3307 22 8 0
2
36 38 
2
3295 4 22 0
3296 4 16 0
2
37 39 
2
3307 24 4 0
3308 22 8 0
2
245 40 
2
3340 34 32 0
3341 10 16 0
2
38 40 
2
3341 4 16 0
3342 10 16 0
2
246 40 
2
3342 34 30 0
3343 10 16 0
2
18 40 
2
3343 4 18 0
3344 10 16 0
2
246 40 
2
3345 34 30 0
3345 10 16 0
2
38 40 
2
3345 4 16 0
3346 10 16 0
2
244 40 
2
3347 34 34 0
3347 10 16 0
2
244 41 
2
3338 34 34 0
3339 20 12 0
2
39 41 
2
3339 22 8 0
3340 20 12 0
2
244 41 
2
3341 34 34 0
3341 20 12 0
2
19 41 
2
3341 20 8 0
3342 20 12 0
2
245 41 
2
3343 34 32 0
3343 20 12 0
2
39 41 
2
3343 22 8 0
3344 20 12 0
2
244 41 
2
3344 34 34 0
3345 20 12 0
2
245 42 
2
3359 34 32 0
3360 16 16 0
2
40 42 
2
3360 10 16 0
3361 16 16 0
2
245 42 
2
3362 34 32 0
3362 16 16 0
2
20 42 
2
3362 14 16 0
3363 16 16 0
2
247 42 
2
3363 34 28 0
3364 16 16 0
2
40 42 
2
3364 10 16 0
3365 16 16 0
2
245 42 
2
3365 34 32 0
3366 16 16 0
2
244 43 
2
3359 34 34 0
3360 18 14 0
2
41 43 
2
3360 20 12 0
3361 18 14 0
2
244 43 
2
3362 34 34 0
3362 18 14 0
2
21 43 
2
3362 20 14 0
3363 18 14 0
2
246 43 
2
3363 34 30 0
3364 18 14 0
2
41 43 
2
3364 20 12 0
3365 18 14 0
2
244 43 
2
3365 34 34 0
3366 18 14 0
2
42 176 
2
3367 16 16 0
3366 20 30 0
2
43 171 
2
3367 18 14 0
3366 20 4 0
2
42 177 
2
3368 16 16 0
3367 8 4 0
2
43 172 
2
3368 18 14 0
3367 26 8 0
2
42 178 
2
3369 16 16 0
3368 10 2 0
2
43 173 
2
3369 18 14 0
3368 26 6 0
2
43 174 
2
3370 18 14 0
3369 20 32 0
2
43 175 
2
3371 18 14 0
3370 6 8 0
2
43 176 
2
3372 18 14 0
3371 20 30 0
2
43 177 
2
3373 18 14 0
3372 8 4 0
2
43 178 
2
3374 18 14 0
3373 10 2 0
2
43 179 
2
3375 18 14 0
3374 30 22 0
2
43 180 
2
3376 18 14 0
3375 26 26 0
2
43 181 
2
3377 18 14 0
3376 32 20 0
2
43 182 
2
3378 18 14 0
3377 32 10 0
2
43 183 
2
3379 18 14 0
3378 2 8 0
2
43 184 
2
3380 18 14 0
3379 30 8 0
2
43 185 
2
3381 18 14 0
3380 24 30 0
2
43 186 
2
3382 18 14 0
3381 28 6 0
2
43 188 
2
3383 18 14 0
3382 30 6 0
2
43 189 
2
3384 18 14 0
3383 32 8 0
2
43 191 
2
3385 18 14 0
3384 28 4 0
2
43 240 
2
3386 18 14 0
3385 6 4 0
2
43 241 
2
3387 18 14 0
3386 32 22 0
2
40 42 
2
3369 10 16 0
3370 16 16 0
2
41 43 
2
3387 20 12 0
3388 18 14 0
2
42 176 
2
3371 16 16 0
3372 20 30 0
2
43 171 
2
3389 18 14 0
3388 20 4 0
2
42 177 
2
3372 16 16 0
3373 8 4 0
2
43 172 
2
3390 18 14 0
3389 26 8 0
2
42 178 
2
3373 16 16 0
3374 10 2 0
2
43 173 
2
3391 18 14 0
3390 26 6 0
2
43 174 
2
3392 18 14 0
3391 20 32 0
2
43 175 
2
3393 18 14 0
3392 6 8 0
2
43 176 
2
3394 18 14 0
3393 20 30 0
2
43 177 
2
3395 18 14 0
3394 8 4 0
2
43 178 
2
3396 18 14 0
3395 10 2 0
2
43 179 
2
3397 18 14 0
3396 30 22 0
2
43 180 
2
3398 18 14 0
3397 26 26 0
2
43 181 
2
3399 18 14 0
3398 32 20 0
2
43 182 
2
3400 18 14 0
3399 32 10 0
2
43 183 
2
3401 18 14 0
3400 2 8 0
2
43 184 
2
3402 18 14 0
3401 30 8 0
2
43 185 
2
3403 18 14 0
3402 24 30 0
2
43 186 
2
3404 18 14 0
3403 28 6 0
2
43 188 
2
3405 18 14 0
3404 30 6 0
2
43 189 
2
3406 18 14 0
3405 32 8 0
2
43 191 
2
3407 18 14 0
3406 28 4 0
2
43 240 
2
3408 18 14 0
3407 6 4 0
2
43 241 
2
3409 18 14 0
3408 32 22 0
2
20 40 
2
3369 14 16 0
3370 10 16 0
2
21 41 
2
3387 20 14 0
3388 20 12 0
2
38 40 
2
3370 4 16 0
3371 10 16 0
2
39 41 
2
3388 22 8 0
3389 20 12 0
2
244 42 
2
3374 34 34 0
3374 16 16 0
2
40 42 
2
3374 10 16 0
3375 16 16 0
2
245 42 
2
3376 34 32 0
3376 16 16 0
2
20 42 
2
3376 14 16 0
3377 16 16 0
2
244 42 
2
3377 34 34 0
3378 16 16 0
2
40 42 
2
3378 10 16 0
3379 16 16 0
2
244 42 
2
3380 34 34 0
3380 16 16 0
2
244 43 
2
3410 34 34 0
3410 18 14 0
2
41 43 
2
3410 20 12 0
3411 18 14 0
2
245 43 
2
3411 34 32 0
3412 18 14 0
2
21 43 
2
3412 20 14 0
3413 18 14 0
2
244 43 
2
3413 34 34 0
3414 18 14 0
2
41 43 
2
3414 20 12 0
3415 18 14 0
2
244 43 
2
3416 34 34 0
3416 18 14 0
2
42 177 
2
3394 16 16 0
3395 8 4 0
2
43 240 
2
3417 18 14 0
3416 6 4 0
2
42 178 
2
3395 16 16 0
3396 10 2 0
2
43 241 
2
3418 18 14 0
3417 32 22 0
2
42 179 
2
3396 16 16 0
3397 30 22 0
2
43 242 
2
3419 18 14 0
3418 4 6 0
2
40 42 
2
3396 10 16 0
3397 16 16 0
2
41 43 
2
3419 20 12 0
3420 18 14 0
2
42 177 
2
3398 16 16 0
3397 8 4 0
2
43 240 
2
3421 18 14 0
3420 6 4 0
2
42 178 
2
3399 16 16 0
3398 10 2 0
2
43 241 
2
3422 18 14 0
3421 32 22 0
2
42 179 
2
3400 16 16 0
3399 30 22 0
2
43 242 
2
3423 18 14 0
3422 4 6 0
2
20 40 
2
3396 14 16 0
3397 10 16 0
2
21 41 
2
3419 20 14 0
3420 20 12 0
2
18 38 
2
3370 4 18 0
3371 4 16 0
2
19 39 
2
3388 20 8 0
3389 22 8 0
2
16 36 
2
3295 4 24 0
3296 4 22 0
2
17 37 
2
3307 26 4 0
3308 24 4 0
2
14 34 
2
3168 4 26 0
3169 2 24 0
2
15 35 
2
3010 26 2 0
3011 28 2 0
2
12 32 
2
2899 2 26 0
2900 2 28 0
2
13 33 
2
2751 30 2 0
2752 32 2 0
2
10 30 
2
2342 6 28 0
2343 4 28 0
2
11 31 
2
2232 32 4 0
2233 32 6 0
2
28 30 
2
2343 4 30 0
2344 4 28 0
2
29 31 
2
2233 32 26 0
2234 32 6 0
2
245 32 
2
2900 34 32 0
2901 2 28 0
2
30 32 
2
2901 4 28 0
2902 2 28 0
2
245 32 
2
2903 34 32 0
2903 2 28 0
2
10 32 
2
2903 6 28 0
2904 2 28 0
2
244 32 
2
2905 34 34 0
2905 2 28 0
2
30 32 
2
2905 4 28 0
2906 2 28 0
2
246 32 
2
2906 34 30 0
2907 2 28 0
2
245 33 
2
2752 34 32 0
2753 32 2 0
2
31 33 
2
2753 32 6 0
2754 32 2 0
2
245 33 
2
2755 34 32 0
2755 32 2 0
2
11 33 
2
2755 32 4 0
2756 32 2 0
2
244 33 
2
2757 34 34 0
2757 32 2 0
2
31 33 
2
2757 32 6 0
2758 32 2 0
2
247 33 
2
2758 34 28 0
2759 32 2 0
2
244 34 
2
3169 34 34 0
3170 2 24 0
2
32 34 
2
3170 2 28 0
3171 2 24 0
2
244 34 
2
3172 34 34 0
3172 2 24 0
2
12 34 
2
3172 2 26 0
3173 2 24 0
2
245 34 
2
3173 34 32 0
3174 2 24 0
2
32 34 
2
3174 2 28 0
3175 2 24 0
2
244 34 
2
3175 34 34 0
3176 2 24 0
2
245 35 
2
3011 34 32 0
3012 28 2 0
2
33 35 
2
3012 32 2 0
3013 28 2 0
2
245 35 
2
3014 34 32 0
3014 28 2 0
2
13 35 
2
3014 30 2 0
3015 28 2 0
2
248 35 
2
3015 34 26 0
3016 28 2 0
2
33 35 
2
3016 32 2 0
3017 28 2 0
2
246 35 
2
3018 34 30 0
3018 28 2 0
2
245 36 
2
3296 34 32 0
3297 4 22 0
2
34 36 
2
3297 2 24 0
3298 4 22 0
2
244 36 
2
3299 34 34 0
3299 4 22 0
2
14 36 
2
3299 4 26 0
3300 4 22 0
2
246 36 
2
3300 34 30 0
3301 4 22 0
2
34 36 
2
3301 2 24 0
3302 4 22 0
2
245 36 
2
3302 34 32 0
3303 4 22 0
2
244 37 
2
3308 34 34 0
3309 24 4 0
2
35 37 
2
3309 28 2 0
3310 24 4 0
2
244 37 
2
3311 34 34 0
3311 24 4 0
2
15 37 
2
3311 26 2 0
3312 24 4 0
2
246 37 
2
3312 34 30 0
3313 24 4 0
2
35 37 
2
3313 28 2 0
3314 24 4 0
2
245 37 
2
3315 34 32 0
3315 24 4 0
2
244 38 
2
3371 34 34 0
3372 4 16 0
2
36 38 
2
3372 4 22 0
3373 4 16 0
2
245 38 
2
3373 34 32 0
3374 4 16 0
2
16 38 
2
3374 4 24 0
3375 4 16 0
2
246 38 
2
3375 34 30 0
3376 4 16 0
2
36 38 
2
3376 4 22 0
3377 4 16 0
2
246 38 
2
3378 34 30 0
3378 4 16 0
2
244 39 
2
3389 34 34 0
3390 22 8 0
2
37 39 
2
3390 24 4 0
3391 22 8 0
2
244 39 
2
3392 34 34 0
3392 22 8 0
2
17 39 
2
3392 26 4 0
3393 22 8 0
2
245 39 
2
3393 34 32 0
3394 22 8 0
2
37 39 
2
3394 24 4 0
3395 22 8 0
2
244 39 
2
3395 34 34 0
3396 22 8 0
2
244 40 
2
3398 34 34 0
3398 10 16 0
2
38 40 
2
3398 4 16 0
3399 10 16 0
2
245 40 
2
3399 34 32 0
3400 10 16 0
2
18 40 
2
3400 4 18 0
3401 10 16 0
2
245 40 
2
3402 34 32 0
3402 10 16 0
2
38 40 
2
3402 4 16 0
3403 10 16 0
2
244 40 
2
3404 34 34 0
3404 10 16 0
2
246 41 
2
3420 34 30 0
3421 20 12 0
2
39 41 
2
3421 22 8 0
3422 20 12 0
2
244 41 
2
3422 34 34 0
3423 20 12 0
2
19 41 
2
3423 20 8 0
3424 20 12 0
2
244 41 
2
3425 34 34 0
3425 20 12 0
2
39 41 
2
3425 22 8 0
3426 20 12 0
2
246 41 
2
3426 34 30 0
3427 20 12 0
2
244 42 
2
3401 34 34 0
3401 16 16 0
2
40 42 
2
3405 10 16 0
3404 16 16 0
2
245 42 
2
3405 34 32 0
3405 16 16 0
2
20 42 
2
3405 14 16 0
3406 16 16 0
2
244 42 
2
3407 34 34 0
3407 16 16 0
2
40 42 
2
3407 10 16 0
3408 16 16 0
2
245 42 
2
3408 34 32 0
3409 16 16 0
2
247 43 
2
3423 34 28 0
3424 18 14 0
2
41 43 
2
3428 20 12 0
3427 18 14 0
2
244 43 
2
3428 34 34 0
3428 18 14 0
2
21 43 
2
3428 20 14 0
3429 18 14 0
2
246 43 
2
3429 34 30 0
3430 18 14 0
2
41 43 
2
3430 20 12 0
3431 18 14 0
2
245 43 
2
3431 34 32 0
3432 18 14 0
2
42 69 
2
3410 16 16 0
3409 6 26 0
2
43 241 
2
3433 18 14 0
3432 32 22 0
2
42 70 
2
3411 16 16 0
3410 8 2 0
2
43 242 
2
3434 18 14 0
3433 4 6 0
2
42 71 
2
3412 16 16 0
3411 8 28 0
2
43 243 
2
3435 18 14 0
3434 26 28 0
2
40 42 
2
3412 10 16 0
3413 16 16 0
2
41 43 
2
3435 20 12 0
3436 18 14 0
2
42 69 
2
3414 16 16 0
3413 6 26 0
2
43 241 
2
3437 18 14 0
3436 32 22 0
2
42 70 
2
3415 16 16 0
3414 8 2 0
2
43 242 
2
3438 18 14 0
3437 4 6 0
2
42 71 
2
3416 16 16 0
3415 8 28 0
2
43 243 
2
3439 18 14 0
3438 26 28 0
2
20 40 
2
3412 14 16 0
3413 10 16 0
2
21 41 
2
3435 20 14 0
3436 20 12 0
2
38 40 
2
3413 4 16 0
3414 10 16 0
2
39 41 
2
3436 22 8 0
3437 20 12 0
2
245 42 
2
3416 34 32 0
3417 16 16 0
2
40 42 
2
3417 10 16 0
3418 16 16 0
2
244 42 
2
3419 34 34 0
3419 16 16 0
2
20 42 
2
3419 14 16 0
3420 16 16 0
2
247 42 
2
3420 34 28 0
3421 16 16 0
2
40 42 
2
3421 10 16 0
3422 16 16 0
2
245 42 
2
3422 34 32 0
3423 16 16 0
2
244 43 
2
3440 34 34 0
3440 18 14 0
2
41 43 
2
3440 20 12 0
3441 18 14 0
2
245 43 
2
3441 34 32 0
3442 18 14 0
2
21 43 
2
3442 20 14 0
3443 18 14 0
2
244 43 
2
3443 34 34 0
3444 18 14 0
2
41 43 
2
3444 20 12 0
3445 18 14 0
2
244 43 
2
3446 34 34 0
3446 18 14 0
2
42 70 
2
3424 16 16 0
3423 8 2 0
2
43 83 
2
3447 18 14 0
3446 10 4 0
2
42 71 
2
3425 16 16 0
3424 8 28 0
2
43 84 
2
3448 18 14 0
3447 28 24 0
2
42 72 
2
3426 16 16 0
3425 8 30 0
2
43 85 
2
3449 18 14 0
3448 30 20 0
2
43 88 
2
3450 18 14 0
3449 12 4 0
2
43 110 
2
3451 18 14 0
3450 6 20 0
2
43 127 
2
3452 18 14 0
3451 12 18 0
2
43 132 
2
3453 18 14 0
3452 8 16 0
2
43 133 
2
3454 18 14 0
3453 10 12 0
2
43 134 
2
3455 18 14 0
3454 16 30 0
2
43 135 
2
3456 18 14 0
3455 10 26 0
2
43 136 
2
3457 18 14 0
3456 16 26 0
2
43 137 
2
3458 18 14 0
3457 16 28 0
2
43 138 
2
3459 18 14 0
3458 10 20 0
2
43 139 
2
3460 18 14 0
3459 12 26 0
2
43 140 
2
3461 18 14 0
3460 14 18 0
2
43 141 
2
3462 18 14 0
3461 14 20 0
2
43 142 
2
3463 18 14 0
3462 8 12 0
2
43 143 
2
3464 18 14 0
3463 22 24 0
2
43 144 
2
3465 18 14 0
3464 24 18 0
2
43 145 
2
3466 18 14 0
3465 22 10 0
2
43 146 
2
3467 18 14 0
3466 30 12 0
2
40 42 
2
3426 10 16 0
3427 16 16 0
2
41 43 
2
3467 20 12 0
3468 18 14 0
2
42 70 
2
3428 16 16 0
3427 8 2 0
2
43 83 
2
3469 18 14 0
3468 10 4 0
2
42 71 
2
3429 16 16 0
3428 8 28 0
2
43 84 
2
3470 18 14 0
3469 28 24 0
2
42 72 
2
3430 16 16 0
3429 8 30 0
2
43 85 
2
3471 18 14 0
3470 30 20 0
2
43 88 
2
3472 18 14 0
3471 12 4 0
2
43 110 
2
3473 18 14 0
3472 6 20 0
2
43 127 
2
3474 18 14 0
3473 12 18 0
2
43 132 
2
3475 18 14 0
3474 8 16 0
2
43 133 
2
3476 18 14 0
3475 10 12 0
2
43 134 
2
3477 18 14 0
3476 16 30 0
2
43 135 
2
3478 18 14 0
3477 10 26 0
2
43 136 
2
3479 18 14 0
3478 16 26 0
2
43 137 
2
3480 18 14 0
3479 16 28 0
2
43 138 
2
3481 18 14 0
3480 10 20 0
2
43 139 
2
3482 18 14 0
3481 12 26 0
2
43 140 
2
3483 18 14 0
3482 14 18 0
2
43 141 
2
3484 18 14 0
3483 14 20 0
2
43 142 
2
3485 18 14 0
3484 8 12 0
2
43 143 
2
3486 18 14 0
3485 22 24 0
2
43 144 
2
3487 18 14 0
3486 24 18 0
2
43 145 
2
3488 18 14 0
3487 22 10 0
2
43 146 
2
3489 18 14 0
3488 30 12 0
2
20 40 
2
3426 14 16 0
3427 10 16 0
2
21 41 
2
3467 20 14 0
3468 20 12 0
2
18 38 
2
3413 4 18 0
3414 4 16 0
2
19 39 
2
3436 20 8 0
3437 22 8 0
2
36 38 
2
3414 4 22 0
3415 4 16 0
2
37 39 
2
3437 24 4 0
3438 22 8 0
2
245 40 
2
3428 34 32 0
3428 10 16 0
2
38 40 
2
3428 4 16 0
3429 10 16 0
2
247 40 
2
3429 34 28 0
3430 10 16 0
2
18 40 
2
3430 4 18 0
3431 10 16 0
2
246 40 
2
3432 34 30 0
3432 10 16 0
2
38 40 
2
3432 4 16 0
3433 10 16 0
2
244 40 
2
3434 34 34 0
3434 10 16 0
2
244 41 
2
3468 34 34 0
3469 20 12 0
2
39 41 
2
3469 22 8 0
3470 20 12 0
2
244 41 
2
3471 34 34 0
3471 20 12 0
2
19 41 
2
3471 20 8 0
3472 20 12 0
2
245 41 
2
3472 34 32 0
3473 20 12 0
2
39 41 
2
3473 22 8 0
3474 20 12 0
2
244 41 
2
3474 34 34 0
3475 20 12 0
2
244 42 
2
3431 34 34 0
3431 16 16 0
2
40 42 
2
3435 10 16 0
3434 16 16 0
2
245 42 
2
3434 34 32 0
3435 16 16 0
2
20 42 
2
3435 14 16 0
3436 16 16 0
2
244 42 
2
3437 34 34 0
3437 16 16 0
2
40 42 
2
3437 10 16 0
3438 16 16 0
2
245 42 
2
3438 34 32 0
3439 16 16 0
2
244 43 
2
3489 34 34 0
3490 18 14 0
2
41 43 
2
3490 20 12 0
3491 18 14 0
2
244 43 
2
3492 34 34 0
3492 18 14 0
2
21 43 
2
3492 20 14 0
3493 18 14 0
2
245 43 
2
3493 34 32 0
3494 18 14 0
2
41 43 
2
3494 20 12 0
3495 18 14 0
2
244 43 
2
3495 34 34 0
3496 18 14 0
2
42 69 
2
3440 16 16 0
3439 6 26 0
2
43 84 
2
3497 18 14 0
3496 28 24 0
2
42 70 
2
3441 16 16 0
3440 8 2 0
2
43 85 
2
3498 18 14 0
3497 30 20 0
2
42 71 
2
3442 16 16 0
3441 8 28 0
2
43 88 
2
3499 18 14 0
3498 12 4 0
2
42 72 
2
3443 16 16 0
3442 8 30 0
2
43 110 
2
3500 18 14 0
3499 6 20 0
2
42 73 
2
3444 16 16 0
3443 2 22 0
2
43 127 
2
3501 18 14 0
3500 12 18 0
2
42 74 
2
3445 16 16 0
3444 8 26 0
2
43 132 
2
3502 18 14 0
3501 8 16 0
2
42 75 
2
3446 16 16 0
3445 10 30 0
2
43 133 
2
3503 18 14 0
3502 10 12 0
2
42 76 
2
3447 16 16 0
3446 6 24 0
2
43 134 
2
3504 18 14 0
3503 16 30 0
2
42 77 
2
3448 16 16 0
3447 14 32 0
2
43 135 
2
3505 18 14 0
3504 10 26 0
2
42 78 
2
3449 16 16 0
3448 10 28 0
2
43 136 
2
3506 18 14 0
3505 16 26 0
2
42 79 
2
3450 16 16 0
3449 2 20 0
2
43 137 
2
3507 18 14 0
3506 16 28 0
2
42 80 
2
3451 16 16 0
3450 24 28 0
2
43 138 
2
3508 18 14 0
3507 10 20 0
2
42 81 
2
3452 16 16 0
3451 6 6 0
2
43 139 
2
3509 18 14 0
3508 12 26 0
2
42 82 
2
3453 16 16 0
3452 28 22 0
2
43 140 
2
3510 18 14 0
3509 14 18 0
2
42 83 
2
3468 16 16 0
3469 10 4 0
2
43 141 
2
3511 18 14 0
3510 14 20 0
2
42 84 
2
3496 16 16 0
3497 28 24 0
2
43 142 
2
3512 18 14 0
3511 8 12 0
2
42 85 
2
3497 16 16 0
3498 30 20 0
2
43 143 
2
3513 18 14 0
3512 22 24 0
2
42 88 
2
3498 16 16 0
3499 12 4 0
2
43 144 
2
3514 18 14 0
3513 24 18 0
2
42 110 
2
3499 16 16 0
3500 6 20 0
2
43 145 
2
3515 18 14 0
3514 22 10 0
2
42 127 
2
3500 16 16 0
3501 12 18 0
2
43 146 
2
3516 18 14 0
3515 30 12 0
2
42 132 
2
3501 16 16 0
3502 8 16 0
2
43 147 
2
3517 18 14 0
3516 4 8 0
2
40 42 
2
3501 10 16 0
3502 16 16 0
2
41 43 
2
3517 20 12 0
3518 18 14 0
2
42 69 
2
3503 16 16 0
3502 6 26 0
2
43 84 
2
3519 18 14 0
3518 28 24 0
2
42 70 
2
3504 16 16 0
3503 8 2 0
2
43 85 
2
3520 18 14 0
3519 30 20 0
2
42 71 
2
3505 16 16 0
3504 8 28 0
2
43 88 
2
3521 18 14 0
3520 12 4 0
2
42 72 
2
3506 16 16 0
3505 8 30 0
2
43 110 
2
3522 18 14 0
3521 6 20 0
2
42 73 
2
3507 16 16 0
3506 2 22 0
2
43 127 
2
3523 18 14 0
3522 12 18 0
2
42 74 
2
3508 16 16 0
3507 8 26 0
2
43 132 
2
3524 18 14 0
3523 8 16 0
2
42 75 
2
3509 16 16 0
3508 10 30 0
2
43 133 
2
3525 18 14 0
3524 10 12 0
2
42 76 
2
3510 16 16 0
3509 6 24 0
2
43 134 
2
3526 18 14 0
3525 16 30 0
2
42 77 
2
3511 16 16 0
3510 14 32 0
2
43 135 
2
3527 18 14 0
3526 10 26 0
2
42 78 
2
3512 16 16 0
3511 10 28 0
2
43 136 
2
3528 18 14 0
3527 16 26 0
2
42 79 
2
3513 16 16 0
3512 2 20 0
2
43 137 
2
3529 18 14 0
3528 16 28 0
2
42 80 
2
3514 16 16 0
3513 24 28 0
2
43 138 
2
3530 18 14 0
3529 10 20 0
2
42 81 
2
3515 16 16 0
3514 6 6 0
2
43 139 
2
3531 18 14 0
3530 12 26 0
2
42 82 
2
3516 16 16 0
3515 28 22 0
2
43 140 
2
3532 18 14 0
3531 14 18 0
2
42 83 
2
3517 16 16 0
3516 10 4 0
2
43 141 
2
3533 18 14 0
3532 14 20 0
2
42 84 
2
3518 16 16 0
3519 28 24 0
2
43 142 
2
3534 18 14 0
3533 8 12 0
2
42 85 
2
3519 16 16 0
3520 30 20 0
2
43 143 
2
3535 18 14 0
3534 22 24 0
2
42 88 
2
3520 16 16 0
3521 12 4 0
2
43 144 
2
3536 18 14 0
3535 24 18 0
2
42 110 
2
3521 16 16 0
3522 6 20 0
2
43 145 
2
3537 18 14 0
3536 22 10 0
2
42 127 
2
3522 16 16 0
3523 12 18 0
2
43 146 
2
3538 18 14 0
3537 30 12 0
2
42 132 
2
3523 16 16 0
3524 8 16 0
2
43 147 
2
3539 18 14 0
3538 4 8 0
2
20 40 
2
3501 14 16 0
3502 10 16 0
2
21 41 
2
3517 20 14 0
3518 20 12 0
2
38 40 
2
3502 4 16 0
3503 10 16 0
2
39 41 
2
3518 22 8 0
3519 20 12 0
2
245 42 
2
3523 34 32 0
3524 16 16 0
2
40 42 
2
3524 10 16 0
3525 16 16 0
2
244 42 
2
3525 34 34 0
3526 16 16 0
2
20 42 
2
3526 14 16 0
3527 16 16 0
2
244 42 
2
3528 34 34 0
3528 16 16 0
2
40 42 
2
3528 10 16 0
3529 16 16 0
2
245 42 
2
3529 34 32 0
3530 16 16 0
2
244 43 
2
3539 34 34 0
3540 18 14 0
2
41 43 
2
3540 20 12 0
3541 18 14 0
2
244 43 
2
3542 34 34 0
3542 18 14 0
2
21 43 
2
3542 20 14 0
3543 18 14 0
2
245 43 
2
3543 34 32 0
3544 18 14 0
2
41 43 
2
3544 20 12 0
3545 18 14 0
2
244 43 
2
3545 34 34 0
3546 18 14 0
2
42 70 
2
3531 16 16 0
3530 8 2 0
2
43 146 
2
3547 18 14 0
3546 30 12 0
2
42 71 
2
3532 16 16 0
3531 8 28 0
2
43 147 
2
3548 18 14 0
3547 4 8 0
2
42 72 
2
3533 16 16 0
3532 8 30 0
2
43 148 
2
3549 18 14 0
3548 12 30 0
2
42 73 
2
3534 16 16 0
3533 2 22 0
2
43 165 
2
3550 18 14 0
3549 4 20 0
2
42 74 
2
3535 16 16 0
3534 8 26 0
2
43 187 
2
3551 18 14 0
3550 12 28 0
2
42 75 
2
3536 16 16 0
3535 10 30 0
2
43 190 
2
3552 18 14 0
3551 26 16 0
2
42 76 
2
3537 16 16 0
3536 6 24 0
2
43 192 
2
3553 18 14 0
3552 18 26 0
2
42 77 
2
3538 16 16 0
3537 14 32 0
2
43 193 
2
3554 18 14 0
3553 6 16 0
2
42 78 
2
3539 16 16 0
3538 10 28 0
2
43 194 
2
3555 18 14 0
3554 14 22 0
2
42 79 
2
3540 16 16 0
3539 2 20 0
2
43 195 
2
3556 18 14 0
3555 10 22 0
2
42 80 
2
3541 16 16 0
3540 24 28 0
2
43 196 
2
3557 18 14 0
3556 8 18 0
2
42 81 
2
3542 16 16 0
3541 6 6 0
2
43 197 
2
3558 18 14 0
3557 16 22 0
2
42 82 
2
3543 16 16 0
3542 28 22 0
2
43 198 
2
3559 18 14 0
3558 16 18 0
2
42 83 
2
3544 16 16 0
3543 10 4 0
2
43 199 
2
3560 18 14 0
3559 14 28 0
2
42 84 
2
3545 16 16 0
3544 28 24 0
2
43 200 
2
3561 18 14 0
3560 10 18 0
2
42 85 
2
3546 16 16 0
3545 30 20 0
2
43 201 
2
3562 18 14 0
3561 18 20 0
2
42 88 
2
3547 16 16 0
3546 12 4 0
2
43 202 
2
3563 18 14 0
3562 14 14 0
2
42 110 
2
3548 16 16 0
3547 6 20 0
2
43 203 
2
3564 18 14 0
3563 2 14 0
2
42 127 
2
3549 16 16 0
3548 12 18 0
2
43 204 
2
3565 18 14 0
3564 20 20 0
2
42 132 
2
3550 16 16 0
3549 8 16 0
2
43 205 
2
3566 18 14 0
3565 18 10 0
2
42 133 
2
3551 16 16 0
3550 10 12 0
2
43 206 
2
3567 18 14 0
3566 26 24 0
2
40 42 
2
3551 10 16 0
3552 16 16 0
2
41 43 
2
3567 20 12 0
3568 18 14 0
2
42 70 
2
3553 16 16 0
3552 8 2 0
2
43 146 
2
3569 18 14 0
3568 30 12 0
2
42 71 
2
3554 16 16 0
3553 8 28 0
2
43 147 
2
3570 18 14 0
3569 4 8 0
2
42 72 
2
3555 16 16 0
3554 8 30 0
2
43 148 
2
3571 18 14 0
3570 12 30 0
2
42 73 
2
3556 16 16 0
3555 2 22 0
2
43 165 
2
3572 18 14 0
3571 4 20 0
2
42 74 
2
3557 16 16 0
3556 8 26 0
2
43 187 
2
3573 18 14 0
3572 12 28 0
2
42 75 
2
3558 16 16 0
3557 10 30 0
2
43 190 
2
3574 18 14 0
3573 26 16 0
2
42 76 
2
3559 16 16 0
3558 6 24 0
2
43 192 
2
3575 18 14 0
3574 18 26 0
2
42 77 
2
3560 16 16 0
3559 14 32 0
2
43 193 
2
3576 18 14 0
3575 6 16 0
2
42 78 
2
3561 16 16 0
3560 10 28 0
2
43 194 
2
3577 18 14 0
3576 14 22 0
2
42 79 
2
3562 16 16 0
3561 2 20 0
2
43 195 
2
3578 18 14 0
3577 10 22 0
2
42 80 
2
3563 16 16 0
3562 24 28 0
2
43 196 
2
3579 18 14 0
3578 8 18 0
2
42 81 
2
3564 16 16 0
3563 6 6 0
2
43 197 
2
3580 18 14 0
3579 16 22 0
2
42 82 
2
3565 16 16 0
3564 28 22 0
2
43 198 
2
3581 18 14 0
3580 16 18 0
2
42 83 
2
3566 16 16 0
3565 10 4 0
2
43 199 
2
3582 18 14 0
3581 14 28 0
2
42 84 
2
3567 16 16 0
3566 28 24 0
2
43 200 
2
3583 18 14 0
3582 10 18 0
2
42 85 
2
3568 16 16 0
3567 30 20 0
2
43 201 
2
3584 18 14 0
3583 18 20 0
2
42 88 
2
3569 16 16 0
3568 12 4 0
2
43 202 
2
3585 18 14 0
3584 14 14 0
2
42 110 
2
3570 16 16 0
3569 6 20 0
2
43 203 
2
3586 18 14 0
3585 2 14 0
2
42 127 
2
3571 16 16 0
3570 12 18 0
2
43 204 
2
3587 18 14 0
3586 20 20 0
2
42 132 
2
3572 16 16 0
3571 8 16 0
2
43 205 
2
3588 18 14 0
3587 18 10 0
2
42 133 
2
3573 16 16 0
3572 10 12 0
2
43 206 
2
3589 18 14 0
3588 26 24 0
2
20 40 
2
3551 14 16 0
3552 10 16 0
2
21 41 
2
3567 20 14 0
3568 20 12 0
2
18 38 
2
3502 4 18 0
3503 4 16 0
2
19 39 
2
3518 20 8 0
3519 22 8 0
2
16 36 
2
3414 4 24 0
3415 4 22 0
2
17 37 
2
3437 26 4 0
3438 24 4 0
2
34 36 
2
3415 2 24 0
3416 4 22 0
2
35 37 
2
3438 28 2 0
3439 24 4 0
2
244 38 
2
3503 34 34 0
3504 4 16 0
2
36 38 
2
3504 4 22 0
3505 4 16 0
2
244 38 
2
3506 34 34 0
3506 4 16 0
2
16 38 
2
3506 4 24 0
3507 4 16 0
2
245 38 
2
3507 34 32 0
3508 4 16 0
2
36 38 
2
3508 4 22 0
3509 4 16 0
2
244 38 
2
3509 34 34 0
3510 4 16 0
2
244 39 
2
3519 34 34 0
3520 22 8 0
2
37 39 
2
3520 24 4 0
3521 22 8 0
2
244 39 
2
3522 34 34 0
3522 22 8 0
2
17 39 
2
3522 26 4 0
3523 22 8 0
2
246 39 
2
3523 34 30 0
3524 22 8 0
2
37 39 
2
3524 24 4 0
3525 22 8 0
2
245 39 
2
3526 34 32 0
3526 22 8 0
2
244 40 
2
3552 34 34 0
3553 10 16 0
2
38 40 
2
3553 4 16 0
3554 10 16 0
2
244 40 
2
3555 34 34 0
3555 10 16 0
2
18 40 
2
3555 4 18 0
3556 10 16 0
2
245 40 
2
3556 34 32 0
3557 10 16 0
2
38 40 
2
3557 4 16 0
3558 10 16 0
2
244 40 
2
3558 34 34 0
3559 10 16 0
2
244 41 
2
3568 34 34 0
3569 20 12 0
2
39 41 
2
3569 22 8 0
3570 20 12 0
2
244 41 
2
3571 34 34 0
3571 20 12 0
2
19 41 
2
3571 20 8 0
3572 20 12 0
2
245 41 
2
3572 34 32 0
3573 20 12 0
2
39 41 
2
3573 22 8 0
3574 20 12 0
2
245 41 
2
3575 34 32 0
3575 20 12 0
2
244 42 
2
3574 34 34 0
3574 16 16 0
2
40 42 
2
3574 10 16 0
3575 16 16 0
2
246 42 
2
3575 34 30 0
3576 16 16 0
2
20 42 
2
3576 14 16 0
3577 16 16 0
2
244 42 
2
3577 34 34 0
3578 16 16 0
2
40 42 
2
3578 10 16 0
3579 16 16 0
2
244 42 
2
3580 34 34 0
3580 16 16 0
2
246 43 
2
3589 34 30 0
3590 18 14 0
2
41 43 
2
3590 20 12 0
3591 18 14 0
2
246 43 
2
3592 34 30 0
3592 18 14 0
2
21 43 
2
3592 20 14 0
3593 18 14 0
2
248 43 
2
3593 34 26 0
3594 18 14 0
2
41 43 
2
3594 20 12 0
3595 18 14 0
2
244 43 
2
3595 34 34 0
3596 18 14 0
2
42 132 
2
3581 16 16 0
3580 8 16 0
2
43 147 
2
3597 18 14 0
3596 4 8 0
2
42 133 
2
3582 16 16 0
3581 10 12 0
2
43 148 
2
3598 18 14 0
3597 12 30 0
2
42 134 
2
3583 16 16 0
3582 16 30 0
2
43 165 
2
3599 18 14 0
3598 4 20 0
2
43 187 
2
3600 18 14 0
3599 12 28 0
2
43 190 
2
3601 18 14 0
3600 26 16 0
2
43 192 
2
3602 18 14 0
3601 18 26 0
2
43 193 
2
3603 18 14 0
3602 6 16 0
2
43 194 
2
3604 18 14 0
3603 14 22 0
2
43 195 
2
3605 18 14 0
3604 10 22 0
2
43 196 
2
3606 18 14 0
3605 8 18 0
2
43 197 
2
3607 18 14 0
3606 16 22 0
2
43 198 
2
3608 18 14 0
3607 16 18 0
2
43 199 
2
3609 18 14 0
3608 14 28 0
2
43 200 
2
3610 18 14 0
3609 10 18 0
2
43 201 
2
3611 18 14 0
3610 18 20 0
2
43 202 
2
3612 18 14 0
3611 14 14 0
2
43 203 
2
3613 18 14 0
3612 2 14 0
2
43 204 
2
3614 18 14 0
3613 20 20 0
2
43 205 
2
3615 18 14 0
3614 18 10 0
2
43 206 
2
3616 18 14 0
3615 26 24 0
2
43 207 
2
3617 18 14 0
3616 4 10 0
2
40 42 
2
3583 10 16 0
3584 16 16 0
2
41 43 
2
3617 20 12 0
3618 18 14 0
2
42 132 
2
3585 16 16 0
3584 8 16 0
2
43 147 
2
3619 18 14 0
3618 4 8 0
2
42 133 
2
3586 16 16 0
3585 10 12 0
2
43 148 
2
3620 18 14 0
3619 12 30 0
2
42 134 
2
3587 16 16 0
3586 16 30 0
2
43 165 
2
3621 18 14 0
3620 4 20 0
2
43 187 
2
3622 18 14 0
3621 12 28 0
2
43 190 
2
3623 18 14 0
3622 26 16 0
2
43 192 
2
3624 18 14 0
3623 18 26 0
2
43 193 
2
3625 18 14 0
3624 6 16 0
2
43 194 
2
3626 18 14 0
3625 14 22 0
2
43 195 
2
3627 18 14 0
3626 10 22 0
2
43 196 
2
3628 18 14 0
3627 8 18 0
2
43 197 
2
3629 18 14 0
3628 16 22 0
2
43 198 
2
3630 18 14 0
3629 16 18 0
2
43 199 
2
3631 18 14 0
3630 14 28 0
2
43 200 
2
3632 18 14 0
3631 10 18 0
2
43 201 
2
3633 18 14 0
3632 18 20 0
2
43 202 
2
3634 18 14 0
3633 14 14 0
2
43 203 
2
3635 18 14 0
3634 2 14 0
2
43 204 
2
3636 18 14 0
3635 20 20 0
2
43 205 
2
3637 18 14 0
3636 18 10 0
2
43 206 
2
3638 18 14 0
3637 26 24 0
2
43 207 
2
3639 18 14 0
3638 4 10 0
2
20 40 
2
3583 14 16 0
3584 10 16 0
2
21 41 
2
3617 20 14 0
3618 20 12 0
2
38 40 
2
3584 4 16 0
3585 10 16 0
2
39 41 
2
3618 22 8 0
3619 20 12 0
2
245 42 
2
3587 34 32 0
3588 16 16 0
2
40 42 
2
3588 10 16 0
3589 16 16 0
2
245 42 
2
3590 34 32 0
3590 16 16 0
2
20 42 
2
3590 14 16 0
3591 16 16 0
2
244 42 
2
3592 34 34 0
3592 16 16 0
2
40 42 
2
3592 10 16 0
3593 16 16 0
2
247 42 
2
3593 34 28 0
3594 16 16 0
2
244 43 
2
3639 34 34 0
3640 18 14 0
2
41 43 
2
3640 20 12 0
3641 18 14 0
2
244 43 
2
3642 34 34 0
3642 18 14 0
2
21 43 
2
3642 20 14 0
3643 18 14 0
2
245 43 
2
3643 34 32 0
3644 18 14 0
2
41 43 
2
3644 20 12 0
3645 18 14 0
2
244 43 
2
3645 34 34 0
3646 18 14 0
2
42 133 
2
3595 16 16 0
3594 10 12 0
2
43 206 
2
3647 18 14 0
3646 26 24 0
2
42 134 
2
3596 16 16 0
3595 16 30 0
2
43 207 
2
3648 18 14 0
3647 4 10 0
2
42 135 
2
3597 16 16 0
3596 10 26 0
2
43 208 
2
3649 18 14 0
3648 32 16 0
2
43 209 
2
3650 18 14 0
3649 2 18 0
2
43 210 
2
3651 18 14 0
3650 8 24 0
2
43 211 
2
3652 18 14 0
3651 6 18 0
2
43 212 
2
3653 18 14 0
3652 16 24 0
2
43 213 
2
3654 18 14 0
3653 16 32 0
2
43 214 
2
3655 18 14 0
3654 12 20 0
2
43 215 
2
3656 18 14 0
3655 18 16 0
2
43 216 
2
3657 18 14 0
3656 8 20 0
2
43 217 
2
3658 18 14 0
3657 14 26 0
2
43 218 
2
3659 18 14 0
3658 10 24 0
2
43 219 
2
3660 18 14 0
3659 24 24 0
2
43 220 
2
3661 18 14 0
3660 12 24 0
2
43 221 
2
3662 18 14 0
3661 6 22 0
2
43 222 
2
3663 18 14 0
3662 6 14 0
2
43 223 
2
3664 18 14 0
3663 14 12 0
2
43 224 
2
3665 18 14 0
3664 24 12 0
2
43 225 
2
3666 18 14 0
3665 20 18 0
2
43 226 
2
3667 18 14 0
3666 18 32 0
2
40 42 
2
3597 10 16 0
3598 16 16 0
2
41 43 
2
3667 20 12 0
3668 18 14 0
2
42 133 
2
3599 16 16 0
3598 10 12 0
2
43 206 
2
3669 18 14 0
3668 26 24 0
2
42 134 
2
3600 16 16 0
3599 16 30 0
2
43 207 
2
3670 18 14 0
3669 4 10 0
2
42 135 
2
3601 16 16 0
3600 10 26 0
2
43 208 
2
3671 18 14 0
3670 32 16 0
2
43 209 
2
3672 18 14 0
3671 2 18 0
2
43 210 
2
3673 18 14 0
3672 8 24 0
2
43 211 
2
3674 18 14 0
3673 6 18 0
2
43 212 
2
3675 18 14 0
3674 16 24 0
2
43 213 
2
3676 18 14 0
3675 16 32 0
2
43 214 
2
3677 18 14 0
3676 12 20 0
2
43 215 
2
3678 18 14 0
3677 18 16 0
2
43 216 
2
3679 18 14 0
3678 8 20 0
2
43 217 
2
3680 18 14 0
3679 14 26 0
2
43 218 
2
3681 18 14 0
3680 10 24 0
2
43 219 
2
3682 18 14 0
3681 24 24 0
2
43 220 
2
3683 18 14 0
3682 12 24 0
2
43 221 
2
3684 18 14 0
3683 6 22 0
2
43 222 
2
3685 18 14 0
3684 6 14 0
2
43 223 
2
3686 18 14 0
3685 14 12 0
2
43 224 
2
3687 18 14 0
3686 24 12 0
2
43 225 
2
3688 18 14 0
3687 20 18 0
2
43 226 
2
3689 18 14 0
3688 18 32 0
2
20 40 
2
3597 14 16 0
3598 10 16 0
2
21 41 
2
3667 20 14 0
3668 20 12 0
2
18 38 
2
3584 4 18 0
3585 4 16 0
2
19 39 
2
3618 20 8 0
3619 22 8 0
2
36 38 
2
3585 4 22 0
3586 4 16 0
2
37 39 
2
3619 24 4 0
3620 22 8 0
2
244 40 
2
3598 34 34 0
3599 10 16 0
2
38 40 
2
3599 4 16 0
3600 10 16 0
2
244 40 
2
3601 34 34 0
3601 10 16 0
2
18 40 
2
3601 4 18 0
3602 10 16 0
2
246 40 
2
3602 34 30 0
3603 10 16 0
2
38 40 
2
3603 4 16 0
3604 10 16 0
2
244 40 
2
3604 34 34 0
3605 10 16 0
2
244 41 
2
3668 34 34 0
3669 20 12 0
2
39 41 
2
3669 22 8 0
3670 20 12 0
2
244 41 
2
3671 34 34 0
3671 20 12 0
2
19 41 
2
3671 20 8 0
3672 20 12 0
2
245 41 
2
3672 34 32 0
3673 20 12 0
2
39 41 
2
3673 22 8 0
3674 20 12 0
2
244 41 
2
3674 34 34 0
3675 20 12 0
2
245 42 
2
3601 34 32 0
3602 16 16 0
2
40 42 
2
3606 10 16 0
3605 16 16 0
2
245 42 
2
3605 34 32 0
3606 16 16 0
2
20 42 
2
3606 14 16 0
3607 16 16 0
2
244 42 
2
3607 34 34 0
3608 16 16 0
2
40 42 
2
3608 10 16 0
3609 16 16 0
2
244 42 
2
3610 34 34 0
3610 16 16 0
2
245 43 
2
3689 34 32 0
3690 18 14 0
2
41 43 
2
3690 20 12 0
3691 18 14 0
2
244 43 
2
3691 34 34 0
3692 18 14 0
2
21 43 
2
3692 20 14 0
3693 18 14 0
2
244 43 
2
3694 34 34 0
3694 18 14 0
2
41 43 
2
3694 20 12 0
3695 18 14 0
2
245 43 
2
3695 34 32 0
3696 18 14 0
2
42 132 
2
3611 16 16 0
3610 8 16 0
2
43 207 
2
3697 18 14 0
3696 4 10 0
2
42 133 
2
3612 16 16 0
3611 10 12 0
2
43 208 
2
3698 18 14 0
3697 32 16 0
2
42 134 
2
3613 16 16 0
3612 16 30 0
2
43 209 
2
3699 18 14 0
3698 2 18 0
2
42 135 
2
3614 16 16 0
3613 10 26 0
2
43 210 
2
3700 18 14 0
3699 8 24 0
2
42 136 
2
3615 16 16 0
3614 16 26 0
2
43 211 
2
3701 18 14 0
3700 6 18 0
2
42 137 
2
3616 16 16 0
3615 16 28 0
2
43 212 
2
3702 18 14 0
3701 16 24 0
2
42 138 
2
3617 16 16 0
3616 10 20 0
2
43 213 
2
3703 18 14 0
3702 16 32 0
2
42 139 
2
3618 16 16 0
3617 12 26 0
2
43 214 
2
3704 18 14 0
3703 12 20 0
2
42 140 
2
3619 16 16 0
3618 14 18 0
2
43 215 
2
3705 18 14 0
3704 18 16 0
2
42 141 
2
3620 16 16 0
3619 14 20 0
2
43 216 
2
3706 18 14 0
3705 8 20 0
2
42 142 
2
3621 16 16 0
3620 8 12 0
2
43 217 
2
3707 18 14 0
3706 14 26 0
2
42 143 
2
3622 16 16 0
3621 22 24 0
2
43 218 
2
3708 18 14 0
3707 10 24 0
2
42 144 
2
3623 16 16 0
3622 24 18 0
2
43 219 
2
3709 18 14 0
3708 24 24 0
2
42 145 
2
3624 16 16 0
3623 22 10 0
2
43 220 
2
3710 18 14 0
3709 12 24 0
2
42 146 
2
3625 16 16 0
3624 30 12 0
2
43 221 
2
3711 18 14 0
3710 6 22 0
2
42 147 
2
3626 16 16 0
3625 4 8 0
2
43 222 
2
3712 18 14 0
3711 6 14 0
2
42 148 
2
3627 16 16 0
3626 12 30 0
2
43 223 
2
3713 18 14 0
3712 14 12 0
2
42 165 
2
3628 16 16 0
3627 4 20 0
2
43 224 
2
3714 18 14 0
3713 24 12 0
2
42 187 
2
3629 16 16 0
3628 12 28 0
2
43 225 
2
3715 18 14 0
3714 20 18 0
2
42 190 
2
3630 16 16 0
3629 26 16 0
2
43 226 
2
3716 18 14 0
3715 18 32 0
2
42 192 
2
3631 16 16 0
3630 18 26 0
2
43 227 
2
3717 18 14 0
3716 2 12 0
2
40 42 
2
3631 10 16 0
3632 16 16 0
2
41 43 
2
3717 20 12 0
3718 18 14 0
2
42 132 
2
3633 16 16 0
3632 8 16 0
2
43 207 
2
3719 18 14 0
3718 4 10 0
2
42 133 
2
3634 16 16 0
3633 10 12 0
2
43 208 
2
3720 18 14 0
3719 32 16 0
2
42 134 
2
3635 16 16 0
3634 16 30 0
2
43 209 
2
3721 18 14 0
3720 2 18 0
2
42 135 
2
3636 16 16 0
3635 10 26 0
2
43 210 
2
3722 18 14 0
3721 8 24 0
2
42 136 
2
3637 16 16 0
3636 16 26 0
2
43 211 
2
3723 18 14 0
3722 6 18 0
2
42 137 
2
3638 16 16 0
3637 16 28 0
2
43 212 
2
3724 18 14 0
3723 16 24 0
2
42 138 
2
3639 16 16 0
3638 10 20 0
2
43 213 
2
3725 18 14 0
3724 16 32 0
2
42 139 
2
3640 16 16 0
3639 12 26 0
2
43 214 
2
3726 18 14 0
3725 12 20 0
2
42 140 
2
3641 16 16 0
3640 14 18 0
2
43 215 
2
3727 18 14 0
3726 18 16 0
2
42 141 
2
3642 16 16 0
3641 14 20 0
2
43 216 
2
3728 18 14 0
3727 8 20 0
2
42 142 
2
3643 16 16 0
3642 8 12 0
2
43 217 
2
3729 18 14 0
3728 14 26 0
2
42 143 
2
3644 16 16 0
3643 22 24 0
2
43 218 
2
3730 18 14 0
3729 10 24 0
2
42 144 
2
3645 16 16 0
3644 24 18 0
2
43 219 
2
3731 18 14 0
3730 24 24 0
2
42 145 
2
3646 16 16 0
3645 22 10 0
2
43 220 
2
3732 18 14 0
3731 12 24 0
2
42 146 
2
3647 16 16 0
3646 30 12 0
2
43 221 
2
3733 18 14 0
3732 6 22 0
2
42 147 
2
3648 16 16 0
3647 4 8 0
2
43 222 
2
3734 18 14 0
3733 6 14 0
2
42 148 
2
3649 16 16 0
3648 12 30 0
2
43 223 
2
3735 18 14 0
3734 14 12 0
2
42 165 
2
3650 16 16 0
3649 4 20 0
2
43 224 
2
3736 18 14 0
3735 24 12 0
2
42 187 
2
3651 16 16 0
3650 12 28 0
2
43 225 
2
3737 18 14 0
3736 20 18 0
2
42 190 
2
3652 16 16 0
3651 26 16 0
2
43 226 
2
3738 18 14 0
3737 18 32 0
2
42 192 
2
3653 16 16 0
3652 18 26 0
2
43 227 
2
3739 18 14 0
3738 2 12 0
2
20 40 
2
3631 14 16 0
3632 10 16 0
2
21 41 
2
3717 20 14 0
3718 20 12 0
2
38 40 
2
3632 4 16 0
3633 10 16 0
2
39 41 
2
3718 22 8 0
3719 20 12 0
2
244 42 
2
3653 34 34 0
3654 16 16 0
2
40 42 
2
3654 10 16 0
3655 16 16 0
2
244 42 
2
3656 34 34 0
3656 16 16 0
2
20 42 
2
3656 14 16 0
3657 16 16 0
2
245 42 
2
3657 34 32 0
3658 16 16 0
2
40 42 
2
3658 10 16 0
3659 16 16 0
2
244 42 
2
3659 34 34 0
3660 16 16 0
2
246 43 
2
3739 34 30 0
3740 18 14 0
2
41 43 
2
3740 20 12 0
3741 18 14 0
2
244 43 
2
3741 34 34 0
3742 18 14 0
2
21 43 
2
3742 20 14 0
3743 18 14 0
2
244 43 
2
3744 34 34 0
3744 18 14 0
2
41 43 
2
3744 20 12 0
3745 18 14 0
2
245 43 
2
3745 34 32 0
3746 18 14 0
2
42 133 
2
3661 16 16 0
3660 10 12 0
2
43 226 
2
3747 18 14 0
3746 18 32 0
2
42 134 
2
3662 16 16 0
3661 16 30 0
2
43 227 
2
3748 18 14 0
3747 2 12 0
2
42 135 
2
3663 16 16 0
3662 10 26 0
2
43 228 
2
3749 18 14 0
3748 12 2 0
2
42 136 
2
3664 16 16 0
3663 16 26 0
2
43 229 
2
3750 18 14 0
3749 2 16 0
2
42 137 
2
3665 16 16 0
3664 16 28 0
2
43 230 
2
3751 18 14 0
3750 10 8 0
2
42 138 
2
3666 16 16 0
3665 10 20 0
2
43 231 
2
3752 18 14 0
3751 14 30 0
2
42 139 
2
3667 16 16 0
3666 12 26 0
2
43 232 
2
3753 18 14 0
3752 26 22 0
2
42 140 
2
3668 16 16 0
3667 14 18 0
2
43 233 
2
3754 18 14 0
3753 8 22 0
2
42 141 
2
3669 16 16 0
3668 14 20 0
2
43 234 
2
3755 18 14 0
3754 12 22 0
2
42 142 
2
3670 16 16 0
3669 8 12 0
2
43 235 
2
3756 18 14 0
3755 14 24 0
2
42 143 
2
3671 16 16 0
3670 22 24 0
2
43 236 
2
3757 18 14 0
3756 8 10 0
2
42 144 
2
3672 16 16 0
3671 24 18 0
2
43 237 
2
3758 18 14 0
3757 20 28 0
2
42 145 
2
3673 16 16 0
3672 22 10 0
2
43 238 
2
3759 18 14 0
3758 14 10 0
2
42 146 
2
3674 16 16 0
3673 30 12 0
2
43 239 
2
3760 18 14 0
3759 16 20 0
2
42 147 
2
3675 16 16 0
3674 4 8 0
2
43 50 
2
3761 18 14 0
3760 4 12 0
2
42 148 
2
3676 16 16 0
3675 12 30 0
2
43 45 
2
3762 18 14 0
3761 16 2 0
2
42 165 
2
3677 16 16 0
3676 4 20 0
2
43 47 
2
3763 18 14 0
3762 26 12 0
2
42 187 
2
3678 16 16 0
3677 12 28 0
2
43 49 
2
3764 18 14 0
3763 32 14 0
2
42 190 
2
3679 16 16 0
3678 26 16 0
2
43 52 
2
3765 18 14 0
3764 18 4 0
2
42 192 
2
3680 16 16 0
3679 18 26 0
2
43 53 
2
3766 18 14 0
3765 18 8 0
2
42 193 
2
3681 16 16 0
3680 6 16 0
2
43 54 
2
3767 18 14 0
3766 24 6 0
2
40 42 
2
3681 10 16 0
3682 16 16 0
2
41 43 
2
3767 20 12 0
3768 18 14 0
2
42 133 
2
3683 16 16 0
3682 10 12 0
2
43 226 
2
3769 18 14 0
3768 18 32 0
2
42 134 
2
3684 16 16 0
3683 16 30 0
2
43 227 
2
3770 18 14 0
3769 2 12 0
2
42 135 
2
3685 16 16 0
3684 10 26 0
2
43 228 
2
3771 18 14 0
3770 12 2 0
2
42 136 
2
3686 16 16 0
3685 16 26 0
2
43 229 
2
3772 18 14 0
3771 2 16 0
2
42 137 
2
3687 16 16 0
3686 16 28 0
2
43 230 
2
3773 18 14 0
3772 10 8 0
2
42 138 
2
3688 16 16 0
3687 10 20 0
2
43 231 
2
3774 18 14 0
3773 14 30 0
2
42 139 
2
3689 16 16 0
3688 12 26 0
2
43 232 
2
3775 18 14 0
3774 26 22 0
2
42 140 
2
3690 16 16 0
3689 14 18 0
2
43 233 
2
3776 18 14 0
3775 8 22 0
2
42 141 
2
3691 16 16 0
3690 14 20 0
2
43 234 
2
3777 18 14 0
3776 12 22 0
2
42 142 
2
3692 16 16 0
3691 8 12 0
2
43 235 
2
3778 18 14 0
3777 14 24 0
2
42 143 
2
3693 16 16 0
3692 22 24 0
2
43 236 
2
3779 18 14 0
3778 8 10 0
2
42 144 
2
3694 16 16 0
3693 24 18 0
2
43 237 
2
3780 18 14 0
3779 20 28 0
2
42 145 
2
3695 16 16 0
3694 22 10 0
2
43 238 
2
3781 18 14 0
3780 14 10 0
2
42 146 
2
3696 16 16 0
3695 30 12 0
2
43 239 
2
3782 18 14 0
3781 16 20 0
2
42 147 
2
3697 16 16 0
3696 4 8 0
2
43 50 
2
3783 18 14 0
3782 4 12 0
2
42 148 
2
3698 16 16 0
3697 12 30 0
2
43 45 
2
3784 18 14 0
3783 16 2 0
2
42 165 
2
3699 16 16 0
3698 4 20 0
2
43 47 
2
3785 18 14 0
3784 26 12 0
2
42 187 
2
3700 16 16 0
3699 12 28 0
2
43 49 
2
3786 18 14 0
3785 32 14 0
2
42 190 
2
3701 16 16 0
3700 26 16 0
2
43 52 
2
3787 18 14 0
3786 18 4 0
2
42 192 
2
3702 16 16 0
3701 18 26 0
2
43 53 
2
3788 18 14 0
3787 18 8 0
2
42 193 
2
3703 16 16 0
3702 6 16 0
2
43 54 
2
3789 18 14 0
3788 24 6 0
2
20 40 
2
3681 14 16 0
3682 10 16 0
2
21 41 
2
3767 20 14 0
3768 20 12 0
2
18 38 
2
3632 4 18 0
3633 4 16 0
2
19 39 
2
3718 20 8 0
3719 22 8 0
2
16 36 
2
3585 4 24 0
3586 4 22 0
2
17 37 
2
3619 26 4 0
3620 24 4 0
2
14 34 
2
3415 4 26 0
3416 2 24 0
2
15 35 
2
3438 26 2 0
3439 28 2 0
2
32 34 
2
3416 2 28 0
3417 2 24 0
2
33 35 
2
3439 32 2 0
3440 28 2 0
2
244 36 
2
3586 34 34 0
3587 4 22 0
2
34 36 
2
3587 2 24 0
3588 4 22 0
2
244 36 
2
3589 34 34 0
3589 4 22 0
2
14 36 
2
3589 4 26 0
3590 4 22 0
2
247 36 
2
3590 34 28 0
3591 4 22 0
2
34 36 
2
3591 2 24 0
3592 4 22 0
2
245 36 
2
3593 34 32 0
3593 4 22 0
2
244 37 
2
3620 34 34 0
3621 24 4 0
2
35 37 
2
3621 28 2 0
3622 24 4 0
2
244 37 
2
3623 34 34 0
3623 24 4 0
2
15 37 
2
3623 26 2 0
3624 24 4 0
2
245 37 
2
3624 34 32 0
3625 24 4 0
2
35 37 
2
3625 28 2 0
3626 24 4 0
2
244 37 
2
3626 34 34 0
3627 24 4 0
2
244 38 
2
3633 34 34 0
3634 4 16 0
2
36 38 
2
3634 4 22 0
3635 4 16 0
2
244 38 
2
3636 34 34 0
3636 4 16 0
2
16 38 
2
3636 4 24 0
3637 4 16 0
2
245 38 
2
3637 34 32 0
3638 4 16 0
2
36 38 
2
3638 4 22 0
3639 4 16 0
2
245 38 
2
3640 34 32 0
3640 4 16 0
2
245 39 
2
3720 34 32 0
3720 22 8 0
2
37 39 
2
3720 24 4 0
3721 22 8 0
2
247 39 
2
3721 34 28 0
3722 22 8 0
2
17 39 
2
3722 26 4 0
3723 22 8 0
2
245 39 
2
3723 34 32 0
3724 22 8 0
2
37 39 
2
3724 24 4 0
3725 22 8 0
2
244 39 
2
3726 34 34 0
3726 22 8 0
2
244 40 
2
3682 34 34 0
3683 10 16 0
2
38 40 
2
3683 4 16 0
3684 10 16 0
2
244 40 
2
3685 34 34 0
3685 10 16 0
2
18 40 
2
3685 4 18 0
3686 10 16 0
2
245 40 
2
3686 34 32 0
3687 10 16 0
2
38 40 
2
3687 4 16 0
3688 10 16 0
2
244 40 
2
3688 34 34 0
3689 10 16 0
2
244 41 
2
3769 34 34 0
3769 20 12 0
2
39 41 
2
3769 22 8 0
3770 20 12 0
2
246 41 
2
3770 34 30 0
3771 20 12 0
2
19 41 
2
3771 20 8 0
3772 20 12 0
2
244 41 
2
3772 34 34 0
3773 20 12 0
2
39 41 
2
3773 22 8 0
3774 20 12 0
2
244 41 
2
3775 34 34 0
3775 20 12 0
2
244 42 
2
3703 34 34 0
3704 16 16 0
2
40 42 
2
3704 10 16 0
3705 16 16 0
2
244 42 
2
3706 34 34 0
3706 16 16 0
2
20 42 
2
3706 14 16 0
3707 16 16 0
2
245 42 
2
3707 34 32 0
3708 16 16 0
2
40 42 
2
3708 10 16 0
3709 16 16 0
2
244 42 
2
3709 34 34 0
3710 16 16 0
2
245 43 
2
3790 34 32 0
3790 18 14 0
2
41 43 
2
3790 20 12 0
3791 18 14 0
2
244 43 
2
3792 34 34 0
3792 18 14 0
2
21 43 
2
3792 20 14 0
3793 18 14 0
2
245 43 
2
3793 34 32 0
3794 18 14 0
2
41 43 
2
3794 20 12 0
3795 18 14 0
2
244 43 
2
3795 34 34 0
3796 18 14 0
2
42 192 
2
3711 16 16 0
3710 18 26 0
2
43 227 
2
3797 18 14 0
3796 2 12 0
2
42 193 
2
3712 16 16 0
3711 6 16 0
2
43 228 
2
3798 18 14 0
3797 12 2 0
2
42 194 
2
3713 16 16 0
3712 14 22 0
2
43 229 
2
3799 18 14 0
3798 2 16 0
2
43 230 
2
3800 18 14 0
3799 10 8 0
2
43 231 
2
3801 18 14 0
3800 14 30 0
2
43 232 
2
3802 18 14 0
3801 26 22 0
2
43 233 
2
3803 18 14 0
3802 8 22 0
2
43 234 
2
3804 18 14 0
3803 12 22 0
2
43 235 
2
3805 18 14 0
3804 14 24 0
2
43 236 
2
3806 18 14 0
3805 8 10 0
2
43 237 
2
3807 18 14 0
3806 20 28 0
2
43 238 
2
3808 18 14 0
3807 14 10 0
2
43 239 
2
3809 18 14 0
3808 16 20 0
2
43 50 
2
3810 18 14 0
3809 4 12 0
2
43 45 
2
3811 18 14 0
3810 16 2 0
2
43 47 
2
3812 18 14 0
3811 26 12 0
2
43 49 
2
3813 18 14 0
3812 32 14 0
2
43 52 
2
3814 18 14 0
3813 18 4 0
2
43 53 
2
3815 18 14 0
3814 18 8 0
2
43 54 
2
3816 18 14 0
3815 24 6 0
2
43 55 
2
3817 18 14 0
3816 24 2 0
2
40 42 
2
3713 10 16 0
3714 16 16 0
2
41 43 
2
3817 20 12 0
3818 18 14 0
2
42 192 
2
3715 16 16 0
3714 18 26 0
2
43 227 
2
3819 18 14 0
3818 2 12 0
2
42 193 
2
3716 16 16 0
3715 6 16 0
2
43 228 
2
3820 18 14 0
3819 12 2 0
2
42 194 
2
3717 16 16 0
3716 14 22 0
2
43 229 
2
3821 18 14 0
3820 2 16 0
2
43 230 
2
3822 18 14 0
3821 10 8 0
2
43 231 
2
3823 18 14 0
3822 14 30 0
2
43 232 
2
3824 18 14 0
3823 26 22 0
2
43 233 
2
3825 18 14 0
3824 8 22 0
2
43 234 
2
3826 18 14 0
3825 12 22 0
2
43 235 
2
3827 18 14 0
3826 14 24 0
2
43 236 
2
3828 18 14 0
3827 8 10 0
2
43 237 
2
3829 18 14 0
3828 20 28 0
2
43 238 
2
3830 18 14 0
3829 14 10 0
2
43 239 
2
3831 18 14 0
3830 16 20 0
2
43 50 
2
3832 18 14 0
3831 4 12 0
2
43 45 
2
3833 18 14 0
3832 16 2 0
2
43 47 
2
3834 18 14 0
3833 26 12 0
2
43 49 
2
3835 18 14 0
3834 32 14 0
2
43 52 
2
3836 18 14 0
3835 18 4 0
2
43 53 
2
3837 18 14 0
3836 18 8 0
2
43 54 
2
3838 18 14 0
3837 24 6 0
2
43 55 
2
3839 18 14 0
3838 24 2 0
2
20 40 
2
3713 14 16 0
3714 10 16 0
2
21 41 
2
3817 20 14 0
3818 20 12 0
2
38 40 
2
3714 4 16 0
3715 10 16 0
2
39 41 
2
3818 22 8 0
3819 20 12 0
2
244 42 
2
3717 34 34 0
3718 16 16 0
2
40 42 
2
3718 10 16 0
3719 16 16 0
2
244 42 
2
3720 34 34 0
3720 16 16 0
2
20 42 
2
3720 14 16 0
3721 16 16 0
2
246 42 
2
3722 34 30 0
3722 16 16 0
2
40 42 
2
3722 10 16 0
3723 16 16 0
2
244 42 
2
3723 34 34 0
3724 16 16 0
2
245 43 
2
3840 34 32 0
3840 18 14 0
2
41 43 
2
3840 20 12 0
3841 18 14 0
2
244 43 
2
3842 34 34 0
3842 18 14 0
2
21 43 
2
3842 20 14 0
3843 18 14 0
2
245 43 
2
3843 34 32 0
3844 18 14 0
2
41 43 
2
3844 20 12 0
3845 18 14 0
2
244 43 
2
3845 34 34 0
3846 18 14 0
2
42 193 
2
3725 16 16 0
3724 6 16 0
2
43 54 
2
3847 18 14 0
3846 24 6 0
2
42 194 
2
3726 16 16 0
3725 14 22 0
2
43 55 
2
3848 18 14 0
3847 24 2 0
2
42 195 
2
3727 16 16 0
3726 10 22 0
2
43 56 
2
3849 18 14 0
3848 32 18 0
2
43 57 
2
3850 18 14 0
3849 22 28 0
2
43 58 
2
3851 18 14 0
3850 10 10 0
2
43 59 
2
3852 18 14 0
3851 28 16 0
2
43 60 
2
3853 18 14 0
3852 16 8 0
2
43 61 
2
3854 18 14 0
3853 18 30 0
2
43 62 
2
3855 18 14 0
3854 20 24 0
2
43 63 
2
3856 18 14 0
3855 16 12 0
2
43 64 
2
3857 18 14 0
3856 16 6 0
2
43 65 
2
3858 18 14 0
3857 10 6 0
2
43 66 
2
3859 18 14 0
3858 18 22 0
2
43 67 
2
3860 18 14 0
3859 18 28 0
2
43 68 
2
3861 18 14 0
3860 18 12 0
2
43 86 
2
3862 18 14 0
3861 6 10 0
2
43 87 
2
3863 18 14 0
3862 22 14 0
2
43 89 
2
3864 18 14 0
3863 24 14 0
2
43 90 
2
3865 18 14 0
3864 20 10 0
2
43 91 
2
3866 18 14 0
3865 28 8 0
2
43 92 
2
3867 18 14 0
3866 32 12 0
2
40 42 
2
3727 10 16 0
3728 16 16 0
2
41 43 
2
3867 20 12 0
3868 18 14 0
2
42 193 
2
3729 16 16 0
3728 6 16 0
2
43 54 
2
3869 18 14 0
3868 24 6 0
2
42 194 
2
3730 16 16 0
3729 14 22 0
2
43 55 
2
3870 18 14 0
3869 24 2 0
2
42 195 
2
3731 16 16 0
3730 10 22 0
2
43 56 
2
3871 18 14 0
3870 32 18 0
2
43 57 
2
3872 18 14 0
3871 22 28 0
2
43 58 
2
3873 18 14 0
3872 10 10 0
2
43 59 
2
3874 18 14 0
3873 28 16 0
2
43 60 
2
3875 18 14 0
3874 16 8 0
2
43 61 
2
3876 18 14 0
3875 18 30 0
2
43 62 
2
3877 18 14 0
3876 20 24 0
2
43 63 
2
3878 18 14 0
3877 16 12 0
2
43 64 
2
3879 18 14 0
3878 16 6 0
2
43 65 
2
3880 18 14 0
3879 10 6 0
2
43 66 
2
3881 18 14 0
3880 18 22 0
2
43 67 
2
3882 18 14 0
3881 18 28 0
2
43 68 
2
3883 18 14 0
3882 18 12 0
2
43 86 
2
3884 18 14 0
3883 6 10 0
2
43 87 
2
3885 18 14 0
3884 22 14 0
2
43 89 
2
3886 18 14 0
3885 24 14 0
2
43 90 
2
3887 18 14 0
3886 20 10 0
2
43 91 
2
3888 18 14 0
3887 28 8 0
2
43 92 
2
3889 18 14 0
3888 32 12 0
2
20 40 
2
3727 14 16 0
3728 10 16 0
2
21 41 
2
3867 20 14 0
3868 20 12 0
2
18 38 
2
3714 4 18 0
3715 4 16 0
2
19 39 
2
3818 20 8 0
3819 22 8 0
2
36 38 
2
3715 4 22 0
3716 4 16 0
2
37 39 
2
3819 24 4 0
3820 22 8 0
2
244 40 
2
3729 34 34 0
3729 10 16 0
2
38 40 
2
3729 4 16 0
3730 10 16 0
2
245 40 
2
3730 34 32 0
3731 10 16 0
2
18 40 
2
3731 4 18 0
3732 10 16 0
2
245 40 
2
3733 34 32 0
3733 10 16 0
2
38 40 
2
3733 4 16 0
3734 10 16 0
2
244 40 
2
3735 34 34 0
3735 10 16 0
2
245 41 
2
3868 34 32 0
3869 20 12 0
2
39 41 
2
3869 22 8 0
3870 20 12 0
2
245 41 
2
3871 34 32 0
3871 20 12 0
2
19 41 
2
3871 20 8 0
3872 20 12 0
2
244 41 
2
3873 34 34 0
3873 20 12 0
2
39 41 
2
3873 22 8 0
3874 20 12 0
2
245 41 
2
3874 34 32 0
3875 20 12 0
2
244 42 
2
3732 34 34 0
3732 16 16 0
2
40 42 
2
3736 10 16 0
3735 16 16 0
2
245 42 
2
3736 34 32 0
3736 16 16 0
2
20 42 
2
3736 14 16 0
3737 16 16 0
2
244 42 
2
3738 34 34 0
3738 16 16 0
2
40 42 
2
3738 10 16 0
3739 16 16 0
2
245 42 
2
3739 34 32 0
3740 16 16 0
2
244 43 
2
3889 34 34 0
3890 18 14 0
2
41 43 
2
3890 20 12 0
3891 18 14 0
2
244 43 
2
3892 34 34 0
3892 18 14 0
2
21 43 
2
3892 20 14 0
3893 18 14 0
2
246 43 
2
3893 34 30 0
3894 18 14 0
2
41 43 
2
3894 20 12 0
3895 18 14 0
2
245 43 
2
3896 34 32 0
3896 18 14 0
2
42 192 
2
3741 16 16 0
3740 18 26 0
2
43 55 
2
3897 18 14 0
3896 24 2 0
2
42 193 
2
3742 16 16 0
3741 6 16 0
2
43 56 
2
3898 18 14 0
3897 32 18 0
2
42 194 
2
3743 16 16 0
3742 14 22 0
2
43 57 
2
3899 18 14 0
3898 22 28 0
2
42 195 
2
3744 16 16 0
3743 10 22 0
2
43 58 
2
3900 18 14 0
3899 10 10 0
2
42 196 
2
3745 16 16 0
3744 8 18 0
2
43 59 
2
3901 18 14 0
3900 28 16 0
2
42 197 
2
3746 16 16 0
3745 16 22 0
2
43 60 
2
3902 18 14 0
3901 16 8 0
2
42 198 
2
3747 16 16 0
3746 16 18 0
2
43 61 
2
3903 18 14 0
3902 18 30 0
2
42 199 
2
3748 16 16 0
3747 14 28 0
2
43 62 
2
3904 18 14 0
3903 20 24 0
2
42 200 
2
3749 16 16 0
3748 10 18 0
2
43 63 
2
3905 18 14 0
3904 16 12 0
2
42 201 
2
3750 16 16 0
3749 18 20 0
2
43 64 
2
3906 18 14 0
3905 16 6 0
2
42 202 
2
3751 16 16 0
3750 14 14 0
2
43 65 
2
3907 18 14 0
3906 10 6 0
2
42 203 
2
3752 16 16 0
3751 2 14 0
2
43 66 
2
3908 18 14 0
3907 18 22 0
2
42 204 
2
3753 16 16 0
3752 20 20 0
2
43 67 
2
3909 18 14 0
3908 18 28 0
2
42 205 
2
3754 16 16 0
3753 18 10 0
2
43 68 
2
3910 18 14 0
3909 18 12 0
2
42 206 
2
3755 16 16 0
3754 26 24 0
2
43 86 
2
3911 18 14 0
3910 6 10 0
2
42 207 
2
3756 16 16 0
3755 4 10 0
2
43 87 
2
3912 18 14 0
3911 22 14 0
2
42 208 
2
3757 16 16 0
3756 32 16 0
2
43 89 
2
3913 18 14 0
3912 24 14 0
2
42 209 
2
3758 16 16 0
3757 2 18 0
2
43 90 
2
3914 18 14 0
3913 20 10 0
2
42 210 
2
3759 16 16 0
3758 8 24 0
2
43 91 
2
3915 18 14 0
3914 28 8 0
2
42 211 
2
3760 16 16 0
3759 6 18 0
2
43 92 
2
3916 18 14 0
3915 32 12 0
2
42 212 
2
3761 16 16 0
3760 16 24 0
2
43 93 
2
3917 18 14 0
3916 20 2 0
2
40 42 
2
3761 10 16 0
3762 16 16 0
2
41 43 
2
3917 20 12 0
3918 18 14 0
2
42 192 
2
3763 16 16 0
3762 18 26 0
2
43 55 
2
3919 18 14 0
3918 24 2 0
2
42 193 
2
3764 16 16 0
3763 6 16 0
2
43 56 
2
3920 18 14 0
3919 32 18 0
2
42 194 
2
3765 16 16 0
3764 14 22 0
2
43 57 
2
3921 18 14 0
3920 22 28 0
2
42 195 
2
3766 16 16 0
3765 10 22 0
2
43 58 
2
3922 18 14 0
3921 10 10 0
2
42 196 
2
3767 16 16 0
3766 8 18 0
2
43 59 
2
3923 18 14 0
3922 28 16 0
2
42 197 
2
3768 16 16 0
3767 16 22 0
2
43 60 
2
3924 18 14 0
3923 16 8 0
2
42 198 
2
3769 16 16 0
3768 16 18 0
2
43 61 
2
3925 18 14 0
3924 18 30 0
2
42 199 
2
3770 16 16 0
3769 14 28 0
2
43 62 
2
3926 18 14 0
3925 20 24 0
2
42 200 
2
3771 16 16 0
3770 10 18 0
2
43 63 
2
3927 18 14 0
3926 16 12 0
2
42 201 
2
3772 16 16 0
3771 18 20 0
2
43 64 
2
3928 18 14 0
3927 16 6 0
2
42 202 
2
3773 16 16 0
3772 14 14 0
2
43 65 
2
3929 18 14 0
3928 10 6 0
2
42 203 
2
3774 16 16 0
3773 2 14 0
2
43 66 
2
3930 18 14 0
3929 18 22 0
2
42 204 
2
3775 16 16 0
3774 20 20 0
2
43 67 
2
3931 18 14 0
3930 18 28 0
2
42 205 
2
3776 16 16 0
3775 18 10 0
2
43 68 
2
3932 18 14 0
3931 18 12 0
2
42 206 
2
3777 16 16 0
3776 26 24 0
2
43 86 
2
3933 18 14 0
3932 6 10 0
2
42 207 
2
3778 16 16 0
3777 4 10 0
2
43 87 
2
3934 18 14 0
3933 22 14 0
2
42 208 
2
3779 16 16 0
3778 32 16 0
2
43 89 
2
3935 18 14 0
3934 24 14 0
2
42 209 
2
3780 16 16 0
3779 2 18 0
2
43 90 
2
3936 18 14 0
3935 20 10 0
2
42 210 
2
3781 16 16 0
3780 8 24 0
2
43 91 
2
3937 18 14 0
3936 28 8 0
2
42 211 
2
3782 16 16 0
3781 6 18 0
2
43 92 
2
3938 18 14 0
3937 32 12 0
2
42 212 
2
3783 16 16 0
3782 16 24 0
2
43 93 
2
3939 18 14 0
3938 20 2 0
2
20 40 
2
3761 14 16 0
3762 10 16 0
2
21 41 
2
3917 20 14 0
3918 20 12 0
2
38 40 
2
3762 4 16 0
3763 10 16 0
2
39 41 
2
3918 22 8 0
3919 20 12 0
2
244 42 
2
3783 34 34 0
3784 16 16 0
2
40 42 
2
3784 10 16 0
3785 16 16 0
2
244 42 
2
3786 34 34 0
3786 16 16 0
2
20 42 
2
3786 14 16 0
3787 16 16 0
2
245 42 
2
3787 34 32 0
3788 16 16 0
2
40 42 
2
3788 10 16 0
3789 16 16 0
2
244 42 
2
3789 34 34 0
3790 16 16 0
2
244 43 
2
3939 34 34 0
3940 18 14 0
2
41 43 
2
3940 20 12 0
3941 18 14 0
2
244 43 
2
3942 34 34 0
3942 18 14 0
2
21 43 
2
3942 20 14 0
3943 18 14 0
2
246 43 
2
3943 34 30 0
3944 18 14 0
2
41 43 
2
3944 20 12 0
3945 18 14 0
2
245 43 
2
3945 34 32 0
3946 18 14 0
2
42 193 
2
3791 16 16 0
3790 6 16 0
2
43 92 
2
3947 18 14 0
3946 32 12 0
2
42 194 
2
3792 16 16 0
3791 14 22 0
2
43 93 
2
3948 18 14 0
3947 20 2 0
2
42 195 
2
3793 16 16 0
3792 10 22 0
2
43 94 
2
3949 18 14 0
3948 8 6 0
2
42 196 
2
3794 16 16 0
3793 8 18 0
2
43 95 
2
3950 18 14 0
3949 6 12 0
2
42 197 
2
3795 16 16 0
3794 16 22 0
2
43 96 
2
3951 18 14 0
3950 16 4 0
2
42 198 
2
3796 16 16 0
3795 16 18 0
2
43 97 
2
3952 18 14 0
3951 12 14 0
2
42 199 
2
3797 16 16 0
3796 14 28 0
2
43 98 
2
3953 18 14 0
3952 22 16 0
2
42 200 
2
3798 16 16 0
3797 10 18 0
2
43 99 
2
3954 18 14 0
3953 18 24 0
2
42 201 
2
3799 16 16 0
3798 18 20 0
2
43 100 
2
3955 18 14 0
3954 12 10 0
2
42 202 
2
3800 16 16 0
3799 14 14 0
2
43 101 
2
3956 18 14 0
3955 18 18 0
2
42 203 
2
3801 16 16 0
3800 2 14 0
2
43 102 
2
3957 18 14 0
3956 14 8 0
2
42 204 
2
3802 16 16 0
3801 20 20 0
2
43 103 
2
3958 18 14 0
3957 14 6 0
2
42 205 
2
3803 16 16 0
3802 18 10 0
2
43 104 
2
3959 18 14 0
3958 22 26 0
2
42 206 
2
3804 16 16 0
3803 26 24 0
2
43 105 
2
3960 18 14 0
3959 20 16 0
2
42 207 
2
3805 16 16 0
3804 4 10 0
2
43 106 
2
3961 18 14 0
3960 24 20 0
2
42 208 
2
3806 16 16 0
3805 32 16 0
2
43 107 
2
3962 18 14 0
3961 30 16 0
2
42 209 
2
3807 16 16 0
3806 2 18 0
2
43 108 
2
3963 18 14 0
3962 28 10 0
2
42 210 
2
3808 16 16 0
3807 8 24 0
2
43 109 
2
3964 18 14 0
3963 26 10 0
2
42 211 
2
3809 16 16 0
3808 6 18 0
2
43 111 
2
3965 18 14 0
3964 18 6 0
2
42 212 
2
3810 16 16 0
3809 16 24 0
2
43 112 
2
3966 18 14 0
3965 30 14 0
2
42 213 
2
3811 16 16 0
3810 16 32 0
2
43 113 
2
3967 18 14 0
3966 22 4 0
2
40 42 
2
3811 10 16 0
3812 16 16 0
2
41 43 
2
3967 20 12 0
3968 18 14 0
2
42 193 
2
3813 16 16 0
3812 6 16 0
2
43 92 
2
3969 18 14 0
3968 32 12 0
2
42 194 
2
3814 16 16 0
3813 14 22 0
2
43 93 
2
3970 18 14 0
3969 20 2 0
2
42 195 
2
3815 16 16 0
3814 10 22 0
2
43 94 
2
3971 18 14 0
3970 8 6 0
2
42 196 
2
3816 16 16 0
3815 8 18 0
2
43 95 
2
3972 18 14 0
3971 6 12 0
2
42 197 
2
3817 16 16 0
3816 16 22 0
2
43 96 
2
3973 18 14 0
3972 16 4 0
2
42 198 
2
3818 16 16 0
3817 16 18 0
2
43 97 
2
3974 18 14 0
3973 12 14 0
2
42 199 
2
3819 16 16 0
3818 14 28 0
2
43 98 
2
3975 18 14 0
3974 22 16 0
2
42 200 
2
3820 16 16 0
3819 10 18 0
2
43 99 
2
3976 18 14 0
3975 18 24 0
2
42 201 
2
3821 16 16 0
3820 18 20 0
2
43 100 
2
3977 18 14 0
3976 12 10 0
2
42 202 
2
3822 16 16 0
3821 14 14 0
2
43 101 
2
3978 18 14 0
3977 18 18 0
2
42 203 
2
3823 16 16 0
3822 2 14 0
2
43 102 
2
3979 18 14 0
3978 14 8 0
2
42 204 
2
3824 16 16 0
3823 20 20 0
2
43 103 
2
3980 18 14 0
3979 14 6 0
2
42 205 
2
3825 16 16 0
3824 18 10 0
2
43 104 
2
3981 18 14 0
3980 22 26 0
2
42 206 
2
3826 16 16 0
3825 26 24 0
2
43 105 
2
3982 18 14 0
3981 20 16 0
2
42 207 
2
3827 16 16 0
3826 4 10 0
2
43 106 
2
3983 18 14 0
3982 24 20 0
2
42 208 
2
3828 16 16 0
3827 32 16 0
2
43 107 
2
3984 18 14 0
3983 30 16 0
2
42 209 
2
3829 16 16 0
3828 2 18 0
2
43 108 
2
3985 18 14 0
3984 28 10 0
2
42 210 
2
3830 16 16 0
3829 8 24 0
2
43 109 
2
3986 18 14 0
3985 26 10 0
2
42 211 
2
3831 16 16 0
3830 6 18 0
2
43 111 
2
3987 18 14 0
3986 18 6 0
2
42 212 
2
3832 16 16 0
3831 16 24 0
2
43 112 
2
3988 18 14 0
3987 30 14 0
2
42 213 
2
3833 16 16 0
3832 16 32 0
2
43 113 
2
3989 18 14 0
3988 22 4 0
2
20 40 
2
3811 14 16 0
3812 10 16 0
2
21 41 
2
3967 20 14 0
3968 20 12 0
2
18 38 
2
3762 4 18 0
3763 4 16 0
2
19 39 
2
3918 20 8 0
3919 22 8 0
2
16 36 
2
3715 4 24 0
3716 4 22 0
2
17 37 
2
3819 26 4 0
3820 24 4 0
2
34 36 
2
3716 2 24 0
3717 4 22 0
2
35 37 
2
3820 28 2 0
3821 24 4 0
2
244 38 
2
3763 34 34 0
3764 4 16 0
2
36 38 
2
3764 4 22 0
3765 4 16 0
2
244 38 
2
3766 34 34 0
3766 4 16 0
2
16 38 
2
3766 4 24 0
3767 4 16 0
2
245 38 
2
3767 34 32 0
3768 4 16 0
2
36 38 
2
3768 4 22 0
3769 4 16 0
2
245 38 
2
3770 34 32 0
3770 4 16 0
2
245 39 
2
3920 34 32 0
3920 22 8 0
2
37 39 
2
3920 24 4 0
3921 22 8 0
2
244 39 
2
3922 34 34 0
3922 22 8 0
2
17 39 
2
3922 26 4 0
3923 22 8 0
2
245 39 
2
3923 34 32 0
3924 22 8 0
2
37 39 
2
3924 24 4 0
3925 22 8 0
2
244 39 
2
3925 34 34 0
3926 22 8 0
2
244 40 
2
3812 34 34 0
3813 10 16 0
2
38 40 
2
3813 4 16 0
3814 10 16 0
2
244 40 
2
3815 34 34 0
3815 10 16 0
2
18 40 
2
3815 4 18 0
3816 10 16 0
2
245 40 
2
3816 34 32 0
3817 10 16 0
2
38 40 
2
3817 4 16 0
3818 10 16 0
2
244 40 
2
3818 34 34 0
3819 10 16 0
2
244 41 
2
3969 34 34 0
3969 20 12 0
2
39 41 
2
3969 22 8 0
3970 20 12 0
2
246 41 
2
3970 34 30 0
3971 20 12 0
2
19 41 
2
3971 20 8 0
3972 20 12 0
2
244 41 
2
3972 34 34 0
3973 20 12 0
2
39 41 
2
3973 22 8 0
3974 20 12 0
2
244 41 
2
3975 34 34 0
3975 20 12 0
2
244 42 
2
3833 34 34 0
3834 16 16 0
2
40 42 
2
3834 10 16 0
3835 16 16 0
2
244 42 
2
3836 34 34 0
3836 16 16 0
2
20 42 
2
3836 14 16 0
3837 16 16 0
2
245 42 
2
3837 34 32 0
3838 16 16 0
2
40 42 
2
3838 10 16 0
3839 16 16 0
2
244 42 
2
3839 34 34 0
3840 16 16 0
2
245 43 
2
3989 34 32 0
3990 18 14 0
2
41 43 
2
3990 20 12 0
3991 18 14 0
2
246 43 
2
3991 34 30 0
3992 18 14 0
2
21 43 
2
3992 20 14 0
3993 18 14 0
2
244 43 
2
3994 34 34 0
3994 18 14 0
2
41 43 
2
3994 20 12 0
3995 18 14 0
2
247 43 
2
3995 34 28 0
3996 18 14 0
2
42 212 
2
3841 16 16 0
3840 16 24 0
2
43 93 
2
3997 18 14 0
3996 20 2 0
2
42 213 
2
3842 16 16 0
3841 16 32 0
2
43 94 
2
3998 18 14 0
3997 8 6 0
2
42 214 
2
3843 16 16 0
3842 12 20 0
2
43 95 
2
3999 18 14 0
3998 6 12 0
2
43 96 
2
4000 18 14 0
3999 16 4 0
2
43 97 
2
4001 18 14 0
4000 12 14 0
2
43 98 
2
4002 18 14 0
4001 22 16 0
2
43 99 
2
4003 18 14 0
4002 18 24 0
2
43 100 
2
4004 18 14 0
4003 12 10 0
2
43 101 
2
4005 18 14 0
4004 18 18 0
2
43 102 
2
4006 18 14 0
4005 14 8 0
2
43 103 
2
4007 18 14 0
4006 14 6 0
2
43 104 
2
4008 18 14 0
4007 22 26 0
2
43 105 
2
4009 18 14 0
4008 20 16 0
2
43 106 
2
4010 18 14 0
4009 24 20 0
2
43 107 
2
4011 18 14 0
4010 30 16 0
2
43 108 
2
4012 18 14 0
4011 28 10 0
2
43 109 
2
4013 18 14 0
4012 26 10 0
2
43 111 
2
4014 18 14 0
4013 18 6 0
2
43 112 
2
4015 18 14 0
4014 30 14 0
2
43 113 
2
4016 18 14 0
4015 22 4 0
2
43 114 
2
4017 18 14 0
4016 30 10 0
2
40 42 
2
3843 10 16 0
3844 16 16 0
2
41 43 
2
4017 20 12 0
4018 18 14 0
2
42 212 
2
3845 16 16 0
3844 16 24 0
2
43 93 
2
4019 18 14 0
4018 20 2 0
2
42 213 
2
3846 16 16 0
3845 16 32 0
2
43 94 
2
4020 18 14 0
4019 8 6 0
2
42 214 
2
3847 16 16 0
3846 12 20 0
2
43 95 
2
4021 18 14 0
4020 6 12 0
2
43 96 
2
4022 18 14 0
4021 16 4 0
2
43 97 
2
4023 18 14 0
4022 12 14 0
2
43 98 
2
4024 18 14 0
4023 22 16 0
2
43 99 
2
4025 18 14 0
4024 18 24 0
2
43 100 
2
4026 18 14 0
4025 12 10 0
2
43 101 
2
4027 18 14 0
4026 18 18 0
2
43 102 
2
4028 18 14 0
4027 14 8 0
2
43 103 
2
4029 18 14 0
4028 14 6 0
2
43 104 
2
4030 18 14 0
4029 22 26 0
2
43 105 
2
4031 18 14 0
4030 20 16 0
2
43 106 
2
4032 18 14 0
4031 24 20 0
2
43 107 
2
4033 18 14 0
4032 30 16 0
2
43 108 
2
4034 18 14 0
4033 28 10 0
2
43 109 
2
4035 18 14 0
4034 26 10 0
2
43 111 
2
4036 18 14 0
4035 18 6 0
2
43 112 
2
4037 18 14 0
4036 30 14 0
2
43 113 
2
4038 18 14 0
4037 22 4 0
2
43 114 
2
4039 18 14 0
4038 30 10 0
2
20 40 
2
3843 14 16 0
3844 10 16 0
2
21 41 
2
4017 20 14 0
4018 20 12 0
2
38 40 
2
3844 4 16 0
3845 10 16 0
2
39 41 
2
4018 22 8 0
4019 20 12 0
2
244 42 
2
3848 34 34 0
3848 16 16 0
2
40 42 
2
3848 10 16 0
3849 16 16 0
2
246 42 
2
3849 34 30 0
3850 16 16 0
2
20 42 
2
3850 14 16 0
3851 16 16 0
2
245 42 
2
3852 34 32 0
3852 16 16 0
2
40 42 
2
3852 10 16 0
3853 16 16 0
2
244 42 
2
3854 34 34 0
3854 16 16 0
2
244 43 
2
4039 34 34 0
4040 18 14 0
2
41 43 
2
4040 20 12 0
4041 18 14 0
2
244 43 
2
4042 34 34 0
4042 18 14 0
2
21 43 
2
4042 20 14 0
4043 18 14 0
2
246 43 
2
4043 34 30 0
4044 18 14 0
2
41 43 
2
4044 20 12 0
4045 18 14 0
2
245 43 
2
4046 34 32 0
4046 18 14 0
2
42 213 
2
3855 16 16 0
3854 16 32 0
2
43 113 
2
4047 18 14 0
4046 22 4 0
2
42 214 
2
3856 16 16 0
3855 12 20 0
2
43 114 
2
4048 18 14 0
4047 30 10 0
2
42 215 
2
3857 16 16 0
3856 18 16 0
2
43 115 
2
4049 18 14 0
4048 2 10 0
2
43 116 
2
4050 18 14 0
4049 8 8 0
2
43 117 
2
4051 18 14 0
4050 12 8 0
2
43 118 
2
4052 18 14 0
4051 12 12 0
2
43 119 
2
4053 18 14 0
4052 22 18 0
2
43 120 
2
4054 18 14 0
4053 28 20 0
2
43 121 
2
4055 18 14 0
4054 8 14 0
2
43 122 
2
4056 18 14 0
4055 12 6 0
2
43 123 
2
4057 18 14 0
4056 22 20 0
2
43 124 
2
4058 18 14 0
4057 20 26 0
2
43 125 
2
4059 18 14 0
4058 12 16 0
2
43 126 
2
4060 18 14 0
4059 16 10 0
2
43 128 
2
4061 18 14 0
4060 16 14 0
2
43 129 
2
4062 18 14 0
4061 28 12 0
2
43 130 
2
4063 18 14 0
4062 22 6 0
2
43 131 
2
4064 18 14 0
4063 28 14 0
2
43 149 
2
4065 18 14 0
4064 20 6 0
2
43 150 
2
4066 18 14 0
4065 24 8 0
2
43 151 
2
4067 18 14 0
4066 22 2 0
2
40 42 
2
3857 10 16 0
3858 16 16 0
2
41 43 
2
4067 20 12 0
4068 18 14 0
2
42 213 
2
3859 16 16 0
3858 16 32 0
2
43 113 
2
4069 18 14 0
4068 22 4 0
2
42 214 
2
3860 16 16 0
3859 12 20 0
2
43 114 
2
4070 18 14 0
4069 30 10 0
2
42 215 
2
3861 16 16 0
3860 18 16 0
2
43 115 
2
4071 18 14 0
4070 2 10 0
2
43 116 
2
4072 18 14 0
4071 8 8 0
2
43 117 
2
4073 18 14 0
4072 12 8 0
2
43 118 
2
4074 18 14 0
4073 12 12 0
2
43 119 
2
4075 18 14 0
4074 22 18 0
2
43 120 
2
4076 18 14 0
4075 28 20 0
2
43 121 
2
4077 18 14 0
4076 8 14 0
2
43 122 
2
4078 18 14 0
4077 12 6 0
2
43 123 
2
4079 18 14 0
4078 22 20 0
2
43 124 
2
4080 18 14 0
4079 20 26 0
2
43 125 
2
4081 18 14 0
4080 12 16 0
2
43 126 
2
4082 18 14 0
4081 16 10 0
2
43 128 
2
4083 18 14 0
4082 16 14 0
2
43 129 
2
4084 18 14 0
4083 28 12 0
2
43 130 
2
4085 18 14 0
4084 22 6 0
2
43 131 
2
4086 18 14 0
4085 28 14 0
2
43 149 
2
4087 18 14 0
4086 20 6 0
2
43 150 
2
4088 18 14 0
4087 24 8 0
2
43 151 
2
4089 18 14 0
4088 22 2 0
2
20 40 
2
3857 14 16 0
3858 10 16 0
2
21 41 
2
4067 20 14 0
4068 20 12 0
2
18 38 
2
3844 4 18 0
3845 4 16 0
2
19 39 
2
4018 20 8 0
4019 22 8 0
2
36 38 
2
3845 4 22 0
3846 4 16 0
2
37 39 
2
4019 24 4 0
4020 22 8 0
2
244 40 
2
3858 34 34 0
3859 10 16 0
2
38 40 
2
3859 4 16 0
3860 10 16 0
2
244 40 
2
3861 34 34 0
3861 10 16 0
2
18 40 
2
3861 4 18 0
3862 10 16 0
2
246 40 
2
3862 34 30 0
3863 10 16 0
2
38 40 
2
3863 4 16 0
3864 10 16 0
2
244 40 
2
3864 34 34 0
3865 10 16 0
2
244 41 
2
4068 34 34 0
4069 20 12 0
2
39 41 
2
4069 22 8 0
4070 20 12 0
2
244 41 
2
4071 34 34 0
4071 20 12 0
2
19 41 
2
4071 20 8 0
4072 20 12 0
2
246 41 
2
4072 34 30 0
4073 20 12 0
2
39 41 
2
4073 22 8 0
4074 20 12 0
2
245 41 
2
4075 34 32 0
4075 20 12 0
2
245 42 
2
3861 34 32 0
3862 16 16 0
2
40 42 
2
3866 10 16 0
3865 16 16 0
2
245 42 
2
3865 34 32 0
3866 16 16 0
2
20 42 
2
3866 14 16 0
3867 16 16 0
2
244 42 
2
3867 34 34 0
3868 16 16 0
2
40 42 
2
3868 10 16 0
3869 16 16 0
2
244 42 
2
3870 34 34 0
3870 16 16 0
2
244 43 
2
4089 34 34 0
4090 18 14 0
2
41 43 
2
4090 20 12 0
4091 18 14 0
2
244 43 
2
4092 34 34 0
4092 18 14 0
2
21 43 
2
4092 20 14 0
4093 18 14 0
2
246 43 
2
4093 34 30 0
4094 18 14 0
2
41 43 
2
4094 20 12 0
4095 18 14 0
2
245 43 
2
4096 34 32 0
4096 18 14 0
2
42 212 
2
3871 16 16 0
3870 16 24 0
2
43 114 
2
4097 18 14 0
4096 30 10 0
2
42 213 
2
3872 16 16 0
3871 16 32 0
2
43 115 
2
4098 18 14 0
4097 2 10 0
2
42 214 
2
3873 16 16 0
3872 12 20 0
2
43 116 
2
4099 18 14 0
4098 8 8 0
2
42 215 
2
3874 16 16 0
3873 18 16 0
2
43 117 
2
4100 18 14 0
4099 12 8 0
2
42 216 
2
3875 16 16 0
3874 8 20 0
2
43 118 
2
4101 18 14 0
4100 12 12 0
2
42 217 
2
3876 16 16 0
3875 14 26 0
2
43 119 
2
4102 18 14 0
4101 22 18 0
2
42 218 
2
3877 16 16 0
3876 10 24 0
2
43 120 
2
4103 18 14 0
4102 28 20 0
2
42 219 
2
3878 16 16 0
3877 24 24 0
2
43 121 
2
4104 18 14 0
4103 8 14 0
2
42 220 
2
3879 16 16 0
3878 12 24 0
2
43 122 
2
4105 18 14 0
4104 12 6 0
2
42 221 
2
3880 16 16 0
3879 6 22 0
2
43 123 
2
4106 18 14 0
4105 22 20 0
2
42 222 
2
3881 16 16 0
3880 6 14 0
2
43 124 
2
4107 18 14 0
4106 20 26 0
2
42 223 
2
3882 16 16 0
3881 14 12 0
2
43 125 
2
4108 18 14 0
4107 12 16 0
2
42 224 
2
3883 16 16 0
3882 24 12 0
2
43 126 
2
4109 18 14 0
4108 16 10 0
2
42 225 
2
3884 16 16 0
3883 20 18 0
2
43 128 
2
4110 18 14 0
4109 16 14 0
2
42 226 
2
3885 16 16 0
3884 18 32 0
2
43 129 
2
4111 18 14 0
4110 28 12 0
2
42 227 
2
3886 16 16 0
3885 2 12 0
2
43 130 
2
4112 18 14 0
4111 22 6 0
2
42 228 
2
3887 16 16 0
3886 12 2 0
2
43 131 
2
4113 18 14 0
4112 28 14 0
2
42 229 
2
3888 16 16 0
3887 2 16 0
2
43 149 
2
4114 18 14 0
4113 20 6 0
2
42 230 
2
3889 16 16 0
3888 10 8 0
2
43 150 
2
4115 18 14 0
4114 24 8 0
2
42 231 
2
3890 16 16 0
3889 14 30 0
2
43 151 
2
4116 18 14 0
4115 22 2 0
2
42 232 
2
3891 16 16 0
3890 26 22 0
2
43 152 
2
4117 18 14 0
4116 22 30 0
2
40 42 
2
3891 10 16 0
3892 16 16 0
2
41 43 
2
4117 20 12 0
4118 18 14 0
2
42 212 
2
3893 16 16 0
3892 16 24 0
2
43 114 
2
4119 18 14 0
4118 30 10 0
2
42 213 
2
3894 16 16 0
3893 16 32 0
2
43 115 
2
4120 18 14 0
4119 2 10 0
2
42 214 
2
3895 16 16 0
3894 12 20 0
2
43 116 
2
4121 18 14 0
4120 8 8 0
2
42 215 
2
3896 16 16 0
3895 18 16 0
2
43 117 
2
4122 18 14 0
4121 12 8 0
2
42 216 
2
3897 16 16 0
3896 8 20 0
2
43 118 
2
4123 18 14 0
4122 12 12 0
2
42 217 
2
3898 16 16 0
3897 14 26 0
2
43 119 
2
4124 18 14 0
4123 22 18 0
2
42 218 
2
3899 16 16 0
3898 10 24 0
2
43 120 
2
4125 18 14 0
4124 28 20 0
2
42 219 
2
3900 16 16 0
3899 24 24 0
2
43 121 
2
4126 18 14 0
4125 8 14 0
2
42 220 
2
3901 16 16 0
3900 12 24 0
2
43 122 
2
4127 18 14 0
4126 12 6 0
2
42 221 
2
3902 16 16 0
3901 6 22 0
2
43 123 
2
4128 18 14 0
4127 22 20 0
2
42 222 
2
3903 16 16 0
3902 6 14 0
2
43 124 
2
4129 18 14 0
4128 20 26 0
2
42 223 
2
3904 16 16 0
3903 14 12 0
2
43 125 
2
4130 18 14 0
4129 12 16 0
2
42 224 
2
3905 16 16 0
3904 24 12 0
2
43 126 
2
4131 18 14 0
4130 16 10 0
2
42 225 
2
3906 16 16 0
3905 20 18 0
2
43 128 
2
4132 18 14 0
4131 16 14 0
2
42 226 
2
3907 16 16 0
3906 18 32 0
2
43 129 
2
4133 18 14 0
4132 28 12 0
2
42 227 
2
3908 16 16 0
3907 2 12 0
2
43 130 
2
4134 18 14 0
4133 22 6 0
2
42 228 
2
3909 16 16 0
3908 12 2 0
2
43 131 
2
4135 18 14 0
4134 28 14 0
2
42 229 
2
3910 16 16 0
3909 2 16 0
2
43 149 
2
4136 18 14 0
4135 20 6 0
2
42 230 
2
3911 16 16 0
3910 10 8 0
2
43 150 
2
4137 18 14 0
4136 24 8 0
2
42 231 
2
3912 16 16 0
3911 14 30 0
2
43 151 
2
4138 18 14 0
4137 22 2 0
2
42 232 
2
3913 16 16 0
3912 26 22 0
2
43 152 
2
4139 18 14 0
4138 22 30 0
2
20 40 
2
3891 14 16 0
3892 10 16 0
2
21 41 
2
4117 20 14 0
4118 20 12 0
2
38 40 
2
3892 4 16 0
3893 10 16 0
2
39 41 
2
4118 22 8 0
4119 20 12 0
2
244 42 
2
3913 34 34 0
3914 16 16 0
2
40 42 
2
3914 10 16 0
3915 16 16 0
2
244 42 
2
3916 34 34 0
3916 16 16 0
2
20 42 
2
3916 14 16 0
3917 16 16 0
2
245 42 
2
3917 34 32 0
3918 16 16 0
2
40 42 
2
3918 10 16 0
3919 16 16 0
2
244 42 
2
3919 34 34 0
3920 16 16 0
2
244 43 
2
4139 34 34 0
4140 18 14 0
2
41 43 
2
4140 20 12 0
4141 18 14 0
2
244 43 
2
4142 34 34 0
4142 18 14 0
2
21 43 
2
4142 20 14 0
4143 18 14 0
2
245 43 
2
4143 34 32 0
4144 18 14 0
2
41 43 
2
4144 20 12 0
4145 18 14 0
2
244 43 
2
4145 34 34 0
4146 18 14 0
2
42 213 
2
3921 16 16 0
3920 16 32 0
2
43 151 
2
4147 18 14 0
4146 22 2 0
2
42 214 
2
3922 16 16 0
3921 12 20 0
2
43 152 
2
4148 18 14 0
4147 22 30 0
2
42 215 
2
3923 16 16 0
3922 18 16 0
2
43 153 
2
4149 18 14 0
4148 24 26 0
2
42 216 
2
3924 16 16 0
3923 8 20 0
2
43 154 
2
4150 18 14 0
4149 28 18 0
2
42 217 
2
3925 16 16 0
3924 14 26 0
2
43 155 
2
4151 18 14 0
4150 22 22 0
2
42 218 
2
3926 16 16 0
3925 10 24 0
2
43 156 
2
4152 18 14 0
4151 26 18 0
2
42 219 
2
3927 16 16 0
3926 24 24 0
2
43 157 
2
4153 18 14 0
4152 24 16 0
2
42 220 
2
3928 16 16 0
3927 12 24 0
2
43 158 
2
4154 18 14 0
4153 4 14 0
2
42 221 
2
3929 16 16 0
3928 6 22 0
2
43 159 
2
4155 18 14 0
4154 14 4 0
2
42 222 
2
3930 16 16 0
3929 6 14 0
2
43 160 
2
4156 18 14 0
4155 10 14 0
2
42 223 
2
3931 16 16 0
3930 14 12 0
2
43 161 
2
4157 18 14 0
4156 14 2 0
2
42 224 
2
3932 16 16 0
3931 24 12 0
2
43 162 
2
4158 18 14 0
4157 30 18 0
2
42 225 
2
3933 16 16 0
3932 20 18 0
2
43 163 
2
4159 18 14 0
4158 24 22 0
2
42 226 
2
3934 16 16 0
3933 18 32 0
2
43 164 
2
4160 18 14 0
4159 26 20 0
2
42 227 
2
3935 16 16 0
3934 2 12 0
2
43 166 
2
4161 18 14 0
4160 20 22 0
2
42 228 
2
3936 16 16 0
3935 12 2 0
2
43 167 
2
4162 18 14 0
4161 22 12 0
2
42 229 
2
3937 16 16 0
3936 2 16 0
2
43 168 
2
4163 18 14 0
4162 24 10 0
2
42 230 
2
3938 16 16 0
3937 10 8 0
2
43 169 
2
4164 18 14 0
4163 18 2 0
2
42 231 
2
3939 16 16 0
3938 14 30 0
2
43 170 
2
4165 18 14 0
4164 26 14 0
2
42 232 
2
3940 16 16 0
3939 26 22 0
2
43 171 
2
4166 18 14 0
4165 20 4 0
2
42 233 
2
3941 16 16 0
3940 8 22 0
2
43 172 
2
4167 18 14 0
4166 26 8 0
2
40 42 
2
3941 10 16 0
3942 16 16 0
2
41 43 
2
4167 20 12 0
4168 18 14 0
2
42 213 
2
3943 16 16 0
3942 16 32 0
2
43 151 
2
4169 18 14 0
4168 22 2 0
2
42 214 
2
3944 16 16 0
3943 12 20 0
2
43 152 
2
4170 18 14 0
4169 22 30 0
2
42 215 
2
3945 16 16 0
3944 18 16 0
2
43 153 
2
4171 18 14 0
4170 24 26 0
2
42 216 
2
3946 16 16 0
3945 8 20 0
2
43 154 
2
4172 18 14 0
4171 28 18 0
2
42 217 
2
3947 16 16 0
3946 14 26 0
2
43 155 
2
4173 18 14 0
4172 22 22 0
2
42 218 
2
3948 16 16 0
3947 10 24 0
2
43 156 
2
4174 18 14 0
4173 26 18 0
2
42 219 
2
3949 16 16 0
3948 24 24 0
2
43 157 
2
4175 18 14 0
4174 24 16 0
2
42 220 
2
3950 16 16 0
3949 12 24 0
2
43 158 
2
4176 18 14 0
4175 4 14 0
2
42 221 
2
3951 16 16 0
3950 6 22 0
2
43 159 
2
4177 18 14 0
4176 14 4 0
2
42 222 
2
3952 16 16 0
3951 6 14 0
2
43 160 
2
4178 18 14 0
4177 10 14 0
2
42 223 
2
3953 16 16 0
3952 14 12 0
2
43 161 
2
4179 18 14 0
4178 14 2 0
2
42 224 
2
3954 16 16 0
3953 24 12 0
2
43 162 
2
4180 18 14 0
4179 30 18 0
2
42 225 
2
3955 16 16 0
3954 20 18 0
2
43 163 
2
4181 18 14 0
4180 24 22 0
2
42 226 
2
3956 16 16 0
3955 18 32 0
2
43 164 
2
4182 18 14 0
4181 26 20 0
2
42 227 
2
3957 16 16 0
3956 2 12 0
2
43 166 
2
4183 18 14 0
4182 20 22 0
2
42 228 
2
3958 16 16 0
3957 12 2 0
2
43 167 
2
4184 18 14 0
4183 22 12 0
2
42 229 
2
3959 16 16 0
3958 2 16 0
2
43 168 
2
4185 18 14 0
4184 24 10 0
2
42 230 
2
3960 16 16 0
3959 10 8 0
2
43 169 
2
4186 18 14 0
4185 18 2 0
2
42 231 
2
3961 16 16 0
3960 14 30 0
2
43 170 
2
4187 18 14 0
4186 26 14 0
2
42 232 
2
3962 16 16 0
3961 26 22 0
2
43 171 
2
4188 18 14 0
4187 20 4 0
2
42 233 
2
3963 16 16 0
3962 8 22 0
2
43 172 
2
4189 18 14 0
4188 26 8 0
2
20 40 
2
3941 14 16 0
3942 10 16 0
2
21 41 
2
4167 20 14 0
4168 20 12 0
2
18 38 
2
3892 4 18 0
3893 4 16 0
2
19 39 
2
4118 20 8 0
4119 22 8 0
2
16 36 
2
3845 4 24 0
3846 4 22 0
2
17 37 
2
4019 26 4 0
4020 24 4 0
2
14 34 
2
3716 4 26 0
3717 2 24 0
2
15 35 
2
3820 26 2 0
3821 28 2 0
2
12 32 
2
3416 2 26 0
3417 2 28 0
2
13 33 
2
3439 30 2 0
3440 32 2 0
2
30 32 
2
3417 4 28 0
3418 2 28 0
2
31 33 
2
3440 32 6 0
3441 32 2 0
2
245 34 
2
3717 34 32 0
3718 2 24 0
2
32 34 
2
3718 2 28 0
3719 2 24 0
2
246 34 
2
3719 34 30 0
3720 2 24 0
2
12 34 
2
3720 2 26 0
3721 2 24 0
2
248 34 
2
3721 34 26 0
3722 2 24 0
2
32 34 
2
3722 2 28 0
3723 2 24 0
2
247 34 
2
3724 34 28 0
3724 2 24 0
2
244 35 
2
3821 34 34 0
3822 28 2 0
2
33 35 
2
3822 32 2 0
3823 28 2 0
2
244 35 
2
3824 34 34 0
3824 28 2 0
2
13 35 
2
3824 30 2 0
3825 28 2 0
2
245 35 
2
3825 34 32 0
3826 28 2 0
2
33 35 
2
3826 32 2 0
3827 28 2 0
2
244 35 
2
3827 34 34 0
3828 28 2 0
2
245 36 
2
3846 34 32 0
3847 4 22 0
2
34 36 
2
3847 2 24 0
3848 4 22 0
2
245 36 
2
3849 34 32 0
3849 4 22 0
2
14 36 
2
3849 4 26 0
3850 4 22 0
2
244 36 
2
3851 34 34 0
3851 4 22 0
2
34 36 
2
3851 2 24 0
3852 4 22 0
2
246 36 
2
3852 34 30 0
3853 4 22 0
2
244 37 
2
4020 34 34 0
4021 24 4 0
2
35 37 
2
4021 28 2 0
4022 24 4 0
2
244 37 
2
4023 34 34 0
4023 24 4 0
2
15 37 
2
4023 26 2 0
4024 24 4 0
2
246 37 
2
4024 34 30 0
4025 24 4 0
2
35 37 
2
4025 28 2 0
4026 24 4 0
2
245 37 
2
4026 34 32 0
4027 24 4 0
2
245 38 
2
3893 34 32 0
3894 4 16 0
2
36 38 
2
3894 4 22 0
3895 4 16 0
2
244 38 
2
3895 34 34 0
3896 4 16 0
2
16 38 
2
3896 4 24 0
3897 4 16 0
2
244 38 
2
3898 34 34 0
3898 4 16 0
2
36 38 
2
3898 4 22 0
3899 4 16 0
2
245 38 
2
3899 34 32 0
3900 4 16 0
2
245 39 
2
4119 34 32 0
4120 22 8 0
2
37 39 
2
4120 24 4 0
4121 22 8 0
2
246 39 
2
4121 34 30 0
4122 22 8 0
2
17 39 
2
4122 26 4 0
4123 22 8 0
2
244 39 
2
4124 34 34 0
4124 22 8 0
2
37 39 
2
4124 24 4 0
4125 22 8 0
2
247 39 
2
4125 34 28 0
4126 22 8 0
2
245 40 
2
3942 34 32 0
3943 10 16 0
2
38 40 
2
3943 4 16 0
3944 10 16 0
2
244 40 
2
3945 34 34 0
3945 10 16 0
2
18 40 
2
3945 4 18 0
3946 10 16 0
2
246 40 
2
3946 34 30 0
3947 10 16 0
2
38 40 
2
3947 4 16 0
3948 10 16 0
2
244 40 
2
3948 34 34 0
3949 10 16 0
2
244 41 
2
4168 34 34 0
4169 20 12 0
2
39 41 
2
4169 22 8 0
4170 20 12 0
2
244 41 
2
4171 34 34 0
4171 20 12 0
2
19 41 
2
4171 20 8 0
4172 20 12 0
2
245 41 
2
4172 34 32 0
4173 20 12 0
2
39 41 
2
4173 22 8 0
4174 20 12 0
2
245 41 
2
4175 34 32 0
4175 20 12 0
2
244 42 
2
3963 34 34 0
3964 16 16 0
2
40 42 
2
3964 10 16 0
3965 16 16 0
2
244 42 
2
3966 34 34 0
3966 16 16 0
2
20 42 
2
3966 14 16 0
3967 16 16 0
2
245 42 
2
3967 34 32 0
3968 16 16 0
2
40 42 
2
3968 10 16 0
3969 16 16 0
2
245 42 
2
3970 34 32 0
3970 16 16 0
2
244 43 
2
4189 34 34 0
4190 18 14 0
2
41 43 
2
4190 20 12 0
4191 18 14 0
2
244 43 
2
4192 34 34 0
4192 18 14 0
2
21 43 
2
4192 20 14 0
4193 18 14 0
2
245 43 
2
4193 34 32 0
4194 18 14 0
2
41 43 
2
4194 20 12 0
4195 18 14 0
2
244 43 
2
4195 34 34 0
4196 18 14 0
2
42 232 
2
3971 16 16 0
3970 26 22 0
2
43 152 
2
4197 18 14 0
4196 22 30 0
2
42 233 
2
3972 16 16 0
3971 8 22 0
2
43 153 
2
4198 18 14 0
4197 24 26 0
2
42 234 
2
3973 16 16 0
3972 12 22 0
2
43 154 
2
4199 18 14 0
4198 28 18 0
2
43 155 
2
4200 18 14 0
4199 22 22 0
2
43 156 
2
4201 18 14 0
4200 26 18 0
2
43 157 
2
4202 18 14 0
4201 24 16 0
2
43 158 
2
4203 18 14 0
4202 4 14 0
2
43 159 
2
4204 18 14 0
4203 14 4 0
2
43 160 
2
4205 18 14 0
4204 10 14 0
2
43 161 
2
4206 18 14 0
4205 14 2 0
2
43 162 
2
4207 18 14 0
4206 30 18 0
2
43 163 
2
4208 18 14 0
4207 24 22 0
2
43 164 
2
4209 18 14 0
4208 26 20 0
2
43 166 
2
4210 18 14 0
4209 20 22 0
2
43 167 
2
4211 18 14 0
4210 22 12 0
2
43 168 
2
4212 18 14 0
4211 24 10 0
2
43 169 
2
4213 18 14 0
4212 18 2 0
2
43 170 
2
4214 18 14 0
4213 26 14 0
2
43 171 
2
4215 18 14 0
4214 20 4 0
2
43 172 
2
4216 18 14 0
4215 26 8 0
2
43 173 
2
4217 18 14 0
4216 26 6 0
2
40 42 
2
3973 10 16 0
3974 16 16 0
2
41 43 
2
4217 20 12 0
4218 18 14 0
2
42 232 
2
3975 16 16 0
3974 26 22 0
2
43 152 
2
4219 18 14 0
4218 22 30 0
2
42 233 
2
3976 16 16 0
3975 8 22 0
2
43 153 
2
4220 18 14 0
4219 24 26 0
2
42 234 
2
3977 16 16 0
3976 12 22 0
2
43 154 
2
4221 18 14 0
4220 28 18 0
2
43 155 
2
4222 18 14 0
4221 22 22 0
2
43 156 
2
4223 18 14 0
4222 26 18 0
2
43 157 
2
4224 18 14 0
4223 24 16 0
2
43 158 
2
4225 18 14 0
4224 4 14 0
2
43 159 
2
4226 18 14 0
4225 14 4 0
2
43 160 
2
4227 18 14 0
4226 10 14 0
2
43 161 
2
4228 18 14 0
4227 14 2 0
2
43 162 
2
4229 18 14 0
4228 30 18 0
2
43 163 
2
4230 18 14 0
4229 24 22 0
2
43 164 
2
4231 18 14 0
4230 26 20 0
2
43 166 
2
4232 18 14 0
4231 20 22 0
2
43 167 
2
4233 18 14 0
4232 22 12 0
2
43 168 
2
4234 18 14 0
4233 24 10 0
2
43 169 
2
4235 18 14 0
4234 18 2 0
2
43 170 
2
4236 18 14 0
4235 26 14 0
2
43 171 
2
4237 18 14 0
4236 20 4 0
2
43 172 
2
4238 18 14 0
4237 26 8 0
2
43 173 
2
4239 18 14 0
4238 26 6 0
2
20 40 
2
3973 14 16 0
3974 10 16 0
2
21 41 
2
4217 20 14 0
4218 20 12 0
2
38 40 
2
3974 4 16 0
3975 10 16 0
2
39 41 
2
4218 22 8 0
4219 20 12 0
2
244 42 
2
3978 34 34 0
3978 16 16 0
2
40 42 
2
3978 10 16 0
3979 16 16 0
2
246 42 
2
3979 34 30 0
3980 16 16 0
2
20 42 
2
3980 14 16 0
3981 16 16 0
2
245 42 
2
3981 34 32 0
3982 16 16 0
2
40 42 
2
3982 10 16 0
3983 16 16 0
2
244 42 
2
3984 34 34 0
3984 16 16 0
2
245 43 
2
4240 34 32 0
4240 18 14 0
2
41 43 
2
4240 20 12 0
4241 18 14 0
2
247 43 
2
4241 34 28 0
4242 18 14 0
2
21 43 
2
4242 20 14 0
4243 18 14 0
2
245 43 
2
4243 34 32 0
4244 18 14 0
2
41 43 
2
4244 20 12 0
4245 18 14 0
2
244 43 
2
4246 34 34 0
4246 18 14 0
2
42 233 
2
3985 16 16 0
3984 8 22 0
2
43 172 
2
4247 18 14 0
4246 26 8 0
2
42 234 
2
3986 16 16 0
3985 12 22 0
2
43 173 
2
4248 18 14 0
4247 26 6 0
2
42 235 
2
3987 16 16 0
3986 14 24 0
2
43 174 
2
4249 18 14 0
4248 20 32 0
2
43 175 
2
4250 18 14 0
4249 6 8 0
2
43 176 
2
4251 18 14 0
4250 20 30 0
2
43 177 
2
4252 18 14 0
4251 8 4 0
2
43 178 
2
4253 18 14 0
4252 10 2 0
2
43 179 
2
4254 18 14 0
4253 30 22 0
2
43 180 
2
4255 18 14 0
4254 26 26 0
2
43 181 
2
4256 18 14 0
4255 32 20 0
2
43 182 
2
4257 18 14 0
4256 32 10 0
2
43 183 
2
4258 18 14 0
4257 2 8 0
2
43 184 
2
4259 18 14 0
4258 30 8 0
2
43 185 
2
4260 18 14 0
4259 24 30 0
2
43 186 
2
4261 18 14 0
4260 28 6 0
2
43 188 
2
4262 18 14 0
4261 30 6 0
2
43 189 
2
4263 18 14 0
4262 32 8 0
2
43 191 
2
4264 18 14 0
4263 28 4 0
2
43 240 
2
4265 18 14 0
4264 6 4 0
2
43 241 
2
4266 18 14 0
4265 32 22 0
2
43 242 
2
4267 18 14 0
4266 4 6 0
2
40 42 
2
3987 10 16 0
3988 16 16 0
2
41 43 
2
4267 20 12 0
4268 18 14 0
2
42 233 
2
3989 16 16 0
3988 8 22 0
2
43 172 
2
4269 18 14 0
4268 26 8 0
2
42 234 
2
3990 16 16 0
3989 12 22 0
2
43 173 
2
4270 18 14 0
4269 26 6 0
2
42 235 
2
3991 16 16 0
3990 14 24 0
2
43 174 
2
4271 18 14 0
4270 20 32 0
2
43 175 
2
4272 18 14 0
4271 6 8 0
2
43 176 
2
4273 18 14 0
4272 20 30 0
2
43 177 
2
4274 18 14 0
4273 8 4 0
2
43 178 
2
4275 18 14 0
4274 10 2 0
2
43 179 
2
4276 18 14 0
4275 30 22 0
2
43 180 
2
4277 18 14 0
4276 26 26 0
2
43 181 
2
4278 18 14 0
4277 32 20 0
2
43 182 
2
4279 18 14 0
4278 32 10 0
2
43 183 
2
4280 18 14 0
4279 2 8 0
2
43 184 
2
4281 18 14 0
4280 30 8 0
2
43 185 
2
4282 18 14 0
4281 24 30 0
2
43 186 
2
4283 18 14 0
4282 28 6 0
2
43 188 
2
4284 18 14 0
4283 30 6 0
2
43 189 
2
4285 18 14 0
4284 32 8 0
2
43 191 
2
4286 18 14 0
4285 28 4 0
2
43 240 
2
4287 18 14 0
4286 6 4 0
2
43 241 
2
4288 18 14 0
4287 32 22 0
2
43 242 
2
4289 18 14 0
4288 4 6 0
2
20 40 
2
3987 14 16 0
3988 10 16 0
2
21 41 
2
4267 20 14 0
4268 20 12 0
2
18 38 
2
3974 4 18 0
3975 4 16 0
2
19 39 
2
4218 20 8 0
4219 22 8 0
2
36 38 
2
3975 4 22 0
3976 4 16 0
2
37 39 
2
4219 24 4 0
4220 22 8 0
2
244 40 
2
3988 34 34 0
3989 10 16 0
2
38 40 
2
3989 4 16 0
3990 10 16 0
2
244 40 
2
3991 34 34 0
3991 10 16 0
2
18 40 
2
3991 4 18 0
3992 10 16 0
2
247 40 
2
3992 34 28 0
3993 10 16 0
2
38 40 
2
3993 4 16 0
3994 10 16 0
2
245 40 
2
3995 34 32 0
3995 10 16 0
2
244 41 
2
4268 34 34 0
4269 20 12 0
2
39 41 
2
4269 22 8 0
4270 20 12 0
2
244 41 
2
4271 34 34 0
4271 20 12 0
2
19 41 
2
4271 20 8 0
4272 20 12 0
2
245 41 
2
4272 34 32 0
4273 20 12 0
2
39 41 
2
4273 22 8 0
4274 20 12 0
2
244 41 
2
4274 34 34 0
4275 20 12 0
2
245 42 
2
3992 34 32 0
3992 16 16 0
2
40 42 
2
3996 10 16 0
3995 16 16 0
2
246 42 
2
3995 34 30 0
3996 16 16 0
2
20 42 
2
3996 14 16 0
3997 16 16 0
2
244 42 
2
3997 34 34 0
3998 16 16 0
2
40 42 
2
3998 10 16 0
3999 16 16 0
2
244 42 
2
4000 34 34 0
4000 16 16 0
2
245 43 
2
4290 34 32 0
4290 18 14 0
2
41 43 
2
4290 20 12 0
4291 18 14 0
2
244 43 
2
4292 34 34 0
4292 18 14 0
2
21 43 
2
4292 20 14 0
4293 18 14 0
2
245 43 
2
4293 34 32 0
4294 18 14 0
2
41 43 
2
4294 20 12 0
4295 18 14 0
2
244 43 
2
4295 34 34 0
4296 18 14 0
2
42 232 
2
4001 16 16 0
4000 26 22 0
2
43 173 
2
4297 18 14 0
4296 26 6 0
2
42 233 
2
4002 16 16 0
4001 8 22 0
2
43 174 
2
4298 18 14 0
4297 20 32 0
2
42 234 
2
4003 16 16 0
4002 12 22 0
2
43 175 
2
4299 18 14 0
4298 6 8 0
2
42 235 
2
4004 16 16 0
4003 14 24 0
2
43 176 
2
4300 18 14 0
4299 20 30 0
2
42 236 
2
4005 16 16 0
4004 8 10 0
2
43 177 
2
4301 18 14 0
4300 8 4 0
2
42 237 
2
4006 16 16 0
4005 20 28 0
2
43 178 
2
4302 18 14 0
4301 10 2 0
2
42 238 
2
4007 16 16 0
4006 14 10 0
2
43 179 
2
4303 18 14 0
4302 30 22 0
2
42 239 
2
4008 16 16 0
4007 16 20 0
2
43 180 
2
4304 18 14 0
4303 26 26 0
2
42 50 
2
4009 16 16 0
4008 4 12 0
2
43 181 
2
4305 18 14 0
4304 32 20 0
2
42 45 
2
4010 16 16 0
4009 16 2 0
2
43 182 
2
4306 18 14 0
4305 32 10 0
2
42 47 
2
4011 16 16 0
4010 26 12 0
2
43 183 
2
4307 18 14 0
4306 2 8 0
2
42 49 
2
4012 16 16 0
4011 32 14 0
2
43 184 
2
4308 18 14 0
4307 30 8 0
2
42 52 
2
4013 16 16 0
4012 18 4 0
2
43 185 
2
4309 18 14 0
4308 24 30 0
2
42 53 
2
4014 16 16 0
4013 18 8 0
2
43 186 
2
4310 18 14 0
4309 28 6 0
2
42 54 
2
4015 16 16 0
4014 24 6 0
2
43 188 
2
4311 18 14 0
4310 30 6 0
2
42 55 
2
4016 16 16 0
4015 24 2 0
2
43 189 
2
4312 18 14 0
4311 32 8 0
2
42 56 
2
4017 16 16 0
4016 32 18 0
2
43 191 
2
4313 18 14 0
4312 28 4 0
2
42 57 
2
4018 16 16 0
4017 22 28 0
2
43 240 
2
4314 18 14 0
4313 6 4 0
2
42 58 
2
4019 16 16 0
4018 10 10 0
2
43 241 
2
4315 18 14 0
4314 32 22 0
2
42 59 
2
4020 16 16 0
4019 28 16 0
2
43 242 
2
4316 18 14 0
4315 4 6 0
2
42 60 
2
4021 16 16 0
4020 16 8 0
2
43 243 
2
4317 18 14 0
4316 26 28 0
2
40 42 
2
4021 10 16 0
4022 16 16 0
2
41 43 
2
4317 20 12 0
4318 18 14 0
2
42 232 
2
4023 16 16 0
4022 26 22 0
2
43 173 
2
4319 18 14 0
4318 26 6 0
2
42 233 
2
4024 16 16 0
4023 8 22 0
2
43 174 
2
4320 18 14 0
4319 20 32 0
2
42 234 
2
4025 16 16 0
4024 12 22 0
2
43 175 
2
4321 18 14 0
4320 6 8 0
2
42 235 
2
4026 16 16 0
4025 14 24 0
2
43 176 
2
4322 18 14 0
4321 20 30 0
2
42 236 
2
4027 16 16 0
4026 8 10 0
2
43 177 
2
4323 18 14 0
4322 8 4 0
2
42 237 
2
4028 16 16 0
4027 20 28 0
2
43 178 
2
4324 18 14 0
4323 10 2 0
2
42 238 
2
4029 16 16 0
4028 14 10 0
2
43 179 
2
4325 18 14 0
4324 30 22 0
2
42 239 
2
4030 16 16 0
4029 16 20 0
2
43 180 
2
4326 18 14 0
4325 26 26 0
2
42 50 
2
4031 16 16 0
4030 4 12 0
2
43 181 
2
4327 18 14 0
4326 32 20 0
2
42 45 
2
4032 16 16 0
4031 16 2 0
2
43 182 
2
4328 18 14 0
4327 32 10 0
2
42 47 
2
4033 16 16 0
4032 26 12 0
2
43 183 
2
4329 18 14 0
4328 2 8 0
2
42 49 
2
4034 16 16 0
4033 32 14 0
2
43 184 
2
4330 18 14 0
4329 30 8 0
2
42 52 
2
4035 16 16 0
4034 18 4 0
2
43 185 
2
4331 18 14 0
4330 24 30 0
2
42 53 
2
4036 16 16 0
4035 18 8 0
2
43 186 
2
4332 18 14 0
4331 28 6 0
2
42 54 
2
4037 16 16 0
4036 24 6 0
2
43 188 
2
4333 18 14 0
4332 30 6 0
2
42 55 
2
4038 16 16 0
4037 24 2 0
2
43 189 
2
4334 18 14 0
4333 32 8 0
2
42 56 
2
4039 16 16 0
4038 32 18 0
2
43 191 
2
4335 18 14 0
4334 28 4 0
2
42 57 
2
4040 16 16 0
4039 22 28 0
2
43 240 
2
4336 18 14 0
4335 6 4 0
2
42 58 
2
4041 16 16 0
4040 10 10 0
2
43 241 
2
4337 18 14 0
4336 32 22 0
2
42 59 
2
4042 16 16 0
4041 28 16 0
2
43 242 
2
4338 18 14 0
4337 4 6 0
2
42 60 
2
4043 16 16 0
4042 16 8 0
2
43 243 
2
4339 18 14 0
4338 26 28 0
2
20 40 
2
4021 14 16 0
4022 10 16 0
2
21 41 
2
4317 20 14 0
4318 20 12 0
2
38 40 
2
4022 4 16 0
4023 10 16 0
2
39 41 
2
4318 22 8 0
4319 20 12 0
2
245 42 
2
4043 34 32 0
4044 16 16 0
2
40 42 
2
4044 10 16 0
4045 16 16 0
2
244 42 
2
4045 34 34 0
4046 16 16 0
2
20 42 
2
4046 14 16 0
4047 16 16 0
2
244 42 
2
4048 34 34 0
4048 16 16 0
2
40 42 
2
4048 10 16 0
4049 16 16 0
2
245 42 
2
4049 34 32 0
4050 16 16 0
2
245 43 
2
4339 34 32 0
4340 18 14 0
2
41 43 
2
4340 20 12 0
4341 18 14 0
2
244 43 
2
4341 34 34 0
4342 18 14 0
2
21 43 
2
4342 20 14 0
4343 18 14 0
2
244 43 
2
4344 34 34 0
4344 18 14 0
2
41 43 
2
4344 20 12 0
4345 18 14 0
2
245 43 
2
4345 34 32 0
4346 18 14 0
2
42 233 
2
4051 16 16 0
4050 8 22 0
2
43 46 
2
4347 18 14 0
4346 28 26 0
2
42 234 
2
4052 16 16 0
4051 12 22 0
2
42 235 
2
4053 16 16 0
4052 14 24 0
2
42 236 
2
4054 16 16 0
4053 8 10 0
2
42 237 
2
4055 16 16 0
4054 20 28 0
2
42 238 
2
4056 16 16 0
4055 14 10 0
2
42 239 
2
4057 16 16 0
4056 16 20 0
2
42 50 
2
4058 16 16 0
4057 4 12 0
2
42 45 
2
4059 16 16 0
4058 16 2 0
2
42 47 
2
4060 16 16 0
4059 26 12 0
2
42 49 
2
4061 16 16 0
4060 32 14 0
2
42 52 
2
4062 16 16 0
4061 18 4 0
2
42 53 
2
4063 16 16 0
4062 18 8 0
2
42 54 
2
4064 16 16 0
4063 24 6 0
2
42 55 
2
4065 16 16 0
4064 24 2 0
2
42 56 
2
4066 16 16 0
4065 32 18 0
2
42 57 
2
4067 16 16 0
4066 22 28 0
2
42 58 
2
4068 16 16 0
4067 10 10 0
2
42 59 
2
4069 16 16 0
4068 28 16 0
2
42 60 
2
4070 16 16 0
4069 16 8 0
2
42 61 
2
4071 16 16 0
4070 18 30 0
2
40 42 
2
4071 10 16 0
4072 16 16 0
2
41 43 
2
4347 20 12 0
4348 18 14 0
2
42 233 
2
4073 16 16 0
4072 8 22 0
2
43 44 
2
4349 18 14 0
4348 30 26 0
2
42 234 
2
4074 16 16 0
4073 12 22 0
2
42 235 
2
4075 16 16 0
4074 14 24 0
2
42 236 
2
4076 16 16 0
4075 8 10 0
2
42 237 
2
4077 16 16 0
4076 20 28 0
2
42 238 
2
4078 16 16 0
4077 14 10 0
2
42 239 
2
4079 16 16 0
4078 16 20 0
2
42 50 
2
4080 16 16 0
4079 4 12 0
2
42 45 
2
4081 16 16 0
4080 16 2 0
2
42 47 
2
4082 16 16 0
4081 26 12 0
2
42 49 
2
4083 16 16 0
4082 32 14 0
2
42 52 
2
4084 16 16 0
4083 18 4 0
2
42 53 
2
4085 16 16 0
4084 18 8 0
2
42 54 
2
4086 16 16 0
4085 24 6 0
2
42 55 
2
4087 16 16 0
4086 24 2 0
2
42 56 
2
4088 16 16 0
4087 32 18 0
2
42 57 
2
4089 16 16 0
4088 22 28 0
2
42 58 
2
4090 16 16 0
4089 10 10 0
2
42 59 
2
4091 16 16 0
4090 28 16 0
2
42 60 
2
4092 16 16 0
4091 16 8 0
2
42 61 
2
4093 16 16 0
4092 18 30 0
2
20 40 
2
4071 14 16 0
4072 10 16 0
2
21 41 
2
4347 20 14 0
4348 20 12 0
2
18 38 
2
4022 4 18 0
4023 4 16 0
2
19 39 
2
4318 20 8 0
4319 22 8 0
2
16 36 
2
3975 4 24 0
3976 4 22 0
2
17 37 
2
4219 26 4 0
4220 24 4 0
2
34 36 
2
3976 2 24 0
3977 4 22 0
2
35 37 
2
4220 28 2 0
4221 24 4 0
2
245 38 
2
4023 34 32 0
4024 4 16 0
2
36 38 
2
4024 4 22 0
4025 4 16 0
2
244 38 
2
4026 34 34 0
4026 4 16 0
2
16 38 
2
4026 4 24 0
4027 4 16 0
2
246 38 
2
4027 34 30 0
4028 4 16 0
2
36 38 
2
4028 4 22 0
4029 4 16 0
2
244 38 
2
4029 34 34 0
4030 4 16 0
2
244 39 
2
4319 34 34 0
4320 22 8 0
2
37 39 
2
4320 24 4 0
4321 22 8 0
2
244 39 
2
4322 34 34 0
4322 22 8 0
2
17 39 
2
4322 26 4 0
4323 22 8 0
2
245 39 
2
4323 34 32 0
4324 22 8 0
2
37 39 
2
4324 24 4 0
4325 22 8 0
2
244 39 
2
4325 34 34 0
4326 22 8 0
2
245 40 
2
4072 34 32 0
4073 10 16 0
2
38 40 
2
4073 4 16 0
4074 10 16 0
2
244 40 
2
4074 34 34 0
4075 10 16 0
2
18 40 
2
4075 4 18 0
4076 10 16 0
2
244 40 
2
4077 34 34 0
4077 10 16 0
2
38 40 
2
4077 4 16 0
4078 10 16 0
2
245 40 
2
4078 34 32 0
4079 10 16 0
2
244 41 
2
4348 34 34 0
4349 20 12 0
2
39 41 
2
4349 22 8 0
4350 20 12 0
2
244 41 
2
4351 34 34 0
4351 20 12 0
2
19 41 
2
4351 20 8 0
4352 20 12 0
2
245 41 
2
4352 34 32 0
4353 20 12 0
2
39 41 
2
4353 22 8 0
4354 20 12 0
2
245 41 
2
4355 34 32 0
4355 20 12 0
2
245 42 
2
4093 34 32 0
4094 16 16 0
2
40 42 
2
4094 10 16 0
4095 16 16 0
2
244 42 
2
4095 34 34 0
4096 16 16 0
2
20 42 
2
4096 14 16 0
4097 16 16 0
2
244 42 
2
4098 34 34 0
4098 16 16 0
2
40 42 
2
4098 10 16 0
4099 16 16 0
2
245 42 
2
4099 34 32 0
4100 16 16 0
2
245 43 
2
4349 34 32 0
4350 18 14 0
2
41 43 
2
4356 20 12 0
4355 18 14 0
2
247 43 
2
4355 34 28 0
4356 18 14 0
2
21 43 
2
4356 20 14 0
4357 18 14 0
2
245 43 
2
4358 34 32 0
4358 18 14 0
2
41 43 
2
4358 20 12 0
4359 18 14 0
2
246 43 
2
4359 34 30 0
4360 18 14 0
2
42 60 
2
4101 16 16 0
4100 16 8 0
2
43 44 
2
4361 18 14 0
4360 30 26 0
2
42 61 
2
4102 16 16 0
4101 18 30 0
2
43 46 
2
4362 18 14 0
4361 28 26 0
2
42 62 
2
4103 16 16 0
4102 20 24 0
2
40 42 
2
4103 10 16 0
4104 16 16 0
2
41 43 
2
4362 20 12 0
4363 18 14 0
2
42 60 
2
4105 16 16 0
4104 16 8 0
2
43 51 
2
4364 18 14 0
4363 12 32 0
2
42 61 
2
4106 16 16 0
4105 18 30 0
2
42 62 
2
4107 16 16 0
4106 20 24 0
2
20 40 
2
4103 14 16 0
4104 10 16 0
2
21 41 
2
4362 20 14 0
4363 20 12 0
2
38 40 
2
4104 4 16 0
4105 10 16 0
2
39 41 
2
4363 22 8 0
4364 20 12 0
2
245 42 
2
4107 34 32 0
4108 16 16 0
2
40 42 
2
4108 10 16 0
4109 16 16 0
2
245 42 
2
4110 34 32 0
4110 16 16 0
2
20 42 
2
4110 14 16 0
4111 16 16 0
2
244 42 
2
4112 34 34 0
4112 16 16 0
2
40 42 
2
4112 10 16 0
4113 16 16 0
2
246 42 
2
4113 34 30 0
4114 16 16 0
2
244 43 
2
4364 34 34 0
4365 18 14 0
2
41 43 
2
4365 20 12 0
4366 18 14 0
2
244 43 
2
4367 34 34 0
4367 18 14 0
2
21 43 
2
4367 20 14 0
4368 18 14 0
2
246 43 
2
4369 34 30 0
4369 18 14 0
2
41 43 
2
4369 20 12 0
4370 18 14 0
2
245 43 
2
4371 34 32 0
4371 18 14 0
2
42 61 
2
4115 16 16 0
4114 18 30 0
2
43 48 
2
4372 18 14 0
4371 22 32 0
2
42 62 
2
4116 16 16 0
4115 20 24 0
2
42 63 
2
4117 16 16 0
4116 16 12 0
2
40 42 
2
4117 10 16 0
4118 16 16 0
2
41 43 
2
4372 20 12 0
4373 18 14 0
2
42 61 
2
4119 16 16 0
4118 18 30 0
2
43 48 
2
4374 18 14 0
4373 22 32 0
2
42 62 
2
4120 16 16 0
4119 20 24 0
2
43 51 
2
4375 18 14 0
4374 12 32 0
2
42 63 
2
4121 16 16 0
4120 16 12 0
2
20 40 
2
4117 14 16 0
4118 10 16 0
2
21 41 
2
4372 20 14 0
4373 20 12 0
2
18 38 
2
4104 4 18 0
4105 4 16 0
2
19 39 
2
4363 20 8 0
4364 22 8 0
2
36 38 
2
4105 4 22 0
4106 4 16 0
2
37 39 
2
4364 24 4 0
4365 22 8 0
2
244 40 
2
4118 34 34 0
4119 10 16 0
2
38 40 
2
4119 4 16 0
4120 10 16 0
2
244 40 
2
4121 34 34 0
4121 10 16 0
2
18 40 
2
4121 4 18 0
4122 10 16 0
2
247 40 
2
4122 34 28 0
4123 10 16 0
2
38 40 
2
4123 4 16 0
4124 10 16 0
2
245 40 
2
4125 34 32 0
4125 10 16 0
2
247 41 
2
4373 34 28 0
4374 20 12 0
2
39 41 
2
4374 22 8 0
4375 20 12 0
2
244 41 
2
4376 34 34 0
4376 20 12 0
2
19 41 
2
4376 20 8 0
4377 20 12 0
2
245 41 
2
4377 34 32 0
4378 20 12 0
2
39 41 
2
4378 22 8 0
4379 20 12 0
2
245 41 
2
4380 34 32 0
4380 20 12 0
2
245 42 
2
4122 34 32 0
4122 16 16 0
2
40 42 
2
4126 10 16 0
4125 16 16 0
2
246 42 
2
4125 34 30 0
4126 16 16 0
2
20 42 
2
4126 14 16 0
4127 16 16 0
2
244 42 
2
4127 34 34 0
4128 16 16 0
2
40 42 
2
4128 10 16 0
4129 16 16 0
2
244 42 
2
4130 34 34 0
4130 16 16 0
2
246 43 
2
4375 34 30 0
4376 18 14 0
2
41 43 
2
4381 20 12 0
4380 18 14 0
2
247 43 
2
4380 34 28 0
4381 18 14 0
2
21 43 
2
4381 20 14 0
4382 18 14 0
2
246 43 
2
4383 34 30 0
4383 18 14 0
2
41 43 
2
4383 20 12 0
4384 18 14 0
2
247 43 
2
4384 34 28 0
4385 18 14 0
2
42 60 
2
4131 16 16 0
4130 16 8 0
2
43 70 
2
4386 18 14 0
4385 8 2 0
2
42 61 
2
4132 16 16 0
4131 18 30 0
2
42 62 
2
4133 16 16 0
4132 20 24 0
2
42 63 
2
4134 16 16 0
4133 16 12 0
2
42 64 
2
4135 16 16 0
4134 16 6 0
2
42 65 
2
4136 16 16 0
4135 10 6 0
2
42 66 
2
4137 16 16 0
4136 18 22 0
2
42 67 
2
4138 16 16 0
4137 18 28 0
2
42 68 
2
4139 16 16 0
4138 18 12 0
2
42 86 
2
4140 16 16 0
4139 6 10 0
2
42 87 
2
4141 16 16 0
4140 22 14 0
2
42 89 
2
4142 16 16 0
4141 24 14 0
2
42 90 
2
4143 16 16 0
4142 20 10 0
2
42 91 
2
4144 16 16 0
4143 28 8 0
2
42 92 
2
4145 16 16 0
4144 32 12 0
2
42 93 
2
4146 16 16 0
4145 20 2 0
2
42 94 
2
4147 16 16 0
4146 8 6 0
2
42 95 
2
4148 16 16 0
4147 6 12 0
2
42 96 
2
4149 16 16 0
4148 16 4 0
2
42 97 
2
4150 16 16 0
4149 12 14 0
2
42 98 
2
4151 16 16 0
4150 22 16 0
2
40 42 
2
4151 10 16 0
4152 16 16 0
2
41 43 
2
4386 20 12 0
4387 18 14 0
2
42 60 
2
4153 16 16 0
4152 16 8 0
2
43 69 
2
4388 18 14 0
4387 6 26 0
2
42 61 
2
4154 16 16 0
4153 18 30 0
2
42 62 
2
4155 16 16 0
4154 20 24 0
2
42 63 
2
4156 16 16 0
4155 16 12 0
2
42 64 
2
4157 16 16 0
4156 16 6 0
2
42 65 
2
4158 16 16 0
4157 10 6 0
2
42 66 
2
4159 16 16 0
4158 18 22 0
2
42 67 
2
4160 16 16 0
4159 18 28 0
2
42 68 
2
4161 16 16 0
4160 18 12 0
2
42 86 
2
4162 16 16 0
4161 6 10 0
2
42 87 
2
4163 16 16 0
4162 22 14 0
2
42 89 
2
4164 16 16 0
4163 24 14 0
2
42 90 
2
4165 16 16 0
4164 20 10 0
2
42 91 
2
4166 16 16 0
4165 28 8 0
2
42 92 
2
4167 16 16 0
4166 32 12 0
2
42 93 
2
4168 16 16 0
4167 20 2 0
2
42 94 
2
4169 16 16 0
4168 8 6 0
2
42 95 
2
4170 16 16 0
4169 6 12 0
2
42 96 
2
4171 16 16 0
4170 16 4 0
2
42 97 
2
4172 16 16 0
4171 12 14 0
2
42 98 
2
4173 16 16 0
4172 22 16 0
2
20 40 
2
4151 14 16 0
4152 10 16 0
2
21 41 
2
4386 20 14 0
4387 20 12 0
2
38 40 
2
4152 4 16 0
4153 10 16 0
2
39 41 
2
4387 22 8 0
4388 20 12 0
2
244 42 
2
4174 34 34 0
4174 16 16 0
2
40 42 
2
4174 10 16 0
4175 16 16 0
2
246 42 
2
4175 34 30 0
4176 16 16 0
2
20 42 
2
4176 14 16 0
4177 16 16 0
2
244 42 
2
4177 34 34 0
4178 16 16 0
2
40 42 
2
4178 10 16 0
4179 16 16 0
2
244 42 
2
4180 34 34 0
4180 16 16 0
2
245 43 
2
4389 34 32 0
4389 18 14 0
2
41 43 
2
4389 20 12 0
4390 18 14 0
2
244 43 
2
4391 34 34 0
4391 18 14 0
2
21 43 
2
4391 20 14 0
4392 18 14 0
2
245 43 
2
4392 34 32 0
4393 18 14 0
2
41 43 
2
4393 20 12 0
4394 18 14 0
2
244 43 
2
4394 34 34 0
4395 18 14 0
2
42 61 
2
4181 16 16 0
4180 18 30 0
2
43 69 
2
4396 18 14 0
4395 6 26 0
2
42 62 
2
4182 16 16 0
4181 20 24 0
2
43 70 
2
4397 18 14 0
4396 8 2 0
2
42 63 
2
4183 16 16 0
4182 16 12 0
2
42 64 
2
4184 16 16 0
4183 16 6 0
2
42 65 
2
4185 16 16 0
4184 10 6 0
2
42 66 
2
4186 16 16 0
4185 18 22 0
2
42 67 
2
4187 16 16 0
4186 18 28 0
2
42 68 
2
4188 16 16 0
4187 18 12 0
2
42 86 
2
4189 16 16 0
4188 6 10 0
2
42 87 
2
4190 16 16 0
4189 22 14 0
2
42 89 
2
4191 16 16 0
4190 24 14 0
2
42 90 
2
4192 16 16 0
4191 20 10 0
2
42 91 
2
4193 16 16 0
4192 28 8 0
2
42 92 
2
4194 16 16 0
4193 32 12 0
2
42 93 
2
4195 16 16 0
4194 20 2 0
2
42 94 
2
4196 16 16 0
4195 8 6 0
2
42 95 
2
4197 16 16 0
4196 6 12 0
2
42 96 
2
4198 16 16 0
4197 16 4 0
2
42 97 
2
4199 16 16 0
4198 12 14 0
2
42 98 
2
4200 16 16 0
4199 22 16 0
2
42 99 
2
4201 16 16 0
4200 18 24 0
2
40 42 
2
4201 10 16 0
4202 16 16 0
2
41 43 
2
4397 20 12 0
4398 18 14 0
2
42 61 
2
4203 16 16 0
4202 18 30 0
2
43 72 
2
4399 18 14 0
4398 8 30 0
2
42 62 
2
4204 16 16 0
4203 20 24 0
2
42 63 
2
4205 16 16 0
4204 16 12 0
2
42 64 
2
4206 16 16 0
4205 16 6 0
2
42 65 
2
4207 16 16 0
4206 10 6 0
2
42 66 
2
4208 16 16 0
4207 18 22 0
2
42 67 
2
4209 16 16 0
4208 18 28 0
2
42 68 
2
4210 16 16 0
4209 18 12 0
2
42 86 
2
4211 16 16 0
4210 6 10 0
2
42 87 
2
4212 16 16 0
4211 22 14 0
2
42 89 
2
4213 16 16 0
4212 24 14 0
2
42 90 
2
4214 16 16 0
4213 20 10 0
2
42 91 
2
4215 16 16 0
4214 28 8 0
2
42 92 
2
4216 16 16 0
4215 32 12 0
2
42 93 
2
4217 16 16 0
4216 20 2 0
2
42 94 
2
4218 16 16 0
4217 8 6 0
2
42 95 
2
4219 16 16 0
4218 6 12 0
2
42 96 
2
4220 16 16 0
4219 16 4 0
2
42 97 
2
4221 16 16 0
4220 12 14 0
2
42 98 
2
4222 16 16 0
4221 22 16 0
2
42 99 
2
4223 16 16 0
4222 18 24 0
2
20 40 
2
4201 14 16 0
4202 10 16 0
2
21 41 
2
4397 20 14 0
4398 20 12 0
2
18 38 
2
4152 4 18 0
4153 4 16 0
2
19 39 
2
4387 20 8 0
4388 22 8 0
2
16 36 
2
4105 4 24 0
4106 4 22 0
2
17 37 
2
4364 26 4 0
4365 24 4 0
2
14 34 
2
3976 4 26 0
3977 2 24 0
2
15 35 
2
4220 26 2 0
4221 28 2 0
2
32 34 
2
3977 2 28 0
3978 2 24 0
2
33 35 
2
4221 32 2 0
4222 28 2 0
2
244 36 
2
4106 34 34 0
4107 4 22 0
2
34 36 
2
4107 2 24 0
4108 4 22 0
2
244 36 
2
4109 34 34 0
4109 4 22 0
2
14 36 
2
4109 4 26 0
4110 4 22 0
2
246 36 
2
4110 34 30 0
4111 4 22 0
2
34 36 
2
4111 2 24 0
4112 4 22 0
2
245 36 
2
4113 34 32 0
4113 4 22 0
2
245 37 
2
4365 34 32 0
4366 24 4 0
2
35 37 
2
4366 28 2 0
4367 24 4 0
2
247 37 
2
4367 34 28 0
4368 24 4 0
2
15 37 
2
4368 26 2 0
4369 24 4 0
2
247 37 
2
4370 34 28 0
4370 24 4 0
2
35 37 
2
4370 28 2 0
4371 24 4 0
2
249 37 
2
4371 34 24 0
4372 24 4 0
2
244 38 
2
4153 34 34 0
4154 4 16 0
2
36 38 
2
4154 4 22 0
4155 4 16 0
2
244 38 
2
4156 34 34 0
4156 4 16 0
2
16 38 
2
4156 4 24 0
4157 4 16 0
2
245 38 
2
4157 34 32 0
4158 4 16 0
2
36 38 
2
4158 4 22 0
4159 4 16 0
2
244 38 
2
4159 34 34 0
4160 4 16 0
2
246 39 
2
4388 34 30 0
4389 22 8 0
2
37 39 
2
4389 24 4 0
4390 22 8 0
2
246 39 
2
4391 34 30 0
4391 22 8 0
2
17 39 
2
4391 26 4 0
4392 22 8 0
2
247 39 
2
4392 34 28 0
4393 22 8 0
2
37 39 
2
4393 24 4 0
4394 22 8 0
2
245 39 
2
4395 34 32 0
4395 22 8 0
2
244 40 
2
4202 34 34 0
4203 10 16 0
2
38 40 
2
4203 4 16 0
4204 10 16 0
2
244 40 
2
4205 34 34 0
4205 10 16 0
2
18 40 
2
4205 4 18 0
4206 10 16 0
2
245 40 
2
4206 34 32 0
4207 10 16 0
2
38 40 
2
4207 4 16 0
4208 10 16 0
2
244 40 
2
4208 34 34 0
4209 10 16 0
2
244 41 
2
4398 34 34 0
4399 20 12 0
2
39 41 
2
4399 22 8 0
4400 20 12 0
2
244 41 
2
4401 34 34 0
4401 20 12 0
2
19 41 
2
4401 20 8 0
4402 20 12 0
2
245 41 
2
4402 34 32 0
4403 20 12 0
2
39 41 
2
4403 22 8 0
4404 20 12 0
2
244 41 
2
4404 34 34 0
4405 20 12 0
2
245 42 
2
4223 34 32 0
4224 16 16 0
2
40 42 
2
4224 10 16 0
4225 16 16 0
2
245 42 
2
4226 34 32 0
4226 16 16 0
2
20 42 
2
4226 14 16 0
4227 16 16 0
2
244 42 
2
4228 34 34 0
4228 16 16 0
2
40 42 
2
4228 10 16 0
4229 16 16 0
2
246 42 
2
4229 34 30 0
4230 16 16 0
2
245 43 
2
4399 34 32 0
4400 18 14 0
2
41 43 
2
4406 20 12 0
4405 18 14 0
2
245 43 
2
4405 34 32 0
4406 18 14 0
2
21 43 
2
4406 20 14 0
4407 18 14 0
2
244 43 
2
4407 34 34 0
4408 18 14 0
2
41 43 
2
4408 20 12 0
4409 18 14 0
2
244 43 
2
4410 34 34 0
4410 18 14 0
2
42 98 
2
4231 16 16 0
4230 22 16 0
2
43 71 
2
4411 18 14 0
4410 8 28 0
2
42 99 
2
4232 16 16 0
4231 18 24 0
2
42 100 
2
4233 16 16 0
4232 12 10 0
2
40 42 
2
4233 10 16 0
4234 16 16 0
2
41 43 
2
4411 20 12 0
4412 18 14 0
2
42 98 
2
4235 16 16 0
4234 22 16 0
2
43 71 
2
4413 18 14 0
4412 8 28 0
2
42 99 
2
4236 16 16 0
4235 18 24 0
2
43 72 
2
4414 18 14 0
4413 8 30 0
2
42 100 
2
4237 16 16 0
4236 12 10 0
2
20 40 
2
4233 14 16 0
4234 10 16 0
2
21 41 
2
4411 20 14 0
4412 20 12 0
2
38 40 
2
4234 4 16 0
4235 10 16 0
2
39 41 
2
4412 22 8 0
4413 20 12 0
2
244 42 
2
4237 34 34 0
4238 16 16 0
2
40 42 
2
4238 10 16 0
4239 16 16 0
2
244 42 
2
4240 34 34 0
4240 16 16 0
2
20 42 
2
4240 14 16 0
4241 16 16 0
2
246 42 
2
4242 34 30 0
4242 16 16 0
2
40 42 
2
4242 10 16 0
4243 16 16 0
2
244 42 
2
4243 34 34 0
4244 16 16 0
2
245 43 
2
4414 34 32 0
4415 18 14 0
2
41 43 
2
4415 20 12 0
4416 18 14 0
2
245 43 
2
4417 34 32 0
4417 18 14 0
2
21 43 
2
4417 20 14 0
4418 18 14 0
2
244 43 
2
4419 34 34 0
4419 18 14 0
2
41 43 
2
4419 20 12 0
4420 18 14 0
2
246 43 
2
4421 34 30 0
4421 18 14 0
2
42 99 
2
4245 16 16 0
4244 18 24 0
2
43 74 
2
4422 18 14 0
4421 8 26 0
2
42 100 
2
4246 16 16 0
4245 12 10 0
2
42 101 
2
4247 16 16 0
4246 18 18 0
2
40 42 
2
4247 10 16 0
4248 16 16 0
2
41 43 
2
4422 20 12 0
4423 18 14 0
2
42 99 
2
4249 16 16 0
4248 18 24 0
2
43 73 
2
4424 18 14 0
4423 2 22 0
2
42 100 
2
4250 16 16 0
4249 12 10 0
2
42 101 
2
4251 16 16 0
4250 18 18 0
2
20 40 
2
4247 14 16 0
4248 10 16 0
2
21 41 
2
4422 20 14 0
4423 20 12 0
2
18 38 
2
4234 4 18 0
4235 4 16 0
2
19 39 
2
4412 20 8 0
4413 22 8 0
2
36 38 
2
4235 4 22 0
4236 4 16 0
2
37 39 
2
4413 24 4 0
4414 22 8 0
2
244 40 
2
4249 34 34 0
4249 10 16 0
2
38 40 
2
4249 4 16 0
4250 10 16 0
2
245 40 
2
4250 34 32 0
4251 10 16 0
2
18 40 
2
4251 4 18 0
4252 10 16 0
2
245 40 
2
4253 34 32 0
4253 10 16 0
2
38 40 
2
4253 4 16 0
4254 10 16 0
2
244 40 
2
4255 34 34 0
4255 10 16 0
2
245 41 
2
4423 34 32 0
4424 20 12 0
2
39 41 
2
4424 22 8 0
4425 20 12 0
2
245 41 
2
4426 34 32 0
4426 20 12 0
2
19 41 
2
4426 20 8 0
4427 20 12 0
2
244 41 
2
4428 34 34 0
4428 20 12 0
2
39 41 
2
4428 22 8 0
4429 20 12 0
2
245 41 
2
4429 34 32 0
4430 20 12 0
2
244 42 
2
4252 34 34 0
4252 16 16 0
2
40 42 
2
4256 10 16 0
4255 16 16 0
2
245 42 
2
4256 34 32 0
4256 16 16 0
2
20 42 
2
4256 14 16 0
4257 16 16 0
2
244 42 
2
4258 34 34 0
4258 16 16 0
2
40 42 
2
4258 10 16 0
4259 16 16 0
2
245 42 
2
4259 34 32 0
4260 16 16 0
2
244 43 
2
4425 34 34 0
4425 18 14 0
2
41 43 
2
4431 20 12 0
4430 18 14 0
2
244 43 
2
4431 34 34 0
4431 18 14 0
2
21 43 
2
4431 20 14 0
4432 18 14 0
2
245 43 
2
4432 34 32 0
4433 18 14 0
2
41 43 
2
4433 20 12 0
4434 18 14 0
2
245 43 
2
4435 34 32 0
4435 18 14 0
2
42 98 
2
4261 16 16 0
4260 22 16 0
2
43 73 
2
4436 18 14 0
4435 2 22 0
2
42 99 
2
4262 16 16 0
4261 18 24 0
2
43 74 
2
4437 18 14 0
4436 8 26 0
2
42 100 
2
4263 16 16 0
4262 12 10 0
2
42 101 
2
4264 16 16 0
4263 18 18 0
2
42 102 
2
4265 16 16 0
4264 14 8 0
2
42 103 
2
4266 16 16 0
4265 14 6 0
2
42 104 
2
4267 16 16 0
4266 22 26 0
2
42 105 
2
4268 16 16 0
4267 20 16 0
2
42 106 
2
4269 16 16 0
4268 24 20 0
2
42 107 
2
4270 16 16 0
4269 30 16 0
2
42 108 
2
4271 16 16 0
4270 28 10 0
2
42 109 
2
4272 16 16 0
4271 26 10 0
2
42 111 
2
4273 16 16 0
4272 18 6 0
2
42 112 
2
4274 16 16 0
4273 30 14 0
2
42 113 
2
4275 16 16 0
4274 22 4 0
2
42 114 
2
4276 16 16 0
4275 30 10 0
2
42 115 
2
4277 16 16 0
4276 2 10 0
2
42 116 
2
4278 16 16 0
4277 8 8 0
2
42 117 
2
4279 16 16 0
4278 12 8 0
2
42 118 
2
4280 16 16 0
4279 12 12 0
2
42 119 
2
4281 16 16 0
4280 22 18 0
2
40 42 
2
4281 10 16 0
4282 16 16 0
2
41 43 
2
4437 20 12 0
4438 18 14 0
2
42 98 
2
4283 16 16 0
4282 22 16 0
2
43 76 
2
4439 18 14 0
4438 6 24 0
2
42 99 
2
4284 16 16 0
4283 18 24 0
2
42 100 
2
4285 16 16 0
4284 12 10 0
2
42 101 
2
4286 16 16 0
4285 18 18 0
2
42 102 
2
4287 16 16 0
4286 14 8 0
2
42 103 
2
4288 16 16 0
4287 14 6 0
2
42 104 
2
4289 16 16 0
4288 22 26 0
2
42 105 
2
4290 16 16 0
4289 20 16 0
2
42 106 
2
4291 16 16 0
4290 24 20 0
2
42 107 
2
4292 16 16 0
4291 30 16 0
2
42 108 
2
4293 16 16 0
4292 28 10 0
2
42 109 
2
4294 16 16 0
4293 26 10 0
2
42 111 
2
4295 16 16 0
4294 18 6 0
2
42 112 
2
4296 16 16 0
4295 30 14 0
2
42 113 
2
4297 16 16 0
4296 22 4 0
2
42 114 
2
4298 16 16 0
4297 30 10 0
2
42 115 
2
4299 16 16 0
4298 2 10 0
2
42 116 
2
4300 16 16 0
4299 8 8 0
2
42 117 
2
4301 16 16 0
4300 12 8 0
2
42 118 
2
4302 16 16 0
4301 12 12 0
2
42 119 
2
4303 16 16 0
4302 22 18 0
2
20 40 
2
4281 14 16 0
4282 10 16 0
2
21 41 
2
4437 20 14 0
4438 20 12 0
2
38 40 
2
4282 4 16 0
4283 10 16 0
2
39 41 
2
4438 22 8 0
4439 20 12 0
2
244 42 
2
4303 34 34 0
4304 16 16 0
2
40 42 
2
4304 10 16 0
4305 16 16 0
2
244 42 
2
4306 34 34 0
4306 16 16 0
2
20 42 
2
4306 14 16 0
4307 16 16 0
2
245 42 
2
4307 34 32 0
4308 16 16 0
2
40 42 
2
4308 10 16 0
4309 16 16 0
2
244 42 
2
4309 34 34 0
4310 16 16 0
2
245 43 
2
4439 34 32 0
4440 18 14 0
2
41 43 
2
4440 20 12 0
4441 18 14 0
2
245 43 
2
4442 34 32 0
4442 18 14 0
2
21 43 
2
4442 20 14 0
4443 18 14 0
2
244 43 
2
4443 34 34 0
4444 18 14 0
2
41 43 
2
4444 20 12 0
4445 18 14 0
2
244 43 
2
4446 34 34 0
4446 18 14 0
2
42 99 
2
4311 16 16 0
4310 18 24 0
2
43 75 
2
4447 18 14 0
4446 10 30 0
2
42 100 
2
4312 16 16 0
4311 12 10 0
2
42 101 
2
4313 16 16 0
4312 18 18 0
2
42 102 
2
4314 16 16 0
4313 14 8 0
2
42 103 
2
4315 16 16 0
4314 14 6 0
2
42 104 
2
4316 16 16 0
4315 22 26 0
2
42 105 
2
4317 16 16 0
4316 20 16 0
2
42 106 
2
4318 16 16 0
4317 24 20 0
2
42 107 
2
4319 16 16 0
4318 30 16 0
2
42 108 
2
4320 16 16 0
4319 28 10 0
2
42 109 
2
4321 16 16 0
4320 26 10 0
2
42 111 
2
4322 16 16 0
4321 18 6 0
2
42 112 
2
4323 16 16 0
4322 30 14 0
2
42 113 
2
4324 16 16 0
4323 22 4 0
2
42 114 
2
4325 16 16 0
4324 30 10 0
2
42 115 
2
4326 16 16 0
4325 2 10 0
2
42 116 
2
4327 16 16 0
4326 8 8 0
2
42 117 
2
4328 16 16 0
4327 12 8 0
2
42 118 
2
4329 16 16 0
4328 12 12 0
2
42 119 
2
4330 16 16 0
4329 22 18 0
2
42 120 
2
4331 16 16 0
4330 28 20 0
2
40 42 
2
4331 10 16 0
4332 16 16 0
2
41 43 
2
4447 20 12 0
4448 18 14 0
2
42 99 
2
4333 16 16 0
4332 18 24 0
2
43 75 
2
4449 18 14 0
4448 10 30 0
2
42 100 
2
4334 16 16 0
4333 12 10 0
2
43 76 
2
4450 18 14 0
4449 6 24 0
2
42 101 
2
4335 16 16 0
4334 18 18 0
2
42 102 
2
4336 16 16 0
4335 14 8 0
2
42 103 
2
4337 16 16 0
4336 14 6 0
2
42 104 
2
4338 16 16 0
4337 22 26 0
2
42 105 
2
4339 16 16 0
4338 20 16 0
2
42 106 
2
4340 16 16 0
4339 24 20 0
2
42 107 
2
4341 16 16 0
4340 30 16 0
2
42 108 
2
4342 16 16 0
4341 28 10 0
2
42 109 
2
4343 16 16 0
4342 26 10 0
2
42 111 
2
4344 16 16 0
4343 18 6 0
2
42 112 
2
4345 16 16 0
4344 30 14 0
2
42 113 
2
4346 16 16 0
4345 22 4 0
2
42 114 
2
4347 16 16 0
4346 30 10 0
2
42 115 
2
4348 16 16 0
4347 2 10 0
2
42 116 
2
4349 16 16 0
4348 8 8 0
2
42 117 
2
4350 16 16 0
4349 12 8 0
2
42 118 
2
4351 16 16 0
4350 12 12 0
2
42 119 
2
4352 16 16 0
4351 22 18 0
2
42 120 
2
4353 16 16 0
4352 28 20 0
2
20 40 
2
4331 14 16 0
4332 10 16 0
2
21 41 
2
4447 20 14 0
4448 20 12 0
2
18 38 
2
4282 4 18 0
4283 4 16 0
2
19 39 
2
4438 20 8 0
4439 22 8 0
2
16 36 
2
4235 4 24 0
4236 4 22 0
2
17 37 
2
4413 26 4 0
4414 24 4 0
2
34 36 
2
4236 2 24 0
4237 4 22 0
2
35 37 
2
4414 28 2 0
4415 24 4 0
2
244 38 
2
4283 34 34 0
4284 4 16 0
2
36 38 
2
4284 4 22 0
4285 4 16 0
2
244 38 
2
4286 34 34 0
4286 4 16 0
2
16 38 
2
4286 4 24 0
4287 4 16 0
2
245 38 
2
4287 34 32 0
4288 4 16 0
2
36 38 
2
4288 4 22 0
4289 4 16 0
2
244 38 
2
4289 34 34 0
4290 4 16 0
2
246 39 
2
4439 34 30 0
4440 22 8 0
2
37 39 
2
4440 24 4 0
4441 22 8 0
2
246 39 
2
4442 34 30 0
4442 22 8 0
2
17 39 
2
4442 26 4 0
4443 22 8 0
2
247 39 
2
4443 34 28 0
4444 22 8 0
2
37 39 
2
4444 24 4 0
4445 22 8 0
2
245 39 
2
4445 34 32 0
4446 22 8 0
2
244 40 
2
4332 34 34 0
4333 10 16 0
2
38 40 
2
4333 4 16 0
4334 10 16 0
2
244 40 
2
4335 34 34 0
4335 10 16 0
2
18 40 
2
4335 4 18 0
4336 10 16 0
2
245 40 
2
4336 34 32 0
4337 10 16 0
2
38 40 
2
4337 4 16 0
4338 10 16 0
2
244 40 
2
4338 34 34 0
4339 10 16 0
2
244 41 
2
4449 34 34 0
4449 20 12 0
2
39 41 
2
4449 22 8 0
4450 20 12 0
2
245 41 
2
4450 34 32 0
4451 20 12 0
2
19 41 
2
4451 20 8 0
4452 20 12 0
2
244 41 
2
4452 34 34 0
4453 20 12 0
2
39 41 
2
4453 22 8 0
4454 20 12 0
2
244 41 
2
4455 34 34 0
4455 20 12 0
2
244 42 
2
4354 34 34 0
4354 16 16 0
2
40 42 
2
4354 10 16 0
4355 16 16 0
2
246 42 
2
4355 34 30 0
4356 16 16 0
2
20 42 
2
4356 14 16 0
4357 16 16 0
2
244 42 
2
4357 34 34 0
4358 16 16 0
2
40 42 
2
4358 10 16 0
4359 16 16 0
2
244 42 
2
4360 34 34 0
4360 16 16 0
2
246 43 
2
4450 34 30 0
4451 18 14 0
2
41 43 
2
4456 20 12 0
4455 18 14 0
2
245 43 
2
4455 34 32 0
4456 18 14 0
2
21 43 
2
4456 20 14 0
4457 18 14 0
2
244 43 
2
4458 34 34 0
4458 18 14 0
2
41 43 
2
4458 20 12 0
4459 18 14 0
2
245 43 
2
4459 34 32 0
4460 18 14 0
2
42 119 
2
4361 16 16 0
4360 22 18 0
2
43 78 
2
4461 18 14 0
4460 10 28 0
2
42 120 
2
4362 16 16 0
4361 28 20 0
2
42 121 
2
4363 16 16 0
4362 8 14 0
2
40 42 
2
4363 10 16 0
4364 16 16 0
2
41 43 
2
4461 20 12 0
4462 18 14 0
2
42 119 
2
4365 16 16 0
4364 22 18 0
2
43 77 
2
4463 18 14 0
4462 14 32 0
2
42 120 
2
4366 16 16 0
4365 28 20 0
2
42 121 
2
4367 16 16 0
4366 8 14 0
2
20 40 
2
4363 14 16 0
4364 10 16 0
2
21 41 
2
4461 20 14 0
4462 20 12 0
2
38 40 
2
4364 4 16 0
4365 10 16 0
2
39 41 
2
4462 22 8 0
4463 20 12 0
2
245 42 
2
4368 34 32 0
4368 16 16 0
2
40 42 
2
4368 10 16 0
4369 16 16 0
2
244 42 
2
4370 34 34 0
4370 16 16 0
2
20 42 
2
4370 14 16 0
4371 16 16 0
2
246 42 
2
4372 34 30 0
4372 16 16 0
2
40 42 
2
4372 10 16 0
4373 16 16 0
2
245 42 
2
4374 34 32 0
4374 16 16 0
2
245 43 
2
4463 34 32 0
4464 18 14 0
2
41 43 
2
4464 20 12 0
4465 18 14 0
2
245 43 
2
4466 34 32 0
4466 18 14 0
2
21 43 
2
4466 20 14 0
4467 18 14 0
2
244 43 
2
4468 34 34 0
4468 18 14 0
2
41 43 
2
4468 20 12 0
4469 18 14 0
2
246 43 
2
4470 34 30 0
4470 18 14 0
2
42 120 
2
4375 16 16 0
4374 28 20 0
2
43 77 
2
4471 18 14 0
4470 14 32 0
2
42 121 
2
4376 16 16 0
4375 8 14 0
2
43 78 
2
4472 18 14 0
4471 10 28 0
2
42 122 
2
4377 16 16 0
4376 12 6 0
2
40 42 
2
4377 10 16 0
4378 16 16 0
2
41 43 
2
4472 20 12 0
4473 18 14 0
2
42 120 
2
4379 16 16 0
4378 28 20 0
2
43 80 
2
4474 18 14 0
4473 24 28 0
2
42 121 
2
4380 16 16 0
4379 8 14 0
2
42 122 
2
4381 16 16 0
4380 12 6 0
2
20 40 
2
4377 14 16 0
4378 10 16 0
2
21 41 
2
4472 20 14 0
4473 20 12 0
2
18 38 
2
4364 4 18 0
4365 4 16 0
2
19 39 
2
4462 20 8 0
4463 22 8 0
2
36 38 
2
4365 4 22 0
4366 4 16 0
2
37 39 
2
4463 24 4 0
4464 22 8 0
2
244 40 
2
4379 34 34 0
4379 10 16 0
2
38 40 
2
4379 4 16 0
4380 10 16 0
2
246 40 
2
4380 34 30 0
4381 10 16 0
2
18 40 
2
4381 4 18 0
4382 10 16 0
2
245 40 
2
4383 34 32 0
4383 10 16 0
2
38 40 
2
4383 4 16 0
4384 10 16 0
2
244 40 
2
4385 34 34 0
4385 10 16 0
2
244 41 
2
4474 34 34 0
4474 20 12 0
2
39 41 
2
4474 22 8 0
4475 20 12 0
2
246 41 
2
4475 34 30 0
4476 20 12 0
2
19 41 
2
4476 20 8 0
4477 20 12 0
2
244 41 
2
4477 34 34 0
4478 20 12 0
2
39 41 
2
4478 22 8 0
4479 20 12 0
2
244 41 
2
4480 34 34 0
4480 20 12 0
2
244 42 
2
4382 34 34 0
4382 16 16 0
2
40 42 
2
4386 10 16 0
4385 16 16 0
2
245 42 
2
4386 34 32 0
4386 16 16 0
2
20 42 
2
4386 14 16 0
4387 16 16 0
2
244 42 
2
4388 34 34 0
4388 16 16 0
2
40 42 
2
4388 10 16 0
4389 16 16 0
2
247 42 
2
4389 34 28 0
4390 16 16 0
2
245 43 
2
4474 34 32 0
4475 18 14 0
2
41 43 
2
4481 20 12 0
4480 18 14 0
2
245 43 
2
4480 34 32 0
4481 18 14 0
2
21 43 
2
4481 20 14 0
4482 18 14 0
2
244 43 
2
4483 34 34 0
4483 18 14 0
2
41 43 
2
4483 20 12 0
4484 18 14 0
2
246 43 
2
4484 34 30 0
4485 18 14 0
2
42 119 
2
4391 16 16 0
4390 22 18 0
2
43 79 
2
4486 18 14 0
4485 2 20 0
2
42 120 
2
4392 16 16 0
4391 28 20 0
2
42 121 
2
4393 16 16 0
4392 8 14 0
2
42 122 
2
4394 16 16 0
4393 12 6 0
2
42 123 
2
4395 16 16 0
4394 22 20 0
2
42 124 
2
4396 16 16 0
4395 20 26 0
2
42 125 
2
4397 16 16 0
4396 12 16 0
2
42 126 
2
4398 16 16 0
4397 16 10 0
2
42 128 
2
4399 16 16 0
4398 16 14 0
2
42 129 
2
4400 16 16 0
4399 28 12 0
2
42 130 
2
4401 16 16 0
4400 22 6 0
2
42 131 
2
4402 16 16 0
4401 28 14 0
2
42 149 
2
4403 16 16 0
4402 20 6 0
2
42 150 
2
4404 16 16 0
4403 24 8 0
2
42 151 
2
4405 16 16 0
4404 22 2 0
2
42 152 
2
4406 16 16 0
4405 22 30 0
2
42 153 
2
4407 16 16 0
4406 24 26 0
2
42 154 
2
4408 16 16 0
4407 28 18 0
2
42 155 
2
4409 16 16 0
4408 22 22 0
2
42 156 
2
4410 16 16 0
4409 26 18 0
2
42 157 
2
4411 16 16 0
4410 24 16 0
2
40 42 
2
4411 10 16 0
4412 16 16 0
2
41 43 
2
4486 20 12 0
4487 18 14 0
2
42 119 
2
4413 16 16 0
4412 22 18 0
2
43 79 
2
4488 18 14 0
4487 2 20 0
2
42 120 
2
4414 16 16 0
4413 28 20 0
2
43 80 
2
4489 18 14 0
4488 24 28 0
2
42 121 
2
4415 16 16 0
4414 8 14 0
2
42 122 
2
4416 16 16 0
4415 12 6 0
2
42 123 
2
4417 16 16 0
4416 22 20 0
2
42 124 
2
4418 16 16 0
4417 20 26 0
2
42 125 
2
4419 16 16 0
4418 12 16 0
2
42 126 
2
4420 16 16 0
4419 16 10 0
2
42 128 
2
4421 16 16 0
4420 16 14 0
2
42 129 
2
4422 16 16 0
4421 28 12 0
2
42 130 
2
4423 16 16 0
4422 22 6 0
2
42 131 
2
4424 16 16 0
4423 28 14 0
2
42 149 
2
4425 16 16 0
4424 20 6 0
2
42 150 
2
4426 16 16 0
4425 24 8 0
2
42 151 
2
4427 16 16 0
4426 22 2 0
2
42 152 
2
4428 16 16 0
4427 22 30 0
2
42 153 
2
4429 16 16 0
4428 24 26 0
2
42 154 
2
4430 16 16 0
4429 28 18 0
2
42 155 
2
4431 16 16 0
4430 22 22 0
2
42 156 
2
4432 16 16 0
4431 26 18 0
2
42 157 
2
4433 16 16 0
4432 24 16 0
2
20 40 
2
4411 14 16 0
4412 10 16 0
2
21 41 
2
4486 20 14 0
4487 20 12 0
2
38 40 
2
4412 4 16 0
4413 10 16 0
2
39 41 
2
4487 22 8 0
4488 20 12 0
2
244 42 
2
4434 34 34 0
4434 16 16 0
2
40 42 
2
4434 10 16 0
4435 16 16 0
2
246 42 
2
4435 34 30 0
4436 16 16 0
2
20 42 
2
4436 14 16 0
4437 16 16 0
2
244 42 
2
4437 34 34 0
4438 16 16 0
2
40 42 
2
4438 10 16 0
4439 16 16 0
2
244 42 
2
4440 34 34 0
4440 16 16 0
2
246 43 
2
4489 34 30 0
4490 18 14 0
2
41 43 
2
4490 20 12 0
4491 18 14 0
2
244 43 
2
4492 34 34 0
4492 18 14 0
2
21 43 
2
4492 20 14 0
4493 18 14 0
2
246 43 
2
4493 34 30 0
4494 18 14 0
2
41 43 
2
4494 20 12 0
4495 18 14 0
2
245 43 
2
4496 34 32 0
4496 18 14 0
2
42 120 
2
4441 16 16 0
4440 28 20 0
2
43 82 
2
4497 18 14 0
4496 28 22 0
2
42 121 
2
4442 16 16 0
4441 8 14 0
2
42 122 
2
4443 16 16 0
4442 12 6 0
2
42 123 
2
4444 16 16 0
4443 22 20 0
2
42 124 
2
4445 16 16 0
4444 20 26 0
2
42 125 
2
4446 16 16 0
4445 12 16 0
2
42 126 
2
4447 16 16 0
4446 16 10 0
2
42 128 
2
4448 16 16 0
4447 16 14 0
2
42 129 
2
4449 16 16 0
4448 28 12 0
2
42 130 
2
4450 16 16 0
4449 22 6 0
2
42 131 
2
4451 16 16 0
4450 28 14 0
2
42 149 
2
4452 16 16 0
4451 20 6 0
2
42 150 
2
4453 16 16 0
4452 24 8 0
2
42 151 
2
4454 16 16 0
4453 22 2 0
2
42 152 
2
4455 16 16 0
4454 22 30 0
2
42 153 
2
4456 16 16 0
4455 24 26 0
2
42 154 
2
4457 16 16 0
4456 28 18 0
2
42 155 
2
4458 16 16 0
4457 22 22 0
2
42 156 
2
4459 16 16 0
4458 26 18 0
2
42 157 
2
4460 16 16 0
4459 24 16 0
2
42 158 
2
4461 16 16 0
4460 4 14 0
2
40 42 
2
4461 10 16 0
4462 16 16 0
2
41 43 
2
4497 20 12 0
4498 18 14 0
2
42 120 
2
4463 16 16 0
4462 28 20 0
2
43 81 
2
4499 18 14 0
4498 6 6 0
2
42 121 
2
4464 16 16 0
4463 8 14 0
2
42 122 
2
4465 16 16 0
4464 12 6 0
2
42 123 
2
4466 16 16 0
4465 22 20 0
2
42 124 
2
4467 16 16 0
4466 20 26 0
2
42 125 
2
4468 16 16 0
4467 12 16 0
2
42 126 
2
4469 16 16 0
4468 16 10 0
2
42 128 
2
4470 16 16 0
4469 16 14 0
2
42 129 
2
4471 16 16 0
4470 28 12 0
2
42 130 
2
4472 16 16 0
4471 22 6 0
2
42 131 
2
4473 16 16 0
4472 28 14 0
2
42 149 
2
4474 16 16 0
4473 20 6 0
2
42 150 
2
4475 16 16 0
4474 24 8 0
2
42 151 
2
4476 16 16 0
4475 22 2 0
2
42 152 
2
4477 16 16 0
4476 22 30 0
2
42 153 
2
4478 16 16 0
4477 24 26 0
2
42 154 
2
4479 16 16 0
4478 28 18 0
2
42 155 
2
4480 16 16 0
4479 22 22 0
2
42 156 
2
4481 16 16 0
4480 26 18 0
2
42 157 
2
4482 16 16 0
4481 24 16 0
2
42 158 
2
4483 16 16 0
4482 4 14 0
2
20 40 
2
4461 14 16 0
4462 10 16 0
2
21 41 
2
4497 20 14 0
4498 20 12 0
2
18 38 
2
4412 4 18 0
4413 4 16 0
2
19 39 
2
4487 20 8 0
4488 22 8 0
2
16 36 
2
4365 4 24 0
4366 4 22 0
2
17 37 
2
4463 26 4 0
4464 24 4 0
2
14 34 
2
4236 4 26 0
4237 2 24 0
2
15 35 
2
4414 26 2 0
4415 28 2 0
2
12 32 
2
3977 2 26 0
3978 2 28 0
2
13 33 
2
4221 30 2 0
4222 32 2 0
2
10 30 
2
3417 6 28 0
3418 4 28 0
2
11 31 
2
3440 32 4 0
3441 32 6 0
2
8 28 
2
2343 6 30 0
2344 4 30 0
2
9 29 
2
2233 32 24 0
2234 32 26 0
2
6 26 
2
62 6 32 0
63 2 30 0
2
7 27 
2
62 28 30 0
63 32 28 0
2
24 26 
2
63 2 32 0
64 2 30 0
2
25 27 
2
63 30 30 0
64 32 28 0
2
245 28 
2
2344 34 32 0
2345 4 30 0
2
26 28 
2
2345 2 30 0
2346 4 30 0
2
247 28 
2
2346 34 28 0
2347 4 30 0
2
6 28 
2
2347 6 32 0
2348 4 30 0
2
246 28 
2
2348 34 30 0
2349 4 30 0
2
26 28 
2
2349 2 30 0
2350 4 30 0
2
244 28 
2
2351 34 34 0
2351 4 30 0
2
245 29 
2
2234 34 32 0
2235 32 26 0
2
27 29 
2
2235 32 28 0
2236 32 26 0
2
244 29 
2
2237 34 34 0
2237 32 26 0
2
7 29 
2
2237 28 30 0
2238 32 26 0
2
246 29 
2
2238 34 30 0
2239 32 26 0
2
27 29 
2
2239 32 28 0
2240 32 26 0
2
244 29 
2
2240 34 34 0
2241 32 26 0
2
245 30 
2
3419 34 32 0
3419 4 28 0
2
28 30 
2
3419 4 30 0
3420 4 28 0
2
248 30 
2
3420 34 26 0
3421 4 28 0
2
8 30 
2
3421 6 30 0
3422 4 28 0
2
246 30 
2
3423 34 30 0
3423 4 28 0
2
28 30 
2
3423 4 30 0
3424 4 28 0
2
245 30 
2
3425 34 32 0
3425 4 28 0
2
246 31 
2
3441 34 30 0
3442 32 6 0
2
29 31 
2
3442 32 26 0
3443 32 6 0
2
245 31 
2
3444 34 32 0
3444 32 6 0
2
9 31 
2
3444 32 24 0
3445 32 6 0
2
246 31 
2
3445 34 30 0
3446 32 6 0
2
29 31 
2
3446 32 26 0
3447 32 6 0
2
245 31 
2
3447 34 32 0
3448 32 6 0
2
245 32 
2
3978 34 32 0
3979 2 28 0
2
30 32 
2
3979 4 28 0
3980 2 28 0
2
244 32 
2
3981 34 34 0
3981 2 28 0
2
10 32 
2
3981 6 28 0
3982 2 28 0
2
246 32 
2
3982 34 30 0
3983 2 28 0
2
30 32 
2
3983 4 28 0
3984 2 28 0
2
245 32 
2
3984 34 32 0
3985 2 28 0
2
244 33 
2
4222 34 34 0
4223 32 2 0
2
31 33 
2
4223 32 6 0
4224 32 2 0
2
244 33 
2
4225 34 34 0
4225 32 2 0
2
11 33 
2
4225 32 4 0
4226 32 2 0
2
246 33 
2
4226 34 30 0
4227 32 2 0
2
31 33 
2
4227 32 6 0
4228 32 2 0
2
245 33 
2
4229 34 32 0
4229 32 2 0
2
245 34 
2
4237 34 32 0
4238 2 24 0
2
32 34 
2
4238 2 28 0
4239 2 24 0
2
246 34 
2
4239 34 30 0
4240 2 24 0
2
12 34 
2
4240 2 26 0
4241 2 24 0
2
248 34 
2
4241 34 26 0
4242 2 24 0
2
32 34 
2
4242 2 28 0
4243 2 24 0
2
247 34 
2
4244 34 28 0
4244 2 24 0
2
246 35 
2
4415 34 30 0
4416 28 2 0
2
33 35 
2
4416 32 2 0
4417 28 2 0
2
247 35 
2
4417 34 28 0
4418 28 2 0
2
13 35 
2
4418 30 2 0
4419 28 2 0
2
247 35 
2
4420 34 28 0
4420 28 2 0
2
33 35 
2
4420 32 2 0
4421 28 2 0
2
244 35 
2
4422 34 34 0
4422 28 2 0
2
246 36 
2
4366 34 30 0
4367 4 22 0
2
34 36 
2
4367 2 24 0
4368 4 22 0
2
248 36 
2
4368 34 26 0
4369 4 22 0
2
14 36 
2
4369 4 26 0
4370 4 22 0
2
248 36 
2
4371 34 26 0
4371 4 22 0
2
34 36 
2
4371 2 24 0
4372 4 22 0
2
244 36 
2
4373 34 34 0
4373 4 22 0
2
246 37 
2
4464 34 30 0
4465 24 4 0
2
35 37 
2
4465 28 2 0
4466 24 4 0
2
247 37 
2
4466 34 28 0
4467 24 4 0
2
15 37 
2
4467 26 2 0
4468 24 4 0
2
247 37 
2
4469 34 28 0
4469 24 4 0
2
35 37 
2
4469 28 2 0
4470 24 4 0
2
244 37 
2
4471 34 34 0
4471 24 4 0
2
244 38 
2
4413 34 34 0
4414 4 16 0
2
36 38 
2
4414 4 22 0
4415 4 16 0
2
244 38 
2
4416 34 34 0
4416 4 16 0
2
16 38 
2
4416 4 24 0
4417 4 16 0
2
246 38 
2
4418 34 30 0
4418 4 16 0
2
36 38 
2
4418 4 22 0
4419 4 16 0
2
245 38 
2
4420 34 32 0
4420 4 16 0
2
244 39 
2
4489 34 34 0
4489 22 8 0
2
37 39 
2
4489 24 4 0
4490 22 8 0
2
247 39 
2
4490 34 28 0
4491 22 8 0
2
17 39 
2
4491 26 4 0
4492 22 8 0
2
245 39 
2
4493 34 32 0
4493 22 8 0
2
37 39 
2
4493 24 4 0
4494 22 8 0
2
244 39 
2
4495 34 34 0
4495 22 8 0
2
244 40 
2
4462 34 34 0
4463 10 16 0
2
38 40 
2
4463 4 16 0
4464 10 16 0
2
244 40 
2
4465 34 34 0
4465 10 16 0
2
18 40 
2
4465 4 18 0
4466 10 16 0
2
246 40 
2
4467 34 30 0
4467 10 16 0
2
38 40 
2
4467 4 16 0
4468 10 16 0
2
245 40 
2
4469 34 32 0
4469 10 16 0
2
245 41 
2
4499 34 32 0
4499 20 12 0
2
39 41 
2
4499 22 8 0
4500 20 12 0
2
244 41 
2
4501 34 34 0
4501 20 12 0
2
19 41 
2
4501 20 8 0
4502 20 12 0
2
247 41 
2
4502 34 28 0
4503 20 12 0
2
39 41 
2
4503 22 8 0
4504 20 12 0
2
245 41 
2
4505 34 32 0
4505 20 12 0
2
245 42 
2
4483 34 32 0
4484 16 16 0
2
40 42 
2
4484 10 16 0
4485 16 16 0
2
244 42 
2
4486 34 34 0
4486 16 16 0
2
20 42 
2
4486 14 16 0
4487 16 16 0
2
245 42 
2
4487 34 32 0
4488 16 16 0
2
40 42 
2
4488 10 16 0
4489 16 16 0
2
245 42 
2
4490 34 32 0
4490 16 16 0
2
247 43 
2
4499 34 28 0
4500 18 14 0
2
41 43 
2
4506 20 12 0
4505 18 14 0
2
246 43 
2
4505 34 30 0
4506 18 14 0
2
21 43 
2
4506 20 14 0
4507 18 14 0
2
244 43 
2
4507 34 34 0
4508 18 14 0
2
41 43 
2
4508 20 12 0
4509 18 14 0
2
244 43 
2
4510 34 34 0
4510 18 14 0
2
42 157 
2
4491 16 16 0
4490 24 16 0
2
43 81 
2
4511 18 14 0
4510 6 6 0
2
42 158 
2
4492 16 16 0
4491 4 14 0
2
43 82 
2
4512 18 14 0
4511 28 22 0
2
42 159 
2
4493 16 16 0
4492 14 4 0
2
40 42 
2
4493 10 16 0
4494 16 16 0
2
41 43 
2
4512 20 12 0
4513 18 14 0
2
42 157 
2
4495 16 16 0
4494 24 16 0
2
43 84 
2
4514 18 14 0
4513 28 24 0
2
42 158 
2
4496 16 16 0
4495 4 14 0
2
42 159 
2
4497 16 16 0
4496 14 4 0
2
20 40 
2
4493 14 16 0
4494 10 16 0
2
21 41 
2
4512 20 14 0
4513 20 12 0
2
38 40 
2
4494 4 16 0
4495 10 16 0
2
39 41 
2
4513 22 8 0
4514 20 12 0
2
244 42 
2
4498 34 34 0
4498 16 16 0
2
40 42 
2
4498 10 16 0
4499 16 16 0
2
246 42 
2
4499 34 30 0
4500 16 16 0
2
20 42 
2
4500 14 16 0
4501 16 16 0
2
245 42 
2
4502 34 32 0
4502 16 16 0
2
40 42 
2
4502 10 16 0
4503 16 16 0
2
244 42 
2
4504 34 34 0
4504 16 16 0
2
246 43 
2
4514 34 30 0
4515 18 14 0
2
41 43 
2
4515 20 12 0
4516 18 14 0
2
245 43 
2
4517 34 32 0
4517 18 14 0
2
21 43 
2
4517 20 14 0
4518 18 14 0
2
244 43 
2
4519 34 34 0
4519 18 14 0
2
41 43 
2
4519 20 12 0
4520 18 14 0
2
246 43 
2
4520 34 30 0
4521 18 14 0
2
42 158 
2
4505 16 16 0
4504 4 14 0
2
43 83 
2
4522 18 14 0
4521 10 4 0
2
42 159 
2
4506 16 16 0
4505 14 4 0
2
42 160 
2
4507 16 16 0
4506 10 14 0
2
40 42 
2
4507 10 16 0
4508 16 16 0
2
41 43 
2
4522 20 12 0
4523 18 14 0
2
42 158 
2
4509 16 16 0
4508 4 14 0
2
43 83 
2
4524 18 14 0
4523 10 4 0
2
42 159 
2
4510 16 16 0
4509 14 4 0
2
43 84 
2
4525 18 14 0
4524 28 24 0
2
42 160 
2
4511 16 16 0
4510 10 14 0
2
20 40 
2
4507 14 16 0
4508 10 16 0
2
21 41 
2
4522 20 14 0
4523 20 12 0
2
18 38 
2
4494 4 18 0
4495 4 16 0
2
19 39 
2
4513 20 8 0
4514 22 8 0
2
36 38 
2
4495 4 22 0
4496 4 16 0
2
37 39 
2
4514 24 4 0
4515 22 8 0
2
246 40 
2
4508 34 30 0
4509 10 16 0
2
38 40 
2
4509 4 16 0
4510 10 16 0
2
245 40 
2
4511 34 32 0
4511 10 16 0
2
18 40 
2
4511 4 18 0
4512 10 16 0
2
244 40 
2
4513 34 34 0
4513 10 16 0
2
38 40 
2
4513 4 16 0
4514 10 16 0
2
245 40 
2
4514 34 32 0
4515 10 16 0
2
245 41 
2
4523 34 32 0
4524 20 12 0
2
39 41 
2
4524 22 8 0
4525 20 12 0
2
245 41 
2
4526 34 32 0
4526 20 12 0
2
19 41 
2
4526 20 8 0
4527 20 12 0
2
244 41 
2
4528 34 34 0
4528 20 12 0
2
39 41 
2
4528 22 8 0
4529 20 12 0
2
245 41 
2
4529 34 32 0
4530 20 12 0
2
246 42 
2
4511 34 30 0
4512 16 16 0
2
40 42 
2
4516 10 16 0
4515 16 16 0
2
244 42 
2
4516 34 34 0
4516 16 16 0
2
20 42 
2
4516 14 16 0
4517 16 16 0
2
246 42 
2
4517 34 30 0
4518 16 16 0
2
40 42 
2
4518 10 16 0
4519 16 16 0
2
245 42 
2
4520 34 32 0
4520 16 16 0
2
246 43 
2
4525 34 30 0
4526 18 14 0
2
41 43 
2
4531 20 12 0
4530 18 14 0
2
244 43 
2
4531 34 34 0
4531 18 14 0
2
21 43 
2
4531 20 14 0
4532 18 14 0
2
245 43 
2
4532 34 32 0
4533 18 14 0
2
41 43 
2
4533 20 12 0
4534 18 14 0
2
244 43 
2
4534 34 34 0
4535 18 14 0
2
42 157 
2
4521 16 16 0
4520 24 16 0
2
43 88 
2
4536 18 14 0
4535 12 4 0
2
42 158 
2
4522 16 16 0
4521 4 14 0
2
42 159 
2
4523 16 16 0
4522 14 4 0
2
42 160 
2
4524 16 16 0
4523 10 14 0
2
42 161 
2
4525 16 16 0
4524 14 2 0
2
42 162 
2
4526 16 16 0
4525 30 18 0
2
42 163 
2
4527 16 16 0
4526 24 22 0
2
42 164 
2
4528 16 16 0
4527 26 20 0
2
42 166 
2
4529 16 16 0
4528 20 22 0
2
42 167 
2
4530 16 16 0
4529 22 12 0
2
42 168 
2
4531 16 16 0
4530 24 10 0
2
42 169 
2
4532 16 16 0
4531 18 2 0
2
42 170 
2
4533 16 16 0
4532 26 14 0
2
42 171 
2
4534 16 16 0
4533 20 4 0
2
42 172 
2
4535 16 16 0
4534 26 8 0
2
42 173 
2
4536 16 16 0
4535 26 6 0
2
42 174 
2
4537 16 16 0
4536 20 32 0
2
42 175 
2
4538 16 16 0
4537 6 8 0
2
42 176 
2
4539 16 16 0
4538 20 30 0
2
42 177 
2
4540 16 16 0
4539 8 4 0
2
42 178 
2
4541 16 16 0
4540 10 2 0
2
40 42 
2
4541 10 16 0
4542 16 16 0
2
41 43 
2
4536 20 12 0
4537 18 14 0
2
42 157 
2
4543 16 16 0
4542 24 16 0
2
43 85 
2
4538 18 14 0
4537 30 20 0
2
42 158 
2
4544 16 16 0
4543 4 14 0
2
42 159 
2
4545 16 16 0
4544 14 4 0
2
42 160 
2
4546 16 16 0
4545 10 14 0
2
42 161 
2
4547 16 16 0
4546 14 2 0
2
42 162 
2
4548 16 16 0
4547 30 18 0
2
42 163 
2
4549 16 16 0
4548 24 22 0
2
42 164 
2
4550 16 16 0
4549 26 20 0
2
42 166 
2
4551 16 16 0
4550 20 22 0
2
42 167 
2
4552 16 16 0
4551 22 12 0
2
42 168 
2
4553 16 16 0
4552 24 10 0
2
42 169 
2
4554 16 16 0
4553 18 2 0
2
42 170 
2
4555 16 16 0
4554 26 14 0
2
42 171 
2
4556 16 16 0
4555 20 4 0
2
42 172 
2
4557 16 16 0
4556 26 8 0
2
42 173 
2
4558 16 16 0
4557 26 6 0
2
42 174 
2
4559 16 16 0
4558 20 32 0
2
42 175 
2
4560 16 16 0
4559 6 8 0
2
42 176 
2
4561 16 16 0
4560 20 30 0
2
42 177 
2
4562 16 16 0
4561 8 4 0
2
42 178 
2
4563 16 16 0
4562 10 2 0
2
20 40 
2
4541 14 16 0
4542 10 16 0
2
21 41 
2
4536 20 14 0
4537 20 12 0
2
38 40 
2
4542 4 16 0
4543 10 16 0
2
39 41 
2
4537 22 8 0
4538 20 12 0
2
244 42 
2
4563 34 34 0
4564 16 16 0
2
40 42 
2
4564 10 16 0
4565 16 16 0
2
244 42 
2
4566 34 34 0
4566 16 16 0
2
20 42 
2
4566 14 16 0
4567 16 16 0
2
247 42 
2
4567 34 28 0
4568 16 16 0
2
40 42 
2
4568 10 16 0
4569 16 16 0
2
245 42 
2
4570 34 32 0
4570 16 16 0
2
244 43 
2
4538 34 34 0
4539 18 14 0
2
41 43 
2
4539 20 12 0
4540 18 14 0
2
244 43 
2
4541 34 34 0
4541 18 14 0
2
21 43 
2
4541 20 14 0
4542 18 14 0
2
246 43 
2
4542 34 30 0
4543 18 14 0
2
41 43 
2
4543 20 12 0
4544 18 14 0
2
245 43 
2
4544 34 32 0
4545 18 14 0
2
42 158 
2
4571 16 16 0
4570 4 14 0
2
43 85 
2
4546 18 14 0
4545 30 20 0
2
42 159 
2
4572 16 16 0
4571 14 4 0
2
43 88 
2
4547 18 14 0
4546 12 4 0
2
42 160 
2
4573 16 16 0
4572 10 14 0
2
42 161 
2
4574 16 16 0
4573 14 2 0
2
42 162 
2
4575 16 16 0
4574 30 18 0
2
42 163 
2
4576 16 16 0
4575 24 22 0
2
42 164 
2
4577 16 16 0
4576 26 20 0
2
42 166 
2
4578 16 16 0
4577 20 22 0
2
42 167 
2
4579 16 16 0
4578 22 12 0
2
42 168 
2
4580 16 16 0
4579 24 10 0
2
42 169 
2
4581 16 16 0
4580 18 2 0
2
42 170 
2
4582 16 16 0
4581 26 14 0
2
42 171 
2
4583 16 16 0
4582 20 4 0
2
42 172 
2
4584 16 16 0
4583 26 8 0
2
42 173 
2
4585 16 16 0
4584 26 6 0
2
42 174 
2
4586 16 16 0
4585 20 32 0
2
42 175 
2
4587 16 16 0
4586 6 8 0
2
42 176 
2
4588 16 16 0
4587 20 30 0
2
42 177 
2
4589 16 16 0
4588 8 4 0
2
42 178 
2
4590 16 16 0
4589 10 2 0
2
42 179 
2
4591 16 16 0
4590 30 22 0
2
40 42 
2
4591 10 16 0
4592 16 16 0
2
41 43 
2
4547 20 12 0
4548 18 14 0
2
42 158 
2
4593 16 16 0
4592 4 14 0
2
43 127 
2
4549 18 14 0
4548 12 18 0
2
42 159 
2
4594 16 16 0
4593 14 4 0
2
42 160 
2
4595 16 16 0
4594 10 14 0
2
42 161 
2
4596 16 16 0
4595 14 2 0
2
42 162 
2
4597 16 16 0
4596 30 18 0
2
42 163 
2
4598 16 16 0
4597 24 22 0
2
42 164 
2
4599 16 16 0
4598 26 20 0
2
42 166 
2
4600 16 16 0
4599 20 22 0
2
42 167 
2
4601 16 16 0
4600 22 12 0
2
42 168 
2
4602 16 16 0
4601 24 10 0
2
42 169 
2
4603 16 16 0
4602 18 2 0
2
42 170 
2
4604 16 16 0
4603 26 14 0
2
42 171 
2
4605 16 16 0
4604 20 4 0
2
42 172 
2
4606 16 16 0
4605 26 8 0
2
42 173 
2
4607 16 16 0
4606 26 6 0
2
42 174 
2
4608 16 16 0
4607 20 32 0
2
42 175 
2
4609 16 16 0
4608 6 8 0
2
42 176 
2
4610 16 16 0
4609 20 30 0
2
42 177 
2
4611 16 16 0
4610 8 4 0
2
42 178 
2
4612 16 16 0
4611 10 2 0
2
42 179 
2
4613 16 16 0
4612 30 22 0
2
20 40 
2
4591 14 16 0
4592 10 16 0
2
21 41 
2
4547 20 14 0
4548 20 12 0
2
18 38 
2
4542 4 18 0
4543 4 16 0
2
19 39 
2
4537 20 8 0
4538 22 8 0
2
16 36 
2
4495 4 24 0
4496 4 22 0
2
17 37 
2
4514 26 4 0
4515 24 4 0
2
34 36 
2
4496 2 24 0
4497 4 22 0
2
35 37 
2
4515 28 2 0
4516 24 4 0
2
244 38 
2
4544 34 34 0
4544 4 16 0
2
36 38 
2
4544 4 22 0
4545 4 16 0
2
247 38 
2
4545 34 28 0
4546 4 16 0
2
16 38 
2
4546 4 24 0
4547 4 16 0
2
244 38 
2
4547 34 34 0
4548 4 16 0
2
36 38 
2
4548 4 22 0
4549 4 16 0
2
244 38 
2
4550 34 34 0
4550 4 16 0
2
245 39 
2
4538 34 32 0
4539 22 8 0
2
37 39 
2
4539 24 4 0
4540 22 8 0
2
245 39 
2
4541 34 32 0
4541 22 8 0
2
17 39 
2
4541 26 4 0
4542 22 8 0
2
247 39 
2
4542 34 28 0
4543 22 8 0
2
37 39 
2
4543 24 4 0
4544 22 8 0
2
246 39 
2
4545 34 30 0
4545 22 8 0
2
246 40 
2
4592 34 30 0
4593 10 16 0
2
38 40 
2
4593 4 16 0
4594 10 16 0
2
244 40 
2
4595 34 34 0
4595 10 16 0
2
18 40 
2
4595 4 18 0
4596 10 16 0
2
247 40 
2
4596 34 28 0
4597 10 16 0
2
38 40 
2
4597 4 16 0
4598 10 16 0
2
244 40 
2
4598 34 34 0
4599 10 16 0
2
245 41 
2
4548 34 32 0
4549 20 12 0
2
39 41 
2
4549 22 8 0
4550 20 12 0
2
245 41 
2
4551 34 32 0
4551 20 12 0
2
19 41 
2
4551 20 8 0
4552 20 12 0
2
244 41 
2
4553 34 34 0
4553 20 12 0
2
39 41 
2
4553 22 8 0
4554 20 12 0
2
245 41 
2
4554 34 32 0
4555 20 12 0
2
244 42 
2
4613 34 34 0
4614 16 16 0
2
40 42 
2
4614 10 16 0
4615 16 16 0
2
244 42 
2
4616 34 34 0
4616 16 16 0
2
20 42 
2
4616 14 16 0
4617 16 16 0
2
246 42 
2
4618 34 30 0
4618 16 16 0
2
40 42 
2
4618 10 16 0
4619 16 16 0
2
244 42 
2
4619 34 34 0
4620 16 16 0
2
246 43 
2
4549 34 30 0
4550 18 14 0
2
41 43 
2
4556 20 12 0
4555 18 14 0
2
244 43 
2
4556 34 34 0
4556 18 14 0
2
21 43 
2
4556 20 14 0
4557 18 14 0
2
245 43 
2
4557 34 32 0
4558 18 14 0
2
41 43 
2
4558 20 12 0
4559 18 14 0
2
244 43 
2
4559 34 34 0
4560 18 14 0
2
42 178 
2
4621 16 16 0
4620 10 2 0
2
43 110 
2
4561 18 14 0
4560 6 20 0
2
42 179 
2
4622 16 16 0
4621 30 22 0
2
42 180 
2
4623 16 16 0
4622 26 26 0
2
40 42 
2
4623 10 16 0
4624 16 16 0
2
41 43 
2
4561 20 12 0
4562 18 14 0
2
42 178 
2
4625 16 16 0
4624 10 2 0
2
43 110 
2
4563 18 14 0
4562 6 20 0
2
42 179 
2
4626 16 16 0
4625 30 22 0
2
43 127 
2
4564 18 14 0
4563 12 18 0
2
42 180 
2
4627 16 16 0
4626 26 26 0
2
20 40 
2
4623 14 16 0
4624 10 16 0
2
21 41 
2
4561 20 14 0
4562 20 12 0
2
38 40 
2
4624 4 16 0
4625 10 16 0
2
39 41 
2
4562 22 8 0
4563 20 12 0
2
244 42 
2
4628 34 34 0
4628 16 16 0
2
40 42 
2
4628 10 16 0
4629 16 16 0
2
246 42 
2
4629 34 30 0
4630 16 16 0
2
20 42 
2
4630 14 16 0
4631 16 16 0
2
245 42 
2
4632 34 32 0
4632 16 16 0
2
40 42 
2
4632 10 16 0
4633 16 16 0
2
244 42 
2
4634 34 34 0
4634 16 16 0
2
245 43 
2
4564 34 32 0
4565 18 14 0
2
41 43 
2
4565 20 12 0
4566 18 14 0
2
245 43 
2
4567 34 32 0
4567 18 14 0
2
21 43 
2
4567 20 14 0
4568 18 14 0
2
244 43 
2
4569 34 34 0
4569 18 14 0
2
41 43 
2
4569 20 12 0
4570 18 14 0
2
246 43 
2
4570 34 30 0
4571 18 14 0
2
42 179 
2
4635 16 16 0
4634 30 22 0
2
43 133 
2
4572 18 14 0
4571 10 12 0
2
42 180 
2
4636 16 16 0
4635 26 26 0
2
42 181 
2
4637 16 16 0
4636 32 20 0
2
40 42 
2
4637 10 16 0
4638 16 16 0
2
41 43 
2
4572 20 12 0
4573 18 14 0
2
42 179 
2
4639 16 16 0
4638 30 22 0
2
43 132 
2
4574 18 14 0
4573 8 16 0
2
42 180 
2
4640 16 16 0
4639 26 26 0
2
42 181 
2
4641 16 16 0
4640 32 20 0
2
20 40 
2
4637 14 16 0
4638 10 16 0
2
21 41 
2
4572 20 14 0
4573 20 12 0
2
18 38 
2
4624 4 18 0
4625 4 16 0
2
19 39 
2
4562 20 8 0
4563 22 8 0
2
36 38 
2
4625 4 22 0
4626 4 16 0
2
37 39 
2
4563 24 4 0
4564 22 8 0
2
244 40 
2
4638 34 34 0
4639 10 16 0
2
38 40 
2
4639 4 16 0
4640 10 16 0
2
244 40 
2
4641 34 34 0
4641 10 16 0
2
18 40 
2
4641 4 18 0
4642 10 16 0
2
248 40 
2
4642 34 26 0
4643 10 16 0
2
38 40 
2
4643 4 16 0
4644 10 16 0
2
245 40 
2
4644 34 32 0
4645 10 16 0
2
244 41 
2
4573 34 34 0
4574 20 12 0
2
39 41 
2
4574 22 8 0
4575 20 12 0
2
244 41 
2
4576 34 34 0
4576 20 12 0
2
19 41 
2
4576 20 8 0
4577 20 12 0
2
245 41 
2
4577 34 32 0
4578 20 12 0
2
39 41 
2
4578 22 8 0
4579 20 12 0
2
244 41 
2
4579 34 34 0
4580 20 12 0
2
246 42 
2
4642 34 30 0
4642 16 16 0
2
40 42 
2
4646 10 16 0
4645 16 16 0
2
247 42 
2
4645 34 28 0
4646 16 16 0
2
20 42 
2
4646 14 16 0
4647 16 16 0
2
244 42 
2
4647 34 34 0
4648 16 16 0
2
40 42 
2
4648 10 16 0
4649 16 16 0
2
244 42 
2
4650 34 34 0
4650 16 16 0
2
245 43 
2
4574 34 32 0
4575 18 14 0
2
41 43 
2
4581 20 12 0
4580 18 14 0
2
245 43 
2
4580 34 32 0
4581 18 14 0
2
21 43 
2
4581 20 14 0
4582 18 14 0
2
244 43 
2
4582 34 34 0
4583 18 14 0
2
41 43 
2
4583 20 12 0
4584 18 14 0
2
244 43 
2
4585 34 34 0
4585 18 14 0
2
42 71 
2
4651 16 16 0
4650 8 28 0
2
43 132 
2
4586 18 14 0
4585 8 16 0
2
42 72 
2
4652 16 16 0
4651 8 30 0
2
43 133 
2
4587 18 14 0
4586 10 12 0
2
42 73 
2
4653 16 16 0
4652 2 22 0
2
40 42 
2
4653 10 16 0
4654 16 16 0
2
41 43 
2
4587 20 12 0
4588 18 14 0
2
42 71 
2
4655 16 16 0
4654 8 28 0
2
43 135 
2
4589 18 14 0
4588 10 26 0
2
42 72 
2
4656 16 16 0
4655 8 30 0
2
42 73 
2
4657 16 16 0
4656 2 22 0
2
20 40 
2
4653 14 16 0
4654 10 16 0
2
21 41 
2
4587 20 14 0
4588 20 12 0
2
38 40 
2
4654 4 16 0
4655 10 16 0
2
39 41 
2
4588 22 8 0
4589 20 12 0
2
245 42 
2
4657 34 32 0
4658 16 16 0
2
40 42 
2
4658 10 16 0
4659 16 16 0
2
244 42 
2
4659 34 34 0
4660 16 16 0
2
20 42 
2
4660 14 16 0
4661 16 16 0
2
244 42 
2
4662 34 34 0
4662 16 16 0
2
40 42 
2
4662 10 16 0
4663 16 16 0
2
245 42 
2
4663 34 32 0
4664 16 16 0
2
244 43 
2
4589 34 34 0
4590 18 14 0
2
41 43 
2
4590 20 12 0
4591 18 14 0
2
244 43 
2
4592 34 34 0
4592 18 14 0
2
21 43 
2
4592 20 14 0
4593 18 14 0
2
247 43 
2
4593 34 28 0
4594 18 14 0
2
41 43 
2
4594 20 12 0
4595 18 14 0
2
245 43 
2
4595 34 32 0
4596 18 14 0
2
42 72 
2
4665 16 16 0
4664 8 30 0
2
43 134 
2
4597 18 14 0
4596 16 30 0
2
42 73 
2
4666 16 16 0
4665 2 22 0
2
42 74 
2
4667 16 16 0
4666 8 26 0
2
40 42 
2
4667 10 16 0
4668 16 16 0
2
41 43 
2
4597 20 12 0
4598 18 14 0
2
42 72 
2
4669 16 16 0
4668 8 30 0
2
43 134 
2
4599 18 14 0
4598 16 30 0
2
42 73 
2
4670 16 16 0
4669 2 22 0
2
43 135 
2
4600 18 14 0
4599 10 26 0
2
42 74 
2
4671 16 16 0
4670 8 26 0
2
20 40 
2
4667 14 16 0
4668 10 16 0
2
21 41 
2
4597 20 14 0
4598 20 12 0
2
18 38 
2
4654 4 18 0
4655 4 16 0
2
19 39 
2
4588 20 8 0
4589 22 8 0
2
16 36 
2
4625 4 24 0
4626 4 22 0
2
17 37 
2
4563 26 4 0
4564 24 4 0
2
14 34 
2
4496 4 26 0
4497 2 24 0
2
15 35 
2
4515 26 2 0
4516 28 2 0
2
32 34 
2
4497 2 28 0
4498 2 24 0
2
33 35 
2
4516 32 2 0
4517 28 2 0
2
246 36 
2
4626 34 30 0
4627 4 22 0
2
34 36 
2
4627 2 24 0
4628 4 22 0
2
245 36 
2
4629 34 32 0
4629 4 22 0
2
14 36 
2
4629 4 26 0
4630 4 22 0
2
244 36 
2
4631 34 34 0
4631 4 22 0
2
34 36 
2
4631 2 24 0
4632 4 22 0
2
246 36 
2
4632 34 30 0
4633 4 22 0
2
246 37 
2
4564 34 30 0
4565 24 4 0
2
35 37 
2
4565 28 2 0
4566 24 4 0
2
246 37 
2
4567 34 30 0
4567 24 4 0
2
15 37 
2
4567 26 2 0
4568 24 4 0
2
248 37 
2
4568 34 26 0
4569 24 4 0
2
35 37 
2
4569 28 2 0
4570 24 4 0
2
247 37 
2
4570 34 28 0
4571 24 4 0
2
244 38 
2
4656 34 34 0
4656 4 16 0
2
36 38 
2
4656 4 22 0
4657 4 16 0
2
246 38 
2
4658 34 30 0
4658 4 16 0
2
16 38 
2
4658 4 24 0
4659 4 16 0
2
245 38 
2
4660 34 32 0
4660 4 16 0
2
36 38 
2
4660 4 22 0
4661 4 16 0
2
246 38 
2
4661 34 30 0
4662 4 16 0
2
245 39 
2
4589 34 32 0
4590 22 8 0
2
37 39 
2
4590 24 4 0
4591 22 8 0
2
245 39 
2
4592 34 32 0
4592 22 8 0
2
17 39 
2
4592 26 4 0
4593 22 8 0
2
248 39 
2
4593 34 26 0
4594 22 8 0
2
37 39 
2
4594 24 4 0
4595 22 8 0
2
246 39 
2
4595 34 30 0
4596 22 8 0
2
245 40 
2
4668 34 32 0
4669 10 16 0
2
38 40 
2
4669 4 16 0
4670 10 16 0
2
244 40 
2
4671 34 34 0
4671 10 16 0
2
18 40 
2
4671 4 18 0
4672 10 16 0
2
247 40 
2
4672 34 28 0
4673 10 16 0
2
38 40 
2
4673 4 16 0
4674 10 16 0
2
244 40 
2
4674 34 34 0
4675 10 16 0
2
245 41 
2
4598 34 32 0
4599 20 12 0
2
39 41 
2
4599 22 8 0
4600 20 12 0
2
244 41 
2
4601 34 34 0
4601 20 12 0
2
19 41 
2
4601 20 8 0
4602 20 12 0
2
246 41 
2
4602 34 30 0
4603 20 12 0
2
39 41 
2
4603 22 8 0
4604 20 12 0
2
244 41 
2
4604 34 34 0
4605 20 12 0
2
245 42 
2
4671 34 32 0
4672 16 16 0
2
40 42 
2
4676 10 16 0
4675 16 16 0
2
245 42 
2
4675 34 32 0
4676 16 16 0
2
20 42 
2
4676 14 16 0
4677 16 16 0
2
244 42 
2
4677 34 34 0
4678 16 16 0
2
40 42 
2
4678 10 16 0
4679 16 16 0
2
244 42 
2
4680 34 34 0
4680 16 16 0
2
245 43 
2
4601 34 32 0
4601 18 14 0
2
41 43 
2
4606 20 12 0
4605 18 14 0
2
245 43 
2
4605 34 32 0
4606 18 14 0
2
21 43 
2
4606 20 14 0
4607 18 14 0
2
244 43 
2
4607 34 34 0
4608 18 14 0
2
41 43 
2
4608 20 12 0
4609 18 14 0
2
244 43 
2
4610 34 34 0
4610 18 14 0
2
42 71 
2
4681 16 16 0
4680 8 28 0
2
43 137 
2
4611 18 14 0
4610 16 28 0
2
42 72 
2
4682 16 16 0
4681 8 30 0
2
42 73 
2
4683 16 16 0
4682 2 22 0
2
42 74 
2
4684 16 16 0
4683 8 26 0
2
42 75 
2
4685 16 16 0
4684 10 30 0
2
42 76 
2
4686 16 16 0
4685 6 24 0
2
42 77 
2
4687 16 16 0
4686 14 32 0
2
42 78 
2
4688 16 16 0
4687 10 28 0
2
42 79 
2
4689 16 16 0
4688 2 20 0
2
42 80 
2
4690 16 16 0
4689 24 28 0
2
42 81 
2
4691 16 16 0
4690 6 6 0
2
42 82 
2
4692 16 16 0
4691 28 22 0
2
42 83 
2
4693 16 16 0
4692 10 4 0
2
42 84 
2
4694 16 16 0
4693 28 24 0
2
42 85 
2
4695 16 16 0
4694 30 20 0
2
42 88 
2
4696 16 16 0
4695 12 4 0
2
42 110 
2
4697 16 16 0
4696 6 20 0
2
42 127 
2
4698 16 16 0
4697 12 18 0
2
42 132 
2
4699 16 16 0
4698 8 16 0
2
42 133 
2
4700 16 16 0
4699 10 12 0
2
42 134 
2
4701 16 16 0
4700 16 30 0
2
40 42 
2
4701 10 16 0
4702 16 16 0
2
41 43 
2
4611 20 12 0
4612 18 14 0
2
42 71 
2
4703 16 16 0
4702 8 28 0
2
43 136 
2
4613 18 14 0
4612 16 26 0
2
42 72 
2
4704 16 16 0
4703 8 30 0
2
42 73 
2
4705 16 16 0
4704 2 22 0
2
42 74 
2
4706 16 16 0
4705 8 26 0
2
42 75 
2
4707 16 16 0
4706 10 30 0
2
42 76 
2
4708 16 16 0
4707 6 24 0
2
42 77 
2
4709 16 16 0
4708 14 32 0
2
42 78 
2
4710 16 16 0
4709 10 28 0
2
42 79 
2
4711 16 16 0
4710 2 20 0
2
42 80 
2
4712 16 16 0
4711 24 28 0
2
42 81 
2
4713 16 16 0
4712 6 6 0
2
42 82 
2
4714 16 16 0
4713 28 22 0
2
42 83 
2
4715 16 16 0
4714 10 4 0
2
42 84 
2
4716 16 16 0
4715 28 24 0
2
42 85 
2
4717 16 16 0
4716 30 20 0
2
42 88 
2
4718 16 16 0
4717 12 4 0
2
42 110 
2
4719 16 16 0
4718 6 20 0
2
42 127 
2
4720 16 16 0
4719 12 18 0
2
42 132 
2
4721 16 16 0
4720 8 16 0
2
42 133 
2
4722 16 16 0
4721 10 12 0
2
42 134 
2
4723 16 16 0
4722 16 30 0
2
20 40 
2
4701 14 16 0
4702 10 16 0
2
21 41 
2
4611 20 14 0
4612 20 12 0
2
38 40 
2
4702 4 16 0
4703 10 16 0
2
39 41 
2
4612 22 8 0
4613 20 12 0
2
244 42 
2
4723 34 34 0
4724 16 16 0
2
40 42 
2
4724 10 16 0
4725 16 16 0
2
244 42 
2
4726 34 34 0
4726 16 16 0
2
20 42 
2
4726 14 16 0
4727 16 16 0
2
245 42 
2
4727 34 32 0
4728 16 16 0
2
40 42 
2
4728 10 16 0
4729 16 16 0
2
244 42 
2
4729 34 34 0
4730 16 16 0
2
245 43 
2
4613 34 32 0
4614 18 14 0
2
41 43 
2
4614 20 12 0
4615 18 14 0
2
245 43 
2
4616 34 32 0
4616 18 14 0
2
21 43 
2
4616 20 14 0
4617 18 14 0
2
247 43 
2
4617 34 28 0
4618 18 14 0
2
41 43 
2
4618 20 12 0
4619 18 14 0
2
245 43 
2
4619 34 32 0
4620 18 14 0
2
42 72 
2
4731 16 16 0
4730 8 30 0
2
43 136 
2
4621 18 14 0
4620 16 26 0
2
42 73 
2
4732 16 16 0
4731 2 22 0
2
43 137 
2
4622 18 14 0
4621 16 28 0
2
42 74 
2
4733 16 16 0
4732 8 26 0
2
42 75 
2
4734 16 16 0
4733 10 30 0
2
42 76 
2
4735 16 16 0
4734 6 24 0
2
42 77 
2
4736 16 16 0
4735 14 32 0
2
42 78 
2
4737 16 16 0
4736 10 28 0
2
42 79 
2
4738 16 16 0
4737 2 20 0
2
42 80 
2
4739 16 16 0
4738 24 28 0
2
42 81 
2
4740 16 16 0
4739 6 6 0
2
42 82 
2
4741 16 16 0
4740 28 22 0
2
42 83 
2
4742 16 16 0
4741 10 4 0
2
42 84 
2
4743 16 16 0
4742 28 24 0
2
42 85 
2
4744 16 16 0
4743 30 20 0
2
42 88 
2
4745 16 16 0
4744 12 4 0
2
42 110 
2
4746 16 16 0
4745 6 20 0
2
42 127 
2
4747 16 16 0
4746 12 18 0
2
42 132 
2
4748 16 16 0
4747 8 16 0
2
42 133 
2
4749 16 16 0
4748 10 12 0
2
42 134 
2
4750 16 16 0
4749 16 30 0
2
42 135 
2
4751 16 16 0
4750 10 26 0
2
40 42 
2
4751 10 16 0
4752 16 16 0
2
41 43 
2
4622 20 12 0
4623 18 14 0
2
42 72 
2
4753 16 16 0
4752 8 30 0
2
43 139 
2
4624 18 14 0
4623 12 26 0
2
42 73 
2
4754 16 16 0
4753 2 22 0
2
42 74 
2
4755 16 16 0
4754 8 26 0
2
42 75 
2
4756 16 16 0
4755 10 30 0
2
42 76 
2
4757 16 16 0
4756 6 24 0
2
42 77 
2
4758 16 16 0
4757 14 32 0
2
42 78 
2
4759 16 16 0
4758 10 28 0
2
42 79 
2
4760 16 16 0
4759 2 20 0
2
42 80 
2
4761 16 16 0
4760 24 28 0
2
42 81 
2
4762 16 16 0
4761 6 6 0
2
42 82 
2
4763 16 16 0
4762 28 22 0
2
42 83 
2
4764 16 16 0
4763 10 4 0
2
42 84 
2
4765 16 16 0
4764 28 24 0
2
42 85 
2
4766 16 16 0
4765 30 20 0
2
42 88 
2
4767 16 16 0
4766 12 4 0
2
42 110 
2
4768 16 16 0
4767 6 20 0
2
42 127 
2
4769 16 16 0
4768 12 18 0
2
42 132 
2
4770 16 16 0
4769 8 16 0
2
42 133 
2
4771 16 16 0
4770 10 12 0
2
42 134 
2
4772 16 16 0
4771 16 30 0
2
42 135 
2
4773 16 16 0
4772 10 26 0
2
20 40 
2
4751 14 16 0
4752 10 16 0
2
21 41 
2
4622 20 14 0
4623 20 12 0
2
18 38 
2
4702 4 18 0
4703 4 16 0
2
19 39 
2
4612 20 8 0
4613 22 8 0
2
36 38 
2
4703 4 22 0
4704 4 16 0
2
37 39 
2
4613 24 4 0
4614 22 8 0
2
244 40 
2
4752 34 34 0
4753 10 16 0
2
38 40 
2
4753 4 16 0
4754 10 16 0
2
244 40 
2
4755 34 34 0
4755 10 16 0
2
18 40 
2
4755 4 18 0
4756 10 16 0
2
245 40 
2
4756 34 32 0
4757 10 16 0
2
38 40 
2
4757 4 16 0
4758 10 16 0
2
244 40 
2
4758 34 34 0
4759 10 16 0
2
245 41 
2
4623 34 32 0
4624 20 12 0
2
39 41 
2
4624 22 8 0
4625 20 12 0
2
245 41 
2
4626 34 32 0
4626 20 12 0
2
19 41 
2
4626 20 8 0
4627 20 12 0
2
247 41 
2
4627 34 28 0
4628 20 12 0
2
39 41 
2
4628 22 8 0
4629 20 12 0
2
247 41 
2
4630 34 28 0
4630 20 12 0
2
244 42 
2
4773 34 34 0
4774 16 16 0
2
40 42 
2
4774 10 16 0
4775 16 16 0
2
244 42 
2
4776 34 34 0
4776 16 16 0
2
20 42 
2
4776 14 16 0
4777 16 16 0
2
245 42 
2
4777 34 32 0
4778 16 16 0
2
40 42 
2
4778 10 16 0
4779 16 16 0
2
244 42 
2
4779 34 34 0
4780 16 16 0
2
244 43 
2
4625 34 34 0
4625 18 14 0
2
41 43 
2
4631 20 12 0
4630 18 14 0
2
248 43 
2
4630 34 26 0
4631 18 14 0
2
21 43 
2
4631 20 14 0
4632 18 14 0
2
247 43 
2
4633 34 28 0
4633 18 14 0
2
41 43 
2
4633 20 12 0
4634 18 14 0
2
245 43 
2
4635 34 32 0
4635 18 14 0
2
42 134 
2
4781 16 16 0
4780 16 30 0
2
43 138 
2
4636 18 14 0
4635 10 20 0
2
42 135 
2
4782 16 16 0
4781 10 26 0
2
42 136 
2
4783 16 16 0
4782 16 26 0
2
40 42 
2
4783 10 16 0
4784 16 16 0
2
41 43 
2
4636 20 12 0
4637 18 14 0
2
42 134 
2
4785 16 16 0
4784 16 30 0
2
43 138 
2
4638 18 14 0
4637 10 20 0
2
42 135 
2
4786 16 16 0
4785 10 26 0
2
43 139 
2
4639 18 14 0
4638 12 26 0
2
42 136 
2
4787 16 16 0
4786 16 26 0
2
20 40 
2
4783 14 16 0
4784 10 16 0
2
21 41 
2
4636 20 14 0
4637 20 12 0
2
38 40 
2
4784 4 16 0
4785 10 16 0
2
39 41 
2
4637 22 8 0
4638 20 12 0
2
244 42 
2
4788 34 34 0
4788 16 16 0
2
40 42 
2
4788 10 16 0
4789 16 16 0
2
245 42 
2
4790 34 32 0
4790 16 16 0
2
20 42 
2
4790 14 16 0
4791 16 16 0
2
244 42 
2
4791 34 34 0
4792 16 16 0
2
40 42 
2
4792 10 16 0
4793 16 16 0
2
244 42 
2
4794 34 34 0
4794 16 16 0
2
246 43 
2
4639 34 30 0
4640 18 14 0
2
41 43 
2
4640 20 12 0
4641 18 14 0
2
247 43 
2
4641 34 28 0
4642 18 14 0
2
21 43 
2
4642 20 14 0
4643 18 14 0
2
244 43 
2
4644 34 34 0
4644 18 14 0
2
41 43 
2
4644 20 12 0
4645 18 14 0
2
248 43 
2
4645 34 26 0
4646 18 14 0
2
42 135 
2
4795 16 16 0
4794 10 26 0
2
43 141 
2
4647 18 14 0
4646 14 20 0
2
42 136 
2
4796 16 16 0
4795 16 26 0
2
42 137 
2
4797 16 16 0
4796 16 28 0
2
40 42 
2
4797 10 16 0
4798 16 16 0
2
41 43 
2
4647 20 12 0
4648 18 14 0
2
42 135 
2
4799 16 16 0
4798 10 26 0
2
43 140 
2
4649 18 14 0
4648 14 18 0
2
42 136 
2
4800 16 16 0
4799 16 26 0
2
42 137 
2
4801 16 16 0
4800 16 28 0
2
20 40 
2
4797 14 16 0
4798 10 16 0
2
21 41 
2
4647 20 14 0
4648 20 12 0
2
18 38 
2
4784 4 18 0
4785 4 16 0
2
19 39 
2
4637 20 8 0
4638 22 8 0
2
16 36 
2
4703 4 24 0
4704 4 22 0
2
17 37 
2
4613 26 4 0
4614 24 4 0
2
34 36 
2
4704 2 24 0
4705 4 22 0
2
35 37 
2
4614 28 2 0
4615 24 4 0
2
244 38 
2
4785 34 34 0
4786 4 16 0
2
36 38 
2
4786 4 22 0
4787 4 16 0
2
245 38 
2
4787 34 32 0
4788 4 16 0
2
16 38 
2
4788 4 24 0
4789 4 16 0
2
246 38 
2
4789 34 30 0
4790 4 16 0
2
36 38 
2
4790 4 22 0
4791 4 16 0
2
246 38 
2
4792 34 30 0
4792 4 16 0
2
245 39 
2
4638 34 32 0
4639 22 8 0
2
37 39 
2
4639 24 4 0
4640 22 8 0
2
245 39 
2
4641 34 32 0
4641 22 8 0
2
17 39 
2
4641 26 4 0
4642 22 8 0
2
249 39 
2
4642 34 24 0
4643 22 8 0
2
37 39 
2
4643 24 4 0
4644 22 8 0
2
246 39 
2
4645 34 30 0
4645 22 8 0
2
244 40 
2
4798 34 34 0
4799 10 16 0
2
38 40 
2
4799 4 16 0
4800 10 16 0
2
244 40 
2
4801 34 34 0
4801 10 16 0
2
18 40 
2
4801 4 18 0
4802 10 16 0
2
246 40 
2
4802 34 30 0
4803 10 16 0
2
38 40 
2
4803 4 16 0
4804 10 16 0
2
244 40 
2
4804 34 34 0
4805 10 16 0
2
245 41 
2
4648 34 32 0
4649 20 12 0
2
39 41 
2
4649 22 8 0
4650 20 12 0
2
245 41 
2
4651 34 32 0
4651 20 12 0
2
19 41 
2
4651 20 8 0
4652 20 12 0
2
244 41 
2
4653 34 34 0
4653 20 12 0
2
39 41 
2
4653 22 8 0
4654 20 12 0
2
245 41 
2
4654 34 32 0
4655 20 12 0
2
245 42 
2
4801 34 32 0
4802 16 16 0
2
40 42 
2
4806 10 16 0
4805 16 16 0
2
245 42 
2
4805 34 32 0
4806 16 16 0
2
20 42 
2
4806 14 16 0
4807 16 16 0
2
244 42 
2
4807 34 34 0
4808 16 16 0
2
40 42 
2
4808 10 16 0
4809 16 16 0
2
244 42 
2
4810 34 34 0
4810 16 16 0
2
246 43 
2
4649 34 30 0
4650 18 14 0
2
41 43 
2
4656 20 12 0
4655 18 14 0
2
246 43 
2
4655 34 30 0
4656 18 14 0
2
21 43 
2
4656 20 14 0
4657 18 14 0
2
247 43 
2
4657 34 28 0
4658 18 14 0
2
41 43 
2
4658 20 12 0
4659 18 14 0
2
247 43 
2
4660 34 28 0
4660 18 14 0
2
42 134 
2
4811 16 16 0
4810 16 30 0
2
43 140 
2
4661 18 14 0
4660 14 18 0
2
42 135 
2
4812 16 16 0
4811 10 26 0
2
43 141 
2
4662 18 14 0
4661 14 20 0
2
42 136 
2
4813 16 16 0
4812 16 26 0
2
42 137 
2
4814 16 16 0
4813 16 28 0
2
42 138 
2
4815 16 16 0
4814 10 20 0
2
42 139 
2
4816 16 16 0
4815 12 26 0
2
42 140 
2
4817 16 16 0
4816 14 18 0
2
42 141 
2
4818 16 16 0
4817 14 20 0
2
42 142 
2
4819 16 16 0
4818 8 12 0
2
42 143 
2
4820 16 16 0
4819 22 24 0
2
42 144 
2
4821 16 16 0
4820 24 18 0
2
42 145 
2
4822 16 16 0
4821 22 10 0
2
42 146 
2
4823 16 16 0
4822 30 12 0
2
42 147 
2
4824 16 16 0
4823 4 8 0
2
42 148 
2
4825 16 16 0
4824 12 30 0
2
42 165 
2
4826 16 16 0
4825 4 20 0
2
42 187 
2
4827 16 16 0
4826 12 28 0
2
42 190 
2
4828 16 16 0
4827 26 16 0
2
42 192 
2
4829 16 16 0
4828 18 26 0
2
42 193 
2
4830 16 16 0
4829 6 16 0
2
42 194 
2
4831 16 16 0
4830 14 22 0
2
40 42 
2
4831 10 16 0
4832 16 16 0
2
41 43 
2
4662 20 12 0
4663 18 14 0
2
42 134 
2
4833 16 16 0
4832 16 30 0
2
43 143 
2
4819 18 14 0
4820 22 24 0
2
42 135 
2
4834 16 16 0
4833 10 26 0
2
42 136 
2
4835 16 16 0
4834 16 26 0
2
42 137 
2
4836 16 16 0
4835 16 28 0
2
42 138 
2
4837 16 16 0
4836 10 20 0
2
42 139 
2
4838 16 16 0
4837 12 26 0
2
42 140 
2
4839 16 16 0
4838 14 18 0
2
42 141 
2
4840 16 16 0
4839 14 20 0
2
42 142 
2
4841 16 16 0
4840 8 12 0
2
42 143 
2
4842 16 16 0
4841 22 24 0
2
42 144 
2
4843 16 16 0
4842 24 18 0
2
42 145 
2
4844 16 16 0
4843 22 10 0
2
42 146 
2
4845 16 16 0
4844 30 12 0
2
42 147 
2
4846 16 16 0
4845 4 8 0
2
42 148 
2
4847 16 16 0
4846 12 30 0
2
42 165 
2
4848 16 16 0
4847 4 20 0
2
42 187 
2
4849 16 16 0
4848 12 28 0
2
42 190 
2
4850 16 16 0
4849 26 16 0
2
42 192 
2
4851 16 16 0
4850 18 26 0
2
42 193 
2
4852 16 16 0
4851 6 16 0
2
42 194 
2
4853 16 16 0
4852 14 22 0
2
20 40 
2
4831 14 16 0
4832 10 16 0
2
21 41 
2
4662 20 14 0
4663 20 12 0
2
38 40 
2
4832 4 16 0
4833 10 16 0
2
39 41 
2
4663 22 8 0
4664 20 12 0
2
244 42 
2
4853 34 34 0
4854 16 16 0
2
40 42 
2
4854 10 16 0
4855 16 16 0
2
244 42 
2
4856 34 34 0
4856 16 16 0
2
20 42 
2
4856 14 16 0
4857 16 16 0
2
245 42 
2
4857 34 32 0
4858 16 16 0
2
40 42 
2
4858 10 16 0
4859 16 16 0
2
244 42 
2
4859 34 34 0
4860 16 16 0
2
244 43 
2
4819 34 34 0
4820 18 14 0
2
41 43 
2
4820 20 12 0
4821 18 14 0
2
244 43 
2
4822 34 34 0
4822 18 14 0
2
21 43 
2
4822 20 14 0
4823 18 14 0
2
245 43 
2
4823 34 32 0
4824 18 14 0
2
41 43 
2
4824 20 12 0
4825 18 14 0
2
244 43 
2
4825 34 34 0
4826 18 14 0
2
42 135 
2
4861 16 16 0
4860 10 26 0
2
43 142 
2
4840 18 14 0
4841 8 12 0
2
42 136 
2
4862 16 16 0
4861 16 26 0
2
42 137 
2
4863 16 16 0
4862 16 28 0
2
42 138 
2
4864 16 16 0
4863 10 20 0
2
42 139 
2
4865 16 16 0
4864 12 26 0
2
42 140 
2
4866 16 16 0
4865 14 18 0
2
42 141 
2
4867 16 16 0
4866 14 20 0
2
42 142 
2
4868 16 16 0
4867 8 12 0
2
42 143 
2
4869 16 16 0
4868 22 24 0
2
42 144 
2
4870 16 16 0
4869 24 18 0
2
42 145 
2
4871 16 16 0
4870 22 10 0
2
42 146 
2
4872 16 16 0
4871 30 12 0
2
42 147 
2
4873 16 16 0
4872 4 8 0
2
42 148 
2
4874 16 16 0
4873 12 30 0
2
42 165 
2
4875 16 16 0
4874 4 20 0
2
42 187 
2
4876 16 16 0
4875 12 28 0
2
42 190 
2
4877 16 16 0
4876 26 16 0
2
42 192 
2
4878 16 16 0
4877 18 26 0
2
42 193 
2
4879 16 16 0
4878 6 16 0
2
42 194 
2
4880 16 16 0
4879 14 22 0
2
42 195 
2
4881 16 16 0
4880 10 22 0
2
40 42 
2
4881 10 16 0
4882 16 16 0
2
41 43 
2
4840 20 12 0
4841 18 14 0
2
42 135 
2
4883 16 16 0
4882 10 26 0
2
43 142 
2
4867 18 14 0
4868 8 12 0
2
42 136 
2
4884 16 16 0
4883 16 26 0
2
43 143 
2
4868 18 14 0
4869 22 24 0
2
42 137 
2
4885 16 16 0
4884 16 28 0
2
42 138 
2
4886 16 16 0
4885 10 20 0
2
42 139 
2
4887 16 16 0
4886 12 26 0
2
42 140 
2
4888 16 16 0
4887 14 18 0
2
42 141 
2
4889 16 16 0
4888 14 20 0
2
42 142 
2
4890 16 16 0
4889 8 12 0
2
42 143 
2
4891 16 16 0
4890 22 24 0
2
42 144 
2
4892 16 16 0
4891 24 18 0
2
42 145 
2
4893 16 16 0
4892 22 10 0
2
42 146 
2
4894 16 16 0
4893 30 12 0
2
42 147 
2
4895 16 16 0
4894 4 8 0
2
42 148 
2
4896 16 16 0
4895 12 30 0
2
42 165 
2
4897 16 16 0
4896 4 20 0
2
42 187 
2
4898 16 16 0
4897 12 28 0
2
42 190 
2
4899 16 16 0
4898 26 16 0
2
42 192 
2
4900 16 16 0
4899 18 26 0
2
42 193 
2
4901 16 16 0
4900 6 16 0
2
42 194 
2
4902 16 16 0
4901 14 22 0
2
42 195 
2
4903 16 16 0
4902 10 22 0
2
20 40 
2
4881 14 16 0
4882 10 16 0
2
21 41 
2
4840 20 14 0
4841 20 12 0
2
18 38 
2
4832 4 18 0
4833 4 16 0
2
19 39 
2
4663 20 8 0
4664 22 8 0
2
36 38 
2
4833 4 22 0
4834 4 16 0
2
37 39 
2
4664 24 4 0
4665 22 8 0
2
244 40 
2
4882 34 34 0
4883 10 16 0
2
38 40 
2
4883 4 16 0
4884 10 16 0
2
244 40 
2
4885 34 34 0
4885 10 16 0
2
18 40 
2
4885 4 18 0
4886 10 16 0
2
245 40 
2
4886 34 32 0
4887 10 16 0
2
38 40 
2
4887 4 16 0
4888 10 16 0
2
244 40 
2
4888 34 34 0
4889 10 16 0
2
245 41 
2
4841 34 32 0
4842 20 12 0
2
39 41 
2
4842 22 8 0
4843 20 12 0
2
244 41 
2
4843 34 34 0
4844 20 12 0
2
19 41 
2
4844 20 8 0
4845 20 12 0
2
244 41 
2
4846 34 34 0
4846 20 12 0
2
39 41 
2
4846 22 8 0
4847 20 12 0
2
245 41 
2
4847 34 32 0
4848 20 12 0
2
244 42 
2
4903 34 34 0
4904 16 16 0
2
40 42 
2
4904 10 16 0
4905 16 16 0
2
244 42 
2
4906 34 34 0
4906 16 16 0
2
20 42 
2
4906 14 16 0
4907 16 16 0
2
246 42 
2
4908 34 30 0
4908 16 16 0
2
40 42 
2
4908 10 16 0
4909 16 16 0
2
245 42 
2
4910 34 32 0
4910 16 16 0
2
244 43 
2
4868 34 34 0
4869 18 14 0
2
41 43 
2
4869 20 12 0
4870 18 14 0
2
244 43 
2
4871 34 34 0
4871 18 14 0
2
21 43 
2
4871 20 14 0
4872 18 14 0
2
245 43 
2
4872 34 32 0
4873 18 14 0
2
41 43 
2
4873 20 12 0
4874 18 14 0
2
244 43 
2
4874 34 34 0
4875 18 14 0
2
42 194 
2
4911 16 16 0
4910 14 22 0
2
43 145 
2
4892 18 14 0
4893 22 10 0
2
42 195 
2
4912 16 16 0
4911 10 22 0
2
42 196 
2
4913 16 16 0
4912 8 18 0
2
40 42 
2
4913 10 16 0
4914 16 16 0
2
41 43 
2
4892 20 12 0
4893 18 14 0
2
42 194 
2
4915 16 16 0
4914 14 22 0
2
43 144 
2
4894 18 14 0
4893 24 18 0
2
42 195 
2
4916 16 16 0
4915 10 22 0
2
42 196 
2
4917 16 16 0
4916 8 18 0
2
20 40 
2
4913 14 16 0
4914 10 16 0
2
21 41 
2
4892 20 14 0
4893 20 12 0
2
38 40 
2
4914 4 16 0
4915 10 16 0
2
39 41 
2
4893 22 8 0
4894 20 12 0
2
244 42 
2
4918 34 34 0
4918 16 16 0
2
40 42 
2
4918 10 16 0
4919 16 16 0
2
245 42 
2
4919 34 32 0
4920 16 16 0
2
20 42 
2
4920 14 16 0
4921 16 16 0
2
245 42 
2
4922 34 32 0
4922 16 16 0
2
40 42 
2
4922 10 16 0
4923 16 16 0
2
244 42 
2
4924 34 34 0
4924 16 16 0
2
244 43 
2
4894 34 34 0
4895 18 14 0
2
41 43 
2
4895 20 12 0
4896 18 14 0
2
244 43 
2
4897 34 34 0
4897 18 14 0
2
21 43 
2
4897 20 14 0
4898 18 14 0
2
246 43 
2
4898 34 30 0
4899 18 14 0
2
41 43 
2
4899 20 12 0
4900 18 14 0
2
244 43 
2
4900 34 34 0
4901 18 14 0
2
42 195 
2
4925 16 16 0
4924 10 22 0
2
43 144 
2
4902 18 14 0
4901 24 18 0
2
42 196 
2
4926 16 16 0
4925 8 18 0
2
43 145 
2
4903 18 14 0
4902 22 10 0
2
42 197 
2
4927 16 16 0
4926 16 22 0
2
40 42 
2
4927 10 16 0
4928 16 16 0
2
41 43 
2
4903 20 12 0
4904 18 14 0
2
42 195 
2
4929 16 16 0
4928 10 22 0
2
43 147 
2
4905 18 14 0
4904 4 8 0
2
42 196 
2
4930 16 16 0
4929 8 18 0
2
42 197 
2
4931 16 16 0
4930 16 22 0
2
20 40 
2
4927 14 16 0
4928 10 16 0
2
21 41 
2
4903 20 14 0
4904 20 12 0
2
18 38 
2
4914 4 18 0
4915 4 16 0
2
19 39 
2
4893 20 8 0
4894 22 8 0
2
16 36 
2
4833 4 24 0
4834 4 22 0
2
17 37 
2
4664 26 4 0
4665 24 4 0
2
14 34 
2
4704 4 26 0
4705 2 24 0
2
15 35 
2
4614 26 2 0
4615 28 2 0
2
12 32 
2
4497 2 26 0
4498 2 28 0
2
13 33 
2
4516 30 2 0
4517 32 2 0
2
30 32 
2
4498 4 28 0
4499 2 28 0
2
31 33 
2
4517 32 6 0
4518 32 2 0
2
244 34 
2
4705 34 34 0
4706 2 24 0
2
32 34 
2
4706 2 28 0
4707 2 24 0
2
244 34 
2
4708 34 34 0
4708 2 24 0
2
12 34 
2
4708 2 26 0
4709 2 24 0
2
245 34 
2
4709 34 32 0
4710 2 24 0
2
32 34 
2
4710 2 28 0
4711 2 24 0
2
244 34 
2
4711 34 34 0
4712 2 24 0
2
246 35 
2
4615 34 30 0
4616 28 2 0
2
33 35 
2
4616 32 2 0
4617 28 2 0
2
248 35 
2
4617 34 26 0
4618 28 2 0
2
13 35 
2
4618 30 2 0
4619 28 2 0
2
247 35 
2
4620 34 28 0
4620 28 2 0
2
33 35 
2
4620 32 2 0
4621 28 2 0
2
244 35 
2
4622 34 34 0
4622 28 2 0
2
244 36 
2
4834 34 34 0
4835 4 22 0
2
34 36 
2
4835 2 24 0
4836 4 22 0
2
244 36 
2
4837 34 34 0
4837 4 22 0
2
14 36 
2
4837 4 26 0
4838 4 22 0
2
245 36 
2
4838 34 32 0
4839 4 22 0
2
34 36 
2
4839 2 24 0
4840 4 22 0
2
244 36 
2
4840 34 34 0
4841 4 22 0
2
244 37 
2
4665 34 34 0
4666 24 4 0
2
35 37 
2
4666 28 2 0
4667 24 4 0
2
244 37 
2
4668 34 34 0
4668 24 4 0
2
15 37 
2
4668 26 2 0
4669 24 4 0
2
246 37 
2
4669 34 30 0
4670 24 4 0
2
35 37 
2
4670 28 2 0
4671 24 4 0
2
246 37 
2
4672 34 30 0
4672 24 4 0
2
244 38 
2
4915 34 34 0
4916 4 16 0
2
36 38 
2
4916 4 22 0
4917 4 16 0
2
246 38 
2
4917 34 30 0
4918 4 16 0
2
16 38 
2
4918 4 24 0
4919 4 16 0
2
246 38 
2
4920 34 30 0
4920 4 16 0
2
36 38 
2
4920 4 22 0
4921 4 16 0
2
247 38 
2
4921 34 28 0
4922 4 16 0
2
245 39 
2
4894 34 32 0
4895 22 8 0
2
37 39 
2
4895 24 4 0
4896 22 8 0
2
245 39 
2
4897 34 32 0
4897 22 8 0
2
17 39 
2
4897 26 4 0
4898 22 8 0
2
247 39 
2
4898 34 28 0
4899 22 8 0
2
37 39 
2
4899 24 4 0
4900 22 8 0
2
245 39 
2
4900 34 32 0
4901 22 8 0
2
245 40 
2
4928 34 32 0
4929 10 16 0
2
38 40 
2
4929 4 16 0
4930 10 16 0
2
245 40 
2
4931 34 32 0
4931 10 16 0
2
18 40 
2
4931 4 18 0
4932 10 16 0
2
244 40 
2
4933 34 34 0
4933 10 16 0
2
38 40 
2
4933 4 16 0
4934 10 16 0
2
246 40 
2
4935 34 30 0
4935 10 16 0
2
245 41 
2
4904 34 32 0
4905 20 12 0
2
39 41 
2
4905 22 8 0
4906 20 12 0
2
245 41 
2
4907 34 32 0
4907 20 12 0
2
19 41 
2
4907 20 8 0
4908 20 12 0
2
244 41 
2
4909 34 34 0
4909 20 12 0
2
39 41 
2
4909 22 8 0
4910 20 12 0
2
246 41 
2
4911 34 30 0
4911 20 12 0
2
246 42 
2
4932 34 30 0
4932 16 16 0
2
40 42 
2
4936 10 16 0
4935 16 16 0
2
244 42 
2
4936 34 34 0
4936 16 16 0
2
20 42 
2
4936 14 16 0
4937 16 16 0
2
246 42 
2
4938 34 30 0
4938 16 16 0
2
40 42 
2
4938 10 16 0
4939 16 16 0
2
245 42 
2
4940 34 32 0
4940 16 16 0
2
246 43 
2
4905 34 30 0
4906 18 14 0
2
41 43 
2
4912 20 12 0
4911 18 14 0
2
244 43 
2
4912 34 34 0
4912 18 14 0
2
21 43 
2
4912 20 14 0
4913 18 14 0
2
245 43 
2
4913 34 32 0
4914 18 14 0
2
41 43 
2
4914 20 12 0
4915 18 14 0
2
245 43 
2
4916 34 32 0
4916 18 14 0
2
42 194 
2
4941 16 16 0
4940 14 22 0
2
43 146 
2
4917 18 14 0
4916 30 12 0
2
42 195 
2
4942 16 16 0
4941 10 22 0
2
42 196 
2
4943 16 16 0
4942 8 18 0
2
42 197 
2
4944 16 16 0
4943 16 22 0
2
42 198 
2
4945 16 16 0
4944 16 18 0
2
42 199 
2
4946 16 16 0
4945 14 28 0
2
42 200 
2
4947 16 16 0
4946 10 18 0
2
42 201 
2
4948 16 16 0
4947 18 20 0
2
42 202 
2
4949 16 16 0
4948 14 14 0
2
42 203 
2
4950 16 16 0
4949 2 14 0
2
42 204 
2
4951 16 16 0
4950 20 20 0
2
42 205 
2
4952 16 16 0
4951 18 10 0
2
42 206 
2
4953 16 16 0
4952 26 24 0
2
42 207 
2
4954 16 16 0
4953 4 10 0
2
42 208 
2
4955 16 16 0
4954 32 16 0
2
42 209 
2
4956 16 16 0
4955 2 18 0
2
42 210 
2
4957 16 16 0
4956 8 24 0
2
42 211 
2
4958 16 16 0
4957 6 18 0
2
42 212 
2
4959 16 16 0
4958 16 24 0
2
42 213 
2
4960 16 16 0
4959 16 32 0
2
42 214 
2
4961 16 16 0
4960 12 20 0
2
40 42 
2
4961 10 16 0
4962 16 16 0
2
41 43 
2
4917 20 12 0
4918 18 14 0
2
42 194 
2
4963 16 16 0
4962 14 22 0
2
43 146 
2
4919 18 14 0
4918 30 12 0
2
42 195 
2
4964 16 16 0
4963 10 22 0
2
43 147 
2
4920 18 14 0
4919 4 8 0
2
42 196 
2
4965 16 16 0
4964 8 18 0
2
42 197 
2
4966 16 16 0
4965 16 22 0
2
42 198 
2
4967 16 16 0
4966 16 18 0
2
42 199 
2
4968 16 16 0
4967 14 28 0
2
42 200 
2
4969 16 16 0
4968 10 18 0
2
42 201 
2
4970 16 16 0
4969 18 20 0
2
42 202 
2
4971 16 16 0
4970 14 14 0
2
42 203 
2
4972 16 16 0
4971 2 14 0
2
42 204 
2
4973 16 16 0
4972 20 20 0
2
42 205 
2
4974 16 16 0
4973 18 10 0
2
42 206 
2
4975 16 16 0
4974 26 24 0
2
42 207 
2
4976 16 16 0
4975 4 10 0
2
42 208 
2
4977 16 16 0
4976 32 16 0
2
42 209 
2
4978 16 16 0
4977 2 18 0
2
42 210 
2
4979 16 16 0
4978 8 24 0
2
42 211 
2
4980 16 16 0
4979 6 18 0
2
42 212 
2
4981 16 16 0
4980 16 24 0
2
42 213 
2
4982 16 16 0
4981 16 32 0
2
42 214 
2
4983 16 16 0
4982 12 20 0
2
20 40 
2
4961 14 16 0
4962 10 16 0
2
21 41 
2
4917 20 14 0
4918 20 12 0
2
38 40 
2
4962 4 16 0
4963 10 16 0
2
39 41 
2
4918 22 8 0
4919 20 12 0
2
245 42 
2
4983 34 32 0
4984 16 16 0
2
40 42 
2
4984 10 16 0
4985 16 16 0
2
244 42 
2
4985 34 34 0
4986 16 16 0
2
20 42 
2
4986 14 16 0
4987 16 16 0
2
244 42 
2
4988 34 34 0
4988 16 16 0
2
40 42 
2
4988 10 16 0
4989 16 16 0
2
245 42 
2
4989 34 32 0
4990 16 16 0
2
244 43 
2
4921 34 34 0
4921 18 14 0
2
41 43 
2
4921 20 12 0
4922 18 14 0
2
246 43 
2
4923 34 30 0
4923 18 14 0
2
21 43 
2
4923 20 14 0
4924 18 14 0
2
245 43 
2
4925 34 32 0
4925 18 14 0
2
41 43 
2
4925 20 12 0
4926 18 14 0
2
244 43 
2
4927 34 34 0
4927 18 14 0
2
42 195 
2
4991 16 16 0
4990 10 22 0
2
43 165 
2
4928 18 14 0
4927 4 20 0
2
42 196 
2
4992 16 16 0
4991 8 18 0
2
42 197 
2
4993 16 16 0
4992 16 22 0
2
42 198 
2
4994 16 16 0
4993 16 18 0
2
42 199 
2
4995 16 16 0
4994 14 28 0
2
42 200 
2
4996 16 16 0
4995 10 18 0
2
42 201 
2
4997 16 16 0
4996 18 20 0
2
42 202 
2
4998 16 16 0
4997 14 14 0
2
42 203 
2
4999 16 16 0
4998 2 14 0
2
42 204 
2
5000 16 16 0
4999 20 20 0
2
42 205 
2
5001 16 16 0
5000 18 10 0
2
42 206 
2
5002 16 16 0
5001 26 24 0
2
42 207 
2
5003 16 16 0
5002 4 10 0
2
42 208 
2
5004 16 16 0
5003 32 16 0
2
42 209 
2
5005 16 16 0
5004 2 18 0
2
42 210 
2
5006 16 16 0
5005 8 24 0
2
42 211 
2
5007 16 16 0
5006 6 18 0
2
42 212 
2
5008 16 16 0
5007 16 24 0
2
42 213 
2
5009 16 16 0
5008 16 32 0
2
42 214 
2
5010 16 16 0
5009 12 20 0
2
42 215 
2
5011 16 16 0
5010 18 16 0
2
40 42 
2
5011 10 16 0
5012 16 16 0
2
41 43 
2
4928 20 12 0
4929 18 14 0
2
42 195 
2
5013 16 16 0
5012 10 22 0
2
43 148 
2
4930 18 14 0
4929 12 30 0
2
42 196 
2
5014 16 16 0
5013 8 18 0
2
42 197 
2
5015 16 16 0
5014 16 22 0
2
42 198 
2
5016 16 16 0
5015 16 18 0
2
42 199 
2
5017 16 16 0
5016 14 28 0
2
42 200 
2
5018 16 16 0
5017 10 18 0
2
42 201 
2
5019 16 16 0
5018 18 20 0
2
42 202 
2
5020 16 16 0
5019 14 14 0
2
42 203 
2
5021 16 16 0
5020 2 14 0
2
42 204 
2
5022 16 16 0
5021 20 20 0
2
42 205 
2
5023 16 16 0
5022 18 10 0
2
42 206 
2
5024 16 16 0
5023 26 24 0
2
42 207 
2
5025 16 16 0
5024 4 10 0
2
42 208 
2
5026 16 16 0
5025 32 16 0
2
42 209 
2
5027 16 16 0
5026 2 18 0
2
42 210 
2
5028 16 16 0
5027 8 24 0
2
42 211 
2
5029 16 16 0
5028 6 18 0
2
42 212 
2
5030 16 16 0
5029 16 24 0
2
42 213 
2
5031 16 16 0
5030 16 32 0
2
42 214 
2
5032 16 16 0
5031 12 20 0
2
42 215 
2
5033 16 16 0
5032 18 16 0
2
20 40 
2
5011 14 16 0
5012 10 16 0
2
21 41 
2
4928 20 14 0
4929 20 12 0
2
18 38 
2
4962 4 18 0
4963 4 16 0
2
19 39 
2
4918 20 8 0
4919 22 8 0
2
36 38 
2
4963 4 22 0
4964 4 16 0
2
37 39 
2
4919 24 4 0
4920 22 8 0
2
244 40 
2
5012 34 34 0
5013 10 16 0
2
38 40 
2
5013 4 16 0
5014 10 16 0
2
244 40 
2
5015 34 34 0
5015 10 16 0
2
18 40 
2
5015 4 18 0
5016 10 16 0
2
246 40 
2
5016 34 30 0
5017 10 16 0
2
38 40 
2
5017 4 16 0
5018 10 16 0
2
244 40 
2
5018 34 34 0
5019 10 16 0
2
244 41 
2
4930 34 34 0
4930 20 12 0
2
39 41 
2
4930 22 8 0
4931 20 12 0
2
248 41 
2
4931 34 26 0
4932 20 12 0
2
19 41 
2
4932 20 8 0
4933 20 12 0
2
245 41 
2
4934 34 32 0
4934 20 12 0
2
39 41 
2
4934 22 8 0
4935 20 12 0
2
247 41 
2
4935 34 28 0
4936 20 12 0
2
245 42 
2
5033 34 32 0
5034 16 16 0
2
40 42 
2
5034 10 16 0
5035 16 16 0
2
245 42 
2
5036 34 32 0
5036 16 16 0
2
20 42 
2
5036 14 16 0
5037 16 16 0
2
244 42 
2
5038 34 34 0
5038 16 16 0
2
40 42 
2
5038 10 16 0
5039 16 16 0
2
246 42 
2
5039 34 30 0
5040 16 16 0
2
247 43 
2
4930 34 28 0
4931 18 14 0
2
41 43 
2
4937 20 12 0
4936 18 14 0
2
245 43 
2
4937 34 32 0
4937 18 14 0
2
21 43 
2
4937 20 14 0
4938 18 14 0
2
244 43 
2
4939 34 34 0
4939 18 14 0
2
41 43 
2
4939 20 12 0
4940 18 14 0
2
246 43 
2
4941 34 30 0
4941 18 14 0
2
42 214 
2
5041 16 16 0
5040 12 20 0
2
43 148 
2
4942 18 14 0
4941 12 30 0
2
42 215 
2
5042 16 16 0
5041 18 16 0
2
43 165 
2
4943 18 14 0
4942 4 20 0
2
42 216 
2
5043 16 16 0
5042 8 20 0
2
40 42 
2
5043 10 16 0
5044 16 16 0
2
41 43 
2
4943 20 12 0
4944 18 14 0
2
42 214 
2
5045 16 16 0
5044 12 20 0
2
43 190 
2
4945 18 14 0
4944 26 16 0
2
42 215 
2
5046 16 16 0
5045 18 16 0
2
42 216 
2
5047 16 16 0
5046 8 20 0
2
20 40 
2
5043 14 16 0
5044 10 16 0
2
21 41 
2
4943 20 14 0
4944 20 12 0
2
38 40 
2
5044 4 16 0
5045 10 16 0
2
39 41 
2
4944 22 8 0
4945 20 12 0
2
244 42 
2
5047 34 34 0
5048 16 16 0
2
40 42 
2
5048 10 16 0
5049 16 16 0
2
244 42 
2
5050 34 34 0
5050 16 16 0
2
20 42 
2
5050 14 16 0
5051 16 16 0
2
247 42 
2
5052 34 28 0
5052 16 16 0
2
40 42 
2
5052 10 16 0
5053 16 16 0
2
245 42 
2
5054 34 32 0
5054 16 16 0
2
244 43 
2
4945 34 34 0
4946 18 14 0
2
41 43 
2
4946 20 12 0
4947 18 14 0
2
244 43 
2
4948 34 34 0
4948 18 14 0
2
21 43 
2
4948 20 14 0
4949 18 14 0
2
246 43 
2
4949 34 30 0
4950 18 14 0
2
41 43 
2
4950 20 12 0
4951 18 14 0
2
244 43 
2
4951 34 34 0
4952 18 14 0
2
42 215 
2
5055 16 16 0
5054 18 16 0
2
43 187 
2
4953 18 14 0
4952 12 28 0
2
42 216 
2
5056 16 16 0
5055 8 20 0
2
42 217 
2
5057 16 16 0
5056 14 26 0
2
40 42 
2
5057 10 16 0
5058 16 16 0
2
41 43 
2
4953 20 12 0
4954 18 14 0
2
42 215 
2
5059 16 16 0
5058 18 16 0
2
43 187 
2
4955 18 14 0
4954 12 28 0
2
42 216 
2
5060 16 16 0
5059 8 20 0
2
43 190 
2
4956 18 14 0
4955 26 16 0
2
42 217 
2
5061 16 16 0
5060 14 26 0
2
20 40 
2
5057 14 16 0
5058 10 16 0
2
21 41 
2
4953 20 14 0
4954 20 12 0
2
18 38 
2
5044 4 18 0
5045 4 16 0
2
19 39 
2
4944 20 8 0
4945 22 8 0
2
16 36 
2
4963 4 24 0
4964 4 22 0
2
17 37 
2
4919 26 4 0
4920 24 4 0
2
34 36 
2
4964 2 24 0
4965 4 22 0
2
35 37 
2
4920 28 2 0
4921 24 4 0
2
245 38 
2
5045 34 32 0
5046 4 16 0
2
36 38 
2
5046 4 22 0
5047 4 16 0
2
245 38 
2
5048 34 32 0
5048 4 16 0
2
16 38 
2
5048 4 24 0
5049 4 16 0
2
247 38 
2
5049 34 28 0
5050 4 16 0
2
36 38 
2
5050 4 22 0
5051 4 16 0
2
248 38 
2
5051 34 26 0
5052 4 16 0
2
245 39 
2
4945 34 32 0
4946 22 8 0
2
37 39 
2
4946 24 4 0
4947 22 8 0
2
245 39 
2
4948 34 32 0
4948 22 8 0
2
17 39 
2
4948 26 4 0
4949 22 8 0
2
247 39 
2
4949 34 28 0
4950 22 8 0
2
37 39 
2
4950 24 4 0
4951 22 8 0
2
245 39 
2
4951 34 32 0
4952 22 8 0
2
244 40 
2
5059 34 34 0
5059 10 16 0
2
38 40 
2
5059 4 16 0
5060 10 16 0
2
247 40 
2
5060 34 28 0
5061 10 16 0
2
18 40 
2
5061 4 18 0
5062 10 16 0
2
245 40 
2
5063 34 32 0
5063 10 16 0
2
38 40 
2
5063 4 16 0
5064 10 16 0
2
244 40 
2
5065 34 34 0
5065 10 16 0
2
244 41 
2
4954 34 34 0
4955 20 12 0
2
39 41 
2
4955 22 8 0
4956 20 12 0
2
244 41 
2
4957 34 34 0
4957 20 12 0
2
19 41 
2
4957 20 8 0
4958 20 12 0
2
245 41 
2
4959 34 32 0
4959 20 12 0
2
39 41 
2
4959 22 8 0
4960 20 12 0
2
244 41 
2
4960 34 34 0
4961 20 12 0
2
244 42 
2
5062 34 34 0
5062 16 16 0
2
40 42 
2
5066 10 16 0
5065 16 16 0
2
245 42 
2
5066 34 32 0
5066 16 16 0
2
20 42 
2
5066 14 16 0
5067 16 16 0
2
244 42 
2
5068 34 34 0
5068 16 16 0
2
40 42 
2
5068 10 16 0
5069 16 16 0
2
246 42 
2
5069 34 30 0
5070 16 16 0
2
245 43 
2
4956 34 32 0
4957 18 14 0
2
41 43 
2
4962 20 12 0
4961 18 14 0
2
245 43 
2
4962 34 32 0
4962 18 14 0
2
21 43 
2
4962 20 14 0
4963 18 14 0
2
244 43 
2
4963 34 34 0
4964 18 14 0
2
41 43 
2
4964 20 12 0
4965 18 14 0
2
244 43 
2
4966 34 34 0
4966 18 14 0
2
42 214 
2
5071 16 16 0
5070 12 20 0
2
43 193 
2
4967 18 14 0
4966 6 16 0
2
42 215 
2
5072 16 16 0
5071 18 16 0
2
42 216 
2
5073 16 16 0
5072 8 20 0
2
42 217 
2
5074 16 16 0
5073 14 26 0
2
42 218 
2
5075 16 16 0
5074 10 24 0
2
42 219 
2
5076 16 16 0
5075 24 24 0
2
42 220 
2
5077 16 16 0
5076 12 24 0
2
42 221 
2
5078 16 16 0
5077 6 22 0
2
42 222 
2
5079 16 16 0
5078 6 14 0
2
42 223 
2
5080 16 16 0
5079 14 12 0
2
42 224 
2
5081 16 16 0
5080 24 12 0
2
42 225 
2
5082 16 16 0
5081 20 18 0
2
42 226 
2
5083 16 16 0
5082 18 32 0
2
42 227 
2
5084 16 16 0
5083 2 12 0
2
42 228 
2
5085 16 16 0
5084 12 2 0
2
42 229 
2
5086 16 16 0
5085 2 16 0
2
42 230 
2
5087 16 16 0
5086 10 8 0
2
42 231 
2
5088 16 16 0
5087 14 30 0
2
42 232 
2
5089 16 16 0
5088 26 22 0
2
42 233 
2
5090 16 16 0
5089 8 22 0
2
42 234 
2
5091 16 16 0
5090 12 22 0
2
40 42 
2
5091 10 16 0
5092 16 16 0
2
41 43 
2
4967 20 12 0
4968 18 14 0
2
42 214 
2
5093 16 16 0
5092 12 20 0
2
43 192 
2
4969 18 14 0
4968 18 26 0
2
42 215 
2
5094 16 16 0
5093 18 16 0
2
42 216 
2
5095 16 16 0
5094 8 20 0
2
42 217 
2
5096 16 16 0
5095 14 26 0
2
42 218 
2
5097 16 16 0
5096 10 24 0
2
42 219 
2
5098 16 16 0
5097 24 24 0
2
42 220 
2
5099 16 16 0
5098 12 24 0
2
42 221 
2
5100 16 16 0
5099 6 22 0
2
42 222 
2
5101 16 16 0
5100 6 14 0
2
42 223 
2
5102 16 16 0
5101 14 12 0
2
42 224 
2
5103 16 16 0
5102 24 12 0
2
42 225 
2
5104 16 16 0
5103 20 18 0
2
42 226 
2
5105 16 16 0
5104 18 32 0
2
42 227 
2
5106 16 16 0
5105 2 12 0
2
42 228 
2
5107 16 16 0
5106 12 2 0
2
42 229 
2
5108 16 16 0
5107 2 16 0
2
42 230 
2
5109 16 16 0
5108 10 8 0
2
42 231 
2
5110 16 16 0
5109 14 30 0
2
42 232 
2
5111 16 16 0
5110 26 22 0
2
42 233 
2
5112 16 16 0
5111 8 22 0
2
42 234 
2
5113 16 16 0
5112 12 22 0
2
20 40 
2
5091 14 16 0
5092 10 16 0
2
21 41 
2
4967 20 14 0
4968 20 12 0
2
38 40 
2
5092 4 16 0
5093 10 16 0
2
39 41 
2
4968 22 8 0
4969 20 12 0
2
244 42 
2
5113 34 34 0
5114 16 16 0
2
40 42 
2
5114 10 16 0
5115 16 16 0
2
244 42 
2
5116 34 34 0
5116 16 16 0
2
20 42 
2
5116 14 16 0
5117 16 16 0
2
246 42 
2
5117 34 30 0
5118 16 16 0
2
40 42 
2
5118 10 16 0
5119 16 16 0
2
245 42 
2
5120 34 32 0
5120 16 16 0
2
245 43 
2
4969 34 32 0
4970 18 14 0
2
41 43 
2
4970 20 12 0
4971 18 14 0
2
244 43 
2
4972 34 34 0
4972 18 14 0
2
21 43 
2
4972 20 14 0
4973 18 14 0
2
247 43 
2
4973 34 28 0
4974 18 14 0
2
41 43 
2
4974 20 12 0
4975 18 14 0
2
245 43 
2
4975 34 32 0
4976 18 14 0
2
42 215 
2
5121 16 16 0
5120 18 16 0
2
43 192 
2
4977 18 14 0
4976 18 26 0
2
42 216 
2
5122 16 16 0
5121 8 20 0
2
43 193 
2
4978 18 14 0
4977 6 16 0
2
42 217 
2
5123 16 16 0
5122 14 26 0
2
42 218 
2
5124 16 16 0
5123 10 24 0
2
42 219 
2
5125 16 16 0
5124 24 24 0
2
42 220 
2
5126 16 16 0
5125 12 24 0
2
42 221 
2
5127 16 16 0
5126 6 22 0
2
42 222 
2
5128 16 16 0
5127 6 14 0
2
42 223 
2
5129 16 16 0
5128 14 12 0
2
42 224 
2
5130 16 16 0
5129 24 12 0
2
42 225 
2
5131 16 16 0
5130 20 18 0
2
42 226 
2
5132 16 16 0
5131 18 32 0
2
42 227 
2
5133 16 16 0
5132 2 12 0
2
42 228 
2
5134 16 16 0
5133 12 2 0
2
42 229 
2
5135 16 16 0
5134 2 16 0
2
42 230 
2
5136 16 16 0
5135 10 8 0
2
42 231 
2
5137 16 16 0
5136 14 30 0
2
42 232 
2
5138 16 16 0
5137 26 22 0
2
42 233 
2
5139 16 16 0
5138 8 22 0
2
42 234 
2
5140 16 16 0
5139 12 22 0
2
42 235 
2
5141 16 16 0
5140 14 24 0
2
40 42 
2
5141 10 16 0
5142 16 16 0
2
41 43 
2
4978 20 12 0
4979 18 14 0
2
42 215 
2
5143 16 16 0
5142 18 16 0
2
43 195 
2
5012 18 14 0
5013 10 22 0
2
42 216 
2
5144 16 16 0
5143 8 20 0
2
42 217 
2
5145 16 16 0
5144 14 26 0
2
42 218 
2
5146 16 16 0
5145 10 24 0
2
42 219 
2
5147 16 16 0
5146 24 24 0
2
42 220 
2
5148 16 16 0
5147 12 24 0
2
42 221 
2
5149 16 16 0
5148 6 22 0
2
42 222 
2
5150 16 16 0
5149 6 14 0
2
42 223 
2
5151 16 16 0
5150 14 12 0
2
42 224 
2
5152 16 16 0
5151 24 12 0
2
42 225 
2
5153 16 16 0
5152 20 18 0
2
42 226 
2
5154 16 16 0
5153 18 32 0
2
42 227 
2
5155 16 16 0
5154 2 12 0
2
42 228 
2
5156 16 16 0
5155 12 2 0
2
42 229 
2
5157 16 16 0
5156 2 16 0
2
42 230 
2
5158 16 16 0
5157 10 8 0
2
42 231 
2
5159 16 16 0
5158 14 30 0
2
42 232 
2
5160 16 16 0
5159 26 22 0
2
42 233 
2
5161 16 16 0
5160 8 22 0
2
42 234 
2
5162 16 16 0
5161 12 22 0
2
42 235 
2
5163 16 16 0
5162 14 24 0
2
20 40 
2
5141 14 16 0
5142 10 16 0
2
21 41 
2
4978 20 14 0
4979 20 12 0
2
18 38 
2
5092 4 18 0
5093 4 16 0
2
19 39 
2
4968 20 8 0
4969 22 8 0
2
36 38 
2
5093 4 22 0
5094 4 16 0
2
37 39 
2
4969 24 4 0
4970 22 8 0
2
245 40 
2
5143 34 32 0
5143 10 16 0
2
38 40 
2
5143 4 16 0
5144 10 16 0
2
246 40 
2
5144 34 30 0
5145 10 16 0
2
18 40 
2
5145 4 18 0
5146 10 16 0
2
244 40 
2
5147 34 34 0
5147 10 16 0
2
38 40 
2
5147 4 16 0
5148 10 16 0
2
246 40 
2
5148 34 30 0
5149 10 16 0
2
244 41 
2
4979 34 34 0
4980 20 12 0
2
39 41 
2
4980 22 8 0
4981 20 12 0
2
244 41 
2
4982 34 34 0
4982 20 12 0
2
19 41 
2
4982 20 8 0
4983 20 12 0
2
246 41 
2
4983 34 30 0
4984 20 12 0
2
39 41 
2
4984 22 8 0
4985 20 12 0
2
245 41 
2
4986 34 32 0
4986 20 12 0
2
245 42 
2
5163 34 32 0
5164 16 16 0
2
40 42 
2
5164 10 16 0
5165 16 16 0
2
245 42 
2
5166 34 32 0
5166 16 16 0
2
20 42 
2
5166 14 16 0
5167 16 16 0
2
244 42 
2
5168 34 34 0
5168 16 16 0
2
40 42 
2
5168 10 16 0
5169 16 16 0
2
246 42 
2
5169 34 30 0
5170 16 16 0
2
245 43 
2
5012 34 32 0
5013 18 14 0
2
41 43 
2
5013 20 12 0
5014 18 14 0
2
245 43 
2
5015 34 32 0
5015 18 14 0
2
21 43 
2
5015 20 14 0
5016 18 14 0
2
247 43 
2
5016 34 28 0
5017 18 14 0
2
41 43 
2
5017 20 12 0
5018 18 14 0
2
245 43 
2
5018 34 32 0
5019 18 14 0
2
42 234 
2
5171 16 16 0
5170 12 22 0
2
43 194 
2
5020 18 14 0
5019 14 22 0
2
42 235 
2
5172 16 16 0
5171 14 24 0
2
42 236 
2
5173 16 16 0
5172 8 10 0
2
40 42 
2
5173 10 16 0
5174 16 16 0
2
41 43 
2
5020 20 12 0
5021 18 14 0
2
42 234 
2
5175 16 16 0
5174 12 22 0
2
43 194 
2
5022 18 14 0
5021 14 22 0
2
42 235 
2
5176 16 16 0
5175 14 24 0
2
43 195 
2
5023 18 14 0
5022 10 22 0
2
42 236 
2
5177 16 16 0
5176 8 10 0
2
20 40 
2
5173 14 16 0
5174 10 16 0
2
21 41 
2
5020 20 14 0
5021 20 12 0
2
38 40 
2
5174 4 16 0
5175 10 16 0
2
39 41 
2
5021 22 8 0
5022 20 12 0
2
244 42 
2
5178 34 34 0
5178 16 16 0
2
40 42 
2
5178 10 16 0
5179 16 16 0
2
247 42 
2
5179 34 28 0
5180 16 16 0
2
20 42 
2
5180 14 16 0
5181 16 16 0
2
244 42 
2
5181 34 34 0
5182 16 16 0
2
40 42 
2
5182 10 16 0
5183 16 16 0
2
244 42 
2
5184 34 34 0
5184 16 16 0
2
245 43 
2
5023 34 32 0
5024 18 14 0
2
41 43 
2
5024 20 12 0
5025 18 14 0
2
245 43 
2
5026 34 32 0
5026 18 14 0
2
21 43 
2
5026 20 14 0
5027 18 14 0
2
244 43 
2
5028 34 34 0
5028 18 14 0
2
41 43 
2
5028 20 12 0
5029 18 14 0
2
246 43 
2
5029 34 30 0
5030 18 14 0
2
42 235 
2
5185 16 16 0
5184 14 24 0
2
43 197 
2
5031 18 14 0
5030 16 22 0
2
42 236 
2
5186 16 16 0
5185 8 10 0
2
42 237 
2
5187 16 16 0
5186 20 28 0
2
40 42 
2
5187 10 16 0
5188 16 16 0
2
41 43 
2
5031 20 12 0
5032 18 14 0
2
42 235 
2
5189 16 16 0
5188 14 24 0
2
43 196 
2
5033 18 14 0
5032 8 18 0
2
42 236 
2
5190 16 16 0
5189 8 10 0
2
42 237 
2
5191 16 16 0
5190 20 28 0
2
20 40 
2
5187 14 16 0
5188 10 16 0
2
21 41 
2
5031 20 14 0
5032 20 12 0
2
18 38 
2
5174 4 18 0
5175 4 16 0
2
19 39 
2
5021 20 8 0
5022 22 8 0
2
16 36 
2
5093 4 24 0
5094 4 22 0
2
17 37 
2
4969 26 4 0
4970 24 4 0
2
14 34 
2
4964 4 26 0
4965 2 24 0
2
15 35 
2
4920 26 2 0
4921 28 2 0
2
32 34 
2
4965 2 28 0
4966 2 24 0
2
33 35 
2
4921 32 2 0
4922 28 2 0
2
245 36 
2
5094 34 32 0
5095 4 22 0
2
34 36 
2
5095 2 24 0
5096 4 22 0
2
244 36 
2
5097 34 34 0
5097 4 22 0
2
14 36 
2
5097 4 26 0
5098 4 22 0
2
245 36 
2
5098 34 32 0
5099 4 22 0
2
34 36 
2
5099 2 24 0
5100 4 22 0
2
244 36 
2
5100 34 34 0
5101 4 22 0
2
247 37 
2
4970 34 28 0
4971 24 4 0
2
35 37 
2
4971 28 2 0
4972 24 4 0
2
246 37 
2
4973 34 30 0
4973 24 4 0
2
15 37 
2
4973 26 2 0
4974 24 4 0
2
244 37 
2
4975 34 34 0
4975 24 4 0
2
35 37 
2
4975 28 2 0
4976 24 4 0
2
246 37 
2
4976 34 30 0
4977 24 4 0
2
245 38 
2
5176 34 32 0
5176 4 16 0
2
36 38 
2
5176 4 22 0
5177 4 16 0
2
246 38 
2
5178 34 30 0
5178 4 16 0
2
16 38 
2
5178 4 24 0
5179 4 16 0
2
248 38 
2
5180 34 26 0
5180 4 16 0
2
36 38 
2
5180 4 22 0
5181 4 16 0
2
245 38 
2
5182 34 32 0
5182 4 16 0
2
244 39 
2
5022 34 34 0
5023 22 8 0
2
37 39 
2
5023 24 4 0
5024 22 8 0
2
244 39 
2
5025 34 34 0
5025 22 8 0
2
17 39 
2
5025 26 4 0
5026 22 8 0
2
246 39 
2
5026 34 30 0
5027 22 8 0
2
37 39 
2
5027 24 4 0
5028 22 8 0
2
245 39 
2
5029 34 32 0
5029 22 8 0
2
245 40 
2
5188 34 32 0
5189 10 16 0
2
38 40 
2
5189 4 16 0
5190 10 16 0
2
245 40 
2
5191 34 32 0
5191 10 16 0
2
18 40 
2
5191 4 18 0
5192 10 16 0
2
244 40 
2
5193 34 34 0
5193 10 16 0
2
38 40 
2
5193 4 16 0
5194 10 16 0
2
246 40 
2
5194 34 30 0
5195 10 16 0
2
244 41 
2
5032 34 34 0
5033 20 12 0
2
39 41 
2
5033 22 8 0
5034 20 12 0
2
244 41 
2
5035 34 34 0
5035 20 12 0
2
19 41 
2
5035 20 8 0
5036 20 12 0
2
246 41 
2
5036 34 30 0
5037 20 12 0
2
39 41 
2
5037 22 8 0
5038 20 12 0
2
245 41 
2
5039 34 32 0
5039 20 12 0
2
246 42 
2
5191 34 30 0
5192 16 16 0
2
40 42 
2
5196 10 16 0
5195 16 16 0
2
244 42 
2
5196 34 34 0
5196 16 16 0
2
20 42 
2
5196 14 16 0
5197 16 16 0
2
245 42 
2
5197 34 32 0
5198 16 16 0
2
40 42 
2
5198 10 16 0
5199 16 16 0
2
245 42 
2
5200 34 32 0
5200 16 16 0
2
246 43 
2
5033 34 30 0
5034 18 14 0
2
41 43 
2
5040 20 12 0
5039 18 14 0
2
247 43 
2
5039 34 28 0
5040 18 14 0
2
21 43 
2
5040 20 14 0
5041 18 14 0
2
244 43 
2
5041 34 34 0
5042 18 14 0
2
41 43 
2
5042 20 12 0
5043 18 14 0
2
244 43 
2
5044 34 34 0
5044 18 14 0
2
42 234 
2
5201 16 16 0
5200 12 22 0
2
43 196 
2
5045 18 14 0
5044 8 18 0
2
42 235 
2
5202 16 16 0
5201 14 24 0
2
43 197 
2
5046 18 14 0
5045 16 22 0
2
42 236 
2
5203 16 16 0
5202 8 10 0
2
42 237 
2
5204 16 16 0
5203 20 28 0
2
42 238 
2
5205 16 16 0
5204 14 10 0
2
42 239 
2
5206 16 16 0
5205 16 20 0
2
42 50 
2
5207 16 16 0
5206 4 12 0
2
42 45 
2
5208 16 16 0
5207 16 2 0
2
42 47 
2
5209 16 16 0
5208 26 12 0
2
42 49 
2
5210 16 16 0
5209 32 14 0
2
42 52 
2
5211 16 16 0
5210 18 4 0
2
42 53 
2
5212 16 16 0
5211 18 8 0
2
42 54 
2
5213 16 16 0
5212 24 6 0
2
42 55 
2
5214 16 16 0
5213 24 2 0
2
42 56 
2
5215 16 16 0
5214 32 18 0
2
42 57 
2
5216 16 16 0
5215 22 28 0
2
42 58 
2
5217 16 16 0
5216 10 10 0
2
42 59 
2
5218 16 16 0
5217 28 16 0
2
42 60 
2
5219 16 16 0
5218 16 8 0
2
42 61 
2
5220 16 16 0
5219 18 30 0
2
42 62 
2
5221 16 16 0
5220 20 24 0
2
40 42 
2
5221 10 16 0
5222 16 16 0
2
41 43 
2
5046 20 12 0
5047 18 14 0
2
42 234 
2
5223 16 16 0
5222 12 22 0
2
43 199 
2
5048 18 14 0
5047 14 28 0
2
42 235 
2
5224 16 16 0
5223 14 24 0
2
42 236 
2
5225 16 16 0
5224 8 10 0
2
42 237 
2
5226 16 16 0
5225 20 28 0
2
42 238 
2
5227 16 16 0
5226 14 10 0
2
42 239 
2
5228 16 16 0
5227 16 20 0
2
42 50 
2
5229 16 16 0
5228 4 12 0
2
42 45 
2
5230 16 16 0
5229 16 2 0
2
42 47 
2
5231 16 16 0
5230 26 12 0
2
42 49 
2
5232 16 16 0
5231 32 14 0
2
42 52 
2
5233 16 16 0
5232 18 4 0
2
42 53 
2
5234 16 16 0
5233 18 8 0
2
42 54 
2
5235 16 16 0
5234 24 6 0
2
42 55 
2
5236 16 16 0
5235 24 2 0
2
42 56 
2
5237 16 16 0
5236 32 18 0
2
42 57 
2
5238 16 16 0
5237 22 28 0
2
42 58 
2
5239 16 16 0
5238 10 10 0
2
42 59 
2
5240 16 16 0
5239 28 16 0
2
42 60 
2
5241 16 16 0
5240 16 8 0
2
42 61 
2
5242 16 16 0
5241 18 30 0
2
42 62 
2
5243 16 16 0
5242 20 24 0
2
20 40 
2
5221 14 16 0
5222 10 16 0
2
21 41 
2
5046 20 14 0
5047 20 12 0
2
38 40 
2
5222 4 16 0
5223 10 16 0
2
39 41 
2
5047 22 8 0
5048 20 12 0
2
244 42 
2
5243 34 34 0
5244 16 16 0
2
40 42 
2
5244 10 16 0
5245 16 16 0
2
244 42 
2
5246 34 34 0
5246 16 16 0
2
20 42 
2
5246 14 16 0
5247 16 16 0
2
245 42 
2
5247 34 32 0
5248 16 16 0
2
40 42 
2
5248 10 16 0
5249 16 16 0
2
245 42 
2
5250 34 32 0
5250 16 16 0
2
246 43 
2
5048 34 30 0
5049 18 14 0
2
41 43 
2
5049 20 12 0
5050 18 14 0
2
245 43 
2
5051 34 32 0
5051 18 14 0
2
21 43 
2
5051 20 14 0
5052 18 14 0
2
244 43 
2
5053 34 34 0
5053 18 14 0
2
41 43 
2
5053 20 12 0
5054 18 14 0
2
246 43 
2
5054 34 30 0
5055 18 14 0
2
42 235 
2
5251 16 16 0
5250 14 24 0
2
43 198 
2
5056 18 14 0
5055 16 18 0
2
42 236 
2
5252 16 16 0
5251 8 10 0
2
42 237 
2
5253 16 16 0
5252 20 28 0
2
42 238 
2
5254 16 16 0
5253 14 10 0
2
42 239 
2
5255 16 16 0
5254 16 20 0
2
42 50 
2
5256 16 16 0
5255 4 12 0
2
42 45 
2
5257 16 16 0
5256 16 2 0
2
42 47 
2
5258 16 16 0
5257 26 12 0
2
42 49 
2
5259 16 16 0
5258 32 14 0
2
42 52 
2
5260 16 16 0
5259 18 4 0
2
42 53 
2
5261 16 16 0
5260 18 8 0
2
42 54 
2
5262 16 16 0
5261 24 6 0
2
42 55 
2
5263 16 16 0
5262 24 2 0
2
42 56 
2
5264 16 16 0
5263 32 18 0
2
42 57 
2
5265 16 16 0
5264 22 28 0
2
42 58 
2
5266 16 16 0
5265 10 10 0
2
42 59 
2
5267 16 16 0
5266 28 16 0
2
42 60 
2
5268 16 16 0
5267 16 8 0
2
42 61 
2
5269 16 16 0
5268 18 30 0
2
42 62 
2
5270 16 16 0
5269 20 24 0
2
42 63 
2
5271 16 16 0
5270 16 12 0
2
40 42 
2
5271 10 16 0
5272 16 16 0
2
41 43 
2
5056 20 12 0
5057 18 14 0
2
42 235 
2
5273 16 16 0
5272 14 24 0
2
43 198 
2
5058 18 14 0
5057 16 18 0
2
42 236 
2
5274 16 16 0
5273 8 10 0
2
43 199 
2
5059 18 14 0
5058 14 28 0
2
42 237 
2
5275 16 16 0
5274 20 28 0
2
42 238 
2
5276 16 16 0
5275 14 10 0
2
42 239 
2
5277 16 16 0
5276 16 20 0
2
42 50 
2
5278 16 16 0
5277 4 12 0
2
42 45 
2
5279 16 16 0
5278 16 2 0
2
42 47 
2
5280 16 16 0
5279 26 12 0
2
42 49 
2
5281 16 16 0
5280 32 14 0
2
42 52 
2
5282 16 16 0
5281 18 4 0
2
42 53 
2
5283 16 16 0
5282 18 8 0
2
42 54 
2
5284 16 16 0
5283 24 6 0
2
42 55 
2
5285 16 16 0
5284 24 2 0
2
42 56 
2
5286 16 16 0
5285 32 18 0
2
42 57 
2
5287 16 16 0
5286 22 28 0
2
42 58 
2
5288 16 16 0
5287 10 10 0
2
42 59 
2
5289 16 16 0
5288 28 16 0
2
42 60 
2
5290 16 16 0
5289 16 8 0
2
42 61 
2
5291 16 16 0
5290 18 30 0
2
42 62 
2
5292 16 16 0
5291 20 24 0
2
42 63 
2
5293 16 16 0
5292 16 12 0
2
20 40 
2
5271 14 16 0
5272 10 16 0
2
21 41 
2
5056 20 14 0
5057 20 12 0
2
18 38 
2
5222 4 18 0
5223 4 16 0
2
19 39 
2
5047 20 8 0
5048 22 8 0
2
36 38 
2
5223 4 22 0
5224 4 16 0
2
37 39 
2
5048 24 4 0
5049 22 8 0
2
244 40 
2
5272 34 34 0
5273 10 16 0
2
38 40 
2
5273 4 16 0
5274 10 16 0
2
244 40 
2
5275 34 34 0
5275 10 16 0
2
18 40 
2
5275 4 18 0
5276 10 16 0
2
247 40 
2
5276 34 28 0
5277 10 16 0
2
38 40 
2
5277 4 16 0
5278 10 16 0
2
245 40 
2
5279 34 32 0
5279 10 16 0
2
245 41 
2
5057 34 32 0
5058 20 12 0
2
39 41 
2
5058 22 8 0
5059 20 12 0
2
245 41 
2
5060 34 32 0
5060 20 12 0
2
19 41 
2
5060 20 8 0
5061 20 12 0
2
246 41 
2
5062 34 30 0
5062 20 12 0
2
39 41 
2
5062 22 8 0
5063 20 12 0
2
247 41 
2
5063 34 28 0
5064 20 12 0
2
244 42 
2
5294 34 34 0
5294 16 16 0
2
40 42 
2
5294 10 16 0
5295 16 16 0
2
245 42 
2
5296 34 32 0
5296 16 16 0
2
20 42 
2
5296 14 16 0
5297 16 16 0
2
244 42 
2
5297 34 34 0
5298 16 16 0
2
40 42 
2
5298 10 16 0
5299 16 16 0
2
244 42 
2
5300 34 34 0
5300 16 16 0
2
246 43 
2
5059 34 30 0
5060 18 14 0
2
41 43 
2
5065 20 12 0
5064 18 14 0
2
246 43 
2
5065 34 30 0
5065 18 14 0
2
21 43 
2
5065 20 14 0
5066 18 14 0
2
247 43 
2
5066 34 28 0
5067 18 14 0
2
41 43 
2
5067 20 12 0
5068 18 14 0
2
245 43 
2
5069 34 32 0
5069 18 14 0
2
42 62 
2
5301 16 16 0
5300 20 24 0
2
43 201 
2
5070 18 14 0
5069 18 20 0
2
42 63 
2
5302 16 16 0
5301 16 12 0
2
42 64 
2
5303 16 16 0
5302 16 6 0
2
40 42 
2
5303 10 16 0
5304 16 16 0
2
41 43 
2
5070 20 12 0
5071 18 14 0
2
42 62 
2
5305 16 16 0
5304 20 24 0
2
43 200 
2
5072 18 14 0
5071 10 18 0
2
42 63 
2
5306 16 16 0
5305 16 12 0
2
42 64 
2
5307 16 16 0
5306 16 6 0
2
20 40 
2
5303 14 16 0
5304 10 16 0
2
21 41 
2
5070 20 14 0
5071 20 12 0
2
38 40 
2
5304 4 16 0
5305 10 16 0
2
39 41 
2
5071 22 8 0
5072 20 12 0
2
245 42 
2
5308 34 32 0
5308 16 16 0
2
40 42 
2
5308 10 16 0
5309 16 16 0
2
246 42 
2
5310 34 30 0
5310 16 16 0
2
20 42 
2
5310 14 16 0
5311 16 16 0
2
244 42 
2
5312 34 34 0
5312 16 16 0
2
40 42 
2
5312 10 16 0
5313 16 16 0
2
245 42 
2
5314 34 32 0
5314 16 16 0
2
244 43 
2
5072 34 34 0
5073 18 14 0
2
41 43 
2
5073 20 12 0
5074 18 14 0
2
244 43 
2
5075 34 34 0
5075 18 14 0
2
21 43 
2
5075 20 14 0
5076 18 14 0
2
246 43 
2
5076 34 30 0
5077 18 14 0
2
41 43 
2
5077 20 12 0
5078 18 14 0
2
244 43 
2
5078 34 34 0
5079 18 14 0
2
42 63 
2
5315 16 16 0
5314 16 12 0
2
43 200 
2
5080 18 14 0
5079 10 18 0
2
42 64 
2
5316 16 16 0
5315 16 6 0
2
43 201 
2
5081 18 14 0
5080 18 20 0
2
42 65 
2
5317 16 16 0
5316 10 6 0
2
40 42 
2
5317 10 16 0
5318 16 16 0
2
41 43 
2
5081 20 12 0
5082 18 14 0
2
42 63 
2
5319 16 16 0
5318 16 12 0
2
43 203 
2
5083 18 14 0
5082 2 14 0
2
42 64 
2
5320 16 16 0
5319 16 6 0
2
42 65 
2
5321 16 16 0
5320 10 6 0
2
20 40 
2
5317 14 16 0
5318 10 16 0
2
21 41 
2
5081 20 14 0
5082 20 12 0
2
18 38 
2
5304 4 18 0
5305 4 16 0
2
19 39 
2
5071 20 8 0
5072 22 8 0
2
16 36 
2
5223 4 24 0
5224 4 22 0
2
17 37 
2
5048 26 4 0
5049 24 4 0
2
34 36 
2
5224 2 24 0
5225 4 22 0
2
35 37 
2
5049 28 2 0
5050 24 4 0
2
244 38 
2
5306 34 34 0
5306 4 16 0
2
36 38 
2
5306 4 22 0
5307 4 16 0
2
246 38 
2
5307 34 30 0
5308 4 16 0
2
16 38 
2
5308 4 24 0
5309 4 16 0
2
247 38 
2
5310 34 28 0
5310 4 16 0
2
36 38 
2
5310 4 22 0
5311 4 16 0
2
245 38 
2
5311 34 32 0
5312 4 16 0
2
245 39 
2
5072 34 32 0
5073 22 8 0
2
37 39 
2
5073 24 4 0
5074 22 8 0
2
245 39 
2
5075 34 32 0
5075 22 8 0
2
17 39 
2
5075 26 4 0
5076 22 8 0
2
247 39 
2
5076 34 28 0
5077 22 8 0
2
37 39 
2
5077 24 4 0
5078 22 8 0
2
245 39 
2
5078 34 32 0
5079 22 8 0
2
244 40 
2
5318 34 34 0
5319 10 16 0
2
38 40 
2
5319 4 16 0
5320 10 16 0
2
244 40 
2
5321 34 34 0
5321 10 16 0
2
18 40 
2
5321 4 18 0
5322 10 16 0
2
246 40 
2
5322 34 30 0
5323 10 16 0
2
38 40 
2
5323 4 16 0
5324 10 16 0
2
245 40 
2
5324 34 32 0
5325 10 16 0
2
244 41 
2
5082 34 34 0
5083 20 12 0
2
39 41 
2
5083 22 8 0
5084 20 12 0
2
244 41 
2
5085 34 34 0
5085 20 12 0
2
19 41 
2
5085 20 8 0
5086 20 12 0
2
245 41 
2
5086 34 32 0
5087 20 12 0
2
39 41 
2
5087 22 8 0
5088 20 12 0
2
244 41 
2
5088 34 34 0
5089 20 12 0
2
245 42 
2
5321 34 32 0
5322 16 16 0
2
40 42 
2
5326 10 16 0
5325 16 16 0
2
247 42 
2
5325 34 28 0
5326 16 16 0
2
20 42 
2
5326 14 16 0
5327 16 16 0
2
245 42 
2
5327 34 32 0
5328 16 16 0
2
40 42 
2
5328 10 16 0
5329 16 16 0
2
244 42 
2
5330 34 34 0
5330 16 16 0
2
245 43 
2
5083 34 32 0
5084 18 14 0
2
41 43 
2
5090 20 12 0
5089 18 14 0
2
245 43 
2
5089 34 32 0
5090 18 14 0
2
21 43 
2
5090 20 14 0
5091 18 14 0
2
244 43 
2
5091 34 34 0
5092 18 14 0
2
41 43 
2
5092 20 12 0
5093 18 14 0
2
244 43 
2
5094 34 34 0
5094 18 14 0
2
42 62 
2
5331 16 16 0
5330 20 24 0
2
43 202 
2
5095 18 14 0
5094 14 14 0
2
42 63 
2
5332 16 16 0
5331 16 12 0
2
42 64 
2
5333 16 16 0
5332 16 6 0
2
42 65 
2
5334 16 16 0
5333 10 6 0
2
42 66 
2
5335 16 16 0
5334 18 22 0
2
42 67 
2
5336 16 16 0
5335 18 28 0
2
42 68 
2
5337 16 16 0
5336 18 12 0
2
42 86 
2
5338 16 16 0
5337 6 10 0
2
42 87 
2
5339 16 16 0
5338 22 14 0
2
42 89 
2
5340 16 16 0
5339 24 14 0
2
42 90 
2
5341 16 16 0
5340 20 10 0
2
42 91 
2
5342 16 16 0
5341 28 8 0
2
42 92 
2
5343 16 16 0
5342 32 12 0
2
42 93 
2
5344 16 16 0
5343 20 2 0
2
42 94 
2
5345 16 16 0
5344 8 6 0
2
42 95 
2
5346 16 16 0
5345 6 12 0
2
42 96 
2
5347 16 16 0
5346 16 4 0
2
42 97 
2
5348 16 16 0
5347 12 14 0
2
42 98 
2
5349 16 16 0
5348 22 16 0
2
42 99 
2
5350 16 16 0
5349 18 24 0
2
42 100 
2
5351 16 16 0
5350 12 10 0
2
40 42 
2
5351 10 16 0
5352 16 16 0
2
41 43 
2
5095 20 12 0
5096 18 14 0
2
42 62 
2
5353 16 16 0
5352 20 24 0
2
43 202 
2
5097 18 14 0
5096 14 14 0
2
42 63 
2
5354 16 16 0
5353 16 12 0
2
43 203 
2
5098 18 14 0
5097 2 14 0
2
42 64 
2
5355 16 16 0
5354 16 6 0
2
42 65 
2
5356 16 16 0
5355 10 6 0
2
42 66 
2
5357 16 16 0
5356 18 22 0
2
42 67 
2
5358 16 16 0
5357 18 28 0
2
42 68 
2
5359 16 16 0
5358 18 12 0
2
42 86 
2
5360 16 16 0
5359 6 10 0
2
42 87 
2
5361 16 16 0
5360 22 14 0
2
42 89 
2
5362 16 16 0
5361 24 14 0
2
42 90 
2
5363 16 16 0
5362 20 10 0
2
42 91 
2
5364 16 16 0
5363 28 8 0
2
42 92 
2
5365 16 16 0
5364 32 12 0
2
42 93 
2
5366 16 16 0
5365 20 2 0
2
42 94 
2
5367 16 16 0
5366 8 6 0
2
42 95 
2
5368 16 16 0
5367 6 12 0
2
42 96 
2
5369 16 16 0
5368 16 4 0
2
42 97 
2
5370 16 16 0
5369 12 14 0
2
42 98 
2
5371 16 16 0
5370 22 16 0
2
42 99 
2
5372 16 16 0
5371 18 24 0
2
42 100 
2
5373 16 16 0
5372 12 10 0
2
20 40 
2
5351 14 16 0
5352 10 16 0
2
21 41 
2
5095 20 14 0
5096 20 12 0
2
38 40 
2
5352 4 16 0
5353 10 16 0
2
39 41 
2
5096 22 8 0
5097 20 12 0
2
246 42 
2
5373 34 30 0
5374 16 16 0
2
40 42 
2
5374 10 16 0
5375 16 16 0
2
246 42 
2
5376 34 30 0
5376 16 16 0
2
20 42 
2
5376 14 16 0
5377 16 16 0
2
244 42 
2
5378 34 34 0
5378 16 16 0
2
40 42 
2
5378 10 16 0
5379 16 16 0
2
247 42 
2
5379 34 28 0
5380 16 16 0
2
246 43 
2
5098 34 30 0
5099 18 14 0
2
41 43 
2
5099 20 12 0
5100 18 14 0
2
245 43 
2
5101 34 32 0
5101 18 14 0
2
21 43 
2
5101 20 14 0
5102 18 14 0
2
244 43 
2
5103 34 34 0
5103 18 14 0
2
41 43 
2
5103 20 12 0
5104 18 14 0
2
245 43 
2
5104 34 32 0
5105 18 14 0
2
42 63 
2
5381 16 16 0
5380 16 12 0
2
43 205 
2
5106 18 14 0
5105 18 10 0
2
42 64 
2
5382 16 16 0
5381 16 6 0
2
42 65 
2
5383 16 16 0
5382 10 6 0
2
42 66 
2
5384 16 16 0
5383 18 22 0
2
42 67 
2
5385 16 16 0
5384 18 28 0
2
42 68 
2
5386 16 16 0
5385 18 12 0
2
42 86 
2
5387 16 16 0
5386 6 10 0
2
42 87 
2
5388 16 16 0
5387 22 14 0
2
42 89 
2
5389 16 16 0
5388 24 14 0
2
42 90 
2
5390 16 16 0
5389 20 10 0
2
42 91 
2
5391 16 16 0
5390 28 8 0
2
42 92 
2
5392 16 16 0
5391 32 12 0
2
42 93 
2
5393 16 16 0
5392 20 2 0
2
42 94 
2
5394 16 16 0
5393 8 6 0
2
42 95 
2
5395 16 16 0
5394 6 12 0
2
42 96 
2
5396 16 16 0
5395 16 4 0
2
42 97 
2
5397 16 16 0
5396 12 14 0
2
42 98 
2
5398 16 16 0
5397 22 16 0
2
42 99 
2
5399 16 16 0
5398 18 24 0
2
42 100 
2
5400 16 16 0
5399 12 10 0
2
42 101 
2
5401 16 16 0
5400 18 18 0
2
40 42 
2
5401 10 16 0
5402 16 16 0
2
41 43 
2
5106 20 12 0
5107 18 14 0
2
42 63 
2
5403 16 16 0
5402 16 12 0
2
43 204 
2
5108 18 14 0
5107 20 20 0
2
42 64 
2
5404 16 16 0
5403 16 6 0
2
42 65 
2
5405 16 16 0
5404 10 6 0
2
42 66 
2
5406 16 16 0
5405 18 22 0
2
42 67 
2
5407 16 16 0
5406 18 28 0
2
42 68 
2
5408 16 16 0
5407 18 12 0
2
42 86 
2
5409 16 16 0
5408 6 10 0
2
42 87 
2
5410 16 16 0
5409 22 14 0
2
42 89 
2
5411 16 16 0
5410 24 14 0
2
42 90 
2
5412 16 16 0
5411 20 10 0
2
42 91 
2
5413 16 16 0
5412 28 8 0
2
42 92 
2
5414 16 16 0
5413 32 12 0
2
42 93 
2
5415 16 16 0
5414 20 2 0
2
42 94 
2
5416 16 16 0
5415 8 6 0
2
42 95 
2
5417 16 16 0
5416 6 12 0
2
42 96 
2
5418 16 16 0
5417 16 4 0
2
42 97 
2
5419 16 16 0
5418 12 14 0
2
42 98 
2
5420 16 16 0
5419 22 16 0
2
42 99 
2
5421 16 16 0
5420 18 24 0
2
42 100 
2
5422 16 16 0
5421 12 10 0
2
42 101 
2
5423 16 16 0
5422 18 18 0
2
20 40 
2
5401 14 16 0
5402 10 16 0
2
21 41 
2
5106 20 14 0
5107 20 12 0
2
18 38 
2
5352 4 18 0
5353 4 16 0
2
19 39 
2
5096 20 8 0
5097 22 8 0
2
36 38 
2
5353 4 22 0
5354 4 16 0
2
37 39 
2
5097 24 4 0
5098 22 8 0
2
246 40 
2
5402 34 30 0
5403 10 16 0
2
38 40 
2
5403 4 16 0
5404 10 16 0
2
244 40 
2
5404 34 34 0
5405 10 16 0
2
18 40 
2
5405 4 18 0
5406 10 16 0
2
244 40 
2
5407 34 34 0
5407 10 16 0
2
38 40 
2
5407 4 16 0
5408 10 16 0
2
246 40 
2
5408 34 30 0
5409 10 16 0
2
244 41 
2
5107 34 34 0
5108 20 12 0
2
39 41 
2
5108 22 8 0
5109 20 12 0
2
244 41 
2
5110 34 34 0
5110 20 12 0
2
19 41 
2
5110 20 8 0
5111 20 12 0
2
245 41 
2
5111 34 32 0
5112 20 12 0
2
39 41 
2
5112 22 8 0
5113 20 12 0
2
245 41 
2
5114 34 32 0
5114 20 12 0
2
244 42 
2
5423 34 34 0
5424 16 16 0
2
40 42 
2
5424 10 16 0
5425 16 16 0
2
244 42 
2
5426 34 34 0
5426 16 16 0
2
20 42 
2
5426 14 16 0
5427 16 16 0
2
247 42 
2
5427 34 28 0
5428 16 16 0
2
40 42 
2
5428 10 16 0
5429 16 16 0
2
244 42 
2
5429 34 34 0
5430 16 16 0
2
245 43 
2
5108 34 32 0
5109 18 14 0
2
41 43 
2
5115 20 12 0
5114 18 14 0
2
246 43 
2
5114 34 30 0
5115 18 14 0
2
21 43 
2
5115 20 14 0
5116 18 14 0
2
245 43 
2
5117 34 32 0
5117 18 14 0
2
41 43 
2
5117 20 12 0
5118 18 14 0
2
244 43 
2
5119 34 34 0
5119 18 14 0
2
42 100 
2
5431 16 16 0
5430 12 10 0
2
43 204 
2
5120 18 14 0
5119 20 20 0
2
42 101 
2
5432 16 16 0
5431 18 18 0
2
43 205 
2
5121 18 14 0
5120 18 10 0
2
42 102 
2
5433 16 16 0
5432 14 8 0
2
40 42 
2
5433 10 16 0
5434 16 16 0
2
41 43 
2
5121 20 12 0
5122 18 14 0
2
42 100 
2
5435 16 16 0
5434 12 10 0
2
43 207 
2
5123 18 14 0
5122 4 10 0
2
42 101 
2
5436 16 16 0
5435 18 18 0
2
42 102 
2
5437 16 16 0
5436 14 8 0
2
20 40 
2
5433 14 16 0
5434 10 16 0
2
21 41 
2
5121 20 14 0
5122 20 12 0
2
38 40 
2
5434 4 16 0
5435 10 16 0
2
39 41 
2
5122 22 8 0
5123 20 12 0
2
244 42 
2
5438 34 34 0
5438 16 16 0
2
40 42 
2
5438 10 16 0
5439 16 16 0
2
245 42 
2
5440 34 32 0
5440 16 16 0
2
20 42 
2
5440 14 16 0
5441 16 16 0
2
244 42 
2
5441 34 34 0
5442 16 16 0
2
40 42 
2
5442 10 16 0
5443 16 16 0
2
244 42 
2
5444 34 34 0
5444 16 16 0
2
244 43 
2
5123 34 34 0
5124 18 14 0
2
41 43 
2
5124 20 12 0
5125 18 14 0
2
244 43 
2
5126 34 34 0
5126 18 14 0
2
21 43 
2
5126 20 14 0
5127 18 14 0
2
246 43 
2
5127 34 30 0
5128 18 14 0
2
41 43 
2
5128 20 12 0
5129 18 14 0
2
244 43 
2
5129 34 34 0
5130 18 14 0
2
42 101 
2
5445 16 16 0
5444 18 18 0
2
43 206 
2
5131 18 14 0
5130 26 24 0
2
42 102 
2
5446 16 16 0
5445 14 8 0
2
42 103 
2
5447 16 16 0
5446 14 6 0
2
40 42 
2
5447 10 16 0
5448 16 16 0
2
41 43 
2
5131 20 12 0
5132 18 14 0
2
42 101 
2
5449 16 16 0
5448 18 18 0
2
43 206 
2
5133 18 14 0
5132 26 24 0
2
42 102 
2
5450 16 16 0
5449 14 8 0
2
43 207 
2
5134 18 14 0
5133 4 10 0
2
42 103 
2
5451 16 16 0
5450 14 6 0
2
20 40 
2
5447 14 16 0
5448 10 16 0
2
21 41 
2
5131 20 14 0
5132 20 12 0
2
18 38 
2
5434 4 18 0
5435 4 16 0
2
19 39 
2
5122 20 8 0
5123 22 8 0
2
16 36 
2
5353 4 24 0
5354 4 22 0
2
17 37 
2
5097 26 4 0
5098 24 4 0
2
14 34 
2
5224 4 26 0
5225 2 24 0
2
15 35 
2
5049 26 2 0
5050 28 2 0
2
12 32 
2
4965 2 26 0
4966 2 28 0
2
13 33 
2
4921 30 2 0
4922 32 2 0
2
10 30 
2
4498 6 28 0
4499 4 28 0
2
11 31 
2
4517 32 4 0
4518 32 6 0
2
28 30 
2
4499 4 30 0
4500 4 28 0
2
29 31 
2
4518 32 26 0
4519 32 6 0
2
245 32 
2
4966 34 32 0
4967 2 28 0
2
30 32 
2
4967 4 28 0
4968 2 28 0
2
244 32 
2
4969 34 34 0
4969 2 28 0
2
10 32 
2
4969 6 28 0
4970 2 28 0
2
246 32 
2
4970 34 30 0
4971 2 28 0
2
30 32 
2
4971 4 28 0
4972 2 28 0
2
245 32 
2
4972 34 32 0
4973 2 28 0
2
248 33 
2
4922 34 26 0
4923 32 2 0
2
31 33 
2
4923 32 6 0
4924 32 2 0
2
247 33 
2
4924 34 28 0
4925 32 2 0
2
11 33 
2
4925 32 4 0
4926 32 2 0
2
246 33 
2
4926 34 30 0
4927 32 2 0
2
31 33 
2
4927 32 6 0
4928 32 2 0
2
246 33 
2
4929 34 30 0
4929 32 2 0
2
246 34 
2
5225 34 30 0
5226 2 24 0
2
32 34 
2
5226 2 28 0
5227 2 24 0
2
244 34 
2
5228 34 34 0
5228 2 24 0
2
12 34 
2
5228 2 26 0
5229 2 24 0
2
247 34 
2
5229 34 28 0
5230 2 24 0
2
32 34 
2
5230 2 28 0
5231 2 24 0
2
244 34 
2
5231 34 34 0
5232 2 24 0
2
246 35 
2
5051 34 30 0
5051 28 2 0
2
33 35 
2
5051 32 2 0
5052 28 2 0
2
249 35 
2
5052 34 24 0
5053 28 2 0
2
13 35 
2
5053 30 2 0
5054 28 2 0
2
247 35 
2
5055 34 28 0
5055 28 2 0
2
33 35 
2
5055 32 2 0
5056 28 2 0
2
244 35 
2
5056 34 34 0
5057 28 2 0
2
245 36 
2
5354 34 32 0
5355 4 22 0
2
34 36 
2
5355 2 24 0
5356 4 22 0
2
244 36 
2
5357 34 34 0
5357 4 22 0
2
14 36 
2
5357 4 26 0
5358 4 22 0
2
247 36 
2
5358 34 28 0
5359 4 22 0
2
34 36 
2
5359 2 24 0
5360 4 22 0
2
246 36 
2
5361 34 30 0
5361 4 22 0
2
247 37 
2
5098 34 28 0
5099 24 4 0
2
35 37 
2
5099 28 2 0
5100 24 4 0
2
246 37 
2
5101 34 30 0
5101 24 4 0
2
15 37 
2
5101 26 2 0
5102 24 4 0
2
247 37 
2
5102 34 28 0
5103 24 4 0
2
35 37 
2
5103 28 2 0
5104 24 4 0
2
246 37 
2
5104 34 30 0
5105 24 4 0
2
246 38 
2
5435 34 30 0
5436 4 16 0
2
36 38 
2
5436 4 22 0
5437 4 16 0
2
246 38 
2
5438 34 30 0
5438 4 16 0
2
16 38 
2
5438 4 24 0
5439 4 16 0
2
248 38 
2
5439 34 26 0
5440 4 16 0
2
36 38 
2
5440 4 22 0
5441 4 16 0
2
246 38 
2
5441 34 30 0
5442 4 16 0
2
245 39 
2
5123 34 32 0
5124 22 8 0
2
37 39 
2
5124 24 4 0
5125 22 8 0
2
245 39 
2
5126 34 32 0
5126 22 8 0
2
17 39 
2
5126 26 4 0
5127 22 8 0
2
247 39 
2
5127 34 28 0
5128 22 8 0
2
37 39 
2
5128 24 4 0
5129 22 8 0
2
245 39 
2
5129 34 32 0
5130 22 8 0
2
245 40 
2
5448 34 32 0
5449 10 16 0
2
38 40 
2
5449 4 16 0
5450 10 16 0
2
245 40 
2
5451 34 32 0
5451 10 16 0
2
18 40 
2
5451 4 18 0
5452 10 16 0
2
244 40 
2
5453 34 34 0
5453 10 16 0
2
38 40 
2
5453 4 16 0
5454 10 16 0
2
246 40 
2
5455 34 30 0
5455 10 16 0
2
244 41 
2
5132 34 34 0
5133 20 12 0
2
39 41 
2
5133 22 8 0
5134 20 12 0
2
244 41 
2
5135 34 34 0
5135 20 12 0
2
19 41 
2
5135 20 8 0
5136 20 12 0
2
245 41 
2
5137 34 32 0
5137 20 12 0
2
39 41 
2
5137 22 8 0
5138 20 12 0
2
244 41 
2
5138 34 34 0
5139 20 12 0
2
246 42 
2
5452 34 30 0
5452 16 16 0
2
40 42 
2
5456 10 16 0
5455 16 16 0
2
244 42 
2
5456 34 34 0
5456 16 16 0
2
20 42 
2
5456 14 16 0
5457 16 16 0
2
245 42 
2
5457 34 32 0
5458 16 16 0
2
40 42 
2
5458 10 16 0
5459 16 16 0
2
245 42 
2
5460 34 32 0
5460 16 16 0
2
245 43 
2
5134 34 32 0
5135 18 14 0
2
41 43 
2
5140 20 12 0
5139 18 14 0
2
245 43 
2
5140 34 32 0
5140 18 14 0
2
21 43 
2
5140 20 14 0
5141 18 14 0
2
244 43 
2
5141 34 34 0
5142 18 14 0
2
41 43 
2
5142 20 12 0
5143 18 14 0
2
244 43 
2
5144 34 34 0
5144 18 14 0
2
42 100 
2
5461 16 16 0
5460 12 10 0
2
43 209 
2
5145 18 14 0
5144 2 18 0
2
42 101 
2
5462 16 16 0
5461 18 18 0
2
42 102 
2
5463 16 16 0
5462 14 8 0
2
42 103 
2
5464 16 16 0
5463 14 6 0
2
42 104 
2
5465 16 16 0
5464 22 26 0
2
42 105 
2
5466 16 16 0
5465 20 16 0
2
42 106 
2
5467 16 16 0
5466 24 20 0
2
42 107 
2
5468 16 16 0
5467 30 16 0
2
42 108 
2
5469 16 16 0
5468 28 10 0
2
42 109 
2
5470 16 16 0
5469 26 10 0
2
42 111 
2
5471 16 16 0
5470 18 6 0
2
42 112 
2
5472 16 16 0
5471 30 14 0
2
42 113 
2
5473 16 16 0
5472 22 4 0
2
42 114 
2
5474 16 16 0
5473 30 10 0
2
42 115 
2
5475 16 16 0
5474 2 10 0
2
42 116 
2
5476 16 16 0
5475 8 8 0
2
42 117 
2
5477 16 16 0
5476 12 8 0
2
42 118 
2
5478 16 16 0
5477 12 12 0
2
42 119 
2
5479 16 16 0
5478 22 18 0
2
42 120 
2
5480 16 16 0
5479 28 20 0
2
42 121 
2
5481 16 16 0
5480 8 14 0
2
40 42 
2
5481 10 16 0
5482 16 16 0
2
41 43 
2
5145 20 12 0
5146 18 14 0
2
42 100 
2
5483 16 16 0
5482 12 10 0
2
43 208 
2
5147 18 14 0
5146 32 16 0
2
42 101 
2
5484 16 16 0
5483 18 18 0
2
42 102 
2
5485 16 16 0
5484 14 8 0
2
42 103 
2
5486 16 16 0
5485 14 6 0
2
42 104 
2
5487 16 16 0
5486 22 26 0
2
42 105 
2
5488 16 16 0
5487 20 16 0
2
42 106 
2
5489 16 16 0
5488 24 20 0
2
42 107 
2
5490 16 16 0
5489 30 16 0
2
42 108 
2
5491 16 16 0
5490 28 10 0
2
42 109 
2
5492 16 16 0
5491 26 10 0
2
42 111 
2
5493 16 16 0
5492 18 6 0
2
42 112 
2
5494 16 16 0
5493 30 14 0
2
42 113 
2
5495 16 16 0
5494 22 4 0
2
42 114 
2
5496 16 16 0
5495 30 10 0
2
42 115 
2
5497 16 16 0
5496 2 10 0
2
42 116 
2
5498 16 16 0
5497 8 8 0
2
42 117 
2
5499 16 16 0
5498 12 8 0
2
42 118 
2
5500 16 16 0
5499 12 12 0
2
42 119 
2
5501 16 16 0
5500 22 18 0
2
42 120 
2
5502 16 16 0
5501 28 20 0
2
42 121 
2
5503 16 16 0
5502 8 14 0
2
20 40 
2
5481 14 16 0
5482 10 16 0
2
21 41 
2
5145 20 14 0
5146 20 12 0
2
38 40 
2
5482 4 16 0
5483 10 16 0
2
39 41 
2
5146 22 8 0
5147 20 12 0
2
244 42 
2
5504 34 34 0
5504 16 16 0
2
40 42 
2
5504 10 16 0
5505 16 16 0
2
246 42 
2
5505 34 30 0
5506 16 16 0
2
20 42 
2
5506 14 16 0
5507 16 16 0
2
244 42 
2
5507 34 34 0
5508 16 16 0
2
40 42 
2
5508 10 16 0
5509 16 16 0
2
244 42 
2
5510 34 34 0
5510 16 16 0
2
245 43 
2
5147 34 32 0
5148 18 14 0
2
41 43 
2
5148 20 12 0
5149 18 14 0
2
244 43 
2
5150 34 34 0
5150 18 14 0
2
21 43 
2
5150 20 14 0
5151 18 14 0
2
245 43 
2
5151 34 32 0
5152 18 14 0
2
41 43 
2
5152 20 12 0
5153 18 14 0
2
244 43 
2
5153 34 34 0
5154 18 14 0
2
42 101 
2
5511 16 16 0
5510 18 18 0
2
43 208 
2
5155 18 14 0
5154 32 16 0
2
42 102 
2
5512 16 16 0
5511 14 8 0
2
43 209 
2
5156 18 14 0
5155 2 18 0
2
42 103 
2
5513 16 16 0
5512 14 6 0
2
42 104 
2
5514 16 16 0
5513 22 26 0
2
42 105 
2
5515 16 16 0
5514 20 16 0
2
42 106 
2
5516 16 16 0
5515 24 20 0
2
42 107 
2
5517 16 16 0
5516 30 16 0
2
42 108 
2
5518 16 16 0
5517 28 10 0
2
42 109 
2
5519 16 16 0
5518 26 10 0
2
42 111 
2
5520 16 16 0
5519 18 6 0
2
42 112 
2
5521 16 16 0
5520 30 14 0
2
42 113 
2
5522 16 16 0
5521 22 4 0
2
42 114 
2
5523 16 16 0
5522 30 10 0
2
42 115 
2
5524 16 16 0
5523 2 10 0
2
42 116 
2
5525 16 16 0
5524 8 8 0
2
42 117 
2
5526 16 16 0
5525 12 8 0
2
42 118 
2
5527 16 16 0
5526 12 12 0
2
42 119 
2
5528 16 16 0
5527 22 18 0
2
42 120 
2
5529 16 16 0
5528 28 20 0
2
42 121 
2
5530 16 16 0
5529 8 14 0
2
42 122 
2
5531 16 16 0
5530 12 6 0
2
40 42 
2
5531 10 16 0
5532 16 16 0
2
41 43 
2
5156 20 12 0
5157 18 14 0
2
42 101 
2
5533 16 16 0
5532 18 18 0
2
43 211 
2
5158 18 14 0
5157 6 18 0
2
42 102 
2
5534 16 16 0
5533 14 8 0
2
42 103 
2
5535 16 16 0
5534 14 6 0
2
42 104 
2
5536 16 16 0
5535 22 26 0
2
42 105 
2
5537 16 16 0
5536 20 16 0
2
42 106 
2
5538 16 16 0
5537 24 20 0
2
42 107 
2
5539 16 16 0
5538 30 16 0
2
42 108 
2
5540 16 16 0
5539 28 10 0
2
42 109 
2
5541 16 16 0
5540 26 10 0
2
42 111 
2
5542 16 16 0
5541 18 6 0
2
42 112 
2
5543 16 16 0
5542 30 14 0
2
42 113 
2
5544 16 16 0
5543 22 4 0
2
42 114 
2
5545 16 16 0
5544 30 10 0
2
42 115 
2
5546 16 16 0
5545 2 10 0
2
42 116 
2
5547 16 16 0
5546 8 8 0
2
42 117 
2
5548 16 16 0
5547 12 8 0
2
42 118 
2
5549 16 16 0
5548 12 12 0
2
42 119 
2
5550 16 16 0
5549 22 18 0
2
42 120 
2
5551 16 16 0
5550 28 20 0
2
42 121 
2
5552 16 16 0
5551 8 14 0
2
42 122 
2
5553 16 16 0
5552 12 6 0
2
20 40 
2
5531 14 16 0
5532 10 16 0
2
21 41 
2
5156 20 14 0
5157 20 12 0
2
18 38 
2
5482 4 18 0
5483 4 16 0
2
19 39 
2
5146 20 8 0
5147 22 8 0
2
36 38 
2
5483 4 22 0
5484 4 16 0
2
37 39 
2
5147 24 4 0
5148 22 8 0
2
244 40 
2
5532 34 34 0
5533 10 16 0
2
38 40 
2
5533 4 16 0
5534 10 16 0
2
244 40 
2
5535 34 34 0
5535 10 16 0
2
18 40 
2
5535 4 18 0
5536 10 16 0
2
245 40 
2
5536 34 32 0
5537 10 16 0
2
38 40 
2
5537 4 16 0
5538 10 16 0
2
244 40 
2
5538 34 34 0
5539 10 16 0
2
245 41 
2
5157 34 32 0
5158 20 12 0
2
39 41 
2
5158 22 8 0
5159 20 12 0
2
245 41 
2
5160 34 32 0
5160 20 12 0
2
19 41 
2
5160 20 8 0
5161 20 12 0
2
244 41 
2
5162 34 34 0
5162 20 12 0
2
39 41 
2
5162 22 8 0
5163 20 12 0
2
246 41 
2
5163 34 30 0
5164 20 12 0
2
244 42 
2
5553 34 34 0
5554 16 16 0
2
40 42 
2
5554 10 16 0
5555 16 16 0
2
244 42 
2
5556 34 34 0
5556 16 16 0
2
20 42 
2
5556 14 16 0
5557 16 16 0
2
245 42 
2
5557 34 32 0
5558 16 16 0
2
40 42 
2
5558 10 16 0
5559 16 16 0
2
244 42 
2
5559 34 34 0
5560 16 16 0
2
244 43 
2
5159 34 34 0
5159 18 14 0
2
41 43 
2
5165 20 12 0
5164 18 14 0
2
244 43 
2
5165 34 34 0
5165 18 14 0
2
21 43 
2
5165 20 14 0
5166 18 14 0
2
246 43 
2
5166 34 30 0
5167 18 14 0
2
41 43 
2
5167 20 12 0
5168 18 14 0
2
245 43 
2
5169 34 32 0
5169 18 14 0
2
42 121 
2
5561 16 16 0
5560 8 14 0
2
43 210 
2
5170 18 14 0
5169 8 24 0
2
42 122 
2
5562 16 16 0
5561 12 6 0
2
42 123 
2
5563 16 16 0
5562 22 20 0
2
40 42 
2
5563 10 16 0
5564 16 16 0
2
41 43 
2
5170 20 12 0
5171 18 14 0
2
42 121 
2
5565 16 16 0
5564 8 14 0
2
43 210 
2
5172 18 14 0
5171 8 24 0
2
42 122 
2
5566 16 16 0
5565 12 6 0
2
43 211 
2
5173 18 14 0
5172 6 18 0
2
42 123 
2
5567 16 16 0
5566 22 20 0
2
20 40 
2
5563 14 16 0
5564 10 16 0
2
21 41 
2
5170 20 14 0
5171 20 12 0
2
38 40 
2
5564 4 16 0
5565 10 16 0
2
39 41 
2
5171 22 8 0
5172 20 12 0
2
244 42 
2
5568 34 34 0
5568 16 16 0
2
40 42 
2
5568 10 16 0
5569 16 16 0
2
245 42 
2
5570 34 32 0
5570 16 16 0
2
20 42 
2
5570 14 16 0
5571 16 16 0
2
244 42 
2
5571 34 34 0
5572 16 16 0
2
40 42 
2
5572 10 16 0
5573 16 16 0
2
244 42 
2
5574 34 34 0
5574 16 16 0
2
245 43 
2
5173 34 32 0
5174 18 14 0
2
41 43 
2
5174 20 12 0
5175 18 14 0
2
246 43 
2
5175 34 30 0
5176 18 14 0
2
21 43 
2
5176 20 14 0
5177 18 14 0
2
248 43 
2
5177 34 26 0
5178 18 14 0
2
41 43 
2
5178 20 12 0
5179 18 14 0
2
249 43 
2
5179 34 24 0
5180 18 14 0
2
42 122 
2
5575 16 16 0
5574 12 6 0
2
43 213 
2
5181 18 14 0
5180 16 32 0
2
42 123 
2
5576 16 16 0
5575 22 20 0
2
42 124 
2
5577 16 16 0
5576 20 26 0
2
40 42 
2
5577 10 16 0
5578 16 16 0
2
41 43 
2
5181 20 12 0
5182 18 14 0
2
42 122 
2
5579 16 16 0
5578 12 6 0
2
43 212 
2
5183 18 14 0
5182 16 24 0
2
42 123 
2
5580 16 16 0
5579 22 20 0
2
42 124 
2
5581 16 16 0
5580 20 26 0
2
20 40 
2
5577 14 16 0
5578 10 16 0
2
21 41 
2
5181 20 14 0
5182 20 12 0
2
18 38 
2
5564 4 18 0
5565 4 16 0
2
19 39 
2
5171 20 8 0
5172 22 8 0
2
16 36 
2
5483 4 24 0
5484 4 22 0
2
17 37 
2
5147 26 4 0
5148 24 4 0
2
34 36 
2
5484 2 24 0
5485 4 22 0
2
35 37 
2
5148 28 2 0
5149 24 4 0
2
244 38 
2
5565 34 34 0
5566 4 16 0
2
36 38 
2
5566 4 22 0
5567 4 16 0
2
245 38 
2
5567 34 32 0
5568 4 16 0
2
16 38 
2
5568 4 24 0
5569 4 16 0
2
246 38 
2
5569 34 30 0
5570 4 16 0
2
36 38 
2
5570 4 22 0
5571 4 16 0
2
246 38 
2
5572 34 30 0
5572 4 16 0
2
244 39 
2
5172 34 34 0
5173 22 8 0
2
37 39 
2
5173 24 4 0
5174 22 8 0
2
244 39 
2
5175 34 34 0
5175 22 8 0
2
17 39 
2
5175 26 4 0
5176 22 8 0
2
247 39 
2
5176 34 28 0
5177 22 8 0
2
37 39 
2
5177 24 4 0
5178 22 8 0
2
245 39 
2
5179 34 32 0
5179 22 8 0
2
244 40 
2
5578 34 34 0
5579 10 16 0
2
38 40 
2
5579 4 16 0
5580 10 16 0
2
244 40 
2
5581 34 34 0
5581 10 16 0
2
18 40 
2
5581 4 18 0
5582 10 16 0
2
246 40 
2
5582 34 30 0
5583 10 16 0
2
38 40 
2
5583 4 16 0
5584 10 16 0
2
244 40 
2
5584 34 34 0
5585 10 16 0
2
246 41 
2
5182 34 30 0
5183 20 12 0
2
39 41 
2
5183 22 8 0
5184 20 12 0
2
245 41 
2
5185 34 32 0
5185 20 12 0
2
19 41 
2
5185 20 8 0
5186 20 12 0
2
244 41 
2
5187 34 34 0
5187 20 12 0
2
39 41 
2
5187 22 8 0
5188 20 12 0
2
246 41 
2
5188 34 30 0
5189 20 12 0
2
245 42 
2
5581 34 32 0
5582 16 16 0
2
40 42 
2
5586 10 16 0
5585 16 16 0
2
245 42 
2
5585 34 32 0
5586 16 16 0
2
20 42 
2
5586 14 16 0
5587 16 16 0
2
244 42 
2
5587 34 34 0
5588 16 16 0
2
40 42 
2
5588 10 16 0
5589 16 16 0
2
244 42 
2
5590 34 34 0
5590 16 16 0
2
247 43 
2
5183 34 28 0
5184 18 14 0
2
41 43 
2
5190 20 12 0
5189 18 14 0
2
244 43 
2
5190 34 34 0
5190 18 14 0
2
21 43 
2
5190 20 14 0
5191 18 14 0
2
247 43 
2
5191 34 28 0
5192 18 14 0
2
41 43 
2
5192 20 12 0
5193 18 14 0
2
245 43 
2
5194 34 32 0
5194 18 14 0
2
42 121 
2
5591 16 16 0
5590 8 14 0
2
43 212 
2
5195 18 14 0
5194 16 24 0
2
42 122 
2
5592 16 16 0
5591 12 6 0
2
43 213 
2
5196 18 14 0
5195 16 32 0
2
42 123 
2
5593 16 16 0
5592 22 20 0
2
42 124 
2
5594 16 16 0
5593 20 26 0
2
42 125 
2
5595 16 16 0
5594 12 16 0
2
42 126 
2
5596 16 16 0
5595 16 10 0
2
42 128 
2
5597 16 16 0
5596 16 14 0
2
42 129 
2
5598 16 16 0
5597 28 12 0
2
42 130 
2
5599 16 16 0
5598 22 6 0
2
42 131 
2
5600 16 16 0
5599 28 14 0
2
42 149 
2
5601 16 16 0
5600 20 6 0
2
42 150 
2
5602 16 16 0
5601 24 8 0
2
42 151 
2
5603 16 16 0
5602 22 2 0
2
42 152 
2
5604 16 16 0
5603 22 30 0
2
42 153 
2
5605 16 16 0
5604 24 26 0
2
42 154 
2
5606 16 16 0
5605 28 18 0
2
42 155 
2
5607 16 16 0
5606 22 22 0
2
42 156 
2
5608 16 16 0
5607 26 18 0
2
42 157 
2
5609 16 16 0
5608 24 16 0
2
42 158 
2
5610 16 16 0
5609 4 14 0
2
42 159 
2
5611 16 16 0
5610 14 4 0
2
40 42 
2
5611 10 16 0
5612 16 16 0
2
41 43 
2
5196 20 12 0
5197 18 14 0
2
42 121 
2
5613 16 16 0
5612 8 14 0
2
43 215 
2
5198 18 14 0
5197 18 16 0
2
42 122 
2
5614 16 16 0
5613 12 6 0
2
42 123 
2
5615 16 16 0
5614 22 20 0
2
42 124 
2
5616 16 16 0
5615 20 26 0
2
42 125 
2
5617 16 16 0
5616 12 16 0
2
42 126 
2
5618 16 16 0
5617 16 10 0
2
42 128 
2
5619 16 16 0
5618 16 14 0
2
42 129 
2
5620 16 16 0
5619 28 12 0
2
42 130 
2
5621 16 16 0
5620 22 6 0
2
42 131 
2
5622 16 16 0
5621 28 14 0
2
42 149 
2
5623 16 16 0
5622 20 6 0
2
42 150 
2
5624 16 16 0
5623 24 8 0
2
42 151 
2
5625 16 16 0
5624 22 2 0
2
42 152 
2
5626 16 16 0
5625 22 30 0
2
42 153 
2
5627 16 16 0
5626 24 26 0
2
42 154 
2
5628 16 16 0
5627 28 18 0
2
42 155 
2
5629 16 16 0
5628 22 22 0
2
42 156 
2
5630 16 16 0
5629 26 18 0
2
42 157 
2
5631 16 16 0
5630 24 16 0
2
42 158 
2
5632 16 16 0
5631 4 14 0
2
42 159 
2
5633 16 16 0
5632 14 4 0
2
20 40 
2
5611 14 16 0
5612 10 16 0
2
21 41 
2
5196 20 14 0
5197 20 12 0
2
38 40 
2
5612 4 16 0
5613 10 16 0
2
39 41 
2
5197 22 8 0
5198 20 12 0
2
244 42 
2
5633 34 34 0
5634 16 16 0
2
40 42 
2
5634 10 16 0
5635 16 16 0
2
244 42 
2
5636 34 34 0
5636 16 16 0
2
20 42 
2
5636 14 16 0
5637 16 16 0
2
245 42 
2
5637 34 32 0
5638 16 16 0
2
40 42 
2
5638 10 16 0
5639 16 16 0
2
244 42 
2
5639 34 34 0
5640 16 16 0
2
244 43 
2
5199 34 34 0
5199 18 14 0
2
41 43 
2
5199 20 12 0
5200 18 14 0
2
247 43 
2
5200 34 28 0
5201 18 14 0
2
21 43 
2
5201 20 14 0
5202 18 14 0
2
245 43 
2
5203 34 32 0
5203 18 14 0
2
41 43 
2
5203 20 12 0
5204 18 14 0
2
244 43 
2
5205 34 34 0
5205 18 14 0
2
42 122 
2
5641 16 16 0
5640 12 6 0
2
43 214 
2
5206 18 14 0
5205 12 20 0
2
42 123 
2
5642 16 16 0
5641 22 20 0
2
42 124 
2
5643 16 16 0
5642 20 26 0
2
42 125 
2
5644 16 16 0
5643 12 16 0
2
42 126 
2
5645 16 16 0
5644 16 10 0
2
42 128 
2
5646 16 16 0
5645 16 14 0
2
42 129 
2
5647 16 16 0
5646 28 12 0
2
42 130 
2
5648 16 16 0
5647 22 6 0
2
42 131 
2
5649 16 16 0
5648 28 14 0
2
42 149 
2
5650 16 16 0
5649 20 6 0
2
42 150 
2
5651 16 16 0
5650 24 8 0
2
42 151 
2
5652 16 16 0
5651 22 2 0
2
42 152 
2
5653 16 16 0
5652 22 30 0
2
42 153 
2
5654 16 16 0
5653 24 26 0
2
42 154 
2
5655 16 16 0
5654 28 18 0
2
42 155 
2
5656 16 16 0
5655 22 22 0
2
42 156 
2
5657 16 16 0
5656 26 18 0
2
42 157 
2
5658 16 16 0
5657 24 16 0
2
42 158 
2
5659 16 16 0
5658 4 14 0
2
42 159 
2
5660 16 16 0
5659 14 4 0
2
42 160 
2
5661 16 16 0
5660 10 14 0
2
40 42 
2
5661 10 16 0
5662 16 16 0
2
41 43 
2
5206 20 12 0
5207 18 14 0
2
42 122 
2
5663 16 16 0
5662 12 6 0
2
43 214 
2
5208 18 14 0
5207 12 20 0
2
42 123 
2
5664 16 16 0
5663 22 20 0
2
43 215 
2
5209 18 14 0
5208 18 16 0
2
42 124 
2
5665 16 16 0
5664 20 26 0
2
42 125 
2
5666 16 16 0
5665 12 16 0
2
42 126 
2
5667 16 16 0
5666 16 10 0
2
42 128 
2
5668 16 16 0
5667 16 14 0
2
42 129 
2
5669 16 16 0
5668 28 12 0
2
42 130 
2
5670 16 16 0
5669 22 6 0
2
42 131 
2
5671 16 16 0
5670 28 14 0
2
42 149 
2
5672 16 16 0
5671 20 6 0
2
42 150 
2
5673 16 16 0
5672 24 8 0
2
42 151 
2
5674 16 16 0
5673 22 2 0
2
42 152 
2
5675 16 16 0
5674 22 30 0
2
42 153 
2
5676 16 16 0
5675 24 26 0
2
42 154 
2
5677 16 16 0
5676 28 18 0
2
42 155 
2
5678 16 16 0
5677 22 22 0
2
42 156 
2
5679 16 16 0
5678 26 18 0
2
42 157 
2
5680 16 16 0
5679 24 16 0
2
42 158 
2
5681 16 16 0
5680 4 14 0
2
42 159 
2
5682 16 16 0
5681 14 4 0
2
42 160 
2
5683 16 16 0
5682 10 14 0
2
20 40 
2
5661 14 16 0
5662 10 16 0
2
21 41 
2
5206 20 14 0
5207 20 12 0
2
18 38 
2
5612 4 18 0
5613 4 16 0
2
19 39 
2
5197 20 8 0
5198 22 8 0
2
36 38 
2
5613 4 22 0
5614 4 16 0
2
37 39 
2
5198 24 4 0
5199 22 8 0
2
244 40 
2
5662 34 34 0
5663 10 16 0
2
38 40 
2
5663 4 16 0
5664 10 16 0
2
244 40 
2
5665 34 34 0
5665 10 16 0
2
18 40 
2
5665 4 18 0
5666 10 16 0
2
245 40 
2
5666 34 32 0
5667 10 16 0
2
38 40 
2
5667 4 16 0
5668 10 16 0
2
244 40 
2
5668 34 34 0
5669 10 16 0
2
244 41 
2
5208 34 34 0
5208 20 12 0
2
39 41 
2
5208 22 8 0
5209 20 12 0
2
245 41 
2
5209 34 32 0
5210 20 12 0
2
19 41 
2
5210 20 8 0
5211 20 12 0
2
244 41 
2
5211 34 34 0
5212 20 12 0
2
39 41 
2
5212 22 8 0
5213 20 12 0
2
244 41 
2
5214 34 34 0
5214 20 12 0
2
244 42 
2
5683 34 34 0
5684 16 16 0
2
40 42 
2
5684 10 16 0
5685 16 16 0
2
244 42 
2
5686 34 34 0
5686 16 16 0
2
20 42 
2
5686 14 16 0
5687 16 16 0
2
245 42 
2
5687 34 32 0
5688 16 16 0
2
40 42 
2
5688 10 16 0
5689 16 16 0
2
244 42 
2
5689 34 34 0
5690 16 16 0
2
246 43 
2
5209 34 30 0
5210 18 14 0
2
41 43 
2
5215 20 12 0
5214 18 14 0
2
245 43 
2
5214 34 32 0
5215 18 14 0
2
21 43 
2
5215 20 14 0
5216 18 14 0
2
244 43 
2
5217 34 34 0
5217 18 14 0
2
41 43 
2
5217 20 12 0
5218 18 14 0
2
245 43 
2
5218 34 32 0
5219 18 14 0
2
42 159 
2
5691 16 16 0
5690 14 4 0
2
43 217 
2
5220 18 14 0
5219 14 26 0
2
42 160 
2
5692 16 16 0
5691 10 14 0
2
42 161 
2
5693 16 16 0
5692 14 2 0
2
40 42 
2
5693 10 16 0
5694 16 16 0
2
41 43 
2
5220 20 12 0
5221 18 14 0
2
42 159 
2
5695 16 16 0
5694 14 4 0
2
43 216 
2
5222 18 14 0
5221 8 20 0
2
42 160 
2
5696 16 16 0
5695 10 14 0
2
42 161 
2
5697 16 16 0
5696 14 2 0
2
20 40 
2
5693 14 16 0
5694 10 16 0
2
21 41 
2
5220 20 14 0
5221 20 12 0
2
38 40 
2
5694 4 16 0
5695 10 16 0
2
39 41 
2
5221 22 8 0
5222 20 12 0
2
244 42 
2
5698 34 34 0
5698 16 16 0
2
40 42 
2
5698 10 16 0
5699 16 16 0
2
245 42 
2
5700 34 32 0
5700 16 16 0
2
20 42 
2
5700 14 16 0
5701 16 16 0
2
244 42 
2
5701 34 34 0
5702 16 16 0
2
40 42 
2
5702 10 16 0
5703 16 16 0
2
244 42 
2
5704 34 34 0
5704 16 16 0
2
244 43 
2
5222 34 34 0
5223 18 14 0
2
41 43 
2
5223 20 12 0
5224 18 14 0
2
244 43 
2
5225 34 34 0
5225 18 14 0
2
21 43 
2
5225 20 14 0
5226 18 14 0
2
247 43 
2
5226 34 28 0
5227 18 14 0
2
41 43 
2
5227 20 12 0
5228 18 14 0
2
245 43 
2
5228 34 32 0
5229 18 14 0
2
42 160 
2
5705 16 16 0
5704 10 14 0
2
43 216 
2
5230 18 14 0
5229 8 20 0
2
42 161 
2
5706 16 16 0
5705 14 2 0
2
43 217 
2
5231 18 14 0
5230 14 26 0
2
42 162 
2
5707 16 16 0
5706 30 18 0
2
40 42 
2
5707 10 16 0
5708 16 16 0
2
41 43 
2
5231 20 12 0
5232 18 14 0
2
42 160 
2
5709 16 16 0
5708 10 14 0
2
43 219 
2
5233 18 14 0
5232 24 24 0
2
42 161 
2
5710 16 16 0
5709 14 2 0
2
42 162 
2
5711 16 16 0
5710 30 18 0
2
20 40 
2
5707 14 16 0
5708 10 16 0
2
21 41 
2
5231 20 14 0
5232 20 12 0
2
18 38 
2
5694 4 18 0
5695 4 16 0
2
19 39 
2
5221 20 8 0
5222 22 8 0
2
16 36 
2
5613 4 24 0
5614 4 22 0
2
17 37 
2
5198 26 4 0
5199 24 4 0
2
14 34 
2
5484 4 26 0
5485 2 24 0
2
15 35 
2
5148 26 2 0
5149 28 2 0
2
32 34 
2
5485 2 28 0
5486 2 24 0
2
33 35 
2
5149 32 2 0
5150 28 2 0
2
244 36 
2
5614 34 34 0
5615 4 22 0
2
34 36 
2
5615 2 24 0
5616 4 22 0
2
244 36 
2
5617 34 34 0
5617 4 22 0
2
14 36 
2
5617 4 26 0
5618 4 22 0
2
245 36 
2
5618 34 32 0
5619 4 22 0
2
34 36 
2
5619 2 24 0
5620 4 22 0
2
244 36 
2
5620 34 34 0
5621 4 22 0
2
246 37 
2
5199 34 30 0
5200 24 4 0
2
35 37 
2
5200 28 2 0
5201 24 4 0
2
244 37 
2
5202 34 34 0
5202 24 4 0
2
15 37 
2
5202 26 2 0
5203 24 4 0
2
246 37 
2
5203 34 30 0
5204 24 4 0
2
35 37 
2
5204 28 2 0
5205 24 4 0
2
245 37 
2
5206 34 32 0
5206 24 4 0
2
244 38 
2
5695 34 34 0
5696 4 16 0
2
36 38 
2
5696 4 22 0
5697 4 16 0
2
245 38 
2
5697 34 32 0
5698 4 16 0
2
16 38 
2
5698 4 24 0
5699 4 16 0
2
246 38 
2
5699 34 30 0
5700 4 16 0
2
36 38 
2
5700 4 22 0
5701 4 16 0
2
246 38 
2
5702 34 30 0
5702 4 16 0
2
245 39 
2
5222 34 32 0
5223 22 8 0
2
37 39 
2
5223 24 4 0
5224 22 8 0
2
245 39 
2
5225 34 32 0
5225 22 8 0
2
17 39 
2
5225 26 4 0
5226 22 8 0
2
248 39 
2
5226 34 26 0
5227 22 8 0
2
37 39 
2
5227 24 4 0
5228 22 8 0
2
246 39 
2
5228 34 30 0
5229 22 8 0
2
244 40 
2
5708 34 34 0
5709 10 16 0
2
38 40 
2
5709 4 16 0
5710 10 16 0
2
244 40 
2
5711 34 34 0
5711 10 16 0
2
18 40 
2
5711 4 18 0
5712 10 16 0
2
246 40 
2
5712 34 30 0
5713 10 16 0
2
38 40 
2
5713 4 16 0
5714 10 16 0
2
244 40 
2
5714 34 34 0
5715 10 16 0
2
245 41 
2
5232 34 32 0
5233 20 12 0
2
39 41 
2
5233 22 8 0
5234 20 12 0
2
245 41 
2
5235 34 32 0
5235 20 12 0
2
19 41 
2
5235 20 8 0
5236 20 12 0
2
244 41 
2
5237 34 34 0
5237 20 12 0
2
39 41 
2
5237 22 8 0
5238 20 12 0
2
245 41 
2
5238 34 32 0
5239 20 12 0
2
245 42 
2
5711 34 32 0
5712 16 16 0
2
40 42 
2
5716 10 16 0
5715 16 16 0
2
245 42 
2
5715 34 32 0
5716 16 16 0
2
20 42 
2
5716 14 16 0
5717 16 16 0
2
244 42 
2
5717 34 34 0
5718 16 16 0
2
40 42 
2
5718 10 16 0
5719 16 16 0
2
244 42 
2
5720 34 34 0
5720 16 16 0
2
244 43 
2
5234 34 34 0
5234 18 14 0
2
41 43 
2
5240 20 12 0
5239 18 14 0
2
244 43 
2
5240 34 34 0
5240 18 14 0
2
21 43 
2
5240 20 14 0
5241 18 14 0
2
245 43 
2
5241 34 32 0
5242 18 14 0
2
41 43 
2
5242 20 12 0
5243 18 14 0
2
245 43 
2
5244 34 32 0
5244 18 14 0
2
42 159 
2
5721 16 16 0
5720 14 4 0
2
43 218 
2
5245 18 14 0
5244 10 24 0
2
42 160 
2
5722 16 16 0
5721 10 14 0
2
42 161 
2
5723 16 16 0
5722 14 2 0
2
42 162 
2
5724 16 16 0
5723 30 18 0
2
42 163 
2
5725 16 16 0
5724 24 22 0
2
42 164 
2
5726 16 16 0
5725 26 20 0
2
42 166 
2
5727 16 16 0
5726 20 22 0
2
42 167 
2
5728 16 16 0
5727 22 12 0
2
42 168 
2
5729 16 16 0
5728 24 10 0
2
42 169 
2
5730 16 16 0
5729 18 2 0
2
42 170 
2
5731 16 16 0
5730 26 14 0
2
42 171 
2
5732 16 16 0
5731 20 4 0
2
42 172 
2
5733 16 16 0
5732 26 8 0
2
42 173 
2
5734 16 16 0
5733 26 6 0
2
42 174 
2
5735 16 16 0
5734 20 32 0
2
42 175 
2
5736 16 16 0
5735 6 8 0
2
42 176 
2
5737 16 16 0
5736 20 30 0
2
42 177 
2
5738 16 16 0
5737 8 4 0
2
42 178 
2
5739 16 16 0
5738 10 2 0
2
42 179 
2
5740 16 16 0
5739 30 22 0
2
42 180 
2
5741 16 16 0
5740 26 26 0
2
40 42 
2
5741 10 16 0
5742 16 16 0
2
41 43 
2
5245 20 12 0
5246 18 14 0
2
42 159 
2
5743 16 16 0
5742 14 4 0
2
43 218 
2
5247 18 14 0
5246 10 24 0
2
42 160 
2
5744 16 16 0
5743 10 14 0
2
43 219 
2
5248 18 14 0
5247 24 24 0
2
42 161 
2
5745 16 16 0
5744 14 2 0
2
42 162 
2
5746 16 16 0
5745 30 18 0
2
42 163 
2
5747 16 16 0
5746 24 22 0
2
42 164 
2
5748 16 16 0
5747 26 20 0
2
42 166 
2
5749 16 16 0
5748 20 22 0
2
42 167 
2
5750 16 16 0
5749 22 12 0
2
42 168 
2
5751 16 16 0
5750 24 10 0
2
42 169 
2
5752 16 16 0
5751 18 2 0
2
42 170 
2
5753 16 16 0
5752 26 14 0
2
42 171 
2
5754 16 16 0
5753 20 4 0
2
42 172 
2
5755 16 16 0
5754 26 8 0
2
42 173 
2
5756 16 16 0
5755 26 6 0
2
42 174 
2
5757 16 16 0
5756 20 32 0
2
42 175 
2
5758 16 16 0
5757 6 8 0
2
42 176 
2
5759 16 16 0
5758 20 30 0
2
42 177 
2
5760 16 16 0
5759 8 4 0
2
42 178 
2
5761 16 16 0
5760 10 2 0
2
42 179 
2
5762 16 16 0
5761 30 22 0
2
42 180 
2
5763 16 16 0
5762 26 26 0
2
20 40 
2
5741 14 16 0
5742 10 16 0
2
21 41 
2
5245 20 14 0
5246 20 12 0
2
38 40 
2
5742 4 16 0
5743 10 16 0
2
39 41 
2
5246 22 8 0
5247 20 12 0
2
244 42 
2
5763 34 34 0
5764 16 16 0
2
40 42 
2
5764 10 16 0
5765 16 16 0
2
244 42 
2
5766 34 34 0
5766 16 16 0
2
20 42 
2
5766 14 16 0
5767 16 16 0
2
245 42 
2
5767 34 32 0
5768 16 16 0
2
40 42 
2
5768 10 16 0
5769 16 16 0
2
244 42 
2
5769 34 34 0
5770 16 16 0
2
244 43 
2
5249 34 34 0
5249 18 14 0
2
41 43 
2
5249 20 12 0
5250 18 14 0
2
247 43 
2
5250 34 28 0
5251 18 14 0
2
21 43 
2
5251 20 14 0
5252 18 14 0
2
245 43 
2
5253 34 32 0
5253 18 14 0
2
41 43 
2
5253 20 12 0
5254 18 14 0
2
244 43 
2
5255 34 34 0
5255 18 14 0
2
42 160 
2
5771 16 16 0
5770 10 14 0
2
43 221 
2
5256 18 14 0
5255 6 22 0
2
42 161 
2
5772 16 16 0
5771 14 2 0
2
42 162 
2
5773 16 16 0
5772 30 18 0
2
42 163 
2
5774 16 16 0
5773 24 22 0
2
42 164 
2
5775 16 16 0
5774 26 20 0
2
42 166 
2
5776 16 16 0
5775 20 22 0
2
42 167 
2
5777 16 16 0
5776 22 12 0
2
42 168 
2
5778 16 16 0
5777 24 10 0
2
42 169 
2
5779 16 16 0
5778 18 2 0
2
42 170 
2
5780 16 16 0
5779 26 14 0
2
42 171 
2
5781 16 16 0
5780 20 4 0
2
42 172 
2
5782 16 16 0
5781 26 8 0
2
42 173 
2
5783 16 16 0
5782 26 6 0
2
42 174 
2
5784 16 16 0
5783 20 32 0
2
42 175 
2
5785 16 16 0
5784 6 8 0
2
42 176 
2
5786 16 16 0
5785 20 30 0
2
42 177 
2
5787 16 16 0
5786 8 4 0
2
42 178 
2
5788 16 16 0
5787 10 2 0
2
42 179 
2
5789 16 16 0
5788 30 22 0
2
42 180 
2
5790 16 16 0
5789 26 26 0
2
42 181 
2
5791 16 16 0
5790 32 20 0
2
40 42 
2
5791 10 16 0
5792 16 16 0
2
41 43 
2
5256 20 12 0
5257 18 14 0
2
42 160 
2
5793 16 16 0
5792 10 14 0
2
43 220 
2
5258 18 14 0
5257 12 24 0
2
42 161 
2
5794 16 16 0
5793 14 2 0
2
42 162 
2
5795 16 16 0
5794 30 18 0
2
42 163 
2
5796 16 16 0
5795 24 22 0
2
42 164 
2
5797 16 16 0
5796 26 20 0
2
42 166 
2
5798 16 16 0
5797 20 22 0
2
42 167 
2
5799 16 16 0
5798 22 12 0
2
42 168 
2
5800 16 16 0
5799 24 10 0
2
42 169 
2
5801 16 16 0
5800 18 2 0
2
42 170 
2
5802 16 16 0
5801 26 14 0
2
42 171 
2
5803 16 16 0
5802 20 4 0
2
42 172 
2
5804 16 16 0
5803 26 8 0
2
42 173 
2
5805 16 16 0
5804 26 6 0
2
42 174 
2
5806 16 16 0
5805 20 32 0
2
42 175 
2
5807 16 16 0
5806 6 8 0
2
42 176 
2
5808 16 16 0
5807 20 30 0
2
42 177 
2
5809 16 16 0
5808 8 4 0
2
42 178 
2
5810 16 16 0
5809 10 2 0
2
42 179 
2
5811 16 16 0
5810 30 22 0
2
42 180 
2
5812 16 16 0
5811 26 26 0
2
42 181 
2
5813 16 16 0
5812 32 20 0
2
20 40 
2
5791 14 16 0
5792 10 16 0
2
21 41 
2
5256 20 14 0
5257 20 12 0
2
18 38 
2
5742 4 18 0
5743 4 16 0
2
19 39 
2
5246 20 8 0
5247 22 8 0
2
36 38 
2
5743 4 22 0
5744 4 16 0
2
37 39 
2
5247 24 4 0
5248 22 8 0
2
244 40 
2
5792 34 34 0
5793 10 16 0
2
38 40 
2
5793 4 16 0
5794 10 16 0
2
244 40 
2
5795 34 34 0
5795 10 16 0
2
18 40 
2
5795 4 18 0
5796 10 16 0
2
245 40 
2
5796 34 32 0
5797 10 16 0
2
38 40 
2
5797 4 16 0
5798 10 16 0
2
244 40 
2
5798 34 34 0
5799 10 16 0
2
244 41 
2
5258 34 34 0
5258 20 12 0
2
39 41 
2
5258 22 8 0
5259 20 12 0
2
246 41 
2
5259 34 30 0
5260 20 12 0
2
19 41 
2
5260 20 8 0
5261 20 12 0
2
244 41 
2
5261 34 34 0
5262 20 12 0
2
39 41 
2
5262 22 8 0
5263 20 12 0
2
244 41 
2
5264 34 34 0
5264 20 12 0
2
244 42 
2
5813 34 34 0
5814 16 16 0
2
40 42 
2
5814 10 16 0
5815 16 16 0
2
244 42 
2
5816 34 34 0
5816 16 16 0
2
20 42 
2
5816 14 16 0
5817 16 16 0
2
245 42 
2
5817 34 32 0
5818 16 16 0
2
40 42 
2
5818 10 16 0
5819 16 16 0
2
244 42 
2
5819 34 34 0
5820 16 16 0
2
245 43 
2
5259 34 32 0
5259 18 14 0
2
41 43 
2
5265 20 12 0
5264 18 14 0
2
245 43 
2
5264 34 32 0
5265 18 14 0
2
21 43 
2
5265 20 14 0
5266 18 14 0
2
244 43 
2
5267 34 34 0
5267 18 14 0
2
41 43 
2
5267 20 12 0
5268 18 14 0
2
245 43 
2
5268 34 32 0
5269 18 14 0
2
42 180 
2
5821 16 16 0
5820 26 26 0
2
43 220 
2
5270 18 14 0
5269 12 24 0
2
42 181 
2
5822 16 16 0
5821 32 20 0
2
43 221 
2
5271 18 14 0
5270 6 22 0
2
42 182 
2
5823 16 16 0
5822 32 10 0
2
40 42 
2
5823 10 16 0
5824 16 16 0
2
41 43 
2
5271 20 12 0
5272 18 14 0
2
42 180 
2
5825 16 16 0
5824 26 26 0
2
43 223 
2
5273 18 14 0
5272 14 12 0
2
42 181 
2
5826 16 16 0
5825 32 20 0
2
42 182 
2
5827 16 16 0
5826 32 10 0
2
20 40 
2
5823 14 16 0
5824 10 16 0
2
21 41 
2
5271 20 14 0
5272 20 12 0
2
38 40 
2
5824 4 16 0
5825 10 16 0
2
39 41 
2
5272 22 8 0
5273 20 12 0
2
244 42 
2
5828 34 34 0
5828 16 16 0
2
40 42 
2
5828 10 16 0
5829 16 16 0
2
245 42 
2
5830 34 32 0
5830 16 16 0
2
20 42 
2
5830 14 16 0
5831 16 16 0
2
244 42 
2
5831 34 34 0
5832 16 16 0
2
40 42 
2
5832 10 16 0
5833 16 16 0
2
244 42 
2
5834 34 34 0
5834 16 16 0
2
245 43 
2
5273 34 32 0
5274 18 14 0
2
41 43 
2
5274 20 12 0
5275 18 14 0
2
245 43 
2
5276 34 32 0
5276 18 14 0
2
21 43 
2
5276 20 14 0
5277 18 14 0
2
244 43 
2
5278 34 34 0
5278 18 14 0
2
41 43 
2
5278 20 12 0
5279 18 14 0
2
246 43 
2
5279 34 30 0
5280 18 14 0
2
42 181 
2
5835 16 16 0
5834 32 20 0
2
43 222 
2
5281 18 14 0
5280 6 14 0
2
42 182 
2
5836 16 16 0
5835 32 10 0
2
42 183 
2
5837 16 16 0
5836 2 8 0
2
40 42 
2
5837 10 16 0
5838 16 16 0
2
41 43 
2
5281 20 12 0
5282 18 14 0
2
42 181 
2
5839 16 16 0
5838 32 20 0
2
43 222 
2
5283 18 14 0
5282 6 14 0
2
42 182 
2
5840 16 16 0
5839 32 10 0
2
43 223 
2
5284 18 14 0
5283 14 12 0
2
42 183 
2
5841 16 16 0
5840 2 8 0
2
20 40 
2
5837 14 16 0
5838 10 16 0
2
21 41 
2
5281 20 14 0
5282 20 12 0
2
18 38 
2
5824 4 18 0
5825 4 16 0
2
19 39 
2
5272 20 8 0
5273 22 8 0
2
16 36 
2
5743 4 24 0
5744 4 22 0
2
17 37 
2
5247 26 4 0
5248 24 4 0
2
34 36 
2
5744 2 24 0
5745 4 22 0
2
35 37 
2
5248 28 2 0
5249 24 4 0
2
244 38 
2
5825 34 34 0
5826 4 16 0
2
36 38 
2
5826 4 22 0
5827 4 16 0
2
245 38 
2
5827 34 32 0
5828 4 16 0
2
16 38 
2
5828 4 24 0
5829 4 16 0
2
246 38 
2
5829 34 30 0
5830 4 16 0
2
36 38 
2
5830 4 22 0
5831 4 16 0
2
246 38 
2
5832 34 30 0
5832 4 16 0
2
246 39 
2
5273 34 30 0
5274 22 8 0
2
37 39 
2
5274 24 4 0
5275 22 8 0
2
246 39 
2
5276 34 30 0
5276 22 8 0
2
17 39 
2
5276 26 4 0
5277 22 8 0
2
248 39 
2
5277 34 26 0
5278 22 8 0
2
37 39 
2
5278 24 4 0
5279 22 8 0
2
247 39 
2
5279 34 28 0
5280 22 8 0
2
244 40 
2
5838 34 34 0
5839 10 16 0
2
38 40 
2
5839 4 16 0
5840 10 16 0
2
244 40 
2
5841 34 34 0
5841 10 16 0
2
18 40 
2
5841 4 18 0
5842 10 16 0
2
246 40 
2
5842 34 30 0
5843 10 16 0
2
38 40 
2
5843 4 16 0
5844 10 16 0
2
244 40 
2
5844 34 34 0
5845 10 16 0
2
244 41 
2
5282 34 34 0
5283 20 12 0
2
39 41 
2
5283 22 8 0
5284 20 12 0
2
244 41 
2
5285 34 34 0
5285 20 12 0
2
19 41 
2
5285 20 8 0
5286 20 12 0
2
245 41 
2
5287 34 32 0
5287 20 12 0
2
39 41 
2
5287 22 8 0
5288 20 12 0
2
244 41 
2
5288 34 34 0
5289 20 12 0
2
245 42 
2
5841 34 32 0
5842 16 16 0
2
40 42 
2
5846 10 16 0
5845 16 16 0
2
245 42 
2
5845 34 32 0
5846 16 16 0
2
20 42 
2
5846 14 16 0
5847 16 16 0
2
244 42 
2
5847 34 34 0
5848 16 16 0
2
40 42 
2
5848 10 16 0
5849 16 16 0
2
244 42 
2
5850 34 34 0
5850 16 16 0
2
245 43 
2
5284 34 32 0
5285 18 14 0
2
41 43 
2
5290 20 12 0
5289 18 14 0
2
245 43 
2
5290 34 32 0
5290 18 14 0
2
21 43 
2
5290 20 14 0
5291 18 14 0
2
244 43 
2
5291 34 34 0
5292 18 14 0
2
41 43 
2
5292 20 12 0
5293 18 14 0
2
245 43 
2
5293 34 32 0
5294 18 14 0
2
42 73 
2
5851 16 16 0
5850 2 22 0
2
43 225 
2
5295 18 14 0
5294 20 18 0
2
42 74 
2
5852 16 16 0
5851 8 26 0
2
42 75 
2
5853 16 16 0
5852 10 30 0
2
40 42 
2
5853 10 16 0
5854 16 16 0
2
41 43 
2
5295 20 12 0
5296 18 14 0
2
42 73 
2
5855 16 16 0
5854 2 22 0
2
43 224 
2
5297 18 14 0
5296 24 12 0
2
42 74 
2
5856 16 16 0
5855 8 26 0
2
42 75 
2
5857 16 16 0
5856 10 30 0
2
20 40 
2
5853 14 16 0
5854 10 16 0
2
21 41 
2
5295 20 14 0
5296 20 12 0
2
38 40 
2
5854 4 16 0
5855 10 16 0
2
39 41 
2
5296 22 8 0
5297 20 12 0
2
245 42 
2
5857 34 32 0
5858 16 16 0
2
40 42 
2
5858 10 16 0
5859 16 16 0
2
245 42 
2
5860 34 32 0
5860 16 16 0
2
20 42 
2
5860 14 16 0
5861 16 16 0
2
244 42 
2
5862 34 34 0
5862 16 16 0
2
40 42 
2
5862 10 16 0
5863 16 16 0
2
246 42 
2
5863 34 30 0
5864 16 16 0
2
246 43 
2
5297 34 30 0
5298 18 14 0
2
41 43 
2
5298 20 12 0
5299 18 14 0
2
246 43 
2
5300 34 30 0
5300 18 14 0
2
21 43 
2
5300 20 14 0
5301 18 14 0
2
245 43 
2
5302 34 32 0
5302 18 14 0
2
41 43 
2
5302 20 12 0
5303 18 14 0
2
246 43 
2
5303 34 30 0
5304 18 14 0
2
42 74 
2
5865 16 16 0
5864 8 26 0
2
43 224 
2
5305 18 14 0
5304 24 12 0
2
42 75 
2
5866 16 16 0
5865 10 30 0
2
43 225 
2
5306 18 14 0
5305 20 18 0
2
42 76 
2
5867 16 16 0
5866 6 24 0
2
40 42 
2
5867 10 16 0
5868 16 16 0
2
41 43 
2
5306 20 12 0
5307 18 14 0
2
42 74 
2
5869 16 16 0
5868 8 26 0
2
43 227 
2
5308 18 14 0
5307 2 12 0
2
42 75 
2
5870 16 16 0
5869 10 30 0
2
42 76 
2
5871 16 16 0
5870 6 24 0
2
20 40 
2
5867 14 16 0
5868 10 16 0
2
21 41 
2
5306 20 14 0
5307 20 12 0
2
18 38 
2
5854 4 18 0
5855 4 16 0
2
19 39 
2
5296 20 8 0
5297 22 8 0
2
36 38 
2
5855 4 22 0
5856 4 16 0
2
37 39 
2
5297 24 4 0
5298 22 8 0
2
244 40 
2
5868 34 34 0
5869 10 16 0
2
38 40 
2
5869 4 16 0
5870 10 16 0
2
244 40 
2
5871 34 34 0
5871 10 16 0
2
18 40 
2
5871 4 18 0
5872 10 16 0
2
246 40 
2
5872 34 30 0
5873 10 16 0
2
38 40 
2
5873 4 16 0
5874 10 16 0
2
244 40 
2
5874 34 34 0
5875 10 16 0
2
247 41 
2
5307 34 28 0
5308 20 12 0
2
39 41 
2
5308 22 8 0
5309 20 12 0
2
248 41 
2
5309 34 26 0
5310 20 12 0
2
19 41 
2
5310 20 8 0
5311 20 12 0
2
248 41 
2
5312 34 26 0
5312 20 12 0
2
39 41 
2
5312 22 8 0
5313 20 12 0
2
246 41 
2
5313 34 30 0
5314 20 12 0
2
245 42 
2
5871 34 32 0
5872 16 16 0
2
40 42 
2
5876 10 16 0
5875 16 16 0
2
245 42 
2
5875 34 32 0
5876 16 16 0
2
20 42 
2
5876 14 16 0
5877 16 16 0
2
244 42 
2
5877 34 34 0
5878 16 16 0
2
40 42 
2
5878 10 16 0
5879 16 16 0
2
244 42 
2
5880 34 34 0
5880 16 16 0
2
244 43 
2
5309 34 34 0
5309 18 14 0
2
41 43 
2
5315 20 12 0
5314 18 14 0
2
244 43 
2
5315 34 34 0
5315 18 14 0
2
21 43 
2
5315 20 14 0
5316 18 14 0
2
245 43 
2
5317 34 32 0
5317 18 14 0
2
41 43 
2
5317 20 12 0
5318 18 14 0
2
246 43 
2
5318 34 30 0
5319 18 14 0
2
42 73 
2
5881 16 16 0
5880 2 22 0
2
43 226 
2
5320 18 14 0
5319 18 32 0
2
42 74 
2
5882 16 16 0
5881 8 26 0
2
42 75 
2
5883 16 16 0
5882 10 30 0
2
42 76 
2
5884 16 16 0
5883 6 24 0
2
42 77 
2
5885 16 16 0
5884 14 32 0
2
42 78 
2
5886 16 16 0
5885 10 28 0
2
42 79 
2
5887 16 16 0
5886 2 20 0
2
42 80 
2
5888 16 16 0
5887 24 28 0
2
42 81 
2
5889 16 16 0
5888 6 6 0
2
42 82 
2
5890 16 16 0
5889 28 22 0
2
42 83 
2
5891 16 16 0
5890 10 4 0
2
42 84 
2
5892 16 16 0
5891 28 24 0
2
42 85 
2
5893 16 16 0
5892 30 20 0
2
42 88 
2
5894 16 16 0
5893 12 4 0
2
42 110 
2
5895 16 16 0
5894 6 20 0
2
42 127 
2
5896 16 16 0
5895 12 18 0
2
42 132 
2
5897 16 16 0
5896 8 16 0
2
42 133 
2
5898 16 16 0
5897 10 12 0
2
42 134 
2
5899 16 16 0
5898 16 30 0
2
42 135 
2
5900 16 16 0
5899 10 26 0
2
42 136 
2
5901 16 16 0
5900 16 26 0
2
40 42 
2
5901 10 16 0
5902 16 16 0
2
41 43 
2
5320 20 12 0
5321 18 14 0
2
42 73 
2
5903 16 16 0
5902 2 22 0
2
43 226 
2
5322 18 14 0
5321 18 32 0
2
42 74 
2
5904 16 16 0
5903 8 26 0
2
43 227 
2
5323 18 14 0
5322 2 12 0
2
42 75 
2
5905 16 16 0
5904 10 30 0
2
42 76 
2
5906 16 16 0
5905 6 24 0
2
42 77 
2
5907 16 16 0
5906 14 32 0
2
42 78 
2
5908 16 16 0
5907 10 28 0
2
42 79 
2
5909 16 16 0
5908 2 20 0
2
42 80 
2
5910 16 16 0
5909 24 28 0
2
42 81 
2
5911 16 16 0
5910 6 6 0
2
42 82 
2
5912 16 16 0
5911 28 22 0
2
42 83 
2
5913 16 16 0
5912 10 4 0
2
42 84 
2
5914 16 16 0
5913 28 24 0
2
42 85 
2
5915 16 16 0
5914 30 20 0
2
42 88 
2
5916 16 16 0
5915 12 4 0
2
42 110 
2
5917 16 16 0
5916 6 20 0
2
42 127 
2
5918 16 16 0
5917 12 18 0
2
42 132 
2
5919 16 16 0
5918 8 16 0
2
42 133 
2
5920 16 16 0
5919 10 12 0
2
42 134 
2
5921 16 16 0
5920 16 30 0
2
42 135 
2
5922 16 16 0
5921 10 26 0
2
42 136 
2
5923 16 16 0
5922 16 26 0
2
20 40 
2
5901 14 16 0
5902 10 16 0
2
21 41 
2
5320 20 14 0
5321 20 12 0
2
38 40 
2
5902 4 16 0
5903 10 16 0
2
39 41 
2
5321 22 8 0
5322 20 12 0
2
244 42 
2
5923 34 34 0
5924 16 16 0
2
40 42 
2
5924 10 16 0
5925 16 16 0
2
244 42 
2
5926 34 34 0
5926 16 16 0
2
20 42 
2
5926 14 16 0
5927 16 16 0
2
245 42 
2
5927 34 32 0
5928 16 16 0
2
40 42 
2
5928 10 16 0
5929 16 16 0
2
244 42 
2
5929 34 34 0
5930 16 16 0
2
244 43 
2
5324 34 34 0
5324 18 14 0
2
41 43 
2
5324 20 12 0
5325 18 14 0
2
248 43 
2
5325 34 26 0
5326 18 14 0
2
21 43 
2
5326 20 14 0
5327 18 14 0
2
246 43 
2
5328 34 30 0
5328 18 14 0
2
41 43 
2
5328 20 12 0
5329 18 14 0
2
245 43 
2
5330 34 32 0
5330 18 14 0
2
42 74 
2
5931 16 16 0
5930 8 26 0
2
43 229 
2
5331 18 14 0
5330 2 16 0
2
42 75 
2
5932 16 16 0
5931 10 30 0
2
42 76 
2
5933 16 16 0
5932 6 24 0
2
42 77 
2
5934 16 16 0
5933 14 32 0
2
42 78 
2
5935 16 16 0
5934 10 28 0
2
42 79 
2
5936 16 16 0
5935 2 20 0
2
42 80 
2
5937 16 16 0
5936 24 28 0
2
42 81 
2
5938 16 16 0
5937 6 6 0
2
42 82 
2
5939 16 16 0
5938 28 22 0
2
42 83 
2
5940 16 16 0
5939 10 4 0
2
42 84 
2
5941 16 16 0
5940 28 24 0
2
42 85 
2
5942 16 16 0
5941 30 20 0
2
42 88 
2
5943 16 16 0
5942 12 4 0
2
42 110 
2
5944 16 16 0
5943 6 20 0
2
42 127 
2
5945 16 16 0
5944 12 18 0
2
42 132 
2
5946 16 16 0
5945 8 16 0
2
42 133 
2
5947 16 16 0
5946 10 12 0
2
42 134 
2
5948 16 16 0
5947 16 30 0
2
42 135 
2
5949 16 16 0
5948 10 26 0
2
42 136 
2
5950 16 16 0
5949 16 26 0
2
42 137 
2
5951 16 16 0
5950 16 28 0
2
40 42 
2
5951 10 16 0
5952 16 16 0
2
41 43 
2
5331 20 12 0
5332 18 14 0
2
42 74 
2
5953 16 16 0
5952 8 26 0
2
43 228 
2
5333 18 14 0
5332 12 2 0
2
42 75 
2
5954 16 16 0
5953 10 30 0
2
42 76 
2
5955 16 16 0
5954 6 24 0
2
42 77 
2
5956 16 16 0
5955 14 32 0
2
42 78 
2
5957 16 16 0
5956 10 28 0
2
42 79 
2
5958 16 16 0
5957 2 20 0
2
42 80 
2
5959 16 16 0
5958 24 28 0
2
42 81 
2
5960 16 16 0
5959 6 6 0
2
42 82 
2
5961 16 16 0
5960 28 22 0
2
42 83 
2
5962 16 16 0
5961 10 4 0
2
42 84 
2
5963 16 16 0
5962 28 24 0
2
42 85 
2
5964 16 16 0
5963 30 20 0
2
42 88 
2
5965 16 16 0
5964 12 4 0
2
42 110 
2
5966 16 16 0
5965 6 20 0
2
42 127 
2
5967 16 16 0
5966 12 18 0
2
42 132 
2
5968 16 16 0
5967 8 16 0
2
42 133 
2
5969 16 16 0
5968 10 12 0
2
42 134 
2
5970 16 16 0
5969 16 30 0
2
42 135 
2
5971 16 16 0
5970 10 26 0
2
42 136 
2
5972 16 16 0
5971 16 26 0
2
42 137 
2
5973 16 16 0
5972 16 28 0
2
20 40 
2
5951 14 16 0
5952 10 16 0
2
21 41 
2
5331 20 14 0
5332 20 12 0
2
18 38 
2
5902 4 18 0
5903 4 16 0
2
19 39 
2
5321 20 8 0
5322 22 8 0
2
16 36 
2
5855 4 24 0
5856 4 22 0
2
17 37 
2
5297 26 4 0
5298 24 4 0
2
14 34 
2
5744 4 26 0
5745 2 24 0
2
15 35 
2
5248 26 2 0
5249 28 2 0
2
12 32 
2
5485 2 26 0
5486 2 28 0
2
13 33 
2
5149 30 2 0
5150 32 2 0
2
30 32 
2
5486 4 28 0
5487 2 28 0
2
31 33 
2
5150 32 6 0
5151 32 2 0
2
244 34 
2
5745 34 34 0
5746 2 24 0
2
32 34 
2
5746 2 28 0
5747 2 24 0
2
244 34 
2
5748 34 34 0
5748 2 24 0
2
12 34 
2
5748 2 26 0
5749 2 24 0
2
245 34 
2
5749 34 32 0
5750 2 24 0
2
32 34 
2
5750 2 28 0
5751 2 24 0
2
244 34 
2
5751 34 34 0
5752 2 24 0
2
246 35 
2
5249 34 30 0
5250 28 2 0
2
33 35 
2
5250 32 2 0
5251 28 2 0
2
244 35 
2
5252 34 34 0
5252 28 2 0
2
13 35 
2
5252 30 2 0
5253 28 2 0
2
246 35 
2
5253 34 30 0
5254 28 2 0
2
33 35 
2
5254 32 2 0
5255 28 2 0
2
245 35 
2
5256 34 32 0
5256 28 2 0
2
244 36 
2
5856 34 34 0
5857 4 22 0
2
34 36 
2
5857 2 24 0
5858 4 22 0
2
244 36 
2
5859 34 34 0
5859 4 22 0
2
14 36 
2
5859 4 26 0
5860 4 22 0
2
246 36 
2
5860 34 30 0
5861 4 22 0
2
34 36 
2
5861 2 24 0
5862 4 22 0
2
245 36 
2
5863 34 32 0
5863 4 22 0
2
245 37 
2
5299 34 32 0
5299 24 4 0
2
35 37 
2
5299 28 2 0
5300 24 4 0
2
247 37 
2
5300 34 28 0
5301 24 4 0
2
15 37 
2
5301 26 2 0
5302 24 4 0
2
244 37 
2
5303 34 34 0
5303 24 4 0
2
35 37 
2
5303 28 2 0
5304 24 4 0
2
245 37 
2
5305 34 32 0
5305 24 4 0
2
244 38 
2
5903 34 34 0
5904 4 16 0
2
36 38 
2
5904 4 22 0
5905 4 16 0
2
244 38 
2
5906 34 34 0
5906 4 16 0
2
16 38 
2
5906 4 24 0
5907 4 16 0
2
245 38 
2
5907 34 32 0
5908 4 16 0
2
36 38 
2
5908 4 22 0
5909 4 16 0
2
244 38 
2
5909 34 34 0
5910 4 16 0
2
247 39 
2
5322 34 28 0
5323 22 8 0
2
37 39 
2
5323 24 4 0
5324 22 8 0
2
246 39 
2
5325 34 30 0
5325 22 8 0
2
17 39 
2
5325 26 4 0
5326 22 8 0
2
244 39 
2
5327 34 34 0
5327 22 8 0
2
37 39 
2
5327 24 4 0
5328 22 8 0
2
247 39 
2
5328 34 28 0
5329 22 8 0
2
244 40 
2
5952 34 34 0
5953 10 16 0
2
38 40 
2
5953 4 16 0
5954 10 16 0
2
244 40 
2
5955 34 34 0
5955 10 16 0
2
18 40 
2
5955 4 18 0
5956 10 16 0
2
245 40 
2
5956 34 32 0
5957 10 16 0
2
38 40 
2
5957 4 16 0
5958 10 16 0
2
244 40 
2
5958 34 34 0
5959 10 16 0
2
244 41 
2
5333 34 34 0
5333 20 12 0
2
39 41 
2
5333 22 8 0
5334 20 12 0
2
246 41 
2
5334 34 30 0
5335 20 12 0
2
19 41 
2
5335 20 8 0
5336 20 12 0
2
244 41 
2
5336 34 34 0
5337 20 12 0
2
39 41 
2
5337 22 8 0
5338 20 12 0
2
244 41 
2
5339 34 34 0
5339 20 12 0
2
244 42 
2
5973 34 34 0
5974 16 16 0
2
40 42 
2
5974 10 16 0
5975 16 16 0
2
244 42 
2
5976 34 34 0
5976 16 16 0
2
20 42 
2
5976 14 16 0
5977 16 16 0
2
245 42 
2
5977 34 32 0
5978 16 16 0
2
40 42 
2
5978 10 16 0
5979 16 16 0
2
244 42 
2
5979 34 34 0
5980 16 16 0
2
245 43 
2
5333 34 32 0
5334 18 14 0
2
41 43 
2
5340 20 12 0
5339 18 14 0
2
245 43 
2
5339 34 32 0
5340 18 14 0
2
21 43 
2
5340 20 14 0
5341 18 14 0
2
244 43 
2
5342 34 34 0
5342 18 14 0
2
41 43 
2
5342 20 12 0
5343 18 14 0
2
245 43 
2
5343 34 32 0
5344 18 14 0
2
42 136 
2
5981 16 16 0
5980 16 26 0
2
43 228 
2
5345 18 14 0
5344 12 2 0
2
42 137 
2
5982 16 16 0
5981 16 28 0
2
43 229 
2
5346 18 14 0
5345 2 16 0
2
42 138 
2
5983 16 16 0
5982 10 20 0
2
40 42 
2
5983 10 16 0
5984 16 16 0
2
41 43 
2
5346 20 12 0
5347 18 14 0
2
42 136 
2
5985 16 16 0
5984 16 26 0
2
43 231 
2
5348 18 14 0
5347 14 30 0
2
42 137 
2
5986 16 16 0
5985 16 28 0
2
42 138 
2
5987 16 16 0
5986 10 20 0
2
20 40 
2
5983 14 16 0
5984 10 16 0
2
21 41 
2
5346 20 14 0
5347 20 12 0
2
38 40 
2
5984 4 16 0
5985 10 16 0
2
39 41 
2
5347 22 8 0
5348 20 12 0
2
244 42 
2
5987 34 34 0
5988 16 16 0
2
40 42 
2
5988 10 16 0
5989 16 16 0
2
244 42 
2
5990 34 34 0
5990 16 16 0
2
20 42 
2
5990 14 16 0
5991 16 16 0
2
246 42 
2
5991 34 30 0
5992 16 16 0
2
40 42 
2
5992 10 16 0
5993 16 16 0
2
245 42 
2
5994 34 32 0
5994 16 16 0
2
244 43 
2
5348 34 34 0
5349 18 14 0
2
41 43 
2
5349 20 12 0
5350 18 14 0
2
244 43 
2
5351 34 34 0
5351 18 14 0
2
21 43 
2
5351 20 14 0
5352 18 14 0
2
246 43 
2
5352 34 30 0
5353 18 14 0
2
41 43 
2
5353 20 12 0
5354 18 14 0
2
246 43 
2
5355 34 30 0
5355 18 14 0
2
42 137 
2
5995 16 16 0
5994 16 28 0
2
43 230 
2
5356 18 14 0
5355 10 8 0
2
42 138 
2
5996 16 16 0
5995 10 20 0
2
42 139 
2
5997 16 16 0
5996 12 26 0
2
40 42 
2
5997 10 16 0
5998 16 16 0
2
41 43 
2
5356 20 12 0
5357 18 14 0
2
42 137 
2
5999 16 16 0
5998 16 28 0
2
43 230 
2
5358 18 14 0
5357 10 8 0
2
42 138 
2
6000 16 16 0
5999 10 20 0
2
43 231 
2
5359 18 14 0
5358 14 30 0
2
42 139 
2
6001 16 16 0
6000 12 26 0
2
20 40 
2
5997 14 16 0
5998 10 16 0
2
21 41 
2
5356 20 14 0
5357 20 12 0
2
18 38 
2
5984 4 18 0
5985 4 16 0
2
19 39 
2
5347 20 8 0
5348 22 8 0
2
36 38 
2
5985 4 22 0
5986 4 16 0
2
37 39 
2
5348 24 4 0
5349 22 8 0
2
244 40 
2
5998 34 34 0
5999 10 16 0
2
38 40 
2
5999 4 16 0
6000 10 16 0
2
244 40 
2
6001 34 34 0
6001 10 16 0
2
18 40 
2
6001 4 18 0
6002 10 16 0
2
246 40 
2
6002 34 30 0
6003 10 16 0
2
38 40 
2
6003 4 16 0
6004 10 16 0
2
244 40 
2
6004 34 34 0
6005 10 16 0
2
245 41 
2
5357 34 32 0
5358 20 12 0
2
39 41 
2
5358 22 8 0
5359 20 12 0
2
244 41 
2
5360 34 34 0
5360 20 12 0
2
19 41 
2
5360 20 8 0
5361 20 12 0
2
247 41 
2
5361 34 28 0
5362 20 12 0
2
39 41 
2
5362 22 8 0
5363 20 12 0
2
244 41 
2
5363 34 34 0
5364 20 12 0
2
245 42 
2
6001 34 32 0
6002 16 16 0
2
40 42 
2
6006 10 16 0
6005 16 16 0
2
245 42 
2
6005 34 32 0
6006 16 16 0
2
20 42 
2
6006 14 16 0
6007 16 16 0
2
244 42 
2
6007 34 34 0
6008 16 16 0
2
40 42 
2
6008 10 16 0
6009 16 16 0
2
244 42 
2
6010 34 34 0
6010 16 16 0
2
245 43 
2
5360 34 32 0
5360 18 14 0
2
41 43 
2
5365 20 12 0
5364 18 14 0
2
245 43 
2
5364 34 32 0
5365 18 14 0
2
21 43 
2
5365 20 14 0
5366 18 14 0
2
244 43 
2
5366 34 34 0
5367 18 14 0
2
41 43 
2
5367 20 12 0
5368 18 14 0
2
244 43 
2
5369 34 34 0
5369 18 14 0
2
42 136 
2
6011 16 16 0
6010 16 26 0
2
43 233 
2
5370 18 14 0
5369 8 22 0
2
42 137 
2
6012 16 16 0
6011 16 28 0
2
42 138 
2
6013 16 16 0
6012 10 20 0
2
42 139 
2
6014 16 16 0
6013 12 26 0
2
42 140 
2
6015 16 16 0
6014 14 18 0
2
42 141 
2
6016 16 16 0
6015 14 20 0
2
42 142 
2
6017 16 16 0
6016 8 12 0
2
42 143 
2
6018 16 16 0
6017 22 24 0
2
42 144 
2
6019 16 16 0
6018 24 18 0
2
42 145 
2
6020 16 16 0
6019 22 10 0
2
42 146 
2
6021 16 16 0
6020 30 12 0
2
42 147 
2
6022 16 16 0
6021 4 8 0
2
42 148 
2
6023 16 16 0
6022 12 30 0
2
42 165 
2
6024 16 16 0
6023 4 20 0
2
42 187 
2
6025 16 16 0
6024 12 28 0
2
42 190 
2
6026 16 16 0
6025 26 16 0
2
42 192 
2
6027 16 16 0
6026 18 26 0
2
42 193 
2
6028 16 16 0
6027 6 16 0
2
42 194 
2
6029 16 16 0
6028 14 22 0
2
42 195 
2
6030 16 16 0
6029 10 22 0
2
42 196 
2
6031 16 16 0
6030 8 18 0
2
40 42 
2
6031 10 16 0
6032 16 16 0
2
41 43 
2
5370 20 12 0
5371 18 14 0
2
42 136 
2
6033 16 16 0
6032 16 26 0
2
43 232 
2
5372 18 14 0
5371 26 22 0
2
42 137 
2
6034 16 16 0
6033 16 28 0
2
42 138 
2
6035 16 16 0
6034 10 20 0
2
42 139 
2
6036 16 16 0
6035 12 26 0
2
42 140 
2
6037 16 16 0
6036 14 18 0
2
42 141 
2
6038 16 16 0
6037 14 20 0
2
42 142 
2
6039 16 16 0
6038 8 12 0
2
42 143 
2
6040 16 16 0
6039 22 24 0
2
42 144 
2
6041 16 16 0
6040 24 18 0
2
42 145 
2
6042 16 16 0
6041 22 10 0
2
42 146 
2
6043 16 16 0
6042 30 12 0
2
42 147 
2
6044 16 16 0
6043 4 8 0
2
42 148 
2
6045 16 16 0
6044 12 30 0
2
42 165 
2
6046 16 16 0
6045 4 20 0
2
42 187 
2
6047 16 16 0
6046 12 28 0
2
42 190 
2
6048 16 16 0
6047 26 16 0
2
42 192 
2
6049 16 16 0
6048 18 26 0
2
42 193 
2
6050 16 16 0
6049 6 16 0
2
42 194 
2
6051 16 16 0
6050 14 22 0
2
42 195 
2
6052 16 16 0
6051 10 22 0
2
42 196 
2
6053 16 16 0
6052 8 18 0
2
20 40 
2
6031 14 16 0
6032 10 16 0
2
21 41 
2
5370 20 14 0
5371 20 12 0
2
38 40 
2
6032 4 16 0
6033 10 16 0
2
39 41 
2
5371 22 8 0
5372 20 12 0
2
244 42 
2
6053 34 34 0
6054 16 16 0
2
40 42 
2
6054 10 16 0
6055 16 16 0
2
244 42 
2
6056 34 34 0
6056 16 16 0
2
20 42 
2
6056 14 16 0
6057 16 16 0
2
245 42 
2
6057 34 32 0
6058 16 16 0
2
40 42 
2
6058 10 16 0
6059 16 16 0
2
244 42 
2
6059 34 34 0
6060 16 16 0
2
244 43 
2
5372 34 34 0
5373 18 14 0
2
41 43 
2
5373 20 12 0
5374 18 14 0
2
244 43 
2
5375 34 34 0
5375 18 14 0
2
21 43 
2
5375 20 14 0
5376 18 14 0
2
247 43 
2
5376 34 28 0
5377 18 14 0
2
41 43 
2
5377 20 12 0
5378 18 14 0
2
245 43 
2
5378 34 32 0
5379 18 14 0
2
42 137 
2
6061 16 16 0
6060 16 28 0
2
43 232 
2
5380 18 14 0
5379 26 22 0
2
42 138 
2
6062 16 16 0
6061 10 20 0
2
43 233 
2
5381 18 14 0
5380 8 22 0
2
42 139 
2
6063 16 16 0
6062 12 26 0
2
42 140 
2
6064 16 16 0
6063 14 18 0
2
42 141 
2
6065 16 16 0
6064 14 20 0
2
42 142 
2
6066 16 16 0
6065 8 12 0
2
42 143 
2
6067 16 16 0
6066 22 24 0
2
42 144 
2
6068 16 16 0
6067 24 18 0
2
42 145 
2
6069 16 16 0
6068 22 10 0
2
42 146 
2
6070 16 16 0
6069 30 12 0
2
42 147 
2
6071 16 16 0
6070 4 8 0
2
42 148 
2
6072 16 16 0
6071 12 30 0
2
42 165 
2
6073 16 16 0
6072 4 20 0
2
42 187 
2
6074 16 16 0
6073 12 28 0
2
42 190 
2
6075 16 16 0
6074 26 16 0
2
42 192 
2
6076 16 16 0
6075 18 26 0
2
42 193 
2
6077 16 16 0
6076 6 16 0
2
42 194 
2
6078 16 16 0
6077 14 22 0
2
42 195 
2
6079 16 16 0
6078 10 22 0
2
42 196 
2
6080 16 16 0
6079 8 18 0
2
42 197 
2
6081 16 16 0
6080 16 22 0
2
40 42 
2
6081 10 16 0
6082 16 16 0
2
41 43 
2
5381 20 12 0
5382 18 14 0
2
42 137 
2
6083 16 16 0
6082 16 28 0
2
43 235 
2
5383 18 14 0
5382 14 24 0
2
42 138 
2
6084 16 16 0
6083 10 20 0
2
42 139 
2
6085 16 16 0
6084 12 26 0
2
42 140 
2
6086 16 16 0
6085 14 18 0
2
42 141 
2
6087 16 16 0
6086 14 20 0
2
42 142 
2
6088 16 16 0
6087 8 12 0
2
42 143 
2
6089 16 16 0
6088 22 24 0
2
42 144 
2
6090 16 16 0
6089 24 18 0
2
42 145 
2
6091 16 16 0
6090 22 10 0
2
42 146 
2
6092 16 16 0
6091 30 12 0
2
42 147 
2
6093 16 16 0
6092 4 8 0
2
42 148 
2
6094 16 16 0
6093 12 30 0
2
42 165 
2
6095 16 16 0
6094 4 20 0
2
42 187 
2
6096 16 16 0
6095 12 28 0
2
42 190 
2
6097 16 16 0
6096 26 16 0
2
42 192 
2
6098 16 16 0
6097 18 26 0
2
42 193 
2
6099 16 16 0
6098 6 16 0
2
42 194 
2
6100 16 16 0
6099 14 22 0
2
42 195 
2
6101 16 16 0
6100 10 22 0
2
42 196 
2
6102 16 16 0
6101 8 18 0
2
42 197 
2
6103 16 16 0
6102 16 22 0
2
20 40 
2
6081 14 16 0
6082 10 16 0
2
21 41 
2
5381 20 14 0
5382 20 12 0
2
18 38 
2
6032 4 18 0
6033 4 16 0
2
19 39 
2
5371 20 8 0
5372 22 8 0
2
16 36 
2
5985 4 24 0
5986 4 22 0
2
17 37 
2
5348 26 4 0
5349 24 4 0
2
34 36 
2
5986 2 24 0
5987 4 22 0
2
35 37 
2
5349 28 2 0
5350 24 4 0
2
244 38 
2
6033 34 34 0
6034 4 16 0
2
36 38 
2
6034 4 22 0
6035 4 16 0
2
244 38 
2
6036 34 34 0
6036 4 16 0
2
16 38 
2
6036 4 24 0
6037 4 16 0
2
245 38 
2
6037 34 32 0
6038 4 16 0
2
36 38 
2
6038 4 22 0
6039 4 16 0
2
244 38 
2
6039 34 34 0
6040 4 16 0
2
245 39 
2
5372 34 32 0
5373 22 8 0
2
37 39 
2
5373 24 4 0
5374 22 8 0
2
245 39 
2
5375 34 32 0
5375 22 8 0
2
17 39 
2
5375 26 4 0
5376 22 8 0
2
248 39 
2
5376 34 26 0
5377 22 8 0
2
37 39 
2
5377 24 4 0
5378 22 8 0
2
246 39 
2
5379 34 30 0
5379 22 8 0
2
244 40 
2
6082 34 34 0
6083 10 16 0
2
38 40 
2
6083 4 16 0
6084 10 16 0
2
244 40 
2
6085 34 34 0
6085 10 16 0
2
18 40 
2
6085 4 18 0
6086 10 16 0
2
245 40 
2
6086 34 32 0
6087 10 16 0
2
38 40 
2
6087 4 16 0
6088 10 16 0
2
244 40 
2
6088 34 34 0
6089 10 16 0
2
244 41 
2
5382 34 34 0
5383 20 12 0
2
39 41 
2
5383 22 8 0
5384 20 12 0
2
244 41 
2
5385 34 34 0
5385 20 12 0
2
19 41 
2
5385 20 8 0
5386 20 12 0
2
245 41 
2
5386 34 32 0
5387 20 12 0
2
39 41 
2
5387 22 8 0
5388 20 12 0
2
244 41 
2
5388 34 34 0
5389 20 12 0
2
244 42 
2
6103 34 34 0
6104 16 16 0
2
40 42 
2
6104 10 16 0
6105 16 16 0
2
244 42 
2
6106 34 34 0
6106 16 16 0
2
20 42 
2
6106 14 16 0
6107 16 16 0
2
245 42 
2
6107 34 32 0
6108 16 16 0
2
40 42 
2
6108 10 16 0
6109 16 16 0
2
244 42 
2
6109 34 34 0
6110 16 16 0
2
245 43 
2
5383 34 32 0
5384 18 14 0
2
41 43 
2
5390 20 12 0
5389 18 14 0
2
245 43 
2
5389 34 32 0
5390 18 14 0
2
21 43 
2
5390 20 14 0
5391 18 14 0
2
244 43 
2
5391 34 34 0
5392 18 14 0
2
41 43 
2
5392 20 12 0
5393 18 14 0
2
244 43 
2
5394 34 34 0
5394 18 14 0
2
42 196 
2
6111 16 16 0
6110 8 18 0
2
43 234 
2
5395 18 14 0
5394 12 22 0
2
42 197 
2
6112 16 16 0
6111 16 22 0
2
42 198 
2
6113 16 16 0
6112 16 18 0
2
40 42 
2
6113 10 16 0
6114 16 16 0
2
41 43 
2
5395 20 12 0
5396 18 14 0
2
42 196 
2
6115 16 16 0
6114 8 18 0
2
43 234 
2
5397 18 14 0
5396 12 22 0
2
42 197 
2
6116 16 16 0
6115 16 22 0
2
43 235 
2
5398 18 14 0
5397 14 24 0
2
42 198 
2
6117 16 16 0
6116 16 18 0
2
20 40 
2
6113 14 16 0
6114 10 16 0
2
21 41 
2
5395 20 14 0
5396 20 12 0
2
38 40 
2
6114 4 16 0
6115 10 16 0
2
39 41 
2
5396 22 8 0
5397 20 12 0
2
245 42 
2
6117 34 32 0
6118 16 16 0
2
40 42 
2
6118 10 16 0
6119 16 16 0
2
245 42 
2
6120 34 32 0
6120 16 16 0
2
20 42 
2
6120 14 16 0
6121 16 16 0
2
244 42 
2
6122 34 34 0
6122 16 16 0
2
40 42 
2
6122 10 16 0
6123 16 16 0
2
246 42 
2
6123 34 30 0
6124 16 16 0
2
244 43 
2
5398 34 34 0
5399 18 14 0
2
41 43 
2
5399 20 12 0
5400 18 14 0
2
244 43 
2
5401 34 34 0
5401 18 14 0
2
21 43 
2
5401 20 14 0
5402 18 14 0
2
247 43 
2
5402 34 28 0
5403 18 14 0
2
41 43 
2
5403 20 12 0
5404 18 14 0
2
245 43 
2
5404 34 32 0
5405 18 14 0
2
42 197 
2
6125 16 16 0
6124 16 22 0
2
43 237 
2
5406 18 14 0
5405 20 28 0
2
42 198 
2
6126 16 16 0
6125 16 18 0
2
42 199 
2
6127 16 16 0
6126 14 28 0
2
40 42 
2
6127 10 16 0
6128 16 16 0
2
41 43 
2
5406 20 12 0
5407 18 14 0
2
42 197 
2
6129 16 16 0
6128 16 22 0
2
43 236 
2
5408 18 14 0
5407 8 10 0
2
42 198 
2
6130 16 16 0
6129 16 18 0
2
42 199 
2
6131 16 16 0
6130 14 28 0
2
20 40 
2
6127 14 16 0
6128 10 16 0
2
21 41 
2
5406 20 14 0
5407 20 12 0
2
18 38 
2
6114 4 18 0
6115 4 16 0
2
19 39 
2
5396 20 8 0
5397 22 8 0
2
36 38 
2
6115 4 22 0
6116 4 16 0
2
37 39 
2
5397 24 4 0
5398 22 8 0
2
244 40 
2
6128 34 34 0
6129 10 16 0
2
38 40 
2
6129 4 16 0
6130 10 16 0
2
244 40 
2
6131 34 34 0
6131 10 16 0
2
18 40 
2
6131 4 18 0
6132 10 16 0
2
246 40 
2
6132 34 30 0
6133 10 16 0
2
38 40 
2
6133 4 16 0
6134 10 16 0
2
244 40 
2
6134 34 34 0
6135 10 16 0
2
245 41 
2
5407 34 32 0
5408 20 12 0
2
39 41 
2
5408 22 8 0
5409 20 12 0
2
244 41 
2
5410 34 34 0
5410 20 12 0
2
19 41 
2
5410 20 8 0
5411 20 12 0
2
245 41 
2
5411 34 32 0
5412 20 12 0
2
39 41 
2
5412 22 8 0
5413 20 12 0
2
244 41 
2
5413 34 34 0
5414 20 12 0
2
245 42 
2
6131 34 32 0
6132 16 16 0
2
40 42 
2
6136 10 16 0
6135 16 16 0
2
245 42 
2
6135 34 32 0
6136 16 16 0
2
20 42 
2
6136 14 16 0
6137 16 16 0
2
244 42 
2
6137 34 34 0
6138 16 16 0
2
40 42 
2
6138 10 16 0
6139 16 16 0
2
244 42 
2
6140 34 34 0
6140 16 16 0
2
247 43 
2
5408 34 28 0
5409 18 14 0
2
41 43 
2
5415 20 12 0
5414 18 14 0
2
245 43 
2
5414 34 32 0
5415 18 14 0
2
21 43 
2
5415 20 14 0
5416 18 14 0
2
244 43 
2
5416 34 34 0
5417 18 14 0
2
41 43 
2
5417 20 12 0
5418 18 14 0
2
244 43 
2
5419 34 34 0
5419 18 14 0
2
42 196 
2
6141 16 16 0
6140 8 18 0
2
43 236 
2
5420 18 14 0
5419 8 10 0
2
42 197 
2
6142 16 16 0
6141 16 22 0
2
43 237 
2
5421 18 14 0
5420 20 28 0
2
42 198 
2
6143 16 16 0
6142 16 18 0
2
42 199 
2
6144 16 16 0
6143 14 28 0
2
42 200 
2
6145 16 16 0
6144 10 18 0
2
42 201 
2
6146 16 16 0
6145 18 20 0
2
42 202 
2
6147 16 16 0
6146 14 14 0
2
42 203 
2
6148 16 16 0
6147 2 14 0
2
42 204 
2
6149 16 16 0
6148 20 20 0
2
42 205 
2
6150 16 16 0
6149 18 10 0
2
42 206 
2
6151 16 16 0
6150 26 24 0
2
42 207 
2
6152 16 16 0
6151 4 10 0
2
42 208 
2
6153 16 16 0
6152 32 16 0
2
42 209 
2
6154 16 16 0
6153 2 18 0
2
42 210 
2
6155 16 16 0
6154 8 24 0
2
42 211 
2
6156 16 16 0
6155 6 18 0
2
42 212 
2
6157 16 16 0
6156 16 24 0
2
42 213 
2
6158 16 16 0
6157 16 32 0
2
42 214 
2
6159 16 16 0
6158 12 20 0
2
42 215 
2
6160 16 16 0
6159 18 16 0
2
42 216 
2
6161 16 16 0
6160 8 20 0
2
40 42 
2
6161 10 16 0
6162 16 16 0
2
41 43 
2
5421 20 12 0
5422 18 14 0
2
42 196 
2
6163 16 16 0
6162 8 18 0
2
43 239 
2
5423 18 14 0
5422 16 20 0
2
42 197 
2
6164 16 16 0
6163 16 22 0
2
42 198 
2
6165 16 16 0
6164 16 18 0
2
42 199 
2
6166 16 16 0
6165 14 28 0
2
42 200 
2
6167 16 16 0
6166 10 18 0
2
42 201 
2
6168 16 16 0
6167 18 20 0
2
42 202 
2
6169 16 16 0
6168 14 14 0
2
42 203 
2
6170 16 16 0
6169 2 14 0
2
42 204 
2
6171 16 16 0
6170 20 20 0
2
42 205 
2
6172 16 16 0
6171 18 10 0
2
42 206 
2
6173 16 16 0
6172 26 24 0
2
42 207 
2
6174 16 16 0
6173 4 10 0
2
42 208 
2
6175 16 16 0
6174 32 16 0
2
42 209 
2
6176 16 16 0
6175 2 18 0
2
42 210 
2
6177 16 16 0
6176 8 24 0
2
42 211 
2
6178 16 16 0
6177 6 18 0
2
42 212 
2
6179 16 16 0
6178 16 24 0
2
42 213 
2
6180 16 16 0
6179 16 32 0
2
42 214 
2
6181 16 16 0
6180 12 20 0
2
42 215 
2
6182 16 16 0
6181 18 16 0
2
42 216 
2
6183 16 16 0
6182 8 20 0
2
20 40 
2
6161 14 16 0
6162 10 16 0
2
21 41 
2
5421 20 14 0
5422 20 12 0
2
38 40 
2
6162 4 16 0
6163 10 16 0
2
39 41 
2
5422 22 8 0
5423 20 12 0
2
244 42 
2
6183 34 34 0
6184 16 16 0
2
40 42 
2
6184 10 16 0
6185 16 16 0
2
244 42 
2
6186 34 34 0
6186 16 16 0
2
20 42 
2
6186 14 16 0
6187 16 16 0
2
245 42 
2
6187 34 32 0
6188 16 16 0
2
40 42 
2
6188 10 16 0
6189 16 16 0
2
244 42 
2
6189 34 34 0
6190 16 16 0
2
245 43 
2
5423 34 32 0
5424 18 14 0
2
41 43 
2
5424 20 12 0
5425 18 14 0
2
245 43 
2
5426 34 32 0
5426 18 14 0
2
21 43 
2
5426 20 14 0
5427 18 14 0
2
248 43 
2
5427 34 26 0
5428 18 14 0
2
41 43 
2
5428 20 12 0
5429 18 14 0
2
245 43 
2
5429 34 32 0
5430 18 14 0
2
42 197 
2
6191 16 16 0
6190 16 22 0
2
43 238 
2
5431 18 14 0
5430 14 10 0
2
42 198 
2
6192 16 16 0
6191 16 18 0
2
42 199 
2
6193 16 16 0
6192 14 28 0
2
42 200 
2
6194 16 16 0
6193 10 18 0
2
42 201 
2
6195 16 16 0
6194 18 20 0
2
42 202 
2
6196 16 16 0
6195 14 14 0
2
42 203 
2
6197 16 16 0
6196 2 14 0
2
42 204 
2
6198 16 16 0
6197 20 20 0
2
42 205 
2
6199 16 16 0
6198 18 10 0
2
42 206 
2
6200 16 16 0
6199 26 24 0
2
42 207 
2
6201 16 16 0
6200 4 10 0
2
42 208 
2
6202 16 16 0
6201 32 16 0
2
42 209 
2
6203 16 16 0
6202 2 18 0
2
42 210 
2
6204 16 16 0
6203 8 24 0
2
42 211 
2
6205 16 16 0
6204 6 18 0
2
42 212 
2
6206 16 16 0
6205 16 24 0
2
42 213 
2
6207 16 16 0
6206 16 32 0
2
42 214 
2
6208 16 16 0
6207 12 20 0
2
42 215 
2
6209 16 16 0
6208 18 16 0
2
42 216 
2
6210 16 16 0
6209 8 20 0
2
42 217 
2
6211 16 16 0
6210 14 26 0
2
40 42 
2
6211 10 16 0
6212 16 16 0
2
41 43 
2
5431 20 12 0
5432 18 14 0
2
42 197 
2
6213 16 16 0
6212 16 22 0
2
43 238 
2
5433 18 14 0
5432 14 10 0
2
42 198 
2
6214 16 16 0
6213 16 18 0
2
43 239 
2
5434 18 14 0
5433 16 20 0
2
42 199 
2
6215 16 16 0
6214 14 28 0
2
42 200 
2
6216 16 16 0
6215 10 18 0
2
42 201 
2
6217 16 16 0
6216 18 20 0
2
42 202 
2
6218 16 16 0
6217 14 14 0
2
42 203 
2
6219 16 16 0
6218 2 14 0
2
42 204 
2
6220 16 16 0
6219 20 20 0
2
42 205 
2
6221 16 16 0
6220 18 10 0
2
42 206 
2
6222 16 16 0
6221 26 24 0
2
42 207 
2
6223 16 16 0
6222 4 10 0
2
42 208 
2
6224 16 16 0
6223 32 16 0
2
42 209 
2
6225 16 16 0
6224 2 18 0
2
42 210 
2
6226 16 16 0
6225 8 24 0
2
42 211 
2
6227 16 16 0
6226 6 18 0
2
42 212 
2
6228 16 16 0
6227 16 24 0
2
42 213 
2
6229 16 16 0
6228 16 32 0
2
42 214 
2
6230 16 16 0
6229 12 20 0
2
42 215 
2
6231 16 16 0
6230 18 16 0
2
42 216 
2
6232 16 16 0
6231 8 20 0
2
42 217 
2
6233 16 16 0
6232 14 26 0
2
20 40 
2
6211 14 16 0
6212 10 16 0
2
21 41 
2
5431 20 14 0
5432 20 12 0
2
18 38 
2
6162 4 18 0
6163 4 16 0
2
19 39 
2
5422 20 8 0
5423 22 8 0
2
16 36 
2
6115 4 24 0
6116 4 22 0
2
17 37 
2
5397 26 4 0
5398 24 4 0
2
14 34 
2
5986 4 26 0
5987 2 24 0
2
15 35 
2
5349 26 2 0
5350 28 2 0
2
32 34 
2
5987 2 28 0
5988 2 24 0
2
33 35 
2
5350 32 2 0
5351 28 2 0
2
244 36 
2
6116 34 34 0
6117 4 22 0
2
34 36 
2
6117 2 24 0
6118 4 22 0
2
244 36 
2
6119 34 34 0
6119 4 22 0
2
14 36 
2
6119 4 26 0
6120 4 22 0
2
246 36 
2
6120 34 30 0
6121 4 22 0
2
34 36 
2
6121 2 24 0
6122 4 22 0
2
245 36 
2
6123 34 32 0
6123 4 22 0
2
245 37 
2
5398 34 32 0
5399 24 4 0
2
35 37 
2
5399 28 2 0
5400 24 4 0
2
245 37 
2
5401 34 32 0
5401 24 4 0
2
15 37 
2
5401 26 2 0
5402 24 4 0
2
248 37 
2
5402 34 26 0
5403 24 4 0
2
35 37 
2
5403 28 2 0
5404 24 4 0
2
246 37 
2
5405 34 30 0
5405 24 4 0
2
244 38 
2
6163 34 34 0
6164 4 16 0
2
36 38 
2
6164 4 22 0
6165 4 16 0
2
244 38 
2
6166 34 34 0
6166 4 16 0
2
16 38 
2
6166 4 24 0
6167 4 16 0
2
245 38 
2
6167 34 32 0
6168 4 16 0
2
36 38 
2
6168 4 22 0
6169 4 16 0
2
244 38 
2
6169 34 34 0
6170 4 16 0
2
246 39 
2
5423 34 30 0
5424 22 8 0
2
37 39 
2
5424 24 4 0
5425 22 8 0
2
246 39 
2
5426 34 30 0
5426 22 8 0
2
17 39 
2
5426 26 4 0
5427 22 8 0
2
249 39 
2
5427 34 24 0
5428 22 8 0
2
37 39 
2
5428 24 4 0
5429 22 8 0
2
246 39 
2
5429 34 30 0
5430 22 8 0
2
244 40 
2
6212 34 34 0
6213 10 16 0
2
38 40 
2
6213 4 16 0
6214 10 16 0
2
244 40 
2
6215 34 34 0
6215 10 16 0
2
18 40 
2
6215 4 18 0
6216 10 16 0
2
245 40 
2
6216 34 32 0
6217 10 16 0
2
38 40 
2
6217 4 16 0
6218 10 16 0
2
244 40 
2
6218 34 34 0
6219 10 16 0
2
244 41 
2
5432 34 34 0
5433 20 12 0
2
39 41 
2
5433 22 8 0
5434 20 12 0
2
244 41 
2
5435 34 34 0
5435 20 12 0
2
19 41 
2
5435 20 8 0
5436 20 12 0
2
245 41 
2
5437 34 32 0
5437 20 12 0
2
39 41 
2
5437 22 8 0
5438 20 12 0
2
247 41 
2
5438 34 28 0
5439 20 12 0
2
244 42 
2
6233 34 34 0
6234 16 16 0
2
40 42 
2
6234 10 16 0
6235 16 16 0
2
244 42 
2
6236 34 34 0
6236 16 16 0
2
20 42 
2
6236 14 16 0
6237 16 16 0
2
245 42 
2
6237 34 32 0
6238 16 16 0
2
40 42 
2
6238 10 16 0
6239 16 16 0
2
244 42 
2
6239 34 34 0
6240 16 16 0
2
245 43 
2
5434 34 32 0
5435 18 14 0
2
41 43 
2
5440 20 12 0
5439 18 14 0
2
249 43 
2
5439 34 24 0
5440 18 14 0
2
21 43 
2
5440 20 14 0
5441 18 14 0
2
247 43 
2
5441 34 28 0
5442 18 14 0
2
41 43 
2
5442 20 12 0
5443 18 14 0
2
245 43 
2
5443 34 32 0
5444 18 14 0
2
42 216 
2
6241 16 16 0
6240 8 20 0
2
43 45 
2
5445 18 14 0
5444 16 2 0
2
42 217 
2
6242 16 16 0
6241 14 26 0
2
42 218 
2
6243 16 16 0
6242 10 24 0
2
40 42 
2
6243 10 16 0
6244 16 16 0
2
41 43 
2
5445 20 12 0
5446 18 14 0
2
42 216 
2
6245 16 16 0
6244 8 20 0
2
43 50 
2
5447 18 14 0
5446 4 12 0
2
42 217 
2
6246 16 16 0
6245 14 26 0
2
42 218 
2
6247 16 16 0
6246 10 24 0
2
20 40 
2
6243 14 16 0
6244 10 16 0
2
21 41 
2
5445 20 14 0
5446 20 12 0
2
38 40 
2
6244 4 16 0
6245 10 16 0
2
39 41 
2
5446 22 8 0
5447 20 12 0
2
244 42 
2
6247 34 34 0
6248 16 16 0
2
40 42 
2
6248 10 16 0
6249 16 16 0
2
244 42 
2
6250 34 34 0
6250 16 16 0
2
20 42 
2
6250 14 16 0
6251 16 16 0
2
246 42 
2
6251 34 30 0
6252 16 16 0
2
40 42 
2
6252 10 16 0
6253 16 16 0
2
244 42 
2
6253 34 34 0
6254 16 16 0
2
244 43 
2
5447 34 34 0
5448 18 14 0
2
41 43 
2
5448 20 12 0
5449 18 14 0
2
244 43 
2
5450 34 34 0
5450 18 14 0
2
21 43 
2
5450 20 14 0
5451 18 14 0
2
247 43 
2
5451 34 28 0
5452 18 14 0
2
41 43 
2
5452 20 12 0
5453 18 14 0
2
245 43 
2
5454 34 32 0
5454 18 14 0
2
42 217 
2
6255 16 16 0
6254 14 26 0
2
43 50 
2
5455 18 14 0
5454 4 12 0
2
42 218 
2
6256 16 16 0
6255 10 24 0
2
43 45 
2
5456 18 14 0
5455 16 2 0
2
42 219 
2
6257 16 16 0
6256 24 24 0
2
40 42 
2
6257 10 16 0
6258 16 16 0
2
41 43 
2
5456 20 12 0
5457 18 14 0
2
42 217 
2
6259 16 16 0
6258 14 26 0
2
43 49 
2
5458 18 14 0
5457 32 14 0
2
42 218 
2
6260 16 16 0
6259 10 24 0
2
42 219 
2
6261 16 16 0
6260 24 24 0
2
20 40 
2
6257 14 16 0
6258 10 16 0
2
21 41 
2
5456 20 14 0
5457 20 12 0
2
18 38 
2
6244 4 18 0
6245 4 16 0
2
19 39 
2
5446 20 8 0
5447 22 8 0
2
36 38 
2
6245 4 22 0
6246 4 16 0
2
37 39 
2
5447 24 4 0
5448 22 8 0
2
244 40 
2
6258 34 34 0
6259 10 16 0
2
38 40 
2
6259 4 16 0
6260 10 16 0
2
244 40 
2
6261 34 34 0
6261 10 16 0
2
18 40 
2
6261 4 18 0
6262 10 16 0
2
246 40 
2
6262 34 30 0
6263 10 16 0
2
38 40 
2
6263 4 16 0
6264 10 16 0
2
244 40 
2
6264 34 34 0
6265 10 16 0
2
246 41 
2
5458 34 30 0
5458 20 12 0
2
39 41 
2
5458 22 8 0
5459 20 12 0
2
247 41 
2
5459 34 28 0
5460 20 12 0
2
19 41 
2
5460 20 8 0
5461 20 12 0
2
244 41 
2
5462 34 34 0
5462 20 12 0
2
39 41 
2
5462 22 8 0
5463 20 12 0
2
245 41 
2
5463 34 32 0
5464 20 12 0
2
245 42 
2
6261 34 32 0
6262 16 16 0
2
40 42 
2
6266 10 16 0
6265 16 16 0
2
245 42 
2
6265 34 32 0
6266 16 16 0
2
20 42 
2
6266 14 16 0
6267 16 16 0
2
244 42 
2
6267 34 34 0
6268 16 16 0
2
40 42 
2
6268 10 16 0
6269 16 16 0
2
244 42 
2
6270 34 34 0
6270 16 16 0
2
244 43 
2
5459 34 34 0
5459 18 14 0
2
41 43 
2
5465 20 12 0
5464 18 14 0
2
244 43 
2
5465 34 34 0
5465 18 14 0
2
21 43 
2
5465 20 14 0
5466 18 14 0
2
245 43 
2
5466 34 32 0
5467 18 14 0
2
41 43 
2
5467 20 12 0
5468 18 14 0
2
244 43 
2
5468 34 34 0
5469 18 14 0
2
42 216 
2
6271 16 16 0
6270 8 20 0
2
43 47 
2
5470 18 14 0
5469 26 12 0
2
42 217 
2
6272 16 16 0
6271 14 26 0
2
42 218 
2
6273 16 16 0
6272 10 24 0
2
42 219 
2
6274 16 16 0
6273 24 24 0
2
42 220 
2
6275 16 16 0
6274 12 24 0
2
42 221 
2
6276 16 16 0
6275 6 22 0
2
42 222 
2
6277 16 16 0
6276 6 14 0
2
42 223 
2
6278 16 16 0
6277 14 12 0
2
42 224 
2
6279 16 16 0
6278 24 12 0
2
42 225 
2
6280 16 16 0
6279 20 18 0
2
42 226 
2
6281 16 16 0
6280 18 32 0
2
42 227 
2
6282 16 16 0
6281 2 12 0
2
42 228 
2
6283 16 16 0
6282 12 2 0
2
42 229 
2
6284 16 16 0
6283 2 16 0
2
42 230 
2
6285 16 16 0
6284 10 8 0
2
42 231 
2
6286 16 16 0
6285 14 30 0
2
42 232 
2
6287 16 16 0
6286 26 22 0
2
42 233 
2
6288 16 16 0
6287 8 22 0
2
42 234 
2
6289 16 16 0
6288 12 22 0
2
42 235 
2
6290 16 16 0
6289 14 24 0
2
42 236 
2
6291 16 16 0
6290 8 10 0
2
40 42 
2
6291 10 16 0
6292 16 16 0
2
41 43 
2
5470 20 12 0
5471 18 14 0
2
42 216 
2
6293 16 16 0
6292 8 20 0
2
43 47 
2
5472 18 14 0
5471 26 12 0
2
42 217 
2
6294 16 16 0
6293 14 26 0
2
43 49 
2
5473 18 14 0
5472 32 14 0
2
42 218 
2
6295 16 16 0
6294 10 24 0
2
42 219 
2
6296 16 16 0
6295 24 24 0
2
42 220 
2
6297 16 16 0
6296 12 24 0
2
42 221 
2
6298 16 16 0
6297 6 22 0
2
42 222 
2
6299 16 16 0
6298 6 14 0
2
42 223 
2
6300 16 16 0
6299 14 12 0
2
42 224 
2
6301 16 16 0
6300 24 12 0
2
42 225 
2
6302 16 16 0
6301 20 18 0
2
42 226 
2
6303 16 16 0
6302 18 32 0
2
42 227 
2
6304 16 16 0
6303 2 12 0
2
42 228 
2
6305 16 16 0
6304 12 2 0
2
42 229 
2
6306 16 16 0
6305 2 16 0
2
42 230 
2
6307 16 16 0
6306 10 8 0
2
42 231 
2
6308 16 16 0
6307 14 30 0
2
42 232 
2
6309 16 16 0
6308 26 22 0
2
42 233 
2
6310 16 16 0
6309 8 22 0
2
42 234 
2
6311 16 16 0
6310 12 22 0
2
42 235 
2
6312 16 16 0
6311 14 24 0
2
42 236 
2
6313 16 16 0
6312 8 10 0
2
20 40 
2
6291 14 16 0
6292 10 16 0
2
21 41 
2
5470 20 14 0
5471 20 12 0
2
38 40 
2
6292 4 16 0
6293 10 16 0
2
39 41 
2
5471 22 8 0
5472 20 12 0
2
244 42 
2
6313 34 34 0
6314 16 16 0
2
40 42 
2
6314 10 16 0
6315 16 16 0
2
244 42 
2
6316 34 34 0
6316 16 16 0
2
20 42 
2
6316 14 16 0
6317 16 16 0
2
245 42 
2
6317 34 32 0
6318 16 16 0
2
40 42 
2
6318 10 16 0
6319 16 16 0
2
244 42 
2
6319 34 34 0
6320 16 16 0
2
245 43 
2
5473 34 32 0
5474 18 14 0
2
41 43 
2
5474 20 12 0
5475 18 14 0
2
245 43 
2
5476 34 32 0
5476 18 14 0
2
21 43 
2
5476 20 14 0
5477 18 14 0
2
244 43 
2
5478 34 34 0
5478 18 14 0
2
41 43 
2
5478 20 12 0
5479 18 14 0
2
246 43 
2
5479 34 30 0
5480 18 14 0
2
42 217 
2
6321 16 16 0
6320 14 26 0
2
43 53 
2
5481 18 14 0
5480 18 8 0
2
42 218 
2
6322 16 16 0
6321 10 24 0
2
42 219 
2
6323 16 16 0
6322 24 24 0
2
42 220 
2
6324 16 16 0
6323 12 24 0
2
42 221 
2
6325 16 16 0
6324 6 22 0
2
42 222 
2
6326 16 16 0
6325 6 14 0
2
42 223 
2
6327 16 16 0
6326 14 12 0
2
42 224 
2
6328 16 16 0
6327 24 12 0
2
42 225 
2
6329 16 16 0
6328 20 18 0
2
42 226 
2
6330 16 16 0
6329 18 32 0
2
42 227 
2
6331 16 16 0
6330 2 12 0
2
42 228 
2
6332 16 16 0
6331 12 2 0
2
42 229 
2
6333 16 16 0
6332 2 16 0
2
42 230 
2
6334 16 16 0
6333 10 8 0
2
42 231 
2
6335 16 16 0
6334 14 30 0
2
42 232 
2
6336 16 16 0
6335 26 22 0
2
42 233 
2
6337 16 16 0
6336 8 22 0
2
42 234 
2
6338 16 16 0
6337 12 22 0
2
42 235 
2
6339 16 16 0
6338 14 24 0
2
42 236 
2
6340 16 16 0
6339 8 10 0
2
42 237 
2
6341 16 16 0
6340 20 28 0
2
40 42 
2
6341 10 16 0
6342 16 16 0
2
41 43 
2
5481 20 12 0
5482 18 14 0
2
42 217 
2
6343 16 16 0
6342 14 26 0
2
43 52 
2
5483 18 14 0
5482 18 4 0
2
42 218 
2
6344 16 16 0
6343 10 24 0
2
42 219 
2
6345 16 16 0
6344 24 24 0
2
42 220 
2
6346 16 16 0
6345 12 24 0
2
42 221 
2
6347 16 16 0
6346 6 22 0
2
42 222 
2
6348 16 16 0
6347 6 14 0
2
42 223 
2
6349 16 16 0
6348 14 12 0
2
42 224 
2
6350 16 16 0
6349 24 12 0
2
42 225 
2
6351 16 16 0
6350 20 18 0
2
42 226 
2
6352 16 16 0
6351 18 32 0
2
42 227 
2
6353 16 16 0
6352 2 12 0
2
42 228 
2
6354 16 16 0
6353 12 2 0
2
42 229 
2
6355 16 16 0
6354 2 16 0
2
42 230 
2
6356 16 16 0
6355 10 8 0
2
42 231 
2
6357 16 16 0
6356 14 30 0
2
42 232 
2
6358 16 16 0
6357 26 22 0
2
42 233 
2
6359 16 16 0
6358 8 22 0
2
42 234 
2
6360 16 16 0
6359 12 22 0
2
42 235 
2
6361 16 16 0
6360 14 24 0
2
42 236 
2
6362 16 16 0
6361 8 10 0
2
42 237 
2
6363 16 16 0
6362 20 28 0
2
20 40 
2
6341 14 16 0
6342 10 16 0
2
21 41 
2
5481 20 14 0
5482 20 12 0
2
18 38 
2
6292 4 18 0
6293 4 16 0
2
19 39 
2
5471 20 8 0
5472 22 8 0
2
16 36 
2
6245 4 24 0
6246 4 22 0
2
17 37 
2
5447 26 4 0
5448 24 4 0
2
34 36 
2
6246 2 24 0
6247 4 22 0
2
35 37 
2
5448 28 2 0
5449 24 4 0
2
244 38 
2
6293 34 34 0
6294 4 16 0
2
36 38 
2
6294 4 22 0
6295 4 16 0
2
244 38 
2
6296 34 34 0
6296 4 16 0
2
16 38 
2
6296 4 24 0
6297 4 16 0
2
245 38 
2
6297 34 32 0
6298 4 16 0
2
36 38 
2
6298 4 22 0
6299 4 16 0
2
244 38 
2
6299 34 34 0
6300 4 16 0
2
244 39 
2
5472 34 34 0
5473 22 8 0
2
37 39 
2
5473 24 4 0
5474 22 8 0
2
244 39 
2
5475 34 34 0
5475 22 8 0
2
17 39 
2
5475 26 4 0
5476 22 8 0
2
246 39 
2
5476 34 30 0
5477 22 8 0
2
37 39 
2
5477 24 4 0
5478 22 8 0
2
245 39 
2
5479 34 32 0
5479 22 8 0
2
244 40 
2
6342 34 34 0
6343 10 16 0
2
38 40 
2
6343 4 16 0
6344 10 16 0
2
244 40 
2
6345 34 34 0
6345 10 16 0
2
18 40 
2
6345 4 18 0
6346 10 16 0
2
245 40 
2
6346 34 32 0
6347 10 16 0
2
38 40 
2
6347 4 16 0
6348 10 16 0
2
244 40 
2
6348 34 34 0
6349 10 16 0
2
244 41 
2
5482 34 34 0
5483 20 12 0
2
39 41 
2
5483 22 8 0
5484 20 12 0
2
244 41 
2
5485 34 34 0
5485 20 12 0
2
19 41 
2
5485 20 8 0
5486 20 12 0
2
245 41 
2
5486 34 32 0
5487 20 12 0
2
39 41 
2
5487 22 8 0
5488 20 12 0
2
245 41 
2
5489 34 32 0
5489 20 12 0
2
244 42 
2
6363 34 34 0
6364 16 16 0
2
40 42 
2
6364 10 16 0
6365 16 16 0
2
244 42 
2
6366 34 34 0
6366 16 16 0
2
20 42 
2
6366 14 16 0
6367 16 16 0
2
245 42 
2
6367 34 32 0
6368 16 16 0
2
40 42 
2
6368 10 16 0
6369 16 16 0
2
244 42 
2
6369 34 34 0
6370 16 16 0
2
245 43 
2
5483 34 32 0
5484 18 14 0
2
41 43 
2
5490 20 12 0
5489 18 14 0
2
246 43 
2
5489 34 30 0
5490 18 14 0
2
21 43 
2
5490 20 14 0
5491 18 14 0
2
244 43 
2
5491 34 34 0
5492 18 14 0
2
41 43 
2
5492 20 12 0
5493 18 14 0
2
244 43 
2
5494 34 34 0
5494 18 14 0
2
42 236 
2
6371 16 16 0
6370 8 10 0
2
43 52 
2
5495 18 14 0
5494 18 4 0
2
42 237 
2
6372 16 16 0
6371 20 28 0
2
43 53 
2
5496 18 14 0
5495 18 8 0
2
42 238 
2
6373 16 16 0
6372 14 10 0
2
40 42 
2
6373 10 16 0
6374 16 16 0
2
41 43 
2
5496 20 12 0
5497 18 14 0
2
42 236 
2
6375 16 16 0
6374 8 10 0
2
43 55 
2
5498 18 14 0
5497 24 2 0
2
42 237 
2
6376 16 16 0
6375 20 28 0
2
42 238 
2
6377 16 16 0
6376 14 10 0
2
20 40 
2
6373 14 16 0
6374 10 16 0
2
21 41 
2
5496 20 14 0
5497 20 12 0
2
38 40 
2
6374 4 16 0
6375 10 16 0
2
39 41 
2
5497 22 8 0
5498 20 12 0
2
245 42 
2
6377 34 32 0
6378 16 16 0
2
40 42 
2
6378 10 16 0
6379 16 16 0
2
245 42 
2
6380 34 32 0
6380 16 16 0
2
20 42 
2
6380 14 16 0
6381 16 16 0
2
244 42 
2
6382 34 34 0
6382 16 16 0
2
40 42 
2
6382 10 16 0
6383 16 16 0
2
246 42 
2
6383 34 30 0
6384 16 16 0
2
244 43 
2
5498 34 34 0
5499 18 14 0
2
41 43 
2
5499 20 12 0
5500 18 14 0
2
244 43 
2
5501 34 34 0
5501 18 14 0
2
21 43 
2
5501 20 14 0
5502 18 14 0
2
246 43 
2
5502 34 30 0
5503 18 14 0
2
41 43 
2
5503 20 12 0
5504 18 14 0
2
245 43 
2
5505 34 32 0
5505 18 14 0
2
42 237 
2
6385 16 16 0
6384 20 28 0
2
43 54 
2
5506 18 14 0
5505 24 6 0
2
42 238 
2
6386 16 16 0
6385 14 10 0
2
42 239 
2
6387 16 16 0
6386 16 20 0
2
40 42 
2
6387 10 16 0
6388 16 16 0
2
41 43 
2
5506 20 12 0
5507 18 14 0
2
42 237 
2
6389 16 16 0
6388 20 28 0
2
43 54 
2
5508 18 14 0
5507 24 6 0
2
42 238 
2
6390 16 16 0
6389 14 10 0
2
43 55 
2
5509 18 14 0
5508 24 2 0
2
42 239 
2
6391 16 16 0
6390 16 20 0
2
20 40 
2
6387 14 16 0
6388 10 16 0
2
21 41 
2
5506 20 14 0
5507 20 12 0
2
18 38 
2
6374 4 18 0
6375 4 16 0
2
19 39 
2
5497 20 8 0
5498 22 8 0
2
36 38 
2
6375 4 22 0
6376 4 16 0
2
37 39 
2
5498 24 4 0
5499 22 8 0
2
244 40 
2
6388 34 34 0
6389 10 16 0
2
38 40 
2
6389 4 16 0
6390 10 16 0
2
244 40 
2
6391 34 34 0
6391 10 16 0
2
18 40 
2
6391 4 18 0
6392 10 16 0
2
246 40 
2
6392 34 30 0
6393 10 16 0
2
38 40 
2
6393 4 16 0
6394 10 16 0
2
244 40 
2
6394 34 34 0
6395 10 16 0
2
245 41 
2
5508 34 32 0
5508 20 12 0
2
39 41 
2
5508 22 8 0
5509 20 12 0
2
246 41 
2
5509 34 30 0
5510 20 12 0
2
19 41 
2
5510 20 8 0
5511 20 12 0
2
245 41 
2
5511 34 32 0
5512 20 12 0
2
39 41 
2
5512 22 8 0
5513 20 12 0
2
244 41 
2
5513 34 34 0
5514 20 12 0
2
245 42 
2
6391 34 32 0
6392 16 16 0
2
40 42 
2
6396 10 16 0
6395 16 16 0
2
245 42 
2
6395 34 32 0
6396 16 16 0
2
20 42 
2
6396 14 16 0
6397 16 16 0
2
244 42 
2
6397 34 34 0
6398 16 16 0
2
40 42 
2
6398 10 16 0
6399 16 16 0
2
244 42 
2
6400 34 34 0
6400 16 16 0
2
247 43 
2
5509 34 28 0
5510 18 14 0
2
41 43 
2
5515 20 12 0
5514 18 14 0
2
245 43 
2
5514 34 32 0
5515 18 14 0
2
21 43 
2
5515 20 14 0
5516 18 14 0
2
244 43 
2
5516 34 34 0
5517 18 14 0
2
41 43 
2
5517 20 12 0
5518 18 14 0
2
244 43 
2
5519 34 34 0
5519 18 14 0
2
42 236 
2
6401 16 16 0
6400 8 10 0
2
43 57 
2
5520 18 14 0
5519 22 28 0
2
42 237 
2
6402 16 16 0
6401 20 28 0
2
42 238 
2
6403 16 16 0
6402 14 10 0
2
42 239 
2
6404 16 16 0
6403 16 20 0
2
42 50 
2
6405 16 16 0
6404 4 12 0
2
42 45 
2
6406 16 16 0
6405 16 2 0
2
42 47 
2
6407 16 16 0
6406 26 12 0
2
42 49 
2
6408 16 16 0
6407 32 14 0
2
42 52 
2
6409 16 16 0
6408 18 4 0
2
42 53 
2
6410 16 16 0
6409 18 8 0
2
42 54 
2
6411 16 16 0
6410 24 6 0
2
42 55 
2
6412 16 16 0
6411 24 2 0
2
42 56 
2
6413 16 16 0
6412 32 18 0
2
42 57 
2
6414 16 16 0
6413 22 28 0
2
42 58 
2
6415 16 16 0
6414 10 10 0
2
42 59 
2
6416 16 16 0
6415 28 16 0
2
42 60 
2
6417 16 16 0
6416 16 8 0
2
42 61 
2
6418 16 16 0
6417 18 30 0
2
42 62 
2
6419 16 16 0
6418 20 24 0
2
42 63 
2
6420 16 16 0
6419 16 12 0
2
42 64 
2
6421 16 16 0
6420 16 6 0
2
40 42 
2
6421 10 16 0
6422 16 16 0
2
41 43 
2
5520 20 12 0
5521 18 14 0
2
42 236 
2
6423 16 16 0
6422 8 10 0
2
43 56 
2
6412 18 14 0
6413 32 18 0
2
42 237 
2
6424 16 16 0
6423 20 28 0
2
42 238 
2
6425 16 16 0
6424 14 10 0
2
42 239 
2
6426 16 16 0
6425 16 20 0
2
42 50 
2
6427 16 16 0
6426 4 12 0
2
42 45 
2
6428 16 16 0
6427 16 2 0
2
42 47 
2
6429 16 16 0
6428 26 12 0
2
42 49 
2
6430 16 16 0
6429 32 14 0
2
42 52 
2
6431 16 16 0
6430 18 4 0
2
42 53 
2
6432 16 16 0
6431 18 8 0
2
42 54 
2
6433 16 16 0
6432 24 6 0
2
42 55 
2
6434 16 16 0
6433 24 2 0
2
42 56 
2
6435 16 16 0
6434 32 18 0
2
42 57 
2
6436 16 16 0
6435 22 28 0
2
42 58 
2
6437 16 16 0
6436 10 10 0
2
42 59 
2
6438 16 16 0
6437 28 16 0
2
42 60 
2
6439 16 16 0
6438 16 8 0
2
42 61 
2
6440 16 16 0
6439 18 30 0
2
42 62 
2
6441 16 16 0
6440 20 24 0
2
42 63 
2
6442 16 16 0
6441 16 12 0
2
42 64 
2
6443 16 16 0
6442 16 6 0
2
20 40 
2
6421 14 16 0
6422 10 16 0
2
21 41 
2
5520 20 14 0
5521 20 12 0
2
38 40 
2
6422 4 16 0
6423 10 16 0
2
39 41 
2
5521 22 8 0
5522 20 12 0
2
245 42 
2
6443 34 32 0
6444 16 16 0
2
40 42 
2
6444 10 16 0
6445 16 16 0
2
244 42 
2
6445 34 34 0
6446 16 16 0
2
20 42 
2
6446 14 16 0
6447 16 16 0
2
244 42 
2
6448 34 34 0
6448 16 16 0
2
40 42 
2
6448 10 16 0
6449 16 16 0
2
245 42 
2
6449 34 32 0
6450 16 16 0
2
244 43 
2
6412 34 34 0
6413 18 14 0
2
41 43 
2
6413 20 12 0
6414 18 14 0
2
244 43 
2
6415 34 34 0
6415 18 14 0
2
21 43 
2
6415 20 14 0
6416 18 14 0
2
245 43 
2
6416 34 32 0
6417 18 14 0
2
41 43 
2
6417 20 12 0
6418 18 14 0
2
244 43 
2
6418 34 34 0
6419 18 14 0
2
42 237 
2
6451 16 16 0
6450 20 28 0
2
43 56 
2
6434 18 14 0
6435 32 18 0
2
42 238 
2
6452 16 16 0
6451 14 10 0
2
43 57 
2
6435 18 14 0
6436 22 28 0
2
42 239 
2
6453 16 16 0
6452 16 20 0
2
42 50 
2
6454 16 16 0
6453 4 12 0
2
42 45 
2
6455 16 16 0
6454 16 2 0
2
42 47 
2
6456 16 16 0
6455 26 12 0
2
42 49 
2
6457 16 16 0
6456 32 14 0
2
42 52 
2
6458 16 16 0
6457 18 4 0
2
42 53 
2
6459 16 16 0
6458 18 8 0
2
42 54 
2
6460 16 16 0
6459 24 6 0
2
42 55 
2
6461 16 16 0
6460 24 2 0
2
42 56 
2
6462 16 16 0
6461 32 18 0
2
42 57 
2
6463 16 16 0
6462 22 28 0
2
42 58 
2
6464 16 16 0
6463 10 10 0
2
42 59 
2
6465 16 16 0
6464 28 16 0
2
42 60 
2
6466 16 16 0
6465 16 8 0
2
42 61 
2
6467 16 16 0
6466 18 30 0
2
42 62 
2
6468 16 16 0
6467 20 24 0
2
42 63 
2
6469 16 16 0
6468 16 12 0
2
42 64 
2
6470 16 16 0
6469 16 6 0
2
42 65 
2
6471 16 16 0
6470 10 6 0
2
40 42 
2
6471 10 16 0
6472 16 16 0
2
41 43 
2
6435 20 12 0
6436 18 14 0
2
42 237 
2
6473 16 16 0
6472 20 28 0
2
43 59 
2
6464 18 14 0
6465 28 16 0
2
42 238 
2
6474 16 16 0
6473 14 10 0
2
42 239 
2
6475 16 16 0
6474 16 20 0
2
42 50 
2
6476 16 16 0
6475 4 12 0
2
42 45 
2
6477 16 16 0
6476 16 2 0
2
42 47 
2
6478 16 16 0
6477 26 12 0
2
42 49 
2
6479 16 16 0
6478 32 14 0
2
42 52 
2
6480 16 16 0
6479 18 4 0
2
42 53 
2
6481 16 16 0
6480 18 8 0
2
42 54 
2
6482 16 16 0
6481 24 6 0
2
42 55 
2
6483 16 16 0
6482 24 2 0
2
42 56 
2
6484 16 16 0
6483 32 18 0
2
42 57 
2
6485 16 16 0
6484 22 28 0
2
42 58 
2
6486 16 16 0
6485 10 10 0
2
42 59 
2
6487 16 16 0
6486 28 16 0
2
42 60 
2
6488 16 16 0
6487 16 8 0
2
42 61 
2
6489 16 16 0
6488 18 30 0
2
42 62 
2
6490 16 16 0
6489 20 24 0
2
42 63 
2
6491 16 16 0
6490 16 12 0
2
42 64 
2
6492 16 16 0
6491 16 6 0
2
42 65 
2
6493 16 16 0
6492 10 6 0
2
20 40 
2
6471 14 16 0
6472 10 16 0
2
21 41 
2
6435 20 14 0
6436 20 12 0
2
18 38 
2
6422 4 18 0
6423 4 16 0
2
19 39 
2
5521 20 8 0
5522 22 8 0
2
16 36 
2
6375 4 24 0
6376 4 22 0
2
17 37 
2
5498 26 4 0
5499 24 4 0
2
14 34 
2
6246 4 26 0
6247 2 24 0
2
15 35 
2
5448 26 2 0
5449 28 2 0
2
12 32 
2
5987 2 26 0
5988 2 28 0
2
13 33 
2
5350 30 2 0
5351 32 2 0
2
10 30 
2
5486 6 28 0
5487 4 28 0
2
11 31 
2
5150 32 4 0
5151 32 6 0
2
8 28 
2
4499 6 30 0
4500 4 30 0
2
9 29 
2
4518 32 24 0
4519 32 26 0
2
26 28 
2
4500 2 30 0
4501 4 30 0
2
27 29 
2
4519 32 28 0
4520 32 26 0
2
244 30 
2
5488 34 34 0
5488 4 28 0
2
28 30 
2
5488 4 30 0
5489 4 28 0
2
247 30 
2
5489 34 28 0
5490 4 28 0
2
8 30 
2
5490 6 30 0
5491 4 28 0
2
245 30 
2
5492 34 32 0
5492 4 28 0
2
28 30 
2
5492 4 30 0
5493 4 28 0
2
246 30 
2
5493 34 30 0
5494 4 28 0
2
246 31 
2
5151 34 30 0
5152 32 6 0
2
29 31 
2
5152 32 26 0
5153 32 6 0
2
245 31 
2
5154 34 32 0
5154 32 6 0
2
9 31 
2
5154 32 24 0
5155 32 6 0
2
244 31 
2
5156 34 34 0
5156 32 6 0
2
29 31 
2
5156 32 26 0
5157 32 6 0
2
246 31 
2
5157 34 30 0
5158 32 6 0
2
245 32 
2
5988 34 32 0
5989 2 28 0
2
30 32 
2
5989 4 28 0
5990 2 28 0
2
245 32 
2
5991 34 32 0
5991 2 28 0
2
10 32 
2
5991 6 28 0
5992 2 28 0
2
244 32 
2
5993 34 34 0
5993 2 28 0
2
30 32 
2
5993 4 28 0
5994 2 28 0
2
246 32 
2
5994 34 30 0
5995 2 28 0
2
245 33 
2
5351 34 32 0
5352 32 2 0
2
31 33 
2
5352 32 6 0
5353 32 2 0
2
244 33 
2
5354 34 34 0
5354 32 2 0
2
11 33 
2
5354 32 4 0
5355 32 2 0
2
247 33 
2
5355 34 28 0
5356 32 2 0
2
31 33 
2
5356 32 6 0
5357 32 2 0
2
246 33 
2
5358 34 30 0
5358 32 2 0
2
245 34 
2
6247 34 32 0
6248 2 24 0
2
32 34 
2
6248 2 28 0
6249 2 24 0
2
245 34 
2
6250 34 32 0
6250 2 24 0
2
12 34 
2
6250 2 26 0
6251 2 24 0
2
247 34 
2
6251 34 28 0
6252 2 24 0
2
32 34 
2
6252 2 28 0
6253 2 24 0
2
245 34 
2
6253 34 32 0
6254 2 24 0
2
246 35 
2
5449 34 30 0
5450 28 2 0
2
33 35 
2
5450 32 2 0
5451 28 2 0
2
248 35 
2
5451 34 26 0
5452 28 2 0
2
13 35 
2
5452 30 2 0
5453 28 2 0
2
247 35 
2
5454 34 28 0
5454 28 2 0
2
33 35 
2
5454 32 2 0
5455 28 2 0
2
248 35 
2
5455 34 26 0
5456 28 2 0
2
244 36 
2
6376 34 34 0
6377 4 22 0
2
34 36 
2
6377 2 24 0
6378 4 22 0
2
244 36 
2
6379 34 34 0
6379 4 22 0
2
14 36 
2
6379 4 26 0
6380 4 22 0
2
246 36 
2
6380 34 30 0
6381 4 22 0
2
34 36 
2
6381 2 24 0
6382 4 22 0
2
245 36 
2
6383 34 32 0
6383 4 22 0
2
245 37 
2
5499 34 32 0
5500 24 4 0
2
35 37 
2
5500 28 2 0
5501 24 4 0
2
245 37 
2
5502 34 32 0
5502 24 4 0
2
15 37 
2
5502 26 2 0
5503 24 4 0
2
247 37 
2
5503 34 28 0
5504 24 4 0
2
35 37 
2
5504 28 2 0
5505 24 4 0
2
247 37 
2
5506 34 28 0
5506 24 4 0
2
244 38 
2
6423 34 34 0
6424 4 16 0
2
36 38 
2
6424 4 22 0
6425 4 16 0
2
244 38 
2
6426 34 34 0
6426 4 16 0
2
16 38 
2
6426 4 24 0
6427 4 16 0
2
245 38 
2
6427 34 32 0
6428 4 16 0
2
36 38 
2
6428 4 22 0
6429 4 16 0
2
244 38 
2
6429 34 34 0
6430 4 16 0
2
244 39 
2
5522 34 34 0
5523 22 8 0
2
37 39 
2
5523 24 4 0
5524 22 8 0
2
244 39 
2
5525 34 34 0
5525 22 8 0
2
17 39 
2
5525 26 4 0
5526 22 8 0
2
245 39 
2
5526 34 32 0
5527 22 8 0
2
37 39 
2
5527 24 4 0
5528 22 8 0
2
244 39 
2
5528 34 34 0
5529 22 8 0
2
244 40 
2
6473 34 34 0
6473 10 16 0
2
38 40 
2
6473 4 16 0
6474 10 16 0
2
245 40 
2
6474 34 32 0
6475 10 16 0
2
18 40 
2
6475 4 18 0
6476 10 16 0
2
244 40 
2
6476 34 34 0
6477 10 16 0
2
38 40 
2
6477 4 16 0
6478 10 16 0
2
244 40 
2
6479 34 34 0
6479 10 16 0
2
244 41 
2
6436 34 34 0
6437 20 12 0
2
39 41 
2
6437 22 8 0
6438 20 12 0
2
244 41 
2
6439 34 34 0
6439 20 12 0
2
19 41 
2
6439 20 8 0
6440 20 12 0
2
245 41 
2
6440 34 32 0
6441 20 12 0
2
39 41 
2
6441 22 8 0
6442 20 12 0
2
244 41 
2
6442 34 34 0
6443 20 12 0
2
244 42 
2
6494 34 34 0
6494 16 16 0
2
40 42 
2
6494 10 16 0
6495 16 16 0
2
247 42 
2
6495 34 28 0
6496 16 16 0
2
20 42 
2
6496 14 16 0
6497 16 16 0
2
245 42 
2
6498 34 32 0
6498 16 16 0
2
40 42 
2
6498 10 16 0
6499 16 16 0
2
244 42 
2
6500 34 34 0
6500 16 16 0
2
244 43 
2
6464 34 34 0
6465 18 14 0
2
41 43 
2
6465 20 12 0
6466 18 14 0
2
244 43 
2
6467 34 34 0
6467 18 14 0
2
21 43 
2
6467 20 14 0
6468 18 14 0
2
245 43 
2
6468 34 32 0
6469 18 14 0
2
41 43 
2
6469 20 12 0
6470 18 14 0
2
244 43 
2
6470 34 34 0
6471 18 14 0
2
42 64 
2
6501 16 16 0
6500 16 6 0
2
43 58 
2
6485 18 14 0
6486 10 10 0
2
42 65 
2
6502 16 16 0
6501 10 6 0
2
42 66 
2
6503 16 16 0
6502 18 22 0
2
40 42 
2
6503 10 16 0
6504 16 16 0
2
41 43 
2
6485 20 12 0
6486 18 14 0
2
42 64 
2
6505 16 16 0
6504 16 6 0
2
43 58 
2
6487 18 14 0
6487 10 10 0
2
42 65 
2
6506 16 16 0
6505 10 6 0
2
43 59 
2
6488 18 14 0
6487 28 16 0
2
42 66 
2
6507 16 16 0
6506 18 22 0
2
20 40 
2
6503 14 16 0
6504 10 16 0
2
21 41 
2
6485 20 14 0
6486 20 12 0
2
38 40 
2
6504 4 16 0
6505 10 16 0
2
39 41 
2
6486 22 8 0
6487 20 12 0
2
245 42 
2
6507 34 32 0
6508 16 16 0
2
40 42 
2
6508 10 16 0
6509 16 16 0
2
245 42 
2
6510 34 32 0
6510 16 16 0
2
20 42 
2
6510 14 16 0
6511 16 16 0
2
244 42 
2
6512 34 34 0
6512 16 16 0
2
40 42 
2
6512 10 16 0
6513 16 16 0
2
246 42 
2
6513 34 30 0
6514 16 16 0
2
244 43 
2
6488 34 34 0
6489 18 14 0
2
41 43 
2
6489 20 12 0
6490 18 14 0
2
244 43 
2
6491 34 34 0
6491 18 14 0
2
21 43 
2
6491 20 14 0
6492 18 14 0
2
245 43 
2
6492 34 32 0
6493 18 14 0
2
41 43 
2
6493 20 12 0
6494 18 14 0
2
245 43 
2
6495 34 32 0
6495 18 14 0
2
42 65 
2
6515 16 16 0
6514 10 6 0
2
43 61 
2
6496 18 14 0
6495 18 30 0
2
42 66 
2
6516 16 16 0
6515 18 22 0
2
42 67 
2
6517 16 16 0
6516 18 28 0
2
40 42 
2
6517 10 16 0
6518 16 16 0
2
41 43 
2
6496 20 12 0
6497 18 14 0
2
42 65 
2
6519 16 16 0
6518 10 6 0
2
43 60 
2
6498 18 14 0
6497 16 8 0
2
42 66 
2
6520 16 16 0
6519 18 22 0
2
42 67 
2
6521 16 16 0
6520 18 28 0
2
20 40 
2
6517 14 16 0
6518 10 16 0
2
21 41 
2
6496 20 14 0
6497 20 12 0
2
18 38 
2
6504 4 18 0
6505 4 16 0
2
19 39 
2
6486 20 8 0
6487 22 8 0
2
36 38 
2
6505 4 22 0
6506 4 16 0
2
37 39 
2
6487 24 4 0
6488 22 8 0
2
245 40 
2
6519 34 32 0
6519 10 16 0
2
38 40 
2
6519 4 16 0
6520 10 16 0
2
244 40 
2
6521 34 34 0
6521 10 16 0
2
18 40 
2
6521 4 18 0
6522 10 16 0
2
246 40 
2
6522 34 30 0
6523 10 16 0
2
38 40 
2
6523 4 16 0
6524 10 16 0
2
244 40 
2
6524 34 34 0
6525 10 16 0
2
246 41 
2
6498 34 30 0
6498 20 12 0
2
39 41 
2
6498 22 8 0
6499 20 12 0
2
249 41 
2
6499 34 24 0
6500 20 12 0
2
19 41 
2
6500 20 8 0
6501 20 12 0
2
245 41 
2
6501 34 32 0
6502 20 12 0
2
39 41 
2
6502 22 8 0
6503 20 12 0
2
244 41 
2
6503 34 34 0
6504 20 12 0
2
245 42 
2
6522 34 32 0
6522 16 16 0
2
40 42 
2
6526 10 16 0
6525 16 16 0
2
247 42 
2
6525 34 28 0
6526 16 16 0
2
20 42 
2
6526 14 16 0
6527 16 16 0
2
245 42 
2
6528 34 32 0
6528 16 16 0
2
40 42 
2
6528 10 16 0
6529 16 16 0
2
244 42 
2
6530 34 34 0
6530 16 16 0
2
247 43 
2
6498 34 28 0
6499 18 14 0
2
41 43 
2
6505 20 12 0
6504 18 14 0
2
245 43 
2
6504 34 32 0
6505 18 14 0
2
21 43 
2
6505 20 14 0
6506 18 14 0
2
244 43 
2
6506 34 34 0
6507 18 14 0
2
41 43 
2
6507 20 12 0
6508 18 14 0
2
244 43 
2
6509 34 34 0
6509 18 14 0
2
42 64 
2
6531 16 16 0
6530 16 6 0
2
43 60 
2
6510 18 14 0
6509 16 8 0
2
42 65 
2
6532 16 16 0
6531 10 6 0
2
43 61 
2
6511 18 14 0
6510 18 30 0
2
42 66 
2
6533 16 16 0
6532 18 22 0
2
42 67 
2
6534 16 16 0
6533 18 28 0
2
42 68 
2
6535 16 16 0
6534 18 12 0
2
42 86 
2
6536 16 16 0
6535 6 10 0
2
42 87 
2
6537 16 16 0
6536 22 14 0
2
42 89 
2
6538 16 16 0
6537 24 14 0
2
42 90 
2
6539 16 16 0
6538 20 10 0
2
42 91 
2
6540 16 16 0
6539 28 8 0
2
42 92 
2
6541 16 16 0
6540 32 12 0
2
42 93 
2
6542 16 16 0
6541 20 2 0
2
42 94 
2
6543 16 16 0
6542 8 6 0
2
42 95 
2
6544 16 16 0
6543 6 12 0
2
42 96 
2
6545 16 16 0
6544 16 4 0
2
42 97 
2
6546 16 16 0
6545 12 14 0
2
42 98 
2
6547 16 16 0
6546 22 16 0
2
42 99 
2
6548 16 16 0
6547 18 24 0
2
42 100 
2
6549 16 16 0
6548 12 10 0
2
42 101 
2
6550 16 16 0
6549 18 18 0
2
42 102 
2
6551 16 16 0
6550 14 8 0
2
40 42 
2
6551 10 16 0
6552 16 16 0
2
41 43 
2
6511 20 12 0
6512 18 14 0
2
42 64 
2
6553 16 16 0
6552 16 6 0
2
43 63 
2
6513 18 14 0
6512 16 12 0
2
42 65 
2
6554 16 16 0
6553 10 6 0
2
42 66 
2
6555 16 16 0
6554 18 22 0
2
42 67 
2
6556 16 16 0
6555 18 28 0
2
42 68 
2
6557 16 16 0
6556 18 12 0
2
42 86 
2
6558 16 16 0
6557 6 10 0
2
42 87 
2
6559 16 16 0
6558 22 14 0
2
42 89 
2
6560 16 16 0
6559 24 14 0
2
42 90 
2
6561 16 16 0
6560 20 10 0
2
42 91 
2
6562 16 16 0
6561 28 8 0
2
42 92 
2
6563 16 16 0
6562 32 12 0
2
42 93 
2
6564 16 16 0
6563 20 2 0
2
42 94 
2
6565 16 16 0
6564 8 6 0
2
42 95 
2
6566 16 16 0
6565 6 12 0
2
42 96 
2
6567 16 16 0
6566 16 4 0
2
42 97 
2
6568 16 16 0
6567 12 14 0
2
42 98 
2
6569 16 16 0
6568 22 16 0
2
42 99 
2
6570 16 16 0
6569 18 24 0
2
42 100 
2
6571 16 16 0
6570 12 10 0
2
42 101 
2
6572 16 16 0
6571 18 18 0
2
42 102 
2
6573 16 16 0
6572 14 8 0
2
20 40 
2
6551 14 16 0
6552 10 16 0
2
21 41 
2
6511 20 14 0
6512 20 12 0
2
38 40 
2
6552 4 16 0
6553 10 16 0
2
39 41 
2
6512 22 8 0
6513 20 12 0
2
244 42 
2
6573 34 34 0
6574 16 16 0
2
40 42 
2
6574 10 16 0
6575 16 16 0
2
244 42 
2
6576 34 34 0
6576 16 16 0
2
20 42 
2
6576 14 16 0
6577 16 16 0
2
245 42 
2
6577 34 32 0
6578 16 16 0
2
40 42 
2
6578 10 16 0
6579 16 16 0
2
244 42 
2
6579 34 34 0
6580 16 16 0
2
247 43 
2
6513 34 28 0
6514 18 14 0
2
41 43 
2
6514 20 12 0
6515 18 14 0
2
245 43 
2
6516 34 32 0
6516 18 14 0
2
21 43 
2
6516 20 14 0
6517 18 14 0
2
244 43 
2
6518 34 34 0
6518 18 14 0
2
41 43 
2
6518 20 12 0
6519 18 14 0
2
246 43 
2
6519 34 30 0
6520 18 14 0
2
42 65 
2
6581 16 16 0
6580 10 6 0
2
43 62 
2
6521 18 14 0
6520 20 24 0
2
42 66 
2
6582 16 16 0
6581 18 22 0
2
42 67 
2
6583 16 16 0
6582 18 28 0
2
42 68 
2
6584 16 16 0
6583 18 12 0
2
42 86 
2
6585 16 16 0
6584 6 10 0
2
42 87 
2
6586 16 16 0
6585 22 14 0
2
42 89 
2
6587 16 16 0
6586 24 14 0
2
42 90 
2
6588 16 16 0
6587 20 10 0
2
42 91 
2
6589 16 16 0
6588 28 8 0
2
42 92 
2
6590 16 16 0
6589 32 12 0
2
42 93 
2
6591 16 16 0
6590 20 2 0
2
42 94 
2
6592 16 16 0
6591 8 6 0
2
42 95 
2
6593 16 16 0
6592 6 12 0
2
42 96 
2
6594 16 16 0
6593 16 4 0
2
42 97 
2
6595 16 16 0
6594 12 14 0
2
42 98 
2
6596 16 16 0
6595 22 16 0
2
42 99 
2
6597 16 16 0
6596 18 24 0
2
42 100 
2
6598 16 16 0
6597 12 10 0
2
42 101 
2
6599 16 16 0
6598 18 18 0
2
42 102 
2
6600 16 16 0
6599 14 8 0
2
42 103 
2
6601 16 16 0
6600 14 6 0
2
40 42 
2
6601 10 16 0
6602 16 16 0
2
41 43 
2
6521 20 12 0
6522 18 14 0
2
42 65 
2
6603 16 16 0
6602 10 6 0
2
43 62 
2
6523 18 14 0
6522 20 24 0
2
42 66 
2
6604 16 16 0
6603 18 22 0
2
43 63 
2
6524 18 14 0
6523 16 12 0
2
42 67 
2
6605 16 16 0
6604 18 28 0
2
42 68 
2
6606 16 16 0
6605 18 12 0
2
42 86 
2
6607 16 16 0
6606 6 10 0
2
42 87 
2
6608 16 16 0
6607 22 14 0
2
42 89 
2
6609 16 16 0
6608 24 14 0
2
42 90 
2
6610 16 16 0
6609 20 10 0
2
42 91 
2
6611 16 16 0
6610 28 8 0
2
42 92 
2
6612 16 16 0
6611 32 12 0
2
42 93 
2
6613 16 16 0
6612 20 2 0
2
42 94 
2
6614 16 16 0
6613 8 6 0
2
42 95 
2
6615 16 16 0
6614 6 12 0
2
42 96 
2
6616 16 16 0
6615 16 4 0
2
42 97 
2
6617 16 16 0
6616 12 14 0
2
42 98 
2
6618 16 16 0
6617 22 16 0
2
42 99 
2
6619 16 16 0
6618 18 24 0
2
42 100 
2
6620 16 16 0
6619 12 10 0
2
42 101 
2
6621 16 16 0
6620 18 18 0
2
42 102 
2
6622 16 16 0
6621 14 8 0
2
42 103 
2
6623 16 16 0
6622 14 6 0
2
20 40 
2
6601 14 16 0
6602 10 16 0
2
21 41 
2
6521 20 14 0
6522 20 12 0
2
18 38 
2
6552 4 18 0
6553 4 16 0
2
19 39 
2
6512 20 8 0
6513 22 8 0
2
16 36 
2
6505 4 24 0
6506 4 22 0
2
17 37 
2
6487 26 4 0
6488 24 4 0
2
34 36 
2
6506 2 24 0
6507 4 22 0
2
35 37 
2
6488 28 2 0
6489 24 4 0
2
244 38 
2
6553 34 34 0
6554 4 16 0
2
36 38 
2
6554 4 22 0
6555 4 16 0
2
244 38 
2
6556 34 34 0
6556 4 16 0
2
16 38 
2
6556 4 24 0
6557 4 16 0
2
245 38 
2
6557 34 32 0
6558 4 16 0
2
36 38 
2
6558 4 22 0
6559 4 16 0
2
244 38 
2
6559 34 34 0
6560 4 16 0
2
248 39 
2
6513 34 26 0
6514 22 8 0
2
37 39 
2
6514 24 4 0
6515 22 8 0
2
246 39 
2
6516 34 30 0
6516 22 8 0
2
17 39 
2
6516 26 4 0
6517 22 8 0
2
248 39 
2
6517 34 26 0
6518 22 8 0
2
37 39 
2
6518 24 4 0
6519 22 8 0
2
247 39 
2
6519 34 28 0
6520 22 8 0
2
244 40 
2
6602 34 34 0
6603 10 16 0
2
38 40 
2
6603 4 16 0
6604 10 16 0
2
244 40 
2
6605 34 34 0
6605 10 16 0
2
18 40 
2
6605 4 18 0
6606 10 16 0
2
245 40 
2
6607 34 32 0
6607 10 16 0
2
38 40 
2
6607 4 16 0
6608 10 16 0
2
246 40 
2
6608 34 30 0
6609 10 16 0
2
247 41 
2
6522 34 28 0
6523 20 12 0
2
39 41 
2
6523 22 8 0
6524 20 12 0
2
245 41 
2
6525 34 32 0
6525 20 12 0
2
19 41 
2
6525 20 8 0
6526 20 12 0
2
244 41 
2
6527 34 34 0
6527 20 12 0
2
39 41 
2
6527 22 8 0
6528 20 12 0
2
246 41 
2
6528 34 30 0
6529 20 12 0
2
244 42 
2
6623 34 34 0
6624 16 16 0
2
40 42 
2
6624 10 16 0
6625 16 16 0
2
244 42 
2
6626 34 34 0
6626 16 16 0
2
20 42 
2
6626 14 16 0
6627 16 16 0
2
245 42 
2
6627 34 32 0
6628 16 16 0
2
40 42 
2
6628 10 16 0
6629 16 16 0
2
244 42 
2
6629 34 34 0
6630 16 16 0
2
246 43 
2
6525 34 30 0
6525 18 14 0
2
41 43 
2
6530 20 12 0
6529 18 14 0
2
247 43 
2
6529 34 28 0
6530 18 14 0
2
21 43 
2
6530 20 14 0
6531 18 14 0
2
245 43 
2
6531 34 32 0
6532 18 14 0
2
41 43 
2
6532 20 12 0
6533 18 14 0
2
244 43 
2
6533 34 34 0
6534 18 14 0
2
42 102 
2
6631 16 16 0
6630 14 8 0
2
43 65 
2
6602 18 14 0
6603 10 6 0
2
42 103 
2
6632 16 16 0
6631 14 6 0
2
42 104 
2
6633 16 16 0
6632 22 26 0
2
40 42 
2
6633 10 16 0
6634 16 16 0
2
41 43 
2
6602 20 12 0
6603 18 14 0
2
42 102 
2
6635 16 16 0
6634 14 8 0
2
43 64 
2
6604 18 14 0
6603 16 6 0
2
42 103 
2
6636 16 16 0
6635 14 6 0
2
42 104 
2
6637 16 16 0
6636 22 26 0
2
20 40 
2
6633 14 16 0
6634 10 16 0
2
21 41 
2
6602 20 14 0
6603 20 12 0
2
38 40 
2
6634 4 16 0
6635 10 16 0
2
39 41 
2
6603 22 8 0
6604 20 12 0
2
244 42 
2
6638 34 34 0
6638 16 16 0
2
40 42 
2
6638 10 16 0
6639 16 16 0
2
246 42 
2
6639 34 30 0
6640 16 16 0
2
20 42 
2
6640 14 16 0
6641 16 16 0
2
245 42 
2
6642 34 32 0
6642 16 16 0
2
40 42 
2
6642 10 16 0
6643 16 16 0
2
244 42 
2
6644 34 34 0
6644 16 16 0
2
245 43 
2
6604 34 32 0
6605 18 14 0
2
41 43 
2
6605 20 12 0
6606 18 14 0
2
247 43 
2
6606 34 28 0
6607 18 14 0
2
21 43 
2
6607 20 14 0
6608 18 14 0
2
247 43 
2
6609 34 28 0
6609 18 14 0
2
41 43 
2
6609 20 12 0
6610 18 14 0
2
244 43 
2
6611 34 34 0
6611 18 14 0
2
42 103 
2
6645 16 16 0
6644 14 6 0
2
43 64 
2
6612 18 14 0
6611 16 6 0
2
42 104 
2
6646 16 16 0
6645 22 26 0
2
43 65 
2
6613 18 14 0
6612 10 6 0
2
42 105 
2
6647 16 16 0
6646 20 16 0
2
40 42 
2
6647 10 16 0
6648 16 16 0
2
41 43 
2
6613 20 12 0
6614 18 14 0
2
42 103 
2
6649 16 16 0
6648 14 6 0
2
43 67 
2
6615 18 14 0
6614 18 28 0
2
42 104 
2
6650 16 16 0
6649 22 26 0
2
42 105 
2
6651 16 16 0
6650 20 16 0
2
20 40 
2
6647 14 16 0
6648 10 16 0
2
21 41 
2
6613 20 14 0
6614 20 12 0
2
18 38 
2
6634 4 18 0
6635 4 16 0
2
19 39 
2
6603 20 8 0
6604 22 8 0
2
36 38 
2
6635 4 22 0
6636 4 16 0
2
37 39 
2
6604 24 4 0
6605 22 8 0
2
245 40 
2
6648 34 32 0
6649 10 16 0
2
38 40 
2
6649 4 16 0
6650 10 16 0
2
244 40 
2
6650 34 34 0
6651 10 16 0
2
18 40 
2
6651 4 18 0
6652 10 16 0
2
244 40 
2
6653 34 34 0
6653 10 16 0
2
38 40 
2
6653 4 16 0
6654 10 16 0
2
245 40 
2
6654 34 32 0
6655 10 16 0
2
244 41 
2
6614 34 34 0
6615 20 12 0
2
39 41 
2
6615 22 8 0
6616 20 12 0
2
244 41 
2
6617 34 34 0
6617 20 12 0
2
19 41 
2
6617 20 8 0
6618 20 12 0
2
245 41 
2
6618 34 32 0
6619 20 12 0
2
39 41 
2
6619 22 8 0
6620 20 12 0
2
244 41 
2
6620 34 34 0
6621 20 12 0
2
246 42 
2
6651 34 30 0
6652 16 16 0
2
40 42 
2
6656 10 16 0
6655 16 16 0
2
244 42 
2
6656 34 34 0
6656 16 16 0
2
20 42 
2
6656 14 16 0
6657 16 16 0
2
245 42 
2
6657 34 32 0
6658 16 16 0
2
40 42 
2
6658 10 16 0
6659 16 16 0
2
244 42 
2
6659 34 34 0
6660 16 16 0
2
245 43 
2
6615 34 32 0
6616 18 14 0
2
41 43 
2
6622 20 12 0
6621 18 14 0
2
245 43 
2
6621 34 32 0
6622 18 14 0
2
21 43 
2
6622 20 14 0
6623 18 14 0
2
245 43 
2
6624 34 32 0
6624 18 14 0
2
41 43 
2
6624 20 12 0
6625 18 14 0
2
246 43 
2
6625 34 30 0
6626 18 14 0
2
42 102 
2
6661 16 16 0
6660 14 8 0
2
43 66 
2
6627 18 14 0
6626 18 22 0
2
42 103 
2
6662 16 16 0
6661 14 6 0
2
42 104 
2
6663 16 16 0
6662 22 26 0
2
42 105 
2
6664 16 16 0
6663 20 16 0
2
42 106 
2
6665 16 16 0
6664 24 20 0
2
42 107 
2
6666 16 16 0
6665 30 16 0
2
42 108 
2
6667 16 16 0
6666 28 10 0
2
42 109 
2
6668 16 16 0
6667 26 10 0
2
42 111 
2
6669 16 16 0
6668 18 6 0
2
42 112 
2
6670 16 16 0
6669 30 14 0
2
42 113 
2
6671 16 16 0
6670 22 4 0
2
42 114 
2
6672 16 16 0
6671 30 10 0
2
42 115 
2
6673 16 16 0
6672 2 10 0
2
42 116 
2
6674 16 16 0
6673 8 8 0
2
42 117 
2
6675 16 16 0
6674 12 8 0
2
42 118 
2
6676 16 16 0
6675 12 12 0
2
42 119 
2
6677 16 16 0
6676 22 18 0
2
42 120 
2
6678 16 16 0
6677 28 20 0
2
42 121 
2
6679 16 16 0
6678 8 14 0
2
42 122 
2
6680 16 16 0
6679 12 6 0
2
42 123 
2
6681 16 16 0
6680 22 20 0
2
40 42 
2
6681 10 16 0
6682 16 16 0
2
41 43 
2
6627 20 12 0
6628 18 14 0
2
42 102 
2
6683 16 16 0
6682 14 8 0
2
43 66 
2
6629 18 14 0
6628 18 22 0
2
42 103 
2
6684 16 16 0
6683 14 6 0
2
43 67 
2
6630 18 14 0
6629 18 28 0
2
42 104 
2
6685 16 16 0
6684 22 26 0
2
42 105 
2
6686 16 16 0
6685 20 16 0
2
42 106 
2
6687 16 16 0
6686 24 20 0
2
42 107 
2
6688 16 16 0
6687 30 16 0
2
42 108 
2
6689 16 16 0
6688 28 10 0
2
42 109 
2
6690 16 16 0
6689 26 10 0
2
42 111 
2
6691 16 16 0
6690 18 6 0
2
42 112 
2
6692 16 16 0
6691 30 14 0
2
42 113 
2
6693 16 16 0
6692 22 4 0
2
42 114 
2
6694 16 16 0
6693 30 10 0
2
42 115 
2
6695 16 16 0
6694 2 10 0
2
42 116 
2
6696 16 16 0
6695 8 8 0
2
42 117 
2
6697 16 16 0
6696 12 8 0
2
42 118 
2
6698 16 16 0
6697 12 12 0
2
42 119 
2
6699 16 16 0
6698 22 18 0
2
42 120 
2
6700 16 16 0
6699 28 20 0
2
42 121 
2
6701 16 16 0
6700 8 14 0
2
42 122 
2
6702 16 16 0
6701 12 6 0
2
42 123 
2
6703 16 16 0
6702 22 20 0
2
20 40 
2
6681 14 16 0
6682 10 16 0
2
21 41 
2
6627 20 14 0
6628 20 12 0
2
38 40 
2
6682 4 16 0
6683 10 16 0
2
39 41 
2
6628 22 8 0
6629 20 12 0
2
244 42 
2
6703 34 34 0
6704 16 16 0
2
40 42 
2
6704 10 16 0
6705 16 16 0
2
244 42 
2
6706 34 34 0
6706 16 16 0
2
20 42 
2
6706 14 16 0
6707 16 16 0
2
245 42 
2
6708 34 32 0
6708 16 16 0
2
40 42 
2
6708 10 16 0
6709 16 16 0
2
244 42 
2
6709 34 34 0
6710 16 16 0
2
246 43 
2
6630 34 30 0
6631 18 14 0
2
41 43 
2
6631 20 12 0
6632 18 14 0
2
245 43 
2
6633 34 32 0
6633 18 14 0
2
21 43 
2
6633 20 14 0
6634 18 14 0
2
244 43 
2
6635 34 34 0
6635 18 14 0
2
41 43 
2
6635 20 12 0
6636 18 14 0
2
247 43 
2
6636 34 28 0
6637 18 14 0
2
42 103 
2
6711 16 16 0
6710 14 6 0
2
43 86 
2
6638 18 14 0
6637 6 10 0
2
42 104 
2
6712 16 16 0
6711 22 26 0
2
42 105 
2
6713 16 16 0
6712 20 16 0
2
42 106 
2
6714 16 16 0
6713 24 20 0
2
42 107 
2
6715 16 16 0
6714 30 16 0
2
42 108 
2
6716 16 16 0
6715 28 10 0
2
42 109 
2
6717 16 16 0
6716 26 10 0
2
42 111 
2
6718 16 16 0
6717 18 6 0
2
42 112 
2
6719 16 16 0
6718 30 14 0
2
42 113 
2
6720 16 16 0
6719 22 4 0
2
42 114 
2
6721 16 16 0
6720 30 10 0
2
42 115 
2
6722 16 16 0
6721 2 10 0
2
42 116 
2
6723 16 16 0
6722 8 8 0
2
42 117 
2
6724 16 16 0
6723 12 8 0
2
42 118 
2
6725 16 16 0
6724 12 12 0
2
42 119 
2
6726 16 16 0
6725 22 18 0
2
42 120 
2
6727 16 16 0
6726 28 20 0
2
42 121 
2
6728 16 16 0
6727 8 14 0
2
42 122 
2
6729 16 16 0
6728 12 6 0
2
42 123 
2
6730 16 16 0
6729 22 20 0
2
42 124 
2
6731 16 16 0
6730 20 26 0
2
40 42 
2
6731 10 16 0
6732 16 16 0
2
41 43 
2
6638 20 12 0
6639 18 14 0
2
42 103 
2
6733 16 16 0
6732 14 6 0
2
43 68 
2
6640 18 14 0
6639 18 12 0
2
42 104 
2
6734 16 16 0
6733 22 26 0
2
42 105 
2
6735 16 16 0
6734 20 16 0
2
42 106 
2
6736 16 16 0
6735 24 20 0
2
42 107 
2
6737 16 16 0
6736 30 16 0
2
42 108 
2
6738 16 16 0
6737 28 10 0
2
42 109 
2
6739 16 16 0
6738 26 10 0
2
42 111 
2
6740 16 16 0
6739 18 6 0
2
42 112 
2
6741 16 16 0
6740 30 14 0
2
42 113 
2
6742 16 16 0
6741 22 4 0
2
42 114 
2
6743 16 16 0
6742 30 10 0
2
42 115 
2
6744 16 16 0
6743 2 10 0
2
42 116 
2
6745 16 16 0
6744 8 8 0
2
42 117 
2
6746 16 16 0
6745 12 8 0
2
42 118 
2
6747 16 16 0
6746 12 12 0
2
42 119 
2
6748 16 16 0
6747 22 18 0
2
42 120 
2
6749 16 16 0
6748 28 20 0
2
42 121 
2
6750 16 16 0
6749 8 14 0
2
42 122 
2
6751 16 16 0
6750 12 6 0
2
42 123 
2
6752 16 16 0
6751 22 20 0
2
42 124 
2
6753 16 16 0
6752 20 26 0
2
20 40 
2
6731 14 16 0
6732 10 16 0
2
21 41 
2
6638 20 14 0
6639 20 12 0
2
18 38 
2
6682 4 18 0
6683 4 16 0
2
19 39 
2
6628 20 8 0
6629 22 8 0
2
16 36 
2
6635 4 24 0
6636 4 22 0
2
17 37 
2
6604 26 4 0
6605 24 4 0
2
14 34 
2
6506 4 26 0
6507 2 24 0
2
15 35 
2
6488 26 2 0
6489 28 2 0
2
32 34 
2
6507 2 28 0
6508 2 24 0
2
33 35 
2
6489 32 2 0
6490 28 2 0
2
246 36 
2
6636 34 30 0
6637 4 22 0
2
34 36 
2
6637 2 24 0
6638 4 22 0
2
245 36 
2
6639 34 32 0
6639 4 22 0
2
14 36 
2
6639 4 26 0
6640 4 22 0
2
244 36 
2
6641 34 34 0
6641 4 22 0
2
34 36 
2
6641 2 24 0
6642 4 22 0
2
247 36 
2
6642 34 28 0
6643 4 22 0
2
246 37 
2
6605 34 30 0
6606 24 4 0
2
35 37 
2
6606 28 2 0
6607 24 4 0
2
244 37 
2
6608 34 34 0
6608 24 4 0
2
15 37 
2
6608 26 2 0
6609 24 4 0
2
245 37 
2
6610 34 32 0
6610 24 4 0
2
35 37 
2
6610 28 2 0
6611 24 4 0
2
246 37 
2
6611 34 30 0
6612 24 4 0
2
246 38 
2
6683 34 30 0
6684 4 16 0
2
36 38 
2
6684 4 22 0
6685 4 16 0
2
244 38 
2
6685 34 34 0
6686 4 16 0
2
16 38 
2
6686 4 24 0
6687 4 16 0
2
244 38 
2
6688 34 34 0
6688 4 16 0
2
36 38 
2
6688 4 22 0
6689 4 16 0
2
245 38 
2
6689 34 32 0
6690 4 16 0
2
245 39 
2
6630 34 32 0
6630 22 8 0
2
37 39 
2
6630 24 4 0
6631 22 8 0
2
244 39 
2
6632 34 34 0
6632 22 8 0
2
17 39 
2
6632 26 4 0
6633 22 8 0
2
246 39 
2
6633 34 30 0
6634 22 8 0
2
37 39 
2
6634 24 4 0
6635 22 8 0
2
245 39 
2
6636 34 32 0
6636 22 8 0
2
244 40 
2
6733 34 34 0
6733 10 16 0
2
38 40 
2
6733 4 16 0
6734 10 16 0
2
246 40 
2
6735 34 30 0
6735 10 16 0
2
18 40 
2
6735 4 18 0
6736 10 16 0
2
244 40 
2
6736 34 34 0
6737 10 16 0
2
38 40 
2
6737 4 16 0
6738 10 16 0
2
244 40 
2
6739 34 34 0
6739 10 16 0
2
247 41 
2
6639 34 28 0
6640 20 12 0
2
39 41 
2
6640 22 8 0
6641 20 12 0
2
246 41 
2
6642 34 30 0
6642 20 12 0
2
19 41 
2
6642 20 8 0
6643 20 12 0
2
248 41 
2
6643 34 26 0
6644 20 12 0
2
39 41 
2
6644 22 8 0
6645 20 12 0
2
245 41 
2
6645 34 32 0
6646 20 12 0
2
244 42 
2
6754 34 34 0
6754 16 16 0
2
40 42 
2
6754 10 16 0
6755 16 16 0
2
246 42 
2
6755 34 30 0
6756 16 16 0
2
20 42 
2
6756 14 16 0
6757 16 16 0
2
245 42 
2
6757 34 32 0
6758 16 16 0
2
40 42 
2
6758 10 16 0
6759 16 16 0
2
244 42 
2
6760 34 34 0
6760 16 16 0
2
248 43 
2
6640 34 26 0
6641 18 14 0
2
41 43 
2
6647 20 12 0
6646 18 14 0
2
244 43 
2
6647 34 34 0
6647 18 14 0
2
21 43 
2
6647 20 14 0
6648 18 14 0
2
246 43 
2
6648 34 30 0
6649 18 14 0
2
41 43 
2
6649 20 12 0
6650 18 14 0
2
245 43 
2
6651 34 32 0
6651 18 14 0
2
42 123 
2
6761 16 16 0
6760 22 20 0
2
43 68 
2
6652 18 14 0
6651 18 12 0
2
42 124 
2
6762 16 16 0
6761 20 26 0
2
43 86 
2
6653 18 14 0
6652 6 10 0
2
42 125 
2
6763 16 16 0
6762 12 16 0
2
40 42 
2
6763 10 16 0
6764 16 16 0
2
41 43 
2
6653 20 12 0
6654 18 14 0
2
42 123 
2
6765 16 16 0
6764 22 20 0
2
43 89 
2
6655 18 14 0
6654 24 14 0
2
42 124 
2
6766 16 16 0
6765 20 26 0
2
42 125 
2
6767 16 16 0
6766 12 16 0
2
20 40 
2
6763 14 16 0
6764 10 16 0
2
21 41 
2
6653 20 14 0
6654 20 12 0
2
38 40 
2
6764 4 16 0
6765 10 16 0
2
39 41 
2
6654 22 8 0
6655 20 12 0
2
246 42 
2
6767 34 30 0
6768 16 16 0
2
40 42 
2
6768 10 16 0
6769 16 16 0
2
245 42 
2
6770 34 32 0
6770 16 16 0
2
20 42 
2
6770 14 16 0
6771 16 16 0
2
244 42 
2
6772 34 34 0
6772 16 16 0
2
40 42 
2
6772 10 16 0
6773 16 16 0
2
245 42 
2
6773 34 32 0
6774 16 16 0
2
246 43 
2
6655 34 30 0
6656 18 14 0
2
41 43 
2
6656 20 12 0
6657 18 14 0
2
246 43 
2
6658 34 30 0
6658 18 14 0
2
21 43 
2
6658 20 14 0
6659 18 14 0
2
245 43 
2
6660 34 32 0
6660 18 14 0
2
41 43 
2
6660 20 12 0
6661 18 14 0
2
244 43 
2
6662 34 34 0
6662 18 14 0
2
42 124 
2
6775 16 16 0
6774 20 26 0
2
43 87 
2
6663 18 14 0
6662 22 14 0
2
42 125 
2
6776 16 16 0
6775 12 16 0
2
42 126 
2
6777 16 16 0
6776 16 10 0
2
40 42 
2
6777 10 16 0
6778 16 16 0
2
41 43 
2
6663 20 12 0
6664 18 14 0
2
42 124 
2
6779 16 16 0
6778 20 26 0
2
43 87 
2
6665 18 14 0
6664 22 14 0
2
42 125 
2
6780 16 16 0
6779 12 16 0
2
43 89 
2
6666 18 14 0
6665 24 14 0
2
42 126 
2
6781 16 16 0
6780 16 10 0
2
20 40 
2
6777 14 16 0
6778 10 16 0
2
21 41 
2
6663 20 14 0
6664 20 12 0
2
18 38 
2
6764 4 18 0
6765 4 16 0
2
19 39 
2
6654 20 8 0
6655 22 8 0
2
36 38 
2
6765 4 22 0
6766 4 16 0
2
37 39 
2
6655 24 4 0
6656 22 8 0
2
244 40 
2
6778 34 34 0
6779 10 16 0
2
38 40 
2
6779 4 16 0
6780 10 16 0
2
244 40 
2
6781 34 34 0
6781 10 16 0
2
18 40 
2
6781 4 18 0
6782 10 16 0
2
246 40 
2
6783 34 30 0
6783 10 16 0
2
38 40 
2
6783 4 16 0
6784 10 16 0
2
245 40 
2
6785 34 32 0
6785 10 16 0
2
244 41 
2
6665 34 34 0
6665 20 12 0
2
39 41 
2
6665 22 8 0
6666 20 12 0
2
245 41 
2
6666 34 32 0
6667 20 12 0
2
19 41 
2
6667 20 8 0
6668 20 12 0
2
244 41 
2
6668 34 34 0
6669 20 12 0
2
39 41 
2
6669 22 8 0
6670 20 12 0
2
244 41 
2
6671 34 34 0
6671 20 12 0
2
245 42 
2
6782 34 32 0
6782 16 16 0
2
40 42 
2
6786 10 16 0
6785 16 16 0
2
246 42 
2
6786 34 30 0
6786 16 16 0
2
20 42 
2
6786 14 16 0
6787 16 16 0
2
245 42 
2
6788 34 32 0
6788 16 16 0
2
40 42 
2
6788 10 16 0
6789 16 16 0
2
244 42 
2
6790 34 34 0
6790 16 16 0
2
246 43 
2
6666 34 30 0
6667 18 14 0
2
41 43 
2
6672 20 12 0
6671 18 14 0
2
245 43 
2
6671 34 32 0
6672 18 14 0
2
21 43 
2
6672 20 14 0
6673 18 14 0
2
244 43 
2
6674 34 34 0
6674 18 14 0
2
41 43 
2
6674 20 12 0
6675 18 14 0
2
245 43 
2
6675 34 32 0
6676 18 14 0
2
42 123 
2
6791 16 16 0
6790 22 20 0
2
43 91 
2
6677 18 14 0
6676 28 8 0
2
42 124 
2
6792 16 16 0
6791 20 26 0
2
42 125 
2
6793 16 16 0
6792 12 16 0
2
42 126 
2
6794 16 16 0
6793 16 10 0
2
42 128 
2
6795 16 16 0
6794 16 14 0
2
42 129 
2
6796 16 16 0
6795 28 12 0
2
42 130 
2
6797 16 16 0
6796 22 6 0
2
42 131 
2
6798 16 16 0
6797 28 14 0
2
42 149 
2
6799 16 16 0
6798 20 6 0
2
42 150 
2
6800 16 16 0
6799 24 8 0
2
42 151 
2
6801 16 16 0
6800 22 2 0
2
42 152 
2
6802 16 16 0
6801 22 30 0
2
42 153 
2
6803 16 16 0
6802 24 26 0
2
42 154 
2
6804 16 16 0
6803 28 18 0
2
42 155 
2
6805 16 16 0
6804 22 22 0
2
42 156 
2
6806 16 16 0
6805 26 18 0
2
42 157 
2
6807 16 16 0
6806 24 16 0
2
42 158 
2
6808 16 16 0
6807 4 14 0
2
42 159 
2
6809 16 16 0
6808 14 4 0
2
42 160 
2
6810 16 16 0
6809 10 14 0
2
42 161 
2
6811 16 16 0
6810 14 2 0
2
40 42 
2
6811 10 16 0
6812 16 16 0
2
41 43 
2
6677 20 12 0
6678 18 14 0
2
42 123 
2
6813 16 16 0
6812 22 20 0
2
43 90 
2
6679 18 14 0
6678 20 10 0
2
42 124 
2
6814 16 16 0
6813 20 26 0
2
42 125 
2
6815 16 16 0
6814 12 16 0
2
42 126 
2
6816 16 16 0
6815 16 10 0
2
42 128 
2
6817 16 16 0
6816 16 14 0
2
42 129 
2
6818 16 16 0
6817 28 12 0
2
42 130 
2
6819 16 16 0
6818 22 6 0
2
42 131 
2
6820 16 16 0
6819 28 14 0
2
42 149 
2
6821 16 16 0
6820 20 6 0
2
42 150 
2
6822 16 16 0
6821 24 8 0
2
42 151 
2
6823 16 16 0
6822 22 2 0
2
42 152 
2
6824 16 16 0
6823 22 30 0
2
42 153 
2
6825 16 16 0
6824 24 26 0
2
42 154 
2
6826 16 16 0
6825 28 18 0
2
42 155 
2
6827 16 16 0
6826 22 22 0
2
42 156 
2
6828 16 16 0
6827 26 18 0
2
42 157 
2
6829 16 16 0
6828 24 16 0
2
42 158 
2
6830 16 16 0
6829 4 14 0
2
42 159 
2
6831 16 16 0
6830 14 4 0
2
42 160 
2
6832 16 16 0
6831 10 14 0
2
42 161 
2
6833 16 16 0
6832 14 2 0
2
20 40 
2
6811 14 16 0
6812 10 16 0
2
21 41 
2
6677 20 14 0
6678 20 12 0
2
38 40 
2
6812 4 16 0
6813 10 16 0
2
39 41 
2
6678 22 8 0
6679 20 12 0
2
246 42 
2
6833 34 30 0
6834 16 16 0
2
40 42 
2
6834 10 16 0
6835 16 16 0
2
244 42 
2
6835 34 34 0
6836 16 16 0
2
20 42 
2
6836 14 16 0
6837 16 16 0
2
244 42 
2
6838 34 34 0
6838 16 16 0
2
40 42 
2
6838 10 16 0
6839 16 16 0
2
245 42 
2
6839 34 32 0
6840 16 16 0
2
244 43 
2
6679 34 34 0
6680 18 14 0
2
41 43 
2
6680 20 12 0
6681 18 14 0
2
244 43 
2
6682 34 34 0
6682 18 14 0
2
21 43 
2
6682 20 14 0
6683 18 14 0
2
247 43 
2
6683 34 28 0
6684 18 14 0
2
41 43 
2
6684 20 12 0
6685 18 14 0
2
245 43 
2
6685 34 32 0
6686 18 14 0
2
42 124 
2
6841 16 16 0
6840 20 26 0
2
43 90 
2
6687 18 14 0
6686 20 10 0
2
42 125 
2
6842 16 16 0
6841 12 16 0
2
43 91 
2
6688 18 14 0
6687 28 8 0
2
42 126 
2
6843 16 16 0
6842 16 10 0
2
42 128 
2
6844 16 16 0
6843 16 14 0
2
42 129 
2
6845 16 16 0
6844 28 12 0
2
42 130 
2
6846 16 16 0
6845 22 6 0
2
42 131 
2
6847 16 16 0
6846 28 14 0
2
42 149 
2
6848 16 16 0
6847 20 6 0
2
42 150 
2
6849 16 16 0
6848 24 8 0
2
42 151 
2
6850 16 16 0
6849 22 2 0
2
42 152 
2
6851 16 16 0
6850 22 30 0
2
42 153 
2
6852 16 16 0
6851 24 26 0
2
42 154 
2
6853 16 16 0
6852 28 18 0
2
42 155 
2
6854 16 16 0
6853 22 22 0
2
42 156 
2
6855 16 16 0
6854 26 18 0
2
42 157 
2
6856 16 16 0
6855 24 16 0
2
42 158 
2
6857 16 16 0
6856 4 14 0
2
42 159 
2
6858 16 16 0
6857 14 4 0
2
42 160 
2
6859 16 16 0
6858 10 14 0
2
42 161 
2
6860 16 16 0
6859 14 2 0
2
42 162 
2
6861 16 16 0
6860 30 18 0
2
40 42 
2
6861 10 16 0
6862 16 16 0
2
41 43 
2
6688 20 12 0
6689 18 14 0
2
42 124 
2
6863 16 16 0
6862 20 26 0
2
43 93 
2
6690 18 14 0
6689 20 2 0
2
42 125 
2
6864 16 16 0
6863 12 16 0
2
42 126 
2
6865 16 16 0
6864 16 10 0
2
42 128 
2
6866 16 16 0
6865 16 14 0
2
42 129 
2
6867 16 16 0
6866 28 12 0
2
42 130 
2
6868 16 16 0
6867 22 6 0
2
42 131 
2
6869 16 16 0
6868 28 14 0
2
42 149 
2
6870 16 16 0
6869 20 6 0
2
42 150 
2
6871 16 16 0
6870 24 8 0
2
42 151 
2
6872 16 16 0
6871 22 2 0
2
42 152 
2
6873 16 16 0
6872 22 30 0
2
42 153 
2
6874 16 16 0
6873 24 26 0
2
42 154 
2
6875 16 16 0
6874 28 18 0
2
42 155 
2
6876 16 16 0
6875 22 22 0
2
42 156 
2
6877 16 16 0
6876 26 18 0
2
42 157 
2
6878 16 16 0
6877 24 16 0
2
42 158 
2
6879 16 16 0
6878 4 14 0
2
42 159 
2
6880 16 16 0
6879 14 4 0
2
42 160 
2
6881 16 16 0
6880 10 14 0
2
42 161 
2
6882 16 16 0
6881 14 2 0
2
42 162 
2
6883 16 16 0
6882 30 18 0
2
20 40 
2
6861 14 16 0
6862 10 16 0
2
21 41 
2
6688 20 14 0
6689 20 12 0
2
18 38 
2
6812 4 18 0
6813 4 16 0
2
19 39 
2
6678 20 8 0
6679 22 8 0
2
16 36 
2
6765 4 24 0
6766 4 22 0
2
17 37 
2
6655 26 4 0
6656 24 4 0
2
34 36 
2
6766 2 24 0
6767 4 22 0
2
35 37 
2
6656 28 2 0
6657 24 4 0
2
244 38 
2
6814 34 34 0
6814 4 16 0
2
36 38 
2
6814 4 22 0
6815 4 16 0
2
246 38 
2
6815 34 30 0
6816 4 16 0
2
16 38 
2
6816 4 24 0
6817 4 16 0
2
245 38 
2
6818 34 32 0
6818 4 16 0
2
36 38 
2
6818 4 22 0
6819 4 16 0
2
244 38 
2
6820 34 34 0
6820 4 16 0
2
245 39 
2
6679 34 32 0
6680 22 8 0
2
37 39 
2
6680 24 4 0
6681 22 8 0
2
245 39 
2
6682 34 32 0
6682 22 8 0
2
17 39 
2
6682 26 4 0
6683 22 8 0
2
248 39 
2
6683 34 26 0
6684 22 8 0
2
37 39 
2
6684 24 4 0
6685 22 8 0
2
246 39 
2
6686 34 30 0
6686 22 8 0
2
246 40 
2
6862 34 30 0
6863 10 16 0
2
38 40 
2
6863 4 16 0
6864 10 16 0
2
244 40 
2
6864 34 34 0
6865 10 16 0
2
18 40 
2
6865 4 18 0
6866 10 16 0
2
244 40 
2
6867 34 34 0
6867 10 16 0
2
38 40 
2
6867 4 16 0
6868 10 16 0
2
245 40 
2
6868 34 32 0
6869 10 16 0
2
246 41 
2
6689 34 30 0
6690 20 12 0
2
39 41 
2
6690 22 8 0
6691 20 12 0
2
245 41 
2
6692 34 32 0
6692 20 12 0
2
19 41 
2
6692 20 8 0
6693 20 12 0
2
244 41 
2
6694 34 34 0
6694 20 12 0
2
39 41 
2
6694 22 8 0
6695 20 12 0
2
245 41 
2
6695 34 32 0
6696 20 12 0
2
246 42 
2
6883 34 30 0
6884 16 16 0
2
40 42 
2
6884 10 16 0
6885 16 16 0
2
244 42 
2
6886 34 34 0
6886 16 16 0
2
20 42 
2
6886 14 16 0
6887 16 16 0
2
247 42 
2
6887 34 28 0
6888 16 16 0
2
40 42 
2
6888 10 16 0
6889 16 16 0
2
244 42 
2
6889 34 34 0
6890 16 16 0
2
244 43 
2
6691 34 34 0
6691 18 14 0
2
41 43 
2
6697 20 12 0
6696 18 14 0
2
244 43 
2
6697 34 34 0
6697 18 14 0
2
21 43 
2
6697 20 14 0
6698 18 14 0
2
245 43 
2
6698 34 32 0
6699 18 14 0
2
41 43 
2
6699 20 12 0
6700 18 14 0
2
244 43 
2
6700 34 34 0
6701 18 14 0
2
42 161 
2
6891 16 16 0
6890 14 2 0
2
43 92 
2
6702 18 14 0
6701 32 12 0
2
42 162 
2
6892 16 16 0
6891 30 18 0
2
42 163 
2
6893 16 16 0
6892 24 22 0
2
40 42 
2
6893 10 16 0
6894 16 16 0
2
41 43 
2
6702 20 12 0
6703 18 14 0
2
42 161 
2
6895 16 16 0
6894 14 2 0
2
43 92 
2
6704 18 14 0
6703 32 12 0
2
42 162 
2
6896 16 16 0
6895 30 18 0
2
43 93 
2
6705 18 14 0
6704 20 2 0
2
42 163 
2
6897 16 16 0
6896 24 22 0
2
20 40 
2
6893 14 16 0
6894 10 16 0
2
21 41 
2
6702 20 14 0
6703 20 12 0
2
38 40 
2
6894 4 16 0
6895 10 16 0
2
39 41 
2
6703 22 8 0
6704 20 12 0
2
244 42 
2
6898 34 34 0
6898 16 16 0
2
40 42 
2
6898 10 16 0
6899 16 16 0
2
247 42 
2
6899 34 28 0
6900 16 16 0
2
20 42 
2
6900 14 16 0
6901 16 16 0
2
245 42 
2
6902 34 32 0
6902 16 16 0
2
40 42 
2
6902 10 16 0
6903 16 16 0
2
244 42 
2
6904 34 34 0
6904 16 16 0
2
245 43 
2
6705 34 32 0
6706 18 14 0
2
41 43 
2
6706 20 12 0
6707 18 14 0
2
246 43 
2
6708 34 30 0
6708 18 14 0
2
21 43 
2
6708 20 14 0
6709 18 14 0
2
247 43 
2
6710 34 28 0
6710 18 14 0
2
41 43 
2
6710 20 12 0
6711 18 14 0
2
244 43 
2
6712 34 34 0
6712 18 14 0
2
42 162 
2
6905 16 16 0
6904 30 18 0
2
43 95 
2
6713 18 14 0
6712 6 12 0
2
42 163 
2
6906 16 16 0
6905 24 22 0
2
42 164 
2
6907 16 16 0
6906 26 20 0
2
40 42 
2
6907 10 16 0
6908 16 16 0
2
41 43 
2
6713 20 12 0
6714 18 14 0
2
42 162 
2
6909 16 16 0
6908 30 18 0
2
43 94 
2
6715 18 14 0
6714 8 6 0
2
42 163 
2
6910 16 16 0
6909 24 22 0
2
42 164 
2
6911 16 16 0
6910 26 20 0
2
20 40 
2
6907 14 16 0
6908 10 16 0
2
21 41 
2
6713 20 14 0
6714 20 12 0
2
18 38 
2
6894 4 18 0
6895 4 16 0
2
19 39 
2
6703 20 8 0
6704 22 8 0
2
36 38 
2
6895 4 22 0
6896 4 16 0
2
37 39 
2
6704 24 4 0
6705 22 8 0
2
246 40 
2
6908 34 30 0
6909 10 16 0
2
38 40 
2
6909 4 16 0
6910 10 16 0
2
245 40 
2
6911 34 32 0
6911 10 16 0
2
18 40 
2
6911 4 18 0
6912 10 16 0
2
244 40 
2
6913 34 34 0
6913 10 16 0
2
38 40 
2
6913 4 16 0
6914 10 16 0
2
245 40 
2
6914 34 32 0
6915 10 16 0
2
244 41 
2
6715 34 34 0
6715 20 12 0
2
39 41 
2
6715 22 8 0
6716 20 12 0
2
246 41 
2
6716 34 30 0
6717 20 12 0
2
19 41 
2
6717 20 8 0
6718 20 12 0
2
244 41 
2
6718 34 34 0
6719 20 12 0
2
39 41 
2
6719 22 8 0
6720 20 12 0
2
244 41 
2
6721 34 34 0
6721 20 12 0
2
247 42 
2
6911 34 28 0
6912 16 16 0
2
40 42 
2
6916 10 16 0
6915 16 16 0
2
244 42 
2
6916 34 34 0
6916 16 16 0
2
20 42 
2
6916 14 16 0
6917 16 16 0
2
246 42 
2
6917 34 30 0
6918 16 16 0
2
40 42 
2
6918 10 16 0
6919 16 16 0
2
245 42 
2
6920 34 32 0
6920 16 16 0
2
245 43 
2
6715 34 32 0
6716 18 14 0
2
41 43 
2
6722 20 12 0
6721 18 14 0
2
245 43 
2
6721 34 32 0
6722 18 14 0
2
21 43 
2
6722 20 14 0
6723 18 14 0
2
244 43 
2
6724 34 34 0
6724 18 14 0
2
41 43 
2
6724 20 12 0
6725 18 14 0
2
245 43 
2
6725 34 32 0
6726 18 14 0
2
42 161 
2
6921 16 16 0
6920 14 2 0
2
43 94 
2
6727 18 14 0
6726 8 6 0
2
42 162 
2
6922 16 16 0
6921 30 18 0
2
43 95 
2
6728 18 14 0
6727 6 12 0
2
42 163 
2
6923 16 16 0
6922 24 22 0
2
42 164 
2
6924 16 16 0
6923 26 20 0
2
42 166 
2
6925 16 16 0
6924 20 22 0
2
42 167 
2
6926 16 16 0
6925 22 12 0
2
42 168 
2
6927 16 16 0
6926 24 10 0
2
42 169 
2
6928 16 16 0
6927 18 2 0
2
42 170 
2
6929 16 16 0
6928 26 14 0
2
42 171 
2
6930 16 16 0
6929 20 4 0
2
42 172 
2
6931 16 16 0
6930 26 8 0
2
42 173 
2
6932 16 16 0
6931 26 6 0
2
42 174 
2
6933 16 16 0
6932 20 32 0
2
42 175 
2
6934 16 16 0
6933 6 8 0
2
42 176 
2
6935 16 16 0
6934 20 30 0
2
42 177 
2
6936 16 16 0
6935 8 4 0
2
42 178 
2
6937 16 16 0
6936 10 2 0
2
42 179 
2
6938 16 16 0
6937 30 22 0
2
42 180 
2
6939 16 16 0
6938 26 26 0
2
42 181 
2
6940 16 16 0
6939 32 20 0
2
42 182 
2
6941 16 16 0
6940 32 10 0
2
40 42 
2
6941 10 16 0
6942 16 16 0
2
41 43 
2
6728 20 12 0
6729 18 14 0
2
42 161 
2
6943 16 16 0
6942 14 2 0
2
43 97 
2
6730 18 14 0
6729 12 14 0
2
42 162 
2
6944 16 16 0
6943 30 18 0
2
42 163 
2
6945 16 16 0
6944 24 22 0
2
42 164 
2
6946 16 16 0
6945 26 20 0
2
42 166 
2
6947 16 16 0
6946 20 22 0
2
42 167 
2
6948 16 16 0
6947 22 12 0
2
42 168 
2
6949 16 16 0
6948 24 10 0
2
42 169 
2
6950 16 16 0
6949 18 2 0
2
42 170 
2
6951 16 16 0
6950 26 14 0
2
42 171 
2
6952 16 16 0
6951 20 4 0
2
42 172 
2
6953 16 16 0
6952 26 8 0
2
42 173 
2
6954 16 16 0
6953 26 6 0
2
42 174 
2
6955 16 16 0
6954 20 32 0
2
42 175 
2
6956 16 16 0
6955 6 8 0
2
42 176 
2
6957 16 16 0
6956 20 30 0
2
42 177 
2
6958 16 16 0
6957 8 4 0
2
42 178 
2
6959 16 16 0
6958 10 2 0
2
42 179 
2
6960 16 16 0
6959 30 22 0
2
42 180 
2
6961 16 16 0
6960 26 26 0
2
42 181 
2
6962 16 16 0
6961 32 20 0
2
42 182 
2
6963 16 16 0
6962 32 10 0
2
20 40 
2
6941 14 16 0
6942 10 16 0
2
21 41 
2
6728 20 14 0
6729 20 12 0
2
38 40 
2
6942 4 16 0
6943 10 16 0
2
39 41 
2
6729 22 8 0
6730 20 12 0
2
244 42 
2
6964 34 34 0
6964 16 16 0
2
40 42 
2
6964 10 16 0
6965 16 16 0
2
246 42 
2
6966 34 30 0
6966 16 16 0
2
20 42 
2
6966 14 16 0
6967 16 16 0
2
245 42 
2
6968 34 32 0
6968 16 16 0
2
40 42 
2
6968 10 16 0
6969 16 16 0
2
244 42 
2
6970 34 34 0
6970 16 16 0
2
244 43 
2
6730 34 34 0
6731 18 14 0
2
41 43 
2
6731 20 12 0
6732 18 14 0
2
245 43 
2
6733 34 32 0
6733 18 14 0
2
21 43 
2
6733 20 14 0
6734 18 14 0
2
247 43 
2
6734 34 28 0
6735 18 14 0
2
41 43 
2
6735 20 12 0
6736 18 14 0
2
245 43 
2
6736 34 32 0
6737 18 14 0
2
42 162 
2
6971 16 16 0
6970 30 18 0
2
43 96 
2
6738 18 14 0
6737 16 4 0
2
42 163 
2
6972 16 16 0
6971 24 22 0
2
42 164 
2
6973 16 16 0
6972 26 20 0
2
42 166 
2
6974 16 16 0
6973 20 22 0
2
42 167 
2
6975 16 16 0
6974 22 12 0
2
42 168 
2
6976 16 16 0
6975 24 10 0
2
42 169 
2
6977 16 16 0
6976 18 2 0
2
42 170 
2
6978 16 16 0
6977 26 14 0
2
42 171 
2
6979 16 16 0
6978 20 4 0
2
42 172 
2
6980 16 16 0
6979 26 8 0
2
42 173 
2
6981 16 16 0
6980 26 6 0
2
42 174 
2
6982 16 16 0
6981 20 32 0
2
42 175 
2
6983 16 16 0
6982 6 8 0
2
42 176 
2
6984 16 16 0
6983 20 30 0
2
42 177 
2
6985 16 16 0
6984 8 4 0
2
42 178 
2
6986 16 16 0
6985 10 2 0
2
42 179 
2
6987 16 16 0
6986 30 22 0
2
42 180 
2
6988 16 16 0
6987 26 26 0
2
42 181 
2
6989 16 16 0
6988 32 20 0
2
42 182 
2
6990 16 16 0
6989 32 10 0
2
42 183 
2
6991 16 16 0
6990 2 8 0
2
40 42 
2
6991 10 16 0
6992 16 16 0
2
41 43 
2
6738 20 12 0
6739 18 14 0
2
42 162 
2
6993 16 16 0
6992 30 18 0
2
43 96 
2
6740 18 14 0
6739 16 4 0
2
42 163 
2
6994 16 16 0
6993 24 22 0
2
43 97 
2
6741 18 14 0
6740 12 14 0
2
42 164 
2
6995 16 16 0
6994 26 20 0
2
42 166 
2
6996 16 16 0
6995 20 22 0
2
42 167 
2
6997 16 16 0
6996 22 12 0
2
42 168 
2
6998 16 16 0
6997 24 10 0
2
42 169 
2
6999 16 16 0
6998 18 2 0
2
42 170 
2
7000 16 16 0
6999 26 14 0
2
42 171 
2
7001 16 16 0
7000 20 4 0
2
42 172 
2
7002 16 16 0
7001 26 8 0
2
42 173 
2
7003 16 16 0
7002 26 6 0
2
42 174 
2
7004 16 16 0
7003 20 32 0
2
42 175 
2
7005 16 16 0
7004 6 8 0
2
42 176 
2
7006 16 16 0
7005 20 30 0
2
42 177 
2
7007 16 16 0
7006 8 4 0
2
42 178 
2
7008 16 16 0
7007 10 2 0
2
42 179 
2
7009 16 16 0
7008 30 22 0
2
42 180 
2
7010 16 16 0
7009 26 26 0
2
42 181 
2
7011 16 16 0
7010 32 20 0
2
42 182 
2
7012 16 16 0
7011 32 10 0
2
42 183 
2
7013 16 16 0
7012 2 8 0
2
20 40 
2
6991 14 16 0
6992 10 16 0
2
21 41 
2
6738 20 14 0
6739 20 12 0
2
18 38 
2
6942 4 18 0
6943 4 16 0
2
19 39 
2
6729 20 8 0
6730 22 8 0
2
16 36 
2
6895 4 24 0
6896 4 22 0
2
17 37 
2
6704 26 4 0
6705 24 4 0
2
14 34 
2
6766 4 26 0
6767 2 24 0
2
15 35 
2
6656 26 2 0
6657 28 2 0
2
12 32 
2
6507 2 26 0
6508 2 28 0
2
13 33 
2
6489 30 2 0
6490 32 2 0
2
30 32 
2
6508 4 28 0
6509 2 28 0
2
31 33 
2
6490 32 6 0
6491 32 2 0
2
247 34 
2
6767 34 28 0
6768 2 24 0
2
32 34 
2
6768 2 28 0
6769 2 24 0
2
246 34 
2
6770 34 30 0
6770 2 24 0
2
12 34 
2
6770 2 26 0
6771 2 24 0
2
248 34 
2
6771 34 26 0
6772 2 24 0
2
32 34 
2
6772 2 28 0
6773 2 24 0
2
246 34 
2
6773 34 30 0
6774 2 24 0
2
247 35 
2
6657 34 28 0
6658 28 2 0
2
33 35 
2
6658 32 2 0
6659 28 2 0
2
247 35 
2
6660 34 28 0
6660 28 2 0
2
13 35 
2
6660 30 2 0
6661 28 2 0
2
246 35 
2
6661 34 30 0
6662 28 2 0
2
33 35 
2
6662 32 2 0
6663 28 2 0
2
245 35 
2
6663 34 32 0
6664 28 2 0
2
245 36 
2
6896 34 32 0
6897 4 22 0
2
34 36 
2
6897 2 24 0
6898 4 22 0
2
245 36 
2
6899 34 32 0
6899 4 22 0
2
14 36 
2
6899 4 26 0
6900 4 22 0
2
244 36 
2
6901 34 34 0
6901 4 22 0
2
34 36 
2
6901 2 24 0
6902 4 22 0
2
246 36 
2
6902 34 30 0
6903 4 22 0
2
246 37 
2
6705 34 30 0
6706 24 4 0
2
35 37 
2
6706 28 2 0
6707 24 4 0
2
247 37 
2
6707 34 28 0
6708 24 4 0
2
15 37 
2
6708 26 2 0
6709 24 4 0
2
248 37 
2
6709 34 26 0
6710 24 4 0
2
35 37 
2
6710 28 2 0
6711 24 4 0
2
245 37 
2
6711 34 32 0
6712 24 4 0
2
245 38 
2
6943 34 32 0
6944 4 16 0
2
36 38 
2
6944 4 22 0
6945 4 16 0
2
244 38 
2
6945 34 34 0
6946 4 16 0
2
16 38 
2
6946 4 24 0
6947 4 16 0
2
244 38 
2
6948 34 34 0
6948 4 16 0
2
36 38 
2
6948 4 22 0
6949 4 16 0
2
246 38 
2
6949 34 30 0
6950 4 16 0
2
245 39 
2
6730 34 32 0
6731 22 8 0
2
37 39 
2
6731 24 4 0
6732 22 8 0
2
246 39 
2
6732 34 30 0
6733 22 8 0
2
17 39 
2
6733 26 4 0
6734 22 8 0
2
248 39 
2
6734 34 26 0
6735 22 8 0
2
37 39 
2
6735 24 4 0
6736 22 8 0
2
247 39 
2
6737 34 28 0
6737 22 8 0
2
245 40 
2
6993 34 32 0
6993 10 16 0
2
38 40 
2
6993 4 16 0
6994 10 16 0
2
244 40 
2
6995 34 34 0
6995 10 16 0
2
18 40 
2
6995 4 18 0
6996 10 16 0
2
246 40 
2
6996 34 30 0
6997 10 16 0
2
38 40 
2
6997 4 16 0
6998 10 16 0
2
244 40 
2
6998 34 34 0
6999 10 16 0
2
245 41 
2
6739 34 32 0
6740 20 12 0
2
39 41 
2
6740 22 8 0
6741 20 12 0
2
244 41 
2
6742 34 34 0
6742 20 12 0
2
19 41 
2
6742 20 8 0
6743 20 12 0
2
246 41 
2
6743 34 30 0
6744 20 12 0
2
39 41 
2
6744 22 8 0
6745 20 12 0
2
244 41 
2
6745 34 34 0
6746 20 12 0
2
244 42 
2
7014 34 34 0
7014 16 16 0
2
40 42 
2
7014 10 16 0
7015 16 16 0
2
246 42 
2
7015 34 30 0
7016 16 16 0
2
20 42 
2
7016 14 16 0
7017 16 16 0
2
245 42 
2
7017 34 32 0
7018 16 16 0
2
40 42 
2
7018 10 16 0
7019 16 16 0
2
244 42 
2
7020 34 34 0
7020 16 16 0
2
245 43 
2
6742 34 32 0
6742 18 14 0
2
41 43 
2
6747 20 12 0
6746 18 14 0
2
245 43 
2
6746 34 32 0
6747 18 14 0
2
21 43 
2
6747 20 14 0
6748 18 14 0
2
244 43 
2
6748 34 34 0
6749 18 14 0
2
41 43 
2
6749 20 12 0
6750 18 14 0
2
244 43 
2
6751 34 34 0
6751 18 14 0
2
42 182 
2
7021 16 16 0
7020 32 10 0
2
43 99 
2
6752 18 14 0
6751 18 24 0
2
42 183 
2
7022 16 16 0
7021 2 8 0
2
42 184 
2
7023 16 16 0
7022 30 8 0
2
40 42 
2
7023 10 16 0
7024 16 16 0
2
41 43 
2
6752 20 12 0
6753 18 14 0
2
42 182 
2
7025 16 16 0
7024 32 10 0
2
43 98 
2
6754 18 14 0
6753 22 16 0
2
42 183 
2
7026 16 16 0
7025 2 8 0
2
42 184 
2
7027 16 16 0
7026 30 8 0
2
20 40 
2
7023 14 16 0
7024 10 16 0
2
21 41 
2
6752 20 14 0
6753 20 12 0
2
38 40 
2
7024 4 16 0
7025 10 16 0
2
39 41 
2
6753 22 8 0
6754 20 12 0
2
245 42 
2
7027 34 32 0
7028 16 16 0
2
40 42 
2
7028 10 16 0
7029 16 16 0
2
245 42 
2
7030 34 32 0
7030 16 16 0
2
20 42 
2
7030 14 16 0
7031 16 16 0
2
244 42 
2
7032 34 34 0
7032 16 16 0
2
40 42 
2
7032 10 16 0
7033 16 16 0
2
248 42 
2
7033 34 26 0
7034 16 16 0
2
245 43 
2
6754 34 32 0
6755 18 14 0
2
41 43 
2
6755 20 12 0
6756 18 14 0
2
244 43 
2
6757 34 34 0
6757 18 14 0
2
21 43 
2
6757 20 14 0
6758 18 14 0
2
247 43 
2
6758 34 28 0
6759 18 14 0
2
41 43 
2
6759 20 12 0
6760 18 14 0
2
246 43 
2
6761 34 30 0
6761 18 14 0
2
42 183 
2
7035 16 16 0
7034 2 8 0
2
43 98 
2
6762 18 14 0
6761 22 16 0
2
42 184 
2
7036 16 16 0
7035 30 8 0
2
43 99 
2
6763 18 14 0
6762 18 24 0
2
42 185 
2
7037 16 16 0
7036 24 30 0
2
40 42 
2
7037 10 16 0
7038 16 16 0
2
41 43 
2
6763 20 12 0
6764 18 14 0
2
42 183 
2
7039 16 16 0
7038 2 8 0
2
43 101 
2
6765 18 14 0
6764 18 18 0
2
42 184 
2
7040 16 16 0
7039 30 8 0
2
42 185 
2
7041 16 16 0
7040 24 30 0
2
20 40 
2
7037 14 16 0
7038 10 16 0
2
21 41 
2
6763 20 14 0
6764 20 12 0
2
18 38 
2
7024 4 18 0
7025 4 16 0
2
19 39 
2
6753 20 8 0
6754 22 8 0
2
36 38 
2
7025 4 22 0
7026 4 16 0
2
37 39 
2
6754 24 4 0
6755 22 8 0
2
244 40 
2
7038 34 34 0
7039 10 16 0
2
38 40 
2
7039 4 16 0
7040 10 16 0
2
244 40 
2
7041 34 34 0
7041 10 16 0
2
18 40 
2
7041 4 18 0
7042 10 16 0
2
248 40 
2
7042 34 26 0
7043 10 16 0
2
38 40 
2
7043 4 16 0
7044 10 16 0
2
245 40 
2
7045 34 32 0
7045 10 16 0
2
245 41 
2
6764 34 32 0
6765 20 12 0
2
39 41 
2
6765 22 8 0
6766 20 12 0
2
245 41 
2
6767 34 32 0
6767 20 12 0
2
19 41 
2
6767 20 8 0
6768 20 12 0
2
244 41 
2
6769 34 34 0
6769 20 12 0
2
39 41 
2
6769 22 8 0
6770 20 12 0
2
247 41 
2
6770 34 28 0
6771 20 12 0
2
245 42 
2
7042 34 32 0
7042 16 16 0
2
40 42 
2
7046 10 16 0
7045 16 16 0
2
246 42 
2
7045 34 30 0
7046 16 16 0
2
20 42 
2
7046 14 16 0
7047 16 16 0
2
245 42 
2
7048 34 32 0
7048 16 16 0
2
40 42 
2
7048 10 16 0
7049 16 16 0
2
244 42 
2
7050 34 34 0
7050 16 16 0
2
244 43 
2
6766 34 34 0
6766 18 14 0
2
41 43 
2
6772 20 12 0
6771 18 14 0
2
249 43 
2
6771 34 24 0
6772 18 14 0
2
21 43 
2
6772 20 14 0
6773 18 14 0
2
247 43 
2
6773 34 28 0
6774 18 14 0
2
41 43 
2
6774 20 12 0
6775 18 14 0
2
244 43 
2
6775 34 34 0
6776 18 14 0
2
42 75 
2
7051 16 16 0
7050 10 30 0
2
43 100 
2
6777 18 14 0
6776 12 10 0
2
42 76 
2
7052 16 16 0
7051 6 24 0
2
42 77 
2
7053 16 16 0
7052 14 32 0
2
40 42 
2
7053 10 16 0
7054 16 16 0
2
41 43 
2
6777 20 12 0
6778 18 14 0
2
42 75 
2
7055 16 16 0
7054 10 30 0
2
43 100 
2
6779 18 14 0
6778 12 10 0
2
42 76 
2
7056 16 16 0
7055 6 24 0
2
43 101 
2
6780 18 14 0
6779 18 18 0
2
42 77 
2
7057 16 16 0
7056 14 32 0
2
20 40 
2
7053 14 16 0
7054 10 16 0
2
21 41 
2
6777 20 14 0
6778 20 12 0
2
38 40 
2
7054 4 16 0
7055 10 16 0
2
39 41 
2
6778 22 8 0
6779 20 12 0
2
245 42 
2
7058 34 32 0
7058 16 16 0
2
40 42 
2
7058 10 16 0
7059 16 16 0
2
244 42 
2
7060 34 34 0
7060 16 16 0
2
20 42 
2
7060 14 16 0
7061 16 16 0
2
246 42 
2
7062 34 30 0
7062 16 16 0
2
40 42 
2
7062 10 16 0
7063 16 16 0
2
245 42 
2
7064 34 32 0
7064 16 16 0
2
246 43 
2
6780 34 30 0
6781 18 14 0
2
41 43 
2
6781 20 12 0
6782 18 14 0
2
248 43 
2
6782 34 26 0
6783 18 14 0
2
21 43 
2
6783 20 14 0
6784 18 14 0
2
247 43 
2
6784 34 28 0
6785 18 14 0
2
41 43 
2
6785 20 12 0
6786 18 14 0
2
244 43 
2
6787 34 34 0
6787 18 14 0
2
42 76 
2
7065 16 16 0
7064 6 24 0
2
43 103 
2
6788 18 14 0
6787 14 6 0
2
42 77 
2
7066 16 16 0
7065 14 32 0
2
42 78 
2
7067 16 16 0
7066 10 28 0
2
40 42 
2
7067 10 16 0
7068 16 16 0
2
41 43 
2
6788 20 12 0
6789 18 14 0
2
42 76 
2
7069 16 16 0
7068 6 24 0
2
43 102 
2
6790 18 14 0
6789 14 8 0
2
42 77 
2
7070 16 16 0
7069 14 32 0
2
42 78 
2
7071 16 16 0
7070 10 28 0
2
20 40 
2
7067 14 16 0
7068 10 16 0
2
21 41 
2
6788 20 14 0
6789 20 12 0
2
18 38 
2
7054 4 18 0
7055 4 16 0
2
19 39 
2
6778 20 8 0
6779 22 8 0
2
16 36 
2
7025 4 24 0
7026 4 22 0
2
17 37 
2
6754 26 4 0
6755 24 4 0
2
34 36 
2
7026 2 24 0
7027 4 22 0
2
35 37 
2
6755 28 2 0
6756 24 4 0
2
245 38 
2
7055 34 32 0
7056 4 16 0
2
36 38 
2
7056 4 22 0
7057 4 16 0
2
247 38 
2
7057 34 28 0
7058 4 16 0
2
16 38 
2
7058 4 24 0
7059 4 16 0
2
247 38 
2
7060 34 28 0
7060 4 16 0
2
36 38 
2
7060 4 22 0
7061 4 16 0
2
249 38 
2
7061 34 24 0
7062 4 16 0
2
245 39 
2
6779 34 32 0
6780 22 8 0
2
37 39 
2
6780 24 4 0
6781 22 8 0
2
247 39 
2
6781 34 28 0
6782 22 8 0
2
17 39 
2
6782 26 4 0
6783 22 8 0
2
244 39 
2
6784 34 34 0
6784 22 8 0
2
37 39 
2
6784 24 4 0
6785 22 8 0
2
248 39 
2
6785 34 26 0
6786 22 8 0
2
244 40 
2
7069 34 34 0
7069 10 16 0
2
38 40 
2
7069 4 16 0
7070 10 16 0
2
245 40 
2
7070 34 32 0
7071 10 16 0
2
18 40 
2
7071 4 18 0
7072 10 16 0
2
245 40 
2
7073 34 32 0
7073 10 16 0
2
38 40 
2
7073 4 16 0
7074 10 16 0
2
244 40 
2
7075 34 34 0
7075 10 16 0
2
246 41 
2
6789 34 30 0
6790 20 12 0
2
39 41 
2
6790 22 8 0
6791 20 12 0
2
246 41 
2
6792 34 30 0
6792 20 12 0
2
19 41 
2
6792 20 8 0
6793 20 12 0
2
244 41 
2
6793 34 34 0
6794 20 12 0
2
39 41 
2
6794 22 8 0
6795 20 12 0
2
244 41 
2
6796 34 34 0
6796 20 12 0
2
244 42 
2
7072 34 34 0
7072 16 16 0
2
40 42 
2
7076 10 16 0
7075 16 16 0
2
245 42 
2
7076 34 32 0
7076 16 16 0
2
20 42 
2
7076 14 16 0
7077 16 16 0
2
244 42 
2
7078 34 34 0
7078 16 16 0
2
40 42 
2
7078 10 16 0
7079 16 16 0
2
245 42 
2
7079 34 32 0
7080 16 16 0
2
245 43 
2
6791 34 32 0
6791 18 14 0
2
41 43 
2
6797 20 12 0
6796 18 14 0
2
245 43 
2
6796 34 32 0
6797 18 14 0
2
21 43 
2
6797 20 14 0
6798 18 14 0
2
244 43 
2
6799 34 34 0
6799 18 14 0
2
41 43 
2
6799 20 12 0
6800 18 14 0
2
245 43 
2
6800 34 32 0
6801 18 14 0
2
42 75 
2
7081 16 16 0
7080 10 30 0
2
43 102 
2
6802 18 14 0
6801 14 8 0
2
42 76 
2
7082 16 16 0
7081 6 24 0
2
43 103 
2
6803 18 14 0
6802 14 6 0
2
42 77 
2
7083 16 16 0
7082 14 32 0
2
42 78 
2
7084 16 16 0
7083 10 28 0
2
42 79 
2
7085 16 16 0
7084 2 20 0
2
42 80 
2
7086 16 16 0
7085 24 28 0
2
42 81 
2
7087 16 16 0
7086 6 6 0
2
42 82 
2
7088 16 16 0
7087 28 22 0
2
42 83 
2
7089 16 16 0
7088 10 4 0
2
42 84 
2
7090 16 16 0
7089 28 24 0
2
42 85 
2
7091 16 16 0
7090 30 20 0
2
42 88 
2
7092 16 16 0
7091 12 4 0
2
42 110 
2
7093 16 16 0
7092 6 20 0
2
42 127 
2
7094 16 16 0
7093 12 18 0
2
42 132 
2
7095 16 16 0
7094 8 16 0
2
42 133 
2
7096 16 16 0
7095 10 12 0
2
42 134 
2
7097 16 16 0
7096 16 30 0
2
42 135 
2
7098 16 16 0
7097 10 26 0
2
42 136 
2
7099 16 16 0
7098 16 26 0
2
42 137 
2
7100 16 16 0
7099 16 28 0
2
42 138 
2
7101 16 16 0
7100 10 20 0
2
40 42 
2
7101 10 16 0
7102 16 16 0
2
41 43 
2
6803 20 12 0
6804 18 14 0
2
42 75 
2
7103 16 16 0
7102 10 30 0
2
43 105 
2
6805 18 14 0
6804 20 16 0
2
42 76 
2
7104 16 16 0
7103 6 24 0
2
42 77 
2
7105 16 16 0
7104 14 32 0
2
42 78 
2
7106 16 16 0
7105 10 28 0
2
42 79 
2
7107 16 16 0
7106 2 20 0
2
42 80 
2
7108 16 16 0
7107 24 28 0
2
42 81 
2
7109 16 16 0
7108 6 6 0
2
42 82 
2
7110 16 16 0
7109 28 22 0
2
42 83 
2
7111 16 16 0
7110 10 4 0
2
42 84 
2
7112 16 16 0
7111 28 24 0
2
42 85 
2
7113 16 16 0
7112 30 20 0
2
42 88 
2
7114 16 16 0
7113 12 4 0
2
42 110 
2
7115 16 16 0
7114 6 20 0
2
42 127 
2
7116 16 16 0
7115 12 18 0
2
42 132 
2
7117 16 16 0
7116 8 16 0
2
42 133 
2
7118 16 16 0
7117 10 12 0
2
42 134 
2
7119 16 16 0
7118 16 30 0
2
42 135 
2
7120 16 16 0
7119 10 26 0
2
42 136 
2
7121 16 16 0
7120 16 26 0
2
42 137 
2
7122 16 16 0
7121 16 28 0
2
42 138 
2
7123 16 16 0
7122 10 20 0
2
20 40 
2
7101 14 16 0
7102 10 16 0
2
21 41 
2
6803 20 14 0
6804 20 12 0
2
38 40 
2
7102 4 16 0
7103 10 16 0
2
39 41 
2
6804 22 8 0
6805 20 12 0
2
245 42 
2
7123 34 32 0
7124 16 16 0
2
40 42 
2
7124 10 16 0
7125 16 16 0
2
244 42 
2
7125 34 34 0
7126 16 16 0
2
20 42 
2
7126 14 16 0
7127 16 16 0
2
244 42 
2
7128 34 34 0
7128 16 16 0
2
40 42 
2
7128 10 16 0
7129 16 16 0
2
245 42 
2
7129 34 32 0
7130 16 16 0
2
244 43 
2
6805 34 34 0
6806 18 14 0
2
41 43 
2
6806 20 12 0
6807 18 14 0
2
244 43 
2
6808 34 34 0
6808 18 14 0
2
21 43 
2
6808 20 14 0
6809 18 14 0
2
246 43 
2
6809 34 30 0
6810 18 14 0
2
41 43 
2
6810 20 12 0
6811 18 14 0
2
245 43 
2
6812 34 32 0
6812 18 14 0
2
42 76 
2
7131 16 16 0
7130 6 24 0
2
43 104 
2
6813 18 14 0
6812 22 26 0
2
42 77 
2
7132 16 16 0
7131 14 32 0
2
42 78 
2
7133 16 16 0
7132 10 28 0
2
42 79 
2
7134 16 16 0
7133 2 20 0
2
42 80 
2
7135 16 16 0
7134 24 28 0
2
42 81 
2
7136 16 16 0
7135 6 6 0
2
42 82 
2
7137 16 16 0
7136 28 22 0
2
42 83 
2
7138 16 16 0
7137 10 4 0
2
42 84 
2
7139 16 16 0
7138 28 24 0
2
42 85 
2
7140 16 16 0
7139 30 20 0
2
42 88 
2
7141 16 16 0
7140 12 4 0
2
42 110 
2
7142 16 16 0
7141 6 20 0
2
42 127 
2
7143 16 16 0
7142 12 18 0
2
42 132 
2
7144 16 16 0
7143 8 16 0
2
42 133 
2
7145 16 16 0
7144 10 12 0
2
42 134 
2
7146 16 16 0
7145 16 30 0
2
42 135 
2
7147 16 16 0
7146 10 26 0
2
42 136 
2
7148 16 16 0
7147 16 26 0
2
42 137 
2
7149 16 16 0
7148 16 28 0
2
42 138 
2
7150 16 16 0
7149 10 20 0
2
42 139 
2
7151 16 16 0
7150 12 26 0
2
40 42 
2
7151 10 16 0
7152 16 16 0
2
41 43 
2
6813 20 12 0
6814 18 14 0
2
42 76 
2
7153 16 16 0
7152 6 24 0
2
43 104 
2
6815 18 14 0
6814 22 26 0
2
42 77 
2
7154 16 16 0
7153 14 32 0
2
43 105 
2
6816 18 14 0
6815 20 16 0
2
42 78 
2
7155 16 16 0
7154 10 28 0
2
42 79 
2
7156 16 16 0
7155 2 20 0
2
42 80 
2
7157 16 16 0
7156 24 28 0
2
42 81 
2
7158 16 16 0
7157 6 6 0
2
42 82 
2
7159 16 16 0
7158 28 22 0
2
42 83 
2
7160 16 16 0
7159 10 4 0
2
42 84 
2
7161 16 16 0
7160 28 24 0
2
42 85 
2
7162 16 16 0
7161 30 20 0
2
42 88 
2
7163 16 16 0
7162 12 4 0
2
42 110 
2
7164 16 16 0
7163 6 20 0
2
42 127 
2
7165 16 16 0
7164 12 18 0
2
42 132 
2
7166 16 16 0
7165 8 16 0
2
42 133 
2
7167 16 16 0
7166 10 12 0
2
42 134 
2
7168 16 16 0
7167 16 30 0
2
42 135 
2
7169 16 16 0
7168 10 26 0
2
42 136 
2
7170 16 16 0
7169 16 26 0
2
42 137 
2
7171 16 16 0
7170 16 28 0
2
42 138 
2
7172 16 16 0
7171 10 20 0
2
42 139 
2
7173 16 16 0
7172 12 26 0
2
20 40 
2
7151 14 16 0
7152 10 16 0
2
21 41 
2
6813 20 14 0
6814 20 12 0
2
18 38 
2
7102 4 18 0
7103 4 16 0
2
19 39 
2
6804 20 8 0
6805 22 8 0
2
36 38 
2
7103 4 22 0
7104 4 16 0
2
37 39 
2
6805 24 4 0
6806 22 8 0
2
245 40 
2
7152 34 32 0
7153 10 16 0
2
38 40 
2
7153 4 16 0
7154 10 16 0
2
244 40 
2
7154 34 34 0
7155 10 16 0
2
18 40 
2
7155 4 18 0
7156 10 16 0
2
244 40 
2
7157 34 34 0
7157 10 16 0
2
38 40 
2
7157 4 16 0
7158 10 16 0
2
246 40 
2
7158 34 30 0
7159 10 16 0
2
245 41 
2
6815 34 32 0
6815 20 12 0
2
39 41 
2
6815 22 8 0
6816 20 12 0
2
244 41 
2
6817 34 34 0
6817 20 12 0
2
19 41 
2
6817 20 8 0
6818 20 12 0
2
246 41 
2
6818 34 30 0
6819 20 12 0
2
39 41 
2
6819 22 8 0
6820 20 12 0
2
245 41 
2
6821 34 32 0
6821 20 12 0
2
244 42 
2
7173 34 34 0
7174 16 16 0
2
40 42 
2
7174 10 16 0
7175 16 16 0
2
244 42 
2
7176 34 34 0
7176 16 16 0
2
20 42 
2
7176 14 16 0
7177 16 16 0
2
245 42 
2
7177 34 32 0
7178 16 16 0
2
40 42 
2
7178 10 16 0
7179 16 16 0
2
244 42 
2
7179 34 34 0
7180 16 16 0
2
247 43 
2
6816 34 28 0
6817 18 14 0
2
41 43 
2
6822 20 12 0
6821 18 14 0
2
246 43 
2
6821 34 30 0
6822 18 14 0
2
21 43 
2
6822 20 14 0
6823 18 14 0
2
244 43 
2
6823 34 34 0
6824 18 14 0
2
41 43 
2
6824 20 12 0
6825 18 14 0
2
244 43 
2
6826 34 34 0
6826 18 14 0
2
42 138 
2
7181 16 16 0
7180 10 20 0
2
43 107 
2
6827 18 14 0
6826 30 16 0
2
42 139 
2
7182 16 16 0
7181 12 26 0
2
42 140 
2
7183 16 16 0
7182 14 18 0
2
40 42 
2
7183 10 16 0
7184 16 16 0
2
41 43 
2
6827 20 12 0
6828 18 14 0
2
42 138 
2
7185 16 16 0
7184 10 20 0
2
43 106 
2
6829 18 14 0
6828 24 20 0
2
42 139 
2
7186 16 16 0
7185 12 26 0
2
42 140 
2
7187 16 16 0
7186 14 18 0
2
20 40 
2
7183 14 16 0
7184 10 16 0
2
21 41 
2
6827 20 14 0
6828 20 12 0
2
38 40 
2
7184 4 16 0
7185 10 16 0
2
39 41 
2
6828 22 8 0
6829 20 12 0
2
244 42 
2
7188 34 34 0
7188 16 16 0
2
40 42 
2
7188 10 16 0
7189 16 16 0
2
245 42 
2
7190 34 32 0
7190 16 16 0
2
20 42 
2
7190 14 16 0
7191 16 16 0
2
244 42 
2
7191 34 34 0
7192 16 16 0
2
40 42 
2
7192 10 16 0
7193 16 16 0
2
244 42 
2
7194 34 34 0
7194 16 16 0
2
244 43 
2
6829 34 34 0
6830 18 14 0
2
41 43 
2
6830 20 12 0
6831 18 14 0
2
244 43 
2
6832 34 34 0
6832 18 14 0
2
21 43 
2
6832 20 14 0
6833 18 14 0
2
247 43 
2
6833 34 28 0
6834 18 14 0
2
41 43 
2
6834 20 12 0
6835 18 14 0
2
245 43 
2
6835 34 32 0
6836 18 14 0
2
42 139 
2
7195 16 16 0
7194 12 26 0
2
43 106 
2
6837 18 14 0
6836 24 20 0
2
42 140 
2
7196 16 16 0
7195 14 18 0
2
43 107 
2
6838 18 14 0
6837 30 16 0
2
42 141 
2
7197 16 16 0
7196 14 20 0
2
40 42 
2
7197 10 16 0
7198 16 16 0
2
41 43 
2
6838 20 12 0
6839 18 14 0
2
42 139 
2
7199 16 16 0
7198 12 26 0
2
43 109 
2
6840 18 14 0
6839 26 10 0
2
42 140 
2
7200 16 16 0
7199 14 18 0
2
42 141 
2
7201 16 16 0
7200 14 20 0
2
20 40 
2
7197 14 16 0
7198 10 16 0
2
21 41 
2
6838 20 14 0
6839 20 12 0
2
18 38 
2
7184 4 18 0
7185 4 16 0
2
19 39 
2
6828 20 8 0
6829 22 8 0
2
16 36 
2
7103 4 24 0
7104 4 22 0
2
17 37 
2
6805 26 4 0
6806 24 4 0
2
14 34 
2
7026 4 26 0
7027 2 24 0
2
15 35 
2
6755 26 2 0
6756 28 2 0
2
32 34 
2
7027 2 28 0
7028 2 24 0
2
33 35 
2
6756 32 2 0
6757 28 2 0
2
244 36 
2
7104 34 34 0
7105 4 22 0
2
34 36 
2
7105 2 24 0
7106 4 22 0
2
244 36 
2
7107 34 34 0
7107 4 22 0
2
14 36 
2
7107 4 26 0
7108 4 22 0
2
246 36 
2
7109 34 30 0
7109 4 22 0
2
34 36 
2
7109 2 24 0
7110 4 22 0
2
245 36 
2
7111 34 32 0
7111 4 22 0
2
245 37 
2
6806 34 32 0
6807 24 4 0
2
35 37 
2
6807 28 2 0
6808 24 4 0
2
245 37 
2
6809 34 32 0
6809 24 4 0
2
15 37 
2
6809 26 2 0
6810 24 4 0
2
244 37 
2
6811 34 34 0
6811 24 4 0
2
35 37 
2
6811 28 2 0
6812 24 4 0
2
246 37 
2
6812 34 30 0
6813 24 4 0
2
244 38 
2
7185 34 34 0
7186 4 16 0
2
36 38 
2
7186 4 22 0
7187 4 16 0
2
245 38 
2
7187 34 32 0
7188 4 16 0
2
16 38 
2
7188 4 24 0
7189 4 16 0
2
246 38 
2
7189 34 30 0
7190 4 16 0
2
36 38 
2
7190 4 22 0
7191 4 16 0
2
246 38 
2
7192 34 30 0
7192 4 16 0
2
245 39 
2
6829 34 32 0
6830 22 8 0
2
37 39 
2
6830 24 4 0
6831 22 8 0
2
245 39 
2
6832 34 32 0
6832 22 8 0
2
17 39 
2
6832 26 4 0
6833 22 8 0
2
248 39 
2
6833 34 26 0
6834 22 8 0
2
37 39 
2
6834 24 4 0
6835 22 8 0
2
246 39 
2
6836 34 30 0
6836 22 8 0
2
244 40 
2
7198 34 34 0
7199 10 16 0
2
38 40 
2
7199 4 16 0
7200 10 16 0
2
244 40 
2
7201 34 34 0
7201 10 16 0
2
18 40 
2
7201 4 18 0
7202 10 16 0
2
246 40 
2
7202 34 30 0
7203 10 16 0
2
38 40 
2
7203 4 16 0
7204 10 16 0
2
244 40 
2
7204 34 34 0
7205 10 16 0
2
246 41 
2
6839 34 30 0
6840 20 12 0
2
39 41 
2
6840 22 8 0
6841 20 12 0
2
245 41 
2
6842 34 32 0
6842 20 12 0
2
19 41 
2
6842 20 8 0
6843 20 12 0
2
244 41 
2
6844 34 34 0
6844 20 12 0
2
39 41 
2
6844 22 8 0
6845 20 12 0
2
245 41 
2
6845 34 32 0
6846 20 12 0
2
245 42 
2
7201 34 32 0
7202 16 16 0
2
40 42 
2
7206 10 16 0
7205 16 16 0
2
245 42 
2
7205 34 32 0
7206 16 16 0
2
20 42 
2
7206 14 16 0
7207 16 16 0
2
244 42 
2
7207 34 34 0
7208 16 16 0
2
40 42 
2
7208 10 16 0
7209 16 16 0
2
244 42 
2
7210 34 34 0
7210 16 16 0
2
244 43 
2
6841 34 34 0
6841 18 14 0
2
41 43 
2
6847 20 12 0
6846 18 14 0
2
244 43 
2
6847 34 34 0
6847 18 14 0
2
21 43 
2
6847 20 14 0
6848 18 14 0
2
245 43 
2
6848 34 32 0
6849 18 14 0
2
41 43 
2
6849 20 12 0
6850 18 14 0
2
244 43 
2
6850 34 34 0
6851 18 14 0
2
42 138 
2
7211 16 16 0
7210 10 20 0
2
43 108 
2
6852 18 14 0
6851 28 10 0
2
42 139 
2
7212 16 16 0
7211 12 26 0
2
42 140 
2
7213 16 16 0
7212 14 18 0
2
42 141 
2
7214 16 16 0
7213 14 20 0
2
42 142 
2
7215 16 16 0
7214 8 12 0
2
42 143 
2
7216 16 16 0
7215 22 24 0
2
42 144 
2
7217 16 16 0
7216 24 18 0
2
42 145 
2
7218 16 16 0
7217 22 10 0
2
42 146 
2
7219 16 16 0
7218 30 12 0
2
42 147 
2
7220 16 16 0
7219 4 8 0
2
42 148 
2
7221 16 16 0
7220 12 30 0
2
42 165 
2
7222 16 16 0
7221 4 20 0
2
42 187 
2
7223 16 16 0
7222 12 28 0
2
42 190 
2
7224 16 16 0
7223 26 16 0
2
42 192 
2
7225 16 16 0
7224 18 26 0
2
42 193 
2
7226 16 16 0
7225 6 16 0
2
42 194 
2
7227 16 16 0
7226 14 22 0
2
42 195 
2
7228 16 16 0
7227 10 22 0
2
42 196 
2
7229 16 16 0
7228 8 18 0
2
42 197 
2
7230 16 16 0
7229 16 22 0
2
42 198 
2
7231 16 16 0
7230 16 18 0
2
40 42 
2
7231 10 16 0
7232 16 16 0
2
41 43 
2
6852 20 12 0
6853 18 14 0
2
42 138 
2
7233 16 16 0
7232 10 20 0
2
43 108 
2
6854 18 14 0
6853 28 10 0
2
42 139 
2
7234 16 16 0
7233 12 26 0
2
43 109 
2
6855 18 14 0
6854 26 10 0
2
42 140 
2
7235 16 16 0
7234 14 18 0
2
42 141 
2
7236 16 16 0
7235 14 20 0
2
42 142 
2
7237 16 16 0
7236 8 12 0
2
42 143 
2
7238 16 16 0
7237 22 24 0
2
42 144 
2
7239 16 16 0
7238 24 18 0
2
42 145 
2
7240 16 16 0
7239 22 10 0
2
42 146 
2
7241 16 16 0
7240 30 12 0
2
42 147 
2
7242 16 16 0
7241 4 8 0
2
42 148 
2
7243 16 16 0
7242 12 30 0
2
42 165 
2
7244 16 16 0
7243 4 20 0
2
42 187 
2
7245 16 16 0
7244 12 28 0
2
42 190 
2
7246 16 16 0
7245 26 16 0
2
42 192 
2
7247 16 16 0
7246 18 26 0
2
42 193 
2
7248 16 16 0
7247 6 16 0
2
42 194 
2
7249 16 16 0
7248 14 22 0
2
42 195 
2
7250 16 16 0
7249 10 22 0
2
42 196 
2
7251 16 16 0
7250 8 18 0
2
42 197 
2
7252 16 16 0
7251 16 22 0
2
42 198 
2
7253 16 16 0
7252 16 18 0
2
20 40 
2
7231 14 16 0
7232 10 16 0
2
21 41 
2
6852 20 14 0
6853 20 12 0
2
38 40 
2
7232 4 16 0
7233 10 16 0
2
39 41 
2
6853 22 8 0
6854 20 12 0
2
244 42 
2
7253 34 34 0
7254 16 16 0
2
40 42 
2
7254 10 16 0
7255 16 16 0
2
244 42 
2
7256 34 34 0
7256 16 16 0
2
20 42 
2
7256 14 16 0
7257 16 16 0
2
245 42 
2
7257 34 32 0
7258 16 16 0
2
40 42 
2
7258 10 16 0
7259 16 16 0
2
244 42 
2
7259 34 34 0
7260 16 16 0
2
244 43 
2
6855 34 34 0
6856 18 14 0
2
41 43 
2
6856 20 12 0
6857 18 14 0
2
244 43 
2
6858 34 34 0
6858 18 14 0
2
21 43 
2
6858 20 14 0
6859 18 14 0
2
246 43 
2
6859 34 30 0
6860 18 14 0
2
41 43 
2
6860 20 12 0
6861 18 14 0
2
245 43 
2
6862 34 32 0
6862 18 14 0
2
42 139 
2
7261 16 16 0
7260 12 26 0
2
43 112 
2
6863 18 14 0
6862 30 14 0
2
42 140 
2
7262 16 16 0
7261 14 18 0
2
42 141 
2
7263 16 16 0
7262 14 20 0
2
42 142 
2
7264 16 16 0
7263 8 12 0
2
42 143 
2
7265 16 16 0
7264 22 24 0
2
42 144 
2
7266 16 16 0
7265 24 18 0
2
42 145 
2
7267 16 16 0
7266 22 10 0
2
42 146 
2
7268 16 16 0
7267 30 12 0
2
42 147 
2
7269 16 16 0
7268 4 8 0
2
42 148 
2
7270 16 16 0
7269 12 30 0
2
42 165 
2
7271 16 16 0
7270 4 20 0
2
42 187 
2
7272 16 16 0
7271 12 28 0
2
42 190 
2
7273 16 16 0
7272 26 16 0
2
42 192 
2
7274 16 16 0
7273 18 26 0
2
42 193 
2
7275 16 16 0
7274 6 16 0
2
42 194 
2
7276 16 16 0
7275 14 22 0
2
42 195 
2
7277 16 16 0
7276 10 22 0
2
42 196 
2
7278 16 16 0
7277 8 18 0
2
42 197 
2
7279 16 16 0
7278 16 22 0
2
42 198 
2
7280 16 16 0
7279 16 18 0
2
42 199 
2
7281 16 16 0
7280 14 28 0
2
40 42 
2
7281 10 16 0
7282 16 16 0
2
41 43 
2
6863 20 12 0
6864 18 14 0
2
42 139 
2
7283 16 16 0
7282 12 26 0
2
43 111 
2
6865 18 14 0
6864 18 6 0
2
42 140 
2
7284 16 16 0
7283 14 18 0
2
42 141 
2
7285 16 16 0
7284 14 20 0
2
42 142 
2
7286 16 16 0
7285 8 12 0
2
42 143 
2
7287 16 16 0
7286 22 24 0
2
42 144 
2
7288 16 16 0
7287 24 18 0
2
42 145 
2
7289 16 16 0
7288 22 10 0
2
42 146 
2
7290 16 16 0
7289 30 12 0
2
42 147 
2
7291 16 16 0
7290 4 8 0
2
42 148 
2
7292 16 16 0
7291 12 30 0
2
42 165 
2
7293 16 16 0
7292 4 20 0
2
42 187 
2
7294 16 16 0
7293 12 28 0
2
42 190 
2
7295 16 16 0
7294 26 16 0
2
42 192 
2
7296 16 16 0
7295 18 26 0
2
42 193 
2
7297 16 16 0
7296 6 16 0
2
42 194 
2
7298 16 16 0
7297 14 22 0
2
42 195 
2
7299 16 16 0
7298 10 22 0
2
42 196 
2
7300 16 16 0
7299 8 18 0
2
42 197 
2
7301 16 16 0
7300 16 22 0
2
42 198 
2
7302 16 16 0
7301 16 18 0
2
42 199 
2
7303 16 16 0
7302 14 28 0
2
20 40 
2
7281 14 16 0
7282 10 16 0
2
21 41 
2
6863 20 14 0
6864 20 12 0
2
18 38 
2
7232 4 18 0
7233 4 16 0
2
19 39 
2
6853 20 8 0
6854 22 8 0
2
36 38 
2
7233 4 22 0
7234 4 16 0
2
37 39 
2
6854 24 4 0
6855 22 8 0
2
244 40 
2
7282 34 34 0
7283 10 16 0
2
38 40 
2
7283 4 16 0
7284 10 16 0
2
244 40 
2
7285 34 34 0
7285 10 16 0
2
18 40 
2
7285 4 18 0
7286 10 16 0
2
245 40 
2
7286 34 32 0
7287 10 16 0
2
38 40 
2
7287 4 16 0
7288 10 16 0
2
244 40 
2
7288 34 34 0
7289 10 16 0
2
245 41 
2
6865 34 32 0
6865 20 12 0
2
39 41 
2
6865 22 8 0
6866 20 12 0
2
247 41 
2
6866 34 28 0
6867 20 12 0
2
19 41 
2
6867 20 8 0
6868 20 12 0
2
246 41 
2
6868 34 30 0
6869 20 12 0
2
39 41 
2
6869 22 8 0
6870 20 12 0
2
244 41 
2
6870 34 34 0
6871 20 12 0
2
244 42 
2
7303 34 34 0
7304 16 16 0
2
40 42 
2
7304 10 16 0
7305 16 16 0
2
244 42 
2
7306 34 34 0
7306 16 16 0
2
20 42 
2
7306 14 16 0
7307 16 16 0
2
245 42 
2
7307 34 32 0
7308 16 16 0
2
40 42 
2
7308 10 16 0
7309 16 16 0
2
244 42 
2
7309 34 34 0
7310 16 16 0
2
246 43 
2
6865 34 30 0
6866 18 14 0
2
41 43 
2
6872 20 12 0
6871 18 14 0
2
245 43 
2
6871 34 32 0
6872 18 14 0
2
21 43 
2
6872 20 14 0
6873 18 14 0
2
244 43 
2
6873 34 34 0
6874 18 14 0
2
41 43 
2
6874 20 12 0
6875 18 14 0
2
244 43 
2
6876 34 34 0
6876 18 14 0
2
42 198 
2
7311 16 16 0
7310 16 18 0
2
43 111 
2
6877 18 14 0
6876 18 6 0
2
42 199 
2
7312 16 16 0
7311 14 28 0
2
43 112 
2
6878 18 14 0
6877 30 14 0
2
42 200 
2
7313 16 16 0
7312 10 18 0
2
40 42 
2
7313 10 16 0
7314 16 16 0
2
41 43 
2
6878 20 12 0
6879 18 14 0
2
42 198 
2
7315 16 16 0
7314 16 18 0
2
43 114 
2
6880 18 14 0
6879 30 10 0
2
42 199 
2
7316 16 16 0
7315 14 28 0
2
42 200 
2
7317 16 16 0
7316 10 18 0
2
20 40 
2
7313 14 16 0
7314 10 16 0
2
21 41 
2
6878 20 14 0
6879 20 12 0
2
38 40 
2
7314 4 16 0
7315 10 16 0
2
39 41 
2
6879 22 8 0
6880 20 12 0
2
244 42 
2
7318 34 34 0
7318 16 16 0
2
40 42 
2
7318 10 16 0
7319 16 16 0
2
245 42 
2
7320 34 32 0
7320 16 16 0
2
20 42 
2
7320 14 16 0
7321 16 16 0
2
244 42 
2
7321 34 34 0
7322 16 16 0
2
40 42 
2
7322 10 16 0
7323 16 16 0
2
244 42 
2
7324 34 34 0
7324 16 16 0
2
244 43 
2
6880 34 34 0
6881 18 14 0
2
41 43 
2
6881 20 12 0
6882 18 14 0
2
244 43 
2
6883 34 34 0
6883 18 14 0
2
21 43 
2
6883 20 14 0
6884 18 14 0
2
247 43 
2
6884 34 28 0
6885 18 14 0
2
41 43 
2
6885 20 12 0
6886 18 14 0
2
245 43 
2
6886 34 32 0
6887 18 14 0
2
42 199 
2
7325 16 16 0
7324 14 28 0
2
43 113 
2
6888 18 14 0
6887 22 4 0
2
42 200 
2
7326 16 16 0
7325 10 18 0
2
42 201 
2
7327 16 16 0
7326 18 20 0
2
40 42 
2
7327 10 16 0
7328 16 16 0
2
41 43 
2
6888 20 12 0
6889 18 14 0
2
42 199 
2
7329 16 16 0
7328 14 28 0
2
43 113 
2
6890 18 14 0
6889 22 4 0
2
42 200 
2
7330 16 16 0
7329 10 18 0
2
43 114 
2
6891 18 14 0
6890 30 10 0
2
42 201 
2
7331 16 16 0
7330 18 20 0
2
20 40 
2
7327 14 16 0
7328 10 16 0
2
21 41 
2
6888 20 14 0
6889 20 12 0
2
18 38 
2
7314 4 18 0
7315 4 16 0
2
19 39 
2
6879 20 8 0
6880 22 8 0
2
16 36 
2
7233 4 24 0
7234 4 22 0
2
17 37 
2
6854 26 4 0
6855 24 4 0
2
34 36 
2
7234 2 24 0
7235 4 22 0
2
35 37 
2
6855 28 2 0
6856 24 4 0
2
244 38 
2
7315 34 34 0
7316 4 16 0
2
36 38 
2
7316 4 22 0
7317 4 16 0
2
245 38 
2
7317 34 32 0
7318 4 16 0
2
16 38 
2
7318 4 24 0
7319 4 16 0
2
246 38 
2
7319 34 30 0
7320 4 16 0
2
36 38 
2
7320 4 22 0
7321 4 16 0
2
246 38 
2
7322 34 30 0
7322 4 16 0
2
245 39 
2
6880 34 32 0
6881 22 8 0
2
37 39 
2
6881 24 4 0
6882 22 8 0
2
245 39 
2
6883 34 32 0
6883 22 8 0
2
17 39 
2
6883 26 4 0
6884 22 8 0
2
248 39 
2
6884 34 26 0
6885 22 8 0
2
37 39 
2
6885 24 4 0
6886 22 8 0
2
246 39 
2
6886 34 30 0
6887 22 8 0
2
244 40 
2
7328 34 34 0
7329 10 16 0
2
38 40 
2
7329 4 16 0
7330 10 16 0
2
244 40 
2
7331 34 34 0
7331 10 16 0
2
18 40 
2
7331 4 18 0
7332 10 16 0
2
246 40 
2
7332 34 30 0
7333 10 16 0
2
38 40 
2
7333 4 16 0
7334 10 16 0
2
244 40 
2
7334 34 34 0
7335 10 16 0
2
245 41 
2
6889 34 32 0
6890 20 12 0
2
39 41 
2
6890 22 8 0
6891 20 12 0
2
244 41 
2
6892 34 34 0
6892 20 12 0
2
19 41 
2
6892 20 8 0
6893 20 12 0
2
246 41 
2
6893 34 30 0
6894 20 12 0
2
39 41 
2
6894 22 8 0
6895 20 12 0
2
244 41 
2
6895 34 34 0
6896 20 12 0
2
245 42 
2
7331 34 32 0
7332 16 16 0
2
40 42 
2
7336 10 16 0
7335 16 16 0
2
245 42 
2
7335 34 32 0
7336 16 16 0
2
20 42 
2
7336 14 16 0
7337 16 16 0
2
244 42 
2
7337 34 34 0
7338 16 16 0
2
40 42 
2
7338 10 16 0
7339 16 16 0
2
244 42 
2
7340 34 34 0
7340 16 16 0
2
245 43 
2
6892 34 32 0
6892 18 14 0
2
41 43 
2
6897 20 12 0
6896 18 14 0
2
246 43 
2
6896 34 30 0
6897 18 14 0
2
21 43 
2
6897 20 14 0
6898 18 14 0
2
246 43 
2
6899 34 30 0
6899 18 14 0
2
41 43 
2
6899 20 12 0
6900 18 14 0
2
248 43 
2
6900 34 26 0
6901 18 14 0
2
42 198 
2
7341 16 16 0
7340 16 18 0
2
43 116 
2
6902 18 14 0
6901 8 8 0
2
42 199 
2
7342 16 16 0
7341 14 28 0
2
42 200 
2
7343 16 16 0
7342 10 18 0
2
42 201 
2
7344 16 16 0
7343 18 20 0
2
42 202 
2
7345 16 16 0
7344 14 14 0
2
42 203 
2
7346 16 16 0
7345 2 14 0
2
42 204 
2
7347 16 16 0
7346 20 20 0
2
42 205 
2
7348 16 16 0
7347 18 10 0
2
42 206 
2
7349 16 16 0
7348 26 24 0
2
42 207 
2
7350 16 16 0
7349 4 10 0
2
42 208 
2
7351 16 16 0
7350 32 16 0
2
42 209 
2
7352 16 16 0
7351 2 18 0
2
42 210 
2
7353 16 16 0
7352 8 24 0
2
42 211 
2
7354 16 16 0
7353 6 18 0
2
42 212 
2
7355 16 16 0
7354 16 24 0
2
42 213 
2
7356 16 16 0
7355 16 32 0
2
42 214 
2
7357 16 16 0
7356 12 20 0
2
42 215 
2
7358 16 16 0
7357 18 16 0
2
42 216 
2
7359 16 16 0
7358 8 20 0
2
42 217 
2
7360 16 16 0
7359 14 26 0
2
42 218 
2
7361 16 16 0
7360 10 24 0
2
40 42 
2
7361 10 16 0
7362 16 16 0
2
41 43 
2
6902 20 12 0
6903 18 14 0
2
42 198 
2
7363 16 16 0
7362 16 18 0
2
43 115 
2
6904 18 14 0
6903 2 10 0
2
42 199 
2
7364 16 16 0
7363 14 28 0
2
42 200 
2
7365 16 16 0
7364 10 18 0
2
42 201 
2
7366 16 16 0
7365 18 20 0
2
42 202 
2
7367 16 16 0
7366 14 14 0
2
42 203 
2
7368 16 16 0
7367 2 14 0
2
42 204 
2
7369 16 16 0
7368 20 20 0
2
42 205 
2
7370 16 16 0
7369 18 10 0
2
42 206 
2
7371 16 16 0
7370 26 24 0
2
42 207 
2
7372 16 16 0
7371 4 10 0
2
42 208 
2
7373 16 16 0
7372 32 16 0
2
42 209 
2
7374 16 16 0
7373 2 18 0
2
42 210 
2
7375 16 16 0
7374 8 24 0
2
42 211 
2
7376 16 16 0
7375 6 18 0
2
42 212 
2
7377 16 16 0
7376 16 24 0
2
42 213 
2
7378 16 16 0
7377 16 32 0
2
42 214 
2
7379 16 16 0
7378 12 20 0
2
42 215 
2
7380 16 16 0
7379 18 16 0
2
42 216 
2
7381 16 16 0
7380 8 20 0
2
42 217 
2
7382 16 16 0
7381 14 26 0
2
42 218 
2
7383 16 16 0
7382 10 24 0
2
20 40 
2
7361 14 16 0
7362 10 16 0
2
21 41 
2
6902 20 14 0
6903 20 12 0
2
38 40 
2
7362 4 16 0
7363 10 16 0
2
39 41 
2
6903 22 8 0
6904 20 12 0
2
244 42 
2
7383 34 34 0
7384 16 16 0
2
40 42 
2
7384 10 16 0
7385 16 16 0
2
244 42 
2
7386 34 34 0
7386 16 16 0
2
20 42 
2
7386 14 16 0
7387 16 16 0
2
245 42 
2
7387 34 32 0
7388 16 16 0
2
40 42 
2
7388 10 16 0
7389 16 16 0
2
244 42 
2
7389 34 34 0
7390 16 16 0
2
245 43 
2
6905 34 32 0
6905 18 14 0
2
41 43 
2
6905 20 12 0
6906 18 14 0
2
244 43 
2
6907 34 34 0
6907 18 14 0
2
21 43 
2
6907 20 14 0
6908 18 14 0
2
247 43 
2
6908 34 28 0
6909 18 14 0
2
41 43 
2
6909 20 12 0
6910 18 14 0
2
246 43 
2
6911 34 30 0
6911 18 14 0
2
42 199 
2
7391 16 16 0
7390 14 28 0
2
43 115 
2
6912 18 14 0
6911 2 10 0
2
42 200 
2
7392 16 16 0
7391 10 18 0
2
43 116 
2
6913 18 14 0
6912 8 8 0
2
42 201 
2
7393 16 16 0
7392 18 20 0
2
42 202 
2
7394 16 16 0
7393 14 14 0
2
42 203 
2
7395 16 16 0
7394 2 14 0
2
42 204 
2
7396 16 16 0
7395 20 20 0
2
42 205 
2
7397 16 16 0
7396 18 10 0
2
42 206 
2
7398 16 16 0
7397 26 24 0
2
42 207 
2
7399 16 16 0
7398 4 10 0
2
42 208 
2
7400 16 16 0
7399 32 16 0
2
42 209 
2
7401 16 16 0
7400 2 18 0
2
42 210 
2
7402 16 16 0
7401 8 24 0
2
42 211 
2
7403 16 16 0
7402 6 18 0
2
42 212 
2
7404 16 16 0
7403 16 24 0
2
42 213 
2
7405 16 16 0
7404 16 32 0
2
42 214 
2
7406 16 16 0
7405 12 20 0
2
42 215 
2
7407 16 16 0
7406 18 16 0
2
42 216 
2
7408 16 16 0
7407 8 20 0
2
42 217 
2
7409 16 16 0
7408 14 26 0
2
42 218 
2
7410 16 16 0
7409 10 24 0
2
42 219 
2
7411 16 16 0
7410 24 24 0
2
40 42 
2
7411 10 16 0
7412 16 16 0
2
41 43 
2
6913 20 12 0
6914 18 14 0
2
42 199 
2
7413 16 16 0
7412 14 28 0
2
43 118 
2
6915 18 14 0
6914 12 12 0
2
42 200 
2
7414 16 16 0
7413 10 18 0
2
42 201 
2
7415 16 16 0
7414 18 20 0
2
42 202 
2
7416 16 16 0
7415 14 14 0
2
42 203 
2
7417 16 16 0
7416 2 14 0
2
42 204 
2
7418 16 16 0
7417 20 20 0
2
42 205 
2
7419 16 16 0
7418 18 10 0
2
42 206 
2
7420 16 16 0
7419 26 24 0
2
42 207 
2
7421 16 16 0
7420 4 10 0
2
42 208 
2
7422 16 16 0
7421 32 16 0
2
42 209 
2
7423 16 16 0
7422 2 18 0
2
42 210 
2
7424 16 16 0
7423 8 24 0
2
42 211 
2
7425 16 16 0
7424 6 18 0
2
42 212 
2
7426 16 16 0
7425 16 24 0
2
42 213 
2
7427 16 16 0
7426 16 32 0
2
42 214 
2
7428 16 16 0
7427 12 20 0
2
42 215 
2
7429 16 16 0
7428 18 16 0
2
42 216 
2
7430 16 16 0
7429 8 20 0
2
42 217 
2
7431 16 16 0
7430 14 26 0
2
42 218 
2
7432 16 16 0
7431 10 24 0
2
42 219 
2
7433 16 16 0
7432 24 24 0
2
20 40 
2
7411 14 16 0
7412 10 16 0
2
21 41 
2
6913 20 14 0
6914 20 12 0
2
18 38 
2
7362 4 18 0
7363 4 16 0
2
19 39 
2
6903 20 8 0
6904 22 8 0
2
36 38 
2
7363 4 22 0
7364 4 16 0
2
37 39 
2
6904 24 4 0
6905 22 8 0
2
244 40 
2
7412 34 34 0
7413 10 16 0
2
38 40 
2
7413 4 16 0
7414 10 16 0
2
244 40 
2
7415 34 34 0
7415 10 16 0
2
18 40 
2
7415 4 18 0
7416 10 16 0
2
245 40 
2
7416 34 32 0
7417 10 16 0
2
38 40 
2
7417 4 16 0
7418 10 16 0
2
244 40 
2
7418 34 34 0
7419 10 16 0
2
246 41 
2
6914 34 30 0
6915 20 12 0
2
39 41 
2
6915 22 8 0
6916 20 12 0
2
245 41 
2
6917 34 32 0
6917 20 12 0
2
19 41 
2
6917 20 8 0
6918 20 12 0
2
244 41 
2
6919 34 34 0
6919 20 12 0
2
39 41 
2
6919 22 8 0
6920 20 12 0
2
246 41 
2
6920 34 30 0
6921 20 12 0
2
244 42 
2
7433 34 34 0
7434 16 16 0
2
40 42 
2
7434 10 16 0
7435 16 16 0
2
244 42 
2
7436 34 34 0
7436 16 16 0
2
20 42 
2
7436 14 16 0
7437 16 16 0
2
245 42 
2
7437 34 32 0
7438 16 16 0
2
40 42 
2
7438 10 16 0
7439 16 16 0
2
244 42 
2
7439 34 34 0
7440 16 16 0
2
247 43 
2
6915 34 28 0
6916 18 14 0
2
41 43 
2
6922 20 12 0
6921 18 14 0
2
244 43 
2
6922 34 34 0
6922 18 14 0
2
21 43 
2
6922 20 14 0
6923 18 14 0
2
245 43 
2
6923 34 32 0
6924 18 14 0
2
41 43 
2
6924 20 12 0
6925 18 14 0
2
244 43 
2
6925 34 34 0
6926 18 14 0
2
42 218 
2
7441 16 16 0
7440 10 24 0
2
43 117 
2
6927 18 14 0
6926 12 8 0
2
42 219 
2
7442 16 16 0
7441 24 24 0
2
42 220 
2
7443 16 16 0
7442 12 24 0
2
40 42 
2
7443 10 16 0
7444 16 16 0
2
41 43 
2
6927 20 12 0
6928 18 14 0
2
42 218 
2
7445 16 16 0
7444 10 24 0
2
43 117 
2
6929 18 14 0
6928 12 8 0
2
42 219 
2
7446 16 16 0
7445 24 24 0
2
43 118 
2
6930 18 14 0
6929 12 12 0
2
42 220 
2
7447 16 16 0
7446 12 24 0
2
20 40 
2
7443 14 16 0
7444 10 16 0
2
21 41 
2
6927 20 14 0
6928 20 12 0
2
38 40 
2
7444 4 16 0
7445 10 16 0
2
39 41 
2
6928 22 8 0
6929 20 12 0
2
244 42 
2
7448 34 34 0
7448 16 16 0
2
40 42 
2
7448 10 16 0
7449 16 16 0
2
245 42 
2
7450 34 32 0
7450 16 16 0
2
20 42 
2
7450 14 16 0
7451 16 16 0
2
244 42 
2
7451 34 34 0
7452 16 16 0
2
40 42 
2
7452 10 16 0
7453 16 16 0
2
244 42 
2
7454 34 34 0
7454 16 16 0
2
245 43 
2
6930 34 32 0
6931 18 14 0
2
41 43 
2
6931 20 12 0
6932 18 14 0
2
245 43 
2
6933 34 32 0
6933 18 14 0
2
21 43 
2
6933 20 14 0
6934 18 14 0
2
244 43 
2
6935 34 34 0
6935 18 14 0
2
41 43 
2
6935 20 12 0
6936 18 14 0
2
246 43 
2
6936 34 30 0
6937 18 14 0
2
42 219 
2
7455 16 16 0
7454 24 24 0
2
43 120 
2
6938 18 14 0
6937 28 20 0
2
42 220 
2
7456 16 16 0
7455 12 24 0
2
42 221 
2
7457 16 16 0
7456 6 22 0
2
40 42 
2
7457 10 16 0
7458 16 16 0
2
41 43 
2
6938 20 12 0
6939 18 14 0
2
42 219 
2
7459 16 16 0
7458 24 24 0
2
43 119 
2
6940 18 14 0
6939 22 18 0
2
42 220 
2
7460 16 16 0
7459 12 24 0
2
42 221 
2
7461 16 16 0
7460 6 22 0
2
20 40 
2
7457 14 16 0
7458 10 16 0
2
21 41 
2
6938 20 14 0
6939 20 12 0
2
18 38 
2
7444 4 18 0
7445 4 16 0
2
19 39 
2
6928 20 8 0
6929 22 8 0
2
16 36 
2
7363 4 24 0
7364 4 22 0
2
17 37 
2
6904 26 4 0
6905 24 4 0
2
14 34 
2
7234 4 26 0
7235 2 24 0
2
15 35 
2
6855 26 2 0
6856 28 2 0
2
12 32 
2
7027 2 26 0
7028 2 28 0
2
13 33 
2
6756 30 2 0
6757 32 2 0
2
10 30 
2
6508 6 28 0
6509 4 28 0
2
11 31 
2
6490 32 4 0
6491 32 6 0
2
28 30 
2
6509 4 30 0
6510 4 28 0
2
29 31 
2
6491 32 26 0
6492 32 6 0
2
244 32 
2
7029 34 34 0
7029 2 28 0
2
30 32 
2
7029 4 28 0
7030 2 28 0
2
246 32 
2
7030 34 30 0
7031 2 28 0
2
10 32 
2
7031 6 28 0
7032 2 28 0
2
245 32 
2
7033 34 32 0
7033 2 28 0
2
30 32 
2
7033 4 28 0
7034 2 28 0
2
244 32 
2
7035 34 34 0
7035 2 28 0
2
246 33 
2
6758 34 30 0
6758 32 2 0
2
31 33 
2
6758 32 6 0
6759 32 2 0
2
245 33 
2
6760 34 32 0
6760 32 2 0
2
11 33 
2
6760 32 4 0
6761 32 2 0
2
247 33 
2
6761 34 28 0
6762 32 2 0
2
31 33 
2
6762 32 6 0
6763 32 2 0
2
244 33 
2
6763 34 34 0
6764 32 2 0
2
244 34 
2
7235 34 34 0
7236 2 24 0
2
32 34 
2
7236 2 28 0
7237 2 24 0
2
244 34 
2
7238 34 34 0
7238 2 24 0
2
12 34 
2
7238 2 26 0
7239 2 24 0
2
245 34 
2
7239 34 32 0
7240 2 24 0
2
32 34 
2
7240 2 28 0
7241 2 24 0
2
244 34 
2
7241 34 34 0
7242 2 24 0
2
245 35 
2
6856 34 32 0
6857 28 2 0
2
33 35 
2
6857 32 2 0
6858 28 2 0
2
245 35 
2
6859 34 32 0
6859 28 2 0
2
13 35 
2
6859 30 2 0
6860 28 2 0
2
244 35 
2
6861 34 34 0
6861 28 2 0
2
33 35 
2
6861 32 2 0
6862 28 2 0
2
247 35 
2
6862 34 28 0
6863 28 2 0
2
244 36 
2
7364 34 34 0
7365 4 22 0
2
34 36 
2
7365 2 24 0
7366 4 22 0
2
244 36 
2
7367 34 34 0
7367 4 22 0
2
14 36 
2
7367 4 26 0
7368 4 22 0
2
245 36 
2
7368 34 32 0
7369 4 22 0
2
34 36 
2
7369 2 24 0
7370 4 22 0
2
244 36 
2
7370 34 34 0
7371 4 22 0
2
246 37 
2
6905 34 30 0
6906 24 4 0
2
35 37 
2
6906 28 2 0
6907 24 4 0
2
245 37 
2
6908 34 32 0
6908 24 4 0
2
15 37 
2
6908 26 2 0
6909 24 4 0
2
244 37 
2
6910 34 34 0
6910 24 4 0
2
35 37 
2
6910 28 2 0
6911 24 4 0
2
248 37 
2
6911 34 26 0
6912 24 4 0
2
244 38 
2
7445 34 34 0
7446 4 16 0
2
36 38 
2
7446 4 22 0
7447 4 16 0
2
245 38 
2
7447 34 32 0
7448 4 16 0
2
16 38 
2
7448 4 24 0
7449 4 16 0
2
246 38 
2
7449 34 30 0
7450 4 16 0
2
36 38 
2
7450 4 22 0
7451 4 16 0
2
246 38 
2
7452 34 30 0
7452 4 16 0
2
244 39 
2
6929 34 34 0
6930 22 8 0
2
37 39 
2
6930 24 4 0
6931 22 8 0
2
244 39 
2
6932 34 34 0
6932 22 8 0
2
17 39 
2
6932 26 4 0
6933 22 8 0
2
246 39 
2
6933 34 30 0
6934 22 8 0
2
37 39 
2
6934 24 4 0
6935 22 8 0
2
245 39 
2
6936 34 32 0
6936 22 8 0
2
244 40 
2
7458 34 34 0
7459 10 16 0
2
38 40 
2
7459 4 16 0
7460 10 16 0
2
244 40 
2
7461 34 34 0
7461 10 16 0
2
18 40 
2
7461 4 18 0
7462 10 16 0
2
246 40 
2
7462 34 30 0
7463 10 16 0
2
38 40 
2
7463 4 16 0
7464 10 16 0
2
244 40 
2
7464 34 34 0
7465 10 16 0
2
244 41 
2
6939 34 34 0
6940 20 12 0
2
39 41 
2
6940 22 8 0
6941 20 12 0
2
244 41 
2
6942 34 34 0
6942 20 12 0
2
19 41 
2
6942 20 8 0
6943 20 12 0
2
246 41 
2
6943 34 30 0
6944 20 12 0
2
39 41 
2
6944 22 8 0
6945 20 12 0
2
245 41 
2
6946 34 32 0
6946 20 12 0
2
245 42 
2
7461 34 32 0
7462 16 16 0
2
40 42 
2
7466 10 16 0
7465 16 16 0
2
245 42 
2
7465 34 32 0
7466 16 16 0
2
20 42 
2
7466 14 16 0
7467 16 16 0
2
244 42 
2
7467 34 34 0
7468 16 16 0
2
40 42 
2
7468 10 16 0
7469 16 16 0
2
244 42 
2
7470 34 34 0
7470 16 16 0
2
245 43 
2
6940 34 32 0
6941 18 14 0
2
41 43 
2
6947 20 12 0
6946 18 14 0
2
246 43 
2
6946 34 30 0
6947 18 14 0
2
21 43 
2
6947 20 14 0
6948 18 14 0
2
245 43 
2
6949 34 32 0
6949 18 14 0
2
41 43 
2
6949 20 12 0
6950 18 14 0
2
244 43 
2
6951 34 34 0
6951 18 14 0
2
42 218 
2
7471 16 16 0
7470 10 24 0
2
43 119 
2
6952 18 14 0
6951 22 18 0
2
42 219 
2
7472 16 16 0
7471 24 24 0
2
43 120 
2
6953 18 14 0
6952 28 20 0
2
42 220 
2
7473 16 16 0
7472 12 24 0
2
42 221 
2
7474 16 16 0
7473 6 22 0
2
42 222 
2
7475 16 16 0
7474 6 14 0
2
42 223 
2
7476 16 16 0
7475 14 12 0
2
42 224 
2
7477 16 16 0
7476 24 12 0
2
42 225 
2
7478 16 16 0
7477 20 18 0
2
42 226 
2
7479 16 16 0
7478 18 32 0
2
42 227 
2
7480 16 16 0
7479 2 12 0
2
42 228 
2
7481 16 16 0
7480 12 2 0
2
42 229 
2
7482 16 16 0
7481 2 16 0
2
42 230 
2
7483 16 16 0
7482 10 8 0
2
42 231 
2
7484 16 16 0
7483 14 30 0
2
42 232 
2
7485 16 16 0
7484 26 22 0
2
42 233 
2
7486 16 16 0
7485 8 22 0
2
42 234 
2
7487 16 16 0
7486 12 22 0
2
42 235 
2
7488 16 16 0
7487 14 24 0
2
42 236 
2
7489 16 16 0
7488 8 10 0
2
42 237 
2
7490 16 16 0
7489 20 28 0
2
42 238 
2
7491 16 16 0
7490 14 10 0
2
40 42 
2
7491 10 16 0
7492 16 16 0
2
41 43 
2
6953 20 12 0
6954 18 14 0
2
42 218 
2
7493 16 16 0
7492 10 24 0
2
43 122 
2
6955 18 14 0
6954 12 6 0
2
42 219 
2
7494 16 16 0
7493 24 24 0
2
42 220 
2
7495 16 16 0
7494 12 24 0
2
42 221 
2
7496 16 16 0
7495 6 22 0
2
42 222 
2
7497 16 16 0
7496 6 14 0
2
42 223 
2
7498 16 16 0
7497 14 12 0
2
42 224 
2
7499 16 16 0
7498 24 12 0
2
42 225 
2
7500 16 16 0
7499 20 18 0
2
42 226 
2
7501 16 16 0
7500 18 32 0
2
42 227 
2
7502 16 16 0
7501 2 12 0
2
42 228 
2
7503 16 16 0
7502 12 2 0
2
42 229 
2
7504 16 16 0
7503 2 16 0
2
42 230 
2
7505 16 16 0
7504 10 8 0
2
42 231 
2
7506 16 16 0
7505 14 30 0
2
42 232 
2
7507 16 16 0
7506 26 22 0
2
42 233 
2
7508 16 16 0
7507 8 22 0
2
42 234 
2
7509 16 16 0
7508 12 22 0
2
42 235 
2
7510 16 16 0
7509 14 24 0
2
42 236 
2
7511 16 16 0
7510 8 10 0
2
42 237 
2
7512 16 16 0
7511 20 28 0
2
42 238 
2
7513 16 16 0
7512 14 10 0
2
20 40 
2
7491 14 16 0
7492 10 16 0
2
21 41 
2
6953 20 14 0
6954 20 12 0
2
38 40 
2
7492 4 16 0
7493 10 16 0
2
39 41 
2
6954 22 8 0
6955 20 12 0
2
244 42 
2
7513 34 34 0
7514 16 16 0
2
40 42 
2
7514 10 16 0
7515 16 16 0
2
244 42 
2
7516 34 34 0
7516 16 16 0
2
20 42 
2
7516 14 16 0
7517 16 16 0
2
245 42 
2
7517 34 32 0
7518 16 16 0
2
40 42 
2
7518 10 16 0
7519 16 16 0
2
244 42 
2
7519 34 34 0
7520 16 16 0
2
244 43 
2
6955 34 34 0
6956 18 14 0
2
41 43 
2
6956 20 12 0
6957 18 14 0
2
244 43 
2
6958 34 34 0
6958 18 14 0
2
21 43 
2
6958 20 14 0
6959 18 14 0
2
245 43 
2
6959 34 32 0
6960 18 14 0
2
41 43 
2
6960 20 12 0
6961 18 14 0
2
244 43 
2
6961 34 34 0
6962 18 14 0
2
42 219 
2
7521 16 16 0
7520 24 24 0
2
43 121 
2
6963 18 14 0
6962 8 14 0
2
42 220 
2
7522 16 16 0
7521 12 24 0
2
42 221 
2
7523 16 16 0
7522 6 22 0
2
42 222 
2
7524 16 16 0
7523 6 14 0
2
42 223 
2
7525 16 16 0
7524 14 12 0
2
42 224 
2
7526 16 16 0
7525 24 12 0
2
42 225 
2
7527 16 16 0
7526 20 18 0
2
42 226 
2
7528 16 16 0
7527 18 32 0
2
42 227 
2
7529 16 16 0
7528 2 12 0
2
42 228 
2
7530 16 16 0
7529 12 2 0
2
42 229 
2
7531 16 16 0
7530 2 16 0
2
42 230 
2
7532 16 16 0
7531 10 8 0
2
42 231 
2
7533 16 16 0
7532 14 30 0
2
42 232 
2
7534 16 16 0
7533 26 22 0
2
42 233 
2
7535 16 16 0
7534 8 22 0
2
42 234 
2
7536 16 16 0
7535 12 22 0
2
42 235 
2
7537 16 16 0
7536 14 24 0
2
42 236 
2
7538 16 16 0
7537 8 10 0
2
42 237 
2
7539 16 16 0
7538 20 28 0
2
42 238 
2
7540 16 16 0
7539 14 10 0
2
42 239 
2
7541 16 16 0
7540 16 20 0
2
40 42 
2
7541 10 16 0
7542 16 16 0
2
41 43 
2
6963 20 12 0
6964 18 14 0
2
42 219 
2
7543 16 16 0
7542 24 24 0
2
43 121 
2
6965 18 14 0
6964 8 14 0
2
42 220 
2
7544 16 16 0
7543 12 24 0
2
43 122 
2
6966 18 14 0
6965 12 6 0
2
42 221 
2
7545 16 16 0
7544 6 22 0
2
42 222 
2
7546 16 16 0
7545 6 14 0
2
42 223 
2
7547 16 16 0
7546 14 12 0
2
42 224 
2
7548 16 16 0
7547 24 12 0
2
42 225 
2
7549 16 16 0
7548 20 18 0
2
42 226 
2
7550 16 16 0
7549 18 32 0
2
42 227 
2
7551 16 16 0
7550 2 12 0
2
42 228 
2
7552 16 16 0
7551 12 2 0
2
42 229 
2
7553 16 16 0
7552 2 16 0
2
42 230 
2
7554 16 16 0
7553 10 8 0
2
42 231 
2
7555 16 16 0
7554 14 30 0
2
42 232 
2
7556 16 16 0
7555 26 22 0
2
42 233 
2
7557 16 16 0
7556 8 22 0
2
42 234 
2
7558 16 16 0
7557 12 22 0
2
42 235 
2
7559 16 16 0
7558 14 24 0
2
42 236 
2
7560 16 16 0
7559 8 10 0
2
42 237 
2
7561 16 16 0
7560 20 28 0
2
42 238 
2
7562 16 16 0
7561 14 10 0
2
42 239 
2
7563 16 16 0
7562 16 20 0
2
20 40 
2
7541 14 16 0
7542 10 16 0
2
21 41 
2
6963 20 14 0
6964 20 12 0
2
18 38 
2
7492 4 18 0
7493 4 16 0
2
19 39 
2
6954 20 8 0
6955 22 8 0
2
36 38 
2
7493 4 22 0
7494 4 16 0
2
37 39 
2
6955 24 4 0
6956 22 8 0
2
244 40 
2
7542 34 34 0
7543 10 16 0
2
38 40 
2
7543 4 16 0
7544 10 16 0
2
244 40 
2
7545 34 34 0
7545 10 16 0
2
18 40 
2
7545 4 18 0
7546 10 16 0
2
245 40 
2
7546 34 32 0
7547 10 16 0
2
38 40 
2
7547 4 16 0
7548 10 16 0
2
244 40 
2
7548 34 34 0
7549 10 16 0
2
245 41 
2
6965 34 32 0
6965 20 12 0
2
39 41 
2
6965 22 8 0
6966 20 12 0
2
244 41 
2
6967 34 34 0
6967 20 12 0
2
19 41 
2
6967 20 8 0
6968 20 12 0
2
246 41 
2
6969 34 30 0
6969 20 12 0
2
39 41 
2
6969 22 8 0
6970 20 12 0
2
245 41 
2
6971 34 32 0
6971 20 12 0
2
244 42 
2
7563 34 34 0
7564 16 16 0
2
40 42 
2
7564 10 16 0
7565 16 16 0
2
244 42 
2
7566 34 34 0
7566 16 16 0
2
20 42 
2
7566 14 16 0
7567 16 16 0
2
245 42 
2
7567 34 32 0
7568 16 16 0
2
40 42 
2
7568 10 16 0
7569 16 16 0
2
244 42 
2
7569 34 34 0
7570 16 16 0
2
248 43 
2
6966 34 26 0
6967 18 14 0
2
41 43 
2
6972 20 12 0
6971 18 14 0
2
246 43 
2
6972 34 30 0
6972 18 14 0
2
21 43 
2
6972 20 14 0
6973 18 14 0
2
244 43 
2
6973 34 34 0
6974 18 14 0
2
41 43 
2
6974 20 12 0
6975 18 14 0
2
244 43 
2
6976 34 34 0
6976 18 14 0
2
42 238 
2
7571 16 16 0
7570 14 10 0
2
43 124 
2
6977 18 14 0
6976 20 26 0
2
42 239 
2
7572 16 16 0
7571 16 20 0
2
42 50 
2
7573 16 16 0
7572 4 12 0
2
40 42 
2
7573 10 16 0
7574 16 16 0
2
41 43 
2
6977 20 12 0
6978 18 14 0
2
42 238 
2
7575 16 16 0
7574 14 10 0
2
43 123 
2
6979 18 14 0
6978 22 20 0
2
42 239 
2
7576 16 16 0
7575 16 20 0
2
42 50 
2
7577 16 16 0
7576 4 12 0
2
20 40 
2
7573 14 16 0
7574 10 16 0
2
21 41 
2
6977 20 14 0
6978 20 12 0
2
38 40 
2
7574 4 16 0
7575 10 16 0
2
39 41 
2
6978 22 8 0
6979 20 12 0
2
244 42 
2
7578 34 34 0
7578 16 16 0
2
40 42 
2
7578 10 16 0
7579 16 16 0
2
245 42 
2
7580 34 32 0
7580 16 16 0
2
20 42 
2
7580 14 16 0
7581 16 16 0
2
244 42 
2
7581 34 34 0
7582 16 16 0
2
40 42 
2
7582 10 16 0
7583 16 16 0
2
244 42 
2
7584 34 34 0
7584 16 16 0
2
244 43 
2
6979 34 34 0
6980 18 14 0
2
41 43 
2
6980 20 12 0
6981 18 14 0
2
244 43 
2
6982 34 34 0
6982 18 14 0
2
21 43 
2
6982 20 14 0
6983 18 14 0
2
246 43 
2
6983 34 30 0
6984 18 14 0
2
41 43 
2
6984 20 12 0
6985 18 14 0
2
244 43 
2
6985 34 34 0
6986 18 14 0
2
42 239 
2
7585 16 16 0
7584 16 20 0
2
43 123 
2
6987 18 14 0
6986 22 20 0
2
42 50 
2
7586 16 16 0
7585 4 12 0
2
43 124 
2
6988 18 14 0
6987 20 26 0
2
42 45 
2
7587 16 16 0
7586 16 2 0
2
40 42 
2
7587 10 16 0
7588 16 16 0
2
41 43 
2
6988 20 12 0
6989 18 14 0
2
42 239 
2
7589 16 16 0
7588 16 20 0
2
43 126 
2
6990 18 14 0
6989 16 10 0
2
42 50 
2
7590 16 16 0
7589 4 12 0
2
42 45 
2
7591 16 16 0
7590 16 2 0
2
20 40 
2
7587 14 16 0
7588 10 16 0
2
21 41 
2
6988 20 14 0
6989 20 12 0
2
18 38 
2
7574 4 18 0
7575 4 16 0
2
19 39 
2
6978 20 8 0
6979 22 8 0
2
16 36 
2
7493 4 24 0
7494 4 22 0
2
17 37 
2
6955 26 4 0
6956 24 4 0
2
34 36 
2
7494 2 24 0
7495 4 22 0
2
35 37 
2
6956 28 2 0
6957 24 4 0
2
244 38 
2
7575 34 34 0
7576 4 16 0
2
36 38 
2
7576 4 22 0
7577 4 16 0
2
245 38 
2
7577 34 32 0
7578 4 16 0
2
16 38 
2
7578 4 24 0
7579 4 16 0
2
246 38 
2
7579 34 30 0
7580 4 16 0
2
36 38 
2
7580 4 22 0
7581 4 16 0
2
246 38 
2
7582 34 30 0
7582 4 16 0
2
245 39 
2
6979 34 32 0
6980 22 8 0
2
37 39 
2
6980 24 4 0
6981 22 8 0
2
245 39 
2
6982 34 32 0
6982 22 8 0
2
17 39 
2
6982 26 4 0
6983 22 8 0
2
247 39 
2
6983 34 28 0
6984 22 8 0
2
37 39 
2
6984 24 4 0
6985 22 8 0
2
245 39 
2
6985 34 32 0
6986 22 8 0
2
244 40 
2
7588 34 34 0
7589 10 16 0
2
38 40 
2
7589 4 16 0
7590 10 16 0
2
244 40 
2
7591 34 34 0
7591 10 16 0
2
18 40 
2
7591 4 18 0
7592 10 16 0
2
246 40 
2
7592 34 30 0
7593 10 16 0
2
38 40 
2
7593 4 16 0
7594 10 16 0
2
244 40 
2
7594 34 34 0
7595 10 16 0
2
244 41 
2
6989 34 34 0
6990 20 12 0
2
39 41 
2
6990 22 8 0
6991 20 12 0
2
244 41 
2
6992 34 34 0
6992 20 12 0
2
19 41 
2
6992 20 8 0
6993 20 12 0
2
246 41 
2
6993 34 30 0
6994 20 12 0
2
39 41 
2
6994 22 8 0
6995 20 12 0
2
245 41 
2
6996 34 32 0
6996 20 12 0
2
245 42 
2
7591 34 32 0
7592 16 16 0
2
40 42 
2
7596 10 16 0
7595 16 16 0
2
245 42 
2
7595 34 32 0
7596 16 16 0
2
20 42 
2
7596 14 16 0
7597 16 16 0
2
244 42 
2
7597 34 34 0
7598 16 16 0
2
40 42 
2
7598 10 16 0
7599 16 16 0
2
244 42 
2
7600 34 34 0
7600 16 16 0
2
245 43 
2
6990 34 32 0
6991 18 14 0
2
41 43 
2
6997 20 12 0
6996 18 14 0
2
247 43 
2
6996 34 28 0
6997 18 14 0
2
21 43 
2
6997 20 14 0
6998 18 14 0
2
245 43 
2
6999 34 32 0
6999 18 14 0
2
41 43 
2
6999 20 12 0
7000 18 14 0
2
244 43 
2
7001 34 34 0
7001 18 14 0
2
42 238 
2
7601 16 16 0
7600 14 10 0
2
43 125 
2
7002 18 14 0
7001 12 16 0
2
42 239 
2
7602 16 16 0
7601 16 20 0
2
42 50 
2
7603 16 16 0
7602 4 12 0
2
42 45 
2
7604 16 16 0
7603 16 2 0
2
42 47 
2
7605 16 16 0
7604 26 12 0
2
42 49 
2
7606 16 16 0
7605 32 14 0
2
42 52 
2
7607 16 16 0
7606 18 4 0
2
42 53 
2
7608 16 16 0
7607 18 8 0
2
42 54 
2
7609 16 16 0
7608 24 6 0
2
42 55 
2
7610 16 16 0
7609 24 2 0
2
42 56 
2
7611 16 16 0
7610 32 18 0
2
42 57 
2
7612 16 16 0
7611 22 28 0
2
42 58 
2
7613 16 16 0
7612 10 10 0
2
42 59 
2
7614 16 16 0
7613 28 16 0
2
42 60 
2
7615 16 16 0
7614 16 8 0
2
42 61 
2
7616 16 16 0
7615 18 30 0
2
42 62 
2
7617 16 16 0
7616 20 24 0
2
42 63 
2
7618 16 16 0
7617 16 12 0
2
42 64 
2
7619 16 16 0
7618 16 6 0
2
42 65 
2
7620 16 16 0
7619 10 6 0
2
42 66 
2
7621 16 16 0
7620 18 22 0
2
40 42 
2
7621 10 16 0
7622 16 16 0
2
41 43 
2
7002 20 12 0
7003 18 14 0
2
42 238 
2
7623 16 16 0
7622 14 10 0
2
43 125 
2
7004 18 14 0
7003 12 16 0
2
42 239 
2
7624 16 16 0
7623 16 20 0
2
43 126 
2
7005 18 14 0
7004 16 10 0
2
42 50 
2
7625 16 16 0
7624 4 12 0
2
42 45 
2
7626 16 16 0
7625 16 2 0
2
42 47 
2
7627 16 16 0
7626 26 12 0
2
42 49 
2
7628 16 16 0
7627 32 14 0
2
42 52 
2
7629 16 16 0
7628 18 4 0
2
42 53 
2
7630 16 16 0
7629 18 8 0
2
42 54 
2
7631 16 16 0
7630 24 6 0
2
42 55 
2
7632 16 16 0
7631 24 2 0
2
42 56 
2
7633 16 16 0
7632 32 18 0
2
42 57 
2
7634 16 16 0
7633 22 28 0
2
42 58 
2
7635 16 16 0
7634 10 10 0
2
42 59 
2
7636 16 16 0
7635 28 16 0
2
42 60 
2
7637 16 16 0
7636 16 8 0
2
42 61 
2
7638 16 16 0
7637 18 30 0
2
42 62 
2
7639 16 16 0
7638 20 24 0
2
42 63 
2
7640 16 16 0
7639 16 12 0
2
42 64 
2
7641 16 16 0
7640 16 6 0
2
42 65 
2
7642 16 16 0
7641 10 6 0
2
42 66 
2
7643 16 16 0
7642 18 22 0
2
20 40 
2
7621 14 16 0
7622 10 16 0
2
21 41 
2
7002 20 14 0
7003 20 12 0
2
38 40 
2
7622 4 16 0
7623 10 16 0
2
39 41 
2
7003 22 8 0
7004 20 12 0
2
244 42 
2
7643 34 34 0
7644 16 16 0
2
40 42 
2
7644 10 16 0
7645 16 16 0
2
244 42 
2
7646 34 34 0
7646 16 16 0
2
20 42 
2
7646 14 16 0
7647 16 16 0
2
245 42 
2
7647 34 32 0
7648 16 16 0
2
40 42 
2
7648 10 16 0
7649 16 16 0
2
244 42 
2
7649 34 34 0
7650 16 16 0
2
244 43 
2
7005 34 34 0
7006 18 14 0
2
41 43 
2
7006 20 12 0
7007 18 14 0
2
244 43 
2
7008 34 34 0
7008 18 14 0
2
21 43 
2
7008 20 14 0
7009 18 14 0
2
246 43 
2
7009 34 30 0
7010 18 14 0
2
41 43 
2
7010 20 12 0
7011 18 14 0
2
244 43 
2
7011 34 34 0
7012 18 14 0
2
42 239 
2
7651 16 16 0
7650 16 20 0
2
43 129 
2
7013 18 14 0
7012 28 12 0
2
42 50 
2
7652 16 16 0
7651 4 12 0
2
42 45 
2
7653 16 16 0
7652 16 2 0
2
42 47 
2
7654 16 16 0
7653 26 12 0
2
42 49 
2
7655 16 16 0
7654 32 14 0
2
42 52 
2
7656 16 16 0
7655 18 4 0
2
42 53 
2
7657 16 16 0
7656 18 8 0
2
42 54 
2
7658 16 16 0
7657 24 6 0
2
42 55 
2
7659 16 16 0
7658 24 2 0
2
42 56 
2
7660 16 16 0
7659 32 18 0
2
42 57 
2
7661 16 16 0
7660 22 28 0
2
42 58 
2
7662 16 16 0
7661 10 10 0
2
42 59 
2
7663 16 16 0
7662 28 16 0
2
42 60 
2
7664 16 16 0
7663 16 8 0
2
42 61 
2
7665 16 16 0
7664 18 30 0
2
42 62 
2
7666 16 16 0
7665 20 24 0
2
42 63 
2
7667 16 16 0
7666 16 12 0
2
42 64 
2
7668 16 16 0
7667 16 6 0
2
42 65 
2
7669 16 16 0
7668 10 6 0
2
42 66 
2
7670 16 16 0
7669 18 22 0
2
42 67 
2
7671 16 16 0
7670 18 28 0
2
40 42 
2
7671 10 16 0
7672 16 16 0
2
41 43 
2
7013 20 12 0
7014 18 14 0
2
42 239 
2
7673 16 16 0
7672 16 20 0
2
43 128 
2
7015 18 14 0
7014 16 14 0
2
42 50 
2
7674 16 16 0
7673 4 12 0
2
42 45 
2
7675 16 16 0
7674 16 2 0
2
42 47 
2
7676 16 16 0
7675 26 12 0
2
42 49 
2
7677 16 16 0
7676 32 14 0
2
42 52 
2
7678 16 16 0
7677 18 4 0
2
42 53 
2
7679 16 16 0
7678 18 8 0
2
42 54 
2
7680 16 16 0
7679 24 6 0
2
42 55 
2
7681 16 16 0
7680 24 2 0
2
42 56 
2
7682 16 16 0
7681 32 18 0
2
42 57 
2
7683 16 16 0
7682 22 28 0
2
42 58 
2
7684 16 16 0
7683 10 10 0
2
42 59 
2
7685 16 16 0
7684 28 16 0
2
42 60 
2
7686 16 16 0
7685 16 8 0
2
42 61 
2
7687 16 16 0
7686 18 30 0
2
42 62 
2
7688 16 16 0
7687 20 24 0
2
42 63 
2
7689 16 16 0
7688 16 12 0
2
42 64 
2
7690 16 16 0
7689 16 6 0
2
42 65 
2
7691 16 16 0
7690 10 6 0
2
42 66 
2
7692 16 16 0
7691 18 22 0
2
42 67 
2
7693 16 16 0
7692 18 28 0
2
20 40 
2
7671 14 16 0
7672 10 16 0
2
21 41 
2
7013 20 14 0
7014 20 12 0
2
18 38 
2
7622 4 18 0
7623 4 16 0
2
19 39 
2
7003 20 8 0
7004 22 8 0
2
36 38 
2
7623 4 22 0
7624 4 16 0
2
37 39 
2
7004 24 4 0
7005 22 8 0
2
244 40 
2
7672 34 34 0
7673 10 16 0
2
38 40 
2
7673 4 16 0
7674 10 16 0
2
244 40 
2
7675 34 34 0
7675 10 16 0
2
18 40 
2
7675 4 18 0
7676 10 16 0
2
245 40 
2
7676 34 32 0
7677 10 16 0
2
38 40 
2
7677 4 16 0
7678 10 16 0
2
244 40 
2
7678 34 34 0
7679 10 16 0
2
245 41 
2
7014 34 32 0
7015 20 12 0
2
39 41 
2
7015 22 8 0
7016 20 12 0
2
244 41 
2
7017 34 34 0
7017 20 12 0
2
19 41 
2
7017 20 8 0
7018 20 12 0
2
246 41 
2
7018 34 30 0
7019 20 12 0
2
39 41 
2
7019 22 8 0
7020 20 12 0
2
245 41 
2
7020 34 32 0
7021 20 12 0
2
244 42 
2
7693 34 34 0
7694 16 16 0
2
40 42 
2
7694 10 16 0
7695 16 16 0
2
244 42 
2
7696 34 34 0
7696 16 16 0
2
20 42 
2
7696 14 16 0
7697 16 16 0
2
245 42 
2
7697 34 32 0
7698 16 16 0
2
40 42 
2
7698 10 16 0
7699 16 16 0
2
244 42 
2
7699 34 34 0
7700 16 16 0
2
247 43 
2
7015 34 28 0
7016 18 14 0
2
41 43 
2
7022 20 12 0
7021 18 14 0
2
246 43 
2
7021 34 30 0
7022 18 14 0
2
21 43 
2
7022 20 14 0
7023 18 14 0
2
244 43 
2
7023 34 34 0
7024 18 14 0
2
41 43 
2
7024 20 12 0
7025 18 14 0
2
244 43 
2
7026 34 34 0
7026 18 14 0
2
42 66 
2
7701 16 16 0
7700 18 22 0
2
43 128 
2
7027 18 14 0
7026 16 14 0
2
42 67 
2
7702 16 16 0
7701 18 28 0
2
43 129 
2
7028 18 14 0
7027 28 12 0
2
42 68 
2
7703 16 16 0
7702 18 12 0
2
40 42 
2
7703 10 16 0
7704 16 16 0
2
41 43 
2
7028 20 12 0
7029 18 14 0
2
42 66 
2
7705 16 16 0
7704 18 22 0
2
43 131 
2
7030 18 14 0
7029 28 14 0
2
42 67 
2
7706 16 16 0
7705 18 28 0
2
42 68 
2
7707 16 16 0
7706 18 12 0
2
20 40 
2
7703 14 16 0
7704 10 16 0
2
21 41 
2
7028 20 14 0
7029 20 12 0
2
38 40 
2
7704 4 16 0
7705 10 16 0
2
39 41 
2
7029 22 8 0
7030 20 12 0
2
244 42 
2
7708 34 34 0
7708 16 16 0
2
40 42 
2
7708 10 16 0
7709 16 16 0
2
245 42 
2
7710 34 32 0
7710 16 16 0
2
20 42 
2
7710 14 16 0
7711 16 16 0
2
244 42 
2
7711 34 34 0
7712 16 16 0
2
40 42 
2
7712 10 16 0
7713 16 16 0
2
244 42 
2
7714 34 34 0
7714 16 16 0
2
247 43 
2
7030 34 28 0
7031 18 14 0
2
41 43 
2
7031 20 12 0
7032 18 14 0
2
246 43 
2
7033 34 30 0
7033 18 14 0
2
21 43 
2
7033 20 14 0
7034 18 14 0
2
249 43 
2
7034 34 24 0
7035 18 14 0
2
41 43 
2
7035 20 12 0
7036 18 14 0
2
245 43 
2
7036 34 32 0
7037 18 14 0
2
42 67 
2
7715 16 16 0
7714 18 28 0
2
43 130 
2
7038 18 14 0
7037 22 6 0
2
42 68 
2
7716 16 16 0
7715 18 12 0
2
42 86 
2
7717 16 16 0
7716 6 10 0
2
40 42 
2
7717 10 16 0
7718 16 16 0
2
41 43 
2
7038 20 12 0
7039 18 14 0
2
42 67 
2
7719 16 16 0
7718 18 28 0
2
43 130 
2
7040 18 14 0
7039 22 6 0
2
42 68 
2
7720 16 16 0
7719 18 12 0
2
43 131 
2
7041 18 14 0
7040 28 14 0
2
42 86 
2
7721 16 16 0
7720 6 10 0
2
20 40 
2
7717 14 16 0
7718 10 16 0
2
21 41 
2
7038 20 14 0
7039 20 12 0
2
18 38 
2
7704 4 18 0
7705 4 16 0
2
19 39 
2
7029 20 8 0
7030 22 8 0
2
16 36 
2
7623 4 24 0
7624 4 22 0
2
17 37 
2
7004 26 4 0
7005 24 4 0
2
14 34 
2
7494 4 26 0
7495 2 24 0
2
15 35 
2
6956 26 2 0
6957 28 2 0
2
32 34 
2
7495 2 28 0
7496 2 24 0
2
33 35 
2
6957 32 2 0
6958 28 2 0
2
244 36 
2
7624 34 34 0
7625 4 22 0
2
34 36 
2
7625 2 24 0
7626 4 22 0
2
244 36 
2
7627 34 34 0
7627 4 22 0
2
14 36 
2
7627 4 26 0
7628 4 22 0
2
245 36 
2
7628 34 32 0
7629 4 22 0
2
34 36 
2
7629 2 24 0
7630 4 22 0
2
244 36 
2
7630 34 34 0
7631 4 22 0
2
245 37 
2
7005 34 32 0
7006 24 4 0
2
35 37 
2
7006 28 2 0
7007 24 4 0
2
245 37 
2
7008 34 32 0
7008 24 4 0
2
15 37 
2
7008 26 2 0
7009 24 4 0
2
247 37 
2
7009 34 28 0
7010 24 4 0
2
35 37 
2
7010 28 2 0
7011 24 4 0
2
245 37 
2
7011 34 32 0
7012 24 4 0
2
244 38 
2
7705 34 34 0
7706 4 16 0
2
36 38 
2
7706 4 22 0
7707 4 16 0
2
245 38 
2
7707 34 32 0
7708 4 16 0
2
16 38 
2
7708 4 24 0
7709 4 16 0
2
246 38 
2
7709 34 30 0
7710 4 16 0
2
36 38 
2
7710 4 22 0
7711 4 16 0
2
246 38 
2
7712 34 30 0
7712 4 16 0
2
248 39 
2
7030 34 26 0
7031 22 8 0
2
37 39 
2
7031 24 4 0
7032 22 8 0
2
247 39 
2
7033 34 28 0
7033 22 8 0
2
17 39 
2
7033 26 4 0
7034 22 8 0
2
250 39 
2
7034 34 22 0
7035 22 8 0
2
37 39 
2
7035 24 4 0
7036 22 8 0
2
246 39 
2
7036 34 30 0
7037 22 8 0
2
244 40 
2
7718 34 34 0
7719 10 16 0
2
38 40 
2
7719 4 16 0
7720 10 16 0
2
244 40 
2
7721 34 34 0
7721 10 16 0
2
18 40 
2
7721 4 18 0
7722 10 16 0
2
246 40 
2
7722 34 30 0
7723 10 16 0
2
38 40 
2
7723 4 16 0
7724 10 16 0
2
244 40 
2
7724 34 34 0
7725 10 16 0
2
245 41 
2
7039 34 32 0
7040 20 12 0
2
39 41 
2
7040 22 8 0
7041 20 12 0
2
246 41 
2
7041 34 30 0
7042 20 12 0
2
19 41 
2
7042 20 8 0
7043 20 12 0
2
244 41 
2
7044 34 34 0
7044 20 12 0
2
39 41 
2
7044 22 8 0
7045 20 12 0
2
247 41 
2
7045 34 28 0
7046 20 12 0
2
245 42 
2
7721 34 32 0
7722 16 16 0
2
40 42 
2
7726 10 16 0
7725 16 16 0
2
245 42 
2
7725 34 32 0
7726 16 16 0
2
20 42 
2
7726 14 16 0
7727 16 16 0
2
244 42 
2
7727 34 34 0
7728 16 16 0
2
40 42 
2
7728 10 16 0
7729 16 16 0
2
244 42 
2
7730 34 34 0
7730 16 16 0
2
247 43 
2
7041 34 28 0
7042 18 14 0
2
41 43 
2
7047 20 12 0
7046 18 14 0
2
244 43 
2
7047 34 34 0
7047 18 14 0
2
21 43 
2
7047 20 14 0
7048 18 14 0
2
246 43 
2
7048 34 30 0
7049 18 14 0
2
41 43 
2
7049 20 12 0
7050 18 14 0
2
245 43 
2
7051 34 32 0
7051 18 14 0
2
42 66 
2
7731 16 16 0
7730 18 22 0
2
43 150 
2
7052 18 14 0
7051 24 8 0
2
42 67 
2
7732 16 16 0
7731 18 28 0
2
42 68 
2
7733 16 16 0
7732 18 12 0
2
42 86 
2
7734 16 16 0
7733 6 10 0
2
42 87 
2
7735 16 16 0
7734 22 14 0
2
42 89 
2
7736 16 16 0
7735 24 14 0
2
42 90 
2
7737 16 16 0
7736 20 10 0
2
42 91 
2
7738 16 16 0
7737 28 8 0
2
42 92 
2
7739 16 16 0
7738 32 12 0
2
42 93 
2
7740 16 16 0
7739 20 2 0
2
42 94 
2
7741 16 16 0
7740 8 6 0
2
42 95 
2
7742 16 16 0
7741 6 12 0
2
42 96 
2
7743 16 16 0
7742 16 4 0
2
42 97 
2
7744 16 16 0
7743 12 14 0
2
42 98 
2
7745 16 16 0
7744 22 16 0
2
42 99 
2
7746 16 16 0
7745 18 24 0
2
42 100 
2
7747 16 16 0
7746 12 10 0
2
42 101 
2
7748 16 16 0
7747 18 18 0
2
42 102 
2
7749 16 16 0
7748 14 8 0
2
42 103 
2
7750 16 16 0
7749 14 6 0
2
42 104 
2
7751 16 16 0
7750 22 26 0
2
40 42 
2
7751 10 16 0
7752 16 16 0
2
41 43 
2
7052 20 12 0
7053 18 14 0
2
42 66 
2
7753 16 16 0
7752 18 22 0
2
43 149 
2
7054 18 14 0
7053 20 6 0
2
42 67 
2
7754 16 16 0
7753 18 28 0
2
42 68 
2
7755 16 16 0
7754 18 12 0
2
42 86 
2
7756 16 16 0
7755 6 10 0
2
42 87 
2
7757 16 16 0
7756 22 14 0
2
42 89 
2
7758 16 16 0
7757 24 14 0
2
42 90 
2
7759 16 16 0
7758 20 10 0
2
42 91 
2
7760 16 16 0
7759 28 8 0
2
42 92 
2
7761 16 16 0
7760 32 12 0
2
42 93 
2
7762 16 16 0
7761 20 2 0
2
42 94 
2
7763 16 16 0
7762 8 6 0
2
42 95 
2
7764 16 16 0
7763 6 12 0
2
42 96 
2
7765 16 16 0
7764 16 4 0
2
42 97 
2
7766 16 16 0
7765 12 14 0
2
42 98 
2
7767 16 16 0
7766 22 16 0
2
42 99 
2
7768 16 16 0
7767 18 24 0
2
42 100 
2
7769 16 16 0
7768 12 10 0
2
42 101 
2
7770 16 16 0
7769 18 18 0
2
42 102 
2
7771 16 16 0
7770 14 8 0
2
42 103 
2
7772 16 16 0
7771 14 6 0
2
42 104 
2
7773 16 16 0
7772 22 26 0
2
20 40 
2
7751 14 16 0
7752 10 16 0
2
21 41 
2
7052 20 14 0
7053 20 12 0
2
38 40 
2
7752 4 16 0
7753 10 16 0
2
39 41 
2
7053 22 8 0
7054 20 12 0
2
244 42 
2
7773 34 34 0
7774 16 16 0
2
40 42 
2
7774 10 16 0
7775 16 16 0
2
244 42 
2
7776 34 34 0
7776 16 16 0
2
20 42 
2
7776 14 16 0
7777 16 16 0
2
245 42 
2
7777 34 32 0
7778 16 16 0
2
40 42 
2
7778 10 16 0
7779 16 16 0
2
244 42 
2
7779 34 34 0
7780 16 16 0
2
244 43 
2
7054 34 34 0
7055 18 14 0
2
41 43 
2
7055 20 12 0
7056 18 14 0
2
244 43 
2
7057 34 34 0
7057 18 14 0
2
21 43 
2
7057 20 14 0
7058 18 14 0
2
246 43 
2
7059 34 30 0
7059 18 14 0
2
41 43 
2
7059 20 12 0
7060 18 14 0
2
245 43 
2
7061 34 32 0
7061 18 14 0
2
42 67 
2
7781 16 16 0
7780 18 28 0
2
43 149 
2
7062 18 14 0
7061 20 6 0
2
42 68 
2
7782 16 16 0
7781 18 12 0
2
43 150 
2
7063 18 14 0
7062 24 8 0
2
42 86 
2
7783 16 16 0
7782 6 10 0
2
42 87 
2
7784 16 16 0
7783 22 14 0
2
42 89 
2
7785 16 16 0
7784 24 14 0
2
42 90 
2
7786 16 16 0
7785 20 10 0
2
42 91 
2
7787 16 16 0
7786 28 8 0
2
42 92 
2
7788 16 16 0
7787 32 12 0
2
42 93 
2
7789 16 16 0
7788 20 2 0
2
42 94 
2
7790 16 16 0
7789 8 6 0
2
42 95 
2
7791 16 16 0
7790 6 12 0
2
42 96 
2
7792 16 16 0
7791 16 4 0
2
42 97 
2
7793 16 16 0
7792 12 14 0
2
42 98 
2
7794 16 16 0
7793 22 16 0
2
42 99 
2
7795 16 16 0
7794 18 24 0
2
42 100 
2
7796 16 16 0
7795 12 10 0
2
42 101 
2
7797 16 16 0
7796 18 18 0
2
42 102 
2
7798 16 16 0
7797 14 8 0
2
42 103 
2
7799 16 16 0
7798 14 6 0
2
42 104 
2
7800 16 16 0
7799 22 26 0
2
42 105 
2
7801 16 16 0
7800 20 16 0
2
40 42 
2
7801 10 16 0
7802 16 16 0
2
41 43 
2
7063 20 12 0
7064 18 14 0
2
42 67 
2
7803 16 16 0
7802 18 28 0
2
43 152 
2
7065 18 14 0
7064 22 30 0
2
42 68 
2
7804 16 16 0
7803 18 12 0
2
42 86 
2
7805 16 16 0
7804 6 10 0
2
42 87 
2
7806 16 16 0
7805 22 14 0
2
42 89 
2
7807 16 16 0
7806 24 14 0
2
42 90 
2
7808 16 16 0
7807 20 10 0
2
42 91 
2
7809 16 16 0
7808 28 8 0
2
42 92 
2
7810 16 16 0
7809 32 12 0
2
42 93 
2
7811 16 16 0
7810 20 2 0
2
42 94 
2
7812 16 16 0
7811 8 6 0
2
42 95 
2
7813 16 16 0
7812 6 12 0
2
42 96 
2
7814 16 16 0
7813 16 4 0
2
42 97 
2
7815 16 16 0
7814 12 14 0
2
42 98 
2
7816 16 16 0
7815 22 16 0
2
42 99 
2
7817 16 16 0
7816 18 24 0
2
42 100 
2
7818 16 16 0
7817 12 10 0
2
42 101 
2
7819 16 16 0
7818 18 18 0
2
42 102 
2
7820 16 16 0
7819 14 8 0
2
42 103 
2
7821 16 16 0
7820 14 6 0
2
42 104 
2
7822 16 16 0
7821 22 26 0
2
42 105 
2
7823 16 16 0
7822 20 16 0
2
20 40 
2
7801 14 16 0
7802 10 16 0
2
21 41 
2
7063 20 14 0
7064 20 12 0
2
18 38 
2
7752 4 18 0
7753 4 16 0
2
19 39 
2
7053 20 8 0
7054 22 8 0
2
36 38 
2
7753 4 22 0
7754 4 16 0
2
37 39 
2
7054 24 4 0
7055 22 8 0
2
244 40 
2
7802 34 34 0
7803 10 16 0
2
38 40 
2
7803 4 16 0
7804 10 16 0
2
244 40 
2
7805 34 34 0
7805 10 16 0
2
18 40 
2
7805 4 18 0
7806 10 16 0
2
245 40 
2
7806 34 32 0
7807 10 16 0
2
38 40 
2
7807 4 16 0
7808 10 16 0
2
244 40 
2
7808 34 34 0
7809 10 16 0
2
246 41 
2
7065 34 30 0
7065 20 12 0
2
39 41 
2
7065 22 8 0
7066 20 12 0
2
245 41 
2
7067 34 32 0
7067 20 12 0
2
19 41 
2
7067 20 8 0
7068 20 12 0
2
246 41 
2
7068 34 30 0
7069 20 12 0
2
39 41 
2
7069 22 8 0
7070 20 12 0
2
246 41 
2
7071 34 30 0
7071 20 12 0
2
244 42 
2
7823 34 34 0
7824 16 16 0
2
40 42 
2
7824 10 16 0
7825 16 16 0
2
244 42 
2
7826 34 34 0
7826 16 16 0
2
20 42 
2
7826 14 16 0
7827 16 16 0
2
245 42 
2
7827 34 32 0
7828 16 16 0
2
40 42 
2
7828 10 16 0
7829 16 16 0
2
244 42 
2
7829 34 34 0
7830 16 16 0
2
244 43 
2
7066 34 34 0
7066 18 14 0
2
41 43 
2
7072 20 12 0
7071 18 14 0
2
247 43 
2
7071 34 28 0
7072 18 14 0
2
21 43 
2
7072 20 14 0
7073 18 14 0
2
246 43 
2
7074 34 30 0
7074 18 14 0
2
41 43 
2
7074 20 12 0
7075 18 14 0
2
247 43 
2
7075 34 28 0
7076 18 14 0
2
42 104 
2
7831 16 16 0
7830 22 26 0
2
43 151 
2
7077 18 14 0
7076 22 2 0
2
42 105 
2
7832 16 16 0
7831 20 16 0
2
42 106 
2
7833 16 16 0
7832 24 20 0
2
40 42 
2
7833 10 16 0
7834 16 16 0
2
41 43 
2
7077 20 12 0
7078 18 14 0
2
42 104 
2
7835 16 16 0
7834 22 26 0
2
43 151 
2
7079 18 14 0
7078 22 2 0
2
42 105 
2
7836 16 16 0
7835 20 16 0
2
43 152 
2
7080 18 14 0
7079 22 30 0
2
42 106 
2
7837 16 16 0
7836 24 20 0
2
20 40 
2
7833 14 16 0
7834 10 16 0
2
21 41 
2
7077 20 14 0
7078 20 12 0
2
38 40 
2
7834 4 16 0
7835 10 16 0
2
39 41 
2
7078 22 8 0
7079 20 12 0
2
244 42 
2
7838 34 34 0
7838 16 16 0
2
40 42 
2
7838 10 16 0
7839 16 16 0
2
245 42 
2
7840 34 32 0
7840 16 16 0
2
20 42 
2
7840 14 16 0
7841 16 16 0
2
244 42 
2
7841 34 34 0
7842 16 16 0
2
40 42 
2
7842 10 16 0
7843 16 16 0
2
244 42 
2
7844 34 34 0
7844 16 16 0
2
244 43 
2
7081 34 34 0
7081 18 14 0
2
41 43 
2
7081 20 12 0
7082 18 14 0
2
246 43 
2
7082 34 30 0
7083 18 14 0
2
21 43 
2
7083 20 14 0
7084 18 14 0
2
245 43 
2
7085 34 32 0
7085 18 14 0
2
41 43 
2
7085 20 12 0
7086 18 14 0
2
244 43 
2
7087 34 34 0
7087 18 14 0
2
42 105 
2
7845 16 16 0
7844 20 16 0
2
43 154 
2
7088 18 14 0
7087 28 18 0
2
42 106 
2
7846 16 16 0
7845 24 20 0
2
42 107 
2
7847 16 16 0
7846 30 16 0
2
40 42 
2
7847 10 16 0
7848 16 16 0
2
41 43 
2
7088 20 12 0
7089 18 14 0
2
42 105 
2
7849 16 16 0
7848 20 16 0
2
43 153 
2
7090 18 14 0
7089 24 26 0
2
42 106 
2
7850 16 16 0
7849 24 20 0
2
42 107 
2
7851 16 16 0
7850 30 16 0
2
20 40 
2
7847 14 16 0
7848 10 16 0
2
21 41 
2
7088 20 14 0
7089 20 12 0
2
18 38 
2
7834 4 18 0
7835 4 16 0
2
19 39 
2
7078 20 8 0
7079 22 8 0
2
16 36 
2
7753 4 24 0
7754 4 22 0
2
17 37 
2
7054 26 4 0
7055 24 4 0
2
34 36 
2
7754 2 24 0
7755 4 22 0
2
35 37 
2
7055 28 2 0
7056 24 4 0
2
244 38 
2
7835 34 34 0
7836 4 16 0
2
36 38 
2
7836 4 22 0
7837 4 16 0
2
245 38 
2
7837 34 32 0
7838 4 16 0
2
16 38 
2
7838 4 24 0
7839 4 16 0
2
246 38 
2
7839 34 30 0
7840 4 16 0
2
36 38 
2
7840 4 22 0
7841 4 16 0
2
246 38 
2
7842 34 30 0
7842 4 16 0
2
246 39 
2
7079 34 30 0
7080 22 8 0
2
37 39 
2
7080 24 4 0
7081 22 8 0
2
245 39 
2
7082 34 32 0
7082 22 8 0
2
17 39 
2
7082 26 4 0
7083 22 8 0
2
244 39 
2
7084 34 34 0
7084 22 8 0
2
37 39 
2
7084 24 4 0
7085 22 8 0
2
246 39 
2
7085 34 30 0
7086 22 8 0
2
244 40 
2
7848 34 34 0
7849 10 16 0
2
38 40 
2
7849 4 16 0
7850 10 16 0
2
244 40 
2
7851 34 34 0
7851 10 16 0
2
18 40 
2
7851 4 18 0
7852 10 16 0
2
246 40 
2
7852 34 30 0
7853 10 16 0
2
38 40 
2
7853 4 16 0
7854 10 16 0
2
244 40 
2
7854 34 34 0
7855 10 16 0
2
244 41 
2
7090 34 34 0
7090 20 12 0
2
39 41 
2
7090 22 8 0
7091 20 12 0
2
246 41 
2
7091 34 30 0
7092 20 12 0
2
19 41 
2
7092 20 8 0
7093 20 12 0
2
244 41 
2
7093 34 34 0
7094 20 12 0
2
39 41 
2
7094 22 8 0
7095 20 12 0
2
244 41 
2
7096 34 34 0
7096 20 12 0
2
245 42 
2
7851 34 32 0
7852 16 16 0
2
40 42 
2
7856 10 16 0
7855 16 16 0
2
245 42 
2
7855 34 32 0
7856 16 16 0
2
20 42 
2
7856 14 16 0
7857 16 16 0
2
244 42 
2
7857 34 34 0
7858 16 16 0
2
40 42 
2
7858 10 16 0
7859 16 16 0
2
244 42 
2
7860 34 34 0
7860 16 16 0
2
245 43 
2
7090 34 32 0
7091 18 14 0
2
41 43 
2
7097 20 12 0
7096 18 14 0
2
245 43 
2
7096 34 32 0
7097 18 14 0
2
21 43 
2
7097 20 14 0
7098 18 14 0
2
244 43 
2
7099 34 34 0
7099 18 14 0
2
41 43 
2
7099 20 12 0
7100 18 14 0
2
245 43 
2
7100 34 32 0
7101 18 14 0
2
42 104 
2
7861 16 16 0
7860 22 26 0
2
43 153 
2
7102 18 14 0
7101 24 26 0
2
42 105 
2
7862 16 16 0
7861 20 16 0
2
43 154 
2
7103 18 14 0
7102 28 18 0
2
42 106 
2
7863 16 16 0
7862 24 20 0
2
42 107 
2
7864 16 16 0
7863 30 16 0
2
42 108 
2
7865 16 16 0
7864 28 10 0
2
42 109 
2
7866 16 16 0
7865 26 10 0
2
42 111 
2
7867 16 16 0
7866 18 6 0
2
42 112 
2
7868 16 16 0
7867 30 14 0
2
42 113 
2
7869 16 16 0
7868 22 4 0
2
42 114 
2
7870 16 16 0
7869 30 10 0
2
42 115 
2
7871 16 16 0
7870 2 10 0
2
42 116 
2
7872 16 16 0
7871 8 8 0
2
42 117 
2
7873 16 16 0
7872 12 8 0
2
42 118 
2
7874 16 16 0
7873 12 12 0
2
42 119 
2
7875 16 16 0
7874 22 18 0
2
42 120 
2
7876 16 16 0
7875 28 20 0
2
42 121 
2
7877 16 16 0
7876 8 14 0
2
42 122 
2
7878 16 16 0
7877 12 6 0
2
42 123 
2
7879 16 16 0
7878 22 20 0
2
42 124 
2
7880 16 16 0
7879 20 26 0
2
42 125 
2
7881 16 16 0
7880 12 16 0
2
40 42 
2
7881 10 16 0
7882 16 16 0
2
41 43 
2
7103 20 12 0
7104 18 14 0
2
42 104 
2
7883 16 16 0
7882 22 26 0
2
43 156 
2
7105 18 14 0
7104 26 18 0
2
42 105 
2
7884 16 16 0
7883 20 16 0
2
42 106 
2
7885 16 16 0
7884 24 20 0
2
42 107 
2
7886 16 16 0
7885 30 16 0
2
42 108 
2
7887 16 16 0
7886 28 10 0
2
42 109 
2
7888 16 16 0
7887 26 10 0
2
42 111 
2
7889 16 16 0
7888 18 6 0
2
42 112 
2
7890 16 16 0
7889 30 14 0
2
42 113 
2
7891 16 16 0
7890 22 4 0
2
42 114 
2
7892 16 16 0
7891 30 10 0
2
42 115 
2
7893 16 16 0
7892 2 10 0
2
42 116 
2
7894 16 16 0
7893 8 8 0
2
42 117 
2
7895 16 16 0
7894 12 8 0
2
42 118 
2
7896 16 16 0
7895 12 12 0
2
42 119 
2
7897 16 16 0
7896 22 18 0
2
42 120 
2
7898 16 16 0
7897 28 20 0
2
42 121 
2
7899 16 16 0
7898 8 14 0
2
42 122 
2
7900 16 16 0
7899 12 6 0
2
42 123 
2
7901 16 16 0
7900 22 20 0
2
42 124 
2
7902 16 16 0
7901 20 26 0
2
42 125 
2
7903 16 16 0
7902 12 16 0
2
20 40 
2
7881 14 16 0
7882 10 16 0
2
21 41 
2
7103 20 14 0
7104 20 12 0
2
38 40 
2
7882 4 16 0
7883 10 16 0
2
39 41 
2
7104 22 8 0
7105 20 12 0
2
244 42 
2
7903 34 34 0
7904 16 16 0
2
40 42 
2
7904 10 16 0
7905 16 16 0
2
244 42 
2
7906 34 34 0
7906 16 16 0
2
20 42 
2
7906 14 16 0
7907 16 16 0
2
245 42 
2
7907 34 32 0
7908 16 16 0
2
40 42 
2
7908 10 16 0
7909 16 16 0
2
244 42 
2
7909 34 34 0
7910 16 16 0
2
245 43 
2
7105 34 32 0
7106 18 14 0
2
41 43 
2
7106 20 12 0
7107 18 14 0
2
245 43 
2
7108 34 32 0
7108 18 14 0
2
21 43 
2
7108 20 14 0
7109 18 14 0
2
244 43 
2
7110 34 34 0
7110 18 14 0
2
41 43 
2
7110 20 12 0
7111 18 14 0
2
246 43 
2
7112 34 30 0
7112 18 14 0
2
42 105 
2
7911 16 16 0
7910 20 16 0
2
43 155 
2
7113 18 14 0
7112 22 22 0
2
42 106 
2
7912 16 16 0
7911 24 20 0
2
42 107 
2
7913 16 16 0
7912 30 16 0
2
42 108 
2
7914 16 16 0
7913 28 10 0
2
42 109 
2
7915 16 16 0
7914 26 10 0
2
42 111 
2
7916 16 16 0
7915 18 6 0
2
42 112 
2
7917 16 16 0
7916 30 14 0
2
42 113 
2
7918 16 16 0
7917 22 4 0
2
42 114 
2
7919 16 16 0
7918 30 10 0
2
42 115 
2
7920 16 16 0
7919 2 10 0
2
42 116 
2
7921 16 16 0
7920 8 8 0
2
42 117 
2
7922 16 16 0
7921 12 8 0
2
42 118 
2
7923 16 16 0
7922 12 12 0
2
42 119 
2
7924 16 16 0
7923 22 18 0
2
42 120 
2
7925 16 16 0
7924 28 20 0
2
42 121 
2
7926 16 16 0
7925 8 14 0
2
42 122 
2
7927 16 16 0
7926 12 6 0
2
42 123 
2
7928 16 16 0
7927 22 20 0
2
42 124 
2
7929 16 16 0
7928 20 26 0
2
42 125 
2
7930 16 16 0
7929 12 16 0
2
42 126 
2
7931 16 16 0
7930 16 10 0
2
40 42 
2
7931 10 16 0
7932 16 16 0
2
41 43 
2
7113 20 12 0
7114 18 14 0
2
42 105 
2
7933 16 16 0
7932 20 16 0
2
43 155 
2
7115 18 14 0
7114 22 22 0
2
42 106 
2
7934 16 16 0
7933 24 20 0
2
43 156 
2
7116 18 14 0
7115 26 18 0
2
42 107 
2
7935 16 16 0
7934 30 16 0
2
42 108 
2
7936 16 16 0
7935 28 10 0
2
42 109 
2
7937 16 16 0
7936 26 10 0
2
42 111 
2
7938 16 16 0
7937 18 6 0
2
42 112 
2
7939 16 16 0
7938 30 14 0
2
42 113 
2
7940 16 16 0
7939 22 4 0
2
42 114 
2
7941 16 16 0
7940 30 10 0
2
42 115 
2
7942 16 16 0
7941 2 10 0
2
42 116 
2
7943 16 16 0
7942 8 8 0
2
42 117 
2
7944 16 16 0
7943 12 8 0
2
42 118 
2
7945 16 16 0
7944 12 12 0
2
42 119 
2
7946 16 16 0
7945 22 18 0
2
42 120 
2
7947 16 16 0
7946 28 20 0
2
42 121 
2
7948 16 16 0
7947 8 14 0
2
42 122 
2
7949 16 16 0
7948 12 6 0
2
42 123 
2
7950 16 16 0
7949 22 20 0
2
42 124 
2
7951 16 16 0
7950 20 26 0
2
42 125 
2
7952 16 16 0
7951 12 16 0
2
42 126 
2
7953 16 16 0
7952 16 10 0
2
20 40 
2
7931 14 16 0
7932 10 16 0
2
21 41 
2
7113 20 14 0
7114 20 12 0
2
18 38 
2
7882 4 18 0
7883 4 16 0
2
19 39 
2
7104 20 8 0
7105 22 8 0
2
36 38 
2
7883 4 22 0
7884 4 16 0
2
37 39 
2
7105 24 4 0
7106 22 8 0
2
244 40 
2
7932 34 34 0
7933 10 16 0
2
38 40 
2
7933 4 16 0
7934 10 16 0
2
244 40 
2
7935 34 34 0
7935 10 16 0
2
18 40 
2
7935 4 18 0
7936 10 16 0
2
245 40 
2
7936 34 32 0
7937 10 16 0
2
38 40 
2
7937 4 16 0
7938 10 16 0
2
244 40 
2
7938 34 34 0
7939 10 16 0
2
245 41 
2
7114 34 32 0
7115 20 12 0
2
39 41 
2
7115 22 8 0
7116 20 12 0
2
244 41 
2
7116 34 34 0
7117 20 12 0
2
19 41 
2
7117 20 8 0
7118 20 12 0
2
244 41 
2
7119 34 34 0
7119 20 12 0
2
39 41 
2
7119 22 8 0
7120 20 12 0
2
245 41 
2
7120 34 32 0
7121 20 12 0
2
244 42 
2
7953 34 34 0
7954 16 16 0
2
40 42 
2
7954 10 16 0
7955 16 16 0
2
244 42 
2
7956 34 34 0
7956 16 16 0
2
20 42 
2
7956 14 16 0
7957 16 16 0
2
245 42 
2
7957 34 32 0
7958 16 16 0
2
40 42 
2
7958 10 16 0
7959 16 16 0
2
244 42 
2
7959 34 34 0
7960 16 16 0
2
245 43 
2
7117 34 32 0
7117 18 14 0
2
41 43 
2
7122 20 12 0
7121 18 14 0
2
244 43 
2
7122 34 34 0
7122 18 14 0
2
21 43 
2
7122 20 14 0
7123 18 14 0
2
246 43 
2
7123 34 30 0
7124 18 14 0
2
41 43 
2
7124 20 12 0
7125 18 14 0
2
245 43 
2
7126 34 32 0
7126 18 14 0
2
42 125 
2
7961 16 16 0
7960 12 16 0
2
43 158 
2
7127 18 14 0
7126 4 14 0
2
42 126 
2
7962 16 16 0
7961 16 10 0
2
42 128 
2
7963 16 16 0
7962 16 14 0
2
40 42 
2
7963 10 16 0
7964 16 16 0
2
41 43 
2
7127 20 12 0
7128 18 14 0
2
42 125 
2
7965 16 16 0
7964 12 16 0
2
43 157 
2
7129 18 14 0
7128 24 16 0
2
42 126 
2
7966 16 16 0
7965 16 10 0
2
42 128 
2
7967 16 16 0
7966 16 14 0
2
20 40 
2
7963 14 16 0
7964 10 16 0
2
21 41 
2
7127 20 14 0
7128 20 12 0
2
38 40 
2
7964 4 16 0
7965 10 16 0
2
39 41 
2
7128 22 8 0
7129 20 12 0
2
244 42 
2
7968 34 34 0
7968 16 16 0
2
40 42 
2
7968 10 16 0
7969 16 16 0
2
245 42 
2
7970 34 32 0
7970 16 16 0
2
20 42 
2
7970 14 16 0
7971 16 16 0
2
244 42 
2
7971 34 34 0
7972 16 16 0
2
40 42 
2
7972 10 16 0
7973 16 16 0
2
244 42 
2
7974 34 34 0
7974 16 16 0
2
246 43 
2
7129 34 30 0
7130 18 14 0
2
41 43 
2
7130 20 12 0
7131 18 14 0
2
244 43 
2
7131 34 34 0
7132 18 14 0
2
21 43 
2
7132 20 14 0
7133 18 14 0
2
244 43 
2
7134 34 34 0
7134 18 14 0
2
41 43 
2
7134 20 12 0
7135 18 14 0
2
245 43 
2
7135 34 32 0
7136 18 14 0
2
42 126 
2
7975 16 16 0
7974 16 10 0
2
43 157 
2
7137 18 14 0
7136 24 16 0
2
42 128 
2
7976 16 16 0
7975 16 14 0
2
43 158 
2
7138 18 14 0
7137 4 14 0
2
42 129 
2
7977 16 16 0
7976 28 12 0
2
40 42 
2
7977 10 16 0
7978 16 16 0
2
41 43 
2
7138 20 12 0
7139 18 14 0
2
42 126 
2
7979 16 16 0
7978 16 10 0
2
43 160 
2
7140 18 14 0
7139 10 14 0
2
42 128 
2
7980 16 16 0
7979 16 14 0
2
42 129 
2
7981 16 16 0
7980 28 12 0
2
20 40 
2
7977 14 16 0
7978 10 16 0
2
21 41 
2
7138 20 14 0
7139 20 12 0
2
18 38 
2
7964 4 18 0
7965 4 16 0
2
19 39 
2
7128 20 8 0
7129 22 8 0
2
16 36 
2
7883 4 24 0
7884 4 22 0
2
17 37 
2
7105 26 4 0
7106 24 4 0
2
14 34 
2
7754 4 26 0
7755 2 24 0
2
15 35 
2
7055 26 2 0
7056 28 2 0
2
12 32 
2
7495 2 26 0
7496 2 28 0
2
13 33 
2
6957 30 2 0
6958 32 2 0
2
30 32 
2
7496 4 28 0
7497 2 28 0
2
31 33 
2
6958 32 6 0
6959 32 2 0
2
244 34 
2
7755 34 34 0
7756 2 24 0
2
32 34 
2
7756 2 28 0
7757 2 24 0
2
244 34 
2
7758 34 34 0
7758 2 24 0
2
12 34 
2
7758 2 26 0
7759 2 24 0
2
245 34 
2
7759 34 32 0
7760 2 24 0
2
32 34 
2
7760 2 28 0
7761 2 24 0
2
244 34 
2
7761 34 34 0
7762 2 24 0
2
246 35 
2
7056 34 30 0
7057 28 2 0
2
33 35 
2
7057 32 2 0
7058 28 2 0
2
248 35 
2
7058 34 26 0
7059 28 2 0
2
13 35 
2
7059 30 2 0
7060 28 2 0
2
248 35 
2
7061 34 26 0
7061 28 2 0
2
33 35 
2
7061 32 2 0
7062 28 2 0
2
244 35 
2
7063 34 34 0
7063 28 2 0
2
244 36 
2
7884 34 34 0
7885 4 22 0
2
34 36 
2
7885 2 24 0
7886 4 22 0
2
244 36 
2
7887 34 34 0
7887 4 22 0
2
14 36 
2
7887 4 26 0
7888 4 22 0
2
245 36 
2
7888 34 32 0
7889 4 22 0
2
34 36 
2
7889 2 24 0
7890 4 22 0
2
244 36 
2
7890 34 34 0
7891 4 22 0
2
246 37 
2
7106 34 30 0
7107 24 4 0
2
35 37 
2
7107 28 2 0
7108 24 4 0
2
247 37 
2
7108 34 28 0
7109 24 4 0
2
15 37 
2
7109 26 2 0
7110 24 4 0
2
247 37 
2
7111 34 28 0
7111 24 4 0
2
35 37 
2
7111 28 2 0
7112 24 4 0
2
244 37 
2
7113 34 34 0
7113 24 4 0
2
244 38 
2
7965 34 34 0
7966 4 16 0
2
36 38 
2
7966 4 22 0
7967 4 16 0
2
245 38 
2
7967 34 32 0
7968 4 16 0
2
16 38 
2
7968 4 24 0
7969 4 16 0
2
246 38 
2
7969 34 30 0
7970 4 16 0
2
36 38 
2
7970 4 22 0
7971 4 16 0
2
246 38 
2
7972 34 30 0
7972 4 16 0
2
247 39 
2
7129 34 28 0
7130 22 8 0
2
37 39 
2
7130 24 4 0
7131 22 8 0
2
245 39 
2
7132 34 32 0
7132 22 8 0
2
17 39 
2
7132 26 4 0
7133 22 8 0
2
246 39 
2
7133 34 30 0
7134 22 8 0
2
37 39 
2
7134 24 4 0
7135 22 8 0
2
246 39 
2
7136 34 30 0
7136 22 8 0
2
244 40 
2
7978 34 34 0
7979 10 16 0
2
38 40 
2
7979 4 16 0
7980 10 16 0
2
244 40 
2
7981 34 34 0
7981 10 16 0
2
18 40 
2
7981 4 18 0
7982 10 16 0
2
246 40 
2
7982 34 30 0
7983 10 16 0
2
38 40 
2
7983 4 16 0
7984 10 16 0
2
244 40 
2
7984 34 34 0
7985 10 16 0
2
244 41 
2
7139 34 34 0
7140 20 12 0
2
39 41 
2
7140 22 8 0
7141 20 12 0
2
244 41 
2
7142 34 34 0
7142 20 12 0
2
19 41 
2
7142 20 8 0
7143 20 12 0
2
245 41 
2
7143 34 32 0
7144 20 12 0
2
39 41 
2
7144 22 8 0
7145 20 12 0
2
244 41 
2
7145 34 34 0
7146 20 12 0
2
245 42 
2
7981 34 32 0
7982 16 16 0
2
40 42 
2
7986 10 16 0
7985 16 16 0
2
245 42 
2
7985 34 32 0
7986 16 16 0
2
20 42 
2
7986 14 16 0
7987 16 16 0
2
244 42 
2
7987 34 34 0
7988 16 16 0
2
40 42 
2
7988 10 16 0
7989 16 16 0
2
244 42 
2
7990 34 34 0
7990 16 16 0
2
245 43 
2
7140 34 32 0
7141 18 14 0
2
41 43 
2
7147 20 12 0
7146 18 14 0
2
245 43 
2
7146 34 32 0
7147 18 14 0
2
21 43 
2
7147 20 14 0
7148 18 14 0
2
244 43 
2
7148 34 34 0
7149 18 14 0
2
41 43 
2
7149 20 12 0
7150 18 14 0
2
244 43 
2
7151 34 34 0
7151 18 14 0
2
42 125 
2
7991 16 16 0
7990 12 16 0
2
43 159 
2
7152 18 14 0
7151 14 4 0
2
42 126 
2
7992 16 16 0
7991 16 10 0
2
42 128 
2
7993 16 16 0
7992 16 14 0
2
42 129 
2
7994 16 16 0
7993 28 12 0
2
42 130 
2
7995 16 16 0
7994 22 6 0
2
42 131 
2
7996 16 16 0
7995 28 14 0
2
42 149 
2
7997 16 16 0
7996 20 6 0
2
42 150 
2
7998 16 16 0
7997 24 8 0
2
42 151 
2
7999 16 16 0
7998 22 2 0
2
42 152 
2
8000 16 16 0
7999 22 30 0
2
42 153 
2
8001 16 16 0
8000 24 26 0
2
42 154 
2
8002 16 16 0
8001 28 18 0
2
42 155 
2
8003 16 16 0
8002 22 22 0
2
42 156 
2
8004 16 16 0
8003 26 18 0
2
42 157 
2
8005 16 16 0
8004 24 16 0
2
42 158 
2
8006 16 16 0
8005 4 14 0
2
42 159 
2
8007 16 16 0
8006 14 4 0
2
42 160 
2
8008 16 16 0
8007 10 14 0
2
42 161 
2
8009 16 16 0
8008 14 2 0
2
42 162 
2
8010 16 16 0
8009 30 18 0
2
42 163 
2
8011 16 16 0
8010 24 22 0
2
40 42 
2
8011 10 16 0
8012 16 16 0
2
41 43 
2
7152 20 12 0
7153 18 14 0
2
42 125 
2
8013 16 16 0
8012 12 16 0
2
43 159 
2
8006 18 14 0
8007 14 4 0
2
42 126 
2
8014 16 16 0
8013 16 10 0
2
43 160 
2
8007 18 14 0
8008 10 14 0
2
42 128 
2
8015 16 16 0
8014 16 14 0
2
42 129 
2
8016 16 16 0
8015 28 12 0
2
42 130 
2
8017 16 16 0
8016 22 6 0
2
42 131 
2
8018 16 16 0
8017 28 14 0
2
42 149 
2
8019 16 16 0
8018 20 6 0
2
42 150 
2
8020 16 16 0
8019 24 8 0
2
42 151 
2
8021 16 16 0
8020 22 2 0
2
42 152 
2
8022 16 16 0
8021 22 30 0
2
42 153 
2
8023 16 16 0
8022 24 26 0
2
42 154 
2
8024 16 16 0
8023 28 18 0
2
42 155 
2
8025 16 16 0
8024 22 22 0
2
42 156 
2
8026 16 16 0
8025 26 18 0
2
42 157 
2
8027 16 16 0
8026 24 16 0
2
42 158 
2
8028 16 16 0
8027 4 14 0
2
42 159 
2
8029 16 16 0
8028 14 4 0
2
42 160 
2
8030 16 16 0
8029 10 14 0
2
42 161 
2
8031 16 16 0
8030 14 2 0
2
42 162 
2
8032 16 16 0
8031 30 18 0
2
42 163 
2
8033 16 16 0
8032 24 22 0
2
20 40 
2
8011 14 16 0
8012 10 16 0
2
21 41 
2
7152 20 14 0
7153 20 12 0
2
38 40 
2
8012 4 16 0
8013 10 16 0
2
39 41 
2
7153 22 8 0
7154 20 12 0
2
245 42 
2
8033 34 32 0
8034 16 16 0
2
40 42 
2
8034 10 16 0
8035 16 16 0
2
245 42 
2
8036 34 32 0
8036 16 16 0
2
20 42 
2
8036 14 16 0
8037 16 16 0
2
244 42 
2
8038 34 34 0
8038 16 16 0
2
40 42 
2
8038 10 16 0
8039 16 16 0
2
246 42 
2
8039 34 30 0
8040 16 16 0
2
244 43 
2
8007 34 34 0
8008 18 14 0
2
41 43 
2
8008 20 12 0
8009 18 14 0
2
244 43 
2
8010 34 34 0
8010 18 14 0
2
21 43 
2
8010 20 14 0
8011 18 14 0
2
245 43 
2
8011 34 32 0
8012 18 14 0
2
41 43 
2
8012 20 12 0
8013 18 14 0
2
244 43 
2
8013 34 34 0
8014 18 14 0
2
42 126 
2
8041 16 16 0
8040 16 10 0
2
43 162 
2
8031 18 14 0
8032 30 18 0
2
42 128 
2
8042 16 16 0
8041 16 14 0
2
42 129 
2
8043 16 16 0
8042 28 12 0
2
42 130 
2
8044 16 16 0
8043 22 6 0
2
42 131 
2
8045 16 16 0
8044 28 14 0
2
42 149 
2
8046 16 16 0
8045 20 6 0
2
42 150 
2
8047 16 16 0
8046 24 8 0
2
42 151 
2
8048 16 16 0
8047 22 2 0
2
42 152 
2
8049 16 16 0
8048 22 30 0
2
42 153 
2
8050 16 16 0
8049 24 26 0
2
42 154 
2
8051 16 16 0
8050 28 18 0
2
42 155 
2
8052 16 16 0
8051 22 22 0
2
42 156 
2
8053 16 16 0
8052 26 18 0
2
42 157 
2
8054 16 16 0
8053 24 16 0
2
42 158 
2
8055 16 16 0
8054 4 14 0
2
42 159 
2
8056 16 16 0
8055 14 4 0
2
42 160 
2
8057 16 16 0
8056 10 14 0
2
42 161 
2
8058 16 16 0
8057 14 2 0
2
42 162 
2
8059 16 16 0
8058 30 18 0
2
42 163 
2
8060 16 16 0
8059 24 22 0
2
42 164 
2
8061 16 16 0
8060 26 20 0
2
40 42 
2
8061 10 16 0
8062 16 16 0
2
41 43 
2
8031 20 12 0
8032 18 14 0
2
42 126 
2
8063 16 16 0
8062 16 10 0
2
43 161 
2
8057 18 14 0
8058 14 2 0
2
42 128 
2
8064 16 16 0
8063 16 14 0
2
42 129 
2
8065 16 16 0
8064 28 12 0
2
42 130 
2
8066 16 16 0
8065 22 6 0
2
42 131 
2
8067 16 16 0
8066 28 14 0
2
42 149 
2
8068 16 16 0
8067 20 6 0
2
42 150 
2
8069 16 16 0
8068 24 8 0
2
42 151 
2
8070 16 16 0
8069 22 2 0
2
42 152 
2
8071 16 16 0
8070 22 30 0
2
42 153 
2
8072 16 16 0
8071 24 26 0
2
42 154 
2
8073 16 16 0
8072 28 18 0
2
42 155 
2
8074 16 16 0
8073 22 22 0
2
42 156 
2
8075 16 16 0
8074 26 18 0
2
42 157 
2
8076 16 16 0
8075 24 16 0
2
42 158 
2
8077 16 16 0
8076 4 14 0
2
42 159 
2
8078 16 16 0
8077 14 4 0
2
42 160 
2
8079 16 16 0
8078 10 14 0
2
42 161 
2
8080 16 16 0
8079 14 2 0
2
42 162 
2
8081 16 16 0
8080 30 18 0
2
42 163 
2
8082 16 16 0
8081 24 22 0
2
42 164 
2
8083 16 16 0
8082 26 20 0
2
20 40 
2
8061 14 16 0
8062 10 16 0
2
21 41 
2
8031 20 14 0
8032 20 12 0
2
18 38 
2
8012 4 18 0
8013 4 16 0
2
19 39 
2
7153 20 8 0
7154 22 8 0
2
36 38 
2
8013 4 22 0
8014 4 16 0
2
37 39 
2
7154 24 4 0
7155 22 8 0
2
244 40 
2
8063 34 34 0
8063 10 16 0
2
38 40 
2
8063 4 16 0
8064 10 16 0
2
246 40 
2
8064 34 30 0
8065 10 16 0
2
18 40 
2
8065 4 18 0
8066 10 16 0
2
244 40 
2
8066 34 34 0
8067 10 16 0
2
38 40 
2
8067 4 16 0
8068 10 16 0
2
244 40 
2
8069 34 34 0
8069 10 16 0
2
244 41 
2
8032 34 34 0
8033 20 12 0
2
39 41 
2
8033 22 8 0
8034 20 12 0
2
244 41 
2
8035 34 34 0
8035 20 12 0
2
19 41 
2
8035 20 8 0
8036 20 12 0
2
246 41 
2
8036 34 30 0
8037 20 12 0
2
39 41 
2
8037 22 8 0
8038 20 12 0
2
245 41 
2
8039 34 32 0
8039 20 12 0
2
245 42 
2
8083 34 32 0
8084 16 16 0
2
40 42 
2
8084 10 16 0
8085 16 16 0
2
245 42 
2
8086 34 32 0
8086 16 16 0
2
20 42 
2
8086 14 16 0
8087 16 16 0
2
244 42 
2
8088 34 34 0
8088 16 16 0
2
40 42 
2
8088 10 16 0
8089 16 16 0
2
246 42 
2
8089 34 30 0
8090 16 16 0
2
244 43 
2
8057 34 34 0
8058 18 14 0
2
41 43 
2
8058 20 12 0
8059 18 14 0
2
244 43 
2
8060 34 34 0
8060 18 14 0
2
21 43 
2
8060 20 14 0
8061 18 14 0
2
245 43 
2
8061 34 32 0
8062 18 14 0
2
41 43 
2
8062 20 12 0
8063 18 14 0
2
245 43 
2
8064 34 32 0
8064 18 14 0
2
42 163 
2
8091 16 16 0
8090 24 22 0
2
43 161 
2
8079 18 14 0
8080 14 2 0
2
42 164 
2
8092 16 16 0
8091 26 20 0
2
43 162 
2
8080 18 14 0
8081 30 18 0
2
42 166 
2
8093 16 16 0
8092 20 22 0
2
40 42 
2
8093 10 16 0
8094 16 16 0
2
41 43 
2
8080 20 12 0
8081 18 14 0
2
42 163 
2
8095 16 16 0
8094 24 22 0
2
43 164 
2
8091 18 14 0
8092 26 20 0
2
42 164 
2
8096 16 16 0
8095 26 20 0
2
42 166 
2
8097 16 16 0
8096 20 22 0
2
20 40 
2
8093 14 16 0
8094 10 16 0
2
21 41 
2
8080 20 14 0
8081 20 12 0
2
38 40 
2
8094 4 16 0
8095 10 16 0
2
39 41 
2
8081 22 8 0
8082 20 12 0
2
244 42 
2
8097 34 34 0
8098 16 16 0
2
40 42 
2
8098 10 16 0
8099 16 16 0
2
244 42 
2
8100 34 34 0
8100 16 16 0
2
20 42 
2
8100 14 16 0
8101 16 16 0
2
246 42 
2
8101 34 30 0
8102 16 16 0
2
40 42 
2
8102 10 16 0
8103 16 16 0
2
245 42 
2
8104 34 32 0
8104 16 16 0
2
244 43 
2
8091 34 34 0
8092 18 14 0
2
41 43 
2
8092 20 12 0
8093 18 14 0
2
244 43 
2
8094 34 34 0
8094 18 14 0
2
21 43 
2
8094 20 14 0
8095 18 14 0
2
246 43 
2
8095 34 30 0
8096 18 14 0
2
41 43 
2
8096 20 12 0
8097 18 14 0
2
246 43 
2
8098 34 30 0
8098 18 14 0
2
42 164 
2
8105 16 16 0
8104 26 20 0
2
43 163 
2
8099 18 14 0
8098 24 22 0
2
42 166 
2
8106 16 16 0
8105 20 22 0
2
42 167 
2
8107 16 16 0
8106 22 12 0
2
40 42 
2
8107 10 16 0
8108 16 16 0
2
41 43 
2
8099 20 12 0
8100 18 14 0
2
42 164 
2
8109 16 16 0
8108 26 20 0
2
43 163 
2
8101 18 14 0
8100 24 22 0
2
42 166 
2
8110 16 16 0
8109 20 22 0
2
43 164 
2
8108 18 14 0
8109 26 20 0
2
42 167 
2
8111 16 16 0
8110 22 12 0
2
20 40 
2
8107 14 16 0
8108 10 16 0
2
21 41 
2
8099 20 14 0
8100 20 12 0
2
18 38 
2
8094 4 18 0
8095 4 16 0
2
19 39 
2
8081 20 8 0
8082 22 8 0
2
16 36 
2
8013 4 24 0
8014 4 22 0
2
17 37 
2
7154 26 4 0
7155 24 4 0
2
34 36 
2
8014 2 24 0
8015 4 22 0
2
35 37 
2
7155 28 2 0
7156 24 4 0
2
245 38 
2
8095 34 32 0
8096 4 16 0
2
36 38 
2
8096 4 22 0
8097 4 16 0
2
245 38 
2
8098 34 32 0
8098 4 16 0
2
16 38 
2
8098 4 24 0
8099 4 16 0
2
247 38 
2
8099 34 28 0
8100 4 16 0
2
36 38 
2
8100 4 22 0
8101 4 16 0
2
247 38 
2
8102 34 28 0
8102 4 16 0
2
244 39 
2
8082 34 34 0
8083 22 8 0
2
37 39 
2
8083 24 4 0
8084 22 8 0
2
244 39 
2
8085 34 34 0
8085 22 8 0
2
17 39 
2
8085 26 4 0
8086 22 8 0
2
246 39 
2
8086 34 30 0
8087 22 8 0
2
37 39 
2
8087 24 4 0
8088 22 8 0
2
245 39 
2
8089 34 32 0
8089 22 8 0
2
244 40 
2
8109 34 34 0
8109 10 16 0
2
38 40 
2
8109 4 16 0
8110 10 16 0
2
245 40 
2
8111 34 32 0
8111 10 16 0
2
18 40 
2
8111 4 18 0
8112 10 16 0
2
246 40 
2
8113 34 30 0
8113 10 16 0
2
38 40 
2
8113 4 16 0
8114 10 16 0
2
244 40 
2
8115 34 34 0
8115 10 16 0
2
245 41 
2
8101 34 32 0
8101 20 12 0
2
39 41 
2
8101 22 8 0
8102 20 12 0
2
244 41 
2
8103 34 34 0
8103 20 12 0
2
19 41 
2
8103 20 8 0
8104 20 12 0
2
246 41 
2
8104 34 30 0
8105 20 12 0
2
39 41 
2
8105 22 8 0
8106 20 12 0
2
244 41 
2
8106 34 34 0
8107 20 12 0
2
244 42 
2
8112 34 34 0
8112 16 16 0
2
40 42 
2
8116 10 16 0
8115 16 16 0
2
246 42 
2
8116 34 30 0
8116 16 16 0
2
20 42 
2
8116 14 16 0
8117 16 16 0
2
244 42 
2
8118 34 34 0
8118 16 16 0
2
40 42 
2
8118 10 16 0
8119 16 16 0
2
245 42 
2
8119 34 32 0
8120 16 16 0
2
245 43 
2
8108 34 32 0
8109 18 14 0
2
41 43 
2
8109 20 12 0
8110 18 14 0
2
246 43 
2
8110 34 30 0
8111 18 14 0
2
21 43 
2
8111 20 14 0
8112 18 14 0
2
247 43 
2
8112 34 28 0
8113 18 14 0
2
41 43 
2
8113 20 12 0
8114 18 14 0
2
245 43 
2
8114 34 32 0
8115 18 14 0
2
42 163 
2
8121 16 16 0
8120 24 22 0
2
43 167 
2
8116 18 14 0
8115 22 12 0
2
42 164 
2
8122 16 16 0
8121 26 20 0
2
42 166 
2
8123 16 16 0
8122 20 22 0
2
42 167 
2
8124 16 16 0
8123 22 12 0
2
42 168 
2
8125 16 16 0
8124 24 10 0
2
42 169 
2
8126 16 16 0
8125 18 2 0
2
42 170 
2
8127 16 16 0
8126 26 14 0
2
42 171 
2
8128 16 16 0
8127 20 4 0
2
42 172 
2
8129 16 16 0
8128 26 8 0
2
42 173 
2
8130 16 16 0
8129 26 6 0
2
42 174 
2
8131 16 16 0
8130 20 32 0
2
42 175 
2
8132 16 16 0
8131 6 8 0
2
42 176 
2
8133 16 16 0
8132 20 30 0
2
42 177 
2
8134 16 16 0
8133 8 4 0
2
42 178 
2
8135 16 16 0
8134 10 2 0
2
42 179 
2
8136 16 16 0
8135 30 22 0
2
42 180 
2
8137 16 16 0
8136 26 26 0
2
42 181 
2
8138 16 16 0
8137 32 20 0
2
42 182 
2
8139 16 16 0
8138 32 10 0
2
42 183 
2
8140 16 16 0
8139 2 8 0
2
42 184 
2
8141 16 16 0
8140 30 8 0
2
40 42 
2
8141 10 16 0
8142 16 16 0
2
41 43 
2
8116 20 12 0
8117 18 14 0
2
42 163 
2
8143 16 16 0
8142 24 22 0
2
43 166 
2
8122 18 14 0
8123 20 22 0
2
42 164 
2
8144 16 16 0
8143 26 20 0
2
42 166 
2
8145 16 16 0
8144 20 22 0
2
42 167 
2
8146 16 16 0
8145 22 12 0
2
42 168 
2
8147 16 16 0
8146 24 10 0
2
42 169 
2
8148 16 16 0
8147 18 2 0
2
42 170 
2
8149 16 16 0
8148 26 14 0
2
42 171 
2
8150 16 16 0
8149 20 4 0
2
42 172 
2
8151 16 16 0
8150 26 8 0
2
42 173 
2
8152 16 16 0
8151 26 6 0
2
42 174 
2
8153 16 16 0
8152 20 32 0
2
42 175 
2
8154 16 16 0
8153 6 8 0
2
42 176 
2
8155 16 16 0
8154 20 30 0
2
42 177 
2
8156 16 16 0
8155 8 4 0
2
42 178 
2
8157 16 16 0
8156 10 2 0
2
42 179 
2
8158 16 16 0
8157 30 22 0
2
42 180 
2
8159 16 16 0
8158 26 26 0
2
42 181 
2
8160 16 16 0
8159 32 20 0
2
42 182 
2
8161 16 16 0
8160 32 10 0
2
42 183 
2
8162 16 16 0
8161 2 8 0
2
42 184 
2
8163 16 16 0
8162 30 8 0
2
20 40 
2
8141 14 16 0
8142 10 16 0
2
21 41 
2
8116 20 14 0
8117 20 12 0
2
38 40 
2
8142 4 16 0
8143 10 16 0
2
39 41 
2
8117 22 8 0
8118 20 12 0
2
244 42 
2
8163 34 34 0
8164 16 16 0
2
40 42 
2
8164 10 16 0
8165 16 16 0
2
244 42 
2
8166 34 34 0
8166 16 16 0
2
20 42 
2
8166 14 16 0
8167 16 16 0
2
245 42 
2
8167 34 32 0
8168 16 16 0
2
40 42 
2
8168 10 16 0
8169 16 16 0
2
244 42 
2
8169 34 34 0
8170 16 16 0
2
245 43 
2
8122 34 32 0
8123 18 14 0
2
41 43 
2
8123 20 12 0
8124 18 14 0
2
245 43 
2
8125 34 32 0
8125 18 14 0
2
21 43 
2
8125 20 14 0
8126 18 14 0
2
244 43 
2
8127 34 34 0
8127 18 14 0
2
41 43 
2
8127 20 12 0
8128 18 14 0
2
245 43 
2
8128 34 32 0
8129 18 14 0
2
42 164 
2
8171 16 16 0
8170 26 20 0
2
43 166 
2
8144 18 14 0
8145 20 22 0
2
42 166 
2
8172 16 16 0
8171 20 22 0
2
43 167 
2
8145 18 14 0
8146 22 12 0
2
42 167 
2
8173 16 16 0
8172 22 12 0
2
42 168 
2
8174 16 16 0
8173 24 10 0
2
42 169 
2
8175 16 16 0
8174 18 2 0
2
42 170 
2
8176 16 16 0
8175 26 14 0
2
42 171 
2
8177 16 16 0
8176 20 4 0
2
42 172 
2
8178 16 16 0
8177 26 8 0
2
42 173 
2
8179 16 16 0
8178 26 6 0
2
42 174 
2
8180 16 16 0
8179 20 32 0
2
42 175 
2
8181 16 16 0
8180 6 8 0
2
42 176 
2
8182 16 16 0
8181 20 30 0
2
42 177 
2
8183 16 16 0
8182 8 4 0
2
42 178 
2
8184 16 16 0
8183 10 2 0
2
42 179 
2
8185 16 16 0
8184 30 22 0
2
42 180 
2
8186 16 16 0
8185 26 26 0
2
42 181 
2
8187 16 16 0
8186 32 20 0
2
42 182 
2
8188 16 16 0
8187 32 10 0
2
42 183 
2
8189 16 16 0
8188 2 8 0
2
42 184 
2
8190 16 16 0
8189 30 8 0
2
42 185 
2
8191 16 16 0
8190 24 30 0
2
40 42 
2
8191 10 16 0
8192 16 16 0
2
41 43 
2
8145 20 12 0
8146 18 14 0
2
42 164 
2
8193 16 16 0
8192 26 20 0
2
43 169 
2
8174 18 14 0
8175 18 2 0
2
42 166 
2
8194 16 16 0
8193 20 22 0
2
42 167 
2
8195 16 16 0
8194 22 12 0
2
42 168 
2
8196 16 16 0
8195 24 10 0
2
42 169 
2
8197 16 16 0
8196 18 2 0
2
42 170 
2
8198 16 16 0
8197 26 14 0
2
42 171 
2
8199 16 16 0
8198 20 4 0
2
42 172 
2
8200 16 16 0
8199 26 8 0
2
42 173 
2
8201 16 16 0
8200 26 6 0
2
42 174 
2
8202 16 16 0
8201 20 32 0
2
42 175 
2
8203 16 16 0
8202 6 8 0
2
42 176 
2
8204 16 16 0
8203 20 30 0
2
42 177 
2
8205 16 16 0
8204 8 4 0
2
42 178 
2
8206 16 16 0
8205 10 2 0
2
42 179 
2
8207 16 16 0
8206 30 22 0
2
42 180 
2
8208 16 16 0
8207 26 26 0
2
42 181 
2
8209 16 16 0
8208 32 20 0
2
42 182 
2
8210 16 16 0
8209 32 10 0
2
42 183 
2
8211 16 16 0
8210 2 8 0
2
42 184 
2
8212 16 16 0
8211 30 8 0
2
42 185 
2
8213 16 16 0
8212 24 30 0
2
20 40 
2
8191 14 16 0
8192 10 16 0
2
21 41 
2
8145 20 14 0
8146 20 12 0
2
18 38 
2
8142 4 18 0
8143 4 16 0
2
19 39 
2
8117 20 8 0
8118 22 8 0
2
36 38 
2
8143 4 22 0
8144 4 16 0
2
37 39 
2
8118 24 4 0
8119 22 8 0
2
244 40 
2
8192 34 34 0
8193 10 16 0
2
38 40 
2
8193 4 16 0
8194 10 16 0
2
244 40 
2
8195 34 34 0
8195 10 16 0
2
18 40 
2
8195 4 18 0
8196 10 16 0
2
245 40 
2
8196 34 32 0
8197 10 16 0
2
38 40 
2
8197 4 16 0
8198 10 16 0
2
245 40 
2
8199 34 32 0
8199 10 16 0
2
245 41 
2
8146 34 32 0
8147 20 12 0
2
39 41 
2
8147 22 8 0
8148 20 12 0
2
246 41 
2
8148 34 30 0
8149 20 12 0
2
19 41 
2
8149 20 8 0
8150 20 12 0
2
246 41 
2
8151 34 30 0
8151 20 12 0
2
39 41 
2
8151 22 8 0
8152 20 12 0
2
244 41 
2
8153 34 34 0
8153 20 12 0
2
244 42 
2
8213 34 34 0
8214 16 16 0
2
40 42 
2
8214 10 16 0
8215 16 16 0
2
244 42 
2
8216 34 34 0
8216 16 16 0
2
20 42 
2
8216 14 16 0
8217 16 16 0
2
246 42 
2
8217 34 30 0
8218 16 16 0
2
40 42 
2
8218 10 16 0
8219 16 16 0
2
245 42 
2
8220 34 32 0
8220 16 16 0
2
244 43 
2
8174 34 34 0
8175 18 14 0
2
41 43 
2
8175 20 12 0
8176 18 14 0
2
244 43 
2
8177 34 34 0
8177 18 14 0
2
21 43 
2
8177 20 14 0
8178 18 14 0
2
245 43 
2
8178 34 32 0
8179 18 14 0
2
41 43 
2
8179 20 12 0
8180 18 14 0
2
244 43 
2
8180 34 34 0
8181 18 14 0
2
42 184 
2
8221 16 16 0
8220 30 8 0
2
43 168 
2
8195 18 14 0
8196 24 10 0
2
42 185 
2
8222 16 16 0
8221 24 30 0
2
42 186 
2
8223 16 16 0
8222 28 6 0
2
40 42 
2
8223 10 16 0
8224 16 16 0
2
41 43 
2
8195 20 12 0
8196 18 14 0
2
42 184 
2
8225 16 16 0
8224 30 8 0
2
43 168 
2
8197 18 14 0
8197 24 10 0
2
42 185 
2
8226 16 16 0
8225 24 30 0
2
43 169 
2
8198 18 14 0
8197 18 2 0
2
42 186 
2
8227 16 16 0
8226 28 6 0
2
20 40 
2
8223 14 16 0
8224 10 16 0
2
21 41 
2
8195 20 14 0
8196 20 12 0
2
38 40 
2
8224 4 16 0
8225 10 16 0
2
39 41 
2
8196 22 8 0
8197 20 12 0
2
245 42 
2
8228 34 32 0
8228 16 16 0
2
40 42 
2
8228 10 16 0
8229 16 16 0
2
244 42 
2
8229 34 34 0
8230 16 16 0
2
20 42 
2
8230 14 16 0
8231 16 16 0
2
244 42 
2
8232 34 34 0
8232 16 16 0
2
40 42 
2
8232 10 16 0
8233 16 16 0
2
245 42 
2
8234 34 32 0
8234 16 16 0
2
246 43 
2
8198 34 30 0
8199 18 14 0
2
41 43 
2
8199 20 12 0
8200 18 14 0
2
244 43 
2
8201 34 34 0
8201 18 14 0
2
21 43 
2
8201 20 14 0
8202 18 14 0
2
246 43 
2
8202 34 30 0
8203 18 14 0
2
41 43 
2
8203 20 12 0
8204 18 14 0
2
245 43 
2
8205 34 32 0
8205 18 14 0
2
42 185 
2
8235 16 16 0
8234 24 30 0
2
43 171 
2
8206 18 14 0
8205 20 4 0
2
42 186 
2
8236 16 16 0
8235 28 6 0
2
42 188 
2
8237 16 16 0
8236 30 6 0
2
40 42 
2
8237 10 16 0
8238 16 16 0
2
41 43 
2
8206 20 12 0
8207 18 14 0
2
42 185 
2
8239 16 16 0
8238 24 30 0
2
43 170 
2
8208 18 14 0
8207 26 14 0
2
42 186 
2
8240 16 16 0
8239 28 6 0
2
42 188 
2
8241 16 16 0
8240 30 6 0
2
20 40 
2
8237 14 16 0
8238 10 16 0
2
21 41 
2
8206 20 14 0
8207 20 12 0
2
18 38 
2
8224 4 18 0
8225 4 16 0
2
19 39 
2
8196 20 8 0
8197 22 8 0
2
16 36 
2
8143 4 24 0
8144 4 22 0
2
17 37 
2
8118 26 4 0
8119 24 4 0
2
14 34 
2
8014 4 26 0
8015 2 24 0
2
15 35 
2
7155 26 2 0
7156 28 2 0
2
32 34 
2
8015 2 28 0
8016 2 24 0
2
33 35 
2
7156 32 2 0
7157 28 2 0
2
244 36 
2
8144 34 34 0
8145 4 22 0
2
34 36 
2
8145 2 24 0
8146 4 22 0
2
244 36 
2
8147 34 34 0
8147 4 22 0
2
14 36 
2
8147 4 26 0
8148 4 22 0
2
245 36 
2
8149 34 32 0
8149 4 22 0
2
34 36 
2
8149 2 24 0
8150 4 22 0
2
244 36 
2
8150 34 34 0
8151 4 22 0
2
246 37 
2
8119 34 30 0
8120 24 4 0
2
35 37 
2
8120 28 2 0
8121 24 4 0
2
244 37 
2
8121 34 34 0
8122 24 4 0
2
15 37 
2
8122 26 2 0
8123 24 4 0
2
244 37 
2
8124 34 34 0
8124 24 4 0
2
35 37 
2
8124 28 2 0
8125 24 4 0
2
246 37 
2
8125 34 30 0
8126 24 4 0
2
244 38 
2
8226 34 34 0
8226 4 16 0
2
36 38 
2
8226 4 22 0
8227 4 16 0
2
246 38 
2
8228 34 30 0
8228 4 16 0
2
16 38 
2
8228 4 24 0
8229 4 16 0
2
247 38 
2
8230 34 28 0
8230 4 16 0
2
36 38 
2
8230 4 22 0
8231 4 16 0
2
245 38 
2
8231 34 32 0
8232 4 16 0
2
244 39 
2
8198 34 34 0
8198 22 8 0
2
37 39 
2
8198 24 4 0
8199 22 8 0
2
247 39 
2
8199 34 28 0
8200 22 8 0
2
17 39 
2
8200 26 4 0
8201 22 8 0
2
245 39 
2
8202 34 32 0
8202 22 8 0
2
37 39 
2
8202 24 4 0
8203 22 8 0
2
244 39 
2
8204 34 34 0
8204 22 8 0
2
244 40 
2
8238 34 34 0
8239 10 16 0
2
38 40 
2
8239 4 16 0
8240 10 16 0
2
244 40 
2
8241 34 34 0
8241 10 16 0
2
18 40 
2
8241 4 18 0
8242 10 16 0
2
245 40 
2
8243 34 32 0
8243 10 16 0
2
38 40 
2
8243 4 16 0
8244 10 16 0
2
246 40 
2
8244 34 30 0
8245 10 16 0
2
244 41 
2
8207 34 34 0
8208 20 12 0
2
39 41 
2
8208 22 8 0
8209 20 12 0
2
244 41 
2
8210 34 34 0
8210 20 12 0
2
19 41 
2
8210 20 8 0
8211 20 12 0
2
245 41 
2
8211 34 32 0
8212 20 12 0
2
39 41 
2
8212 22 8 0
8213 20 12 0
2
245 41 
2
8214 34 32 0
8214 20 12 0
2
246 42 
2
8241 34 30 0
8242 16 16 0
2
40 42 
2
8246 10 16 0
8245 16 16 0
2
245 42 
2
8246 34 32 0
8246 16 16 0
2
20 42 
2
8246 14 16 0
8247 16 16 0
2
244 42 
2
8247 34 34 0
8248 16 16 0
2
40 42 
2
8248 10 16 0
8249 16 16 0
2
244 42 
2
8250 34 34 0
8250 16 16 0
2
245 43 
2
8208 34 32 0
8209 18 14 0
2
41 43 
2
8215 20 12 0
8214 18 14 0
2
246 43 
2
8214 34 30 0
8215 18 14 0
2
21 43 
2
8215 20 14 0
8216 18 14 0
2
245 43 
2
8217 34 32 0
8217 18 14 0
2
41 43 
2
8217 20 12 0
8218 18 14 0
2
244 43 
2
8219 34 34 0
8219 18 14 0
2
42 77 
2
8251 16 16 0
8250 14 32 0
2
43 170 
2
8220 18 14 0
8219 26 14 0
2
42 78 
2
8252 16 16 0
8251 10 28 0
2
43 171 
2
8221 18 14 0
8220 20 4 0
2
42 79 
2
8253 16 16 0
8252 2 20 0
2
40 42 
2
8253 10 16 0
8254 16 16 0
2
41 43 
2
8221 20 12 0
8222 18 14 0
2
42 77 
2
8255 16 16 0
8254 14 32 0
2
43 173 
2
8223 18 14 0
8222 26 6 0
2
42 78 
2
8256 16 16 0
8255 10 28 0
2
42 79 
2
8257 16 16 0
8256 2 20 0
2
20 40 
2
8253 14 16 0
8254 10 16 0
2
21 41 
2
8221 20 14 0
8222 20 12 0
2
38 40 
2
8254 4 16 0
8255 10 16 0
2
39 41 
2
8222 22 8 0
8223 20 12 0
2
244 42 
2
8257 34 34 0
8258 16 16 0
2
40 42 
2
8258 10 16 0
8259 16 16 0
2
244 42 
2
8260 34 34 0
8260 16 16 0
2
20 42 
2
8260 14 16 0
8261 16 16 0
2
247 42 
2
8261 34 28 0
8262 16 16 0
2
40 42 
2
8262 10 16 0
8263 16 16 0
2
244 42 
2
8263 34 34 0
8264 16 16 0
2
244 43 
2
8223 34 34 0
8224 18 14 0
2
41 43 
2
8224 20 12 0
8225 18 14 0
2
245 43 
2
8225 34 32 0
8226 18 14 0
2
21 43 
2
8226 20 14 0
8227 18 14 0
2
247 43 
2
8227 34 28 0
8228 18 14 0
2
41 43 
2
8228 20 12 0
8229 18 14 0
2
248 43 
2
8230 34 26 0
8230 18 14 0
2
42 78 
2
8265 16 16 0
8264 10 28 0
2
43 172 
2
8231 18 14 0
8230 26 8 0
2
42 79 
2
8266 16 16 0
8265 2 20 0
2
42 80 
2
8267 16 16 0
8266 24 28 0
2
40 42 
2
8267 10 16 0
8268 16 16 0
2
41 43 
2
8231 20 12 0
8232 18 14 0
2
42 78 
2
8269 16 16 0
8268 10 28 0
2
43 172 
2
8233 18 14 0
8232 26 8 0
2
42 79 
2
8270 16 16 0
8269 2 20 0
2
43 173 
2
8234 18 14 0
8233 26 6 0
2
42 80 
2
8271 16 16 0
8270 24 28 0
2
20 40 
2
8267 14 16 0
8268 10 16 0
2
21 41 
2
8231 20 14 0
8232 20 12 0
2
18 38 
2
8254 4 18 0
8255 4 16 0
2
19 39 
2
8222 20 8 0
8223 22 8 0
2
36 38 
2
8255 4 22 0
8256 4 16 0
2
37 39 
2
8223 24 4 0
8224 22 8 0
2
244 40 
2
8269 34 34 0
8269 10 16 0
2
38 40 
2
8269 4 16 0
8270 10 16 0
2
245 40 
2
8271 34 32 0
8271 10 16 0
2
18 40 
2
8271 4 18 0
8272 10 16 0
2
246 40 
2
8272 34 30 0
8273 10 16 0
2
38 40 
2
8273 4 16 0
8274 10 16 0
2
244 40 
2
8275 34 34 0
8275 10 16 0
2
247 41 
2
8233 34 28 0
8233 20 12 0
2
39 41 
2
8233 22 8 0
8234 20 12 0
2
244 41 
2
8235 34 34 0
8235 20 12 0
2
19 41 
2
8235 20 8 0
8236 20 12 0
2
245 41 
2
8237 34 32 0
8237 20 12 0
2
39 41 
2
8237 22 8 0
8238 20 12 0
2
246 41 
2
8238 34 30 0
8239 20 12 0
2
244 42 
2
8272 34 34 0
8272 16 16 0
2
40 42 
2
8276 10 16 0
8275 16 16 0
2
246 42 
2
8275 34 30 0
8276 16 16 0
2
20 42 
2
8276 14 16 0
8277 16 16 0
2
244 42 
2
8278 34 34 0
8278 16 16 0
2
40 42 
2
8278 10 16 0
8279 16 16 0
2
245 42 
2
8280 34 32 0
8280 16 16 0
2
246 43 
2
8234 34 30 0
8235 18 14 0
2
41 43 
2
8240 20 12 0
8239 18 14 0
2
245 43 
2
8240 34 32 0
8240 18 14 0
2
21 43 
2
8240 20 14 0
8241 18 14 0
2
247 43 
2
8241 34 28 0
8242 18 14 0
2
41 43 
2
8242 20 12 0
8243 18 14 0
2
244 43 
2
8244 34 34 0
8244 18 14 0
2
42 77 
2
8281 16 16 0
8280 14 32 0
2
43 175 
2
8245 18 14 0
8244 6 8 0
2
42 78 
2
8282 16 16 0
8281 10 28 0
2
42 79 
2
8283 16 16 0
8282 2 20 0
2
42 80 
2
8284 16 16 0
8283 24 28 0
2
42 81 
2
8285 16 16 0
8284 6 6 0
2
42 82 
2
8286 16 16 0
8285 28 22 0
2
42 83 
2
8287 16 16 0
8286 10 4 0
2
42 84 
2
8288 16 16 0
8287 28 24 0
2
42 85 
2
8289 16 16 0
8288 30 20 0
2
42 88 
2
8290 16 16 0
8289 12 4 0
2
42 110 
2
8291 16 16 0
8290 6 20 0
2
42 127 
2
8292 16 16 0
8291 12 18 0
2
42 132 
2
8293 16 16 0
8292 8 16 0
2
42 133 
2
8294 16 16 0
8293 10 12 0
2
42 134 
2
8295 16 16 0
8294 16 30 0
2
42 135 
2
8296 16 16 0
8295 10 26 0
2
42 136 
2
8297 16 16 0
8296 16 26 0
2
42 137 
2
8298 16 16 0
8297 16 28 0
2
42 138 
2
8299 16 16 0
8298 10 20 0
2
42 139 
2
8300 16 16 0
8299 12 26 0
2
42 140 
2
8301 16 16 0
8300 14 18 0
2
40 42 
2
8301 10 16 0
8302 16 16 0
2
41 43 
2
8245 20 12 0
8246 18 14 0
2
42 77 
2
8303 16 16 0
8302 14 32 0
2
43 174 
2
8247 18 14 0
8246 20 32 0
2
42 78 
2
8304 16 16 0
8303 10 28 0
2
42 79 
2
8305 16 16 0
8304 2 20 0
2
42 80 
2
8306 16 16 0
8305 24 28 0
2
42 81 
2
8307 16 16 0
8306 6 6 0
2
42 82 
2
8308 16 16 0
8307 28 22 0
2
42 83 
2
8309 16 16 0
8308 10 4 0
2
42 84 
2
8310 16 16 0
8309 28 24 0
2
42 85 
2
8311 16 16 0
8310 30 20 0
2
42 88 
2
8312 16 16 0
8311 12 4 0
2
42 110 
2
8313 16 16 0
8312 6 20 0
2
42 127 
2
8314 16 16 0
8313 12 18 0
2
42 132 
2
8315 16 16 0
8314 8 16 0
2
42 133 
2
8316 16 16 0
8315 10 12 0
2
42 134 
2
8317 16 16 0
8316 16 30 0
2
42 135 
2
8318 16 16 0
8317 10 26 0
2
42 136 
2
8319 16 16 0
8318 16 26 0
2
42 137 
2
8320 16 16 0
8319 16 28 0
2
42 138 
2
8321 16 16 0
8320 10 20 0
2
42 139 
2
8322 16 16 0
8321 12 26 0
2
42 140 
2
8323 16 16 0
8322 14 18 0
2
20 40 
2
8301 14 16 0
8302 10 16 0
2
21 41 
2
8245 20 14 0
8246 20 12 0
2
38 40 
2
8302 4 16 0
8303 10 16 0
2
39 41 
2
8246 22 8 0
8247 20 12 0
2
245 42 
2
8323 34 32 0
8324 16 16 0
2
40 42 
2
8324 10 16 0
8325 16 16 0
2
245 42 
2
8326 34 32 0
8326 16 16 0
2
20 42 
2
8326 14 16 0
8327 16 16 0
2
244 42 
2
8328 34 34 0
8328 16 16 0
2
40 42 
2
8328 10 16 0
8329 16 16 0
2
246 42 
2
8329 34 30 0
8330 16 16 0
2
246 43 
2
8247 34 30 0
8248 18 14 0
2
41 43 
2
8248 20 12 0
8249 18 14 0
2
245 43 
2
8249 34 32 0
8250 18 14 0
2
21 43 
2
8250 20 14 0
8251 18 14 0
2
245 43 
2
8252 34 32 0
8252 18 14 0
2
41 43 
2
8252 20 12 0
8253 18 14 0
2
244 43 
2
8253 34 34 0
8254 18 14 0
2
42 78 
2
8331 16 16 0
8330 10 28 0
2
43 174 
2
8255 18 14 0
8254 20 32 0
2
42 79 
2
8332 16 16 0
8331 2 20 0
2
43 175 
2
8256 18 14 0
8255 6 8 0
2
42 80 
2
8333 16 16 0
8332 24 28 0
2
42 81 
2
8334 16 16 0
8333 6 6 0
2
42 82 
2
8335 16 16 0
8334 28 22 0
2
42 83 
2
8336 16 16 0
8335 10 4 0
2
42 84 
2
8337 16 16 0
8336 28 24 0
2
42 85 
2
8338 16 16 0
8337 30 20 0
2
42 88 
2
8339 16 16 0
8338 12 4 0
2
42 110 
2
8340 16 16 0
8339 6 20 0
2
42 127 
2
8341 16 16 0
8340 12 18 0
2
42 132 
2
8342 16 16 0
8341 8 16 0
2
42 133 
2
8343 16 16 0
8342 10 12 0
2
42 134 
2
8344 16 16 0
8343 16 30 0
2
42 135 
2
8345 16 16 0
8344 10 26 0
2
42 136 
2
8346 16 16 0
8345 16 26 0
2
42 137 
2
8347 16 16 0
8346 16 28 0
2
42 138 
2
8348 16 16 0
8347 10 20 0
2
42 139 
2
8349 16 16 0
8348 12 26 0
2
42 140 
2
8350 16 16 0
8349 14 18 0
2
42 141 
2
8351 16 16 0
8350 14 20 0
2
40 42 
2
8351 10 16 0
8352 16 16 0
2
41 43 
2
8256 20 12 0
8257 18 14 0
2
42 78 
2
8353 16 16 0
8352 10 28 0
2
43 177 
2
8258 18 14 0
8257 8 4 0
2
42 79 
2
8354 16 16 0
8353 2 20 0
2
42 80 
2
8355 16 16 0
8354 24 28 0
2
42 81 
2
8356 16 16 0
8355 6 6 0
2
42 82 
2
8357 16 16 0
8356 28 22 0
2
42 83 
2
8358 16 16 0
8357 10 4 0
2
42 84 
2
8359 16 16 0
8358 28 24 0
2
42 85 
2
8360 16 16 0
8359 30 20 0
2
42 88 
2
8361 16 16 0
8360 12 4 0
2
42 110 
2
8362 16 16 0
8361 6 20 0
2
42 127 
2
8363 16 16 0
8362 12 18 0
2
42 132 
2
8364 16 16 0
8363 8 16 0
2
42 133 
2
8365 16 16 0
8364 10 12 0
2
42 134 
2
8366 16 16 0
8365 16 30 0
2
42 135 
2
8367 16 16 0
8366 10 26 0
2
42 136 
2
8368 16 16 0
8367 16 26 0
2
42 137 
2
8369 16 16 0
8368 16 28 0
2
42 138 
2
8370 16 16 0
8369 10 20 0
2
42 139 
2
8371 16 16 0
8370 12 26 0
2
42 140 
2
8372 16 16 0
8371 14 18 0
2
42 141 
2
8373 16 16 0
8372 14 20 0
2
20 40 
2
8351 14 16 0
8352 10 16 0
2
21 41 
2
8256 20 14 0
8257 20 12 0
2
18 38 
2
8302 4 18 0
8303 4 16 0
2
19 39 
2
8246 20 8 0
8247 22 8 0
2
16 36 
2
8255 4 24 0
8256 4 22 0
2
17 37 
2
8223 26 4 0
8224 24 4 0
2
34 36 
2
8256 2 24 0
8257 4 22 0
2
35 37 
2
8224 28 2 0
8225 24 4 0
2
244 38 
2
8304 34 34 0
8304 4 16 0
2
36 38 
2
8304 4 22 0
8305 4 16 0
2
247 38 
2
8305 34 28 0
8306 4 16 0
2
16 38 
2
8306 4 24 0
8307 4 16 0
2
244 38 
2
8307 34 34 0
8308 4 16 0
2
36 38 
2
8308 4 22 0
8309 4 16 0
2
244 38 
2
8310 34 34 0
8310 4 16 0
2
247 39 
2
8247 34 28 0
8248 22 8 0
2
37 39 
2
8248 24 4 0
8249 22 8 0
2
246 39 
2
8250 34 30 0
8250 22 8 0
2
17 39 
2
8250 26 4 0
8251 22 8 0
2
247 39 
2
8251 34 28 0
8252 22 8 0
2
37 39 
2
8252 24 4 0
8253 22 8 0
2
246 39 
2
8253 34 30 0
8254 22 8 0
2
244 40 
2
8353 34 34 0
8353 10 16 0
2
38 40 
2
8353 4 16 0
8354 10 16 0
2
246 40 
2
8354 34 30 0
8355 10 16 0
2
18 40 
2
8355 4 18 0
8356 10 16 0
2
244 40 
2
8356 34 34 0
8357 10 16 0
2
38 40 
2
8357 4 16 0
8358 10 16 0
2
244 40 
2
8359 34 34 0
8359 10 16 0
2
246 41 
2
8257 34 30 0
8258 20 12 0
2
39 41 
2
8258 22 8 0
8259 20 12 0
2
246 41 
2
8260 34 30 0
8260 20 12 0
2
19 41 
2
8260 20 8 0
8261 20 12 0
2
249 41 
2
8261 34 24 0
8262 20 12 0
2
39 41 
2
8262 22 8 0
8263 20 12 0
2
246 41 
2
8263 34 30 0
8264 20 12 0
2
244 42 
2
8373 34 34 0
8374 16 16 0
2
40 42 
2
8374 10 16 0
8375 16 16 0
2
244 42 
2
8376 34 34 0
8376 16 16 0
2
20 42 
2
8376 14 16 0
8377 16 16 0
2
247 42 
2
8377 34 28 0
8378 16 16 0
2
40 42 
2
8378 10 16 0
8379 16 16 0
2
245 42 
2
8379 34 32 0
8380 16 16 0
2
247 43 
2
8258 34 28 0
8259 18 14 0
2
41 43 
2
8265 20 12 0
8264 18 14 0
2
247 43 
2
8264 34 28 0
8265 18 14 0
2
21 43 
2
8265 20 14 0
8266 18 14 0
2
244 43 
2
8266 34 34 0
8267 18 14 0
2
41 43 
2
8267 20 12 0
8268 18 14 0
2
245 43 
2
8268 34 32 0
8269 18 14 0
2
42 140 
2
8381 16 16 0
8380 14 18 0
2
43 176 
2
8270 18 14 0
8269 20 30 0
2
42 141 
2
8382 16 16 0
8381 14 20 0
2
42 142 
2
8383 16 16 0
8382 8 12 0
2
40 42 
2
8383 10 16 0
8384 16 16 0
2
41 43 
2
8270 20 12 0
8271 18 14 0
2
42 140 
2
8385 16 16 0
8384 14 18 0
2
43 176 
2
8272 18 14 0
8271 20 30 0
2
42 141 
2
8386 16 16 0
8385 14 20 0
2
43 177 
2
8273 18 14 0
8272 8 4 0
2
42 142 
2
8387 16 16 0
8386 8 12 0
2
20 40 
2
8383 14 16 0
8384 10 16 0
2
21 41 
2
8270 20 14 0
8271 20 12 0
2
38 40 
2
8384 4 16 0
8385 10 16 0
2
39 41 
2
8271 22 8 0
8272 20 12 0
2
244 42 
2
8388 34 34 0
8388 16 16 0
2
40 42 
2
8388 10 16 0
8389 16 16 0
2
245 42 
2
8390 34 32 0
8390 16 16 0
2
20 42 
2
8390 14 16 0
8391 16 16 0
2
246 42 
2
8392 34 30 0
8392 16 16 0
2
40 42 
2
8392 10 16 0
8393 16 16 0
2
244 42 
2
8394 34 34 0
8394 16 16 0
2
245 43 
2
8274 34 32 0
8274 18 14 0
2
41 43 
2
8274 20 12 0
8275 18 14 0
2
247 43 
2
8276 34 28 0
8276 18 14 0
2
21 43 
2
8276 20 14 0
8277 18 14 0
2
245 43 
2
8277 34 32 0
8278 18 14 0
2
41 43 
2
8278 20 12 0
8279 18 14 0
2
247 43 
2
8279 34 28 0
8280 18 14 0
2
42 141 
2
8395 16 16 0
8394 14 20 0
2
43 179 
2
8281 18 14 0
8280 30 22 0
2
42 142 
2
8396 16 16 0
8395 8 12 0
2
42 143 
2
8397 16 16 0
8396 22 24 0
2
40 42 
2
8397 10 16 0
8398 16 16 0
2
41 43 
2
8281 20 12 0
8282 18 14 0
2
42 141 
2
8399 16 16 0
8398 14 20 0
2
43 178 
2
8283 18 14 0
8282 10 2 0
2
42 142 
2
8400 16 16 0
8399 8 12 0
2
42 143 
2
8401 16 16 0
8400 22 24 0
2
20 40 
2
8397 14 16 0
8398 10 16 0
2
21 41 
2
8281 20 14 0
8282 20 12 0
2
18 38 
2
8384 4 18 0
8385 4 16 0
2
19 39 
2
8271 20 8 0
8272 22 8 0
2
36 38 
2
8385 4 22 0
8386 4 16 0
2
37 39 
2
8272 24 4 0
8273 22 8 0
2
246 40 
2
8398 34 30 0
8399 10 16 0
2
38 40 
2
8399 4 16 0
8400 10 16 0
2
246 40 
2
8401 34 30 0
8401 10 16 0
2
18 40 
2
8401 4 18 0
8402 10 16 0
2
244 40 
2
8403 34 34 0
8403 10 16 0
2
38 40 
2
8403 4 16 0
8404 10 16 0
2
247 40 
2
8404 34 28 0
8405 10 16 0
2
244 41 
2
8282 34 34 0
8283 20 12 0
2
39 41 
2
8283 22 8 0
8284 20 12 0
2
244 41 
2
8285 34 34 0
8285 20 12 0
2
19 41 
2
8285 20 8 0
8286 20 12 0
2
245 41 
2
8286 34 32 0
8287 20 12 0
2
39 41 
2
8287 22 8 0
8288 20 12 0
2
244 41 
2
8288 34 34 0
8289 20 12 0
2
247 42 
2
8401 34 28 0
8402 16 16 0
2
40 42 
2
8406 10 16 0
8405 16 16 0
2
244 42 
2
8406 34 34 0
8406 16 16 0
2
20 42 
2
8406 14 16 0
8407 16 16 0
2
245 42 
2
8407 34 32 0
8408 16 16 0
2
40 42 
2
8408 10 16 0
8409 16 16 0
2
245 42 
2
8410 34 32 0
8410 16 16 0
2
245 43 
2
8283 34 32 0
8284 18 14 0
2
41 43 
2
8290 20 12 0
8289 18 14 0
2
245 43 
2
8289 34 32 0
8290 18 14 0
2
21 43 
2
8290 20 14 0
8291 18 14 0
2
244 43 
2
8291 34 34 0
8292 18 14 0
2
41 43 
2
8292 20 12 0
8293 18 14 0
2
244 43 
2
8294 34 34 0
8294 18 14 0
2
42 140 
2
8411 16 16 0
8410 14 18 0
2
43 178 
2
8295 18 14 0
8294 10 2 0
2
42 141 
2
8412 16 16 0
8411 14 20 0
2
43 179 
2
8296 18 14 0
8295 30 22 0
2
42 142 
2
8413 16 16 0
8412 8 12 0
2
42 143 
2
8414 16 16 0
8413 22 24 0
2
42 144 
2
8415 16 16 0
8414 24 18 0
2
42 145 
2
8416 16 16 0
8415 22 10 0
2
42 146 
2
8417 16 16 0
8416 30 12 0
2
42 147 
2
8418 16 16 0
8417 4 8 0
2
42 148 
2
8419 16 16 0
8418 12 30 0
2
42 165 
2
8420 16 16 0
8419 4 20 0
2
42 187 
2
8421 16 16 0
8420 12 28 0
2
42 190 
2
8422 16 16 0
8421 26 16 0
2
42 192 
2
8423 16 16 0
8422 18 26 0
2
42 193 
2
8424 16 16 0
8423 6 16 0
2
42 194 
2
8425 16 16 0
8424 14 22 0
2
42 195 
2
8426 16 16 0
8425 10 22 0
2
42 196 
2
8427 16 16 0
8426 8 18 0
2
42 197 
2
8428 16 16 0
8427 16 22 0
2
42 198 
2
8429 16 16 0
8428 16 18 0
2
42 199 
2
8430 16 16 0
8429 14 28 0
2
42 200 
2
8431 16 16 0
8430 10 18 0
2
40 42 
2
8431 10 16 0
8432 16 16 0
2
41 43 
2
8296 20 12 0
8297 18 14 0
2
42 140 
2
8433 16 16 0
8432 14 18 0
2
43 181 
2
8298 18 14 0
8297 32 20 0
2
42 141 
2
8434 16 16 0
8433 14 20 0
2
42 142 
2
8435 16 16 0
8434 8 12 0
2
42 143 
2
8436 16 16 0
8435 22 24 0
2
42 144 
2
8437 16 16 0
8436 24 18 0
2
42 145 
2
8438 16 16 0
8437 22 10 0
2
42 146 
2
8439 16 16 0
8438 30 12 0
2
42 147 
2
8440 16 16 0
8439 4 8 0
2
42 148 
2
8441 16 16 0
8440 12 30 0
2
42 165 
2
8442 16 16 0
8441 4 20 0
2
42 187 
2
8443 16 16 0
8442 12 28 0
2
42 190 
2
8444 16 16 0
8443 26 16 0
2
42 192 
2
8445 16 16 0
8444 18 26 0
2
42 193 
2
8446 16 16 0
8445 6 16 0
2
42 194 
2
8447 16 16 0
8446 14 22 0
2
42 195 
2
8448 16 16 0
8447 10 22 0
2
42 196 
2
8449 16 16 0
8448 8 18 0
2
42 197 
2
8450 16 16 0
8449 16 22 0
2
42 198 
2
8451 16 16 0
8450 16 18 0
2
42 199 
2
8452 16 16 0
8451 14 28 0
2
42 200 
2
8453 16 16 0
8452 10 18 0
2
20 40 
2
8431 14 16 0
8432 10 16 0
2
21 41 
2
8296 20 14 0
8297 20 12 0
2
38 40 
2
8432 4 16 0
8433 10 16 0
2
39 41 
2
8297 22 8 0
8298 20 12 0
2
244 42 
2
8453 34 34 0
8454 16 16 0
2
40 42 
2
8454 10 16 0
8455 16 16 0
2
244 42 
2
8456 34 34 0
8456 16 16 0
2
20 42 
2
8456 14 16 0
8457 16 16 0
2
245 42 
2
8457 34 32 0
8458 16 16 0
2
40 42 
2
8458 10 16 0
8459 16 16 0
2
244 42 
2
8459 34 34 0
8460 16 16 0
2
244 43 
2
8298 34 34 0
8299 18 14 0
2
41 43 
2
8299 20 12 0
8300 18 14 0
2
244 43 
2
8301 34 34 0
8301 18 14 0
2
21 43 
2
8301 20 14 0
8302 18 14 0
2
246 43 
2
8302 34 30 0
8303 18 14 0
2
41 43 
2
8303 20 12 0
8304 18 14 0
2
245 43 
2
8304 34 32 0
8305 18 14 0
2
42 141 
2
8461 16 16 0
8460 14 20 0
2
43 180 
2
8306 18 14 0
8305 26 26 0
2
42 142 
2
8462 16 16 0
8461 8 12 0
2
42 143 
2
8463 16 16 0
8462 22 24 0
2
42 144 
2
8464 16 16 0
8463 24 18 0
2
42 145 
2
8465 16 16 0
8464 22 10 0
2
42 146 
2
8466 16 16 0
8465 30 12 0
2
42 147 
2
8467 16 16 0
8466 4 8 0
2
42 148 
2
8468 16 16 0
8467 12 30 0
2
42 165 
2
8469 16 16 0
8468 4 20 0
2
42 187 
2
8470 16 16 0
8469 12 28 0
2
42 190 
2
8471 16 16 0
8470 26 16 0
2
42 192 
2
8472 16 16 0
8471 18 26 0
2
42 193 
2
8473 16 16 0
8472 6 16 0
2
42 194 
2
8474 16 16 0
8473 14 22 0
2
42 195 
2
8475 16 16 0
8474 10 22 0
2
42 196 
2
8476 16 16 0
8475 8 18 0
2
42 197 
2
8477 16 16 0
8476 16 22 0
2
42 198 
2
8478 16 16 0
8477 16 18 0
2
42 199 
2
8479 16 16 0
8478 14 28 0
2
42 200 
2
8480 16 16 0
8479 10 18 0
2
42 201 
2
8481 16 16 0
8480 18 20 0
2
40 42 
2
8481 10 16 0
8482 16 16 0
2
41 43 
2
8306 20 12 0
8307 18 14 0
2
42 141 
2
8483 16 16 0
8482 14 20 0
2
43 180 
2
8308 18 14 0
8307 26 26 0
2
42 142 
2
8484 16 16 0
8483 8 12 0
2
43 181 
2
8309 18 14 0
8308 32 20 0
2
42 143 
2
8485 16 16 0
8484 22 24 0
2
42 144 
2
8486 16 16 0
8485 24 18 0
2
42 145 
2
8487 16 16 0
8486 22 10 0
2
42 146 
2
8488 16 16 0
8487 30 12 0
2
42 147 
2
8489 16 16 0
8488 4 8 0
2
42 148 
2
8490 16 16 0
8489 12 30 0
2
42 165 
2
8491 16 16 0
8490 4 20 0
2
42 187 
2
8492 16 16 0
8491 12 28 0
2
42 190 
2
8493 16 16 0
8492 26 16 0
2
42 192 
2
8494 16 16 0
8493 18 26 0
2
42 193 
2
8495 16 16 0
8494 6 16 0
2
42 194 
2
8496 16 16 0
8495 14 22 0
2
42 195 
2
8497 16 16 0
8496 10 22 0
2
42 196 
2
8498 16 16 0
8497 8 18 0
2
42 197 
2
8499 16 16 0
8498 16 22 0
2
42 198 
2
8500 16 16 0
8499 16 18 0
2
42 199 
2
8501 16 16 0
8500 14 28 0
2
42 200 
2
8502 16 16 0
8501 10 18 0
2
42 201 
2
8503 16 16 0
8502 18 20 0
2
20 40 
2
8481 14 16 0
8482 10 16 0
2
21 41 
2
8306 20 14 0
8307 20 12 0
2
18 38 
2
8432 4 18 0
8433 4 16 0
2
19 39 
2
8297 20 8 0
8298 22 8 0
2
16 36 
2
8385 4 24 0
8386 4 22 0
2
17 37 
2
8272 26 4 0
8273 24 4 0
2
14 34 
2
8256 4 26 0
8257 2 24 0
2
15 35 
2
8224 26 2 0
8225 28 2 0
2
12 32 
2
8015 2 26 0
8016 2 28 0
2
13 33 
2
7156 30 2 0
7157 32 2 0
2
10 30 
2
7496 6 28 0
7497 4 28 0
2
11 31 
2
6958 32 4 0
6959 32 6 0
2
8 28 
2
6509 6 30 0
6510 4 30 0
2
9 29 
2
6491 32 24 0
6492 32 26 0
2
6 26 
2
4500 6 32 0
4501 2 30 0
2
7 27 
2
4519 28 30 0
4520 32 28 0
2
4 24 
2
63 8 32 0
64 2 32 0
2
5 25 
2
63 26 32 0
64 30 30 0
2
22 24 
2
64 4 32 0
65 2 32 0
2
23 25 
2
64 32 30 0
65 30 30 0
2
246 26 
2
4502 34 30 0
4502 2 30 0
2
24 26 
2
4502 2 32 0
4503 2 30 0
2
248 26 
2
4503 34 26 0
4504 2 30 0
2
4 26 
2
4504 8 32 0
4505 2 30 0
2
247 26 
2
4505 34 28 0
4506 2 30 0
2
24 26 
2
4506 2 32 0
4507 2 30 0
2
245 26 
2
4508 34 32 0
4508 2 30 0
2
247 27 
2
4520 34 28 0
4521 32 28 0
2
25 27 
2
4521 30 30 0
4522 32 28 0
2
244 27 
2
4522 34 34 0
4523 32 28 0
2
5 27 
2
4523 26 32 0
4524 32 28 0
2
244 27 
2
4525 34 34 0
4525 32 28 0
2
25 27 
2
4525 30 30 0
4526 32 28 0
2
247 27 
2
4526 34 28 0
4527 32 28 0
2
246 28 
2
6510 34 30 0
6511 4 30 0
2
26 28 
2
6511 2 30 0
6512 4 30 0
2
245 28 
2
6513 34 32 0
6513 4 30 0
2
6 28 
2
6513 6 32 0
6514 4 30 0
2
244 28 
2
6515 34 34 0
6515 4 30 0
2
26 28 
2
6515 2 30 0
6516 4 30 0
2
247 28 
2
6516 34 28 0
6517 4 30 0
2
246 29 
2
6492 34 30 0
6493 32 26 0
2
27 29 
2
6493 32 28 0
6494 32 26 0
2
246 29 
2
6495 34 30 0
6495 32 26 0
2
7 29 
2
6495 28 30 0
6496 32 26 0
2
244 29 
2
6497 34 34 0
6497 32 26 0
2
27 29 
2
6497 32 28 0
6498 32 26 0
2
248 29 
2
6498 34 26 0
6499 32 26 0
2
244 30 
2
7497 34 34 0
7498 4 28 0
2
28 30 
2
7498 4 30 0
7499 4 28 0
2
244 30 
2
7500 34 34 0
7500 4 28 0
2
8 30 
2
7500 6 30 0
7501 4 28 0
2
245 30 
2
7501 34 32 0
7502 4 28 0
2
28 30 
2
7502 4 30 0
7503 4 28 0
2
244 30 
2
7503 34 34 0
7504 4 28 0
2
246 31 
2
6959 34 30 0
6960 32 6 0
2
29 31 
2
6960 32 26 0
6961 32 6 0
2
245 31 
2
6962 34 32 0
6962 32 6 0
2
9 31 
2
6962 32 24 0
6963 32 6 0
2
246 31 
2
6963 34 30 0
6964 32 6 0
2
29 31 
2
6964 32 26 0
6965 32 6 0
2
247 31 
2
6965 34 28 0
6966 32 6 0
2
244 32 
2
8016 34 34 0
8017 2 28 0
2
30 32 
2
8017 4 28 0
8018 2 28 0
2
244 32 
2
8019 34 34 0
8019 2 28 0
2
10 32 
2
8019 6 28 0
8020 2 28 0
2
245 32 
2
8020 34 32 0
8021 2 28 0
2
30 32 
2
8021 4 28 0
8022 2 28 0
2
244 32 
2
8022 34 34 0
8023 2 28 0
2
245 33 
2
7157 34 32 0
7158 32 2 0
2
31 33 
2
7158 32 6 0
7159 32 2 0
2
244 33 
2
7160 34 34 0
7160 32 2 0
2
11 33 
2
7160 32 4 0
7161 32 2 0
2
245 33 
2
7161 34 32 0
7162 32 2 0
2
31 33 
2
7162 32 6 0
7163 32 2 0
2
244 33 
2
7163 34 34 0
7164 32 2 0
2
245 34 
2
8257 34 32 0
8258 2 24 0
2
32 34 
2
8258 2 28 0
8259 2 24 0
2
245 34 
2
8260 34 32 0
8260 2 24 0
2
12 34 
2
8260 2 26 0
8261 2 24 0
2
248 34 
2
8261 34 26 0
8262 2 24 0
2
32 34 
2
8262 2 28 0
8263 2 24 0
2
245 34 
2
8263 34 32 0
8264 2 24 0
2
246 35 
2
8225 34 30 0
8226 28 2 0
2
33 35 
2
8226 32 2 0
8227 28 2 0
2
248 35 
2
8227 34 26 0
8228 28 2 0
2
13 35 
2
8228 30 2 0
8229 28 2 0
2
249 35 
2
8229 34 24 0
8230 28 2 0
2
33 35 
2
8230 32 2 0
8231 28 2 0
2
246 35 
2
8231 34 30 0
8232 28 2 0
2
245 36 
2
8387 34 32 0
8387 4 22 0
2
34 36 
2
8387 2 24 0
8388 4 22 0
2
246 36 
2
8389 34 30 0
8389 4 22 0
2
14 36 
2
8389 4 26 0
8390 4 22 0
2
244 36 
2
8391 34 34 0
8391 4 22 0
2
34 36 
2
8391 2 24 0
8392 4 22 0
2
245 36 
2
8393 34 32 0
8393 4 22 0
2
247 37 
2
8273 34 28 0
8274 24 4 0
2
35 37 
2
8274 28 2 0
8275 24 4 0
2
248 37 
2
8275 34 26 0
8276 24 4 0
2
15 37 
2
8276 26 2 0
8277 24 4 0
2
246 37 
2
8278 34 30 0
8278 24 4 0
2
35 37 
2
8278 28 2 0
8279 24 4 0
2
248 37 
2
8279 34 26 0
8280 24 4 0
2
244 38 
2
8433 34 34 0
8434 4 16 0
2
36 38 
2
8434 4 22 0
8435 4 16 0
2
244 38 
2
8436 34 34 0
8436 4 16 0
2
16 38 
2
8436 4 24 0
8437 4 16 0
2
245 38 
2
8437 34 32 0
8438 4 16 0
2
36 38 
2
8438 4 22 0
8439 4 16 0
2
244 38 
2
8439 34 34 0
8440 4 16 0
2
245 39 
2
8298 34 32 0
8299 22 8 0
2
37 39 
2
8299 24 4 0
8300 22 8 0
2
245 39 
2
8301 34 32 0
8301 22 8 0
2
17 39 
2
8301 26 4 0
8302 22 8 0
2
247 39 
2
8302 34 28 0
8303 22 8 0
2
37 39 
2
8303 24 4 0
8304 22 8 0
2
246 39 
2
8305 34 30 0
8305 22 8 0
2
244 40 
2
8482 34 34 0
8483 10 16 0
2
38 40 
2
8483 4 16 0
8484 10 16 0
2
244 40 
2
8485 34 34 0
8485 10 16 0
2
18 40 
2
8485 4 18 0
8486 10 16 0
2
245 40 
2
8486 34 32 0
8487 10 16 0
2
38 40 
2
8487 4 16 0
8488 10 16 0
2
244 40 
2
8488 34 34 0
8489 10 16 0
2
245 41 
2
8307 34 32 0
8308 20 12 0
2
39 41 
2
8308 22 8 0
8309 20 12 0
2
245 41 
2
8310 34 32 0
8310 20 12 0
2
19 41 
2
8310 20 8 0
8311 20 12 0
2
246 41 
2
8312 34 30 0
8312 20 12 0
2
39 41 
2
8312 22 8 0
8313 20 12 0
2
244 41 
2
8313 34 34 0
8314 20 12 0
2
244 42 
2
8503 34 34 0
8504 16 16 0
2
40 42 
2
8504 10 16 0
8505 16 16 0
2
244 42 
2
8506 34 34 0
8506 16 16 0
2
20 42 
2
8506 14 16 0
8507 16 16 0
2
245 42 
2
8507 34 32 0
8508 16 16 0
2
40 42 
2
8508 10 16 0
8509 16 16 0
2
244 42 
2
8509 34 34 0
8510 16 16 0
2
246 43 
2
8309 34 30 0
8310 18 14 0
2
41 43 
2
8315 20 12 0
8314 18 14 0
2
245 43 
2
8314 34 32 0
8315 18 14 0
2
21 43 
2
8315 20 14 0
8316 18 14 0
2
244 43 
2
8316 34 34 0
8317 18 14 0
2
41 43 
2
8317 20 12 0
8318 18 14 0
2
244 43 
2
8319 34 34 0
8319 18 14 0
2
42 200 
2
8511 16 16 0
8510 10 18 0
2
43 183 
2
8320 18 14 0
8319 2 8 0
2
42 201 
2
8512 16 16 0
8511 18 20 0
2
42 202 
2
8513 16 16 0
8512 14 14 0
2
40 42 
2
8513 10 16 0
8514 16 16 0
2
41 43 
2
8320 20 12 0
8321 18 14 0
2
42 200 
2
8515 16 16 0
8514 10 18 0
2
43 182 
2
8322 18 14 0
8321 32 10 0
2
42 201 
2
8516 16 16 0
8515 18 20 0
2
42 202 
2
8517 16 16 0
8516 14 14 0
2
20 40 
2
8513 14 16 0
8514 10 16 0
2
21 41 
2
8320 20 14 0
8321 20 12 0
2
38 40 
2
8514 4 16 0
8515 10 16 0
2
39 41 
2
8321 22 8 0
8322 20 12 0
2
244 42 
2
8517 34 34 0
8518 16 16 0
2
40 42 
2
8518 10 16 0
8519 16 16 0
2
244 42 
2
8520 34 34 0
8520 16 16 0
2
20 42 
2
8520 14 16 0
8521 16 16 0
2
245 42 
2
8521 34 32 0
8522 16 16 0
2
40 42 
2
8522 10 16 0
8523 16 16 0
2
244 42 
2
8523 34 34 0
8524 16 16 0
2
244 43 
2
8322 34 34 0
8323 18 14 0
2
41 43 
2
8323 20 12 0
8324 18 14 0
2
244 43 
2
8325 34 34 0
8325 18 14 0
2
21 43 
2
8325 20 14 0
8326 18 14 0
2
246 43 
2
8326 34 30 0
8327 18 14 0
2
41 43 
2
8327 20 12 0
8328 18 14 0
2
245 43 
2
8329 34 32 0
8329 18 14 0
2
42 201 
2
8525 16 16 0
8524 18 20 0
2
43 182 
2
8330 18 14 0
8329 32 10 0
2
42 202 
2
8526 16 16 0
8525 14 14 0
2
43 183 
2
8331 18 14 0
8330 2 8 0
2
42 203 
2
8527 16 16 0
8526 2 14 0
2
40 42 
2
8527 10 16 0
8528 16 16 0
2
41 43 
2
8331 20 12 0
8332 18 14 0
2
42 201 
2
8529 16 16 0
8528 18 20 0
2
43 185 
2
8333 18 14 0
8332 24 30 0
2
42 202 
2
8530 16 16 0
8529 14 14 0
2
42 203 
2
8531 16 16 0
8530 2 14 0
2
20 40 
2
8527 14 16 0
8528 10 16 0
2
21 41 
2
8331 20 14 0
8332 20 12 0
2
18 38 
2
8514 4 18 0
8515 4 16 0
2
19 39 
2
8321 20 8 0
8322 22 8 0
2
36 38 
2
8515 4 22 0
8516 4 16 0
2
37 39 
2
8322 24 4 0
8323 22 8 0
2
244 40 
2
8528 34 34 0
8529 10 16 0
2
38 40 
2
8529 4 16 0
8530 10 16 0
2
244 40 
2
8531 34 34 0
8531 10 16 0
2
18 40 
2
8531 4 18 0
8532 10 16 0
2
246 40 
2
8532 34 30 0
8533 10 16 0
2
38 40 
2
8533 4 16 0
8534 10 16 0
2
244 40 
2
8534 34 34 0
8535 10 16 0
2
244 41 
2
8332 34 34 0
8333 20 12 0
2
39 41 
2
8333 22 8 0
8334 20 12 0
2
244 41 
2
8335 34 34 0
8335 20 12 0
2
19 41 
2
8335 20 8 0
8336 20 12 0
2
245 41 
2
8336 34 32 0
8337 20 12 0
2
39 41 
2
8337 22 8 0
8338 20 12 0
2
244 41 
2
8338 34 34 0
8339 20 12 0
2
245 42 
2
8531 34 32 0
8532 16 16 0
2
40 42 
2
8536 10 16 0
8535 16 16 0
2
245 42 
2
8535 34 32 0
8536 16 16 0
2
20 42 
2
8536 14 16 0
8537 16 16 0
2
244 42 
2
8537 34 34 0
8538 16 16 0
2
40 42 
2
8538 10 16 0
8539 16 16 0
2
244 42 
2
8540 34 34 0
8540 16 16 0
2
245 43 
2
8333 34 32 0
8334 18 14 0
2
41 43 
2
8340 20 12 0
8339 18 14 0
2
245 43 
2
8339 34 32 0
8340 18 14 0
2
21 43 
2
8340 20 14 0
8341 18 14 0
2
244 43 
2
8341 34 34 0
8342 18 14 0
2
41 43 
2
8342 20 12 0
8343 18 14 0
2
244 43 
2
8344 34 34 0
8344 18 14 0
2
42 200 
2
8541 16 16 0
8540 10 18 0
2
43 184 
2
8345 18 14 0
8344 30 8 0
2
42 201 
2
8542 16 16 0
8541 18 20 0
2
42 202 
2
8543 16 16 0
8542 14 14 0
2
42 203 
2
8544 16 16 0
8543 2 14 0
2
42 204 
2
8545 16 16 0
8544 20 20 0
2
42 205 
2
8546 16 16 0
8545 18 10 0
2
42 206 
2
8547 16 16 0
8546 26 24 0
2
42 207 
2
8548 16 16 0
8547 4 10 0
2
42 208 
2
8549 16 16 0
8548 32 16 0
2
42 209 
2
8550 16 16 0
8549 2 18 0
2
42 210 
2
8551 16 16 0
8550 8 24 0
2
42 211 
2
8552 16 16 0
8551 6 18 0
2
42 212 
2
8553 16 16 0
8552 16 24 0
2
42 213 
2
8554 16 16 0
8553 16 32 0
2
42 214 
2
8555 16 16 0
8554 12 20 0
2
42 215 
2
8556 16 16 0
8555 18 16 0
2
42 216 
2
8557 16 16 0
8556 8 20 0
2
42 217 
2
8558 16 16 0
8557 14 26 0
2
42 218 
2
8559 16 16 0
8558 10 24 0
2
42 219 
2
8560 16 16 0
8559 24 24 0
2
42 220 
2
8561 16 16 0
8560 12 24 0
2
40 42 
2
8561 10 16 0
8562 16 16 0
2
41 43 
2
8345 20 12 0
8346 18 14 0
2
42 200 
2
8563 16 16 0
8562 10 18 0
2
43 184 
2
8347 18 14 0
8346 30 8 0
2
42 201 
2
8564 16 16 0
8563 18 20 0
2
43 185 
2
8348 18 14 0
8347 24 30 0
2
42 202 
2
8565 16 16 0
8564 14 14 0
2
42 203 
2
8566 16 16 0
8565 2 14 0
2
42 204 
2
8567 16 16 0
8566 20 20 0
2
42 205 
2
8568 16 16 0
8567 18 10 0
2
42 206 
2
8569 16 16 0
8568 26 24 0
2
42 207 
2
8570 16 16 0
8569 4 10 0
2
42 208 
2
8571 16 16 0
8570 32 16 0
2
42 209 
2
8572 16 16 0
8571 2 18 0
2
42 210 
2
8573 16 16 0
8572 8 24 0
2
42 211 
2
8574 16 16 0
8573 6 18 0
2
42 212 
2
8575 16 16 0
8574 16 24 0
2
42 213 
2
8576 16 16 0
8575 16 32 0
2
42 214 
2
8577 16 16 0
8576 12 20 0
2
42 215 
2
8578 16 16 0
8577 18 16 0
2
42 216 
2
8579 16 16 0
8578 8 20 0
2
42 217 
2
8580 16 16 0
8579 14 26 0
2
42 218 
2
8581 16 16 0
8580 10 24 0
2
42 219 
2
8582 16 16 0
8581 24 24 0
2
42 220 
2
8583 16 16 0
8582 12 24 0
2
20 40 
2
8561 14 16 0
8562 10 16 0
2
21 41 
2
8345 20 14 0
8346 20 12 0
2
38 40 
2
8562 4 16 0
8563 10 16 0
2
39 41 
2
8346 22 8 0
8347 20 12 0
2
244 42 
2
8583 34 34 0
8584 16 16 0
2
40 42 
2
8584 10 16 0
8585 16 16 0
2
244 42 
2
8586 34 34 0
8586 16 16 0
2
20 42 
2
8586 14 16 0
8587 16 16 0
2
245 42 
2
8587 34 32 0
8588 16 16 0
2
40 42 
2
8588 10 16 0
8589 16 16 0
2
244 42 
2
8589 34 34 0
8590 16 16 0
2
245 43 
2
8348 34 32 0
8349 18 14 0
2
41 43 
2
8349 20 12 0
8350 18 14 0
2
245 43 
2
8351 34 32 0
8351 18 14 0
2
21 43 
2
8351 20 14 0
8352 18 14 0
2
247 43 
2
8352 34 28 0
8353 18 14 0
2
41 43 
2
8353 20 12 0
8354 18 14 0
2
247 43 
2
8355 34 28 0
8355 18 14 0
2
42 201 
2
8591 16 16 0
8590 18 20 0
2
43 188 
2
8356 18 14 0
8355 30 6 0
2
42 202 
2
8592 16 16 0
8591 14 14 0
2
42 203 
2
8593 16 16 0
8592 2 14 0
2
42 204 
2
8594 16 16 0
8593 20 20 0
2
42 205 
2
8595 16 16 0
8594 18 10 0
2
42 206 
2
8596 16 16 0
8595 26 24 0
2
42 207 
2
8597 16 16 0
8596 4 10 0
2
42 208 
2
8598 16 16 0
8597 32 16 0
2
42 209 
2
8599 16 16 0
8598 2 18 0
2
42 210 
2
8600 16 16 0
8599 8 24 0
2
42 211 
2
8601 16 16 0
8600 6 18 0
2
42 212 
2
8602 16 16 0
8601 16 24 0
2
42 213 
2
8603 16 16 0
8602 16 32 0
2
42 214 
2
8604 16 16 0
8603 12 20 0
2
42 215 
2
8605 16 16 0
8604 18 16 0
2
42 216 
2
8606 16 16 0
8605 8 20 0
2
42 217 
2
8607 16 16 0
8606 14 26 0
2
42 218 
2
8608 16 16 0
8607 10 24 0
2
42 219 
2
8609 16 16 0
8608 24 24 0
2
42 220 
2
8610 16 16 0
8609 12 24 0
2
42 221 
2
8611 16 16 0
8610 6 22 0
2
40 42 
2
8611 10 16 0
8612 16 16 0
2
41 43 
2
8356 20 12 0
8357 18 14 0
2
42 201 
2
8613 16 16 0
8612 18 20 0
2
43 186 
2
8358 18 14 0
8357 28 6 0
2
42 202 
2
8614 16 16 0
8613 14 14 0
2
42 203 
2
8615 16 16 0
8614 2 14 0
2
42 204 
2
8616 16 16 0
8615 20 20 0
2
42 205 
2
8617 16 16 0
8616 18 10 0
2
42 206 
2
8618 16 16 0
8617 26 24 0
2
42 207 
2
8619 16 16 0
8618 4 10 0
2
42 208 
2
8620 16 16 0
8619 32 16 0
2
42 209 
2
8621 16 16 0
8620 2 18 0
2
42 210 
2
8622 16 16 0
8621 8 24 0
2
42 211 
2
8623 16 16 0
8622 6 18 0
2
42 212 
2
8624 16 16 0
8623 16 24 0
2
42 213 
2
8625 16 16 0
8624 16 32 0
2
42 214 
2
8626 16 16 0
8625 12 20 0
2
42 215 
2
8627 16 16 0
8626 18 16 0
2
42 216 
2
8628 16 16 0
8627 8 20 0
2
42 217 
2
8629 16 16 0
8628 14 26 0
2
42 218 
2
8630 16 16 0
8629 10 24 0
2
42 219 
2
8631 16 16 0
8630 24 24 0
2
42 220 
2
8632 16 16 0
8631 12 24 0
2
42 221 
2
8633 16 16 0
8632 6 22 0
2
20 40 
2
8611 14 16 0
8612 10 16 0
2
21 41 
2
8356 20 14 0
8357 20 12 0
2
18 38 
2
8562 4 18 0
8563 4 16 0
2
19 39 
2
8346 20 8 0
8347 22 8 0
2
16 36 
2
8515 4 24 0
8516 4 22 0
2
17 37 
2
8322 26 4 0
8323 24 4 0
2
34 36 
2
8516 2 24 0
8517 4 22 0
2
35 37 
2
8323 28 2 0
8324 24 4 0
2
244 38 
2
8563 34 34 0
8564 4 16 0
2
36 38 
2
8564 4 22 0
8565 4 16 0
2
244 38 
2
8566 34 34 0
8566 4 16 0
2
16 38 
2
8566 4 24 0
8567 4 16 0
2
245 38 
2
8567 34 32 0
8568 4 16 0
2
36 38 
2
8568 4 22 0
8569 4 16 0
2
244 38 
2
8569 34 34 0
8570 4 16 0
2
244 39 
2
8347 34 34 0
8348 22 8 0
2
37 39 
2
8348 24 4 0
8349 22 8 0
2
244 39 
2
8350 34 34 0
8350 22 8 0
2
17 39 
2
8350 26 4 0
8351 22 8 0
2
246 39 
2
8351 34 30 0
8352 22 8 0
2
37 39 
2
8352 24 4 0
8353 22 8 0
2
245 39 
2
8354 34 32 0
8354 22 8 0
2
244 40 
2
8612 34 34 0
8613 10 16 0
2
38 40 
2
8613 4 16 0
8614 10 16 0
2
244 40 
2
8615 34 34 0
8615 10 16 0
2
18 40 
2
8615 4 18 0
8616 10 16 0
2
245 40 
2
8616 34 32 0
8617 10 16 0
2
38 40 
2
8617 4 16 0
8618 10 16 0
2
244 40 
2
8618 34 34 0
8619 10 16 0
2
245 41 
2
8357 34 32 0
8358 20 12 0
2
39 41 
2
8358 22 8 0
8359 20 12 0
2
245 41 
2
8360 34 32 0
8360 20 12 0
2
19 41 
2
8360 20 8 0
8361 20 12 0
2
244 41 
2
8362 34 34 0
8362 20 12 0
2
39 41 
2
8362 22 8 0
8363 20 12 0
2
245 41 
2
8363 34 32 0
8364 20 12 0
2
244 42 
2
8633 34 34 0
8634 16 16 0
2
40 42 
2
8634 10 16 0
8635 16 16 0
2
244 42 
2
8636 34 34 0
8636 16 16 0
2
20 42 
2
8636 14 16 0
8637 16 16 0
2
245 42 
2
8637 34 32 0
8638 16 16 0
2
40 42 
2
8638 10 16 0
8639 16 16 0
2
244 42 
2
8639 34 34 0
8640 16 16 0
2
246 43 
2
8358 34 30 0
8359 18 14 0
2
41 43 
2
8365 20 12 0
8364 18 14 0
2
244 43 
2
8365 34 34 0
8365 18 14 0
2
21 43 
2
8365 20 14 0
8366 18 14 0
2
245 43 
2
8366 34 32 0
8367 18 14 0
2
41 43 
2
8367 20 12 0
8368 18 14 0
2
244 43 
2
8368 34 34 0
8369 18 14 0
2
42 220 
2
8641 16 16 0
8640 12 24 0
2
43 186 
2
8370 18 14 0
8369 28 6 0
2
42 221 
2
8642 16 16 0
8641 6 22 0
2
43 188 
2
8371 18 14 0
8370 30 6 0
2
42 222 
2
8643 16 16 0
8642 6 14 0
2
40 42 
2
8643 10 16 0
8644 16 16 0
2
41 43 
2
8371 20 12 0
8372 18 14 0
2
42 220 
2
8645 16 16 0
8644 12 24 0
2
43 191 
2
8373 18 14 0
8372 28 4 0
2
42 221 
2
8646 16 16 0
8645 6 22 0
2
42 222 
2
8647 16 16 0
8646 6 14 0
2
20 40 
2
8643 14 16 0
8644 10 16 0
2
21 41 
2
8371 20 14 0
8372 20 12 0
2
38 40 
2
8644 4 16 0
8645 10 16 0
2
39 41 
2
8372 22 8 0
8373 20 12 0
2
245 42 
2
8647 34 32 0
8648 16 16 0
2
40 42 
2
8648 10 16 0
8649 16 16 0
2
245 42 
2
8650 34 32 0
8650 16 16 0
2
20 42 
2
8650 14 16 0
8651 16 16 0
2
244 42 
2
8652 34 34 0
8652 16 16 0
2
40 42 
2
8652 10 16 0
8653 16 16 0
2
246 42 
2
8653 34 30 0
8654 16 16 0
2
245 43 
2
8373 34 32 0
8374 18 14 0
2
41 43 
2
8374 20 12 0
8375 18 14 0
2
245 43 
2
8376 34 32 0
8376 18 14 0
2
21 43 
2
8376 20 14 0
8377 18 14 0
2
248 43 
2
8377 34 26 0
8378 18 14 0
2
41 43 
2
8378 20 12 0
8379 18 14 0
2
246 43 
2
8380 34 30 0
8380 18 14 0
2
42 221 
2
8655 16 16 0
8654 6 22 0
2
43 189 
2
8381 18 14 0
8380 32 8 0
2
42 222 
2
8656 16 16 0
8655 6 14 0
2
42 223 
2
8657 16 16 0
8656 14 12 0
2
40 42 
2
8657 10 16 0
8658 16 16 0
2
41 43 
2
8381 20 12 0
8382 18 14 0
2
42 221 
2
8659 16 16 0
8658 6 22 0
2
43 189 
2
8383 18 14 0
8382 32 8 0
2
42 222 
2
8660 16 16 0
8659 6 14 0
2
43 191 
2
8384 18 14 0
8383 28 4 0
2
42 223 
2
8661 16 16 0
8660 14 12 0
2
20 40 
2
8657 14 16 0
8658 10 16 0
2
21 41 
2
8381 20 14 0
8382 20 12 0
2
18 38 
2
8644 4 18 0
8645 4 16 0
2
19 39 
2
8372 20 8 0
8373 22 8 0
2
36 38 
2
8645 4 22 0
8646 4 16 0
2
37 39 
2
8373 24 4 0
8374 22 8 0
2
244 40 
2
8658 34 34 0
8659 10 16 0
2
38 40 
2
8659 4 16 0
8660 10 16 0
2
244 40 
2
8661 34 34 0
8661 10 16 0
2
18 40 
2
8661 4 18 0
8662 10 16 0
2
246 40 
2
8662 34 30 0
8663 10 16 0
2
38 40 
2
8663 4 16 0
8664 10 16 0
2
244 40 
2
8664 34 34 0
8665 10 16 0
2
244 41 
2
8382 34 34 0
8383 20 12 0
2
39 41 
2
8383 22 8 0
8384 20 12 0
2
244 41 
2
8385 34 34 0
8385 20 12 0
2
19 41 
2
8385 20 8 0
8386 20 12 0
2
246 41 
2
8386 34 30 0
8387 20 12 0
2
39 41 
2
8387 22 8 0
8388 20 12 0
2
247 41 
2
8388 34 28 0
8389 20 12 0
2
245 42 
2
8661 34 32 0
8662 16 16 0
2
40 42 
2
8666 10 16 0
8665 16 16 0
2
245 42 
2
8665 34 32 0
8666 16 16 0
2
20 42 
2
8666 14 16 0
8667 16 16 0
2
244 42 
2
8667 34 34 0
8668 16 16 0
2
40 42 
2
8668 10 16 0
8669 16 16 0
2
244 42 
2
8670 34 34 0
8670 16 16 0
2
245 43 
2
8384 34 32 0
8385 18 14 0
2
41 43 
2
8390 20 12 0
8389 18 14 0
2
248 43 
2
8389 34 26 0
8390 18 14 0
2
21 43 
2
8390 20 14 0
8391 18 14 0
2
247 43 
2
8391 34 28 0
8392 18 14 0
2
41 43 
2
8392 20 12 0
8393 18 14 0
2
247 43 
2
8394 34 28 0
8394 18 14 0
2
42 220 
2
8671 16 16 0
8670 12 24 0
2
43 241 
2
8395 18 14 0
8394 32 22 0
2
42 221 
2
8672 16 16 0
8671 6 22 0
2
42 222 
2
8673 16 16 0
8672 6 14 0
2
42 223 
2
8674 16 16 0
8673 14 12 0
2
42 224 
2
8675 16 16 0
8674 24 12 0
2
42 225 
2
8676 16 16 0
8675 20 18 0
2
42 226 
2
8677 16 16 0
8676 18 32 0
2
42 227 
2
8678 16 16 0
8677 2 12 0
2
42 228 
2
8679 16 16 0
8678 12 2 0
2
42 229 
2
8680 16 16 0
8679 2 16 0
2
42 230 
2
8681 16 16 0
8680 10 8 0
2
42 231 
2
8682 16 16 0
8681 14 30 0
2
42 232 
2
8683 16 16 0
8682 26 22 0
2
42 233 
2
8684 16 16 0
8683 8 22 0
2
42 234 
2
8685 16 16 0
8684 12 22 0
2
42 235 
2
8686 16 16 0
8685 14 24 0
2
42 236 
2
8687 16 16 0
8686 8 10 0
2
42 237 
2
8688 16 16 0
8687 20 28 0
2
42 238 
2
8689 16 16 0
8688 14 10 0
2
42 239 
2
8690 16 16 0
8689 16 20 0
2
42 50 
2
8691 16 16 0
8690 4 12 0
2
40 42 
2
8691 10 16 0
8692 16 16 0
2
41 43 
2
8395 20 12 0
8396 18 14 0
2
42 220 
2
8693 16 16 0
8692 12 24 0
2
43 240 
2
8397 18 14 0
8396 6 4 0
2
42 221 
2
8694 16 16 0
8693 6 22 0
2
42 222 
2
8695 16 16 0
8694 6 14 0
2
42 223 
2
8696 16 16 0
8695 14 12 0
2
42 224 
2
8697 16 16 0
8696 24 12 0
2
42 225 
2
8698 16 16 0
8697 20 18 0
2
42 226 
2
8699 16 16 0
8698 18 32 0
2
42 227 
2
8700 16 16 0
8699 2 12 0
2
42 228 
2
8701 16 16 0
8700 12 2 0
2
42 229 
2
8702 16 16 0
8701 2 16 0
2
42 230 
2
8703 16 16 0
8702 10 8 0
2
42 231 
2
8704 16 16 0
8703 14 30 0
2
42 232 
2
8705 16 16 0
8704 26 22 0
2
42 233 
2
8706 16 16 0
8705 8 22 0
2
42 234 
2
8707 16 16 0
8706 12 22 0
2
42 235 
2
8708 16 16 0
8707 14 24 0
2
42 236 
2
8709 16 16 0
8708 8 10 0
2
42 237 
2
8710 16 16 0
8709 20 28 0
2
42 238 
2
8711 16 16 0
8710 14 10 0
2
42 239 
2
8712 16 16 0
8711 16 20 0
2
42 50 
2
8713 16 16 0
8712 4 12 0
2
20 40 
2
8691 14 16 0
8692 10 16 0
2
21 41 
2
8395 20 14 0
8396 20 12 0
2
38 40 
2
8692 4 16 0
8693 10 16 0
2
39 41 
2
8396 22 8 0
8397 20 12 0
2
244 42 
2
8713 34 34 0
8714 16 16 0
2
40 42 
2
8714 10 16 0
8715 16 16 0
2
244 42 
2
8716 34 34 0
8716 16 16 0
2
20 42 
2
8716 14 16 0
8717 16 16 0
2
245 42 
2
8717 34 32 0
8718 16 16 0
2
40 42 
2
8718 10 16 0
8719 16 16 0
2
244 42 
2
8719 34 34 0
8720 16 16 0
2
244 43 
2
8397 34 34 0
8398 18 14 0
2
41 43 
2
8398 20 12 0
8399 18 14 0
2
244 43 
2
8400 34 34 0
8400 18 14 0
2
21 43 
2
8400 20 14 0
8401 18 14 0
2
248 43 
2
8401 34 26 0
8402 18 14 0
2
41 43 
2
8402 20 12 0
8403 18 14 0
2
245 43 
2
8403 34 32 0
8404 18 14 0
2
42 221 
2
8721 16 16 0
8720 6 22 0
2
43 240 
2
8405 18 14 0
8404 6 4 0
2
42 222 
2
8722 16 16 0
8721 6 14 0
2
43 241 
2
8406 18 14 0
8405 32 22 0
2
42 223 
2
8723 16 16 0
8722 14 12 0
2
42 224 
2
8724 16 16 0
8723 24 12 0
2
42 225 
2
8725 16 16 0
8724 20 18 0
2
42 226 
2
8726 16 16 0
8725 18 32 0
2
42 227 
2
8727 16 16 0
8726 2 12 0
2
42 228 
2
8728 16 16 0
8727 12 2 0
2
42 229 
2
8729 16 16 0
8728 2 16 0
2
42 230 
2
8730 16 16 0
8729 10 8 0
2
42 231 
2
8731 16 16 0
8730 14 30 0
2
42 232 
2
8732 16 16 0
8731 26 22 0
2
42 233 
2
8733 16 16 0
8732 8 22 0
2
42 234 
2
8734 16 16 0
8733 12 22 0
2
42 235 
2
8735 16 16 0
8734 14 24 0
2
42 236 
2
8736 16 16 0
8735 8 10 0
2
42 237 
2
8737 16 16 0
8736 20 28 0
2
42 238 
2
8738 16 16 0
8737 14 10 0
2
42 239 
2
8739 16 16 0
8738 16 20 0
2
42 50 
2
8740 16 16 0
8739 4 12 0
2
42 45 
2
8741 16 16 0
8740 16 2 0
2
40 42 
2
8741 10 16 0
8742 16 16 0
2
41 43 
2
8406 20 12 0
8407 18 14 0
2
42 221 
2
8743 16 16 0
8742 6 22 0
2
43 243 
2
8408 18 14 0
8407 26 28 0
2
42 222 
2
8744 16 16 0
8743 6 14 0
2
42 223 
2
8745 16 16 0
8744 14 12 0
2
42 224 
2
8746 16 16 0
8745 24 12 0
2
42 225 
2
8747 16 16 0
8746 20 18 0
2
42 226 
2
8748 16 16 0
8747 18 32 0
2
42 227 
2
8749 16 16 0
8748 2 12 0
2
42 228 
2
8750 16 16 0
8749 12 2 0
2
42 229 
2
8751 16 16 0
8750 2 16 0
2
42 230 
2
8752 16 16 0
8751 10 8 0
2
42 231 
2
8753 16 16 0
8752 14 30 0
2
42 232 
2
8754 16 16 0
8753 26 22 0
2
42 233 
2
8755 16 16 0
8754 8 22 0
2
42 234 
2
8756 16 16 0
8755 12 22 0
2
42 235 
2
8757 16 16 0
8756 14 24 0
2
42 236 
2
8758 16 16 0
8757 8 10 0
2
42 237 
2
8759 16 16 0
8758 20 28 0
2
42 238 
2
8760 16 16 0
8759 14 10 0
2
42 239 
2
8761 16 16 0
8760 16 20 0
2
42 50 
2
8762 16 16 0
8761 4 12 0
2
42 45 
2
8763 16 16 0
8762 16 2 0
2
20 40 
2
8741 14 16 0
8742 10 16 0
2
21 41 
2
8406 20 14 0
8407 20 12 0
2
18 38 
2
8692 4 18 0
8693 4 16 0
2
19 39 
2
8396 20 8 0
8397 22 8 0
2
16 36 
2
8645 4 24 0
8646 4 22 0
2
17 37 
2
8373 26 4 0
8374 24 4 0
2
14 34 
2
8516 4 26 0
8517 2 24 0
2
15 35 
2
8323 26 2 0
8324 28 2 0
2
32 34 
2
8517 2 28 0
8518 2 24 0
2
33 35 
2
8324 32 2 0
8325 28 2 0
2
244 36 
2
8646 34 34 0
8647 4 22 0
2
34 36 
2
8647 2 24 0
8648 4 22 0
2
244 36 
2
8649 34 34 0
8649 4 22 0
2
14 36 
2
8649 4 26 0
8650 4 22 0
2
246 36 
2
8650 34 30 0
8651 4 22 0
2
34 36 
2
8651 2 24 0
8652 4 22 0
2
245 36 
2
8653 34 32 0
8653 4 22 0
2
246 37 
2
8374 34 30 0
8375 24 4 0
2
35 37 
2
8375 28 2 0
8376 24 4 0
2
246 37 
2
8377 34 30 0
8377 24 4 0
2
15 37 
2
8377 26 2 0
8378 24 4 0
2
244 37 
2
8379 34 34 0
8379 24 4 0
2
35 37 
2
8379 28 2 0
8380 24 4 0
2
247 37 
2
8380 34 28 0
8381 24 4 0
2
244 38 
2
8693 34 34 0
8694 4 16 0
2
36 38 
2
8694 4 22 0
8695 4 16 0
2
244 38 
2
8696 34 34 0
8696 4 16 0
2
16 38 
2
8696 4 24 0
8697 4 16 0
2
245 38 
2
8697 34 32 0
8698 4 16 0
2
36 38 
2
8698 4 22 0
8699 4 16 0
2
244 38 
2
8699 34 34 0
8700 4 16 0
2
245 39 
2
8397 34 32 0
8398 22 8 0
2
37 39 
2
8398 24 4 0
8399 22 8 0
2
245 39 
2
8400 34 32 0
8400 22 8 0
2
17 39 
2
8400 26 4 0
8401 22 8 0
2
249 39 
2
8401 34 24 0
8402 22 8 0
2
37 39 
2
8402 24 4 0
8403 22 8 0
2
246 39 
2
8404 34 30 0
8404 22 8 0
2
244 40 
2
8742 34 34 0
8743 10 16 0
2
38 40 
2
8743 4 16 0
8744 10 16 0
2
244 40 
2
8745 34 34 0
8745 10 16 0
2
18 40 
2
8745 4 18 0
8746 10 16 0
2
245 40 
2
8746 34 32 0
8747 10 16 0
2
38 40 
2
8747 4 16 0
8748 10 16 0
2
244 40 
2
8748 34 34 0
8749 10 16 0
2
246 41 
2
8407 34 30 0
8408 20 12 0
2
39 41 
2
8408 22 8 0
8409 20 12 0
2
246 41 
2
8410 34 30 0
8410 20 12 0
2
19 41 
2
8410 20 8 0
8411 20 12 0
2
244 41 
2
8412 34 34 0
8412 20 12 0
2
39 41 
2
8412 22 8 0
8413 20 12 0
2
245 41 
2
8413 34 32 0
8414 20 12 0
2
244 42 
2
8763 34 34 0
8764 16 16 0
2
40 42 
2
8764 10 16 0
8765 16 16 0
2
244 42 
2
8766 34 34 0
8766 16 16 0
2
20 42 
2
8766 14 16 0
8767 16 16 0
2
245 42 
2
8767 34 32 0
8768 16 16 0
2
40 42 
2
8768 10 16 0
8769 16 16 0
2
244 42 
2
8769 34 34 0
8770 16 16 0
2
244 43 
2
8409 34 34 0
8409 18 14 0
2
41 43 
2
8415 20 12 0
8414 18 14 0
2
244 43 
2
8415 34 34 0
8415 18 14 0
2
21 43 
2
8415 20 14 0
8416 18 14 0
2
245 43 
2
8416 34 32 0
8417 18 14 0
2
41 43 
2
8417 20 12 0
8418 18 14 0
2
244 43 
2
8418 34 34 0
8419 18 14 0
2
42 50 
2
8771 16 16 0
8770 4 12 0
2
43 242 
2
8420 18 14 0
8419 4 6 0
2
42 45 
2
8772 16 16 0
8771 16 2 0
2
42 47 
2
8773 16 16 0
8772 26 12 0
2
40 42 
2
8773 10 16 0
8774 16 16 0
2
41 43 
2
8420 20 12 0
8421 18 14 0
2
42 50 
2
8775 16 16 0
8774 4 12 0
2
43 242 
2
8422 18 14 0
8421 4 6 0
2
42 45 
2
8776 16 16 0
8775 16 2 0
2
43 243 
2
8423 18 14 0
8422 26 28 0
2
42 47 
2
8777 16 16 0
8776 26 12 0
2
20 40 
2
8773 14 16 0
8774 10 16 0
2
21 41 
2
8420 20 14 0
8421 20 12 0
2
18 38 
2
8747 4 18 0
8748 4 16 0
2
19 39 
2
8412 20 8 0
8413 22 8 0
2
16 36 
2
8698 4 24 0
8699 4 22 0
2
17 37 
2
8402 26 4 0
8403 24 4 0
2
14 34 
2
8651 4 26 0
8652 2 24 0
2
15 35 
2
8379 26 2 0
8380 28 2 0
2
12 32 
2
8517 2 26 0
8518 2 28 0
2
13 33 
2
8324 30 2 0
8325 32 2 0
2
10 30 
2
8021 6 28 0
8022 4 28 0
2
11 31 
2
7162 32 4 0
7163 32 6 0
2
8 28 
2
7502 6 30 0
7503 4 30 0
2
9 29 
2
6964 32 24 0
6965 32 26 0
2
6 26 
2
6515 6 32 0
6516 2 30 0
2
7 27 
2
6497 28 30 0
6498 32 28 0
2
4 24 
2
4506 8 32 0
4507 2 32 0
2
5 25 
2
4525 26 32 0
4526 30 30 0
2
2 22 
2
64 24 32 0
65 4 32 0
2
3 23 
2
64 26 30 0
65 32 30 0
2
1 23 
2
65 30 32 0
66 32 30 0
2
0 22 
2
65 10 32 0
66 4 32 0
2
0 1 
2
66 10 32 0
66 30 32 0
2
2 3 
2
65 24 32 0
65 26 30 0
2
4 5 
2
4525 8 32 0
4526 26 32 0
2
6 7 
2
6516 6 32 0
6515 28 30 0
2
8 9 
2
7503 6 30 0
7502 32 24 0
2
10 11 
2
8022 6 28 0
8021 32 4 0
2
12 13 
2
8518 2 26 0
8517 30 2 0
2
14 15 
2
8652 4 26 0
8651 26 2 0
2
16 17 
2
8699 4 24 0
8698 26 4 0
2
18 19 
2
8748 4 18 0
8747 20 8 0
2
20 21 
2
8774 14 16 0
8773 20 14 0
