35 35 1
244 68
10 32 0
30 32 0
24 32 0
26 30 0
8 32 0
26 32 0
6 32 0
28 30 0
6 30 0
32 24 0
6 28 0
32 4 0
2 26 0
30 2 0
4 26 0
26 2 0
4 24 0
26 4 0
4 18 0
20 8 0
14 16 0
20 14 0
4 32 0
32 30 0
2 32 0
30 30 0
2 30 0
32 28 0
4 30 0
32 26 0
4 28 0
32 6 0
2 28 0
32 2 0
2 24 0
28 2 0
4 22 0
24 4 0
4 16 0
22 8 0
10 16 0
20 12 0
16 16 0
18 14 0
30 26 0
16 2 0
28 26 0
26 12 0
22 32 0
32 14 0
4 12 0
12 32 0
18 4 0
18 8 0
24 6 0
24 2 0
32 18 0
22 28 0
10 10 0
28 16 0
16 8 0
18 30 0
20 24 0
16 12 0
16 6 0
10 6 0
18 22 0
18 28 0
18 12 0
6 26 0
8 2 0
8 28 0
8 30 0
2 22 0
8 26 0
10 30 0
6 24 0
14 32 0
10 28 0
2 20 0
24 28 0
6 6 0
28 22 0
10 4 0
28 24 0
30 20 0
6 10 0
22 14 0
12 4 0
24 14 0
20 10 0
28 8 0
32 12 0
20 2 0
8 6 0
6 12 0
16 4 0
12 14 0
22 16 0
18 24 0
12 10 0
18 18 0
14 8 0
14 6 0
22 26 0
20 16 0
24 20 0
30 16 0
28 10 0
26 10 0
6 20 0
18 6 0
30 14 0
22 4 0
30 10 0
2 10 0
8 8 0
12 8 0
12 12 0
22 18 0
28 20 0
8 14 0
12 6 0
22 20 0
20 26 0
12 16 0
16 10 0
12 18 0
16 14 0
28 12 0
22 6 0
28 14 0
8 16 0
10 12 0
16 30 0
10 26 0
16 26 0
16 28 0
10 20 0
12 26 0
14 18 0
14 20 0
8 12 0
22 24 0
24 18 0
22 10 0
30 12 0
4 8 0
12 30 0
20 6 0
24 8 0
22 2 0
22 30 0
24 26 0
28 18 0
22 22 0
26 18 0
24 16 0
4 14 0
14 4 0
10 14 0
14 2 0
30 18 0
24 22 0
26 20 0
4 20 0
20 22 0
22 12 0
24 10 0
18 2 0
26 14 0
20 4 0
26 8 0
26 6 0
20 32 0
6 8 0
20 30 0
8 4 0
10 2 0
30 22 0
26 26 0
32 20 0
32 10 0
2 8 0
30 8 0
24 30 0
28 6 0
12 28 0
30 6 0
32 8 0
26 16 0
28 4 0
18 26 0
6 16 0
14 22 0
10 22 0
8 18 0
16 22 0
16 18 0
14 28 0
10 18 0
18 20 0
14 14 0
2 14 0
20 20 0
18 10 0
26 24 0
4 10 0
32 16 0
2 18 0
8 24 0
6 18 0
16 24 0
16 32 0
12 20 0
18 16 0
8 20 0
14 26 0
10 24 0
24 24 0
12 24 0
6 22 0
6 14 0
14 12 0
24 12 0
20 18 0
18 32 0
2 12 0
12 2 0
2 16 0
10 8 0
14 30 0
26 22 0
8 22 0
12 22 0
14 24 0
8 10 0
20 28 0
14 10 0
16 20 0
6 4 0
32 22 0
4 6 0
26 28 0
34 34 0
34 32 0
34 30 0
34 28 0
34 26 0
34 24 0
34 22 0
34 20 0
34 18 0
34 16 0
34 14 0
34 12 0
34 10 0
34 8 0
34 6 0
34 4 0
34 2 0
34 0 0
32 34 0
32 0 0
30 34 0
30 0 0
28 34 0
28 0 0
26 34 0
26 0 0
24 34 0
24 0 0
22 34 0
22 0 0
20 34 0
20 0 0
18 34 0
18 0 0
16 34 0
16 0 0
14 34 0
14 0 0
12 34 0
12 0 0
10 34 0
10 0 0
8 34 0
8 0 0
6 34 0
6 0 0
4 34 0
4 0 0
2 34 0
2 0 0
0 34 0
0 32 0
0 30 0
0 28 0
0 26 0
0 24 0
0 22 0
0 20 0
0 18 0
0 16 0
0 14 0
0 12 0
0 10 0
0 8 0
0 6 0
0 4 0
0 2 0
0 0 0
19460 8525
2
0 1 
2
0 10 32 0
0 30 32 0
2
2 3 
2
0 24 32 0
0 26 30 0
2
4 5 
2
0 8 32 0
0 26 32 0
2
6 7 
2
0 6 32 0
0 28 30 0
2
8 9 
2
0 6 30 0
0 32 24 0
2
10 11 
2
0 6 28 0
0 32 4 0
2
12 13 
2
0 2 26 0
0 30 2 0
2
14 15 
2
0 4 26 0
0 26 2 0
2
16 17 
2
0 4 24 0
0 26 4 0
2
18 19 
2
0 4 18 0
0 20 8 0
2
20 21 
2
0 14 16 0
0 20 14 0
2
0 22 
2
1 10 32 0
0 4 32 0
2
1 23 
2
1 30 32 0
0 32 30 0
2
244 24 
2
2 34 34 0
0 2 32 0
2
22 24 
2
1 4 32 0
1 2 32 0
2
264 24 
2
2 30 34 0
2 2 32 0
2
2 24 
2
1 24 32 0
3 2 32 0
2
266 24 
2
2 28 34 0
4 2 32 0
2
22 24 
2
2 4 32 0
5 2 32 0
2
268 24 
2
2 26 34 0
6 2 32 0
2
245 25 
2
2 34 32 0
0 30 30 0
2
23 25 
2
1 32 30 0
1 30 30 0
2
265 25 
2
2 30 0 0
2 30 30 0
2
3 25 
2
1 26 30 0
3 30 30 0
2
267 25 
2
2 28 0 0
4 30 30 0
2
23 25 
2
2 32 30 0
5 30 30 0
2
269 25 
2
2 26 0 0
6 30 30 0
2
246 26 
2
2 34 30 0
0 2 30 0
2
24 26 
2
7 2 32 0
1 2 30 0
2
270 26 
2
2 24 34 0
2 2 30 0
2
4 26 
2
1 8 32 0
3 2 30 0
2
271 26 
2
2 24 0 0
4 2 30 0
2
24 26 
2
8 2 32 0
5 2 30 0
2
274 26 
2
2 20 34 0
6 2 30 0
2
247 27 
2
2 34 28 0
0 32 28 0
2
25 27 
2
7 30 30 0
1 32 28 0
2
272 27 
2
2 22 34 0
2 32 28 0
2
5 27 
2
1 26 32 0
3 32 28 0
2
273 27 
2
2 22 0 0
4 32 28 0
2
25 27 
2
8 30 30 0
5 32 28 0
2
277 27 
2
2 18 0 0
6 32 28 0
2
248 28 
2
2 34 26 0
0 4 30 0
2
26 28 
2
7 2 30 0
1 4 30 0
2
275 28 
2
2 20 0 0
2 4 30 0
2
6 28 
2
1 6 32 0
3 4 30 0
2
276 28 
2
2 18 34 0
4 4 30 0
2
26 28 
2
8 2 30 0
5 4 30 0
2
280 28 
2
2 14 34 0
6 4 30 0
2
249 29 
2
2 34 24 0
0 32 26 0
2
27 29 
2
7 32 28 0
1 32 26 0
2
278 29 
2
2 16 34 0
2 32 26 0
2
7 29 
2
1 28 30 0
3 32 26 0
2
279 29 
2
2 16 0 0
4 32 26 0
2
27 29 
2
8 32 28 0
5 32 26 0
2
283 29 
2
2 12 0 0
6 32 26 0
2
250 30 
2
2 34 22 0
0 4 28 0
2
28 30 
2
7 4 30 0
1 4 28 0
2
281 30 
2
2 14 0 0
2 4 28 0
2
8 30 
2
1 6 30 0
3 4 28 0
2
282 30 
2
2 12 34 0
4 4 28 0
2
28 30 
2
8 4 30 0
5 4 28 0
2
286 30 
2
2 8 34 0
6 4 28 0
2
251 31 
2
2 34 20 0
0 32 6 0
2
29 31 
2
7 32 26 0
1 32 6 0
2
284 31 
2
2 10 34 0
2 32 6 0
2
9 31 
2
1 32 24 0
3 32 6 0
2
285 31 
2
2 10 0 0
4 32 6 0
2
29 31 
2
8 32 26 0
5 32 6 0
2
289 31 
2
2 6 0 0
6 32 6 0
2
252 32 
2
2 34 18 0
0 2 28 0
2
30 32 
2
7 4 28 0
1 2 28 0
2
287 32 
2
2 8 0 0
2 2 28 0
2
10 32 
2
1 6 28 0
3 2 28 0
2
288 32 
2
2 6 34 0
4 2 28 0
2
30 32 
2
8 4 28 0
5 2 28 0
2
292 32 
2
2 2 34 0
6 2 28 0
2
253 33 
2
2 34 16 0
0 32 2 0
2
31 33 
2
7 32 6 0
1 32 2 0
2
290 33 
2
2 4 34 0
2 32 2 0
2
11 33 
2
1 32 4 0
3 32 2 0
2
291 33 
2
2 4 0 0
4 32 2 0
2
31 33 
2
8 32 6 0
5 32 2 0
2
295 33 
2
2 0 32 0
6 32 2 0
2
254 34 
2
2 34 14 0
0 2 24 0
2
32 34 
2
7 2 28 0
1 2 24 0
2
293 34 
2
2 2 0 0
2 2 24 0
2
12 34 
2
1 2 26 0
3 2 24 0
2
294 34 
2
2 0 34 0
4 2 24 0
2
32 34 
2
8 2 28 0
5 2 24 0
2
298 34 
2
2 0 26 0
6 2 24 0
2
255 35 
2
2 34 12 0
0 28 2 0
2
33 35 
2
7 32 2 0
1 28 2 0
2
296 35 
2
2 0 30 0
2 28 2 0
2
13 35 
2
1 30 2 0
3 28 2 0
2
297 35 
2
2 0 28 0
4 28 2 0
2
33 35 
2
8 32 2 0
5 28 2 0
2
301 35 
2
2 0 20 0
6 28 2 0
2
256 36 
2
2 34 10 0
0 4 22 0
2
34 36 
2
7 2 24 0
1 4 22 0
2
299 36 
2
2 0 24 0
2 4 22 0
2
14 36 
2
1 4 26 0
3 4 22 0
2
300 36 
2
2 0 22 0
4 4 22 0
2
34 36 
2
8 2 24 0
5 4 22 0
2
304 36 
2
2 0 14 0
6 4 22 0
2
257 37 
2
2 34 8 0
0 24 4 0
2
35 37 
2
7 28 2 0
1 24 4 0
2
302 37 
2
2 0 18 0
2 24 4 0
2
15 37 
2
1 26 2 0
3 24 4 0
2
303 37 
2
2 0 16 0
4 24 4 0
2
35 37 
2
8 28 2 0
5 24 4 0
2
307 37 
2
2 0 8 0
6 24 4 0
2
258 38 
2
2 34 6 0
0 4 16 0
2
36 38 
2
7 4 22 0
1 4 16 0
2
305 38 
2
2 0 12 0
2 4 16 0
2
16 38 
2
1 4 24 0
3 4 16 0
2
306 38 
2
2 0 10 0
4 4 16 0
2
36 38 
2
8 4 22 0
5 4 16 0
2
310 38 
2
2 0 2 0
6 4 16 0
2
259 39 
2
2 34 4 0
0 22 8 0
2
37 39 
2
7 24 4 0
1 22 8 0
2
308 39 
2
2 0 6 0
2 22 8 0
2
17 39 
2
1 26 4 0
3 22 8 0
2
309 39 
2
2 0 4 0
4 22 8 0
2
37 39 
2
8 24 4 0
5 22 8 0
2
245 39 
2
5 34 32 0
6 22 8 0
2
260 40 
2
2 34 2 0
0 10 16 0
2
38 40 
2
7 4 16 0
1 10 16 0
2
311 40 
2
2 0 0 0
2 10 16 0
2
18 40 
2
1 4 18 0
3 10 16 0
2
244 40 
2
5 34 34 0
4 10 16 0
2
38 40 
2
8 4 16 0
5 10 16 0
2
248 40 
2
5 34 26 0
6 10 16 0
2
261 41 
2
2 34 0 0
0 20 12 0
2
39 41 
2
7 22 8 0
1 20 12 0
2
246 41 
2
5 34 30 0
2 20 12 0
2
19 41 
2
1 20 8 0
3 20 12 0
2
247 41 
2
5 34 28 0
4 20 12 0
2
39 41 
2
8 22 8 0
5 20 12 0
2
251 41 
2
5 34 20 0
6 20 12 0
2
262 42 
2
2 32 34 0
0 16 16 0
2
40 42 
2
7 10 16 0
1 16 16 0
2
249 42 
2
5 34 24 0
2 16 16 0
2
20 42 
2
1 14 16 0
3 16 16 0
2
250 42 
2
5 34 22 0
4 16 16 0
2
40 42 
2
8 10 16 0
5 16 16 0
2
254 42 
2
5 34 14 0
6 16 16 0
2
263 43 
2
2 32 0 0
0 18 14 0
2
41 43 
2
7 20 12 0
1 18 14 0
2
252 43 
2
5 34 18 0
2 18 14 0
2
21 43 
2
1 20 14 0
3 18 14 0
2
253 43 
2
5 34 16 0
4 18 14 0
2
41 43 
2
8 20 12 0
5 18 14 0
2
255 43 
2
5 34 12 0
6 18 14 0
2
42 44 
2
7 16 16 0
0 30 26 0
2
43 45 
2
7 18 14 0
0 16 2 0
2
42 46 
2
8 16 16 0
0 28 26 0
2
43 47 
2
8 18 14 0
0 26 12 0
2
42 48 
2
9 16 16 0
0 22 32 0
2
43 49 
2
9 18 14 0
0 32 14 0
2
40 42 
2
9 10 16 0
10 16 16 0
2
41 43 
2
9 20 12 0
10 18 14 0
2
42 44 
2
11 16 16 0
1 30 26 0
2
43 45 
2
11 18 14 0
1 16 2 0
2
42 46 
2
12 16 16 0
1 28 26 0
2
43 47 
2
12 18 14 0
1 26 12 0
2
42 48 
2
13 16 16 0
1 22 32 0
2
43 49 
2
13 18 14 0
1 32 14 0
2
20 40 
2
2 14 16 0
10 10 16 0
2
21 41 
2
2 20 14 0
10 20 12 0
2
38 40 
2
9 4 16 0
11 10 16 0
2
39 41 
2
9 22 8 0
11 20 12 0
2
256 42 
2
5 34 10 0
14 16 16 0
2
40 42 
2
12 10 16 0
15 16 16 0
2
258 42 
2
5 34 6 0
16 16 16 0
2
20 42 
2
3 14 16 0
17 16 16 0
2
260 42 
2
5 34 2 0
18 16 16 0
2
40 42 
2
13 10 16 0
19 16 16 0
2
262 42 
2
5 32 34 0
20 16 16 0
2
257 43 
2
5 34 8 0
14 18 14 0
2
41 43 
2
12 20 12 0
15 18 14 0
2
259 43 
2
5 34 4 0
16 18 14 0
2
21 43 
2
3 20 14 0
17 18 14 0
2
261 43 
2
5 34 0 0
18 18 14 0
2
41 43 
2
13 20 12 0
19 18 14 0
2
263 43 
2
5 32 0 0
20 18 14 0
2
42 46 
2
21 16 16 0
2 28 26 0
2
43 50 
2
21 18 14 0
0 4 12 0
2
42 48 
2
22 16 16 0
2 22 32 0
2
43 45 
2
22 18 14 0
2 16 2 0
2
42 51 
2
23 16 16 0
0 12 32 0
2
43 47 
2
23 18 14 0
2 26 12 0
2
43 49 
2
24 18 14 0
2 32 14 0
2
43 52 
2
25 18 14 0
0 18 4 0
2
43 53 
2
26 18 14 0
0 18 8 0
2
43 54 
2
27 18 14 0
0 24 6 0
2
43 55 
2
28 18 14 0
0 24 2 0
2
43 56 
2
29 18 14 0
0 32 18 0
2
43 57 
2
30 18 14 0
0 22 28 0
2
43 58 
2
31 18 14 0
0 10 10 0
2
43 59 
2
32 18 14 0
0 28 16 0
2
43 60 
2
33 18 14 0
0 16 8 0
2
43 61 
2
34 18 14 0
0 18 30 0
2
43 62 
2
35 18 14 0
0 20 24 0
2
43 63 
2
36 18 14 0
0 16 12 0
2
43 64 
2
37 18 14 0
0 16 6 0
2
43 65 
2
38 18 14 0
0 10 6 0
2
43 66 
2
39 18 14 0
0 18 22 0
2
43 67 
2
40 18 14 0
0 18 28 0
2
43 68 
2
41 18 14 0
0 18 12 0
2
40 42 
2
14 10 16 0
24 16 16 0
2
41 43 
2
14 20 12 0
42 18 14 0
2
42 46 
2
25 16 16 0
3 28 26 0
2
43 50 
2
43 18 14 0
1 4 12 0
2
42 48 
2
26 16 16 0
3 22 32 0
2
43 45 
2
44 18 14 0
3 16 2 0
2
42 51 
2
27 16 16 0
1 12 32 0
2
43 47 
2
45 18 14 0
3 26 12 0
2
43 49 
2
46 18 14 0
3 32 14 0
2
43 52 
2
47 18 14 0
1 18 4 0
2
43 53 
2
48 18 14 0
1 18 8 0
2
43 54 
2
49 18 14 0
1 24 6 0
2
43 55 
2
50 18 14 0
1 24 2 0
2
43 56 
2
51 18 14 0
1 32 18 0
2
43 57 
2
52 18 14 0
1 22 28 0
2
43 58 
2
53 18 14 0
1 10 10 0
2
43 59 
2
54 18 14 0
1 28 16 0
2
43 60 
2
55 18 14 0
1 16 8 0
2
43 61 
2
56 18 14 0
1 18 30 0
2
43 62 
2
57 18 14 0
1 20 24 0
2
43 63 
2
58 18 14 0
1 16 12 0
2
43 64 
2
59 18 14 0
1 16 6 0
2
43 65 
2
60 18 14 0
1 10 6 0
2
43 66 
2
61 18 14 0
1 18 22 0
2
43 67 
2
62 18 14 0
1 18 28 0
2
43 68 
2
63 18 14 0
1 18 12 0
2
20 40 
2
4 14 16 0
15 10 16 0
2
21 41 
2
4 20 14 0
15 20 12 0
2
18 38 
2
2 4 18 0
10 4 16 0
2
19 39 
2
2 20 8 0
10 22 8 0
2
36 38 
2
9 4 22 0
11 4 16 0
2
37 39 
2
9 24 4 0
11 22 8 0
2
264 40 
2
5 30 34 0
16 10 16 0
2
38 40 
2
12 4 16 0
17 10 16 0
2
265 40 
2
5 30 0 0
18 10 16 0
2
18 40 
2
3 4 18 0
19 10 16 0
2
266 40 
2
5 28 34 0
20 10 16 0
2
38 40 
2
13 4 16 0
21 10 16 0
2
267 40 
2
5 28 0 0
22 10 16 0
2
272 41 
2
5 22 34 0
16 20 12 0
2
39 41 
2
12 22 8 0
17 20 12 0
2
273 41 
2
5 22 0 0
18 20 12 0
2
19 41 
2
3 20 8 0
19 20 12 0
2
274 41 
2
5 20 34 0
20 20 12 0
2
39 41 
2
13 22 8 0
21 20 12 0
2
275 41 
2
5 20 0 0
22 20 12 0
2
268 42 
2
5 26 34 0
28 16 16 0
2
40 42 
2
23 10 16 0
29 16 16 0
2
269 42 
2
5 26 0 0
30 16 16 0
2
20 42 
2
5 14 16 0
31 16 16 0
2
270 42 
2
5 24 34 0
32 16 16 0
2
40 42 
2
24 10 16 0
33 16 16 0
2
271 42 
2
5 24 0 0
34 16 16 0
2
280 43 
2
5 14 34 0
64 18 14 0
2
41 43 
2
23 20 12 0
65 18 14 0
2
281 43 
2
5 14 0 0
66 18 14 0
2
21 43 
2
5 20 14 0
67 18 14 0
2
282 43 
2
5 12 34 0
68 18 14 0
2
41 43 
2
24 20 12 0
69 18 14 0
2
283 43 
2
5 12 0 0
70 18 14 0
2
42 44 
2
35 16 16 0
2 30 26 0
2
43 45 
2
71 18 14 0
4 16 2 0
2
42 46 
2
36 16 16 0
4 28 26 0
2
43 47 
2
72 18 14 0
4 26 12 0
2
42 48 
2
37 16 16 0
4 22 32 0
2
43 49 
2
73 18 14 0
4 32 14 0
2
42 51 
2
38 16 16 0
2 12 32 0
2
43 52 
2
74 18 14 0
2 18 4 0
2
42 69 
2
39 16 16 0
0 6 26 0
2
43 53 
2
75 18 14 0
2 18 8 0
2
42 70 
2
40 16 16 0
0 8 2 0
2
43 54 
2
76 18 14 0
2 24 6 0
2
42 71 
2
41 16 16 0
0 8 28 0
2
43 55 
2
77 18 14 0
2 24 2 0
2
42 72 
2
42 16 16 0
0 8 30 0
2
43 56 
2
78 18 14 0
2 32 18 0
2
42 73 
2
43 16 16 0
0 2 22 0
2
43 57 
2
79 18 14 0
2 22 28 0
2
42 74 
2
44 16 16 0
0 8 26 0
2
43 58 
2
80 18 14 0
2 10 10 0
2
42 75 
2
45 16 16 0
0 10 30 0
2
43 59 
2
81 18 14 0
2 28 16 0
2
42 76 
2
46 16 16 0
0 6 24 0
2
43 60 
2
82 18 14 0
2 16 8 0
2
42 77 
2
47 16 16 0
0 14 32 0
2
43 61 
2
83 18 14 0
2 18 30 0
2
42 78 
2
48 16 16 0
0 10 28 0
2
43 62 
2
84 18 14 0
2 20 24 0
2
42 79 
2
49 16 16 0
0 2 20 0
2
43 63 
2
85 18 14 0
2 16 12 0
2
42 80 
2
50 16 16 0
0 24 28 0
2
43 64 
2
86 18 14 0
2 16 6 0
2
42 81 
2
51 16 16 0
0 6 6 0
2
43 65 
2
87 18 14 0
2 10 6 0
2
42 82 
2
52 16 16 0
0 28 22 0
2
43 66 
2
88 18 14 0
2 18 22 0
2
42 83 
2
53 16 16 0
0 10 4 0
2
43 67 
2
89 18 14 0
2 18 28 0
2
42 84 
2
54 16 16 0
0 28 24 0
2
43 68 
2
90 18 14 0
2 18 12 0
2
42 85 
2
55 16 16 0
0 30 20 0
2
43 86 
2
91 18 14 0
0 6 10 0
2
40 42 
2
25 10 16 0
56 16 16 0
2
41 43 
2
25 20 12 0
92 18 14 0
2
42 44 
2
57 16 16 0
3 30 26 0
2
43 45 
2
93 18 14 0
5 16 2 0
2
42 46 
2
58 16 16 0
5 28 26 0
2
43 47 
2
94 18 14 0
5 26 12 0
2
42 48 
2
59 16 16 0
5 22 32 0
2
43 49 
2
95 18 14 0
5 32 14 0
2
42 51 
2
60 16 16 0
3 12 32 0
2
43 52 
2
96 18 14 0
3 18 4 0
2
42 69 
2
61 16 16 0
1 6 26 0
2
43 53 
2
97 18 14 0
3 18 8 0
2
42 70 
2
62 16 16 0
1 8 2 0
2
43 54 
2
98 18 14 0
3 24 6 0
2
42 71 
2
63 16 16 0
1 8 28 0
2
43 55 
2
99 18 14 0
3 24 2 0
2
42 72 
2
64 16 16 0
1 8 30 0
2
43 56 
2
100 18 14 0
3 32 18 0
2
42 73 
2
65 16 16 0
1 2 22 0
2
43 57 
2
101 18 14 0
3 22 28 0
2
42 74 
2
66 16 16 0
1 8 26 0
2
43 58 
2
102 18 14 0
3 10 10 0
2
42 75 
2
67 16 16 0
1 10 30 0
2
43 59 
2
103 18 14 0
3 28 16 0
2
42 76 
2
68 16 16 0
1 6 24 0
2
43 60 
2
104 18 14 0
3 16 8 0
2
42 77 
2
69 16 16 0
1 14 32 0
2
43 61 
2
105 18 14 0
3 18 30 0
2
42 78 
2
70 16 16 0
1 10 28 0
2
43 62 
2
106 18 14 0
3 20 24 0
2
42 79 
2
71 16 16 0
1 2 20 0
2
43 63 
2
107 18 14 0
3 16 12 0
2
42 80 
2
72 16 16 0
1 24 28 0
2
43 64 
2
108 18 14 0
3 16 6 0
2
42 81 
2
73 16 16 0
1 6 6 0
2
43 65 
2
109 18 14 0
3 10 6 0
2
42 82 
2
74 16 16 0
1 28 22 0
2
43 66 
2
110 18 14 0
3 18 22 0
2
42 83 
2
75 16 16 0
1 10 4 0
2
43 67 
2
111 18 14 0
3 18 28 0
2
42 84 
2
76 16 16 0
1 28 24 0
2
43 68 
2
112 18 14 0
3 18 12 0
2
42 85 
2
77 16 16 0
1 30 20 0
2
43 86 
2
113 18 14 0
1 6 10 0
2
20 40 
2
6 14 16 0
26 10 16 0
2
21 41 
2
6 20 14 0
26 20 12 0
2
38 40 
2
14 4 16 0
27 10 16 0
2
39 41 
2
14 22 8 0
27 20 12 0
2
284 42 
2
5 10 34 0
78 16 16 0
2
40 42 
2
28 10 16 0
79 16 16 0
2
285 42 
2
5 10 0 0
80 16 16 0
2
20 42 
2
7 14 16 0
81 16 16 0
2
286 42 
2
5 8 34 0
82 16 16 0
2
40 42 
2
29 10 16 0
83 16 16 0
2
287 42 
2
5 8 0 0
84 16 16 0
2
296 43 
2
5 0 30 0
114 18 14 0
2
41 43 
2
28 20 12 0
115 18 14 0
2
297 43 
2
5 0 28 0
116 18 14 0
2
21 43 
2
7 20 14 0
117 18 14 0
2
298 43 
2
5 0 26 0
118 18 14 0
2
41 43 
2
29 20 12 0
119 18 14 0
2
299 43 
2
5 0 24 0
120 18 14 0
2
42 46 
2
85 16 16 0
6 28 26 0
2
43 68 
2
121 18 14 0
4 18 12 0
2
42 48 
2
86 16 16 0
6 22 32 0
2
43 86 
2
122 18 14 0
2 6 10 0
2
42 51 
2
87 16 16 0
4 12 32 0
2
43 87 
2
123 18 14 0
0 22 14 0
2
42 69 
2
88 16 16 0
2 6 26 0
2
42 70 
2
89 16 16 0
2 8 2 0
2
42 71 
2
90 16 16 0
2 8 28 0
2
42 72 
2
91 16 16 0
2 8 30 0
2
42 73 
2
92 16 16 0
2 2 22 0
2
42 74 
2
93 16 16 0
2 8 26 0
2
42 75 
2
94 16 16 0
2 10 30 0
2
42 76 
2
95 16 16 0
2 6 24 0
2
42 77 
2
96 16 16 0
2 14 32 0
2
42 78 
2
97 16 16 0
2 10 28 0
2
42 79 
2
98 16 16 0
2 2 20 0
2
42 80 
2
99 16 16 0
2 24 28 0
2
42 81 
2
100 16 16 0
2 6 6 0
2
42 82 
2
101 16 16 0
2 28 22 0
2
42 83 
2
102 16 16 0
2 10 4 0
2
42 84 
2
103 16 16 0
2 28 24 0
2
42 85 
2
104 16 16 0
2 30 20 0
2
42 88 
2
105 16 16 0
0 12 4 0
2
40 42 
2
30 10 16 0
106 16 16 0
2
41 43 
2
30 20 12 0
124 18 14 0
2
42 46 
2
107 16 16 0
7 28 26 0
2
43 68 
2
125 18 14 0
5 18 12 0
2
42 48 
2
108 16 16 0
7 22 32 0
2
43 86 
2
126 18 14 0
3 6 10 0
2
42 51 
2
109 16 16 0
5 12 32 0
2
43 87 
2
127 18 14 0
1 22 14 0
2
42 69 
2
110 16 16 0
3 6 26 0
2
42 70 
2
111 16 16 0
3 8 2 0
2
42 71 
2
112 16 16 0
3 8 28 0
2
42 72 
2
113 16 16 0
3 8 30 0
2
42 73 
2
114 16 16 0
3 2 22 0
2
42 74 
2
115 16 16 0
3 8 26 0
2
42 75 
2
116 16 16 0
3 10 30 0
2
42 76 
2
117 16 16 0
3 6 24 0
2
42 77 
2
118 16 16 0
3 14 32 0
2
42 78 
2
119 16 16 0
3 10 28 0
2
42 79 
2
120 16 16 0
3 2 20 0
2
42 80 
2
121 16 16 0
3 24 28 0
2
42 81 
2
122 16 16 0
3 6 6 0
2
42 82 
2
123 16 16 0
3 28 22 0
2
42 83 
2
124 16 16 0
3 10 4 0
2
42 84 
2
125 16 16 0
3 28 24 0
2
42 85 
2
126 16 16 0
3 30 20 0
2
42 88 
2
127 16 16 0
1 12 4 0
2
20 40 
2
8 14 16 0
31 10 16 0
2
21 41 
2
8 20 14 0
31 20 12 0
2
18 38 
2
4 4 18 0
15 4 16 0
2
19 39 
2
4 20 8 0
15 22 8 0
2
16 36 
2
2 4 24 0
10 4 22 0
2
17 37 
2
2 26 4 0
10 24 4 0
2
34 36 
2
9 2 24 0
11 4 22 0
2
35 37 
2
9 28 2 0
11 24 4 0
2
276 38 
2
5 18 34 0
16 4 16 0
2
36 38 
2
12 4 22 0
17 4 16 0
2
277 38 
2
5 18 0 0
18 4 16 0
2
16 38 
2
3 4 24 0
19 4 16 0
2
278 38 
2
5 16 34 0
20 4 16 0
2
36 38 
2
13 4 22 0
21 4 16 0
2
279 38 
2
5 16 0 0
22 4 16 0
2
288 39 
2
5 6 34 0
16 22 8 0
2
37 39 
2
12 24 4 0
17 22 8 0
2
289 39 
2
5 6 0 0
18 22 8 0
2
17 39 
2
3 26 4 0
19 22 8 0
2
290 39 
2
5 4 34 0
20 22 8 0
2
37 39 
2
13 24 4 0
21 22 8 0
2
291 39 
2
5 4 0 0
22 22 8 0
2
292 40 
2
5 2 34 0
32 10 16 0
2
38 40 
2
23 4 16 0
33 10 16 0
2
293 40 
2
5 2 0 0
34 10 16 0
2
18 40 
2
5 4 18 0
35 10 16 0
2
294 40 
2
5 0 34 0
36 10 16 0
2
38 40 
2
24 4 16 0
37 10 16 0
2
295 40 
2
5 0 32 0
38 10 16 0
2
300 41 
2
5 0 22 0
32 20 12 0
2
39 41 
2
23 22 8 0
33 20 12 0
2
301 41 
2
5 0 20 0
34 20 12 0
2
19 41 
2
5 20 8 0
35 20 12 0
2
302 41 
2
5 0 18 0
36 20 12 0
2
39 41 
2
24 22 8 0
37 20 12 0
2
303 41 
2
5 0 16 0
38 20 12 0
2
304 42 
2
5 0 14 0
128 16 16 0
2
40 42 
2
39 10 16 0
129 16 16 0
2
306 42 
2
5 0 10 0
130 16 16 0
2
20 42 
2
9 14 16 0
131 16 16 0
2
308 42 
2
5 0 6 0
132 16 16 0
2
40 42 
2
40 10 16 0
133 16 16 0
2
310 42 
2
5 0 2 0
134 16 16 0
2
305 43 
2
5 0 12 0
128 18 14 0
2
41 43 
2
39 20 12 0
129 18 14 0
2
307 43 
2
5 0 8 0
130 18 14 0
2
21 43 
2
9 20 14 0
131 18 14 0
2
309 43 
2
5 0 4 0
132 18 14 0
2
41 43 
2
40 20 12 0
133 18 14 0
2
311 43 
2
5 0 0 0
134 18 14 0
2
42 44 
2
135 16 16 0
4 30 26 0
2
43 86 
2
135 18 14 0
4 6 10 0
2
42 46 
2
136 16 16 0
8 28 26 0
2
43 87 
2
136 18 14 0
2 22 14 0
2
42 48 
2
137 16 16 0
8 22 32 0
2
43 89 
2
137 18 14 0
0 24 14 0
2
42 51 
2
138 16 16 0
6 12 32 0
2
42 69 
2
139 16 16 0
4 6 26 0
2
42 70 
2
140 16 16 0
4 8 2 0
2
42 71 
2
141 16 16 0
4 8 28 0
2
42 72 
2
142 16 16 0
4 8 30 0
2
42 73 
2
143 16 16 0
4 2 22 0
2
42 74 
2
144 16 16 0
4 8 26 0
2
42 75 
2
145 16 16 0
4 10 30 0
2
42 76 
2
146 16 16 0
4 6 24 0
2
42 77 
2
147 16 16 0
4 14 32 0
2
42 78 
2
148 16 16 0
4 10 28 0
2
42 79 
2
149 16 16 0
4 2 20 0
2
42 80 
2
150 16 16 0
4 24 28 0
2
42 81 
2
151 16 16 0
4 6 6 0
2
42 82 
2
152 16 16 0
4 28 22 0
2
42 83 
2
153 16 16 0
4 10 4 0
2
40 42 
2
41 10 16 0
154 16 16 0
2
41 43 
2
41 20 12 0
138 18 14 0
2
42 44 
2
155 16 16 0
5 30 26 0
2
43 86 
2
139 18 14 0
5 6 10 0
2
42 46 
2
156 16 16 0
9 28 26 0
2
43 87 
2
140 18 14 0
3 22 14 0
2
42 48 
2
157 16 16 0
9 22 32 0
2
43 89 
2
141 18 14 0
1 24 14 0
2
42 51 
2
158 16 16 0
7 12 32 0
2
42 69 
2
159 16 16 0
5 6 26 0
2
42 70 
2
160 16 16 0
5 8 2 0
2
42 71 
2
161 16 16 0
5 8 28 0
2
42 72 
2
162 16 16 0
5 8 30 0
2
42 73 
2
163 16 16 0
5 2 22 0
2
42 74 
2
164 16 16 0
5 8 26 0
2
42 75 
2
165 16 16 0
5 10 30 0
2
42 76 
2
166 16 16 0
5 6 24 0
2
42 77 
2
167 16 16 0
5 14 32 0
2
42 78 
2
168 16 16 0
5 10 28 0
2
42 79 
2
169 16 16 0
5 2 20 0
2
42 80 
2
170 16 16 0
5 24 28 0
2
42 81 
2
171 16 16 0
5 6 6 0
2
42 82 
2
172 16 16 0
5 28 22 0
2
42 83 
2
173 16 16 0
5 10 4 0
2
20 40 
2
10 14 16 0
42 10 16 0
2
21 41 
2
10 20 14 0
42 20 12 0
2
38 40 
2
25 4 16 0
43 10 16 0
2
39 41 
2
25 22 8 0
43 20 12 0
2
260 42 
2
8 34 2 0
174 16 16 0
2
40 42 
2
44 10 16 0
175 16 16 0
2
261 42 
2
8 34 0 0
176 16 16 0
2
20 42 
2
11 14 16 0
177 16 16 0
2
262 42 
2
8 32 34 0
178 16 16 0
2
40 42 
2
45 10 16 0
179 16 16 0
2
263 42 
2
8 32 0 0
180 16 16 0
2
248 43 
2
8 34 26 0
142 18 14 0
2
41 43 
2
44 20 12 0
143 18 14 0
2
249 43 
2
8 34 24 0
144 18 14 0
2
21 43 
2
11 20 14 0
145 18 14 0
2
250 43 
2
8 34 22 0
146 18 14 0
2
41 43 
2
45 20 12 0
147 18 14 0
2
251 43 
2
8 34 20 0
148 18 14 0
2
42 46 
2
181 16 16 0
10 28 26 0
2
43 68 
2
149 18 14 0
6 18 12 0
2
42 48 
2
182 16 16 0
10 22 32 0
2
43 86 
2
150 18 14 0
6 6 10 0
2
42 51 
2
183 16 16 0
8 12 32 0
2
43 87 
2
151 18 14 0
4 22 14 0
2
42 69 
2
184 16 16 0
6 6 26 0
2
43 89 
2
152 18 14 0
2 24 14 0
2
42 70 
2
185 16 16 0
6 8 2 0
2
43 90 
2
153 18 14 0
0 20 10 0
2
42 71 
2
186 16 16 0
6 8 28 0
2
43 91 
2
154 18 14 0
0 28 8 0
2
42 72 
2
187 16 16 0
6 8 30 0
2
43 92 
2
155 18 14 0
0 32 12 0
2
42 73 
2
188 16 16 0
6 2 22 0
2
43 93 
2
156 18 14 0
0 20 2 0
2
42 74 
2
189 16 16 0
6 8 26 0
2
43 94 
2
157 18 14 0
0 8 6 0
2
42 75 
2
190 16 16 0
6 10 30 0
2
43 95 
2
158 18 14 0
0 6 12 0
2
42 76 
2
191 16 16 0
6 6 24 0
2
43 96 
2
159 18 14 0
0 16 4 0
2
42 77 
2
192 16 16 0
6 14 32 0
2
43 97 
2
160 18 14 0
0 12 14 0
2
42 78 
2
193 16 16 0
6 10 28 0
2
43 98 
2
161 18 14 0
0 22 16 0
2
42 79 
2
194 16 16 0
6 2 20 0
2
43 99 
2
162 18 14 0
0 18 24 0
2
42 80 
2
195 16 16 0
6 24 28 0
2
43 100 
2
163 18 14 0
0 12 10 0
2
42 81 
2
196 16 16 0
6 6 6 0
2
43 101 
2
164 18 14 0
0 18 18 0
2
42 82 
2
197 16 16 0
6 28 22 0
2
43 102 
2
165 18 14 0
0 14 8 0
2
42 83 
2
198 16 16 0
6 10 4 0
2
43 103 
2
166 18 14 0
0 14 6 0
2
42 84 
2
199 16 16 0
4 28 24 0
2
43 104 
2
167 18 14 0
0 22 26 0
2
43 105 
2
168 18 14 0
0 20 16 0
2
43 106 
2
169 18 14 0
0 24 20 0
2
40 42 
2
46 10 16 0
200 16 16 0
2
41 43 
2
46 20 12 0
170 18 14 0
2
42 46 
2
201 16 16 0
11 28 26 0
2
43 68 
2
171 18 14 0
7 18 12 0
2
42 48 
2
202 16 16 0
11 22 32 0
2
43 86 
2
172 18 14 0
7 6 10 0
2
42 51 
2
203 16 16 0
9 12 32 0
2
43 87 
2
173 18 14 0
5 22 14 0
2
42 69 
2
204 16 16 0
7 6 26 0
2
43 89 
2
174 18 14 0
3 24 14 0
2
42 70 
2
205 16 16 0
7 8 2 0
2
43 90 
2
175 18 14 0
1 20 10 0
2
42 71 
2
206 16 16 0
7 8 28 0
2
43 91 
2
176 18 14 0
1 28 8 0
2
42 72 
2
207 16 16 0
7 8 30 0
2
43 92 
2
177 18 14 0
1 32 12 0
2
42 73 
2
208 16 16 0
7 2 22 0
2
43 93 
2
178 18 14 0
1 20 2 0
2
42 74 
2
209 16 16 0
7 8 26 0
2
43 94 
2
179 18 14 0
1 8 6 0
2
42 75 
2
210 16 16 0
7 10 30 0
2
43 95 
2
180 18 14 0
1 6 12 0
2
42 76 
2
211 16 16 0
7 6 24 0
2
43 96 
2
181 18 14 0
1 16 4 0
2
42 77 
2
212 16 16 0
7 14 32 0
2
43 97 
2
182 18 14 0
1 12 14 0
2
42 78 
2
213 16 16 0
7 10 28 0
2
43 98 
2
183 18 14 0
1 22 16 0
2
42 79 
2
214 16 16 0
7 2 20 0
2
43 99 
2
184 18 14 0
1 18 24 0
2
42 80 
2
215 16 16 0
7 24 28 0
2
43 100 
2
185 18 14 0
1 12 10 0
2
42 81 
2
216 16 16 0
7 6 6 0
2
43 101 
2
186 18 14 0
1 18 18 0
2
42 82 
2
217 16 16 0
7 28 22 0
2
43 102 
2
187 18 14 0
1 14 8 0
2
42 83 
2
218 16 16 0
7 10 4 0
2
43 103 
2
188 18 14 0
1 14 6 0
2
42 84 
2
219 16 16 0
5 28 24 0
2
43 104 
2
189 18 14 0
1 22 26 0
2
43 105 
2
190 18 14 0
1 20 16 0
2
43 106 
2
191 18 14 0
1 24 20 0
2
20 40 
2
12 14 16 0
47 10 16 0
2
21 41 
2
12 20 14 0
47 20 12 0
2
18 38 
2
6 4 18 0
26 4 16 0
2
19 39 
2
6 20 8 0
26 22 8 0
2
36 38 
2
14 4 22 0
27 4 16 0
2
37 39 
2
14 24 4 0
27 22 8 0
2
268 40 
2
8 26 34 0
48 10 16 0
2
38 40 
2
28 4 16 0
49 10 16 0
2
269 40 
2
8 26 0 0
50 10 16 0
2
18 40 
2
7 4 18 0
51 10 16 0
2
270 40 
2
8 24 34 0
52 10 16 0
2
38 40 
2
29 4 16 0
53 10 16 0
2
271 40 
2
8 24 0 0
54 10 16 0
2
256 41 
2
8 34 10 0
48 20 12 0
2
39 41 
2
28 22 8 0
49 20 12 0
2
257 41 
2
8 34 8 0
50 20 12 0
2
19 41 
2
7 20 8 0
51 20 12 0
2
258 41 
2
8 34 6 0
52 20 12 0
2
39 41 
2
29 22 8 0
53 20 12 0
2
259 41 
2
8 34 4 0
54 20 12 0
2
272 42 
2
8 22 34 0
220 16 16 0
2
40 42 
2
55 10 16 0
221 16 16 0
2
277 42 
2
8 18 0 0
222 16 16 0
2
20 42 
2
13 14 16 0
223 16 16 0
2
278 42 
2
8 16 34 0
224 16 16 0
2
40 42 
2
56 10 16 0
225 16 16 0
2
279 42 
2
8 16 0 0
226 16 16 0
2
264 43 
2
8 30 34 0
192 18 14 0
2
41 43 
2
55 20 12 0
193 18 14 0
2
265 43 
2
8 30 0 0
194 18 14 0
2
21 43 
2
13 20 14 0
195 18 14 0
2
266 43 
2
8 28 34 0
196 18 14 0
2
41 43 
2
56 20 12 0
197 18 14 0
2
267 43 
2
8 28 0 0
198 18 14 0
2
42 48 
2
227 16 16 0
12 22 32 0
2
43 86 
2
199 18 14 0
8 6 10 0
2
42 51 
2
228 16 16 0
10 12 32 0
2
43 87 
2
200 18 14 0
6 22 14 0
2
42 69 
2
229 16 16 0
8 6 26 0
2
43 89 
2
201 18 14 0
4 24 14 0
2
43 90 
2
202 18 14 0
2 20 10 0
2
43 91 
2
203 18 14 0
2 28 8 0
2
43 92 
2
204 18 14 0
2 32 12 0
2
43 93 
2
205 18 14 0
2 20 2 0
2
43 94 
2
206 18 14 0
2 8 6 0
2
43 95 
2
207 18 14 0
2 6 12 0
2
43 96 
2
208 18 14 0
2 16 4 0
2
43 97 
2
209 18 14 0
2 12 14 0
2
43 98 
2
210 18 14 0
2 22 16 0
2
43 99 
2
211 18 14 0
2 18 24 0
2
43 100 
2
212 18 14 0
2 12 10 0
2
43 101 
2
213 18 14 0
2 18 18 0
2
43 102 
2
214 18 14 0
2 14 8 0
2
43 103 
2
215 18 14 0
2 14 6 0
2
43 104 
2
216 18 14 0
2 22 26 0
2
43 105 
2
217 18 14 0
2 20 16 0
2
43 106 
2
218 18 14 0
2 24 20 0
2
43 107 
2
219 18 14 0
0 30 16 0
2
40 42 
2
57 10 16 0
230 16 16 0
2
41 43 
2
57 20 12 0
220 18 14 0
2
42 48 
2
231 16 16 0
13 22 32 0
2
43 86 
2
221 18 14 0
9 6 10 0
2
42 51 
2
232 16 16 0
11 12 32 0
2
43 87 
2
222 18 14 0
7 22 14 0
2
42 69 
2
233 16 16 0
9 6 26 0
2
43 89 
2
223 18 14 0
5 24 14 0
2
43 90 
2
224 18 14 0
3 20 10 0
2
43 91 
2
225 18 14 0
3 28 8 0
2
43 92 
2
226 18 14 0
3 32 12 0
2
43 93 
2
227 18 14 0
3 20 2 0
2
43 94 
2
228 18 14 0
3 8 6 0
2
43 95 
2
229 18 14 0
3 6 12 0
2
43 96 
2
230 18 14 0
3 16 4 0
2
43 97 
2
231 18 14 0
3 12 14 0
2
43 98 
2
232 18 14 0
3 22 16 0
2
43 99 
2
233 18 14 0
3 18 24 0
2
43 100 
2
234 18 14 0
3 12 10 0
2
43 101 
2
235 18 14 0
3 18 18 0
2
43 102 
2
236 18 14 0
3 14 8 0
2
43 103 
2
237 18 14 0
3 14 6 0
2
43 104 
2
238 18 14 0
3 22 26 0
2
43 105 
2
239 18 14 0
3 20 16 0
2
43 106 
2
240 18 14 0
3 24 20 0
2
43 107 
2
241 18 14 0
1 30 16 0
2
20 40 
2
14 14 16 0
58 10 16 0
2
21 41 
2
14 20 14 0
58 20 12 0
2
38 40 
2
30 4 16 0
59 10 16 0
2
39 41 
2
30 22 8 0
59 20 12 0
2
284 42 
2
8 10 34 0
234 16 16 0
2
40 42 
2
60 10 16 0
235 16 16 0
2
285 42 
2
8 10 0 0
236 16 16 0
2
20 42 
2
15 14 16 0
237 16 16 0
2
286 42 
2
8 8 34 0
238 16 16 0
2
40 42 
2
61 10 16 0
239 16 16 0
2
287 42 
2
8 8 0 0
240 16 16 0
2
288 43 
2
8 6 34 0
242 18 14 0
2
41 43 
2
60 20 12 0
243 18 14 0
2
289 43 
2
8 6 0 0
244 18 14 0
2
21 43 
2
15 20 14 0
245 18 14 0
2
294 43 
2
8 0 34 0
246 18 14 0
2
41 43 
2
61 20 12 0
247 18 14 0
2
295 43 
2
8 0 32 0
248 18 14 0
2
42 51 
2
241 16 16 0
12 12 32 0
2
43 106 
2
249 18 14 0
4 24 20 0
2
42 69 
2
242 16 16 0
10 6 26 0
2
43 107 
2
250 18 14 0
2 30 16 0
2
42 70 
2
243 16 16 0
8 8 2 0
2
43 108 
2
251 18 14 0
0 28 10 0
2
40 42 
2
62 10 16 0
244 16 16 0
2
41 43 
2
62 20 12 0
252 18 14 0
2
42 51 
2
245 16 16 0
13 12 32 0
2
43 106 
2
253 18 14 0
5 24 20 0
2
42 69 
2
246 16 16 0
11 6 26 0
2
43 107 
2
254 18 14 0
3 30 16 0
2
42 70 
2
247 16 16 0
9 8 2 0
2
43 108 
2
255 18 14 0
1 28 10 0
2
20 40 
2
16 14 16 0
63 10 16 0
2
21 41 
2
16 20 14 0
63 20 12 0
2
18 38 
2
8 4 18 0
31 4 16 0
2
19 39 
2
8 20 8 0
31 22 8 0
2
16 36 
2
4 4 24 0
15 4 22 0
2
17 37 
2
4 26 4 0
15 24 4 0
2
14 34 
2
2 4 26 0
10 2 24 0
2
15 35 
2
2 26 2 0
10 28 2 0
2
32 34 
2
9 2 28 0
11 2 24 0
2
33 35 
2
9 32 2 0
11 28 2 0
2
252 36 
2
8 34 18 0
16 4 22 0
2
34 36 
2
12 2 24 0
17 4 22 0
2
253 36 
2
8 34 16 0
18 4 22 0
2
14 36 
2
3 4 26 0
19 4 22 0
2
254 36 
2
8 34 14 0
20 4 22 0
2
34 36 
2
13 2 24 0
21 4 22 0
2
255 36 
2
8 34 12 0
22 4 22 0
2
244 37 
2
8 34 34 0
16 24 4 0
2
35 37 
2
12 28 2 0
17 24 4 0
2
245 37 
2
8 34 32 0
18 24 4 0
2
15 37 
2
3 26 2 0
19 24 4 0
2
246 37 
2
8 34 30 0
20 24 4 0
2
35 37 
2
13 28 2 0
21 24 4 0
2
247 37 
2
8 34 28 0
22 24 4 0
2
280 38 
2
8 14 34 0
32 4 16 0
2
36 38 
2
23 4 22 0
33 4 16 0
2
281 38 
2
8 14 0 0
34 4 16 0
2
16 38 
2
5 4 24 0
35 4 16 0
2
282 38 
2
8 12 34 0
36 4 16 0
2
36 38 
2
24 4 22 0
37 4 16 0
2
283 38 
2
8 12 0 0
38 4 16 0
2
273 39 
2
8 22 0 0
32 22 8 0
2
37 39 
2
23 24 4 0
33 22 8 0
2
274 39 
2
8 20 34 0
34 22 8 0
2
17 39 
2
5 26 4 0
35 22 8 0
2
275 39 
2
8 20 0 0
36 22 8 0
2
37 39 
2
24 24 4 0
37 22 8 0
2
276 39 
2
8 18 34 0
38 22 8 0
2
290 40 
2
8 4 34 0
64 10 16 0
2
38 40 
2
39 4 16 0
65 10 16 0
2
291 40 
2
8 4 0 0
66 10 16 0
2
18 40 
2
9 4 18 0
67 10 16 0
2
292 40 
2
8 2 34 0
68 10 16 0
2
38 40 
2
40 4 16 0
69 10 16 0
2
293 40 
2
8 2 0 0
70 10 16 0
2
298 41 
2
8 0 26 0
64 20 12 0
2
39 41 
2
39 22 8 0
65 20 12 0
2
299 41 
2
8 0 24 0
66 20 12 0
2
19 41 
2
9 20 8 0
67 20 12 0
2
300 41 
2
8 0 22 0
68 20 12 0
2
39 41 
2
40 22 8 0
69 20 12 0
2
301 41 
2
8 0 20 0
70 20 12 0
2
296 42 
2
8 0 30 0
248 16 16 0
2
40 42 
2
71 10 16 0
249 16 16 0
2
297 42 
2
8 0 28 0
250 16 16 0
2
20 42 
2
17 14 16 0
251 16 16 0
2
302 42 
2
8 0 18 0
252 16 16 0
2
40 42 
2
72 10 16 0
253 16 16 0
2
303 42 
2
8 0 16 0
254 16 16 0
2
304 43 
2
8 0 14 0
256 18 14 0
2
41 43 
2
71 20 12 0
257 18 14 0
2
305 43 
2
8 0 12 0
258 18 14 0
2
21 43 
2
17 20 14 0
259 18 14 0
2
306 43 
2
8 0 10 0
260 18 14 0
2
41 43 
2
72 20 12 0
261 18 14 0
2
307 43 
2
8 0 8 0
262 18 14 0
2
42 48 
2
255 16 16 0
14 22 32 0
2
43 107 
2
263 18 14 0
4 30 16 0
2
42 51 
2
256 16 16 0
14 12 32 0
2
43 108 
2
264 18 14 0
2 28 10 0
2
42 69 
2
257 16 16 0
12 6 26 0
2
43 109 
2
265 18 14 0
0 26 10 0
2
42 70 
2
258 16 16 0
10 8 2 0
2
42 71 
2
259 16 16 0
8 8 28 0
2
42 72 
2
260 16 16 0
8 8 30 0
2
42 73 
2
261 16 16 0
8 2 22 0
2
42 74 
2
262 16 16 0
8 8 26 0
2
42 75 
2
263 16 16 0
8 10 30 0
2
42 76 
2
264 16 16 0
8 6 24 0
2
42 77 
2
265 16 16 0
8 14 32 0
2
42 78 
2
266 16 16 0
8 10 28 0
2
42 79 
2
267 16 16 0
8 2 20 0
2
42 80 
2
268 16 16 0
8 24 28 0
2
42 81 
2
269 16 16 0
8 6 6 0
2
42 82 
2
270 16 16 0
8 28 22 0
2
42 83 
2
271 16 16 0
8 10 4 0
2
42 84 
2
272 16 16 0
6 28 24 0
2
42 85 
2
273 16 16 0
4 30 20 0
2
42 88 
2
274 16 16 0
2 12 4 0
2
42 110 
2
275 16 16 0
0 6 20 0
2
40 42 
2
73 10 16 0
276 16 16 0
2
41 43 
2
73 20 12 0
266 18 14 0
2
42 48 
2
277 16 16 0
15 22 32 0
2
43 107 
2
267 18 14 0
5 30 16 0
2
42 51 
2
278 16 16 0
15 12 32 0
2
43 108 
2
268 18 14 0
3 28 10 0
2
42 69 
2
279 16 16 0
13 6 26 0
2
43 109 
2
269 18 14 0
1 26 10 0
2
42 70 
2
280 16 16 0
11 8 2 0
2
42 71 
2
281 16 16 0
9 8 28 0
2
42 72 
2
282 16 16 0
9 8 30 0
2
42 73 
2
283 16 16 0
9 2 22 0
2
42 74 
2
284 16 16 0
9 8 26 0
2
42 75 
2
285 16 16 0
9 10 30 0
2
42 76 
2
286 16 16 0
9 6 24 0
2
42 77 
2
287 16 16 0
9 14 32 0
2
42 78 
2
288 16 16 0
9 10 28 0
2
42 79 
2
289 16 16 0
9 2 20 0
2
42 80 
2
290 16 16 0
9 24 28 0
2
42 81 
2
291 16 16 0
9 6 6 0
2
42 82 
2
292 16 16 0
9 28 22 0
2
42 83 
2
293 16 16 0
9 10 4 0
2
42 84 
2
294 16 16 0
7 28 24 0
2
42 85 
2
295 16 16 0
5 30 20 0
2
42 88 
2
296 16 16 0
3 12 4 0
2
42 110 
2
297 16 16 0
1 6 20 0
2
20 40 
2
18 14 16 0
74 10 16 0
2
21 41 
2
18 20 14 0
74 20 12 0
2
38 40 
2
41 4 16 0
75 10 16 0
2
39 41 
2
41 22 8 0
75 20 12 0
2
252 42 
2
11 34 18 0
298 16 16 0
2
40 42 
2
76 10 16 0
299 16 16 0
2
257 42 
2
11 34 8 0
300 16 16 0
2
20 42 
2
19 14 16 0
301 16 16 0
2
258 42 
2
11 34 6 0
302 16 16 0
2
40 42 
2
77 10 16 0
303 16 16 0
2
259 42 
2
11 34 4 0
304 16 16 0
2
244 43 
2
11 34 34 0
270 18 14 0
2
41 43 
2
76 20 12 0
271 18 14 0
2
245 43 
2
11 34 32 0
272 18 14 0
2
21 43 
2
19 20 14 0
273 18 14 0
2
246 43 
2
11 34 30 0
274 18 14 0
2
41 43 
2
77 20 12 0
275 18 14 0
2
251 43 
2
11 34 20 0
276 18 14 0
2
42 51 
2
305 16 16 0
16 12 32 0
2
43 106 
2
277 18 14 0
6 24 20 0
2
42 69 
2
306 16 16 0
14 6 26 0
2
43 107 
2
278 18 14 0
6 30 16 0
2
42 70 
2
307 16 16 0
12 8 2 0
2
43 108 
2
279 18 14 0
4 28 10 0
2
42 71 
2
308 16 16 0
10 8 28 0
2
43 109 
2
280 18 14 0
2 26 10 0
2
42 72 
2
309 16 16 0
10 8 30 0
2
43 111 
2
281 18 14 0
0 18 6 0
2
42 73 
2
310 16 16 0
10 2 22 0
2
43 112 
2
282 18 14 0
0 30 14 0
2
42 74 
2
311 16 16 0
10 8 26 0
2
43 113 
2
283 18 14 0
0 22 4 0
2
42 75 
2
312 16 16 0
10 10 30 0
2
43 114 
2
284 18 14 0
0 30 10 0
2
42 76 
2
313 16 16 0
10 6 24 0
2
43 115 
2
285 18 14 0
0 2 10 0
2
42 77 
2
314 16 16 0
10 14 32 0
2
43 116 
2
286 18 14 0
0 8 8 0
2
42 78 
2
315 16 16 0
10 10 28 0
2
43 117 
2
287 18 14 0
0 12 8 0
2
42 79 
2
316 16 16 0
10 2 20 0
2
43 118 
2
288 18 14 0
0 12 12 0
2
42 80 
2
317 16 16 0
10 24 28 0
2
43 119 
2
289 18 14 0
0 22 18 0
2
42 81 
2
318 16 16 0
10 6 6 0
2
43 120 
2
290 18 14 0
0 28 20 0
2
42 82 
2
319 16 16 0
10 28 22 0
2
43 121 
2
291 18 14 0
0 8 14 0
2
42 83 
2
320 16 16 0
10 10 4 0
2
43 122 
2
292 18 14 0
0 12 6 0
2
42 84 
2
321 16 16 0
8 28 24 0
2
43 123 
2
293 18 14 0
0 22 20 0
2
42 85 
2
322 16 16 0
6 30 20 0
2
43 124 
2
294 18 14 0
0 20 26 0
2
42 88 
2
323 16 16 0
4 12 4 0
2
43 125 
2
295 18 14 0
0 12 16 0
2
42 110 
2
324 16 16 0
2 6 20 0
2
43 126 
2
296 18 14 0
0 16 10 0
2
42 127 
2
325 16 16 0
0 12 18 0
2
43 128 
2
297 18 14 0
0 16 14 0
2
40 42 
2
78 10 16 0
326 16 16 0
2
41 43 
2
78 20 12 0
298 18 14 0
2
42 51 
2
327 16 16 0
17 12 32 0
2
43 106 
2
299 18 14 0
7 24 20 0
2
42 69 
2
328 16 16 0
15 6 26 0
2
43 107 
2
300 18 14 0
7 30 16 0
2
42 70 
2
329 16 16 0
13 8 2 0
2
43 108 
2
301 18 14 0
5 28 10 0
2
42 71 
2
330 16 16 0
11 8 28 0
2
43 109 
2
302 18 14 0
3 26 10 0
2
42 72 
2
331 16 16 0
11 8 30 0
2
43 111 
2
303 18 14 0
1 18 6 0
2
42 73 
2
332 16 16 0
11 2 22 0
2
43 112 
2
304 18 14 0
1 30 14 0
2
42 74 
2
333 16 16 0
11 8 26 0
2
43 113 
2
305 18 14 0
1 22 4 0
2
42 75 
2
334 16 16 0
11 10 30 0
2
43 114 
2
306 18 14 0
1 30 10 0
2
42 76 
2
335 16 16 0
11 6 24 0
2
43 115 
2
307 18 14 0
1 2 10 0
2
42 77 
2
336 16 16 0
11 14 32 0
2
43 116 
2
308 18 14 0
1 8 8 0
2
42 78 
2
337 16 16 0
11 10 28 0
2
43 117 
2
309 18 14 0
1 12 8 0
2
42 79 
2
338 16 16 0
11 2 20 0
2
43 118 
2
310 18 14 0
1 12 12 0
2
42 80 
2
339 16 16 0
11 24 28 0
2
43 119 
2
311 18 14 0
1 22 18 0
2
42 81 
2
340 16 16 0
11 6 6 0
2
43 120 
2
312 18 14 0
1 28 20 0
2
42 82 
2
341 16 16 0
11 28 22 0
2
43 121 
2
313 18 14 0
1 8 14 0
2
42 83 
2
342 16 16 0
11 10 4 0
2
43 122 
2
314 18 14 0
1 12 6 0
2
42 84 
2
343 16 16 0
9 28 24 0
2
43 123 
2
315 18 14 0
1 22 20 0
2
42 85 
2
344 16 16 0
7 30 20 0
2
43 124 
2
316 18 14 0
1 20 26 0
2
42 88 
2
345 16 16 0
5 12 4 0
2
43 125 
2
317 18 14 0
1 12 16 0
2
42 110 
2
346 16 16 0
3 6 20 0
2
43 126 
2
318 18 14 0
1 16 10 0
2
42 127 
2
347 16 16 0
1 12 18 0
2
43 128 
2
319 18 14 0
1 16 14 0
2
20 40 
2
20 14 16 0
79 10 16 0
2
21 41 
2
20 20 14 0
79 20 12 0
2
18 38 
2
10 4 18 0
42 4 16 0
2
19 39 
2
10 20 8 0
42 22 8 0
2
36 38 
2
25 4 22 0
43 4 16 0
2
37 39 
2
25 24 4 0
43 22 8 0
2
263 40 
2
11 32 0 0
80 10 16 0
2
38 40 
2
44 4 16 0
81 10 16 0
2
264 40 
2
11 30 34 0
82 10 16 0
2
18 40 
2
11 4 18 0
83 10 16 0
2
265 40 
2
11 30 0 0
84 10 16 0
2
38 40 
2
45 4 16 0
85 10 16 0
2
266 40 
2
11 28 34 0
86 10 16 0
2
253 41 
2
11 34 16 0
80 20 12 0
2
39 41 
2
44 22 8 0
81 20 12 0
2
254 41 
2
11 34 14 0
82 20 12 0
2
19 41 
2
11 20 8 0
83 20 12 0
2
255 41 
2
11 34 12 0
84 20 12 0
2
39 41 
2
45 22 8 0
85 20 12 0
2
256 41 
2
11 34 10 0
86 20 12 0
2
268 42 
2
11 26 34 0
348 16 16 0
2
40 42 
2
87 10 16 0
349 16 16 0
2
273 42 
2
11 22 0 0
350 16 16 0
2
20 42 
2
21 14 16 0
351 16 16 0
2
274 42 
2
11 20 34 0
352 16 16 0
2
40 42 
2
88 10 16 0
353 16 16 0
2
275 42 
2
11 20 0 0
354 16 16 0
2
260 43 
2
11 34 2 0
320 18 14 0
2
41 43 
2
87 20 12 0
321 18 14 0
2
261 43 
2
11 34 0 0
322 18 14 0
2
21 43 
2
21 20 14 0
323 18 14 0
2
262 43 
2
11 32 34 0
324 18 14 0
2
41 43 
2
88 20 12 0
325 18 14 0
2
267 43 
2
11 28 0 0
326 18 14 0
2
42 85 
2
355 16 16 0
8 30 20 0
2
43 107 
2
327 18 14 0
8 30 16 0
2
42 88 
2
356 16 16 0
6 12 4 0
2
43 108 
2
328 18 14 0
6 28 10 0
2
42 110 
2
357 16 16 0
4 6 20 0
2
43 109 
2
329 18 14 0
4 26 10 0
2
43 111 
2
330 18 14 0
2 18 6 0
2
43 112 
2
331 18 14 0
2 30 14 0
2
43 113 
2
332 18 14 0
2 22 4 0
2
43 114 
2
333 18 14 0
2 30 10 0
2
43 115 
2
334 18 14 0
2 2 10 0
2
43 116 
2
335 18 14 0
2 8 8 0
2
43 117 
2
336 18 14 0
2 12 8 0
2
43 118 
2
337 18 14 0
2 12 12 0
2
43 119 
2
338 18 14 0
2 22 18 0
2
43 120 
2
339 18 14 0
2 28 20 0
2
43 121 
2
340 18 14 0
2 8 14 0
2
43 122 
2
341 18 14 0
2 12 6 0
2
43 123 
2
342 18 14 0
2 22 20 0
2
43 124 
2
343 18 14 0
2 20 26 0
2
43 125 
2
344 18 14 0
2 12 16 0
2
43 126 
2
345 18 14 0
2 16 10 0
2
43 128 
2
346 18 14 0
2 16 14 0
2
43 129 
2
347 18 14 0
0 28 12 0
2
40 42 
2
89 10 16 0
358 16 16 0
2
41 43 
2
89 20 12 0
348 18 14 0
2
42 85 
2
359 16 16 0
9 30 20 0
2
43 107 
2
349 18 14 0
9 30 16 0
2
42 88 
2
360 16 16 0
7 12 4 0
2
43 108 
2
350 18 14 0
7 28 10 0
2
42 110 
2
361 16 16 0
5 6 20 0
2
43 109 
2
351 18 14 0
5 26 10 0
2
43 111 
2
352 18 14 0
3 18 6 0
2
43 112 
2
353 18 14 0
3 30 14 0
2
43 113 
2
354 18 14 0
3 22 4 0
2
43 114 
2
355 18 14 0
3 30 10 0
2
43 115 
2
356 18 14 0
3 2 10 0
2
43 116 
2
357 18 14 0
3 8 8 0
2
43 117 
2
358 18 14 0
3 12 8 0
2
43 118 
2
359 18 14 0
3 12 12 0
2
43 119 
2
360 18 14 0
3 22 18 0
2
43 120 
2
361 18 14 0
3 28 20 0
2
43 121 
2
362 18 14 0
3 8 14 0
2
43 122 
2
363 18 14 0
3 12 6 0
2
43 123 
2
364 18 14 0
3 22 20 0
2
43 124 
2
365 18 14 0
3 20 26 0
2
43 125 
2
366 18 14 0
3 12 16 0
2
43 126 
2
367 18 14 0
3 16 10 0
2
43 128 
2
368 18 14 0
3 16 14 0
2
43 129 
2
369 18 14 0
1 28 12 0
2
20 40 
2
22 14 16 0
90 10 16 0
2
21 41 
2
22 20 14 0
90 20 12 0
2
38 40 
2
46 4 16 0
91 10 16 0
2
39 41 
2
46 22 8 0
91 20 12 0
2
280 42 
2
11 14 34 0
362 16 16 0
2
40 42 
2
92 10 16 0
363 16 16 0
2
281 42 
2
11 14 0 0
364 16 16 0
2
20 42 
2
23 14 16 0
365 16 16 0
2
282 42 
2
11 12 34 0
366 16 16 0
2
40 42 
2
93 10 16 0
367 16 16 0
2
283 42 
2
11 12 0 0
368 16 16 0
2
284 43 
2
11 10 34 0
370 18 14 0
2
41 43 
2
92 20 12 0
371 18 14 0
2
285 43 
2
11 10 0 0
372 18 14 0
2
21 43 
2
23 20 14 0
373 18 14 0
2
290 43 
2
11 4 34 0
374 18 14 0
2
41 43 
2
93 20 12 0
375 18 14 0
2
291 43 
2
11 4 0 0
376 18 14 0
2
42 88 
2
369 16 16 0
8 12 4 0
2
43 128 
2
377 18 14 0
4 16 14 0
2
42 110 
2
370 16 16 0
6 6 20 0
2
43 129 
2
378 18 14 0
2 28 12 0
2
42 127 
2
371 16 16 0
2 12 18 0
2
43 130 
2
379 18 14 0
0 22 6 0
2
40 42 
2
94 10 16 0
372 16 16 0
2
41 43 
2
94 20 12 0
380 18 14 0
2
42 88 
2
373 16 16 0
9 12 4 0
2
43 128 
2
381 18 14 0
5 16 14 0
2
42 110 
2
374 16 16 0
7 6 20 0
2
43 129 
2
382 18 14 0
3 28 12 0
2
42 127 
2
375 16 16 0
3 12 18 0
2
43 130 
2
383 18 14 0
1 22 6 0
2
20 40 
2
24 14 16 0
95 10 16 0
2
21 41 
2
24 20 14 0
95 20 12 0
2
18 38 
2
12 4 18 0
47 4 16 0
2
19 39 
2
12 20 8 0
47 22 8 0
2
16 36 
2
6 4 24 0
26 4 22 0
2
17 37 
2
6 26 4 0
26 24 4 0
2
34 36 
2
14 2 24 0
27 4 22 0
2
35 37 
2
14 28 2 0
27 24 4 0
2
276 38 
2
11 18 34 0
48 4 16 0
2
36 38 
2
28 4 22 0
49 4 16 0
2
277 38 
2
11 18 0 0
50 4 16 0
2
16 38 
2
7 4 24 0
51 4 16 0
2
278 38 
2
11 16 34 0
52 4 16 0
2
36 38 
2
29 4 22 0
53 4 16 0
2
279 38 
2
11 16 0 0
54 4 16 0
2
269 39 
2
11 26 0 0
48 22 8 0
2
37 39 
2
28 24 4 0
49 22 8 0
2
270 39 
2
11 24 34 0
50 22 8 0
2
17 39 
2
7 26 4 0
51 22 8 0
2
271 39 
2
11 24 0 0
52 22 8 0
2
37 39 
2
29 24 4 0
53 22 8 0
2
272 39 
2
11 22 34 0
54 22 8 0
2
286 40 
2
11 8 34 0
96 10 16 0
2
38 40 
2
55 4 16 0
97 10 16 0
2
287 40 
2
11 8 0 0
98 10 16 0
2
18 40 
2
13 4 18 0
99 10 16 0
2
288 40 
2
11 6 34 0
100 10 16 0
2
38 40 
2
56 4 16 0
101 10 16 0
2
289 40 
2
11 6 0 0
102 10 16 0
2
294 41 
2
11 0 34 0
96 20 12 0
2
39 41 
2
55 22 8 0
97 20 12 0
2
295 41 
2
11 0 32 0
98 20 12 0
2
19 41 
2
13 20 8 0
99 20 12 0
2
296 41 
2
11 0 30 0
100 20 12 0
2
39 41 
2
56 22 8 0
101 20 12 0
2
297 41 
2
11 0 28 0
102 20 12 0
2
292 42 
2
11 2 34 0
376 16 16 0
2
40 42 
2
103 10 16 0
377 16 16 0
2
293 42 
2
11 2 0 0
378 16 16 0
2
20 42 
2
25 14 16 0
379 16 16 0
2
298 42 
2
11 0 26 0
380 16 16 0
2
40 42 
2
104 10 16 0
381 16 16 0
2
299 42 
2
11 0 24 0
382 16 16 0
2
300 43 
2
11 0 22 0
384 18 14 0
2
41 43 
2
103 20 12 0
385 18 14 0
2
301 43 
2
11 0 20 0
386 18 14 0
2
21 43 
2
25 20 14 0
387 18 14 0
2
302 43 
2
11 0 18 0
388 18 14 0
2
41 43 
2
104 20 12 0
389 18 14 0
2
303 43 
2
11 0 16 0
390 18 14 0
2
42 85 
2
383 16 16 0
10 30 20 0
2
43 129 
2
391 18 14 0
4 28 12 0
2
42 88 
2
384 16 16 0
10 12 4 0
2
43 130 
2
392 18 14 0
2 22 6 0
2
42 110 
2
385 16 16 0
8 6 20 0
2
43 131 
2
393 18 14 0
0 28 14 0
2
42 127 
2
386 16 16 0
4 12 18 0
2
42 132 
2
387 16 16 0
0 8 16 0
2
42 133 
2
388 16 16 0
0 10 12 0
2
42 134 
2
389 16 16 0
0 16 30 0
2
42 135 
2
390 16 16 0
0 10 26 0
2
42 136 
2
391 16 16 0
0 16 26 0
2
42 137 
2
392 16 16 0
0 16 28 0
2
42 138 
2
393 16 16 0
0 10 20 0
2
42 139 
2
394 16 16 0
0 12 26 0
2
42 140 
2
395 16 16 0
0 14 18 0
2
42 141 
2
396 16 16 0
0 14 20 0
2
42 142 
2
397 16 16 0
0 8 12 0
2
42 143 
2
398 16 16 0
0 22 24 0
2
42 144 
2
399 16 16 0
0 24 18 0
2
42 145 
2
400 16 16 0
0 22 10 0
2
42 146 
2
401 16 16 0
0 30 12 0
2
42 147 
2
402 16 16 0
0 4 8 0
2
42 148 
2
403 16 16 0
0 12 30 0
2
40 42 
2
105 10 16 0
404 16 16 0
2
41 43 
2
105 20 12 0
394 18 14 0
2
42 85 
2
405 16 16 0
11 30 20 0
2
43 129 
2
395 18 14 0
5 28 12 0
2
42 88 
2
406 16 16 0
11 12 4 0
2
43 130 
2
396 18 14 0
3 22 6 0
2
42 110 
2
407 16 16 0
9 6 20 0
2
43 131 
2
397 18 14 0
1 28 14 0
2
42 127 
2
408 16 16 0
5 12 18 0
2
42 132 
2
409 16 16 0
1 8 16 0
2
42 133 
2
410 16 16 0
1 10 12 0
2
42 134 
2
411 16 16 0
1 16 30 0
2
42 135 
2
412 16 16 0
1 10 26 0
2
42 136 
2
413 16 16 0
1 16 26 0
2
42 137 
2
414 16 16 0
1 16 28 0
2
42 138 
2
415 16 16 0
1 10 20 0
2
42 139 
2
416 16 16 0
1 12 26 0
2
42 140 
2
417 16 16 0
1 14 18 0
2
42 141 
2
418 16 16 0
1 14 20 0
2
42 142 
2
419 16 16 0
1 8 12 0
2
42 143 
2
420 16 16 0
1 22 24 0
2
42 144 
2
421 16 16 0
1 24 18 0
2
42 145 
2
422 16 16 0
1 22 10 0
2
42 146 
2
423 16 16 0
1 30 12 0
2
42 147 
2
424 16 16 0
1 4 8 0
2
42 148 
2
425 16 16 0
1 12 30 0
2
20 40 
2
26 14 16 0
106 10 16 0
2
21 41 
2
26 20 14 0
106 20 12 0
2
38 40 
2
57 4 16 0
107 10 16 0
2
39 41 
2
57 22 8 0
107 20 12 0
2
248 42 
2
14 34 26 0
426 16 16 0
2
40 42 
2
108 10 16 0
427 16 16 0
2
253 42 
2
14 34 16 0
428 16 16 0
2
20 42 
2
27 14 16 0
429 16 16 0
2
254 42 
2
14 34 14 0
430 16 16 0
2
40 42 
2
109 10 16 0
431 16 16 0
2
255 42 
2
14 34 12 0
432 16 16 0
2
308 43 
2
11 0 6 0
398 18 14 0
2
41 43 
2
108 20 12 0
399 18 14 0
2
309 43 
2
11 0 4 0
400 18 14 0
2
21 43 
2
27 20 14 0
401 18 14 0
2
310 43 
2
11 0 2 0
402 18 14 0
2
41 43 
2
109 20 12 0
403 18 14 0
2
247 43 
2
14 34 28 0
404 18 14 0
2
42 88 
2
433 16 16 0
12 12 4 0
2
43 128 
2
405 18 14 0
6 16 14 0
2
42 110 
2
434 16 16 0
10 6 20 0
2
43 129 
2
406 18 14 0
6 28 12 0
2
42 127 
2
435 16 16 0
6 12 18 0
2
43 130 
2
407 18 14 0
4 22 6 0
2
42 132 
2
436 16 16 0
2 8 16 0
2
43 131 
2
408 18 14 0
2 28 14 0
2
42 133 
2
437 16 16 0
2 10 12 0
2
43 149 
2
409 18 14 0
0 20 6 0
2
42 134 
2
438 16 16 0
2 16 30 0
2
43 150 
2
410 18 14 0
0 24 8 0
2
42 135 
2
439 16 16 0
2 10 26 0
2
43 151 
2
411 18 14 0
0 22 2 0
2
42 136 
2
440 16 16 0
2 16 26 0
2
43 152 
2
412 18 14 0
0 22 30 0
2
42 137 
2
441 16 16 0
2 16 28 0
2
43 153 
2
413 18 14 0
0 24 26 0
2
42 138 
2
442 16 16 0
2 10 20 0
2
43 154 
2
414 18 14 0
0 28 18 0
2
42 139 
2
443 16 16 0
2 12 26 0
2
43 155 
2
415 18 14 0
0 22 22 0
2
42 140 
2
444 16 16 0
2 14 18 0
2
43 156 
2
416 18 14 0
0 26 18 0
2
42 141 
2
445 16 16 0
2 14 20 0
2
43 157 
2
417 18 14 0
0 24 16 0
2
42 142 
2
446 16 16 0
2 8 12 0
2
43 158 
2
418 18 14 0
0 4 14 0
2
42 143 
2
447 16 16 0
2 22 24 0
2
43 159 
2
419 18 14 0
0 14 4 0
2
42 144 
2
448 16 16 0
2 24 18 0
2
43 160 
2
420 18 14 0
0 10 14 0
2
42 145 
2
449 16 16 0
2 22 10 0
2
43 161 
2
421 18 14 0
0 14 2 0
2
42 146 
2
450 16 16 0
2 30 12 0
2
43 162 
2
422 18 14 0
0 30 18 0
2
42 147 
2
451 16 16 0
2 4 8 0
2
43 163 
2
423 18 14 0
0 24 22 0
2
42 148 
2
452 16 16 0
2 12 30 0
2
43 164 
2
424 18 14 0
0 26 20 0
2
42 165 
2
453 16 16 0
0 4 20 0
2
43 166 
2
425 18 14 0
0 20 22 0
2
40 42 
2
110 10 16 0
454 16 16 0
2
41 43 
2
110 20 12 0
426 18 14 0
2
42 88 
2
455 16 16 0
13 12 4 0
2
43 128 
2
427 18 14 0
7 16 14 0
2
42 110 
2
456 16 16 0
11 6 20 0
2
43 129 
2
428 18 14 0
7 28 12 0
2
42 127 
2
457 16 16 0
7 12 18 0
2
43 130 
2
429 18 14 0
5 22 6 0
2
42 132 
2
458 16 16 0
3 8 16 0
2
43 131 
2
430 18 14 0
3 28 14 0
2
42 133 
2
459 16 16 0
3 10 12 0
2
43 149 
2
431 18 14 0
1 20 6 0
2
42 134 
2
460 16 16 0
3 16 30 0
2
43 150 
2
432 18 14 0
1 24 8 0
2
42 135 
2
461 16 16 0
3 10 26 0
2
43 151 
2
433 18 14 0
1 22 2 0
2
42 136 
2
462 16 16 0
3 16 26 0
2
43 152 
2
434 18 14 0
1 22 30 0
2
42 137 
2
463 16 16 0
3 16 28 0
2
43 153 
2
435 18 14 0
1 24 26 0
2
42 138 
2
464 16 16 0
3 10 20 0
2
43 154 
2
436 18 14 0
1 28 18 0
2
42 139 
2
465 16 16 0
3 12 26 0
2
43 155 
2
437 18 14 0
1 22 22 0
2
42 140 
2
466 16 16 0
3 14 18 0
2
43 156 
2
438 18 14 0
1 26 18 0
2
42 141 
2
467 16 16 0
3 14 20 0
2
43 157 
2
439 18 14 0
1 24 16 0
2
42 142 
2
468 16 16 0
3 8 12 0
2
43 158 
2
440 18 14 0
1 4 14 0
2
42 143 
2
469 16 16 0
3 22 24 0
2
43 159 
2
441 18 14 0
1 14 4 0
2
42 144 
2
470 16 16 0
3 24 18 0
2
43 160 
2
442 18 14 0
1 10 14 0
2
42 145 
2
471 16 16 0
3 22 10 0
2
43 161 
2
443 18 14 0
1 14 2 0
2
42 146 
2
472 16 16 0
3 30 12 0
2
43 162 
2
444 18 14 0
1 30 18 0
2
42 147 
2
473 16 16 0
3 4 8 0
2
43 163 
2
445 18 14 0
1 24 22 0
2
42 148 
2
474 16 16 0
3 12 30 0
2
43 164 
2
446 18 14 0
1 26 20 0
2
42 165 
2
475 16 16 0
1 4 20 0
2
43 166 
2
447 18 14 0
1 20 22 0
2
20 40 
2
28 14 16 0
111 10 16 0
2
21 41 
2
28 20 14 0
111 20 12 0
2
18 38 
2
14 4 18 0
58 4 16 0
2
19 39 
2
14 20 8 0
58 22 8 0
2
36 38 
2
30 4 22 0
59 4 16 0
2
37 39 
2
30 24 4 0
59 22 8 0
2
259 40 
2
14 34 4 0
112 10 16 0
2
38 40 
2
60 4 16 0
113 10 16 0
2
260 40 
2
14 34 2 0
114 10 16 0
2
18 40 
2
15 4 18 0
115 10 16 0
2
261 40 
2
14 34 0 0
116 10 16 0
2
38 40 
2
61 4 16 0
117 10 16 0
2
262 40 
2
14 32 34 0
118 10 16 0
2
249 41 
2
14 34 24 0
112 20 12 0
2
39 41 
2
60 22 8 0
113 20 12 0
2
250 41 
2
14 34 22 0
114 20 12 0
2
19 41 
2
15 20 8 0
115 20 12 0
2
251 41 
2
14 34 20 0
116 20 12 0
2
39 41 
2
61 22 8 0
117 20 12 0
2
252 41 
2
14 34 18 0
118 20 12 0
2
264 42 
2
14 30 34 0
476 16 16 0
2
40 42 
2
119 10 16 0
477 16 16 0
2
269 42 
2
14 26 0 0
478 16 16 0
2
20 42 
2
29 14 16 0
479 16 16 0
2
270 42 
2
14 24 34 0
480 16 16 0
2
40 42 
2
120 10 16 0
481 16 16 0
2
271 42 
2
14 24 0 0
482 16 16 0
2
256 43 
2
14 34 10 0
448 18 14 0
2
41 43 
2
119 20 12 0
449 18 14 0
2
257 43 
2
14 34 8 0
450 18 14 0
2
21 43 
2
29 20 14 0
451 18 14 0
2
258 43 
2
14 34 6 0
452 18 14 0
2
41 43 
2
120 20 12 0
453 18 14 0
2
263 43 
2
14 32 0 0
454 18 14 0
2
42 85 
2
483 16 16 0
12 30 20 0
2
43 129 
2
455 18 14 0
8 28 12 0
2
42 88 
2
484 16 16 0
14 12 4 0
2
43 130 
2
456 18 14 0
6 22 6 0
2
42 110 
2
485 16 16 0
12 6 20 0
2
43 131 
2
457 18 14 0
4 28 14 0
2
42 127 
2
486 16 16 0
8 12 18 0
2
43 149 
2
458 18 14 0
2 20 6 0
2
42 132 
2
487 16 16 0
4 8 16 0
2
43 150 
2
459 18 14 0
2 24 8 0
2
42 133 
2
488 16 16 0
4 10 12 0
2
43 151 
2
460 18 14 0
2 22 2 0
2
42 134 
2
489 16 16 0
4 16 30 0
2
43 152 
2
461 18 14 0
2 22 30 0
2
42 135 
2
490 16 16 0
4 10 26 0
2
43 153 
2
462 18 14 0
2 24 26 0
2
42 136 
2
491 16 16 0
4 16 26 0
2
43 154 
2
463 18 14 0
2 28 18 0
2
42 137 
2
492 16 16 0
4 16 28 0
2
43 155 
2
464 18 14 0
2 22 22 0
2
42 138 
2
493 16 16 0
4 10 20 0
2
43 156 
2
465 18 14 0
2 26 18 0
2
42 139 
2
494 16 16 0
4 12 26 0
2
43 157 
2
466 18 14 0
2 24 16 0
2
42 140 
2
495 16 16 0
4 14 18 0
2
43 158 
2
467 18 14 0
2 4 14 0
2
42 141 
2
496 16 16 0
4 14 20 0
2
43 159 
2
468 18 14 0
2 14 4 0
2
42 142 
2
497 16 16 0
4 8 12 0
2
43 160 
2
469 18 14 0
2 10 14 0
2
42 143 
2
498 16 16 0
4 22 24 0
2
43 161 
2
470 18 14 0
2 14 2 0
2
42 144 
2
499 16 16 0
4 24 18 0
2
43 162 
2
471 18 14 0
2 30 18 0
2
42 145 
2
500 16 16 0
4 22 10 0
2
43 163 
2
472 18 14 0
2 24 22 0
2
42 146 
2
501 16 16 0
4 30 12 0
2
43 164 
2
473 18 14 0
2 26 20 0
2
43 166 
2
474 18 14 0
2 20 22 0
2
43 167 
2
475 18 14 0
0 22 12 0
2
40 42 
2
121 10 16 0
502 16 16 0
2
41 43 
2
121 20 12 0
476 18 14 0
2
42 85 
2
503 16 16 0
13 30 20 0
2
43 129 
2
477 18 14 0
9 28 12 0
2
42 88 
2
504 16 16 0
15 12 4 0
2
43 130 
2
478 18 14 0
7 22 6 0
2
42 110 
2
505 16 16 0
13 6 20 0
2
43 131 
2
479 18 14 0
5 28 14 0
2
42 127 
2
506 16 16 0
9 12 18 0
2
43 149 
2
480 18 14 0
3 20 6 0
2
42 132 
2
507 16 16 0
5 8 16 0
2
43 150 
2
481 18 14 0
3 24 8 0
2
42 133 
2
508 16 16 0
5 10 12 0
2
43 151 
2
482 18 14 0
3 22 2 0
2
42 134 
2
509 16 16 0
5 16 30 0
2
43 152 
2
483 18 14 0
3 22 30 0
2
42 135 
2
510 16 16 0
5 10 26 0
2
43 153 
2
484 18 14 0
3 24 26 0
2
42 136 
2
511 16 16 0
5 16 26 0
2
43 154 
2
485 18 14 0
3 28 18 0
2
42 137 
2
512 16 16 0
5 16 28 0
2
43 155 
2
486 18 14 0
3 22 22 0
2
42 138 
2
513 16 16 0
5 10 20 0
2
43 156 
2
487 18 14 0
3 26 18 0
2
42 139 
2
514 16 16 0
5 12 26 0
2
43 157 
2
488 18 14 0
3 24 16 0
2
42 140 
2
515 16 16 0
5 14 18 0
2
43 158 
2
489 18 14 0
3 4 14 0
2
42 141 
2
516 16 16 0
5 14 20 0
2
43 159 
2
490 18 14 0
3 14 4 0
2
42 142 
2
517 16 16 0
5 8 12 0
2
43 160 
2
491 18 14 0
3 10 14 0
2
42 143 
2
518 16 16 0
5 22 24 0
2
43 161 
2
492 18 14 0
3 14 2 0
2
42 144 
2
519 16 16 0
5 24 18 0
2
43 162 
2
493 18 14 0
3 30 18 0
2
42 145 
2
520 16 16 0
5 22 10 0
2
43 163 
2
494 18 14 0
3 24 22 0
2
42 146 
2
521 16 16 0
5 30 12 0
2
43 164 
2
495 18 14 0
3 26 20 0
2
43 166 
2
496 18 14 0
3 20 22 0
2
43 167 
2
497 18 14 0
1 22 12 0
2
20 40 
2
30 14 16 0
122 10 16 0
2
21 41 
2
30 20 14 0
122 20 12 0
2
38 40 
2
62 4 16 0
123 10 16 0
2
39 41 
2
62 22 8 0
123 20 12 0
2
288 42 
2
14 6 34 0
522 16 16 0
2
40 42 
2
124 10 16 0
523 16 16 0
2
293 42 
2
14 2 0 0
524 16 16 0
2
20 42 
2
31 14 16 0
525 16 16 0
2
294 42 
2
14 0 34 0
526 16 16 0
2
40 42 
2
125 10 16 0
527 16 16 0
2
296 42 
2
14 0 30 0
528 16 16 0
2
272 43 
2
14 22 34 0
498 18 14 0
2
41 43 
2
124 20 12 0
499 18 14 0
2
273 43 
2
14 22 0 0
500 18 14 0
2
21 43 
2
31 20 14 0
501 18 14 0
2
278 43 
2
14 16 34 0
502 18 14 0
2
41 43 
2
125 20 12 0
503 18 14 0
2
279 43 
2
14 16 0 0
504 18 14 0
2
42 88 
2
529 16 16 0
16 12 4 0
2
43 166 
2
505 18 14 0
4 20 22 0
2
42 110 
2
530 16 16 0
14 6 20 0
2
43 167 
2
506 18 14 0
2 22 12 0
2
42 127 
2
531 16 16 0
10 12 18 0
2
43 168 
2
507 18 14 0
0 24 10 0
2
42 132 
2
532 16 16 0
6 8 16 0
2
42 133 
2
533 16 16 0
6 10 12 0
2
42 134 
2
534 16 16 0
6 16 30 0
2
42 135 
2
535 16 16 0
6 10 26 0
2
42 136 
2
536 16 16 0
6 16 26 0
2
42 137 
2
537 16 16 0
6 16 28 0
2
42 138 
2
538 16 16 0
6 10 20 0
2
42 139 
2
539 16 16 0
6 12 26 0
2
42 140 
2
540 16 16 0
6 14 18 0
2
42 141 
2
541 16 16 0
6 14 20 0
2
42 142 
2
542 16 16 0
6 8 12 0
2
42 143 
2
543 16 16 0
6 22 24 0
2
42 144 
2
544 16 16 0
6 24 18 0
2
42 145 
2
545 16 16 0
6 22 10 0
2
42 146 
2
546 16 16 0
6 30 12 0
2
42 147 
2
547 16 16 0
4 4 8 0
2
40 42 
2
126 10 16 0
548 16 16 0
2
41 43 
2
126 20 12 0
508 18 14 0
2
42 88 
2
549 16 16 0
17 12 4 0
2
43 166 
2
509 18 14 0
5 20 22 0
2
42 110 
2
550 16 16 0
15 6 20 0
2
43 167 
2
510 18 14 0
3 22 12 0
2
42 127 
2
551 16 16 0
11 12 18 0
2
43 168 
2
511 18 14 0
1 24 10 0
2
42 132 
2
552 16 16 0
7 8 16 0
2
42 133 
2
553 16 16 0
7 10 12 0
2
42 134 
2
554 16 16 0
7 16 30 0
2
42 135 
2
555 16 16 0
7 10 26 0
2
42 136 
2
556 16 16 0
7 16 26 0
2
42 137 
2
557 16 16 0
7 16 28 0
2
42 138 
2
558 16 16 0
7 10 20 0
2
42 139 
2
559 16 16 0
7 12 26 0
2
42 140 
2
560 16 16 0
7 14 18 0
2
42 141 
2
561 16 16 0
7 14 20 0
2
42 142 
2
562 16 16 0
7 8 12 0
2
42 143 
2
563 16 16 0
7 22 24 0
2
42 144 
2
564 16 16 0
7 24 18 0
2
42 145 
2
565 16 16 0
7 22 10 0
2
42 146 
2
566 16 16 0
7 30 12 0
2
42 147 
2
567 16 16 0
5 4 8 0
2
20 40 
2
32 14 16 0
127 10 16 0
2
21 41 
2
32 20 14 0
127 20 12 0
2
18 38 
2
16 4 18 0
63 4 16 0
2
19 39 
2
16 20 8 0
63 22 8 0
2
16 36 
2
8 4 24 0
31 4 22 0
2
17 37 
2
8 26 4 0
31 24 4 0
2
14 34 
2
4 4 26 0
15 2 24 0
2
15 35 
2
4 26 2 0
15 28 2 0
2
12 32 
2
2 2 26 0
10 2 28 0
2
13 33 
2
2 30 2 0
10 32 2 0
2
30 32 
2
9 4 28 0
11 2 28 0
2
31 33 
2
9 32 6 0
11 32 2 0
2
247 34 
2
11 34 28 0
16 2 24 0
2
32 34 
2
12 2 28 0
17 2 24 0
2
248 34 
2
11 34 26 0
18 2 24 0
2
12 34 
2
3 2 26 0
19 2 24 0
2
249 34 
2
11 34 24 0
20 2 24 0
2
32 34 
2
13 2 28 0
21 2 24 0
2
250 34 
2
11 34 22 0
22 2 24 0
2
308 35 
2
8 0 6 0
16 28 2 0
2
33 35 
2
12 32 2 0
17 28 2 0
2
309 35 
2
8 0 4 0
18 28 2 0
2
13 35 
2
3 30 2 0
19 28 2 0
2
310 35 
2
8 0 2 0
20 28 2 0
2
33 35 
2
13 32 2 0
21 28 2 0
2
311 35 
2
8 0 0 0
22 28 2 0
2
311 36 
2
11 0 0 0
32 4 22 0
2
34 36 
2
23 2 24 0
33 4 22 0
2
244 36 
2
14 34 34 0
34 4 22 0
2
14 36 
2
5 4 26 0
35 4 22 0
2
245 36 
2
14 34 32 0
36 4 22 0
2
34 36 
2
24 2 24 0
37 4 22 0
2
246 36 
2
14 34 30 0
38 4 22 0
2
304 37 
2
11 0 14 0
32 24 4 0
2
35 37 
2
23 28 2 0
33 24 4 0
2
305 37 
2
11 0 12 0
34 24 4 0
2
15 37 
2
5 26 2 0
35 24 4 0
2
306 37 
2
11 0 10 0
36 24 4 0
2
35 37 
2
24 28 2 0
37 24 4 0
2
307 37 
2
11 0 8 0
38 24 4 0
2
274 38 
2
14 20 34 0
64 4 16 0
2
36 38 
2
39 4 22 0
65 4 16 0
2
275 38 
2
14 20 0 0
66 4 16 0
2
16 38 
2
9 4 24 0
67 4 16 0
2
276 38 
2
14 18 34 0
68 4 16 0
2
36 38 
2
40 4 22 0
69 4 16 0
2
277 38 
2
14 18 0 0
70 4 16 0
2
265 39 
2
14 30 0 0
64 22 8 0
2
37 39 
2
39 24 4 0
65 22 8 0
2
266 39 
2
14 28 34 0
66 22 8 0
2
17 39 
2
9 26 4 0
67 22 8 0
2
267 39 
2
14 28 0 0
68 22 8 0
2
37 39 
2
40 24 4 0
69 22 8 0
2
268 39 
2
14 26 34 0
70 22 8 0
2
300 40 
2
14 0 22 0
128 10 16 0
2
38 40 
2
71 4 16 0
129 10 16 0
2
301 40 
2
14 0 20 0
130 10 16 0
2
18 40 
2
17 4 18 0
131 10 16 0
2
302 40 
2
14 0 18 0
132 10 16 0
2
38 40 
2
72 4 16 0
133 10 16 0
2
303 40 
2
14 0 16 0
134 10 16 0
2
280 41 
2
14 14 34 0
128 20 12 0
2
39 41 
2
71 22 8 0
129 20 12 0
2
281 41 
2
14 14 0 0
130 20 12 0
2
19 41 
2
17 20 8 0
131 20 12 0
2
282 41 
2
14 12 34 0
132 20 12 0
2
39 41 
2
72 22 8 0
133 20 12 0
2
283 41 
2
14 12 0 0
134 20 12 0
2
308 42 
2
14 0 6 0
568 16 16 0
2
40 42 
2
135 10 16 0
569 16 16 0
2
309 42 
2
14 0 4 0
570 16 16 0
2
20 42 
2
33 14 16 0
571 16 16 0
2
310 42 
2
14 0 2 0
572 16 16 0
2
40 42 
2
136 10 16 0
573 16 16 0
2
311 42 
2
14 0 0 0
574 16 16 0
2
284 43 
2
14 10 34 0
512 18 14 0
2
41 43 
2
135 20 12 0
513 18 14 0
2
285 43 
2
14 10 0 0
514 18 14 0
2
21 43 
2
33 20 14 0
515 18 14 0
2
286 43 
2
14 8 34 0
516 18 14 0
2
41 43 
2
136 20 12 0
517 18 14 0
2
287 43 
2
14 8 0 0
518 18 14 0
2
42 110 
2
575 16 16 0
16 6 20 0
2
43 167 
2
519 18 14 0
4 22 12 0
2
42 127 
2
576 16 16 0
12 12 18 0
2
43 168 
2
520 18 14 0
2 24 10 0
2
42 132 
2
577 16 16 0
8 8 16 0
2
43 169 
2
521 18 14 0
0 18 2 0
2
40 42 
2
137 10 16 0
578 16 16 0
2
41 43 
2
137 20 12 0
522 18 14 0
2
42 110 
2
579 16 16 0
17 6 20 0
2
43 167 
2
523 18 14 0
5 22 12 0
2
42 127 
2
580 16 16 0
13 12 18 0
2
43 168 
2
524 18 14 0
3 24 10 0
2
42 132 
2
581 16 16 0
9 8 16 0
2
43 169 
2
525 18 14 0
1 18 2 0
2
20 40 
2
34 14 16 0
138 10 16 0
2
21 41 
2
34 20 14 0
138 20 12 0
2
38 40 
2
73 4 16 0
139 10 16 0
2
39 41 
2
73 22 8 0
139 20 12 0
2
251 42 
2
17 34 20 0
582 16 16 0
2
40 42 
2
140 10 16 0
583 16 16 0
2
253 42 
2
17 34 16 0
584 16 16 0
2
20 42 
2
35 14 16 0
585 16 16 0
2
254 42 
2
17 34 14 0
586 16 16 0
2
40 42 
2
141 10 16 0
587 16 16 0
2
255 42 
2
17 34 12 0
588 16 16 0
2
295 43 
2
14 0 32 0
526 18 14 0
2
41 43 
2
140 20 12 0
527 18 14 0
2
297 43 
2
14 0 28 0
528 18 14 0
2
21 43 
2
35 20 14 0
529 18 14 0
2
298 43 
2
14 0 26 0
530 18 14 0
2
41 43 
2
141 20 12 0
531 18 14 0
2
299 43 
2
14 0 24 0
532 18 14 0
2
42 127 
2
589 16 16 0
14 12 18 0
2
43 166 
2
533 18 14 0
6 20 22 0
2
42 132 
2
590 16 16 0
10 8 16 0
2
43 167 
2
534 18 14 0
6 22 12 0
2
42 133 
2
591 16 16 0
8 10 12 0
2
43 168 
2
535 18 14 0
4 24 10 0
2
43 169 
2
536 18 14 0
2 18 2 0
2
43 170 
2
537 18 14 0
0 26 14 0
2
43 171 
2
538 18 14 0
0 20 4 0
2
43 172 
2
539 18 14 0
0 26 8 0
2
43 173 
2
540 18 14 0
0 26 6 0
2
43 174 
2
541 18 14 0
0 20 32 0
2
43 175 
2
542 18 14 0
0 6 8 0
2
43 176 
2
543 18 14 0
0 20 30 0
2
43 177 
2
544 18 14 0
0 8 4 0
2
43 178 
2
545 18 14 0
0 10 2 0
2
43 179 
2
546 18 14 0
0 30 22 0
2
43 180 
2
547 18 14 0
0 26 26 0
2
43 181 
2
548 18 14 0
0 32 20 0
2
43 182 
2
549 18 14 0
0 32 10 0
2
43 183 
2
550 18 14 0
0 2 8 0
2
43 184 
2
551 18 14 0
0 30 8 0
2
43 185 
2
552 18 14 0
0 24 30 0
2
43 186 
2
553 18 14 0
0 28 6 0
2
40 42 
2
142 10 16 0
592 16 16 0
2
41 43 
2
142 20 12 0
554 18 14 0
2
42 127 
2
593 16 16 0
15 12 18 0
2
43 166 
2
555 18 14 0
7 20 22 0
2
42 132 
2
594 16 16 0
11 8 16 0
2
43 167 
2
556 18 14 0
7 22 12 0
2
42 133 
2
595 16 16 0
9 10 12 0
2
43 168 
2
557 18 14 0
5 24 10 0
2
43 169 
2
558 18 14 0
3 18 2 0
2
43 170 
2
559 18 14 0
1 26 14 0
2
43 171 
2
560 18 14 0
1 20 4 0
2
43 172 
2
561 18 14 0
1 26 8 0
2
43 173 
2
562 18 14 0
1 26 6 0
2
43 174 
2
563 18 14 0
1 20 32 0
2
43 175 
2
564 18 14 0
1 6 8 0
2
43 176 
2
565 18 14 0
1 20 30 0
2
43 177 
2
566 18 14 0
1 8 4 0
2
43 178 
2
567 18 14 0
1 10 2 0
2
43 179 
2
568 18 14 0
1 30 22 0
2
43 180 
2
569 18 14 0
1 26 26 0
2
43 181 
2
570 18 14 0
1 32 20 0
2
43 182 
2
571 18 14 0
1 32 10 0
2
43 183 
2
572 18 14 0
1 2 8 0
2
43 184 
2
573 18 14 0
1 30 8 0
2
43 185 
2
574 18 14 0
1 24 30 0
2
43 186 
2
575 18 14 0
1 28 6 0
2
20 40 
2
36 14 16 0
143 10 16 0
2
21 41 
2
36 20 14 0
143 20 12 0
2
18 38 
2
18 4 18 0
74 4 16 0
2
19 39 
2
18 20 8 0
74 22 8 0
2
36 38 
2
41 4 22 0
75 4 16 0
2
37 39 
2
41 24 4 0
75 22 8 0
2
256 40 
2
17 34 10 0
144 10 16 0
2
38 40 
2
76 4 16 0
145 10 16 0
2
257 40 
2
17 34 8 0
146 10 16 0
2
18 40 
2
19 4 18 0
147 10 16 0
2
258 40 
2
17 34 6 0
148 10 16 0
2
38 40 
2
77 4 16 0
149 10 16 0
2
259 40 
2
17 34 4 0
150 10 16 0
2
304 41 
2
14 0 14 0
144 20 12 0
2
39 41 
2
76 22 8 0
145 20 12 0
2
305 41 
2
14 0 12 0
146 20 12 0
2
19 41 
2
19 20 8 0
147 20 12 0
2
306 41 
2
14 0 10 0
148 20 12 0
2
39 41 
2
77 22 8 0
149 20 12 0
2
307 41 
2
14 0 8 0
150 20 12 0
2
260 42 
2
17 34 2 0
596 16 16 0
2
40 42 
2
151 10 16 0
597 16 16 0
2
261 42 
2
17 34 0 0
598 16 16 0
2
20 42 
2
37 14 16 0
599 16 16 0
2
262 42 
2
17 32 34 0
600 16 16 0
2
40 42 
2
152 10 16 0
601 16 16 0
2
263 42 
2
17 32 0 0
602 16 16 0
2
244 43 
2
17 34 34 0
576 18 14 0
2
41 43 
2
151 20 12 0
577 18 14 0
2
249 43 
2
17 34 24 0
578 18 14 0
2
21 43 
2
37 20 14 0
579 18 14 0
2
250 43 
2
17 34 22 0
580 18 14 0
2
41 43 
2
152 20 12 0
581 18 14 0
2
252 43 
2
17 34 18 0
582 18 14 0
2
42 110 
2
603 16 16 0
18 6 20 0
2
43 167 
2
583 18 14 0
8 22 12 0
2
42 127 
2
604 16 16 0
16 12 18 0
2
43 168 
2
584 18 14 0
6 24 10 0
2
42 132 
2
605 16 16 0
12 8 16 0
2
43 169 
2
585 18 14 0
4 18 2 0
2
42 133 
2
606 16 16 0
10 10 12 0
2
43 170 
2
586 18 14 0
2 26 14 0
2
42 134 
2
607 16 16 0
8 16 30 0
2
43 171 
2
587 18 14 0
2 20 4 0
2
42 135 
2
608 16 16 0
8 10 26 0
2
43 172 
2
588 18 14 0
2 26 8 0
2
42 136 
2
609 16 16 0
8 16 26 0
2
43 173 
2
589 18 14 0
2 26 6 0
2
42 137 
2
610 16 16 0
8 16 28 0
2
43 174 
2
590 18 14 0
2 20 32 0
2
42 138 
2
611 16 16 0
8 10 20 0
2
43 175 
2
591 18 14 0
2 6 8 0
2
42 139 
2
612 16 16 0
8 12 26 0
2
43 176 
2
592 18 14 0
2 20 30 0
2
42 140 
2
613 16 16 0
8 14 18 0
2
43 177 
2
593 18 14 0
2 8 4 0
2
42 141 
2
614 16 16 0
8 14 20 0
2
43 178 
2
594 18 14 0
2 10 2 0
2
42 142 
2
615 16 16 0
8 8 12 0
2
43 179 
2
595 18 14 0
2 30 22 0
2
42 143 
2
616 16 16 0
8 22 24 0
2
43 180 
2
596 18 14 0
2 26 26 0
2
42 144 
2
617 16 16 0
8 24 18 0
2
43 181 
2
597 18 14 0
2 32 20 0
2
42 145 
2
618 16 16 0
8 22 10 0
2
43 182 
2
598 18 14 0
2 32 10 0
2
42 146 
2
619 16 16 0
8 30 12 0
2
43 183 
2
599 18 14 0
2 2 8 0
2
42 147 
2
620 16 16 0
6 4 8 0
2
43 184 
2
600 18 14 0
2 30 8 0
2
42 148 
2
621 16 16 0
4 12 30 0
2
43 185 
2
601 18 14 0
2 24 30 0
2
42 165 
2
622 16 16 0
2 4 20 0
2
43 186 
2
602 18 14 0
2 28 6 0
2
42 187 
2
623 16 16 0
0 12 28 0
2
43 188 
2
603 18 14 0
0 30 6 0
2
40 42 
2
153 10 16 0
624 16 16 0
2
41 43 
2
153 20 12 0
604 18 14 0
2
42 110 
2
625 16 16 0
19 6 20 0
2
43 167 
2
605 18 14 0
9 22 12 0
2
42 127 
2
626 16 16 0
17 12 18 0
2
43 168 
2
606 18 14 0
7 24 10 0
2
42 132 
2
627 16 16 0
13 8 16 0
2
43 169 
2
607 18 14 0
5 18 2 0
2
42 133 
2
628 16 16 0
11 10 12 0
2
43 170 
2
608 18 14 0
3 26 14 0
2
42 134 
2
629 16 16 0
9 16 30 0
2
43 171 
2
609 18 14 0
3 20 4 0
2
42 135 
2
630 16 16 0
9 10 26 0
2
43 172 
2
610 18 14 0
3 26 8 0
2
42 136 
2
631 16 16 0
9 16 26 0
2
43 173 
2
611 18 14 0
3 26 6 0
2
42 137 
2
632 16 16 0
9 16 28 0
2
43 174 
2
612 18 14 0
3 20 32 0
2
42 138 
2
633 16 16 0
9 10 20 0
2
43 175 
2
613 18 14 0
3 6 8 0
2
42 139 
2
634 16 16 0
9 12 26 0
2
43 176 
2
614 18 14 0
3 20 30 0
2
42 140 
2
635 16 16 0
9 14 18 0
2
43 177 
2
615 18 14 0
3 8 4 0
2
42 141 
2
636 16 16 0
9 14 20 0
2
43 178 
2
616 18 14 0
3 10 2 0
2
42 142 
2
637 16 16 0
9 8 12 0
2
43 179 
2
617 18 14 0
3 30 22 0
2
42 143 
2
638 16 16 0
9 22 24 0
2
43 180 
2
618 18 14 0
3 26 26 0
2
42 144 
2
639 16 16 0
9 24 18 0
2
43 181 
2
619 18 14 0
3 32 20 0
2
42 145 
2
640 16 16 0
9 22 10 0
2
43 182 
2
620 18 14 0
3 32 10 0
2
42 146 
2
641 16 16 0
9 30 12 0
2
43 183 
2
621 18 14 0
3 2 8 0
2
42 147 
2
642 16 16 0
7 4 8 0
2
43 184 
2
622 18 14 0
3 30 8 0
2
42 148 
2
643 16 16 0
5 12 30 0
2
43 185 
2
623 18 14 0
3 24 30 0
2
42 165 
2
644 16 16 0
3 4 20 0
2
43 186 
2
624 18 14 0
3 28 6 0
2
42 187 
2
645 16 16 0
1 12 28 0
2
43 188 
2
625 18 14 0
1 30 6 0
2
20 40 
2
38 14 16 0
154 10 16 0
2
21 41 
2
38 20 14 0
154 20 12 0
2
38 40 
2
78 4 16 0
155 10 16 0
2
39 41 
2
78 22 8 0
155 20 12 0
2
283 42 
2
17 12 0 0
646 16 16 0
2
40 42 
2
156 10 16 0
647 16 16 0
2
285 42 
2
17 10 0 0
648 16 16 0
2
20 42 
2
39 14 16 0
649 16 16 0
2
286 42 
2
17 8 34 0
650 16 16 0
2
40 42 
2
157 10 16 0
651 16 16 0
2
291 42 
2
17 4 0 0
652 16 16 0
2
272 43 
2
17 22 34 0
626 18 14 0
2
41 43 
2
156 20 12 0
627 18 14 0
2
273 43 
2
17 22 0 0
628 18 14 0
2
21 43 
2
39 20 14 0
629 18 14 0
2
274 43 
2
17 20 34 0
630 18 14 0
2
41 43 
2
157 20 12 0
631 18 14 0
2
275 43 
2
17 20 0 0
632 18 14 0
2
42 127 
2
653 16 16 0
18 12 18 0
2
43 186 
2
633 18 14 0
4 28 6 0
2
42 132 
2
654 16 16 0
14 8 16 0
2
43 188 
2
634 18 14 0
2 30 6 0
2
42 133 
2
655 16 16 0
12 10 12 0
2
43 189 
2
635 18 14 0
0 32 8 0
2
42 134 
2
656 16 16 0
10 16 30 0
2
42 135 
2
657 16 16 0
10 10 26 0
2
42 136 
2
658 16 16 0
10 16 26 0
2
42 137 
2
659 16 16 0
10 16 28 0
2
42 138 
2
660 16 16 0
10 10 20 0
2
42 139 
2
661 16 16 0
10 12 26 0
2
42 140 
2
662 16 16 0
10 14 18 0
2
42 141 
2
663 16 16 0
10 14 20 0
2
42 142 
2
664 16 16 0
10 8 12 0
2
42 143 
2
665 16 16 0
10 22 24 0
2
42 144 
2
666 16 16 0
10 24 18 0
2
42 145 
2
667 16 16 0
10 22 10 0
2
42 146 
2
668 16 16 0
10 30 12 0
2
42 147 
2
669 16 16 0
8 4 8 0
2
42 148 
2
670 16 16 0
6 12 30 0
2
42 165 
2
671 16 16 0
4 4 20 0
2
42 187 
2
672 16 16 0
2 12 28 0
2
42 190 
2
673 16 16 0
0 26 16 0
2
40 42 
2
158 10 16 0
674 16 16 0
2
41 43 
2
158 20 12 0
636 18 14 0
2
42 127 
2
675 16 16 0
19 12 18 0
2
43 186 
2
637 18 14 0
5 28 6 0
2
42 132 
2
676 16 16 0
15 8 16 0
2
43 188 
2
638 18 14 0
3 30 6 0
2
42 133 
2
677 16 16 0
13 10 12 0
2
43 189 
2
639 18 14 0
1 32 8 0
2
42 134 
2
678 16 16 0
11 16 30 0
2
42 135 
2
679 16 16 0
11 10 26 0
2
42 136 
2
680 16 16 0
11 16 26 0
2
42 137 
2
681 16 16 0
11 16 28 0
2
42 138 
2
682 16 16 0
11 10 20 0
2
42 139 
2
683 16 16 0
11 12 26 0
2
42 140 
2
684 16 16 0
11 14 18 0
2
42 141 
2
685 16 16 0
11 14 20 0
2
42 142 
2
686 16 16 0
11 8 12 0
2
42 143 
2
687 16 16 0
11 22 24 0
2
42 144 
2
688 16 16 0
11 24 18 0
2
42 145 
2
689 16 16 0
11 22 10 0
2
42 146 
2
690 16 16 0
11 30 12 0
2
42 147 
2
691 16 16 0
9 4 8 0
2
42 148 
2
692 16 16 0
7 12 30 0
2
42 165 
2
693 16 16 0
5 4 20 0
2
42 187 
2
694 16 16 0
3 12 28 0
2
42 190 
2
695 16 16 0
1 26 16 0
2
20 40 
2
40 14 16 0
159 10 16 0
2
21 41 
2
40 20 14 0
159 20 12 0
2
18 38 
2
20 4 18 0
79 4 16 0
2
19 39 
2
20 20 8 0
79 22 8 0
2
16 36 
2
10 4 24 0
42 4 22 0
2
17 37 
2
10 26 4 0
42 24 4 0
2
34 36 
2
25 2 24 0
43 4 22 0
2
35 37 
2
25 28 2 0
43 24 4 0
2
268 38 
2
17 26 34 0
80 4 16 0
2
36 38 
2
44 4 22 0
81 4 16 0
2
269 38 
2
17 26 0 0
82 4 16 0
2
16 38 
2
11 4 24 0
83 4 16 0
2
270 38 
2
17 24 34 0
84 4 16 0
2
36 38 
2
45 4 22 0
85 4 16 0
2
271 38 
2
17 24 0 0
86 4 16 0
2
264 39 
2
17 30 34 0
80 22 8 0
2
37 39 
2
44 24 4 0
81 22 8 0
2
265 39 
2
17 30 0 0
82 22 8 0
2
17 39 
2
11 26 4 0
83 22 8 0
2
266 39 
2
17 28 34 0
84 22 8 0
2
37 39 
2
45 24 4 0
85 22 8 0
2
267 39 
2
17 28 0 0
86 22 8 0
2
303 40 
2
17 0 16 0
160 10 16 0
2
38 40 
2
87 4 16 0
161 10 16 0
2
304 40 
2
17 0 14 0
162 10 16 0
2
18 40 
2
21 4 18 0
163 10 16 0
2
305 40 
2
17 0 12 0
164 10 16 0
2
38 40 
2
88 4 16 0
165 10 16 0
2
306 40 
2
17 0 10 0
166 10 16 0
2
276 41 
2
17 18 34 0
160 20 12 0
2
39 41 
2
87 22 8 0
161 20 12 0
2
277 41 
2
17 18 0 0
162 20 12 0
2
19 41 
2
21 20 8 0
163 20 12 0
2
278 41 
2
17 16 34 0
164 20 12 0
2
39 41 
2
88 22 8 0
165 20 12 0
2
279 41 
2
17 16 0 0
166 20 12 0
2
248 42 
2
20 34 26 0
696 16 16 0
2
40 42 
2
167 10 16 0
697 16 16 0
2
249 42 
2
20 34 24 0
698 16 16 0
2
20 42 
2
41 14 16 0
699 16 16 0
2
250 42 
2
20 34 22 0
700 16 16 0
2
40 42 
2
168 10 16 0
701 16 16 0
2
251 42 
2
20 34 20 0
702 16 16 0
2
280 43 
2
17 14 34 0
640 18 14 0
2
41 43 
2
167 20 12 0
641 18 14 0
2
281 43 
2
17 14 0 0
642 18 14 0
2
21 43 
2
41 20 14 0
643 18 14 0
2
282 43 
2
17 12 34 0
644 18 14 0
2
41 43 
2
168 20 12 0
645 18 14 0
2
284 43 
2
17 10 34 0
646 18 14 0
2
42 148 
2
703 16 16 0
8 12 30 0
2
43 188 
2
647 18 14 0
4 30 6 0
2
42 165 
2
704 16 16 0
6 4 20 0
2
43 189 
2
648 18 14 0
2 32 8 0
2
42 187 
2
705 16 16 0
4 12 28 0
2
43 191 
2
649 18 14 0
0 28 4 0
2
40 42 
2
169 10 16 0
706 16 16 0
2
41 43 
2
169 20 12 0
650 18 14 0
2
42 148 
2
707 16 16 0
9 12 30 0
2
43 188 
2
651 18 14 0
5 30 6 0
2
42 165 
2
708 16 16 0
7 4 20 0
2
43 189 
2
652 18 14 0
3 32 8 0
2
42 187 
2
709 16 16 0
5 12 28 0
2
43 191 
2
653 18 14 0
1 28 4 0
2
20 40 
2
42 14 16 0
170 10 16 0
2
21 41 
2
42 20 14 0
170 20 12 0
2
38 40 
2
89 4 16 0
171 10 16 0
2
39 41 
2
89 22 8 0
171 20 12 0
2
256 42 
2
20 34 10 0
710 16 16 0
2
40 42 
2
172 10 16 0
711 16 16 0
2
261 42 
2
20 34 0 0
712 16 16 0
2
20 42 
2
43 14 16 0
713 16 16 0
2
262 42 
2
20 32 34 0
714 16 16 0
2
40 42 
2
173 10 16 0
715 16 16 0
2
263 42 
2
20 32 0 0
716 16 16 0
2
292 43 
2
17 2 34 0
654 18 14 0
2
41 43 
2
172 20 12 0
655 18 14 0
2
293 43 
2
17 2 0 0
656 18 14 0
2
21 43 
2
43 20 14 0
657 18 14 0
2
294 43 
2
17 0 34 0
658 18 14 0
2
41 43 
2
173 20 12 0
659 18 14 0
2
295 43 
2
17 0 32 0
660 18 14 0
2
42 165 
2
717 16 16 0
8 4 20 0
2
43 79 
2
661 18 14 0
12 2 20 0
2
42 187 
2
718 16 16 0
6 12 28 0
2
43 80 
2
662 18 14 0
12 24 28 0
2
42 190 
2
719 16 16 0
2 26 16 0
2
43 81 
2
663 18 14 0
12 6 6 0
2
40 42 
2
174 10 16 0
720 16 16 0
2
41 43 
2
174 20 12 0
664 18 14 0
2
42 165 
2
721 16 16 0
9 4 20 0
2
43 79 
2
665 18 14 0
13 2 20 0
2
42 187 
2
722 16 16 0
7 12 28 0
2
43 80 
2
666 18 14 0
13 24 28 0
2
42 190 
2
723 16 16 0
3 26 16 0
2
43 81 
2
667 18 14 0
13 6 6 0
2
20 40 
2
44 14 16 0
175 10 16 0
2
21 41 
2
44 20 14 0
175 20 12 0
2
18 38 
2
22 4 18 0
90 4 16 0
2
19 39 
2
22 20 8 0
90 22 8 0
2
36 38 
2
46 4 22 0
91 4 16 0
2
37 39 
2
46 24 4 0
91 22 8 0
2
264 40 
2
20 30 34 0
176 10 16 0
2
38 40 
2
92 4 16 0
177 10 16 0
2
265 40 
2
20 30 0 0
178 10 16 0
2
18 40 
2
23 4 18 0
179 10 16 0
2
266 40 
2
20 28 34 0
180 10 16 0
2
38 40 
2
93 4 16 0
181 10 16 0
2
267 40 
2
20 28 0 0
182 10 16 0
2
296 41 
2
17 0 30 0
176 20 12 0
2
39 41 
2
92 22 8 0
177 20 12 0
2
297 41 
2
17 0 28 0
178 20 12 0
2
19 41 
2
23 20 8 0
179 20 12 0
2
298 41 
2
17 0 26 0
180 20 12 0
2
39 41 
2
93 22 8 0
181 20 12 0
2
299 41 
2
17 0 24 0
182 20 12 0
2
268 42 
2
20 26 34 0
724 16 16 0
2
40 42 
2
183 10 16 0
725 16 16 0
2
269 42 
2
20 26 0 0
726 16 16 0
2
20 42 
2
45 14 16 0
727 16 16 0
2
270 42 
2
20 24 34 0
728 16 16 0
2
40 42 
2
184 10 16 0
729 16 16 0
2
271 42 
2
20 24 0 0
730 16 16 0
2
300 43 
2
17 0 22 0
668 18 14 0
2
41 43 
2
183 20 12 0
669 18 14 0
2
301 43 
2
17 0 20 0
670 18 14 0
2
21 43 
2
45 20 14 0
671 18 14 0
2
302 43 
2
17 0 18 0
672 18 14 0
2
41 43 
2
184 20 12 0
673 18 14 0
2
307 43 
2
17 0 8 0
674 18 14 0
2
42 148 
2
731 16 16 0
10 12 30 0
2
43 80 
2
675 18 14 0
14 24 28 0
2
42 165 
2
732 16 16 0
10 4 20 0
2
43 81 
2
676 18 14 0
14 6 6 0
2
42 187 
2
733 16 16 0
8 12 28 0
2
43 82 
2
677 18 14 0
12 28 22 0
2
42 190 
2
734 16 16 0
4 26 16 0
2
42 192 
2
735 16 16 0
0 18 26 0
2
42 193 
2
736 16 16 0
0 6 16 0
2
42 194 
2
737 16 16 0
0 14 22 0
2
42 195 
2
738 16 16 0
0 10 22 0
2
42 196 
2
739 16 16 0
0 8 18 0
2
42 197 
2
740 16 16 0
0 16 22 0
2
42 198 
2
741 16 16 0
0 16 18 0
2
42 199 
2
742 16 16 0
0 14 28 0
2
42 200 
2
743 16 16 0
0 10 18 0
2
42 201 
2
744 16 16 0
0 18 20 0
2
42 202 
2
745 16 16 0
0 14 14 0
2
42 203 
2
746 16 16 0
0 2 14 0
2
42 204 
2
747 16 16 0
0 20 20 0
2
42 205 
2
748 16 16 0
0 18 10 0
2
42 206 
2
749 16 16 0
0 26 24 0
2
42 207 
2
750 16 16 0
0 4 10 0
2
42 208 
2
751 16 16 0
0 32 16 0
2
40 42 
2
185 10 16 0
752 16 16 0
2
41 43 
2
185 20 12 0
678 18 14 0
2
42 148 
2
753 16 16 0
11 12 30 0
2
43 80 
2
679 18 14 0
15 24 28 0
2
42 165 
2
754 16 16 0
11 4 20 0
2
43 81 
2
680 18 14 0
15 6 6 0
2
42 187 
2
755 16 16 0
9 12 28 0
2
43 82 
2
681 18 14 0
13 28 22 0
2
42 190 
2
756 16 16 0
5 26 16 0
2
42 192 
2
757 16 16 0
1 18 26 0
2
42 193 
2
758 16 16 0
1 6 16 0
2
42 194 
2
759 16 16 0
1 14 22 0
2
42 195 
2
760 16 16 0
1 10 22 0
2
42 196 
2
761 16 16 0
1 8 18 0
2
42 197 
2
762 16 16 0
1 16 22 0
2
42 198 
2
763 16 16 0
1 16 18 0
2
42 199 
2
764 16 16 0
1 14 28 0
2
42 200 
2
765 16 16 0
1 10 18 0
2
42 201 
2
766 16 16 0
1 18 20 0
2
42 202 
2
767 16 16 0
1 14 14 0
2
42 203 
2
768 16 16 0
1 2 14 0
2
42 204 
2
769 16 16 0
1 20 20 0
2
42 205 
2
770 16 16 0
1 18 10 0
2
42 206 
2
771 16 16 0
1 26 24 0
2
42 207 
2
772 16 16 0
1 4 10 0
2
42 208 
2
773 16 16 0
1 32 16 0
2
20 40 
2
46 14 16 0
186 10 16 0
2
21 41 
2
46 20 14 0
186 20 12 0
2
38 40 
2
94 4 16 0
187 10 16 0
2
39 41 
2
94 22 8 0
187 20 12 0
2
284 42 
2
20 10 34 0
774 16 16 0
2
40 42 
2
188 10 16 0
775 16 16 0
2
285 42 
2
20 10 0 0
776 16 16 0
2
20 42 
2
47 14 16 0
777 16 16 0
2
286 42 
2
20 8 34 0
778 16 16 0
2
40 42 
2
189 10 16 0
779 16 16 0
2
287 42 
2
20 8 0 0
780 16 16 0
2
244 43 
2
20 34 34 0
682 18 14 0
2
41 43 
2
188 20 12 0
683 18 14 0
2
245 43 
2
20 34 32 0
684 18 14 0
2
21 43 
2
47 20 14 0
685 18 14 0
2
246 43 
2
20 34 30 0
686 18 14 0
2
41 43 
2
189 20 12 0
687 18 14 0
2
247 43 
2
20 34 28 0
688 18 14 0
2
42 165 
2
781 16 16 0
12 4 20 0
2
43 79 
2
689 18 14 0
14 2 20 0
2
42 187 
2
782 16 16 0
10 12 28 0
2
43 80 
2
690 18 14 0
16 24 28 0
2
42 190 
2
783 16 16 0
6 26 16 0
2
43 81 
2
691 18 14 0
16 6 6 0
2
42 192 
2
784 16 16 0
2 18 26 0
2
43 82 
2
692 18 14 0
14 28 22 0
2
42 193 
2
785 16 16 0
2 6 16 0
2
43 83 
2
693 18 14 0
12 10 4 0
2
42 194 
2
786 16 16 0
2 14 22 0
2
43 84 
2
694 18 14 0
10 28 24 0
2
42 195 
2
787 16 16 0
2 10 22 0
2
43 85 
2
695 18 14 0
14 30 20 0
2
42 196 
2
788 16 16 0
2 8 18 0
2
43 88 
2
696 18 14 0
18 12 4 0
2
42 197 
2
789 16 16 0
2 16 22 0
2
43 110 
2
697 18 14 0
20 6 20 0
2
42 198 
2
790 16 16 0
2 16 18 0
2
43 127 
2
698 18 14 0
20 12 18 0
2
42 199 
2
791 16 16 0
2 14 28 0
2
43 132 
2
699 18 14 0
16 8 16 0
2
42 200 
2
792 16 16 0
2 10 18 0
2
43 133 
2
700 18 14 0
14 10 12 0
2
42 201 
2
793 16 16 0
2 18 20 0
2
43 134 
2
701 18 14 0
12 16 30 0
2
42 202 
2
794 16 16 0
2 14 14 0
2
43 135 
2
702 18 14 0
12 10 26 0
2
42 203 
2
795 16 16 0
2 2 14 0
2
43 136 
2
703 18 14 0
12 16 26 0
2
42 204 
2
796 16 16 0
2 20 20 0
2
43 137 
2
704 18 14 0
12 16 28 0
2
42 205 
2
797 16 16 0
2 18 10 0
2
43 138 
2
705 18 14 0
12 10 20 0
2
42 206 
2
798 16 16 0
2 26 24 0
2
43 139 
2
706 18 14 0
12 12 26 0
2
42 207 
2
799 16 16 0
2 4 10 0
2
43 140 
2
707 18 14 0
12 14 18 0
2
42 208 
2
800 16 16 0
2 32 16 0
2
43 141 
2
708 18 14 0
12 14 20 0
2
42 209 
2
801 16 16 0
0 2 18 0
2
43 142 
2
709 18 14 0
12 8 12 0
2
40 42 
2
190 10 16 0
802 16 16 0
2
41 43 
2
190 20 12 0
710 18 14 0
2
42 165 
2
803 16 16 0
13 4 20 0
2
43 79 
2
711 18 14 0
15 2 20 0
2
42 187 
2
804 16 16 0
11 12 28 0
2
43 80 
2
712 18 14 0
17 24 28 0
2
42 190 
2
805 16 16 0
7 26 16 0
2
43 81 
2
713 18 14 0
17 6 6 0
2
42 192 
2
806 16 16 0
3 18 26 0
2
43 82 
2
714 18 14 0
15 28 22 0
2
42 193 
2
807 16 16 0
3 6 16 0
2
43 83 
2
715 18 14 0
13 10 4 0
2
42 194 
2
808 16 16 0
3 14 22 0
2
43 84 
2
716 18 14 0
11 28 24 0
2
42 195 
2
809 16 16 0
3 10 22 0
2
43 85 
2
717 18 14 0
15 30 20 0
2
42 196 
2
810 16 16 0
3 8 18 0
2
43 88 
2
718 18 14 0
19 12 4 0
2
42 197 
2
811 16 16 0
3 16 22 0
2
43 110 
2
719 18 14 0
21 6 20 0
2
42 198 
2
812 16 16 0
3 16 18 0
2
43 127 
2
720 18 14 0
21 12 18 0
2
42 199 
2
813 16 16 0
3 14 28 0
2
43 132 
2
721 18 14 0
17 8 16 0
2
42 200 
2
814 16 16 0
3 10 18 0
2
43 133 
2
722 18 14 0
15 10 12 0
2
42 201 
2
815 16 16 0
3 18 20 0
2
43 134 
2
723 18 14 0
13 16 30 0
2
42 202 
2
816 16 16 0
3 14 14 0
2
43 135 
2
724 18 14 0
13 10 26 0
2
42 203 
2
817 16 16 0
3 2 14 0
2
43 136 
2
725 18 14 0
13 16 26 0
2
42 204 
2
818 16 16 0
3 20 20 0
2
43 137 
2
726 18 14 0
13 16 28 0
2
42 205 
2
819 16 16 0
3 18 10 0
2
43 138 
2
727 18 14 0
13 10 20 0
2
42 206 
2
820 16 16 0
3 26 24 0
2
43 139 
2
728 18 14 0
13 12 26 0
2
42 207 
2
821 16 16 0
3 4 10 0
2
43 140 
2
729 18 14 0
13 14 18 0
2
42 208 
2
822 16 16 0
3 32 16 0
2
43 141 
2
730 18 14 0
13 14 20 0
2
42 209 
2
823 16 16 0
1 2 18 0
2
43 142 
2
731 18 14 0
13 8 12 0
2
20 40 
2
48 14 16 0
191 10 16 0
2
21 41 
2
48 20 14 0
191 20 12 0
2
18 38 
2
24 4 18 0
95 4 16 0
2
19 39 
2
24 20 8 0
95 22 8 0
2
16 36 
2
12 4 24 0
47 4 22 0
2
17 37 
2
12 26 4 0
47 24 4 0
2
14 34 
2
6 4 26 0
26 2 24 0
2
15 35 
2
6 26 2 0
26 28 2 0
2
32 34 
2
14 2 28 0
27 2 24 0
2
33 35 
2
14 32 2 0
27 28 2 0
2
252 36 
2
20 34 18 0
48 4 22 0
2
34 36 
2
28 2 24 0
49 4 22 0
2
253 36 
2
20 34 16 0
50 4 22 0
2
14 36 
2
7 4 26 0
51 4 22 0
2
254 36 
2
20 34 14 0
52 4 22 0
2
34 36 
2
29 2 24 0
53 4 22 0
2
255 36 
2
20 34 12 0
54 4 22 0
2
287 37 
2
17 8 0 0
48 24 4 0
2
35 37 
2
28 28 2 0
49 24 4 0
2
288 37 
2
17 6 34 0
50 24 4 0
2
15 37 
2
7 26 2 0
51 24 4 0
2
289 37 
2
17 6 0 0
52 24 4 0
2
35 37 
2
29 28 2 0
53 24 4 0
2
290 37 
2
17 4 34 0
54 24 4 0
2
276 38 
2
20 18 34 0
96 4 16 0
2
36 38 
2
55 4 22 0
97 4 16 0
2
277 38 
2
20 18 0 0
98 4 16 0
2
16 38 
2
13 4 24 0
99 4 16 0
2
278 38 
2
20 16 34 0
100 4 16 0
2
36 38 
2
56 4 22 0
101 4 16 0
2
279 38 
2
20 16 0 0
102 4 16 0
2
308 39 
2
17 0 6 0
96 22 8 0
2
37 39 
2
55 24 4 0
97 22 8 0
2
309 39 
2
17 0 4 0
98 22 8 0
2
17 39 
2
13 26 4 0
99 22 8 0
2
310 39 
2
17 0 2 0
100 22 8 0
2
37 39 
2
56 24 4 0
101 22 8 0
2
311 39 
2
17 0 0 0
102 22 8 0
2
299 40 
2
20 0 24 0
192 10 16 0
2
38 40 
2
103 4 16 0
193 10 16 0
2
300 40 
2
20 0 22 0
194 10 16 0
2
18 40 
2
25 4 18 0
195 10 16 0
2
301 40 
2
20 0 20 0
196 10 16 0
2
38 40 
2
104 4 16 0
197 10 16 0
2
302 40 
2
20 0 18 0
198 10 16 0
2
257 41 
2
20 34 8 0
192 20 12 0
2
39 41 
2
103 22 8 0
193 20 12 0
2
258 41 
2
20 34 6 0
194 20 12 0
2
19 41 
2
25 20 8 0
195 20 12 0
2
259 41 
2
20 34 4 0
196 20 12 0
2
39 41 
2
104 22 8 0
197 20 12 0
2
260 41 
2
20 34 2 0
198 20 12 0
2
244 42 
2
23 34 34 0
824 16 16 0
2
40 42 
2
199 10 16 0
825 16 16 0
2
245 42 
2
23 34 32 0
826 16 16 0
2
20 42 
2
49 14 16 0
827 16 16 0
2
246 42 
2
23 34 30 0
828 16 16 0
2
40 42 
2
200 10 16 0
829 16 16 0
2
247 42 
2
23 34 28 0
830 16 16 0
2
272 43 
2
20 22 34 0
732 18 14 0
2
41 43 
2
199 20 12 0
733 18 14 0
2
273 43 
2
20 22 0 0
734 18 14 0
2
21 43 
2
49 20 14 0
735 18 14 0
2
274 43 
2
20 20 34 0
736 18 14 0
2
41 43 
2
200 20 12 0
737 18 14 0
2
275 43 
2
20 20 0 0
738 18 14 0
2
42 148 
2
831 16 16 0
12 12 30 0
2
43 80 
2
739 18 14 0
18 24 28 0
2
42 165 
2
832 16 16 0
14 4 20 0
2
43 81 
2
740 18 14 0
18 6 6 0
2
42 187 
2
833 16 16 0
12 12 28 0
2
43 82 
2
741 18 14 0
16 28 22 0
2
42 190 
2
834 16 16 0
8 26 16 0
2
43 83 
2
742 18 14 0
14 10 4 0
2
42 192 
2
835 16 16 0
4 18 26 0
2
43 84 
2
743 18 14 0
12 28 24 0
2
42 193 
2
836 16 16 0
4 6 16 0
2
43 85 
2
744 18 14 0
16 30 20 0
2
42 194 
2
837 16 16 0
4 14 22 0
2
43 88 
2
745 18 14 0
20 12 4 0
2
42 195 
2
838 16 16 0
4 10 22 0
2
43 110 
2
746 18 14 0
22 6 20 0
2
42 196 
2
839 16 16 0
4 8 18 0
2
43 127 
2
747 18 14 0
22 12 18 0
2
42 197 
2
840 16 16 0
4 16 22 0
2
43 132 
2
748 18 14 0
18 8 16 0
2
42 198 
2
841 16 16 0
4 16 18 0
2
43 133 
2
749 18 14 0
16 10 12 0
2
42 199 
2
842 16 16 0
4 14 28 0
2
43 134 
2
750 18 14 0
14 16 30 0
2
42 200 
2
843 16 16 0
4 10 18 0
2
43 135 
2
751 18 14 0
14 10 26 0
2
42 201 
2
844 16 16 0
4 18 20 0
2
43 136 
2
752 18 14 0
14 16 26 0
2
42 202 
2
845 16 16 0
4 14 14 0
2
43 137 
2
753 18 14 0
14 16 28 0
2
42 203 
2
846 16 16 0
4 2 14 0
2
43 138 
2
754 18 14 0
14 10 20 0
2
42 204 
2
847 16 16 0
4 20 20 0
2
43 139 
2
755 18 14 0
14 12 26 0
2
42 205 
2
848 16 16 0
4 18 10 0
2
43 140 
2
756 18 14 0
14 14 18 0
2
42 206 
2
849 16 16 0
4 26 24 0
2
43 141 
2
757 18 14 0
14 14 20 0
2
43 142 
2
758 18 14 0
14 8 12 0
2
43 143 
2
759 18 14 0
12 22 24 0
2
40 42 
2
201 10 16 0
850 16 16 0
2
41 43 
2
201 20 12 0
760 18 14 0
2
42 148 
2
851 16 16 0
13 12 30 0
2
43 80 
2
761 18 14 0
19 24 28 0
2
42 165 
2
852 16 16 0
15 4 20 0
2
43 81 
2
762 18 14 0
19 6 6 0
2
42 187 
2
853 16 16 0
13 12 28 0
2
43 82 
2
763 18 14 0
17 28 22 0
2
42 190 
2
854 16 16 0
9 26 16 0
2
43 83 
2
764 18 14 0
15 10 4 0
2
42 192 
2
855 16 16 0
5 18 26 0
2
43 84 
2
765 18 14 0
13 28 24 0
2
42 193 
2
856 16 16 0
5 6 16 0
2
43 85 
2
766 18 14 0
17 30 20 0
2
42 194 
2
857 16 16 0
5 14 22 0
2
43 88 
2
767 18 14 0
21 12 4 0
2
42 195 
2
858 16 16 0
5 10 22 0
2
43 110 
2
768 18 14 0
23 6 20 0
2
42 196 
2
859 16 16 0
5 8 18 0
2
43 127 
2
769 18 14 0
23 12 18 0
2
42 197 
2
860 16 16 0
5 16 22 0
2
43 132 
2
770 18 14 0
19 8 16 0
2
42 198 
2
861 16 16 0
5 16 18 0
2
43 133 
2
771 18 14 0
17 10 12 0
2
42 199 
2
862 16 16 0
5 14 28 0
2
43 134 
2
772 18 14 0
15 16 30 0
2
42 200 
2
863 16 16 0
5 10 18 0
2
43 135 
2
773 18 14 0
15 10 26 0
2
42 201 
2
864 16 16 0
5 18 20 0
2
43 136 
2
774 18 14 0
15 16 26 0
2
42 202 
2
865 16 16 0
5 14 14 0
2
43 137 
2
775 18 14 0
15 16 28 0
2
42 203 
2
866 16 16 0
5 2 14 0
2
43 138 
2
776 18 14 0
15 10 20 0
2
42 204 
2
867 16 16 0
5 20 20 0
2
43 139 
2
777 18 14 0
15 12 26 0
2
42 205 
2
868 16 16 0
5 18 10 0
2
43 140 
2
778 18 14 0
15 14 18 0
2
42 206 
2
869 16 16 0
5 26 24 0
2
43 141 
2
779 18 14 0
15 14 20 0
2
43 142 
2
780 18 14 0
15 8 12 0
2
43 143 
2
781 18 14 0
13 22 24 0
2
20 40 
2
50 14 16 0
202 10 16 0
2
21 41 
2
50 20 14 0
202 20 12 0
2
38 40 
2
105 4 16 0
203 10 16 0
2
39 41 
2
105 22 8 0
203 20 12 0
2
252 42 
2
23 34 18 0
870 16 16 0
2
40 42 
2
204 10 16 0
871 16 16 0
2
253 42 
2
23 34 16 0
872 16 16 0
2
20 42 
2
51 14 16 0
873 16 16 0
2
254 42 
2
23 34 14 0
874 16 16 0
2
40 42 
2
205 10 16 0
875 16 16 0
2
255 42 
2
23 34 12 0
876 16 16 0
2
288 43 
2
20 6 34 0
782 18 14 0
2
41 43 
2
204 20 12 0
783 18 14 0
2
289 43 
2
20 6 0 0
784 18 14 0
2
21 43 
2
51 20 14 0
785 18 14 0
2
290 43 
2
20 4 34 0
786 18 14 0
2
41 43 
2
205 20 12 0
787 18 14 0
2
291 43 
2
20 4 0 0
788 18 14 0
2
42 165 
2
877 16 16 0
16 4 20 0
2
43 142 
2
789 18 14 0
16 8 12 0
2
42 187 
2
878 16 16 0
14 12 28 0
2
43 143 
2
790 18 14 0
14 22 24 0
2
42 190 
2
879 16 16 0
10 26 16 0
2
43 144 
2
791 18 14 0
12 24 18 0
2
42 192 
2
880 16 16 0
6 18 26 0
2
42 193 
2
881 16 16 0
6 6 16 0
2
42 194 
2
882 16 16 0
6 14 22 0
2
42 195 
2
883 16 16 0
6 10 22 0
2
42 196 
2
884 16 16 0
6 8 18 0
2
42 197 
2
885 16 16 0
6 16 22 0
2
42 198 
2
886 16 16 0
6 16 18 0
2
42 199 
2
887 16 16 0
6 14 28 0
2
42 200 
2
888 16 16 0
6 10 18 0
2
42 201 
2
889 16 16 0
6 18 20 0
2
42 202 
2
890 16 16 0
6 14 14 0
2
42 203 
2
891 16 16 0
6 2 14 0
2
42 204 
2
892 16 16 0
6 20 20 0
2
42 205 
2
893 16 16 0
6 18 10 0
2
42 206 
2
894 16 16 0
6 26 24 0
2
42 207 
2
895 16 16 0
4 4 10 0
2
40 42 
2
206 10 16 0
896 16 16 0
2
41 43 
2
206 20 12 0
792 18 14 0
2
42 165 
2
897 16 16 0
17 4 20 0
2
43 142 
2
793 18 14 0
17 8 12 0
2
42 187 
2
898 16 16 0
15 12 28 0
2
43 143 
2
794 18 14 0
15 22 24 0
2
42 190 
2
899 16 16 0
11 26 16 0
2
43 144 
2
795 18 14 0
13 24 18 0
2
42 192 
2
900 16 16 0
7 18 26 0
2
42 193 
2
901 16 16 0
7 6 16 0
2
42 194 
2
902 16 16 0
7 14 22 0
2
42 195 
2
903 16 16 0
7 10 22 0
2
42 196 
2
904 16 16 0
7 8 18 0
2
42 197 
2
905 16 16 0
7 16 22 0
2
42 198 
2
906 16 16 0
7 16 18 0
2
42 199 
2
907 16 16 0
7 14 28 0
2
42 200 
2
908 16 16 0
7 10 18 0
2
42 201 
2
909 16 16 0
7 18 20 0
2
42 202 
2
910 16 16 0
7 14 14 0
2
42 203 
2
911 16 16 0
7 2 14 0
2
42 204 
2
912 16 16 0
7 20 20 0
2
42 205 
2
913 16 16 0
7 18 10 0
2
42 206 
2
914 16 16 0
7 26 24 0
2
42 207 
2
915 16 16 0
5 4 10 0
2
20 40 
2
52 14 16 0
207 10 16 0
2
21 41 
2
52 20 14 0
207 20 12 0
2
18 38 
2
26 4 18 0
106 4 16 0
2
19 39 
2
26 20 8 0
106 22 8 0
2
36 38 
2
57 4 22 0
107 4 16 0
2
37 39 
2
57 24 4 0
107 22 8 0
2
256 40 
2
23 34 10 0
208 10 16 0
2
38 40 
2
108 4 16 0
209 10 16 0
2
257 40 
2
23 34 8 0
210 10 16 0
2
18 40 
2
27 4 18 0
211 10 16 0
2
258 40 
2
23 34 6 0
212 10 16 0
2
38 40 
2
109 4 16 0
213 10 16 0
2
259 40 
2
23 34 4 0
214 10 16 0
2
292 41 
2
20 2 34 0
208 20 12 0
2
39 41 
2
108 22 8 0
209 20 12 0
2
293 41 
2
20 2 0 0
210 20 12 0
2
19 41 
2
27 20 8 0
211 20 12 0
2
294 41 
2
20 0 34 0
212 20 12 0
2
39 41 
2
109 22 8 0
213 20 12 0
2
295 41 
2
20 0 32 0
214 20 12 0
2
260 42 
2
23 34 2 0
916 16 16 0
2
40 42 
2
215 10 16 0
917 16 16 0
2
261 42 
2
23 34 0 0
918 16 16 0
2
20 42 
2
53 14 16 0
919 16 16 0
2
262 42 
2
23 32 34 0
920 16 16 0
2
40 42 
2
216 10 16 0
921 16 16 0
2
263 42 
2
23 32 0 0
922 16 16 0
2
296 43 
2
20 0 30 0
796 18 14 0
2
41 43 
2
215 20 12 0
797 18 14 0
2
297 43 
2
20 0 28 0
798 18 14 0
2
21 43 
2
53 20 14 0
799 18 14 0
2
298 43 
2
20 0 26 0
800 18 14 0
2
41 43 
2
216 20 12 0
801 18 14 0
2
303 43 
2
20 0 16 0
802 18 14 0
2
42 187 
2
923 16 16 0
16 12 28 0
2
43 143 
2
803 18 14 0
16 22 24 0
2
42 190 
2
924 16 16 0
12 26 16 0
2
43 144 
2
804 18 14 0
14 24 18 0
2
42 192 
2
925 16 16 0
8 18 26 0
2
43 145 
2
805 18 14 0
12 22 10 0
2
40 42 
2
217 10 16 0
926 16 16 0
2
41 43 
2
217 20 12 0
806 18 14 0
2
42 187 
2
927 16 16 0
17 12 28 0
2
43 143 
2
807 18 14 0
17 22 24 0
2
42 190 
2
928 16 16 0
13 26 16 0
2
43 144 
2
808 18 14 0
15 24 18 0
2
42 192 
2
929 16 16 0
9 18 26 0
2
43 145 
2
809 18 14 0
13 22 10 0
2
20 40 
2
54 14 16 0
218 10 16 0
2
21 41 
2
54 20 14 0
218 20 12 0
2
38 40 
2
110 4 16 0
219 10 16 0
2
39 41 
2
110 22 8 0
219 20 12 0
2
268 42 
2
23 26 34 0
930 16 16 0
2
40 42 
2
220 10 16 0
931 16 16 0
2
269 42 
2
23 26 0 0
932 16 16 0
2
20 42 
2
55 14 16 0
933 16 16 0
2
270 42 
2
23 24 34 0
934 16 16 0
2
40 42 
2
221 10 16 0
935 16 16 0
2
271 42 
2
23 24 0 0
936 16 16 0
2
308 43 
2
20 0 6 0
810 18 14 0
2
41 43 
2
220 20 12 0
811 18 14 0
2
309 43 
2
20 0 4 0
812 18 14 0
2
21 43 
2
55 20 14 0
813 18 14 0
2
310 43 
2
20 0 2 0
814 18 14 0
2
41 43 
2
221 20 12 0
815 18 14 0
2
311 43 
2
20 0 0 0
816 18 14 0
2
42 190 
2
937 16 16 0
14 26 16 0
2
43 142 
2
817 18 14 0
18 8 12 0
2
42 192 
2
938 16 16 0
10 18 26 0
2
43 143 
2
818 18 14 0
18 22 24 0
2
42 193 
2
939 16 16 0
8 6 16 0
2
43 144 
2
819 18 14 0
16 24 18 0
2
43 145 
2
820 18 14 0
14 22 10 0
2
43 146 
2
821 18 14 0
12 30 12 0
2
43 147 
2
822 18 14 0
10 4 8 0
2
43 148 
2
823 18 14 0
14 12 30 0
2
43 165 
2
824 18 14 0
18 4 20 0
2
43 187 
2
825 18 14 0
18 12 28 0
2
43 190 
2
826 18 14 0
15 26 16 0
2
43 192 
2
827 18 14 0
11 18 26 0
2
43 193 
2
828 18 14 0
9 6 16 0
2
43 194 
2
829 18 14 0
8 14 22 0
2
43 195 
2
830 18 14 0
8 10 22 0
2
43 196 
2
831 18 14 0
8 8 18 0
2
43 197 
2
832 18 14 0
8 16 22 0
2
43 198 
2
833 18 14 0
8 16 18 0
2
43 199 
2
834 18 14 0
8 14 28 0
2
43 200 
2
835 18 14 0
8 10 18 0
2
43 201 
2
836 18 14 0
8 18 20 0
2
43 202 
2
837 18 14 0
8 14 14 0
2
40 42 
2
222 10 16 0
940 16 16 0
2
41 43 
2
222 20 12 0
838 18 14 0
2
42 190 
2
941 16 16 0
16 26 16 0
2
43 142 
2
839 18 14 0
19 8 12 0
2
42 192 
2
942 16 16 0
12 18 26 0
2
43 143 
2
840 18 14 0
19 22 24 0
2
42 193 
2
943 16 16 0
10 6 16 0
2
43 144 
2
841 18 14 0
17 24 18 0
2
43 145 
2
842 18 14 0
15 22 10 0
2
43 146 
2
843 18 14 0
13 30 12 0
2
43 147 
2
844 18 14 0
11 4 8 0
2
43 148 
2
845 18 14 0
15 12 30 0
2
43 165 
2
846 18 14 0
19 4 20 0
2
43 187 
2
847 18 14 0
19 12 28 0
2
43 190 
2
848 18 14 0
17 26 16 0
2
43 192 
2
849 18 14 0
13 18 26 0
2
43 193 
2
850 18 14 0
11 6 16 0
2
43 194 
2
851 18 14 0
9 14 22 0
2
43 195 
2
852 18 14 0
9 10 22 0
2
43 196 
2
853 18 14 0
9 8 18 0
2
43 197 
2
854 18 14 0
9 16 22 0
2
43 198 
2
855 18 14 0
9 16 18 0
2
43 199 
2
856 18 14 0
9 14 28 0
2
43 200 
2
857 18 14 0
9 10 18 0
2
43 201 
2
858 18 14 0
9 18 20 0
2
43 202 
2
859 18 14 0
9 14 14 0
2
20 40 
2
56 14 16 0
223 10 16 0
2
21 41 
2
56 20 14 0
223 20 12 0
2
18 38 
2
28 4 18 0
111 4 16 0
2
19 39 
2
28 20 8 0
111 22 8 0
2
16 36 
2
14 4 24 0
58 4 22 0
2
17 37 
2
14 26 4 0
58 24 4 0
2
34 36 
2
30 2 24 0
59 4 22 0
2
35 37 
2
30 28 2 0
59 24 4 0
2
264 38 
2
23 30 34 0
112 4 16 0
2
36 38 
2
60 4 22 0
113 4 16 0
2
265 38 
2
23 30 0 0
114 4 16 0
2
16 38 
2
15 4 24 0
115 4 16 0
2
266 38 
2
23 28 34 0
116 4 16 0
2
36 38 
2
61 4 22 0
117 4 16 0
2
267 38 
2
23 28 0 0
118 4 16 0
2
304 39 
2
20 0 14 0
112 22 8 0
2
37 39 
2
60 24 4 0
113 22 8 0
2
305 39 
2
20 0 12 0
114 22 8 0
2
17 39 
2
15 26 4 0
115 22 8 0
2
306 39 
2
20 0 10 0
116 22 8 0
2
37 39 
2
61 24 4 0
117 22 8 0
2
307 39 
2
20 0 8 0
118 22 8 0
2
276 40 
2
23 18 34 0
224 10 16 0
2
38 40 
2
119 4 16 0
225 10 16 0
2
277 40 
2
23 18 0 0
226 10 16 0
2
18 40 
2
29 4 18 0
227 10 16 0
2
278 40 
2
23 16 34 0
228 10 16 0
2
38 40 
2
120 4 16 0
229 10 16 0
2
279 40 
2
23 16 0 0
230 10 16 0
2
272 41 
2
23 22 34 0
224 20 12 0
2
39 41 
2
119 22 8 0
225 20 12 0
2
273 41 
2
23 22 0 0
226 20 12 0
2
19 41 
2
29 20 8 0
227 20 12 0
2
274 41 
2
23 20 34 0
228 20 12 0
2
39 41 
2
120 22 8 0
229 20 12 0
2
275 41 
2
23 20 0 0
230 20 12 0
2
284 42 
2
23 10 34 0
944 16 16 0
2
40 42 
2
231 10 16 0
945 16 16 0
2
285 42 
2
23 10 0 0
946 16 16 0
2
20 42 
2
57 14 16 0
947 16 16 0
2
286 42 
2
23 8 34 0
948 16 16 0
2
40 42 
2
232 10 16 0
949 16 16 0
2
287 42 
2
23 8 0 0
950 16 16 0
2
280 43 
2
23 14 34 0
860 18 14 0
2
41 43 
2
231 20 12 0
861 18 14 0
2
281 43 
2
23 14 0 0
862 18 14 0
2
21 43 
2
57 20 14 0
863 18 14 0
2
282 43 
2
23 12 34 0
864 18 14 0
2
41 43 
2
232 20 12 0
865 18 14 0
2
283 43 
2
23 12 0 0
866 18 14 0
2
42 187 
2
951 16 16 0
20 12 28 0
2
43 143 
2
867 18 14 0
20 22 24 0
2
42 190 
2
952 16 16 0
18 26 16 0
2
43 144 
2
868 18 14 0
18 24 18 0
2
42 192 
2
953 16 16 0
14 18 26 0
2
43 145 
2
869 18 14 0
16 22 10 0
2
42 193 
2
954 16 16 0
12 6 16 0
2
43 146 
2
870 18 14 0
14 30 12 0
2
42 194 
2
955 16 16 0
10 14 22 0
2
43 147 
2
871 18 14 0
12 4 8 0
2
42 195 
2
956 16 16 0
10 10 22 0
2
43 148 
2
872 18 14 0
16 12 30 0
2
42 196 
2
957 16 16 0
10 8 18 0
2
43 165 
2
873 18 14 0
20 4 20 0
2
42 197 
2
958 16 16 0
10 16 22 0
2
43 187 
2
874 18 14 0
21 12 28 0
2
42 198 
2
959 16 16 0
10 16 18 0
2
43 190 
2
875 18 14 0
19 26 16 0
2
42 199 
2
960 16 16 0
10 14 28 0
2
43 192 
2
876 18 14 0
15 18 26 0
2
42 200 
2
961 16 16 0
10 10 18 0
2
43 193 
2
877 18 14 0
13 6 16 0
2
42 201 
2
962 16 16 0
10 18 20 0
2
43 194 
2
878 18 14 0
11 14 22 0
2
42 202 
2
963 16 16 0
10 14 14 0
2
43 195 
2
879 18 14 0
11 10 22 0
2
42 203 
2
964 16 16 0
8 2 14 0
2
43 196 
2
880 18 14 0
11 8 18 0
2
42 204 
2
965 16 16 0
8 20 20 0
2
43 197 
2
881 18 14 0
11 16 22 0
2
42 205 
2
966 16 16 0
8 18 10 0
2
43 198 
2
882 18 14 0
11 16 18 0
2
42 206 
2
967 16 16 0
8 26 24 0
2
43 199 
2
883 18 14 0
11 14 28 0
2
42 207 
2
968 16 16 0
6 4 10 0
2
43 200 
2
884 18 14 0
11 10 18 0
2
42 208 
2
969 16 16 0
4 32 16 0
2
43 201 
2
885 18 14 0
11 18 20 0
2
42 209 
2
970 16 16 0
2 2 18 0
2
43 202 
2
886 18 14 0
11 14 14 0
2
42 210 
2
971 16 16 0
0 8 24 0
2
43 203 
2
887 18 14 0
9 2 14 0
2
40 42 
2
233 10 16 0
972 16 16 0
2
41 43 
2
233 20 12 0
888 18 14 0
2
42 187 
2
973 16 16 0
22 12 28 0
2
43 143 
2
889 18 14 0
21 22 24 0
2
42 190 
2
974 16 16 0
20 26 16 0
2
43 144 
2
890 18 14 0
19 24 18 0
2
42 192 
2
975 16 16 0
16 18 26 0
2
43 145 
2
891 18 14 0
17 22 10 0
2
42 193 
2
976 16 16 0
14 6 16 0
2
43 146 
2
892 18 14 0
15 30 12 0
2
42 194 
2
977 16 16 0
12 14 22 0
2
43 147 
2
893 18 14 0
13 4 8 0
2
42 195 
2
978 16 16 0
12 10 22 0
2
43 148 
2
894 18 14 0
17 12 30 0
2
42 196 
2
979 16 16 0
12 8 18 0
2
43 165 
2
895 18 14 0
21 4 20 0
2
42 197 
2
980 16 16 0
12 16 22 0
2
43 187 
2
896 18 14 0
23 12 28 0
2
42 198 
2
981 16 16 0
12 16 18 0
2
43 190 
2
897 18 14 0
21 26 16 0
2
42 199 
2
982 16 16 0
12 14 28 0
2
43 192 
2
898 18 14 0
17 18 26 0
2
42 200 
2
983 16 16 0
12 10 18 0
2
43 193 
2
899 18 14 0
15 6 16 0
2
42 201 
2
984 16 16 0
12 18 20 0
2
43 194 
2
900 18 14 0
13 14 22 0
2
42 202 
2
985 16 16 0
12 14 14 0
2
43 195 
2
901 18 14 0
13 10 22 0
2
42 203 
2
986 16 16 0
10 2 14 0
2
43 196 
2
902 18 14 0
13 8 18 0
2
42 204 
2
987 16 16 0
9 20 20 0
2
43 197 
2
903 18 14 0
13 16 22 0
2
42 205 
2
988 16 16 0
9 18 10 0
2
43 198 
2
904 18 14 0
13 16 18 0
2
42 206 
2
989 16 16 0
9 26 24 0
2
43 199 
2
905 18 14 0
13 14 28 0
2
42 207 
2
990 16 16 0
7 4 10 0
2
43 200 
2
906 18 14 0
13 10 18 0
2
42 208 
2
991 16 16 0
5 32 16 0
2
43 201 
2
907 18 14 0
13 18 20 0
2
42 209 
2
992 16 16 0
3 2 18 0
2
43 202 
2
908 18 14 0
13 14 14 0
2
42 210 
2
993 16 16 0
1 8 24 0
2
43 203 
2
909 18 14 0
11 2 14 0
2
20 40 
2
58 14 16 0
234 10 16 0
2
21 41 
2
58 20 14 0
234 20 12 0
2
38 40 
2
121 4 16 0
235 10 16 0
2
39 41 
2
121 22 8 0
235 20 12 0
2
304 42 
2
23 0 14 0
994 16 16 0
2
40 42 
2
236 10 16 0
995 16 16 0
2
305 42 
2
23 0 12 0
996 16 16 0
2
20 42 
2
59 14 16 0
997 16 16 0
2
306 42 
2
23 0 10 0
998 16 16 0
2
40 42 
2
237 10 16 0
999 16 16 0
2
307 42 
2
23 0 8 0
1000 16 16 0
2
296 43 
2
23 0 30 0
910 18 14 0
2
41 43 
2
236 20 12 0
911 18 14 0
2
297 43 
2
23 0 28 0
912 18 14 0
2
21 43 
2
59 20 14 0
913 18 14 0
2
298 43 
2
23 0 26 0
914 18 14 0
2
41 43 
2
237 20 12 0
915 18 14 0
2
299 43 
2
23 0 24 0
916 18 14 0
2
42 190 
2
1001 16 16 0
22 26 16 0
2
43 202 
2
917 18 14 0
14 14 14 0
2
42 192 
2
1002 16 16 0
18 18 26 0
2
43 203 
2
918 18 14 0
12 2 14 0
2
42 193 
2
1003 16 16 0
16 6 16 0
2
43 204 
2
919 18 14 0
10 20 20 0
2
42 194 
2
1004 16 16 0
14 14 22 0
2
42 195 
2
1005 16 16 0
14 10 22 0
2
42 196 
2
1006 16 16 0
14 8 18 0
2
42 197 
2
1007 16 16 0
14 16 22 0
2
42 198 
2
1008 16 16 0
14 16 18 0
2
42 199 
2
1009 16 16 0
14 14 28 0
2
42 200 
2
1010 16 16 0
14 10 18 0
2
42 201 
2
1011 16 16 0
14 18 20 0
2
42 202 
2
1012 16 16 0
15 14 14 0
2
42 203 
2
1013 16 16 0
13 2 14 0
2
42 204 
2
1014 16 16 0
11 20 20 0
2
42 205 
2
1015 16 16 0
10 18 10 0
2
42 206 
2
1016 16 16 0
10 26 24 0
2
42 207 
2
1017 16 16 0
8 4 10 0
2
42 208 
2
1018 16 16 0
6 32 16 0
2
42 209 
2
1019 16 16 0
4 2 18 0
2
42 210 
2
1020 16 16 0
2 8 24 0
2
42 211 
2
1021 16 16 0
0 6 18 0
2
40 42 
2
238 10 16 0
1022 16 16 0
2
41 43 
2
238 20 12 0
920 18 14 0
2
42 190 
2
1023 16 16 0
23 26 16 0
2
43 202 
2
921 18 14 0
16 14 14 0
2
42 192 
2
1024 16 16 0
19 18 26 0
2
43 203 
2
922 18 14 0
14 2 14 0
2
42 193 
2
1025 16 16 0
17 6 16 0
2
43 204 
2
923 18 14 0
12 20 20 0
2
42 194 
2
1026 16 16 0
15 14 22 0
2
42 195 
2
1027 16 16 0
15 10 22 0
2
42 196 
2
1028 16 16 0
15 8 18 0
2
42 197 
2
1029 16 16 0
15 16 22 0
2
42 198 
2
1030 16 16 0
15 16 18 0
2
42 199 
2
1031 16 16 0
15 14 28 0
2
42 200 
2
1032 16 16 0
15 10 18 0
2
42 201 
2
1033 16 16 0
15 18 20 0
2
42 202 
2
1034 16 16 0
17 14 14 0
2
42 203 
2
1035 16 16 0
15 2 14 0
2
42 204 
2
1036 16 16 0
13 20 20 0
2
42 205 
2
1037 16 16 0
11 18 10 0
2
42 206 
2
1038 16 16 0
11 26 24 0
2
42 207 
2
1039 16 16 0
9 4 10 0
2
42 208 
2
1040 16 16 0
7 32 16 0
2
42 209 
2
1041 16 16 0
5 2 18 0
2
42 210 
2
1042 16 16 0
3 8 24 0
2
42 211 
2
1043 16 16 0
1 6 18 0
2
20 40 
2
60 14 16 0
239 10 16 0
2
21 41 
2
60 20 14 0
239 20 12 0
2
18 38 
2
30 4 18 0
122 4 16 0
2
19 39 
2
30 20 8 0
122 22 8 0
2
36 38 
2
62 4 22 0
123 4 16 0
2
37 39 
2
62 24 4 0
123 22 8 0
2
244 40 
2
26 34 34 0
240 10 16 0
2
38 40 
2
124 4 16 0
241 10 16 0
2
245 40 
2
26 34 32 0
242 10 16 0
2
18 40 
2
31 4 18 0
243 10 16 0
2
246 40 
2
26 34 30 0
244 10 16 0
2
38 40 
2
125 4 16 0
245 10 16 0
2
247 40 
2
26 34 28 0
246 10 16 0
2
300 41 
2
23 0 22 0
240 20 12 0
2
39 41 
2
124 22 8 0
241 20 12 0
2
301 41 
2
23 0 20 0
242 20 12 0
2
19 41 
2
31 20 8 0
243 20 12 0
2
302 41 
2
23 0 18 0
244 20 12 0
2
39 41 
2
125 22 8 0
245 20 12 0
2
303 41 
2
23 0 16 0
246 20 12 0
2
256 42 
2
26 34 10 0
1044 16 16 0
2
40 42 
2
247 10 16 0
1045 16 16 0
2
257 42 
2
26 34 8 0
1046 16 16 0
2
20 42 
2
61 14 16 0
1047 16 16 0
2
258 42 
2
26 34 6 0
1048 16 16 0
2
40 42 
2
248 10 16 0
1049 16 16 0
2
259 42 
2
26 34 4 0
1050 16 16 0
2
308 43 
2
23 0 6 0
924 18 14 0
2
41 43 
2
247 20 12 0
925 18 14 0
2
309 43 
2
23 0 4 0
926 18 14 0
2
21 43 
2
61 20 14 0
927 18 14 0
2
310 43 
2
23 0 2 0
928 18 14 0
2
41 43 
2
248 20 12 0
929 18 14 0
2
311 43 
2
23 0 0 0
930 18 14 0
2
42 208 
2
1051 16 16 0
8 32 16 0
2
43 203 
2
931 18 14 0
16 2 14 0
2
42 209 
2
1052 16 16 0
6 2 18 0
2
43 204 
2
932 18 14 0
14 20 20 0
2
42 210 
2
1053 16 16 0
4 8 24 0
2
43 205 
2
933 18 14 0
12 18 10 0
2
40 42 
2
249 10 16 0
1054 16 16 0
2
41 43 
2
249 20 12 0
934 18 14 0
2
42 208 
2
1055 16 16 0
9 32 16 0
2
43 203 
2
935 18 14 0
17 2 14 0
2
42 209 
2
1056 16 16 0
7 2 18 0
2
43 204 
2
936 18 14 0
15 20 20 0
2
42 210 
2
1057 16 16 0
5 8 24 0
2
43 205 
2
937 18 14 0
13 18 10 0
2
20 40 
2
62 14 16 0
250 10 16 0
2
21 41 
2
62 20 14 0
250 20 12 0
2
38 40 
2
126 4 16 0
251 10 16 0
2
39 41 
2
126 22 8 0
251 20 12 0
2
264 42 
2
26 30 34 0
1058 16 16 0
2
40 42 
2
252 10 16 0
1059 16 16 0
2
265 42 
2
26 30 0 0
1060 16 16 0
2
20 42 
2
63 14 16 0
1061 16 16 0
2
266 42 
2
26 28 34 0
1062 16 16 0
2
40 42 
2
253 10 16 0
1063 16 16 0
2
267 42 
2
26 28 0 0
1064 16 16 0
2
252 43 
2
26 34 18 0
938 18 14 0
2
41 43 
2
252 20 12 0
939 18 14 0
2
253 43 
2
26 34 16 0
940 18 14 0
2
21 43 
2
63 20 14 0
941 18 14 0
2
254 43 
2
26 34 14 0
942 18 14 0
2
41 43 
2
253 20 12 0
943 18 14 0
2
255 43 
2
26 34 12 0
944 18 14 0
2
42 209 
2
1065 16 16 0
8 2 18 0
2
43 202 
2
945 18 14 0
18 14 14 0
2
42 210 
2
1066 16 16 0
6 8 24 0
2
43 203 
2
946 18 14 0
18 2 14 0
2
42 211 
2
1067 16 16 0
2 6 18 0
2
43 204 
2
947 18 14 0
16 20 20 0
2
43 205 
2
948 18 14 0
14 18 10 0
2
43 206 
2
949 18 14 0
12 26 24 0
2
43 207 
2
950 18 14 0
10 4 10 0
2
43 208 
2
951 18 14 0
10 32 16 0
2
43 209 
2
952 18 14 0
9 2 18 0
2
43 210 
2
953 18 14 0
7 8 24 0
2
43 211 
2
954 18 14 0
3 6 18 0
2
43 212 
2
955 18 14 0
0 16 24 0
2
43 213 
2
956 18 14 0
0 16 32 0
2
43 214 
2
957 18 14 0
0 12 20 0
2
43 215 
2
958 18 14 0
0 18 16 0
2
43 216 
2
959 18 14 0
0 8 20 0
2
43 217 
2
960 18 14 0
0 14 26 0
2
43 218 
2
961 18 14 0
0 10 24 0
2
43 219 
2
962 18 14 0
0 24 24 0
2
43 220 
2
963 18 14 0
0 12 24 0
2
43 221 
2
964 18 14 0
0 6 22 0
2
43 222 
2
965 18 14 0
0 6 14 0
2
40 42 
2
254 10 16 0
1068 16 16 0
2
41 43 
2
254 20 12 0
966 18 14 0
2
42 209 
2
1069 16 16 0
10 2 18 0
2
43 202 
2
967 18 14 0
19 14 14 0
2
42 210 
2
1070 16 16 0
8 8 24 0
2
43 203 
2
968 18 14 0
19 2 14 0
2
42 211 
2
1071 16 16 0
4 6 18 0
2
43 204 
2
969 18 14 0
17 20 20 0
2
43 205 
2
970 18 14 0
15 18 10 0
2
43 206 
2
971 18 14 0
13 26 24 0
2
43 207 
2
972 18 14 0
11 4 10 0
2
43 208 
2
973 18 14 0
11 32 16 0
2
43 209 
2
974 18 14 0
11 2 18 0
2
43 210 
2
975 18 14 0
9 8 24 0
2
43 211 
2
976 18 14 0
5 6 18 0
2
43 212 
2
977 18 14 0
1 16 24 0
2
43 213 
2
978 18 14 0
1 16 32 0
2
43 214 
2
979 18 14 0
1 12 20 0
2
43 215 
2
980 18 14 0
1 18 16 0
2
43 216 
2
981 18 14 0
1 8 20 0
2
43 217 
2
982 18 14 0
1 14 26 0
2
43 218 
2
983 18 14 0
1 10 24 0
2
43 219 
2
984 18 14 0
1 24 24 0
2
43 220 
2
985 18 14 0
1 12 24 0
2
43 221 
2
986 18 14 0
1 6 22 0
2
43 222 
2
987 18 14 0
1 6 14 0
2
20 40 
2
64 14 16 0
255 10 16 0
2
21 41 
2
64 20 14 0
255 20 12 0
2
18 38 
2
32 4 18 0
127 4 16 0
2
19 39 
2
32 20 8 0
127 22 8 0
2
16 36 
2
16 4 24 0
63 4 22 0
2
17 37 
2
16 26 4 0
63 24 4 0
2
14 34 
2
8 4 26 0
31 2 24 0
2
15 35 
2
8 26 2 0
31 28 2 0
2
12 32 
2
4 2 26 0
15 2 28 0
2
13 33 
2
4 30 2 0
15 32 2 0
2
10 30 
2
2 6 28 0
10 4 28 0
2
11 31 
2
2 32 4 0
10 32 6 0
2
28 30 
2
9 4 30 0
11 4 28 0
2
29 31 
2
9 32 26 0
11 32 6 0
2
245 32 
2
17 34 32 0
16 2 28 0
2
30 32 
2
12 4 28 0
17 2 28 0
2
246 32 
2
17 34 30 0
18 2 28 0
2
10 32 
2
3 6 28 0
19 2 28 0
2
247 32 
2
17 34 28 0
20 2 28 0
2
30 32 
2
13 4 28 0
21 2 28 0
2
248 32 
2
17 34 26 0
22 2 28 0
2
289 33 
2
14 6 0 0
16 32 2 0
2
31 33 
2
12 32 6 0
17 32 2 0
2
290 33 
2
14 4 34 0
18 32 2 0
2
11 33 
2
3 32 4 0
19 32 2 0
2
291 33 
2
14 4 0 0
20 32 2 0
2
31 33 
2
13 32 6 0
21 32 2 0
2
292 33 
2
14 2 34 0
22 32 2 0
2
248 34 
2
23 34 26 0
32 2 24 0
2
32 34 
2
23 2 28 0
33 2 24 0
2
249 34 
2
23 34 24 0
34 2 24 0
2
12 34 
2
5 2 26 0
35 2 24 0
2
250 34 
2
23 34 22 0
36 2 24 0
2
32 34 
2
24 2 28 0
37 2 24 0
2
251 34 
2
23 34 20 0
38 2 24 0
2
280 35 
2
20 14 34 0
32 28 2 0
2
33 35 
2
23 32 2 0
33 28 2 0
2
281 35 
2
20 14 0 0
34 28 2 0
2
13 35 
2
5 30 2 0
35 28 2 0
2
282 35 
2
20 12 34 0
36 28 2 0
2
33 35 
2
24 32 2 0
37 28 2 0
2
283 35 
2
20 12 0 0
38 28 2 0
2
292 36 
2
23 2 34 0
64 4 22 0
2
34 36 
2
39 2 24 0
65 4 22 0
2
293 36 
2
23 2 0 0
66 4 22 0
2
14 36 
2
9 4 26 0
67 4 22 0
2
294 36 
2
23 0 34 0
68 4 22 0
2
34 36 
2
40 2 24 0
69 4 22 0
2
295 36 
2
23 0 32 0
70 4 22 0
2
288 37 
2
23 6 34 0
64 24 4 0
2
35 37 
2
39 28 2 0
65 24 4 0
2
289 37 
2
23 6 0 0
66 24 4 0
2
15 37 
2
9 26 2 0
67 24 4 0
2
290 37 
2
23 4 34 0
68 24 4 0
2
35 37 
2
40 28 2 0
69 24 4 0
2
291 37 
2
23 4 0 0
70 24 4 0
2
260 38 
2
26 34 2 0
128 4 16 0
2
36 38 
2
71 4 22 0
129 4 16 0
2
261 38 
2
26 34 0 0
130 4 16 0
2
16 38 
2
17 4 24 0
131 4 16 0
2
262 38 
2
26 32 34 0
132 4 16 0
2
36 38 
2
72 4 22 0
133 4 16 0
2
263 38 
2
26 32 0 0
134 4 16 0
2
248 39 
2
26 34 26 0
128 22 8 0
2
37 39 
2
71 24 4 0
129 22 8 0
2
249 39 
2
26 34 24 0
130 22 8 0
2
17 39 
2
17 26 4 0
131 22 8 0
2
250 39 
2
26 34 22 0
132 22 8 0
2
37 39 
2
72 24 4 0
133 22 8 0
2
251 39 
2
26 34 20 0
134 22 8 0
2
272 40 
2
26 22 34 0
256 10 16 0
2
38 40 
2
135 4 16 0
257 10 16 0
2
273 40 
2
26 22 0 0
258 10 16 0
2
18 40 
2
33 4 18 0
259 10 16 0
2
274 40 
2
26 20 34 0
260 10 16 0
2
38 40 
2
136 4 16 0
261 10 16 0
2
275 40 
2
26 20 0 0
262 10 16 0
2
268 41 
2
26 26 34 0
256 20 12 0
2
39 41 
2
135 22 8 0
257 20 12 0
2
269 41 
2
26 26 0 0
258 20 12 0
2
19 41 
2
33 20 8 0
259 20 12 0
2
270 41 
2
26 24 34 0
260 20 12 0
2
39 41 
2
136 22 8 0
261 20 12 0
2
271 41 
2
26 24 0 0
262 20 12 0
2
280 42 
2
26 14 34 0
1072 16 16 0
2
40 42 
2
263 10 16 0
1073 16 16 0
2
281 42 
2
26 14 0 0
1074 16 16 0
2
20 42 
2
65 14 16 0
1075 16 16 0
2
282 42 
2
26 12 34 0
1076 16 16 0
2
40 42 
2
264 10 16 0
1077 16 16 0
2
283 42 
2
26 12 0 0
1078 16 16 0
2
276 43 
2
26 18 34 0
988 18 14 0
2
41 43 
2
263 20 12 0
989 18 14 0
2
277 43 
2
26 18 0 0
990 18 14 0
2
21 43 
2
65 20 14 0
991 18 14 0
2
278 43 
2
26 16 34 0
992 18 14 0
2
41 43 
2
264 20 12 0
993 18 14 0
2
279 43 
2
26 16 0 0
994 18 14 0
2
42 208 
2
1079 16 16 0
12 32 16 0
2
43 203 
2
995 18 14 0
20 2 14 0
2
42 209 
2
1080 16 16 0
12 2 18 0
2
43 204 
2
996 18 14 0
18 20 20 0
2
42 210 
2
1081 16 16 0
10 8 24 0
2
43 205 
2
997 18 14 0
16 18 10 0
2
42 211 
2
1082 16 16 0
6 6 18 0
2
43 206 
2
998 18 14 0
14 26 24 0
2
42 212 
2
1083 16 16 0
2 16 24 0
2
43 207 
2
999 18 14 0
12 4 10 0
2
42 213 
2
1084 16 16 0
2 16 32 0
2
43 208 
2
1000 18 14 0
13 32 16 0
2
42 214 
2
1085 16 16 0
2 12 20 0
2
43 209 
2
1001 18 14 0
13 2 18 0
2
42 215 
2
1086 16 16 0
2 18 16 0
2
43 210 
2
1002 18 14 0
11 8 24 0
2
42 216 
2
1087 16 16 0
2 8 20 0
2
43 211 
2
1003 18 14 0
7 6 18 0
2
42 217 
2
1088 16 16 0
2 14 26 0
2
43 212 
2
1004 18 14 0
3 16 24 0
2
42 218 
2
1089 16 16 0
2 10 24 0
2
43 213 
2
1005 18 14 0
3 16 32 0
2
42 219 
2
1090 16 16 0
2 24 24 0
2
43 214 
2
1006 18 14 0
3 12 20 0
2
42 220 
2
1091 16 16 0
2 12 24 0
2
43 215 
2
1007 18 14 0
3 18 16 0
2
42 221 
2
1092 16 16 0
2 6 22 0
2
43 216 
2
1008 18 14 0
3 8 20 0
2
42 222 
2
1093 16 16 0
2 6 14 0
2
43 217 
2
1009 18 14 0
3 14 26 0
2
42 223 
2
1094 16 16 0
0 14 12 0
2
43 218 
2
1010 18 14 0
3 10 24 0
2
42 224 
2
1095 16 16 0
0 24 12 0
2
43 219 
2
1011 18 14 0
3 24 24 0
2
42 225 
2
1096 16 16 0
0 20 18 0
2
43 220 
2
1012 18 14 0
3 12 24 0
2
42 226 
2
1097 16 16 0
0 18 32 0
2
43 221 
2
1013 18 14 0
3 6 22 0
2
42 227 
2
1098 16 16 0
0 2 12 0
2
43 222 
2
1014 18 14 0
3 6 14 0
2
42 228 
2
1099 16 16 0
0 12 2 0
2
43 223 
2
1015 18 14 0
1 14 12 0
2
40 42 
2
265 10 16 0
1100 16 16 0
2
41 43 
2
265 20 12 0
1016 18 14 0
2
42 208 
2
1101 16 16 0
14 32 16 0
2
43 203 
2
1017 18 14 0
21 2 14 0
2
42 209 
2
1102 16 16 0
14 2 18 0
2
43 204 
2
1018 18 14 0
19 20 20 0
2
42 210 
2
1103 16 16 0
12 8 24 0
2
43 205 
2
1019 18 14 0
17 18 10 0
2
42 211 
2
1104 16 16 0
8 6 18 0
2
43 206 
2
1020 18 14 0
15 26 24 0
2
42 212 
2
1105 16 16 0
4 16 24 0
2
43 207 
2
1021 18 14 0
13 4 10 0
2
42 213 
2
1106 16 16 0
4 16 32 0
2
43 208 
2
1022 18 14 0
15 32 16 0
2
42 214 
2
1107 16 16 0
4 12 20 0
2
43 209 
2
1023 18 14 0
15 2 18 0
2
42 215 
2
1108 16 16 0
4 18 16 0
2
43 210 
2
1024 18 14 0
13 8 24 0
2
42 216 
2
1109 16 16 0
4 8 20 0
2
43 211 
2
1025 18 14 0
9 6 18 0
2
42 217 
2
1110 16 16 0
4 14 26 0
2
43 212 
2
1026 18 14 0
5 16 24 0
2
42 218 
2
1111 16 16 0
4 10 24 0
2
43 213 
2
1027 18 14 0
5 16 32 0
2
42 219 
2
1112 16 16 0
4 24 24 0
2
43 214 
2
1028 18 14 0
5 12 20 0
2
42 220 
2
1113 16 16 0
4 12 24 0
2
43 215 
2
1029 18 14 0
5 18 16 0
2
42 221 
2
1114 16 16 0
4 6 22 0
2
43 216 
2
1030 18 14 0
5 8 20 0
2
42 222 
2
1115 16 16 0
4 6 14 0
2
43 217 
2
1031 18 14 0
5 14 26 0
2
42 223 
2
1116 16 16 0
2 14 12 0
2
43 218 
2
1032 18 14 0
5 10 24 0
2
42 224 
2
1117 16 16 0
1 24 12 0
2
43 219 
2
1033 18 14 0
5 24 24 0
2
42 225 
2
1118 16 16 0
1 20 18 0
2
43 220 
2
1034 18 14 0
5 12 24 0
2
42 226 
2
1119 16 16 0
1 18 32 0
2
43 221 
2
1035 18 14 0
5 6 22 0
2
42 227 
2
1120 16 16 0
1 2 12 0
2
43 222 
2
1036 18 14 0
5 6 14 0
2
42 228 
2
1121 16 16 0
1 12 2 0
2
43 223 
2
1037 18 14 0
3 14 12 0
2
20 40 
2
66 14 16 0
266 10 16 0
2
21 41 
2
66 20 14 0
266 20 12 0
2
38 40 
2
137 4 16 0
267 10 16 0
2
39 41 
2
137 22 8 0
267 20 12 0
2
300 42 
2
26 0 22 0
1122 16 16 0
2
40 42 
2
268 10 16 0
1123 16 16 0
2
301 42 
2
26 0 20 0
1124 16 16 0
2
20 42 
2
67 14 16 0
1125 16 16 0
2
302 42 
2
26 0 18 0
1126 16 16 0
2
40 42 
2
269 10 16 0
1127 16 16 0
2
303 42 
2
26 0 16 0
1128 16 16 0
2
292 43 
2
26 2 34 0
1038 18 14 0
2
41 43 
2
268 20 12 0
1039 18 14 0
2
293 43 
2
26 2 0 0
1040 18 14 0
2
21 43 
2
67 20 14 0
1041 18 14 0
2
294 43 
2
26 0 34 0
1042 18 14 0
2
41 43 
2
269 20 12 0
1043 18 14 0
2
295 43 
2
26 0 32 0
1044 18 14 0
2
42 209 
2
1129 16 16 0
16 2 18 0
2
43 222 
2
1045 18 14 0
6 6 14 0
2
42 210 
2
1130 16 16 0
14 8 24 0
2
43 223 
2
1046 18 14 0
4 14 12 0
2
42 211 
2
1131 16 16 0
10 6 18 0
2
43 224 
2
1047 18 14 0
2 24 12 0
2
42 212 
2
1132 16 16 0
6 16 24 0
2
42 213 
2
1133 16 16 0
6 16 32 0
2
42 214 
2
1134 16 16 0
6 12 20 0
2
42 215 
2
1135 16 16 0
6 18 16 0
2
42 216 
2
1136 16 16 0
6 8 20 0
2
42 217 
2
1137 16 16 0
6 14 26 0
2
42 218 
2
1138 16 16 0
6 10 24 0
2
42 219 
2
1139 16 16 0
6 24 24 0
2
42 220 
2
1140 16 16 0
6 12 24 0
2
42 221 
2
1141 16 16 0
6 6 22 0
2
42 222 
2
1142 16 16 0
7 6 14 0
2
42 223 
2
1143 16 16 0
5 14 12 0
2
42 224 
2
1144 16 16 0
3 24 12 0
2
42 225 
2
1145 16 16 0
2 20 18 0
2
42 226 
2
1146 16 16 0
2 18 32 0
2
42 227 
2
1147 16 16 0
2 2 12 0
2
42 228 
2
1148 16 16 0
2 12 2 0
2
42 229 
2
1149 16 16 0
0 2 16 0
2
40 42 
2
270 10 16 0
1150 16 16 0
2
41 43 
2
270 20 12 0
1048 18 14 0
2
42 209 
2
1151 16 16 0
17 2 18 0
2
43 222 
2
1049 18 14 0
8 6 14 0
2
42 210 
2
1152 16 16 0
15 8 24 0
2
43 223 
2
1050 18 14 0
6 14 12 0
2
42 211 
2
1153 16 16 0
11 6 18 0
2
43 224 
2
1051 18 14 0
4 24 12 0
2
42 212 
2
1154 16 16 0
7 16 24 0
2
42 213 
2
1155 16 16 0
7 16 32 0
2
42 214 
2
1156 16 16 0
7 12 20 0
2
42 215 
2
1157 16 16 0
7 18 16 0
2
42 216 
2
1158 16 16 0
7 8 20 0
2
42 217 
2
1159 16 16 0
7 14 26 0
2
42 218 
2
1160 16 16 0
7 10 24 0
2
42 219 
2
1161 16 16 0
7 24 24 0
2
42 220 
2
1162 16 16 0
7 12 24 0
2
42 221 
2
1163 16 16 0
7 6 22 0
2
42 222 
2
1164 16 16 0
9 6 14 0
2
42 223 
2
1165 16 16 0
7 14 12 0
2
42 224 
2
1166 16 16 0
5 24 12 0
2
42 225 
2
1167 16 16 0
3 20 18 0
2
42 226 
2
1168 16 16 0
3 18 32 0
2
42 227 
2
1169 16 16 0
3 2 12 0
2
42 228 
2
1170 16 16 0
3 12 2 0
2
42 229 
2
1171 16 16 0
1 2 16 0
2
20 40 
2
68 14 16 0
271 10 16 0
2
21 41 
2
68 20 14 0
271 20 12 0
2
18 38 
2
34 4 18 0
138 4 16 0
2
19 39 
2
34 20 8 0
138 22 8 0
2
36 38 
2
73 4 22 0
139 4 16 0
2
37 39 
2
73 24 4 0
139 22 8 0
2
308 40 
2
26 0 6 0
272 10 16 0
2
38 40 
2
140 4 16 0
273 10 16 0
2
309 40 
2
26 0 4 0
274 10 16 0
2
18 40 
2
35 4 18 0
275 10 16 0
2
310 40 
2
26 0 2 0
276 10 16 0
2
38 40 
2
141 4 16 0
277 10 16 0
2
311 40 
2
26 0 0 0
278 10 16 0
2
296 41 
2
26 0 30 0
272 20 12 0
2
39 41 
2
140 22 8 0
273 20 12 0
2
297 41 
2
26 0 28 0
274 20 12 0
2
19 41 
2
35 20 8 0
275 20 12 0
2
298 41 
2
26 0 26 0
276 20 12 0
2
39 41 
2
141 22 8 0
277 20 12 0
2
299 41 
2
26 0 24 0
278 20 12 0
2
248 42 
2
29 34 26 0
1172 16 16 0
2
40 42 
2
279 10 16 0
1173 16 16 0
2
249 42 
2
29 34 24 0
1174 16 16 0
2
20 42 
2
69 14 16 0
1175 16 16 0
2
250 42 
2
29 34 22 0
1176 16 16 0
2
40 42 
2
280 10 16 0
1177 16 16 0
2
251 42 
2
29 34 20 0
1178 16 16 0
2
304 43 
2
26 0 14 0
1052 18 14 0
2
41 43 
2
279 20 12 0
1053 18 14 0
2
305 43 
2
26 0 12 0
1054 18 14 0
2
21 43 
2
69 20 14 0
1055 18 14 0
2
306 43 
2
26 0 10 0
1056 18 14 0
2
41 43 
2
280 20 12 0
1057 18 14 0
2
307 43 
2
26 0 8 0
1058 18 14 0
2
42 208 
2
1179 16 16 0
16 32 16 0
2
43 223 
2
1059 18 14 0
8 14 12 0
2
42 209 
2
1180 16 16 0
18 2 18 0
2
43 224 
2
1060 18 14 0
6 24 12 0
2
42 210 
2
1181 16 16 0
16 8 24 0
2
43 225 
2
1061 18 14 0
4 20 18 0
2
42 211 
2
1182 16 16 0
12 6 18 0
2
42 212 
2
1183 16 16 0
8 16 24 0
2
42 213 
2
1184 16 16 0
8 16 32 0
2
42 214 
2
1185 16 16 0
8 12 20 0
2
42 215 
2
1186 16 16 0
8 18 16 0
2
42 216 
2
1187 16 16 0
8 8 20 0
2
42 217 
2
1188 16 16 0
8 14 26 0
2
42 218 
2
1189 16 16 0
8 10 24 0
2
42 219 
2
1190 16 16 0
8 24 24 0
2
42 220 
2
1191 16 16 0
8 12 24 0
2
42 221 
2
1192 16 16 0
8 6 22 0
2
42 222 
2
1193 16 16 0
10 6 14 0
2
42 223 
2
1194 16 16 0
9 14 12 0
2
42 224 
2
1195 16 16 0
7 24 12 0
2
42 225 
2
1196 16 16 0
5 20 18 0
2
42 226 
2
1197 16 16 0
4 18 32 0
2
40 42 
2
281 10 16 0
1198 16 16 0
2
41 43 
2
281 20 12 0
1062 18 14 0
2
42 208 
2
1199 16 16 0
17 32 16 0
2
43 223 
2
1063 18 14 0
10 14 12 0
2
42 209 
2
1200 16 16 0
19 2 18 0
2
43 224 
2
1064 18 14 0
8 24 12 0
2
42 210 
2
1201 16 16 0
17 8 24 0
2
43 225 
2
1065 18 14 0
6 20 18 0
2
42 211 
2
1202 16 16 0
13 6 18 0
2
42 212 
2
1203 16 16 0
9 16 24 0
2
42 213 
2
1204 16 16 0
9 16 32 0
2
42 214 
2
1205 16 16 0
9 12 20 0
2
42 215 
2
1206 16 16 0
9 18 16 0
2
42 216 
2
1207 16 16 0
9 8 20 0
2
42 217 
2
1208 16 16 0
9 14 26 0
2
42 218 
2
1209 16 16 0
9 10 24 0
2
42 219 
2
1210 16 16 0
9 24 24 0
2
42 220 
2
1211 16 16 0
9 12 24 0
2
42 221 
2
1212 16 16 0
9 6 22 0
2
42 222 
2
1213 16 16 0
11 6 14 0
2
42 223 
2
1214 16 16 0
11 14 12 0
2
42 224 
2
1215 16 16 0
9 24 12 0
2
42 225 
2
1216 16 16 0
7 20 18 0
2
42 226 
2
1217 16 16 0
5 18 32 0
2
20 40 
2
70 14 16 0
282 10 16 0
2
21 41 
2
70 20 14 0
282 20 12 0
2
38 40 
2
142 4 16 0
283 10 16 0
2
39 41 
2
142 22 8 0
283 20 12 0
2
264 42 
2
29 30 34 0
1218 16 16 0
2
40 42 
2
284 10 16 0
1219 16 16 0
2
265 42 
2
29 30 0 0
1220 16 16 0
2
20 42 
2
71 14 16 0
1221 16 16 0
2
266 42 
2
29 28 34 0
1222 16 16 0
2
40 42 
2
285 10 16 0
1223 16 16 0
2
267 42 
2
29 28 0 0
1224 16 16 0
2
252 43 
2
29 34 18 0
1066 18 14 0
2
41 43 
2
284 20 12 0
1067 18 14 0
2
253 43 
2
29 34 16 0
1068 18 14 0
2
21 43 
2
71 20 14 0
1069 18 14 0
2
254 43 
2
29 34 14 0
1070 18 14 0
2
41 43 
2
285 20 12 0
1071 18 14 0
2
255 43 
2
29 34 12 0
1072 18 14 0
2
42 209 
2
1225 16 16 0
20 2 18 0
2
43 222 
2
1073 18 14 0
12 6 14 0
2
42 210 
2
1226 16 16 0
18 8 24 0
2
43 223 
2
1074 18 14 0
12 14 12 0
2
42 211 
2
1227 16 16 0
14 6 18 0
2
43 224 
2
1075 18 14 0
10 24 12 0
2
42 212 
2
1228 16 16 0
10 16 24 0
2
43 225 
2
1076 18 14 0
8 20 18 0
2
42 213 
2
1229 16 16 0
10 16 32 0
2
43 226 
2
1077 18 14 0
6 18 32 0
2
42 214 
2
1230 16 16 0
10 12 20 0
2
43 227 
2
1078 18 14 0
4 2 12 0
2
42 215 
2
1231 16 16 0
10 18 16 0
2
43 228 
2
1079 18 14 0
4 12 2 0
2
42 216 
2
1232 16 16 0
10 8 20 0
2
43 229 
2
1080 18 14 0
2 2 16 0
2
42 217 
2
1233 16 16 0
10 14 26 0
2
43 230 
2
1081 18 14 0
0 10 8 0
2
42 218 
2
1234 16 16 0
10 10 24 0
2
43 231 
2
1082 18 14 0
0 14 30 0
2
42 219 
2
1235 16 16 0
10 24 24 0
2
43 232 
2
1083 18 14 0
0 26 22 0
2
42 220 
2
1236 16 16 0
10 12 24 0
2
43 233 
2
1084 18 14 0
0 8 22 0
2
42 221 
2
1237 16 16 0
10 6 22 0
2
43 234 
2
1085 18 14 0
0 12 22 0
2
42 222 
2
1238 16 16 0
13 6 14 0
2
43 235 
2
1086 18 14 0
0 14 24 0
2
42 223 
2
1239 16 16 0
13 14 12 0
2
43 236 
2
1087 18 14 0
0 8 10 0
2
42 224 
2
1240 16 16 0
11 24 12 0
2
43 237 
2
1088 18 14 0
0 20 28 0
2
42 225 
2
1241 16 16 0
9 20 18 0
2
43 238 
2
1089 18 14 0
0 14 10 0
2
42 226 
2
1242 16 16 0
7 18 32 0
2
43 239 
2
1090 18 14 0
0 16 20 0
2
42 227 
2
1243 16 16 0
5 2 12 0
2
43 50 
2
1091 18 14 0
2 4 12 0
2
43 45 
2
1092 18 14 0
6 16 2 0
2
43 47 
2
1093 18 14 0
6 26 12 0
2
40 42 
2
286 10 16 0
1244 16 16 0
2
41 43 
2
286 20 12 0
1094 18 14 0
2
42 209 
2
1245 16 16 0
21 2 18 0
2
43 222 
2
1095 18 14 0
14 6 14 0
2
42 210 
2
1246 16 16 0
19 8 24 0
2
43 223 
2
1096 18 14 0
14 14 12 0
2
42 211 
2
1247 16 16 0
15 6 18 0
2
43 224 
2
1097 18 14 0
12 24 12 0
2
42 212 
2
1248 16 16 0
11 16 24 0
2
43 225 
2
1098 18 14 0
10 20 18 0
2
42 213 
2
1249 16 16 0
11 16 32 0
2
43 226 
2
1099 18 14 0
8 18 32 0
2
42 214 
2
1250 16 16 0
11 12 20 0
2
43 227 
2
1100 18 14 0
6 2 12 0
2
42 215 
2
1251 16 16 0
11 18 16 0
2
43 228 
2
1101 18 14 0
5 12 2 0
2
42 216 
2
1252 16 16 0
11 8 20 0
2
43 229 
2
1102 18 14 0
3 2 16 0
2
42 217 
2
1253 16 16 0
11 14 26 0
2
43 230 
2
1103 18 14 0
1 10 8 0
2
42 218 
2
1254 16 16 0
11 10 24 0
2
43 231 
2
1104 18 14 0
1 14 30 0
2
42 219 
2
1255 16 16 0
11 24 24 0
2
43 232 
2
1105 18 14 0
1 26 22 0
2
42 220 
2
1256 16 16 0
11 12 24 0
2
43 233 
2
1106 18 14 0
1 8 22 0
2
42 221 
2
1257 16 16 0
11 6 22 0
2
43 234 
2
1107 18 14 0
1 12 22 0
2
42 222 
2
1258 16 16 0
15 6 14 0
2
43 235 
2
1108 18 14 0
1 14 24 0
2
42 223 
2
1259 16 16 0
15 14 12 0
2
43 236 
2
1109 18 14 0
1 8 10 0
2
42 224 
2
1260 16 16 0
13 24 12 0
2
43 237 
2
1110 18 14 0
1 20 28 0
2
42 225 
2
1261 16 16 0
11 20 18 0
2
43 238 
2
1111 18 14 0
1 14 10 0
2
42 226 
2
1262 16 16 0
9 18 32 0
2
43 239 
2
1112 18 14 0
1 16 20 0
2
42 227 
2
1263 16 16 0
7 2 12 0
2
43 50 
2
1113 18 14 0
3 4 12 0
2
43 45 
2
1114 18 14 0
7 16 2 0
2
43 47 
2
1115 18 14 0
7 26 12 0
2
20 40 
2
72 14 16 0
287 10 16 0
2
21 41 
2
72 20 14 0
287 20 12 0
2
18 38 
2
36 4 18 0
143 4 16 0
2
19 39 
2
36 20 8 0
143 22 8 0
2
16 36 
2
18 4 24 0
74 4 22 0
2
17 37 
2
18 26 4 0
74 24 4 0
2
34 36 
2
41 2 24 0
75 4 22 0
2
35 37 
2
41 28 2 0
75 24 4 0
2
256 38 
2
29 34 10 0
144 4 16 0
2
36 38 
2
76 4 22 0
145 4 16 0
2
257 38 
2
29 34 8 0
146 4 16 0
2
16 38 
2
19 4 24 0
147 4 16 0
2
258 38 
2
29 34 6 0
148 4 16 0
2
36 38 
2
77 4 22 0
149 4 16 0
2
259 38 
2
29 34 4 0
150 4 16 0
2
244 39 
2
29 34 34 0
144 22 8 0
2
37 39 
2
76 24 4 0
145 22 8 0
2
245 39 
2
29 34 32 0
146 22 8 0
2
17 39 
2
19 26 4 0
147 22 8 0
2
246 39 
2
29 34 30 0
148 22 8 0
2
37 39 
2
77 24 4 0
149 22 8 0
2
247 39 
2
29 34 28 0
150 22 8 0
2
272 40 
2
29 22 34 0
288 10 16 0
2
38 40 
2
151 4 16 0
289 10 16 0
2
273 40 
2
29 22 0 0
290 10 16 0
2
18 40 
2
37 4 18 0
291 10 16 0
2
274 40 
2
29 20 34 0
292 10 16 0
2
38 40 
2
152 4 16 0
293 10 16 0
2
275 40 
2
29 20 0 0
294 10 16 0
2
260 41 
2
29 34 2 0
288 20 12 0
2
39 41 
2
151 22 8 0
289 20 12 0
2
261 41 
2
29 34 0 0
290 20 12 0
2
19 41 
2
37 20 8 0
291 20 12 0
2
262 41 
2
29 32 34 0
292 20 12 0
2
39 41 
2
152 22 8 0
293 20 12 0
2
263 41 
2
29 32 0 0
294 20 12 0
2
308 42 
2
29 0 6 0
1264 16 16 0
2
40 42 
2
295 10 16 0
1265 16 16 0
2
309 42 
2
29 0 4 0
1266 16 16 0
2
20 42 
2
73 14 16 0
1267 16 16 0
2
310 42 
2
29 0 2 0
1268 16 16 0
2
40 42 
2
296 10 16 0
1269 16 16 0
2
311 42 
2
29 0 0 0
1270 16 16 0
2
268 43 
2
29 26 34 0
1116 18 14 0
2
41 43 
2
295 20 12 0
1117 18 14 0
2
269 43 
2
29 26 0 0
1118 18 14 0
2
21 43 
2
73 20 14 0
1119 18 14 0
2
270 43 
2
29 24 34 0
1120 18 14 0
2
41 43 
2
296 20 12 0
1121 18 14 0
2
271 43 
2
29 24 0 0
1122 18 14 0
2
42 210 
2
1271 16 16 0
20 8 24 0
2
43 223 
2
1123 18 14 0
16 14 12 0
2
42 211 
2
1272 16 16 0
16 6 18 0
2
43 224 
2
1124 18 14 0
14 24 12 0
2
42 212 
2
1273 16 16 0
12 16 24 0
2
43 225 
2
1125 18 14 0
12 20 18 0
2
43 226 
2
1126 18 14 0
10 18 32 0
2
43 227 
2
1127 18 14 0
8 2 12 0
2
43 228 
2
1128 18 14 0
6 12 2 0
2
43 229 
2
1129 18 14 0
4 2 16 0
2
43 230 
2
1130 18 14 0
2 10 8 0
2
43 231 
2
1131 18 14 0
2 14 30 0
2
43 232 
2
1132 18 14 0
2 26 22 0
2
43 233 
2
1133 18 14 0
2 8 22 0
2
43 234 
2
1134 18 14 0
2 12 22 0
2
43 235 
2
1135 18 14 0
2 14 24 0
2
43 236 
2
1136 18 14 0
2 8 10 0
2
43 237 
2
1137 18 14 0
2 20 28 0
2
43 238 
2
1138 18 14 0
2 14 10 0
2
43 239 
2
1139 18 14 0
2 16 20 0
2
43 50 
2
1140 18 14 0
4 4 12 0
2
43 45 
2
1141 18 14 0
8 16 2 0
2
43 47 
2
1142 18 14 0
8 26 12 0
2
43 49 
2
1143 18 14 0
6 32 14 0
2
40 42 
2
297 10 16 0
1274 16 16 0
2
41 43 
2
297 20 12 0
1144 18 14 0
2
42 210 
2
1275 16 16 0
21 8 24 0
2
43 223 
2
1145 18 14 0
17 14 12 0
2
42 211 
2
1276 16 16 0
17 6 18 0
2
43 224 
2
1146 18 14 0
15 24 12 0
2
42 212 
2
1277 16 16 0
13 16 24 0
2
43 225 
2
1147 18 14 0
13 20 18 0
2
43 226 
2
1148 18 14 0
11 18 32 0
2
43 227 
2
1149 18 14 0
9 2 12 0
2
43 228 
2
1150 18 14 0
7 12 2 0
2
43 229 
2
1151 18 14 0
5 2 16 0
2
43 230 
2
1152 18 14 0
3 10 8 0
2
43 231 
2
1153 18 14 0
3 14 30 0
2
43 232 
2
1154 18 14 0
3 26 22 0
2
43 233 
2
1155 18 14 0
3 8 22 0
2
43 234 
2
1156 18 14 0
3 12 22 0
2
43 235 
2
1157 18 14 0
3 14 24 0
2
43 236 
2
1158 18 14 0
3 8 10 0
2
43 237 
2
1159 18 14 0
3 20 28 0
2
43 238 
2
1160 18 14 0
3 14 10 0
2
43 239 
2
1161 18 14 0
3 16 20 0
2
43 50 
2
1162 18 14 0
5 4 12 0
2
43 45 
2
1163 18 14 0
9 16 2 0
2
43 47 
2
1164 18 14 0
9 26 12 0
2
43 49 
2
1165 18 14 0
7 32 14 0
2
20 40 
2
74 14 16 0
298 10 16 0
2
21 41 
2
74 20 14 0
298 20 12 0
2
38 40 
2
153 4 16 0
299 10 16 0
2
39 41 
2
153 22 8 0
299 20 12 0
2
252 42 
2
32 34 18 0
1278 16 16 0
2
40 42 
2
300 10 16 0
1279 16 16 0
2
253 42 
2
32 34 16 0
1280 16 16 0
2
20 42 
2
75 14 16 0
1281 16 16 0
2
254 42 
2
32 34 14 0
1282 16 16 0
2
40 42 
2
301 10 16 0
1283 16 16 0
2
255 42 
2
32 34 12 0
1284 16 16 0
2
280 43 
2
29 14 34 0
1166 18 14 0
2
41 43 
2
300 20 12 0
1167 18 14 0
2
281 43 
2
29 14 0 0
1168 18 14 0
2
21 43 
2
75 20 14 0
1169 18 14 0
2
282 43 
2
29 12 34 0
1170 18 14 0
2
41 43 
2
301 20 12 0
1171 18 14 0
2
283 43 
2
29 12 0 0
1172 18 14 0
2
42 211 
2
1285 16 16 0
18 6 18 0
2
43 47 
2
1173 18 14 0
10 26 12 0
2
42 212 
2
1286 16 16 0
14 16 24 0
2
43 49 
2
1174 18 14 0
8 32 14 0
2
42 213 
2
1287 16 16 0
12 16 32 0
2
43 52 
2
1175 18 14 0
4 18 4 0
2
40 42 
2
302 10 16 0
1288 16 16 0
2
41 43 
2
302 20 12 0
1176 18 14 0
2
42 211 
2
1289 16 16 0
19 6 18 0
2
43 47 
2
1177 18 14 0
11 26 12 0
2
42 212 
2
1290 16 16 0
15 16 24 0
2
43 49 
2
1178 18 14 0
9 32 14 0
2
42 213 
2
1291 16 16 0
13 16 32 0
2
43 52 
2
1179 18 14 0
5 18 4 0
2
20 40 
2
76 14 16 0
303 10 16 0
2
21 41 
2
76 20 14 0
303 20 12 0
2
18 38 
2
38 4 18 0
154 4 16 0
2
19 39 
2
38 20 8 0
154 22 8 0
2
36 38 
2
78 4 22 0
155 4 16 0
2
37 39 
2
78 24 4 0
155 22 8 0
2
256 40 
2
32 34 10 0
304 10 16 0
2
38 40 
2
156 4 16 0
305 10 16 0
2
257 40 
2
32 34 8 0
306 10 16 0
2
18 40 
2
39 4 18 0
307 10 16 0
2
258 40 
2
32 34 6 0
308 10 16 0
2
38 40 
2
157 4 16 0
309 10 16 0
2
259 40 
2
32 34 4 0
310 10 16 0
2
284 41 
2
29 10 34 0
304 20 12 0
2
39 41 
2
156 22 8 0
305 20 12 0
2
285 41 
2
29 10 0 0
306 20 12 0
2
19 41 
2
39 20 8 0
307 20 12 0
2
286 41 
2
29 8 34 0
308 20 12 0
2
39 41 
2
157 22 8 0
309 20 12 0
2
287 41 
2
29 8 0 0
310 20 12 0
2
260 42 
2
32 34 2 0
1292 16 16 0
2
40 42 
2
311 10 16 0
1293 16 16 0
2
261 42 
2
32 34 0 0
1294 16 16 0
2
20 42 
2
77 14 16 0
1295 16 16 0
2
263 42 
2
32 32 0 0
1296 16 16 0
2
40 42 
2
312 10 16 0
1297 16 16 0
2
265 42 
2
32 30 0 0
1298 16 16 0
2
288 43 
2
29 6 34 0
1180 18 14 0
2
41 43 
2
311 20 12 0
1181 18 14 0
2
289 43 
2
29 6 0 0
1182 18 14 0
2
21 43 
2
77 20 14 0
1183 18 14 0
2
290 43 
2
29 4 34 0
1184 18 14 0
2
41 43 
2
312 20 12 0
1185 18 14 0
2
291 43 
2
29 4 0 0
1186 18 14 0
2
42 210 
2
1299 16 16 0
22 8 24 0
2
43 49 
2
1187 18 14 0
10 32 14 0
2
42 211 
2
1300 16 16 0
20 6 18 0
2
43 52 
2
1188 18 14 0
6 18 4 0
2
42 212 
2
1301 16 16 0
16 16 24 0
2
43 53 
2
1189 18 14 0
4 18 8 0
2
42 213 
2
1302 16 16 0
14 16 32 0
2
42 214 
2
1303 16 16 0
12 12 20 0
2
42 215 
2
1304 16 16 0
12 18 16 0
2
42 216 
2
1305 16 16 0
12 8 20 0
2
42 217 
2
1306 16 16 0
12 14 26 0
2
42 218 
2
1307 16 16 0
12 10 24 0
2
42 219 
2
1308 16 16 0
12 24 24 0
2
42 220 
2
1309 16 16 0
12 12 24 0
2
42 221 
2
1310 16 16 0
12 6 22 0
2
42 222 
2
1311 16 16 0
16 6 14 0
2
42 223 
2
1312 16 16 0
18 14 12 0
2
42 224 
2
1313 16 16 0
16 24 12 0
2
42 225 
2
1314 16 16 0
14 20 18 0
2
42 226 
2
1315 16 16 0
12 18 32 0
2
42 227 
2
1316 16 16 0
10 2 12 0
2
42 228 
2
1317 16 16 0
8 12 2 0
2
42 229 
2
1318 16 16 0
6 2 16 0
2
42 230 
2
1319 16 16 0
4 10 8 0
2
40 42 
2
313 10 16 0
1320 16 16 0
2
41 43 
2
313 20 12 0
1190 18 14 0
2
42 210 
2
1321 16 16 0
23 8 24 0
2
43 49 
2
1191 18 14 0
11 32 14 0
2
42 211 
2
1322 16 16 0
21 6 18 0
2
43 52 
2
1192 18 14 0
7 18 4 0
2
42 212 
2
1323 16 16 0
17 16 24 0
2
43 53 
2
1193 18 14 0
5 18 8 0
2
42 213 
2
1324 16 16 0
15 16 32 0
2
42 214 
2
1325 16 16 0
13 12 20 0
2
42 215 
2
1326 16 16 0
13 18 16 0
2
42 216 
2
1327 16 16 0
13 8 20 0
2
42 217 
2
1328 16 16 0
13 14 26 0
2
42 218 
2
1329 16 16 0
13 10 24 0
2
42 219 
2
1330 16 16 0
13 24 24 0
2
42 220 
2
1331 16 16 0
13 12 24 0
2
42 221 
2
1332 16 16 0
13 6 22 0
2
42 222 
2
1333 16 16 0
17 6 14 0
2
42 223 
2
1334 16 16 0
19 14 12 0
2
42 224 
2
1335 16 16 0
17 24 12 0
2
42 225 
2
1336 16 16 0
15 20 18 0
2
42 226 
2
1337 16 16 0
13 18 32 0
2
42 227 
2
1338 16 16 0
11 2 12 0
2
42 228 
2
1339 16 16 0
9 12 2 0
2
42 229 
2
1340 16 16 0
7 2 16 0
2
42 230 
2
1341 16 16 0
5 10 8 0
2
20 40 
2
78 14 16 0
314 10 16 0
2
21 41 
2
78 20 14 0
314 20 12 0
2
38 40 
2
158 4 16 0
315 10 16 0
2
39 41 
2
158 22 8 0
315 20 12 0
2
288 42 
2
32 6 34 0
1342 16 16 0
2
40 42 
2
316 10 16 0
1343 16 16 0
2
289 42 
2
32 6 0 0
1344 16 16 0
2
20 42 
2
79 14 16 0
1345 16 16 0
2
290 42 
2
32 4 34 0
1346 16 16 0
2
40 42 
2
317 10 16 0
1347 16 16 0
2
291 42 
2
32 4 0 0
1348 16 16 0
2
296 43 
2
29 0 30 0
1194 18 14 0
2
41 43 
2
316 20 12 0
1195 18 14 0
2
297 43 
2
29 0 28 0
1196 18 14 0
2
21 43 
2
79 20 14 0
1197 18 14 0
2
298 43 
2
29 0 26 0
1198 18 14 0
2
41 43 
2
317 20 12 0
1199 18 14 0
2
299 43 
2
29 0 24 0
1200 18 14 0
2
42 211 
2
1349 16 16 0
22 6 18 0
2
43 47 
2
1201 18 14 0
12 26 12 0
2
42 212 
2
1350 16 16 0
18 16 24 0
2
43 49 
2
1202 18 14 0
12 32 14 0
2
42 213 
2
1351 16 16 0
16 16 32 0
2
43 52 
2
1203 18 14 0
8 18 4 0
2
42 214 
2
1352 16 16 0
14 12 20 0
2
43 53 
2
1204 18 14 0
6 18 8 0
2
42 215 
2
1353 16 16 0
14 18 16 0
2
43 54 
2
1205 18 14 0
4 24 6 0
2
42 216 
2
1354 16 16 0
14 8 20 0
2
43 55 
2
1206 18 14 0
4 24 2 0
2
42 217 
2
1355 16 16 0
14 14 26 0
2
43 56 
2
1207 18 14 0
4 32 18 0
2
42 218 
2
1356 16 16 0
14 10 24 0
2
43 57 
2
1208 18 14 0
4 22 28 0
2
42 219 
2
1357 16 16 0
14 24 24 0
2
43 58 
2
1209 18 14 0
4 10 10 0
2
42 220 
2
1358 16 16 0
14 12 24 0
2
43 59 
2
1210 18 14 0
4 28 16 0
2
42 221 
2
1359 16 16 0
14 6 22 0
2
43 60 
2
1211 18 14 0
4 16 8 0
2
42 222 
2
1360 16 16 0
18 6 14 0
2
43 61 
2
1212 18 14 0
4 18 30 0
2
42 223 
2
1361 16 16 0
20 14 12 0
2
43 62 
2
1213 18 14 0
4 20 24 0
2
42 224 
2
1362 16 16 0
18 24 12 0
2
43 63 
2
1214 18 14 0
4 16 12 0
2
42 225 
2
1363 16 16 0
16 20 18 0
2
43 64 
2
1215 18 14 0
4 16 6 0
2
42 226 
2
1364 16 16 0
14 18 32 0
2
43 65 
2
1216 18 14 0
4 10 6 0
2
42 227 
2
1365 16 16 0
12 2 12 0
2
43 66 
2
1217 18 14 0
4 18 22 0
2
42 228 
2
1366 16 16 0
10 12 2 0
2
43 67 
2
1218 18 14 0
4 18 28 0
2
42 229 
2
1367 16 16 0
8 2 16 0
2
43 68 
2
1219 18 14 0
8 18 12 0
2
42 230 
2
1368 16 16 0
6 10 8 0
2
43 86 
2
1220 18 14 0
10 6 10 0
2
42 231 
2
1369 16 16 0
4 14 30 0
2
43 87 
2
1221 18 14 0
8 22 14 0
2
40 42 
2
318 10 16 0
1370 16 16 0
2
41 43 
2
318 20 12 0
1222 18 14 0
2
42 211 
2
1371 16 16 0
23 6 18 0
2
43 47 
2
1223 18 14 0
13 26 12 0
2
42 212 
2
1372 16 16 0
19 16 24 0
2
43 49 
2
1224 18 14 0
13 32 14 0
2
42 213 
2
1373 16 16 0
17 16 32 0
2
43 52 
2
1225 18 14 0
9 18 4 0
2
42 214 
2
1374 16 16 0
15 12 20 0
2
43 53 
2
1226 18 14 0
7 18 8 0
2
42 215 
2
1375 16 16 0
15 18 16 0
2
43 54 
2
1227 18 14 0
5 24 6 0
2
42 216 
2
1376 16 16 0
15 8 20 0
2
43 55 
2
1228 18 14 0
5 24 2 0
2
42 217 
2
1377 16 16 0
15 14 26 0
2
43 56 
2
1229 18 14 0
5 32 18 0
2
42 218 
2
1378 16 16 0
15 10 24 0
2
43 57 
2
1230 18 14 0
5 22 28 0
2
42 219 
2
1379 16 16 0
15 24 24 0
2
43 58 
2
1231 18 14 0
5 10 10 0
2
42 220 
2
1380 16 16 0
15 12 24 0
2
43 59 
2
1232 18 14 0
5 28 16 0
2
42 221 
2
1381 16 16 0
15 6 22 0
2
43 60 
2
1233 18 14 0
5 16 8 0
2
42 222 
2
1382 16 16 0
19 6 14 0
2
43 61 
2
1234 18 14 0
5 18 30 0
2
42 223 
2
1383 16 16 0
21 14 12 0
2
43 62 
2
1235 18 14 0
5 20 24 0
2
42 224 
2
1384 16 16 0
19 24 12 0
2
43 63 
2
1236 18 14 0
5 16 12 0
2
42 225 
2
1385 16 16 0
17 20 18 0
2
43 64 
2
1237 18 14 0
5 16 6 0
2
42 226 
2
1386 16 16 0
15 18 32 0
2
43 65 
2
1238 18 14 0
5 10 6 0
2
42 227 
2
1387 16 16 0
13 2 12 0
2
43 66 
2
1239 18 14 0
5 18 22 0
2
42 228 
2
1388 16 16 0
11 12 2 0
2
43 67 
2
1240 18 14 0
5 18 28 0
2
42 229 
2
1389 16 16 0
9 2 16 0
2
43 68 
2
1241 18 14 0
9 18 12 0
2
42 230 
2
1390 16 16 0
7 10 8 0
2
43 86 
2
1242 18 14 0
11 6 10 0
2
42 231 
2
1391 16 16 0
5 14 30 0
2
43 87 
2
1243 18 14 0
9 22 14 0
2
20 40 
2
80 14 16 0
319 10 16 0
2
21 41 
2
80 20 14 0
319 20 12 0
2
18 38 
2
40 4 18 0
159 4 16 0
2
19 39 
2
40 20 8 0
159 22 8 0
2
16 36 
2
20 4 24 0
79 4 22 0
2
17 37 
2
20 26 4 0
79 24 4 0
2
14 34 
2
10 4 26 0
42 2 24 0
2
15 35 
2
10 26 2 0
42 28 2 0
2
32 34 
2
25 2 28 0
43 2 24 0
2
33 35 
2
25 32 2 0
43 28 2 0
2
248 36 
2
32 34 26 0
80 4 22 0
2
34 36 
2
44 2 24 0
81 4 22 0
2
249 36 
2
32 34 24 0
82 4 22 0
2
14 36 
2
11 4 26 0
83 4 22 0
2
250 36 
2
32 34 22 0
84 4 22 0
2
34 36 
2
45 2 24 0
85 4 22 0
2
251 36 
2
32 34 20 0
86 4 22 0
2
276 37 
2
29 18 34 0
80 24 4 0
2
35 37 
2
44 28 2 0
81 24 4 0
2
277 37 
2
29 18 0 0
82 24 4 0
2
15 37 
2
11 26 2 0
83 24 4 0
2
278 37 
2
29 16 34 0
84 24 4 0
2
35 37 
2
45 28 2 0
85 24 4 0
2
279 37 
2
29 16 0 0
86 24 4 0
2
280 38 
2
32 14 34 0
160 4 16 0
2
36 38 
2
87 4 22 0
161 4 16 0
2
281 38 
2
32 14 0 0
162 4 16 0
2
16 38 
2
21 4 24 0
163 4 16 0
2
282 38 
2
32 12 34 0
164 4 16 0
2
36 38 
2
88 4 22 0
165 4 16 0
2
283 38 
2
32 12 0 0
166 4 16 0
2
292 39 
2
29 2 34 0
160 22 8 0
2
37 39 
2
87 24 4 0
161 22 8 0
2
293 39 
2
29 2 0 0
162 22 8 0
2
17 39 
2
21 26 4 0
163 22 8 0
2
294 39 
2
29 0 34 0
164 22 8 0
2
37 39 
2
88 24 4 0
165 22 8 0
2
295 39 
2
29 0 32 0
166 22 8 0
2
296 40 
2
32 0 30 0
320 10 16 0
2
38 40 
2
167 4 16 0
321 10 16 0
2
297 40 
2
32 0 28 0
322 10 16 0
2
18 40 
2
41 4 18 0
323 10 16 0
2
298 40 
2
32 0 26 0
324 10 16 0
2
38 40 
2
168 4 16 0
325 10 16 0
2
299 40 
2
32 0 24 0
326 10 16 0
2
300 41 
2
29 0 22 0
320 20 12 0
2
39 41 
2
167 22 8 0
321 20 12 0
2
301 41 
2
29 0 20 0
322 20 12 0
2
19 41 
2
41 20 8 0
323 20 12 0
2
302 41 
2
29 0 18 0
324 20 12 0
2
39 41 
2
168 22 8 0
325 20 12 0
2
303 41 
2
29 0 16 0
326 20 12 0
2
304 42 
2
32 0 14 0
1392 16 16 0
2
40 42 
2
327 10 16 0
1393 16 16 0
2
305 42 
2
32 0 12 0
1394 16 16 0
2
20 42 
2
81 14 16 0
1395 16 16 0
2
306 42 
2
32 0 10 0
1396 16 16 0
2
40 42 
2
328 10 16 0
1397 16 16 0
2
307 42 
2
32 0 8 0
1398 16 16 0
2
304 43 
2
29 0 14 0
1244 18 14 0
2
41 43 
2
327 20 12 0
1245 18 14 0
2
305 43 
2
29 0 12 0
1246 18 14 0
2
21 43 
2
81 20 14 0
1247 18 14 0
2
306 43 
2
29 0 10 0
1248 18 14 0
2
41 43 
2
328 20 12 0
1249 18 14 0
2
307 43 
2
29 0 8 0
1250 18 14 0
2
42 228 
2
1399 16 16 0
12 12 2 0
2
43 49 
2
1251 18 14 0
14 32 14 0
2
42 229 
2
1400 16 16 0
10 2 16 0
2
43 52 
2
1252 18 14 0
10 18 4 0
2
42 230 
2
1401 16 16 0
8 10 8 0
2
43 53 
2
1253 18 14 0
8 18 8 0
2
43 54 
2
1254 18 14 0
6 24 6 0
2
43 55 
2
1255 18 14 0
6 24 2 0
2
43 56 
2
1256 18 14 0
6 32 18 0
2
43 57 
2
1257 18 14 0
6 22 28 0
2
43 58 
2
1258 18 14 0
6 10 10 0
2
43 59 
2
1259 18 14 0
6 28 16 0
2
43 60 
2
1260 18 14 0
6 16 8 0
2
43 61 
2
1261 18 14 0
6 18 30 0
2
43 62 
2
1262 18 14 0
6 20 24 0
2
43 63 
2
1263 18 14 0
6 16 12 0
2
43 64 
2
1264 18 14 0
6 16 6 0
2
43 65 
2
1265 18 14 0
6 10 6 0
2
43 66 
2
1266 18 14 0
6 18 22 0
2
43 67 
2
1267 18 14 0
6 18 28 0
2
43 68 
2
1268 18 14 0
10 18 12 0
2
43 86 
2
1269 18 14 0
12 6 10 0
2
43 87 
2
1270 18 14 0
10 22 14 0
2
43 89 
2
1271 18 14 0
6 24 14 0
2
40 42 
2
329 10 16 0
1402 16 16 0
2
41 43 
2
329 20 12 0
1272 18 14 0
2
42 228 
2
1403 16 16 0
13 12 2 0
2
43 49 
2
1273 18 14 0
15 32 14 0
2
42 229 
2
1404 16 16 0
11 2 16 0
2
43 52 
2
1274 18 14 0
11 18 4 0
2
42 230 
2
1405 16 16 0
9 10 8 0
2
43 53 
2
1275 18 14 0
9 18 8 0
2
43 54 
2
1276 18 14 0
7 24 6 0
2
43 55 
2
1277 18 14 0
7 24 2 0
2
43 56 
2
1278 18 14 0
7 32 18 0
2
43 57 
2
1279 18 14 0
7 22 28 0
2
43 58 
2
1280 18 14 0
7 10 10 0
2
43 59 
2
1281 18 14 0
7 28 16 0
2
43 60 
2
1282 18 14 0
7 16 8 0
2
43 61 
2
1283 18 14 0
7 18 30 0
2
43 62 
2
1284 18 14 0
7 20 24 0
2
43 63 
2
1285 18 14 0
7 16 12 0
2
43 64 
2
1286 18 14 0
7 16 6 0
2
43 65 
2
1287 18 14 0
7 10 6 0
2
43 66 
2
1288 18 14 0
7 18 22 0
2
43 67 
2
1289 18 14 0
7 18 28 0
2
43 68 
2
1290 18 14 0
11 18 12 0
2
43 86 
2
1291 18 14 0
13 6 10 0
2
43 87 
2
1292 18 14 0
11 22 14 0
2
43 89 
2
1293 18 14 0
7 24 14 0
2
20 40 
2
82 14 16 0
330 10 16 0
2
21 41 
2
82 20 14 0
330 20 12 0
2
38 40 
2
169 4 16 0
331 10 16 0
2
39 41 
2
169 22 8 0
331 20 12 0
2
248 42 
2
35 34 26 0
1406 16 16 0
2
40 42 
2
332 10 16 0
1407 16 16 0
2
249 42 
2
35 34 24 0
1408 16 16 0
2
20 42 
2
83 14 16 0
1409 16 16 0
2
250 42 
2
35 34 22 0
1410 16 16 0
2
40 42 
2
333 10 16 0
1411 16 16 0
2
251 42 
2
35 34 20 0
1412 16 16 0
2
262 43 
2
32 32 34 0
1294 18 14 0
2
41 43 
2
332 20 12 0
1295 18 14 0
2
264 43 
2
32 30 34 0
1296 18 14 0
2
21 43 
2
83 20 14 0
1297 18 14 0
2
266 43 
2
32 28 34 0
1298 18 14 0
2
41 43 
2
333 20 12 0
1299 18 14 0
2
267 43 
2
32 28 0 0
1300 18 14 0
2
42 229 
2
1413 16 16 0
12 2 16 0
2
43 87 
2
1301 18 14 0
12 22 14 0
2
42 230 
2
1414 16 16 0
10 10 8 0
2
43 89 
2
1302 18 14 0
8 24 14 0
2
42 231 
2
1415 16 16 0
6 14 30 0
2
43 90 
2
1303 18 14 0
4 20 10 0
2
40 42 
2
334 10 16 0
1416 16 16 0
2
41 43 
2
334 20 12 0
1304 18 14 0
2
42 229 
2
1417 16 16 0
13 2 16 0
2
43 87 
2
1305 18 14 0
13 22 14 0
2
42 230 
2
1418 16 16 0
11 10 8 0
2
43 89 
2
1306 18 14 0
9 24 14 0
2
42 231 
2
1419 16 16 0
7 14 30 0
2
43 90 
2
1307 18 14 0
5 20 10 0
2
20 40 
2
84 14 16 0
335 10 16 0
2
21 41 
2
84 20 14 0
335 20 12 0
2
18 38 
2
42 4 18 0
170 4 16 0
2
19 39 
2
42 20 8 0
170 22 8 0
2
36 38 
2
89 4 22 0
171 4 16 0
2
37 39 
2
89 24 4 0
171 22 8 0
2
252 40 
2
35 34 18 0
336 10 16 0
2
38 40 
2
172 4 16 0
337 10 16 0
2
253 40 
2
35 34 16 0
338 10 16 0
2
18 40 
2
43 4 18 0
339 10 16 0
2
254 40 
2
35 34 14 0
340 10 16 0
2
38 40 
2
173 4 16 0
341 10 16 0
2
255 40 
2
35 34 12 0
342 10 16 0
2
268 41 
2
32 26 34 0
336 20 12 0
2
39 41 
2
172 22 8 0
337 20 12 0
2
269 41 
2
32 26 0 0
338 20 12 0
2
19 41 
2
43 20 8 0
339 20 12 0
2
270 41 
2
32 24 34 0
340 20 12 0
2
39 41 
2
173 22 8 0
341 20 12 0
2
271 41 
2
32 24 0 0
342 20 12 0
2
256 42 
2
35 34 10 0
1420 16 16 0
2
40 42 
2
343 10 16 0
1421 16 16 0
2
257 42 
2
35 34 8 0
1422 16 16 0
2
20 42 
2
85 14 16 0
1423 16 16 0
2
259 42 
2
35 34 4 0
1424 16 16 0
2
40 42 
2
344 10 16 0
1425 16 16 0
2
261 42 
2
35 34 0 0
1426 16 16 0
2
272 43 
2
32 22 34 0
1308 18 14 0
2
41 43 
2
343 20 12 0
1309 18 14 0
2
273 43 
2
32 22 0 0
1310 18 14 0
2
21 43 
2
85 20 14 0
1311 18 14 0
2
274 43 
2
32 20 34 0
1312 18 14 0
2
41 43 
2
344 20 12 0
1313 18 14 0
2
275 43 
2
32 20 0 0
1314 18 14 0
2
42 228 
2
1427 16 16 0
14 12 2 0
2
43 89 
2
1315 18 14 0
10 24 14 0
2
42 229 
2
1428 16 16 0
14 2 16 0
2
43 90 
2
1316 18 14 0
6 20 10 0
2
42 230 
2
1429 16 16 0
12 10 8 0
2
43 91 
2
1317 18 14 0
4 28 8 0
2
42 231 
2
1430 16 16 0
8 14 30 0
2
42 232 
2
1431 16 16 0
4 26 22 0
2
42 233 
2
1432 16 16 0
4 8 22 0
2
42 234 
2
1433 16 16 0
4 12 22 0
2
42 235 
2
1434 16 16 0
4 14 24 0
2
42 236 
2
1435 16 16 0
4 8 10 0
2
42 237 
2
1436 16 16 0
4 20 28 0
2
42 238 
2
1437 16 16 0
4 14 10 0
2
42 239 
2
1438 16 16 0
4 16 20 0
2
42 50 
2
1439 16 16 0
6 4 12 0
2
42 45 
2
1440 16 16 0
10 16 2 0
2
42 47 
2
1441 16 16 0
14 26 12 0
2
42 49 
2
1442 16 16 0
16 32 14 0
2
42 52 
2
1443 16 16 0
12 18 4 0
2
42 53 
2
1444 16 16 0
10 18 8 0
2
42 54 
2
1445 16 16 0
8 24 6 0
2
42 55 
2
1446 16 16 0
8 24 2 0
2
42 56 
2
1447 16 16 0
8 32 18 0
2
40 42 
2
345 10 16 0
1448 16 16 0
2
41 43 
2
345 20 12 0
1318 18 14 0
2
42 228 
2
1449 16 16 0
15 12 2 0
2
43 89 
2
1319 18 14 0
11 24 14 0
2
42 229 
2
1450 16 16 0
15 2 16 0
2
43 90 
2
1320 18 14 0
7 20 10 0
2
42 230 
2
1451 16 16 0
13 10 8 0
2
43 91 
2
1321 18 14 0
5 28 8 0
2
42 231 
2
1452 16 16 0
9 14 30 0
2
42 232 
2
1453 16 16 0
5 26 22 0
2
42 233 
2
1454 16 16 0
5 8 22 0
2
42 234 
2
1455 16 16 0
5 12 22 0
2
42 235 
2
1456 16 16 0
5 14 24 0
2
42 236 
2
1457 16 16 0
5 8 10 0
2
42 237 
2
1458 16 16 0
5 20 28 0
2
42 238 
2
1459 16 16 0
5 14 10 0
2
42 239 
2
1460 16 16 0
5 16 20 0
2
42 50 
2
1461 16 16 0
7 4 12 0
2
42 45 
2
1462 16 16 0
11 16 2 0
2
42 47 
2
1463 16 16 0
15 26 12 0
2
42 49 
2
1464 16 16 0
17 32 14 0
2
42 52 
2
1465 16 16 0
13 18 4 0
2
42 53 
2
1466 16 16 0
11 18 8 0
2
42 54 
2
1467 16 16 0
9 24 6 0
2
42 55 
2
1468 16 16 0
9 24 2 0
2
42 56 
2
1469 16 16 0
9 32 18 0
2
20 40 
2
86 14 16 0
346 10 16 0
2
21 41 
2
86 20 14 0
346 20 12 0
2
38 40 
2
174 4 16 0
347 10 16 0
2
39 41 
2
174 22 8 0
347 20 12 0
2
284 42 
2
35 10 34 0
1470 16 16 0
2
40 42 
2
348 10 16 0
1471 16 16 0
2
285 42 
2
35 10 0 0
1472 16 16 0
2
20 42 
2
87 14 16 0
1473 16 16 0
2
286 42 
2
35 8 34 0
1474 16 16 0
2
40 42 
2
349 10 16 0
1475 16 16 0
2
287 42 
2
35 8 0 0
1476 16 16 0
2
284 43 
2
32 10 34 0
1322 18 14 0
2
41 43 
2
348 20 12 0
1323 18 14 0
2
285 43 
2
32 10 0 0
1324 18 14 0
2
21 43 
2
87 20 14 0
1325 18 14 0
2
286 43 
2
32 8 34 0
1326 18 14 0
2
41 43 
2
349 20 12 0
1327 18 14 0
2
287 43 
2
32 8 0 0
1328 18 14 0
2
42 229 
2
1477 16 16 0
16 2 16 0
2
43 87 
2
1329 18 14 0
14 22 14 0
2
42 230 
2
1478 16 16 0
14 10 8 0
2
43 89 
2
1330 18 14 0
12 24 14 0
2
42 231 
2
1479 16 16 0
10 14 30 0
2
43 90 
2
1331 18 14 0
8 20 10 0
2
42 232 
2
1480 16 16 0
6 26 22 0
2
43 91 
2
1332 18 14 0
6 28 8 0
2
42 233 
2
1481 16 16 0
6 8 22 0
2
43 92 
2
1333 18 14 0
4 32 12 0
2
42 234 
2
1482 16 16 0
6 12 22 0
2
43 93 
2
1334 18 14 0
4 20 2 0
2
42 235 
2
1483 16 16 0
6 14 24 0
2
43 94 
2
1335 18 14 0
4 8 6 0
2
42 236 
2
1484 16 16 0
6 8 10 0
2
43 95 
2
1336 18 14 0
4 6 12 0
2
42 237 
2
1485 16 16 0
6 20 28 0
2
43 96 
2
1337 18 14 0
4 16 4 0
2
42 238 
2
1486 16 16 0
6 14 10 0
2
43 97 
2
1338 18 14 0
4 12 14 0
2
42 239 
2
1487 16 16 0
6 16 20 0
2
43 98 
2
1339 18 14 0
4 22 16 0
2
42 50 
2
1488 16 16 0
8 4 12 0
2
43 99 
2
1340 18 14 0
4 18 24 0
2
42 45 
2
1489 16 16 0
12 16 2 0
2
43 100 
2
1341 18 14 0
4 12 10 0
2
42 47 
2
1490 16 16 0
16 26 12 0
2
43 101 
2
1342 18 14 0
4 18 18 0
2
42 49 
2
1491 16 16 0
18 32 14 0
2
43 102 
2
1343 18 14 0
4 14 8 0
2
42 52 
2
1492 16 16 0
14 18 4 0
2
43 103 
2
1344 18 14 0
4 14 6 0
2
42 53 
2
1493 16 16 0
12 18 8 0
2
43 104 
2
1345 18 14 0
4 22 26 0
2
42 54 
2
1494 16 16 0
10 24 6 0
2
43 105 
2
1346 18 14 0
4 20 16 0
2
42 55 
2
1495 16 16 0
10 24 2 0
2
43 106 
2
1347 18 14 0
8 24 20 0
2
42 56 
2
1496 16 16 0
10 32 18 0
2
43 107 
2
1348 18 14 0
10 30 16 0
2
42 57 
2
1497 16 16 0
8 22 28 0
2
43 108 
2
1349 18 14 0
8 28 10 0
2
40 42 
2
350 10 16 0
1498 16 16 0
2
41 43 
2
350 20 12 0
1350 18 14 0
2
42 229 
2
1499 16 16 0
17 2 16 0
2
43 87 
2
1351 18 14 0
15 22 14 0
2
42 230 
2
1500 16 16 0
15 10 8 0
2
43 89 
2
1352 18 14 0
13 24 14 0
2
42 231 
2
1501 16 16 0
11 14 30 0
2
43 90 
2
1353 18 14 0
9 20 10 0
2
42 232 
2
1502 16 16 0
7 26 22 0
2
43 91 
2
1354 18 14 0
7 28 8 0
2
42 233 
2
1503 16 16 0
7 8 22 0
2
43 92 
2
1355 18 14 0
5 32 12 0
2
42 234 
2
1504 16 16 0
7 12 22 0
2
43 93 
2
1356 18 14 0
5 20 2 0
2
42 235 
2
1505 16 16 0
7 14 24 0
2
43 94 
2
1357 18 14 0
5 8 6 0
2
42 236 
2
1506 16 16 0
7 8 10 0
2
43 95 
2
1358 18 14 0
5 6 12 0
2
42 237 
2
1507 16 16 0
7 20 28 0
2
43 96 
2
1359 18 14 0
5 16 4 0
2
42 238 
2
1508 16 16 0
7 14 10 0
2
43 97 
2
1360 18 14 0
5 12 14 0
2
42 239 
2
1509 16 16 0
7 16 20 0
2
43 98 
2
1361 18 14 0
5 22 16 0
2
42 50 
2
1510 16 16 0
9 4 12 0
2
43 99 
2
1362 18 14 0
5 18 24 0
2
42 45 
2
1511 16 16 0
13 16 2 0
2
43 100 
2
1363 18 14 0
5 12 10 0
2
42 47 
2
1512 16 16 0
17 26 12 0
2
43 101 
2
1364 18 14 0
5 18 18 0
2
42 49 
2
1513 16 16 0
19 32 14 0
2
43 102 
2
1365 18 14 0
5 14 8 0
2
42 52 
2
1514 16 16 0
15 18 4 0
2
43 103 
2
1366 18 14 0
5 14 6 0
2
42 53 
2
1515 16 16 0
13 18 8 0
2
43 104 
2
1367 18 14 0
5 22 26 0
2
42 54 
2
1516 16 16 0
11 24 6 0
2
43 105 
2
1368 18 14 0
5 20 16 0
2
42 55 
2
1517 16 16 0
11 24 2 0
2
43 106 
2
1369 18 14 0
9 24 20 0
2
42 56 
2
1518 16 16 0
11 32 18 0
2
43 107 
2
1370 18 14 0
11 30 16 0
2
42 57 
2
1519 16 16 0
9 22 28 0
2
43 108 
2
1371 18 14 0
9 28 10 0
2
20 40 
2
88 14 16 0
351 10 16 0
2
21 41 
2
88 20 14 0
351 20 12 0
2
18 38 
2
44 4 18 0
175 4 16 0
2
19 39 
2
44 20 8 0
175 22 8 0
2
16 36 
2
22 4 24 0
90 4 22 0
2
17 37 
2
22 26 4 0
90 24 4 0
2
34 36 
2
46 2 24 0
91 4 22 0
2
35 37 
2
46 28 2 0
91 24 4 0
2
276 38 
2
35 18 34 0
176 4 16 0
2
36 38 
2
92 4 22 0
177 4 16 0
2
277 38 
2
35 18 0 0
178 4 16 0
2
16 38 
2
23 4 24 0
179 4 16 0
2
278 38 
2
35 16 34 0
180 4 16 0
2
36 38 
2
93 4 22 0
181 4 16 0
2
279 38 
2
35 16 0 0
182 4 16 0
2
276 39 
2
32 18 34 0
176 22 8 0
2
37 39 
2
92 24 4 0
177 22 8 0
2
277 39 
2
32 18 0 0
178 22 8 0
2
17 39 
2
23 26 4 0
179 22 8 0
2
278 39 
2
32 16 34 0
180 22 8 0
2
37 39 
2
93 24 4 0
181 22 8 0
2
279 39 
2
32 16 0 0
182 22 8 0
2
292 40 
2
35 2 34 0
352 10 16 0
2
38 40 
2
183 4 16 0
353 10 16 0
2
293 40 
2
35 2 0 0
354 10 16 0
2
18 40 
2
45 4 18 0
355 10 16 0
2
294 40 
2
35 0 34 0
356 10 16 0
2
38 40 
2
184 4 16 0
357 10 16 0
2
295 40 
2
35 0 32 0
358 10 16 0
2
292 41 
2
32 2 34 0
352 20 12 0
2
39 41 
2
183 22 8 0
353 20 12 0
2
293 41 
2
32 2 0 0
354 20 12 0
2
19 41 
2
45 20 8 0
355 20 12 0
2
294 41 
2
32 0 34 0
356 20 12 0
2
39 41 
2
184 22 8 0
357 20 12 0
2
295 41 
2
32 0 32 0
358 20 12 0
2
300 42 
2
35 0 22 0
1520 16 16 0
2
40 42 
2
359 10 16 0
1521 16 16 0
2
301 42 
2
35 0 20 0
1522 16 16 0
2
20 42 
2
89 14 16 0
1523 16 16 0
2
302 42 
2
35 0 18 0
1524 16 16 0
2
40 42 
2
360 10 16 0
1525 16 16 0
2
303 42 
2
35 0 16 0
1526 16 16 0
2
300 43 
2
32 0 22 0
1372 18 14 0
2
41 43 
2
359 20 12 0
1373 18 14 0
2
301 43 
2
32 0 20 0
1374 18 14 0
2
21 43 
2
89 20 14 0
1375 18 14 0
2
302 43 
2
32 0 18 0
1376 18 14 0
2
41 43 
2
360 20 12 0
1377 18 14 0
2
303 43 
2
32 0 16 0
1378 18 14 0
2
42 228 
2
1527 16 16 0
16 12 2 0
2
43 89 
2
1379 18 14 0
14 24 14 0
2
42 229 
2
1528 16 16 0
18 2 16 0
2
43 90 
2
1380 18 14 0
10 20 10 0
2
42 230 
2
1529 16 16 0
16 10 8 0
2
43 91 
2
1381 18 14 0
8 28 8 0
2
42 231 
2
1530 16 16 0
12 14 30 0
2
43 92 
2
1382 18 14 0
6 32 12 0
2
42 232 
2
1531 16 16 0
8 26 22 0
2
43 93 
2
1383 18 14 0
6 20 2 0
2
42 233 
2
1532 16 16 0
8 8 22 0
2
43 94 
2
1384 18 14 0
6 8 6 0
2
42 234 
2
1533 16 16 0
8 12 22 0
2
43 95 
2
1385 18 14 0
6 6 12 0
2
42 235 
2
1534 16 16 0
8 14 24 0
2
43 96 
2
1386 18 14 0
6 16 4 0
2
42 236 
2
1535 16 16 0
8 8 10 0
2
43 97 
2
1387 18 14 0
6 12 14 0
2
42 237 
2
1536 16 16 0
8 20 28 0
2
43 98 
2
1388 18 14 0
6 22 16 0
2
42 238 
2
1537 16 16 0
8 14 10 0
2
43 99 
2
1389 18 14 0
6 18 24 0
2
42 239 
2
1538 16 16 0
8 16 20 0
2
43 100 
2
1390 18 14 0
6 12 10 0
2
42 50 
2
1539 16 16 0
10 4 12 0
2
43 101 
2
1391 18 14 0
6 18 18 0
2
42 45 
2
1540 16 16 0
14 16 2 0
2
43 102 
2
1392 18 14 0
6 14 8 0
2
42 47 
2
1541 16 16 0
18 26 12 0
2
43 103 
2
1393 18 14 0
6 14 6 0
2
42 49 
2
1542 16 16 0
20 32 14 0
2
43 104 
2
1394 18 14 0
6 22 26 0
2
42 52 
2
1543 16 16 0
16 18 4 0
2
43 105 
2
1395 18 14 0
6 20 16 0
2
42 53 
2
1544 16 16 0
14 18 8 0
2
43 106 
2
1396 18 14 0
10 24 20 0
2
42 54 
2
1545 16 16 0
12 24 6 0
2
43 107 
2
1397 18 14 0
12 30 16 0
2
43 108 
2
1398 18 14 0
10 28 10 0
2
43 109 
2
1399 18 14 0
6 26 10 0
2
40 42 
2
361 10 16 0
1546 16 16 0
2
41 43 
2
361 20 12 0
1400 18 14 0
2
42 228 
2
1547 16 16 0
17 12 2 0
2
43 89 
2
1401 18 14 0
15 24 14 0
2
42 229 
2
1548 16 16 0
19 2 16 0
2
43 90 
2
1402 18 14 0
11 20 10 0
2
42 230 
2
1549 16 16 0
17 10 8 0
2
43 91 
2
1403 18 14 0
9 28 8 0
2
42 231 
2
1550 16 16 0
13 14 30 0
2
43 92 
2
1404 18 14 0
7 32 12 0
2
42 232 
2
1551 16 16 0
9 26 22 0
2
43 93 
2
1405 18 14 0
7 20 2 0
2
42 233 
2
1552 16 16 0
9 8 22 0
2
43 94 
2
1406 18 14 0
7 8 6 0
2
42 234 
2
1553 16 16 0
9 12 22 0
2
43 95 
2
1407 18 14 0
7 6 12 0
2
42 235 
2
1554 16 16 0
9 14 24 0
2
43 96 
2
1408 18 14 0
7 16 4 0
2
42 236 
2
1555 16 16 0
9 8 10 0
2
43 97 
2
1409 18 14 0
7 12 14 0
2
42 237 
2
1556 16 16 0
9 20 28 0
2
43 98 
2
1410 18 14 0
7 22 16 0
2
42 238 
2
1557 16 16 0
9 14 10 0
2
43 99 
2
1411 18 14 0
7 18 24 0
2
42 239 
2
1558 16 16 0
9 16 20 0
2
43 100 
2
1412 18 14 0
7 12 10 0
2
42 50 
2
1559 16 16 0
11 4 12 0
2
43 101 
2
1413 18 14 0
7 18 18 0
2
42 45 
2
1560 16 16 0
15 16 2 0
2
43 102 
2
1414 18 14 0
7 14 8 0
2
42 47 
2
1561 16 16 0
19 26 12 0
2
43 103 
2
1415 18 14 0
7 14 6 0
2
42 49 
2
1562 16 16 0
21 32 14 0
2
43 104 
2
1416 18 14 0
7 22 26 0
2
42 52 
2
1563 16 16 0
17 18 4 0
2
43 105 
2
1417 18 14 0
7 20 16 0
2
42 53 
2
1564 16 16 0
15 18 8 0
2
43 106 
2
1418 18 14 0
11 24 20 0
2
42 54 
2
1565 16 16 0
13 24 6 0
2
43 107 
2
1419 18 14 0
13 30 16 0
2
43 108 
2
1420 18 14 0
11 28 10 0
2
43 109 
2
1421 18 14 0
7 26 10 0
2
20 40 
2
90 14 16 0
362 10 16 0
2
21 41 
2
90 20 14 0
362 20 12 0
2
38 40 
2
185 4 16 0
363 10 16 0
2
39 41 
2
185 22 8 0
363 20 12 0
2
253 42 
2
38 34 16 0
1566 16 16 0
2
40 42 
2
364 10 16 0
1567 16 16 0
2
255 42 
2
38 34 12 0
1568 16 16 0
2
20 42 
2
91 14 16 0
1569 16 16 0
2
257 42 
2
38 34 8 0
1570 16 16 0
2
40 42 
2
365 10 16 0
1571 16 16 0
2
259 42 
2
38 34 4 0
1572 16 16 0
2
258 43 
2
35 34 6 0
1422 18 14 0
2
41 43 
2
364 20 12 0
1423 18 14 0
2
260 43 
2
35 34 2 0
1424 18 14 0
2
21 43 
2
91 20 14 0
1425 18 14 0
2
262 43 
2
35 32 34 0
1426 18 14 0
2
41 43 
2
365 20 12 0
1427 18 14 0
2
263 43 
2
35 32 0 0
1428 18 14 0
2
42 229 
2
1573 16 16 0
20 2 16 0
2
43 108 
2
1429 18 14 0
12 28 10 0
2
42 230 
2
1574 16 16 0
18 10 8 0
2
43 109 
2
1430 18 14 0
8 26 10 0
2
42 231 
2
1575 16 16 0
14 14 30 0
2
43 111 
2
1431 18 14 0
4 18 6 0
2
42 232 
2
1576 16 16 0
10 26 22 0
2
42 233 
2
1577 16 16 0
10 8 22 0
2
42 234 
2
1578 16 16 0
10 12 22 0
2
42 235 
2
1579 16 16 0
10 14 24 0
2
42 236 
2
1580 16 16 0
10 8 10 0
2
42 237 
2
1581 16 16 0
10 20 28 0
2
42 238 
2
1582 16 16 0
10 14 10 0
2
42 239 
2
1583 16 16 0
10 16 20 0
2
42 50 
2
1584 16 16 0
12 4 12 0
2
42 45 
2
1585 16 16 0
16 16 2 0
2
42 47 
2
1586 16 16 0
20 26 12 0
2
42 49 
2
1587 16 16 0
22 32 14 0
2
42 52 
2
1588 16 16 0
18 18 4 0
2
42 53 
2
1589 16 16 0
16 18 8 0
2
42 54 
2
1590 16 16 0
14 24 6 0
2
42 55 
2
1591 16 16 0
12 24 2 0
2
40 42 
2
366 10 16 0
1592 16 16 0
2
41 43 
2
366 20 12 0
1432 18 14 0
2
42 229 
2
1593 16 16 0
21 2 16 0
2
43 108 
2
1433 18 14 0
13 28 10 0
2
42 230 
2
1594 16 16 0
19 10 8 0
2
43 109 
2
1434 18 14 0
9 26 10 0
2
42 231 
2
1595 16 16 0
15 14 30 0
2
43 111 
2
1435 18 14 0
5 18 6 0
2
42 232 
2
1596 16 16 0
11 26 22 0
2
42 233 
2
1597 16 16 0
11 8 22 0
2
42 234 
2
1598 16 16 0
11 12 22 0
2
42 235 
2
1599 16 16 0
11 14 24 0
2
42 236 
2
1600 16 16 0
11 8 10 0
2
42 237 
2
1601 16 16 0
11 20 28 0
2
42 238 
2
1602 16 16 0
11 14 10 0
2
42 239 
2
1603 16 16 0
11 16 20 0
2
42 50 
2
1604 16 16 0
13 4 12 0
2
42 45 
2
1605 16 16 0
17 16 2 0
2
42 47 
2
1606 16 16 0
21 26 12 0
2
42 49 
2
1607 16 16 0
23 32 14 0
2
42 52 
2
1608 16 16 0
19 18 4 0
2
42 53 
2
1609 16 16 0
17 18 8 0
2
42 54 
2
1610 16 16 0
15 24 6 0
2
42 55 
2
1611 16 16 0
13 24 2 0
2
20 40 
2
92 14 16 0
367 10 16 0
2
21 41 
2
92 20 14 0
367 20 12 0
2
18 38 
2
46 4 18 0
186 4 16 0
2
19 39 
2
46 20 8 0
186 22 8 0
2
36 38 
2
94 4 22 0
187 4 16 0
2
37 39 
2
94 24 4 0
187 22 8 0
2
268 40 
2
38 26 34 0
368 10 16 0
2
38 40 
2
188 4 16 0
369 10 16 0
2
269 40 
2
38 26 0 0
370 10 16 0
2
18 40 
2
47 4 18 0
371 10 16 0
2
270 40 
2
38 24 34 0
372 10 16 0
2
38 40 
2
189 4 16 0
373 10 16 0
2
271 40 
2
38 24 0 0
374 10 16 0
2
264 41 
2
35 30 34 0
368 20 12 0
2
39 41 
2
188 22 8 0
369 20 12 0
2
265 41 
2
35 30 0 0
370 20 12 0
2
19 41 
2
47 20 8 0
371 20 12 0
2
266 41 
2
35 28 34 0
372 20 12 0
2
39 41 
2
189 22 8 0
373 20 12 0
2
267 41 
2
35 28 0 0
374 20 12 0
2
276 42 
2
38 18 34 0
1612 16 16 0
2
40 42 
2
375 10 16 0
1613 16 16 0
2
277 42 
2
38 18 0 0
1614 16 16 0
2
20 42 
2
93 14 16 0
1615 16 16 0
2
278 42 
2
38 16 34 0
1616 16 16 0
2
40 42 
2
376 10 16 0
1617 16 16 0
2
279 42 
2
38 16 0 0
1618 16 16 0
2
268 43 
2
35 26 34 0
1436 18 14 0
2
41 43 
2
375 20 12 0
1437 18 14 0
2
269 43 
2
35 26 0 0
1438 18 14 0
2
21 43 
2
93 20 14 0
1439 18 14 0
2
270 43 
2
35 24 34 0
1440 18 14 0
2
41 43 
2
376 20 12 0
1441 18 14 0
2
271 43 
2
35 24 0 0
1442 18 14 0
2
42 230 
2
1619 16 16 0
20 10 8 0
2
43 109 
2
1443 18 14 0
10 26 10 0
2
42 231 
2
1620 16 16 0
16 14 30 0
2
43 111 
2
1444 18 14 0
6 18 6 0
2
42 232 
2
1621 16 16 0
12 26 22 0
2
43 112 
2
1445 18 14 0
4 30 14 0
2
40 42 
2
377 10 16 0
1622 16 16 0
2
41 43 
2
377 20 12 0
1446 18 14 0
2
42 230 
2
1623 16 16 0
21 10 8 0
2
43 109 
2
1447 18 14 0
11 26 10 0
2
42 231 
2
1624 16 16 0
17 14 30 0
2
43 111 
2
1448 18 14 0
7 18 6 0
2
42 232 
2
1625 16 16 0
13 26 22 0
2
43 112 
2
1449 18 14 0
5 30 14 0
2
20 40 
2
94 14 16 0
378 10 16 0
2
21 41 
2
94 20 14 0
378 20 12 0
2
38 40 
2
190 4 16 0
379 10 16 0
2
39 41 
2
190 22 8 0
379 20 12 0
2
284 42 
2
38 10 34 0
1626 16 16 0
2
40 42 
2
380 10 16 0
1627 16 16 0
2
285 42 
2
38 10 0 0
1628 16 16 0
2
20 42 
2
95 14 16 0
1629 16 16 0
2
287 42 
2
38 8 0 0
1630 16 16 0
2
40 42 
2
381 10 16 0
1631 16 16 0
2
289 42 
2
38 6 0 0
1632 16 16 0
2
280 43 
2
35 14 34 0
1450 18 14 0
2
41 43 
2
380 20 12 0
1451 18 14 0
2
281 43 
2
35 14 0 0
1452 18 14 0
2
21 43 
2
95 20 14 0
1453 18 14 0
2
282 43 
2
35 12 34 0
1454 18 14 0
2
41 43 
2
381 20 12 0
1455 18 14 0
2
283 43 
2
35 12 0 0
1456 18 14 0
2
42 231 
2
1633 16 16 0
18 14 30 0
2
43 108 
2
1457 18 14 0
14 28 10 0
2
42 232 
2
1634 16 16 0
14 26 22 0
2
43 109 
2
1458 18 14 0
12 26 10 0
2
42 233 
2
1635 16 16 0
12 8 22 0
2
43 111 
2
1459 18 14 0
8 18 6 0
2
43 112 
2
1460 18 14 0
6 30 14 0
2
43 113 
2
1461 18 14 0
4 22 4 0
2
43 114 
2
1462 18 14 0
4 30 10 0
2
43 115 
2
1463 18 14 0
4 2 10 0
2
43 116 
2
1464 18 14 0
4 8 8 0
2
43 117 
2
1465 18 14 0
4 12 8 0
2
43 118 
2
1466 18 14 0
4 12 12 0
2
43 119 
2
1467 18 14 0
4 22 18 0
2
43 120 
2
1468 18 14 0
4 28 20 0
2
43 121 
2
1469 18 14 0
4 8 14 0
2
43 122 
2
1470 18 14 0
4 12 6 0
2
43 123 
2
1471 18 14 0
4 22 20 0
2
43 124 
2
1472 18 14 0
4 20 26 0
2
43 125 
2
1473 18 14 0
4 12 16 0
2
43 126 
2
1474 18 14 0
4 16 10 0
2
43 128 
2
1475 18 14 0
8 16 14 0
2
43 129 
2
1476 18 14 0
10 28 12 0
2
43 130 
2
1477 18 14 0
8 22 6 0
2
40 42 
2
382 10 16 0
1636 16 16 0
2
41 43 
2
382 20 12 0
1478 18 14 0
2
42 231 
2
1637 16 16 0
19 14 30 0
2
43 108 
2
1479 18 14 0
15 28 10 0
2
42 232 
2
1638 16 16 0
15 26 22 0
2
43 109 
2
1480 18 14 0
13 26 10 0
2
42 233 
2
1639 16 16 0
13 8 22 0
2
43 111 
2
1481 18 14 0
9 18 6 0
2
43 112 
2
1482 18 14 0
7 30 14 0
2
43 113 
2
1483 18 14 0
5 22 4 0
2
43 114 
2
1484 18 14 0
5 30 10 0
2
43 115 
2
1485 18 14 0
5 2 10 0
2
43 116 
2
1486 18 14 0
5 8 8 0
2
43 117 
2
1487 18 14 0
5 12 8 0
2
43 118 
2
1488 18 14 0
5 12 12 0
2
43 119 
2
1489 18 14 0
5 22 18 0
2
43 120 
2
1490 18 14 0
5 28 20 0
2
43 121 
2
1491 18 14 0
5 8 14 0
2
43 122 
2
1492 18 14 0
5 12 6 0
2
43 123 
2
1493 18 14 0
5 22 20 0
2
43 124 
2
1494 18 14 0
5 20 26 0
2
43 125 
2
1495 18 14 0
5 12 16 0
2
43 126 
2
1496 18 14 0
5 16 10 0
2
43 128 
2
1497 18 14 0
9 16 14 0
2
43 129 
2
1498 18 14 0
11 28 12 0
2
43 130 
2
1499 18 14 0
9 22 6 0
2
20 40 
2
96 14 16 0
383 10 16 0
2
21 41 
2
96 20 14 0
383 20 12 0
2
18 38 
2
48 4 18 0
191 4 16 0
2
19 39 
2
48 20 8 0
191 22 8 0
2
16 36 
2
24 4 24 0
95 4 22 0
2
17 37 
2
24 26 4 0
95 24 4 0
2
14 34 
2
12 4 26 0
47 2 24 0
2
15 35 
2
12 26 2 0
47 28 2 0
2
12 32 
2
6 2 26 0
26 2 28 0
2
13 33 
2
6 30 2 0
26 32 2 0
2
30 32 
2
14 4 28 0
27 2 28 0
2
31 33 
2
14 32 6 0
27 32 2 0
2
244 34 
2
35 34 34 0
48 2 24 0
2
32 34 
2
28 2 28 0
49 2 24 0
2
245 34 
2
35 34 32 0
50 2 24 0
2
12 34 
2
7 2 26 0
51 2 24 0
2
246 34 
2
35 34 30 0
52 2 24 0
2
32 34 
2
29 2 28 0
53 2 24 0
2
247 34 
2
35 34 28 0
54 2 24 0
2
244 35 
2
32 34 34 0
48 28 2 0
2
33 35 
2
28 32 2 0
49 28 2 0
2
245 35 
2
32 34 32 0
50 28 2 0
2
13 35 
2
7 30 2 0
51 28 2 0
2
246 35 
2
32 34 30 0
52 28 2 0
2
33 35 
2
29 32 2 0
53 28 2 0
2
247 35 
2
32 34 28 0
54 28 2 0
2
308 36 
2
35 0 6 0
96 4 22 0
2
34 36 
2
55 2 24 0
97 4 22 0
2
309 36 
2
35 0 4 0
98 4 22 0
2
14 36 
2
13 4 26 0
99 4 22 0
2
310 36 
2
35 0 2 0
100 4 22 0
2
34 36 
2
56 2 24 0
101 4 22 0
2
311 36 
2
35 0 0 0
102 4 22 0
2
308 37 
2
32 0 6 0
96 24 4 0
2
35 37 
2
55 28 2 0
97 24 4 0
2
309 37 
2
32 0 4 0
98 24 4 0
2
15 37 
2
13 26 2 0
99 24 4 0
2
310 37 
2
32 0 2 0
100 24 4 0
2
35 37 
2
56 28 2 0
101 24 4 0
2
311 37 
2
32 0 0 0
102 24 4 0
2
280 38 
2
38 14 34 0
192 4 16 0
2
36 38 
2
103 4 22 0
193 4 16 0
2
281 38 
2
38 14 0 0
194 4 16 0
2
16 38 
2
25 4 24 0
195 4 16 0
2
282 38 
2
38 12 34 0
196 4 16 0
2
36 38 
2
104 4 22 0
197 4 16 0
2
283 38 
2
38 12 0 0
198 4 16 0
2
272 39 
2
35 22 34 0
192 22 8 0
2
37 39 
2
103 24 4 0
193 22 8 0
2
273 39 
2
35 22 0 0
194 22 8 0
2
17 39 
2
25 26 4 0
195 22 8 0
2
274 39 
2
35 20 34 0
196 22 8 0
2
37 39 
2
104 24 4 0
197 22 8 0
2
275 39 
2
35 20 0 0
198 22 8 0
2
292 40 
2
38 2 34 0
384 10 16 0
2
38 40 
2
199 4 16 0
385 10 16 0
2
293 40 
2
38 2 0 0
386 10 16 0
2
18 40 
2
49 4 18 0
387 10 16 0
2
294 40 
2
38 0 34 0
388 10 16 0
2
38 40 
2
200 4 16 0
389 10 16 0
2
295 40 
2
38 0 32 0
390 10 16 0
2
288 41 
2
35 6 34 0
384 20 12 0
2
39 41 
2
199 22 8 0
385 20 12 0
2
289 41 
2
35 6 0 0
386 20 12 0
2
19 41 
2
49 20 8 0
387 20 12 0
2
290 41 
2
35 4 34 0
388 20 12 0
2
39 41 
2
200 22 8 0
389 20 12 0
2
291 41 
2
35 4 0 0
390 20 12 0
2
296 42 
2
38 0 30 0
1640 16 16 0
2
40 42 
2
391 10 16 0
1641 16 16 0
2
297 42 
2
38 0 28 0
1642 16 16 0
2
20 42 
2
97 14 16 0
1643 16 16 0
2
298 42 
2
38 0 26 0
1644 16 16 0
2
40 42 
2
392 10 16 0
1645 16 16 0
2
299 42 
2
38 0 24 0
1646 16 16 0
2
296 43 
2
35 0 30 0
1500 18 14 0
2
41 43 
2
391 20 12 0
1501 18 14 0
2
297 43 
2
35 0 28 0
1502 18 14 0
2
21 43 
2
97 20 14 0
1503 18 14 0
2
298 43 
2
35 0 26 0
1504 18 14 0
2
41 43 
2
392 20 12 0
1505 18 14 0
2
299 43 
2
35 0 24 0
1506 18 14 0
2
42 230 
2
1647 16 16 0
22 10 8 0
2
43 109 
2
1507 18 14 0
14 26 10 0
2
42 231 
2
1648 16 16 0
20 14 30 0
2
43 111 
2
1508 18 14 0
10 18 6 0
2
42 232 
2
1649 16 16 0
16 26 22 0
2
43 112 
2
1509 18 14 0
8 30 14 0
2
42 233 
2
1650 16 16 0
14 8 22 0
2
43 113 
2
1510 18 14 0
6 22 4 0
2
42 234 
2
1651 16 16 0
12 12 22 0
2
43 114 
2
1511 18 14 0
6 30 10 0
2
42 235 
2
1652 16 16 0
12 14 24 0
2
43 115 
2
1512 18 14 0
6 2 10 0
2
42 236 
2
1653 16 16 0
12 8 10 0
2
43 116 
2
1513 18 14 0
6 8 8 0
2
42 237 
2
1654 16 16 0
12 20 28 0
2
43 117 
2
1514 18 14 0
6 12 8 0
2
42 238 
2
1655 16 16 0
12 14 10 0
2
43 118 
2
1515 18 14 0
6 12 12 0
2
42 239 
2
1656 16 16 0
12 16 20 0
2
43 119 
2
1516 18 14 0
6 22 18 0
2
42 50 
2
1657 16 16 0
14 4 12 0
2
43 120 
2
1517 18 14 0
6 28 20 0
2
42 45 
2
1658 16 16 0
18 16 2 0
2
43 121 
2
1518 18 14 0
6 8 14 0
2
42 47 
2
1659 16 16 0
22 26 12 0
2
43 122 
2
1519 18 14 0
6 12 6 0
2
42 49 
2
1660 16 16 0
24 32 14 0
2
43 123 
2
1520 18 14 0
6 22 20 0
2
42 52 
2
1661 16 16 0
20 18 4 0
2
43 124 
2
1521 18 14 0
6 20 26 0
2
42 53 
2
1662 16 16 0
18 18 8 0
2
43 125 
2
1522 18 14 0
6 12 16 0
2
42 54 
2
1663 16 16 0
16 24 6 0
2
43 126 
2
1523 18 14 0
6 16 10 0
2
42 55 
2
1664 16 16 0
14 24 2 0
2
43 128 
2
1524 18 14 0
10 16 14 0
2
42 56 
2
1665 16 16 0
12 32 18 0
2
43 129 
2
1525 18 14 0
12 28 12 0
2
42 57 
2
1666 16 16 0
10 22 28 0
2
43 130 
2
1526 18 14 0
10 22 6 0
2
42 58 
2
1667 16 16 0
8 10 10 0
2
43 131 
2
1527 18 14 0
6 28 14 0
2
40 42 
2
393 10 16 0
1668 16 16 0
2
41 43 
2
393 20 12 0
1528 18 14 0
2
42 230 
2
1669 16 16 0
23 10 8 0
2
43 109 
2
1529 18 14 0
15 26 10 0
2
42 231 
2
1670 16 16 0
21 14 30 0
2
43 111 
2
1530 18 14 0
11 18 6 0
2
42 232 
2
1671 16 16 0
17 26 22 0
2
43 112 
2
1531 18 14 0
9 30 14 0
2
42 233 
2
1672 16 16 0
15 8 22 0
2
43 113 
2
1532 18 14 0
7 22 4 0
2
42 234 
2
1673 16 16 0
13 12 22 0
2
43 114 
2
1533 18 14 0
7 30 10 0
2
42 235 
2
1674 16 16 0
13 14 24 0
2
43 115 
2
1534 18 14 0
7 2 10 0
2
42 236 
2
1675 16 16 0
13 8 10 0
2
43 116 
2
1535 18 14 0
7 8 8 0
2
42 237 
2
1676 16 16 0
13 20 28 0
2
43 117 
2
1536 18 14 0
7 12 8 0
2
42 238 
2
1677 16 16 0
13 14 10 0
2
43 118 
2
1537 18 14 0
7 12 12 0
2
42 239 
2
1678 16 16 0
13 16 20 0
2
43 119 
2
1538 18 14 0
7 22 18 0
2
42 50 
2
1679 16 16 0
15 4 12 0
2
43 120 
2
1539 18 14 0
7 28 20 0
2
42 45 
2
1680 16 16 0
19 16 2 0
2
43 121 
2
1540 18 14 0
7 8 14 0
2
42 47 
2
1681 16 16 0
23 26 12 0
2
43 122 
2
1541 18 14 0
7 12 6 0
2
42 49 
2
1682 16 16 0
25 32 14 0
2
43 123 
2
1542 18 14 0
7 22 20 0
2
42 52 
2
1683 16 16 0
21 18 4 0
2
43 124 
2
1543 18 14 0
7 20 26 0
2
42 53 
2
1684 16 16 0
19 18 8 0
2
43 125 
2
1544 18 14 0
7 12 16 0
2
42 54 
2
1685 16 16 0
17 24 6 0
2
43 126 
2
1545 18 14 0
7 16 10 0
2
42 55 
2
1686 16 16 0
15 24 2 0
2
43 128 
2
1546 18 14 0
11 16 14 0
2
42 56 
2
1687 16 16 0
13 32 18 0
2
43 129 
2
1547 18 14 0
13 28 12 0
2
42 57 
2
1688 16 16 0
11 22 28 0
2
43 130 
2
1548 18 14 0
11 22 6 0
2
42 58 
2
1689 16 16 0
9 10 10 0
2
43 131 
2
1549 18 14 0
7 28 14 0
2
20 40 
2
98 14 16 0
394 10 16 0
2
21 41 
2
98 20 14 0
394 20 12 0
2
38 40 
2
201 4 16 0
395 10 16 0
2
39 41 
2
201 22 8 0
395 20 12 0
2
248 42 
2
41 34 26 0
1690 16 16 0
2
40 42 
2
396 10 16 0
1691 16 16 0
2
249 42 
2
41 34 24 0
1692 16 16 0
2
20 42 
2
99 14 16 0
1693 16 16 0
2
251 42 
2
41 34 20 0
1694 16 16 0
2
40 42 
2
397 10 16 0
1695 16 16 0
2
253 42 
2
41 34 16 0
1696 16 16 0
2
244 43 
2
38 34 34 0
1550 18 14 0
2
41 43 
2
396 20 12 0
1551 18 14 0
2
245 43 
2
38 34 32 0
1552 18 14 0
2
21 43 
2
99 20 14 0
1553 18 14 0
2
246 43 
2
38 34 30 0
1554 18 14 0
2
41 43 
2
397 20 12 0
1555 18 14 0
2
247 43 
2
38 34 28 0
1556 18 14 0
2
42 231 
2
1697 16 16 0
22 14 30 0
2
43 130 
2
1557 18 14 0
12 22 6 0
2
42 232 
2
1698 16 16 0
18 26 22 0
2
43 131 
2
1558 18 14 0
8 28 14 0
2
42 233 
2
1699 16 16 0
16 8 22 0
2
43 149 
2
1559 18 14 0
4 20 6 0
2
42 234 
2
1700 16 16 0
14 12 22 0
2
42 235 
2
1701 16 16 0
14 14 24 0
2
42 236 
2
1702 16 16 0
14 8 10 0
2
42 237 
2
1703 16 16 0
14 20 28 0
2
42 238 
2
1704 16 16 0
14 14 10 0
2
42 239 
2
1705 16 16 0
14 16 20 0
2
42 50 
2
1706 16 16 0
16 4 12 0
2
42 45 
2
1707 16 16 0
20 16 2 0
2
42 47 
2
1708 16 16 0
24 26 12 0
2
42 49 
2
1709 16 16 0
26 32 14 0
2
42 52 
2
1710 16 16 0
22 18 4 0
2
42 53 
2
1711 16 16 0
20 18 8 0
2
42 54 
2
1712 16 16 0
18 24 6 0
2
42 55 
2
1713 16 16 0
16 24 2 0
2
42 56 
2
1714 16 16 0
14 32 18 0
2
42 57 
2
1715 16 16 0
12 22 28 0
2
42 58 
2
1716 16 16 0
10 10 10 0
2
42 59 
2
1717 16 16 0
8 28 16 0
2
40 42 
2
398 10 16 0
1718 16 16 0
2
41 43 
2
398 20 12 0
1560 18 14 0
2
42 231 
2
1719 16 16 0
23 14 30 0
2
43 130 
2
1561 18 14 0
13 22 6 0
2
42 232 
2
1720 16 16 0
19 26 22 0
2
43 131 
2
1562 18 14 0
9 28 14 0
2
42 233 
2
1721 16 16 0
17 8 22 0
2
43 149 
2
1563 18 14 0
5 20 6 0
2
42 234 
2
1722 16 16 0
15 12 22 0
2
42 235 
2
1723 16 16 0
15 14 24 0
2
42 236 
2
1724 16 16 0
15 8 10 0
2
42 237 
2
1725 16 16 0
15 20 28 0
2
42 238 
2
1726 16 16 0
15 14 10 0
2
42 239 
2
1727 16 16 0
15 16 20 0
2
42 50 
2
1728 16 16 0
17 4 12 0
2
42 45 
2
1729 16 16 0
21 16 2 0
2
42 47 
2
1730 16 16 0
25 26 12 0
2
42 49 
2
1731 16 16 0
27 32 14 0
2
42 52 
2
1732 16 16 0
23 18 4 0
2
42 53 
2
1733 16 16 0
21 18 8 0
2
42 54 
2
1734 16 16 0
19 24 6 0
2
42 55 
2
1735 16 16 0
17 24 2 0
2
42 56 
2
1736 16 16 0
15 32 18 0
2
42 57 
2
1737 16 16 0
13 22 28 0
2
42 58 
2
1738 16 16 0
11 10 10 0
2
42 59 
2
1739 16 16 0
9 28 16 0
2
20 40 
2
100 14 16 0
399 10 16 0
2
21 41 
2
100 20 14 0
399 20 12 0
2
18 38 
2
50 4 18 0
202 4 16 0
2
19 39 
2
50 20 8 0
202 22 8 0
2
36 38 
2
105 4 22 0
203 4 16 0
2
37 39 
2
105 24 4 0
203 22 8 0
2
264 40 
2
41 30 34 0
400 10 16 0
2
38 40 
2
204 4 16 0
401 10 16 0
2
265 40 
2
41 30 0 0
402 10 16 0
2
18 40 
2
51 4 18 0
403 10 16 0
2
266 40 
2
41 28 34 0
404 10 16 0
2
38 40 
2
205 4 16 0
405 10 16 0
2
267 40 
2
41 28 0 0
406 10 16 0
2
248 41 
2
38 34 26 0
400 20 12 0
2
39 41 
2
204 22 8 0
401 20 12 0
2
249 41 
2
38 34 24 0
402 20 12 0
2
19 41 
2
51 20 8 0
403 20 12 0
2
250 41 
2
38 34 22 0
404 20 12 0
2
39 41 
2
205 22 8 0
405 20 12 0
2
251 41 
2
38 34 20 0
406 20 12 0
2
272 42 
2
41 22 34 0
1740 16 16 0
2
40 42 
2
407 10 16 0
1741 16 16 0
2
273 42 
2
41 22 0 0
1742 16 16 0
2
20 42 
2
101 14 16 0
1743 16 16 0
2
274 42 
2
41 20 34 0
1744 16 16 0
2
40 42 
2
408 10 16 0
1745 16 16 0
2
275 42 
2
41 20 0 0
1746 16 16 0
2
252 43 
2
38 34 18 0
1564 18 14 0
2
41 43 
2
407 20 12 0
1565 18 14 0
2
254 43 
2
38 34 14 0
1566 18 14 0
2
21 43 
2
101 20 14 0
1567 18 14 0
2
256 43 
2
38 34 10 0
1568 18 14 0
2
41 43 
2
408 20 12 0
1569 18 14 0
2
258 43 
2
38 34 6 0
1570 18 14 0
2
42 56 
2
1747 16 16 0
16 32 18 0
2
43 131 
2
1571 18 14 0
10 28 14 0
2
42 57 
2
1748 16 16 0
14 22 28 0
2
43 149 
2
1572 18 14 0
6 20 6 0
2
42 58 
2
1749 16 16 0
12 10 10 0
2
43 150 
2
1573 18 14 0
4 24 8 0
2
40 42 
2
409 10 16 0
1750 16 16 0
2
41 43 
2
409 20 12 0
1574 18 14 0
2
42 56 
2
1751 16 16 0
17 32 18 0
2
43 131 
2
1575 18 14 0
11 28 14 0
2
42 57 
2
1752 16 16 0
15 22 28 0
2
43 149 
2
1576 18 14 0
7 20 6 0
2
42 58 
2
1753 16 16 0
13 10 10 0
2
43 150 
2
1577 18 14 0
5 24 8 0
2
20 40 
2
102 14 16 0
410 10 16 0
2
21 41 
2
102 20 14 0
410 20 12 0
2
38 40 
2
206 4 16 0
411 10 16 0
2
39 41 
2
206 22 8 0
411 20 12 0
2
280 42 
2
41 14 34 0
1754 16 16 0
2
40 42 
2
412 10 16 0
1755 16 16 0
2
281 42 
2
41 14 0 0
1756 16 16 0
2
20 42 
2
103 14 16 0
1757 16 16 0
2
283 42 
2
41 12 0 0
1758 16 16 0
2
40 42 
2
413 10 16 0
1759 16 16 0
2
285 42 
2
41 10 0 0
1760 16 16 0
2
264 43 
2
38 30 34 0
1578 18 14 0
2
41 43 
2
412 20 12 0
1579 18 14 0
2
265 43 
2
38 30 0 0
1580 18 14 0
2
21 43 
2
103 20 14 0
1581 18 14 0
2
266 43 
2
38 28 34 0
1582 18 14 0
2
41 43 
2
413 20 12 0
1583 18 14 0
2
267 43 
2
38 28 0 0
1584 18 14 0
2
42 57 
2
1761 16 16 0
16 22 28 0
2
43 130 
2
1585 18 14 0
14 22 6 0
2
42 58 
2
1762 16 16 0
14 10 10 0
2
43 131 
2
1586 18 14 0
12 28 14 0
2
42 59 
2
1763 16 16 0
10 28 16 0
2
43 149 
2
1587 18 14 0
8 20 6 0
2
43 150 
2
1588 18 14 0
6 24 8 0
2
43 151 
2
1589 18 14 0
4 22 2 0
2
43 152 
2
1590 18 14 0
4 22 30 0
2
43 153 
2
1591 18 14 0
4 24 26 0
2
43 154 
2
1592 18 14 0
4 28 18 0
2
43 155 
2
1593 18 14 0
4 22 22 0
2
43 156 
2
1594 18 14 0
4 26 18 0
2
43 157 
2
1595 18 14 0
4 24 16 0
2
43 158 
2
1596 18 14 0
4 4 14 0
2
43 159 
2
1597 18 14 0
4 14 4 0
2
43 160 
2
1598 18 14 0
4 10 14 0
2
43 161 
2
1599 18 14 0
4 14 2 0
2
43 162 
2
1600 18 14 0
4 30 18 0
2
43 163 
2
1601 18 14 0
4 24 22 0
2
43 164 
2
1602 18 14 0
4 26 20 0
2
43 166 
2
1603 18 14 0
8 20 22 0
2
43 167 
2
1604 18 14 0
10 22 12 0
2
43 168 
2
1605 18 14 0
8 24 10 0
2
40 42 
2
414 10 16 0
1764 16 16 0
2
41 43 
2
414 20 12 0
1606 18 14 0
2
42 57 
2
1765 16 16 0
17 22 28 0
2
43 130 
2
1607 18 14 0
15 22 6 0
2
42 58 
2
1766 16 16 0
15 10 10 0
2
43 131 
2
1608 18 14 0
13 28 14 0
2
42 59 
2
1767 16 16 0
11 28 16 0
2
43 149 
2
1609 18 14 0
9 20 6 0
2
43 150 
2
1610 18 14 0
7 24 8 0
2
43 151 
2
1611 18 14 0
5 22 2 0
2
43 152 
2
1612 18 14 0
5 22 30 0
2
43 153 
2
1613 18 14 0
5 24 26 0
2
43 154 
2
1614 18 14 0
5 28 18 0
2
43 155 
2
1615 18 14 0
5 22 22 0
2
43 156 
2
1616 18 14 0
5 26 18 0
2
43 157 
2
1617 18 14 0
5 24 16 0
2
43 158 
2
1618 18 14 0
5 4 14 0
2
43 159 
2
1619 18 14 0
5 14 4 0
2
43 160 
2
1620 18 14 0
5 10 14 0
2
43 161 
2
1621 18 14 0
5 14 2 0
2
43 162 
2
1622 18 14 0
5 30 18 0
2
43 163 
2
1623 18 14 0
5 24 22 0
2
43 164 
2
1624 18 14 0
5 26 20 0
2
43 166 
2
1625 18 14 0
9 20 22 0
2
43 167 
2
1626 18 14 0
11 22 12 0
2
43 168 
2
1627 18 14 0
9 24 10 0
2
20 40 
2
104 14 16 0
415 10 16 0
2
21 41 
2
104 20 14 0
415 20 12 0
2
18 38 
2
52 4 18 0
207 4 16 0
2
19 39 
2
52 20 8 0
207 22 8 0
2
16 36 
2
26 4 24 0
106 4 22 0
2
17 37 
2
26 26 4 0
106 24 4 0
2
34 36 
2
57 2 24 0
107 4 22 0
2
35 37 
2
57 28 2 0
107 24 4 0
2
276 38 
2
41 18 34 0
208 4 16 0
2
36 38 
2
108 4 22 0
209 4 16 0
2
277 38 
2
41 18 0 0
210 4 16 0
2
16 38 
2
27 4 24 0
211 4 16 0
2
278 38 
2
41 16 34 0
212 4 16 0
2
36 38 
2
109 4 22 0
213 4 16 0
2
279 38 
2
41 16 0 0
214 4 16 0
2
260 39 
2
38 34 2 0
208 22 8 0
2
37 39 
2
108 24 4 0
209 22 8 0
2
261 39 
2
38 34 0 0
210 22 8 0
2
17 39 
2
27 26 4 0
211 22 8 0
2
262 39 
2
38 32 34 0
212 22 8 0
2
37 39 
2
109 24 4 0
213 22 8 0
2
263 39 
2
38 32 0 0
214 22 8 0
2
288 40 
2
41 6 34 0
416 10 16 0
2
38 40 
2
215 4 16 0
417 10 16 0
2
289 40 
2
41 6 0 0
418 10 16 0
2
18 40 
2
53 4 18 0
419 10 16 0
2
290 40 
2
41 4 34 0
420 10 16 0
2
38 40 
2
216 4 16 0
421 10 16 0
2
291 40 
2
41 4 0 0
422 10 16 0
2
272 41 
2
38 22 34 0
416 20 12 0
2
39 41 
2
215 22 8 0
417 20 12 0
2
273 41 
2
38 22 0 0
418 20 12 0
2
19 41 
2
53 20 8 0
419 20 12 0
2
274 41 
2
38 20 34 0
420 20 12 0
2
39 41 
2
216 22 8 0
421 20 12 0
2
275 41 
2
38 20 0 0
422 20 12 0
2
292 42 
2
41 2 34 0
1768 16 16 0
2
40 42 
2
423 10 16 0
1769 16 16 0
2
293 42 
2
41 2 0 0
1770 16 16 0
2
20 42 
2
105 14 16 0
1771 16 16 0
2
294 42 
2
41 0 34 0
1772 16 16 0
2
40 42 
2
424 10 16 0
1773 16 16 0
2
295 42 
2
41 0 32 0
1774 16 16 0
2
286 43 
2
38 8 34 0
1628 18 14 0
2
41 43 
2
423 20 12 0
1629 18 14 0
2
288 43 
2
38 6 34 0
1630 18 14 0
2
21 43 
2
105 20 14 0
1631 18 14 0
2
290 43 
2
38 4 34 0
1632 18 14 0
2
41 43 
2
424 20 12 0
1633 18 14 0
2
291 43 
2
38 4 0 0
1634 18 14 0
2
42 56 
2
1775 16 16 0
18 32 18 0
2
43 131 
2
1635 18 14 0
14 28 14 0
2
42 57 
2
1776 16 16 0
18 22 28 0
2
43 149 
2
1636 18 14 0
10 20 6 0
2
42 58 
2
1777 16 16 0
16 10 10 0
2
43 150 
2
1637 18 14 0
8 24 8 0
2
42 59 
2
1778 16 16 0
12 28 16 0
2
43 151 
2
1638 18 14 0
6 22 2 0
2
42 60 
2
1779 16 16 0
8 16 8 0
2
43 152 
2
1639 18 14 0
6 22 30 0
2
42 61 
2
1780 16 16 0
8 18 30 0
2
43 153 
2
1640 18 14 0
6 24 26 0
2
42 62 
2
1781 16 16 0
8 20 24 0
2
43 154 
2
1641 18 14 0
6 28 18 0
2
42 63 
2
1782 16 16 0
8 16 12 0
2
43 155 
2
1642 18 14 0
6 22 22 0
2
42 64 
2
1783 16 16 0
8 16 6 0
2
43 156 
2
1643 18 14 0
6 26 18 0
2
42 65 
2
1784 16 16 0
8 10 6 0
2
43 157 
2
1644 18 14 0
6 24 16 0
2
42 66 
2
1785 16 16 0
8 18 22 0
2
43 158 
2
1645 18 14 0
6 4 14 0
2
42 67 
2
1786 16 16 0
8 18 28 0
2
43 159 
2
1646 18 14 0
6 14 4 0
2
42 68 
2
1787 16 16 0
12 18 12 0
2
43 160 
2
1647 18 14 0
6 10 14 0
2
42 86 
2
1788 16 16 0
14 6 10 0
2
43 161 
2
1648 18 14 0
6 14 2 0
2
42 87 
2
1789 16 16 0
16 22 14 0
2
43 162 
2
1649 18 14 0
6 30 18 0
2
42 89 
2
1790 16 16 0
16 24 14 0
2
43 163 
2
1650 18 14 0
6 24 22 0
2
42 90 
2
1791 16 16 0
12 20 10 0
2
43 164 
2
1651 18 14 0
6 26 20 0
2
42 91 
2
1792 16 16 0
10 28 8 0
2
43 166 
2
1652 18 14 0
10 20 22 0
2
42 92 
2
1793 16 16 0
8 32 12 0
2
43 167 
2
1653 18 14 0
12 22 12 0
2
42 93 
2
1794 16 16 0
8 20 2 0
2
43 168 
2
1654 18 14 0
10 24 10 0
2
42 94 
2
1795 16 16 0
8 8 6 0
2
43 169 
2
1655 18 14 0
6 18 2 0
2
40 42 
2
425 10 16 0
1796 16 16 0
2
41 43 
2
425 20 12 0
1656 18 14 0
2
42 56 
2
1797 16 16 0
19 32 18 0
2
43 131 
2
1657 18 14 0
15 28 14 0
2
42 57 
2
1798 16 16 0
19 22 28 0
2
43 149 
2
1658 18 14 0
11 20 6 0
2
42 58 
2
1799 16 16 0
17 10 10 0
2
43 150 
2
1659 18 14 0
9 24 8 0
2
42 59 
2
1800 16 16 0
13 28 16 0
2
43 151 
2
1660 18 14 0
7 22 2 0
2
42 60 
2
1801 16 16 0
9 16 8 0
2
43 152 
2
1661 18 14 0
7 22 30 0
2
42 61 
2
1802 16 16 0
9 18 30 0
2
43 153 
2
1662 18 14 0
7 24 26 0
2
42 62 
2
1803 16 16 0
9 20 24 0
2
43 154 
2
1663 18 14 0
7 28 18 0
2
42 63 
2
1804 16 16 0
9 16 12 0
2
43 155 
2
1664 18 14 0
7 22 22 0
2
42 64 
2
1805 16 16 0
9 16 6 0
2
43 156 
2
1665 18 14 0
7 26 18 0
2
42 65 
2
1806 16 16 0
9 10 6 0
2
43 157 
2
1666 18 14 0
7 24 16 0
2
42 66 
2
1807 16 16 0
9 18 22 0
2
43 158 
2
1667 18 14 0
7 4 14 0
2
42 67 
2
1808 16 16 0
9 18 28 0
2
43 159 
2
1668 18 14 0
7 14 4 0
2
42 68 
2
1809 16 16 0
13 18 12 0
2
43 160 
2
1669 18 14 0
7 10 14 0
2
42 86 
2
1810 16 16 0
15 6 10 0
2
43 161 
2
1670 18 14 0
7 14 2 0
2
42 87 
2
1811 16 16 0
17 22 14 0
2
43 162 
2
1671 18 14 0
7 30 18 0
2
42 89 
2
1812 16 16 0
17 24 14 0
2
43 163 
2
1672 18 14 0
7 24 22 0
2
42 90 
2
1813 16 16 0
13 20 10 0
2
43 164 
2
1673 18 14 0
7 26 20 0
2
42 91 
2
1814 16 16 0
11 28 8 0
2
43 166 
2
1674 18 14 0
11 20 22 0
2
42 92 
2
1815 16 16 0
9 32 12 0
2
43 167 
2
1675 18 14 0
13 22 12 0
2
42 93 
2
1816 16 16 0
9 20 2 0
2
43 168 
2
1676 18 14 0
11 24 10 0
2
42 94 
2
1817 16 16 0
9 8 6 0
2
43 169 
2
1677 18 14 0
7 18 2 0
2
20 40 
2
106 14 16 0
426 10 16 0
2
21 41 
2
106 20 14 0
426 20 12 0
2
38 40 
2
217 4 16 0
427 10 16 0
2
39 41 
2
217 22 8 0
427 20 12 0
2
244 42 
2
44 34 34 0
1818 16 16 0
2
40 42 
2
428 10 16 0
1819 16 16 0
2
245 42 
2
44 34 32 0
1820 16 16 0
2
20 42 
2
107 14 16 0
1821 16 16 0
2
247 42 
2
44 34 28 0
1822 16 16 0
2
40 42 
2
429 10 16 0
1823 16 16 0
2
249 42 
2
44 34 24 0
1824 16 16 0
2
308 43 
2
38 0 6 0
1678 18 14 0
2
41 43 
2
428 20 12 0
1679 18 14 0
2
309 43 
2
38 0 4 0
1680 18 14 0
2
21 43 
2
107 20 14 0
1681 18 14 0
2
310 43 
2
38 0 2 0
1682 18 14 0
2
41 43 
2
429 20 12 0
1683 18 14 0
2
311 43 
2
38 0 0 0
1684 18 14 0
2
42 57 
2
1825 16 16 0
20 22 28 0
2
43 168 
2
1685 18 14 0
12 24 10 0
2
42 58 
2
1826 16 16 0
18 10 10 0
2
43 169 
2
1686 18 14 0
8 18 2 0
2
42 59 
2
1827 16 16 0
14 28 16 0
2
43 170 
2
1687 18 14 0
4 26 14 0
2
42 60 
2
1828 16 16 0
10 16 8 0
2
42 61 
2
1829 16 16 0
10 18 30 0
2
42 62 
2
1830 16 16 0
10 20 24 0
2
42 63 
2
1831 16 16 0
10 16 12 0
2
42 64 
2
1832 16 16 0
10 16 6 0
2
42 65 
2
1833 16 16 0
10 10 6 0
2
42 66 
2
1834 16 16 0
10 18 22 0
2
42 67 
2
1835 16 16 0
10 18 28 0
2
42 68 
2
1836 16 16 0
14 18 12 0
2
42 86 
2
1837 16 16 0
16 6 10 0
2
42 87 
2
1838 16 16 0
18 22 14 0
2
42 89 
2
1839 16 16 0
18 24 14 0
2
42 90 
2
1840 16 16 0
14 20 10 0
2
42 91 
2
1841 16 16 0
12 28 8 0
2
42 92 
2
1842 16 16 0
10 32 12 0
2
42 93 
2
1843 16 16 0
10 20 2 0
2
42 94 
2
1844 16 16 0
10 8 6 0
2
42 95 
2
1845 16 16 0
8 6 12 0
2
40 42 
2
430 10 16 0
1846 16 16 0
2
41 43 
2
430 20 12 0
1688 18 14 0
2
42 57 
2
1847 16 16 0
21 22 28 0
2
43 168 
2
1689 18 14 0
13 24 10 0
2
42 58 
2
1848 16 16 0
19 10 10 0
2
43 169 
2
1690 18 14 0
9 18 2 0
2
42 59 
2
1849 16 16 0
15 28 16 0
2
43 170 
2
1691 18 14 0
5 26 14 0
2
42 60 
2
1850 16 16 0
11 16 8 0
2
42 61 
2
1851 16 16 0
11 18 30 0
2
42 62 
2
1852 16 16 0
11 20 24 0
2
42 63 
2
1853 16 16 0
11 16 12 0
2
42 64 
2
1854 16 16 0
11 16 6 0
2
42 65 
2
1855 16 16 0
11 10 6 0
2
42 66 
2
1856 16 16 0
11 18 22 0
2
42 67 
2
1857 16 16 0
11 18 28 0
2
42 68 
2
1858 16 16 0
15 18 12 0
2
42 86 
2
1859 16 16 0
17 6 10 0
2
42 87 
2
1860 16 16 0
19 22 14 0
2
42 89 
2
1861 16 16 0
19 24 14 0
2
42 90 
2
1862 16 16 0
15 20 10 0
2
42 91 
2
1863 16 16 0
13 28 8 0
2
42 92 
2
1864 16 16 0
11 32 12 0
2
42 93 
2
1865 16 16 0
11 20 2 0
2
42 94 
2
1866 16 16 0
11 8 6 0
2
42 95 
2
1867 16 16 0
9 6 12 0
2
20 40 
2
108 14 16 0
431 10 16 0
2
21 41 
2
108 20 14 0
431 20 12 0
2
18 38 
2
54 4 18 0
218 4 16 0
2
19 39 
2
54 20 8 0
218 22 8 0
2
36 38 
2
110 4 22 0
219 4 16 0
2
37 39 
2
110 24 4 0
219 22 8 0
2
264 40 
2
44 30 34 0
432 10 16 0
2
38 40 
2
220 4 16 0
433 10 16 0
2
265 40 
2
44 30 0 0
434 10 16 0
2
18 40 
2
55 4 18 0
435 10 16 0
2
266 40 
2
44 28 34 0
436 10 16 0
2
38 40 
2
221 4 16 0
437 10 16 0
2
267 40 
2
44 28 0 0
438 10 16 0
2
244 41 
2
41 34 34 0
432 20 12 0
2
39 41 
2
220 22 8 0
433 20 12 0
2
245 41 
2
41 34 32 0
434 20 12 0
2
19 41 
2
55 20 8 0
435 20 12 0
2
246 41 
2
41 34 30 0
436 20 12 0
2
39 41 
2
221 22 8 0
437 20 12 0
2
247 41 
2
41 34 28 0
438 20 12 0
2
279 42 
2
44 16 0 0
1868 16 16 0
2
40 42 
2
439 10 16 0
1869 16 16 0
2
281 42 
2
44 14 0 0
1870 16 16 0
2
20 42 
2
109 14 16 0
1871 16 16 0
2
282 42 
2
44 12 34 0
1872 16 16 0
2
40 42 
2
440 10 16 0
1873 16 16 0
2
283 42 
2
44 12 0 0
1874 16 16 0
2
250 43 
2
41 34 22 0
1692 18 14 0
2
41 43 
2
439 20 12 0
1693 18 14 0
2
252 43 
2
41 34 18 0
1694 18 14 0
2
21 43 
2
109 20 14 0
1695 18 14 0
2
254 43 
2
41 34 14 0
1696 18 14 0
2
41 43 
2
440 20 12 0
1697 18 14 0
2
255 43 
2
41 34 12 0
1698 18 14 0
2
42 56 
2
1875 16 16 0
20 32 18 0
2
43 169 
2
1699 18 14 0
10 18 2 0
2
42 57 
2
1876 16 16 0
22 22 28 0
2
43 170 
2
1700 18 14 0
6 26 14 0
2
42 58 
2
1877 16 16 0
20 10 10 0
2
43 171 
2
1701 18 14 0
4 20 4 0
2
42 59 
2
1878 16 16 0
16 28 16 0
2
42 60 
2
1879 16 16 0
12 16 8 0
2
42 61 
2
1880 16 16 0
12 18 30 0
2
42 62 
2
1881 16 16 0
12 20 24 0
2
42 63 
2
1882 16 16 0
12 16 12 0
2
42 64 
2
1883 16 16 0
12 16 6 0
2
42 65 
2
1884 16 16 0
12 10 6 0
2
42 66 
2
1885 16 16 0
12 18 22 0
2
42 67 
2
1886 16 16 0
12 18 28 0
2
42 68 
2
1887 16 16 0
16 18 12 0
2
42 86 
2
1888 16 16 0
18 6 10 0
2
42 87 
2
1889 16 16 0
20 22 14 0
2
42 89 
2
1890 16 16 0
20 24 14 0
2
42 90 
2
1891 16 16 0
16 20 10 0
2
42 91 
2
1892 16 16 0
14 28 8 0
2
42 92 
2
1893 16 16 0
12 32 12 0
2
40 42 
2
441 10 16 0
1894 16 16 0
2
41 43 
2
441 20 12 0
1702 18 14 0
2
42 56 
2
1895 16 16 0
21 32 18 0
2
43 169 
2
1703 18 14 0
11 18 2 0
2
42 57 
2
1896 16 16 0
23 22 28 0
2
43 170 
2
1704 18 14 0
7 26 14 0
2
42 58 
2
1897 16 16 0
21 10 10 0
2
43 171 
2
1705 18 14 0
5 20 4 0
2
42 59 
2
1898 16 16 0
17 28 16 0
2
42 60 
2
1899 16 16 0
13 16 8 0
2
42 61 
2
1900 16 16 0
13 18 30 0
2
42 62 
2
1901 16 16 0
13 20 24 0
2
42 63 
2
1902 16 16 0
13 16 12 0
2
42 64 
2
1903 16 16 0
13 16 6 0
2
42 65 
2
1904 16 16 0
13 10 6 0
2
42 66 
2
1905 16 16 0
13 18 22 0
2
42 67 
2
1906 16 16 0
13 18 28 0
2
42 68 
2
1907 16 16 0
17 18 12 0
2
42 86 
2
1908 16 16 0
19 6 10 0
2
42 87 
2
1909 16 16 0
21 22 14 0
2
42 89 
2
1910 16 16 0
21 24 14 0
2
42 90 
2
1911 16 16 0
17 20 10 0
2
42 91 
2
1912 16 16 0
15 28 8 0
2
42 92 
2
1913 16 16 0
13 32 12 0
2
20 40 
2
110 14 16 0
442 10 16 0
2
21 41 
2
110 20 14 0
442 20 12 0
2
38 40 
2
222 4 16 0
443 10 16 0
2
39 41 
2
222 22 8 0
443 20 12 0
2
293 42 
2
44 2 0 0
1914 16 16 0
2
40 42 
2
444 10 16 0
1915 16 16 0
2
295 42 
2
44 0 32 0
1916 16 16 0
2
20 42 
2
111 14 16 0
1917 16 16 0
2
297 42 
2
44 0 28 0
1918 16 16 0
2
40 42 
2
445 10 16 0
1919 16 16 0
2
299 42 
2
44 0 24 0
1920 16 16 0
2
260 43 
2
41 34 2 0
1706 18 14 0
2
41 43 
2
444 20 12 0
1707 18 14 0
2
261 43 
2
41 34 0 0
1708 18 14 0
2
21 43 
2
111 20 14 0
1709 18 14 0
2
262 43 
2
41 32 34 0
1710 18 14 0
2
41 43 
2
445 20 12 0
1711 18 14 0
2
263 43 
2
41 32 0 0
1712 18 14 0
2
42 57 
2
1921 16 16 0
24 22 28 0
2
43 168 
2
1713 18 14 0
14 24 10 0
2
42 58 
2
1922 16 16 0
22 10 10 0
2
43 169 
2
1714 18 14 0
12 18 2 0
2
42 59 
2
1923 16 16 0
18 28 16 0
2
43 170 
2
1715 18 14 0
8 26 14 0
2
42 60 
2
1924 16 16 0
14 16 8 0
2
43 171 
2
1716 18 14 0
6 20 4 0
2
42 61 
2
1925 16 16 0
14 18 30 0
2
43 172 
2
1717 18 14 0
4 26 8 0
2
42 62 
2
1926 16 16 0
14 20 24 0
2
43 173 
2
1718 18 14 0
4 26 6 0
2
42 63 
2
1927 16 16 0
14 16 12 0
2
43 174 
2
1719 18 14 0
4 20 32 0
2
42 64 
2
1928 16 16 0
14 16 6 0
2
43 175 
2
1720 18 14 0
4 6 8 0
2
42 65 
2
1929 16 16 0
14 10 6 0
2
43 176 
2
1721 18 14 0
4 20 30 0
2
42 66 
2
1930 16 16 0
14 18 22 0
2
43 177 
2
1722 18 14 0
4 8 4 0
2
42 67 
2
1931 16 16 0
14 18 28 0
2
43 178 
2
1723 18 14 0
4 10 2 0
2
42 68 
2
1932 16 16 0
18 18 12 0
2
43 179 
2
1724 18 14 0
4 30 22 0
2
42 86 
2
1933 16 16 0
20 6 10 0
2
43 180 
2
1725 18 14 0
4 26 26 0
2
42 87 
2
1934 16 16 0
22 22 14 0
2
43 181 
2
1726 18 14 0
4 32 20 0
2
42 89 
2
1935 16 16 0
22 24 14 0
2
43 182 
2
1727 18 14 0
4 32 10 0
2
42 90 
2
1936 16 16 0
18 20 10 0
2
43 183 
2
1728 18 14 0
4 2 8 0
2
42 91 
2
1937 16 16 0
16 28 8 0
2
43 184 
2
1729 18 14 0
4 30 8 0
2
42 92 
2
1938 16 16 0
14 32 12 0
2
43 185 
2
1730 18 14 0
4 24 30 0
2
42 93 
2
1939 16 16 0
12 20 2 0
2
43 186 
2
1731 18 14 0
6 28 6 0
2
43 188 
2
1732 18 14 0
6 30 6 0
2
43 189 
2
1733 18 14 0
4 32 8 0
2
40 42 
2
446 10 16 0
1940 16 16 0
2
41 43 
2
446 20 12 0
1734 18 14 0
2
42 57 
2
1941 16 16 0
25 22 28 0
2
43 168 
2
1735 18 14 0
15 24 10 0
2
42 58 
2
1942 16 16 0
23 10 10 0
2
43 169 
2
1736 18 14 0
13 18 2 0
2
42 59 
2
1943 16 16 0
19 28 16 0
2
43 170 
2
1737 18 14 0
9 26 14 0
2
42 60 
2
1944 16 16 0
15 16 8 0
2
43 171 
2
1738 18 14 0
7 20 4 0
2
42 61 
2
1945 16 16 0
15 18 30 0
2
43 172 
2
1739 18 14 0
5 26 8 0
2
42 62 
2
1946 16 16 0
15 20 24 0
2
43 173 
2
1740 18 14 0
5 26 6 0
2
42 63 
2
1947 16 16 0
15 16 12 0
2
43 174 
2
1741 18 14 0
5 20 32 0
2
42 64 
2
1948 16 16 0
15 16 6 0
2
43 175 
2
1742 18 14 0
5 6 8 0
2
42 65 
2
1949 16 16 0
15 10 6 0
2
43 176 
2
1743 18 14 0
5 20 30 0
2
42 66 
2
1950 16 16 0
15 18 22 0
2
43 177 
2
1744 18 14 0
5 8 4 0
2
42 67 
2
1951 16 16 0
15 18 28 0
2
43 178 
2
1745 18 14 0
5 10 2 0
2
42 68 
2
1952 16 16 0
19 18 12 0
2
43 179 
2
1746 18 14 0
5 30 22 0
2
42 86 
2
1953 16 16 0
21 6 10 0
2
43 180 
2
1747 18 14 0
5 26 26 0
2
42 87 
2
1954 16 16 0
23 22 14 0
2
43 181 
2
1748 18 14 0
5 32 20 0
2
42 89 
2
1955 16 16 0
23 24 14 0
2
43 182 
2
1749 18 14 0
5 32 10 0
2
42 90 
2
1956 16 16 0
19 20 10 0
2
43 183 
2
1750 18 14 0
5 2 8 0
2
42 91 
2
1957 16 16 0
17 28 8 0
2
43 184 
2
1751 18 14 0
5 30 8 0
2
42 92 
2
1958 16 16 0
15 32 12 0
2
43 185 
2
1752 18 14 0
5 24 30 0
2
42 93 
2
1959 16 16 0
13 20 2 0
2
43 186 
2
1753 18 14 0
7 28 6 0
2
43 188 
2
1754 18 14 0
7 30 6 0
2
43 189 
2
1755 18 14 0
5 32 8 0
2
20 40 
2
112 14 16 0
447 10 16 0
2
21 41 
2
112 20 14 0
447 20 12 0
2
18 38 
2
56 4 18 0
223 4 16 0
2
19 39 
2
56 20 8 0
223 22 8 0
2
16 36 
2
28 4 24 0
111 4 22 0
2
17 37 
2
28 26 4 0
111 24 4 0
2
14 34 
2
14 4 26 0
58 2 24 0
2
15 35 
2
14 26 2 0
58 28 2 0
2
32 34 
2
30 2 28 0
59 2 24 0
2
33 35 
2
30 32 2 0
59 28 2 0
2
300 36 
2
41 0 22 0
112 4 22 0
2
34 36 
2
60 2 24 0
113 4 22 0
2
301 36 
2
41 0 20 0
114 4 22 0
2
14 36 
2
15 4 26 0
115 4 22 0
2
302 36 
2
41 0 18 0
116 4 22 0
2
34 36 
2
61 2 24 0
117 4 22 0
2
303 36 
2
41 0 16 0
118 4 22 0
2
300 37 
2
38 0 22 0
112 24 4 0
2
35 37 
2
60 28 2 0
113 24 4 0
2
301 37 
2
38 0 20 0
114 24 4 0
2
15 37 
2
15 26 2 0
115 24 4 0
2
302 37 
2
38 0 18 0
116 24 4 0
2
35 37 
2
61 28 2 0
117 24 4 0
2
303 37 
2
38 0 16 0
118 24 4 0
2
288 38 
2
44 6 34 0
224 4 16 0
2
36 38 
2
119 4 22 0
225 4 16 0
2
289 38 
2
44 6 0 0
226 4 16 0
2
16 38 
2
29 4 24 0
227 4 16 0
2
290 38 
2
44 4 34 0
228 4 16 0
2
36 38 
2
120 4 22 0
229 4 16 0
2
291 38 
2
44 4 0 0
230 4 16 0
2
256 39 
2
41 34 10 0
224 22 8 0
2
37 39 
2
119 24 4 0
225 22 8 0
2
257 39 
2
41 34 8 0
226 22 8 0
2
17 39 
2
29 26 4 0
227 22 8 0
2
258 39 
2
41 34 6 0
228 22 8 0
2
37 39 
2
120 24 4 0
229 22 8 0
2
259 39 
2
41 34 4 0
230 22 8 0
2
300 40 
2
44 0 22 0
448 10 16 0
2
38 40 
2
231 4 16 0
449 10 16 0
2
301 40 
2
44 0 20 0
450 10 16 0
2
18 40 
2
57 4 18 0
451 10 16 0
2
302 40 
2
44 0 18 0
452 10 16 0
2
38 40 
2
232 4 16 0
453 10 16 0
2
303 40 
2
44 0 16 0
454 10 16 0
2
268 41 
2
41 26 34 0
448 20 12 0
2
39 41 
2
231 22 8 0
449 20 12 0
2
269 41 
2
41 26 0 0
450 20 12 0
2
19 41 
2
57 20 8 0
451 20 12 0
2
270 41 
2
41 24 34 0
452 20 12 0
2
39 41 
2
232 22 8 0
453 20 12 0
2
271 41 
2
41 24 0 0
454 20 12 0
2
308 42 
2
44 0 6 0
1960 16 16 0
2
40 42 
2
455 10 16 0
1961 16 16 0
2
309 42 
2
44 0 4 0
1962 16 16 0
2
20 42 
2
113 14 16 0
1963 16 16 0
2
311 42 
2
44 0 0 0
1964 16 16 0
2
40 42 
2
456 10 16 0
1965 16 16 0
2
245 42 
2
47 34 32 0
1966 16 16 0
2
282 43 
2
41 12 34 0
1756 18 14 0
2
41 43 
2
455 20 12 0
1757 18 14 0
2
284 43 
2
41 10 34 0
1758 18 14 0
2
21 43 
2
113 20 14 0
1759 18 14 0
2
286 43 
2
41 8 34 0
1760 18 14 0
2
41 43 
2
456 20 12 0
1761 18 14 0
2
287 43 
2
41 8 0 0
1762 18 14 0
2
42 58 
2
1967 16 16 0
24 10 10 0
2
43 169 
2
1763 18 14 0
14 18 2 0
2
42 59 
2
1968 16 16 0
20 28 16 0
2
43 170 
2
1764 18 14 0
10 26 14 0
2
42 60 
2
1969 16 16 0
16 16 8 0
2
43 171 
2
1765 18 14 0
8 20 4 0
2
43 172 
2
1766 18 14 0
6 26 8 0
2
43 173 
2
1767 18 14 0
6 26 6 0
2
43 174 
2
1768 18 14 0
6 20 32 0
2
43 175 
2
1769 18 14 0
6 6 8 0
2
43 176 
2
1770 18 14 0
6 20 30 0
2
43 177 
2
1771 18 14 0
6 8 4 0
2
43 178 
2
1772 18 14 0
6 10 2 0
2
43 179 
2
1773 18 14 0
6 30 22 0
2
43 180 
2
1774 18 14 0
6 26 26 0
2
43 181 
2
1775 18 14 0
6 32 20 0
2
43 182 
2
1776 18 14 0
6 32 10 0
2
43 183 
2
1777 18 14 0
6 2 8 0
2
43 184 
2
1778 18 14 0
6 30 8 0
2
43 185 
2
1779 18 14 0
6 24 30 0
2
43 186 
2
1780 18 14 0
8 28 6 0
2
43 188 
2
1781 18 14 0
8 30 6 0
2
43 189 
2
1782 18 14 0
6 32 8 0
2
43 191 
2
1783 18 14 0
2 28 4 0
2
40 42 
2
457 10 16 0
1970 16 16 0
2
41 43 
2
457 20 12 0
1784 18 14 0
2
42 58 
2
1971 16 16 0
25 10 10 0
2
43 169 
2
1785 18 14 0
15 18 2 0
2
42 59 
2
1972 16 16 0
21 28 16 0
2
43 170 
2
1786 18 14 0
11 26 14 0
2
42 60 
2
1973 16 16 0
17 16 8 0
2
43 171 
2
1787 18 14 0
9 20 4 0
2
43 172 
2
1788 18 14 0
7 26 8 0
2
43 173 
2
1789 18 14 0
7 26 6 0
2
43 174 
2
1790 18 14 0
7 20 32 0
2
43 175 
2
1791 18 14 0
7 6 8 0
2
43 176 
2
1792 18 14 0
7 20 30 0
2
43 177 
2
1793 18 14 0
7 8 4 0
2
43 178 
2
1794 18 14 0
7 10 2 0
2
43 179 
2
1795 18 14 0
7 30 22 0
2
43 180 
2
1796 18 14 0
7 26 26 0
2
43 181 
2
1797 18 14 0
7 32 20 0
2
43 182 
2
1798 18 14 0
7 32 10 0
2
43 183 
2
1799 18 14 0
7 2 8 0
2
43 184 
2
1800 18 14 0
7 30 8 0
2
43 185 
2
1801 18 14 0
7 24 30 0
2
43 186 
2
1802 18 14 0
9 28 6 0
2
43 188 
2
1803 18 14 0
9 30 6 0
2
43 189 
2
1804 18 14 0
7 32 8 0
2
43 191 
2
1805 18 14 0
3 28 4 0
2
20 40 
2
114 14 16 0
458 10 16 0
2
21 41 
2
114 20 14 0
458 20 12 0
2
38 40 
2
233 4 16 0
459 10 16 0
2
39 41 
2
233 22 8 0
459 20 12 0
2
256 42 
2
47 34 10 0
1974 16 16 0
2
40 42 
2
460 10 16 0
1975 16 16 0
2
257 42 
2
47 34 8 0
1976 16 16 0
2
20 42 
2
115 14 16 0
1977 16 16 0
2
259 42 
2
47 34 4 0
1978 16 16 0
2
40 42 
2
461 10 16 0
1979 16 16 0
2
261 42 
2
47 34 0 0
1980 16 16 0
2
304 43 
2
41 0 14 0
1806 18 14 0
2
41 43 
2
460 20 12 0
1807 18 14 0
2
305 43 
2
41 0 12 0
1808 18 14 0
2
21 43 
2
115 20 14 0
1809 18 14 0
2
306 43 
2
41 0 10 0
1810 18 14 0
2
41 43 
2
461 20 12 0
1811 18 14 0
2
307 43 
2
41 0 8 0
1812 18 14 0
2
42 59 
2
1981 16 16 0
22 28 16 0
2
43 189 
2
1813 18 14 0
8 32 8 0
2
42 60 
2
1982 16 16 0
18 16 8 0
2
43 191 
2
1814 18 14 0
4 28 4 0
2
42 61 
2
1983 16 16 0
16 18 30 0
2
43 240 
2
1815 18 14 0
0 6 4 0
2
40 42 
2
462 10 16 0
1984 16 16 0
2
41 43 
2
462 20 12 0
1816 18 14 0
2
42 59 
2
1985 16 16 0
23 28 16 0
2
43 189 
2
1817 18 14 0
9 32 8 0
2
42 60 
2
1986 16 16 0
19 16 8 0
2
43 191 
2
1818 18 14 0
5 28 4 0
2
42 61 
2
1987 16 16 0
17 18 30 0
2
43 240 
2
1819 18 14 0
1 6 4 0
2
20 40 
2
116 14 16 0
463 10 16 0
2
21 41 
2
116 20 14 0
463 20 12 0
2
18 38 
2
58 4 18 0
234 4 16 0
2
19 39 
2
58 20 8 0
234 22 8 0
2
36 38 
2
121 4 22 0
235 4 16 0
2
37 39 
2
121 24 4 0
235 22 8 0
2
264 40 
2
47 30 34 0
464 10 16 0
2
38 40 
2
236 4 16 0
465 10 16 0
2
265 40 
2
47 30 0 0
466 10 16 0
2
18 40 
2
59 4 18 0
467 10 16 0
2
266 40 
2
47 28 34 0
468 10 16 0
2
38 40 
2
237 4 16 0
469 10 16 0
2
267 40 
2
47 28 0 0
470 10 16 0
2
308 41 
2
41 0 6 0
464 20 12 0
2
39 41 
2
236 22 8 0
465 20 12 0
2
309 41 
2
41 0 4 0
466 20 12 0
2
19 41 
2
59 20 8 0
467 20 12 0
2
310 41 
2
41 0 2 0
468 20 12 0
2
39 41 
2
237 22 8 0
469 20 12 0
2
311 41 
2
41 0 0 0
470 20 12 0
2
272 42 
2
47 22 34 0
1988 16 16 0
2
40 42 
2
471 10 16 0
1989 16 16 0
2
273 42 
2
47 22 0 0
1990 16 16 0
2
20 42 
2
117 14 16 0
1991 16 16 0
2
275 42 
2
47 20 0 0
1992 16 16 0
2
40 42 
2
472 10 16 0
1993 16 16 0
2
277 42 
2
47 18 0 0
1994 16 16 0
2
246 43 
2
44 34 30 0
1820 18 14 0
2
41 43 
2
471 20 12 0
1821 18 14 0
2
248 43 
2
44 34 26 0
1822 18 14 0
2
21 43 
2
117 20 14 0
1823 18 14 0
2
250 43 
2
44 34 22 0
1824 18 14 0
2
41 43 
2
472 20 12 0
1825 18 14 0
2
251 43 
2
44 34 20 0
1826 18 14 0
2
42 58 
2
1995 16 16 0
26 10 10 0
2
43 191 
2
1827 18 14 0
6 28 4 0
2
42 59 
2
1996 16 16 0
24 28 16 0
2
43 240 
2
1828 18 14 0
2 6 4 0
2
42 60 
2
1997 16 16 0
20 16 8 0
2
43 241 
2
1829 18 14 0
0 32 22 0
2
42 61 
2
1998 16 16 0
18 18 30 0
2
42 62 
2
1999 16 16 0
16 20 24 0
2
42 63 
2
2000 16 16 0
16 16 12 0
2
42 64 
2
2001 16 16 0
16 16 6 0
2
42 65 
2
2002 16 16 0
16 10 6 0
2
42 66 
2
2003 16 16 0
16 18 22 0
2
42 67 
2
2004 16 16 0
16 18 28 0
2
42 68 
2
2005 16 16 0
20 18 12 0
2
42 86 
2
2006 16 16 0
22 6 10 0
2
42 87 
2
2007 16 16 0
24 22 14 0
2
42 89 
2
2008 16 16 0
24 24 14 0
2
42 90 
2
2009 16 16 0
20 20 10 0
2
42 91 
2
2010 16 16 0
18 28 8 0
2
42 92 
2
2011 16 16 0
16 32 12 0
2
42 93 
2
2012 16 16 0
14 20 2 0
2
42 94 
2
2013 16 16 0
12 8 6 0
2
42 95 
2
2014 16 16 0
10 6 12 0
2
42 96 
2
2015 16 16 0
8 16 4 0
2
40 42 
2
473 10 16 0
2016 16 16 0
2
41 43 
2
473 20 12 0
1830 18 14 0
2
42 58 
2
2017 16 16 0
27 10 10 0
2
43 191 
2
1831 18 14 0
7 28 4 0
2
42 59 
2
2018 16 16 0
25 28 16 0
2
43 240 
2
1832 18 14 0
3 6 4 0
2
42 60 
2
2019 16 16 0
21 16 8 0
2
43 241 
2
1833 18 14 0
1 32 22 0
2
42 61 
2
2020 16 16 0
19 18 30 0
2
42 62 
2
2021 16 16 0
17 20 24 0
2
42 63 
2
2022 16 16 0
17 16 12 0
2
42 64 
2
2023 16 16 0
17 16 6 0
2
42 65 
2
2024 16 16 0
17 10 6 0
2
42 66 
2
2025 16 16 0
17 18 22 0
2
42 67 
2
2026 16 16 0
17 18 28 0
2
42 68 
2
2027 16 16 0
21 18 12 0
2
42 86 
2
2028 16 16 0
23 6 10 0
2
42 87 
2
2029 16 16 0
25 22 14 0
2
42 89 
2
2030 16 16 0
25 24 14 0
2
42 90 
2
2031 16 16 0
21 20 10 0
2
42 91 
2
2032 16 16 0
19 28 8 0
2
42 92 
2
2033 16 16 0
17 32 12 0
2
42 93 
2
2034 16 16 0
15 20 2 0
2
42 94 
2
2035 16 16 0
13 8 6 0
2
42 95 
2
2036 16 16 0
11 6 12 0
2
42 96 
2
2037 16 16 0
9 16 4 0
2
20 40 
2
118 14 16 0
474 10 16 0
2
21 41 
2
118 20 14 0
474 20 12 0
2
38 40 
2
238 4 16 0
475 10 16 0
2
39 41 
2
238 22 8 0
475 20 12 0
2
288 42 
2
47 6 34 0
2038 16 16 0
2
40 42 
2
476 10 16 0
2039 16 16 0
2
289 42 
2
47 6 0 0
2040 16 16 0
2
20 42 
2
119 14 16 0
2041 16 16 0
2
291 42 
2
47 4 0 0
2042 16 16 0
2
40 42 
2
477 10 16 0
2043 16 16 0
2
293 42 
2
47 2 0 0
2044 16 16 0
2
256 43 
2
44 34 10 0
1834 18 14 0
2
41 43 
2
476 20 12 0
1835 18 14 0
2
257 43 
2
44 34 8 0
1836 18 14 0
2
21 43 
2
119 20 14 0
1837 18 14 0
2
258 43 
2
44 34 6 0
1838 18 14 0
2
41 43 
2
477 20 12 0
1839 18 14 0
2
259 43 
2
44 34 4 0
1840 18 14 0
2
42 59 
2
2045 16 16 0
26 28 16 0
2
43 81 
2
1841 18 14 0
20 6 6 0
2
42 60 
2
2046 16 16 0
22 16 8 0
2
43 82 
2
1842 18 14 0
18 28 22 0
2
42 61 
2
2047 16 16 0
20 18 30 0
2
43 83 
2
1843 18 14 0
16 10 4 0
2
42 62 
2
2048 16 16 0
18 20 24 0
2
42 63 
2
2049 16 16 0
18 16 12 0
2
42 64 
2
2050 16 16 0
18 16 6 0
2
42 65 
2
2051 16 16 0
18 10 6 0
2
42 66 
2
2052 16 16 0
18 18 22 0
2
42 67 
2
2053 16 16 0
18 18 28 0
2
42 68 
2
2054 16 16 0
22 18 12 0
2
42 86 
2
2055 16 16 0
24 6 10 0
2
42 87 
2
2056 16 16 0
26 22 14 0
2
42 89 
2
2057 16 16 0
26 24 14 0
2
42 90 
2
2058 16 16 0
22 20 10 0
2
42 91 
2
2059 16 16 0
20 28 8 0
2
42 92 
2
2060 16 16 0
18 32 12 0
2
42 93 
2
2061 16 16 0
16 20 2 0
2
42 94 
2
2062 16 16 0
14 8 6 0
2
42 95 
2
2063 16 16 0
12 6 12 0
2
42 96 
2
2064 16 16 0
10 16 4 0
2
42 97 
2
2065 16 16 0
8 12 14 0
2
40 42 
2
478 10 16 0
2066 16 16 0
2
41 43 
2
478 20 12 0
1844 18 14 0
2
42 59 
2
2067 16 16 0
27 28 16 0
2
43 81 
2
1845 18 14 0
21 6 6 0
2
42 60 
2
2068 16 16 0
23 16 8 0
2
43 82 
2
1846 18 14 0
19 28 22 0
2
42 61 
2
2069 16 16 0
21 18 30 0
2
43 83 
2
1847 18 14 0
17 10 4 0
2
42 62 
2
2070 16 16 0
19 20 24 0
2
42 63 
2
2071 16 16 0
19 16 12 0
2
42 64 
2
2072 16 16 0
19 16 6 0
2
42 65 
2
2073 16 16 0
19 10 6 0
2
42 66 
2
2074 16 16 0
19 18 22 0
2
42 67 
2
2075 16 16 0
19 18 28 0
2
42 68 
2
2076 16 16 0
23 18 12 0
2
42 86 
2
2077 16 16 0
25 6 10 0
2
42 87 
2
2078 16 16 0
27 22 14 0
2
42 89 
2
2079 16 16 0
27 24 14 0
2
42 90 
2
2080 16 16 0
23 20 10 0
2
42 91 
2
2081 16 16 0
21 28 8 0
2
42 92 
2
2082 16 16 0
19 32 12 0
2
42 93 
2
2083 16 16 0
17 20 2 0
2
42 94 
2
2084 16 16 0
15 8 6 0
2
42 95 
2
2085 16 16 0
13 6 12 0
2
42 96 
2
2086 16 16 0
11 16 4 0
2
42 97 
2
2087 16 16 0
9 12 14 0
2
20 40 
2
120 14 16 0
479 10 16 0
2
21 41 
2
120 20 14 0
479 20 12 0
2
18 38 
2
60 4 18 0
239 4 16 0
2
19 39 
2
60 20 8 0
239 22 8 0
2
16 36 
2
30 4 24 0
122 4 22 0
2
17 37 
2
30 26 4 0
122 24 4 0
2
34 36 
2
62 2 24 0
123 4 22 0
2
35 37 
2
62 28 2 0
123 24 4 0
2
280 38 
2
47 14 34 0
240 4 16 0
2
36 38 
2
124 4 22 0
241 4 16 0
2
281 38 
2
47 14 0 0
242 4 16 0
2
16 38 
2
31 4 24 0
243 4 16 0
2
282 38 
2
47 12 34 0
244 4 16 0
2
36 38 
2
125 4 22 0
245 4 16 0
2
283 38 
2
47 12 0 0
246 4 16 0
2
252 39 
2
44 34 18 0
240 22 8 0
2
37 39 
2
124 24 4 0
241 22 8 0
2
253 39 
2
44 34 16 0
242 22 8 0
2
17 39 
2
31 26 4 0
243 22 8 0
2
254 39 
2
44 34 14 0
244 22 8 0
2
37 39 
2
125 24 4 0
245 22 8 0
2
255 39 
2
44 34 12 0
246 22 8 0
2
296 40 
2
47 0 30 0
480 10 16 0
2
38 40 
2
247 4 16 0
481 10 16 0
2
297 40 
2
47 0 28 0
482 10 16 0
2
18 40 
2
61 4 18 0
483 10 16 0
2
298 40 
2
47 0 26 0
484 10 16 0
2
38 40 
2
248 4 16 0
485 10 16 0
2
299 40 
2
47 0 24 0
486 10 16 0
2
260 41 
2
44 34 2 0
480 20 12 0
2
39 41 
2
247 22 8 0
481 20 12 0
2
261 41 
2
44 34 0 0
482 20 12 0
2
19 41 
2
61 20 8 0
483 20 12 0
2
262 41 
2
44 32 34 0
484 20 12 0
2
39 41 
2
248 22 8 0
485 20 12 0
2
263 41 
2
44 32 0 0
486 20 12 0
2
304 42 
2
47 0 14 0
2088 16 16 0
2
40 42 
2
487 10 16 0
2089 16 16 0
2
305 42 
2
47 0 12 0
2090 16 16 0
2
20 42 
2
121 14 16 0
2091 16 16 0
2
307 42 
2
47 0 8 0
2092 16 16 0
2
40 42 
2
488 10 16 0
2093 16 16 0
2
309 42 
2
47 0 4 0
2094 16 16 0
2
268 43 
2
44 26 34 0
1848 18 14 0
2
41 43 
2
487 20 12 0
1849 18 14 0
2
269 43 
2
44 26 0 0
1850 18 14 0
2
21 43 
2
121 20 14 0
1851 18 14 0
2
270 43 
2
44 24 34 0
1852 18 14 0
2
41 43 
2
488 20 12 0
1853 18 14 0
2
271 43 
2
44 24 0 0
1854 18 14 0
2
42 94 
2
2095 16 16 0
16 8 6 0
2
43 82 
2
1855 18 14 0
20 28 22 0
2
42 95 
2
2096 16 16 0
14 6 12 0
2
43 83 
2
1856 18 14 0
18 10 4 0
2
42 96 
2
2097 16 16 0
12 16 4 0
2
43 84 
2
1857 18 14 0
14 28 24 0
2
40 42 
2
489 10 16 0
2098 16 16 0
2
41 43 
2
489 20 12 0
1858 18 14 0
2
42 94 
2
2099 16 16 0
17 8 6 0
2
43 82 
2
1859 18 14 0
21 28 22 0
2
42 95 
2
2100 16 16 0
15 6 12 0
2
43 83 
2
1860 18 14 0
19 10 4 0
2
42 96 
2
2101 16 16 0
13 16 4 0
2
43 84 
2
1861 18 14 0
15 28 24 0
2
20 40 
2
122 14 16 0
490 10 16 0
2
21 41 
2
122 20 14 0
490 20 12 0
2
38 40 
2
249 4 16 0
491 10 16 0
2
39 41 
2
249 22 8 0
491 20 12 0
2
252 42 
2
50 34 18 0
2102 16 16 0
2
40 42 
2
492 10 16 0
2103 16 16 0
2
253 42 
2
50 34 16 0
2104 16 16 0
2
20 42 
2
123 14 16 0
2105 16 16 0
2
255 42 
2
50 34 12 0
2106 16 16 0
2
40 42 
2
493 10 16 0
2107 16 16 0
2
257 42 
2
50 34 8 0
2108 16 16 0
2
276 43 
2
44 18 34 0
1862 18 14 0
2
41 43 
2
492 20 12 0
1863 18 14 0
2
277 43 
2
44 18 0 0
1864 18 14 0
2
21 43 
2
123 20 14 0
1865 18 14 0
2
278 43 
2
44 16 34 0
1866 18 14 0
2
41 43 
2
493 20 12 0
1867 18 14 0
2
280 43 
2
44 14 34 0
1868 18 14 0
2
42 95 
2
2109 16 16 0
16 6 12 0
2
43 81 
2
1869 18 14 0
22 6 6 0
2
42 96 
2
2110 16 16 0
14 16 4 0
2
43 82 
2
1870 18 14 0
22 28 22 0
2
42 97 
2
2111 16 16 0
10 12 14 0
2
43 83 
2
1871 18 14 0
20 10 4 0
2
43 84 
2
1872 18 14 0
16 28 24 0
2
43 85 
2
1873 18 14 0
18 30 20 0
2
43 88 
2
1874 18 14 0
22 12 4 0
2
43 110 
2
1875 18 14 0
24 6 20 0
2
43 127 
2
1876 18 14 0
24 12 18 0
2
43 132 
2
1877 18 14 0
20 8 16 0
2
43 133 
2
1878 18 14 0
18 10 12 0
2
43 134 
2
1879 18 14 0
16 16 30 0
2
43 135 
2
1880 18 14 0
16 10 26 0
2
43 136 
2
1881 18 14 0
16 16 26 0
2
43 137 
2
1882 18 14 0
16 16 28 0
2
43 138 
2
1883 18 14 0
16 10 20 0
2
43 139 
2
1884 18 14 0
16 12 26 0
2
43 140 
2
1885 18 14 0
16 14 18 0
2
43 141 
2
1886 18 14 0
16 14 20 0
2
43 142 
2
1887 18 14 0
20 8 12 0
2
43 143 
2
1888 18 14 0
22 22 24 0
2
43 144 
2
1889 18 14 0
20 24 18 0
2
40 42 
2
494 10 16 0
2112 16 16 0
2
41 43 
2
494 20 12 0
1890 18 14 0
2
42 95 
2
2113 16 16 0
17 6 12 0
2
43 81 
2
1891 18 14 0
23 6 6 0
2
42 96 
2
2114 16 16 0
15 16 4 0
2
43 82 
2
1892 18 14 0
23 28 22 0
2
42 97 
2
2115 16 16 0
11 12 14 0
2
43 83 
2
1893 18 14 0
21 10 4 0
2
43 84 
2
1894 18 14 0
17 28 24 0
2
43 85 
2
1895 18 14 0
19 30 20 0
2
43 88 
2
1896 18 14 0
23 12 4 0
2
43 110 
2
1897 18 14 0
25 6 20 0
2
43 127 
2
1898 18 14 0
25 12 18 0
2
43 132 
2
1899 18 14 0
21 8 16 0
2
43 133 
2
1900 18 14 0
19 10 12 0
2
43 134 
2
1901 18 14 0
17 16 30 0
2
43 135 
2
1902 18 14 0
17 10 26 0
2
43 136 
2
1903 18 14 0
17 16 26 0
2
43 137 
2
1904 18 14 0
17 16 28 0
2
43 138 
2
1905 18 14 0
17 10 20 0
2
43 139 
2
1906 18 14 0
17 12 26 0
2
43 140 
2
1907 18 14 0
17 14 18 0
2
43 141 
2
1908 18 14 0
17 14 20 0
2
43 142 
2
1909 18 14 0
21 8 12 0
2
43 143 
2
1910 18 14 0
23 22 24 0
2
43 144 
2
1911 18 14 0
21 24 18 0
2
20 40 
2
124 14 16 0
495 10 16 0
2
21 41 
2
124 20 14 0
495 20 12 0
2
18 38 
2
62 4 18 0
250 4 16 0
2
19 39 
2
62 20 8 0
250 22 8 0
2
36 38 
2
126 4 22 0
251 4 16 0
2
37 39 
2
126 24 4 0
251 22 8 0
2
260 40 
2
50 34 2 0
496 10 16 0
2
38 40 
2
252 4 16 0
497 10 16 0
2
261 40 
2
50 34 0 0
498 10 16 0
2
18 40 
2
63 4 18 0
499 10 16 0
2
262 40 
2
50 32 34 0
500 10 16 0
2
38 40 
2
253 4 16 0
501 10 16 0
2
263 40 
2
50 32 0 0
502 10 16 0
2
284 41 
2
44 10 34 0
496 20 12 0
2
39 41 
2
252 22 8 0
497 20 12 0
2
285 41 
2
44 10 0 0
498 20 12 0
2
19 41 
2
63 20 8 0
499 20 12 0
2
286 41 
2
44 8 34 0
500 20 12 0
2
39 41 
2
253 22 8 0
501 20 12 0
2
287 41 
2
44 8 0 0
502 20 12 0
2
268 42 
2
50 26 34 0
2116 16 16 0
2
40 42 
2
503 10 16 0
2117 16 16 0
2
269 42 
2
50 26 0 0
2118 16 16 0
2
20 42 
2
125 14 16 0
2119 16 16 0
2
271 42 
2
50 24 0 0
2120 16 16 0
2
40 42 
2
504 10 16 0
2121 16 16 0
2
273 42 
2
50 22 0 0
2122 16 16 0
2
292 43 
2
44 2 34 0
1912 18 14 0
2
41 43 
2
503 20 12 0
1913 18 14 0
2
294 43 
2
44 0 34 0
1914 18 14 0
2
21 43 
2
125 20 14 0
1915 18 14 0
2
296 43 
2
44 0 30 0
1916 18 14 0
2
41 43 
2
504 20 12 0
1917 18 14 0
2
298 43 
2
44 0 26 0
1918 18 14 0
2
42 94 
2
2123 16 16 0
18 8 6 0
2
43 82 
2
1919 18 14 0
24 28 22 0
2
42 95 
2
2124 16 16 0
18 6 12 0
2
43 83 
2
1920 18 14 0
22 10 4 0
2
42 96 
2
2125 16 16 0
16 16 4 0
2
43 84 
2
1921 18 14 0
18 28 24 0
2
42 97 
2
2126 16 16 0
12 12 14 0
2
43 85 
2
1922 18 14 0
20 30 20 0
2
42 98 
2
2127 16 16 0
8 22 16 0
2
43 88 
2
1923 18 14 0
24 12 4 0
2
42 99 
2
2128 16 16 0
8 18 24 0
2
43 110 
2
1924 18 14 0
26 6 20 0
2
42 100 
2
2129 16 16 0
8 12 10 0
2
43 127 
2
1925 18 14 0
26 12 18 0
2
42 101 
2
2130 16 16 0
8 18 18 0
2
43 132 
2
1926 18 14 0
22 8 16 0
2
42 102 
2
2131 16 16 0
8 14 8 0
2
43 133 
2
1927 18 14 0
20 10 12 0
2
42 103 
2
2132 16 16 0
8 14 6 0
2
43 134 
2
1928 18 14 0
18 16 30 0
2
42 104 
2
2133 16 16 0
8 22 26 0
2
43 135 
2
1929 18 14 0
18 10 26 0
2
42 105 
2
2134 16 16 0
8 20 16 0
2
43 136 
2
1930 18 14 0
18 16 26 0
2
42 106 
2
2135 16 16 0
12 24 20 0
2
43 137 
2
1931 18 14 0
18 16 28 0
2
42 107 
2
2136 16 16 0
14 30 16 0
2
43 138 
2
1932 18 14 0
18 10 20 0
2
42 108 
2
2137 16 16 0
16 28 10 0
2
43 139 
2
1933 18 14 0
18 12 26 0
2
42 109 
2
2138 16 16 0
16 26 10 0
2
43 140 
2
1934 18 14 0
18 14 18 0
2
42 111 
2
2139 16 16 0
12 18 6 0
2
43 141 
2
1935 18 14 0
18 14 20 0
2
42 112 
2
2140 16 16 0
10 30 14 0
2
43 142 
2
1936 18 14 0
22 8 12 0
2
42 113 
2
2141 16 16 0
8 22 4 0
2
43 143 
2
1937 18 14 0
24 22 24 0
2
42 114 
2
2142 16 16 0
8 30 10 0
2
43 144 
2
1938 18 14 0
22 24 18 0
2
42 115 
2
2143 16 16 0
8 2 10 0
2
43 145 
2
1939 18 14 0
18 22 10 0
2
40 42 
2
505 10 16 0
2144 16 16 0
2
41 43 
2
505 20 12 0
1940 18 14 0
2
42 94 
2
2145 16 16 0
19 8 6 0
2
43 82 
2
1941 18 14 0
25 28 22 0
2
42 95 
2
2146 16 16 0
19 6 12 0
2
43 83 
2
1942 18 14 0
23 10 4 0
2
42 96 
2
2147 16 16 0
17 16 4 0
2
43 84 
2
1943 18 14 0
19 28 24 0
2
42 97 
2
2148 16 16 0
13 12 14 0
2
43 85 
2
1944 18 14 0
21 30 20 0
2
42 98 
2
2149 16 16 0
9 22 16 0
2
43 88 
2
1945 18 14 0
25 12 4 0
2
42 99 
2
2150 16 16 0
9 18 24 0
2
43 110 
2
1946 18 14 0
27 6 20 0
2
42 100 
2
2151 16 16 0
9 12 10 0
2
43 127 
2
1947 18 14 0
27 12 18 0
2
42 101 
2
2152 16 16 0
9 18 18 0
2
43 132 
2
1948 18 14 0
23 8 16 0
2
42 102 
2
2153 16 16 0
9 14 8 0
2
43 133 
2
1949 18 14 0
21 10 12 0
2
42 103 
2
2154 16 16 0
9 14 6 0
2
43 134 
2
1950 18 14 0
19 16 30 0
2
42 104 
2
2155 16 16 0
9 22 26 0
2
43 135 
2
1951 18 14 0
19 10 26 0
2
42 105 
2
2156 16 16 0
9 20 16 0
2
43 136 
2
1952 18 14 0
19 16 26 0
2
42 106 
2
2157 16 16 0
13 24 20 0
2
43 137 
2
1953 18 14 0
19 16 28 0
2
42 107 
2
2158 16 16 0
15 30 16 0
2
43 138 
2
1954 18 14 0
19 10 20 0
2
42 108 
2
2159 16 16 0
17 28 10 0
2
43 139 
2
1955 18 14 0
19 12 26 0
2
42 109 
2
2160 16 16 0
17 26 10 0
2
43 140 
2
1956 18 14 0
19 14 18 0
2
42 111 
2
2161 16 16 0
13 18 6 0
2
43 141 
2
1957 18 14 0
19 14 20 0
2
42 112 
2
2162 16 16 0
11 30 14 0
2
43 142 
2
1958 18 14 0
23 8 12 0
2
42 113 
2
2163 16 16 0
9 22 4 0
2
43 143 
2
1959 18 14 0
25 22 24 0
2
42 114 
2
2164 16 16 0
9 30 10 0
2
43 144 
2
1960 18 14 0
23 24 18 0
2
42 115 
2
2165 16 16 0
9 2 10 0
2
43 145 
2
1961 18 14 0
19 22 10 0
2
20 40 
2
126 14 16 0
506 10 16 0
2
21 41 
2
126 20 14 0
506 20 12 0
2
38 40 
2
254 4 16 0
507 10 16 0
2
39 41 
2
254 22 8 0
507 20 12 0
2
284 42 
2
50 10 34 0
2166 16 16 0
2
40 42 
2
508 10 16 0
2167 16 16 0
2
285 42 
2
50 10 0 0
2168 16 16 0
2
20 42 
2
127 14 16 0
2169 16 16 0
2
287 42 
2
50 8 0 0
2170 16 16 0
2
40 42 
2
509 10 16 0
2171 16 16 0
2
289 42 
2
50 6 0 0
2172 16 16 0
2
310 43 
2
44 0 2 0
1962 18 14 0
2
41 43 
2
508 20 12 0
1963 18 14 0
2
244 43 
2
47 34 34 0
1964 18 14 0
2
21 43 
2
127 20 14 0
1965 18 14 0
2
246 43 
2
47 34 30 0
1966 18 14 0
2
41 43 
2
509 20 12 0
1967 18 14 0
2
247 43 
2
47 34 28 0
1968 18 14 0
2
42 95 
2
2173 16 16 0
20 6 12 0
2
43 144 
2
1969 18 14 0
24 24 18 0
2
42 96 
2
2174 16 16 0
18 16 4 0
2
43 145 
2
1970 18 14 0
20 22 10 0
2
42 97 
2
2175 16 16 0
14 12 14 0
2
43 146 
2
1971 18 14 0
16 30 12 0
2
42 98 
2
2176 16 16 0
10 22 16 0
2
42 99 
2
2177 16 16 0
10 18 24 0
2
42 100 
2
2178 16 16 0
10 12 10 0
2
42 101 
2
2179 16 16 0
10 18 18 0
2
42 102 
2
2180 16 16 0
10 14 8 0
2
42 103 
2
2181 16 16 0
10 14 6 0
2
42 104 
2
2182 16 16 0
10 22 26 0
2
42 105 
2
2183 16 16 0
10 20 16 0
2
42 106 
2
2184 16 16 0
14 24 20 0
2
42 107 
2
2185 16 16 0
16 30 16 0
2
42 108 
2
2186 16 16 0
18 28 10 0
2
42 109 
2
2187 16 16 0
18 26 10 0
2
42 111 
2
2188 16 16 0
14 18 6 0
2
42 112 
2
2189 16 16 0
12 30 14 0
2
42 113 
2
2190 16 16 0
10 22 4 0
2
42 114 
2
2191 16 16 0
10 30 10 0
2
42 115 
2
2192 16 16 0
10 2 10 0
2
42 116 
2
2193 16 16 0
8 8 8 0
2
40 42 
2
510 10 16 0
2194 16 16 0
2
41 43 
2
510 20 12 0
1972 18 14 0
2
42 95 
2
2195 16 16 0
21 6 12 0
2
43 144 
2
1973 18 14 0
25 24 18 0
2
42 96 
2
2196 16 16 0
19 16 4 0
2
43 145 
2
1974 18 14 0
21 22 10 0
2
42 97 
2
2197 16 16 0
15 12 14 0
2
43 146 
2
1975 18 14 0
17 30 12 0
2
42 98 
2
2198 16 16 0
11 22 16 0
2
42 99 
2
2199 16 16 0
11 18 24 0
2
42 100 
2
2200 16 16 0
11 12 10 0
2
42 101 
2
2201 16 16 0
11 18 18 0
2
42 102 
2
2202 16 16 0
11 14 8 0
2
42 103 
2
2203 16 16 0
11 14 6 0
2
42 104 
2
2204 16 16 0
11 22 26 0
2
42 105 
2
2205 16 16 0
11 20 16 0
2
42 106 
2
2206 16 16 0
15 24 20 0
2
42 107 
2
2207 16 16 0
17 30 16 0
2
42 108 
2
2208 16 16 0
19 28 10 0
2
42 109 
2
2209 16 16 0
19 26 10 0
2
42 111 
2
2210 16 16 0
15 18 6 0
2
42 112 
2
2211 16 16 0
13 30 14 0
2
42 113 
2
2212 16 16 0
11 22 4 0
2
42 114 
2
2213 16 16 0
11 30 10 0
2
42 115 
2
2214 16 16 0
11 2 10 0
2
42 116 
2
2215 16 16 0
9 8 8 0
2
20 40 
2
128 14 16 0
511 10 16 0
2
21 41 
2
128 20 14 0
511 20 12 0
2
18 38 
2
64 4 18 0
255 4 16 0
2
19 39 
2
64 20 8 0
255 22 8 0
2
16 36 
2
32 4 24 0
127 4 22 0
2
17 37 
2
32 26 4 0
127 24 4 0
2
14 34 
2
16 4 26 0
63 2 24 0
2
15 35 
2
16 26 2 0
63 28 2 0
2
12 32 
2
8 2 26 0
31 2 28 0
2
13 33 
2
8 30 2 0
31 32 2 0
2
10 30 
2
4 6 28 0
15 4 28 0
2
11 31 
2
4 32 4 0
15 32 6 0
2
8 28 
2
2 6 30 0
10 4 30 0
2
9 29 
2
2 32 24 0
10 32 26 0
2
26 28 
2
9 2 30 0
11 4 30 0
2
27 29 
2
9 32 28 0
11 32 26 0
2
288 30 
2
26 6 34 0
16 4 28 0
2
28 30 
2
12 4 30 0
17 4 28 0
2
289 30 
2
26 6 0 0
18 4 28 0
2
8 30 
2
3 6 30 0
19 4 28 0
2
290 30 
2
26 4 34 0
20 4 28 0
2
28 30 
2
13 4 30 0
21 4 28 0
2
291 30 
2
26 4 0 0
22 4 28 0
2
284 31 
2
26 10 34 0
16 32 6 0
2
29 31 
2
12 32 26 0
17 32 6 0
2
285 31 
2
26 10 0 0
18 32 6 0
2
9 31 
2
3 32 24 0
19 32 6 0
2
286 31 
2
26 8 34 0
20 32 6 0
2
29 31 
2
13 32 26 0
21 32 6 0
2
287 31 
2
26 8 0 0
22 32 6 0
2
304 32 
2
38 0 14 0
32 2 28 0
2
30 32 
2
23 4 28 0
33 2 28 0
2
305 32 
2
38 0 12 0
34 2 28 0
2
10 32 
2
5 6 28 0
35 2 28 0
2
306 32 
2
38 0 10 0
36 2 28 0
2
30 32 
2
24 4 28 0
37 2 28 0
2
307 32 
2
38 0 8 0
38 2 28 0
2
304 33 
2
35 0 14 0
32 32 2 0
2
31 33 
2
23 32 6 0
33 32 2 0
2
305 33 
2
35 0 12 0
34 32 2 0
2
11 33 
2
5 32 4 0
35 32 2 0
2
306 33 
2
35 0 10 0
36 32 2 0
2
31 33 
2
24 32 6 0
37 32 2 0
2
307 33 
2
35 0 8 0
38 32 2 0
2
248 34 
2
47 34 26 0
64 2 24 0
2
32 34 
2
39 2 28 0
65 2 24 0
2
249 34 
2
47 34 24 0
66 2 24 0
2
12 34 
2
9 2 26 0
67 2 24 0
2
250 34 
2
47 34 22 0
68 2 24 0
2
32 34 
2
40 2 28 0
69 2 24 0
2
251 34 
2
47 34 20 0
70 2 24 0
2
296 35 
2
41 0 30 0
64 28 2 0
2
33 35 
2
39 32 2 0
65 28 2 0
2
297 35 
2
41 0 28 0
66 28 2 0
2
13 35 
2
9 30 2 0
67 28 2 0
2
298 35 
2
41 0 26 0
68 28 2 0
2
33 35 
2
40 32 2 0
69 28 2 0
2
299 35 
2
41 0 24 0
70 28 2 0
2
244 36 
2
50 34 34 0
128 4 22 0
2
34 36 
2
71 2 24 0
129 4 22 0
2
245 36 
2
50 34 32 0
130 4 22 0
2
14 36 
2
17 4 26 0
131 4 22 0
2
246 36 
2
50 34 30 0
132 4 22 0
2
34 36 
2
72 2 24 0
133 4 22 0
2
247 36 
2
50 34 28 0
134 4 22 0
2
272 37 
2
44 22 34 0
128 24 4 0
2
35 37 
2
71 28 2 0
129 24 4 0
2
273 37 
2
44 22 0 0
130 24 4 0
2
15 37 
2
17 26 2 0
131 24 4 0
2
274 37 
2
44 20 34 0
132 24 4 0
2
35 37 
2
72 28 2 0
133 24 4 0
2
275 37 
2
44 20 0 0
134 24 4 0
2
276 38 
2
50 18 34 0
256 4 16 0
2
36 38 
2
135 4 22 0
257 4 16 0
2
277 38 
2
50 18 0 0
258 4 16 0
2
16 38 
2
33 4 24 0
259 4 16 0
2
278 38 
2
50 16 34 0
260 4 16 0
2
36 38 
2
136 4 22 0
261 4 16 0
2
279 38 
2
50 16 0 0
262 4 16 0
2
304 39 
2
44 0 14 0
256 22 8 0
2
37 39 
2
135 24 4 0
257 22 8 0
2
305 39 
2
44 0 12 0
258 22 8 0
2
17 39 
2
33 26 4 0
259 22 8 0
2
306 39 
2
44 0 10 0
260 22 8 0
2
37 39 
2
136 24 4 0
261 22 8 0
2
307 39 
2
44 0 8 0
262 22 8 0
2
292 40 
2
50 2 34 0
512 10 16 0
2
38 40 
2
263 4 16 0
513 10 16 0
2
293 40 
2
50 2 0 0
514 10 16 0
2
18 40 
2
65 4 18 0
515 10 16 0
2
294 40 
2
50 0 34 0
516 10 16 0
2
38 40 
2
264 4 16 0
517 10 16 0
2
295 40 
2
50 0 32 0
518 10 16 0
2
252 41 
2
47 34 18 0
512 20 12 0
2
39 41 
2
263 22 8 0
513 20 12 0
2
253 41 
2
47 34 16 0
514 20 12 0
2
19 41 
2
65 20 8 0
515 20 12 0
2
254 41 
2
47 34 14 0
516 20 12 0
2
39 41 
2
264 22 8 0
517 20 12 0
2
255 41 
2
47 34 12 0
518 20 12 0
2
300 42 
2
50 0 22 0
2216 16 16 0
2
40 42 
2
519 10 16 0
2217 16 16 0
2
301 42 
2
50 0 20 0
2218 16 16 0
2
20 42 
2
129 14 16 0
2219 16 16 0
2
303 42 
2
50 0 16 0
2220 16 16 0
2
40 42 
2
520 10 16 0
2221 16 16 0
2
305 42 
2
50 0 12 0
2222 16 16 0
2
258 43 
2
47 34 6 0
1976 18 14 0
2
41 43 
2
519 20 12 0
1977 18 14 0
2
260 43 
2
47 34 2 0
1978 18 14 0
2
21 43 
2
129 20 14 0
1979 18 14 0
2
262 43 
2
47 32 34 0
1980 18 14 0
2
41 43 
2
520 20 12 0
1981 18 14 0
2
263 43 
2
47 32 0 0
1982 18 14 0
2
42 94 
2
2223 16 16 0
20 8 6 0
2
43 145 
2
1983 18 14 0
22 22 10 0
2
42 95 
2
2224 16 16 0
22 6 12 0
2
43 146 
2
1984 18 14 0
18 30 12 0
2
42 96 
2
2225 16 16 0
20 16 4 0
2
43 147 
2
1985 18 14 0
14 4 8 0
2
42 97 
2
2226 16 16 0
16 12 14 0
2
42 98 
2
2227 16 16 0
12 22 16 0
2
42 99 
2
2228 16 16 0
12 18 24 0
2
42 100 
2
2229 16 16 0
12 12 10 0
2
42 101 
2
2230 16 16 0
12 18 18 0
2
42 102 
2
2231 16 16 0
12 14 8 0
2
42 103 
2
2232 16 16 0
12 14 6 0
2
42 104 
2
2233 16 16 0
12 22 26 0
2
42 105 
2
2234 16 16 0
12 20 16 0
2
42 106 
2
2235 16 16 0
16 24 20 0
2
42 107 
2
2236 16 16 0
18 30 16 0
2
42 108 
2
2237 16 16 0
20 28 10 0
2
42 109 
2
2238 16 16 0
20 26 10 0
2
42 111 
2
2239 16 16 0
16 18 6 0
2
42 112 
2
2240 16 16 0
14 30 14 0
2
42 113 
2
2241 16 16 0
12 22 4 0
2
40 42 
2
521 10 16 0
2242 16 16 0
2
41 43 
2
521 20 12 0
1986 18 14 0
2
42 94 
2
2243 16 16 0
21 8 6 0
2
43 145 
2
1987 18 14 0
23 22 10 0
2
42 95 
2
2244 16 16 0
23 6 12 0
2
43 146 
2
1988 18 14 0
19 30 12 0
2
42 96 
2
2245 16 16 0
21 16 4 0
2
43 147 
2
1989 18 14 0
15 4 8 0
2
42 97 
2
2246 16 16 0
17 12 14 0
2
42 98 
2
2247 16 16 0
13 22 16 0
2
42 99 
2
2248 16 16 0
13 18 24 0
2
42 100 
2
2249 16 16 0
13 12 10 0
2
42 101 
2
2250 16 16 0
13 18 18 0
2
42 102 
2
2251 16 16 0
13 14 8 0
2
42 103 
2
2252 16 16 0
13 14 6 0
2
42 104 
2
2253 16 16 0
13 22 26 0
2
42 105 
2
2254 16 16 0
13 20 16 0
2
42 106 
2
2255 16 16 0
17 24 20 0
2
42 107 
2
2256 16 16 0
19 30 16 0
2
42 108 
2
2257 16 16 0
21 28 10 0
2
42 109 
2
2258 16 16 0
21 26 10 0
2
42 111 
2
2259 16 16 0
17 18 6 0
2
42 112 
2
2260 16 16 0
15 30 14 0
2
42 113 
2
2261 16 16 0
13 22 4 0
2
20 40 
2
130 14 16 0
522 10 16 0
2
21 41 
2
130 20 14 0
522 20 12 0
2
38 40 
2
265 4 16 0
523 10 16 0
2
39 41 
2
265 22 8 0
523 20 12 0
2
260 42 
2
53 34 2 0
2262 16 16 0
2
40 42 
2
524 10 16 0
2263 16 16 0
2
261 42 
2
53 34 0 0
2264 16 16 0
2
20 42 
2
131 14 16 0
2265 16 16 0
2
262 42 
2
53 32 34 0
2266 16 16 0
2
40 42 
2
525 10 16 0
2267 16 16 0
2
263 42 
2
53 32 0 0
2268 16 16 0
2
274 43 
2
47 20 34 0
1990 18 14 0
2
41 43 
2
524 20 12 0
1991 18 14 0
2
276 43 
2
47 18 34 0
1992 18 14 0
2
21 43 
2
131 20 14 0
1993 18 14 0
2
278 43 
2
47 16 34 0
1994 18 14 0
2
41 43 
2
525 20 12 0
1995 18 14 0
2
279 43 
2
47 16 0 0
1996 18 14 0
2
42 95 
2
2269 16 16 0
24 6 12 0
2
43 144 
2
1997 18 14 0
26 24 18 0
2
42 96 
2
2270 16 16 0
22 16 4 0
2
43 145 
2
1998 18 14 0
24 22 10 0
2
42 97 
2
2271 16 16 0
18 12 14 0
2
43 146 
2
1999 18 14 0
20 30 12 0
2
42 98 
2
2272 16 16 0
14 22 16 0
2
43 147 
2
2000 18 14 0
16 4 8 0
2
42 99 
2
2273 16 16 0
14 18 24 0
2
43 148 
2
2001 18 14 0
18 12 30 0
2
42 100 
2
2274 16 16 0
14 12 10 0
2
43 165 
2
2002 18 14 0
22 4 20 0
2
42 101 
2
2275 16 16 0
14 18 18 0
2
43 187 
2
2003 18 14 0
24 12 28 0
2
42 102 
2
2276 16 16 0
14 14 8 0
2
43 190 
2
2004 18 14 0
24 26 16 0
2
42 103 
2
2277 16 16 0
14 14 6 0
2
43 192 
2
2005 18 14 0
20 18 26 0
2
42 104 
2
2278 16 16 0
14 22 26 0
2
43 193 
2
2006 18 14 0
18 6 16 0
2
42 105 
2
2279 16 16 0
14 20 16 0
2
43 194 
2
2007 18 14 0
16 14 22 0
2
42 106 
2
2280 16 16 0
18 24 20 0
2
43 195 
2
2008 18 14 0
16 10 22 0
2
42 107 
2
2281 16 16 0
20 30 16 0
2
43 196 
2
2009 18 14 0
16 8 18 0
2
42 108 
2
2282 16 16 0
22 28 10 0
2
43 197 
2
2010 18 14 0
16 16 22 0
2
42 109 
2
2283 16 16 0
22 26 10 0
2
43 198 
2
2011 18 14 0
16 16 18 0
2
42 111 
2
2284 16 16 0
18 18 6 0
2
43 199 
2
2012 18 14 0
16 14 28 0
2
42 112 
2
2285 16 16 0
16 30 14 0
2
43 200 
2
2013 18 14 0
16 10 18 0
2
42 113 
2
2286 16 16 0
14 22 4 0
2
43 201 
2
2014 18 14 0
16 18 20 0
2
42 114 
2
2287 16 16 0
12 30 10 0
2
43 202 
2
2015 18 14 0
20 14 14 0
2
43 203 
2
2016 18 14 0
22 2 14 0
2
43 204 
2
2017 18 14 0
20 20 20 0
2
40 42 
2
526 10 16 0
2288 16 16 0
2
41 43 
2
526 20 12 0
2018 18 14 0
2
42 95 
2
2289 16 16 0
25 6 12 0
2
43 144 
2
2019 18 14 0
27 24 18 0
2
42 96 
2
2290 16 16 0
23 16 4 0
2
43 145 
2
2020 18 14 0
25 22 10 0
2
42 97 
2
2291 16 16 0
19 12 14 0
2
43 146 
2
2021 18 14 0
21 30 12 0
2
42 98 
2
2292 16 16 0
15 22 16 0
2
43 147 
2
2022 18 14 0
17 4 8 0
2
42 99 
2
2293 16 16 0
15 18 24 0
2
43 148 
2
2023 18 14 0
19 12 30 0
2
42 100 
2
2294 16 16 0
15 12 10 0
2
43 165 
2
2024 18 14 0
23 4 20 0
2
42 101 
2
2295 16 16 0
15 18 18 0
2
43 187 
2
2025 18 14 0
25 12 28 0
2
42 102 
2
2296 16 16 0
15 14 8 0
2
43 190 
2
2026 18 14 0
25 26 16 0
2
42 103 
2
2297 16 16 0
15 14 6 0
2
43 192 
2
2027 18 14 0
21 18 26 0
2
42 104 
2
2298 16 16 0
15 22 26 0
2
43 193 
2
2028 18 14 0
19 6 16 0
2
42 105 
2
2299 16 16 0
15 20 16 0
2
43 194 
2
2029 18 14 0
17 14 22 0
2
42 106 
2
2300 16 16 0
19 24 20 0
2
43 195 
2
2030 18 14 0
17 10 22 0
2
42 107 
2
2301 16 16 0
21 30 16 0
2
43 196 
2
2031 18 14 0
17 8 18 0
2
42 108 
2
2302 16 16 0
23 28 10 0
2
43 197 
2
2032 18 14 0
17 16 22 0
2
42 109 
2
2303 16 16 0
23 26 10 0
2
43 198 
2
2033 18 14 0
17 16 18 0
2
42 111 
2
2304 16 16 0
19 18 6 0
2
43 199 
2
2034 18 14 0
17 14 28 0
2
42 112 
2
2305 16 16 0
17 30 14 0
2
43 200 
2
2035 18 14 0
17 10 18 0
2
42 113 
2
2306 16 16 0
15 22 4 0
2
43 201 
2
2036 18 14 0
17 18 20 0
2
42 114 
2
2307 16 16 0
13 30 10 0
2
43 202 
2
2037 18 14 0
21 14 14 0
2
43 203 
2
2038 18 14 0
23 2 14 0
2
43 204 
2
2039 18 14 0
21 20 20 0
2
20 40 
2
132 14 16 0
527 10 16 0
2
21 41 
2
132 20 14 0
527 20 12 0
2
18 38 
2
66 4 18 0
266 4 16 0
2
19 39 
2
66 20 8 0
266 22 8 0
2
36 38 
2
137 4 22 0
267 4 16 0
2
37 39 
2
137 24 4 0
267 22 8 0
2
268 40 
2
53 26 34 0
528 10 16 0
2
38 40 
2
268 4 16 0
529 10 16 0
2
269 40 
2
53 26 0 0
530 10 16 0
2
18 40 
2
67 4 18 0
531 10 16 0
2
270 40 
2
53 24 34 0
532 10 16 0
2
38 40 
2
269 4 16 0
533 10 16 0
2
271 40 
2
53 24 0 0
534 10 16 0
2
284 41 
2
47 10 34 0
528 20 12 0
2
39 41 
2
268 22 8 0
529 20 12 0
2
285 41 
2
47 10 0 0
530 20 12 0
2
19 41 
2
67 20 8 0
531 20 12 0
2
286 41 
2
47 8 34 0
532 20 12 0
2
39 41 
2
269 22 8 0
533 20 12 0
2
287 41 
2
47 8 0 0
534 20 12 0
2
276 42 
2
53 18 34 0
2308 16 16 0
2
40 42 
2
535 10 16 0
2309 16 16 0
2
277 42 
2
53 18 0 0
2310 16 16 0
2
20 42 
2
133 14 16 0
2311 16 16 0
2
278 42 
2
53 16 34 0
2312 16 16 0
2
40 42 
2
536 10 16 0
2313 16 16 0
2
279 42 
2
53 16 0 0
2314 16 16 0
2
290 43 
2
47 4 34 0
2040 18 14 0
2
41 43 
2
535 20 12 0
2041 18 14 0
2
292 43 
2
47 2 34 0
2042 18 14 0
2
21 43 
2
133 20 14 0
2043 18 14 0
2
294 43 
2
47 0 34 0
2044 18 14 0
2
41 43 
2
536 20 12 0
2045 18 14 0
2
295 43 
2
47 0 32 0
2046 18 14 0
2
42 96 
2
2315 16 16 0
24 16 4 0
2
43 145 
2
2047 18 14 0
26 22 10 0
2
42 97 
2
2316 16 16 0
20 12 14 0
2
43 146 
2
2048 18 14 0
22 30 12 0
2
42 98 
2
2317 16 16 0
16 22 16 0
2
43 147 
2
2049 18 14 0
18 4 8 0
2
43 148 
2
2050 18 14 0
20 12 30 0
2
43 165 
2
2051 18 14 0
24 4 20 0
2
43 187 
2
2052 18 14 0
26 12 28 0
2
43 190 
2
2053 18 14 0
26 26 16 0
2
43 192 
2
2054 18 14 0
22 18 26 0
2
43 193 
2
2055 18 14 0
20 6 16 0
2
43 194 
2
2056 18 14 0
18 14 22 0
2
43 195 
2
2057 18 14 0
18 10 22 0
2
43 196 
2
2058 18 14 0
18 8 18 0
2
43 197 
2
2059 18 14 0
18 16 22 0
2
43 198 
2
2060 18 14 0
18 16 18 0
2
43 199 
2
2061 18 14 0
18 14 28 0
2
43 200 
2
2062 18 14 0
18 10 18 0
2
43 201 
2
2063 18 14 0
18 18 20 0
2
43 202 
2
2064 18 14 0
22 14 14 0
2
43 203 
2
2065 18 14 0
24 2 14 0
2
43 204 
2
2066 18 14 0
22 20 20 0
2
43 205 
2
2067 18 14 0
18 18 10 0
2
40 42 
2
537 10 16 0
2318 16 16 0
2
41 43 
2
537 20 12 0
2068 18 14 0
2
42 96 
2
2319 16 16 0
25 16 4 0
2
43 145 
2
2069 18 14 0
27 22 10 0
2
42 97 
2
2320 16 16 0
21 12 14 0
2
43 146 
2
2070 18 14 0
23 30 12 0
2
42 98 
2
2321 16 16 0
17 22 16 0
2
43 147 
2
2071 18 14 0
19 4 8 0
2
43 148 
2
2072 18 14 0
21 12 30 0
2
43 165 
2
2073 18 14 0
25 4 20 0
2
43 187 
2
2074 18 14 0
27 12 28 0
2
43 190 
2
2075 18 14 0
27 26 16 0
2
43 192 
2
2076 18 14 0
23 18 26 0
2
43 193 
2
2077 18 14 0
21 6 16 0
2
43 194 
2
2078 18 14 0
19 14 22 0
2
43 195 
2
2079 18 14 0
19 10 22 0
2
43 196 
2
2080 18 14 0
19 8 18 0
2
43 197 
2
2081 18 14 0
19 16 22 0
2
43 198 
2
2082 18 14 0
19 16 18 0
2
43 199 
2
2083 18 14 0
19 14 28 0
2
43 200 
2
2084 18 14 0
19 10 18 0
2
43 201 
2
2085 18 14 0
19 18 20 0
2
43 202 
2
2086 18 14 0
23 14 14 0
2
43 203 
2
2087 18 14 0
25 2 14 0
2
43 204 
2
2088 18 14 0
23 20 20 0
2
43 205 
2
2089 18 14 0
19 18 10 0
2
20 40 
2
134 14 16 0
538 10 16 0
2
21 41 
2
134 20 14 0
538 20 12 0
2
38 40 
2
270 4 16 0
539 10 16 0
2
39 41 
2
270 22 8 0
539 20 12 0
2
284 42 
2
53 10 34 0
2322 16 16 0
2
40 42 
2
540 10 16 0
2323 16 16 0
2
285 42 
2
53 10 0 0
2324 16 16 0
2
20 42 
2
135 14 16 0
2325 16 16 0
2
290 42 
2
53 4 34 0
2326 16 16 0
2
40 42 
2
541 10 16 0
2327 16 16 0
2
291 42 
2
53 4 0 0
2328 16 16 0
2
306 43 
2
47 0 10 0
2090 18 14 0
2
41 43 
2
540 20 12 0
2091 18 14 0
2
308 43 
2
47 0 6 0
2092 18 14 0
2
21 43 
2
135 20 14 0
2093 18 14 0
2
310 43 
2
47 0 2 0
2094 18 14 0
2
41 43 
2
541 20 12 0
2095 18 14 0
2
311 43 
2
47 0 0 0
2096 18 14 0
2
42 97 
2
2329 16 16 0
22 12 14 0
2
43 204 
2
2097 18 14 0
24 20 20 0
2
42 98 
2
2330 16 16 0
18 22 16 0
2
43 205 
2
2098 18 14 0
20 18 10 0
2
42 99 
2
2331 16 16 0
16 18 24 0
2
43 206 
2
2099 18 14 0
16 26 24 0
2
40 42 
2
542 10 16 0
2332 16 16 0
2
41 43 
2
542 20 12 0
2100 18 14 0
2
42 97 
2
2333 16 16 0
23 12 14 0
2
43 204 
2
2101 18 14 0
25 20 20 0
2
42 98 
2
2334 16 16 0
19 22 16 0
2
43 205 
2
2102 18 14 0
21 18 10 0
2
42 99 
2
2335 16 16 0
17 18 24 0
2
43 206 
2
2103 18 14 0
17 26 24 0
2
20 40 
2
136 14 16 0
543 10 16 0
2
21 41 
2
136 20 14 0
543 20 12 0
2
18 38 
2
68 4 18 0
271 4 16 0
2
19 39 
2
68 20 8 0
271 22 8 0
2
16 36 
2
34 4 24 0
138 4 22 0
2
17 37 
2
34 26 4 0
138 24 4 0
2
34 36 
2
73 2 24 0
139 4 22 0
2
35 37 
2
73 28 2 0
139 24 4 0
2
280 38 
2
53 14 34 0
272 4 16 0
2
36 38 
2
140 4 22 0
273 4 16 0
2
281 38 
2
53 14 0 0
274 4 16 0
2
16 38 
2
35 4 24 0
275 4 16 0
2
282 38 
2
53 12 34 0
276 4 16 0
2
36 38 
2
141 4 22 0
277 4 16 0
2
283 38 
2
53 12 0 0
278 4 16 0
2
300 39 
2
47 0 22 0
272 22 8 0
2
37 39 
2
140 24 4 0
273 22 8 0
2
301 39 
2
47 0 20 0
274 22 8 0
2
17 39 
2
35 26 4 0
275 22 8 0
2
302 39 
2
47 0 18 0
276 22 8 0
2
37 39 
2
141 24 4 0
277 22 8 0
2
303 39 
2
47 0 16 0
278 22 8 0
2
292 40 
2
53 2 34 0
544 10 16 0
2
38 40 
2
279 4 16 0
545 10 16 0
2
293 40 
2
53 2 0 0
546 10 16 0
2
18 40 
2
69 4 18 0
547 10 16 0
2
294 40 
2
53 0 34 0
548 10 16 0
2
38 40 
2
280 4 16 0
549 10 16 0
2
295 40 
2
53 0 32 0
550 10 16 0
2
248 41 
2
50 34 26 0
544 20 12 0
2
39 41 
2
279 22 8 0
545 20 12 0
2
249 41 
2
50 34 24 0
546 20 12 0
2
19 41 
2
69 20 8 0
547 20 12 0
2
250 41 
2
50 34 22 0
548 20 12 0
2
39 41 
2
280 22 8 0
549 20 12 0
2
251 41 
2
50 34 20 0
550 20 12 0
2
296 42 
2
53 0 30 0
2336 16 16 0
2
40 42 
2
551 10 16 0
2337 16 16 0
2
297 42 
2
53 0 28 0
2338 16 16 0
2
20 42 
2
137 14 16 0
2339 16 16 0
2
298 42 
2
53 0 26 0
2340 16 16 0
2
40 42 
2
552 10 16 0
2341 16 16 0
2
299 42 
2
53 0 24 0
2342 16 16 0
2
254 43 
2
50 34 14 0
2104 18 14 0
2
41 43 
2
551 20 12 0
2105 18 14 0
2
256 43 
2
50 34 10 0
2106 18 14 0
2
21 43 
2
137 20 14 0
2107 18 14 0
2
258 43 
2
50 34 6 0
2108 18 14 0
2
41 43 
2
552 20 12 0
2109 18 14 0
2
259 43 
2
50 34 4 0
2110 18 14 0
2
42 96 
2
2343 16 16 0
26 16 4 0
2
43 205 
2
2111 18 14 0
22 18 10 0
2
42 97 
2
2344 16 16 0
24 12 14 0
2
43 206 
2
2112 18 14 0
18 26 24 0
2
42 98 
2
2345 16 16 0
20 22 16 0
2
43 207 
2
2113 18 14 0
14 4 10 0
2
42 99 
2
2346 16 16 0
18 18 24 0
2
42 100 
2
2347 16 16 0
16 12 10 0
2
42 101 
2
2348 16 16 0
16 18 18 0
2
42 102 
2
2349 16 16 0
16 14 8 0
2
42 103 
2
2350 16 16 0
16 14 6 0
2
42 104 
2
2351 16 16 0
16 22 26 0
2
42 105 
2
2352 16 16 0
16 20 16 0
2
42 106 
2
2353 16 16 0
20 24 20 0
2
42 107 
2
2354 16 16 0
22 30 16 0
2
42 108 
2
2355 16 16 0
24 28 10 0
2
42 109 
2
2356 16 16 0
24 26 10 0
2
42 111 
2
2357 16 16 0
20 18 6 0
2
42 112 
2
2358 16 16 0
18 30 14 0
2
42 113 
2
2359 16 16 0
16 22 4 0
2
42 114 
2
2360 16 16 0
14 30 10 0
2
42 115 
2
2361 16 16 0
12 2 10 0
2
42 116 
2
2362 16 16 0
10 8 8 0
2
42 117 
2
2363 16 16 0
8 12 8 0
2
40 42 
2
553 10 16 0
2364 16 16 0
2
41 43 
2
553 20 12 0
2114 18 14 0
2
42 96 
2
2365 16 16 0
27 16 4 0
2
43 205 
2
2115 18 14 0
23 18 10 0
2
42 97 
2
2366 16 16 0
25 12 14 0
2
43 206 
2
2116 18 14 0
19 26 24 0
2
42 98 
2
2367 16 16 0
21 22 16 0
2
43 207 
2
2117 18 14 0
15 4 10 0
2
42 99 
2
2368 16 16 0
19 18 24 0
2
42 100 
2
2369 16 16 0
17 12 10 0
2
42 101 
2
2370 16 16 0
17 18 18 0
2
42 102 
2
2371 16 16 0
17 14 8 0
2
42 103 
2
2372 16 16 0
17 14 6 0
2
42 104 
2
2373 16 16 0
17 22 26 0
2
42 105 
2
2374 16 16 0
17 20 16 0
2
42 106 
2
2375 16 16 0
21 24 20 0
2
42 107 
2
2376 16 16 0
23 30 16 0
2
42 108 
2
2377 16 16 0
25 28 10 0
2
42 109 
2
2378 16 16 0
25 26 10 0
2
42 111 
2
2379 16 16 0
21 18 6 0
2
42 112 
2
2380 16 16 0
19 30 14 0
2
42 113 
2
2381 16 16 0
17 22 4 0
2
42 114 
2
2382 16 16 0
15 30 10 0
2
42 115 
2
2383 16 16 0
13 2 10 0
2
42 116 
2
2384 16 16 0
11 8 8 0
2
42 117 
2
2385 16 16 0
9 12 8 0
2
20 40 
2
138 14 16 0
554 10 16 0
2
21 41 
2
138 20 14 0
554 20 12 0
2
38 40 
2
281 4 16 0
555 10 16 0
2
39 41 
2
281 22 8 0
555 20 12 0
2
256 42 
2
56 34 10 0
2386 16 16 0
2
40 42 
2
556 10 16 0
2387 16 16 0
2
257 42 
2
56 34 8 0
2388 16 16 0
2
20 42 
2
139 14 16 0
2389 16 16 0
2
258 42 
2
56 34 6 0
2390 16 16 0
2
40 42 
2
557 10 16 0
2391 16 16 0
2
259 42 
2
56 34 4 0
2392 16 16 0
2
270 43 
2
50 24 34 0
2118 18 14 0
2
41 43 
2
556 20 12 0
2119 18 14 0
2
272 43 
2
50 22 34 0
2120 18 14 0
2
21 43 
2
139 20 14 0
2121 18 14 0
2
274 43 
2
50 20 34 0
2122 18 14 0
2
41 43 
2
557 20 12 0
2123 18 14 0
2
275 43 
2
50 20 0 0
2124 18 14 0
2
42 97 
2
2393 16 16 0
26 12 14 0
2
43 204 
2
2125 18 14 0
26 20 20 0
2
42 98 
2
2394 16 16 0
22 22 16 0
2
43 205 
2
2126 18 14 0
24 18 10 0
2
42 99 
2
2395 16 16 0
20 18 24 0
2
43 206 
2
2127 18 14 0
20 26 24 0
2
42 100 
2
2396 16 16 0
18 12 10 0
2
43 207 
2
2128 18 14 0
16 4 10 0
2
42 101 
2
2397 16 16 0
18 18 18 0
2
43 208 
2
2129 18 14 0
18 32 16 0
2
42 102 
2
2398 16 16 0
18 14 8 0
2
43 209 
2
2130 18 14 0
22 2 18 0
2
42 103 
2
2399 16 16 0
18 14 6 0
2
43 210 
2
2131 18 14 0
24 8 24 0
2
42 104 
2
2400 16 16 0
18 22 26 0
2
43 211 
2
2132 18 14 0
24 6 18 0
2
42 105 
2
2401 16 16 0
18 20 16 0
2
43 212 
2
2133 18 14 0
20 16 24 0
2
42 106 
2
2402 16 16 0
22 24 20 0
2
43 213 
2
2134 18 14 0
18 16 32 0
2
42 107 
2
2403 16 16 0
24 30 16 0
2
43 214 
2
2135 18 14 0
16 12 20 0
2
42 108 
2
2404 16 16 0
26 28 10 0
2
43 215 
2
2136 18 14 0
16 18 16 0
2
42 109 
2
2405 16 16 0
26 26 10 0
2
43 216 
2
2137 18 14 0
16 8 20 0
2
42 111 
2
2406 16 16 0
22 18 6 0
2
43 217 
2
2138 18 14 0
16 14 26 0
2
42 112 
2
2407 16 16 0
20 30 14 0
2
43 218 
2
2139 18 14 0
16 10 24 0
2
42 113 
2
2408 16 16 0
18 22 4 0
2
43 219 
2
2140 18 14 0
16 24 24 0
2
42 114 
2
2409 16 16 0
16 30 10 0
2
43 220 
2
2141 18 14 0
16 12 24 0
2
42 115 
2
2410 16 16 0
14 2 10 0
2
43 221 
2
2142 18 14 0
16 6 22 0
2
42 116 
2
2411 16 16 0
12 8 8 0
2
43 222 
2
2143 18 14 0
20 6 14 0
2
42 117 
2
2412 16 16 0
10 12 8 0
2
43 223 
2
2144 18 14 0
22 14 12 0
2
42 118 
2
2413 16 16 0
8 12 12 0
2
43 224 
2
2145 18 14 0
20 24 12 0
2
40 42 
2
558 10 16 0
2414 16 16 0
2
41 43 
2
558 20 12 0
2146 18 14 0
2
42 97 
2
2415 16 16 0
27 12 14 0
2
43 204 
2
2147 18 14 0
27 20 20 0
2
42 98 
2
2416 16 16 0
23 22 16 0
2
43 205 
2
2148 18 14 0
25 18 10 0
2
42 99 
2
2417 16 16 0
21 18 24 0
2
43 206 
2
2149 18 14 0
21 26 24 0
2
42 100 
2
2418 16 16 0
19 12 10 0
2
43 207 
2
2150 18 14 0
17 4 10 0
2
42 101 
2
2419 16 16 0
19 18 18 0
2
43 208 
2
2151 18 14 0
19 32 16 0
2
42 102 
2
2420 16 16 0
19 14 8 0
2
43 209 
2
2152 18 14 0
23 2 18 0
2
42 103 
2
2421 16 16 0
19 14 6 0
2
43 210 
2
2153 18 14 0
25 8 24 0
2
42 104 
2
2422 16 16 0
19 22 26 0
2
43 211 
2
2154 18 14 0
25 6 18 0
2
42 105 
2
2423 16 16 0
19 20 16 0
2
43 212 
2
2155 18 14 0
21 16 24 0
2
42 106 
2
2424 16 16 0
23 24 20 0
2
43 213 
2
2156 18 14 0
19 16 32 0
2
42 107 
2
2425 16 16 0
25 30 16 0
2
43 214 
2
2157 18 14 0
17 12 20 0
2
42 108 
2
2426 16 16 0
27 28 10 0
2
43 215 
2
2158 18 14 0
17 18 16 0
2
42 109 
2
2427 16 16 0
27 26 10 0
2
43 216 
2
2159 18 14 0
17 8 20 0
2
42 111 
2
2428 16 16 0
23 18 6 0
2
43 217 
2
2160 18 14 0
17 14 26 0
2
42 112 
2
2429 16 16 0
21 30 14 0
2
43 218 
2
2161 18 14 0
17 10 24 0
2
42 113 
2
2430 16 16 0
19 22 4 0
2
43 219 
2
2162 18 14 0
17 24 24 0
2
42 114 
2
2431 16 16 0
17 30 10 0
2
43 220 
2
2163 18 14 0
17 12 24 0
2
42 115 
2
2432 16 16 0
15 2 10 0
2
43 221 
2
2164 18 14 0
17 6 22 0
2
42 116 
2
2433 16 16 0
13 8 8 0
2
43 222 
2
2165 18 14 0
21 6 14 0
2
42 117 
2
2434 16 16 0
11 12 8 0
2
43 223 
2
2166 18 14 0
23 14 12 0
2
42 118 
2
2435 16 16 0
9 12 12 0
2
43 224 
2
2167 18 14 0
21 24 12 0
2
20 40 
2
140 14 16 0
559 10 16 0
2
21 41 
2
140 20 14 0
559 20 12 0
2
18 38 
2
70 4 18 0
282 4 16 0
2
19 39 
2
70 20 8 0
282 22 8 0
2
36 38 
2
142 4 22 0
283 4 16 0
2
37 39 
2
142 24 4 0
283 22 8 0
2
264 40 
2
56 30 34 0
560 10 16 0
2
38 40 
2
284 4 16 0
561 10 16 0
2
265 40 
2
56 30 0 0
562 10 16 0
2
18 40 
2
71 4 18 0
563 10 16 0
2
266 40 
2
56 28 34 0
564 10 16 0
2
38 40 
2
285 4 16 0
565 10 16 0
2
267 40 
2
56 28 0 0
566 10 16 0
2
280 41 
2
50 14 34 0
560 20 12 0
2
39 41 
2
284 22 8 0
561 20 12 0
2
281 41 
2
50 14 0 0
562 20 12 0
2
19 41 
2
71 20 8 0
563 20 12 0
2
282 41 
2
50 12 34 0
564 20 12 0
2
39 41 
2
285 22 8 0
565 20 12 0
2
283 41 
2
50 12 0 0
566 20 12 0
2
272 42 
2
56 22 34 0
2436 16 16 0
2
40 42 
2
567 10 16 0
2437 16 16 0
2
273 42 
2
56 22 0 0
2438 16 16 0
2
20 42 
2
141 14 16 0
2439 16 16 0
2
274 42 
2
56 20 34 0
2440 16 16 0
2
40 42 
2
568 10 16 0
2441 16 16 0
2
275 42 
2
56 20 0 0
2442 16 16 0
2
286 43 
2
50 8 34 0
2168 18 14 0
2
41 43 
2
567 20 12 0
2169 18 14 0
2
288 43 
2
50 6 34 0
2170 18 14 0
2
21 43 
2
141 20 14 0
2171 18 14 0
2
290 43 
2
50 4 34 0
2172 18 14 0
2
41 43 
2
568 20 12 0
2173 18 14 0
2
291 43 
2
50 4 0 0
2174 18 14 0
2
42 115 
2
2443 16 16 0
16 2 10 0
2
43 205 
2
2175 18 14 0
26 18 10 0
2
42 116 
2
2444 16 16 0
14 8 8 0
2
43 206 
2
2176 18 14 0
22 26 24 0
2
42 117 
2
2445 16 16 0
12 12 8 0
2
43 207 
2
2177 18 14 0
18 4 10 0
2
43 208 
2
2178 18 14 0
20 32 16 0
2
43 209 
2
2179 18 14 0
24 2 18 0
2
43 210 
2
2180 18 14 0
26 8 24 0
2
43 211 
2
2181 18 14 0
26 6 18 0
2
43 212 
2
2182 18 14 0
22 16 24 0
2
43 213 
2
2183 18 14 0
20 16 32 0
2
43 214 
2
2184 18 14 0
18 12 20 0
2
43 215 
2
2185 18 14 0
18 18 16 0
2
43 216 
2
2186 18 14 0
18 8 20 0
2
43 217 
2
2187 18 14 0
18 14 26 0
2
43 218 
2
2188 18 14 0
18 10 24 0
2
43 219 
2
2189 18 14 0
18 24 24 0
2
43 220 
2
2190 18 14 0
18 12 24 0
2
43 221 
2
2191 18 14 0
18 6 22 0
2
43 222 
2
2192 18 14 0
22 6 14 0
2
43 223 
2
2193 18 14 0
24 14 12 0
2
43 224 
2
2194 18 14 0
22 24 12 0
2
43 225 
2
2195 18 14 0
18 20 18 0
2
40 42 
2
569 10 16 0
2446 16 16 0
2
41 43 
2
569 20 12 0
2196 18 14 0
2
42 115 
2
2447 16 16 0
17 2 10 0
2
43 205 
2
2197 18 14 0
27 18 10 0
2
42 116 
2
2448 16 16 0
15 8 8 0
2
43 206 
2
2198 18 14 0
23 26 24 0
2
42 117 
2
2449 16 16 0
13 12 8 0
2
43 207 
2
2199 18 14 0
19 4 10 0
2
43 208 
2
2200 18 14 0
21 32 16 0
2
43 209 
2
2201 18 14 0
25 2 18 0
2
43 210 
2
2202 18 14 0
27 8 24 0
2
43 211 
2
2203 18 14 0
27 6 18 0
2
43 212 
2
2204 18 14 0
23 16 24 0
2
43 213 
2
2205 18 14 0
21 16 32 0
2
43 214 
2
2206 18 14 0
19 12 20 0
2
43 215 
2
2207 18 14 0
19 18 16 0
2
43 216 
2
2208 18 14 0
19 8 20 0
2
43 217 
2
2209 18 14 0
19 14 26 0
2
43 218 
2
2210 18 14 0
19 10 24 0
2
43 219 
2
2211 18 14 0
19 24 24 0
2
43 220 
2
2212 18 14 0
19 12 24 0
2
43 221 
2
2213 18 14 0
19 6 22 0
2
43 222 
2
2214 18 14 0
23 6 14 0
2
43 223 
2
2215 18 14 0
25 14 12 0
2
43 224 
2
2216 18 14 0
23 24 12 0
2
43 225 
2
2217 18 14 0
19 20 18 0
2
20 40 
2
142 14 16 0
570 10 16 0
2
21 41 
2
142 20 14 0
570 20 12 0
2
38 40 
2
286 4 16 0
571 10 16 0
2
39 41 
2
286 22 8 0
571 20 12 0
2
280 42 
2
56 14 34 0
2450 16 16 0
2
40 42 
2
572 10 16 0
2451 16 16 0
2
281 42 
2
56 14 0 0
2452 16 16 0
2
20 42 
2
143 14 16 0
2453 16 16 0
2
286 42 
2
56 8 34 0
2454 16 16 0
2
40 42 
2
573 10 16 0
2455 16 16 0
2
287 42 
2
56 8 0 0
2456 16 16 0
2
302 43 
2
50 0 18 0
2218 18 14 0
2
41 43 
2
572 20 12 0
2219 18 14 0
2
304 43 
2
50 0 14 0
2220 18 14 0
2
21 43 
2
143 20 14 0
2221 18 14 0
2
306 43 
2
50 0 10 0
2222 18 14 0
2
41 43 
2
573 20 12 0
2223 18 14 0
2
307 43 
2
50 0 8 0
2224 18 14 0
2
42 116 
2
2457 16 16 0
16 8 8 0
2
43 224 
2
2225 18 14 0
24 24 12 0
2
42 117 
2
2458 16 16 0
14 12 8 0
2
43 225 
2
2226 18 14 0
20 20 18 0
2
42 118 
2
2459 16 16 0
10 12 12 0
2
43 226 
2
2227 18 14 0
16 18 32 0
2
40 42 
2
574 10 16 0
2460 16 16 0
2
41 43 
2
574 20 12 0
2228 18 14 0
2
42 116 
2
2461 16 16 0
17 8 8 0
2
43 224 
2
2229 18 14 0
25 24 12 0
2
42 117 
2
2462 16 16 0
15 12 8 0
2
43 225 
2
2230 18 14 0
21 20 18 0
2
42 118 
2
2463 16 16 0
11 12 12 0
2
43 226 
2
2231 18 14 0
17 18 32 0
2
20 40 
2
144 14 16 0
575 10 16 0
2
21 41 
2
144 20 14 0
575 20 12 0
2
18 38 
2
72 4 18 0
287 4 16 0
2
19 39 
2
72 20 8 0
287 22 8 0
2
16 36 
2
36 4 24 0
143 4 22 0
2
17 37 
2
36 26 4 0
143 24 4 0
2
14 34 
2
18 4 26 0
74 2 24 0
2
15 35 
2
18 26 2 0
74 28 2 0
2
32 34 
2
41 2 28 0
75 2 24 0
2
33 35 
2
41 32 2 0
75 28 2 0
2
310 36 
2
53 0 2 0
144 4 22 0
2
34 36 
2
76 2 24 0
145 4 22 0
2
311 36 
2
53 0 0 0
146 4 22 0
2
14 36 
2
19 4 26 0
147 4 22 0
2
244 36 
2
56 34 34 0
148 4 22 0
2
34 36 
2
77 2 24 0
149 4 22 0
2
245 36 
2
56 34 32 0
150 4 22 0
2
264 37 
2
50 30 34 0
144 24 4 0
2
35 37 
2
76 28 2 0
145 24 4 0
2
265 37 
2
50 30 0 0
146 24 4 0
2
15 37 
2
19 26 2 0
147 24 4 0
2
266 37 
2
50 28 34 0
148 24 4 0
2
35 37 
2
77 28 2 0
149 24 4 0
2
267 37 
2
50 28 0 0
150 24 4 0
2
276 38 
2
56 18 34 0
288 4 16 0
2
36 38 
2
151 4 22 0
289 4 16 0
2
277 38 
2
56 18 0 0
290 4 16 0
2
16 38 
2
37 4 24 0
291 4 16 0
2
278 38 
2
56 16 34 0
292 4 16 0
2
36 38 
2
152 4 22 0
293 4 16 0
2
279 38 
2
56 16 0 0
294 4 16 0
2
296 39 
2
50 0 30 0
288 22 8 0
2
37 39 
2
151 24 4 0
289 22 8 0
2
297 39 
2
50 0 28 0
290 22 8 0
2
17 39 
2
37 26 4 0
291 22 8 0
2
298 39 
2
50 0 26 0
292 22 8 0
2
37 39 
2
152 24 4 0
293 22 8 0
2
299 39 
2
50 0 24 0
294 22 8 0
2
288 40 
2
56 6 34 0
576 10 16 0
2
38 40 
2
295 4 16 0
577 10 16 0
2
289 40 
2
56 6 0 0
578 10 16 0
2
18 40 
2
73 4 18 0
579 10 16 0
2
290 40 
2
56 4 34 0
580 10 16 0
2
38 40 
2
296 4 16 0
581 10 16 0
2
291 40 
2
56 4 0 0
582 10 16 0
2
308 41 
2
50 0 6 0
576 20 12 0
2
39 41 
2
295 22 8 0
577 20 12 0
2
309 41 
2
50 0 4 0
578 20 12 0
2
19 41 
2
73 20 8 0
579 20 12 0
2
310 41 
2
50 0 2 0
580 20 12 0
2
39 41 
2
296 22 8 0
581 20 12 0
2
311 41 
2
50 0 0 0
582 20 12 0
2
292 42 
2
56 2 34 0
2464 16 16 0
2
40 42 
2
583 10 16 0
2465 16 16 0
2
293 42 
2
56 2 0 0
2466 16 16 0
2
20 42 
2
145 14 16 0
2467 16 16 0
2
294 42 
2
56 0 34 0
2468 16 16 0
2
40 42 
2
584 10 16 0
2469 16 16 0
2
295 42 
2
56 0 32 0
2470 16 16 0
2
244 43 
2
53 34 34 0
2232 18 14 0
2
41 43 
2
583 20 12 0
2233 18 14 0
2
245 43 
2
53 34 32 0
2234 18 14 0
2
21 43 
2
145 20 14 0
2235 18 14 0
2
246 43 
2
53 34 30 0
2236 18 14 0
2
41 43 
2
584 20 12 0
2237 18 14 0
2
247 43 
2
53 34 28 0
2238 18 14 0
2
42 115 
2
2471 16 16 0
18 2 10 0
2
43 225 
2
2239 18 14 0
22 20 18 0
2
42 116 
2
2472 16 16 0
18 8 8 0
2
43 226 
2
2240 18 14 0
18 18 32 0
2
42 117 
2
2473 16 16 0
16 12 8 0
2
43 227 
2
2241 18 14 0
14 2 12 0
2
42 118 
2
2474 16 16 0
12 12 12 0
2
42 119 
2
2475 16 16 0
8 22 18 0
2
42 120 
2
2476 16 16 0
8 28 20 0
2
42 121 
2
2477 16 16 0
8 8 14 0
2
42 122 
2
2478 16 16 0
8 12 6 0
2
42 123 
2
2479 16 16 0
8 22 20 0
2
42 124 
2
2480 16 16 0
8 20 26 0
2
42 125 
2
2481 16 16 0
8 12 16 0
2
42 126 
2
2482 16 16 0
8 16 10 0
2
42 128 
2
2483 16 16 0
12 16 14 0
2
42 129 
2
2484 16 16 0
14 28 12 0
2
42 130 
2
2485 16 16 0
16 22 6 0
2
42 131 
2
2486 16 16 0
16 28 14 0
2
42 149 
2
2487 16 16 0
12 20 6 0
2
42 150 
2
2488 16 16 0
10 24 8 0
2
42 151 
2
2489 16 16 0
8 22 2 0
2
42 152 
2
2490 16 16 0
8 22 30 0
2
42 153 
2
2491 16 16 0
8 24 26 0
2
40 42 
2
585 10 16 0
2492 16 16 0
2
41 43 
2
585 20 12 0
2242 18 14 0
2
42 115 
2
2493 16 16 0
19 2 10 0
2
43 225 
2
2243 18 14 0
23 20 18 0
2
42 116 
2
2494 16 16 0
19 8 8 0
2
43 226 
2
2244 18 14 0
19 18 32 0
2
42 117 
2
2495 16 16 0
17 12 8 0
2
43 227 
2
2245 18 14 0
15 2 12 0
2
42 118 
2
2496 16 16 0
13 12 12 0
2
42 119 
2
2497 16 16 0
9 22 18 0
2
42 120 
2
2498 16 16 0
9 28 20 0
2
42 121 
2
2499 16 16 0
9 8 14 0
2
42 122 
2
2500 16 16 0
9 12 6 0
2
42 123 
2
2501 16 16 0
9 22 20 0
2
42 124 
2
2502 16 16 0
9 20 26 0
2
42 125 
2
2503 16 16 0
9 12 16 0
2
42 126 
2
2504 16 16 0
9 16 10 0
2
42 128 
2
2505 16 16 0
13 16 14 0
2
42 129 
2
2506 16 16 0
15 28 12 0
2
42 130 
2
2507 16 16 0
17 22 6 0
2
42 131 
2
2508 16 16 0
17 28 14 0
2
42 149 
2
2509 16 16 0
13 20 6 0
2
42 150 
2
2510 16 16 0
11 24 8 0
2
42 151 
2
2511 16 16 0
9 22 2 0
2
42 152 
2
2512 16 16 0
9 22 30 0
2
42 153 
2
2513 16 16 0
9 24 26 0
2
20 40 
2
146 14 16 0
586 10 16 0
2
21 41 
2
146 20 14 0
586 20 12 0
2
38 40 
2
297 4 16 0
587 10 16 0
2
39 41 
2
297 22 8 0
587 20 12 0
2
252 42 
2
59 34 18 0
2514 16 16 0
2
40 42 
2
588 10 16 0
2515 16 16 0
2
253 42 
2
59 34 16 0
2516 16 16 0
2
20 42 
2
147 14 16 0
2517 16 16 0
2
254 42 
2
59 34 14 0
2518 16 16 0
2
40 42 
2
589 10 16 0
2519 16 16 0
2
255 42 
2
59 34 12 0
2520 16 16 0
2
256 43 
2
53 34 10 0
2246 18 14 0
2
41 43 
2
588 20 12 0
2247 18 14 0
2
257 43 
2
53 34 8 0
2248 18 14 0
2
21 43 
2
147 20 14 0
2249 18 14 0
2
258 43 
2
53 34 6 0
2250 18 14 0
2
41 43 
2
589 20 12 0
2251 18 14 0
2
259 43 
2
53 34 4 0
2252 18 14 0
2
42 116 
2
2521 16 16 0
20 8 8 0
2
43 224 
2
2253 18 14 0
26 24 12 0
2
42 117 
2
2522 16 16 0
18 12 8 0
2
43 225 
2
2254 18 14 0
24 20 18 0
2
42 118 
2
2523 16 16 0
14 12 12 0
2
43 226 
2
2255 18 14 0
20 18 32 0
2
42 119 
2
2524 16 16 0
10 22 18 0
2
43 227 
2
2256 18 14 0
16 2 12 0
2
42 120 
2
2525 16 16 0
10 28 20 0
2
43 228 
2
2257 18 14 0
18 12 2 0
2
42 121 
2
2526 16 16 0
10 8 14 0
2
43 229 
2
2258 18 14 0
22 2 16 0
2
42 122 
2
2527 16 16 0
10 12 6 0
2
43 230 
2
2259 18 14 0
24 10 8 0
2
42 123 
2
2528 16 16 0
10 22 20 0
2
43 231 
2
2260 18 14 0
24 14 30 0
2
42 124 
2
2529 16 16 0
10 20 26 0
2
43 232 
2
2261 18 14 0
20 26 22 0
2
42 125 
2
2530 16 16 0
10 12 16 0
2
43 233 
2
2262 18 14 0
18 8 22 0
2
42 126 
2
2531 16 16 0
10 16 10 0
2
43 234 
2
2263 18 14 0
16 12 22 0
2
42 128 
2
2532 16 16 0
14 16 14 0
2
43 235 
2
2264 18 14 0
16 14 24 0
2
42 129 
2
2533 16 16 0
16 28 12 0
2
43 236 
2
2265 18 14 0
16 8 10 0
2
42 130 
2
2534 16 16 0
18 22 6 0
2
43 237 
2
2266 18 14 0
16 20 28 0
2
42 131 
2
2535 16 16 0
18 28 14 0
2
43 238 
2
2267 18 14 0
16 14 10 0
2
42 149 
2
2536 16 16 0
14 20 6 0
2
43 239 
2
2268 18 14 0
16 16 20 0
2
42 150 
2
2537 16 16 0
12 24 8 0
2
43 50 
2
2269 18 14 0
18 4 12 0
2
42 151 
2
2538 16 16 0
10 22 2 0
2
43 45 
2
2270 18 14 0
22 16 2 0
2
42 152 
2
2539 16 16 0
10 22 30 0
2
43 47 
2
2271 18 14 0
26 26 12 0
2
42 153 
2
2540 16 16 0
10 24 26 0
2
43 49 
2
2272 18 14 0
28 32 14 0
2
42 154 
2
2541 16 16 0
8 28 18 0
2
43 52 
2
2273 18 14 0
24 18 4 0
2
40 42 
2
590 10 16 0
2542 16 16 0
2
41 43 
2
590 20 12 0
2274 18 14 0
2
42 116 
2
2543 16 16 0
21 8 8 0
2
43 224 
2
2275 18 14 0
27 24 12 0
2
42 117 
2
2544 16 16 0
19 12 8 0
2
43 225 
2
2276 18 14 0
25 20 18 0
2
42 118 
2
2545 16 16 0
15 12 12 0
2
43 226 
2
2277 18 14 0
21 18 32 0
2
42 119 
2
2546 16 16 0
11 22 18 0
2
43 227 
2
2278 18 14 0
17 2 12 0
2
42 120 
2
2547 16 16 0
11 28 20 0
2
43 228 
2
2279 18 14 0
19 12 2 0
2
42 121 
2
2548 16 16 0
11 8 14 0
2
43 229 
2
2280 18 14 0
23 2 16 0
2
42 122 
2
2549 16 16 0
11 12 6 0
2
43 230 
2
2281 18 14 0
25 10 8 0
2
42 123 
2
2550 16 16 0
11 22 20 0
2
43 231 
2
2282 18 14 0
25 14 30 0
2
42 124 
2
2551 16 16 0
11 20 26 0
2
43 232 
2
2283 18 14 0
21 26 22 0
2
42 125 
2
2552 16 16 0
11 12 16 0
2
43 233 
2
2284 18 14 0
19 8 22 0
2
42 126 
2
2553 16 16 0
11 16 10 0
2
43 234 
2
2285 18 14 0
17 12 22 0
2
42 128 
2
2554 16 16 0
15 16 14 0
2
43 235 
2
2286 18 14 0
17 14 24 0
2
42 129 
2
2555 16 16 0
17 28 12 0
2
43 236 
2
2287 18 14 0
17 8 10 0
2
42 130 
2
2556 16 16 0
19 22 6 0
2
43 237 
2
2288 18 14 0
17 20 28 0
2
42 131 
2
2557 16 16 0
19 28 14 0
2
43 238 
2
2289 18 14 0
17 14 10 0
2
42 149 
2
2558 16 16 0
15 20 6 0
2
43 239 
2
2290 18 14 0
17 16 20 0
2
42 150 
2
2559 16 16 0
13 24 8 0
2
43 50 
2
2291 18 14 0
19 4 12 0
2
42 151 
2
2560 16 16 0
11 22 2 0
2
43 45 
2
2292 18 14 0
23 16 2 0
2
42 152 
2
2561 16 16 0
11 22 30 0
2
43 47 
2
2293 18 14 0
27 26 12 0
2
42 153 
2
2562 16 16 0
11 24 26 0
2
43 49 
2
2294 18 14 0
29 32 14 0
2
42 154 
2
2563 16 16 0
9 28 18 0
2
43 52 
2
2295 18 14 0
25 18 4 0
2
20 40 
2
148 14 16 0
591 10 16 0
2
21 41 
2
148 20 14 0
591 20 12 0
2
18 38 
2
74 4 18 0
298 4 16 0
2
19 39 
2
74 20 8 0
298 22 8 0
2
36 38 
2
153 4 22 0
299 4 16 0
2
37 39 
2
153 24 4 0
299 22 8 0
2
260 40 
2
59 34 2 0
592 10 16 0
2
38 40 
2
300 4 16 0
593 10 16 0
2
261 40 
2
59 34 0 0
594 10 16 0
2
18 40 
2
75 4 18 0
595 10 16 0
2
262 40 
2
59 32 34 0
596 10 16 0
2
38 40 
2
301 4 16 0
597 10 16 0
2
263 40 
2
59 32 0 0
598 10 16 0
2
264 41 
2
53 30 34 0
592 20 12 0
2
39 41 
2
300 22 8 0
593 20 12 0
2
265 41 
2
53 30 0 0
594 20 12 0
2
19 41 
2
75 20 8 0
595 20 12 0
2
266 41 
2
53 28 34 0
596 20 12 0
2
39 41 
2
301 22 8 0
597 20 12 0
2
267 41 
2
53 28 0 0
598 20 12 0
2
268 42 
2
59 26 34 0
2564 16 16 0
2
40 42 
2
599 10 16 0
2565 16 16 0
2
269 42 
2
59 26 0 0
2566 16 16 0
2
20 42 
2
149 14 16 0
2567 16 16 0
2
270 42 
2
59 24 34 0
2568 16 16 0
2
40 42 
2
600 10 16 0
2569 16 16 0
2
271 42 
2
59 24 0 0
2570 16 16 0
2
272 43 
2
53 22 34 0
2296 18 14 0
2
41 43 
2
599 20 12 0
2297 18 14 0
2
273 43 
2
53 22 0 0
2298 18 14 0
2
21 43 
2
149 20 14 0
2299 18 14 0
2
274 43 
2
53 20 34 0
2300 18 14 0
2
41 43 
2
600 20 12 0
2301 18 14 0
2
275 43 
2
53 20 0 0
2302 18 14 0
2
42 115 
2
2571 16 16 0
20 2 10 0
2
43 225 
2
2303 18 14 0
26 20 18 0
2
42 116 
2
2572 16 16 0
22 8 8 0
2
43 226 
2
2304 18 14 0
22 18 32 0
2
42 117 
2
2573 16 16 0
20 12 8 0
2
43 227 
2
2305 18 14 0
18 2 12 0
2
42 118 
2
2574 16 16 0
16 12 12 0
2
43 228 
2
2306 18 14 0
20 12 2 0
2
42 119 
2
2575 16 16 0
12 22 18 0
2
43 229 
2
2307 18 14 0
24 2 16 0
2
42 120 
2
2576 16 16 0
12 28 20 0
2
43 230 
2
2308 18 14 0
26 10 8 0
2
42 121 
2
2577 16 16 0
12 8 14 0
2
43 231 
2
2309 18 14 0
26 14 30 0
2
42 122 
2
2578 16 16 0
12 12 6 0
2
43 232 
2
2310 18 14 0
22 26 22 0
2
42 123 
2
2579 16 16 0
12 22 20 0
2
43 233 
2
2311 18 14 0
20 8 22 0
2
42 124 
2
2580 16 16 0
12 20 26 0
2
43 234 
2
2312 18 14 0
18 12 22 0
2
42 125 
2
2581 16 16 0
12 12 16 0
2
43 235 
2
2313 18 14 0
18 14 24 0
2
42 126 
2
2582 16 16 0
12 16 10 0
2
43 236 
2
2314 18 14 0
18 8 10 0
2
42 128 
2
2583 16 16 0
16 16 14 0
2
43 237 
2
2315 18 14 0
18 20 28 0
2
42 129 
2
2584 16 16 0
18 28 12 0
2
43 238 
2
2316 18 14 0
18 14 10 0
2
42 130 
2
2585 16 16 0
20 22 6 0
2
43 239 
2
2317 18 14 0
18 16 20 0
2
42 131 
2
2586 16 16 0
20 28 14 0
2
43 50 
2
2318 18 14 0
20 4 12 0
2
42 149 
2
2587 16 16 0
16 20 6 0
2
43 45 
2
2319 18 14 0
24 16 2 0
2
42 150 
2
2588 16 16 0
14 24 8 0
2
43 47 
2
2320 18 14 0
28 26 12 0
2
42 151 
2
2589 16 16 0
12 22 2 0
2
43 49 
2
2321 18 14 0
30 32 14 0
2
43 52 
2
2322 18 14 0
26 18 4 0
2
43 53 
2
2323 18 14 0
22 18 8 0
2
40 42 
2
601 10 16 0
2590 16 16 0
2
41 43 
2
601 20 12 0
2324 18 14 0
2
42 115 
2
2591 16 16 0
21 2 10 0
2
43 225 
2
2325 18 14 0
27 20 18 0
2
42 116 
2
2592 16 16 0
23 8 8 0
2
43 226 
2
2326 18 14 0
23 18 32 0
2
42 117 
2
2593 16 16 0
21 12 8 0
2
43 227 
2
2327 18 14 0
19 2 12 0
2
42 118 
2
2594 16 16 0
17 12 12 0
2
43 228 
2
2328 18 14 0
21 12 2 0
2
42 119 
2
2595 16 16 0
13 22 18 0
2
43 229 
2
2329 18 14 0
25 2 16 0
2
42 120 
2
2596 16 16 0
13 28 20 0
2
43 230 
2
2330 18 14 0
27 10 8 0
2
42 121 
2
2597 16 16 0
13 8 14 0
2
43 231 
2
2331 18 14 0
27 14 30 0
2
42 122 
2
2598 16 16 0
13 12 6 0
2
43 232 
2
2332 18 14 0
23 26 22 0
2
42 123 
2
2599 16 16 0
13 22 20 0
2
43 233 
2
2333 18 14 0
21 8 22 0
2
42 124 
2
2600 16 16 0
13 20 26 0
2
43 234 
2
2334 18 14 0
19 12 22 0
2
42 125 
2
2601 16 16 0
13 12 16 0
2
43 235 
2
2335 18 14 0
19 14 24 0
2
42 126 
2
2602 16 16 0
13 16 10 0
2
43 236 
2
2336 18 14 0
19 8 10 0
2
42 128 
2
2603 16 16 0
17 16 14 0
2
43 237 
2
2337 18 14 0
19 20 28 0
2
42 129 
2
2604 16 16 0
19 28 12 0
2
43 238 
2
2338 18 14 0
19 14 10 0
2
42 130 
2
2605 16 16 0
21 22 6 0
2
43 239 
2
2339 18 14 0
19 16 20 0
2
42 131 
2
2606 16 16 0
21 28 14 0
2
43 50 
2
2340 18 14 0
21 4 12 0
2
42 149 
2
2607 16 16 0
17 20 6 0
2
43 45 
2
2341 18 14 0
25 16 2 0
2
42 150 
2
2608 16 16 0
15 24 8 0
2
43 47 
2
2342 18 14 0
29 26 12 0
2
42 151 
2
2609 16 16 0
13 22 2 0
2
43 49 
2
2343 18 14 0
31 32 14 0
2
43 52 
2
2344 18 14 0
27 18 4 0
2
43 53 
2
2345 18 14 0
23 18 8 0
2
20 40 
2
150 14 16 0
602 10 16 0
2
21 41 
2
150 20 14 0
602 20 12 0
2
38 40 
2
302 4 16 0
603 10 16 0
2
39 41 
2
302 22 8 0
603 20 12 0
2
284 42 
2
59 10 34 0
2610 16 16 0
2
40 42 
2
604 10 16 0
2611 16 16 0
2
285 42 
2
59 10 0 0
2612 16 16 0
2
20 42 
2
151 14 16 0
2613 16 16 0
2
290 42 
2
59 4 34 0
2614 16 16 0
2
40 42 
2
605 10 16 0
2615 16 16 0
2
291 42 
2
59 4 0 0
2616 16 16 0
2
300 43 
2
53 0 22 0
2346 18 14 0
2
41 43 
2
604 20 12 0
2347 18 14 0
2
301 43 
2
53 0 20 0
2348 18 14 0
2
21 43 
2
151 20 14 0
2349 18 14 0
2
302 43 
2
53 0 18 0
2350 18 14 0
2
41 43 
2
605 20 12 0
2351 18 14 0
2
303 43 
2
53 0 16 0
2352 18 14 0
2
42 116 
2
2617 16 16 0
24 8 8 0
2
43 52 
2
2353 18 14 0
28 18 4 0
2
42 117 
2
2618 16 16 0
22 12 8 0
2
43 53 
2
2354 18 14 0
24 18 8 0
2
42 118 
2
2619 16 16 0
18 12 12 0
2
43 54 
2
2355 18 14 0
20 24 6 0
2
42 119 
2
2620 16 16 0
14 22 18 0
2
42 120 
2
2621 16 16 0
14 28 20 0
2
42 121 
2
2622 16 16 0
14 8 14 0
2
42 122 
2
2623 16 16 0
14 12 6 0
2
42 123 
2
2624 16 16 0
14 22 20 0
2
42 124 
2
2625 16 16 0
14 20 26 0
2
42 125 
2
2626 16 16 0
14 12 16 0
2
42 126 
2
2627 16 16 0
14 16 10 0
2
42 128 
2
2628 16 16 0
18 16 14 0
2
42 129 
2
2629 16 16 0
20 28 12 0
2
42 130 
2
2630 16 16 0
22 22 6 0
2
42 131 
2
2631 16 16 0
22 28 14 0
2
42 149 
2
2632 16 16 0
18 20 6 0
2
42 150 
2
2633 16 16 0
16 24 8 0
2
42 151 
2
2634 16 16 0
14 22 2 0
2
42 152 
2
2635 16 16 0
12 22 30 0
2
40 42 
2
606 10 16 0
2636 16 16 0
2
41 43 
2
606 20 12 0
2356 18 14 0
2
42 116 
2
2637 16 16 0
25 8 8 0
2
43 52 
2
2357 18 14 0
29 18 4 0
2
42 117 
2
2638 16 16 0
23 12 8 0
2
43 53 
2
2358 18 14 0
25 18 8 0
2
42 118 
2
2639 16 16 0
19 12 12 0
2
43 54 
2
2359 18 14 0
21 24 6 0
2
42 119 
2
2640 16 16 0
15 22 18 0
2
42 120 
2
2641 16 16 0
15 28 20 0
2
42 121 
2
2642 16 16 0
15 8 14 0
2
42 122 
2
2643 16 16 0
15 12 6 0
2
42 123 
2
2644 16 16 0
15 22 20 0
2
42 124 
2
2645 16 16 0
15 20 26 0
2
42 125 
2
2646 16 16 0
15 12 16 0
2
42 126 
2
2647 16 16 0
15 16 10 0
2
42 128 
2
2648 16 16 0
19 16 14 0
2
42 129 
2
2649 16 16 0
21 28 12 0
2
42 130 
2
2650 16 16 0
23 22 6 0
2
42 131 
2
2651 16 16 0
23 28 14 0
2
42 149 
2
2652 16 16 0
19 20 6 0
2
42 150 
2
2653 16 16 0
17 24 8 0
2
42 151 
2
2654 16 16 0
15 22 2 0
2
42 152 
2
2655 16 16 0
13 22 30 0
2
20 40 
2
152 14 16 0
607 10 16 0
2
21 41 
2
152 20 14 0
607 20 12 0
2
18 38 
2
76 4 18 0
303 4 16 0
2
19 39 
2
76 20 8 0
303 22 8 0
2
16 36 
2
38 4 24 0
154 4 22 0
2
17 37 
2
38 26 4 0
154 24 4 0
2
34 36 
2
78 2 24 0
155 4 22 0
2
35 37 
2
78 28 2 0
155 24 4 0
2
276 38 
2
59 18 34 0
304 4 16 0
2
36 38 
2
156 4 22 0
305 4 16 0
2
277 38 
2
59 18 0 0
306 4 16 0
2
16 38 
2
39 4 24 0
307 4 16 0
2
278 38 
2
59 16 34 0
308 4 16 0
2
36 38 
2
157 4 22 0
309 4 16 0
2
279 38 
2
59 16 0 0
310 4 16 0
2
286 39 
2
53 8 34 0
304 22 8 0
2
37 39 
2
156 24 4 0
305 22 8 0
2
287 39 
2
53 8 0 0
306 22 8 0
2
17 39 
2
39 26 4 0
307 22 8 0
2
288 39 
2
53 6 34 0
308 22 8 0
2
37 39 
2
157 24 4 0
309 22 8 0
2
289 39 
2
53 6 0 0
310 22 8 0
2
303 40 
2
59 0 16 0
608 10 16 0
2
38 40 
2
311 4 16 0
609 10 16 0
2
304 40 
2
59 0 14 0
610 10 16 0
2
18 40 
2
77 4 18 0
611 10 16 0
2
305 40 
2
59 0 12 0
612 10 16 0
2
38 40 
2
312 4 16 0
613 10 16 0
2
306 40 
2
59 0 10 0
614 10 16 0
2
304 41 
2
53 0 14 0
608 20 12 0
2
39 41 
2
311 22 8 0
609 20 12 0
2
305 41 
2
53 0 12 0
610 20 12 0
2
19 41 
2
77 20 8 0
611 20 12 0
2
306 41 
2
53 0 10 0
612 20 12 0
2
39 41 
2
312 22 8 0
613 20 12 0
2
307 41 
2
53 0 8 0
614 20 12 0
2
308 42 
2
59 0 6 0
2656 16 16 0
2
40 42 
2
615 10 16 0
2657 16 16 0
2
309 42 
2
59 0 4 0
2658 16 16 0
2
20 42 
2
153 14 16 0
2659 16 16 0
2
310 42 
2
59 0 2 0
2660 16 16 0
2
40 42 
2
616 10 16 0
2661 16 16 0
2
311 42 
2
59 0 0 0
2662 16 16 0
2
308 43 
2
53 0 6 0
2360 18 14 0
2
41 43 
2
615 20 12 0
2361 18 14 0
2
309 43 
2
53 0 4 0
2362 18 14 0
2
21 43 
2
153 20 14 0
2363 18 14 0
2
246 43 
2
56 34 30 0
2364 18 14 0
2
41 43 
2
616 20 12 0
2365 18 14 0
2
247 43 
2
56 34 28 0
2366 18 14 0
2
42 117 
2
2663 16 16 0
24 12 8 0
2
43 53 
2
2367 18 14 0
26 18 8 0
2
42 118 
2
2664 16 16 0
20 12 12 0
2
43 54 
2
2368 18 14 0
22 24 6 0
2
42 119 
2
2665 16 16 0
16 22 18 0
2
43 55 
2
2369 18 14 0
18 24 2 0
2
40 42 
2
617 10 16 0
2666 16 16 0
2
41 43 
2
617 20 12 0
2370 18 14 0
2
42 117 
2
2667 16 16 0
25 12 8 0
2
43 53 
2
2371 18 14 0
27 18 8 0
2
42 118 
2
2668 16 16 0
21 12 12 0
2
43 54 
2
2372 18 14 0
23 24 6 0
2
42 119 
2
2669 16 16 0
17 22 18 0
2
43 55 
2
2373 18 14 0
19 24 2 0
2
20 40 
2
154 14 16 0
618 10 16 0
2
21 41 
2
154 20 14 0
618 20 12 0
2
38 40 
2
313 4 16 0
619 10 16 0
2
39 41 
2
313 22 8 0
619 20 12 0
2
248 42 
2
62 34 26 0
2670 16 16 0
2
40 42 
2
620 10 16 0
2671 16 16 0
2
249 42 
2
62 34 24 0
2672 16 16 0
2
20 42 
2
155 14 16 0
2673 16 16 0
2
250 42 
2
62 34 22 0
2674 16 16 0
2
40 42 
2
621 10 16 0
2675 16 16 0
2
251 42 
2
62 34 20 0
2676 16 16 0
2
252 43 
2
56 34 18 0
2374 18 14 0
2
41 43 
2
620 20 12 0
2375 18 14 0
2
253 43 
2
56 34 16 0
2376 18 14 0
2
21 43 
2
155 20 14 0
2377 18 14 0
2
254 43 
2
56 34 14 0
2378 18 14 0
2
41 43 
2
621 20 12 0
2379 18 14 0
2
255 43 
2
56 34 12 0
2380 18 14 0
2
42 118 
2
2677 16 16 0
22 12 12 0
2
43 52 
2
2381 18 14 0
30 18 4 0
2
42 119 
2
2678 16 16 0
18 22 18 0
2
43 53 
2
2382 18 14 0
28 18 8 0
2
42 120 
2
2679 16 16 0
16 28 20 0
2
43 54 
2
2383 18 14 0
24 24 6 0
2
43 55 
2
2384 18 14 0
20 24 2 0
2
43 56 
2
2385 18 14 0
22 32 18 0
2
43 57 
2
2386 18 14 0
26 22 28 0
2
43 58 
2
2387 18 14 0
28 10 10 0
2
43 59 
2
2388 18 14 0
28 28 16 0
2
43 60 
2
2389 18 14 0
24 16 8 0
2
43 61 
2
2390 18 14 0
22 18 30 0
2
43 62 
2
2391 18 14 0
20 20 24 0
2
43 63 
2
2392 18 14 0
20 16 12 0
2
43 64 
2
2393 18 14 0
20 16 6 0
2
43 65 
2
2394 18 14 0
20 10 6 0
2
43 66 
2
2395 18 14 0
20 18 22 0
2
43 67 
2
2396 18 14 0
20 18 28 0
2
43 68 
2
2397 18 14 0
24 18 12 0
2
43 86 
2
2398 18 14 0
26 6 10 0
2
43 87 
2
2399 18 14 0
28 22 14 0
2
43 89 
2
2400 18 14 0
28 24 14 0
2
43 90 
2
2401 18 14 0
24 20 10 0
2
40 42 
2
622 10 16 0
2680 16 16 0
2
41 43 
2
622 20 12 0
2402 18 14 0
2
42 118 
2
2681 16 16 0
23 12 12 0
2
43 52 
2
2403 18 14 0
31 18 4 0
2
42 119 
2
2682 16 16 0
19 22 18 0
2
43 53 
2
2404 18 14 0
29 18 8 0
2
42 120 
2
2683 16 16 0
17 28 20 0
2
43 54 
2
2405 18 14 0
25 24 6 0
2
43 55 
2
2406 18 14 0
21 24 2 0
2
43 56 
2
2407 18 14 0
23 32 18 0
2
43 57 
2
2408 18 14 0
27 22 28 0
2
43 58 
2
2409 18 14 0
29 10 10 0
2
43 59 
2
2410 18 14 0
29 28 16 0
2
43 60 
2
2411 18 14 0
25 16 8 0
2
43 61 
2
2412 18 14 0
23 18 30 0
2
43 62 
2
2413 18 14 0
21 20 24 0
2
43 63 
2
2414 18 14 0
21 16 12 0
2
43 64 
2
2415 18 14 0
21 16 6 0
2
43 65 
2
2416 18 14 0
21 10 6 0
2
43 66 
2
2417 18 14 0
21 18 22 0
2
43 67 
2
2418 18 14 0
21 18 28 0
2
43 68 
2
2419 18 14 0
25 18 12 0
2
43 86 
2
2420 18 14 0
27 6 10 0
2
43 87 
2
2421 18 14 0
29 22 14 0
2
43 89 
2
2422 18 14 0
29 24 14 0
2
43 90 
2
2423 18 14 0
25 20 10 0
2
20 40 
2
156 14 16 0
623 10 16 0
2
21 41 
2
156 20 14 0
623 20 12 0
2
18 38 
2
78 4 18 0
314 4 16 0
2
19 39 
2
78 20 8 0
314 22 8 0
2
36 38 
2
158 4 22 0
315 4 16 0
2
37 39 
2
158 24 4 0
315 22 8 0
2
252 40 
2
62 34 18 0
624 10 16 0
2
38 40 
2
316 4 16 0
625 10 16 0
2
253 40 
2
62 34 16 0
626 10 16 0
2
18 40 
2
79 4 18 0
627 10 16 0
2
254 40 
2
62 34 14 0
628 10 16 0
2
38 40 
2
317 4 16 0
629 10 16 0
2
255 40 
2
62 34 12 0
630 10 16 0
2
260 41 
2
56 34 2 0
624 20 12 0
2
39 41 
2
316 22 8 0
625 20 12 0
2
261 41 
2
56 34 0 0
626 20 12 0
2
19 41 
2
79 20 8 0
627 20 12 0
2
262 41 
2
56 32 34 0
628 20 12 0
2
39 41 
2
317 22 8 0
629 20 12 0
2
263 41 
2
56 32 0 0
630 20 12 0
2
256 42 
2
62 34 10 0
2684 16 16 0
2
40 42 
2
631 10 16 0
2685 16 16 0
2
257 42 
2
62 34 8 0
2686 16 16 0
2
20 42 
2
157 14 16 0
2687 16 16 0
2
258 42 
2
62 34 6 0
2688 16 16 0
2
40 42 
2
632 10 16 0
2689 16 16 0
2
259 42 
2
62 34 4 0
2690 16 16 0
2
268 43 
2
56 26 34 0
2424 18 14 0
2
41 43 
2
631 20 12 0
2425 18 14 0
2
269 43 
2
56 26 0 0
2426 18 14 0
2
21 43 
2
157 20 14 0
2427 18 14 0
2
270 43 
2
56 24 34 0
2428 18 14 0
2
41 43 
2
632 20 12 0
2429 18 14 0
2
271 43 
2
56 24 0 0
2430 18 14 0
2
42 117 
2
2691 16 16 0
26 12 8 0
2
43 53 
2
2431 18 14 0
30 18 8 0
2
42 118 
2
2692 16 16 0
24 12 12 0
2
43 54 
2
2432 18 14 0
26 24 6 0
2
42 119 
2
2693 16 16 0
20 22 18 0
2
43 55 
2
2433 18 14 0
22 24 2 0
2
42 120 
2
2694 16 16 0
18 28 20 0
2
43 56 
2
2434 18 14 0
24 32 18 0
2
42 121 
2
2695 16 16 0
16 8 14 0
2
43 57 
2
2435 18 14 0
28 22 28 0
2
42 122 
2
2696 16 16 0
16 12 6 0
2
43 58 
2
2436 18 14 0
30 10 10 0
2
42 123 
2
2697 16 16 0
16 22 20 0
2
43 59 
2
2437 18 14 0
30 28 16 0
2
42 124 
2
2698 16 16 0
16 20 26 0
2
43 60 
2
2438 18 14 0
26 16 8 0
2
42 125 
2
2699 16 16 0
16 12 16 0
2
43 61 
2
2439 18 14 0
24 18 30 0
2
42 126 
2
2700 16 16 0
16 16 10 0
2
43 62 
2
2440 18 14 0
22 20 24 0
2
42 128 
2
2701 16 16 0
20 16 14 0
2
43 63 
2
2441 18 14 0
22 16 12 0
2
42 129 
2
2702 16 16 0
22 28 12 0
2
43 64 
2
2442 18 14 0
22 16 6 0
2
42 130 
2
2703 16 16 0
24 22 6 0
2
43 65 
2
2443 18 14 0
22 10 6 0
2
42 131 
2
2704 16 16 0
24 28 14 0
2
43 66 
2
2444 18 14 0
22 18 22 0
2
42 149 
2
2705 16 16 0
20 20 6 0
2
43 67 
2
2445 18 14 0
22 18 28 0
2
42 150 
2
2706 16 16 0
18 24 8 0
2
43 68 
2
2446 18 14 0
26 18 12 0
2
42 151 
2
2707 16 16 0
16 22 2 0
2
43 86 
2
2447 18 14 0
28 6 10 0
2
42 152 
2
2708 16 16 0
14 22 30 0
2
43 87 
2
2448 18 14 0
30 22 14 0
2
42 153 
2
2709 16 16 0
12 24 26 0
2
43 89 
2
2449 18 14 0
30 24 14 0
2
42 154 
2
2710 16 16 0
10 28 18 0
2
43 90 
2
2450 18 14 0
26 20 10 0
2
42 155 
2
2711 16 16 0
8 22 22 0
2
43 91 
2
2451 18 14 0
22 28 8 0
2
40 42 
2
633 10 16 0
2712 16 16 0
2
41 43 
2
633 20 12 0
2452 18 14 0
2
42 117 
2
2713 16 16 0
27 12 8 0
2
43 53 
2
2453 18 14 0
31 18 8 0
2
42 118 
2
2714 16 16 0
25 12 12 0
2
43 54 
2
2454 18 14 0
27 24 6 0
2
42 119 
2
2715 16 16 0
21 22 18 0
2
43 55 
2
2455 18 14 0
23 24 2 0
2
42 120 
2
2716 16 16 0
19 28 20 0
2
43 56 
2
2456 18 14 0
25 32 18 0
2
42 121 
2
2717 16 16 0
17 8 14 0
2
43 57 
2
2457 18 14 0
29 22 28 0
2
42 122 
2
2718 16 16 0
17 12 6 0
2
43 58 
2
2458 18 14 0
31 10 10 0
2
42 123 
2
2719 16 16 0
17 22 20 0
2
43 59 
2
2459 18 14 0
31 28 16 0
2
42 124 
2
2720 16 16 0
17 20 26 0
2
43 60 
2
2460 18 14 0
27 16 8 0
2
42 125 
2
2721 16 16 0
17 12 16 0
2
43 61 
2
2461 18 14 0
25 18 30 0
2
42 126 
2
2722 16 16 0
17 16 10 0
2
43 62 
2
2462 18 14 0
23 20 24 0
2
42 128 
2
2723 16 16 0
21 16 14 0
2
43 63 
2
2463 18 14 0
23 16 12 0
2
42 129 
2
2724 16 16 0
23 28 12 0
2
43 64 
2
2464 18 14 0
23 16 6 0
2
42 130 
2
2725 16 16 0
25 22 6 0
2
43 65 
2
2465 18 14 0
23 10 6 0
2
42 131 
2
2726 16 16 0
25 28 14 0
2
43 66 
2
2466 18 14 0
23 18 22 0
2
42 149 
2
2727 16 16 0
21 20 6 0
2
43 67 
2
2467 18 14 0
23 18 28 0
2
42 150 
2
2728 16 16 0
19 24 8 0
2
43 68 
2
2468 18 14 0
27 18 12 0
2
42 151 
2
2729 16 16 0
17 22 2 0
2
43 86 
2
2469 18 14 0
29 6 10 0
2
42 152 
2
2730 16 16 0
15 22 30 0
2
43 87 
2
2470 18 14 0
31 22 14 0
2
42 153 
2
2731 16 16 0
13 24 26 0
2
43 89 
2
2471 18 14 0
31 24 14 0
2
42 154 
2
2732 16 16 0
11 28 18 0
2
43 90 
2
2472 18 14 0
27 20 10 0
2
42 155 
2
2733 16 16 0
9 22 22 0
2
43 91 
2
2473 18 14 0
23 28 8 0
2
20 40 
2
158 14 16 0
634 10 16 0
2
21 41 
2
158 20 14 0
634 20 12 0
2
38 40 
2
318 4 16 0
635 10 16 0
2
39 41 
2
318 22 8 0
635 20 12 0
2
264 42 
2
62 30 34 0
2734 16 16 0
2
40 42 
2
636 10 16 0
2735 16 16 0
2
265 42 
2
62 30 0 0
2736 16 16 0
2
20 42 
2
159 14 16 0
2737 16 16 0
2
266 42 
2
62 28 34 0
2738 16 16 0
2
40 42 
2
637 10 16 0
2739 16 16 0
2
267 42 
2
62 28 0 0
2740 16 16 0
2
296 43 
2
56 0 30 0
2474 18 14 0
2
41 43 
2
636 20 12 0
2475 18 14 0
2
297 43 
2
56 0 28 0
2476 18 14 0
2
21 43 
2
159 20 14 0
2477 18 14 0
2
298 43 
2
56 0 26 0
2478 18 14 0
2
41 43 
2
637 20 12 0
2479 18 14 0
2
299 43 
2
56 0 24 0
2480 18 14 0
2
42 118 
2
2741 16 16 0
26 12 12 0
2
43 90 
2
2481 18 14 0
28 20 10 0
2
42 119 
2
2742 16 16 0
22 22 18 0
2
43 91 
2
2482 18 14 0
24 28 8 0
2
42 120 
2
2743 16 16 0
20 28 20 0
2
43 92 
2
2483 18 14 0
20 32 12 0
2
42 121 
2
2744 16 16 0
18 8 14 0
2
42 122 
2
2745 16 16 0
18 12 6 0
2
42 123 
2
2746 16 16 0
18 22 20 0
2
42 124 
2
2747 16 16 0
18 20 26 0
2
42 125 
2
2748 16 16 0
18 12 16 0
2
42 126 
2
2749 16 16 0
18 16 10 0
2
42 128 
2
2750 16 16 0
22 16 14 0
2
42 129 
2
2751 16 16 0
24 28 12 0
2
42 130 
2
2752 16 16 0
26 22 6 0
2
42 131 
2
2753 16 16 0
26 28 14 0
2
42 149 
2
2754 16 16 0
22 20 6 0
2
42 150 
2
2755 16 16 0
20 24 8 0
2
42 151 
2
2756 16 16 0
18 22 2 0
2
42 152 
2
2757 16 16 0
16 22 30 0
2
42 153 
2
2758 16 16 0
14 24 26 0
2
42 154 
2
2759 16 16 0
12 28 18 0
2
42 155 
2
2760 16 16 0
10 22 22 0
2
42 156 
2
2761 16 16 0
8 26 18 0
2
40 42 
2
638 10 16 0
2762 16 16 0
2
41 43 
2
638 20 12 0
2484 18 14 0
2
42 118 
2
2763 16 16 0
27 12 12 0
2
43 90 
2
2485 18 14 0
29 20 10 0
2
42 119 
2
2764 16 16 0
23 22 18 0
2
43 91 
2
2486 18 14 0
25 28 8 0
2
42 120 
2
2765 16 16 0
21 28 20 0
2
43 92 
2
2487 18 14 0
21 32 12 0
2
42 121 
2
2766 16 16 0
19 8 14 0
2
42 122 
2
2767 16 16 0
19 12 6 0
2
42 123 
2
2768 16 16 0
19 22 20 0
2
42 124 
2
2769 16 16 0
19 20 26 0
2
42 125 
2
2770 16 16 0
19 12 16 0
2
42 126 
2
2771 16 16 0
19 16 10 0
2
42 128 
2
2772 16 16 0
23 16 14 0
2
42 129 
2
2773 16 16 0
25 28 12 0
2
42 130 
2
2774 16 16 0
27 22 6 0
2
42 131 
2
2775 16 16 0
27 28 14 0
2
42 149 
2
2776 16 16 0
23 20 6 0
2
42 150 
2
2777 16 16 0
21 24 8 0
2
42 151 
2
2778 16 16 0
19 22 2 0
2
42 152 
2
2779 16 16 0
17 22 30 0
2
42 153 
2
2780 16 16 0
15 24 26 0
2
42 154 
2
2781 16 16 0
13 28 18 0
2
42 155 
2
2782 16 16 0
11 22 22 0
2
42 156 
2
2783 16 16 0
9 26 18 0
2
20 40 
2
160 14 16 0
639 10 16 0
2
21 41 
2
160 20 14 0
639 20 12 0
2
18 38 
2
80 4 18 0
319 4 16 0
2
19 39 
2
80 20 8 0
319 22 8 0
2
16 36 
2
40 4 24 0
159 4 22 0
2
17 37 
2
40 26 4 0
159 24 4 0
2
14 34 
2
20 4 26 0
79 2 24 0
2
15 35 
2
20 26 2 0
79 28 2 0
2
12 32 
2
10 2 26 0
42 2 28 0
2
13 33 
2
10 30 2 0
42 32 2 0
2
30 32 
2
25 4 28 0
43 2 28 0
2
31 33 
2
25 32 6 0
43 32 2 0
2
306 34 
2
56 0 10 0
80 2 24 0
2
32 34 
2
44 2 28 0
81 2 24 0
2
307 34 
2
56 0 8 0
82 2 24 0
2
12 34 
2
11 2 26 0
83 2 24 0
2
308 34 
2
56 0 6 0
84 2 24 0
2
32 34 
2
45 2 28 0
85 2 24 0
2
309 34 
2
56 0 4 0
86 2 24 0
2
252 35 
2
53 34 18 0
80 28 2 0
2
33 35 
2
44 32 2 0
81 28 2 0
2
253 35 
2
53 34 16 0
82 28 2 0
2
13 35 
2
11 30 2 0
83 28 2 0
2
254 35 
2
53 34 14 0
84 28 2 0
2
33 35 
2
45 32 2 0
85 28 2 0
2
255 35 
2
53 34 12 0
86 28 2 0
2
244 36 
2
62 34 34 0
160 4 22 0
2
34 36 
2
87 2 24 0
161 4 22 0
2
245 36 
2
62 34 32 0
162 4 22 0
2
14 36 
2
21 4 26 0
163 4 22 0
2
246 36 
2
62 34 30 0
164 4 22 0
2
34 36 
2
88 2 24 0
165 4 22 0
2
247 36 
2
62 34 28 0
166 4 22 0
2
248 37 
2
56 34 26 0
160 24 4 0
2
35 37 
2
87 28 2 0
161 24 4 0
2
249 37 
2
56 34 24 0
162 24 4 0
2
15 37 
2
21 26 2 0
163 24 4 0
2
250 37 
2
56 34 22 0
164 24 4 0
2
35 37 
2
88 28 2 0
165 24 4 0
2
251 37 
2
56 34 20 0
166 24 4 0
2
260 38 
2
62 34 2 0
320 4 16 0
2
36 38 
2
167 4 22 0
321 4 16 0
2
261 38 
2
62 34 0 0
322 4 16 0
2
16 38 
2
41 4 24 0
323 4 16 0
2
262 38 
2
62 32 34 0
324 4 16 0
2
36 38 
2
168 4 22 0
325 4 16 0
2
263 38 
2
62 32 0 0
326 4 16 0
2
282 39 
2
56 12 34 0
320 22 8 0
2
37 39 
2
167 24 4 0
321 22 8 0
2
283 39 
2
56 12 0 0
322 22 8 0
2
17 39 
2
41 26 4 0
323 22 8 0
2
284 39 
2
56 10 34 0
324 22 8 0
2
37 39 
2
168 24 4 0
325 22 8 0
2
285 39 
2
56 10 0 0
326 22 8 0
2
268 40 
2
62 26 34 0
640 10 16 0
2
38 40 
2
327 4 16 0
641 10 16 0
2
269 40 
2
62 26 0 0
642 10 16 0
2
18 40 
2
81 4 18 0
643 10 16 0
2
270 40 
2
62 24 34 0
644 10 16 0
2
38 40 
2
328 4 16 0
645 10 16 0
2
271 40 
2
62 24 0 0
646 10 16 0
2
300 41 
2
56 0 22 0
640 20 12 0
2
39 41 
2
327 22 8 0
641 20 12 0
2
301 41 
2
56 0 20 0
642 20 12 0
2
19 41 
2
81 20 8 0
643 20 12 0
2
302 41 
2
56 0 18 0
644 20 12 0
2
39 41 
2
328 22 8 0
645 20 12 0
2
303 41 
2
56 0 16 0
646 20 12 0
2
304 42 
2
62 0 14 0
2784 16 16 0
2
40 42 
2
647 10 16 0
2785 16 16 0
2
305 42 
2
62 0 12 0
2786 16 16 0
2
20 42 
2
161 14 16 0
2787 16 16 0
2
306 42 
2
62 0 10 0
2788 16 16 0
2
40 42 
2
648 10 16 0
2789 16 16 0
2
307 42 
2
62 0 8 0
2790 16 16 0
2
304 43 
2
56 0 14 0
2488 18 14 0
2
41 43 
2
647 20 12 0
2489 18 14 0
2
305 43 
2
56 0 12 0
2490 18 14 0
2
21 43 
2
161 20 14 0
2491 18 14 0
2
310 43 
2
56 0 2 0
2492 18 14 0
2
41 43 
2
648 20 12 0
2493 18 14 0
2
311 43 
2
56 0 0 0
2494 18 14 0
2
42 153 
2
2791 16 16 0
16 24 26 0
2
43 91 
2
2495 18 14 0
26 28 8 0
2
42 154 
2
2792 16 16 0
14 28 18 0
2
43 92 
2
2496 18 14 0
22 32 12 0
2
42 155 
2
2793 16 16 0
12 22 22 0
2
43 93 
2
2497 18 14 0
18 20 2 0
2
40 42 
2
649 10 16 0
2794 16 16 0
2
41 43 
2
649 20 12 0
2498 18 14 0
2
42 153 
2
2795 16 16 0
17 24 26 0
2
43 91 
2
2499 18 14 0
27 28 8 0
2
42 154 
2
2796 16 16 0
15 28 18 0
2
43 92 
2
2500 18 14 0
23 32 12 0
2
42 155 
2
2797 16 16 0
13 22 22 0
2
43 93 
2
2501 18 14 0
19 20 2 0
2
20 40 
2
162 14 16 0
650 10 16 0
2
21 41 
2
162 20 14 0
650 20 12 0
2
38 40 
2
329 4 16 0
651 10 16 0
2
39 41 
2
329 22 8 0
651 20 12 0
2
244 42 
2
65 34 34 0
2798 16 16 0
2
40 42 
2
652 10 16 0
2799 16 16 0
2
245 42 
2
65 34 32 0
2800 16 16 0
2
20 42 
2
163 14 16 0
2801 16 16 0
2
246 42 
2
65 34 30 0
2802 16 16 0
2
40 42 
2
653 10 16 0
2803 16 16 0
2
247 42 
2
65 34 28 0
2804 16 16 0
2
248 43 
2
59 34 26 0
2502 18 14 0
2
41 43 
2
652 20 12 0
2503 18 14 0
2
249 43 
2
59 34 24 0
2504 18 14 0
2
21 43 
2
163 20 14 0
2505 18 14 0
2
250 43 
2
59 34 22 0
2506 18 14 0
2
41 43 
2
653 20 12 0
2507 18 14 0
2
251 43 
2
59 34 20 0
2508 18 14 0
2
42 154 
2
2805 16 16 0
16 28 18 0
2
43 90 
2
2509 18 14 0
30 20 10 0
2
42 155 
2
2806 16 16 0
14 22 22 0
2
43 91 
2
2510 18 14 0
28 28 8 0
2
42 156 
2
2807 16 16 0
10 26 18 0
2
43 92 
2
2511 18 14 0
24 32 12 0
2
43 93 
2
2512 18 14 0
20 20 2 0
2
43 94 
2
2513 18 14 0
22 8 6 0
2
43 95 
2
2514 18 14 0
26 6 12 0
2
43 96 
2
2515 18 14 0
28 16 4 0
2
43 97 
2
2516 18 14 0
28 12 14 0
2
43 98 
2
2517 18 14 0
24 22 16 0
2
43 99 
2
2518 18 14 0
22 18 24 0
2
43 100 
2
2519 18 14 0
20 12 10 0
2
43 101 
2
2520 18 14 0
20 18 18 0
2
43 102 
2
2521 18 14 0
20 14 8 0
2
43 103 
2
2522 18 14 0
20 14 6 0
2
43 104 
2
2523 18 14 0
20 22 26 0
2
43 105 
2
2524 18 14 0
20 20 16 0
2
43 106 
2
2525 18 14 0
24 24 20 0
2
43 107 
2
2526 18 14 0
26 30 16 0
2
43 108 
2
2527 18 14 0
28 28 10 0
2
43 109 
2
2528 18 14 0
28 26 10 0
2
43 111 
2
2529 18 14 0
24 18 6 0
2
40 42 
2
654 10 16 0
2808 16 16 0
2
41 43 
2
654 20 12 0
2530 18 14 0
2
42 154 
2
2809 16 16 0
17 28 18 0
2
43 90 
2
2531 18 14 0
31 20 10 0
2
42 155 
2
2810 16 16 0
15 22 22 0
2
43 91 
2
2532 18 14 0
29 28 8 0
2
42 156 
2
2811 16 16 0
11 26 18 0
2
43 92 
2
2533 18 14 0
25 32 12 0
2
43 93 
2
2534 18 14 0
21 20 2 0
2
43 94 
2
2535 18 14 0
23 8 6 0
2
43 95 
2
2536 18 14 0
27 6 12 0
2
43 96 
2
2537 18 14 0
29 16 4 0
2
43 97 
2
2538 18 14 0
29 12 14 0
2
43 98 
2
2539 18 14 0
25 22 16 0
2
43 99 
2
2540 18 14 0
23 18 24 0
2
43 100 
2
2541 18 14 0
21 12 10 0
2
43 101 
2
2542 18 14 0
21 18 18 0
2
43 102 
2
2543 18 14 0
21 14 8 0
2
43 103 
2
2544 18 14 0
21 14 6 0
2
43 104 
2
2545 18 14 0
21 22 26 0
2
43 105 
2
2546 18 14 0
21 20 16 0
2
43 106 
2
2547 18 14 0
25 24 20 0
2
43 107 
2
2548 18 14 0
27 30 16 0
2
43 108 
2
2549 18 14 0
29 28 10 0
2
43 109 
2
2550 18 14 0
29 26 10 0
2
43 111 
2
2551 18 14 0
25 18 6 0
2
20 40 
2
164 14 16 0
655 10 16 0
2
21 41 
2
164 20 14 0
655 20 12 0
2
18 38 
2
82 4 18 0
330 4 16 0
2
19 39 
2
82 20 8 0
330 22 8 0
2
36 38 
2
169 4 22 0
331 4 16 0
2
37 39 
2
169 24 4 0
331 22 8 0
2
248 40 
2
65 34 26 0
656 10 16 0
2
38 40 
2
332 4 16 0
657 10 16 0
2
249 40 
2
65 34 24 0
658 10 16 0
2
18 40 
2
83 4 18 0
659 10 16 0
2
250 40 
2
65 34 22 0
660 10 16 0
2
38 40 
2
333 4 16 0
661 10 16 0
2
251 40 
2
65 34 20 0
662 10 16 0
2
256 41 
2
59 34 10 0
656 20 12 0
2
39 41 
2
332 22 8 0
657 20 12 0
2
257 41 
2
59 34 8 0
658 20 12 0
2
19 41 
2
83 20 8 0
659 20 12 0
2
258 41 
2
59 34 6 0
660 20 12 0
2
39 41 
2
333 22 8 0
661 20 12 0
2
259 41 
2
59 34 4 0
662 20 12 0
2
252 42 
2
65 34 18 0
2812 16 16 0
2
40 42 
2
663 10 16 0
2813 16 16 0
2
253 42 
2
65 34 16 0
2814 16 16 0
2
20 42 
2
165 14 16 0
2815 16 16 0
2
254 42 
2
65 34 14 0
2816 16 16 0
2
40 42 
2
664 10 16 0
2817 16 16 0
2
255 42 
2
65 34 12 0
2818 16 16 0
2
264 43 
2
59 30 34 0
2552 18 14 0
2
41 43 
2
663 20 12 0
2553 18 14 0
2
265 43 
2
59 30 0 0
2554 18 14 0
2
21 43 
2
165 20 14 0
2555 18 14 0
2
266 43 
2
59 28 34 0
2556 18 14 0
2
41 43 
2
664 20 12 0
2557 18 14 0
2
267 43 
2
59 28 0 0
2558 18 14 0
2
42 153 
2
2819 16 16 0
18 24 26 0
2
43 91 
2
2559 18 14 0
30 28 8 0
2
42 154 
2
2820 16 16 0
18 28 18 0
2
43 92 
2
2560 18 14 0
26 32 12 0
2
42 155 
2
2821 16 16 0
16 22 22 0
2
43 93 
2
2561 18 14 0
22 20 2 0
2
42 156 
2
2822 16 16 0
12 26 18 0
2
43 94 
2
2562 18 14 0
24 8 6 0
2
42 157 
2
2823 16 16 0
8 24 16 0
2
43 95 
2
2563 18 14 0
28 6 12 0
2
42 158 
2
2824 16 16 0
8 4 14 0
2
43 96 
2
2564 18 14 0
30 16 4 0
2
42 159 
2
2825 16 16 0
8 14 4 0
2
43 97 
2
2565 18 14 0
30 12 14 0
2
42 160 
2
2826 16 16 0
8 10 14 0
2
43 98 
2
2566 18 14 0
26 22 16 0
2
42 161 
2
2827 16 16 0
8 14 2 0
2
43 99 
2
2567 18 14 0
24 18 24 0
2
42 162 
2
2828 16 16 0
8 30 18 0
2
43 100 
2
2568 18 14 0
22 12 10 0
2
42 163 
2
2829 16 16 0
8 24 22 0
2
43 101 
2
2569 18 14 0
22 18 18 0
2
42 164 
2
2830 16 16 0
8 26 20 0
2
43 102 
2
2570 18 14 0
22 14 8 0
2
42 166 
2
2831 16 16 0
12 20 22 0
2
43 103 
2
2571 18 14 0
22 14 6 0
2
42 167 
2
2832 16 16 0
14 22 12 0
2
43 104 
2
2572 18 14 0
22 22 26 0
2
42 168 
2
2833 16 16 0
16 24 10 0
2
43 105 
2
2573 18 14 0
22 20 16 0
2
42 169 
2
2834 16 16 0
16 18 2 0
2
43 106 
2
2574 18 14 0
26 24 20 0
2
42 170 
2
2835 16 16 0
12 26 14 0
2
43 107 
2
2575 18 14 0
28 30 16 0
2
42 171 
2
2836 16 16 0
10 20 4 0
2
43 108 
2
2576 18 14 0
30 28 10 0
2
42 172 
2
2837 16 16 0
8 26 8 0
2
43 109 
2
2577 18 14 0
30 26 10 0
2
42 173 
2
2838 16 16 0
8 26 6 0
2
43 111 
2
2578 18 14 0
26 18 6 0
2
42 174 
2
2839 16 16 0
8 20 32 0
2
43 112 
2
2579 18 14 0
22 30 14 0
2
40 42 
2
665 10 16 0
2840 16 16 0
2
41 43 
2
665 20 12 0
2580 18 14 0
2
42 153 
2
2841 16 16 0
19 24 26 0
2
43 91 
2
2581 18 14 0
31 28 8 0
2
42 154 
2
2842 16 16 0
19 28 18 0
2
43 92 
2
2582 18 14 0
27 32 12 0
2
42 155 
2
2843 16 16 0
17 22 22 0
2
43 93 
2
2583 18 14 0
23 20 2 0
2
42 156 
2
2844 16 16 0
13 26 18 0
2
43 94 
2
2584 18 14 0
25 8 6 0
2
42 157 
2
2845 16 16 0
9 24 16 0
2
43 95 
2
2585 18 14 0
29 6 12 0
2
42 158 
2
2846 16 16 0
9 4 14 0
2
43 96 
2
2586 18 14 0
31 16 4 0
2
42 159 
2
2847 16 16 0
9 14 4 0
2
43 97 
2
2587 18 14 0
31 12 14 0
2
42 160 
2
2848 16 16 0
9 10 14 0
2
43 98 
2
2588 18 14 0
27 22 16 0
2
42 161 
2
2849 16 16 0
9 14 2 0
2
43 99 
2
2589 18 14 0
25 18 24 0
2
42 162 
2
2850 16 16 0
9 30 18 0
2
43 100 
2
2590 18 14 0
23 12 10 0
2
42 163 
2
2851 16 16 0
9 24 22 0
2
43 101 
2
2591 18 14 0
23 18 18 0
2
42 164 
2
2852 16 16 0
9 26 20 0
2
43 102 
2
2592 18 14 0
23 14 8 0
2
42 166 
2
2853 16 16 0
13 20 22 0
2
43 103 
2
2593 18 14 0
23 14 6 0
2
42 167 
2
2854 16 16 0
15 22 12 0
2
43 104 
2
2594 18 14 0
23 22 26 0
2
42 168 
2
2855 16 16 0
17 24 10 0
2
43 105 
2
2595 18 14 0
23 20 16 0
2
42 169 
2
2856 16 16 0
17 18 2 0
2
43 106 
2
2596 18 14 0
27 24 20 0
2
42 170 
2
2857 16 16 0
13 26 14 0
2
43 107 
2
2597 18 14 0
29 30 16 0
2
42 171 
2
2858 16 16 0
11 20 4 0
2
43 108 
2
2598 18 14 0
31 28 10 0
2
42 172 
2
2859 16 16 0
9 26 8 0
2
43 109 
2
2599 18 14 0
31 26 10 0
2
42 173 
2
2860 16 16 0
9 26 6 0
2
43 111 
2
2600 18 14 0
27 18 6 0
2
42 174 
2
2861 16 16 0
9 20 32 0
2
43 112 
2
2601 18 14 0
23 30 14 0
2
20 40 
2
166 14 16 0
666 10 16 0
2
21 41 
2
166 20 14 0
666 20 12 0
2
38 40 
2
334 4 16 0
667 10 16 0
2
39 41 
2
334 22 8 0
667 20 12 0
2
260 42 
2
65 34 2 0
2862 16 16 0
2
40 42 
2
668 10 16 0
2863 16 16 0
2
261 42 
2
65 34 0 0
2864 16 16 0
2
20 42 
2
167 14 16 0
2865 16 16 0
2
262 42 
2
65 32 34 0
2866 16 16 0
2
40 42 
2
669 10 16 0
2867 16 16 0
2
263 42 
2
65 32 0 0
2868 16 16 0
2
280 43 
2
59 14 34 0
2602 18 14 0
2
41 43 
2
668 20 12 0
2603 18 14 0
2
281 43 
2
59 14 0 0
2604 18 14 0
2
21 43 
2
167 20 14 0
2605 18 14 0
2
282 43 
2
59 12 34 0
2606 18 14 0
2
41 43 
2
669 20 12 0
2607 18 14 0
2
283 43 
2
59 12 0 0
2608 18 14 0
2
42 154 
2
2869 16 16 0
20 28 18 0
2
43 111 
2
2609 18 14 0
28 18 6 0
2
42 155 
2
2870 16 16 0
18 22 22 0
2
43 112 
2
2610 18 14 0
24 30 14 0
2
42 156 
2
2871 16 16 0
14 26 18 0
2
43 113 
2
2611 18 14 0
20 22 4 0
2
42 157 
2
2872 16 16 0
10 24 16 0
2
42 158 
2
2873 16 16 0
10 4 14 0
2
42 159 
2
2874 16 16 0
10 14 4 0
2
42 160 
2
2875 16 16 0
10 10 14 0
2
42 161 
2
2876 16 16 0
10 14 2 0
2
42 162 
2
2877 16 16 0
10 30 18 0
2
42 163 
2
2878 16 16 0
10 24 22 0
2
42 164 
2
2879 16 16 0
10 26 20 0
2
42 166 
2
2880 16 16 0
14 20 22 0
2
42 167 
2
2881 16 16 0
16 22 12 0
2
42 168 
2
2882 16 16 0
18 24 10 0
2
42 169 
2
2883 16 16 0
18 18 2 0
2
42 170 
2
2884 16 16 0
14 26 14 0
2
42 171 
2
2885 16 16 0
12 20 4 0
2
42 172 
2
2886 16 16 0
10 26 8 0
2
42 173 
2
2887 16 16 0
10 26 6 0
2
42 174 
2
2888 16 16 0
10 20 32 0
2
42 175 
2
2889 16 16 0
8 6 8 0
2
40 42 
2
670 10 16 0
2890 16 16 0
2
41 43 
2
670 20 12 0
2612 18 14 0
2
42 154 
2
2891 16 16 0
21 28 18 0
2
43 111 
2
2613 18 14 0
29 18 6 0
2
42 155 
2
2892 16 16 0
19 22 22 0
2
43 112 
2
2614 18 14 0
25 30 14 0
2
42 156 
2
2893 16 16 0
15 26 18 0
2
43 113 
2
2615 18 14 0
21 22 4 0
2
42 157 
2
2894 16 16 0
11 24 16 0
2
42 158 
2
2895 16 16 0
11 4 14 0
2
42 159 
2
2896 16 16 0
11 14 4 0
2
42 160 
2
2897 16 16 0
11 10 14 0
2
42 161 
2
2898 16 16 0
11 14 2 0
2
42 162 
2
2899 16 16 0
11 30 18 0
2
42 163 
2
2900 16 16 0
11 24 22 0
2
42 164 
2
2901 16 16 0
11 26 20 0
2
42 166 
2
2902 16 16 0
15 20 22 0
2
42 167 
2
2903 16 16 0
17 22 12 0
2
42 168 
2
2904 16 16 0
19 24 10 0
2
42 169 
2
2905 16 16 0
19 18 2 0
2
42 170 
2
2906 16 16 0
15 26 14 0
2
42 171 
2
2907 16 16 0
13 20 4 0
2
42 172 
2
2908 16 16 0
11 26 8 0
2
42 173 
2
2909 16 16 0
11 26 6 0
2
42 174 
2
2910 16 16 0
11 20 32 0
2
42 175 
2
2911 16 16 0
9 6 8 0
2
20 40 
2
168 14 16 0
671 10 16 0
2
21 41 
2
168 20 14 0
671 20 12 0
2
18 38 
2
84 4 18 0
335 4 16 0
2
19 39 
2
84 20 8 0
335 22 8 0
2
16 36 
2
42 4 24 0
170 4 22 0
2
17 37 
2
42 26 4 0
170 24 4 0
2
34 36 
2
89 2 24 0
171 4 22 0
2
35 37 
2
89 28 2 0
171 24 4 0
2
256 38 
2
65 34 10 0
336 4 16 0
2
36 38 
2
172 4 22 0
337 4 16 0
2
257 38 
2
65 34 8 0
338 4 16 0
2
16 38 
2
43 4 24 0
339 4 16 0
2
258 38 
2
65 34 6 0
340 4 16 0
2
36 38 
2
173 4 22 0
341 4 16 0
2
259 38 
2
65 34 4 0
342 4 16 0
2
272 39 
2
59 22 34 0
336 22 8 0
2
37 39 
2
172 24 4 0
337 22 8 0
2
273 39 
2
59 22 0 0
338 22 8 0
2
17 39 
2
43 26 4 0
339 22 8 0
2
274 39 
2
59 20 34 0
340 22 8 0
2
37 39 
2
173 24 4 0
341 22 8 0
2
275 39 
2
59 20 0 0
342 22 8 0
2
264 40 
2
65 30 34 0
672 10 16 0
2
38 40 
2
343 4 16 0
673 10 16 0
2
265 40 
2
65 30 0 0
674 10 16 0
2
18 40 
2
85 4 18 0
675 10 16 0
2
266 40 
2
65 28 34 0
676 10 16 0
2
38 40 
2
344 4 16 0
677 10 16 0
2
267 40 
2
65 28 0 0
678 10 16 0
2
286 41 
2
59 8 34 0
672 20 12 0
2
39 41 
2
343 22 8 0
673 20 12 0
2
287 41 
2
59 8 0 0
674 20 12 0
2
19 41 
2
85 20 8 0
675 20 12 0
2
288 41 
2
59 6 34 0
676 20 12 0
2
39 41 
2
344 22 8 0
677 20 12 0
2
289 41 
2
59 6 0 0
678 20 12 0
2
268 42 
2
65 26 34 0
2912 16 16 0
2
40 42 
2
679 10 16 0
2913 16 16 0
2
269 42 
2
65 26 0 0
2914 16 16 0
2
20 42 
2
169 14 16 0
2915 16 16 0
2
270 42 
2
65 24 34 0
2916 16 16 0
2
40 42 
2
680 10 16 0
2917 16 16 0
2
271 42 
2
65 24 0 0
2918 16 16 0
2
292 43 
2
59 2 34 0
2616 18 14 0
2
41 43 
2
679 20 12 0
2617 18 14 0
2
293 43 
2
59 2 0 0
2618 18 14 0
2
21 43 
2
169 20 14 0
2619 18 14 0
2
294 43 
2
59 0 34 0
2620 18 14 0
2
41 43 
2
680 20 12 0
2621 18 14 0
2
295 43 
2
59 0 32 0
2622 18 14 0
2
42 153 
2
2919 16 16 0
20 24 26 0
2
43 112 
2
2623 18 14 0
26 30 14 0
2
42 154 
2
2920 16 16 0
22 28 18 0
2
43 113 
2
2624 18 14 0
22 22 4 0
2
42 155 
2
2921 16 16 0
20 22 22 0
2
43 114 
2
2625 18 14 0
18 30 10 0
2
42 156 
2
2922 16 16 0
16 26 18 0
2
42 157 
2
2923 16 16 0
12 24 16 0
2
42 158 
2
2924 16 16 0
12 4 14 0
2
42 159 
2
2925 16 16 0
12 14 4 0
2
42 160 
2
2926 16 16 0
12 10 14 0
2
42 161 
2
2927 16 16 0
12 14 2 0
2
42 162 
2
2928 16 16 0
12 30 18 0
2
42 163 
2
2929 16 16 0
12 24 22 0
2
42 164 
2
2930 16 16 0
12 26 20 0
2
42 166 
2
2931 16 16 0
16 20 22 0
2
42 167 
2
2932 16 16 0
18 22 12 0
2
42 168 
2
2933 16 16 0
20 24 10 0
2
42 169 
2
2934 16 16 0
20 18 2 0
2
42 170 
2
2935 16 16 0
16 26 14 0
2
42 171 
2
2936 16 16 0
14 20 4 0
2
42 172 
2
2937 16 16 0
12 26 8 0
2
40 42 
2
681 10 16 0
2938 16 16 0
2
41 43 
2
681 20 12 0
2626 18 14 0
2
42 153 
2
2939 16 16 0
21 24 26 0
2
43 112 
2
2627 18 14 0
27 30 14 0
2
42 154 
2
2940 16 16 0
23 28 18 0
2
43 113 
2
2628 18 14 0
23 22 4 0
2
42 155 
2
2941 16 16 0
21 22 22 0
2
43 114 
2
2629 18 14 0
19 30 10 0
2
42 156 
2
2942 16 16 0
17 26 18 0
2
42 157 
2
2943 16 16 0
13 24 16 0
2
42 158 
2
2944 16 16 0
13 4 14 0
2
42 159 
2
2945 16 16 0
13 14 4 0
2
42 160 
2
2946 16 16 0
13 10 14 0
2
42 161 
2
2947 16 16 0
13 14 2 0
2
42 162 
2
2948 16 16 0
13 30 18 0
2
42 163 
2
2949 16 16 0
13 24 22 0
2
42 164 
2
2950 16 16 0
13 26 20 0
2
42 166 
2
2951 16 16 0
17 20 22 0
2
42 167 
2
2952 16 16 0
19 22 12 0
2
42 168 
2
2953 16 16 0
21 24 10 0
2
42 169 
2
2954 16 16 0
21 18 2 0
2
42 170 
2
2955 16 16 0
17 26 14 0
2
42 171 
2
2956 16 16 0
15 20 4 0
2
42 172 
2
2957 16 16 0
13 26 8 0
2
20 40 
2
170 14 16 0
682 10 16 0
2
21 41 
2
170 20 14 0
682 20 12 0
2
38 40 
2
345 4 16 0
683 10 16 0
2
39 41 
2
345 22 8 0
683 20 12 0
2
276 42 
2
65 18 34 0
2958 16 16 0
2
40 42 
2
684 10 16 0
2959 16 16 0
2
277 42 
2
65 18 0 0
2960 16 16 0
2
20 42 
2
171 14 16 0
2961 16 16 0
2
278 42 
2
65 16 34 0
2962 16 16 0
2
40 42 
2
685 10 16 0
2963 16 16 0
2
279 42 
2
65 16 0 0
2964 16 16 0
2
300 43 
2
59 0 22 0
2630 18 14 0
2
41 43 
2
684 20 12 0
2631 18 14 0
2
301 43 
2
59 0 20 0
2632 18 14 0
2
21 43 
2
171 20 14 0
2633 18 14 0
2
302 43 
2
59 0 18 0
2634 18 14 0
2
41 43 
2
685 20 12 0
2635 18 14 0
2
307 43 
2
59 0 8 0
2636 18 14 0
2
42 154 
2
2965 16 16 0
24 28 18 0
2
43 111 
2
2637 18 14 0
30 18 6 0
2
42 155 
2
2966 16 16 0
22 22 22 0
2
43 112 
2
2638 18 14 0
28 30 14 0
2
42 156 
2
2967 16 16 0
18 26 18 0
2
43 113 
2
2639 18 14 0
24 22 4 0
2
42 157 
2
2968 16 16 0
14 24 16 0
2
43 114 
2
2640 18 14 0
20 30 10 0
2
42 158 
2
2969 16 16 0
14 4 14 0
2
43 115 
2
2641 18 14 0
22 2 10 0
2
42 159 
2
2970 16 16 0
14 14 4 0
2
43 116 
2
2642 18 14 0
26 8 8 0
2
42 160 
2
2971 16 16 0
14 10 14 0
2
43 117 
2
2643 18 14 0
28 12 8 0
2
42 161 
2
2972 16 16 0
14 14 2 0
2
43 118 
2
2644 18 14 0
28 12 12 0
2
42 162 
2
2973 16 16 0
14 30 18 0
2
43 119 
2
2645 18 14 0
24 22 18 0
2
42 163 
2
2974 16 16 0
14 24 22 0
2
43 120 
2
2646 18 14 0
22 28 20 0
2
42 164 
2
2975 16 16 0
14 26 20 0
2
43 121 
2
2647 18 14 0
20 8 14 0
2
42 166 
2
2976 16 16 0
18 20 22 0
2
43 122 
2
2648 18 14 0
20 12 6 0
2
42 167 
2
2977 16 16 0
20 22 12 0
2
43 123 
2
2649 18 14 0
20 22 20 0
2
42 168 
2
2978 16 16 0
22 24 10 0
2
43 124 
2
2650 18 14 0
20 20 26 0
2
42 169 
2
2979 16 16 0
22 18 2 0
2
43 125 
2
2651 18 14 0
20 12 16 0
2
42 170 
2
2980 16 16 0
18 26 14 0
2
43 126 
2
2652 18 14 0
20 16 10 0
2
42 171 
2
2981 16 16 0
16 20 4 0
2
43 128 
2
2653 18 14 0
24 16 14 0
2
42 172 
2
2982 16 16 0
14 26 8 0
2
43 129 
2
2654 18 14 0
26 28 12 0
2
42 173 
2
2983 16 16 0
12 26 6 0
2
43 130 
2
2655 18 14 0
28 22 6 0
2
43 131 
2
2656 18 14 0
28 28 14 0
2
43 149 
2
2657 18 14 0
24 20 6 0
2
40 42 
2
686 10 16 0
2984 16 16 0
2
41 43 
2
686 20 12 0
2658 18 14 0
2
42 154 
2
2985 16 16 0
25 28 18 0
2
43 111 
2
2659 18 14 0
31 18 6 0
2
42 155 
2
2986 16 16 0
23 22 22 0
2
43 112 
2
2660 18 14 0
29 30 14 0
2
42 156 
2
2987 16 16 0
19 26 18 0
2
43 113 
2
2661 18 14 0
25 22 4 0
2
42 157 
2
2988 16 16 0
15 24 16 0
2
43 114 
2
2662 18 14 0
21 30 10 0
2
42 158 
2
2989 16 16 0
15 4 14 0
2
43 115 
2
2663 18 14 0
23 2 10 0
2
42 159 
2
2990 16 16 0
15 14 4 0
2
43 116 
2
2664 18 14 0
27 8 8 0
2
42 160 
2
2991 16 16 0
15 10 14 0
2
43 117 
2
2665 18 14 0
29 12 8 0
2
42 161 
2
2992 16 16 0
15 14 2 0
2
43 118 
2
2666 18 14 0
29 12 12 0
2
42 162 
2
2993 16 16 0
15 30 18 0
2
43 119 
2
2667 18 14 0
25 22 18 0
2
42 163 
2
2994 16 16 0
15 24 22 0
2
43 120 
2
2668 18 14 0
23 28 20 0
2
42 164 
2
2995 16 16 0
15 26 20 0
2
43 121 
2
2669 18 14 0
21 8 14 0
2
42 166 
2
2996 16 16 0
19 20 22 0
2
43 122 
2
2670 18 14 0
21 12 6 0
2
42 167 
2
2997 16 16 0
21 22 12 0
2
43 123 
2
2671 18 14 0
21 22 20 0
2
42 168 
2
2998 16 16 0
23 24 10 0
2
43 124 
2
2672 18 14 0
21 20 26 0
2
42 169 
2
2999 16 16 0
23 18 2 0
2
43 125 
2
2673 18 14 0
21 12 16 0
2
42 170 
2
3000 16 16 0
19 26 14 0
2
43 126 
2
2674 18 14 0
21 16 10 0
2
42 171 
2
3001 16 16 0
17 20 4 0
2
43 128 
2
2675 18 14 0
25 16 14 0
2
42 172 
2
3002 16 16 0
15 26 8 0
2
43 129 
2
2676 18 14 0
27 28 12 0
2
42 173 
2
3003 16 16 0
13 26 6 0
2
43 130 
2
2677 18 14 0
29 22 6 0
2
43 131 
2
2678 18 14 0
29 28 14 0
2
43 149 
2
2679 18 14 0
25 20 6 0
2
20 40 
2
172 14 16 0
687 10 16 0
2
21 41 
2
172 20 14 0
687 20 12 0
2
18 38 
2
86 4 18 0
346 4 16 0
2
19 39 
2
86 20 8 0
346 22 8 0
2
36 38 
2
174 4 22 0
347 4 16 0
2
37 39 
2
174 24 4 0
347 22 8 0
2
280 40 
2
65 14 34 0
688 10 16 0
2
38 40 
2
348 4 16 0
689 10 16 0
2
281 40 
2
65 14 0 0
690 10 16 0
2
18 40 
2
87 4 18 0
691 10 16 0
2
282 40 
2
65 12 34 0
692 10 16 0
2
38 40 
2
349 4 16 0
693 10 16 0
2
283 40 
2
65 12 0 0
694 10 16 0
2
272 41 
2
62 22 34 0
688 20 12 0
2
39 41 
2
348 22 8 0
689 20 12 0
2
273 41 
2
62 22 0 0
690 20 12 0
2
19 41 
2
87 20 8 0
691 20 12 0
2
274 41 
2
62 20 34 0
692 20 12 0
2
39 41 
2
349 22 8 0
693 20 12 0
2
275 41 
2
62 20 0 0
694 20 12 0
2
284 42 
2
65 10 34 0
3004 16 16 0
2
40 42 
2
695 10 16 0
3005 16 16 0
2
285 42 
2
65 10 0 0
3006 16 16 0
2
20 42 
2
173 14 16 0
3007 16 16 0
2
286 42 
2
65 8 34 0
3008 16 16 0
2
40 42 
2
696 10 16 0
3009 16 16 0
2
287 42 
2
65 8 0 0
3010 16 16 0
2
276 43 
2
62 18 34 0
2680 18 14 0
2
41 43 
2
695 20 12 0
2681 18 14 0
2
277 43 
2
62 18 0 0
2682 18 14 0
2
21 43 
2
173 20 14 0
2683 18 14 0
2
278 43 
2
62 16 34 0
2684 18 14 0
2
41 43 
2
696 20 12 0
2685 18 14 0
2
279 43 
2
62 16 0 0
2686 18 14 0
2
42 155 
2
3011 16 16 0
24 22 22 0
2
43 112 
2
2687 18 14 0
30 30 14 0
2
42 156 
2
3012 16 16 0
20 26 18 0
2
43 113 
2
2688 18 14 0
26 22 4 0
2
42 157 
2
3013 16 16 0
16 24 16 0
2
43 114 
2
2689 18 14 0
22 30 10 0
2
43 115 
2
2690 18 14 0
24 2 10 0
2
43 116 
2
2691 18 14 0
28 8 8 0
2
43 117 
2
2692 18 14 0
30 12 8 0
2
43 118 
2
2693 18 14 0
30 12 12 0
2
43 119 
2
2694 18 14 0
26 22 18 0
2
43 120 
2
2695 18 14 0
24 28 20 0
2
43 121 
2
2696 18 14 0
22 8 14 0
2
43 122 
2
2697 18 14 0
22 12 6 0
2
43 123 
2
2698 18 14 0
22 22 20 0
2
43 124 
2
2699 18 14 0
22 20 26 0
2
43 125 
2
2700 18 14 0
22 12 16 0
2
43 126 
2
2701 18 14 0
22 16 10 0
2
43 128 
2
2702 18 14 0
26 16 14 0
2
43 129 
2
2703 18 14 0
28 28 12 0
2
43 130 
2
2704 18 14 0
30 22 6 0
2
43 131 
2
2705 18 14 0
30 28 14 0
2
43 149 
2
2706 18 14 0
26 20 6 0
2
43 150 
2
2707 18 14 0
22 24 8 0
2
40 42 
2
697 10 16 0
3014 16 16 0
2
41 43 
2
697 20 12 0
2708 18 14 0
2
42 155 
2
3015 16 16 0
25 22 22 0
2
43 112 
2
2709 18 14 0
31 30 14 0
2
42 156 
2
3016 16 16 0
21 26 18 0
2
43 113 
2
2710 18 14 0
27 22 4 0
2
42 157 
2
3017 16 16 0
17 24 16 0
2
43 114 
2
2711 18 14 0
23 30 10 0
2
43 115 
2
2712 18 14 0
25 2 10 0
2
43 116 
2
2713 18 14 0
29 8 8 0
2
43 117 
2
2714 18 14 0
31 12 8 0
2
43 118 
2
2715 18 14 0
31 12 12 0
2
43 119 
2
2716 18 14 0
27 22 18 0
2
43 120 
2
2717 18 14 0
25 28 20 0
2
43 121 
2
2718 18 14 0
23 8 14 0
2
43 122 
2
2719 18 14 0
23 12 6 0
2
43 123 
2
2720 18 14 0
23 22 20 0
2
43 124 
2
2721 18 14 0
23 20 26 0
2
43 125 
2
2722 18 14 0
23 12 16 0
2
43 126 
2
2723 18 14 0
23 16 10 0
2
43 128 
2
2724 18 14 0
27 16 14 0
2
43 129 
2
2725 18 14 0
29 28 12 0
2
43 130 
2
2726 18 14 0
31 22 6 0
2
43 131 
2
2727 18 14 0
31 28 14 0
2
43 149 
2
2728 18 14 0
27 20 6 0
2
43 150 
2
2729 18 14 0
23 24 8 0
2
20 40 
2
174 14 16 0
698 10 16 0
2
21 41 
2
174 20 14 0
698 20 12 0
2
38 40 
2
350 4 16 0
699 10 16 0
2
39 41 
2
350 22 8 0
699 20 12 0
2
292 42 
2
65 2 34 0
3018 16 16 0
2
40 42 
2
700 10 16 0
3019 16 16 0
2
293 42 
2
65 2 0 0
3020 16 16 0
2
20 42 
2
175 14 16 0
3021 16 16 0
2
294 42 
2
65 0 34 0
3022 16 16 0
2
40 42 
2
701 10 16 0
3023 16 16 0
2
295 42 
2
65 0 32 0
3024 16 16 0
2
284 43 
2
62 10 34 0
2730 18 14 0
2
41 43 
2
700 20 12 0
2731 18 14 0
2
285 43 
2
62 10 0 0
2732 18 14 0
2
21 43 
2
175 20 14 0
2733 18 14 0
2
286 43 
2
62 8 34 0
2734 18 14 0
2
41 43 
2
701 20 12 0
2735 18 14 0
2
287 43 
2
62 8 0 0
2736 18 14 0
2
42 156 
2
3025 16 16 0
22 26 18 0
2
43 149 
2
2737 18 14 0
28 20 6 0
2
42 157 
2
3026 16 16 0
18 24 16 0
2
43 150 
2
2738 18 14 0
24 24 8 0
2
42 158 
2
3027 16 16 0
16 4 14 0
2
43 151 
2
2739 18 14 0
20 22 2 0
2
40 42 
2
702 10 16 0
3028 16 16 0
2
41 43 
2
702 20 12 0
2740 18 14 0
2
42 156 
2
3029 16 16 0
23 26 18 0
2
43 149 
2
2741 18 14 0
29 20 6 0
2
42 157 
2
3030 16 16 0
19 24 16 0
2
43 150 
2
2742 18 14 0
25 24 8 0
2
42 158 
2
3031 16 16 0
17 4 14 0
2
43 151 
2
2743 18 14 0
21 22 2 0
2
20 40 
2
176 14 16 0
703 10 16 0
2
21 41 
2
176 20 14 0
703 20 12 0
2
18 38 
2
88 4 18 0
351 4 16 0
2
19 39 
2
88 20 8 0
351 22 8 0
2
16 36 
2
44 4 24 0
175 4 22 0
2
17 37 
2
44 26 4 0
175 24 4 0
2
14 34 
2
22 4 26 0
90 2 24 0
2
15 35 
2
22 26 2 0
90 28 2 0
2
32 34 
2
46 2 28 0
91 2 24 0
2
33 35 
2
46 32 2 0
91 28 2 0
2
272 36 
2
65 22 34 0
176 4 22 0
2
34 36 
2
92 2 24 0
177 4 22 0
2
273 36 
2
65 22 0 0
178 4 22 0
2
14 36 
2
23 4 26 0
179 4 22 0
2
274 36 
2
65 20 34 0
180 4 22 0
2
34 36 
2
93 2 24 0
181 4 22 0
2
275 36 
2
65 20 0 0
182 4 22 0
2
296 37 
2
59 0 30 0
176 24 4 0
2
35 37 
2
92 28 2 0
177 24 4 0
2
297 37 
2
59 0 28 0
178 24 4 0
2
15 37 
2
23 26 2 0
179 24 4 0
2
298 37 
2
59 0 26 0
180 24 4 0
2
35 37 
2
93 28 2 0
181 24 4 0
2
299 37 
2
59 0 24 0
182 24 4 0
2
288 38 
2
65 6 34 0
352 4 16 0
2
36 38 
2
183 4 22 0
353 4 16 0
2
289 38 
2
65 6 0 0
354 4 16 0
2
16 38 
2
45 4 24 0
355 4 16 0
2
290 38 
2
65 4 34 0
356 4 16 0
2
36 38 
2
184 4 22 0
357 4 16 0
2
291 38 
2
65 4 0 0
358 4 16 0
2
280 39 
2
62 14 34 0
352 22 8 0
2
37 39 
2
183 24 4 0
353 22 8 0
2
281 39 
2
62 14 0 0
354 22 8 0
2
17 39 
2
45 26 4 0
355 22 8 0
2
282 39 
2
62 12 34 0
356 22 8 0
2
37 39 
2
184 24 4 0
357 22 8 0
2
283 39 
2
62 12 0 0
358 22 8 0
2
296 40 
2
65 0 30 0
704 10 16 0
2
38 40 
2
359 4 16 0
705 10 16 0
2
297 40 
2
65 0 28 0
706 10 16 0
2
18 40 
2
89 4 18 0
707 10 16 0
2
298 40 
2
65 0 26 0
708 10 16 0
2
38 40 
2
360 4 16 0
709 10 16 0
2
299 40 
2
65 0 24 0
710 10 16 0
2
288 41 
2
62 6 34 0
704 20 12 0
2
39 41 
2
359 22 8 0
705 20 12 0
2
289 41 
2
62 6 0 0
706 20 12 0
2
19 41 
2
89 20 8 0
707 20 12 0
2
290 41 
2
62 4 34 0
708 20 12 0
2
39 41 
2
360 22 8 0
709 20 12 0
2
291 41 
2
62 4 0 0
710 20 12 0
2
300 42 
2
65 0 22 0
3032 16 16 0
2
40 42 
2
711 10 16 0
3033 16 16 0
2
301 42 
2
65 0 20 0
3034 16 16 0
2
20 42 
2
177 14 16 0
3035 16 16 0
2
302 42 
2
65 0 18 0
3036 16 16 0
2
40 42 
2
712 10 16 0
3037 16 16 0
2
303 42 
2
65 0 16 0
3038 16 16 0
2
292 43 
2
62 2 34 0
2744 18 14 0
2
41 43 
2
711 20 12 0
2745 18 14 0
2
293 43 
2
62 2 0 0
2746 18 14 0
2
21 43 
2
177 20 14 0
2747 18 14 0
2
294 43 
2
62 0 34 0
2748 18 14 0
2
41 43 
2
712 20 12 0
2749 18 14 0
2
295 43 
2
62 0 32 0
2750 18 14 0
2
42 155 
2
3039 16 16 0
26 22 22 0
2
43 150 
2
2751 18 14 0
26 24 8 0
2
42 156 
2
3040 16 16 0
24 26 18 0
2
43 151 
2
2752 18 14 0
22 22 2 0
2
42 157 
2
3041 16 16 0
20 24 16 0
2
43 152 
2
2753 18 14 0
18 22 30 0
2
42 158 
2
3042 16 16 0
18 4 14 0
2
42 159 
2
3043 16 16 0
16 14 4 0
2
42 160 
2
3044 16 16 0
16 10 14 0
2
42 161 
2
3045 16 16 0
16 14 2 0
2
42 162 
2
3046 16 16 0
16 30 18 0
2
42 163 
2
3047 16 16 0
16 24 22 0
2
42 164 
2
3048 16 16 0
16 26 20 0
2
42 166 
2
3049 16 16 0
20 20 22 0
2
42 167 
2
3050 16 16 0
22 22 12 0
2
42 168 
2
3051 16 16 0
24 24 10 0
2
42 169 
2
3052 16 16 0
24 18 2 0
2
42 170 
2
3053 16 16 0
20 26 14 0
2
42 171 
2
3054 16 16 0
18 20 4 0
2
42 172 
2
3055 16 16 0
16 26 8 0
2
42 173 
2
3056 16 16 0
14 26 6 0
2
42 174 
2
3057 16 16 0
12 20 32 0
2
42 175 
2
3058 16 16 0
10 6 8 0
2
42 176 
2
3059 16 16 0
8 20 30 0
2
40 42 
2
713 10 16 0
3060 16 16 0
2
41 43 
2
713 20 12 0
2754 18 14 0
2
42 155 
2
3061 16 16 0
27 22 22 0
2
43 150 
2
2755 18 14 0
27 24 8 0
2
42 156 
2
3062 16 16 0
25 26 18 0
2
43 151 
2
2756 18 14 0
23 22 2 0
2
42 157 
2
3063 16 16 0
21 24 16 0
2
43 152 
2
2757 18 14 0
19 22 30 0
2
42 158 
2
3064 16 16 0
19 4 14 0
2
42 159 
2
3065 16 16 0
17 14 4 0
2
42 160 
2
3066 16 16 0
17 10 14 0
2
42 161 
2
3067 16 16 0
17 14 2 0
2
42 162 
2
3068 16 16 0
17 30 18 0
2
42 163 
2
3069 16 16 0
17 24 22 0
2
42 164 
2
3070 16 16 0
17 26 20 0
2
42 166 
2
3071 16 16 0
21 20 22 0
2
42 167 
2
3072 16 16 0
23 22 12 0
2
42 168 
2
3073 16 16 0
25 24 10 0
2
42 169 
2
3074 16 16 0
25 18 2 0
2
42 170 
2
3075 16 16 0
21 26 14 0
2
42 171 
2
3076 16 16 0
19 20 4 0
2
42 172 
2
3077 16 16 0
17 26 8 0
2
42 173 
2
3078 16 16 0
15 26 6 0
2
42 174 
2
3079 16 16 0
13 20 32 0
2
42 175 
2
3080 16 16 0
11 6 8 0
2
42 176 
2
3081 16 16 0
9 20 30 0
2
20 40 
2
178 14 16 0
714 10 16 0
2
21 41 
2
178 20 14 0
714 20 12 0
2
38 40 
2
361 4 16 0
715 10 16 0
2
39 41 
2
361 22 8 0
715 20 12 0
2
308 42 
2
65 0 6 0
3082 16 16 0
2
40 42 
2
716 10 16 0
3083 16 16 0
2
309 42 
2
65 0 4 0
3084 16 16 0
2
20 42 
2
179 14 16 0
3085 16 16 0
2
310 42 
2
65 0 2 0
3086 16 16 0
2
40 42 
2
717 10 16 0
3087 16 16 0
2
311 42 
2
65 0 0 0
3088 16 16 0
2
300 43 
2
62 0 22 0
2758 18 14 0
2
41 43 
2
716 20 12 0
2759 18 14 0
2
301 43 
2
62 0 20 0
2760 18 14 0
2
21 43 
2
179 20 14 0
2761 18 14 0
2
302 43 
2
62 0 18 0
2762 18 14 0
2
41 43 
2
717 20 12 0
2763 18 14 0
2
303 43 
2
62 0 16 0
2764 18 14 0
2
42 156 
2
3089 16 16 0
26 26 18 0
2
43 149 
2
2765 18 14 0
30 20 6 0
2
42 157 
2
3090 16 16 0
22 24 16 0
2
43 150 
2
2766 18 14 0
28 24 8 0
2
42 158 
2
3091 16 16 0
20 4 14 0
2
43 151 
2
2767 18 14 0
24 22 2 0
2
42 159 
2
3092 16 16 0
18 14 4 0
2
43 152 
2
2768 18 14 0
20 22 30 0
2
42 160 
2
3093 16 16 0
18 10 14 0
2
43 153 
2
2769 18 14 0
22 24 26 0
2
42 161 
2
3094 16 16 0
18 14 2 0
2
43 154 
2
2770 18 14 0
26 28 18 0
2
42 162 
2
3095 16 16 0
18 30 18 0
2
43 155 
2
2771 18 14 0
28 22 22 0
2
42 163 
2
3096 16 16 0
18 24 22 0
2
43 156 
2
2772 18 14 0
27 26 18 0
2
42 164 
2
3097 16 16 0
18 26 20 0
2
43 157 
2
2773 18 14 0
23 24 16 0
2
42 166 
2
3098 16 16 0
22 20 22 0
2
43 158 
2
2774 18 14 0
21 4 14 0
2
42 167 
2
3099 16 16 0
24 22 12 0
2
43 159 
2
2775 18 14 0
19 14 4 0
2
42 168 
2
3100 16 16 0
26 24 10 0
2
43 160 
2
2776 18 14 0
19 10 14 0
2
42 169 
2
3101 16 16 0
26 18 2 0
2
43 161 
2
2777 18 14 0
19 14 2 0
2
42 170 
2
3102 16 16 0
22 26 14 0
2
43 162 
2
2778 18 14 0
19 30 18 0
2
42 171 
2
3103 16 16 0
20 20 4 0
2
43 163 
2
2779 18 14 0
19 24 22 0
2
42 172 
2
3104 16 16 0
18 26 8 0
2
43 164 
2
2780 18 14 0
19 26 20 0
2
42 173 
2
3105 16 16 0
16 26 6 0
2
43 166 
2
2781 18 14 0
23 20 22 0
2
42 174 
2
3106 16 16 0
14 20 32 0
2
43 167 
2
2782 18 14 0
25 22 12 0
2
42 175 
2
3107 16 16 0
12 6 8 0
2
43 168 
2
2783 18 14 0
27 24 10 0
2
42 176 
2
3108 16 16 0
10 20 30 0
2
43 169 
2
2784 18 14 0
27 18 2 0
2
42 177 
2
3109 16 16 0
8 8 4 0
2
43 170 
2
2785 18 14 0
23 26 14 0
2
40 42 
2
718 10 16 0
3110 16 16 0
2
41 43 
2
718 20 12 0
2786 18 14 0
2
42 156 
2
3111 16 16 0
28 26 18 0
2
43 149 
2
2787 18 14 0
31 20 6 0
2
42 157 
2
3112 16 16 0
24 24 16 0
2
43 150 
2
2788 18 14 0
29 24 8 0
2
42 158 
2
3113 16 16 0
22 4 14 0
2
43 151 
2
2789 18 14 0
25 22 2 0
2
42 159 
2
3114 16 16 0
20 14 4 0
2
43 152 
2
2790 18 14 0
21 22 30 0
2
42 160 
2
3115 16 16 0
20 10 14 0
2
43 153 
2
2791 18 14 0
23 24 26 0
2
42 161 
2
3116 16 16 0
20 14 2 0
2
43 154 
2
2792 18 14 0
27 28 18 0
2
42 162 
2
3117 16 16 0
20 30 18 0
2
43 155 
2
2793 18 14 0
29 22 22 0
2
42 163 
2
3118 16 16 0
20 24 22 0
2
43 156 
2
2794 18 14 0
29 26 18 0
2
42 164 
2
3119 16 16 0
20 26 20 0
2
43 157 
2
2795 18 14 0
25 24 16 0
2
42 166 
2
3120 16 16 0
24 20 22 0
2
43 158 
2
2796 18 14 0
23 4 14 0
2
42 167 
2
3121 16 16 0
26 22 12 0
2
43 159 
2
2797 18 14 0
21 14 4 0
2
42 168 
2
3122 16 16 0
28 24 10 0
2
43 160 
2
2798 18 14 0
21 10 14 0
2
42 169 
2
3123 16 16 0
28 18 2 0
2
43 161 
2
2799 18 14 0
21 14 2 0
2
42 170 
2
3124 16 16 0
24 26 14 0
2
43 162 
2
2800 18 14 0
21 30 18 0
2
42 171 
2
3125 16 16 0
21 20 4 0
2
43 163 
2
2801 18 14 0
21 24 22 0
2
42 172 
2
3126 16 16 0
19 26 8 0
2
43 164 
2
2802 18 14 0
21 26 20 0
2
42 173 
2
3127 16 16 0
17 26 6 0
2
43 166 
2
2803 18 14 0
25 20 22 0
2
42 174 
2
3128 16 16 0
15 20 32 0
2
43 167 
2
2804 18 14 0
27 22 12 0
2
42 175 
2
3129 16 16 0
13 6 8 0
2
43 168 
2
2805 18 14 0
29 24 10 0
2
42 176 
2
3130 16 16 0
11 20 30 0
2
43 169 
2
2806 18 14 0
29 18 2 0
2
42 177 
2
3131 16 16 0
9 8 4 0
2
43 170 
2
2807 18 14 0
25 26 14 0
2
20 40 
2
180 14 16 0
719 10 16 0
2
21 41 
2
180 20 14 0
719 20 12 0
2
18 38 
2
90 4 18 0
362 4 16 0
2
19 39 
2
90 20 8 0
362 22 8 0
2
36 38 
2
185 4 22 0
363 4 16 0
2
37 39 
2
185 24 4 0
363 22 8 0
2
248 40 
2
68 34 26 0
720 10 16 0
2
38 40 
2
364 4 16 0
721 10 16 0
2
249 40 
2
68 34 24 0
722 10 16 0
2
18 40 
2
91 4 18 0
723 10 16 0
2
250 40 
2
68 34 22 0
724 10 16 0
2
38 40 
2
365 4 16 0
725 10 16 0
2
251 40 
2
68 34 20 0
726 10 16 0
2
244 41 
2
68 34 34 0
720 20 12 0
2
39 41 
2
364 22 8 0
721 20 12 0
2
245 41 
2
68 34 32 0
722 20 12 0
2
19 41 
2
91 20 8 0
723 20 12 0
2
246 41 
2
68 34 30 0
724 20 12 0
2
39 41 
2
365 22 8 0
725 20 12 0
2
247 41 
2
68 34 28 0
726 20 12 0
2
280 42 
2
68 14 34 0
3132 16 16 0
2
40 42 
2
727 10 16 0
3133 16 16 0
2
281 42 
2
68 14 0 0
3134 16 16 0
2
20 42 
2
181 14 16 0
3135 16 16 0
2
282 42 
2
68 12 34 0
3136 16 16 0
2
40 42 
2
728 10 16 0
3137 16 16 0
2
283 42 
2
68 12 0 0
3138 16 16 0
2
252 43 
2
68 34 18 0
2808 18 14 0
2
41 43 
2
727 20 12 0
2809 18 14 0
2
253 43 
2
68 34 16 0
2810 18 14 0
2
21 43 
2
181 20 14 0
2811 18 14 0
2
254 43 
2
68 34 14 0
2812 18 14 0
2
41 43 
2
728 20 12 0
2813 18 14 0
2
255 43 
2
68 34 12 0
2814 18 14 0
2
42 174 
2
3139 16 16 0
16 20 32 0
2
43 150 
2
2815 18 14 0
30 24 8 0
2
42 175 
2
3140 16 16 0
14 6 8 0
2
43 151 
2
2816 18 14 0
26 22 2 0
2
42 176 
2
3141 16 16 0
12 20 30 0
2
43 152 
2
2817 18 14 0
22 22 30 0
2
43 153 
2
2818 18 14 0
24 24 26 0
2
43 154 
2
2819 18 14 0
28 28 18 0
2
43 155 
2
2820 18 14 0
30 22 22 0
2
43 156 
2
2821 18 14 0
30 26 18 0
2
43 157 
2
2822 18 14 0
26 24 16 0
2
43 158 
2
2823 18 14 0
24 4 14 0
2
43 159 
2
2824 18 14 0
22 14 4 0
2
43 160 
2
2825 18 14 0
22 10 14 0
2
43 161 
2
2826 18 14 0
22 14 2 0
2
43 162 
2
2827 18 14 0
22 30 18 0
2
43 163 
2
2828 18 14 0
22 24 22 0
2
43 164 
2
2829 18 14 0
22 26 20 0
2
43 166 
2
2830 18 14 0
26 20 22 0
2
43 167 
2
2831 18 14 0
28 22 12 0
2
43 168 
2
2832 18 14 0
30 24 10 0
2
43 169 
2
2833 18 14 0
30 18 2 0
2
43 170 
2
2834 18 14 0
26 26 14 0
2
43 171 
2
2835 18 14 0
22 20 4 0
2
40 42 
2
729 10 16 0
3142 16 16 0
2
41 43 
2
729 20 12 0
2836 18 14 0
2
42 174 
2
3143 16 16 0
17 20 32 0
2
43 150 
2
2837 18 14 0
31 24 8 0
2
42 175 
2
3144 16 16 0
15 6 8 0
2
43 151 
2
2838 18 14 0
27 22 2 0
2
42 176 
2
3145 16 16 0
13 20 30 0
2
43 152 
2
2839 18 14 0
23 22 30 0
2
43 153 
2
2840 18 14 0
25 24 26 0
2
43 154 
2
2841 18 14 0
29 28 18 0
2
43 155 
2
2842 18 14 0
31 22 22 0
2
43 156 
2
2843 18 14 0
31 26 18 0
2
43 157 
2
2844 18 14 0
27 24 16 0
2
43 158 
2
2845 18 14 0
25 4 14 0
2
43 159 
2
2846 18 14 0
23 14 4 0
2
43 160 
2
2847 18 14 0
23 10 14 0
2
43 161 
2
2848 18 14 0
23 14 2 0
2
43 162 
2
2849 18 14 0
23 30 18 0
2
43 163 
2
2850 18 14 0
23 24 22 0
2
43 164 
2
2851 18 14 0
23 26 20 0
2
43 166 
2
2852 18 14 0
27 20 22 0
2
43 167 
2
2853 18 14 0
29 22 12 0
2
43 168 
2
2854 18 14 0
31 24 10 0
2
43 169 
2
2855 18 14 0
31 18 2 0
2
43 170 
2
2856 18 14 0
27 26 14 0
2
43 171 
2
2857 18 14 0
23 20 4 0
2
20 40 
2
182 14 16 0
730 10 16 0
2
21 41 
2
182 20 14 0
730 20 12 0
2
38 40 
2
366 4 16 0
731 10 16 0
2
39 41 
2
366 22 8 0
731 20 12 0
2
288 42 
2
68 6 34 0
3146 16 16 0
2
40 42 
2
732 10 16 0
3147 16 16 0
2
289 42 
2
68 6 0 0
3148 16 16 0
2
20 42 
2
183 14 16 0
3149 16 16 0
2
290 42 
2
68 4 34 0
3150 16 16 0
2
40 42 
2
733 10 16 0
3151 16 16 0
2
291 42 
2
68 4 0 0
3152 16 16 0
2
260 43 
2
68 34 2 0
2858 18 14 0
2
41 43 
2
732 20 12 0
2859 18 14 0
2
261 43 
2
68 34 0 0
2860 18 14 0
2
21 43 
2
183 20 14 0
2861 18 14 0
2
262 43 
2
68 32 34 0
2862 18 14 0
2
41 43 
2
733 20 12 0
2863 18 14 0
2
263 43 
2
68 32 0 0
2864 18 14 0
2
42 175 
2
3153 16 16 0
16 6 8 0
2
43 170 
2
2865 18 14 0
28 26 14 0
2
42 176 
2
3154 16 16 0
14 20 30 0
2
43 171 
2
2866 18 14 0
24 20 4 0
2
42 177 
2
3155 16 16 0
10 8 4 0
2
43 172 
2
2867 18 14 0
20 26 8 0
2
40 42 
2
734 10 16 0
3156 16 16 0
2
41 43 
2
734 20 12 0
2868 18 14 0
2
42 175 
2
3157 16 16 0
17 6 8 0
2
43 170 
2
2869 18 14 0
29 26 14 0
2
42 176 
2
3158 16 16 0
15 20 30 0
2
43 171 
2
2870 18 14 0
25 20 4 0
2
42 177 
2
3159 16 16 0
11 8 4 0
2
43 172 
2
2871 18 14 0
21 26 8 0
2
20 40 
2
184 14 16 0
735 10 16 0
2
21 41 
2
184 20 14 0
735 20 12 0
2
18 38 
2
92 4 18 0
367 4 16 0
2
19 39 
2
92 20 8 0
367 22 8 0
2
16 36 
2
46 4 24 0
186 4 22 0
2
17 37 
2
46 26 4 0
186 24 4 0
2
34 36 
2
94 2 24 0
187 4 22 0
2
35 37 
2
94 28 2 0
187 24 4 0
2
284 38 
2
68 10 34 0
368 4 16 0
2
36 38 
2
188 4 22 0
369 4 16 0
2
285 38 
2
68 10 0 0
370 4 16 0
2
16 38 
2
47 4 24 0
371 4 16 0
2
286 38 
2
68 8 34 0
372 4 16 0
2
36 38 
2
189 4 22 0
373 4 16 0
2
287 38 
2
68 8 0 0
374 4 16 0
2
256 39 
2
68 34 10 0
368 22 8 0
2
37 39 
2
188 24 4 0
369 22 8 0
2
257 39 
2
68 34 8 0
370 22 8 0
2
17 39 
2
47 26 4 0
371 22 8 0
2
258 39 
2
68 34 6 0
372 22 8 0
2
37 39 
2
189 24 4 0
373 22 8 0
2
259 39 
2
68 34 4 0
374 22 8 0
2
292 40 
2
68 2 34 0
736 10 16 0
2
38 40 
2
375 4 16 0
737 10 16 0
2
293 40 
2
68 2 0 0
738 10 16 0
2
18 40 
2
93 4 18 0
739 10 16 0
2
294 40 
2
68 0 34 0
740 10 16 0
2
38 40 
2
376 4 16 0
741 10 16 0
2
295 40 
2
68 0 32 0
742 10 16 0
2
264 41 
2
68 30 34 0
736 20 12 0
2
39 41 
2
375 22 8 0
737 20 12 0
2
265 41 
2
68 30 0 0
738 20 12 0
2
19 41 
2
93 20 8 0
739 20 12 0
2
266 41 
2
68 28 34 0
740 20 12 0
2
39 41 
2
376 22 8 0
741 20 12 0
2
267 41 
2
68 28 0 0
742 20 12 0
2
296 42 
2
68 0 30 0
3160 16 16 0
2
40 42 
2
743 10 16 0
3161 16 16 0
2
297 42 
2
68 0 28 0
3162 16 16 0
2
20 42 
2
185 14 16 0
3163 16 16 0
2
298 42 
2
68 0 26 0
3164 16 16 0
2
40 42 
2
744 10 16 0
3165 16 16 0
2
299 42 
2
68 0 24 0
3166 16 16 0
2
268 43 
2
68 26 34 0
2872 18 14 0
2
41 43 
2
743 20 12 0
2873 18 14 0
2
269 43 
2
68 26 0 0
2874 18 14 0
2
21 43 
2
185 20 14 0
2875 18 14 0
2
270 43 
2
68 24 34 0
2876 18 14 0
2
41 43 
2
744 20 12 0
2877 18 14 0
2
271 43 
2
68 24 0 0
2878 18 14 0
2
42 174 
2
3167 16 16 0
18 20 32 0
2
43 171 
2
2879 18 14 0
26 20 4 0
2
42 175 
2
3168 16 16 0
18 6 8 0
2
43 172 
2
2880 18 14 0
22 26 8 0
2
42 176 
2
3169 16 16 0
16 20 30 0
2
43 173 
2
2881 18 14 0
18 26 6 0
2
42 177 
2
3170 16 16 0
12 8 4 0
2
42 178 
2
3171 16 16 0
8 10 2 0
2
42 179 
2
3172 16 16 0
8 30 22 0
2
42 180 
2
3173 16 16 0
8 26 26 0
2
42 181 
2
3174 16 16 0
8 32 20 0
2
42 182 
2
3175 16 16 0
8 32 10 0
2
42 183 
2
3176 16 16 0
8 2 8 0
2
42 184 
2
3177 16 16 0
8 30 8 0
2
42 185 
2
3178 16 16 0
8 24 30 0
2
42 186 
2
3179 16 16 0
10 28 6 0
2
42 188 
2
3180 16 16 0
10 30 6 0
2
42 189 
2
3181 16 16 0
10 32 8 0
2
42 191 
2
3182 16 16 0
8 28 4 0
2
42 240 
2
3183 16 16 0
4 6 4 0
2
42 241 
2
3184 16 16 0
2 32 22 0
2
42 242 
2
3185 16 16 0
0 4 6 0
2
40 42 
2
745 10 16 0
3186 16 16 0
2
41 43 
2
745 20 12 0
2882 18 14 0
2
42 174 
2
3187 16 16 0
19 20 32 0
2
43 171 
2
2883 18 14 0
27 20 4 0
2
42 175 
2
3188 16 16 0
19 6 8 0
2
43 172 
2
2884 18 14 0
23 26 8 0
2
42 176 
2
3189 16 16 0
17 20 30 0
2
43 173 
2
2885 18 14 0
19 26 6 0
2
42 177 
2
3190 16 16 0
13 8 4 0
2
42 178 
2
3191 16 16 0
9 10 2 0
2
42 179 
2
3192 16 16 0
9 30 22 0
2
42 180 
2
3193 16 16 0
9 26 26 0
2
42 181 
2
3194 16 16 0
9 32 20 0
2
42 182 
2
3195 16 16 0
9 32 10 0
2
42 183 
2
3196 16 16 0
9 2 8 0
2
42 184 
2
3197 16 16 0
9 30 8 0
2
42 185 
2
3198 16 16 0
9 24 30 0
2
42 186 
2
3199 16 16 0
11 28 6 0
2
42 188 
2
3200 16 16 0
11 30 6 0
2
42 189 
2
3201 16 16 0
11 32 8 0
2
42 191 
2
3202 16 16 0
9 28 4 0
2
42 240 
2
3203 16 16 0
5 6 4 0
2
42 241 
2
3204 16 16 0
3 32 22 0
2
42 242 
2
3205 16 16 0
1 4 6 0
2
20 40 
2
186 14 16 0
746 10 16 0
2
21 41 
2
186 20 14 0
746 20 12 0
2
38 40 
2
377 4 16 0
747 10 16 0
2
39 41 
2
377 22 8 0
747 20 12 0
2
304 42 
2
68 0 14 0
3206 16 16 0
2
40 42 
2
748 10 16 0
3207 16 16 0
2
305 42 
2
68 0 12 0
3208 16 16 0
2
20 42 
2
187 14 16 0
3209 16 16 0
2
306 42 
2
68 0 10 0
3210 16 16 0
2
40 42 
2
749 10 16 0
3211 16 16 0
2
307 42 
2
68 0 8 0
3212 16 16 0
2
276 43 
2
68 18 34 0
2886 18 14 0
2
41 43 
2
748 20 12 0
2887 18 14 0
2
277 43 
2
68 18 0 0
2888 18 14 0
2
21 43 
2
187 20 14 0
2889 18 14 0
2
278 43 
2
68 16 34 0
2890 18 14 0
2
41 43 
2
749 20 12 0
2891 18 14 0
2
279 43 
2
68 16 0 0
2892 18 14 0
2
42 175 
2
3213 16 16 0
20 6 8 0
2
43 170 
2
2893 18 14 0
30 26 14 0
2
42 176 
2
3214 16 16 0
18 20 30 0
2
43 171 
2
2894 18 14 0
28 20 4 0
2
42 177 
2
3215 16 16 0
14 8 4 0
2
43 172 
2
2895 18 14 0
24 26 8 0
2
42 178 
2
3216 16 16 0
10 10 2 0
2
43 173 
2
2896 18 14 0
20 26 6 0
2
42 179 
2
3217 16 16 0
10 30 22 0
2
43 174 
2
2897 18 14 0
20 20 32 0
2
42 180 
2
3218 16 16 0
10 26 26 0
2
43 175 
2
2898 18 14 0
21 6 8 0
2
42 181 
2
3219 16 16 0
10 32 20 0
2
43 176 
2
2899 18 14 0
19 20 30 0
2
42 182 
2
3220 16 16 0
10 32 10 0
2
43 177 
2
2900 18 14 0
15 8 4 0
2
42 183 
2
3221 16 16 0
10 2 8 0
2
43 178 
2
2901 18 14 0
11 10 2 0
2
42 184 
2
3222 16 16 0
10 30 8 0
2
43 179 
2
2902 18 14 0
11 30 22 0
2
42 185 
2
3223 16 16 0
10 24 30 0
2
43 180 
2
2903 18 14 0
11 26 26 0
2
42 186 
2
3224 16 16 0
12 28 6 0
2
43 181 
2
2904 18 14 0
11 32 20 0
2
42 188 
2
3225 16 16 0
12 30 6 0
2
43 182 
2
2905 18 14 0
11 32 10 0
2
42 189 
2
3226 16 16 0
12 32 8 0
2
43 183 
2
2906 18 14 0
11 2 8 0
2
42 191 
2
3227 16 16 0
10 28 4 0
2
43 184 
2
2907 18 14 0
11 30 8 0
2
42 240 
2
3228 16 16 0
6 6 4 0
2
43 185 
2
2908 18 14 0
11 24 30 0
2
42 241 
2
3229 16 16 0
4 32 22 0
2
43 186 
2
2909 18 14 0
13 28 6 0
2
42 242 
2
3230 16 16 0
2 4 6 0
2
43 188 
2
2910 18 14 0
13 30 6 0
2
42 243 
2
3231 16 16 0
0 26 28 0
2
43 189 
2
2911 18 14 0
13 32 8 0
2
43 191 
2
2912 18 14 0
11 28 4 0
2
43 240 
2
2913 18 14 0
7 6 4 0
2
40 42 
2
750 10 16 0
3232 16 16 0
2
41 43 
2
750 20 12 0
2914 18 14 0
2
42 175 
2
3233 16 16 0
22 6 8 0
2
43 170 
2
2915 18 14 0
31 26 14 0
2
42 176 
2
3234 16 16 0
20 20 30 0
2
43 171 
2
2916 18 14 0
29 20 4 0
2
42 177 
2
3235 16 16 0
16 8 4 0
2
43 172 
2
2917 18 14 0
25 26 8 0
2
42 178 
2
3236 16 16 0
12 10 2 0
2
43 173 
2
2918 18 14 0
21 26 6 0
2
42 179 
2
3237 16 16 0
12 30 22 0
2
43 174 
2
2919 18 14 0
21 20 32 0
2
42 180 
2
3238 16 16 0
12 26 26 0
2
43 175 
2
2920 18 14 0
23 6 8 0
2
42 181 
2
3239 16 16 0
12 32 20 0
2
43 176 
2
2921 18 14 0
21 20 30 0
2
42 182 
2
3240 16 16 0
12 32 10 0
2
43 177 
2
2922 18 14 0
17 8 4 0
2
42 183 
2
3241 16 16 0
12 2 8 0
2
43 178 
2
2923 18 14 0
13 10 2 0
2
42 184 
2
3242 16 16 0
12 30 8 0
2
43 179 
2
2924 18 14 0
13 30 22 0
2
42 185 
2
3243 16 16 0
12 24 30 0
2
43 180 
2
2925 18 14 0
13 26 26 0
2
42 186 
2
3244 16 16 0
14 28 6 0
2
43 181 
2
2926 18 14 0
13 32 20 0
2
42 188 
2
3245 16 16 0
14 30 6 0
2
43 182 
2
2927 18 14 0
13 32 10 0
2
42 189 
2
3246 16 16 0
14 32 8 0
2
43 183 
2
2928 18 14 0
13 2 8 0
2
42 191 
2
3247 16 16 0
12 28 4 0
2
43 184 
2
2929 18 14 0
13 30 8 0
2
42 240 
2
3248 16 16 0
8 6 4 0
2
43 185 
2
2930 18 14 0
13 24 30 0
2
42 241 
2
3249 16 16 0
5 32 22 0
2
43 186 
2
2931 18 14 0
15 28 6 0
2
42 242 
2
3250 16 16 0
3 4 6 0
2
43 188 
2
2932 18 14 0
15 30 6 0
2
42 243 
2
3251 16 16 0
1 26 28 0
2
43 189 
2
2933 18 14 0
15 32 8 0
2
43 191 
2
2934 18 14 0
13 28 4 0
2
43 240 
2
2935 18 14 0
9 6 4 0
2
20 40 
2
188 14 16 0
751 10 16 0
2
21 41 
2
188 20 14 0
751 20 12 0
2
18 38 
2
94 4 18 0
378 4 16 0
2
19 39 
2
94 20 8 0
378 22 8 0
2
36 38 
2
190 4 22 0
379 4 16 0
2
37 39 
2
190 24 4 0
379 22 8 0
2
244 40 
2
71 34 34 0
752 10 16 0
2
38 40 
2
380 4 16 0
753 10 16 0
2
245 40 
2
71 34 32 0
754 10 16 0
2
18 40 
2
95 4 18 0
755 10 16 0
2
246 40 
2
71 34 30 0
756 10 16 0
2
38 40 
2
381 4 16 0
757 10 16 0
2
247 40 
2
71 34 28 0
758 10 16 0
2
308 41 
2
68 0 6 0
752 20 12 0
2
39 41 
2
380 22 8 0
753 20 12 0
2
309 41 
2
68 0 4 0
754 20 12 0
2
19 41 
2
95 20 8 0
755 20 12 0
2
310 41 
2
68 0 2 0
756 20 12 0
2
39 41 
2
381 22 8 0
757 20 12 0
2
311 41 
2
68 0 0 0
758 20 12 0
2
252 42 
2
71 34 18 0
3252 16 16 0
2
40 42 
2
759 10 16 0
3253 16 16 0
2
253 42 
2
71 34 16 0
3254 16 16 0
2
20 42 
2
189 14 16 0
3255 16 16 0
2
254 42 
2
71 34 14 0
3256 16 16 0
2
40 42 
2
760 10 16 0
3257 16 16 0
2
255 42 
2
71 34 12 0
3258 16 16 0
2
248 43 
2
71 34 26 0
2936 18 14 0
2
41 43 
2
759 20 12 0
2937 18 14 0
2
249 43 
2
71 34 24 0
2938 18 14 0
2
21 43 
2
189 20 14 0
2939 18 14 0
2
250 43 
2
71 34 22 0
2940 18 14 0
2
41 43 
2
760 20 12 0
2941 18 14 0
2
251 43 
2
71 34 20 0
2942 18 14 0
2
42 176 
2
3259 16 16 0
22 20 30 0
2
43 171 
2
2943 18 14 0
30 20 4 0
2
42 177 
2
3260 16 16 0
18 8 4 0
2
43 172 
2
2944 18 14 0
26 26 8 0
2
42 178 
2
3261 16 16 0
14 10 2 0
2
43 173 
2
2945 18 14 0
22 26 6 0
2
43 174 
2
2946 18 14 0
22 20 32 0
2
43 175 
2
2947 18 14 0
24 6 8 0
2
43 176 
2
2948 18 14 0
23 20 30 0
2
43 177 
2
2949 18 14 0
19 8 4 0
2
43 178 
2
2950 18 14 0
15 10 2 0
2
43 179 
2
2951 18 14 0
14 30 22 0
2
43 180 
2
2952 18 14 0
14 26 26 0
2
43 181 
2
2953 18 14 0
14 32 20 0
2
43 182 
2
2954 18 14 0
14 32 10 0
2
43 183 
2
2955 18 14 0
14 2 8 0
2
43 184 
2
2956 18 14 0
14 30 8 0
2
43 185 
2
2957 18 14 0
14 24 30 0
2
43 186 
2
2958 18 14 0
16 28 6 0
2
43 188 
2
2959 18 14 0
16 30 6 0
2
43 189 
2
2960 18 14 0
16 32 8 0
2
43 191 
2
2961 18 14 0
14 28 4 0
2
43 240 
2
2962 18 14 0
10 6 4 0
2
43 241 
2
2963 18 14 0
6 32 22 0
2
40 42 
2
761 10 16 0
3262 16 16 0
2
41 43 
2
761 20 12 0
2964 18 14 0
2
42 176 
2
3263 16 16 0
24 20 30 0
2
43 171 
2
2965 18 14 0
31 20 4 0
2
42 177 
2
3264 16 16 0
20 8 4 0
2
43 172 
2
2966 18 14 0
27 26 8 0
2
42 178 
2
3265 16 16 0
16 10 2 0
2
43 173 
2
2967 18 14 0
23 26 6 0
2
43 174 
2
2968 18 14 0
23 20 32 0
2
43 175 
2
2969 18 14 0
25 6 8 0
2
43 176 
2
2970 18 14 0
25 20 30 0
2
43 177 
2
2971 18 14 0
21 8 4 0
2
43 178 
2
2972 18 14 0
17 10 2 0
2
43 179 
2
2973 18 14 0
15 30 22 0
2
43 180 
2
2974 18 14 0
15 26 26 0
2
43 181 
2
2975 18 14 0
15 32 20 0
2
43 182 
2
2976 18 14 0
15 32 10 0
2
43 183 
2
2977 18 14 0
15 2 8 0
2
43 184 
2
2978 18 14 0
15 30 8 0
2
43 185 
2
2979 18 14 0
15 24 30 0
2
43 186 
2
2980 18 14 0
17 28 6 0
2
43 188 
2
2981 18 14 0
17 30 6 0
2
43 189 
2
2982 18 14 0
17 32 8 0
2
43 191 
2
2983 18 14 0
15 28 4 0
2
43 240 
2
2984 18 14 0
11 6 4 0
2
43 241 
2
2985 18 14 0
7 32 22 0
2
20 40 
2
190 14 16 0
762 10 16 0
2
21 41 
2
190 20 14 0
762 20 12 0
2
38 40 
2
382 4 16 0
763 10 16 0
2
39 41 
2
382 22 8 0
763 20 12 0
2
296 42 
2
71 0 30 0
3266 16 16 0
2
40 42 
2
764 10 16 0
3267 16 16 0
2
297 42 
2
71 0 28 0
3268 16 16 0
2
20 42 
2
191 14 16 0
3269 16 16 0
2
298 42 
2
71 0 26 0
3270 16 16 0
2
40 42 
2
765 10 16 0
3271 16 16 0
2
299 42 
2
71 0 24 0
3272 16 16 0
2
264 43 
2
71 30 34 0
2986 18 14 0
2
41 43 
2
764 20 12 0
2987 18 14 0
2
265 43 
2
71 30 0 0
2988 18 14 0
2
21 43 
2
191 20 14 0
2989 18 14 0
2
266 43 
2
71 28 34 0
2990 18 14 0
2
41 43 
2
765 20 12 0
2991 18 14 0
2
267 43 
2
71 28 0 0
2992 18 14 0
2
42 177 
2
3273 16 16 0
22 8 4 0
2
43 240 
2
2993 18 14 0
12 6 4 0
2
42 178 
2
3274 16 16 0
18 10 2 0
2
43 241 
2
2994 18 14 0
8 32 22 0
2
42 179 
2
3275 16 16 0
16 30 22 0
2
43 242 
2
2995 18 14 0
4 4 6 0
2
40 42 
2
766 10 16 0
3276 16 16 0
2
41 43 
2
766 20 12 0
2996 18 14 0
2
42 177 
2
3277 16 16 0
23 8 4 0
2
43 240 
2
2997 18 14 0
13 6 4 0
2
42 178 
2
3278 16 16 0
19 10 2 0
2
43 241 
2
2998 18 14 0
9 32 22 0
2
42 179 
2
3279 16 16 0
17 30 22 0
2
43 242 
2
2999 18 14 0
5 4 6 0
2
20 40 
2
192 14 16 0
767 10 16 0
2
21 41 
2
192 20 14 0
767 20 12 0
2
18 38 
2
96 4 18 0
383 4 16 0
2
19 39 
2
96 20 8 0
383 22 8 0
2
16 36 
2
48 4 24 0
191 4 22 0
2
17 37 
2
48 26 4 0
191 24 4 0
2
14 34 
2
24 4 26 0
95 2 24 0
2
15 35 
2
24 26 2 0
95 28 2 0
2
12 32 
2
12 2 26 0
47 2 28 0
2
13 33 
2
12 30 2 0
47 32 2 0
2
10 30 
2
6 6 28 0
26 4 28 0
2
11 31 
2
6 32 4 0
26 32 6 0
2
28 30 
2
14 4 30 0
27 4 28 0
2
29 31 
2
14 32 26 0
27 32 6 0
2
308 32 
2
62 0 6 0
48 2 28 0
2
30 32 
2
28 4 28 0
49 2 28 0
2
309 32 
2
62 0 4 0
50 2 28 0
2
10 32 
2
7 6 28 0
51 2 28 0
2
310 32 
2
62 0 2 0
52 2 28 0
2
30 32 
2
29 4 28 0
53 2 28 0
2
311 32 
2
62 0 0 0
54 2 28 0
2
244 33 
2
59 34 34 0
48 32 2 0
2
31 33 
2
28 32 6 0
49 32 2 0
2
245 33 
2
59 34 32 0
50 32 2 0
2
11 33 
2
7 32 4 0
51 32 2 0
2
246 33 
2
59 34 30 0
52 32 2 0
2
31 33 
2
29 32 6 0
53 32 2 0
2
247 33 
2
59 34 28 0
54 32 2 0
2
304 34 
2
65 0 14 0
96 2 24 0
2
32 34 
2
55 2 28 0
97 2 24 0
2
305 34 
2
65 0 12 0
98 2 24 0
2
12 34 
2
13 2 26 0
99 2 24 0
2
306 34 
2
65 0 10 0
100 2 24 0
2
32 34 
2
56 2 28 0
101 2 24 0
2
307 34 
2
65 0 8 0
102 2 24 0
2
296 35 
2
62 0 30 0
96 28 2 0
2
33 35 
2
55 32 2 0
97 28 2 0
2
297 35 
2
62 0 28 0
98 28 2 0
2
13 35 
2
13 30 2 0
99 28 2 0
2
298 35 
2
62 0 26 0
100 28 2 0
2
33 35 
2
56 32 2 0
101 28 2 0
2
299 35 
2
62 0 24 0
102 28 2 0
2
300 36 
2
68 0 22 0
192 4 22 0
2
34 36 
2
103 2 24 0
193 4 22 0
2
301 36 
2
68 0 20 0
194 4 22 0
2
14 36 
2
25 4 26 0
195 4 22 0
2
302 36 
2
68 0 18 0
196 4 22 0
2
34 36 
2
104 2 24 0
197 4 22 0
2
303 36 
2
68 0 16 0
198 4 22 0
2
272 37 
2
68 22 34 0
192 24 4 0
2
35 37 
2
103 28 2 0
193 24 4 0
2
273 37 
2
68 22 0 0
194 24 4 0
2
15 37 
2
25 26 2 0
195 24 4 0
2
274 37 
2
68 20 34 0
196 24 4 0
2
35 37 
2
104 28 2 0
197 24 4 0
2
275 37 
2
68 20 0 0
198 24 4 0
2
260 38 
2
71 34 2 0
384 4 16 0
2
36 38 
2
199 4 22 0
385 4 16 0
2
261 38 
2
71 34 0 0
386 4 16 0
2
16 38 
2
49 4 24 0
387 4 16 0
2
262 38 
2
71 32 34 0
388 4 16 0
2
36 38 
2
200 4 22 0
389 4 16 0
2
263 38 
2
71 32 0 0
390 4 16 0
2
256 39 
2
71 34 10 0
384 22 8 0
2
37 39 
2
199 24 4 0
385 22 8 0
2
257 39 
2
71 34 8 0
386 22 8 0
2
17 39 
2
49 26 4 0
387 22 8 0
2
258 39 
2
71 34 6 0
388 22 8 0
2
37 39 
2
200 24 4 0
389 22 8 0
2
259 39 
2
71 34 4 0
390 22 8 0
2
300 40 
2
71 0 22 0
768 10 16 0
2
38 40 
2
391 4 16 0
769 10 16 0
2
301 40 
2
71 0 20 0
770 10 16 0
2
18 40 
2
97 4 18 0
771 10 16 0
2
302 40 
2
71 0 18 0
772 10 16 0
2
38 40 
2
392 4 16 0
773 10 16 0
2
303 40 
2
71 0 16 0
774 10 16 0
2
268 41 
2
71 26 34 0
768 20 12 0
2
39 41 
2
391 22 8 0
769 20 12 0
2
269 41 
2
71 26 0 0
770 20 12 0
2
19 41 
2
97 20 8 0
771 20 12 0
2
270 41 
2
71 24 34 0
772 20 12 0
2
39 41 
2
392 22 8 0
773 20 12 0
2
271 41 
2
71 24 0 0
774 20 12 0
2
304 42 
2
71 0 14 0
3280 16 16 0
2
40 42 
2
775 10 16 0
3281 16 16 0
2
305 42 
2
71 0 12 0
3282 16 16 0
2
20 42 
2
193 14 16 0
3283 16 16 0
2
306 42 
2
71 0 10 0
3284 16 16 0
2
40 42 
2
776 10 16 0
3285 16 16 0
2
307 42 
2
71 0 8 0
3286 16 16 0
2
272 43 
2
71 22 34 0
3000 18 14 0
2
41 43 
2
775 20 12 0
3001 18 14 0
2
273 43 
2
71 22 0 0
3002 18 14 0
2
21 43 
2
193 20 14 0
3003 18 14 0
2
274 43 
2
71 20 34 0
3004 18 14 0
2
41 43 
2
776 20 12 0
3005 18 14 0
2
275 43 
2
71 20 0 0
3006 18 14 0
2
42 69 
2
3287 16 16 0
16 6 26 0
2
43 241 
2
3007 18 14 0
10 32 22 0
2
42 70 
2
3288 16 16 0
14 8 2 0
2
43 242 
2
3008 18 14 0
6 4 6 0
2
42 71 
2
3289 16 16 0
12 8 28 0
2
43 243 
2
3009 18 14 0
2 26 28 0
2
40 42 
2
777 10 16 0
3290 16 16 0
2
41 43 
2
777 20 12 0
3010 18 14 0
2
42 69 
2
3291 16 16 0
17 6 26 0
2
43 241 
2
3011 18 14 0
11 32 22 0
2
42 70 
2
3292 16 16 0
15 8 2 0
2
43 242 
2
3012 18 14 0
7 4 6 0
2
42 71 
2
3293 16 16 0
13 8 28 0
2
43 243 
2
3013 18 14 0
3 26 28 0
2
20 40 
2
194 14 16 0
778 10 16 0
2
21 41 
2
194 20 14 0
778 20 12 0
2
38 40 
2
393 4 16 0
779 10 16 0
2
39 41 
2
393 22 8 0
779 20 12 0
2
244 42 
2
74 34 34 0
3294 16 16 0
2
40 42 
2
780 10 16 0
3295 16 16 0
2
245 42 
2
74 34 32 0
3296 16 16 0
2
20 42 
2
195 14 16 0
3297 16 16 0
2
246 42 
2
74 34 30 0
3298 16 16 0
2
40 42 
2
781 10 16 0
3299 16 16 0
2
247 42 
2
74 34 28 0
3300 16 16 0
2
280 43 
2
71 14 34 0
3014 18 14 0
2
41 43 
2
780 20 12 0
3015 18 14 0
2
281 43 
2
71 14 0 0
3016 18 14 0
2
21 43 
2
195 20 14 0
3017 18 14 0
2
282 43 
2
71 12 34 0
3018 18 14 0
2
41 43 
2
781 20 12 0
3019 18 14 0
2
283 43 
2
71 12 0 0
3020 18 14 0
2
42 70 
2
3301 16 16 0
16 8 2 0
2
43 83 
2
3021 18 14 0
24 10 4 0
2
42 71 
2
3302 16 16 0
14 8 28 0
2
43 84 
2
3022 18 14 0
20 28 24 0
2
42 72 
2
3303 16 16 0
12 8 30 0
2
43 85 
2
3023 18 14 0
22 30 20 0
2
43 88 
2
3024 18 14 0
26 12 4 0
2
43 110 
2
3025 18 14 0
28 6 20 0
2
43 127 
2
3026 18 14 0
28 12 18 0
2
43 132 
2
3027 18 14 0
24 8 16 0
2
43 133 
2
3028 18 14 0
22 10 12 0
2
43 134 
2
3029 18 14 0
20 16 30 0
2
43 135 
2
3030 18 14 0
20 10 26 0
2
43 136 
2
3031 18 14 0
20 16 26 0
2
43 137 
2
3032 18 14 0
20 16 28 0
2
43 138 
2
3033 18 14 0
20 10 20 0
2
43 139 
2
3034 18 14 0
20 12 26 0
2
43 140 
2
3035 18 14 0
20 14 18 0
2
43 141 
2
3036 18 14 0
20 14 20 0
2
43 142 
2
3037 18 14 0
24 8 12 0
2
43 143 
2
3038 18 14 0
26 22 24 0
2
43 144 
2
3039 18 14 0
28 24 18 0
2
43 145 
2
3040 18 14 0
28 22 10 0
2
43 146 
2
3041 18 14 0
24 30 12 0
2
40 42 
2
782 10 16 0
3304 16 16 0
2
41 43 
2
782 20 12 0
3042 18 14 0
2
42 70 
2
3305 16 16 0
17 8 2 0
2
43 83 
2
3043 18 14 0
25 10 4 0
2
42 71 
2
3306 16 16 0
15 8 28 0
2
43 84 
2
3044 18 14 0
21 28 24 0
2
42 72 
2
3307 16 16 0
13 8 30 0
2
43 85 
2
3045 18 14 0
23 30 20 0
2
43 88 
2
3046 18 14 0
27 12 4 0
2
43 110 
2
3047 18 14 0
29 6 20 0
2
43 127 
2
3048 18 14 0
29 12 18 0
2
43 132 
2
3049 18 14 0
25 8 16 0
2
43 133 
2
3050 18 14 0
23 10 12 0
2
43 134 
2
3051 18 14 0
21 16 30 0
2
43 135 
2
3052 18 14 0
21 10 26 0
2
43 136 
2
3053 18 14 0
21 16 26 0
2
43 137 
2
3054 18 14 0
21 16 28 0
2
43 138 
2
3055 18 14 0
21 10 20 0
2
43 139 
2
3056 18 14 0
21 12 26 0
2
43 140 
2
3057 18 14 0
21 14 18 0
2
43 141 
2
3058 18 14 0
21 14 20 0
2
43 142 
2
3059 18 14 0
25 8 12 0
2
43 143 
2
3060 18 14 0
27 22 24 0
2
43 144 
2
3061 18 14 0
29 24 18 0
2
43 145 
2
3062 18 14 0
29 22 10 0
2
43 146 
2
3063 18 14 0
25 30 12 0
2
20 40 
2
196 14 16 0
783 10 16 0
2
21 41 
2
196 20 14 0
783 20 12 0
2
18 38 
2
98 4 18 0
394 4 16 0
2
19 39 
2
98 20 8 0
394 22 8 0
2
36 38 
2
201 4 22 0
395 4 16 0
2
37 39 
2
201 24 4 0
395 22 8 0
2
248 40 
2
74 34 26 0
784 10 16 0
2
38 40 
2
396 4 16 0
785 10 16 0
2
249 40 
2
74 34 24 0
786 10 16 0
2
18 40 
2
99 4 18 0
787 10 16 0
2
250 40 
2
74 34 22 0
788 10 16 0
2
38 40 
2
397 4 16 0
789 10 16 0
2
251 40 
2
74 34 20 0
790 10 16 0
2
284 41 
2
71 10 34 0
784 20 12 0
2
39 41 
2
396 22 8 0
785 20 12 0
2
285 41 
2
71 10 0 0
786 20 12 0
2
19 41 
2
99 20 8 0
787 20 12 0
2
286 41 
2
71 8 34 0
788 20 12 0
2
39 41 
2
397 22 8 0
789 20 12 0
2
287 41 
2
71 8 0 0
790 20 12 0
2
252 42 
2
74 34 18 0
3308 16 16 0
2
40 42 
2
791 10 16 0
3309 16 16 0
2
253 42 
2
74 34 16 0
3310 16 16 0
2
20 42 
2
197 14 16 0
3311 16 16 0
2
254 42 
2
74 34 14 0
3312 16 16 0
2
40 42 
2
792 10 16 0
3313 16 16 0
2
255 42 
2
74 34 12 0
3314 16 16 0
2
288 43 
2
71 6 34 0
3064 18 14 0
2
41 43 
2
791 20 12 0
3065 18 14 0
2
289 43 
2
71 6 0 0
3066 18 14 0
2
21 43 
2
197 20 14 0
3067 18 14 0
2
290 43 
2
71 4 34 0
3068 18 14 0
2
41 43 
2
792 20 12 0
3069 18 14 0
2
291 43 
2
71 4 0 0
3070 18 14 0
2
42 69 
2
3315 16 16 0
18 6 26 0
2
43 84 
2
3071 18 14 0
22 28 24 0
2
42 70 
2
3316 16 16 0
18 8 2 0
2
43 85 
2
3072 18 14 0
24 30 20 0
2
42 71 
2
3317 16 16 0
16 8 28 0
2
43 88 
2
3073 18 14 0
28 12 4 0
2
42 72 
2
3318 16 16 0
14 8 30 0
2
43 110 
2
3074 18 14 0
30 6 20 0
2
42 73 
2
3319 16 16 0
12 2 22 0
2
43 127 
2
3075 18 14 0
30 12 18 0
2
42 74 
2
3320 16 16 0
12 8 26 0
2
43 132 
2
3076 18 14 0
26 8 16 0
2
42 75 
2
3321 16 16 0
12 10 30 0
2
43 133 
2
3077 18 14 0
24 10 12 0
2
42 76 
2
3322 16 16 0
12 6 24 0
2
43 134 
2
3078 18 14 0
22 16 30 0
2
42 77 
2
3323 16 16 0
12 14 32 0
2
43 135 
2
3079 18 14 0
22 10 26 0
2
42 78 
2
3324 16 16 0
12 10 28 0
2
43 136 
2
3080 18 14 0
22 16 26 0
2
42 79 
2
3325 16 16 0
16 2 20 0
2
43 137 
2
3081 18 14 0
22 16 28 0
2
42 80 
2
3326 16 16 0
20 24 28 0
2
43 138 
2
3082 18 14 0
22 10 20 0
2
42 81 
2
3327 16 16 0
24 6 6 0
2
43 139 
2
3083 18 14 0
22 12 26 0
2
42 82 
2
3328 16 16 0
26 28 22 0
2
43 140 
2
3084 18 14 0
22 14 18 0
2
42 83 
2
3329 16 16 0
26 10 4 0
2
43 141 
2
3085 18 14 0
22 14 20 0
2
42 84 
2
3330 16 16 0
23 28 24 0
2
43 142 
2
3086 18 14 0
26 8 12 0
2
42 85 
2
3331 16 16 0
25 30 20 0
2
43 143 
2
3087 18 14 0
28 22 24 0
2
42 88 
2
3332 16 16 0
29 12 4 0
2
43 144 
2
3088 18 14 0
30 24 18 0
2
42 110 
2
3333 16 16 0
31 6 20 0
2
43 145 
2
3089 18 14 0
30 22 10 0
2
42 127 
2
3334 16 16 0
31 12 18 0
2
43 146 
2
3090 18 14 0
26 30 12 0
2
42 132 
2
3335 16 16 0
27 8 16 0
2
43 147 
2
3091 18 14 0
20 4 8 0
2
40 42 
2
793 10 16 0
3336 16 16 0
2
41 43 
2
793 20 12 0
3092 18 14 0
2
42 69 
2
3337 16 16 0
19 6 26 0
2
43 84 
2
3093 18 14 0
24 28 24 0
2
42 70 
2
3338 16 16 0
19 8 2 0
2
43 85 
2
3094 18 14 0
26 30 20 0
2
42 71 
2
3339 16 16 0
17 8 28 0
2
43 88 
2
3095 18 14 0
30 12 4 0
2
42 72 
2
3340 16 16 0
15 8 30 0
2
43 110 
2
3096 18 14 0
32 6 20 0
2
42 73 
2
3341 16 16 0
13 2 22 0
2
43 127 
2
3097 18 14 0
32 12 18 0
2
42 74 
2
3342 16 16 0
13 8 26 0
2
43 132 
2
3098 18 14 0
28 8 16 0
2
42 75 
2
3343 16 16 0
13 10 30 0
2
43 133 
2
3099 18 14 0
25 10 12 0
2
42 76 
2
3344 16 16 0
13 6 24 0
2
43 134 
2
3100 18 14 0
23 16 30 0
2
42 77 
2
3345 16 16 0
13 14 32 0
2
43 135 
2
3101 18 14 0
23 10 26 0
2
42 78 
2
3346 16 16 0
13 10 28 0
2
43 136 
2
3102 18 14 0
23 16 26 0
2
42 79 
2
3347 16 16 0
17 2 20 0
2
43 137 
2
3103 18 14 0
23 16 28 0
2
42 80 
2
3348 16 16 0
21 24 28 0
2
43 138 
2
3104 18 14 0
23 10 20 0
2
42 81 
2
3349 16 16 0
25 6 6 0
2
43 139 
2
3105 18 14 0
23 12 26 0
2
42 82 
2
3350 16 16 0
27 28 22 0
2
43 140 
2
3106 18 14 0
23 14 18 0
2
42 83 
2
3351 16 16 0
27 10 4 0
2
43 141 
2
3107 18 14 0
23 14 20 0
2
42 84 
2
3352 16 16 0
25 28 24 0
2
43 142 
2
3108 18 14 0
27 8 12 0
2
42 85 
2
3353 16 16 0
27 30 20 0
2
43 143 
2
3109 18 14 0
29 22 24 0
2
42 88 
2
3354 16 16 0
31 12 4 0
2
43 144 
2
3110 18 14 0
31 24 18 0
2
42 110 
2
3355 16 16 0
33 6 20 0
2
43 145 
2
3111 18 14 0
31 22 10 0
2
42 127 
2
3356 16 16 0
33 12 18 0
2
43 146 
2
3112 18 14 0
27 30 12 0
2
42 132 
2
3357 16 16 0
29 8 16 0
2
43 147 
2
3113 18 14 0
21 4 8 0
2
20 40 
2
198 14 16 0
794 10 16 0
2
21 41 
2
198 20 14 0
794 20 12 0
2
38 40 
2
398 4 16 0
795 10 16 0
2
39 41 
2
398 22 8 0
795 20 12 0
2
300 42 
2
74 0 22 0
3358 16 16 0
2
40 42 
2
796 10 16 0
3359 16 16 0
2
301 42 
2
74 0 20 0
3360 16 16 0
2
20 42 
2
199 14 16 0
3361 16 16 0
2
302 42 
2
74 0 18 0
3362 16 16 0
2
40 42 
2
797 10 16 0
3363 16 16 0
2
303 42 
2
74 0 16 0
3364 16 16 0
2
256 43 
2
74 34 10 0
3114 18 14 0
2
41 43 
2
796 20 12 0
3115 18 14 0
2
257 43 
2
74 34 8 0
3116 18 14 0
2
21 43 
2
199 20 14 0
3117 18 14 0
2
258 43 
2
74 34 6 0
3118 18 14 0
2
41 43 
2
797 20 12 0
3119 18 14 0
2
259 43 
2
74 34 4 0
3120 18 14 0
2
42 70 
2
3365 16 16 0
20 8 2 0
2
43 146 
2
3121 18 14 0
28 30 12 0
2
42 71 
2
3366 16 16 0
18 8 28 0
2
43 147 
2
3122 18 14 0
22 4 8 0
2
42 72 
2
3367 16 16 0
16 8 30 0
2
43 148 
2
3123 18 14 0
22 12 30 0
2
42 73 
2
3368 16 16 0
14 2 22 0
2
43 165 
2
3124 18 14 0
26 4 20 0
2
42 74 
2
3369 16 16 0
14 8 26 0
2
43 187 
2
3125 18 14 0
28 12 28 0
2
42 75 
2
3370 16 16 0
14 10 30 0
2
43 190 
2
3126 18 14 0
28 26 16 0
2
42 76 
2
3371 16 16 0
14 6 24 0
2
43 192 
2
3127 18 14 0
24 18 26 0
2
42 77 
2
3372 16 16 0
14 14 32 0
2
43 193 
2
3128 18 14 0
22 6 16 0
2
42 78 
2
3373 16 16 0
14 10 28 0
2
43 194 
2
3129 18 14 0
20 14 22 0
2
42 79 
2
3374 16 16 0
18 2 20 0
2
43 195 
2
3130 18 14 0
20 10 22 0
2
42 80 
2
3375 16 16 0
22 24 28 0
2
43 196 
2
3131 18 14 0
20 8 18 0
2
42 81 
2
3376 16 16 0
26 6 6 0
2
43 197 
2
3132 18 14 0
20 16 22 0
2
42 82 
2
3377 16 16 0
28 28 22 0
2
43 198 
2
3133 18 14 0
20 16 18 0
2
42 83 
2
3378 16 16 0
28 10 4 0
2
43 199 
2
3134 18 14 0
20 14 28 0
2
42 84 
2
3379 16 16 0
26 28 24 0
2
43 200 
2
3135 18 14 0
20 10 18 0
2
42 85 
2
3380 16 16 0
28 30 20 0
2
43 201 
2
3136 18 14 0
20 18 20 0
2
42 88 
2
3381 16 16 0
32 12 4 0
2
43 202 
2
3137 18 14 0
24 14 14 0
2
42 110 
2
3382 16 16 0
34 6 20 0
2
43 203 
2
3138 18 14 0
26 2 14 0
2
42 127 
2
3383 16 16 0
34 12 18 0
2
43 204 
2
3139 18 14 0
28 20 20 0
2
42 132 
2
3384 16 16 0
30 8 16 0
2
43 205 
2
3140 18 14 0
28 18 10 0
2
42 133 
2
3385 16 16 0
26 10 12 0
2
43 206 
2
3141 18 14 0
24 26 24 0
2
40 42 
2
798 10 16 0
3386 16 16 0
2
41 43 
2
798 20 12 0
3142 18 14 0
2
42 70 
2
3387 16 16 0
21 8 2 0
2
43 146 
2
3143 18 14 0
29 30 12 0
2
42 71 
2
3388 16 16 0
19 8 28 0
2
43 147 
2
3144 18 14 0
23 4 8 0
2
42 72 
2
3389 16 16 0
17 8 30 0
2
43 148 
2
3145 18 14 0
23 12 30 0
2
42 73 
2
3390 16 16 0
15 2 22 0
2
43 165 
2
3146 18 14 0
27 4 20 0
2
42 74 
2
3391 16 16 0
15 8 26 0
2
43 187 
2
3147 18 14 0
29 12 28 0
2
42 75 
2
3392 16 16 0
15 10 30 0
2
43 190 
2
3148 18 14 0
29 26 16 0
2
42 76 
2
3393 16 16 0
15 6 24 0
2
43 192 
2
3149 18 14 0
25 18 26 0
2
42 77 
2
3394 16 16 0
15 14 32 0
2
43 193 
2
3150 18 14 0
23 6 16 0
2
42 78 
2
3395 16 16 0
15 10 28 0
2
43 194 
2
3151 18 14 0
21 14 22 0
2
42 79 
2
3396 16 16 0
19 2 20 0
2
43 195 
2
3152 18 14 0
21 10 22 0
2
42 80 
2
3397 16 16 0
23 24 28 0
2
43 196 
2
3153 18 14 0
21 8 18 0
2
42 81 
2
3398 16 16 0
27 6 6 0
2
43 197 
2
3154 18 14 0
21 16 22 0
2
42 82 
2
3399 16 16 0
29 28 22 0
2
43 198 
2
3155 18 14 0
21 16 18 0
2
42 83 
2
3400 16 16 0
29 10 4 0
2
43 199 
2
3156 18 14 0
21 14 28 0
2
42 84 
2
3401 16 16 0
27 28 24 0
2
43 200 
2
3157 18 14 0
21 10 18 0
2
42 85 
2
3402 16 16 0
29 30 20 0
2
43 201 
2
3158 18 14 0
21 18 20 0
2
42 88 
2
3403 16 16 0
33 12 4 0
2
43 202 
2
3159 18 14 0
25 14 14 0
2
42 110 
2
3404 16 16 0
35 6 20 0
2
43 203 
2
3160 18 14 0
27 2 14 0
2
42 127 
2
3405 16 16 0
35 12 18 0
2
43 204 
2
3161 18 14 0
29 20 20 0
2
42 132 
2
3406 16 16 0
31 8 16 0
2
43 205 
2
3162 18 14 0
29 18 10 0
2
42 133 
2
3407 16 16 0
27 10 12 0
2
43 206 
2
3163 18 14 0
25 26 24 0
2
20 40 
2
200 14 16 0
799 10 16 0
2
21 41 
2
200 20 14 0
799 20 12 0
2
18 38 
2
100 4 18 0
399 4 16 0
2
19 39 
2
100 20 8 0
399 22 8 0
2
16 36 
2
50 4 24 0
202 4 22 0
2
17 37 
2
50 26 4 0
202 24 4 0
2
34 36 
2
105 2 24 0
203 4 22 0
2
35 37 
2
105 28 2 0
203 24 4 0
2
292 38 
2
74 2 34 0
400 4 16 0
2
36 38 
2
204 4 22 0
401 4 16 0
2
293 38 
2
74 2 0 0
402 4 16 0
2
16 38 
2
51 4 24 0
403 4 16 0
2
294 38 
2
74 0 34 0
404 4 16 0
2
36 38 
2
205 4 22 0
405 4 16 0
2
295 38 
2
74 0 32 0
406 4 16 0
2
292 39 
2
71 2 34 0
400 22 8 0
2
37 39 
2
204 24 4 0
401 22 8 0
2
293 39 
2
71 2 0 0
402 22 8 0
2
17 39 
2
51 26 4 0
403 22 8 0
2
294 39 
2
71 0 34 0
404 22 8 0
2
37 39 
2
205 24 4 0
405 22 8 0
2
295 39 
2
71 0 32 0
406 22 8 0
2
308 40 
2
74 0 6 0
800 10 16 0
2
38 40 
2
407 4 16 0
801 10 16 0
2
309 40 
2
74 0 4 0
802 10 16 0
2
18 40 
2
101 4 18 0
803 10 16 0
2
310 40 
2
74 0 2 0
804 10 16 0
2
38 40 
2
408 4 16 0
805 10 16 0
2
311 40 
2
74 0 0 0
806 10 16 0
2
260 41 
2
74 34 2 0
800 20 12 0
2
39 41 
2
407 22 8 0
801 20 12 0
2
261 41 
2
74 34 0 0
802 20 12 0
2
19 41 
2
101 20 8 0
803 20 12 0
2
262 41 
2
74 32 34 0
804 20 12 0
2
39 41 
2
408 22 8 0
805 20 12 0
2
263 41 
2
74 32 0 0
806 20 12 0
2
248 42 
2
77 34 26 0
3408 16 16 0
2
40 42 
2
807 10 16 0
3409 16 16 0
2
249 42 
2
77 34 24 0
3410 16 16 0
2
20 42 
2
201 14 16 0
3411 16 16 0
2
250 42 
2
77 34 22 0
3412 16 16 0
2
40 42 
2
808 10 16 0
3413 16 16 0
2
251 42 
2
77 34 20 0
3414 16 16 0
2
264 43 
2
74 30 34 0
3164 18 14 0
2
41 43 
2
807 20 12 0
3165 18 14 0
2
265 43 
2
74 30 0 0
3166 18 14 0
2
21 43 
2
201 20 14 0
3167 18 14 0
2
266 43 
2
74 28 34 0
3168 18 14 0
2
41 43 
2
808 20 12 0
3169 18 14 0
2
267 43 
2
74 28 0 0
3170 18 14 0
2
42 132 
2
3415 16 16 0
32 8 16 0
2
43 147 
2
3171 18 14 0
24 4 8 0
2
42 133 
2
3416 16 16 0
28 10 12 0
2
43 148 
2
3172 18 14 0
24 12 30 0
2
42 134 
2
3417 16 16 0
24 16 30 0
2
43 165 
2
3173 18 14 0
28 4 20 0
2
43 187 
2
3174 18 14 0
30 12 28 0
2
43 190 
2
3175 18 14 0
30 26 16 0
2
43 192 
2
3176 18 14 0
26 18 26 0
2
43 193 
2
3177 18 14 0
24 6 16 0
2
43 194 
2
3178 18 14 0
22 14 22 0
2
43 195 
2
3179 18 14 0
22 10 22 0
2
43 196 
2
3180 18 14 0
22 8 18 0
2
43 197 
2
3181 18 14 0
22 16 22 0
2
43 198 
2
3182 18 14 0
22 16 18 0
2
43 199 
2
3183 18 14 0
22 14 28 0
2
43 200 
2
3184 18 14 0
22 10 18 0
2
43 201 
2
3185 18 14 0
22 18 20 0
2
43 202 
2
3186 18 14 0
26 14 14 0
2
43 203 
2
3187 18 14 0
28 2 14 0
2
43 204 
2
3188 18 14 0
30 20 20 0
2
43 205 
2
3189 18 14 0
30 18 10 0
2
43 206 
2
3190 18 14 0
26 26 24 0
2
43 207 
2
3191 18 14 0
20 4 10 0
2
40 42 
2
809 10 16 0
3418 16 16 0
2
41 43 
2
809 20 12 0
3192 18 14 0
2
42 132 
2
3419 16 16 0
33 8 16 0
2
43 147 
2
3193 18 14 0
25 4 8 0
2
42 133 
2
3420 16 16 0
29 10 12 0
2
43 148 
2
3194 18 14 0
25 12 30 0
2
42 134 
2
3421 16 16 0
25 16 30 0
2
43 165 
2
3195 18 14 0
29 4 20 0
2
43 187 
2
3196 18 14 0
31 12 28 0
2
43 190 
2
3197 18 14 0
31 26 16 0
2
43 192 
2
3198 18 14 0
27 18 26 0
2
43 193 
2
3199 18 14 0
25 6 16 0
2
43 194 
2
3200 18 14 0
23 14 22 0
2
43 195 
2
3201 18 14 0
23 10 22 0
2
43 196 
2
3202 18 14 0
23 8 18 0
2
43 197 
2
3203 18 14 0
23 16 22 0
2
43 198 
2
3204 18 14 0
23 16 18 0
2
43 199 
2
3205 18 14 0
23 14 28 0
2
43 200 
2
3206 18 14 0
23 10 18 0
2
43 201 
2
3207 18 14 0
23 18 20 0
2
43 202 
2
3208 18 14 0
27 14 14 0
2
43 203 
2
3209 18 14 0
29 2 14 0
2
43 204 
2
3210 18 14 0
31 20 20 0
2
43 205 
2
3211 18 14 0
31 18 10 0
2
43 206 
2
3212 18 14 0
27 26 24 0
2
43 207 
2
3213 18 14 0
21 4 10 0
2
20 40 
2
202 14 16 0
810 10 16 0
2
21 41 
2
202 20 14 0
810 20 12 0
2
38 40 
2
409 4 16 0
811 10 16 0
2
39 41 
2
409 22 8 0
811 20 12 0
2
260 42 
2
77 34 2 0
3422 16 16 0
2
40 42 
2
812 10 16 0
3423 16 16 0
2
261 42 
2
77 34 0 0
3424 16 16 0
2
20 42 
2
203 14 16 0
3425 16 16 0
2
262 42 
2
77 32 34 0
3426 16 16 0
2
40 42 
2
813 10 16 0
3427 16 16 0
2
263 42 
2
77 32 0 0
3428 16 16 0
2
272 43 
2
74 22 34 0
3214 18 14 0
2
41 43 
2
812 20 12 0
3215 18 14 0
2
273 43 
2
74 22 0 0
3216 18 14 0
2
21 43 
2
203 20 14 0
3217 18 14 0
2
274 43 
2
74 20 34 0
3218 18 14 0
2
41 43 
2
813 20 12 0
3219 18 14 0
2
275 43 
2
74 20 0 0
3220 18 14 0
2
42 133 
2
3429 16 16 0
30 10 12 0
2
43 206 
2
3221 18 14 0
28 26 24 0
2
42 134 
2
3430 16 16 0
26 16 30 0
2
43 207 
2
3222 18 14 0
22 4 10 0
2
42 135 
2
3431 16 16 0
24 10 26 0
2
43 208 
2
3223 18 14 0
22 32 16 0
2
43 209 
2
3224 18 14 0
26 2 18 0
2
43 210 
2
3225 18 14 0
28 8 24 0
2
43 211 
2
3226 18 14 0
28 6 18 0
2
43 212 
2
3227 18 14 0
24 16 24 0
2
43 213 
2
3228 18 14 0
22 16 32 0
2
43 214 
2
3229 18 14 0
20 12 20 0
2
43 215 
2
3230 18 14 0
20 18 16 0
2
43 216 
2
3231 18 14 0
20 8 20 0
2
43 217 
2
3232 18 14 0
20 14 26 0
2
43 218 
2
3233 18 14 0
20 10 24 0
2
43 219 
2
3234 18 14 0
20 24 24 0
2
43 220 
2
3235 18 14 0
20 12 24 0
2
43 221 
2
3236 18 14 0
20 6 22 0
2
43 222 
2
3237 18 14 0
24 6 14 0
2
43 223 
2
3238 18 14 0
26 14 12 0
2
43 224 
2
3239 18 14 0
28 24 12 0
2
43 225 
2
3240 18 14 0
28 20 18 0
2
43 226 
2
3241 18 14 0
24 18 32 0
2
40 42 
2
814 10 16 0
3432 16 16 0
2
41 43 
2
814 20 12 0
3242 18 14 0
2
42 133 
2
3433 16 16 0
31 10 12 0
2
43 206 
2
3243 18 14 0
29 26 24 0
2
42 134 
2
3434 16 16 0
27 16 30 0
2
43 207 
2
3244 18 14 0
23 4 10 0
2
42 135 
2
3435 16 16 0
25 10 26 0
2
43 208 
2
3245 18 14 0
23 32 16 0
2
43 209 
2
3246 18 14 0
27 2 18 0
2
43 210 
2
3247 18 14 0
29 8 24 0
2
43 211 
2
3248 18 14 0
29 6 18 0
2
43 212 
2
3249 18 14 0
25 16 24 0
2
43 213 
2
3250 18 14 0
23 16 32 0
2
43 214 
2
3251 18 14 0
21 12 20 0
2
43 215 
2
3252 18 14 0
21 18 16 0
2
43 216 
2
3253 18 14 0
21 8 20 0
2
43 217 
2
3254 18 14 0
21 14 26 0
2
43 218 
2
3255 18 14 0
21 10 24 0
2
43 219 
2
3256 18 14 0
21 24 24 0
2
43 220 
2
3257 18 14 0
21 12 24 0
2
43 221 
2
3258 18 14 0
21 6 22 0
2
43 222 
2
3259 18 14 0
25 6 14 0
2
43 223 
2
3260 18 14 0
27 14 12 0
2
43 224 
2
3261 18 14 0
29 24 12 0
2
43 225 
2
3262 18 14 0
29 20 18 0
2
43 226 
2
3263 18 14 0
25 18 32 0
2
20 40 
2
204 14 16 0
815 10 16 0
2
21 41 
2
204 20 14 0
815 20 12 0
2
18 38 
2
102 4 18 0
410 4 16 0
2
19 39 
2
102 20 8 0
410 22 8 0
2
36 38 
2
206 4 22 0
411 4 16 0
2
37 39 
2
206 24 4 0
411 22 8 0
2
264 40 
2
77 30 34 0
816 10 16 0
2
38 40 
2
412 4 16 0
817 10 16 0
2
265 40 
2
77 30 0 0
818 10 16 0
2
18 40 
2
103 4 18 0
819 10 16 0
2
266 40 
2
77 28 34 0
820 10 16 0
2
38 40 
2
413 4 16 0
821 10 16 0
2
267 40 
2
77 28 0 0
822 10 16 0
2
276 41 
2
74 18 34 0
816 20 12 0
2
39 41 
2
412 22 8 0
817 20 12 0
2
277 41 
2
74 18 0 0
818 20 12 0
2
19 41 
2
103 20 8 0
819 20 12 0
2
278 41 
2
74 16 34 0
820 20 12 0
2
39 41 
2
413 22 8 0
821 20 12 0
2
279 41 
2
74 16 0 0
822 20 12 0
2
268 42 
2
77 26 34 0
3436 16 16 0
2
40 42 
2
823 10 16 0
3437 16 16 0
2
269 42 
2
77 26 0 0
3438 16 16 0
2
20 42 
2
205 14 16 0
3439 16 16 0
2
270 42 
2
77 24 34 0
3440 16 16 0
2
40 42 
2
824 10 16 0
3441 16 16 0
2
271 42 
2
77 24 0 0
3442 16 16 0
2
280 43 
2
74 14 34 0
3264 18 14 0
2
41 43 
2
823 20 12 0
3265 18 14 0
2
281 43 
2
74 14 0 0
3266 18 14 0
2
21 43 
2
205 20 14 0
3267 18 14 0
2
282 43 
2
74 12 34 0
3268 18 14 0
2
41 43 
2
824 20 12 0
3269 18 14 0
2
283 43 
2
74 12 0 0
3270 18 14 0
2
42 132 
2
3443 16 16 0
34 8 16 0
2
43 207 
2
3271 18 14 0
24 4 10 0
2
42 133 
2
3444 16 16 0
32 10 12 0
2
43 208 
2
3272 18 14 0
24 32 16 0
2
42 134 
2
3445 16 16 0
28 16 30 0
2
43 209 
2
3273 18 14 0
28 2 18 0
2
42 135 
2
3446 16 16 0
26 10 26 0
2
43 210 
2
3274 18 14 0
30 8 24 0
2
42 136 
2
3447 16 16 0
24 16 26 0
2
43 211 
2
3275 18 14 0
30 6 18 0
2
42 137 
2
3448 16 16 0
24 16 28 0
2
43 212 
2
3276 18 14 0
26 16 24 0
2
42 138 
2
3449 16 16 0
24 10 20 0
2
43 213 
2
3277 18 14 0
24 16 32 0
2
42 139 
2
3450 16 16 0
24 12 26 0
2
43 214 
2
3278 18 14 0
22 12 20 0
2
42 140 
2
3451 16 16 0
24 14 18 0
2
43 215 
2
3279 18 14 0
22 18 16 0
2
42 141 
2
3452 16 16 0
24 14 20 0
2
43 216 
2
3280 18 14 0
22 8 20 0
2
42 142 
2
3453 16 16 0
28 8 12 0
2
43 217 
2
3281 18 14 0
22 14 26 0
2
42 143 
2
3454 16 16 0
30 22 24 0
2
43 218 
2
3282 18 14 0
22 10 24 0
2
42 144 
2
3455 16 16 0
32 24 18 0
2
43 219 
2
3283 18 14 0
22 24 24 0
2
42 145 
2
3456 16 16 0
32 22 10 0
2
43 220 
2
3284 18 14 0
22 12 24 0
2
42 146 
2
3457 16 16 0
30 30 12 0
2
43 221 
2
3285 18 14 0
22 6 22 0
2
42 147 
2
3458 16 16 0
26 4 8 0
2
43 222 
2
3286 18 14 0
26 6 14 0
2
42 148 
2
3459 16 16 0
26 12 30 0
2
43 223 
2
3287 18 14 0
28 14 12 0
2
42 165 
2
3460 16 16 0
30 4 20 0
2
43 224 
2
3288 18 14 0
30 24 12 0
2
42 187 
2
3461 16 16 0
32 12 28 0
2
43 225 
2
3289 18 14 0
30 20 18 0
2
42 190 
2
3462 16 16 0
32 26 16 0
2
43 226 
2
3290 18 14 0
26 18 32 0
2
42 192 
2
3463 16 16 0
28 18 26 0
2
43 227 
2
3291 18 14 0
20 2 12 0
2
40 42 
2
825 10 16 0
3464 16 16 0
2
41 43 
2
825 20 12 0
3292 18 14 0
2
42 132 
2
3465 16 16 0
35 8 16 0
2
43 207 
2
3293 18 14 0
25 4 10 0
2
42 133 
2
3466 16 16 0
33 10 12 0
2
43 208 
2
3294 18 14 0
25 32 16 0
2
42 134 
2
3467 16 16 0
29 16 30 0
2
43 209 
2
3295 18 14 0
29 2 18 0
2
42 135 
2
3468 16 16 0
27 10 26 0
2
43 210 
2
3296 18 14 0
31 8 24 0
2
42 136 
2
3469 16 16 0
25 16 26 0
2
43 211 
2
3297 18 14 0
31 6 18 0
2
42 137 
2
3470 16 16 0
25 16 28 0
2
43 212 
2
3298 18 14 0
27 16 24 0
2
42 138 
2
3471 16 16 0
25 10 20 0
2
43 213 
2
3299 18 14 0
25 16 32 0
2
42 139 
2
3472 16 16 0
25 12 26 0
2
43 214 
2
3300 18 14 0
23 12 20 0
2
42 140 
2
3473 16 16 0
25 14 18 0
2
43 215 
2
3301 18 14 0
23 18 16 0
2
42 141 
2
3474 16 16 0
25 14 20 0
2
43 216 
2
3302 18 14 0
23 8 20 0
2
42 142 
2
3475 16 16 0
29 8 12 0
2
43 217 
2
3303 18 14 0
23 14 26 0
2
42 143 
2
3476 16 16 0
31 22 24 0
2
43 218 
2
3304 18 14 0
23 10 24 0
2
42 144 
2
3477 16 16 0
33 24 18 0
2
43 219 
2
3305 18 14 0
23 24 24 0
2
42 145 
2
3478 16 16 0
33 22 10 0
2
43 220 
2
3306 18 14 0
23 12 24 0
2
42 146 
2
3479 16 16 0
31 30 12 0
2
43 221 
2
3307 18 14 0
23 6 22 0
2
42 147 
2
3480 16 16 0
27 4 8 0
2
43 222 
2
3308 18 14 0
27 6 14 0
2
42 148 
2
3481 16 16 0
27 12 30 0
2
43 223 
2
3309 18 14 0
29 14 12 0
2
42 165 
2
3482 16 16 0
31 4 20 0
2
43 224 
2
3310 18 14 0
31 24 12 0
2
42 187 
2
3483 16 16 0
33 12 28 0
2
43 225 
2
3311 18 14 0
31 20 18 0
2
42 190 
2
3484 16 16 0
33 26 16 0
2
43 226 
2
3312 18 14 0
27 18 32 0
2
42 192 
2
3485 16 16 0
29 18 26 0
2
43 227 
2
3313 18 14 0
21 2 12 0
2
20 40 
2
206 14 16 0
826 10 16 0
2
21 41 
2
206 20 14 0
826 20 12 0
2
38 40 
2
414 4 16 0
827 10 16 0
2
39 41 
2
414 22 8 0
827 20 12 0
2
284 42 
2
77 10 34 0
3486 16 16 0
2
40 42 
2
828 10 16 0
3487 16 16 0
2
285 42 
2
77 10 0 0
3488 16 16 0
2
20 42 
2
207 14 16 0
3489 16 16 0
2
286 42 
2
77 8 34 0
3490 16 16 0
2
40 42 
2
829 10 16 0
3491 16 16 0
2
287 42 
2
77 8 0 0
3492 16 16 0
2
288 43 
2
74 6 34 0
3314 18 14 0
2
41 43 
2
828 20 12 0
3315 18 14 0
2
289 43 
2
74 6 0 0
3316 18 14 0
2
21 43 
2
207 20 14 0
3317 18 14 0
2
290 43 
2
74 4 34 0
3318 18 14 0
2
41 43 
2
829 20 12 0
3319 18 14 0
2
291 43 
2
74 4 0 0
3320 18 14 0
2
42 133 
2
3493 16 16 0
34 10 12 0
2
43 226 
2
3321 18 14 0
28 18 32 0
2
42 134 
2
3494 16 16 0
30 16 30 0
2
43 227 
2
3322 18 14 0
22 2 12 0
2
42 135 
2
3495 16 16 0
28 10 26 0
2
43 228 
2
3323 18 14 0
22 12 2 0
2
42 136 
2
3496 16 16 0
26 16 26 0
2
43 229 
2
3324 18 14 0
26 2 16 0
2
42 137 
2
3497 16 16 0
26 16 28 0
2
43 230 
2
3325 18 14 0
28 10 8 0
2
42 138 
2
3498 16 16 0
26 10 20 0
2
43 231 
2
3326 18 14 0
28 14 30 0
2
42 139 
2
3499 16 16 0
26 12 26 0
2
43 232 
2
3327 18 14 0
24 26 22 0
2
42 140 
2
3500 16 16 0
26 14 18 0
2
43 233 
2
3328 18 14 0
22 8 22 0
2
42 141 
2
3501 16 16 0
26 14 20 0
2
43 234 
2
3329 18 14 0
20 12 22 0
2
42 142 
2
3502 16 16 0
30 8 12 0
2
43 235 
2
3330 18 14 0
20 14 24 0
2
42 143 
2
3503 16 16 0
32 22 24 0
2
43 236 
2
3331 18 14 0
20 8 10 0
2
42 144 
2
3504 16 16 0
34 24 18 0
2
43 237 
2
3332 18 14 0
20 20 28 0
2
42 145 
2
3505 16 16 0
34 22 10 0
2
43 238 
2
3333 18 14 0
20 14 10 0
2
42 146 
2
3506 16 16 0
32 30 12 0
2
43 239 
2
3334 18 14 0
20 16 20 0
2
42 147 
2
3507 16 16 0
28 4 8 0
2
43 50 
2
3335 18 14 0
22 4 12 0
2
42 148 
2
3508 16 16 0
28 12 30 0
2
43 45 
2
3336 18 14 0
26 16 2 0
2
42 165 
2
3509 16 16 0
32 4 20 0
2
43 47 
2
3337 18 14 0
30 26 12 0
2
42 187 
2
3510 16 16 0
34 12 28 0
2
43 49 
2
3338 18 14 0
32 32 14 0
2
42 190 
2
3511 16 16 0
34 26 16 0
2
43 52 
2
3339 18 14 0
32 18 4 0
2
42 192 
2
3512 16 16 0
30 18 26 0
2
43 53 
2
3340 18 14 0
32 18 8 0
2
42 193 
2
3513 16 16 0
26 6 16 0
2
43 54 
2
3341 18 14 0
28 24 6 0
2
40 42 
2
830 10 16 0
3514 16 16 0
2
41 43 
2
830 20 12 0
3342 18 14 0
2
42 133 
2
3515 16 16 0
35 10 12 0
2
43 226 
2
3343 18 14 0
29 18 32 0
2
42 134 
2
3516 16 16 0
31 16 30 0
2
43 227 
2
3344 18 14 0
23 2 12 0
2
42 135 
2
3517 16 16 0
29 10 26 0
2
43 228 
2
3345 18 14 0
23 12 2 0
2
42 136 
2
3518 16 16 0
27 16 26 0
2
43 229 
2
3346 18 14 0
27 2 16 0
2
42 137 
2
3519 16 16 0
27 16 28 0
2
43 230 
2
3347 18 14 0
29 10 8 0
2
42 138 
2
3520 16 16 0
27 10 20 0
2
43 231 
2
3348 18 14 0
29 14 30 0
2
42 139 
2
3521 16 16 0
27 12 26 0
2
43 232 
2
3349 18 14 0
25 26 22 0
2
42 140 
2
3522 16 16 0
27 14 18 0
2
43 233 
2
3350 18 14 0
23 8 22 0
2
42 141 
2
3523 16 16 0
27 14 20 0
2
43 234 
2
3351 18 14 0
21 12 22 0
2
42 142 
2
3524 16 16 0
31 8 12 0
2
43 235 
2
3352 18 14 0
21 14 24 0
2
42 143 
2
3525 16 16 0
33 22 24 0
2
43 236 
2
3353 18 14 0
21 8 10 0
2
42 144 
2
3526 16 16 0
35 24 18 0
2
43 237 
2
3354 18 14 0
21 20 28 0
2
42 145 
2
3527 16 16 0
35 22 10 0
2
43 238 
2
3355 18 14 0
21 14 10 0
2
42 146 
2
3528 16 16 0
33 30 12 0
2
43 239 
2
3356 18 14 0
21 16 20 0
2
42 147 
2
3529 16 16 0
29 4 8 0
2
43 50 
2
3357 18 14 0
23 4 12 0
2
42 148 
2
3530 16 16 0
29 12 30 0
2
43 45 
2
3358 18 14 0
27 16 2 0
2
42 165 
2
3531 16 16 0
33 4 20 0
2
43 47 
2
3359 18 14 0
31 26 12 0
2
42 187 
2
3532 16 16 0
35 12 28 0
2
43 49 
2
3360 18 14 0
33 32 14 0
2
42 190 
2
3533 16 16 0
35 26 16 0
2
43 52 
2
3361 18 14 0
33 18 4 0
2
42 192 
2
3534 16 16 0
31 18 26 0
2
43 53 
2
3362 18 14 0
33 18 8 0
2
42 193 
2
3535 16 16 0
27 6 16 0
2
43 54 
2
3363 18 14 0
29 24 6 0
2
20 40 
2
208 14 16 0
831 10 16 0
2
21 41 
2
208 20 14 0
831 20 12 0
2
18 38 
2
104 4 18 0
415 4 16 0
2
19 39 
2
104 20 8 0
415 22 8 0
2
16 36 
2
52 4 24 0
207 4 22 0
2
17 37 
2
52 26 4 0
207 24 4 0
2
14 34 
2
26 4 26 0
106 2 24 0
2
15 35 
2
26 26 2 0
106 28 2 0
2
32 34 
2
57 2 28 0
107 2 24 0
2
33 35 
2
57 32 2 0
107 28 2 0
2
254 36 
2
77 34 14 0
208 4 22 0
2
34 36 
2
108 2 24 0
209 4 22 0
2
255 36 
2
77 34 12 0
210 4 22 0
2
14 36 
2
27 4 26 0
211 4 22 0
2
256 36 
2
77 34 10 0
212 4 22 0
2
34 36 
2
109 2 24 0
213 4 22 0
2
257 36 
2
77 34 8 0
214 4 22 0
2
268 37 
2
74 26 34 0
208 24 4 0
2
35 37 
2
108 28 2 0
209 24 4 0
2
269 37 
2
74 26 0 0
210 24 4 0
2
15 37 
2
27 26 2 0
211 24 4 0
2
270 37 
2
74 24 34 0
212 24 4 0
2
35 37 
2
109 28 2 0
213 24 4 0
2
271 37 
2
74 24 0 0
214 24 4 0
2
276 38 
2
77 18 34 0
416 4 16 0
2
36 38 
2
215 4 22 0
417 4 16 0
2
277 38 
2
77 18 0 0
418 4 16 0
2
16 38 
2
53 4 24 0
419 4 16 0
2
278 38 
2
77 16 34 0
420 4 16 0
2
36 38 
2
216 4 22 0
421 4 16 0
2
279 38 
2
77 16 0 0
422 4 16 0
2
284 39 
2
74 10 34 0
416 22 8 0
2
37 39 
2
215 24 4 0
417 22 8 0
2
285 39 
2
74 10 0 0
418 22 8 0
2
17 39 
2
53 26 4 0
419 22 8 0
2
286 39 
2
74 8 34 0
420 22 8 0
2
37 39 
2
216 24 4 0
421 22 8 0
2
287 39 
2
74 8 0 0
422 22 8 0
2
292 40 
2
77 2 34 0
832 10 16 0
2
38 40 
2
423 4 16 0
833 10 16 0
2
293 40 
2
77 2 0 0
834 10 16 0
2
18 40 
2
105 4 18 0
835 10 16 0
2
294 40 
2
77 0 34 0
836 10 16 0
2
38 40 
2
424 4 16 0
837 10 16 0
2
295 40 
2
77 0 32 0
838 10 16 0
2
296 41 
2
74 0 30 0
832 20 12 0
2
39 41 
2
423 22 8 0
833 20 12 0
2
297 41 
2
74 0 28 0
834 20 12 0
2
19 41 
2
105 20 8 0
835 20 12 0
2
298 41 
2
74 0 26 0
836 20 12 0
2
39 41 
2
424 22 8 0
837 20 12 0
2
299 41 
2
74 0 24 0
838 20 12 0
2
300 42 
2
77 0 22 0
3536 16 16 0
2
40 42 
2
839 10 16 0
3537 16 16 0
2
301 42 
2
77 0 20 0
3538 16 16 0
2
20 42 
2
209 14 16 0
3539 16 16 0
2
302 42 
2
77 0 18 0
3540 16 16 0
2
40 42 
2
840 10 16 0
3541 16 16 0
2
303 42 
2
77 0 16 0
3542 16 16 0
2
304 43 
2
74 0 14 0
3364 18 14 0
2
41 43 
2
839 20 12 0
3365 18 14 0
2
305 43 
2
74 0 12 0
3366 18 14 0
2
21 43 
2
209 20 14 0
3367 18 14 0
2
306 43 
2
74 0 10 0
3368 18 14 0
2
41 43 
2
840 20 12 0
3369 18 14 0
2
307 43 
2
74 0 8 0
3370 18 14 0
2
42 192 
2
3543 16 16 0
32 18 26 0
2
43 227 
2
3371 18 14 0
24 2 12 0
2
42 193 
2
3544 16 16 0
28 6 16 0
2
43 228 
2
3372 18 14 0
24 12 2 0
2
42 194 
2
3545 16 16 0
24 14 22 0
2
43 229 
2
3373 18 14 0
28 2 16 0
2
43 230 
2
3374 18 14 0
30 10 8 0
2
43 231 
2
3375 18 14 0
30 14 30 0
2
43 232 
2
3376 18 14 0
26 26 22 0
2
43 233 
2
3377 18 14 0
24 8 22 0
2
43 234 
2
3378 18 14 0
22 12 22 0
2
43 235 
2
3379 18 14 0
22 14 24 0
2
43 236 
2
3380 18 14 0
22 8 10 0
2
43 237 
2
3381 18 14 0
22 20 28 0
2
43 238 
2
3382 18 14 0
22 14 10 0
2
43 239 
2
3383 18 14 0
22 16 20 0
2
43 50 
2
3384 18 14 0
24 4 12 0
2
43 45 
2
3385 18 14 0
28 16 2 0
2
43 47 
2
3386 18 14 0
32 26 12 0
2
43 49 
2
3387 18 14 0
34 32 14 0
2
43 52 
2
3388 18 14 0
34 18 4 0
2
43 53 
2
3389 18 14 0
34 18 8 0
2
43 54 
2
3390 18 14 0
30 24 6 0
2
43 55 
2
3391 18 14 0
24 24 2 0
2
40 42 
2
841 10 16 0
3546 16 16 0
2
41 43 
2
841 20 12 0
3392 18 14 0
2
42 192 
2
3547 16 16 0
33 18 26 0
2
43 227 
2
3393 18 14 0
25 2 12 0
2
42 193 
2
3548 16 16 0
29 6 16 0
2
43 228 
2
3394 18 14 0
25 12 2 0
2
42 194 
2
3549 16 16 0
25 14 22 0
2
43 229 
2
3395 18 14 0
29 2 16 0
2
43 230 
2
3396 18 14 0
31 10 8 0
2
43 231 
2
3397 18 14 0
31 14 30 0
2
43 232 
2
3398 18 14 0
27 26 22 0
2
43 233 
2
3399 18 14 0
25 8 22 0
2
43 234 
2
3400 18 14 0
23 12 22 0
2
43 235 
2
3401 18 14 0
23 14 24 0
2
43 236 
2
3402 18 14 0
23 8 10 0
2
43 237 
2
3403 18 14 0
23 20 28 0
2
43 238 
2
3404 18 14 0
23 14 10 0
2
43 239 
2
3405 18 14 0
23 16 20 0
2
43 50 
2
3406 18 14 0
25 4 12 0
2
43 45 
2
3407 18 14 0
29 16 2 0
2
43 47 
2
3408 18 14 0
33 26 12 0
2
43 49 
2
3409 18 14 0
35 32 14 0
2
43 52 
2
3410 18 14 0
35 18 4 0
2
43 53 
2
3411 18 14 0
35 18 8 0
2
43 54 
2
3412 18 14 0
31 24 6 0
2
43 55 
2
3413 18 14 0
25 24 2 0
2
20 40 
2
210 14 16 0
842 10 16 0
2
21 41 
2
210 20 14 0
842 20 12 0
2
38 40 
2
425 4 16 0
843 10 16 0
2
39 41 
2
425 22 8 0
843 20 12 0
2
244 42 
2
80 34 34 0
3550 16 16 0
2
40 42 
2
844 10 16 0
3551 16 16 0
2
245 42 
2
80 34 32 0
3552 16 16 0
2
20 42 
2
211 14 16 0
3553 16 16 0
2
246 42 
2
80 34 30 0
3554 16 16 0
2
40 42 
2
845 10 16 0
3555 16 16 0
2
247 42 
2
80 34 28 0
3556 16 16 0
2
252 43 
2
77 34 18 0
3414 18 14 0
2
41 43 
2
844 20 12 0
3415 18 14 0
2
253 43 
2
77 34 16 0
3416 18 14 0
2
21 43 
2
211 20 14 0
3417 18 14 0
2
258 43 
2
77 34 6 0
3418 18 14 0
2
41 43 
2
845 20 12 0
3419 18 14 0
2
259 43 
2
77 34 4 0
3420 18 14 0
2
42 193 
2
3557 16 16 0
30 6 16 0
2
43 54 
2
3421 18 14 0
32 24 6 0
2
42 194 
2
3558 16 16 0
26 14 22 0
2
43 55 
2
3422 18 14 0
26 24 2 0
2
42 195 
2
3559 16 16 0
24 10 22 0
2
43 56 
2
3423 18 14 0
26 32 18 0
2
43 57 
2
3424 18 14 0
30 22 28 0
2
43 58 
2
3425 18 14 0
32 10 10 0
2
43 59 
2
3426 18 14 0
32 28 16 0
2
43 60 
2
3427 18 14 0
28 16 8 0
2
43 61 
2
3428 18 14 0
26 18 30 0
2
43 62 
2
3429 18 14 0
24 20 24 0
2
43 63 
2
3430 18 14 0
24 16 12 0
2
43 64 
2
3431 18 14 0
24 16 6 0
2
43 65 
2
3432 18 14 0
24 10 6 0
2
43 66 
2
3433 18 14 0
24 18 22 0
2
43 67 
2
3434 18 14 0
24 18 28 0
2
43 68 
2
3435 18 14 0
28 18 12 0
2
43 86 
2
3436 18 14 0
30 6 10 0
2
43 87 
2
3437 18 14 0
32 22 14 0
2
43 89 
2
3438 18 14 0
32 24 14 0
2
43 90 
2
3439 18 14 0
32 20 10 0
2
43 91 
2
3440 18 14 0
32 28 8 0
2
43 92 
2
3441 18 14 0
28 32 12 0
2
40 42 
2
846 10 16 0
3560 16 16 0
2
41 43 
2
846 20 12 0
3442 18 14 0
2
42 193 
2
3561 16 16 0
31 6 16 0
2
43 54 
2
3443 18 14 0
33 24 6 0
2
42 194 
2
3562 16 16 0
27 14 22 0
2
43 55 
2
3444 18 14 0
27 24 2 0
2
42 195 
2
3563 16 16 0
25 10 22 0
2
43 56 
2
3445 18 14 0
27 32 18 0
2
43 57 
2
3446 18 14 0
31 22 28 0
2
43 58 
2
3447 18 14 0
33 10 10 0
2
43 59 
2
3448 18 14 0
33 28 16 0
2
43 60 
2
3449 18 14 0
29 16 8 0
2
43 61 
2
3450 18 14 0
27 18 30 0
2
43 62 
2
3451 18 14 0
25 20 24 0
2
43 63 
2
3452 18 14 0
25 16 12 0
2
43 64 
2
3453 18 14 0
25 16 6 0
2
43 65 
2
3454 18 14 0
25 10 6 0
2
43 66 
2
3455 18 14 0
25 18 22 0
2
43 67 
2
3456 18 14 0
25 18 28 0
2
43 68 
2
3457 18 14 0
29 18 12 0
2
43 86 
2
3458 18 14 0
31 6 10 0
2
43 87 
2
3459 18 14 0
33 22 14 0
2
43 89 
2
3460 18 14 0
33 24 14 0
2
43 90 
2
3461 18 14 0
33 20 10 0
2
43 91 
2
3462 18 14 0
33 28 8 0
2
43 92 
2
3463 18 14 0
29 32 12 0
2
20 40 
2
212 14 16 0
847 10 16 0
2
21 41 
2
212 20 14 0
847 20 12 0
2
18 38 
2
106 4 18 0
426 4 16 0
2
19 39 
2
106 20 8 0
426 22 8 0
2
36 38 
2
217 4 22 0
427 4 16 0
2
37 39 
2
217 24 4 0
427 22 8 0
2
248 40 
2
80 34 26 0
848 10 16 0
2
38 40 
2
428 4 16 0
849 10 16 0
2
249 40 
2
80 34 24 0
850 10 16 0
2
18 40 
2
107 4 18 0
851 10 16 0
2
250 40 
2
80 34 22 0
852 10 16 0
2
38 40 
2
429 4 16 0
853 10 16 0
2
251 40 
2
80 34 20 0
854 10 16 0
2
272 41 
2
77 22 34 0
848 20 12 0
2
39 41 
2
428 22 8 0
849 20 12 0
2
273 41 
2
77 22 0 0
850 20 12 0
2
19 41 
2
107 20 8 0
851 20 12 0
2
274 41 
2
77 20 34 0
852 20 12 0
2
39 41 
2
429 22 8 0
853 20 12 0
2
275 41 
2
77 20 0 0
854 20 12 0
2
252 42 
2
80 34 18 0
3564 16 16 0
2
40 42 
2
855 10 16 0
3565 16 16 0
2
254 42 
2
80 34 14 0
3566 16 16 0
2
20 42 
2
213 14 16 0
3567 16 16 0
2
256 42 
2
80 34 10 0
3568 16 16 0
2
40 42 
2
856 10 16 0
3569 16 16 0
2
258 42 
2
80 34 6 0
3570 16 16 0
2
280 43 
2
77 14 34 0
3464 18 14 0
2
41 43 
2
855 20 12 0
3465 18 14 0
2
281 43 
2
77 14 0 0
3466 18 14 0
2
21 43 
2
213 20 14 0
3467 18 14 0
2
282 43 
2
77 12 34 0
3468 18 14 0
2
41 43 
2
856 20 12 0
3469 18 14 0
2
283 43 
2
77 12 0 0
3470 18 14 0
2
42 192 
2
3571 16 16 0
34 18 26 0
2
43 55 
2
3471 18 14 0
28 24 2 0
2
42 193 
2
3572 16 16 0
32 6 16 0
2
43 56 
2
3472 18 14 0
28 32 18 0
2
42 194 
2
3573 16 16 0
28 14 22 0
2
43 57 
2
3473 18 14 0
32 22 28 0
2
42 195 
2
3574 16 16 0
26 10 22 0
2
43 58 
2
3474 18 14 0
34 10 10 0
2
42 196 
2
3575 16 16 0
24 8 18 0
2
43 59 
2
3475 18 14 0
34 28 16 0
2
42 197 
2
3576 16 16 0
24 16 22 0
2
43 60 
2
3476 18 14 0
30 16 8 0
2
42 198 
2
3577 16 16 0
24 16 18 0
2
43 61 
2
3477 18 14 0
28 18 30 0
2
42 199 
2
3578 16 16 0
24 14 28 0
2
43 62 
2
3478 18 14 0
26 20 24 0
2
42 200 
2
3579 16 16 0
24 10 18 0
2
43 63 
2
3479 18 14 0
26 16 12 0
2
42 201 
2
3580 16 16 0
24 18 20 0
2
43 64 
2
3480 18 14 0
26 16 6 0
2
42 202 
2
3581 16 16 0
28 14 14 0
2
43 65 
2
3481 18 14 0
26 10 6 0
2
42 203 
2
3582 16 16 0
30 2 14 0
2
43 66 
2
3482 18 14 0
26 18 22 0
2
42 204 
2
3583 16 16 0
32 20 20 0
2
43 67 
2
3483 18 14 0
26 18 28 0
2
42 205 
2
3584 16 16 0
32 18 10 0
2
43 68 
2
3484 18 14 0
30 18 12 0
2
42 206 
2
3585 16 16 0
30 26 24 0
2
43 86 
2
3485 18 14 0
32 6 10 0
2
42 207 
2
3586 16 16 0
26 4 10 0
2
43 87 
2
3486 18 14 0
34 22 14 0
2
42 208 
2
3587 16 16 0
26 32 16 0
2
43 89 
2
3487 18 14 0
34 24 14 0
2
42 209 
2
3588 16 16 0
30 2 18 0
2
43 90 
2
3488 18 14 0
34 20 10 0
2
42 210 
2
3589 16 16 0
32 8 24 0
2
43 91 
2
3489 18 14 0
34 28 8 0
2
42 211 
2
3590 16 16 0
32 6 18 0
2
43 92 
2
3490 18 14 0
30 32 12 0
2
42 212 
2
3591 16 16 0
28 16 24 0
2
43 93 
2
3491 18 14 0
24 20 2 0
2
40 42 
2
857 10 16 0
3592 16 16 0
2
41 43 
2
857 20 12 0
3492 18 14 0
2
42 192 
2
3593 16 16 0
35 18 26 0
2
43 55 
2
3493 18 14 0
29 24 2 0
2
42 193 
2
3594 16 16 0
33 6 16 0
2
43 56 
2
3494 18 14 0
29 32 18 0
2
42 194 
2
3595 16 16 0
29 14 22 0
2
43 57 
2
3495 18 14 0
33 22 28 0
2
42 195 
2
3596 16 16 0
27 10 22 0
2
43 58 
2
3496 18 14 0
35 10 10 0
2
42 196 
2
3597 16 16 0
25 8 18 0
2
43 59 
2
3497 18 14 0
35 28 16 0
2
42 197 
2
3598 16 16 0
25 16 22 0
2
43 60 
2
3498 18 14 0
31 16 8 0
2
42 198 
2
3599 16 16 0
25 16 18 0
2
43 61 
2
3499 18 14 0
29 18 30 0
2
42 199 
2
3600 16 16 0
25 14 28 0
2
43 62 
2
3500 18 14 0
27 20 24 0
2
42 200 
2
3601 16 16 0
25 10 18 0
2
43 63 
2
3501 18 14 0
27 16 12 0
2
42 201 
2
3602 16 16 0
25 18 20 0
2
43 64 
2
3502 18 14 0
27 16 6 0
2
42 202 
2
3603 16 16 0
29 14 14 0
2
43 65 
2
3503 18 14 0
27 10 6 0
2
42 203 
2
3604 16 16 0
31 2 14 0
2
43 66 
2
3504 18 14 0
27 18 22 0
2
42 204 
2
3605 16 16 0
33 20 20 0
2
43 67 
2
3505 18 14 0
27 18 28 0
2
42 205 
2
3606 16 16 0
33 18 10 0
2
43 68 
2
3506 18 14 0
31 18 12 0
2
42 206 
2
3607 16 16 0
31 26 24 0
2
43 86 
2
3507 18 14 0
33 6 10 0
2
42 207 
2
3608 16 16 0
27 4 10 0
2
43 87 
2
3508 18 14 0
35 22 14 0
2
42 208 
2
3609 16 16 0
27 32 16 0
2
43 89 
2
3509 18 14 0
35 24 14 0
2
42 209 
2
3610 16 16 0
31 2 18 0
2
43 90 
2
3510 18 14 0
35 20 10 0
2
42 210 
2
3611 16 16 0
33 8 24 0
2
43 91 
2
3511 18 14 0
35 28 8 0
2
42 211 
2
3612 16 16 0
33 6 18 0
2
43 92 
2
3512 18 14 0
31 32 12 0
2
42 212 
2
3613 16 16 0
29 16 24 0
2
43 93 
2
3513 18 14 0
25 20 2 0
2
20 40 
2
214 14 16 0
858 10 16 0
2
21 41 
2
214 20 14 0
858 20 12 0
2
38 40 
2
430 4 16 0
859 10 16 0
2
39 41 
2
430 22 8 0
859 20 12 0
2
268 42 
2
80 26 34 0
3614 16 16 0
2
40 42 
2
860 10 16 0
3615 16 16 0
2
270 42 
2
80 24 34 0
3616 16 16 0
2
20 42 
2
215 14 16 0
3617 16 16 0
2
272 42 
2
80 22 34 0
3618 16 16 0
2
40 42 
2
861 10 16 0
3619 16 16 0
2
274 42 
2
80 20 34 0
3620 16 16 0
2
296 43 
2
77 0 30 0
3514 18 14 0
2
41 43 
2
860 20 12 0
3515 18 14 0
2
297 43 
2
77 0 28 0
3516 18 14 0
2
21 43 
2
215 20 14 0
3517 18 14 0
2
298 43 
2
77 0 26 0
3518 18 14 0
2
41 43 
2
861 20 12 0
3519 18 14 0
2
299 43 
2
77 0 24 0
3520 18 14 0
2
42 193 
2
3621 16 16 0
34 6 16 0
2
43 92 
2
3521 18 14 0
32 32 12 0
2
42 194 
2
3622 16 16 0
30 14 22 0
2
43 93 
2
3522 18 14 0
26 20 2 0
2
42 195 
2
3623 16 16 0
28 10 22 0
2
43 94 
2
3523 18 14 0
26 8 6 0
2
42 196 
2
3624 16 16 0
26 8 18 0
2
43 95 
2
3524 18 14 0
30 6 12 0
2
42 197 
2
3625 16 16 0
26 16 22 0
2
43 96 
2
3525 18 14 0
32 16 4 0
2
42 198 
2
3626 16 16 0
26 16 18 0
2
43 97 
2
3526 18 14 0
32 12 14 0
2
42 199 
2
3627 16 16 0
26 14 28 0
2
43 98 
2
3527 18 14 0
28 22 16 0
2
42 200 
2
3628 16 16 0
26 10 18 0
2
43 99 
2
3528 18 14 0
26 18 24 0
2
42 201 
2
3629 16 16 0
26 18 20 0
2
43 100 
2
3529 18 14 0
24 12 10 0
2
42 202 
2
3630 16 16 0
30 14 14 0
2
43 101 
2
3530 18 14 0
24 18 18 0
2
42 203 
2
3631 16 16 0
32 2 14 0
2
43 102 
2
3531 18 14 0
24 14 8 0
2
42 204 
2
3632 16 16 0
34 20 20 0
2
43 103 
2
3532 18 14 0
24 14 6 0
2
42 205 
2
3633 16 16 0
34 18 10 0
2
43 104 
2
3533 18 14 0
24 22 26 0
2
42 206 
2
3634 16 16 0
32 26 24 0
2
43 105 
2
3534 18 14 0
24 20 16 0
2
42 207 
2
3635 16 16 0
28 4 10 0
2
43 106 
2
3535 18 14 0
28 24 20 0
2
42 208 
2
3636 16 16 0
28 32 16 0
2
43 107 
2
3536 18 14 0
30 30 16 0
2
42 209 
2
3637 16 16 0
32 2 18 0
2
43 108 
2
3537 18 14 0
32 28 10 0
2
42 210 
2
3638 16 16 0
34 8 24 0
2
43 109 
2
3538 18 14 0
32 26 10 0
2
42 211 
2
3639 16 16 0
34 6 18 0
2
43 111 
2
3539 18 14 0
32 18 6 0
2
42 212 
2
3640 16 16 0
30 16 24 0
2
43 112 
2
3540 18 14 0
32 30 14 0
2
42 213 
2
3641 16 16 0
26 16 32 0
2
43 113 
2
3541 18 14 0
28 22 4 0
2
40 42 
2
862 10 16 0
3642 16 16 0
2
41 43 
2
862 20 12 0
3542 18 14 0
2
42 193 
2
3643 16 16 0
35 6 16 0
2
43 92 
2
3543 18 14 0
33 32 12 0
2
42 194 
2
3644 16 16 0
31 14 22 0
2
43 93 
2
3544 18 14 0
27 20 2 0
2
42 195 
2
3645 16 16 0
29 10 22 0
2
43 94 
2
3545 18 14 0
27 8 6 0
2
42 196 
2
3646 16 16 0
27 8 18 0
2
43 95 
2
3546 18 14 0
31 6 12 0
2
42 197 
2
3647 16 16 0
27 16 22 0
2
43 96 
2
3547 18 14 0
33 16 4 0
2
42 198 
2
3648 16 16 0
27 16 18 0
2
43 97 
2
3548 18 14 0
33 12 14 0
2
42 199 
2
3649 16 16 0
27 14 28 0
2
43 98 
2
3549 18 14 0
29 22 16 0
2
42 200 
2
3650 16 16 0
27 10 18 0
2
43 99 
2
3550 18 14 0
27 18 24 0
2
42 201 
2
3651 16 16 0
27 18 20 0
2
43 100 
2
3551 18 14 0
25 12 10 0
2
42 202 
2
3652 16 16 0
31 14 14 0
2
43 101 
2
3552 18 14 0
25 18 18 0
2
42 203 
2
3653 16 16 0
33 2 14 0
2
43 102 
2
3553 18 14 0
25 14 8 0
2
42 204 
2
3654 16 16 0
35 20 20 0
2
43 103 
2
3554 18 14 0
25 14 6 0
2
42 205 
2
3655 16 16 0
35 18 10 0
2
43 104 
2
3555 18 14 0
25 22 26 0
2
42 206 
2
3656 16 16 0
33 26 24 0
2
43 105 
2
3556 18 14 0
25 20 16 0
2
42 207 
2
3657 16 16 0
29 4 10 0
2
43 106 
2
3557 18 14 0
29 24 20 0
2
42 208 
2
3658 16 16 0
29 32 16 0
2
43 107 
2
3558 18 14 0
31 30 16 0
2
42 209 
2
3659 16 16 0
33 2 18 0
2
43 108 
2
3559 18 14 0
33 28 10 0
2
42 210 
2
3660 16 16 0
35 8 24 0
2
43 109 
2
3560 18 14 0
33 26 10 0
2
42 211 
2
3661 16 16 0
35 6 18 0
2
43 111 
2
3561 18 14 0
33 18 6 0
2
42 212 
2
3662 16 16 0
31 16 24 0
2
43 112 
2
3562 18 14 0
33 30 14 0
2
42 213 
2
3663 16 16 0
27 16 32 0
2
43 113 
2
3563 18 14 0
29 22 4 0
2
20 40 
2
216 14 16 0
863 10 16 0
2
21 41 
2
216 20 14 0
863 20 12 0
2
18 38 
2
108 4 18 0
431 4 16 0
2
19 39 
2
108 20 8 0
431 22 8 0
2
16 36 
2
54 4 24 0
218 4 22 0
2
17 37 
2
54 26 4 0
218 24 4 0
2
34 36 
2
110 2 24 0
219 4 22 0
2
35 37 
2
110 28 2 0
219 24 4 0
2
260 38 
2
80 34 2 0
432 4 16 0
2
36 38 
2
220 4 22 0
433 4 16 0
2
261 38 
2
80 34 0 0
434 4 16 0
2
16 38 
2
55 4 24 0
435 4 16 0
2
262 38 
2
80 32 34 0
436 4 16 0
2
36 38 
2
221 4 22 0
437 4 16 0
2
263 38 
2
80 32 0 0
438 4 16 0
2
288 39 
2
77 6 34 0
432 22 8 0
2
37 39 
2
220 24 4 0
433 22 8 0
2
289 39 
2
77 6 0 0
434 22 8 0
2
17 39 
2
55 26 4 0
435 22 8 0
2
290 39 
2
77 4 34 0
436 22 8 0
2
37 39 
2
221 24 4 0
437 22 8 0
2
291 39 
2
77 4 0 0
438 22 8 0
2
276 40 
2
80 18 34 0
864 10 16 0
2
38 40 
2
439 4 16 0
865 10 16 0
2
277 40 
2
80 18 0 0
866 10 16 0
2
18 40 
2
109 4 18 0
867 10 16 0
2
278 40 
2
80 16 34 0
868 10 16 0
2
38 40 
2
440 4 16 0
869 10 16 0
2
279 40 
2
80 16 0 0
870 10 16 0
2
304 41 
2
77 0 14 0
864 20 12 0
2
39 41 
2
439 22 8 0
865 20 12 0
2
305 41 
2
77 0 12 0
866 20 12 0
2
19 41 
2
109 20 8 0
867 20 12 0
2
306 41 
2
77 0 10 0
868 20 12 0
2
39 41 
2
440 22 8 0
869 20 12 0
2
307 41 
2
77 0 8 0
870 20 12 0
2
284 42 
2
80 10 34 0
3664 16 16 0
2
40 42 
2
871 10 16 0
3665 16 16 0
2
286 42 
2
80 8 34 0
3666 16 16 0
2
20 42 
2
217 14 16 0
3667 16 16 0
2
288 42 
2
80 6 34 0
3668 16 16 0
2
40 42 
2
872 10 16 0
3669 16 16 0
2
290 42 
2
80 4 34 0
3670 16 16 0
2
253 43 
2
80 34 16 0
3564 18 14 0
2
41 43 
2
871 20 12 0
3565 18 14 0
2
255 43 
2
80 34 12 0
3566 18 14 0
2
21 43 
2
217 20 14 0
3567 18 14 0
2
257 43 
2
80 34 8 0
3568 18 14 0
2
41 43 
2
872 20 12 0
3569 18 14 0
2
259 43 
2
80 34 4 0
3570 18 14 0
2
42 212 
2
3671 16 16 0
32 16 24 0
2
43 93 
2
3571 18 14 0
28 20 2 0
2
42 213 
2
3672 16 16 0
28 16 32 0
2
43 94 
2
3572 18 14 0
28 8 6 0
2
42 214 
2
3673 16 16 0
24 12 20 0
2
43 95 
2
3573 18 14 0
32 6 12 0
2
43 96 
2
3574 18 14 0
34 16 4 0
2
43 97 
2
3575 18 14 0
34 12 14 0
2
43 98 
2
3576 18 14 0
30 22 16 0
2
43 99 
2
3577 18 14 0
28 18 24 0
2
43 100 
2
3578 18 14 0
26 12 10 0
2
43 101 
2
3579 18 14 0
26 18 18 0
2
43 102 
2
3580 18 14 0
26 14 8 0
2
43 103 
2
3581 18 14 0
26 14 6 0
2
43 104 
2
3582 18 14 0
26 22 26 0
2
43 105 
2
3583 18 14 0
26 20 16 0
2
43 106 
2
3584 18 14 0
30 24 20 0
2
43 107 
2
3585 18 14 0
32 30 16 0
2
43 108 
2
3586 18 14 0
34 28 10 0
2
43 109 
2
3587 18 14 0
34 26 10 0
2
43 111 
2
3588 18 14 0
34 18 6 0
2
43 112 
2
3589 18 14 0
34 30 14 0
2
43 113 
2
3590 18 14 0
30 22 4 0
2
43 114 
2
3591 18 14 0
24 30 10 0
2
40 42 
2
873 10 16 0
3674 16 16 0
2
41 43 
2
873 20 12 0
3592 18 14 0
2
42 212 
2
3675 16 16 0
33 16 24 0
2
43 93 
2
3593 18 14 0
29 20 2 0
2
42 213 
2
3676 16 16 0
29 16 32 0
2
43 94 
2
3594 18 14 0
29 8 6 0
2
42 214 
2
3677 16 16 0
25 12 20 0
2
43 95 
2
3595 18 14 0
33 6 12 0
2
43 96 
2
3596 18 14 0
35 16 4 0
2
43 97 
2
3597 18 14 0
35 12 14 0
2
43 98 
2
3598 18 14 0
31 22 16 0
2
43 99 
2
3599 18 14 0
29 18 24 0
2
43 100 
2
3600 18 14 0
27 12 10 0
2
43 101 
2
3601 18 14 0
27 18 18 0
2
43 102 
2
3602 18 14 0
27 14 8 0
2
43 103 
2
3603 18 14 0
27 14 6 0
2
43 104 
2
3604 18 14 0
27 22 26 0
2
43 105 
2
3605 18 14 0
27 20 16 0
2
43 106 
2
3606 18 14 0
31 24 20 0
2
43 107 
2
3607 18 14 0
33 30 16 0
2
43 108 
2
3608 18 14 0
35 28 10 0
2
43 109 
2
3609 18 14 0
35 26 10 0
2
43 111 
2
3610 18 14 0
35 18 6 0
2
43 112 
2
3611 18 14 0
35 30 14 0
2
43 113 
2
3612 18 14 0
31 22 4 0
2
43 114 
2
3613 18 14 0
25 30 10 0
2
20 40 
2
218 14 16 0
874 10 16 0
2
21 41 
2
218 20 14 0
874 20 12 0
2
38 40 
2
441 4 16 0
875 10 16 0
2
39 41 
2
441 22 8 0
875 20 12 0
2
296 42 
2
80 0 30 0
3678 16 16 0
2
40 42 
2
876 10 16 0
3679 16 16 0
2
297 42 
2
80 0 28 0
3680 16 16 0
2
20 42 
2
219 14 16 0
3681 16 16 0
2
298 42 
2
80 0 26 0
3682 16 16 0
2
40 42 
2
877 10 16 0
3683 16 16 0
2
299 42 
2
80 0 24 0
3684 16 16 0
2
269 43 
2
80 26 0 0
3614 18 14 0
2
41 43 
2
876 20 12 0
3615 18 14 0
2
271 43 
2
80 24 0 0
3616 18 14 0
2
21 43 
2
219 20 14 0
3617 18 14 0
2
273 43 
2
80 22 0 0
3618 18 14 0
2
41 43 
2
877 20 12 0
3619 18 14 0
2
275 43 
2
80 20 0 0
3620 18 14 0
2
42 213 
2
3685 16 16 0
30 16 32 0
2
43 113 
2
3621 18 14 0
32 22 4 0
2
42 214 
2
3686 16 16 0
26 12 20 0
2
43 114 
2
3622 18 14 0
26 30 10 0
2
42 215 
2
3687 16 16 0
24 18 16 0
2
43 115 
2
3623 18 14 0
26 2 10 0
2
43 116 
2
3624 18 14 0
30 8 8 0
2
43 117 
2
3625 18 14 0
32 12 8 0
2
43 118 
2
3626 18 14 0
32 12 12 0
2
43 119 
2
3627 18 14 0
28 22 18 0
2
43 120 
2
3628 18 14 0
26 28 20 0
2
43 121 
2
3629 18 14 0
24 8 14 0
2
43 122 
2
3630 18 14 0
24 12 6 0
2
43 123 
2
3631 18 14 0
24 22 20 0
2
43 124 
2
3632 18 14 0
24 20 26 0
2
43 125 
2
3633 18 14 0
24 12 16 0
2
43 126 
2
3634 18 14 0
24 16 10 0
2
43 128 
2
3635 18 14 0
28 16 14 0
2
43 129 
2
3636 18 14 0
30 28 12 0
2
43 130 
2
3637 18 14 0
32 22 6 0
2
43 131 
2
3638 18 14 0
32 28 14 0
2
43 149 
2
3639 18 14 0
32 20 6 0
2
43 150 
2
3640 18 14 0
32 24 8 0
2
43 151 
2
3641 18 14 0
28 22 2 0
2
40 42 
2
878 10 16 0
3688 16 16 0
2
41 43 
2
878 20 12 0
3642 18 14 0
2
42 213 
2
3689 16 16 0
31 16 32 0
2
43 113 
2
3643 18 14 0
33 22 4 0
2
42 214 
2
3690 16 16 0
27 12 20 0
2
43 114 
2
3644 18 14 0
27 30 10 0
2
42 215 
2
3691 16 16 0
25 18 16 0
2
43 115 
2
3645 18 14 0
27 2 10 0
2
43 116 
2
3646 18 14 0
31 8 8 0
2
43 117 
2
3647 18 14 0
33 12 8 0
2
43 118 
2
3648 18 14 0
33 12 12 0
2
43 119 
2
3649 18 14 0
29 22 18 0
2
43 120 
2
3650 18 14 0
27 28 20 0
2
43 121 
2
3651 18 14 0
25 8 14 0
2
43 122 
2
3652 18 14 0
25 12 6 0
2
43 123 
2
3653 18 14 0
25 22 20 0
2
43 124 
2
3654 18 14 0
25 20 26 0
2
43 125 
2
3655 18 14 0
25 12 16 0
2
43 126 
2
3656 18 14 0
25 16 10 0
2
43 128 
2
3657 18 14 0
29 16 14 0
2
43 129 
2
3658 18 14 0
31 28 12 0
2
43 130 
2
3659 18 14 0
33 22 6 0
2
43 131 
2
3660 18 14 0
33 28 14 0
2
43 149 
2
3661 18 14 0
33 20 6 0
2
43 150 
2
3662 18 14 0
33 24 8 0
2
43 151 
2
3663 18 14 0
29 22 2 0
2
20 40 
2
220 14 16 0
879 10 16 0
2
21 41 
2
220 20 14 0
879 20 12 0
2
18 38 
2
110 4 18 0
442 4 16 0
2
19 39 
2
110 20 8 0
442 22 8 0
2
36 38 
2
222 4 22 0
443 4 16 0
2
37 39 
2
222 24 4 0
443 22 8 0
2
300 40 
2
80 0 22 0
880 10 16 0
2
38 40 
2
444 4 16 0
881 10 16 0
2
301 40 
2
80 0 20 0
882 10 16 0
2
18 40 
2
111 4 18 0
883 10 16 0
2
302 40 
2
80 0 18 0
884 10 16 0
2
38 40 
2
445 4 16 0
885 10 16 0
2
303 40 
2
80 0 16 0
886 10 16 0
2
280 41 
2
80 14 34 0
880 20 12 0
2
39 41 
2
444 22 8 0
881 20 12 0
2
281 41 
2
80 14 0 0
882 20 12 0
2
19 41 
2
111 20 8 0
883 20 12 0
2
282 41 
2
80 12 34 0
884 20 12 0
2
39 41 
2
445 22 8 0
885 20 12 0
2
283 41 
2
80 12 0 0
886 20 12 0
2
304 42 
2
80 0 14 0
3692 16 16 0
2
40 42 
2
887 10 16 0
3693 16 16 0
2
309 42 
2
80 0 4 0
3694 16 16 0
2
20 42 
2
221 14 16 0
3695 16 16 0
2
310 42 
2
80 0 2 0
3696 16 16 0
2
40 42 
2
888 10 16 0
3697 16 16 0
2
311 42 
2
80 0 0 0
3698 16 16 0
2
285 43 
2
80 10 0 0
3664 18 14 0
2
41 43 
2
887 20 12 0
3665 18 14 0
2
287 43 
2
80 8 0 0
3666 18 14 0
2
21 43 
2
221 20 14 0
3667 18 14 0
2
289 43 
2
80 6 0 0
3668 18 14 0
2
41 43 
2
888 20 12 0
3669 18 14 0
2
291 43 
2
80 4 0 0
3670 18 14 0
2
42 212 
2
3699 16 16 0
34 16 24 0
2
43 114 
2
3671 18 14 0
28 30 10 0
2
42 213 
2
3700 16 16 0
32 16 32 0
2
43 115 
2
3672 18 14 0
28 2 10 0
2
42 214 
2
3701 16 16 0
28 12 20 0
2
43 116 
2
3673 18 14 0
32 8 8 0
2
42 215 
2
3702 16 16 0
26 18 16 0
2
43 117 
2
3674 18 14 0
34 12 8 0
2
42 216 
2
3703 16 16 0
24 8 20 0
2
43 118 
2
3675 18 14 0
34 12 12 0
2
42 217 
2
3704 16 16 0
24 14 26 0
2
43 119 
2
3676 18 14 0
30 22 18 0
2
42 218 
2
3705 16 16 0
24 10 24 0
2
43 120 
2
3677 18 14 0
28 28 20 0
2
42 219 
2
3706 16 16 0
24 24 24 0
2
43 121 
2
3678 18 14 0
26 8 14 0
2
42 220 
2
3707 16 16 0
24 12 24 0
2
43 122 
2
3679 18 14 0
26 12 6 0
2
42 221 
2
3708 16 16 0
24 6 22 0
2
43 123 
2
3680 18 14 0
26 22 20 0
2
42 222 
2
3709 16 16 0
28 6 14 0
2
43 124 
2
3681 18 14 0
26 20 26 0
2
42 223 
2
3710 16 16 0
30 14 12 0
2
43 125 
2
3682 18 14 0
26 12 16 0
2
42 224 
2
3711 16 16 0
32 24 12 0
2
43 126 
2
3683 18 14 0
26 16 10 0
2
42 225 
2
3712 16 16 0
32 20 18 0
2
43 128 
2
3684 18 14 0
30 16 14 0
2
42 226 
2
3713 16 16 0
30 18 32 0
2
43 129 
2
3685 18 14 0
32 28 12 0
2
42 227 
2
3714 16 16 0
26 2 12 0
2
43 130 
2
3686 18 14 0
34 22 6 0
2
42 228 
2
3715 16 16 0
26 12 2 0
2
43 131 
2
3687 18 14 0
34 28 14 0
2
42 229 
2
3716 16 16 0
30 2 16 0
2
43 149 
2
3688 18 14 0
34 20 6 0
2
42 230 
2
3717 16 16 0
32 10 8 0
2
43 150 
2
3689 18 14 0
34 24 8 0
2
42 231 
2
3718 16 16 0
32 14 30 0
2
43 151 
2
3690 18 14 0
30 22 2 0
2
42 232 
2
3719 16 16 0
28 26 22 0
2
43 152 
2
3691 18 14 0
24 22 30 0
2
40 42 
2
889 10 16 0
3720 16 16 0
2
41 43 
2
889 20 12 0
3692 18 14 0
2
42 212 
2
3721 16 16 0
35 16 24 0
2
43 114 
2
3693 18 14 0
29 30 10 0
2
42 213 
2
3722 16 16 0
33 16 32 0
2
43 115 
2
3694 18 14 0
29 2 10 0
2
42 214 
2
3723 16 16 0
29 12 20 0
2
43 116 
2
3695 18 14 0
33 8 8 0
2
42 215 
2
3724 16 16 0
27 18 16 0
2
43 117 
2
3696 18 14 0
35 12 8 0
2
42 216 
2
3725 16 16 0
25 8 20 0
2
43 118 
2
3697 18 14 0
35 12 12 0
2
42 217 
2
3726 16 16 0
25 14 26 0
2
43 119 
2
3698 18 14 0
31 22 18 0
2
42 218 
2
3727 16 16 0
25 10 24 0
2
43 120 
2
3699 18 14 0
29 28 20 0
2
42 219 
2
3728 16 16 0
25 24 24 0
2
43 121 
2
3700 18 14 0
27 8 14 0
2
42 220 
2
3729 16 16 0
25 12 24 0
2
43 122 
2
3701 18 14 0
27 12 6 0
2
42 221 
2
3730 16 16 0
25 6 22 0
2
43 123 
2
3702 18 14 0
27 22 20 0
2
42 222 
2
3731 16 16 0
29 6 14 0
2
43 124 
2
3703 18 14 0
27 20 26 0
2
42 223 
2
3732 16 16 0
31 14 12 0
2
43 125 
2
3704 18 14 0
27 12 16 0
2
42 224 
2
3733 16 16 0
33 24 12 0
2
43 126 
2
3705 18 14 0
27 16 10 0
2
42 225 
2
3734 16 16 0
33 20 18 0
2
43 128 
2
3706 18 14 0
31 16 14 0
2
42 226 
2
3735 16 16 0
31 18 32 0
2
43 129 
2
3707 18 14 0
33 28 12 0
2
42 227 
2
3736 16 16 0
27 2 12 0
2
43 130 
2
3708 18 14 0
35 22 6 0
2
42 228 
2
3737 16 16 0
27 12 2 0
2
43 131 
2
3709 18 14 0
35 28 14 0
2
42 229 
2
3738 16 16 0
31 2 16 0
2
43 149 
2
3710 18 14 0
35 20 6 0
2
42 230 
2
3739 16 16 0
33 10 8 0
2
43 150 
2
3711 18 14 0
35 24 8 0
2
42 231 
2
3740 16 16 0
33 14 30 0
2
43 151 
2
3712 18 14 0
31 22 2 0
2
42 232 
2
3741 16 16 0
29 26 22 0
2
43 152 
2
3713 18 14 0
25 22 30 0
2
20 40 
2
222 14 16 0
890 10 16 0
2
21 41 
2
222 20 14 0
890 20 12 0
2
38 40 
2
446 4 16 0
891 10 16 0
2
39 41 
2
446 22 8 0
891 20 12 0
2
252 42 
2
83 34 18 0
3742 16 16 0
2
40 42 
2
892 10 16 0
3743 16 16 0
2
257 42 
2
83 34 8 0
3744 16 16 0
2
20 42 
2
223 14 16 0
3745 16 16 0
2
258 42 
2
83 34 6 0
3746 16 16 0
2
40 42 
2
893 10 16 0
3747 16 16 0
2
259 42 
2
83 34 4 0
3748 16 16 0
2
244 43 
2
83 34 34 0
3714 18 14 0
2
41 43 
2
892 20 12 0
3715 18 14 0
2
245 43 
2
83 34 32 0
3716 18 14 0
2
21 43 
2
223 20 14 0
3717 18 14 0
2
246 43 
2
83 34 30 0
3718 18 14 0
2
41 43 
2
893 20 12 0
3719 18 14 0
2
251 43 
2
83 34 20 0
3720 18 14 0
2
42 213 
2
3749 16 16 0
34 16 32 0
2
43 151 
2
3721 18 14 0
32 22 2 0
2
42 214 
2
3750 16 16 0
30 12 20 0
2
43 152 
2
3722 18 14 0
26 22 30 0
2
42 215 
2
3751 16 16 0
28 18 16 0
2
43 153 
2
3723 18 14 0
26 24 26 0
2
42 216 
2
3752 16 16 0
26 8 20 0
2
43 154 
2
3724 18 14 0
30 28 18 0
2
42 217 
2
3753 16 16 0
26 14 26 0
2
43 155 
2
3725 18 14 0
32 22 22 0
2
42 218 
2
3754 16 16 0
26 10 24 0
2
43 156 
2
3726 18 14 0
32 26 18 0
2
42 219 
2
3755 16 16 0
26 24 24 0
2
43 157 
2
3727 18 14 0
28 24 16 0
2
42 220 
2
3756 16 16 0
26 12 24 0
2
43 158 
2
3728 18 14 0
26 4 14 0
2
42 221 
2
3757 16 16 0
26 6 22 0
2
43 159 
2
3729 18 14 0
24 14 4 0
2
42 222 
2
3758 16 16 0
30 6 14 0
2
43 160 
2
3730 18 14 0
24 10 14 0
2
42 223 
2
3759 16 16 0
32 14 12 0
2
43 161 
2
3731 18 14 0
24 14 2 0
2
42 224 
2
3760 16 16 0
34 24 12 0
2
43 162 
2
3732 18 14 0
24 30 18 0
2
42 225 
2
3761 16 16 0
34 20 18 0
2
43 163 
2
3733 18 14 0
24 24 22 0
2
42 226 
2
3762 16 16 0
32 18 32 0
2
43 164 
2
3734 18 14 0
24 26 20 0
2
42 227 
2
3763 16 16 0
28 2 12 0
2
43 166 
2
3735 18 14 0
28 20 22 0
2
42 228 
2
3764 16 16 0
28 12 2 0
2
43 167 
2
3736 18 14 0
30 22 12 0
2
42 229 
2
3765 16 16 0
32 2 16 0
2
43 168 
2
3737 18 14 0
32 24 10 0
2
42 230 
2
3766 16 16 0
34 10 8 0
2
43 169 
2
3738 18 14 0
32 18 2 0
2
42 231 
2
3767 16 16 0
34 14 30 0
2
43 170 
2
3739 18 14 0
32 26 14 0
2
42 232 
2
3768 16 16 0
30 26 22 0
2
43 171 
2
3740 18 14 0
32 20 4 0
2
42 233 
2
3769 16 16 0
26 8 22 0
2
43 172 
2
3741 18 14 0
28 26 8 0
2
40 42 
2
894 10 16 0
3770 16 16 0
2
41 43 
2
894 20 12 0
3742 18 14 0
2
42 213 
2
3771 16 16 0
35 16 32 0
2
43 151 
2
3743 18 14 0
33 22 2 0
2
42 214 
2
3772 16 16 0
31 12 20 0
2
43 152 
2
3744 18 14 0
27 22 30 0
2
42 215 
2
3773 16 16 0
29 18 16 0
2
43 153 
2
3745 18 14 0
27 24 26 0
2
42 216 
2
3774 16 16 0
27 8 20 0
2
43 154 
2
3746 18 14 0
31 28 18 0
2
42 217 
2
3775 16 16 0
27 14 26 0
2
43 155 
2
3747 18 14 0
33 22 22 0
2
42 218 
2
3776 16 16 0
27 10 24 0
2
43 156 
2
3748 18 14 0
33 26 18 0
2
42 219 
2
3777 16 16 0
27 24 24 0
2
43 157 
2
3749 18 14 0
29 24 16 0
2
42 220 
2
3778 16 16 0
27 12 24 0
2
43 158 
2
3750 18 14 0
27 4 14 0
2
42 221 
2
3779 16 16 0
27 6 22 0
2
43 159 
2
3751 18 14 0
25 14 4 0
2
42 222 
2
3780 16 16 0
31 6 14 0
2
43 160 
2
3752 18 14 0
25 10 14 0
2
42 223 
2
3781 16 16 0
33 14 12 0
2
43 161 
2
3753 18 14 0
25 14 2 0
2
42 224 
2
3782 16 16 0
35 24 12 0
2
43 162 
2
3754 18 14 0
25 30 18 0
2
42 225 
2
3783 16 16 0
35 20 18 0
2
43 163 
2
3755 18 14 0
25 24 22 0
2
42 226 
2
3784 16 16 0
33 18 32 0
2
43 164 
2
3756 18 14 0
25 26 20 0
2
42 227 
2
3785 16 16 0
29 2 12 0
2
43 166 
2
3757 18 14 0
29 20 22 0
2
42 228 
2
3786 16 16 0
29 12 2 0
2
43 167 
2
3758 18 14 0
31 22 12 0
2
42 229 
2
3787 16 16 0
33 2 16 0
2
43 168 
2
3759 18 14 0
33 24 10 0
2
42 230 
2
3788 16 16 0
35 10 8 0
2
43 169 
2
3760 18 14 0
33 18 2 0
2
42 231 
2
3789 16 16 0
35 14 30 0
2
43 170 
2
3761 18 14 0
33 26 14 0
2
42 232 
2
3790 16 16 0
31 26 22 0
2
43 171 
2
3762 18 14 0
33 20 4 0
2
42 233 
2
3791 16 16 0
27 8 22 0
2
43 172 
2
3763 18 14 0
29 26 8 0
2
20 40 
2
224 14 16 0
895 10 16 0
2
21 41 
2
224 20 14 0
895 20 12 0
2
18 38 
2
112 4 18 0
447 4 16 0
2
19 39 
2
112 20 8 0
447 22 8 0
2
16 36 
2
56 4 24 0
223 4 22 0
2
17 37 
2
56 26 4 0
223 24 4 0
2
14 34 
2
28 4 26 0
111 2 24 0
2
15 35 
2
28 26 2 0
111 28 2 0
2
12 32 
2
14 2 26 0
58 2 28 0
2
13 33 
2
14 30 2 0
58 32 2 0
2
30 32 
2
30 4 28 0
59 2 28 0
2
31 33 
2
30 32 6 0
59 32 2 0
2
308 34 
2
77 0 6 0
112 2 24 0
2
32 34 
2
60 2 28 0
113 2 24 0
2
309 34 
2
77 0 4 0
114 2 24 0
2
12 34 
2
15 2 26 0
115 2 24 0
2
310 34 
2
77 0 2 0
116 2 24 0
2
32 34 
2
61 2 28 0
117 2 24 0
2
311 34 
2
77 0 0 0
118 2 24 0
2
244 35 
2
77 34 34 0
112 28 2 0
2
33 35 
2
60 32 2 0
113 28 2 0
2
245 35 
2
77 34 32 0
114 28 2 0
2
13 35 
2
15 30 2 0
115 28 2 0
2
246 35 
2
77 34 30 0
116 28 2 0
2
33 35 
2
61 32 2 0
117 28 2 0
2
247 35 
2
77 34 28 0
118 28 2 0
2
292 36 
2
80 2 34 0
224 4 22 0
2
34 36 
2
119 2 24 0
225 4 22 0
2
293 36 
2
80 2 0 0
226 4 22 0
2
14 36 
2
29 4 26 0
227 4 22 0
2
294 36 
2
80 0 34 0
228 4 22 0
2
34 36 
2
120 2 24 0
229 4 22 0
2
295 36 
2
80 0 32 0
230 4 22 0
2
264 37 
2
80 30 34 0
224 24 4 0
2
35 37 
2
119 28 2 0
225 24 4 0
2
265 37 
2
80 30 0 0
226 24 4 0
2
15 37 
2
29 26 2 0
227 24 4 0
2
266 37 
2
80 28 34 0
228 24 4 0
2
35 37 
2
120 28 2 0
229 24 4 0
2
267 37 
2
80 28 0 0
230 24 4 0
2
247 38 
2
83 34 28 0
448 4 16 0
2
36 38 
2
231 4 22 0
449 4 16 0
2
248 38 
2
83 34 26 0
450 4 16 0
2
16 38 
2
57 4 24 0
451 4 16 0
2
249 38 
2
83 34 24 0
452 4 16 0
2
36 38 
2
232 4 22 0
453 4 16 0
2
250 38 
2
83 34 22 0
454 4 16 0
2
305 39 
2
80 0 12 0
448 22 8 0
2
37 39 
2
231 24 4 0
449 22 8 0
2
306 39 
2
80 0 10 0
450 22 8 0
2
17 39 
2
57 26 4 0
451 22 8 0
2
307 39 
2
80 0 8 0
452 22 8 0
2
37 39 
2
232 24 4 0
453 22 8 0
2
308 39 
2
80 0 6 0
454 22 8 0
2
263 40 
2
83 32 0 0
896 10 16 0
2
38 40 
2
455 4 16 0
897 10 16 0
2
264 40 
2
83 30 34 0
898 10 16 0
2
18 40 
2
113 4 18 0
899 10 16 0
2
265 40 
2
83 30 0 0
900 10 16 0
2
38 40 
2
456 4 16 0
901 10 16 0
2
266 40 
2
83 28 34 0
902 10 16 0
2
253 41 
2
83 34 16 0
896 20 12 0
2
39 41 
2
455 22 8 0
897 20 12 0
2
254 41 
2
83 34 14 0
898 20 12 0
2
19 41 
2
113 20 8 0
899 20 12 0
2
255 41 
2
83 34 12 0
900 20 12 0
2
39 41 
2
456 22 8 0
901 20 12 0
2
256 41 
2
83 34 10 0
902 20 12 0
2
268 42 
2
83 26 34 0
3792 16 16 0
2
40 42 
2
903 10 16 0
3793 16 16 0
2
273 42 
2
83 22 0 0
3794 16 16 0
2
20 42 
2
225 14 16 0
3795 16 16 0
2
274 42 
2
83 20 34 0
3796 16 16 0
2
40 42 
2
904 10 16 0
3797 16 16 0
2
275 42 
2
83 20 0 0
3798 16 16 0
2
260 43 
2
83 34 2 0
3764 18 14 0
2
41 43 
2
903 20 12 0
3765 18 14 0
2
261 43 
2
83 34 0 0
3766 18 14 0
2
21 43 
2
225 20 14 0
3767 18 14 0
2
262 43 
2
83 32 34 0
3768 18 14 0
2
41 43 
2
904 20 12 0
3769 18 14 0
2
267 43 
2
83 28 0 0
3770 18 14 0
2
42 232 
2
3799 16 16 0
32 26 22 0
2
43 152 
2
3771 18 14 0
28 22 30 0
2
42 233 
2
3800 16 16 0
28 8 22 0
2
43 153 
2
3772 18 14 0
28 24 26 0
2
42 234 
2
3801 16 16 0
24 12 22 0
2
43 154 
2
3773 18 14 0
32 28 18 0
2
43 155 
2
3774 18 14 0
34 22 22 0
2
43 156 
2
3775 18 14 0
34 26 18 0
2
43 157 
2
3776 18 14 0
30 24 16 0
2
43 158 
2
3777 18 14 0
28 4 14 0
2
43 159 
2
3778 18 14 0
26 14 4 0
2
43 160 
2
3779 18 14 0
26 10 14 0
2
43 161 
2
3780 18 14 0
26 14 2 0
2
43 162 
2
3781 18 14 0
26 30 18 0
2
43 163 
2
3782 18 14 0
26 24 22 0
2
43 164 
2
3783 18 14 0
26 26 20 0
2
43 166 
2
3784 18 14 0
30 20 22 0
2
43 167 
2
3785 18 14 0
32 22 12 0
2
43 168 
2
3786 18 14 0
34 24 10 0
2
43 169 
2
3787 18 14 0
34 18 2 0
2
43 170 
2
3788 18 14 0
34 26 14 0
2
43 171 
2
3789 18 14 0
34 20 4 0
2
43 172 
2
3790 18 14 0
30 26 8 0
2
43 173 
2
3791 18 14 0
24 26 6 0
2
40 42 
2
905 10 16 0
3802 16 16 0
2
41 43 
2
905 20 12 0
3792 18 14 0
2
42 232 
2
3803 16 16 0
33 26 22 0
2
43 152 
2
3793 18 14 0
29 22 30 0
2
42 233 
2
3804 16 16 0
29 8 22 0
2
43 153 
2
3794 18 14 0
29 24 26 0
2
42 234 
2
3805 16 16 0
25 12 22 0
2
43 154 
2
3795 18 14 0
33 28 18 0
2
43 155 
2
3796 18 14 0
35 22 22 0
2
43 156 
2
3797 18 14 0
35 26 18 0
2
43 157 
2
3798 18 14 0
31 24 16 0
2
43 158 
2
3799 18 14 0
29 4 14 0
2
43 159 
2
3800 18 14 0
27 14 4 0
2
43 160 
2
3801 18 14 0
27 10 14 0
2
43 161 
2
3802 18 14 0
27 14 2 0
2
43 162 
2
3803 18 14 0
27 30 18 0
2
43 163 
2
3804 18 14 0
27 24 22 0
2
43 164 
2
3805 18 14 0
27 26 20 0
2
43 166 
2
3806 18 14 0
31 20 22 0
2
43 167 
2
3807 18 14 0
33 22 12 0
2
43 168 
2
3808 18 14 0
35 24 10 0
2
43 169 
2
3809 18 14 0
35 18 2 0
2
43 170 
2
3810 18 14 0
35 26 14 0
2
43 171 
2
3811 18 14 0
35 20 4 0
2
43 172 
2
3812 18 14 0
31 26 8 0
2
43 173 
2
3813 18 14 0
25 26 6 0
2
20 40 
2
226 14 16 0
906 10 16 0
2
21 41 
2
226 20 14 0
906 20 12 0
2
38 40 
2
457 4 16 0
907 10 16 0
2
39 41 
2
457 22 8 0
907 20 12 0
2
280 42 
2
83 14 34 0
3806 16 16 0
2
40 42 
2
908 10 16 0
3807 16 16 0
2
281 42 
2
83 14 0 0
3808 16 16 0
2
20 42 
2
227 14 16 0
3809 16 16 0
2
282 42 
2
83 12 34 0
3810 16 16 0
2
40 42 
2
909 10 16 0
3811 16 16 0
2
283 42 
2
83 12 0 0
3812 16 16 0
2
284 43 
2
83 10 34 0
3814 18 14 0
2
41 43 
2
908 20 12 0
3815 18 14 0
2
285 43 
2
83 10 0 0
3816 18 14 0
2
21 43 
2
227 20 14 0
3817 18 14 0
2
290 43 
2
83 4 34 0
3818 18 14 0
2
41 43 
2
909 20 12 0
3819 18 14 0
2
291 43 
2
83 4 0 0
3820 18 14 0
2
42 233 
2
3813 16 16 0
30 8 22 0
2
43 172 
2
3821 18 14 0
32 26 8 0
2
42 234 
2
3814 16 16 0
26 12 22 0
2
43 173 
2
3822 18 14 0
26 26 6 0
2
42 235 
2
3815 16 16 0
24 14 24 0
2
43 174 
2
3823 18 14 0
24 20 32 0
2
43 175 
2
3824 18 14 0
26 6 8 0
2
43 176 
2
3825 18 14 0
26 20 30 0
2
43 177 
2
3826 18 14 0
24 8 4 0
2
43 178 
2
3827 18 14 0
20 10 2 0
2
43 179 
2
3828 18 14 0
18 30 22 0
2
43 180 
2
3829 18 14 0
16 26 26 0
2
43 181 
2
3830 18 14 0
16 32 20 0
2
43 182 
2
3831 18 14 0
16 32 10 0
2
43 183 
2
3832 18 14 0
16 2 8 0
2
43 184 
2
3833 18 14 0
16 30 8 0
2
43 185 
2
3834 18 14 0
16 24 30 0
2
43 186 
2
3835 18 14 0
18 28 6 0
2
43 188 
2
3836 18 14 0
18 30 6 0
2
43 189 
2
3837 18 14 0
18 32 8 0
2
43 191 
2
3838 18 14 0
16 28 4 0
2
43 240 
2
3839 18 14 0
14 6 4 0
2
43 241 
2
3840 18 14 0
12 32 22 0
2
43 242 
2
3841 18 14 0
8 4 6 0
2
40 42 
2
910 10 16 0
3816 16 16 0
2
41 43 
2
910 20 12 0
3842 18 14 0
2
42 233 
2
3817 16 16 0
31 8 22 0
2
43 172 
2
3843 18 14 0
33 26 8 0
2
42 234 
2
3818 16 16 0
27 12 22 0
2
43 173 
2
3844 18 14 0
27 26 6 0
2
42 235 
2
3819 16 16 0
25 14 24 0
2
43 174 
2
3845 18 14 0
25 20 32 0
2
43 175 
2
3846 18 14 0
27 6 8 0
2
43 176 
2
3847 18 14 0
27 20 30 0
2
43 177 
2
3848 18 14 0
25 8 4 0
2
43 178 
2
3849 18 14 0
21 10 2 0
2
43 179 
2
3850 18 14 0
19 30 22 0
2
43 180 
2
3851 18 14 0
17 26 26 0
2
43 181 
2
3852 18 14 0
17 32 20 0
2
43 182 
2
3853 18 14 0
17 32 10 0
2
43 183 
2
3854 18 14 0
17 2 8 0
2
43 184 
2
3855 18 14 0
17 30 8 0
2
43 185 
2
3856 18 14 0
17 24 30 0
2
43 186 
2
3857 18 14 0
19 28 6 0
2
43 188 
2
3858 18 14 0
19 30 6 0
2
43 189 
2
3859 18 14 0
19 32 8 0
2
43 191 
2
3860 18 14 0
17 28 4 0
2
43 240 
2
3861 18 14 0
15 6 4 0
2
43 241 
2
3862 18 14 0
13 32 22 0
2
43 242 
2
3863 18 14 0
9 4 6 0
2
20 40 
2
228 14 16 0
911 10 16 0
2
21 41 
2
228 20 14 0
911 20 12 0
2
18 38 
2
114 4 18 0
458 4 16 0
2
19 39 
2
114 20 8 0
458 22 8 0
2
36 38 
2
233 4 22 0
459 4 16 0
2
37 39 
2
233 24 4 0
459 22 8 0
2
286 40 
2
83 8 34 0
912 10 16 0
2
38 40 
2
460 4 16 0
913 10 16 0
2
287 40 
2
83 8 0 0
914 10 16 0
2
18 40 
2
115 4 18 0
915 10 16 0
2
288 40 
2
83 6 34 0
916 10 16 0
2
38 40 
2
461 4 16 0
917 10 16 0
2
289 40 
2
83 6 0 0
918 10 16 0
2
296 41 
2
83 0 30 0
912 20 12 0
2
39 41 
2
460 22 8 0
913 20 12 0
2
297 41 
2
83 0 28 0
914 20 12 0
2
19 41 
2
115 20 8 0
915 20 12 0
2
298 41 
2
83 0 26 0
916 20 12 0
2
39 41 
2
461 22 8 0
917 20 12 0
2
299 41 
2
83 0 24 0
918 20 12 0
2
292 42 
2
83 2 34 0
3820 16 16 0
2
40 42 
2
919 10 16 0
3821 16 16 0
2
293 42 
2
83 2 0 0
3822 16 16 0
2
20 42 
2
229 14 16 0
3823 16 16 0
2
294 42 
2
83 0 34 0
3824 16 16 0
2
40 42 
2
920 10 16 0
3825 16 16 0
2
295 42 
2
83 0 32 0
3826 16 16 0
2
304 43 
2
83 0 14 0
3864 18 14 0
2
41 43 
2
919 20 12 0
3865 18 14 0
2
305 43 
2
83 0 12 0
3866 18 14 0
2
21 43 
2
229 20 14 0
3867 18 14 0
2
306 43 
2
83 0 10 0
3868 18 14 0
2
41 43 
2
920 20 12 0
3869 18 14 0
2
307 43 
2
83 0 8 0
3870 18 14 0
2
42 232 
2
3827 16 16 0
34 26 22 0
2
43 173 
2
3871 18 14 0
28 26 6 0
2
42 233 
2
3828 16 16 0
32 8 22 0
2
43 174 
2
3872 18 14 0
26 20 32 0
2
42 234 
2
3829 16 16 0
28 12 22 0
2
43 175 
2
3873 18 14 0
28 6 8 0
2
42 235 
2
3830 16 16 0
26 14 24 0
2
43 176 
2
3874 18 14 0
28 20 30 0
2
42 236 
2
3831 16 16 0
24 8 10 0
2
43 177 
2
3875 18 14 0
26 8 4 0
2
42 237 
2
3832 16 16 0
24 20 28 0
2
43 178 
2
3876 18 14 0
22 10 2 0
2
42 238 
2
3833 16 16 0
24 14 10 0
2
43 179 
2
3877 18 14 0
20 30 22 0
2
42 239 
2
3834 16 16 0
24 16 20 0
2
43 180 
2
3878 18 14 0
18 26 26 0
2
42 50 
2
3835 16 16 0
26 4 12 0
2
43 181 
2
3879 18 14 0
18 32 20 0
2
42 45 
2
3836 16 16 0
30 16 2 0
2
43 182 
2
3880 18 14 0
18 32 10 0
2
42 47 
2
3837 16 16 0
34 26 12 0
2
43 183 
2
3881 18 14 0
18 2 8 0
2
42 49 
2
3838 16 16 0
36 32 14 0
2
43 184 
2
3882 18 14 0
18 30 8 0
2
42 52 
2
3839 16 16 0
36 18 4 0
2
43 185 
2
3883 18 14 0
18 24 30 0
2
42 53 
2
3840 16 16 0
36 18 8 0
2
43 186 
2
3884 18 14 0
20 28 6 0
2
42 54 
2
3841 16 16 0
34 24 6 0
2
43 188 
2
3885 18 14 0
20 30 6 0
2
42 55 
2
3842 16 16 0
30 24 2 0
2
43 189 
2
3886 18 14 0
20 32 8 0
2
42 56 
2
3843 16 16 0
30 32 18 0
2
43 191 
2
3887 18 14 0
18 28 4 0
2
42 57 
2
3844 16 16 0
34 22 28 0
2
43 240 
2
3888 18 14 0
16 6 4 0
2
42 58 
2
3845 16 16 0
36 10 10 0
2
43 241 
2
3889 18 14 0
14 32 22 0
2
42 59 
2
3846 16 16 0
36 28 16 0
2
43 242 
2
3890 18 14 0
10 4 6 0
2
42 60 
2
3847 16 16 0
32 16 8 0
2
43 243 
2
3891 18 14 0
4 26 28 0
2
40 42 
2
921 10 16 0
3848 16 16 0
2
41 43 
2
921 20 12 0
3892 18 14 0
2
42 232 
2
3849 16 16 0
35 26 22 0
2
43 173 
2
3893 18 14 0
29 26 6 0
2
42 233 
2
3850 16 16 0
33 8 22 0
2
43 174 
2
3894 18 14 0
27 20 32 0
2
42 234 
2
3851 16 16 0
29 12 22 0
2
43 175 
2
3895 18 14 0
29 6 8 0
2
42 235 
2
3852 16 16 0
27 14 24 0
2
43 176 
2
3896 18 14 0
29 20 30 0
2
42 236 
2
3853 16 16 0
25 8 10 0
2
43 177 
2
3897 18 14 0
27 8 4 0
2
42 237 
2
3854 16 16 0
25 20 28 0
2
43 178 
2
3898 18 14 0
23 10 2 0
2
42 238 
2
3855 16 16 0
25 14 10 0
2
43 179 
2
3899 18 14 0
21 30 22 0
2
42 239 
2
3856 16 16 0
25 16 20 0
2
43 180 
2
3900 18 14 0
19 26 26 0
2
42 50 
2
3857 16 16 0
27 4 12 0
2
43 181 
2
3901 18 14 0
19 32 20 0
2
42 45 
2
3858 16 16 0
31 16 2 0
2
43 182 
2
3902 18 14 0
19 32 10 0
2
42 47 
2
3859 16 16 0
35 26 12 0
2
43 183 
2
3903 18 14 0
19 2 8 0
2
42 49 
2
3860 16 16 0
37 32 14 0
2
43 184 
2
3904 18 14 0
19 30 8 0
2
42 52 
2
3861 16 16 0
37 18 4 0
2
43 185 
2
3905 18 14 0
19 24 30 0
2
42 53 
2
3862 16 16 0
37 18 8 0
2
43 186 
2
3906 18 14 0
21 28 6 0
2
42 54 
2
3863 16 16 0
35 24 6 0
2
43 188 
2
3907 18 14 0
21 30 6 0
2
42 55 
2
3864 16 16 0
31 24 2 0
2
43 189 
2
3908 18 14 0
21 32 8 0
2
42 56 
2
3865 16 16 0
31 32 18 0
2
43 191 
2
3909 18 14 0
19 28 4 0
2
42 57 
2
3866 16 16 0
35 22 28 0
2
43 240 
2
3910 18 14 0
17 6 4 0
2
42 58 
2
3867 16 16 0
37 10 10 0
2
43 241 
2
3911 18 14 0
15 32 22 0
2
42 59 
2
3868 16 16 0
37 28 16 0
2
43 242 
2
3912 18 14 0
11 4 6 0
2
42 60 
2
3869 16 16 0
33 16 8 0
2
43 243 
2
3913 18 14 0
5 26 28 0
2
20 40 
2
230 14 16 0
922 10 16 0
2
21 41 
2
230 20 14 0
922 20 12 0
2
38 40 
2
462 4 16 0
923 10 16 0
2
39 41 
2
462 22 8 0
923 20 12 0
2
308 42 
2
83 0 6 0
3870 16 16 0
2
40 42 
2
924 10 16 0
3871 16 16 0
2
309 42 
2
83 0 4 0
3872 16 16 0
2
20 42 
2
231 14 16 0
3873 16 16 0
2
310 42 
2
83 0 2 0
3874 16 16 0
2
40 42 
2
925 10 16 0
3875 16 16 0
2
311 42 
2
83 0 0 0
3876 16 16 0
2
252 43 
2
86 34 18 0
3914 18 14 0
2
41 43 
2
924 20 12 0
3915 18 14 0
2
253 43 
2
86 34 16 0
3916 18 14 0
2
21 43 
2
231 20 14 0
3917 18 14 0
2
254 43 
2
86 34 14 0
3918 18 14 0
2
41 43 
2
925 20 12 0
3919 18 14 0
2
255 43 
2
86 34 12 0
3920 18 14 0
2
42 233 
2
3877 16 16 0
34 8 22 0
2
43 46 
2
3921 18 14 0
12 28 26 0
2
42 234 
2
3878 16 16 0
30 12 22 0
2
42 235 
2
3879 16 16 0
28 14 24 0
2
42 236 
2
3880 16 16 0
26 8 10 0
2
42 237 
2
3881 16 16 0
26 20 28 0
2
42 238 
2
3882 16 16 0
26 14 10 0
2
42 239 
2
3883 16 16 0
26 16 20 0
2
42 50 
2
3884 16 16 0
28 4 12 0
2
42 45 
2
3885 16 16 0
32 16 2 0
2
42 47 
2
3886 16 16 0
36 26 12 0
2
42 49 
2
3887 16 16 0
38 32 14 0
2
42 52 
2
3888 16 16 0
38 18 4 0
2
42 53 
2
3889 16 16 0
38 18 8 0
2
42 54 
2
3890 16 16 0
36 24 6 0
2
42 55 
2
3891 16 16 0
32 24 2 0
2
42 56 
2
3892 16 16 0
32 32 18 0
2
42 57 
2
3893 16 16 0
36 22 28 0
2
42 58 
2
3894 16 16 0
38 10 10 0
2
42 59 
2
3895 16 16 0
38 28 16 0
2
42 60 
2
3896 16 16 0
34 16 8 0
2
42 61 
2
3897 16 16 0
30 18 30 0
2
40 42 
2
926 10 16 0
3898 16 16 0
2
41 43 
2
926 20 12 0
3922 18 14 0
2
42 233 
2
3899 16 16 0
35 8 22 0
2
43 44 
2
3923 18 14 0
6 30 26 0
2
42 234 
2
3900 16 16 0
31 12 22 0
2
42 235 
2
3901 16 16 0
29 14 24 0
2
42 236 
2
3902 16 16 0
27 8 10 0
2
42 237 
2
3903 16 16 0
27 20 28 0
2
42 238 
2
3904 16 16 0
27 14 10 0
2
42 239 
2
3905 16 16 0
27 16 20 0
2
42 50 
2
3906 16 16 0
29 4 12 0
2
42 45 
2
3907 16 16 0
33 16 2 0
2
42 47 
2
3908 16 16 0
37 26 12 0
2
42 49 
2
3909 16 16 0
39 32 14 0
2
42 52 
2
3910 16 16 0
39 18 4 0
2
42 53 
2
3911 16 16 0
39 18 8 0
2
42 54 
2
3912 16 16 0
37 24 6 0
2
42 55 
2
3913 16 16 0
33 24 2 0
2
42 56 
2
3914 16 16 0
33 32 18 0
2
42 57 
2
3915 16 16 0
37 22 28 0
2
42 58 
2
3916 16 16 0
39 10 10 0
2
42 59 
2
3917 16 16 0
39 28 16 0
2
42 60 
2
3918 16 16 0
35 16 8 0
2
42 61 
2
3919 16 16 0
31 18 30 0
2
20 40 
2
232 14 16 0
927 10 16 0
2
21 41 
2
232 20 14 0
927 20 12 0
2
18 38 
2
116 4 18 0
463 4 16 0
2
19 39 
2
116 20 8 0
463 22 8 0
2
16 36 
2
58 4 24 0
234 4 22 0
2
17 37 
2
58 26 4 0
234 24 4 0
2
34 36 
2
121 2 24 0
235 4 22 0
2
35 37 
2
121 28 2 0
235 24 4 0
2
300 38 
2
83 0 22 0
464 4 16 0
2
36 38 
2
236 4 22 0
465 4 16 0
2
301 38 
2
83 0 20 0
466 4 16 0
2
16 38 
2
59 4 24 0
467 4 16 0
2
302 38 
2
83 0 18 0
468 4 16 0
2
36 38 
2
237 4 22 0
469 4 16 0
2
303 38 
2
83 0 16 0
470 4 16 0
2
244 39 
2
86 34 34 0
464 22 8 0
2
37 39 
2
236 24 4 0
465 22 8 0
2
245 39 
2
86 34 32 0
466 22 8 0
2
17 39 
2
59 26 4 0
467 22 8 0
2
246 39 
2
86 34 30 0
468 22 8 0
2
37 39 
2
237 24 4 0
469 22 8 0
2
247 39 
2
86 34 28 0
470 22 8 0
2
248 40 
2
86 34 26 0
928 10 16 0
2
38 40 
2
471 4 16 0
929 10 16 0
2
249 40 
2
86 34 24 0
930 10 16 0
2
18 40 
2
117 4 18 0
931 10 16 0
2
250 40 
2
86 34 22 0
932 10 16 0
2
38 40 
2
472 4 16 0
933 10 16 0
2
251 40 
2
86 34 20 0
934 10 16 0
2
257 41 
2
86 34 8 0
928 20 12 0
2
39 41 
2
471 22 8 0
929 20 12 0
2
258 41 
2
86 34 6 0
930 20 12 0
2
19 41 
2
117 20 8 0
931 20 12 0
2
259 41 
2
86 34 4 0
932 20 12 0
2
39 41 
2
472 22 8 0
933 20 12 0
2
260 41 
2
86 34 2 0
934 20 12 0
2
256 42 
2
86 34 10 0
3920 16 16 0
2
40 42 
2
935 10 16 0
3921 16 16 0
2
261 42 
2
86 34 0 0
3922 16 16 0
2
20 42 
2
233 14 16 0
3923 16 16 0
2
262 42 
2
86 32 34 0
3924 16 16 0
2
40 42 
2
936 10 16 0
3925 16 16 0
2
264 42 
2
86 30 34 0
3926 16 16 0
2
263 43 
2
86 32 0 0
3924 18 14 0
2
41 43 
2
935 20 12 0
3925 18 14 0
2
265 43 
2
86 30 0 0
3926 18 14 0
2
21 43 
2
233 20 14 0
3927 18 14 0
2
266 43 
2
86 28 34 0
3928 18 14 0
2
41 43 
2
936 20 12 0
3929 18 14 0
2
267 43 
2
86 28 0 0
3930 18 14 0
2
42 60 
2
3927 16 16 0
36 16 8 0
2
43 44 
2
3931 18 14 0
7 30 26 0
2
42 61 
2
3928 16 16 0
32 18 30 0
2
43 46 
2
3932 18 14 0
13 28 26 0
2
42 62 
2
3929 16 16 0
28 20 24 0
2
40 42 
2
937 10 16 0
3930 16 16 0
2
41 43 
2
937 20 12 0
3933 18 14 0
2
42 60 
2
3931 16 16 0
37 16 8 0
2
43 51 
2
3934 18 14 0
18 12 32 0
2
42 61 
2
3932 16 16 0
33 18 30 0
2
42 62 
2
3933 16 16 0
29 20 24 0
2
20 40 
2
234 14 16 0
938 10 16 0
2
21 41 
2
234 20 14 0
938 20 12 0
2
38 40 
2
473 4 16 0
939 10 16 0
2
39 41 
2
473 22 8 0
939 20 12 0
2
276 42 
2
86 18 34 0
3934 16 16 0
2
40 42 
2
940 10 16 0
3935 16 16 0
2
278 42 
2
86 16 34 0
3936 16 16 0
2
20 42 
2
235 14 16 0
3937 16 16 0
2
280 42 
2
86 14 34 0
3938 16 16 0
2
40 42 
2
941 10 16 0
3939 16 16 0
2
282 42 
2
86 12 34 0
3940 16 16 0
2
277 43 
2
86 18 0 0
3935 18 14 0
2
41 43 
2
940 20 12 0
3936 18 14 0
2
279 43 
2
86 16 0 0
3937 18 14 0
2
21 43 
2
235 20 14 0
3938 18 14 0
2
281 43 
2
86 14 0 0
3939 18 14 0
2
41 43 
2
941 20 12 0
3940 18 14 0
2
283 43 
2
86 12 0 0
3941 18 14 0
2
42 61 
2
3941 16 16 0
34 18 30 0
2
43 48 
2
3942 18 14 0
16 22 32 0
2
42 62 
2
3942 16 16 0
30 20 24 0
2
42 63 
2
3943 16 16 0
28 16 12 0
2
40 42 
2
942 10 16 0
3944 16 16 0
2
41 43 
2
942 20 12 0
3943 18 14 0
2
42 61 
2
3945 16 16 0
35 18 30 0
2
43 48 
2
3944 18 14 0
17 22 32 0
2
42 62 
2
3946 16 16 0
31 20 24 0
2
43 51 
2
3945 18 14 0
19 12 32 0
2
42 63 
2
3947 16 16 0
29 16 12 0
2
20 40 
2
236 14 16 0
943 10 16 0
2
21 41 
2
236 20 14 0
943 20 12 0
2
18 38 
2
118 4 18 0
474 4 16 0
2
19 39 
2
118 20 8 0
474 22 8 0
2
36 38 
2
238 4 22 0
475 4 16 0
2
37 39 
2
238 24 4 0
475 22 8 0
2
288 40 
2
86 6 34 0
944 10 16 0
2
38 40 
2
476 4 16 0
945 10 16 0
2
289 40 
2
86 6 0 0
946 10 16 0
2
18 40 
2
119 4 18 0
947 10 16 0
2
290 40 
2
86 4 34 0
948 10 16 0
2
38 40 
2
477 4 16 0
949 10 16 0
2
291 40 
2
86 4 0 0
950 10 16 0
2
284 41 
2
86 10 34 0
944 20 12 0
2
39 41 
2
476 22 8 0
945 20 12 0
2
285 41 
2
86 10 0 0
946 20 12 0
2
19 41 
2
119 20 8 0
947 20 12 0
2
286 41 
2
86 8 34 0
948 20 12 0
2
39 41 
2
477 22 8 0
949 20 12 0
2
287 41 
2
86 8 0 0
950 20 12 0
2
293 42 
2
86 2 0 0
3948 16 16 0
2
40 42 
2
951 10 16 0
3949 16 16 0
2
295 42 
2
86 0 32 0
3950 16 16 0
2
20 42 
2
237 14 16 0
3951 16 16 0
2
297 42 
2
86 0 28 0
3952 16 16 0
2
40 42 
2
952 10 16 0
3953 16 16 0
2
299 42 
2
86 0 24 0
3954 16 16 0
2
292 43 
2
86 2 34 0
3946 18 14 0
2
41 43 
2
951 20 12 0
3947 18 14 0
2
294 43 
2
86 0 34 0
3948 18 14 0
2
21 43 
2
237 20 14 0
3949 18 14 0
2
296 43 
2
86 0 30 0
3950 18 14 0
2
41 43 
2
952 20 12 0
3951 18 14 0
2
298 43 
2
86 0 26 0
3952 18 14 0
2
42 60 
2
3955 16 16 0
38 16 8 0
2
43 70 
2
3953 18 14 0
22 8 2 0
2
42 61 
2
3956 16 16 0
36 18 30 0
2
42 62 
2
3957 16 16 0
32 20 24 0
2
42 63 
2
3958 16 16 0
30 16 12 0
2
42 64 
2
3959 16 16 0
28 16 6 0
2
42 65 
2
3960 16 16 0
28 10 6 0
2
42 66 
2
3961 16 16 0
28 18 22 0
2
42 67 
2
3962 16 16 0
28 18 28 0
2
42 68 
2
3963 16 16 0
32 18 12 0
2
42 86 
2
3964 16 16 0
34 6 10 0
2
42 87 
2
3965 16 16 0
36 22 14 0
2
42 89 
2
3966 16 16 0
36 24 14 0
2
42 90 
2
3967 16 16 0
36 20 10 0
2
42 91 
2
3968 16 16 0
36 28 8 0
2
42 92 
2
3969 16 16 0
34 32 12 0
2
42 93 
2
3970 16 16 0
30 20 2 0
2
42 94 
2
3971 16 16 0
30 8 6 0
2
42 95 
2
3972 16 16 0
34 6 12 0
2
42 96 
2
3973 16 16 0
36 16 4 0
2
42 97 
2
3974 16 16 0
36 12 14 0
2
42 98 
2
3975 16 16 0
32 22 16 0
2
40 42 
2
953 10 16 0
3976 16 16 0
2
41 43 
2
953 20 12 0
3954 18 14 0
2
42 60 
2
3977 16 16 0
39 16 8 0
2
43 69 
2
3955 18 14 0
20 6 26 0
2
42 61 
2
3978 16 16 0
37 18 30 0
2
42 62 
2
3979 16 16 0
33 20 24 0
2
42 63 
2
3980 16 16 0
31 16 12 0
2
42 64 
2
3981 16 16 0
29 16 6 0
2
42 65 
2
3982 16 16 0
29 10 6 0
2
42 66 
2
3983 16 16 0
29 18 22 0
2
42 67 
2
3984 16 16 0
29 18 28 0
2
42 68 
2
3985 16 16 0
33 18 12 0
2
42 86 
2
3986 16 16 0
35 6 10 0
2
42 87 
2
3987 16 16 0
37 22 14 0
2
42 89 
2
3988 16 16 0
37 24 14 0
2
42 90 
2
3989 16 16 0
37 20 10 0
2
42 91 
2
3990 16 16 0
37 28 8 0
2
42 92 
2
3991 16 16 0
35 32 12 0
2
42 93 
2
3992 16 16 0
31 20 2 0
2
42 94 
2
3993 16 16 0
31 8 6 0
2
42 95 
2
3994 16 16 0
35 6 12 0
2
42 96 
2
3995 16 16 0
37 16 4 0
2
42 97 
2
3996 16 16 0
37 12 14 0
2
42 98 
2
3997 16 16 0
33 22 16 0
2
20 40 
2
238 14 16 0
954 10 16 0
2
21 41 
2
238 20 14 0
954 20 12 0
2
38 40 
2
478 4 16 0
955 10 16 0
2
39 41 
2
478 22 8 0
955 20 12 0
2
272 42 
2
89 22 34 0
3998 16 16 0
2
40 42 
2
956 10 16 0
3999 16 16 0
2
274 42 
2
89 20 34 0
4000 16 16 0
2
20 42 
2
239 14 16 0
4001 16 16 0
2
276 42 
2
89 18 34 0
4002 16 16 0
2
40 42 
2
957 10 16 0
4003 16 16 0
2
278 42 
2
89 16 34 0
4004 16 16 0
2
304 43 
2
86 0 14 0
3956 18 14 0
2
41 43 
2
956 20 12 0
3957 18 14 0
2
305 43 
2
86 0 12 0
3958 18 14 0
2
21 43 
2
239 20 14 0
3959 18 14 0
2
306 43 
2
86 0 10 0
3960 18 14 0
2
41 43 
2
957 20 12 0
3961 18 14 0
2
307 43 
2
86 0 8 0
3962 18 14 0
2
42 61 
2
4005 16 16 0
38 18 30 0
2
43 69 
2
3963 18 14 0
21 6 26 0
2
42 62 
2
4006 16 16 0
34 20 24 0
2
43 70 
2
3964 18 14 0
23 8 2 0
2
42 63 
2
4007 16 16 0
32 16 12 0
2
42 64 
2
4008 16 16 0
30 16 6 0
2
42 65 
2
4009 16 16 0
30 10 6 0
2
42 66 
2
4010 16 16 0
30 18 22 0
2
42 67 
2
4011 16 16 0
30 18 28 0
2
42 68 
2
4012 16 16 0
34 18 12 0
2
42 86 
2
4013 16 16 0
36 6 10 0
2
42 87 
2
4014 16 16 0
38 22 14 0
2
42 89 
2
4015 16 16 0
38 24 14 0
2
42 90 
2
4016 16 16 0
38 20 10 0
2
42 91 
2
4017 16 16 0
38 28 8 0
2
42 92 
2
4018 16 16 0
36 32 12 0
2
42 93 
2
4019 16 16 0
32 20 2 0
2
42 94 
2
4020 16 16 0
32 8 6 0
2
42 95 
2
4021 16 16 0
36 6 12 0
2
42 96 
2
4022 16 16 0
38 16 4 0
2
42 97 
2
4023 16 16 0
38 12 14 0
2
42 98 
2
4024 16 16 0
34 22 16 0
2
42 99 
2
4025 16 16 0
30 18 24 0
2
40 42 
2
958 10 16 0
4026 16 16 0
2
41 43 
2
958 20 12 0
3965 18 14 0
2
42 61 
2
4027 16 16 0
39 18 30 0
2
43 72 
2
3966 18 14 0
18 8 30 0
2
42 62 
2
4028 16 16 0
35 20 24 0
2
42 63 
2
4029 16 16 0
33 16 12 0
2
42 64 
2
4030 16 16 0
31 16 6 0
2
42 65 
2
4031 16 16 0
31 10 6 0
2
42 66 
2
4032 16 16 0
31 18 22 0
2
42 67 
2
4033 16 16 0
31 18 28 0
2
42 68 
2
4034 16 16 0
35 18 12 0
2
42 86 
2
4035 16 16 0
37 6 10 0
2
42 87 
2
4036 16 16 0
39 22 14 0
2
42 89 
2
4037 16 16 0
39 24 14 0
2
42 90 
2
4038 16 16 0
39 20 10 0
2
42 91 
2
4039 16 16 0
39 28 8 0
2
42 92 
2
4040 16 16 0
37 32 12 0
2
42 93 
2
4041 16 16 0
33 20 2 0
2
42 94 
2
4042 16 16 0
33 8 6 0
2
42 95 
2
4043 16 16 0
37 6 12 0
2
42 96 
2
4044 16 16 0
39 16 4 0
2
42 97 
2
4045 16 16 0
39 12 14 0
2
42 98 
2
4046 16 16 0
35 22 16 0
2
42 99 
2
4047 16 16 0
31 18 24 0
2
20 40 
2
240 14 16 0
959 10 16 0
2
21 41 
2
240 20 14 0
959 20 12 0
2
18 38 
2
120 4 18 0
479 4 16 0
2
19 39 
2
120 20 8 0
479 22 8 0
2
16 36 
2
60 4 24 0
239 4 22 0
2
17 37 
2
60 26 4 0
239 24 4 0
2
14 34 
2
30 4 26 0
122 2 24 0
2
15 35 
2
30 26 2 0
122 28 2 0
2
32 34 
2
62 2 28 0
123 2 24 0
2
33 35 
2
62 32 2 0
123 28 2 0
2
268 36 
2
86 26 34 0
240 4 22 0
2
34 36 
2
124 2 24 0
241 4 22 0
2
269 36 
2
86 26 0 0
242 4 22 0
2
14 36 
2
31 4 26 0
243 4 22 0
2
270 36 
2
86 24 34 0
244 4 22 0
2
34 36 
2
125 2 24 0
245 4 22 0
2
271 36 
2
86 24 0 0
246 4 22 0
2
272 37 
2
86 22 34 0
240 24 4 0
2
35 37 
2
124 28 2 0
241 24 4 0
2
273 37 
2
86 22 0 0
242 24 4 0
2
15 37 
2
31 26 2 0
243 24 4 0
2
274 37 
2
86 20 34 0
244 24 4 0
2
35 37 
2
125 28 2 0
245 24 4 0
2
275 37 
2
86 20 0 0
246 24 4 0
2
252 38 
2
89 34 18 0
480 4 16 0
2
36 38 
2
247 4 22 0
481 4 16 0
2
253 38 
2
89 34 16 0
482 4 16 0
2
16 38 
2
61 4 24 0
483 4 16 0
2
254 38 
2
89 34 14 0
484 4 16 0
2
36 38 
2
248 4 22 0
485 4 16 0
2
255 38 
2
89 34 12 0
486 4 16 0
2
300 39 
2
86 0 22 0
480 22 8 0
2
37 39 
2
247 24 4 0
481 22 8 0
2
301 39 
2
86 0 20 0
482 22 8 0
2
17 39 
2
61 26 4 0
483 22 8 0
2
302 39 
2
86 0 18 0
484 22 8 0
2
37 39 
2
248 24 4 0
485 22 8 0
2
303 39 
2
86 0 16 0
486 22 8 0
2
295 40 
2
89 0 32 0
960 10 16 0
2
38 40 
2
487 4 16 0
961 10 16 0
2
296 40 
2
89 0 30 0
962 10 16 0
2
18 40 
2
121 4 18 0
963 10 16 0
2
297 40 
2
89 0 28 0
964 10 16 0
2
38 40 
2
488 4 16 0
965 10 16 0
2
298 40 
2
89 0 26 0
966 10 16 0
2
308 41 
2
86 0 6 0
960 20 12 0
2
39 41 
2
487 22 8 0
961 20 12 0
2
309 41 
2
86 0 4 0
962 20 12 0
2
19 41 
2
121 20 8 0
963 20 12 0
2
310 41 
2
86 0 2 0
964 20 12 0
2
39 41 
2
488 22 8 0
965 20 12 0
2
311 41 
2
86 0 0 0
966 20 12 0
2
247 42 
2
92 34 28 0
4048 16 16 0
2
40 42 
2
967 10 16 0
4049 16 16 0
2
249 42 
2
92 34 24 0
4050 16 16 0
2
20 42 
2
241 14 16 0
4051 16 16 0
2
254 42 
2
92 34 14 0
4052 16 16 0
2
40 42 
2
968 10 16 0
4053 16 16 0
2
256 42 
2
92 34 10 0
4054 16 16 0
2
244 43 
2
89 34 34 0
3967 18 14 0
2
41 43 
2
967 20 12 0
3968 18 14 0
2
245 43 
2
89 34 32 0
3969 18 14 0
2
21 43 
2
241 20 14 0
3970 18 14 0
2
246 43 
2
89 34 30 0
3971 18 14 0
2
41 43 
2
968 20 12 0
3972 18 14 0
2
247 43 
2
89 34 28 0
3973 18 14 0
2
42 98 
2
4055 16 16 0
36 22 16 0
2
43 71 
2
3974 18 14 0
20 8 28 0
2
42 99 
2
4056 16 16 0
32 18 24 0
2
42 100 
2
4057 16 16 0
28 12 10 0
2
40 42 
2
969 10 16 0
4058 16 16 0
2
41 43 
2
969 20 12 0
3975 18 14 0
2
42 98 
2
4059 16 16 0
37 22 16 0
2
43 71 
2
3976 18 14 0
21 8 28 0
2
42 99 
2
4060 16 16 0
33 18 24 0
2
43 72 
2
3977 18 14 0
19 8 30 0
2
42 100 
2
4061 16 16 0
29 12 10 0
2
20 40 
2
242 14 16 0
970 10 16 0
2
21 41 
2
242 20 14 0
970 20 12 0
2
38 40 
2
489 4 16 0
971 10 16 0
2
39 41 
2
489 22 8 0
971 20 12 0
2
268 42 
2
92 26 34 0
4062 16 16 0
2
40 42 
2
972 10 16 0
4063 16 16 0
2
270 42 
2
92 24 34 0
4064 16 16 0
2
20 42 
2
243 14 16 0
4065 16 16 0
2
272 42 
2
92 22 34 0
4066 16 16 0
2
40 42 
2
973 10 16 0
4067 16 16 0
2
274 42 
2
92 20 34 0
4068 16 16 0
2
256 43 
2
89 34 10 0
3978 18 14 0
2
41 43 
2
972 20 12 0
3979 18 14 0
2
257 43 
2
89 34 8 0
3980 18 14 0
2
21 43 
2
243 20 14 0
3981 18 14 0
2
258 43 
2
89 34 6 0
3982 18 14 0
2
41 43 
2
973 20 12 0
3983 18 14 0
2
259 43 
2
89 34 4 0
3984 18 14 0
2
42 99 
2
4069 16 16 0
34 18 24 0
2
43 74 
2
3985 18 14 0
16 8 26 0
2
42 100 
2
4070 16 16 0
30 12 10 0
2
42 101 
2
4071 16 16 0
28 18 18 0
2
40 42 
2
974 10 16 0
4072 16 16 0
2
41 43 
2
974 20 12 0
3986 18 14 0
2
42 99 
2
4073 16 16 0
35 18 24 0
2
43 73 
2
3987 18 14 0
16 2 22 0
2
42 100 
2
4074 16 16 0
31 12 10 0
2
42 101 
2
4075 16 16 0
29 18 18 0
2
20 40 
2
244 14 16 0
975 10 16 0
2
21 41 
2
244 20 14 0
975 20 12 0
2
18 38 
2
122 4 18 0
490 4 16 0
2
19 39 
2
122 20 8 0
490 22 8 0
2
36 38 
2
249 4 22 0
491 4 16 0
2
37 39 
2
249 24 4 0
491 22 8 0
2
280 40 
2
92 14 34 0
976 10 16 0
2
38 40 
2
492 4 16 0
977 10 16 0
2
281 40 
2
92 14 0 0
978 10 16 0
2
18 40 
2
123 4 18 0
979 10 16 0
2
282 40 
2
92 12 34 0
980 10 16 0
2
38 40 
2
493 4 16 0
981 10 16 0
2
283 40 
2
92 12 0 0
982 10 16 0
2
260 41 
2
89 34 2 0
976 20 12 0
2
39 41 
2
492 22 8 0
977 20 12 0
2
261 41 
2
89 34 0 0
978 20 12 0
2
19 41 
2
123 20 8 0
979 20 12 0
2
262 41 
2
89 32 34 0
980 20 12 0
2
39 41 
2
493 22 8 0
981 20 12 0
2
263 41 
2
89 32 0 0
982 20 12 0
2
285 42 
2
92 10 0 0
4076 16 16 0
2
40 42 
2
983 10 16 0
4077 16 16 0
2
287 42 
2
92 8 0 0
4078 16 16 0
2
20 42 
2
245 14 16 0
4079 16 16 0
2
289 42 
2
92 6 0 0
4080 16 16 0
2
40 42 
2
984 10 16 0
4081 16 16 0
2
291 42 
2
92 4 0 0
4082 16 16 0
2
264 43 
2
89 30 34 0
3988 18 14 0
2
41 43 
2
983 20 12 0
3989 18 14 0
2
265 43 
2
89 30 0 0
3990 18 14 0
2
21 43 
2
245 20 14 0
3991 18 14 0
2
266 43 
2
89 28 34 0
3992 18 14 0
2
41 43 
2
984 20 12 0
3993 18 14 0
2
267 43 
2
89 28 0 0
3994 18 14 0
2
42 98 
2
4083 16 16 0
38 22 16 0
2
43 73 
2
3995 18 14 0
17 2 22 0
2
42 99 
2
4084 16 16 0
36 18 24 0
2
43 74 
2
3996 18 14 0
17 8 26 0
2
42 100 
2
4085 16 16 0
32 12 10 0
2
42 101 
2
4086 16 16 0
30 18 18 0
2
42 102 
2
4087 16 16 0
28 14 8 0
2
42 103 
2
4088 16 16 0
28 14 6 0
2
42 104 
2
4089 16 16 0
28 22 26 0
2
42 105 
2
4090 16 16 0
28 20 16 0
2
42 106 
2
4091 16 16 0
32 24 20 0
2
42 107 
2
4092 16 16 0
34 30 16 0
2
42 108 
2
4093 16 16 0
36 28 10 0
2
42 109 
2
4094 16 16 0
36 26 10 0
2
42 111 
2
4095 16 16 0
36 18 6 0
2
42 112 
2
4096 16 16 0
36 30 14 0
2
42 113 
2
4097 16 16 0
34 22 4 0
2
42 114 
2
4098 16 16 0
30 30 10 0
2
42 115 
2
4099 16 16 0
30 2 10 0
2
42 116 
2
4100 16 16 0
34 8 8 0
2
42 117 
2
4101 16 16 0
36 12 8 0
2
42 118 
2
4102 16 16 0
36 12 12 0
2
42 119 
2
4103 16 16 0
32 22 18 0
2
40 42 
2
985 10 16 0
4104 16 16 0
2
41 43 
2
985 20 12 0
3997 18 14 0
2
42 98 
2
4105 16 16 0
39 22 16 0
2
43 76 
2
3998 18 14 0
16 6 24 0
2
42 99 
2
4106 16 16 0
37 18 24 0
2
42 100 
2
4107 16 16 0
33 12 10 0
2
42 101 
2
4108 16 16 0
31 18 18 0
2
42 102 
2
4109 16 16 0
29 14 8 0
2
42 103 
2
4110 16 16 0
29 14 6 0
2
42 104 
2
4111 16 16 0
29 22 26 0
2
42 105 
2
4112 16 16 0
29 20 16 0
2
42 106 
2
4113 16 16 0
33 24 20 0
2
42 107 
2
4114 16 16 0
35 30 16 0
2
42 108 
2
4115 16 16 0
37 28 10 0
2
42 109 
2
4116 16 16 0
37 26 10 0
2
42 111 
2
4117 16 16 0
37 18 6 0
2
42 112 
2
4118 16 16 0
37 30 14 0
2
42 113 
2
4119 16 16 0
35 22 4 0
2
42 114 
2
4120 16 16 0
31 30 10 0
2
42 115 
2
4121 16 16 0
31 2 10 0
2
42 116 
2
4122 16 16 0
35 8 8 0
2
42 117 
2
4123 16 16 0
37 12 8 0
2
42 118 
2
4124 16 16 0
37 12 12 0
2
42 119 
2
4125 16 16 0
33 22 18 0
2
20 40 
2
246 14 16 0
986 10 16 0
2
21 41 
2
246 20 14 0
986 20 12 0
2
38 40 
2
494 4 16 0
987 10 16 0
2
39 41 
2
494 22 8 0
987 20 12 0
2
264 42 
2
95 30 34 0
4126 16 16 0
2
40 42 
2
988 10 16 0
4127 16 16 0
2
266 42 
2
95 28 34 0
4128 16 16 0
2
20 42 
2
247 14 16 0
4129 16 16 0
2
268 42 
2
95 26 34 0
4130 16 16 0
2
40 42 
2
989 10 16 0
4131 16 16 0
2
270 42 
2
95 24 34 0
4132 16 16 0
2
273 43 
2
89 22 0 0
3999 18 14 0
2
41 43 
2
988 20 12 0
4000 18 14 0
2
275 43 
2
89 20 0 0
4001 18 14 0
2
21 43 
2
247 20 14 0
4002 18 14 0
2
277 43 
2
89 18 0 0
4003 18 14 0
2
41 43 
2
989 20 12 0
4004 18 14 0
2
279 43 
2
89 16 0 0
4005 18 14 0
2
42 99 
2
4133 16 16 0
38 18 24 0
2
43 75 
2
4006 18 14 0
16 10 30 0
2
42 100 
2
4134 16 16 0
34 12 10 0
2
42 101 
2
4135 16 16 0
32 18 18 0
2
42 102 
2
4136 16 16 0
30 14 8 0
2
42 103 
2
4137 16 16 0
30 14 6 0
2
42 104 
2
4138 16 16 0
30 22 26 0
2
42 105 
2
4139 16 16 0
30 20 16 0
2
42 106 
2
4140 16 16 0
34 24 20 0
2
42 107 
2
4141 16 16 0
36 30 16 0
2
42 108 
2
4142 16 16 0
38 28 10 0
2
42 109 
2
4143 16 16 0
38 26 10 0
2
42 111 
2
4144 16 16 0
38 18 6 0
2
42 112 
2
4145 16 16 0
38 30 14 0
2
42 113 
2
4146 16 16 0
36 22 4 0
2
42 114 
2
4147 16 16 0
32 30 10 0
2
42 115 
2
4148 16 16 0
32 2 10 0
2
42 116 
2
4149 16 16 0
36 8 8 0
2
42 117 
2
4150 16 16 0
38 12 8 0
2
42 118 
2
4151 16 16 0
38 12 12 0
2
42 119 
2
4152 16 16 0
34 22 18 0
2
42 120 
2
4153 16 16 0
30 28 20 0
2
40 42 
2
990 10 16 0
4154 16 16 0
2
41 43 
2
990 20 12 0
4007 18 14 0
2
42 99 
2
4155 16 16 0
39 18 24 0
2
43 75 
2
4008 18 14 0
17 10 30 0
2
42 100 
2
4156 16 16 0
35 12 10 0
2
43 76 
2
4009 18 14 0
17 6 24 0
2
42 101 
2
4157 16 16 0
33 18 18 0
2
42 102 
2
4158 16 16 0
31 14 8 0
2
42 103 
2
4159 16 16 0
31 14 6 0
2
42 104 
2
4160 16 16 0
31 22 26 0
2
42 105 
2
4161 16 16 0
31 20 16 0
2
42 106 
2
4162 16 16 0
35 24 20 0
2
42 107 
2
4163 16 16 0
37 30 16 0
2
42 108 
2
4164 16 16 0
39 28 10 0
2
42 109 
2
4165 16 16 0
39 26 10 0
2
42 111 
2
4166 16 16 0
39 18 6 0
2
42 112 
2
4167 16 16 0
39 30 14 0
2
42 113 
2
4168 16 16 0
37 22 4 0
2
42 114 
2
4169 16 16 0
33 30 10 0
2
42 115 
2
4170 16 16 0
33 2 10 0
2
42 116 
2
4171 16 16 0
37 8 8 0
2
42 117 
2
4172 16 16 0
39 12 8 0
2
42 118 
2
4173 16 16 0
39 12 12 0
2
42 119 
2
4174 16 16 0
35 22 18 0
2
42 120 
2
4175 16 16 0
31 28 20 0
2
20 40 
2
248 14 16 0
991 10 16 0
2
21 41 
2
248 20 14 0
991 20 12 0
2
18 38 
2
124 4 18 0
495 4 16 0
2
19 39 
2
124 20 8 0
495 22 8 0
2
16 36 
2
62 4 24 0
250 4 22 0
2
17 37 
2
62 26 4 0
250 24 4 0
2
34 36 
2
126 2 24 0
251 4 22 0
2
35 37 
2
126 28 2 0
251 24 4 0
2
244 38 
2
95 34 34 0
496 4 16 0
2
36 38 
2
252 4 22 0
497 4 16 0
2
245 38 
2
95 34 32 0
498 4 16 0
2
16 38 
2
63 4 24 0
499 4 16 0
2
246 38 
2
95 34 30 0
500 4 16 0
2
36 38 
2
253 4 22 0
501 4 16 0
2
247 38 
2
95 34 28 0
502 4 16 0
2
268 39 
2
89 26 34 0
496 22 8 0
2
37 39 
2
252 24 4 0
497 22 8 0
2
269 39 
2
89 26 0 0
498 22 8 0
2
17 39 
2
63 26 4 0
499 22 8 0
2
270 39 
2
89 24 34 0
500 22 8 0
2
37 39 
2
253 24 4 0
501 22 8 0
2
271 39 
2
89 24 0 0
502 22 8 0
2
287 40 
2
95 8 0 0
992 10 16 0
2
38 40 
2
503 4 16 0
993 10 16 0
2
288 40 
2
95 6 34 0
994 10 16 0
2
18 40 
2
125 4 18 0
995 10 16 0
2
289 40 
2
95 6 0 0
996 10 16 0
2
38 40 
2
504 4 16 0
997 10 16 0
2
290 40 
2
95 4 34 0
998 10 16 0
2
280 41 
2
89 14 34 0
992 20 12 0
2
39 41 
2
503 22 8 0
993 20 12 0
2
281 41 
2
89 14 0 0
994 20 12 0
2
19 41 
2
125 20 8 0
995 20 12 0
2
282 41 
2
89 12 34 0
996 20 12 0
2
39 41 
2
504 22 8 0
997 20 12 0
2
283 41 
2
89 12 0 0
998 20 12 0
2
307 42 
2
95 0 8 0
4176 16 16 0
2
40 42 
2
999 10 16 0
4177 16 16 0
2
309 42 
2
95 0 4 0
4178 16 16 0
2
20 42 
2
249 14 16 0
4179 16 16 0
2
246 42 
2
98 34 30 0
4180 16 16 0
2
40 42 
2
1000 10 16 0
4181 16 16 0
2
248 42 
2
98 34 26 0
4182 16 16 0
2
284 43 
2
89 10 34 0
4010 18 14 0
2
41 43 
2
999 20 12 0
4011 18 14 0
2
285 43 
2
89 10 0 0
4012 18 14 0
2
21 43 
2
249 20 14 0
4013 18 14 0
2
286 43 
2
89 8 34 0
4014 18 14 0
2
41 43 
2
1000 20 12 0
4015 18 14 0
2
287 43 
2
89 8 0 0
4016 18 14 0
2
42 119 
2
4183 16 16 0
36 22 18 0
2
43 78 
2
4017 18 14 0
16 10 28 0
2
42 120 
2
4184 16 16 0
32 28 20 0
2
42 121 
2
4185 16 16 0
28 8 14 0
2
40 42 
2
1001 10 16 0
4186 16 16 0
2
41 43 
2
1001 20 12 0
4018 18 14 0
2
42 119 
2
4187 16 16 0
37 22 18 0
2
43 77 
2
4019 18 14 0
16 14 32 0
2
42 120 
2
4188 16 16 0
33 28 20 0
2
42 121 
2
4189 16 16 0
29 8 14 0
2
20 40 
2
250 14 16 0
1002 10 16 0
2
21 41 
2
250 20 14 0
1002 20 12 0
2
38 40 
2
505 4 16 0
1003 10 16 0
2
39 41 
2
505 22 8 0
1003 20 12 0
2
260 42 
2
98 34 2 0
4190 16 16 0
2
40 42 
2
1004 10 16 0
4191 16 16 0
2
261 42 
2
98 34 0 0
4192 16 16 0
2
20 42 
2
251 14 16 0
4193 16 16 0
2
262 42 
2
98 32 34 0
4194 16 16 0
2
40 42 
2
1005 10 16 0
4195 16 16 0
2
263 42 
2
98 32 0 0
4196 16 16 0
2
292 43 
2
89 2 34 0
4020 18 14 0
2
41 43 
2
1004 20 12 0
4021 18 14 0
2
293 43 
2
89 2 0 0
4022 18 14 0
2
21 43 
2
251 20 14 0
4023 18 14 0
2
294 43 
2
89 0 34 0
4024 18 14 0
2
41 43 
2
1005 20 12 0
4025 18 14 0
2
299 43 
2
89 0 24 0
4026 18 14 0
2
42 120 
2
4197 16 16 0
34 28 20 0
2
43 77 
2
4027 18 14 0
17 14 32 0
2
42 121 
2
4198 16 16 0
30 8 14 0
2
43 78 
2
4028 18 14 0
17 10 28 0
2
42 122 
2
4199 16 16 0
28 12 6 0
2
40 42 
2
1006 10 16 0
4200 16 16 0
2
41 43 
2
1006 20 12 0
4029 18 14 0
2
42 120 
2
4201 16 16 0
35 28 20 0
2
43 80 
2
4030 18 14 0
24 24 28 0
2
42 121 
2
4202 16 16 0
31 8 14 0
2
42 122 
2
4203 16 16 0
29 12 6 0
2
20 40 
2
252 14 16 0
1007 10 16 0
2
21 41 
2
252 20 14 0
1007 20 12 0
2
18 38 
2
126 4 18 0
506 4 16 0
2
19 39 
2
126 20 8 0
506 22 8 0
2
36 38 
2
254 4 22 0
507 4 16 0
2
37 39 
2
254 24 4 0
507 22 8 0
2
264 40 
2
98 30 34 0
1008 10 16 0
2
38 40 
2
508 4 16 0
1009 10 16 0
2
265 40 
2
98 30 0 0
1010 10 16 0
2
18 40 
2
127 4 18 0
1011 10 16 0
2
266 40 
2
98 28 34 0
1012 10 16 0
2
38 40 
2
509 4 16 0
1013 10 16 0
2
267 40 
2
98 28 0 0
1014 10 16 0
2
300 41 
2
89 0 22 0
1008 20 12 0
2
39 41 
2
508 22 8 0
1009 20 12 0
2
301 41 
2
89 0 20 0
1010 20 12 0
2
19 41 
2
127 20 8 0
1011 20 12 0
2
302 41 
2
89 0 18 0
1012 20 12 0
2
39 41 
2
509 22 8 0
1013 20 12 0
2
303 41 
2
89 0 16 0
1014 20 12 0
2
268 42 
2
98 26 34 0
4204 16 16 0
2
40 42 
2
1015 10 16 0
4205 16 16 0
2
269 42 
2
98 26 0 0
4206 16 16 0
2
20 42 
2
253 14 16 0
4207 16 16 0
2
270 42 
2
98 24 34 0
4208 16 16 0
2
40 42 
2
1016 10 16 0
4209 16 16 0
2
271 42 
2
98 24 0 0
4210 16 16 0
2
304 43 
2
89 0 14 0
4031 18 14 0
2
41 43 
2
1015 20 12 0
4032 18 14 0
2
305 43 
2
89 0 12 0
4033 18 14 0
2
21 43 
2
253 20 14 0
4034 18 14 0
2
306 43 
2
89 0 10 0
4035 18 14 0
2
41 43 
2
1016 20 12 0
4036 18 14 0
2
307 43 
2
89 0 8 0
4037 18 14 0
2
42 119 
2
4211 16 16 0
38 22 18 0
2
43 79 
2
4038 18 14 0
20 2 20 0
2
42 120 
2
4212 16 16 0
36 28 20 0
2
42 121 
2
4213 16 16 0
32 8 14 0
2
42 122 
2
4214 16 16 0
30 12 6 0
2
42 123 
2
4215 16 16 0
28 22 20 0
2
42 124 
2
4216 16 16 0
28 20 26 0
2
42 125 
2
4217 16 16 0
28 12 16 0
2
42 126 
2
4218 16 16 0
28 16 10 0
2
42 128 
2
4219 16 16 0
32 16 14 0
2
42 129 
2
4220 16 16 0
34 28 12 0
2
42 130 
2
4221 16 16 0
36 22 6 0
2
42 131 
2
4222 16 16 0
36 28 14 0
2
42 149 
2
4223 16 16 0
36 20 6 0
2
42 150 
2
4224 16 16 0
36 24 8 0
2
42 151 
2
4225 16 16 0
34 22 2 0
2
42 152 
2
4226 16 16 0
30 22 30 0
2
42 153 
2
4227 16 16 0
30 24 26 0
2
42 154 
2
4228 16 16 0
34 28 18 0
2
42 155 
2
4229 16 16 0
36 22 22 0
2
42 156 
2
4230 16 16 0
36 26 18 0
2
42 157 
2
4231 16 16 0
32 24 16 0
2
40 42 
2
1017 10 16 0
4232 16 16 0
2
41 43 
2
1017 20 12 0
4039 18 14 0
2
42 119 
2
4233 16 16 0
39 22 18 0
2
43 79 
2
4040 18 14 0
21 2 20 0
2
42 120 
2
4234 16 16 0
37 28 20 0
2
43 80 
2
4041 18 14 0
25 24 28 0
2
42 121 
2
4235 16 16 0
33 8 14 0
2
42 122 
2
4236 16 16 0
31 12 6 0
2
42 123 
2
4237 16 16 0
29 22 20 0
2
42 124 
2
4238 16 16 0
29 20 26 0
2
42 125 
2
4239 16 16 0
29 12 16 0
2
42 126 
2
4240 16 16 0
29 16 10 0
2
42 128 
2
4241 16 16 0
33 16 14 0
2
42 129 
2
4242 16 16 0
35 28 12 0
2
42 130 
2
4243 16 16 0
37 22 6 0
2
42 131 
2
4244 16 16 0
37 28 14 0
2
42 149 
2
4245 16 16 0
37 20 6 0
2
42 150 
2
4246 16 16 0
37 24 8 0
2
42 151 
2
4247 16 16 0
35 22 2 0
2
42 152 
2
4248 16 16 0
31 22 30 0
2
42 153 
2
4249 16 16 0
31 24 26 0
2
42 154 
2
4250 16 16 0
35 28 18 0
2
42 155 
2
4251 16 16 0
37 22 22 0
2
42 156 
2
4252 16 16 0
37 26 18 0
2
42 157 
2
4253 16 16 0
33 24 16 0
2
20 40 
2
254 14 16 0
1018 10 16 0
2
21 41 
2
254 20 14 0
1018 20 12 0
2
38 40 
2
510 4 16 0
1019 10 16 0
2
39 41 
2
510 22 8 0
1019 20 12 0
2
276 42 
2
98 18 34 0
4254 16 16 0
2
40 42 
2
1020 10 16 0
4255 16 16 0
2
277 42 
2
98 18 0 0
4256 16 16 0
2
20 42 
2
255 14 16 0
4257 16 16 0
2
278 42 
2
98 16 34 0
4258 16 16 0
2
40 42 
2
1021 10 16 0
4259 16 16 0
2
279 42 
2
98 16 0 0
4260 16 16 0
2
244 43 
2
92 34 34 0
4042 18 14 0
2
41 43 
2
1020 20 12 0
4043 18 14 0
2
245 43 
2
92 34 32 0
4044 18 14 0
2
21 43 
2
255 20 14 0
4045 18 14 0
2
246 43 
2
92 34 30 0
4046 18 14 0
2
41 43 
2
1021 20 12 0
4047 18 14 0
2
248 43 
2
92 34 26 0
4048 18 14 0
2
42 120 
2
4261 16 16 0
38 28 20 0
2
43 82 
2
4049 18 14 0
30 28 22 0
2
42 121 
2
4262 16 16 0
34 8 14 0
2
42 122 
2
4263 16 16 0
32 12 6 0
2
42 123 
2
4264 16 16 0
30 22 20 0
2
42 124 
2
4265 16 16 0
30 20 26 0
2
42 125 
2
4266 16 16 0
30 12 16 0
2
42 126 
2
4267 16 16 0
30 16 10 0
2
42 128 
2
4268 16 16 0
34 16 14 0
2
42 129 
2
4269 16 16 0
36 28 12 0
2
42 130 
2
4270 16 16 0
38 22 6 0
2
42 131 
2
4271 16 16 0
38 28 14 0
2
42 149 
2
4272 16 16 0
38 20 6 0
2
42 150 
2
4273 16 16 0
38 24 8 0
2
42 151 
2
4274 16 16 0
36 22 2 0
2
42 152 
2
4275 16 16 0
32 22 30 0
2
42 153 
2
4276 16 16 0
32 24 26 0
2
42 154 
2
4277 16 16 0
36 28 18 0
2
42 155 
2
4278 16 16 0
38 22 22 0
2
42 156 
2
4279 16 16 0
38 26 18 0
2
42 157 
2
4280 16 16 0
34 24 16 0
2
42 158 
2
4281 16 16 0
30 4 14 0
2
40 42 
2
1022 10 16 0
4282 16 16 0
2
41 43 
2
1022 20 12 0
4050 18 14 0
2
42 120 
2
4283 16 16 0
39 28 20 0
2
43 81 
2
4051 18 14 0
28 6 6 0
2
42 121 
2
4284 16 16 0
35 8 14 0
2
42 122 
2
4285 16 16 0
33 12 6 0
2
42 123 
2
4286 16 16 0
31 22 20 0
2
42 124 
2
4287 16 16 0
31 20 26 0
2
42 125 
2
4288 16 16 0
31 12 16 0
2
42 126 
2
4289 16 16 0
31 16 10 0
2
42 128 
2
4290 16 16 0
35 16 14 0
2
42 129 
2
4291 16 16 0
37 28 12 0
2
42 130 
2
4292 16 16 0
39 22 6 0
2
42 131 
2
4293 16 16 0
39 28 14 0
2
42 149 
2
4294 16 16 0
39 20 6 0
2
42 150 
2
4295 16 16 0
39 24 8 0
2
42 151 
2
4296 16 16 0
37 22 2 0
2
42 152 
2
4297 16 16 0
33 22 30 0
2
42 153 
2
4298 16 16 0
33 24 26 0
2
42 154 
2
4299 16 16 0
37 28 18 0
2
42 155 
2
4300 16 16 0
39 22 22 0
2
42 156 
2
4301 16 16 0
39 26 18 0
2
42 157 
2
4302 16 16 0
35 24 16 0
2
42 158 
2
4303 16 16 0
31 4 14 0
2
20 40 
2
256 14 16 0
1023 10 16 0
2
21 41 
2
256 20 14 0
1023 20 12 0
2
18 38 
2
128 4 18 0
511 4 16 0
2
19 39 
2
128 20 8 0
511 22 8 0
2
16 36 
2
64 4 24 0
255 4 22 0
2
17 37 
2
64 26 4 0
255 24 4 0
2
14 34 
2
32 4 26 0
127 2 24 0
2
15 35 
2
32 26 2 0
127 28 2 0
2
12 32 
2
16 2 26 0
63 2 28 0
2
13 33 
2
16 30 2 0
63 32 2 0
2
10 30 
2
8 6 28 0
31 4 28 0
2
11 31 
2
8 32 4 0
31 32 6 0
2
8 28 
2
4 6 30 0
15 4 30 0
2
9 29 
2
4 32 24 0
15 32 26 0
2
6 26 
2
2 6 32 0
10 2 30 0
2
7 27 
2
2 28 30 0
10 32 28 0
2
24 26 
2
9 2 32 0
11 2 30 0
2
25 27 
2
9 30 30 0
11 32 28 0
2
248 28 
2
53 34 26 0
16 4 30 0
2
26 28 
2
12 2 30 0
17 4 30 0
2
249 28 
2
53 34 24 0
18 4 30 0
2
6 28 
2
3 6 32 0
19 4 30 0
2
250 28 
2
53 34 22 0
20 4 30 0
2
26 28 
2
13 2 30 0
21 4 30 0
2
251 28 
2
53 34 20 0
22 4 30 0
2
268 29 
2
47 26 34 0
16 32 26 0
2
27 29 
2
12 32 28 0
17 32 26 0
2
269 29 
2
47 26 0 0
18 32 26 0
2
7 29 
2
3 28 30 0
19 32 26 0
2
270 29 
2
47 24 34 0
20 32 26 0
2
27 29 
2
13 32 28 0
21 32 26 0
2
271 29 
2
47 24 0 0
22 32 26 0
2
308 30 
2
71 0 6 0
32 4 28 0
2
28 30 
2
23 4 30 0
33 4 28 0
2
309 30 
2
71 0 4 0
34 4 28 0
2
8 30 
2
5 6 30 0
35 4 28 0
2
310 30 
2
71 0 2 0
36 4 28 0
2
28 30 
2
24 4 30 0
37 4 28 0
2
311 30 
2
71 0 0 0
38 4 28 0
2
276 31 
2
71 18 34 0
32 32 6 0
2
29 31 
2
23 32 26 0
33 32 6 0
2
277 31 
2
71 18 0 0
34 32 6 0
2
9 31 
2
5 32 24 0
35 32 6 0
2
278 31 
2
71 16 34 0
36 32 6 0
2
29 31 
2
24 32 26 0
37 32 6 0
2
279 31 
2
71 16 0 0
38 32 6 0
2
276 32 
2
83 18 34 0
64 2 28 0
2
30 32 
2
39 4 28 0
65 2 28 0
2
277 32 
2
83 18 0 0
66 2 28 0
2
10 32 
2
9 6 28 0
67 2 28 0
2
278 32 
2
83 16 34 0
68 2 28 0
2
30 32 
2
40 4 28 0
69 2 28 0
2
279 32 
2
83 16 0 0
70 2 28 0
2
269 33 
2
83 26 0 0
64 32 2 0
2
31 33 
2
39 32 6 0
65 32 2 0
2
270 33 
2
83 24 34 0
66 32 2 0
2
11 33 
2
9 32 4 0
67 32 2 0
2
271 33 
2
83 24 0 0
68 32 2 0
2
31 33 
2
40 32 6 0
69 32 2 0
2
272 33 
2
83 22 34 0
70 32 2 0
2
259 34 
2
92 34 4 0
128 2 24 0
2
32 34 
2
71 2 28 0
129 2 24 0
2
260 34 
2
92 34 2 0
130 2 24 0
2
12 34 
2
17 2 26 0
131 2 24 0
2
261 34 
2
92 34 0 0
132 2 24 0
2
32 34 
2
72 2 28 0
133 2 24 0
2
262 34 
2
92 32 34 0
134 2 24 0
2
248 35 
2
89 34 26 0
128 28 2 0
2
33 35 
2
71 32 2 0
129 28 2 0
2
249 35 
2
89 34 24 0
130 28 2 0
2
13 35 
2
17 30 2 0
131 28 2 0
2
250 35 
2
89 34 22 0
132 28 2 0
2
33 35 
2
72 32 2 0
133 28 2 0
2
251 35 
2
89 34 20 0
134 28 2 0
2
251 36 
2
98 34 20 0
256 4 22 0
2
34 36 
2
135 2 24 0
257 4 22 0
2
252 36 
2
98 34 18 0
258 4 22 0
2
14 36 
2
33 4 26 0
259 4 22 0
2
253 36 
2
98 34 16 0
260 4 22 0
2
34 36 
2
136 2 24 0
261 4 22 0
2
254 36 
2
98 34 14 0
262 4 22 0
2
288 37 
2
89 6 34 0
256 24 4 0
2
35 37 
2
135 28 2 0
257 24 4 0
2
289 37 
2
89 6 0 0
258 24 4 0
2
15 37 
2
33 26 2 0
259 24 4 0
2
290 37 
2
89 4 34 0
260 24 4 0
2
35 37 
2
136 28 2 0
261 24 4 0
2
291 37 
2
89 4 0 0
262 24 4 0
2
272 38 
2
98 22 34 0
512 4 16 0
2
36 38 
2
263 4 22 0
513 4 16 0
2
273 38 
2
98 22 0 0
514 4 16 0
2
16 38 
2
65 4 24 0
515 4 16 0
2
274 38 
2
98 20 34 0
516 4 16 0
2
36 38 
2
264 4 22 0
517 4 16 0
2
275 38 
2
98 20 0 0
518 4 16 0
2
308 39 
2
89 0 6 0
512 22 8 0
2
37 39 
2
263 24 4 0
513 22 8 0
2
309 39 
2
89 0 4 0
514 22 8 0
2
17 39 
2
65 26 4 0
515 22 8 0
2
310 39 
2
89 0 2 0
516 22 8 0
2
37 39 
2
264 24 4 0
517 22 8 0
2
311 39 
2
89 0 0 0
518 22 8 0
2
280 40 
2
98 14 34 0
1024 10 16 0
2
38 40 
2
519 4 16 0
1025 10 16 0
2
281 40 
2
98 14 0 0
1026 10 16 0
2
18 40 
2
129 4 18 0
1027 10 16 0
2
282 40 
2
98 12 34 0
1028 10 16 0
2
38 40 
2
520 4 16 0
1029 10 16 0
2
283 40 
2
98 12 0 0
1030 10 16 0
2
250 41 
2
92 34 22 0
1024 20 12 0
2
39 41 
2
519 22 8 0
1025 20 12 0
2
251 41 
2
92 34 20 0
1026 20 12 0
2
19 41 
2
129 20 8 0
1027 20 12 0
2
252 41 
2
92 34 18 0
1028 20 12 0
2
39 41 
2
520 22 8 0
1029 20 12 0
2
253 41 
2
92 34 16 0
1030 20 12 0
2
284 42 
2
98 10 34 0
4304 16 16 0
2
40 42 
2
1031 10 16 0
4305 16 16 0
2
285 42 
2
98 10 0 0
4306 16 16 0
2
20 42 
2
257 14 16 0
4307 16 16 0
2
286 42 
2
98 8 34 0
4308 16 16 0
2
40 42 
2
1032 10 16 0
4309 16 16 0
2
287 42 
2
98 8 0 0
4310 16 16 0
2
255 43 
2
92 34 12 0
4052 18 14 0
2
41 43 
2
1031 20 12 0
4053 18 14 0
2
257 43 
2
92 34 8 0
4054 18 14 0
2
21 43 
2
257 20 14 0
4055 18 14 0
2
258 43 
2
92 34 6 0
4056 18 14 0
2
41 43 
2
1032 20 12 0
4057 18 14 0
2
263 43 
2
92 32 0 0
4058 18 14 0
2
42 157 
2
4311 16 16 0
36 24 16 0
2
43 81 
2
4059 18 14 0
29 6 6 0
2
42 158 
2
4312 16 16 0
32 4 14 0
2
43 82 
2
4060 18 14 0
31 28 22 0
2
42 159 
2
4313 16 16 0
28 14 4 0
2
40 42 
2
1033 10 16 0
4314 16 16 0
2
41 43 
2
1033 20 12 0
4061 18 14 0
2
42 157 
2
4315 16 16 0
37 24 16 0
2
43 84 
2
4062 18 14 0
28 28 24 0
2
42 158 
2
4316 16 16 0
33 4 14 0
2
42 159 
2
4317 16 16 0
29 14 4 0
2
20 40 
2
258 14 16 0
1034 10 16 0
2
21 41 
2
258 20 14 0
1034 20 12 0
2
38 40 
2
521 4 16 0
1035 10 16 0
2
39 41 
2
521 22 8 0
1035 20 12 0
2
292 42 
2
98 2 34 0
4318 16 16 0
2
40 42 
2
1036 10 16 0
4319 16 16 0
2
293 42 
2
98 2 0 0
4320 16 16 0
2
20 42 
2
259 14 16 0
4321 16 16 0
2
294 42 
2
98 0 34 0
4322 16 16 0
2
40 42 
2
1037 10 16 0
4323 16 16 0
2
295 42 
2
98 0 32 0
4324 16 16 0
2
269 43 
2
92 26 0 0
4063 18 14 0
2
41 43 
2
1036 20 12 0
4064 18 14 0
2
271 43 
2
92 24 0 0
4065 18 14 0
2
21 43 
2
259 20 14 0
4066 18 14 0
2
273 43 
2
92 22 0 0
4067 18 14 0
2
41 43 
2
1037 20 12 0
4068 18 14 0
2
275 43 
2
92 20 0 0
4069 18 14 0
2
42 158 
2
4325 16 16 0
34 4 14 0
2
43 83 
2
4070 18 14 0
30 10 4 0
2
42 159 
2
4326 16 16 0
30 14 4 0
2
42 160 
2
4327 16 16 0
28 10 14 0
2
40 42 
2
1038 10 16 0
4328 16 16 0
2
41 43 
2
1038 20 12 0
4071 18 14 0
2
42 158 
2
4329 16 16 0
35 4 14 0
2
43 83 
2
4072 18 14 0
31 10 4 0
2
42 159 
2
4330 16 16 0
31 14 4 0
2
43 84 
2
4073 18 14 0
29 28 24 0
2
42 160 
2
4331 16 16 0
29 10 14 0
2
20 40 
2
260 14 16 0
1039 10 16 0
2
21 41 
2
260 20 14 0
1039 20 12 0
2
18 38 
2
130 4 18 0
522 4 16 0
2
19 39 
2
130 20 8 0
522 22 8 0
2
36 38 
2
265 4 22 0
523 4 16 0
2
37 39 
2
265 24 4 0
523 22 8 0
2
296 40 
2
98 0 30 0
1040 10 16 0
2
38 40 
2
524 4 16 0
1041 10 16 0
2
297 40 
2
98 0 28 0
1042 10 16 0
2
18 40 
2
131 4 18 0
1043 10 16 0
2
298 40 
2
98 0 26 0
1044 10 16 0
2
38 40 
2
525 4 16 0
1045 10 16 0
2
299 40 
2
98 0 24 0
1046 10 16 0
2
276 41 
2
92 18 34 0
1040 20 12 0
2
39 41 
2
524 22 8 0
1041 20 12 0
2
277 41 
2
92 18 0 0
1042 20 12 0
2
19 41 
2
131 20 8 0
1043 20 12 0
2
278 41 
2
92 16 34 0
1044 20 12 0
2
39 41 
2
525 22 8 0
1045 20 12 0
2
279 41 
2
92 16 0 0
1046 20 12 0
2
300 42 
2
98 0 22 0
4332 16 16 0
2
40 42 
2
1047 10 16 0
4333 16 16 0
2
301 42 
2
98 0 20 0
4334 16 16 0
2
20 42 
2
261 14 16 0
4335 16 16 0
2
302 42 
2
98 0 18 0
4336 16 16 0
2
40 42 
2
1048 10 16 0
4337 16 16 0
2
303 42 
2
98 0 16 0
4338 16 16 0
2
284 43 
2
92 10 34 0
4074 18 14 0
2
41 43 
2
1047 20 12 0
4075 18 14 0
2
286 43 
2
92 8 34 0
4076 18 14 0
2
21 43 
2
261 20 14 0
4077 18 14 0
2
288 43 
2
92 6 34 0
4078 18 14 0
2
41 43 
2
1048 20 12 0
4079 18 14 0
2
290 43 
2
92 4 34 0
4080 18 14 0
2
42 157 
2
4339 16 16 0
38 24 16 0
2
43 88 
2
4081 18 14 0
34 12 4 0
2
42 158 
2
4340 16 16 0
36 4 14 0
2
42 159 
2
4341 16 16 0
32 14 4 0
2
42 160 
2
4342 16 16 0
30 10 14 0
2
42 161 
2
4343 16 16 0
28 14 2 0
2
42 162 
2
4344 16 16 0
28 30 18 0
2
42 163 
2
4345 16 16 0
28 24 22 0
2
42 164 
2
4346 16 16 0
28 26 20 0
2
42 166 
2
4347 16 16 0
32 20 22 0
2
42 167 
2
4348 16 16 0
34 22 12 0
2
42 168 
2
4349 16 16 0
36 24 10 0
2
42 169 
2
4350 16 16 0
36 18 2 0
2
42 170 
2
4351 16 16 0
36 26 14 0
2
42 171 
2
4352 16 16 0
36 20 4 0
2
42 172 
2
4353 16 16 0
34 26 8 0
2
42 173 
2
4354 16 16 0
30 26 6 0
2
42 174 
2
4355 16 16 0
28 20 32 0
2
42 175 
2
4356 16 16 0
30 6 8 0
2
42 176 
2
4357 16 16 0
30 20 30 0
2
42 177 
2
4358 16 16 0
28 8 4 0
2
42 178 
2
4359 16 16 0
24 10 2 0
2
40 42 
2
1049 10 16 0
4360 16 16 0
2
41 43 
2
1049 20 12 0
4082 18 14 0
2
42 157 
2
4361 16 16 0
39 24 16 0
2
43 85 
2
4083 18 14 0
30 30 20 0
2
42 158 
2
4362 16 16 0
37 4 14 0
2
42 159 
2
4363 16 16 0
33 14 4 0
2
42 160 
2
4364 16 16 0
31 10 14 0
2
42 161 
2
4365 16 16 0
29 14 2 0
2
42 162 
2
4366 16 16 0
29 30 18 0
2
42 163 
2
4367 16 16 0
29 24 22 0
2
42 164 
2
4368 16 16 0
29 26 20 0
2
42 166 
2
4369 16 16 0
33 20 22 0
2
42 167 
2
4370 16 16 0
35 22 12 0
2
42 168 
2
4371 16 16 0
37 24 10 0
2
42 169 
2
4372 16 16 0
37 18 2 0
2
42 170 
2
4373 16 16 0
37 26 14 0
2
42 171 
2
4374 16 16 0
37 20 4 0
2
42 172 
2
4375 16 16 0
35 26 8 0
2
42 173 
2
4376 16 16 0
31 26 6 0
2
42 174 
2
4377 16 16 0
29 20 32 0
2
42 175 
2
4378 16 16 0
31 6 8 0
2
42 176 
2
4379 16 16 0
31 20 30 0
2
42 177 
2
4380 16 16 0
29 8 4 0
2
42 178 
2
4381 16 16 0
25 10 2 0
2
20 40 
2
262 14 16 0
1050 10 16 0
2
21 41 
2
262 20 14 0
1050 20 12 0
2
38 40 
2
526 4 16 0
1051 10 16 0
2
39 41 
2
526 22 8 0
1051 20 12 0
2
308 42 
2
98 0 6 0
4382 16 16 0
2
40 42 
2
1052 10 16 0
4383 16 16 0
2
309 42 
2
98 0 4 0
4384 16 16 0
2
20 42 
2
263 14 16 0
4385 16 16 0
2
310 42 
2
98 0 2 0
4386 16 16 0
2
40 42 
2
1053 10 16 0
4387 16 16 0
2
311 42 
2
98 0 0 0
4388 16 16 0
2
296 43 
2
92 0 30 0
4084 18 14 0
2
41 43 
2
1052 20 12 0
4085 18 14 0
2
297 43 
2
92 0 28 0
4086 18 14 0
2
21 43 
2
263 20 14 0
4087 18 14 0
2
298 43 
2
92 0 26 0
4088 18 14 0
2
41 43 
2
1053 20 12 0
4089 18 14 0
2
299 43 
2
92 0 24 0
4090 18 14 0
2
42 158 
2
4389 16 16 0
38 4 14 0
2
43 85 
2
4091 18 14 0
31 30 20 0
2
42 159 
2
4390 16 16 0
34 14 4 0
2
43 88 
2
4092 18 14 0
35 12 4 0
2
42 160 
2
4391 16 16 0
32 10 14 0
2
42 161 
2
4392 16 16 0
30 14 2 0
2
42 162 
2
4393 16 16 0
30 30 18 0
2
42 163 
2
4394 16 16 0
30 24 22 0
2
42 164 
2
4395 16 16 0
30 26 20 0
2
42 166 
2
4396 16 16 0
34 20 22 0
2
42 167 
2
4397 16 16 0
36 22 12 0
2
42 168 
2
4398 16 16 0
38 24 10 0
2
42 169 
2
4399 16 16 0
38 18 2 0
2
42 170 
2
4400 16 16 0
38 26 14 0
2
42 171 
2
4401 16 16 0
38 20 4 0
2
42 172 
2
4402 16 16 0
36 26 8 0
2
42 173 
2
4403 16 16 0
32 26 6 0
2
42 174 
2
4404 16 16 0
30 20 32 0
2
42 175 
2
4405 16 16 0
32 6 8 0
2
42 176 
2
4406 16 16 0
32 20 30 0
2
42 177 
2
4407 16 16 0
30 8 4 0
2
42 178 
2
4408 16 16 0
26 10 2 0
2
42 179 
2
4409 16 16 0
22 30 22 0
2
40 42 
2
1054 10 16 0
4410 16 16 0
2
41 43 
2
1054 20 12 0
4093 18 14 0
2
42 158 
2
4411 16 16 0
39 4 14 0
2
43 127 
2
4094 18 14 0
36 12 18 0
2
42 159 
2
4412 16 16 0
35 14 4 0
2
42 160 
2
4413 16 16 0
33 10 14 0
2
42 161 
2
4414 16 16 0
31 14 2 0
2
42 162 
2
4415 16 16 0
31 30 18 0
2
42 163 
2
4416 16 16 0
31 24 22 0
2
42 164 
2
4417 16 16 0
31 26 20 0
2
42 166 
2
4418 16 16 0
35 20 22 0
2
42 167 
2
4419 16 16 0
37 22 12 0
2
42 168 
2
4420 16 16 0
39 24 10 0
2
42 169 
2
4421 16 16 0
39 18 2 0
2
42 170 
2
4422 16 16 0
39 26 14 0
2
42 171 
2
4423 16 16 0
39 20 4 0
2
42 172 
2
4424 16 16 0
37 26 8 0
2
42 173 
2
4425 16 16 0
33 26 6 0
2
42 174 
2
4426 16 16 0
31 20 32 0
2
42 175 
2
4427 16 16 0
33 6 8 0
2
42 176 
2
4428 16 16 0
33 20 30 0
2
42 177 
2
4429 16 16 0
31 8 4 0
2
42 178 
2
4430 16 16 0
27 10 2 0
2
42 179 
2
4431 16 16 0
23 30 22 0
2
20 40 
2
264 14 16 0
1055 10 16 0
2
21 41 
2
264 20 14 0
1055 20 12 0
2
18 38 
2
132 4 18 0
527 4 16 0
2
19 39 
2
132 20 8 0
527 22 8 0
2
16 36 
2
66 4 24 0
266 4 22 0
2
17 37 
2
66 26 4 0
266 24 4 0
2
34 36 
2
137 2 24 0
267 4 22 0
2
35 37 
2
137 28 2 0
267 24 4 0
2
304 38 
2
98 0 14 0
528 4 16 0
2
36 38 
2
268 4 22 0
529 4 16 0
2
305 38 
2
98 0 12 0
530 4 16 0
2
16 38 
2
67 4 24 0
531 4 16 0
2
306 38 
2
98 0 10 0
532 4 16 0
2
36 38 
2
269 4 22 0
533 4 16 0
2
307 38 
2
98 0 8 0
534 4 16 0
2
292 39 
2
92 2 34 0
528 22 8 0
2
37 39 
2
268 24 4 0
529 22 8 0
2
293 39 
2
92 2 0 0
530 22 8 0
2
17 39 
2
67 26 4 0
531 22 8 0
2
294 39 
2
92 0 34 0
532 22 8 0
2
37 39 
2
269 24 4 0
533 22 8 0
2
295 39 
2
92 0 32 0
534 22 8 0
2
244 40 
2
101 34 34 0
1056 10 16 0
2
38 40 
2
535 4 16 0
1057 10 16 0
2
245 40 
2
101 34 32 0
1058 10 16 0
2
18 40 
2
133 4 18 0
1059 10 16 0
2
246 40 
2
101 34 30 0
1060 10 16 0
2
38 40 
2
536 4 16 0
1061 10 16 0
2
247 40 
2
101 34 28 0
1062 10 16 0
2
300 41 
2
92 0 22 0
1056 20 12 0
2
39 41 
2
535 22 8 0
1057 20 12 0
2
301 41 
2
92 0 20 0
1058 20 12 0
2
19 41 
2
133 20 8 0
1059 20 12 0
2
302 41 
2
92 0 18 0
1060 20 12 0
2
39 41 
2
536 22 8 0
1061 20 12 0
2
303 41 
2
92 0 16 0
1062 20 12 0
2
248 42 
2
101 34 26 0
4432 16 16 0
2
40 42 
2
1063 10 16 0
4433 16 16 0
2
249 42 
2
101 34 24 0
4434 16 16 0
2
20 42 
2
265 14 16 0
4435 16 16 0
2
250 42 
2
101 34 22 0
4436 16 16 0
2
40 42 
2
1064 10 16 0
4437 16 16 0
2
251 42 
2
101 34 20 0
4438 16 16 0
2
304 43 
2
92 0 14 0
4095 18 14 0
2
41 43 
2
1063 20 12 0
4096 18 14 0
2
305 43 
2
92 0 12 0
4097 18 14 0
2
21 43 
2
265 20 14 0
4098 18 14 0
2
306 43 
2
92 0 10 0
4099 18 14 0
2
41 43 
2
1064 20 12 0
4100 18 14 0
2
307 43 
2
92 0 8 0
4101 18 14 0
2
42 178 
2
4439 16 16 0
28 10 2 0
2
43 110 
2
4102 18 14 0
36 6 20 0
2
42 179 
2
4440 16 16 0
24 30 22 0
2
42 180 
2
4441 16 16 0
20 26 26 0
2
40 42 
2
1065 10 16 0
4442 16 16 0
2
41 43 
2
1065 20 12 0
4103 18 14 0
2
42 178 
2
4443 16 16 0
29 10 2 0
2
43 110 
2
4104 18 14 0
37 6 20 0
2
42 179 
2
4444 16 16 0
25 30 22 0
2
43 127 
2
4105 18 14 0
37 12 18 0
2
42 180 
2
4445 16 16 0
21 26 26 0
2
20 40 
2
266 14 16 0
1066 10 16 0
2
21 41 
2
266 20 14 0
1066 20 12 0
2
38 40 
2
537 4 16 0
1067 10 16 0
2
39 41 
2
537 22 8 0
1067 20 12 0
2
256 42 
2
101 34 10 0
4446 16 16 0
2
40 42 
2
1068 10 16 0
4447 16 16 0
2
257 42 
2
101 34 8 0
4448 16 16 0
2
20 42 
2
267 14 16 0
4449 16 16 0
2
258 42 
2
101 34 6 0
4450 16 16 0
2
40 42 
2
1069 10 16 0
4451 16 16 0
2
259 42 
2
101 34 4 0
4452 16 16 0
2
248 43 
2
95 34 26 0
4106 18 14 0
2
41 43 
2
1068 20 12 0
4107 18 14 0
2
249 43 
2
95 34 24 0
4108 18 14 0
2
21 43 
2
267 20 14 0
4109 18 14 0
2
250 43 
2
95 34 22 0
4110 18 14 0
2
41 43 
2
1069 20 12 0
4111 18 14 0
2
251 43 
2
95 34 20 0
4112 18 14 0
2
42 179 
2
4453 16 16 0
26 30 22 0
2
43 133 
2
4113 18 14 0
36 10 12 0
2
42 180 
2
4454 16 16 0
22 26 26 0
2
42 181 
2
4455 16 16 0
20 32 20 0
2
40 42 
2
1070 10 16 0
4456 16 16 0
2
41 43 
2
1070 20 12 0
4114 18 14 0
2
42 179 
2
4457 16 16 0
27 30 22 0
2
43 132 
2
4115 18 14 0
36 8 16 0
2
42 180 
2
4458 16 16 0
23 26 26 0
2
42 181 
2
4459 16 16 0
21 32 20 0
2
20 40 
2
268 14 16 0
1071 10 16 0
2
21 41 
2
268 20 14 0
1071 20 12 0
2
18 38 
2
134 4 18 0
538 4 16 0
2
19 39 
2
134 20 8 0
538 22 8 0
2
36 38 
2
270 4 22 0
539 4 16 0
2
37 39 
2
270 24 4 0
539 22 8 0
2
260 40 
2
101 34 2 0
1072 10 16 0
2
38 40 
2
540 4 16 0
1073 10 16 0
2
261 40 
2
101 34 0 0
1074 10 16 0
2
18 40 
2
135 4 18 0
1075 10 16 0
2
262 40 
2
101 32 34 0
1076 10 16 0
2
38 40 
2
541 4 16 0
1077 10 16 0
2
263 40 
2
101 32 0 0
1078 10 16 0
2
252 41 
2
95 34 18 0
1072 20 12 0
2
39 41 
2
540 22 8 0
1073 20 12 0
2
253 41 
2
95 34 16 0
1074 20 12 0
2
19 41 
2
135 20 8 0
1075 20 12 0
2
254 41 
2
95 34 14 0
1076 20 12 0
2
39 41 
2
541 22 8 0
1077 20 12 0
2
255 41 
2
95 34 12 0
1078 20 12 0
2
264 42 
2
101 30 34 0
4460 16 16 0
2
40 42 
2
1079 10 16 0
4461 16 16 0
2
265 42 
2
101 30 0 0
4462 16 16 0
2
20 42 
2
269 14 16 0
4463 16 16 0
2
266 42 
2
101 28 34 0
4464 16 16 0
2
40 42 
2
1080 10 16 0
4465 16 16 0
2
267 42 
2
101 28 0 0
4466 16 16 0
2
256 43 
2
95 34 10 0
4116 18 14 0
2
41 43 
2
1079 20 12 0
4117 18 14 0
2
257 43 
2
95 34 8 0
4118 18 14 0
2
21 43 
2
269 20 14 0
4119 18 14 0
2
258 43 
2
95 34 6 0
4120 18 14 0
2
41 43 
2
1080 20 12 0
4121 18 14 0
2
259 43 
2
95 34 4 0
4122 18 14 0
2
42 71 
2
4467 16 16 0
22 8 28 0
2
43 132 
2
4123 18 14 0
37 8 16 0
2
42 72 
2
4468 16 16 0
20 8 30 0
2
43 133 
2
4124 18 14 0
37 10 12 0
2
42 73 
2
4469 16 16 0
18 2 22 0
2
40 42 
2
1081 10 16 0
4470 16 16 0
2
41 43 
2
1081 20 12 0
4125 18 14 0
2
42 71 
2
4471 16 16 0
23 8 28 0
2
43 135 
2
4126 18 14 0
30 10 26 0
2
42 72 
2
4472 16 16 0
21 8 30 0
2
42 73 
2
4473 16 16 0
19 2 22 0
2
20 40 
2
270 14 16 0
1082 10 16 0
2
21 41 
2
270 20 14 0
1082 20 12 0
2
38 40 
2
542 4 16 0
1083 10 16 0
2
39 41 
2
542 22 8 0
1083 20 12 0
2
272 42 
2
101 22 34 0
4474 16 16 0
2
40 42 
2
1084 10 16 0
4475 16 16 0
2
273 42 
2
101 22 0 0
4476 16 16 0
2
20 42 
2
271 14 16 0
4477 16 16 0
2
274 42 
2
101 20 34 0
4478 16 16 0
2
40 42 
2
1085 10 16 0
4479 16 16 0
2
275 42 
2
101 20 0 0
4480 16 16 0
2
265 43 
2
95 30 0 0
4127 18 14 0
2
41 43 
2
1084 20 12 0
4128 18 14 0
2
267 43 
2
95 28 0 0
4129 18 14 0
2
21 43 
2
271 20 14 0
4130 18 14 0
2
269 43 
2
95 26 0 0
4131 18 14 0
2
41 43 
2
1085 20 12 0
4132 18 14 0
2
271 43 
2
95 24 0 0
4133 18 14 0
2
42 72 
2
4481 16 16 0
22 8 30 0
2
43 134 
2
4134 18 14 0
32 16 30 0
2
42 73 
2
4482 16 16 0
20 2 22 0
2
42 74 
2
4483 16 16 0
18 8 26 0
2
40 42 
2
1086 10 16 0
4484 16 16 0
2
41 43 
2
1086 20 12 0
4135 18 14 0
2
42 72 
2
4485 16 16 0
23 8 30 0
2
43 134 
2
4136 18 14 0
33 16 30 0
2
42 73 
2
4486 16 16 0
21 2 22 0
2
43 135 
2
4137 18 14 0
31 10 26 0
2
42 74 
2
4487 16 16 0
19 8 26 0
2
20 40 
2
272 14 16 0
1087 10 16 0
2
21 41 
2
272 20 14 0
1087 20 12 0
2
18 38 
2
136 4 18 0
543 4 16 0
2
19 39 
2
136 20 8 0
543 22 8 0
2
16 36 
2
68 4 24 0
271 4 22 0
2
17 37 
2
68 26 4 0
271 24 4 0
2
14 34 
2
34 4 26 0
138 2 24 0
2
15 35 
2
34 26 2 0
138 28 2 0
2
32 34 
2
73 2 28 0
139 2 24 0
2
33 35 
2
73 32 2 0
139 28 2 0
2
252 36 
2
101 34 18 0
272 4 22 0
2
34 36 
2
140 2 24 0
273 4 22 0
2
253 36 
2
101 34 16 0
274 4 22 0
2
14 36 
2
35 4 26 0
275 4 22 0
2
254 36 
2
101 34 14 0
276 4 22 0
2
34 36 
2
141 2 24 0
277 4 22 0
2
255 36 
2
101 34 12 0
278 4 22 0
2
308 37 
2
92 0 6 0
272 24 4 0
2
35 37 
2
140 28 2 0
273 24 4 0
2
309 37 
2
92 0 4 0
274 24 4 0
2
15 37 
2
35 26 2 0
275 24 4 0
2
310 37 
2
92 0 2 0
276 24 4 0
2
35 37 
2
141 28 2 0
277 24 4 0
2
311 37 
2
92 0 0 0
278 24 4 0
2
268 38 
2
101 26 34 0
544 4 16 0
2
36 38 
2
279 4 22 0
545 4 16 0
2
269 38 
2
101 26 0 0
546 4 16 0
2
16 38 
2
69 4 24 0
547 4 16 0
2
270 38 
2
101 24 34 0
548 4 16 0
2
36 38 
2
280 4 22 0
549 4 16 0
2
271 38 
2
101 24 0 0
550 4 16 0
2
260 39 
2
95 34 2 0
544 22 8 0
2
37 39 
2
279 24 4 0
545 22 8 0
2
261 39 
2
95 34 0 0
546 22 8 0
2
17 39 
2
69 26 4 0
547 22 8 0
2
262 39 
2
95 32 34 0
548 22 8 0
2
37 39 
2
280 24 4 0
549 22 8 0
2
263 39 
2
95 32 0 0
550 22 8 0
2
276 40 
2
101 18 34 0
1088 10 16 0
2
38 40 
2
551 4 16 0
1089 10 16 0
2
277 40 
2
101 18 0 0
1090 10 16 0
2
18 40 
2
137 4 18 0
1091 10 16 0
2
278 40 
2
101 16 34 0
1092 10 16 0
2
38 40 
2
552 4 16 0
1093 10 16 0
2
279 40 
2
101 16 0 0
1094 10 16 0
2
272 41 
2
95 22 34 0
1088 20 12 0
2
39 41 
2
551 22 8 0
1089 20 12 0
2
273 41 
2
95 22 0 0
1090 20 12 0
2
19 41 
2
137 20 8 0
1091 20 12 0
2
274 41 
2
95 20 34 0
1092 20 12 0
2
39 41 
2
552 22 8 0
1093 20 12 0
2
275 41 
2
95 20 0 0
1094 20 12 0
2
280 42 
2
101 14 34 0
4488 16 16 0
2
40 42 
2
1095 10 16 0
4489 16 16 0
2
281 42 
2
101 14 0 0
4490 16 16 0
2
20 42 
2
273 14 16 0
4491 16 16 0
2
282 42 
2
101 12 34 0
4492 16 16 0
2
40 42 
2
1096 10 16 0
4493 16 16 0
2
283 42 
2
101 12 0 0
4494 16 16 0
2
276 43 
2
95 18 34 0
4138 18 14 0
2
41 43 
2
1095 20 12 0
4139 18 14 0
2
277 43 
2
95 18 0 0
4140 18 14 0
2
21 43 
2
273 20 14 0
4141 18 14 0
2
278 43 
2
95 16 34 0
4142 18 14 0
2
41 43 
2
1096 20 12 0
4143 18 14 0
2
279 43 
2
95 16 0 0
4144 18 14 0
2
42 71 
2
4495 16 16 0
24 8 28 0
2
43 137 
2
4145 18 14 0
28 16 28 0
2
42 72 
2
4496 16 16 0
24 8 30 0
2
42 73 
2
4497 16 16 0
22 2 22 0
2
42 74 
2
4498 16 16 0
20 8 26 0
2
42 75 
2
4499 16 16 0
18 10 30 0
2
42 76 
2
4500 16 16 0
18 6 24 0
2
42 77 
2
4501 16 16 0
18 14 32 0
2
42 78 
2
4502 16 16 0
18 10 28 0
2
42 79 
2
4503 16 16 0
22 2 20 0
2
42 80 
2
4504 16 16 0
26 24 28 0
2
42 81 
2
4505 16 16 0
30 6 6 0
2
42 82 
2
4506 16 16 0
32 28 22 0
2
42 83 
2
4507 16 16 0
32 10 4 0
2
42 84 
2
4508 16 16 0
30 28 24 0
2
42 85 
2
4509 16 16 0
32 30 20 0
2
42 88 
2
4510 16 16 0
36 12 4 0
2
42 110 
2
4511 16 16 0
38 6 20 0
2
42 127 
2
4512 16 16 0
38 12 18 0
2
42 132 
2
4513 16 16 0
38 8 16 0
2
42 133 
2
4514 16 16 0
38 10 12 0
2
42 134 
2
4515 16 16 0
34 16 30 0
2
40 42 
2
1097 10 16 0
4516 16 16 0
2
41 43 
2
1097 20 12 0
4146 18 14 0
2
42 71 
2
4517 16 16 0
25 8 28 0
2
43 136 
2
4147 18 14 0
28 16 26 0
2
42 72 
2
4518 16 16 0
25 8 30 0
2
42 73 
2
4519 16 16 0
23 2 22 0
2
42 74 
2
4520 16 16 0
21 8 26 0
2
42 75 
2
4521 16 16 0
19 10 30 0
2
42 76 
2
4522 16 16 0
19 6 24 0
2
42 77 
2
4523 16 16 0
19 14 32 0
2
42 78 
2
4524 16 16 0
19 10 28 0
2
42 79 
2
4525 16 16 0
23 2 20 0
2
42 80 
2
4526 16 16 0
27 24 28 0
2
42 81 
2
4527 16 16 0
31 6 6 0
2
42 82 
2
4528 16 16 0
33 28 22 0
2
42 83 
2
4529 16 16 0
33 10 4 0
2
42 84 
2
4530 16 16 0
31 28 24 0
2
42 85 
2
4531 16 16 0
33 30 20 0
2
42 88 
2
4532 16 16 0
37 12 4 0
2
42 110 
2
4533 16 16 0
39 6 20 0
2
42 127 
2
4534 16 16 0
39 12 18 0
2
42 132 
2
4535 16 16 0
39 8 16 0
2
42 133 
2
4536 16 16 0
39 10 12 0
2
42 134 
2
4537 16 16 0
35 16 30 0
2
20 40 
2
274 14 16 0
1098 10 16 0
2
21 41 
2
274 20 14 0
1098 20 12 0
2
38 40 
2
553 4 16 0
1099 10 16 0
2
39 41 
2
553 22 8 0
1099 20 12 0
2
288 42 
2
101 6 34 0
4538 16 16 0
2
40 42 
2
1100 10 16 0
4539 16 16 0
2
289 42 
2
101 6 0 0
4540 16 16 0
2
20 42 
2
275 14 16 0
4541 16 16 0
2
290 42 
2
101 4 34 0
4542 16 16 0
2
40 42 
2
1101 10 16 0
4543 16 16 0
2
291 42 
2
101 4 0 0
4544 16 16 0
2
284 43 
2
95 10 34 0
4148 18 14 0
2
41 43 
2
1100 20 12 0
4149 18 14 0
2
285 43 
2
95 10 0 0
4150 18 14 0
2
21 43 
2
275 20 14 0
4151 18 14 0
2
286 43 
2
95 8 34 0
4152 18 14 0
2
41 43 
2
1101 20 12 0
4153 18 14 0
2
291 43 
2
95 4 0 0
4154 18 14 0
2
42 72 
2
4545 16 16 0
26 8 30 0
2
43 136 
2
4155 18 14 0
29 16 26 0
2
42 73 
2
4546 16 16 0
24 2 22 0
2
43 137 
2
4156 18 14 0
29 16 28 0
2
42 74 
2
4547 16 16 0
22 8 26 0
2
42 75 
2
4548 16 16 0
20 10 30 0
2
42 76 
2
4549 16 16 0
20 6 24 0
2
42 77 
2
4550 16 16 0
20 14 32 0
2
42 78 
2
4551 16 16 0
20 10 28 0
2
42 79 
2
4552 16 16 0
24 2 20 0
2
42 80 
2
4553 16 16 0
28 24 28 0
2
42 81 
2
4554 16 16 0
32 6 6 0
2
42 82 
2
4555 16 16 0
34 28 22 0
2
42 83 
2
4556 16 16 0
34 10 4 0
2
42 84 
2
4557 16 16 0
32 28 24 0
2
42 85 
2
4558 16 16 0
34 30 20 0
2
42 88 
2
4559 16 16 0
38 12 4 0
2
42 110 
2
4560 16 16 0
40 6 20 0
2
42 127 
2
4561 16 16 0
40 12 18 0
2
42 132 
2
4562 16 16 0
40 8 16 0
2
42 133 
2
4563 16 16 0
40 10 12 0
2
42 134 
2
4564 16 16 0
36 16 30 0
2
42 135 
2
4565 16 16 0
32 10 26 0
2
40 42 
2
1102 10 16 0
4566 16 16 0
2
41 43 
2
1102 20 12 0
4157 18 14 0
2
42 72 
2
4567 16 16 0
27 8 30 0
2
43 139 
2
4158 18 14 0
28 12 26 0
2
42 73 
2
4568 16 16 0
25 2 22 0
2
42 74 
2
4569 16 16 0
23 8 26 0
2
42 75 
2
4570 16 16 0
21 10 30 0
2
42 76 
2
4571 16 16 0
21 6 24 0
2
42 77 
2
4572 16 16 0
21 14 32 0
2
42 78 
2
4573 16 16 0
21 10 28 0
2
42 79 
2
4574 16 16 0
25 2 20 0
2
42 80 
2
4575 16 16 0
29 24 28 0
2
42 81 
2
4576 16 16 0
33 6 6 0
2
42 82 
2
4577 16 16 0
35 28 22 0
2
42 83 
2
4578 16 16 0
35 10 4 0
2
42 84 
2
4579 16 16 0
33 28 24 0
2
42 85 
2
4580 16 16 0
35 30 20 0
2
42 88 
2
4581 16 16 0
39 12 4 0
2
42 110 
2
4582 16 16 0
41 6 20 0
2
42 127 
2
4583 16 16 0
41 12 18 0
2
42 132 
2
4584 16 16 0
41 8 16 0
2
42 133 
2
4585 16 16 0
41 10 12 0
2
42 134 
2
4586 16 16 0
37 16 30 0
2
42 135 
2
4587 16 16 0
33 10 26 0
2
20 40 
2
276 14 16 0
1103 10 16 0
2
21 41 
2
276 20 14 0
1103 20 12 0
2
18 38 
2
138 4 18 0
554 4 16 0
2
19 39 
2
138 20 8 0
554 22 8 0
2
36 38 
2
281 4 22 0
555 4 16 0
2
37 39 
2
281 24 4 0
555 22 8 0
2
292 40 
2
101 2 34 0
1104 10 16 0
2
38 40 
2
556 4 16 0
1105 10 16 0
2
293 40 
2
101 2 0 0
1106 10 16 0
2
18 40 
2
139 4 18 0
1107 10 16 0
2
294 40 
2
101 0 34 0
1108 10 16 0
2
38 40 
2
557 4 16 0
1109 10 16 0
2
295 40 
2
101 0 32 0
1110 10 16 0
2
292 41 
2
95 2 34 0
1104 20 12 0
2
39 41 
2
556 22 8 0
1105 20 12 0
2
293 41 
2
95 2 0 0
1106 20 12 0
2
19 41 
2
139 20 8 0
1107 20 12 0
2
294 41 
2
95 0 34 0
1108 20 12 0
2
39 41 
2
557 22 8 0
1109 20 12 0
2
295 41 
2
95 0 32 0
1110 20 12 0
2
296 42 
2
101 0 30 0
4588 16 16 0
2
40 42 
2
1111 10 16 0
4589 16 16 0
2
297 42 
2
101 0 28 0
4590 16 16 0
2
20 42 
2
277 14 16 0
4591 16 16 0
2
298 42 
2
101 0 26 0
4592 16 16 0
2
40 42 
2
1112 10 16 0
4593 16 16 0
2
299 42 
2
101 0 24 0
4594 16 16 0
2
296 43 
2
95 0 30 0
4159 18 14 0
2
41 43 
2
1111 20 12 0
4160 18 14 0
2
297 43 
2
95 0 28 0
4161 18 14 0
2
21 43 
2
277 20 14 0
4162 18 14 0
2
298 43 
2
95 0 26 0
4163 18 14 0
2
41 43 
2
1112 20 12 0
4164 18 14 0
2
299 43 
2
95 0 24 0
4165 18 14 0
2
42 134 
2
4595 16 16 0
38 16 30 0
2
43 138 
2
4166 18 14 0
28 10 20 0
2
42 135 
2
4596 16 16 0
34 10 26 0
2
42 136 
2
4597 16 16 0
30 16 26 0
2
40 42 
2
1113 10 16 0
4598 16 16 0
2
41 43 
2
1113 20 12 0
4167 18 14 0
2
42 134 
2
4599 16 16 0
39 16 30 0
2
43 138 
2
4168 18 14 0
29 10 20 0
2
42 135 
2
4600 16 16 0
35 10 26 0
2
43 139 
2
4169 18 14 0
29 12 26 0
2
42 136 
2
4601 16 16 0
31 16 26 0
2
20 40 
2
278 14 16 0
1114 10 16 0
2
21 41 
2
278 20 14 0
1114 20 12 0
2
38 40 
2
558 4 16 0
1115 10 16 0
2
39 41 
2
558 22 8 0
1115 20 12 0
2
304 42 
2
101 0 14 0
4602 16 16 0
2
40 42 
2
1116 10 16 0
4603 16 16 0
2
305 42 
2
101 0 12 0
4604 16 16 0
2
20 42 
2
279 14 16 0
4605 16 16 0
2
306 42 
2
101 0 10 0
4606 16 16 0
2
40 42 
2
1117 10 16 0
4607 16 16 0
2
307 42 
2
101 0 8 0
4608 16 16 0
2
304 43 
2
95 0 14 0
4170 18 14 0
2
41 43 
2
1116 20 12 0
4171 18 14 0
2
305 43 
2
95 0 12 0
4172 18 14 0
2
21 43 
2
279 20 14 0
4173 18 14 0
2
306 43 
2
95 0 10 0
4174 18 14 0
2
41 43 
2
1117 20 12 0
4175 18 14 0
2
308 43 
2
95 0 6 0
4176 18 14 0
2
42 135 
2
4609 16 16 0
36 10 26 0
2
43 141 
2
4177 18 14 0
28 14 20 0
2
42 136 
2
4610 16 16 0
32 16 26 0
2
42 137 
2
4611 16 16 0
30 16 28 0
2
40 42 
2
1118 10 16 0
4612 16 16 0
2
41 43 
2
1118 20 12 0
4178 18 14 0
2
42 135 
2
4613 16 16 0
37 10 26 0
2
43 140 
2
4179 18 14 0
28 14 18 0
2
42 136 
2
4614 16 16 0
33 16 26 0
2
42 137 
2
4615 16 16 0
31 16 28 0
2
20 40 
2
280 14 16 0
1119 10 16 0
2
21 41 
2
280 20 14 0
1119 20 12 0
2
18 38 
2
140 4 18 0
559 4 16 0
2
19 39 
2
140 20 8 0
559 22 8 0
2
16 36 
2
70 4 24 0
282 4 22 0
2
17 37 
2
70 26 4 0
282 24 4 0
2
34 36 
2
142 2 24 0
283 4 22 0
2
35 37 
2
142 28 2 0
283 24 4 0
2
300 38 
2
101 0 22 0
560 4 16 0
2
36 38 
2
284 4 22 0
561 4 16 0
2
301 38 
2
101 0 20 0
562 4 16 0
2
16 38 
2
71 4 24 0
563 4 16 0
2
302 38 
2
101 0 18 0
564 4 16 0
2
36 38 
2
285 4 22 0
565 4 16 0
2
303 38 
2
101 0 16 0
566 4 16 0
2
300 39 
2
95 0 22 0
560 22 8 0
2
37 39 
2
284 24 4 0
561 22 8 0
2
301 39 
2
95 0 20 0
562 22 8 0
2
17 39 
2
71 26 4 0
563 22 8 0
2
302 39 
2
95 0 18 0
564 22 8 0
2
37 39 
2
285 24 4 0
565 22 8 0
2
303 39 
2
95 0 16 0
566 22 8 0
2
308 40 
2
101 0 6 0
1120 10 16 0
2
38 40 
2
567 4 16 0
1121 10 16 0
2
309 40 
2
101 0 4 0
1122 10 16 0
2
18 40 
2
141 4 18 0
1123 10 16 0
2
310 40 
2
101 0 2 0
1124 10 16 0
2
38 40 
2
568 4 16 0
1125 10 16 0
2
311 40 
2
101 0 0 0
1126 10 16 0
2
310 41 
2
95 0 2 0
1120 20 12 0
2
39 41 
2
567 22 8 0
1121 20 12 0
2
311 41 
2
95 0 0 0
1122 20 12 0
2
19 41 
2
141 20 8 0
1123 20 12 0
2
244 41 
2
98 34 34 0
1124 20 12 0
2
39 41 
2
568 22 8 0
1125 20 12 0
2
245 41 
2
98 34 32 0
1126 20 12 0
2
244 42 
2
104 34 34 0
4616 16 16 0
2
40 42 
2
1127 10 16 0
4617 16 16 0
2
245 42 
2
104 34 32 0
4618 16 16 0
2
20 42 
2
281 14 16 0
4619 16 16 0
2
246 42 
2
104 34 30 0
4620 16 16 0
2
40 42 
2
1128 10 16 0
4621 16 16 0
2
247 42 
2
104 34 28 0
4622 16 16 0
2
247 43 
2
98 34 28 0
4180 18 14 0
2
41 43 
2
1127 20 12 0
4181 18 14 0
2
249 43 
2
98 34 24 0
4182 18 14 0
2
21 43 
2
281 20 14 0
4183 18 14 0
2
250 43 
2
98 34 22 0
4184 18 14 0
2
41 43 
2
1128 20 12 0
4185 18 14 0
2
255 43 
2
98 34 12 0
4186 18 14 0
2
42 134 
2
4623 16 16 0
40 16 30 0
2
43 140 
2
4187 18 14 0
29 14 18 0
2
42 135 
2
4624 16 16 0
38 10 26 0
2
43 141 
2
4188 18 14 0
29 14 20 0
2
42 136 
2
4625 16 16 0
34 16 26 0
2
42 137 
2
4626 16 16 0
32 16 28 0
2
42 138 
2
4627 16 16 0
30 10 20 0
2
42 139 
2
4628 16 16 0
30 12 26 0
2
42 140 
2
4629 16 16 0
30 14 18 0
2
42 141 
2
4630 16 16 0
30 14 20 0
2
42 142 
2
4631 16 16 0
32 8 12 0
2
42 143 
2
4632 16 16 0
34 22 24 0
2
42 144 
2
4633 16 16 0
36 24 18 0
2
42 145 
2
4634 16 16 0
36 22 10 0
2
42 146 
2
4635 16 16 0
34 30 12 0
2
42 147 
2
4636 16 16 0
30 4 8 0
2
42 148 
2
4637 16 16 0
30 12 30 0
2
42 165 
2
4638 16 16 0
34 4 20 0
2
42 187 
2
4639 16 16 0
36 12 28 0
2
42 190 
2
4640 16 16 0
36 26 16 0
2
42 192 
2
4641 16 16 0
36 18 26 0
2
42 193 
2
4642 16 16 0
36 6 16 0
2
42 194 
2
4643 16 16 0
32 14 22 0
2
40 42 
2
1129 10 16 0
4644 16 16 0
2
41 43 
2
1129 20 12 0
4189 18 14 0
2
42 134 
2
4645 16 16 0
41 16 30 0
2
43 143 
2
4190 18 14 0
35 22 24 0
2
42 135 
2
4646 16 16 0
39 10 26 0
2
42 136 
2
4647 16 16 0
35 16 26 0
2
42 137 
2
4648 16 16 0
33 16 28 0
2
42 138 
2
4649 16 16 0
31 10 20 0
2
42 139 
2
4650 16 16 0
31 12 26 0
2
42 140 
2
4651 16 16 0
31 14 18 0
2
42 141 
2
4652 16 16 0
31 14 20 0
2
42 142 
2
4653 16 16 0
33 8 12 0
2
42 143 
2
4654 16 16 0
36 22 24 0
2
42 144 
2
4655 16 16 0
37 24 18 0
2
42 145 
2
4656 16 16 0
37 22 10 0
2
42 146 
2
4657 16 16 0
35 30 12 0
2
42 147 
2
4658 16 16 0
31 4 8 0
2
42 148 
2
4659 16 16 0
31 12 30 0
2
42 165 
2
4660 16 16 0
35 4 20 0
2
42 187 
2
4661 16 16 0
37 12 28 0
2
42 190 
2
4662 16 16 0
37 26 16 0
2
42 192 
2
4663 16 16 0
37 18 26 0
2
42 193 
2
4664 16 16 0
37 6 16 0
2
42 194 
2
4665 16 16 0
33 14 22 0
2
20 40 
2
282 14 16 0
1130 10 16 0
2
21 41 
2
282 20 14 0
1130 20 12 0
2
38 40 
2
569 4 16 0
1131 10 16 0
2
39 41 
2
569 22 8 0
1131 20 12 0
2
260 42 
2
104 34 2 0
4666 16 16 0
2
40 42 
2
1132 10 16 0
4667 16 16 0
2
261 42 
2
104 34 0 0
4668 16 16 0
2
20 42 
2
283 14 16 0
4669 16 16 0
2
262 42 
2
104 32 34 0
4670 16 16 0
2
40 42 
2
1133 10 16 0
4671 16 16 0
2
263 42 
2
104 32 0 0
4672 16 16 0
2
248 43 
2
104 34 26 0
4191 18 14 0
2
41 43 
2
1132 20 12 0
4192 18 14 0
2
249 43 
2
104 34 24 0
4193 18 14 0
2
21 43 
2
283 20 14 0
4194 18 14 0
2
250 43 
2
104 34 22 0
4195 18 14 0
2
41 43 
2
1133 20 12 0
4196 18 14 0
2
251 43 
2
104 34 20 0
4197 18 14 0
2
42 135 
2
4673 16 16 0
40 10 26 0
2
43 142 
2
4198 18 14 0
34 8 12 0
2
42 136 
2
4674 16 16 0
36 16 26 0
2
42 137 
2
4675 16 16 0
34 16 28 0
2
42 138 
2
4676 16 16 0
32 10 20 0
2
42 139 
2
4677 16 16 0
32 12 26 0
2
42 140 
2
4678 16 16 0
32 14 18 0
2
42 141 
2
4679 16 16 0
32 14 20 0
2
42 142 
2
4680 16 16 0
35 8 12 0
2
42 143 
2
4681 16 16 0
37 22 24 0
2
42 144 
2
4682 16 16 0
38 24 18 0
2
42 145 
2
4683 16 16 0
38 22 10 0
2
42 146 
2
4684 16 16 0
36 30 12 0
2
42 147 
2
4685 16 16 0
32 4 8 0
2
42 148 
2
4686 16 16 0
32 12 30 0
2
42 165 
2
4687 16 16 0
36 4 20 0
2
42 187 
2
4688 16 16 0
38 12 28 0
2
42 190 
2
4689 16 16 0
38 26 16 0
2
42 192 
2
4690 16 16 0
38 18 26 0
2
42 193 
2
4691 16 16 0
38 6 16 0
2
42 194 
2
4692 16 16 0
34 14 22 0
2
42 195 
2
4693 16 16 0
30 10 22 0
2
40 42 
2
1134 10 16 0
4694 16 16 0
2
41 43 
2
1134 20 12 0
4199 18 14 0
2
42 135 
2
4695 16 16 0
41 10 26 0
2
43 142 
2
4200 18 14 0
36 8 12 0
2
42 136 
2
4696 16 16 0
37 16 26 0
2
43 143 
2
4201 18 14 0
38 22 24 0
2
42 137 
2
4697 16 16 0
35 16 28 0
2
42 138 
2
4698 16 16 0
33 10 20 0
2
42 139 
2
4699 16 16 0
33 12 26 0
2
42 140 
2
4700 16 16 0
33 14 18 0
2
42 141 
2
4701 16 16 0
33 14 20 0
2
42 142 
2
4702 16 16 0
37 8 12 0
2
42 143 
2
4703 16 16 0
39 22 24 0
2
42 144 
2
4704 16 16 0
39 24 18 0
2
42 145 
2
4705 16 16 0
39 22 10 0
2
42 146 
2
4706 16 16 0
37 30 12 0
2
42 147 
2
4707 16 16 0
33 4 8 0
2
42 148 
2
4708 16 16 0
33 12 30 0
2
42 165 
2
4709 16 16 0
37 4 20 0
2
42 187 
2
4710 16 16 0
39 12 28 0
2
42 190 
2
4711 16 16 0
39 26 16 0
2
42 192 
2
4712 16 16 0
39 18 26 0
2
42 193 
2
4713 16 16 0
39 6 16 0
2
42 194 
2
4714 16 16 0
35 14 22 0
2
42 195 
2
4715 16 16 0
31 10 22 0
2
20 40 
2
284 14 16 0
1135 10 16 0
2
21 41 
2
284 20 14 0
1135 20 12 0
2
18 38 
2
142 4 18 0
570 4 16 0
2
19 39 
2
142 20 8 0
570 22 8 0
2
36 38 
2
286 4 22 0
571 4 16 0
2
37 39 
2
286 24 4 0
571 22 8 0
2
268 40 
2
104 26 34 0
1136 10 16 0
2
38 40 
2
572 4 16 0
1137 10 16 0
2
269 40 
2
104 26 0 0
1138 10 16 0
2
18 40 
2
143 4 18 0
1139 10 16 0
2
270 40 
2
104 24 34 0
1140 10 16 0
2
38 40 
2
573 4 16 0
1141 10 16 0
2
271 40 
2
104 24 0 0
1142 10 16 0
2
256 41 
2
104 34 10 0
1136 20 12 0
2
39 41 
2
572 22 8 0
1137 20 12 0
2
257 41 
2
104 34 8 0
1138 20 12 0
2
19 41 
2
143 20 8 0
1139 20 12 0
2
258 41 
2
104 34 6 0
1140 20 12 0
2
39 41 
2
573 22 8 0
1141 20 12 0
2
259 41 
2
104 34 4 0
1142 20 12 0
2
264 42 
2
107 30 34 0
4716 16 16 0
2
40 42 
2
1143 10 16 0
4717 16 16 0
2
265 42 
2
107 30 0 0
4718 16 16 0
2
20 42 
2
285 14 16 0
4719 16 16 0
2
266 42 
2
107 28 34 0
4720 16 16 0
2
40 42 
2
1144 10 16 0
4721 16 16 0
2
267 42 
2
107 28 0 0
4722 16 16 0
2
264 43 
2
104 30 34 0
4202 18 14 0
2
41 43 
2
1143 20 12 0
4203 18 14 0
2
265 43 
2
104 30 0 0
4204 18 14 0
2
21 43 
2
285 20 14 0
4205 18 14 0
2
266 43 
2
104 28 34 0
4206 18 14 0
2
41 43 
2
1144 20 12 0
4207 18 14 0
2
267 43 
2
104 28 0 0
4208 18 14 0
2
42 194 
2
4723 16 16 0
36 14 22 0
2
43 145 
2
4209 18 14 0
40 22 10 0
2
42 195 
2
4724 16 16 0
32 10 22 0
2
42 196 
2
4725 16 16 0
28 8 18 0
2
40 42 
2
1145 10 16 0
4726 16 16 0
2
41 43 
2
1145 20 12 0
4210 18 14 0
2
42 194 
2
4727 16 16 0
37 14 22 0
2
43 144 
2
4211 18 14 0
40 24 18 0
2
42 195 
2
4728 16 16 0
33 10 22 0
2
42 196 
2
4729 16 16 0
29 8 18 0
2
20 40 
2
286 14 16 0
1146 10 16 0
2
21 41 
2
286 20 14 0
1146 20 12 0
2
38 40 
2
574 4 16 0
1147 10 16 0
2
39 41 
2
574 22 8 0
1147 20 12 0
2
272 42 
2
107 22 34 0
4730 16 16 0
2
40 42 
2
1148 10 16 0
4731 16 16 0
2
273 42 
2
107 22 0 0
4732 16 16 0
2
20 42 
2
287 14 16 0
4733 16 16 0
2
274 42 
2
107 20 34 0
4734 16 16 0
2
40 42 
2
1149 10 16 0
4735 16 16 0
2
275 42 
2
107 20 0 0
4736 16 16 0
2
276 43 
2
104 18 34 0
4212 18 14 0
2
41 43 
2
1148 20 12 0
4213 18 14 0
2
277 43 
2
104 18 0 0
4214 18 14 0
2
21 43 
2
287 20 14 0
4215 18 14 0
2
278 43 
2
104 16 34 0
4216 18 14 0
2
41 43 
2
1149 20 12 0
4217 18 14 0
2
279 43 
2
104 16 0 0
4218 18 14 0
2
42 195 
2
4737 16 16 0
34 10 22 0
2
43 144 
2
4219 18 14 0
41 24 18 0
2
42 196 
2
4738 16 16 0
30 8 18 0
2
43 145 
2
4220 18 14 0
41 22 10 0
2
42 197 
2
4739 16 16 0
28 16 22 0
2
40 42 
2
1150 10 16 0
4740 16 16 0
2
41 43 
2
1150 20 12 0
4221 18 14 0
2
42 195 
2
4741 16 16 0
35 10 22 0
2
43 147 
2
4222 18 14 0
34 4 8 0
2
42 196 
2
4742 16 16 0
31 8 18 0
2
42 197 
2
4743 16 16 0
29 16 22 0
2
20 40 
2
288 14 16 0
1151 10 16 0
2
21 41 
2
288 20 14 0
1151 20 12 0
2
18 38 
2
144 4 18 0
575 4 16 0
2
19 39 
2
144 20 8 0
575 22 8 0
2
16 36 
2
72 4 24 0
287 4 22 0
2
17 37 
2
72 26 4 0
287 24 4 0
2
14 34 
2
36 4 26 0
143 2 24 0
2
15 35 
2
36 26 2 0
143 28 2 0
2
12 32 
2
18 2 26 0
74 2 28 0
2
13 33 
2
18 30 2 0
74 32 2 0
2
30 32 
2
41 4 28 0
75 2 28 0
2
31 33 
2
41 32 6 0
75 32 2 0
2
284 34 
2
101 10 34 0
144 2 24 0
2
32 34 
2
76 2 28 0
145 2 24 0
2
285 34 
2
101 10 0 0
146 2 24 0
2
12 34 
2
19 2 26 0
147 2 24 0
2
286 34 
2
101 8 34 0
148 2 24 0
2
32 34 
2
77 2 28 0
149 2 24 0
2
287 34 
2
101 8 0 0
150 2 24 0
2
280 35 
2
95 14 34 0
144 28 2 0
2
33 35 
2
76 32 2 0
145 28 2 0
2
281 35 
2
95 14 0 0
146 28 2 0
2
13 35 
2
19 30 2 0
147 28 2 0
2
282 35 
2
95 12 34 0
148 28 2 0
2
33 35 
2
77 32 2 0
149 28 2 0
2
283 35 
2
95 12 0 0
150 28 2 0
2
252 36 
2
104 34 18 0
288 4 22 0
2
34 36 
2
151 2 24 0
289 4 22 0
2
253 36 
2
104 34 16 0
290 4 22 0
2
14 36 
2
37 4 26 0
291 4 22 0
2
254 36 
2
104 34 14 0
292 4 22 0
2
34 36 
2
152 2 24 0
293 4 22 0
2
255 36 
2
104 34 12 0
294 4 22 0
2
256 37 
2
98 34 10 0
288 24 4 0
2
35 37 
2
151 28 2 0
289 24 4 0
2
257 37 
2
98 34 8 0
290 24 4 0
2
15 37 
2
37 26 2 0
291 24 4 0
2
258 37 
2
98 34 6 0
292 24 4 0
2
35 37 
2
152 28 2 0
293 24 4 0
2
259 37 
2
98 34 4 0
294 24 4 0
2
268 38 
2
107 26 34 0
576 4 16 0
2
36 38 
2
295 4 22 0
577 4 16 0
2
269 38 
2
107 26 0 0
578 4 16 0
2
16 38 
2
73 4 24 0
579 4 16 0
2
270 38 
2
107 24 34 0
580 4 16 0
2
36 38 
2
296 4 22 0
581 4 16 0
2
271 38 
2
107 24 0 0
582 4 16 0
2
272 39 
2
104 22 34 0
576 22 8 0
2
37 39 
2
295 24 4 0
577 22 8 0
2
273 39 
2
104 22 0 0
578 22 8 0
2
17 39 
2
73 26 4 0
579 22 8 0
2
274 39 
2
104 20 34 0
580 22 8 0
2
37 39 
2
296 24 4 0
581 22 8 0
2
275 39 
2
104 20 0 0
582 22 8 0
2
276 40 
2
107 18 34 0
1152 10 16 0
2
38 40 
2
583 4 16 0
1153 10 16 0
2
277 40 
2
107 18 0 0
1154 10 16 0
2
18 40 
2
145 4 18 0
1155 10 16 0
2
278 40 
2
107 16 34 0
1156 10 16 0
2
38 40 
2
584 4 16 0
1157 10 16 0
2
279 40 
2
107 16 0 0
1158 10 16 0
2
280 41 
2
104 14 34 0
1152 20 12 0
2
39 41 
2
583 22 8 0
1153 20 12 0
2
281 41 
2
104 14 0 0
1154 20 12 0
2
19 41 
2
145 20 8 0
1155 20 12 0
2
282 41 
2
104 12 34 0
1156 20 12 0
2
39 41 
2
584 22 8 0
1157 20 12 0
2
283 41 
2
104 12 0 0
1158 20 12 0
2
280 42 
2
107 14 34 0
4744 16 16 0
2
40 42 
2
1159 10 16 0
4745 16 16 0
2
281 42 
2
107 14 0 0
4746 16 16 0
2
20 42 
2
289 14 16 0
4747 16 16 0
2
282 42 
2
107 12 34 0
4748 16 16 0
2
40 42 
2
1160 10 16 0
4749 16 16 0
2
283 42 
2
107 12 0 0
4750 16 16 0
2
284 43 
2
104 10 34 0
4223 18 14 0
2
41 43 
2
1159 20 12 0
4224 18 14 0
2
285 43 
2
104 10 0 0
4225 18 14 0
2
21 43 
2
289 20 14 0
4226 18 14 0
2
286 43 
2
104 8 34 0
4227 18 14 0
2
41 43 
2
1160 20 12 0
4228 18 14 0
2
287 43 
2
104 8 0 0
4229 18 14 0
2
42 194 
2
4751 16 16 0
38 14 22 0
2
43 146 
2
4230 18 14 0
38 30 12 0
2
42 195 
2
4752 16 16 0
36 10 22 0
2
42 196 
2
4753 16 16 0
32 8 18 0
2
42 197 
2
4754 16 16 0
30 16 22 0
2
42 198 
2
4755 16 16 0
28 16 18 0
2
42 199 
2
4756 16 16 0
28 14 28 0
2
42 200 
2
4757 16 16 0
28 10 18 0
2
42 201 
2
4758 16 16 0
28 18 20 0
2
42 202 
2
4759 16 16 0
32 14 14 0
2
42 203 
2
4760 16 16 0
34 2 14 0
2
42 204 
2
4761 16 16 0
36 20 20 0
2
42 205 
2
4762 16 16 0
36 18 10 0
2
42 206 
2
4763 16 16 0
34 26 24 0
2
42 207 
2
4764 16 16 0
30 4 10 0
2
42 208 
2
4765 16 16 0
30 32 16 0
2
42 209 
2
4766 16 16 0
34 2 18 0
2
42 210 
2
4767 16 16 0
36 8 24 0
2
42 211 
2
4768 16 16 0
36 6 18 0
2
42 212 
2
4769 16 16 0
36 16 24 0
2
42 213 
2
4770 16 16 0
36 16 32 0
2
42 214 
2
4771 16 16 0
32 12 20 0
2
40 42 
2
1161 10 16 0
4772 16 16 0
2
41 43 
2
1161 20 12 0
4231 18 14 0
2
42 194 
2
4773 16 16 0
39 14 22 0
2
43 146 
2
4232 18 14 0
39 30 12 0
2
42 195 
2
4774 16 16 0
37 10 22 0
2
43 147 
2
4233 18 14 0
35 4 8 0
2
42 196 
2
4775 16 16 0
33 8 18 0
2
42 197 
2
4776 16 16 0
31 16 22 0
2
42 198 
2
4777 16 16 0
29 16 18 0
2
42 199 
2
4778 16 16 0
29 14 28 0
2
42 200 
2
4779 16 16 0
29 10 18 0
2
42 201 
2
4780 16 16 0
29 18 20 0
2
42 202 
2
4781 16 16 0
33 14 14 0
2
42 203 
2
4782 16 16 0
35 2 14 0
2
42 204 
2
4783 16 16 0
37 20 20 0
2
42 205 
2
4784 16 16 0
37 18 10 0
2
42 206 
2
4785 16 16 0
35 26 24 0
2
42 207 
2
4786 16 16 0
31 4 10 0
2
42 208 
2
4787 16 16 0
31 32 16 0
2
42 209 
2
4788 16 16 0
35 2 18 0
2
42 210 
2
4789 16 16 0
37 8 24 0
2
42 211 
2
4790 16 16 0
37 6 18 0
2
42 212 
2
4791 16 16 0
37 16 24 0
2
42 213 
2
4792 16 16 0
37 16 32 0
2
42 214 
2
4793 16 16 0
33 12 20 0
2
20 40 
2
290 14 16 0
1162 10 16 0
2
21 41 
2
290 20 14 0
1162 20 12 0
2
38 40 
2
585 4 16 0
1163 10 16 0
2
39 41 
2
585 22 8 0
1163 20 12 0
2
288 42 
2
107 6 34 0
4794 16 16 0
2
40 42 
2
1164 10 16 0
4795 16 16 0
2
289 42 
2
107 6 0 0
4796 16 16 0
2
20 42 
2
291 14 16 0
4797 16 16 0
2
290 42 
2
107 4 34 0
4798 16 16 0
2
40 42 
2
1165 10 16 0
4799 16 16 0
2
291 42 
2
107 4 0 0
4800 16 16 0
2
292 43 
2
104 2 34 0
4234 18 14 0
2
41 43 
2
1164 20 12 0
4235 18 14 0
2
293 43 
2
104 2 0 0
4236 18 14 0
2
21 43 
2
291 20 14 0
4237 18 14 0
2
294 43 
2
104 0 34 0
4238 18 14 0
2
41 43 
2
1165 20 12 0
4239 18 14 0
2
295 43 
2
104 0 32 0
4240 18 14 0
2
42 195 
2
4801 16 16 0
38 10 22 0
2
43 165 
2
4241 18 14 0
38 4 20 0
2
42 196 
2
4802 16 16 0
34 8 18 0
2
42 197 
2
4803 16 16 0
32 16 22 0
2
42 198 
2
4804 16 16 0
30 16 18 0
2
42 199 
2
4805 16 16 0
30 14 28 0
2
42 200 
2
4806 16 16 0
30 10 18 0
2
42 201 
2
4807 16 16 0
30 18 20 0
2
42 202 
2
4808 16 16 0
34 14 14 0
2
42 203 
2
4809 16 16 0
36 2 14 0
2
42 204 
2
4810 16 16 0
38 20 20 0
2
42 205 
2
4811 16 16 0
38 18 10 0
2
42 206 
2
4812 16 16 0
36 26 24 0
2
42 207 
2
4813 16 16 0
32 4 10 0
2
42 208 
2
4814 16 16 0
32 32 16 0
2
42 209 
2
4815 16 16 0
36 2 18 0
2
42 210 
2
4816 16 16 0
38 8 24 0
2
42 211 
2
4817 16 16 0
38 6 18 0
2
42 212 
2
4818 16 16 0
38 16 24 0
2
42 213 
2
4819 16 16 0
38 16 32 0
2
42 214 
2
4820 16 16 0
34 12 20 0
2
42 215 
2
4821 16 16 0
30 18 16 0
2
40 42 
2
1166 10 16 0
4822 16 16 0
2
41 43 
2
1166 20 12 0
4242 18 14 0
2
42 195 
2
4823 16 16 0
39 10 22 0
2
43 148 
2
4243 18 14 0
34 12 30 0
2
42 196 
2
4824 16 16 0
35 8 18 0
2
42 197 
2
4825 16 16 0
33 16 22 0
2
42 198 
2
4826 16 16 0
31 16 18 0
2
42 199 
2
4827 16 16 0
31 14 28 0
2
42 200 
2
4828 16 16 0
31 10 18 0
2
42 201 
2
4829 16 16 0
31 18 20 0
2
42 202 
2
4830 16 16 0
35 14 14 0
2
42 203 
2
4831 16 16 0
37 2 14 0
2
42 204 
2
4832 16 16 0
39 20 20 0
2
42 205 
2
4833 16 16 0
39 18 10 0
2
42 206 
2
4834 16 16 0
37 26 24 0
2
42 207 
2
4835 16 16 0
33 4 10 0
2
42 208 
2
4836 16 16 0
33 32 16 0
2
42 209 
2
4837 16 16 0
37 2 18 0
2
42 210 
2
4838 16 16 0
39 8 24 0
2
42 211 
2
4839 16 16 0
39 6 18 0
2
42 212 
2
4840 16 16 0
39 16 24 0
2
42 213 
2
4841 16 16 0
39 16 32 0
2
42 214 
2
4842 16 16 0
35 12 20 0
2
42 215 
2
4843 16 16 0
31 18 16 0
2
20 40 
2
292 14 16 0
1167 10 16 0
2
21 41 
2
292 20 14 0
1167 20 12 0
2
18 38 
2
146 4 18 0
586 4 16 0
2
19 39 
2
146 20 8 0
586 22 8 0
2
36 38 
2
297 4 22 0
587 4 16 0
2
37 39 
2
297 24 4 0
587 22 8 0
2
292 40 
2
107 2 34 0
1168 10 16 0
2
38 40 
2
588 4 16 0
1169 10 16 0
2
293 40 
2
107 2 0 0
1170 10 16 0
2
18 40 
2
147 4 18 0
1171 10 16 0
2
294 40 
2
107 0 34 0
1172 10 16 0
2
38 40 
2
589 4 16 0
1173 10 16 0
2
295 40 
2
107 0 32 0
1174 10 16 0
2
296 41 
2
104 0 30 0
1168 20 12 0
2
39 41 
2
588 22 8 0
1169 20 12 0
2
297 41 
2
104 0 28 0
1170 20 12 0
2
19 41 
2
147 20 8 0
1171 20 12 0
2
298 41 
2
104 0 26 0
1172 20 12 0
2
39 41 
2
589 22 8 0
1173 20 12 0
2
299 41 
2
104 0 24 0
1174 20 12 0
2
280 42 
2
113 14 34 0
4844 16 16 0
2
40 42 
2
1175 10 16 0
4845 16 16 0
2
281 42 
2
113 14 0 0
4846 16 16 0
2
20 42 
2
293 14 16 0
4847 16 16 0
2
282 42 
2
113 12 34 0
4848 16 16 0
2
40 42 
2
1176 10 16 0
4849 16 16 0
2
283 42 
2
113 12 0 0
4850 16 16 0
2
300 43 
2
104 0 22 0
4244 18 14 0
2
41 43 
2
1175 20 12 0
4245 18 14 0
2
301 43 
2
104 0 20 0
4246 18 14 0
2
21 43 
2
293 20 14 0
4247 18 14 0
2
302 43 
2
104 0 18 0
4248 18 14 0
2
41 43 
2
1176 20 12 0
4249 18 14 0
2
303 43 
2
104 0 16 0
4250 18 14 0
2
42 214 
2
4851 16 16 0
36 12 20 0
2
43 148 
2
4251 18 14 0
35 12 30 0
2
42 215 
2
4852 16 16 0
32 18 16 0
2
43 165 
2
4252 18 14 0
39 4 20 0
2
42 216 
2
4853 16 16 0
28 8 20 0
2
40 42 
2
1177 10 16 0
4854 16 16 0
2
41 43 
2
1177 20 12 0
4253 18 14 0
2
42 214 
2
4855 16 16 0
37 12 20 0
2
43 190 
2
4254 18 14 0
40 26 16 0
2
42 215 
2
4856 16 16 0
33 18 16 0
2
42 216 
2
4857 16 16 0
29 8 20 0
2
20 40 
2
294 14 16 0
1178 10 16 0
2
21 41 
2
294 20 14 0
1178 20 12 0
2
38 40 
2
590 4 16 0
1179 10 16 0
2
39 41 
2
590 22 8 0
1179 20 12 0
2
288 42 
2
113 6 34 0
4858 16 16 0
2
40 42 
2
1180 10 16 0
4859 16 16 0
2
289 42 
2
113 6 0 0
4860 16 16 0
2
20 42 
2
295 14 16 0
4861 16 16 0
2
290 42 
2
113 4 34 0
4862 16 16 0
2
40 42 
2
1181 10 16 0
4863 16 16 0
2
291 42 
2
113 4 0 0
4864 16 16 0
2
308 43 
2
104 0 6 0
4255 18 14 0
2
41 43 
2
1180 20 12 0
4256 18 14 0
2
309 43 
2
104 0 4 0
4257 18 14 0
2
21 43 
2
295 20 14 0
4258 18 14 0
2
310 43 
2
104 0 2 0
4259 18 14 0
2
41 43 
2
1181 20 12 0
4260 18 14 0
2
311 43 
2
104 0 0 0
4261 18 14 0
2
42 215 
2
4865 16 16 0
34 18 16 0
2
43 187 
2
4262 18 14 0
40 12 28 0
2
42 216 
2
4866 16 16 0
30 8 20 0
2
42 217 
2
4867 16 16 0
28 14 26 0
2
40 42 
2
1182 10 16 0
4868 16 16 0
2
41 43 
2
1182 20 12 0
4263 18 14 0
2
42 215 
2
4869 16 16 0
35 18 16 0
2
43 187 
2
4264 18 14 0
41 12 28 0
2
42 216 
2
4870 16 16 0
31 8 20 0
2
43 190 
2
4265 18 14 0
41 26 16 0
2
42 217 
2
4871 16 16 0
29 14 26 0
2
20 40 
2
296 14 16 0
1183 10 16 0
2
21 41 
2
296 20 14 0
1183 20 12 0
2
18 38 
2
148 4 18 0
591 4 16 0
2
19 39 
2
148 20 8 0
591 22 8 0
2
16 36 
2
74 4 24 0
298 4 22 0
2
17 37 
2
74 26 4 0
298 24 4 0
2
34 36 
2
153 2 24 0
299 4 22 0
2
35 37 
2
153 28 2 0
299 24 4 0
2
284 38 
2
113 10 34 0
592 4 16 0
2
36 38 
2
300 4 22 0
593 4 16 0
2
285 38 
2
113 10 0 0
594 4 16 0
2
16 38 
2
75 4 24 0
595 4 16 0
2
286 38 
2
113 8 34 0
596 4 16 0
2
36 38 
2
301 4 22 0
597 4 16 0
2
287 38 
2
113 8 0 0
598 4 16 0
2
304 39 
2
104 0 14 0
592 22 8 0
2
37 39 
2
300 24 4 0
593 22 8 0
2
305 39 
2
104 0 12 0
594 22 8 0
2
17 39 
2
75 26 4 0
595 22 8 0
2
306 39 
2
104 0 10 0
596 22 8 0
2
37 39 
2
301 24 4 0
597 22 8 0
2
307 39 
2
104 0 8 0
598 22 8 0
2
292 40 
2
113 2 34 0
1184 10 16 0
2
38 40 
2
599 4 16 0
1185 10 16 0
2
293 40 
2
113 2 0 0
1186 10 16 0
2
18 40 
2
149 4 18 0
1187 10 16 0
2
294 40 
2
113 0 34 0
1188 10 16 0
2
38 40 
2
600 4 16 0
1189 10 16 0
2
295 40 
2
113 0 32 0
1190 10 16 0
2
244 41 
2
107 34 34 0
1184 20 12 0
2
39 41 
2
599 22 8 0
1185 20 12 0
2
245 41 
2
107 34 32 0
1186 20 12 0
2
19 41 
2
149 20 8 0
1187 20 12 0
2
246 41 
2
107 34 30 0
1188 20 12 0
2
39 41 
2
600 22 8 0
1189 20 12 0
2
247 41 
2
107 34 28 0
1190 20 12 0
2
296 42 
2
113 0 30 0
4872 16 16 0
2
40 42 
2
1191 10 16 0
4873 16 16 0
2
297 42 
2
113 0 28 0
4874 16 16 0
2
20 42 
2
297 14 16 0
4875 16 16 0
2
298 42 
2
113 0 26 0
4876 16 16 0
2
40 42 
2
1192 10 16 0
4877 16 16 0
2
299 42 
2
113 0 24 0
4878 16 16 0
2
248 43 
2
107 34 26 0
4266 18 14 0
2
41 43 
2
1191 20 12 0
4267 18 14 0
2
249 43 
2
107 34 24 0
4268 18 14 0
2
21 43 
2
297 20 14 0
4269 18 14 0
2
250 43 
2
107 34 22 0
4270 18 14 0
2
41 43 
2
1192 20 12 0
4271 18 14 0
2
251 43 
2
107 34 20 0
4272 18 14 0
2
42 214 
2
4879 16 16 0
38 12 20 0
2
43 193 
2
4273 18 14 0
40 6 16 0
2
42 215 
2
4880 16 16 0
36 18 16 0
2
42 216 
2
4881 16 16 0
32 8 20 0
2
42 217 
2
4882 16 16 0
30 14 26 0
2
42 218 
2
4883 16 16 0
28 10 24 0
2
42 219 
2
4884 16 16 0
28 24 24 0
2
42 220 
2
4885 16 16 0
28 12 24 0
2
42 221 
2
4886 16 16 0
28 6 22 0
2
42 222 
2
4887 16 16 0
32 6 14 0
2
42 223 
2
4888 16 16 0
34 14 12 0
2
42 224 
2
4889 16 16 0
36 24 12 0
2
42 225 
2
4890 16 16 0
36 20 18 0
2
42 226 
2
4891 16 16 0
34 18 32 0
2
42 227 
2
4892 16 16 0
30 2 12 0
2
42 228 
2
4893 16 16 0
30 12 2 0
2
42 229 
2
4894 16 16 0
34 2 16 0
2
42 230 
2
4895 16 16 0
36 10 8 0
2
42 231 
2
4896 16 16 0
36 14 30 0
2
42 232 
2
4897 16 16 0
36 26 22 0
2
42 233 
2
4898 16 16 0
36 8 22 0
2
42 234 
2
4899 16 16 0
32 12 22 0
2
40 42 
2
1193 10 16 0
4900 16 16 0
2
41 43 
2
1193 20 12 0
4274 18 14 0
2
42 214 
2
4901 16 16 0
39 12 20 0
2
43 192 
2
4275 18 14 0
40 18 26 0
2
42 215 
2
4902 16 16 0
37 18 16 0
2
42 216 
2
4903 16 16 0
33 8 20 0
2
42 217 
2
4904 16 16 0
31 14 26 0
2
42 218 
2
4905 16 16 0
29 10 24 0
2
42 219 
2
4906 16 16 0
29 24 24 0
2
42 220 
2
4907 16 16 0
29 12 24 0
2
42 221 
2
4908 16 16 0
29 6 22 0
2
42 222 
2
4909 16 16 0
33 6 14 0
2
42 223 
2
4910 16 16 0
35 14 12 0
2
42 224 
2
4911 16 16 0
37 24 12 0
2
42 225 
2
4912 16 16 0
37 20 18 0
2
42 226 
2
4913 16 16 0
35 18 32 0
2
42 227 
2
4914 16 16 0
31 2 12 0
2
42 228 
2
4915 16 16 0
31 12 2 0
2
42 229 
2
4916 16 16 0
35 2 16 0
2
42 230 
2
4917 16 16 0
37 10 8 0
2
42 231 
2
4918 16 16 0
37 14 30 0
2
42 232 
2
4919 16 16 0
37 26 22 0
2
42 233 
2
4920 16 16 0
37 8 22 0
2
42 234 
2
4921 16 16 0
33 12 22 0
2
20 40 
2
298 14 16 0
1194 10 16 0
2
21 41 
2
298 20 14 0
1194 20 12 0
2
38 40 
2
601 4 16 0
1195 10 16 0
2
39 41 
2
601 22 8 0
1195 20 12 0
2
304 42 
2
113 0 14 0
4922 16 16 0
2
40 42 
2
1196 10 16 0
4923 16 16 0
2
305 42 
2
113 0 12 0
4924 16 16 0
2
20 42 
2
299 14 16 0
4925 16 16 0
2
306 42 
2
113 0 10 0
4926 16 16 0
2
40 42 
2
1197 10 16 0
4927 16 16 0
2
307 42 
2
113 0 8 0
4928 16 16 0
2
256 43 
2
107 34 10 0
4276 18 14 0
2
41 43 
2
1196 20 12 0
4277 18 14 0
2
257 43 
2
107 34 8 0
4278 18 14 0
2
21 43 
2
299 20 14 0
4279 18 14 0
2
258 43 
2
107 34 6 0
4280 18 14 0
2
41 43 
2
1197 20 12 0
4281 18 14 0
2
259 43 
2
107 34 4 0
4282 18 14 0
2
42 215 
2
4929 16 16 0
38 18 16 0
2
43 192 
2
4283 18 14 0
41 18 26 0
2
42 216 
2
4930 16 16 0
34 8 20 0
2
43 193 
2
4284 18 14 0
41 6 16 0
2
42 217 
2
4931 16 16 0
32 14 26 0
2
42 218 
2
4932 16 16 0
30 10 24 0
2
42 219 
2
4933 16 16 0
30 24 24 0
2
42 220 
2
4934 16 16 0
30 12 24 0
2
42 221 
2
4935 16 16 0
30 6 22 0
2
42 222 
2
4936 16 16 0
34 6 14 0
2
42 223 
2
4937 16 16 0
36 14 12 0
2
42 224 
2
4938 16 16 0
38 24 12 0
2
42 225 
2
4939 16 16 0
38 20 18 0
2
42 226 
2
4940 16 16 0
36 18 32 0
2
42 227 
2
4941 16 16 0
32 2 12 0
2
42 228 
2
4942 16 16 0
32 12 2 0
2
42 229 
2
4943 16 16 0
36 2 16 0
2
42 230 
2
4944 16 16 0
38 10 8 0
2
42 231 
2
4945 16 16 0
38 14 30 0
2
42 232 
2
4946 16 16 0
38 26 22 0
2
42 233 
2
4947 16 16 0
38 8 22 0
2
42 234 
2
4948 16 16 0
34 12 22 0
2
42 235 
2
4949 16 16 0
30 14 24 0
2
40 42 
2
1198 10 16 0
4950 16 16 0
2
41 43 
2
1198 20 12 0
4285 18 14 0
2
42 215 
2
4951 16 16 0
39 18 16 0
2
43 195 
2
4286 18 14 0
40 10 22 0
2
42 216 
2
4952 16 16 0
35 8 20 0
2
42 217 
2
4953 16 16 0
33 14 26 0
2
42 218 
2
4954 16 16 0
31 10 24 0
2
42 219 
2
4955 16 16 0
31 24 24 0
2
42 220 
2
4956 16 16 0
31 12 24 0
2
42 221 
2
4957 16 16 0
31 6 22 0
2
42 222 
2
4958 16 16 0
35 6 14 0
2
42 223 
2
4959 16 16 0
37 14 12 0
2
42 224 
2
4960 16 16 0
39 24 12 0
2
42 225 
2
4961 16 16 0
39 20 18 0
2
42 226 
2
4962 16 16 0
37 18 32 0
2
42 227 
2
4963 16 16 0
33 2 12 0
2
42 228 
2
4964 16 16 0
33 12 2 0
2
42 229 
2
4965 16 16 0
37 2 16 0
2
42 230 
2
4966 16 16 0
39 10 8 0
2
42 231 
2
4967 16 16 0
39 14 30 0
2
42 232 
2
4968 16 16 0
39 26 22 0
2
42 233 
2
4969 16 16 0
39 8 22 0
2
42 234 
2
4970 16 16 0
35 12 22 0
2
42 235 
2
4971 16 16 0
31 14 24 0
2
20 40 
2
300 14 16 0
1199 10 16 0
2
21 41 
2
300 20 14 0
1199 20 12 0
2
18 38 
2
150 4 18 0
602 4 16 0
2
19 39 
2
150 20 8 0
602 22 8 0
2
36 38 
2
302 4 22 0
603 4 16 0
2
37 39 
2
302 24 4 0
603 22 8 0
2
308 40 
2
113 0 6 0
1200 10 16 0
2
38 40 
2
604 4 16 0
1201 10 16 0
2
309 40 
2
113 0 4 0
1202 10 16 0
2
18 40 
2
151 4 18 0
1203 10 16 0
2
310 40 
2
113 0 2 0
1204 10 16 0
2
38 40 
2
605 4 16 0
1205 10 16 0
2
311 40 
2
113 0 0 0
1206 10 16 0
2
260 41 
2
107 34 2 0
1200 20 12 0
2
39 41 
2
604 22 8 0
1201 20 12 0
2
261 41 
2
107 34 0 0
1202 20 12 0
2
19 41 
2
151 20 8 0
1203 20 12 0
2
262 41 
2
107 32 34 0
1204 20 12 0
2
39 41 
2
605 22 8 0
1205 20 12 0
2
263 41 
2
107 32 0 0
1206 20 12 0
2
296 42 
2
119 0 30 0
4972 16 16 0
2
40 42 
2
1207 10 16 0
4973 16 16 0
2
297 42 
2
119 0 28 0
4974 16 16 0
2
20 42 
2
301 14 16 0
4975 16 16 0
2
298 42 
2
119 0 26 0
4976 16 16 0
2
40 42 
2
1208 10 16 0
4977 16 16 0
2
299 42 
2
119 0 24 0
4978 16 16 0
2
296 43 
2
107 0 30 0
4287 18 14 0
2
41 43 
2
1207 20 12 0
4288 18 14 0
2
297 43 
2
107 0 28 0
4289 18 14 0
2
21 43 
2
301 20 14 0
4290 18 14 0
2
298 43 
2
107 0 26 0
4291 18 14 0
2
41 43 
2
1208 20 12 0
4292 18 14 0
2
299 43 
2
107 0 24 0
4293 18 14 0
2
42 234 
2
4979 16 16 0
36 12 22 0
2
43 194 
2
4294 18 14 0
40 14 22 0
2
42 235 
2
4980 16 16 0
32 14 24 0
2
42 236 
2
4981 16 16 0
28 8 10 0
2
40 42 
2
1209 10 16 0
4982 16 16 0
2
41 43 
2
1209 20 12 0
4295 18 14 0
2
42 234 
2
4983 16 16 0
37 12 22 0
2
43 194 
2
4296 18 14 0
41 14 22 0
2
42 235 
2
4984 16 16 0
33 14 24 0
2
43 195 
2
4297 18 14 0
41 10 22 0
2
42 236 
2
4985 16 16 0
29 8 10 0
2
20 40 
2
302 14 16 0
1210 10 16 0
2
21 41 
2
302 20 14 0
1210 20 12 0
2
38 40 
2
606 4 16 0
1211 10 16 0
2
39 41 
2
606 22 8 0
1211 20 12 0
2
304 42 
2
119 0 14 0
4986 16 16 0
2
40 42 
2
1212 10 16 0
4987 16 16 0
2
305 42 
2
119 0 12 0
4988 16 16 0
2
20 42 
2
303 14 16 0
4989 16 16 0
2
306 42 
2
119 0 10 0
4990 16 16 0
2
40 42 
2
1213 10 16 0
4991 16 16 0
2
307 42 
2
119 0 8 0
4992 16 16 0
2
304 43 
2
107 0 14 0
4298 18 14 0
2
41 43 
2
1212 20 12 0
4299 18 14 0
2
305 43 
2
107 0 12 0
4300 18 14 0
2
21 43 
2
303 20 14 0
4301 18 14 0
2
306 43 
2
107 0 10 0
4302 18 14 0
2
41 43 
2
1213 20 12 0
4303 18 14 0
2
307 43 
2
107 0 8 0
4304 18 14 0
2
42 235 
2
4993 16 16 0
34 14 24 0
2
43 197 
2
4305 18 14 0
34 16 22 0
2
42 236 
2
4994 16 16 0
30 8 10 0
2
42 237 
2
4995 16 16 0
28 20 28 0
2
40 42 
2
1214 10 16 0
4996 16 16 0
2
41 43 
2
1214 20 12 0
4306 18 14 0
2
42 235 
2
4997 16 16 0
35 14 24 0
2
43 196 
2
4307 18 14 0
36 8 18 0
2
42 236 
2
4998 16 16 0
31 8 10 0
2
42 237 
2
4999 16 16 0
29 20 28 0
2
20 40 
2
304 14 16 0
1215 10 16 0
2
21 41 
2
304 20 14 0
1215 20 12 0
2
18 38 
2
152 4 18 0
607 4 16 0
2
19 39 
2
152 20 8 0
607 22 8 0
2
16 36 
2
76 4 24 0
303 4 22 0
2
17 37 
2
76 26 4 0
303 24 4 0
2
14 34 
2
38 4 26 0
154 2 24 0
2
15 35 
2
38 26 2 0
154 28 2 0
2
32 34 
2
78 2 28 0
155 2 24 0
2
33 35 
2
78 32 2 0
155 28 2 0
2
300 36 
2
113 0 22 0
304 4 22 0
2
34 36 
2
156 2 24 0
305 4 22 0
2
301 36 
2
113 0 20 0
306 4 22 0
2
14 36 
2
39 4 26 0
307 4 22 0
2
302 36 
2
113 0 18 0
308 4 22 0
2
34 36 
2
157 2 24 0
309 4 22 0
2
303 36 
2
113 0 16 0
310 4 22 0
2
252 37 
2
107 34 18 0
304 24 4 0
2
35 37 
2
156 28 2 0
305 24 4 0
2
253 37 
2
107 34 16 0
306 24 4 0
2
15 37 
2
39 26 2 0
307 24 4 0
2
254 37 
2
107 34 14 0
308 24 4 0
2
35 37 
2
157 28 2 0
309 24 4 0
2
255 37 
2
107 34 12 0
310 24 4 0
2
300 38 
2
119 0 22 0
608 4 16 0
2
36 38 
2
311 4 22 0
609 4 16 0
2
301 38 
2
119 0 20 0
610 4 16 0
2
16 38 
2
77 4 24 0
611 4 16 0
2
302 38 
2
119 0 18 0
612 4 16 0
2
36 38 
2
312 4 22 0
613 4 16 0
2
303 38 
2
119 0 16 0
614 4 16 0
2
300 39 
2
107 0 22 0
608 22 8 0
2
37 39 
2
311 24 4 0
609 22 8 0
2
301 39 
2
107 0 20 0
610 22 8 0
2
17 39 
2
77 26 4 0
611 22 8 0
2
302 39 
2
107 0 18 0
612 22 8 0
2
37 39 
2
312 24 4 0
613 22 8 0
2
303 39 
2
107 0 16 0
614 22 8 0
2
308 40 
2
119 0 6 0
1216 10 16 0
2
38 40 
2
615 4 16 0
1217 10 16 0
2
309 40 
2
119 0 4 0
1218 10 16 0
2
18 40 
2
153 4 18 0
1219 10 16 0
2
310 40 
2
119 0 2 0
1220 10 16 0
2
38 40 
2
616 4 16 0
1221 10 16 0
2
311 40 
2
119 0 0 0
1222 10 16 0
2
308 41 
2
107 0 6 0
1216 20 12 0
2
39 41 
2
615 22 8 0
1217 20 12 0
2
309 41 
2
107 0 4 0
1218 20 12 0
2
19 41 
2
153 20 8 0
1219 20 12 0
2
310 41 
2
107 0 2 0
1220 20 12 0
2
39 41 
2
616 22 8 0
1221 20 12 0
2
311 41 
2
107 0 0 0
1222 20 12 0
2
244 42 
2
122 34 34 0
5000 16 16 0
2
40 42 
2
1223 10 16 0
5001 16 16 0
2
245 42 
2
122 34 32 0
5002 16 16 0
2
20 42 
2
305 14 16 0
5003 16 16 0
2
246 42 
2
122 34 30 0
5004 16 16 0
2
40 42 
2
1224 10 16 0
5005 16 16 0
2
247 42 
2
122 34 28 0
5006 16 16 0
2
244 43 
2
110 34 34 0
4308 18 14 0
2
41 43 
2
1223 20 12 0
4309 18 14 0
2
245 43 
2
110 34 32 0
4310 18 14 0
2
21 43 
2
305 20 14 0
4311 18 14 0
2
246 43 
2
110 34 30 0
4312 18 14 0
2
41 43 
2
1224 20 12 0
4313 18 14 0
2
247 43 
2
110 34 28 0
4314 18 14 0
2
42 234 
2
5007 16 16 0
38 12 22 0
2
43 196 
2
4315 18 14 0
37 8 18 0
2
42 235 
2
5008 16 16 0
36 14 24 0
2
43 197 
2
4316 18 14 0
35 16 22 0
2
42 236 
2
5009 16 16 0
32 8 10 0
2
42 237 
2
5010 16 16 0
30 20 28 0
2
42 238 
2
5011 16 16 0
28 14 10 0
2
42 239 
2
5012 16 16 0
28 16 20 0
2
42 50 
2
5013 16 16 0
30 4 12 0
2
42 45 
2
5014 16 16 0
34 16 2 0
2
42 47 
2
5015 16 16 0
38 26 12 0
2
42 49 
2
5016 16 16 0
40 32 14 0
2
42 52 
2
5017 16 16 0
40 18 4 0
2
42 53 
2
5018 16 16 0
40 18 8 0
2
42 54 
2
5019 16 16 0
38 24 6 0
2
42 55 
2
5020 16 16 0
34 24 2 0
2
42 56 
2
5021 16 16 0
34 32 18 0
2
42 57 
2
5022 16 16 0
38 22 28 0
2
42 58 
2
5023 16 16 0
40 10 10 0
2
42 59 
2
5024 16 16 0
40 28 16 0
2
42 60 
2
5025 16 16 0
40 16 8 0
2
42 61 
2
5026 16 16 0
40 18 30 0
2
42 62 
2
5027 16 16 0
36 20 24 0
2
40 42 
2
1225 10 16 0
5028 16 16 0
2
41 43 
2
1225 20 12 0
4317 18 14 0
2
42 234 
2
5029 16 16 0
39 12 22 0
2
43 199 
2
4318 18 14 0
32 14 28 0
2
42 235 
2
5030 16 16 0
37 14 24 0
2
42 236 
2
5031 16 16 0
33 8 10 0
2
42 237 
2
5032 16 16 0
31 20 28 0
2
42 238 
2
5033 16 16 0
29 14 10 0
2
42 239 
2
5034 16 16 0
29 16 20 0
2
42 50 
2
5035 16 16 0
31 4 12 0
2
42 45 
2
5036 16 16 0
35 16 2 0
2
42 47 
2
5037 16 16 0
39 26 12 0
2
42 49 
2
5038 16 16 0
41 32 14 0
2
42 52 
2
5039 16 16 0
41 18 4 0
2
42 53 
2
5040 16 16 0
41 18 8 0
2
42 54 
2
5041 16 16 0
39 24 6 0
2
42 55 
2
5042 16 16 0
35 24 2 0
2
42 56 
2
5043 16 16 0
35 32 18 0
2
42 57 
2
5044 16 16 0
39 22 28 0
2
42 58 
2
5045 16 16 0
41 10 10 0
2
42 59 
2
5046 16 16 0
41 28 16 0
2
42 60 
2
5047 16 16 0
41 16 8 0
2
42 61 
2
5048 16 16 0
41 18 30 0
2
42 62 
2
5049 16 16 0
37 20 24 0
2
20 40 
2
306 14 16 0
1226 10 16 0
2
21 41 
2
306 20 14 0
1226 20 12 0
2
38 40 
2
617 4 16 0
1227 10 16 0
2
39 41 
2
617 22 8 0
1227 20 12 0
2
252 42 
2
122 34 18 0
5050 16 16 0
2
40 42 
2
1228 10 16 0
5051 16 16 0
2
253 42 
2
122 34 16 0
5052 16 16 0
2
20 42 
2
307 14 16 0
5053 16 16 0
2
254 42 
2
122 34 14 0
5054 16 16 0
2
40 42 
2
1229 10 16 0
5055 16 16 0
2
255 42 
2
122 34 12 0
5056 16 16 0
2
252 43 
2
110 34 18 0
4319 18 14 0
2
41 43 
2
1228 20 12 0
4320 18 14 0
2
253 43 
2
110 34 16 0
4321 18 14 0
2
21 43 
2
307 20 14 0
4322 18 14 0
2
254 43 
2
110 34 14 0
4323 18 14 0
2
41 43 
2
1229 20 12 0
4324 18 14 0
2
255 43 
2
110 34 12 0
4325 18 14 0
2
42 235 
2
5057 16 16 0
38 14 24 0
2
43 198 
2
4326 18 14 0
32 16 18 0
2
42 236 
2
5058 16 16 0
34 8 10 0
2
42 237 
2
5059 16 16 0
32 20 28 0
2
42 238 
2
5060 16 16 0
30 14 10 0
2
42 239 
2
5061 16 16 0
30 16 20 0
2
42 50 
2
5062 16 16 0
32 4 12 0
2
42 45 
2
5063 16 16 0
36 16 2 0
2
42 47 
2
5064 16 16 0
40 26 12 0
2
42 49 
2
5065 16 16 0
42 32 14 0
2
42 52 
2
5066 16 16 0
42 18 4 0
2
42 53 
2
5067 16 16 0
42 18 8 0
2
42 54 
2
5068 16 16 0
40 24 6 0
2
42 55 
2
5069 16 16 0
36 24 2 0
2
42 56 
2
5070 16 16 0
36 32 18 0
2
42 57 
2
5071 16 16 0
40 22 28 0
2
42 58 
2
5072 16 16 0
42 10 10 0
2
42 59 
2
5073 16 16 0
42 28 16 0
2
42 60 
2
5074 16 16 0
42 16 8 0
2
42 61 
2
5075 16 16 0
42 18 30 0
2
42 62 
2
5076 16 16 0
38 20 24 0
2
42 63 
2
5077 16 16 0
34 16 12 0
2
40 42 
2
1230 10 16 0
5078 16 16 0
2
41 43 
2
1230 20 12 0
4327 18 14 0
2
42 235 
2
5079 16 16 0
39 14 24 0
2
43 198 
2
4328 18 14 0
33 16 18 0
2
42 236 
2
5080 16 16 0
35 8 10 0
2
43 199 
2
4329 18 14 0
33 14 28 0
2
42 237 
2
5081 16 16 0
33 20 28 0
2
42 238 
2
5082 16 16 0
31 14 10 0
2
42 239 
2
5083 16 16 0
31 16 20 0
2
42 50 
2
5084 16 16 0
33 4 12 0
2
42 45 
2
5085 16 16 0
37 16 2 0
2
42 47 
2
5086 16 16 0
41 26 12 0
2
42 49 
2
5087 16 16 0
43 32 14 0
2
42 52 
2
5088 16 16 0
43 18 4 0
2
42 53 
2
5089 16 16 0
43 18 8 0
2
42 54 
2
5090 16 16 0
41 24 6 0
2
42 55 
2
5091 16 16 0
37 24 2 0
2
42 56 
2
5092 16 16 0
37 32 18 0
2
42 57 
2
5093 16 16 0
41 22 28 0
2
42 58 
2
5094 16 16 0
43 10 10 0
2
42 59 
2
5095 16 16 0
43 28 16 0
2
42 60 
2
5096 16 16 0
43 16 8 0
2
42 61 
2
5097 16 16 0
43 18 30 0
2
42 62 
2
5098 16 16 0
39 20 24 0
2
42 63 
2
5099 16 16 0
35 16 12 0
2
20 40 
2
308 14 16 0
1231 10 16 0
2
21 41 
2
308 20 14 0
1231 20 12 0
2
18 38 
2
154 4 18 0
618 4 16 0
2
19 39 
2
154 20 8 0
618 22 8 0
2
36 38 
2
313 4 22 0
619 4 16 0
2
37 39 
2
313 24 4 0
619 22 8 0
2
256 40 
2
122 34 10 0
1232 10 16 0
2
38 40 
2
620 4 16 0
1233 10 16 0
2
257 40 
2
122 34 8 0
1234 10 16 0
2
18 40 
2
155 4 18 0
1235 10 16 0
2
258 40 
2
122 34 6 0
1236 10 16 0
2
38 40 
2
621 4 16 0
1237 10 16 0
2
259 40 
2
122 34 4 0
1238 10 16 0
2
256 41 
2
110 34 10 0
1232 20 12 0
2
39 41 
2
620 22 8 0
1233 20 12 0
2
257 41 
2
110 34 8 0
1234 20 12 0
2
19 41 
2
155 20 8 0
1235 20 12 0
2
258 41 
2
110 34 6 0
1236 20 12 0
2
39 41 
2
621 22 8 0
1237 20 12 0
2
259 41 
2
110 34 4 0
1238 20 12 0
2
280 42 
2
125 14 34 0
5100 16 16 0
2
40 42 
2
1239 10 16 0
5101 16 16 0
2
281 42 
2
125 14 0 0
5102 16 16 0
2
20 42 
2
309 14 16 0
5103 16 16 0
2
282 42 
2
125 12 34 0
5104 16 16 0
2
40 42 
2
1240 10 16 0
5105 16 16 0
2
283 42 
2
125 12 0 0
5106 16 16 0
2
260 43 
2
110 34 2 0
4330 18 14 0
2
41 43 
2
1239 20 12 0
4331 18 14 0
2
261 43 
2
110 34 0 0
4332 18 14 0
2
21 43 
2
309 20 14 0
4333 18 14 0
2
262 43 
2
110 32 34 0
4334 18 14 0
2
41 43 
2
1240 20 12 0
4335 18 14 0
2
263 43 
2
110 32 0 0
4336 18 14 0
2
42 62 
2
5107 16 16 0
40 20 24 0
2
43 201 
2
4337 18 14 0
32 18 20 0
2
42 63 
2
5108 16 16 0
36 16 12 0
2
42 64 
2
5109 16 16 0
32 16 6 0
2
40 42 
2
1241 10 16 0
5110 16 16 0
2
41 43 
2
1241 20 12 0
4338 18 14 0
2
42 62 
2
5111 16 16 0
41 20 24 0
2
43 200 
2
4339 18 14 0
32 10 18 0
2
42 63 
2
5112 16 16 0
37 16 12 0
2
42 64 
2
5113 16 16 0
33 16 6 0
2
20 40 
2
310 14 16 0
1242 10 16 0
2
21 41 
2
310 20 14 0
1242 20 12 0
2
38 40 
2
622 4 16 0
1243 10 16 0
2
39 41 
2
622 22 8 0
1243 20 12 0
2
288 42 
2
125 6 34 0
5114 16 16 0
2
40 42 
2
1244 10 16 0
5115 16 16 0
2
289 42 
2
125 6 0 0
5116 16 16 0
2
20 42 
2
311 14 16 0
5117 16 16 0
2
290 42 
2
125 4 34 0
5118 16 16 0
2
40 42 
2
1245 10 16 0
5119 16 16 0
2
291 42 
2
125 4 0 0
5120 16 16 0
2
268 43 
2
110 26 34 0
4340 18 14 0
2
41 43 
2
1244 20 12 0
4341 18 14 0
2
269 43 
2
110 26 0 0
4342 18 14 0
2
21 43 
2
311 20 14 0
4343 18 14 0
2
270 43 
2
110 24 34 0
4344 18 14 0
2
41 43 
2
1245 20 12 0
4345 18 14 0
2
271 43 
2
110 24 0 0
4346 18 14 0
2
42 63 
2
5121 16 16 0
38 16 12 0
2
43 200 
2
4347 18 14 0
33 10 18 0
2
42 64 
2
5122 16 16 0
34 16 6 0
2
43 201 
2
4348 18 14 0
33 18 20 0
2
42 65 
2
5123 16 16 0
32 10 6 0
2
40 42 
2
1246 10 16 0
5124 16 16 0
2
41 43 
2
1246 20 12 0
4349 18 14 0
2
42 63 
2
5125 16 16 0
39 16 12 0
2
43 203 
2
4350 18 14 0
38 2 14 0
2
42 64 
2
5126 16 16 0
35 16 6 0
2
42 65 
2
5127 16 16 0
33 10 6 0
2
20 40 
2
312 14 16 0
1247 10 16 0
2
21 41 
2
312 20 14 0
1247 20 12 0
2
18 38 
2
156 4 18 0
623 4 16 0
2
19 39 
2
156 20 8 0
623 22 8 0
2
16 36 
2
78 4 24 0
314 4 22 0
2
17 37 
2
78 26 4 0
314 24 4 0
2
34 36 
2
158 2 24 0
315 4 22 0
2
35 37 
2
158 28 2 0
315 24 4 0
2
284 38 
2
125 10 34 0
624 4 16 0
2
36 38 
2
316 4 22 0
625 4 16 0
2
285 38 
2
125 10 0 0
626 4 16 0
2
16 38 
2
79 4 24 0
627 4 16 0
2
286 38 
2
125 8 34 0
628 4 16 0
2
36 38 
2
317 4 22 0
629 4 16 0
2
287 38 
2
125 8 0 0
630 4 16 0
2
264 39 
2
110 30 34 0
624 22 8 0
2
37 39 
2
316 24 4 0
625 22 8 0
2
265 39 
2
110 30 0 0
626 22 8 0
2
17 39 
2
79 26 4 0
627 22 8 0
2
266 39 
2
110 28 34 0
628 22 8 0
2
37 39 
2
317 24 4 0
629 22 8 0
2
267 39 
2
110 28 0 0
630 22 8 0
2
292 40 
2
125 2 34 0
1248 10 16 0
2
38 40 
2
631 4 16 0
1249 10 16 0
2
293 40 
2
125 2 0 0
1250 10 16 0
2
18 40 
2
157 4 18 0
1251 10 16 0
2
294 40 
2
125 0 34 0
1252 10 16 0
2
38 40 
2
632 4 16 0
1253 10 16 0
2
295 40 
2
125 0 32 0
1254 10 16 0
2
272 41 
2
110 22 34 0
1248 20 12 0
2
39 41 
2
631 22 8 0
1249 20 12 0
2
273 41 
2
110 22 0 0
1250 20 12 0
2
19 41 
2
157 20 8 0
1251 20 12 0
2
274 41 
2
110 20 34 0
1252 20 12 0
2
39 41 
2
632 22 8 0
1253 20 12 0
2
275 41 
2
110 20 0 0
1254 20 12 0
2
296 42 
2
125 0 30 0
5128 16 16 0
2
40 42 
2
1255 10 16 0
5129 16 16 0
2
297 42 
2
125 0 28 0
5130 16 16 0
2
20 42 
2
313 14 16 0
5131 16 16 0
2
298 42 
2
125 0 26 0
5132 16 16 0
2
40 42 
2
1256 10 16 0
5133 16 16 0
2
299 42 
2
125 0 24 0
5134 16 16 0
2
276 43 
2
110 18 34 0
4351 18 14 0
2
41 43 
2
1255 20 12 0
4352 18 14 0
2
277 43 
2
110 18 0 0
4353 18 14 0
2
21 43 
2
313 20 14 0
4354 18 14 0
2
278 43 
2
110 16 34 0
4355 18 14 0
2
41 43 
2
1256 20 12 0
4356 18 14 0
2
279 43 
2
110 16 0 0
4357 18 14 0
2
42 62 
2
5135 16 16 0
42 20 24 0
2
43 202 
2
4358 18 14 0
36 14 14 0
2
42 63 
2
5136 16 16 0
40 16 12 0
2
42 64 
2
5137 16 16 0
36 16 6 0
2
42 65 
2
5138 16 16 0
34 10 6 0
2
42 66 
2
5139 16 16 0
32 18 22 0
2
42 67 
2
5140 16 16 0
32 18 28 0
2
42 68 
2
5141 16 16 0
36 18 12 0
2
42 86 
2
5142 16 16 0
38 6 10 0
2
42 87 
2
5143 16 16 0
40 22 14 0
2
42 89 
2
5144 16 16 0
40 24 14 0
2
42 90 
2
5145 16 16 0
40 20 10 0
2
42 91 
2
5146 16 16 0
40 28 8 0
2
42 92 
2
5147 16 16 0
38 32 12 0
2
42 93 
2
5148 16 16 0
34 20 2 0
2
42 94 
2
5149 16 16 0
34 8 6 0
2
42 95 
2
5150 16 16 0
38 6 12 0
2
42 96 
2
5151 16 16 0
40 16 4 0
2
42 97 
2
5152 16 16 0
40 12 14 0
2
42 98 
2
5153 16 16 0
40 22 16 0
2
42 99 
2
5154 16 16 0
40 18 24 0
2
42 100 
2
5155 16 16 0
36 12 10 0
2
40 42 
2
1257 10 16 0
5156 16 16 0
2
41 43 
2
1257 20 12 0
4359 18 14 0
2
42 62 
2
5157 16 16 0
43 20 24 0
2
43 202 
2
4360 18 14 0
37 14 14 0
2
42 63 
2
5158 16 16 0
41 16 12 0
2
43 203 
2
4361 18 14 0
39 2 14 0
2
42 64 
2
5159 16 16 0
37 16 6 0
2
42 65 
2
5160 16 16 0
35 10 6 0
2
42 66 
2
5161 16 16 0
33 18 22 0
2
42 67 
2
5162 16 16 0
33 18 28 0
2
42 68 
2
5163 16 16 0
37 18 12 0
2
42 86 
2
5164 16 16 0
39 6 10 0
2
42 87 
2
5165 16 16 0
41 22 14 0
2
42 89 
2
5166 16 16 0
41 24 14 0
2
42 90 
2
5167 16 16 0
41 20 10 0
2
42 91 
2
5168 16 16 0
41 28 8 0
2
42 92 
2
5169 16 16 0
39 32 12 0
2
42 93 
2
5170 16 16 0
35 20 2 0
2
42 94 
2
5171 16 16 0
35 8 6 0
2
42 95 
2
5172 16 16 0
39 6 12 0
2
42 96 
2
5173 16 16 0
41 16 4 0
2
42 97 
2
5174 16 16 0
41 12 14 0
2
42 98 
2
5175 16 16 0
41 22 16 0
2
42 99 
2
5176 16 16 0
41 18 24 0
2
42 100 
2
5177 16 16 0
37 12 10 0
2
20 40 
2
314 14 16 0
1258 10 16 0
2
21 41 
2
314 20 14 0
1258 20 12 0
2
38 40 
2
633 4 16 0
1259 10 16 0
2
39 41 
2
633 22 8 0
1259 20 12 0
2
304 42 
2
125 0 14 0
5178 16 16 0
2
40 42 
2
1260 10 16 0
5179 16 16 0
2
305 42 
2
125 0 12 0
5180 16 16 0
2
20 42 
2
315 14 16 0
5181 16 16 0
2
306 42 
2
125 0 10 0
5182 16 16 0
2
40 42 
2
1261 10 16 0
5183 16 16 0
2
307 42 
2
125 0 8 0
5184 16 16 0
2
284 43 
2
110 10 34 0
4362 18 14 0
2
41 43 
2
1260 20 12 0
4363 18 14 0
2
285 43 
2
110 10 0 0
4364 18 14 0
2
21 43 
2
315 20 14 0
4365 18 14 0
2
286 43 
2
110 8 34 0
4366 18 14 0
2
41 43 
2
1261 20 12 0
4367 18 14 0
2
287 43 
2
110 8 0 0
4368 18 14 0
2
42 63 
2
5185 16 16 0
42 16 12 0
2
43 205 
2
4369 18 14 0
40 18 10 0
2
42 64 
2
5186 16 16 0
38 16 6 0
2
42 65 
2
5187 16 16 0
36 10 6 0
2
42 66 
2
5188 16 16 0
34 18 22 0
2
42 67 
2
5189 16 16 0
34 18 28 0
2
42 68 
2
5190 16 16 0
38 18 12 0
2
42 86 
2
5191 16 16 0
40 6 10 0
2
42 87 
2
5192 16 16 0
42 22 14 0
2
42 89 
2
5193 16 16 0
42 24 14 0
2
42 90 
2
5194 16 16 0
42 20 10 0
2
42 91 
2
5195 16 16 0
42 28 8 0
2
42 92 
2
5196 16 16 0
40 32 12 0
2
42 93 
2
5197 16 16 0
36 20 2 0
2
42 94 
2
5198 16 16 0
36 8 6 0
2
42 95 
2
5199 16 16 0
40 6 12 0
2
42 96 
2
5200 16 16 0
42 16 4 0
2
42 97 
2
5201 16 16 0
42 12 14 0
2
42 98 
2
5202 16 16 0
42 22 16 0
2
42 99 
2
5203 16 16 0
42 18 24 0
2
42 100 
2
5204 16 16 0
38 12 10 0
2
42 101 
2
5205 16 16 0
34 18 18 0
2
40 42 
2
1262 10 16 0
5206 16 16 0
2
41 43 
2
1262 20 12 0
4370 18 14 0
2
42 63 
2
5207 16 16 0
43 16 12 0
2
43 204 
2
4371 18 14 0
40 20 20 0
2
42 64 
2
5208 16 16 0
39 16 6 0
2
42 65 
2
5209 16 16 0
37 10 6 0
2
42 66 
2
5210 16 16 0
35 18 22 0
2
42 67 
2
5211 16 16 0
35 18 28 0
2
42 68 
2
5212 16 16 0
39 18 12 0
2
42 86 
2
5213 16 16 0
41 6 10 0
2
42 87 
2
5214 16 16 0
43 22 14 0
2
42 89 
2
5215 16 16 0
43 24 14 0
2
42 90 
2
5216 16 16 0
43 20 10 0
2
42 91 
2
5217 16 16 0
43 28 8 0
2
42 92 
2
5218 16 16 0
41 32 12 0
2
42 93 
2
5219 16 16 0
37 20 2 0
2
42 94 
2
5220 16 16 0
37 8 6 0
2
42 95 
2
5221 16 16 0
41 6 12 0
2
42 96 
2
5222 16 16 0
43 16 4 0
2
42 97 
2
5223 16 16 0
43 12 14 0
2
42 98 
2
5224 16 16 0
43 22 16 0
2
42 99 
2
5225 16 16 0
43 18 24 0
2
42 100 
2
5226 16 16 0
39 12 10 0
2
42 101 
2
5227 16 16 0
35 18 18 0
2
20 40 
2
316 14 16 0
1263 10 16 0
2
21 41 
2
316 20 14 0
1263 20 12 0
2
18 38 
2
158 4 18 0
634 4 16 0
2
19 39 
2
158 20 8 0
634 22 8 0
2
36 38 
2
318 4 22 0
635 4 16 0
2
37 39 
2
318 24 4 0
635 22 8 0
2
308 40 
2
125 0 6 0
1264 10 16 0
2
38 40 
2
636 4 16 0
1265 10 16 0
2
309 40 
2
125 0 4 0
1266 10 16 0
2
18 40 
2
159 4 18 0
1267 10 16 0
2
310 40 
2
125 0 2 0
1268 10 16 0
2
38 40 
2
637 4 16 0
1269 10 16 0
2
311 40 
2
125 0 0 0
1270 10 16 0
2
288 41 
2
110 6 34 0
1264 20 12 0
2
39 41 
2
636 22 8 0
1265 20 12 0
2
289 41 
2
110 6 0 0
1266 20 12 0
2
19 41 
2
159 20 8 0
1267 20 12 0
2
290 41 
2
110 4 34 0
1268 20 12 0
2
39 41 
2
637 22 8 0
1269 20 12 0
2
291 41 
2
110 4 0 0
1270 20 12 0
2
244 42 
2
128 34 34 0
5228 16 16 0
2
40 42 
2
1271 10 16 0
5229 16 16 0
2
245 42 
2
128 34 32 0
5230 16 16 0
2
20 42 
2
317 14 16 0
5231 16 16 0
2
246 42 
2
128 34 30 0
5232 16 16 0
2
40 42 
2
1272 10 16 0
5233 16 16 0
2
247 42 
2
128 34 28 0
5234 16 16 0
2
292 43 
2
110 2 34 0
4372 18 14 0
2
41 43 
2
1271 20 12 0
4373 18 14 0
2
293 43 
2
110 2 0 0
4374 18 14 0
2
21 43 
2
317 20 14 0
4375 18 14 0
2
294 43 
2
110 0 34 0
4376 18 14 0
2
41 43 
2
1272 20 12 0
4377 18 14 0
2
295 43 
2
110 0 32 0
4378 18 14 0
2
42 100 
2
5235 16 16 0
40 12 10 0
2
43 204 
2
4379 18 14 0
41 20 20 0
2
42 101 
2
5236 16 16 0
36 18 18 0
2
43 205 
2
4380 18 14 0
41 18 10 0
2
42 102 
2
5237 16 16 0
32 14 8 0
2
40 42 
2
1273 10 16 0
5238 16 16 0
2
41 43 
2
1273 20 12 0
4381 18 14 0
2
42 100 
2
5239 16 16 0
41 12 10 0
2
43 207 
2
4382 18 14 0
34 4 10 0
2
42 101 
2
5240 16 16 0
37 18 18 0
2
42 102 
2
5241 16 16 0
33 14 8 0
2
20 40 
2
318 14 16 0
1274 10 16 0
2
21 41 
2
318 20 14 0
1274 20 12 0
2
38 40 
2
638 4 16 0
1275 10 16 0
2
39 41 
2
638 22 8 0
1275 20 12 0
2
252 42 
2
128 34 18 0
5242 16 16 0
2
40 42 
2
1276 10 16 0
5243 16 16 0
2
253 42 
2
128 34 16 0
5244 16 16 0
2
20 42 
2
319 14 16 0
5245 16 16 0
2
254 42 
2
128 34 14 0
5246 16 16 0
2
40 42 
2
1277 10 16 0
5247 16 16 0
2
255 42 
2
128 34 12 0
5248 16 16 0
2
300 43 
2
110 0 22 0
4383 18 14 0
2
41 43 
2
1276 20 12 0
4384 18 14 0
2
301 43 
2
110 0 20 0
4385 18 14 0
2
21 43 
2
319 20 14 0
4386 18 14 0
2
302 43 
2
110 0 18 0
4387 18 14 0
2
41 43 
2
1277 20 12 0
4388 18 14 0
2
303 43 
2
110 0 16 0
4389 18 14 0
2
42 101 
2
5249 16 16 0
38 18 18 0
2
43 206 
2
4390 18 14 0
38 26 24 0
2
42 102 
2
5250 16 16 0
34 14 8 0
2
42 103 
2
5251 16 16 0
32 14 6 0
2
40 42 
2
1278 10 16 0
5252 16 16 0
2
41 43 
2
1278 20 12 0
4391 18 14 0
2
42 101 
2
5253 16 16 0
39 18 18 0
2
43 206 
2
4392 18 14 0
39 26 24 0
2
42 102 
2
5254 16 16 0
35 14 8 0
2
43 207 
2
4393 18 14 0
35 4 10 0
2
42 103 
2
5255 16 16 0
33 14 6 0
2
20 40 
2
320 14 16 0
1279 10 16 0
2
21 41 
2
320 20 14 0
1279 20 12 0
2
18 38 
2
160 4 18 0
639 4 16 0
2
19 39 
2
160 20 8 0
639 22 8 0
2
16 36 
2
80 4 24 0
319 4 22 0
2
17 37 
2
80 26 4 0
319 24 4 0
2
14 34 
2
40 4 26 0
159 2 24 0
2
15 35 
2
40 26 2 0
159 28 2 0
2
12 32 
2
20 2 26 0
79 2 28 0
2
13 33 
2
20 30 2 0
79 32 2 0
2
10 30 
2
10 6 28 0
42 4 28 0
2
11 31 
2
10 32 4 0
42 32 6 0
2
28 30 
2
25 4 30 0
43 4 28 0
2
29 31 
2
25 32 26 0
43 32 6 0
2
284 32 
2
107 10 34 0
80 2 28 0
2
30 32 
2
44 4 28 0
81 2 28 0
2
285 32 
2
107 10 0 0
82 2 28 0
2
10 32 
2
11 6 28 0
83 2 28 0
2
286 32 
2
107 8 34 0
84 2 28 0
2
30 32 
2
45 4 28 0
85 2 28 0
2
287 32 
2
107 8 0 0
86 2 28 0
2
288 33 
2
104 6 34 0
80 32 2 0
2
31 33 
2
44 32 6 0
81 32 2 0
2
289 33 
2
104 6 0 0
82 32 2 0
2
11 33 
2
11 32 4 0
83 32 2 0
2
290 33 
2
104 4 34 0
84 32 2 0
2
31 33 
2
45 32 6 0
85 32 2 0
2
291 33 
2
104 4 0 0
86 32 2 0
2
248 34 
2
122 34 26 0
160 2 24 0
2
32 34 
2
87 2 28 0
161 2 24 0
2
249 34 
2
122 34 24 0
162 2 24 0
2
12 34 
2
21 2 26 0
163 2 24 0
2
250 34 
2
122 34 22 0
164 2 24 0
2
32 34 
2
88 2 28 0
165 2 24 0
2
251 34 
2
122 34 20 0
166 2 24 0
2
248 35 
2
110 34 26 0
160 28 2 0
2
33 35 
2
87 32 2 0
161 28 2 0
2
249 35 
2
110 34 24 0
162 28 2 0
2
13 35 
2
21 30 2 0
163 28 2 0
2
250 35 
2
110 34 22 0
164 28 2 0
2
33 35 
2
88 32 2 0
165 28 2 0
2
251 35 
2
110 34 20 0
166 28 2 0
2
300 36 
2
125 0 22 0
320 4 22 0
2
34 36 
2
167 2 24 0
321 4 22 0
2
301 36 
2
125 0 20 0
322 4 22 0
2
14 36 
2
41 4 26 0
323 4 22 0
2
302 36 
2
125 0 18 0
324 4 22 0
2
34 36 
2
168 2 24 0
325 4 22 0
2
303 36 
2
125 0 16 0
326 4 22 0
2
280 37 
2
110 14 34 0
320 24 4 0
2
35 37 
2
167 28 2 0
321 24 4 0
2
281 37 
2
110 14 0 0
322 24 4 0
2
15 37 
2
41 26 2 0
323 24 4 0
2
282 37 
2
110 12 34 0
324 24 4 0
2
35 37 
2
168 28 2 0
325 24 4 0
2
283 37 
2
110 12 0 0
326 24 4 0
2
248 38 
2
128 34 26 0
640 4 16 0
2
36 38 
2
327 4 22 0
641 4 16 0
2
249 38 
2
128 34 24 0
642 4 16 0
2
16 38 
2
81 4 24 0
643 4 16 0
2
250 38 
2
128 34 22 0
644 4 16 0
2
36 38 
2
328 4 22 0
645 4 16 0
2
251 38 
2
128 34 20 0
646 4 16 0
2
296 39 
2
110 0 30 0
640 22 8 0
2
37 39 
2
327 24 4 0
641 22 8 0
2
297 39 
2
110 0 28 0
642 22 8 0
2
17 39 
2
81 26 4 0
643 22 8 0
2
298 39 
2
110 0 26 0
644 22 8 0
2
37 39 
2
328 24 4 0
645 22 8 0
2
299 39 
2
110 0 24 0
646 22 8 0
2
256 40 
2
128 34 10 0
1280 10 16 0
2
38 40 
2
647 4 16 0
1281 10 16 0
2
257 40 
2
128 34 8 0
1282 10 16 0
2
18 40 
2
161 4 18 0
1283 10 16 0
2
258 40 
2
128 34 6 0
1284 10 16 0
2
38 40 
2
648 4 16 0
1285 10 16 0
2
259 40 
2
128 34 4 0
1286 10 16 0
2
304 41 
2
110 0 14 0
1280 20 12 0
2
39 41 
2
647 22 8 0
1281 20 12 0
2
305 41 
2
110 0 12 0
1282 20 12 0
2
19 41 
2
161 20 8 0
1283 20 12 0
2
306 41 
2
110 0 10 0
1284 20 12 0
2
39 41 
2
648 22 8 0
1285 20 12 0
2
307 41 
2
110 0 8 0
1286 20 12 0
2
260 42 
2
128 34 2 0
5256 16 16 0
2
40 42 
2
1287 10 16 0
5257 16 16 0
2
261 42 
2
128 34 0 0
5258 16 16 0
2
20 42 
2
321 14 16 0
5259 16 16 0
2
262 42 
2
128 32 34 0
5260 16 16 0
2
40 42 
2
1288 10 16 0
5261 16 16 0
2
263 42 
2
128 32 0 0
5262 16 16 0
2
308 43 
2
110 0 6 0
4394 18 14 0
2
41 43 
2
1287 20 12 0
4395 18 14 0
2
309 43 
2
110 0 4 0
4396 18 14 0
2
21 43 
2
321 20 14 0
4397 18 14 0
2
310 43 
2
110 0 2 0
4398 18 14 0
2
41 43 
2
1288 20 12 0
4399 18 14 0
2
311 43 
2
110 0 0 0
4400 18 14 0
2
42 100 
2
5263 16 16 0
42 12 10 0
2
43 209 
2
4401 18 14 0
38 2 18 0
2
42 101 
2
5264 16 16 0
40 18 18 0
2
42 102 
2
5265 16 16 0
36 14 8 0
2
42 103 
2
5266 16 16 0
34 14 6 0
2
42 104 
2
5267 16 16 0
32 22 26 0
2
42 105 
2
5268 16 16 0
32 20 16 0
2
42 106 
2
5269 16 16 0
36 24 20 0
2
42 107 
2
5270 16 16 0
38 30 16 0
2
42 108 
2
5271 16 16 0
40 28 10 0
2
42 109 
2
5272 16 16 0
40 26 10 0
2
42 111 
2
5273 16 16 0
40 18 6 0
2
42 112 
2
5274 16 16 0
40 30 14 0
2
42 113 
2
5275 16 16 0
38 22 4 0
2
42 114 
2
5276 16 16 0
34 30 10 0
2
42 115 
2
5277 16 16 0
34 2 10 0
2
42 116 
2
5278 16 16 0
38 8 8 0
2
42 117 
2
5279 16 16 0
40 12 8 0
2
42 118 
2
5280 16 16 0
40 12 12 0
2
42 119 
2
5281 16 16 0
40 22 18 0
2
42 120 
2
5282 16 16 0
40 28 20 0
2
42 121 
2
5283 16 16 0
36 8 14 0
2
40 42 
2
1289 10 16 0
5284 16 16 0
2
41 43 
2
1289 20 12 0
4402 18 14 0
2
42 100 
2
5285 16 16 0
43 12 10 0
2
43 208 
2
4403 18 14 0
34 32 16 0
2
42 101 
2
5286 16 16 0
41 18 18 0
2
42 102 
2
5287 16 16 0
37 14 8 0
2
42 103 
2
5288 16 16 0
35 14 6 0
2
42 104 
2
5289 16 16 0
33 22 26 0
2
42 105 
2
5290 16 16 0
33 20 16 0
2
42 106 
2
5291 16 16 0
37 24 20 0
2
42 107 
2
5292 16 16 0
39 30 16 0
2
42 108 
2
5293 16 16 0
41 28 10 0
2
42 109 
2
5294 16 16 0
41 26 10 0
2
42 111 
2
5295 16 16 0
41 18 6 0
2
42 112 
2
5296 16 16 0
41 30 14 0
2
42 113 
2
5297 16 16 0
39 22 4 0
2
42 114 
2
5298 16 16 0
35 30 10 0
2
42 115 
2
5299 16 16 0
35 2 10 0
2
42 116 
2
5300 16 16 0
39 8 8 0
2
42 117 
2
5301 16 16 0
41 12 8 0
2
42 118 
2
5302 16 16 0
41 12 12 0
2
42 119 
2
5303 16 16 0
41 22 18 0
2
42 120 
2
5304 16 16 0
41 28 20 0
2
42 121 
2
5305 16 16 0
37 8 14 0
2
20 40 
2
322 14 16 0
1290 10 16 0
2
21 41 
2
322 20 14 0
1290 20 12 0
2
38 40 
2
649 4 16 0
1291 10 16 0
2
39 41 
2
649 22 8 0
1291 20 12 0
2
268 42 
2
128 26 34 0
5306 16 16 0
2
40 42 
2
1292 10 16 0
5307 16 16 0
2
269 42 
2
128 26 0 0
5308 16 16 0
2
20 42 
2
323 14 16 0
5309 16 16 0
2
270 42 
2
128 24 34 0
5310 16 16 0
2
40 42 
2
1293 10 16 0
5311 16 16 0
2
271 42 
2
128 24 0 0
5312 16 16 0
2
248 43 
2
113 34 26 0
4404 18 14 0
2
41 43 
2
1292 20 12 0
4405 18 14 0
2
249 43 
2
113 34 24 0
4406 18 14 0
2
21 43 
2
323 20 14 0
4407 18 14 0
2
250 43 
2
113 34 22 0
4408 18 14 0
2
41 43 
2
1293 20 12 0
4409 18 14 0
2
251 43 
2
113 34 20 0
4410 18 14 0
2
42 101 
2
5313 16 16 0
42 18 18 0
2
43 208 
2
4411 18 14 0
35 32 16 0
2
42 102 
2
5314 16 16 0
38 14 8 0
2
43 209 
2
4412 18 14 0
39 2 18 0
2
42 103 
2
5315 16 16 0
36 14 6 0
2
42 104 
2
5316 16 16 0
34 22 26 0
2
42 105 
2
5317 16 16 0
34 20 16 0
2
42 106 
2
5318 16 16 0
38 24 20 0
2
42 107 
2
5319 16 16 0
40 30 16 0
2
42 108 
2
5320 16 16 0
42 28 10 0
2
42 109 
2
5321 16 16 0
42 26 10 0
2
42 111 
2
5322 16 16 0
42 18 6 0
2
42 112 
2
5323 16 16 0
42 30 14 0
2
42 113 
2
5324 16 16 0
40 22 4 0
2
42 114 
2
5325 16 16 0
36 30 10 0
2
42 115 
2
5326 16 16 0
36 2 10 0
2
42 116 
2
5327 16 16 0
40 8 8 0
2
42 117 
2
5328 16 16 0
42 12 8 0
2
42 118 
2
5329 16 16 0
42 12 12 0
2
42 119 
2
5330 16 16 0
42 22 18 0
2
42 120 
2
5331 16 16 0
42 28 20 0
2
42 121 
2
5332 16 16 0
38 8 14 0
2
42 122 
2
5333 16 16 0
34 12 6 0
2
40 42 
2
1294 10 16 0
5334 16 16 0
2
41 43 
2
1294 20 12 0
4413 18 14 0
2
42 101 
2
5335 16 16 0
43 18 18 0
2
43 211 
2
4414 18 14 0
40 6 18 0
2
42 102 
2
5336 16 16 0
39 14 8 0
2
42 103 
2
5337 16 16 0
37 14 6 0
2
42 104 
2
5338 16 16 0
35 22 26 0
2
42 105 
2
5339 16 16 0
35 20 16 0
2
42 106 
2
5340 16 16 0
39 24 20 0
2
42 107 
2
5341 16 16 0
41 30 16 0
2
42 108 
2
5342 16 16 0
43 28 10 0
2
42 109 
2
5343 16 16 0
43 26 10 0
2
42 111 
2
5344 16 16 0
43 18 6 0
2
42 112 
2
5345 16 16 0
43 30 14 0
2
42 113 
2
5346 16 16 0
41 22 4 0
2
42 114 
2
5347 16 16 0
37 30 10 0
2
42 115 
2
5348 16 16 0
37 2 10 0
2
42 116 
2
5349 16 16 0
41 8 8 0
2
42 117 
2
5350 16 16 0
43 12 8 0
2
42 118 
2
5351 16 16 0
43 12 12 0
2
42 119 
2
5352 16 16 0
43 22 18 0
2
42 120 
2
5353 16 16 0
43 28 20 0
2
42 121 
2
5354 16 16 0
39 8 14 0
2
42 122 
2
5355 16 16 0
35 12 6 0
2
20 40 
2
324 14 16 0
1295 10 16 0
2
21 41 
2
324 20 14 0
1295 20 12 0
2
18 38 
2
162 4 18 0
650 4 16 0
2
19 39 
2
162 20 8 0
650 22 8 0
2
36 38 
2
329 4 22 0
651 4 16 0
2
37 39 
2
329 24 4 0
651 22 8 0
2
272 40 
2
128 22 34 0
1296 10 16 0
2
38 40 
2
652 4 16 0
1297 10 16 0
2
273 40 
2
128 22 0 0
1298 10 16 0
2
18 40 
2
163 4 18 0
1299 10 16 0
2
274 40 
2
128 20 34 0
1300 10 16 0
2
38 40 
2
653 4 16 0
1301 10 16 0
2
275 40 
2
128 20 0 0
1302 10 16 0
2
252 41 
2
113 34 18 0
1296 20 12 0
2
39 41 
2
652 22 8 0
1297 20 12 0
2
253 41 
2
113 34 16 0
1298 20 12 0
2
19 41 
2
163 20 8 0
1299 20 12 0
2
254 41 
2
113 34 14 0
1300 20 12 0
2
39 41 
2
653 22 8 0
1301 20 12 0
2
255 41 
2
113 34 12 0
1302 20 12 0
2
276 42 
2
128 18 34 0
5356 16 16 0
2
40 42 
2
1303 10 16 0
5357 16 16 0
2
277 42 
2
128 18 0 0
5358 16 16 0
2
20 42 
2
325 14 16 0
5359 16 16 0
2
278 42 
2
128 16 34 0
5360 16 16 0
2
40 42 
2
1304 10 16 0
5361 16 16 0
2
279 42 
2
128 16 0 0
5362 16 16 0
2
256 43 
2
113 34 10 0
4415 18 14 0
2
41 43 
2
1303 20 12 0
4416 18 14 0
2
257 43 
2
113 34 8 0
4417 18 14 0
2
21 43 
2
325 20 14 0
4418 18 14 0
2
258 43 
2
113 34 6 0
4419 18 14 0
2
41 43 
2
1304 20 12 0
4420 18 14 0
2
259 43 
2
113 34 4 0
4421 18 14 0
2
42 121 
2
5363 16 16 0
40 8 14 0
2
43 210 
2
4422 18 14 0
40 8 24 0
2
42 122 
2
5364 16 16 0
36 12 6 0
2
42 123 
2
5365 16 16 0
32 22 20 0
2
40 42 
2
1305 10 16 0
5366 16 16 0
2
41 43 
2
1305 20 12 0
4423 18 14 0
2
42 121 
2
5367 16 16 0
41 8 14 0
2
43 210 
2
4424 18 14 0
41 8 24 0
2
42 122 
2
5368 16 16 0
37 12 6 0
2
43 211 
2
4425 18 14 0
41 6 18 0
2
42 123 
2
5369 16 16 0
33 22 20 0
2
20 40 
2
326 14 16 0
1306 10 16 0
2
21 41 
2
326 20 14 0
1306 20 12 0
2
38 40 
2
654 4 16 0
1307 10 16 0
2
39 41 
2
654 22 8 0
1307 20 12 0
2
284 42 
2
128 10 34 0
5370 16 16 0
2
40 42 
2
1308 10 16 0
5371 16 16 0
2
285 42 
2
128 10 0 0
5372 16 16 0
2
20 42 
2
327 14 16 0
5373 16 16 0
2
286 42 
2
128 8 34 0
5374 16 16 0
2
40 42 
2
1309 10 16 0
5375 16 16 0
2
287 42 
2
128 8 0 0
5376 16 16 0
2
264 43 
2
113 30 34 0
4426 18 14 0
2
41 43 
2
1308 20 12 0
4427 18 14 0
2
265 43 
2
113 30 0 0
4428 18 14 0
2
21 43 
2
327 20 14 0
4429 18 14 0
2
266 43 
2
113 28 34 0
4430 18 14 0
2
41 43 
2
1309 20 12 0
4431 18 14 0
2
267 43 
2
113 28 0 0
4432 18 14 0
2
42 122 
2
5377 16 16 0
38 12 6 0
2
43 213 
2
4433 18 14 0
40 16 32 0
2
42 123 
2
5378 16 16 0
34 22 20 0
2
42 124 
2
5379 16 16 0
32 20 26 0
2
40 42 
2
1310 10 16 0
5380 16 16 0
2
41 43 
2
1310 20 12 0
4434 18 14 0
2
42 122 
2
5381 16 16 0
39 12 6 0
2
43 212 
2
4435 18 14 0
40 16 24 0
2
42 123 
2
5382 16 16 0
35 22 20 0
2
42 124 
2
5383 16 16 0
33 20 26 0
2
20 40 
2
328 14 16 0
1311 10 16 0
2
21 41 
2
328 20 14 0
1311 20 12 0
2
18 38 
2
164 4 18 0
655 4 16 0
2
19 39 
2
164 20 8 0
655 22 8 0
2
16 36 
2
82 4 24 0
330 4 22 0
2
17 37 
2
82 26 4 0
330 24 4 0
2
34 36 
2
169 2 24 0
331 4 22 0
2
35 37 
2
169 28 2 0
331 24 4 0
2
280 38 
2
128 14 34 0
656 4 16 0
2
36 38 
2
332 4 22 0
657 4 16 0
2
281 38 
2
128 14 0 0
658 4 16 0
2
16 38 
2
83 4 24 0
659 4 16 0
2
282 38 
2
128 12 34 0
660 4 16 0
2
36 38 
2
333 4 22 0
661 4 16 0
2
283 38 
2
128 12 0 0
662 4 16 0
2
260 39 
2
113 34 2 0
656 22 8 0
2
37 39 
2
332 24 4 0
657 22 8 0
2
261 39 
2
113 34 0 0
658 22 8 0
2
17 39 
2
83 26 4 0
659 22 8 0
2
262 39 
2
113 32 34 0
660 22 8 0
2
37 39 
2
333 24 4 0
661 22 8 0
2
263 39 
2
113 32 0 0
662 22 8 0
2
288 40 
2
128 6 34 0
1312 10 16 0
2
38 40 
2
663 4 16 0
1313 10 16 0
2
289 40 
2
128 6 0 0
1314 10 16 0
2
18 40 
2
165 4 18 0
1315 10 16 0
2
290 40 
2
128 4 34 0
1316 10 16 0
2
38 40 
2
664 4 16 0
1317 10 16 0
2
291 40 
2
128 4 0 0
1318 10 16 0
2
268 41 
2
113 26 34 0
1312 20 12 0
2
39 41 
2
663 22 8 0
1313 20 12 0
2
269 41 
2
113 26 0 0
1314 20 12 0
2
19 41 
2
165 20 8 0
1315 20 12 0
2
270 41 
2
113 24 34 0
1316 20 12 0
2
39 41 
2
664 22 8 0
1317 20 12 0
2
271 41 
2
113 24 0 0
1318 20 12 0
2
292 42 
2
128 2 34 0
5384 16 16 0
2
40 42 
2
1319 10 16 0
5385 16 16 0
2
293 42 
2
128 2 0 0
5386 16 16 0
2
20 42 
2
329 14 16 0
5387 16 16 0
2
294 42 
2
128 0 34 0
5388 16 16 0
2
40 42 
2
1320 10 16 0
5389 16 16 0
2
295 42 
2
128 0 32 0
5390 16 16 0
2
272 43 
2
113 22 34 0
4436 18 14 0
2
41 43 
2
1319 20 12 0
4437 18 14 0
2
273 43 
2
113 22 0 0
4438 18 14 0
2
21 43 
2
329 20 14 0
4439 18 14 0
2
274 43 
2
113 20 34 0
4440 18 14 0
2
41 43 
2
1320 20 12 0
4441 18 14 0
2
275 43 
2
113 20 0 0
4442 18 14 0
2
42 121 
2
5391 16 16 0
42 8 14 0
2
43 212 
2
4443 18 14 0
41 16 24 0
2
42 122 
2
5392 16 16 0
40 12 6 0
2
43 213 
2
4444 18 14 0
41 16 32 0
2
42 123 
2
5393 16 16 0
36 22 20 0
2
42 124 
2
5394 16 16 0
34 20 26 0
2
42 125 
2
5395 16 16 0
32 12 16 0
2
42 126 
2
5396 16 16 0
32 16 10 0
2
42 128 
2
5397 16 16 0
36 16 14 0
2
42 129 
2
5398 16 16 0
38 28 12 0
2
42 130 
2
5399 16 16 0
40 22 6 0
2
42 131 
2
5400 16 16 0
40 28 14 0
2
42 149 
2
5401 16 16 0
40 20 6 0
2
42 150 
2
5402 16 16 0
40 24 8 0
2
42 151 
2
5403 16 16 0
38 22 2 0
2
42 152 
2
5404 16 16 0
34 22 30 0
2
42 153 
2
5405 16 16 0
34 24 26 0
2
42 154 
2
5406 16 16 0
38 28 18 0
2
42 155 
2
5407 16 16 0
40 22 22 0
2
42 156 
2
5408 16 16 0
40 26 18 0
2
42 157 
2
5409 16 16 0
40 24 16 0
2
42 158 
2
5410 16 16 0
40 4 14 0
2
42 159 
2
5411 16 16 0
36 14 4 0
2
40 42 
2
1321 10 16 0
5412 16 16 0
2
41 43 
2
1321 20 12 0
4445 18 14 0
2
42 121 
2
5413 16 16 0
43 8 14 0
2
43 215 
2
4446 18 14 0
40 18 16 0
2
42 122 
2
5414 16 16 0
41 12 6 0
2
42 123 
2
5415 16 16 0
37 22 20 0
2
42 124 
2
5416 16 16 0
35 20 26 0
2
42 125 
2
5417 16 16 0
33 12 16 0
2
42 126 
2
5418 16 16 0
33 16 10 0
2
42 128 
2
5419 16 16 0
37 16 14 0
2
42 129 
2
5420 16 16 0
39 28 12 0
2
42 130 
2
5421 16 16 0
41 22 6 0
2
42 131 
2
5422 16 16 0
41 28 14 0
2
42 149 
2
5423 16 16 0
41 20 6 0
2
42 150 
2
5424 16 16 0
41 24 8 0
2
42 151 
2
5425 16 16 0
39 22 2 0
2
42 152 
2
5426 16 16 0
35 22 30 0
2
42 153 
2
5427 16 16 0
35 24 26 0
2
42 154 
2
5428 16 16 0
39 28 18 0
2
42 155 
2
5429 16 16 0
41 22 22 0
2
42 156 
2
5430 16 16 0
41 26 18 0
2
42 157 
2
5431 16 16 0
41 24 16 0
2
42 158 
2
5432 16 16 0
41 4 14 0
2
42 159 
2
5433 16 16 0
37 14 4 0
2
20 40 
2
330 14 16 0
1322 10 16 0
2
21 41 
2
330 20 14 0
1322 20 12 0
2
38 40 
2
665 4 16 0
1323 10 16 0
2
39 41 
2
665 22 8 0
1323 20 12 0
2
300 42 
2
128 0 22 0
5434 16 16 0
2
40 42 
2
1324 10 16 0
5435 16 16 0
2
301 42 
2
128 0 20 0
5436 16 16 0
2
20 42 
2
331 14 16 0
5437 16 16 0
2
302 42 
2
128 0 18 0
5438 16 16 0
2
40 42 
2
1325 10 16 0
5439 16 16 0
2
303 42 
2
128 0 16 0
5440 16 16 0
2
244 43 
2
116 34 34 0
4447 18 14 0
2
41 43 
2
1324 20 12 0
4448 18 14 0
2
245 43 
2
116 34 32 0
4449 18 14 0
2
21 43 
2
331 20 14 0
4450 18 14 0
2
246 43 
2
116 34 30 0
4451 18 14 0
2
41 43 
2
1325 20 12 0
4452 18 14 0
2
247 43 
2
116 34 28 0
4453 18 14 0
2
42 122 
2
5441 16 16 0
42 12 6 0
2
43 214 
2
4454 18 14 0
40 12 20 0
2
42 123 
2
5442 16 16 0
38 22 20 0
2
42 124 
2
5443 16 16 0
36 20 26 0
2
42 125 
2
5444 16 16 0
34 12 16 0
2
42 126 
2
5445 16 16 0
34 16 10 0
2
42 128 
2
5446 16 16 0
38 16 14 0
2
42 129 
2
5447 16 16 0
40 28 12 0
2
42 130 
2
5448 16 16 0
42 22 6 0
2
42 131 
2
5449 16 16 0
42 28 14 0
2
42 149 
2
5450 16 16 0
42 20 6 0
2
42 150 
2
5451 16 16 0
42 24 8 0
2
42 151 
2
5452 16 16 0
40 22 2 0
2
42 152 
2
5453 16 16 0
36 22 30 0
2
42 153 
2
5454 16 16 0
36 24 26 0
2
42 154 
2
5455 16 16 0
40 28 18 0
2
42 155 
2
5456 16 16 0
42 22 22 0
2
42 156 
2
5457 16 16 0
42 26 18 0
2
42 157 
2
5458 16 16 0
42 24 16 0
2
42 158 
2
5459 16 16 0
42 4 14 0
2
42 159 
2
5460 16 16 0
38 14 4 0
2
42 160 
2
5461 16 16 0
34 10 14 0
2
40 42 
2
1326 10 16 0
5462 16 16 0
2
41 43 
2
1326 20 12 0
4455 18 14 0
2
42 122 
2
5463 16 16 0
43 12 6 0
2
43 214 
2
4456 18 14 0
41 12 20 0
2
42 123 
2
5464 16 16 0
39 22 20 0
2
43 215 
2
4457 18 14 0
41 18 16 0
2
42 124 
2
5465 16 16 0
37 20 26 0
2
42 125 
2
5466 16 16 0
35 12 16 0
2
42 126 
2
5467 16 16 0
35 16 10 0
2
42 128 
2
5468 16 16 0
39 16 14 0
2
42 129 
2
5469 16 16 0
41 28 12 0
2
42 130 
2
5470 16 16 0
43 22 6 0
2
42 131 
2
5471 16 16 0
43 28 14 0
2
42 149 
2
5472 16 16 0
43 20 6 0
2
42 150 
2
5473 16 16 0
43 24 8 0
2
42 151 
2
5474 16 16 0
41 22 2 0
2
42 152 
2
5475 16 16 0
37 22 30 0
2
42 153 
2
5476 16 16 0
37 24 26 0
2
42 154 
2
5477 16 16 0
41 28 18 0
2
42 155 
2
5478 16 16 0
43 22 22 0
2
42 156 
2
5479 16 16 0
43 26 18 0
2
42 157 
2
5480 16 16 0
43 24 16 0
2
42 158 
2
5481 16 16 0
43 4 14 0
2
42 159 
2
5482 16 16 0
39 14 4 0
2
42 160 
2
5483 16 16 0
35 10 14 0
2
20 40 
2
332 14 16 0
1327 10 16 0
2
21 41 
2
332 20 14 0
1327 20 12 0
2
18 38 
2
166 4 18 0
666 4 16 0
2
19 39 
2
166 20 8 0
666 22 8 0
2
36 38 
2
334 4 22 0
667 4 16 0
2
37 39 
2
334 24 4 0
667 22 8 0
2
304 40 
2
128 0 14 0
1328 10 16 0
2
38 40 
2
668 4 16 0
1329 10 16 0
2
305 40 
2
128 0 12 0
1330 10 16 0
2
18 40 
2
167 4 18 0
1331 10 16 0
2
306 40 
2
128 0 10 0
1332 10 16 0
2
38 40 
2
669 4 16 0
1333 10 16 0
2
307 40 
2
128 0 8 0
1334 10 16 0
2
248 41 
2
116 34 26 0
1328 20 12 0
2
39 41 
2
668 22 8 0
1329 20 12 0
2
249 41 
2
116 34 24 0
1330 20 12 0
2
19 41 
2
167 20 8 0
1331 20 12 0
2
250 41 
2
116 34 22 0
1332 20 12 0
2
39 41 
2
669 22 8 0
1333 20 12 0
2
251 41 
2
116 34 20 0
1334 20 12 0
2
308 42 
2
128 0 6 0
5484 16 16 0
2
40 42 
2
1335 10 16 0
5485 16 16 0
2
309 42 
2
128 0 4 0
5486 16 16 0
2
20 42 
2
333 14 16 0
5487 16 16 0
2
310 42 
2
128 0 2 0
5488 16 16 0
2
40 42 
2
1336 10 16 0
5489 16 16 0
2
311 42 
2
128 0 0 0
5490 16 16 0
2
252 43 
2
116 34 18 0
4458 18 14 0
2
41 43 
2
1335 20 12 0
4459 18 14 0
2
253 43 
2
116 34 16 0
4460 18 14 0
2
21 43 
2
333 20 14 0
4461 18 14 0
2
254 43 
2
116 34 14 0
4462 18 14 0
2
41 43 
2
1336 20 12 0
4463 18 14 0
2
255 43 
2
116 34 12 0
4464 18 14 0
2
42 159 
2
5491 16 16 0
40 14 4 0
2
43 217 
2
4465 18 14 0
34 14 26 0
2
42 160 
2
5492 16 16 0
36 10 14 0
2
42 161 
2
5493 16 16 0
32 14 2 0
2
40 42 
2
1337 10 16 0
5494 16 16 0
2
41 43 
2
1337 20 12 0
4466 18 14 0
2
42 159 
2
5495 16 16 0
41 14 4 0
2
43 216 
2
4467 18 14 0
36 8 20 0
2
42 160 
2
5496 16 16 0
37 10 14 0
2
42 161 
2
5497 16 16 0
33 14 2 0
2
20 40 
2
334 14 16 0
1338 10 16 0
2
21 41 
2
334 20 14 0
1338 20 12 0
2
38 40 
2
670 4 16 0
1339 10 16 0
2
39 41 
2
670 22 8 0
1339 20 12 0
2
248 42 
2
131 34 26 0
5498 16 16 0
2
40 42 
2
1340 10 16 0
5499 16 16 0
2
249 42 
2
131 34 24 0
5500 16 16 0
2
20 42 
2
335 14 16 0
5501 16 16 0
2
250 42 
2
131 34 22 0
5502 16 16 0
2
40 42 
2
1341 10 16 0
5503 16 16 0
2
251 42 
2
131 34 20 0
5504 16 16 0
2
260 43 
2
116 34 2 0
4468 18 14 0
2
41 43 
2
1340 20 12 0
4469 18 14 0
2
261 43 
2
116 34 0 0
4470 18 14 0
2
21 43 
2
335 20 14 0
4471 18 14 0
2
262 43 
2
116 32 34 0
4472 18 14 0
2
41 43 
2
1341 20 12 0
4473 18 14 0
2
263 43 
2
116 32 0 0
4474 18 14 0
2
42 160 
2
5505 16 16 0
38 10 14 0
2
43 216 
2
4475 18 14 0
37 8 20 0
2
42 161 
2
5506 16 16 0
34 14 2 0
2
43 217 
2
4476 18 14 0
35 14 26 0
2
42 162 
2
5507 16 16 0
32 30 18 0
2
40 42 
2
1342 10 16 0
5508 16 16 0
2
41 43 
2
1342 20 12 0
4477 18 14 0
2
42 160 
2
5509 16 16 0
39 10 14 0
2
43 219 
2
4478 18 14 0
32 24 24 0
2
42 161 
2
5510 16 16 0
35 14 2 0
2
42 162 
2
5511 16 16 0
33 30 18 0
2
20 40 
2
336 14 16 0
1343 10 16 0
2
21 41 
2
336 20 14 0
1343 20 12 0
2
18 38 
2
168 4 18 0
671 4 16 0
2
19 39 
2
168 20 8 0
671 22 8 0
2
16 36 
2
84 4 24 0
335 4 22 0
2
17 37 
2
84 26 4 0
335 24 4 0
2
14 34 
2
42 4 26 0
170 2 24 0
2
15 35 
2
42 26 2 0
170 28 2 0
2
32 34 
2
89 2 28 0
171 2 24 0
2
33 35 
2
89 32 2 0
171 28 2 0
2
296 36 
2
128 0 30 0
336 4 22 0
2
34 36 
2
172 2 24 0
337 4 22 0
2
297 36 
2
128 0 28 0
338 4 22 0
2
14 36 
2
43 4 26 0
339 4 22 0
2
298 36 
2
128 0 26 0
340 4 22 0
2
34 36 
2
173 2 24 0
341 4 22 0
2
299 36 
2
128 0 24 0
342 4 22 0
2
276 37 
2
113 18 34 0
336 24 4 0
2
35 37 
2
172 28 2 0
337 24 4 0
2
277 37 
2
113 18 0 0
338 24 4 0
2
15 37 
2
43 26 2 0
339 24 4 0
2
278 37 
2
113 16 34 0
340 24 4 0
2
35 37 
2
173 28 2 0
341 24 4 0
2
279 37 
2
113 16 0 0
342 24 4 0
2
244 38 
2
131 34 34 0
672 4 16 0
2
36 38 
2
343 4 22 0
673 4 16 0
2
245 38 
2
131 34 32 0
674 4 16 0
2
16 38 
2
85 4 24 0
675 4 16 0
2
246 38 
2
131 34 30 0
676 4 16 0
2
36 38 
2
344 4 22 0
677 4 16 0
2
247 38 
2
131 34 28 0
678 4 16 0
2
256 39 
2
116 34 10 0
672 22 8 0
2
37 39 
2
343 24 4 0
673 22 8 0
2
257 39 
2
116 34 8 0
674 22 8 0
2
17 39 
2
85 26 4 0
675 22 8 0
2
258 39 
2
116 34 6 0
676 22 8 0
2
37 39 
2
344 24 4 0
677 22 8 0
2
259 39 
2
116 34 4 0
678 22 8 0
2
252 40 
2
131 34 18 0
1344 10 16 0
2
38 40 
2
679 4 16 0
1345 10 16 0
2
253 40 
2
131 34 16 0
1346 10 16 0
2
18 40 
2
169 4 18 0
1347 10 16 0
2
254 40 
2
131 34 14 0
1348 10 16 0
2
38 40 
2
680 4 16 0
1349 10 16 0
2
255 40 
2
131 34 12 0
1350 10 16 0
2
264 41 
2
116 30 34 0
1344 20 12 0
2
39 41 
2
679 22 8 0
1345 20 12 0
2
265 41 
2
116 30 0 0
1346 20 12 0
2
19 41 
2
169 20 8 0
1347 20 12 0
2
266 41 
2
116 28 34 0
1348 20 12 0
2
39 41 
2
680 22 8 0
1349 20 12 0
2
267 41 
2
116 28 0 0
1350 20 12 0
2
256 42 
2
131 34 10 0
5512 16 16 0
2
40 42 
2
1351 10 16 0
5513 16 16 0
2
257 42 
2
131 34 8 0
5514 16 16 0
2
20 42 
2
337 14 16 0
5515 16 16 0
2
258 42 
2
131 34 6 0
5516 16 16 0
2
40 42 
2
1352 10 16 0
5517 16 16 0
2
259 42 
2
131 34 4 0
5518 16 16 0
2
268 43 
2
116 26 34 0
4479 18 14 0
2
41 43 
2
1351 20 12 0
4480 18 14 0
2
269 43 
2
116 26 0 0
4481 18 14 0
2
21 43 
2
337 20 14 0
4482 18 14 0
2
270 43 
2
116 24 34 0
4483 18 14 0
2
41 43 
2
1352 20 12 0
4484 18 14 0
2
271 43 
2
116 24 0 0
4485 18 14 0
2
42 159 
2
5519 16 16 0
42 14 4 0
2
43 218 
2
4486 18 14 0
32 10 24 0
2
42 160 
2
5520 16 16 0
40 10 14 0
2
42 161 
2
5521 16 16 0
36 14 2 0
2
42 162 
2
5522 16 16 0
34 30 18 0
2
42 163 
2
5523 16 16 0
32 24 22 0
2
42 164 
2
5524 16 16 0
32 26 20 0
2
42 166 
2
5525 16 16 0
36 20 22 0
2
42 167 
2
5526 16 16 0
38 22 12 0
2
42 168 
2
5527 16 16 0
40 24 10 0
2
42 169 
2
5528 16 16 0
40 18 2 0
2
42 170 
2
5529 16 16 0
40 26 14 0
2
42 171 
2
5530 16 16 0
40 20 4 0
2
42 172 
2
5531 16 16 0
38 26 8 0
2
42 173 
2
5532 16 16 0
34 26 6 0
2
42 174 
2
5533 16 16 0
32 20 32 0
2
42 175 
2
5534 16 16 0
34 6 8 0
2
42 176 
2
5535 16 16 0
34 20 30 0
2
42 177 
2
5536 16 16 0
32 8 4 0
2
42 178 
2
5537 16 16 0
30 10 2 0
2
42 179 
2
5538 16 16 0
28 30 22 0
2
42 180 
2
5539 16 16 0
24 26 26 0
2
40 42 
2
1353 10 16 0
5540 16 16 0
2
41 43 
2
1353 20 12 0
4487 18 14 0
2
42 159 
2
5541 16 16 0
43 14 4 0
2
43 218 
2
4488 18 14 0
33 10 24 0
2
42 160 
2
5542 16 16 0
41 10 14 0
2
43 219 
2
4489 18 14 0
33 24 24 0
2
42 161 
2
5543 16 16 0
37 14 2 0
2
42 162 
2
5544 16 16 0
35 30 18 0
2
42 163 
2
5545 16 16 0
33 24 22 0
2
42 164 
2
5546 16 16 0
33 26 20 0
2
42 166 
2
5547 16 16 0
37 20 22 0
2
42 167 
2
5548 16 16 0
39 22 12 0
2
42 168 
2
5549 16 16 0
41 24 10 0
2
42 169 
2
5550 16 16 0
41 18 2 0
2
42 170 
2
5551 16 16 0
41 26 14 0
2
42 171 
2
5552 16 16 0
41 20 4 0
2
42 172 
2
5553 16 16 0
39 26 8 0
2
42 173 
2
5554 16 16 0
35 26 6 0
2
42 174 
2
5555 16 16 0
33 20 32 0
2
42 175 
2
5556 16 16 0
35 6 8 0
2
42 176 
2
5557 16 16 0
35 20 30 0
2
42 177 
2
5558 16 16 0
33 8 4 0
2
42 178 
2
5559 16 16 0
31 10 2 0
2
42 179 
2
5560 16 16 0
29 30 22 0
2
42 180 
2
5561 16 16 0
25 26 26 0
2
20 40 
2
338 14 16 0
1354 10 16 0
2
21 41 
2
338 20 14 0
1354 20 12 0
2
38 40 
2
681 4 16 0
1355 10 16 0
2
39 41 
2
681 22 8 0
1355 20 12 0
2
264 42 
2
131 30 34 0
5562 16 16 0
2
40 42 
2
1356 10 16 0
5563 16 16 0
2
265 42 
2
131 30 0 0
5564 16 16 0
2
20 42 
2
339 14 16 0
5565 16 16 0
2
266 42 
2
131 28 34 0
5566 16 16 0
2
40 42 
2
1357 10 16 0
5567 16 16 0
2
267 42 
2
131 28 0 0
5568 16 16 0
2
276 43 
2
116 18 34 0
4490 18 14 0
2
41 43 
2
1356 20 12 0
4491 18 14 0
2
277 43 
2
116 18 0 0
4492 18 14 0
2
21 43 
2
339 20 14 0
4493 18 14 0
2
278 43 
2
116 16 34 0
4494 18 14 0
2
41 43 
2
1357 20 12 0
4495 18 14 0
2
279 43 
2
116 16 0 0
4496 18 14 0
2
42 160 
2
5569 16 16 0
42 10 14 0
2
43 221 
2
4497 18 14 0
32 6 22 0
2
42 161 
2
5570 16 16 0
38 14 2 0
2
42 162 
2
5571 16 16 0
36 30 18 0
2
42 163 
2
5572 16 16 0
34 24 22 0
2
42 164 
2
5573 16 16 0
34 26 20 0
2
42 166 
2
5574 16 16 0
38 20 22 0
2
42 167 
2
5575 16 16 0
40 22 12 0
2
42 168 
2
5576 16 16 0
42 24 10 0
2
42 169 
2
5577 16 16 0
42 18 2 0
2
42 170 
2
5578 16 16 0
42 26 14 0
2
42 171 
2
5579 16 16 0
42 20 4 0
2
42 172 
2
5580 16 16 0
40 26 8 0
2
42 173 
2
5581 16 16 0
36 26 6 0
2
42 174 
2
5582 16 16 0
34 20 32 0
2
42 175 
2
5583 16 16 0
36 6 8 0
2
42 176 
2
5584 16 16 0
36 20 30 0
2
42 177 
2
5585 16 16 0
34 8 4 0
2
42 178 
2
5586 16 16 0
32 10 2 0
2
42 179 
2
5587 16 16 0
30 30 22 0
2
42 180 
2
5588 16 16 0
26 26 26 0
2
42 181 
2
5589 16 16 0
22 32 20 0
2
40 42 
2
1358 10 16 0
5590 16 16 0
2
41 43 
2
1358 20 12 0
4498 18 14 0
2
42 160 
2
5591 16 16 0
43 10 14 0
2
43 220 
2
4499 18 14 0
32 12 24 0
2
42 161 
2
5592 16 16 0
39 14 2 0
2
42 162 
2
5593 16 16 0
37 30 18 0
2
42 163 
2
5594 16 16 0
35 24 22 0
2
42 164 
2
5595 16 16 0
35 26 20 0
2
42 166 
2
5596 16 16 0
39 20 22 0
2
42 167 
2
5597 16 16 0
41 22 12 0
2
42 168 
2
5598 16 16 0
43 24 10 0
2
42 169 
2
5599 16 16 0
43 18 2 0
2
42 170 
2
5600 16 16 0
43 26 14 0
2
42 171 
2
5601 16 16 0
43 20 4 0
2
42 172 
2
5602 16 16 0
41 26 8 0
2
42 173 
2
5603 16 16 0
37 26 6 0
2
42 174 
2
5604 16 16 0
35 20 32 0
2
42 175 
2
5605 16 16 0
37 6 8 0
2
42 176 
2
5606 16 16 0
37 20 30 0
2
42 177 
2
5607 16 16 0
35 8 4 0
2
42 178 
2
5608 16 16 0
33 10 2 0
2
42 179 
2
5609 16 16 0
31 30 22 0
2
42 180 
2
5610 16 16 0
27 26 26 0
2
42 181 
2
5611 16 16 0
23 32 20 0
2
20 40 
2
340 14 16 0
1359 10 16 0
2
21 41 
2
340 20 14 0
1359 20 12 0
2
18 38 
2
170 4 18 0
682 4 16 0
2
19 39 
2
170 20 8 0
682 22 8 0
2
36 38 
2
345 4 22 0
683 4 16 0
2
37 39 
2
345 24 4 0
683 22 8 0
2
268 40 
2
131 26 34 0
1360 10 16 0
2
38 40 
2
684 4 16 0
1361 10 16 0
2
269 40 
2
131 26 0 0
1362 10 16 0
2
18 40 
2
171 4 18 0
1363 10 16 0
2
270 40 
2
131 24 34 0
1364 10 16 0
2
38 40 
2
685 4 16 0
1365 10 16 0
2
271 40 
2
131 24 0 0
1366 10 16 0
2
280 41 
2
116 14 34 0
1360 20 12 0
2
39 41 
2
684 22 8 0
1361 20 12 0
2
281 41 
2
116 14 0 0
1362 20 12 0
2
19 41 
2
171 20 8 0
1363 20 12 0
2
282 41 
2
116 12 34 0
1364 20 12 0
2
39 41 
2
685 22 8 0
1365 20 12 0
2
283 41 
2
116 12 0 0
1366 20 12 0
2
272 42 
2
131 22 34 0
5612 16 16 0
2
40 42 
2
1367 10 16 0
5613 16 16 0
2
273 42 
2
131 22 0 0
5614 16 16 0
2
20 42 
2
341 14 16 0
5615 16 16 0
2
274 42 
2
131 20 34 0
5616 16 16 0
2
40 42 
2
1368 10 16 0
5617 16 16 0
2
275 42 
2
131 20 0 0
5618 16 16 0
2
284 43 
2
116 10 34 0
4500 18 14 0
2
41 43 
2
1367 20 12 0
4501 18 14 0
2
285 43 
2
116 10 0 0
4502 18 14 0
2
21 43 
2
341 20 14 0
4503 18 14 0
2
286 43 
2
116 8 34 0
4504 18 14 0
2
41 43 
2
1368 20 12 0
4505 18 14 0
2
287 43 
2
116 8 0 0
4506 18 14 0
2
42 180 
2
5619 16 16 0
28 26 26 0
2
43 220 
2
4507 18 14 0
33 12 24 0
2
42 181 
2
5620 16 16 0
24 32 20 0
2
43 221 
2
4508 18 14 0
33 6 22 0
2
42 182 
2
5621 16 16 0
20 32 10 0
2
40 42 
2
1369 10 16 0
5622 16 16 0
2
41 43 
2
1369 20 12 0
4509 18 14 0
2
42 180 
2
5623 16 16 0
29 26 26 0
2
43 223 
2
4510 18 14 0
38 14 12 0
2
42 181 
2
5624 16 16 0
25 32 20 0
2
42 182 
2
5625 16 16 0
21 32 10 0
2
20 40 
2
342 14 16 0
1370 10 16 0
2
21 41 
2
342 20 14 0
1370 20 12 0
2
38 40 
2
686 4 16 0
1371 10 16 0
2
39 41 
2
686 22 8 0
1371 20 12 0
2
280 42 
2
131 14 34 0
5626 16 16 0
2
40 42 
2
1372 10 16 0
5627 16 16 0
2
281 42 
2
131 14 0 0
5628 16 16 0
2
20 42 
2
343 14 16 0
5629 16 16 0
2
282 42 
2
131 12 34 0
5630 16 16 0
2
40 42 
2
1373 10 16 0
5631 16 16 0
2
283 42 
2
131 12 0 0
5632 16 16 0
2
292 43 
2
116 2 34 0
4511 18 14 0
2
41 43 
2
1372 20 12 0
4512 18 14 0
2
293 43 
2
116 2 0 0
4513 18 14 0
2
21 43 
2
343 20 14 0
4514 18 14 0
2
294 43 
2
116 0 34 0
4515 18 14 0
2
41 43 
2
1373 20 12 0
4516 18 14 0
2
295 43 
2
116 0 32 0
4517 18 14 0
2
42 181 
2
5633 16 16 0
26 32 20 0
2
43 222 
2
4518 18 14 0
36 6 14 0
2
42 182 
2
5634 16 16 0
22 32 10 0
2
42 183 
2
5635 16 16 0
20 2 8 0
2
40 42 
2
1374 10 16 0
5636 16 16 0
2
41 43 
2
1374 20 12 0
4519 18 14 0
2
42 181 
2
5637 16 16 0
27 32 20 0
2
43 222 
2
4520 18 14 0
37 6 14 0
2
42 182 
2
5638 16 16 0
23 32 10 0
2
43 223 
2
4521 18 14 0
39 14 12 0
2
42 183 
2
5639 16 16 0
21 2 8 0
2
20 40 
2
344 14 16 0
1375 10 16 0
2
21 41 
2
344 20 14 0
1375 20 12 0
2
18 38 
2
172 4 18 0
687 4 16 0
2
19 39 
2
172 20 8 0
687 22 8 0
2
16 36 
2
86 4 24 0
346 4 22 0
2
17 37 
2
86 26 4 0
346 24 4 0
2
34 36 
2
174 2 24 0
347 4 22 0
2
35 37 
2
174 28 2 0
347 24 4 0
2
276 38 
2
131 18 34 0
688 4 16 0
2
36 38 
2
348 4 22 0
689 4 16 0
2
277 38 
2
131 18 0 0
690 4 16 0
2
16 38 
2
87 4 24 0
691 4 16 0
2
278 38 
2
131 16 34 0
692 4 16 0
2
36 38 
2
349 4 22 0
693 4 16 0
2
279 38 
2
131 16 0 0
694 4 16 0
2
288 39 
2
116 6 34 0
688 22 8 0
2
37 39 
2
348 24 4 0
689 22 8 0
2
289 39 
2
116 6 0 0
690 22 8 0
2
17 39 
2
87 26 4 0
691 22 8 0
2
290 39 
2
116 4 34 0
692 22 8 0
2
37 39 
2
349 24 4 0
693 22 8 0
2
291 39 
2
116 4 0 0
694 22 8 0
2
284 40 
2
131 10 34 0
1376 10 16 0
2
38 40 
2
695 4 16 0
1377 10 16 0
2
285 40 
2
131 10 0 0
1378 10 16 0
2
18 40 
2
173 4 18 0
1379 10 16 0
2
286 40 
2
131 8 34 0
1380 10 16 0
2
38 40 
2
696 4 16 0
1381 10 16 0
2
287 40 
2
131 8 0 0
1382 10 16 0
2
296 41 
2
116 0 30 0
1376 20 12 0
2
39 41 
2
695 22 8 0
1377 20 12 0
2
297 41 
2
116 0 28 0
1378 20 12 0
2
19 41 
2
173 20 8 0
1379 20 12 0
2
298 41 
2
116 0 26 0
1380 20 12 0
2
39 41 
2
696 22 8 0
1381 20 12 0
2
299 41 
2
116 0 24 0
1382 20 12 0
2
288 42 
2
131 6 34 0
5640 16 16 0
2
40 42 
2
1383 10 16 0
5641 16 16 0
2
289 42 
2
131 6 0 0
5642 16 16 0
2
20 42 
2
345 14 16 0
5643 16 16 0
2
290 42 
2
131 4 34 0
5644 16 16 0
2
40 42 
2
1384 10 16 0
5645 16 16 0
2
291 42 
2
131 4 0 0
5646 16 16 0
2
300 43 
2
116 0 22 0
4522 18 14 0
2
41 43 
2
1383 20 12 0
4523 18 14 0
2
301 43 
2
116 0 20 0
4524 18 14 0
2
21 43 
2
345 20 14 0
4525 18 14 0
2
302 43 
2
116 0 18 0
4526 18 14 0
2
41 43 
2
1384 20 12 0
4527 18 14 0
2
303 43 
2
116 0 16 0
4528 18 14 0
2
42 73 
2
5647 16 16 0
26 2 22 0
2
43 225 
2
4529 18 14 0
40 20 18 0
2
42 74 
2
5648 16 16 0
24 8 26 0
2
42 75 
2
5649 16 16 0
22 10 30 0
2
40 42 
2
1385 10 16 0
5650 16 16 0
2
41 43 
2
1385 20 12 0
4530 18 14 0
2
42 73 
2
5651 16 16 0
27 2 22 0
2
43 224 
2
4531 18 14 0
40 24 12 0
2
42 74 
2
5652 16 16 0
25 8 26 0
2
42 75 
2
5653 16 16 0
23 10 30 0
2
20 40 
2
346 14 16 0
1386 10 16 0
2
21 41 
2
346 20 14 0
1386 20 12 0
2
38 40 
2
697 4 16 0
1387 10 16 0
2
39 41 
2
697 22 8 0
1387 20 12 0
2
296 42 
2
131 0 30 0
5654 16 16 0
2
40 42 
2
1388 10 16 0
5655 16 16 0
2
297 42 
2
131 0 28 0
5656 16 16 0
2
20 42 
2
347 14 16 0
5657 16 16 0
2
298 42 
2
131 0 26 0
5658 16 16 0
2
40 42 
2
1389 10 16 0
5659 16 16 0
2
299 42 
2
131 0 24 0
5660 16 16 0
2
308 43 
2
116 0 6 0
4532 18 14 0
2
41 43 
2
1388 20 12 0
4533 18 14 0
2
309 43 
2
116 0 4 0
4534 18 14 0
2
21 43 
2
347 20 14 0
4535 18 14 0
2
310 43 
2
116 0 2 0
4536 18 14 0
2
41 43 
2
1389 20 12 0
4537 18 14 0
2
311 43 
2
116 0 0 0
4538 18 14 0
2
42 74 
2
5661 16 16 0
26 8 26 0
2
43 224 
2
4539 18 14 0
41 24 12 0
2
42 75 
2
5662 16 16 0
24 10 30 0
2
43 225 
2
4540 18 14 0
41 20 18 0
2
42 76 
2
5663 16 16 0
22 6 24 0
2
40 42 
2
1390 10 16 0
5664 16 16 0
2
41 43 
2
1390 20 12 0
4541 18 14 0
2
42 74 
2
5665 16 16 0
27 8 26 0
2
43 227 
2
4542 18 14 0
34 2 12 0
2
42 75 
2
5666 16 16 0
25 10 30 0
2
42 76 
2
5667 16 16 0
23 6 24 0
2
20 40 
2
348 14 16 0
1391 10 16 0
2
21 41 
2
348 20 14 0
1391 20 12 0
2
18 38 
2
174 4 18 0
698 4 16 0
2
19 39 
2
174 20 8 0
698 22 8 0
2
36 38 
2
350 4 22 0
699 4 16 0
2
37 39 
2
350 24 4 0
699 22 8 0
2
300 40 
2
131 0 22 0
1392 10 16 0
2
38 40 
2
700 4 16 0
1393 10 16 0
2
301 40 
2
131 0 20 0
1394 10 16 0
2
18 40 
2
175 4 18 0
1395 10 16 0
2
302 40 
2
131 0 18 0
1396 10 16 0
2
38 40 
2
701 4 16 0
1397 10 16 0
2
303 40 
2
131 0 16 0
1398 10 16 0
2
244 41 
2
119 34 34 0
1392 20 12 0
2
39 41 
2
700 22 8 0
1393 20 12 0
2
245 41 
2
119 34 32 0
1394 20 12 0
2
19 41 
2
175 20 8 0
1395 20 12 0
2
246 41 
2
119 34 30 0
1396 20 12 0
2
39 41 
2
701 22 8 0
1397 20 12 0
2
247 41 
2
119 34 28 0
1398 20 12 0
2
304 42 
2
131 0 14 0
5668 16 16 0
2
40 42 
2
1399 10 16 0
5669 16 16 0
2
305 42 
2
131 0 12 0
5670 16 16 0
2
20 42 
2
349 14 16 0
5671 16 16 0
2
306 42 
2
131 0 10 0
5672 16 16 0
2
40 42 
2
1400 10 16 0
5673 16 16 0
2
307 42 
2
131 0 8 0
5674 16 16 0
2
248 43 
2
119 34 26 0
4543 18 14 0
2
41 43 
2
1399 20 12 0
4544 18 14 0
2
249 43 
2
119 34 24 0
4545 18 14 0
2
21 43 
2
349 20 14 0
4546 18 14 0
2
250 43 
2
119 34 22 0
4547 18 14 0
2
41 43 
2
1400 20 12 0
4548 18 14 0
2
251 43 
2
119 34 20 0
4549 18 14 0
2
42 73 
2
5675 16 16 0
28 2 22 0
2
43 226 
2
4550 18 14 0
38 18 32 0
2
42 74 
2
5676 16 16 0
28 8 26 0
2
42 75 
2
5677 16 16 0
26 10 30 0
2
42 76 
2
5678 16 16 0
24 6 24 0
2
42 77 
2
5679 16 16 0
22 14 32 0
2
42 78 
2
5680 16 16 0
22 10 28 0
2
42 79 
2
5681 16 16 0
26 2 20 0
2
42 80 
2
5682 16 16 0
30 24 28 0
2
42 81 
2
5683 16 16 0
34 6 6 0
2
42 82 
2
5684 16 16 0
36 28 22 0
2
42 83 
2
5685 16 16 0
36 10 4 0
2
42 84 
2
5686 16 16 0
34 28 24 0
2
42 85 
2
5687 16 16 0
36 30 20 0
2
42 88 
2
5688 16 16 0
40 12 4 0
2
42 110 
2
5689 16 16 0
42 6 20 0
2
42 127 
2
5690 16 16 0
42 12 18 0
2
42 132 
2
5691 16 16 0
42 8 16 0
2
42 133 
2
5692 16 16 0
42 10 12 0
2
42 134 
2
5693 16 16 0
42 16 30 0
2
42 135 
2
5694 16 16 0
42 10 26 0
2
42 136 
2
5695 16 16 0
38 16 26 0
2
40 42 
2
1401 10 16 0
5696 16 16 0
2
41 43 
2
1401 20 12 0
4551 18 14 0
2
42 73 
2
5697 16 16 0
29 2 22 0
2
43 226 
2
4552 18 14 0
39 18 32 0
2
42 74 
2
5698 16 16 0
29 8 26 0
2
43 227 
2
4553 18 14 0
35 2 12 0
2
42 75 
2
5699 16 16 0
27 10 30 0
2
42 76 
2
5700 16 16 0
25 6 24 0
2
42 77 
2
5701 16 16 0
23 14 32 0
2
42 78 
2
5702 16 16 0
23 10 28 0
2
42 79 
2
5703 16 16 0
27 2 20 0
2
42 80 
2
5704 16 16 0
31 24 28 0
2
42 81 
2
5705 16 16 0
35 6 6 0
2
42 82 
2
5706 16 16 0
37 28 22 0
2
42 83 
2
5707 16 16 0
37 10 4 0
2
42 84 
2
5708 16 16 0
35 28 24 0
2
42 85 
2
5709 16 16 0
37 30 20 0
2
42 88 
2
5710 16 16 0
41 12 4 0
2
42 110 
2
5711 16 16 0
43 6 20 0
2
42 127 
2
5712 16 16 0
43 12 18 0
2
42 132 
2
5713 16 16 0
43 8 16 0
2
42 133 
2
5714 16 16 0
43 10 12 0
2
42 134 
2
5715 16 16 0
43 16 30 0
2
42 135 
2
5716 16 16 0
43 10 26 0
2
42 136 
2
5717 16 16 0
39 16 26 0
2
20 40 
2
350 14 16 0
1402 10 16 0
2
21 41 
2
350 20 14 0
1402 20 12 0
2
38 40 
2
702 4 16 0
1403 10 16 0
2
39 41 
2
702 22 8 0
1403 20 12 0
2
244 42 
2
134 34 34 0
5718 16 16 0
2
40 42 
2
1404 10 16 0
5719 16 16 0
2
245 42 
2
134 34 32 0
5720 16 16 0
2
20 42 
2
351 14 16 0
5721 16 16 0
2
246 42 
2
134 34 30 0
5722 16 16 0
2
40 42 
2
1405 10 16 0
5723 16 16 0
2
247 42 
2
134 34 28 0
5724 16 16 0
2
256 43 
2
119 34 10 0
4554 18 14 0
2
41 43 
2
1404 20 12 0
4555 18 14 0
2
257 43 
2
119 34 8 0
4556 18 14 0
2
21 43 
2
351 20 14 0
4557 18 14 0
2
258 43 
2
119 34 6 0
4558 18 14 0
2
41 43 
2
1405 20 12 0
4559 18 14 0
2
259 43 
2
119 34 4 0
4560 18 14 0
2
42 74 
2
5725 16 16 0
30 8 26 0
2
43 229 
2
4561 18 14 0
38 2 16 0
2
42 75 
2
5726 16 16 0
28 10 30 0
2
42 76 
2
5727 16 16 0
26 6 24 0
2
42 77 
2
5728 16 16 0
24 14 32 0
2
42 78 
2
5729 16 16 0
24 10 28 0
2
42 79 
2
5730 16 16 0
28 2 20 0
2
42 80 
2
5731 16 16 0
32 24 28 0
2
42 81 
2
5732 16 16 0
36 6 6 0
2
42 82 
2
5733 16 16 0
38 28 22 0
2
42 83 
2
5734 16 16 0
38 10 4 0
2
42 84 
2
5735 16 16 0
36 28 24 0
2
42 85 
2
5736 16 16 0
38 30 20 0
2
42 88 
2
5737 16 16 0
42 12 4 0
2
42 110 
2
5738 16 16 0
44 6 20 0
2
42 127 
2
5739 16 16 0
44 12 18 0
2
42 132 
2
5740 16 16 0
44 8 16 0
2
42 133 
2
5741 16 16 0
44 10 12 0
2
42 134 
2
5742 16 16 0
44 16 30 0
2
42 135 
2
5743 16 16 0
44 10 26 0
2
42 136 
2
5744 16 16 0
40 16 26 0
2
42 137 
2
5745 16 16 0
36 16 28 0
2
40 42 
2
1406 10 16 0
5746 16 16 0
2
41 43 
2
1406 20 12 0
4562 18 14 0
2
42 74 
2
5747 16 16 0
31 8 26 0
2
43 228 
2
4563 18 14 0
34 12 2 0
2
42 75 
2
5748 16 16 0
29 10 30 0
2
42 76 
2
5749 16 16 0
27 6 24 0
2
42 77 
2
5750 16 16 0
25 14 32 0
2
42 78 
2
5751 16 16 0
25 10 28 0
2
42 79 
2
5752 16 16 0
29 2 20 0
2
42 80 
2
5753 16 16 0
33 24 28 0
2
42 81 
2
5754 16 16 0
37 6 6 0
2
42 82 
2
5755 16 16 0
39 28 22 0
2
42 83 
2
5756 16 16 0
39 10 4 0
2
42 84 
2
5757 16 16 0
37 28 24 0
2
42 85 
2
5758 16 16 0
39 30 20 0
2
42 88 
2
5759 16 16 0
43 12 4 0
2
42 110 
2
5760 16 16 0
45 6 20 0
2
42 127 
2
5761 16 16 0
45 12 18 0
2
42 132 
2
5762 16 16 0
45 8 16 0
2
42 133 
2
5763 16 16 0
45 10 12 0
2
42 134 
2
5764 16 16 0
45 16 30 0
2
42 135 
2
5765 16 16 0
45 10 26 0
2
42 136 
2
5766 16 16 0
41 16 26 0
2
42 137 
2
5767 16 16 0
37 16 28 0
2
20 40 
2
352 14 16 0
1407 10 16 0
2
21 41 
2
352 20 14 0
1407 20 12 0
2
18 38 
2
176 4 18 0
703 4 16 0
2
19 39 
2
176 20 8 0
703 22 8 0
2
16 36 
2
88 4 24 0
351 4 22 0
2
17 37 
2
88 26 4 0
351 24 4 0
2
14 34 
2
44 4 26 0
175 2 24 0
2
15 35 
2
44 26 2 0
175 28 2 0
2
12 32 
2
22 2 26 0
90 2 28 0
2
13 33 
2
22 30 2 0
90 32 2 0
2
30 32 
2
46 4 28 0
91 2 28 0
2
31 33 
2
46 32 6 0
91 32 2 0
2
260 34 
2
131 34 2 0
176 2 24 0
2
32 34 
2
92 2 28 0
177 2 24 0
2
261 34 
2
131 34 0 0
178 2 24 0
2
12 34 
2
23 2 26 0
179 2 24 0
2
262 34 
2
131 32 34 0
180 2 24 0
2
32 34 
2
93 2 28 0
181 2 24 0
2
263 34 
2
131 32 0 0
182 2 24 0
2
272 35 
2
116 22 34 0
176 28 2 0
2
33 35 
2
92 32 2 0
177 28 2 0
2
273 35 
2
116 22 0 0
178 28 2 0
2
13 35 
2
23 30 2 0
179 28 2 0
2
274 35 
2
116 20 34 0
180 28 2 0
2
33 35 
2
93 32 2 0
181 28 2 0
2
275 35 
2
116 20 0 0
182 28 2 0
2
292 36 
2
131 2 34 0
352 4 22 0
2
34 36 
2
183 2 24 0
353 4 22 0
2
293 36 
2
131 2 0 0
354 4 22 0
2
14 36 
2
45 4 26 0
355 4 22 0
2
294 36 
2
131 0 34 0
356 4 22 0
2
34 36 
2
184 2 24 0
357 4 22 0
2
295 36 
2
131 0 32 0
358 4 22 0
2
304 37 
2
116 0 14 0
352 24 4 0
2
35 37 
2
183 28 2 0
353 24 4 0
2
305 37 
2
116 0 12 0
354 24 4 0
2
15 37 
2
45 26 2 0
355 24 4 0
2
306 37 
2
116 0 10 0
356 24 4 0
2
35 37 
2
184 28 2 0
357 24 4 0
2
307 37 
2
116 0 8 0
358 24 4 0
2
308 38 
2
131 0 6 0
704 4 16 0
2
36 38 
2
359 4 22 0
705 4 16 0
2
309 38 
2
131 0 4 0
706 4 16 0
2
16 38 
2
89 4 24 0
707 4 16 0
2
310 38 
2
131 0 2 0
708 4 16 0
2
36 38 
2
360 4 22 0
709 4 16 0
2
311 38 
2
131 0 0 0
710 4 16 0
2
252 39 
2
119 34 18 0
704 22 8 0
2
37 39 
2
359 24 4 0
705 22 8 0
2
253 39 
2
119 34 16 0
706 22 8 0
2
17 39 
2
89 26 4 0
707 22 8 0
2
254 39 
2
119 34 14 0
708 22 8 0
2
37 39 
2
360 24 4 0
709 22 8 0
2
255 39 
2
119 34 12 0
710 22 8 0
2
248 40 
2
134 34 26 0
1408 10 16 0
2
38 40 
2
711 4 16 0
1409 10 16 0
2
249 40 
2
134 34 24 0
1410 10 16 0
2
18 40 
2
177 4 18 0
1411 10 16 0
2
250 40 
2
134 34 22 0
1412 10 16 0
2
38 40 
2
712 4 16 0
1413 10 16 0
2
251 40 
2
134 34 20 0
1414 10 16 0
2
260 41 
2
119 34 2 0
1408 20 12 0
2
39 41 
2
711 22 8 0
1409 20 12 0
2
261 41 
2
119 34 0 0
1410 20 12 0
2
19 41 
2
177 20 8 0
1411 20 12 0
2
262 41 
2
119 32 34 0
1412 20 12 0
2
39 41 
2
712 22 8 0
1413 20 12 0
2
263 41 
2
119 32 0 0
1414 20 12 0
2
252 42 
2
134 34 18 0
5768 16 16 0
2
40 42 
2
1415 10 16 0
5769 16 16 0
2
253 42 
2
134 34 16 0
5770 16 16 0
2
20 42 
2
353 14 16 0
5771 16 16 0
2
254 42 
2
134 34 14 0
5772 16 16 0
2
40 42 
2
1416 10 16 0
5773 16 16 0
2
255 42 
2
134 34 12 0
5774 16 16 0
2
264 43 
2
119 30 34 0
4564 18 14 0
2
41 43 
2
1415 20 12 0
4565 18 14 0
2
265 43 
2
119 30 0 0
4566 18 14 0
2
21 43 
2
353 20 14 0
4567 18 14 0
2
266 43 
2
119 28 34 0
4568 18 14 0
2
41 43 
2
1416 20 12 0
4569 18 14 0
2
267 43 
2
119 28 0 0
4570 18 14 0
2
42 136 
2
5775 16 16 0
42 16 26 0
2
43 228 
2
4571 18 14 0
35 12 2 0
2
42 137 
2
5776 16 16 0
38 16 28 0
2
43 229 
2
4572 18 14 0
39 2 16 0
2
42 138 
2
5777 16 16 0
34 10 20 0
2
40 42 
2
1417 10 16 0
5778 16 16 0
2
41 43 
2
1417 20 12 0
4573 18 14 0
2
42 136 
2
5779 16 16 0
43 16 26 0
2
43 231 
2
4574 18 14 0
40 14 30 0
2
42 137 
2
5780 16 16 0
39 16 28 0
2
42 138 
2
5781 16 16 0
35 10 20 0
2
20 40 
2
354 14 16 0
1418 10 16 0
2
21 41 
2
354 20 14 0
1418 20 12 0
2
38 40 
2
713 4 16 0
1419 10 16 0
2
39 41 
2
713 22 8 0
1419 20 12 0
2
260 42 
2
134 34 2 0
5782 16 16 0
2
40 42 
2
1420 10 16 0
5783 16 16 0
2
261 42 
2
134 34 0 0
5784 16 16 0
2
20 42 
2
355 14 16 0
5785 16 16 0
2
262 42 
2
134 32 34 0
5786 16 16 0
2
40 42 
2
1421 10 16 0
5787 16 16 0
2
263 42 
2
134 32 0 0
5788 16 16 0
2
272 43 
2
119 22 34 0
4575 18 14 0
2
41 43 
2
1420 20 12 0
4576 18 14 0
2
273 43 
2
119 22 0 0
4577 18 14 0
2
21 43 
2
355 20 14 0
4578 18 14 0
2
274 43 
2
119 20 34 0
4579 18 14 0
2
41 43 
2
1421 20 12 0
4580 18 14 0
2
275 43 
2
119 20 0 0
4581 18 14 0
2
42 137 
2
5789 16 16 0
40 16 28 0
2
43 230 
2
4582 18 14 0
40 10 8 0
2
42 138 
2
5790 16 16 0
36 10 20 0
2
42 139 
2
5791 16 16 0
34 12 26 0
2
40 42 
2
1422 10 16 0
5792 16 16 0
2
41 43 
2
1422 20 12 0
4583 18 14 0
2
42 137 
2
5793 16 16 0
41 16 28 0
2
43 230 
2
4584 18 14 0
41 10 8 0
2
42 138 
2
5794 16 16 0
37 10 20 0
2
43 231 
2
4585 18 14 0
41 14 30 0
2
42 139 
2
5795 16 16 0
35 12 26 0
2
20 40 
2
356 14 16 0
1423 10 16 0
2
21 41 
2
356 20 14 0
1423 20 12 0
2
18 38 
2
178 4 18 0
714 4 16 0
2
19 39 
2
178 20 8 0
714 22 8 0
2
36 38 
2
361 4 22 0
715 4 16 0
2
37 39 
2
361 24 4 0
715 22 8 0
2
264 40 
2
134 30 34 0
1424 10 16 0
2
38 40 
2
716 4 16 0
1425 10 16 0
2
265 40 
2
134 30 0 0
1426 10 16 0
2
18 40 
2
179 4 18 0
1427 10 16 0
2
266 40 
2
134 28 34 0
1428 10 16 0
2
38 40 
2
717 4 16 0
1429 10 16 0
2
267 40 
2
134 28 0 0
1430 10 16 0
2
276 41 
2
119 18 34 0
1424 20 12 0
2
39 41 
2
716 22 8 0
1425 20 12 0
2
277 41 
2
119 18 0 0
1426 20 12 0
2
19 41 
2
179 20 8 0
1427 20 12 0
2
278 41 
2
119 16 34 0
1428 20 12 0
2
39 41 
2
717 22 8 0
1429 20 12 0
2
279 41 
2
119 16 0 0
1430 20 12 0
2
268 42 
2
134 26 34 0
5796 16 16 0
2
40 42 
2
1431 10 16 0
5797 16 16 0
2
269 42 
2
134 26 0 0
5798 16 16 0
2
20 42 
2
357 14 16 0
5799 16 16 0
2
270 42 
2
134 24 34 0
5800 16 16 0
2
40 42 
2
1432 10 16 0
5801 16 16 0
2
271 42 
2
134 24 0 0
5802 16 16 0
2
280 43 
2
119 14 34 0
4586 18 14 0
2
41 43 
2
1431 20 12 0
4587 18 14 0
2
281 43 
2
119 14 0 0
4588 18 14 0
2
21 43 
2
357 20 14 0
4589 18 14 0
2
282 43 
2
119 12 34 0
4590 18 14 0
2
41 43 
2
1432 20 12 0
4591 18 14 0
2
283 43 
2
119 12 0 0
4592 18 14 0
2
42 136 
2
5803 16 16 0
44 16 26 0
2
43 233 
2
4593 18 14 0
40 8 22 0
2
42 137 
2
5804 16 16 0
42 16 28 0
2
42 138 
2
5805 16 16 0
38 10 20 0
2
42 139 
2
5806 16 16 0
36 12 26 0
2
42 140 
2
5807 16 16 0
34 14 18 0
2
42 141 
2
5808 16 16 0
34 14 20 0
2
42 142 
2
5809 16 16 0
38 8 12 0
2
42 143 
2
5810 16 16 0
40 22 24 0
2
42 144 
2
5811 16 16 0
42 24 18 0
2
42 145 
2
5812 16 16 0
42 22 10 0
2
42 146 
2
5813 16 16 0
40 30 12 0
2
42 147 
2
5814 16 16 0
36 4 8 0
2
42 148 
2
5815 16 16 0
36 12 30 0
2
42 165 
2
5816 16 16 0
40 4 20 0
2
42 187 
2
5817 16 16 0
42 12 28 0
2
42 190 
2
5818 16 16 0
42 26 16 0
2
42 192 
2
5819 16 16 0
42 18 26 0
2
42 193 
2
5820 16 16 0
42 6 16 0
2
42 194 
2
5821 16 16 0
42 14 22 0
2
42 195 
2
5822 16 16 0
42 10 22 0
2
42 196 
2
5823 16 16 0
38 8 18 0
2
40 42 
2
1433 10 16 0
5824 16 16 0
2
41 43 
2
1433 20 12 0
4594 18 14 0
2
42 136 
2
5825 16 16 0
45 16 26 0
2
43 232 
2
4595 18 14 0
40 26 22 0
2
42 137 
2
5826 16 16 0
43 16 28 0
2
42 138 
2
5827 16 16 0
39 10 20 0
2
42 139 
2
5828 16 16 0
37 12 26 0
2
42 140 
2
5829 16 16 0
35 14 18 0
2
42 141 
2
5830 16 16 0
35 14 20 0
2
42 142 
2
5831 16 16 0
39 8 12 0
2
42 143 
2
5832 16 16 0
41 22 24 0
2
42 144 
2
5833 16 16 0
43 24 18 0
2
42 145 
2
5834 16 16 0
43 22 10 0
2
42 146 
2
5835 16 16 0
41 30 12 0
2
42 147 
2
5836 16 16 0
37 4 8 0
2
42 148 
2
5837 16 16 0
37 12 30 0
2
42 165 
2
5838 16 16 0
41 4 20 0
2
42 187 
2
5839 16 16 0
43 12 28 0
2
42 190 
2
5840 16 16 0
43 26 16 0
2
42 192 
2
5841 16 16 0
43 18 26 0
2
42 193 
2
5842 16 16 0
43 6 16 0
2
42 194 
2
5843 16 16 0
43 14 22 0
2
42 195 
2
5844 16 16 0
43 10 22 0
2
42 196 
2
5845 16 16 0
39 8 18 0
2
20 40 
2
358 14 16 0
1434 10 16 0
2
21 41 
2
358 20 14 0
1434 20 12 0
2
38 40 
2
718 4 16 0
1435 10 16 0
2
39 41 
2
718 22 8 0
1435 20 12 0
2
276 42 
2
134 18 34 0
5846 16 16 0
2
40 42 
2
1436 10 16 0
5847 16 16 0
2
277 42 
2
134 18 0 0
5848 16 16 0
2
20 42 
2
359 14 16 0
5849 16 16 0
2
278 42 
2
134 16 34 0
5850 16 16 0
2
40 42 
2
1437 10 16 0
5851 16 16 0
2
279 42 
2
134 16 0 0
5852 16 16 0
2
288 43 
2
119 6 34 0
4596 18 14 0
2
41 43 
2
1436 20 12 0
4597 18 14 0
2
289 43 
2
119 6 0 0
4598 18 14 0
2
21 43 
2
359 20 14 0
4599 18 14 0
2
290 43 
2
119 4 34 0
4600 18 14 0
2
41 43 
2
1437 20 12 0
4601 18 14 0
2
291 43 
2
119 4 0 0
4602 18 14 0
2
42 137 
2
5853 16 16 0
44 16 28 0
2
43 232 
2
4603 18 14 0
41 26 22 0
2
42 138 
2
5854 16 16 0
40 10 20 0
2
43 233 
2
4604 18 14 0
41 8 22 0
2
42 139 
2
5855 16 16 0
38 12 26 0
2
42 140 
2
5856 16 16 0
36 14 18 0
2
42 141 
2
5857 16 16 0
36 14 20 0
2
42 142 
2
5858 16 16 0
40 8 12 0
2
42 143 
2
5859 16 16 0
42 22 24 0
2
42 144 
2
5860 16 16 0
44 24 18 0
2
42 145 
2
5861 16 16 0
44 22 10 0
2
42 146 
2
5862 16 16 0
42 30 12 0
2
42 147 
2
5863 16 16 0
38 4 8 0
2
42 148 
2
5864 16 16 0
38 12 30 0
2
42 165 
2
5865 16 16 0
42 4 20 0
2
42 187 
2
5866 16 16 0
44 12 28 0
2
42 190 
2
5867 16 16 0
44 26 16 0
2
42 192 
2
5868 16 16 0
44 18 26 0
2
42 193 
2
5869 16 16 0
44 6 16 0
2
42 194 
2
5870 16 16 0
44 14 22 0
2
42 195 
2
5871 16 16 0
44 10 22 0
2
42 196 
2
5872 16 16 0
40 8 18 0
2
42 197 
2
5873 16 16 0
36 16 22 0
2
40 42 
2
1438 10 16 0
5874 16 16 0
2
41 43 
2
1438 20 12 0
4605 18 14 0
2
42 137 
2
5875 16 16 0
45 16 28 0
2
43 235 
2
4606 18 14 0
40 14 24 0
2
42 138 
2
5876 16 16 0
41 10 20 0
2
42 139 
2
5877 16 16 0
39 12 26 0
2
42 140 
2
5878 16 16 0
37 14 18 0
2
42 141 
2
5879 16 16 0
37 14 20 0
2
42 142 
2
5880 16 16 0
41 8 12 0
2
42 143 
2
5881 16 16 0
43 22 24 0
2
42 144 
2
5882 16 16 0
45 24 18 0
2
42 145 
2
5883 16 16 0
45 22 10 0
2
42 146 
2
5884 16 16 0
43 30 12 0
2
42 147 
2
5885 16 16 0
39 4 8 0
2
42 148 
2
5886 16 16 0
39 12 30 0
2
42 165 
2
5887 16 16 0
43 4 20 0
2
42 187 
2
5888 16 16 0
45 12 28 0
2
42 190 
2
5889 16 16 0
45 26 16 0
2
42 192 
2
5890 16 16 0
45 18 26 0
2
42 193 
2
5891 16 16 0
45 6 16 0
2
42 194 
2
5892 16 16 0
45 14 22 0
2
42 195 
2
5893 16 16 0
45 10 22 0
2
42 196 
2
5894 16 16 0
41 8 18 0
2
42 197 
2
5895 16 16 0
37 16 22 0
2
20 40 
2
360 14 16 0
1439 10 16 0
2
21 41 
2
360 20 14 0
1439 20 12 0
2
18 38 
2
180 4 18 0
719 4 16 0
2
19 39 
2
180 20 8 0
719 22 8 0
2
16 36 
2
90 4 24 0
362 4 22 0
2
17 37 
2
90 26 4 0
362 24 4 0
2
34 36 
2
185 2 24 0
363 4 22 0
2
35 37 
2
185 28 2 0
363 24 4 0
2
272 38 
2
134 22 34 0
720 4 16 0
2
36 38 
2
364 4 22 0
721 4 16 0
2
273 38 
2
134 22 0 0
722 4 16 0
2
16 38 
2
91 4 24 0
723 4 16 0
2
274 38 
2
134 20 34 0
724 4 16 0
2
36 38 
2
365 4 22 0
725 4 16 0
2
275 38 
2
134 20 0 0
726 4 16 0
2
284 39 
2
119 10 34 0
720 22 8 0
2
37 39 
2
364 24 4 0
721 22 8 0
2
285 39 
2
119 10 0 0
722 22 8 0
2
17 39 
2
91 26 4 0
723 22 8 0
2
286 39 
2
119 8 34 0
724 22 8 0
2
37 39 
2
365 24 4 0
725 22 8 0
2
287 39 
2
119 8 0 0
726 22 8 0
2
280 40 
2
134 14 34 0
1440 10 16 0
2
38 40 
2
727 4 16 0
1441 10 16 0
2
281 40 
2
134 14 0 0
1442 10 16 0
2
18 40 
2
181 4 18 0
1443 10 16 0
2
282 40 
2
134 12 34 0
1444 10 16 0
2
38 40 
2
728 4 16 0
1445 10 16 0
2
283 40 
2
134 12 0 0
1446 10 16 0
2
292 41 
2
119 2 34 0
1440 20 12 0
2
39 41 
2
727 22 8 0
1441 20 12 0
2
293 41 
2
119 2 0 0
1442 20 12 0
2
19 41 
2
181 20 8 0
1443 20 12 0
2
294 41 
2
119 0 34 0
1444 20 12 0
2
39 41 
2
728 22 8 0
1445 20 12 0
2
295 41 
2
119 0 32 0
1446 20 12 0
2
284 42 
2
134 10 34 0
5896 16 16 0
2
40 42 
2
1447 10 16 0
5897 16 16 0
2
285 42 
2
134 10 0 0
5898 16 16 0
2
20 42 
2
361 14 16 0
5899 16 16 0
2
286 42 
2
134 8 34 0
5900 16 16 0
2
40 42 
2
1448 10 16 0
5901 16 16 0
2
287 42 
2
134 8 0 0
5902 16 16 0
2
260 43 
2
122 34 2 0
4607 18 14 0
2
41 43 
2
1447 20 12 0
4608 18 14 0
2
261 43 
2
122 34 0 0
4609 18 14 0
2
21 43 
2
361 20 14 0
4610 18 14 0
2
262 43 
2
122 32 34 0
4611 18 14 0
2
41 43 
2
1448 20 12 0
4612 18 14 0
2
263 43 
2
122 32 0 0
4613 18 14 0
2
42 196 
2
5903 16 16 0
42 8 18 0
2
43 234 
2
4614 18 14 0
40 12 22 0
2
42 197 
2
5904 16 16 0
38 16 22 0
2
42 198 
2
5905 16 16 0
34 16 18 0
2
40 42 
2
1449 10 16 0
5906 16 16 0
2
41 43 
2
1449 20 12 0
4615 18 14 0
2
42 196 
2
5907 16 16 0
43 8 18 0
2
43 234 
2
4616 18 14 0
41 12 22 0
2
42 197 
2
5908 16 16 0
39 16 22 0
2
43 235 
2
4617 18 14 0
41 14 24 0
2
42 198 
2
5909 16 16 0
35 16 18 0
2
20 40 
2
362 14 16 0
1450 10 16 0
2
21 41 
2
362 20 14 0
1450 20 12 0
2
38 40 
2
729 4 16 0
1451 10 16 0
2
39 41 
2
729 22 8 0
1451 20 12 0
2
292 42 
2
134 2 34 0
5910 16 16 0
2
40 42 
2
1452 10 16 0
5911 16 16 0
2
293 42 
2
134 2 0 0
5912 16 16 0
2
20 42 
2
363 14 16 0
5913 16 16 0
2
294 42 
2
134 0 34 0
5914 16 16 0
2
40 42 
2
1453 10 16 0
5915 16 16 0
2
295 42 
2
134 0 32 0
5916 16 16 0
2
268 43 
2
122 26 34 0
4618 18 14 0
2
41 43 
2
1452 20 12 0
4619 18 14 0
2
269 43 
2
122 26 0 0
4620 18 14 0
2
21 43 
2
363 20 14 0
4621 18 14 0
2
270 43 
2
122 24 34 0
4622 18 14 0
2
41 43 
2
1453 20 12 0
4623 18 14 0
2
271 43 
2
122 24 0 0
4624 18 14 0
2
42 197 
2
5917 16 16 0
40 16 22 0
2
43 237 
2
4625 18 14 0
34 20 28 0
2
42 198 
2
5918 16 16 0
36 16 18 0
2
42 199 
2
5919 16 16 0
34 14 28 0
2
40 42 
2
1454 10 16 0
5920 16 16 0
2
41 43 
2
1454 20 12 0
4626 18 14 0
2
42 197 
2
5921 16 16 0
41 16 22 0
2
43 236 
2
4627 18 14 0
36 8 10 0
2
42 198 
2
5922 16 16 0
37 16 18 0
2
42 199 
2
5923 16 16 0
35 14 28 0
2
20 40 
2
364 14 16 0
1455 10 16 0
2
21 41 
2
364 20 14 0
1455 20 12 0
2
18 38 
2
182 4 18 0
730 4 16 0
2
19 39 
2
182 20 8 0
730 22 8 0
2
36 38 
2
366 4 22 0
731 4 16 0
2
37 39 
2
366 24 4 0
731 22 8 0
2
296 40 
2
134 0 30 0
1456 10 16 0
2
38 40 
2
732 4 16 0
1457 10 16 0
2
297 40 
2
134 0 28 0
1458 10 16 0
2
18 40 
2
183 4 18 0
1459 10 16 0
2
298 40 
2
134 0 26 0
1460 10 16 0
2
38 40 
2
733 4 16 0
1461 10 16 0
2
299 40 
2
134 0 24 0
1462 10 16 0
2
272 41 
2
122 22 34 0
1456 20 12 0
2
39 41 
2
732 22 8 0
1457 20 12 0
2
273 41 
2
122 22 0 0
1458 20 12 0
2
19 41 
2
183 20 8 0
1459 20 12 0
2
274 41 
2
122 20 34 0
1460 20 12 0
2
39 41 
2
733 22 8 0
1461 20 12 0
2
275 41 
2
122 20 0 0
1462 20 12 0
2
300 42 
2
134 0 22 0
5924 16 16 0
2
40 42 
2
1463 10 16 0
5925 16 16 0
2
301 42 
2
134 0 20 0
5926 16 16 0
2
20 42 
2
365 14 16 0
5927 16 16 0
2
302 42 
2
134 0 18 0
5928 16 16 0
2
40 42 
2
1464 10 16 0
5929 16 16 0
2
303 42 
2
134 0 16 0
5930 16 16 0
2
276 43 
2
122 18 34 0
4628 18 14 0
2
41 43 
2
1463 20 12 0
4629 18 14 0
2
277 43 
2
122 18 0 0
4630 18 14 0
2
21 43 
2
365 20 14 0
4631 18 14 0
2
278 43 
2
122 16 34 0
4632 18 14 0
2
41 43 
2
1464 20 12 0
4633 18 14 0
2
279 43 
2
122 16 0 0
4634 18 14 0
2
42 196 
2
5931 16 16 0
44 8 18 0
2
43 236 
2
4635 18 14 0
37 8 10 0
2
42 197 
2
5932 16 16 0
42 16 22 0
2
43 237 
2
4636 18 14 0
35 20 28 0
2
42 198 
2
5933 16 16 0
38 16 18 0
2
42 199 
2
5934 16 16 0
36 14 28 0
2
42 200 
2
5935 16 16 0
34 10 18 0
2
42 201 
2
5936 16 16 0
34 18 20 0
2
42 202 
2
5937 16 16 0
38 14 14 0
2
42 203 
2
5938 16 16 0
40 2 14 0
2
42 204 
2
5939 16 16 0
42 20 20 0
2
42 205 
2
5940 16 16 0
42 18 10 0
2
42 206 
2
5941 16 16 0
40 26 24 0
2
42 207 
2
5942 16 16 0
36 4 10 0
2
42 208 
2
5943 16 16 0
36 32 16 0
2
42 209 
2
5944 16 16 0
40 2 18 0
2
42 210 
2
5945 16 16 0
42 8 24 0
2
42 211 
2
5946 16 16 0
42 6 18 0
2
42 212 
2
5947 16 16 0
42 16 24 0
2
42 213 
2
5948 16 16 0
42 16 32 0
2
42 214 
2
5949 16 16 0
42 12 20 0
2
42 215 
2
5950 16 16 0
42 18 16 0
2
42 216 
2
5951 16 16 0
38 8 20 0
2
40 42 
2
1465 10 16 0
5952 16 16 0
2
41 43 
2
1465 20 12 0
4637 18 14 0
2
42 196 
2
5953 16 16 0
45 8 18 0
2
43 239 
2
4638 18 14 0
32 16 20 0
2
42 197 
2
5954 16 16 0
43 16 22 0
2
42 198 
2
5955 16 16 0
39 16 18 0
2
42 199 
2
5956 16 16 0
37 14 28 0
2
42 200 
2
5957 16 16 0
35 10 18 0
2
42 201 
2
5958 16 16 0
35 18 20 0
2
42 202 
2
5959 16 16 0
39 14 14 0
2
42 203 
2
5960 16 16 0
41 2 14 0
2
42 204 
2
5961 16 16 0
43 20 20 0
2
42 205 
2
5962 16 16 0
43 18 10 0
2
42 206 
2
5963 16 16 0
41 26 24 0
2
42 207 
2
5964 16 16 0
37 4 10 0
2
42 208 
2
5965 16 16 0
37 32 16 0
2
42 209 
2
5966 16 16 0
41 2 18 0
2
42 210 
2
5967 16 16 0
43 8 24 0
2
42 211 
2
5968 16 16 0
43 6 18 0
2
42 212 
2
5969 16 16 0
43 16 24 0
2
42 213 
2
5970 16 16 0
43 16 32 0
2
42 214 
2
5971 16 16 0
43 12 20 0
2
42 215 
2
5972 16 16 0
43 18 16 0
2
42 216 
2
5973 16 16 0
39 8 20 0
2
20 40 
2
366 14 16 0
1466 10 16 0
2
21 41 
2
366 20 14 0
1466 20 12 0
2
38 40 
2
734 4 16 0
1467 10 16 0
2
39 41 
2
734 22 8 0
1467 20 12 0
2
308 42 
2
134 0 6 0
5974 16 16 0
2
40 42 
2
1468 10 16 0
5975 16 16 0
2
309 42 
2
134 0 4 0
5976 16 16 0
2
20 42 
2
367 14 16 0
5977 16 16 0
2
310 42 
2
134 0 2 0
5978 16 16 0
2
40 42 
2
1469 10 16 0
5979 16 16 0
2
311 42 
2
134 0 0 0
5980 16 16 0
2
284 43 
2
122 10 34 0
4639 18 14 0
2
41 43 
2
1468 20 12 0
4640 18 14 0
2
285 43 
2
122 10 0 0
4641 18 14 0
2
21 43 
2
367 20 14 0
4642 18 14 0
2
286 43 
2
122 8 34 0
4643 18 14 0
2
41 43 
2
1469 20 12 0
4644 18 14 0
2
287 43 
2
122 8 0 0
4645 18 14 0
2
42 197 
2
5981 16 16 0
44 16 22 0
2
43 238 
2
4646 18 14 0
32 14 10 0
2
42 198 
2
5982 16 16 0
40 16 18 0
2
42 199 
2
5983 16 16 0
38 14 28 0
2
42 200 
2
5984 16 16 0
36 10 18 0
2
42 201 
2
5985 16 16 0
36 18 20 0
2
42 202 
2
5986 16 16 0
40 14 14 0
2
42 203 
2
5987 16 16 0
42 2 14 0
2
42 204 
2
5988 16 16 0
44 20 20 0
2
42 205 
2
5989 16 16 0
44 18 10 0
2
42 206 
2
5990 16 16 0
42 26 24 0
2
42 207 
2
5991 16 16 0
38 4 10 0
2
42 208 
2
5992 16 16 0
38 32 16 0
2
42 209 
2
5993 16 16 0
42 2 18 0
2
42 210 
2
5994 16 16 0
44 8 24 0
2
42 211 
2
5995 16 16 0
44 6 18 0
2
42 212 
2
5996 16 16 0
44 16 24 0
2
42 213 
2
5997 16 16 0
44 16 32 0
2
42 214 
2
5998 16 16 0
44 12 20 0
2
42 215 
2
5999 16 16 0
44 18 16 0
2
42 216 
2
6000 16 16 0
40 8 20 0
2
42 217 
2
6001 16 16 0
36 14 26 0
2
40 42 
2
1470 10 16 0
6002 16 16 0
2
41 43 
2
1470 20 12 0
4647 18 14 0
2
42 197 
2
6003 16 16 0
45 16 22 0
2
43 238 
2
4648 18 14 0
33 14 10 0
2
42 198 
2
6004 16 16 0
41 16 18 0
2
43 239 
2
4649 18 14 0
33 16 20 0
2
42 199 
2
6005 16 16 0
39 14 28 0
2
42 200 
2
6006 16 16 0
37 10 18 0
2
42 201 
2
6007 16 16 0
37 18 20 0
2
42 202 
2
6008 16 16 0
41 14 14 0
2
42 203 
2
6009 16 16 0
43 2 14 0
2
42 204 
2
6010 16 16 0
45 20 20 0
2
42 205 
2
6011 16 16 0
45 18 10 0
2
42 206 
2
6012 16 16 0
43 26 24 0
2
42 207 
2
6013 16 16 0
39 4 10 0
2
42 208 
2
6014 16 16 0
39 32 16 0
2
42 209 
2
6015 16 16 0
43 2 18 0
2
42 210 
2
6016 16 16 0
45 8 24 0
2
42 211 
2
6017 16 16 0
45 6 18 0
2
42 212 
2
6018 16 16 0
45 16 24 0
2
42 213 
2
6019 16 16 0
45 16 32 0
2
42 214 
2
6020 16 16 0
45 12 20 0
2
42 215 
2
6021 16 16 0
45 18 16 0
2
42 216 
2
6022 16 16 0
41 8 20 0
2
42 217 
2
6023 16 16 0
37 14 26 0
2
20 40 
2
368 14 16 0
1471 10 16 0
2
21 41 
2
368 20 14 0
1471 20 12 0
2
18 38 
2
184 4 18 0
735 4 16 0
2
19 39 
2
184 20 8 0
735 22 8 0
2
16 36 
2
92 4 24 0
367 4 22 0
2
17 37 
2
92 26 4 0
367 24 4 0
2
14 34 
2
46 4 26 0
186 2 24 0
2
15 35 
2
46 26 2 0
186 28 2 0
2
32 34 
2
94 2 28 0
187 2 24 0
2
33 35 
2
94 32 2 0
187 28 2 0
2
288 36 
2
134 6 34 0
368 4 22 0
2
34 36 
2
188 2 24 0
369 4 22 0
2
289 36 
2
134 6 0 0
370 4 22 0
2
14 36 
2
47 4 26 0
371 4 22 0
2
290 36 
2
134 4 34 0
372 4 22 0
2
34 36 
2
189 2 24 0
373 4 22 0
2
291 36 
2
134 4 0 0
374 4 22 0
2
264 37 
2
122 30 34 0
368 24 4 0
2
35 37 
2
188 28 2 0
369 24 4 0
2
265 37 
2
122 30 0 0
370 24 4 0
2
15 37 
2
47 26 2 0
371 24 4 0
2
266 37 
2
122 28 34 0
372 24 4 0
2
35 37 
2
189 28 2 0
373 24 4 0
2
267 37 
2
122 28 0 0
374 24 4 0
2
304 38 
2
134 0 14 0
736 4 16 0
2
36 38 
2
375 4 22 0
737 4 16 0
2
305 38 
2
134 0 12 0
738 4 16 0
2
16 38 
2
93 4 24 0
739 4 16 0
2
306 38 
2
134 0 10 0
740 4 16 0
2
36 38 
2
376 4 22 0
741 4 16 0
2
307 38 
2
134 0 8 0
742 4 16 0
2
280 39 
2
122 14 34 0
736 22 8 0
2
37 39 
2
375 24 4 0
737 22 8 0
2
281 39 
2
122 14 0 0
738 22 8 0
2
17 39 
2
93 26 4 0
739 22 8 0
2
282 39 
2
122 12 34 0
740 22 8 0
2
37 39 
2
376 24 4 0
741 22 8 0
2
283 39 
2
122 12 0 0
742 22 8 0
2
244 40 
2
137 34 34 0
1472 10 16 0
2
38 40 
2
743 4 16 0
1473 10 16 0
2
245 40 
2
137 34 32 0
1474 10 16 0
2
18 40 
2
185 4 18 0
1475 10 16 0
2
246 40 
2
137 34 30 0
1476 10 16 0
2
38 40 
2
744 4 16 0
1477 10 16 0
2
247 40 
2
137 34 28 0
1478 10 16 0
2
288 41 
2
122 6 34 0
1472 20 12 0
2
39 41 
2
743 22 8 0
1473 20 12 0
2
289 41 
2
122 6 0 0
1474 20 12 0
2
19 41 
2
185 20 8 0
1475 20 12 0
2
290 41 
2
122 4 34 0
1476 20 12 0
2
39 41 
2
744 22 8 0
1477 20 12 0
2
291 41 
2
122 4 0 0
1478 20 12 0
2
248 42 
2
137 34 26 0
6024 16 16 0
2
40 42 
2
1479 10 16 0
6025 16 16 0
2
249 42 
2
137 34 24 0
6026 16 16 0
2
20 42 
2
369 14 16 0
6027 16 16 0
2
250 42 
2
137 34 22 0
6028 16 16 0
2
40 42 
2
1480 10 16 0
6029 16 16 0
2
251 42 
2
137 34 20 0
6030 16 16 0
2
292 43 
2
122 2 34 0
4650 18 14 0
2
41 43 
2
1479 20 12 0
4651 18 14 0
2
293 43 
2
122 2 0 0
4652 18 14 0
2
21 43 
2
369 20 14 0
4653 18 14 0
2
294 43 
2
122 0 34 0
4654 18 14 0
2
41 43 
2
1480 20 12 0
4655 18 14 0
2
295 43 
2
122 0 32 0
4656 18 14 0
2
42 216 
2
6031 16 16 0
42 8 20 0
2
43 45 
2
4657 18 14 0
38 16 2 0
2
42 217 
2
6032 16 16 0
38 14 26 0
2
42 218 
2
6033 16 16 0
34 10 24 0
2
40 42 
2
1481 10 16 0
6034 16 16 0
2
41 43 
2
1481 20 12 0
4658 18 14 0
2
42 216 
2
6035 16 16 0
43 8 20 0
2
43 50 
2
4659 18 14 0
34 4 12 0
2
42 217 
2
6036 16 16 0
39 14 26 0
2
42 218 
2
6037 16 16 0
35 10 24 0
2
20 40 
2
370 14 16 0
1482 10 16 0
2
21 41 
2
370 20 14 0
1482 20 12 0
2
38 40 
2
745 4 16 0
1483 10 16 0
2
39 41 
2
745 22 8 0
1483 20 12 0
2
256 42 
2
137 34 10 0
6038 16 16 0
2
40 42 
2
1484 10 16 0
6039 16 16 0
2
257 42 
2
137 34 8 0
6040 16 16 0
2
20 42 
2
371 14 16 0
6041 16 16 0
2
258 42 
2
137 34 6 0
6042 16 16 0
2
40 42 
2
1485 10 16 0
6043 16 16 0
2
259 42 
2
137 34 4 0
6044 16 16 0
2
300 43 
2
122 0 22 0
4660 18 14 0
2
41 43 
2
1484 20 12 0
4661 18 14 0
2
301 43 
2
122 0 20 0
4662 18 14 0
2
21 43 
2
371 20 14 0
4663 18 14 0
2
302 43 
2
122 0 18 0
4664 18 14 0
2
41 43 
2
1485 20 12 0
4665 18 14 0
2
303 43 
2
122 0 16 0
4666 18 14 0
2
42 217 
2
6045 16 16 0
40 14 26 0
2
43 50 
2
4667 18 14 0
35 4 12 0
2
42 218 
2
6046 16 16 0
36 10 24 0
2
43 45 
2
4668 18 14 0
39 16 2 0
2
42 219 
2
6047 16 16 0
34 24 24 0
2
40 42 
2
1486 10 16 0
6048 16 16 0
2
41 43 
2
1486 20 12 0
4669 18 14 0
2
42 217 
2
6049 16 16 0
41 14 26 0
2
43 49 
2
4670 18 14 0
44 32 14 0
2
42 218 
2
6050 16 16 0
37 10 24 0
2
42 219 
2
6051 16 16 0
35 24 24 0
2
20 40 
2
372 14 16 0
1487 10 16 0
2
21 41 
2
372 20 14 0
1487 20 12 0
2
18 38 
2
186 4 18 0
746 4 16 0
2
19 39 
2
186 20 8 0
746 22 8 0
2
36 38 
2
377 4 22 0
747 4 16 0
2
37 39 
2
377 24 4 0
747 22 8 0
2
260 40 
2
137 34 2 0
1488 10 16 0
2
38 40 
2
748 4 16 0
1489 10 16 0
2
261 40 
2
137 34 0 0
1490 10 16 0
2
18 40 
2
187 4 18 0
1491 10 16 0
2
262 40 
2
137 32 34 0
1492 10 16 0
2
38 40 
2
749 4 16 0
1493 10 16 0
2
263 40 
2
137 32 0 0
1494 10 16 0
2
304 41 
2
122 0 14 0
1488 20 12 0
2
39 41 
2
748 22 8 0
1489 20 12 0
2
305 41 
2
122 0 12 0
1490 20 12 0
2
19 41 
2
187 20 8 0
1491 20 12 0
2
306 41 
2
122 0 10 0
1492 20 12 0
2
39 41 
2
749 22 8 0
1493 20 12 0
2
307 41 
2
122 0 8 0
1494 20 12 0
2
264 42 
2
137 30 34 0
6052 16 16 0
2
40 42 
2
1495 10 16 0
6053 16 16 0
2
265 42 
2
137 30 0 0
6054 16 16 0
2
20 42 
2
373 14 16 0
6055 16 16 0
2
266 42 
2
137 28 34 0
6056 16 16 0
2
40 42 
2
1496 10 16 0
6057 16 16 0
2
267 42 
2
137 28 0 0
6058 16 16 0
2
308 43 
2
122 0 6 0
4671 18 14 0
2
41 43 
2
1495 20 12 0
4672 18 14 0
2
309 43 
2
122 0 4 0
4673 18 14 0
2
21 43 
2
373 20 14 0
4674 18 14 0
2
310 43 
2
122 0 2 0
4675 18 14 0
2
41 43 
2
1496 20 12 0
4676 18 14 0
2
311 43 
2
122 0 0 0
4677 18 14 0
2
42 216 
2
6059 16 16 0
44 8 20 0
2
43 47 
2
4678 18 14 0
42 26 12 0
2
42 217 
2
6060 16 16 0
42 14 26 0
2
42 218 
2
6061 16 16 0
38 10 24 0
2
42 219 
2
6062 16 16 0
36 24 24 0
2
42 220 
2
6063 16 16 0
34 12 24 0
2
42 221 
2
6064 16 16 0
34 6 22 0
2
42 222 
2
6065 16 16 0
38 6 14 0
2
42 223 
2
6066 16 16 0
40 14 12 0
2
42 224 
2
6067 16 16 0
42 24 12 0
2
42 225 
2
6068 16 16 0
42 20 18 0
2
42 226 
2
6069 16 16 0
40 18 32 0
2
42 227 
2
6070 16 16 0
36 2 12 0
2
42 228 
2
6071 16 16 0
36 12 2 0
2
42 229 
2
6072 16 16 0
40 2 16 0
2
42 230 
2
6073 16 16 0
42 10 8 0
2
42 231 
2
6074 16 16 0
42 14 30 0
2
42 232 
2
6075 16 16 0
42 26 22 0
2
42 233 
2
6076 16 16 0
42 8 22 0
2
42 234 
2
6077 16 16 0
42 12 22 0
2
42 235 
2
6078 16 16 0
42 14 24 0
2
42 236 
2
6079 16 16 0
38 8 10 0
2
40 42 
2
1497 10 16 0
6080 16 16 0
2
41 43 
2
1497 20 12 0
4679 18 14 0
2
42 216 
2
6081 16 16 0
45 8 20 0
2
43 47 
2
4680 18 14 0
43 26 12 0
2
42 217 
2
6082 16 16 0
43 14 26 0
2
43 49 
2
4681 18 14 0
45 32 14 0
2
42 218 
2
6083 16 16 0
39 10 24 0
2
42 219 
2
6084 16 16 0
37 24 24 0
2
42 220 
2
6085 16 16 0
35 12 24 0
2
42 221 
2
6086 16 16 0
35 6 22 0
2
42 222 
2
6087 16 16 0
39 6 14 0
2
42 223 
2
6088 16 16 0
41 14 12 0
2
42 224 
2
6089 16 16 0
43 24 12 0
2
42 225 
2
6090 16 16 0
43 20 18 0
2
42 226 
2
6091 16 16 0
41 18 32 0
2
42 227 
2
6092 16 16 0
37 2 12 0
2
42 228 
2
6093 16 16 0
37 12 2 0
2
42 229 
2
6094 16 16 0
41 2 16 0
2
42 230 
2
6095 16 16 0
43 10 8 0
2
42 231 
2
6096 16 16 0
43 14 30 0
2
42 232 
2
6097 16 16 0
43 26 22 0
2
42 233 
2
6098 16 16 0
43 8 22 0
2
42 234 
2
6099 16 16 0
43 12 22 0
2
42 235 
2
6100 16 16 0
43 14 24 0
2
42 236 
2
6101 16 16 0
39 8 10 0
2
20 40 
2
374 14 16 0
1498 10 16 0
2
21 41 
2
374 20 14 0
1498 20 12 0
2
38 40 
2
750 4 16 0
1499 10 16 0
2
39 41 
2
750 22 8 0
1499 20 12 0
2
272 42 
2
137 22 34 0
6102 16 16 0
2
40 42 
2
1500 10 16 0
6103 16 16 0
2
273 42 
2
137 22 0 0
6104 16 16 0
2
20 42 
2
375 14 16 0
6105 16 16 0
2
274 42 
2
137 20 34 0
6106 16 16 0
2
40 42 
2
1501 10 16 0
6107 16 16 0
2
275 42 
2
137 20 0 0
6108 16 16 0
2
248 43 
2
125 34 26 0
4682 18 14 0
2
41 43 
2
1500 20 12 0
4683 18 14 0
2
249 43 
2
125 34 24 0
4684 18 14 0
2
21 43 
2
375 20 14 0
4685 18 14 0
2
250 43 
2
125 34 22 0
4686 18 14 0
2
41 43 
2
1501 20 12 0
4687 18 14 0
2
251 43 
2
125 34 20 0
4688 18 14 0
2
42 217 
2
6109 16 16 0
44 14 26 0
2
43 53 
2
4689 18 14 0
44 18 8 0
2
42 218 
2
6110 16 16 0
40 10 24 0
2
42 219 
2
6111 16 16 0
38 24 24 0
2
42 220 
2
6112 16 16 0
36 12 24 0
2
42 221 
2
6113 16 16 0
36 6 22 0
2
42 222 
2
6114 16 16 0
40 6 14 0
2
42 223 
2
6115 16 16 0
42 14 12 0
2
42 224 
2
6116 16 16 0
44 24 12 0
2
42 225 
2
6117 16 16 0
44 20 18 0
2
42 226 
2
6118 16 16 0
42 18 32 0
2
42 227 
2
6119 16 16 0
38 2 12 0
2
42 228 
2
6120 16 16 0
38 12 2 0
2
42 229 
2
6121 16 16 0
42 2 16 0
2
42 230 
2
6122 16 16 0
44 10 8 0
2
42 231 
2
6123 16 16 0
44 14 30 0
2
42 232 
2
6124 16 16 0
44 26 22 0
2
42 233 
2
6125 16 16 0
44 8 22 0
2
42 234 
2
6126 16 16 0
44 12 22 0
2
42 235 
2
6127 16 16 0
44 14 24 0
2
42 236 
2
6128 16 16 0
40 8 10 0
2
42 237 
2
6129 16 16 0
36 20 28 0
2
40 42 
2
1502 10 16 0
6130 16 16 0
2
41 43 
2
1502 20 12 0
4690 18 14 0
2
42 217 
2
6131 16 16 0
45 14 26 0
2
43 52 
2
4691 18 14 0
44 18 4 0
2
42 218 
2
6132 16 16 0
41 10 24 0
2
42 219 
2
6133 16 16 0
39 24 24 0
2
42 220 
2
6134 16 16 0
37 12 24 0
2
42 221 
2
6135 16 16 0
37 6 22 0
2
42 222 
2
6136 16 16 0
41 6 14 0
2
42 223 
2
6137 16 16 0
43 14 12 0
2
42 224 
2
6138 16 16 0
45 24 12 0
2
42 225 
2
6139 16 16 0
45 20 18 0
2
42 226 
2
6140 16 16 0
43 18 32 0
2
42 227 
2
6141 16 16 0
39 2 12 0
2
42 228 
2
6142 16 16 0
39 12 2 0
2
42 229 
2
6143 16 16 0
43 2 16 0
2
42 230 
2
6144 16 16 0
45 10 8 0
2
42 231 
2
6145 16 16 0
45 14 30 0
2
42 232 
2
6146 16 16 0
45 26 22 0
2
42 233 
2
6147 16 16 0
45 8 22 0
2
42 234 
2
6148 16 16 0
45 12 22 0
2
42 235 
2
6149 16 16 0
45 14 24 0
2
42 236 
2
6150 16 16 0
41 8 10 0
2
42 237 
2
6151 16 16 0
37 20 28 0
2
20 40 
2
376 14 16 0
1503 10 16 0
2
21 41 
2
376 20 14 0
1503 20 12 0
2
18 38 
2
188 4 18 0
751 4 16 0
2
19 39 
2
188 20 8 0
751 22 8 0
2
16 36 
2
94 4 24 0
378 4 22 0
2
17 37 
2
94 26 4 0
378 24 4 0
2
34 36 
2
190 2 24 0
379 4 22 0
2
35 37 
2
190 28 2 0
379 24 4 0
2
268 38 
2
137 26 34 0
752 4 16 0
2
36 38 
2
380 4 22 0
753 4 16 0
2
269 38 
2
137 26 0 0
754 4 16 0
2
16 38 
2
95 4 24 0
755 4 16 0
2
270 38 
2
137 24 34 0
756 4 16 0
2
36 38 
2
381 4 22 0
757 4 16 0
2
271 38 
2
137 24 0 0
758 4 16 0
2
244 39 
2
125 34 34 0
752 22 8 0
2
37 39 
2
380 24 4 0
753 22 8 0
2
245 39 
2
125 34 32 0
754 22 8 0
2
17 39 
2
95 26 4 0
755 22 8 0
2
246 39 
2
125 34 30 0
756 22 8 0
2
37 39 
2
381 24 4 0
757 22 8 0
2
247 39 
2
125 34 28 0
758 22 8 0
2
276 40 
2
137 18 34 0
1504 10 16 0
2
38 40 
2
759 4 16 0
1505 10 16 0
2
277 40 
2
137 18 0 0
1506 10 16 0
2
18 40 
2
189 4 18 0
1507 10 16 0
2
278 40 
2
137 16 34 0
1508 10 16 0
2
38 40 
2
760 4 16 0
1509 10 16 0
2
279 40 
2
137 16 0 0
1510 10 16 0
2
252 41 
2
125 34 18 0
1504 20 12 0
2
39 41 
2
759 22 8 0
1505 20 12 0
2
253 41 
2
125 34 16 0
1506 20 12 0
2
19 41 
2
189 20 8 0
1507 20 12 0
2
254 41 
2
125 34 14 0
1508 20 12 0
2
39 41 
2
760 22 8 0
1509 20 12 0
2
255 41 
2
125 34 12 0
1510 20 12 0
2
280 42 
2
137 14 34 0
6152 16 16 0
2
40 42 
2
1511 10 16 0
6153 16 16 0
2
281 42 
2
137 14 0 0
6154 16 16 0
2
20 42 
2
377 14 16 0
6155 16 16 0
2
282 42 
2
137 12 34 0
6156 16 16 0
2
40 42 
2
1512 10 16 0
6157 16 16 0
2
283 42 
2
137 12 0 0
6158 16 16 0
2
256 43 
2
125 34 10 0
4692 18 14 0
2
41 43 
2
1511 20 12 0
4693 18 14 0
2
257 43 
2
125 34 8 0
4694 18 14 0
2
21 43 
2
377 20 14 0
4695 18 14 0
2
258 43 
2
125 34 6 0
4696 18 14 0
2
41 43 
2
1512 20 12 0
4697 18 14 0
2
259 43 
2
125 34 4 0
4698 18 14 0
2
42 236 
2
6159 16 16 0
42 8 10 0
2
43 52 
2
4699 18 14 0
45 18 4 0
2
42 237 
2
6160 16 16 0
38 20 28 0
2
43 53 
2
4700 18 14 0
45 18 8 0
2
42 238 
2
6161 16 16 0
34 14 10 0
2
40 42 
2
1513 10 16 0
6162 16 16 0
2
41 43 
2
1513 20 12 0
4701 18 14 0
2
42 236 
2
6163 16 16 0
43 8 10 0
2
43 55 
2
4702 18 14 0
38 24 2 0
2
42 237 
2
6164 16 16 0
39 20 28 0
2
42 238 
2
6165 16 16 0
35 14 10 0
2
20 40 
2
378 14 16 0
1514 10 16 0
2
21 41 
2
378 20 14 0
1514 20 12 0
2
38 40 
2
761 4 16 0
1515 10 16 0
2
39 41 
2
761 22 8 0
1515 20 12 0
2
288 42 
2
137 6 34 0
6166 16 16 0
2
40 42 
2
1516 10 16 0
6167 16 16 0
2
289 42 
2
137 6 0 0
6168 16 16 0
2
20 42 
2
379 14 16 0
6169 16 16 0
2
290 42 
2
137 4 34 0
6170 16 16 0
2
40 42 
2
1517 10 16 0
6171 16 16 0
2
291 42 
2
137 4 0 0
6172 16 16 0
2
264 43 
2
125 30 34 0
4703 18 14 0
2
41 43 
2
1516 20 12 0
4704 18 14 0
2
265 43 
2
125 30 0 0
4705 18 14 0
2
21 43 
2
379 20 14 0
4706 18 14 0
2
266 43 
2
125 28 34 0
4707 18 14 0
2
41 43 
2
1517 20 12 0
4708 18 14 0
2
267 43 
2
125 28 0 0
4709 18 14 0
2
42 237 
2
6173 16 16 0
40 20 28 0
2
43 54 
2
4710 18 14 0
42 24 6 0
2
42 238 
2
6174 16 16 0
36 14 10 0
2
42 239 
2
6175 16 16 0
34 16 20 0
2
40 42 
2
1518 10 16 0
6176 16 16 0
2
41 43 
2
1518 20 12 0
4711 18 14 0
2
42 237 
2
6177 16 16 0
41 20 28 0
2
43 54 
2
4712 18 14 0
43 24 6 0
2
42 238 
2
6178 16 16 0
37 14 10 0
2
43 55 
2
4713 18 14 0
39 24 2 0
2
42 239 
2
6179 16 16 0
35 16 20 0
2
20 40 
2
380 14 16 0
1519 10 16 0
2
21 41 
2
380 20 14 0
1519 20 12 0
2
18 38 
2
190 4 18 0
762 4 16 0
2
19 39 
2
190 20 8 0
762 22 8 0
2
36 38 
2
382 4 22 0
763 4 16 0
2
37 39 
2
382 24 4 0
763 22 8 0
2
292 40 
2
137 2 34 0
1520 10 16 0
2
38 40 
2
764 4 16 0
1521 10 16 0
2
293 40 
2
137 2 0 0
1522 10 16 0
2
18 40 
2
191 4 18 0
1523 10 16 0
2
294 40 
2
137 0 34 0
1524 10 16 0
2
38 40 
2
765 4 16 0
1525 10 16 0
2
295 40 
2
137 0 32 0
1526 10 16 0
2
268 41 
2
125 26 34 0
1520 20 12 0
2
39 41 
2
764 22 8 0
1521 20 12 0
2
269 41 
2
125 26 0 0
1522 20 12 0
2
19 41 
2
191 20 8 0
1523 20 12 0
2
270 41 
2
125 24 34 0
1524 20 12 0
2
39 41 
2
765 22 8 0
1525 20 12 0
2
271 41 
2
125 24 0 0
1526 20 12 0
2
296 42 
2
137 0 30 0
6180 16 16 0
2
40 42 
2
1527 10 16 0
6181 16 16 0
2
297 42 
2
137 0 28 0
6182 16 16 0
2
20 42 
2
381 14 16 0
6183 16 16 0
2
298 42 
2
137 0 26 0
6184 16 16 0
2
40 42 
2
1528 10 16 0
6185 16 16 0
2
299 42 
2
137 0 24 0
6186 16 16 0
2
272 43 
2
125 22 34 0
4714 18 14 0
2
41 43 
2
1527 20 12 0
4715 18 14 0
2
273 43 
2
125 22 0 0
4716 18 14 0
2
21 43 
2
381 20 14 0
4717 18 14 0
2
274 43 
2
125 20 34 0
4718 18 14 0
2
41 43 
2
1528 20 12 0
4719 18 14 0
2
275 43 
2
125 20 0 0
4720 18 14 0
2
42 236 
2
6187 16 16 0
44 8 10 0
2
43 57 
2
4721 18 14 0
42 22 28 0
2
42 237 
2
6188 16 16 0
42 20 28 0
2
42 238 
2
6189 16 16 0
38 14 10 0
2
42 239 
2
6190 16 16 0
36 16 20 0
2
42 50 
2
6191 16 16 0
36 4 12 0
2
42 45 
2
6192 16 16 0
40 16 2 0
2
42 47 
2
6193 16 16 0
44 26 12 0
2
42 49 
2
6194 16 16 0
46 32 14 0
2
42 52 
2
6195 16 16 0
46 18 4 0
2
42 53 
2
6196 16 16 0
46 18 8 0
2
42 54 
2
6197 16 16 0
44 24 6 0
2
42 55 
2
6198 16 16 0
40 24 2 0
2
42 56 
2
6199 16 16 0
38 32 18 0
2
42 57 
2
6200 16 16 0
43 22 28 0
2
42 58 
2
6201 16 16 0
44 10 10 0
2
42 59 
2
6202 16 16 0
44 28 16 0
2
42 60 
2
6203 16 16 0
44 16 8 0
2
42 61 
2
6204 16 16 0
44 18 30 0
2
42 62 
2
6205 16 16 0
44 20 24 0
2
42 63 
2
6206 16 16 0
44 16 12 0
2
42 64 
2
6207 16 16 0
40 16 6 0
2
40 42 
2
1529 10 16 0
6208 16 16 0
2
41 43 
2
1529 20 12 0
4722 18 14 0
2
42 236 
2
6209 16 16 0
45 8 10 0
2
43 56 
2
4723 18 14 0
39 32 18 0
2
42 237 
2
6210 16 16 0
43 20 28 0
2
42 238 
2
6211 16 16 0
39 14 10 0
2
42 239 
2
6212 16 16 0
37 16 20 0
2
42 50 
2
6213 16 16 0
37 4 12 0
2
42 45 
2
6214 16 16 0
41 16 2 0
2
42 47 
2
6215 16 16 0
45 26 12 0
2
42 49 
2
6216 16 16 0
47 32 14 0
2
42 52 
2
6217 16 16 0
47 18 4 0
2
42 53 
2
6218 16 16 0
47 18 8 0
2
42 54 
2
6219 16 16 0
45 24 6 0
2
42 55 
2
6220 16 16 0
41 24 2 0
2
42 56 
2
6221 16 16 0
40 32 18 0
2
42 57 
2
6222 16 16 0
44 22 28 0
2
42 58 
2
6223 16 16 0
45 10 10 0
2
42 59 
2
6224 16 16 0
45 28 16 0
2
42 60 
2
6225 16 16 0
45 16 8 0
2
42 61 
2
6226 16 16 0
45 18 30 0
2
42 62 
2
6227 16 16 0
45 20 24 0
2
42 63 
2
6228 16 16 0
45 16 12 0
2
42 64 
2
6229 16 16 0
41 16 6 0
2
20 40 
2
382 14 16 0
1530 10 16 0
2
21 41 
2
382 20 14 0
1530 20 12 0
2
38 40 
2
766 4 16 0
1531 10 16 0
2
39 41 
2
766 22 8 0
1531 20 12 0
2
244 42 
2
140 34 34 0
6230 16 16 0
2
40 42 
2
1532 10 16 0
6231 16 16 0
2
245 42 
2
140 34 32 0
6232 16 16 0
2
20 42 
2
383 14 16 0
6233 16 16 0
2
246 42 
2
140 34 30 0
6234 16 16 0
2
40 42 
2
1533 10 16 0
6235 16 16 0
2
247 42 
2
140 34 28 0
6236 16 16 0
2
300 43 
2
137 0 22 0
4724 18 14 0
2
41 43 
2
1532 20 12 0
4725 18 14 0
2
301 43 
2
137 0 20 0
4726 18 14 0
2
21 43 
2
383 20 14 0
4727 18 14 0
2
302 43 
2
137 0 18 0
4728 18 14 0
2
41 43 
2
1533 20 12 0
4729 18 14 0
2
303 43 
2
137 0 16 0
4730 18 14 0
2
42 237 
2
6237 16 16 0
44 20 28 0
2
43 56 
2
4731 18 14 0
41 32 18 0
2
42 238 
2
6238 16 16 0
40 14 10 0
2
43 57 
2
4732 18 14 0
45 22 28 0
2
42 239 
2
6239 16 16 0
38 16 20 0
2
42 50 
2
6240 16 16 0
38 4 12 0
2
42 45 
2
6241 16 16 0
42 16 2 0
2
42 47 
2
6242 16 16 0
46 26 12 0
2
42 49 
2
6243 16 16 0
48 32 14 0
2
42 52 
2
6244 16 16 0
48 18 4 0
2
42 53 
2
6245 16 16 0
48 18 8 0
2
42 54 
2
6246 16 16 0
46 24 6 0
2
42 55 
2
6247 16 16 0
42 24 2 0
2
42 56 
2
6248 16 16 0
42 32 18 0
2
42 57 
2
6249 16 16 0
46 22 28 0
2
42 58 
2
6250 16 16 0
46 10 10 0
2
42 59 
2
6251 16 16 0
46 28 16 0
2
42 60 
2
6252 16 16 0
46 16 8 0
2
42 61 
2
6253 16 16 0
46 18 30 0
2
42 62 
2
6254 16 16 0
46 20 24 0
2
42 63 
2
6255 16 16 0
46 16 12 0
2
42 64 
2
6256 16 16 0
42 16 6 0
2
42 65 
2
6257 16 16 0
38 10 6 0
2
40 42 
2
1534 10 16 0
6258 16 16 0
2
41 43 
2
1534 20 12 0
4733 18 14 0
2
42 237 
2
6259 16 16 0
45 20 28 0
2
43 59 
2
4734 18 14 0
47 28 16 0
2
42 238 
2
6260 16 16 0
41 14 10 0
2
42 239 
2
6261 16 16 0
39 16 20 0
2
42 50 
2
6262 16 16 0
39 4 12 0
2
42 45 
2
6263 16 16 0
43 16 2 0
2
42 47 
2
6264 16 16 0
47 26 12 0
2
42 49 
2
6265 16 16 0
49 32 14 0
2
42 52 
2
6266 16 16 0
49 18 4 0
2
42 53 
2
6267 16 16 0
49 18 8 0
2
42 54 
2
6268 16 16 0
47 24 6 0
2
42 55 
2
6269 16 16 0
43 24 2 0
2
42 56 
2
6270 16 16 0
43 32 18 0
2
42 57 
2
6271 16 16 0
47 22 28 0
2
42 58 
2
6272 16 16 0
47 10 10 0
2
42 59 
2
6273 16 16 0
48 28 16 0
2
42 60 
2
6274 16 16 0
47 16 8 0
2
42 61 
2
6275 16 16 0
47 18 30 0
2
42 62 
2
6276 16 16 0
47 20 24 0
2
42 63 
2
6277 16 16 0
47 16 12 0
2
42 64 
2
6278 16 16 0
43 16 6 0
2
42 65 
2
6279 16 16 0
39 10 6 0
2
20 40 
2
384 14 16 0
1535 10 16 0
2
21 41 
2
384 20 14 0
1535 20 12 0
2
18 38 
2
192 4 18 0
767 4 16 0
2
19 39 
2
192 20 8 0
767 22 8 0
2
16 36 
2
96 4 24 0
383 4 22 0
2
17 37 
2
96 26 4 0
383 24 4 0
2
14 34 
2
48 4 26 0
191 2 24 0
2
15 35 
2
48 26 2 0
191 28 2 0
2
12 32 
2
24 2 26 0
95 2 28 0
2
13 33 
2
24 30 2 0
95 32 2 0
2
10 30 
2
12 6 28 0
47 4 28 0
2
11 31 
2
12 32 4 0
47 32 6 0
2
8 28 
2
6 6 30 0
26 4 30 0
2
9 29 
2
6 32 24 0
26 32 26 0
2
26 28 
2
14 2 30 0
27 4 30 0
2
27 29 
2
14 32 28 0
27 32 26 0
2
264 30 
2
128 30 34 0
48 4 28 0
2
28 30 
2
28 4 30 0
49 4 28 0
2
265 30 
2
128 30 0 0
50 4 28 0
2
8 30 
2
7 6 30 0
51 4 28 0
2
266 30 
2
128 28 34 0
52 4 28 0
2
28 30 
2
29 4 30 0
53 4 28 0
2
267 30 
2
128 28 0 0
54 4 28 0
2
244 31 
2
113 34 34 0
48 32 6 0
2
29 31 
2
28 32 26 0
49 32 6 0
2
245 31 
2
113 34 32 0
50 32 6 0
2
9 31 
2
7 32 24 0
51 32 6 0
2
246 31 
2
113 34 30 0
52 32 6 0
2
29 31 
2
29 32 26 0
53 32 6 0
2
247 31 
2
113 34 28 0
54 32 6 0
2
256 32 
2
134 34 10 0
96 2 28 0
2
30 32 
2
55 4 28 0
97 2 28 0
2
257 32 
2
134 34 8 0
98 2 28 0
2
10 32 
2
13 6 28 0
99 2 28 0
2
258 32 
2
134 34 6 0
100 2 28 0
2
30 32 
2
56 4 28 0
101 2 28 0
2
259 32 
2
134 34 4 0
102 2 28 0
2
268 33 
2
119 26 34 0
96 32 2 0
2
31 33 
2
55 32 6 0
97 32 2 0
2
269 33 
2
119 26 0 0
98 32 2 0
2
11 33 
2
13 32 4 0
99 32 2 0
2
270 33 
2
119 24 34 0
100 32 2 0
2
31 33 
2
56 32 6 0
101 32 2 0
2
271 33 
2
119 24 0 0
102 32 2 0
2
252 34 
2
137 34 18 0
192 2 24 0
2
32 34 
2
103 2 28 0
193 2 24 0
2
253 34 
2
137 34 16 0
194 2 24 0
2
12 34 
2
25 2 26 0
195 2 24 0
2
254 34 
2
137 34 14 0
196 2 24 0
2
32 34 
2
104 2 28 0
197 2 24 0
2
255 34 
2
137 34 12 0
198 2 24 0
2
296 35 
2
122 0 30 0
192 28 2 0
2
33 35 
2
103 32 2 0
193 28 2 0
2
297 35 
2
122 0 28 0
194 28 2 0
2
13 35 
2
25 30 2 0
195 28 2 0
2
298 35 
2
122 0 26 0
196 28 2 0
2
33 35 
2
104 32 2 0
197 28 2 0
2
299 35 
2
122 0 24 0
198 28 2 0
2
284 36 
2
137 10 34 0
384 4 22 0
2
34 36 
2
199 2 24 0
385 4 22 0
2
285 36 
2
137 10 0 0
386 4 22 0
2
14 36 
2
49 4 26 0
387 4 22 0
2
286 36 
2
137 8 34 0
388 4 22 0
2
34 36 
2
200 2 24 0
389 4 22 0
2
287 36 
2
137 8 0 0
390 4 22 0
2
260 37 
2
125 34 2 0
384 24 4 0
2
35 37 
2
199 28 2 0
385 24 4 0
2
261 37 
2
125 34 0 0
386 24 4 0
2
15 37 
2
49 26 2 0
387 24 4 0
2
262 37 
2
125 32 34 0
388 24 4 0
2
35 37 
2
200 28 2 0
389 24 4 0
2
263 37 
2
125 32 0 0
390 24 4 0
2
304 38 
2
137 0 14 0
768 4 16 0
2
36 38 
2
391 4 22 0
769 4 16 0
2
305 38 
2
137 0 12 0
770 4 16 0
2
16 38 
2
97 4 24 0
771 4 16 0
2
306 38 
2
137 0 10 0
772 4 16 0
2
36 38 
2
392 4 22 0
773 4 16 0
2
307 38 
2
137 0 8 0
774 4 16 0
2
276 39 
2
125 18 34 0
768 22 8 0
2
37 39 
2
391 24 4 0
769 22 8 0
2
277 39 
2
125 18 0 0
770 22 8 0
2
17 39 
2
97 26 4 0
771 22 8 0
2
278 39 
2
125 16 34 0
772 22 8 0
2
37 39 
2
392 24 4 0
773 22 8 0
2
279 39 
2
125 16 0 0
774 22 8 0
2
252 40 
2
140 34 18 0
1536 10 16 0
2
38 40 
2
775 4 16 0
1537 10 16 0
2
253 40 
2
140 34 16 0
1538 10 16 0
2
18 40 
2
193 4 18 0
1539 10 16 0
2
254 40 
2
140 34 14 0
1540 10 16 0
2
38 40 
2
776 4 16 0
1541 10 16 0
2
255 40 
2
140 34 12 0
1542 10 16 0
2
308 41 
2
137 0 6 0
1536 20 12 0
2
39 41 
2
775 22 8 0
1537 20 12 0
2
309 41 
2
137 0 4 0
1538 20 12 0
2
19 41 
2
193 20 8 0
1539 20 12 0
2
310 41 
2
137 0 2 0
1540 20 12 0
2
39 41 
2
776 22 8 0
1541 20 12 0
2
311 41 
2
137 0 0 0
1542 20 12 0
2
288 42 
2
140 6 34 0
6280 16 16 0
2
40 42 
2
1543 10 16 0
6281 16 16 0
2
289 42 
2
140 6 0 0
6282 16 16 0
2
20 42 
2
385 14 16 0
6283 16 16 0
2
290 42 
2
140 4 34 0
6284 16 16 0
2
40 42 
2
1544 10 16 0
6285 16 16 0
2
291 42 
2
140 4 0 0
6286 16 16 0
2
248 43 
2
140 34 26 0
4735 18 14 0
2
41 43 
2
1543 20 12 0
4736 18 14 0
2
249 43 
2
140 34 24 0
4737 18 14 0
2
21 43 
2
385 20 14 0
4738 18 14 0
2
250 43 
2
140 34 22 0
4739 18 14 0
2
41 43 
2
1544 20 12 0
4740 18 14 0
2
251 43 
2
140 34 20 0
4741 18 14 0
2
42 64 
2
6287 16 16 0
44 16 6 0
2
43 58 
2
4742 18 14 0
48 10 10 0
2
42 65 
2
6288 16 16 0
40 10 6 0
2
42 66 
2
6289 16 16 0
36 18 22 0
2
40 42 
2
1545 10 16 0
6290 16 16 0
2
41 43 
2
1545 20 12 0
4743 18 14 0
2
42 64 
2
6291 16 16 0
45 16 6 0
2
43 58 
2
4744 18 14 0
49 10 10 0
2
42 65 
2
6292 16 16 0
41 10 6 0
2
43 59 
2
4745 18 14 0
49 28 16 0
2
42 66 
2
6293 16 16 0
37 18 22 0
2
20 40 
2
386 14 16 0
1546 10 16 0
2
21 41 
2
386 20 14 0
1546 20 12 0
2
38 40 
2
777 4 16 0
1547 10 16 0
2
39 41 
2
777 22 8 0
1547 20 12 0
2
296 42 
2
140 0 30 0
6294 16 16 0
2
40 42 
2
1548 10 16 0
6295 16 16 0
2
297 42 
2
140 0 28 0
6296 16 16 0
2
20 42 
2
387 14 16 0
6297 16 16 0
2
298 42 
2
140 0 26 0
6298 16 16 0
2
40 42 
2
1549 10 16 0
6299 16 16 0
2
299 42 
2
140 0 24 0
6300 16 16 0
2
260 43 
2
140 34 2 0
4746 18 14 0
2
41 43 
2
1548 20 12 0
4747 18 14 0
2
261 43 
2
140 34 0 0
4748 18 14 0
2
21 43 
2
387 20 14 0
4749 18 14 0
2
262 43 
2
140 32 34 0
4750 18 14 0
2
41 43 
2
1549 20 12 0
4751 18 14 0
2
263 43 
2
140 32 0 0
4752 18 14 0
2
42 65 
2
6301 16 16 0
42 10 6 0
2
43 61 
2
4753 18 14 0
48 18 30 0
2
42 66 
2
6302 16 16 0
38 18 22 0
2
42 67 
2
6303 16 16 0
36 18 28 0
2
40 42 
2
1550 10 16 0
6304 16 16 0
2
41 43 
2
1550 20 12 0
4754 18 14 0
2
42 65 
2
6305 16 16 0
43 10 6 0
2
43 60 
2
4755 18 14 0
48 16 8 0
2
42 66 
2
6306 16 16 0
39 18 22 0
2
42 67 
2
6307 16 16 0
37 18 28 0
2
20 40 
2
388 14 16 0
1551 10 16 0
2
21 41 
2
388 20 14 0
1551 20 12 0
2
18 38 
2
194 4 18 0
778 4 16 0
2
19 39 
2
194 20 8 0
778 22 8 0
2
36 38 
2
393 4 22 0
779 4 16 0
2
37 39 
2
393 24 4 0
779 22 8 0
2
300 40 
2
140 0 22 0
1552 10 16 0
2
38 40 
2
780 4 16 0
1553 10 16 0
2
301 40 
2
140 0 20 0
1554 10 16 0
2
18 40 
2
195 4 18 0
1555 10 16 0
2
302 40 
2
140 0 18 0
1556 10 16 0
2
38 40 
2
781 4 16 0
1557 10 16 0
2
303 40 
2
140 0 16 0
1558 10 16 0
2
264 41 
2
140 30 34 0
1552 20 12 0
2
39 41 
2
780 22 8 0
1553 20 12 0
2
265 41 
2
140 30 0 0
1554 20 12 0
2
19 41 
2
195 20 8 0
1555 20 12 0
2
266 41 
2
140 28 34 0
1556 20 12 0
2
39 41 
2
781 22 8 0
1557 20 12 0
2
267 41 
2
140 28 0 0
1558 20 12 0
2
304 42 
2
140 0 14 0
6308 16 16 0
2
40 42 
2
1559 10 16 0
6309 16 16 0
2
305 42 
2
140 0 12 0
6310 16 16 0
2
20 42 
2
389 14 16 0
6311 16 16 0
2
306 42 
2
140 0 10 0
6312 16 16 0
2
40 42 
2
1560 10 16 0
6313 16 16 0
2
307 42 
2
140 0 8 0
6314 16 16 0
2
268 43 
2
140 26 34 0
4756 18 14 0
2
41 43 
2
1559 20 12 0
4757 18 14 0
2
269 43 
2
140 26 0 0
4758 18 14 0
2
21 43 
2
389 20 14 0
4759 18 14 0
2
270 43 
2
140 24 34 0
4760 18 14 0
2
41 43 
2
1560 20 12 0
4761 18 14 0
2
271 43 
2
140 24 0 0
4762 18 14 0
2
42 64 
2
6315 16 16 0
46 16 6 0
2
43 60 
2
4763 18 14 0
49 16 8 0
2
42 65 
2
6316 16 16 0
44 10 6 0
2
43 61 
2
4764 18 14 0
49 18 30 0
2
42 66 
2
6317 16 16 0
40 18 22 0
2
42 67 
2
6318 16 16 0
38 18 28 0
2
42 68 
2
6319 16 16 0
40 18 12 0
2
42 86 
2
6320 16 16 0
42 6 10 0
2
42 87 
2
6321 16 16 0
44 22 14 0
2
42 89 
2
6322 16 16 0
44 24 14 0
2
42 90 
2
6323 16 16 0
44 20 10 0
2
42 91 
2
6324 16 16 0
44 28 8 0
2
42 92 
2
6325 16 16 0
42 32 12 0
2
42 93 
2
6326 16 16 0
38 20 2 0
2
42 94 
2
6327 16 16 0
38 8 6 0
2
42 95 
2
6328 16 16 0
42 6 12 0
2
42 96 
2
6329 16 16 0
44 16 4 0
2
42 97 
2
6330 16 16 0
44 12 14 0
2
42 98 
2
6331 16 16 0
44 22 16 0
2
42 99 
2
6332 16 16 0
44 18 24 0
2
42 100 
2
6333 16 16 0
44 12 10 0
2
42 101 
2
6334 16 16 0
44 18 18 0
2
42 102 
2
6335 16 16 0
40 14 8 0
2
40 42 
2
1561 10 16 0
6336 16 16 0
2
41 43 
2
1561 20 12 0
4765 18 14 0
2
42 64 
2
6337 16 16 0
47 16 6 0
2
43 63 
2
4766 18 14 0
48 16 12 0
2
42 65 
2
6338 16 16 0
45 10 6 0
2
42 66 
2
6339 16 16 0
41 18 22 0
2
42 67 
2
6340 16 16 0
39 18 28 0
2
42 68 
2
6341 16 16 0
41 18 12 0
2
42 86 
2
6342 16 16 0
43 6 10 0
2
42 87 
2
6343 16 16 0
45 22 14 0
2
42 89 
2
6344 16 16 0
45 24 14 0
2
42 90 
2
6345 16 16 0
45 20 10 0
2
42 91 
2
6346 16 16 0
45 28 8 0
2
42 92 
2
6347 16 16 0
43 32 12 0
2
42 93 
2
6348 16 16 0
39 20 2 0
2
42 94 
2
6349 16 16 0
39 8 6 0
2
42 95 
2
6350 16 16 0
43 6 12 0
2
42 96 
2
6351 16 16 0
45 16 4 0
2
42 97 
2
6352 16 16 0
45 12 14 0
2
42 98 
2
6353 16 16 0
45 22 16 0
2
42 99 
2
6354 16 16 0
45 18 24 0
2
42 100 
2
6355 16 16 0
45 12 10 0
2
42 101 
2
6356 16 16 0
45 18 18 0
2
42 102 
2
6357 16 16 0
41 14 8 0
2
20 40 
2
390 14 16 0
1562 10 16 0
2
21 41 
2
390 20 14 0
1562 20 12 0
2
38 40 
2
782 4 16 0
1563 10 16 0
2
39 41 
2
782 22 8 0
1563 20 12 0
2
244 42 
2
143 34 34 0
6358 16 16 0
2
40 42 
2
1564 10 16 0
6359 16 16 0
2
245 42 
2
143 34 32 0
6360 16 16 0
2
20 42 
2
391 14 16 0
6361 16 16 0
2
246 42 
2
143 34 30 0
6362 16 16 0
2
40 42 
2
1565 10 16 0
6363 16 16 0
2
247 42 
2
143 34 28 0
6364 16 16 0
2
276 43 
2
140 18 34 0
4767 18 14 0
2
41 43 
2
1564 20 12 0
4768 18 14 0
2
277 43 
2
140 18 0 0
4769 18 14 0
2
21 43 
2
391 20 14 0
4770 18 14 0
2
278 43 
2
140 16 34 0
4771 18 14 0
2
41 43 
2
1565 20 12 0
4772 18 14 0
2
279 43 
2
140 16 0 0
4773 18 14 0
2
42 65 
2
6365 16 16 0
46 10 6 0
2
43 62 
2
4774 18 14 0
48 20 24 0
2
42 66 
2
6366 16 16 0
42 18 22 0
2
42 67 
2
6367 16 16 0
40 18 28 0
2
42 68 
2
6368 16 16 0
42 18 12 0
2
42 86 
2
6369 16 16 0
44 6 10 0
2
42 87 
2
6370 16 16 0
46 22 14 0
2
42 89 
2
6371 16 16 0
46 24 14 0
2
42 90 
2
6372 16 16 0
46 20 10 0
2
42 91 
2
6373 16 16 0
46 28 8 0
2
42 92 
2
6374 16 16 0
44 32 12 0
2
42 93 
2
6375 16 16 0
40 20 2 0
2
42 94 
2
6376 16 16 0
40 8 6 0
2
42 95 
2
6377 16 16 0
44 6 12 0
2
42 96 
2
6378 16 16 0
46 16 4 0
2
42 97 
2
6379 16 16 0
46 12 14 0
2
42 98 
2
6380 16 16 0
46 22 16 0
2
42 99 
2
6381 16 16 0
46 18 24 0
2
42 100 
2
6382 16 16 0
46 12 10 0
2
42 101 
2
6383 16 16 0
46 18 18 0
2
42 102 
2
6384 16 16 0
42 14 8 0
2
42 103 
2
6385 16 16 0
38 14 6 0
2
40 42 
2
1566 10 16 0
6386 16 16 0
2
41 43 
2
1566 20 12 0
4775 18 14 0
2
42 65 
2
6387 16 16 0
47 10 6 0
2
43 62 
2
4776 18 14 0
49 20 24 0
2
42 66 
2
6388 16 16 0
43 18 22 0
2
43 63 
2
4777 18 14 0
49 16 12 0
2
42 67 
2
6389 16 16 0
41 18 28 0
2
42 68 
2
6390 16 16 0
43 18 12 0
2
42 86 
2
6391 16 16 0
45 6 10 0
2
42 87 
2
6392 16 16 0
47 22 14 0
2
42 89 
2
6393 16 16 0
47 24 14 0
2
42 90 
2
6394 16 16 0
47 20 10 0
2
42 91 
2
6395 16 16 0
47 28 8 0
2
42 92 
2
6396 16 16 0
45 32 12 0
2
42 93 
2
6397 16 16 0
41 20 2 0
2
42 94 
2
6398 16 16 0
41 8 6 0
2
42 95 
2
6399 16 16 0
45 6 12 0
2
42 96 
2
6400 16 16 0
47 16 4 0
2
42 97 
2
6401 16 16 0
47 12 14 0
2
42 98 
2
6402 16 16 0
47 22 16 0
2
42 99 
2
6403 16 16 0
47 18 24 0
2
42 100 
2
6404 16 16 0
47 12 10 0
2
42 101 
2
6405 16 16 0
47 18 18 0
2
42 102 
2
6406 16 16 0
43 14 8 0
2
42 103 
2
6407 16 16 0
39 14 6 0
2
20 40 
2
392 14 16 0
1567 10 16 0
2
21 41 
2
392 20 14 0
1567 20 12 0
2
18 38 
2
196 4 18 0
783 4 16 0
2
19 39 
2
196 20 8 0
783 22 8 0
2
16 36 
2
98 4 24 0
394 4 22 0
2
17 37 
2
98 26 4 0
394 24 4 0
2
34 36 
2
201 2 24 0
395 4 22 0
2
35 37 
2
201 28 2 0
395 24 4 0
2
308 38 
2
140 0 6 0
784 4 16 0
2
36 38 
2
396 4 22 0
785 4 16 0
2
309 38 
2
140 0 4 0
786 4 16 0
2
16 38 
2
99 4 24 0
787 4 16 0
2
310 38 
2
140 0 2 0
788 4 16 0
2
36 38 
2
397 4 22 0
789 4 16 0
2
311 38 
2
140 0 0 0
790 4 16 0
2
272 39 
2
140 22 34 0
784 22 8 0
2
37 39 
2
396 24 4 0
785 22 8 0
2
273 39 
2
140 22 0 0
786 22 8 0
2
17 39 
2
99 26 4 0
787 22 8 0
2
274 39 
2
140 20 34 0
788 22 8 0
2
37 39 
2
397 24 4 0
789 22 8 0
2
275 39 
2
140 20 0 0
790 22 8 0
2
248 40 
2
143 34 26 0
1568 10 16 0
2
38 40 
2
791 4 16 0
1569 10 16 0
2
249 40 
2
143 34 24 0
1570 10 16 0
2
18 40 
2
197 4 18 0
1571 10 16 0
2
250 40 
2
143 34 22 0
1572 10 16 0
2
38 40 
2
792 4 16 0
1573 10 16 0
2
251 40 
2
143 34 20 0
1574 10 16 0
2
280 41 
2
140 14 34 0
1568 20 12 0
2
39 41 
2
791 22 8 0
1569 20 12 0
2
281 41 
2
140 14 0 0
1570 20 12 0
2
19 41 
2
197 20 8 0
1571 20 12 0
2
282 41 
2
140 12 34 0
1572 20 12 0
2
39 41 
2
792 22 8 0
1573 20 12 0
2
283 41 
2
140 12 0 0
1574 20 12 0
2
304 42 
2
146 0 14 0
6408 16 16 0
2
40 42 
2
1575 10 16 0
6409 16 16 0
2
305 42 
2
146 0 12 0
6410 16 16 0
2
20 42 
2
393 14 16 0
6411 16 16 0
2
306 42 
2
146 0 10 0
6412 16 16 0
2
40 42 
2
1576 10 16 0
6413 16 16 0
2
307 42 
2
146 0 8 0
6414 16 16 0
2
284 43 
2
140 10 34 0
4778 18 14 0
2
41 43 
2
1575 20 12 0
4779 18 14 0
2
285 43 
2
140 10 0 0
4780 18 14 0
2
21 43 
2
393 20 14 0
4781 18 14 0
2
286 43 
2
140 8 34 0
4782 18 14 0
2
41 43 
2
1576 20 12 0
4783 18 14 0
2
287 43 
2
140 8 0 0
4784 18 14 0
2
42 102 
2
6415 16 16 0
44 14 8 0
2
43 65 
2
4785 18 14 0
48 10 6 0
2
42 103 
2
6416 16 16 0
40 14 6 0
2
42 104 
2
6417 16 16 0
36 22 26 0
2
40 42 
2
1577 10 16 0
6418 16 16 0
2
41 43 
2
1577 20 12 0
4786 18 14 0
2
42 102 
2
6419 16 16 0
45 14 8 0
2
43 64 
2
4787 18 14 0
48 16 6 0
2
42 103 
2
6420 16 16 0
41 14 6 0
2
42 104 
2
6421 16 16 0
37 22 26 0
2
20 40 
2
394 14 16 0
1578 10 16 0
2
21 41 
2
394 20 14 0
1578 20 12 0
2
38 40 
2
793 4 16 0
1579 10 16 0
2
39 41 
2
793 22 8 0
1579 20 12 0
2
244 42 
2
149 34 34 0
6422 16 16 0
2
40 42 
2
1580 10 16 0
6423 16 16 0
2
245 42 
2
149 34 32 0
6424 16 16 0
2
20 42 
2
395 14 16 0
6425 16 16 0
2
246 42 
2
149 34 30 0
6426 16 16 0
2
40 42 
2
1581 10 16 0
6427 16 16 0
2
247 42 
2
149 34 28 0
6428 16 16 0
2
256 43 
2
143 34 10 0
4788 18 14 0
2
41 43 
2
1580 20 12 0
4789 18 14 0
2
257 43 
2
143 34 8 0
4790 18 14 0
2
21 43 
2
395 20 14 0
4791 18 14 0
2
258 43 
2
143 34 6 0
4792 18 14 0
2
41 43 
2
1581 20 12 0
4793 18 14 0
2
259 43 
2
143 34 4 0
4794 18 14 0
2
42 103 
2
6429 16 16 0
42 14 6 0
2
43 64 
2
4795 18 14 0
49 16 6 0
2
42 104 
2
6430 16 16 0
38 22 26 0
2
43 65 
2
4796 18 14 0
49 10 6 0
2
42 105 
2
6431 16 16 0
36 20 16 0
2
40 42 
2
1582 10 16 0
6432 16 16 0
2
41 43 
2
1582 20 12 0
4797 18 14 0
2
42 103 
2
6433 16 16 0
43 14 6 0
2
43 67 
2
4798 18 14 0
42 18 28 0
2
42 104 
2
6434 16 16 0
39 22 26 0
2
42 105 
2
6435 16 16 0
37 20 16 0
2
20 40 
2
396 14 16 0
1583 10 16 0
2
21 41 
2
396 20 14 0
1583 20 12 0
2
18 38 
2
198 4 18 0
794 4 16 0
2
19 39 
2
198 20 8 0
794 22 8 0
2
36 38 
2
398 4 22 0
795 4 16 0
2
37 39 
2
398 24 4 0
795 22 8 0
2
248 40 
2
149 34 26 0
1584 10 16 0
2
38 40 
2
796 4 16 0
1585 10 16 0
2
249 40 
2
149 34 24 0
1586 10 16 0
2
18 40 
2
199 4 18 0
1587 10 16 0
2
250 40 
2
149 34 22 0
1588 10 16 0
2
38 40 
2
797 4 16 0
1589 10 16 0
2
251 40 
2
149 34 20 0
1590 10 16 0
2
260 41 
2
143 34 2 0
1584 20 12 0
2
39 41 
2
796 22 8 0
1585 20 12 0
2
261 41 
2
143 34 0 0
1586 20 12 0
2
19 41 
2
199 20 8 0
1587 20 12 0
2
262 41 
2
143 32 34 0
1588 20 12 0
2
39 41 
2
797 22 8 0
1589 20 12 0
2
263 41 
2
143 32 0 0
1590 20 12 0
2
252 42 
2
149 34 18 0
6436 16 16 0
2
40 42 
2
1591 10 16 0
6437 16 16 0
2
253 42 
2
149 34 16 0
6438 16 16 0
2
20 42 
2
397 14 16 0
6439 16 16 0
2
254 42 
2
149 34 14 0
6440 16 16 0
2
40 42 
2
1592 10 16 0
6441 16 16 0
2
255 42 
2
149 34 12 0
6442 16 16 0
2
264 43 
2
143 30 34 0
4799 18 14 0
2
41 43 
2
1591 20 12 0
4800 18 14 0
2
265 43 
2
143 30 0 0
4801 18 14 0
2
21 43 
2
397 20 14 0
4802 18 14 0
2
266 43 
2
143 28 34 0
4803 18 14 0
2
41 43 
2
1592 20 12 0
4804 18 14 0
2
267 43 
2
143 28 0 0
4805 18 14 0
2
42 102 
2
6443 16 16 0
46 14 8 0
2
43 66 
2
4806 18 14 0
44 18 22 0
2
42 103 
2
6444 16 16 0
44 14 6 0
2
42 104 
2
6445 16 16 0
40 22 26 0
2
42 105 
2
6446 16 16 0
38 20 16 0
2
42 106 
2
6447 16 16 0
40 24 20 0
2
42 107 
2
6448 16 16 0
42 30 16 0
2
42 108 
2
6449 16 16 0
44 28 10 0
2
42 109 
2
6450 16 16 0
44 26 10 0
2
42 111 
2
6451 16 16 0
44 18 6 0
2
42 112 
2
6452 16 16 0
44 30 14 0
2
42 113 
2
6453 16 16 0
42 22 4 0
2
42 114 
2
6454 16 16 0
38 30 10 0
2
42 115 
2
6455 16 16 0
38 2 10 0
2
42 116 
2
6456 16 16 0
42 8 8 0
2
42 117 
2
6457 16 16 0
44 12 8 0
2
42 118 
2
6458 16 16 0
44 12 12 0
2
42 119 
2
6459 16 16 0
44 22 18 0
2
42 120 
2
6460 16 16 0
44 28 20 0
2
42 121 
2
6461 16 16 0
44 8 14 0
2
42 122 
2
6462 16 16 0
44 12 6 0
2
42 123 
2
6463 16 16 0
40 22 20 0
2
40 42 
2
1593 10 16 0
6464 16 16 0
2
41 43 
2
1593 20 12 0
4807 18 14 0
2
42 102 
2
6465 16 16 0
47 14 8 0
2
43 66 
2
4808 18 14 0
45 18 22 0
2
42 103 
2
6466 16 16 0
45 14 6 0
2
43 67 
2
4809 18 14 0
43 18 28 0
2
42 104 
2
6467 16 16 0
41 22 26 0
2
42 105 
2
6468 16 16 0
39 20 16 0
2
42 106 
2
6469 16 16 0
41 24 20 0
2
42 107 
2
6470 16 16 0
43 30 16 0
2
42 108 
2
6471 16 16 0
45 28 10 0
2
42 109 
2
6472 16 16 0
45 26 10 0
2
42 111 
2
6473 16 16 0
45 18 6 0
2
42 112 
2
6474 16 16 0
45 30 14 0
2
42 113 
2
6475 16 16 0
43 22 4 0
2
42 114 
2
6476 16 16 0
39 30 10 0
2
42 115 
2
6477 16 16 0
39 2 10 0
2
42 116 
2
6478 16 16 0
43 8 8 0
2
42 117 
2
6479 16 16 0
45 12 8 0
2
42 118 
2
6480 16 16 0
45 12 12 0
2
42 119 
2
6481 16 16 0
45 22 18 0
2
42 120 
2
6482 16 16 0
45 28 20 0
2
42 121 
2
6483 16 16 0
45 8 14 0
2
42 122 
2
6484 16 16 0
45 12 6 0
2
42 123 
2
6485 16 16 0
41 22 20 0
2
20 40 
2
398 14 16 0
1594 10 16 0
2
21 41 
2
398 20 14 0
1594 20 12 0
2
38 40 
2
798 4 16 0
1595 10 16 0
2
39 41 
2
798 22 8 0
1595 20 12 0
2
260 42 
2
149 34 2 0
6486 16 16 0
2
40 42 
2
1596 10 16 0
6487 16 16 0
2
261 42 
2
149 34 0 0
6488 16 16 0
2
20 42 
2
399 14 16 0
6489 16 16 0
2
262 42 
2
149 32 34 0
6490 16 16 0
2
40 42 
2
1597 10 16 0
6491 16 16 0
2
263 42 
2
149 32 0 0
6492 16 16 0
2
272 43 
2
143 22 34 0
4810 18 14 0
2
41 43 
2
1596 20 12 0
4811 18 14 0
2
273 43 
2
143 22 0 0
4812 18 14 0
2
21 43 
2
399 20 14 0
4813 18 14 0
2
274 43 
2
143 20 34 0
4814 18 14 0
2
41 43 
2
1597 20 12 0
4815 18 14 0
2
275 43 
2
143 20 0 0
4816 18 14 0
2
42 103 
2
6493 16 16 0
46 14 6 0
2
43 86 
2
4817 18 14 0
46 6 10 0
2
42 104 
2
6494 16 16 0
42 22 26 0
2
42 105 
2
6495 16 16 0
40 20 16 0
2
42 106 
2
6496 16 16 0
42 24 20 0
2
42 107 
2
6497 16 16 0
44 30 16 0
2
42 108 
2
6498 16 16 0
46 28 10 0
2
42 109 
2
6499 16 16 0
46 26 10 0
2
42 111 
2
6500 16 16 0
46 18 6 0
2
42 112 
2
6501 16 16 0
46 30 14 0
2
42 113 
2
6502 16 16 0
44 22 4 0
2
42 114 
2
6503 16 16 0
40 30 10 0
2
42 115 
2
6504 16 16 0
40 2 10 0
2
42 116 
2
6505 16 16 0
44 8 8 0
2
42 117 
2
6506 16 16 0
46 12 8 0
2
42 118 
2
6507 16 16 0
46 12 12 0
2
42 119 
2
6508 16 16 0
46 22 18 0
2
42 120 
2
6509 16 16 0
46 28 20 0
2
42 121 
2
6510 16 16 0
46 8 14 0
2
42 122 
2
6511 16 16 0
46 12 6 0
2
42 123 
2
6512 16 16 0
42 22 20 0
2
42 124 
2
6513 16 16 0
38 20 26 0
2
40 42 
2
1598 10 16 0
6514 16 16 0
2
41 43 
2
1598 20 12 0
4818 18 14 0
2
42 103 
2
6515 16 16 0
47 14 6 0
2
43 68 
2
4819 18 14 0
44 18 12 0
2
42 104 
2
6516 16 16 0
43 22 26 0
2
42 105 
2
6517 16 16 0
41 20 16 0
2
42 106 
2
6518 16 16 0
43 24 20 0
2
42 107 
2
6519 16 16 0
45 30 16 0
2
42 108 
2
6520 16 16 0
47 28 10 0
2
42 109 
2
6521 16 16 0
47 26 10 0
2
42 111 
2
6522 16 16 0
47 18 6 0
2
42 112 
2
6523 16 16 0
47 30 14 0
2
42 113 
2
6524 16 16 0
45 22 4 0
2
42 114 
2
6525 16 16 0
41 30 10 0
2
42 115 
2
6526 16 16 0
41 2 10 0
2
42 116 
2
6527 16 16 0
45 8 8 0
2
42 117 
2
6528 16 16 0
47 12 8 0
2
42 118 
2
6529 16 16 0
47 12 12 0
2
42 119 
2
6530 16 16 0
47 22 18 0
2
42 120 
2
6531 16 16 0
47 28 20 0
2
42 121 
2
6532 16 16 0
47 8 14 0
2
42 122 
2
6533 16 16 0
47 12 6 0
2
42 123 
2
6534 16 16 0
43 22 20 0
2
42 124 
2
6535 16 16 0
39 20 26 0
2
20 40 
2
400 14 16 0
1599 10 16 0
2
21 41 
2
400 20 14 0
1599 20 12 0
2
18 38 
2
200 4 18 0
799 4 16 0
2
19 39 
2
200 20 8 0
799 22 8 0
2
16 36 
2
100 4 24 0
399 4 22 0
2
17 37 
2
100 26 4 0
399 24 4 0
2
14 34 
2
50 4 26 0
202 2 24 0
2
15 35 
2
50 26 2 0
202 28 2 0
2
32 34 
2
105 2 28 0
203 2 24 0
2
33 35 
2
105 32 2 0
203 28 2 0
2
308 36 
2
146 0 6 0
400 4 22 0
2
34 36 
2
204 2 24 0
401 4 22 0
2
309 36 
2
146 0 4 0
402 4 22 0
2
14 36 
2
51 4 26 0
403 4 22 0
2
310 36 
2
146 0 2 0
404 4 22 0
2
34 36 
2
205 2 24 0
405 4 22 0
2
311 36 
2
146 0 0 0
406 4 22 0
2
252 37 
2
143 34 18 0
400 24 4 0
2
35 37 
2
204 28 2 0
401 24 4 0
2
253 37 
2
143 34 16 0
402 24 4 0
2
15 37 
2
51 26 2 0
403 24 4 0
2
254 37 
2
143 34 14 0
404 24 4 0
2
35 37 
2
205 28 2 0
405 24 4 0
2
255 37 
2
143 34 12 0
406 24 4 0
2
256 38 
2
149 34 10 0
800 4 16 0
2
36 38 
2
407 4 22 0
801 4 16 0
2
257 38 
2
149 34 8 0
802 4 16 0
2
16 38 
2
101 4 24 0
803 4 16 0
2
258 38 
2
149 34 6 0
804 4 16 0
2
36 38 
2
408 4 22 0
805 4 16 0
2
259 38 
2
149 34 4 0
806 4 16 0
2
268 39 
2
143 26 34 0
800 22 8 0
2
37 39 
2
407 24 4 0
801 22 8 0
2
269 39 
2
143 26 0 0
802 22 8 0
2
17 39 
2
101 26 4 0
803 22 8 0
2
270 39 
2
143 24 34 0
804 22 8 0
2
37 39 
2
408 24 4 0
805 22 8 0
2
271 39 
2
143 24 0 0
806 22 8 0
2
264 40 
2
149 30 34 0
1600 10 16 0
2
38 40 
2
807 4 16 0
1601 10 16 0
2
265 40 
2
149 30 0 0
1602 10 16 0
2
18 40 
2
201 4 18 0
1603 10 16 0
2
266 40 
2
149 28 34 0
1604 10 16 0
2
38 40 
2
808 4 16 0
1605 10 16 0
2
267 40 
2
149 28 0 0
1606 10 16 0
2
276 41 
2
143 18 34 0
1600 20 12 0
2
39 41 
2
807 22 8 0
1601 20 12 0
2
277 41 
2
143 18 0 0
1602 20 12 0
2
19 41 
2
201 20 8 0
1603 20 12 0
2
278 41 
2
143 16 34 0
1604 20 12 0
2
39 41 
2
808 22 8 0
1605 20 12 0
2
279 41 
2
143 16 0 0
1606 20 12 0
2
252 42 
2
155 34 18 0
6536 16 16 0
2
40 42 
2
1607 10 16 0
6537 16 16 0
2
253 42 
2
155 34 16 0
6538 16 16 0
2
20 42 
2
401 14 16 0
6539 16 16 0
2
254 42 
2
155 34 14 0
6540 16 16 0
2
40 42 
2
1608 10 16 0
6541 16 16 0
2
255 42 
2
155 34 12 0
6542 16 16 0
2
280 43 
2
143 14 34 0
4820 18 14 0
2
41 43 
2
1607 20 12 0
4821 18 14 0
2
281 43 
2
143 14 0 0
4822 18 14 0
2
21 43 
2
401 20 14 0
4823 18 14 0
2
282 43 
2
143 12 34 0
4824 18 14 0
2
41 43 
2
1608 20 12 0
4825 18 14 0
2
283 43 
2
143 12 0 0
4826 18 14 0
2
42 123 
2
6543 16 16 0
44 22 20 0
2
43 68 
2
4827 18 14 0
45 18 12 0
2
42 124 
2
6544 16 16 0
40 20 26 0
2
43 86 
2
4828 18 14 0
47 6 10 0
2
42 125 
2
6545 16 16 0
36 12 16 0
2
40 42 
2
1609 10 16 0
6546 16 16 0
2
41 43 
2
1609 20 12 0
4829 18 14 0
2
42 123 
2
6547 16 16 0
45 22 20 0
2
43 89 
2
4830 18 14 0
48 24 14 0
2
42 124 
2
6548 16 16 0
41 20 26 0
2
42 125 
2
6549 16 16 0
37 12 16 0
2
20 40 
2
402 14 16 0
1610 10 16 0
2
21 41 
2
402 20 14 0
1610 20 12 0
2
38 40 
2
809 4 16 0
1611 10 16 0
2
39 41 
2
809 22 8 0
1611 20 12 0
2
260 42 
2
155 34 2 0
6550 16 16 0
2
40 42 
2
1612 10 16 0
6551 16 16 0
2
261 42 
2
155 34 0 0
6552 16 16 0
2
20 42 
2
403 14 16 0
6553 16 16 0
2
262 42 
2
155 32 34 0
6554 16 16 0
2
40 42 
2
1613 10 16 0
6555 16 16 0
2
263 42 
2
155 32 0 0
6556 16 16 0
2
288 43 
2
143 6 34 0
4831 18 14 0
2
41 43 
2
1612 20 12 0
4832 18 14 0
2
289 43 
2
143 6 0 0
4833 18 14 0
2
21 43 
2
403 20 14 0
4834 18 14 0
2
290 43 
2
143 4 34 0
4835 18 14 0
2
41 43 
2
1613 20 12 0
4836 18 14 0
2
291 43 
2
143 4 0 0
4837 18 14 0
2
42 124 
2
6557 16 16 0
42 20 26 0
2
43 87 
2
4838 18 14 0
48 22 14 0
2
42 125 
2
6558 16 16 0
38 12 16 0
2
42 126 
2
6559 16 16 0
36 16 10 0
2
40 42 
2
1614 10 16 0
6560 16 16 0
2
41 43 
2
1614 20 12 0
4839 18 14 0
2
42 124 
2
6561 16 16 0
43 20 26 0
2
43 87 
2
4840 18 14 0
49 22 14 0
2
42 125 
2
6562 16 16 0
39 12 16 0
2
43 89 
2
4841 18 14 0
49 24 14 0
2
42 126 
2
6563 16 16 0
37 16 10 0
2
20 40 
2
404 14 16 0
1615 10 16 0
2
21 41 
2
404 20 14 0
1615 20 12 0
2
18 38 
2
202 4 18 0
810 4 16 0
2
19 39 
2
202 20 8 0
810 22 8 0
2
36 38 
2
409 4 22 0
811 4 16 0
2
37 39 
2
409 24 4 0
811 22 8 0
2
264 40 
2
155 30 34 0
1616 10 16 0
2
38 40 
2
812 4 16 0
1617 10 16 0
2
265 40 
2
155 30 0 0
1618 10 16 0
2
18 40 
2
203 4 18 0
1619 10 16 0
2
266 40 
2
155 28 34 0
1620 10 16 0
2
38 40 
2
813 4 16 0
1621 10 16 0
2
267 40 
2
155 28 0 0
1622 10 16 0
2
292 41 
2
143 2 34 0
1616 20 12 0
2
39 41 
2
812 22 8 0
1617 20 12 0
2
293 41 
2
143 2 0 0
1618 20 12 0
2
19 41 
2
203 20 8 0
1619 20 12 0
2
294 41 
2
143 0 34 0
1620 20 12 0
2
39 41 
2
813 22 8 0
1621 20 12 0
2
295 41 
2
143 0 32 0
1622 20 12 0
2
268 42 
2
155 26 34 0
6564 16 16 0
2
40 42 
2
1623 10 16 0
6565 16 16 0
2
269 42 
2
155 26 0 0
6566 16 16 0
2
20 42 
2
405 14 16 0
6567 16 16 0
2
270 42 
2
155 24 34 0
6568 16 16 0
2
40 42 
2
1624 10 16 0
6569 16 16 0
2
271 42 
2
155 24 0 0
6570 16 16 0
2
296 43 
2
143 0 30 0
4842 18 14 0
2
41 43 
2
1623 20 12 0
4843 18 14 0
2
297 43 
2
143 0 28 0
4844 18 14 0
2
21 43 
2
405 20 14 0
4845 18 14 0
2
298 43 
2
143 0 26 0
4846 18 14 0
2
41 43 
2
1624 20 12 0
4847 18 14 0
2
299 43 
2
143 0 24 0
4848 18 14 0
2
42 123 
2
6571 16 16 0
46 22 20 0
2
43 91 
2
4849 18 14 0
48 28 8 0
2
42 124 
2
6572 16 16 0
44 20 26 0
2
42 125 
2
6573 16 16 0
40 12 16 0
2
42 126 
2
6574 16 16 0
38 16 10 0
2
42 128 
2
6575 16 16 0
40 16 14 0
2
42 129 
2
6576 16 16 0
42 28 12 0
2
42 130 
2
6577 16 16 0
44 22 6 0
2
42 131 
2
6578 16 16 0
44 28 14 0
2
42 149 
2
6579 16 16 0
44 20 6 0
2
42 150 
2
6580 16 16 0
44 24 8 0
2
42 151 
2
6581 16 16 0
42 22 2 0
2
42 152 
2
6582 16 16 0
38 22 30 0
2
42 153 
2
6583 16 16 0
38 24 26 0
2
42 154 
2
6584 16 16 0
42 28 18 0
2
42 155 
2
6585 16 16 0
44 22 22 0
2
42 156 
2
6586 16 16 0
44 26 18 0
2
42 157 
2
6587 16 16 0
44 24 16 0
2
42 158 
2
6588 16 16 0
44 4 14 0
2
42 159 
2
6589 16 16 0
44 14 4 0
2
42 160 
2
6590 16 16 0
44 10 14 0
2
42 161 
2
6591 16 16 0
40 14 2 0
2
40 42 
2
1625 10 16 0
6592 16 16 0
2
41 43 
2
1625 20 12 0
4850 18 14 0
2
42 123 
2
6593 16 16 0
47 22 20 0
2
43 90 
2
4851 18 14 0
48 20 10 0
2
42 124 
2
6594 16 16 0
45 20 26 0
2
42 125 
2
6595 16 16 0
41 12 16 0
2
42 126 
2
6596 16 16 0
39 16 10 0
2
42 128 
2
6597 16 16 0
41 16 14 0
2
42 129 
2
6598 16 16 0
43 28 12 0
2
42 130 
2
6599 16 16 0
45 22 6 0
2
42 131 
2
6600 16 16 0
45 28 14 0
2
42 149 
2
6601 16 16 0
45 20 6 0
2
42 150 
2
6602 16 16 0
45 24 8 0
2
42 151 
2
6603 16 16 0
43 22 2 0
2
42 152 
2
6604 16 16 0
39 22 30 0
2
42 153 
2
6605 16 16 0
39 24 26 0
2
42 154 
2
6606 16 16 0
43 28 18 0
2
42 155 
2
6607 16 16 0
45 22 22 0
2
42 156 
2
6608 16 16 0
45 26 18 0
2
42 157 
2
6609 16 16 0
45 24 16 0
2
42 158 
2
6610 16 16 0
45 4 14 0
2
42 159 
2
6611 16 16 0
45 14 4 0
2
42 160 
2
6612 16 16 0
45 10 14 0
2
42 161 
2
6613 16 16 0
41 14 2 0
2
20 40 
2
406 14 16 0
1626 10 16 0
2
21 41 
2
406 20 14 0
1626 20 12 0
2
38 40 
2
814 4 16 0
1627 10 16 0
2
39 41 
2
814 22 8 0
1627 20 12 0
2
276 42 
2
155 18 34 0
6614 16 16 0
2
40 42 
2
1628 10 16 0
6615 16 16 0
2
277 42 
2
155 18 0 0
6616 16 16 0
2
20 42 
2
407 14 16 0
6617 16 16 0
2
278 42 
2
155 16 34 0
6618 16 16 0
2
40 42 
2
1629 10 16 0
6619 16 16 0
2
279 42 
2
155 16 0 0
6620 16 16 0
2
304 43 
2
143 0 14 0
4852 18 14 0
2
41 43 
2
1628 20 12 0
4853 18 14 0
2
305 43 
2
143 0 12 0
4854 18 14 0
2
21 43 
2
407 20 14 0
4855 18 14 0
2
306 43 
2
143 0 10 0
4856 18 14 0
2
41 43 
2
1629 20 12 0
4857 18 14 0
2
307 43 
2
143 0 8 0
4858 18 14 0
2
42 124 
2
6621 16 16 0
46 20 26 0
2
43 90 
2
4859 18 14 0
49 20 10 0
2
42 125 
2
6622 16 16 0
42 12 16 0
2
43 91 
2
4860 18 14 0
49 28 8 0
2
42 126 
2
6623 16 16 0
40 16 10 0
2
42 128 
2
6624 16 16 0
42 16 14 0
2
42 129 
2
6625 16 16 0
44 28 12 0
2
42 130 
2
6626 16 16 0
46 22 6 0
2
42 131 
2
6627 16 16 0
46 28 14 0
2
42 149 
2
6628 16 16 0
46 20 6 0
2
42 150 
2
6629 16 16 0
46 24 8 0
2
42 151 
2
6630 16 16 0
44 22 2 0
2
42 152 
2
6631 16 16 0
40 22 30 0
2
42 153 
2
6632 16 16 0
40 24 26 0
2
42 154 
2
6633 16 16 0
44 28 18 0
2
42 155 
2
6634 16 16 0
46 22 22 0
2
42 156 
2
6635 16 16 0
46 26 18 0
2
42 157 
2
6636 16 16 0
46 24 16 0
2
42 158 
2
6637 16 16 0
46 4 14 0
2
42 159 
2
6638 16 16 0
46 14 4 0
2
42 160 
2
6639 16 16 0
46 10 14 0
2
42 161 
2
6640 16 16 0
42 14 2 0
2
42 162 
2
6641 16 16 0
38 30 18 0
2
40 42 
2
1630 10 16 0
6642 16 16 0
2
41 43 
2
1630 20 12 0
4861 18 14 0
2
42 124 
2
6643 16 16 0
47 20 26 0
2
43 93 
2
4862 18 14 0
42 20 2 0
2
42 125 
2
6644 16 16 0
43 12 16 0
2
42 126 
2
6645 16 16 0
41 16 10 0
2
42 128 
2
6646 16 16 0
43 16 14 0
2
42 129 
2
6647 16 16 0
45 28 12 0
2
42 130 
2
6648 16 16 0
47 22 6 0
2
42 131 
2
6649 16 16 0
47 28 14 0
2
42 149 
2
6650 16 16 0
47 20 6 0
2
42 150 
2
6651 16 16 0
47 24 8 0
2
42 151 
2
6652 16 16 0
45 22 2 0
2
42 152 
2
6653 16 16 0
41 22 30 0
2
42 153 
2
6654 16 16 0
41 24 26 0
2
42 154 
2
6655 16 16 0
45 28 18 0
2
42 155 
2
6656 16 16 0
47 22 22 0
2
42 156 
2
6657 16 16 0
47 26 18 0
2
42 157 
2
6658 16 16 0
47 24 16 0
2
42 158 
2
6659 16 16 0
47 4 14 0
2
42 159 
2
6660 16 16 0
47 14 4 0
2
42 160 
2
6661 16 16 0
47 10 14 0
2
42 161 
2
6662 16 16 0
43 14 2 0
2
42 162 
2
6663 16 16 0
39 30 18 0
2
20 40 
2
408 14 16 0
1631 10 16 0
2
21 41 
2
408 20 14 0
1631 20 12 0
2
18 38 
2
204 4 18 0
815 4 16 0
2
19 39 
2
204 20 8 0
815 22 8 0
2
16 36 
2
102 4 24 0
410 4 22 0
2
17 37 
2
102 26 4 0
410 24 4 0
2
34 36 
2
206 2 24 0
411 4 22 0
2
35 37 
2
206 28 2 0
411 24 4 0
2
272 38 
2
155 22 34 0
816 4 16 0
2
36 38 
2
412 4 22 0
817 4 16 0
2
273 38 
2
155 22 0 0
818 4 16 0
2
16 38 
2
103 4 24 0
819 4 16 0
2
274 38 
2
155 20 34 0
820 4 16 0
2
36 38 
2
413 4 22 0
821 4 16 0
2
275 38 
2
155 20 0 0
822 4 16 0
2
300 39 
2
143 0 22 0
816 22 8 0
2
37 39 
2
412 24 4 0
817 22 8 0
2
301 39 
2
143 0 20 0
818 22 8 0
2
17 39 
2
103 26 4 0
819 22 8 0
2
302 39 
2
143 0 18 0
820 22 8 0
2
37 39 
2
413 24 4 0
821 22 8 0
2
303 39 
2
143 0 16 0
822 22 8 0
2
280 40 
2
155 14 34 0
1632 10 16 0
2
38 40 
2
823 4 16 0
1633 10 16 0
2
281 40 
2
155 14 0 0
1634 10 16 0
2
18 40 
2
205 4 18 0
1635 10 16 0
2
282 40 
2
155 12 34 0
1636 10 16 0
2
38 40 
2
824 4 16 0
1637 10 16 0
2
283 40 
2
155 12 0 0
1638 10 16 0
2
308 41 
2
143 0 6 0
1632 20 12 0
2
39 41 
2
823 22 8 0
1633 20 12 0
2
309 41 
2
143 0 4 0
1634 20 12 0
2
19 41 
2
205 20 8 0
1635 20 12 0
2
310 41 
2
143 0 2 0
1636 20 12 0
2
39 41 
2
824 22 8 0
1637 20 12 0
2
311 41 
2
143 0 0 0
1638 20 12 0
2
264 42 
2
161 30 34 0
6664 16 16 0
2
40 42 
2
1639 10 16 0
6665 16 16 0
2
265 42 
2
161 30 0 0
6666 16 16 0
2
20 42 
2
409 14 16 0
6667 16 16 0
2
266 42 
2
161 28 34 0
6668 16 16 0
2
40 42 
2
1640 10 16 0
6669 16 16 0
2
267 42 
2
161 28 0 0
6670 16 16 0
2
244 43 
2
146 34 34 0
4863 18 14 0
2
41 43 
2
1639 20 12 0
4864 18 14 0
2
245 43 
2
146 34 32 0
4865 18 14 0
2
21 43 
2
409 20 14 0
4866 18 14 0
2
246 43 
2
146 34 30 0
4867 18 14 0
2
41 43 
2
1640 20 12 0
4868 18 14 0
2
247 43 
2
146 34 28 0
4869 18 14 0
2
42 161 
2
6671 16 16 0
44 14 2 0
2
43 92 
2
4870 18 14 0
46 32 12 0
2
42 162 
2
6672 16 16 0
40 30 18 0
2
42 163 
2
6673 16 16 0
36 24 22 0
2
40 42 
2
1641 10 16 0
6674 16 16 0
2
41 43 
2
1641 20 12 0
4871 18 14 0
2
42 161 
2
6675 16 16 0
45 14 2 0
2
43 92 
2
4872 18 14 0
47 32 12 0
2
42 162 
2
6676 16 16 0
41 30 18 0
2
43 93 
2
4873 18 14 0
43 20 2 0
2
42 163 
2
6677 16 16 0
37 24 22 0
2
20 40 
2
410 14 16 0
1642 10 16 0
2
21 41 
2
410 20 14 0
1642 20 12 0
2
38 40 
2
825 4 16 0
1643 10 16 0
2
39 41 
2
825 22 8 0
1643 20 12 0
2
272 42 
2
161 22 34 0
6678 16 16 0
2
40 42 
2
1644 10 16 0
6679 16 16 0
2
273 42 
2
161 22 0 0
6680 16 16 0
2
20 42 
2
411 14 16 0
6681 16 16 0
2
274 42 
2
161 20 34 0
6682 16 16 0
2
40 42 
2
1645 10 16 0
6683 16 16 0
2
275 42 
2
161 20 0 0
6684 16 16 0
2
252 43 
2
146 34 18 0
4874 18 14 0
2
41 43 
2
1644 20 12 0
4875 18 14 0
2
253 43 
2
146 34 16 0
4876 18 14 0
2
21 43 
2
411 20 14 0
4877 18 14 0
2
254 43 
2
146 34 14 0
4878 18 14 0
2
41 43 
2
1645 20 12 0
4879 18 14 0
2
255 43 
2
146 34 12 0
4880 18 14 0
2
42 162 
2
6685 16 16 0
42 30 18 0
2
43 95 
2
4881 18 14 0
46 6 12 0
2
42 163 
2
6686 16 16 0
38 24 22 0
2
42 164 
2
6687 16 16 0
36 26 20 0
2
40 42 
2
1646 10 16 0
6688 16 16 0
2
41 43 
2
1646 20 12 0
4882 18 14 0
2
42 162 
2
6689 16 16 0
43 30 18 0
2
43 94 
2
4883 18 14 0
42 8 6 0
2
42 163 
2
6690 16 16 0
39 24 22 0
2
42 164 
2
6691 16 16 0
37 26 20 0
2
20 40 
2
412 14 16 0
1647 10 16 0
2
21 41 
2
412 20 14 0
1647 20 12 0
2
18 38 
2
206 4 18 0
826 4 16 0
2
19 39 
2
206 20 8 0
826 22 8 0
2
36 38 
2
414 4 22 0
827 4 16 0
2
37 39 
2
414 24 4 0
827 22 8 0
2
276 40 
2
161 18 34 0
1648 10 16 0
2
38 40 
2
828 4 16 0
1649 10 16 0
2
277 40 
2
161 18 0 0
1650 10 16 0
2
18 40 
2
207 4 18 0
1651 10 16 0
2
278 40 
2
161 16 34 0
1652 10 16 0
2
38 40 
2
829 4 16 0
1653 10 16 0
2
279 40 
2
161 16 0 0
1654 10 16 0
2
256 41 
2
146 34 10 0
1648 20 12 0
2
39 41 
2
828 22 8 0
1649 20 12 0
2
257 41 
2
146 34 8 0
1650 20 12 0
2
19 41 
2
207 20 8 0
1651 20 12 0
2
258 41 
2
146 34 6 0
1652 20 12 0
2
39 41 
2
829 22 8 0
1653 20 12 0
2
259 41 
2
146 34 4 0
1654 20 12 0
2
280 42 
2
161 14 34 0
6692 16 16 0
2
40 42 
2
1655 10 16 0
6693 16 16 0
2
281 42 
2
161 14 0 0
6694 16 16 0
2
20 42 
2
413 14 16 0
6695 16 16 0
2
282 42 
2
161 12 34 0
6696 16 16 0
2
40 42 
2
1656 10 16 0
6697 16 16 0
2
283 42 
2
161 12 0 0
6698 16 16 0
2
260 43 
2
146 34 2 0
4884 18 14 0
2
41 43 
2
1655 20 12 0
4885 18 14 0
2
261 43 
2
146 34 0 0
4886 18 14 0
2
21 43 
2
413 20 14 0
4887 18 14 0
2
262 43 
2
146 32 34 0
4888 18 14 0
2
41 43 
2
1656 20 12 0
4889 18 14 0
2
263 43 
2
146 32 0 0
4890 18 14 0
2
42 161 
2
6699 16 16 0
46 14 2 0
2
43 94 
2
4891 18 14 0
43 8 6 0
2
42 162 
2
6700 16 16 0
44 30 18 0
2
43 95 
2
4892 18 14 0
47 6 12 0
2
42 163 
2
6701 16 16 0
40 24 22 0
2
42 164 
2
6702 16 16 0
38 26 20 0
2
42 166 
2
6703 16 16 0
40 20 22 0
2
42 167 
2
6704 16 16 0
42 22 12 0
2
42 168 
2
6705 16 16 0
44 24 10 0
2
42 169 
2
6706 16 16 0
44 18 2 0
2
42 170 
2
6707 16 16 0
44 26 14 0
2
42 171 
2
6708 16 16 0
44 20 4 0
2
42 172 
2
6709 16 16 0
42 26 8 0
2
42 173 
2
6710 16 16 0
38 26 6 0
2
42 174 
2
6711 16 16 0
36 20 32 0
2
42 175 
2
6712 16 16 0
38 6 8 0
2
42 176 
2
6713 16 16 0
38 20 30 0
2
42 177 
2
6714 16 16 0
36 8 4 0
2
42 178 
2
6715 16 16 0
34 10 2 0
2
42 179 
2
6716 16 16 0
32 30 22 0
2
42 180 
2
6717 16 16 0
30 26 26 0
2
42 181 
2
6718 16 16 0
28 32 20 0
2
42 182 
2
6719 16 16 0
24 32 10 0
2
40 42 
2
1657 10 16 0
6720 16 16 0
2
41 43 
2
1657 20 12 0
4893 18 14 0
2
42 161 
2
6721 16 16 0
47 14 2 0
2
43 97 
2
4894 18 14 0
48 12 14 0
2
42 162 
2
6722 16 16 0
45 30 18 0
2
42 163 
2
6723 16 16 0
41 24 22 0
2
42 164 
2
6724 16 16 0
39 26 20 0
2
42 166 
2
6725 16 16 0
41 20 22 0
2
42 167 
2
6726 16 16 0
43 22 12 0
2
42 168 
2
6727 16 16 0
45 24 10 0
2
42 169 
2
6728 16 16 0
45 18 2 0
2
42 170 
2
6729 16 16 0
45 26 14 0
2
42 171 
2
6730 16 16 0
45 20 4 0
2
42 172 
2
6731 16 16 0
43 26 8 0
2
42 173 
2
6732 16 16 0
39 26 6 0
2
42 174 
2
6733 16 16 0
37 20 32 0
2
42 175 
2
6734 16 16 0
39 6 8 0
2
42 176 
2
6735 16 16 0
39 20 30 0
2
42 177 
2
6736 16 16 0
37 8 4 0
2
42 178 
2
6737 16 16 0
35 10 2 0
2
42 179 
2
6738 16 16 0
33 30 22 0
2
42 180 
2
6739 16 16 0
31 26 26 0
2
42 181 
2
6740 16 16 0
29 32 20 0
2
42 182 
2
6741 16 16 0
25 32 10 0
2
20 40 
2
414 14 16 0
1658 10 16 0
2
21 41 
2
414 20 14 0
1658 20 12 0
2
38 40 
2
830 4 16 0
1659 10 16 0
2
39 41 
2
830 22 8 0
1659 20 12 0
2
288 42 
2
161 6 34 0
6742 16 16 0
2
40 42 
2
1660 10 16 0
6743 16 16 0
2
289 42 
2
161 6 0 0
6744 16 16 0
2
20 42 
2
415 14 16 0
6745 16 16 0
2
290 42 
2
161 4 34 0
6746 16 16 0
2
40 42 
2
1661 10 16 0
6747 16 16 0
2
291 42 
2
161 4 0 0
6748 16 16 0
2
268 43 
2
146 26 34 0
4895 18 14 0
2
41 43 
2
1660 20 12 0
4896 18 14 0
2
269 43 
2
146 26 0 0
4897 18 14 0
2
21 43 
2
415 20 14 0
4898 18 14 0
2
270 43 
2
146 24 34 0
4899 18 14 0
2
41 43 
2
1661 20 12 0
4900 18 14 0
2
271 43 
2
146 24 0 0
4901 18 14 0
2
42 162 
2
6749 16 16 0
46 30 18 0
2
43 96 
2
4902 18 14 0
48 16 4 0
2
42 163 
2
6750 16 16 0
42 24 22 0
2
42 164 
2
6751 16 16 0
40 26 20 0
2
42 166 
2
6752 16 16 0
42 20 22 0
2
42 167 
2
6753 16 16 0
44 22 12 0
2
42 168 
2
6754 16 16 0
46 24 10 0
2
42 169 
2
6755 16 16 0
46 18 2 0
2
42 170 
2
6756 16 16 0
46 26 14 0
2
42 171 
2
6757 16 16 0
46 20 4 0
2
42 172 
2
6758 16 16 0
44 26 8 0
2
42 173 
2
6759 16 16 0
40 26 6 0
2
42 174 
2
6760 16 16 0
38 20 32 0
2
42 175 
2
6761 16 16 0
40 6 8 0
2
42 176 
2
6762 16 16 0
40 20 30 0
2
42 177 
2
6763 16 16 0
38 8 4 0
2
42 178 
2
6764 16 16 0
36 10 2 0
2
42 179 
2
6765 16 16 0
34 30 22 0
2
42 180 
2
6766 16 16 0
32 26 26 0
2
42 181 
2
6767 16 16 0
30 32 20 0
2
42 182 
2
6768 16 16 0
26 32 10 0
2
42 183 
2
6769 16 16 0
22 2 8 0
2
40 42 
2
1662 10 16 0
6770 16 16 0
2
41 43 
2
1662 20 12 0
4903 18 14 0
2
42 162 
2
6771 16 16 0
47 30 18 0
2
43 96 
2
4904 18 14 0
49 16 4 0
2
42 163 
2
6772 16 16 0
43 24 22 0
2
43 97 
2
4905 18 14 0
49 12 14 0
2
42 164 
2
6773 16 16 0
41 26 20 0
2
42 166 
2
6774 16 16 0
43 20 22 0
2
42 167 
2
6775 16 16 0
45 22 12 0
2
42 168 
2
6776 16 16 0
47 24 10 0
2
42 169 
2
6777 16 16 0
47 18 2 0
2
42 170 
2
6778 16 16 0
47 26 14 0
2
42 171 
2
6779 16 16 0
47 20 4 0
2
42 172 
2
6780 16 16 0
45 26 8 0
2
42 173 
2
6781 16 16 0
41 26 6 0
2
42 174 
2
6782 16 16 0
39 20 32 0
2
42 175 
2
6783 16 16 0
41 6 8 0
2
42 176 
2
6784 16 16 0
41 20 30 0
2
42 177 
2
6785 16 16 0
39 8 4 0
2
42 178 
2
6786 16 16 0
37 10 2 0
2
42 179 
2
6787 16 16 0
35 30 22 0
2
42 180 
2
6788 16 16 0
33 26 26 0
2
42 181 
2
6789 16 16 0
31 32 20 0
2
42 182 
2
6790 16 16 0
27 32 10 0
2
42 183 
2
6791 16 16 0
23 2 8 0
2
20 40 
2
416 14 16 0
1663 10 16 0
2
21 41 
2
416 20 14 0
1663 20 12 0
2
18 38 
2
208 4 18 0
831 4 16 0
2
19 39 
2
208 20 8 0
831 22 8 0
2
16 36 
2
104 4 24 0
415 4 22 0
2
17 37 
2
104 26 4 0
415 24 4 0
2
14 34 
2
52 4 26 0
207 2 24 0
2
15 35 
2
52 26 2 0
207 28 2 0
2
12 32 
2
26 2 26 0
106 2 28 0
2
13 33 
2
26 30 2 0
106 32 2 0
2
30 32 
2
57 4 28 0
107 2 28 0
2
31 33 
2
57 32 6 0
107 32 2 0
2
256 34 
2
155 34 10 0
208 2 24 0
2
32 34 
2
108 2 28 0
209 2 24 0
2
257 34 
2
155 34 8 0
210 2 24 0
2
12 34 
2
27 2 26 0
211 2 24 0
2
258 34 
2
155 34 6 0
212 2 24 0
2
32 34 
2
109 2 28 0
213 2 24 0
2
259 34 
2
155 34 4 0
214 2 24 0
2
284 35 
2
143 10 34 0
208 28 2 0
2
33 35 
2
108 32 2 0
209 28 2 0
2
285 35 
2
143 10 0 0
210 28 2 0
2
13 35 
2
27 30 2 0
211 28 2 0
2
286 35 
2
143 8 34 0
212 28 2 0
2
33 35 
2
109 32 2 0
213 28 2 0
2
287 35 
2
143 8 0 0
214 28 2 0
2
268 36 
2
161 26 34 0
416 4 22 0
2
34 36 
2
215 2 24 0
417 4 22 0
2
269 36 
2
161 26 0 0
418 4 22 0
2
14 36 
2
53 4 26 0
419 4 22 0
2
270 36 
2
161 24 34 0
420 4 22 0
2
34 36 
2
216 2 24 0
421 4 22 0
2
271 36 
2
161 24 0 0
422 4 22 0
2
248 37 
2
146 34 26 0
416 24 4 0
2
35 37 
2
215 28 2 0
417 24 4 0
2
249 37 
2
146 34 24 0
418 24 4 0
2
15 37 
2
53 26 2 0
419 24 4 0
2
250 37 
2
146 34 22 0
420 24 4 0
2
35 37 
2
216 28 2 0
421 24 4 0
2
251 37 
2
146 34 20 0
422 24 4 0
2
284 38 
2
161 10 34 0
832 4 16 0
2
36 38 
2
423 4 22 0
833 4 16 0
2
285 38 
2
161 10 0 0
834 4 16 0
2
16 38 
2
105 4 24 0
835 4 16 0
2
286 38 
2
161 8 34 0
836 4 16 0
2
36 38 
2
424 4 22 0
837 4 16 0
2
287 38 
2
161 8 0 0
838 4 16 0
2
264 39 
2
146 30 34 0
832 22 8 0
2
37 39 
2
423 24 4 0
833 22 8 0
2
265 39 
2
146 30 0 0
834 22 8 0
2
17 39 
2
105 26 4 0
835 22 8 0
2
266 39 
2
146 28 34 0
836 22 8 0
2
37 39 
2
424 24 4 0
837 22 8 0
2
267 39 
2
146 28 0 0
838 22 8 0
2
292 40 
2
161 2 34 0
1664 10 16 0
2
38 40 
2
839 4 16 0
1665 10 16 0
2
293 40 
2
161 2 0 0
1666 10 16 0
2
18 40 
2
209 4 18 0
1667 10 16 0
2
294 40 
2
161 0 34 0
1668 10 16 0
2
38 40 
2
840 4 16 0
1669 10 16 0
2
295 40 
2
161 0 32 0
1670 10 16 0
2
272 41 
2
146 22 34 0
1664 20 12 0
2
39 41 
2
839 22 8 0
1665 20 12 0
2
273 41 
2
146 22 0 0
1666 20 12 0
2
19 41 
2
209 20 8 0
1667 20 12 0
2
274 41 
2
146 20 34 0
1668 20 12 0
2
39 41 
2
840 22 8 0
1669 20 12 0
2
275 41 
2
146 20 0 0
1670 20 12 0
2
296 42 
2
161 0 30 0
6792 16 16 0
2
40 42 
2
1671 10 16 0
6793 16 16 0
2
297 42 
2
161 0 28 0
6794 16 16 0
2
20 42 
2
417 14 16 0
6795 16 16 0
2
298 42 
2
161 0 26 0
6796 16 16 0
2
40 42 
2
1672 10 16 0
6797 16 16 0
2
299 42 
2
161 0 24 0
6798 16 16 0
2
276 43 
2
146 18 34 0
4906 18 14 0
2
41 43 
2
1671 20 12 0
4907 18 14 0
2
277 43 
2
146 18 0 0
4908 18 14 0
2
21 43 
2
417 20 14 0
4909 18 14 0
2
278 43 
2
146 16 34 0
4910 18 14 0
2
41 43 
2
1672 20 12 0
4911 18 14 0
2
279 43 
2
146 16 0 0
4912 18 14 0
2
42 182 
2
6799 16 16 0
28 32 10 0
2
43 99 
2
4913 18 14 0
48 18 24 0
2
42 183 
2
6800 16 16 0
24 2 8 0
2
42 184 
2
6801 16 16 0
20 30 8 0
2
40 42 
2
1673 10 16 0
6802 16 16 0
2
41 43 
2
1673 20 12 0
4914 18 14 0
2
42 182 
2
6803 16 16 0
29 32 10 0
2
43 98 
2
4915 18 14 0
48 22 16 0
2
42 183 
2
6804 16 16 0
25 2 8 0
2
42 184 
2
6805 16 16 0
21 30 8 0
2
20 40 
2
418 14 16 0
1674 10 16 0
2
21 41 
2
418 20 14 0
1674 20 12 0
2
38 40 
2
841 4 16 0
1675 10 16 0
2
39 41 
2
841 22 8 0
1675 20 12 0
2
304 42 
2
161 0 14 0
6806 16 16 0
2
40 42 
2
1676 10 16 0
6807 16 16 0
2
305 42 
2
161 0 12 0
6808 16 16 0
2
20 42 
2
419 14 16 0
6809 16 16 0
2
306 42 
2
161 0 10 0
6810 16 16 0
2
40 42 
2
1677 10 16 0
6811 16 16 0
2
307 42 
2
161 0 8 0
6812 16 16 0
2
284 43 
2
146 10 34 0
4916 18 14 0
2
41 43 
2
1676 20 12 0
4917 18 14 0
2
285 43 
2
146 10 0 0
4918 18 14 0
2
21 43 
2
419 20 14 0
4919 18 14 0
2
286 43 
2
146 8 34 0
4920 18 14 0
2
41 43 
2
1677 20 12 0
4921 18 14 0
2
287 43 
2
146 8 0 0
4922 18 14 0
2
42 183 
2
6813 16 16 0
26 2 8 0
2
43 98 
2
4923 18 14 0
49 22 16 0
2
42 184 
2
6814 16 16 0
22 30 8 0
2
43 99 
2
4924 18 14 0
49 18 24 0
2
42 185 
2
6815 16 16 0
20 24 30 0
2
40 42 
2
1678 10 16 0
6816 16 16 0
2
41 43 
2
1678 20 12 0
4925 18 14 0
2
42 183 
2
6817 16 16 0
27 2 8 0
2
43 101 
2
4926 18 14 0
48 18 18 0
2
42 184 
2
6818 16 16 0
23 30 8 0
2
42 185 
2
6819 16 16 0
21 24 30 0
2
20 40 
2
420 14 16 0
1679 10 16 0
2
21 41 
2
420 20 14 0
1679 20 12 0
2
18 38 
2
210 4 18 0
842 4 16 0
2
19 39 
2
210 20 8 0
842 22 8 0
2
36 38 
2
425 4 22 0
843 4 16 0
2
37 39 
2
425 24 4 0
843 22 8 0
2
308 40 
2
161 0 6 0
1680 10 16 0
2
38 40 
2
844 4 16 0
1681 10 16 0
2
309 40 
2
161 0 4 0
1682 10 16 0
2
18 40 
2
211 4 18 0
1683 10 16 0
2
310 40 
2
161 0 2 0
1684 10 16 0
2
38 40 
2
845 4 16 0
1685 10 16 0
2
311 40 
2
161 0 0 0
1686 10 16 0
2
288 41 
2
146 6 34 0
1680 20 12 0
2
39 41 
2
844 22 8 0
1681 20 12 0
2
289 41 
2
146 6 0 0
1682 20 12 0
2
19 41 
2
211 20 8 0
1683 20 12 0
2
290 41 
2
146 4 34 0
1684 20 12 0
2
39 41 
2
845 22 8 0
1685 20 12 0
2
291 41 
2
146 4 0 0
1686 20 12 0
2
244 42 
2
164 34 34 0
6820 16 16 0
2
40 42 
2
1687 10 16 0
6821 16 16 0
2
245 42 
2
164 34 32 0
6822 16 16 0
2
20 42 
2
421 14 16 0
6823 16 16 0
2
246 42 
2
164 34 30 0
6824 16 16 0
2
40 42 
2
1688 10 16 0
6825 16 16 0
2
247 42 
2
164 34 28 0
6826 16 16 0
2
292 43 
2
146 2 34 0
4927 18 14 0
2
41 43 
2
1687 20 12 0
4928 18 14 0
2
293 43 
2
146 2 0 0
4929 18 14 0
2
21 43 
2
421 20 14 0
4930 18 14 0
2
294 43 
2
146 0 34 0
4931 18 14 0
2
41 43 
2
1688 20 12 0
4932 18 14 0
2
295 43 
2
146 0 32 0
4933 18 14 0
2
42 75 
2
6827 16 16 0
30 10 30 0
2
43 100 
2
4934 18 14 0
48 12 10 0
2
42 76 
2
6828 16 16 0
28 6 24 0
2
42 77 
2
6829 16 16 0
26 14 32 0
2
40 42 
2
1689 10 16 0
6830 16 16 0
2
41 43 
2
1689 20 12 0
4935 18 14 0
2
42 75 
2
6831 16 16 0
31 10 30 0
2
43 100 
2
4936 18 14 0
49 12 10 0
2
42 76 
2
6832 16 16 0
29 6 24 0
2
43 101 
2
4937 18 14 0
49 18 18 0
2
42 77 
2
6833 16 16 0
27 14 32 0
2
20 40 
2
422 14 16 0
1690 10 16 0
2
21 41 
2
422 20 14 0
1690 20 12 0
2
38 40 
2
846 4 16 0
1691 10 16 0
2
39 41 
2
846 22 8 0
1691 20 12 0
2
252 42 
2
164 34 18 0
6834 16 16 0
2
40 42 
2
1692 10 16 0
6835 16 16 0
2
253 42 
2
164 34 16 0
6836 16 16 0
2
20 42 
2
423 14 16 0
6837 16 16 0
2
254 42 
2
164 34 14 0
6838 16 16 0
2
40 42 
2
1693 10 16 0
6839 16 16 0
2
255 42 
2
164 34 12 0
6840 16 16 0
2
300 43 
2
146 0 22 0
4938 18 14 0
2
41 43 
2
1692 20 12 0
4939 18 14 0
2
301 43 
2
146 0 20 0
4940 18 14 0
2
21 43 
2
423 20 14 0
4941 18 14 0
2
302 43 
2
146 0 18 0
4942 18 14 0
2
41 43 
2
1693 20 12 0
4943 18 14 0
2
303 43 
2
146 0 16 0
4944 18 14 0
2
42 76 
2
6841 16 16 0
30 6 24 0
2
43 103 
2
4945 18 14 0
48 14 6 0
2
42 77 
2
6842 16 16 0
28 14 32 0
2
42 78 
2
6843 16 16 0
26 10 28 0
2
40 42 
2
1694 10 16 0
6844 16 16 0
2
41 43 
2
1694 20 12 0
4946 18 14 0
2
42 76 
2
6845 16 16 0
31 6 24 0
2
43 102 
2
4947 18 14 0
48 14 8 0
2
42 77 
2
6846 16 16 0
29 14 32 0
2
42 78 
2
6847 16 16 0
27 10 28 0
2
20 40 
2
424 14 16 0
1695 10 16 0
2
21 41 
2
424 20 14 0
1695 20 12 0
2
18 38 
2
212 4 18 0
847 4 16 0
2
19 39 
2
212 20 8 0
847 22 8 0
2
16 36 
2
106 4 24 0
426 4 22 0
2
17 37 
2
106 26 4 0
426 24 4 0
2
34 36 
2
217 2 24 0
427 4 22 0
2
35 37 
2
217 28 2 0
427 24 4 0
2
248 38 
2
164 34 26 0
848 4 16 0
2
36 38 
2
428 4 22 0
849 4 16 0
2
249 38 
2
164 34 24 0
850 4 16 0
2
16 38 
2
107 4 24 0
851 4 16 0
2
250 38 
2
164 34 22 0
852 4 16 0
2
36 38 
2
429 4 22 0
853 4 16 0
2
251 38 
2
164 34 20 0
854 4 16 0
2
296 39 
2
146 0 30 0
848 22 8 0
2
37 39 
2
428 24 4 0
849 22 8 0
2
297 39 
2
146 0 28 0
850 22 8 0
2
17 39 
2
107 26 4 0
851 22 8 0
2
298 39 
2
146 0 26 0
852 22 8 0
2
37 39 
2
429 24 4 0
853 22 8 0
2
299 39 
2
146 0 24 0
854 22 8 0
2
256 40 
2
164 34 10 0
1696 10 16 0
2
38 40 
2
855 4 16 0
1697 10 16 0
2
257 40 
2
164 34 8 0
1698 10 16 0
2
18 40 
2
213 4 18 0
1699 10 16 0
2
258 40 
2
164 34 6 0
1700 10 16 0
2
38 40 
2
856 4 16 0
1701 10 16 0
2
259 40 
2
164 34 4 0
1702 10 16 0
2
268 41 
2
149 26 34 0
1696 20 12 0
2
39 41 
2
855 22 8 0
1697 20 12 0
2
269 41 
2
149 26 0 0
1698 20 12 0
2
19 41 
2
213 20 8 0
1699 20 12 0
2
270 41 
2
149 24 34 0
1700 20 12 0
2
39 41 
2
856 22 8 0
1701 20 12 0
2
271 41 
2
149 24 0 0
1702 20 12 0
2
260 42 
2
164 34 2 0
6848 16 16 0
2
40 42 
2
1703 10 16 0
6849 16 16 0
2
261 42 
2
164 34 0 0
6850 16 16 0
2
20 42 
2
425 14 16 0
6851 16 16 0
2
262 42 
2
164 32 34 0
6852 16 16 0
2
40 42 
2
1704 10 16 0
6853 16 16 0
2
263 42 
2
164 32 0 0
6854 16 16 0
2
272 43 
2
149 22 34 0
4948 18 14 0
2
41 43 
2
1703 20 12 0
4949 18 14 0
2
273 43 
2
149 22 0 0
4950 18 14 0
2
21 43 
2
425 20 14 0
4951 18 14 0
2
274 43 
2
149 20 34 0
4952 18 14 0
2
41 43 
2
1704 20 12 0
4953 18 14 0
2
275 43 
2
149 20 0 0
4954 18 14 0
2
42 75 
2
6855 16 16 0
32 10 30 0
2
43 102 
2
4955 18 14 0
49 14 8 0
2
42 76 
2
6856 16 16 0
32 6 24 0
2
43 103 
2
4956 18 14 0
49 14 6 0
2
42 77 
2
6857 16 16 0
30 14 32 0
2
42 78 
2
6858 16 16 0
28 10 28 0
2
42 79 
2
6859 16 16 0
30 2 20 0
2
42 80 
2
6860 16 16 0
34 24 28 0
2
42 81 
2
6861 16 16 0
38 6 6 0
2
42 82 
2
6862 16 16 0
40 28 22 0
2
42 83 
2
6863 16 16 0
40 10 4 0
2
42 84 
2
6864 16 16 0
38 28 24 0
2
42 85 
2
6865 16 16 0
40 30 20 0
2
42 88 
2
6866 16 16 0
44 12 4 0
2
42 110 
2
6867 16 16 0
46 6 20 0
2
42 127 
2
6868 16 16 0
46 12 18 0
2
42 132 
2
6869 16 16 0
46 8 16 0
2
42 133 
2
6870 16 16 0
46 10 12 0
2
42 134 
2
6871 16 16 0
46 16 30 0
2
42 135 
2
6872 16 16 0
46 10 26 0
2
42 136 
2
6873 16 16 0
46 16 26 0
2
42 137 
2
6874 16 16 0
46 16 28 0
2
42 138 
2
6875 16 16 0
42 10 20 0
2
40 42 
2
1705 10 16 0
6876 16 16 0
2
41 43 
2
1705 20 12 0
4957 18 14 0
2
42 75 
2
6877 16 16 0
33 10 30 0
2
43 105 
2
4958 18 14 0
42 20 16 0
2
42 76 
2
6878 16 16 0
33 6 24 0
2
42 77 
2
6879 16 16 0
31 14 32 0
2
42 78 
2
6880 16 16 0
29 10 28 0
2
42 79 
2
6881 16 16 0
31 2 20 0
2
42 80 
2
6882 16 16 0
35 24 28 0
2
42 81 
2
6883 16 16 0
39 6 6 0
2
42 82 
2
6884 16 16 0
41 28 22 0
2
42 83 
2
6885 16 16 0
41 10 4 0
2
42 84 
2
6886 16 16 0
39 28 24 0
2
42 85 
2
6887 16 16 0
41 30 20 0
2
42 88 
2
6888 16 16 0
45 12 4 0
2
42 110 
2
6889 16 16 0
47 6 20 0
2
42 127 
2
6890 16 16 0
47 12 18 0
2
42 132 
2
6891 16 16 0
47 8 16 0
2
42 133 
2
6892 16 16 0
47 10 12 0
2
42 134 
2
6893 16 16 0
47 16 30 0
2
42 135 
2
6894 16 16 0
47 10 26 0
2
42 136 
2
6895 16 16 0
47 16 26 0
2
42 137 
2
6896 16 16 0
47 16 28 0
2
42 138 
2
6897 16 16 0
43 10 20 0
2
20 40 
2
426 14 16 0
1706 10 16 0
2
21 41 
2
426 20 14 0
1706 20 12 0
2
38 40 
2
857 4 16 0
1707 10 16 0
2
39 41 
2
857 22 8 0
1707 20 12 0
2
268 42 
2
164 26 34 0
6898 16 16 0
2
40 42 
2
1708 10 16 0
6899 16 16 0
2
269 42 
2
164 26 0 0
6900 16 16 0
2
20 42 
2
427 14 16 0
6901 16 16 0
2
270 42 
2
164 24 34 0
6902 16 16 0
2
40 42 
2
1709 10 16 0
6903 16 16 0
2
271 42 
2
164 24 0 0
6904 16 16 0
2
280 43 
2
149 14 34 0
4959 18 14 0
2
41 43 
2
1708 20 12 0
4960 18 14 0
2
281 43 
2
149 14 0 0
4961 18 14 0
2
21 43 
2
427 20 14 0
4962 18 14 0
2
282 43 
2
149 12 34 0
4963 18 14 0
2
41 43 
2
1709 20 12 0
4964 18 14 0
2
283 43 
2
149 12 0 0
4965 18 14 0
2
42 76 
2
6905 16 16 0
34 6 24 0
2
43 104 
2
4966 18 14 0
44 22 26 0
2
42 77 
2
6906 16 16 0
32 14 32 0
2
42 78 
2
6907 16 16 0
30 10 28 0
2
42 79 
2
6908 16 16 0
32 2 20 0
2
42 80 
2
6909 16 16 0
36 24 28 0
2
42 81 
2
6910 16 16 0
40 6 6 0
2
42 82 
2
6911 16 16 0
42 28 22 0
2
42 83 
2
6912 16 16 0
42 10 4 0
2
42 84 
2
6913 16 16 0
40 28 24 0
2
42 85 
2
6914 16 16 0
42 30 20 0
2
42 88 
2
6915 16 16 0
46 12 4 0
2
42 110 
2
6916 16 16 0
48 6 20 0
2
42 127 
2
6917 16 16 0
48 12 18 0
2
42 132 
2
6918 16 16 0
48 8 16 0
2
42 133 
2
6919 16 16 0
48 10 12 0
2
42 134 
2
6920 16 16 0
48 16 30 0
2
42 135 
2
6921 16 16 0
48 10 26 0
2
42 136 
2
6922 16 16 0
48 16 26 0
2
42 137 
2
6923 16 16 0
48 16 28 0
2
42 138 
2
6924 16 16 0
44 10 20 0
2
42 139 
2
6925 16 16 0
40 12 26 0
2
40 42 
2
1710 10 16 0
6926 16 16 0
2
41 43 
2
1710 20 12 0
4967 18 14 0
2
42 76 
2
6927 16 16 0
35 6 24 0
2
43 104 
2
4968 18 14 0
45 22 26 0
2
42 77 
2
6928 16 16 0
33 14 32 0
2
43 105 
2
4969 18 14 0
43 20 16 0
2
42 78 
2
6929 16 16 0
31 10 28 0
2
42 79 
2
6930 16 16 0
33 2 20 0
2
42 80 
2
6931 16 16 0
37 24 28 0
2
42 81 
2
6932 16 16 0
41 6 6 0
2
42 82 
2
6933 16 16 0
43 28 22 0
2
42 83 
2
6934 16 16 0
43 10 4 0
2
42 84 
2
6935 16 16 0
41 28 24 0
2
42 85 
2
6936 16 16 0
43 30 20 0
2
42 88 
2
6937 16 16 0
47 12 4 0
2
42 110 
2
6938 16 16 0
49 6 20 0
2
42 127 
2
6939 16 16 0
49 12 18 0
2
42 132 
2
6940 16 16 0
49 8 16 0
2
42 133 
2
6941 16 16 0
49 10 12 0
2
42 134 
2
6942 16 16 0
49 16 30 0
2
42 135 
2
6943 16 16 0
49 10 26 0
2
42 136 
2
6944 16 16 0
49 16 26 0
2
42 137 
2
6945 16 16 0
49 16 28 0
2
42 138 
2
6946 16 16 0
45 10 20 0
2
42 139 
2
6947 16 16 0
41 12 26 0
2
20 40 
2
428 14 16 0
1711 10 16 0
2
21 41 
2
428 20 14 0
1711 20 12 0
2
18 38 
2
214 4 18 0
858 4 16 0
2
19 39 
2
214 20 8 0
858 22 8 0
2
36 38 
2
430 4 22 0
859 4 16 0
2
37 39 
2
430 24 4 0
859 22 8 0
2
272 40 
2
164 22 34 0
1712 10 16 0
2
38 40 
2
860 4 16 0
1713 10 16 0
2
273 40 
2
164 22 0 0
1714 10 16 0
2
18 40 
2
215 4 18 0
1715 10 16 0
2
274 40 
2
164 20 34 0
1716 10 16 0
2
38 40 
2
861 4 16 0
1717 10 16 0
2
275 40 
2
164 20 0 0
1718 10 16 0
2
284 41 
2
149 10 34 0
1712 20 12 0
2
39 41 
2
860 22 8 0
1713 20 12 0
2
285 41 
2
149 10 0 0
1714 20 12 0
2
19 41 
2
215 20 8 0
1715 20 12 0
2
286 41 
2
149 8 34 0
1716 20 12 0
2
39 41 
2
861 22 8 0
1717 20 12 0
2
287 41 
2
149 8 0 0
1718 20 12 0
2
276 42 
2
164 18 34 0
6948 16 16 0
2
40 42 
2
1719 10 16 0
6949 16 16 0
2
277 42 
2
164 18 0 0
6950 16 16 0
2
20 42 
2
429 14 16 0
6951 16 16 0
2
278 42 
2
164 16 34 0
6952 16 16 0
2
40 42 
2
1720 10 16 0
6953 16 16 0
2
279 42 
2
164 16 0 0
6954 16 16 0
2
288 43 
2
149 6 34 0
4970 18 14 0
2
41 43 
2
1719 20 12 0
4971 18 14 0
2
289 43 
2
149 6 0 0
4972 18 14 0
2
21 43 
2
429 20 14 0
4973 18 14 0
2
290 43 
2
149 4 34 0
4974 18 14 0
2
41 43 
2
1720 20 12 0
4975 18 14 0
2
291 43 
2
149 4 0 0
4976 18 14 0
2
42 138 
2
6955 16 16 0
46 10 20 0
2
43 107 
2
4977 18 14 0
46 30 16 0
2
42 139 
2
6956 16 16 0
42 12 26 0
2
42 140 
2
6957 16 16 0
38 14 18 0
2
40 42 
2
1721 10 16 0
6958 16 16 0
2
41 43 
2
1721 20 12 0
4978 18 14 0
2
42 138 
2
6959 16 16 0
47 10 20 0
2
43 106 
2
4979 18 14 0
44 24 20 0
2
42 139 
2
6960 16 16 0
43 12 26 0
2
42 140 
2
6961 16 16 0
39 14 18 0
2
20 40 
2
430 14 16 0
1722 10 16 0
2
21 41 
2
430 20 14 0
1722 20 12 0
2
38 40 
2
862 4 16 0
1723 10 16 0
2
39 41 
2
862 22 8 0
1723 20 12 0
2
284 42 
2
164 10 34 0
6962 16 16 0
2
40 42 
2
1724 10 16 0
6963 16 16 0
2
285 42 
2
164 10 0 0
6964 16 16 0
2
20 42 
2
431 14 16 0
6965 16 16 0
2
286 42 
2
164 8 34 0
6966 16 16 0
2
40 42 
2
1725 10 16 0
6967 16 16 0
2
287 42 
2
164 8 0 0
6968 16 16 0
2
296 43 
2
149 0 30 0
4980 18 14 0
2
41 43 
2
1724 20 12 0
4981 18 14 0
2
297 43 
2
149 0 28 0
4982 18 14 0
2
21 43 
2
431 20 14 0
4983 18 14 0
2
298 43 
2
149 0 26 0
4984 18 14 0
2
41 43 
2
1725 20 12 0
4985 18 14 0
2
299 43 
2
149 0 24 0
4986 18 14 0
2
42 139 
2
6969 16 16 0
44 12 26 0
2
43 106 
2
4987 18 14 0
45 24 20 0
2
42 140 
2
6970 16 16 0
40 14 18 0
2
43 107 
2
4988 18 14 0
47 30 16 0
2
42 141 
2
6971 16 16 0
38 14 20 0
2
40 42 
2
1726 10 16 0
6972 16 16 0
2
41 43 
2
1726 20 12 0
4989 18 14 0
2
42 139 
2
6973 16 16 0
45 12 26 0
2
43 109 
2
4990 18 14 0
48 26 10 0
2
42 140 
2
6974 16 16 0
41 14 18 0
2
42 141 
2
6975 16 16 0
39 14 20 0
2
20 40 
2
432 14 16 0
1727 10 16 0
2
21 41 
2
432 20 14 0
1727 20 12 0
2
18 38 
2
216 4 18 0
863 4 16 0
2
19 39 
2
216 20 8 0
863 22 8 0
2
16 36 
2
108 4 24 0
431 4 22 0
2
17 37 
2
108 26 4 0
431 24 4 0
2
14 34 
2
54 4 26 0
218 2 24 0
2
15 35 
2
54 26 2 0
218 28 2 0
2
32 34 
2
110 2 28 0
219 2 24 0
2
33 35 
2
110 32 2 0
219 28 2 0
2
264 36 
2
164 30 34 0
432 4 22 0
2
34 36 
2
220 2 24 0
433 4 22 0
2
265 36 
2
164 30 0 0
434 4 22 0
2
14 36 
2
55 4 26 0
435 4 22 0
2
266 36 
2
164 28 34 0
436 4 22 0
2
34 36 
2
221 2 24 0
437 4 22 0
2
267 36 
2
164 28 0 0
438 4 22 0
2
276 37 
2
149 18 34 0
432 24 4 0
2
35 37 
2
220 28 2 0
433 24 4 0
2
277 37 
2
149 18 0 0
434 24 4 0
2
15 37 
2
55 26 2 0
435 24 4 0
2
278 37 
2
149 16 34 0
436 24 4 0
2
35 37 
2
221 28 2 0
437 24 4 0
2
279 37 
2
149 16 0 0
438 24 4 0
2
280 38 
2
164 14 34 0
864 4 16 0
2
36 38 
2
439 4 22 0
865 4 16 0
2
281 38 
2
164 14 0 0
866 4 16 0
2
16 38 
2
109 4 24 0
867 4 16 0
2
282 38 
2
164 12 34 0
868 4 16 0
2
36 38 
2
440 4 22 0
869 4 16 0
2
283 38 
2
164 12 0 0
870 4 16 0
2
292 39 
2
149 2 34 0
864 22 8 0
2
37 39 
2
439 24 4 0
865 22 8 0
2
293 39 
2
149 2 0 0
866 22 8 0
2
17 39 
2
109 26 4 0
867 22 8 0
2
294 39 
2
149 0 34 0
868 22 8 0
2
37 39 
2
440 24 4 0
869 22 8 0
2
295 39 
2
149 0 32 0
870 22 8 0
2
288 40 
2
164 6 34 0
1728 10 16 0
2
38 40 
2
871 4 16 0
1729 10 16 0
2
289 40 
2
164 6 0 0
1730 10 16 0
2
18 40 
2
217 4 18 0
1731 10 16 0
2
290 40 
2
164 4 34 0
1732 10 16 0
2
38 40 
2
872 4 16 0
1733 10 16 0
2
291 40 
2
164 4 0 0
1734 10 16 0
2
300 41 
2
149 0 22 0
1728 20 12 0
2
39 41 
2
871 22 8 0
1729 20 12 0
2
301 41 
2
149 0 20 0
1730 20 12 0
2
19 41 
2
217 20 8 0
1731 20 12 0
2
302 41 
2
149 0 18 0
1732 20 12 0
2
39 41 
2
872 22 8 0
1733 20 12 0
2
303 41 
2
149 0 16 0
1734 20 12 0
2
292 42 
2
164 2 34 0
6976 16 16 0
2
40 42 
2
1735 10 16 0
6977 16 16 0
2
293 42 
2
164 2 0 0
6978 16 16 0
2
20 42 
2
433 14 16 0
6979 16 16 0
2
294 42 
2
164 0 34 0
6980 16 16 0
2
40 42 
2
1736 10 16 0
6981 16 16 0
2
295 42 
2
164 0 32 0
6982 16 16 0
2
304 43 
2
149 0 14 0
4991 18 14 0
2
41 43 
2
1735 20 12 0
4992 18 14 0
2
305 43 
2
149 0 12 0
4993 18 14 0
2
21 43 
2
433 20 14 0
4994 18 14 0
2
306 43 
2
149 0 10 0
4995 18 14 0
2
41 43 
2
1736 20 12 0
4996 18 14 0
2
307 43 
2
149 0 8 0
4997 18 14 0
2
42 138 
2
6983 16 16 0
48 10 20 0
2
43 108 
2
4998 18 14 0
48 28 10 0
2
42 139 
2
6984 16 16 0
46 12 26 0
2
42 140 
2
6985 16 16 0
42 14 18 0
2
42 141 
2
6986 16 16 0
40 14 20 0
2
42 142 
2
6987 16 16 0
42 8 12 0
2
42 143 
2
6988 16 16 0
44 22 24 0
2
42 144 
2
6989 16 16 0
46 24 18 0
2
42 145 
2
6990 16 16 0
46 22 10 0
2
42 146 
2
6991 16 16 0
44 30 12 0
2
42 147 
2
6992 16 16 0
40 4 8 0
2
42 148 
2
6993 16 16 0
40 12 30 0
2
42 165 
2
6994 16 16 0
44 4 20 0
2
42 187 
2
6995 16 16 0
46 12 28 0
2
42 190 
2
6996 16 16 0
46 26 16 0
2
42 192 
2
6997 16 16 0
46 18 26 0
2
42 193 
2
6998 16 16 0
46 6 16 0
2
42 194 
2
6999 16 16 0
46 14 22 0
2
42 195 
2
7000 16 16 0
46 10 22 0
2
42 196 
2
7001 16 16 0
46 8 18 0
2
42 197 
2
7002 16 16 0
46 16 22 0
2
42 198 
2
7003 16 16 0
42 16 18 0
2
40 42 
2
1737 10 16 0
7004 16 16 0
2
41 43 
2
1737 20 12 0
4999 18 14 0
2
42 138 
2
7005 16 16 0
49 10 20 0
2
43 108 
2
5000 18 14 0
49 28 10 0
2
42 139 
2
7006 16 16 0
47 12 26 0
2
43 109 
2
5001 18 14 0
49 26 10 0
2
42 140 
2
7007 16 16 0
43 14 18 0
2
42 141 
2
7008 16 16 0
41 14 20 0
2
42 142 
2
7009 16 16 0
43 8 12 0
2
42 143 
2
7010 16 16 0
45 22 24 0
2
42 144 
2
7011 16 16 0
47 24 18 0
2
42 145 
2
7012 16 16 0
47 22 10 0
2
42 146 
2
7013 16 16 0
45 30 12 0
2
42 147 
2
7014 16 16 0
41 4 8 0
2
42 148 
2
7015 16 16 0
41 12 30 0
2
42 165 
2
7016 16 16 0
45 4 20 0
2
42 187 
2
7017 16 16 0
47 12 28 0
2
42 190 
2
7018 16 16 0
47 26 16 0
2
42 192 
2
7019 16 16 0
47 18 26 0
2
42 193 
2
7020 16 16 0
47 6 16 0
2
42 194 
2
7021 16 16 0
47 14 22 0
2
42 195 
2
7022 16 16 0
47 10 22 0
2
42 196 
2
7023 16 16 0
47 8 18 0
2
42 197 
2
7024 16 16 0
47 16 22 0
2
42 198 
2
7025 16 16 0
43 16 18 0
2
20 40 
2
434 14 16 0
1738 10 16 0
2
21 41 
2
434 20 14 0
1738 20 12 0
2
38 40 
2
873 4 16 0
1739 10 16 0
2
39 41 
2
873 22 8 0
1739 20 12 0
2
300 42 
2
164 0 22 0
7026 16 16 0
2
40 42 
2
1740 10 16 0
7027 16 16 0
2
301 42 
2
164 0 20 0
7028 16 16 0
2
20 42 
2
435 14 16 0
7029 16 16 0
2
302 42 
2
164 0 18 0
7030 16 16 0
2
40 42 
2
1741 10 16 0
7031 16 16 0
2
303 42 
2
164 0 16 0
7032 16 16 0
2
244 43 
2
152 34 34 0
5002 18 14 0
2
41 43 
2
1740 20 12 0
5003 18 14 0
2
245 43 
2
152 34 32 0
5004 18 14 0
2
21 43 
2
435 20 14 0
5005 18 14 0
2
246 43 
2
152 34 30 0
5006 18 14 0
2
41 43 
2
1741 20 12 0
5007 18 14 0
2
247 43 
2
152 34 28 0
5008 18 14 0
2
42 139 
2
7033 16 16 0
48 12 26 0
2
43 112 
2
5009 18 14 0
48 30 14 0
2
42 140 
2
7034 16 16 0
44 14 18 0
2
42 141 
2
7035 16 16 0
42 14 20 0
2
42 142 
2
7036 16 16 0
44 8 12 0
2
42 143 
2
7037 16 16 0
46 22 24 0
2
42 144 
2
7038 16 16 0
48 24 18 0
2
42 145 
2
7039 16 16 0
48 22 10 0
2
42 146 
2
7040 16 16 0
46 30 12 0
2
42 147 
2
7041 16 16 0
42 4 8 0
2
42 148 
2
7042 16 16 0
42 12 30 0
2
42 165 
2
7043 16 16 0
46 4 20 0
2
42 187 
2
7044 16 16 0
48 12 28 0
2
42 190 
2
7045 16 16 0
48 26 16 0
2
42 192 
2
7046 16 16 0
48 18 26 0
2
42 193 
2
7047 16 16 0
48 6 16 0
2
42 194 
2
7048 16 16 0
48 14 22 0
2
42 195 
2
7049 16 16 0
48 10 22 0
2
42 196 
2
7050 16 16 0
48 8 18 0
2
42 197 
2
7051 16 16 0
48 16 22 0
2
42 198 
2
7052 16 16 0
44 16 18 0
2
42 199 
2
7053 16 16 0
40 14 28 0
2
40 42 
2
1742 10 16 0
7054 16 16 0
2
41 43 
2
1742 20 12 0
5010 18 14 0
2
42 139 
2
7055 16 16 0
49 12 26 0
2
43 111 
2
5011 18 14 0
48 18 6 0
2
42 140 
2
7056 16 16 0
45 14 18 0
2
42 141 
2
7057 16 16 0
43 14 20 0
2
42 142 
2
7058 16 16 0
45 8 12 0
2
42 143 
2
7059 16 16 0
47 22 24 0
2
42 144 
2
7060 16 16 0
49 24 18 0
2
42 145 
2
7061 16 16 0
49 22 10 0
2
42 146 
2
7062 16 16 0
47 30 12 0
2
42 147 
2
7063 16 16 0
43 4 8 0
2
42 148 
2
7064 16 16 0
43 12 30 0
2
42 165 
2
7065 16 16 0
47 4 20 0
2
42 187 
2
7066 16 16 0
49 12 28 0
2
42 190 
2
7067 16 16 0
49 26 16 0
2
42 192 
2
7068 16 16 0
49 18 26 0
2
42 193 
2
7069 16 16 0
49 6 16 0
2
42 194 
2
7070 16 16 0
49 14 22 0
2
42 195 
2
7071 16 16 0
49 10 22 0
2
42 196 
2
7072 16 16 0
49 8 18 0
2
42 197 
2
7073 16 16 0
49 16 22 0
2
42 198 
2
7074 16 16 0
45 16 18 0
2
42 199 
2
7075 16 16 0
41 14 28 0
2
20 40 
2
436 14 16 0
1743 10 16 0
2
21 41 
2
436 20 14 0
1743 20 12 0
2
18 38 
2
218 4 18 0
874 4 16 0
2
19 39 
2
218 20 8 0
874 22 8 0
2
36 38 
2
441 4 22 0
875 4 16 0
2
37 39 
2
441 24 4 0
875 22 8 0
2
304 40 
2
164 0 14 0
1744 10 16 0
2
38 40 
2
876 4 16 0
1745 10 16 0
2
305 40 
2
164 0 12 0
1746 10 16 0
2
18 40 
2
219 4 18 0
1747 10 16 0
2
306 40 
2
164 0 10 0
1748 10 16 0
2
38 40 
2
877 4 16 0
1749 10 16 0
2
307 40 
2
164 0 8 0
1750 10 16 0
2
248 41 
2
152 34 26 0
1744 20 12 0
2
39 41 
2
876 22 8 0
1745 20 12 0
2
249 41 
2
152 34 24 0
1746 20 12 0
2
19 41 
2
219 20 8 0
1747 20 12 0
2
250 41 
2
152 34 22 0
1748 20 12 0
2
39 41 
2
877 22 8 0
1749 20 12 0
2
251 41 
2
152 34 20 0
1750 20 12 0
2
308 42 
2
164 0 6 0
7076 16 16 0
2
40 42 
2
1751 10 16 0
7077 16 16 0
2
309 42 
2
164 0 4 0
7078 16 16 0
2
20 42 
2
437 14 16 0
7079 16 16 0
2
310 42 
2
164 0 2 0
7080 16 16 0
2
40 42 
2
1752 10 16 0
7081 16 16 0
2
311 42 
2
164 0 0 0
7082 16 16 0
2
252 43 
2
152 34 18 0
5012 18 14 0
2
41 43 
2
1751 20 12 0
5013 18 14 0
2
253 43 
2
152 34 16 0
5014 18 14 0
2
21 43 
2
437 20 14 0
5015 18 14 0
2
254 43 
2
152 34 14 0
5016 18 14 0
2
41 43 
2
1752 20 12 0
5017 18 14 0
2
255 43 
2
152 34 12 0
5018 18 14 0
2
42 198 
2
7083 16 16 0
46 16 18 0
2
43 111 
2
5019 18 14 0
49 18 6 0
2
42 199 
2
7084 16 16 0
42 14 28 0
2
43 112 
2
5020 18 14 0
49 30 14 0
2
42 200 
2
7085 16 16 0
38 10 18 0
2
40 42 
2
1753 10 16 0
7086 16 16 0
2
41 43 
2
1753 20 12 0
5021 18 14 0
2
42 198 
2
7087 16 16 0
47 16 18 0
2
43 114 
2
5022 18 14 0
42 30 10 0
2
42 199 
2
7088 16 16 0
43 14 28 0
2
42 200 
2
7089 16 16 0
39 10 18 0
2
20 40 
2
438 14 16 0
1754 10 16 0
2
21 41 
2
438 20 14 0
1754 20 12 0
2
38 40 
2
878 4 16 0
1755 10 16 0
2
39 41 
2
878 22 8 0
1755 20 12 0
2
248 42 
2
167 34 26 0
7090 16 16 0
2
40 42 
2
1756 10 16 0
7091 16 16 0
2
249 42 
2
167 34 24 0
7092 16 16 0
2
20 42 
2
439 14 16 0
7093 16 16 0
2
250 42 
2
167 34 22 0
7094 16 16 0
2
40 42 
2
1757 10 16 0
7095 16 16 0
2
251 42 
2
167 34 20 0
7096 16 16 0
2
260 43 
2
152 34 2 0
5023 18 14 0
2
41 43 
2
1756 20 12 0
5024 18 14 0
2
261 43 
2
152 34 0 0
5025 18 14 0
2
21 43 
2
439 20 14 0
5026 18 14 0
2
262 43 
2
152 32 34 0
5027 18 14 0
2
41 43 
2
1757 20 12 0
5028 18 14 0
2
263 43 
2
152 32 0 0
5029 18 14 0
2
42 199 
2
7097 16 16 0
44 14 28 0
2
43 113 
2
5030 18 14 0
46 22 4 0
2
42 200 
2
7098 16 16 0
40 10 18 0
2
42 201 
2
7099 16 16 0
38 18 20 0
2
40 42 
2
1758 10 16 0
7100 16 16 0
2
41 43 
2
1758 20 12 0
5031 18 14 0
2
42 199 
2
7101 16 16 0
45 14 28 0
2
43 113 
2
5032 18 14 0
47 22 4 0
2
42 200 
2
7102 16 16 0
41 10 18 0
2
43 114 
2
5033 18 14 0
43 30 10 0
2
42 201 
2
7103 16 16 0
39 18 20 0
2
20 40 
2
440 14 16 0
1759 10 16 0
2
21 41 
2
440 20 14 0
1759 20 12 0
2
18 38 
2
220 4 18 0
879 4 16 0
2
19 39 
2
220 20 8 0
879 22 8 0
2
16 36 
2
110 4 24 0
442 4 22 0
2
17 37 
2
110 26 4 0
442 24 4 0
2
34 36 
2
222 2 24 0
443 4 22 0
2
35 37 
2
222 28 2 0
443 24 4 0
2
244 38 
2
167 34 34 0
880 4 16 0
2
36 38 
2
444 4 22 0
881 4 16 0
2
245 38 
2
167 34 32 0
882 4 16 0
2
16 38 
2
111 4 24 0
883 4 16 0
2
246 38 
2
167 34 30 0
884 4 16 0
2
36 38 
2
445 4 22 0
885 4 16 0
2
247 38 
2
167 34 28 0
886 4 16 0
2
256 39 
2
152 34 10 0
880 22 8 0
2
37 39 
2
444 24 4 0
881 22 8 0
2
257 39 
2
152 34 8 0
882 22 8 0
2
17 39 
2
111 26 4 0
883 22 8 0
2
258 39 
2
152 34 6 0
884 22 8 0
2
37 39 
2
445 24 4 0
885 22 8 0
2
259 39 
2
152 34 4 0
886 22 8 0
2
252 40 
2
167 34 18 0
1760 10 16 0
2
38 40 
2
887 4 16 0
1761 10 16 0
2
253 40 
2
167 34 16 0
1762 10 16 0
2
18 40 
2
221 4 18 0
1763 10 16 0
2
254 40 
2
167 34 14 0
1764 10 16 0
2
38 40 
2
888 4 16 0
1765 10 16 0
2
255 40 
2
167 34 12 0
1766 10 16 0
2
264 41 
2
152 30 34 0
1760 20 12 0
2
39 41 
2
887 22 8 0
1761 20 12 0
2
265 41 
2
152 30 0 0
1762 20 12 0
2
19 41 
2
221 20 8 0
1763 20 12 0
2
266 41 
2
152 28 34 0
1764 20 12 0
2
39 41 
2
888 22 8 0
1765 20 12 0
2
267 41 
2
152 28 0 0
1766 20 12 0
2
256 42 
2
167 34 10 0
7104 16 16 0
2
40 42 
2
1767 10 16 0
7105 16 16 0
2
257 42 
2
167 34 8 0
7106 16 16 0
2
20 42 
2
441 14 16 0
7107 16 16 0
2
258 42 
2
167 34 6 0
7108 16 16 0
2
40 42 
2
1768 10 16 0
7109 16 16 0
2
259 42 
2
167 34 4 0
7110 16 16 0
2
268 43 
2
152 26 34 0
5034 18 14 0
2
41 43 
2
1767 20 12 0
5035 18 14 0
2
269 43 
2
152 26 0 0
5036 18 14 0
2
21 43 
2
441 20 14 0
5037 18 14 0
2
270 43 
2
152 24 34 0
5038 18 14 0
2
41 43 
2
1768 20 12 0
5039 18 14 0
2
271 43 
2
152 24 0 0
5040 18 14 0
2
42 198 
2
7111 16 16 0
48 16 18 0
2
43 116 
2
5041 18 14 0
46 8 8 0
2
42 199 
2
7112 16 16 0
46 14 28 0
2
42 200 
2
7113 16 16 0
42 10 18 0
2
42 201 
2
7114 16 16 0
40 18 20 0
2
42 202 
2
7115 16 16 0
42 14 14 0
2
42 203 
2
7116 16 16 0
44 2 14 0
2
42 204 
2
7117 16 16 0
46 20 20 0
2
42 205 
2
7118 16 16 0
46 18 10 0
2
42 206 
2
7119 16 16 0
44 26 24 0
2
42 207 
2
7120 16 16 0
40 4 10 0
2
42 208 
2
7121 16 16 0
40 32 16 0
2
42 209 
2
7122 16 16 0
44 2 18 0
2
42 210 
2
7123 16 16 0
46 8 24 0
2
42 211 
2
7124 16 16 0
46 6 18 0
2
42 212 
2
7125 16 16 0
46 16 24 0
2
42 213 
2
7126 16 16 0
46 16 32 0
2
42 214 
2
7127 16 16 0
46 12 20 0
2
42 215 
2
7128 16 16 0
46 18 16 0
2
42 216 
2
7129 16 16 0
46 8 20 0
2
42 217 
2
7130 16 16 0
46 14 26 0
2
42 218 
2
7131 16 16 0
42 10 24 0
2
40 42 
2
1769 10 16 0
7132 16 16 0
2
41 43 
2
1769 20 12 0
5042 18 14 0
2
42 198 
2
7133 16 16 0
49 16 18 0
2
43 115 
2
5043 18 14 0
42 2 10 0
2
42 199 
2
7134 16 16 0
47 14 28 0
2
42 200 
2
7135 16 16 0
43 10 18 0
2
42 201 
2
7136 16 16 0
41 18 20 0
2
42 202 
2
7137 16 16 0
43 14 14 0
2
42 203 
2
7138 16 16 0
45 2 14 0
2
42 204 
2
7139 16 16 0
47 20 20 0
2
42 205 
2
7140 16 16 0
47 18 10 0
2
42 206 
2
7141 16 16 0
45 26 24 0
2
42 207 
2
7142 16 16 0
41 4 10 0
2
42 208 
2
7143 16 16 0
41 32 16 0
2
42 209 
2
7144 16 16 0
45 2 18 0
2
42 210 
2
7145 16 16 0
47 8 24 0
2
42 211 
2
7146 16 16 0
47 6 18 0
2
42 212 
2
7147 16 16 0
47 16 24 0
2
42 213 
2
7148 16 16 0
47 16 32 0
2
42 214 
2
7149 16 16 0
47 12 20 0
2
42 215 
2
7150 16 16 0
47 18 16 0
2
42 216 
2
7151 16 16 0
47 8 20 0
2
42 217 
2
7152 16 16 0
47 14 26 0
2
42 218 
2
7153 16 16 0
43 10 24 0
2
20 40 
2
442 14 16 0
1770 10 16 0
2
21 41 
2
442 20 14 0
1770 20 12 0
2
38 40 
2
889 4 16 0
1771 10 16 0
2
39 41 
2
889 22 8 0
1771 20 12 0
2
264 42 
2
167 30 34 0
7154 16 16 0
2
40 42 
2
1772 10 16 0
7155 16 16 0
2
265 42 
2
167 30 0 0
7156 16 16 0
2
20 42 
2
443 14 16 0
7157 16 16 0
2
266 42 
2
167 28 34 0
7158 16 16 0
2
40 42 
2
1773 10 16 0
7159 16 16 0
2
267 42 
2
167 28 0 0
7160 16 16 0
2
276 43 
2
152 18 34 0
5044 18 14 0
2
41 43 
2
1772 20 12 0
5045 18 14 0
2
277 43 
2
152 18 0 0
5046 18 14 0
2
21 43 
2
443 20 14 0
5047 18 14 0
2
278 43 
2
152 16 34 0
5048 18 14 0
2
41 43 
2
1773 20 12 0
5049 18 14 0
2
279 43 
2
152 16 0 0
5050 18 14 0
2
42 199 
2
7161 16 16 0
48 14 28 0
2
43 115 
2
5051 18 14 0
43 2 10 0
2
42 200 
2
7162 16 16 0
44 10 18 0
2
43 116 
2
5052 18 14 0
47 8 8 0
2
42 201 
2
7163 16 16 0
42 18 20 0
2
42 202 
2
7164 16 16 0
44 14 14 0
2
42 203 
2
7165 16 16 0
46 2 14 0
2
42 204 
2
7166 16 16 0
48 20 20 0
2
42 205 
2
7167 16 16 0
48 18 10 0
2
42 206 
2
7168 16 16 0
46 26 24 0
2
42 207 
2
7169 16 16 0
42 4 10 0
2
42 208 
2
7170 16 16 0
42 32 16 0
2
42 209 
2
7171 16 16 0
46 2 18 0
2
42 210 
2
7172 16 16 0
48 8 24 0
2
42 211 
2
7173 16 16 0
48 6 18 0
2
42 212 
2
7174 16 16 0
48 16 24 0
2
42 213 
2
7175 16 16 0
48 16 32 0
2
42 214 
2
7176 16 16 0
48 12 20 0
2
42 215 
2
7177 16 16 0
48 18 16 0
2
42 216 
2
7178 16 16 0
48 8 20 0
2
42 217 
2
7179 16 16 0
48 14 26 0
2
42 218 
2
7180 16 16 0
44 10 24 0
2
42 219 
2
7181 16 16 0
40 24 24 0
2
40 42 
2
1774 10 16 0
7182 16 16 0
2
41 43 
2
1774 20 12 0
5053 18 14 0
2
42 199 
2
7183 16 16 0
49 14 28 0
2
43 118 
2
5054 18 14 0
48 12 12 0
2
42 200 
2
7184 16 16 0
45 10 18 0
2
42 201 
2
7185 16 16 0
43 18 20 0
2
42 202 
2
7186 16 16 0
45 14 14 0
2
42 203 
2
7187 16 16 0
47 2 14 0
2
42 204 
2
7188 16 16 0
49 20 20 0
2
42 205 
2
7189 16 16 0
49 18 10 0
2
42 206 
2
7190 16 16 0
47 26 24 0
2
42 207 
2
7191 16 16 0
43 4 10 0
2
42 208 
2
7192 16 16 0
43 32 16 0
2
42 209 
2
7193 16 16 0
47 2 18 0
2
42 210 
2
7194 16 16 0
49 8 24 0
2
42 211 
2
7195 16 16 0
49 6 18 0
2
42 212 
2
7196 16 16 0
49 16 24 0
2
42 213 
2
7197 16 16 0
49 16 32 0
2
42 214 
2
7198 16 16 0
49 12 20 0
2
42 215 
2
7199 16 16 0
49 18 16 0
2
42 216 
2
7200 16 16 0
49 8 20 0
2
42 217 
2
7201 16 16 0
49 14 26 0
2
42 218 
2
7202 16 16 0
45 10 24 0
2
42 219 
2
7203 16 16 0
41 24 24 0
2
20 40 
2
444 14 16 0
1775 10 16 0
2
21 41 
2
444 20 14 0
1775 20 12 0
2
18 38 
2
222 4 18 0
890 4 16 0
2
19 39 
2
222 20 8 0
890 22 8 0
2
36 38 
2
446 4 22 0
891 4 16 0
2
37 39 
2
446 24 4 0
891 22 8 0
2
268 40 
2
167 26 34 0
1776 10 16 0
2
38 40 
2
892 4 16 0
1777 10 16 0
2
269 40 
2
167 26 0 0
1778 10 16 0
2
18 40 
2
223 4 18 0
1779 10 16 0
2
270 40 
2
167 24 34 0
1780 10 16 0
2
38 40 
2
893 4 16 0
1781 10 16 0
2
271 40 
2
167 24 0 0
1782 10 16 0
2
280 41 
2
152 14 34 0
1776 20 12 0
2
39 41 
2
892 22 8 0
1777 20 12 0
2
281 41 
2
152 14 0 0
1778 20 12 0
2
19 41 
2
223 20 8 0
1779 20 12 0
2
282 41 
2
152 12 34 0
1780 20 12 0
2
39 41 
2
893 22 8 0
1781 20 12 0
2
283 41 
2
152 12 0 0
1782 20 12 0
2
272 42 
2
167 22 34 0
7204 16 16 0
2
40 42 
2
1783 10 16 0
7205 16 16 0
2
273 42 
2
167 22 0 0
7206 16 16 0
2
20 42 
2
445 14 16 0
7207 16 16 0
2
274 42 
2
167 20 34 0
7208 16 16 0
2
40 42 
2
1784 10 16 0
7209 16 16 0
2
275 42 
2
167 20 0 0
7210 16 16 0
2
284 43 
2
152 10 34 0
5055 18 14 0
2
41 43 
2
1783 20 12 0
5056 18 14 0
2
285 43 
2
152 10 0 0
5057 18 14 0
2
21 43 
2
445 20 14 0
5058 18 14 0
2
286 43 
2
152 8 34 0
5059 18 14 0
2
41 43 
2
1784 20 12 0
5060 18 14 0
2
287 43 
2
152 8 0 0
5061 18 14 0
2
42 218 
2
7211 16 16 0
46 10 24 0
2
43 117 
2
5062 18 14 0
48 12 8 0
2
42 219 
2
7212 16 16 0
42 24 24 0
2
42 220 
2
7213 16 16 0
38 12 24 0
2
40 42 
2
1785 10 16 0
7214 16 16 0
2
41 43 
2
1785 20 12 0
5063 18 14 0
2
42 218 
2
7215 16 16 0
47 10 24 0
2
43 117 
2
5064 18 14 0
49 12 8 0
2
42 219 
2
7216 16 16 0
43 24 24 0
2
43 118 
2
5065 18 14 0
49 12 12 0
2
42 220 
2
7217 16 16 0
39 12 24 0
2
20 40 
2
446 14 16 0
1786 10 16 0
2
21 41 
2
446 20 14 0
1786 20 12 0
2
38 40 
2
894 4 16 0
1787 10 16 0
2
39 41 
2
894 22 8 0
1787 20 12 0
2
280 42 
2
167 14 34 0
7218 16 16 0
2
40 42 
2
1788 10 16 0
7219 16 16 0
2
281 42 
2
167 14 0 0
7220 16 16 0
2
20 42 
2
447 14 16 0
7221 16 16 0
2
282 42 
2
167 12 34 0
7222 16 16 0
2
40 42 
2
1789 10 16 0
7223 16 16 0
2
283 42 
2
167 12 0 0
7224 16 16 0
2
292 43 
2
152 2 34 0
5066 18 14 0
2
41 43 
2
1788 20 12 0
5067 18 14 0
2
293 43 
2
152 2 0 0
5068 18 14 0
2
21 43 
2
447 20 14 0
5069 18 14 0
2
294 43 
2
152 0 34 0
5070 18 14 0
2
41 43 
2
1789 20 12 0
5071 18 14 0
2
295 43 
2
152 0 32 0
5072 18 14 0
2
42 219 
2
7225 16 16 0
44 24 24 0
2
43 120 
2
5073 18 14 0
48 28 20 0
2
42 220 
2
7226 16 16 0
40 12 24 0
2
42 221 
2
7227 16 16 0
38 6 22 0
2
40 42 
2
1790 10 16 0
7228 16 16 0
2
41 43 
2
1790 20 12 0
5074 18 14 0
2
42 219 
2
7229 16 16 0
45 24 24 0
2
43 119 
2
5075 18 14 0
48 22 18 0
2
42 220 
2
7230 16 16 0
41 12 24 0
2
42 221 
2
7231 16 16 0
39 6 22 0
2
20 40 
2
448 14 16 0
1791 10 16 0
2
21 41 
2
448 20 14 0
1791 20 12 0
2
18 38 
2
224 4 18 0
895 4 16 0
2
19 39 
2
224 20 8 0
895 22 8 0
2
16 36 
2
112 4 24 0
447 4 22 0
2
17 37 
2
112 26 4 0
447 24 4 0
2
14 34 
2
56 4 26 0
223 2 24 0
2
15 35 
2
56 26 2 0
223 28 2 0
2
12 32 
2
28 2 26 0
111 2 28 0
2
13 33 
2
28 30 2 0
111 32 2 0
2
10 30 
2
14 6 28 0
58 4 28 0
2
11 31 
2
14 32 4 0
58 32 6 0
2
28 30 
2
30 4 30 0
59 4 28 0
2
29 31 
2
30 32 26 0
59 32 6 0
2
300 32 
2
161 0 22 0
112 2 28 0
2
30 32 
2
60 4 28 0
113 2 28 0
2
301 32 
2
161 0 20 0
114 2 28 0
2
10 32 
2
15 6 28 0
115 2 28 0
2
302 32 
2
161 0 18 0
116 2 28 0
2
30 32 
2
61 4 28 0
117 2 28 0
2
303 32 
2
161 0 16 0
118 2 28 0
2
280 33 
2
146 14 34 0
112 32 2 0
2
31 33 
2
60 32 6 0
113 32 2 0
2
281 33 
2
146 14 0 0
114 32 2 0
2
11 33 
2
15 32 4 0
115 32 2 0
2
282 33 
2
146 12 34 0
116 32 2 0
2
31 33 
2
61 32 6 0
117 32 2 0
2
283 33 
2
146 12 0 0
118 32 2 0
2
296 34 
2
164 0 30 0
224 2 24 0
2
32 34 
2
119 2 28 0
225 2 24 0
2
297 34 
2
164 0 28 0
226 2 24 0
2
12 34 
2
29 2 26 0
227 2 24 0
2
298 34 
2
164 0 26 0
228 2 24 0
2
32 34 
2
120 2 28 0
229 2 24 0
2
299 34 
2
164 0 24 0
230 2 24 0
2
308 35 
2
149 0 6 0
224 28 2 0
2
33 35 
2
119 32 2 0
225 28 2 0
2
309 35 
2
149 0 4 0
226 28 2 0
2
13 35 
2
29 30 2 0
227 28 2 0
2
310 35 
2
149 0 2 0
228 28 2 0
2
33 35 
2
120 32 2 0
229 28 2 0
2
311 35 
2
149 0 0 0
230 28 2 0
2
260 36 
2
167 34 2 0
448 4 22 0
2
34 36 
2
231 2 24 0
449 4 22 0
2
261 36 
2
167 34 0 0
450 4 22 0
2
14 36 
2
57 4 26 0
451 4 22 0
2
262 36 
2
167 32 34 0
452 4 22 0
2
34 36 
2
232 2 24 0
453 4 22 0
2
263 36 
2
167 32 0 0
454 4 22 0
2
272 37 
2
152 22 34 0
448 24 4 0
2
35 37 
2
231 28 2 0
449 24 4 0
2
273 37 
2
152 22 0 0
450 24 4 0
2
15 37 
2
57 26 2 0
451 24 4 0
2
274 37 
2
152 20 34 0
452 24 4 0
2
35 37 
2
232 28 2 0
453 24 4 0
2
275 37 
2
152 20 0 0
454 24 4 0
2
276 38 
2
167 18 34 0
896 4 16 0
2
36 38 
2
455 4 22 0
897 4 16 0
2
277 38 
2
167 18 0 0
898 4 16 0
2
16 38 
2
113 4 24 0
899 4 16 0
2
278 38 
2
167 16 34 0
900 4 16 0
2
36 38 
2
456 4 22 0
901 4 16 0
2
279 38 
2
167 16 0 0
902 4 16 0
2
288 39 
2
152 6 34 0
896 22 8 0
2
37 39 
2
455 24 4 0
897 22 8 0
2
289 39 
2
152 6 0 0
898 22 8 0
2
17 39 
2
113 26 4 0
899 22 8 0
2
290 39 
2
152 4 34 0
900 22 8 0
2
37 39 
2
456 24 4 0
901 22 8 0
2
291 39 
2
152 4 0 0
902 22 8 0
2
284 40 
2
167 10 34 0
1792 10 16 0
2
38 40 
2
903 4 16 0
1793 10 16 0
2
285 40 
2
167 10 0 0
1794 10 16 0
2
18 40 
2
225 4 18 0
1795 10 16 0
2
286 40 
2
167 8 34 0
1796 10 16 0
2
38 40 
2
904 4 16 0
1797 10 16 0
2
287 40 
2
167 8 0 0
1798 10 16 0
2
296 41 
2
152 0 30 0
1792 20 12 0
2
39 41 
2
903 22 8 0
1793 20 12 0
2
297 41 
2
152 0 28 0
1794 20 12 0
2
19 41 
2
225 20 8 0
1795 20 12 0
2
298 41 
2
152 0 26 0
1796 20 12 0
2
39 41 
2
904 22 8 0
1797 20 12 0
2
299 41 
2
152 0 24 0
1798 20 12 0
2
288 42 
2
167 6 34 0
7232 16 16 0
2
40 42 
2
1799 10 16 0
7233 16 16 0
2
289 42 
2
167 6 0 0
7234 16 16 0
2
20 42 
2
449 14 16 0
7235 16 16 0
2
290 42 
2
167 4 34 0
7236 16 16 0
2
40 42 
2
1800 10 16 0
7237 16 16 0
2
291 42 
2
167 4 0 0
7238 16 16 0
2
300 43 
2
152 0 22 0
5076 18 14 0
2
41 43 
2
1799 20 12 0
5077 18 14 0
2
301 43 
2
152 0 20 0
5078 18 14 0
2
21 43 
2
449 20 14 0
5079 18 14 0
2
302 43 
2
152 0 18 0
5080 18 14 0
2
41 43 
2
1800 20 12 0
5081 18 14 0
2
303 43 
2
152 0 16 0
5082 18 14 0
2
42 218 
2
7239 16 16 0
48 10 24 0
2
43 119 
2
5083 18 14 0
49 22 18 0
2
42 219 
2
7240 16 16 0
46 24 24 0
2
43 120 
2
5084 18 14 0
49 28 20 0
2
42 220 
2
7241 16 16 0
42 12 24 0
2
42 221 
2
7242 16 16 0
40 6 22 0
2
42 222 
2
7243 16 16 0
42 6 14 0
2
42 223 
2
7244 16 16 0
44 14 12 0
2
42 224 
2
7245 16 16 0
46 24 12 0
2
42 225 
2
7246 16 16 0
46 20 18 0
2
42 226 
2
7247 16 16 0
44 18 32 0
2
42 227 
2
7248 16 16 0
40 2 12 0
2
42 228 
2
7249 16 16 0
40 12 2 0
2
42 229 
2
7250 16 16 0
44 2 16 0
2
42 230 
2
7251 16 16 0
46 10 8 0
2
42 231 
2
7252 16 16 0
46 14 30 0
2
42 232 
2
7253 16 16 0
46 26 22 0
2
42 233 
2
7254 16 16 0
46 8 22 0
2
42 234 
2
7255 16 16 0
46 12 22 0
2
42 235 
2
7256 16 16 0
46 14 24 0
2
42 236 
2
7257 16 16 0
46 8 10 0
2
42 237 
2
7258 16 16 0
46 20 28 0
2
42 238 
2
7259 16 16 0
42 14 10 0
2
40 42 
2
1801 10 16 0
7260 16 16 0
2
41 43 
2
1801 20 12 0
5085 18 14 0
2
42 218 
2
7261 16 16 0
49 10 24 0
2
43 122 
2
5086 18 14 0
48 12 6 0
2
42 219 
2
7262 16 16 0
47 24 24 0
2
42 220 
2
7263 16 16 0
43 12 24 0
2
42 221 
2
7264 16 16 0
41 6 22 0
2
42 222 
2
7265 16 16 0
43 6 14 0
2
42 223 
2
7266 16 16 0
45 14 12 0
2
42 224 
2
7267 16 16 0
47 24 12 0
2
42 225 
2
7268 16 16 0
47 20 18 0
2
42 226 
2
7269 16 16 0
45 18 32 0
2
42 227 
2
7270 16 16 0
41 2 12 0
2
42 228 
2
7271 16 16 0
41 12 2 0
2
42 229 
2
7272 16 16 0
45 2 16 0
2
42 230 
2
7273 16 16 0
47 10 8 0
2
42 231 
2
7274 16 16 0
47 14 30 0
2
42 232 
2
7275 16 16 0
47 26 22 0
2
42 233 
2
7276 16 16 0
47 8 22 0
2
42 234 
2
7277 16 16 0
47 12 22 0
2
42 235 
2
7278 16 16 0
47 14 24 0
2
42 236 
2
7279 16 16 0
47 8 10 0
2
42 237 
2
7280 16 16 0
47 20 28 0
2
42 238 
2
7281 16 16 0
43 14 10 0
2
20 40 
2
450 14 16 0
1802 10 16 0
2
21 41 
2
450 20 14 0
1802 20 12 0
2
38 40 
2
905 4 16 0
1803 10 16 0
2
39 41 
2
905 22 8 0
1803 20 12 0
2
296 42 
2
167 0 30 0
7282 16 16 0
2
40 42 
2
1804 10 16 0
7283 16 16 0
2
297 42 
2
167 0 28 0
7284 16 16 0
2
20 42 
2
451 14 16 0
7285 16 16 0
2
298 42 
2
167 0 26 0
7286 16 16 0
2
40 42 
2
1805 10 16 0
7287 16 16 0
2
299 42 
2
167 0 24 0
7288 16 16 0
2
308 43 
2
152 0 6 0
5087 18 14 0
2
41 43 
2
1804 20 12 0
5088 18 14 0
2
309 43 
2
152 0 4 0
5089 18 14 0
2
21 43 
2
451 20 14 0
5090 18 14 0
2
310 43 
2
152 0 2 0
5091 18 14 0
2
41 43 
2
1805 20 12 0
5092 18 14 0
2
311 43 
2
152 0 0 0
5093 18 14 0
2
42 219 
2
7289 16 16 0
48 24 24 0
2
43 121 
2
5094 18 14 0
48 8 14 0
2
42 220 
2
7290 16 16 0
44 12 24 0
2
42 221 
2
7291 16 16 0
42 6 22 0
2
42 222 
2
7292 16 16 0
44 6 14 0
2
42 223 
2
7293 16 16 0
46 14 12 0
2
42 224 
2
7294 16 16 0
48 24 12 0
2
42 225 
2
7295 16 16 0
48 20 18 0
2
42 226 
2
7296 16 16 0
46 18 32 0
2
42 227 
2
7297 16 16 0
42 2 12 0
2
42 228 
2
7298 16 16 0
42 12 2 0
2
42 229 
2
7299 16 16 0
46 2 16 0
2
42 230 
2
7300 16 16 0
48 10 8 0
2
42 231 
2
7301 16 16 0
48 14 30 0
2
42 232 
2
7302 16 16 0
48 26 22 0
2
42 233 
2
7303 16 16 0
48 8 22 0
2
42 234 
2
7304 16 16 0
48 12 22 0
2
42 235 
2
7305 16 16 0
48 14 24 0
2
42 236 
2
7306 16 16 0
48 8 10 0
2
42 237 
2
7307 16 16 0
48 20 28 0
2
42 238 
2
7308 16 16 0
44 14 10 0
2
42 239 
2
7309 16 16 0
40 16 20 0
2
40 42 
2
1806 10 16 0
7310 16 16 0
2
41 43 
2
1806 20 12 0
5095 18 14 0
2
42 219 
2
7311 16 16 0
49 24 24 0
2
43 121 
2
5096 18 14 0
49 8 14 0
2
42 220 
2
7312 16 16 0
45 12 24 0
2
43 122 
2
5097 18 14 0
49 12 6 0
2
42 221 
2
7313 16 16 0
43 6 22 0
2
42 222 
2
7314 16 16 0
45 6 14 0
2
42 223 
2
7315 16 16 0
47 14 12 0
2
42 224 
2
7316 16 16 0
49 24 12 0
2
42 225 
2
7317 16 16 0
49 20 18 0
2
42 226 
2
7318 16 16 0
47 18 32 0
2
42 227 
2
7319 16 16 0
43 2 12 0
2
42 228 
2
7320 16 16 0
43 12 2 0
2
42 229 
2
7321 16 16 0
47 2 16 0
2
42 230 
2
7322 16 16 0
49 10 8 0
2
42 231 
2
7323 16 16 0
49 14 30 0
2
42 232 
2
7324 16 16 0
49 26 22 0
2
42 233 
2
7325 16 16 0
49 8 22 0
2
42 234 
2
7326 16 16 0
49 12 22 0
2
42 235 
2
7327 16 16 0
49 14 24 0
2
42 236 
2
7328 16 16 0
49 8 10 0
2
42 237 
2
7329 16 16 0
49 20 28 0
2
42 238 
2
7330 16 16 0
45 14 10 0
2
42 239 
2
7331 16 16 0
41 16 20 0
2
20 40 
2
452 14 16 0
1807 10 16 0
2
21 41 
2
452 20 14 0
1807 20 12 0
2
18 38 
2
226 4 18 0
906 4 16 0
2
19 39 
2
226 20 8 0
906 22 8 0
2
36 38 
2
457 4 22 0
907 4 16 0
2
37 39 
2
457 24 4 0
907 22 8 0
2
300 40 
2
167 0 22 0
1808 10 16 0
2
38 40 
2
908 4 16 0
1809 10 16 0
2
301 40 
2
167 0 20 0
1810 10 16 0
2
18 40 
2
227 4 18 0
1811 10 16 0
2
302 40 
2
167 0 18 0
1812 10 16 0
2
38 40 
2
909 4 16 0
1813 10 16 0
2
303 40 
2
167 0 16 0
1814 10 16 0
2
244 41 
2
155 34 34 0
1808 20 12 0
2
39 41 
2
908 22 8 0
1809 20 12 0
2
245 41 
2
155 34 32 0
1810 20 12 0
2
19 41 
2
227 20 8 0
1811 20 12 0
2
246 41 
2
155 34 30 0
1812 20 12 0
2
39 41 
2
909 22 8 0
1813 20 12 0
2
247 41 
2
155 34 28 0
1814 20 12 0
2
304 42 
2
167 0 14 0
7332 16 16 0
2
40 42 
2
1815 10 16 0
7333 16 16 0
2
305 42 
2
167 0 12 0
7334 16 16 0
2
20 42 
2
453 14 16 0
7335 16 16 0
2
306 42 
2
167 0 10 0
7336 16 16 0
2
40 42 
2
1816 10 16 0
7337 16 16 0
2
307 42 
2
167 0 8 0
7338 16 16 0
2
248 43 
2
155 34 26 0
5098 18 14 0
2
41 43 
2
1815 20 12 0
5099 18 14 0
2
249 43 
2
155 34 24 0
5100 18 14 0
2
21 43 
2
453 20 14 0
5101 18 14 0
2
250 43 
2
155 34 22 0
5102 18 14 0
2
41 43 
2
1816 20 12 0
5103 18 14 0
2
251 43 
2
155 34 20 0
5104 18 14 0
2
42 238 
2
7339 16 16 0
46 14 10 0
2
43 124 
2
5105 18 14 0
48 20 26 0
2
42 239 
2
7340 16 16 0
42 16 20 0
2
42 50 
2
7341 16 16 0
40 4 12 0
2
40 42 
2
1817 10 16 0
7342 16 16 0
2
41 43 
2
1817 20 12 0
5106 18 14 0
2
42 238 
2
7343 16 16 0
47 14 10 0
2
43 123 
2
5107 18 14 0
48 22 20 0
2
42 239 
2
7344 16 16 0
43 16 20 0
2
42 50 
2
7345 16 16 0
41 4 12 0
2
20 40 
2
454 14 16 0
1818 10 16 0
2
21 41 
2
454 20 14 0
1818 20 12 0
2
38 40 
2
910 4 16 0
1819 10 16 0
2
39 41 
2
910 22 8 0
1819 20 12 0
2
244 42 
2
170 34 34 0
7346 16 16 0
2
40 42 
2
1820 10 16 0
7347 16 16 0
2
245 42 
2
170 34 32 0
7348 16 16 0
2
20 42 
2
455 14 16 0
7349 16 16 0
2
246 42 
2
170 34 30 0
7350 16 16 0
2
40 42 
2
1821 10 16 0
7351 16 16 0
2
247 42 
2
170 34 28 0
7352 16 16 0
2
288 43 
2
155 6 34 0
5108 18 14 0
2
41 43 
2
1820 20 12 0
5109 18 14 0
2
289 43 
2
155 6 0 0
5110 18 14 0
2
21 43 
2
455 20 14 0
5111 18 14 0
2
290 43 
2
155 4 34 0
5112 18 14 0
2
41 43 
2
1821 20 12 0
5113 18 14 0
2
291 43 
2
155 4 0 0
5114 18 14 0
2
42 239 
2
7353 16 16 0
44 16 20 0
2
43 123 
2
5115 18 14 0
49 22 20 0
2
42 50 
2
7354 16 16 0
42 4 12 0
2
43 124 
2
5116 18 14 0
49 20 26 0
2
42 45 
2
7355 16 16 0
44 16 2 0
2
40 42 
2
1822 10 16 0
7356 16 16 0
2
41 43 
2
1822 20 12 0
5117 18 14 0
2
42 239 
2
7357 16 16 0
45 16 20 0
2
43 126 
2
5118 18 14 0
42 16 10 0
2
42 50 
2
7358 16 16 0
43 4 12 0
2
42 45 
2
7359 16 16 0
45 16 2 0
2
20 40 
2
456 14 16 0
1823 10 16 0
2
21 41 
2
456 20 14 0
1823 20 12 0
2
18 38 
2
228 4 18 0
911 4 16 0
2
19 39 
2
228 20 8 0
911 22 8 0
2
16 36 
2
114 4 24 0
458 4 22 0
2
17 37 
2
114 26 4 0
458 24 4 0
2
34 36 
2
233 2 24 0
459 4 22 0
2
35 37 
2
233 28 2 0
459 24 4 0
2
308 38 
2
167 0 6 0
912 4 16 0
2
36 38 
2
460 4 22 0
913 4 16 0
2
309 38 
2
167 0 4 0
914 4 16 0
2
16 38 
2
115 4 24 0
915 4 16 0
2
310 38 
2
167 0 2 0
916 4 16 0
2
36 38 
2
461 4 22 0
917 4 16 0
2
311 38 
2
167 0 0 0
918 4 16 0
2
284 39 
2
155 10 34 0
912 22 8 0
2
37 39 
2
460 24 4 0
913 22 8 0
2
285 39 
2
155 10 0 0
914 22 8 0
2
17 39 
2
115 26 4 0
915 22 8 0
2
286 39 
2
155 8 34 0
916 22 8 0
2
37 39 
2
461 24 4 0
917 22 8 0
2
287 39 
2
155 8 0 0
918 22 8 0
2
248 40 
2
170 34 26 0
1824 10 16 0
2
38 40 
2
919 4 16 0
1825 10 16 0
2
249 40 
2
170 34 24 0
1826 10 16 0
2
18 40 
2
229 4 18 0
1827 10 16 0
2
250 40 
2
170 34 22 0
1828 10 16 0
2
38 40 
2
920 4 16 0
1829 10 16 0
2
251 40 
2
170 34 20 0
1830 10 16 0
2
292 41 
2
155 2 34 0
1824 20 12 0
2
39 41 
2
919 22 8 0
1825 20 12 0
2
293 41 
2
155 2 0 0
1826 20 12 0
2
19 41 
2
229 20 8 0
1827 20 12 0
2
294 41 
2
155 0 34 0
1828 20 12 0
2
39 41 
2
920 22 8 0
1829 20 12 0
2
295 41 
2
155 0 32 0
1830 20 12 0
2
252 42 
2
170 34 18 0
7360 16 16 0
2
40 42 
2
1831 10 16 0
7361 16 16 0
2
253 42 
2
170 34 16 0
7362 16 16 0
2
20 42 
2
457 14 16 0
7363 16 16 0
2
254 42 
2
170 34 14 0
7364 16 16 0
2
40 42 
2
1832 10 16 0
7365 16 16 0
2
255 42 
2
170 34 12 0
7366 16 16 0
2
296 43 
2
155 0 30 0
5119 18 14 0
2
41 43 
2
1831 20 12 0
5120 18 14 0
2
297 43 
2
155 0 28 0
5121 18 14 0
2
21 43 
2
457 20 14 0
5122 18 14 0
2
298 43 
2
155 0 26 0
5123 18 14 0
2
41 43 
2
1832 20 12 0
5124 18 14 0
2
299 43 
2
155 0 24 0
5125 18 14 0
2
42 238 
2
7367 16 16 0
48 14 10 0
2
43 125 
2
5126 18 14 0
44 12 16 0
2
42 239 
2
7368 16 16 0
46 16 20 0
2
42 50 
2
7369 16 16 0
44 4 12 0
2
42 45 
2
7370 16 16 0
46 16 2 0
2
42 47 
2
7371 16 16 0
48 26 12 0
2
42 49 
2
7372 16 16 0
50 32 14 0
2
42 52 
2
7373 16 16 0
50 18 4 0
2
42 53 
2
7374 16 16 0
50 18 8 0
2
42 54 
2
7375 16 16 0
48 24 6 0
2
42 55 
2
7376 16 16 0
44 24 2 0
2
42 56 
2
7377 16 16 0
44 32 18 0
2
42 57 
2
7378 16 16 0
48 22 28 0
2
42 58 
2
7379 16 16 0
50 10 10 0
2
42 59 
2
7380 16 16 0
50 28 16 0
2
42 60 
2
7381 16 16 0
50 16 8 0
2
42 61 
2
7382 16 16 0
50 18 30 0
2
42 62 
2
7383 16 16 0
50 20 24 0
2
42 63 
2
7384 16 16 0
50 16 12 0
2
42 64 
2
7385 16 16 0
50 16 6 0
2
42 65 
2
7386 16 16 0
50 10 6 0
2
42 66 
2
7387 16 16 0
46 18 22 0
2
40 42 
2
1833 10 16 0
7388 16 16 0
2
41 43 
2
1833 20 12 0
5127 18 14 0
2
42 238 
2
7389 16 16 0
49 14 10 0
2
43 125 
2
5128 18 14 0
45 12 16 0
2
42 239 
2
7390 16 16 0
47 16 20 0
2
43 126 
2
5129 18 14 0
43 16 10 0
2
42 50 
2
7391 16 16 0
45 4 12 0
2
42 45 
2
7392 16 16 0
47 16 2 0
2
42 47 
2
7393 16 16 0
49 26 12 0
2
42 49 
2
7394 16 16 0
51 32 14 0
2
42 52 
2
7395 16 16 0
51 18 4 0
2
42 53 
2
7396 16 16 0
51 18 8 0
2
42 54 
2
7397 16 16 0
49 24 6 0
2
42 55 
2
7398 16 16 0
45 24 2 0
2
42 56 
2
7399 16 16 0
45 32 18 0
2
42 57 
2
7400 16 16 0
49 22 28 0
2
42 58 
2
7401 16 16 0
51 10 10 0
2
42 59 
2
7402 16 16 0
51 28 16 0
2
42 60 
2
7403 16 16 0
51 16 8 0
2
42 61 
2
7404 16 16 0
51 18 30 0
2
42 62 
2
7405 16 16 0
51 20 24 0
2
42 63 
2
7406 16 16 0
51 16 12 0
2
42 64 
2
7407 16 16 0
51 16 6 0
2
42 65 
2
7408 16 16 0
51 10 6 0
2
42 66 
2
7409 16 16 0
47 18 22 0
2
20 40 
2
458 14 16 0
1834 10 16 0
2
21 41 
2
458 20 14 0
1834 20 12 0
2
38 40 
2
921 4 16 0
1835 10 16 0
2
39 41 
2
921 22 8 0
1835 20 12 0
2
260 42 
2
170 34 2 0
7410 16 16 0
2
40 42 
2
1836 10 16 0
7411 16 16 0
2
261 42 
2
170 34 0 0
7412 16 16 0
2
20 42 
2
459 14 16 0
7413 16 16 0
2
262 42 
2
170 32 34 0
7414 16 16 0
2
40 42 
2
1837 10 16 0
7415 16 16 0
2
263 42 
2
170 32 0 0
7416 16 16 0
2
304 43 
2
155 0 14 0
5130 18 14 0
2
41 43 
2
1836 20 12 0
5131 18 14 0
2
305 43 
2
155 0 12 0
5132 18 14 0
2
21 43 
2
459 20 14 0
5133 18 14 0
2
306 43 
2
155 0 10 0
5134 18 14 0
2
41 43 
2
1837 20 12 0
5135 18 14 0
2
307 43 
2
155 0 8 0
5136 18 14 0
2
42 239 
2
7417 16 16 0
48 16 20 0
2
43 129 
2
5137 18 14 0
46 28 12 0
2
42 50 
2
7418 16 16 0
46 4 12 0
2
42 45 
2
7419 16 16 0
48 16 2 0
2
42 47 
2
7420 16 16 0
50 26 12 0
2
42 49 
2
7421 16 16 0
52 32 14 0
2
42 52 
2
7422 16 16 0
52 18 4 0
2
42 53 
2
7423 16 16 0
52 18 8 0
2
42 54 
2
7424 16 16 0
50 24 6 0
2
42 55 
2
7425 16 16 0
46 24 2 0
2
42 56 
2
7426 16 16 0
46 32 18 0
2
42 57 
2
7427 16 16 0
50 22 28 0
2
42 58 
2
7428 16 16 0
52 10 10 0
2
42 59 
2
7429 16 16 0
52 28 16 0
2
42 60 
2
7430 16 16 0
52 16 8 0
2
42 61 
2
7431 16 16 0
52 18 30 0
2
42 62 
2
7432 16 16 0
52 20 24 0
2
42 63 
2
7433 16 16 0
52 16 12 0
2
42 64 
2
7434 16 16 0
52 16 6 0
2
42 65 
2
7435 16 16 0
52 10 6 0
2
42 66 
2
7436 16 16 0
48 18 22 0
2
42 67 
2
7437 16 16 0
44 18 28 0
2
40 42 
2
1838 10 16 0
7438 16 16 0
2
41 43 
2
1838 20 12 0
5138 18 14 0
2
42 239 
2
7439 16 16 0
49 16 20 0
2
43 128 
2
5139 18 14 0
44 16 14 0
2
42 50 
2
7440 16 16 0
47 4 12 0
2
42 45 
2
7441 16 16 0
49 16 2 0
2
42 47 
2
7442 16 16 0
51 26 12 0
2
42 49 
2
7443 16 16 0
53 32 14 0
2
42 52 
2
7444 16 16 0
53 18 4 0
2
42 53 
2
7445 16 16 0
53 18 8 0
2
42 54 
2
7446 16 16 0
51 24 6 0
2
42 55 
2
7447 16 16 0
47 24 2 0
2
42 56 
2
7448 16 16 0
47 32 18 0
2
42 57 
2
7449 16 16 0
51 22 28 0
2
42 58 
2
7450 16 16 0
53 10 10 0
2
42 59 
2
7451 16 16 0
53 28 16 0
2
42 60 
2
7452 16 16 0
53 16 8 0
2
42 61 
2
7453 16 16 0
53 18 30 0
2
42 62 
2
7454 16 16 0
53 20 24 0
2
42 63 
2
7455 16 16 0
53 16 12 0
2
42 64 
2
7456 16 16 0
53 16 6 0
2
42 65 
2
7457 16 16 0
53 10 6 0
2
42 66 
2
7458 16 16 0
49 18 22 0
2
42 67 
2
7459 16 16 0
45 18 28 0
2
20 40 
2
460 14 16 0
1839 10 16 0
2
21 41 
2
460 20 14 0
1839 20 12 0
2
18 38 
2
230 4 18 0
922 4 16 0
2
19 39 
2
230 20 8 0
922 22 8 0
2
36 38 
2
462 4 22 0
923 4 16 0
2
37 39 
2
462 24 4 0
923 22 8 0
2
264 40 
2
170 30 34 0
1840 10 16 0
2
38 40 
2
924 4 16 0
1841 10 16 0
2
265 40 
2
170 30 0 0
1842 10 16 0
2
18 40 
2
231 4 18 0
1843 10 16 0
2
266 40 
2
170 28 34 0
1844 10 16 0
2
38 40 
2
925 4 16 0
1845 10 16 0
2
267 40 
2
170 28 0 0
1846 10 16 0
2
308 41 
2
155 0 6 0
1840 20 12 0
2
39 41 
2
924 22 8 0
1841 20 12 0
2
309 41 
2
155 0 4 0
1842 20 12 0
2
19 41 
2
231 20 8 0
1843 20 12 0
2
310 41 
2
155 0 2 0
1844 20 12 0
2
39 41 
2
925 22 8 0
1845 20 12 0
2
311 41 
2
155 0 0 0
1846 20 12 0
2
268 42 
2
170 26 34 0
7460 16 16 0
2
40 42 
2
1847 10 16 0
7461 16 16 0
2
269 42 
2
170 26 0 0
7462 16 16 0
2
20 42 
2
461 14 16 0
7463 16 16 0
2
270 42 
2
170 24 34 0
7464 16 16 0
2
40 42 
2
1848 10 16 0
7465 16 16 0
2
271 42 
2
170 24 0 0
7466 16 16 0
2
244 43 
2
158 34 34 0
5140 18 14 0
2
41 43 
2
1847 20 12 0
5141 18 14 0
2
245 43 
2
158 34 32 0
5142 18 14 0
2
21 43 
2
461 20 14 0
5143 18 14 0
2
246 43 
2
158 34 30 0
5144 18 14 0
2
41 43 
2
1848 20 12 0
5145 18 14 0
2
247 43 
2
158 34 28 0
5146 18 14 0
2
42 66 
2
7467 16 16 0
50 18 22 0
2
43 128 
2
5147 18 14 0
45 16 14 0
2
42 67 
2
7468 16 16 0
46 18 28 0
2
43 129 
2
5148 18 14 0
47 28 12 0
2
42 68 
2
7469 16 16 0
46 18 12 0
2
40 42 
2
1849 10 16 0
7470 16 16 0
2
41 43 
2
1849 20 12 0
5149 18 14 0
2
42 66 
2
7471 16 16 0
51 18 22 0
2
43 131 
2
5150 18 14 0
48 28 14 0
2
42 67 
2
7472 16 16 0
47 18 28 0
2
42 68 
2
7473 16 16 0
47 18 12 0
2
20 40 
2
462 14 16 0
1850 10 16 0
2
21 41 
2
462 20 14 0
1850 20 12 0
2
38 40 
2
926 4 16 0
1851 10 16 0
2
39 41 
2
926 22 8 0
1851 20 12 0
2
276 42 
2
170 18 34 0
7474 16 16 0
2
40 42 
2
1852 10 16 0
7475 16 16 0
2
277 42 
2
170 18 0 0
7476 16 16 0
2
20 42 
2
463 14 16 0
7477 16 16 0
2
278 42 
2
170 16 34 0
7478 16 16 0
2
40 42 
2
1853 10 16 0
7479 16 16 0
2
279 42 
2
170 16 0 0
7480 16 16 0
2
252 43 
2
158 34 18 0
5151 18 14 0
2
41 43 
2
1852 20 12 0
5152 18 14 0
2
253 43 
2
158 34 16 0
5153 18 14 0
2
21 43 
2
463 20 14 0
5154 18 14 0
2
254 43 
2
158 34 14 0
5155 18 14 0
2
41 43 
2
1853 20 12 0
5156 18 14 0
2
255 43 
2
158 34 12 0
5157 18 14 0
2
42 67 
2
7481 16 16 0
48 18 28 0
2
43 130 
2
5158 18 14 0
48 22 6 0
2
42 68 
2
7482 16 16 0
48 18 12 0
2
42 86 
2
7483 16 16 0
48 6 10 0
2
40 42 
2
1854 10 16 0
7484 16 16 0
2
41 43 
2
1854 20 12 0
5159 18 14 0
2
42 67 
2
7485 16 16 0
49 18 28 0
2
43 130 
2
5160 18 14 0
49 22 6 0
2
42 68 
2
7486 16 16 0
49 18 12 0
2
43 131 
2
5161 18 14 0
49 28 14 0
2
42 86 
2
7487 16 16 0
49 6 10 0
2
20 40 
2
464 14 16 0
1855 10 16 0
2
21 41 
2
464 20 14 0
1855 20 12 0
2
18 38 
2
232 4 18 0
927 4 16 0
2
19 39 
2
232 20 8 0
927 22 8 0
2
16 36 
2
116 4 24 0
463 4 22 0
2
17 37 
2
116 26 4 0
463 24 4 0
2
14 34 
2
58 4 26 0
234 2 24 0
2
15 35 
2
58 26 2 0
234 28 2 0
2
32 34 
2
121 2 28 0
235 2 24 0
2
33 35 
2
121 32 2 0
235 28 2 0
2
256 36 
2
170 34 10 0
464 4 22 0
2
34 36 
2
236 2 24 0
465 4 22 0
2
257 36 
2
170 34 8 0
466 4 22 0
2
14 36 
2
59 4 26 0
467 4 22 0
2
258 36 
2
170 34 6 0
468 4 22 0
2
34 36 
2
237 2 24 0
469 4 22 0
2
259 36 
2
170 34 4 0
470 4 22 0
2
300 37 
2
155 0 22 0
464 24 4 0
2
35 37 
2
236 28 2 0
465 24 4 0
2
301 37 
2
155 0 20 0
466 24 4 0
2
15 37 
2
59 26 2 0
467 24 4 0
2
302 37 
2
155 0 18 0
468 24 4 0
2
35 37 
2
237 28 2 0
469 24 4 0
2
303 37 
2
155 0 16 0
470 24 4 0
2
272 38 
2
170 22 34 0
928 4 16 0
2
36 38 
2
471 4 22 0
929 4 16 0
2
273 38 
2
170 22 0 0
930 4 16 0
2
16 38 
2
117 4 24 0
931 4 16 0
2
274 38 
2
170 20 34 0
932 4 16 0
2
36 38 
2
472 4 22 0
933 4 16 0
2
275 38 
2
170 20 0 0
934 4 16 0
2
248 39 
2
158 34 26 0
928 22 8 0
2
37 39 
2
471 24 4 0
929 22 8 0
2
249 39 
2
158 34 24 0
930 22 8 0
2
17 39 
2
117 26 4 0
931 22 8 0
2
250 39 
2
158 34 22 0
932 22 8 0
2
37 39 
2
472 24 4 0
933 22 8 0
2
251 39 
2
158 34 20 0
934 22 8 0
2
280 40 
2
170 14 34 0
1856 10 16 0
2
38 40 
2
935 4 16 0
1857 10 16 0
2
281 40 
2
170 14 0 0
1858 10 16 0
2
18 40 
2
233 4 18 0
1859 10 16 0
2
282 40 
2
170 12 34 0
1860 10 16 0
2
38 40 
2
936 4 16 0
1861 10 16 0
2
283 40 
2
170 12 0 0
1862 10 16 0
2
256 41 
2
158 34 10 0
1856 20 12 0
2
39 41 
2
935 22 8 0
1857 20 12 0
2
257 41 
2
158 34 8 0
1858 20 12 0
2
19 41 
2
233 20 8 0
1859 20 12 0
2
258 41 
2
158 34 6 0
1860 20 12 0
2
39 41 
2
936 22 8 0
1861 20 12 0
2
259 41 
2
158 34 4 0
1862 20 12 0
2
284 42 
2
170 10 34 0
7488 16 16 0
2
40 42 
2
1863 10 16 0
7489 16 16 0
2
285 42 
2
170 10 0 0
7490 16 16 0
2
20 42 
2
465 14 16 0
7491 16 16 0
2
286 42 
2
170 8 34 0
7492 16 16 0
2
40 42 
2
1864 10 16 0
7493 16 16 0
2
287 42 
2
170 8 0 0
7494 16 16 0
2
260 43 
2
158 34 2 0
5162 18 14 0
2
41 43 
2
1863 20 12 0
5163 18 14 0
2
261 43 
2
158 34 0 0
5164 18 14 0
2
21 43 
2
465 20 14 0
5165 18 14 0
2
262 43 
2
158 32 34 0
5166 18 14 0
2
41 43 
2
1864 20 12 0
5167 18 14 0
2
263 43 
2
158 32 0 0
5168 18 14 0
2
42 66 
2
7495 16 16 0
52 18 22 0
2
43 150 
2
5169 18 14 0
48 24 8 0
2
42 67 
2
7496 16 16 0
50 18 28 0
2
42 68 
2
7497 16 16 0
50 18 12 0
2
42 86 
2
7498 16 16 0
50 6 10 0
2
42 87 
2
7499 16 16 0
50 22 14 0
2
42 89 
2
7500 16 16 0
50 24 14 0
2
42 90 
2
7501 16 16 0
50 20 10 0
2
42 91 
2
7502 16 16 0
50 28 8 0
2
42 92 
2
7503 16 16 0
48 32 12 0
2
42 93 
2
7504 16 16 0
44 20 2 0
2
42 94 
2
7505 16 16 0
44 8 6 0
2
42 95 
2
7506 16 16 0
48 6 12 0
2
42 96 
2
7507 16 16 0
50 16 4 0
2
42 97 
2
7508 16 16 0
50 12 14 0
2
42 98 
2
7509 16 16 0
50 22 16 0
2
42 99 
2
7510 16 16 0
50 18 24 0
2
42 100 
2
7511 16 16 0
50 12 10 0
2
42 101 
2
7512 16 16 0
50 18 18 0
2
42 102 
2
7513 16 16 0
50 14 8 0
2
42 103 
2
7514 16 16 0
50 14 6 0
2
42 104 
2
7515 16 16 0
46 22 26 0
2
40 42 
2
1865 10 16 0
7516 16 16 0
2
41 43 
2
1865 20 12 0
5170 18 14 0
2
42 66 
2
7517 16 16 0
53 18 22 0
2
43 149 
2
5171 18 14 0
48 20 6 0
2
42 67 
2
7518 16 16 0
51 18 28 0
2
42 68 
2
7519 16 16 0
51 18 12 0
2
42 86 
2
7520 16 16 0
51 6 10 0
2
42 87 
2
7521 16 16 0
51 22 14 0
2
42 89 
2
7522 16 16 0
51 24 14 0
2
42 90 
2
7523 16 16 0
51 20 10 0
2
42 91 
2
7524 16 16 0
51 28 8 0
2
42 92 
2
7525 16 16 0
49 32 12 0
2
42 93 
2
7526 16 16 0
45 20 2 0
2
42 94 
2
7527 16 16 0
45 8 6 0
2
42 95 
2
7528 16 16 0
49 6 12 0
2
42 96 
2
7529 16 16 0
51 16 4 0
2
42 97 
2
7530 16 16 0
51 12 14 0
2
42 98 
2
7531 16 16 0
51 22 16 0
2
42 99 
2
7532 16 16 0
51 18 24 0
2
42 100 
2
7533 16 16 0
51 12 10 0
2
42 101 
2
7534 16 16 0
51 18 18 0
2
42 102 
2
7535 16 16 0
51 14 8 0
2
42 103 
2
7536 16 16 0
51 14 6 0
2
42 104 
2
7537 16 16 0
47 22 26 0
2
20 40 
2
466 14 16 0
1866 10 16 0
2
21 41 
2
466 20 14 0
1866 20 12 0
2
38 40 
2
937 4 16 0
1867 10 16 0
2
39 41 
2
937 22 8 0
1867 20 12 0
2
292 42 
2
170 2 34 0
7538 16 16 0
2
40 42 
2
1868 10 16 0
7539 16 16 0
2
293 42 
2
170 2 0 0
7540 16 16 0
2
20 42 
2
467 14 16 0
7541 16 16 0
2
294 42 
2
170 0 34 0
7542 16 16 0
2
40 42 
2
1869 10 16 0
7543 16 16 0
2
295 42 
2
170 0 32 0
7544 16 16 0
2
268 43 
2
158 26 34 0
5172 18 14 0
2
41 43 
2
1868 20 12 0
5173 18 14 0
2
269 43 
2
158 26 0 0
5174 18 14 0
2
21 43 
2
467 20 14 0
5175 18 14 0
2
270 43 
2
158 24 34 0
5176 18 14 0
2
41 43 
2
1869 20 12 0
5177 18 14 0
2
271 43 
2
158 24 0 0
5178 18 14 0
2
42 67 
2
7545 16 16 0
52 18 28 0
2
43 149 
2
5179 18 14 0
49 20 6 0
2
42 68 
2
7546 16 16 0
52 18 12 0
2
43 150 
2
5180 18 14 0
49 24 8 0
2
42 86 
2
7547 16 16 0
52 6 10 0
2
42 87 
2
7548 16 16 0
52 22 14 0
2
42 89 
2
7549 16 16 0
52 24 14 0
2
42 90 
2
7550 16 16 0
52 20 10 0
2
42 91 
2
7551 16 16 0
52 28 8 0
2
42 92 
2
7552 16 16 0
50 32 12 0
2
42 93 
2
7553 16 16 0
46 20 2 0
2
42 94 
2
7554 16 16 0
46 8 6 0
2
42 95 
2
7555 16 16 0
50 6 12 0
2
42 96 
2
7556 16 16 0
52 16 4 0
2
42 97 
2
7557 16 16 0
52 12 14 0
2
42 98 
2
7558 16 16 0
52 22 16 0
2
42 99 
2
7559 16 16 0
52 18 24 0
2
42 100 
2
7560 16 16 0
52 12 10 0
2
42 101 
2
7561 16 16 0
52 18 18 0
2
42 102 
2
7562 16 16 0
52 14 8 0
2
42 103 
2
7563 16 16 0
52 14 6 0
2
42 104 
2
7564 16 16 0
48 22 26 0
2
42 105 
2
7565 16 16 0
44 20 16 0
2
40 42 
2
1870 10 16 0
7566 16 16 0
2
41 43 
2
1870 20 12 0
5181 18 14 0
2
42 67 
2
7567 16 16 0
53 18 28 0
2
43 152 
2
5182 18 14 0
42 22 30 0
2
42 68 
2
7568 16 16 0
53 18 12 0
2
42 86 
2
7569 16 16 0
53 6 10 0
2
42 87 
2
7570 16 16 0
53 22 14 0
2
42 89 
2
7571 16 16 0
53 24 14 0
2
42 90 
2
7572 16 16 0
53 20 10 0
2
42 91 
2
7573 16 16 0
53 28 8 0
2
42 92 
2
7574 16 16 0
51 32 12 0
2
42 93 
2
7575 16 16 0
47 20 2 0
2
42 94 
2
7576 16 16 0
47 8 6 0
2
42 95 
2
7577 16 16 0
51 6 12 0
2
42 96 
2
7578 16 16 0
53 16 4 0
2
42 97 
2
7579 16 16 0
53 12 14 0
2
42 98 
2
7580 16 16 0
53 22 16 0
2
42 99 
2
7581 16 16 0
53 18 24 0
2
42 100 
2
7582 16 16 0
53 12 10 0
2
42 101 
2
7583 16 16 0
53 18 18 0
2
42 102 
2
7584 16 16 0
53 14 8 0
2
42 103 
2
7585 16 16 0
53 14 6 0
2
42 104 
2
7586 16 16 0
49 22 26 0
2
42 105 
2
7587 16 16 0
45 20 16 0
2
20 40 
2
468 14 16 0
1871 10 16 0
2
21 41 
2
468 20 14 0
1871 20 12 0
2
18 38 
2
234 4 18 0
938 4 16 0
2
19 39 
2
234 20 8 0
938 22 8 0
2
36 38 
2
473 4 22 0
939 4 16 0
2
37 39 
2
473 24 4 0
939 22 8 0
2
296 40 
2
170 0 30 0
1872 10 16 0
2
38 40 
2
940 4 16 0
1873 10 16 0
2
297 40 
2
170 0 28 0
1874 10 16 0
2
18 40 
2
235 4 18 0
1875 10 16 0
2
298 40 
2
170 0 26 0
1876 10 16 0
2
38 40 
2
941 4 16 0
1877 10 16 0
2
299 40 
2
170 0 24 0
1878 10 16 0
2
272 41 
2
158 22 34 0
1872 20 12 0
2
39 41 
2
940 22 8 0
1873 20 12 0
2
273 41 
2
158 22 0 0
1874 20 12 0
2
19 41 
2
235 20 8 0
1875 20 12 0
2
274 41 
2
158 20 34 0
1876 20 12 0
2
39 41 
2
941 22 8 0
1877 20 12 0
2
275 41 
2
158 20 0 0
1878 20 12 0
2
300 42 
2
170 0 22 0
7588 16 16 0
2
40 42 
2
1879 10 16 0
7589 16 16 0
2
301 42 
2
170 0 20 0
7590 16 16 0
2
20 42 
2
469 14 16 0
7591 16 16 0
2
302 42 
2
170 0 18 0
7592 16 16 0
2
40 42 
2
1880 10 16 0
7593 16 16 0
2
303 42 
2
170 0 16 0
7594 16 16 0
2
276 43 
2
158 18 34 0
5183 18 14 0
2
41 43 
2
1879 20 12 0
5184 18 14 0
2
277 43 
2
158 18 0 0
5185 18 14 0
2
21 43 
2
469 20 14 0
5186 18 14 0
2
278 43 
2
158 16 34 0
5187 18 14 0
2
41 43 
2
1880 20 12 0
5188 18 14 0
2
279 43 
2
158 16 0 0
5189 18 14 0
2
42 104 
2
7595 16 16 0
50 22 26 0
2
43 151 
2
5190 18 14 0
46 22 2 0
2
42 105 
2
7596 16 16 0
46 20 16 0
2
42 106 
2
7597 16 16 0
46 24 20 0
2
40 42 
2
1881 10 16 0
7598 16 16 0
2
41 43 
2
1881 20 12 0
5191 18 14 0
2
42 104 
2
7599 16 16 0
51 22 26 0
2
43 151 
2
5192 18 14 0
47 22 2 0
2
42 105 
2
7600 16 16 0
47 20 16 0
2
43 152 
2
5193 18 14 0
43 22 30 0
2
42 106 
2
7601 16 16 0
47 24 20 0
2
20 40 
2
470 14 16 0
1882 10 16 0
2
21 41 
2
470 20 14 0
1882 20 12 0
2
38 40 
2
942 4 16 0
1883 10 16 0
2
39 41 
2
942 22 8 0
1883 20 12 0
2
308 42 
2
170 0 6 0
7602 16 16 0
2
40 42 
2
1884 10 16 0
7603 16 16 0
2
309 42 
2
170 0 4 0
7604 16 16 0
2
20 42 
2
471 14 16 0
7605 16 16 0
2
310 42 
2
170 0 2 0
7606 16 16 0
2
40 42 
2
1885 10 16 0
7607 16 16 0
2
311 42 
2
170 0 0 0
7608 16 16 0
2
284 43 
2
158 10 34 0
5194 18 14 0
2
41 43 
2
1884 20 12 0
5195 18 14 0
2
285 43 
2
158 10 0 0
5196 18 14 0
2
21 43 
2
471 20 14 0
5197 18 14 0
2
286 43 
2
158 8 34 0
5198 18 14 0
2
41 43 
2
1885 20 12 0
5199 18 14 0
2
287 43 
2
158 8 0 0
5200 18 14 0
2
42 105 
2
7609 16 16 0
48 20 16 0
2
43 154 
2
5201 18 14 0
46 28 18 0
2
42 106 
2
7610 16 16 0
48 24 20 0
2
42 107 
2
7611 16 16 0
48 30 16 0
2
40 42 
2
1886 10 16 0
7612 16 16 0
2
41 43 
2
1886 20 12 0
5202 18 14 0
2
42 105 
2
7613 16 16 0
49 20 16 0
2
43 153 
2
5203 18 14 0
42 24 26 0
2
42 106 
2
7614 16 16 0
49 24 20 0
2
42 107 
2
7615 16 16 0
49 30 16 0
2
20 40 
2
472 14 16 0
1887 10 16 0
2
21 41 
2
472 20 14 0
1887 20 12 0
2
18 38 
2
236 4 18 0
943 4 16 0
2
19 39 
2
236 20 8 0
943 22 8 0
2
16 36 
2
118 4 24 0
474 4 22 0
2
17 37 
2
118 26 4 0
474 24 4 0
2
34 36 
2
238 2 24 0
475 4 22 0
2
35 37 
2
238 28 2 0
475 24 4 0
2
304 38 
2
170 0 14 0
944 4 16 0
2
36 38 
2
476 4 22 0
945 4 16 0
2
305 38 
2
170 0 12 0
946 4 16 0
2
16 38 
2
119 4 24 0
947 4 16 0
2
306 38 
2
170 0 10 0
948 4 16 0
2
36 38 
2
477 4 22 0
949 4 16 0
2
307 38 
2
170 0 8 0
950 4 16 0
2
280 39 
2
158 14 34 0
944 22 8 0
2
37 39 
2
476 24 4 0
945 22 8 0
2
281 39 
2
158 14 0 0
946 22 8 0
2
17 39 
2
119 26 4 0
947 22 8 0
2
282 39 
2
158 12 34 0
948 22 8 0
2
37 39 
2
477 24 4 0
949 22 8 0
2
283 39 
2
158 12 0 0
950 22 8 0
2
244 40 
2
173 34 34 0
1888 10 16 0
2
38 40 
2
951 4 16 0
1889 10 16 0
2
245 40 
2
173 34 32 0
1890 10 16 0
2
18 40 
2
237 4 18 0
1891 10 16 0
2
246 40 
2
173 34 30 0
1892 10 16 0
2
38 40 
2
952 4 16 0
1893 10 16 0
2
247 40 
2
173 34 28 0
1894 10 16 0
2
288 41 
2
158 6 34 0
1888 20 12 0
2
39 41 
2
951 22 8 0
1889 20 12 0
2
289 41 
2
158 6 0 0
1890 20 12 0
2
19 41 
2
237 20 8 0
1891 20 12 0
2
290 41 
2
158 4 34 0
1892 20 12 0
2
39 41 
2
952 22 8 0
1893 20 12 0
2
291 41 
2
158 4 0 0
1894 20 12 0
2
248 42 
2
173 34 26 0
7616 16 16 0
2
40 42 
2
1895 10 16 0
7617 16 16 0
2
249 42 
2
173 34 24 0
7618 16 16 0
2
20 42 
2
473 14 16 0
7619 16 16 0
2
250 42 
2
173 34 22 0
7620 16 16 0
2
40 42 
2
1896 10 16 0
7621 16 16 0
2
251 42 
2
173 34 20 0
7622 16 16 0
2
292 43 
2
158 2 34 0
5204 18 14 0
2
41 43 
2
1895 20 12 0
5205 18 14 0
2
293 43 
2
158 2 0 0
5206 18 14 0
2
21 43 
2
473 20 14 0
5207 18 14 0
2
294 43 
2
158 0 34 0
5208 18 14 0
2
41 43 
2
1896 20 12 0
5209 18 14 0
2
295 43 
2
158 0 32 0
5210 18 14 0
2
42 104 
2
7623 16 16 0
52 22 26 0
2
43 153 
2
5211 18 14 0
43 24 26 0
2
42 105 
2
7624 16 16 0
50 20 16 0
2
43 154 
2
5212 18 14 0
47 28 18 0
2
42 106 
2
7625 16 16 0
50 24 20 0
2
42 107 
2
7626 16 16 0
50 30 16 0
2
42 108 
2
7627 16 16 0
50 28 10 0
2
42 109 
2
7628 16 16 0
50 26 10 0
2
42 111 
2
7629 16 16 0
50 18 6 0
2
42 112 
2
7630 16 16 0
50 30 14 0
2
42 113 
2
7631 16 16 0
48 22 4 0
2
42 114 
2
7632 16 16 0
44 30 10 0
2
42 115 
2
7633 16 16 0
44 2 10 0
2
42 116 
2
7634 16 16 0
48 8 8 0
2
42 117 
2
7635 16 16 0
50 12 8 0
2
42 118 
2
7636 16 16 0
50 12 12 0
2
42 119 
2
7637 16 16 0
50 22 18 0
2
42 120 
2
7638 16 16 0
50 28 20 0
2
42 121 
2
7639 16 16 0
50 8 14 0
2
42 122 
2
7640 16 16 0
50 12 6 0
2
42 123 
2
7641 16 16 0
50 22 20 0
2
42 124 
2
7642 16 16 0
50 20 26 0
2
42 125 
2
7643 16 16 0
46 12 16 0
2
40 42 
2
1897 10 16 0
7644 16 16 0
2
41 43 
2
1897 20 12 0
5213 18 14 0
2
42 104 
2
7645 16 16 0
53 22 26 0
2
43 156 
2
5214 18 14 0
48 26 18 0
2
42 105 
2
7646 16 16 0
51 20 16 0
2
42 106 
2
7647 16 16 0
51 24 20 0
2
42 107 
2
7648 16 16 0
51 30 16 0
2
42 108 
2
7649 16 16 0
51 28 10 0
2
42 109 
2
7650 16 16 0
51 26 10 0
2
42 111 
2
7651 16 16 0
51 18 6 0
2
42 112 
2
7652 16 16 0
51 30 14 0
2
42 113 
2
7653 16 16 0
49 22 4 0
2
42 114 
2
7654 16 16 0
45 30 10 0
2
42 115 
2
7655 16 16 0
45 2 10 0
2
42 116 
2
7656 16 16 0
49 8 8 0
2
42 117 
2
7657 16 16 0
51 12 8 0
2
42 118 
2
7658 16 16 0
51 12 12 0
2
42 119 
2
7659 16 16 0
51 22 18 0
2
42 120 
2
7660 16 16 0
51 28 20 0
2
42 121 
2
7661 16 16 0
51 8 14 0
2
42 122 
2
7662 16 16 0
51 12 6 0
2
42 123 
2
7663 16 16 0
51 22 20 0
2
42 124 
2
7664 16 16 0
51 20 26 0
2
42 125 
2
7665 16 16 0
47 12 16 0
2
20 40 
2
474 14 16 0
1898 10 16 0
2
21 41 
2
474 20 14 0
1898 20 12 0
2
38 40 
2
953 4 16 0
1899 10 16 0
2
39 41 
2
953 22 8 0
1899 20 12 0
2
256 42 
2
173 34 10 0
7666 16 16 0
2
40 42 
2
1900 10 16 0
7667 16 16 0
2
257 42 
2
173 34 8 0
7668 16 16 0
2
20 42 
2
475 14 16 0
7669 16 16 0
2
258 42 
2
173 34 6 0
7670 16 16 0
2
40 42 
2
1901 10 16 0
7671 16 16 0
2
259 42 
2
173 34 4 0
7672 16 16 0
2
300 43 
2
158 0 22 0
5215 18 14 0
2
41 43 
2
1900 20 12 0
5216 18 14 0
2
301 43 
2
158 0 20 0
5217 18 14 0
2
21 43 
2
475 20 14 0
5218 18 14 0
2
302 43 
2
158 0 18 0
5219 18 14 0
2
41 43 
2
1901 20 12 0
5220 18 14 0
2
303 43 
2
158 0 16 0
5221 18 14 0
2
42 105 
2
7673 16 16 0
52 20 16 0
2
43 155 
2
5222 18 14 0
48 22 22 0
2
42 106 
2
7674 16 16 0
52 24 20 0
2
42 107 
2
7675 16 16 0
52 30 16 0
2
42 108 
2
7676 16 16 0
52 28 10 0
2
42 109 
2
7677 16 16 0
52 26 10 0
2
42 111 
2
7678 16 16 0
52 18 6 0
2
42 112 
2
7679 16 16 0
52 30 14 0
2
42 113 
2
7680 16 16 0
50 22 4 0
2
42 114 
2
7681 16 16 0
46 30 10 0
2
42 115 
2
7682 16 16 0
46 2 10 0
2
42 116 
2
7683 16 16 0
50 8 8 0
2
42 117 
2
7684 16 16 0
52 12 8 0
2
42 118 
2
7685 16 16 0
52 12 12 0
2
42 119 
2
7686 16 16 0
52 22 18 0
2
42 120 
2
7687 16 16 0
52 28 20 0
2
42 121 
2
7688 16 16 0
52 8 14 0
2
42 122 
2
7689 16 16 0
52 12 6 0
2
42 123 
2
7690 16 16 0
52 22 20 0
2
42 124 
2
7691 16 16 0
52 20 26 0
2
42 125 
2
7692 16 16 0
48 12 16 0
2
42 126 
2
7693 16 16 0
44 16 10 0
2
40 42 
2
1902 10 16 0
7694 16 16 0
2
41 43 
2
1902 20 12 0
5223 18 14 0
2
42 105 
2
7695 16 16 0
53 20 16 0
2
43 155 
2
5224 18 14 0
49 22 22 0
2
42 106 
2
7696 16 16 0
53 24 20 0
2
43 156 
2
5225 18 14 0
49 26 18 0
2
42 107 
2
7697 16 16 0
53 30 16 0
2
42 108 
2
7698 16 16 0
53 28 10 0
2
42 109 
2
7699 16 16 0
53 26 10 0
2
42 111 
2
7700 16 16 0
53 18 6 0
2
42 112 
2
7701 16 16 0
53 30 14 0
2
42 113 
2
7702 16 16 0
51 22 4 0
2
42 114 
2
7703 16 16 0
47 30 10 0
2
42 115 
2
7704 16 16 0
47 2 10 0
2
42 116 
2
7705 16 16 0
51 8 8 0
2
42 117 
2
7706 16 16 0
53 12 8 0
2
42 118 
2
7707 16 16 0
53 12 12 0
2
42 119 
2
7708 16 16 0
53 22 18 0
2
42 120 
2
7709 16 16 0
53 28 20 0
2
42 121 
2
7710 16 16 0
53 8 14 0
2
42 122 
2
7711 16 16 0
53 12 6 0
2
42 123 
2
7712 16 16 0
53 22 20 0
2
42 124 
2
7713 16 16 0
53 20 26 0
2
42 125 
2
7714 16 16 0
49 12 16 0
2
42 126 
2
7715 16 16 0
45 16 10 0
2
20 40 
2
476 14 16 0
1903 10 16 0
2
21 41 
2
476 20 14 0
1903 20 12 0
2
18 38 
2
238 4 18 0
954 4 16 0
2
19 39 
2
238 20 8 0
954 22 8 0
2
36 38 
2
478 4 22 0
955 4 16 0
2
37 39 
2
478 24 4 0
955 22 8 0
2
260 40 
2
173 34 2 0
1904 10 16 0
2
38 40 
2
956 4 16 0
1905 10 16 0
2
261 40 
2
173 34 0 0
1906 10 16 0
2
18 40 
2
239 4 18 0
1907 10 16 0
2
262 40 
2
173 32 34 0
1908 10 16 0
2
38 40 
2
957 4 16 0
1909 10 16 0
2
263 40 
2
173 32 0 0
1910 10 16 0
2
304 41 
2
158 0 14 0
1904 20 12 0
2
39 41 
2
956 22 8 0
1905 20 12 0
2
305 41 
2
158 0 12 0
1906 20 12 0
2
19 41 
2
239 20 8 0
1907 20 12 0
2
306 41 
2
158 0 10 0
1908 20 12 0
2
39 41 
2
957 22 8 0
1909 20 12 0
2
307 41 
2
158 0 8 0
1910 20 12 0
2
264 42 
2
173 30 34 0
7716 16 16 0
2
40 42 
2
1911 10 16 0
7717 16 16 0
2
265 42 
2
173 30 0 0
7718 16 16 0
2
20 42 
2
477 14 16 0
7719 16 16 0
2
266 42 
2
173 28 34 0
7720 16 16 0
2
40 42 
2
1912 10 16 0
7721 16 16 0
2
267 42 
2
173 28 0 0
7722 16 16 0
2
308 43 
2
158 0 6 0
5226 18 14 0
2
41 43 
2
1911 20 12 0
5227 18 14 0
2
309 43 
2
158 0 4 0
5228 18 14 0
2
21 43 
2
477 20 14 0
5229 18 14 0
2
310 43 
2
158 0 2 0
5230 18 14 0
2
41 43 
2
1912 20 12 0
5231 18 14 0
2
311 43 
2
158 0 0 0
5232 18 14 0
2
42 125 
2
7723 16 16 0
50 12 16 0
2
43 158 
2
5233 18 14 0
48 4 14 0
2
42 126 
2
7724 16 16 0
46 16 10 0
2
42 128 
2
7725 16 16 0
46 16 14 0
2
40 42 
2
1913 10 16 0
7726 16 16 0
2
41 43 
2
1913 20 12 0
5234 18 14 0
2
42 125 
2
7727 16 16 0
51 12 16 0
2
43 157 
2
5235 18 14 0
48 24 16 0
2
42 126 
2
7728 16 16 0
47 16 10 0
2
42 128 
2
7729 16 16 0
47 16 14 0
2
20 40 
2
478 14 16 0
1914 10 16 0
2
21 41 
2
478 20 14 0
1914 20 12 0
2
38 40 
2
958 4 16 0
1915 10 16 0
2
39 41 
2
958 22 8 0
1915 20 12 0
2
272 42 
2
173 22 34 0
7730 16 16 0
2
40 42 
2
1916 10 16 0
7731 16 16 0
2
273 42 
2
173 22 0 0
7732 16 16 0
2
20 42 
2
479 14 16 0
7733 16 16 0
2
274 42 
2
173 20 34 0
7734 16 16 0
2
40 42 
2
1917 10 16 0
7735 16 16 0
2
275 42 
2
173 20 0 0
7736 16 16 0
2
248 43 
2
161 34 26 0
5236 18 14 0
2
41 43 
2
1916 20 12 0
5237 18 14 0
2
249 43 
2
161 34 24 0
5238 18 14 0
2
21 43 
2
479 20 14 0
5239 18 14 0
2
250 43 
2
161 34 22 0
5240 18 14 0
2
41 43 
2
1917 20 12 0
5241 18 14 0
2
251 43 
2
161 34 20 0
5242 18 14 0
2
42 126 
2
7737 16 16 0
48 16 10 0
2
43 157 
2
5243 18 14 0
49 24 16 0
2
42 128 
2
7738 16 16 0
48 16 14 0
2
43 158 
2
5244 18 14 0
49 4 14 0
2
42 129 
2
7739 16 16 0
48 28 12 0
2
40 42 
2
1918 10 16 0
7740 16 16 0
2
41 43 
2
1918 20 12 0
5245 18 14 0
2
42 126 
2
7741 16 16 0
49 16 10 0
2
43 160 
2
5246 18 14 0
48 10 14 0
2
42 128 
2
7742 16 16 0
49 16 14 0
2
42 129 
2
7743 16 16 0
49 28 12 0
2
20 40 
2
480 14 16 0
1919 10 16 0
2
21 41 
2
480 20 14 0
1919 20 12 0
2
18 38 
2
240 4 18 0
959 4 16 0
2
19 39 
2
240 20 8 0
959 22 8 0
2
16 36 
2
120 4 24 0
479 4 22 0
2
17 37 
2
120 26 4 0
479 24 4 0
2
14 34 
2
60 4 26 0
239 2 24 0
2
15 35 
2
60 26 2 0
239 28 2 0
2
12 32 
2
30 2 26 0
122 2 28 0
2
13 33 
2
30 30 2 0
122 32 2 0
2
30 32 
2
62 4 28 0
123 2 28 0
2
31 33 
2
62 32 6 0
123 32 2 0
2
288 34 
2
170 6 34 0
240 2 24 0
2
32 34 
2
124 2 28 0
241 2 24 0
2
289 34 
2
170 6 0 0
242 2 24 0
2
12 34 
2
31 2 26 0
243 2 24 0
2
290 34 
2
170 4 34 0
244 2 24 0
2
32 34 
2
125 2 28 0
245 2 24 0
2
291 34 
2
170 4 0 0
246 2 24 0
2
264 35 
2
158 30 34 0
240 28 2 0
2
33 35 
2
124 32 2 0
241 28 2 0
2
265 35 
2
158 30 0 0
242 28 2 0
2
13 35 
2
31 30 2 0
243 28 2 0
2
266 35 
2
158 28 34 0
244 28 2 0
2
33 35 
2
125 32 2 0
245 28 2 0
2
267 35 
2
158 28 0 0
246 28 2 0
2
252 36 
2
173 34 18 0
480 4 22 0
2
34 36 
2
247 2 24 0
481 4 22 0
2
253 36 
2
173 34 16 0
482 4 22 0
2
14 36 
2
61 4 26 0
483 4 22 0
2
254 36 
2
173 34 14 0
484 4 22 0
2
34 36 
2
248 2 24 0
485 4 22 0
2
255 36 
2
173 34 12 0
486 4 22 0
2
296 37 
2
158 0 30 0
480 24 4 0
2
35 37 
2
247 28 2 0
481 24 4 0
2
297 37 
2
158 0 28 0
482 24 4 0
2
15 37 
2
61 26 2 0
483 24 4 0
2
298 37 
2
158 0 26 0
484 24 4 0
2
35 37 
2
248 28 2 0
485 24 4 0
2
299 37 
2
158 0 24 0
486 24 4 0
2
268 38 
2
173 26 34 0
960 4 16 0
2
36 38 
2
487 4 22 0
961 4 16 0
2
269 38 
2
173 26 0 0
962 4 16 0
2
16 38 
2
121 4 24 0
963 4 16 0
2
270 38 
2
173 24 34 0
964 4 16 0
2
36 38 
2
488 4 22 0
965 4 16 0
2
271 38 
2
173 24 0 0
966 4 16 0
2
244 39 
2
161 34 34 0
960 22 8 0
2
37 39 
2
487 24 4 0
961 22 8 0
2
245 39 
2
161 34 32 0
962 22 8 0
2
17 39 
2
121 26 4 0
963 22 8 0
2
246 39 
2
161 34 30 0
964 22 8 0
2
37 39 
2
488 24 4 0
965 22 8 0
2
247 39 
2
161 34 28 0
966 22 8 0
2
276 40 
2
173 18 34 0
1920 10 16 0
2
38 40 
2
967 4 16 0
1921 10 16 0
2
277 40 
2
173 18 0 0
1922 10 16 0
2
18 40 
2
241 4 18 0
1923 10 16 0
2
278 40 
2
173 16 34 0
1924 10 16 0
2
38 40 
2
968 4 16 0
1925 10 16 0
2
279 40 
2
173 16 0 0
1926 10 16 0
2
252 41 
2
161 34 18 0
1920 20 12 0
2
39 41 
2
967 22 8 0
1921 20 12 0
2
253 41 
2
161 34 16 0
1922 20 12 0
2
19 41 
2
241 20 8 0
1923 20 12 0
2
254 41 
2
161 34 14 0
1924 20 12 0
2
39 41 
2
968 22 8 0
1925 20 12 0
2
255 41 
2
161 34 12 0
1926 20 12 0
2
280 42 
2
173 14 34 0
7744 16 16 0
2
40 42 
2
1927 10 16 0
7745 16 16 0
2
281 42 
2
173 14 0 0
7746 16 16 0
2
20 42 
2
481 14 16 0
7747 16 16 0
2
282 42 
2
173 12 34 0
7748 16 16 0
2
40 42 
2
1928 10 16 0
7749 16 16 0
2
283 42 
2
173 12 0 0
7750 16 16 0
2
256 43 
2
161 34 10 0
5247 18 14 0
2
41 43 
2
1927 20 12 0
5248 18 14 0
2
257 43 
2
161 34 8 0
5249 18 14 0
2
21 43 
2
481 20 14 0
5250 18 14 0
2
258 43 
2
161 34 6 0
5251 18 14 0
2
41 43 
2
1928 20 12 0
5252 18 14 0
2
259 43 
2
161 34 4 0
5253 18 14 0
2
42 125 
2
7751 16 16 0
52 12 16 0
2
43 159 
2
5254 18 14 0
48 14 4 0
2
42 126 
2
7752 16 16 0
50 16 10 0
2
42 128 
2
7753 16 16 0
50 16 14 0
2
42 129 
2
7754 16 16 0
50 28 12 0
2
42 130 
2
7755 16 16 0
50 22 6 0
2
42 131 
2
7756 16 16 0
50 28 14 0
2
42 149 
2
7757 16 16 0
50 20 6 0
2
42 150 
2
7758 16 16 0
50 24 8 0
2
42 151 
2
7759 16 16 0
48 22 2 0
2
42 152 
2
7760 16 16 0
44 22 30 0
2
42 153 
2
7761 16 16 0
44 24 26 0
2
42 154 
2
7762 16 16 0
48 28 18 0
2
42 155 
2
7763 16 16 0
50 22 22 0
2
42 156 
2
7764 16 16 0
50 26 18 0
2
42 157 
2
7765 16 16 0
50 24 16 0
2
42 158 
2
7766 16 16 0
50 4 14 0
2
42 159 
2
7767 16 16 0
49 14 4 0
2
42 160 
2
7768 16 16 0
49 10 14 0
2
42 161 
2
7769 16 16 0
48 14 2 0
2
42 162 
2
7770 16 16 0
48 30 18 0
2
42 163 
2
7771 16 16 0
44 24 22 0
2
40 42 
2
1929 10 16 0
7772 16 16 0
2
41 43 
2
1929 20 12 0
5255 18 14 0
2
42 125 
2
7773 16 16 0
53 12 16 0
2
43 159 
2
5256 18 14 0
50 14 4 0
2
42 126 
2
7774 16 16 0
51 16 10 0
2
43 160 
2
5257 18 14 0
50 10 14 0
2
42 128 
2
7775 16 16 0
51 16 14 0
2
42 129 
2
7776 16 16 0
51 28 12 0
2
42 130 
2
7777 16 16 0
51 22 6 0
2
42 131 
2
7778 16 16 0
51 28 14 0
2
42 149 
2
7779 16 16 0
51 20 6 0
2
42 150 
2
7780 16 16 0
51 24 8 0
2
42 151 
2
7781 16 16 0
49 22 2 0
2
42 152 
2
7782 16 16 0
45 22 30 0
2
42 153 
2
7783 16 16 0
45 24 26 0
2
42 154 
2
7784 16 16 0
49 28 18 0
2
42 155 
2
7785 16 16 0
51 22 22 0
2
42 156 
2
7786 16 16 0
51 26 18 0
2
42 157 
2
7787 16 16 0
51 24 16 0
2
42 158 
2
7788 16 16 0
51 4 14 0
2
42 159 
2
7789 16 16 0
51 14 4 0
2
42 160 
2
7790 16 16 0
51 10 14 0
2
42 161 
2
7791 16 16 0
49 14 2 0
2
42 162 
2
7792 16 16 0
49 30 18 0
2
42 163 
2
7793 16 16 0
45 24 22 0
2
20 40 
2
482 14 16 0
1930 10 16 0
2
21 41 
2
482 20 14 0
1930 20 12 0
2
38 40 
2
969 4 16 0
1931 10 16 0
2
39 41 
2
969 22 8 0
1931 20 12 0
2
296 42 
2
173 0 30 0
7794 16 16 0
2
40 42 
2
1932 10 16 0
7795 16 16 0
2
297 42 
2
173 0 28 0
7796 16 16 0
2
20 42 
2
483 14 16 0
7797 16 16 0
2
298 42 
2
173 0 26 0
7798 16 16 0
2
40 42 
2
1933 10 16 0
7799 16 16 0
2
299 42 
2
173 0 24 0
7800 16 16 0
2
284 43 
2
173 10 34 0
5258 18 14 0
2
41 43 
2
1932 20 12 0
5259 18 14 0
2
285 43 
2
173 10 0 0
5260 18 14 0
2
21 43 
2
483 20 14 0
5261 18 14 0
2
286 43 
2
173 8 34 0
5262 18 14 0
2
41 43 
2
1933 20 12 0
5263 18 14 0
2
287 43 
2
173 8 0 0
5264 18 14 0
2
42 126 
2
7801 16 16 0
52 16 10 0
2
43 162 
2
5265 18 14 0
50 30 18 0
2
42 128 
2
7802 16 16 0
52 16 14 0
2
42 129 
2
7803 16 16 0
52 28 12 0
2
42 130 
2
7804 16 16 0
52 22 6 0
2
42 131 
2
7805 16 16 0
52 28 14 0
2
42 149 
2
7806 16 16 0
52 20 6 0
2
42 150 
2
7807 16 16 0
52 24 8 0
2
42 151 
2
7808 16 16 0
50 22 2 0
2
42 152 
2
7809 16 16 0
46 22 30 0
2
42 153 
2
7810 16 16 0
46 24 26 0
2
42 154 
2
7811 16 16 0
50 28 18 0
2
42 155 
2
7812 16 16 0
52 22 22 0
2
42 156 
2
7813 16 16 0
52 26 18 0
2
42 157 
2
7814 16 16 0
52 24 16 0
2
42 158 
2
7815 16 16 0
52 4 14 0
2
42 159 
2
7816 16 16 0
52 14 4 0
2
42 160 
2
7817 16 16 0
52 10 14 0
2
42 161 
2
7818 16 16 0
50 14 2 0
2
42 162 
2
7819 16 16 0
51 30 18 0
2
42 163 
2
7820 16 16 0
46 24 22 0
2
42 164 
2
7821 16 16 0
42 26 20 0
2
40 42 
2
1934 10 16 0
7822 16 16 0
2
41 43 
2
1934 20 12 0
5266 18 14 0
2
42 126 
2
7823 16 16 0
53 16 10 0
2
43 161 
2
5267 18 14 0
51 14 2 0
2
42 128 
2
7824 16 16 0
53 16 14 0
2
42 129 
2
7825 16 16 0
53 28 12 0
2
42 130 
2
7826 16 16 0
53 22 6 0
2
42 131 
2
7827 16 16 0
53 28 14 0
2
42 149 
2
7828 16 16 0
53 20 6 0
2
42 150 
2
7829 16 16 0
53 24 8 0
2
42 151 
2
7830 16 16 0
51 22 2 0
2
42 152 
2
7831 16 16 0
47 22 30 0
2
42 153 
2
7832 16 16 0
47 24 26 0
2
42 154 
2
7833 16 16 0
51 28 18 0
2
42 155 
2
7834 16 16 0
53 22 22 0
2
42 156 
2
7835 16 16 0
53 26 18 0
2
42 157 
2
7836 16 16 0
53 24 16 0
2
42 158 
2
7837 16 16 0
53 4 14 0
2
42 159 
2
7838 16 16 0
53 14 4 0
2
42 160 
2
7839 16 16 0
53 10 14 0
2
42 161 
2
7840 16 16 0
52 14 2 0
2
42 162 
2
7841 16 16 0
52 30 18 0
2
42 163 
2
7842 16 16 0
47 24 22 0
2
42 164 
2
7843 16 16 0
43 26 20 0
2
20 40 
2
484 14 16 0
1935 10 16 0
2
21 41 
2
484 20 14 0
1935 20 12 0
2
18 38 
2
242 4 18 0
970 4 16 0
2
19 39 
2
242 20 8 0
970 22 8 0
2
36 38 
2
489 4 22 0
971 4 16 0
2
37 39 
2
489 24 4 0
971 22 8 0
2
304 40 
2
173 0 14 0
1936 10 16 0
2
38 40 
2
972 4 16 0
1937 10 16 0
2
305 40 
2
173 0 12 0
1938 10 16 0
2
18 40 
2
243 4 18 0
1939 10 16 0
2
306 40 
2
173 0 10 0
1940 10 16 0
2
38 40 
2
973 4 16 0
1941 10 16 0
2
307 40 
2
173 0 8 0
1942 10 16 0
2
292 41 
2
173 2 34 0
1936 20 12 0
2
39 41 
2
972 22 8 0
1937 20 12 0
2
293 41 
2
173 2 0 0
1938 20 12 0
2
19 41 
2
243 20 8 0
1939 20 12 0
2
294 41 
2
173 0 34 0
1940 20 12 0
2
39 41 
2
973 22 8 0
1941 20 12 0
2
295 41 
2
173 0 32 0
1942 20 12 0
2
244 42 
2
176 34 34 0
7844 16 16 0
2
40 42 
2
1943 10 16 0
7845 16 16 0
2
245 42 
2
176 34 32 0
7846 16 16 0
2
20 42 
2
485 14 16 0
7847 16 16 0
2
246 42 
2
176 34 30 0
7848 16 16 0
2
40 42 
2
1944 10 16 0
7849 16 16 0
2
247 42 
2
176 34 28 0
7850 16 16 0
2
300 43 
2
173 0 22 0
5268 18 14 0
2
41 43 
2
1943 20 12 0
5269 18 14 0
2
301 43 
2
173 0 20 0
5270 18 14 0
2
21 43 
2
485 20 14 0
5271 18 14 0
2
302 43 
2
173 0 18 0
5272 18 14 0
2
41 43 
2
1944 20 12 0
5273 18 14 0
2
303 43 
2
173 0 16 0
5274 18 14 0
2
42 163 
2
7851 16 16 0
48 24 22 0
2
43 161 
2
5275 18 14 0
53 14 2 0
2
42 164 
2
7852 16 16 0
44 26 20 0
2
43 162 
2
5276 18 14 0
53 30 18 0
2
42 166 
2
7853 16 16 0
44 20 22 0
2
40 42 
2
1945 10 16 0
7854 16 16 0
2
41 43 
2
1945 20 12 0
5277 18 14 0
2
42 163 
2
7855 16 16 0
49 24 22 0
2
43 164 
2
5278 18 14 0
45 26 20 0
2
42 164 
2
7856 16 16 0
46 26 20 0
2
42 166 
2
7857 16 16 0
45 20 22 0
2
20 40 
2
486 14 16 0
1946 10 16 0
2
21 41 
2
486 20 14 0
1946 20 12 0
2
38 40 
2
974 4 16 0
1947 10 16 0
2
39 41 
2
974 22 8 0
1947 20 12 0
2
260 42 
2
176 34 2 0
7858 16 16 0
2
40 42 
2
1948 10 16 0
7859 16 16 0
2
261 42 
2
176 34 0 0
7860 16 16 0
2
20 42 
2
487 14 16 0
7861 16 16 0
2
262 42 
2
176 32 34 0
7862 16 16 0
2
40 42 
2
1949 10 16 0
7863 16 16 0
2
263 42 
2
176 32 0 0
7864 16 16 0
2
248 43 
2
176 34 26 0
5279 18 14 0
2
41 43 
2
1948 20 12 0
5280 18 14 0
2
249 43 
2
176 34 24 0
5281 18 14 0
2
21 43 
2
487 20 14 0
5282 18 14 0
2
250 43 
2
176 34 22 0
5283 18 14 0
2
41 43 
2
1949 20 12 0
5284 18 14 0
2
251 43 
2
176 34 20 0
5285 18 14 0
2
42 164 
2
7865 16 16 0
47 26 20 0
2
43 163 
2
5286 18 14 0
50 24 22 0
2
42 166 
2
7866 16 16 0
46 20 22 0
2
42 167 
2
7867 16 16 0
46 22 12 0
2
40 42 
2
1950 10 16 0
7868 16 16 0
2
41 43 
2
1950 20 12 0
5287 18 14 0
2
42 164 
2
7869 16 16 0
48 26 20 0
2
43 163 
2
5288 18 14 0
51 24 22 0
2
42 166 
2
7870 16 16 0
47 20 22 0
2
43 164 
2
5289 18 14 0
49 26 20 0
2
42 167 
2
7871 16 16 0
47 22 12 0
2
20 40 
2
488 14 16 0
1951 10 16 0
2
21 41 
2
488 20 14 0
1951 20 12 0
2
18 38 
2
244 4 18 0
975 4 16 0
2
19 39 
2
244 20 8 0
975 22 8 0
2
16 36 
2
122 4 24 0
490 4 22 0
2
17 37 
2
122 26 4 0
490 24 4 0
2
34 36 
2
249 2 24 0
491 4 22 0
2
35 37 
2
249 28 2 0
491 24 4 0
2
252 38 
2
176 34 18 0
976 4 16 0
2
36 38 
2
492 4 22 0
977 4 16 0
2
253 38 
2
176 34 16 0
978 4 16 0
2
16 38 
2
123 4 24 0
979 4 16 0
2
254 38 
2
176 34 14 0
980 4 16 0
2
36 38 
2
493 4 22 0
981 4 16 0
2
255 38 
2
176 34 12 0
982 4 16 0
2
308 39 
2
173 0 6 0
976 22 8 0
2
37 39 
2
492 24 4 0
977 22 8 0
2
309 39 
2
173 0 4 0
978 22 8 0
2
17 39 
2
123 26 4 0
979 22 8 0
2
310 39 
2
173 0 2 0
980 22 8 0
2
37 39 
2
493 24 4 0
981 22 8 0
2
311 39 
2
173 0 0 0
982 22 8 0
2
264 40 
2
176 30 34 0
1952 10 16 0
2
38 40 
2
983 4 16 0
1953 10 16 0
2
265 40 
2
176 30 0 0
1954 10 16 0
2
18 40 
2
245 4 18 0
1955 10 16 0
2
266 40 
2
176 28 34 0
1956 10 16 0
2
38 40 
2
984 4 16 0
1957 10 16 0
2
267 40 
2
176 28 0 0
1958 10 16 0
2
256 41 
2
176 34 10 0
1952 20 12 0
2
39 41 
2
983 22 8 0
1953 20 12 0
2
257 41 
2
176 34 8 0
1954 20 12 0
2
19 41 
2
245 20 8 0
1955 20 12 0
2
258 41 
2
176 34 6 0
1956 20 12 0
2
39 41 
2
984 22 8 0
1957 20 12 0
2
259 41 
2
176 34 4 0
1958 20 12 0
2
276 42 
2
176 18 34 0
7872 16 16 0
2
40 42 
2
1959 10 16 0
7873 16 16 0
2
277 42 
2
176 18 0 0
7874 16 16 0
2
20 42 
2
489 14 16 0
7875 16 16 0
2
278 42 
2
176 16 34 0
7876 16 16 0
2
40 42 
2
1960 10 16 0
7877 16 16 0
2
279 42 
2
176 16 0 0
7878 16 16 0
2
268 43 
2
176 26 34 0
5290 18 14 0
2
41 43 
2
1959 20 12 0
5291 18 14 0
2
269 43 
2
176 26 0 0
5292 18 14 0
2
21 43 
2
489 20 14 0
5293 18 14 0
2
270 43 
2
176 24 34 0
5294 18 14 0
2
41 43 
2
1960 20 12 0
5295 18 14 0
2
271 43 
2
176 24 0 0
5296 18 14 0
2
42 163 
2
7879 16 16 0
52 24 22 0
2
43 167 
2
5297 18 14 0
48 22 12 0
2
42 164 
2
7880 16 16 0
50 26 20 0
2
42 166 
2
7881 16 16 0
48 20 22 0
2
42 167 
2
7882 16 16 0
49 22 12 0
2
42 168 
2
7883 16 16 0
48 24 10 0
2
42 169 
2
7884 16 16 0
48 18 2 0
2
42 170 
2
7885 16 16 0
48 26 14 0
2
42 171 
2
7886 16 16 0
48 20 4 0
2
42 172 
2
7887 16 16 0
46 26 8 0
2
42 173 
2
7888 16 16 0
42 26 6 0
2
42 174 
2
7889 16 16 0
40 20 32 0
2
42 175 
2
7890 16 16 0
42 6 8 0
2
42 176 
2
7891 16 16 0
42 20 30 0
2
42 177 
2
7892 16 16 0
40 8 4 0
2
42 178 
2
7893 16 16 0
38 10 2 0
2
42 179 
2
7894 16 16 0
36 30 22 0
2
42 180 
2
7895 16 16 0
34 26 26 0
2
42 181 
2
7896 16 16 0
32 32 20 0
2
42 182 
2
7897 16 16 0
30 32 10 0
2
42 183 
2
7898 16 16 0
28 2 8 0
2
42 184 
2
7899 16 16 0
24 30 8 0
2
40 42 
2
1961 10 16 0
7900 16 16 0
2
41 43 
2
1961 20 12 0
5298 18 14 0
2
42 163 
2
7901 16 16 0
53 24 22 0
2
43 166 
2
5299 18 14 0
49 20 22 0
2
42 164 
2
7902 16 16 0
51 26 20 0
2
42 166 
2
7903 16 16 0
50 20 22 0
2
42 167 
2
7904 16 16 0
50 22 12 0
2
42 168 
2
7905 16 16 0
49 24 10 0
2
42 169 
2
7906 16 16 0
49 18 2 0
2
42 170 
2
7907 16 16 0
49 26 14 0
2
42 171 
2
7908 16 16 0
49 20 4 0
2
42 172 
2
7909 16 16 0
47 26 8 0
2
42 173 
2
7910 16 16 0
43 26 6 0
2
42 174 
2
7911 16 16 0
41 20 32 0
2
42 175 
2
7912 16 16 0
43 6 8 0
2
42 176 
2
7913 16 16 0
43 20 30 0
2
42 177 
2
7914 16 16 0
41 8 4 0
2
42 178 
2
7915 16 16 0
39 10 2 0
2
42 179 
2
7916 16 16 0
37 30 22 0
2
42 180 
2
7917 16 16 0
35 26 26 0
2
42 181 
2
7918 16 16 0
33 32 20 0
2
42 182 
2
7919 16 16 0
31 32 10 0
2
42 183 
2
7920 16 16 0
29 2 8 0
2
42 184 
2
7921 16 16 0
25 30 8 0
2
20 40 
2
490 14 16 0
1962 10 16 0
2
21 41 
2
490 20 14 0
1962 20 12 0
2
38 40 
2
985 4 16 0
1963 10 16 0
2
39 41 
2
985 22 8 0
1963 20 12 0
2
292 42 
2
176 2 34 0
7922 16 16 0
2
40 42 
2
1964 10 16 0
7923 16 16 0
2
293 42 
2
176 2 0 0
7924 16 16 0
2
20 42 
2
491 14 16 0
7925 16 16 0
2
294 42 
2
176 0 34 0
7926 16 16 0
2
40 42 
2
1965 10 16 0
7927 16 16 0
2
295 42 
2
176 0 32 0
7928 16 16 0
2
280 43 
2
176 14 34 0
5300 18 14 0
2
41 43 
2
1964 20 12 0
5301 18 14 0
2
281 43 
2
176 14 0 0
5302 18 14 0
2
21 43 
2
491 20 14 0
5303 18 14 0
2
282 43 
2
176 12 34 0
5304 18 14 0
2
41 43 
2
1965 20 12 0
5305 18 14 0
2
283 43 
2
176 12 0 0
5306 18 14 0
2
42 164 
2
7929 16 16 0
52 26 20 0
2
43 166 
2
5307 18 14 0
51 20 22 0
2
42 166 
2
7930 16 16 0
52 20 22 0
2
43 167 
2
5308 18 14 0
51 22 12 0
2
42 167 
2
7931 16 16 0
52 22 12 0
2
42 168 
2
7932 16 16 0
50 24 10 0
2
42 169 
2
7933 16 16 0
50 18 2 0
2
42 170 
2
7934 16 16 0
50 26 14 0
2
42 171 
2
7935 16 16 0
50 20 4 0
2
42 172 
2
7936 16 16 0
48 26 8 0
2
42 173 
2
7937 16 16 0
44 26 6 0
2
42 174 
2
7938 16 16 0
42 20 32 0
2
42 175 
2
7939 16 16 0
44 6 8 0
2
42 176 
2
7940 16 16 0
44 20 30 0
2
42 177 
2
7941 16 16 0
42 8 4 0
2
42 178 
2
7942 16 16 0
40 10 2 0
2
42 179 
2
7943 16 16 0
38 30 22 0
2
42 180 
2
7944 16 16 0
36 26 26 0
2
42 181 
2
7945 16 16 0
34 32 20 0
2
42 182 
2
7946 16 16 0
32 32 10 0
2
42 183 
2
7947 16 16 0
30 2 8 0
2
42 184 
2
7948 16 16 0
26 30 8 0
2
42 185 
2
7949 16 16 0
22 24 30 0
2
40 42 
2
1966 10 16 0
7950 16 16 0
2
41 43 
2
1966 20 12 0
5309 18 14 0
2
42 164 
2
7951 16 16 0
53 26 20 0
2
43 169 
2
5310 18 14 0
51 18 2 0
2
42 166 
2
7952 16 16 0
53 20 22 0
2
42 167 
2
7953 16 16 0
53 22 12 0
2
42 168 
2
7954 16 16 0
51 24 10 0
2
42 169 
2
7955 16 16 0
52 18 2 0
2
42 170 
2
7956 16 16 0
51 26 14 0
2
42 171 
2
7957 16 16 0
51 20 4 0
2
42 172 
2
7958 16 16 0
49 26 8 0
2
42 173 
2
7959 16 16 0
45 26 6 0
2
42 174 
2
7960 16 16 0
43 20 32 0
2
42 175 
2
7961 16 16 0
45 6 8 0
2
42 176 
2
7962 16 16 0
45 20 30 0
2
42 177 
2
7963 16 16 0
43 8 4 0
2
42 178 
2
7964 16 16 0
41 10 2 0
2
42 179 
2
7965 16 16 0
39 30 22 0
2
42 180 
2
7966 16 16 0
37 26 26 0
2
42 181 
2
7967 16 16 0
35 32 20 0
2
42 182 
2
7968 16 16 0
33 32 10 0
2
42 183 
2
7969 16 16 0
31 2 8 0
2
42 184 
2
7970 16 16 0
27 30 8 0
2
42 185 
2
7971 16 16 0
23 24 30 0
2
20 40 
2
492 14 16 0
1967 10 16 0
2
21 41 
2
492 20 14 0
1967 20 12 0
2
18 38 
2
246 4 18 0
986 4 16 0
2
19 39 
2
246 20 8 0
986 22 8 0
2
36 38 
2
494 4 22 0
987 4 16 0
2
37 39 
2
494 24 4 0
987 22 8 0
2
300 40 
2
176 0 22 0
1968 10 16 0
2
38 40 
2
988 4 16 0
1969 10 16 0
2
301 40 
2
176 0 20 0
1970 10 16 0
2
18 40 
2
247 4 18 0
1971 10 16 0
2
302 40 
2
176 0 18 0
1972 10 16 0
2
38 40 
2
989 4 16 0
1973 10 16 0
2
303 40 
2
176 0 16 0
1974 10 16 0
2
288 41 
2
176 6 34 0
1968 20 12 0
2
39 41 
2
988 22 8 0
1969 20 12 0
2
289 41 
2
176 6 0 0
1970 20 12 0
2
19 41 
2
247 20 8 0
1971 20 12 0
2
290 41 
2
176 4 34 0
1972 20 12 0
2
39 41 
2
989 22 8 0
1973 20 12 0
2
291 41 
2
176 4 0 0
1974 20 12 0
2
256 42 
2
182 34 10 0
7972 16 16 0
2
40 42 
2
1975 10 16 0
7973 16 16 0
2
257 42 
2
182 34 8 0
7974 16 16 0
2
20 42 
2
493 14 16 0
7975 16 16 0
2
258 42 
2
182 34 6 0
7976 16 16 0
2
40 42 
2
1976 10 16 0
7977 16 16 0
2
259 42 
2
182 34 4 0
7978 16 16 0
2
296 43 
2
176 0 30 0
5311 18 14 0
2
41 43 
2
1975 20 12 0
5312 18 14 0
2
297 43 
2
176 0 28 0
5313 18 14 0
2
21 43 
2
493 20 14 0
5314 18 14 0
2
298 43 
2
176 0 26 0
5315 18 14 0
2
41 43 
2
1976 20 12 0
5316 18 14 0
2
299 43 
2
176 0 24 0
5317 18 14 0
2
42 184 
2
7979 16 16 0
28 30 8 0
2
43 168 
2
5318 18 14 0
52 24 10 0
2
42 185 
2
7980 16 16 0
24 24 30 0
2
42 186 
2
7981 16 16 0
22 28 6 0
2
40 42 
2
1977 10 16 0
7982 16 16 0
2
41 43 
2
1977 20 12 0
5319 18 14 0
2
42 184 
2
7983 16 16 0
29 30 8 0
2
43 168 
2
5320 18 14 0
53 24 10 0
2
42 185 
2
7984 16 16 0
25 24 30 0
2
43 169 
2
5321 18 14 0
53 18 2 0
2
42 186 
2
7985 16 16 0
23 28 6 0
2
20 40 
2
494 14 16 0
1978 10 16 0
2
21 41 
2
494 20 14 0
1978 20 12 0
2
38 40 
2
990 4 16 0
1979 10 16 0
2
39 41 
2
990 22 8 0
1979 20 12 0
2
264 42 
2
182 30 34 0
7986 16 16 0
2
40 42 
2
1980 10 16 0
7987 16 16 0
2
265 42 
2
182 30 0 0
7988 16 16 0
2
20 42 
2
495 14 16 0
7989 16 16 0
2
266 42 
2
182 28 34 0
7990 16 16 0
2
40 42 
2
1981 10 16 0
7991 16 16 0
2
267 42 
2
182 28 0 0
7992 16 16 0
2
308 43 
2
176 0 6 0
5322 18 14 0
2
41 43 
2
1980 20 12 0
5323 18 14 0
2
309 43 
2
176 0 4 0
5324 18 14 0
2
21 43 
2
495 20 14 0
5325 18 14 0
2
310 43 
2
176 0 2 0
5326 18 14 0
2
41 43 
2
1981 20 12 0
5327 18 14 0
2
311 43 
2
176 0 0 0
5328 18 14 0
2
42 185 
2
7993 16 16 0
26 24 30 0
2
43 171 
2
5329 18 14 0
52 20 4 0
2
42 186 
2
7994 16 16 0
24 28 6 0
2
42 188 
2
7995 16 16 0
22 30 6 0
2
40 42 
2
1982 10 16 0
7996 16 16 0
2
41 43 
2
1982 20 12 0
5330 18 14 0
2
42 185 
2
7997 16 16 0
27 24 30 0
2
43 170 
2
5331 18 14 0
52 26 14 0
2
42 186 
2
7998 16 16 0
25 28 6 0
2
42 188 
2
7999 16 16 0
23 30 6 0
2
20 40 
2
496 14 16 0
1983 10 16 0
2
21 41 
2
496 20 14 0
1983 20 12 0
2
18 38 
2
248 4 18 0
991 4 16 0
2
19 39 
2
248 20 8 0
991 22 8 0
2
16 36 
2
124 4 24 0
495 4 22 0
2
17 37 
2
124 26 4 0
495 24 4 0
2
14 34 
2
62 4 26 0
250 2 24 0
2
15 35 
2
62 26 2 0
250 28 2 0
2
32 34 
2
126 2 28 0
251 2 24 0
2
33 35 
2
126 32 2 0
251 28 2 0
2
284 36 
2
176 10 34 0
496 4 22 0
2
34 36 
2
252 2 24 0
497 4 22 0
2
285 36 
2
176 10 0 0
498 4 22 0
2
14 36 
2
63 4 26 0
499 4 22 0
2
286 36 
2
176 8 34 0
500 4 22 0
2
34 36 
2
253 2 24 0
501 4 22 0
2
287 36 
2
176 8 0 0
502 4 22 0
2
272 37 
2
176 22 34 0
496 24 4 0
2
35 37 
2
252 28 2 0
497 24 4 0
2
273 37 
2
176 22 0 0
498 24 4 0
2
15 37 
2
63 26 2 0
499 24 4 0
2
274 37 
2
176 20 34 0
500 24 4 0
2
35 37 
2
253 28 2 0
501 24 4 0
2
275 37 
2
176 20 0 0
502 24 4 0
2
260 38 
2
182 34 2 0
992 4 16 0
2
36 38 
2
503 4 22 0
993 4 16 0
2
261 38 
2
182 34 0 0
994 4 16 0
2
16 38 
2
125 4 24 0
995 4 16 0
2
262 38 
2
182 32 34 0
996 4 16 0
2
36 38 
2
504 4 22 0
997 4 16 0
2
263 38 
2
182 32 0 0
998 4 16 0
2
304 39 
2
176 0 14 0
992 22 8 0
2
37 39 
2
503 24 4 0
993 22 8 0
2
305 39 
2
176 0 12 0
994 22 8 0
2
17 39 
2
125 26 4 0
995 22 8 0
2
306 39 
2
176 0 10 0
996 22 8 0
2
37 39 
2
504 24 4 0
997 22 8 0
2
307 39 
2
176 0 8 0
998 22 8 0
2
268 40 
2
182 26 34 0
1984 10 16 0
2
38 40 
2
999 4 16 0
1985 10 16 0
2
269 40 
2
182 26 0 0
1986 10 16 0
2
18 40 
2
249 4 18 0
1987 10 16 0
2
270 40 
2
182 24 34 0
1988 10 16 0
2
38 40 
2
1000 4 16 0
1989 10 16 0
2
271 40 
2
182 24 0 0
1990 10 16 0
2
244 41 
2
179 34 34 0
1984 20 12 0
2
39 41 
2
999 22 8 0
1985 20 12 0
2
245 41 
2
179 34 32 0
1986 20 12 0
2
19 41 
2
249 20 8 0
1987 20 12 0
2
246 41 
2
179 34 30 0
1988 20 12 0
2
39 41 
2
1000 22 8 0
1989 20 12 0
2
247 41 
2
179 34 28 0
1990 20 12 0
2
256 42 
2
185 34 10 0
8000 16 16 0
2
40 42 
2
1991 10 16 0
8001 16 16 0
2
257 42 
2
185 34 8 0
8002 16 16 0
2
20 42 
2
497 14 16 0
8003 16 16 0
2
258 42 
2
185 34 6 0
8004 16 16 0
2
40 42 
2
1992 10 16 0
8005 16 16 0
2
259 42 
2
185 34 4 0
8006 16 16 0
2
248 43 
2
179 34 26 0
5332 18 14 0
2
41 43 
2
1991 20 12 0
5333 18 14 0
2
249 43 
2
179 34 24 0
5334 18 14 0
2
21 43 
2
497 20 14 0
5335 18 14 0
2
250 43 
2
179 34 22 0
5336 18 14 0
2
41 43 
2
1992 20 12 0
5337 18 14 0
2
251 43 
2
179 34 20 0
5338 18 14 0
2
42 77 
2
8007 16 16 0
34 14 32 0
2
43 170 
2
5339 18 14 0
53 26 14 0
2
42 78 
2
8008 16 16 0
32 10 28 0
2
43 171 
2
5340 18 14 0
53 20 4 0
2
42 79 
2
8009 16 16 0
34 2 20 0
2
40 42 
2
1993 10 16 0
8010 16 16 0
2
41 43 
2
1993 20 12 0
5341 18 14 0
2
42 77 
2
8011 16 16 0
35 14 32 0
2
43 173 
2
5342 18 14 0
46 26 6 0
2
42 78 
2
8012 16 16 0
33 10 28 0
2
42 79 
2
8013 16 16 0
35 2 20 0
2
20 40 
2
498 14 16 0
1994 10 16 0
2
21 41 
2
498 20 14 0
1994 20 12 0
2
38 40 
2
1001 4 16 0
1995 10 16 0
2
39 41 
2
1001 22 8 0
1995 20 12 0
2
264 42 
2
185 30 34 0
8014 16 16 0
2
40 42 
2
1996 10 16 0
8015 16 16 0
2
265 42 
2
185 30 0 0
8016 16 16 0
2
20 42 
2
499 14 16 0
8017 16 16 0
2
266 42 
2
185 28 34 0
8018 16 16 0
2
40 42 
2
1997 10 16 0
8019 16 16 0
2
267 42 
2
185 28 0 0
8020 16 16 0
2
256 43 
2
179 34 10 0
5343 18 14 0
2
41 43 
2
1996 20 12 0
5344 18 14 0
2
257 43 
2
179 34 8 0
5345 18 14 0
2
21 43 
2
499 20 14 0
5346 18 14 0
2
258 43 
2
179 34 6 0
5347 18 14 0
2
41 43 
2
1997 20 12 0
5348 18 14 0
2
259 43 
2
179 34 4 0
5349 18 14 0
2
42 78 
2
8021 16 16 0
34 10 28 0
2
43 172 
2
5350 18 14 0
50 26 8 0
2
42 79 
2
8022 16 16 0
36 2 20 0
2
42 80 
2
8023 16 16 0
38 24 28 0
2
40 42 
2
1998 10 16 0
8024 16 16 0
2
41 43 
2
1998 20 12 0
5351 18 14 0
2
42 78 
2
8025 16 16 0
35 10 28 0
2
43 172 
2
5352 18 14 0
51 26 8 0
2
42 79 
2
8026 16 16 0
37 2 20 0
2
43 173 
2
5353 18 14 0
47 26 6 0
2
42 80 
2
8027 16 16 0
39 24 28 0
2
20 40 
2
500 14 16 0
1999 10 16 0
2
21 41 
2
500 20 14 0
1999 20 12 0
2
18 38 
2
250 4 18 0
1002 4 16 0
2
19 39 
2
250 20 8 0
1002 22 8 0
2
36 38 
2
505 4 22 0
1003 4 16 0
2
37 39 
2
505 24 4 0
1003 22 8 0
2
268 40 
2
185 26 34 0
2000 10 16 0
2
38 40 
2
1004 4 16 0
2001 10 16 0
2
269 40 
2
185 26 0 0
2002 10 16 0
2
18 40 
2
251 4 18 0
2003 10 16 0
2
270 40 
2
185 24 34 0
2004 10 16 0
2
38 40 
2
1005 4 16 0
2005 10 16 0
2
271 40 
2
185 24 0 0
2006 10 16 0
2
260 41 
2
179 34 2 0
2000 20 12 0
2
39 41 
2
1004 22 8 0
2001 20 12 0
2
261 41 
2
179 34 0 0
2002 20 12 0
2
19 41 
2
251 20 8 0
2003 20 12 0
2
262 41 
2
179 32 34 0
2004 20 12 0
2
39 41 
2
1005 22 8 0
2005 20 12 0
2
263 41 
2
179 32 0 0
2006 20 12 0
2
272 42 
2
185 22 34 0
8028 16 16 0
2
40 42 
2
2007 10 16 0
8029 16 16 0
2
273 42 
2
185 22 0 0
8030 16 16 0
2
20 42 
2
501 14 16 0
8031 16 16 0
2
274 42 
2
185 20 34 0
8032 16 16 0
2
40 42 
2
2008 10 16 0
8033 16 16 0
2
275 42 
2
185 20 0 0
8034 16 16 0
2
264 43 
2
179 30 34 0
5354 18 14 0
2
41 43 
2
2007 20 12 0
5355 18 14 0
2
265 43 
2
179 30 0 0
5356 18 14 0
2
21 43 
2
501 20 14 0
5357 18 14 0
2
266 43 
2
179 28 34 0
5358 18 14 0
2
41 43 
2
2008 20 12 0
5359 18 14 0
2
267 43 
2
179 28 0 0
5360 18 14 0
2
42 77 
2
8035 16 16 0
36 14 32 0
2
43 175 
2
5361 18 14 0
46 6 8 0
2
42 78 
2
8036 16 16 0
36 10 28 0
2
42 79 
2
8037 16 16 0
38 2 20 0
2
42 80 
2
8038 16 16 0
40 24 28 0
2
42 81 
2
8039 16 16 0
42 6 6 0
2
42 82 
2
8040 16 16 0
44 28 22 0
2
42 83 
2
8041 16 16 0
44 10 4 0
2
42 84 
2
8042 16 16 0
42 28 24 0
2
42 85 
2
8043 16 16 0
44 30 20 0
2
42 88 
2
8044 16 16 0
48 12 4 0
2
42 110 
2
8045 16 16 0
50 6 20 0
2
42 127 
2
8046 16 16 0
50 12 18 0
2
42 132 
2
8047 16 16 0
50 8 16 0
2
42 133 
2
8048 16 16 0
50 10 12 0
2
42 134 
2
8049 16 16 0
50 16 30 0
2
42 135 
2
8050 16 16 0
50 10 26 0
2
42 136 
2
8051 16 16 0
50 16 26 0
2
42 137 
2
8052 16 16 0
50 16 28 0
2
42 138 
2
8053 16 16 0
50 10 20 0
2
42 139 
2
8054 16 16 0
50 12 26 0
2
42 140 
2
8055 16 16 0
46 14 18 0
2
40 42 
2
2009 10 16 0
8056 16 16 0
2
41 43 
2
2009 20 12 0
5362 18 14 0
2
42 77 
2
8057 16 16 0
37 14 32 0
2
43 174 
2
5363 18 14 0
44 20 32 0
2
42 78 
2
8058 16 16 0
37 10 28 0
2
42 79 
2
8059 16 16 0
39 2 20 0
2
42 80 
2
8060 16 16 0
41 24 28 0
2
42 81 
2
8061 16 16 0
43 6 6 0
2
42 82 
2
8062 16 16 0
45 28 22 0
2
42 83 
2
8063 16 16 0
45 10 4 0
2
42 84 
2
8064 16 16 0
43 28 24 0
2
42 85 
2
8065 16 16 0
45 30 20 0
2
42 88 
2
8066 16 16 0
49 12 4 0
2
42 110 
2
8067 16 16 0
51 6 20 0
2
42 127 
2
8068 16 16 0
51 12 18 0
2
42 132 
2
8069 16 16 0
51 8 16 0
2
42 133 
2
8070 16 16 0
51 10 12 0
2
42 134 
2
8071 16 16 0
51 16 30 0
2
42 135 
2
8072 16 16 0
51 10 26 0
2
42 136 
2
8073 16 16 0
51 16 26 0
2
42 137 
2
8074 16 16 0
51 16 28 0
2
42 138 
2
8075 16 16 0
51 10 20 0
2
42 139 
2
8076 16 16 0
51 12 26 0
2
42 140 
2
8077 16 16 0
47 14 18 0
2
20 40 
2
502 14 16 0
2010 10 16 0
2
21 41 
2
502 20 14 0
2010 20 12 0
2
38 40 
2
1006 4 16 0
2011 10 16 0
2
39 41 
2
1006 22 8 0
2011 20 12 0
2
280 42 
2
185 14 34 0
8078 16 16 0
2
40 42 
2
2012 10 16 0
8079 16 16 0
2
281 42 
2
185 14 0 0
8080 16 16 0
2
20 42 
2
503 14 16 0
8081 16 16 0
2
282 42 
2
185 12 34 0
8082 16 16 0
2
40 42 
2
2013 10 16 0
8083 16 16 0
2
283 42 
2
185 12 0 0
8084 16 16 0
2
272 43 
2
179 22 34 0
5364 18 14 0
2
41 43 
2
2012 20 12 0
5365 18 14 0
2
273 43 
2
179 22 0 0
5366 18 14 0
2
21 43 
2
503 20 14 0
5367 18 14 0
2
274 43 
2
179 20 34 0
5368 18 14 0
2
41 43 
2
2013 20 12 0
5369 18 14 0
2
275 43 
2
179 20 0 0
5370 18 14 0
2
42 78 
2
8085 16 16 0
38 10 28 0
2
43 174 
2
5371 18 14 0
45 20 32 0
2
42 79 
2
8086 16 16 0
40 2 20 0
2
43 175 
2
5372 18 14 0
47 6 8 0
2
42 80 
2
8087 16 16 0
42 24 28 0
2
42 81 
2
8088 16 16 0
44 6 6 0
2
42 82 
2
8089 16 16 0
46 28 22 0
2
42 83 
2
8090 16 16 0
46 10 4 0
2
42 84 
2
8091 16 16 0
44 28 24 0
2
42 85 
2
8092 16 16 0
46 30 20 0
2
42 88 
2
8093 16 16 0
50 12 4 0
2
42 110 
2
8094 16 16 0
52 6 20 0
2
42 127 
2
8095 16 16 0
52 12 18 0
2
42 132 
2
8096 16 16 0
52 8 16 0
2
42 133 
2
8097 16 16 0
52 10 12 0
2
42 134 
2
8098 16 16 0
52 16 30 0
2
42 135 
2
8099 16 16 0
52 10 26 0
2
42 136 
2
8100 16 16 0
52 16 26 0
2
42 137 
2
8101 16 16 0
52 16 28 0
2
42 138 
2
8102 16 16 0
52 10 20 0
2
42 139 
2
8103 16 16 0
52 12 26 0
2
42 140 
2
8104 16 16 0
48 14 18 0
2
42 141 
2
8105 16 16 0
44 14 20 0
2
40 42 
2
2014 10 16 0
8106 16 16 0
2
41 43 
2
2014 20 12 0
5373 18 14 0
2
42 78 
2
8107 16 16 0
39 10 28 0
2
43 177 
2
5374 18 14 0
44 8 4 0
2
42 79 
2
8108 16 16 0
41 2 20 0
2
42 80 
2
8109 16 16 0
43 24 28 0
2
42 81 
2
8110 16 16 0
45 6 6 0
2
42 82 
2
8111 16 16 0
47 28 22 0
2
42 83 
2
8112 16 16 0
47 10 4 0
2
42 84 
2
8113 16 16 0
45 28 24 0
2
42 85 
2
8114 16 16 0
47 30 20 0
2
42 88 
2
8115 16 16 0
51 12 4 0
2
42 110 
2
8116 16 16 0
53 6 20 0
2
42 127 
2
8117 16 16 0
53 12 18 0
2
42 132 
2
8118 16 16 0
53 8 16 0
2
42 133 
2
8119 16 16 0
53 10 12 0
2
42 134 
2
8120 16 16 0
53 16 30 0
2
42 135 
2
8121 16 16 0
53 10 26 0
2
42 136 
2
8122 16 16 0
53 16 26 0
2
42 137 
2
8123 16 16 0
53 16 28 0
2
42 138 
2
8124 16 16 0
53 10 20 0
2
42 139 
2
8125 16 16 0
53 12 26 0
2
42 140 
2
8126 16 16 0
49 14 18 0
2
42 141 
2
8127 16 16 0
45 14 20 0
2
20 40 
2
504 14 16 0
2015 10 16 0
2
21 41 
2
504 20 14 0
2015 20 12 0
2
18 38 
2
252 4 18 0
1007 4 16 0
2
19 39 
2
252 20 8 0
1007 22 8 0
2
16 36 
2
126 4 24 0
506 4 22 0
2
17 37 
2
126 26 4 0
506 24 4 0
2
34 36 
2
254 2 24 0
507 4 22 0
2
35 37 
2
254 28 2 0
507 24 4 0
2
276 38 
2
185 18 34 0
1008 4 16 0
2
36 38 
2
508 4 22 0
1009 4 16 0
2
277 38 
2
185 18 0 0
1010 4 16 0
2
16 38 
2
127 4 24 0
1011 4 16 0
2
278 38 
2
185 16 34 0
1012 4 16 0
2
36 38 
2
509 4 22 0
1013 4 16 0
2
279 38 
2
185 16 0 0
1014 4 16 0
2
268 39 
2
179 26 34 0
1008 22 8 0
2
37 39 
2
508 24 4 0
1009 22 8 0
2
269 39 
2
179 26 0 0
1010 22 8 0
2
17 39 
2
127 26 4 0
1011 22 8 0
2
270 39 
2
179 24 34 0
1012 22 8 0
2
37 39 
2
509 24 4 0
1013 22 8 0
2
271 39 
2
179 24 0 0
1014 22 8 0
2
284 40 
2
185 10 34 0
2016 10 16 0
2
38 40 
2
1015 4 16 0
2017 10 16 0
2
285 40 
2
185 10 0 0
2018 10 16 0
2
18 40 
2
253 4 18 0
2019 10 16 0
2
286 40 
2
185 8 34 0
2020 10 16 0
2
38 40 
2
1016 4 16 0
2021 10 16 0
2
287 40 
2
185 8 0 0
2022 10 16 0
2
276 41 
2
179 18 34 0
2016 20 12 0
2
39 41 
2
1015 22 8 0
2017 20 12 0
2
277 41 
2
179 18 0 0
2018 20 12 0
2
19 41 
2
253 20 8 0
2019 20 12 0
2
278 41 
2
179 16 34 0
2020 20 12 0
2
39 41 
2
1016 22 8 0
2021 20 12 0
2
279 41 
2
179 16 0 0
2022 20 12 0
2
288 42 
2
185 6 34 0
8128 16 16 0
2
40 42 
2
2023 10 16 0
8129 16 16 0
2
289 42 
2
185 6 0 0
8130 16 16 0
2
20 42 
2
505 14 16 0
8131 16 16 0
2
290 42 
2
185 4 34 0
8132 16 16 0
2
40 42 
2
2024 10 16 0
8133 16 16 0
2
291 42 
2
185 4 0 0
8134 16 16 0
2
280 43 
2
179 14 34 0
5375 18 14 0
2
41 43 
2
2023 20 12 0
5376 18 14 0
2
281 43 
2
179 14 0 0
5377 18 14 0
2
21 43 
2
505 20 14 0
5378 18 14 0
2
282 43 
2
179 12 34 0
5379 18 14 0
2
41 43 
2
2024 20 12 0
5380 18 14 0
2
283 43 
2
179 12 0 0
5381 18 14 0
2
42 140 
2
8135 16 16 0
50 14 18 0
2
43 176 
2
5382 18 14 0
46 20 30 0
2
42 141 
2
8136 16 16 0
46 14 20 0
2
42 142 
2
8137 16 16 0
46 8 12 0
2
40 42 
2
2025 10 16 0
8138 16 16 0
2
41 43 
2
2025 20 12 0
5383 18 14 0
2
42 140 
2
8139 16 16 0
51 14 18 0
2
43 176 
2
5384 18 14 0
47 20 30 0
2
42 141 
2
8140 16 16 0
47 14 20 0
2
43 177 
2
5385 18 14 0
45 8 4 0
2
42 142 
2
8141 16 16 0
47 8 12 0
2
20 40 
2
506 14 16 0
2026 10 16 0
2
21 41 
2
506 20 14 0
2026 20 12 0
2
38 40 
2
1017 4 16 0
2027 10 16 0
2
39 41 
2
1017 22 8 0
2027 20 12 0
2
296 42 
2
185 0 30 0
8142 16 16 0
2
40 42 
2
2028 10 16 0
8143 16 16 0
2
297 42 
2
185 0 28 0
8144 16 16 0
2
20 42 
2
507 14 16 0
8145 16 16 0
2
298 42 
2
185 0 26 0
8146 16 16 0
2
40 42 
2
2029 10 16 0
8147 16 16 0
2
299 42 
2
185 0 24 0
8148 16 16 0
2
288 43 
2
179 6 34 0
5386 18 14 0
2
41 43 
2
2028 20 12 0
5387 18 14 0
2
289 43 
2
179 6 0 0
5388 18 14 0
2
21 43 
2
507 20 14 0
5389 18 14 0
2
290 43 
2
179 4 34 0
5390 18 14 0
2
41 43 
2
2029 20 12 0
5391 18 14 0
2
291 43 
2
179 4 0 0
5392 18 14 0
2
42 141 
2
8149 16 16 0
48 14 20 0
2
43 179 
2
5393 18 14 0
40 30 22 0
2
42 142 
2
8150 16 16 0
48 8 12 0
2
42 143 
2
8151 16 16 0
48 22 24 0
2
40 42 
2
2030 10 16 0
8152 16 16 0
2
41 43 
2
2030 20 12 0
5394 18 14 0
2
42 141 
2
8153 16 16 0
49 14 20 0
2
43 178 
2
5395 18 14 0
42 10 2 0
2
42 142 
2
8154 16 16 0
49 8 12 0
2
42 143 
2
8155 16 16 0
49 22 24 0
2
20 40 
2
508 14 16 0
2031 10 16 0
2
21 41 
2
508 20 14 0
2031 20 12 0
2
18 38 
2
254 4 18 0
1018 4 16 0
2
19 39 
2
254 20 8 0
1018 22 8 0
2
36 38 
2
510 4 22 0
1019 4 16 0
2
37 39 
2
510 24 4 0
1019 22 8 0
2
300 40 
2
185 0 22 0
2032 10 16 0
2
38 40 
2
1020 4 16 0
2033 10 16 0
2
301 40 
2
185 0 20 0
2034 10 16 0
2
18 40 
2
255 4 18 0
2035 10 16 0
2
302 40 
2
185 0 18 0
2036 10 16 0
2
38 40 
2
1021 4 16 0
2037 10 16 0
2
303 40 
2
185 0 16 0
2038 10 16 0
2
292 41 
2
179 2 34 0
2032 20 12 0
2
39 41 
2
1020 22 8 0
2033 20 12 0
2
293 41 
2
179 2 0 0
2034 20 12 0
2
19 41 
2
255 20 8 0
2035 20 12 0
2
294 41 
2
179 0 34 0
2036 20 12 0
2
39 41 
2
1021 22 8 0
2037 20 12 0
2
295 41 
2
179 0 32 0
2038 20 12 0
2
304 42 
2
185 0 14 0
8156 16 16 0
2
40 42 
2
2039 10 16 0
8157 16 16 0
2
305 42 
2
185 0 12 0
8158 16 16 0
2
20 42 
2
509 14 16 0
8159 16 16 0
2
306 42 
2
185 0 10 0
8160 16 16 0
2
40 42 
2
2040 10 16 0
8161 16 16 0
2
307 42 
2
185 0 8 0
8162 16 16 0
2
296 43 
2
179 0 30 0
5396 18 14 0
2
41 43 
2
2039 20 12 0
5397 18 14 0
2
297 43 
2
179 0 28 0
5398 18 14 0
2
21 43 
2
509 20 14 0
5399 18 14 0
2
298 43 
2
179 0 26 0
5400 18 14 0
2
41 43 
2
2040 20 12 0
5401 18 14 0
2
299 43 
2
179 0 24 0
5402 18 14 0
2
42 140 
2
8163 16 16 0
52 14 18 0
2
43 178 
2
5403 18 14 0
43 10 2 0
2
42 141 
2
8164 16 16 0
50 14 20 0
2
43 179 
2
5404 18 14 0
41 30 22 0
2
42 142 
2
8165 16 16 0
50 8 12 0
2
42 143 
2
8166 16 16 0
50 22 24 0
2
42 144 
2
8167 16 16 0
50 24 18 0
2
42 145 
2
8168 16 16 0
50 22 10 0
2
42 146 
2
8169 16 16 0
48 30 12 0
2
42 147 
2
8170 16 16 0
44 4 8 0
2
42 148 
2
8171 16 16 0
44 12 30 0
2
42 165 
2
8172 16 16 0
48 4 20 0
2
42 187 
2
8173 16 16 0
50 12 28 0
2
42 190 
2
8174 16 16 0
50 26 16 0
2
42 192 
2
8175 16 16 0
50 18 26 0
2
42 193 
2
8176 16 16 0
50 6 16 0
2
42 194 
2
8177 16 16 0
50 14 22 0
2
42 195 
2
8178 16 16 0
50 10 22 0
2
42 196 
2
8179 16 16 0
50 8 18 0
2
42 197 
2
8180 16 16 0
50 16 22 0
2
42 198 
2
8181 16 16 0
50 16 18 0
2
42 199 
2
8182 16 16 0
50 14 28 0
2
42 200 
2
8183 16 16 0
46 10 18 0
2
40 42 
2
2041 10 16 0
8184 16 16 0
2
41 43 
2
2041 20 12 0
5405 18 14 0
2
42 140 
2
8185 16 16 0
53 14 18 0
2
43 181 
2
5406 18 14 0
36 32 20 0
2
42 141 
2
8186 16 16 0
51 14 20 0
2
42 142 
2
8187 16 16 0
51 8 12 0
2
42 143 
2
8188 16 16 0
51 22 24 0
2
42 144 
2
8189 16 16 0
51 24 18 0
2
42 145 
2
8190 16 16 0
51 22 10 0
2
42 146 
2
8191 16 16 0
49 30 12 0
2
42 147 
2
8192 16 16 0
45 4 8 0
2
42 148 
2
8193 16 16 0
45 12 30 0
2
42 165 
2
8194 16 16 0
49 4 20 0
2
42 187 
2
8195 16 16 0
51 12 28 0
2
42 190 
2
8196 16 16 0
51 26 16 0
2
42 192 
2
8197 16 16 0
51 18 26 0
2
42 193 
2
8198 16 16 0
51 6 16 0
2
42 194 
2
8199 16 16 0
51 14 22 0
2
42 195 
2
8200 16 16 0
51 10 22 0
2
42 196 
2
8201 16 16 0
51 8 18 0
2
42 197 
2
8202 16 16 0
51 16 22 0
2
42 198 
2
8203 16 16 0
51 16 18 0
2
42 199 
2
8204 16 16 0
51 14 28 0
2
42 200 
2
8205 16 16 0
47 10 18 0
2
20 40 
2
510 14 16 0
2042 10 16 0
2
21 41 
2
510 20 14 0
2042 20 12 0
2
38 40 
2
1022 4 16 0
2043 10 16 0
2
39 41 
2
1022 22 8 0
2043 20 12 0
2
244 42 
2
188 34 34 0
8206 16 16 0
2
40 42 
2
2044 10 16 0
8207 16 16 0
2
245 42 
2
188 34 32 0
8208 16 16 0
2
20 42 
2
511 14 16 0
8209 16 16 0
2
246 42 
2
188 34 30 0
8210 16 16 0
2
40 42 
2
2045 10 16 0
8211 16 16 0
2
247 42 
2
188 34 28 0
8212 16 16 0
2
304 43 
2
179 0 14 0
5407 18 14 0
2
41 43 
2
2044 20 12 0
5408 18 14 0
2
305 43 
2
179 0 12 0
5409 18 14 0
2
21 43 
2
511 20 14 0
5410 18 14 0
2
306 43 
2
179 0 10 0
5411 18 14 0
2
41 43 
2
2045 20 12 0
5412 18 14 0
2
307 43 
2
179 0 8 0
5413 18 14 0
2
42 141 
2
8213 16 16 0
52 14 20 0
2
43 180 
2
5414 18 14 0
38 26 26 0
2
42 142 
2
8214 16 16 0
52 8 12 0
2
42 143 
2
8215 16 16 0
52 22 24 0
2
42 144 
2
8216 16 16 0
52 24 18 0
2
42 145 
2
8217 16 16 0
52 22 10 0
2
42 146 
2
8218 16 16 0
50 30 12 0
2
42 147 
2
8219 16 16 0
46 4 8 0
2
42 148 
2
8220 16 16 0
46 12 30 0
2
42 165 
2
8221 16 16 0
50 4 20 0
2
42 187 
2
8222 16 16 0
52 12 28 0
2
42 190 
2
8223 16 16 0
52 26 16 0
2
42 192 
2
8224 16 16 0
52 18 26 0
2
42 193 
2
8225 16 16 0
52 6 16 0
2
42 194 
2
8226 16 16 0
52 14 22 0
2
42 195 
2
8227 16 16 0
52 10 22 0
2
42 196 
2
8228 16 16 0
52 8 18 0
2
42 197 
2
8229 16 16 0
52 16 22 0
2
42 198 
2
8230 16 16 0
52 16 18 0
2
42 199 
2
8231 16 16 0
52 14 28 0
2
42 200 
2
8232 16 16 0
48 10 18 0
2
42 201 
2
8233 16 16 0
44 18 20 0
2
40 42 
2
2046 10 16 0
8234 16 16 0
2
41 43 
2
2046 20 12 0
5415 18 14 0
2
42 141 
2
8235 16 16 0
53 14 20 0
2
43 180 
2
5416 18 14 0
39 26 26 0
2
42 142 
2
8236 16 16 0
53 8 12 0
2
43 181 
2
5417 18 14 0
37 32 20 0
2
42 143 
2
8237 16 16 0
53 22 24 0
2
42 144 
2
8238 16 16 0
53 24 18 0
2
42 145 
2
8239 16 16 0
53 22 10 0
2
42 146 
2
8240 16 16 0
51 30 12 0
2
42 147 
2
8241 16 16 0
47 4 8 0
2
42 148 
2
8242 16 16 0
47 12 30 0
2
42 165 
2
8243 16 16 0
51 4 20 0
2
42 187 
2
8244 16 16 0
53 12 28 0
2
42 190 
2
8245 16 16 0
53 26 16 0
2
42 192 
2
8246 16 16 0
53 18 26 0
2
42 193 
2
8247 16 16 0
53 6 16 0
2
42 194 
2
8248 16 16 0
53 14 22 0
2
42 195 
2
8249 16 16 0
53 10 22 0
2
42 196 
2
8250 16 16 0
53 8 18 0
2
42 197 
2
8251 16 16 0
53 16 22 0
2
42 198 
2
8252 16 16 0
53 16 18 0
2
42 199 
2
8253 16 16 0
53 14 28 0
2
42 200 
2
8254 16 16 0
49 10 18 0
2
42 201 
2
8255 16 16 0
45 18 20 0
2
20 40 
2
512 14 16 0
2047 10 16 0
2
21 41 
2
512 20 14 0
2047 20 12 0
2
18 38 
2
256 4 18 0
1023 4 16 0
2
19 39 
2
256 20 8 0
1023 22 8 0
2
16 36 
2
128 4 24 0
511 4 22 0
2
17 37 
2
128 26 4 0
511 24 4 0
2
14 34 
2
64 4 26 0
255 2 24 0
2
15 35 
2
64 26 2 0
255 28 2 0
2
12 32 
2
32 2 26 0
127 2 28 0
2
13 33 
2
32 30 2 0
127 32 2 0
2
10 30 
2
16 6 28 0
63 4 28 0
2
11 31 
2
16 32 4 0
63 32 6 0
2
8 28 
2
8 6 30 0
31 4 30 0
2
9 29 
2
8 32 24 0
31 32 26 0
2
6 26 
2
4 6 32 0
15 2 30 0
2
7 27 
2
4 28 30 0
15 32 28 0
2
4 24 
2
2 8 32 0
10 2 32 0
2
5 25 
2
2 26 32 0
10 30 30 0
2
22 24 
2
3 4 32 0
11 2 32 0
2
23 25 
2
3 32 30 0
11 30 30 0
2
288 26 
2
98 6 34 0
16 2 30 0
2
24 26 
2
12 2 32 0
17 2 30 0
2
289 26 
2
98 6 0 0
18 2 30 0
2
4 26 
2
3 8 32 0
19 2 30 0
2
290 26 
2
98 4 34 0
20 2 30 0
2
24 26 
2
13 2 32 0
21 2 30 0
2
291 26 
2
98 4 0 0
22 2 30 0
2
264 27 
2
92 30 34 0
16 32 28 0
2
25 27 
2
12 30 30 0
17 32 28 0
2
265 27 
2
92 30 0 0
18 32 28 0
2
5 27 
2
3 26 32 0
19 32 28 0
2
266 27 
2
92 28 34 0
20 32 28 0
2
25 27 
2
13 30 30 0
21 32 28 0
2
267 27 
2
92 28 0 0
22 32 28 0
2
292 28 
2
140 2 34 0
32 4 30 0
2
26 28 
2
23 2 30 0
33 4 30 0
2
293 28 
2
140 2 0 0
34 4 30 0
2
6 28 
2
5 6 32 0
35 4 30 0
2
294 28 
2
140 0 34 0
36 4 30 0
2
26 28 
2
24 2 30 0
37 4 30 0
2
295 28 
2
140 0 32 0
38 4 30 0
2
256 29 
2
140 34 10 0
32 32 26 0
2
27 29 
2
23 32 28 0
33 32 26 0
2
257 29 
2
140 34 8 0
34 32 26 0
2
7 29 
2
5 28 30 0
35 32 26 0
2
258 29 
2
140 34 6 0
36 32 26 0
2
27 29 
2
24 32 28 0
37 32 26 0
2
259 29 
2
140 34 4 0
38 32 26 0
2
292 30 
2
167 2 34 0
64 4 28 0
2
28 30 
2
39 4 30 0
65 4 28 0
2
293 30 
2
167 2 0 0
66 4 28 0
2
8 30 
2
9 6 30 0
67 4 28 0
2
294 30 
2
167 0 34 0
68 4 28 0
2
28 30 
2
40 4 30 0
69 4 28 0
2
295 30 
2
167 0 32 0
70 4 28 0
2
304 31 
2
152 0 14 0
64 32 6 0
2
29 31 
2
39 32 26 0
65 32 6 0
2
305 31 
2
152 0 12 0
66 32 6 0
2
9 31 
2
9 32 24 0
67 32 6 0
2
306 31 
2
152 0 10 0
68 32 6 0
2
29 31 
2
40 32 26 0
69 32 6 0
2
307 31 
2
152 0 8 0
70 32 6 0
2
288 32 
2
173 6 34 0
128 2 28 0
2
30 32 
2
71 4 28 0
129 2 28 0
2
289 32 
2
173 6 0 0
130 2 28 0
2
10 32 
2
17 6 28 0
131 2 28 0
2
290 32 
2
173 4 34 0
132 2 28 0
2
30 32 
2
72 4 28 0
133 2 28 0
2
291 32 
2
173 4 0 0
134 2 28 0
2
260 33 
2
161 34 2 0
128 32 2 0
2
31 33 
2
71 32 6 0
129 32 2 0
2
261 33 
2
161 34 0 0
130 32 2 0
2
11 33 
2
17 32 4 0
131 32 2 0
2
262 33 
2
161 32 34 0
132 32 2 0
2
31 33 
2
72 32 6 0
133 32 2 0
2
263 33 
2
161 32 0 0
134 32 2 0
2
260 34 
2
185 34 2 0
256 2 24 0
2
32 34 
2
135 2 28 0
257 2 24 0
2
261 34 
2
185 34 0 0
258 2 24 0
2
12 34 
2
33 2 26 0
259 2 24 0
2
262 34 
2
185 32 34 0
260 2 24 0
2
32 34 
2
136 2 28 0
261 2 24 0
2
263 34 
2
185 32 0 0
262 2 24 0
2
252 35 
2
179 34 18 0
256 28 2 0
2
33 35 
2
135 32 2 0
257 28 2 0
2
253 35 
2
179 34 16 0
258 28 2 0
2
13 35 
2
33 30 2 0
259 28 2 0
2
254 35 
2
179 34 14 0
260 28 2 0
2
33 35 
2
136 32 2 0
261 28 2 0
2
255 35 
2
179 34 12 0
262 28 2 0
2
292 36 
2
185 2 34 0
512 4 22 0
2
34 36 
2
263 2 24 0
513 4 22 0
2
293 36 
2
185 2 0 0
514 4 22 0
2
14 36 
2
65 4 26 0
515 4 22 0
2
294 36 
2
185 0 34 0
516 4 22 0
2
34 36 
2
264 2 24 0
517 4 22 0
2
295 36 
2
185 0 32 0
518 4 22 0
2
284 37 
2
179 10 34 0
512 24 4 0
2
35 37 
2
263 28 2 0
513 24 4 0
2
285 37 
2
179 10 0 0
514 24 4 0
2
15 37 
2
65 26 2 0
515 24 4 0
2
286 37 
2
179 8 34 0
516 24 4 0
2
35 37 
2
264 28 2 0
517 24 4 0
2
287 37 
2
179 8 0 0
518 24 4 0
2
308 38 
2
185 0 6 0
1024 4 16 0
2
36 38 
2
519 4 22 0
1025 4 16 0
2
309 38 
2
185 0 4 0
1026 4 16 0
2
16 38 
2
129 4 24 0
1027 4 16 0
2
310 38 
2
185 0 2 0
1028 4 16 0
2
36 38 
2
520 4 22 0
1029 4 16 0
2
311 38 
2
185 0 0 0
1030 4 16 0
2
300 39 
2
179 0 22 0
1024 22 8 0
2
37 39 
2
519 24 4 0
1025 22 8 0
2
301 39 
2
179 0 20 0
1026 22 8 0
2
17 39 
2
129 26 4 0
1027 22 8 0
2
302 39 
2
179 0 18 0
1028 22 8 0
2
37 39 
2
520 24 4 0
1029 22 8 0
2
303 39 
2
179 0 16 0
1030 22 8 0
2
248 40 
2
188 34 26 0
2048 10 16 0
2
38 40 
2
1031 4 16 0
2049 10 16 0
2
249 40 
2
188 34 24 0
2050 10 16 0
2
18 40 
2
257 4 18 0
2051 10 16 0
2
250 40 
2
188 34 22 0
2052 10 16 0
2
38 40 
2
1032 4 16 0
2053 10 16 0
2
251 40 
2
188 34 20 0
2054 10 16 0
2
308 41 
2
179 0 6 0
2048 20 12 0
2
39 41 
2
1031 22 8 0
2049 20 12 0
2
309 41 
2
179 0 4 0
2050 20 12 0
2
19 41 
2
257 20 8 0
2051 20 12 0
2
310 41 
2
179 0 2 0
2052 20 12 0
2
39 41 
2
1032 22 8 0
2053 20 12 0
2
311 41 
2
179 0 0 0
2054 20 12 0
2
252 42 
2
188 34 18 0
8256 16 16 0
2
40 42 
2
2055 10 16 0
8257 16 16 0
2
253 42 
2
188 34 16 0
8258 16 16 0
2
20 42 
2
513 14 16 0
8259 16 16 0
2
254 42 
2
188 34 14 0
8260 16 16 0
2
40 42 
2
2056 10 16 0
8261 16 16 0
2
255 42 
2
188 34 12 0
8262 16 16 0
2
244 43 
2
182 34 34 0
5418 18 14 0
2
41 43 
2
2055 20 12 0
5419 18 14 0
2
245 43 
2
182 34 32 0
5420 18 14 0
2
21 43 
2
513 20 14 0
5421 18 14 0
2
246 43 
2
182 34 30 0
5422 18 14 0
2
41 43 
2
2056 20 12 0
5423 18 14 0
2
247 43 
2
182 34 28 0
5424 18 14 0
2
42 200 
2
8263 16 16 0
50 10 18 0
2
43 183 
2
5425 18 14 0
32 2 8 0
2
42 201 
2
8264 16 16 0
46 18 20 0
2
42 202 
2
8265 16 16 0
46 14 14 0
2
40 42 
2
2057 10 16 0
8266 16 16 0
2
41 43 
2
2057 20 12 0
5426 18 14 0
2
42 200 
2
8267 16 16 0
51 10 18 0
2
43 182 
2
5427 18 14 0
34 32 10 0
2
42 201 
2
8268 16 16 0
47 18 20 0
2
42 202 
2
8269 16 16 0
47 14 14 0
2
20 40 
2
514 14 16 0
2058 10 16 0
2
21 41 
2
514 20 14 0
2058 20 12 0
2
38 40 
2
1033 4 16 0
2059 10 16 0
2
39 41 
2
1033 22 8 0
2059 20 12 0
2
256 42 
2
188 34 10 0
8270 16 16 0
2
40 42 
2
2060 10 16 0
8271 16 16 0
2
257 42 
2
188 34 8 0
8272 16 16 0
2
20 42 
2
515 14 16 0
8273 16 16 0
2
258 42 
2
188 34 6 0
8274 16 16 0
2
40 42 
2
2061 10 16 0
8275 16 16 0
2
259 42 
2
188 34 4 0
8276 16 16 0
2
248 43 
2
182 34 26 0
5428 18 14 0
2
41 43 
2
2060 20 12 0
5429 18 14 0
2
249 43 
2
182 34 24 0
5430 18 14 0
2
21 43 
2
515 20 14 0
5431 18 14 0
2
250 43 
2
182 34 22 0
5432 18 14 0
2
41 43 
2
2061 20 12 0
5433 18 14 0
2
251 43 
2
182 34 20 0
5434 18 14 0
2
42 201 
2
8277 16 16 0
48 18 20 0
2
43 182 
2
5435 18 14 0
35 32 10 0
2
42 202 
2
8278 16 16 0
48 14 14 0
2
43 183 
2
5436 18 14 0
33 2 8 0
2
42 203 
2
8279 16 16 0
48 2 14 0
2
40 42 
2
2062 10 16 0
8280 16 16 0
2
41 43 
2
2062 20 12 0
5437 18 14 0
2
42 201 
2
8281 16 16 0
49 18 20 0
2
43 185 
2
5438 18 14 0
28 24 30 0
2
42 202 
2
8282 16 16 0
49 14 14 0
2
42 203 
2
8283 16 16 0
49 2 14 0
2
20 40 
2
516 14 16 0
2063 10 16 0
2
21 41 
2
516 20 14 0
2063 20 12 0
2
18 38 
2
258 4 18 0
1034 4 16 0
2
19 39 
2
258 20 8 0
1034 22 8 0
2
36 38 
2
521 4 22 0
1035 4 16 0
2
37 39 
2
521 24 4 0
1035 22 8 0
2
260 40 
2
188 34 2 0
2064 10 16 0
2
38 40 
2
1036 4 16 0
2065 10 16 0
2
261 40 
2
188 34 0 0
2066 10 16 0
2
18 40 
2
259 4 18 0
2067 10 16 0
2
262 40 
2
188 32 34 0
2068 10 16 0
2
38 40 
2
1037 4 16 0
2069 10 16 0
2
263 40 
2
188 32 0 0
2070 10 16 0
2
252 41 
2
182 34 18 0
2064 20 12 0
2
39 41 
2
1036 22 8 0
2065 20 12 0
2
253 41 
2
182 34 16 0
2066 20 12 0
2
19 41 
2
259 20 8 0
2067 20 12 0
2
254 41 
2
182 34 14 0
2068 20 12 0
2
39 41 
2
1037 22 8 0
2069 20 12 0
2
255 41 
2
182 34 12 0
2070 20 12 0
2
264 42 
2
188 30 34 0
8284 16 16 0
2
40 42 
2
2071 10 16 0
8285 16 16 0
2
265 42 
2
188 30 0 0
8286 16 16 0
2
20 42 
2
517 14 16 0
8287 16 16 0
2
266 42 
2
188 28 34 0
8288 16 16 0
2
40 42 
2
2072 10 16 0
8289 16 16 0
2
267 42 
2
188 28 0 0
8290 16 16 0
2
272 43 
2
182 22 34 0
5439 18 14 0
2
41 43 
2
2071 20 12 0
5440 18 14 0
2
273 43 
2
182 22 0 0
5441 18 14 0
2
21 43 
2
517 20 14 0
5442 18 14 0
2
274 43 
2
182 20 34 0
5443 18 14 0
2
41 43 
2
2072 20 12 0
5444 18 14 0
2
275 43 
2
182 20 0 0
5445 18 14 0
2
42 200 
2
8291 16 16 0
52 10 18 0
2
43 184 
2
5446 18 14 0
30 30 8 0
2
42 201 
2
8292 16 16 0
50 18 20 0
2
42 202 
2
8293 16 16 0
50 14 14 0
2
42 203 
2
8294 16 16 0
50 2 14 0
2
42 204 
2
8295 16 16 0
50 20 20 0
2
42 205 
2
8296 16 16 0
50 18 10 0
2
42 206 
2
8297 16 16 0
48 26 24 0
2
42 207 
2
8298 16 16 0
44 4 10 0
2
42 208 
2
8299 16 16 0
44 32 16 0
2
42 209 
2
8300 16 16 0
48 2 18 0
2
42 210 
2
8301 16 16 0
50 8 24 0
2
42 211 
2
8302 16 16 0
50 6 18 0
2
42 212 
2
8303 16 16 0
50 16 24 0
2
42 213 
2
8304 16 16 0
50 16 32 0
2
42 214 
2
8305 16 16 0
50 12 20 0
2
42 215 
2
8306 16 16 0
50 18 16 0
2
42 216 
2
8307 16 16 0
50 8 20 0
2
42 217 
2
8308 16 16 0
50 14 26 0
2
42 218 
2
8309 16 16 0
50 10 24 0
2
42 219 
2
8310 16 16 0
50 24 24 0
2
42 220 
2
8311 16 16 0
46 12 24 0
2
40 42 
2
2073 10 16 0
8312 16 16 0
2
41 43 
2
2073 20 12 0
5447 18 14 0
2
42 200 
2
8313 16 16 0
53 10 18 0
2
43 184 
2
5448 18 14 0
31 30 8 0
2
42 201 
2
8314 16 16 0
51 18 20 0
2
43 185 
2
5449 18 14 0
29 24 30 0
2
42 202 
2
8315 16 16 0
51 14 14 0
2
42 203 
2
8316 16 16 0
51 2 14 0
2
42 204 
2
8317 16 16 0
51 20 20 0
2
42 205 
2
8318 16 16 0
51 18 10 0
2
42 206 
2
8319 16 16 0
49 26 24 0
2
42 207 
2
8320 16 16 0
45 4 10 0
2
42 208 
2
8321 16 16 0
45 32 16 0
2
42 209 
2
8322 16 16 0
49 2 18 0
2
42 210 
2
8323 16 16 0
51 8 24 0
2
42 211 
2
8324 16 16 0
51 6 18 0
2
42 212 
2
8325 16 16 0
51 16 24 0
2
42 213 
2
8326 16 16 0
51 16 32 0
2
42 214 
2
8327 16 16 0
51 12 20 0
2
42 215 
2
8328 16 16 0
51 18 16 0
2
42 216 
2
8329 16 16 0
51 8 20 0
2
42 217 
2
8330 16 16 0
51 14 26 0
2
42 218 
2
8331 16 16 0
51 10 24 0
2
42 219 
2
8332 16 16 0
51 24 24 0
2
42 220 
2
8333 16 16 0
47 12 24 0
2
20 40 
2
518 14 16 0
2074 10 16 0
2
21 41 
2
518 20 14 0
2074 20 12 0
2
38 40 
2
1038 4 16 0
2075 10 16 0
2
39 41 
2
1038 22 8 0
2075 20 12 0
2
272 42 
2
188 22 34 0
8334 16 16 0
2
40 42 
2
2076 10 16 0
8335 16 16 0
2
273 42 
2
188 22 0 0
8336 16 16 0
2
20 42 
2
519 14 16 0
8337 16 16 0
2
274 42 
2
188 20 34 0
8338 16 16 0
2
40 42 
2
2077 10 16 0
8339 16 16 0
2
275 42 
2
188 20 0 0
8340 16 16 0
2
280 43 
2
182 14 34 0
5450 18 14 0
2
41 43 
2
2076 20 12 0
5451 18 14 0
2
281 43 
2
182 14 0 0
5452 18 14 0
2
21 43 
2
519 20 14 0
5453 18 14 0
2
282 43 
2
182 12 34 0
5454 18 14 0
2
41 43 
2
2077 20 12 0
5455 18 14 0
2
283 43 
2
182 12 0 0
5456 18 14 0
2
42 201 
2
8341 16 16 0
52 18 20 0
2
43 188 
2
5457 18 14 0
24 30 6 0
2
42 202 
2
8342 16 16 0
52 14 14 0
2
42 203 
2
8343 16 16 0
52 2 14 0
2
42 204 
2
8344 16 16 0
52 20 20 0
2
42 205 
2
8345 16 16 0
52 18 10 0
2
42 206 
2
8346 16 16 0
50 26 24 0
2
42 207 
2
8347 16 16 0
46 4 10 0
2
42 208 
2
8348 16 16 0
46 32 16 0
2
42 209 
2
8349 16 16 0
50 2 18 0
2
42 210 
2
8350 16 16 0
52 8 24 0
2
42 211 
2
8351 16 16 0
52 6 18 0
2
42 212 
2
8352 16 16 0
52 16 24 0
2
42 213 
2
8353 16 16 0
52 16 32 0
2
42 214 
2
8354 16 16 0
52 12 20 0
2
42 215 
2
8355 16 16 0
52 18 16 0
2
42 216 
2
8356 16 16 0
52 8 20 0
2
42 217 
2
8357 16 16 0
52 14 26 0
2
42 218 
2
8358 16 16 0
52 10 24 0
2
42 219 
2
8359 16 16 0
52 24 24 0
2
42 220 
2
8360 16 16 0
48 12 24 0
2
42 221 
2
8361 16 16 0
44 6 22 0
2
40 42 
2
2078 10 16 0
8362 16 16 0
2
41 43 
2
2078 20 12 0
5458 18 14 0
2
42 201 
2
8363 16 16 0
53 18 20 0
2
43 186 
2
5459 18 14 0
26 28 6 0
2
42 202 
2
8364 16 16 0
53 14 14 0
2
42 203 
2
8365 16 16 0
53 2 14 0
2
42 204 
2
8366 16 16 0
53 20 20 0
2
42 205 
2
8367 16 16 0
53 18 10 0
2
42 206 
2
8368 16 16 0
51 26 24 0
2
42 207 
2
8369 16 16 0
47 4 10 0
2
42 208 
2
8370 16 16 0
47 32 16 0
2
42 209 
2
8371 16 16 0
51 2 18 0
2
42 210 
2
8372 16 16 0
53 8 24 0
2
42 211 
2
8373 16 16 0
53 6 18 0
2
42 212 
2
8374 16 16 0
53 16 24 0
2
42 213 
2
8375 16 16 0
53 16 32 0
2
42 214 
2
8376 16 16 0
53 12 20 0
2
42 215 
2
8377 16 16 0
53 18 16 0
2
42 216 
2
8378 16 16 0
53 8 20 0
2
42 217 
2
8379 16 16 0
53 14 26 0
2
42 218 
2
8380 16 16 0
53 10 24 0
2
42 219 
2
8381 16 16 0
53 24 24 0
2
42 220 
2
8382 16 16 0
49 12 24 0
2
42 221 
2
8383 16 16 0
45 6 22 0
2
20 40 
2
520 14 16 0
2079 10 16 0
2
21 41 
2
520 20 14 0
2079 20 12 0
2
18 38 
2
260 4 18 0
1039 4 16 0
2
19 39 
2
260 20 8 0
1039 22 8 0
2
16 36 
2
130 4 24 0
522 4 22 0
2
17 37 
2
130 26 4 0
522 24 4 0
2
34 36 
2
265 2 24 0
523 4 22 0
2
35 37 
2
265 28 2 0
523 24 4 0
2
268 38 
2
188 26 34 0
1040 4 16 0
2
36 38 
2
524 4 22 0
1041 4 16 0
2
269 38 
2
188 26 0 0
1042 4 16 0
2
16 38 
2
131 4 24 0
1043 4 16 0
2
270 38 
2
188 24 34 0
1044 4 16 0
2
36 38 
2
525 4 22 0
1045 4 16 0
2
271 38 
2
188 24 0 0
1046 4 16 0
2
276 39 
2
182 18 34 0
1040 22 8 0
2
37 39 
2
524 24 4 0
1041 22 8 0
2
277 39 
2
182 18 0 0
1042 22 8 0
2
17 39 
2
131 26 4 0
1043 22 8 0
2
278 39 
2
182 16 34 0
1044 22 8 0
2
37 39 
2
525 24 4 0
1045 22 8 0
2
279 39 
2
182 16 0 0
1046 22 8 0
2
276 40 
2
188 18 34 0
2080 10 16 0
2
38 40 
2
1047 4 16 0
2081 10 16 0
2
277 40 
2
188 18 0 0
2082 10 16 0
2
18 40 
2
261 4 18 0
2083 10 16 0
2
278 40 
2
188 16 34 0
2084 10 16 0
2
38 40 
2
1048 4 16 0
2085 10 16 0
2
279 40 
2
188 16 0 0
2086 10 16 0
2
284 41 
2
182 10 34 0
2080 20 12 0
2
39 41 
2
1047 22 8 0
2081 20 12 0
2
285 41 
2
182 10 0 0
2082 20 12 0
2
19 41 
2
261 20 8 0
2083 20 12 0
2
286 41 
2
182 8 34 0
2084 20 12 0
2
39 41 
2
1048 22 8 0
2085 20 12 0
2
287 41 
2
182 8 0 0
2086 20 12 0
2
280 42 
2
188 14 34 0
8384 16 16 0
2
40 42 
2
2087 10 16 0
8385 16 16 0
2
281 42 
2
188 14 0 0
8386 16 16 0
2
20 42 
2
521 14 16 0
8387 16 16 0
2
282 42 
2
188 12 34 0
8388 16 16 0
2
40 42 
2
2088 10 16 0
8389 16 16 0
2
283 42 
2
188 12 0 0
8390 16 16 0
2
288 43 
2
182 6 34 0
5460 18 14 0
2
41 43 
2
2087 20 12 0
5461 18 14 0
2
289 43 
2
182 6 0 0
5462 18 14 0
2
21 43 
2
521 20 14 0
5463 18 14 0
2
290 43 
2
182 4 34 0
5464 18 14 0
2
41 43 
2
2088 20 12 0
5465 18 14 0
2
291 43 
2
182 4 0 0
5466 18 14 0
2
42 220 
2
8391 16 16 0
50 12 24 0
2
43 186 
2
5467 18 14 0
27 28 6 0
2
42 221 
2
8392 16 16 0
46 6 22 0
2
43 188 
2
5468 18 14 0
25 30 6 0
2
42 222 
2
8393 16 16 0
46 6 14 0
2
40 42 
2
2089 10 16 0
8394 16 16 0
2
41 43 
2
2089 20 12 0
5469 18 14 0
2
42 220 
2
8395 16 16 0
51 12 24 0
2
43 191 
2
5470 18 14 0
20 28 4 0
2
42 221 
2
8396 16 16 0
47 6 22 0
2
42 222 
2
8397 16 16 0
47 6 14 0
2
20 40 
2
522 14 16 0
2090 10 16 0
2
21 41 
2
522 20 14 0
2090 20 12 0
2
38 40 
2
1049 4 16 0
2091 10 16 0
2
39 41 
2
1049 22 8 0
2091 20 12 0
2
288 42 
2
188 6 34 0
8398 16 16 0
2
40 42 
2
2092 10 16 0
8399 16 16 0
2
289 42 
2
188 6 0 0
8400 16 16 0
2
20 42 
2
523 14 16 0
8401 16 16 0
2
290 42 
2
188 4 34 0
8402 16 16 0
2
40 42 
2
2093 10 16 0
8403 16 16 0
2
291 42 
2
188 4 0 0
8404 16 16 0
2
296 43 
2
182 0 30 0
5471 18 14 0
2
41 43 
2
2092 20 12 0
5472 18 14 0
2
297 43 
2
182 0 28 0
5473 18 14 0
2
21 43 
2
523 20 14 0
5474 18 14 0
2
298 43 
2
182 0 26 0
5475 18 14 0
2
41 43 
2
2093 20 12 0
5476 18 14 0
2
299 43 
2
182 0 24 0
5477 18 14 0
2
42 221 
2
8405 16 16 0
48 6 22 0
2
43 189 
2
5478 18 14 0
22 32 8 0
2
42 222 
2
8406 16 16 0
48 6 14 0
2
42 223 
2
8407 16 16 0
48 14 12 0
2
40 42 
2
2094 10 16 0
8408 16 16 0
2
41 43 
2
2094 20 12 0
5479 18 14 0
2
42 221 
2
8409 16 16 0
49 6 22 0
2
43 189 
2
5480 18 14 0
23 32 8 0
2
42 222 
2
8410 16 16 0
49 6 14 0
2
43 191 
2
5481 18 14 0
21 28 4 0
2
42 223 
2
8411 16 16 0
49 14 12 0
2
20 40 
2
524 14 16 0
2095 10 16 0
2
21 41 
2
524 20 14 0
2095 20 12 0
2
18 38 
2
262 4 18 0
1050 4 16 0
2
19 39 
2
262 20 8 0
1050 22 8 0
2
36 38 
2
526 4 22 0
1051 4 16 0
2
37 39 
2
526 24 4 0
1051 22 8 0
2
292 40 
2
188 2 34 0
2096 10 16 0
2
38 40 
2
1052 4 16 0
2097 10 16 0
2
293 40 
2
188 2 0 0
2098 10 16 0
2
18 40 
2
263 4 18 0
2099 10 16 0
2
294 40 
2
188 0 34 0
2100 10 16 0
2
38 40 
2
1053 4 16 0
2101 10 16 0
2
295 40 
2
188 0 32 0
2102 10 16 0
2
300 41 
2
182 0 22 0
2096 20 12 0
2
39 41 
2
1052 22 8 0
2097 20 12 0
2
301 41 
2
182 0 20 0
2098 20 12 0
2
19 41 
2
263 20 8 0
2099 20 12 0
2
302 41 
2
182 0 18 0
2100 20 12 0
2
39 41 
2
1053 22 8 0
2101 20 12 0
2
303 41 
2
182 0 16 0
2102 20 12 0
2
296 42 
2
188 0 30 0
8412 16 16 0
2
40 42 
2
2103 10 16 0
8413 16 16 0
2
297 42 
2
188 0 28 0
8414 16 16 0
2
20 42 
2
525 14 16 0
8415 16 16 0
2
298 42 
2
188 0 26 0
8416 16 16 0
2
40 42 
2
2104 10 16 0
8417 16 16 0
2
299 42 
2
188 0 24 0
8418 16 16 0
2
304 43 
2
182 0 14 0
5482 18 14 0
2
41 43 
2
2103 20 12 0
5483 18 14 0
2
305 43 
2
182 0 12 0
5484 18 14 0
2
21 43 
2
525 20 14 0
5485 18 14 0
2
306 43 
2
182 0 10 0
5486 18 14 0
2
41 43 
2
2104 20 12 0
5487 18 14 0
2
307 43 
2
182 0 8 0
5488 18 14 0
2
42 220 
2
8419 16 16 0
52 12 24 0
2
43 241 
2
5489 18 14 0
16 32 22 0
2
42 221 
2
8420 16 16 0
50 6 22 0
2
42 222 
2
8421 16 16 0
50 6 14 0
2
42 223 
2
8422 16 16 0
50 14 12 0
2
42 224 
2
8423 16 16 0
50 24 12 0
2
42 225 
2
8424 16 16 0
50 20 18 0
2
42 226 
2
8425 16 16 0
48 18 32 0
2
42 227 
2
8426 16 16 0
44 2 12 0
2
42 228 
2
8427 16 16 0
44 12 2 0
2
42 229 
2
8428 16 16 0
48 2 16 0
2
42 230 
2
8429 16 16 0
50 10 8 0
2
42 231 
2
8430 16 16 0
50 14 30 0
2
42 232 
2
8431 16 16 0
50 26 22 0
2
42 233 
2
8432 16 16 0
50 8 22 0
2
42 234 
2
8433 16 16 0
50 12 22 0
2
42 235 
2
8434 16 16 0
50 14 24 0
2
42 236 
2
8435 16 16 0
50 8 10 0
2
42 237 
2
8436 16 16 0
50 20 28 0
2
42 238 
2
8437 16 16 0
50 14 10 0
2
42 239 
2
8438 16 16 0
50 16 20 0
2
42 50 
2
8439 16 16 0
48 4 12 0
2
40 42 
2
2105 10 16 0
8440 16 16 0
2
41 43 
2
2105 20 12 0
5490 18 14 0
2
42 220 
2
8441 16 16 0
53 12 24 0
2
43 240 
2
5491 18 14 0
18 6 4 0
2
42 221 
2
8442 16 16 0
51 6 22 0
2
42 222 
2
8443 16 16 0
51 6 14 0
2
42 223 
2
8444 16 16 0
51 14 12 0
2
42 224 
2
8445 16 16 0
51 24 12 0
2
42 225 
2
8446 16 16 0
51 20 18 0
2
42 226 
2
8447 16 16 0
49 18 32 0
2
42 227 
2
8448 16 16 0
45 2 12 0
2
42 228 
2
8449 16 16 0
45 12 2 0
2
42 229 
2
8450 16 16 0
49 2 16 0
2
42 230 
2
8451 16 16 0
51 10 8 0
2
42 231 
2
8452 16 16 0
51 14 30 0
2
42 232 
2
8453 16 16 0
51 26 22 0
2
42 233 
2
8454 16 16 0
51 8 22 0
2
42 234 
2
8455 16 16 0
51 12 22 0
2
42 235 
2
8456 16 16 0
51 14 24 0
2
42 236 
2
8457 16 16 0
51 8 10 0
2
42 237 
2
8458 16 16 0
51 20 28 0
2
42 238 
2
8459 16 16 0
51 14 10 0
2
42 239 
2
8460 16 16 0
51 16 20 0
2
42 50 
2
8461 16 16 0
49 4 12 0
2
20 40 
2
526 14 16 0
2106 10 16 0
2
21 41 
2
526 20 14 0
2106 20 12 0
2
38 40 
2
1054 4 16 0
2107 10 16 0
2
39 41 
2
1054 22 8 0
2107 20 12 0
2
304 42 
2
188 0 14 0
8462 16 16 0
2
40 42 
2
2108 10 16 0
8463 16 16 0
2
305 42 
2
188 0 12 0
8464 16 16 0
2
20 42 
2
527 14 16 0
8465 16 16 0
2
306 42 
2
188 0 10 0
8466 16 16 0
2
40 42 
2
2109 10 16 0
8467 16 16 0
2
307 42 
2
188 0 8 0
8468 16 16 0
2
244 43 
2
185 34 34 0
5492 18 14 0
2
41 43 
2
2108 20 12 0
5493 18 14 0
2
245 43 
2
185 34 32 0
5494 18 14 0
2
21 43 
2
527 20 14 0
5495 18 14 0
2
246 43 
2
185 34 30 0
5496 18 14 0
2
41 43 
2
2109 20 12 0
5497 18 14 0
2
247 43 
2
185 34 28 0
5498 18 14 0
2
42 221 
2
8469 16 16 0
52 6 22 0
2
43 240 
2
5499 18 14 0
19 6 4 0
2
42 222 
2
8470 16 16 0
52 6 14 0
2
43 241 
2
5500 18 14 0
17 32 22 0
2
42 223 
2
8471 16 16 0
52 14 12 0
2
42 224 
2
8472 16 16 0
52 24 12 0
2
42 225 
2
8473 16 16 0
52 20 18 0
2
42 226 
2
8474 16 16 0
50 18 32 0
2
42 227 
2
8475 16 16 0
46 2 12 0
2
42 228 
2
8476 16 16 0
46 12 2 0
2
42 229 
2
8477 16 16 0
50 2 16 0
2
42 230 
2
8478 16 16 0
52 10 8 0
2
42 231 
2
8479 16 16 0
52 14 30 0
2
42 232 
2
8480 16 16 0
52 26 22 0
2
42 233 
2
8481 16 16 0
52 8 22 0
2
42 234 
2
8482 16 16 0
52 12 22 0
2
42 235 
2
8483 16 16 0
52 14 24 0
2
42 236 
2
8484 16 16 0
52 8 10 0
2
42 237 
2
8485 16 16 0
52 20 28 0
2
42 238 
2
8486 16 16 0
52 14 10 0
2
42 239 
2
8487 16 16 0
52 16 20 0
2
42 50 
2
8488 16 16 0
50 4 12 0
2
42 45 
2
8489 16 16 0
50 16 2 0
2
40 42 
2
2110 10 16 0
8490 16 16 0
2
41 43 
2
2110 20 12 0
5501 18 14 0
2
42 221 
2
8491 16 16 0
53 6 22 0
2
43 243 
2
5502 18 14 0
6 26 28 0
2
42 222 
2
8492 16 16 0
53 6 14 0
2
42 223 
2
8493 16 16 0
53 14 12 0
2
42 224 
2
8494 16 16 0
53 24 12 0
2
42 225 
2
8495 16 16 0
53 20 18 0
2
42 226 
2
8496 16 16 0
51 18 32 0
2
42 227 
2
8497 16 16 0
47 2 12 0
2
42 228 
2
8498 16 16 0
47 12 2 0
2
42 229 
2
8499 16 16 0
51 2 16 0
2
42 230 
2
8500 16 16 0
53 10 8 0
2
42 231 
2
8501 16 16 0
53 14 30 0
2
42 232 
2
8502 16 16 0
53 26 22 0
2
42 233 
2
8503 16 16 0
53 8 22 0
2
42 234 
2
8504 16 16 0
53 12 22 0
2
42 235 
2
8505 16 16 0
53 14 24 0
2
42 236 
2
8506 16 16 0
53 8 10 0
2
42 237 
2
8507 16 16 0
53 20 28 0
2
42 238 
2
8508 16 16 0
53 14 10 0
2
42 239 
2
8509 16 16 0
53 16 20 0
2
42 50 
2
8510 16 16 0
51 4 12 0
2
42 45 
2
8511 16 16 0
51 16 2 0
2
20 40 
2
528 14 16 0
2111 10 16 0
2
21 41 
2
528 20 14 0
2111 20 12 0
2
18 38 
2
264 4 18 0
1055 4 16 0
2
19 39 
2
264 20 8 0
1055 22 8 0
2
16 36 
2
132 4 24 0
527 4 22 0
2
17 37 
2
132 26 4 0
527 24 4 0
2
14 34 
2
66 4 26 0
266 2 24 0
2
15 35 
2
66 26 2 0
266 28 2 0
2
32 34 
2
137 2 28 0
267 2 24 0
2
33 35 
2
137 32 2 0
267 28 2 0
2
284 36 
2
188 10 34 0
528 4 22 0
2
34 36 
2
268 2 24 0
529 4 22 0
2
285 36 
2
188 10 0 0
530 4 22 0
2
14 36 
2
67 4 26 0
531 4 22 0
2
286 36 
2
188 8 34 0
532 4 22 0
2
34 36 
2
269 2 24 0
533 4 22 0
2
287 36 
2
188 8 0 0
534 4 22 0
2
292 37 
2
182 2 34 0
528 24 4 0
2
35 37 
2
268 28 2 0
529 24 4 0
2
293 37 
2
182 2 0 0
530 24 4 0
2
15 37 
2
67 26 2 0
531 24 4 0
2
294 37 
2
182 0 34 0
532 24 4 0
2
35 37 
2
269 28 2 0
533 24 4 0
2
295 37 
2
182 0 32 0
534 24 4 0
2
300 38 
2
188 0 22 0
1056 4 16 0
2
36 38 
2
535 4 22 0
1057 4 16 0
2
301 38 
2
188 0 20 0
1058 4 16 0
2
16 38 
2
133 4 24 0
1059 4 16 0
2
302 38 
2
188 0 18 0
1060 4 16 0
2
36 38 
2
536 4 22 0
1061 4 16 0
2
303 38 
2
188 0 16 0
1062 4 16 0
2
308 39 
2
182 0 6 0
1056 22 8 0
2
37 39 
2
535 24 4 0
1057 22 8 0
2
309 39 
2
182 0 4 0
1058 22 8 0
2
17 39 
2
133 26 4 0
1059 22 8 0
2
310 39 
2
182 0 2 0
1060 22 8 0
2
37 39 
2
536 24 4 0
1061 22 8 0
2
311 39 
2
182 0 0 0
1062 22 8 0
2
308 40 
2
188 0 6 0
2112 10 16 0
2
38 40 
2
1063 4 16 0
2113 10 16 0
2
309 40 
2
188 0 4 0
2114 10 16 0
2
18 40 
2
265 4 18 0
2115 10 16 0
2
310 40 
2
188 0 2 0
2116 10 16 0
2
38 40 
2
1064 4 16 0
2117 10 16 0
2
311 40 
2
188 0 0 0
2118 10 16 0
2
248 41 
2
185 34 26 0
2112 20 12 0
2
39 41 
2
1063 22 8 0
2113 20 12 0
2
249 41 
2
185 34 24 0
2114 20 12 0
2
19 41 
2
265 20 8 0
2115 20 12 0
2
250 41 
2
185 34 22 0
2116 20 12 0
2
39 41 
2
1064 22 8 0
2117 20 12 0
2
251 41 
2
185 34 20 0
2118 20 12 0
2
244 42 
2
191 34 34 0
8512 16 16 0
2
40 42 
2
2119 10 16 0
8513 16 16 0
2
245 42 
2
191 34 32 0
8514 16 16 0
2
20 42 
2
529 14 16 0
8515 16 16 0
2
246 42 
2
191 34 30 0
8516 16 16 0
2
40 42 
2
2120 10 16 0
8517 16 16 0
2
247 42 
2
191 34 28 0
8518 16 16 0
2
252 43 
2
185 34 18 0
5503 18 14 0
2
41 43 
2
2119 20 12 0
5504 18 14 0
2
253 43 
2
185 34 16 0
5505 18 14 0
2
21 43 
2
529 20 14 0
5506 18 14 0
2
254 43 
2
185 34 14 0
5507 18 14 0
2
41 43 
2
2120 20 12 0
5508 18 14 0
2
255 43 
2
185 34 12 0
5509 18 14 0
2
42 50 
2
8519 16 16 0
52 4 12 0
2
43 242 
2
5510 18 14 0
12 4 6 0
2
42 45 
2
8520 16 16 0
52 16 2 0
2
42 47 
2
8521 16 16 0
52 26 12 0
2
40 42 
2
2121 10 16 0
8522 16 16 0
2
41 43 
2
2121 20 12 0
5511 18 14 0
2
42 50 
2
8523 16 16 0
53 4 12 0
2
43 242 
2
5512 18 14 0
13 4 6 0
2
42 45 
2
8524 16 16 0
53 16 2 0
2
43 243 
2
5513 18 14 0
7 26 28 0
2
42 47 
2
8525 16 16 0
53 26 12 0
2
20 40 
2
530 14 16 0
2122 10 16 0
2
21 41 
2
530 20 14 0
2122 20 12 0
2
18 38 
2
266 4 18 0
1065 4 16 0
2
19 39 
2
266 20 8 0
1065 22 8 0
2
16 36 
2
134 4 24 0
537 4 22 0
2
17 37 
2
134 26 4 0
537 24 4 0
2
14 34 
2
68 4 26 0
270 2 24 0
2
15 35 
2
68 26 2 0
270 28 2 0
2
12 32 
2
34 2 26 0
138 2 28 0
2
13 33 
2
34 30 2 0
138 32 2 0
2
10 30 
2
18 6 28 0
73 4 28 0
2
11 31 
2
18 32 4 0
73 32 6 0
2
8 28 
2
10 6 30 0
41 4 30 0
2
9 29 
2
10 32 24 0
41 32 26 0
2
6 26 
2
6 6 32 0
25 2 30 0
2
7 27 
2
6 28 30 0
25 32 28 0
2
4 24 
2
4 8 32 0
14 2 32 0
2
5 25 
2
4 26 32 0
14 30 30 0
2
2 22 
2
2 24 32 0
4 4 32 0
2
3 23 
2
2 26 30 0
4 32 30 0
2
1 23 
2
2 30 32 0
5 32 30 0
2
0 22 
2
2 10 32 0
5 4 32 0
2
0 1 
2
3 10 32 0
3 30 32 0
2
2 3 
2
3 24 32 0
3 26 30 0
2
4 5 
2
5 8 32 0
5 26 32 0
2
6 7 
2
7 6 32 0
7 28 30 0
2
8 9 
2
11 6 30 0
11 32 24 0
2
10 11 
2
19 6 28 0
19 32 4 0
2
12 13 
2
35 2 26 0
35 30 2 0
2
14 15 
2
69 4 26 0
69 26 2 0
2
16 17 
2
135 4 24 0
135 26 4 0
2
18 19 
2
267 4 18 0
267 20 8 0
2
20 21 
2
531 14 16 0
531 20 14 0
