35 35 1
244 68
10 32 0
30 32 0
24 32 0
26 30 0
8 32 0
26 32 0
6 32 0
28 30 0
6 30 0
32 24 0
6 28 0
32 4 0
2 26 0
30 2 0
4 26 0
26 2 0
4 24 0
26 4 0
4 18 0
20 8 0
14 16 0
20 14 0
4 32 0
32 30 0
2 32 0
30 30 0
2 30 0
32 28 0
4 30 0
32 26 0
4 28 0
32 6 0
2 28 0
32 2 0
2 24 0
28 2 0
4 22 0
24 4 0
4 16 0
22 8 0
10 16 0
20 12 0
16 16 0
18 14 0
30 26 0
16 2 0
28 26 0
26 12 0
22 32 0
32 14 0
4 12 0
12 32 0
18 4 0
18 8 0
24 6 0
24 2 0
32 18 0
22 28 0
10 10 0
28 16 0
16 8 0
18 30 0
20 24 0
16 12 0
16 6 0
10 6 0
18 22 0
18 28 0
18 12 0
6 26 0
8 2 0
8 28 0
8 30 0
2 22 0
8 26 0
10 30 0
6 24 0
14 32 0
10 28 0
2 20 0
24 28 0
6 6 0
28 22 0
10 4 0
28 24 0
30 20 0
6 10 0
22 14 0
12 4 0
24 14 0
20 10 0
28 8 0
32 12 0
20 2 0
8 6 0
6 12 0
16 4 0
12 14 0
22 16 0
18 24 0
12 10 0
18 18 0
14 8 0
14 6 0
22 26 0
20 16 0
24 20 0
30 16 0
28 10 0
26 10 0
6 20 0
18 6 0
30 14 0
22 4 0
30 10 0
2 10 0
8 8 0
12 8 0
12 12 0
22 18 0
28 20 0
8 14 0
12 6 0
22 20 0
20 26 0
12 16 0
16 10 0
12 18 0
16 14 0
28 12 0
22 6 0
28 14 0
8 16 0
10 12 0
16 30 0
10 26 0
16 26 0
16 28 0
10 20 0
12 26 0
14 18 0
14 20 0
8 12 0
22 24 0
24 18 0
22 10 0
30 12 0
4 8 0
12 30 0
20 6 0
24 8 0
22 2 0
22 30 0
24 26 0
28 18 0
22 22 0
26 18 0
24 16 0
4 14 0
14 4 0
10 14 0
14 2 0
30 18 0
24 22 0
26 20 0
4 20 0
20 22 0
22 12 0
24 10 0
18 2 0
26 14 0
20 4 0
26 8 0
26 6 0
20 32 0
6 8 0
20 30 0
8 4 0
10 2 0
30 22 0
26 26 0
32 20 0
32 10 0
2 8 0
30 8 0
24 30 0
28 6 0
12 28 0
30 6 0
32 8 0
26 16 0
28 4 0
18 26 0
6 16 0
14 22 0
10 22 0
8 18 0
16 22 0
16 18 0
14 28 0
10 18 0
18 20 0
14 14 0
2 14 0
20 20 0
18 10 0
26 24 0
4 10 0
32 16 0
2 18 0
8 24 0
6 18 0
16 24 0
16 32 0
12 20 0
18 16 0
8 20 0
14 26 0
10 24 0
24 24 0
12 24 0
6 22 0
6 14 0
14 12 0
24 12 0
20 18 0
18 32 0
2 12 0
12 2 0
2 16 0
10 8 0
14 30 0
26 22 0
8 22 0
12 22 0
14 24 0
8 10 0
20 28 0
14 10 0
16 20 0
6 4 0
32 22 0
4 6 0
26 28 0
34 34 0
34 32 0
34 30 0
34 28 0
34 26 0
34 24 0
34 22 0
34 20 0
34 18 0
34 16 0
34 14 0
34 12 0
34 10 0
34 8 0
34 6 0
34 4 0
34 2 0
34 0 0
32 34 0
32 0 0
30 34 0
30 0 0
28 34 0
28 0 0
26 34 0
26 0 0
24 34 0
24 0 0
22 34 0
22 0 0
20 34 0
20 0 0
18 34 0
18 0 0
16 34 0
16 0 0
14 34 0
14 0 0
12 34 0
12 0 0
10 34 0
10 0 0
8 34 0
8 0 0
6 34 0
6 0 0
4 34 0
4 0 0
2 34 0
2 0 0
0 34 0
0 32 0
0 30 0
0 28 0
0 26 0
0 24 0
0 22 0
0 20 0
0 18 0
0 16 0
0 14 0
0 12 0
0 10 0
0 8 0
0 6 0
0 4 0
0 2 0
0 0 0
19460 8921
2
0 1 
2
0 10 32 0
0 30 32 0
2
2 3 
2
0 24 32 0
0 26 30 0
2
4 5 
2
0 8 32 0
0 26 32 0
2
6 7 
2
0 6 32 0
0 28 30 0
2
8 9 
2
0 6 30 0
0 32 24 0
2
10 11 
2
0 6 28 0
0 32 4 0
2
12 13 
2
0 2 26 0
0 30 2 0
2
14 15 
2
0 4 26 0
0 26 2 0
2
16 17 
2
0 4 24 0
0 26 4 0
2
18 19 
2
0 4 18 0
0 20 8 0
2
20 21 
2
0 14 16 0
0 20 14 0
2
0 22 
2
1 10 32 0
1 4 32 0
2
1 23 
2
1 30 32 0
1 32 30 0
2
244 24 
2
2 34 34 0
2 2 32 0
2
22 24 
2
3 4 32 0
3 2 32 0
2
264 24 
2
4 30 34 0
4 2 32 0
2
2 24 
2
5 24 32 0
5 2 32 0
2
244 24 
2
6 34 34 0
6 2 32 0
2
22 24 
2
7 4 32 0
7 2 32 0
2
246 24 
2
8 34 30 0
8 2 32 0
2
254 25 
2
2 34 14 0
2 30 30 0
2
23 25 
2
3 32 30 0
3 30 30 0
2
265 25 
2
4 30 0 0
4 30 30 0
2
3 25 
2
5 26 30 0
5 30 30 0
2
245 25 
2
6 34 32 0
6 30 30 0
2
23 25 
2
7 32 30 0
7 30 30 0
2
247 25 
2
8 34 28 0
8 30 30 0
2
245 26 
2
2 34 32 0
2 2 30 0
2
24 26 
2
9 2 32 0
9 2 30 0
2
244 26 
2
10 34 34 0
10 2 30 0
2
4 26 
2
11 8 32 0
11 2 30 0
2
246 26 
2
12 34 30 0
12 2 30 0
2
24 26 
2
13 2 32 0
13 2 30 0
2
244 26 
2
14 34 34 0
14 2 30 0
2
255 27 
2
2 34 12 0
2 32 28 0
2
25 27 
2
9 30 30 0
9 32 28 0
2
245 27 
2
10 34 32 0
10 32 28 0
2
5 27 
2
11 26 32 0
11 32 28 0
2
247 27 
2
12 34 28 0
12 32 28 0
2
25 27 
2
13 30 30 0
13 32 28 0
2
245 27 
2
14 34 32 0
14 32 28 0
2
246 28 
2
2 34 30 0
2 4 30 0
2
26 28 
2
15 2 30 0
15 4 30 0
2
246 28 
2
16 34 30 0
16 4 30 0
2
6 28 
2
17 6 32 0
17 4 30 0
2
244 28 
2
18 34 34 0
18 4 30 0
2
26 28 
2
19 2 30 0
19 4 30 0
2
246 28 
2
20 34 30 0
20 4 30 0
2
256 29 
2
2 34 10 0
2 32 26 0
2
27 29 
2
15 32 28 0
15 32 26 0
2
247 29 
2
16 34 28 0
16 32 26 0
2
7 29 
2
17 28 30 0
17 32 26 0
2
245 29 
2
18 34 32 0
18 32 26 0
2
27 29 
2
19 32 28 0
19 32 26 0
2
247 29 
2
20 34 28 0
20 32 26 0
2
247 30 
2
2 34 28 0
2 4 28 0
2
28 30 
2
21 4 30 0
21 4 28 0
2
244 30 
2
22 34 34 0
22 4 28 0
2
8 30 
2
23 6 30 0
23 4 28 0
2
246 30 
2
24 34 30 0
24 4 28 0
2
28 30 
2
25 4 30 0
25 4 28 0
2
244 30 
2
26 34 34 0
26 4 28 0
2
257 31 
2
2 34 8 0
2 32 6 0
2
29 31 
2
21 32 26 0
21 32 6 0
2
245 31 
2
22 34 32 0
22 32 6 0
2
9 31 
2
23 32 24 0
23 32 6 0
2
247 31 
2
24 34 28 0
24 32 6 0
2
29 31 
2
25 32 26 0
25 32 6 0
2
245 31 
2
26 34 32 0
26 32 6 0
2
248 32 
2
2 34 26 0
2 2 28 0
2
30 32 
2
27 4 28 0
27 2 28 0
2
246 32 
2
28 34 30 0
28 2 28 0
2
10 32 
2
29 6 28 0
29 2 28 0
2
244 32 
2
30 34 34 0
30 2 28 0
2
30 32 
2
31 4 28 0
31 2 28 0
2
246 32 
2
32 34 30 0
32 2 28 0
2
258 33 
2
2 34 6 0
2 32 2 0
2
31 33 
2
27 32 6 0
27 32 2 0
2
247 33 
2
28 34 28 0
28 32 2 0
2
11 33 
2
29 32 4 0
29 32 2 0
2
245 33 
2
30 34 32 0
30 32 2 0
2
31 33 
2
31 32 6 0
31 32 2 0
2
247 33 
2
32 34 28 0
32 32 2 0
2
249 34 
2
2 34 24 0
2 2 24 0
2
32 34 
2
33 2 28 0
33 2 24 0
2
244 34 
2
34 34 34 0
34 2 24 0
2
12 34 
2
35 2 26 0
35 2 24 0
2
246 34 
2
36 34 30 0
36 2 24 0
2
32 34 
2
37 2 28 0
37 2 24 0
2
244 34 
2
38 34 34 0
38 2 24 0
2
259 35 
2
2 34 4 0
2 28 2 0
2
33 35 
2
33 32 2 0
33 28 2 0
2
245 35 
2
34 34 32 0
34 28 2 0
2
13 35 
2
35 30 2 0
35 28 2 0
2
247 35 
2
36 34 28 0
36 28 2 0
2
33 35 
2
37 32 2 0
37 28 2 0
2
245 35 
2
38 34 32 0
38 28 2 0
2
250 36 
2
2 34 22 0
2 4 22 0
2
34 36 
2
39 2 24 0
39 4 22 0
2
246 36 
2
40 34 30 0
40 4 22 0
2
14 36 
2
41 4 26 0
41 4 22 0
2
244 36 
2
42 34 34 0
42 4 22 0
2
34 36 
2
43 2 24 0
43 4 22 0
2
246 36 
2
44 34 30 0
44 4 22 0
2
260 37 
2
2 34 2 0
2 24 4 0
2
35 37 
2
39 28 2 0
39 24 4 0
2
247 37 
2
40 34 28 0
40 24 4 0
2
15 37 
2
41 26 2 0
41 24 4 0
2
245 37 
2
42 34 32 0
42 24 4 0
2
35 37 
2
43 28 2 0
43 24 4 0
2
247 37 
2
44 34 28 0
44 24 4 0
2
251 38 
2
2 34 20 0
2 4 16 0
2
36 38 
2
45 4 22 0
45 4 16 0
2
244 38 
2
46 34 34 0
46 4 16 0
2
16 38 
2
47 4 24 0
47 4 16 0
2
246 38 
2
48 34 30 0
48 4 16 0
2
36 38 
2
49 4 22 0
49 4 16 0
2
244 38 
2
50 34 34 0
50 4 16 0
2
261 39 
2
2 34 0 0
2 22 8 0
2
37 39 
2
45 24 4 0
45 22 8 0
2
245 39 
2
46 34 32 0
46 22 8 0
2
17 39 
2
47 26 4 0
47 22 8 0
2
247 39 
2
48 34 28 0
48 22 8 0
2
37 39 
2
49 24 4 0
49 22 8 0
2
245 39 
2
50 34 32 0
50 22 8 0
2
252 40 
2
2 34 18 0
2 10 16 0
2
38 40 
2
51 4 16 0
51 10 16 0
2
246 40 
2
52 34 30 0
52 10 16 0
2
18 40 
2
53 4 18 0
53 10 16 0
2
244 40 
2
54 34 34 0
54 10 16 0
2
38 40 
2
55 4 16 0
55 10 16 0
2
246 40 
2
56 34 30 0
56 10 16 0
2
262 41 
2
2 32 34 0
2 20 12 0
2
39 41 
2
51 22 8 0
51 20 12 0
2
247 41 
2
52 34 28 0
52 20 12 0
2
19 41 
2
53 20 8 0
53 20 12 0
2
245 41 
2
54 34 32 0
54 20 12 0
2
39 41 
2
55 22 8 0
55 20 12 0
2
247 41 
2
56 34 28 0
56 20 12 0
2
253 42 
2
2 34 16 0
2 16 16 0
2
40 42 
2
57 10 16 0
57 16 16 0
2
244 42 
2
58 34 34 0
58 16 16 0
2
20 42 
2
59 14 16 0
59 16 16 0
2
246 42 
2
60 34 30 0
60 16 16 0
2
40 42 
2
61 10 16 0
61 16 16 0
2
244 42 
2
62 34 34 0
62 16 16 0
2
263 43 
2
2 32 0 0
2 18 14 0
2
41 43 
2
57 20 12 0
57 18 14 0
2
245 43 
2
58 34 32 0
58 18 14 0
2
21 43 
2
59 20 14 0
59 18 14 0
2
247 43 
2
60 34 28 0
60 18 14 0
2
41 43 
2
61 20 12 0
61 18 14 0
2
245 43 
2
62 34 32 0
62 18 14 0
2
42 44 
2
63 16 16 0
63 30 26 0
2
43 45 
2
63 18 14 0
63 16 2 0
2
42 46 
2
64 16 16 0
64 28 26 0
2
43 47 
2
64 18 14 0
64 26 12 0
2
42 48 
2
65 16 16 0
65 22 32 0
2
43 49 
2
65 18 14 0
65 32 14 0
2
40 42 
2
66 10 16 0
66 16 16 0
2
41 43 
2
66 20 12 0
66 18 14 0
2
42 44 
2
67 16 16 0
67 30 26 0
2
43 45 
2
67 18 14 0
67 16 2 0
2
42 46 
2
68 16 16 0
68 28 26 0
2
43 47 
2
68 18 14 0
68 26 12 0
2
42 48 
2
69 16 16 0
69 22 32 0
2
43 49 
2
69 18 14 0
69 32 14 0
2
20 40 
2
67 14 16 0
67 10 16 0
2
21 41 
2
67 20 14 0
67 20 12 0
2
38 40 
2
68 4 16 0
68 10 16 0
2
39 41 
2
68 22 8 0
68 20 12 0
2
244 42 
2
70 34 34 0
70 16 16 0
2
40 42 
2
71 10 16 0
71 16 16 0
2
246 42 
2
72 34 30 0
72 16 16 0
2
20 42 
2
73 14 16 0
73 16 16 0
2
244 42 
2
74 34 34 0
74 16 16 0
2
40 42 
2
75 10 16 0
75 16 16 0
2
246 42 
2
76 34 30 0
76 16 16 0
2
245 43 
2
70 34 32 0
70 18 14 0
2
41 43 
2
71 20 12 0
71 18 14 0
2
247 43 
2
72 34 28 0
72 18 14 0
2
21 43 
2
73 20 14 0
73 18 14 0
2
245 43 
2
74 34 32 0
74 18 14 0
2
41 43 
2
75 20 12 0
75 18 14 0
2
247 43 
2
76 34 28 0
76 18 14 0
2
42 46 
2
77 16 16 0
77 28 26 0
2
43 50 
2
77 18 14 0
77 4 12 0
2
42 48 
2
78 16 16 0
78 22 32 0
2
43 45 
2
78 18 14 0
78 16 2 0
2
42 51 
2
79 16 16 0
79 12 32 0
2
43 47 
2
79 18 14 0
79 26 12 0
2
43 49 
2
80 18 14 0
80 32 14 0
2
43 52 
2
81 18 14 0
81 18 4 0
2
43 53 
2
82 18 14 0
82 18 8 0
2
43 54 
2
83 18 14 0
83 24 6 0
2
43 55 
2
84 18 14 0
84 24 2 0
2
43 56 
2
85 18 14 0
85 32 18 0
2
43 57 
2
86 18 14 0
86 22 28 0
2
43 58 
2
87 18 14 0
87 10 10 0
2
43 59 
2
88 18 14 0
88 28 16 0
2
43 60 
2
89 18 14 0
89 16 8 0
2
43 61 
2
90 18 14 0
90 18 30 0
2
43 62 
2
91 18 14 0
91 20 24 0
2
43 63 
2
92 18 14 0
92 16 12 0
2
43 64 
2
93 18 14 0
93 16 6 0
2
43 65 
2
94 18 14 0
94 10 6 0
2
43 66 
2
95 18 14 0
95 18 22 0
2
43 67 
2
96 18 14 0
96 18 28 0
2
43 68 
2
97 18 14 0
97 18 12 0
2
40 42 
2
80 10 16 0
80 16 16 0
2
41 43 
2
98 20 12 0
98 18 14 0
2
42 46 
2
81 16 16 0
81 28 26 0
2
43 50 
2
99 18 14 0
99 4 12 0
2
42 48 
2
82 16 16 0
82 22 32 0
2
43 45 
2
100 18 14 0
100 16 2 0
2
42 51 
2
83 16 16 0
83 12 32 0
2
43 47 
2
101 18 14 0
101 26 12 0
2
43 49 
2
102 18 14 0
102 32 14 0
2
43 52 
2
103 18 14 0
103 18 4 0
2
43 53 
2
104 18 14 0
104 18 8 0
2
43 54 
2
105 18 14 0
105 24 6 0
2
43 55 
2
106 18 14 0
106 24 2 0
2
43 56 
2
107 18 14 0
107 32 18 0
2
43 57 
2
108 18 14 0
108 22 28 0
2
43 58 
2
109 18 14 0
109 10 10 0
2
43 59 
2
110 18 14 0
110 28 16 0
2
43 60 
2
111 18 14 0
111 16 8 0
2
43 61 
2
112 18 14 0
112 18 30 0
2
43 62 
2
113 18 14 0
113 20 24 0
2
43 63 
2
114 18 14 0
114 16 12 0
2
43 64 
2
115 18 14 0
115 16 6 0
2
43 65 
2
116 18 14 0
116 10 6 0
2
43 66 
2
117 18 14 0
117 18 22 0
2
43 67 
2
118 18 14 0
118 18 28 0
2
43 68 
2
119 18 14 0
119 18 12 0
2
20 40 
2
81 14 16 0
81 10 16 0
2
21 41 
2
99 20 14 0
99 20 12 0
2
18 38 
2
69 4 18 0
69 4 16 0
2
19 39 
2
69 20 8 0
69 22 8 0
2
36 38 
2
70 4 22 0
70 4 16 0
2
37 39 
2
70 24 4 0
70 22 8 0
2
244 40 
2
82 34 34 0
82 10 16 0
2
38 40 
2
83 4 16 0
83 10 16 0
2
245 40 
2
84 34 32 0
84 10 16 0
2
18 40 
2
85 4 18 0
85 10 16 0
2
244 40 
2
86 34 34 0
86 10 16 0
2
38 40 
2
87 4 16 0
87 10 16 0
2
245 40 
2
88 34 32 0
88 10 16 0
2
244 41 
2
100 34 34 0
100 20 12 0
2
39 41 
2
101 22 8 0
101 20 12 0
2
245 41 
2
102 34 32 0
102 20 12 0
2
19 41 
2
103 20 8 0
103 20 12 0
2
244 41 
2
104 34 34 0
104 20 12 0
2
39 41 
2
105 22 8 0
105 20 12 0
2
245 41 
2
106 34 32 0
106 20 12 0
2
246 42 
2
84 34 30 0
84 16 16 0
2
40 42 
2
89 10 16 0
89 16 16 0
2
244 42 
2
90 34 34 0
90 16 16 0
2
20 42 
2
91 14 16 0
91 16 16 0
2
245 42 
2
92 34 32 0
92 16 16 0
2
40 42 
2
93 10 16 0
93 16 16 0
2
244 42 
2
94 34 34 0
94 16 16 0
2
245 43 
2
120 34 32 0
120 18 14 0
2
41 43 
2
121 20 12 0
121 18 14 0
2
247 43 
2
122 34 28 0
122 18 14 0
2
21 43 
2
123 20 14 0
123 18 14 0
2
245 43 
2
124 34 32 0
124 18 14 0
2
41 43 
2
125 20 12 0
125 18 14 0
2
247 43 
2
126 34 28 0
126 18 14 0
2
42 44 
2
95 16 16 0
95 30 26 0
2
43 45 
2
127 18 14 0
127 16 2 0
2
42 46 
2
96 16 16 0
96 28 26 0
2
43 47 
2
128 18 14 0
128 26 12 0
2
42 48 
2
97 16 16 0
97 22 32 0
2
43 49 
2
129 18 14 0
129 32 14 0
2
42 51 
2
98 16 16 0
98 12 32 0
2
43 52 
2
130 18 14 0
130 18 4 0
2
42 69 
2
99 16 16 0
99 6 26 0
2
43 53 
2
131 18 14 0
131 18 8 0
2
42 70 
2
100 16 16 0
100 8 2 0
2
43 54 
2
132 18 14 0
132 24 6 0
2
42 71 
2
101 16 16 0
101 8 28 0
2
43 55 
2
133 18 14 0
133 24 2 0
2
42 72 
2
102 16 16 0
102 8 30 0
2
43 56 
2
134 18 14 0
134 32 18 0
2
42 73 
2
103 16 16 0
103 2 22 0
2
43 57 
2
135 18 14 0
135 22 28 0
2
42 74 
2
104 16 16 0
104 8 26 0
2
43 58 
2
136 18 14 0
136 10 10 0
2
42 75 
2
105 16 16 0
105 10 30 0
2
43 59 
2
137 18 14 0
137 28 16 0
2
42 76 
2
106 16 16 0
106 6 24 0
2
43 60 
2
138 18 14 0
138 16 8 0
2
42 77 
2
107 16 16 0
107 14 32 0
2
43 61 
2
139 18 14 0
139 18 30 0
2
42 78 
2
108 16 16 0
108 10 28 0
2
43 62 
2
140 18 14 0
140 20 24 0
2
42 79 
2
109 16 16 0
109 2 20 0
2
43 63 
2
141 18 14 0
141 16 12 0
2
42 80 
2
110 16 16 0
110 24 28 0
2
43 64 
2
142 18 14 0
142 16 6 0
2
42 81 
2
111 16 16 0
111 6 6 0
2
43 65 
2
143 18 14 0
143 10 6 0
2
42 82 
2
112 16 16 0
112 28 22 0
2
43 66 
2
144 18 14 0
144 18 22 0
2
42 83 
2
113 16 16 0
113 10 4 0
2
43 67 
2
145 18 14 0
145 18 28 0
2
42 84 
2
114 16 16 0
114 28 24 0
2
43 68 
2
146 18 14 0
146 18 12 0
2
42 85 
2
115 16 16 0
115 30 20 0
2
43 86 
2
147 18 14 0
147 6 10 0
2
40 42 
2
116 10 16 0
116 16 16 0
2
41 43 
2
148 20 12 0
148 18 14 0
2
42 44 
2
117 16 16 0
117 30 26 0
2
43 45 
2
149 18 14 0
149 16 2 0
2
42 46 
2
118 16 16 0
118 28 26 0
2
43 47 
2
150 18 14 0
150 26 12 0
2
42 48 
2
119 16 16 0
119 22 32 0
2
43 49 
2
151 18 14 0
151 32 14 0
2
42 51 
2
120 16 16 0
120 12 32 0
2
43 52 
2
152 18 14 0
152 18 4 0
2
42 69 
2
121 16 16 0
121 6 26 0
2
43 53 
2
153 18 14 0
153 18 8 0
2
42 70 
2
122 16 16 0
122 8 2 0
2
43 54 
2
154 18 14 0
154 24 6 0
2
42 71 
2
123 16 16 0
123 8 28 0
2
43 55 
2
155 18 14 0
155 24 2 0
2
42 72 
2
124 16 16 0
124 8 30 0
2
43 56 
2
156 18 14 0
156 32 18 0
2
42 73 
2
125 16 16 0
125 2 22 0
2
43 57 
2
157 18 14 0
157 22 28 0
2
42 74 
2
126 16 16 0
126 8 26 0
2
43 58 
2
158 18 14 0
158 10 10 0
2
42 75 
2
127 16 16 0
127 10 30 0
2
43 59 
2
159 18 14 0
159 28 16 0
2
42 76 
2
128 16 16 0
128 6 24 0
2
43 60 
2
160 18 14 0
160 16 8 0
2
42 77 
2
129 16 16 0
129 14 32 0
2
43 61 
2
161 18 14 0
161 18 30 0
2
42 78 
2
130 16 16 0
130 10 28 0
2
43 62 
2
162 18 14 0
162 20 24 0
2
42 79 
2
131 16 16 0
131 2 20 0
2
43 63 
2
163 18 14 0
163 16 12 0
2
42 80 
2
132 16 16 0
132 24 28 0
2
43 64 
2
164 18 14 0
164 16 6 0
2
42 81 
2
133 16 16 0
133 6 6 0
2
43 65 
2
165 18 14 0
165 10 6 0
2
42 82 
2
134 16 16 0
134 28 22 0
2
43 66 
2
166 18 14 0
166 18 22 0
2
42 83 
2
135 16 16 0
135 10 4 0
2
43 67 
2
167 18 14 0
167 18 28 0
2
42 84 
2
136 16 16 0
136 28 24 0
2
43 68 
2
168 18 14 0
168 18 12 0
2
42 85 
2
137 16 16 0
137 30 20 0
2
43 86 
2
169 18 14 0
169 6 10 0
2
20 40 
2
117 14 16 0
117 10 16 0
2
21 41 
2
149 20 14 0
149 20 12 0
2
38 40 
2
118 4 16 0
118 10 16 0
2
39 41 
2
150 22 8 0
150 20 12 0
2
244 42 
2
138 34 34 0
138 16 16 0
2
40 42 
2
139 10 16 0
139 16 16 0
2
245 42 
2
140 34 32 0
140 16 16 0
2
20 42 
2
141 14 16 0
141 16 16 0
2
244 42 
2
142 34 34 0
142 16 16 0
2
40 42 
2
143 10 16 0
143 16 16 0
2
245 42 
2
144 34 32 0
144 16 16 0
2
246 43 
2
170 34 30 0
170 18 14 0
2
41 43 
2
171 20 12 0
171 18 14 0
2
247 43 
2
172 34 28 0
172 18 14 0
2
21 43 
2
173 20 14 0
173 18 14 0
2
246 43 
2
174 34 30 0
174 18 14 0
2
41 43 
2
175 20 12 0
175 18 14 0
2
244 43 
2
176 34 34 0
176 18 14 0
2
42 46 
2
145 16 16 0
145 28 26 0
2
43 68 
2
177 18 14 0
177 18 12 0
2
42 48 
2
146 16 16 0
146 22 32 0
2
43 86 
2
178 18 14 0
178 6 10 0
2
42 51 
2
147 16 16 0
147 12 32 0
2
43 87 
2
179 18 14 0
179 22 14 0
2
42 69 
2
148 16 16 0
148 6 26 0
2
42 70 
2
149 16 16 0
149 8 2 0
2
42 71 
2
150 16 16 0
150 8 28 0
2
42 72 
2
151 16 16 0
151 8 30 0
2
42 73 
2
152 16 16 0
152 2 22 0
2
42 74 
2
153 16 16 0
153 8 26 0
2
42 75 
2
154 16 16 0
154 10 30 0
2
42 76 
2
155 16 16 0
155 6 24 0
2
42 77 
2
156 16 16 0
156 14 32 0
2
42 78 
2
157 16 16 0
157 10 28 0
2
42 79 
2
158 16 16 0
158 2 20 0
2
42 80 
2
159 16 16 0
159 24 28 0
2
42 81 
2
160 16 16 0
160 6 6 0
2
42 82 
2
161 16 16 0
161 28 22 0
2
42 83 
2
162 16 16 0
162 10 4 0
2
42 84 
2
163 16 16 0
163 28 24 0
2
42 85 
2
164 16 16 0
164 30 20 0
2
42 88 
2
165 16 16 0
165 12 4 0
2
40 42 
2
166 10 16 0
166 16 16 0
2
41 43 
2
180 20 12 0
180 18 14 0
2
42 46 
2
167 16 16 0
167 28 26 0
2
43 68 
2
181 18 14 0
181 18 12 0
2
42 48 
2
168 16 16 0
168 22 32 0
2
43 86 
2
182 18 14 0
182 6 10 0
2
42 51 
2
169 16 16 0
169 12 32 0
2
43 87 
2
183 18 14 0
183 22 14 0
2
42 69 
2
170 16 16 0
170 6 26 0
2
42 70 
2
171 16 16 0
171 8 2 0
2
42 71 
2
172 16 16 0
172 8 28 0
2
42 72 
2
173 16 16 0
173 8 30 0
2
42 73 
2
174 16 16 0
174 2 22 0
2
42 74 
2
175 16 16 0
175 8 26 0
2
42 75 
2
176 16 16 0
176 10 30 0
2
42 76 
2
177 16 16 0
177 6 24 0
2
42 77 
2
178 16 16 0
178 14 32 0
2
42 78 
2
179 16 16 0
179 10 28 0
2
42 79 
2
180 16 16 0
180 2 20 0
2
42 80 
2
181 16 16 0
181 24 28 0
2
42 81 
2
182 16 16 0
182 6 6 0
2
42 82 
2
183 16 16 0
183 28 22 0
2
42 83 
2
184 16 16 0
184 10 4 0
2
42 84 
2
185 16 16 0
185 28 24 0
2
42 85 
2
186 16 16 0
186 30 20 0
2
42 88 
2
187 16 16 0
187 12 4 0
2
20 40 
2
167 14 16 0
167 10 16 0
2
21 41 
2
181 20 14 0
181 20 12 0
2
18 38 
2
119 4 18 0
119 4 16 0
2
19 39 
2
151 20 8 0
151 22 8 0
2
16 36 
2
71 4 24 0
71 4 22 0
2
17 37 
2
71 26 4 0
71 24 4 0
2
34 36 
2
72 2 24 0
72 4 22 0
2
35 37 
2
72 28 2 0
72 24 4 0
2
244 38 
2
120 34 34 0
120 4 16 0
2
36 38 
2
121 4 22 0
121 4 16 0
2
246 38 
2
122 34 30 0
122 4 16 0
2
16 38 
2
123 4 24 0
123 4 16 0
2
244 38 
2
124 34 34 0
124 4 16 0
2
36 38 
2
125 4 22 0
125 4 16 0
2
246 38 
2
126 34 30 0
126 4 16 0
2
244 39 
2
152 34 34 0
152 22 8 0
2
37 39 
2
153 24 4 0
153 22 8 0
2
245 39 
2
154 34 32 0
154 22 8 0
2
17 39 
2
155 26 4 0
155 22 8 0
2
244 39 
2
156 34 34 0
156 22 8 0
2
37 39 
2
157 24 4 0
157 22 8 0
2
245 39 
2
158 34 32 0
158 22 8 0
2
244 40 
2
168 34 34 0
168 10 16 0
2
38 40 
2
169 4 16 0
169 10 16 0
2
245 40 
2
170 34 32 0
170 10 16 0
2
18 40 
2
171 4 18 0
171 10 16 0
2
244 40 
2
172 34 34 0
172 10 16 0
2
38 40 
2
173 4 16 0
173 10 16 0
2
245 40 
2
174 34 32 0
174 10 16 0
2
244 41 
2
182 34 34 0
182 20 12 0
2
39 41 
2
183 22 8 0
183 20 12 0
2
245 41 
2
184 34 32 0
184 20 12 0
2
19 41 
2
185 20 8 0
185 20 12 0
2
244 41 
2
186 34 34 0
186 20 12 0
2
39 41 
2
187 22 8 0
187 20 12 0
2
246 41 
2
188 34 30 0
188 20 12 0
2
245 42 
2
188 34 32 0
188 16 16 0
2
40 42 
2
189 10 16 0
189 16 16 0
2
244 42 
2
190 34 34 0
190 16 16 0
2
20 42 
2
191 14 16 0
191 16 16 0
2
245 42 
2
192 34 32 0
192 16 16 0
2
40 42 
2
193 10 16 0
193 16 16 0
2
244 42 
2
194 34 34 0
194 16 16 0
2
246 43 
2
184 34 30 0
184 18 14 0
2
41 43 
2
189 20 12 0
189 18 14 0
2
247 43 
2
190 34 28 0
190 18 14 0
2
21 43 
2
191 20 14 0
191 18 14 0
2
246 43 
2
192 34 30 0
192 18 14 0
2
41 43 
2
193 20 12 0
193 18 14 0
2
247 43 
2
194 34 28 0
194 18 14 0
2
42 44 
2
195 16 16 0
195 30 26 0
2
43 86 
2
195 18 14 0
195 6 10 0
2
42 46 
2
196 16 16 0
196 28 26 0
2
43 87 
2
196 18 14 0
196 22 14 0
2
42 48 
2
197 16 16 0
197 22 32 0
2
43 89 
2
197 18 14 0
197 24 14 0
2
42 51 
2
198 16 16 0
198 12 32 0
2
42 69 
2
199 16 16 0
199 6 26 0
2
42 70 
2
200 16 16 0
200 8 2 0
2
42 71 
2
201 16 16 0
201 8 28 0
2
42 72 
2
202 16 16 0
202 8 30 0
2
42 73 
2
203 16 16 0
203 2 22 0
2
42 74 
2
204 16 16 0
204 8 26 0
2
42 75 
2
205 16 16 0
205 10 30 0
2
42 76 
2
206 16 16 0
206 6 24 0
2
42 77 
2
207 16 16 0
207 14 32 0
2
42 78 
2
208 16 16 0
208 10 28 0
2
42 79 
2
209 16 16 0
209 2 20 0
2
42 80 
2
210 16 16 0
210 24 28 0
2
42 81 
2
211 16 16 0
211 6 6 0
2
42 82 
2
212 16 16 0
212 28 22 0
2
42 83 
2
213 16 16 0
213 10 4 0
2
40 42 
2
214 10 16 0
214 16 16 0
2
41 43 
2
198 20 12 0
198 18 14 0
2
42 44 
2
215 16 16 0
215 30 26 0
2
43 86 
2
199 18 14 0
199 6 10 0
2
42 46 
2
216 16 16 0
216 28 26 0
2
43 87 
2
200 18 14 0
200 22 14 0
2
42 48 
2
217 16 16 0
217 22 32 0
2
43 89 
2
201 18 14 0
201 24 14 0
2
42 51 
2
218 16 16 0
218 12 32 0
2
42 69 
2
219 16 16 0
219 6 26 0
2
42 70 
2
220 16 16 0
220 8 2 0
2
42 71 
2
221 16 16 0
221 8 28 0
2
42 72 
2
222 16 16 0
222 8 30 0
2
42 73 
2
223 16 16 0
223 2 22 0
2
42 74 
2
224 16 16 0
224 8 26 0
2
42 75 
2
225 16 16 0
225 10 30 0
2
42 76 
2
226 16 16 0
226 6 24 0
2
42 77 
2
227 16 16 0
227 14 32 0
2
42 78 
2
228 16 16 0
228 10 28 0
2
42 79 
2
229 16 16 0
229 2 20 0
2
42 80 
2
230 16 16 0
230 24 28 0
2
42 81 
2
231 16 16 0
231 6 6 0
2
42 82 
2
232 16 16 0
232 28 22 0
2
42 83 
2
233 16 16 0
233 10 4 0
2
20 40 
2
215 14 16 0
215 10 16 0
2
21 41 
2
199 20 14 0
199 20 12 0
2
38 40 
2
216 4 16 0
216 10 16 0
2
39 41 
2
200 22 8 0
200 20 12 0
2
245 42 
2
234 34 32 0
234 16 16 0
2
40 42 
2
235 10 16 0
235 16 16 0
2
244 42 
2
236 34 34 0
236 16 16 0
2
20 42 
2
237 14 16 0
237 16 16 0
2
245 42 
2
238 34 32 0
238 16 16 0
2
40 42 
2
239 10 16 0
239 16 16 0
2
244 42 
2
240 34 34 0
240 16 16 0
2
244 43 
2
202 34 34 0
202 18 14 0
2
41 43 
2
203 20 12 0
203 18 14 0
2
245 43 
2
204 34 32 0
204 18 14 0
2
21 43 
2
205 20 14 0
205 18 14 0
2
244 43 
2
206 34 34 0
206 18 14 0
2
41 43 
2
207 20 12 0
207 18 14 0
2
245 43 
2
208 34 32 0
208 18 14 0
2
42 46 
2
241 16 16 0
241 28 26 0
2
43 68 
2
209 18 14 0
209 18 12 0
2
42 48 
2
242 16 16 0
242 22 32 0
2
43 86 
2
210 18 14 0
210 6 10 0
2
42 51 
2
243 16 16 0
243 12 32 0
2
43 87 
2
211 18 14 0
211 22 14 0
2
42 69 
2
244 16 16 0
244 6 26 0
2
43 89 
2
212 18 14 0
212 24 14 0
2
42 70 
2
245 16 16 0
245 8 2 0
2
43 90 
2
213 18 14 0
213 20 10 0
2
42 71 
2
246 16 16 0
246 8 28 0
2
43 91 
2
214 18 14 0
214 28 8 0
2
42 72 
2
247 16 16 0
247 8 30 0
2
43 92 
2
215 18 14 0
215 32 12 0
2
42 73 
2
248 16 16 0
248 2 22 0
2
43 93 
2
216 18 14 0
216 20 2 0
2
42 74 
2
249 16 16 0
249 8 26 0
2
43 94 
2
217 18 14 0
217 8 6 0
2
42 75 
2
250 16 16 0
250 10 30 0
2
43 95 
2
218 18 14 0
218 6 12 0
2
42 76 
2
251 16 16 0
251 6 24 0
2
43 96 
2
219 18 14 0
219 16 4 0
2
42 77 
2
252 16 16 0
252 14 32 0
2
43 97 
2
220 18 14 0
220 12 14 0
2
42 78 
2
253 16 16 0
253 10 28 0
2
43 98 
2
221 18 14 0
221 22 16 0
2
42 79 
2
254 16 16 0
254 2 20 0
2
43 99 
2
222 18 14 0
222 18 24 0
2
42 80 
2
255 16 16 0
255 24 28 0
2
43 100 
2
223 18 14 0
223 12 10 0
2
42 81 
2
256 16 16 0
256 6 6 0
2
43 101 
2
224 18 14 0
224 18 18 0
2
42 82 
2
257 16 16 0
257 28 22 0
2
43 102 
2
225 18 14 0
225 14 8 0
2
42 83 
2
258 16 16 0
258 10 4 0
2
43 103 
2
226 18 14 0
226 14 6 0
2
42 84 
2
259 16 16 0
259 28 24 0
2
43 104 
2
227 18 14 0
227 22 26 0
2
43 105 
2
228 18 14 0
228 20 16 0
2
43 106 
2
229 18 14 0
229 24 20 0
2
40 42 
2
260 10 16 0
260 16 16 0
2
41 43 
2
230 20 12 0
230 18 14 0
2
42 46 
2
261 16 16 0
261 28 26 0
2
43 68 
2
231 18 14 0
231 18 12 0
2
42 48 
2
262 16 16 0
262 22 32 0
2
43 86 
2
232 18 14 0
232 6 10 0
2
42 51 
2
263 16 16 0
263 12 32 0
2
43 87 
2
233 18 14 0
233 22 14 0
2
42 69 
2
264 16 16 0
264 6 26 0
2
43 89 
2
234 18 14 0
234 24 14 0
2
42 70 
2
265 16 16 0
265 8 2 0
2
43 90 
2
235 18 14 0
235 20 10 0
2
42 71 
2
266 16 16 0
266 8 28 0
2
43 91 
2
236 18 14 0
236 28 8 0
2
42 72 
2
267 16 16 0
267 8 30 0
2
43 92 
2
237 18 14 0
237 32 12 0
2
42 73 
2
268 16 16 0
268 2 22 0
2
43 93 
2
238 18 14 0
238 20 2 0
2
42 74 
2
269 16 16 0
269 8 26 0
2
43 94 
2
239 18 14 0
239 8 6 0
2
42 75 
2
270 16 16 0
270 10 30 0
2
43 95 
2
240 18 14 0
240 6 12 0
2
42 76 
2
271 16 16 0
271 6 24 0
2
43 96 
2
241 18 14 0
241 16 4 0
2
42 77 
2
272 16 16 0
272 14 32 0
2
43 97 
2
242 18 14 0
242 12 14 0
2
42 78 
2
273 16 16 0
273 10 28 0
2
43 98 
2
243 18 14 0
243 22 16 0
2
42 79 
2
274 16 16 0
274 2 20 0
2
43 99 
2
244 18 14 0
244 18 24 0
2
42 80 
2
275 16 16 0
275 24 28 0
2
43 100 
2
245 18 14 0
245 12 10 0
2
42 81 
2
276 16 16 0
276 6 6 0
2
43 101 
2
246 18 14 0
246 18 18 0
2
42 82 
2
277 16 16 0
277 28 22 0
2
43 102 
2
247 18 14 0
247 14 8 0
2
42 83 
2
278 16 16 0
278 10 4 0
2
43 103 
2
248 18 14 0
248 14 6 0
2
42 84 
2
279 16 16 0
279 28 24 0
2
43 104 
2
249 18 14 0
249 22 26 0
2
43 105 
2
250 18 14 0
250 20 16 0
2
43 106 
2
251 18 14 0
251 24 20 0
2
20 40 
2
261 14 16 0
261 10 16 0
2
21 41 
2
231 20 14 0
231 20 12 0
2
18 38 
2
217 4 18 0
217 4 16 0
2
19 39 
2
201 20 8 0
201 22 8 0
2
36 38 
2
218 4 22 0
218 4 16 0
2
37 39 
2
202 24 4 0
202 22 8 0
2
244 40 
2
262 34 34 0
262 10 16 0
2
38 40 
2
263 4 16 0
263 10 16 0
2
245 40 
2
264 34 32 0
264 10 16 0
2
18 40 
2
265 4 18 0
265 10 16 0
2
244 40 
2
266 34 34 0
266 10 16 0
2
38 40 
2
267 4 16 0
267 10 16 0
2
245 40 
2
268 34 32 0
268 10 16 0
2
244 41 
2
232 34 34 0
232 20 12 0
2
39 41 
2
233 22 8 0
233 20 12 0
2
246 41 
2
234 34 30 0
234 20 12 0
2
19 41 
2
235 20 8 0
235 20 12 0
2
247 41 
2
236 34 28 0
236 20 12 0
2
39 41 
2
237 22 8 0
237 20 12 0
2
246 41 
2
238 34 30 0
238 20 12 0
2
244 42 
2
280 34 34 0
280 16 16 0
2
40 42 
2
281 10 16 0
281 16 16 0
2
245 42 
2
282 34 32 0
282 16 16 0
2
20 42 
2
283 14 16 0
283 16 16 0
2
244 42 
2
284 34 34 0
284 16 16 0
2
40 42 
2
285 10 16 0
285 16 16 0
2
245 42 
2
286 34 32 0
286 16 16 0
2
244 43 
2
252 34 34 0
252 18 14 0
2
41 43 
2
253 20 12 0
253 18 14 0
2
245 43 
2
254 34 32 0
254 18 14 0
2
21 43 
2
255 20 14 0
255 18 14 0
2
244 43 
2
256 34 34 0
256 18 14 0
2
41 43 
2
257 20 12 0
257 18 14 0
2
245 43 
2
258 34 32 0
258 18 14 0
2
42 48 
2
287 16 16 0
287 22 32 0
2
43 86 
2
259 18 14 0
259 6 10 0
2
42 51 
2
288 16 16 0
288 12 32 0
2
43 87 
2
260 18 14 0
260 22 14 0
2
42 69 
2
289 16 16 0
289 6 26 0
2
43 89 
2
261 18 14 0
261 24 14 0
2
43 90 
2
262 18 14 0
262 20 10 0
2
43 91 
2
263 18 14 0
263 28 8 0
2
43 92 
2
264 18 14 0
264 32 12 0
2
43 93 
2
265 18 14 0
265 20 2 0
2
43 94 
2
266 18 14 0
266 8 6 0
2
43 95 
2
267 18 14 0
267 6 12 0
2
43 96 
2
268 18 14 0
268 16 4 0
2
43 97 
2
269 18 14 0
269 12 14 0
2
43 98 
2
270 18 14 0
270 22 16 0
2
43 99 
2
271 18 14 0
271 18 24 0
2
43 100 
2
272 18 14 0
272 12 10 0
2
43 101 
2
273 18 14 0
273 18 18 0
2
43 102 
2
274 18 14 0
274 14 8 0
2
43 103 
2
275 18 14 0
275 14 6 0
2
43 104 
2
276 18 14 0
276 22 26 0
2
43 105 
2
277 18 14 0
277 20 16 0
2
43 106 
2
278 18 14 0
278 24 20 0
2
43 107 
2
279 18 14 0
279 30 16 0
2
40 42 
2
290 10 16 0
290 16 16 0
2
41 43 
2
280 20 12 0
280 18 14 0
2
42 48 
2
291 16 16 0
291 22 32 0
2
43 86 
2
281 18 14 0
281 6 10 0
2
42 51 
2
292 16 16 0
292 12 32 0
2
43 87 
2
282 18 14 0
282 22 14 0
2
42 69 
2
293 16 16 0
293 6 26 0
2
43 89 
2
283 18 14 0
283 24 14 0
2
43 90 
2
284 18 14 0
284 20 10 0
2
43 91 
2
285 18 14 0
285 28 8 0
2
43 92 
2
286 18 14 0
286 32 12 0
2
43 93 
2
287 18 14 0
287 20 2 0
2
43 94 
2
288 18 14 0
288 8 6 0
2
43 95 
2
289 18 14 0
289 6 12 0
2
43 96 
2
290 18 14 0
290 16 4 0
2
43 97 
2
291 18 14 0
291 12 14 0
2
43 98 
2
292 18 14 0
292 22 16 0
2
43 99 
2
293 18 14 0
293 18 24 0
2
43 100 
2
294 18 14 0
294 12 10 0
2
43 101 
2
295 18 14 0
295 18 18 0
2
43 102 
2
296 18 14 0
296 14 8 0
2
43 103 
2
297 18 14 0
297 14 6 0
2
43 104 
2
298 18 14 0
298 22 26 0
2
43 105 
2
299 18 14 0
299 20 16 0
2
43 106 
2
300 18 14 0
300 24 20 0
2
43 107 
2
301 18 14 0
301 30 16 0
2
20 40 
2
291 14 16 0
291 10 16 0
2
21 41 
2
281 20 14 0
281 20 12 0
2
38 40 
2
292 4 16 0
292 10 16 0
2
39 41 
2
282 22 8 0
282 20 12 0
2
244 42 
2
294 34 34 0
294 16 16 0
2
40 42 
2
295 10 16 0
295 16 16 0
2
246 42 
2
296 34 30 0
296 16 16 0
2
20 42 
2
297 14 16 0
297 16 16 0
2
244 42 
2
298 34 34 0
298 16 16 0
2
40 42 
2
299 10 16 0
299 16 16 0
2
246 42 
2
300 34 30 0
300 16 16 0
2
244 43 
2
302 34 34 0
302 18 14 0
2
41 43 
2
303 20 12 0
303 18 14 0
2
245 43 
2
304 34 32 0
304 18 14 0
2
21 43 
2
305 20 14 0
305 18 14 0
2
246 43 
2
306 34 30 0
306 18 14 0
2
41 43 
2
307 20 12 0
307 18 14 0
2
248 43 
2
308 34 26 0
308 18 14 0
2
42 51 
2
301 16 16 0
301 12 32 0
2
43 106 
2
309 18 14 0
309 24 20 0
2
42 69 
2
302 16 16 0
302 6 26 0
2
43 107 
2
310 18 14 0
310 30 16 0
2
42 70 
2
303 16 16 0
303 8 2 0
2
43 108 
2
311 18 14 0
311 28 10 0
2
40 42 
2
304 10 16 0
304 16 16 0
2
41 43 
2
312 20 12 0
312 18 14 0
2
42 51 
2
305 16 16 0
305 12 32 0
2
43 106 
2
313 18 14 0
313 24 20 0
2
42 69 
2
306 16 16 0
306 6 26 0
2
43 107 
2
314 18 14 0
314 30 16 0
2
42 70 
2
307 16 16 0
307 8 2 0
2
43 108 
2
315 18 14 0
315 28 10 0
2
20 40 
2
305 14 16 0
305 10 16 0
2
21 41 
2
313 20 14 0
313 20 12 0
2
18 38 
2
293 4 18 0
293 4 16 0
2
19 39 
2
283 20 8 0
283 22 8 0
2
16 36 
2
219 4 24 0
219 4 22 0
2
17 37 
2
203 26 4 0
203 24 4 0
2
14 34 
2
73 4 26 0
73 2 24 0
2
15 35 
2
73 26 2 0
73 28 2 0
2
32 34 
2
74 2 28 0
74 2 24 0
2
33 35 
2
74 32 2 0
74 28 2 0
2
244 36 
2
220 34 34 0
220 4 22 0
2
34 36 
2
221 2 24 0
221 4 22 0
2
245 36 
2
222 34 32 0
222 4 22 0
2
14 36 
2
223 4 26 0
223 4 22 0
2
244 36 
2
224 34 34 0
224 4 22 0
2
34 36 
2
225 2 24 0
225 4 22 0
2
245 36 
2
226 34 32 0
226 4 22 0
2
246 37 
2
204 34 30 0
204 24 4 0
2
35 37 
2
205 28 2 0
205 24 4 0
2
247 37 
2
206 34 28 0
206 24 4 0
2
15 37 
2
207 26 2 0
207 24 4 0
2
246 37 
2
208 34 30 0
208 24 4 0
2
35 37 
2
209 28 2 0
209 24 4 0
2
244 37 
2
210 34 34 0
210 24 4 0
2
245 38 
2
294 34 32 0
294 4 16 0
2
36 38 
2
295 4 22 0
295 4 16 0
2
247 38 
2
296 34 28 0
296 4 16 0
2
16 38 
2
297 4 24 0
297 4 16 0
2
245 38 
2
298 34 32 0
298 4 16 0
2
36 38 
2
299 4 22 0
299 4 16 0
2
247 38 
2
300 34 28 0
300 4 16 0
2
246 39 
2
284 34 30 0
284 22 8 0
2
37 39 
2
285 24 4 0
285 22 8 0
2
247 39 
2
286 34 28 0
286 22 8 0
2
17 39 
2
287 26 4 0
287 22 8 0
2
244 39 
2
288 34 34 0
288 22 8 0
2
37 39 
2
289 24 4 0
289 22 8 0
2
245 39 
2
290 34 32 0
290 22 8 0
2
244 40 
2
306 34 34 0
306 10 16 0
2
38 40 
2
307 4 16 0
307 10 16 0
2
245 40 
2
308 34 32 0
308 10 16 0
2
18 40 
2
309 4 18 0
309 10 16 0
2
244 40 
2
310 34 34 0
310 10 16 0
2
38 40 
2
311 4 16 0
311 10 16 0
2
245 40 
2
312 34 32 0
312 10 16 0
2
246 41 
2
314 34 30 0
314 20 12 0
2
39 41 
2
315 22 8 0
315 20 12 0
2
247 41 
2
316 34 28 0
316 20 12 0
2
19 41 
2
317 20 8 0
317 20 12 0
2
246 41 
2
318 34 30 0
318 20 12 0
2
39 41 
2
319 22 8 0
319 20 12 0
2
245 41 
2
320 34 32 0
320 20 12 0
2
247 42 
2
308 34 28 0
308 16 16 0
2
40 42 
2
313 10 16 0
313 16 16 0
2
244 42 
2
314 34 34 0
314 16 16 0
2
20 42 
2
315 14 16 0
315 16 16 0
2
245 42 
2
316 34 32 0
316 16 16 0
2
40 42 
2
317 10 16 0
317 16 16 0
2
244 42 
2
318 34 34 0
318 16 16 0
2
248 43 
2
316 34 26 0
316 18 14 0
2
41 43 
2
321 20 12 0
321 18 14 0
2
244 43 
2
322 34 34 0
322 18 14 0
2
21 43 
2
323 20 14 0
323 18 14 0
2
245 43 
2
324 34 32 0
324 18 14 0
2
41 43 
2
325 20 12 0
325 18 14 0
2
244 43 
2
326 34 34 0
326 18 14 0
2
42 48 
2
319 16 16 0
319 22 32 0
2
43 107 
2
327 18 14 0
327 30 16 0
2
42 51 
2
320 16 16 0
320 12 32 0
2
43 108 
2
328 18 14 0
328 28 10 0
2
42 69 
2
321 16 16 0
321 6 26 0
2
43 109 
2
329 18 14 0
329 26 10 0
2
42 70 
2
322 16 16 0
322 8 2 0
2
42 71 
2
323 16 16 0
323 8 28 0
2
42 72 
2
324 16 16 0
324 8 30 0
2
42 73 
2
325 16 16 0
325 2 22 0
2
42 74 
2
326 16 16 0
326 8 26 0
2
42 75 
2
327 16 16 0
327 10 30 0
2
42 76 
2
328 16 16 0
328 6 24 0
2
42 77 
2
329 16 16 0
329 14 32 0
2
42 78 
2
330 16 16 0
330 10 28 0
2
42 79 
2
331 16 16 0
331 2 20 0
2
42 80 
2
332 16 16 0
332 24 28 0
2
42 81 
2
333 16 16 0
333 6 6 0
2
42 82 
2
334 16 16 0
334 28 22 0
2
42 83 
2
335 16 16 0
335 10 4 0
2
42 84 
2
336 16 16 0
336 28 24 0
2
42 85 
2
337 16 16 0
337 30 20 0
2
42 88 
2
338 16 16 0
338 12 4 0
2
42 110 
2
339 16 16 0
339 6 20 0
2
40 42 
2
340 10 16 0
340 16 16 0
2
41 43 
2
330 20 12 0
330 18 14 0
2
42 48 
2
341 16 16 0
341 22 32 0
2
43 107 
2
331 18 14 0
331 30 16 0
2
42 51 
2
342 16 16 0
342 12 32 0
2
43 108 
2
332 18 14 0
332 28 10 0
2
42 69 
2
343 16 16 0
343 6 26 0
2
43 109 
2
333 18 14 0
333 26 10 0
2
42 70 
2
344 16 16 0
344 8 2 0
2
42 71 
2
345 16 16 0
345 8 28 0
2
42 72 
2
346 16 16 0
346 8 30 0
2
42 73 
2
347 16 16 0
347 2 22 0
2
42 74 
2
348 16 16 0
348 8 26 0
2
42 75 
2
349 16 16 0
349 10 30 0
2
42 76 
2
350 16 16 0
350 6 24 0
2
42 77 
2
351 16 16 0
351 14 32 0
2
42 78 
2
352 16 16 0
352 10 28 0
2
42 79 
2
353 16 16 0
353 2 20 0
2
42 80 
2
354 16 16 0
354 24 28 0
2
42 81 
2
355 16 16 0
355 6 6 0
2
42 82 
2
356 16 16 0
356 28 22 0
2
42 83 
2
357 16 16 0
357 10 4 0
2
42 84 
2
358 16 16 0
358 28 24 0
2
42 85 
2
359 16 16 0
359 30 20 0
2
42 88 
2
360 16 16 0
360 12 4 0
2
42 110 
2
361 16 16 0
361 6 20 0
2
20 40 
2
341 14 16 0
341 10 16 0
2
21 41 
2
331 20 14 0
331 20 12 0
2
38 40 
2
342 4 16 0
342 10 16 0
2
39 41 
2
332 22 8 0
332 20 12 0
2
244 42 
2
362 34 34 0
362 16 16 0
2
40 42 
2
363 10 16 0
363 16 16 0
2
245 42 
2
364 34 32 0
364 16 16 0
2
20 42 
2
365 14 16 0
365 16 16 0
2
244 42 
2
366 34 34 0
366 16 16 0
2
40 42 
2
367 10 16 0
367 16 16 0
2
245 42 
2
368 34 32 0
368 16 16 0
2
244 43 
2
334 34 34 0
334 18 14 0
2
41 43 
2
335 20 12 0
335 18 14 0
2
245 43 
2
336 34 32 0
336 18 14 0
2
21 43 
2
337 20 14 0
337 18 14 0
2
244 43 
2
338 34 34 0
338 18 14 0
2
41 43 
2
339 20 12 0
339 18 14 0
2
245 43 
2
340 34 32 0
340 18 14 0
2
42 51 
2
369 16 16 0
369 12 32 0
2
43 106 
2
341 18 14 0
341 24 20 0
2
42 69 
2
370 16 16 0
370 6 26 0
2
43 107 
2
342 18 14 0
342 30 16 0
2
42 70 
2
371 16 16 0
371 8 2 0
2
43 108 
2
343 18 14 0
343 28 10 0
2
42 71 
2
372 16 16 0
372 8 28 0
2
43 109 
2
344 18 14 0
344 26 10 0
2
42 72 
2
373 16 16 0
373 8 30 0
2
43 111 
2
345 18 14 0
345 18 6 0
2
42 73 
2
374 16 16 0
374 2 22 0
2
43 112 
2
346 18 14 0
346 30 14 0
2
42 74 
2
375 16 16 0
375 8 26 0
2
43 113 
2
347 18 14 0
347 22 4 0
2
42 75 
2
376 16 16 0
376 10 30 0
2
43 114 
2
348 18 14 0
348 30 10 0
2
42 76 
2
377 16 16 0
377 6 24 0
2
43 115 
2
349 18 14 0
349 2 10 0
2
42 77 
2
378 16 16 0
378 14 32 0
2
43 116 
2
350 18 14 0
350 8 8 0
2
42 78 
2
379 16 16 0
379 10 28 0
2
43 117 
2
351 18 14 0
351 12 8 0
2
42 79 
2
380 16 16 0
380 2 20 0
2
43 118 
2
352 18 14 0
352 12 12 0
2
42 80 
2
381 16 16 0
381 24 28 0
2
43 119 
2
353 18 14 0
353 22 18 0
2
42 81 
2
382 16 16 0
382 6 6 0
2
43 120 
2
354 18 14 0
354 28 20 0
2
42 82 
2
383 16 16 0
383 28 22 0
2
43 121 
2
355 18 14 0
355 8 14 0
2
42 83 
2
384 16 16 0
384 10 4 0
2
43 122 
2
356 18 14 0
356 12 6 0
2
42 84 
2
385 16 16 0
385 28 24 0
2
43 123 
2
357 18 14 0
357 22 20 0
2
42 85 
2
386 16 16 0
386 30 20 0
2
43 124 
2
358 18 14 0
358 20 26 0
2
42 88 
2
387 16 16 0
387 12 4 0
2
43 125 
2
359 18 14 0
359 12 16 0
2
42 110 
2
388 16 16 0
388 6 20 0
2
43 126 
2
360 18 14 0
360 16 10 0
2
42 127 
2
389 16 16 0
389 12 18 0
2
43 128 
2
361 18 14 0
361 16 14 0
2
40 42 
2
390 10 16 0
390 16 16 0
2
41 43 
2
362 20 12 0
362 18 14 0
2
42 51 
2
391 16 16 0
391 12 32 0
2
43 106 
2
363 18 14 0
363 24 20 0
2
42 69 
2
392 16 16 0
392 6 26 0
2
43 107 
2
364 18 14 0
364 30 16 0
2
42 70 
2
393 16 16 0
393 8 2 0
2
43 108 
2
365 18 14 0
365 28 10 0
2
42 71 
2
394 16 16 0
394 8 28 0
2
43 109 
2
366 18 14 0
366 26 10 0
2
42 72 
2
395 16 16 0
395 8 30 0
2
43 111 
2
367 18 14 0
367 18 6 0
2
42 73 
2
396 16 16 0
396 2 22 0
2
43 112 
2
368 18 14 0
368 30 14 0
2
42 74 
2
397 16 16 0
397 8 26 0
2
43 113 
2
369 18 14 0
369 22 4 0
2
42 75 
2
398 16 16 0
398 10 30 0
2
43 114 
2
370 18 14 0
370 30 10 0
2
42 76 
2
399 16 16 0
399 6 24 0
2
43 115 
2
371 18 14 0
371 2 10 0
2
42 77 
2
400 16 16 0
400 14 32 0
2
43 116 
2
372 18 14 0
372 8 8 0
2
42 78 
2
401 16 16 0
401 10 28 0
2
43 117 
2
373 18 14 0
373 12 8 0
2
42 79 
2
402 16 16 0
402 2 20 0
2
43 118 
2
374 18 14 0
374 12 12 0
2
42 80 
2
403 16 16 0
403 24 28 0
2
43 119 
2
375 18 14 0
375 22 18 0
2
42 81 
2
404 16 16 0
404 6 6 0
2
43 120 
2
376 18 14 0
376 28 20 0
2
42 82 
2
405 16 16 0
405 28 22 0
2
43 121 
2
377 18 14 0
377 8 14 0
2
42 83 
2
406 16 16 0
406 10 4 0
2
43 122 
2
378 18 14 0
378 12 6 0
2
42 84 
2
407 16 16 0
407 28 24 0
2
43 123 
2
379 18 14 0
379 22 20 0
2
42 85 
2
408 16 16 0
408 30 20 0
2
43 124 
2
380 18 14 0
380 20 26 0
2
42 88 
2
409 16 16 0
409 12 4 0
2
43 125 
2
381 18 14 0
381 12 16 0
2
42 110 
2
410 16 16 0
410 6 20 0
2
43 126 
2
382 18 14 0
382 16 10 0
2
42 127 
2
411 16 16 0
411 12 18 0
2
43 128 
2
383 18 14 0
383 16 14 0
2
20 40 
2
391 14 16 0
391 10 16 0
2
21 41 
2
363 20 14 0
363 20 12 0
2
18 38 
2
343 4 18 0
343 4 16 0
2
19 39 
2
333 20 8 0
333 22 8 0
2
36 38 
2
344 4 22 0
344 4 16 0
2
37 39 
2
334 24 4 0
334 22 8 0
2
244 40 
2
392 34 34 0
392 10 16 0
2
38 40 
2
393 4 16 0
393 10 16 0
2
245 40 
2
394 34 32 0
394 10 16 0
2
18 40 
2
395 4 18 0
395 10 16 0
2
244 40 
2
396 34 34 0
396 10 16 0
2
38 40 
2
397 4 16 0
397 10 16 0
2
245 40 
2
398 34 32 0
398 10 16 0
2
246 41 
2
364 34 30 0
364 20 12 0
2
39 41 
2
365 22 8 0
365 20 12 0
2
247 41 
2
366 34 28 0
366 20 12 0
2
19 41 
2
367 20 8 0
367 20 12 0
2
246 41 
2
368 34 30 0
368 20 12 0
2
39 41 
2
369 22 8 0
369 20 12 0
2
244 41 
2
370 34 34 0
370 20 12 0
2
244 42 
2
412 34 34 0
412 16 16 0
2
40 42 
2
413 10 16 0
413 16 16 0
2
245 42 
2
414 34 32 0
414 16 16 0
2
20 42 
2
415 14 16 0
415 16 16 0
2
244 42 
2
416 34 34 0
416 16 16 0
2
40 42 
2
417 10 16 0
417 16 16 0
2
245 42 
2
418 34 32 0
418 16 16 0
2
244 43 
2
384 34 34 0
384 18 14 0
2
41 43 
2
385 20 12 0
385 18 14 0
2
245 43 
2
386 34 32 0
386 18 14 0
2
21 43 
2
387 20 14 0
387 18 14 0
2
244 43 
2
388 34 34 0
388 18 14 0
2
41 43 
2
389 20 12 0
389 18 14 0
2
245 43 
2
390 34 32 0
390 18 14 0
2
42 85 
2
419 16 16 0
419 30 20 0
2
43 107 
2
391 18 14 0
391 30 16 0
2
42 88 
2
420 16 16 0
420 12 4 0
2
43 108 
2
392 18 14 0
392 28 10 0
2
42 110 
2
421 16 16 0
421 6 20 0
2
43 109 
2
393 18 14 0
393 26 10 0
2
43 111 
2
394 18 14 0
394 18 6 0
2
43 112 
2
395 18 14 0
395 30 14 0
2
43 113 
2
396 18 14 0
396 22 4 0
2
43 114 
2
397 18 14 0
397 30 10 0
2
43 115 
2
398 18 14 0
398 2 10 0
2
43 116 
2
399 18 14 0
399 8 8 0
2
43 117 
2
400 18 14 0
400 12 8 0
2
43 118 
2
401 18 14 0
401 12 12 0
2
43 119 
2
402 18 14 0
402 22 18 0
2
43 120 
2
403 18 14 0
403 28 20 0
2
43 121 
2
404 18 14 0
404 8 14 0
2
43 122 
2
405 18 14 0
405 12 6 0
2
43 123 
2
406 18 14 0
406 22 20 0
2
43 124 
2
407 18 14 0
407 20 26 0
2
43 125 
2
408 18 14 0
408 12 16 0
2
43 126 
2
409 18 14 0
409 16 10 0
2
43 128 
2
410 18 14 0
410 16 14 0
2
43 129 
2
411 18 14 0
411 28 12 0
2
40 42 
2
422 10 16 0
422 16 16 0
2
41 43 
2
412 20 12 0
412 18 14 0
2
42 85 
2
423 16 16 0
423 30 20 0
2
43 107 
2
413 18 14 0
413 30 16 0
2
42 88 
2
424 16 16 0
424 12 4 0
2
43 108 
2
414 18 14 0
414 28 10 0
2
42 110 
2
425 16 16 0
425 6 20 0
2
43 109 
2
415 18 14 0
415 26 10 0
2
43 111 
2
416 18 14 0
416 18 6 0
2
43 112 
2
417 18 14 0
417 30 14 0
2
43 113 
2
418 18 14 0
418 22 4 0
2
43 114 
2
419 18 14 0
419 30 10 0
2
43 115 
2
420 18 14 0
420 2 10 0
2
43 116 
2
421 18 14 0
421 8 8 0
2
43 117 
2
422 18 14 0
422 12 8 0
2
43 118 
2
423 18 14 0
423 12 12 0
2
43 119 
2
424 18 14 0
424 22 18 0
2
43 120 
2
425 18 14 0
425 28 20 0
2
43 121 
2
426 18 14 0
426 8 14 0
2
43 122 
2
427 18 14 0
427 12 6 0
2
43 123 
2
428 18 14 0
428 22 20 0
2
43 124 
2
429 18 14 0
429 20 26 0
2
43 125 
2
430 18 14 0
430 12 16 0
2
43 126 
2
431 18 14 0
431 16 10 0
2
43 128 
2
432 18 14 0
432 16 14 0
2
43 129 
2
433 18 14 0
433 28 12 0
2
20 40 
2
423 14 16 0
423 10 16 0
2
21 41 
2
413 20 14 0
413 20 12 0
2
38 40 
2
424 4 16 0
424 10 16 0
2
39 41 
2
414 22 8 0
414 20 12 0
2
244 42 
2
426 34 34 0
426 16 16 0
2
40 42 
2
427 10 16 0
427 16 16 0
2
246 42 
2
428 34 30 0
428 16 16 0
2
20 42 
2
429 14 16 0
429 16 16 0
2
244 42 
2
430 34 34 0
430 16 16 0
2
40 42 
2
431 10 16 0
431 16 16 0
2
246 42 
2
432 34 30 0
432 16 16 0
2
244 43 
2
434 34 34 0
434 18 14 0
2
41 43 
2
435 20 12 0
435 18 14 0
2
245 43 
2
436 34 32 0
436 18 14 0
2
21 43 
2
437 20 14 0
437 18 14 0
2
246 43 
2
438 34 30 0
438 18 14 0
2
41 43 
2
439 20 12 0
439 18 14 0
2
248 43 
2
440 34 26 0
440 18 14 0
2
42 88 
2
433 16 16 0
433 12 4 0
2
43 128 
2
441 18 14 0
441 16 14 0
2
42 110 
2
434 16 16 0
434 6 20 0
2
43 129 
2
442 18 14 0
442 28 12 0
2
42 127 
2
435 16 16 0
435 12 18 0
2
43 130 
2
443 18 14 0
443 22 6 0
2
40 42 
2
436 10 16 0
436 16 16 0
2
41 43 
2
444 20 12 0
444 18 14 0
2
42 88 
2
437 16 16 0
437 12 4 0
2
43 128 
2
445 18 14 0
445 16 14 0
2
42 110 
2
438 16 16 0
438 6 20 0
2
43 129 
2
446 18 14 0
446 28 12 0
2
42 127 
2
439 16 16 0
439 12 18 0
2
43 130 
2
447 18 14 0
447 22 6 0
2
20 40 
2
437 14 16 0
437 10 16 0
2
21 41 
2
445 20 14 0
445 20 12 0
2
18 38 
2
425 4 18 0
425 4 16 0
2
19 39 
2
415 20 8 0
415 22 8 0
2
16 36 
2
345 4 24 0
345 4 22 0
2
17 37 
2
335 26 4 0
335 24 4 0
2
34 36 
2
346 2 24 0
346 4 22 0
2
35 37 
2
336 28 2 0
336 24 4 0
2
245 38 
2
426 34 32 0
426 4 16 0
2
36 38 
2
427 4 22 0
427 4 16 0
2
247 38 
2
428 34 28 0
428 4 16 0
2
16 38 
2
429 4 24 0
429 4 16 0
2
245 38 
2
430 34 32 0
430 4 16 0
2
36 38 
2
431 4 22 0
431 4 16 0
2
247 38 
2
432 34 28 0
432 4 16 0
2
246 39 
2
416 34 30 0
416 22 8 0
2
37 39 
2
417 24 4 0
417 22 8 0
2
247 39 
2
418 34 28 0
418 22 8 0
2
17 39 
2
419 26 4 0
419 22 8 0
2
244 39 
2
420 34 34 0
420 22 8 0
2
37 39 
2
421 24 4 0
421 22 8 0
2
245 39 
2
422 34 32 0
422 22 8 0
2
244 40 
2
438 34 34 0
438 10 16 0
2
38 40 
2
439 4 16 0
439 10 16 0
2
245 40 
2
440 34 32 0
440 10 16 0
2
18 40 
2
441 4 18 0
441 10 16 0
2
244 40 
2
442 34 34 0
442 10 16 0
2
38 40 
2
443 4 16 0
443 10 16 0
2
245 40 
2
444 34 32 0
444 10 16 0
2
246 41 
2
446 34 30 0
446 20 12 0
2
39 41 
2
447 22 8 0
447 20 12 0
2
247 41 
2
448 34 28 0
448 20 12 0
2
19 41 
2
449 20 8 0
449 20 12 0
2
246 41 
2
450 34 30 0
450 20 12 0
2
39 41 
2
451 22 8 0
451 20 12 0
2
245 41 
2
452 34 32 0
452 20 12 0
2
247 42 
2
440 34 28 0
440 16 16 0
2
40 42 
2
445 10 16 0
445 16 16 0
2
244 42 
2
446 34 34 0
446 16 16 0
2
20 42 
2
447 14 16 0
447 16 16 0
2
245 42 
2
448 34 32 0
448 16 16 0
2
40 42 
2
449 10 16 0
449 16 16 0
2
244 42 
2
450 34 34 0
450 16 16 0
2
248 43 
2
448 34 26 0
448 18 14 0
2
41 43 
2
453 20 12 0
453 18 14 0
2
244 43 
2
454 34 34 0
454 18 14 0
2
21 43 
2
455 20 14 0
455 18 14 0
2
245 43 
2
456 34 32 0
456 18 14 0
2
41 43 
2
457 20 12 0
457 18 14 0
2
244 43 
2
458 34 34 0
458 18 14 0
2
42 85 
2
451 16 16 0
451 30 20 0
2
43 129 
2
459 18 14 0
459 28 12 0
2
42 88 
2
452 16 16 0
452 12 4 0
2
43 130 
2
460 18 14 0
460 22 6 0
2
42 110 
2
453 16 16 0
453 6 20 0
2
43 131 
2
461 18 14 0
461 28 14 0
2
42 127 
2
454 16 16 0
454 12 18 0
2
42 132 
2
455 16 16 0
455 8 16 0
2
42 133 
2
456 16 16 0
456 10 12 0
2
42 134 
2
457 16 16 0
457 16 30 0
2
42 135 
2
458 16 16 0
458 10 26 0
2
42 136 
2
459 16 16 0
459 16 26 0
2
42 137 
2
460 16 16 0
460 16 28 0
2
42 138 
2
461 16 16 0
461 10 20 0
2
42 139 
2
462 16 16 0
462 12 26 0
2
42 140 
2
463 16 16 0
463 14 18 0
2
42 141 
2
464 16 16 0
464 14 20 0
2
42 142 
2
465 16 16 0
465 8 12 0
2
42 143 
2
466 16 16 0
466 22 24 0
2
42 144 
2
467 16 16 0
467 24 18 0
2
42 145 
2
468 16 16 0
468 22 10 0
2
42 146 
2
469 16 16 0
469 30 12 0
2
42 147 
2
470 16 16 0
470 4 8 0
2
42 148 
2
471 16 16 0
471 12 30 0
2
40 42 
2
472 10 16 0
472 16 16 0
2
41 43 
2
462 20 12 0
462 18 14 0
2
42 85 
2
473 16 16 0
473 30 20 0
2
43 129 
2
463 18 14 0
463 28 12 0
2
42 88 
2
474 16 16 0
474 12 4 0
2
43 130 
2
464 18 14 0
464 22 6 0
2
42 110 
2
475 16 16 0
475 6 20 0
2
43 131 
2
465 18 14 0
465 28 14 0
2
42 127 
2
476 16 16 0
476 12 18 0
2
42 132 
2
477 16 16 0
477 8 16 0
2
42 133 
2
478 16 16 0
478 10 12 0
2
42 134 
2
479 16 16 0
479 16 30 0
2
42 135 
2
480 16 16 0
480 10 26 0
2
42 136 
2
481 16 16 0
481 16 26 0
2
42 137 
2
482 16 16 0
482 16 28 0
2
42 138 
2
483 16 16 0
483 10 20 0
2
42 139 
2
484 16 16 0
484 12 26 0
2
42 140 
2
485 16 16 0
485 14 18 0
2
42 141 
2
486 16 16 0
486 14 20 0
2
42 142 
2
487 16 16 0
487 8 12 0
2
42 143 
2
488 16 16 0
488 22 24 0
2
42 144 
2
489 16 16 0
489 24 18 0
2
42 145 
2
490 16 16 0
490 22 10 0
2
42 146 
2
491 16 16 0
491 30 12 0
2
42 147 
2
492 16 16 0
492 4 8 0
2
42 148 
2
493 16 16 0
493 12 30 0
2
20 40 
2
473 14 16 0
473 10 16 0
2
21 41 
2
463 20 14 0
463 20 12 0
2
38 40 
2
474 4 16 0
474 10 16 0
2
39 41 
2
464 22 8 0
464 20 12 0
2
244 42 
2
494 34 34 0
494 16 16 0
2
40 42 
2
495 10 16 0
495 16 16 0
2
245 42 
2
496 34 32 0
496 16 16 0
2
20 42 
2
497 14 16 0
497 16 16 0
2
244 42 
2
498 34 34 0
498 16 16 0
2
40 42 
2
499 10 16 0
499 16 16 0
2
245 42 
2
500 34 32 0
500 16 16 0
2
244 43 
2
466 34 34 0
466 18 14 0
2
41 43 
2
467 20 12 0
467 18 14 0
2
245 43 
2
468 34 32 0
468 18 14 0
2
21 43 
2
469 20 14 0
469 18 14 0
2
244 43 
2
470 34 34 0
470 18 14 0
2
41 43 
2
471 20 12 0
471 18 14 0
2
245 43 
2
472 34 32 0
472 18 14 0
2
42 88 
2
501 16 16 0
501 12 4 0
2
43 128 
2
473 18 14 0
473 16 14 0
2
42 110 
2
502 16 16 0
502 6 20 0
2
43 129 
2
474 18 14 0
474 28 12 0
2
42 127 
2
503 16 16 0
503 12 18 0
2
43 130 
2
475 18 14 0
475 22 6 0
2
42 132 
2
504 16 16 0
504 8 16 0
2
43 131 
2
476 18 14 0
476 28 14 0
2
42 133 
2
505 16 16 0
505 10 12 0
2
43 149 
2
477 18 14 0
477 20 6 0
2
42 134 
2
506 16 16 0
506 16 30 0
2
43 150 
2
478 18 14 0
478 24 8 0
2
42 135 
2
507 16 16 0
507 10 26 0
2
43 151 
2
479 18 14 0
479 22 2 0
2
42 136 
2
508 16 16 0
508 16 26 0
2
43 152 
2
480 18 14 0
480 22 30 0
2
42 137 
2
509 16 16 0
509 16 28 0
2
43 153 
2
481 18 14 0
481 24 26 0
2
42 138 
2
510 16 16 0
510 10 20 0
2
43 154 
2
482 18 14 0
482 28 18 0
2
42 139 
2
511 16 16 0
511 12 26 0
2
43 155 
2
483 18 14 0
483 22 22 0
2
42 140 
2
512 16 16 0
512 14 18 0
2
43 156 
2
484 18 14 0
484 26 18 0
2
42 141 
2
513 16 16 0
513 14 20 0
2
43 157 
2
485 18 14 0
485 24 16 0
2
42 142 
2
514 16 16 0
514 8 12 0
2
43 158 
2
486 18 14 0
486 4 14 0
2
42 143 
2
515 16 16 0
515 22 24 0
2
43 159 
2
487 18 14 0
487 14 4 0
2
42 144 
2
516 16 16 0
516 24 18 0
2
43 160 
2
488 18 14 0
488 10 14 0
2
42 145 
2
517 16 16 0
517 22 10 0
2
43 161 
2
489 18 14 0
489 14 2 0
2
42 146 
2
518 16 16 0
518 30 12 0
2
43 162 
2
490 18 14 0
490 30 18 0
2
42 147 
2
519 16 16 0
519 4 8 0
2
43 163 
2
491 18 14 0
491 24 22 0
2
42 148 
2
520 16 16 0
520 12 30 0
2
43 164 
2
492 18 14 0
492 26 20 0
2
42 165 
2
521 16 16 0
521 4 20 0
2
43 166 
2
493 18 14 0
493 20 22 0
2
40 42 
2
522 10 16 0
522 16 16 0
2
41 43 
2
494 20 12 0
494 18 14 0
2
42 88 
2
523 16 16 0
523 12 4 0
2
43 128 
2
495 18 14 0
495 16 14 0
2
42 110 
2
524 16 16 0
524 6 20 0
2
43 129 
2
496 18 14 0
496 28 12 0
2
42 127 
2
525 16 16 0
525 12 18 0
2
43 130 
2
497 18 14 0
497 22 6 0
2
42 132 
2
526 16 16 0
526 8 16 0
2
43 131 
2
498 18 14 0
498 28 14 0
2
42 133 
2
527 16 16 0
527 10 12 0
2
43 149 
2
499 18 14 0
499 20 6 0
2
42 134 
2
528 16 16 0
528 16 30 0
2
43 150 
2
500 18 14 0
500 24 8 0
2
42 135 
2
529 16 16 0
529 10 26 0
2
43 151 
2
501 18 14 0
501 22 2 0
2
42 136 
2
530 16 16 0
530 16 26 0
2
43 152 
2
502 18 14 0
502 22 30 0
2
42 137 
2
531 16 16 0
531 16 28 0
2
43 153 
2
503 18 14 0
503 24 26 0
2
42 138 
2
532 16 16 0
532 10 20 0
2
43 154 
2
504 18 14 0
504 28 18 0
2
42 139 
2
533 16 16 0
533 12 26 0
2
43 155 
2
505 18 14 0
505 22 22 0
2
42 140 
2
534 16 16 0
534 14 18 0
2
43 156 
2
506 18 14 0
506 26 18 0
2
42 141 
2
535 16 16 0
535 14 20 0
2
43 157 
2
507 18 14 0
507 24 16 0
2
42 142 
2
536 16 16 0
536 8 12 0
2
43 158 
2
508 18 14 0
508 4 14 0
2
42 143 
2
537 16 16 0
537 22 24 0
2
43 159 
2
509 18 14 0
509 14 4 0
2
42 144 
2
538 16 16 0
538 24 18 0
2
43 160 
2
510 18 14 0
510 10 14 0
2
42 145 
2
539 16 16 0
539 22 10 0
2
43 161 
2
511 18 14 0
511 14 2 0
2
42 146 
2
540 16 16 0
540 30 12 0
2
43 162 
2
512 18 14 0
512 30 18 0
2
42 147 
2
541 16 16 0
541 4 8 0
2
43 163 
2
513 18 14 0
513 24 22 0
2
42 148 
2
542 16 16 0
542 12 30 0
2
43 164 
2
514 18 14 0
514 26 20 0
2
42 165 
2
543 16 16 0
543 4 20 0
2
43 166 
2
515 18 14 0
515 20 22 0
2
20 40 
2
523 14 16 0
523 10 16 0
2
21 41 
2
495 20 14 0
495 20 12 0
2
18 38 
2
475 4 18 0
475 4 16 0
2
19 39 
2
465 20 8 0
465 22 8 0
2
36 38 
2
476 4 22 0
476 4 16 0
2
37 39 
2
466 24 4 0
466 22 8 0
2
244 40 
2
524 34 34 0
524 10 16 0
2
38 40 
2
525 4 16 0
525 10 16 0
2
245 40 
2
526 34 32 0
526 10 16 0
2
18 40 
2
527 4 18 0
527 10 16 0
2
244 40 
2
528 34 34 0
528 10 16 0
2
38 40 
2
529 4 16 0
529 10 16 0
2
245 40 
2
530 34 32 0
530 10 16 0
2
246 41 
2
496 34 30 0
496 20 12 0
2
39 41 
2
497 22 8 0
497 20 12 0
2
247 41 
2
498 34 28 0
498 20 12 0
2
19 41 
2
499 20 8 0
499 20 12 0
2
246 41 
2
500 34 30 0
500 20 12 0
2
39 41 
2
501 22 8 0
501 20 12 0
2
244 41 
2
502 34 34 0
502 20 12 0
2
244 42 
2
544 34 34 0
544 16 16 0
2
40 42 
2
545 10 16 0
545 16 16 0
2
245 42 
2
546 34 32 0
546 16 16 0
2
20 42 
2
547 14 16 0
547 16 16 0
2
244 42 
2
548 34 34 0
548 16 16 0
2
40 42 
2
549 10 16 0
549 16 16 0
2
245 42 
2
550 34 32 0
550 16 16 0
2
244 43 
2
516 34 34 0
516 18 14 0
2
41 43 
2
517 20 12 0
517 18 14 0
2
245 43 
2
518 34 32 0
518 18 14 0
2
21 43 
2
519 20 14 0
519 18 14 0
2
244 43 
2
520 34 34 0
520 18 14 0
2
41 43 
2
521 20 12 0
521 18 14 0
2
245 43 
2
522 34 32 0
522 18 14 0
2
42 85 
2
551 16 16 0
551 30 20 0
2
43 129 
2
523 18 14 0
523 28 12 0
2
42 88 
2
552 16 16 0
552 12 4 0
2
43 130 
2
524 18 14 0
524 22 6 0
2
42 110 
2
553 16 16 0
553 6 20 0
2
43 131 
2
525 18 14 0
525 28 14 0
2
42 127 
2
554 16 16 0
554 12 18 0
2
43 149 
2
526 18 14 0
526 20 6 0
2
42 132 
2
555 16 16 0
555 8 16 0
2
43 150 
2
527 18 14 0
527 24 8 0
2
42 133 
2
556 16 16 0
556 10 12 0
2
43 151 
2
528 18 14 0
528 22 2 0
2
42 134 
2
557 16 16 0
557 16 30 0
2
43 152 
2
529 18 14 0
529 22 30 0
2
42 135 
2
558 16 16 0
558 10 26 0
2
43 153 
2
530 18 14 0
530 24 26 0
2
42 136 
2
559 16 16 0
559 16 26 0
2
43 154 
2
531 18 14 0
531 28 18 0
2
42 137 
2
560 16 16 0
560 16 28 0
2
43 155 
2
532 18 14 0
532 22 22 0
2
42 138 
2
561 16 16 0
561 10 20 0
2
43 156 
2
533 18 14 0
533 26 18 0
2
42 139 
2
562 16 16 0
562 12 26 0
2
43 157 
2
534 18 14 0
534 24 16 0
2
42 140 
2
563 16 16 0
563 14 18 0
2
43 158 
2
535 18 14 0
535 4 14 0
2
42 141 
2
564 16 16 0
564 14 20 0
2
43 159 
2
536 18 14 0
536 14 4 0
2
42 142 
2
565 16 16 0
565 8 12 0
2
43 160 
2
537 18 14 0
537 10 14 0
2
42 143 
2
566 16 16 0
566 22 24 0
2
43 161 
2
538 18 14 0
538 14 2 0
2
42 144 
2
567 16 16 0
567 24 18 0
2
43 162 
2
539 18 14 0
539 30 18 0
2
42 145 
2
568 16 16 0
568 22 10 0
2
43 163 
2
540 18 14 0
540 24 22 0
2
42 146 
2
569 16 16 0
569 30 12 0
2
43 164 
2
541 18 14 0
541 26 20 0
2
43 166 
2
542 18 14 0
542 20 22 0
2
43 167 
2
543 18 14 0
543 22 12 0
2
40 42 
2
570 10 16 0
570 16 16 0
2
41 43 
2
544 20 12 0
544 18 14 0
2
42 85 
2
571 16 16 0
571 30 20 0
2
43 129 
2
545 18 14 0
545 28 12 0
2
42 88 
2
572 16 16 0
572 12 4 0
2
43 130 
2
546 18 14 0
546 22 6 0
2
42 110 
2
573 16 16 0
573 6 20 0
2
43 131 
2
547 18 14 0
547 28 14 0
2
42 127 
2
574 16 16 0
574 12 18 0
2
43 149 
2
548 18 14 0
548 20 6 0
2
42 132 
2
575 16 16 0
575 8 16 0
2
43 150 
2
549 18 14 0
549 24 8 0
2
42 133 
2
576 16 16 0
576 10 12 0
2
43 151 
2
550 18 14 0
550 22 2 0
2
42 134 
2
577 16 16 0
577 16 30 0
2
43 152 
2
551 18 14 0
551 22 30 0
2
42 135 
2
578 16 16 0
578 10 26 0
2
43 153 
2
552 18 14 0
552 24 26 0
2
42 136 
2
579 16 16 0
579 16 26 0
2
43 154 
2
553 18 14 0
553 28 18 0
2
42 137 
2
580 16 16 0
580 16 28 0
2
43 155 
2
554 18 14 0
554 22 22 0
2
42 138 
2
581 16 16 0
581 10 20 0
2
43 156 
2
555 18 14 0
555 26 18 0
2
42 139 
2
582 16 16 0
582 12 26 0
2
43 157 
2
556 18 14 0
556 24 16 0
2
42 140 
2
583 16 16 0
583 14 18 0
2
43 158 
2
557 18 14 0
557 4 14 0
2
42 141 
2
584 16 16 0
584 14 20 0
2
43 159 
2
558 18 14 0
558 14 4 0
2
42 142 
2
585 16 16 0
585 8 12 0
2
43 160 
2
559 18 14 0
559 10 14 0
2
42 143 
2
586 16 16 0
586 22 24 0
2
43 161 
2
560 18 14 0
560 14 2 0
2
42 144 
2
587 16 16 0
587 24 18 0
2
43 162 
2
561 18 14 0
561 30 18 0
2
42 145 
2
588 16 16 0
588 22 10 0
2
43 163 
2
562 18 14 0
562 24 22 0
2
42 146 
2
589 16 16 0
589 30 12 0
2
43 164 
2
563 18 14 0
563 26 20 0
2
43 166 
2
564 18 14 0
564 20 22 0
2
43 167 
2
565 18 14 0
565 22 12 0
2
20 40 
2
571 14 16 0
571 10 16 0
2
21 41 
2
545 20 14 0
545 20 12 0
2
38 40 
2
572 4 16 0
572 10 16 0
2
39 41 
2
546 22 8 0
546 20 12 0
2
244 42 
2
590 34 34 0
590 16 16 0
2
40 42 
2
591 10 16 0
591 16 16 0
2
245 42 
2
592 34 32 0
592 16 16 0
2
20 42 
2
593 14 16 0
593 16 16 0
2
244 42 
2
594 34 34 0
594 16 16 0
2
40 42 
2
595 10 16 0
595 16 16 0
2
245 42 
2
596 34 32 0
596 16 16 0
2
244 43 
2
566 34 34 0
566 18 14 0
2
41 43 
2
567 20 12 0
567 18 14 0
2
245 43 
2
568 34 32 0
568 18 14 0
2
21 43 
2
569 20 14 0
569 18 14 0
2
244 43 
2
570 34 34 0
570 18 14 0
2
41 43 
2
571 20 12 0
571 18 14 0
2
245 43 
2
572 34 32 0
572 18 14 0
2
42 88 
2
597 16 16 0
597 12 4 0
2
43 166 
2
573 18 14 0
573 20 22 0
2
42 110 
2
598 16 16 0
598 6 20 0
2
43 167 
2
574 18 14 0
574 22 12 0
2
42 127 
2
599 16 16 0
599 12 18 0
2
43 168 
2
575 18 14 0
575 24 10 0
2
42 132 
2
600 16 16 0
600 8 16 0
2
42 133 
2
601 16 16 0
601 10 12 0
2
42 134 
2
602 16 16 0
602 16 30 0
2
42 135 
2
603 16 16 0
603 10 26 0
2
42 136 
2
604 16 16 0
604 16 26 0
2
42 137 
2
605 16 16 0
605 16 28 0
2
42 138 
2
606 16 16 0
606 10 20 0
2
42 139 
2
607 16 16 0
607 12 26 0
2
42 140 
2
608 16 16 0
608 14 18 0
2
42 141 
2
609 16 16 0
609 14 20 0
2
42 142 
2
610 16 16 0
610 8 12 0
2
42 143 
2
611 16 16 0
611 22 24 0
2
42 144 
2
612 16 16 0
612 24 18 0
2
42 145 
2
613 16 16 0
613 22 10 0
2
42 146 
2
614 16 16 0
614 30 12 0
2
42 147 
2
615 16 16 0
615 4 8 0
2
40 42 
2
616 10 16 0
616 16 16 0
2
41 43 
2
576 20 12 0
576 18 14 0
2
42 88 
2
617 16 16 0
617 12 4 0
2
43 166 
2
577 18 14 0
577 20 22 0
2
42 110 
2
618 16 16 0
618 6 20 0
2
43 167 
2
578 18 14 0
578 22 12 0
2
42 127 
2
619 16 16 0
619 12 18 0
2
43 168 
2
579 18 14 0
579 24 10 0
2
42 132 
2
620 16 16 0
620 8 16 0
2
42 133 
2
621 16 16 0
621 10 12 0
2
42 134 
2
622 16 16 0
622 16 30 0
2
42 135 
2
623 16 16 0
623 10 26 0
2
42 136 
2
624 16 16 0
624 16 26 0
2
42 137 
2
625 16 16 0
625 16 28 0
2
42 138 
2
626 16 16 0
626 10 20 0
2
42 139 
2
627 16 16 0
627 12 26 0
2
42 140 
2
628 16 16 0
628 14 18 0
2
42 141 
2
629 16 16 0
629 14 20 0
2
42 142 
2
630 16 16 0
630 8 12 0
2
42 143 
2
631 16 16 0
631 22 24 0
2
42 144 
2
632 16 16 0
632 24 18 0
2
42 145 
2
633 16 16 0
633 22 10 0
2
42 146 
2
634 16 16 0
634 30 12 0
2
42 147 
2
635 16 16 0
635 4 8 0
2
20 40 
2
617 14 16 0
617 10 16 0
2
21 41 
2
577 20 14 0
577 20 12 0
2
18 38 
2
573 4 18 0
573 4 16 0
2
19 39 
2
547 20 8 0
547 22 8 0
2
16 36 
2
477 4 24 0
477 4 22 0
2
17 37 
2
467 26 4 0
467 24 4 0
2
14 34 
2
347 4 26 0
347 2 24 0
2
15 35 
2
337 26 2 0
337 28 2 0
2
12 32 
2
75 2 26 0
75 2 28 0
2
13 33 
2
75 30 2 0
75 32 2 0
2
30 32 
2
76 4 28 0
76 2 28 0
2
31 33 
2
76 32 6 0
76 32 2 0
2
244 34 
2
348 34 34 0
348 2 24 0
2
32 34 
2
349 2 28 0
349 2 24 0
2
245 34 
2
350 34 32 0
350 2 24 0
2
12 34 
2
351 2 26 0
351 2 24 0
2
244 34 
2
352 34 34 0
352 2 24 0
2
32 34 
2
353 2 28 0
353 2 24 0
2
245 34 
2
354 34 32 0
354 2 24 0
2
246 35 
2
338 34 30 0
338 28 2 0
2
33 35 
2
339 32 2 0
339 28 2 0
2
247 35 
2
340 34 28 0
340 28 2 0
2
13 35 
2
341 30 2 0
341 28 2 0
2
244 35 
2
342 34 34 0
342 28 2 0
2
33 35 
2
343 32 2 0
343 28 2 0
2
245 35 
2
344 34 32 0
344 28 2 0
2
244 36 
2
478 34 34 0
478 4 22 0
2
34 36 
2
479 2 24 0
479 4 22 0
2
245 36 
2
480 34 32 0
480 4 22 0
2
14 36 
2
481 4 26 0
481 4 22 0
2
244 36 
2
482 34 34 0
482 4 22 0
2
34 36 
2
483 2 24 0
483 4 22 0
2
245 36 
2
484 34 32 0
484 4 22 0
2
246 37 
2
468 34 30 0
468 24 4 0
2
35 37 
2
469 28 2 0
469 24 4 0
2
247 37 
2
470 34 28 0
470 24 4 0
2
15 37 
2
471 26 2 0
471 24 4 0
2
246 37 
2
472 34 30 0
472 24 4 0
2
35 37 
2
473 28 2 0
473 24 4 0
2
244 37 
2
474 34 34 0
474 24 4 0
2
244 38 
2
574 34 34 0
574 4 16 0
2
36 38 
2
575 4 22 0
575 4 16 0
2
245 38 
2
576 34 32 0
576 4 16 0
2
16 38 
2
577 4 24 0
577 4 16 0
2
244 38 
2
578 34 34 0
578 4 16 0
2
36 38 
2
579 4 22 0
579 4 16 0
2
245 38 
2
580 34 32 0
580 4 16 0
2
246 39 
2
548 34 30 0
548 22 8 0
2
37 39 
2
549 24 4 0
549 22 8 0
2
247 39 
2
550 34 28 0
550 22 8 0
2
17 39 
2
551 26 4 0
551 22 8 0
2
244 39 
2
552 34 34 0
552 22 8 0
2
37 39 
2
553 24 4 0
553 22 8 0
2
245 39 
2
554 34 32 0
554 22 8 0
2
244 40 
2
618 34 34 0
618 10 16 0
2
38 40 
2
619 4 16 0
619 10 16 0
2
245 40 
2
620 34 32 0
620 10 16 0
2
18 40 
2
621 4 18 0
621 10 16 0
2
244 40 
2
622 34 34 0
622 10 16 0
2
38 40 
2
623 4 16 0
623 10 16 0
2
245 40 
2
624 34 32 0
624 10 16 0
2
246 41 
2
578 34 30 0
578 20 12 0
2
39 41 
2
579 22 8 0
579 20 12 0
2
247 41 
2
580 34 28 0
580 20 12 0
2
19 41 
2
581 20 8 0
581 20 12 0
2
244 41 
2
582 34 34 0
582 20 12 0
2
39 41 
2
583 22 8 0
583 20 12 0
2
245 41 
2
584 34 32 0
584 20 12 0
2
244 42 
2
636 34 34 0
636 16 16 0
2
40 42 
2
637 10 16 0
637 16 16 0
2
245 42 
2
638 34 32 0
638 16 16 0
2
20 42 
2
639 14 16 0
639 16 16 0
2
244 42 
2
640 34 34 0
640 16 16 0
2
40 42 
2
641 10 16 0
641 16 16 0
2
245 42 
2
642 34 32 0
642 16 16 0
2
248 43 
2
580 34 26 0
580 18 14 0
2
41 43 
2
585 20 12 0
585 18 14 0
2
244 43 
2
586 34 34 0
586 18 14 0
2
21 43 
2
587 20 14 0
587 18 14 0
2
245 43 
2
588 34 32 0
588 18 14 0
2
41 43 
2
589 20 12 0
589 18 14 0
2
246 43 
2
590 34 30 0
590 18 14 0
2
42 110 
2
643 16 16 0
643 6 20 0
2
43 167 
2
591 18 14 0
591 22 12 0
2
42 127 
2
644 16 16 0
644 12 18 0
2
43 168 
2
592 18 14 0
592 24 10 0
2
42 132 
2
645 16 16 0
645 8 16 0
2
43 169 
2
593 18 14 0
593 18 2 0
2
40 42 
2
646 10 16 0
646 16 16 0
2
41 43 
2
594 20 12 0
594 18 14 0
2
42 110 
2
647 16 16 0
647 6 20 0
2
43 167 
2
595 18 14 0
595 22 12 0
2
42 127 
2
648 16 16 0
648 12 18 0
2
43 168 
2
596 18 14 0
596 24 10 0
2
42 132 
2
649 16 16 0
649 8 16 0
2
43 169 
2
597 18 14 0
597 18 2 0
2
20 40 
2
647 14 16 0
647 10 16 0
2
21 41 
2
595 20 14 0
595 20 12 0
2
38 40 
2
648 4 16 0
648 10 16 0
2
39 41 
2
596 22 8 0
596 20 12 0
2
245 42 
2
650 34 32 0
650 16 16 0
2
40 42 
2
651 10 16 0
651 16 16 0
2
244 42 
2
652 34 34 0
652 16 16 0
2
20 42 
2
653 14 16 0
653 16 16 0
2
245 42 
2
654 34 32 0
654 16 16 0
2
40 42 
2
655 10 16 0
655 16 16 0
2
244 42 
2
656 34 34 0
656 16 16 0
2
244 43 
2
598 34 34 0
598 18 14 0
2
41 43 
2
599 20 12 0
599 18 14 0
2
245 43 
2
600 34 32 0
600 18 14 0
2
21 43 
2
601 20 14 0
601 18 14 0
2
244 43 
2
602 34 34 0
602 18 14 0
2
41 43 
2
603 20 12 0
603 18 14 0
2
245 43 
2
604 34 32 0
604 18 14 0
2
42 127 
2
657 16 16 0
657 12 18 0
2
43 166 
2
605 18 14 0
605 20 22 0
2
42 132 
2
658 16 16 0
658 8 16 0
2
43 167 
2
606 18 14 0
606 22 12 0
2
42 133 
2
659 16 16 0
659 10 12 0
2
43 168 
2
607 18 14 0
607 24 10 0
2
43 169 
2
608 18 14 0
608 18 2 0
2
43 170 
2
609 18 14 0
609 26 14 0
2
43 171 
2
610 18 14 0
610 20 4 0
2
43 172 
2
611 18 14 0
611 26 8 0
2
43 173 
2
612 18 14 0
612 26 6 0
2
43 174 
2
613 18 14 0
613 20 32 0
2
43 175 
2
614 18 14 0
614 6 8 0
2
43 176 
2
615 18 14 0
615 20 30 0
2
43 177 
2
616 18 14 0
616 8 4 0
2
43 178 
2
617 18 14 0
617 10 2 0
2
43 179 
2
618 18 14 0
618 30 22 0
2
43 180 
2
619 18 14 0
619 26 26 0
2
43 181 
2
620 18 14 0
620 32 20 0
2
43 182 
2
621 18 14 0
621 32 10 0
2
43 183 
2
622 18 14 0
622 2 8 0
2
43 184 
2
623 18 14 0
623 30 8 0
2
43 185 
2
624 18 14 0
624 24 30 0
2
43 186 
2
625 18 14 0
625 28 6 0
2
40 42 
2
660 10 16 0
660 16 16 0
2
41 43 
2
626 20 12 0
626 18 14 0
2
42 127 
2
661 16 16 0
661 12 18 0
2
43 166 
2
627 18 14 0
627 20 22 0
2
42 132 
2
662 16 16 0
662 8 16 0
2
43 167 
2
628 18 14 0
628 22 12 0
2
42 133 
2
663 16 16 0
663 10 12 0
2
43 168 
2
629 18 14 0
629 24 10 0
2
43 169 
2
630 18 14 0
630 18 2 0
2
43 170 
2
631 18 14 0
631 26 14 0
2
43 171 
2
632 18 14 0
632 20 4 0
2
43 172 
2
633 18 14 0
633 26 8 0
2
43 173 
2
634 18 14 0
634 26 6 0
2
43 174 
2
635 18 14 0
635 20 32 0
2
43 175 
2
636 18 14 0
636 6 8 0
2
43 176 
2
637 18 14 0
637 20 30 0
2
43 177 
2
638 18 14 0
638 8 4 0
2
43 178 
2
639 18 14 0
639 10 2 0
2
43 179 
2
640 18 14 0
640 30 22 0
2
43 180 
2
641 18 14 0
641 26 26 0
2
43 181 
2
642 18 14 0
642 32 20 0
2
43 182 
2
643 18 14 0
643 32 10 0
2
43 183 
2
644 18 14 0
644 2 8 0
2
43 184 
2
645 18 14 0
645 30 8 0
2
43 185 
2
646 18 14 0
646 24 30 0
2
43 186 
2
647 18 14 0
647 28 6 0
2
20 40 
2
661 14 16 0
661 10 16 0
2
21 41 
2
627 20 14 0
627 20 12 0
2
18 38 
2
649 4 18 0
649 4 16 0
2
19 39 
2
597 20 8 0
597 22 8 0
2
36 38 
2
650 4 22 0
650 4 16 0
2
37 39 
2
598 24 4 0
598 22 8 0
2
245 40 
2
662 34 32 0
662 10 16 0
2
38 40 
2
663 4 16 0
663 10 16 0
2
244 40 
2
664 34 34 0
664 10 16 0
2
18 40 
2
665 4 18 0
665 10 16 0
2
245 40 
2
666 34 32 0
666 10 16 0
2
38 40 
2
667 4 16 0
667 10 16 0
2
244 40 
2
668 34 34 0
668 10 16 0
2
244 41 
2
628 34 34 0
628 20 12 0
2
39 41 
2
629 22 8 0
629 20 12 0
2
245 41 
2
630 34 32 0
630 20 12 0
2
19 41 
2
631 20 8 0
631 20 12 0
2
244 41 
2
632 34 34 0
632 20 12 0
2
39 41 
2
633 22 8 0
633 20 12 0
2
245 41 
2
634 34 32 0
634 20 12 0
2
247 42 
2
664 34 28 0
664 16 16 0
2
40 42 
2
669 10 16 0
669 16 16 0
2
245 42 
2
670 34 32 0
670 16 16 0
2
20 42 
2
671 14 16 0
671 16 16 0
2
244 42 
2
672 34 34 0
672 16 16 0
2
40 42 
2
673 10 16 0
673 16 16 0
2
245 42 
2
674 34 32 0
674 16 16 0
2
244 43 
2
648 34 34 0
648 18 14 0
2
41 43 
2
649 20 12 0
649 18 14 0
2
246 43 
2
650 34 30 0
650 18 14 0
2
21 43 
2
651 20 14 0
651 18 14 0
2
247 43 
2
652 34 28 0
652 18 14 0
2
41 43 
2
653 20 12 0
653 18 14 0
2
246 43 
2
654 34 30 0
654 18 14 0
2
42 110 
2
675 16 16 0
675 6 20 0
2
43 167 
2
655 18 14 0
655 22 12 0
2
42 127 
2
676 16 16 0
676 12 18 0
2
43 168 
2
656 18 14 0
656 24 10 0
2
42 132 
2
677 16 16 0
677 8 16 0
2
43 169 
2
657 18 14 0
657 18 2 0
2
42 133 
2
678 16 16 0
678 10 12 0
2
43 170 
2
658 18 14 0
658 26 14 0
2
42 134 
2
679 16 16 0
679 16 30 0
2
43 171 
2
659 18 14 0
659 20 4 0
2
42 135 
2
680 16 16 0
680 10 26 0
2
43 172 
2
660 18 14 0
660 26 8 0
2
42 136 
2
681 16 16 0
681 16 26 0
2
43 173 
2
661 18 14 0
661 26 6 0
2
42 137 
2
682 16 16 0
682 16 28 0
2
43 174 
2
662 18 14 0
662 20 32 0
2
42 138 
2
683 16 16 0
683 10 20 0
2
43 175 
2
663 18 14 0
663 6 8 0
2
42 139 
2
684 16 16 0
684 12 26 0
2
43 176 
2
664 18 14 0
664 20 30 0
2
42 140 
2
685 16 16 0
685 14 18 0
2
43 177 
2
665 18 14 0
665 8 4 0
2
42 141 
2
686 16 16 0
686 14 20 0
2
43 178 
2
666 18 14 0
666 10 2 0
2
42 142 
2
687 16 16 0
687 8 12 0
2
43 179 
2
667 18 14 0
667 30 22 0
2
42 143 
2
688 16 16 0
688 22 24 0
2
43 180 
2
668 18 14 0
668 26 26 0
2
42 144 
2
689 16 16 0
689 24 18 0
2
43 181 
2
669 18 14 0
669 32 20 0
2
42 145 
2
690 16 16 0
690 22 10 0
2
43 182 
2
670 18 14 0
670 32 10 0
2
42 146 
2
691 16 16 0
691 30 12 0
2
43 183 
2
671 18 14 0
671 2 8 0
2
42 147 
2
692 16 16 0
692 4 8 0
2
43 184 
2
672 18 14 0
672 30 8 0
2
42 148 
2
693 16 16 0
693 12 30 0
2
43 185 
2
673 18 14 0
673 24 30 0
2
42 165 
2
694 16 16 0
694 4 20 0
2
43 186 
2
674 18 14 0
674 28 6 0
2
42 187 
2
695 16 16 0
695 12 28 0
2
43 188 
2
675 18 14 0
675 30 6 0
2
40 42 
2
696 10 16 0
696 16 16 0
2
41 43 
2
676 20 12 0
676 18 14 0
2
42 110 
2
697 16 16 0
697 6 20 0
2
43 167 
2
677 18 14 0
677 22 12 0
2
42 127 
2
698 16 16 0
698 12 18 0
2
43 168 
2
678 18 14 0
678 24 10 0
2
42 132 
2
699 16 16 0
699 8 16 0
2
43 169 
2
679 18 14 0
679 18 2 0
2
42 133 
2
700 16 16 0
700 10 12 0
2
43 170 
2
680 18 14 0
680 26 14 0
2
42 134 
2
701 16 16 0
701 16 30 0
2
43 171 
2
681 18 14 0
681 20 4 0
2
42 135 
2
702 16 16 0
702 10 26 0
2
43 172 
2
682 18 14 0
682 26 8 0
2
42 136 
2
703 16 16 0
703 16 26 0
2
43 173 
2
683 18 14 0
683 26 6 0
2
42 137 
2
704 16 16 0
704 16 28 0
2
43 174 
2
684 18 14 0
684 20 32 0
2
42 138 
2
705 16 16 0
705 10 20 0
2
43 175 
2
685 18 14 0
685 6 8 0
2
42 139 
2
706 16 16 0
706 12 26 0
2
43 176 
2
686 18 14 0
686 20 30 0
2
42 140 
2
707 16 16 0
707 14 18 0
2
43 177 
2
687 18 14 0
687 8 4 0
2
42 141 
2
708 16 16 0
708 14 20 0
2
43 178 
2
688 18 14 0
688 10 2 0
2
42 142 
2
709 16 16 0
709 8 12 0
2
43 179 
2
689 18 14 0
689 30 22 0
2
42 143 
2
710 16 16 0
710 22 24 0
2
43 180 
2
690 18 14 0
690 26 26 0
2
42 144 
2
711 16 16 0
711 24 18 0
2
43 181 
2
691 18 14 0
691 32 20 0
2
42 145 
2
712 16 16 0
712 22 10 0
2
43 182 
2
692 18 14 0
692 32 10 0
2
42 146 
2
713 16 16 0
713 30 12 0
2
43 183 
2
693 18 14 0
693 2 8 0
2
42 147 
2
714 16 16 0
714 4 8 0
2
43 184 
2
694 18 14 0
694 30 8 0
2
42 148 
2
715 16 16 0
715 12 30 0
2
43 185 
2
695 18 14 0
695 24 30 0
2
42 165 
2
716 16 16 0
716 4 20 0
2
43 186 
2
696 18 14 0
696 28 6 0
2
42 187 
2
717 16 16 0
717 12 28 0
2
43 188 
2
697 18 14 0
697 30 6 0
2
20 40 
2
697 14 16 0
697 10 16 0
2
21 41 
2
677 20 14 0
677 20 12 0
2
38 40 
2
698 4 16 0
698 10 16 0
2
39 41 
2
678 22 8 0
678 20 12 0
2
244 42 
2
718 34 34 0
718 16 16 0
2
40 42 
2
719 10 16 0
719 16 16 0
2
245 42 
2
720 34 32 0
720 16 16 0
2
20 42 
2
721 14 16 0
721 16 16 0
2
244 42 
2
722 34 34 0
722 16 16 0
2
40 42 
2
723 10 16 0
723 16 16 0
2
245 42 
2
724 34 32 0
724 16 16 0
2
244 43 
2
698 34 34 0
698 18 14 0
2
41 43 
2
699 20 12 0
699 18 14 0
2
246 43 
2
700 34 30 0
700 18 14 0
2
21 43 
2
701 20 14 0
701 18 14 0
2
247 43 
2
702 34 28 0
702 18 14 0
2
41 43 
2
703 20 12 0
703 18 14 0
2
246 43 
2
704 34 30 0
704 18 14 0
2
42 127 
2
725 16 16 0
725 12 18 0
2
43 186 
2
705 18 14 0
705 28 6 0
2
42 132 
2
726 16 16 0
726 8 16 0
2
43 188 
2
706 18 14 0
706 30 6 0
2
42 133 
2
727 16 16 0
727 10 12 0
2
43 189 
2
707 18 14 0
707 32 8 0
2
42 134 
2
728 16 16 0
728 16 30 0
2
42 135 
2
729 16 16 0
729 10 26 0
2
42 136 
2
730 16 16 0
730 16 26 0
2
42 137 
2
731 16 16 0
731 16 28 0
2
42 138 
2
732 16 16 0
732 10 20 0
2
42 139 
2
733 16 16 0
733 12 26 0
2
42 140 
2
734 16 16 0
734 14 18 0
2
42 141 
2
735 16 16 0
735 14 20 0
2
42 142 
2
736 16 16 0
736 8 12 0
2
42 143 
2
737 16 16 0
737 22 24 0
2
42 144 
2
738 16 16 0
738 24 18 0
2
42 145 
2
739 16 16 0
739 22 10 0
2
42 146 
2
740 16 16 0
740 30 12 0
2
42 147 
2
741 16 16 0
741 4 8 0
2
42 148 
2
742 16 16 0
742 12 30 0
2
42 165 
2
743 16 16 0
743 4 20 0
2
42 187 
2
744 16 16 0
744 12 28 0
2
42 190 
2
745 16 16 0
745 26 16 0
2
40 42 
2
746 10 16 0
746 16 16 0
2
41 43 
2
708 20 12 0
708 18 14 0
2
42 127 
2
747 16 16 0
747 12 18 0
2
43 186 
2
709 18 14 0
709 28 6 0
2
42 132 
2
748 16 16 0
748 8 16 0
2
43 188 
2
710 18 14 0
710 30 6 0
2
42 133 
2
749 16 16 0
749 10 12 0
2
43 189 
2
711 18 14 0
711 32 8 0
2
42 134 
2
750 16 16 0
750 16 30 0
2
42 135 
2
751 16 16 0
751 10 26 0
2
42 136 
2
752 16 16 0
752 16 26 0
2
42 137 
2
753 16 16 0
753 16 28 0
2
42 138 
2
754 16 16 0
754 10 20 0
2
42 139 
2
755 16 16 0
755 12 26 0
2
42 140 
2
756 16 16 0
756 14 18 0
2
42 141 
2
757 16 16 0
757 14 20 0
2
42 142 
2
758 16 16 0
758 8 12 0
2
42 143 
2
759 16 16 0
759 22 24 0
2
42 144 
2
760 16 16 0
760 24 18 0
2
42 145 
2
761 16 16 0
761 22 10 0
2
42 146 
2
762 16 16 0
762 30 12 0
2
42 147 
2
763 16 16 0
763 4 8 0
2
42 148 
2
764 16 16 0
764 12 30 0
2
42 165 
2
765 16 16 0
765 4 20 0
2
42 187 
2
766 16 16 0
766 12 28 0
2
42 190 
2
767 16 16 0
767 26 16 0
2
20 40 
2
747 14 16 0
747 10 16 0
2
21 41 
2
709 20 14 0
709 20 12 0
2
18 38 
2
699 4 18 0
699 4 16 0
2
19 39 
2
679 20 8 0
679 22 8 0
2
16 36 
2
651 4 24 0
651 4 22 0
2
17 37 
2
599 26 4 0
599 24 4 0
2
34 36 
2
652 2 24 0
652 4 22 0
2
35 37 
2
600 28 2 0
600 24 4 0
2
245 38 
2
700 34 32 0
700 4 16 0
2
36 38 
2
701 4 22 0
701 4 16 0
2
244 38 
2
702 34 34 0
702 4 16 0
2
16 38 
2
703 4 24 0
703 4 16 0
2
245 38 
2
704 34 32 0
704 4 16 0
2
36 38 
2
705 4 22 0
705 4 16 0
2
244 38 
2
706 34 34 0
706 4 16 0
2
244 39 
2
680 34 34 0
680 22 8 0
2
37 39 
2
681 24 4 0
681 22 8 0
2
245 39 
2
682 34 32 0
682 22 8 0
2
17 39 
2
683 26 4 0
683 22 8 0
2
244 39 
2
684 34 34 0
684 22 8 0
2
37 39 
2
685 24 4 0
685 22 8 0
2
245 39 
2
686 34 32 0
686 22 8 0
2
245 40 
2
748 34 32 0
748 10 16 0
2
38 40 
2
749 4 16 0
749 10 16 0
2
244 40 
2
750 34 34 0
750 10 16 0
2
18 40 
2
751 4 18 0
751 10 16 0
2
245 40 
2
752 34 32 0
752 10 16 0
2
38 40 
2
753 4 16 0
753 10 16 0
2
244 40 
2
754 34 34 0
754 10 16 0
2
244 41 
2
710 34 34 0
710 20 12 0
2
39 41 
2
711 22 8 0
711 20 12 0
2
245 41 
2
712 34 32 0
712 20 12 0
2
19 41 
2
713 20 8 0
713 20 12 0
2
244 41 
2
714 34 34 0
714 20 12 0
2
39 41 
2
715 22 8 0
715 20 12 0
2
245 41 
2
716 34 32 0
716 20 12 0
2
246 42 
2
768 34 30 0
768 16 16 0
2
40 42 
2
769 10 16 0
769 16 16 0
2
244 42 
2
770 34 34 0
770 16 16 0
2
20 42 
2
771 14 16 0
771 16 16 0
2
245 42 
2
772 34 32 0
772 16 16 0
2
40 42 
2
773 10 16 0
773 16 16 0
2
244 42 
2
774 34 34 0
774 16 16 0
2
246 43 
2
712 34 30 0
712 18 14 0
2
41 43 
2
717 20 12 0
717 18 14 0
2
246 43 
2
718 34 30 0
718 18 14 0
2
21 43 
2
719 20 14 0
719 18 14 0
2
247 43 
2
720 34 28 0
720 18 14 0
2
41 43 
2
721 20 12 0
721 18 14 0
2
246 43 
2
722 34 30 0
722 18 14 0
2
42 148 
2
775 16 16 0
775 12 30 0
2
43 188 
2
723 18 14 0
723 30 6 0
2
42 165 
2
776 16 16 0
776 4 20 0
2
43 189 
2
724 18 14 0
724 32 8 0
2
42 187 
2
777 16 16 0
777 12 28 0
2
43 191 
2
725 18 14 0
725 28 4 0
2
40 42 
2
778 10 16 0
778 16 16 0
2
41 43 
2
726 20 12 0
726 18 14 0
2
42 148 
2
779 16 16 0
779 12 30 0
2
43 188 
2
727 18 14 0
727 30 6 0
2
42 165 
2
780 16 16 0
780 4 20 0
2
43 189 
2
728 18 14 0
728 32 8 0
2
42 187 
2
781 16 16 0
781 12 28 0
2
43 191 
2
729 18 14 0
729 28 4 0
2
20 40 
2
779 14 16 0
779 10 16 0
2
21 41 
2
727 20 14 0
727 20 12 0
2
38 40 
2
780 4 16 0
780 10 16 0
2
39 41 
2
728 22 8 0
728 20 12 0
2
244 42 
2
782 34 34 0
782 16 16 0
2
40 42 
2
783 10 16 0
783 16 16 0
2
245 42 
2
784 34 32 0
784 16 16 0
2
20 42 
2
785 14 16 0
785 16 16 0
2
244 42 
2
786 34 34 0
786 16 16 0
2
40 42 
2
787 10 16 0
787 16 16 0
2
245 42 
2
788 34 32 0
788 16 16 0
2
244 43 
2
730 34 34 0
730 18 14 0
2
41 43 
2
731 20 12 0
731 18 14 0
2
245 43 
2
732 34 32 0
732 18 14 0
2
21 43 
2
733 20 14 0
733 18 14 0
2
244 43 
2
734 34 34 0
734 18 14 0
2
41 43 
2
735 20 12 0
735 18 14 0
2
245 43 
2
736 34 32 0
736 18 14 0
2
42 165 
2
789 16 16 0
789 4 20 0
2
43 79 
2
737 18 14 0
737 2 20 0
2
42 187 
2
790 16 16 0
790 12 28 0
2
43 80 
2
738 18 14 0
738 24 28 0
2
42 190 
2
791 16 16 0
791 26 16 0
2
43 81 
2
739 18 14 0
739 6 6 0
2
40 42 
2
792 10 16 0
792 16 16 0
2
41 43 
2
740 20 12 0
740 18 14 0
2
42 165 
2
793 16 16 0
793 4 20 0
2
43 79 
2
741 18 14 0
741 2 20 0
2
42 187 
2
794 16 16 0
794 12 28 0
2
43 80 
2
742 18 14 0
742 24 28 0
2
42 190 
2
795 16 16 0
795 26 16 0
2
43 81 
2
743 18 14 0
743 6 6 0
2
20 40 
2
793 14 16 0
793 10 16 0
2
21 41 
2
741 20 14 0
741 20 12 0
2
18 38 
2
781 4 18 0
781 4 16 0
2
19 39 
2
729 20 8 0
729 22 8 0
2
36 38 
2
782 4 22 0
782 4 16 0
2
37 39 
2
730 24 4 0
730 22 8 0
2
244 40 
2
794 34 34 0
794 10 16 0
2
38 40 
2
795 4 16 0
795 10 16 0
2
245 40 
2
796 34 32 0
796 10 16 0
2
18 40 
2
797 4 18 0
797 10 16 0
2
244 40 
2
798 34 34 0
798 10 16 0
2
38 40 
2
799 4 16 0
799 10 16 0
2
245 40 
2
800 34 32 0
800 10 16 0
2
244 41 
2
742 34 34 0
742 20 12 0
2
39 41 
2
743 22 8 0
743 20 12 0
2
245 41 
2
744 34 32 0
744 20 12 0
2
19 41 
2
745 20 8 0
745 20 12 0
2
244 41 
2
746 34 34 0
746 20 12 0
2
39 41 
2
747 22 8 0
747 20 12 0
2
246 41 
2
748 34 30 0
748 20 12 0
2
247 42 
2
796 34 28 0
796 16 16 0
2
40 42 
2
801 10 16 0
801 16 16 0
2
244 42 
2
802 34 34 0
802 16 16 0
2
20 42 
2
803 14 16 0
803 16 16 0
2
245 42 
2
804 34 32 0
804 16 16 0
2
40 42 
2
805 10 16 0
805 16 16 0
2
244 42 
2
806 34 34 0
806 16 16 0
2
246 43 
2
744 34 30 0
744 18 14 0
2
41 43 
2
749 20 12 0
749 18 14 0
2
247 43 
2
750 34 28 0
750 18 14 0
2
21 43 
2
751 20 14 0
751 18 14 0
2
246 43 
2
752 34 30 0
752 18 14 0
2
41 43 
2
753 20 12 0
753 18 14 0
2
247 43 
2
754 34 28 0
754 18 14 0
2
42 148 
2
807 16 16 0
807 12 30 0
2
43 80 
2
755 18 14 0
755 24 28 0
2
42 165 
2
808 16 16 0
808 4 20 0
2
43 81 
2
756 18 14 0
756 6 6 0
2
42 187 
2
809 16 16 0
809 12 28 0
2
43 82 
2
757 18 14 0
757 28 22 0
2
42 190 
2
810 16 16 0
810 26 16 0
2
42 192 
2
811 16 16 0
811 18 26 0
2
42 193 
2
812 16 16 0
812 6 16 0
2
42 194 
2
813 16 16 0
813 14 22 0
2
42 195 
2
814 16 16 0
814 10 22 0
2
42 196 
2
815 16 16 0
815 8 18 0
2
42 197 
2
816 16 16 0
816 16 22 0
2
42 198 
2
817 16 16 0
817 16 18 0
2
42 199 
2
818 16 16 0
818 14 28 0
2
42 200 
2
819 16 16 0
819 10 18 0
2
42 201 
2
820 16 16 0
820 18 20 0
2
42 202 
2
821 16 16 0
821 14 14 0
2
42 203 
2
822 16 16 0
822 2 14 0
2
42 204 
2
823 16 16 0
823 20 20 0
2
42 205 
2
824 16 16 0
824 18 10 0
2
42 206 
2
825 16 16 0
825 26 24 0
2
42 207 
2
826 16 16 0
826 4 10 0
2
42 208 
2
827 16 16 0
827 32 16 0
2
40 42 
2
828 10 16 0
828 16 16 0
2
41 43 
2
758 20 12 0
758 18 14 0
2
42 148 
2
829 16 16 0
829 12 30 0
2
43 80 
2
759 18 14 0
759 24 28 0
2
42 165 
2
830 16 16 0
830 4 20 0
2
43 81 
2
760 18 14 0
760 6 6 0
2
42 187 
2
831 16 16 0
831 12 28 0
2
43 82 
2
761 18 14 0
761 28 22 0
2
42 190 
2
832 16 16 0
832 26 16 0
2
42 192 
2
833 16 16 0
833 18 26 0
2
42 193 
2
834 16 16 0
834 6 16 0
2
42 194 
2
835 16 16 0
835 14 22 0
2
42 195 
2
836 16 16 0
836 10 22 0
2
42 196 
2
837 16 16 0
837 8 18 0
2
42 197 
2
838 16 16 0
838 16 22 0
2
42 198 
2
839 16 16 0
839 16 18 0
2
42 199 
2
840 16 16 0
840 14 28 0
2
42 200 
2
841 16 16 0
841 10 18 0
2
42 201 
2
842 16 16 0
842 18 20 0
2
42 202 
2
843 16 16 0
843 14 14 0
2
42 203 
2
844 16 16 0
844 2 14 0
2
42 204 
2
845 16 16 0
845 20 20 0
2
42 205 
2
846 16 16 0
846 18 10 0
2
42 206 
2
847 16 16 0
847 26 24 0
2
42 207 
2
848 16 16 0
848 4 10 0
2
42 208 
2
849 16 16 0
849 32 16 0
2
20 40 
2
829 14 16 0
829 10 16 0
2
21 41 
2
759 20 14 0
759 20 12 0
2
38 40 
2
830 4 16 0
830 10 16 0
2
39 41 
2
760 22 8 0
760 20 12 0
2
245 42 
2
850 34 32 0
850 16 16 0
2
40 42 
2
851 10 16 0
851 16 16 0
2
244 42 
2
852 34 34 0
852 16 16 0
2
20 42 
2
853 14 16 0
853 16 16 0
2
245 42 
2
854 34 32 0
854 16 16 0
2
40 42 
2
855 10 16 0
855 16 16 0
2
244 42 
2
856 34 34 0
856 16 16 0
2
244 43 
2
762 34 34 0
762 18 14 0
2
41 43 
2
763 20 12 0
763 18 14 0
2
246 43 
2
764 34 30 0
764 18 14 0
2
21 43 
2
765 20 14 0
765 18 14 0
2
244 43 
2
766 34 34 0
766 18 14 0
2
41 43 
2
767 20 12 0
767 18 14 0
2
247 43 
2
768 34 28 0
768 18 14 0
2
42 165 
2
857 16 16 0
857 4 20 0
2
43 79 
2
769 18 14 0
769 2 20 0
2
42 187 
2
858 16 16 0
858 12 28 0
2
43 80 
2
770 18 14 0
770 24 28 0
2
42 190 
2
859 16 16 0
859 26 16 0
2
43 81 
2
771 18 14 0
771 6 6 0
2
42 192 
2
860 16 16 0
860 18 26 0
2
43 82 
2
772 18 14 0
772 28 22 0
2
42 193 
2
861 16 16 0
861 6 16 0
2
43 83 
2
773 18 14 0
773 10 4 0
2
42 194 
2
862 16 16 0
862 14 22 0
2
43 84 
2
774 18 14 0
774 28 24 0
2
42 195 
2
863 16 16 0
863 10 22 0
2
43 85 
2
775 18 14 0
775 30 20 0
2
42 196 
2
864 16 16 0
864 8 18 0
2
43 88 
2
776 18 14 0
776 12 4 0
2
42 197 
2
865 16 16 0
865 16 22 0
2
43 110 
2
777 18 14 0
777 6 20 0
2
42 198 
2
866 16 16 0
866 16 18 0
2
43 127 
2
778 18 14 0
778 12 18 0
2
42 199 
2
867 16 16 0
867 14 28 0
2
43 132 
2
779 18 14 0
779 8 16 0
2
42 200 
2
868 16 16 0
868 10 18 0
2
43 133 
2
780 18 14 0
780 10 12 0
2
42 201 
2
869 16 16 0
869 18 20 0
2
43 134 
2
781 18 14 0
781 16 30 0
2
42 202 
2
870 16 16 0
870 14 14 0
2
43 135 
2
782 18 14 0
782 10 26 0
2
42 203 
2
871 16 16 0
871 2 14 0
2
43 136 
2
783 18 14 0
783 16 26 0
2
42 204 
2
872 16 16 0
872 20 20 0
2
43 137 
2
784 18 14 0
784 16 28 0
2
42 205 
2
873 16 16 0
873 18 10 0
2
43 138 
2
785 18 14 0
785 10 20 0
2
42 206 
2
874 16 16 0
874 26 24 0
2
43 139 
2
786 18 14 0
786 12 26 0
2
42 207 
2
875 16 16 0
875 4 10 0
2
43 140 
2
787 18 14 0
787 14 18 0
2
42 208 
2
876 16 16 0
876 32 16 0
2
43 141 
2
788 18 14 0
788 14 20 0
2
42 209 
2
877 16 16 0
877 2 18 0
2
43 142 
2
789 18 14 0
789 8 12 0
2
40 42 
2
878 10 16 0
878 16 16 0
2
41 43 
2
790 20 12 0
790 18 14 0
2
42 165 
2
879 16 16 0
879 4 20 0
2
43 79 
2
791 18 14 0
791 2 20 0
2
42 187 
2
880 16 16 0
880 12 28 0
2
43 80 
2
792 18 14 0
792 24 28 0
2
42 190 
2
881 16 16 0
881 26 16 0
2
43 81 
2
793 18 14 0
793 6 6 0
2
42 192 
2
882 16 16 0
882 18 26 0
2
43 82 
2
794 18 14 0
794 28 22 0
2
42 193 
2
883 16 16 0
883 6 16 0
2
43 83 
2
795 18 14 0
795 10 4 0
2
42 194 
2
884 16 16 0
884 14 22 0
2
43 84 
2
796 18 14 0
796 28 24 0
2
42 195 
2
885 16 16 0
885 10 22 0
2
43 85 
2
797 18 14 0
797 30 20 0
2
42 196 
2
886 16 16 0
886 8 18 0
2
43 88 
2
798 18 14 0
798 12 4 0
2
42 197 
2
887 16 16 0
887 16 22 0
2
43 110 
2
799 18 14 0
799 6 20 0
2
42 198 
2
888 16 16 0
888 16 18 0
2
43 127 
2
800 18 14 0
800 12 18 0
2
42 199 
2
889 16 16 0
889 14 28 0
2
43 132 
2
801 18 14 0
801 8 16 0
2
42 200 
2
890 16 16 0
890 10 18 0
2
43 133 
2
802 18 14 0
802 10 12 0
2
42 201 
2
891 16 16 0
891 18 20 0
2
43 134 
2
803 18 14 0
803 16 30 0
2
42 202 
2
892 16 16 0
892 14 14 0
2
43 135 
2
804 18 14 0
804 10 26 0
2
42 203 
2
893 16 16 0
893 2 14 0
2
43 136 
2
805 18 14 0
805 16 26 0
2
42 204 
2
894 16 16 0
894 20 20 0
2
43 137 
2
806 18 14 0
806 16 28 0
2
42 205 
2
895 16 16 0
895 18 10 0
2
43 138 
2
807 18 14 0
807 10 20 0
2
42 206 
2
896 16 16 0
896 26 24 0
2
43 139 
2
808 18 14 0
808 12 26 0
2
42 207 
2
897 16 16 0
897 4 10 0
2
43 140 
2
809 18 14 0
809 14 18 0
2
42 208 
2
898 16 16 0
898 32 16 0
2
43 141 
2
810 18 14 0
810 14 20 0
2
42 209 
2
899 16 16 0
899 2 18 0
2
43 142 
2
811 18 14 0
811 8 12 0
2
20 40 
2
879 14 16 0
879 10 16 0
2
21 41 
2
791 20 14 0
791 20 12 0
2
18 38 
2
831 4 18 0
831 4 16 0
2
19 39 
2
761 20 8 0
761 22 8 0
2
16 36 
2
783 4 24 0
783 4 22 0
2
17 37 
2
731 26 4 0
731 24 4 0
2
14 34 
2
653 4 26 0
653 2 24 0
2
15 35 
2
601 26 2 0
601 28 2 0
2
32 34 
2
654 2 28 0
654 2 24 0
2
33 35 
2
602 32 2 0
602 28 2 0
2
246 36 
2
784 34 30 0
784 4 22 0
2
34 36 
2
785 2 24 0
785 4 22 0
2
247 36 
2
786 34 28 0
786 4 22 0
2
14 36 
2
787 4 26 0
787 4 22 0
2
246 36 
2
788 34 30 0
788 4 22 0
2
34 36 
2
789 2 24 0
789 4 22 0
2
244 36 
2
790 34 34 0
790 4 22 0
2
246 37 
2
732 34 30 0
732 24 4 0
2
35 37 
2
733 28 2 0
733 24 4 0
2
247 37 
2
734 34 28 0
734 24 4 0
2
15 37 
2
735 26 2 0
735 24 4 0
2
246 37 
2
736 34 30 0
736 24 4 0
2
35 37 
2
737 28 2 0
737 24 4 0
2
244 37 
2
738 34 34 0
738 24 4 0
2
244 38 
2
832 34 34 0
832 4 16 0
2
36 38 
2
833 4 22 0
833 4 16 0
2
245 38 
2
834 34 32 0
834 4 16 0
2
16 38 
2
835 4 24 0
835 4 16 0
2
244 38 
2
836 34 34 0
836 4 16 0
2
36 38 
2
837 4 22 0
837 4 16 0
2
245 38 
2
838 34 32 0
838 4 16 0
2
245 39 
2
762 34 32 0
762 22 8 0
2
37 39 
2
763 24 4 0
763 22 8 0
2
247 39 
2
764 34 28 0
764 22 8 0
2
17 39 
2
765 26 4 0
765 22 8 0
2
245 39 
2
766 34 32 0
766 22 8 0
2
37 39 
2
767 24 4 0
767 22 8 0
2
248 39 
2
768 34 26 0
768 22 8 0
2
245 40 
2
880 34 32 0
880 10 16 0
2
38 40 
2
881 4 16 0
881 10 16 0
2
244 40 
2
882 34 34 0
882 10 16 0
2
18 40 
2
883 4 18 0
883 10 16 0
2
245 40 
2
884 34 32 0
884 10 16 0
2
38 40 
2
885 4 16 0
885 10 16 0
2
244 40 
2
886 34 34 0
886 10 16 0
2
245 41 
2
792 34 32 0
792 20 12 0
2
39 41 
2
793 22 8 0
793 20 12 0
2
246 41 
2
794 34 30 0
794 20 12 0
2
19 41 
2
795 20 8 0
795 20 12 0
2
248 41 
2
796 34 26 0
796 20 12 0
2
39 41 
2
797 22 8 0
797 20 12 0
2
246 41 
2
798 34 30 0
798 20 12 0
2
246 42 
2
900 34 30 0
900 16 16 0
2
40 42 
2
901 10 16 0
901 16 16 0
2
244 42 
2
902 34 34 0
902 16 16 0
2
20 42 
2
903 14 16 0
903 16 16 0
2
245 42 
2
904 34 32 0
904 16 16 0
2
40 42 
2
905 10 16 0
905 16 16 0
2
244 42 
2
906 34 34 0
906 16 16 0
2
244 43 
2
812 34 34 0
812 18 14 0
2
41 43 
2
813 20 12 0
813 18 14 0
2
245 43 
2
814 34 32 0
814 18 14 0
2
21 43 
2
815 20 14 0
815 18 14 0
2
244 43 
2
816 34 34 0
816 18 14 0
2
41 43 
2
817 20 12 0
817 18 14 0
2
245 43 
2
818 34 32 0
818 18 14 0
2
42 148 
2
907 16 16 0
907 12 30 0
2
43 80 
2
819 18 14 0
819 24 28 0
2
42 165 
2
908 16 16 0
908 4 20 0
2
43 81 
2
820 18 14 0
820 6 6 0
2
42 187 
2
909 16 16 0
909 12 28 0
2
43 82 
2
821 18 14 0
821 28 22 0
2
42 190 
2
910 16 16 0
910 26 16 0
2
43 83 
2
822 18 14 0
822 10 4 0
2
42 192 
2
911 16 16 0
911 18 26 0
2
43 84 
2
823 18 14 0
823 28 24 0
2
42 193 
2
912 16 16 0
912 6 16 0
2
43 85 
2
824 18 14 0
824 30 20 0
2
42 194 
2
913 16 16 0
913 14 22 0
2
43 88 
2
825 18 14 0
825 12 4 0
2
42 195 
2
914 16 16 0
914 10 22 0
2
43 110 
2
826 18 14 0
826 6 20 0
2
42 196 
2
915 16 16 0
915 8 18 0
2
43 127 
2
827 18 14 0
827 12 18 0
2
42 197 
2
916 16 16 0
916 16 22 0
2
43 132 
2
828 18 14 0
828 8 16 0
2
42 198 
2
917 16 16 0
917 16 18 0
2
43 133 
2
829 18 14 0
829 10 12 0
2
42 199 
2
918 16 16 0
918 14 28 0
2
43 134 
2
830 18 14 0
830 16 30 0
2
42 200 
2
919 16 16 0
919 10 18 0
2
43 135 
2
831 18 14 0
831 10 26 0
2
42 201 
2
920 16 16 0
920 18 20 0
2
43 136 
2
832 18 14 0
832 16 26 0
2
42 202 
2
921 16 16 0
921 14 14 0
2
43 137 
2
833 18 14 0
833 16 28 0
2
42 203 
2
922 16 16 0
922 2 14 0
2
43 138 
2
834 18 14 0
834 10 20 0
2
42 204 
2
923 16 16 0
923 20 20 0
2
43 139 
2
835 18 14 0
835 12 26 0
2
42 205 
2
924 16 16 0
924 18 10 0
2
43 140 
2
836 18 14 0
836 14 18 0
2
42 206 
2
925 16 16 0
925 26 24 0
2
43 141 
2
837 18 14 0
837 14 20 0
2
43 142 
2
838 18 14 0
838 8 12 0
2
43 143 
2
839 18 14 0
839 22 24 0
2
40 42 
2
926 10 16 0
926 16 16 0
2
41 43 
2
840 20 12 0
840 18 14 0
2
42 148 
2
927 16 16 0
927 12 30 0
2
43 80 
2
841 18 14 0
841 24 28 0
2
42 165 
2
928 16 16 0
928 4 20 0
2
43 81 
2
842 18 14 0
842 6 6 0
2
42 187 
2
929 16 16 0
929 12 28 0
2
43 82 
2
843 18 14 0
843 28 22 0
2
42 190 
2
930 16 16 0
930 26 16 0
2
43 83 
2
844 18 14 0
844 10 4 0
2
42 192 
2
931 16 16 0
931 18 26 0
2
43 84 
2
845 18 14 0
845 28 24 0
2
42 193 
2
932 16 16 0
932 6 16 0
2
43 85 
2
846 18 14 0
846 30 20 0
2
42 194 
2
933 16 16 0
933 14 22 0
2
43 88 
2
847 18 14 0
847 12 4 0
2
42 195 
2
934 16 16 0
934 10 22 0
2
43 110 
2
848 18 14 0
848 6 20 0
2
42 196 
2
935 16 16 0
935 8 18 0
2
43 127 
2
849 18 14 0
849 12 18 0
2
42 197 
2
936 16 16 0
936 16 22 0
2
43 132 
2
850 18 14 0
850 8 16 0
2
42 198 
2
937 16 16 0
937 16 18 0
2
43 133 
2
851 18 14 0
851 10 12 0
2
42 199 
2
938 16 16 0
938 14 28 0
2
43 134 
2
852 18 14 0
852 16 30 0
2
42 200 
2
939 16 16 0
939 10 18 0
2
43 135 
2
853 18 14 0
853 10 26 0
2
42 201 
2
940 16 16 0
940 18 20 0
2
43 136 
2
854 18 14 0
854 16 26 0
2
42 202 
2
941 16 16 0
941 14 14 0
2
43 137 
2
855 18 14 0
855 16 28 0
2
42 203 
2
942 16 16 0
942 2 14 0
2
43 138 
2
856 18 14 0
856 10 20 0
2
42 204 
2
943 16 16 0
943 20 20 0
2
43 139 
2
857 18 14 0
857 12 26 0
2
42 205 
2
944 16 16 0
944 18 10 0
2
43 140 
2
858 18 14 0
858 14 18 0
2
42 206 
2
945 16 16 0
945 26 24 0
2
43 141 
2
859 18 14 0
859 14 20 0
2
43 142 
2
860 18 14 0
860 8 12 0
2
43 143 
2
861 18 14 0
861 22 24 0
2
20 40 
2
927 14 16 0
927 10 16 0
2
21 41 
2
841 20 14 0
841 20 12 0
2
38 40 
2
928 4 16 0
928 10 16 0
2
39 41 
2
842 22 8 0
842 20 12 0
2
244 42 
2
946 34 34 0
946 16 16 0
2
40 42 
2
947 10 16 0
947 16 16 0
2
245 42 
2
948 34 32 0
948 16 16 0
2
20 42 
2
949 14 16 0
949 16 16 0
2
244 42 
2
950 34 34 0
950 16 16 0
2
40 42 
2
951 10 16 0
951 16 16 0
2
245 42 
2
952 34 32 0
952 16 16 0
2
244 43 
2
862 34 34 0
862 18 14 0
2
41 43 
2
863 20 12 0
863 18 14 0
2
245 43 
2
864 34 32 0
864 18 14 0
2
21 43 
2
865 20 14 0
865 18 14 0
2
244 43 
2
866 34 34 0
866 18 14 0
2
41 43 
2
867 20 12 0
867 18 14 0
2
245 43 
2
868 34 32 0
868 18 14 0
2
42 165 
2
953 16 16 0
953 4 20 0
2
43 142 
2
869 18 14 0
869 8 12 0
2
42 187 
2
954 16 16 0
954 12 28 0
2
43 143 
2
870 18 14 0
870 22 24 0
2
42 190 
2
955 16 16 0
955 26 16 0
2
43 144 
2
871 18 14 0
871 24 18 0
2
42 192 
2
956 16 16 0
956 18 26 0
2
42 193 
2
957 16 16 0
957 6 16 0
2
42 194 
2
958 16 16 0
958 14 22 0
2
42 195 
2
959 16 16 0
959 10 22 0
2
42 196 
2
960 16 16 0
960 8 18 0
2
42 197 
2
961 16 16 0
961 16 22 0
2
42 198 
2
962 16 16 0
962 16 18 0
2
42 199 
2
963 16 16 0
963 14 28 0
2
42 200 
2
964 16 16 0
964 10 18 0
2
42 201 
2
965 16 16 0
965 18 20 0
2
42 202 
2
966 16 16 0
966 14 14 0
2
42 203 
2
967 16 16 0
967 2 14 0
2
42 204 
2
968 16 16 0
968 20 20 0
2
42 205 
2
969 16 16 0
969 18 10 0
2
42 206 
2
970 16 16 0
970 26 24 0
2
42 207 
2
971 16 16 0
971 4 10 0
2
40 42 
2
972 10 16 0
972 16 16 0
2
41 43 
2
872 20 12 0
872 18 14 0
2
42 165 
2
973 16 16 0
973 4 20 0
2
43 142 
2
873 18 14 0
873 8 12 0
2
42 187 
2
974 16 16 0
974 12 28 0
2
43 143 
2
874 18 14 0
874 22 24 0
2
42 190 
2
975 16 16 0
975 26 16 0
2
43 144 
2
875 18 14 0
875 24 18 0
2
42 192 
2
976 16 16 0
976 18 26 0
2
42 193 
2
977 16 16 0
977 6 16 0
2
42 194 
2
978 16 16 0
978 14 22 0
2
42 195 
2
979 16 16 0
979 10 22 0
2
42 196 
2
980 16 16 0
980 8 18 0
2
42 197 
2
981 16 16 0
981 16 22 0
2
42 198 
2
982 16 16 0
982 16 18 0
2
42 199 
2
983 16 16 0
983 14 28 0
2
42 200 
2
984 16 16 0
984 10 18 0
2
42 201 
2
985 16 16 0
985 18 20 0
2
42 202 
2
986 16 16 0
986 14 14 0
2
42 203 
2
987 16 16 0
987 2 14 0
2
42 204 
2
988 16 16 0
988 20 20 0
2
42 205 
2
989 16 16 0
989 18 10 0
2
42 206 
2
990 16 16 0
990 26 24 0
2
42 207 
2
991 16 16 0
991 4 10 0
2
20 40 
2
973 14 16 0
973 10 16 0
2
21 41 
2
873 20 14 0
873 20 12 0
2
18 38 
2
929 4 18 0
929 4 16 0
2
19 39 
2
843 20 8 0
843 22 8 0
2
36 38 
2
930 4 22 0
930 4 16 0
2
37 39 
2
844 24 4 0
844 22 8 0
2
244 40 
2
974 34 34 0
974 10 16 0
2
38 40 
2
975 4 16 0
975 10 16 0
2
245 40 
2
976 34 32 0
976 10 16 0
2
18 40 
2
977 4 18 0
977 10 16 0
2
244 40 
2
978 34 34 0
978 10 16 0
2
38 40 
2
979 4 16 0
979 10 16 0
2
245 40 
2
980 34 32 0
980 10 16 0
2
244 41 
2
874 34 34 0
874 20 12 0
2
39 41 
2
875 22 8 0
875 20 12 0
2
245 41 
2
876 34 32 0
876 20 12 0
2
19 41 
2
877 20 8 0
877 20 12 0
2
244 41 
2
878 34 34 0
878 20 12 0
2
39 41 
2
879 22 8 0
879 20 12 0
2
246 41 
2
880 34 30 0
880 20 12 0
2
244 42 
2
992 34 34 0
992 16 16 0
2
40 42 
2
993 10 16 0
993 16 16 0
2
245 42 
2
994 34 32 0
994 16 16 0
2
20 42 
2
995 14 16 0
995 16 16 0
2
244 42 
2
996 34 34 0
996 16 16 0
2
40 42 
2
997 10 16 0
997 16 16 0
2
245 42 
2
998 34 32 0
998 16 16 0
2
246 43 
2
876 34 30 0
876 18 14 0
2
41 43 
2
881 20 12 0
881 18 14 0
2
247 43 
2
882 34 28 0
882 18 14 0
2
21 43 
2
883 20 14 0
883 18 14 0
2
246 43 
2
884 34 30 0
884 18 14 0
2
41 43 
2
885 20 12 0
885 18 14 0
2
247 43 
2
886 34 28 0
886 18 14 0
2
42 187 
2
999 16 16 0
999 12 28 0
2
43 143 
2
887 18 14 0
887 22 24 0
2
42 190 
2
1000 16 16 0
1000 26 16 0
2
43 144 
2
888 18 14 0
888 24 18 0
2
42 192 
2
1001 16 16 0
1001 18 26 0
2
43 145 
2
889 18 14 0
889 22 10 0
2
40 42 
2
1002 10 16 0
1002 16 16 0
2
41 43 
2
890 20 12 0
890 18 14 0
2
42 187 
2
1003 16 16 0
1003 12 28 0
2
43 143 
2
891 18 14 0
891 22 24 0
2
42 190 
2
1004 16 16 0
1004 26 16 0
2
43 144 
2
892 18 14 0
892 24 18 0
2
42 192 
2
1005 16 16 0
1005 18 26 0
2
43 145 
2
893 18 14 0
893 22 10 0
2
20 40 
2
1003 14 16 0
1003 10 16 0
2
21 41 
2
891 20 14 0
891 20 12 0
2
38 40 
2
1004 4 16 0
1004 10 16 0
2
39 41 
2
892 22 8 0
892 20 12 0
2
244 42 
2
1006 34 34 0
1006 16 16 0
2
40 42 
2
1007 10 16 0
1007 16 16 0
2
246 42 
2
1008 34 30 0
1008 16 16 0
2
20 42 
2
1009 14 16 0
1009 16 16 0
2
244 42 
2
1010 34 34 0
1010 16 16 0
2
40 42 
2
1011 10 16 0
1011 16 16 0
2
246 42 
2
1012 34 30 0
1012 16 16 0
2
244 43 
2
894 34 34 0
894 18 14 0
2
41 43 
2
895 20 12 0
895 18 14 0
2
246 43 
2
896 34 30 0
896 18 14 0
2
21 43 
2
897 20 14 0
897 18 14 0
2
244 43 
2
898 34 34 0
898 18 14 0
2
41 43 
2
899 20 12 0
899 18 14 0
2
247 43 
2
900 34 28 0
900 18 14 0
2
42 190 
2
1013 16 16 0
1013 26 16 0
2
43 142 
2
901 18 14 0
901 8 12 0
2
42 192 
2
1014 16 16 0
1014 18 26 0
2
43 143 
2
902 18 14 0
902 22 24 0
2
42 193 
2
1015 16 16 0
1015 6 16 0
2
43 144 
2
903 18 14 0
903 24 18 0
2
43 145 
2
904 18 14 0
904 22 10 0
2
43 146 
2
905 18 14 0
905 30 12 0
2
43 147 
2
906 18 14 0
906 4 8 0
2
43 148 
2
928 18 14 0
928 12 30 0
2
43 165 
2
974 18 14 0
974 4 20 0
2
43 187 
2
1004 18 14 0
1004 12 28 0
2
43 190 
2
1014 18 14 0
1014 26 16 0
2
43 192 
2
1015 18 14 0
1015 18 26 0
2
43 193 
2
1016 18 14 0
1016 6 16 0
2
43 194 
2
1017 18 14 0
1017 14 22 0
2
43 195 
2
1018 18 14 0
1018 10 22 0
2
43 196 
2
1019 18 14 0
1019 8 18 0
2
43 197 
2
1020 18 14 0
1020 16 22 0
2
43 198 
2
1021 18 14 0
1021 16 18 0
2
43 199 
2
1022 18 14 0
1022 14 28 0
2
43 200 
2
1023 18 14 0
1023 10 18 0
2
43 201 
2
1024 18 14 0
1024 18 20 0
2
43 202 
2
1025 18 14 0
1025 14 14 0
2
40 42 
2
1016 10 16 0
1016 16 16 0
2
41 43 
2
1026 20 12 0
1026 18 14 0
2
42 190 
2
1017 16 16 0
1017 26 16 0
2
43 142 
2
1027 18 14 0
1027 8 12 0
2
42 192 
2
1018 16 16 0
1018 18 26 0
2
43 143 
2
1028 18 14 0
1028 22 24 0
2
42 193 
2
1019 16 16 0
1019 6 16 0
2
43 144 
2
1029 18 14 0
1029 24 18 0
2
43 145 
2
1030 18 14 0
1030 22 10 0
2
43 146 
2
1031 18 14 0
1031 30 12 0
2
43 147 
2
1032 18 14 0
1032 4 8 0
2
43 148 
2
1033 18 14 0
1033 12 30 0
2
43 165 
2
1034 18 14 0
1034 4 20 0
2
43 187 
2
1035 18 14 0
1035 12 28 0
2
43 190 
2
1036 18 14 0
1036 26 16 0
2
43 192 
2
1037 18 14 0
1037 18 26 0
2
43 193 
2
1038 18 14 0
1038 6 16 0
2
43 194 
2
1039 18 14 0
1039 14 22 0
2
43 195 
2
1040 18 14 0
1040 10 22 0
2
43 196 
2
1041 18 14 0
1041 8 18 0
2
43 197 
2
1042 18 14 0
1042 16 22 0
2
43 198 
2
1043 18 14 0
1043 16 18 0
2
43 199 
2
1044 18 14 0
1044 14 28 0
2
43 200 
2
1045 18 14 0
1045 10 18 0
2
43 201 
2
1046 18 14 0
1046 18 20 0
2
43 202 
2
1047 18 14 0
1047 14 14 0
2
20 40 
2
1017 14 16 0
1017 10 16 0
2
21 41 
2
1027 20 14 0
1027 20 12 0
2
18 38 
2
1005 4 18 0
1005 4 16 0
2
19 39 
2
893 20 8 0
893 22 8 0
2
16 36 
2
931 4 24 0
931 4 22 0
2
17 37 
2
845 26 4 0
845 24 4 0
2
34 36 
2
932 2 24 0
932 4 22 0
2
35 37 
2
846 28 2 0
846 24 4 0
2
245 38 
2
1006 34 32 0
1006 4 16 0
2
36 38 
2
1007 4 22 0
1007 4 16 0
2
247 38 
2
1008 34 28 0
1008 4 16 0
2
16 38 
2
1009 4 24 0
1009 4 16 0
2
245 38 
2
1010 34 32 0
1010 4 16 0
2
36 38 
2
1011 4 22 0
1011 4 16 0
2
247 38 
2
1012 34 28 0
1012 4 16 0
2
245 39 
2
894 34 32 0
894 22 8 0
2
37 39 
2
895 24 4 0
895 22 8 0
2
247 39 
2
896 34 28 0
896 22 8 0
2
17 39 
2
897 26 4 0
897 22 8 0
2
245 39 
2
898 34 32 0
898 22 8 0
2
37 39 
2
899 24 4 0
899 22 8 0
2
248 39 
2
900 34 26 0
900 22 8 0
2
244 40 
2
1018 34 34 0
1018 10 16 0
2
38 40 
2
1019 4 16 0
1019 10 16 0
2
245 40 
2
1020 34 32 0
1020 10 16 0
2
18 40 
2
1021 4 18 0
1021 10 16 0
2
244 40 
2
1022 34 34 0
1022 10 16 0
2
38 40 
2
1023 4 16 0
1023 10 16 0
2
245 40 
2
1024 34 32 0
1024 10 16 0
2
245 41 
2
1028 34 32 0
1028 20 12 0
2
39 41 
2
1029 22 8 0
1029 20 12 0
2
244 41 
2
1030 34 34 0
1030 20 12 0
2
19 41 
2
1031 20 8 0
1031 20 12 0
2
245 41 
2
1032 34 32 0
1032 20 12 0
2
39 41 
2
1033 22 8 0
1033 20 12 0
2
244 41 
2
1034 34 34 0
1034 20 12 0
2
246 42 
2
1020 34 30 0
1020 16 16 0
2
40 42 
2
1025 10 16 0
1025 16 16 0
2
244 42 
2
1026 34 34 0
1026 16 16 0
2
20 42 
2
1027 14 16 0
1027 16 16 0
2
246 42 
2
1028 34 30 0
1028 16 16 0
2
40 42 
2
1029 10 16 0
1029 16 16 0
2
247 42 
2
1030 34 28 0
1030 16 16 0
2
244 43 
2
1048 34 34 0
1048 18 14 0
2
41 43 
2
1049 20 12 0
1049 18 14 0
2
245 43 
2
1050 34 32 0
1050 18 14 0
2
21 43 
2
1051 20 14 0
1051 18 14 0
2
244 43 
2
1052 34 34 0
1052 18 14 0
2
41 43 
2
1053 20 12 0
1053 18 14 0
2
245 43 
2
1054 34 32 0
1054 18 14 0
2
42 187 
2
1036 16 16 0
1036 12 28 0
2
43 143 
2
1055 18 14 0
1055 22 24 0
2
42 190 
2
1037 16 16 0
1037 26 16 0
2
43 144 
2
1056 18 14 0
1056 24 18 0
2
42 192 
2
1038 16 16 0
1038 18 26 0
2
43 145 
2
1057 18 14 0
1057 22 10 0
2
42 193 
2
1039 16 16 0
1039 6 16 0
2
43 146 
2
1058 18 14 0
1058 30 12 0
2
42 194 
2
1040 16 16 0
1040 14 22 0
2
43 147 
2
1059 18 14 0
1059 4 8 0
2
42 195 
2
1041 16 16 0
1041 10 22 0
2
43 148 
2
1060 18 14 0
1060 12 30 0
2
42 196 
2
1042 16 16 0
1042 8 18 0
2
43 165 
2
1061 18 14 0
1061 4 20 0
2
42 197 
2
1043 16 16 0
1043 16 22 0
2
43 187 
2
1062 18 14 0
1062 12 28 0
2
42 198 
2
1044 16 16 0
1044 16 18 0
2
43 190 
2
1063 18 14 0
1063 26 16 0
2
42 199 
2
1045 16 16 0
1045 14 28 0
2
43 192 
2
1064 18 14 0
1064 18 26 0
2
42 200 
2
1046 16 16 0
1046 10 18 0
2
43 193 
2
1065 18 14 0
1065 6 16 0
2
42 201 
2
1047 16 16 0
1047 18 20 0
2
43 194 
2
1066 18 14 0
1066 14 22 0
2
42 202 
2
1048 16 16 0
1048 14 14 0
2
43 195 
2
1067 18 14 0
1067 10 22 0
2
42 203 
2
1049 16 16 0
1049 2 14 0
2
43 196 
2
1068 18 14 0
1068 8 18 0
2
42 204 
2
1050 16 16 0
1050 20 20 0
2
43 197 
2
1069 18 14 0
1069 16 22 0
2
42 205 
2
1051 16 16 0
1051 18 10 0
2
43 198 
2
1070 18 14 0
1070 16 18 0
2
42 206 
2
1052 16 16 0
1052 26 24 0
2
43 199 
2
1071 18 14 0
1071 14 28 0
2
42 207 
2
1053 16 16 0
1053 4 10 0
2
43 200 
2
1072 18 14 0
1072 10 18 0
2
42 208 
2
1054 16 16 0
1054 32 16 0
2
43 201 
2
1073 18 14 0
1073 18 20 0
2
42 209 
2
1055 16 16 0
1055 2 18 0
2
43 202 
2
1074 18 14 0
1074 14 14 0
2
42 210 
2
1056 16 16 0
1056 8 24 0
2
43 203 
2
1075 18 14 0
1075 2 14 0
2
40 42 
2
1057 10 16 0
1057 16 16 0
2
41 43 
2
1076 20 12 0
1076 18 14 0
2
42 187 
2
1063 16 16 0
1063 12 28 0
2
43 143 
2
1077 18 14 0
1077 22 24 0
2
42 190 
2
1064 16 16 0
1064 26 16 0
2
43 144 
2
1078 18 14 0
1078 24 18 0
2
42 192 
2
1065 16 16 0
1065 18 26 0
2
43 145 
2
1079 18 14 0
1079 22 10 0
2
42 193 
2
1066 16 16 0
1066 6 16 0
2
43 146 
2
1080 18 14 0
1080 30 12 0
2
42 194 
2
1067 16 16 0
1067 14 22 0
2
43 147 
2
1081 18 14 0
1081 4 8 0
2
42 195 
2
1068 16 16 0
1068 10 22 0
2
43 148 
2
1082 18 14 0
1082 12 30 0
2
42 196 
2
1069 16 16 0
1069 8 18 0
2
43 165 
2
1083 18 14 0
1083 4 20 0
2
42 197 
2
1070 16 16 0
1070 16 22 0
2
43 187 
2
1084 18 14 0
1084 12 28 0
2
42 198 
2
1071 16 16 0
1071 16 18 0
2
43 190 
2
1085 18 14 0
1085 26 16 0
2
42 199 
2
1072 16 16 0
1072 14 28 0
2
43 192 
2
1086 18 14 0
1086 18 26 0
2
42 200 
2
1073 16 16 0
1073 10 18 0
2
43 193 
2
1087 18 14 0
1087 6 16 0
2
42 201 
2
1074 16 16 0
1074 18 20 0
2
43 194 
2
1088 18 14 0
1088 14 22 0
2
42 202 
2
1075 16 16 0
1075 14 14 0
2
43 195 
2
1089 18 14 0
1089 10 22 0
2
42 203 
2
1076 16 16 0
1076 2 14 0
2
43 196 
2
1090 18 14 0
1090 8 18 0
2
42 204 
2
1077 16 16 0
1077 20 20 0
2
43 197 
2
1091 18 14 0
1091 16 22 0
2
42 205 
2
1078 16 16 0
1078 18 10 0
2
43 198 
2
1092 18 14 0
1092 16 18 0
2
42 206 
2
1079 16 16 0
1079 26 24 0
2
43 199 
2
1093 18 14 0
1093 14 28 0
2
42 207 
2
1080 16 16 0
1080 4 10 0
2
43 200 
2
1094 18 14 0
1094 10 18 0
2
42 208 
2
1081 16 16 0
1081 32 16 0
2
43 201 
2
1095 18 14 0
1095 18 20 0
2
42 209 
2
1082 16 16 0
1082 2 18 0
2
43 202 
2
1096 18 14 0
1096 14 14 0
2
42 210 
2
1083 16 16 0
1083 8 24 0
2
43 203 
2
1097 18 14 0
1097 2 14 0
2
20 40 
2
1058 14 16 0
1058 10 16 0
2
21 41 
2
1077 20 14 0
1077 20 12 0
2
38 40 
2
1059 4 16 0
1059 10 16 0
2
39 41 
2
1078 22 8 0
1078 20 12 0
2
245 42 
2
1084 34 32 0
1084 16 16 0
2
40 42 
2
1085 10 16 0
1085 16 16 0
2
244 42 
2
1086 34 34 0
1086 16 16 0
2
20 42 
2
1087 14 16 0
1087 16 16 0
2
245 42 
2
1088 34 32 0
1088 16 16 0
2
40 42 
2
1089 10 16 0
1089 16 16 0
2
244 42 
2
1090 34 34 0
1090 16 16 0
2
244 43 
2
1098 34 34 0
1098 18 14 0
2
41 43 
2
1099 20 12 0
1099 18 14 0
2
245 43 
2
1100 34 32 0
1100 18 14 0
2
21 43 
2
1101 20 14 0
1101 18 14 0
2
244 43 
2
1102 34 34 0
1102 18 14 0
2
41 43 
2
1103 20 12 0
1103 18 14 0
2
245 43 
2
1104 34 32 0
1104 18 14 0
2
42 190 
2
1091 16 16 0
1091 26 16 0
2
43 202 
2
1105 18 14 0
1105 14 14 0
2
42 192 
2
1092 16 16 0
1092 18 26 0
2
43 203 
2
1106 18 14 0
1106 2 14 0
2
42 193 
2
1093 16 16 0
1093 6 16 0
2
43 204 
2
1107 18 14 0
1107 20 20 0
2
42 194 
2
1094 16 16 0
1094 14 22 0
2
42 195 
2
1095 16 16 0
1095 10 22 0
2
42 196 
2
1096 16 16 0
1096 8 18 0
2
42 197 
2
1097 16 16 0
1097 16 22 0
2
42 198 
2
1098 16 16 0
1098 16 18 0
2
42 199 
2
1099 16 16 0
1099 14 28 0
2
42 200 
2
1100 16 16 0
1100 10 18 0
2
42 201 
2
1101 16 16 0
1101 18 20 0
2
42 202 
2
1106 16 16 0
1106 14 14 0
2
42 203 
2
1107 16 16 0
1107 2 14 0
2
42 204 
2
1108 16 16 0
1108 20 20 0
2
42 205 
2
1109 16 16 0
1109 18 10 0
2
42 206 
2
1110 16 16 0
1110 26 24 0
2
42 207 
2
1111 16 16 0
1111 4 10 0
2
42 208 
2
1112 16 16 0
1112 32 16 0
2
42 209 
2
1113 16 16 0
1113 2 18 0
2
42 210 
2
1114 16 16 0
1114 8 24 0
2
42 211 
2
1115 16 16 0
1115 6 18 0
2
40 42 
2
1116 10 16 0
1116 16 16 0
2
41 43 
2
1108 20 12 0
1108 18 14 0
2
42 190 
2
1117 16 16 0
1117 26 16 0
2
43 202 
2
1109 18 14 0
1109 14 14 0
2
42 192 
2
1118 16 16 0
1118 18 26 0
2
43 203 
2
1110 18 14 0
1110 2 14 0
2
42 193 
2
1119 16 16 0
1119 6 16 0
2
43 204 
2
1111 18 14 0
1111 20 20 0
2
42 194 
2
1120 16 16 0
1120 14 22 0
2
42 195 
2
1121 16 16 0
1121 10 22 0
2
42 196 
2
1122 16 16 0
1122 8 18 0
2
42 197 
2
1123 16 16 0
1123 16 22 0
2
42 198 
2
1124 16 16 0
1124 16 18 0
2
42 199 
2
1125 16 16 0
1125 14 28 0
2
42 200 
2
1126 16 16 0
1126 10 18 0
2
42 201 
2
1127 16 16 0
1127 18 20 0
2
42 202 
2
1128 16 16 0
1128 14 14 0
2
42 203 
2
1129 16 16 0
1129 2 14 0
2
42 204 
2
1130 16 16 0
1130 20 20 0
2
42 205 
2
1131 16 16 0
1131 18 10 0
2
42 206 
2
1132 16 16 0
1132 26 24 0
2
42 207 
2
1133 16 16 0
1133 4 10 0
2
42 208 
2
1134 16 16 0
1134 32 16 0
2
42 209 
2
1135 16 16 0
1135 2 18 0
2
42 210 
2
1136 16 16 0
1136 8 24 0
2
42 211 
2
1137 16 16 0
1137 6 18 0
2
20 40 
2
1117 14 16 0
1117 10 16 0
2
21 41 
2
1109 20 14 0
1109 20 12 0
2
18 38 
2
1060 4 18 0
1060 4 16 0
2
19 39 
2
1079 20 8 0
1079 22 8 0
2
36 38 
2
1061 4 22 0
1061 4 16 0
2
37 39 
2
1080 24 4 0
1080 22 8 0
2
244 40 
2
1118 34 34 0
1118 10 16 0
2
38 40 
2
1119 4 16 0
1119 10 16 0
2
245 40 
2
1120 34 32 0
1120 10 16 0
2
18 40 
2
1121 4 18 0
1121 10 16 0
2
244 40 
2
1122 34 34 0
1122 10 16 0
2
38 40 
2
1123 4 16 0
1123 10 16 0
2
245 40 
2
1124 34 32 0
1124 10 16 0
2
244 41 
2
1110 34 34 0
1110 20 12 0
2
39 41 
2
1111 22 8 0
1111 20 12 0
2
245 41 
2
1112 34 32 0
1112 20 12 0
2
19 41 
2
1113 20 8 0
1113 20 12 0
2
244 41 
2
1114 34 34 0
1114 20 12 0
2
39 41 
2
1115 22 8 0
1115 20 12 0
2
245 41 
2
1116 34 32 0
1116 20 12 0
2
246 42 
2
1138 34 30 0
1138 16 16 0
2
40 42 
2
1139 10 16 0
1139 16 16 0
2
244 42 
2
1140 34 34 0
1140 16 16 0
2
20 42 
2
1141 14 16 0
1141 16 16 0
2
247 42 
2
1142 34 28 0
1142 16 16 0
2
40 42 
2
1143 10 16 0
1143 16 16 0
2
245 42 
2
1144 34 32 0
1144 16 16 0
2
246 43 
2
1112 34 30 0
1112 18 14 0
2
41 43 
2
1117 20 12 0
1117 18 14 0
2
246 43 
2
1118 34 30 0
1118 18 14 0
2
21 43 
2
1119 20 14 0
1119 18 14 0
2
247 43 
2
1120 34 28 0
1120 18 14 0
2
41 43 
2
1121 20 12 0
1121 18 14 0
2
246 43 
2
1122 34 30 0
1122 18 14 0
2
42 208 
2
1145 16 16 0
1145 32 16 0
2
43 203 
2
1130 18 14 0
1130 2 14 0
2
42 209 
2
1146 16 16 0
1146 2 18 0
2
43 204 
2
1131 18 14 0
1131 20 20 0
2
42 210 
2
1147 16 16 0
1147 8 24 0
2
43 205 
2
1132 18 14 0
1132 18 10 0
2
40 42 
2
1148 10 16 0
1148 16 16 0
2
41 43 
2
1133 20 12 0
1133 18 14 0
2
42 208 
2
1149 16 16 0
1149 32 16 0
2
43 203 
2
1134 18 14 0
1134 2 14 0
2
42 209 
2
1150 16 16 0
1150 2 18 0
2
43 204 
2
1135 18 14 0
1135 20 20 0
2
42 210 
2
1151 16 16 0
1151 8 24 0
2
43 205 
2
1136 18 14 0
1136 18 10 0
2
20 40 
2
1149 14 16 0
1149 10 16 0
2
21 41 
2
1134 20 14 0
1134 20 12 0
2
38 40 
2
1150 4 16 0
1150 10 16 0
2
39 41 
2
1135 22 8 0
1135 20 12 0
2
244 42 
2
1152 34 34 0
1152 16 16 0
2
40 42 
2
1153 10 16 0
1153 16 16 0
2
246 42 
2
1154 34 30 0
1154 16 16 0
2
20 42 
2
1155 14 16 0
1155 16 16 0
2
244 42 
2
1156 34 34 0
1156 16 16 0
2
40 42 
2
1157 10 16 0
1157 16 16 0
2
246 42 
2
1158 34 30 0
1158 16 16 0
2
244 43 
2
1137 34 34 0
1137 18 14 0
2
41 43 
2
1138 20 12 0
1138 18 14 0
2
247 43 
2
1139 34 28 0
1139 18 14 0
2
21 43 
2
1140 20 14 0
1140 18 14 0
2
245 43 
2
1141 34 32 0
1141 18 14 0
2
41 43 
2
1142 20 12 0
1142 18 14 0
2
244 43 
2
1143 34 34 0
1143 18 14 0
2
42 209 
2
1159 16 16 0
1159 2 18 0
2
43 202 
2
1144 18 14 0
1144 14 14 0
2
42 210 
2
1160 16 16 0
1160 8 24 0
2
43 203 
2
1145 18 14 0
1145 2 14 0
2
42 211 
2
1161 16 16 0
1161 6 18 0
2
43 204 
2
1146 18 14 0
1146 20 20 0
2
43 205 
2
1147 18 14 0
1147 18 10 0
2
43 206 
2
1148 18 14 0
1148 26 24 0
2
43 207 
2
1149 18 14 0
1149 4 10 0
2
43 208 
2
1150 18 14 0
1150 32 16 0
2
43 209 
2
1160 18 14 0
1160 2 18 0
2
43 210 
2
1161 18 14 0
1161 8 24 0
2
43 211 
2
1162 18 14 0
1162 6 18 0
2
43 212 
2
1163 18 14 0
1163 16 24 0
2
43 213 
2
1164 18 14 0
1164 16 32 0
2
43 214 
2
1165 18 14 0
1165 12 20 0
2
43 215 
2
1166 18 14 0
1166 18 16 0
2
43 216 
2
1167 18 14 0
1167 8 20 0
2
43 217 
2
1168 18 14 0
1168 14 26 0
2
43 218 
2
1169 18 14 0
1169 10 24 0
2
43 219 
2
1170 18 14 0
1170 24 24 0
2
43 220 
2
1171 18 14 0
1171 12 24 0
2
43 221 
2
1172 18 14 0
1172 6 22 0
2
43 222 
2
1173 18 14 0
1173 6 14 0
2
40 42 
2
1162 10 16 0
1162 16 16 0
2
41 43 
2
1174 20 12 0
1174 18 14 0
2
42 209 
2
1163 16 16 0
1163 2 18 0
2
43 202 
2
1175 18 14 0
1175 14 14 0
2
42 210 
2
1164 16 16 0
1164 8 24 0
2
43 203 
2
1176 18 14 0
1176 2 14 0
2
42 211 
2
1165 16 16 0
1165 6 18 0
2
43 204 
2
1177 18 14 0
1177 20 20 0
2
43 205 
2
1178 18 14 0
1178 18 10 0
2
43 206 
2
1179 18 14 0
1179 26 24 0
2
43 207 
2
1180 18 14 0
1180 4 10 0
2
43 208 
2
1181 18 14 0
1181 32 16 0
2
43 209 
2
1182 18 14 0
1182 2 18 0
2
43 210 
2
1183 18 14 0
1183 8 24 0
2
43 211 
2
1184 18 14 0
1184 6 18 0
2
43 212 
2
1185 18 14 0
1185 16 24 0
2
43 213 
2
1186 18 14 0
1186 16 32 0
2
43 214 
2
1187 18 14 0
1187 12 20 0
2
43 215 
2
1188 18 14 0
1188 18 16 0
2
43 216 
2
1189 18 14 0
1189 8 20 0
2
43 217 
2
1190 18 14 0
1190 14 26 0
2
43 218 
2
1191 18 14 0
1191 10 24 0
2
43 219 
2
1192 18 14 0
1192 24 24 0
2
43 220 
2
1193 18 14 0
1193 12 24 0
2
43 221 
2
1194 18 14 0
1194 6 22 0
2
43 222 
2
1195 18 14 0
1195 6 14 0
2
20 40 
2
1163 14 16 0
1163 10 16 0
2
21 41 
2
1175 20 14 0
1175 20 12 0
2
18 38 
2
1151 4 18 0
1151 4 16 0
2
19 39 
2
1136 20 8 0
1136 22 8 0
2
16 36 
2
1062 4 24 0
1062 4 22 0
2
17 37 
2
1081 26 4 0
1081 24 4 0
2
14 34 
2
933 4 26 0
933 2 24 0
2
15 35 
2
847 26 2 0
847 28 2 0
2
12 32 
2
655 2 26 0
655 2 28 0
2
13 33 
2
603 30 2 0
603 32 2 0
2
10 30 
2
77 6 28 0
77 4 28 0
2
11 31 
2
77 32 4 0
77 32 6 0
2
28 30 
2
78 4 30 0
78 4 28 0
2
29 31 
2
78 32 26 0
78 32 6 0
2
247 32 
2
656 34 28 0
656 2 28 0
2
30 32 
2
657 4 28 0
657 2 28 0
2
245 32 
2
658 34 32 0
658 2 28 0
2
10 32 
2
659 6 28 0
659 2 28 0
2
244 32 
2
660 34 34 0
660 2 28 0
2
30 32 
2
661 4 28 0
661 2 28 0
2
246 32 
2
662 34 30 0
662 2 28 0
2
246 33 
2
604 34 30 0
604 32 2 0
2
31 33 
2
605 32 6 0
605 32 2 0
2
244 33 
2
606 34 34 0
606 32 2 0
2
11 33 
2
607 32 4 0
607 32 2 0
2
245 33 
2
608 34 32 0
608 32 2 0
2
31 33 
2
609 32 6 0
609 32 2 0
2
244 33 
2
610 34 34 0
610 32 2 0
2
244 34 
2
934 34 34 0
934 2 24 0
2
32 34 
2
935 2 28 0
935 2 24 0
2
245 34 
2
936 34 32 0
936 2 24 0
2
12 34 
2
937 2 26 0
937 2 24 0
2
244 34 
2
938 34 34 0
938 2 24 0
2
32 34 
2
939 2 28 0
939 2 24 0
2
245 34 
2
940 34 32 0
940 2 24 0
2
244 35 
2
848 34 34 0
848 28 2 0
2
33 35 
2
849 32 2 0
849 28 2 0
2
246 35 
2
850 34 30 0
850 28 2 0
2
13 35 
2
851 30 2 0
851 28 2 0
2
247 35 
2
852 34 28 0
852 28 2 0
2
33 35 
2
853 32 2 0
853 28 2 0
2
246 35 
2
854 34 30 0
854 28 2 0
2
244 36 
2
1063 34 34 0
1063 4 22 0
2
34 36 
2
1064 2 24 0
1064 4 22 0
2
245 36 
2
1065 34 32 0
1065 4 22 0
2
14 36 
2
1066 4 26 0
1066 4 22 0
2
244 36 
2
1067 34 34 0
1067 4 22 0
2
34 36 
2
1068 2 24 0
1068 4 22 0
2
245 36 
2
1069 34 32 0
1069 4 22 0
2
244 37 
2
1082 34 34 0
1082 24 4 0
2
35 37 
2
1083 28 2 0
1083 24 4 0
2
246 37 
2
1084 34 30 0
1084 24 4 0
2
15 37 
2
1085 26 2 0
1085 24 4 0
2
247 37 
2
1086 34 28 0
1086 24 4 0
2
35 37 
2
1087 28 2 0
1087 24 4 0
2
246 37 
2
1088 34 30 0
1088 24 4 0
2
245 38 
2
1152 34 32 0
1152 4 16 0
2
36 38 
2
1153 4 22 0
1153 4 16 0
2
247 38 
2
1154 34 28 0
1154 4 16 0
2
16 38 
2
1155 4 24 0
1155 4 16 0
2
245 38 
2
1156 34 32 0
1156 4 16 0
2
36 38 
2
1157 4 22 0
1157 4 16 0
2
247 38 
2
1158 34 28 0
1158 4 16 0
2
245 39 
2
1137 34 32 0
1137 22 8 0
2
37 39 
2
1138 24 4 0
1138 22 8 0
2
248 39 
2
1139 34 26 0
1139 22 8 0
2
17 39 
2
1140 26 4 0
1140 22 8 0
2
246 39 
2
1141 34 30 0
1141 22 8 0
2
37 39 
2
1142 24 4 0
1142 22 8 0
2
248 39 
2
1143 34 26 0
1143 22 8 0
2
244 40 
2
1164 34 34 0
1164 10 16 0
2
38 40 
2
1165 4 16 0
1165 10 16 0
2
245 40 
2
1166 34 32 0
1166 10 16 0
2
18 40 
2
1167 4 18 0
1167 10 16 0
2
244 40 
2
1168 34 34 0
1168 10 16 0
2
38 40 
2
1169 4 16 0
1169 10 16 0
2
245 40 
2
1170 34 32 0
1170 10 16 0
2
244 41 
2
1176 34 34 0
1176 20 12 0
2
39 41 
2
1177 22 8 0
1177 20 12 0
2
245 41 
2
1178 34 32 0
1178 20 12 0
2
19 41 
2
1179 20 8 0
1179 20 12 0
2
244 41 
2
1180 34 34 0
1180 20 12 0
2
39 41 
2
1181 22 8 0
1181 20 12 0
2
245 41 
2
1182 34 32 0
1182 20 12 0
2
246 42 
2
1166 34 30 0
1166 16 16 0
2
40 42 
2
1171 10 16 0
1171 16 16 0
2
244 42 
2
1172 34 34 0
1172 16 16 0
2
20 42 
2
1173 14 16 0
1173 16 16 0
2
245 42 
2
1174 34 32 0
1174 16 16 0
2
40 42 
2
1175 10 16 0
1175 16 16 0
2
246 42 
2
1176 34 30 0
1176 16 16 0
2
244 43 
2
1196 34 34 0
1196 18 14 0
2
41 43 
2
1197 20 12 0
1197 18 14 0
2
245 43 
2
1198 34 32 0
1198 18 14 0
2
21 43 
2
1199 20 14 0
1199 18 14 0
2
244 43 
2
1200 34 34 0
1200 18 14 0
2
41 43 
2
1201 20 12 0
1201 18 14 0
2
245 43 
2
1202 34 32 0
1202 18 14 0
2
42 208 
2
1182 16 16 0
1182 32 16 0
2
43 203 
2
1203 18 14 0
1203 2 14 0
2
42 209 
2
1183 16 16 0
1183 2 18 0
2
43 204 
2
1204 18 14 0
1204 20 20 0
2
42 210 
2
1184 16 16 0
1184 8 24 0
2
43 205 
2
1205 18 14 0
1205 18 10 0
2
42 211 
2
1185 16 16 0
1185 6 18 0
2
43 206 
2
1206 18 14 0
1206 26 24 0
2
42 212 
2
1186 16 16 0
1186 16 24 0
2
43 207 
2
1207 18 14 0
1207 4 10 0
2
42 213 
2
1187 16 16 0
1187 16 32 0
2
43 208 
2
1208 18 14 0
1208 32 16 0
2
42 214 
2
1188 16 16 0
1188 12 20 0
2
43 209 
2
1209 18 14 0
1209 2 18 0
2
42 215 
2
1189 16 16 0
1189 18 16 0
2
43 210 
2
1210 18 14 0
1210 8 24 0
2
42 216 
2
1190 16 16 0
1190 8 20 0
2
43 211 
2
1211 18 14 0
1211 6 18 0
2
42 217 
2
1191 16 16 0
1191 14 26 0
2
43 212 
2
1212 18 14 0
1212 16 24 0
2
42 218 
2
1192 16 16 0
1192 10 24 0
2
43 213 
2
1213 18 14 0
1213 16 32 0
2
42 219 
2
1193 16 16 0
1193 24 24 0
2
43 214 
2
1214 18 14 0
1214 12 20 0
2
42 220 
2
1194 16 16 0
1194 12 24 0
2
43 215 
2
1215 18 14 0
1215 18 16 0
2
42 221 
2
1195 16 16 0
1195 6 22 0
2
43 216 
2
1216 18 14 0
1216 8 20 0
2
42 222 
2
1196 16 16 0
1196 6 14 0
2
43 217 
2
1217 18 14 0
1217 14 26 0
2
42 223 
2
1197 16 16 0
1197 14 12 0
2
43 218 
2
1218 18 14 0
1218 10 24 0
2
42 224 
2
1198 16 16 0
1198 24 12 0
2
43 219 
2
1219 18 14 0
1219 24 24 0
2
42 225 
2
1199 16 16 0
1199 20 18 0
2
43 220 
2
1220 18 14 0
1220 12 24 0
2
42 226 
2
1200 16 16 0
1200 18 32 0
2
43 221 
2
1221 18 14 0
1221 6 22 0
2
42 227 
2
1201 16 16 0
1201 2 12 0
2
43 222 
2
1222 18 14 0
1222 6 14 0
2
42 228 
2
1202 16 16 0
1202 12 2 0
2
43 223 
2
1223 18 14 0
1223 14 12 0
2
40 42 
2
1203 10 16 0
1203 16 16 0
2
41 43 
2
1224 20 12 0
1224 18 14 0
2
42 208 
2
1209 16 16 0
1209 32 16 0
2
43 203 
2
1225 18 14 0
1225 2 14 0
2
42 209 
2
1210 16 16 0
1210 2 18 0
2
43 204 
2
1226 18 14 0
1226 20 20 0
2
42 210 
2
1211 16 16 0
1211 8 24 0
2
43 205 
2
1227 18 14 0
1227 18 10 0
2
42 211 
2
1212 16 16 0
1212 6 18 0
2
43 206 
2
1228 18 14 0
1228 26 24 0
2
42 212 
2
1213 16 16 0
1213 16 24 0
2
43 207 
2
1229 18 14 0
1229 4 10 0
2
42 213 
2
1214 16 16 0
1214 16 32 0
2
43 208 
2
1230 18 14 0
1230 32 16 0
2
42 214 
2
1215 16 16 0
1215 12 20 0
2
43 209 
2
1231 18 14 0
1231 2 18 0
2
42 215 
2
1216 16 16 0
1216 18 16 0
2
43 210 
2
1232 18 14 0
1232 8 24 0
2
42 216 
2
1217 16 16 0
1217 8 20 0
2
43 211 
2
1233 18 14 0
1233 6 18 0
2
42 217 
2
1218 16 16 0
1218 14 26 0
2
43 212 
2
1234 18 14 0
1234 16 24 0
2
42 218 
2
1219 16 16 0
1219 10 24 0
2
43 213 
2
1235 18 14 0
1235 16 32 0
2
42 219 
2
1220 16 16 0
1220 24 24 0
2
43 214 
2
1236 18 14 0
1236 12 20 0
2
42 220 
2
1221 16 16 0
1221 12 24 0
2
43 215 
2
1237 18 14 0
1237 18 16 0
2
42 221 
2
1222 16 16 0
1222 6 22 0
2
43 216 
2
1238 18 14 0
1238 8 20 0
2
42 222 
2
1223 16 16 0
1223 6 14 0
2
43 217 
2
1239 18 14 0
1239 14 26 0
2
42 223 
2
1224 16 16 0
1224 14 12 0
2
43 218 
2
1240 18 14 0
1240 10 24 0
2
42 224 
2
1225 16 16 0
1225 24 12 0
2
43 219 
2
1241 18 14 0
1241 24 24 0
2
42 225 
2
1226 16 16 0
1226 20 18 0
2
43 220 
2
1242 18 14 0
1242 12 24 0
2
42 226 
2
1227 16 16 0
1227 18 32 0
2
43 221 
2
1243 18 14 0
1243 6 22 0
2
42 227 
2
1228 16 16 0
1228 2 12 0
2
43 222 
2
1244 18 14 0
1244 6 14 0
2
42 228 
2
1229 16 16 0
1229 12 2 0
2
43 223 
2
1245 18 14 0
1245 14 12 0
2
20 40 
2
1204 14 16 0
1204 10 16 0
2
21 41 
2
1225 20 14 0
1225 20 12 0
2
38 40 
2
1205 4 16 0
1205 10 16 0
2
39 41 
2
1226 22 8 0
1226 20 12 0
2
244 42 
2
1230 34 34 0
1230 16 16 0
2
40 42 
2
1231 10 16 0
1231 16 16 0
2
245 42 
2
1232 34 32 0
1232 16 16 0
2
20 42 
2
1233 14 16 0
1233 16 16 0
2
244 42 
2
1234 34 34 0
1234 16 16 0
2
40 42 
2
1235 10 16 0
1235 16 16 0
2
245 42 
2
1236 34 32 0
1236 16 16 0
2
244 43 
2
1246 34 34 0
1246 18 14 0
2
41 43 
2
1247 20 12 0
1247 18 14 0
2
245 43 
2
1248 34 32 0
1248 18 14 0
2
21 43 
2
1249 20 14 0
1249 18 14 0
2
244 43 
2
1250 34 34 0
1250 18 14 0
2
41 43 
2
1251 20 12 0
1251 18 14 0
2
245 43 
2
1252 34 32 0
1252 18 14 0
2
42 209 
2
1237 16 16 0
1237 2 18 0
2
43 222 
2
1253 18 14 0
1253 6 14 0
2
42 210 
2
1238 16 16 0
1238 8 24 0
2
43 223 
2
1254 18 14 0
1254 14 12 0
2
42 211 
2
1239 16 16 0
1239 6 18 0
2
43 224 
2
1255 18 14 0
1255 24 12 0
2
42 212 
2
1240 16 16 0
1240 16 24 0
2
42 213 
2
1241 16 16 0
1241 16 32 0
2
42 214 
2
1242 16 16 0
1242 12 20 0
2
42 215 
2
1243 16 16 0
1243 18 16 0
2
42 216 
2
1244 16 16 0
1244 8 20 0
2
42 217 
2
1245 16 16 0
1245 14 26 0
2
42 218 
2
1246 16 16 0
1246 10 24 0
2
42 219 
2
1247 16 16 0
1247 24 24 0
2
42 220 
2
1248 16 16 0
1248 12 24 0
2
42 221 
2
1249 16 16 0
1249 6 22 0
2
42 222 
2
1254 16 16 0
1254 6 14 0
2
42 223 
2
1255 16 16 0
1255 14 12 0
2
42 224 
2
1256 16 16 0
1256 24 12 0
2
42 225 
2
1257 16 16 0
1257 20 18 0
2
42 226 
2
1258 16 16 0
1258 18 32 0
2
42 227 
2
1259 16 16 0
1259 2 12 0
2
42 228 
2
1260 16 16 0
1260 12 2 0
2
42 229 
2
1261 16 16 0
1261 2 16 0
2
40 42 
2
1262 10 16 0
1262 16 16 0
2
41 43 
2
1256 20 12 0
1256 18 14 0
2
42 209 
2
1263 16 16 0
1263 2 18 0
2
43 222 
2
1257 18 14 0
1257 6 14 0
2
42 210 
2
1264 16 16 0
1264 8 24 0
2
43 223 
2
1258 18 14 0
1258 14 12 0
2
42 211 
2
1265 16 16 0
1265 6 18 0
2
43 224 
2
1259 18 14 0
1259 24 12 0
2
42 212 
2
1266 16 16 0
1266 16 24 0
2
42 213 
2
1267 16 16 0
1267 16 32 0
2
42 214 
2
1268 16 16 0
1268 12 20 0
2
42 215 
2
1269 16 16 0
1269 18 16 0
2
42 216 
2
1270 16 16 0
1270 8 20 0
2
42 217 
2
1271 16 16 0
1271 14 26 0
2
42 218 
2
1272 16 16 0
1272 10 24 0
2
42 219 
2
1273 16 16 0
1273 24 24 0
2
42 220 
2
1274 16 16 0
1274 12 24 0
2
42 221 
2
1275 16 16 0
1275 6 22 0
2
42 222 
2
1276 16 16 0
1276 6 14 0
2
42 223 
2
1277 16 16 0
1277 14 12 0
2
42 224 
2
1278 16 16 0
1278 24 12 0
2
42 225 
2
1279 16 16 0
1279 20 18 0
2
42 226 
2
1280 16 16 0
1280 18 32 0
2
42 227 
2
1281 16 16 0
1281 2 12 0
2
42 228 
2
1282 16 16 0
1282 12 2 0
2
42 229 
2
1283 16 16 0
1283 2 16 0
2
20 40 
2
1263 14 16 0
1263 10 16 0
2
21 41 
2
1257 20 14 0
1257 20 12 0
2
18 38 
2
1206 4 18 0
1206 4 16 0
2
19 39 
2
1227 20 8 0
1227 22 8 0
2
36 38 
2
1207 4 22 0
1207 4 16 0
2
37 39 
2
1228 24 4 0
1228 22 8 0
2
245 40 
2
1264 34 32 0
1264 10 16 0
2
38 40 
2
1265 4 16 0
1265 10 16 0
2
244 40 
2
1266 34 34 0
1266 10 16 0
2
18 40 
2
1267 4 18 0
1267 10 16 0
2
245 40 
2
1268 34 32 0
1268 10 16 0
2
38 40 
2
1269 4 16 0
1269 10 16 0
2
244 40 
2
1270 34 34 0
1270 10 16 0
2
244 41 
2
1258 34 34 0
1258 20 12 0
2
39 41 
2
1259 22 8 0
1259 20 12 0
2
245 41 
2
1260 34 32 0
1260 20 12 0
2
19 41 
2
1261 20 8 0
1261 20 12 0
2
244 41 
2
1262 34 34 0
1262 20 12 0
2
39 41 
2
1263 22 8 0
1263 20 12 0
2
246 41 
2
1264 34 30 0
1264 20 12 0
2
244 42 
2
1284 34 34 0
1284 16 16 0
2
40 42 
2
1285 10 16 0
1285 16 16 0
2
246 42 
2
1286 34 30 0
1286 16 16 0
2
20 42 
2
1287 14 16 0
1287 16 16 0
2
245 42 
2
1288 34 32 0
1288 16 16 0
2
40 42 
2
1289 10 16 0
1289 16 16 0
2
244 42 
2
1290 34 34 0
1290 16 16 0
2
246 43 
2
1260 34 30 0
1260 18 14 0
2
41 43 
2
1265 20 12 0
1265 18 14 0
2
247 43 
2
1266 34 28 0
1266 18 14 0
2
21 43 
2
1267 20 14 0
1267 18 14 0
2
246 43 
2
1268 34 30 0
1268 18 14 0
2
41 43 
2
1269 20 12 0
1269 18 14 0
2
247 43 
2
1270 34 28 0
1270 18 14 0
2
42 208 
2
1291 16 16 0
1291 32 16 0
2
43 223 
2
1278 18 14 0
1278 14 12 0
2
42 209 
2
1292 16 16 0
1292 2 18 0
2
43 224 
2
1279 18 14 0
1279 24 12 0
2
42 210 
2
1293 16 16 0
1293 8 24 0
2
43 225 
2
1280 18 14 0
1280 20 18 0
2
42 211 
2
1294 16 16 0
1294 6 18 0
2
42 212 
2
1295 16 16 0
1295 16 24 0
2
42 213 
2
1296 16 16 0
1296 16 32 0
2
42 214 
2
1297 16 16 0
1297 12 20 0
2
42 215 
2
1298 16 16 0
1298 18 16 0
2
42 216 
2
1299 16 16 0
1299 8 20 0
2
42 217 
2
1300 16 16 0
1300 14 26 0
2
42 218 
2
1301 16 16 0
1301 10 24 0
2
42 219 
2
1302 16 16 0
1302 24 24 0
2
42 220 
2
1303 16 16 0
1303 12 24 0
2
42 221 
2
1304 16 16 0
1304 6 22 0
2
42 222 
2
1305 16 16 0
1305 6 14 0
2
42 223 
2
1306 16 16 0
1306 14 12 0
2
42 224 
2
1307 16 16 0
1307 24 12 0
2
42 225 
2
1308 16 16 0
1308 20 18 0
2
42 226 
2
1309 16 16 0
1309 18 32 0
2
40 42 
2
1310 10 16 0
1310 16 16 0
2
41 43 
2
1281 20 12 0
1281 18 14 0
2
42 208 
2
1311 16 16 0
1311 32 16 0
2
43 223 
2
1307 18 14 0
1307 14 12 0
2
42 209 
2
1312 16 16 0
1312 2 18 0
2
43 224 
2
1308 18 14 0
1308 24 12 0
2
42 210 
2
1313 16 16 0
1313 8 24 0
2
43 225 
2
1309 18 14 0
1309 20 18 0
2
42 211 
2
1314 16 16 0
1314 6 18 0
2
42 212 
2
1315 16 16 0
1315 16 24 0
2
42 213 
2
1316 16 16 0
1316 16 32 0
2
42 214 
2
1317 16 16 0
1317 12 20 0
2
42 215 
2
1318 16 16 0
1318 18 16 0
2
42 216 
2
1319 16 16 0
1319 8 20 0
2
42 217 
2
1320 16 16 0
1320 14 26 0
2
42 218 
2
1321 16 16 0
1321 10 24 0
2
42 219 
2
1322 16 16 0
1322 24 24 0
2
42 220 
2
1323 16 16 0
1323 12 24 0
2
42 221 
2
1324 16 16 0
1324 6 22 0
2
42 222 
2
1325 16 16 0
1325 6 14 0
2
42 223 
2
1326 16 16 0
1326 14 12 0
2
42 224 
2
1327 16 16 0
1327 24 12 0
2
42 225 
2
1328 16 16 0
1328 20 18 0
2
42 226 
2
1329 16 16 0
1329 18 32 0
2
20 40 
2
1311 14 16 0
1311 10 16 0
2
21 41 
2
1282 20 14 0
1282 20 12 0
2
38 40 
2
1312 4 16 0
1312 10 16 0
2
39 41 
2
1283 22 8 0
1283 20 12 0
2
244 42 
2
1330 34 34 0
1330 16 16 0
2
40 42 
2
1331 10 16 0
1331 16 16 0
2
245 42 
2
1332 34 32 0
1332 16 16 0
2
20 42 
2
1333 14 16 0
1333 16 16 0
2
244 42 
2
1334 34 34 0
1334 16 16 0
2
40 42 
2
1335 10 16 0
1335 16 16 0
2
245 42 
2
1336 34 32 0
1336 16 16 0
2
244 43 
2
1310 34 34 0
1310 18 14 0
2
41 43 
2
1311 20 12 0
1311 18 14 0
2
245 43 
2
1312 34 32 0
1312 18 14 0
2
21 43 
2
1313 20 14 0
1313 18 14 0
2
244 43 
2
1314 34 34 0
1314 18 14 0
2
41 43 
2
1315 20 12 0
1315 18 14 0
2
245 43 
2
1316 34 32 0
1316 18 14 0
2
42 209 
2
1337 16 16 0
1337 2 18 0
2
43 222 
2
1326 18 14 0
1326 6 14 0
2
42 210 
2
1338 16 16 0
1338 8 24 0
2
43 223 
2
1327 18 14 0
1327 14 12 0
2
42 211 
2
1339 16 16 0
1339 6 18 0
2
43 224 
2
1328 18 14 0
1328 24 12 0
2
42 212 
2
1340 16 16 0
1340 16 24 0
2
43 225 
2
1329 18 14 0
1329 20 18 0
2
42 213 
2
1341 16 16 0
1341 16 32 0
2
43 226 
2
1330 18 14 0
1330 18 32 0
2
42 214 
2
1342 16 16 0
1342 12 20 0
2
43 227 
2
1331 18 14 0
1331 2 12 0
2
42 215 
2
1343 16 16 0
1343 18 16 0
2
43 228 
2
1332 18 14 0
1332 12 2 0
2
42 216 
2
1344 16 16 0
1344 8 20 0
2
43 229 
2
1333 18 14 0
1333 2 16 0
2
42 217 
2
1345 16 16 0
1345 14 26 0
2
43 230 
2
1334 18 14 0
1334 10 8 0
2
42 218 
2
1346 16 16 0
1346 10 24 0
2
43 231 
2
1335 18 14 0
1335 14 30 0
2
42 219 
2
1347 16 16 0
1347 24 24 0
2
43 232 
2
1336 18 14 0
1336 26 22 0
2
42 220 
2
1348 16 16 0
1348 12 24 0
2
43 233 
2
1337 18 14 0
1337 8 22 0
2
42 221 
2
1349 16 16 0
1349 6 22 0
2
43 234 
2
1338 18 14 0
1338 12 22 0
2
42 222 
2
1350 16 16 0
1350 6 14 0
2
43 235 
2
1339 18 14 0
1339 14 24 0
2
42 223 
2
1351 16 16 0
1351 14 12 0
2
43 236 
2
1340 18 14 0
1340 8 10 0
2
42 224 
2
1352 16 16 0
1352 24 12 0
2
43 237 
2
1341 18 14 0
1341 20 28 0
2
42 225 
2
1353 16 16 0
1353 20 18 0
2
43 238 
2
1342 18 14 0
1342 14 10 0
2
42 226 
2
1354 16 16 0
1354 18 32 0
2
43 239 
2
1343 18 14 0
1343 16 20 0
2
42 227 
2
1355 16 16 0
1355 2 12 0
2
43 50 
2
1344 18 14 0
1344 4 12 0
2
43 45 
2
1345 18 14 0
1345 16 2 0
2
43 47 
2
1346 18 14 0
1346 26 12 0
2
40 42 
2
1356 10 16 0
1356 16 16 0
2
41 43 
2
1347 20 12 0
1347 18 14 0
2
42 209 
2
1357 16 16 0
1357 2 18 0
2
43 222 
2
1351 18 14 0
1351 6 14 0
2
42 210 
2
1358 16 16 0
1358 8 24 0
2
43 223 
2
1352 18 14 0
1352 14 12 0
2
42 211 
2
1359 16 16 0
1359 6 18 0
2
43 224 
2
1353 18 14 0
1353 24 12 0
2
42 212 
2
1360 16 16 0
1360 16 24 0
2
43 225 
2
1354 18 14 0
1354 20 18 0
2
42 213 
2
1361 16 16 0
1361 16 32 0
2
43 226 
2
1355 18 14 0
1355 18 32 0
2
42 214 
2
1362 16 16 0
1362 12 20 0
2
43 227 
2
1356 18 14 0
1356 2 12 0
2
42 215 
2
1363 16 16 0
1363 18 16 0
2
43 228 
2
1357 18 14 0
1357 12 2 0
2
42 216 
2
1364 16 16 0
1364 8 20 0
2
43 229 
2
1358 18 14 0
1358 2 16 0
2
42 217 
2
1365 16 16 0
1365 14 26 0
2
43 230 
2
1359 18 14 0
1359 10 8 0
2
42 218 
2
1366 16 16 0
1366 10 24 0
2
43 231 
2
1360 18 14 0
1360 14 30 0
2
42 219 
2
1367 16 16 0
1367 24 24 0
2
43 232 
2
1361 18 14 0
1361 26 22 0
2
42 220 
2
1368 16 16 0
1368 12 24 0
2
43 233 
2
1362 18 14 0
1362 8 22 0
2
42 221 
2
1369 16 16 0
1369 6 22 0
2
43 234 
2
1363 18 14 0
1363 12 22 0
2
42 222 
2
1370 16 16 0
1370 6 14 0
2
43 235 
2
1364 18 14 0
1364 14 24 0
2
42 223 
2
1371 16 16 0
1371 14 12 0
2
43 236 
2
1365 18 14 0
1365 8 10 0
2
42 224 
2
1372 16 16 0
1372 24 12 0
2
43 237 
2
1366 18 14 0
1366 20 28 0
2
42 225 
2
1373 16 16 0
1373 20 18 0
2
43 238 
2
1367 18 14 0
1367 14 10 0
2
42 226 
2
1374 16 16 0
1374 18 32 0
2
43 239 
2
1368 18 14 0
1368 16 20 0
2
42 227 
2
1375 16 16 0
1375 2 12 0
2
43 50 
2
1369 18 14 0
1369 4 12 0
2
43 45 
2
1370 18 14 0
1370 16 2 0
2
43 47 
2
1371 18 14 0
1371 26 12 0
2
20 40 
2
1357 14 16 0
1357 10 16 0
2
21 41 
2
1348 20 14 0
1348 20 12 0
2
18 38 
2
1313 4 18 0
1313 4 16 0
2
19 39 
2
1284 20 8 0
1284 22 8 0
2
16 36 
2
1208 4 24 0
1208 4 22 0
2
17 37 
2
1229 26 4 0
1229 24 4 0
2
34 36 
2
1209 2 24 0
1209 4 22 0
2
35 37 
2
1230 28 2 0
1230 24 4 0
2
246 38 
2
1314 34 30 0
1314 4 16 0
2
36 38 
2
1315 4 22 0
1315 4 16 0
2
247 38 
2
1316 34 28 0
1316 4 16 0
2
16 38 
2
1317 4 24 0
1317 4 16 0
2
244 38 
2
1318 34 34 0
1318 4 16 0
2
36 38 
2
1319 4 22 0
1319 4 16 0
2
245 38 
2
1320 34 32 0
1320 4 16 0
2
245 39 
2
1285 34 32 0
1285 22 8 0
2
37 39 
2
1286 24 4 0
1286 22 8 0
2
244 39 
2
1287 34 34 0
1287 22 8 0
2
17 39 
2
1288 26 4 0
1288 22 8 0
2
246 39 
2
1289 34 30 0
1289 22 8 0
2
37 39 
2
1290 24 4 0
1290 22 8 0
2
245 39 
2
1291 34 32 0
1291 22 8 0
2
244 40 
2
1358 34 34 0
1358 10 16 0
2
38 40 
2
1359 4 16 0
1359 10 16 0
2
245 40 
2
1360 34 32 0
1360 10 16 0
2
18 40 
2
1361 4 18 0
1361 10 16 0
2
244 40 
2
1362 34 34 0
1362 10 16 0
2
38 40 
2
1363 4 16 0
1363 10 16 0
2
245 40 
2
1364 34 32 0
1364 10 16 0
2
244 41 
2
1349 34 34 0
1349 20 12 0
2
39 41 
2
1350 22 8 0
1350 20 12 0
2
245 41 
2
1351 34 32 0
1351 20 12 0
2
19 41 
2
1352 20 8 0
1352 20 12 0
2
244 41 
2
1353 34 34 0
1353 20 12 0
2
39 41 
2
1354 22 8 0
1354 20 12 0
2
245 41 
2
1355 34 32 0
1355 20 12 0
2
244 42 
2
1376 34 34 0
1376 16 16 0
2
40 42 
2
1377 10 16 0
1377 16 16 0
2
245 42 
2
1378 34 32 0
1378 16 16 0
2
20 42 
2
1379 14 16 0
1379 16 16 0
2
244 42 
2
1380 34 34 0
1380 16 16 0
2
40 42 
2
1381 10 16 0
1381 16 16 0
2
245 42 
2
1382 34 32 0
1382 16 16 0
2
244 43 
2
1372 34 34 0
1372 18 14 0
2
41 43 
2
1373 20 12 0
1373 18 14 0
2
245 43 
2
1374 34 32 0
1374 18 14 0
2
21 43 
2
1375 20 14 0
1375 18 14 0
2
246 43 
2
1376 34 30 0
1376 18 14 0
2
41 43 
2
1377 20 12 0
1377 18 14 0
2
247 43 
2
1378 34 28 0
1378 18 14 0
2
42 210 
2
1383 16 16 0
1383 8 24 0
2
43 223 
2
1379 18 14 0
1379 14 12 0
2
42 211 
2
1384 16 16 0
1384 6 18 0
2
43 224 
2
1380 18 14 0
1380 24 12 0
2
42 212 
2
1385 16 16 0
1385 16 24 0
2
43 225 
2
1381 18 14 0
1381 20 18 0
2
43 226 
2
1382 18 14 0
1382 18 32 0
2
43 227 
2
1383 18 14 0
1383 2 12 0
2
43 228 
2
1384 18 14 0
1384 12 2 0
2
43 229 
2
1385 18 14 0
1385 2 16 0
2
43 230 
2
1386 18 14 0
1386 10 8 0
2
43 231 
2
1387 18 14 0
1387 14 30 0
2
43 232 
2
1388 18 14 0
1388 26 22 0
2
43 233 
2
1389 18 14 0
1389 8 22 0
2
43 234 
2
1390 18 14 0
1390 12 22 0
2
43 235 
2
1391 18 14 0
1391 14 24 0
2
43 236 
2
1392 18 14 0
1392 8 10 0
2
43 237 
2
1393 18 14 0
1393 20 28 0
2
43 238 
2
1394 18 14 0
1394 14 10 0
2
43 239 
2
1395 18 14 0
1395 16 20 0
2
43 50 
2
1396 18 14 0
1396 4 12 0
2
43 45 
2
1397 18 14 0
1397 16 2 0
2
43 47 
2
1398 18 14 0
1398 26 12 0
2
43 49 
2
1399 18 14 0
1399 32 14 0
2
40 42 
2
1386 10 16 0
1386 16 16 0
2
41 43 
2
1400 20 12 0
1400 18 14 0
2
42 210 
2
1387 16 16 0
1387 8 24 0
2
43 223 
2
1401 18 14 0
1401 14 12 0
2
42 211 
2
1388 16 16 0
1388 6 18 0
2
43 224 
2
1402 18 14 0
1402 24 12 0
2
42 212 
2
1389 16 16 0
1389 16 24 0
2
43 225 
2
1403 18 14 0
1403 20 18 0
2
43 226 
2
1404 18 14 0
1404 18 32 0
2
43 227 
2
1405 18 14 0
1405 2 12 0
2
43 228 
2
1406 18 14 0
1406 12 2 0
2
43 229 
2
1407 18 14 0
1407 2 16 0
2
43 230 
2
1408 18 14 0
1408 10 8 0
2
43 231 
2
1409 18 14 0
1409 14 30 0
2
43 232 
2
1410 18 14 0
1410 26 22 0
2
43 233 
2
1411 18 14 0
1411 8 22 0
2
43 234 
2
1412 18 14 0
1412 12 22 0
2
43 235 
2
1413 18 14 0
1413 14 24 0
2
43 236 
2
1414 18 14 0
1414 8 10 0
2
43 237 
2
1415 18 14 0
1415 20 28 0
2
43 238 
2
1416 18 14 0
1416 14 10 0
2
43 239 
2
1417 18 14 0
1417 16 20 0
2
43 50 
2
1418 18 14 0
1418 4 12 0
2
43 45 
2
1419 18 14 0
1419 16 2 0
2
43 47 
2
1420 18 14 0
1420 26 12 0
2
43 49 
2
1421 18 14 0
1421 32 14 0
2
20 40 
2
1387 14 16 0
1387 10 16 0
2
21 41 
2
1401 20 14 0
1401 20 12 0
2
38 40 
2
1388 4 16 0
1388 10 16 0
2
39 41 
2
1402 22 8 0
1402 20 12 0
2
244 42 
2
1390 34 34 0
1390 16 16 0
2
40 42 
2
1391 10 16 0
1391 16 16 0
2
245 42 
2
1392 34 32 0
1392 16 16 0
2
20 42 
2
1393 14 16 0
1393 16 16 0
2
244 42 
2
1394 34 34 0
1394 16 16 0
2
40 42 
2
1395 10 16 0
1395 16 16 0
2
245 42 
2
1396 34 32 0
1396 16 16 0
2
244 43 
2
1422 34 34 0
1422 18 14 0
2
41 43 
2
1423 20 12 0
1423 18 14 0
2
245 43 
2
1424 34 32 0
1424 18 14 0
2
21 43 
2
1425 20 14 0
1425 18 14 0
2
244 43 
2
1426 34 34 0
1426 18 14 0
2
41 43 
2
1427 20 12 0
1427 18 14 0
2
245 43 
2
1428 34 32 0
1428 18 14 0
2
42 211 
2
1397 16 16 0
1397 6 18 0
2
43 47 
2
1429 18 14 0
1429 26 12 0
2
42 212 
2
1398 16 16 0
1398 16 24 0
2
43 49 
2
1430 18 14 0
1430 32 14 0
2
42 213 
2
1399 16 16 0
1399 16 32 0
2
43 52 
2
1431 18 14 0
1431 18 4 0
2
40 42 
2
1400 10 16 0
1400 16 16 0
2
41 43 
2
1432 20 12 0
1432 18 14 0
2
42 211 
2
1401 16 16 0
1401 6 18 0
2
43 47 
2
1433 18 14 0
1433 26 12 0
2
42 212 
2
1402 16 16 0
1402 16 24 0
2
43 49 
2
1434 18 14 0
1434 32 14 0
2
42 213 
2
1403 16 16 0
1403 16 32 0
2
43 52 
2
1435 18 14 0
1435 18 4 0
2
20 40 
2
1401 14 16 0
1401 10 16 0
2
21 41 
2
1433 20 14 0
1433 20 12 0
2
18 38 
2
1389 4 18 0
1389 4 16 0
2
19 39 
2
1403 20 8 0
1403 22 8 0
2
36 38 
2
1390 4 22 0
1390 4 16 0
2
37 39 
2
1404 24 4 0
1404 22 8 0
2
244 40 
2
1402 34 34 0
1402 10 16 0
2
38 40 
2
1403 4 16 0
1403 10 16 0
2
245 40 
2
1404 34 32 0
1404 10 16 0
2
18 40 
2
1405 4 18 0
1405 10 16 0
2
244 40 
2
1406 34 34 0
1406 10 16 0
2
38 40 
2
1407 4 16 0
1407 10 16 0
2
245 40 
2
1408 34 32 0
1408 10 16 0
2
244 41 
2
1434 34 34 0
1434 20 12 0
2
39 41 
2
1435 22 8 0
1435 20 12 0
2
245 41 
2
1436 34 32 0
1436 20 12 0
2
19 41 
2
1437 20 8 0
1437 20 12 0
2
244 41 
2
1438 34 34 0
1438 20 12 0
2
39 41 
2
1439 22 8 0
1439 20 12 0
2
245 41 
2
1440 34 32 0
1440 20 12 0
2
246 42 
2
1404 34 30 0
1404 16 16 0
2
40 42 
2
1409 10 16 0
1409 16 16 0
2
244 42 
2
1410 34 34 0
1410 16 16 0
2
20 42 
2
1411 14 16 0
1411 16 16 0
2
245 42 
2
1412 34 32 0
1412 16 16 0
2
40 42 
2
1413 10 16 0
1413 16 16 0
2
244 42 
2
1414 34 34 0
1414 16 16 0
2
246 43 
2
1436 34 30 0
1436 18 14 0
2
41 43 
2
1441 20 12 0
1441 18 14 0
2
244 43 
2
1442 34 34 0
1442 18 14 0
2
21 43 
2
1443 20 14 0
1443 18 14 0
2
245 43 
2
1444 34 32 0
1444 18 14 0
2
41 43 
2
1445 20 12 0
1445 18 14 0
2
244 43 
2
1446 34 34 0
1446 18 14 0
2
42 210 
2
1415 16 16 0
1415 8 24 0
2
43 49 
2
1447 18 14 0
1447 32 14 0
2
42 211 
2
1416 16 16 0
1416 6 18 0
2
43 52 
2
1448 18 14 0
1448 18 4 0
2
42 212 
2
1417 16 16 0
1417 16 24 0
2
43 53 
2
1449 18 14 0
1449 18 8 0
2
42 213 
2
1418 16 16 0
1418 16 32 0
2
42 214 
2
1419 16 16 0
1419 12 20 0
2
42 215 
2
1420 16 16 0
1420 18 16 0
2
42 216 
2
1421 16 16 0
1421 8 20 0
2
42 217 
2
1422 16 16 0
1422 14 26 0
2
42 218 
2
1423 16 16 0
1423 10 24 0
2
42 219 
2
1424 16 16 0
1424 24 24 0
2
42 220 
2
1425 16 16 0
1425 12 24 0
2
42 221 
2
1426 16 16 0
1426 6 22 0
2
42 222 
2
1427 16 16 0
1427 6 14 0
2
42 223 
2
1428 16 16 0
1428 14 12 0
2
42 224 
2
1429 16 16 0
1429 24 12 0
2
42 225 
2
1430 16 16 0
1430 20 18 0
2
42 226 
2
1431 16 16 0
1431 18 32 0
2
42 227 
2
1432 16 16 0
1432 2 12 0
2
42 228 
2
1433 16 16 0
1433 12 2 0
2
42 229 
2
1434 16 16 0
1434 2 16 0
2
42 230 
2
1435 16 16 0
1435 10 8 0
2
40 42 
2
1436 10 16 0
1436 16 16 0
2
41 43 
2
1450 20 12 0
1450 18 14 0
2
42 210 
2
1437 16 16 0
1437 8 24 0
2
43 49 
2
1451 18 14 0
1451 32 14 0
2
42 211 
2
1438 16 16 0
1438 6 18 0
2
43 52 
2
1452 18 14 0
1452 18 4 0
2
42 212 
2
1439 16 16 0
1439 16 24 0
2
43 53 
2
1453 18 14 0
1453 18 8 0
2
42 213 
2
1440 16 16 0
1440 16 32 0
2
42 214 
2
1441 16 16 0
1441 12 20 0
2
42 215 
2
1442 16 16 0
1442 18 16 0
2
42 216 
2
1443 16 16 0
1443 8 20 0
2
42 217 
2
1444 16 16 0
1444 14 26 0
2
42 218 
2
1445 16 16 0
1445 10 24 0
2
42 219 
2
1446 16 16 0
1446 24 24 0
2
42 220 
2
1447 16 16 0
1447 12 24 0
2
42 221 
2
1448 16 16 0
1448 6 22 0
2
42 222 
2
1449 16 16 0
1449 6 14 0
2
42 223 
2
1450 16 16 0
1450 14 12 0
2
42 224 
2
1451 16 16 0
1451 24 12 0
2
42 225 
2
1452 16 16 0
1452 20 18 0
2
42 226 
2
1453 16 16 0
1453 18 32 0
2
42 227 
2
1454 16 16 0
1454 2 12 0
2
42 228 
2
1455 16 16 0
1455 12 2 0
2
42 229 
2
1456 16 16 0
1456 2 16 0
2
42 230 
2
1457 16 16 0
1457 10 8 0
2
20 40 
2
1437 14 16 0
1437 10 16 0
2
21 41 
2
1451 20 14 0
1451 20 12 0
2
38 40 
2
1438 4 16 0
1438 10 16 0
2
39 41 
2
1452 22 8 0
1452 20 12 0
2
244 42 
2
1458 34 34 0
1458 16 16 0
2
40 42 
2
1459 10 16 0
1459 16 16 0
2
246 42 
2
1460 34 30 0
1460 16 16 0
2
20 42 
2
1461 14 16 0
1461 16 16 0
2
244 42 
2
1462 34 34 0
1462 16 16 0
2
40 42 
2
1463 10 16 0
1463 16 16 0
2
245 42 
2
1464 34 32 0
1464 16 16 0
2
244 43 
2
1454 34 34 0
1454 18 14 0
2
41 43 
2
1455 20 12 0
1455 18 14 0
2
246 43 
2
1456 34 30 0
1456 18 14 0
2
21 43 
2
1457 20 14 0
1457 18 14 0
2
245 43 
2
1458 34 32 0
1458 18 14 0
2
41 43 
2
1459 20 12 0
1459 18 14 0
2
247 43 
2
1460 34 28 0
1460 18 14 0
2
42 211 
2
1465 16 16 0
1465 6 18 0
2
43 47 
2
1461 18 14 0
1461 26 12 0
2
42 212 
2
1466 16 16 0
1466 16 24 0
2
43 49 
2
1462 18 14 0
1462 32 14 0
2
42 213 
2
1467 16 16 0
1467 16 32 0
2
43 52 
2
1463 18 14 0
1463 18 4 0
2
42 214 
2
1468 16 16 0
1468 12 20 0
2
43 53 
2
1464 18 14 0
1464 18 8 0
2
42 215 
2
1469 16 16 0
1469 18 16 0
2
43 54 
2
1465 18 14 0
1465 24 6 0
2
42 216 
2
1470 16 16 0
1470 8 20 0
2
43 55 
2
1466 18 14 0
1466 24 2 0
2
42 217 
2
1471 16 16 0
1471 14 26 0
2
43 56 
2
1467 18 14 0
1467 32 18 0
2
42 218 
2
1472 16 16 0
1472 10 24 0
2
43 57 
2
1468 18 14 0
1468 22 28 0
2
42 219 
2
1473 16 16 0
1473 24 24 0
2
43 58 
2
1469 18 14 0
1469 10 10 0
2
42 220 
2
1474 16 16 0
1474 12 24 0
2
43 59 
2
1470 18 14 0
1470 28 16 0
2
42 221 
2
1475 16 16 0
1475 6 22 0
2
43 60 
2
1471 18 14 0
1471 16 8 0
2
42 222 
2
1476 16 16 0
1476 6 14 0
2
43 61 
2
1472 18 14 0
1472 18 30 0
2
42 223 
2
1477 16 16 0
1477 14 12 0
2
43 62 
2
1473 18 14 0
1473 20 24 0
2
42 224 
2
1478 16 16 0
1478 24 12 0
2
43 63 
2
1474 18 14 0
1474 16 12 0
2
42 225 
2
1479 16 16 0
1479 20 18 0
2
43 64 
2
1475 18 14 0
1475 16 6 0
2
42 226 
2
1480 16 16 0
1480 18 32 0
2
43 65 
2
1476 18 14 0
1476 10 6 0
2
42 227 
2
1481 16 16 0
1481 2 12 0
2
43 66 
2
1477 18 14 0
1477 18 22 0
2
42 228 
2
1482 16 16 0
1482 12 2 0
2
43 67 
2
1478 18 14 0
1478 18 28 0
2
42 229 
2
1483 16 16 0
1483 2 16 0
2
43 68 
2
1479 18 14 0
1479 18 12 0
2
42 230 
2
1484 16 16 0
1484 10 8 0
2
43 86 
2
1480 18 14 0
1480 6 10 0
2
42 231 
2
1485 16 16 0
1485 14 30 0
2
43 87 
2
1481 18 14 0
1481 22 14 0
2
40 42 
2
1486 10 16 0
1486 16 16 0
2
41 43 
2
1482 20 12 0
1482 18 14 0
2
42 211 
2
1487 16 16 0
1487 6 18 0
2
43 47 
2
1483 18 14 0
1483 26 12 0
2
42 212 
2
1488 16 16 0
1488 16 24 0
2
43 49 
2
1484 18 14 0
1484 32 14 0
2
42 213 
2
1489 16 16 0
1489 16 32 0
2
43 52 
2
1485 18 14 0
1485 18 4 0
2
42 214 
2
1490 16 16 0
1490 12 20 0
2
43 53 
2
1486 18 14 0
1486 18 8 0
2
42 215 
2
1491 16 16 0
1491 18 16 0
2
43 54 
2
1487 18 14 0
1487 24 6 0
2
42 216 
2
1492 16 16 0
1492 8 20 0
2
43 55 
2
1488 18 14 0
1488 24 2 0
2
42 217 
2
1493 16 16 0
1493 14 26 0
2
43 56 
2
1489 18 14 0
1489 32 18 0
2
42 218 
2
1494 16 16 0
1494 10 24 0
2
43 57 
2
1490 18 14 0
1490 22 28 0
2
42 219 
2
1495 16 16 0
1495 24 24 0
2
43 58 
2
1491 18 14 0
1491 10 10 0
2
42 220 
2
1496 16 16 0
1496 12 24 0
2
43 59 
2
1492 18 14 0
1492 28 16 0
2
42 221 
2
1497 16 16 0
1497 6 22 0
2
43 60 
2
1493 18 14 0
1493 16 8 0
2
42 222 
2
1498 16 16 0
1498 6 14 0
2
43 61 
2
1494 18 14 0
1494 18 30 0
2
42 223 
2
1499 16 16 0
1499 14 12 0
2
43 62 
2
1495 18 14 0
1495 20 24 0
2
42 224 
2
1500 16 16 0
1500 24 12 0
2
43 63 
2
1496 18 14 0
1496 16 12 0
2
42 225 
2
1501 16 16 0
1501 20 18 0
2
43 64 
2
1497 18 14 0
1497 16 6 0
2
42 226 
2
1502 16 16 0
1502 18 32 0
2
43 65 
2
1498 18 14 0
1498 10 6 0
2
42 227 
2
1503 16 16 0
1503 2 12 0
2
43 66 
2
1499 18 14 0
1499 18 22 0
2
42 228 
2
1504 16 16 0
1504 12 2 0
2
43 67 
2
1500 18 14 0
1500 18 28 0
2
42 229 
2
1505 16 16 0
1505 2 16 0
2
43 68 
2
1501 18 14 0
1501 18 12 0
2
42 230 
2
1506 16 16 0
1506 10 8 0
2
43 86 
2
1502 18 14 0
1502 6 10 0
2
42 231 
2
1507 16 16 0
1507 14 30 0
2
43 87 
2
1503 18 14 0
1503 22 14 0
2
20 40 
2
1487 14 16 0
1487 10 16 0
2
21 41 
2
1483 20 14 0
1483 20 12 0
2
18 38 
2
1439 4 18 0
1439 4 16 0
2
19 39 
2
1453 20 8 0
1453 22 8 0
2
16 36 
2
1391 4 24 0
1391 4 22 0
2
17 37 
2
1405 26 4 0
1405 24 4 0
2
14 34 
2
1210 4 26 0
1210 2 24 0
2
15 35 
2
1231 26 2 0
1231 28 2 0
2
32 34 
2
1211 2 28 0
1211 2 24 0
2
33 35 
2
1232 32 2 0
1232 28 2 0
2
246 36 
2
1392 34 30 0
1392 4 22 0
2
34 36 
2
1393 2 24 0
1393 4 22 0
2
247 36 
2
1394 34 28 0
1394 4 22 0
2
14 36 
2
1395 4 26 0
1395 4 22 0
2
246 36 
2
1396 34 30 0
1396 4 22 0
2
34 36 
2
1397 2 24 0
1397 4 22 0
2
244 36 
2
1398 34 34 0
1398 4 22 0
2
247 37 
2
1406 34 28 0
1406 24 4 0
2
35 37 
2
1407 28 2 0
1407 24 4 0
2
246 37 
2
1408 34 30 0
1408 24 4 0
2
15 37 
2
1409 26 2 0
1409 24 4 0
2
247 37 
2
1410 34 28 0
1410 24 4 0
2
35 37 
2
1411 28 2 0
1411 24 4 0
2
246 37 
2
1412 34 30 0
1412 24 4 0
2
246 38 
2
1440 34 30 0
1440 4 16 0
2
36 38 
2
1441 4 22 0
1441 4 16 0
2
247 38 
2
1442 34 28 0
1442 4 16 0
2
16 38 
2
1443 4 24 0
1443 4 16 0
2
246 38 
2
1444 34 30 0
1444 4 16 0
2
36 38 
2
1445 4 22 0
1445 4 16 0
2
247 38 
2
1446 34 28 0
1446 4 16 0
2
245 39 
2
1454 34 32 0
1454 22 8 0
2
37 39 
2
1455 24 4 0
1455 22 8 0
2
247 39 
2
1456 34 28 0
1456 22 8 0
2
17 39 
2
1457 26 4 0
1457 22 8 0
2
248 39 
2
1458 34 26 0
1458 22 8 0
2
37 39 
2
1459 24 4 0
1459 22 8 0
2
249 39 
2
1460 34 24 0
1460 22 8 0
2
244 40 
2
1488 34 34 0
1488 10 16 0
2
38 40 
2
1489 4 16 0
1489 10 16 0
2
245 40 
2
1490 34 32 0
1490 10 16 0
2
18 40 
2
1491 4 18 0
1491 10 16 0
2
244 40 
2
1492 34 34 0
1492 10 16 0
2
38 40 
2
1493 4 16 0
1493 10 16 0
2
245 40 
2
1494 34 32 0
1494 10 16 0
2
244 41 
2
1484 34 34 0
1484 20 12 0
2
39 41 
2
1485 22 8 0
1485 20 12 0
2
245 41 
2
1486 34 32 0
1486 20 12 0
2
19 41 
2
1487 20 8 0
1487 20 12 0
2
246 41 
2
1488 34 30 0
1488 20 12 0
2
39 41 
2
1489 22 8 0
1489 20 12 0
2
247 41 
2
1490 34 28 0
1490 20 12 0
2
244 42 
2
1508 34 34 0
1508 16 16 0
2
40 42 
2
1509 10 16 0
1509 16 16 0
2
245 42 
2
1510 34 32 0
1510 16 16 0
2
20 42 
2
1511 14 16 0
1511 16 16 0
2
244 42 
2
1512 34 34 0
1512 16 16 0
2
40 42 
2
1513 10 16 0
1513 16 16 0
2
245 42 
2
1514 34 32 0
1514 16 16 0
2
244 43 
2
1504 34 34 0
1504 18 14 0
2
41 43 
2
1505 20 12 0
1505 18 14 0
2
245 43 
2
1506 34 32 0
1506 18 14 0
2
21 43 
2
1507 20 14 0
1507 18 14 0
2
246 43 
2
1508 34 30 0
1508 18 14 0
2
41 43 
2
1509 20 12 0
1509 18 14 0
2
247 43 
2
1510 34 28 0
1510 18 14 0
2
42 228 
2
1515 16 16 0
1515 12 2 0
2
43 49 
2
1511 18 14 0
1511 32 14 0
2
42 229 
2
1516 16 16 0
1516 2 16 0
2
43 52 
2
1512 18 14 0
1512 18 4 0
2
42 230 
2
1517 16 16 0
1517 10 8 0
2
43 53 
2
1513 18 14 0
1513 18 8 0
2
43 54 
2
1514 18 14 0
1514 24 6 0
2
43 55 
2
1515 18 14 0
1515 24 2 0
2
43 56 
2
1516 18 14 0
1516 32 18 0
2
43 57 
2
1517 18 14 0
1517 22 28 0
2
43 58 
2
1518 18 14 0
1518 10 10 0
2
43 59 
2
1519 18 14 0
1519 28 16 0
2
43 60 
2
1520 18 14 0
1520 16 8 0
2
43 61 
2
1521 18 14 0
1521 18 30 0
2
43 62 
2
1522 18 14 0
1522 20 24 0
2
43 63 
2
1523 18 14 0
1523 16 12 0
2
43 64 
2
1524 18 14 0
1524 16 6 0
2
43 65 
2
1525 18 14 0
1525 10 6 0
2
43 66 
2
1526 18 14 0
1526 18 22 0
2
43 67 
2
1527 18 14 0
1527 18 28 0
2
43 68 
2
1528 18 14 0
1528 18 12 0
2
43 86 
2
1529 18 14 0
1529 6 10 0
2
43 87 
2
1530 18 14 0
1530 22 14 0
2
43 89 
2
1531 18 14 0
1531 24 14 0
2
40 42 
2
1518 10 16 0
1518 16 16 0
2
41 43 
2
1532 20 12 0
1532 18 14 0
2
42 228 
2
1519 16 16 0
1519 12 2 0
2
43 49 
2
1533 18 14 0
1533 32 14 0
2
42 229 
2
1520 16 16 0
1520 2 16 0
2
43 52 
2
1534 18 14 0
1534 18 4 0
2
42 230 
2
1521 16 16 0
1521 10 8 0
2
43 53 
2
1535 18 14 0
1535 18 8 0
2
43 54 
2
1536 18 14 0
1536 24 6 0
2
43 55 
2
1537 18 14 0
1537 24 2 0
2
43 56 
2
1538 18 14 0
1538 32 18 0
2
43 57 
2
1539 18 14 0
1539 22 28 0
2
43 58 
2
1540 18 14 0
1540 10 10 0
2
43 59 
2
1541 18 14 0
1541 28 16 0
2
43 60 
2
1542 18 14 0
1542 16 8 0
2
43 61 
2
1543 18 14 0
1543 18 30 0
2
43 62 
2
1544 18 14 0
1544 20 24 0
2
43 63 
2
1545 18 14 0
1545 16 12 0
2
43 64 
2
1546 18 14 0
1546 16 6 0
2
43 65 
2
1547 18 14 0
1547 10 6 0
2
43 66 
2
1548 18 14 0
1548 18 22 0
2
43 67 
2
1549 18 14 0
1549 18 28 0
2
43 68 
2
1550 18 14 0
1550 18 12 0
2
43 86 
2
1551 18 14 0
1551 6 10 0
2
43 87 
2
1552 18 14 0
1552 22 14 0
2
43 89 
2
1553 18 14 0
1553 24 14 0
2
20 40 
2
1519 14 16 0
1519 10 16 0
2
21 41 
2
1533 20 14 0
1533 20 12 0
2
38 40 
2
1520 4 16 0
1520 10 16 0
2
39 41 
2
1534 22 8 0
1534 20 12 0
2
244 42 
2
1522 34 34 0
1522 16 16 0
2
40 42 
2
1523 10 16 0
1523 16 16 0
2
245 42 
2
1524 34 32 0
1524 16 16 0
2
20 42 
2
1525 14 16 0
1525 16 16 0
2
244 42 
2
1526 34 34 0
1526 16 16 0
2
40 42 
2
1527 10 16 0
1527 16 16 0
2
245 42 
2
1528 34 32 0
1528 16 16 0
2
244 43 
2
1554 34 34 0
1554 18 14 0
2
41 43 
2
1555 20 12 0
1555 18 14 0
2
245 43 
2
1556 34 32 0
1556 18 14 0
2
21 43 
2
1557 20 14 0
1557 18 14 0
2
244 43 
2
1558 34 34 0
1558 18 14 0
2
41 43 
2
1559 20 12 0
1559 18 14 0
2
245 43 
2
1560 34 32 0
1560 18 14 0
2
42 229 
2
1529 16 16 0
1529 2 16 0
2
43 87 
2
1561 18 14 0
1561 22 14 0
2
42 230 
2
1530 16 16 0
1530 10 8 0
2
43 89 
2
1562 18 14 0
1562 24 14 0
2
42 231 
2
1531 16 16 0
1531 14 30 0
2
43 90 
2
1563 18 14 0
1563 20 10 0
2
40 42 
2
1532 10 16 0
1532 16 16 0
2
41 43 
2
1564 20 12 0
1564 18 14 0
2
42 229 
2
1533 16 16 0
1533 2 16 0
2
43 87 
2
1565 18 14 0
1565 22 14 0
2
42 230 
2
1534 16 16 0
1534 10 8 0
2
43 89 
2
1566 18 14 0
1566 24 14 0
2
42 231 
2
1535 16 16 0
1535 14 30 0
2
43 90 
2
1567 18 14 0
1567 20 10 0
2
20 40 
2
1533 14 16 0
1533 10 16 0
2
21 41 
2
1565 20 14 0
1565 20 12 0
2
18 38 
2
1521 4 18 0
1521 4 16 0
2
19 39 
2
1535 20 8 0
1535 22 8 0
2
36 38 
2
1522 4 22 0
1522 4 16 0
2
37 39 
2
1536 24 4 0
1536 22 8 0
2
244 40 
2
1534 34 34 0
1534 10 16 0
2
38 40 
2
1535 4 16 0
1535 10 16 0
2
245 40 
2
1536 34 32 0
1536 10 16 0
2
18 40 
2
1537 4 18 0
1537 10 16 0
2
244 40 
2
1538 34 34 0
1538 10 16 0
2
38 40 
2
1539 4 16 0
1539 10 16 0
2
245 40 
2
1540 34 32 0
1540 10 16 0
2
244 41 
2
1566 34 34 0
1566 20 12 0
2
39 41 
2
1567 22 8 0
1567 20 12 0
2
245 41 
2
1568 34 32 0
1568 20 12 0
2
19 41 
2
1569 20 8 0
1569 20 12 0
2
244 41 
2
1570 34 34 0
1570 20 12 0
2
39 41 
2
1571 22 8 0
1571 20 12 0
2
246 41 
2
1572 34 30 0
1572 20 12 0
2
246 42 
2
1536 34 30 0
1536 16 16 0
2
40 42 
2
1541 10 16 0
1541 16 16 0
2
244 42 
2
1542 34 34 0
1542 16 16 0
2
20 42 
2
1543 14 16 0
1543 16 16 0
2
245 42 
2
1544 34 32 0
1544 16 16 0
2
40 42 
2
1545 10 16 0
1545 16 16 0
2
244 42 
2
1546 34 34 0
1546 16 16 0
2
246 43 
2
1568 34 30 0
1568 18 14 0
2
41 43 
2
1573 20 12 0
1573 18 14 0
2
247 43 
2
1574 34 28 0
1574 18 14 0
2
21 43 
2
1575 20 14 0
1575 18 14 0
2
246 43 
2
1576 34 30 0
1576 18 14 0
2
41 43 
2
1577 20 12 0
1577 18 14 0
2
247 43 
2
1578 34 28 0
1578 18 14 0
2
42 228 
2
1547 16 16 0
1547 12 2 0
2
43 89 
2
1579 18 14 0
1579 24 14 0
2
42 229 
2
1548 16 16 0
1548 2 16 0
2
43 90 
2
1580 18 14 0
1580 20 10 0
2
42 230 
2
1549 16 16 0
1549 10 8 0
2
43 91 
2
1581 18 14 0
1581 28 8 0
2
42 231 
2
1550 16 16 0
1550 14 30 0
2
42 232 
2
1551 16 16 0
1551 26 22 0
2
42 233 
2
1552 16 16 0
1552 8 22 0
2
42 234 
2
1553 16 16 0
1553 12 22 0
2
42 235 
2
1554 16 16 0
1554 14 24 0
2
42 236 
2
1555 16 16 0
1555 8 10 0
2
42 237 
2
1556 16 16 0
1556 20 28 0
2
42 238 
2
1557 16 16 0
1557 14 10 0
2
42 239 
2
1558 16 16 0
1558 16 20 0
2
42 50 
2
1559 16 16 0
1559 4 12 0
2
42 45 
2
1560 16 16 0
1560 16 2 0
2
42 47 
2
1561 16 16 0
1561 26 12 0
2
42 49 
2
1562 16 16 0
1562 32 14 0
2
42 52 
2
1563 16 16 0
1563 18 4 0
2
42 53 
2
1564 16 16 0
1564 18 8 0
2
42 54 
2
1565 16 16 0
1565 24 6 0
2
42 55 
2
1566 16 16 0
1566 24 2 0
2
42 56 
2
1567 16 16 0
1567 32 18 0
2
40 42 
2
1568 10 16 0
1568 16 16 0
2
41 43 
2
1582 20 12 0
1582 18 14 0
2
42 228 
2
1569 16 16 0
1569 12 2 0
2
43 89 
2
1583 18 14 0
1583 24 14 0
2
42 229 
2
1570 16 16 0
1570 2 16 0
2
43 90 
2
1584 18 14 0
1584 20 10 0
2
42 230 
2
1571 16 16 0
1571 10 8 0
2
43 91 
2
1585 18 14 0
1585 28 8 0
2
42 231 
2
1572 16 16 0
1572 14 30 0
2
42 232 
2
1573 16 16 0
1573 26 22 0
2
42 233 
2
1574 16 16 0
1574 8 22 0
2
42 234 
2
1575 16 16 0
1575 12 22 0
2
42 235 
2
1576 16 16 0
1576 14 24 0
2
42 236 
2
1577 16 16 0
1577 8 10 0
2
42 237 
2
1578 16 16 0
1578 20 28 0
2
42 238 
2
1579 16 16 0
1579 14 10 0
2
42 239 
2
1580 16 16 0
1580 16 20 0
2
42 50 
2
1581 16 16 0
1581 4 12 0
2
42 45 
2
1582 16 16 0
1582 16 2 0
2
42 47 
2
1583 16 16 0
1583 26 12 0
2
42 49 
2
1584 16 16 0
1584 32 14 0
2
42 52 
2
1585 16 16 0
1585 18 4 0
2
42 53 
2
1586 16 16 0
1586 18 8 0
2
42 54 
2
1587 16 16 0
1587 24 6 0
2
42 55 
2
1588 16 16 0
1588 24 2 0
2
42 56 
2
1589 16 16 0
1589 32 18 0
2
20 40 
2
1569 14 16 0
1569 10 16 0
2
21 41 
2
1583 20 14 0
1583 20 12 0
2
38 40 
2
1570 4 16 0
1570 10 16 0
2
39 41 
2
1584 22 8 0
1584 20 12 0
2
244 42 
2
1590 34 34 0
1590 16 16 0
2
40 42 
2
1591 10 16 0
1591 16 16 0
2
246 42 
2
1592 34 30 0
1592 16 16 0
2
20 42 
2
1593 14 16 0
1593 16 16 0
2
244 42 
2
1594 34 34 0
1594 16 16 0
2
40 42 
2
1595 10 16 0
1595 16 16 0
2
245 42 
2
1596 34 32 0
1596 16 16 0
2
244 43 
2
1586 34 34 0
1586 18 14 0
2
41 43 
2
1587 20 12 0
1587 18 14 0
2
246 43 
2
1588 34 30 0
1588 18 14 0
2
21 43 
2
1589 20 14 0
1589 18 14 0
2
245 43 
2
1590 34 32 0
1590 18 14 0
2
41 43 
2
1591 20 12 0
1591 18 14 0
2
247 43 
2
1592 34 28 0
1592 18 14 0
2
42 229 
2
1597 16 16 0
1597 2 16 0
2
43 87 
2
1593 18 14 0
1593 22 14 0
2
42 230 
2
1598 16 16 0
1598 10 8 0
2
43 89 
2
1594 18 14 0
1594 24 14 0
2
42 231 
2
1599 16 16 0
1599 14 30 0
2
43 90 
2
1595 18 14 0
1595 20 10 0
2
42 232 
2
1600 16 16 0
1600 26 22 0
2
43 91 
2
1596 18 14 0
1596 28 8 0
2
42 233 
2
1601 16 16 0
1601 8 22 0
2
43 92 
2
1597 18 14 0
1597 32 12 0
2
42 234 
2
1602 16 16 0
1602 12 22 0
2
43 93 
2
1598 18 14 0
1598 20 2 0
2
42 235 
2
1603 16 16 0
1603 14 24 0
2
43 94 
2
1599 18 14 0
1599 8 6 0
2
42 236 
2
1604 16 16 0
1604 8 10 0
2
43 95 
2
1600 18 14 0
1600 6 12 0
2
42 237 
2
1605 16 16 0
1605 20 28 0
2
43 96 
2
1601 18 14 0
1601 16 4 0
2
42 238 
2
1606 16 16 0
1606 14 10 0
2
43 97 
2
1602 18 14 0
1602 12 14 0
2
42 239 
2
1607 16 16 0
1607 16 20 0
2
43 98 
2
1603 18 14 0
1603 22 16 0
2
42 50 
2
1608 16 16 0
1608 4 12 0
2
43 99 
2
1604 18 14 0
1604 18 24 0
2
42 45 
2
1609 16 16 0
1609 16 2 0
2
43 100 
2
1605 18 14 0
1605 12 10 0
2
42 47 
2
1610 16 16 0
1610 26 12 0
2
43 101 
2
1606 18 14 0
1606 18 18 0
2
42 49 
2
1611 16 16 0
1611 32 14 0
2
43 102 
2
1607 18 14 0
1607 14 8 0
2
42 52 
2
1612 16 16 0
1612 18 4 0
2
43 103 
2
1608 18 14 0
1608 14 6 0
2
42 53 
2
1613 16 16 0
1613 18 8 0
2
43 104 
2
1609 18 14 0
1609 22 26 0
2
42 54 
2
1614 16 16 0
1614 24 6 0
2
43 105 
2
1610 18 14 0
1610 20 16 0
2
42 55 
2
1615 16 16 0
1615 24 2 0
2
43 106 
2
1611 18 14 0
1611 24 20 0
2
42 56 
2
1616 16 16 0
1616 32 18 0
2
43 107 
2
1612 18 14 0
1612 30 16 0
2
42 57 
2
1617 16 16 0
1617 22 28 0
2
43 108 
2
1613 18 14 0
1613 28 10 0
2
40 42 
2
1618 10 16 0
1618 16 16 0
2
41 43 
2
1614 20 12 0
1614 18 14 0
2
42 229 
2
1619 16 16 0
1619 2 16 0
2
43 87 
2
1615 18 14 0
1615 22 14 0
2
42 230 
2
1620 16 16 0
1620 10 8 0
2
43 89 
2
1616 18 14 0
1616 24 14 0
2
42 231 
2
1621 16 16 0
1621 14 30 0
2
43 90 
2
1617 18 14 0
1617 20 10 0
2
42 232 
2
1622 16 16 0
1622 26 22 0
2
43 91 
2
1618 18 14 0
1618 28 8 0
2
42 233 
2
1623 16 16 0
1623 8 22 0
2
43 92 
2
1619 18 14 0
1619 32 12 0
2
42 234 
2
1624 16 16 0
1624 12 22 0
2
43 93 
2
1620 18 14 0
1620 20 2 0
2
42 235 
2
1625 16 16 0
1625 14 24 0
2
43 94 
2
1621 18 14 0
1621 8 6 0
2
42 236 
2
1626 16 16 0
1626 8 10 0
2
43 95 
2
1622 18 14 0
1622 6 12 0
2
42 237 
2
1627 16 16 0
1627 20 28 0
2
43 96 
2
1623 18 14 0
1623 16 4 0
2
42 238 
2
1628 16 16 0
1628 14 10 0
2
43 97 
2
1624 18 14 0
1624 12 14 0
2
42 239 
2
1629 16 16 0
1629 16 20 0
2
43 98 
2
1625 18 14 0
1625 22 16 0
2
42 50 
2
1630 16 16 0
1630 4 12 0
2
43 99 
2
1626 18 14 0
1626 18 24 0
2
42 45 
2
1631 16 16 0
1631 16 2 0
2
43 100 
2
1627 18 14 0
1627 12 10 0
2
42 47 
2
1632 16 16 0
1632 26 12 0
2
43 101 
2
1628 18 14 0
1628 18 18 0
2
42 49 
2
1633 16 16 0
1633 32 14 0
2
43 102 
2
1629 18 14 0
1629 14 8 0
2
42 52 
2
1634 16 16 0
1634 18 4 0
2
43 103 
2
1630 18 14 0
1630 14 6 0
2
42 53 
2
1635 16 16 0
1635 18 8 0
2
43 104 
2
1631 18 14 0
1631 22 26 0
2
42 54 
2
1636 16 16 0
1636 24 6 0
2
43 105 
2
1632 18 14 0
1632 20 16 0
2
42 55 
2
1637 16 16 0
1637 24 2 0
2
43 106 
2
1633 18 14 0
1633 24 20 0
2
42 56 
2
1638 16 16 0
1638 32 18 0
2
43 107 
2
1634 18 14 0
1634 30 16 0
2
42 57 
2
1639 16 16 0
1639 22 28 0
2
43 108 
2
1635 18 14 0
1635 28 10 0
2
20 40 
2
1619 14 16 0
1619 10 16 0
2
21 41 
2
1615 20 14 0
1615 20 12 0
2
18 38 
2
1571 4 18 0
1571 4 16 0
2
19 39 
2
1585 20 8 0
1585 22 8 0
2
16 36 
2
1523 4 24 0
1523 4 22 0
2
17 37 
2
1537 26 4 0
1537 24 4 0
2
34 36 
2
1524 2 24 0
1524 4 22 0
2
35 37 
2
1538 28 2 0
1538 24 4 0
2
245 38 
2
1572 34 32 0
1572 4 16 0
2
36 38 
2
1573 4 22 0
1573 4 16 0
2
244 38 
2
1574 34 34 0
1574 4 16 0
2
16 38 
2
1575 4 24 0
1575 4 16 0
2
245 38 
2
1576 34 32 0
1576 4 16 0
2
36 38 
2
1577 4 22 0
1577 4 16 0
2
244 38 
2
1578 34 34 0
1578 4 16 0
2
245 39 
2
1586 34 32 0
1586 22 8 0
2
37 39 
2
1587 24 4 0
1587 22 8 0
2
247 39 
2
1588 34 28 0
1588 22 8 0
2
17 39 
2
1589 26 4 0
1589 22 8 0
2
248 39 
2
1590 34 26 0
1590 22 8 0
2
37 39 
2
1591 24 4 0
1591 22 8 0
2
249 39 
2
1592 34 24 0
1592 22 8 0
2
244 40 
2
1620 34 34 0
1620 10 16 0
2
38 40 
2
1621 4 16 0
1621 10 16 0
2
245 40 
2
1622 34 32 0
1622 10 16 0
2
18 40 
2
1623 4 18 0
1623 10 16 0
2
244 40 
2
1624 34 34 0
1624 10 16 0
2
38 40 
2
1625 4 16 0
1625 10 16 0
2
245 40 
2
1626 34 32 0
1626 10 16 0
2
244 41 
2
1616 34 34 0
1616 20 12 0
2
39 41 
2
1617 22 8 0
1617 20 12 0
2
245 41 
2
1618 34 32 0
1618 20 12 0
2
19 41 
2
1619 20 8 0
1619 20 12 0
2
246 41 
2
1620 34 30 0
1620 20 12 0
2
39 41 
2
1621 22 8 0
1621 20 12 0
2
247 41 
2
1622 34 28 0
1622 20 12 0
2
244 42 
2
1640 34 34 0
1640 16 16 0
2
40 42 
2
1641 10 16 0
1641 16 16 0
2
245 42 
2
1642 34 32 0
1642 16 16 0
2
20 42 
2
1643 14 16 0
1643 16 16 0
2
244 42 
2
1644 34 34 0
1644 16 16 0
2
40 42 
2
1645 10 16 0
1645 16 16 0
2
245 42 
2
1646 34 32 0
1646 16 16 0
2
244 43 
2
1636 34 34 0
1636 18 14 0
2
41 43 
2
1637 20 12 0
1637 18 14 0
2
245 43 
2
1638 34 32 0
1638 18 14 0
2
21 43 
2
1639 20 14 0
1639 18 14 0
2
246 43 
2
1640 34 30 0
1640 18 14 0
2
41 43 
2
1641 20 12 0
1641 18 14 0
2
247 43 
2
1642 34 28 0
1642 18 14 0
2
42 228 
2
1647 16 16 0
1647 12 2 0
2
43 89 
2
1643 18 14 0
1643 24 14 0
2
42 229 
2
1648 16 16 0
1648 2 16 0
2
43 90 
2
1644 18 14 0
1644 20 10 0
2
42 230 
2
1649 16 16 0
1649 10 8 0
2
43 91 
2
1645 18 14 0
1645 28 8 0
2
42 231 
2
1650 16 16 0
1650 14 30 0
2
43 92 
2
1646 18 14 0
1646 32 12 0
2
42 232 
2
1651 16 16 0
1651 26 22 0
2
43 93 
2
1647 18 14 0
1647 20 2 0
2
42 233 
2
1652 16 16 0
1652 8 22 0
2
43 94 
2
1648 18 14 0
1648 8 6 0
2
42 234 
2
1653 16 16 0
1653 12 22 0
2
43 95 
2
1649 18 14 0
1649 6 12 0
2
42 235 
2
1654 16 16 0
1654 14 24 0
2
43 96 
2
1650 18 14 0
1650 16 4 0
2
42 236 
2
1655 16 16 0
1655 8 10 0
2
43 97 
2
1651 18 14 0
1651 12 14 0
2
42 237 
2
1656 16 16 0
1656 20 28 0
2
43 98 
2
1652 18 14 0
1652 22 16 0
2
42 238 
2
1657 16 16 0
1657 14 10 0
2
43 99 
2
1653 18 14 0
1653 18 24 0
2
42 239 
2
1658 16 16 0
1658 16 20 0
2
43 100 
2
1654 18 14 0
1654 12 10 0
2
42 50 
2
1659 16 16 0
1659 4 12 0
2
43 101 
2
1655 18 14 0
1655 18 18 0
2
42 45 
2
1660 16 16 0
1660 16 2 0
2
43 102 
2
1656 18 14 0
1656 14 8 0
2
42 47 
2
1661 16 16 0
1661 26 12 0
2
43 103 
2
1657 18 14 0
1657 14 6 0
2
42 49 
2
1662 16 16 0
1662 32 14 0
2
43 104 
2
1658 18 14 0
1658 22 26 0
2
42 52 
2
1663 16 16 0
1663 18 4 0
2
43 105 
2
1659 18 14 0
1659 20 16 0
2
42 53 
2
1664 16 16 0
1664 18 8 0
2
43 106 
2
1660 18 14 0
1660 24 20 0
2
42 54 
2
1665 16 16 0
1665 24 6 0
2
43 107 
2
1661 18 14 0
1661 30 16 0
2
43 108 
2
1662 18 14 0
1662 28 10 0
2
43 109 
2
1663 18 14 0
1663 26 10 0
2
40 42 
2
1666 10 16 0
1666 16 16 0
2
41 43 
2
1664 20 12 0
1664 18 14 0
2
42 228 
2
1667 16 16 0
1667 12 2 0
2
43 89 
2
1665 18 14 0
1665 24 14 0
2
42 229 
2
1668 16 16 0
1668 2 16 0
2
43 90 
2
1666 18 14 0
1666 20 10 0
2
42 230 
2
1669 16 16 0
1669 10 8 0
2
43 91 
2
1667 18 14 0
1667 28 8 0
2
42 231 
2
1670 16 16 0
1670 14 30 0
2
43 92 
2
1668 18 14 0
1668 32 12 0
2
42 232 
2
1671 16 16 0
1671 26 22 0
2
43 93 
2
1669 18 14 0
1669 20 2 0
2
42 233 
2
1672 16 16 0
1672 8 22 0
2
43 94 
2
1670 18 14 0
1670 8 6 0
2
42 234 
2
1673 16 16 0
1673 12 22 0
2
43 95 
2
1671 18 14 0
1671 6 12 0
2
42 235 
2
1674 16 16 0
1674 14 24 0
2
43 96 
2
1672 18 14 0
1672 16 4 0
2
42 236 
2
1675 16 16 0
1675 8 10 0
2
43 97 
2
1673 18 14 0
1673 12 14 0
2
42 237 
2
1676 16 16 0
1676 20 28 0
2
43 98 
2
1674 18 14 0
1674 22 16 0
2
42 238 
2
1677 16 16 0
1677 14 10 0
2
43 99 
2
1675 18 14 0
1675 18 24 0
2
42 239 
2
1678 16 16 0
1678 16 20 0
2
43 100 
2
1676 18 14 0
1676 12 10 0
2
42 50 
2
1679 16 16 0
1679 4 12 0
2
43 101 
2
1677 18 14 0
1677 18 18 0
2
42 45 
2
1680 16 16 0
1680 16 2 0
2
43 102 
2
1678 18 14 0
1678 14 8 0
2
42 47 
2
1681 16 16 0
1681 26 12 0
2
43 103 
2
1679 18 14 0
1679 14 6 0
2
42 49 
2
1682 16 16 0
1682 32 14 0
2
43 104 
2
1680 18 14 0
1680 22 26 0
2
42 52 
2
1683 16 16 0
1683 18 4 0
2
43 105 
2
1681 18 14 0
1681 20 16 0
2
42 53 
2
1684 16 16 0
1684 18 8 0
2
43 106 
2
1682 18 14 0
1682 24 20 0
2
42 54 
2
1685 16 16 0
1685 24 6 0
2
43 107 
2
1683 18 14 0
1683 30 16 0
2
43 108 
2
1684 18 14 0
1684 28 10 0
2
43 109 
2
1685 18 14 0
1685 26 10 0
2
20 40 
2
1667 14 16 0
1667 10 16 0
2
21 41 
2
1665 20 14 0
1665 20 12 0
2
38 40 
2
1668 4 16 0
1668 10 16 0
2
39 41 
2
1666 22 8 0
1666 20 12 0
2
244 42 
2
1686 34 34 0
1686 16 16 0
2
40 42 
2
1687 10 16 0
1687 16 16 0
2
246 42 
2
1688 34 30 0
1688 16 16 0
2
20 42 
2
1689 14 16 0
1689 16 16 0
2
244 42 
2
1690 34 34 0
1690 16 16 0
2
40 42 
2
1691 10 16 0
1691 16 16 0
2
246 42 
2
1692 34 30 0
1692 16 16 0
2
245 43 
2
1686 34 32 0
1686 18 14 0
2
41 43 
2
1687 20 12 0
1687 18 14 0
2
247 43 
2
1688 34 28 0
1688 18 14 0
2
21 43 
2
1689 20 14 0
1689 18 14 0
2
245 43 
2
1690 34 32 0
1690 18 14 0
2
41 43 
2
1691 20 12 0
1691 18 14 0
2
247 43 
2
1692 34 28 0
1692 18 14 0
2
42 229 
2
1693 16 16 0
1693 2 16 0
2
43 108 
2
1693 18 14 0
1693 28 10 0
2
42 230 
2
1694 16 16 0
1694 10 8 0
2
43 109 
2
1694 18 14 0
1694 26 10 0
2
42 231 
2
1695 16 16 0
1695 14 30 0
2
43 111 
2
1695 18 14 0
1695 18 6 0
2
42 232 
2
1696 16 16 0
1696 26 22 0
2
42 233 
2
1697 16 16 0
1697 8 22 0
2
42 234 
2
1698 16 16 0
1698 12 22 0
2
42 235 
2
1699 16 16 0
1699 14 24 0
2
42 236 
2
1700 16 16 0
1700 8 10 0
2
42 237 
2
1701 16 16 0
1701 20 28 0
2
42 238 
2
1702 16 16 0
1702 14 10 0
2
42 239 
2
1703 16 16 0
1703 16 20 0
2
42 50 
2
1704 16 16 0
1704 4 12 0
2
42 45 
2
1705 16 16 0
1705 16 2 0
2
42 47 
2
1706 16 16 0
1706 26 12 0
2
42 49 
2
1707 16 16 0
1707 32 14 0
2
42 52 
2
1708 16 16 0
1708 18 4 0
2
42 53 
2
1709 16 16 0
1709 18 8 0
2
42 54 
2
1710 16 16 0
1710 24 6 0
2
42 55 
2
1711 16 16 0
1711 24 2 0
2
40 42 
2
1712 10 16 0
1712 16 16 0
2
41 43 
2
1696 20 12 0
1696 18 14 0
2
42 229 
2
1713 16 16 0
1713 2 16 0
2
43 108 
2
1697 18 14 0
1697 28 10 0
2
42 230 
2
1714 16 16 0
1714 10 8 0
2
43 109 
2
1698 18 14 0
1698 26 10 0
2
42 231 
2
1715 16 16 0
1715 14 30 0
2
43 111 
2
1699 18 14 0
1699 18 6 0
2
42 232 
2
1716 16 16 0
1716 26 22 0
2
42 233 
2
1717 16 16 0
1717 8 22 0
2
42 234 
2
1718 16 16 0
1718 12 22 0
2
42 235 
2
1719 16 16 0
1719 14 24 0
2
42 236 
2
1720 16 16 0
1720 8 10 0
2
42 237 
2
1721 16 16 0
1721 20 28 0
2
42 238 
2
1722 16 16 0
1722 14 10 0
2
42 239 
2
1723 16 16 0
1723 16 20 0
2
42 50 
2
1724 16 16 0
1724 4 12 0
2
42 45 
2
1725 16 16 0
1725 16 2 0
2
42 47 
2
1726 16 16 0
1726 26 12 0
2
42 49 
2
1727 16 16 0
1727 32 14 0
2
42 52 
2
1728 16 16 0
1728 18 4 0
2
42 53 
2
1729 16 16 0
1729 18 8 0
2
42 54 
2
1730 16 16 0
1730 24 6 0
2
42 55 
2
1731 16 16 0
1731 24 2 0
2
20 40 
2
1713 14 16 0
1713 10 16 0
2
21 41 
2
1697 20 14 0
1697 20 12 0
2
18 38 
2
1669 4 18 0
1669 4 16 0
2
19 39 
2
1667 20 8 0
1667 22 8 0
2
36 38 
2
1670 4 22 0
1670 4 16 0
2
37 39 
2
1668 24 4 0
1668 22 8 0
2
244 40 
2
1714 34 34 0
1714 10 16 0
2
38 40 
2
1715 4 16 0
1715 10 16 0
2
245 40 
2
1716 34 32 0
1716 10 16 0
2
18 40 
2
1717 4 18 0
1717 10 16 0
2
244 40 
2
1718 34 34 0
1718 10 16 0
2
38 40 
2
1719 4 16 0
1719 10 16 0
2
245 40 
2
1720 34 32 0
1720 10 16 0
2
244 41 
2
1698 34 34 0
1698 20 12 0
2
39 41 
2
1699 22 8 0
1699 20 12 0
2
245 41 
2
1700 34 32 0
1700 20 12 0
2
19 41 
2
1701 20 8 0
1701 20 12 0
2
244 41 
2
1702 34 34 0
1702 20 12 0
2
39 41 
2
1703 22 8 0
1703 20 12 0
2
245 41 
2
1704 34 32 0
1704 20 12 0
2
244 42 
2
1732 34 34 0
1732 16 16 0
2
40 42 
2
1733 10 16 0
1733 16 16 0
2
245 42 
2
1734 34 32 0
1734 16 16 0
2
20 42 
2
1735 14 16 0
1735 16 16 0
2
244 42 
2
1736 34 34 0
1736 16 16 0
2
40 42 
2
1737 10 16 0
1737 16 16 0
2
245 42 
2
1738 34 32 0
1738 16 16 0
2
246 43 
2
1700 34 30 0
1700 18 14 0
2
41 43 
2
1705 20 12 0
1705 18 14 0
2
244 43 
2
1706 34 34 0
1706 18 14 0
2
21 43 
2
1707 20 14 0
1707 18 14 0
2
245 43 
2
1708 34 32 0
1708 18 14 0
2
41 43 
2
1709 20 12 0
1709 18 14 0
2
244 43 
2
1710 34 34 0
1710 18 14 0
2
42 230 
2
1739 16 16 0
1739 10 8 0
2
43 109 
2
1711 18 14 0
1711 26 10 0
2
42 231 
2
1740 16 16 0
1740 14 30 0
2
43 111 
2
1712 18 14 0
1712 18 6 0
2
42 232 
2
1741 16 16 0
1741 26 22 0
2
43 112 
2
1713 18 14 0
1713 30 14 0
2
40 42 
2
1742 10 16 0
1742 16 16 0
2
41 43 
2
1714 20 12 0
1714 18 14 0
2
42 230 
2
1743 16 16 0
1743 10 8 0
2
43 109 
2
1715 18 14 0
1715 26 10 0
2
42 231 
2
1744 16 16 0
1744 14 30 0
2
43 111 
2
1716 18 14 0
1716 18 6 0
2
42 232 
2
1745 16 16 0
1745 26 22 0
2
43 112 
2
1717 18 14 0
1717 30 14 0
2
20 40 
2
1743 14 16 0
1743 10 16 0
2
21 41 
2
1715 20 14 0
1715 20 12 0
2
38 40 
2
1744 4 16 0
1744 10 16 0
2
39 41 
2
1716 22 8 0
1716 20 12 0
2
244 42 
2
1746 34 34 0
1746 16 16 0
2
40 42 
2
1747 10 16 0
1747 16 16 0
2
246 42 
2
1748 34 30 0
1748 16 16 0
2
20 42 
2
1749 14 16 0
1749 16 16 0
2
244 42 
2
1750 34 34 0
1750 16 16 0
2
40 42 
2
1751 10 16 0
1751 16 16 0
2
246 42 
2
1752 34 30 0
1752 16 16 0
2
246 43 
2
1718 34 30 0
1718 18 14 0
2
41 43 
2
1719 20 12 0
1719 18 14 0
2
248 43 
2
1720 34 26 0
1720 18 14 0
2
21 43 
2
1721 20 14 0
1721 18 14 0
2
244 43 
2
1722 34 34 0
1722 18 14 0
2
41 43 
2
1723 20 12 0
1723 18 14 0
2
245 43 
2
1724 34 32 0
1724 18 14 0
2
42 231 
2
1753 16 16 0
1753 14 30 0
2
43 108 
2
1725 18 14 0
1725 28 10 0
2
42 232 
2
1754 16 16 0
1754 26 22 0
2
43 109 
2
1726 18 14 0
1726 26 10 0
2
42 233 
2
1755 16 16 0
1755 8 22 0
2
43 111 
2
1727 18 14 0
1727 18 6 0
2
43 112 
2
1728 18 14 0
1728 30 14 0
2
43 113 
2
1729 18 14 0
1729 22 4 0
2
43 114 
2
1730 18 14 0
1730 30 10 0
2
43 115 
2
1731 18 14 0
1731 2 10 0
2
43 116 
2
1732 18 14 0
1732 8 8 0
2
43 117 
2
1733 18 14 0
1733 12 8 0
2
43 118 
2
1734 18 14 0
1734 12 12 0
2
43 119 
2
1735 18 14 0
1735 22 18 0
2
43 120 
2
1736 18 14 0
1736 28 20 0
2
43 121 
2
1737 18 14 0
1737 8 14 0
2
43 122 
2
1738 18 14 0
1738 12 6 0
2
43 123 
2
1739 18 14 0
1739 22 20 0
2
43 124 
2
1740 18 14 0
1740 20 26 0
2
43 125 
2
1741 18 14 0
1741 12 16 0
2
43 126 
2
1742 18 14 0
1742 16 10 0
2
43 128 
2
1743 18 14 0
1743 16 14 0
2
43 129 
2
1744 18 14 0
1744 28 12 0
2
43 130 
2
1745 18 14 0
1745 22 6 0
2
40 42 
2
1756 10 16 0
1756 16 16 0
2
41 43 
2
1746 20 12 0
1746 18 14 0
2
42 231 
2
1757 16 16 0
1757 14 30 0
2
43 108 
2
1747 18 14 0
1747 28 10 0
2
42 232 
2
1758 16 16 0
1758 26 22 0
2
43 109 
2
1748 18 14 0
1748 26 10 0
2
42 233 
2
1759 16 16 0
1759 8 22 0
2
43 111 
2
1749 18 14 0
1749 18 6 0
2
43 112 
2
1750 18 14 0
1750 30 14 0
2
43 113 
2
1751 18 14 0
1751 22 4 0
2
43 114 
2
1752 18 14 0
1752 30 10 0
2
43 115 
2
1753 18 14 0
1753 2 10 0
2
43 116 
2
1754 18 14 0
1754 8 8 0
2
43 117 
2
1755 18 14 0
1755 12 8 0
2
43 118 
2
1756 18 14 0
1756 12 12 0
2
43 119 
2
1757 18 14 0
1757 22 18 0
2
43 120 
2
1758 18 14 0
1758 28 20 0
2
43 121 
2
1759 18 14 0
1759 8 14 0
2
43 122 
2
1760 18 14 0
1760 12 6 0
2
43 123 
2
1761 18 14 0
1761 22 20 0
2
43 124 
2
1762 18 14 0
1762 20 26 0
2
43 125 
2
1763 18 14 0
1763 12 16 0
2
43 126 
2
1764 18 14 0
1764 16 10 0
2
43 128 
2
1765 18 14 0
1765 16 14 0
2
43 129 
2
1766 18 14 0
1766 28 12 0
2
43 130 
2
1767 18 14 0
1767 22 6 0
2
20 40 
2
1757 14 16 0
1757 10 16 0
2
21 41 
2
1747 20 14 0
1747 20 12 0
2
18 38 
2
1745 4 18 0
1745 4 16 0
2
19 39 
2
1717 20 8 0
1717 22 8 0
2
16 36 
2
1671 4 24 0
1671 4 22 0
2
17 37 
2
1669 26 4 0
1669 24 4 0
2
14 34 
2
1525 4 26 0
1525 2 24 0
2
15 35 
2
1539 26 2 0
1539 28 2 0
2
12 32 
2
1212 2 26 0
1212 2 28 0
2
13 33 
2
1233 30 2 0
1233 32 2 0
2
30 32 
2
1213 4 28 0
1213 2 28 0
2
31 33 
2
1234 32 6 0
1234 32 2 0
2
246 34 
2
1526 34 30 0
1526 2 24 0
2
32 34 
2
1527 2 28 0
1527 2 24 0
2
247 34 
2
1528 34 28 0
1528 2 24 0
2
12 34 
2
1529 2 26 0
1529 2 24 0
2
244 34 
2
1530 34 34 0
1530 2 24 0
2
32 34 
2
1531 2 28 0
1531 2 24 0
2
245 34 
2
1532 34 32 0
1532 2 24 0
2
246 35 
2
1540 34 30 0
1540 28 2 0
2
33 35 
2
1541 32 2 0
1541 28 2 0
2
247 35 
2
1542 34 28 0
1542 28 2 0
2
13 35 
2
1543 30 2 0
1543 28 2 0
2
246 35 
2
1544 34 30 0
1544 28 2 0
2
33 35 
2
1545 32 2 0
1545 28 2 0
2
247 35 
2
1546 34 28 0
1546 28 2 0
2
245 36 
2
1672 34 32 0
1672 4 22 0
2
34 36 
2
1673 2 24 0
1673 4 22 0
2
244 36 
2
1674 34 34 0
1674 4 22 0
2
14 36 
2
1675 4 26 0
1675 4 22 0
2
245 36 
2
1676 34 32 0
1676 4 22 0
2
34 36 
2
1677 2 24 0
1677 4 22 0
2
244 36 
2
1678 34 34 0
1678 4 22 0
2
244 37 
2
1670 34 34 0
1670 24 4 0
2
35 37 
2
1671 28 2 0
1671 24 4 0
2
246 37 
2
1672 34 30 0
1672 24 4 0
2
15 37 
2
1673 26 2 0
1673 24 4 0
2
247 37 
2
1674 34 28 0
1674 24 4 0
2
35 37 
2
1675 28 2 0
1675 24 4 0
2
246 37 
2
1676 34 30 0
1676 24 4 0
2
245 38 
2
1746 34 32 0
1746 4 16 0
2
36 38 
2
1747 4 22 0
1747 4 16 0
2
247 38 
2
1748 34 28 0
1748 4 16 0
2
16 38 
2
1749 4 24 0
1749 4 16 0
2
245 38 
2
1750 34 32 0
1750 4 16 0
2
36 38 
2
1751 4 22 0
1751 4 16 0
2
247 38 
2
1752 34 28 0
1752 4 16 0
2
247 39 
2
1718 34 28 0
1718 22 8 0
2
37 39 
2
1719 24 4 0
1719 22 8 0
2
249 39 
2
1720 34 24 0
1720 22 8 0
2
17 39 
2
1721 26 4 0
1721 22 8 0
2
246 39 
2
1722 34 30 0
1722 22 8 0
2
37 39 
2
1723 24 4 0
1723 22 8 0
2
247 39 
2
1724 34 28 0
1724 22 8 0
2
244 40 
2
1758 34 34 0
1758 10 16 0
2
38 40 
2
1759 4 16 0
1759 10 16 0
2
245 40 
2
1760 34 32 0
1760 10 16 0
2
18 40 
2
1761 4 18 0
1761 10 16 0
2
244 40 
2
1762 34 34 0
1762 10 16 0
2
38 40 
2
1763 4 16 0
1763 10 16 0
2
245 40 
2
1764 34 32 0
1764 10 16 0
2
248 41 
2
1748 34 26 0
1748 20 12 0
2
39 41 
2
1749 22 8 0
1749 20 12 0
2
249 41 
2
1750 34 24 0
1750 20 12 0
2
19 41 
2
1751 20 8 0
1751 20 12 0
2
248 41 
2
1752 34 26 0
1752 20 12 0
2
39 41 
2
1753 22 8 0
1753 20 12 0
2
244 41 
2
1754 34 34 0
1754 20 12 0
2
246 42 
2
1760 34 30 0
1760 16 16 0
2
40 42 
2
1765 10 16 0
1765 16 16 0
2
244 42 
2
1766 34 34 0
1766 16 16 0
2
20 42 
2
1767 14 16 0
1767 16 16 0
2
245 42 
2
1768 34 32 0
1768 16 16 0
2
40 42 
2
1769 10 16 0
1769 16 16 0
2
244 42 
2
1770 34 34 0
1770 16 16 0
2
246 43 
2
1768 34 30 0
1768 18 14 0
2
41 43 
2
1769 20 12 0
1769 18 14 0
2
247 43 
2
1770 34 28 0
1770 18 14 0
2
21 43 
2
1771 20 14 0
1771 18 14 0
2
245 43 
2
1772 34 32 0
1772 18 14 0
2
41 43 
2
1773 20 12 0
1773 18 14 0
2
244 43 
2
1774 34 34 0
1774 18 14 0
2
42 230 
2
1771 16 16 0
1771 10 8 0
2
43 109 
2
1775 18 14 0
1775 26 10 0
2
42 231 
2
1772 16 16 0
1772 14 30 0
2
43 111 
2
1776 18 14 0
1776 18 6 0
2
42 232 
2
1773 16 16 0
1773 26 22 0
2
43 112 
2
1777 18 14 0
1777 30 14 0
2
42 233 
2
1774 16 16 0
1774 8 22 0
2
43 113 
2
1778 18 14 0
1778 22 4 0
2
42 234 
2
1775 16 16 0
1775 12 22 0
2
43 114 
2
1779 18 14 0
1779 30 10 0
2
42 235 
2
1776 16 16 0
1776 14 24 0
2
43 115 
2
1780 18 14 0
1780 2 10 0
2
42 236 
2
1777 16 16 0
1777 8 10 0
2
43 116 
2
1781 18 14 0
1781 8 8 0
2
42 237 
2
1778 16 16 0
1778 20 28 0
2
43 117 
2
1782 18 14 0
1782 12 8 0
2
42 238 
2
1779 16 16 0
1779 14 10 0
2
43 118 
2
1783 18 14 0
1783 12 12 0
2
42 239 
2
1780 16 16 0
1780 16 20 0
2
43 119 
2
1784 18 14 0
1784 22 18 0
2
42 50 
2
1781 16 16 0
1781 4 12 0
2
43 120 
2
1785 18 14 0
1785 28 20 0
2
42 45 
2
1782 16 16 0
1782 16 2 0
2
43 121 
2
1786 18 14 0
1786 8 14 0
2
42 47 
2
1783 16 16 0
1783 26 12 0
2
43 122 
2
1787 18 14 0
1787 12 6 0
2
42 49 
2
1784 16 16 0
1784 32 14 0
2
43 123 
2
1788 18 14 0
1788 22 20 0
2
42 52 
2
1785 16 16 0
1785 18 4 0
2
43 124 
2
1789 18 14 0
1789 20 26 0
2
42 53 
2
1786 16 16 0
1786 18 8 0
2
43 125 
2
1790 18 14 0
1790 12 16 0
2
42 54 
2
1787 16 16 0
1787 24 6 0
2
43 126 
2
1791 18 14 0
1791 16 10 0
2
42 55 
2
1788 16 16 0
1788 24 2 0
2
43 128 
2
1792 18 14 0
1792 16 14 0
2
42 56 
2
1789 16 16 0
1789 32 18 0
2
43 129 
2
1793 18 14 0
1793 28 12 0
2
42 57 
2
1790 16 16 0
1790 22 28 0
2
43 130 
2
1794 18 14 0
1794 22 6 0
2
42 58 
2
1791 16 16 0
1791 10 10 0
2
43 131 
2
1795 18 14 0
1795 28 14 0
2
40 42 
2
1792 10 16 0
1792 16 16 0
2
41 43 
2
1796 20 12 0
1796 18 14 0
2
42 230 
2
1793 16 16 0
1793 10 8 0
2
43 109 
2
1797 18 14 0
1797 26 10 0
2
42 231 
2
1794 16 16 0
1794 14 30 0
2
43 111 
2
1798 18 14 0
1798 18 6 0
2
42 232 
2
1795 16 16 0
1795 26 22 0
2
43 112 
2
1799 18 14 0
1799 30 14 0
2
42 233 
2
1796 16 16 0
1796 8 22 0
2
43 113 
2
1800 18 14 0
1800 22 4 0
2
42 234 
2
1797 16 16 0
1797 12 22 0
2
43 114 
2
1801 18 14 0
1801 30 10 0
2
42 235 
2
1798 16 16 0
1798 14 24 0
2
43 115 
2
1802 18 14 0
1802 2 10 0
2
42 236 
2
1799 16 16 0
1799 8 10 0
2
43 116 
2
1803 18 14 0
1803 8 8 0
2
42 237 
2
1800 16 16 0
1800 20 28 0
2
43 117 
2
1804 18 14 0
1804 12 8 0
2
42 238 
2
1801 16 16 0
1801 14 10 0
2
43 118 
2
1805 18 14 0
1805 12 12 0
2
42 239 
2
1802 16 16 0
1802 16 20 0
2
43 119 
2
1806 18 14 0
1806 22 18 0
2
42 50 
2
1803 16 16 0
1803 4 12 0
2
43 120 
2
1807 18 14 0
1807 28 20 0
2
42 45 
2
1804 16 16 0
1804 16 2 0
2
43 121 
2
1808 18 14 0
1808 8 14 0
2
42 47 
2
1805 16 16 0
1805 26 12 0
2
43 122 
2
1809 18 14 0
1809 12 6 0
2
42 49 
2
1806 16 16 0
1806 32 14 0
2
43 123 
2
1810 18 14 0
1810 22 20 0
2
42 52 
2
1807 16 16 0
1807 18 4 0
2
43 124 
2
1811 18 14 0
1811 20 26 0
2
42 53 
2
1808 16 16 0
1808 18 8 0
2
43 125 
2
1812 18 14 0
1812 12 16 0
2
42 54 
2
1809 16 16 0
1809 24 6 0
2
43 126 
2
1813 18 14 0
1813 16 10 0
2
42 55 
2
1810 16 16 0
1810 24 2 0
2
43 128 
2
1814 18 14 0
1814 16 14 0
2
42 56 
2
1811 16 16 0
1811 32 18 0
2
43 129 
2
1815 18 14 0
1815 28 12 0
2
42 57 
2
1812 16 16 0
1812 22 28 0
2
43 130 
2
1816 18 14 0
1816 22 6 0
2
42 58 
2
1813 16 16 0
1813 10 10 0
2
43 131 
2
1817 18 14 0
1817 28 14 0
2
20 40 
2
1793 14 16 0
1793 10 16 0
2
21 41 
2
1797 20 14 0
1797 20 12 0
2
38 40 
2
1794 4 16 0
1794 10 16 0
2
39 41 
2
1798 22 8 0
1798 20 12 0
2
244 42 
2
1814 34 34 0
1814 16 16 0
2
40 42 
2
1815 10 16 0
1815 16 16 0
2
245 42 
2
1816 34 32 0
1816 16 16 0
2
20 42 
2
1817 14 16 0
1817 16 16 0
2
244 42 
2
1818 34 34 0
1818 16 16 0
2
40 42 
2
1819 10 16 0
1819 16 16 0
2
245 42 
2
1820 34 32 0
1820 16 16 0
2
246 43 
2
1818 34 30 0
1818 18 14 0
2
41 43 
2
1819 20 12 0
1819 18 14 0
2
247 43 
2
1820 34 28 0
1820 18 14 0
2
21 43 
2
1821 20 14 0
1821 18 14 0
2
244 43 
2
1822 34 34 0
1822 18 14 0
2
41 43 
2
1823 20 12 0
1823 18 14 0
2
245 43 
2
1824 34 32 0
1824 18 14 0
2
42 231 
2
1821 16 16 0
1821 14 30 0
2
43 130 
2
1825 18 14 0
1825 22 6 0
2
42 232 
2
1822 16 16 0
1822 26 22 0
2
43 131 
2
1826 18 14 0
1826 28 14 0
2
42 233 
2
1823 16 16 0
1823 8 22 0
2
43 149 
2
1827 18 14 0
1827 20 6 0
2
42 234 
2
1824 16 16 0
1824 12 22 0
2
42 235 
2
1825 16 16 0
1825 14 24 0
2
42 236 
2
1826 16 16 0
1826 8 10 0
2
42 237 
2
1827 16 16 0
1827 20 28 0
2
42 238 
2
1828 16 16 0
1828 14 10 0
2
42 239 
2
1829 16 16 0
1829 16 20 0
2
42 50 
2
1830 16 16 0
1830 4 12 0
2
42 45 
2
1831 16 16 0
1831 16 2 0
2
42 47 
2
1832 16 16 0
1832 26 12 0
2
42 49 
2
1833 16 16 0
1833 32 14 0
2
42 52 
2
1834 16 16 0
1834 18 4 0
2
42 53 
2
1835 16 16 0
1835 18 8 0
2
42 54 
2
1836 16 16 0
1836 24 6 0
2
42 55 
2
1837 16 16 0
1837 24 2 0
2
42 56 
2
1838 16 16 0
1838 32 18 0
2
42 57 
2
1839 16 16 0
1839 22 28 0
2
42 58 
2
1840 16 16 0
1840 10 10 0
2
42 59 
2
1841 16 16 0
1841 28 16 0
2
40 42 
2
1842 10 16 0
1842 16 16 0
2
41 43 
2
1828 20 12 0
1828 18 14 0
2
42 231 
2
1843 16 16 0
1843 14 30 0
2
43 130 
2
1829 18 14 0
1829 22 6 0
2
42 232 
2
1844 16 16 0
1844 26 22 0
2
43 131 
2
1830 18 14 0
1830 28 14 0
2
42 233 
2
1845 16 16 0
1845 8 22 0
2
43 149 
2
1831 18 14 0
1831 20 6 0
2
42 234 
2
1846 16 16 0
1846 12 22 0
2
42 235 
2
1847 16 16 0
1847 14 24 0
2
42 236 
2
1848 16 16 0
1848 8 10 0
2
42 237 
2
1849 16 16 0
1849 20 28 0
2
42 238 
2
1850 16 16 0
1850 14 10 0
2
42 239 
2
1851 16 16 0
1851 16 20 0
2
42 50 
2
1852 16 16 0
1852 4 12 0
2
42 45 
2
1853 16 16 0
1853 16 2 0
2
42 47 
2
1854 16 16 0
1854 26 12 0
2
42 49 
2
1855 16 16 0
1855 32 14 0
2
42 52 
2
1856 16 16 0
1856 18 4 0
2
42 53 
2
1857 16 16 0
1857 18 8 0
2
42 54 
2
1858 16 16 0
1858 24 6 0
2
42 55 
2
1859 16 16 0
1859 24 2 0
2
42 56 
2
1860 16 16 0
1860 32 18 0
2
42 57 
2
1861 16 16 0
1861 22 28 0
2
42 58 
2
1862 16 16 0
1862 10 10 0
2
42 59 
2
1863 16 16 0
1863 28 16 0
2
20 40 
2
1843 14 16 0
1843 10 16 0
2
21 41 
2
1829 20 14 0
1829 20 12 0
2
18 38 
2
1795 4 18 0
1795 4 16 0
2
19 39 
2
1799 20 8 0
1799 22 8 0
2
36 38 
2
1796 4 22 0
1796 4 16 0
2
37 39 
2
1800 24 4 0
1800 22 8 0
2
245 40 
2
1844 34 32 0
1844 10 16 0
2
38 40 
2
1845 4 16 0
1845 10 16 0
2
244 40 
2
1846 34 34 0
1846 10 16 0
2
18 40 
2
1847 4 18 0
1847 10 16 0
2
245 40 
2
1848 34 32 0
1848 10 16 0
2
38 40 
2
1849 4 16 0
1849 10 16 0
2
244 40 
2
1850 34 34 0
1850 10 16 0
2
244 41 
2
1830 34 34 0
1830 20 12 0
2
39 41 
2
1831 22 8 0
1831 20 12 0
2
245 41 
2
1832 34 32 0
1832 20 12 0
2
19 41 
2
1833 20 8 0
1833 20 12 0
2
244 41 
2
1834 34 34 0
1834 20 12 0
2
39 41 
2
1835 22 8 0
1835 20 12 0
2
245 41 
2
1836 34 32 0
1836 20 12 0
2
244 42 
2
1864 34 34 0
1864 16 16 0
2
40 42 
2
1865 10 16 0
1865 16 16 0
2
245 42 
2
1866 34 32 0
1866 16 16 0
2
20 42 
2
1867 14 16 0
1867 16 16 0
2
244 42 
2
1868 34 34 0
1868 16 16 0
2
40 42 
2
1869 10 16 0
1869 16 16 0
2
245 42 
2
1870 34 32 0
1870 16 16 0
2
246 43 
2
1832 34 30 0
1832 18 14 0
2
41 43 
2
1837 20 12 0
1837 18 14 0
2
244 43 
2
1838 34 34 0
1838 18 14 0
2
21 43 
2
1839 20 14 0
1839 18 14 0
2
245 43 
2
1840 34 32 0
1840 18 14 0
2
41 43 
2
1841 20 12 0
1841 18 14 0
2
244 43 
2
1842 34 34 0
1842 18 14 0
2
42 56 
2
1871 16 16 0
1871 32 18 0
2
43 131 
2
1843 18 14 0
1843 28 14 0
2
42 57 
2
1872 16 16 0
1872 22 28 0
2
43 149 
2
1844 18 14 0
1844 20 6 0
2
42 58 
2
1873 16 16 0
1873 10 10 0
2
43 150 
2
1845 18 14 0
1845 24 8 0
2
40 42 
2
1874 10 16 0
1874 16 16 0
2
41 43 
2
1846 20 12 0
1846 18 14 0
2
42 56 
2
1875 16 16 0
1875 32 18 0
2
43 131 
2
1847 18 14 0
1847 28 14 0
2
42 57 
2
1876 16 16 0
1876 22 28 0
2
43 149 
2
1848 18 14 0
1848 20 6 0
2
42 58 
2
1877 16 16 0
1877 10 10 0
2
43 150 
2
1849 18 14 0
1849 24 8 0
2
20 40 
2
1875 14 16 0
1875 10 16 0
2
21 41 
2
1847 20 14 0
1847 20 12 0
2
38 40 
2
1876 4 16 0
1876 10 16 0
2
39 41 
2
1848 22 8 0
1848 20 12 0
2
244 42 
2
1878 34 34 0
1878 16 16 0
2
40 42 
2
1879 10 16 0
1879 16 16 0
2
246 42 
2
1880 34 30 0
1880 16 16 0
2
20 42 
2
1881 14 16 0
1881 16 16 0
2
244 42 
2
1882 34 34 0
1882 16 16 0
2
40 42 
2
1883 10 16 0
1883 16 16 0
2
246 42 
2
1884 34 30 0
1884 16 16 0
2
246 43 
2
1850 34 30 0
1850 18 14 0
2
41 43 
2
1851 20 12 0
1851 18 14 0
2
245 43 
2
1852 34 32 0
1852 18 14 0
2
21 43 
2
1853 20 14 0
1853 18 14 0
2
244 43 
2
1854 34 34 0
1854 18 14 0
2
41 43 
2
1855 20 12 0
1855 18 14 0
2
245 43 
2
1856 34 32 0
1856 18 14 0
2
42 57 
2
1885 16 16 0
1885 22 28 0
2
43 130 
2
1857 18 14 0
1857 22 6 0
2
42 58 
2
1886 16 16 0
1886 10 10 0
2
43 131 
2
1858 18 14 0
1858 28 14 0
2
42 59 
2
1887 16 16 0
1887 28 16 0
2
43 149 
2
1859 18 14 0
1859 20 6 0
2
43 150 
2
1860 18 14 0
1860 24 8 0
2
43 151 
2
1861 18 14 0
1861 22 2 0
2
43 152 
2
1862 18 14 0
1862 22 30 0
2
43 153 
2
1863 18 14 0
1863 24 26 0
2
43 154 
2
1864 18 14 0
1864 28 18 0
2
43 155 
2
1865 18 14 0
1865 22 22 0
2
43 156 
2
1866 18 14 0
1866 26 18 0
2
43 157 
2
1867 18 14 0
1867 24 16 0
2
43 158 
2
1868 18 14 0
1868 4 14 0
2
43 159 
2
1869 18 14 0
1869 14 4 0
2
43 160 
2
1870 18 14 0
1870 10 14 0
2
43 161 
2
1871 18 14 0
1871 14 2 0
2
43 162 
2
1872 18 14 0
1872 30 18 0
2
43 163 
2
1873 18 14 0
1873 24 22 0
2
43 164 
2
1874 18 14 0
1874 26 20 0
2
43 166 
2
1875 18 14 0
1875 20 22 0
2
43 167 
2
1876 18 14 0
1876 22 12 0
2
43 168 
2
1877 18 14 0
1877 24 10 0
2
40 42 
2
1888 10 16 0
1888 16 16 0
2
41 43 
2
1878 20 12 0
1878 18 14 0
2
42 57 
2
1889 16 16 0
1889 22 28 0
2
43 130 
2
1879 18 14 0
1879 22 6 0
2
42 58 
2
1890 16 16 0
1890 10 10 0
2
43 131 
2
1880 18 14 0
1880 28 14 0
2
42 59 
2
1891 16 16 0
1891 28 16 0
2
43 149 
2
1881 18 14 0
1881 20 6 0
2
43 150 
2
1882 18 14 0
1882 24 8 0
2
43 151 
2
1883 18 14 0
1883 22 2 0
2
43 152 
2
1884 18 14 0
1884 22 30 0
2
43 153 
2
1885 18 14 0
1885 24 26 0
2
43 154 
2
1886 18 14 0
1886 28 18 0
2
43 155 
2
1887 18 14 0
1887 22 22 0
2
43 156 
2
1888 18 14 0
1888 26 18 0
2
43 157 
2
1889 18 14 0
1889 24 16 0
2
43 158 
2
1890 18 14 0
1890 4 14 0
2
43 159 
2
1891 18 14 0
1891 14 4 0
2
43 160 
2
1892 18 14 0
1892 10 14 0
2
43 161 
2
1893 18 14 0
1893 14 2 0
2
43 162 
2
1894 18 14 0
1894 30 18 0
2
43 163 
2
1895 18 14 0
1895 24 22 0
2
43 164 
2
1896 18 14 0
1896 26 20 0
2
43 166 
2
1897 18 14 0
1897 20 22 0
2
43 167 
2
1898 18 14 0
1898 22 12 0
2
43 168 
2
1899 18 14 0
1899 24 10 0
2
20 40 
2
1889 14 16 0
1889 10 16 0
2
21 41 
2
1879 20 14 0
1879 20 12 0
2
18 38 
2
1877 4 18 0
1877 4 16 0
2
19 39 
2
1849 20 8 0
1849 22 8 0
2
16 36 
2
1797 4 24 0
1797 4 22 0
2
17 37 
2
1801 26 4 0
1801 24 4 0
2
34 36 
2
1798 2 24 0
1798 4 22 0
2
35 37 
2
1802 28 2 0
1802 24 4 0
2
245 38 
2
1878 34 32 0
1878 4 16 0
2
36 38 
2
1879 4 22 0
1879 4 16 0
2
247 38 
2
1880 34 28 0
1880 4 16 0
2
16 38 
2
1881 4 24 0
1881 4 16 0
2
245 38 
2
1882 34 32 0
1882 4 16 0
2
36 38 
2
1883 4 22 0
1883 4 16 0
2
247 38 
2
1884 34 28 0
1884 4 16 0
2
247 39 
2
1850 34 28 0
1850 22 8 0
2
37 39 
2
1851 24 4 0
1851 22 8 0
2
248 39 
2
1852 34 26 0
1852 22 8 0
2
17 39 
2
1853 26 4 0
1853 22 8 0
2
246 39 
2
1854 34 30 0
1854 22 8 0
2
37 39 
2
1855 24 4 0
1855 22 8 0
2
247 39 
2
1856 34 28 0
1856 22 8 0
2
244 40 
2
1890 34 34 0
1890 10 16 0
2
38 40 
2
1891 4 16 0
1891 10 16 0
2
245 40 
2
1892 34 32 0
1892 10 16 0
2
18 40 
2
1893 4 18 0
1893 10 16 0
2
244 40 
2
1894 34 34 0
1894 10 16 0
2
38 40 
2
1895 4 16 0
1895 10 16 0
2
245 40 
2
1896 34 32 0
1896 10 16 0
2
248 41 
2
1880 34 26 0
1880 20 12 0
2
39 41 
2
1881 22 8 0
1881 20 12 0
2
249 41 
2
1882 34 24 0
1882 20 12 0
2
19 41 
2
1883 20 8 0
1883 20 12 0
2
248 41 
2
1884 34 26 0
1884 20 12 0
2
39 41 
2
1885 22 8 0
1885 20 12 0
2
244 41 
2
1886 34 34 0
1886 20 12 0
2
246 42 
2
1892 34 30 0
1892 16 16 0
2
40 42 
2
1897 10 16 0
1897 16 16 0
2
244 42 
2
1898 34 34 0
1898 16 16 0
2
20 42 
2
1899 14 16 0
1899 16 16 0
2
245 42 
2
1900 34 32 0
1900 16 16 0
2
40 42 
2
1901 10 16 0
1901 16 16 0
2
244 42 
2
1902 34 34 0
1902 16 16 0
2
246 43 
2
1900 34 30 0
1900 18 14 0
2
41 43 
2
1901 20 12 0
1901 18 14 0
2
247 43 
2
1902 34 28 0
1902 18 14 0
2
21 43 
2
1903 20 14 0
1903 18 14 0
2
245 43 
2
1904 34 32 0
1904 18 14 0
2
41 43 
2
1905 20 12 0
1905 18 14 0
2
244 43 
2
1906 34 34 0
1906 18 14 0
2
42 56 
2
1903 16 16 0
1903 32 18 0
2
43 131 
2
1907 18 14 0
1907 28 14 0
2
42 57 
2
1904 16 16 0
1904 22 28 0
2
43 149 
2
1908 18 14 0
1908 20 6 0
2
42 58 
2
1905 16 16 0
1905 10 10 0
2
43 150 
2
1909 18 14 0
1909 24 8 0
2
42 59 
2
1906 16 16 0
1906 28 16 0
2
43 151 
2
1910 18 14 0
1910 22 2 0
2
42 60 
2
1907 16 16 0
1907 16 8 0
2
43 152 
2
1911 18 14 0
1911 22 30 0
2
42 61 
2
1908 16 16 0
1908 18 30 0
2
43 153 
2
1912 18 14 0
1912 24 26 0
2
42 62 
2
1909 16 16 0
1909 20 24 0
2
43 154 
2
1913 18 14 0
1913 28 18 0
2
42 63 
2
1910 16 16 0
1910 16 12 0
2
43 155 
2
1914 18 14 0
1914 22 22 0
2
42 64 
2
1911 16 16 0
1911 16 6 0
2
43 156 
2
1915 18 14 0
1915 26 18 0
2
42 65 
2
1912 16 16 0
1912 10 6 0
2
43 157 
2
1916 18 14 0
1916 24 16 0
2
42 66 
2
1913 16 16 0
1913 18 22 0
2
43 158 
2
1917 18 14 0
1917 4 14 0
2
42 67 
2
1914 16 16 0
1914 18 28 0
2
43 159 
2
1918 18 14 0
1918 14 4 0
2
42 68 
2
1915 16 16 0
1915 18 12 0
2
43 160 
2
1919 18 14 0
1919 10 14 0
2
42 86 
2
1916 16 16 0
1916 6 10 0
2
43 161 
2
1920 18 14 0
1920 14 2 0
2
42 87 
2
1917 16 16 0
1917 22 14 0
2
43 162 
2
1921 18 14 0
1921 30 18 0
2
42 89 
2
1918 16 16 0
1918 24 14 0
2
43 163 
2
1922 18 14 0
1922 24 22 0
2
42 90 
2
1919 16 16 0
1919 20 10 0
2
43 164 
2
1923 18 14 0
1923 26 20 0
2
42 91 
2
1920 16 16 0
1920 28 8 0
2
43 166 
2
1924 18 14 0
1924 20 22 0
2
42 92 
2
1921 16 16 0
1921 32 12 0
2
43 167 
2
1925 18 14 0
1925 22 12 0
2
42 93 
2
1922 16 16 0
1922 20 2 0
2
43 168 
2
1926 18 14 0
1926 24 10 0
2
42 94 
2
1923 16 16 0
1923 8 6 0
2
43 169 
2
1927 18 14 0
1927 18 2 0
2
40 42 
2
1924 10 16 0
1924 16 16 0
2
41 43 
2
1928 20 12 0
1928 18 14 0
2
42 56 
2
1925 16 16 0
1925 32 18 0
2
43 131 
2
1929 18 14 0
1929 28 14 0
2
42 57 
2
1926 16 16 0
1926 22 28 0
2
43 149 
2
1930 18 14 0
1930 20 6 0
2
42 58 
2
1927 16 16 0
1927 10 10 0
2
43 150 
2
1931 18 14 0
1931 24 8 0
2
42 59 
2
1928 16 16 0
1928 28 16 0
2
43 151 
2
1932 18 14 0
1932 22 2 0
2
42 60 
2
1929 16 16 0
1929 16 8 0
2
43 152 
2
1933 18 14 0
1933 22 30 0
2
42 61 
2
1930 16 16 0
1930 18 30 0
2
43 153 
2
1934 18 14 0
1934 24 26 0
2
42 62 
2
1931 16 16 0
1931 20 24 0
2
43 154 
2
1935 18 14 0
1935 28 18 0
2
42 63 
2
1932 16 16 0
1932 16 12 0
2
43 155 
2
1936 18 14 0
1936 22 22 0
2
42 64 
2
1933 16 16 0
1933 16 6 0
2
43 156 
2
1937 18 14 0
1937 26 18 0
2
42 65 
2
1934 16 16 0
1934 10 6 0
2
43 157 
2
1938 18 14 0
1938 24 16 0
2
42 66 
2
1935 16 16 0
1935 18 22 0
2
43 158 
2
1939 18 14 0
1939 4 14 0
2
42 67 
2
1936 16 16 0
1936 18 28 0
2
43 159 
2
1940 18 14 0
1940 14 4 0
2
42 68 
2
1937 16 16 0
1937 18 12 0
2
43 160 
2
1941 18 14 0
1941 10 14 0
2
42 86 
2
1938 16 16 0
1938 6 10 0
2
43 161 
2
1942 18 14 0
1942 14 2 0
2
42 87 
2
1939 16 16 0
1939 22 14 0
2
43 162 
2
1943 18 14 0
1943 30 18 0
2
42 89 
2
1940 16 16 0
1940 24 14 0
2
43 163 
2
1944 18 14 0
1944 24 22 0
2
42 90 
2
1941 16 16 0
1941 20 10 0
2
43 164 
2
1945 18 14 0
1945 26 20 0
2
42 91 
2
1942 16 16 0
1942 28 8 0
2
43 166 
2
1946 18 14 0
1946 20 22 0
2
42 92 
2
1943 16 16 0
1943 32 12 0
2
43 167 
2
1947 18 14 0
1947 22 12 0
2
42 93 
2
1944 16 16 0
1944 20 2 0
2
43 168 
2
1948 18 14 0
1948 24 10 0
2
42 94 
2
1945 16 16 0
1945 8 6 0
2
43 169 
2
1949 18 14 0
1949 18 2 0
2
20 40 
2
1925 14 16 0
1925 10 16 0
2
21 41 
2
1929 20 14 0
1929 20 12 0
2
38 40 
2
1926 4 16 0
1926 10 16 0
2
39 41 
2
1930 22 8 0
1930 20 12 0
2
244 42 
2
1946 34 34 0
1946 16 16 0
2
40 42 
2
1947 10 16 0
1947 16 16 0
2
245 42 
2
1948 34 32 0
1948 16 16 0
2
20 42 
2
1949 14 16 0
1949 16 16 0
2
244 42 
2
1950 34 34 0
1950 16 16 0
2
40 42 
2
1951 10 16 0
1951 16 16 0
2
245 42 
2
1952 34 32 0
1952 16 16 0
2
246 43 
2
1950 34 30 0
1950 18 14 0
2
41 43 
2
1951 20 12 0
1951 18 14 0
2
247 43 
2
1952 34 28 0
1952 18 14 0
2
21 43 
2
1953 20 14 0
1953 18 14 0
2
244 43 
2
1954 34 34 0
1954 18 14 0
2
41 43 
2
1955 20 12 0
1955 18 14 0
2
245 43 
2
1956 34 32 0
1956 18 14 0
2
42 57 
2
1953 16 16 0
1953 22 28 0
2
43 168 
2
1957 18 14 0
1957 24 10 0
2
42 58 
2
1954 16 16 0
1954 10 10 0
2
43 169 
2
1958 18 14 0
1958 18 2 0
2
42 59 
2
1955 16 16 0
1955 28 16 0
2
43 170 
2
1959 18 14 0
1959 26 14 0
2
42 60 
2
1956 16 16 0
1956 16 8 0
2
42 61 
2
1957 16 16 0
1957 18 30 0
2
42 62 
2
1958 16 16 0
1958 20 24 0
2
42 63 
2
1959 16 16 0
1959 16 12 0
2
42 64 
2
1960 16 16 0
1960 16 6 0
2
42 65 
2
1961 16 16 0
1961 10 6 0
2
42 66 
2
1962 16 16 0
1962 18 22 0
2
42 67 
2
1963 16 16 0
1963 18 28 0
2
42 68 
2
1964 16 16 0
1964 18 12 0
2
42 86 
2
1965 16 16 0
1965 6 10 0
2
42 87 
2
1966 16 16 0
1966 22 14 0
2
42 89 
2
1967 16 16 0
1967 24 14 0
2
42 90 
2
1968 16 16 0
1968 20 10 0
2
42 91 
2
1969 16 16 0
1969 28 8 0
2
42 92 
2
1970 16 16 0
1970 32 12 0
2
42 93 
2
1971 16 16 0
1971 20 2 0
2
42 94 
2
1972 16 16 0
1972 8 6 0
2
42 95 
2
1973 16 16 0
1973 6 12 0
2
40 42 
2
1974 10 16 0
1974 16 16 0
2
41 43 
2
1960 20 12 0
1960 18 14 0
2
42 57 
2
1975 16 16 0
1975 22 28 0
2
43 168 
2
1961 18 14 0
1961 24 10 0
2
42 58 
2
1976 16 16 0
1976 10 10 0
2
43 169 
2
1962 18 14 0
1962 18 2 0
2
42 59 
2
1977 16 16 0
1977 28 16 0
2
43 170 
2
1963 18 14 0
1963 26 14 0
2
42 60 
2
1978 16 16 0
1978 16 8 0
2
42 61 
2
1979 16 16 0
1979 18 30 0
2
42 62 
2
1980 16 16 0
1980 20 24 0
2
42 63 
2
1981 16 16 0
1981 16 12 0
2
42 64 
2
1982 16 16 0
1982 16 6 0
2
42 65 
2
1983 16 16 0
1983 10 6 0
2
42 66 
2
1984 16 16 0
1984 18 22 0
2
42 67 
2
1985 16 16 0
1985 18 28 0
2
42 68 
2
1986 16 16 0
1986 18 12 0
2
42 86 
2
1987 16 16 0
1987 6 10 0
2
42 87 
2
1988 16 16 0
1988 22 14 0
2
42 89 
2
1989 16 16 0
1989 24 14 0
2
42 90 
2
1990 16 16 0
1990 20 10 0
2
42 91 
2
1991 16 16 0
1991 28 8 0
2
42 92 
2
1992 16 16 0
1992 32 12 0
2
42 93 
2
1993 16 16 0
1993 20 2 0
2
42 94 
2
1994 16 16 0
1994 8 6 0
2
42 95 
2
1995 16 16 0
1995 6 12 0
2
20 40 
2
1975 14 16 0
1975 10 16 0
2
21 41 
2
1961 20 14 0
1961 20 12 0
2
18 38 
2
1927 4 18 0
1927 4 16 0
2
19 39 
2
1931 20 8 0
1931 22 8 0
2
36 38 
2
1928 4 22 0
1928 4 16 0
2
37 39 
2
1932 24 4 0
1932 22 8 0
2
245 40 
2
1976 34 32 0
1976 10 16 0
2
38 40 
2
1977 4 16 0
1977 10 16 0
2
244 40 
2
1978 34 34 0
1978 10 16 0
2
18 40 
2
1979 4 18 0
1979 10 16 0
2
245 40 
2
1980 34 32 0
1980 10 16 0
2
38 40 
2
1981 4 16 0
1981 10 16 0
2
244 40 
2
1982 34 34 0
1982 10 16 0
2
244 41 
2
1962 34 34 0
1962 20 12 0
2
39 41 
2
1963 22 8 0
1963 20 12 0
2
245 41 
2
1964 34 32 0
1964 20 12 0
2
19 41 
2
1965 20 8 0
1965 20 12 0
2
244 41 
2
1966 34 34 0
1966 20 12 0
2
39 41 
2
1967 22 8 0
1967 20 12 0
2
245 41 
2
1968 34 32 0
1968 20 12 0
2
244 42 
2
1996 34 34 0
1996 16 16 0
2
40 42 
2
1997 10 16 0
1997 16 16 0
2
245 42 
2
1998 34 32 0
1998 16 16 0
2
20 42 
2
1999 14 16 0
1999 16 16 0
2
244 42 
2
2000 34 34 0
2000 16 16 0
2
40 42 
2
2001 10 16 0
2001 16 16 0
2
245 42 
2
2002 34 32 0
2002 16 16 0
2
246 43 
2
1964 34 30 0
1964 18 14 0
2
41 43 
2
1969 20 12 0
1969 18 14 0
2
244 43 
2
1970 34 34 0
1970 18 14 0
2
21 43 
2
1971 20 14 0
1971 18 14 0
2
245 43 
2
1972 34 32 0
1972 18 14 0
2
41 43 
2
1973 20 12 0
1973 18 14 0
2
244 43 
2
1974 34 34 0
1974 18 14 0
2
42 56 
2
2003 16 16 0
2003 32 18 0
2
43 169 
2
1975 18 14 0
1975 18 2 0
2
42 57 
2
2004 16 16 0
2004 22 28 0
2
43 170 
2
1976 18 14 0
1976 26 14 0
2
42 58 
2
2005 16 16 0
2005 10 10 0
2
43 171 
2
1977 18 14 0
1977 20 4 0
2
42 59 
2
2006 16 16 0
2006 28 16 0
2
42 60 
2
2007 16 16 0
2007 16 8 0
2
42 61 
2
2008 16 16 0
2008 18 30 0
2
42 62 
2
2009 16 16 0
2009 20 24 0
2
42 63 
2
2010 16 16 0
2010 16 12 0
2
42 64 
2
2011 16 16 0
2011 16 6 0
2
42 65 
2
2012 16 16 0
2012 10 6 0
2
42 66 
2
2013 16 16 0
2013 18 22 0
2
42 67 
2
2014 16 16 0
2014 18 28 0
2
42 68 
2
2015 16 16 0
2015 18 12 0
2
42 86 
2
2016 16 16 0
2016 6 10 0
2
42 87 
2
2017 16 16 0
2017 22 14 0
2
42 89 
2
2018 16 16 0
2018 24 14 0
2
42 90 
2
2019 16 16 0
2019 20 10 0
2
42 91 
2
2020 16 16 0
2020 28 8 0
2
42 92 
2
2021 16 16 0
2021 32 12 0
2
40 42 
2
2022 10 16 0
2022 16 16 0
2
41 43 
2
1978 20 12 0
1978 18 14 0
2
42 56 
2
2023 16 16 0
2023 32 18 0
2
43 169 
2
1979 18 14 0
1979 18 2 0
2
42 57 
2
2024 16 16 0
2024 22 28 0
2
43 170 
2
1980 18 14 0
1980 26 14 0
2
42 58 
2
2025 16 16 0
2025 10 10 0
2
43 171 
2
1981 18 14 0
1981 20 4 0
2
42 59 
2
2026 16 16 0
2026 28 16 0
2
42 60 
2
2027 16 16 0
2027 16 8 0
2
42 61 
2
2028 16 16 0
2028 18 30 0
2
42 62 
2
2029 16 16 0
2029 20 24 0
2
42 63 
2
2030 16 16 0
2030 16 12 0
2
42 64 
2
2031 16 16 0
2031 16 6 0
2
42 65 
2
2032 16 16 0
2032 10 6 0
2
42 66 
2
2033 16 16 0
2033 18 22 0
2
42 67 
2
2034 16 16 0
2034 18 28 0
2
42 68 
2
2035 16 16 0
2035 18 12 0
2
42 86 
2
2036 16 16 0
2036 6 10 0
2
42 87 
2
2037 16 16 0
2037 22 14 0
2
42 89 
2
2038 16 16 0
2038 24 14 0
2
42 90 
2
2039 16 16 0
2039 20 10 0
2
42 91 
2
2040 16 16 0
2040 28 8 0
2
42 92 
2
2041 16 16 0
2041 32 12 0
2
20 40 
2
2023 14 16 0
2023 10 16 0
2
21 41 
2
1979 20 14 0
1979 20 12 0
2
38 40 
2
2024 4 16 0
2024 10 16 0
2
39 41 
2
1980 22 8 0
1980 20 12 0
2
244 42 
2
2042 34 34 0
2042 16 16 0
2
40 42 
2
2043 10 16 0
2043 16 16 0
2
245 42 
2
2044 34 32 0
2044 16 16 0
2
20 42 
2
2045 14 16 0
2045 16 16 0
2
244 42 
2
2046 34 34 0
2046 16 16 0
2
40 42 
2
2047 10 16 0
2047 16 16 0
2
245 42 
2
2048 34 32 0
2048 16 16 0
2
246 43 
2
1982 34 30 0
1982 18 14 0
2
41 43 
2
1983 20 12 0
1983 18 14 0
2
245 43 
2
1984 34 32 0
1984 18 14 0
2
21 43 
2
1985 20 14 0
1985 18 14 0
2
244 43 
2
1986 34 34 0
1986 18 14 0
2
41 43 
2
1987 20 12 0
1987 18 14 0
2
245 43 
2
1988 34 32 0
1988 18 14 0
2
42 57 
2
2049 16 16 0
2049 22 28 0
2
43 168 
2
1989 18 14 0
1989 24 10 0
2
42 58 
2
2050 16 16 0
2050 10 10 0
2
43 169 
2
1990 18 14 0
1990 18 2 0
2
42 59 
2
2051 16 16 0
2051 28 16 0
2
43 170 
2
1991 18 14 0
1991 26 14 0
2
42 60 
2
2052 16 16 0
2052 16 8 0
2
43 171 
2
1992 18 14 0
1992 20 4 0
2
42 61 
2
2053 16 16 0
2053 18 30 0
2
43 172 
2
1993 18 14 0
1993 26 8 0
2
42 62 
2
2054 16 16 0
2054 20 24 0
2
43 173 
2
1994 18 14 0
1994 26 6 0
2
42 63 
2
2055 16 16 0
2055 16 12 0
2
43 174 
2
1995 18 14 0
1995 20 32 0
2
42 64 
2
2056 16 16 0
2056 16 6 0
2
43 175 
2
1996 18 14 0
1996 6 8 0
2
42 65 
2
2057 16 16 0
2057 10 6 0
2
43 176 
2
1997 18 14 0
1997 20 30 0
2
42 66 
2
2058 16 16 0
2058 18 22 0
2
43 177 
2
1998 18 14 0
1998 8 4 0
2
42 67 
2
2059 16 16 0
2059 18 28 0
2
43 178 
2
1999 18 14 0
1999 10 2 0
2
42 68 
2
2060 16 16 0
2060 18 12 0
2
43 179 
2
2000 18 14 0
2000 30 22 0
2
42 86 
2
2061 16 16 0
2061 6 10 0
2
43 180 
2
2001 18 14 0
2001 26 26 0
2
42 87 
2
2062 16 16 0
2062 22 14 0
2
43 181 
2
2002 18 14 0
2002 32 20 0
2
42 89 
2
2063 16 16 0
2063 24 14 0
2
43 182 
2
2003 18 14 0
2003 32 10 0
2
42 90 
2
2064 16 16 0
2064 20 10 0
2
43 183 
2
2004 18 14 0
2004 2 8 0
2
42 91 
2
2065 16 16 0
2065 28 8 0
2
43 184 
2
2005 18 14 0
2005 30 8 0
2
42 92 
2
2066 16 16 0
2066 32 12 0
2
43 185 
2
2006 18 14 0
2006 24 30 0
2
42 93 
2
2067 16 16 0
2067 20 2 0
2
43 186 
2
2007 18 14 0
2007 28 6 0
2
43 188 
2
2008 18 14 0
2008 30 6 0
2
43 189 
2
2009 18 14 0
2009 32 8 0
2
40 42 
2
2068 10 16 0
2068 16 16 0
2
41 43 
2
2010 20 12 0
2010 18 14 0
2
42 57 
2
2069 16 16 0
2069 22 28 0
2
43 168 
2
2011 18 14 0
2011 24 10 0
2
42 58 
2
2070 16 16 0
2070 10 10 0
2
43 169 
2
2012 18 14 0
2012 18 2 0
2
42 59 
2
2071 16 16 0
2071 28 16 0
2
43 170 
2
2013 18 14 0
2013 26 14 0
2
42 60 
2
2072 16 16 0
2072 16 8 0
2
43 171 
2
2014 18 14 0
2014 20 4 0
2
42 61 
2
2073 16 16 0
2073 18 30 0
2
43 172 
2
2015 18 14 0
2015 26 8 0
2
42 62 
2
2074 16 16 0
2074 20 24 0
2
43 173 
2
2016 18 14 0
2016 26 6 0
2
42 63 
2
2075 16 16 0
2075 16 12 0
2
43 174 
2
2017 18 14 0
2017 20 32 0
2
42 64 
2
2076 16 16 0
2076 16 6 0
2
43 175 
2
2018 18 14 0
2018 6 8 0
2
42 65 
2
2077 16 16 0
2077 10 6 0
2
43 176 
2
2019 18 14 0
2019 20 30 0
2
42 66 
2
2078 16 16 0
2078 18 22 0
2
43 177 
2
2020 18 14 0
2020 8 4 0
2
42 67 
2
2079 16 16 0
2079 18 28 0
2
43 178 
2
2021 18 14 0
2021 10 2 0
2
42 68 
2
2080 16 16 0
2080 18 12 0
2
43 179 
2
2022 18 14 0
2022 30 22 0
2
42 86 
2
2081 16 16 0
2081 6 10 0
2
43 180 
2
2023 18 14 0
2023 26 26 0
2
42 87 
2
2082 16 16 0
2082 22 14 0
2
43 181 
2
2024 18 14 0
2024 32 20 0
2
42 89 
2
2083 16 16 0
2083 24 14 0
2
43 182 
2
2025 18 14 0
2025 32 10 0
2
42 90 
2
2084 16 16 0
2084 20 10 0
2
43 183 
2
2026 18 14 0
2026 2 8 0
2
42 91 
2
2085 16 16 0
2085 28 8 0
2
43 184 
2
2027 18 14 0
2027 30 8 0
2
42 92 
2
2086 16 16 0
2086 32 12 0
2
43 185 
2
2028 18 14 0
2028 24 30 0
2
42 93 
2
2087 16 16 0
2087 20 2 0
2
43 186 
2
2029 18 14 0
2029 28 6 0
2
43 188 
2
2030 18 14 0
2030 30 6 0
2
43 189 
2
2031 18 14 0
2031 32 8 0
2
20 40 
2
2069 14 16 0
2069 10 16 0
2
21 41 
2
2011 20 14 0
2011 20 12 0
2
18 38 
2
2025 4 18 0
2025 4 16 0
2
19 39 
2
1981 20 8 0
1981 22 8 0
2
16 36 
2
1929 4 24 0
1929 4 22 0
2
17 37 
2
1933 26 4 0
1933 24 4 0
2
14 34 
2
1799 4 26 0
1799 2 24 0
2
15 35 
2
1803 26 2 0
1803 28 2 0
2
32 34 
2
1800 2 28 0
1800 2 24 0
2
33 35 
2
1804 32 2 0
1804 28 2 0
2
244 36 
2
1930 34 34 0
1930 4 22 0
2
34 36 
2
1931 2 24 0
1931 4 22 0
2
245 36 
2
1932 34 32 0
1932 4 22 0
2
14 36 
2
1933 4 26 0
1933 4 22 0
2
244 36 
2
1934 34 34 0
1934 4 22 0
2
34 36 
2
1935 2 24 0
1935 4 22 0
2
245 36 
2
1936 34 32 0
1936 4 22 0
2
246 37 
2
1934 34 30 0
1934 24 4 0
2
35 37 
2
1935 28 2 0
1935 24 4 0
2
247 37 
2
1936 34 28 0
1936 24 4 0
2
15 37 
2
1937 26 2 0
1937 24 4 0
2
244 37 
2
1938 34 34 0
1938 24 4 0
2
35 37 
2
1939 28 2 0
1939 24 4 0
2
245 37 
2
1940 34 32 0
1940 24 4 0
2
244 38 
2
2026 34 34 0
2026 4 16 0
2
36 38 
2
2027 4 22 0
2027 4 16 0
2
245 38 
2
2028 34 32 0
2028 4 16 0
2
16 38 
2
2029 4 24 0
2029 4 16 0
2
244 38 
2
2030 34 34 0
2030 4 16 0
2
36 38 
2
2031 4 22 0
2031 4 16 0
2
245 38 
2
2032 34 32 0
2032 4 16 0
2
247 39 
2
1982 34 28 0
1982 22 8 0
2
37 39 
2
1983 24 4 0
1983 22 8 0
2
248 39 
2
1984 34 26 0
1984 22 8 0
2
17 39 
2
1985 26 4 0
1985 22 8 0
2
246 39 
2
1986 34 30 0
1986 22 8 0
2
37 39 
2
1987 24 4 0
1987 22 8 0
2
247 39 
2
1988 34 28 0
1988 22 8 0
2
245 40 
2
2070 34 32 0
2070 10 16 0
2
38 40 
2
2071 4 16 0
2071 10 16 0
2
244 40 
2
2072 34 34 0
2072 10 16 0
2
18 40 
2
2073 4 18 0
2073 10 16 0
2
245 40 
2
2074 34 32 0
2074 10 16 0
2
38 40 
2
2075 4 16 0
2075 10 16 0
2
244 40 
2
2076 34 34 0
2076 10 16 0
2
244 41 
2
2012 34 34 0
2012 20 12 0
2
39 41 
2
2013 22 8 0
2013 20 12 0
2
245 41 
2
2014 34 32 0
2014 20 12 0
2
19 41 
2
2015 20 8 0
2015 20 12 0
2
244 41 
2
2016 34 34 0
2016 20 12 0
2
39 41 
2
2017 22 8 0
2017 20 12 0
2
245 41 
2
2018 34 32 0
2018 20 12 0
2
245 42 
2
2088 34 32 0
2088 16 16 0
2
40 42 
2
2089 10 16 0
2089 16 16 0
2
244 42 
2
2090 34 34 0
2090 16 16 0
2
20 42 
2
2091 14 16 0
2091 16 16 0
2
245 42 
2
2092 34 32 0
2092 16 16 0
2
40 42 
2
2093 10 16 0
2093 16 16 0
2
244 42 
2
2094 34 34 0
2094 16 16 0
2
246 43 
2
2032 34 30 0
2032 18 14 0
2
41 43 
2
2033 20 12 0
2033 18 14 0
2
244 43 
2
2034 34 34 0
2034 18 14 0
2
21 43 
2
2035 20 14 0
2035 18 14 0
2
245 43 
2
2036 34 32 0
2036 18 14 0
2
41 43 
2
2037 20 12 0
2037 18 14 0
2
244 43 
2
2038 34 34 0
2038 18 14 0
2
42 58 
2
2095 16 16 0
2095 10 10 0
2
43 169 
2
2039 18 14 0
2039 18 2 0
2
42 59 
2
2096 16 16 0
2096 28 16 0
2
43 170 
2
2040 18 14 0
2040 26 14 0
2
42 60 
2
2097 16 16 0
2097 16 8 0
2
43 171 
2
2041 18 14 0
2041 20 4 0
2
43 172 
2
2042 18 14 0
2042 26 8 0
2
43 173 
2
2043 18 14 0
2043 26 6 0
2
43 174 
2
2044 18 14 0
2044 20 32 0
2
43 175 
2
2045 18 14 0
2045 6 8 0
2
43 176 
2
2046 18 14 0
2046 20 30 0
2
43 177 
2
2047 18 14 0
2047 8 4 0
2
43 178 
2
2048 18 14 0
2048 10 2 0
2
43 179 
2
2049 18 14 0
2049 30 22 0
2
43 180 
2
2050 18 14 0
2050 26 26 0
2
43 181 
2
2051 18 14 0
2051 32 20 0
2
43 182 
2
2052 18 14 0
2052 32 10 0
2
43 183 
2
2053 18 14 0
2053 2 8 0
2
43 184 
2
2054 18 14 0
2054 30 8 0
2
43 185 
2
2055 18 14 0
2055 24 30 0
2
43 186 
2
2056 18 14 0
2056 28 6 0
2
43 188 
2
2057 18 14 0
2057 30 6 0
2
43 189 
2
2058 18 14 0
2058 32 8 0
2
43 191 
2
2059 18 14 0
2059 28 4 0
2
40 42 
2
2098 10 16 0
2098 16 16 0
2
41 43 
2
2060 20 12 0
2060 18 14 0
2
42 58 
2
2099 16 16 0
2099 10 10 0
2
43 169 
2
2061 18 14 0
2061 18 2 0
2
42 59 
2
2100 16 16 0
2100 28 16 0
2
43 170 
2
2062 18 14 0
2062 26 14 0
2
42 60 
2
2101 16 16 0
2101 16 8 0
2
43 171 
2
2063 18 14 0
2063 20 4 0
2
43 172 
2
2064 18 14 0
2064 26 8 0
2
43 173 
2
2065 18 14 0
2065 26 6 0
2
43 174 
2
2066 18 14 0
2066 20 32 0
2
43 175 
2
2067 18 14 0
2067 6 8 0
2
43 176 
2
2068 18 14 0
2068 20 30 0
2
43 177 
2
2069 18 14 0
2069 8 4 0
2
43 178 
2
2070 18 14 0
2070 10 2 0
2
43 179 
2
2071 18 14 0
2071 30 22 0
2
43 180 
2
2072 18 14 0
2072 26 26 0
2
43 181 
2
2073 18 14 0
2073 32 20 0
2
43 182 
2
2074 18 14 0
2074 32 10 0
2
43 183 
2
2075 18 14 0
2075 2 8 0
2
43 184 
2
2076 18 14 0
2076 30 8 0
2
43 185 
2
2077 18 14 0
2077 24 30 0
2
43 186 
2
2078 18 14 0
2078 28 6 0
2
43 188 
2
2079 18 14 0
2079 30 6 0
2
43 189 
2
2080 18 14 0
2080 32 8 0
2
43 191 
2
2081 18 14 0
2081 28 4 0
2
20 40 
2
2099 14 16 0
2099 10 16 0
2
21 41 
2
2061 20 14 0
2061 20 12 0
2
38 40 
2
2100 4 16 0
2100 10 16 0
2
39 41 
2
2062 22 8 0
2062 20 12 0
2
244 42 
2
2102 34 34 0
2102 16 16 0
2
40 42 
2
2103 10 16 0
2103 16 16 0
2
245 42 
2
2104 34 32 0
2104 16 16 0
2
20 42 
2
2105 14 16 0
2105 16 16 0
2
244 42 
2
2106 34 34 0
2106 16 16 0
2
40 42 
2
2107 10 16 0
2107 16 16 0
2
245 42 
2
2108 34 32 0
2108 16 16 0
2
244 43 
2
2082 34 34 0
2082 18 14 0
2
41 43 
2
2083 20 12 0
2083 18 14 0
2
245 43 
2
2084 34 32 0
2084 18 14 0
2
21 43 
2
2085 20 14 0
2085 18 14 0
2
244 43 
2
2086 34 34 0
2086 18 14 0
2
41 43 
2
2087 20 12 0
2087 18 14 0
2
246 43 
2
2088 34 30 0
2088 18 14 0
2
42 59 
2
2109 16 16 0
2109 28 16 0
2
43 189 
2
2089 18 14 0
2089 32 8 0
2
42 60 
2
2110 16 16 0
2110 16 8 0
2
43 191 
2
2090 18 14 0
2090 28 4 0
2
42 61 
2
2111 16 16 0
2111 18 30 0
2
43 240 
2
2091 18 14 0
2091 6 4 0
2
40 42 
2
2112 10 16 0
2112 16 16 0
2
41 43 
2
2092 20 12 0
2092 18 14 0
2
42 59 
2
2113 16 16 0
2113 28 16 0
2
43 189 
2
2093 18 14 0
2093 32 8 0
2
42 60 
2
2114 16 16 0
2114 16 8 0
2
43 191 
2
2094 18 14 0
2094 28 4 0
2
42 61 
2
2115 16 16 0
2115 18 30 0
2
43 240 
2
2095 18 14 0
2095 6 4 0
2
20 40 
2
2113 14 16 0
2113 10 16 0
2
21 41 
2
2093 20 14 0
2093 20 12 0
2
18 38 
2
2101 4 18 0
2101 4 16 0
2
19 39 
2
2063 20 8 0
2063 22 8 0
2
36 38 
2
2102 4 22 0
2102 4 16 0
2
37 39 
2
2064 24 4 0
2064 22 8 0
2
244 40 
2
2114 34 34 0
2114 10 16 0
2
38 40 
2
2115 4 16 0
2115 10 16 0
2
245 40 
2
2116 34 32 0
2116 10 16 0
2
18 40 
2
2117 4 18 0
2117 10 16 0
2
244 40 
2
2118 34 34 0
2118 10 16 0
2
38 40 
2
2119 4 16 0
2119 10 16 0
2
245 40 
2
2120 34 32 0
2120 10 16 0
2
246 41 
2
2094 34 30 0
2094 20 12 0
2
39 41 
2
2095 22 8 0
2095 20 12 0
2
245 41 
2
2096 34 32 0
2096 20 12 0
2
19 41 
2
2097 20 8 0
2097 20 12 0
2
244 41 
2
2098 34 34 0
2098 20 12 0
2
39 41 
2
2099 22 8 0
2099 20 12 0
2
245 41 
2
2100 34 32 0
2100 20 12 0
2
248 42 
2
2116 34 26 0
2116 16 16 0
2
40 42 
2
2121 10 16 0
2121 16 16 0
2
244 42 
2
2122 34 34 0
2122 16 16 0
2
20 42 
2
2123 14 16 0
2123 16 16 0
2
245 42 
2
2124 34 32 0
2124 16 16 0
2
40 42 
2
2125 10 16 0
2125 16 16 0
2
244 42 
2
2126 34 34 0
2126 16 16 0
2
247 43 
2
2096 34 28 0
2096 18 14 0
2
41 43 
2
2101 20 12 0
2101 18 14 0
2
246 43 
2
2102 34 30 0
2102 18 14 0
2
21 43 
2
2103 20 14 0
2103 18 14 0
2
247 43 
2
2104 34 28 0
2104 18 14 0
2
41 43 
2
2105 20 12 0
2105 18 14 0
2
246 43 
2
2106 34 30 0
2106 18 14 0
2
42 58 
2
2127 16 16 0
2127 10 10 0
2
43 191 
2
2107 18 14 0
2107 28 4 0
2
42 59 
2
2128 16 16 0
2128 28 16 0
2
43 240 
2
2108 18 14 0
2108 6 4 0
2
42 60 
2
2129 16 16 0
2129 16 8 0
2
43 241 
2
2109 18 14 0
2109 32 22 0
2
42 61 
2
2130 16 16 0
2130 18 30 0
2
42 62 
2
2131 16 16 0
2131 20 24 0
2
42 63 
2
2132 16 16 0
2132 16 12 0
2
42 64 
2
2133 16 16 0
2133 16 6 0
2
42 65 
2
2134 16 16 0
2134 10 6 0
2
42 66 
2
2135 16 16 0
2135 18 22 0
2
42 67 
2
2136 16 16 0
2136 18 28 0
2
42 68 
2
2137 16 16 0
2137 18 12 0
2
42 86 
2
2138 16 16 0
2138 6 10 0
2
42 87 
2
2139 16 16 0
2139 22 14 0
2
42 89 
2
2140 16 16 0
2140 24 14 0
2
42 90 
2
2141 16 16 0
2141 20 10 0
2
42 91 
2
2142 16 16 0
2142 28 8 0
2
42 92 
2
2143 16 16 0
2143 32 12 0
2
42 93 
2
2144 16 16 0
2144 20 2 0
2
42 94 
2
2145 16 16 0
2145 8 6 0
2
42 95 
2
2146 16 16 0
2146 6 12 0
2
42 96 
2
2147 16 16 0
2147 16 4 0
2
40 42 
2
2148 10 16 0
2148 16 16 0
2
41 43 
2
2110 20 12 0
2110 18 14 0
2
42 58 
2
2149 16 16 0
2149 10 10 0
2
43 191 
2
2111 18 14 0
2111 28 4 0
2
42 59 
2
2150 16 16 0
2150 28 16 0
2
43 240 
2
2112 18 14 0
2112 6 4 0
2
42 60 
2
2151 16 16 0
2151 16 8 0
2
43 241 
2
2113 18 14 0
2113 32 22 0
2
42 61 
2
2152 16 16 0
2152 18 30 0
2
42 62 
2
2153 16 16 0
2153 20 24 0
2
42 63 
2
2154 16 16 0
2154 16 12 0
2
42 64 
2
2155 16 16 0
2155 16 6 0
2
42 65 
2
2156 16 16 0
2156 10 6 0
2
42 66 
2
2157 16 16 0
2157 18 22 0
2
42 67 
2
2158 16 16 0
2158 18 28 0
2
42 68 
2
2159 16 16 0
2159 18 12 0
2
42 86 
2
2160 16 16 0
2160 6 10 0
2
42 87 
2
2161 16 16 0
2161 22 14 0
2
42 89 
2
2162 16 16 0
2162 24 14 0
2
42 90 
2
2163 16 16 0
2163 20 10 0
2
42 91 
2
2164 16 16 0
2164 28 8 0
2
42 92 
2
2165 16 16 0
2165 32 12 0
2
42 93 
2
2166 16 16 0
2166 20 2 0
2
42 94 
2
2167 16 16 0
2167 8 6 0
2
42 95 
2
2168 16 16 0
2168 6 12 0
2
42 96 
2
2169 16 16 0
2169 16 4 0
2
20 40 
2
2149 14 16 0
2149 10 16 0
2
21 41 
2
2111 20 14 0
2111 20 12 0
2
38 40 
2
2150 4 16 0
2150 10 16 0
2
39 41 
2
2112 22 8 0
2112 20 12 0
2
244 42 
2
2170 34 34 0
2170 16 16 0
2
40 42 
2
2171 10 16 0
2171 16 16 0
2
245 42 
2
2172 34 32 0
2172 16 16 0
2
20 42 
2
2173 14 16 0
2173 16 16 0
2
244 42 
2
2174 34 34 0
2174 16 16 0
2
40 42 
2
2175 10 16 0
2175 16 16 0
2
245 42 
2
2176 34 32 0
2176 16 16 0
2
246 43 
2
2114 34 30 0
2114 18 14 0
2
41 43 
2
2115 20 12 0
2115 18 14 0
2
249 43 
2
2116 34 24 0
2116 18 14 0
2
21 43 
2
2117 20 14 0
2117 18 14 0
2
246 43 
2
2118 34 30 0
2118 18 14 0
2
41 43 
2
2119 20 12 0
2119 18 14 0
2
248 43 
2
2120 34 26 0
2120 18 14 0
2
42 59 
2
2177 16 16 0
2177 28 16 0
2
43 81 
2
2121 18 14 0
2121 6 6 0
2
42 60 
2
2178 16 16 0
2178 16 8 0
2
43 82 
2
2122 18 14 0
2122 28 22 0
2
42 61 
2
2179 16 16 0
2179 18 30 0
2
43 83 
2
2123 18 14 0
2123 10 4 0
2
42 62 
2
2180 16 16 0
2180 20 24 0
2
42 63 
2
2181 16 16 0
2181 16 12 0
2
42 64 
2
2182 16 16 0
2182 16 6 0
2
42 65 
2
2183 16 16 0
2183 10 6 0
2
42 66 
2
2184 16 16 0
2184 18 22 0
2
42 67 
2
2185 16 16 0
2185 18 28 0
2
42 68 
2
2186 16 16 0
2186 18 12 0
2
42 86 
2
2187 16 16 0
2187 6 10 0
2
42 87 
2
2188 16 16 0
2188 22 14 0
2
42 89 
2
2189 16 16 0
2189 24 14 0
2
42 90 
2
2190 16 16 0
2190 20 10 0
2
42 91 
2
2191 16 16 0
2191 28 8 0
2
42 92 
2
2192 16 16 0
2192 32 12 0
2
42 93 
2
2193 16 16 0
2193 20 2 0
2
42 94 
2
2194 16 16 0
2194 8 6 0
2
42 95 
2
2195 16 16 0
2195 6 12 0
2
42 96 
2
2196 16 16 0
2196 16 4 0
2
42 97 
2
2197 16 16 0
2197 12 14 0
2
40 42 
2
2198 10 16 0
2198 16 16 0
2
41 43 
2
2124 20 12 0
2124 18 14 0
2
42 59 
2
2199 16 16 0
2199 28 16 0
2
43 81 
2
2125 18 14 0
2125 6 6 0
2
42 60 
2
2200 16 16 0
2200 16 8 0
2
43 82 
2
2126 18 14 0
2126 28 22 0
2
42 61 
2
2201 16 16 0
2201 18 30 0
2
43 83 
2
2127 18 14 0
2127 10 4 0
2
42 62 
2
2202 16 16 0
2202 20 24 0
2
42 63 
2
2203 16 16 0
2203 16 12 0
2
42 64 
2
2204 16 16 0
2204 16 6 0
2
42 65 
2
2205 16 16 0
2205 10 6 0
2
42 66 
2
2206 16 16 0
2206 18 22 0
2
42 67 
2
2207 16 16 0
2207 18 28 0
2
42 68 
2
2208 16 16 0
2208 18 12 0
2
42 86 
2
2209 16 16 0
2209 6 10 0
2
42 87 
2
2210 16 16 0
2210 22 14 0
2
42 89 
2
2211 16 16 0
2211 24 14 0
2
42 90 
2
2212 16 16 0
2212 20 10 0
2
42 91 
2
2213 16 16 0
2213 28 8 0
2
42 92 
2
2214 16 16 0
2214 32 12 0
2
42 93 
2
2215 16 16 0
2215 20 2 0
2
42 94 
2
2216 16 16 0
2216 8 6 0
2
42 95 
2
2217 16 16 0
2217 6 12 0
2
42 96 
2
2218 16 16 0
2218 16 4 0
2
42 97 
2
2219 16 16 0
2219 12 14 0
2
20 40 
2
2199 14 16 0
2199 10 16 0
2
21 41 
2
2125 20 14 0
2125 20 12 0
2
18 38 
2
2151 4 18 0
2151 4 16 0
2
19 39 
2
2113 20 8 0
2113 22 8 0
2
16 36 
2
2103 4 24 0
2103 4 22 0
2
17 37 
2
2065 26 4 0
2065 24 4 0
2
34 36 
2
2104 2 24 0
2104 4 22 0
2
35 37 
2
2066 28 2 0
2066 24 4 0
2
245 38 
2
2152 34 32 0
2152 4 16 0
2
36 38 
2
2153 4 22 0
2153 4 16 0
2
244 38 
2
2154 34 34 0
2154 4 16 0
2
16 38 
2
2155 4 24 0
2155 4 16 0
2
245 38 
2
2156 34 32 0
2156 4 16 0
2
36 38 
2
2157 4 22 0
2157 4 16 0
2
244 38 
2
2158 34 34 0
2158 4 16 0
2
247 39 
2
2114 34 28 0
2114 22 8 0
2
37 39 
2
2115 24 4 0
2115 22 8 0
2
250 39 
2
2116 34 22 0
2116 22 8 0
2
17 39 
2
2117 26 4 0
2117 22 8 0
2
247 39 
2
2118 34 28 0
2118 22 8 0
2
37 39 
2
2119 24 4 0
2119 22 8 0
2
249 39 
2
2120 34 24 0
2120 22 8 0
2
244 40 
2
2200 34 34 0
2200 10 16 0
2
38 40 
2
2201 4 16 0
2201 10 16 0
2
245 40 
2
2202 34 32 0
2202 10 16 0
2
18 40 
2
2203 4 18 0
2203 10 16 0
2
244 40 
2
2204 34 34 0
2204 10 16 0
2
38 40 
2
2205 4 16 0
2205 10 16 0
2
245 40 
2
2206 34 32 0
2206 10 16 0
2
246 41 
2
2126 34 30 0
2126 20 12 0
2
39 41 
2
2127 22 8 0
2127 20 12 0
2
245 41 
2
2128 34 32 0
2128 20 12 0
2
19 41 
2
2129 20 8 0
2129 20 12 0
2
244 41 
2
2130 34 34 0
2130 20 12 0
2
39 41 
2
2131 22 8 0
2131 20 12 0
2
245 41 
2
2132 34 32 0
2132 20 12 0
2
244 42 
2
2220 34 34 0
2220 16 16 0
2
40 42 
2
2221 10 16 0
2221 16 16 0
2
245 42 
2
2222 34 32 0
2222 16 16 0
2
20 42 
2
2223 14 16 0
2223 16 16 0
2
244 42 
2
2224 34 34 0
2224 16 16 0
2
40 42 
2
2225 10 16 0
2225 16 16 0
2
245 42 
2
2226 34 32 0
2226 16 16 0
2
247 43 
2
2128 34 28 0
2128 18 14 0
2
41 43 
2
2133 20 12 0
2133 18 14 0
2
244 43 
2
2134 34 34 0
2134 18 14 0
2
21 43 
2
2135 20 14 0
2135 18 14 0
2
245 43 
2
2136 34 32 0
2136 18 14 0
2
41 43 
2
2137 20 12 0
2137 18 14 0
2
244 43 
2
2138 34 34 0
2138 18 14 0
2
42 94 
2
2227 16 16 0
2227 8 6 0
2
43 82 
2
2139 18 14 0
2139 28 22 0
2
42 95 
2
2228 16 16 0
2228 6 12 0
2
43 83 
2
2140 18 14 0
2140 10 4 0
2
42 96 
2
2229 16 16 0
2229 16 4 0
2
43 84 
2
2141 18 14 0
2141 28 24 0
2
40 42 
2
2230 10 16 0
2230 16 16 0
2
41 43 
2
2142 20 12 0
2142 18 14 0
2
42 94 
2
2231 16 16 0
2231 8 6 0
2
43 82 
2
2143 18 14 0
2143 28 22 0
2
42 95 
2
2232 16 16 0
2232 6 12 0
2
43 83 
2
2144 18 14 0
2144 10 4 0
2
42 96 
2
2233 16 16 0
2233 16 4 0
2
43 84 
2
2145 18 14 0
2145 28 24 0
2
20 40 
2
2231 14 16 0
2231 10 16 0
2
21 41 
2
2143 20 14 0
2143 20 12 0
2
38 40 
2
2232 4 16 0
2232 10 16 0
2
39 41 
2
2144 22 8 0
2144 20 12 0
2
245 42 
2
2234 34 32 0
2234 16 16 0
2
40 42 
2
2235 10 16 0
2235 16 16 0
2
244 42 
2
2236 34 34 0
2236 16 16 0
2
20 42 
2
2237 14 16 0
2237 16 16 0
2
245 42 
2
2238 34 32 0
2238 16 16 0
2
40 42 
2
2239 10 16 0
2239 16 16 0
2
244 42 
2
2240 34 34 0
2240 16 16 0
2
244 43 
2
2146 34 34 0
2146 18 14 0
2
41 43 
2
2147 20 12 0
2147 18 14 0
2
245 43 
2
2148 34 32 0
2148 18 14 0
2
21 43 
2
2149 20 14 0
2149 18 14 0
2
244 43 
2
2150 34 34 0
2150 18 14 0
2
41 43 
2
2151 20 12 0
2151 18 14 0
2
246 43 
2
2152 34 30 0
2152 18 14 0
2
42 95 
2
2241 16 16 0
2241 6 12 0
2
43 81 
2
2153 18 14 0
2153 6 6 0
2
42 96 
2
2242 16 16 0
2242 16 4 0
2
43 82 
2
2154 18 14 0
2154 28 22 0
2
42 97 
2
2243 16 16 0
2243 12 14 0
2
43 83 
2
2155 18 14 0
2155 10 4 0
2
43 84 
2
2156 18 14 0
2156 28 24 0
2
43 85 
2
2157 18 14 0
2157 30 20 0
2
43 88 
2
2158 18 14 0
2158 12 4 0
2
43 110 
2
2159 18 14 0
2159 6 20 0
2
43 127 
2
2160 18 14 0
2160 12 18 0
2
43 132 
2
2161 18 14 0
2161 8 16 0
2
43 133 
2
2162 18 14 0
2162 10 12 0
2
43 134 
2
2163 18 14 0
2163 16 30 0
2
43 135 
2
2164 18 14 0
2164 10 26 0
2
43 136 
2
2165 18 14 0
2165 16 26 0
2
43 137 
2
2166 18 14 0
2166 16 28 0
2
43 138 
2
2167 18 14 0
2167 10 20 0
2
43 139 
2
2168 18 14 0
2168 12 26 0
2
43 140 
2
2169 18 14 0
2169 14 18 0
2
43 141 
2
2170 18 14 0
2170 14 20 0
2
43 142 
2
2171 18 14 0
2171 8 12 0
2
43 143 
2
2172 18 14 0
2172 22 24 0
2
43 144 
2
2173 18 14 0
2173 24 18 0
2
40 42 
2
2244 10 16 0
2244 16 16 0
2
41 43 
2
2174 20 12 0
2174 18 14 0
2
42 95 
2
2245 16 16 0
2245 6 12 0
2
43 81 
2
2175 18 14 0
2175 6 6 0
2
42 96 
2
2246 16 16 0
2246 16 4 0
2
43 82 
2
2176 18 14 0
2176 28 22 0
2
42 97 
2
2247 16 16 0
2247 12 14 0
2
43 83 
2
2177 18 14 0
2177 10 4 0
2
43 84 
2
2178 18 14 0
2178 28 24 0
2
43 85 
2
2179 18 14 0
2179 30 20 0
2
43 88 
2
2180 18 14 0
2180 12 4 0
2
43 110 
2
2181 18 14 0
2181 6 20 0
2
43 127 
2
2182 18 14 0
2182 12 18 0
2
43 132 
2
2183 18 14 0
2183 8 16 0
2
43 133 
2
2184 18 14 0
2184 10 12 0
2
43 134 
2
2185 18 14 0
2185 16 30 0
2
43 135 
2
2186 18 14 0
2186 10 26 0
2
43 136 
2
2187 18 14 0
2187 16 26 0
2
43 137 
2
2188 18 14 0
2188 16 28 0
2
43 138 
2
2189 18 14 0
2189 10 20 0
2
43 139 
2
2190 18 14 0
2190 12 26 0
2
43 140 
2
2191 18 14 0
2191 14 18 0
2
43 141 
2
2192 18 14 0
2192 14 20 0
2
43 142 
2
2193 18 14 0
2193 8 12 0
2
43 143 
2
2194 18 14 0
2194 22 24 0
2
43 144 
2
2195 18 14 0
2195 24 18 0
2
20 40 
2
2245 14 16 0
2245 10 16 0
2
21 41 
2
2175 20 14 0
2175 20 12 0
2
18 38 
2
2233 4 18 0
2233 4 16 0
2
19 39 
2
2145 20 8 0
2145 22 8 0
2
36 38 
2
2234 4 22 0
2234 4 16 0
2
37 39 
2
2146 24 4 0
2146 22 8 0
2
244 40 
2
2246 34 34 0
2246 10 16 0
2
38 40 
2
2247 4 16 0
2247 10 16 0
2
246 40 
2
2248 34 30 0
2248 10 16 0
2
18 40 
2
2249 4 18 0
2249 10 16 0
2
244 40 
2
2250 34 34 0
2250 10 16 0
2
38 40 
2
2251 4 16 0
2251 10 16 0
2
246 40 
2
2252 34 30 0
2252 10 16 0
2
246 41 
2
2176 34 30 0
2176 20 12 0
2
39 41 
2
2177 22 8 0
2177 20 12 0
2
244 41 
2
2178 34 34 0
2178 20 12 0
2
19 41 
2
2179 20 8 0
2179 20 12 0
2
245 41 
2
2180 34 32 0
2180 20 12 0
2
39 41 
2
2181 22 8 0
2181 20 12 0
2
244 41 
2
2182 34 34 0
2182 20 12 0
2
247 42 
2
2248 34 28 0
2248 16 16 0
2
40 42 
2
2253 10 16 0
2253 16 16 0
2
244 42 
2
2254 34 34 0
2254 16 16 0
2
20 42 
2
2255 14 16 0
2255 16 16 0
2
245 42 
2
2256 34 32 0
2256 16 16 0
2
40 42 
2
2257 10 16 0
2257 16 16 0
2
244 42 
2
2258 34 34 0
2258 16 16 0
2
244 43 
2
2196 34 34 0
2196 18 14 0
2
41 43 
2
2197 20 12 0
2197 18 14 0
2
245 43 
2
2198 34 32 0
2198 18 14 0
2
21 43 
2
2199 20 14 0
2199 18 14 0
2
246 43 
2
2200 34 30 0
2200 18 14 0
2
41 43 
2
2201 20 12 0
2201 18 14 0
2
247 43 
2
2202 34 28 0
2202 18 14 0
2
42 94 
2
2259 16 16 0
2259 8 6 0
2
43 82 
2
2203 18 14 0
2203 28 22 0
2
42 95 
2
2260 16 16 0
2260 6 12 0
2
43 83 
2
2204 18 14 0
2204 10 4 0
2
42 96 
2
2261 16 16 0
2261 16 4 0
2
43 84 
2
2205 18 14 0
2205 28 24 0
2
42 97 
2
2262 16 16 0
2262 12 14 0
2
43 85 
2
2206 18 14 0
2206 30 20 0
2
42 98 
2
2263 16 16 0
2263 22 16 0
2
43 88 
2
2207 18 14 0
2207 12 4 0
2
42 99 
2
2264 16 16 0
2264 18 24 0
2
43 110 
2
2208 18 14 0
2208 6 20 0
2
42 100 
2
2265 16 16 0
2265 12 10 0
2
43 127 
2
2209 18 14 0
2209 12 18 0
2
42 101 
2
2266 16 16 0
2266 18 18 0
2
43 132 
2
2210 18 14 0
2210 8 16 0
2
42 102 
2
2267 16 16 0
2267 14 8 0
2
43 133 
2
2211 18 14 0
2211 10 12 0
2
42 103 
2
2268 16 16 0
2268 14 6 0
2
43 134 
2
2212 18 14 0
2212 16 30 0
2
42 104 
2
2269 16 16 0
2269 22 26 0
2
43 135 
2
2213 18 14 0
2213 10 26 0
2
42 105 
2
2270 16 16 0
2270 20 16 0
2
43 136 
2
2214 18 14 0
2214 16 26 0
2
42 106 
2
2271 16 16 0
2271 24 20 0
2
43 137 
2
2215 18 14 0
2215 16 28 0
2
42 107 
2
2272 16 16 0
2272 30 16 0
2
43 138 
2
2216 18 14 0
2216 10 20 0
2
42 108 
2
2273 16 16 0
2273 28 10 0
2
43 139 
2
2217 18 14 0
2217 12 26 0
2
42 109 
2
2274 16 16 0
2274 26 10 0
2
43 140 
2
2218 18 14 0
2218 14 18 0
2
42 111 
2
2275 16 16 0
2275 18 6 0
2
43 141 
2
2219 18 14 0
2219 14 20 0
2
42 112 
2
2276 16 16 0
2276 30 14 0
2
43 142 
2
2220 18 14 0
2220 8 12 0
2
42 113 
2
2277 16 16 0
2277 22 4 0
2
43 143 
2
2221 18 14 0
2221 22 24 0
2
42 114 
2
2278 16 16 0
2278 30 10 0
2
43 144 
2
2222 18 14 0
2222 24 18 0
2
42 115 
2
2279 16 16 0
2279 2 10 0
2
43 145 
2
2223 18 14 0
2223 22 10 0
2
40 42 
2
2280 10 16 0
2280 16 16 0
2
41 43 
2
2224 20 12 0
2224 18 14 0
2
42 94 
2
2281 16 16 0
2281 8 6 0
2
43 82 
2
2225 18 14 0
2225 28 22 0
2
42 95 
2
2282 16 16 0
2282 6 12 0
2
43 83 
2
2226 18 14 0
2226 10 4 0
2
42 96 
2
2283 16 16 0
2283 16 4 0
2
43 84 
2
2227 18 14 0
2227 28 24 0
2
42 97 
2
2284 16 16 0
2284 12 14 0
2
43 85 
2
2228 18 14 0
2228 30 20 0
2
42 98 
2
2285 16 16 0
2285 22 16 0
2
43 88 
2
2229 18 14 0
2229 12 4 0
2
42 99 
2
2286 16 16 0
2286 18 24 0
2
43 110 
2
2230 18 14 0
2230 6 20 0
2
42 100 
2
2287 16 16 0
2287 12 10 0
2
43 127 
2
2231 18 14 0
2231 12 18 0
2
42 101 
2
2288 16 16 0
2288 18 18 0
2
43 132 
2
2232 18 14 0
2232 8 16 0
2
42 102 
2
2289 16 16 0
2289 14 8 0
2
43 133 
2
2233 18 14 0
2233 10 12 0
2
42 103 
2
2290 16 16 0
2290 14 6 0
2
43 134 
2
2234 18 14 0
2234 16 30 0
2
42 104 
2
2291 16 16 0
2291 22 26 0
2
43 135 
2
2235 18 14 0
2235 10 26 0
2
42 105 
2
2292 16 16 0
2292 20 16 0
2
43 136 
2
2236 18 14 0
2236 16 26 0
2
42 106 
2
2293 16 16 0
2293 24 20 0
2
43 137 
2
2237 18 14 0
2237 16 28 0
2
42 107 
2
2294 16 16 0
2294 30 16 0
2
43 138 
2
2238 18 14 0
2238 10 20 0
2
42 108 
2
2295 16 16 0
2295 28 10 0
2
43 139 
2
2239 18 14 0
2239 12 26 0
2
42 109 
2
2296 16 16 0
2296 26 10 0
2
43 140 
2
2240 18 14 0
2240 14 18 0
2
42 111 
2
2297 16 16 0
2297 18 6 0
2
43 141 
2
2241 18 14 0
2241 14 20 0
2
42 112 
2
2298 16 16 0
2298 30 14 0
2
43 142 
2
2242 18 14 0
2242 8 12 0
2
42 113 
2
2299 16 16 0
2299 22 4 0
2
43 143 
2
2243 18 14 0
2243 22 24 0
2
42 114 
2
2300 16 16 0
2300 30 10 0
2
43 144 
2
2244 18 14 0
2244 24 18 0
2
42 115 
2
2301 16 16 0
2301 2 10 0
2
43 145 
2
2245 18 14 0
2245 22 10 0
2
20 40 
2
2281 14 16 0
2281 10 16 0
2
21 41 
2
2225 20 14 0
2225 20 12 0
2
38 40 
2
2282 4 16 0
2282 10 16 0
2
39 41 
2
2226 22 8 0
2226 20 12 0
2
244 42 
2
2302 34 34 0
2302 16 16 0
2
40 42 
2
2303 10 16 0
2303 16 16 0
2
245 42 
2
2304 34 32 0
2304 16 16 0
2
20 42 
2
2305 14 16 0
2305 16 16 0
2
244 42 
2
2306 34 34 0
2306 16 16 0
2
40 42 
2
2307 10 16 0
2307 16 16 0
2
245 42 
2
2308 34 32 0
2308 16 16 0
2
245 43 
2
2246 34 32 0
2246 18 14 0
2
41 43 
2
2247 20 12 0
2247 18 14 0
2
248 43 
2
2248 34 26 0
2248 18 14 0
2
21 43 
2
2249 20 14 0
2249 18 14 0
2
245 43 
2
2250 34 32 0
2250 18 14 0
2
41 43 
2
2251 20 12 0
2251 18 14 0
2
247 43 
2
2252 34 28 0
2252 18 14 0
2
42 95 
2
2309 16 16 0
2309 6 12 0
2
43 144 
2
2253 18 14 0
2253 24 18 0
2
42 96 
2
2310 16 16 0
2310 16 4 0
2
43 145 
2
2254 18 14 0
2254 22 10 0
2
42 97 
2
2311 16 16 0
2311 12 14 0
2
43 146 
2
2255 18 14 0
2255 30 12 0
2
42 98 
2
2312 16 16 0
2312 22 16 0
2
42 99 
2
2313 16 16 0
2313 18 24 0
2
42 100 
2
2314 16 16 0
2314 12 10 0
2
42 101 
2
2315 16 16 0
2315 18 18 0
2
42 102 
2
2316 16 16 0
2316 14 8 0
2
42 103 
2
2317 16 16 0
2317 14 6 0
2
42 104 
2
2318 16 16 0
2318 22 26 0
2
42 105 
2
2319 16 16 0
2319 20 16 0
2
42 106 
2
2320 16 16 0
2320 24 20 0
2
42 107 
2
2321 16 16 0
2321 30 16 0
2
42 108 
2
2322 16 16 0
2322 28 10 0
2
42 109 
2
2323 16 16 0
2323 26 10 0
2
42 111 
2
2324 16 16 0
2324 18 6 0
2
42 112 
2
2325 16 16 0
2325 30 14 0
2
42 113 
2
2326 16 16 0
2326 22 4 0
2
42 114 
2
2327 16 16 0
2327 30 10 0
2
42 115 
2
2328 16 16 0
2328 2 10 0
2
42 116 
2
2329 16 16 0
2329 8 8 0
2
40 42 
2
2330 10 16 0
2330 16 16 0
2
41 43 
2
2256 20 12 0
2256 18 14 0
2
42 95 
2
2331 16 16 0
2331 6 12 0
2
43 144 
2
2257 18 14 0
2257 24 18 0
2
42 96 
2
2332 16 16 0
2332 16 4 0
2
43 145 
2
2258 18 14 0
2258 22 10 0
2
42 97 
2
2333 16 16 0
2333 12 14 0
2
43 146 
2
2259 18 14 0
2259 30 12 0
2
42 98 
2
2334 16 16 0
2334 22 16 0
2
42 99 
2
2335 16 16 0
2335 18 24 0
2
42 100 
2
2336 16 16 0
2336 12 10 0
2
42 101 
2
2337 16 16 0
2337 18 18 0
2
42 102 
2
2338 16 16 0
2338 14 8 0
2
42 103 
2
2339 16 16 0
2339 14 6 0
2
42 104 
2
2340 16 16 0
2340 22 26 0
2
42 105 
2
2341 16 16 0
2341 20 16 0
2
42 106 
2
2342 16 16 0
2342 24 20 0
2
42 107 
2
2343 16 16 0
2343 30 16 0
2
42 108 
2
2344 16 16 0
2344 28 10 0
2
42 109 
2
2345 16 16 0
2345 26 10 0
2
42 111 
2
2346 16 16 0
2346 18 6 0
2
42 112 
2
2347 16 16 0
2347 30 14 0
2
42 113 
2
2348 16 16 0
2348 22 4 0
2
42 114 
2
2349 16 16 0
2349 30 10 0
2
42 115 
2
2350 16 16 0
2350 2 10 0
2
42 116 
2
2351 16 16 0
2351 8 8 0
2
20 40 
2
2331 14 16 0
2331 10 16 0
2
21 41 
2
2257 20 14 0
2257 20 12 0
2
18 38 
2
2283 4 18 0
2283 4 16 0
2
19 39 
2
2227 20 8 0
2227 22 8 0
2
16 36 
2
2235 4 24 0
2235 4 22 0
2
17 37 
2
2147 26 4 0
2147 24 4 0
2
14 34 
2
2105 4 26 0
2105 2 24 0
2
15 35 
2
2067 26 2 0
2067 28 2 0
2
12 32 
2
1801 2 26 0
1801 2 28 0
2
13 33 
2
1805 30 2 0
1805 32 2 0
2
10 30 
2
1214 6 28 0
1214 4 28 0
2
11 31 
2
1235 32 4 0
1235 32 6 0
2
8 28 
2
79 6 30 0
79 4 30 0
2
9 29 
2
79 32 24 0
79 32 26 0
2
26 28 
2
80 2 30 0
80 4 30 0
2
27 29 
2
80 32 28 0
80 32 26 0
2
244 30 
2
1215 34 34 0
1215 4 28 0
2
28 30 
2
1216 4 30 0
1216 4 28 0
2
245 30 
2
1217 34 32 0
1217 4 28 0
2
8 30 
2
1218 6 30 0
1218 4 28 0
2
244 30 
2
1219 34 34 0
1219 4 28 0
2
28 30 
2
1220 4 30 0
1220 4 28 0
2
245 30 
2
1221 34 32 0
1221 4 28 0
2
246 31 
2
1236 34 30 0
1236 32 6 0
2
29 31 
2
1237 32 26 0
1237 32 6 0
2
244 31 
2
1238 34 34 0
1238 32 6 0
2
9 31 
2
1239 32 24 0
1239 32 6 0
2
245 31 
2
1240 34 32 0
1240 32 6 0
2
29 31 
2
1241 32 26 0
1241 32 6 0
2
244 31 
2
1242 34 34 0
1242 32 6 0
2
244 32 
2
1802 34 34 0
1802 2 28 0
2
30 32 
2
1803 4 28 0
1803 2 28 0
2
245 32 
2
1804 34 32 0
1804 2 28 0
2
10 32 
2
1805 6 28 0
1805 2 28 0
2
244 32 
2
1806 34 34 0
1806 2 28 0
2
30 32 
2
1807 4 28 0
1807 2 28 0
2
245 32 
2
1808 34 32 0
1808 2 28 0
2
246 33 
2
1806 34 30 0
1806 32 2 0
2
31 33 
2
1807 32 6 0
1807 32 2 0
2
247 33 
2
1808 34 28 0
1808 32 2 0
2
11 33 
2
1809 32 4 0
1809 32 2 0
2
244 33 
2
1810 34 34 0
1810 32 2 0
2
31 33 
2
1811 32 6 0
1811 32 2 0
2
245 33 
2
1812 34 32 0
1812 32 2 0
2
248 34 
2
2106 34 26 0
2106 2 24 0
2
32 34 
2
2107 2 28 0
2107 2 24 0
2
247 34 
2
2108 34 28 0
2108 2 24 0
2
12 34 
2
2109 2 26 0
2109 2 24 0
2
244 34 
2
2110 34 34 0
2110 2 24 0
2
32 34 
2
2111 2 28 0
2111 2 24 0
2
245 34 
2
2112 34 32 0
2112 2 24 0
2
244 35 
2
2068 34 34 0
2068 28 2 0
2
33 35 
2
2069 32 2 0
2069 28 2 0
2
246 35 
2
2070 34 30 0
2070 28 2 0
2
13 35 
2
2071 30 2 0
2071 28 2 0
2
247 35 
2
2072 34 28 0
2072 28 2 0
2
33 35 
2
2073 32 2 0
2073 28 2 0
2
246 35 
2
2074 34 30 0
2074 28 2 0
2
247 36 
2
2236 34 28 0
2236 4 22 0
2
34 36 
2
2237 2 24 0
2237 4 22 0
2
246 36 
2
2238 34 30 0
2238 4 22 0
2
14 36 
2
2239 4 26 0
2239 4 22 0
2
247 36 
2
2240 34 28 0
2240 4 22 0
2
34 36 
2
2241 2 24 0
2241 4 22 0
2
245 36 
2
2242 34 32 0
2242 4 22 0
2
246 37 
2
2148 34 30 0
2148 24 4 0
2
35 37 
2
2149 28 2 0
2149 24 4 0
2
247 37 
2
2150 34 28 0
2150 24 4 0
2
15 37 
2
2151 26 2 0
2151 24 4 0
2
248 37 
2
2152 34 26 0
2152 24 4 0
2
35 37 
2
2153 28 2 0
2153 24 4 0
2
247 37 
2
2154 34 28 0
2154 24 4 0
2
245 38 
2
2284 34 32 0
2284 4 16 0
2
36 38 
2
2285 4 22 0
2285 4 16 0
2
244 38 
2
2286 34 34 0
2286 4 16 0
2
16 38 
2
2287 4 24 0
2287 4 16 0
2
245 38 
2
2288 34 32 0
2288 4 16 0
2
36 38 
2
2289 4 22 0
2289 4 16 0
2
244 38 
2
2290 34 34 0
2290 4 16 0
2
244 39 
2
2228 34 34 0
2228 22 8 0
2
37 39 
2
2229 24 4 0
2229 22 8 0
2
245 39 
2
2230 34 32 0
2230 22 8 0
2
17 39 
2
2231 26 4 0
2231 22 8 0
2
244 39 
2
2232 34 34 0
2232 22 8 0
2
37 39 
2
2233 24 4 0
2233 22 8 0
2
246 39 
2
2234 34 30 0
2234 22 8 0
2
244 40 
2
2332 34 34 0
2332 10 16 0
2
38 40 
2
2333 4 16 0
2333 10 16 0
2
245 40 
2
2334 34 32 0
2334 10 16 0
2
18 40 
2
2335 4 18 0
2335 10 16 0
2
244 40 
2
2336 34 34 0
2336 10 16 0
2
38 40 
2
2337 4 16 0
2337 10 16 0
2
245 40 
2
2338 34 32 0
2338 10 16 0
2
246 41 
2
2258 34 30 0
2258 20 12 0
2
39 41 
2
2259 22 8 0
2259 20 12 0
2
245 41 
2
2260 34 32 0
2260 20 12 0
2
19 41 
2
2261 20 8 0
2261 20 12 0
2
244 41 
2
2262 34 34 0
2262 20 12 0
2
39 41 
2
2263 22 8 0
2263 20 12 0
2
245 41 
2
2264 34 32 0
2264 20 12 0
2
244 42 
2
2352 34 34 0
2352 16 16 0
2
40 42 
2
2353 10 16 0
2353 16 16 0
2
245 42 
2
2354 34 32 0
2354 16 16 0
2
20 42 
2
2355 14 16 0
2355 16 16 0
2
244 42 
2
2356 34 34 0
2356 16 16 0
2
40 42 
2
2357 10 16 0
2357 16 16 0
2
245 42 
2
2358 34 32 0
2358 16 16 0
2
247 43 
2
2260 34 28 0
2260 18 14 0
2
41 43 
2
2265 20 12 0
2265 18 14 0
2
244 43 
2
2266 34 34 0
2266 18 14 0
2
21 43 
2
2267 20 14 0
2267 18 14 0
2
245 43 
2
2268 34 32 0
2268 18 14 0
2
41 43 
2
2269 20 12 0
2269 18 14 0
2
244 43 
2
2270 34 34 0
2270 18 14 0
2
42 94 
2
2359 16 16 0
2359 8 6 0
2
43 145 
2
2271 18 14 0
2271 22 10 0
2
42 95 
2
2360 16 16 0
2360 6 12 0
2
43 146 
2
2272 18 14 0
2272 30 12 0
2
42 96 
2
2361 16 16 0
2361 16 4 0
2
43 147 
2
2273 18 14 0
2273 4 8 0
2
42 97 
2
2362 16 16 0
2362 12 14 0
2
42 98 
2
2363 16 16 0
2363 22 16 0
2
42 99 
2
2364 16 16 0
2364 18 24 0
2
42 100 
2
2365 16 16 0
2365 12 10 0
2
42 101 
2
2366 16 16 0
2366 18 18 0
2
42 102 
2
2367 16 16 0
2367 14 8 0
2
42 103 
2
2368 16 16 0
2368 14 6 0
2
42 104 
2
2369 16 16 0
2369 22 26 0
2
42 105 
2
2370 16 16 0
2370 20 16 0
2
42 106 
2
2371 16 16 0
2371 24 20 0
2
42 107 
2
2372 16 16 0
2372 30 16 0
2
42 108 
2
2373 16 16 0
2373 28 10 0
2
42 109 
2
2374 16 16 0
2374 26 10 0
2
42 111 
2
2375 16 16 0
2375 18 6 0
2
42 112 
2
2376 16 16 0
2376 30 14 0
2
42 113 
2
2377 16 16 0
2377 22 4 0
2
40 42 
2
2378 10 16 0
2378 16 16 0
2
41 43 
2
2274 20 12 0
2274 18 14 0
2
42 94 
2
2379 16 16 0
2379 8 6 0
2
43 145 
2
2275 18 14 0
2275 22 10 0
2
42 95 
2
2380 16 16 0
2380 6 12 0
2
43 146 
2
2276 18 14 0
2276 30 12 0
2
42 96 
2
2381 16 16 0
2381 16 4 0
2
43 147 
2
2277 18 14 0
2277 4 8 0
2
42 97 
2
2382 16 16 0
2382 12 14 0
2
42 98 
2
2383 16 16 0
2383 22 16 0
2
42 99 
2
2384 16 16 0
2384 18 24 0
2
42 100 
2
2385 16 16 0
2385 12 10 0
2
42 101 
2
2386 16 16 0
2386 18 18 0
2
42 102 
2
2387 16 16 0
2387 14 8 0
2
42 103 
2
2388 16 16 0
2388 14 6 0
2
42 104 
2
2389 16 16 0
2389 22 26 0
2
42 105 
2
2390 16 16 0
2390 20 16 0
2
42 106 
2
2391 16 16 0
2391 24 20 0
2
42 107 
2
2392 16 16 0
2392 30 16 0
2
42 108 
2
2393 16 16 0
2393 28 10 0
2
42 109 
2
2394 16 16 0
2394 26 10 0
2
42 111 
2
2395 16 16 0
2395 18 6 0
2
42 112 
2
2396 16 16 0
2396 30 14 0
2
42 113 
2
2397 16 16 0
2397 22 4 0
2
20 40 
2
2379 14 16 0
2379 10 16 0
2
21 41 
2
2275 20 14 0
2275 20 12 0
2
38 40 
2
2380 4 16 0
2380 10 16 0
2
39 41 
2
2276 22 8 0
2276 20 12 0
2
244 42 
2
2398 34 34 0
2398 16 16 0
2
40 42 
2
2399 10 16 0
2399 16 16 0
2
245 42 
2
2400 34 32 0
2400 16 16 0
2
20 42 
2
2401 14 16 0
2401 16 16 0
2
244 42 
2
2402 34 34 0
2402 16 16 0
2
40 42 
2
2403 10 16 0
2403 16 16 0
2
245 42 
2
2404 34 32 0
2404 16 16 0
2
244 43 
2
2278 34 34 0
2278 18 14 0
2
41 43 
2
2279 20 12 0
2279 18 14 0
2
245 43 
2
2280 34 32 0
2280 18 14 0
2
21 43 
2
2281 20 14 0
2281 18 14 0
2
244 43 
2
2282 34 34 0
2282 18 14 0
2
41 43 
2
2283 20 12 0
2283 18 14 0
2
246 43 
2
2284 34 30 0
2284 18 14 0
2
42 95 
2
2405 16 16 0
2405 6 12 0
2
43 144 
2
2285 18 14 0
2285 24 18 0
2
42 96 
2
2406 16 16 0
2406 16 4 0
2
43 145 
2
2286 18 14 0
2286 22 10 0
2
42 97 
2
2407 16 16 0
2407 12 14 0
2
43 146 
2
2287 18 14 0
2287 30 12 0
2
42 98 
2
2408 16 16 0
2408 22 16 0
2
43 147 
2
2288 18 14 0
2288 4 8 0
2
42 99 
2
2409 16 16 0
2409 18 24 0
2
43 148 
2
2289 18 14 0
2289 12 30 0
2
42 100 
2
2410 16 16 0
2410 12 10 0
2
43 165 
2
2290 18 14 0
2290 4 20 0
2
42 101 
2
2411 16 16 0
2411 18 18 0
2
43 187 
2
2291 18 14 0
2291 12 28 0
2
42 102 
2
2412 16 16 0
2412 14 8 0
2
43 190 
2
2292 18 14 0
2292 26 16 0
2
42 103 
2
2413 16 16 0
2413 14 6 0
2
43 192 
2
2293 18 14 0
2293 18 26 0
2
42 104 
2
2414 16 16 0
2414 22 26 0
2
43 193 
2
2294 18 14 0
2294 6 16 0
2
42 105 
2
2415 16 16 0
2415 20 16 0
2
43 194 
2
2295 18 14 0
2295 14 22 0
2
42 106 
2
2416 16 16 0
2416 24 20 0
2
43 195 
2
2296 18 14 0
2296 10 22 0
2
42 107 
2
2417 16 16 0
2417 30 16 0
2
43 196 
2
2297 18 14 0
2297 8 18 0
2
42 108 
2
2418 16 16 0
2418 28 10 0
2
43 197 
2
2298 18 14 0
2298 16 22 0
2
42 109 
2
2419 16 16 0
2419 26 10 0
2
43 198 
2
2299 18 14 0
2299 16 18 0
2
42 111 
2
2420 16 16 0
2420 18 6 0
2
43 199 
2
2300 18 14 0
2300 14 28 0
2
42 112 
2
2421 16 16 0
2421 30 14 0
2
43 200 
2
2301 18 14 0
2301 10 18 0
2
42 113 
2
2422 16 16 0
2422 22 4 0
2
43 201 
2
2302 18 14 0
2302 18 20 0
2
42 114 
2
2423 16 16 0
2423 30 10 0
2
43 202 
2
2303 18 14 0
2303 14 14 0
2
43 203 
2
2304 18 14 0
2304 2 14 0
2
43 204 
2
2305 18 14 0
2305 20 20 0
2
40 42 
2
2424 10 16 0
2424 16 16 0
2
41 43 
2
2306 20 12 0
2306 18 14 0
2
42 95 
2
2425 16 16 0
2425 6 12 0
2
43 144 
2
2307 18 14 0
2307 24 18 0
2
42 96 
2
2426 16 16 0
2426 16 4 0
2
43 145 
2
2308 18 14 0
2308 22 10 0
2
42 97 
2
2427 16 16 0
2427 12 14 0
2
43 146 
2
2309 18 14 0
2309 30 12 0
2
42 98 
2
2428 16 16 0
2428 22 16 0
2
43 147 
2
2310 18 14 0
2310 4 8 0
2
42 99 
2
2429 16 16 0
2429 18 24 0
2
43 148 
2
2311 18 14 0
2311 12 30 0
2
42 100 
2
2430 16 16 0
2430 12 10 0
2
43 165 
2
2312 18 14 0
2312 4 20 0
2
42 101 
2
2431 16 16 0
2431 18 18 0
2
43 187 
2
2313 18 14 0
2313 12 28 0
2
42 102 
2
2432 16 16 0
2432 14 8 0
2
43 190 
2
2314 18 14 0
2314 26 16 0
2
42 103 
2
2433 16 16 0
2433 14 6 0
2
43 192 
2
2315 18 14 0
2315 18 26 0
2
42 104 
2
2434 16 16 0
2434 22 26 0
2
43 193 
2
2316 18 14 0
2316 6 16 0
2
42 105 
2
2435 16 16 0
2435 20 16 0
2
43 194 
2
2317 18 14 0
2317 14 22 0
2
42 106 
2
2436 16 16 0
2436 24 20 0
2
43 195 
2
2318 18 14 0
2318 10 22 0
2
42 107 
2
2437 16 16 0
2437 30 16 0
2
43 196 
2
2319 18 14 0
2319 8 18 0
2
42 108 
2
2438 16 16 0
2438 28 10 0
2
43 197 
2
2320 18 14 0
2320 16 22 0
2
42 109 
2
2439 16 16 0
2439 26 10 0
2
43 198 
2
2321 18 14 0
2321 16 18 0
2
42 111 
2
2440 16 16 0
2440 18 6 0
2
43 199 
2
2322 18 14 0
2322 14 28 0
2
42 112 
2
2441 16 16 0
2441 30 14 0
2
43 200 
2
2323 18 14 0
2323 10 18 0
2
42 113 
2
2442 16 16 0
2442 22 4 0
2
43 201 
2
2324 18 14 0
2324 18 20 0
2
42 114 
2
2443 16 16 0
2443 30 10 0
2
43 202 
2
2325 18 14 0
2325 14 14 0
2
43 203 
2
2326 18 14 0
2326 2 14 0
2
43 204 
2
2327 18 14 0
2327 20 20 0
2
20 40 
2
2425 14 16 0
2425 10 16 0
2
21 41 
2
2307 20 14 0
2307 20 12 0
2
18 38 
2
2381 4 18 0
2381 4 16 0
2
19 39 
2
2277 20 8 0
2277 22 8 0
2
36 38 
2
2382 4 22 0
2382 4 16 0
2
37 39 
2
2278 24 4 0
2278 22 8 0
2
244 40 
2
2426 34 34 0
2426 10 16 0
2
38 40 
2
2427 4 16 0
2427 10 16 0
2
245 40 
2
2428 34 32 0
2428 10 16 0
2
18 40 
2
2429 4 18 0
2429 10 16 0
2
244 40 
2
2430 34 34 0
2430 10 16 0
2
38 40 
2
2431 4 16 0
2431 10 16 0
2
245 40 
2
2432 34 32 0
2432 10 16 0
2
246 41 
2
2308 34 30 0
2308 20 12 0
2
39 41 
2
2309 22 8 0
2309 20 12 0
2
244 41 
2
2310 34 34 0
2310 20 12 0
2
19 41 
2
2311 20 8 0
2311 20 12 0
2
245 41 
2
2312 34 32 0
2312 20 12 0
2
39 41 
2
2313 22 8 0
2313 20 12 0
2
244 41 
2
2314 34 34 0
2314 20 12 0
2
244 42 
2
2444 34 34 0
2444 16 16 0
2
40 42 
2
2445 10 16 0
2445 16 16 0
2
245 42 
2
2446 34 32 0
2446 16 16 0
2
20 42 
2
2447 14 16 0
2447 16 16 0
2
244 42 
2
2448 34 34 0
2448 16 16 0
2
40 42 
2
2449 10 16 0
2449 16 16 0
2
245 42 
2
2450 34 32 0
2450 16 16 0
2
244 43 
2
2328 34 34 0
2328 18 14 0
2
41 43 
2
2329 20 12 0
2329 18 14 0
2
245 43 
2
2330 34 32 0
2330 18 14 0
2
21 43 
2
2331 20 14 0
2331 18 14 0
2
246 43 
2
2332 34 30 0
2332 18 14 0
2
41 43 
2
2333 20 12 0
2333 18 14 0
2
247 43 
2
2334 34 28 0
2334 18 14 0
2
42 96 
2
2451 16 16 0
2451 16 4 0
2
43 145 
2
2335 18 14 0
2335 22 10 0
2
42 97 
2
2452 16 16 0
2452 12 14 0
2
43 146 
2
2336 18 14 0
2336 30 12 0
2
42 98 
2
2453 16 16 0
2453 22 16 0
2
43 147 
2
2337 18 14 0
2337 4 8 0
2
43 148 
2
2338 18 14 0
2338 12 30 0
2
43 165 
2
2339 18 14 0
2339 4 20 0
2
43 187 
2
2340 18 14 0
2340 12 28 0
2
43 190 
2
2341 18 14 0
2341 26 16 0
2
43 192 
2
2342 18 14 0
2342 18 26 0
2
43 193 
2
2343 18 14 0
2343 6 16 0
2
43 194 
2
2344 18 14 0
2344 14 22 0
2
43 195 
2
2345 18 14 0
2345 10 22 0
2
43 196 
2
2346 18 14 0
2346 8 18 0
2
43 197 
2
2347 18 14 0
2347 16 22 0
2
43 198 
2
2348 18 14 0
2348 16 18 0
2
43 199 
2
2349 18 14 0
2349 14 28 0
2
43 200 
2
2350 18 14 0
2350 10 18 0
2
43 201 
2
2351 18 14 0
2351 18 20 0
2
43 202 
2
2352 18 14 0
2352 14 14 0
2
43 203 
2
2353 18 14 0
2353 2 14 0
2
43 204 
2
2354 18 14 0
2354 20 20 0
2
43 205 
2
2355 18 14 0
2355 18 10 0
2
40 42 
2
2454 10 16 0
2454 16 16 0
2
41 43 
2
2356 20 12 0
2356 18 14 0
2
42 96 
2
2455 16 16 0
2455 16 4 0
2
43 145 
2
2357 18 14 0
2357 22 10 0
2
42 97 
2
2456 16 16 0
2456 12 14 0
2
43 146 
2
2358 18 14 0
2358 30 12 0
2
42 98 
2
2457 16 16 0
2457 22 16 0
2
43 147 
2
2359 18 14 0
2359 4 8 0
2
43 148 
2
2360 18 14 0
2360 12 30 0
2
43 165 
2
2361 18 14 0
2361 4 20 0
2
43 187 
2
2362 18 14 0
2362 12 28 0
2
43 190 
2
2363 18 14 0
2363 26 16 0
2
43 192 
2
2364 18 14 0
2364 18 26 0
2
43 193 
2
2365 18 14 0
2365 6 16 0
2
43 194 
2
2366 18 14 0
2366 14 22 0
2
43 195 
2
2367 18 14 0
2367 10 22 0
2
43 196 
2
2368 18 14 0
2368 8 18 0
2
43 197 
2
2369 18 14 0
2369 16 22 0
2
43 198 
2
2370 18 14 0
2370 16 18 0
2
43 199 
2
2371 18 14 0
2371 14 28 0
2
43 200 
2
2372 18 14 0
2372 10 18 0
2
43 201 
2
2373 18 14 0
2373 18 20 0
2
43 202 
2
2374 18 14 0
2374 14 14 0
2
43 203 
2
2375 18 14 0
2375 2 14 0
2
43 204 
2
2376 18 14 0
2376 20 20 0
2
43 205 
2
2377 18 14 0
2377 18 10 0
2
20 40 
2
2455 14 16 0
2455 10 16 0
2
21 41 
2
2357 20 14 0
2357 20 12 0
2
38 40 
2
2456 4 16 0
2456 10 16 0
2
39 41 
2
2358 22 8 0
2358 20 12 0
2
244 42 
2
2458 34 34 0
2458 16 16 0
2
40 42 
2
2459 10 16 0
2459 16 16 0
2
246 42 
2
2460 34 30 0
2460 16 16 0
2
20 42 
2
2461 14 16 0
2461 16 16 0
2
244 42 
2
2462 34 34 0
2462 16 16 0
2
40 42 
2
2463 10 16 0
2463 16 16 0
2
246 42 
2
2464 34 30 0
2464 16 16 0
2
244 43 
2
2378 34 34 0
2378 18 14 0
2
41 43 
2
2379 20 12 0
2379 18 14 0
2
245 43 
2
2380 34 32 0
2380 18 14 0
2
21 43 
2
2381 20 14 0
2381 18 14 0
2
244 43 
2
2382 34 34 0
2382 18 14 0
2
41 43 
2
2383 20 12 0
2383 18 14 0
2
245 43 
2
2384 34 32 0
2384 18 14 0
2
42 97 
2
2465 16 16 0
2465 12 14 0
2
43 204 
2
2385 18 14 0
2385 20 20 0
2
42 98 
2
2466 16 16 0
2466 22 16 0
2
43 205 
2
2386 18 14 0
2386 18 10 0
2
42 99 
2
2467 16 16 0
2467 18 24 0
2
43 206 
2
2387 18 14 0
2387 26 24 0
2
40 42 
2
2468 10 16 0
2468 16 16 0
2
41 43 
2
2388 20 12 0
2388 18 14 0
2
42 97 
2
2469 16 16 0
2469 12 14 0
2
43 204 
2
2389 18 14 0
2389 20 20 0
2
42 98 
2
2470 16 16 0
2470 22 16 0
2
43 205 
2
2390 18 14 0
2390 18 10 0
2
42 99 
2
2471 16 16 0
2471 18 24 0
2
43 206 
2
2391 18 14 0
2391 26 24 0
2
20 40 
2
2469 14 16 0
2469 10 16 0
2
21 41 
2
2389 20 14 0
2389 20 12 0
2
18 38 
2
2457 4 18 0
2457 4 16 0
2
19 39 
2
2359 20 8 0
2359 22 8 0
2
16 36 
2
2383 4 24 0
2383 4 22 0
2
17 37 
2
2279 26 4 0
2279 24 4 0
2
34 36 
2
2384 2 24 0
2384 4 22 0
2
35 37 
2
2280 28 2 0
2280 24 4 0
2
245 38 
2
2458 34 32 0
2458 4 16 0
2
36 38 
2
2459 4 22 0
2459 4 16 0
2
247 38 
2
2460 34 28 0
2460 4 16 0
2
16 38 
2
2461 4 24 0
2461 4 16 0
2
245 38 
2
2462 34 32 0
2462 4 16 0
2
36 38 
2
2463 4 22 0
2463 4 16 0
2
247 38 
2
2464 34 28 0
2464 4 16 0
2
244 39 
2
2360 34 34 0
2360 22 8 0
2
37 39 
2
2361 24 4 0
2361 22 8 0
2
245 39 
2
2362 34 32 0
2362 22 8 0
2
17 39 
2
2363 26 4 0
2363 22 8 0
2
244 39 
2
2364 34 34 0
2364 22 8 0
2
37 39 
2
2365 24 4 0
2365 22 8 0
2
245 39 
2
2366 34 32 0
2366 22 8 0
2
244 40 
2
2470 34 34 0
2470 10 16 0
2
38 40 
2
2471 4 16 0
2471 10 16 0
2
245 40 
2
2472 34 32 0
2472 10 16 0
2
18 40 
2
2473 4 18 0
2473 10 16 0
2
244 40 
2
2474 34 34 0
2474 10 16 0
2
38 40 
2
2475 4 16 0
2475 10 16 0
2
245 40 
2
2476 34 32 0
2476 10 16 0
2
244 41 
2
2390 34 34 0
2390 20 12 0
2
39 41 
2
2391 22 8 0
2391 20 12 0
2
245 41 
2
2392 34 32 0
2392 20 12 0
2
19 41 
2
2393 20 8 0
2393 20 12 0
2
244 41 
2
2394 34 34 0
2394 20 12 0
2
39 41 
2
2395 22 8 0
2395 20 12 0
2
245 41 
2
2396 34 32 0
2396 20 12 0
2
246 42 
2
2472 34 30 0
2472 16 16 0
2
40 42 
2
2477 10 16 0
2477 16 16 0
2
244 42 
2
2478 34 34 0
2478 16 16 0
2
20 42 
2
2479 14 16 0
2479 16 16 0
2
245 42 
2
2480 34 32 0
2480 16 16 0
2
40 42 
2
2481 10 16 0
2481 16 16 0
2
244 42 
2
2482 34 34 0
2482 16 16 0
2
246 43 
2
2392 34 30 0
2392 18 14 0
2
41 43 
2
2397 20 12 0
2397 18 14 0
2
247 43 
2
2398 34 28 0
2398 18 14 0
2
21 43 
2
2399 20 14 0
2399 18 14 0
2
246 43 
2
2400 34 30 0
2400 18 14 0
2
41 43 
2
2401 20 12 0
2401 18 14 0
2
247 43 
2
2402 34 28 0
2402 18 14 0
2
42 96 
2
2483 16 16 0
2483 16 4 0
2
43 205 
2
2403 18 14 0
2403 18 10 0
2
42 97 
2
2484 16 16 0
2484 12 14 0
2
43 206 
2
2404 18 14 0
2404 26 24 0
2
42 98 
2
2485 16 16 0
2485 22 16 0
2
43 207 
2
2405 18 14 0
2405 4 10 0
2
42 99 
2
2486 16 16 0
2486 18 24 0
2
42 100 
2
2487 16 16 0
2487 12 10 0
2
42 101 
2
2488 16 16 0
2488 18 18 0
2
42 102 
2
2489 16 16 0
2489 14 8 0
2
42 103 
2
2490 16 16 0
2490 14 6 0
2
42 104 
2
2491 16 16 0
2491 22 26 0
2
42 105 
2
2492 16 16 0
2492 20 16 0
2
42 106 
2
2493 16 16 0
2493 24 20 0
2
42 107 
2
2494 16 16 0
2494 30 16 0
2
42 108 
2
2495 16 16 0
2495 28 10 0
2
42 109 
2
2496 16 16 0
2496 26 10 0
2
42 111 
2
2497 16 16 0
2497 18 6 0
2
42 112 
2
2498 16 16 0
2498 30 14 0
2
42 113 
2
2499 16 16 0
2499 22 4 0
2
42 114 
2
2500 16 16 0
2500 30 10 0
2
42 115 
2
2501 16 16 0
2501 2 10 0
2
42 116 
2
2502 16 16 0
2502 8 8 0
2
42 117 
2
2503 16 16 0
2503 12 8 0
2
40 42 
2
2504 10 16 0
2504 16 16 0
2
41 43 
2
2406 20 12 0
2406 18 14 0
2
42 96 
2
2505 16 16 0
2505 16 4 0
2
43 205 
2
2407 18 14 0
2407 18 10 0
2
42 97 
2
2506 16 16 0
2506 12 14 0
2
43 206 
2
2408 18 14 0
2408 26 24 0
2
42 98 
2
2507 16 16 0
2507 22 16 0
2
43 207 
2
2409 18 14 0
2409 4 10 0
2
42 99 
2
2508 16 16 0
2508 18 24 0
2
42 100 
2
2509 16 16 0
2509 12 10 0
2
42 101 
2
2510 16 16 0
2510 18 18 0
2
42 102 
2
2511 16 16 0
2511 14 8 0
2
42 103 
2
2512 16 16 0
2512 14 6 0
2
42 104 
2
2513 16 16 0
2513 22 26 0
2
42 105 
2
2514 16 16 0
2514 20 16 0
2
42 106 
2
2515 16 16 0
2515 24 20 0
2
42 107 
2
2516 16 16 0
2516 30 16 0
2
42 108 
2
2517 16 16 0
2517 28 10 0
2
42 109 
2
2518 16 16 0
2518 26 10 0
2
42 111 
2
2519 16 16 0
2519 18 6 0
2
42 112 
2
2520 16 16 0
2520 30 14 0
2
42 113 
2
2521 16 16 0
2521 22 4 0
2
42 114 
2
2522 16 16 0
2522 30 10 0
2
42 115 
2
2523 16 16 0
2523 2 10 0
2
42 116 
2
2524 16 16 0
2524 8 8 0
2
42 117 
2
2525 16 16 0
2525 12 8 0
2
20 40 
2
2505 14 16 0
2505 10 16 0
2
21 41 
2
2407 20 14 0
2407 20 12 0
2
38 40 
2
2506 4 16 0
2506 10 16 0
2
39 41 
2
2408 22 8 0
2408 20 12 0
2
244 42 
2
2526 34 34 0
2526 16 16 0
2
40 42 
2
2527 10 16 0
2527 16 16 0
2
245 42 
2
2528 34 32 0
2528 16 16 0
2
20 42 
2
2529 14 16 0
2529 16 16 0
2
244 42 
2
2530 34 34 0
2530 16 16 0
2
40 42 
2
2531 10 16 0
2531 16 16 0
2
245 42 
2
2532 34 32 0
2532 16 16 0
2
244 43 
2
2410 34 34 0
2410 18 14 0
2
41 43 
2
2411 20 12 0
2411 18 14 0
2
245 43 
2
2412 34 32 0
2412 18 14 0
2
21 43 
2
2413 20 14 0
2413 18 14 0
2
244 43 
2
2414 34 34 0
2414 18 14 0
2
41 43 
2
2415 20 12 0
2415 18 14 0
2
245 43 
2
2416 34 32 0
2416 18 14 0
2
42 97 
2
2533 16 16 0
2533 12 14 0
2
43 204 
2
2417 18 14 0
2417 20 20 0
2
42 98 
2
2534 16 16 0
2534 22 16 0
2
43 205 
2
2418 18 14 0
2418 18 10 0
2
42 99 
2
2535 16 16 0
2535 18 24 0
2
43 206 
2
2419 18 14 0
2419 26 24 0
2
42 100 
2
2536 16 16 0
2536 12 10 0
2
43 207 
2
2420 18 14 0
2420 4 10 0
2
42 101 
2
2537 16 16 0
2537 18 18 0
2
43 208 
2
2421 18 14 0
2421 32 16 0
2
42 102 
2
2538 16 16 0
2538 14 8 0
2
43 209 
2
2422 18 14 0
2422 2 18 0
2
42 103 
2
2539 16 16 0
2539 14 6 0
2
43 210 
2
2423 18 14 0
2423 8 24 0
2
42 104 
2
2540 16 16 0
2540 22 26 0
2
43 211 
2
2424 18 14 0
2424 6 18 0
2
42 105 
2
2541 16 16 0
2541 20 16 0
2
43 212 
2
2425 18 14 0
2425 16 24 0
2
42 106 
2
2542 16 16 0
2542 24 20 0
2
43 213 
2
2426 18 14 0
2426 16 32 0
2
42 107 
2
2543 16 16 0
2543 30 16 0
2
43 214 
2
2427 18 14 0
2427 12 20 0
2
42 108 
2
2544 16 16 0
2544 28 10 0
2
43 215 
2
2428 18 14 0
2428 18 16 0
2
42 109 
2
2545 16 16 0
2545 26 10 0
2
43 216 
2
2429 18 14 0
2429 8 20 0
2
42 111 
2
2546 16 16 0
2546 18 6 0
2
43 217 
2
2430 18 14 0
2430 14 26 0
2
42 112 
2
2547 16 16 0
2547 30 14 0
2
43 218 
2
2431 18 14 0
2431 10 24 0
2
42 113 
2
2548 16 16 0
2548 22 4 0
2
43 219 
2
2432 18 14 0
2432 24 24 0
2
42 114 
2
2549 16 16 0
2549 30 10 0
2
43 220 
2
2433 18 14 0
2433 12 24 0
2
42 115 
2
2550 16 16 0
2550 2 10 0
2
43 221 
2
2434 18 14 0
2434 6 22 0
2
42 116 
2
2551 16 16 0
2551 8 8 0
2
43 222 
2
2435 18 14 0
2435 6 14 0
2
42 117 
2
2552 16 16 0
2552 12 8 0
2
43 223 
2
2436 18 14 0
2436 14 12 0
2
42 118 
2
2553 16 16 0
2553 12 12 0
2
43 224 
2
2437 18 14 0
2437 24 12 0
2
40 42 
2
2554 10 16 0
2554 16 16 0
2
41 43 
2
2438 20 12 0
2438 18 14 0
2
42 97 
2
2555 16 16 0
2555 12 14 0
2
43 204 
2
2439 18 14 0
2439 20 20 0
2
42 98 
2
2556 16 16 0
2556 22 16 0
2
43 205 
2
2440 18 14 0
2440 18 10 0
2
42 99 
2
2557 16 16 0
2557 18 24 0
2
43 206 
2
2441 18 14 0
2441 26 24 0
2
42 100 
2
2558 16 16 0
2558 12 10 0
2
43 207 
2
2442 18 14 0
2442 4 10 0
2
42 101 
2
2559 16 16 0
2559 18 18 0
2
43 208 
2
2443 18 14 0
2443 32 16 0
2
42 102 
2
2560 16 16 0
2560 14 8 0
2
43 209 
2
2444 18 14 0
2444 2 18 0
2
42 103 
2
2561 16 16 0
2561 14 6 0
2
43 210 
2
2445 18 14 0
2445 8 24 0
2
42 104 
2
2562 16 16 0
2562 22 26 0
2
43 211 
2
2446 18 14 0
2446 6 18 0
2
42 105 
2
2563 16 16 0
2563 20 16 0
2
43 212 
2
2447 18 14 0
2447 16 24 0
2
42 106 
2
2564 16 16 0
2564 24 20 0
2
43 213 
2
2448 18 14 0
2448 16 32 0
2
42 107 
2
2565 16 16 0
2565 30 16 0
2
43 214 
2
2449 18 14 0
2449 12 20 0
2
42 108 
2
2566 16 16 0
2566 28 10 0
2
43 215 
2
2450 18 14 0
2450 18 16 0
2
42 109 
2
2567 16 16 0
2567 26 10 0
2
43 216 
2
2451 18 14 0
2451 8 20 0
2
42 111 
2
2568 16 16 0
2568 18 6 0
2
43 217 
2
2452 18 14 0
2452 14 26 0
2
42 112 
2
2569 16 16 0
2569 30 14 0
2
43 218 
2
2453 18 14 0
2453 10 24 0
2
42 113 
2
2570 16 16 0
2570 22 4 0
2
43 219 
2
2454 18 14 0
2454 24 24 0
2
42 114 
2
2571 16 16 0
2571 30 10 0
2
43 220 
2
2455 18 14 0
2455 12 24 0
2
42 115 
2
2572 16 16 0
2572 2 10 0
2
43 221 
2
2456 18 14 0
2456 6 22 0
2
42 116 
2
2573 16 16 0
2573 8 8 0
2
43 222 
2
2457 18 14 0
2457 6 14 0
2
42 117 
2
2574 16 16 0
2574 12 8 0
2
43 223 
2
2458 18 14 0
2458 14 12 0
2
42 118 
2
2575 16 16 0
2575 12 12 0
2
43 224 
2
2459 18 14 0
2459 24 12 0
2
20 40 
2
2555 14 16 0
2555 10 16 0
2
21 41 
2
2439 20 14 0
2439 20 12 0
2
18 38 
2
2507 4 18 0
2507 4 16 0
2
19 39 
2
2409 20 8 0
2409 22 8 0
2
36 38 
2
2508 4 22 0
2508 4 16 0
2
37 39 
2
2410 24 4 0
2410 22 8 0
2
244 40 
2
2556 34 34 0
2556 10 16 0
2
38 40 
2
2557 4 16 0
2557 10 16 0
2
245 40 
2
2558 34 32 0
2558 10 16 0
2
18 40 
2
2559 4 18 0
2559 10 16 0
2
244 40 
2
2560 34 34 0
2560 10 16 0
2
38 40 
2
2561 4 16 0
2561 10 16 0
2
245 40 
2
2562 34 32 0
2562 10 16 0
2
244 41 
2
2440 34 34 0
2440 20 12 0
2
39 41 
2
2441 22 8 0
2441 20 12 0
2
245 41 
2
2442 34 32 0
2442 20 12 0
2
19 41 
2
2443 20 8 0
2443 20 12 0
2
246 41 
2
2444 34 30 0
2444 20 12 0
2
39 41 
2
2445 22 8 0
2445 20 12 0
2
247 41 
2
2446 34 28 0
2446 20 12 0
2
244 42 
2
2576 34 34 0
2576 16 16 0
2
40 42 
2
2577 10 16 0
2577 16 16 0
2
245 42 
2
2578 34 32 0
2578 16 16 0
2
20 42 
2
2579 14 16 0
2579 16 16 0
2
244 42 
2
2580 34 34 0
2580 16 16 0
2
40 42 
2
2581 10 16 0
2581 16 16 0
2
245 42 
2
2582 34 32 0
2582 16 16 0
2
248 43 
2
2460 34 26 0
2460 18 14 0
2
41 43 
2
2461 20 12 0
2461 18 14 0
2
249 43 
2
2462 34 24 0
2462 18 14 0
2
21 43 
2
2463 20 14 0
2463 18 14 0
2
248 43 
2
2464 34 26 0
2464 18 14 0
2
41 43 
2
2465 20 12 0
2465 18 14 0
2
244 43 
2
2466 34 34 0
2466 18 14 0
2
42 115 
2
2583 16 16 0
2583 2 10 0
2
43 205 
2
2467 18 14 0
2467 18 10 0
2
42 116 
2
2584 16 16 0
2584 8 8 0
2
43 206 
2
2468 18 14 0
2468 26 24 0
2
42 117 
2
2585 16 16 0
2585 12 8 0
2
43 207 
2
2469 18 14 0
2469 4 10 0
2
43 208 
2
2470 18 14 0
2470 32 16 0
2
43 209 
2
2471 18 14 0
2471 2 18 0
2
43 210 
2
2472 18 14 0
2472 8 24 0
2
43 211 
2
2473 18 14 0
2473 6 18 0
2
43 212 
2
2474 18 14 0
2474 16 24 0
2
43 213 
2
2475 18 14 0
2475 16 32 0
2
43 214 
2
2476 18 14 0
2476 12 20 0
2
43 215 
2
2477 18 14 0
2477 18 16 0
2
43 216 
2
2478 18 14 0
2478 8 20 0
2
43 217 
2
2479 18 14 0
2479 14 26 0
2
43 218 
2
2480 18 14 0
2480 10 24 0
2
43 219 
2
2481 18 14 0
2481 24 24 0
2
43 220 
2
2482 18 14 0
2482 12 24 0
2
43 221 
2
2483 18 14 0
2483 6 22 0
2
43 222 
2
2484 18 14 0
2484 6 14 0
2
43 223 
2
2485 18 14 0
2485 14 12 0
2
43 224 
2
2486 18 14 0
2486 24 12 0
2
43 225 
2
2487 18 14 0
2487 20 18 0
2
40 42 
2
2586 10 16 0
2586 16 16 0
2
41 43 
2
2488 20 12 0
2488 18 14 0
2
42 115 
2
2587 16 16 0
2587 2 10 0
2
43 205 
2
2489 18 14 0
2489 18 10 0
2
42 116 
2
2588 16 16 0
2588 8 8 0
2
43 206 
2
2490 18 14 0
2490 26 24 0
2
42 117 
2
2589 16 16 0
2589 12 8 0
2
43 207 
2
2491 18 14 0
2491 4 10 0
2
43 208 
2
2492 18 14 0
2492 32 16 0
2
43 209 
2
2493 18 14 0
2493 2 18 0
2
43 210 
2
2494 18 14 0
2494 8 24 0
2
43 211 
2
2495 18 14 0
2495 6 18 0
2
43 212 
2
2496 18 14 0
2496 16 24 0
2
43 213 
2
2497 18 14 0
2497 16 32 0
2
43 214 
2
2498 18 14 0
2498 12 20 0
2
43 215 
2
2499 18 14 0
2499 18 16 0
2
43 216 
2
2500 18 14 0
2500 8 20 0
2
43 217 
2
2501 18 14 0
2501 14 26 0
2
43 218 
2
2502 18 14 0
2502 10 24 0
2
43 219 
2
2503 18 14 0
2503 24 24 0
2
43 220 
2
2504 18 14 0
2504 12 24 0
2
43 221 
2
2505 18 14 0
2505 6 22 0
2
43 222 
2
2506 18 14 0
2506 6 14 0
2
43 223 
2
2507 18 14 0
2507 14 12 0
2
43 224 
2
2508 18 14 0
2508 24 12 0
2
43 225 
2
2509 18 14 0
2509 20 18 0
2
20 40 
2
2587 14 16 0
2587 10 16 0
2
21 41 
2
2489 20 14 0
2489 20 12 0
2
38 40 
2
2588 4 16 0
2588 10 16 0
2
39 41 
2
2490 22 8 0
2490 20 12 0
2
244 42 
2
2590 34 34 0
2590 16 16 0
2
40 42 
2
2591 10 16 0
2591 16 16 0
2
246 42 
2
2592 34 30 0
2592 16 16 0
2
20 42 
2
2593 14 16 0
2593 16 16 0
2
244 42 
2
2594 34 34 0
2594 16 16 0
2
40 42 
2
2595 10 16 0
2595 16 16 0
2
246 42 
2
2596 34 30 0
2596 16 16 0
2
245 43 
2
2510 34 32 0
2510 18 14 0
2
41 43 
2
2511 20 12 0
2511 18 14 0
2
247 43 
2
2512 34 28 0
2512 18 14 0
2
21 43 
2
2513 20 14 0
2513 18 14 0
2
245 43 
2
2514 34 32 0
2514 18 14 0
2
41 43 
2
2515 20 12 0
2515 18 14 0
2
247 43 
2
2516 34 28 0
2516 18 14 0
2
42 116 
2
2597 16 16 0
2597 8 8 0
2
43 224 
2
2517 18 14 0
2517 24 12 0
2
42 117 
2
2598 16 16 0
2598 12 8 0
2
43 225 
2
2518 18 14 0
2518 20 18 0
2
42 118 
2
2599 16 16 0
2599 12 12 0
2
43 226 
2
2519 18 14 0
2519 18 32 0
2
40 42 
2
2600 10 16 0
2600 16 16 0
2
41 43 
2
2520 20 12 0
2520 18 14 0
2
42 116 
2
2601 16 16 0
2601 8 8 0
2
43 224 
2
2521 18 14 0
2521 24 12 0
2
42 117 
2
2602 16 16 0
2602 12 8 0
2
43 225 
2
2522 18 14 0
2522 20 18 0
2
42 118 
2
2603 16 16 0
2603 12 12 0
2
43 226 
2
2523 18 14 0
2523 18 32 0
2
20 40 
2
2601 14 16 0
2601 10 16 0
2
21 41 
2
2521 20 14 0
2521 20 12 0
2
18 38 
2
2589 4 18 0
2589 4 16 0
2
19 39 
2
2491 20 8 0
2491 22 8 0
2
16 36 
2
2509 4 24 0
2509 4 22 0
2
17 37 
2
2411 26 4 0
2411 24 4 0
2
14 34 
2
2385 4 26 0
2385 2 24 0
2
15 35 
2
2281 26 2 0
2281 28 2 0
2
32 34 
2
2386 2 28 0
2386 2 24 0
2
33 35 
2
2282 32 2 0
2282 28 2 0
2
244 36 
2
2510 34 34 0
2510 4 22 0
2
34 36 
2
2511 2 24 0
2511 4 22 0
2
246 36 
2
2512 34 30 0
2512 4 22 0
2
14 36 
2
2513 4 26 0
2513 4 22 0
2
244 36 
2
2514 34 34 0
2514 4 22 0
2
34 36 
2
2515 2 24 0
2515 4 22 0
2
246 36 
2
2516 34 30 0
2516 4 22 0
2
246 37 
2
2412 34 30 0
2412 24 4 0
2
35 37 
2
2413 28 2 0
2413 24 4 0
2
247 37 
2
2414 34 28 0
2414 24 4 0
2
15 37 
2
2415 26 2 0
2415 24 4 0
2
246 37 
2
2416 34 30 0
2416 24 4 0
2
35 37 
2
2417 28 2 0
2417 24 4 0
2
244 37 
2
2418 34 34 0
2418 24 4 0
2
245 38 
2
2590 34 32 0
2590 4 16 0
2
36 38 
2
2591 4 22 0
2591 4 16 0
2
247 38 
2
2592 34 28 0
2592 4 16 0
2
16 38 
2
2593 4 24 0
2593 4 16 0
2
245 38 
2
2594 34 32 0
2594 4 16 0
2
36 38 
2
2595 4 22 0
2595 4 16 0
2
247 38 
2
2596 34 28 0
2596 4 16 0
2
244 39 
2
2492 34 34 0
2492 22 8 0
2
37 39 
2
2493 24 4 0
2493 22 8 0
2
245 39 
2
2494 34 32 0
2494 22 8 0
2
17 39 
2
2495 26 4 0
2495 22 8 0
2
244 39 
2
2496 34 34 0
2496 22 8 0
2
37 39 
2
2497 24 4 0
2497 22 8 0
2
245 39 
2
2498 34 32 0
2498 22 8 0
2
244 40 
2
2602 34 34 0
2602 10 16 0
2
38 40 
2
2603 4 16 0
2603 10 16 0
2
245 40 
2
2604 34 32 0
2604 10 16 0
2
18 40 
2
2605 4 18 0
2605 10 16 0
2
244 40 
2
2606 34 34 0
2606 10 16 0
2
38 40 
2
2607 4 16 0
2607 10 16 0
2
245 40 
2
2608 34 32 0
2608 10 16 0
2
244 41 
2
2522 34 34 0
2522 20 12 0
2
39 41 
2
2523 22 8 0
2523 20 12 0
2
245 41 
2
2524 34 32 0
2524 20 12 0
2
19 41 
2
2525 20 8 0
2525 20 12 0
2
247 41 
2
2526 34 28 0
2526 20 12 0
2
39 41 
2
2527 22 8 0
2527 20 12 0
2
246 41 
2
2528 34 30 0
2528 20 12 0
2
246 42 
2
2604 34 30 0
2604 16 16 0
2
40 42 
2
2609 10 16 0
2609 16 16 0
2
244 42 
2
2610 34 34 0
2610 16 16 0
2
20 42 
2
2611 14 16 0
2611 16 16 0
2
245 42 
2
2612 34 32 0
2612 16 16 0
2
40 42 
2
2613 10 16 0
2613 16 16 0
2
244 42 
2
2614 34 34 0
2614 16 16 0
2
246 43 
2
2524 34 30 0
2524 18 14 0
2
41 43 
2
2529 20 12 0
2529 18 14 0
2
247 43 
2
2530 34 28 0
2530 18 14 0
2
21 43 
2
2531 20 14 0
2531 18 14 0
2
246 43 
2
2532 34 30 0
2532 18 14 0
2
41 43 
2
2533 20 12 0
2533 18 14 0
2
244 43 
2
2534 34 34 0
2534 18 14 0
2
42 115 
2
2615 16 16 0
2615 2 10 0
2
43 225 
2
2535 18 14 0
2535 20 18 0
2
42 116 
2
2616 16 16 0
2616 8 8 0
2
43 226 
2
2536 18 14 0
2536 18 32 0
2
42 117 
2
2617 16 16 0
2617 12 8 0
2
43 227 
2
2537 18 14 0
2537 2 12 0
2
42 118 
2
2618 16 16 0
2618 12 12 0
2
42 119 
2
2619 16 16 0
2619 22 18 0
2
42 120 
2
2620 16 16 0
2620 28 20 0
2
42 121 
2
2621 16 16 0
2621 8 14 0
2
42 122 
2
2622 16 16 0
2622 12 6 0
2
42 123 
2
2623 16 16 0
2623 22 20 0
2
42 124 
2
2624 16 16 0
2624 20 26 0
2
42 125 
2
2625 16 16 0
2625 12 16 0
2
42 126 
2
2626 16 16 0
2626 16 10 0
2
42 128 
2
2627 16 16 0
2627 16 14 0
2
42 129 
2
2628 16 16 0
2628 28 12 0
2
42 130 
2
2629 16 16 0
2629 22 6 0
2
42 131 
2
2630 16 16 0
2630 28 14 0
2
42 149 
2
2631 16 16 0
2631 20 6 0
2
42 150 
2
2632 16 16 0
2632 24 8 0
2
42 151 
2
2633 16 16 0
2633 22 2 0
2
42 152 
2
2634 16 16 0
2634 22 30 0
2
42 153 
2
2635 16 16 0
2635 24 26 0
2
40 42 
2
2636 10 16 0
2636 16 16 0
2
41 43 
2
2538 20 12 0
2538 18 14 0
2
42 115 
2
2637 16 16 0
2637 2 10 0
2
43 225 
2
2539 18 14 0
2539 20 18 0
2
42 116 
2
2638 16 16 0
2638 8 8 0
2
43 226 
2
2540 18 14 0
2540 18 32 0
2
42 117 
2
2639 16 16 0
2639 12 8 0
2
43 227 
2
2541 18 14 0
2541 2 12 0
2
42 118 
2
2640 16 16 0
2640 12 12 0
2
42 119 
2
2641 16 16 0
2641 22 18 0
2
42 120 
2
2642 16 16 0
2642 28 20 0
2
42 121 
2
2643 16 16 0
2643 8 14 0
2
42 122 
2
2644 16 16 0
2644 12 6 0
2
42 123 
2
2645 16 16 0
2645 22 20 0
2
42 124 
2
2646 16 16 0
2646 20 26 0
2
42 125 
2
2647 16 16 0
2647 12 16 0
2
42 126 
2
2648 16 16 0
2648 16 10 0
2
42 128 
2
2649 16 16 0
2649 16 14 0
2
42 129 
2
2650 16 16 0
2650 28 12 0
2
42 130 
2
2651 16 16 0
2651 22 6 0
2
42 131 
2
2652 16 16 0
2652 28 14 0
2
42 149 
2
2653 16 16 0
2653 20 6 0
2
42 150 
2
2654 16 16 0
2654 24 8 0
2
42 151 
2
2655 16 16 0
2655 22 2 0
2
42 152 
2
2656 16 16 0
2656 22 30 0
2
42 153 
2
2657 16 16 0
2657 24 26 0
2
20 40 
2
2637 14 16 0
2637 10 16 0
2
21 41 
2
2539 20 14 0
2539 20 12 0
2
38 40 
2
2638 4 16 0
2638 10 16 0
2
39 41 
2
2540 22 8 0
2540 20 12 0
2
244 42 
2
2658 34 34 0
2658 16 16 0
2
40 42 
2
2659 10 16 0
2659 16 16 0
2
245 42 
2
2660 34 32 0
2660 16 16 0
2
20 42 
2
2661 14 16 0
2661 16 16 0
2
244 42 
2
2662 34 34 0
2662 16 16 0
2
40 42 
2
2663 10 16 0
2663 16 16 0
2
245 42 
2
2664 34 32 0
2664 16 16 0
2
244 43 
2
2542 34 34 0
2542 18 14 0
2
41 43 
2
2543 20 12 0
2543 18 14 0
2
245 43 
2
2544 34 32 0
2544 18 14 0
2
21 43 
2
2545 20 14 0
2545 18 14 0
2
244 43 
2
2546 34 34 0
2546 18 14 0
2
41 43 
2
2547 20 12 0
2547 18 14 0
2
245 43 
2
2548 34 32 0
2548 18 14 0
2
42 116 
2
2665 16 16 0
2665 8 8 0
2
43 224 
2
2549 18 14 0
2549 24 12 0
2
42 117 
2
2666 16 16 0
2666 12 8 0
2
43 225 
2
2550 18 14 0
2550 20 18 0
2
42 118 
2
2667 16 16 0
2667 12 12 0
2
43 226 
2
2551 18 14 0
2551 18 32 0
2
42 119 
2
2668 16 16 0
2668 22 18 0
2
43 227 
2
2552 18 14 0
2552 2 12 0
2
42 120 
2
2669 16 16 0
2669 28 20 0
2
43 228 
2
2553 18 14 0
2553 12 2 0
2
42 121 
2
2670 16 16 0
2670 8 14 0
2
43 229 
2
2554 18 14 0
2554 2 16 0
2
42 122 
2
2671 16 16 0
2671 12 6 0
2
43 230 
2
2555 18 14 0
2555 10 8 0
2
42 123 
2
2672 16 16 0
2672 22 20 0
2
43 231 
2
2556 18 14 0
2556 14 30 0
2
42 124 
2
2673 16 16 0
2673 20 26 0
2
43 232 
2
2557 18 14 0
2557 26 22 0
2
42 125 
2
2674 16 16 0
2674 12 16 0
2
43 233 
2
2558 18 14 0
2558 8 22 0
2
42 126 
2
2675 16 16 0
2675 16 10 0
2
43 234 
2
2559 18 14 0
2559 12 22 0
2
42 128 
2
2676 16 16 0
2676 16 14 0
2
43 235 
2
2560 18 14 0
2560 14 24 0
2
42 129 
2
2677 16 16 0
2677 28 12 0
2
43 236 
2
2561 18 14 0
2561 8 10 0
2
42 130 
2
2678 16 16 0
2678 22 6 0
2
43 237 
2
2562 18 14 0
2562 20 28 0
2
42 131 
2
2679 16 16 0
2679 28 14 0
2
43 238 
2
2563 18 14 0
2563 14 10 0
2
42 149 
2
2680 16 16 0
2680 20 6 0
2
43 239 
2
2564 18 14 0
2564 16 20 0
2
42 150 
2
2681 16 16 0
2681 24 8 0
2
43 50 
2
2565 18 14 0
2565 4 12 0
2
42 151 
2
2682 16 16 0
2682 22 2 0
2
43 45 
2
2566 18 14 0
2566 16 2 0
2
42 152 
2
2683 16 16 0
2683 22 30 0
2
43 47 
2
2567 18 14 0
2567 26 12 0
2
42 153 
2
2684 16 16 0
2684 24 26 0
2
43 49 
2
2568 18 14 0
2568 32 14 0
2
42 154 
2
2685 16 16 0
2685 28 18 0
2
43 52 
2
2569 18 14 0
2569 18 4 0
2
40 42 
2
2686 10 16 0
2686 16 16 0
2
41 43 
2
2570 20 12 0
2570 18 14 0
2
42 116 
2
2687 16 16 0
2687 8 8 0
2
43 224 
2
2571 18 14 0
2571 24 12 0
2
42 117 
2
2688 16 16 0
2688 12 8 0
2
43 225 
2
2572 18 14 0
2572 20 18 0
2
42 118 
2
2689 16 16 0
2689 12 12 0
2
43 226 
2
2573 18 14 0
2573 18 32 0
2
42 119 
2
2690 16 16 0
2690 22 18 0
2
43 227 
2
2574 18 14 0
2574 2 12 0
2
42 120 
2
2691 16 16 0
2691 28 20 0
2
43 228 
2
2575 18 14 0
2575 12 2 0
2
42 121 
2
2692 16 16 0
2692 8 14 0
2
43 229 
2
2576 18 14 0
2576 2 16 0
2
42 122 
2
2693 16 16 0
2693 12 6 0
2
43 230 
2
2577 18 14 0
2577 10 8 0
2
42 123 
2
2694 16 16 0
2694 22 20 0
2
43 231 
2
2578 18 14 0
2578 14 30 0
2
42 124 
2
2695 16 16 0
2695 20 26 0
2
43 232 
2
2579 18 14 0
2579 26 22 0
2
42 125 
2
2696 16 16 0
2696 12 16 0
2
43 233 
2
2580 18 14 0
2580 8 22 0
2
42 126 
2
2697 16 16 0
2697 16 10 0
2
43 234 
2
2581 18 14 0
2581 12 22 0
2
42 128 
2
2698 16 16 0
2698 16 14 0
2
43 235 
2
2582 18 14 0
2582 14 24 0
2
42 129 
2
2699 16 16 0
2699 28 12 0
2
43 236 
2
2583 18 14 0
2583 8 10 0
2
42 130 
2
2700 16 16 0
2700 22 6 0
2
43 237 
2
2584 18 14 0
2584 20 28 0
2
42 131 
2
2701 16 16 0
2701 28 14 0
2
43 238 
2
2585 18 14 0
2585 14 10 0
2
42 149 
2
2702 16 16 0
2702 20 6 0
2
43 239 
2
2586 18 14 0
2586 16 20 0
2
42 150 
2
2703 16 16 0
2703 24 8 0
2
43 50 
2
2587 18 14 0
2587 4 12 0
2
42 151 
2
2704 16 16 0
2704 22 2 0
2
43 45 
2
2588 18 14 0
2588 16 2 0
2
42 152 
2
2705 16 16 0
2705 22 30 0
2
43 47 
2
2589 18 14 0
2589 26 12 0
2
42 153 
2
2706 16 16 0
2706 24 26 0
2
43 49 
2
2590 18 14 0
2590 32 14 0
2
42 154 
2
2707 16 16 0
2707 28 18 0
2
43 52 
2
2591 18 14 0
2591 18 4 0
2
20 40 
2
2687 14 16 0
2687 10 16 0
2
21 41 
2
2571 20 14 0
2571 20 12 0
2
18 38 
2
2639 4 18 0
2639 4 16 0
2
19 39 
2
2541 20 8 0
2541 22 8 0
2
36 38 
2
2640 4 22 0
2640 4 16 0
2
37 39 
2
2542 24 4 0
2542 22 8 0
2
244 40 
2
2688 34 34 0
2688 10 16 0
2
38 40 
2
2689 4 16 0
2689 10 16 0
2
245 40 
2
2690 34 32 0
2690 10 16 0
2
18 40 
2
2691 4 18 0
2691 10 16 0
2
244 40 
2
2692 34 34 0
2692 10 16 0
2
38 40 
2
2693 4 16 0
2693 10 16 0
2
245 40 
2
2694 34 32 0
2694 10 16 0
2
244 41 
2
2572 34 34 0
2572 20 12 0
2
39 41 
2
2573 22 8 0
2573 20 12 0
2
245 41 
2
2574 34 32 0
2574 20 12 0
2
19 41 
2
2575 20 8 0
2575 20 12 0
2
246 41 
2
2576 34 30 0
2576 20 12 0
2
39 41 
2
2577 22 8 0
2577 20 12 0
2
247 41 
2
2578 34 28 0
2578 20 12 0
2
244 42 
2
2708 34 34 0
2708 16 16 0
2
40 42 
2
2709 10 16 0
2709 16 16 0
2
245 42 
2
2710 34 32 0
2710 16 16 0
2
20 42 
2
2711 14 16 0
2711 16 16 0
2
244 42 
2
2712 34 34 0
2712 16 16 0
2
40 42 
2
2713 10 16 0
2713 16 16 0
2
245 42 
2
2714 34 32 0
2714 16 16 0
2
248 43 
2
2592 34 26 0
2592 18 14 0
2
41 43 
2
2593 20 12 0
2593 18 14 0
2
249 43 
2
2594 34 24 0
2594 18 14 0
2
21 43 
2
2595 20 14 0
2595 18 14 0
2
248 43 
2
2596 34 26 0
2596 18 14 0
2
41 43 
2
2597 20 12 0
2597 18 14 0
2
244 43 
2
2598 34 34 0
2598 18 14 0
2
42 115 
2
2715 16 16 0
2715 2 10 0
2
43 225 
2
2599 18 14 0
2599 20 18 0
2
42 116 
2
2716 16 16 0
2716 8 8 0
2
43 226 
2
2600 18 14 0
2600 18 32 0
2
42 117 
2
2717 16 16 0
2717 12 8 0
2
43 227 
2
2601 18 14 0
2601 2 12 0
2
42 118 
2
2718 16 16 0
2718 12 12 0
2
43 228 
2
2602 18 14 0
2602 12 2 0
2
42 119 
2
2719 16 16 0
2719 22 18 0
2
43 229 
2
2603 18 14 0
2603 2 16 0
2
42 120 
2
2720 16 16 0
2720 28 20 0
2
43 230 
2
2604 18 14 0
2604 10 8 0
2
42 121 
2
2721 16 16 0
2721 8 14 0
2
43 231 
2
2605 18 14 0
2605 14 30 0
2
42 122 
2
2722 16 16 0
2722 12 6 0
2
43 232 
2
2606 18 14 0
2606 26 22 0
2
42 123 
2
2723 16 16 0
2723 22 20 0
2
43 233 
2
2607 18 14 0
2607 8 22 0
2
42 124 
2
2724 16 16 0
2724 20 26 0
2
43 234 
2
2608 18 14 0
2608 12 22 0
2
42 125 
2
2725 16 16 0
2725 12 16 0
2
43 235 
2
2609 18 14 0
2609 14 24 0
2
42 126 
2
2726 16 16 0
2726 16 10 0
2
43 236 
2
2610 18 14 0
2610 8 10 0
2
42 128 
2
2727 16 16 0
2727 16 14 0
2
43 237 
2
2611 18 14 0
2611 20 28 0
2
42 129 
2
2728 16 16 0
2728 28 12 0
2
43 238 
2
2612 18 14 0
2612 14 10 0
2
42 130 
2
2729 16 16 0
2729 22 6 0
2
43 239 
2
2613 18 14 0
2613 16 20 0
2
42 131 
2
2730 16 16 0
2730 28 14 0
2
43 50 
2
2614 18 14 0
2614 4 12 0
2
42 149 
2
2731 16 16 0
2731 20 6 0
2
43 45 
2
2615 18 14 0
2615 16 2 0
2
42 150 
2
2732 16 16 0
2732 24 8 0
2
43 47 
2
2616 18 14 0
2616 26 12 0
2
42 151 
2
2733 16 16 0
2733 22 2 0
2
43 49 
2
2617 18 14 0
2617 32 14 0
2
43 52 
2
2618 18 14 0
2618 18 4 0
2
43 53 
2
2619 18 14 0
2619 18 8 0
2
40 42 
2
2734 10 16 0
2734 16 16 0
2
41 43 
2
2620 20 12 0
2620 18 14 0
2
42 115 
2
2735 16 16 0
2735 2 10 0
2
43 225 
2
2621 18 14 0
2621 20 18 0
2
42 116 
2
2736 16 16 0
2736 8 8 0
2
43 226 
2
2622 18 14 0
2622 18 32 0
2
42 117 
2
2737 16 16 0
2737 12 8 0
2
43 227 
2
2623 18 14 0
2623 2 12 0
2
42 118 
2
2738 16 16 0
2738 12 12 0
2
43 228 
2
2624 18 14 0
2624 12 2 0
2
42 119 
2
2739 16 16 0
2739 22 18 0
2
43 229 
2
2625 18 14 0
2625 2 16 0
2
42 120 
2
2740 16 16 0
2740 28 20 0
2
43 230 
2
2626 18 14 0
2626 10 8 0
2
42 121 
2
2741 16 16 0
2741 8 14 0
2
43 231 
2
2627 18 14 0
2627 14 30 0
2
42 122 
2
2742 16 16 0
2742 12 6 0
2
43 232 
2
2628 18 14 0
2628 26 22 0
2
42 123 
2
2743 16 16 0
2743 22 20 0
2
43 233 
2
2629 18 14 0
2629 8 22 0
2
42 124 
2
2744 16 16 0
2744 20 26 0
2
43 234 
2
2630 18 14 0
2630 12 22 0
2
42 125 
2
2745 16 16 0
2745 12 16 0
2
43 235 
2
2631 18 14 0
2631 14 24 0
2
42 126 
2
2746 16 16 0
2746 16 10 0
2
43 236 
2
2632 18 14 0
2632 8 10 0
2
42 128 
2
2747 16 16 0
2747 16 14 0
2
43 237 
2
2633 18 14 0
2633 20 28 0
2
42 129 
2
2748 16 16 0
2748 28 12 0
2
43 238 
2
2634 18 14 0
2634 14 10 0
2
42 130 
2
2749 16 16 0
2749 22 6 0
2
43 239 
2
2635 18 14 0
2635 16 20 0
2
42 131 
2
2750 16 16 0
2750 28 14 0
2
43 50 
2
2636 18 14 0
2636 4 12 0
2
42 149 
2
2751 16 16 0
2751 20 6 0
2
43 45 
2
2637 18 14 0
2637 16 2 0
2
42 150 
2
2752 16 16 0
2752 24 8 0
2
43 47 
2
2638 18 14 0
2638 26 12 0
2
42 151 
2
2753 16 16 0
2753 22 2 0
2
43 49 
2
2639 18 14 0
2639 32 14 0
2
43 52 
2
2640 18 14 0
2640 18 4 0
2
43 53 
2
2641 18 14 0
2641 18 8 0
2
20 40 
2
2735 14 16 0
2735 10 16 0
2
21 41 
2
2621 20 14 0
2621 20 12 0
2
38 40 
2
2736 4 16 0
2736 10 16 0
2
39 41 
2
2622 22 8 0
2622 20 12 0
2
244 42 
2
2754 34 34 0
2754 16 16 0
2
40 42 
2
2755 10 16 0
2755 16 16 0
2
245 42 
2
2756 34 32 0
2756 16 16 0
2
20 42 
2
2757 14 16 0
2757 16 16 0
2
244 42 
2
2758 34 34 0
2758 16 16 0
2
40 42 
2
2759 10 16 0
2759 16 16 0
2
245 42 
2
2760 34 32 0
2760 16 16 0
2
244 43 
2
2642 34 34 0
2642 18 14 0
2
41 43 
2
2643 20 12 0
2643 18 14 0
2
245 43 
2
2644 34 32 0
2644 18 14 0
2
21 43 
2
2645 20 14 0
2645 18 14 0
2
244 43 
2
2646 34 34 0
2646 18 14 0
2
41 43 
2
2647 20 12 0
2647 18 14 0
2
245 43 
2
2648 34 32 0
2648 18 14 0
2
42 116 
2
2761 16 16 0
2761 8 8 0
2
43 52 
2
2649 18 14 0
2649 18 4 0
2
42 117 
2
2762 16 16 0
2762 12 8 0
2
43 53 
2
2650 18 14 0
2650 18 8 0
2
42 118 
2
2763 16 16 0
2763 12 12 0
2
43 54 
2
2651 18 14 0
2651 24 6 0
2
42 119 
2
2764 16 16 0
2764 22 18 0
2
42 120 
2
2765 16 16 0
2765 28 20 0
2
42 121 
2
2766 16 16 0
2766 8 14 0
2
42 122 
2
2767 16 16 0
2767 12 6 0
2
42 123 
2
2768 16 16 0
2768 22 20 0
2
42 124 
2
2769 16 16 0
2769 20 26 0
2
42 125 
2
2770 16 16 0
2770 12 16 0
2
42 126 
2
2771 16 16 0
2771 16 10 0
2
42 128 
2
2772 16 16 0
2772 16 14 0
2
42 129 
2
2773 16 16 0
2773 28 12 0
2
42 130 
2
2774 16 16 0
2774 22 6 0
2
42 131 
2
2775 16 16 0
2775 28 14 0
2
42 149 
2
2776 16 16 0
2776 20 6 0
2
42 150 
2
2777 16 16 0
2777 24 8 0
2
42 151 
2
2778 16 16 0
2778 22 2 0
2
42 152 
2
2779 16 16 0
2779 22 30 0
2
40 42 
2
2780 10 16 0
2780 16 16 0
2
41 43 
2
2652 20 12 0
2652 18 14 0
2
42 116 
2
2781 16 16 0
2781 8 8 0
2
43 52 
2
2653 18 14 0
2653 18 4 0
2
42 117 
2
2782 16 16 0
2782 12 8 0
2
43 53 
2
2654 18 14 0
2654 18 8 0
2
42 118 
2
2783 16 16 0
2783 12 12 0
2
43 54 
2
2655 18 14 0
2655 24 6 0
2
42 119 
2
2784 16 16 0
2784 22 18 0
2
42 120 
2
2785 16 16 0
2785 28 20 0
2
42 121 
2
2786 16 16 0
2786 8 14 0
2
42 122 
2
2787 16 16 0
2787 12 6 0
2
42 123 
2
2788 16 16 0
2788 22 20 0
2
42 124 
2
2789 16 16 0
2789 20 26 0
2
42 125 
2
2790 16 16 0
2790 12 16 0
2
42 126 
2
2791 16 16 0
2791 16 10 0
2
42 128 
2
2792 16 16 0
2792 16 14 0
2
42 129 
2
2793 16 16 0
2793 28 12 0
2
42 130 
2
2794 16 16 0
2794 22 6 0
2
42 131 
2
2795 16 16 0
2795 28 14 0
2
42 149 
2
2796 16 16 0
2796 20 6 0
2
42 150 
2
2797 16 16 0
2797 24 8 0
2
42 151 
2
2798 16 16 0
2798 22 2 0
2
42 152 
2
2799 16 16 0
2799 22 30 0
2
20 40 
2
2781 14 16 0
2781 10 16 0
2
21 41 
2
2653 20 14 0
2653 20 12 0
2
18 38 
2
2737 4 18 0
2737 4 16 0
2
19 39 
2
2623 20 8 0
2623 22 8 0
2
16 36 
2
2641 4 24 0
2641 4 22 0
2
17 37 
2
2543 26 4 0
2543 24 4 0
2
34 36 
2
2642 2 24 0
2642 4 22 0
2
35 37 
2
2544 28 2 0
2544 24 4 0
2
244 38 
2
2738 34 34 0
2738 4 16 0
2
36 38 
2
2739 4 22 0
2739 4 16 0
2
245 38 
2
2740 34 32 0
2740 4 16 0
2
16 38 
2
2741 4 24 0
2741 4 16 0
2
244 38 
2
2742 34 34 0
2742 4 16 0
2
36 38 
2
2743 4 22 0
2743 4 16 0
2
245 38 
2
2744 34 32 0
2744 4 16 0
2
244 39 
2
2624 34 34 0
2624 22 8 0
2
37 39 
2
2625 24 4 0
2625 22 8 0
2
245 39 
2
2626 34 32 0
2626 22 8 0
2
17 39 
2
2627 26 4 0
2627 22 8 0
2
244 39 
2
2628 34 34 0
2628 22 8 0
2
37 39 
2
2629 24 4 0
2629 22 8 0
2
245 39 
2
2630 34 32 0
2630 22 8 0
2
244 40 
2
2782 34 34 0
2782 10 16 0
2
38 40 
2
2783 4 16 0
2783 10 16 0
2
245 40 
2
2784 34 32 0
2784 10 16 0
2
18 40 
2
2785 4 18 0
2785 10 16 0
2
244 40 
2
2786 34 34 0
2786 10 16 0
2
38 40 
2
2787 4 16 0
2787 10 16 0
2
245 40 
2
2788 34 32 0
2788 10 16 0
2
244 41 
2
2654 34 34 0
2654 20 12 0
2
39 41 
2
2655 22 8 0
2655 20 12 0
2
245 41 
2
2656 34 32 0
2656 20 12 0
2
19 41 
2
2657 20 8 0
2657 20 12 0
2
247 41 
2
2658 34 28 0
2658 20 12 0
2
39 41 
2
2659 22 8 0
2659 20 12 0
2
246 41 
2
2660 34 30 0
2660 20 12 0
2
245 42 
2
2800 34 32 0
2800 16 16 0
2
40 42 
2
2801 10 16 0
2801 16 16 0
2
244 42 
2
2802 34 34 0
2802 16 16 0
2
20 42 
2
2803 14 16 0
2803 16 16 0
2
245 42 
2
2804 34 32 0
2804 16 16 0
2
40 42 
2
2805 10 16 0
2805 16 16 0
2
244 42 
2
2806 34 34 0
2806 16 16 0
2
246 43 
2
2656 34 30 0
2656 18 14 0
2
41 43 
2
2661 20 12 0
2661 18 14 0
2
247 43 
2
2662 34 28 0
2662 18 14 0
2
21 43 
2
2663 20 14 0
2663 18 14 0
2
246 43 
2
2664 34 30 0
2664 18 14 0
2
41 43 
2
2665 20 12 0
2665 18 14 0
2
244 43 
2
2666 34 34 0
2666 18 14 0
2
42 117 
2
2807 16 16 0
2807 12 8 0
2
43 53 
2
2667 18 14 0
2667 18 8 0
2
42 118 
2
2808 16 16 0
2808 12 12 0
2
43 54 
2
2668 18 14 0
2668 24 6 0
2
42 119 
2
2809 16 16 0
2809 22 18 0
2
43 55 
2
2669 18 14 0
2669 24 2 0
2
40 42 
2
2810 10 16 0
2810 16 16 0
2
41 43 
2
2670 20 12 0
2670 18 14 0
2
42 117 
2
2811 16 16 0
2811 12 8 0
2
43 53 
2
2671 18 14 0
2671 18 8 0
2
42 118 
2
2812 16 16 0
2812 12 12 0
2
43 54 
2
2672 18 14 0
2672 24 6 0
2
42 119 
2
2813 16 16 0
2813 22 18 0
2
43 55 
2
2673 18 14 0
2673 24 2 0
2
20 40 
2
2811 14 16 0
2811 10 16 0
2
21 41 
2
2671 20 14 0
2671 20 12 0
2
38 40 
2
2812 4 16 0
2812 10 16 0
2
39 41 
2
2672 22 8 0
2672 20 12 0
2
244 42 
2
2814 34 34 0
2814 16 16 0
2
40 42 
2
2815 10 16 0
2815 16 16 0
2
245 42 
2
2816 34 32 0
2816 16 16 0
2
20 42 
2
2817 14 16 0
2817 16 16 0
2
244 42 
2
2818 34 34 0
2818 16 16 0
2
40 42 
2
2819 10 16 0
2819 16 16 0
2
245 42 
2
2820 34 32 0
2820 16 16 0
2
244 43 
2
2674 34 34 0
2674 18 14 0
2
41 43 
2
2675 20 12 0
2675 18 14 0
2
245 43 
2
2676 34 32 0
2676 18 14 0
2
21 43 
2
2677 20 14 0
2677 18 14 0
2
244 43 
2
2678 34 34 0
2678 18 14 0
2
41 43 
2
2679 20 12 0
2679 18 14 0
2
245 43 
2
2680 34 32 0
2680 18 14 0
2
42 118 
2
2821 16 16 0
2821 12 12 0
2
43 52 
2
2681 18 14 0
2681 18 4 0
2
42 119 
2
2822 16 16 0
2822 22 18 0
2
43 53 
2
2682 18 14 0
2682 18 8 0
2
42 120 
2
2823 16 16 0
2823 28 20 0
2
43 54 
2
2683 18 14 0
2683 24 6 0
2
43 55 
2
2684 18 14 0
2684 24 2 0
2
43 56 
2
2685 18 14 0
2685 32 18 0
2
43 57 
2
2686 18 14 0
2686 22 28 0
2
43 58 
2
2687 18 14 0
2687 10 10 0
2
43 59 
2
2688 18 14 0
2688 28 16 0
2
43 60 
2
2689 18 14 0
2689 16 8 0
2
43 61 
2
2690 18 14 0
2690 18 30 0
2
43 62 
2
2691 18 14 0
2691 20 24 0
2
43 63 
2
2692 18 14 0
2692 16 12 0
2
43 64 
2
2693 18 14 0
2693 16 6 0
2
43 65 
2
2694 18 14 0
2694 10 6 0
2
43 66 
2
2695 18 14 0
2695 18 22 0
2
43 67 
2
2696 18 14 0
2696 18 28 0
2
43 68 
2
2697 18 14 0
2697 18 12 0
2
43 86 
2
2698 18 14 0
2698 6 10 0
2
43 87 
2
2699 18 14 0
2699 22 14 0
2
43 89 
2
2700 18 14 0
2700 24 14 0
2
43 90 
2
2701 18 14 0
2701 20 10 0
2
40 42 
2
2824 10 16 0
2824 16 16 0
2
41 43 
2
2702 20 12 0
2702 18 14 0
2
42 118 
2
2825 16 16 0
2825 12 12 0
2
43 52 
2
2703 18 14 0
2703 18 4 0
2
42 119 
2
2826 16 16 0
2826 22 18 0
2
43 53 
2
2704 18 14 0
2704 18 8 0
2
42 120 
2
2827 16 16 0
2827 28 20 0
2
43 54 
2
2705 18 14 0
2705 24 6 0
2
43 55 
2
2706 18 14 0
2706 24 2 0
2
43 56 
2
2707 18 14 0
2707 32 18 0
2
43 57 
2
2708 18 14 0
2708 22 28 0
2
43 58 
2
2709 18 14 0
2709 10 10 0
2
43 59 
2
2710 18 14 0
2710 28 16 0
2
43 60 
2
2711 18 14 0
2711 16 8 0
2
43 61 
2
2712 18 14 0
2712 18 30 0
2
43 62 
2
2713 18 14 0
2713 20 24 0
2
43 63 
2
2714 18 14 0
2714 16 12 0
2
43 64 
2
2715 18 14 0
2715 16 6 0
2
43 65 
2
2716 18 14 0
2716 10 6 0
2
43 66 
2
2717 18 14 0
2717 18 22 0
2
43 67 
2
2718 18 14 0
2718 18 28 0
2
43 68 
2
2719 18 14 0
2719 18 12 0
2
43 86 
2
2720 18 14 0
2720 6 10 0
2
43 87 
2
2721 18 14 0
2721 22 14 0
2
43 89 
2
2722 18 14 0
2722 24 14 0
2
43 90 
2
2723 18 14 0
2723 20 10 0
2
20 40 
2
2825 14 16 0
2825 10 16 0
2
21 41 
2
2703 20 14 0
2703 20 12 0
2
18 38 
2
2813 4 18 0
2813 4 16 0
2
19 39 
2
2673 20 8 0
2673 22 8 0
2
36 38 
2
2814 4 22 0
2814 4 16 0
2
37 39 
2
2674 24 4 0
2674 22 8 0
2
244 40 
2
2826 34 34 0
2826 10 16 0
2
38 40 
2
2827 4 16 0
2827 10 16 0
2
245 40 
2
2828 34 32 0
2828 10 16 0
2
18 40 
2
2829 4 18 0
2829 10 16 0
2
244 40 
2
2830 34 34 0
2830 10 16 0
2
38 40 
2
2831 4 16 0
2831 10 16 0
2
245 40 
2
2832 34 32 0
2832 10 16 0
2
244 41 
2
2704 34 34 0
2704 20 12 0
2
39 41 
2
2705 22 8 0
2705 20 12 0
2
245 41 
2
2706 34 32 0
2706 20 12 0
2
19 41 
2
2707 20 8 0
2707 20 12 0
2
246 41 
2
2708 34 30 0
2708 20 12 0
2
39 41 
2
2709 22 8 0
2709 20 12 0
2
247 41 
2
2710 34 28 0
2710 20 12 0
2
246 42 
2
2828 34 30 0
2828 16 16 0
2
40 42 
2
2833 10 16 0
2833 16 16 0
2
244 42 
2
2834 34 34 0
2834 16 16 0
2
20 42 
2
2835 14 16 0
2835 16 16 0
2
245 42 
2
2836 34 32 0
2836 16 16 0
2
40 42 
2
2837 10 16 0
2837 16 16 0
2
244 42 
2
2838 34 34 0
2838 16 16 0
2
244 43 
2
2724 34 34 0
2724 18 14 0
2
41 43 
2
2725 20 12 0
2725 18 14 0
2
245 43 
2
2726 34 32 0
2726 18 14 0
2
21 43 
2
2727 20 14 0
2727 18 14 0
2
244 43 
2
2728 34 34 0
2728 18 14 0
2
41 43 
2
2729 20 12 0
2729 18 14 0
2
245 43 
2
2730 34 32 0
2730 18 14 0
2
42 117 
2
2839 16 16 0
2839 12 8 0
2
43 53 
2
2731 18 14 0
2731 18 8 0
2
42 118 
2
2840 16 16 0
2840 12 12 0
2
43 54 
2
2732 18 14 0
2732 24 6 0
2
42 119 
2
2841 16 16 0
2841 22 18 0
2
43 55 
2
2733 18 14 0
2733 24 2 0
2
42 120 
2
2842 16 16 0
2842 28 20 0
2
43 56 
2
2734 18 14 0
2734 32 18 0
2
42 121 
2
2843 16 16 0
2843 8 14 0
2
43 57 
2
2735 18 14 0
2735 22 28 0
2
42 122 
2
2844 16 16 0
2844 12 6 0
2
43 58 
2
2736 18 14 0
2736 10 10 0
2
42 123 
2
2845 16 16 0
2845 22 20 0
2
43 59 
2
2737 18 14 0
2737 28 16 0
2
42 124 
2
2846 16 16 0
2846 20 26 0
2
43 60 
2
2738 18 14 0
2738 16 8 0
2
42 125 
2
2847 16 16 0
2847 12 16 0
2
43 61 
2
2739 18 14 0
2739 18 30 0
2
42 126 
2
2848 16 16 0
2848 16 10 0
2
43 62 
2
2740 18 14 0
2740 20 24 0
2
42 128 
2
2849 16 16 0
2849 16 14 0
2
43 63 
2
2741 18 14 0
2741 16 12 0
2
42 129 
2
2850 16 16 0
2850 28 12 0
2
43 64 
2
2742 18 14 0
2742 16 6 0
2
42 130 
2
2851 16 16 0
2851 22 6 0
2
43 65 
2
2743 18 14 0
2743 10 6 0
2
42 131 
2
2852 16 16 0
2852 28 14 0
2
43 66 
2
2744 18 14 0
2744 18 22 0
2
42 149 
2
2853 16 16 0
2853 20 6 0
2
43 67 
2
2745 18 14 0
2745 18 28 0
2
42 150 
2
2854 16 16 0
2854 24 8 0
2
43 68 
2
2746 18 14 0
2746 18 12 0
2
42 151 
2
2855 16 16 0
2855 22 2 0
2
43 86 
2
2747 18 14 0
2747 6 10 0
2
42 152 
2
2856 16 16 0
2856 22 30 0
2
43 87 
2
2748 18 14 0
2748 22 14 0
2
42 153 
2
2857 16 16 0
2857 24 26 0
2
43 89 
2
2749 18 14 0
2749 24 14 0
2
42 154 
2
2858 16 16 0
2858 28 18 0
2
43 90 
2
2750 18 14 0
2750 20 10 0
2
42 155 
2
2859 16 16 0
2859 22 22 0
2
43 91 
2
2751 18 14 0
2751 28 8 0
2
40 42 
2
2860 10 16 0
2860 16 16 0
2
41 43 
2
2752 20 12 0
2752 18 14 0
2
42 117 
2
2861 16 16 0
2861 12 8 0
2
43 53 
2
2753 18 14 0
2753 18 8 0
2
42 118 
2
2862 16 16 0
2862 12 12 0
2
43 54 
2
2754 18 14 0
2754 24 6 0
2
42 119 
2
2863 16 16 0
2863 22 18 0
2
43 55 
2
2755 18 14 0
2755 24 2 0
2
42 120 
2
2864 16 16 0
2864 28 20 0
2
43 56 
2
2756 18 14 0
2756 32 18 0
2
42 121 
2
2865 16 16 0
2865 8 14 0
2
43 57 
2
2757 18 14 0
2757 22 28 0
2
42 122 
2
2866 16 16 0
2866 12 6 0
2
43 58 
2
2758 18 14 0
2758 10 10 0
2
42 123 
2
2867 16 16 0
2867 22 20 0
2
43 59 
2
2759 18 14 0
2759 28 16 0
2
42 124 
2
2868 16 16 0
2868 20 26 0
2
43 60 
2
2760 18 14 0
2760 16 8 0
2
42 125 
2
2869 16 16 0
2869 12 16 0
2
43 61 
2
2761 18 14 0
2761 18 30 0
2
42 126 
2
2870 16 16 0
2870 16 10 0
2
43 62 
2
2762 18 14 0
2762 20 24 0
2
42 128 
2
2871 16 16 0
2871 16 14 0
2
43 63 
2
2763 18 14 0
2763 16 12 0
2
42 129 
2
2872 16 16 0
2872 28 12 0
2
43 64 
2
2764 18 14 0
2764 16 6 0
2
42 130 
2
2873 16 16 0
2873 22 6 0
2
43 65 
2
2765 18 14 0
2765 10 6 0
2
42 131 
2
2874 16 16 0
2874 28 14 0
2
43 66 
2
2766 18 14 0
2766 18 22 0
2
42 149 
2
2875 16 16 0
2875 20 6 0
2
43 67 
2
2767 18 14 0
2767 18 28 0
2
42 150 
2
2876 16 16 0
2876 24 8 0
2
43 68 
2
2768 18 14 0
2768 18 12 0
2
42 151 
2
2877 16 16 0
2877 22 2 0
2
43 86 
2
2769 18 14 0
2769 6 10 0
2
42 152 
2
2878 16 16 0
2878 22 30 0
2
43 87 
2
2770 18 14 0
2770 22 14 0
2
42 153 
2
2879 16 16 0
2879 24 26 0
2
43 89 
2
2771 18 14 0
2771 24 14 0
2
42 154 
2
2880 16 16 0
2880 28 18 0
2
43 90 
2
2772 18 14 0
2772 20 10 0
2
42 155 
2
2881 16 16 0
2881 22 22 0
2
43 91 
2
2773 18 14 0
2773 28 8 0
2
20 40 
2
2861 14 16 0
2861 10 16 0
2
21 41 
2
2753 20 14 0
2753 20 12 0
2
38 40 
2
2862 4 16 0
2862 10 16 0
2
39 41 
2
2754 22 8 0
2754 20 12 0
2
244 42 
2
2882 34 34 0
2882 16 16 0
2
40 42 
2
2883 10 16 0
2883 16 16 0
2
245 42 
2
2884 34 32 0
2884 16 16 0
2
20 42 
2
2885 14 16 0
2885 16 16 0
2
244 42 
2
2886 34 34 0
2886 16 16 0
2
40 42 
2
2887 10 16 0
2887 16 16 0
2
245 42 
2
2888 34 32 0
2888 16 16 0
2
244 43 
2
2774 34 34 0
2774 18 14 0
2
41 43 
2
2775 20 12 0
2775 18 14 0
2
245 43 
2
2776 34 32 0
2776 18 14 0
2
21 43 
2
2777 20 14 0
2777 18 14 0
2
244 43 
2
2778 34 34 0
2778 18 14 0
2
41 43 
2
2779 20 12 0
2779 18 14 0
2
245 43 
2
2780 34 32 0
2780 18 14 0
2
42 118 
2
2889 16 16 0
2889 12 12 0
2
43 90 
2
2781 18 14 0
2781 20 10 0
2
42 119 
2
2890 16 16 0
2890 22 18 0
2
43 91 
2
2782 18 14 0
2782 28 8 0
2
42 120 
2
2891 16 16 0
2891 28 20 0
2
43 92 
2
2783 18 14 0
2783 32 12 0
2
42 121 
2
2892 16 16 0
2892 8 14 0
2
42 122 
2
2893 16 16 0
2893 12 6 0
2
42 123 
2
2894 16 16 0
2894 22 20 0
2
42 124 
2
2895 16 16 0
2895 20 26 0
2
42 125 
2
2896 16 16 0
2896 12 16 0
2
42 126 
2
2897 16 16 0
2897 16 10 0
2
42 128 
2
2898 16 16 0
2898 16 14 0
2
42 129 
2
2899 16 16 0
2899 28 12 0
2
42 130 
2
2900 16 16 0
2900 22 6 0
2
42 131 
2
2901 16 16 0
2901 28 14 0
2
42 149 
2
2902 16 16 0
2902 20 6 0
2
42 150 
2
2903 16 16 0
2903 24 8 0
2
42 151 
2
2904 16 16 0
2904 22 2 0
2
42 152 
2
2905 16 16 0
2905 22 30 0
2
42 153 
2
2906 16 16 0
2906 24 26 0
2
42 154 
2
2907 16 16 0
2907 28 18 0
2
42 155 
2
2908 16 16 0
2908 22 22 0
2
42 156 
2
2909 16 16 0
2909 26 18 0
2
40 42 
2
2910 10 16 0
2910 16 16 0
2
41 43 
2
2784 20 12 0
2784 18 14 0
2
42 118 
2
2911 16 16 0
2911 12 12 0
2
43 90 
2
2785 18 14 0
2785 20 10 0
2
42 119 
2
2912 16 16 0
2912 22 18 0
2
43 91 
2
2786 18 14 0
2786 28 8 0
2
42 120 
2
2913 16 16 0
2913 28 20 0
2
43 92 
2
2787 18 14 0
2787 32 12 0
2
42 121 
2
2914 16 16 0
2914 8 14 0
2
42 122 
2
2915 16 16 0
2915 12 6 0
2
42 123 
2
2916 16 16 0
2916 22 20 0
2
42 124 
2
2917 16 16 0
2917 20 26 0
2
42 125 
2
2918 16 16 0
2918 12 16 0
2
42 126 
2
2919 16 16 0
2919 16 10 0
2
42 128 
2
2920 16 16 0
2920 16 14 0
2
42 129 
2
2921 16 16 0
2921 28 12 0
2
42 130 
2
2922 16 16 0
2922 22 6 0
2
42 131 
2
2923 16 16 0
2923 28 14 0
2
42 149 
2
2924 16 16 0
2924 20 6 0
2
42 150 
2
2925 16 16 0
2925 24 8 0
2
42 151 
2
2926 16 16 0
2926 22 2 0
2
42 152 
2
2927 16 16 0
2927 22 30 0
2
42 153 
2
2928 16 16 0
2928 24 26 0
2
42 154 
2
2929 16 16 0
2929 28 18 0
2
42 155 
2
2930 16 16 0
2930 22 22 0
2
42 156 
2
2931 16 16 0
2931 26 18 0
2
20 40 
2
2911 14 16 0
2911 10 16 0
2
21 41 
2
2785 20 14 0
2785 20 12 0
2
18 38 
2
2863 4 18 0
2863 4 16 0
2
19 39 
2
2755 20 8 0
2755 22 8 0
2
16 36 
2
2815 4 24 0
2815 4 22 0
2
17 37 
2
2675 26 4 0
2675 24 4 0
2
14 34 
2
2643 4 26 0
2643 2 24 0
2
15 35 
2
2545 26 2 0
2545 28 2 0
2
12 32 
2
2387 2 26 0
2387 2 28 0
2
13 33 
2
2283 30 2 0
2283 32 2 0
2
30 32 
2
2388 4 28 0
2388 2 28 0
2
31 33 
2
2284 32 6 0
2284 32 2 0
2
246 34 
2
2644 34 30 0
2644 2 24 0
2
32 34 
2
2645 2 28 0
2645 2 24 0
2
247 34 
2
2646 34 28 0
2646 2 24 0
2
12 34 
2
2647 2 26 0
2647 2 24 0
2
246 34 
2
2648 34 30 0
2648 2 24 0
2
32 34 
2
2649 2 28 0
2649 2 24 0
2
244 34 
2
2650 34 34 0
2650 2 24 0
2
246 35 
2
2546 34 30 0
2546 28 2 0
2
33 35 
2
2547 32 2 0
2547 28 2 0
2
247 35 
2
2548 34 28 0
2548 28 2 0
2
13 35 
2
2549 30 2 0
2549 28 2 0
2
244 35 
2
2550 34 34 0
2550 28 2 0
2
33 35 
2
2551 32 2 0
2551 28 2 0
2
245 35 
2
2552 34 32 0
2552 28 2 0
2
246 36 
2
2816 34 30 0
2816 4 22 0
2
34 36 
2
2817 2 24 0
2817 4 22 0
2
247 36 
2
2818 34 28 0
2818 4 22 0
2
14 36 
2
2819 4 26 0
2819 4 22 0
2
246 36 
2
2820 34 30 0
2820 4 22 0
2
34 36 
2
2821 2 24 0
2821 4 22 0
2
244 36 
2
2822 34 34 0
2822 4 22 0
2
246 37 
2
2676 34 30 0
2676 24 4 0
2
35 37 
2
2677 28 2 0
2677 24 4 0
2
247 37 
2
2678 34 28 0
2678 24 4 0
2
15 37 
2
2679 26 2 0
2679 24 4 0
2
246 37 
2
2680 34 30 0
2680 24 4 0
2
35 37 
2
2681 28 2 0
2681 24 4 0
2
244 37 
2
2682 34 34 0
2682 24 4 0
2
244 38 
2
2864 34 34 0
2864 4 16 0
2
36 38 
2
2865 4 22 0
2865 4 16 0
2
245 38 
2
2866 34 32 0
2866 4 16 0
2
16 38 
2
2867 4 24 0
2867 4 16 0
2
244 38 
2
2868 34 34 0
2868 4 16 0
2
36 38 
2
2869 4 22 0
2869 4 16 0
2
245 38 
2
2870 34 32 0
2870 4 16 0
2
246 39 
2
2756 34 30 0
2756 22 8 0
2
37 39 
2
2757 24 4 0
2757 22 8 0
2
247 39 
2
2758 34 28 0
2758 22 8 0
2
17 39 
2
2759 26 4 0
2759 22 8 0
2
246 39 
2
2760 34 30 0
2760 22 8 0
2
37 39 
2
2761 24 4 0
2761 22 8 0
2
244 39 
2
2762 34 34 0
2762 22 8 0
2
245 40 
2
2912 34 32 0
2912 10 16 0
2
38 40 
2
2913 4 16 0
2913 10 16 0
2
244 40 
2
2914 34 34 0
2914 10 16 0
2
18 40 
2
2915 4 18 0
2915 10 16 0
2
245 40 
2
2916 34 32 0
2916 10 16 0
2
38 40 
2
2917 4 16 0
2917 10 16 0
2
244 40 
2
2918 34 34 0
2918 10 16 0
2
246 41 
2
2786 34 30 0
2786 20 12 0
2
39 41 
2
2787 22 8 0
2787 20 12 0
2
247 41 
2
2788 34 28 0
2788 20 12 0
2
19 41 
2
2789 20 8 0
2789 20 12 0
2
244 41 
2
2790 34 34 0
2790 20 12 0
2
39 41 
2
2791 22 8 0
2791 20 12 0
2
245 41 
2
2792 34 32 0
2792 20 12 0
2
245 42 
2
2932 34 32 0
2932 16 16 0
2
40 42 
2
2933 10 16 0
2933 16 16 0
2
244 42 
2
2934 34 34 0
2934 16 16 0
2
20 42 
2
2935 14 16 0
2935 16 16 0
2
245 42 
2
2936 34 32 0
2936 16 16 0
2
40 42 
2
2937 10 16 0
2937 16 16 0
2
244 42 
2
2938 34 34 0
2938 16 16 0
2
248 43 
2
2788 34 26 0
2788 18 14 0
2
41 43 
2
2793 20 12 0
2793 18 14 0
2
244 43 
2
2794 34 34 0
2794 18 14 0
2
21 43 
2
2795 20 14 0
2795 18 14 0
2
245 43 
2
2796 34 32 0
2796 18 14 0
2
41 43 
2
2797 20 12 0
2797 18 14 0
2
244 43 
2
2798 34 34 0
2798 18 14 0
2
42 153 
2
2939 16 16 0
2939 24 26 0
2
43 91 
2
2799 18 14 0
2799 28 8 0
2
42 154 
2
2940 16 16 0
2940 28 18 0
2
43 92 
2
2800 18 14 0
2800 32 12 0
2
42 155 
2
2941 16 16 0
2941 22 22 0
2
43 93 
2
2801 18 14 0
2801 20 2 0
2
40 42 
2
2942 10 16 0
2942 16 16 0
2
41 43 
2
2802 20 12 0
2802 18 14 0
2
42 153 
2
2943 16 16 0
2943 24 26 0
2
43 91 
2
2803 18 14 0
2803 28 8 0
2
42 154 
2
2944 16 16 0
2944 28 18 0
2
43 92 
2
2804 18 14 0
2804 32 12 0
2
42 155 
2
2945 16 16 0
2945 22 22 0
2
43 93 
2
2805 18 14 0
2805 20 2 0
2
20 40 
2
2943 14 16 0
2943 10 16 0
2
21 41 
2
2803 20 14 0
2803 20 12 0
2
38 40 
2
2944 4 16 0
2944 10 16 0
2
39 41 
2
2804 22 8 0
2804 20 12 0
2
244 42 
2
2946 34 34 0
2946 16 16 0
2
40 42 
2
2947 10 16 0
2947 16 16 0
2
245 42 
2
2948 34 32 0
2948 16 16 0
2
20 42 
2
2949 14 16 0
2949 16 16 0
2
244 42 
2
2950 34 34 0
2950 16 16 0
2
40 42 
2
2951 10 16 0
2951 16 16 0
2
245 42 
2
2952 34 32 0
2952 16 16 0
2
246 43 
2
2806 34 30 0
2806 18 14 0
2
41 43 
2
2807 20 12 0
2807 18 14 0
2
245 43 
2
2808 34 32 0
2808 18 14 0
2
21 43 
2
2809 20 14 0
2809 18 14 0
2
244 43 
2
2810 34 34 0
2810 18 14 0
2
41 43 
2
2811 20 12 0
2811 18 14 0
2
245 43 
2
2812 34 32 0
2812 18 14 0
2
42 154 
2
2953 16 16 0
2953 28 18 0
2
43 90 
2
2813 18 14 0
2813 20 10 0
2
42 155 
2
2954 16 16 0
2954 22 22 0
2
43 91 
2
2814 18 14 0
2814 28 8 0
2
42 156 
2
2955 16 16 0
2955 26 18 0
2
43 92 
2
2815 18 14 0
2815 32 12 0
2
43 93 
2
2816 18 14 0
2816 20 2 0
2
43 94 
2
2817 18 14 0
2817 8 6 0
2
43 95 
2
2818 18 14 0
2818 6 12 0
2
43 96 
2
2819 18 14 0
2819 16 4 0
2
43 97 
2
2820 18 14 0
2820 12 14 0
2
43 98 
2
2821 18 14 0
2821 22 16 0
2
43 99 
2
2822 18 14 0
2822 18 24 0
2
43 100 
2
2823 18 14 0
2823 12 10 0
2
43 101 
2
2824 18 14 0
2824 18 18 0
2
43 102 
2
2825 18 14 0
2825 14 8 0
2
43 103 
2
2826 18 14 0
2826 14 6 0
2
43 104 
2
2827 18 14 0
2827 22 26 0
2
43 105 
2
2828 18 14 0
2828 20 16 0
2
43 106 
2
2829 18 14 0
2829 24 20 0
2
43 107 
2
2830 18 14 0
2830 30 16 0
2
43 108 
2
2831 18 14 0
2831 28 10 0
2
43 109 
2
2832 18 14 0
2832 26 10 0
2
43 111 
2
2833 18 14 0
2833 18 6 0
2
40 42 
2
2956 10 16 0
2956 16 16 0
2
41 43 
2
2834 20 12 0
2834 18 14 0
2
42 154 
2
2957 16 16 0
2957 28 18 0
2
43 90 
2
2835 18 14 0
2835 20 10 0
2
42 155 
2
2958 16 16 0
2958 22 22 0
2
43 91 
2
2836 18 14 0
2836 28 8 0
2
42 156 
2
2959 16 16 0
2959 26 18 0
2
43 92 
2
2837 18 14 0
2837 32 12 0
2
43 93 
2
2838 18 14 0
2838 20 2 0
2
43 94 
2
2839 18 14 0
2839 8 6 0
2
43 95 
2
2840 18 14 0
2840 6 12 0
2
43 96 
2
2841 18 14 0
2841 16 4 0
2
43 97 
2
2842 18 14 0
2842 12 14 0
2
43 98 
2
2843 18 14 0
2843 22 16 0
2
43 99 
2
2844 18 14 0
2844 18 24 0
2
43 100 
2
2845 18 14 0
2845 12 10 0
2
43 101 
2
2846 18 14 0
2846 18 18 0
2
43 102 
2
2847 18 14 0
2847 14 8 0
2
43 103 
2
2848 18 14 0
2848 14 6 0
2
43 104 
2
2849 18 14 0
2849 22 26 0
2
43 105 
2
2850 18 14 0
2850 20 16 0
2
43 106 
2
2851 18 14 0
2851 24 20 0
2
43 107 
2
2852 18 14 0
2852 30 16 0
2
43 108 
2
2853 18 14 0
2853 28 10 0
2
43 109 
2
2854 18 14 0
2854 26 10 0
2
43 111 
2
2855 18 14 0
2855 18 6 0
2
20 40 
2
2957 14 16 0
2957 10 16 0
2
21 41 
2
2835 20 14 0
2835 20 12 0
2
18 38 
2
2945 4 18 0
2945 4 16 0
2
19 39 
2
2805 20 8 0
2805 22 8 0
2
36 38 
2
2946 4 22 0
2946 4 16 0
2
37 39 
2
2806 24 4 0
2806 22 8 0
2
244 40 
2
2958 34 34 0
2958 10 16 0
2
38 40 
2
2959 4 16 0
2959 10 16 0
2
245 40 
2
2960 34 32 0
2960 10 16 0
2
18 40 
2
2961 4 18 0
2961 10 16 0
2
244 40 
2
2962 34 34 0
2962 10 16 0
2
38 40 
2
2963 4 16 0
2963 10 16 0
2
245 40 
2
2964 34 32 0
2964 10 16 0
2
246 41 
2
2836 34 30 0
2836 20 12 0
2
39 41 
2
2837 22 8 0
2837 20 12 0
2
247 41 
2
2838 34 28 0
2838 20 12 0
2
19 41 
2
2839 20 8 0
2839 20 12 0
2
245 41 
2
2840 34 32 0
2840 20 12 0
2
39 41 
2
2841 22 8 0
2841 20 12 0
2
244 41 
2
2842 34 34 0
2842 20 12 0
2
247 42 
2
2960 34 28 0
2960 16 16 0
2
40 42 
2
2965 10 16 0
2965 16 16 0
2
244 42 
2
2966 34 34 0
2966 16 16 0
2
20 42 
2
2967 14 16 0
2967 16 16 0
2
245 42 
2
2968 34 32 0
2968 16 16 0
2
40 42 
2
2969 10 16 0
2969 16 16 0
2
244 42 
2
2970 34 34 0
2970 16 16 0
2
244 43 
2
2856 34 34 0
2856 18 14 0
2
41 43 
2
2857 20 12 0
2857 18 14 0
2
245 43 
2
2858 34 32 0
2858 18 14 0
2
21 43 
2
2859 20 14 0
2859 18 14 0
2
244 43 
2
2860 34 34 0
2860 18 14 0
2
41 43 
2
2861 20 12 0
2861 18 14 0
2
245 43 
2
2862 34 32 0
2862 18 14 0
2
42 153 
2
2971 16 16 0
2971 24 26 0
2
43 91 
2
2863 18 14 0
2863 28 8 0
2
42 154 
2
2972 16 16 0
2972 28 18 0
2
43 92 
2
2864 18 14 0
2864 32 12 0
2
42 155 
2
2973 16 16 0
2973 22 22 0
2
43 93 
2
2865 18 14 0
2865 20 2 0
2
42 156 
2
2974 16 16 0
2974 26 18 0
2
43 94 
2
2866 18 14 0
2866 8 6 0
2
42 157 
2
2975 16 16 0
2975 24 16 0
2
43 95 
2
2867 18 14 0
2867 6 12 0
2
42 158 
2
2976 16 16 0
2976 4 14 0
2
43 96 
2
2868 18 14 0
2868 16 4 0
2
42 159 
2
2977 16 16 0
2977 14 4 0
2
43 97 
2
2869 18 14 0
2869 12 14 0
2
42 160 
2
2978 16 16 0
2978 10 14 0
2
43 98 
2
2870 18 14 0
2870 22 16 0
2
42 161 
2
2979 16 16 0
2979 14 2 0
2
43 99 
2
2871 18 14 0
2871 18 24 0
2
42 162 
2
2980 16 16 0
2980 30 18 0
2
43 100 
2
2872 18 14 0
2872 12 10 0
2
42 163 
2
2981 16 16 0
2981 24 22 0
2
43 101 
2
2873 18 14 0
2873 18 18 0
2
42 164 
2
2982 16 16 0
2982 26 20 0
2
43 102 
2
2874 18 14 0
2874 14 8 0
2
42 166 
2
2983 16 16 0
2983 20 22 0
2
43 103 
2
2875 18 14 0
2875 14 6 0
2
42 167 
2
2984 16 16 0
2984 22 12 0
2
43 104 
2
2876 18 14 0
2876 22 26 0
2
42 168 
2
2985 16 16 0
2985 24 10 0
2
43 105 
2
2877 18 14 0
2877 20 16 0
2
42 169 
2
2986 16 16 0
2986 18 2 0
2
43 106 
2
2878 18 14 0
2878 24 20 0
2
42 170 
2
2987 16 16 0
2987 26 14 0
2
43 107 
2
2879 18 14 0
2879 30 16 0
2
42 171 
2
2988 16 16 0
2988 20 4 0
2
43 108 
2
2880 18 14 0
2880 28 10 0
2
42 172 
2
2989 16 16 0
2989 26 8 0
2
43 109 
2
2881 18 14 0
2881 26 10 0
2
42 173 
2
2990 16 16 0
2990 26 6 0
2
43 111 
2
2882 18 14 0
2882 18 6 0
2
42 174 
2
2991 16 16 0
2991 20 32 0
2
43 112 
2
2883 18 14 0
2883 30 14 0
2
40 42 
2
2992 10 16 0
2992 16 16 0
2
41 43 
2
2884 20 12 0
2884 18 14 0
2
42 153 
2
2993 16 16 0
2993 24 26 0
2
43 91 
2
2885 18 14 0
2885 28 8 0
2
42 154 
2
2994 16 16 0
2994 28 18 0
2
43 92 
2
2886 18 14 0
2886 32 12 0
2
42 155 
2
2995 16 16 0
2995 22 22 0
2
43 93 
2
2887 18 14 0
2887 20 2 0
2
42 156 
2
2996 16 16 0
2996 26 18 0
2
43 94 
2
2888 18 14 0
2888 8 6 0
2
42 157 
2
2997 16 16 0
2997 24 16 0
2
43 95 
2
2889 18 14 0
2889 6 12 0
2
42 158 
2
2998 16 16 0
2998 4 14 0
2
43 96 
2
2890 18 14 0
2890 16 4 0
2
42 159 
2
2999 16 16 0
2999 14 4 0
2
43 97 
2
2891 18 14 0
2891 12 14 0
2
42 160 
2
3000 16 16 0
3000 10 14 0
2
43 98 
2
2892 18 14 0
2892 22 16 0
2
42 161 
2
3001 16 16 0
3001 14 2 0
2
43 99 
2
2893 18 14 0
2893 18 24 0
2
42 162 
2
3002 16 16 0
3002 30 18 0
2
43 100 
2
2894 18 14 0
2894 12 10 0
2
42 163 
2
3003 16 16 0
3003 24 22 0
2
43 101 
2
2895 18 14 0
2895 18 18 0
2
42 164 
2
3004 16 16 0
3004 26 20 0
2
43 102 
2
2896 18 14 0
2896 14 8 0
2
42 166 
2
3005 16 16 0
3005 20 22 0
2
43 103 
2
2897 18 14 0
2897 14 6 0
2
42 167 
2
3006 16 16 0
3006 22 12 0
2
43 104 
2
2898 18 14 0
2898 22 26 0
2
42 168 
2
3007 16 16 0
3007 24 10 0
2
43 105 
2
2899 18 14 0
2899 20 16 0
2
42 169 
2
3008 16 16 0
3008 18 2 0
2
43 106 
2
2900 18 14 0
2900 24 20 0
2
42 170 
2
3009 16 16 0
3009 26 14 0
2
43 107 
2
2901 18 14 0
2901 30 16 0
2
42 171 
2
3010 16 16 0
3010 20 4 0
2
43 108 
2
2902 18 14 0
2902 28 10 0
2
42 172 
2
3011 16 16 0
3011 26 8 0
2
43 109 
2
2903 18 14 0
2903 26 10 0
2
42 173 
2
3012 16 16 0
3012 26 6 0
2
43 111 
2
2904 18 14 0
2904 18 6 0
2
42 174 
2
3013 16 16 0
3013 20 32 0
2
43 112 
2
2905 18 14 0
2905 30 14 0
2
20 40 
2
2993 14 16 0
2993 10 16 0
2
21 41 
2
2885 20 14 0
2885 20 12 0
2
38 40 
2
2994 4 16 0
2994 10 16 0
2
39 41 
2
2886 22 8 0
2886 20 12 0
2
244 42 
2
3014 34 34 0
3014 16 16 0
2
40 42 
2
3015 10 16 0
3015 16 16 0
2
245 42 
2
3016 34 32 0
3016 16 16 0
2
20 42 
2
3017 14 16 0
3017 16 16 0
2
244 42 
2
3018 34 34 0
3018 16 16 0
2
40 42 
2
3019 10 16 0
3019 16 16 0
2
245 42 
2
3020 34 32 0
3020 16 16 0
2
244 43 
2
2906 34 34 0
2906 18 14 0
2
41 43 
2
2907 20 12 0
2907 18 14 0
2
245 43 
2
2908 34 32 0
2908 18 14 0
2
21 43 
2
2909 20 14 0
2909 18 14 0
2
244 43 
2
2910 34 34 0
2910 18 14 0
2
41 43 
2
2911 20 12 0
2911 18 14 0
2
246 43 
2
2912 34 30 0
2912 18 14 0
2
42 154 
2
3021 16 16 0
3021 28 18 0
2
43 111 
2
2913 18 14 0
2913 18 6 0
2
42 155 
2
3022 16 16 0
3022 22 22 0
2
43 112 
2
2914 18 14 0
2914 30 14 0
2
42 156 
2
3023 16 16 0
3023 26 18 0
2
43 113 
2
2915 18 14 0
2915 22 4 0
2
42 157 
2
3024 16 16 0
3024 24 16 0
2
42 158 
2
3025 16 16 0
3025 4 14 0
2
42 159 
2
3026 16 16 0
3026 14 4 0
2
42 160 
2
3027 16 16 0
3027 10 14 0
2
42 161 
2
3028 16 16 0
3028 14 2 0
2
42 162 
2
3029 16 16 0
3029 30 18 0
2
42 163 
2
3030 16 16 0
3030 24 22 0
2
42 164 
2
3031 16 16 0
3031 26 20 0
2
42 166 
2
3032 16 16 0
3032 20 22 0
2
42 167 
2
3033 16 16 0
3033 22 12 0
2
42 168 
2
3034 16 16 0
3034 24 10 0
2
42 169 
2
3035 16 16 0
3035 18 2 0
2
42 170 
2
3036 16 16 0
3036 26 14 0
2
42 171 
2
3037 16 16 0
3037 20 4 0
2
42 172 
2
3038 16 16 0
3038 26 8 0
2
42 173 
2
3039 16 16 0
3039 26 6 0
2
42 174 
2
3040 16 16 0
3040 20 32 0
2
42 175 
2
3041 16 16 0
3041 6 8 0
2
40 42 
2
3042 10 16 0
3042 16 16 0
2
41 43 
2
2916 20 12 0
2916 18 14 0
2
42 154 
2
3043 16 16 0
3043 28 18 0
2
43 111 
2
2917 18 14 0
2917 18 6 0
2
42 155 
2
3044 16 16 0
3044 22 22 0
2
43 112 
2
2918 18 14 0
2918 30 14 0
2
42 156 
2
3045 16 16 0
3045 26 18 0
2
43 113 
2
2919 18 14 0
2919 22 4 0
2
42 157 
2
3046 16 16 0
3046 24 16 0
2
42 158 
2
3047 16 16 0
3047 4 14 0
2
42 159 
2
3048 16 16 0
3048 14 4 0
2
42 160 
2
3049 16 16 0
3049 10 14 0
2
42 161 
2
3050 16 16 0
3050 14 2 0
2
42 162 
2
3051 16 16 0
3051 30 18 0
2
42 163 
2
3052 16 16 0
3052 24 22 0
2
42 164 
2
3053 16 16 0
3053 26 20 0
2
42 166 
2
3054 16 16 0
3054 20 22 0
2
42 167 
2
3055 16 16 0
3055 22 12 0
2
42 168 
2
3056 16 16 0
3056 24 10 0
2
42 169 
2
3057 16 16 0
3057 18 2 0
2
42 170 
2
3058 16 16 0
3058 26 14 0
2
42 171 
2
3059 16 16 0
3059 20 4 0
2
42 172 
2
3060 16 16 0
3060 26 8 0
2
42 173 
2
3061 16 16 0
3061 26 6 0
2
42 174 
2
3062 16 16 0
3062 20 32 0
2
42 175 
2
3063 16 16 0
3063 6 8 0
2
20 40 
2
3043 14 16 0
3043 10 16 0
2
21 41 
2
2917 20 14 0
2917 20 12 0
2
18 38 
2
2995 4 18 0
2995 4 16 0
2
19 39 
2
2887 20 8 0
2887 22 8 0
2
16 36 
2
2947 4 24 0
2947 4 22 0
2
17 37 
2
2807 26 4 0
2807 24 4 0
2
34 36 
2
2948 2 24 0
2948 4 22 0
2
35 37 
2
2808 28 2 0
2808 24 4 0
2
244 38 
2
2996 34 34 0
2996 4 16 0
2
36 38 
2
2997 4 22 0
2997 4 16 0
2
245 38 
2
2998 34 32 0
2998 4 16 0
2
16 38 
2
2999 4 24 0
2999 4 16 0
2
244 38 
2
3000 34 34 0
3000 4 16 0
2
36 38 
2
3001 4 22 0
3001 4 16 0
2
245 38 
2
3002 34 32 0
3002 4 16 0
2
246 39 
2
2888 34 30 0
2888 22 8 0
2
37 39 
2
2889 24 4 0
2889 22 8 0
2
244 39 
2
2890 34 34 0
2890 22 8 0
2
17 39 
2
2891 26 4 0
2891 22 8 0
2
245 39 
2
2892 34 32 0
2892 22 8 0
2
37 39 
2
2893 24 4 0
2893 22 8 0
2
244 39 
2
2894 34 34 0
2894 22 8 0
2
245 40 
2
3044 34 32 0
3044 10 16 0
2
38 40 
2
3045 4 16 0
3045 10 16 0
2
244 40 
2
3046 34 34 0
3046 10 16 0
2
18 40 
2
3047 4 18 0
3047 10 16 0
2
245 40 
2
3048 34 32 0
3048 10 16 0
2
38 40 
2
3049 4 16 0
3049 10 16 0
2
244 40 
2
3050 34 34 0
3050 10 16 0
2
246 41 
2
2918 34 30 0
2918 20 12 0
2
39 41 
2
2919 22 8 0
2919 20 12 0
2
245 41 
2
2920 34 32 0
2920 20 12 0
2
19 41 
2
2921 20 8 0
2921 20 12 0
2
244 41 
2
2922 34 34 0
2922 20 12 0
2
39 41 
2
2923 22 8 0
2923 20 12 0
2
245 41 
2
2924 34 32 0
2924 20 12 0
2
245 42 
2
3064 34 32 0
3064 16 16 0
2
40 42 
2
3065 10 16 0
3065 16 16 0
2
244 42 
2
3066 34 34 0
3066 16 16 0
2
20 42 
2
3067 14 16 0
3067 16 16 0
2
245 42 
2
3068 34 32 0
3068 16 16 0
2
40 42 
2
3069 10 16 0
3069 16 16 0
2
244 42 
2
3070 34 34 0
3070 16 16 0
2
247 43 
2
2920 34 28 0
2920 18 14 0
2
41 43 
2
2925 20 12 0
2925 18 14 0
2
244 43 
2
2926 34 34 0
2926 18 14 0
2
21 43 
2
2927 20 14 0
2927 18 14 0
2
245 43 
2
2928 34 32 0
2928 18 14 0
2
41 43 
2
2929 20 12 0
2929 18 14 0
2
244 43 
2
2930 34 34 0
2930 18 14 0
2
42 153 
2
3071 16 16 0
3071 24 26 0
2
43 112 
2
2931 18 14 0
2931 30 14 0
2
42 154 
2
3072 16 16 0
3072 28 18 0
2
43 113 
2
2932 18 14 0
2932 22 4 0
2
42 155 
2
3073 16 16 0
3073 22 22 0
2
43 114 
2
2933 18 14 0
2933 30 10 0
2
42 156 
2
3074 16 16 0
3074 26 18 0
2
42 157 
2
3075 16 16 0
3075 24 16 0
2
42 158 
2
3076 16 16 0
3076 4 14 0
2
42 159 
2
3077 16 16 0
3077 14 4 0
2
42 160 
2
3078 16 16 0
3078 10 14 0
2
42 161 
2
3079 16 16 0
3079 14 2 0
2
42 162 
2
3080 16 16 0
3080 30 18 0
2
42 163 
2
3081 16 16 0
3081 24 22 0
2
42 164 
2
3082 16 16 0
3082 26 20 0
2
42 166 
2
3083 16 16 0
3083 20 22 0
2
42 167 
2
3084 16 16 0
3084 22 12 0
2
42 168 
2
3085 16 16 0
3085 24 10 0
2
42 169 
2
3086 16 16 0
3086 18 2 0
2
42 170 
2
3087 16 16 0
3087 26 14 0
2
42 171 
2
3088 16 16 0
3088 20 4 0
2
42 172 
2
3089 16 16 0
3089 26 8 0
2
40 42 
2
3090 10 16 0
3090 16 16 0
2
41 43 
2
2934 20 12 0
2934 18 14 0
2
42 153 
2
3091 16 16 0
3091 24 26 0
2
43 112 
2
2935 18 14 0
2935 30 14 0
2
42 154 
2
3092 16 16 0
3092 28 18 0
2
43 113 
2
2936 18 14 0
2936 22 4 0
2
42 155 
2
3093 16 16 0
3093 22 22 0
2
43 114 
2
2937 18 14 0
2937 30 10 0
2
42 156 
2
3094 16 16 0
3094 26 18 0
2
42 157 
2
3095 16 16 0
3095 24 16 0
2
42 158 
2
3096 16 16 0
3096 4 14 0
2
42 159 
2
3097 16 16 0
3097 14 4 0
2
42 160 
2
3098 16 16 0
3098 10 14 0
2
42 161 
2
3099 16 16 0
3099 14 2 0
2
42 162 
2
3100 16 16 0
3100 30 18 0
2
42 163 
2
3101 16 16 0
3101 24 22 0
2
42 164 
2
3102 16 16 0
3102 26 20 0
2
42 166 
2
3103 16 16 0
3103 20 22 0
2
42 167 
2
3104 16 16 0
3104 22 12 0
2
42 168 
2
3105 16 16 0
3105 24 10 0
2
42 169 
2
3106 16 16 0
3106 18 2 0
2
42 170 
2
3107 16 16 0
3107 26 14 0
2
42 171 
2
3108 16 16 0
3108 20 4 0
2
42 172 
2
3109 16 16 0
3109 26 8 0
2
20 40 
2
3091 14 16 0
3091 10 16 0
2
21 41 
2
2935 20 14 0
2935 20 12 0
2
38 40 
2
3092 4 16 0
3092 10 16 0
2
39 41 
2
2936 22 8 0
2936 20 12 0
2
244 42 
2
3110 34 34 0
3110 16 16 0
2
40 42 
2
3111 10 16 0
3111 16 16 0
2
245 42 
2
3112 34 32 0
3112 16 16 0
2
20 42 
2
3113 14 16 0
3113 16 16 0
2
244 42 
2
3114 34 34 0
3114 16 16 0
2
40 42 
2
3115 10 16 0
3115 16 16 0
2
245 42 
2
3116 34 32 0
3116 16 16 0
2
246 43 
2
2938 34 30 0
2938 18 14 0
2
41 43 
2
2939 20 12 0
2939 18 14 0
2
245 43 
2
2940 34 32 0
2940 18 14 0
2
21 43 
2
2941 20 14 0
2941 18 14 0
2
244 43 
2
2942 34 34 0
2942 18 14 0
2
41 43 
2
2943 20 12 0
2943 18 14 0
2
245 43 
2
2944 34 32 0
2944 18 14 0
2
42 154 
2
3117 16 16 0
3117 28 18 0
2
43 111 
2
2945 18 14 0
2945 18 6 0
2
42 155 
2
3118 16 16 0
3118 22 22 0
2
43 112 
2
2946 18 14 0
2946 30 14 0
2
42 156 
2
3119 16 16 0
3119 26 18 0
2
43 113 
2
2947 18 14 0
2947 22 4 0
2
42 157 
2
3120 16 16 0
3120 24 16 0
2
43 114 
2
2948 18 14 0
2948 30 10 0
2
42 158 
2
3121 16 16 0
3121 4 14 0
2
43 115 
2
2949 18 14 0
2949 2 10 0
2
42 159 
2
3122 16 16 0
3122 14 4 0
2
43 116 
2
2950 18 14 0
2950 8 8 0
2
42 160 
2
3123 16 16 0
3123 10 14 0
2
43 117 
2
2951 18 14 0
2951 12 8 0
2
42 161 
2
3124 16 16 0
3124 14 2 0
2
43 118 
2
2952 18 14 0
2952 12 12 0
2
42 162 
2
3125 16 16 0
3125 30 18 0
2
43 119 
2
2953 18 14 0
2953 22 18 0
2
42 163 
2
3126 16 16 0
3126 24 22 0
2
43 120 
2
2954 18 14 0
2954 28 20 0
2
42 164 
2
3127 16 16 0
3127 26 20 0
2
43 121 
2
2955 18 14 0
2955 8 14 0
2
42 166 
2
3128 16 16 0
3128 20 22 0
2
43 122 
2
2956 18 14 0
2956 12 6 0
2
42 167 
2
3129 16 16 0
3129 22 12 0
2
43 123 
2
2957 18 14 0
2957 22 20 0
2
42 168 
2
3130 16 16 0
3130 24 10 0
2
43 124 
2
2958 18 14 0
2958 20 26 0
2
42 169 
2
3131 16 16 0
3131 18 2 0
2
43 125 
2
2959 18 14 0
2959 12 16 0
2
42 170 
2
3132 16 16 0
3132 26 14 0
2
43 126 
2
2960 18 14 0
2960 16 10 0
2
42 171 
2
3133 16 16 0
3133 20 4 0
2
43 128 
2
2961 18 14 0
2961 16 14 0
2
42 172 
2
3134 16 16 0
3134 26 8 0
2
43 129 
2
2962 18 14 0
2962 28 12 0
2
42 173 
2
3135 16 16 0
3135 26 6 0
2
43 130 
2
2963 18 14 0
2963 22 6 0
2
43 131 
2
2964 18 14 0
2964 28 14 0
2
43 149 
2
2965 18 14 0
2965 20 6 0
2
40 42 
2
3136 10 16 0
3136 16 16 0
2
41 43 
2
2966 20 12 0
2966 18 14 0
2
42 154 
2
3137 16 16 0
3137 28 18 0
2
43 111 
2
2967 18 14 0
2967 18 6 0
2
42 155 
2
3138 16 16 0
3138 22 22 0
2
43 112 
2
2968 18 14 0
2968 30 14 0
2
42 156 
2
3139 16 16 0
3139 26 18 0
2
43 113 
2
2969 18 14 0
2969 22 4 0
2
42 157 
2
3140 16 16 0
3140 24 16 0
2
43 114 
2
2970 18 14 0
2970 30 10 0
2
42 158 
2
3141 16 16 0
3141 4 14 0
2
43 115 
2
2971 18 14 0
2971 2 10 0
2
42 159 
2
3142 16 16 0
3142 14 4 0
2
43 116 
2
2972 18 14 0
2972 8 8 0
2
42 160 
2
3143 16 16 0
3143 10 14 0
2
43 117 
2
2973 18 14 0
2973 12 8 0
2
42 161 
2
3144 16 16 0
3144 14 2 0
2
43 118 
2
2974 18 14 0
2974 12 12 0
2
42 162 
2
3145 16 16 0
3145 30 18 0
2
43 119 
2
2975 18 14 0
2975 22 18 0
2
42 163 
2
3146 16 16 0
3146 24 22 0
2
43 120 
2
2976 18 14 0
2976 28 20 0
2
42 164 
2
3147 16 16 0
3147 26 20 0
2
43 121 
2
2977 18 14 0
2977 8 14 0
2
42 166 
2
3148 16 16 0
3148 20 22 0
2
43 122 
2
2978 18 14 0
2978 12 6 0
2
42 167 
2
3149 16 16 0
3149 22 12 0
2
43 123 
2
2979 18 14 0
2979 22 20 0
2
42 168 
2
3150 16 16 0
3150 24 10 0
2
43 124 
2
2980 18 14 0
2980 20 26 0
2
42 169 
2
3151 16 16 0
3151 18 2 0
2
43 125 
2
2981 18 14 0
2981 12 16 0
2
42 170 
2
3152 16 16 0
3152 26 14 0
2
43 126 
2
2982 18 14 0
2982 16 10 0
2
42 171 
2
3153 16 16 0
3153 20 4 0
2
43 128 
2
2983 18 14 0
2983 16 14 0
2
42 172 
2
3154 16 16 0
3154 26 8 0
2
43 129 
2
2984 18 14 0
2984 28 12 0
2
42 173 
2
3155 16 16 0
3155 26 6 0
2
43 130 
2
2985 18 14 0
2985 22 6 0
2
43 131 
2
2986 18 14 0
2986 28 14 0
2
43 149 
2
2987 18 14 0
2987 20 6 0
2
20 40 
2
3137 14 16 0
3137 10 16 0
2
21 41 
2
2967 20 14 0
2967 20 12 0
2
18 38 
2
3093 4 18 0
3093 4 16 0
2
19 39 
2
2937 20 8 0
2937 22 8 0
2
36 38 
2
3094 4 22 0
3094 4 16 0
2
37 39 
2
2938 24 4 0
2938 22 8 0
2
244 40 
2
3138 34 34 0
3138 10 16 0
2
38 40 
2
3139 4 16 0
3139 10 16 0
2
245 40 
2
3140 34 32 0
3140 10 16 0
2
18 40 
2
3141 4 18 0
3141 10 16 0
2
244 40 
2
3142 34 34 0
3142 10 16 0
2
38 40 
2
3143 4 16 0
3143 10 16 0
2
245 40 
2
3144 34 32 0
3144 10 16 0
2
246 41 
2
2968 34 30 0
2968 20 12 0
2
39 41 
2
2969 22 8 0
2969 20 12 0
2
247 41 
2
2970 34 28 0
2970 20 12 0
2
19 41 
2
2971 20 8 0
2971 20 12 0
2
245 41 
2
2972 34 32 0
2972 20 12 0
2
39 41 
2
2973 22 8 0
2973 20 12 0
2
244 41 
2
2974 34 34 0
2974 20 12 0
2
244 42 
2
3156 34 34 0
3156 16 16 0
2
40 42 
2
3157 10 16 0
3157 16 16 0
2
245 42 
2
3158 34 32 0
3158 16 16 0
2
20 42 
2
3159 14 16 0
3159 16 16 0
2
244 42 
2
3160 34 34 0
3160 16 16 0
2
40 42 
2
3161 10 16 0
3161 16 16 0
2
245 42 
2
3162 34 32 0
3162 16 16 0
2
244 43 
2
2988 34 34 0
2988 18 14 0
2
41 43 
2
2989 20 12 0
2989 18 14 0
2
245 43 
2
2990 34 32 0
2990 18 14 0
2
21 43 
2
2991 20 14 0
2991 18 14 0
2
244 43 
2
2992 34 34 0
2992 18 14 0
2
41 43 
2
2993 20 12 0
2993 18 14 0
2
245 43 
2
2994 34 32 0
2994 18 14 0
2
42 155 
2
3163 16 16 0
3163 22 22 0
2
43 112 
2
2995 18 14 0
2995 30 14 0
2
42 156 
2
3164 16 16 0
3164 26 18 0
2
43 113 
2
2996 18 14 0
2996 22 4 0
2
42 157 
2
3165 16 16 0
3165 24 16 0
2
43 114 
2
2997 18 14 0
2997 30 10 0
2
43 115 
2
2998 18 14 0
2998 2 10 0
2
43 116 
2
2999 18 14 0
2999 8 8 0
2
43 117 
2
3000 18 14 0
3000 12 8 0
2
43 118 
2
3001 18 14 0
3001 12 12 0
2
43 119 
2
3002 18 14 0
3002 22 18 0
2
43 120 
2
3003 18 14 0
3003 28 20 0
2
43 121 
2
3004 18 14 0
3004 8 14 0
2
43 122 
2
3005 18 14 0
3005 12 6 0
2
43 123 
2
3006 18 14 0
3006 22 20 0
2
43 124 
2
3007 18 14 0
3007 20 26 0
2
43 125 
2
3008 18 14 0
3008 12 16 0
2
43 126 
2
3009 18 14 0
3009 16 10 0
2
43 128 
2
3010 18 14 0
3010 16 14 0
2
43 129 
2
3011 18 14 0
3011 28 12 0
2
43 130 
2
3012 18 14 0
3012 22 6 0
2
43 131 
2
3013 18 14 0
3013 28 14 0
2
43 149 
2
3014 18 14 0
3014 20 6 0
2
43 150 
2
3015 18 14 0
3015 24 8 0
2
40 42 
2
3166 10 16 0
3166 16 16 0
2
41 43 
2
3016 20 12 0
3016 18 14 0
2
42 155 
2
3167 16 16 0
3167 22 22 0
2
43 112 
2
3017 18 14 0
3017 30 14 0
2
42 156 
2
3168 16 16 0
3168 26 18 0
2
43 113 
2
3018 18 14 0
3018 22 4 0
2
42 157 
2
3169 16 16 0
3169 24 16 0
2
43 114 
2
3019 18 14 0
3019 30 10 0
2
43 115 
2
3020 18 14 0
3020 2 10 0
2
43 116 
2
3021 18 14 0
3021 8 8 0
2
43 117 
2
3022 18 14 0
3022 12 8 0
2
43 118 
2
3023 18 14 0
3023 12 12 0
2
43 119 
2
3024 18 14 0
3024 22 18 0
2
43 120 
2
3025 18 14 0
3025 28 20 0
2
43 121 
2
3026 18 14 0
3026 8 14 0
2
43 122 
2
3027 18 14 0
3027 12 6 0
2
43 123 
2
3028 18 14 0
3028 22 20 0
2
43 124 
2
3029 18 14 0
3029 20 26 0
2
43 125 
2
3030 18 14 0
3030 12 16 0
2
43 126 
2
3031 18 14 0
3031 16 10 0
2
43 128 
2
3032 18 14 0
3032 16 14 0
2
43 129 
2
3033 18 14 0
3033 28 12 0
2
43 130 
2
3034 18 14 0
3034 22 6 0
2
43 131 
2
3035 18 14 0
3035 28 14 0
2
43 149 
2
3036 18 14 0
3036 20 6 0
2
43 150 
2
3037 18 14 0
3037 24 8 0
2
20 40 
2
3167 14 16 0
3167 10 16 0
2
21 41 
2
3017 20 14 0
3017 20 12 0
2
38 40 
2
3168 4 16 0
3168 10 16 0
2
39 41 
2
3018 22 8 0
3018 20 12 0
2
244 42 
2
3170 34 34 0
3170 16 16 0
2
40 42 
2
3171 10 16 0
3171 16 16 0
2
246 42 
2
3172 34 30 0
3172 16 16 0
2
20 42 
2
3173 14 16 0
3173 16 16 0
2
244 42 
2
3174 34 34 0
3174 16 16 0
2
40 42 
2
3175 10 16 0
3175 16 16 0
2
246 42 
2
3176 34 30 0
3176 16 16 0
2
244 43 
2
3038 34 34 0
3038 18 14 0
2
41 43 
2
3039 20 12 0
3039 18 14 0
2
245 43 
2
3040 34 32 0
3040 18 14 0
2
21 43 
2
3041 20 14 0
3041 18 14 0
2
244 43 
2
3042 34 34 0
3042 18 14 0
2
41 43 
2
3043 20 12 0
3043 18 14 0
2
246 43 
2
3044 34 30 0
3044 18 14 0
2
42 156 
2
3177 16 16 0
3177 26 18 0
2
43 149 
2
3045 18 14 0
3045 20 6 0
2
42 157 
2
3178 16 16 0
3178 24 16 0
2
43 150 
2
3046 18 14 0
3046 24 8 0
2
42 158 
2
3179 16 16 0
3179 4 14 0
2
43 151 
2
3047 18 14 0
3047 22 2 0
2
40 42 
2
3180 10 16 0
3180 16 16 0
2
41 43 
2
3048 20 12 0
3048 18 14 0
2
42 156 
2
3181 16 16 0
3181 26 18 0
2
43 149 
2
3049 18 14 0
3049 20 6 0
2
42 157 
2
3182 16 16 0
3182 24 16 0
2
43 150 
2
3050 18 14 0
3050 24 8 0
2
42 158 
2
3183 16 16 0
3183 4 14 0
2
43 151 
2
3051 18 14 0
3051 22 2 0
2
20 40 
2
3181 14 16 0
3181 10 16 0
2
21 41 
2
3049 20 14 0
3049 20 12 0
2
18 38 
2
3169 4 18 0
3169 4 16 0
2
19 39 
2
3019 20 8 0
3019 22 8 0
2
16 36 
2
3095 4 24 0
3095 4 22 0
2
17 37 
2
2939 26 4 0
2939 24 4 0
2
14 34 
2
2949 4 26 0
2949 2 24 0
2
15 35 
2
2809 26 2 0
2809 28 2 0
2
32 34 
2
2950 2 28 0
2950 2 24 0
2
33 35 
2
2810 32 2 0
2810 28 2 0
2
244 36 
2
3096 34 34 0
3096 4 22 0
2
34 36 
2
3097 2 24 0
3097 4 22 0
2
245 36 
2
3098 34 32 0
3098 4 22 0
2
14 36 
2
3099 4 26 0
3099 4 22 0
2
244 36 
2
3100 34 34 0
3100 4 22 0
2
34 36 
2
3101 2 24 0
3101 4 22 0
2
245 36 
2
3102 34 32 0
3102 4 22 0
2
247 37 
2
2940 34 28 0
2940 24 4 0
2
35 37 
2
2941 28 2 0
2941 24 4 0
2
246 37 
2
2942 34 30 0
2942 24 4 0
2
15 37 
2
2943 26 2 0
2943 24 4 0
2
247 37 
2
2944 34 28 0
2944 24 4 0
2
35 37 
2
2945 28 2 0
2945 24 4 0
2
246 37 
2
2946 34 30 0
2946 24 4 0
2
245 38 
2
3170 34 32 0
3170 4 16 0
2
36 38 
2
3171 4 22 0
3171 4 16 0
2
247 38 
2
3172 34 28 0
3172 4 16 0
2
16 38 
2
3173 4 24 0
3173 4 16 0
2
245 38 
2
3174 34 32 0
3174 4 16 0
2
36 38 
2
3175 4 22 0
3175 4 16 0
2
247 38 
2
3176 34 28 0
3176 4 16 0
2
246 39 
2
3020 34 30 0
3020 22 8 0
2
37 39 
2
3021 24 4 0
3021 22 8 0
2
244 39 
2
3022 34 34 0
3022 22 8 0
2
17 39 
2
3023 26 4 0
3023 22 8 0
2
245 39 
2
3024 34 32 0
3024 22 8 0
2
37 39 
2
3025 24 4 0
3025 22 8 0
2
244 39 
2
3026 34 34 0
3026 22 8 0
2
244 40 
2
3182 34 34 0
3182 10 16 0
2
38 40 
2
3183 4 16 0
3183 10 16 0
2
245 40 
2
3184 34 32 0
3184 10 16 0
2
18 40 
2
3185 4 18 0
3185 10 16 0
2
244 40 
2
3186 34 34 0
3186 10 16 0
2
38 40 
2
3187 4 16 0
3187 10 16 0
2
245 40 
2
3188 34 32 0
3188 10 16 0
2
246 41 
2
3050 34 30 0
3050 20 12 0
2
39 41 
2
3051 22 8 0
3051 20 12 0
2
245 41 
2
3052 34 32 0
3052 20 12 0
2
19 41 
2
3053 20 8 0
3053 20 12 0
2
244 41 
2
3054 34 34 0
3054 20 12 0
2
39 41 
2
3055 22 8 0
3055 20 12 0
2
245 41 
2
3056 34 32 0
3056 20 12 0
2
246 42 
2
3184 34 30 0
3184 16 16 0
2
40 42 
2
3189 10 16 0
3189 16 16 0
2
244 42 
2
3190 34 34 0
3190 16 16 0
2
20 42 
2
3191 14 16 0
3191 16 16 0
2
245 42 
2
3192 34 32 0
3192 16 16 0
2
40 42 
2
3193 10 16 0
3193 16 16 0
2
244 42 
2
3194 34 34 0
3194 16 16 0
2
247 43 
2
3052 34 28 0
3052 18 14 0
2
41 43 
2
3057 20 12 0
3057 18 14 0
2
244 43 
2
3058 34 34 0
3058 18 14 0
2
21 43 
2
3059 20 14 0
3059 18 14 0
2
245 43 
2
3060 34 32 0
3060 18 14 0
2
41 43 
2
3061 20 12 0
3061 18 14 0
2
244 43 
2
3062 34 34 0
3062 18 14 0
2
42 155 
2
3195 16 16 0
3195 22 22 0
2
43 150 
2
3063 18 14 0
3063 24 8 0
2
42 156 
2
3196 16 16 0
3196 26 18 0
2
43 151 
2
3064 18 14 0
3064 22 2 0
2
42 157 
2
3197 16 16 0
3197 24 16 0
2
43 152 
2
3065 18 14 0
3065 22 30 0
2
42 158 
2
3198 16 16 0
3198 4 14 0
2
42 159 
2
3199 16 16 0
3199 14 4 0
2
42 160 
2
3200 16 16 0
3200 10 14 0
2
42 161 
2
3201 16 16 0
3201 14 2 0
2
42 162 
2
3202 16 16 0
3202 30 18 0
2
42 163 
2
3203 16 16 0
3203 24 22 0
2
42 164 
2
3204 16 16 0
3204 26 20 0
2
42 166 
2
3205 16 16 0
3205 20 22 0
2
42 167 
2
3206 16 16 0
3206 22 12 0
2
42 168 
2
3207 16 16 0
3207 24 10 0
2
42 169 
2
3208 16 16 0
3208 18 2 0
2
42 170 
2
3209 16 16 0
3209 26 14 0
2
42 171 
2
3210 16 16 0
3210 20 4 0
2
42 172 
2
3211 16 16 0
3211 26 8 0
2
42 173 
2
3212 16 16 0
3212 26 6 0
2
42 174 
2
3213 16 16 0
3213 20 32 0
2
42 175 
2
3214 16 16 0
3214 6 8 0
2
42 176 
2
3215 16 16 0
3215 20 30 0
2
40 42 
2
3216 10 16 0
3216 16 16 0
2
41 43 
2
3066 20 12 0
3066 18 14 0
2
42 155 
2
3217 16 16 0
3217 22 22 0
2
43 150 
2
3067 18 14 0
3067 24 8 0
2
42 156 
2
3218 16 16 0
3218 26 18 0
2
43 151 
2
3068 18 14 0
3068 22 2 0
2
42 157 
2
3219 16 16 0
3219 24 16 0
2
43 152 
2
3069 18 14 0
3069 22 30 0
2
42 158 
2
3220 16 16 0
3220 4 14 0
2
42 159 
2
3221 16 16 0
3221 14 4 0
2
42 160 
2
3222 16 16 0
3222 10 14 0
2
42 161 
2
3223 16 16 0
3223 14 2 0
2
42 162 
2
3224 16 16 0
3224 30 18 0
2
42 163 
2
3225 16 16 0
3225 24 22 0
2
42 164 
2
3226 16 16 0
3226 26 20 0
2
42 166 
2
3227 16 16 0
3227 20 22 0
2
42 167 
2
3228 16 16 0
3228 22 12 0
2
42 168 
2
3229 16 16 0
3229 24 10 0
2
42 169 
2
3230 16 16 0
3230 18 2 0
2
42 170 
2
3231 16 16 0
3231 26 14 0
2
42 171 
2
3232 16 16 0
3232 20 4 0
2
42 172 
2
3233 16 16 0
3233 26 8 0
2
42 173 
2
3234 16 16 0
3234 26 6 0
2
42 174 
2
3235 16 16 0
3235 20 32 0
2
42 175 
2
3236 16 16 0
3236 6 8 0
2
42 176 
2
3237 16 16 0
3237 20 30 0
2
20 40 
2
3217 14 16 0
3217 10 16 0
2
21 41 
2
3067 20 14 0
3067 20 12 0
2
38 40 
2
3218 4 16 0
3218 10 16 0
2
39 41 
2
3068 22 8 0
3068 20 12 0
2
244 42 
2
3238 34 34 0
3238 16 16 0
2
40 42 
2
3239 10 16 0
3239 16 16 0
2
245 42 
2
3240 34 32 0
3240 16 16 0
2
20 42 
2
3241 14 16 0
3241 16 16 0
2
244 42 
2
3242 34 34 0
3242 16 16 0
2
40 42 
2
3243 10 16 0
3243 16 16 0
2
245 42 
2
3244 34 32 0
3244 16 16 0
2
246 43 
2
3070 34 30 0
3070 18 14 0
2
41 43 
2
3071 20 12 0
3071 18 14 0
2
245 43 
2
3072 34 32 0
3072 18 14 0
2
21 43 
2
3073 20 14 0
3073 18 14 0
2
244 43 
2
3074 34 34 0
3074 18 14 0
2
41 43 
2
3075 20 12 0
3075 18 14 0
2
245 43 
2
3076 34 32 0
3076 18 14 0
2
42 156 
2
3245 16 16 0
3245 26 18 0
2
43 149 
2
3077 18 14 0
3077 20 6 0
2
42 157 
2
3246 16 16 0
3246 24 16 0
2
43 150 
2
3078 18 14 0
3078 24 8 0
2
42 158 
2
3247 16 16 0
3247 4 14 0
2
43 151 
2
3079 18 14 0
3079 22 2 0
2
42 159 
2
3248 16 16 0
3248 14 4 0
2
43 152 
2
3080 18 14 0
3080 22 30 0
2
42 160 
2
3249 16 16 0
3249 10 14 0
2
43 153 
2
3092 18 14 0
3092 24 26 0
2
42 161 
2
3250 16 16 0
3250 14 2 0
2
43 154 
2
3138 18 14 0
3138 28 18 0
2
42 162 
2
3251 16 16 0
3251 30 18 0
2
43 155 
2
3218 18 14 0
3218 22 22 0
2
42 163 
2
3252 16 16 0
3252 24 22 0
2
43 156 
2
3246 18 14 0
3246 26 18 0
2
42 164 
2
3253 16 16 0
3253 26 20 0
2
43 157 
2
3247 18 14 0
3247 24 16 0
2
42 166 
2
3254 16 16 0
3254 20 22 0
2
43 158 
2
3248 18 14 0
3248 4 14 0
2
42 167 
2
3255 16 16 0
3255 22 12 0
2
43 159 
2
3249 18 14 0
3249 14 4 0
2
42 168 
2
3256 16 16 0
3256 24 10 0
2
43 160 
2
3250 18 14 0
3250 10 14 0
2
42 169 
2
3257 16 16 0
3257 18 2 0
2
43 161 
2
3251 18 14 0
3251 14 2 0
2
42 170 
2
3258 16 16 0
3258 26 14 0
2
43 162 
2
3252 18 14 0
3252 30 18 0
2
42 171 
2
3259 16 16 0
3259 20 4 0
2
43 163 
2
3253 18 14 0
3253 24 22 0
2
42 172 
2
3260 16 16 0
3260 26 8 0
2
43 164 
2
3254 18 14 0
3254 26 20 0
2
42 173 
2
3261 16 16 0
3261 26 6 0
2
43 166 
2
3255 18 14 0
3255 20 22 0
2
42 174 
2
3262 16 16 0
3262 20 32 0
2
43 167 
2
3256 18 14 0
3256 22 12 0
2
42 175 
2
3263 16 16 0
3263 6 8 0
2
43 168 
2
3257 18 14 0
3257 24 10 0
2
42 176 
2
3264 16 16 0
3264 20 30 0
2
43 169 
2
3258 18 14 0
3258 18 2 0
2
42 177 
2
3265 16 16 0
3265 8 4 0
2
43 170 
2
3259 18 14 0
3259 26 14 0
2
40 42 
2
3266 10 16 0
3266 16 16 0
2
41 43 
2
3260 20 12 0
3260 18 14 0
2
42 156 
2
3267 16 16 0
3267 26 18 0
2
43 149 
2
3261 18 14 0
3261 20 6 0
2
42 157 
2
3268 16 16 0
3268 24 16 0
2
43 150 
2
3262 18 14 0
3262 24 8 0
2
42 158 
2
3269 16 16 0
3269 4 14 0
2
43 151 
2
3263 18 14 0
3263 22 2 0
2
42 159 
2
3270 16 16 0
3270 14 4 0
2
43 152 
2
3264 18 14 0
3264 22 30 0
2
42 160 
2
3271 16 16 0
3271 10 14 0
2
43 153 
2
3265 18 14 0
3265 24 26 0
2
42 161 
2
3272 16 16 0
3272 14 2 0
2
43 154 
2
3266 18 14 0
3266 28 18 0
2
42 162 
2
3273 16 16 0
3273 30 18 0
2
43 155 
2
3267 18 14 0
3267 22 22 0
2
42 163 
2
3274 16 16 0
3274 24 22 0
2
43 156 
2
3268 18 14 0
3268 26 18 0
2
42 164 
2
3275 16 16 0
3275 26 20 0
2
43 157 
2
3269 18 14 0
3269 24 16 0
2
42 166 
2
3276 16 16 0
3276 20 22 0
2
43 158 
2
3270 18 14 0
3270 4 14 0
2
42 167 
2
3277 16 16 0
3277 22 12 0
2
43 159 
2
3271 18 14 0
3271 14 4 0
2
42 168 
2
3278 16 16 0
3278 24 10 0
2
43 160 
2
3272 18 14 0
3272 10 14 0
2
42 169 
2
3279 16 16 0
3279 18 2 0
2
43 161 
2
3273 18 14 0
3273 14 2 0
2
42 170 
2
3280 16 16 0
3280 26 14 0
2
43 162 
2
3274 18 14 0
3274 30 18 0
2
42 171 
2
3281 16 16 0
3281 20 4 0
2
43 163 
2
3275 18 14 0
3275 24 22 0
2
42 172 
2
3282 16 16 0
3282 26 8 0
2
43 164 
2
3276 18 14 0
3276 26 20 0
2
42 173 
2
3283 16 16 0
3283 26 6 0
2
43 166 
2
3277 18 14 0
3277 20 22 0
2
42 174 
2
3284 16 16 0
3284 20 32 0
2
43 167 
2
3278 18 14 0
3278 22 12 0
2
42 175 
2
3285 16 16 0
3285 6 8 0
2
43 168 
2
3279 18 14 0
3279 24 10 0
2
42 176 
2
3286 16 16 0
3286 20 30 0
2
43 169 
2
3280 18 14 0
3280 18 2 0
2
42 177 
2
3287 16 16 0
3287 8 4 0
2
43 170 
2
3281 18 14 0
3281 26 14 0
2
20 40 
2
3267 14 16 0
3267 10 16 0
2
21 41 
2
3261 20 14 0
3261 20 12 0
2
18 38 
2
3219 4 18 0
3219 4 16 0
2
19 39 
2
3069 20 8 0
3069 22 8 0
2
36 38 
2
3220 4 22 0
3220 4 16 0
2
37 39 
2
3070 24 4 0
3070 22 8 0
2
246 40 
2
3268 34 30 0
3268 10 16 0
2
38 40 
2
3269 4 16 0
3269 10 16 0
2
244 40 
2
3270 34 34 0
3270 10 16 0
2
18 40 
2
3271 4 18 0
3271 10 16 0
2
245 40 
2
3272 34 32 0
3272 10 16 0
2
38 40 
2
3273 4 16 0
3273 10 16 0
2
244 40 
2
3274 34 34 0
3274 10 16 0
2
244 41 
2
3262 34 34 0
3262 20 12 0
2
39 41 
2
3263 22 8 0
3263 20 12 0
2
245 41 
2
3264 34 32 0
3264 20 12 0
2
19 41 
2
3265 20 8 0
3265 20 12 0
2
244 41 
2
3266 34 34 0
3266 20 12 0
2
39 41 
2
3267 22 8 0
3267 20 12 0
2
245 41 
2
3268 34 32 0
3268 20 12 0
2
246 42 
2
3288 34 30 0
3288 16 16 0
2
40 42 
2
3289 10 16 0
3289 16 16 0
2
244 42 
2
3290 34 34 0
3290 16 16 0
2
20 42 
2
3291 14 16 0
3291 16 16 0
2
245 42 
2
3292 34 32 0
3292 16 16 0
2
40 42 
2
3293 10 16 0
3293 16 16 0
2
244 42 
2
3294 34 34 0
3294 16 16 0
2
244 43 
2
3282 34 34 0
3282 18 14 0
2
41 43 
2
3283 20 12 0
3283 18 14 0
2
245 43 
2
3284 34 32 0
3284 18 14 0
2
21 43 
2
3285 20 14 0
3285 18 14 0
2
244 43 
2
3286 34 34 0
3286 18 14 0
2
41 43 
2
3287 20 12 0
3287 18 14 0
2
245 43 
2
3288 34 32 0
3288 18 14 0
2
42 174 
2
3295 16 16 0
3295 20 32 0
2
43 150 
2
3289 18 14 0
3289 24 8 0
2
42 175 
2
3296 16 16 0
3296 6 8 0
2
43 151 
2
3290 18 14 0
3290 22 2 0
2
42 176 
2
3297 16 16 0
3297 20 30 0
2
43 152 
2
3291 18 14 0
3291 22 30 0
2
43 153 
2
3292 18 14 0
3292 24 26 0
2
43 154 
2
3293 18 14 0
3293 28 18 0
2
43 155 
2
3294 18 14 0
3294 22 22 0
2
43 156 
2
3295 18 14 0
3295 26 18 0
2
43 157 
2
3296 18 14 0
3296 24 16 0
2
43 158 
2
3297 18 14 0
3297 4 14 0
2
43 159 
2
3298 18 14 0
3298 14 4 0
2
43 160 
2
3299 18 14 0
3299 10 14 0
2
43 161 
2
3300 18 14 0
3300 14 2 0
2
43 162 
2
3301 18 14 0
3301 30 18 0
2
43 163 
2
3302 18 14 0
3302 24 22 0
2
43 164 
2
3303 18 14 0
3303 26 20 0
2
43 166 
2
3304 18 14 0
3304 20 22 0
2
43 167 
2
3305 18 14 0
3305 22 12 0
2
43 168 
2
3306 18 14 0
3306 24 10 0
2
43 169 
2
3307 18 14 0
3307 18 2 0
2
43 170 
2
3308 18 14 0
3308 26 14 0
2
43 171 
2
3309 18 14 0
3309 20 4 0
2
40 42 
2
3298 10 16 0
3298 16 16 0
2
41 43 
2
3310 20 12 0
3310 18 14 0
2
42 174 
2
3299 16 16 0
3299 20 32 0
2
43 150 
2
3311 18 14 0
3311 24 8 0
2
42 175 
2
3300 16 16 0
3300 6 8 0
2
43 151 
2
3312 18 14 0
3312 22 2 0
2
42 176 
2
3301 16 16 0
3301 20 30 0
2
43 152 
2
3313 18 14 0
3313 22 30 0
2
43 153 
2
3314 18 14 0
3314 24 26 0
2
43 154 
2
3315 18 14 0
3315 28 18 0
2
43 155 
2
3316 18 14 0
3316 22 22 0
2
43 156 
2
3317 18 14 0
3317 26 18 0
2
43 157 
2
3318 18 14 0
3318 24 16 0
2
43 158 
2
3319 18 14 0
3319 4 14 0
2
43 159 
2
3320 18 14 0
3320 14 4 0
2
43 160 
2
3321 18 14 0
3321 10 14 0
2
43 161 
2
3322 18 14 0
3322 14 2 0
2
43 162 
2
3323 18 14 0
3323 30 18 0
2
43 163 
2
3324 18 14 0
3324 24 22 0
2
43 164 
2
3325 18 14 0
3325 26 20 0
2
43 166 
2
3326 18 14 0
3326 20 22 0
2
43 167 
2
3327 18 14 0
3327 22 12 0
2
43 168 
2
3328 18 14 0
3328 24 10 0
2
43 169 
2
3329 18 14 0
3329 18 2 0
2
43 170 
2
3330 18 14 0
3330 26 14 0
2
43 171 
2
3331 18 14 0
3331 20 4 0
2
20 40 
2
3299 14 16 0
3299 10 16 0
2
21 41 
2
3311 20 14 0
3311 20 12 0
2
38 40 
2
3300 4 16 0
3300 10 16 0
2
39 41 
2
3312 22 8 0
3312 20 12 0
2
244 42 
2
3302 34 34 0
3302 16 16 0
2
40 42 
2
3303 10 16 0
3303 16 16 0
2
246 42 
2
3304 34 30 0
3304 16 16 0
2
20 42 
2
3305 14 16 0
3305 16 16 0
2
244 42 
2
3306 34 34 0
3306 16 16 0
2
40 42 
2
3307 10 16 0
3307 16 16 0
2
246 42 
2
3308 34 30 0
3308 16 16 0
2
244 43 
2
3332 34 34 0
3332 18 14 0
2
41 43 
2
3333 20 12 0
3333 18 14 0
2
245 43 
2
3334 34 32 0
3334 18 14 0
2
21 43 
2
3335 20 14 0
3335 18 14 0
2
244 43 
2
3336 34 34 0
3336 18 14 0
2
41 43 
2
3337 20 12 0
3337 18 14 0
2
245 43 
2
3338 34 32 0
3338 18 14 0
2
42 175 
2
3309 16 16 0
3309 6 8 0
2
43 170 
2
3339 18 14 0
3339 26 14 0
2
42 176 
2
3310 16 16 0
3310 20 30 0
2
43 171 
2
3340 18 14 0
3340 20 4 0
2
42 177 
2
3311 16 16 0
3311 8 4 0
2
43 172 
2
3341 18 14 0
3341 26 8 0
2
40 42 
2
3312 10 16 0
3312 16 16 0
2
41 43 
2
3342 20 12 0
3342 18 14 0
2
42 175 
2
3313 16 16 0
3313 6 8 0
2
43 170 
2
3343 18 14 0
3343 26 14 0
2
42 176 
2
3314 16 16 0
3314 20 30 0
2
43 171 
2
3344 18 14 0
3344 20 4 0
2
42 177 
2
3315 16 16 0
3315 8 4 0
2
43 172 
2
3345 18 14 0
3345 26 8 0
2
20 40 
2
3313 14 16 0
3313 10 16 0
2
21 41 
2
3343 20 14 0
3343 20 12 0
2
18 38 
2
3301 4 18 0
3301 4 16 0
2
19 39 
2
3313 20 8 0
3313 22 8 0
2
16 36 
2
3221 4 24 0
3221 4 22 0
2
17 37 
2
3071 26 4 0
3071 24 4 0
2
34 36 
2
3222 2 24 0
3222 4 22 0
2
35 37 
2
3072 28 2 0
3072 24 4 0
2
245 38 
2
3302 34 32 0
3302 4 16 0
2
36 38 
2
3303 4 22 0
3303 4 16 0
2
247 38 
2
3304 34 28 0
3304 4 16 0
2
16 38 
2
3305 4 24 0
3305 4 16 0
2
245 38 
2
3306 34 32 0
3306 4 16 0
2
36 38 
2
3307 4 22 0
3307 4 16 0
2
247 38 
2
3308 34 28 0
3308 4 16 0
2
245 39 
2
3314 34 32 0
3314 22 8 0
2
37 39 
2
3315 24 4 0
3315 22 8 0
2
248 39 
2
3316 34 26 0
3316 22 8 0
2
17 39 
2
3317 26 4 0
3317 22 8 0
2
245 39 
2
3318 34 32 0
3318 22 8 0
2
37 39 
2
3319 24 4 0
3319 22 8 0
2
247 39 
2
3320 34 28 0
3320 22 8 0
2
244 40 
2
3314 34 34 0
3314 10 16 0
2
38 40 
2
3315 4 16 0
3315 10 16 0
2
246 40 
2
3316 34 30 0
3316 10 16 0
2
18 40 
2
3317 4 18 0
3317 10 16 0
2
244 40 
2
3318 34 34 0
3318 10 16 0
2
38 40 
2
3319 4 16 0
3319 10 16 0
2
246 40 
2
3320 34 30 0
3320 10 16 0
2
244 41 
2
3344 34 34 0
3344 20 12 0
2
39 41 
2
3345 22 8 0
3345 20 12 0
2
245 41 
2
3346 34 32 0
3346 20 12 0
2
19 41 
2
3347 20 8 0
3347 20 12 0
2
244 41 
2
3348 34 34 0
3348 20 12 0
2
39 41 
2
3349 22 8 0
3349 20 12 0
2
245 41 
2
3350 34 32 0
3350 20 12 0
2
247 42 
2
3316 34 28 0
3316 16 16 0
2
40 42 
2
3321 10 16 0
3321 16 16 0
2
244 42 
2
3322 34 34 0
3322 16 16 0
2
20 42 
2
3323 14 16 0
3323 16 16 0
2
245 42 
2
3324 34 32 0
3324 16 16 0
2
40 42 
2
3325 10 16 0
3325 16 16 0
2
244 42 
2
3326 34 34 0
3326 16 16 0
2
246 43 
2
3346 34 30 0
3346 18 14 0
2
41 43 
2
3351 20 12 0
3351 18 14 0
2
244 43 
2
3352 34 34 0
3352 18 14 0
2
21 43 
2
3353 20 14 0
3353 18 14 0
2
245 43 
2
3354 34 32 0
3354 18 14 0
2
41 43 
2
3355 20 12 0
3355 18 14 0
2
244 43 
2
3356 34 34 0
3356 18 14 0
2
42 174 
2
3327 16 16 0
3327 20 32 0
2
43 171 
2
3357 18 14 0
3357 20 4 0
2
42 175 
2
3328 16 16 0
3328 6 8 0
2
43 172 
2
3358 18 14 0
3358 26 8 0
2
42 176 
2
3329 16 16 0
3329 20 30 0
2
43 173 
2
3359 18 14 0
3359 26 6 0
2
42 177 
2
3330 16 16 0
3330 8 4 0
2
42 178 
2
3331 16 16 0
3331 10 2 0
2
42 179 
2
3332 16 16 0
3332 30 22 0
2
42 180 
2
3333 16 16 0
3333 26 26 0
2
42 181 
2
3334 16 16 0
3334 32 20 0
2
42 182 
2
3335 16 16 0
3335 32 10 0
2
42 183 
2
3336 16 16 0
3336 2 8 0
2
42 184 
2
3337 16 16 0
3337 30 8 0
2
42 185 
2
3338 16 16 0
3338 24 30 0
2
42 186 
2
3339 16 16 0
3339 28 6 0
2
42 188 
2
3340 16 16 0
3340 30 6 0
2
42 189 
2
3341 16 16 0
3341 32 8 0
2
42 191 
2
3342 16 16 0
3342 28 4 0
2
42 240 
2
3343 16 16 0
3343 6 4 0
2
42 241 
2
3344 16 16 0
3344 32 22 0
2
42 242 
2
3345 16 16 0
3345 4 6 0
2
40 42 
2
3346 10 16 0
3346 16 16 0
2
41 43 
2
3360 20 12 0
3360 18 14 0
2
42 174 
2
3347 16 16 0
3347 20 32 0
2
43 171 
2
3361 18 14 0
3361 20 4 0
2
42 175 
2
3348 16 16 0
3348 6 8 0
2
43 172 
2
3362 18 14 0
3362 26 8 0
2
42 176 
2
3349 16 16 0
3349 20 30 0
2
43 173 
2
3363 18 14 0
3363 26 6 0
2
42 177 
2
3350 16 16 0
3350 8 4 0
2
42 178 
2
3351 16 16 0
3351 10 2 0
2
42 179 
2
3352 16 16 0
3352 30 22 0
2
42 180 
2
3353 16 16 0
3353 26 26 0
2
42 181 
2
3354 16 16 0
3354 32 20 0
2
42 182 
2
3355 16 16 0
3355 32 10 0
2
42 183 
2
3356 16 16 0
3356 2 8 0
2
42 184 
2
3357 16 16 0
3357 30 8 0
2
42 185 
2
3358 16 16 0
3358 24 30 0
2
42 186 
2
3359 16 16 0
3359 28 6 0
2
42 188 
2
3360 16 16 0
3360 30 6 0
2
42 189 
2
3361 16 16 0
3361 32 8 0
2
42 191 
2
3362 16 16 0
3362 28 4 0
2
42 240 
2
3363 16 16 0
3363 6 4 0
2
42 241 
2
3364 16 16 0
3364 32 22 0
2
42 242 
2
3365 16 16 0
3365 4 6 0
2
20 40 
2
3347 14 16 0
3347 10 16 0
2
21 41 
2
3361 20 14 0
3361 20 12 0
2
38 40 
2
3348 4 16 0
3348 10 16 0
2
39 41 
2
3362 22 8 0
3362 20 12 0
2
246 42 
2
3366 34 30 0
3366 16 16 0
2
40 42 
2
3367 10 16 0
3367 16 16 0
2
248 42 
2
3368 34 26 0
3368 16 16 0
2
20 42 
2
3369 14 16 0
3369 16 16 0
2
246 42 
2
3370 34 30 0
3370 16 16 0
2
40 42 
2
3371 10 16 0
3371 16 16 0
2
244 42 
2
3372 34 34 0
3372 16 16 0
2
244 43 
2
3364 34 34 0
3364 18 14 0
2
41 43 
2
3365 20 12 0
3365 18 14 0
2
245 43 
2
3366 34 32 0
3366 18 14 0
2
21 43 
2
3367 20 14 0
3367 18 14 0
2
244 43 
2
3368 34 34 0
3368 18 14 0
2
41 43 
2
3369 20 12 0
3369 18 14 0
2
245 43 
2
3370 34 32 0
3370 18 14 0
2
42 175 
2
3373 16 16 0
3373 6 8 0
2
43 170 
2
3371 18 14 0
3371 26 14 0
2
42 176 
2
3374 16 16 0
3374 20 30 0
2
43 171 
2
3372 18 14 0
3372 20 4 0
2
42 177 
2
3375 16 16 0
3375 8 4 0
2
43 172 
2
3373 18 14 0
3373 26 8 0
2
42 178 
2
3376 16 16 0
3376 10 2 0
2
43 173 
2
3374 18 14 0
3374 26 6 0
2
42 179 
2
3377 16 16 0
3377 30 22 0
2
43 174 
2
3375 18 14 0
3375 20 32 0
2
42 180 
2
3378 16 16 0
3378 26 26 0
2
43 175 
2
3376 18 14 0
3376 6 8 0
2
42 181 
2
3379 16 16 0
3379 32 20 0
2
43 176 
2
3377 18 14 0
3377 20 30 0
2
42 182 
2
3380 16 16 0
3380 32 10 0
2
43 177 
2
3378 18 14 0
3378 8 4 0
2
42 183 
2
3381 16 16 0
3381 2 8 0
2
43 178 
2
3379 18 14 0
3379 10 2 0
2
42 184 
2
3382 16 16 0
3382 30 8 0
2
43 179 
2
3380 18 14 0
3380 30 22 0
2
42 185 
2
3383 16 16 0
3383 24 30 0
2
43 180 
2
3381 18 14 0
3381 26 26 0
2
42 186 
2
3384 16 16 0
3384 28 6 0
2
43 181 
2
3382 18 14 0
3382 32 20 0
2
42 188 
2
3385 16 16 0
3385 30 6 0
2
43 182 
2
3383 18 14 0
3383 32 10 0
2
42 189 
2
3386 16 16 0
3386 32 8 0
2
43 183 
2
3384 18 14 0
3384 2 8 0
2
42 191 
2
3387 16 16 0
3387 28 4 0
2
43 184 
2
3385 18 14 0
3385 30 8 0
2
42 240 
2
3388 16 16 0
3388 6 4 0
2
43 185 
2
3386 18 14 0
3386 24 30 0
2
42 241 
2
3389 16 16 0
3389 32 22 0
2
43 186 
2
3387 18 14 0
3387 28 6 0
2
42 242 
2
3390 16 16 0
3390 4 6 0
2
43 188 
2
3388 18 14 0
3388 30 6 0
2
42 243 
2
3391 16 16 0
3391 26 28 0
2
43 189 
2
3389 18 14 0
3389 32 8 0
2
43 191 
2
3390 18 14 0
3390 28 4 0
2
43 240 
2
3391 18 14 0
3391 6 4 0
2
40 42 
2
3392 10 16 0
3392 16 16 0
2
41 43 
2
3392 20 12 0
3392 18 14 0
2
42 175 
2
3393 16 16 0
3393 6 8 0
2
43 170 
2
3393 18 14 0
3393 26 14 0
2
42 176 
2
3394 16 16 0
3394 20 30 0
2
43 171 
2
3394 18 14 0
3394 20 4 0
2
42 177 
2
3395 16 16 0
3395 8 4 0
2
43 172 
2
3395 18 14 0
3395 26 8 0
2
42 178 
2
3396 16 16 0
3396 10 2 0
2
43 173 
2
3396 18 14 0
3396 26 6 0
2
42 179 
2
3397 16 16 0
3397 30 22 0
2
43 174 
2
3397 18 14 0
3397 20 32 0
2
42 180 
2
3398 16 16 0
3398 26 26 0
2
43 175 
2
3398 18 14 0
3398 6 8 0
2
42 181 
2
3399 16 16 0
3399 32 20 0
2
43 176 
2
3399 18 14 0
3399 20 30 0
2
42 182 
2
3400 16 16 0
3400 32 10 0
2
43 177 
2
3400 18 14 0
3400 8 4 0
2
42 183 
2
3401 16 16 0
3401 2 8 0
2
43 178 
2
3401 18 14 0
3401 10 2 0
2
42 184 
2
3402 16 16 0
3402 30 8 0
2
43 179 
2
3402 18 14 0
3402 30 22 0
2
42 185 
2
3403 16 16 0
3403 24 30 0
2
43 180 
2
3403 18 14 0
3403 26 26 0
2
42 186 
2
3404 16 16 0
3404 28 6 0
2
43 181 
2
3404 18 14 0
3404 32 20 0
2
42 188 
2
3405 16 16 0
3405 30 6 0
2
43 182 
2
3405 18 14 0
3405 32 10 0
2
42 189 
2
3406 16 16 0
3406 32 8 0
2
43 183 
2
3406 18 14 0
3406 2 8 0
2
42 191 
2
3407 16 16 0
3407 28 4 0
2
43 184 
2
3407 18 14 0
3407 30 8 0
2
42 240 
2
3408 16 16 0
3408 6 4 0
2
43 185 
2
3408 18 14 0
3408 24 30 0
2
42 241 
2
3409 16 16 0
3409 32 22 0
2
43 186 
2
3409 18 14 0
3409 28 6 0
2
42 242 
2
3410 16 16 0
3410 4 6 0
2
43 188 
2
3410 18 14 0
3410 30 6 0
2
42 243 
2
3411 16 16 0
3411 26 28 0
2
43 189 
2
3411 18 14 0
3411 32 8 0
2
43 191 
2
3412 18 14 0
3412 28 4 0
2
43 240 
2
3413 18 14 0
3413 6 4 0
2
20 40 
2
3393 14 16 0
3393 10 16 0
2
21 41 
2
3393 20 14 0
3393 20 12 0
2
18 38 
2
3349 4 18 0
3349 4 16 0
2
19 39 
2
3363 20 8 0
3363 22 8 0
2
36 38 
2
3350 4 22 0
3350 4 16 0
2
37 39 
2
3364 24 4 0
3364 22 8 0
2
245 40 
2
3394 34 32 0
3394 10 16 0
2
38 40 
2
3395 4 16 0
3395 10 16 0
2
247 40 
2
3396 34 28 0
3396 10 16 0
2
18 40 
2
3397 4 18 0
3397 10 16 0
2
245 40 
2
3398 34 32 0
3398 10 16 0
2
38 40 
2
3399 4 16 0
3399 10 16 0
2
247 40 
2
3400 34 28 0
3400 10 16 0
2
244 41 
2
3394 34 34 0
3394 20 12 0
2
39 41 
2
3395 22 8 0
3395 20 12 0
2
246 41 
2
3396 34 30 0
3396 20 12 0
2
19 41 
2
3397 20 8 0
3397 20 12 0
2
244 41 
2
3398 34 34 0
3398 20 12 0
2
39 41 
2
3399 22 8 0
3399 20 12 0
2
246 41 
2
3400 34 30 0
3400 20 12 0
2
244 42 
2
3412 34 34 0
3412 16 16 0
2
40 42 
2
3413 10 16 0
3413 16 16 0
2
246 42 
2
3414 34 30 0
3414 16 16 0
2
20 42 
2
3415 14 16 0
3415 16 16 0
2
247 42 
2
3416 34 28 0
3416 16 16 0
2
40 42 
2
3417 10 16 0
3417 16 16 0
2
246 42 
2
3418 34 30 0
3418 16 16 0
2
245 43 
2
3414 34 32 0
3414 18 14 0
2
41 43 
2
3415 20 12 0
3415 18 14 0
2
244 43 
2
3416 34 34 0
3416 18 14 0
2
21 43 
2
3417 20 14 0
3417 18 14 0
2
245 43 
2
3418 34 32 0
3418 18 14 0
2
41 43 
2
3419 20 12 0
3419 18 14 0
2
244 43 
2
3420 34 34 0
3420 18 14 0
2
42 176 
2
3419 16 16 0
3419 20 30 0
2
43 171 
2
3421 18 14 0
3421 20 4 0
2
42 177 
2
3420 16 16 0
3420 8 4 0
2
43 172 
2
3422 18 14 0
3422 26 8 0
2
42 178 
2
3421 16 16 0
3421 10 2 0
2
43 173 
2
3423 18 14 0
3423 26 6 0
2
43 174 
2
3424 18 14 0
3424 20 32 0
2
43 175 
2
3425 18 14 0
3425 6 8 0
2
43 176 
2
3426 18 14 0
3426 20 30 0
2
43 177 
2
3427 18 14 0
3427 8 4 0
2
43 178 
2
3428 18 14 0
3428 10 2 0
2
43 179 
2
3429 18 14 0
3429 30 22 0
2
43 180 
2
3430 18 14 0
3430 26 26 0
2
43 181 
2
3431 18 14 0
3431 32 20 0
2
43 182 
2
3432 18 14 0
3432 32 10 0
2
43 183 
2
3433 18 14 0
3433 2 8 0
2
43 184 
2
3434 18 14 0
3434 30 8 0
2
43 185 
2
3435 18 14 0
3435 24 30 0
2
43 186 
2
3436 18 14 0
3436 28 6 0
2
43 188 
2
3437 18 14 0
3437 30 6 0
2
43 189 
2
3438 18 14 0
3438 32 8 0
2
43 191 
2
3439 18 14 0
3439 28 4 0
2
43 240 
2
3440 18 14 0
3440 6 4 0
2
43 241 
2
3441 18 14 0
3441 32 22 0
2
40 42 
2
3422 10 16 0
3422 16 16 0
2
41 43 
2
3442 20 12 0
3442 18 14 0
2
42 176 
2
3427 16 16 0
3427 20 30 0
2
43 171 
2
3443 18 14 0
3443 20 4 0
2
42 177 
2
3428 16 16 0
3428 8 4 0
2
43 172 
2
3444 18 14 0
3444 26 8 0
2
42 178 
2
3429 16 16 0
3429 10 2 0
2
43 173 
2
3445 18 14 0
3445 26 6 0
2
43 174 
2
3446 18 14 0
3446 20 32 0
2
43 175 
2
3447 18 14 0
3447 6 8 0
2
43 176 
2
3448 18 14 0
3448 20 30 0
2
43 177 
2
3449 18 14 0
3449 8 4 0
2
43 178 
2
3450 18 14 0
3450 10 2 0
2
43 179 
2
3451 18 14 0
3451 30 22 0
2
43 180 
2
3452 18 14 0
3452 26 26 0
2
43 181 
2
3453 18 14 0
3453 32 20 0
2
43 182 
2
3454 18 14 0
3454 32 10 0
2
43 183 
2
3455 18 14 0
3455 2 8 0
2
43 184 
2
3456 18 14 0
3456 30 8 0
2
43 185 
2
3457 18 14 0
3457 24 30 0
2
43 186 
2
3458 18 14 0
3458 28 6 0
2
43 188 
2
3459 18 14 0
3459 30 6 0
2
43 189 
2
3460 18 14 0
3460 32 8 0
2
43 191 
2
3461 18 14 0
3461 28 4 0
2
43 240 
2
3462 18 14 0
3462 6 4 0
2
43 241 
2
3463 18 14 0
3463 32 22 0
2
20 40 
2
3423 14 16 0
3423 10 16 0
2
21 41 
2
3443 20 14 0
3443 20 12 0
2
38 40 
2
3424 4 16 0
3424 10 16 0
2
39 41 
2
3444 22 8 0
3444 20 12 0
2
244 42 
2
3430 34 34 0
3430 16 16 0
2
40 42 
2
3431 10 16 0
3431 16 16 0
2
245 42 
2
3432 34 32 0
3432 16 16 0
2
20 42 
2
3433 14 16 0
3433 16 16 0
2
244 42 
2
3434 34 34 0
3434 16 16 0
2
40 42 
2
3435 10 16 0
3435 16 16 0
2
245 42 
2
3436 34 32 0
3436 16 16 0
2
245 43 
2
3464 34 32 0
3464 18 14 0
2
41 43 
2
3465 20 12 0
3465 18 14 0
2
244 43 
2
3466 34 34 0
3466 18 14 0
2
21 43 
2
3467 20 14 0
3467 18 14 0
2
246 43 
2
3468 34 30 0
3468 18 14 0
2
41 43 
2
3469 20 12 0
3469 18 14 0
2
244 43 
2
3470 34 34 0
3470 18 14 0
2
42 177 
2
3450 16 16 0
3450 8 4 0
2
43 240 
2
3471 18 14 0
3471 6 4 0
2
42 178 
2
3451 16 16 0
3451 10 2 0
2
43 241 
2
3472 18 14 0
3472 32 22 0
2
42 179 
2
3452 16 16 0
3452 30 22 0
2
43 242 
2
3473 18 14 0
3473 4 6 0
2
40 42 
2
3453 10 16 0
3453 16 16 0
2
41 43 
2
3474 20 12 0
3474 18 14 0
2
42 177 
2
3454 16 16 0
3454 8 4 0
2
43 240 
2
3475 18 14 0
3475 6 4 0
2
42 178 
2
3455 16 16 0
3455 10 2 0
2
43 241 
2
3476 18 14 0
3476 32 22 0
2
42 179 
2
3456 16 16 0
3456 30 22 0
2
43 242 
2
3477 18 14 0
3477 4 6 0
2
20 40 
2
3454 14 16 0
3454 10 16 0
2
21 41 
2
3475 20 14 0
3475 20 12 0
2
18 38 
2
3425 4 18 0
3425 4 16 0
2
19 39 
2
3445 20 8 0
3445 22 8 0
2
16 36 
2
3351 4 24 0
3351 4 22 0
2
17 37 
2
3365 26 4 0
3365 24 4 0
2
14 34 
2
3223 4 26 0
3223 2 24 0
2
15 35 
2
3073 26 2 0
3073 28 2 0
2
12 32 
2
2951 2 26 0
2951 2 28 0
2
13 33 
2
2811 30 2 0
2811 32 2 0
2
10 30 
2
2389 6 28 0
2389 4 28 0
2
11 31 
2
2285 32 4 0
2285 32 6 0
2
28 30 
2
2390 4 30 0
2390 4 28 0
2
29 31 
2
2286 32 26 0
2286 32 6 0
2
246 32 
2
2952 34 30 0
2952 2 28 0
2
30 32 
2
2953 4 28 0
2953 2 28 0
2
244 32 
2
2954 34 34 0
2954 2 28 0
2
10 32 
2
2955 6 28 0
2955 2 28 0
2
245 32 
2
2956 34 32 0
2956 2 28 0
2
30 32 
2
2957 4 28 0
2957 2 28 0
2
246 32 
2
2958 34 30 0
2958 2 28 0
2
246 33 
2
2812 34 30 0
2812 32 2 0
2
31 33 
2
2813 32 6 0
2813 32 2 0
2
247 33 
2
2814 34 28 0
2814 32 2 0
2
11 33 
2
2815 32 4 0
2815 32 2 0
2
248 33 
2
2816 34 26 0
2816 32 2 0
2
31 33 
2
2817 32 6 0
2817 32 2 0
2
249 33 
2
2818 34 24 0
2818 32 2 0
2
244 34 
2
3224 34 34 0
3224 2 24 0
2
32 34 
2
3225 2 28 0
3225 2 24 0
2
245 34 
2
3226 34 32 0
3226 2 24 0
2
12 34 
2
3227 2 26 0
3227 2 24 0
2
244 34 
2
3228 34 34 0
3228 2 24 0
2
32 34 
2
3229 2 28 0
3229 2 24 0
2
245 34 
2
3230 34 32 0
3230 2 24 0
2
246 35 
2
3074 34 30 0
3074 28 2 0
2
33 35 
2
3075 32 2 0
3075 28 2 0
2
247 35 
2
3076 34 28 0
3076 28 2 0
2
13 35 
2
3077 30 2 0
3077 28 2 0
2
244 35 
2
3078 34 34 0
3078 28 2 0
2
33 35 
2
3079 32 2 0
3079 28 2 0
2
245 35 
2
3080 34 32 0
3080 28 2 0
2
246 36 
2
3352 34 30 0
3352 4 22 0
2
34 36 
2
3353 2 24 0
3353 4 22 0
2
247 36 
2
3354 34 28 0
3354 4 22 0
2
14 36 
2
3355 4 26 0
3355 4 22 0
2
246 36 
2
3356 34 30 0
3356 4 22 0
2
34 36 
2
3357 2 24 0
3357 4 22 0
2
245 36 
2
3358 34 32 0
3358 4 22 0
2
247 37 
2
3366 34 28 0
3366 24 4 0
2
35 37 
2
3367 28 2 0
3367 24 4 0
2
249 37 
2
3368 34 24 0
3368 24 4 0
2
15 37 
2
3369 26 2 0
3369 24 4 0
2
247 37 
2
3370 34 28 0
3370 24 4 0
2
35 37 
2
3371 28 2 0
3371 24 4 0
2
248 37 
2
3372 34 26 0
3372 24 4 0
2
244 38 
2
3426 34 34 0
3426 4 16 0
2
36 38 
2
3427 4 22 0
3427 4 16 0
2
245 38 
2
3428 34 32 0
3428 4 16 0
2
16 38 
2
3429 4 24 0
3429 4 16 0
2
246 38 
2
3430 34 30 0
3430 4 16 0
2
36 38 
2
3431 4 22 0
3431 4 16 0
2
247 38 
2
3432 34 28 0
3432 4 16 0
2
244 39 
2
3446 34 34 0
3446 22 8 0
2
37 39 
2
3447 24 4 0
3447 22 8 0
2
245 39 
2
3448 34 32 0
3448 22 8 0
2
17 39 
2
3449 26 4 0
3449 22 8 0
2
244 39 
2
3450 34 34 0
3450 22 8 0
2
37 39 
2
3451 24 4 0
3451 22 8 0
2
245 39 
2
3452 34 32 0
3452 22 8 0
2
244 40 
2
3455 34 34 0
3455 10 16 0
2
38 40 
2
3456 4 16 0
3456 10 16 0
2
245 40 
2
3457 34 32 0
3457 10 16 0
2
18 40 
2
3458 4 18 0
3458 10 16 0
2
244 40 
2
3459 34 34 0
3459 10 16 0
2
38 40 
2
3460 4 16 0
3460 10 16 0
2
245 40 
2
3461 34 32 0
3461 10 16 0
2
245 41 
2
3476 34 32 0
3476 20 12 0
2
39 41 
2
3477 22 8 0
3477 20 12 0
2
244 41 
2
3478 34 34 0
3478 20 12 0
2
19 41 
2
3479 20 8 0
3479 20 12 0
2
246 41 
2
3480 34 30 0
3480 20 12 0
2
39 41 
2
3481 22 8 0
3481 20 12 0
2
245 41 
2
3482 34 32 0
3482 20 12 0
2
246 42 
2
3457 34 30 0
3457 16 16 0
2
40 42 
2
3462 10 16 0
3462 16 16 0
2
244 42 
2
3463 34 34 0
3463 16 16 0
2
20 42 
2
3464 14 16 0
3464 16 16 0
2
246 42 
2
3465 34 30 0
3465 16 16 0
2
40 42 
2
3466 10 16 0
3466 16 16 0
2
245 42 
2
3467 34 32 0
3467 16 16 0
2
247 43 
2
3478 34 28 0
3478 18 14 0
2
41 43 
2
3483 20 12 0
3483 18 14 0
2
244 43 
2
3484 34 34 0
3484 18 14 0
2
21 43 
2
3485 20 14 0
3485 18 14 0
2
246 43 
2
3486 34 30 0
3486 18 14 0
2
41 43 
2
3487 20 12 0
3487 18 14 0
2
245 43 
2
3488 34 32 0
3488 18 14 0
2
42 69 
2
3468 16 16 0
3468 6 26 0
2
43 241 
2
3489 18 14 0
3489 32 22 0
2
42 70 
2
3469 16 16 0
3469 8 2 0
2
43 242 
2
3490 18 14 0
3490 4 6 0
2
42 71 
2
3470 16 16 0
3470 8 28 0
2
43 243 
2
3491 18 14 0
3491 26 28 0
2
40 42 
2
3471 10 16 0
3471 16 16 0
2
41 43 
2
3492 20 12 0
3492 18 14 0
2
42 69 
2
3472 16 16 0
3472 6 26 0
2
43 241 
2
3493 18 14 0
3493 32 22 0
2
42 70 
2
3473 16 16 0
3473 8 2 0
2
43 242 
2
3494 18 14 0
3494 4 6 0
2
42 71 
2
3474 16 16 0
3474 8 28 0
2
43 243 
2
3495 18 14 0
3495 26 28 0
2
20 40 
2
3472 14 16 0
3472 10 16 0
2
21 41 
2
3493 20 14 0
3493 20 12 0
2
38 40 
2
3473 4 16 0
3473 10 16 0
2
39 41 
2
3494 22 8 0
3494 20 12 0
2
244 42 
2
3475 34 34 0
3475 16 16 0
2
40 42 
2
3476 10 16 0
3476 16 16 0
2
246 42 
2
3477 34 30 0
3477 16 16 0
2
20 42 
2
3478 14 16 0
3478 16 16 0
2
245 42 
2
3479 34 32 0
3479 16 16 0
2
40 42 
2
3480 10 16 0
3480 16 16 0
2
244 42 
2
3481 34 34 0
3481 16 16 0
2
245 43 
2
3496 34 32 0
3496 18 14 0
2
41 43 
2
3497 20 12 0
3497 18 14 0
2
244 43 
2
3498 34 34 0
3498 18 14 0
2
21 43 
2
3499 20 14 0
3499 18 14 0
2
246 43 
2
3500 34 30 0
3500 18 14 0
2
41 43 
2
3501 20 12 0
3501 18 14 0
2
244 43 
2
3502 34 34 0
3502 18 14 0
2
42 70 
2
3482 16 16 0
3482 8 2 0
2
43 83 
2
3503 18 14 0
3503 10 4 0
2
42 71 
2
3483 16 16 0
3483 8 28 0
2
43 84 
2
3504 18 14 0
3504 28 24 0
2
42 72 
2
3484 16 16 0
3484 8 30 0
2
43 85 
2
3505 18 14 0
3505 30 20 0
2
43 88 
2
3506 18 14 0
3506 12 4 0
2
43 110 
2
3507 18 14 0
3507 6 20 0
2
43 127 
2
3508 18 14 0
3508 12 18 0
2
43 132 
2
3509 18 14 0
3509 8 16 0
2
43 133 
2
3510 18 14 0
3510 10 12 0
2
43 134 
2
3511 18 14 0
3511 16 30 0
2
43 135 
2
3512 18 14 0
3512 10 26 0
2
43 136 
2
3513 18 14 0
3513 16 26 0
2
43 137 
2
3514 18 14 0
3514 16 28 0
2
43 138 
2
3515 18 14 0
3515 10 20 0
2
43 139 
2
3516 18 14 0
3516 12 26 0
2
43 140 
2
3517 18 14 0
3517 14 18 0
2
43 141 
2
3518 18 14 0
3518 14 20 0
2
43 142 
2
3519 18 14 0
3519 8 12 0
2
43 143 
2
3520 18 14 0
3520 22 24 0
2
43 144 
2
3521 18 14 0
3521 24 18 0
2
43 145 
2
3522 18 14 0
3522 22 10 0
2
43 146 
2
3523 18 14 0
3523 30 12 0
2
40 42 
2
3485 10 16 0
3485 16 16 0
2
41 43 
2
3524 20 12 0
3524 18 14 0
2
42 70 
2
3486 16 16 0
3486 8 2 0
2
43 83 
2
3525 18 14 0
3525 10 4 0
2
42 71 
2
3487 16 16 0
3487 8 28 0
2
43 84 
2
3526 18 14 0
3526 28 24 0
2
42 72 
2
3488 16 16 0
3488 8 30 0
2
43 85 
2
3527 18 14 0
3527 30 20 0
2
43 88 
2
3528 18 14 0
3528 12 4 0
2
43 110 
2
3529 18 14 0
3529 6 20 0
2
43 127 
2
3530 18 14 0
3530 12 18 0
2
43 132 
2
3531 18 14 0
3531 8 16 0
2
43 133 
2
3532 18 14 0
3532 10 12 0
2
43 134 
2
3533 18 14 0
3533 16 30 0
2
43 135 
2
3534 18 14 0
3534 10 26 0
2
43 136 
2
3535 18 14 0
3535 16 26 0
2
43 137 
2
3536 18 14 0
3536 16 28 0
2
43 138 
2
3537 18 14 0
3537 10 20 0
2
43 139 
2
3538 18 14 0
3538 12 26 0
2
43 140 
2
3539 18 14 0
3539 14 18 0
2
43 141 
2
3540 18 14 0
3540 14 20 0
2
43 142 
2
3541 18 14 0
3541 8 12 0
2
43 143 
2
3542 18 14 0
3542 22 24 0
2
43 144 
2
3543 18 14 0
3543 24 18 0
2
43 145 
2
3544 18 14 0
3544 22 10 0
2
43 146 
2
3545 18 14 0
3545 30 12 0
2
20 40 
2
3486 14 16 0
3486 10 16 0
2
21 41 
2
3525 20 14 0
3525 20 12 0
2
18 38 
2
3474 4 18 0
3474 4 16 0
2
19 39 
2
3495 20 8 0
3495 22 8 0
2
36 38 
2
3475 4 22 0
3475 4 16 0
2
37 39 
2
3496 24 4 0
3496 22 8 0
2
244 40 
2
3487 34 34 0
3487 10 16 0
2
38 40 
2
3488 4 16 0
3488 10 16 0
2
246 40 
2
3489 34 30 0
3489 10 16 0
2
18 40 
2
3490 4 18 0
3490 10 16 0
2
244 40 
2
3491 34 34 0
3491 10 16 0
2
38 40 
2
3492 4 16 0
3492 10 16 0
2
245 40 
2
3493 34 32 0
3493 10 16 0
2
244 41 
2
3526 34 34 0
3526 20 12 0
2
39 41 
2
3527 22 8 0
3527 20 12 0
2
245 41 
2
3528 34 32 0
3528 20 12 0
2
19 41 
2
3529 20 8 0
3529 20 12 0
2
244 41 
2
3530 34 34 0
3530 20 12 0
2
39 41 
2
3531 22 8 0
3531 20 12 0
2
245 41 
2
3532 34 32 0
3532 20 12 0
2
248 42 
2
3489 34 26 0
3489 16 16 0
2
40 42 
2
3494 10 16 0
3494 16 16 0
2
244 42 
2
3495 34 34 0
3495 16 16 0
2
20 42 
2
3496 14 16 0
3496 16 16 0
2
246 42 
2
3497 34 30 0
3497 16 16 0
2
40 42 
2
3498 10 16 0
3498 16 16 0
2
245 42 
2
3499 34 32 0
3499 16 16 0
2
244 43 
2
3546 34 34 0
3546 18 14 0
2
41 43 
2
3547 20 12 0
3547 18 14 0
2
245 43 
2
3548 34 32 0
3548 18 14 0
2
21 43 
2
3549 20 14 0
3549 18 14 0
2
244 43 
2
3550 34 34 0
3550 18 14 0
2
41 43 
2
3551 20 12 0
3551 18 14 0
2
245 43 
2
3552 34 32 0
3552 18 14 0
2
42 69 
2
3500 16 16 0
3500 6 26 0
2
43 84 
2
3553 18 14 0
3553 28 24 0
2
42 70 
2
3501 16 16 0
3501 8 2 0
2
43 85 
2
3554 18 14 0
3554 30 20 0
2
42 71 
2
3502 16 16 0
3502 8 28 0
2
43 88 
2
3555 18 14 0
3555 12 4 0
2
42 72 
2
3503 16 16 0
3503 8 30 0
2
43 110 
2
3556 18 14 0
3556 6 20 0
2
42 73 
2
3504 16 16 0
3504 2 22 0
2
43 127 
2
3557 18 14 0
3557 12 18 0
2
42 74 
2
3505 16 16 0
3505 8 26 0
2
43 132 
2
3558 18 14 0
3558 8 16 0
2
42 75 
2
3506 16 16 0
3506 10 30 0
2
43 133 
2
3559 18 14 0
3559 10 12 0
2
42 76 
2
3507 16 16 0
3507 6 24 0
2
43 134 
2
3560 18 14 0
3560 16 30 0
2
42 77 
2
3508 16 16 0
3508 14 32 0
2
43 135 
2
3561 18 14 0
3561 10 26 0
2
42 78 
2
3509 16 16 0
3509 10 28 0
2
43 136 
2
3562 18 14 0
3562 16 26 0
2
42 79 
2
3510 16 16 0
3510 2 20 0
2
43 137 
2
3563 18 14 0
3563 16 28 0
2
42 80 
2
3511 16 16 0
3511 24 28 0
2
43 138 
2
3564 18 14 0
3564 10 20 0
2
42 81 
2
3512 16 16 0
3512 6 6 0
2
43 139 
2
3565 18 14 0
3565 12 26 0
2
42 82 
2
3513 16 16 0
3513 28 22 0
2
43 140 
2
3566 18 14 0
3566 14 18 0
2
42 83 
2
3526 16 16 0
3526 10 4 0
2
43 141 
2
3567 18 14 0
3567 14 20 0
2
42 84 
2
3554 16 16 0
3554 28 24 0
2
43 142 
2
3568 18 14 0
3568 8 12 0
2
42 85 
2
3555 16 16 0
3555 30 20 0
2
43 143 
2
3569 18 14 0
3569 22 24 0
2
42 88 
2
3556 16 16 0
3556 12 4 0
2
43 144 
2
3570 18 14 0
3570 24 18 0
2
42 110 
2
3557 16 16 0
3557 6 20 0
2
43 145 
2
3571 18 14 0
3571 22 10 0
2
42 127 
2
3558 16 16 0
3558 12 18 0
2
43 146 
2
3572 18 14 0
3572 30 12 0
2
42 132 
2
3559 16 16 0
3559 8 16 0
2
43 147 
2
3573 18 14 0
3573 4 8 0
2
40 42 
2
3560 10 16 0
3560 16 16 0
2
41 43 
2
3574 20 12 0
3574 18 14 0
2
42 69 
2
3561 16 16 0
3561 6 26 0
2
43 84 
2
3575 18 14 0
3575 28 24 0
2
42 70 
2
3562 16 16 0
3562 8 2 0
2
43 85 
2
3576 18 14 0
3576 30 20 0
2
42 71 
2
3563 16 16 0
3563 8 28 0
2
43 88 
2
3577 18 14 0
3577 12 4 0
2
42 72 
2
3564 16 16 0
3564 8 30 0
2
43 110 
2
3578 18 14 0
3578 6 20 0
2
42 73 
2
3565 16 16 0
3565 2 22 0
2
43 127 
2
3579 18 14 0
3579 12 18 0
2
42 74 
2
3566 16 16 0
3566 8 26 0
2
43 132 
2
3580 18 14 0
3580 8 16 0
2
42 75 
2
3567 16 16 0
3567 10 30 0
2
43 133 
2
3581 18 14 0
3581 10 12 0
2
42 76 
2
3568 16 16 0
3568 6 24 0
2
43 134 
2
3582 18 14 0
3582 16 30 0
2
42 77 
2
3569 16 16 0
3569 14 32 0
2
43 135 
2
3583 18 14 0
3583 10 26 0
2
42 78 
2
3570 16 16 0
3570 10 28 0
2
43 136 
2
3584 18 14 0
3584 16 26 0
2
42 79 
2
3571 16 16 0
3571 2 20 0
2
43 137 
2
3585 18 14 0
3585 16 28 0
2
42 80 
2
3572 16 16 0
3572 24 28 0
2
43 138 
2
3586 18 14 0
3586 10 20 0
2
42 81 
2
3573 16 16 0
3573 6 6 0
2
43 139 
2
3587 18 14 0
3587 12 26 0
2
42 82 
2
3574 16 16 0
3574 28 22 0
2
43 140 
2
3588 18 14 0
3588 14 18 0
2
42 83 
2
3575 16 16 0
3575 10 4 0
2
43 141 
2
3589 18 14 0
3589 14 20 0
2
42 84 
2
3576 16 16 0
3576 28 24 0
2
43 142 
2
3590 18 14 0
3590 8 12 0
2
42 85 
2
3577 16 16 0
3577 30 20 0
2
43 143 
2
3591 18 14 0
3591 22 24 0
2
42 88 
2
3578 16 16 0
3578 12 4 0
2
43 144 
2
3592 18 14 0
3592 24 18 0
2
42 110 
2
3579 16 16 0
3579 6 20 0
2
43 145 
2
3593 18 14 0
3593 22 10 0
2
42 127 
2
3580 16 16 0
3580 12 18 0
2
43 146 
2
3594 18 14 0
3594 30 12 0
2
42 132 
2
3581 16 16 0
3581 8 16 0
2
43 147 
2
3595 18 14 0
3595 4 8 0
2
20 40 
2
3561 14 16 0
3561 10 16 0
2
21 41 
2
3575 20 14 0
3575 20 12 0
2
38 40 
2
3562 4 16 0
3562 10 16 0
2
39 41 
2
3576 22 8 0
3576 20 12 0
2
244 42 
2
3582 34 34 0
3582 16 16 0
2
40 42 
2
3583 10 16 0
3583 16 16 0
2
245 42 
2
3584 34 32 0
3584 16 16 0
2
20 42 
2
3585 14 16 0
3585 16 16 0
2
244 42 
2
3586 34 34 0
3586 16 16 0
2
40 42 
2
3587 10 16 0
3587 16 16 0
2
245 42 
2
3588 34 32 0
3588 16 16 0
2
244 43 
2
3596 34 34 0
3596 18 14 0
2
41 43 
2
3597 20 12 0
3597 18 14 0
2
245 43 
2
3598 34 32 0
3598 18 14 0
2
21 43 
2
3599 20 14 0
3599 18 14 0
2
244 43 
2
3600 34 34 0
3600 18 14 0
2
41 43 
2
3601 20 12 0
3601 18 14 0
2
245 43 
2
3602 34 32 0
3602 18 14 0
2
42 70 
2
3589 16 16 0
3589 8 2 0
2
43 146 
2
3603 18 14 0
3603 30 12 0
2
42 71 
2
3590 16 16 0
3590 8 28 0
2
43 147 
2
3604 18 14 0
3604 4 8 0
2
42 72 
2
3591 16 16 0
3591 8 30 0
2
43 148 
2
3605 18 14 0
3605 12 30 0
2
42 73 
2
3592 16 16 0
3592 2 22 0
2
43 165 
2
3606 18 14 0
3606 4 20 0
2
42 74 
2
3593 16 16 0
3593 8 26 0
2
43 187 
2
3607 18 14 0
3607 12 28 0
2
42 75 
2
3594 16 16 0
3594 10 30 0
2
43 190 
2
3608 18 14 0
3608 26 16 0
2
42 76 
2
3595 16 16 0
3595 6 24 0
2
43 192 
2
3609 18 14 0
3609 18 26 0
2
42 77 
2
3596 16 16 0
3596 14 32 0
2
43 193 
2
3610 18 14 0
3610 6 16 0
2
42 78 
2
3597 16 16 0
3597 10 28 0
2
43 194 
2
3611 18 14 0
3611 14 22 0
2
42 79 
2
3598 16 16 0
3598 2 20 0
2
43 195 
2
3612 18 14 0
3612 10 22 0
2
42 80 
2
3599 16 16 0
3599 24 28 0
2
43 196 
2
3613 18 14 0
3613 8 18 0
2
42 81 
2
3600 16 16 0
3600 6 6 0
2
43 197 
2
3614 18 14 0
3614 16 22 0
2
42 82 
2
3601 16 16 0
3601 28 22 0
2
43 198 
2
3615 18 14 0
3615 16 18 0
2
42 83 
2
3602 16 16 0
3602 10 4 0
2
43 199 
2
3616 18 14 0
3616 14 28 0
2
42 84 
2
3603 16 16 0
3603 28 24 0
2
43 200 
2
3617 18 14 0
3617 10 18 0
2
42 85 
2
3604 16 16 0
3604 30 20 0
2
43 201 
2
3618 18 14 0
3618 18 20 0
2
42 88 
2
3605 16 16 0
3605 12 4 0
2
43 202 
2
3619 18 14 0
3619 14 14 0
2
42 110 
2
3606 16 16 0
3606 6 20 0
2
43 203 
2
3620 18 14 0
3620 2 14 0
2
42 127 
2
3607 16 16 0
3607 12 18 0
2
43 204 
2
3621 18 14 0
3621 20 20 0
2
42 132 
2
3608 16 16 0
3608 8 16 0
2
43 205 
2
3622 18 14 0
3622 18 10 0
2
42 133 
2
3609 16 16 0
3609 10 12 0
2
43 206 
2
3623 18 14 0
3623 26 24 0
2
40 42 
2
3610 10 16 0
3610 16 16 0
2
41 43 
2
3624 20 12 0
3624 18 14 0
2
42 70 
2
3611 16 16 0
3611 8 2 0
2
43 146 
2
3625 18 14 0
3625 30 12 0
2
42 71 
2
3612 16 16 0
3612 8 28 0
2
43 147 
2
3626 18 14 0
3626 4 8 0
2
42 72 
2
3613 16 16 0
3613 8 30 0
2
43 148 
2
3627 18 14 0
3627 12 30 0
2
42 73 
2
3614 16 16 0
3614 2 22 0
2
43 165 
2
3628 18 14 0
3628 4 20 0
2
42 74 
2
3615 16 16 0
3615 8 26 0
2
43 187 
2
3629 18 14 0
3629 12 28 0
2
42 75 
2
3616 16 16 0
3616 10 30 0
2
43 190 
2
3630 18 14 0
3630 26 16 0
2
42 76 
2
3617 16 16 0
3617 6 24 0
2
43 192 
2
3631 18 14 0
3631 18 26 0
2
42 77 
2
3618 16 16 0
3618 14 32 0
2
43 193 
2
3632 18 14 0
3632 6 16 0
2
42 78 
2
3619 16 16 0
3619 10 28 0
2
43 194 
2
3633 18 14 0
3633 14 22 0
2
42 79 
2
3620 16 16 0
3620 2 20 0
2
43 195 
2
3634 18 14 0
3634 10 22 0
2
42 80 
2
3621 16 16 0
3621 24 28 0
2
43 196 
2
3635 18 14 0
3635 8 18 0
2
42 81 
2
3622 16 16 0
3622 6 6 0
2
43 197 
2
3636 18 14 0
3636 16 22 0
2
42 82 
2
3623 16 16 0
3623 28 22 0
2
43 198 
2
3637 18 14 0
3637 16 18 0
2
42 83 
2
3624 16 16 0
3624 10 4 0
2
43 199 
2
3638 18 14 0
3638 14 28 0
2
42 84 
2
3625 16 16 0
3625 28 24 0
2
43 200 
2
3639 18 14 0
3639 10 18 0
2
42 85 
2
3626 16 16 0
3626 30 20 0
2
43 201 
2
3640 18 14 0
3640 18 20 0
2
42 88 
2
3627 16 16 0
3627 12 4 0
2
43 202 
2
3641 18 14 0
3641 14 14 0
2
42 110 
2
3628 16 16 0
3628 6 20 0
2
43 203 
2
3642 18 14 0
3642 2 14 0
2
42 127 
2
3629 16 16 0
3629 12 18 0
2
43 204 
2
3643 18 14 0
3643 20 20 0
2
42 132 
2
3630 16 16 0
3630 8 16 0
2
43 205 
2
3644 18 14 0
3644 18 10 0
2
42 133 
2
3631 16 16 0
3631 10 12 0
2
43 206 
2
3645 18 14 0
3645 26 24 0
2
20 40 
2
3611 14 16 0
3611 10 16 0
2
21 41 
2
3625 20 14 0
3625 20 12 0
2
18 38 
2
3563 4 18 0
3563 4 16 0
2
19 39 
2
3577 20 8 0
3577 22 8 0
2
16 36 
2
3476 4 24 0
3476 4 22 0
2
17 37 
2
3497 26 4 0
3497 24 4 0
2
34 36 
2
3477 2 24 0
3477 4 22 0
2
35 37 
2
3498 28 2 0
3498 24 4 0
2
244 38 
2
3564 34 34 0
3564 4 16 0
2
36 38 
2
3565 4 22 0
3565 4 16 0
2
245 38 
2
3566 34 32 0
3566 4 16 0
2
16 38 
2
3567 4 24 0
3567 4 16 0
2
244 38 
2
3568 34 34 0
3568 4 16 0
2
36 38 
2
3569 4 22 0
3569 4 16 0
2
245 38 
2
3570 34 32 0
3570 4 16 0
2
244 39 
2
3578 34 34 0
3578 22 8 0
2
37 39 
2
3579 24 4 0
3579 22 8 0
2
245 39 
2
3580 34 32 0
3580 22 8 0
2
17 39 
2
3581 26 4 0
3581 22 8 0
2
246 39 
2
3582 34 30 0
3582 22 8 0
2
37 39 
2
3583 24 4 0
3583 22 8 0
2
247 39 
2
3584 34 28 0
3584 22 8 0
2
244 40 
2
3612 34 34 0
3612 10 16 0
2
38 40 
2
3613 4 16 0
3613 10 16 0
2
245 40 
2
3614 34 32 0
3614 10 16 0
2
18 40 
2
3615 4 18 0
3615 10 16 0
2
244 40 
2
3616 34 34 0
3616 10 16 0
2
38 40 
2
3617 4 16 0
3617 10 16 0
2
245 40 
2
3618 34 32 0
3618 10 16 0
2
244 41 
2
3626 34 34 0
3626 20 12 0
2
39 41 
2
3627 22 8 0
3627 20 12 0
2
245 41 
2
3628 34 32 0
3628 20 12 0
2
19 41 
2
3629 20 8 0
3629 20 12 0
2
244 41 
2
3630 34 34 0
3630 20 12 0
2
39 41 
2
3631 22 8 0
3631 20 12 0
2
246 41 
2
3632 34 30 0
3632 20 12 0
2
245 42 
2
3632 34 32 0
3632 16 16 0
2
40 42 
2
3633 10 16 0
3633 16 16 0
2
244 42 
2
3634 34 34 0
3634 16 16 0
2
20 42 
2
3635 14 16 0
3635 16 16 0
2
245 42 
2
3636 34 32 0
3636 16 16 0
2
40 42 
2
3637 10 16 0
3637 16 16 0
2
244 42 
2
3638 34 34 0
3638 16 16 0
2
245 43 
2
3646 34 32 0
3646 18 14 0
2
41 43 
2
3647 20 12 0
3647 18 14 0
2
247 43 
2
3648 34 28 0
3648 18 14 0
2
21 43 
2
3649 20 14 0
3649 18 14 0
2
245 43 
2
3650 34 32 0
3650 18 14 0
2
41 43 
2
3651 20 12 0
3651 18 14 0
2
247 43 
2
3652 34 28 0
3652 18 14 0
2
42 132 
2
3639 16 16 0
3639 8 16 0
2
43 147 
2
3653 18 14 0
3653 4 8 0
2
42 133 
2
3640 16 16 0
3640 10 12 0
2
43 148 
2
3654 18 14 0
3654 12 30 0
2
42 134 
2
3641 16 16 0
3641 16 30 0
2
43 165 
2
3655 18 14 0
3655 4 20 0
2
43 187 
2
3656 18 14 0
3656 12 28 0
2
43 190 
2
3657 18 14 0
3657 26 16 0
2
43 192 
2
3658 18 14 0
3658 18 26 0
2
43 193 
2
3659 18 14 0
3659 6 16 0
2
43 194 
2
3660 18 14 0
3660 14 22 0
2
43 195 
2
3661 18 14 0
3661 10 22 0
2
43 196 
2
3662 18 14 0
3662 8 18 0
2
43 197 
2
3663 18 14 0
3663 16 22 0
2
43 198 
2
3664 18 14 0
3664 16 18 0
2
43 199 
2
3665 18 14 0
3665 14 28 0
2
43 200 
2
3666 18 14 0
3666 10 18 0
2
43 201 
2
3667 18 14 0
3667 18 20 0
2
43 202 
2
3668 18 14 0
3668 14 14 0
2
43 203 
2
3669 18 14 0
3669 2 14 0
2
43 204 
2
3670 18 14 0
3670 20 20 0
2
43 205 
2
3671 18 14 0
3671 18 10 0
2
43 206 
2
3672 18 14 0
3672 26 24 0
2
43 207 
2
3673 18 14 0
3673 4 10 0
2
40 42 
2
3642 10 16 0
3642 16 16 0
2
41 43 
2
3674 20 12 0
3674 18 14 0
2
42 132 
2
3643 16 16 0
3643 8 16 0
2
43 147 
2
3675 18 14 0
3675 4 8 0
2
42 133 
2
3644 16 16 0
3644 10 12 0
2
43 148 
2
3676 18 14 0
3676 12 30 0
2
42 134 
2
3645 16 16 0
3645 16 30 0
2
43 165 
2
3677 18 14 0
3677 4 20 0
2
43 187 
2
3678 18 14 0
3678 12 28 0
2
43 190 
2
3679 18 14 0
3679 26 16 0
2
43 192 
2
3680 18 14 0
3680 18 26 0
2
43 193 
2
3681 18 14 0
3681 6 16 0
2
43 194 
2
3682 18 14 0
3682 14 22 0
2
43 195 
2
3683 18 14 0
3683 10 22 0
2
43 196 
2
3684 18 14 0
3684 8 18 0
2
43 197 
2
3685 18 14 0
3685 16 22 0
2
43 198 
2
3686 18 14 0
3686 16 18 0
2
43 199 
2
3687 18 14 0
3687 14 28 0
2
43 200 
2
3688 18 14 0
3688 10 18 0
2
43 201 
2
3689 18 14 0
3689 18 20 0
2
43 202 
2
3690 18 14 0
3690 14 14 0
2
43 203 
2
3691 18 14 0
3691 2 14 0
2
43 204 
2
3692 18 14 0
3692 20 20 0
2
43 205 
2
3693 18 14 0
3693 18 10 0
2
43 206 
2
3694 18 14 0
3694 26 24 0
2
43 207 
2
3695 18 14 0
3695 4 10 0
2
20 40 
2
3643 14 16 0
3643 10 16 0
2
21 41 
2
3675 20 14 0
3675 20 12 0
2
38 40 
2
3644 4 16 0
3644 10 16 0
2
39 41 
2
3676 22 8 0
3676 20 12 0
2
244 42 
2
3646 34 34 0
3646 16 16 0
2
40 42 
2
3647 10 16 0
3647 16 16 0
2
246 42 
2
3648 34 30 0
3648 16 16 0
2
20 42 
2
3649 14 16 0
3649 16 16 0
2
244 42 
2
3650 34 34 0
3650 16 16 0
2
40 42 
2
3651 10 16 0
3651 16 16 0
2
246 42 
2
3652 34 30 0
3652 16 16 0
2
244 43 
2
3696 34 34 0
3696 18 14 0
2
41 43 
2
3697 20 12 0
3697 18 14 0
2
246 43 
2
3698 34 30 0
3698 18 14 0
2
21 43 
2
3699 20 14 0
3699 18 14 0
2
244 43 
2
3700 34 34 0
3700 18 14 0
2
41 43 
2
3701 20 12 0
3701 18 14 0
2
246 43 
2
3702 34 30 0
3702 18 14 0
2
42 133 
2
3653 16 16 0
3653 10 12 0
2
43 206 
2
3703 18 14 0
3703 26 24 0
2
42 134 
2
3654 16 16 0
3654 16 30 0
2
43 207 
2
3704 18 14 0
3704 4 10 0
2
42 135 
2
3655 16 16 0
3655 10 26 0
2
43 208 
2
3705 18 14 0
3705 32 16 0
2
43 209 
2
3706 18 14 0
3706 2 18 0
2
43 210 
2
3707 18 14 0
3707 8 24 0
2
43 211 
2
3708 18 14 0
3708 6 18 0
2
43 212 
2
3709 18 14 0
3709 16 24 0
2
43 213 
2
3710 18 14 0
3710 16 32 0
2
43 214 
2
3711 18 14 0
3711 12 20 0
2
43 215 
2
3712 18 14 0
3712 18 16 0
2
43 216 
2
3713 18 14 0
3713 8 20 0
2
43 217 
2
3714 18 14 0
3714 14 26 0
2
43 218 
2
3715 18 14 0
3715 10 24 0
2
43 219 
2
3716 18 14 0
3716 24 24 0
2
43 220 
2
3717 18 14 0
3717 12 24 0
2
43 221 
2
3718 18 14 0
3718 6 22 0
2
43 222 
2
3719 18 14 0
3719 6 14 0
2
43 223 
2
3720 18 14 0
3720 14 12 0
2
43 224 
2
3721 18 14 0
3721 24 12 0
2
43 225 
2
3722 18 14 0
3722 20 18 0
2
43 226 
2
3723 18 14 0
3723 18 32 0
2
40 42 
2
3656 10 16 0
3656 16 16 0
2
41 43 
2
3724 20 12 0
3724 18 14 0
2
42 133 
2
3657 16 16 0
3657 10 12 0
2
43 206 
2
3725 18 14 0
3725 26 24 0
2
42 134 
2
3658 16 16 0
3658 16 30 0
2
43 207 
2
3726 18 14 0
3726 4 10 0
2
42 135 
2
3659 16 16 0
3659 10 26 0
2
43 208 
2
3727 18 14 0
3727 32 16 0
2
43 209 
2
3728 18 14 0
3728 2 18 0
2
43 210 
2
3729 18 14 0
3729 8 24 0
2
43 211 
2
3730 18 14 0
3730 6 18 0
2
43 212 
2
3731 18 14 0
3731 16 24 0
2
43 213 
2
3732 18 14 0
3732 16 32 0
2
43 214 
2
3733 18 14 0
3733 12 20 0
2
43 215 
2
3734 18 14 0
3734 18 16 0
2
43 216 
2
3735 18 14 0
3735 8 20 0
2
43 217 
2
3736 18 14 0
3736 14 26 0
2
43 218 
2
3737 18 14 0
3737 10 24 0
2
43 219 
2
3738 18 14 0
3738 24 24 0
2
43 220 
2
3739 18 14 0
3739 12 24 0
2
43 221 
2
3740 18 14 0
3740 6 22 0
2
43 222 
2
3741 18 14 0
3741 6 14 0
2
43 223 
2
3742 18 14 0
3742 14 12 0
2
43 224 
2
3743 18 14 0
3743 24 12 0
2
43 225 
2
3744 18 14 0
3744 20 18 0
2
43 226 
2
3745 18 14 0
3745 18 32 0
2
20 40 
2
3657 14 16 0
3657 10 16 0
2
21 41 
2
3725 20 14 0
3725 20 12 0
2
18 38 
2
3645 4 18 0
3645 4 16 0
2
19 39 
2
3677 20 8 0
3677 22 8 0
2
36 38 
2
3646 4 22 0
3646 4 16 0
2
37 39 
2
3678 24 4 0
3678 22 8 0
2
244 40 
2
3658 34 34 0
3658 10 16 0
2
38 40 
2
3659 4 16 0
3659 10 16 0
2
245 40 
2
3660 34 32 0
3660 10 16 0
2
18 40 
2
3661 4 18 0
3661 10 16 0
2
244 40 
2
3662 34 34 0
3662 10 16 0
2
38 40 
2
3663 4 16 0
3663 10 16 0
2
245 40 
2
3664 34 32 0
3664 10 16 0
2
244 41 
2
3726 34 34 0
3726 20 12 0
2
39 41 
2
3727 22 8 0
3727 20 12 0
2
245 41 
2
3728 34 32 0
3728 20 12 0
2
19 41 
2
3729 20 8 0
3729 20 12 0
2
244 41 
2
3730 34 34 0
3730 20 12 0
2
39 41 
2
3731 22 8 0
3731 20 12 0
2
245 41 
2
3732 34 32 0
3732 20 12 0
2
246 42 
2
3660 34 30 0
3660 16 16 0
2
40 42 
2
3665 10 16 0
3665 16 16 0
2
244 42 
2
3666 34 34 0
3666 16 16 0
2
20 42 
2
3667 14 16 0
3667 16 16 0
2
245 42 
2
3668 34 32 0
3668 16 16 0
2
40 42 
2
3669 10 16 0
3669 16 16 0
2
244 42 
2
3670 34 34 0
3670 16 16 0
2
246 43 
2
3746 34 30 0
3746 18 14 0
2
41 43 
2
3747 20 12 0
3747 18 14 0
2
247 43 
2
3748 34 28 0
3748 18 14 0
2
21 43 
2
3749 20 14 0
3749 18 14 0
2
246 43 
2
3750 34 30 0
3750 18 14 0
2
41 43 
2
3751 20 12 0
3751 18 14 0
2
244 43 
2
3752 34 34 0
3752 18 14 0
2
42 132 
2
3671 16 16 0
3671 8 16 0
2
43 207 
2
3753 18 14 0
3753 4 10 0
2
42 133 
2
3672 16 16 0
3672 10 12 0
2
43 208 
2
3754 18 14 0
3754 32 16 0
2
42 134 
2
3673 16 16 0
3673 16 30 0
2
43 209 
2
3755 18 14 0
3755 2 18 0
2
42 135 
2
3674 16 16 0
3674 10 26 0
2
43 210 
2
3756 18 14 0
3756 8 24 0
2
42 136 
2
3675 16 16 0
3675 16 26 0
2
43 211 
2
3757 18 14 0
3757 6 18 0
2
42 137 
2
3676 16 16 0
3676 16 28 0
2
43 212 
2
3758 18 14 0
3758 16 24 0
2
42 138 
2
3677 16 16 0
3677 10 20 0
2
43 213 
2
3759 18 14 0
3759 16 32 0
2
42 139 
2
3678 16 16 0
3678 12 26 0
2
43 214 
2
3760 18 14 0
3760 12 20 0
2
42 140 
2
3679 16 16 0
3679 14 18 0
2
43 215 
2
3761 18 14 0
3761 18 16 0
2
42 141 
2
3680 16 16 0
3680 14 20 0
2
43 216 
2
3762 18 14 0
3762 8 20 0
2
42 142 
2
3681 16 16 0
3681 8 12 0
2
43 217 
2
3763 18 14 0
3763 14 26 0
2
42 143 
2
3682 16 16 0
3682 22 24 0
2
43 218 
2
3764 18 14 0
3764 10 24 0
2
42 144 
2
3683 16 16 0
3683 24 18 0
2
43 219 
2
3765 18 14 0
3765 24 24 0
2
42 145 
2
3684 16 16 0
3684 22 10 0
2
43 220 
2
3766 18 14 0
3766 12 24 0
2
42 146 
2
3685 16 16 0
3685 30 12 0
2
43 221 
2
3767 18 14 0
3767 6 22 0
2
42 147 
2
3686 16 16 0
3686 4 8 0
2
43 222 
2
3768 18 14 0
3768 6 14 0
2
42 148 
2
3687 16 16 0
3687 12 30 0
2
43 223 
2
3769 18 14 0
3769 14 12 0
2
42 165 
2
3688 16 16 0
3688 4 20 0
2
43 224 
2
3770 18 14 0
3770 24 12 0
2
42 187 
2
3689 16 16 0
3689 12 28 0
2
43 225 
2
3771 18 14 0
3771 20 18 0
2
42 190 
2
3690 16 16 0
3690 26 16 0
2
43 226 
2
3772 18 14 0
3772 18 32 0
2
42 192 
2
3691 16 16 0
3691 18 26 0
2
43 227 
2
3773 18 14 0
3773 2 12 0
2
40 42 
2
3692 10 16 0
3692 16 16 0
2
41 43 
2
3774 20 12 0
3774 18 14 0
2
42 132 
2
3693 16 16 0
3693 8 16 0
2
43 207 
2
3775 18 14 0
3775 4 10 0
2
42 133 
2
3694 16 16 0
3694 10 12 0
2
43 208 
2
3776 18 14 0
3776 32 16 0
2
42 134 
2
3695 16 16 0
3695 16 30 0
2
43 209 
2
3777 18 14 0
3777 2 18 0
2
42 135 
2
3696 16 16 0
3696 10 26 0
2
43 210 
2
3778 18 14 0
3778 8 24 0
2
42 136 
2
3697 16 16 0
3697 16 26 0
2
43 211 
2
3779 18 14 0
3779 6 18 0
2
42 137 
2
3698 16 16 0
3698 16 28 0
2
43 212 
2
3780 18 14 0
3780 16 24 0
2
42 138 
2
3699 16 16 0
3699 10 20 0
2
43 213 
2
3781 18 14 0
3781 16 32 0
2
42 139 
2
3700 16 16 0
3700 12 26 0
2
43 214 
2
3782 18 14 0
3782 12 20 0
2
42 140 
2
3701 16 16 0
3701 14 18 0
2
43 215 
2
3783 18 14 0
3783 18 16 0
2
42 141 
2
3702 16 16 0
3702 14 20 0
2
43 216 
2
3784 18 14 0
3784 8 20 0
2
42 142 
2
3703 16 16 0
3703 8 12 0
2
43 217 
2
3785 18 14 0
3785 14 26 0
2
42 143 
2
3704 16 16 0
3704 22 24 0
2
43 218 
2
3786 18 14 0
3786 10 24 0
2
42 144 
2
3705 16 16 0
3705 24 18 0
2
43 219 
2
3787 18 14 0
3787 24 24 0
2
42 145 
2
3706 16 16 0
3706 22 10 0
2
43 220 
2
3788 18 14 0
3788 12 24 0
2
42 146 
2
3707 16 16 0
3707 30 12 0
2
43 221 
2
3789 18 14 0
3789 6 22 0
2
42 147 
2
3708 16 16 0
3708 4 8 0
2
43 222 
2
3790 18 14 0
3790 6 14 0
2
42 148 
2
3709 16 16 0
3709 12 30 0
2
43 223 
2
3791 18 14 0
3791 14 12 0
2
42 165 
2
3710 16 16 0
3710 4 20 0
2
43 224 
2
3792 18 14 0
3792 24 12 0
2
42 187 
2
3711 16 16 0
3711 12 28 0
2
43 225 
2
3793 18 14 0
3793 20 18 0
2
42 190 
2
3712 16 16 0
3712 26 16 0
2
43 226 
2
3794 18 14 0
3794 18 32 0
2
42 192 
2
3713 16 16 0
3713 18 26 0
2
43 227 
2
3795 18 14 0
3795 2 12 0
2
20 40 
2
3693 14 16 0
3693 10 16 0
2
21 41 
2
3775 20 14 0
3775 20 12 0
2
38 40 
2
3694 4 16 0
3694 10 16 0
2
39 41 
2
3776 22 8 0
3776 20 12 0
2
244 42 
2
3714 34 34 0
3714 16 16 0
2
40 42 
2
3715 10 16 0
3715 16 16 0
2
245 42 
2
3716 34 32 0
3716 16 16 0
2
20 42 
2
3717 14 16 0
3717 16 16 0
2
244 42 
2
3718 34 34 0
3718 16 16 0
2
40 42 
2
3719 10 16 0
3719 16 16 0
2
245 42 
2
3720 34 32 0
3720 16 16 0
2
246 43 
2
3796 34 30 0
3796 18 14 0
2
41 43 
2
3797 20 12 0
3797 18 14 0
2
247 43 
2
3798 34 28 0
3798 18 14 0
2
21 43 
2
3799 20 14 0
3799 18 14 0
2
246 43 
2
3800 34 30 0
3800 18 14 0
2
41 43 
2
3801 20 12 0
3801 18 14 0
2
247 43 
2
3802 34 28 0
3802 18 14 0
2
42 133 
2
3721 16 16 0
3721 10 12 0
2
43 226 
2
3803 18 14 0
3803 18 32 0
2
42 134 
2
3722 16 16 0
3722 16 30 0
2
43 227 
2
3804 18 14 0
3804 2 12 0
2
42 135 
2
3723 16 16 0
3723 10 26 0
2
43 228 
2
3805 18 14 0
3805 12 2 0
2
42 136 
2
3724 16 16 0
3724 16 26 0
2
43 229 
2
3806 18 14 0
3806 2 16 0
2
42 137 
2
3725 16 16 0
3725 16 28 0
2
43 230 
2
3807 18 14 0
3807 10 8 0
2
42 138 
2
3726 16 16 0
3726 10 20 0
2
43 231 
2
3808 18 14 0
3808 14 30 0
2
42 139 
2
3727 16 16 0
3727 12 26 0
2
43 232 
2
3809 18 14 0
3809 26 22 0
2
42 140 
2
3728 16 16 0
3728 14 18 0
2
43 233 
2
3810 18 14 0
3810 8 22 0
2
42 141 
2
3729 16 16 0
3729 14 20 0
2
43 234 
2
3811 18 14 0
3811 12 22 0
2
42 142 
2
3730 16 16 0
3730 8 12 0
2
43 235 
2
3812 18 14 0
3812 14 24 0
2
42 143 
2
3731 16 16 0
3731 22 24 0
2
43 236 
2
3813 18 14 0
3813 8 10 0
2
42 144 
2
3732 16 16 0
3732 24 18 0
2
43 237 
2
3814 18 14 0
3814 20 28 0
2
42 145 
2
3733 16 16 0
3733 22 10 0
2
43 238 
2
3815 18 14 0
3815 14 10 0
2
42 146 
2
3734 16 16 0
3734 30 12 0
2
43 239 
2
3816 18 14 0
3816 16 20 0
2
42 147 
2
3735 16 16 0
3735 4 8 0
2
43 50 
2
3817 18 14 0
3817 4 12 0
2
42 148 
2
3736 16 16 0
3736 12 30 0
2
43 45 
2
3818 18 14 0
3818 16 2 0
2
42 165 
2
3737 16 16 0
3737 4 20 0
2
43 47 
2
3819 18 14 0
3819 26 12 0
2
42 187 
2
3738 16 16 0
3738 12 28 0
2
43 49 
2
3820 18 14 0
3820 32 14 0
2
42 190 
2
3739 16 16 0
3739 26 16 0
2
43 52 
2
3821 18 14 0
3821 18 4 0
2
42 192 
2
3740 16 16 0
3740 18 26 0
2
43 53 
2
3822 18 14 0
3822 18 8 0
2
42 193 
2
3741 16 16 0
3741 6 16 0
2
43 54 
2
3823 18 14 0
3823 24 6 0
2
40 42 
2
3742 10 16 0
3742 16 16 0
2
41 43 
2
3824 20 12 0
3824 18 14 0
2
42 133 
2
3743 16 16 0
3743 10 12 0
2
43 226 
2
3825 18 14 0
3825 18 32 0
2
42 134 
2
3744 16 16 0
3744 16 30 0
2
43 227 
2
3826 18 14 0
3826 2 12 0
2
42 135 
2
3745 16 16 0
3745 10 26 0
2
43 228 
2
3827 18 14 0
3827 12 2 0
2
42 136 
2
3746 16 16 0
3746 16 26 0
2
43 229 
2
3828 18 14 0
3828 2 16 0
2
42 137 
2
3747 16 16 0
3747 16 28 0
2
43 230 
2
3829 18 14 0
3829 10 8 0
2
42 138 
2
3748 16 16 0
3748 10 20 0
2
43 231 
2
3830 18 14 0
3830 14 30 0
2
42 139 
2
3749 16 16 0
3749 12 26 0
2
43 232 
2
3831 18 14 0
3831 26 22 0
2
42 140 
2
3750 16 16 0
3750 14 18 0
2
43 233 
2
3832 18 14 0
3832 8 22 0
2
42 141 
2
3751 16 16 0
3751 14 20 0
2
43 234 
2
3833 18 14 0
3833 12 22 0
2
42 142 
2
3752 16 16 0
3752 8 12 0
2
43 235 
2
3834 18 14 0
3834 14 24 0
2
42 143 
2
3753 16 16 0
3753 22 24 0
2
43 236 
2
3835 18 14 0
3835 8 10 0
2
42 144 
2
3754 16 16 0
3754 24 18 0
2
43 237 
2
3836 18 14 0
3836 20 28 0
2
42 145 
2
3755 16 16 0
3755 22 10 0
2
43 238 
2
3837 18 14 0
3837 14 10 0
2
42 146 
2
3756 16 16 0
3756 30 12 0
2
43 239 
2
3838 18 14 0
3838 16 20 0
2
42 147 
2
3757 16 16 0
3757 4 8 0
2
43 50 
2
3839 18 14 0
3839 4 12 0
2
42 148 
2
3758 16 16 0
3758 12 30 0
2
43 45 
2
3840 18 14 0
3840 16 2 0
2
42 165 
2
3759 16 16 0
3759 4 20 0
2
43 47 
2
3841 18 14 0
3841 26 12 0
2
42 187 
2
3760 16 16 0
3760 12 28 0
2
43 49 
2
3842 18 14 0
3842 32 14 0
2
42 190 
2
3761 16 16 0
3761 26 16 0
2
43 52 
2
3843 18 14 0
3843 18 4 0
2
42 192 
2
3762 16 16 0
3762 18 26 0
2
43 53 
2
3844 18 14 0
3844 18 8 0
2
42 193 
2
3763 16 16 0
3763 6 16 0
2
43 54 
2
3845 18 14 0
3845 24 6 0
2
20 40 
2
3743 14 16 0
3743 10 16 0
2
21 41 
2
3825 20 14 0
3825 20 12 0
2
18 38 
2
3695 4 18 0
3695 4 16 0
2
19 39 
2
3777 20 8 0
3777 22 8 0
2
16 36 
2
3647 4 24 0
3647 4 22 0
2
17 37 
2
3679 26 4 0
3679 24 4 0
2
14 34 
2
3478 4 26 0
3478 2 24 0
2
15 35 
2
3499 26 2 0
3499 28 2 0
2
32 34 
2
3479 2 28 0
3479 2 24 0
2
33 35 
2
3500 32 2 0
3500 28 2 0
2
248 36 
2
3648 34 26 0
3648 4 22 0
2
34 36 
2
3649 2 24 0
3649 4 22 0
2
249 36 
2
3650 34 24 0
3650 4 22 0
2
14 36 
2
3651 4 26 0
3651 4 22 0
2
248 36 
2
3652 34 26 0
3652 4 22 0
2
34 36 
2
3653 2 24 0
3653 4 22 0
2
244 36 
2
3654 34 34 0
3654 4 22 0
2
244 37 
2
3680 34 34 0
3680 24 4 0
2
35 37 
2
3681 28 2 0
3681 24 4 0
2
245 37 
2
3682 34 32 0
3682 24 4 0
2
15 37 
2
3683 26 2 0
3683 24 4 0
2
244 37 
2
3684 34 34 0
3684 24 4 0
2
35 37 
2
3685 28 2 0
3685 24 4 0
2
245 37 
2
3686 34 32 0
3686 24 4 0
2
245 38 
2
3696 34 32 0
3696 4 16 0
2
36 38 
2
3697 4 22 0
3697 4 16 0
2
247 38 
2
3698 34 28 0
3698 4 16 0
2
16 38 
2
3699 4 24 0
3699 4 16 0
2
245 38 
2
3700 34 32 0
3700 4 16 0
2
36 38 
2
3701 4 22 0
3701 4 16 0
2
247 38 
2
3702 34 28 0
3702 4 16 0
2
245 39 
2
3778 34 32 0
3778 22 8 0
2
37 39 
2
3779 24 4 0
3779 22 8 0
2
247 39 
2
3780 34 28 0
3780 22 8 0
2
17 39 
2
3781 26 4 0
3781 22 8 0
2
245 39 
2
3782 34 32 0
3782 22 8 0
2
37 39 
2
3783 24 4 0
3783 22 8 0
2
247 39 
2
3784 34 28 0
3784 22 8 0
2
244 40 
2
3744 34 34 0
3744 10 16 0
2
38 40 
2
3745 4 16 0
3745 10 16 0
2
245 40 
2
3746 34 32 0
3746 10 16 0
2
18 40 
2
3747 4 18 0
3747 10 16 0
2
244 40 
2
3748 34 34 0
3748 10 16 0
2
38 40 
2
3749 4 16 0
3749 10 16 0
2
245 40 
2
3750 34 32 0
3750 10 16 0
2
244 41 
2
3826 34 34 0
3826 20 12 0
2
39 41 
2
3827 22 8 0
3827 20 12 0
2
246 41 
2
3828 34 30 0
3828 20 12 0
2
19 41 
2
3829 20 8 0
3829 20 12 0
2
247 41 
2
3830 34 28 0
3830 20 12 0
2
39 41 
2
3831 22 8 0
3831 20 12 0
2
246 41 
2
3832 34 30 0
3832 20 12 0
2
244 42 
2
3764 34 34 0
3764 16 16 0
2
40 42 
2
3765 10 16 0
3765 16 16 0
2
245 42 
2
3766 34 32 0
3766 16 16 0
2
20 42 
2
3767 14 16 0
3767 16 16 0
2
244 42 
2
3768 34 34 0
3768 16 16 0
2
40 42 
2
3769 10 16 0
3769 16 16 0
2
245 42 
2
3770 34 32 0
3770 16 16 0
2
245 43 
2
3846 34 32 0
3846 18 14 0
2
41 43 
2
3847 20 12 0
3847 18 14 0
2
247 43 
2
3848 34 28 0
3848 18 14 0
2
21 43 
2
3849 20 14 0
3849 18 14 0
2
245 43 
2
3850 34 32 0
3850 18 14 0
2
41 43 
2
3851 20 12 0
3851 18 14 0
2
247 43 
2
3852 34 28 0
3852 18 14 0
2
42 192 
2
3771 16 16 0
3771 18 26 0
2
43 227 
2
3853 18 14 0
3853 2 12 0
2
42 193 
2
3772 16 16 0
3772 6 16 0
2
43 228 
2
3854 18 14 0
3854 12 2 0
2
42 194 
2
3773 16 16 0
3773 14 22 0
2
43 229 
2
3855 18 14 0
3855 2 16 0
2
43 230 
2
3856 18 14 0
3856 10 8 0
2
43 231 
2
3857 18 14 0
3857 14 30 0
2
43 232 
2
3858 18 14 0
3858 26 22 0
2
43 233 
2
3859 18 14 0
3859 8 22 0
2
43 234 
2
3860 18 14 0
3860 12 22 0
2
43 235 
2
3861 18 14 0
3861 14 24 0
2
43 236 
2
3862 18 14 0
3862 8 10 0
2
43 237 
2
3863 18 14 0
3863 20 28 0
2
43 238 
2
3864 18 14 0
3864 14 10 0
2
43 239 
2
3865 18 14 0
3865 16 20 0
2
43 50 
2
3866 18 14 0
3866 4 12 0
2
43 45 
2
3867 18 14 0
3867 16 2 0
2
43 47 
2
3868 18 14 0
3868 26 12 0
2
43 49 
2
3869 18 14 0
3869 32 14 0
2
43 52 
2
3870 18 14 0
3870 18 4 0
2
43 53 
2
3871 18 14 0
3871 18 8 0
2
43 54 
2
3872 18 14 0
3872 24 6 0
2
43 55 
2
3873 18 14 0
3873 24 2 0
2
40 42 
2
3774 10 16 0
3774 16 16 0
2
41 43 
2
3874 20 12 0
3874 18 14 0
2
42 192 
2
3775 16 16 0
3775 18 26 0
2
43 227 
2
3875 18 14 0
3875 2 12 0
2
42 193 
2
3776 16 16 0
3776 6 16 0
2
43 228 
2
3876 18 14 0
3876 12 2 0
2
42 194 
2
3777 16 16 0
3777 14 22 0
2
43 229 
2
3877 18 14 0
3877 2 16 0
2
43 230 
2
3878 18 14 0
3878 10 8 0
2
43 231 
2
3879 18 14 0
3879 14 30 0
2
43 232 
2
3880 18 14 0
3880 26 22 0
2
43 233 
2
3881 18 14 0
3881 8 22 0
2
43 234 
2
3882 18 14 0
3882 12 22 0
2
43 235 
2
3883 18 14 0
3883 14 24 0
2
43 236 
2
3884 18 14 0
3884 8 10 0
2
43 237 
2
3885 18 14 0
3885 20 28 0
2
43 238 
2
3886 18 14 0
3886 14 10 0
2
43 239 
2
3887 18 14 0
3887 16 20 0
2
43 50 
2
3888 18 14 0
3888 4 12 0
2
43 45 
2
3889 18 14 0
3889 16 2 0
2
43 47 
2
3890 18 14 0
3890 26 12 0
2
43 49 
2
3891 18 14 0
3891 32 14 0
2
43 52 
2
3892 18 14 0
3892 18 4 0
2
43 53 
2
3893 18 14 0
3893 18 8 0
2
43 54 
2
3894 18 14 0
3894 24 6 0
2
43 55 
2
3895 18 14 0
3895 24 2 0
2
20 40 
2
3775 14 16 0
3775 10 16 0
2
21 41 
2
3875 20 14 0
3875 20 12 0
2
38 40 
2
3776 4 16 0
3776 10 16 0
2
39 41 
2
3876 22 8 0
3876 20 12 0
2
244 42 
2
3778 34 34 0
3778 16 16 0
2
40 42 
2
3779 10 16 0
3779 16 16 0
2
246 42 
2
3780 34 30 0
3780 16 16 0
2
20 42 
2
3781 14 16 0
3781 16 16 0
2
244 42 
2
3782 34 34 0
3782 16 16 0
2
40 42 
2
3783 10 16 0
3783 16 16 0
2
246 42 
2
3784 34 30 0
3784 16 16 0
2
245 43 
2
3896 34 32 0
3896 18 14 0
2
41 43 
2
3897 20 12 0
3897 18 14 0
2
247 43 
2
3898 34 28 0
3898 18 14 0
2
21 43 
2
3899 20 14 0
3899 18 14 0
2
245 43 
2
3900 34 32 0
3900 18 14 0
2
41 43 
2
3901 20 12 0
3901 18 14 0
2
247 43 
2
3902 34 28 0
3902 18 14 0
2
42 193 
2
3785 16 16 0
3785 6 16 0
2
43 54 
2
3903 18 14 0
3903 24 6 0
2
42 194 
2
3786 16 16 0
3786 14 22 0
2
43 55 
2
3904 18 14 0
3904 24 2 0
2
42 195 
2
3787 16 16 0
3787 10 22 0
2
43 56 
2
3905 18 14 0
3905 32 18 0
2
43 57 
2
3906 18 14 0
3906 22 28 0
2
43 58 
2
3907 18 14 0
3907 10 10 0
2
43 59 
2
3908 18 14 0
3908 28 16 0
2
43 60 
2
3909 18 14 0
3909 16 8 0
2
43 61 
2
3910 18 14 0
3910 18 30 0
2
43 62 
2
3911 18 14 0
3911 20 24 0
2
43 63 
2
3912 18 14 0
3912 16 12 0
2
43 64 
2
3913 18 14 0
3913 16 6 0
2
43 65 
2
3914 18 14 0
3914 10 6 0
2
43 66 
2
3915 18 14 0
3915 18 22 0
2
43 67 
2
3916 18 14 0
3916 18 28 0
2
43 68 
2
3917 18 14 0
3917 18 12 0
2
43 86 
2
3918 18 14 0
3918 6 10 0
2
43 87 
2
3919 18 14 0
3919 22 14 0
2
43 89 
2
3920 18 14 0
3920 24 14 0
2
43 90 
2
3921 18 14 0
3921 20 10 0
2
43 91 
2
3922 18 14 0
3922 28 8 0
2
43 92 
2
3923 18 14 0
3923 32 12 0
2
40 42 
2
3788 10 16 0
3788 16 16 0
2
41 43 
2
3924 20 12 0
3924 18 14 0
2
42 193 
2
3789 16 16 0
3789 6 16 0
2
43 54 
2
3925 18 14 0
3925 24 6 0
2
42 194 
2
3790 16 16 0
3790 14 22 0
2
43 55 
2
3926 18 14 0
3926 24 2 0
2
42 195 
2
3791 16 16 0
3791 10 22 0
2
43 56 
2
3927 18 14 0
3927 32 18 0
2
43 57 
2
3928 18 14 0
3928 22 28 0
2
43 58 
2
3929 18 14 0
3929 10 10 0
2
43 59 
2
3930 18 14 0
3930 28 16 0
2
43 60 
2
3931 18 14 0
3931 16 8 0
2
43 61 
2
3932 18 14 0
3932 18 30 0
2
43 62 
2
3933 18 14 0
3933 20 24 0
2
43 63 
2
3934 18 14 0
3934 16 12 0
2
43 64 
2
3935 18 14 0
3935 16 6 0
2
43 65 
2
3936 18 14 0
3936 10 6 0
2
43 66 
2
3937 18 14 0
3937 18 22 0
2
43 67 
2
3938 18 14 0
3938 18 28 0
2
43 68 
2
3939 18 14 0
3939 18 12 0
2
43 86 
2
3940 18 14 0
3940 6 10 0
2
43 87 
2
3941 18 14 0
3941 22 14 0
2
43 89 
2
3942 18 14 0
3942 24 14 0
2
43 90 
2
3943 18 14 0
3943 20 10 0
2
43 91 
2
3944 18 14 0
3944 28 8 0
2
43 92 
2
3945 18 14 0
3945 32 12 0
2
20 40 
2
3789 14 16 0
3789 10 16 0
2
21 41 
2
3925 20 14 0
3925 20 12 0
2
18 38 
2
3777 4 18 0
3777 4 16 0
2
19 39 
2
3877 20 8 0
3877 22 8 0
2
36 38 
2
3778 4 22 0
3778 4 16 0
2
37 39 
2
3878 24 4 0
3878 22 8 0
2
244 40 
2
3790 34 34 0
3790 10 16 0
2
38 40 
2
3791 4 16 0
3791 10 16 0
2
245 40 
2
3792 34 32 0
3792 10 16 0
2
18 40 
2
3793 4 18 0
3793 10 16 0
2
244 40 
2
3794 34 34 0
3794 10 16 0
2
38 40 
2
3795 4 16 0
3795 10 16 0
2
245 40 
2
3796 34 32 0
3796 10 16 0
2
247 41 
2
3926 34 28 0
3926 20 12 0
2
39 41 
2
3927 22 8 0
3927 20 12 0
2
246 41 
2
3928 34 30 0
3928 20 12 0
2
19 41 
2
3929 20 8 0
3929 20 12 0
2
247 41 
2
3930 34 28 0
3930 20 12 0
2
39 41 
2
3931 22 8 0
3931 20 12 0
2
246 41 
2
3932 34 30 0
3932 20 12 0
2
246 42 
2
3792 34 30 0
3792 16 16 0
2
40 42 
2
3797 10 16 0
3797 16 16 0
2
244 42 
2
3798 34 34 0
3798 16 16 0
2
20 42 
2
3799 14 16 0
3799 16 16 0
2
245 42 
2
3800 34 32 0
3800 16 16 0
2
40 42 
2
3801 10 16 0
3801 16 16 0
2
244 42 
2
3802 34 34 0
3802 16 16 0
2
244 43 
2
3946 34 34 0
3946 18 14 0
2
41 43 
2
3947 20 12 0
3947 18 14 0
2
245 43 
2
3948 34 32 0
3948 18 14 0
2
21 43 
2
3949 20 14 0
3949 18 14 0
2
244 43 
2
3950 34 34 0
3950 18 14 0
2
41 43 
2
3951 20 12 0
3951 18 14 0
2
245 43 
2
3952 34 32 0
3952 18 14 0
2
42 192 
2
3803 16 16 0
3803 18 26 0
2
43 55 
2
3953 18 14 0
3953 24 2 0
2
42 193 
2
3804 16 16 0
3804 6 16 0
2
43 56 
2
3954 18 14 0
3954 32 18 0
2
42 194 
2
3805 16 16 0
3805 14 22 0
2
43 57 
2
3955 18 14 0
3955 22 28 0
2
42 195 
2
3806 16 16 0
3806 10 22 0
2
43 58 
2
3956 18 14 0
3956 10 10 0
2
42 196 
2
3807 16 16 0
3807 8 18 0
2
43 59 
2
3957 18 14 0
3957 28 16 0
2
42 197 
2
3808 16 16 0
3808 16 22 0
2
43 60 
2
3958 18 14 0
3958 16 8 0
2
42 198 
2
3809 16 16 0
3809 16 18 0
2
43 61 
2
3959 18 14 0
3959 18 30 0
2
42 199 
2
3810 16 16 0
3810 14 28 0
2
43 62 
2
3960 18 14 0
3960 20 24 0
2
42 200 
2
3811 16 16 0
3811 10 18 0
2
43 63 
2
3961 18 14 0
3961 16 12 0
2
42 201 
2
3812 16 16 0
3812 18 20 0
2
43 64 
2
3962 18 14 0
3962 16 6 0
2
42 202 
2
3813 16 16 0
3813 14 14 0
2
43 65 
2
3963 18 14 0
3963 10 6 0
2
42 203 
2
3814 16 16 0
3814 2 14 0
2
43 66 
2
3964 18 14 0
3964 18 22 0
2
42 204 
2
3815 16 16 0
3815 20 20 0
2
43 67 
2
3965 18 14 0
3965 18 28 0
2
42 205 
2
3816 16 16 0
3816 18 10 0
2
43 68 
2
3966 18 14 0
3966 18 12 0
2
42 206 
2
3817 16 16 0
3817 26 24 0
2
43 86 
2
3967 18 14 0
3967 6 10 0
2
42 207 
2
3818 16 16 0
3818 4 10 0
2
43 87 
2
3968 18 14 0
3968 22 14 0
2
42 208 
2
3819 16 16 0
3819 32 16 0
2
43 89 
2
3969 18 14 0
3969 24 14 0
2
42 209 
2
3820 16 16 0
3820 2 18 0
2
43 90 
2
3970 18 14 0
3970 20 10 0
2
42 210 
2
3821 16 16 0
3821 8 24 0
2
43 91 
2
3971 18 14 0
3971 28 8 0
2
42 211 
2
3822 16 16 0
3822 6 18 0
2
43 92 
2
3972 18 14 0
3972 32 12 0
2
42 212 
2
3823 16 16 0
3823 16 24 0
2
43 93 
2
3973 18 14 0
3973 20 2 0
2
40 42 
2
3824 10 16 0
3824 16 16 0
2
41 43 
2
3974 20 12 0
3974 18 14 0
2
42 192 
2
3825 16 16 0
3825 18 26 0
2
43 55 
2
3975 18 14 0
3975 24 2 0
2
42 193 
2
3826 16 16 0
3826 6 16 0
2
43 56 
2
3976 18 14 0
3976 32 18 0
2
42 194 
2
3827 16 16 0
3827 14 22 0
2
43 57 
2
3977 18 14 0
3977 22 28 0
2
42 195 
2
3828 16 16 0
3828 10 22 0
2
43 58 
2
3978 18 14 0
3978 10 10 0
2
42 196 
2
3829 16 16 0
3829 8 18 0
2
43 59 
2
3979 18 14 0
3979 28 16 0
2
42 197 
2
3830 16 16 0
3830 16 22 0
2
43 60 
2
3980 18 14 0
3980 16 8 0
2
42 198 
2
3831 16 16 0
3831 16 18 0
2
43 61 
2
3981 18 14 0
3981 18 30 0
2
42 199 
2
3832 16 16 0
3832 14 28 0
2
43 62 
2
3982 18 14 0
3982 20 24 0
2
42 200 
2
3833 16 16 0
3833 10 18 0
2
43 63 
2
3983 18 14 0
3983 16 12 0
2
42 201 
2
3834 16 16 0
3834 18 20 0
2
43 64 
2
3984 18 14 0
3984 16 6 0
2
42 202 
2
3835 16 16 0
3835 14 14 0
2
43 65 
2
3985 18 14 0
3985 10 6 0
2
42 203 
2
3836 16 16 0
3836 2 14 0
2
43 66 
2
3986 18 14 0
3986 18 22 0
2
42 204 
2
3837 16 16 0
3837 20 20 0
2
43 67 
2
3987 18 14 0
3987 18 28 0
2
42 205 
2
3838 16 16 0
3838 18 10 0
2
43 68 
2
3988 18 14 0
3988 18 12 0
2
42 206 
2
3839 16 16 0
3839 26 24 0
2
43 86 
2
3989 18 14 0
3989 6 10 0
2
42 207 
2
3840 16 16 0
3840 4 10 0
2
43 87 
2
3990 18 14 0
3990 22 14 0
2
42 208 
2
3841 16 16 0
3841 32 16 0
2
43 89 
2
3991 18 14 0
3991 24 14 0
2
42 209 
2
3842 16 16 0
3842 2 18 0
2
43 90 
2
3992 18 14 0
3992 20 10 0
2
42 210 
2
3843 16 16 0
3843 8 24 0
2
43 91 
2
3993 18 14 0
3993 28 8 0
2
42 211 
2
3844 16 16 0
3844 6 18 0
2
43 92 
2
3994 18 14 0
3994 32 12 0
2
42 212 
2
3845 16 16 0
3845 16 24 0
2
43 93 
2
3995 18 14 0
3995 20 2 0
2
20 40 
2
3825 14 16 0
3825 10 16 0
2
21 41 
2
3975 20 14 0
3975 20 12 0
2
38 40 
2
3826 4 16 0
3826 10 16 0
2
39 41 
2
3976 22 8 0
3976 20 12 0
2
244 42 
2
3846 34 34 0
3846 16 16 0
2
40 42 
2
3847 10 16 0
3847 16 16 0
2
246 42 
2
3848 34 30 0
3848 16 16 0
2
20 42 
2
3849 14 16 0
3849 16 16 0
2
244 42 
2
3850 34 34 0
3850 16 16 0
2
40 42 
2
3851 10 16 0
3851 16 16 0
2
246 42 
2
3852 34 30 0
3852 16 16 0
2
244 43 
2
3996 34 34 0
3996 18 14 0
2
41 43 
2
3997 20 12 0
3997 18 14 0
2
245 43 
2
3998 34 32 0
3998 18 14 0
2
21 43 
2
3999 20 14 0
3999 18 14 0
2
244 43 
2
4000 34 34 0
4000 18 14 0
2
41 43 
2
4001 20 12 0
4001 18 14 0
2
245 43 
2
4002 34 32 0
4002 18 14 0
2
42 193 
2
3853 16 16 0
3853 6 16 0
2
43 92 
2
4003 18 14 0
4003 32 12 0
2
42 194 
2
3854 16 16 0
3854 14 22 0
2
43 93 
2
4004 18 14 0
4004 20 2 0
2
42 195 
2
3855 16 16 0
3855 10 22 0
2
43 94 
2
4005 18 14 0
4005 8 6 0
2
42 196 
2
3856 16 16 0
3856 8 18 0
2
43 95 
2
4006 18 14 0
4006 6 12 0
2
42 197 
2
3857 16 16 0
3857 16 22 0
2
43 96 
2
4007 18 14 0
4007 16 4 0
2
42 198 
2
3858 16 16 0
3858 16 18 0
2
43 97 
2
4008 18 14 0
4008 12 14 0
2
42 199 
2
3859 16 16 0
3859 14 28 0
2
43 98 
2
4009 18 14 0
4009 22 16 0
2
42 200 
2
3860 16 16 0
3860 10 18 0
2
43 99 
2
4010 18 14 0
4010 18 24 0
2
42 201 
2
3861 16 16 0
3861 18 20 0
2
43 100 
2
4011 18 14 0
4011 12 10 0
2
42 202 
2
3862 16 16 0
3862 14 14 0
2
43 101 
2
4012 18 14 0
4012 18 18 0
2
42 203 
2
3863 16 16 0
3863 2 14 0
2
43 102 
2
4013 18 14 0
4013 14 8 0
2
42 204 
2
3864 16 16 0
3864 20 20 0
2
43 103 
2
4014 18 14 0
4014 14 6 0
2
42 205 
2
3865 16 16 0
3865 18 10 0
2
43 104 
2
4015 18 14 0
4015 22 26 0
2
42 206 
2
3866 16 16 0
3866 26 24 0
2
43 105 
2
4016 18 14 0
4016 20 16 0
2
42 207 
2
3867 16 16 0
3867 4 10 0
2
43 106 
2
4017 18 14 0
4017 24 20 0
2
42 208 
2
3868 16 16 0
3868 32 16 0
2
43 107 
2
4018 18 14 0
4018 30 16 0
2
42 209 
2
3869 16 16 0
3869 2 18 0
2
43 108 
2
4019 18 14 0
4019 28 10 0
2
42 210 
2
3870 16 16 0
3870 8 24 0
2
43 109 
2
4020 18 14 0
4020 26 10 0
2
42 211 
2
3871 16 16 0
3871 6 18 0
2
43 111 
2
4021 18 14 0
4021 18 6 0
2
42 212 
2
3872 16 16 0
3872 16 24 0
2
43 112 
2
4022 18 14 0
4022 30 14 0
2
42 213 
2
3873 16 16 0
3873 16 32 0
2
43 113 
2
4023 18 14 0
4023 22 4 0
2
40 42 
2
3874 10 16 0
3874 16 16 0
2
41 43 
2
4024 20 12 0
4024 18 14 0
2
42 193 
2
3875 16 16 0
3875 6 16 0
2
43 92 
2
4025 18 14 0
4025 32 12 0
2
42 194 
2
3876 16 16 0
3876 14 22 0
2
43 93 
2
4026 18 14 0
4026 20 2 0
2
42 195 
2
3877 16 16 0
3877 10 22 0
2
43 94 
2
4027 18 14 0
4027 8 6 0
2
42 196 
2
3878 16 16 0
3878 8 18 0
2
43 95 
2
4028 18 14 0
4028 6 12 0
2
42 197 
2
3879 16 16 0
3879 16 22 0
2
43 96 
2
4029 18 14 0
4029 16 4 0
2
42 198 
2
3880 16 16 0
3880 16 18 0
2
43 97 
2
4030 18 14 0
4030 12 14 0
2
42 199 
2
3881 16 16 0
3881 14 28 0
2
43 98 
2
4031 18 14 0
4031 22 16 0
2
42 200 
2
3882 16 16 0
3882 10 18 0
2
43 99 
2
4032 18 14 0
4032 18 24 0
2
42 201 
2
3883 16 16 0
3883 18 20 0
2
43 100 
2
4033 18 14 0
4033 12 10 0
2
42 202 
2
3884 16 16 0
3884 14 14 0
2
43 101 
2
4034 18 14 0
4034 18 18 0
2
42 203 
2
3885 16 16 0
3885 2 14 0
2
43 102 
2
4035 18 14 0
4035 14 8 0
2
42 204 
2
3886 16 16 0
3886 20 20 0
2
43 103 
2
4036 18 14 0
4036 14 6 0
2
42 205 
2
3887 16 16 0
3887 18 10 0
2
43 104 
2
4037 18 14 0
4037 22 26 0
2
42 206 
2
3888 16 16 0
3888 26 24 0
2
43 105 
2
4038 18 14 0
4038 20 16 0
2
42 207 
2
3889 16 16 0
3889 4 10 0
2
43 106 
2
4039 18 14 0
4039 24 20 0
2
42 208 
2
3890 16 16 0
3890 32 16 0
2
43 107 
2
4040 18 14 0
4040 30 16 0
2
42 209 
2
3891 16 16 0
3891 2 18 0
2
43 108 
2
4041 18 14 0
4041 28 10 0
2
42 210 
2
3892 16 16 0
3892 8 24 0
2
43 109 
2
4042 18 14 0
4042 26 10 0
2
42 211 
2
3893 16 16 0
3893 6 18 0
2
43 111 
2
4043 18 14 0
4043 18 6 0
2
42 212 
2
3894 16 16 0
3894 16 24 0
2
43 112 
2
4044 18 14 0
4044 30 14 0
2
42 213 
2
3895 16 16 0
3895 16 32 0
2
43 113 
2
4045 18 14 0
4045 22 4 0
2
20 40 
2
3875 14 16 0
3875 10 16 0
2
21 41 
2
4025 20 14 0
4025 20 12 0
2
18 38 
2
3827 4 18 0
3827 4 16 0
2
19 39 
2
3977 20 8 0
3977 22 8 0
2
16 36 
2
3779 4 24 0
3779 4 22 0
2
17 37 
2
3879 26 4 0
3879 24 4 0
2
34 36 
2
3780 2 24 0
3780 4 22 0
2
35 37 
2
3880 28 2 0
3880 24 4 0
2
245 38 
2
3828 34 32 0
3828 4 16 0
2
36 38 
2
3829 4 22 0
3829 4 16 0
2
244 38 
2
3830 34 34 0
3830 4 16 0
2
16 38 
2
3831 4 24 0
3831 4 16 0
2
245 38 
2
3832 34 32 0
3832 4 16 0
2
36 38 
2
3833 4 22 0
3833 4 16 0
2
244 38 
2
3834 34 34 0
3834 4 16 0
2
245 39 
2
3978 34 32 0
3978 22 8 0
2
37 39 
2
3979 24 4 0
3979 22 8 0
2
247 39 
2
3980 34 28 0
3980 22 8 0
2
17 39 
2
3981 26 4 0
3981 22 8 0
2
245 39 
2
3982 34 32 0
3982 22 8 0
2
37 39 
2
3983 24 4 0
3983 22 8 0
2
247 39 
2
3984 34 28 0
3984 22 8 0
2
244 40 
2
3876 34 34 0
3876 10 16 0
2
38 40 
2
3877 4 16 0
3877 10 16 0
2
245 40 
2
3878 34 32 0
3878 10 16 0
2
18 40 
2
3879 4 18 0
3879 10 16 0
2
244 40 
2
3880 34 34 0
3880 10 16 0
2
38 40 
2
3881 4 16 0
3881 10 16 0
2
245 40 
2
3882 34 32 0
3882 10 16 0
2
244 41 
2
4026 34 34 0
4026 20 12 0
2
39 41 
2
4027 22 8 0
4027 20 12 0
2
246 41 
2
4028 34 30 0
4028 20 12 0
2
19 41 
2
4029 20 8 0
4029 20 12 0
2
247 41 
2
4030 34 28 0
4030 20 12 0
2
39 41 
2
4031 22 8 0
4031 20 12 0
2
246 41 
2
4032 34 30 0
4032 20 12 0
2
244 42 
2
3896 34 34 0
3896 16 16 0
2
40 42 
2
3897 10 16 0
3897 16 16 0
2
246 42 
2
3898 34 30 0
3898 16 16 0
2
20 42 
2
3899 14 16 0
3899 16 16 0
2
244 42 
2
3900 34 34 0
3900 16 16 0
2
40 42 
2
3901 10 16 0
3901 16 16 0
2
246 42 
2
3902 34 30 0
3902 16 16 0
2
246 43 
2
4046 34 30 0
4046 18 14 0
2
41 43 
2
4047 20 12 0
4047 18 14 0
2
247 43 
2
4048 34 28 0
4048 18 14 0
2
21 43 
2
4049 20 14 0
4049 18 14 0
2
244 43 
2
4050 34 34 0
4050 18 14 0
2
41 43 
2
4051 20 12 0
4051 18 14 0
2
245 43 
2
4052 34 32 0
4052 18 14 0
2
42 212 
2
3903 16 16 0
3903 16 24 0
2
43 93 
2
4053 18 14 0
4053 20 2 0
2
42 213 
2
3904 16 16 0
3904 16 32 0
2
43 94 
2
4054 18 14 0
4054 8 6 0
2
42 214 
2
3905 16 16 0
3905 12 20 0
2
43 95 
2
4055 18 14 0
4055 6 12 0
2
43 96 
2
4056 18 14 0
4056 16 4 0
2
43 97 
2
4057 18 14 0
4057 12 14 0
2
43 98 
2
4058 18 14 0
4058 22 16 0
2
43 99 
2
4059 18 14 0
4059 18 24 0
2
43 100 
2
4060 18 14 0
4060 12 10 0
2
43 101 
2
4061 18 14 0
4061 18 18 0
2
43 102 
2
4062 18 14 0
4062 14 8 0
2
43 103 
2
4063 18 14 0
4063 14 6 0
2
43 104 
2
4064 18 14 0
4064 22 26 0
2
43 105 
2
4065 18 14 0
4065 20 16 0
2
43 106 
2
4066 18 14 0
4066 24 20 0
2
43 107 
2
4067 18 14 0
4067 30 16 0
2
43 108 
2
4068 18 14 0
4068 28 10 0
2
43 109 
2
4069 18 14 0
4069 26 10 0
2
43 111 
2
4070 18 14 0
4070 18 6 0
2
43 112 
2
4071 18 14 0
4071 30 14 0
2
43 113 
2
4072 18 14 0
4072 22 4 0
2
43 114 
2
4073 18 14 0
4073 30 10 0
2
40 42 
2
3906 10 16 0
3906 16 16 0
2
41 43 
2
4074 20 12 0
4074 18 14 0
2
42 212 
2
3907 16 16 0
3907 16 24 0
2
43 93 
2
4075 18 14 0
4075 20 2 0
2
42 213 
2
3908 16 16 0
3908 16 32 0
2
43 94 
2
4076 18 14 0
4076 8 6 0
2
42 214 
2
3909 16 16 0
3909 12 20 0
2
43 95 
2
4077 18 14 0
4077 6 12 0
2
43 96 
2
4078 18 14 0
4078 16 4 0
2
43 97 
2
4079 18 14 0
4079 12 14 0
2
43 98 
2
4080 18 14 0
4080 22 16 0
2
43 99 
2
4081 18 14 0
4081 18 24 0
2
43 100 
2
4082 18 14 0
4082 12 10 0
2
43 101 
2
4083 18 14 0
4083 18 18 0
2
43 102 
2
4084 18 14 0
4084 14 8 0
2
43 103 
2
4085 18 14 0
4085 14 6 0
2
43 104 
2
4086 18 14 0
4086 22 26 0
2
43 105 
2
4087 18 14 0
4087 20 16 0
2
43 106 
2
4088 18 14 0
4088 24 20 0
2
43 107 
2
4089 18 14 0
4089 30 16 0
2
43 108 
2
4090 18 14 0
4090 28 10 0
2
43 109 
2
4091 18 14 0
4091 26 10 0
2
43 111 
2
4092 18 14 0
4092 18 6 0
2
43 112 
2
4093 18 14 0
4093 30 14 0
2
43 113 
2
4094 18 14 0
4094 22 4 0
2
43 114 
2
4095 18 14 0
4095 30 10 0
2
20 40 
2
3907 14 16 0
3907 10 16 0
2
21 41 
2
4075 20 14 0
4075 20 12 0
2
38 40 
2
3908 4 16 0
3908 10 16 0
2
39 41 
2
4076 22 8 0
4076 20 12 0
2
244 42 
2
3910 34 34 0
3910 16 16 0
2
40 42 
2
3911 10 16 0
3911 16 16 0
2
245 42 
2
3912 34 32 0
3912 16 16 0
2
20 42 
2
3913 14 16 0
3913 16 16 0
2
244 42 
2
3914 34 34 0
3914 16 16 0
2
40 42 
2
3915 10 16 0
3915 16 16 0
2
245 42 
2
3916 34 32 0
3916 16 16 0
2
246 43 
2
4096 34 30 0
4096 18 14 0
2
41 43 
2
4097 20 12 0
4097 18 14 0
2
247 43 
2
4098 34 28 0
4098 18 14 0
2
21 43 
2
4099 20 14 0
4099 18 14 0
2
244 43 
2
4100 34 34 0
4100 18 14 0
2
41 43 
2
4101 20 12 0
4101 18 14 0
2
245 43 
2
4102 34 32 0
4102 18 14 0
2
42 213 
2
3917 16 16 0
3917 16 32 0
2
43 113 
2
4103 18 14 0
4103 22 4 0
2
42 214 
2
3918 16 16 0
3918 12 20 0
2
43 114 
2
4104 18 14 0
4104 30 10 0
2
42 215 
2
3919 16 16 0
3919 18 16 0
2
43 115 
2
4105 18 14 0
4105 2 10 0
2
43 116 
2
4106 18 14 0
4106 8 8 0
2
43 117 
2
4107 18 14 0
4107 12 8 0
2
43 118 
2
4108 18 14 0
4108 12 12 0
2
43 119 
2
4109 18 14 0
4109 22 18 0
2
43 120 
2
4110 18 14 0
4110 28 20 0
2
43 121 
2
4111 18 14 0
4111 8 14 0
2
43 122 
2
4112 18 14 0
4112 12 6 0
2
43 123 
2
4113 18 14 0
4113 22 20 0
2
43 124 
2
4114 18 14 0
4114 20 26 0
2
43 125 
2
4115 18 14 0
4115 12 16 0
2
43 126 
2
4116 18 14 0
4116 16 10 0
2
43 128 
2
4117 18 14 0
4117 16 14 0
2
43 129 
2
4118 18 14 0
4118 28 12 0
2
43 130 
2
4119 18 14 0
4119 22 6 0
2
43 131 
2
4120 18 14 0
4120 28 14 0
2
43 149 
2
4121 18 14 0
4121 20 6 0
2
43 150 
2
4122 18 14 0
4122 24 8 0
2
43 151 
2
4123 18 14 0
4123 22 2 0
2
40 42 
2
3920 10 16 0
3920 16 16 0
2
41 43 
2
4124 20 12 0
4124 18 14 0
2
42 213 
2
3921 16 16 0
3921 16 32 0
2
43 113 
2
4125 18 14 0
4125 22 4 0
2
42 214 
2
3922 16 16 0
3922 12 20 0
2
43 114 
2
4126 18 14 0
4126 30 10 0
2
42 215 
2
3923 16 16 0
3923 18 16 0
2
43 115 
2
4127 18 14 0
4127 2 10 0
2
43 116 
2
4128 18 14 0
4128 8 8 0
2
43 117 
2
4129 18 14 0
4129 12 8 0
2
43 118 
2
4130 18 14 0
4130 12 12 0
2
43 119 
2
4131 18 14 0
4131 22 18 0
2
43 120 
2
4132 18 14 0
4132 28 20 0
2
43 121 
2
4133 18 14 0
4133 8 14 0
2
43 122 
2
4134 18 14 0
4134 12 6 0
2
43 123 
2
4135 18 14 0
4135 22 20 0
2
43 124 
2
4136 18 14 0
4136 20 26 0
2
43 125 
2
4137 18 14 0
4137 12 16 0
2
43 126 
2
4138 18 14 0
4138 16 10 0
2
43 128 
2
4139 18 14 0
4139 16 14 0
2
43 129 
2
4140 18 14 0
4140 28 12 0
2
43 130 
2
4141 18 14 0
4141 22 6 0
2
43 131 
2
4142 18 14 0
4142 28 14 0
2
43 149 
2
4143 18 14 0
4143 20 6 0
2
43 150 
2
4144 18 14 0
4144 24 8 0
2
43 151 
2
4145 18 14 0
4145 22 2 0
2
20 40 
2
3921 14 16 0
3921 10 16 0
2
21 41 
2
4125 20 14 0
4125 20 12 0
2
18 38 
2
3909 4 18 0
3909 4 16 0
2
19 39 
2
4077 20 8 0
4077 22 8 0
2
36 38 
2
3910 4 22 0
3910 4 16 0
2
37 39 
2
4078 24 4 0
4078 22 8 0
2
244 40 
2
3922 34 34 0
3922 10 16 0
2
38 40 
2
3923 4 16 0
3923 10 16 0
2
245 40 
2
3924 34 32 0
3924 10 16 0
2
18 40 
2
3925 4 18 0
3925 10 16 0
2
244 40 
2
3926 34 34 0
3926 10 16 0
2
38 40 
2
3927 4 16 0
3927 10 16 0
2
245 40 
2
3928 34 32 0
3928 10 16 0
2
244 41 
2
4126 34 34 0
4126 20 12 0
2
39 41 
2
4127 22 8 0
4127 20 12 0
2
245 41 
2
4128 34 32 0
4128 20 12 0
2
19 41 
2
4129 20 8 0
4129 20 12 0
2
244 41 
2
4130 34 34 0
4130 20 12 0
2
39 41 
2
4131 22 8 0
4131 20 12 0
2
245 41 
2
4132 34 32 0
4132 20 12 0
2
246 42 
2
3924 34 30 0
3924 16 16 0
2
40 42 
2
3929 10 16 0
3929 16 16 0
2
244 42 
2
3930 34 34 0
3930 16 16 0
2
20 42 
2
3931 14 16 0
3931 16 16 0
2
245 42 
2
3932 34 32 0
3932 16 16 0
2
40 42 
2
3933 10 16 0
3933 16 16 0
2
244 42 
2
3934 34 34 0
3934 16 16 0
2
246 43 
2
4146 34 30 0
4146 18 14 0
2
41 43 
2
4147 20 12 0
4147 18 14 0
2
244 43 
2
4148 34 34 0
4148 18 14 0
2
21 43 
2
4149 20 14 0
4149 18 14 0
2
245 43 
2
4150 34 32 0
4150 18 14 0
2
41 43 
2
4151 20 12 0
4151 18 14 0
2
244 43 
2
4152 34 34 0
4152 18 14 0
2
42 212 
2
3935 16 16 0
3935 16 24 0
2
43 114 
2
4153 18 14 0
4153 30 10 0
2
42 213 
2
3936 16 16 0
3936 16 32 0
2
43 115 
2
4154 18 14 0
4154 2 10 0
2
42 214 
2
3937 16 16 0
3937 12 20 0
2
43 116 
2
4155 18 14 0
4155 8 8 0
2
42 215 
2
3938 16 16 0
3938 18 16 0
2
43 117 
2
4156 18 14 0
4156 12 8 0
2
42 216 
2
3939 16 16 0
3939 8 20 0
2
43 118 
2
4157 18 14 0
4157 12 12 0
2
42 217 
2
3940 16 16 0
3940 14 26 0
2
43 119 
2
4158 18 14 0
4158 22 18 0
2
42 218 
2
3941 16 16 0
3941 10 24 0
2
43 120 
2
4159 18 14 0
4159 28 20 0
2
42 219 
2
3942 16 16 0
3942 24 24 0
2
43 121 
2
4160 18 14 0
4160 8 14 0
2
42 220 
2
3943 16 16 0
3943 12 24 0
2
43 122 
2
4161 18 14 0
4161 12 6 0
2
42 221 
2
3944 16 16 0
3944 6 22 0
2
43 123 
2
4162 18 14 0
4162 22 20 0
2
42 222 
2
3945 16 16 0
3945 6 14 0
2
43 124 
2
4163 18 14 0
4163 20 26 0
2
42 223 
2
3946 16 16 0
3946 14 12 0
2
43 125 
2
4164 18 14 0
4164 12 16 0
2
42 224 
2
3947 16 16 0
3947 24 12 0
2
43 126 
2
4165 18 14 0
4165 16 10 0
2
42 225 
2
3948 16 16 0
3948 20 18 0
2
43 128 
2
4166 18 14 0
4166 16 14 0
2
42 226 
2
3949 16 16 0
3949 18 32 0
2
43 129 
2
4167 18 14 0
4167 28 12 0
2
42 227 
2
3950 16 16 0
3950 2 12 0
2
43 130 
2
4168 18 14 0
4168 22 6 0
2
42 228 
2
3951 16 16 0
3951 12 2 0
2
43 131 
2
4169 18 14 0
4169 28 14 0
2
42 229 
2
3952 16 16 0
3952 2 16 0
2
43 149 
2
4170 18 14 0
4170 20 6 0
2
42 230 
2
3953 16 16 0
3953 10 8 0
2
43 150 
2
4171 18 14 0
4171 24 8 0
2
42 231 
2
3954 16 16 0
3954 14 30 0
2
43 151 
2
4172 18 14 0
4172 22 2 0
2
42 232 
2
3955 16 16 0
3955 26 22 0
2
43 152 
2
4173 18 14 0
4173 22 30 0
2
40 42 
2
3956 10 16 0
3956 16 16 0
2
41 43 
2
4174 20 12 0
4174 18 14 0
2
42 212 
2
3957 16 16 0
3957 16 24 0
2
43 114 
2
4175 18 14 0
4175 30 10 0
2
42 213 
2
3958 16 16 0
3958 16 32 0
2
43 115 
2
4176 18 14 0
4176 2 10 0
2
42 214 
2
3959 16 16 0
3959 12 20 0
2
43 116 
2
4177 18 14 0
4177 8 8 0
2
42 215 
2
3960 16 16 0
3960 18 16 0
2
43 117 
2
4178 18 14 0
4178 12 8 0
2
42 216 
2
3961 16 16 0
3961 8 20 0
2
43 118 
2
4179 18 14 0
4179 12 12 0
2
42 217 
2
3962 16 16 0
3962 14 26 0
2
43 119 
2
4180 18 14 0
4180 22 18 0
2
42 218 
2
3963 16 16 0
3963 10 24 0
2
43 120 
2
4181 18 14 0
4181 28 20 0
2
42 219 
2
3964 16 16 0
3964 24 24 0
2
43 121 
2
4182 18 14 0
4182 8 14 0
2
42 220 
2
3965 16 16 0
3965 12 24 0
2
43 122 
2
4183 18 14 0
4183 12 6 0
2
42 221 
2
3966 16 16 0
3966 6 22 0
2
43 123 
2
4184 18 14 0
4184 22 20 0
2
42 222 
2
3967 16 16 0
3967 6 14 0
2
43 124 
2
4185 18 14 0
4185 20 26 0
2
42 223 
2
3968 16 16 0
3968 14 12 0
2
43 125 
2
4186 18 14 0
4186 12 16 0
2
42 224 
2
3969 16 16 0
3969 24 12 0
2
43 126 
2
4187 18 14 0
4187 16 10 0
2
42 225 
2
3970 16 16 0
3970 20 18 0
2
43 128 
2
4188 18 14 0
4188 16 14 0
2
42 226 
2
3971 16 16 0
3971 18 32 0
2
43 129 
2
4189 18 14 0
4189 28 12 0
2
42 227 
2
3972 16 16 0
3972 2 12 0
2
43 130 
2
4190 18 14 0
4190 22 6 0
2
42 228 
2
3973 16 16 0
3973 12 2 0
2
43 131 
2
4191 18 14 0
4191 28 14 0
2
42 229 
2
3974 16 16 0
3974 2 16 0
2
43 149 
2
4192 18 14 0
4192 20 6 0
2
42 230 
2
3975 16 16 0
3975 10 8 0
2
43 150 
2
4193 18 14 0
4193 24 8 0
2
42 231 
2
3976 16 16 0
3976 14 30 0
2
43 151 
2
4194 18 14 0
4194 22 2 0
2
42 232 
2
3977 16 16 0
3977 26 22 0
2
43 152 
2
4195 18 14 0
4195 22 30 0
2
20 40 
2
3957 14 16 0
3957 10 16 0
2
21 41 
2
4175 20 14 0
4175 20 12 0
2
38 40 
2
3958 4 16 0
3958 10 16 0
2
39 41 
2
4176 22 8 0
4176 20 12 0
2
244 42 
2
3978 34 34 0
3978 16 16 0
2
40 42 
2
3979 10 16 0
3979 16 16 0
2
246 42 
2
3980 34 30 0
3980 16 16 0
2
20 42 
2
3981 14 16 0
3981 16 16 0
2
244 42 
2
3982 34 34 0
3982 16 16 0
2
40 42 
2
3983 10 16 0
3983 16 16 0
2
246 42 
2
3984 34 30 0
3984 16 16 0
2
246 43 
2
4196 34 30 0
4196 18 14 0
2
41 43 
2
4197 20 12 0
4197 18 14 0
2
247 43 
2
4198 34 28 0
4198 18 14 0
2
21 43 
2
4199 20 14 0
4199 18 14 0
2
245 43 
2
4200 34 32 0
4200 18 14 0
2
41 43 
2
4201 20 12 0
4201 18 14 0
2
244 43 
2
4202 34 34 0
4202 18 14 0
2
42 213 
2
3985 16 16 0
3985 16 32 0
2
43 151 
2
4203 18 14 0
4203 22 2 0
2
42 214 
2
3986 16 16 0
3986 12 20 0
2
43 152 
2
4204 18 14 0
4204 22 30 0
2
42 215 
2
3987 16 16 0
3987 18 16 0
2
43 153 
2
4205 18 14 0
4205 24 26 0
2
42 216 
2
3988 16 16 0
3988 8 20 0
2
43 154 
2
4206 18 14 0
4206 28 18 0
2
42 217 
2
3989 16 16 0
3989 14 26 0
2
43 155 
2
4207 18 14 0
4207 22 22 0
2
42 218 
2
3990 16 16 0
3990 10 24 0
2
43 156 
2
4208 18 14 0
4208 26 18 0
2
42 219 
2
3991 16 16 0
3991 24 24 0
2
43 157 
2
4209 18 14 0
4209 24 16 0
2
42 220 
2
3992 16 16 0
3992 12 24 0
2
43 158 
2
4210 18 14 0
4210 4 14 0
2
42 221 
2
3993 16 16 0
3993 6 22 0
2
43 159 
2
4211 18 14 0
4211 14 4 0
2
42 222 
2
3994 16 16 0
3994 6 14 0
2
43 160 
2
4212 18 14 0
4212 10 14 0
2
42 223 
2
3995 16 16 0
3995 14 12 0
2
43 161 
2
4213 18 14 0
4213 14 2 0
2
42 224 
2
3996 16 16 0
3996 24 12 0
2
43 162 
2
4214 18 14 0
4214 30 18 0
2
42 225 
2
3997 16 16 0
3997 20 18 0
2
43 163 
2
4215 18 14 0
4215 24 22 0
2
42 226 
2
3998 16 16 0
3998 18 32 0
2
43 164 
2
4216 18 14 0
4216 26 20 0
2
42 227 
2
3999 16 16 0
3999 2 12 0
2
43 166 
2
4217 18 14 0
4217 20 22 0
2
42 228 
2
4000 16 16 0
4000 12 2 0
2
43 167 
2
4218 18 14 0
4218 22 12 0
2
42 229 
2
4001 16 16 0
4001 2 16 0
2
43 168 
2
4219 18 14 0
4219 24 10 0
2
42 230 
2
4002 16 16 0
4002 10 8 0
2
43 169 
2
4220 18 14 0
4220 18 2 0
2
42 231 
2
4003 16 16 0
4003 14 30 0
2
43 170 
2
4221 18 14 0
4221 26 14 0
2
42 232 
2
4004 16 16 0
4004 26 22 0
2
43 171 
2
4222 18 14 0
4222 20 4 0
2
42 233 
2
4005 16 16 0
4005 8 22 0
2
43 172 
2
4223 18 14 0
4223 26 8 0
2
40 42 
2
4006 10 16 0
4006 16 16 0
2
41 43 
2
4224 20 12 0
4224 18 14 0
2
42 213 
2
4007 16 16 0
4007 16 32 0
2
43 151 
2
4225 18 14 0
4225 22 2 0
2
42 214 
2
4008 16 16 0
4008 12 20 0
2
43 152 
2
4226 18 14 0
4226 22 30 0
2
42 215 
2
4009 16 16 0
4009 18 16 0
2
43 153 
2
4227 18 14 0
4227 24 26 0
2
42 216 
2
4010 16 16 0
4010 8 20 0
2
43 154 
2
4228 18 14 0
4228 28 18 0
2
42 217 
2
4011 16 16 0
4011 14 26 0
2
43 155 
2
4229 18 14 0
4229 22 22 0
2
42 218 
2
4012 16 16 0
4012 10 24 0
2
43 156 
2
4230 18 14 0
4230 26 18 0
2
42 219 
2
4013 16 16 0
4013 24 24 0
2
43 157 
2
4231 18 14 0
4231 24 16 0
2
42 220 
2
4014 16 16 0
4014 12 24 0
2
43 158 
2
4232 18 14 0
4232 4 14 0
2
42 221 
2
4015 16 16 0
4015 6 22 0
2
43 159 
2
4233 18 14 0
4233 14 4 0
2
42 222 
2
4016 16 16 0
4016 6 14 0
2
43 160 
2
4234 18 14 0
4234 10 14 0
2
42 223 
2
4017 16 16 0
4017 14 12 0
2
43 161 
2
4235 18 14 0
4235 14 2 0
2
42 224 
2
4018 16 16 0
4018 24 12 0
2
43 162 
2
4236 18 14 0
4236 30 18 0
2
42 225 
2
4019 16 16 0
4019 20 18 0
2
43 163 
2
4237 18 14 0
4237 24 22 0
2
42 226 
2
4020 16 16 0
4020 18 32 0
2
43 164 
2
4238 18 14 0
4238 26 20 0
2
42 227 
2
4021 16 16 0
4021 2 12 0
2
43 166 
2
4239 18 14 0
4239 20 22 0
2
42 228 
2
4022 16 16 0
4022 12 2 0
2
43 167 
2
4240 18 14 0
4240 22 12 0
2
42 229 
2
4023 16 16 0
4023 2 16 0
2
43 168 
2
4241 18 14 0
4241 24 10 0
2
42 230 
2
4024 16 16 0
4024 10 8 0
2
43 169 
2
4242 18 14 0
4242 18 2 0
2
42 231 
2
4025 16 16 0
4025 14 30 0
2
43 170 
2
4243 18 14 0
4243 26 14 0
2
42 232 
2
4026 16 16 0
4026 26 22 0
2
43 171 
2
4244 18 14 0
4244 20 4 0
2
42 233 
2
4027 16 16 0
4027 8 22 0
2
43 172 
2
4245 18 14 0
4245 26 8 0
2
20 40 
2
4007 14 16 0
4007 10 16 0
2
21 41 
2
4225 20 14 0
4225 20 12 0
2
18 38 
2
3959 4 18 0
3959 4 16 0
2
19 39 
2
4177 20 8 0
4177 22 8 0
2
16 36 
2
3911 4 24 0
3911 4 22 0
2
17 37 
2
4079 26 4 0
4079 24 4 0
2
14 34 
2
3781 4 26 0
3781 2 24 0
2
15 35 
2
3881 26 2 0
3881 28 2 0
2
12 32 
2
3480 2 26 0
3480 2 28 0
2
13 33 
2
3501 30 2 0
3501 32 2 0
2
30 32 
2
3481 4 28 0
3481 2 28 0
2
31 33 
2
3502 32 6 0
3502 32 2 0
2
248 34 
2
3782 34 26 0
3782 2 24 0
2
32 34 
2
3783 2 28 0
3783 2 24 0
2
249 34 
2
3784 34 24 0
3784 2 24 0
2
12 34 
2
3785 2 26 0
3785 2 24 0
2
244 34 
2
3786 34 34 0
3786 2 24 0
2
32 34 
2
3787 2 28 0
3787 2 24 0
2
245 34 
2
3788 34 32 0
3788 2 24 0
2
246 35 
2
3882 34 30 0
3882 28 2 0
2
33 35 
2
3883 32 2 0
3883 28 2 0
2
244 35 
2
3884 34 34 0
3884 28 2 0
2
13 35 
2
3885 30 2 0
3885 28 2 0
2
245 35 
2
3886 34 32 0
3886 28 2 0
2
33 35 
2
3887 32 2 0
3887 28 2 0
2
244 35 
2
3888 34 34 0
3888 28 2 0
2
246 36 
2
3912 34 30 0
3912 4 22 0
2
34 36 
2
3913 2 24 0
3913 4 22 0
2
247 36 
2
3914 34 28 0
3914 4 22 0
2
14 36 
2
3915 4 26 0
3915 4 22 0
2
246 36 
2
3916 34 30 0
3916 4 22 0
2
34 36 
2
3917 2 24 0
3917 4 22 0
2
244 36 
2
3918 34 34 0
3918 4 22 0
2
244 37 
2
4080 34 34 0
4080 24 4 0
2
35 37 
2
4081 28 2 0
4081 24 4 0
2
245 37 
2
4082 34 32 0
4082 24 4 0
2
15 37 
2
4083 26 2 0
4083 24 4 0
2
244 37 
2
4084 34 34 0
4084 24 4 0
2
35 37 
2
4085 28 2 0
4085 24 4 0
2
245 37 
2
4086 34 32 0
4086 24 4 0
2
244 38 
2
3960 34 34 0
3960 4 16 0
2
36 38 
2
3961 4 22 0
3961 4 16 0
2
245 38 
2
3962 34 32 0
3962 4 16 0
2
16 38 
2
3963 4 24 0
3963 4 16 0
2
244 38 
2
3964 34 34 0
3964 4 16 0
2
36 38 
2
3965 4 22 0
3965 4 16 0
2
245 38 
2
3966 34 32 0
3966 4 16 0
2
248 39 
2
4178 34 26 0
4178 22 8 0
2
37 39 
2
4179 24 4 0
4179 22 8 0
2
249 39 
2
4180 34 24 0
4180 22 8 0
2
17 39 
2
4181 26 4 0
4181 22 8 0
2
247 39 
2
4182 34 28 0
4182 22 8 0
2
37 39 
2
4183 24 4 0
4183 22 8 0
2
245 39 
2
4184 34 32 0
4184 22 8 0
2
244 40 
2
4008 34 34 0
4008 10 16 0
2
38 40 
2
4009 4 16 0
4009 10 16 0
2
245 40 
2
4010 34 32 0
4010 10 16 0
2
18 40 
2
4011 4 18 0
4011 10 16 0
2
244 40 
2
4012 34 34 0
4012 10 16 0
2
38 40 
2
4013 4 16 0
4013 10 16 0
2
245 40 
2
4014 34 32 0
4014 10 16 0
2
246 41 
2
4226 34 30 0
4226 20 12 0
2
39 41 
2
4227 22 8 0
4227 20 12 0
2
247 41 
2
4228 34 28 0
4228 20 12 0
2
19 41 
2
4229 20 8 0
4229 20 12 0
2
246 41 
2
4230 34 30 0
4230 20 12 0
2
39 41 
2
4231 22 8 0
4231 20 12 0
2
244 41 
2
4232 34 34 0
4232 20 12 0
2
245 42 
2
4028 34 32 0
4028 16 16 0
2
40 42 
2
4029 10 16 0
4029 16 16 0
2
244 42 
2
4030 34 34 0
4030 16 16 0
2
20 42 
2
4031 14 16 0
4031 16 16 0
2
245 42 
2
4032 34 32 0
4032 16 16 0
2
40 42 
2
4033 10 16 0
4033 16 16 0
2
244 42 
2
4034 34 34 0
4034 16 16 0
2
246 43 
2
4246 34 30 0
4246 18 14 0
2
41 43 
2
4247 20 12 0
4247 18 14 0
2
247 43 
2
4248 34 28 0
4248 18 14 0
2
21 43 
2
4249 20 14 0
4249 18 14 0
2
244 43 
2
4250 34 34 0
4250 18 14 0
2
41 43 
2
4251 20 12 0
4251 18 14 0
2
245 43 
2
4252 34 32 0
4252 18 14 0
2
42 232 
2
4035 16 16 0
4035 26 22 0
2
43 152 
2
4253 18 14 0
4253 22 30 0
2
42 233 
2
4036 16 16 0
4036 8 22 0
2
43 153 
2
4254 18 14 0
4254 24 26 0
2
42 234 
2
4037 16 16 0
4037 12 22 0
2
43 154 
2
4255 18 14 0
4255 28 18 0
2
43 155 
2
4256 18 14 0
4256 22 22 0
2
43 156 
2
4257 18 14 0
4257 26 18 0
2
43 157 
2
4258 18 14 0
4258 24 16 0
2
43 158 
2
4259 18 14 0
4259 4 14 0
2
43 159 
2
4260 18 14 0
4260 14 4 0
2
43 160 
2
4261 18 14 0
4261 10 14 0
2
43 161 
2
4262 18 14 0
4262 14 2 0
2
43 162 
2
4263 18 14 0
4263 30 18 0
2
43 163 
2
4264 18 14 0
4264 24 22 0
2
43 164 
2
4265 18 14 0
4265 26 20 0
2
43 166 
2
4266 18 14 0
4266 20 22 0
2
43 167 
2
4267 18 14 0
4267 22 12 0
2
43 168 
2
4268 18 14 0
4268 24 10 0
2
43 169 
2
4269 18 14 0
4269 18 2 0
2
43 170 
2
4270 18 14 0
4270 26 14 0
2
43 171 
2
4271 18 14 0
4271 20 4 0
2
43 172 
2
4272 18 14 0
4272 26 8 0
2
43 173 
2
4273 18 14 0
4273 26 6 0
2
40 42 
2
4038 10 16 0
4038 16 16 0
2
41 43 
2
4274 20 12 0
4274 18 14 0
2
42 232 
2
4039 16 16 0
4039 26 22 0
2
43 152 
2
4275 18 14 0
4275 22 30 0
2
42 233 
2
4040 16 16 0
4040 8 22 0
2
43 153 
2
4276 18 14 0
4276 24 26 0
2
42 234 
2
4041 16 16 0
4041 12 22 0
2
43 154 
2
4277 18 14 0
4277 28 18 0
2
43 155 
2
4278 18 14 0
4278 22 22 0
2
43 156 
2
4279 18 14 0
4279 26 18 0
2
43 157 
2
4280 18 14 0
4280 24 16 0
2
43 158 
2
4281 18 14 0
4281 4 14 0
2
43 159 
2
4282 18 14 0
4282 14 4 0
2
43 160 
2
4283 18 14 0
4283 10 14 0
2
43 161 
2
4284 18 14 0
4284 14 2 0
2
43 162 
2
4285 18 14 0
4285 30 18 0
2
43 163 
2
4286 18 14 0
4286 24 22 0
2
43 164 
2
4287 18 14 0
4287 26 20 0
2
43 166 
2
4288 18 14 0
4288 20 22 0
2
43 167 
2
4289 18 14 0
4289 22 12 0
2
43 168 
2
4290 18 14 0
4290 24 10 0
2
43 169 
2
4291 18 14 0
4291 18 2 0
2
43 170 
2
4292 18 14 0
4292 26 14 0
2
43 171 
2
4293 18 14 0
4293 20 4 0
2
43 172 
2
4294 18 14 0
4294 26 8 0
2
43 173 
2
4295 18 14 0
4295 26 6 0
2
20 40 
2
4039 14 16 0
4039 10 16 0
2
21 41 
2
4275 20 14 0
4275 20 12 0
2
38 40 
2
4040 4 16 0
4040 10 16 0
2
39 41 
2
4276 22 8 0
4276 20 12 0
2
244 42 
2
4042 34 34 0
4042 16 16 0
2
40 42 
2
4043 10 16 0
4043 16 16 0
2
245 42 
2
4044 34 32 0
4044 16 16 0
2
20 42 
2
4045 14 16 0
4045 16 16 0
2
244 42 
2
4046 34 34 0
4046 16 16 0
2
40 42 
2
4047 10 16 0
4047 16 16 0
2
245 42 
2
4048 34 32 0
4048 16 16 0
2
246 43 
2
4296 34 30 0
4296 18 14 0
2
41 43 
2
4297 20 12 0
4297 18 14 0
2
247 43 
2
4298 34 28 0
4298 18 14 0
2
21 43 
2
4299 20 14 0
4299 18 14 0
2
244 43 
2
4300 34 34 0
4300 18 14 0
2
41 43 
2
4301 20 12 0
4301 18 14 0
2
245 43 
2
4302 34 32 0
4302 18 14 0
2
42 233 
2
4049 16 16 0
4049 8 22 0
2
43 172 
2
4303 18 14 0
4303 26 8 0
2
42 234 
2
4050 16 16 0
4050 12 22 0
2
43 173 
2
4304 18 14 0
4304 26 6 0
2
42 235 
2
4051 16 16 0
4051 14 24 0
2
43 174 
2
4305 18 14 0
4305 20 32 0
2
43 175 
2
4306 18 14 0
4306 6 8 0
2
43 176 
2
4307 18 14 0
4307 20 30 0
2
43 177 
2
4308 18 14 0
4308 8 4 0
2
43 178 
2
4309 18 14 0
4309 10 2 0
2
43 179 
2
4310 18 14 0
4310 30 22 0
2
43 180 
2
4311 18 14 0
4311 26 26 0
2
43 181 
2
4312 18 14 0
4312 32 20 0
2
43 182 
2
4313 18 14 0
4313 32 10 0
2
43 183 
2
4314 18 14 0
4314 2 8 0
2
43 184 
2
4315 18 14 0
4315 30 8 0
2
43 185 
2
4316 18 14 0
4316 24 30 0
2
43 186 
2
4317 18 14 0
4317 28 6 0
2
43 188 
2
4318 18 14 0
4318 30 6 0
2
43 189 
2
4319 18 14 0
4319 32 8 0
2
43 191 
2
4320 18 14 0
4320 28 4 0
2
43 240 
2
4321 18 14 0
4321 6 4 0
2
43 241 
2
4322 18 14 0
4322 32 22 0
2
43 242 
2
4323 18 14 0
4323 4 6 0
2
40 42 
2
4052 10 16 0
4052 16 16 0
2
41 43 
2
4324 20 12 0
4324 18 14 0
2
42 233 
2
4053 16 16 0
4053 8 22 0
2
43 172 
2
4325 18 14 0
4325 26 8 0
2
42 234 
2
4054 16 16 0
4054 12 22 0
2
43 173 
2
4326 18 14 0
4326 26 6 0
2
42 235 
2
4055 16 16 0
4055 14 24 0
2
43 174 
2
4327 18 14 0
4327 20 32 0
2
43 175 
2
4328 18 14 0
4328 6 8 0
2
43 176 
2
4329 18 14 0
4329 20 30 0
2
43 177 
2
4330 18 14 0
4330 8 4 0
2
43 178 
2
4331 18 14 0
4331 10 2 0
2
43 179 
2
4332 18 14 0
4332 30 22 0
2
43 180 
2
4333 18 14 0
4333 26 26 0
2
43 181 
2
4334 18 14 0
4334 32 20 0
2
43 182 
2
4335 18 14 0
4335 32 10 0
2
43 183 
2
4336 18 14 0
4336 2 8 0
2
43 184 
2
4337 18 14 0
4337 30 8 0
2
43 185 
2
4338 18 14 0
4338 24 30 0
2
43 186 
2
4339 18 14 0
4339 28 6 0
2
43 188 
2
4340 18 14 0
4340 30 6 0
2
43 189 
2
4341 18 14 0
4341 32 8 0
2
43 191 
2
4342 18 14 0
4342 28 4 0
2
43 240 
2
4343 18 14 0
4343 6 4 0
2
43 241 
2
4344 18 14 0
4344 32 22 0
2
43 242 
2
4345 18 14 0
4345 4 6 0
2
20 40 
2
4053 14 16 0
4053 10 16 0
2
21 41 
2
4325 20 14 0
4325 20 12 0
2
18 38 
2
4041 4 18 0
4041 4 16 0
2
19 39 
2
4277 20 8 0
4277 22 8 0
2
36 38 
2
4042 4 22 0
4042 4 16 0
2
37 39 
2
4278 24 4 0
4278 22 8 0
2
244 40 
2
4054 34 34 0
4054 10 16 0
2
38 40 
2
4055 4 16 0
4055 10 16 0
2
245 40 
2
4056 34 32 0
4056 10 16 0
2
18 40 
2
4057 4 18 0
4057 10 16 0
2
244 40 
2
4058 34 34 0
4058 10 16 0
2
38 40 
2
4059 4 16 0
4059 10 16 0
2
245 40 
2
4060 34 32 0
4060 10 16 0
2
246 41 
2
4326 34 30 0
4326 20 12 0
2
39 41 
2
4327 22 8 0
4327 20 12 0
2
247 41 
2
4328 34 28 0
4328 20 12 0
2
19 41 
2
4329 20 8 0
4329 20 12 0
2
246 41 
2
4330 34 30 0
4330 20 12 0
2
39 41 
2
4331 22 8 0
4331 20 12 0
2
245 41 
2
4332 34 32 0
4332 20 12 0
2
247 42 
2
4056 34 28 0
4056 16 16 0
2
40 42 
2
4061 10 16 0
4061 16 16 0
2
244 42 
2
4062 34 34 0
4062 16 16 0
2
20 42 
2
4063 14 16 0
4063 16 16 0
2
245 42 
2
4064 34 32 0
4064 16 16 0
2
40 42 
2
4065 10 16 0
4065 16 16 0
2
244 42 
2
4066 34 34 0
4066 16 16 0
2
244 43 
2
4346 34 34 0
4346 18 14 0
2
41 43 
2
4347 20 12 0
4347 18 14 0
2
245 43 
2
4348 34 32 0
4348 18 14 0
2
21 43 
2
4349 20 14 0
4349 18 14 0
2
244 43 
2
4350 34 34 0
4350 18 14 0
2
41 43 
2
4351 20 12 0
4351 18 14 0
2
245 43 
2
4352 34 32 0
4352 18 14 0
2
42 232 
2
4067 16 16 0
4067 26 22 0
2
43 173 
2
4353 18 14 0
4353 26 6 0
2
42 233 
2
4068 16 16 0
4068 8 22 0
2
43 174 
2
4354 18 14 0
4354 20 32 0
2
42 234 
2
4069 16 16 0
4069 12 22 0
2
43 175 
2
4355 18 14 0
4355 6 8 0
2
42 235 
2
4070 16 16 0
4070 14 24 0
2
43 176 
2
4356 18 14 0
4356 20 30 0
2
42 236 
2
4071 16 16 0
4071 8 10 0
2
43 177 
2
4357 18 14 0
4357 8 4 0
2
42 237 
2
4072 16 16 0
4072 20 28 0
2
43 178 
2
4358 18 14 0
4358 10 2 0
2
42 238 
2
4073 16 16 0
4073 14 10 0
2
43 179 
2
4359 18 14 0
4359 30 22 0
2
42 239 
2
4074 16 16 0
4074 16 20 0
2
43 180 
2
4360 18 14 0
4360 26 26 0
2
42 50 
2
4075 16 16 0
4075 4 12 0
2
43 181 
2
4361 18 14 0
4361 32 20 0
2
42 45 
2
4076 16 16 0
4076 16 2 0
2
43 182 
2
4362 18 14 0
4362 32 10 0
2
42 47 
2
4077 16 16 0
4077 26 12 0
2
43 183 
2
4363 18 14 0
4363 2 8 0
2
42 49 
2
4078 16 16 0
4078 32 14 0
2
43 184 
2
4364 18 14 0
4364 30 8 0
2
42 52 
2
4079 16 16 0
4079 18 4 0
2
43 185 
2
4365 18 14 0
4365 24 30 0
2
42 53 
2
4080 16 16 0
4080 18 8 0
2
43 186 
2
4366 18 14 0
4366 28 6 0
2
42 54 
2
4081 16 16 0
4081 24 6 0
2
43 188 
2
4367 18 14 0
4367 30 6 0
2
42 55 
2
4082 16 16 0
4082 24 2 0
2
43 189 
2
4368 18 14 0
4368 32 8 0
2
42 56 
2
4083 16 16 0
4083 32 18 0
2
43 191 
2
4369 18 14 0
4369 28 4 0
2
42 57 
2
4084 16 16 0
4084 22 28 0
2
43 240 
2
4370 18 14 0
4370 6 4 0
2
42 58 
2
4085 16 16 0
4085 10 10 0
2
43 241 
2
4371 18 14 0
4371 32 22 0
2
42 59 
2
4086 16 16 0
4086 28 16 0
2
43 242 
2
4372 18 14 0
4372 4 6 0
2
42 60 
2
4087 16 16 0
4087 16 8 0
2
43 243 
2
4373 18 14 0
4373 26 28 0
2
40 42 
2
4088 10 16 0
4088 16 16 0
2
41 43 
2
4374 20 12 0
4374 18 14 0
2
42 232 
2
4089 16 16 0
4089 26 22 0
2
43 173 
2
4375 18 14 0
4375 26 6 0
2
42 233 
2
4090 16 16 0
4090 8 22 0
2
43 174 
2
4376 18 14 0
4376 20 32 0
2
42 234 
2
4091 16 16 0
4091 12 22 0
2
43 175 
2
4377 18 14 0
4377 6 8 0
2
42 235 
2
4092 16 16 0
4092 14 24 0
2
43 176 
2
4378 18 14 0
4378 20 30 0
2
42 236 
2
4093 16 16 0
4093 8 10 0
2
43 177 
2
4379 18 14 0
4379 8 4 0
2
42 237 
2
4094 16 16 0
4094 20 28 0
2
43 178 
2
4380 18 14 0
4380 10 2 0
2
42 238 
2
4095 16 16 0
4095 14 10 0
2
43 179 
2
4381 18 14 0
4381 30 22 0
2
42 239 
2
4096 16 16 0
4096 16 20 0
2
43 180 
2
4382 18 14 0
4382 26 26 0
2
42 50 
2
4097 16 16 0
4097 4 12 0
2
43 181 
2
4383 18 14 0
4383 32 20 0
2
42 45 
2
4098 16 16 0
4098 16 2 0
2
43 182 
2
4384 18 14 0
4384 32 10 0
2
42 47 
2
4099 16 16 0
4099 26 12 0
2
43 183 
2
4385 18 14 0
4385 2 8 0
2
42 49 
2
4100 16 16 0
4100 32 14 0
2
43 184 
2
4386 18 14 0
4386 30 8 0
2
42 52 
2
4101 16 16 0
4101 18 4 0
2
43 185 
2
4387 18 14 0
4387 24 30 0
2
42 53 
2
4102 16 16 0
4102 18 8 0
2
43 186 
2
4388 18 14 0
4388 28 6 0
2
42 54 
2
4103 16 16 0
4103 24 6 0
2
43 188 
2
4389 18 14 0
4389 30 6 0
2
42 55 
2
4104 16 16 0
4104 24 2 0
2
43 189 
2
4390 18 14 0
4390 32 8 0
2
42 56 
2
4105 16 16 0
4105 32 18 0
2
43 191 
2
4391 18 14 0
4391 28 4 0
2
42 57 
2
4106 16 16 0
4106 22 28 0
2
43 240 
2
4392 18 14 0
4392 6 4 0
2
42 58 
2
4107 16 16 0
4107 10 10 0
2
43 241 
2
4393 18 14 0
4393 32 22 0
2
42 59 
2
4108 16 16 0
4108 28 16 0
2
43 242 
2
4394 18 14 0
4394 4 6 0
2
42 60 
2
4109 16 16 0
4109 16 8 0
2
43 243 
2
4395 18 14 0
4395 26 28 0
2
20 40 
2
4089 14 16 0
4089 10 16 0
2
21 41 
2
4375 20 14 0
4375 20 12 0
2
38 40 
2
4090 4 16 0
4090 10 16 0
2
39 41 
2
4376 22 8 0
4376 20 12 0
2
244 42 
2
4110 34 34 0
4110 16 16 0
2
40 42 
2
4111 10 16 0
4111 16 16 0
2
245 42 
2
4112 34 32 0
4112 16 16 0
2
20 42 
2
4113 14 16 0
4113 16 16 0
2
244 42 
2
4114 34 34 0
4114 16 16 0
2
40 42 
2
4115 10 16 0
4115 16 16 0
2
245 42 
2
4116 34 32 0
4116 16 16 0
2
244 43 
2
4396 34 34 0
4396 18 14 0
2
41 43 
2
4397 20 12 0
4397 18 14 0
2
245 43 
2
4398 34 32 0
4398 18 14 0
2
21 43 
2
4399 20 14 0
4399 18 14 0
2
244 43 
2
4400 34 34 0
4400 18 14 0
2
41 43 
2
4401 20 12 0
4401 18 14 0
2
245 43 
2
4402 34 32 0
4402 18 14 0
2
42 233 
2
4117 16 16 0
4117 8 22 0
2
43 46 
2
4403 18 14 0
4403 28 26 0
2
42 234 
2
4118 16 16 0
4118 12 22 0
2
42 235 
2
4119 16 16 0
4119 14 24 0
2
42 236 
2
4120 16 16 0
4120 8 10 0
2
42 237 
2
4121 16 16 0
4121 20 28 0
2
42 238 
2
4122 16 16 0
4122 14 10 0
2
42 239 
2
4123 16 16 0
4123 16 20 0
2
42 50 
2
4124 16 16 0
4124 4 12 0
2
42 45 
2
4125 16 16 0
4125 16 2 0
2
42 47 
2
4126 16 16 0
4126 26 12 0
2
42 49 
2
4127 16 16 0
4127 32 14 0
2
42 52 
2
4128 16 16 0
4128 18 4 0
2
42 53 
2
4129 16 16 0
4129 18 8 0
2
42 54 
2
4130 16 16 0
4130 24 6 0
2
42 55 
2
4131 16 16 0
4131 24 2 0
2
42 56 
2
4132 16 16 0
4132 32 18 0
2
42 57 
2
4133 16 16 0
4133 22 28 0
2
42 58 
2
4134 16 16 0
4134 10 10 0
2
42 59 
2
4135 16 16 0
4135 28 16 0
2
42 60 
2
4136 16 16 0
4136 16 8 0
2
42 61 
2
4137 16 16 0
4137 18 30 0
2
40 42 
2
4138 10 16 0
4138 16 16 0
2
41 43 
2
4404 20 12 0
4404 18 14 0
2
42 233 
2
4139 16 16 0
4139 8 22 0
2
43 44 
2
4405 18 14 0
4405 30 26 0
2
42 234 
2
4140 16 16 0
4140 12 22 0
2
42 235 
2
4141 16 16 0
4141 14 24 0
2
42 236 
2
4142 16 16 0
4142 8 10 0
2
42 237 
2
4143 16 16 0
4143 20 28 0
2
42 238 
2
4144 16 16 0
4144 14 10 0
2
42 239 
2
4145 16 16 0
4145 16 20 0
2
42 50 
2
4146 16 16 0
4146 4 12 0
2
42 45 
2
4147 16 16 0
4147 16 2 0
2
42 47 
2
4148 16 16 0
4148 26 12 0
2
42 49 
2
4149 16 16 0
4149 32 14 0
2
42 52 
2
4150 16 16 0
4150 18 4 0
2
42 53 
2
4151 16 16 0
4151 18 8 0
2
42 54 
2
4152 16 16 0
4152 24 6 0
2
42 55 
2
4153 16 16 0
4153 24 2 0
2
42 56 
2
4154 16 16 0
4154 32 18 0
2
42 57 
2
4155 16 16 0
4155 22 28 0
2
42 58 
2
4156 16 16 0
4156 10 10 0
2
42 59 
2
4157 16 16 0
4157 28 16 0
2
42 60 
2
4158 16 16 0
4158 16 8 0
2
42 61 
2
4159 16 16 0
4159 18 30 0
2
20 40 
2
4139 14 16 0
4139 10 16 0
2
21 41 
2
4405 20 14 0
4405 20 12 0
2
18 38 
2
4091 4 18 0
4091 4 16 0
2
19 39 
2
4377 20 8 0
4377 22 8 0
2
16 36 
2
4043 4 24 0
4043 4 22 0
2
17 37 
2
4279 26 4 0
4279 24 4 0
2
34 36 
2
4044 2 24 0
4044 4 22 0
2
35 37 
2
4280 28 2 0
4280 24 4 0
2
244 38 
2
4092 34 34 0
4092 4 16 0
2
36 38 
2
4093 4 22 0
4093 4 16 0
2
245 38 
2
4094 34 32 0
4094 4 16 0
2
16 38 
2
4095 4 24 0
4095 4 16 0
2
244 38 
2
4096 34 34 0
4096 4 16 0
2
36 38 
2
4097 4 22 0
4097 4 16 0
2
245 38 
2
4098 34 32 0
4098 4 16 0
2
246 39 
2
4378 34 30 0
4378 22 8 0
2
37 39 
2
4379 24 4 0
4379 22 8 0
2
247 39 
2
4380 34 28 0
4380 22 8 0
2
17 39 
2
4381 26 4 0
4381 22 8 0
2
244 39 
2
4382 34 34 0
4382 22 8 0
2
37 39 
2
4383 24 4 0
4383 22 8 0
2
245 39 
2
4384 34 32 0
4384 22 8 0
2
244 40 
2
4140 34 34 0
4140 10 16 0
2
38 40 
2
4141 4 16 0
4141 10 16 0
2
245 40 
2
4142 34 32 0
4142 10 16 0
2
18 40 
2
4143 4 18 0
4143 10 16 0
2
244 40 
2
4144 34 34 0
4144 10 16 0
2
38 40 
2
4145 4 16 0
4145 10 16 0
2
245 40 
2
4146 34 32 0
4146 10 16 0
2
246 41 
2
4406 34 30 0
4406 20 12 0
2
39 41 
2
4407 22 8 0
4407 20 12 0
2
248 41 
2
4408 34 26 0
4408 20 12 0
2
19 41 
2
4409 20 8 0
4409 20 12 0
2
246 41 
2
4410 34 30 0
4410 20 12 0
2
39 41 
2
4411 22 8 0
4411 20 12 0
2
244 41 
2
4412 34 34 0
4412 20 12 0
2
244 42 
2
4160 34 34 0
4160 16 16 0
2
40 42 
2
4161 10 16 0
4161 16 16 0
2
245 42 
2
4162 34 32 0
4162 16 16 0
2
20 42 
2
4163 14 16 0
4163 16 16 0
2
244 42 
2
4164 34 34 0
4164 16 16 0
2
40 42 
2
4165 10 16 0
4165 16 16 0
2
245 42 
2
4166 34 32 0
4166 16 16 0
2
247 43 
2
4406 34 28 0
4406 18 14 0
2
41 43 
2
4413 20 12 0
4413 18 14 0
2
245 43 
2
4414 34 32 0
4414 18 14 0
2
21 43 
2
4415 20 14 0
4415 18 14 0
2
244 43 
2
4416 34 34 0
4416 18 14 0
2
41 43 
2
4417 20 12 0
4417 18 14 0
2
245 43 
2
4418 34 32 0
4418 18 14 0
2
42 60 
2
4167 16 16 0
4167 16 8 0
2
43 44 
2
4419 18 14 0
4419 30 26 0
2
42 61 
2
4168 16 16 0
4168 18 30 0
2
43 46 
2
4420 18 14 0
4420 28 26 0
2
42 62 
2
4169 16 16 0
4169 20 24 0
2
40 42 
2
4170 10 16 0
4170 16 16 0
2
41 43 
2
4421 20 12 0
4421 18 14 0
2
42 60 
2
4171 16 16 0
4171 16 8 0
2
43 51 
2
4422 18 14 0
4422 12 32 0
2
42 61 
2
4172 16 16 0
4172 18 30 0
2
42 62 
2
4173 16 16 0
4173 20 24 0
2
20 40 
2
4171 14 16 0
4171 10 16 0
2
21 41 
2
4422 20 14 0
4422 20 12 0
2
38 40 
2
4172 4 16 0
4172 10 16 0
2
39 41 
2
4423 22 8 0
4423 20 12 0
2
244 42 
2
4174 34 34 0
4174 16 16 0
2
40 42 
2
4175 10 16 0
4175 16 16 0
2
245 42 
2
4176 34 32 0
4176 16 16 0
2
20 42 
2
4177 14 16 0
4177 16 16 0
2
244 42 
2
4178 34 34 0
4178 16 16 0
2
40 42 
2
4179 10 16 0
4179 16 16 0
2
245 42 
2
4180 34 32 0
4180 16 16 0
2
244 43 
2
4423 34 34 0
4423 18 14 0
2
41 43 
2
4424 20 12 0
4424 18 14 0
2
246 43 
2
4425 34 30 0
4425 18 14 0
2
21 43 
2
4426 20 14 0
4426 18 14 0
2
245 43 
2
4427 34 32 0
4427 18 14 0
2
41 43 
2
4428 20 12 0
4428 18 14 0
2
244 43 
2
4429 34 34 0
4429 18 14 0
2
42 61 
2
4181 16 16 0
4181 18 30 0
2
43 48 
2
4430 18 14 0
4430 22 32 0
2
42 62 
2
4182 16 16 0
4182 20 24 0
2
42 63 
2
4183 16 16 0
4183 16 12 0
2
40 42 
2
4184 10 16 0
4184 16 16 0
2
41 43 
2
4431 20 12 0
4431 18 14 0
2
42 61 
2
4185 16 16 0
4185 18 30 0
2
43 48 
2
4432 18 14 0
4432 22 32 0
2
42 62 
2
4186 16 16 0
4186 20 24 0
2
43 51 
2
4433 18 14 0
4433 12 32 0
2
42 63 
2
4187 16 16 0
4187 16 12 0
2
20 40 
2
4185 14 16 0
4185 10 16 0
2
21 41 
2
4432 20 14 0
4432 20 12 0
2
18 38 
2
4173 4 18 0
4173 4 16 0
2
19 39 
2
4424 20 8 0
4424 22 8 0
2
36 38 
2
4174 4 22 0
4174 4 16 0
2
37 39 
2
4425 24 4 0
4425 22 8 0
2
244 40 
2
4186 34 34 0
4186 10 16 0
2
38 40 
2
4187 4 16 0
4187 10 16 0
2
245 40 
2
4188 34 32 0
4188 10 16 0
2
18 40 
2
4189 4 18 0
4189 10 16 0
2
244 40 
2
4190 34 34 0
4190 10 16 0
2
38 40 
2
4191 4 16 0
4191 10 16 0
2
245 40 
2
4192 34 32 0
4192 10 16 0
2
244 41 
2
4433 34 34 0
4433 20 12 0
2
39 41 
2
4434 22 8 0
4434 20 12 0
2
247 41 
2
4435 34 28 0
4435 20 12 0
2
19 41 
2
4436 20 8 0
4436 20 12 0
2
244 41 
2
4437 34 34 0
4437 20 12 0
2
39 41 
2
4438 22 8 0
4438 20 12 0
2
246 41 
2
4439 34 30 0
4439 20 12 0
2
246 42 
2
4188 34 30 0
4188 16 16 0
2
40 42 
2
4193 10 16 0
4193 16 16 0
2
244 42 
2
4194 34 34 0
4194 16 16 0
2
20 42 
2
4195 14 16 0
4195 16 16 0
2
245 42 
2
4196 34 32 0
4196 16 16 0
2
40 42 
2
4197 10 16 0
4197 16 16 0
2
244 42 
2
4198 34 34 0
4198 16 16 0
2
246 43 
2
4434 34 30 0
4434 18 14 0
2
41 43 
2
4440 20 12 0
4440 18 14 0
2
245 43 
2
4441 34 32 0
4441 18 14 0
2
21 43 
2
4442 20 14 0
4442 18 14 0
2
244 43 
2
4443 34 34 0
4443 18 14 0
2
41 43 
2
4444 20 12 0
4444 18 14 0
2
246 43 
2
4445 34 30 0
4445 18 14 0
2
42 60 
2
4199 16 16 0
4199 16 8 0
2
43 70 
2
4446 18 14 0
4446 8 2 0
2
42 61 
2
4200 16 16 0
4200 18 30 0
2
42 62 
2
4201 16 16 0
4201 20 24 0
2
42 63 
2
4202 16 16 0
4202 16 12 0
2
42 64 
2
4203 16 16 0
4203 16 6 0
2
42 65 
2
4204 16 16 0
4204 10 6 0
2
42 66 
2
4205 16 16 0
4205 18 22 0
2
42 67 
2
4206 16 16 0
4206 18 28 0
2
42 68 
2
4207 16 16 0
4207 18 12 0
2
42 86 
2
4208 16 16 0
4208 6 10 0
2
42 87 
2
4209 16 16 0
4209 22 14 0
2
42 89 
2
4210 16 16 0
4210 24 14 0
2
42 90 
2
4211 16 16 0
4211 20 10 0
2
42 91 
2
4212 16 16 0
4212 28 8 0
2
42 92 
2
4213 16 16 0
4213 32 12 0
2
42 93 
2
4214 16 16 0
4214 20 2 0
2
42 94 
2
4215 16 16 0
4215 8 6 0
2
42 95 
2
4216 16 16 0
4216 6 12 0
2
42 96 
2
4217 16 16 0
4217 16 4 0
2
42 97 
2
4218 16 16 0
4218 12 14 0
2
42 98 
2
4219 16 16 0
4219 22 16 0
2
40 42 
2
4220 10 16 0
4220 16 16 0
2
41 43 
2
4447 20 12 0
4447 18 14 0
2
42 60 
2
4221 16 16 0
4221 16 8 0
2
43 69 
2
4448 18 14 0
4448 6 26 0
2
42 61 
2
4222 16 16 0
4222 18 30 0
2
42 62 
2
4223 16 16 0
4223 20 24 0
2
42 63 
2
4224 16 16 0
4224 16 12 0
2
42 64 
2
4225 16 16 0
4225 16 6 0
2
42 65 
2
4226 16 16 0
4226 10 6 0
2
42 66 
2
4227 16 16 0
4227 18 22 0
2
42 67 
2
4228 16 16 0
4228 18 28 0
2
42 68 
2
4229 16 16 0
4229 18 12 0
2
42 86 
2
4230 16 16 0
4230 6 10 0
2
42 87 
2
4231 16 16 0
4231 22 14 0
2
42 89 
2
4232 16 16 0
4232 24 14 0
2
42 90 
2
4233 16 16 0
4233 20 10 0
2
42 91 
2
4234 16 16 0
4234 28 8 0
2
42 92 
2
4235 16 16 0
4235 32 12 0
2
42 93 
2
4236 16 16 0
4236 20 2 0
2
42 94 
2
4237 16 16 0
4237 8 6 0
2
42 95 
2
4238 16 16 0
4238 6 12 0
2
42 96 
2
4239 16 16 0
4239 16 4 0
2
42 97 
2
4240 16 16 0
4240 12 14 0
2
42 98 
2
4241 16 16 0
4241 22 16 0
2
20 40 
2
4221 14 16 0
4221 10 16 0
2
21 41 
2
4448 20 14 0
4448 20 12 0
2
38 40 
2
4222 4 16 0
4222 10 16 0
2
39 41 
2
4449 22 8 0
4449 20 12 0
2
244 42 
2
4242 34 34 0
4242 16 16 0
2
40 42 
2
4243 10 16 0
4243 16 16 0
2
245 42 
2
4244 34 32 0
4244 16 16 0
2
20 42 
2
4245 14 16 0
4245 16 16 0
2
244 42 
2
4246 34 34 0
4246 16 16 0
2
40 42 
2
4247 10 16 0
4247 16 16 0
2
245 42 
2
4248 34 32 0
4248 16 16 0
2
244 43 
2
4449 34 34 0
4449 18 14 0
2
41 43 
2
4450 20 12 0
4450 18 14 0
2
246 43 
2
4451 34 30 0
4451 18 14 0
2
21 43 
2
4452 20 14 0
4452 18 14 0
2
245 43 
2
4453 34 32 0
4453 18 14 0
2
41 43 
2
4454 20 12 0
4454 18 14 0
2
244 43 
2
4455 34 34 0
4455 18 14 0
2
42 61 
2
4249 16 16 0
4249 18 30 0
2
43 69 
2
4456 18 14 0
4456 6 26 0
2
42 62 
2
4250 16 16 0
4250 20 24 0
2
43 70 
2
4457 18 14 0
4457 8 2 0
2
42 63 
2
4251 16 16 0
4251 16 12 0
2
42 64 
2
4252 16 16 0
4252 16 6 0
2
42 65 
2
4253 16 16 0
4253 10 6 0
2
42 66 
2
4254 16 16 0
4254 18 22 0
2
42 67 
2
4255 16 16 0
4255 18 28 0
2
42 68 
2
4256 16 16 0
4256 18 12 0
2
42 86 
2
4257 16 16 0
4257 6 10 0
2
42 87 
2
4258 16 16 0
4258 22 14 0
2
42 89 
2
4259 16 16 0
4259 24 14 0
2
42 90 
2
4260 16 16 0
4260 20 10 0
2
42 91 
2
4261 16 16 0
4261 28 8 0
2
42 92 
2
4262 16 16 0
4262 32 12 0
2
42 93 
2
4263 16 16 0
4263 20 2 0
2
42 94 
2
4264 16 16 0
4264 8 6 0
2
42 95 
2
4265 16 16 0
4265 6 12 0
2
42 96 
2
4266 16 16 0
4266 16 4 0
2
42 97 
2
4267 16 16 0
4267 12 14 0
2
42 98 
2
4268 16 16 0
4268 22 16 0
2
42 99 
2
4269 16 16 0
4269 18 24 0
2
40 42 
2
4270 10 16 0
4270 16 16 0
2
41 43 
2
4458 20 12 0
4458 18 14 0
2
42 61 
2
4271 16 16 0
4271 18 30 0
2
43 72 
2
4459 18 14 0
4459 8 30 0
2
42 62 
2
4272 16 16 0
4272 20 24 0
2
42 63 
2
4273 16 16 0
4273 16 12 0
2
42 64 
2
4274 16 16 0
4274 16 6 0
2
42 65 
2
4275 16 16 0
4275 10 6 0
2
42 66 
2
4276 16 16 0
4276 18 22 0
2
42 67 
2
4277 16 16 0
4277 18 28 0
2
42 68 
2
4278 16 16 0
4278 18 12 0
2
42 86 
2
4279 16 16 0
4279 6 10 0
2
42 87 
2
4280 16 16 0
4280 22 14 0
2
42 89 
2
4281 16 16 0
4281 24 14 0
2
42 90 
2
4282 16 16 0
4282 20 10 0
2
42 91 
2
4283 16 16 0
4283 28 8 0
2
42 92 
2
4284 16 16 0
4284 32 12 0
2
42 93 
2
4285 16 16 0
4285 20 2 0
2
42 94 
2
4286 16 16 0
4286 8 6 0
2
42 95 
2
4287 16 16 0
4287 6 12 0
2
42 96 
2
4288 16 16 0
4288 16 4 0
2
42 97 
2
4289 16 16 0
4289 12 14 0
2
42 98 
2
4290 16 16 0
4290 22 16 0
2
42 99 
2
4291 16 16 0
4291 18 24 0
2
20 40 
2
4271 14 16 0
4271 10 16 0
2
21 41 
2
4459 20 14 0
4459 20 12 0
2
18 38 
2
4223 4 18 0
4223 4 16 0
2
19 39 
2
4450 20 8 0
4450 22 8 0
2
16 36 
2
4175 4 24 0
4175 4 22 0
2
17 37 
2
4426 26 4 0
4426 24 4 0
2
14 34 
2
4045 4 26 0
4045 2 24 0
2
15 35 
2
4281 26 2 0
4281 28 2 0
2
32 34 
2
4046 2 28 0
4046 2 24 0
2
33 35 
2
4282 32 2 0
4282 28 2 0
2
246 36 
2
4176 34 30 0
4176 4 22 0
2
34 36 
2
4177 2 24 0
4177 4 22 0
2
247 36 
2
4178 34 28 0
4178 4 22 0
2
14 36 
2
4179 4 26 0
4179 4 22 0
2
246 36 
2
4180 34 30 0
4180 4 22 0
2
34 36 
2
4181 2 24 0
4181 4 22 0
2
244 36 
2
4182 34 34 0
4182 4 22 0
2
247 37 
2
4427 34 28 0
4427 24 4 0
2
35 37 
2
4428 28 2 0
4428 24 4 0
2
248 37 
2
4429 34 26 0
4429 24 4 0
2
15 37 
2
4430 26 2 0
4430 24 4 0
2
246 37 
2
4431 34 30 0
4431 24 4 0
2
35 37 
2
4432 28 2 0
4432 24 4 0
2
245 37 
2
4433 34 32 0
4433 24 4 0
2
244 38 
2
4224 34 34 0
4224 4 16 0
2
36 38 
2
4225 4 22 0
4225 4 16 0
2
245 38 
2
4226 34 32 0
4226 4 16 0
2
16 38 
2
4227 4 24 0
4227 4 16 0
2
244 38 
2
4228 34 34 0
4228 4 16 0
2
36 38 
2
4229 4 22 0
4229 4 16 0
2
245 38 
2
4230 34 32 0
4230 4 16 0
2
247 39 
2
4451 34 28 0
4451 22 8 0
2
37 39 
2
4452 24 4 0
4452 22 8 0
2
249 39 
2
4453 34 24 0
4453 22 8 0
2
17 39 
2
4454 26 4 0
4454 22 8 0
2
247 39 
2
4455 34 28 0
4455 22 8 0
2
37 39 
2
4456 24 4 0
4456 22 8 0
2
246 39 
2
4457 34 30 0
4457 22 8 0
2
244 40 
2
4272 34 34 0
4272 10 16 0
2
38 40 
2
4273 4 16 0
4273 10 16 0
2
245 40 
2
4274 34 32 0
4274 10 16 0
2
18 40 
2
4275 4 18 0
4275 10 16 0
2
244 40 
2
4276 34 34 0
4276 10 16 0
2
38 40 
2
4277 4 16 0
4277 10 16 0
2
245 40 
2
4278 34 32 0
4278 10 16 0
2
246 41 
2
4460 34 30 0
4460 20 12 0
2
39 41 
2
4461 22 8 0
4461 20 12 0
2
248 41 
2
4462 34 26 0
4462 20 12 0
2
19 41 
2
4463 20 8 0
4463 20 12 0
2
245 41 
2
4464 34 32 0
4464 20 12 0
2
39 41 
2
4465 22 8 0
4465 20 12 0
2
244 41 
2
4466 34 34 0
4466 20 12 0
2
244 42 
2
4292 34 34 0
4292 16 16 0
2
40 42 
2
4293 10 16 0
4293 16 16 0
2
245 42 
2
4294 34 32 0
4294 16 16 0
2
20 42 
2
4295 14 16 0
4295 16 16 0
2
244 42 
2
4296 34 34 0
4296 16 16 0
2
40 42 
2
4297 10 16 0
4297 16 16 0
2
245 42 
2
4298 34 32 0
4298 16 16 0
2
247 43 
2
4460 34 28 0
4460 18 14 0
2
41 43 
2
4467 20 12 0
4467 18 14 0
2
245 43 
2
4468 34 32 0
4468 18 14 0
2
21 43 
2
4469 20 14 0
4469 18 14 0
2
244 43 
2
4470 34 34 0
4470 18 14 0
2
41 43 
2
4471 20 12 0
4471 18 14 0
2
245 43 
2
4472 34 32 0
4472 18 14 0
2
42 98 
2
4299 16 16 0
4299 22 16 0
2
43 71 
2
4473 18 14 0
4473 8 28 0
2
42 99 
2
4300 16 16 0
4300 18 24 0
2
42 100 
2
4301 16 16 0
4301 12 10 0
2
40 42 
2
4302 10 16 0
4302 16 16 0
2
41 43 
2
4474 20 12 0
4474 18 14 0
2
42 98 
2
4303 16 16 0
4303 22 16 0
2
43 71 
2
4475 18 14 0
4475 8 28 0
2
42 99 
2
4304 16 16 0
4304 18 24 0
2
43 72 
2
4476 18 14 0
4476 8 30 0
2
42 100 
2
4305 16 16 0
4305 12 10 0
2
20 40 
2
4303 14 16 0
4303 10 16 0
2
21 41 
2
4475 20 14 0
4475 20 12 0
2
38 40 
2
4304 4 16 0
4304 10 16 0
2
39 41 
2
4476 22 8 0
4476 20 12 0
2
244 42 
2
4306 34 34 0
4306 16 16 0
2
40 42 
2
4307 10 16 0
4307 16 16 0
2
245 42 
2
4308 34 32 0
4308 16 16 0
2
20 42 
2
4309 14 16 0
4309 16 16 0
2
244 42 
2
4310 34 34 0
4310 16 16 0
2
40 42 
2
4311 10 16 0
4311 16 16 0
2
245 42 
2
4312 34 32 0
4312 16 16 0
2
244 43 
2
4477 34 34 0
4477 18 14 0
2
41 43 
2
4478 20 12 0
4478 18 14 0
2
245 43 
2
4479 34 32 0
4479 18 14 0
2
21 43 
2
4480 20 14 0
4480 18 14 0
2
244 43 
2
4481 34 34 0
4481 18 14 0
2
41 43 
2
4482 20 12 0
4482 18 14 0
2
246 43 
2
4483 34 30 0
4483 18 14 0
2
42 99 
2
4313 16 16 0
4313 18 24 0
2
43 74 
2
4484 18 14 0
4484 8 26 0
2
42 100 
2
4314 16 16 0
4314 12 10 0
2
42 101 
2
4315 16 16 0
4315 18 18 0
2
40 42 
2
4316 10 16 0
4316 16 16 0
2
41 43 
2
4485 20 12 0
4485 18 14 0
2
42 99 
2
4317 16 16 0
4317 18 24 0
2
43 73 
2
4486 18 14 0
4486 2 22 0
2
42 100 
2
4318 16 16 0
4318 12 10 0
2
42 101 
2
4319 16 16 0
4319 18 18 0
2
20 40 
2
4317 14 16 0
4317 10 16 0
2
21 41 
2
4486 20 14 0
4486 20 12 0
2
18 38 
2
4305 4 18 0
4305 4 16 0
2
19 39 
2
4477 20 8 0
4477 22 8 0
2
36 38 
2
4306 4 22 0
4306 4 16 0
2
37 39 
2
4478 24 4 0
4478 22 8 0
2
244 40 
2
4318 34 34 0
4318 10 16 0
2
38 40 
2
4319 4 16 0
4319 10 16 0
2
245 40 
2
4320 34 32 0
4320 10 16 0
2
18 40 
2
4321 4 18 0
4321 10 16 0
2
244 40 
2
4322 34 34 0
4322 10 16 0
2
38 40 
2
4323 4 16 0
4323 10 16 0
2
245 40 
2
4324 34 32 0
4324 10 16 0
2
244 41 
2
4487 34 34 0
4487 20 12 0
2
39 41 
2
4488 22 8 0
4488 20 12 0
2
245 41 
2
4489 34 32 0
4489 20 12 0
2
19 41 
2
4490 20 8 0
4490 20 12 0
2
246 41 
2
4491 34 30 0
4491 20 12 0
2
39 41 
2
4492 22 8 0
4492 20 12 0
2
244 41 
2
4493 34 34 0
4493 20 12 0
2
246 42 
2
4320 34 30 0
4320 16 16 0
2
40 42 
2
4325 10 16 0
4325 16 16 0
2
244 42 
2
4326 34 34 0
4326 16 16 0
2
20 42 
2
4327 14 16 0
4327 16 16 0
2
245 42 
2
4328 34 32 0
4328 16 16 0
2
40 42 
2
4329 10 16 0
4329 16 16 0
2
244 42 
2
4330 34 34 0
4330 16 16 0
2
246 43 
2
4487 34 30 0
4487 18 14 0
2
41 43 
2
4494 20 12 0
4494 18 14 0
2
245 43 
2
4495 34 32 0
4495 18 14 0
2
21 43 
2
4496 20 14 0
4496 18 14 0
2
244 43 
2
4497 34 34 0
4497 18 14 0
2
41 43 
2
4498 20 12 0
4498 18 14 0
2
245 43 
2
4499 34 32 0
4499 18 14 0
2
42 98 
2
4331 16 16 0
4331 22 16 0
2
43 73 
2
4500 18 14 0
4500 2 22 0
2
42 99 
2
4332 16 16 0
4332 18 24 0
2
43 74 
2
4501 18 14 0
4501 8 26 0
2
42 100 
2
4333 16 16 0
4333 12 10 0
2
42 101 
2
4334 16 16 0
4334 18 18 0
2
42 102 
2
4335 16 16 0
4335 14 8 0
2
42 103 
2
4336 16 16 0
4336 14 6 0
2
42 104 
2
4337 16 16 0
4337 22 26 0
2
42 105 
2
4338 16 16 0
4338 20 16 0
2
42 106 
2
4339 16 16 0
4339 24 20 0
2
42 107 
2
4340 16 16 0
4340 30 16 0
2
42 108 
2
4341 16 16 0
4341 28 10 0
2
42 109 
2
4342 16 16 0
4342 26 10 0
2
42 111 
2
4343 16 16 0
4343 18 6 0
2
42 112 
2
4344 16 16 0
4344 30 14 0
2
42 113 
2
4345 16 16 0
4345 22 4 0
2
42 114 
2
4346 16 16 0
4346 30 10 0
2
42 115 
2
4347 16 16 0
4347 2 10 0
2
42 116 
2
4348 16 16 0
4348 8 8 0
2
42 117 
2
4349 16 16 0
4349 12 8 0
2
42 118 
2
4350 16 16 0
4350 12 12 0
2
42 119 
2
4351 16 16 0
4351 22 18 0
2
40 42 
2
4352 10 16 0
4352 16 16 0
2
41 43 
2
4502 20 12 0
4502 18 14 0
2
42 98 
2
4353 16 16 0
4353 22 16 0
2
43 76 
2
4503 18 14 0
4503 6 24 0
2
42 99 
2
4354 16 16 0
4354 18 24 0
2
42 100 
2
4355 16 16 0
4355 12 10 0
2
42 101 
2
4356 16 16 0
4356 18 18 0
2
42 102 
2
4357 16 16 0
4357 14 8 0
2
42 103 
2
4358 16 16 0
4358 14 6 0
2
42 104 
2
4359 16 16 0
4359 22 26 0
2
42 105 
2
4360 16 16 0
4360 20 16 0
2
42 106 
2
4361 16 16 0
4361 24 20 0
2
42 107 
2
4362 16 16 0
4362 30 16 0
2
42 108 
2
4363 16 16 0
4363 28 10 0
2
42 109 
2
4364 16 16 0
4364 26 10 0
2
42 111 
2
4365 16 16 0
4365 18 6 0
2
42 112 
2
4366 16 16 0
4366 30 14 0
2
42 113 
2
4367 16 16 0
4367 22 4 0
2
42 114 
2
4368 16 16 0
4368 30 10 0
2
42 115 
2
4369 16 16 0
4369 2 10 0
2
42 116 
2
4370 16 16 0
4370 8 8 0
2
42 117 
2
4371 16 16 0
4371 12 8 0
2
42 118 
2
4372 16 16 0
4372 12 12 0
2
42 119 
2
4373 16 16 0
4373 22 18 0
2
20 40 
2
4353 14 16 0
4353 10 16 0
2
21 41 
2
4503 20 14 0
4503 20 12 0
2
38 40 
2
4354 4 16 0
4354 10 16 0
2
39 41 
2
4504 22 8 0
4504 20 12 0
2
244 42 
2
4374 34 34 0
4374 16 16 0
2
40 42 
2
4375 10 16 0
4375 16 16 0
2
245 42 
2
4376 34 32 0
4376 16 16 0
2
20 42 
2
4377 14 16 0
4377 16 16 0
2
244 42 
2
4378 34 34 0
4378 16 16 0
2
40 42 
2
4379 10 16 0
4379 16 16 0
2
245 42 
2
4380 34 32 0
4380 16 16 0
2
244 43 
2
4504 34 34 0
4504 18 14 0
2
41 43 
2
4505 20 12 0
4505 18 14 0
2
246 43 
2
4506 34 30 0
4506 18 14 0
2
21 43 
2
4507 20 14 0
4507 18 14 0
2
248 43 
2
4508 34 26 0
4508 18 14 0
2
41 43 
2
4509 20 12 0
4509 18 14 0
2
246 43 
2
4510 34 30 0
4510 18 14 0
2
42 99 
2
4381 16 16 0
4381 18 24 0
2
43 75 
2
4511 18 14 0
4511 10 30 0
2
42 100 
2
4382 16 16 0
4382 12 10 0
2
42 101 
2
4383 16 16 0
4383 18 18 0
2
42 102 
2
4384 16 16 0
4384 14 8 0
2
42 103 
2
4385 16 16 0
4385 14 6 0
2
42 104 
2
4386 16 16 0
4386 22 26 0
2
42 105 
2
4387 16 16 0
4387 20 16 0
2
42 106 
2
4388 16 16 0
4388 24 20 0
2
42 107 
2
4389 16 16 0
4389 30 16 0
2
42 108 
2
4390 16 16 0
4390 28 10 0
2
42 109 
2
4391 16 16 0
4391 26 10 0
2
42 111 
2
4392 16 16 0
4392 18 6 0
2
42 112 
2
4393 16 16 0
4393 30 14 0
2
42 113 
2
4394 16 16 0
4394 22 4 0
2
42 114 
2
4395 16 16 0
4395 30 10 0
2
42 115 
2
4396 16 16 0
4396 2 10 0
2
42 116 
2
4397 16 16 0
4397 8 8 0
2
42 117 
2
4398 16 16 0
4398 12 8 0
2
42 118 
2
4399 16 16 0
4399 12 12 0
2
42 119 
2
4400 16 16 0
4400 22 18 0
2
42 120 
2
4401 16 16 0
4401 28 20 0
2
40 42 
2
4402 10 16 0
4402 16 16 0
2
41 43 
2
4512 20 12 0
4512 18 14 0
2
42 99 
2
4403 16 16 0
4403 18 24 0
2
43 75 
2
4513 18 14 0
4513 10 30 0
2
42 100 
2
4404 16 16 0
4404 12 10 0
2
43 76 
2
4514 18 14 0
4514 6 24 0
2
42 101 
2
4405 16 16 0
4405 18 18 0
2
42 102 
2
4406 16 16 0
4406 14 8 0
2
42 103 
2
4407 16 16 0
4407 14 6 0
2
42 104 
2
4408 16 16 0
4408 22 26 0
2
42 105 
2
4409 16 16 0
4409 20 16 0
2
42 106 
2
4410 16 16 0
4410 24 20 0
2
42 107 
2
4411 16 16 0
4411 30 16 0
2
42 108 
2
4412 16 16 0
4412 28 10 0
2
42 109 
2
4413 16 16 0
4413 26 10 0
2
42 111 
2
4414 16 16 0
4414 18 6 0
2
42 112 
2
4415 16 16 0
4415 30 14 0
2
42 113 
2
4416 16 16 0
4416 22 4 0
2
42 114 
2
4417 16 16 0
4417 30 10 0
2
42 115 
2
4418 16 16 0
4418 2 10 0
2
42 116 
2
4419 16 16 0
4419 8 8 0
2
42 117 
2
4420 16 16 0
4420 12 8 0
2
42 118 
2
4421 16 16 0
4421 12 12 0
2
42 119 
2
4422 16 16 0
4422 22 18 0
2
42 120 
2
4423 16 16 0
4423 28 20 0
2
20 40 
2
4403 14 16 0
4403 10 16 0
2
21 41 
2
4513 20 14 0
4513 20 12 0
2
18 38 
2
4355 4 18 0
4355 4 16 0
2
19 39 
2
4505 20 8 0
4505 22 8 0
2
16 36 
2
4307 4 24 0
4307 4 22 0
2
17 37 
2
4479 26 4 0
4479 24 4 0
2
34 36 
2
4308 2 24 0
4308 4 22 0
2
35 37 
2
4480 28 2 0
4480 24 4 0
2
244 38 
2
4356 34 34 0
4356 4 16 0
2
36 38 
2
4357 4 22 0
4357 4 16 0
2
245 38 
2
4358 34 32 0
4358 4 16 0
2
16 38 
2
4359 4 24 0
4359 4 16 0
2
244 38 
2
4360 34 34 0
4360 4 16 0
2
36 38 
2
4361 4 22 0
4361 4 16 0
2
245 38 
2
4362 34 32 0
4362 4 16 0
2
247 39 
2
4506 34 28 0
4506 22 8 0
2
37 39 
2
4507 24 4 0
4507 22 8 0
2
249 39 
2
4508 34 24 0
4508 22 8 0
2
17 39 
2
4509 26 4 0
4509 22 8 0
2
247 39 
2
4510 34 28 0
4510 22 8 0
2
37 39 
2
4511 24 4 0
4511 22 8 0
2
248 39 
2
4512 34 26 0
4512 22 8 0
2
244 40 
2
4404 34 34 0
4404 10 16 0
2
38 40 
2
4405 4 16 0
4405 10 16 0
2
245 40 
2
4406 34 32 0
4406 10 16 0
2
18 40 
2
4407 4 18 0
4407 10 16 0
2
244 40 
2
4408 34 34 0
4408 10 16 0
2
38 40 
2
4409 4 16 0
4409 10 16 0
2
245 40 
2
4410 34 32 0
4410 10 16 0
2
245 41 
2
4514 34 32 0
4514 20 12 0
2
39 41 
2
4515 22 8 0
4515 20 12 0
2
246 41 
2
4516 34 30 0
4516 20 12 0
2
19 41 
2
4517 20 8 0
4517 20 12 0
2
244 41 
2
4518 34 34 0
4518 20 12 0
2
39 41 
2
4519 22 8 0
4519 20 12 0
2
245 41 
2
4520 34 32 0
4520 20 12 0
2
245 42 
2
4424 34 32 0
4424 16 16 0
2
40 42 
2
4425 10 16 0
4425 16 16 0
2
244 42 
2
4426 34 34 0
4426 16 16 0
2
20 42 
2
4427 14 16 0
4427 16 16 0
2
246 42 
2
4428 34 30 0
4428 16 16 0
2
40 42 
2
4429 10 16 0
4429 16 16 0
2
245 42 
2
4430 34 32 0
4430 16 16 0
2
244 43 
2
4515 34 34 0
4515 18 14 0
2
41 43 
2
4521 20 12 0
4521 18 14 0
2
244 43 
2
4522 34 34 0
4522 18 14 0
2
21 43 
2
4523 20 14 0
4523 18 14 0
2
245 43 
2
4524 34 32 0
4524 18 14 0
2
41 43 
2
4525 20 12 0
4525 18 14 0
2
244 43 
2
4526 34 34 0
4526 18 14 0
2
42 119 
2
4431 16 16 0
4431 22 18 0
2
43 78 
2
4527 18 14 0
4527 10 28 0
2
42 120 
2
4432 16 16 0
4432 28 20 0
2
42 121 
2
4433 16 16 0
4433 8 14 0
2
40 42 
2
4434 10 16 0
4434 16 16 0
2
41 43 
2
4528 20 12 0
4528 18 14 0
2
42 119 
2
4435 16 16 0
4435 22 18 0
2
43 77 
2
4529 18 14 0
4529 14 32 0
2
42 120 
2
4436 16 16 0
4436 28 20 0
2
42 121 
2
4437 16 16 0
4437 8 14 0
2
20 40 
2
4435 14 16 0
4435 10 16 0
2
21 41 
2
4529 20 14 0
4529 20 12 0
2
38 40 
2
4436 4 16 0
4436 10 16 0
2
39 41 
2
4530 22 8 0
4530 20 12 0
2
245 42 
2
4438 34 32 0
4438 16 16 0
2
40 42 
2
4439 10 16 0
4439 16 16 0
2
244 42 
2
4440 34 34 0
4440 16 16 0
2
20 42 
2
4441 14 16 0
4441 16 16 0
2
246 42 
2
4442 34 30 0
4442 16 16 0
2
40 42 
2
4443 10 16 0
4443 16 16 0
2
245 42 
2
4444 34 32 0
4444 16 16 0
2
244 43 
2
4530 34 34 0
4530 18 14 0
2
41 43 
2
4531 20 12 0
4531 18 14 0
2
245 43 
2
4532 34 32 0
4532 18 14 0
2
21 43 
2
4533 20 14 0
4533 18 14 0
2
244 43 
2
4534 34 34 0
4534 18 14 0
2
41 43 
2
4535 20 12 0
4535 18 14 0
2
247 43 
2
4536 34 28 0
4536 18 14 0
2
42 120 
2
4445 16 16 0
4445 28 20 0
2
43 77 
2
4537 18 14 0
4537 14 32 0
2
42 121 
2
4446 16 16 0
4446 8 14 0
2
43 78 
2
4538 18 14 0
4538 10 28 0
2
42 122 
2
4447 16 16 0
4447 12 6 0
2
40 42 
2
4448 10 16 0
4448 16 16 0
2
41 43 
2
4539 20 12 0
4539 18 14 0
2
42 120 
2
4449 16 16 0
4449 28 20 0
2
43 80 
2
4540 18 14 0
4540 24 28 0
2
42 121 
2
4450 16 16 0
4450 8 14 0
2
42 122 
2
4451 16 16 0
4451 12 6 0
2
20 40 
2
4449 14 16 0
4449 10 16 0
2
21 41 
2
4540 20 14 0
4540 20 12 0
2
18 38 
2
4437 4 18 0
4437 4 16 0
2
19 39 
2
4531 20 8 0
4531 22 8 0
2
36 38 
2
4438 4 22 0
4438 4 16 0
2
37 39 
2
4532 24 4 0
4532 22 8 0
2
245 40 
2
4450 34 32 0
4450 10 16 0
2
38 40 
2
4451 4 16 0
4451 10 16 0
2
244 40 
2
4452 34 34 0
4452 10 16 0
2
18 40 
2
4453 4 18 0
4453 10 16 0
2
246 40 
2
4454 34 30 0
4454 10 16 0
2
38 40 
2
4455 4 16 0
4455 10 16 0
2
245 40 
2
4456 34 32 0
4456 10 16 0
2
244 41 
2
4541 34 34 0
4541 20 12 0
2
39 41 
2
4542 22 8 0
4542 20 12 0
2
245 41 
2
4543 34 32 0
4543 20 12 0
2
19 41 
2
4544 20 8 0
4544 20 12 0
2
244 41 
2
4545 34 34 0
4545 20 12 0
2
39 41 
2
4546 22 8 0
4546 20 12 0
2
245 41 
2
4547 34 32 0
4547 20 12 0
2
248 42 
2
4452 34 26 0
4452 16 16 0
2
40 42 
2
4457 10 16 0
4457 16 16 0
2
244 42 
2
4458 34 34 0
4458 16 16 0
2
20 42 
2
4459 14 16 0
4459 16 16 0
2
245 42 
2
4460 34 32 0
4460 16 16 0
2
40 42 
2
4461 10 16 0
4461 16 16 0
2
244 42 
2
4462 34 34 0
4462 16 16 0
2
246 43 
2
4541 34 30 0
4541 18 14 0
2
41 43 
2
4548 20 12 0
4548 18 14 0
2
244 43 
2
4549 34 34 0
4549 18 14 0
2
21 43 
2
4550 20 14 0
4550 18 14 0
2
245 43 
2
4551 34 32 0
4551 18 14 0
2
41 43 
2
4552 20 12 0
4552 18 14 0
2
244 43 
2
4553 34 34 0
4553 18 14 0
2
42 119 
2
4463 16 16 0
4463 22 18 0
2
43 79 
2
4554 18 14 0
4554 2 20 0
2
42 120 
2
4464 16 16 0
4464 28 20 0
2
42 121 
2
4465 16 16 0
4465 8 14 0
2
42 122 
2
4466 16 16 0
4466 12 6 0
2
42 123 
2
4467 16 16 0
4467 22 20 0
2
42 124 
2
4468 16 16 0
4468 20 26 0
2
42 125 
2
4469 16 16 0
4469 12 16 0
2
42 126 
2
4470 16 16 0
4470 16 10 0
2
42 128 
2
4471 16 16 0
4471 16 14 0
2
42 129 
2
4472 16 16 0
4472 28 12 0
2
42 130 
2
4473 16 16 0
4473 22 6 0
2
42 131 
2
4474 16 16 0
4474 28 14 0
2
42 149 
2
4475 16 16 0
4475 20 6 0
2
42 150 
2
4476 16 16 0
4476 24 8 0
2
42 151 
2
4477 16 16 0
4477 22 2 0
2
42 152 
2
4478 16 16 0
4478 22 30 0
2
42 153 
2
4479 16 16 0
4479 24 26 0
2
42 154 
2
4480 16 16 0
4480 28 18 0
2
42 155 
2
4481 16 16 0
4481 22 22 0
2
42 156 
2
4482 16 16 0
4482 26 18 0
2
42 157 
2
4483 16 16 0
4483 24 16 0
2
40 42 
2
4484 10 16 0
4484 16 16 0
2
41 43 
2
4555 20 12 0
4555 18 14 0
2
42 119 
2
4485 16 16 0
4485 22 18 0
2
43 79 
2
4556 18 14 0
4556 2 20 0
2
42 120 
2
4486 16 16 0
4486 28 20 0
2
43 80 
2
4557 18 14 0
4557 24 28 0
2
42 121 
2
4487 16 16 0
4487 8 14 0
2
42 122 
2
4488 16 16 0
4488 12 6 0
2
42 123 
2
4489 16 16 0
4489 22 20 0
2
42 124 
2
4490 16 16 0
4490 20 26 0
2
42 125 
2
4491 16 16 0
4491 12 16 0
2
42 126 
2
4492 16 16 0
4492 16 10 0
2
42 128 
2
4493 16 16 0
4493 16 14 0
2
42 129 
2
4494 16 16 0
4494 28 12 0
2
42 130 
2
4495 16 16 0
4495 22 6 0
2
42 131 
2
4496 16 16 0
4496 28 14 0
2
42 149 
2
4497 16 16 0
4497 20 6 0
2
42 150 
2
4498 16 16 0
4498 24 8 0
2
42 151 
2
4499 16 16 0
4499 22 2 0
2
42 152 
2
4500 16 16 0
4500 22 30 0
2
42 153 
2
4501 16 16 0
4501 24 26 0
2
42 154 
2
4502 16 16 0
4502 28 18 0
2
42 155 
2
4503 16 16 0
4503 22 22 0
2
42 156 
2
4504 16 16 0
4504 26 18 0
2
42 157 
2
4505 16 16 0
4505 24 16 0
2
20 40 
2
4485 14 16 0
4485 10 16 0
2
21 41 
2
4556 20 14 0
4556 20 12 0
2
38 40 
2
4486 4 16 0
4486 10 16 0
2
39 41 
2
4557 22 8 0
4557 20 12 0
2
245 42 
2
4506 34 32 0
4506 16 16 0
2
40 42 
2
4507 10 16 0
4507 16 16 0
2
244 42 
2
4508 34 34 0
4508 16 16 0
2
20 42 
2
4509 14 16 0
4509 16 16 0
2
245 42 
2
4510 34 32 0
4510 16 16 0
2
40 42 
2
4511 10 16 0
4511 16 16 0
2
244 42 
2
4512 34 34 0
4512 16 16 0
2
246 43 
2
4558 34 30 0
4558 18 14 0
2
41 43 
2
4559 20 12 0
4559 18 14 0
2
248 43 
2
4560 34 26 0
4560 18 14 0
2
21 43 
2
4561 20 14 0
4561 18 14 0
2
246 43 
2
4562 34 30 0
4562 18 14 0
2
41 43 
2
4563 20 12 0
4563 18 14 0
2
245 43 
2
4564 34 32 0
4564 18 14 0
2
42 120 
2
4513 16 16 0
4513 28 20 0
2
43 82 
2
4565 18 14 0
4565 28 22 0
2
42 121 
2
4514 16 16 0
4514 8 14 0
2
42 122 
2
4515 16 16 0
4515 12 6 0
2
42 123 
2
4516 16 16 0
4516 22 20 0
2
42 124 
2
4517 16 16 0
4517 20 26 0
2
42 125 
2
4518 16 16 0
4518 12 16 0
2
42 126 
2
4519 16 16 0
4519 16 10 0
2
42 128 
2
4520 16 16 0
4520 16 14 0
2
42 129 
2
4521 16 16 0
4521 28 12 0
2
42 130 
2
4522 16 16 0
4522 22 6 0
2
42 131 
2
4523 16 16 0
4523 28 14 0
2
42 149 
2
4524 16 16 0
4524 20 6 0
2
42 150 
2
4525 16 16 0
4525 24 8 0
2
42 151 
2
4526 16 16 0
4526 22 2 0
2
42 152 
2
4527 16 16 0
4527 22 30 0
2
42 153 
2
4528 16 16 0
4528 24 26 0
2
42 154 
2
4529 16 16 0
4529 28 18 0
2
42 155 
2
4530 16 16 0
4530 22 22 0
2
42 156 
2
4531 16 16 0
4531 26 18 0
2
42 157 
2
4532 16 16 0
4532 24 16 0
2
42 158 
2
4533 16 16 0
4533 4 14 0
2
40 42 
2
4534 10 16 0
4534 16 16 0
2
41 43 
2
4566 20 12 0
4566 18 14 0
2
42 120 
2
4535 16 16 0
4535 28 20 0
2
43 81 
2
4567 18 14 0
4567 6 6 0
2
42 121 
2
4536 16 16 0
4536 8 14 0
2
42 122 
2
4537 16 16 0
4537 12 6 0
2
42 123 
2
4538 16 16 0
4538 22 20 0
2
42 124 
2
4539 16 16 0
4539 20 26 0
2
42 125 
2
4540 16 16 0
4540 12 16 0
2
42 126 
2
4541 16 16 0
4541 16 10 0
2
42 128 
2
4542 16 16 0
4542 16 14 0
2
42 129 
2
4543 16 16 0
4543 28 12 0
2
42 130 
2
4544 16 16 0
4544 22 6 0
2
42 131 
2
4545 16 16 0
4545 28 14 0
2
42 149 
2
4546 16 16 0
4546 20 6 0
2
42 150 
2
4547 16 16 0
4547 24 8 0
2
42 151 
2
4548 16 16 0
4548 22 2 0
2
42 152 
2
4549 16 16 0
4549 22 30 0
2
42 153 
2
4550 16 16 0
4550 24 26 0
2
42 154 
2
4551 16 16 0
4551 28 18 0
2
42 155 
2
4552 16 16 0
4552 22 22 0
2
42 156 
2
4553 16 16 0
4553 26 18 0
2
42 157 
2
4554 16 16 0
4554 24 16 0
2
42 158 
2
4555 16 16 0
4555 4 14 0
2
20 40 
2
4535 14 16 0
4535 10 16 0
2
21 41 
2
4567 20 14 0
4567 20 12 0
2
18 38 
2
4487 4 18 0
4487 4 16 0
2
19 39 
2
4558 20 8 0
4558 22 8 0
2
16 36 
2
4439 4 24 0
4439 4 22 0
2
17 37 
2
4533 26 4 0
4533 24 4 0
2
14 34 
2
4309 4 26 0
4309 2 24 0
2
15 35 
2
4481 26 2 0
4481 28 2 0
2
12 32 
2
4047 2 26 0
4047 2 28 0
2
13 33 
2
4283 30 2 0
4283 32 2 0
2
10 30 
2
3482 6 28 0
3482 4 28 0
2
11 31 
2
3503 32 4 0
3503 32 6 0
2
8 28 
2
2391 6 30 0
2391 4 30 0
2
9 29 
2
2287 32 24 0
2287 32 26 0
2
6 26 
2
81 6 32 0
81 2 30 0
2
7 27 
2
81 28 30 0
81 32 28 0
2
24 26 
2
82 2 32 0
82 2 30 0
2
25 27 
2
82 30 30 0
82 32 28 0
2
247 28 
2
2392 34 28 0
2392 4 30 0
2
26 28 
2
2393 2 30 0
2393 4 30 0
2
248 28 
2
2394 34 26 0
2394 4 30 0
2
6 28 
2
2395 6 32 0
2395 4 30 0
2
246 28 
2
2396 34 30 0
2396 4 30 0
2
26 28 
2
2397 2 30 0
2397 4 30 0
2
248 28 
2
2398 34 26 0
2398 4 30 0
2
246 29 
2
2288 34 30 0
2288 32 26 0
2
27 29 
2
2289 32 28 0
2289 32 26 0
2
247 29 
2
2290 34 28 0
2290 32 26 0
2
7 29 
2
2291 28 30 0
2291 32 26 0
2
245 29 
2
2292 34 32 0
2292 32 26 0
2
27 29 
2
2293 32 28 0
2293 32 26 0
2
244 29 
2
2294 34 34 0
2294 32 26 0
2
246 30 
2
3483 34 30 0
3483 4 28 0
2
28 30 
2
3484 4 30 0
3484 4 28 0
2
245 30 
2
3485 34 32 0
3485 4 28 0
2
8 30 
2
3486 6 30 0
3486 4 28 0
2
247 30 
2
3487 34 28 0
3487 4 28 0
2
28 30 
2
3488 4 30 0
3488 4 28 0
2
249 30 
2
3489 34 24 0
3489 4 28 0
2
245 31 
2
3504 34 32 0
3504 32 6 0
2
29 31 
2
3505 32 26 0
3505 32 6 0
2
244 31 
2
3506 34 34 0
3506 32 6 0
2
9 31 
2
3507 32 24 0
3507 32 6 0
2
245 31 
2
3508 34 32 0
3508 32 6 0
2
29 31 
2
3509 32 26 0
3509 32 6 0
2
244 31 
2
3510 34 34 0
3510 32 6 0
2
248 32 
2
4048 34 26 0
4048 2 28 0
2
30 32 
2
4049 4 28 0
4049 2 28 0
2
246 32 
2
4050 34 30 0
4050 2 28 0
2
10 32 
2
4051 6 28 0
4051 2 28 0
2
247 32 
2
4052 34 28 0
4052 2 28 0
2
30 32 
2
4053 4 28 0
4053 2 28 0
2
246 32 
2
4054 34 30 0
4054 2 28 0
2
244 33 
2
4284 34 34 0
4284 32 2 0
2
31 33 
2
4285 32 6 0
4285 32 2 0
2
245 33 
2
4286 34 32 0
4286 32 2 0
2
11 33 
2
4287 32 4 0
4287 32 2 0
2
244 33 
2
4288 34 34 0
4288 32 2 0
2
31 33 
2
4289 32 6 0
4289 32 2 0
2
245 33 
2
4290 34 32 0
4290 32 2 0
2
246 34 
2
4310 34 30 0
4310 2 24 0
2
32 34 
2
4311 2 28 0
4311 2 24 0
2
247 34 
2
4312 34 28 0
4312 2 24 0
2
12 34 
2
4313 2 26 0
4313 2 24 0
2
244 34 
2
4314 34 34 0
4314 2 24 0
2
32 34 
2
4315 2 28 0
4315 2 24 0
2
245 34 
2
4316 34 32 0
4316 2 24 0
2
245 35 
2
4482 34 32 0
4482 28 2 0
2
33 35 
2
4483 32 2 0
4483 28 2 0
2
244 35 
2
4484 34 34 0
4484 28 2 0
2
13 35 
2
4485 30 2 0
4485 28 2 0
2
245 35 
2
4486 34 32 0
4486 28 2 0
2
33 35 
2
4487 32 2 0
4487 28 2 0
2
248 35 
2
4488 34 26 0
4488 28 2 0
2
247 36 
2
4440 34 28 0
4440 4 22 0
2
34 36 
2
4441 2 24 0
4441 4 22 0
2
248 36 
2
4442 34 26 0
4442 4 22 0
2
14 36 
2
4443 4 26 0
4443 4 22 0
2
247 36 
2
4444 34 28 0
4444 4 22 0
2
34 36 
2
4445 2 24 0
4445 4 22 0
2
244 36 
2
4446 34 34 0
4446 4 22 0
2
246 37 
2
4534 34 30 0
4534 24 4 0
2
35 37 
2
4535 28 2 0
4535 24 4 0
2
248 37 
2
4536 34 26 0
4536 24 4 0
2
15 37 
2
4537 26 2 0
4537 24 4 0
2
246 37 
2
4538 34 30 0
4538 24 4 0
2
35 37 
2
4539 28 2 0
4539 24 4 0
2
247 37 
2
4540 34 28 0
4540 24 4 0
2
247 38 
2
4488 34 28 0
4488 4 16 0
2
36 38 
2
4489 4 22 0
4489 4 16 0
2
244 38 
2
4490 34 34 0
4490 4 16 0
2
16 38 
2
4491 4 24 0
4491 4 16 0
2
245 38 
2
4492 34 32 0
4492 4 16 0
2
36 38 
2
4493 4 22 0
4493 4 16 0
2
246 38 
2
4494 34 30 0
4494 4 16 0
2
244 39 
2
4559 34 34 0
4559 22 8 0
2
37 39 
2
4560 24 4 0
4560 22 8 0
2
245 39 
2
4561 34 32 0
4561 22 8 0
2
17 39 
2
4562 26 4 0
4562 22 8 0
2
247 39 
2
4563 34 28 0
4563 22 8 0
2
37 39 
2
4564 24 4 0
4564 22 8 0
2
244 39 
2
4565 34 34 0
4565 22 8 0
2
245 40 
2
4536 34 32 0
4536 10 16 0
2
38 40 
2
4537 4 16 0
4537 10 16 0
2
244 40 
2
4538 34 34 0
4538 10 16 0
2
18 40 
2
4539 4 18 0
4539 10 16 0
2
245 40 
2
4540 34 32 0
4540 10 16 0
2
38 40 
2
4541 4 16 0
4541 10 16 0
2
248 40 
2
4542 34 26 0
4542 10 16 0
2
244 41 
2
4568 34 34 0
4568 20 12 0
2
39 41 
2
4569 22 8 0
4569 20 12 0
2
247 41 
2
4570 34 28 0
4570 20 12 0
2
19 41 
2
4571 20 8 0
4571 20 12 0
2
245 41 
2
4572 34 32 0
4572 20 12 0
2
39 41 
2
4573 22 8 0
4573 20 12 0
2
247 41 
2
4574 34 28 0
4574 20 12 0
2
244 42 
2
4556 34 34 0
4556 16 16 0
2
40 42 
2
4557 10 16 0
4557 16 16 0
2
245 42 
2
4558 34 32 0
4558 16 16 0
2
20 42 
2
4559 14 16 0
4559 16 16 0
2
247 42 
2
4560 34 28 0
4560 16 16 0
2
40 42 
2
4561 10 16 0
4561 16 16 0
2
244 42 
2
4562 34 34 0
4562 16 16 0
2
245 43 
2
4568 34 32 0
4568 18 14 0
2
41 43 
2
4575 20 12 0
4575 18 14 0
2
245 43 
2
4576 34 32 0
4576 18 14 0
2
21 43 
2
4577 20 14 0
4577 18 14 0
2
246 43 
2
4578 34 30 0
4578 18 14 0
2
41 43 
2
4579 20 12 0
4579 18 14 0
2
244 43 
2
4580 34 34 0
4580 18 14 0
2
42 157 
2
4563 16 16 0
4563 24 16 0
2
43 81 
2
4581 18 14 0
4581 6 6 0
2
42 158 
2
4564 16 16 0
4564 4 14 0
2
43 82 
2
4582 18 14 0
4582 28 22 0
2
42 159 
2
4565 16 16 0
4565 14 4 0
2
40 42 
2
4566 10 16 0
4566 16 16 0
2
41 43 
2
4583 20 12 0
4583 18 14 0
2
42 157 
2
4567 16 16 0
4567 24 16 0
2
43 84 
2
4584 18 14 0
4584 28 24 0
2
42 158 
2
4568 16 16 0
4568 4 14 0
2
42 159 
2
4569 16 16 0
4569 14 4 0
2
20 40 
2
4567 14 16 0
4567 10 16 0
2
21 41 
2
4584 20 14 0
4584 20 12 0
2
38 40 
2
4568 4 16 0
4568 10 16 0
2
39 41 
2
4585 22 8 0
4585 20 12 0
2
246 42 
2
4570 34 30 0
4570 16 16 0
2
40 42 
2
4571 10 16 0
4571 16 16 0
2
244 42 
2
4572 34 34 0
4572 16 16 0
2
20 42 
2
4573 14 16 0
4573 16 16 0
2
246 42 
2
4574 34 30 0
4574 16 16 0
2
40 42 
2
4575 10 16 0
4575 16 16 0
2
244 42 
2
4576 34 34 0
4576 16 16 0
2
245 43 
2
4585 34 32 0
4585 18 14 0
2
41 43 
2
4586 20 12 0
4586 18 14 0
2
244 43 
2
4587 34 34 0
4587 18 14 0
2
21 43 
2
4588 20 14 0
4588 18 14 0
2
246 43 
2
4589 34 30 0
4589 18 14 0
2
41 43 
2
4590 20 12 0
4590 18 14 0
2
245 43 
2
4591 34 32 0
4591 18 14 0
2
42 158 
2
4577 16 16 0
4577 4 14 0
2
43 83 
2
4592 18 14 0
4592 10 4 0
2
42 159 
2
4578 16 16 0
4578 14 4 0
2
42 160 
2
4579 16 16 0
4579 10 14 0
2
40 42 
2
4580 10 16 0
4580 16 16 0
2
41 43 
2
4593 20 12 0
4593 18 14 0
2
42 158 
2
4581 16 16 0
4581 4 14 0
2
43 83 
2
4594 18 14 0
4594 10 4 0
2
42 159 
2
4582 16 16 0
4582 14 4 0
2
43 84 
2
4595 18 14 0
4595 28 24 0
2
42 160 
2
4583 16 16 0
4583 10 14 0
2
20 40 
2
4581 14 16 0
4581 10 16 0
2
21 41 
2
4594 20 14 0
4594 20 12 0
2
18 38 
2
4569 4 18 0
4569 4 16 0
2
19 39 
2
4586 20 8 0
4586 22 8 0
2
36 38 
2
4570 4 22 0
4570 4 16 0
2
37 39 
2
4587 24 4 0
4587 22 8 0
2
245 40 
2
4582 34 32 0
4582 10 16 0
2
38 40 
2
4583 4 16 0
4583 10 16 0
2
244 40 
2
4584 34 34 0
4584 10 16 0
2
18 40 
2
4585 4 18 0
4585 10 16 0
2
246 40 
2
4586 34 30 0
4586 10 16 0
2
38 40 
2
4587 4 16 0
4587 10 16 0
2
245 40 
2
4588 34 32 0
4588 10 16 0
2
245 41 
2
4595 34 32 0
4595 20 12 0
2
39 41 
2
4596 22 8 0
4596 20 12 0
2
244 41 
2
4597 34 34 0
4597 20 12 0
2
19 41 
2
4598 20 8 0
4598 20 12 0
2
245 41 
2
4599 34 32 0
4599 20 12 0
2
39 41 
2
4600 22 8 0
4600 20 12 0
2
244 41 
2
4601 34 34 0
4601 20 12 0
2
247 42 
2
4584 34 28 0
4584 16 16 0
2
40 42 
2
4589 10 16 0
4589 16 16 0
2
244 42 
2
4590 34 34 0
4590 16 16 0
2
20 42 
2
4591 14 16 0
4591 16 16 0
2
246 42 
2
4592 34 30 0
4592 16 16 0
2
40 42 
2
4593 10 16 0
4593 16 16 0
2
244 42 
2
4594 34 34 0
4594 16 16 0
2
246 43 
2
4596 34 30 0
4596 18 14 0
2
41 43 
2
4602 20 12 0
4602 18 14 0
2
245 43 
2
4603 34 32 0
4603 18 14 0
2
21 43 
2
4604 20 14 0
4604 18 14 0
2
244 43 
2
4605 34 34 0
4605 18 14 0
2
41 43 
2
4606 20 12 0
4606 18 14 0
2
245 43 
2
4607 34 32 0
4607 18 14 0
2
42 157 
2
4595 16 16 0
4595 24 16 0
2
43 88 
2
4608 18 14 0
4608 12 4 0
2
42 158 
2
4596 16 16 0
4596 4 14 0
2
42 159 
2
4597 16 16 0
4597 14 4 0
2
42 160 
2
4598 16 16 0
4598 10 14 0
2
42 161 
2
4599 16 16 0
4599 14 2 0
2
42 162 
2
4600 16 16 0
4600 30 18 0
2
42 163 
2
4601 16 16 0
4601 24 22 0
2
42 164 
2
4602 16 16 0
4602 26 20 0
2
42 166 
2
4603 16 16 0
4603 20 22 0
2
42 167 
2
4604 16 16 0
4604 22 12 0
2
42 168 
2
4605 16 16 0
4605 24 10 0
2
42 169 
2
4606 16 16 0
4606 18 2 0
2
42 170 
2
4607 16 16 0
4607 26 14 0
2
42 171 
2
4608 16 16 0
4608 20 4 0
2
42 172 
2
4609 16 16 0
4609 26 8 0
2
42 173 
2
4610 16 16 0
4610 26 6 0
2
42 174 
2
4611 16 16 0
4611 20 32 0
2
42 175 
2
4612 16 16 0
4612 6 8 0
2
42 176 
2
4613 16 16 0
4613 20 30 0
2
42 177 
2
4614 16 16 0
4614 8 4 0
2
42 178 
2
4615 16 16 0
4615 10 2 0
2
40 42 
2
4616 10 16 0
4616 16 16 0
2
41 43 
2
4609 20 12 0
4609 18 14 0
2
42 157 
2
4617 16 16 0
4617 24 16 0
2
43 85 
2
4610 18 14 0
4610 30 20 0
2
42 158 
2
4618 16 16 0
4618 4 14 0
2
42 159 
2
4619 16 16 0
4619 14 4 0
2
42 160 
2
4620 16 16 0
4620 10 14 0
2
42 161 
2
4621 16 16 0
4621 14 2 0
2
42 162 
2
4622 16 16 0
4622 30 18 0
2
42 163 
2
4623 16 16 0
4623 24 22 0
2
42 164 
2
4624 16 16 0
4624 26 20 0
2
42 166 
2
4625 16 16 0
4625 20 22 0
2
42 167 
2
4626 16 16 0
4626 22 12 0
2
42 168 
2
4627 16 16 0
4627 24 10 0
2
42 169 
2
4628 16 16 0
4628 18 2 0
2
42 170 
2
4629 16 16 0
4629 26 14 0
2
42 171 
2
4630 16 16 0
4630 20 4 0
2
42 172 
2
4631 16 16 0
4631 26 8 0
2
42 173 
2
4632 16 16 0
4632 26 6 0
2
42 174 
2
4633 16 16 0
4633 20 32 0
2
42 175 
2
4634 16 16 0
4634 6 8 0
2
42 176 
2
4635 16 16 0
4635 20 30 0
2
42 177 
2
4636 16 16 0
4636 8 4 0
2
42 178 
2
4637 16 16 0
4637 10 2 0
2
20 40 
2
4617 14 16 0
4617 10 16 0
2
21 41 
2
4610 20 14 0
4610 20 12 0
2
38 40 
2
4618 4 16 0
4618 10 16 0
2
39 41 
2
4611 22 8 0
4611 20 12 0
2
244 42 
2
4638 34 34 0
4638 16 16 0
2
40 42 
2
4639 10 16 0
4639 16 16 0
2
246 42 
2
4640 34 30 0
4640 16 16 0
2
20 42 
2
4641 14 16 0
4641 16 16 0
2
245 42 
2
4642 34 32 0
4642 16 16 0
2
40 42 
2
4643 10 16 0
4643 16 16 0
2
244 42 
2
4644 34 34 0
4644 16 16 0
2
244 43 
2
4611 34 34 0
4611 18 14 0
2
41 43 
2
4612 20 12 0
4612 18 14 0
2
245 43 
2
4613 34 32 0
4613 18 14 0
2
21 43 
2
4614 20 14 0
4614 18 14 0
2
244 43 
2
4615 34 34 0
4615 18 14 0
2
41 43 
2
4616 20 12 0
4616 18 14 0
2
245 43 
2
4617 34 32 0
4617 18 14 0
2
42 158 
2
4645 16 16 0
4645 4 14 0
2
43 85 
2
4618 18 14 0
4618 30 20 0
2
42 159 
2
4646 16 16 0
4646 14 4 0
2
43 88 
2
4619 18 14 0
4619 12 4 0
2
42 160 
2
4647 16 16 0
4647 10 14 0
2
42 161 
2
4648 16 16 0
4648 14 2 0
2
42 162 
2
4649 16 16 0
4649 30 18 0
2
42 163 
2
4650 16 16 0
4650 24 22 0
2
42 164 
2
4651 16 16 0
4651 26 20 0
2
42 166 
2
4652 16 16 0
4652 20 22 0
2
42 167 
2
4653 16 16 0
4653 22 12 0
2
42 168 
2
4654 16 16 0
4654 24 10 0
2
42 169 
2
4655 16 16 0
4655 18 2 0
2
42 170 
2
4656 16 16 0
4656 26 14 0
2
42 171 
2
4657 16 16 0
4657 20 4 0
2
42 172 
2
4658 16 16 0
4658 26 8 0
2
42 173 
2
4659 16 16 0
4659 26 6 0
2
42 174 
2
4660 16 16 0
4660 20 32 0
2
42 175 
2
4661 16 16 0
4661 6 8 0
2
42 176 
2
4662 16 16 0
4662 20 30 0
2
42 177 
2
4663 16 16 0
4663 8 4 0
2
42 178 
2
4664 16 16 0
4664 10 2 0
2
42 179 
2
4665 16 16 0
4665 30 22 0
2
40 42 
2
4666 10 16 0
4666 16 16 0
2
41 43 
2
4620 20 12 0
4620 18 14 0
2
42 158 
2
4667 16 16 0
4667 4 14 0
2
43 127 
2
4621 18 14 0
4621 12 18 0
2
42 159 
2
4668 16 16 0
4668 14 4 0
2
42 160 
2
4669 16 16 0
4669 10 14 0
2
42 161 
2
4670 16 16 0
4670 14 2 0
2
42 162 
2
4671 16 16 0
4671 30 18 0
2
42 163 
2
4672 16 16 0
4672 24 22 0
2
42 164 
2
4673 16 16 0
4673 26 20 0
2
42 166 
2
4674 16 16 0
4674 20 22 0
2
42 167 
2
4675 16 16 0
4675 22 12 0
2
42 168 
2
4676 16 16 0
4676 24 10 0
2
42 169 
2
4677 16 16 0
4677 18 2 0
2
42 170 
2
4678 16 16 0
4678 26 14 0
2
42 171 
2
4679 16 16 0
4679 20 4 0
2
42 172 
2
4680 16 16 0
4680 26 8 0
2
42 173 
2
4681 16 16 0
4681 26 6 0
2
42 174 
2
4682 16 16 0
4682 20 32 0
2
42 175 
2
4683 16 16 0
4683 6 8 0
2
42 176 
2
4684 16 16 0
4684 20 30 0
2
42 177 
2
4685 16 16 0
4685 8 4 0
2
42 178 
2
4686 16 16 0
4686 10 2 0
2
42 179 
2
4687 16 16 0
4687 30 22 0
2
20 40 
2
4667 14 16 0
4667 10 16 0
2
21 41 
2
4621 20 14 0
4621 20 12 0
2
18 38 
2
4619 4 18 0
4619 4 16 0
2
19 39 
2
4612 20 8 0
4612 22 8 0
2
16 36 
2
4571 4 24 0
4571 4 22 0
2
17 37 
2
4588 26 4 0
4588 24 4 0
2
34 36 
2
4572 2 24 0
4572 4 22 0
2
35 37 
2
4589 28 2 0
4589 24 4 0
2
245 38 
2
4620 34 32 0
4620 4 16 0
2
36 38 
2
4621 4 22 0
4621 4 16 0
2
244 38 
2
4622 34 34 0
4622 4 16 0
2
16 38 
2
4623 4 24 0
4623 4 16 0
2
245 38 
2
4624 34 32 0
4624 4 16 0
2
36 38 
2
4625 4 22 0
4625 4 16 0
2
244 38 
2
4626 34 34 0
4626 4 16 0
2
246 39 
2
4613 34 30 0
4613 22 8 0
2
37 39 
2
4614 24 4 0
4614 22 8 0
2
247 39 
2
4615 34 28 0
4615 22 8 0
2
17 39 
2
4616 26 4 0
4616 22 8 0
2
246 39 
2
4617 34 30 0
4617 22 8 0
2
37 39 
2
4618 24 4 0
4618 22 8 0
2
244 39 
2
4619 34 34 0
4619 22 8 0
2
245 40 
2
4668 34 32 0
4668 10 16 0
2
38 40 
2
4669 4 16 0
4669 10 16 0
2
244 40 
2
4670 34 34 0
4670 10 16 0
2
18 40 
2
4671 4 18 0
4671 10 16 0
2
245 40 
2
4672 34 32 0
4672 10 16 0
2
38 40 
2
4673 4 16 0
4673 10 16 0
2
244 40 
2
4674 34 34 0
4674 10 16 0
2
246 41 
2
4622 34 30 0
4622 20 12 0
2
39 41 
2
4623 22 8 0
4623 20 12 0
2
248 41 
2
4624 34 26 0
4624 20 12 0
2
19 41 
2
4625 20 8 0
4625 20 12 0
2
246 41 
2
4626 34 30 0
4626 20 12 0
2
39 41 
2
4627 22 8 0
4627 20 12 0
2
245 41 
2
4628 34 32 0
4628 20 12 0
2
244 42 
2
4688 34 34 0
4688 16 16 0
2
40 42 
2
4689 10 16 0
4689 16 16 0
2
245 42 
2
4690 34 32 0
4690 16 16 0
2
20 42 
2
4691 14 16 0
4691 16 16 0
2
244 42 
2
4692 34 34 0
4692 16 16 0
2
40 42 
2
4693 10 16 0
4693 16 16 0
2
245 42 
2
4694 34 32 0
4694 16 16 0
2
247 43 
2
4622 34 28 0
4622 18 14 0
2
41 43 
2
4629 20 12 0
4629 18 14 0
2
244 43 
2
4630 34 34 0
4630 18 14 0
2
21 43 
2
4631 20 14 0
4631 18 14 0
2
245 43 
2
4632 34 32 0
4632 18 14 0
2
41 43 
2
4633 20 12 0
4633 18 14 0
2
244 43 
2
4634 34 34 0
4634 18 14 0
2
42 178 
2
4695 16 16 0
4695 10 2 0
2
43 110 
2
4635 18 14 0
4635 6 20 0
2
42 179 
2
4696 16 16 0
4696 30 22 0
2
42 180 
2
4697 16 16 0
4697 26 26 0
2
40 42 
2
4698 10 16 0
4698 16 16 0
2
41 43 
2
4636 20 12 0
4636 18 14 0
2
42 178 
2
4699 16 16 0
4699 10 2 0
2
43 110 
2
4637 18 14 0
4637 6 20 0
2
42 179 
2
4700 16 16 0
4700 30 22 0
2
43 127 
2
4638 18 14 0
4638 12 18 0
2
42 180 
2
4701 16 16 0
4701 26 26 0
2
20 40 
2
4699 14 16 0
4699 10 16 0
2
21 41 
2
4637 20 14 0
4637 20 12 0
2
38 40 
2
4700 4 16 0
4700 10 16 0
2
39 41 
2
4638 22 8 0
4638 20 12 0
2
245 42 
2
4702 34 32 0
4702 16 16 0
2
40 42 
2
4703 10 16 0
4703 16 16 0
2
248 42 
2
4704 34 26 0
4704 16 16 0
2
20 42 
2
4705 14 16 0
4705 16 16 0
2
244 42 
2
4706 34 34 0
4706 16 16 0
2
40 42 
2
4707 10 16 0
4707 16 16 0
2
245 42 
2
4708 34 32 0
4708 16 16 0
2
245 43 
2
4639 34 32 0
4639 18 14 0
2
41 43 
2
4640 20 12 0
4640 18 14 0
2
244 43 
2
4641 34 34 0
4641 18 14 0
2
21 43 
2
4642 20 14 0
4642 18 14 0
2
246 43 
2
4643 34 30 0
4643 18 14 0
2
41 43 
2
4644 20 12 0
4644 18 14 0
2
245 43 
2
4645 34 32 0
4645 18 14 0
2
42 179 
2
4709 16 16 0
4709 30 22 0
2
43 133 
2
4646 18 14 0
4646 10 12 0
2
42 180 
2
4710 16 16 0
4710 26 26 0
2
42 181 
2
4711 16 16 0
4711 32 20 0
2
40 42 
2
4712 10 16 0
4712 16 16 0
2
41 43 
2
4647 20 12 0
4647 18 14 0
2
42 179 
2
4713 16 16 0
4713 30 22 0
2
43 132 
2
4648 18 14 0
4648 8 16 0
2
42 180 
2
4714 16 16 0
4714 26 26 0
2
42 181 
2
4715 16 16 0
4715 32 20 0
2
20 40 
2
4713 14 16 0
4713 10 16 0
2
21 41 
2
4648 20 14 0
4648 20 12 0
2
18 38 
2
4701 4 18 0
4701 4 16 0
2
19 39 
2
4639 20 8 0
4639 22 8 0
2
36 38 
2
4702 4 22 0
4702 4 16 0
2
37 39 
2
4640 24 4 0
4640 22 8 0
2
245 40 
2
4714 34 32 0
4714 10 16 0
2
38 40 
2
4715 4 16 0
4715 10 16 0
2
244 40 
2
4716 34 34 0
4716 10 16 0
2
18 40 
2
4717 4 18 0
4717 10 16 0
2
245 40 
2
4718 34 32 0
4718 10 16 0
2
38 40 
2
4719 4 16 0
4719 10 16 0
2
244 40 
2
4720 34 34 0
4720 10 16 0
2
245 41 
2
4649 34 32 0
4649 20 12 0
2
39 41 
2
4650 22 8 0
4650 20 12 0
2
244 41 
2
4651 34 34 0
4651 20 12 0
2
19 41 
2
4652 20 8 0
4652 20 12 0
2
245 41 
2
4653 34 32 0
4653 20 12 0
2
39 41 
2
4654 22 8 0
4654 20 12 0
2
244 41 
2
4655 34 34 0
4655 20 12 0
2
247 42 
2
4716 34 28 0
4716 16 16 0
2
40 42 
2
4721 10 16 0
4721 16 16 0
2
247 42 
2
4722 34 28 0
4722 16 16 0
2
20 42 
2
4723 14 16 0
4723 16 16 0
2
245 42 
2
4724 34 32 0
4724 16 16 0
2
40 42 
2
4725 10 16 0
4725 16 16 0
2
244 42 
2
4726 34 34 0
4726 16 16 0
2
246 43 
2
4649 34 30 0
4649 18 14 0
2
41 43 
2
4656 20 12 0
4656 18 14 0
2
245 43 
2
4657 34 32 0
4657 18 14 0
2
21 43 
2
4658 20 14 0
4658 18 14 0
2
244 43 
2
4659 34 34 0
4659 18 14 0
2
41 43 
2
4660 20 12 0
4660 18 14 0
2
245 43 
2
4661 34 32 0
4661 18 14 0
2
42 71 
2
4727 16 16 0
4727 8 28 0
2
43 132 
2
4662 18 14 0
4662 8 16 0
2
42 72 
2
4728 16 16 0
4728 8 30 0
2
43 133 
2
4663 18 14 0
4663 10 12 0
2
42 73 
2
4729 16 16 0
4729 2 22 0
2
40 42 
2
4730 10 16 0
4730 16 16 0
2
41 43 
2
4664 20 12 0
4664 18 14 0
2
42 71 
2
4731 16 16 0
4731 8 28 0
2
43 135 
2
4665 18 14 0
4665 10 26 0
2
42 72 
2
4732 16 16 0
4732 8 30 0
2
42 73 
2
4733 16 16 0
4733 2 22 0
2
20 40 
2
4731 14 16 0
4731 10 16 0
2
21 41 
2
4665 20 14 0
4665 20 12 0
2
38 40 
2
4732 4 16 0
4732 10 16 0
2
39 41 
2
4666 22 8 0
4666 20 12 0
2
244 42 
2
4734 34 34 0
4734 16 16 0
2
40 42 
2
4735 10 16 0
4735 16 16 0
2
246 42 
2
4736 34 30 0
4736 16 16 0
2
20 42 
2
4737 14 16 0
4737 16 16 0
2
244 42 
2
4738 34 34 0
4738 16 16 0
2
40 42 
2
4739 10 16 0
4739 16 16 0
2
246 42 
2
4740 34 30 0
4740 16 16 0
2
244 43 
2
4666 34 34 0
4666 18 14 0
2
41 43 
2
4667 20 12 0
4667 18 14 0
2
246 43 
2
4668 34 30 0
4668 18 14 0
2
21 43 
2
4669 20 14 0
4669 18 14 0
2
248 43 
2
4670 34 26 0
4670 18 14 0
2
41 43 
2
4671 20 12 0
4671 18 14 0
2
246 43 
2
4672 34 30 0
4672 18 14 0
2
42 72 
2
4741 16 16 0
4741 8 30 0
2
43 134 
2
4673 18 14 0
4673 16 30 0
2
42 73 
2
4742 16 16 0
4742 2 22 0
2
42 74 
2
4743 16 16 0
4743 8 26 0
2
40 42 
2
4744 10 16 0
4744 16 16 0
2
41 43 
2
4674 20 12 0
4674 18 14 0
2
42 72 
2
4745 16 16 0
4745 8 30 0
2
43 134 
2
4675 18 14 0
4675 16 30 0
2
42 73 
2
4746 16 16 0
4746 2 22 0
2
43 135 
2
4676 18 14 0
4676 10 26 0
2
42 74 
2
4747 16 16 0
4747 8 26 0
2
20 40 
2
4745 14 16 0
4745 10 16 0
2
21 41 
2
4675 20 14 0
4675 20 12 0
2
18 38 
2
4733 4 18 0
4733 4 16 0
2
19 39 
2
4667 20 8 0
4667 22 8 0
2
16 36 
2
4703 4 24 0
4703 4 22 0
2
17 37 
2
4641 26 4 0
4641 24 4 0
2
14 34 
2
4573 4 26 0
4573 2 24 0
2
15 35 
2
4590 26 2 0
4590 28 2 0
2
32 34 
2
4574 2 28 0
4574 2 24 0
2
33 35 
2
4591 32 2 0
4591 28 2 0
2
249 36 
2
4704 34 24 0
4704 4 22 0
2
34 36 
2
4705 2 24 0
4705 4 22 0
2
246 36 
2
4706 34 30 0
4706 4 22 0
2
14 36 
2
4707 4 26 0
4707 4 22 0
2
248 36 
2
4708 34 26 0
4708 4 22 0
2
34 36 
2
4709 2 24 0
4709 4 22 0
2
246 36 
2
4710 34 30 0
4710 4 22 0
2
247 37 
2
4642 34 28 0
4642 24 4 0
2
35 37 
2
4643 28 2 0
4643 24 4 0
2
248 37 
2
4644 34 26 0
4644 24 4 0
2
15 37 
2
4645 26 2 0
4645 24 4 0
2
246 37 
2
4646 34 30 0
4646 24 4 0
2
35 37 
2
4647 28 2 0
4647 24 4 0
2
244 37 
2
4648 34 34 0
4648 24 4 0
2
245 38 
2
4734 34 32 0
4734 4 16 0
2
36 38 
2
4735 4 22 0
4735 4 16 0
2
248 38 
2
4736 34 26 0
4736 4 16 0
2
16 38 
2
4737 4 24 0
4737 4 16 0
2
245 38 
2
4738 34 32 0
4738 4 16 0
2
36 38 
2
4739 4 22 0
4739 4 16 0
2
248 38 
2
4740 34 26 0
4740 4 16 0
2
247 39 
2
4668 34 28 0
4668 22 8 0
2
37 39 
2
4669 24 4 0
4669 22 8 0
2
249 39 
2
4670 34 24 0
4670 22 8 0
2
17 39 
2
4671 26 4 0
4671 22 8 0
2
247 39 
2
4672 34 28 0
4672 22 8 0
2
37 39 
2
4673 24 4 0
4673 22 8 0
2
248 39 
2
4674 34 26 0
4674 22 8 0
2
244 40 
2
4746 34 34 0
4746 10 16 0
2
38 40 
2
4747 4 16 0
4747 10 16 0
2
245 40 
2
4748 34 32 0
4748 10 16 0
2
18 40 
2
4749 4 18 0
4749 10 16 0
2
244 40 
2
4750 34 34 0
4750 10 16 0
2
38 40 
2
4751 4 16 0
4751 10 16 0
2
246 40 
2
4752 34 30 0
4752 10 16 0
2
245 41 
2
4676 34 32 0
4676 20 12 0
2
39 41 
2
4677 22 8 0
4677 20 12 0
2
246 41 
2
4678 34 30 0
4678 20 12 0
2
19 41 
2
4679 20 8 0
4679 20 12 0
2
244 41 
2
4680 34 34 0
4680 20 12 0
2
39 41 
2
4681 22 8 0
4681 20 12 0
2
245 41 
2
4682 34 32 0
4682 20 12 0
2
246 42 
2
4748 34 30 0
4748 16 16 0
2
40 42 
2
4753 10 16 0
4753 16 16 0
2
245 42 
2
4754 34 32 0
4754 16 16 0
2
20 42 
2
4755 14 16 0
4755 16 16 0
2
244 42 
2
4756 34 34 0
4756 16 16 0
2
40 42 
2
4757 10 16 0
4757 16 16 0
2
246 42 
2
4758 34 30 0
4758 16 16 0
2
244 43 
2
4677 34 34 0
4677 18 14 0
2
41 43 
2
4683 20 12 0
4683 18 14 0
2
244 43 
2
4684 34 34 0
4684 18 14 0
2
21 43 
2
4685 20 14 0
4685 18 14 0
2
245 43 
2
4686 34 32 0
4686 18 14 0
2
41 43 
2
4687 20 12 0
4687 18 14 0
2
246 43 
2
4688 34 30 0
4688 18 14 0
2
42 71 
2
4759 16 16 0
4759 8 28 0
2
43 137 
2
4689 18 14 0
4689 16 28 0
2
42 72 
2
4760 16 16 0
4760 8 30 0
2
42 73 
2
4761 16 16 0
4761 2 22 0
2
42 74 
2
4762 16 16 0
4762 8 26 0
2
42 75 
2
4763 16 16 0
4763 10 30 0
2
42 76 
2
4764 16 16 0
4764 6 24 0
2
42 77 
2
4765 16 16 0
4765 14 32 0
2
42 78 
2
4766 16 16 0
4766 10 28 0
2
42 79 
2
4767 16 16 0
4767 2 20 0
2
42 80 
2
4768 16 16 0
4768 24 28 0
2
42 81 
2
4769 16 16 0
4769 6 6 0
2
42 82 
2
4770 16 16 0
4770 28 22 0
2
42 83 
2
4771 16 16 0
4771 10 4 0
2
42 84 
2
4772 16 16 0
4772 28 24 0
2
42 85 
2
4773 16 16 0
4773 30 20 0
2
42 88 
2
4774 16 16 0
4774 12 4 0
2
42 110 
2
4775 16 16 0
4775 6 20 0
2
42 127 
2
4776 16 16 0
4776 12 18 0
2
42 132 
2
4777 16 16 0
4777 8 16 0
2
42 133 
2
4778 16 16 0
4778 10 12 0
2
42 134 
2
4779 16 16 0
4779 16 30 0
2
40 42 
2
4780 10 16 0
4780 16 16 0
2
41 43 
2
4690 20 12 0
4690 18 14 0
2
42 71 
2
4781 16 16 0
4781 8 28 0
2
43 136 
2
4691 18 14 0
4691 16 26 0
2
42 72 
2
4782 16 16 0
4782 8 30 0
2
42 73 
2
4783 16 16 0
4783 2 22 0
2
42 74 
2
4784 16 16 0
4784 8 26 0
2
42 75 
2
4785 16 16 0
4785 10 30 0
2
42 76 
2
4786 16 16 0
4786 6 24 0
2
42 77 
2
4787 16 16 0
4787 14 32 0
2
42 78 
2
4788 16 16 0
4788 10 28 0
2
42 79 
2
4789 16 16 0
4789 2 20 0
2
42 80 
2
4790 16 16 0
4790 24 28 0
2
42 81 
2
4791 16 16 0
4791 6 6 0
2
42 82 
2
4792 16 16 0
4792 28 22 0
2
42 83 
2
4793 16 16 0
4793 10 4 0
2
42 84 
2
4794 16 16 0
4794 28 24 0
2
42 85 
2
4795 16 16 0
4795 30 20 0
2
42 88 
2
4796 16 16 0
4796 12 4 0
2
42 110 
2
4797 16 16 0
4797 6 20 0
2
42 127 
2
4798 16 16 0
4798 12 18 0
2
42 132 
2
4799 16 16 0
4799 8 16 0
2
42 133 
2
4800 16 16 0
4800 10 12 0
2
42 134 
2
4801 16 16 0
4801 16 30 0
2
20 40 
2
4781 14 16 0
4781 10 16 0
2
21 41 
2
4691 20 14 0
4691 20 12 0
2
38 40 
2
4782 4 16 0
4782 10 16 0
2
39 41 
2
4692 22 8 0
4692 20 12 0
2
244 42 
2
4802 34 34 0
4802 16 16 0
2
40 42 
2
4803 10 16 0
4803 16 16 0
2
245 42 
2
4804 34 32 0
4804 16 16 0
2
20 42 
2
4805 14 16 0
4805 16 16 0
2
244 42 
2
4806 34 34 0
4806 16 16 0
2
40 42 
2
4807 10 16 0
4807 16 16 0
2
245 42 
2
4808 34 32 0
4808 16 16 0
2
246 43 
2
4692 34 30 0
4692 18 14 0
2
41 43 
2
4693 20 12 0
4693 18 14 0
2
247 43 
2
4694 34 28 0
4694 18 14 0
2
21 43 
2
4695 20 14 0
4695 18 14 0
2
244 43 
2
4696 34 34 0
4696 18 14 0
2
41 43 
2
4697 20 12 0
4697 18 14 0
2
245 43 
2
4698 34 32 0
4698 18 14 0
2
42 72 
2
4809 16 16 0
4809 8 30 0
2
43 136 
2
4699 18 14 0
4699 16 26 0
2
42 73 
2
4810 16 16 0
4810 2 22 0
2
43 137 
2
4700 18 14 0
4700 16 28 0
2
42 74 
2
4811 16 16 0
4811 8 26 0
2
42 75 
2
4812 16 16 0
4812 10 30 0
2
42 76 
2
4813 16 16 0
4813 6 24 0
2
42 77 
2
4814 16 16 0
4814 14 32 0
2
42 78 
2
4815 16 16 0
4815 10 28 0
2
42 79 
2
4816 16 16 0
4816 2 20 0
2
42 80 
2
4817 16 16 0
4817 24 28 0
2
42 81 
2
4818 16 16 0
4818 6 6 0
2
42 82 
2
4819 16 16 0
4819 28 22 0
2
42 83 
2
4820 16 16 0
4820 10 4 0
2
42 84 
2
4821 16 16 0
4821 28 24 0
2
42 85 
2
4822 16 16 0
4822 30 20 0
2
42 88 
2
4823 16 16 0
4823 12 4 0
2
42 110 
2
4824 16 16 0
4824 6 20 0
2
42 127 
2
4825 16 16 0
4825 12 18 0
2
42 132 
2
4826 16 16 0
4826 8 16 0
2
42 133 
2
4827 16 16 0
4827 10 12 0
2
42 134 
2
4828 16 16 0
4828 16 30 0
2
42 135 
2
4829 16 16 0
4829 10 26 0
2
40 42 
2
4830 10 16 0
4830 16 16 0
2
41 43 
2
4701 20 12 0
4701 18 14 0
2
42 72 
2
4831 16 16 0
4831 8 30 0
2
43 139 
2
4702 18 14 0
4702 12 26 0
2
42 73 
2
4832 16 16 0
4832 2 22 0
2
42 74 
2
4833 16 16 0
4833 8 26 0
2
42 75 
2
4834 16 16 0
4834 10 30 0
2
42 76 
2
4835 16 16 0
4835 6 24 0
2
42 77 
2
4836 16 16 0
4836 14 32 0
2
42 78 
2
4837 16 16 0
4837 10 28 0
2
42 79 
2
4838 16 16 0
4838 2 20 0
2
42 80 
2
4839 16 16 0
4839 24 28 0
2
42 81 
2
4840 16 16 0
4840 6 6 0
2
42 82 
2
4841 16 16 0
4841 28 22 0
2
42 83 
2
4842 16 16 0
4842 10 4 0
2
42 84 
2
4843 16 16 0
4843 28 24 0
2
42 85 
2
4844 16 16 0
4844 30 20 0
2
42 88 
2
4845 16 16 0
4845 12 4 0
2
42 110 
2
4846 16 16 0
4846 6 20 0
2
42 127 
2
4847 16 16 0
4847 12 18 0
2
42 132 
2
4848 16 16 0
4848 8 16 0
2
42 133 
2
4849 16 16 0
4849 10 12 0
2
42 134 
2
4850 16 16 0
4850 16 30 0
2
42 135 
2
4851 16 16 0
4851 10 26 0
2
20 40 
2
4831 14 16 0
4831 10 16 0
2
21 41 
2
4702 20 14 0
4702 20 12 0
2
18 38 
2
4783 4 18 0
4783 4 16 0
2
19 39 
2
4693 20 8 0
4693 22 8 0
2
36 38 
2
4784 4 22 0
4784 4 16 0
2
37 39 
2
4694 24 4 0
4694 22 8 0
2
244 40 
2
4832 34 34 0
4832 10 16 0
2
38 40 
2
4833 4 16 0
4833 10 16 0
2
245 40 
2
4834 34 32 0
4834 10 16 0
2
18 40 
2
4835 4 18 0
4835 10 16 0
2
244 40 
2
4836 34 34 0
4836 10 16 0
2
38 40 
2
4837 4 16 0
4837 10 16 0
2
245 40 
2
4838 34 32 0
4838 10 16 0
2
244 41 
2
4703 34 34 0
4703 20 12 0
2
39 41 
2
4704 22 8 0
4704 20 12 0
2
245 41 
2
4705 34 32 0
4705 20 12 0
2
19 41 
2
4706 20 8 0
4706 20 12 0
2
247 41 
2
4707 34 28 0
4707 20 12 0
2
39 41 
2
4708 22 8 0
4708 20 12 0
2
244 41 
2
4709 34 34 0
4709 20 12 0
2
244 42 
2
4852 34 34 0
4852 16 16 0
2
40 42 
2
4853 10 16 0
4853 16 16 0
2
245 42 
2
4854 34 32 0
4854 16 16 0
2
20 42 
2
4855 14 16 0
4855 16 16 0
2
244 42 
2
4856 34 34 0
4856 16 16 0
2
40 42 
2
4857 10 16 0
4857 16 16 0
2
245 42 
2
4858 34 32 0
4858 16 16 0
2
247 43 
2
4703 34 28 0
4703 18 14 0
2
41 43 
2
4710 20 12 0
4710 18 14 0
2
245 43 
2
4711 34 32 0
4711 18 14 0
2
21 43 
2
4712 20 14 0
4712 18 14 0
2
244 43 
2
4713 34 34 0
4713 18 14 0
2
41 43 
2
4714 20 12 0
4714 18 14 0
2
246 43 
2
4715 34 30 0
4715 18 14 0
2
42 134 
2
4859 16 16 0
4859 16 30 0
2
43 138 
2
4716 18 14 0
4716 10 20 0
2
42 135 
2
4860 16 16 0
4860 10 26 0
2
42 136 
2
4861 16 16 0
4861 16 26 0
2
40 42 
2
4862 10 16 0
4862 16 16 0
2
41 43 
2
4717 20 12 0
4717 18 14 0
2
42 134 
2
4863 16 16 0
4863 16 30 0
2
43 138 
2
4718 18 14 0
4718 10 20 0
2
42 135 
2
4864 16 16 0
4864 10 26 0
2
43 139 
2
4719 18 14 0
4719 12 26 0
2
42 136 
2
4865 16 16 0
4865 16 26 0
2
20 40 
2
4863 14 16 0
4863 10 16 0
2
21 41 
2
4718 20 14 0
4718 20 12 0
2
38 40 
2
4864 4 16 0
4864 10 16 0
2
39 41 
2
4719 22 8 0
4719 20 12 0
2
244 42 
2
4866 34 34 0
4866 16 16 0
2
40 42 
2
4867 10 16 0
4867 16 16 0
2
246 42 
2
4868 34 30 0
4868 16 16 0
2
20 42 
2
4869 14 16 0
4869 16 16 0
2
244 42 
2
4870 34 34 0
4870 16 16 0
2
40 42 
2
4871 10 16 0
4871 16 16 0
2
246 42 
2
4872 34 30 0
4872 16 16 0
2
246 43 
2
4720 34 30 0
4720 18 14 0
2
41 43 
2
4721 20 12 0
4721 18 14 0
2
248 43 
2
4722 34 26 0
4722 18 14 0
2
21 43 
2
4723 20 14 0
4723 18 14 0
2
246 43 
2
4724 34 30 0
4724 18 14 0
2
41 43 
2
4725 20 12 0
4725 18 14 0
2
248 43 
2
4726 34 26 0
4726 18 14 0
2
42 135 
2
4873 16 16 0
4873 10 26 0
2
43 141 
2
4727 18 14 0
4727 14 20 0
2
42 136 
2
4874 16 16 0
4874 16 26 0
2
42 137 
2
4875 16 16 0
4875 16 28 0
2
40 42 
2
4876 10 16 0
4876 16 16 0
2
41 43 
2
4728 20 12 0
4728 18 14 0
2
42 135 
2
4877 16 16 0
4877 10 26 0
2
43 140 
2
4729 18 14 0
4729 14 18 0
2
42 136 
2
4878 16 16 0
4878 16 26 0
2
42 137 
2
4879 16 16 0
4879 16 28 0
2
20 40 
2
4877 14 16 0
4877 10 16 0
2
21 41 
2
4729 20 14 0
4729 20 12 0
2
18 38 
2
4865 4 18 0
4865 4 16 0
2
19 39 
2
4720 20 8 0
4720 22 8 0
2
16 36 
2
4785 4 24 0
4785 4 22 0
2
17 37 
2
4695 26 4 0
4695 24 4 0
2
34 36 
2
4786 2 24 0
4786 4 22 0
2
35 37 
2
4696 28 2 0
4696 24 4 0
2
245 38 
2
4866 34 32 0
4866 4 16 0
2
36 38 
2
4867 4 22 0
4867 4 16 0
2
247 38 
2
4868 34 28 0
4868 4 16 0
2
16 38 
2
4869 4 24 0
4869 4 16 0
2
245 38 
2
4870 34 32 0
4870 4 16 0
2
36 38 
2
4871 4 22 0
4871 4 16 0
2
247 38 
2
4872 34 28 0
4872 4 16 0
2
245 39 
2
4721 34 32 0
4721 22 8 0
2
37 39 
2
4722 24 4 0
4722 22 8 0
2
244 39 
2
4723 34 34 0
4723 22 8 0
2
17 39 
2
4724 26 4 0
4724 22 8 0
2
247 39 
2
4725 34 28 0
4725 22 8 0
2
37 39 
2
4726 24 4 0
4726 22 8 0
2
245 39 
2
4727 34 32 0
4727 22 8 0
2
244 40 
2
4878 34 34 0
4878 10 16 0
2
38 40 
2
4879 4 16 0
4879 10 16 0
2
245 40 
2
4880 34 32 0
4880 10 16 0
2
18 40 
2
4881 4 18 0
4881 10 16 0
2
244 40 
2
4882 34 34 0
4882 10 16 0
2
38 40 
2
4883 4 16 0
4883 10 16 0
2
245 40 
2
4884 34 32 0
4884 10 16 0
2
244 41 
2
4730 34 34 0
4730 20 12 0
2
39 41 
2
4731 22 8 0
4731 20 12 0
2
246 41 
2
4732 34 30 0
4732 20 12 0
2
19 41 
2
4733 20 8 0
4733 20 12 0
2
247 41 
2
4734 34 28 0
4734 20 12 0
2
39 41 
2
4735 22 8 0
4735 20 12 0
2
249 41 
2
4736 34 24 0
4736 20 12 0
2
246 42 
2
4880 34 30 0
4880 16 16 0
2
40 42 
2
4885 10 16 0
4885 16 16 0
2
244 42 
2
4886 34 34 0
4886 16 16 0
2
20 42 
2
4887 14 16 0
4887 16 16 0
2
245 42 
2
4888 34 32 0
4888 16 16 0
2
40 42 
2
4889 10 16 0
4889 16 16 0
2
244 42 
2
4890 34 34 0
4890 16 16 0
2
245 43 
2
4730 34 32 0
4730 18 14 0
2
41 43 
2
4737 20 12 0
4737 18 14 0
2
247 43 
2
4738 34 28 0
4738 18 14 0
2
21 43 
2
4739 20 14 0
4739 18 14 0
2
249 43 
2
4740 34 24 0
4740 18 14 0
2
41 43 
2
4741 20 12 0
4741 18 14 0
2
244 43 
2
4742 34 34 0
4742 18 14 0
2
42 134 
2
4891 16 16 0
4891 16 30 0
2
43 140 
2
4743 18 14 0
4743 14 18 0
2
42 135 
2
4892 16 16 0
4892 10 26 0
2
43 141 
2
4744 18 14 0
4744 14 20 0
2
42 136 
2
4893 16 16 0
4893 16 26 0
2
42 137 
2
4894 16 16 0
4894 16 28 0
2
42 138 
2
4895 16 16 0
4895 10 20 0
2
42 139 
2
4896 16 16 0
4896 12 26 0
2
42 140 
2
4897 16 16 0
4897 14 18 0
2
42 141 
2
4898 16 16 0
4898 14 20 0
2
42 142 
2
4899 16 16 0
4899 8 12 0
2
42 143 
2
4900 16 16 0
4900 22 24 0
2
42 144 
2
4901 16 16 0
4901 24 18 0
2
42 145 
2
4902 16 16 0
4902 22 10 0
2
42 146 
2
4903 16 16 0
4903 30 12 0
2
42 147 
2
4904 16 16 0
4904 4 8 0
2
42 148 
2
4905 16 16 0
4905 12 30 0
2
42 165 
2
4906 16 16 0
4906 4 20 0
2
42 187 
2
4907 16 16 0
4907 12 28 0
2
42 190 
2
4908 16 16 0
4908 26 16 0
2
42 192 
2
4909 16 16 0
4909 18 26 0
2
42 193 
2
4910 16 16 0
4910 6 16 0
2
42 194 
2
4911 16 16 0
4911 14 22 0
2
40 42 
2
4912 10 16 0
4912 16 16 0
2
41 43 
2
4745 20 12 0
4745 18 14 0
2
42 134 
2
4913 16 16 0
4913 16 30 0
2
43 143 
2
4901 18 14 0
4901 22 24 0
2
42 135 
2
4914 16 16 0
4914 10 26 0
2
42 136 
2
4915 16 16 0
4915 16 26 0
2
42 137 
2
4916 16 16 0
4916 16 28 0
2
42 138 
2
4917 16 16 0
4917 10 20 0
2
42 139 
2
4918 16 16 0
4918 12 26 0
2
42 140 
2
4919 16 16 0
4919 14 18 0
2
42 141 
2
4920 16 16 0
4920 14 20 0
2
42 142 
2
4921 16 16 0
4921 8 12 0
2
42 143 
2
4922 16 16 0
4922 22 24 0
2
42 144 
2
4923 16 16 0
4923 24 18 0
2
42 145 
2
4924 16 16 0
4924 22 10 0
2
42 146 
2
4925 16 16 0
4925 30 12 0
2
42 147 
2
4926 16 16 0
4926 4 8 0
2
42 148 
2
4927 16 16 0
4927 12 30 0
2
42 165 
2
4928 16 16 0
4928 4 20 0
2
42 187 
2
4929 16 16 0
4929 12 28 0
2
42 190 
2
4930 16 16 0
4930 26 16 0
2
42 192 
2
4931 16 16 0
4931 18 26 0
2
42 193 
2
4932 16 16 0
4932 6 16 0
2
42 194 
2
4933 16 16 0
4933 14 22 0
2
20 40 
2
4913 14 16 0
4913 10 16 0
2
21 41 
2
4746 20 14 0
4746 20 12 0
2
38 40 
2
4914 4 16 0
4914 10 16 0
2
39 41 
2
4747 22 8 0
4747 20 12 0
2
244 42 
2
4934 34 34 0
4934 16 16 0
2
40 42 
2
4935 10 16 0
4935 16 16 0
2
245 42 
2
4936 34 32 0
4936 16 16 0
2
20 42 
2
4937 14 16 0
4937 16 16 0
2
244 42 
2
4938 34 34 0
4938 16 16 0
2
40 42 
2
4939 10 16 0
4939 16 16 0
2
245 42 
2
4940 34 32 0
4940 16 16 0
2
244 43 
2
4902 34 34 0
4902 18 14 0
2
41 43 
2
4903 20 12 0
4903 18 14 0
2
245 43 
2
4904 34 32 0
4904 18 14 0
2
21 43 
2
4905 20 14 0
4905 18 14 0
2
244 43 
2
4906 34 34 0
4906 18 14 0
2
41 43 
2
4907 20 12 0
4907 18 14 0
2
245 43 
2
4908 34 32 0
4908 18 14 0
2
42 135 
2
4941 16 16 0
4941 10 26 0
2
43 142 
2
4922 18 14 0
4922 8 12 0
2
42 136 
2
4942 16 16 0
4942 16 26 0
2
42 137 
2
4943 16 16 0
4943 16 28 0
2
42 138 
2
4944 16 16 0
4944 10 20 0
2
42 139 
2
4945 16 16 0
4945 12 26 0
2
42 140 
2
4946 16 16 0
4946 14 18 0
2
42 141 
2
4947 16 16 0
4947 14 20 0
2
42 142 
2
4948 16 16 0
4948 8 12 0
2
42 143 
2
4949 16 16 0
4949 22 24 0
2
42 144 
2
4950 16 16 0
4950 24 18 0
2
42 145 
2
4951 16 16 0
4951 22 10 0
2
42 146 
2
4952 16 16 0
4952 30 12 0
2
42 147 
2
4953 16 16 0
4953 4 8 0
2
42 148 
2
4954 16 16 0
4954 12 30 0
2
42 165 
2
4955 16 16 0
4955 4 20 0
2
42 187 
2
4956 16 16 0
4956 12 28 0
2
42 190 
2
4957 16 16 0
4957 26 16 0
2
42 192 
2
4958 16 16 0
4958 18 26 0
2
42 193 
2
4959 16 16 0
4959 6 16 0
2
42 194 
2
4960 16 16 0
4960 14 22 0
2
42 195 
2
4961 16 16 0
4961 10 22 0
2
40 42 
2
4962 10 16 0
4962 16 16 0
2
41 43 
2
4923 20 12 0
4923 18 14 0
2
42 135 
2
4963 16 16 0
4963 10 26 0
2
43 142 
2
4949 18 14 0
4949 8 12 0
2
42 136 
2
4964 16 16 0
4964 16 26 0
2
43 143 
2
4950 18 14 0
4950 22 24 0
2
42 137 
2
4965 16 16 0
4965 16 28 0
2
42 138 
2
4966 16 16 0
4966 10 20 0
2
42 139 
2
4967 16 16 0
4967 12 26 0
2
42 140 
2
4968 16 16 0
4968 14 18 0
2
42 141 
2
4969 16 16 0
4969 14 20 0
2
42 142 
2
4970 16 16 0
4970 8 12 0
2
42 143 
2
4971 16 16 0
4971 22 24 0
2
42 144 
2
4972 16 16 0
4972 24 18 0
2
42 145 
2
4973 16 16 0
4973 22 10 0
2
42 146 
2
4974 16 16 0
4974 30 12 0
2
42 147 
2
4975 16 16 0
4975 4 8 0
2
42 148 
2
4976 16 16 0
4976 12 30 0
2
42 165 
2
4977 16 16 0
4977 4 20 0
2
42 187 
2
4978 16 16 0
4978 12 28 0
2
42 190 
2
4979 16 16 0
4979 26 16 0
2
42 192 
2
4980 16 16 0
4980 18 26 0
2
42 193 
2
4981 16 16 0
4981 6 16 0
2
42 194 
2
4982 16 16 0
4982 14 22 0
2
42 195 
2
4983 16 16 0
4983 10 22 0
2
20 40 
2
4963 14 16 0
4963 10 16 0
2
21 41 
2
4924 20 14 0
4924 20 12 0
2
18 38 
2
4915 4 18 0
4915 4 16 0
2
19 39 
2
4748 20 8 0
4748 22 8 0
2
36 38 
2
4916 4 22 0
4916 4 16 0
2
37 39 
2
4749 24 4 0
4749 22 8 0
2
244 40 
2
4964 34 34 0
4964 10 16 0
2
38 40 
2
4965 4 16 0
4965 10 16 0
2
245 40 
2
4966 34 32 0
4966 10 16 0
2
18 40 
2
4967 4 18 0
4967 10 16 0
2
244 40 
2
4968 34 34 0
4968 10 16 0
2
38 40 
2
4969 4 16 0
4969 10 16 0
2
245 40 
2
4970 34 32 0
4970 10 16 0
2
244 41 
2
4925 34 34 0
4925 20 12 0
2
39 41 
2
4926 22 8 0
4926 20 12 0
2
245 41 
2
4927 34 32 0
4927 20 12 0
2
19 41 
2
4928 20 8 0
4928 20 12 0
2
244 41 
2
4929 34 34 0
4929 20 12 0
2
39 41 
2
4930 22 8 0
4930 20 12 0
2
245 41 
2
4931 34 32 0
4931 20 12 0
2
244 42 
2
4984 34 34 0
4984 16 16 0
2
40 42 
2
4985 10 16 0
4985 16 16 0
2
245 42 
2
4986 34 32 0
4986 16 16 0
2
20 42 
2
4987 14 16 0
4987 16 16 0
2
244 42 
2
4988 34 34 0
4988 16 16 0
2
40 42 
2
4989 10 16 0
4989 16 16 0
2
245 42 
2
4990 34 32 0
4990 16 16 0
2
244 43 
2
4951 34 34 0
4951 18 14 0
2
41 43 
2
4952 20 12 0
4952 18 14 0
2
245 43 
2
4953 34 32 0
4953 18 14 0
2
21 43 
2
4954 20 14 0
4954 18 14 0
2
244 43 
2
4955 34 34 0
4955 18 14 0
2
41 43 
2
4956 20 12 0
4956 18 14 0
2
245 43 
2
4957 34 32 0
4957 18 14 0
2
42 194 
2
4991 16 16 0
4991 14 22 0
2
43 145 
2
4974 18 14 0
4974 22 10 0
2
42 195 
2
4992 16 16 0
4992 10 22 0
2
42 196 
2
4993 16 16 0
4993 8 18 0
2
40 42 
2
4994 10 16 0
4994 16 16 0
2
41 43 
2
4975 20 12 0
4975 18 14 0
2
42 194 
2
4995 16 16 0
4995 14 22 0
2
43 144 
2
4976 18 14 0
4976 24 18 0
2
42 195 
2
4996 16 16 0
4996 10 22 0
2
42 196 
2
4997 16 16 0
4997 8 18 0
2
20 40 
2
4995 14 16 0
4995 10 16 0
2
21 41 
2
4976 20 14 0
4976 20 12 0
2
38 40 
2
4996 4 16 0
4996 10 16 0
2
39 41 
2
4977 22 8 0
4977 20 12 0
2
245 42 
2
4998 34 32 0
4998 16 16 0
2
40 42 
2
4999 10 16 0
4999 16 16 0
2
244 42 
2
5000 34 34 0
5000 16 16 0
2
20 42 
2
5001 14 16 0
5001 16 16 0
2
245 42 
2
5002 34 32 0
5002 16 16 0
2
40 42 
2
5003 10 16 0
5003 16 16 0
2
244 42 
2
5004 34 34 0
5004 16 16 0
2
244 43 
2
4977 34 34 0
4977 18 14 0
2
41 43 
2
4978 20 12 0
4978 18 14 0
2
245 43 
2
4979 34 32 0
4979 18 14 0
2
21 43 
2
4980 20 14 0
4980 18 14 0
2
244 43 
2
4981 34 34 0
4981 18 14 0
2
41 43 
2
4982 20 12 0
4982 18 14 0
2
245 43 
2
4983 34 32 0
4983 18 14 0
2
42 195 
2
5005 16 16 0
5005 10 22 0
2
43 144 
2
4984 18 14 0
4984 24 18 0
2
42 196 
2
5006 16 16 0
5006 8 18 0
2
43 145 
2
4985 18 14 0
4985 22 10 0
2
42 197 
2
5007 16 16 0
5007 16 22 0
2
40 42 
2
5008 10 16 0
5008 16 16 0
2
41 43 
2
4986 20 12 0
4986 18 14 0
2
42 195 
2
5009 16 16 0
5009 10 22 0
2
43 147 
2
4987 18 14 0
4987 4 8 0
2
42 196 
2
5010 16 16 0
5010 8 18 0
2
42 197 
2
5011 16 16 0
5011 16 22 0
2
20 40 
2
5009 14 16 0
5009 10 16 0
2
21 41 
2
4987 20 14 0
4987 20 12 0
2
18 38 
2
4997 4 18 0
4997 4 16 0
2
19 39 
2
4978 20 8 0
4978 22 8 0
2
16 36 
2
4917 4 24 0
4917 4 22 0
2
17 37 
2
4750 26 4 0
4750 24 4 0
2
14 34 
2
4787 4 26 0
4787 2 24 0
2
15 35 
2
4697 26 2 0
4697 28 2 0
2
12 32 
2
4575 2 26 0
4575 2 28 0
2
13 33 
2
4592 30 2 0
4592 32 2 0
2
30 32 
2
4576 4 28 0
4576 2 28 0
2
31 33 
2
4593 32 6 0
4593 32 2 0
2
244 34 
2
4788 34 34 0
4788 2 24 0
2
32 34 
2
4789 2 28 0
4789 2 24 0
2
245 34 
2
4790 34 32 0
4790 2 24 0
2
12 34 
2
4791 2 26 0
4791 2 24 0
2
244 34 
2
4792 34 34 0
4792 2 24 0
2
32 34 
2
4793 2 28 0
4793 2 24 0
2
245 34 
2
4794 34 32 0
4794 2 24 0
2
246 35 
2
4698 34 30 0
4698 28 2 0
2
33 35 
2
4699 32 2 0
4699 28 2 0
2
244 35 
2
4700 34 34 0
4700 28 2 0
2
13 35 
2
4701 30 2 0
4701 28 2 0
2
246 35 
2
4702 34 30 0
4702 28 2 0
2
33 35 
2
4703 32 2 0
4703 28 2 0
2
250 35 
2
4704 34 22 0
4704 28 2 0
2
244 36 
2
4918 34 34 0
4918 4 22 0
2
34 36 
2
4919 2 24 0
4919 4 22 0
2
245 36 
2
4920 34 32 0
4920 4 22 0
2
14 36 
2
4921 4 26 0
4921 4 22 0
2
244 36 
2
4922 34 34 0
4922 4 22 0
2
34 36 
2
4923 2 24 0
4923 4 22 0
2
245 36 
2
4924 34 32 0
4924 4 22 0
2
245 37 
2
4751 34 32 0
4751 24 4 0
2
35 37 
2
4752 28 2 0
4752 24 4 0
2
244 37 
2
4753 34 34 0
4753 24 4 0
2
15 37 
2
4754 26 2 0
4754 24 4 0
2
246 37 
2
4755 34 30 0
4755 24 4 0
2
35 37 
2
4756 28 2 0
4756 24 4 0
2
245 37 
2
4757 34 32 0
4757 24 4 0
2
246 38 
2
4998 34 30 0
4998 4 16 0
2
36 38 
2
4999 4 22 0
4999 4 16 0
2
248 38 
2
5000 34 26 0
5000 4 16 0
2
16 38 
2
5001 4 24 0
5001 4 16 0
2
246 38 
2
5002 34 30 0
5002 4 16 0
2
36 38 
2
5003 4 22 0
5003 4 16 0
2
247 38 
2
5004 34 28 0
5004 4 16 0
2
246 39 
2
4979 34 30 0
4979 22 8 0
2
37 39 
2
4980 24 4 0
4980 22 8 0
2
247 39 
2
4981 34 28 0
4981 22 8 0
2
17 39 
2
4982 26 4 0
4982 22 8 0
2
246 39 
2
4983 34 30 0
4983 22 8 0
2
37 39 
2
4984 24 4 0
4984 22 8 0
2
247 39 
2
4985 34 28 0
4985 22 8 0
2
244 40 
2
5010 34 34 0
5010 10 16 0
2
38 40 
2
5011 4 16 0
5011 10 16 0
2
245 40 
2
5012 34 32 0
5012 10 16 0
2
18 40 
2
5013 4 18 0
5013 10 16 0
2
244 40 
2
5014 34 34 0
5014 10 16 0
2
38 40 
2
5015 4 16 0
5015 10 16 0
2
248 40 
2
5016 34 26 0
5016 10 16 0
2
246 41 
2
4988 34 30 0
4988 20 12 0
2
39 41 
2
4989 22 8 0
4989 20 12 0
2
248 41 
2
4990 34 26 0
4990 20 12 0
2
19 41 
2
4991 20 8 0
4991 20 12 0
2
244 41 
2
4992 34 34 0
4992 20 12 0
2
39 41 
2
4993 22 8 0
4993 20 12 0
2
245 41 
2
4994 34 32 0
4994 20 12 0
2
247 42 
2
5012 34 28 0
5012 16 16 0
2
40 42 
2
5017 10 16 0
5017 16 16 0
2
245 42 
2
5018 34 32 0
5018 16 16 0
2
20 42 
2
5019 14 16 0
5019 16 16 0
2
244 42 
2
5020 34 34 0
5020 16 16 0
2
40 42 
2
5021 10 16 0
5021 16 16 0
2
246 42 
2
5022 34 30 0
5022 16 16 0
2
247 43 
2
4988 34 28 0
4988 18 14 0
2
41 43 
2
4995 20 12 0
4995 18 14 0
2
244 43 
2
4996 34 34 0
4996 18 14 0
2
21 43 
2
4997 20 14 0
4997 18 14 0
2
247 43 
2
4998 34 28 0
4998 18 14 0
2
41 43 
2
4999 20 12 0
4999 18 14 0
2
249 43 
2
5000 34 24 0
5000 18 14 0
2
42 194 
2
5023 16 16 0
5023 14 22 0
2
43 146 
2
5001 18 14 0
5001 30 12 0
2
42 195 
2
5024 16 16 0
5024 10 22 0
2
42 196 
2
5025 16 16 0
5025 8 18 0
2
42 197 
2
5026 16 16 0
5026 16 22 0
2
42 198 
2
5027 16 16 0
5027 16 18 0
2
42 199 
2
5028 16 16 0
5028 14 28 0
2
42 200 
2
5029 16 16 0
5029 10 18 0
2
42 201 
2
5030 16 16 0
5030 18 20 0
2
42 202 
2
5031 16 16 0
5031 14 14 0
2
42 203 
2
5032 16 16 0
5032 2 14 0
2
42 204 
2
5033 16 16 0
5033 20 20 0
2
42 205 
2
5034 16 16 0
5034 18 10 0
2
42 206 
2
5035 16 16 0
5035 26 24 0
2
42 207 
2
5036 16 16 0
5036 4 10 0
2
42 208 
2
5037 16 16 0
5037 32 16 0
2
42 209 
2
5038 16 16 0
5038 2 18 0
2
42 210 
2
5039 16 16 0
5039 8 24 0
2
42 211 
2
5040 16 16 0
5040 6 18 0
2
42 212 
2
5041 16 16 0
5041 16 24 0
2
42 213 
2
5042 16 16 0
5042 16 32 0
2
42 214 
2
5043 16 16 0
5043 12 20 0
2
40 42 
2
5044 10 16 0
5044 16 16 0
2
41 43 
2
5002 20 12 0
5002 18 14 0
2
42 194 
2
5045 16 16 0
5045 14 22 0
2
43 146 
2
5003 18 14 0
5003 30 12 0
2
42 195 
2
5046 16 16 0
5046 10 22 0
2
43 147 
2
5004 18 14 0
5004 4 8 0
2
42 196 
2
5047 16 16 0
5047 8 18 0
2
42 197 
2
5048 16 16 0
5048 16 22 0
2
42 198 
2
5049 16 16 0
5049 16 18 0
2
42 199 
2
5050 16 16 0
5050 14 28 0
2
42 200 
2
5051 16 16 0
5051 10 18 0
2
42 201 
2
5052 16 16 0
5052 18 20 0
2
42 202 
2
5053 16 16 0
5053 14 14 0
2
42 203 
2
5054 16 16 0
5054 2 14 0
2
42 204 
2
5055 16 16 0
5055 20 20 0
2
42 205 
2
5056 16 16 0
5056 18 10 0
2
42 206 
2
5057 16 16 0
5057 26 24 0
2
42 207 
2
5058 16 16 0
5058 4 10 0
2
42 208 
2
5059 16 16 0
5059 32 16 0
2
42 209 
2
5060 16 16 0
5060 2 18 0
2
42 210 
2
5061 16 16 0
5061 8 24 0
2
42 211 
2
5062 16 16 0
5062 6 18 0
2
42 212 
2
5063 16 16 0
5063 16 24 0
2
42 213 
2
5064 16 16 0
5064 16 32 0
2
42 214 
2
5065 16 16 0
5065 12 20 0
2
20 40 
2
5045 14 16 0
5045 10 16 0
2
21 41 
2
5003 20 14 0
5003 20 12 0
2
38 40 
2
5046 4 16 0
5046 10 16 0
2
39 41 
2
5004 22 8 0
5004 20 12 0
2
244 42 
2
5066 34 34 0
5066 16 16 0
2
40 42 
2
5067 10 16 0
5067 16 16 0
2
245 42 
2
5068 34 32 0
5068 16 16 0
2
20 42 
2
5069 14 16 0
5069 16 16 0
2
246 42 
2
5070 34 30 0
5070 16 16 0
2
40 42 
2
5071 10 16 0
5071 16 16 0
2
244 42 
2
5072 34 34 0
5072 16 16 0
2
245 43 
2
5005 34 32 0
5005 18 14 0
2
41 43 
2
5006 20 12 0
5006 18 14 0
2
244 43 
2
5007 34 34 0
5007 18 14 0
2
21 43 
2
5008 20 14 0
5008 18 14 0
2
245 43 
2
5009 34 32 0
5009 18 14 0
2
41 43 
2
5010 20 12 0
5010 18 14 0
2
246 43 
2
5011 34 30 0
5011 18 14 0
2
42 195 
2
5073 16 16 0
5073 10 22 0
2
43 165 
2
5012 18 14 0
5012 4 20 0
2
42 196 
2
5074 16 16 0
5074 8 18 0
2
42 197 
2
5075 16 16 0
5075 16 22 0
2
42 198 
2
5076 16 16 0
5076 16 18 0
2
42 199 
2
5077 16 16 0
5077 14 28 0
2
42 200 
2
5078 16 16 0
5078 10 18 0
2
42 201 
2
5079 16 16 0
5079 18 20 0
2
42 202 
2
5080 16 16 0
5080 14 14 0
2
42 203 
2
5081 16 16 0
5081 2 14 0
2
42 204 
2
5082 16 16 0
5082 20 20 0
2
42 205 
2
5083 16 16 0
5083 18 10 0
2
42 206 
2
5084 16 16 0
5084 26 24 0
2
42 207 
2
5085 16 16 0
5085 4 10 0
2
42 208 
2
5086 16 16 0
5086 32 16 0
2
42 209 
2
5087 16 16 0
5087 2 18 0
2
42 210 
2
5088 16 16 0
5088 8 24 0
2
42 211 
2
5089 16 16 0
5089 6 18 0
2
42 212 
2
5090 16 16 0
5090 16 24 0
2
42 213 
2
5091 16 16 0
5091 16 32 0
2
42 214 
2
5092 16 16 0
5092 12 20 0
2
42 215 
2
5093 16 16 0
5093 18 16 0
2
40 42 
2
5094 10 16 0
5094 16 16 0
2
41 43 
2
5013 20 12 0
5013 18 14 0
2
42 195 
2
5095 16 16 0
5095 10 22 0
2
43 148 
2
5014 18 14 0
5014 12 30 0
2
42 196 
2
5096 16 16 0
5096 8 18 0
2
42 197 
2
5097 16 16 0
5097 16 22 0
2
42 198 
2
5098 16 16 0
5098 16 18 0
2
42 199 
2
5099 16 16 0
5099 14 28 0
2
42 200 
2
5100 16 16 0
5100 10 18 0
2
42 201 
2
5101 16 16 0
5101 18 20 0
2
42 202 
2
5102 16 16 0
5102 14 14 0
2
42 203 
2
5103 16 16 0
5103 2 14 0
2
42 204 
2
5104 16 16 0
5104 20 20 0
2
42 205 
2
5105 16 16 0
5105 18 10 0
2
42 206 
2
5106 16 16 0
5106 26 24 0
2
42 207 
2
5107 16 16 0
5107 4 10 0
2
42 208 
2
5108 16 16 0
5108 32 16 0
2
42 209 
2
5109 16 16 0
5109 2 18 0
2
42 210 
2
5110 16 16 0
5110 8 24 0
2
42 211 
2
5111 16 16 0
5111 6 18 0
2
42 212 
2
5112 16 16 0
5112 16 24 0
2
42 213 
2
5113 16 16 0
5113 16 32 0
2
42 214 
2
5114 16 16 0
5114 12 20 0
2
42 215 
2
5115 16 16 0
5115 18 16 0
2
20 40 
2
5095 14 16 0
5095 10 16 0
2
21 41 
2
5014 20 14 0
5014 20 12 0
2
18 38 
2
5047 4 18 0
5047 4 16 0
2
19 39 
2
5005 20 8 0
5005 22 8 0
2
36 38 
2
5048 4 22 0
5048 4 16 0
2
37 39 
2
5006 24 4 0
5006 22 8 0
2
244 40 
2
5096 34 34 0
5096 10 16 0
2
38 40 
2
5097 4 16 0
5097 10 16 0
2
246 40 
2
5098 34 30 0
5098 10 16 0
2
18 40 
2
5099 4 18 0
5099 10 16 0
2
245 40 
2
5100 34 32 0
5100 10 16 0
2
38 40 
2
5101 4 16 0
5101 10 16 0
2
244 40 
2
5102 34 34 0
5102 10 16 0
2
245 41 
2
5015 34 32 0
5015 20 12 0
2
39 41 
2
5016 22 8 0
5016 20 12 0
2
244 41 
2
5017 34 34 0
5017 20 12 0
2
19 41 
2
5018 20 8 0
5018 20 12 0
2
247 41 
2
5019 34 28 0
5019 20 12 0
2
39 41 
2
5020 22 8 0
5020 20 12 0
2
245 41 
2
5021 34 32 0
5021 20 12 0
2
246 42 
2
5116 34 30 0
5116 16 16 0
2
40 42 
2
5117 10 16 0
5117 16 16 0
2
244 42 
2
5118 34 34 0
5118 16 16 0
2
20 42 
2
5119 14 16 0
5119 16 16 0
2
246 42 
2
5120 34 30 0
5120 16 16 0
2
40 42 
2
5121 10 16 0
5121 16 16 0
2
244 42 
2
5122 34 34 0
5122 16 16 0
2
247 43 
2
5015 34 28 0
5015 18 14 0
2
41 43 
2
5022 20 12 0
5022 18 14 0
2
244 43 
2
5023 34 34 0
5023 18 14 0
2
21 43 
2
5024 20 14 0
5024 18 14 0
2
245 43 
2
5025 34 32 0
5025 18 14 0
2
41 43 
2
5026 20 12 0
5026 18 14 0
2
244 43 
2
5027 34 34 0
5027 18 14 0
2
42 214 
2
5123 16 16 0
5123 12 20 0
2
43 148 
2
5028 18 14 0
5028 12 30 0
2
42 215 
2
5124 16 16 0
5124 18 16 0
2
43 165 
2
5029 18 14 0
5029 4 20 0
2
42 216 
2
5125 16 16 0
5125 8 20 0
2
40 42 
2
5126 10 16 0
5126 16 16 0
2
41 43 
2
5030 20 12 0
5030 18 14 0
2
42 214 
2
5127 16 16 0
5127 12 20 0
2
43 190 
2
5031 18 14 0
5031 26 16 0
2
42 215 
2
5128 16 16 0
5128 18 16 0
2
42 216 
2
5129 16 16 0
5129 8 20 0
2
20 40 
2
5127 14 16 0
5127 10 16 0
2
21 41 
2
5031 20 14 0
5031 20 12 0
2
38 40 
2
5128 4 16 0
5128 10 16 0
2
39 41 
2
5032 22 8 0
5032 20 12 0
2
244 42 
2
5130 34 34 0
5130 16 16 0
2
40 42 
2
5131 10 16 0
5131 16 16 0
2
245 42 
2
5132 34 32 0
5132 16 16 0
2
20 42 
2
5133 14 16 0
5133 16 16 0
2
244 42 
2
5134 34 34 0
5134 16 16 0
2
40 42 
2
5135 10 16 0
5135 16 16 0
2
247 42 
2
5136 34 28 0
5136 16 16 0
2
244 43 
2
5032 34 34 0
5032 18 14 0
2
41 43 
2
5033 20 12 0
5033 18 14 0
2
245 43 
2
5034 34 32 0
5034 18 14 0
2
21 43 
2
5035 20 14 0
5035 18 14 0
2
244 43 
2
5036 34 34 0
5036 18 14 0
2
41 43 
2
5037 20 12 0
5037 18 14 0
2
245 43 
2
5038 34 32 0
5038 18 14 0
2
42 215 
2
5137 16 16 0
5137 18 16 0
2
43 187 
2
5039 18 14 0
5039 12 28 0
2
42 216 
2
5138 16 16 0
5138 8 20 0
2
42 217 
2
5139 16 16 0
5139 14 26 0
2
40 42 
2
5140 10 16 0
5140 16 16 0
2
41 43 
2
5040 20 12 0
5040 18 14 0
2
42 215 
2
5141 16 16 0
5141 18 16 0
2
43 187 
2
5041 18 14 0
5041 12 28 0
2
42 216 
2
5142 16 16 0
5142 8 20 0
2
43 190 
2
5042 18 14 0
5042 26 16 0
2
42 217 
2
5143 16 16 0
5143 14 26 0
2
20 40 
2
5141 14 16 0
5141 10 16 0
2
21 41 
2
5041 20 14 0
5041 20 12 0
2
18 38 
2
5129 4 18 0
5129 4 16 0
2
19 39 
2
5033 20 8 0
5033 22 8 0
2
16 36 
2
5049 4 24 0
5049 4 22 0
2
17 37 
2
5007 26 4 0
5007 24 4 0
2
34 36 
2
5050 2 24 0
5050 4 22 0
2
35 37 
2
5008 28 2 0
5008 24 4 0
2
246 38 
2
5130 34 30 0
5130 4 16 0
2
36 38 
2
5131 4 22 0
5131 4 16 0
2
248 38 
2
5132 34 26 0
5132 4 16 0
2
16 38 
2
5133 4 24 0
5133 4 16 0
2
246 38 
2
5134 34 30 0
5134 4 16 0
2
36 38 
2
5135 4 22 0
5135 4 16 0
2
248 38 
2
5136 34 26 0
5136 4 16 0
2
246 39 
2
5034 34 30 0
5034 22 8 0
2
37 39 
2
5035 24 4 0
5035 22 8 0
2
247 39 
2
5036 34 28 0
5036 22 8 0
2
17 39 
2
5037 26 4 0
5037 22 8 0
2
246 39 
2
5038 34 30 0
5038 22 8 0
2
37 39 
2
5039 24 4 0
5039 22 8 0
2
244 39 
2
5040 34 34 0
5040 22 8 0
2
245 40 
2
5142 34 32 0
5142 10 16 0
2
38 40 
2
5143 4 16 0
5143 10 16 0
2
244 40 
2
5144 34 34 0
5144 10 16 0
2
18 40 
2
5145 4 18 0
5145 10 16 0
2
247 40 
2
5146 34 28 0
5146 10 16 0
2
38 40 
2
5147 4 16 0
5147 10 16 0
2
245 40 
2
5148 34 32 0
5148 10 16 0
2
245 41 
2
5042 34 32 0
5042 20 12 0
2
39 41 
2
5043 22 8 0
5043 20 12 0
2
246 41 
2
5044 34 30 0
5044 20 12 0
2
19 41 
2
5045 20 8 0
5045 20 12 0
2
244 41 
2
5046 34 34 0
5046 20 12 0
2
39 41 
2
5047 22 8 0
5047 20 12 0
2
245 41 
2
5048 34 32 0
5048 20 12 0
2
246 42 
2
5144 34 30 0
5144 16 16 0
2
40 42 
2
5149 10 16 0
5149 16 16 0
2
244 42 
2
5150 34 34 0
5150 16 16 0
2
20 42 
2
5151 14 16 0
5151 16 16 0
2
246 42 
2
5152 34 30 0
5152 16 16 0
2
40 42 
2
5153 10 16 0
5153 16 16 0
2
245 42 
2
5154 34 32 0
5154 16 16 0
2
244 43 
2
5043 34 34 0
5043 18 14 0
2
41 43 
2
5049 20 12 0
5049 18 14 0
2
244 43 
2
5050 34 34 0
5050 18 14 0
2
21 43 
2
5051 20 14 0
5051 18 14 0
2
245 43 
2
5052 34 32 0
5052 18 14 0
2
41 43 
2
5053 20 12 0
5053 18 14 0
2
246 43 
2
5054 34 30 0
5054 18 14 0
2
42 214 
2
5155 16 16 0
5155 12 20 0
2
43 193 
2
5055 18 14 0
5055 6 16 0
2
42 215 
2
5156 16 16 0
5156 18 16 0
2
42 216 
2
5157 16 16 0
5157 8 20 0
2
42 217 
2
5158 16 16 0
5158 14 26 0
2
42 218 
2
5159 16 16 0
5159 10 24 0
2
42 219 
2
5160 16 16 0
5160 24 24 0
2
42 220 
2
5161 16 16 0
5161 12 24 0
2
42 221 
2
5162 16 16 0
5162 6 22 0
2
42 222 
2
5163 16 16 0
5163 6 14 0
2
42 223 
2
5164 16 16 0
5164 14 12 0
2
42 224 
2
5165 16 16 0
5165 24 12 0
2
42 225 
2
5166 16 16 0
5166 20 18 0
2
42 226 
2
5167 16 16 0
5167 18 32 0
2
42 227 
2
5168 16 16 0
5168 2 12 0
2
42 228 
2
5169 16 16 0
5169 12 2 0
2
42 229 
2
5170 16 16 0
5170 2 16 0
2
42 230 
2
5171 16 16 0
5171 10 8 0
2
42 231 
2
5172 16 16 0
5172 14 30 0
2
42 232 
2
5173 16 16 0
5173 26 22 0
2
42 233 
2
5174 16 16 0
5174 8 22 0
2
42 234 
2
5175 16 16 0
5175 12 22 0
2
40 42 
2
5176 10 16 0
5176 16 16 0
2
41 43 
2
5056 20 12 0
5056 18 14 0
2
42 214 
2
5177 16 16 0
5177 12 20 0
2
43 192 
2
5057 18 14 0
5057 18 26 0
2
42 215 
2
5178 16 16 0
5178 18 16 0
2
42 216 
2
5179 16 16 0
5179 8 20 0
2
42 217 
2
5180 16 16 0
5180 14 26 0
2
42 218 
2
5181 16 16 0
5181 10 24 0
2
42 219 
2
5182 16 16 0
5182 24 24 0
2
42 220 
2
5183 16 16 0
5183 12 24 0
2
42 221 
2
5184 16 16 0
5184 6 22 0
2
42 222 
2
5185 16 16 0
5185 6 14 0
2
42 223 
2
5186 16 16 0
5186 14 12 0
2
42 224 
2
5187 16 16 0
5187 24 12 0
2
42 225 
2
5188 16 16 0
5188 20 18 0
2
42 226 
2
5189 16 16 0
5189 18 32 0
2
42 227 
2
5190 16 16 0
5190 2 12 0
2
42 228 
2
5191 16 16 0
5191 12 2 0
2
42 229 
2
5192 16 16 0
5192 2 16 0
2
42 230 
2
5193 16 16 0
5193 10 8 0
2
42 231 
2
5194 16 16 0
5194 14 30 0
2
42 232 
2
5195 16 16 0
5195 26 22 0
2
42 233 
2
5196 16 16 0
5196 8 22 0
2
42 234 
2
5197 16 16 0
5197 12 22 0
2
20 40 
2
5177 14 16 0
5177 10 16 0
2
21 41 
2
5057 20 14 0
5057 20 12 0
2
38 40 
2
5178 4 16 0
5178 10 16 0
2
39 41 
2
5058 22 8 0
5058 20 12 0
2
244 42 
2
5198 34 34 0
5198 16 16 0
2
40 42 
2
5199 10 16 0
5199 16 16 0
2
248 42 
2
5200 34 26 0
5200 16 16 0
2
20 42 
2
5201 14 16 0
5201 16 16 0
2
245 42 
2
5202 34 32 0
5202 16 16 0
2
40 42 
2
5203 10 16 0
5203 16 16 0
2
244 42 
2
5204 34 34 0
5204 16 16 0
2
246 43 
2
5058 34 30 0
5058 18 14 0
2
41 43 
2
5059 20 12 0
5059 18 14 0
2
247 43 
2
5060 34 28 0
5060 18 14 0
2
21 43 
2
5061 20 14 0
5061 18 14 0
2
244 43 
2
5062 34 34 0
5062 18 14 0
2
41 43 
2
5063 20 12 0
5063 18 14 0
2
245 43 
2
5064 34 32 0
5064 18 14 0
2
42 215 
2
5205 16 16 0
5205 18 16 0
2
43 192 
2
5065 18 14 0
5065 18 26 0
2
42 216 
2
5206 16 16 0
5206 8 20 0
2
43 193 
2
5066 18 14 0
5066 6 16 0
2
42 217 
2
5207 16 16 0
5207 14 26 0
2
42 218 
2
5208 16 16 0
5208 10 24 0
2
42 219 
2
5209 16 16 0
5209 24 24 0
2
42 220 
2
5210 16 16 0
5210 12 24 0
2
42 221 
2
5211 16 16 0
5211 6 22 0
2
42 222 
2
5212 16 16 0
5212 6 14 0
2
42 223 
2
5213 16 16 0
5213 14 12 0
2
42 224 
2
5214 16 16 0
5214 24 12 0
2
42 225 
2
5215 16 16 0
5215 20 18 0
2
42 226 
2
5216 16 16 0
5216 18 32 0
2
42 227 
2
5217 16 16 0
5217 2 12 0
2
42 228 
2
5218 16 16 0
5218 12 2 0
2
42 229 
2
5219 16 16 0
5219 2 16 0
2
42 230 
2
5220 16 16 0
5220 10 8 0
2
42 231 
2
5221 16 16 0
5221 14 30 0
2
42 232 
2
5222 16 16 0
5222 26 22 0
2
42 233 
2
5223 16 16 0
5223 8 22 0
2
42 234 
2
5224 16 16 0
5224 12 22 0
2
42 235 
2
5225 16 16 0
5225 14 24 0
2
40 42 
2
5226 10 16 0
5226 16 16 0
2
41 43 
2
5067 20 12 0
5067 18 14 0
2
42 215 
2
5227 16 16 0
5227 18 16 0
2
43 195 
2
5096 18 14 0
5096 10 22 0
2
42 216 
2
5228 16 16 0
5228 8 20 0
2
42 217 
2
5229 16 16 0
5229 14 26 0
2
42 218 
2
5230 16 16 0
5230 10 24 0
2
42 219 
2
5231 16 16 0
5231 24 24 0
2
42 220 
2
5232 16 16 0
5232 12 24 0
2
42 221 
2
5233 16 16 0
5233 6 22 0
2
42 222 
2
5234 16 16 0
5234 6 14 0
2
42 223 
2
5235 16 16 0
5235 14 12 0
2
42 224 
2
5236 16 16 0
5236 24 12 0
2
42 225 
2
5237 16 16 0
5237 20 18 0
2
42 226 
2
5238 16 16 0
5238 18 32 0
2
42 227 
2
5239 16 16 0
5239 2 12 0
2
42 228 
2
5240 16 16 0
5240 12 2 0
2
42 229 
2
5241 16 16 0
5241 2 16 0
2
42 230 
2
5242 16 16 0
5242 10 8 0
2
42 231 
2
5243 16 16 0
5243 14 30 0
2
42 232 
2
5244 16 16 0
5244 26 22 0
2
42 233 
2
5245 16 16 0
5245 8 22 0
2
42 234 
2
5246 16 16 0
5246 12 22 0
2
42 235 
2
5247 16 16 0
5247 14 24 0
2
20 40 
2
5227 14 16 0
5227 10 16 0
2
21 41 
2
5068 20 14 0
5068 20 12 0
2
18 38 
2
5179 4 18 0
5179 4 16 0
2
19 39 
2
5059 20 8 0
5059 22 8 0
2
36 38 
2
5180 4 22 0
5180 4 16 0
2
37 39 
2
5060 24 4 0
5060 22 8 0
2
246 40 
2
5228 34 30 0
5228 10 16 0
2
38 40 
2
5229 4 16 0
5229 10 16 0
2
244 40 
2
5230 34 34 0
5230 10 16 0
2
18 40 
2
5231 4 18 0
5231 10 16 0
2
246 40 
2
5232 34 30 0
5232 10 16 0
2
38 40 
2
5233 4 16 0
5233 10 16 0
2
244 40 
2
5234 34 34 0
5234 10 16 0
2
244 41 
2
5069 34 34 0
5069 20 12 0
2
39 41 
2
5070 22 8 0
5070 20 12 0
2
245 41 
2
5071 34 32 0
5071 20 12 0
2
19 41 
2
5072 20 8 0
5072 20 12 0
2
246 41 
2
5073 34 30 0
5073 20 12 0
2
39 41 
2
5074 22 8 0
5074 20 12 0
2
244 41 
2
5075 34 34 0
5075 20 12 0
2
245 42 
2
5248 34 32 0
5248 16 16 0
2
40 42 
2
5249 10 16 0
5249 16 16 0
2
244 42 
2
5250 34 34 0
5250 16 16 0
2
20 42 
2
5251 14 16 0
5251 16 16 0
2
245 42 
2
5252 34 32 0
5252 16 16 0
2
40 42 
2
5253 10 16 0
5253 16 16 0
2
248 42 
2
5254 34 26 0
5254 16 16 0
2
245 43 
2
5097 34 32 0
5097 18 14 0
2
41 43 
2
5098 20 12 0
5098 18 14 0
2
244 43 
2
5099 34 34 0
5099 18 14 0
2
21 43 
2
5100 20 14 0
5100 18 14 0
2
246 43 
2
5101 34 30 0
5101 18 14 0
2
41 43 
2
5102 20 12 0
5102 18 14 0
2
245 43 
2
5103 34 32 0
5103 18 14 0
2
42 234 
2
5255 16 16 0
5255 12 22 0
2
43 194 
2
5104 18 14 0
5104 14 22 0
2
42 235 
2
5256 16 16 0
5256 14 24 0
2
42 236 
2
5257 16 16 0
5257 8 10 0
2
40 42 
2
5258 10 16 0
5258 16 16 0
2
41 43 
2
5105 20 12 0
5105 18 14 0
2
42 234 
2
5259 16 16 0
5259 12 22 0
2
43 194 
2
5106 18 14 0
5106 14 22 0
2
42 235 
2
5260 16 16 0
5260 14 24 0
2
43 195 
2
5107 18 14 0
5107 10 22 0
2
42 236 
2
5261 16 16 0
5261 8 10 0
2
20 40 
2
5259 14 16 0
5259 10 16 0
2
21 41 
2
5106 20 14 0
5106 20 12 0
2
38 40 
2
5260 4 16 0
5260 10 16 0
2
39 41 
2
5107 22 8 0
5107 20 12 0
2
244 42 
2
5262 34 34 0
5262 16 16 0
2
40 42 
2
5263 10 16 0
5263 16 16 0
2
245 42 
2
5264 34 32 0
5264 16 16 0
2
20 42 
2
5265 14 16 0
5265 16 16 0
2
246 42 
2
5266 34 30 0
5266 16 16 0
2
40 42 
2
5267 10 16 0
5267 16 16 0
2
244 42 
2
5268 34 34 0
5268 16 16 0
2
244 43 
2
5108 34 34 0
5108 18 14 0
2
41 43 
2
5109 20 12 0
5109 18 14 0
2
246 43 
2
5110 34 30 0
5110 18 14 0
2
21 43 
2
5111 20 14 0
5111 18 14 0
2
245 43 
2
5112 34 32 0
5112 18 14 0
2
41 43 
2
5113 20 12 0
5113 18 14 0
2
244 43 
2
5114 34 34 0
5114 18 14 0
2
42 235 
2
5269 16 16 0
5269 14 24 0
2
43 197 
2
5115 18 14 0
5115 16 22 0
2
42 236 
2
5270 16 16 0
5270 8 10 0
2
42 237 
2
5271 16 16 0
5271 20 28 0
2
40 42 
2
5272 10 16 0
5272 16 16 0
2
41 43 
2
5116 20 12 0
5116 18 14 0
2
42 235 
2
5273 16 16 0
5273 14 24 0
2
43 196 
2
5117 18 14 0
5117 8 18 0
2
42 236 
2
5274 16 16 0
5274 8 10 0
2
42 237 
2
5275 16 16 0
5275 20 28 0
2
20 40 
2
5273 14 16 0
5273 10 16 0
2
21 41 
2
5117 20 14 0
5117 20 12 0
2
18 38 
2
5261 4 18 0
5261 4 16 0
2
19 39 
2
5108 20 8 0
5108 22 8 0
2
16 36 
2
5181 4 24 0
5181 4 22 0
2
17 37 
2
5061 26 4 0
5061 24 4 0
2
14 34 
2
5051 4 26 0
5051 2 24 0
2
15 35 
2
5009 26 2 0
5009 28 2 0
2
32 34 
2
5052 2 28 0
5052 2 24 0
2
33 35 
2
5010 32 2 0
5010 28 2 0
2
245 36 
2
5182 34 32 0
5182 4 22 0
2
34 36 
2
5183 2 24 0
5183 4 22 0
2
244 36 
2
5184 34 34 0
5184 4 22 0
2
14 36 
2
5185 4 26 0
5185 4 22 0
2
245 36 
2
5186 34 32 0
5186 4 22 0
2
34 36 
2
5187 2 24 0
5187 4 22 0
2
244 36 
2
5188 34 34 0
5188 4 22 0
2
246 37 
2
5062 34 30 0
5062 24 4 0
2
35 37 
2
5063 28 2 0
5063 24 4 0
2
247 37 
2
5064 34 28 0
5064 24 4 0
2
15 37 
2
5065 26 2 0
5065 24 4 0
2
246 37 
2
5066 34 30 0
5066 24 4 0
2
35 37 
2
5067 28 2 0
5067 24 4 0
2
247 37 
2
5068 34 28 0
5068 24 4 0
2
246 38 
2
5262 34 30 0
5262 4 16 0
2
36 38 
2
5263 4 22 0
5263 4 16 0
2
248 38 
2
5264 34 26 0
5264 4 16 0
2
16 38 
2
5265 4 24 0
5265 4 16 0
2
247 38 
2
5266 34 28 0
5266 4 16 0
2
36 38 
2
5267 4 22 0
5267 4 16 0
2
245 38 
2
5268 34 32 0
5268 4 16 0
2
245 39 
2
5109 34 32 0
5109 22 8 0
2
37 39 
2
5110 24 4 0
5110 22 8 0
2
244 39 
2
5111 34 34 0
5111 22 8 0
2
17 39 
2
5112 26 4 0
5112 22 8 0
2
246 39 
2
5113 34 30 0
5113 22 8 0
2
37 39 
2
5114 24 4 0
5114 22 8 0
2
245 39 
2
5115 34 32 0
5115 22 8 0
2
244 40 
2
5274 34 34 0
5274 10 16 0
2
38 40 
2
5275 4 16 0
5275 10 16 0
2
246 40 
2
5276 34 30 0
5276 10 16 0
2
18 40 
2
5277 4 18 0
5277 10 16 0
2
245 40 
2
5278 34 32 0
5278 10 16 0
2
38 40 
2
5279 4 16 0
5279 10 16 0
2
244 40 
2
5280 34 34 0
5280 10 16 0
2
245 41 
2
5118 34 32 0
5118 20 12 0
2
39 41 
2
5119 22 8 0
5119 20 12 0
2
248 41 
2
5120 34 26 0
5120 20 12 0
2
19 41 
2
5121 20 8 0
5121 20 12 0
2
245 41 
2
5122 34 32 0
5122 20 12 0
2
39 41 
2
5123 22 8 0
5123 20 12 0
2
246 41 
2
5124 34 30 0
5124 20 12 0
2
248 42 
2
5276 34 26 0
5276 16 16 0
2
40 42 
2
5281 10 16 0
5281 16 16 0
2
245 42 
2
5282 34 32 0
5282 16 16 0
2
20 42 
2
5283 14 16 0
5283 16 16 0
2
244 42 
2
5284 34 34 0
5284 16 16 0
2
40 42 
2
5285 10 16 0
5285 16 16 0
2
245 42 
2
5286 34 32 0
5286 16 16 0
2
247 43 
2
5118 34 28 0
5118 18 14 0
2
41 43 
2
5125 20 12 0
5125 18 14 0
2
244 43 
2
5126 34 34 0
5126 18 14 0
2
21 43 
2
5127 20 14 0
5127 18 14 0
2
245 43 
2
5128 34 32 0
5128 18 14 0
2
41 43 
2
5129 20 12 0
5129 18 14 0
2
247 43 
2
5130 34 28 0
5130 18 14 0
2
42 234 
2
5287 16 16 0
5287 12 22 0
2
43 196 
2
5131 18 14 0
5131 8 18 0
2
42 235 
2
5288 16 16 0
5288 14 24 0
2
43 197 
2
5132 18 14 0
5132 16 22 0
2
42 236 
2
5289 16 16 0
5289 8 10 0
2
42 237 
2
5290 16 16 0
5290 20 28 0
2
42 238 
2
5291 16 16 0
5291 14 10 0
2
42 239 
2
5292 16 16 0
5292 16 20 0
2
42 50 
2
5293 16 16 0
5293 4 12 0
2
42 45 
2
5294 16 16 0
5294 16 2 0
2
42 47 
2
5295 16 16 0
5295 26 12 0
2
42 49 
2
5296 16 16 0
5296 32 14 0
2
42 52 
2
5297 16 16 0
5297 18 4 0
2
42 53 
2
5298 16 16 0
5298 18 8 0
2
42 54 
2
5299 16 16 0
5299 24 6 0
2
42 55 
2
5300 16 16 0
5300 24 2 0
2
42 56 
2
5301 16 16 0
5301 32 18 0
2
42 57 
2
5302 16 16 0
5302 22 28 0
2
42 58 
2
5303 16 16 0
5303 10 10 0
2
42 59 
2
5304 16 16 0
5304 28 16 0
2
42 60 
2
5305 16 16 0
5305 16 8 0
2
42 61 
2
5306 16 16 0
5306 18 30 0
2
42 62 
2
5307 16 16 0
5307 20 24 0
2
40 42 
2
5308 10 16 0
5308 16 16 0
2
41 43 
2
5133 20 12 0
5133 18 14 0
2
42 234 
2
5309 16 16 0
5309 12 22 0
2
43 199 
2
5134 18 14 0
5134 14 28 0
2
42 235 
2
5310 16 16 0
5310 14 24 0
2
42 236 
2
5311 16 16 0
5311 8 10 0
2
42 237 
2
5312 16 16 0
5312 20 28 0
2
42 238 
2
5313 16 16 0
5313 14 10 0
2
42 239 
2
5314 16 16 0
5314 16 20 0
2
42 50 
2
5315 16 16 0
5315 4 12 0
2
42 45 
2
5316 16 16 0
5316 16 2 0
2
42 47 
2
5317 16 16 0
5317 26 12 0
2
42 49 
2
5318 16 16 0
5318 32 14 0
2
42 52 
2
5319 16 16 0
5319 18 4 0
2
42 53 
2
5320 16 16 0
5320 18 8 0
2
42 54 
2
5321 16 16 0
5321 24 6 0
2
42 55 
2
5322 16 16 0
5322 24 2 0
2
42 56 
2
5323 16 16 0
5323 32 18 0
2
42 57 
2
5324 16 16 0
5324 22 28 0
2
42 58 
2
5325 16 16 0
5325 10 10 0
2
42 59 
2
5326 16 16 0
5326 28 16 0
2
42 60 
2
5327 16 16 0
5327 16 8 0
2
42 61 
2
5328 16 16 0
5328 18 30 0
2
42 62 
2
5329 16 16 0
5329 20 24 0
2
20 40 
2
5309 14 16 0
5309 10 16 0
2
21 41 
2
5134 20 14 0
5134 20 12 0
2
38 40 
2
5310 4 16 0
5310 10 16 0
2
39 41 
2
5135 22 8 0
5135 20 12 0
2
245 42 
2
5330 34 32 0
5330 16 16 0
2
40 42 
2
5331 10 16 0
5331 16 16 0
2
244 42 
2
5332 34 34 0
5332 16 16 0
2
20 42 
2
5333 14 16 0
5333 16 16 0
2
245 42 
2
5334 34 32 0
5334 16 16 0
2
40 42 
2
5335 10 16 0
5335 16 16 0
2
244 42 
2
5336 34 34 0
5336 16 16 0
2
245 43 
2
5135 34 32 0
5135 18 14 0
2
41 43 
2
5136 20 12 0
5136 18 14 0
2
244 43 
2
5137 34 34 0
5137 18 14 0
2
21 43 
2
5138 20 14 0
5138 18 14 0
2
245 43 
2
5139 34 32 0
5139 18 14 0
2
41 43 
2
5140 20 12 0
5140 18 14 0
2
244 43 
2
5141 34 34 0
5141 18 14 0
2
42 235 
2
5337 16 16 0
5337 14 24 0
2
43 198 
2
5142 18 14 0
5142 16 18 0
2
42 236 
2
5338 16 16 0
5338 8 10 0
2
42 237 
2
5339 16 16 0
5339 20 28 0
2
42 238 
2
5340 16 16 0
5340 14 10 0
2
42 239 
2
5341 16 16 0
5341 16 20 0
2
42 50 
2
5342 16 16 0
5342 4 12 0
2
42 45 
2
5343 16 16 0
5343 16 2 0
2
42 47 
2
5344 16 16 0
5344 26 12 0
2
42 49 
2
5345 16 16 0
5345 32 14 0
2
42 52 
2
5346 16 16 0
5346 18 4 0
2
42 53 
2
5347 16 16 0
5347 18 8 0
2
42 54 
2
5348 16 16 0
5348 24 6 0
2
42 55 
2
5349 16 16 0
5349 24 2 0
2
42 56 
2
5350 16 16 0
5350 32 18 0
2
42 57 
2
5351 16 16 0
5351 22 28 0
2
42 58 
2
5352 16 16 0
5352 10 10 0
2
42 59 
2
5353 16 16 0
5353 28 16 0
2
42 60 
2
5354 16 16 0
5354 16 8 0
2
42 61 
2
5355 16 16 0
5355 18 30 0
2
42 62 
2
5356 16 16 0
5356 20 24 0
2
42 63 
2
5357 16 16 0
5357 16 12 0
2
40 42 
2
5358 10 16 0
5358 16 16 0
2
41 43 
2
5143 20 12 0
5143 18 14 0
2
42 235 
2
5359 16 16 0
5359 14 24 0
2
43 198 
2
5144 18 14 0
5144 16 18 0
2
42 236 
2
5360 16 16 0
5360 8 10 0
2
43 199 
2
5145 18 14 0
5145 14 28 0
2
42 237 
2
5361 16 16 0
5361 20 28 0
2
42 238 
2
5362 16 16 0
5362 14 10 0
2
42 239 
2
5363 16 16 0
5363 16 20 0
2
42 50 
2
5364 16 16 0
5364 4 12 0
2
42 45 
2
5365 16 16 0
5365 16 2 0
2
42 47 
2
5366 16 16 0
5366 26 12 0
2
42 49 
2
5367 16 16 0
5367 32 14 0
2
42 52 
2
5368 16 16 0
5368 18 4 0
2
42 53 
2
5369 16 16 0
5369 18 8 0
2
42 54 
2
5370 16 16 0
5370 24 6 0
2
42 55 
2
5371 16 16 0
5371 24 2 0
2
42 56 
2
5372 16 16 0
5372 32 18 0
2
42 57 
2
5373 16 16 0
5373 22 28 0
2
42 58 
2
5374 16 16 0
5374 10 10 0
2
42 59 
2
5375 16 16 0
5375 28 16 0
2
42 60 
2
5376 16 16 0
5376 16 8 0
2
42 61 
2
5377 16 16 0
5377 18 30 0
2
42 62 
2
5378 16 16 0
5378 20 24 0
2
42 63 
2
5379 16 16 0
5379 16 12 0
2
20 40 
2
5359 14 16 0
5359 10 16 0
2
21 41 
2
5144 20 14 0
5144 20 12 0
2
18 38 
2
5311 4 18 0
5311 4 16 0
2
19 39 
2
5136 20 8 0
5136 22 8 0
2
36 38 
2
5312 4 22 0
5312 4 16 0
2
37 39 
2
5137 24 4 0
5137 22 8 0
2
245 40 
2
5360 34 32 0
5360 10 16 0
2
38 40 
2
5361 4 16 0
5361 10 16 0
2
248 40 
2
5362 34 26 0
5362 10 16 0
2
18 40 
2
5363 4 18 0
5363 10 16 0
2
244 40 
2
5364 34 34 0
5364 10 16 0
2
38 40 
2
5365 4 16 0
5365 10 16 0
2
245 40 
2
5366 34 32 0
5366 10 16 0
2
245 41 
2
5145 34 32 0
5145 20 12 0
2
39 41 
2
5146 22 8 0
5146 20 12 0
2
244 41 
2
5147 34 34 0
5147 20 12 0
2
19 41 
2
5148 20 8 0
5148 20 12 0
2
247 41 
2
5149 34 28 0
5149 20 12 0
2
39 41 
2
5150 22 8 0
5150 20 12 0
2
245 41 
2
5151 34 32 0
5151 20 12 0
2
245 42 
2
5380 34 32 0
5380 16 16 0
2
40 42 
2
5381 10 16 0
5381 16 16 0
2
244 42 
2
5382 34 34 0
5382 16 16 0
2
20 42 
2
5383 14 16 0
5383 16 16 0
2
245 42 
2
5384 34 32 0
5384 16 16 0
2
40 42 
2
5385 10 16 0
5385 16 16 0
2
244 42 
2
5386 34 34 0
5386 16 16 0
2
249 43 
2
5146 34 24 0
5146 18 14 0
2
41 43 
2
5152 20 12 0
5152 18 14 0
2
244 43 
2
5153 34 34 0
5153 18 14 0
2
21 43 
2
5154 20 14 0
5154 18 14 0
2
246 43 
2
5155 34 30 0
5155 18 14 0
2
41 43 
2
5156 20 12 0
5156 18 14 0
2
244 43 
2
5157 34 34 0
5157 18 14 0
2
42 62 
2
5387 16 16 0
5387 20 24 0
2
43 201 
2
5158 18 14 0
5158 18 20 0
2
42 63 
2
5388 16 16 0
5388 16 12 0
2
42 64 
2
5389 16 16 0
5389 16 6 0
2
40 42 
2
5390 10 16 0
5390 16 16 0
2
41 43 
2
5159 20 12 0
5159 18 14 0
2
42 62 
2
5391 16 16 0
5391 20 24 0
2
43 200 
2
5160 18 14 0
5160 10 18 0
2
42 63 
2
5392 16 16 0
5392 16 12 0
2
42 64 
2
5393 16 16 0
5393 16 6 0
2
20 40 
2
5391 14 16 0
5391 10 16 0
2
21 41 
2
5160 20 14 0
5160 20 12 0
2
38 40 
2
5392 4 16 0
5392 10 16 0
2
39 41 
2
5161 22 8 0
5161 20 12 0
2
245 42 
2
5394 34 32 0
5394 16 16 0
2
40 42 
2
5395 10 16 0
5395 16 16 0
2
244 42 
2
5396 34 34 0
5396 16 16 0
2
20 42 
2
5397 14 16 0
5397 16 16 0
2
245 42 
2
5398 34 32 0
5398 16 16 0
2
40 42 
2
5399 10 16 0
5399 16 16 0
2
244 42 
2
5400 34 34 0
5400 16 16 0
2
244 43 
2
5161 34 34 0
5161 18 14 0
2
41 43 
2
5162 20 12 0
5162 18 14 0
2
245 43 
2
5163 34 32 0
5163 18 14 0
2
21 43 
2
5164 20 14 0
5164 18 14 0
2
244 43 
2
5165 34 34 0
5165 18 14 0
2
41 43 
2
5166 20 12 0
5166 18 14 0
2
245 43 
2
5167 34 32 0
5167 18 14 0
2
42 63 
2
5401 16 16 0
5401 16 12 0
2
43 200 
2
5168 18 14 0
5168 10 18 0
2
42 64 
2
5402 16 16 0
5402 16 6 0
2
43 201 
2
5169 18 14 0
5169 18 20 0
2
42 65 
2
5403 16 16 0
5403 10 6 0
2
40 42 
2
5404 10 16 0
5404 16 16 0
2
41 43 
2
5170 20 12 0
5170 18 14 0
2
42 63 
2
5405 16 16 0
5405 16 12 0
2
43 203 
2
5171 18 14 0
5171 2 14 0
2
42 64 
2
5406 16 16 0
5406 16 6 0
2
42 65 
2
5407 16 16 0
5407 10 6 0
2
20 40 
2
5405 14 16 0
5405 10 16 0
2
21 41 
2
5171 20 14 0
5171 20 12 0
2
18 38 
2
5393 4 18 0
5393 4 16 0
2
19 39 
2
5162 20 8 0
5162 22 8 0
2
16 36 
2
5313 4 24 0
5313 4 22 0
2
17 37 
2
5138 26 4 0
5138 24 4 0
2
34 36 
2
5314 2 24 0
5314 4 22 0
2
35 37 
2
5139 28 2 0
5139 24 4 0
2
246 38 
2
5394 34 30 0
5394 4 16 0
2
36 38 
2
5395 4 22 0
5395 4 16 0
2
248 38 
2
5396 34 26 0
5396 4 16 0
2
16 38 
2
5397 4 24 0
5397 4 16 0
2
246 38 
2
5398 34 30 0
5398 4 16 0
2
36 38 
2
5399 4 22 0
5399 4 16 0
2
248 38 
2
5400 34 26 0
5400 4 16 0
2
246 39 
2
5163 34 30 0
5163 22 8 0
2
37 39 
2
5164 24 4 0
5164 22 8 0
2
247 39 
2
5165 34 28 0
5165 22 8 0
2
17 39 
2
5166 26 4 0
5166 22 8 0
2
246 39 
2
5167 34 30 0
5167 22 8 0
2
37 39 
2
5168 24 4 0
5168 22 8 0
2
244 39 
2
5169 34 34 0
5169 22 8 0
2
245 40 
2
5406 34 32 0
5406 10 16 0
2
38 40 
2
5407 4 16 0
5407 10 16 0
2
244 40 
2
5408 34 34 0
5408 10 16 0
2
18 40 
2
5409 4 18 0
5409 10 16 0
2
245 40 
2
5410 34 32 0
5410 10 16 0
2
38 40 
2
5411 4 16 0
5411 10 16 0
2
244 40 
2
5412 34 34 0
5412 10 16 0
2
244 41 
2
5172 34 34 0
5172 20 12 0
2
39 41 
2
5173 22 8 0
5173 20 12 0
2
246 41 
2
5174 34 30 0
5174 20 12 0
2
19 41 
2
5175 20 8 0
5175 20 12 0
2
244 41 
2
5176 34 34 0
5176 20 12 0
2
39 41 
2
5177 22 8 0
5177 20 12 0
2
245 41 
2
5178 34 32 0
5178 20 12 0
2
247 42 
2
5408 34 28 0
5408 16 16 0
2
40 42 
2
5413 10 16 0
5413 16 16 0
2
245 42 
2
5414 34 32 0
5414 16 16 0
2
20 42 
2
5415 14 16 0
5415 16 16 0
2
248 42 
2
5416 34 26 0
5416 16 16 0
2
40 42 
2
5417 10 16 0
5417 16 16 0
2
244 42 
2
5418 34 34 0
5418 16 16 0
2
245 43 
2
5172 34 32 0
5172 18 14 0
2
41 43 
2
5179 20 12 0
5179 18 14 0
2
244 43 
2
5180 34 34 0
5180 18 14 0
2
21 43 
2
5181 20 14 0
5181 18 14 0
2
246 43 
2
5182 34 30 0
5182 18 14 0
2
41 43 
2
5183 20 12 0
5183 18 14 0
2
247 43 
2
5184 34 28 0
5184 18 14 0
2
42 62 
2
5419 16 16 0
5419 20 24 0
2
43 202 
2
5185 18 14 0
5185 14 14 0
2
42 63 
2
5420 16 16 0
5420 16 12 0
2
42 64 
2
5421 16 16 0
5421 16 6 0
2
42 65 
2
5422 16 16 0
5422 10 6 0
2
42 66 
2
5423 16 16 0
5423 18 22 0
2
42 67 
2
5424 16 16 0
5424 18 28 0
2
42 68 
2
5425 16 16 0
5425 18 12 0
2
42 86 
2
5426 16 16 0
5426 6 10 0
2
42 87 
2
5427 16 16 0
5427 22 14 0
2
42 89 
2
5428 16 16 0
5428 24 14 0
2
42 90 
2
5429 16 16 0
5429 20 10 0
2
42 91 
2
5430 16 16 0
5430 28 8 0
2
42 92 
2
5431 16 16 0
5431 32 12 0
2
42 93 
2
5432 16 16 0
5432 20 2 0
2
42 94 
2
5433 16 16 0
5433 8 6 0
2
42 95 
2
5434 16 16 0
5434 6 12 0
2
42 96 
2
5435 16 16 0
5435 16 4 0
2
42 97 
2
5436 16 16 0
5436 12 14 0
2
42 98 
2
5437 16 16 0
5437 22 16 0
2
42 99 
2
5438 16 16 0
5438 18 24 0
2
42 100 
2
5439 16 16 0
5439 12 10 0
2
40 42 
2
5440 10 16 0
5440 16 16 0
2
41 43 
2
5186 20 12 0
5186 18 14 0
2
42 62 
2
5441 16 16 0
5441 20 24 0
2
43 202 
2
5187 18 14 0
5187 14 14 0
2
42 63 
2
5442 16 16 0
5442 16 12 0
2
43 203 
2
5188 18 14 0
5188 2 14 0
2
42 64 
2
5443 16 16 0
5443 16 6 0
2
42 65 
2
5444 16 16 0
5444 10 6 0
2
42 66 
2
5445 16 16 0
5445 18 22 0
2
42 67 
2
5446 16 16 0
5446 18 28 0
2
42 68 
2
5447 16 16 0
5447 18 12 0
2
42 86 
2
5448 16 16 0
5448 6 10 0
2
42 87 
2
5449 16 16 0
5449 22 14 0
2
42 89 
2
5450 16 16 0
5450 24 14 0
2
42 90 
2
5451 16 16 0
5451 20 10 0
2
42 91 
2
5452 16 16 0
5452 28 8 0
2
42 92 
2
5453 16 16 0
5453 32 12 0
2
42 93 
2
5454 16 16 0
5454 20 2 0
2
42 94 
2
5455 16 16 0
5455 8 6 0
2
42 95 
2
5456 16 16 0
5456 6 12 0
2
42 96 
2
5457 16 16 0
5457 16 4 0
2
42 97 
2
5458 16 16 0
5458 12 14 0
2
42 98 
2
5459 16 16 0
5459 22 16 0
2
42 99 
2
5460 16 16 0
5460 18 24 0
2
42 100 
2
5461 16 16 0
5461 12 10 0
2
20 40 
2
5441 14 16 0
5441 10 16 0
2
21 41 
2
5187 20 14 0
5187 20 12 0
2
38 40 
2
5442 4 16 0
5442 10 16 0
2
39 41 
2
5188 22 8 0
5188 20 12 0
2
244 42 
2
5462 34 34 0
5462 16 16 0
2
40 42 
2
5463 10 16 0
5463 16 16 0
2
245 42 
2
5464 34 32 0
5464 16 16 0
2
20 42 
2
5465 14 16 0
5465 16 16 0
2
246 42 
2
5466 34 30 0
5466 16 16 0
2
40 42 
2
5467 10 16 0
5467 16 16 0
2
244 42 
2
5468 34 34 0
5468 16 16 0
2
245 43 
2
5189 34 32 0
5189 18 14 0
2
41 43 
2
5190 20 12 0
5190 18 14 0
2
244 43 
2
5191 34 34 0
5191 18 14 0
2
21 43 
2
5192 20 14 0
5192 18 14 0
2
246 43 
2
5193 34 30 0
5193 18 14 0
2
41 43 
2
5194 20 12 0
5194 18 14 0
2
245 43 
2
5195 34 32 0
5195 18 14 0
2
42 63 
2
5469 16 16 0
5469 16 12 0
2
43 205 
2
5196 18 14 0
5196 18 10 0
2
42 64 
2
5470 16 16 0
5470 16 6 0
2
42 65 
2
5471 16 16 0
5471 10 6 0
2
42 66 
2
5472 16 16 0
5472 18 22 0
2
42 67 
2
5473 16 16 0
5473 18 28 0
2
42 68 
2
5474 16 16 0
5474 18 12 0
2
42 86 
2
5475 16 16 0
5475 6 10 0
2
42 87 
2
5476 16 16 0
5476 22 14 0
2
42 89 
2
5477 16 16 0
5477 24 14 0
2
42 90 
2
5478 16 16 0
5478 20 10 0
2
42 91 
2
5479 16 16 0
5479 28 8 0
2
42 92 
2
5480 16 16 0
5480 32 12 0
2
42 93 
2
5481 16 16 0
5481 20 2 0
2
42 94 
2
5482 16 16 0
5482 8 6 0
2
42 95 
2
5483 16 16 0
5483 6 12 0
2
42 96 
2
5484 16 16 0
5484 16 4 0
2
42 97 
2
5485 16 16 0
5485 12 14 0
2
42 98 
2
5486 16 16 0
5486 22 16 0
2
42 99 
2
5487 16 16 0
5487 18 24 0
2
42 100 
2
5488 16 16 0
5488 12 10 0
2
42 101 
2
5489 16 16 0
5489 18 18 0
2
40 42 
2
5490 10 16 0
5490 16 16 0
2
41 43 
2
5197 20 12 0
5197 18 14 0
2
42 63 
2
5491 16 16 0
5491 16 12 0
2
43 204 
2
5198 18 14 0
5198 20 20 0
2
42 64 
2
5492 16 16 0
5492 16 6 0
2
42 65 
2
5493 16 16 0
5493 10 6 0
2
42 66 
2
5494 16 16 0
5494 18 22 0
2
42 67 
2
5495 16 16 0
5495 18 28 0
2
42 68 
2
5496 16 16 0
5496 18 12 0
2
42 86 
2
5497 16 16 0
5497 6 10 0
2
42 87 
2
5498 16 16 0
5498 22 14 0
2
42 89 
2
5499 16 16 0
5499 24 14 0
2
42 90 
2
5500 16 16 0
5500 20 10 0
2
42 91 
2
5501 16 16 0
5501 28 8 0
2
42 92 
2
5502 16 16 0
5502 32 12 0
2
42 93 
2
5503 16 16 0
5503 20 2 0
2
42 94 
2
5504 16 16 0
5504 8 6 0
2
42 95 
2
5505 16 16 0
5505 6 12 0
2
42 96 
2
5506 16 16 0
5506 16 4 0
2
42 97 
2
5507 16 16 0
5507 12 14 0
2
42 98 
2
5508 16 16 0
5508 22 16 0
2
42 99 
2
5509 16 16 0
5509 18 24 0
2
42 100 
2
5510 16 16 0
5510 12 10 0
2
42 101 
2
5511 16 16 0
5511 18 18 0
2
20 40 
2
5491 14 16 0
5491 10 16 0
2
21 41 
2
5198 20 14 0
5198 20 12 0
2
18 38 
2
5443 4 18 0
5443 4 16 0
2
19 39 
2
5189 20 8 0
5189 22 8 0
2
36 38 
2
5444 4 22 0
5444 4 16 0
2
37 39 
2
5190 24 4 0
5190 22 8 0
2
244 40 
2
5492 34 34 0
5492 10 16 0
2
38 40 
2
5493 4 16 0
5493 10 16 0
2
245 40 
2
5494 34 32 0
5494 10 16 0
2
18 40 
2
5495 4 18 0
5495 10 16 0
2
244 40 
2
5496 34 34 0
5496 10 16 0
2
38 40 
2
5497 4 16 0
5497 10 16 0
2
245 40 
2
5498 34 32 0
5498 10 16 0
2
246 41 
2
5199 34 30 0
5199 20 12 0
2
39 41 
2
5200 22 8 0
5200 20 12 0
2
244 41 
2
5201 34 34 0
5201 20 12 0
2
19 41 
2
5202 20 8 0
5202 20 12 0
2
246 41 
2
5203 34 30 0
5203 20 12 0
2
39 41 
2
5204 22 8 0
5204 20 12 0
2
245 41 
2
5205 34 32 0
5205 20 12 0
2
244 42 
2
5512 34 34 0
5512 16 16 0
2
40 42 
2
5513 10 16 0
5513 16 16 0
2
246 42 
2
5514 34 30 0
5514 16 16 0
2
20 42 
2
5515 14 16 0
5515 16 16 0
2
245 42 
2
5516 34 32 0
5516 16 16 0
2
40 42 
2
5517 10 16 0
5517 16 16 0
2
244 42 
2
5518 34 34 0
5518 16 16 0
2
247 43 
2
5199 34 28 0
5199 18 14 0
2
41 43 
2
5206 20 12 0
5206 18 14 0
2
244 43 
2
5207 34 34 0
5207 18 14 0
2
21 43 
2
5208 20 14 0
5208 18 14 0
2
245 43 
2
5209 34 32 0
5209 18 14 0
2
41 43 
2
5210 20 12 0
5210 18 14 0
2
244 43 
2
5211 34 34 0
5211 18 14 0
2
42 100 
2
5519 16 16 0
5519 12 10 0
2
43 204 
2
5212 18 14 0
5212 20 20 0
2
42 101 
2
5520 16 16 0
5520 18 18 0
2
43 205 
2
5213 18 14 0
5213 18 10 0
2
42 102 
2
5521 16 16 0
5521 14 8 0
2
40 42 
2
5522 10 16 0
5522 16 16 0
2
41 43 
2
5214 20 12 0
5214 18 14 0
2
42 100 
2
5523 16 16 0
5523 12 10 0
2
43 207 
2
5215 18 14 0
5215 4 10 0
2
42 101 
2
5524 16 16 0
5524 18 18 0
2
42 102 
2
5525 16 16 0
5525 14 8 0
2
20 40 
2
5523 14 16 0
5523 10 16 0
2
21 41 
2
5215 20 14 0
5215 20 12 0
2
38 40 
2
5524 4 16 0
5524 10 16 0
2
39 41 
2
5216 22 8 0
5216 20 12 0
2
245 42 
2
5526 34 32 0
5526 16 16 0
2
40 42 
2
5527 10 16 0
5527 16 16 0
2
244 42 
2
5528 34 34 0
5528 16 16 0
2
20 42 
2
5529 14 16 0
5529 16 16 0
2
246 42 
2
5530 34 30 0
5530 16 16 0
2
40 42 
2
5531 10 16 0
5531 16 16 0
2
245 42 
2
5532 34 32 0
5532 16 16 0
2
244 43 
2
5216 34 34 0
5216 18 14 0
2
41 43 
2
5217 20 12 0
5217 18 14 0
2
245 43 
2
5218 34 32 0
5218 18 14 0
2
21 43 
2
5219 20 14 0
5219 18 14 0
2
244 43 
2
5220 34 34 0
5220 18 14 0
2
41 43 
2
5221 20 12 0
5221 18 14 0
2
245 43 
2
5222 34 32 0
5222 18 14 0
2
42 101 
2
5533 16 16 0
5533 18 18 0
2
43 206 
2
5223 18 14 0
5223 26 24 0
2
42 102 
2
5534 16 16 0
5534 14 8 0
2
42 103 
2
5535 16 16 0
5535 14 6 0
2
40 42 
2
5536 10 16 0
5536 16 16 0
2
41 43 
2
5224 20 12 0
5224 18 14 0
2
42 101 
2
5537 16 16 0
5537 18 18 0
2
43 206 
2
5225 18 14 0
5225 26 24 0
2
42 102 
2
5538 16 16 0
5538 14 8 0
2
43 207 
2
5226 18 14 0
5226 4 10 0
2
42 103 
2
5539 16 16 0
5539 14 6 0
2
20 40 
2
5537 14 16 0
5537 10 16 0
2
21 41 
2
5225 20 14 0
5225 20 12 0
2
18 38 
2
5525 4 18 0
5525 4 16 0
2
19 39 
2
5217 20 8 0
5217 22 8 0
2
16 36 
2
5445 4 24 0
5445 4 22 0
2
17 37 
2
5191 26 4 0
5191 24 4 0
2
14 34 
2
5315 4 26 0
5315 2 24 0
2
15 35 
2
5140 26 2 0
5140 28 2 0
2
12 32 
2
5053 2 26 0
5053 2 28 0
2
13 33 
2
5011 30 2 0
5011 32 2 0
2
10 30 
2
4577 6 28 0
4577 4 28 0
2
11 31 
2
4594 32 4 0
4594 32 6 0
2
28 30 
2
4578 4 30 0
4578 4 28 0
2
29 31 
2
4595 32 26 0
4595 32 6 0
2
244 32 
2
5054 34 34 0
5054 2 28 0
2
30 32 
2
5055 4 28 0
5055 2 28 0
2
245 32 
2
5056 34 32 0
5056 2 28 0
2
10 32 
2
5057 6 28 0
5057 2 28 0
2
244 32 
2
5058 34 34 0
5058 2 28 0
2
30 32 
2
5059 4 28 0
5059 2 28 0
2
245 32 
2
5060 34 32 0
5060 2 28 0
2
248 33 
2
5012 34 26 0
5012 32 2 0
2
31 33 
2
5013 32 6 0
5013 32 2 0
2
246 33 
2
5014 34 30 0
5014 32 2 0
2
11 33 
2
5015 32 4 0
5015 32 2 0
2
249 33 
2
5016 34 24 0
5016 32 2 0
2
31 33 
2
5017 32 6 0
5017 32 2 0
2
246 33 
2
5018 34 30 0
5018 32 2 0
2
245 34 
2
5316 34 32 0
5316 2 24 0
2
32 34 
2
5317 2 28 0
5317 2 24 0
2
244 34 
2
5318 34 34 0
5318 2 24 0
2
12 34 
2
5319 2 26 0
5319 2 24 0
2
246 34 
2
5320 34 30 0
5320 2 24 0
2
32 34 
2
5321 2 28 0
5321 2 24 0
2
244 34 
2
5322 34 34 0
5322 2 24 0
2
246 35 
2
5141 34 30 0
5141 28 2 0
2
33 35 
2
5142 32 2 0
5142 28 2 0
2
247 35 
2
5143 34 28 0
5143 28 2 0
2
13 35 
2
5144 30 2 0
5144 28 2 0
2
248 35 
2
5145 34 26 0
5145 28 2 0
2
33 35 
2
5146 32 2 0
5146 28 2 0
2
246 35 
2
5147 34 30 0
5147 28 2 0
2
244 36 
2
5446 34 34 0
5446 4 22 0
2
34 36 
2
5447 2 24 0
5447 4 22 0
2
246 36 
2
5448 34 30 0
5448 4 22 0
2
14 36 
2
5449 4 26 0
5449 4 22 0
2
244 36 
2
5450 34 34 0
5450 4 22 0
2
34 36 
2
5451 2 24 0
5451 4 22 0
2
246 36 
2
5452 34 30 0
5452 4 22 0
2
245 37 
2
5192 34 32 0
5192 24 4 0
2
35 37 
2
5193 28 2 0
5193 24 4 0
2
244 37 
2
5194 34 34 0
5194 24 4 0
2
15 37 
2
5195 26 2 0
5195 24 4 0
2
246 37 
2
5196 34 30 0
5196 24 4 0
2
35 37 
2
5197 28 2 0
5197 24 4 0
2
245 37 
2
5198 34 32 0
5198 24 4 0
2
246 38 
2
5526 34 30 0
5526 4 16 0
2
36 38 
2
5527 4 22 0
5527 4 16 0
2
248 38 
2
5528 34 26 0
5528 4 16 0
2
16 38 
2
5529 4 24 0
5529 4 16 0
2
247 38 
2
5530 34 28 0
5530 4 16 0
2
36 38 
2
5531 4 22 0
5531 4 16 0
2
248 38 
2
5532 34 26 0
5532 4 16 0
2
246 39 
2
5218 34 30 0
5218 22 8 0
2
37 39 
2
5219 24 4 0
5219 22 8 0
2
247 39 
2
5220 34 28 0
5220 22 8 0
2
17 39 
2
5221 26 4 0
5221 22 8 0
2
246 39 
2
5222 34 30 0
5222 22 8 0
2
37 39 
2
5223 24 4 0
5223 22 8 0
2
244 39 
2
5224 34 34 0
5224 22 8 0
2
244 40 
2
5538 34 34 0
5538 10 16 0
2
38 40 
2
5539 4 16 0
5539 10 16 0
2
245 40 
2
5540 34 32 0
5540 10 16 0
2
18 40 
2
5541 4 18 0
5541 10 16 0
2
244 40 
2
5542 34 34 0
5542 10 16 0
2
38 40 
2
5543 4 16 0
5543 10 16 0
2
245 40 
2
5544 34 32 0
5544 10 16 0
2
245 41 
2
5226 34 32 0
5226 20 12 0
2
39 41 
2
5227 22 8 0
5227 20 12 0
2
247 41 
2
5228 34 28 0
5228 20 12 0
2
19 41 
2
5229 20 8 0
5229 20 12 0
2
245 41 
2
5230 34 32 0
5230 20 12 0
2
39 41 
2
5231 22 8 0
5231 20 12 0
2
247 41 
2
5232 34 28 0
5232 20 12 0
2
246 42 
2
5540 34 30 0
5540 16 16 0
2
40 42 
2
5545 10 16 0
5545 16 16 0
2
244 42 
2
5546 34 34 0
5546 16 16 0
2
20 42 
2
5547 14 16 0
5547 16 16 0
2
245 42 
2
5548 34 32 0
5548 16 16 0
2
40 42 
2
5549 10 16 0
5549 16 16 0
2
244 42 
2
5550 34 34 0
5550 16 16 0
2
244 43 
2
5227 34 34 0
5227 18 14 0
2
41 43 
2
5233 20 12 0
5233 18 14 0
2
245 43 
2
5234 34 32 0
5234 18 14 0
2
21 43 
2
5235 20 14 0
5235 18 14 0
2
246 43 
2
5236 34 30 0
5236 18 14 0
2
41 43 
2
5237 20 12 0
5237 18 14 0
2
244 43 
2
5238 34 34 0
5238 18 14 0
2
42 100 
2
5551 16 16 0
5551 12 10 0
2
43 209 
2
5239 18 14 0
5239 2 18 0
2
42 101 
2
5552 16 16 0
5552 18 18 0
2
42 102 
2
5553 16 16 0
5553 14 8 0
2
42 103 
2
5554 16 16 0
5554 14 6 0
2
42 104 
2
5555 16 16 0
5555 22 26 0
2
42 105 
2
5556 16 16 0
5556 20 16 0
2
42 106 
2
5557 16 16 0
5557 24 20 0
2
42 107 
2
5558 16 16 0
5558 30 16 0
2
42 108 
2
5559 16 16 0
5559 28 10 0
2
42 109 
2
5560 16 16 0
5560 26 10 0
2
42 111 
2
5561 16 16 0
5561 18 6 0
2
42 112 
2
5562 16 16 0
5562 30 14 0
2
42 113 
2
5563 16 16 0
5563 22 4 0
2
42 114 
2
5564 16 16 0
5564 30 10 0
2
42 115 
2
5565 16 16 0
5565 2 10 0
2
42 116 
2
5566 16 16 0
5566 8 8 0
2
42 117 
2
5567 16 16 0
5567 12 8 0
2
42 118 
2
5568 16 16 0
5568 12 12 0
2
42 119 
2
5569 16 16 0
5569 22 18 0
2
42 120 
2
5570 16 16 0
5570 28 20 0
2
42 121 
2
5571 16 16 0
5571 8 14 0
2
40 42 
2
5572 10 16 0
5572 16 16 0
2
41 43 
2
5240 20 12 0
5240 18 14 0
2
42 100 
2
5573 16 16 0
5573 12 10 0
2
43 208 
2
5241 18 14 0
5241 32 16 0
2
42 101 
2
5574 16 16 0
5574 18 18 0
2
42 102 
2
5575 16 16 0
5575 14 8 0
2
42 103 
2
5576 16 16 0
5576 14 6 0
2
42 104 
2
5577 16 16 0
5577 22 26 0
2
42 105 
2
5578 16 16 0
5578 20 16 0
2
42 106 
2
5579 16 16 0
5579 24 20 0
2
42 107 
2
5580 16 16 0
5580 30 16 0
2
42 108 
2
5581 16 16 0
5581 28 10 0
2
42 109 
2
5582 16 16 0
5582 26 10 0
2
42 111 
2
5583 16 16 0
5583 18 6 0
2
42 112 
2
5584 16 16 0
5584 30 14 0
2
42 113 
2
5585 16 16 0
5585 22 4 0
2
42 114 
2
5586 16 16 0
5586 30 10 0
2
42 115 
2
5587 16 16 0
5587 2 10 0
2
42 116 
2
5588 16 16 0
5588 8 8 0
2
42 117 
2
5589 16 16 0
5589 12 8 0
2
42 118 
2
5590 16 16 0
5590 12 12 0
2
42 119 
2
5591 16 16 0
5591 22 18 0
2
42 120 
2
5592 16 16 0
5592 28 20 0
2
42 121 
2
5593 16 16 0
5593 8 14 0
2
20 40 
2
5573 14 16 0
5573 10 16 0
2
21 41 
2
5241 20 14 0
5241 20 12 0
2
38 40 
2
5574 4 16 0
5574 10 16 0
2
39 41 
2
5242 22 8 0
5242 20 12 0
2
244 42 
2
5594 34 34 0
5594 16 16 0
2
40 42 
2
5595 10 16 0
5595 16 16 0
2
247 42 
2
5596 34 28 0
5596 16 16 0
2
20 42 
2
5597 14 16 0
5597 16 16 0
2
245 42 
2
5598 34 32 0
5598 16 16 0
2
40 42 
2
5599 10 16 0
5599 16 16 0
2
244 42 
2
5600 34 34 0
5600 16 16 0
2
244 43 
2
5242 34 34 0
5242 18 14 0
2
41 43 
2
5243 20 12 0
5243 18 14 0
2
245 43 
2
5244 34 32 0
5244 18 14 0
2
21 43 
2
5245 20 14 0
5245 18 14 0
2
244 43 
2
5246 34 34 0
5246 18 14 0
2
41 43 
2
5247 20 12 0
5247 18 14 0
2
246 43 
2
5248 34 30 0
5248 18 14 0
2
42 101 
2
5601 16 16 0
5601 18 18 0
2
43 208 
2
5249 18 14 0
5249 32 16 0
2
42 102 
2
5602 16 16 0
5602 14 8 0
2
43 209 
2
5250 18 14 0
5250 2 18 0
2
42 103 
2
5603 16 16 0
5603 14 6 0
2
42 104 
2
5604 16 16 0
5604 22 26 0
2
42 105 
2
5605 16 16 0
5605 20 16 0
2
42 106 
2
5606 16 16 0
5606 24 20 0
2
42 107 
2
5607 16 16 0
5607 30 16 0
2
42 108 
2
5608 16 16 0
5608 28 10 0
2
42 109 
2
5609 16 16 0
5609 26 10 0
2
42 111 
2
5610 16 16 0
5610 18 6 0
2
42 112 
2
5611 16 16 0
5611 30 14 0
2
42 113 
2
5612 16 16 0
5612 22 4 0
2
42 114 
2
5613 16 16 0
5613 30 10 0
2
42 115 
2
5614 16 16 0
5614 2 10 0
2
42 116 
2
5615 16 16 0
5615 8 8 0
2
42 117 
2
5616 16 16 0
5616 12 8 0
2
42 118 
2
5617 16 16 0
5617 12 12 0
2
42 119 
2
5618 16 16 0
5618 22 18 0
2
42 120 
2
5619 16 16 0
5619 28 20 0
2
42 121 
2
5620 16 16 0
5620 8 14 0
2
42 122 
2
5621 16 16 0
5621 12 6 0
2
40 42 
2
5622 10 16 0
5622 16 16 0
2
41 43 
2
5251 20 12 0
5251 18 14 0
2
42 101 
2
5623 16 16 0
5623 18 18 0
2
43 211 
2
5252 18 14 0
5252 6 18 0
2
42 102 
2
5624 16 16 0
5624 14 8 0
2
42 103 
2
5625 16 16 0
5625 14 6 0
2
42 104 
2
5626 16 16 0
5626 22 26 0
2
42 105 
2
5627 16 16 0
5627 20 16 0
2
42 106 
2
5628 16 16 0
5628 24 20 0
2
42 107 
2
5629 16 16 0
5629 30 16 0
2
42 108 
2
5630 16 16 0
5630 28 10 0
2
42 109 
2
5631 16 16 0
5631 26 10 0
2
42 111 
2
5632 16 16 0
5632 18 6 0
2
42 112 
2
5633 16 16 0
5633 30 14 0
2
42 113 
2
5634 16 16 0
5634 22 4 0
2
42 114 
2
5635 16 16 0
5635 30 10 0
2
42 115 
2
5636 16 16 0
5636 2 10 0
2
42 116 
2
5637 16 16 0
5637 8 8 0
2
42 117 
2
5638 16 16 0
5638 12 8 0
2
42 118 
2
5639 16 16 0
5639 12 12 0
2
42 119 
2
5640 16 16 0
5640 22 18 0
2
42 120 
2
5641 16 16 0
5641 28 20 0
2
42 121 
2
5642 16 16 0
5642 8 14 0
2
42 122 
2
5643 16 16 0
5643 12 6 0
2
20 40 
2
5623 14 16 0
5623 10 16 0
2
21 41 
2
5252 20 14 0
5252 20 12 0
2
18 38 
2
5575 4 18 0
5575 4 16 0
2
19 39 
2
5243 20 8 0
5243 22 8 0
2
36 38 
2
5576 4 22 0
5576 4 16 0
2
37 39 
2
5244 24 4 0
5244 22 8 0
2
244 40 
2
5624 34 34 0
5624 10 16 0
2
38 40 
2
5625 4 16 0
5625 10 16 0
2
245 40 
2
5626 34 32 0
5626 10 16 0
2
18 40 
2
5627 4 18 0
5627 10 16 0
2
246 40 
2
5628 34 30 0
5628 10 16 0
2
38 40 
2
5629 4 16 0
5629 10 16 0
2
244 40 
2
5630 34 34 0
5630 10 16 0
2
244 41 
2
5253 34 34 0
5253 20 12 0
2
39 41 
2
5254 22 8 0
5254 20 12 0
2
245 41 
2
5255 34 32 0
5255 20 12 0
2
19 41 
2
5256 20 8 0
5256 20 12 0
2
246 41 
2
5257 34 30 0
5257 20 12 0
2
39 41 
2
5258 22 8 0
5258 20 12 0
2
244 41 
2
5259 34 34 0
5259 20 12 0
2
244 42 
2
5644 34 34 0
5644 16 16 0
2
40 42 
2
5645 10 16 0
5645 16 16 0
2
245 42 
2
5646 34 32 0
5646 16 16 0
2
20 42 
2
5647 14 16 0
5647 16 16 0
2
244 42 
2
5648 34 34 0
5648 16 16 0
2
40 42 
2
5649 10 16 0
5649 16 16 0
2
246 42 
2
5650 34 30 0
5650 16 16 0
2
247 43 
2
5253 34 28 0
5253 18 14 0
2
41 43 
2
5260 20 12 0
5260 18 14 0
2
245 43 
2
5261 34 32 0
5261 18 14 0
2
21 43 
2
5262 20 14 0
5262 18 14 0
2
247 43 
2
5263 34 28 0
5263 18 14 0
2
41 43 
2
5264 20 12 0
5264 18 14 0
2
244 43 
2
5265 34 34 0
5265 18 14 0
2
42 121 
2
5651 16 16 0
5651 8 14 0
2
43 210 
2
5266 18 14 0
5266 8 24 0
2
42 122 
2
5652 16 16 0
5652 12 6 0
2
42 123 
2
5653 16 16 0
5653 22 20 0
2
40 42 
2
5654 10 16 0
5654 16 16 0
2
41 43 
2
5267 20 12 0
5267 18 14 0
2
42 121 
2
5655 16 16 0
5655 8 14 0
2
43 210 
2
5268 18 14 0
5268 8 24 0
2
42 122 
2
5656 16 16 0
5656 12 6 0
2
43 211 
2
5269 18 14 0
5269 6 18 0
2
42 123 
2
5657 16 16 0
5657 22 20 0
2
20 40 
2
5655 14 16 0
5655 10 16 0
2
21 41 
2
5268 20 14 0
5268 20 12 0
2
38 40 
2
5656 4 16 0
5656 10 16 0
2
39 41 
2
5269 22 8 0
5269 20 12 0
2
244 42 
2
5658 34 34 0
5658 16 16 0
2
40 42 
2
5659 10 16 0
5659 16 16 0
2
246 42 
2
5660 34 30 0
5660 16 16 0
2
20 42 
2
5661 14 16 0
5661 16 16 0
2
244 42 
2
5662 34 34 0
5662 16 16 0
2
40 42 
2
5663 10 16 0
5663 16 16 0
2
246 42 
2
5664 34 30 0
5664 16 16 0
2
246 43 
2
5270 34 30 0
5270 18 14 0
2
41 43 
2
5271 20 12 0
5271 18 14 0
2
245 43 
2
5272 34 32 0
5272 18 14 0
2
21 43 
2
5273 20 14 0
5273 18 14 0
2
247 43 
2
5274 34 28 0
5274 18 14 0
2
41 43 
2
5275 20 12 0
5275 18 14 0
2
249 43 
2
5276 34 24 0
5276 18 14 0
2
42 122 
2
5665 16 16 0
5665 12 6 0
2
43 213 
2
5277 18 14 0
5277 16 32 0
2
42 123 
2
5666 16 16 0
5666 22 20 0
2
42 124 
2
5667 16 16 0
5667 20 26 0
2
40 42 
2
5668 10 16 0
5668 16 16 0
2
41 43 
2
5278 20 12 0
5278 18 14 0
2
42 122 
2
5669 16 16 0
5669 12 6 0
2
43 212 
2
5279 18 14 0
5279 16 24 0
2
42 123 
2
5670 16 16 0
5670 22 20 0
2
42 124 
2
5671 16 16 0
5671 20 26 0
2
20 40 
2
5669 14 16 0
5669 10 16 0
2
21 41 
2
5279 20 14 0
5279 20 12 0
2
18 38 
2
5657 4 18 0
5657 4 16 0
2
19 39 
2
5270 20 8 0
5270 22 8 0
2
16 36 
2
5577 4 24 0
5577 4 22 0
2
17 37 
2
5245 26 4 0
5245 24 4 0
2
34 36 
2
5578 2 24 0
5578 4 22 0
2
35 37 
2
5246 28 2 0
5246 24 4 0
2
245 38 
2
5658 34 32 0
5658 4 16 0
2
36 38 
2
5659 4 22 0
5659 4 16 0
2
247 38 
2
5660 34 28 0
5660 4 16 0
2
16 38 
2
5661 4 24 0
5661 4 16 0
2
245 38 
2
5662 34 32 0
5662 4 16 0
2
36 38 
2
5663 4 22 0
5663 4 16 0
2
247 38 
2
5664 34 28 0
5664 4 16 0
2
244 39 
2
5271 34 34 0
5271 22 8 0
2
37 39 
2
5272 24 4 0
5272 22 8 0
2
246 39 
2
5273 34 30 0
5273 22 8 0
2
17 39 
2
5274 26 4 0
5274 22 8 0
2
245 39 
2
5275 34 32 0
5275 22 8 0
2
37 39 
2
5276 24 4 0
5276 22 8 0
2
244 39 
2
5277 34 34 0
5277 22 8 0
2
244 40 
2
5670 34 34 0
5670 10 16 0
2
38 40 
2
5671 4 16 0
5671 10 16 0
2
245 40 
2
5672 34 32 0
5672 10 16 0
2
18 40 
2
5673 4 18 0
5673 10 16 0
2
244 40 
2
5674 34 34 0
5674 10 16 0
2
38 40 
2
5675 4 16 0
5675 10 16 0
2
245 40 
2
5676 34 32 0
5676 10 16 0
2
246 41 
2
5280 34 30 0
5280 20 12 0
2
39 41 
2
5281 22 8 0
5281 20 12 0
2
248 41 
2
5282 34 26 0
5282 20 12 0
2
19 41 
2
5283 20 8 0
5283 20 12 0
2
246 41 
2
5284 34 30 0
5284 20 12 0
2
39 41 
2
5285 22 8 0
5285 20 12 0
2
247 41 
2
5286 34 28 0
5286 20 12 0
2
246 42 
2
5672 34 30 0
5672 16 16 0
2
40 42 
2
5677 10 16 0
5677 16 16 0
2
244 42 
2
5678 34 34 0
5678 16 16 0
2
20 42 
2
5679 14 16 0
5679 16 16 0
2
245 42 
2
5680 34 32 0
5680 16 16 0
2
40 42 
2
5681 10 16 0
5681 16 16 0
2
244 42 
2
5682 34 34 0
5682 16 16 0
2
247 43 
2
5280 34 28 0
5280 18 14 0
2
41 43 
2
5287 20 12 0
5287 18 14 0
2
244 43 
2
5288 34 34 0
5288 18 14 0
2
21 43 
2
5289 20 14 0
5289 18 14 0
2
245 43 
2
5290 34 32 0
5290 18 14 0
2
41 43 
2
5291 20 12 0
5291 18 14 0
2
244 43 
2
5292 34 34 0
5292 18 14 0
2
42 121 
2
5683 16 16 0
5683 8 14 0
2
43 212 
2
5293 18 14 0
5293 16 24 0
2
42 122 
2
5684 16 16 0
5684 12 6 0
2
43 213 
2
5294 18 14 0
5294 16 32 0
2
42 123 
2
5685 16 16 0
5685 22 20 0
2
42 124 
2
5686 16 16 0
5686 20 26 0
2
42 125 
2
5687 16 16 0
5687 12 16 0
2
42 126 
2
5688 16 16 0
5688 16 10 0
2
42 128 
2
5689 16 16 0
5689 16 14 0
2
42 129 
2
5690 16 16 0
5690 28 12 0
2
42 130 
2
5691 16 16 0
5691 22 6 0
2
42 131 
2
5692 16 16 0
5692 28 14 0
2
42 149 
2
5693 16 16 0
5693 20 6 0
2
42 150 
2
5694 16 16 0
5694 24 8 0
2
42 151 
2
5695 16 16 0
5695 22 2 0
2
42 152 
2
5696 16 16 0
5696 22 30 0
2
42 153 
2
5697 16 16 0
5697 24 26 0
2
42 154 
2
5698 16 16 0
5698 28 18 0
2
42 155 
2
5699 16 16 0
5699 22 22 0
2
42 156 
2
5700 16 16 0
5700 26 18 0
2
42 157 
2
5701 16 16 0
5701 24 16 0
2
42 158 
2
5702 16 16 0
5702 4 14 0
2
42 159 
2
5703 16 16 0
5703 14 4 0
2
40 42 
2
5704 10 16 0
5704 16 16 0
2
41 43 
2
5295 20 12 0
5295 18 14 0
2
42 121 
2
5705 16 16 0
5705 8 14 0
2
43 215 
2
5296 18 14 0
5296 18 16 0
2
42 122 
2
5706 16 16 0
5706 12 6 0
2
42 123 
2
5707 16 16 0
5707 22 20 0
2
42 124 
2
5708 16 16 0
5708 20 26 0
2
42 125 
2
5709 16 16 0
5709 12 16 0
2
42 126 
2
5710 16 16 0
5710 16 10 0
2
42 128 
2
5711 16 16 0
5711 16 14 0
2
42 129 
2
5712 16 16 0
5712 28 12 0
2
42 130 
2
5713 16 16 0
5713 22 6 0
2
42 131 
2
5714 16 16 0
5714 28 14 0
2
42 149 
2
5715 16 16 0
5715 20 6 0
2
42 150 
2
5716 16 16 0
5716 24 8 0
2
42 151 
2
5717 16 16 0
5717 22 2 0
2
42 152 
2
5718 16 16 0
5718 22 30 0
2
42 153 
2
5719 16 16 0
5719 24 26 0
2
42 154 
2
5720 16 16 0
5720 28 18 0
2
42 155 
2
5721 16 16 0
5721 22 22 0
2
42 156 
2
5722 16 16 0
5722 26 18 0
2
42 157 
2
5723 16 16 0
5723 24 16 0
2
42 158 
2
5724 16 16 0
5724 4 14 0
2
42 159 
2
5725 16 16 0
5725 14 4 0
2
20 40 
2
5705 14 16 0
5705 10 16 0
2
21 41 
2
5296 20 14 0
5296 20 12 0
2
38 40 
2
5706 4 16 0
5706 10 16 0
2
39 41 
2
5297 22 8 0
5297 20 12 0
2
244 42 
2
5726 34 34 0
5726 16 16 0
2
40 42 
2
5727 10 16 0
5727 16 16 0
2
245 42 
2
5728 34 32 0
5728 16 16 0
2
20 42 
2
5729 14 16 0
5729 16 16 0
2
244 42 
2
5730 34 34 0
5730 16 16 0
2
40 42 
2
5731 10 16 0
5731 16 16 0
2
245 42 
2
5732 34 32 0
5732 16 16 0
2
244 43 
2
5297 34 34 0
5297 18 14 0
2
41 43 
2
5298 20 12 0
5298 18 14 0
2
245 43 
2
5299 34 32 0
5299 18 14 0
2
21 43 
2
5300 20 14 0
5300 18 14 0
2
244 43 
2
5301 34 34 0
5301 18 14 0
2
41 43 
2
5302 20 12 0
5302 18 14 0
2
245 43 
2
5303 34 32 0
5303 18 14 0
2
42 122 
2
5733 16 16 0
5733 12 6 0
2
43 214 
2
5304 18 14 0
5304 12 20 0
2
42 123 
2
5734 16 16 0
5734 22 20 0
2
42 124 
2
5735 16 16 0
5735 20 26 0
2
42 125 
2
5736 16 16 0
5736 12 16 0
2
42 126 
2
5737 16 16 0
5737 16 10 0
2
42 128 
2
5738 16 16 0
5738 16 14 0
2
42 129 
2
5739 16 16 0
5739 28 12 0
2
42 130 
2
5740 16 16 0
5740 22 6 0
2
42 131 
2
5741 16 16 0
5741 28 14 0
2
42 149 
2
5742 16 16 0
5742 20 6 0
2
42 150 
2
5743 16 16 0
5743 24 8 0
2
42 151 
2
5744 16 16 0
5744 22 2 0
2
42 152 
2
5745 16 16 0
5745 22 30 0
2
42 153 
2
5746 16 16 0
5746 24 26 0
2
42 154 
2
5747 16 16 0
5747 28 18 0
2
42 155 
2
5748 16 16 0
5748 22 22 0
2
42 156 
2
5749 16 16 0
5749 26 18 0
2
42 157 
2
5750 16 16 0
5750 24 16 0
2
42 158 
2
5751 16 16 0
5751 4 14 0
2
42 159 
2
5752 16 16 0
5752 14 4 0
2
42 160 
2
5753 16 16 0
5753 10 14 0
2
40 42 
2
5754 10 16 0
5754 16 16 0
2
41 43 
2
5305 20 12 0
5305 18 14 0
2
42 122 
2
5755 16 16 0
5755 12 6 0
2
43 214 
2
5306 18 14 0
5306 12 20 0
2
42 123 
2
5756 16 16 0
5756 22 20 0
2
43 215 
2
5307 18 14 0
5307 18 16 0
2
42 124 
2
5757 16 16 0
5757 20 26 0
2
42 125 
2
5758 16 16 0
5758 12 16 0
2
42 126 
2
5759 16 16 0
5759 16 10 0
2
42 128 
2
5760 16 16 0
5760 16 14 0
2
42 129 
2
5761 16 16 0
5761 28 12 0
2
42 130 
2
5762 16 16 0
5762 22 6 0
2
42 131 
2
5763 16 16 0
5763 28 14 0
2
42 149 
2
5764 16 16 0
5764 20 6 0
2
42 150 
2
5765 16 16 0
5765 24 8 0
2
42 151 
2
5766 16 16 0
5766 22 2 0
2
42 152 
2
5767 16 16 0
5767 22 30 0
2
42 153 
2
5768 16 16 0
5768 24 26 0
2
42 154 
2
5769 16 16 0
5769 28 18 0
2
42 155 
2
5770 16 16 0
5770 22 22 0
2
42 156 
2
5771 16 16 0
5771 26 18 0
2
42 157 
2
5772 16 16 0
5772 24 16 0
2
42 158 
2
5773 16 16 0
5773 4 14 0
2
42 159 
2
5774 16 16 0
5774 14 4 0
2
42 160 
2
5775 16 16 0
5775 10 14 0
2
20 40 
2
5755 14 16 0
5755 10 16 0
2
21 41 
2
5306 20 14 0
5306 20 12 0
2
18 38 
2
5707 4 18 0
5707 4 16 0
2
19 39 
2
5298 20 8 0
5298 22 8 0
2
36 38 
2
5708 4 22 0
5708 4 16 0
2
37 39 
2
5299 24 4 0
5299 22 8 0
2
244 40 
2
5756 34 34 0
5756 10 16 0
2
38 40 
2
5757 4 16 0
5757 10 16 0
2
245 40 
2
5758 34 32 0
5758 10 16 0
2
18 40 
2
5759 4 18 0
5759 10 16 0
2
244 40 
2
5760 34 34 0
5760 10 16 0
2
38 40 
2
5761 4 16 0
5761 10 16 0
2
245 40 
2
5762 34 32 0
5762 10 16 0
2
245 41 
2
5307 34 32 0
5307 20 12 0
2
39 41 
2
5308 22 8 0
5308 20 12 0
2
247 41 
2
5309 34 28 0
5309 20 12 0
2
19 41 
2
5310 20 8 0
5310 20 12 0
2
244 41 
2
5311 34 34 0
5311 20 12 0
2
39 41 
2
5312 22 8 0
5312 20 12 0
2
245 41 
2
5313 34 32 0
5313 20 12 0
2
244 42 
2
5776 34 34 0
5776 16 16 0
2
40 42 
2
5777 10 16 0
5777 16 16 0
2
245 42 
2
5778 34 32 0
5778 16 16 0
2
20 42 
2
5779 14 16 0
5779 16 16 0
2
244 42 
2
5780 34 34 0
5780 16 16 0
2
40 42 
2
5781 10 16 0
5781 16 16 0
2
245 42 
2
5782 34 32 0
5782 16 16 0
2
244 43 
2
5308 34 34 0
5308 18 14 0
2
41 43 
2
5314 20 12 0
5314 18 14 0
2
244 43 
2
5315 34 34 0
5315 18 14 0
2
21 43 
2
5316 20 14 0
5316 18 14 0
2
246 43 
2
5317 34 30 0
5317 18 14 0
2
41 43 
2
5318 20 12 0
5318 18 14 0
2
245 43 
2
5319 34 32 0
5319 18 14 0
2
42 159 
2
5783 16 16 0
5783 14 4 0
2
43 217 
2
5320 18 14 0
5320 14 26 0
2
42 160 
2
5784 16 16 0
5784 10 14 0
2
42 161 
2
5785 16 16 0
5785 14 2 0
2
40 42 
2
5786 10 16 0
5786 16 16 0
2
41 43 
2
5321 20 12 0
5321 18 14 0
2
42 159 
2
5787 16 16 0
5787 14 4 0
2
43 216 
2
5322 18 14 0
5322 8 20 0
2
42 160 
2
5788 16 16 0
5788 10 14 0
2
42 161 
2
5789 16 16 0
5789 14 2 0
2
20 40 
2
5787 14 16 0
5787 10 16 0
2
21 41 
2
5322 20 14 0
5322 20 12 0
2
38 40 
2
5788 4 16 0
5788 10 16 0
2
39 41 
2
5323 22 8 0
5323 20 12 0
2
244 42 
2
5790 34 34 0
5790 16 16 0
2
40 42 
2
5791 10 16 0
5791 16 16 0
2
246 42 
2
5792 34 30 0
5792 16 16 0
2
20 42 
2
5793 14 16 0
5793 16 16 0
2
244 42 
2
5794 34 34 0
5794 16 16 0
2
40 42 
2
5795 10 16 0
5795 16 16 0
2
246 42 
2
5796 34 30 0
5796 16 16 0
2
245 43 
2
5323 34 32 0
5323 18 14 0
2
41 43 
2
5324 20 12 0
5324 18 14 0
2
244 43 
2
5325 34 34 0
5325 18 14 0
2
21 43 
2
5326 20 14 0
5326 18 14 0
2
245 43 
2
5327 34 32 0
5327 18 14 0
2
41 43 
2
5328 20 12 0
5328 18 14 0
2
244 43 
2
5329 34 34 0
5329 18 14 0
2
42 160 
2
5797 16 16 0
5797 10 14 0
2
43 216 
2
5330 18 14 0
5330 8 20 0
2
42 161 
2
5798 16 16 0
5798 14 2 0
2
43 217 
2
5331 18 14 0
5331 14 26 0
2
42 162 
2
5799 16 16 0
5799 30 18 0
2
40 42 
2
5800 10 16 0
5800 16 16 0
2
41 43 
2
5332 20 12 0
5332 18 14 0
2
42 160 
2
5801 16 16 0
5801 10 14 0
2
43 219 
2
5333 18 14 0
5333 24 24 0
2
42 161 
2
5802 16 16 0
5802 14 2 0
2
42 162 
2
5803 16 16 0
5803 30 18 0
2
20 40 
2
5801 14 16 0
5801 10 16 0
2
21 41 
2
5333 20 14 0
5333 20 12 0
2
18 38 
2
5789 4 18 0
5789 4 16 0
2
19 39 
2
5324 20 8 0
5324 22 8 0
2
16 36 
2
5709 4 24 0
5709 4 22 0
2
17 37 
2
5300 26 4 0
5300 24 4 0
2
14 34 
2
5579 4 26 0
5579 2 24 0
2
15 35 
2
5247 26 2 0
5247 28 2 0
2
32 34 
2
5580 2 28 0
5580 2 24 0
2
33 35 
2
5248 32 2 0
5248 28 2 0
2
244 36 
2
5710 34 34 0
5710 4 22 0
2
34 36 
2
5711 2 24 0
5711 4 22 0
2
245 36 
2
5712 34 32 0
5712 4 22 0
2
14 36 
2
5713 4 26 0
5713 4 22 0
2
244 36 
2
5714 34 34 0
5714 4 22 0
2
34 36 
2
5715 2 24 0
5715 4 22 0
2
245 36 
2
5716 34 32 0
5716 4 22 0
2
246 37 
2
5301 34 30 0
5301 24 4 0
2
35 37 
2
5302 28 2 0
5302 24 4 0
2
247 37 
2
5303 34 28 0
5303 24 4 0
2
15 37 
2
5304 26 2 0
5304 24 4 0
2
244 37 
2
5305 34 34 0
5305 24 4 0
2
35 37 
2
5306 28 2 0
5306 24 4 0
2
246 37 
2
5307 34 30 0
5307 24 4 0
2
245 38 
2
5790 34 32 0
5790 4 16 0
2
36 38 
2
5791 4 22 0
5791 4 16 0
2
247 38 
2
5792 34 28 0
5792 4 16 0
2
16 38 
2
5793 4 24 0
5793 4 16 0
2
245 38 
2
5794 34 32 0
5794 4 16 0
2
36 38 
2
5795 4 22 0
5795 4 16 0
2
247 38 
2
5796 34 28 0
5796 4 16 0
2
246 39 
2
5325 34 30 0
5325 22 8 0
2
37 39 
2
5326 24 4 0
5326 22 8 0
2
247 39 
2
5327 34 28 0
5327 22 8 0
2
17 39 
2
5328 26 4 0
5328 22 8 0
2
246 39 
2
5329 34 30 0
5329 22 8 0
2
37 39 
2
5330 24 4 0
5330 22 8 0
2
247 39 
2
5331 34 28 0
5331 22 8 0
2
244 40 
2
5802 34 34 0
5802 10 16 0
2
38 40 
2
5803 4 16 0
5803 10 16 0
2
245 40 
2
5804 34 32 0
5804 10 16 0
2
18 40 
2
5805 4 18 0
5805 10 16 0
2
244 40 
2
5806 34 34 0
5806 10 16 0
2
38 40 
2
5807 4 16 0
5807 10 16 0
2
245 40 
2
5808 34 32 0
5808 10 16 0
2
246 41 
2
5334 34 30 0
5334 20 12 0
2
39 41 
2
5335 22 8 0
5335 20 12 0
2
248 41 
2
5336 34 26 0
5336 20 12 0
2
19 41 
2
5337 20 8 0
5337 20 12 0
2
245 41 
2
5338 34 32 0
5338 20 12 0
2
39 41 
2
5339 22 8 0
5339 20 12 0
2
244 41 
2
5340 34 34 0
5340 20 12 0
2
246 42 
2
5804 34 30 0
5804 16 16 0
2
40 42 
2
5809 10 16 0
5809 16 16 0
2
244 42 
2
5810 34 34 0
5810 16 16 0
2
20 42 
2
5811 14 16 0
5811 16 16 0
2
245 42 
2
5812 34 32 0
5812 16 16 0
2
40 42 
2
5813 10 16 0
5813 16 16 0
2
244 42 
2
5814 34 34 0
5814 16 16 0
2
247 43 
2
5334 34 28 0
5334 18 14 0
2
41 43 
2
5341 20 12 0
5341 18 14 0
2
245 43 
2
5342 34 32 0
5342 18 14 0
2
21 43 
2
5343 20 14 0
5343 18 14 0
2
244 43 
2
5344 34 34 0
5344 18 14 0
2
41 43 
2
5345 20 12 0
5345 18 14 0
2
245 43 
2
5346 34 32 0
5346 18 14 0
2
42 159 
2
5815 16 16 0
5815 14 4 0
2
43 218 
2
5347 18 14 0
5347 10 24 0
2
42 160 
2
5816 16 16 0
5816 10 14 0
2
42 161 
2
5817 16 16 0
5817 14 2 0
2
42 162 
2
5818 16 16 0
5818 30 18 0
2
42 163 
2
5819 16 16 0
5819 24 22 0
2
42 164 
2
5820 16 16 0
5820 26 20 0
2
42 166 
2
5821 16 16 0
5821 20 22 0
2
42 167 
2
5822 16 16 0
5822 22 12 0
2
42 168 
2
5823 16 16 0
5823 24 10 0
2
42 169 
2
5824 16 16 0
5824 18 2 0
2
42 170 
2
5825 16 16 0
5825 26 14 0
2
42 171 
2
5826 16 16 0
5826 20 4 0
2
42 172 
2
5827 16 16 0
5827 26 8 0
2
42 173 
2
5828 16 16 0
5828 26 6 0
2
42 174 
2
5829 16 16 0
5829 20 32 0
2
42 175 
2
5830 16 16 0
5830 6 8 0
2
42 176 
2
5831 16 16 0
5831 20 30 0
2
42 177 
2
5832 16 16 0
5832 8 4 0
2
42 178 
2
5833 16 16 0
5833 10 2 0
2
42 179 
2
5834 16 16 0
5834 30 22 0
2
42 180 
2
5835 16 16 0
5835 26 26 0
2
40 42 
2
5836 10 16 0
5836 16 16 0
2
41 43 
2
5348 20 12 0
5348 18 14 0
2
42 159 
2
5837 16 16 0
5837 14 4 0
2
43 218 
2
5349 18 14 0
5349 10 24 0
2
42 160 
2
5838 16 16 0
5838 10 14 0
2
43 219 
2
5350 18 14 0
5350 24 24 0
2
42 161 
2
5839 16 16 0
5839 14 2 0
2
42 162 
2
5840 16 16 0
5840 30 18 0
2
42 163 
2
5841 16 16 0
5841 24 22 0
2
42 164 
2
5842 16 16 0
5842 26 20 0
2
42 166 
2
5843 16 16 0
5843 20 22 0
2
42 167 
2
5844 16 16 0
5844 22 12 0
2
42 168 
2
5845 16 16 0
5845 24 10 0
2
42 169 
2
5846 16 16 0
5846 18 2 0
2
42 170 
2
5847 16 16 0
5847 26 14 0
2
42 171 
2
5848 16 16 0
5848 20 4 0
2
42 172 
2
5849 16 16 0
5849 26 8 0
2
42 173 
2
5850 16 16 0
5850 26 6 0
2
42 174 
2
5851 16 16 0
5851 20 32 0
2
42 175 
2
5852 16 16 0
5852 6 8 0
2
42 176 
2
5853 16 16 0
5853 20 30 0
2
42 177 
2
5854 16 16 0
5854 8 4 0
2
42 178 
2
5855 16 16 0
5855 10 2 0
2
42 179 
2
5856 16 16 0
5856 30 22 0
2
42 180 
2
5857 16 16 0
5857 26 26 0
2
20 40 
2
5837 14 16 0
5837 10 16 0
2
21 41 
2
5349 20 14 0
5349 20 12 0
2
38 40 
2
5838 4 16 0
5838 10 16 0
2
39 41 
2
5350 22 8 0
5350 20 12 0
2
244 42 
2
5858 34 34 0
5858 16 16 0
2
40 42 
2
5859 10 16 0
5859 16 16 0
2
245 42 
2
5860 34 32 0
5860 16 16 0
2
20 42 
2
5861 14 16 0
5861 16 16 0
2
244 42 
2
5862 34 34 0
5862 16 16 0
2
40 42 
2
5863 10 16 0
5863 16 16 0
2
245 42 
2
5864 34 32 0
5864 16 16 0
2
244 43 
2
5351 34 34 0
5351 18 14 0
2
41 43 
2
5352 20 12 0
5352 18 14 0
2
245 43 
2
5353 34 32 0
5353 18 14 0
2
21 43 
2
5354 20 14 0
5354 18 14 0
2
244 43 
2
5355 34 34 0
5355 18 14 0
2
41 43 
2
5356 20 12 0
5356 18 14 0
2
246 43 
2
5357 34 30 0
5357 18 14 0
2
42 160 
2
5865 16 16 0
5865 10 14 0
2
43 221 
2
5358 18 14 0
5358 6 22 0
2
42 161 
2
5866 16 16 0
5866 14 2 0
2
42 162 
2
5867 16 16 0
5867 30 18 0
2
42 163 
2
5868 16 16 0
5868 24 22 0
2
42 164 
2
5869 16 16 0
5869 26 20 0
2
42 166 
2
5870 16 16 0
5870 20 22 0
2
42 167 
2
5871 16 16 0
5871 22 12 0
2
42 168 
2
5872 16 16 0
5872 24 10 0
2
42 169 
2
5873 16 16 0
5873 18 2 0
2
42 170 
2
5874 16 16 0
5874 26 14 0
2
42 171 
2
5875 16 16 0
5875 20 4 0
2
42 172 
2
5876 16 16 0
5876 26 8 0
2
42 173 
2
5877 16 16 0
5877 26 6 0
2
42 174 
2
5878 16 16 0
5878 20 32 0
2
42 175 
2
5879 16 16 0
5879 6 8 0
2
42 176 
2
5880 16 16 0
5880 20 30 0
2
42 177 
2
5881 16 16 0
5881 8 4 0
2
42 178 
2
5882 16 16 0
5882 10 2 0
2
42 179 
2
5883 16 16 0
5883 30 22 0
2
42 180 
2
5884 16 16 0
5884 26 26 0
2
42 181 
2
5885 16 16 0
5885 32 20 0
2
40 42 
2
5886 10 16 0
5886 16 16 0
2
41 43 
2
5359 20 12 0
5359 18 14 0
2
42 160 
2
5887 16 16 0
5887 10 14 0
2
43 220 
2
5360 18 14 0
5360 12 24 0
2
42 161 
2
5888 16 16 0
5888 14 2 0
2
42 162 
2
5889 16 16 0
5889 30 18 0
2
42 163 
2
5890 16 16 0
5890 24 22 0
2
42 164 
2
5891 16 16 0
5891 26 20 0
2
42 166 
2
5892 16 16 0
5892 20 22 0
2
42 167 
2
5893 16 16 0
5893 22 12 0
2
42 168 
2
5894 16 16 0
5894 24 10 0
2
42 169 
2
5895 16 16 0
5895 18 2 0
2
42 170 
2
5896 16 16 0
5896 26 14 0
2
42 171 
2
5897 16 16 0
5897 20 4 0
2
42 172 
2
5898 16 16 0
5898 26 8 0
2
42 173 
2
5899 16 16 0
5899 26 6 0
2
42 174 
2
5900 16 16 0
5900 20 32 0
2
42 175 
2
5901 16 16 0
5901 6 8 0
2
42 176 
2
5902 16 16 0
5902 20 30 0
2
42 177 
2
5903 16 16 0
5903 8 4 0
2
42 178 
2
5904 16 16 0
5904 10 2 0
2
42 179 
2
5905 16 16 0
5905 30 22 0
2
42 180 
2
5906 16 16 0
5906 26 26 0
2
42 181 
2
5907 16 16 0
5907 32 20 0
2
20 40 
2
5887 14 16 0
5887 10 16 0
2
21 41 
2
5360 20 14 0
5360 20 12 0
2
18 38 
2
5839 4 18 0
5839 4 16 0
2
19 39 
2
5351 20 8 0
5351 22 8 0
2
36 38 
2
5840 4 22 0
5840 4 16 0
2
37 39 
2
5352 24 4 0
5352 22 8 0
2
244 40 
2
5888 34 34 0
5888 10 16 0
2
38 40 
2
5889 4 16 0
5889 10 16 0
2
245 40 
2
5890 34 32 0
5890 10 16 0
2
18 40 
2
5891 4 18 0
5891 10 16 0
2
244 40 
2
5892 34 34 0
5892 10 16 0
2
38 40 
2
5893 4 16 0
5893 10 16 0
2
245 40 
2
5894 34 32 0
5894 10 16 0
2
244 41 
2
5361 34 34 0
5361 20 12 0
2
39 41 
2
5362 22 8 0
5362 20 12 0
2
245 41 
2
5363 34 32 0
5363 20 12 0
2
19 41 
2
5364 20 8 0
5364 20 12 0
2
246 41 
2
5365 34 30 0
5365 20 12 0
2
39 41 
2
5366 22 8 0
5366 20 12 0
2
244 41 
2
5367 34 34 0
5367 20 12 0
2
244 42 
2
5908 34 34 0
5908 16 16 0
2
40 42 
2
5909 10 16 0
5909 16 16 0
2
245 42 
2
5910 34 32 0
5910 16 16 0
2
20 42 
2
5911 14 16 0
5911 16 16 0
2
244 42 
2
5912 34 34 0
5912 16 16 0
2
40 42 
2
5913 10 16 0
5913 16 16 0
2
245 42 
2
5914 34 32 0
5914 16 16 0
2
247 43 
2
5361 34 28 0
5361 18 14 0
2
41 43 
2
5368 20 12 0
5368 18 14 0
2
245 43 
2
5369 34 32 0
5369 18 14 0
2
21 43 
2
5370 20 14 0
5370 18 14 0
2
244 43 
2
5371 34 34 0
5371 18 14 0
2
41 43 
2
5372 20 12 0
5372 18 14 0
2
245 43 
2
5373 34 32 0
5373 18 14 0
2
42 180 
2
5915 16 16 0
5915 26 26 0
2
43 220 
2
5374 18 14 0
5374 12 24 0
2
42 181 
2
5916 16 16 0
5916 32 20 0
2
43 221 
2
5375 18 14 0
5375 6 22 0
2
42 182 
2
5917 16 16 0
5917 32 10 0
2
40 42 
2
5918 10 16 0
5918 16 16 0
2
41 43 
2
5376 20 12 0
5376 18 14 0
2
42 180 
2
5919 16 16 0
5919 26 26 0
2
43 223 
2
5377 18 14 0
5377 14 12 0
2
42 181 
2
5920 16 16 0
5920 32 20 0
2
42 182 
2
5921 16 16 0
5921 32 10 0
2
20 40 
2
5919 14 16 0
5919 10 16 0
2
21 41 
2
5377 20 14 0
5377 20 12 0
2
38 40 
2
5920 4 16 0
5920 10 16 0
2
39 41 
2
5378 22 8 0
5378 20 12 0
2
244 42 
2
5922 34 34 0
5922 16 16 0
2
40 42 
2
5923 10 16 0
5923 16 16 0
2
246 42 
2
5924 34 30 0
5924 16 16 0
2
20 42 
2
5925 14 16 0
5925 16 16 0
2
244 42 
2
5926 34 34 0
5926 16 16 0
2
40 42 
2
5927 10 16 0
5927 16 16 0
2
246 42 
2
5928 34 30 0
5928 16 16 0
2
244 43 
2
5378 34 34 0
5378 18 14 0
2
41 43 
2
5379 20 12 0
5379 18 14 0
2
246 43 
2
5380 34 30 0
5380 18 14 0
2
21 43 
2
5381 20 14 0
5381 18 14 0
2
248 43 
2
5382 34 26 0
5382 18 14 0
2
41 43 
2
5383 20 12 0
5383 18 14 0
2
246 43 
2
5384 34 30 0
5384 18 14 0
2
42 181 
2
5929 16 16 0
5929 32 20 0
2
43 222 
2
5385 18 14 0
5385 6 14 0
2
42 182 
2
5930 16 16 0
5930 32 10 0
2
42 183 
2
5931 16 16 0
5931 2 8 0
2
40 42 
2
5932 10 16 0
5932 16 16 0
2
41 43 
2
5386 20 12 0
5386 18 14 0
2
42 181 
2
5933 16 16 0
5933 32 20 0
2
43 222 
2
5387 18 14 0
5387 6 14 0
2
42 182 
2
5934 16 16 0
5934 32 10 0
2
43 223 
2
5388 18 14 0
5388 14 12 0
2
42 183 
2
5935 16 16 0
5935 2 8 0
2
20 40 
2
5933 14 16 0
5933 10 16 0
2
21 41 
2
5387 20 14 0
5387 20 12 0
2
18 38 
2
5921 4 18 0
5921 4 16 0
2
19 39 
2
5379 20 8 0
5379 22 8 0
2
16 36 
2
5841 4 24 0
5841 4 22 0
2
17 37 
2
5353 26 4 0
5353 24 4 0
2
34 36 
2
5842 2 24 0
5842 4 22 0
2
35 37 
2
5354 28 2 0
5354 24 4 0
2
245 38 
2
5922 34 32 0
5922 4 16 0
2
36 38 
2
5923 4 22 0
5923 4 16 0
2
247 38 
2
5924 34 28 0
5924 4 16 0
2
16 38 
2
5925 4 24 0
5925 4 16 0
2
245 38 
2
5926 34 32 0
5926 4 16 0
2
36 38 
2
5927 4 22 0
5927 4 16 0
2
247 38 
2
5928 34 28 0
5928 4 16 0
2
247 39 
2
5380 34 28 0
5380 22 8 0
2
37 39 
2
5381 24 4 0
5381 22 8 0
2
249 39 
2
5382 34 24 0
5382 22 8 0
2
17 39 
2
5383 26 4 0
5383 22 8 0
2
247 39 
2
5384 34 28 0
5384 22 8 0
2
37 39 
2
5385 24 4 0
5385 22 8 0
2
248 39 
2
5386 34 26 0
5386 22 8 0
2
244 40 
2
5934 34 34 0
5934 10 16 0
2
38 40 
2
5935 4 16 0
5935 10 16 0
2
245 40 
2
5936 34 32 0
5936 10 16 0
2
18 40 
2
5937 4 18 0
5937 10 16 0
2
244 40 
2
5938 34 34 0
5938 10 16 0
2
38 40 
2
5939 4 16 0
5939 10 16 0
2
245 40 
2
5940 34 32 0
5940 10 16 0
2
245 41 
2
5388 34 32 0
5388 20 12 0
2
39 41 
2
5389 22 8 0
5389 20 12 0
2
246 41 
2
5390 34 30 0
5390 20 12 0
2
19 41 
2
5391 20 8 0
5391 20 12 0
2
244 41 
2
5392 34 34 0
5392 20 12 0
2
39 41 
2
5393 22 8 0
5393 20 12 0
2
247 41 
2
5394 34 28 0
5394 20 12 0
2
246 42 
2
5936 34 30 0
5936 16 16 0
2
40 42 
2
5941 10 16 0
5941 16 16 0
2
244 42 
2
5942 34 34 0
5942 16 16 0
2
20 42 
2
5943 14 16 0
5943 16 16 0
2
245 42 
2
5944 34 32 0
5944 16 16 0
2
40 42 
2
5945 10 16 0
5945 16 16 0
2
244 42 
2
5946 34 34 0
5946 16 16 0
2
244 43 
2
5389 34 34 0
5389 18 14 0
2
41 43 
2
5395 20 12 0
5395 18 14 0
2
249 43 
2
5396 34 24 0
5396 18 14 0
2
21 43 
2
5397 20 14 0
5397 18 14 0
2
247 43 
2
5398 34 28 0
5398 18 14 0
2
41 43 
2
5399 20 12 0
5399 18 14 0
2
249 43 
2
5400 34 24 0
5400 18 14 0
2
42 73 
2
5947 16 16 0
5947 2 22 0
2
43 225 
2
5401 18 14 0
5401 20 18 0
2
42 74 
2
5948 16 16 0
5948 8 26 0
2
42 75 
2
5949 16 16 0
5949 10 30 0
2
40 42 
2
5950 10 16 0
5950 16 16 0
2
41 43 
2
5402 20 12 0
5402 18 14 0
2
42 73 
2
5951 16 16 0
5951 2 22 0
2
43 224 
2
5403 18 14 0
5403 24 12 0
2
42 74 
2
5952 16 16 0
5952 8 26 0
2
42 75 
2
5953 16 16 0
5953 10 30 0
2
20 40 
2
5951 14 16 0
5951 10 16 0
2
21 41 
2
5403 20 14 0
5403 20 12 0
2
38 40 
2
5952 4 16 0
5952 10 16 0
2
39 41 
2
5404 22 8 0
5404 20 12 0
2
244 42 
2
5954 34 34 0
5954 16 16 0
2
40 42 
2
5955 10 16 0
5955 16 16 0
2
245 42 
2
5956 34 32 0
5956 16 16 0
2
20 42 
2
5957 14 16 0
5957 16 16 0
2
244 42 
2
5958 34 34 0
5958 16 16 0
2
40 42 
2
5959 10 16 0
5959 16 16 0
2
245 42 
2
5960 34 32 0
5960 16 16 0
2
244 43 
2
5404 34 34 0
5404 18 14 0
2
41 43 
2
5405 20 12 0
5405 18 14 0
2
246 43 
2
5406 34 30 0
5406 18 14 0
2
21 43 
2
5407 20 14 0
5407 18 14 0
2
248 43 
2
5408 34 26 0
5408 18 14 0
2
41 43 
2
5409 20 12 0
5409 18 14 0
2
246 43 
2
5410 34 30 0
5410 18 14 0
2
42 74 
2
5961 16 16 0
5961 8 26 0
2
43 224 
2
5411 18 14 0
5411 24 12 0
2
42 75 
2
5962 16 16 0
5962 10 30 0
2
43 225 
2
5412 18 14 0
5412 20 18 0
2
42 76 
2
5963 16 16 0
5963 6 24 0
2
40 42 
2
5964 10 16 0
5964 16 16 0
2
41 43 
2
5413 20 12 0
5413 18 14 0
2
42 74 
2
5965 16 16 0
5965 8 26 0
2
43 227 
2
5414 18 14 0
5414 2 12 0
2
42 75 
2
5966 16 16 0
5966 10 30 0
2
42 76 
2
5967 16 16 0
5967 6 24 0
2
20 40 
2
5965 14 16 0
5965 10 16 0
2
21 41 
2
5414 20 14 0
5414 20 12 0
2
18 38 
2
5953 4 18 0
5953 4 16 0
2
19 39 
2
5405 20 8 0
5405 22 8 0
2
36 38 
2
5954 4 22 0
5954 4 16 0
2
37 39 
2
5406 24 4 0
5406 22 8 0
2
244 40 
2
5966 34 34 0
5966 10 16 0
2
38 40 
2
5967 4 16 0
5967 10 16 0
2
245 40 
2
5968 34 32 0
5968 10 16 0
2
18 40 
2
5969 4 18 0
5969 10 16 0
2
244 40 
2
5970 34 34 0
5970 10 16 0
2
38 40 
2
5971 4 16 0
5971 10 16 0
2
245 40 
2
5972 34 32 0
5972 10 16 0
2
244 41 
2
5415 34 34 0
5415 20 12 0
2
39 41 
2
5416 22 8 0
5416 20 12 0
2
245 41 
2
5417 34 32 0
5417 20 12 0
2
19 41 
2
5418 20 8 0
5418 20 12 0
2
246 41 
2
5419 34 30 0
5419 20 12 0
2
39 41 
2
5420 22 8 0
5420 20 12 0
2
244 41 
2
5421 34 34 0
5421 20 12 0
2
246 42 
2
5968 34 30 0
5968 16 16 0
2
40 42 
2
5973 10 16 0
5973 16 16 0
2
244 42 
2
5974 34 34 0
5974 16 16 0
2
20 42 
2
5975 14 16 0
5975 16 16 0
2
245 42 
2
5976 34 32 0
5976 16 16 0
2
40 42 
2
5977 10 16 0
5977 16 16 0
2
244 42 
2
5978 34 34 0
5978 16 16 0
2
247 43 
2
5415 34 28 0
5415 18 14 0
2
41 43 
2
5422 20 12 0
5422 18 14 0
2
245 43 
2
5423 34 32 0
5423 18 14 0
2
21 43 
2
5424 20 14 0
5424 18 14 0
2
244 43 
2
5425 34 34 0
5425 18 14 0
2
41 43 
2
5426 20 12 0
5426 18 14 0
2
245 43 
2
5427 34 32 0
5427 18 14 0
2
42 73 
2
5979 16 16 0
5979 2 22 0
2
43 226 
2
5428 18 14 0
5428 18 32 0
2
42 74 
2
5980 16 16 0
5980 8 26 0
2
42 75 
2
5981 16 16 0
5981 10 30 0
2
42 76 
2
5982 16 16 0
5982 6 24 0
2
42 77 
2
5983 16 16 0
5983 14 32 0
2
42 78 
2
5984 16 16 0
5984 10 28 0
2
42 79 
2
5985 16 16 0
5985 2 20 0
2
42 80 
2
5986 16 16 0
5986 24 28 0
2
42 81 
2
5987 16 16 0
5987 6 6 0
2
42 82 
2
5988 16 16 0
5988 28 22 0
2
42 83 
2
5989 16 16 0
5989 10 4 0
2
42 84 
2
5990 16 16 0
5990 28 24 0
2
42 85 
2
5991 16 16 0
5991 30 20 0
2
42 88 
2
5992 16 16 0
5992 12 4 0
2
42 110 
2
5993 16 16 0
5993 6 20 0
2
42 127 
2
5994 16 16 0
5994 12 18 0
2
42 132 
2
5995 16 16 0
5995 8 16 0
2
42 133 
2
5996 16 16 0
5996 10 12 0
2
42 134 
2
5997 16 16 0
5997 16 30 0
2
42 135 
2
5998 16 16 0
5998 10 26 0
2
42 136 
2
5999 16 16 0
5999 16 26 0
2
40 42 
2
6000 10 16 0
6000 16 16 0
2
41 43 
2
5429 20 12 0
5429 18 14 0
2
42 73 
2
6001 16 16 0
6001 2 22 0
2
43 226 
2
5430 18 14 0
5430 18 32 0
2
42 74 
2
6002 16 16 0
6002 8 26 0
2
43 227 
2
5431 18 14 0
5431 2 12 0
2
42 75 
2
6003 16 16 0
6003 10 30 0
2
42 76 
2
6004 16 16 0
6004 6 24 0
2
42 77 
2
6005 16 16 0
6005 14 32 0
2
42 78 
2
6006 16 16 0
6006 10 28 0
2
42 79 
2
6007 16 16 0
6007 2 20 0
2
42 80 
2
6008 16 16 0
6008 24 28 0
2
42 81 
2
6009 16 16 0
6009 6 6 0
2
42 82 
2
6010 16 16 0
6010 28 22 0
2
42 83 
2
6011 16 16 0
6011 10 4 0
2
42 84 
2
6012 16 16 0
6012 28 24 0
2
42 85 
2
6013 16 16 0
6013 30 20 0
2
42 88 
2
6014 16 16 0
6014 12 4 0
2
42 110 
2
6015 16 16 0
6015 6 20 0
2
42 127 
2
6016 16 16 0
6016 12 18 0
2
42 132 
2
6017 16 16 0
6017 8 16 0
2
42 133 
2
6018 16 16 0
6018 10 12 0
2
42 134 
2
6019 16 16 0
6019 16 30 0
2
42 135 
2
6020 16 16 0
6020 10 26 0
2
42 136 
2
6021 16 16 0
6021 16 26 0
2
20 40 
2
6001 14 16 0
6001 10 16 0
2
21 41 
2
5430 20 14 0
5430 20 12 0
2
38 40 
2
6002 4 16 0
6002 10 16 0
2
39 41 
2
5431 22 8 0
5431 20 12 0
2
244 42 
2
6022 34 34 0
6022 16 16 0
2
40 42 
2
6023 10 16 0
6023 16 16 0
2
245 42 
2
6024 34 32 0
6024 16 16 0
2
20 42 
2
6025 14 16 0
6025 16 16 0
2
244 42 
2
6026 34 34 0
6026 16 16 0
2
40 42 
2
6027 10 16 0
6027 16 16 0
2
245 42 
2
6028 34 32 0
6028 16 16 0
2
244 43 
2
5432 34 34 0
5432 18 14 0
2
41 43 
2
5433 20 12 0
5433 18 14 0
2
246 43 
2
5434 34 30 0
5434 18 14 0
2
21 43 
2
5435 20 14 0
5435 18 14 0
2
245 43 
2
5436 34 32 0
5436 18 14 0
2
41 43 
2
5437 20 12 0
5437 18 14 0
2
244 43 
2
5438 34 34 0
5438 18 14 0
2
42 74 
2
6029 16 16 0
6029 8 26 0
2
43 229 
2
5439 18 14 0
5439 2 16 0
2
42 75 
2
6030 16 16 0
6030 10 30 0
2
42 76 
2
6031 16 16 0
6031 6 24 0
2
42 77 
2
6032 16 16 0
6032 14 32 0
2
42 78 
2
6033 16 16 0
6033 10 28 0
2
42 79 
2
6034 16 16 0
6034 2 20 0
2
42 80 
2
6035 16 16 0
6035 24 28 0
2
42 81 
2
6036 16 16 0
6036 6 6 0
2
42 82 
2
6037 16 16 0
6037 28 22 0
2
42 83 
2
6038 16 16 0
6038 10 4 0
2
42 84 
2
6039 16 16 0
6039 28 24 0
2
42 85 
2
6040 16 16 0
6040 30 20 0
2
42 88 
2
6041 16 16 0
6041 12 4 0
2
42 110 
2
6042 16 16 0
6042 6 20 0
2
42 127 
2
6043 16 16 0
6043 12 18 0
2
42 132 
2
6044 16 16 0
6044 8 16 0
2
42 133 
2
6045 16 16 0
6045 10 12 0
2
42 134 
2
6046 16 16 0
6046 16 30 0
2
42 135 
2
6047 16 16 0
6047 10 26 0
2
42 136 
2
6048 16 16 0
6048 16 26 0
2
42 137 
2
6049 16 16 0
6049 16 28 0
2
40 42 
2
6050 10 16 0
6050 16 16 0
2
41 43 
2
5440 20 12 0
5440 18 14 0
2
42 74 
2
6051 16 16 0
6051 8 26 0
2
43 228 
2
5441 18 14 0
5441 12 2 0
2
42 75 
2
6052 16 16 0
6052 10 30 0
2
42 76 
2
6053 16 16 0
6053 6 24 0
2
42 77 
2
6054 16 16 0
6054 14 32 0
2
42 78 
2
6055 16 16 0
6055 10 28 0
2
42 79 
2
6056 16 16 0
6056 2 20 0
2
42 80 
2
6057 16 16 0
6057 24 28 0
2
42 81 
2
6058 16 16 0
6058 6 6 0
2
42 82 
2
6059 16 16 0
6059 28 22 0
2
42 83 
2
6060 16 16 0
6060 10 4 0
2
42 84 
2
6061 16 16 0
6061 28 24 0
2
42 85 
2
6062 16 16 0
6062 30 20 0
2
42 88 
2
6063 16 16 0
6063 12 4 0
2
42 110 
2
6064 16 16 0
6064 6 20 0
2
42 127 
2
6065 16 16 0
6065 12 18 0
2
42 132 
2
6066 16 16 0
6066 8 16 0
2
42 133 
2
6067 16 16 0
6067 10 12 0
2
42 134 
2
6068 16 16 0
6068 16 30 0
2
42 135 
2
6069 16 16 0
6069 10 26 0
2
42 136 
2
6070 16 16 0
6070 16 26 0
2
42 137 
2
6071 16 16 0
6071 16 28 0
2
20 40 
2
6051 14 16 0
6051 10 16 0
2
21 41 
2
5441 20 14 0
5441 20 12 0
2
18 38 
2
6003 4 18 0
6003 4 16 0
2
19 39 
2
5432 20 8 0
5432 22 8 0
2
16 36 
2
5955 4 24 0
5955 4 22 0
2
17 37 
2
5407 26 4 0
5407 24 4 0
2
14 34 
2
5843 4 26 0
5843 2 24 0
2
15 35 
2
5355 26 2 0
5355 28 2 0
2
12 32 
2
5581 2 26 0
5581 2 28 0
2
13 33 
2
5249 30 2 0
5249 32 2 0
2
30 32 
2
5582 4 28 0
5582 2 28 0
2
31 33 
2
5250 32 6 0
5250 32 2 0
2
244 34 
2
5844 34 34 0
5844 2 24 0
2
32 34 
2
5845 2 28 0
5845 2 24 0
2
245 34 
2
5846 34 32 0
5846 2 24 0
2
12 34 
2
5847 2 26 0
5847 2 24 0
2
244 34 
2
5848 34 34 0
5848 2 24 0
2
32 34 
2
5849 2 28 0
5849 2 24 0
2
245 34 
2
5850 34 32 0
5850 2 24 0
2
245 35 
2
5356 34 32 0
5356 28 2 0
2
33 35 
2
5357 32 2 0
5357 28 2 0
2
244 35 
2
5358 34 34 0
5358 28 2 0
2
13 35 
2
5359 30 2 0
5359 28 2 0
2
246 35 
2
5360 34 30 0
5360 28 2 0
2
33 35 
2
5361 32 2 0
5361 28 2 0
2
249 35 
2
5362 34 24 0
5362 28 2 0
2
246 36 
2
5956 34 30 0
5956 4 22 0
2
34 36 
2
5957 2 24 0
5957 4 22 0
2
247 36 
2
5958 34 28 0
5958 4 22 0
2
14 36 
2
5959 4 26 0
5959 4 22 0
2
246 36 
2
5960 34 30 0
5960 4 22 0
2
34 36 
2
5961 2 24 0
5961 4 22 0
2
244 36 
2
5962 34 34 0
5962 4 22 0
2
249 37 
2
5408 34 24 0
5408 24 4 0
2
35 37 
2
5409 28 2 0
5409 24 4 0
2
250 37 
2
5410 34 22 0
5410 24 4 0
2
15 37 
2
5411 26 2 0
5411 24 4 0
2
247 37 
2
5412 34 28 0
5412 24 4 0
2
35 37 
2
5413 28 2 0
5413 24 4 0
2
246 37 
2
5414 34 30 0
5414 24 4 0
2
244 38 
2
6004 34 34 0
6004 4 16 0
2
36 38 
2
6005 4 22 0
6005 4 16 0
2
245 38 
2
6006 34 32 0
6006 4 16 0
2
16 38 
2
6007 4 24 0
6007 4 16 0
2
244 38 
2
6008 34 34 0
6008 4 16 0
2
36 38 
2
6009 4 22 0
6009 4 16 0
2
245 38 
2
6010 34 32 0
6010 4 16 0
2
245 39 
2
5433 34 32 0
5433 22 8 0
2
37 39 
2
5434 24 4 0
5434 22 8 0
2
244 39 
2
5435 34 34 0
5435 22 8 0
2
17 39 
2
5436 26 4 0
5436 22 8 0
2
246 39 
2
5437 34 30 0
5437 22 8 0
2
37 39 
2
5438 24 4 0
5438 22 8 0
2
245 39 
2
5439 34 32 0
5439 22 8 0
2
244 40 
2
6052 34 34 0
6052 10 16 0
2
38 40 
2
6053 4 16 0
6053 10 16 0
2
245 40 
2
6054 34 32 0
6054 10 16 0
2
18 40 
2
6055 4 18 0
6055 10 16 0
2
244 40 
2
6056 34 34 0
6056 10 16 0
2
38 40 
2
6057 4 16 0
6057 10 16 0
2
245 40 
2
6058 34 32 0
6058 10 16 0
2
244 41 
2
5442 34 34 0
5442 20 12 0
2
39 41 
2
5443 22 8 0
5443 20 12 0
2
246 41 
2
5444 34 30 0
5444 20 12 0
2
19 41 
2
5445 20 8 0
5445 20 12 0
2
245 41 
2
5446 34 32 0
5446 20 12 0
2
39 41 
2
5447 22 8 0
5447 20 12 0
2
247 41 
2
5448 34 28 0
5448 20 12 0
2
244 42 
2
6072 34 34 0
6072 16 16 0
2
40 42 
2
6073 10 16 0
6073 16 16 0
2
245 42 
2
6074 34 32 0
6074 16 16 0
2
20 42 
2
6075 14 16 0
6075 16 16 0
2
244 42 
2
6076 34 34 0
6076 16 16 0
2
40 42 
2
6077 10 16 0
6077 16 16 0
2
245 42 
2
6078 34 32 0
6078 16 16 0
2
245 43 
2
5442 34 32 0
5442 18 14 0
2
41 43 
2
5449 20 12 0
5449 18 14 0
2
245 43 
2
5450 34 32 0
5450 18 14 0
2
21 43 
2
5451 20 14 0
5451 18 14 0
2
247 43 
2
5452 34 28 0
5452 18 14 0
2
41 43 
2
5453 20 12 0
5453 18 14 0
2
244 43 
2
5454 34 34 0
5454 18 14 0
2
42 136 
2
6079 16 16 0
6079 16 26 0
2
43 228 
2
5455 18 14 0
5455 12 2 0
2
42 137 
2
6080 16 16 0
6080 16 28 0
2
43 229 
2
5456 18 14 0
5456 2 16 0
2
42 138 
2
6081 16 16 0
6081 10 20 0
2
40 42 
2
6082 10 16 0
6082 16 16 0
2
41 43 
2
5457 20 12 0
5457 18 14 0
2
42 136 
2
6083 16 16 0
6083 16 26 0
2
43 231 
2
5458 18 14 0
5458 14 30 0
2
42 137 
2
6084 16 16 0
6084 16 28 0
2
42 138 
2
6085 16 16 0
6085 10 20 0
2
20 40 
2
6083 14 16 0
6083 10 16 0
2
21 41 
2
5458 20 14 0
5458 20 12 0
2
38 40 
2
6084 4 16 0
6084 10 16 0
2
39 41 
2
5459 22 8 0
5459 20 12 0
2
244 42 
2
6086 34 34 0
6086 16 16 0
2
40 42 
2
6087 10 16 0
6087 16 16 0
2
245 42 
2
6088 34 32 0
6088 16 16 0
2
20 42 
2
6089 14 16 0
6089 16 16 0
2
244 42 
2
6090 34 34 0
6090 16 16 0
2
40 42 
2
6091 10 16 0
6091 16 16 0
2
245 42 
2
6092 34 32 0
6092 16 16 0
2
244 43 
2
5459 34 34 0
5459 18 14 0
2
41 43 
2
5460 20 12 0
5460 18 14 0
2
245 43 
2
5461 34 32 0
5461 18 14 0
2
21 43 
2
5462 20 14 0
5462 18 14 0
2
246 43 
2
5463 34 30 0
5463 18 14 0
2
41 43 
2
5464 20 12 0
5464 18 14 0
2
244 43 
2
5465 34 34 0
5465 18 14 0
2
42 137 
2
6093 16 16 0
6093 16 28 0
2
43 230 
2
5466 18 14 0
5466 10 8 0
2
42 138 
2
6094 16 16 0
6094 10 20 0
2
42 139 
2
6095 16 16 0
6095 12 26 0
2
40 42 
2
6096 10 16 0
6096 16 16 0
2
41 43 
2
5467 20 12 0
5467 18 14 0
2
42 137 
2
6097 16 16 0
6097 16 28 0
2
43 230 
2
5468 18 14 0
5468 10 8 0
2
42 138 
2
6098 16 16 0
6098 10 20 0
2
43 231 
2
5469 18 14 0
5469 14 30 0
2
42 139 
2
6099 16 16 0
6099 12 26 0
2
20 40 
2
6097 14 16 0
6097 10 16 0
2
21 41 
2
5468 20 14 0
5468 20 12 0
2
18 38 
2
6085 4 18 0
6085 4 16 0
2
19 39 
2
5460 20 8 0
5460 22 8 0
2
36 38 
2
6086 4 22 0
6086 4 16 0
2
37 39 
2
5461 24 4 0
5461 22 8 0
2
244 40 
2
6098 34 34 0
6098 10 16 0
2
38 40 
2
6099 4 16 0
6099 10 16 0
2
245 40 
2
6100 34 32 0
6100 10 16 0
2
18 40 
2
6101 4 18 0
6101 10 16 0
2
244 40 
2
6102 34 34 0
6102 10 16 0
2
38 40 
2
6103 4 16 0
6103 10 16 0
2
245 40 
2
6104 34 32 0
6104 10 16 0
2
246 41 
2
5469 34 30 0
5469 20 12 0
2
39 41 
2
5470 22 8 0
5470 20 12 0
2
244 41 
2
5471 34 34 0
5471 20 12 0
2
19 41 
2
5472 20 8 0
5472 20 12 0
2
245 41 
2
5473 34 32 0
5473 20 12 0
2
39 41 
2
5474 22 8 0
5474 20 12 0
2
244 41 
2
5475 34 34 0
5475 20 12 0
2
247 42 
2
6100 34 28 0
6100 16 16 0
2
40 42 
2
6105 10 16 0
6105 16 16 0
2
244 42 
2
6106 34 34 0
6106 16 16 0
2
20 42 
2
6107 14 16 0
6107 16 16 0
2
245 42 
2
6108 34 32 0
6108 16 16 0
2
40 42 
2
6109 10 16 0
6109 16 16 0
2
244 42 
2
6110 34 34 0
6110 16 16 0
2
245 43 
2
5470 34 32 0
5470 18 14 0
2
41 43 
2
5476 20 12 0
5476 18 14 0
2
245 43 
2
5477 34 32 0
5477 18 14 0
2
21 43 
2
5478 20 14 0
5478 18 14 0
2
244 43 
2
5479 34 34 0
5479 18 14 0
2
41 43 
2
5480 20 12 0
5480 18 14 0
2
245 43 
2
5481 34 32 0
5481 18 14 0
2
42 136 
2
6111 16 16 0
6111 16 26 0
2
43 233 
2
5482 18 14 0
5482 8 22 0
2
42 137 
2
6112 16 16 0
6112 16 28 0
2
42 138 
2
6113 16 16 0
6113 10 20 0
2
42 139 
2
6114 16 16 0
6114 12 26 0
2
42 140 
2
6115 16 16 0
6115 14 18 0
2
42 141 
2
6116 16 16 0
6116 14 20 0
2
42 142 
2
6117 16 16 0
6117 8 12 0
2
42 143 
2
6118 16 16 0
6118 22 24 0
2
42 144 
2
6119 16 16 0
6119 24 18 0
2
42 145 
2
6120 16 16 0
6120 22 10 0
2
42 146 
2
6121 16 16 0
6121 30 12 0
2
42 147 
2
6122 16 16 0
6122 4 8 0
2
42 148 
2
6123 16 16 0
6123 12 30 0
2
42 165 
2
6124 16 16 0
6124 4 20 0
2
42 187 
2
6125 16 16 0
6125 12 28 0
2
42 190 
2
6126 16 16 0
6126 26 16 0
2
42 192 
2
6127 16 16 0
6127 18 26 0
2
42 193 
2
6128 16 16 0
6128 6 16 0
2
42 194 
2
6129 16 16 0
6129 14 22 0
2
42 195 
2
6130 16 16 0
6130 10 22 0
2
42 196 
2
6131 16 16 0
6131 8 18 0
2
40 42 
2
6132 10 16 0
6132 16 16 0
2
41 43 
2
5483 20 12 0
5483 18 14 0
2
42 136 
2
6133 16 16 0
6133 16 26 0
2
43 232 
2
5484 18 14 0
5484 26 22 0
2
42 137 
2
6134 16 16 0
6134 16 28 0
2
42 138 
2
6135 16 16 0
6135 10 20 0
2
42 139 
2
6136 16 16 0
6136 12 26 0
2
42 140 
2
6137 16 16 0
6137 14 18 0
2
42 141 
2
6138 16 16 0
6138 14 20 0
2
42 142 
2
6139 16 16 0
6139 8 12 0
2
42 143 
2
6140 16 16 0
6140 22 24 0
2
42 144 
2
6141 16 16 0
6141 24 18 0
2
42 145 
2
6142 16 16 0
6142 22 10 0
2
42 146 
2
6143 16 16 0
6143 30 12 0
2
42 147 
2
6144 16 16 0
6144 4 8 0
2
42 148 
2
6145 16 16 0
6145 12 30 0
2
42 165 
2
6146 16 16 0
6146 4 20 0
2
42 187 
2
6147 16 16 0
6147 12 28 0
2
42 190 
2
6148 16 16 0
6148 26 16 0
2
42 192 
2
6149 16 16 0
6149 18 26 0
2
42 193 
2
6150 16 16 0
6150 6 16 0
2
42 194 
2
6151 16 16 0
6151 14 22 0
2
42 195 
2
6152 16 16 0
6152 10 22 0
2
42 196 
2
6153 16 16 0
6153 8 18 0
2
20 40 
2
6133 14 16 0
6133 10 16 0
2
21 41 
2
5484 20 14 0
5484 20 12 0
2
38 40 
2
6134 4 16 0
6134 10 16 0
2
39 41 
2
5485 22 8 0
5485 20 12 0
2
244 42 
2
6154 34 34 0
6154 16 16 0
2
40 42 
2
6155 10 16 0
6155 16 16 0
2
245 42 
2
6156 34 32 0
6156 16 16 0
2
20 42 
2
6157 14 16 0
6157 16 16 0
2
244 42 
2
6158 34 34 0
6158 16 16 0
2
40 42 
2
6159 10 16 0
6159 16 16 0
2
245 42 
2
6160 34 32 0
6160 16 16 0
2
244 43 
2
5485 34 34 0
5485 18 14 0
2
41 43 
2
5486 20 12 0
5486 18 14 0
2
245 43 
2
5487 34 32 0
5487 18 14 0
2
21 43 
2
5488 20 14 0
5488 18 14 0
2
244 43 
2
5489 34 34 0
5489 18 14 0
2
41 43 
2
5490 20 12 0
5490 18 14 0
2
245 43 
2
5491 34 32 0
5491 18 14 0
2
42 137 
2
6161 16 16 0
6161 16 28 0
2
43 232 
2
5492 18 14 0
5492 26 22 0
2
42 138 
2
6162 16 16 0
6162 10 20 0
2
43 233 
2
5493 18 14 0
5493 8 22 0
2
42 139 
2
6163 16 16 0
6163 12 26 0
2
42 140 
2
6164 16 16 0
6164 14 18 0
2
42 141 
2
6165 16 16 0
6165 14 20 0
2
42 142 
2
6166 16 16 0
6166 8 12 0
2
42 143 
2
6167 16 16 0
6167 22 24 0
2
42 144 
2
6168 16 16 0
6168 24 18 0
2
42 145 
2
6169 16 16 0
6169 22 10 0
2
42 146 
2
6170 16 16 0
6170 30 12 0
2
42 147 
2
6171 16 16 0
6171 4 8 0
2
42 148 
2
6172 16 16 0
6172 12 30 0
2
42 165 
2
6173 16 16 0
6173 4 20 0
2
42 187 
2
6174 16 16 0
6174 12 28 0
2
42 190 
2
6175 16 16 0
6175 26 16 0
2
42 192 
2
6176 16 16 0
6176 18 26 0
2
42 193 
2
6177 16 16 0
6177 6 16 0
2
42 194 
2
6178 16 16 0
6178 14 22 0
2
42 195 
2
6179 16 16 0
6179 10 22 0
2
42 196 
2
6180 16 16 0
6180 8 18 0
2
42 197 
2
6181 16 16 0
6181 16 22 0
2
40 42 
2
6182 10 16 0
6182 16 16 0
2
41 43 
2
5494 20 12 0
5494 18 14 0
2
42 137 
2
6183 16 16 0
6183 16 28 0
2
43 235 
2
5495 18 14 0
5495 14 24 0
2
42 138 
2
6184 16 16 0
6184 10 20 0
2
42 139 
2
6185 16 16 0
6185 12 26 0
2
42 140 
2
6186 16 16 0
6186 14 18 0
2
42 141 
2
6187 16 16 0
6187 14 20 0
2
42 142 
2
6188 16 16 0
6188 8 12 0
2
42 143 
2
6189 16 16 0
6189 22 24 0
2
42 144 
2
6190 16 16 0
6190 24 18 0
2
42 145 
2
6191 16 16 0
6191 22 10 0
2
42 146 
2
6192 16 16 0
6192 30 12 0
2
42 147 
2
6193 16 16 0
6193 4 8 0
2
42 148 
2
6194 16 16 0
6194 12 30 0
2
42 165 
2
6195 16 16 0
6195 4 20 0
2
42 187 
2
6196 16 16 0
6196 12 28 0
2
42 190 
2
6197 16 16 0
6197 26 16 0
2
42 192 
2
6198 16 16 0
6198 18 26 0
2
42 193 
2
6199 16 16 0
6199 6 16 0
2
42 194 
2
6200 16 16 0
6200 14 22 0
2
42 195 
2
6201 16 16 0
6201 10 22 0
2
42 196 
2
6202 16 16 0
6202 8 18 0
2
42 197 
2
6203 16 16 0
6203 16 22 0
2
20 40 
2
6183 14 16 0
6183 10 16 0
2
21 41 
2
5495 20 14 0
5495 20 12 0
2
18 38 
2
6135 4 18 0
6135 4 16 0
2
19 39 
2
5486 20 8 0
5486 22 8 0
2
16 36 
2
6087 4 24 0
6087 4 22 0
2
17 37 
2
5462 26 4 0
5462 24 4 0
2
34 36 
2
6088 2 24 0
6088 4 22 0
2
35 37 
2
5463 28 2 0
5463 24 4 0
2
244 38 
2
6136 34 34 0
6136 4 16 0
2
36 38 
2
6137 4 22 0
6137 4 16 0
2
245 38 
2
6138 34 32 0
6138 4 16 0
2
16 38 
2
6139 4 24 0
6139 4 16 0
2
244 38 
2
6140 34 34 0
6140 4 16 0
2
36 38 
2
6141 4 22 0
6141 4 16 0
2
245 38 
2
6142 34 32 0
6142 4 16 0
2
246 39 
2
5487 34 30 0
5487 22 8 0
2
37 39 
2
5488 24 4 0
5488 22 8 0
2
247 39 
2
5489 34 28 0
5489 22 8 0
2
17 39 
2
5490 26 4 0
5490 22 8 0
2
246 39 
2
5491 34 30 0
5491 22 8 0
2
37 39 
2
5492 24 4 0
5492 22 8 0
2
247 39 
2
5493 34 28 0
5493 22 8 0
2
244 40 
2
6184 34 34 0
6184 10 16 0
2
38 40 
2
6185 4 16 0
6185 10 16 0
2
245 40 
2
6186 34 32 0
6186 10 16 0
2
18 40 
2
6187 4 18 0
6187 10 16 0
2
244 40 
2
6188 34 34 0
6188 10 16 0
2
38 40 
2
6189 4 16 0
6189 10 16 0
2
245 40 
2
6190 34 32 0
6190 10 16 0
2
246 41 
2
5496 34 30 0
5496 20 12 0
2
39 41 
2
5497 22 8 0
5497 20 12 0
2
248 41 
2
5498 34 26 0
5498 20 12 0
2
19 41 
2
5499 20 8 0
5499 20 12 0
2
244 41 
2
5500 34 34 0
5500 20 12 0
2
39 41 
2
5501 22 8 0
5501 20 12 0
2
245 41 
2
5502 34 32 0
5502 20 12 0
2
244 42 
2
6204 34 34 0
6204 16 16 0
2
40 42 
2
6205 10 16 0
6205 16 16 0
2
245 42 
2
6206 34 32 0
6206 16 16 0
2
20 42 
2
6207 14 16 0
6207 16 16 0
2
244 42 
2
6208 34 34 0
6208 16 16 0
2
40 42 
2
6209 10 16 0
6209 16 16 0
2
245 42 
2
6210 34 32 0
6210 16 16 0
2
247 43 
2
5496 34 28 0
5496 18 14 0
2
41 43 
2
5503 20 12 0
5503 18 14 0
2
244 43 
2
5504 34 34 0
5504 18 14 0
2
21 43 
2
5505 20 14 0
5505 18 14 0
2
245 43 
2
5506 34 32 0
5506 18 14 0
2
41 43 
2
5507 20 12 0
5507 18 14 0
2
244 43 
2
5508 34 34 0
5508 18 14 0
2
42 196 
2
6211 16 16 0
6211 8 18 0
2
43 234 
2
5509 18 14 0
5509 12 22 0
2
42 197 
2
6212 16 16 0
6212 16 22 0
2
42 198 
2
6213 16 16 0
6213 16 18 0
2
40 42 
2
6214 10 16 0
6214 16 16 0
2
41 43 
2
5510 20 12 0
5510 18 14 0
2
42 196 
2
6215 16 16 0
6215 8 18 0
2
43 234 
2
5511 18 14 0
5511 12 22 0
2
42 197 
2
6216 16 16 0
6216 16 22 0
2
43 235 
2
5512 18 14 0
5512 14 24 0
2
42 198 
2
6217 16 16 0
6217 16 18 0
2
20 40 
2
6215 14 16 0
6215 10 16 0
2
21 41 
2
5511 20 14 0
5511 20 12 0
2
38 40 
2
6216 4 16 0
6216 10 16 0
2
39 41 
2
5512 22 8 0
5512 20 12 0
2
244 42 
2
6218 34 34 0
6218 16 16 0
2
40 42 
2
6219 10 16 0
6219 16 16 0
2
245 42 
2
6220 34 32 0
6220 16 16 0
2
20 42 
2
6221 14 16 0
6221 16 16 0
2
244 42 
2
6222 34 34 0
6222 16 16 0
2
40 42 
2
6223 10 16 0
6223 16 16 0
2
245 42 
2
6224 34 32 0
6224 16 16 0
2
245 43 
2
5513 34 32 0
5513 18 14 0
2
41 43 
2
5514 20 12 0
5514 18 14 0
2
244 43 
2
5515 34 34 0
5515 18 14 0
2
21 43 
2
5516 20 14 0
5516 18 14 0
2
246 43 
2
5517 34 30 0
5517 18 14 0
2
41 43 
2
5518 20 12 0
5518 18 14 0
2
245 43 
2
5519 34 32 0
5519 18 14 0
2
42 197 
2
6225 16 16 0
6225 16 22 0
2
43 237 
2
5520 18 14 0
5520 20 28 0
2
42 198 
2
6226 16 16 0
6226 16 18 0
2
42 199 
2
6227 16 16 0
6227 14 28 0
2
40 42 
2
6228 10 16 0
6228 16 16 0
2
41 43 
2
5521 20 12 0
5521 18 14 0
2
42 197 
2
6229 16 16 0
6229 16 22 0
2
43 236 
2
5522 18 14 0
5522 8 10 0
2
42 198 
2
6230 16 16 0
6230 16 18 0
2
42 199 
2
6231 16 16 0
6231 14 28 0
2
20 40 
2
6229 14 16 0
6229 10 16 0
2
21 41 
2
5522 20 14 0
5522 20 12 0
2
18 38 
2
6217 4 18 0
6217 4 16 0
2
19 39 
2
5513 20 8 0
5513 22 8 0
2
36 38 
2
6218 4 22 0
6218 4 16 0
2
37 39 
2
5514 24 4 0
5514 22 8 0
2
244 40 
2
6230 34 34 0
6230 10 16 0
2
38 40 
2
6231 4 16 0
6231 10 16 0
2
245 40 
2
6232 34 32 0
6232 10 16 0
2
18 40 
2
6233 4 18 0
6233 10 16 0
2
244 40 
2
6234 34 34 0
6234 10 16 0
2
38 40 
2
6235 4 16 0
6235 10 16 0
2
245 40 
2
6236 34 32 0
6236 10 16 0
2
245 41 
2
5523 34 32 0
5523 20 12 0
2
39 41 
2
5524 22 8 0
5524 20 12 0
2
244 41 
2
5525 34 34 0
5525 20 12 0
2
19 41 
2
5526 20 8 0
5526 20 12 0
2
247 41 
2
5527 34 28 0
5527 20 12 0
2
39 41 
2
5528 22 8 0
5528 20 12 0
2
245 41 
2
5529 34 32 0
5529 20 12 0
2
246 42 
2
6232 34 30 0
6232 16 16 0
2
40 42 
2
6237 10 16 0
6237 16 16 0
2
244 42 
2
6238 34 34 0
6238 16 16 0
2
20 42 
2
6239 14 16 0
6239 16 16 0
2
245 42 
2
6240 34 32 0
6240 16 16 0
2
40 42 
2
6241 10 16 0
6241 16 16 0
2
244 42 
2
6242 34 34 0
6242 16 16 0
2
246 43 
2
5523 34 30 0
5523 18 14 0
2
41 43 
2
5530 20 12 0
5530 18 14 0
2
244 43 
2
5531 34 34 0
5531 18 14 0
2
21 43 
2
5532 20 14 0
5532 18 14 0
2
246 43 
2
5533 34 30 0
5533 18 14 0
2
41 43 
2
5534 20 12 0
5534 18 14 0
2
244 43 
2
5535 34 34 0
5535 18 14 0
2
42 196 
2
6243 16 16 0
6243 8 18 0
2
43 236 
2
5536 18 14 0
5536 8 10 0
2
42 197 
2
6244 16 16 0
6244 16 22 0
2
43 237 
2
5537 18 14 0
5537 20 28 0
2
42 198 
2
6245 16 16 0
6245 16 18 0
2
42 199 
2
6246 16 16 0
6246 14 28 0
2
42 200 
2
6247 16 16 0
6247 10 18 0
2
42 201 
2
6248 16 16 0
6248 18 20 0
2
42 202 
2
6249 16 16 0
6249 14 14 0
2
42 203 
2
6250 16 16 0
6250 2 14 0
2
42 204 
2
6251 16 16 0
6251 20 20 0
2
42 205 
2
6252 16 16 0
6252 18 10 0
2
42 206 
2
6253 16 16 0
6253 26 24 0
2
42 207 
2
6254 16 16 0
6254 4 10 0
2
42 208 
2
6255 16 16 0
6255 32 16 0
2
42 209 
2
6256 16 16 0
6256 2 18 0
2
42 210 
2
6257 16 16 0
6257 8 24 0
2
42 211 
2
6258 16 16 0
6258 6 18 0
2
42 212 
2
6259 16 16 0
6259 16 24 0
2
42 213 
2
6260 16 16 0
6260 16 32 0
2
42 214 
2
6261 16 16 0
6261 12 20 0
2
42 215 
2
6262 16 16 0
6262 18 16 0
2
42 216 
2
6263 16 16 0
6263 8 20 0
2
40 42 
2
6264 10 16 0
6264 16 16 0
2
41 43 
2
5538 20 12 0
5538 18 14 0
2
42 196 
2
6265 16 16 0
6265 8 18 0
2
43 239 
2
5539 18 14 0
5539 16 20 0
2
42 197 
2
6266 16 16 0
6266 16 22 0
2
42 198 
2
6267 16 16 0
6267 16 18 0
2
42 199 
2
6268 16 16 0
6268 14 28 0
2
42 200 
2
6269 16 16 0
6269 10 18 0
2
42 201 
2
6270 16 16 0
6270 18 20 0
2
42 202 
2
6271 16 16 0
6271 14 14 0
2
42 203 
2
6272 16 16 0
6272 2 14 0
2
42 204 
2
6273 16 16 0
6273 20 20 0
2
42 205 
2
6274 16 16 0
6274 18 10 0
2
42 206 
2
6275 16 16 0
6275 26 24 0
2
42 207 
2
6276 16 16 0
6276 4 10 0
2
42 208 
2
6277 16 16 0
6277 32 16 0
2
42 209 
2
6278 16 16 0
6278 2 18 0
2
42 210 
2
6279 16 16 0
6279 8 24 0
2
42 211 
2
6280 16 16 0
6280 6 18 0
2
42 212 
2
6281 16 16 0
6281 16 24 0
2
42 213 
2
6282 16 16 0
6282 16 32 0
2
42 214 
2
6283 16 16 0
6283 12 20 0
2
42 215 
2
6284 16 16 0
6284 18 16 0
2
42 216 
2
6285 16 16 0
6285 8 20 0
2
20 40 
2
6265 14 16 0
6265 10 16 0
2
21 41 
2
5539 20 14 0
5539 20 12 0
2
38 40 
2
6266 4 16 0
6266 10 16 0
2
39 41 
2
5540 22 8 0
5540 20 12 0
2
244 42 
2
6286 34 34 0
6286 16 16 0
2
40 42 
2
6287 10 16 0
6287 16 16 0
2
245 42 
2
6288 34 32 0
6288 16 16 0
2
20 42 
2
6289 14 16 0
6289 16 16 0
2
244 42 
2
6290 34 34 0
6290 16 16 0
2
40 42 
2
6291 10 16 0
6291 16 16 0
2
245 42 
2
6292 34 32 0
6292 16 16 0
2
247 43 
2
5540 34 28 0
5540 18 14 0
2
41 43 
2
5541 20 12 0
5541 18 14 0
2
248 43 
2
5542 34 26 0
5542 18 14 0
2
21 43 
2
5543 20 14 0
5543 18 14 0
2
246 43 
2
5544 34 30 0
5544 18 14 0
2
41 43 
2
5545 20 12 0
5545 18 14 0
2
248 43 
2
5546 34 26 0
5546 18 14 0
2
42 197 
2
6293 16 16 0
6293 16 22 0
2
43 238 
2
5547 18 14 0
5547 14 10 0
2
42 198 
2
6294 16 16 0
6294 16 18 0
2
42 199 
2
6295 16 16 0
6295 14 28 0
2
42 200 
2
6296 16 16 0
6296 10 18 0
2
42 201 
2
6297 16 16 0
6297 18 20 0
2
42 202 
2
6298 16 16 0
6298 14 14 0
2
42 203 
2
6299 16 16 0
6299 2 14 0
2
42 204 
2
6300 16 16 0
6300 20 20 0
2
42 205 
2
6301 16 16 0
6301 18 10 0
2
42 206 
2
6302 16 16 0
6302 26 24 0
2
42 207 
2
6303 16 16 0
6303 4 10 0
2
42 208 
2
6304 16 16 0
6304 32 16 0
2
42 209 
2
6305 16 16 0
6305 2 18 0
2
42 210 
2
6306 16 16 0
6306 8 24 0
2
42 211 
2
6307 16 16 0
6307 6 18 0
2
42 212 
2
6308 16 16 0
6308 16 24 0
2
42 213 
2
6309 16 16 0
6309 16 32 0
2
42 214 
2
6310 16 16 0
6310 12 20 0
2
42 215 
2
6311 16 16 0
6311 18 16 0
2
42 216 
2
6312 16 16 0
6312 8 20 0
2
42 217 
2
6313 16 16 0
6313 14 26 0
2
40 42 
2
6314 10 16 0
6314 16 16 0
2
41 43 
2
5548 20 12 0
5548 18 14 0
2
42 197 
2
6315 16 16 0
6315 16 22 0
2
43 238 
2
5549 18 14 0
5549 14 10 0
2
42 198 
2
6316 16 16 0
6316 16 18 0
2
43 239 
2
5550 18 14 0
5550 16 20 0
2
42 199 
2
6317 16 16 0
6317 14 28 0
2
42 200 
2
6318 16 16 0
6318 10 18 0
2
42 201 
2
6319 16 16 0
6319 18 20 0
2
42 202 
2
6320 16 16 0
6320 14 14 0
2
42 203 
2
6321 16 16 0
6321 2 14 0
2
42 204 
2
6322 16 16 0
6322 20 20 0
2
42 205 
2
6323 16 16 0
6323 18 10 0
2
42 206 
2
6324 16 16 0
6324 26 24 0
2
42 207 
2
6325 16 16 0
6325 4 10 0
2
42 208 
2
6326 16 16 0
6326 32 16 0
2
42 209 
2
6327 16 16 0
6327 2 18 0
2
42 210 
2
6328 16 16 0
6328 8 24 0
2
42 211 
2
6329 16 16 0
6329 6 18 0
2
42 212 
2
6330 16 16 0
6330 16 24 0
2
42 213 
2
6331 16 16 0
6331 16 32 0
2
42 214 
2
6332 16 16 0
6332 12 20 0
2
42 215 
2
6333 16 16 0
6333 18 16 0
2
42 216 
2
6334 16 16 0
6334 8 20 0
2
42 217 
2
6335 16 16 0
6335 14 26 0
2
20 40 
2
6315 14 16 0
6315 10 16 0
2
21 41 
2
5549 20 14 0
5549 20 12 0
2
18 38 
2
6267 4 18 0
6267 4 16 0
2
19 39 
2
5541 20 8 0
5541 22 8 0
2
16 36 
2
6219 4 24 0
6219 4 22 0
2
17 37 
2
5515 26 4 0
5515 24 4 0
2
14 34 
2
6089 4 26 0
6089 2 24 0
2
15 35 
2
5464 26 2 0
5464 28 2 0
2
32 34 
2
6090 2 28 0
6090 2 24 0
2
33 35 
2
5465 32 2 0
5465 28 2 0
2
246 36 
2
6220 34 30 0
6220 4 22 0
2
34 36 
2
6221 2 24 0
6221 4 22 0
2
247 36 
2
6222 34 28 0
6222 4 22 0
2
14 36 
2
6223 4 26 0
6223 4 22 0
2
246 36 
2
6224 34 30 0
6224 4 22 0
2
34 36 
2
6225 2 24 0
6225 4 22 0
2
244 36 
2
6226 34 34 0
6226 4 22 0
2
247 37 
2
5516 34 28 0
5516 24 4 0
2
35 37 
2
5517 28 2 0
5517 24 4 0
2
248 37 
2
5518 34 26 0
5518 24 4 0
2
15 37 
2
5519 26 2 0
5519 24 4 0
2
246 37 
2
5520 34 30 0
5520 24 4 0
2
35 37 
2
5521 28 2 0
5521 24 4 0
2
244 37 
2
5522 34 34 0
5522 24 4 0
2
244 38 
2
6268 34 34 0
6268 4 16 0
2
36 38 
2
6269 4 22 0
6269 4 16 0
2
245 38 
2
6270 34 32 0
6270 4 16 0
2
16 38 
2
6271 4 24 0
6271 4 16 0
2
244 38 
2
6272 34 34 0
6272 4 16 0
2
36 38 
2
6273 4 22 0
6273 4 16 0
2
245 38 
2
6274 34 32 0
6274 4 16 0
2
249 39 
2
5542 34 24 0
5542 22 8 0
2
37 39 
2
5543 24 4 0
5543 22 8 0
2
247 39 
2
5544 34 28 0
5544 22 8 0
2
17 39 
2
5545 26 4 0
5545 22 8 0
2
249 39 
2
5546 34 24 0
5546 22 8 0
2
37 39 
2
5547 24 4 0
5547 22 8 0
2
246 39 
2
5548 34 30 0
5548 22 8 0
2
244 40 
2
6316 34 34 0
6316 10 16 0
2
38 40 
2
6317 4 16 0
6317 10 16 0
2
245 40 
2
6318 34 32 0
6318 10 16 0
2
18 40 
2
6319 4 18 0
6319 10 16 0
2
244 40 
2
6320 34 34 0
6320 10 16 0
2
38 40 
2
6321 4 16 0
6321 10 16 0
2
245 40 
2
6322 34 32 0
6322 10 16 0
2
247 41 
2
5550 34 28 0
5550 20 12 0
2
39 41 
2
5551 22 8 0
5551 20 12 0
2
246 41 
2
5552 34 30 0
5552 20 12 0
2
19 41 
2
5553 20 8 0
5553 20 12 0
2
244 41 
2
5554 34 34 0
5554 20 12 0
2
39 41 
2
5555 22 8 0
5555 20 12 0
2
245 41 
2
5556 34 32 0
5556 20 12 0
2
244 42 
2
6336 34 34 0
6336 16 16 0
2
40 42 
2
6337 10 16 0
6337 16 16 0
2
245 42 
2
6338 34 32 0
6338 16 16 0
2
20 42 
2
6339 14 16 0
6339 16 16 0
2
244 42 
2
6340 34 34 0
6340 16 16 0
2
40 42 
2
6341 10 16 0
6341 16 16 0
2
245 42 
2
6342 34 32 0
6342 16 16 0
2
245 43 
2
5551 34 32 0
5551 18 14 0
2
41 43 
2
5557 20 12 0
5557 18 14 0
2
244 43 
2
5558 34 34 0
5558 18 14 0
2
21 43 
2
5559 20 14 0
5559 18 14 0
2
245 43 
2
5560 34 32 0
5560 18 14 0
2
41 43 
2
5561 20 12 0
5561 18 14 0
2
244 43 
2
5562 34 34 0
5562 18 14 0
2
42 216 
2
6343 16 16 0
6343 8 20 0
2
43 45 
2
5563 18 14 0
5563 16 2 0
2
42 217 
2
6344 16 16 0
6344 14 26 0
2
42 218 
2
6345 16 16 0
6345 10 24 0
2
40 42 
2
6346 10 16 0
6346 16 16 0
2
41 43 
2
5564 20 12 0
5564 18 14 0
2
42 216 
2
6347 16 16 0
6347 8 20 0
2
43 50 
2
5565 18 14 0
5565 4 12 0
2
42 217 
2
6348 16 16 0
6348 14 26 0
2
42 218 
2
6349 16 16 0
6349 10 24 0
2
20 40 
2
6347 14 16 0
6347 10 16 0
2
21 41 
2
5565 20 14 0
5565 20 12 0
2
38 40 
2
6348 4 16 0
6348 10 16 0
2
39 41 
2
5566 22 8 0
5566 20 12 0
2
244 42 
2
6350 34 34 0
6350 16 16 0
2
40 42 
2
6351 10 16 0
6351 16 16 0
2
245 42 
2
6352 34 32 0
6352 16 16 0
2
20 42 
2
6353 14 16 0
6353 16 16 0
2
244 42 
2
6354 34 34 0
6354 16 16 0
2
40 42 
2
6355 10 16 0
6355 16 16 0
2
245 42 
2
6356 34 32 0
6356 16 16 0
2
244 43 
2
5566 34 34 0
5566 18 14 0
2
41 43 
2
5567 20 12 0
5567 18 14 0
2
245 43 
2
5568 34 32 0
5568 18 14 0
2
21 43 
2
5569 20 14 0
5569 18 14 0
2
244 43 
2
5570 34 34 0
5570 18 14 0
2
41 43 
2
5571 20 12 0
5571 18 14 0
2
245 43 
2
5572 34 32 0
5572 18 14 0
2
42 217 
2
6357 16 16 0
6357 14 26 0
2
43 50 
2
5573 18 14 0
5573 4 12 0
2
42 218 
2
6358 16 16 0
6358 10 24 0
2
43 45 
2
5574 18 14 0
5574 16 2 0
2
42 219 
2
6359 16 16 0
6359 24 24 0
2
40 42 
2
6360 10 16 0
6360 16 16 0
2
41 43 
2
5575 20 12 0
5575 18 14 0
2
42 217 
2
6361 16 16 0
6361 14 26 0
2
43 49 
2
5576 18 14 0
5576 32 14 0
2
42 218 
2
6362 16 16 0
6362 10 24 0
2
42 219 
2
6363 16 16 0
6363 24 24 0
2
20 40 
2
6361 14 16 0
6361 10 16 0
2
21 41 
2
5576 20 14 0
5576 20 12 0
2
18 38 
2
6349 4 18 0
6349 4 16 0
2
19 39 
2
5567 20 8 0
5567 22 8 0
2
36 38 
2
6350 4 22 0
6350 4 16 0
2
37 39 
2
5568 24 4 0
5568 22 8 0
2
244 40 
2
6362 34 34 0
6362 10 16 0
2
38 40 
2
6363 4 16 0
6363 10 16 0
2
245 40 
2
6364 34 32 0
6364 10 16 0
2
18 40 
2
6365 4 18 0
6365 10 16 0
2
244 40 
2
6366 34 34 0
6366 10 16 0
2
38 40 
2
6367 4 16 0
6367 10 16 0
2
245 40 
2
6368 34 32 0
6368 10 16 0
2
244 41 
2
5577 34 34 0
5577 20 12 0
2
39 41 
2
5578 22 8 0
5578 20 12 0
2
245 41 
2
5579 34 32 0
5579 20 12 0
2
19 41 
2
5580 20 8 0
5580 20 12 0
2
244 41 
2
5581 34 34 0
5581 20 12 0
2
39 41 
2
5582 22 8 0
5582 20 12 0
2
245 41 
2
5583 34 32 0
5583 20 12 0
2
246 42 
2
6364 34 30 0
6364 16 16 0
2
40 42 
2
6369 10 16 0
6369 16 16 0
2
244 42 
2
6370 34 34 0
6370 16 16 0
2
20 42 
2
6371 14 16 0
6371 16 16 0
2
245 42 
2
6372 34 32 0
6372 16 16 0
2
40 42 
2
6373 10 16 0
6373 16 16 0
2
244 42 
2
6374 34 34 0
6374 16 16 0
2
246 43 
2
5577 34 30 0
5577 18 14 0
2
41 43 
2
5584 20 12 0
5584 18 14 0
2
246 43 
2
5585 34 30 0
5585 18 14 0
2
21 43 
2
5586 20 14 0
5586 18 14 0
2
244 43 
2
5587 34 34 0
5587 18 14 0
2
41 43 
2
5588 20 12 0
5588 18 14 0
2
245 43 
2
5589 34 32 0
5589 18 14 0
2
42 216 
2
6375 16 16 0
6375 8 20 0
2
43 47 
2
5590 18 14 0
5590 26 12 0
2
42 217 
2
6376 16 16 0
6376 14 26 0
2
42 218 
2
6377 16 16 0
6377 10 24 0
2
42 219 
2
6378 16 16 0
6378 24 24 0
2
42 220 
2
6379 16 16 0
6379 12 24 0
2
42 221 
2
6380 16 16 0
6380 6 22 0
2
42 222 
2
6381 16 16 0
6381 6 14 0
2
42 223 
2
6382 16 16 0
6382 14 12 0
2
42 224 
2
6383 16 16 0
6383 24 12 0
2
42 225 
2
6384 16 16 0
6384 20 18 0
2
42 226 
2
6385 16 16 0
6385 18 32 0
2
42 227 
2
6386 16 16 0
6386 2 12 0
2
42 228 
2
6387 16 16 0
6387 12 2 0
2
42 229 
2
6388 16 16 0
6388 2 16 0
2
42 230 
2
6389 16 16 0
6389 10 8 0
2
42 231 
2
6390 16 16 0
6390 14 30 0
2
42 232 
2
6391 16 16 0
6391 26 22 0
2
42 233 
2
6392 16 16 0
6392 8 22 0
2
42 234 
2
6393 16 16 0
6393 12 22 0
2
42 235 
2
6394 16 16 0
6394 14 24 0
2
42 236 
2
6395 16 16 0
6395 8 10 0
2
40 42 
2
6396 10 16 0
6396 16 16 0
2
41 43 
2
5591 20 12 0
5591 18 14 0
2
42 216 
2
6397 16 16 0
6397 8 20 0
2
43 47 
2
5592 18 14 0
5592 26 12 0
2
42 217 
2
6398 16 16 0
6398 14 26 0
2
43 49 
2
5593 18 14 0
5593 32 14 0
2
42 218 
2
6399 16 16 0
6399 10 24 0
2
42 219 
2
6400 16 16 0
6400 24 24 0
2
42 220 
2
6401 16 16 0
6401 12 24 0
2
42 221 
2
6402 16 16 0
6402 6 22 0
2
42 222 
2
6403 16 16 0
6403 6 14 0
2
42 223 
2
6404 16 16 0
6404 14 12 0
2
42 224 
2
6405 16 16 0
6405 24 12 0
2
42 225 
2
6406 16 16 0
6406 20 18 0
2
42 226 
2
6407 16 16 0
6407 18 32 0
2
42 227 
2
6408 16 16 0
6408 2 12 0
2
42 228 
2
6409 16 16 0
6409 12 2 0
2
42 229 
2
6410 16 16 0
6410 2 16 0
2
42 230 
2
6411 16 16 0
6411 10 8 0
2
42 231 
2
6412 16 16 0
6412 14 30 0
2
42 232 
2
6413 16 16 0
6413 26 22 0
2
42 233 
2
6414 16 16 0
6414 8 22 0
2
42 234 
2
6415 16 16 0
6415 12 22 0
2
42 235 
2
6416 16 16 0
6416 14 24 0
2
42 236 
2
6417 16 16 0
6417 8 10 0
2
20 40 
2
6397 14 16 0
6397 10 16 0
2
21 41 
2
5592 20 14 0
5592 20 12 0
2
38 40 
2
6398 4 16 0
6398 10 16 0
2
39 41 
2
5593 22 8 0
5593 20 12 0
2
244 42 
2
6418 34 34 0
6418 16 16 0
2
40 42 
2
6419 10 16 0
6419 16 16 0
2
245 42 
2
6420 34 32 0
6420 16 16 0
2
20 42 
2
6421 14 16 0
6421 16 16 0
2
244 42 
2
6422 34 34 0
6422 16 16 0
2
40 42 
2
6423 10 16 0
6423 16 16 0
2
245 42 
2
6424 34 32 0
6424 16 16 0
2
245 43 
2
5594 34 32 0
5594 18 14 0
2
41 43 
2
5595 20 12 0
5595 18 14 0
2
248 43 
2
5596 34 26 0
5596 18 14 0
2
21 43 
2
5597 20 14 0
5597 18 14 0
2
246 43 
2
5598 34 30 0
5598 18 14 0
2
41 43 
2
5599 20 12 0
5599 18 14 0
2
248 43 
2
5600 34 26 0
5600 18 14 0
2
42 217 
2
6425 16 16 0
6425 14 26 0
2
43 53 
2
5601 18 14 0
5601 18 8 0
2
42 218 
2
6426 16 16 0
6426 10 24 0
2
42 219 
2
6427 16 16 0
6427 24 24 0
2
42 220 
2
6428 16 16 0
6428 12 24 0
2
42 221 
2
6429 16 16 0
6429 6 22 0
2
42 222 
2
6430 16 16 0
6430 6 14 0
2
42 223 
2
6431 16 16 0
6431 14 12 0
2
42 224 
2
6432 16 16 0
6432 24 12 0
2
42 225 
2
6433 16 16 0
6433 20 18 0
2
42 226 
2
6434 16 16 0
6434 18 32 0
2
42 227 
2
6435 16 16 0
6435 2 12 0
2
42 228 
2
6436 16 16 0
6436 12 2 0
2
42 229 
2
6437 16 16 0
6437 2 16 0
2
42 230 
2
6438 16 16 0
6438 10 8 0
2
42 231 
2
6439 16 16 0
6439 14 30 0
2
42 232 
2
6440 16 16 0
6440 26 22 0
2
42 233 
2
6441 16 16 0
6441 8 22 0
2
42 234 
2
6442 16 16 0
6442 12 22 0
2
42 235 
2
6443 16 16 0
6443 14 24 0
2
42 236 
2
6444 16 16 0
6444 8 10 0
2
42 237 
2
6445 16 16 0
6445 20 28 0
2
40 42 
2
6446 10 16 0
6446 16 16 0
2
41 43 
2
5602 20 12 0
5602 18 14 0
2
42 217 
2
6447 16 16 0
6447 14 26 0
2
43 52 
2
5603 18 14 0
5603 18 4 0
2
42 218 
2
6448 16 16 0
6448 10 24 0
2
42 219 
2
6449 16 16 0
6449 24 24 0
2
42 220 
2
6450 16 16 0
6450 12 24 0
2
42 221 
2
6451 16 16 0
6451 6 22 0
2
42 222 
2
6452 16 16 0
6452 6 14 0
2
42 223 
2
6453 16 16 0
6453 14 12 0
2
42 224 
2
6454 16 16 0
6454 24 12 0
2
42 225 
2
6455 16 16 0
6455 20 18 0
2
42 226 
2
6456 16 16 0
6456 18 32 0
2
42 227 
2
6457 16 16 0
6457 2 12 0
2
42 228 
2
6458 16 16 0
6458 12 2 0
2
42 229 
2
6459 16 16 0
6459 2 16 0
2
42 230 
2
6460 16 16 0
6460 10 8 0
2
42 231 
2
6461 16 16 0
6461 14 30 0
2
42 232 
2
6462 16 16 0
6462 26 22 0
2
42 233 
2
6463 16 16 0
6463 8 22 0
2
42 234 
2
6464 16 16 0
6464 12 22 0
2
42 235 
2
6465 16 16 0
6465 14 24 0
2
42 236 
2
6466 16 16 0
6466 8 10 0
2
42 237 
2
6467 16 16 0
6467 20 28 0
2
20 40 
2
6447 14 16 0
6447 10 16 0
2
21 41 
2
5603 20 14 0
5603 20 12 0
2
18 38 
2
6399 4 18 0
6399 4 16 0
2
19 39 
2
5594 20 8 0
5594 22 8 0
2
16 36 
2
6351 4 24 0
6351 4 22 0
2
17 37 
2
5569 26 4 0
5569 24 4 0
2
34 36 
2
6352 2 24 0
6352 4 22 0
2
35 37 
2
5570 28 2 0
5570 24 4 0
2
244 38 
2
6400 34 34 0
6400 4 16 0
2
36 38 
2
6401 4 22 0
6401 4 16 0
2
245 38 
2
6402 34 32 0
6402 4 16 0
2
16 38 
2
6403 4 24 0
6403 4 16 0
2
244 38 
2
6404 34 34 0
6404 4 16 0
2
36 38 
2
6405 4 22 0
6405 4 16 0
2
245 38 
2
6406 34 32 0
6406 4 16 0
2
246 39 
2
5595 34 30 0
5595 22 8 0
2
37 39 
2
5596 24 4 0
5596 22 8 0
2
244 39 
2
5597 34 34 0
5597 22 8 0
2
17 39 
2
5598 26 4 0
5598 22 8 0
2
247 39 
2
5599 34 28 0
5599 22 8 0
2
37 39 
2
5600 24 4 0
5600 22 8 0
2
245 39 
2
5601 34 32 0
5601 22 8 0
2
244 40 
2
6448 34 34 0
6448 10 16 0
2
38 40 
2
6449 4 16 0
6449 10 16 0
2
245 40 
2
6450 34 32 0
6450 10 16 0
2
18 40 
2
6451 4 18 0
6451 10 16 0
2
244 40 
2
6452 34 34 0
6452 10 16 0
2
38 40 
2
6453 4 16 0
6453 10 16 0
2
245 40 
2
6454 34 32 0
6454 10 16 0
2
244 41 
2
5604 34 34 0
5604 20 12 0
2
39 41 
2
5605 22 8 0
5605 20 12 0
2
246 41 
2
5606 34 30 0
5606 20 12 0
2
19 41 
2
5607 20 8 0
5607 20 12 0
2
244 41 
2
5608 34 34 0
5608 20 12 0
2
39 41 
2
5609 22 8 0
5609 20 12 0
2
245 41 
2
5610 34 32 0
5610 20 12 0
2
244 42 
2
6468 34 34 0
6468 16 16 0
2
40 42 
2
6469 10 16 0
6469 16 16 0
2
245 42 
2
6470 34 32 0
6470 16 16 0
2
20 42 
2
6471 14 16 0
6471 16 16 0
2
244 42 
2
6472 34 34 0
6472 16 16 0
2
40 42 
2
6473 10 16 0
6473 16 16 0
2
245 42 
2
6474 34 32 0
6474 16 16 0
2
245 43 
2
5604 34 32 0
5604 18 14 0
2
41 43 
2
5611 20 12 0
5611 18 14 0
2
244 43 
2
5612 34 34 0
5612 18 14 0
2
21 43 
2
5613 20 14 0
5613 18 14 0
2
245 43 
2
5614 34 32 0
5614 18 14 0
2
41 43 
2
5615 20 12 0
5615 18 14 0
2
244 43 
2
5616 34 34 0
5616 18 14 0
2
42 236 
2
6475 16 16 0
6475 8 10 0
2
43 52 
2
5617 18 14 0
5617 18 4 0
2
42 237 
2
6476 16 16 0
6476 20 28 0
2
43 53 
2
5618 18 14 0
5618 18 8 0
2
42 238 
2
6477 16 16 0
6477 14 10 0
2
40 42 
2
6478 10 16 0
6478 16 16 0
2
41 43 
2
5619 20 12 0
5619 18 14 0
2
42 236 
2
6479 16 16 0
6479 8 10 0
2
43 55 
2
5620 18 14 0
5620 24 2 0
2
42 237 
2
6480 16 16 0
6480 20 28 0
2
42 238 
2
6481 16 16 0
6481 14 10 0
2
20 40 
2
6479 14 16 0
6479 10 16 0
2
21 41 
2
5620 20 14 0
5620 20 12 0
2
38 40 
2
6480 4 16 0
6480 10 16 0
2
39 41 
2
5621 22 8 0
5621 20 12 0
2
244 42 
2
6482 34 34 0
6482 16 16 0
2
40 42 
2
6483 10 16 0
6483 16 16 0
2
245 42 
2
6484 34 32 0
6484 16 16 0
2
20 42 
2
6485 14 16 0
6485 16 16 0
2
244 42 
2
6486 34 34 0
6486 16 16 0
2
40 42 
2
6487 10 16 0
6487 16 16 0
2
245 42 
2
6488 34 32 0
6488 16 16 0
2
244 43 
2
5621 34 34 0
5621 18 14 0
2
41 43 
2
5622 20 12 0
5622 18 14 0
2
245 43 
2
5623 34 32 0
5623 18 14 0
2
21 43 
2
5624 20 14 0
5624 18 14 0
2
246 43 
2
5625 34 30 0
5625 18 14 0
2
41 43 
2
5626 20 12 0
5626 18 14 0
2
244 43 
2
5627 34 34 0
5627 18 14 0
2
42 237 
2
6489 16 16 0
6489 20 28 0
2
43 54 
2
5628 18 14 0
5628 24 6 0
2
42 238 
2
6490 16 16 0
6490 14 10 0
2
42 239 
2
6491 16 16 0
6491 16 20 0
2
40 42 
2
6492 10 16 0
6492 16 16 0
2
41 43 
2
5629 20 12 0
5629 18 14 0
2
42 237 
2
6493 16 16 0
6493 20 28 0
2
43 54 
2
5630 18 14 0
5630 24 6 0
2
42 238 
2
6494 16 16 0
6494 14 10 0
2
43 55 
2
5631 18 14 0
5631 24 2 0
2
42 239 
2
6495 16 16 0
6495 16 20 0
2
20 40 
2
6493 14 16 0
6493 10 16 0
2
21 41 
2
5630 20 14 0
5630 20 12 0
2
18 38 
2
6481 4 18 0
6481 4 16 0
2
19 39 
2
5622 20 8 0
5622 22 8 0
2
36 38 
2
6482 4 22 0
6482 4 16 0
2
37 39 
2
5623 24 4 0
5623 22 8 0
2
244 40 
2
6494 34 34 0
6494 10 16 0
2
38 40 
2
6495 4 16 0
6495 10 16 0
2
245 40 
2
6496 34 32 0
6496 10 16 0
2
18 40 
2
6497 4 18 0
6497 10 16 0
2
244 40 
2
6498 34 34 0
6498 10 16 0
2
38 40 
2
6499 4 16 0
6499 10 16 0
2
245 40 
2
6500 34 32 0
6500 10 16 0
2
246 41 
2
5631 34 30 0
5631 20 12 0
2
39 41 
2
5632 22 8 0
5632 20 12 0
2
244 41 
2
5633 34 34 0
5633 20 12 0
2
19 41 
2
5634 20 8 0
5634 20 12 0
2
245 41 
2
5635 34 32 0
5635 20 12 0
2
39 41 
2
5636 22 8 0
5636 20 12 0
2
244 41 
2
5637 34 34 0
5637 20 12 0
2
246 42 
2
6496 34 30 0
6496 16 16 0
2
40 42 
2
6501 10 16 0
6501 16 16 0
2
244 42 
2
6502 34 34 0
6502 16 16 0
2
20 42 
2
6503 14 16 0
6503 16 16 0
2
245 42 
2
6504 34 32 0
6504 16 16 0
2
40 42 
2
6505 10 16 0
6505 16 16 0
2
244 42 
2
6506 34 34 0
6506 16 16 0
2
245 43 
2
5632 34 32 0
5632 18 14 0
2
41 43 
2
5638 20 12 0
5638 18 14 0
2
245 43 
2
5639 34 32 0
5639 18 14 0
2
21 43 
2
5640 20 14 0
5640 18 14 0
2
244 43 
2
5641 34 34 0
5641 18 14 0
2
41 43 
2
5642 20 12 0
5642 18 14 0
2
245 43 
2
5643 34 32 0
5643 18 14 0
2
42 236 
2
6507 16 16 0
6507 8 10 0
2
43 57 
2
5644 18 14 0
5644 22 28 0
2
42 237 
2
6508 16 16 0
6508 20 28 0
2
42 238 
2
6509 16 16 0
6509 14 10 0
2
42 239 
2
6510 16 16 0
6510 16 20 0
2
42 50 
2
6511 16 16 0
6511 4 12 0
2
42 45 
2
6512 16 16 0
6512 16 2 0
2
42 47 
2
6513 16 16 0
6513 26 12 0
2
42 49 
2
6514 16 16 0
6514 32 14 0
2
42 52 
2
6515 16 16 0
6515 18 4 0
2
42 53 
2
6516 16 16 0
6516 18 8 0
2
42 54 
2
6517 16 16 0
6517 24 6 0
2
42 55 
2
6518 16 16 0
6518 24 2 0
2
42 56 
2
6519 16 16 0
6519 32 18 0
2
42 57 
2
6520 16 16 0
6520 22 28 0
2
42 58 
2
6521 16 16 0
6521 10 10 0
2
42 59 
2
6522 16 16 0
6522 28 16 0
2
42 60 
2
6523 16 16 0
6523 16 8 0
2
42 61 
2
6524 16 16 0
6524 18 30 0
2
42 62 
2
6525 16 16 0
6525 20 24 0
2
42 63 
2
6526 16 16 0
6526 16 12 0
2
42 64 
2
6527 16 16 0
6527 16 6 0
2
40 42 
2
6528 10 16 0
6528 16 16 0
2
41 43 
2
5645 20 12 0
5645 18 14 0
2
42 236 
2
6529 16 16 0
6529 8 10 0
2
43 56 
2
6520 18 14 0
6520 32 18 0
2
42 237 
2
6530 16 16 0
6530 20 28 0
2
42 238 
2
6531 16 16 0
6531 14 10 0
2
42 239 
2
6532 16 16 0
6532 16 20 0
2
42 50 
2
6533 16 16 0
6533 4 12 0
2
42 45 
2
6534 16 16 0
6534 16 2 0
2
42 47 
2
6535 16 16 0
6535 26 12 0
2
42 49 
2
6536 16 16 0
6536 32 14 0
2
42 52 
2
6537 16 16 0
6537 18 4 0
2
42 53 
2
6538 16 16 0
6538 18 8 0
2
42 54 
2
6539 16 16 0
6539 24 6 0
2
42 55 
2
6540 16 16 0
6540 24 2 0
2
42 56 
2
6541 16 16 0
6541 32 18 0
2
42 57 
2
6542 16 16 0
6542 22 28 0
2
42 58 
2
6543 16 16 0
6543 10 10 0
2
42 59 
2
6544 16 16 0
6544 28 16 0
2
42 60 
2
6545 16 16 0
6545 16 8 0
2
42 61 
2
6546 16 16 0
6546 18 30 0
2
42 62 
2
6547 16 16 0
6547 20 24 0
2
42 63 
2
6548 16 16 0
6548 16 12 0
2
42 64 
2
6549 16 16 0
6549 16 6 0
2
20 40 
2
6529 14 16 0
6529 10 16 0
2
21 41 
2
5646 20 14 0
5646 20 12 0
2
38 40 
2
6530 4 16 0
6530 10 16 0
2
39 41 
2
5647 22 8 0
5647 20 12 0
2
244 42 
2
6550 34 34 0
6550 16 16 0
2
40 42 
2
6551 10 16 0
6551 16 16 0
2
245 42 
2
6552 34 32 0
6552 16 16 0
2
20 42 
2
6553 14 16 0
6553 16 16 0
2
244 42 
2
6554 34 34 0
6554 16 16 0
2
40 42 
2
6555 10 16 0
6555 16 16 0
2
245 42 
2
6556 34 32 0
6556 16 16 0
2
244 43 
2
6521 34 34 0
6521 18 14 0
2
41 43 
2
6522 20 12 0
6522 18 14 0
2
245 43 
2
6523 34 32 0
6523 18 14 0
2
21 43 
2
6524 20 14 0
6524 18 14 0
2
244 43 
2
6525 34 34 0
6525 18 14 0
2
41 43 
2
6526 20 12 0
6526 18 14 0
2
245 43 
2
6527 34 32 0
6527 18 14 0
2
42 237 
2
6557 16 16 0
6557 20 28 0
2
43 56 
2
6542 18 14 0
6542 32 18 0
2
42 238 
2
6558 16 16 0
6558 14 10 0
2
43 57 
2
6543 18 14 0
6543 22 28 0
2
42 239 
2
6559 16 16 0
6559 16 20 0
2
42 50 
2
6560 16 16 0
6560 4 12 0
2
42 45 
2
6561 16 16 0
6561 16 2 0
2
42 47 
2
6562 16 16 0
6562 26 12 0
2
42 49 
2
6563 16 16 0
6563 32 14 0
2
42 52 
2
6564 16 16 0
6564 18 4 0
2
42 53 
2
6565 16 16 0
6565 18 8 0
2
42 54 
2
6566 16 16 0
6566 24 6 0
2
42 55 
2
6567 16 16 0
6567 24 2 0
2
42 56 
2
6568 16 16 0
6568 32 18 0
2
42 57 
2
6569 16 16 0
6569 22 28 0
2
42 58 
2
6570 16 16 0
6570 10 10 0
2
42 59 
2
6571 16 16 0
6571 28 16 0
2
42 60 
2
6572 16 16 0
6572 16 8 0
2
42 61 
2
6573 16 16 0
6573 18 30 0
2
42 62 
2
6574 16 16 0
6574 20 24 0
2
42 63 
2
6575 16 16 0
6575 16 12 0
2
42 64 
2
6576 16 16 0
6576 16 6 0
2
42 65 
2
6577 16 16 0
6577 10 6 0
2
40 42 
2
6578 10 16 0
6578 16 16 0
2
41 43 
2
6544 20 12 0
6544 18 14 0
2
42 237 
2
6579 16 16 0
6579 20 28 0
2
43 59 
2
6572 18 14 0
6572 28 16 0
2
42 238 
2
6580 16 16 0
6580 14 10 0
2
42 239 
2
6581 16 16 0
6581 16 20 0
2
42 50 
2
6582 16 16 0
6582 4 12 0
2
42 45 
2
6583 16 16 0
6583 16 2 0
2
42 47 
2
6584 16 16 0
6584 26 12 0
2
42 49 
2
6585 16 16 0
6585 32 14 0
2
42 52 
2
6586 16 16 0
6586 18 4 0
2
42 53 
2
6587 16 16 0
6587 18 8 0
2
42 54 
2
6588 16 16 0
6588 24 6 0
2
42 55 
2
6589 16 16 0
6589 24 2 0
2
42 56 
2
6590 16 16 0
6590 32 18 0
2
42 57 
2
6591 16 16 0
6591 22 28 0
2
42 58 
2
6592 16 16 0
6592 10 10 0
2
42 59 
2
6593 16 16 0
6593 28 16 0
2
42 60 
2
6594 16 16 0
6594 16 8 0
2
42 61 
2
6595 16 16 0
6595 18 30 0
2
42 62 
2
6596 16 16 0
6596 20 24 0
2
42 63 
2
6597 16 16 0
6597 16 12 0
2
42 64 
2
6598 16 16 0
6598 16 6 0
2
42 65 
2
6599 16 16 0
6599 10 6 0
2
20 40 
2
6579 14 16 0
6579 10 16 0
2
21 41 
2
6545 20 14 0
6545 20 12 0
2
18 38 
2
6531 4 18 0
6531 4 16 0
2
19 39 
2
5648 20 8 0
5648 22 8 0
2
16 36 
2
6483 4 24 0
6483 4 22 0
2
17 37 
2
5624 26 4 0
5624 24 4 0
2
14 34 
2
6353 4 26 0
6353 2 24 0
2
15 35 
2
5571 26 2 0
5571 28 2 0
2
12 32 
2
6091 2 26 0
6091 2 28 0
2
13 33 
2
5466 30 2 0
5466 32 2 0
2
10 30 
2
5583 6 28 0
5583 4 28 0
2
11 31 
2
5251 32 4 0
5251 32 6 0
2
8 28 
2
4579 6 30 0
4579 4 30 0
2
9 29 
2
4596 32 24 0
4596 32 26 0
2
26 28 
2
4580 2 30 0
4580 4 30 0
2
27 29 
2
4597 32 28 0
4597 32 26 0
2
244 30 
2
5584 34 34 0
5584 4 28 0
2
28 30 
2
5585 4 30 0
5585 4 28 0
2
245 30 
2
5586 34 32 0
5586 4 28 0
2
8 30 
2
5587 6 30 0
5587 4 28 0
2
246 30 
2
5588 34 30 0
5588 4 28 0
2
28 30 
2
5589 4 30 0
5589 4 28 0
2
244 30 
2
5590 34 34 0
5590 4 28 0
2
246 31 
2
5252 34 30 0
5252 32 6 0
2
29 31 
2
5253 32 26 0
5253 32 6 0
2
249 31 
2
5254 34 24 0
5254 32 6 0
2
9 31 
2
5255 32 24 0
5255 32 6 0
2
244 31 
2
5256 34 34 0
5256 32 6 0
2
29 31 
2
5257 32 26 0
5257 32 6 0
2
245 31 
2
5258 34 32 0
5258 32 6 0
2
246 32 
2
6092 34 30 0
6092 2 28 0
2
30 32 
2
6093 4 28 0
6093 2 28 0
2
244 32 
2
6094 34 34 0
6094 2 28 0
2
10 32 
2
6095 6 28 0
6095 2 28 0
2
245 32 
2
6096 34 32 0
6096 2 28 0
2
30 32 
2
6097 4 28 0
6097 2 28 0
2
246 32 
2
6098 34 30 0
6098 2 28 0
2
245 33 
2
5467 34 32 0
5467 32 2 0
2
31 33 
2
5468 32 6 0
5468 32 2 0
2
247 33 
2
5469 34 28 0
5469 32 2 0
2
11 33 
2
5470 32 4 0
5470 32 2 0
2
248 33 
2
5471 34 26 0
5471 32 2 0
2
31 33 
2
5472 32 6 0
5472 32 2 0
2
246 33 
2
5473 34 30 0
5473 32 2 0
2
246 34 
2
6354 34 30 0
6354 2 24 0
2
32 34 
2
6355 2 28 0
6355 2 24 0
2
247 34 
2
6356 34 28 0
6356 2 24 0
2
12 34 
2
6357 2 26 0
6357 2 24 0
2
244 34 
2
6358 34 34 0
6358 2 24 0
2
32 34 
2
6359 2 28 0
6359 2 24 0
2
245 34 
2
6360 34 32 0
6360 2 24 0
2
246 35 
2
5572 34 30 0
5572 28 2 0
2
33 35 
2
5573 32 2 0
5573 28 2 0
2
244 35 
2
5574 34 34 0
5574 28 2 0
2
13 35 
2
5575 30 2 0
5575 28 2 0
2
245 35 
2
5576 34 32 0
5576 28 2 0
2
33 35 
2
5577 32 2 0
5577 28 2 0
2
247 35 
2
5578 34 28 0
5578 28 2 0
2
246 36 
2
6484 34 30 0
6484 4 22 0
2
34 36 
2
6485 2 24 0
6485 4 22 0
2
247 36 
2
6486 34 28 0
6486 4 22 0
2
14 36 
2
6487 4 26 0
6487 4 22 0
2
246 36 
2
6488 34 30 0
6488 4 22 0
2
34 36 
2
6489 2 24 0
6489 4 22 0
2
244 36 
2
6490 34 34 0
6490 4 22 0
2
247 37 
2
5625 34 28 0
5625 24 4 0
2
35 37 
2
5626 28 2 0
5626 24 4 0
2
248 37 
2
5627 34 26 0
5627 24 4 0
2
15 37 
2
5628 26 2 0
5628 24 4 0
2
245 37 
2
5629 34 32 0
5629 24 4 0
2
35 37 
2
5630 28 2 0
5630 24 4 0
2
247 37 
2
5631 34 28 0
5631 24 4 0
2
244 38 
2
6532 34 34 0
6532 4 16 0
2
36 38 
2
6533 4 22 0
6533 4 16 0
2
245 38 
2
6534 34 32 0
6534 4 16 0
2
16 38 
2
6535 4 24 0
6535 4 16 0
2
244 38 
2
6536 34 34 0
6536 4 16 0
2
36 38 
2
6537 4 22 0
6537 4 16 0
2
245 38 
2
6538 34 32 0
6538 4 16 0
2
245 39 
2
5649 34 32 0
5649 22 8 0
2
37 39 
2
5650 24 4 0
5650 22 8 0
2
244 39 
2
5651 34 34 0
5651 22 8 0
2
17 39 
2
5652 26 4 0
5652 22 8 0
2
245 39 
2
5653 34 32 0
5653 22 8 0
2
37 39 
2
5654 24 4 0
5654 22 8 0
2
244 39 
2
5655 34 34 0
5655 22 8 0
2
244 40 
2
6580 34 34 0
6580 10 16 0
2
38 40 
2
6581 4 16 0
6581 10 16 0
2
245 40 
2
6582 34 32 0
6582 10 16 0
2
18 40 
2
6583 4 18 0
6583 10 16 0
2
244 40 
2
6584 34 34 0
6584 10 16 0
2
38 40 
2
6585 4 16 0
6585 10 16 0
2
245 40 
2
6586 34 32 0
6586 10 16 0
2
244 41 
2
6546 34 34 0
6546 20 12 0
2
39 41 
2
6547 22 8 0
6547 20 12 0
2
245 41 
2
6548 34 32 0
6548 20 12 0
2
19 41 
2
6549 20 8 0
6549 20 12 0
2
246 41 
2
6550 34 30 0
6550 20 12 0
2
39 41 
2
6551 22 8 0
6551 20 12 0
2
247 41 
2
6552 34 28 0
6552 20 12 0
2
244 42 
2
6600 34 34 0
6600 16 16 0
2
40 42 
2
6601 10 16 0
6601 16 16 0
2
245 42 
2
6602 34 32 0
6602 16 16 0
2
20 42 
2
6603 14 16 0
6603 16 16 0
2
246 42 
2
6604 34 30 0
6604 16 16 0
2
40 42 
2
6605 10 16 0
6605 16 16 0
2
244 42 
2
6606 34 34 0
6606 16 16 0
2
244 43 
2
6573 34 34 0
6573 18 14 0
2
41 43 
2
6574 20 12 0
6574 18 14 0
2
245 43 
2
6575 34 32 0
6575 18 14 0
2
21 43 
2
6576 20 14 0
6576 18 14 0
2
244 43 
2
6577 34 34 0
6577 18 14 0
2
41 43 
2
6578 20 12 0
6578 18 14 0
2
245 43 
2
6579 34 32 0
6579 18 14 0
2
42 64 
2
6607 16 16 0
6607 16 6 0
2
43 58 
2
6593 18 14 0
6593 10 10 0
2
42 65 
2
6608 16 16 0
6608 10 6 0
2
42 66 
2
6609 16 16 0
6609 18 22 0
2
40 42 
2
6610 10 16 0
6610 16 16 0
2
41 43 
2
6594 20 12 0
6594 18 14 0
2
42 64 
2
6611 16 16 0
6611 16 6 0
2
43 58 
2
6595 18 14 0
6595 10 10 0
2
42 65 
2
6612 16 16 0
6612 10 6 0
2
43 59 
2
6596 18 14 0
6596 28 16 0
2
42 66 
2
6613 16 16 0
6613 18 22 0
2
20 40 
2
6611 14 16 0
6611 10 16 0
2
21 41 
2
6595 20 14 0
6595 20 12 0
2
38 40 
2
6612 4 16 0
6612 10 16 0
2
39 41 
2
6596 22 8 0
6596 20 12 0
2
246 42 
2
6614 34 30 0
6614 16 16 0
2
40 42 
2
6615 10 16 0
6615 16 16 0
2
245 42 
2
6616 34 32 0
6616 16 16 0
2
20 42 
2
6617 14 16 0
6617 16 16 0
2
244 42 
2
6618 34 34 0
6618 16 16 0
2
40 42 
2
6619 10 16 0
6619 16 16 0
2
246 42 
2
6620 34 30 0
6620 16 16 0
2
244 43 
2
6597 34 34 0
6597 18 14 0
2
41 43 
2
6598 20 12 0
6598 18 14 0
2
245 43 
2
6599 34 32 0
6599 18 14 0
2
21 43 
2
6600 20 14 0
6600 18 14 0
2
246 43 
2
6601 34 30 0
6601 18 14 0
2
41 43 
2
6602 20 12 0
6602 18 14 0
2
244 43 
2
6603 34 34 0
6603 18 14 0
2
42 65 
2
6621 16 16 0
6621 10 6 0
2
43 61 
2
6604 18 14 0
6604 18 30 0
2
42 66 
2
6622 16 16 0
6622 18 22 0
2
42 67 
2
6623 16 16 0
6623 18 28 0
2
40 42 
2
6624 10 16 0
6624 16 16 0
2
41 43 
2
6605 20 12 0
6605 18 14 0
2
42 65 
2
6625 16 16 0
6625 10 6 0
2
43 60 
2
6606 18 14 0
6606 16 8 0
2
42 66 
2
6626 16 16 0
6626 18 22 0
2
42 67 
2
6627 16 16 0
6627 18 28 0
2
20 40 
2
6625 14 16 0
6625 10 16 0
2
21 41 
2
6606 20 14 0
6606 20 12 0
2
18 38 
2
6613 4 18 0
6613 4 16 0
2
19 39 
2
6597 20 8 0
6597 22 8 0
2
36 38 
2
6614 4 22 0
6614 4 16 0
2
37 39 
2
6598 24 4 0
6598 22 8 0
2
246 40 
2
6626 34 30 0
6626 10 16 0
2
38 40 
2
6627 4 16 0
6627 10 16 0
2
244 40 
2
6628 34 34 0
6628 10 16 0
2
18 40 
2
6629 4 18 0
6629 10 16 0
2
246 40 
2
6630 34 30 0
6630 10 16 0
2
38 40 
2
6631 4 16 0
6631 10 16 0
2
244 40 
2
6632 34 34 0
6632 10 16 0
2
245 41 
2
6607 34 32 0
6607 20 12 0
2
39 41 
2
6608 22 8 0
6608 20 12 0
2
244 41 
2
6609 34 34 0
6609 20 12 0
2
19 41 
2
6610 20 8 0
6610 20 12 0
2
246 41 
2
6611 34 30 0
6611 20 12 0
2
39 41 
2
6612 22 8 0
6612 20 12 0
2
245 41 
2
6613 34 32 0
6613 20 12 0
2
245 42 
2
6628 34 32 0
6628 16 16 0
2
40 42 
2
6633 10 16 0
6633 16 16 0
2
246 42 
2
6634 34 30 0
6634 16 16 0
2
20 42 
2
6635 14 16 0
6635 16 16 0
2
245 42 
2
6636 34 32 0
6636 16 16 0
2
40 42 
2
6637 10 16 0
6637 16 16 0
2
244 42 
2
6638 34 34 0
6638 16 16 0
2
246 43 
2
6607 34 30 0
6607 18 14 0
2
41 43 
2
6614 20 12 0
6614 18 14 0
2
244 43 
2
6615 34 34 0
6615 18 14 0
2
21 43 
2
6616 20 14 0
6616 18 14 0
2
246 43 
2
6617 34 30 0
6617 18 14 0
2
41 43 
2
6618 20 12 0
6618 18 14 0
2
245 43 
2
6619 34 32 0
6619 18 14 0
2
42 64 
2
6639 16 16 0
6639 16 6 0
2
43 60 
2
6620 18 14 0
6620 16 8 0
2
42 65 
2
6640 16 16 0
6640 10 6 0
2
43 61 
2
6621 18 14 0
6621 18 30 0
2
42 66 
2
6641 16 16 0
6641 18 22 0
2
42 67 
2
6642 16 16 0
6642 18 28 0
2
42 68 
2
6643 16 16 0
6643 18 12 0
2
42 86 
2
6644 16 16 0
6644 6 10 0
2
42 87 
2
6645 16 16 0
6645 22 14 0
2
42 89 
2
6646 16 16 0
6646 24 14 0
2
42 90 
2
6647 16 16 0
6647 20 10 0
2
42 91 
2
6648 16 16 0
6648 28 8 0
2
42 92 
2
6649 16 16 0
6649 32 12 0
2
42 93 
2
6650 16 16 0
6650 20 2 0
2
42 94 
2
6651 16 16 0
6651 8 6 0
2
42 95 
2
6652 16 16 0
6652 6 12 0
2
42 96 
2
6653 16 16 0
6653 16 4 0
2
42 97 
2
6654 16 16 0
6654 12 14 0
2
42 98 
2
6655 16 16 0
6655 22 16 0
2
42 99 
2
6656 16 16 0
6656 18 24 0
2
42 100 
2
6657 16 16 0
6657 12 10 0
2
42 101 
2
6658 16 16 0
6658 18 18 0
2
42 102 
2
6659 16 16 0
6659 14 8 0
2
40 42 
2
6660 10 16 0
6660 16 16 0
2
41 43 
2
6622 20 12 0
6622 18 14 0
2
42 64 
2
6661 16 16 0
6661 16 6 0
2
43 63 
2
6623 18 14 0
6623 16 12 0
2
42 65 
2
6662 16 16 0
6662 10 6 0
2
42 66 
2
6663 16 16 0
6663 18 22 0
2
42 67 
2
6664 16 16 0
6664 18 28 0
2
42 68 
2
6665 16 16 0
6665 18 12 0
2
42 86 
2
6666 16 16 0
6666 6 10 0
2
42 87 
2
6667 16 16 0
6667 22 14 0
2
42 89 
2
6668 16 16 0
6668 24 14 0
2
42 90 
2
6669 16 16 0
6669 20 10 0
2
42 91 
2
6670 16 16 0
6670 28 8 0
2
42 92 
2
6671 16 16 0
6671 32 12 0
2
42 93 
2
6672 16 16 0
6672 20 2 0
2
42 94 
2
6673 16 16 0
6673 8 6 0
2
42 95 
2
6674 16 16 0
6674 6 12 0
2
42 96 
2
6675 16 16 0
6675 16 4 0
2
42 97 
2
6676 16 16 0
6676 12 14 0
2
42 98 
2
6677 16 16 0
6677 22 16 0
2
42 99 
2
6678 16 16 0
6678 18 24 0
2
42 100 
2
6679 16 16 0
6679 12 10 0
2
42 101 
2
6680 16 16 0
6680 18 18 0
2
42 102 
2
6681 16 16 0
6681 14 8 0
2
20 40 
2
6661 14 16 0
6661 10 16 0
2
21 41 
2
6623 20 14 0
6623 20 12 0
2
38 40 
2
6662 4 16 0
6662 10 16 0
2
39 41 
2
6624 22 8 0
6624 20 12 0
2
244 42 
2
6682 34 34 0
6682 16 16 0
2
40 42 
2
6683 10 16 0
6683 16 16 0
2
245 42 
2
6684 34 32 0
6684 16 16 0
2
20 42 
2
6685 14 16 0
6685 16 16 0
2
244 42 
2
6686 34 34 0
6686 16 16 0
2
40 42 
2
6687 10 16 0
6687 16 16 0
2
245 42 
2
6688 34 32 0
6688 16 16 0
2
244 43 
2
6624 34 34 0
6624 18 14 0
2
41 43 
2
6625 20 12 0
6625 18 14 0
2
247 43 
2
6626 34 28 0
6626 18 14 0
2
21 43 
2
6627 20 14 0
6627 18 14 0
2
250 43 
2
6628 34 22 0
6628 18 14 0
2
41 43 
2
6629 20 12 0
6629 18 14 0
2
247 43 
2
6630 34 28 0
6630 18 14 0
2
42 65 
2
6689 16 16 0
6689 10 6 0
2
43 62 
2
6631 18 14 0
6631 20 24 0
2
42 66 
2
6690 16 16 0
6690 18 22 0
2
42 67 
2
6691 16 16 0
6691 18 28 0
2
42 68 
2
6692 16 16 0
6692 18 12 0
2
42 86 
2
6693 16 16 0
6693 6 10 0
2
42 87 
2
6694 16 16 0
6694 22 14 0
2
42 89 
2
6695 16 16 0
6695 24 14 0
2
42 90 
2
6696 16 16 0
6696 20 10 0
2
42 91 
2
6697 16 16 0
6697 28 8 0
2
42 92 
2
6698 16 16 0
6698 32 12 0
2
42 93 
2
6699 16 16 0
6699 20 2 0
2
42 94 
2
6700 16 16 0
6700 8 6 0
2
42 95 
2
6701 16 16 0
6701 6 12 0
2
42 96 
2
6702 16 16 0
6702 16 4 0
2
42 97 
2
6703 16 16 0
6703 12 14 0
2
42 98 
2
6704 16 16 0
6704 22 16 0
2
42 99 
2
6705 16 16 0
6705 18 24 0
2
42 100 
2
6706 16 16 0
6706 12 10 0
2
42 101 
2
6707 16 16 0
6707 18 18 0
2
42 102 
2
6708 16 16 0
6708 14 8 0
2
42 103 
2
6709 16 16 0
6709 14 6 0
2
40 42 
2
6710 10 16 0
6710 16 16 0
2
41 43 
2
6632 20 12 0
6632 18 14 0
2
42 65 
2
6711 16 16 0
6711 10 6 0
2
43 62 
2
6633 18 14 0
6633 20 24 0
2
42 66 
2
6712 16 16 0
6712 18 22 0
2
43 63 
2
6634 18 14 0
6634 16 12 0
2
42 67 
2
6713 16 16 0
6713 18 28 0
2
42 68 
2
6714 16 16 0
6714 18 12 0
2
42 86 
2
6715 16 16 0
6715 6 10 0
2
42 87 
2
6716 16 16 0
6716 22 14 0
2
42 89 
2
6717 16 16 0
6717 24 14 0
2
42 90 
2
6718 16 16 0
6718 20 10 0
2
42 91 
2
6719 16 16 0
6719 28 8 0
2
42 92 
2
6720 16 16 0
6720 32 12 0
2
42 93 
2
6721 16 16 0
6721 20 2 0
2
42 94 
2
6722 16 16 0
6722 8 6 0
2
42 95 
2
6723 16 16 0
6723 6 12 0
2
42 96 
2
6724 16 16 0
6724 16 4 0
2
42 97 
2
6725 16 16 0
6725 12 14 0
2
42 98 
2
6726 16 16 0
6726 22 16 0
2
42 99 
2
6727 16 16 0
6727 18 24 0
2
42 100 
2
6728 16 16 0
6728 12 10 0
2
42 101 
2
6729 16 16 0
6729 18 18 0
2
42 102 
2
6730 16 16 0
6730 14 8 0
2
42 103 
2
6731 16 16 0
6731 14 6 0
2
20 40 
2
6711 14 16 0
6711 10 16 0
2
21 41 
2
6633 20 14 0
6633 20 12 0
2
18 38 
2
6663 4 18 0
6663 4 16 0
2
19 39 
2
6625 20 8 0
6625 22 8 0
2
16 36 
2
6615 4 24 0
6615 4 22 0
2
17 37 
2
6599 26 4 0
6599 24 4 0
2
34 36 
2
6616 2 24 0
6616 4 22 0
2
35 37 
2
6600 28 2 0
6600 24 4 0
2
244 38 
2
6664 34 34 0
6664 4 16 0
2
36 38 
2
6665 4 22 0
6665 4 16 0
2
245 38 
2
6666 34 32 0
6666 4 16 0
2
16 38 
2
6667 4 24 0
6667 4 16 0
2
244 38 
2
6668 34 34 0
6668 4 16 0
2
36 38 
2
6669 4 22 0
6669 4 16 0
2
245 38 
2
6670 34 32 0
6670 4 16 0
2
248 39 
2
6626 34 26 0
6626 22 8 0
2
37 39 
2
6627 24 4 0
6627 22 8 0
2
251 39 
2
6628 34 20 0
6628 22 8 0
2
17 39 
2
6629 26 4 0
6629 22 8 0
2
248 39 
2
6630 34 26 0
6630 22 8 0
2
37 39 
2
6631 24 4 0
6631 22 8 0
2
245 39 
2
6632 34 32 0
6632 22 8 0
2
244 40 
2
6712 34 34 0
6712 10 16 0
2
38 40 
2
6713 4 16 0
6713 10 16 0
2
245 40 
2
6714 34 32 0
6714 10 16 0
2
18 40 
2
6715 4 18 0
6715 10 16 0
2
246 40 
2
6716 34 30 0
6716 10 16 0
2
38 40 
2
6717 4 16 0
6717 10 16 0
2
244 40 
2
6718 34 34 0
6718 10 16 0
2
247 41 
2
6634 34 28 0
6634 20 12 0
2
39 41 
2
6635 22 8 0
6635 20 12 0
2
248 41 
2
6636 34 26 0
6636 20 12 0
2
19 41 
2
6637 20 8 0
6637 20 12 0
2
246 41 
2
6638 34 30 0
6638 20 12 0
2
39 41 
2
6639 22 8 0
6639 20 12 0
2
245 41 
2
6640 34 32 0
6640 20 12 0
2
244 42 
2
6732 34 34 0
6732 16 16 0
2
40 42 
2
6733 10 16 0
6733 16 16 0
2
245 42 
2
6734 34 32 0
6734 16 16 0
2
20 42 
2
6735 14 16 0
6735 16 16 0
2
244 42 
2
6736 34 34 0
6736 16 16 0
2
40 42 
2
6737 10 16 0
6737 16 16 0
2
245 42 
2
6738 34 32 0
6738 16 16 0
2
244 43 
2
6635 34 34 0
6635 18 14 0
2
41 43 
2
6641 20 12 0
6641 18 14 0
2
244 43 
2
6642 34 34 0
6642 18 14 0
2
21 43 
2
6643 20 14 0
6643 18 14 0
2
245 43 
2
6644 34 32 0
6644 18 14 0
2
41 43 
2
6645 20 12 0
6645 18 14 0
2
244 43 
2
6646 34 34 0
6646 18 14 0
2
42 102 
2
6739 16 16 0
6739 14 8 0
2
43 65 
2
6712 18 14 0
6712 10 6 0
2
42 103 
2
6740 16 16 0
6740 14 6 0
2
42 104 
2
6741 16 16 0
6741 22 26 0
2
40 42 
2
6742 10 16 0
6742 16 16 0
2
41 43 
2
6713 20 12 0
6713 18 14 0
2
42 102 
2
6743 16 16 0
6743 14 8 0
2
43 64 
2
6714 18 14 0
6714 16 6 0
2
42 103 
2
6744 16 16 0
6744 14 6 0
2
42 104 
2
6745 16 16 0
6745 22 26 0
2
20 40 
2
6743 14 16 0
6743 10 16 0
2
21 41 
2
6714 20 14 0
6714 20 12 0
2
38 40 
2
6744 4 16 0
6744 10 16 0
2
39 41 
2
6715 22 8 0
6715 20 12 0
2
244 42 
2
6746 34 34 0
6746 16 16 0
2
40 42 
2
6747 10 16 0
6747 16 16 0
2
246 42 
2
6748 34 30 0
6748 16 16 0
2
20 42 
2
6749 14 16 0
6749 16 16 0
2
245 42 
2
6750 34 32 0
6750 16 16 0
2
40 42 
2
6751 10 16 0
6751 16 16 0
2
244 42 
2
6752 34 34 0
6752 16 16 0
2
244 43 
2
6715 34 34 0
6715 18 14 0
2
41 43 
2
6716 20 12 0
6716 18 14 0
2
245 43 
2
6717 34 32 0
6717 18 14 0
2
21 43 
2
6718 20 14 0
6718 18 14 0
2
246 43 
2
6719 34 30 0
6719 18 14 0
2
41 43 
2
6720 20 12 0
6720 18 14 0
2
244 43 
2
6721 34 34 0
6721 18 14 0
2
42 103 
2
6753 16 16 0
6753 14 6 0
2
43 64 
2
6722 18 14 0
6722 16 6 0
2
42 104 
2
6754 16 16 0
6754 22 26 0
2
43 65 
2
6723 18 14 0
6723 10 6 0
2
42 105 
2
6755 16 16 0
6755 20 16 0
2
40 42 
2
6756 10 16 0
6756 16 16 0
2
41 43 
2
6724 20 12 0
6724 18 14 0
2
42 103 
2
6757 16 16 0
6757 14 6 0
2
43 67 
2
6725 18 14 0
6725 18 28 0
2
42 104 
2
6758 16 16 0
6758 22 26 0
2
42 105 
2
6759 16 16 0
6759 20 16 0
2
20 40 
2
6757 14 16 0
6757 10 16 0
2
21 41 
2
6725 20 14 0
6725 20 12 0
2
18 38 
2
6745 4 18 0
6745 4 16 0
2
19 39 
2
6716 20 8 0
6716 22 8 0
2
36 38 
2
6746 4 22 0
6746 4 16 0
2
37 39 
2
6717 24 4 0
6717 22 8 0
2
244 40 
2
6758 34 34 0
6758 10 16 0
2
38 40 
2
6759 4 16 0
6759 10 16 0
2
245 40 
2
6760 34 32 0
6760 10 16 0
2
18 40 
2
6761 4 18 0
6761 10 16 0
2
246 40 
2
6762 34 30 0
6762 10 16 0
2
38 40 
2
6763 4 16 0
6763 10 16 0
2
244 40 
2
6764 34 34 0
6764 10 16 0
2
245 41 
2
6726 34 32 0
6726 20 12 0
2
39 41 
2
6727 22 8 0
6727 20 12 0
2
244 41 
2
6728 34 34 0
6728 20 12 0
2
19 41 
2
6729 20 8 0
6729 20 12 0
2
245 41 
2
6730 34 32 0
6730 20 12 0
2
39 41 
2
6731 22 8 0
6731 20 12 0
2
246 41 
2
6732 34 30 0
6732 20 12 0
2
247 42 
2
6760 34 28 0
6760 16 16 0
2
40 42 
2
6765 10 16 0
6765 16 16 0
2
245 42 
2
6766 34 32 0
6766 16 16 0
2
20 42 
2
6767 14 16 0
6767 16 16 0
2
244 42 
2
6768 34 34 0
6768 16 16 0
2
40 42 
2
6769 10 16 0
6769 16 16 0
2
245 42 
2
6770 34 32 0
6770 16 16 0
2
246 43 
2
6726 34 30 0
6726 18 14 0
2
41 43 
2
6733 20 12 0
6733 18 14 0
2
247 43 
2
6734 34 28 0
6734 18 14 0
2
21 43 
2
6735 20 14 0
6735 18 14 0
2
246 43 
2
6736 34 30 0
6736 18 14 0
2
41 43 
2
6737 20 12 0
6737 18 14 0
2
247 43 
2
6738 34 28 0
6738 18 14 0
2
42 102 
2
6771 16 16 0
6771 14 8 0
2
43 66 
2
6739 18 14 0
6739 18 22 0
2
42 103 
2
6772 16 16 0
6772 14 6 0
2
42 104 
2
6773 16 16 0
6773 22 26 0
2
42 105 
2
6774 16 16 0
6774 20 16 0
2
42 106 
2
6775 16 16 0
6775 24 20 0
2
42 107 
2
6776 16 16 0
6776 30 16 0
2
42 108 
2
6777 16 16 0
6777 28 10 0
2
42 109 
2
6778 16 16 0
6778 26 10 0
2
42 111 
2
6779 16 16 0
6779 18 6 0
2
42 112 
2
6780 16 16 0
6780 30 14 0
2
42 113 
2
6781 16 16 0
6781 22 4 0
2
42 114 
2
6782 16 16 0
6782 30 10 0
2
42 115 
2
6783 16 16 0
6783 2 10 0
2
42 116 
2
6784 16 16 0
6784 8 8 0
2
42 117 
2
6785 16 16 0
6785 12 8 0
2
42 118 
2
6786 16 16 0
6786 12 12 0
2
42 119 
2
6787 16 16 0
6787 22 18 0
2
42 120 
2
6788 16 16 0
6788 28 20 0
2
42 121 
2
6789 16 16 0
6789 8 14 0
2
42 122 
2
6790 16 16 0
6790 12 6 0
2
42 123 
2
6791 16 16 0
6791 22 20 0
2
40 42 
2
6792 10 16 0
6792 16 16 0
2
41 43 
2
6740 20 12 0
6740 18 14 0
2
42 102 
2
6793 16 16 0
6793 14 8 0
2
43 66 
2
6741 18 14 0
6741 18 22 0
2
42 103 
2
6794 16 16 0
6794 14 6 0
2
43 67 
2
6742 18 14 0
6742 18 28 0
2
42 104 
2
6795 16 16 0
6795 22 26 0
2
42 105 
2
6796 16 16 0
6796 20 16 0
2
42 106 
2
6797 16 16 0
6797 24 20 0
2
42 107 
2
6798 16 16 0
6798 30 16 0
2
42 108 
2
6799 16 16 0
6799 28 10 0
2
42 109 
2
6800 16 16 0
6800 26 10 0
2
42 111 
2
6801 16 16 0
6801 18 6 0
2
42 112 
2
6802 16 16 0
6802 30 14 0
2
42 113 
2
6803 16 16 0
6803 22 4 0
2
42 114 
2
6804 16 16 0
6804 30 10 0
2
42 115 
2
6805 16 16 0
6805 2 10 0
2
42 116 
2
6806 16 16 0
6806 8 8 0
2
42 117 
2
6807 16 16 0
6807 12 8 0
2
42 118 
2
6808 16 16 0
6808 12 12 0
2
42 119 
2
6809 16 16 0
6809 22 18 0
2
42 120 
2
6810 16 16 0
6810 28 20 0
2
42 121 
2
6811 16 16 0
6811 8 14 0
2
42 122 
2
6812 16 16 0
6812 12 6 0
2
42 123 
2
6813 16 16 0
6813 22 20 0
2
20 40 
2
6793 14 16 0
6793 10 16 0
2
21 41 
2
6741 20 14 0
6741 20 12 0
2
38 40 
2
6794 4 16 0
6794 10 16 0
2
39 41 
2
6742 22 8 0
6742 20 12 0
2
244 42 
2
6814 34 34 0
6814 16 16 0
2
40 42 
2
6815 10 16 0
6815 16 16 0
2
245 42 
2
6816 34 32 0
6816 16 16 0
2
20 42 
2
6817 14 16 0
6817 16 16 0
2
246 42 
2
6818 34 30 0
6818 16 16 0
2
40 42 
2
6819 10 16 0
6819 16 16 0
2
244 42 
2
6820 34 34 0
6820 16 16 0
2
244 43 
2
6743 34 34 0
6743 18 14 0
2
41 43 
2
6744 20 12 0
6744 18 14 0
2
246 43 
2
6745 34 30 0
6745 18 14 0
2
21 43 
2
6746 20 14 0
6746 18 14 0
2
245 43 
2
6747 34 32 0
6747 18 14 0
2
41 43 
2
6748 20 12 0
6748 18 14 0
2
244 43 
2
6749 34 34 0
6749 18 14 0
2
42 103 
2
6821 16 16 0
6821 14 6 0
2
43 86 
2
6750 18 14 0
6750 6 10 0
2
42 104 
2
6822 16 16 0
6822 22 26 0
2
42 105 
2
6823 16 16 0
6823 20 16 0
2
42 106 
2
6824 16 16 0
6824 24 20 0
2
42 107 
2
6825 16 16 0
6825 30 16 0
2
42 108 
2
6826 16 16 0
6826 28 10 0
2
42 109 
2
6827 16 16 0
6827 26 10 0
2
42 111 
2
6828 16 16 0
6828 18 6 0
2
42 112 
2
6829 16 16 0
6829 30 14 0
2
42 113 
2
6830 16 16 0
6830 22 4 0
2
42 114 
2
6831 16 16 0
6831 30 10 0
2
42 115 
2
6832 16 16 0
6832 2 10 0
2
42 116 
2
6833 16 16 0
6833 8 8 0
2
42 117 
2
6834 16 16 0
6834 12 8 0
2
42 118 
2
6835 16 16 0
6835 12 12 0
2
42 119 
2
6836 16 16 0
6836 22 18 0
2
42 120 
2
6837 16 16 0
6837 28 20 0
2
42 121 
2
6838 16 16 0
6838 8 14 0
2
42 122 
2
6839 16 16 0
6839 12 6 0
2
42 123 
2
6840 16 16 0
6840 22 20 0
2
42 124 
2
6841 16 16 0
6841 20 26 0
2
40 42 
2
6842 10 16 0
6842 16 16 0
2
41 43 
2
6751 20 12 0
6751 18 14 0
2
42 103 
2
6843 16 16 0
6843 14 6 0
2
43 68 
2
6752 18 14 0
6752 18 12 0
2
42 104 
2
6844 16 16 0
6844 22 26 0
2
42 105 
2
6845 16 16 0
6845 20 16 0
2
42 106 
2
6846 16 16 0
6846 24 20 0
2
42 107 
2
6847 16 16 0
6847 30 16 0
2
42 108 
2
6848 16 16 0
6848 28 10 0
2
42 109 
2
6849 16 16 0
6849 26 10 0
2
42 111 
2
6850 16 16 0
6850 18 6 0
2
42 112 
2
6851 16 16 0
6851 30 14 0
2
42 113 
2
6852 16 16 0
6852 22 4 0
2
42 114 
2
6853 16 16 0
6853 30 10 0
2
42 115 
2
6854 16 16 0
6854 2 10 0
2
42 116 
2
6855 16 16 0
6855 8 8 0
2
42 117 
2
6856 16 16 0
6856 12 8 0
2
42 118 
2
6857 16 16 0
6857 12 12 0
2
42 119 
2
6858 16 16 0
6858 22 18 0
2
42 120 
2
6859 16 16 0
6859 28 20 0
2
42 121 
2
6860 16 16 0
6860 8 14 0
2
42 122 
2
6861 16 16 0
6861 12 6 0
2
42 123 
2
6862 16 16 0
6862 22 20 0
2
42 124 
2
6863 16 16 0
6863 20 26 0
2
20 40 
2
6843 14 16 0
6843 10 16 0
2
21 41 
2
6752 20 14 0
6752 20 12 0
2
18 38 
2
6795 4 18 0
6795 4 16 0
2
19 39 
2
6743 20 8 0
6743 22 8 0
2
16 36 
2
6747 4 24 0
6747 4 22 0
2
17 37 
2
6718 26 4 0
6718 24 4 0
2
14 34 
2
6617 4 26 0
6617 2 24 0
2
15 35 
2
6601 26 2 0
6601 28 2 0
2
32 34 
2
6618 2 28 0
6618 2 24 0
2
33 35 
2
6602 32 2 0
6602 28 2 0
2
248 36 
2
6748 34 26 0
6748 4 22 0
2
34 36 
2
6749 2 24 0
6749 4 22 0
2
247 36 
2
6750 34 28 0
6750 4 22 0
2
14 36 
2
6751 4 26 0
6751 4 22 0
2
246 36 
2
6752 34 30 0
6752 4 22 0
2
34 36 
2
6753 2 24 0
6753 4 22 0
2
248 36 
2
6754 34 26 0
6754 4 22 0
2
247 37 
2
6719 34 28 0
6719 24 4 0
2
35 37 
2
6720 28 2 0
6720 24 4 0
2
245 37 
2
6721 34 32 0
6721 24 4 0
2
15 37 
2
6722 26 2 0
6722 24 4 0
2
246 37 
2
6723 34 30 0
6723 24 4 0
2
35 37 
2
6724 28 2 0
6724 24 4 0
2
244 37 
2
6725 34 34 0
6725 24 4 0
2
244 38 
2
6796 34 34 0
6796 4 16 0
2
36 38 
2
6797 4 22 0
6797 4 16 0
2
246 38 
2
6798 34 30 0
6798 4 16 0
2
16 38 
2
6799 4 24 0
6799 4 16 0
2
244 38 
2
6800 34 34 0
6800 4 16 0
2
36 38 
2
6801 4 22 0
6801 4 16 0
2
246 38 
2
6802 34 30 0
6802 4 16 0
2
245 39 
2
6744 34 32 0
6744 22 8 0
2
37 39 
2
6745 24 4 0
6745 22 8 0
2
247 39 
2
6746 34 28 0
6746 22 8 0
2
17 39 
2
6747 26 4 0
6747 22 8 0
2
249 39 
2
6748 34 24 0
6748 22 8 0
2
37 39 
2
6749 24 4 0
6749 22 8 0
2
250 39 
2
6750 34 22 0
6750 22 8 0
2
244 40 
2
6844 34 34 0
6844 10 16 0
2
38 40 
2
6845 4 16 0
6845 10 16 0
2
245 40 
2
6846 34 32 0
6846 10 16 0
2
18 40 
2
6847 4 18 0
6847 10 16 0
2
244 40 
2
6848 34 34 0
6848 10 16 0
2
38 40 
2
6849 4 16 0
6849 10 16 0
2
245 40 
2
6850 34 32 0
6850 10 16 0
2
245 41 
2
6753 34 32 0
6753 20 12 0
2
39 41 
2
6754 22 8 0
6754 20 12 0
2
244 41 
2
6755 34 34 0
6755 20 12 0
2
19 41 
2
6756 20 8 0
6756 20 12 0
2
245 41 
2
6757 34 32 0
6757 20 12 0
2
39 41 
2
6758 22 8 0
6758 20 12 0
2
246 41 
2
6759 34 30 0
6759 20 12 0
2
245 42 
2
6864 34 32 0
6864 16 16 0
2
40 42 
2
6865 10 16 0
6865 16 16 0
2
246 42 
2
6866 34 30 0
6866 16 16 0
2
20 42 
2
6867 14 16 0
6867 16 16 0
2
244 42 
2
6868 34 34 0
6868 16 16 0
2
40 42 
2
6869 10 16 0
6869 16 16 0
2
245 42 
2
6870 34 32 0
6870 16 16 0
2
247 43 
2
6753 34 28 0
6753 18 14 0
2
41 43 
2
6760 20 12 0
6760 18 14 0
2
244 43 
2
6761 34 34 0
6761 18 14 0
2
21 43 
2
6762 20 14 0
6762 18 14 0
2
245 43 
2
6763 34 32 0
6763 18 14 0
2
41 43 
2
6764 20 12 0
6764 18 14 0
2
246 43 
2
6765 34 30 0
6765 18 14 0
2
42 123 
2
6871 16 16 0
6871 22 20 0
2
43 68 
2
6766 18 14 0
6766 18 12 0
2
42 124 
2
6872 16 16 0
6872 20 26 0
2
43 86 
2
6767 18 14 0
6767 6 10 0
2
42 125 
2
6873 16 16 0
6873 12 16 0
2
40 42 
2
6874 10 16 0
6874 16 16 0
2
41 43 
2
6768 20 12 0
6768 18 14 0
2
42 123 
2
6875 16 16 0
6875 22 20 0
2
43 89 
2
6769 18 14 0
6769 24 14 0
2
42 124 
2
6876 16 16 0
6876 20 26 0
2
42 125 
2
6877 16 16 0
6877 12 16 0
2
20 40 
2
6875 14 16 0
6875 10 16 0
2
21 41 
2
6769 20 14 0
6769 20 12 0
2
38 40 
2
6876 4 16 0
6876 10 16 0
2
39 41 
2
6770 22 8 0
6770 20 12 0
2
245 42 
2
6878 34 32 0
6878 16 16 0
2
40 42 
2
6879 10 16 0
6879 16 16 0
2
244 42 
2
6880 34 34 0
6880 16 16 0
2
20 42 
2
6881 14 16 0
6881 16 16 0
2
246 42 
2
6882 34 30 0
6882 16 16 0
2
40 42 
2
6883 10 16 0
6883 16 16 0
2
245 42 
2
6884 34 32 0
6884 16 16 0
2
246 43 
2
6770 34 30 0
6770 18 14 0
2
41 43 
2
6771 20 12 0
6771 18 14 0
2
244 43 
2
6772 34 34 0
6772 18 14 0
2
21 43 
2
6773 20 14 0
6773 18 14 0
2
245 43 
2
6774 34 32 0
6774 18 14 0
2
41 43 
2
6775 20 12 0
6775 18 14 0
2
244 43 
2
6776 34 34 0
6776 18 14 0
2
42 124 
2
6885 16 16 0
6885 20 26 0
2
43 87 
2
6777 18 14 0
6777 22 14 0
2
42 125 
2
6886 16 16 0
6886 12 16 0
2
42 126 
2
6887 16 16 0
6887 16 10 0
2
40 42 
2
6888 10 16 0
6888 16 16 0
2
41 43 
2
6778 20 12 0
6778 18 14 0
2
42 124 
2
6889 16 16 0
6889 20 26 0
2
43 87 
2
6779 18 14 0
6779 22 14 0
2
42 125 
2
6890 16 16 0
6890 12 16 0
2
43 89 
2
6780 18 14 0
6780 24 14 0
2
42 126 
2
6891 16 16 0
6891 16 10 0
2
20 40 
2
6889 14 16 0
6889 10 16 0
2
21 41 
2
6779 20 14 0
6779 20 12 0
2
18 38 
2
6877 4 18 0
6877 4 16 0
2
19 39 
2
6771 20 8 0
6771 22 8 0
2
36 38 
2
6878 4 22 0
6878 4 16 0
2
37 39 
2
6772 24 4 0
6772 22 8 0
2
245 40 
2
6890 34 32 0
6890 10 16 0
2
38 40 
2
6891 4 16 0
6891 10 16 0
2
244 40 
2
6892 34 34 0
6892 10 16 0
2
18 40 
2
6893 4 18 0
6893 10 16 0
2
245 40 
2
6894 34 32 0
6894 10 16 0
2
38 40 
2
6895 4 16 0
6895 10 16 0
2
244 40 
2
6896 34 34 0
6896 10 16 0
2
244 41 
2
6780 34 34 0
6780 20 12 0
2
39 41 
2
6781 22 8 0
6781 20 12 0
2
247 41 
2
6782 34 28 0
6782 20 12 0
2
19 41 
2
6783 20 8 0
6783 20 12 0
2
244 41 
2
6784 34 34 0
6784 20 12 0
2
39 41 
2
6785 22 8 0
6785 20 12 0
2
245 41 
2
6786 34 32 0
6786 20 12 0
2
247 42 
2
6892 34 28 0
6892 16 16 0
2
40 42 
2
6897 10 16 0
6897 16 16 0
2
245 42 
2
6898 34 32 0
6898 16 16 0
2
20 42 
2
6899 14 16 0
6899 16 16 0
2
244 42 
2
6900 34 34 0
6900 16 16 0
2
40 42 
2
6901 10 16 0
6901 16 16 0
2
245 42 
2
6902 34 32 0
6902 16 16 0
2
245 43 
2
6781 34 32 0
6781 18 14 0
2
41 43 
2
6787 20 12 0
6787 18 14 0
2
244 43 
2
6788 34 34 0
6788 18 14 0
2
21 43 
2
6789 20 14 0
6789 18 14 0
2
245 43 
2
6790 34 32 0
6790 18 14 0
2
41 43 
2
6791 20 12 0
6791 18 14 0
2
244 43 
2
6792 34 34 0
6792 18 14 0
2
42 123 
2
6903 16 16 0
6903 22 20 0
2
43 91 
2
6793 18 14 0
6793 28 8 0
2
42 124 
2
6904 16 16 0
6904 20 26 0
2
42 125 
2
6905 16 16 0
6905 12 16 0
2
42 126 
2
6906 16 16 0
6906 16 10 0
2
42 128 
2
6907 16 16 0
6907 16 14 0
2
42 129 
2
6908 16 16 0
6908 28 12 0
2
42 130 
2
6909 16 16 0
6909 22 6 0
2
42 131 
2
6910 16 16 0
6910 28 14 0
2
42 149 
2
6911 16 16 0
6911 20 6 0
2
42 150 
2
6912 16 16 0
6912 24 8 0
2
42 151 
2
6913 16 16 0
6913 22 2 0
2
42 152 
2
6914 16 16 0
6914 22 30 0
2
42 153 
2
6915 16 16 0
6915 24 26 0
2
42 154 
2
6916 16 16 0
6916 28 18 0
2
42 155 
2
6917 16 16 0
6917 22 22 0
2
42 156 
2
6918 16 16 0
6918 26 18 0
2
42 157 
2
6919 16 16 0
6919 24 16 0
2
42 158 
2
6920 16 16 0
6920 4 14 0
2
42 159 
2
6921 16 16 0
6921 14 4 0
2
42 160 
2
6922 16 16 0
6922 10 14 0
2
42 161 
2
6923 16 16 0
6923 14 2 0
2
40 42 
2
6924 10 16 0
6924 16 16 0
2
41 43 
2
6794 20 12 0
6794 18 14 0
2
42 123 
2
6925 16 16 0
6925 22 20 0
2
43 90 
2
6795 18 14 0
6795 20 10 0
2
42 124 
2
6926 16 16 0
6926 20 26 0
2
42 125 
2
6927 16 16 0
6927 12 16 0
2
42 126 
2
6928 16 16 0
6928 16 10 0
2
42 128 
2
6929 16 16 0
6929 16 14 0
2
42 129 
2
6930 16 16 0
6930 28 12 0
2
42 130 
2
6931 16 16 0
6931 22 6 0
2
42 131 
2
6932 16 16 0
6932 28 14 0
2
42 149 
2
6933 16 16 0
6933 20 6 0
2
42 150 
2
6934 16 16 0
6934 24 8 0
2
42 151 
2
6935 16 16 0
6935 22 2 0
2
42 152 
2
6936 16 16 0
6936 22 30 0
2
42 153 
2
6937 16 16 0
6937 24 26 0
2
42 154 
2
6938 16 16 0
6938 28 18 0
2
42 155 
2
6939 16 16 0
6939 22 22 0
2
42 156 
2
6940 16 16 0
6940 26 18 0
2
42 157 
2
6941 16 16 0
6941 24 16 0
2
42 158 
2
6942 16 16 0
6942 4 14 0
2
42 159 
2
6943 16 16 0
6943 14 4 0
2
42 160 
2
6944 16 16 0
6944 10 14 0
2
42 161 
2
6945 16 16 0
6945 14 2 0
2
20 40 
2
6925 14 16 0
6925 10 16 0
2
21 41 
2
6795 20 14 0
6795 20 12 0
2
38 40 
2
6926 4 16 0
6926 10 16 0
2
39 41 
2
6796 22 8 0
6796 20 12 0
2
244 42 
2
6946 34 34 0
6946 16 16 0
2
40 42 
2
6947 10 16 0
6947 16 16 0
2
246 42 
2
6948 34 30 0
6948 16 16 0
2
20 42 
2
6949 14 16 0
6949 16 16 0
2
244 42 
2
6950 34 34 0
6950 16 16 0
2
40 42 
2
6951 10 16 0
6951 16 16 0
2
246 42 
2
6952 34 30 0
6952 16 16 0
2
245 43 
2
6796 34 32 0
6796 18 14 0
2
41 43 
2
6797 20 12 0
6797 18 14 0
2
247 43 
2
6798 34 28 0
6798 18 14 0
2
21 43 
2
6799 20 14 0
6799 18 14 0
2
245 43 
2
6800 34 32 0
6800 18 14 0
2
41 43 
2
6801 20 12 0
6801 18 14 0
2
247 43 
2
6802 34 28 0
6802 18 14 0
2
42 124 
2
6953 16 16 0
6953 20 26 0
2
43 90 
2
6803 18 14 0
6803 20 10 0
2
42 125 
2
6954 16 16 0
6954 12 16 0
2
43 91 
2
6804 18 14 0
6804 28 8 0
2
42 126 
2
6955 16 16 0
6955 16 10 0
2
42 128 
2
6956 16 16 0
6956 16 14 0
2
42 129 
2
6957 16 16 0
6957 28 12 0
2
42 130 
2
6958 16 16 0
6958 22 6 0
2
42 131 
2
6959 16 16 0
6959 28 14 0
2
42 149 
2
6960 16 16 0
6960 20 6 0
2
42 150 
2
6961 16 16 0
6961 24 8 0
2
42 151 
2
6962 16 16 0
6962 22 2 0
2
42 152 
2
6963 16 16 0
6963 22 30 0
2
42 153 
2
6964 16 16 0
6964 24 26 0
2
42 154 
2
6965 16 16 0
6965 28 18 0
2
42 155 
2
6966 16 16 0
6966 22 22 0
2
42 156 
2
6967 16 16 0
6967 26 18 0
2
42 157 
2
6968 16 16 0
6968 24 16 0
2
42 158 
2
6969 16 16 0
6969 4 14 0
2
42 159 
2
6970 16 16 0
6970 14 4 0
2
42 160 
2
6971 16 16 0
6971 10 14 0
2
42 161 
2
6972 16 16 0
6972 14 2 0
2
42 162 
2
6973 16 16 0
6973 30 18 0
2
40 42 
2
6974 10 16 0
6974 16 16 0
2
41 43 
2
6805 20 12 0
6805 18 14 0
2
42 124 
2
6975 16 16 0
6975 20 26 0
2
43 93 
2
6806 18 14 0
6806 20 2 0
2
42 125 
2
6976 16 16 0
6976 12 16 0
2
42 126 
2
6977 16 16 0
6977 16 10 0
2
42 128 
2
6978 16 16 0
6978 16 14 0
2
42 129 
2
6979 16 16 0
6979 28 12 0
2
42 130 
2
6980 16 16 0
6980 22 6 0
2
42 131 
2
6981 16 16 0
6981 28 14 0
2
42 149 
2
6982 16 16 0
6982 20 6 0
2
42 150 
2
6983 16 16 0
6983 24 8 0
2
42 151 
2
6984 16 16 0
6984 22 2 0
2
42 152 
2
6985 16 16 0
6985 22 30 0
2
42 153 
2
6986 16 16 0
6986 24 26 0
2
42 154 
2
6987 16 16 0
6987 28 18 0
2
42 155 
2
6988 16 16 0
6988 22 22 0
2
42 156 
2
6989 16 16 0
6989 26 18 0
2
42 157 
2
6990 16 16 0
6990 24 16 0
2
42 158 
2
6991 16 16 0
6991 4 14 0
2
42 159 
2
6992 16 16 0
6992 14 4 0
2
42 160 
2
6993 16 16 0
6993 10 14 0
2
42 161 
2
6994 16 16 0
6994 14 2 0
2
42 162 
2
6995 16 16 0
6995 30 18 0
2
20 40 
2
6975 14 16 0
6975 10 16 0
2
21 41 
2
6806 20 14 0
6806 20 12 0
2
18 38 
2
6927 4 18 0
6927 4 16 0
2
19 39 
2
6797 20 8 0
6797 22 8 0
2
16 36 
2
6879 4 24 0
6879 4 22 0
2
17 37 
2
6773 26 4 0
6773 24 4 0
2
34 36 
2
6880 2 24 0
6880 4 22 0
2
35 37 
2
6774 28 2 0
6774 24 4 0
2
245 38 
2
6928 34 32 0
6928 4 16 0
2
36 38 
2
6929 4 22 0
6929 4 16 0
2
244 38 
2
6930 34 34 0
6930 4 16 0
2
16 38 
2
6931 4 24 0
6931 4 16 0
2
245 38 
2
6932 34 32 0
6932 4 16 0
2
36 38 
2
6933 4 22 0
6933 4 16 0
2
244 38 
2
6934 34 34 0
6934 4 16 0
2
248 39 
2
6798 34 26 0
6798 22 8 0
2
37 39 
2
6799 24 4 0
6799 22 8 0
2
249 39 
2
6800 34 24 0
6800 22 8 0
2
17 39 
2
6801 26 4 0
6801 22 8 0
2
248 39 
2
6802 34 26 0
6802 22 8 0
2
37 39 
2
6803 24 4 0
6803 22 8 0
2
244 39 
2
6804 34 34 0
6804 22 8 0
2
244 40 
2
6976 34 34 0
6976 10 16 0
2
38 40 
2
6977 4 16 0
6977 10 16 0
2
245 40 
2
6978 34 32 0
6978 10 16 0
2
18 40 
2
6979 4 18 0
6979 10 16 0
2
246 40 
2
6980 34 30 0
6980 10 16 0
2
38 40 
2
6981 4 16 0
6981 10 16 0
2
244 40 
2
6982 34 34 0
6982 10 16 0
2
244 41 
2
6807 34 34 0
6807 20 12 0
2
39 41 
2
6808 22 8 0
6808 20 12 0
2
246 41 
2
6809 34 30 0
6809 20 12 0
2
19 41 
2
6810 20 8 0
6810 20 12 0
2
244 41 
2
6811 34 34 0
6811 20 12 0
2
39 41 
2
6812 22 8 0
6812 20 12 0
2
245 41 
2
6813 34 32 0
6813 20 12 0
2
244 42 
2
6996 34 34 0
6996 16 16 0
2
40 42 
2
6997 10 16 0
6997 16 16 0
2
245 42 
2
6998 34 32 0
6998 16 16 0
2
20 42 
2
6999 14 16 0
6999 16 16 0
2
244 42 
2
7000 34 34 0
7000 16 16 0
2
40 42 
2
7001 10 16 0
7001 16 16 0
2
245 42 
2
7002 34 32 0
7002 16 16 0
2
245 43 
2
6807 34 32 0
6807 18 14 0
2
41 43 
2
6814 20 12 0
6814 18 14 0
2
246 43 
2
6815 34 30 0
6815 18 14 0
2
21 43 
2
6816 20 14 0
6816 18 14 0
2
244 43 
2
6817 34 34 0
6817 18 14 0
2
41 43 
2
6818 20 12 0
6818 18 14 0
2
245 43 
2
6819 34 32 0
6819 18 14 0
2
42 161 
2
7003 16 16 0
7003 14 2 0
2
43 92 
2
6820 18 14 0
6820 32 12 0
2
42 162 
2
7004 16 16 0
7004 30 18 0
2
42 163 
2
7005 16 16 0
7005 24 22 0
2
40 42 
2
7006 10 16 0
7006 16 16 0
2
41 43 
2
6821 20 12 0
6821 18 14 0
2
42 161 
2
7007 16 16 0
7007 14 2 0
2
43 92 
2
6822 18 14 0
6822 32 12 0
2
42 162 
2
7008 16 16 0
7008 30 18 0
2
43 93 
2
6823 18 14 0
6823 20 2 0
2
42 163 
2
7009 16 16 0
7009 24 22 0
2
20 40 
2
7007 14 16 0
7007 10 16 0
2
21 41 
2
6822 20 14 0
6822 20 12 0
2
38 40 
2
7008 4 16 0
7008 10 16 0
2
39 41 
2
6823 22 8 0
6823 20 12 0
2
245 42 
2
7010 34 32 0
7010 16 16 0
2
40 42 
2
7011 10 16 0
7011 16 16 0
2
244 42 
2
7012 34 34 0
7012 16 16 0
2
20 42 
2
7013 14 16 0
7013 16 16 0
2
247 42 
2
7014 34 28 0
7014 16 16 0
2
40 42 
2
7015 10 16 0
7015 16 16 0
2
245 42 
2
7016 34 32 0
7016 16 16 0
2
244 43 
2
6824 34 34 0
6824 18 14 0
2
41 43 
2
6825 20 12 0
6825 18 14 0
2
245 43 
2
6826 34 32 0
6826 18 14 0
2
21 43 
2
6827 20 14 0
6827 18 14 0
2
246 43 
2
6828 34 30 0
6828 18 14 0
2
41 43 
2
6829 20 12 0
6829 18 14 0
2
244 43 
2
6830 34 34 0
6830 18 14 0
2
42 162 
2
7017 16 16 0
7017 30 18 0
2
43 95 
2
6831 18 14 0
6831 6 12 0
2
42 163 
2
7018 16 16 0
7018 24 22 0
2
42 164 
2
7019 16 16 0
7019 26 20 0
2
40 42 
2
7020 10 16 0
7020 16 16 0
2
41 43 
2
6832 20 12 0
6832 18 14 0
2
42 162 
2
7021 16 16 0
7021 30 18 0
2
43 94 
2
6833 18 14 0
6833 8 6 0
2
42 163 
2
7022 16 16 0
7022 24 22 0
2
42 164 
2
7023 16 16 0
7023 26 20 0
2
20 40 
2
7021 14 16 0
7021 10 16 0
2
21 41 
2
6833 20 14 0
6833 20 12 0
2
18 38 
2
7009 4 18 0
7009 4 16 0
2
19 39 
2
6824 20 8 0
6824 22 8 0
2
36 38 
2
7010 4 22 0
7010 4 16 0
2
37 39 
2
6825 24 4 0
6825 22 8 0
2
245 40 
2
7022 34 32 0
7022 10 16 0
2
38 40 
2
7023 4 16 0
7023 10 16 0
2
244 40 
2
7024 34 34 0
7024 10 16 0
2
18 40 
2
7025 4 18 0
7025 10 16 0
2
246 40 
2
7026 34 30 0
7026 10 16 0
2
38 40 
2
7027 4 16 0
7027 10 16 0
2
245 40 
2
7028 34 32 0
7028 10 16 0
2
245 41 
2
6834 34 32 0
6834 20 12 0
2
39 41 
2
6835 22 8 0
6835 20 12 0
2
244 41 
2
6836 34 34 0
6836 20 12 0
2
19 41 
2
6837 20 8 0
6837 20 12 0
2
245 41 
2
6838 34 32 0
6838 20 12 0
2
39 41 
2
6839 22 8 0
6839 20 12 0
2
244 41 
2
6840 34 34 0
6840 20 12 0
2
247 42 
2
7024 34 28 0
7024 16 16 0
2
40 42 
2
7029 10 16 0
7029 16 16 0
2
244 42 
2
7030 34 34 0
7030 16 16 0
2
20 42 
2
7031 14 16 0
7031 16 16 0
2
246 42 
2
7032 34 30 0
7032 16 16 0
2
40 42 
2
7033 10 16 0
7033 16 16 0
2
245 42 
2
7034 34 32 0
7034 16 16 0
2
246 43 
2
6834 34 30 0
6834 18 14 0
2
41 43 
2
6841 20 12 0
6841 18 14 0
2
245 43 
2
6842 34 32 0
6842 18 14 0
2
21 43 
2
6843 20 14 0
6843 18 14 0
2
246 43 
2
6844 34 30 0
6844 18 14 0
2
41 43 
2
6845 20 12 0
6845 18 14 0
2
247 43 
2
6846 34 28 0
6846 18 14 0
2
42 161 
2
7035 16 16 0
7035 14 2 0
2
43 94 
2
6847 18 14 0
6847 8 6 0
2
42 162 
2
7036 16 16 0
7036 30 18 0
2
43 95 
2
6848 18 14 0
6848 6 12 0
2
42 163 
2
7037 16 16 0
7037 24 22 0
2
42 164 
2
7038 16 16 0
7038 26 20 0
2
42 166 
2
7039 16 16 0
7039 20 22 0
2
42 167 
2
7040 16 16 0
7040 22 12 0
2
42 168 
2
7041 16 16 0
7041 24 10 0
2
42 169 
2
7042 16 16 0
7042 18 2 0
2
42 170 
2
7043 16 16 0
7043 26 14 0
2
42 171 
2
7044 16 16 0
7044 20 4 0
2
42 172 
2
7045 16 16 0
7045 26 8 0
2
42 173 
2
7046 16 16 0
7046 26 6 0
2
42 174 
2
7047 16 16 0
7047 20 32 0
2
42 175 
2
7048 16 16 0
7048 6 8 0
2
42 176 
2
7049 16 16 0
7049 20 30 0
2
42 177 
2
7050 16 16 0
7050 8 4 0
2
42 178 
2
7051 16 16 0
7051 10 2 0
2
42 179 
2
7052 16 16 0
7052 30 22 0
2
42 180 
2
7053 16 16 0
7053 26 26 0
2
42 181 
2
7054 16 16 0
7054 32 20 0
2
42 182 
2
7055 16 16 0
7055 32 10 0
2
40 42 
2
7056 10 16 0
7056 16 16 0
2
41 43 
2
6849 20 12 0
6849 18 14 0
2
42 161 
2
7057 16 16 0
7057 14 2 0
2
43 97 
2
6850 18 14 0
6850 12 14 0
2
42 162 
2
7058 16 16 0
7058 30 18 0
2
42 163 
2
7059 16 16 0
7059 24 22 0
2
42 164 
2
7060 16 16 0
7060 26 20 0
2
42 166 
2
7061 16 16 0
7061 20 22 0
2
42 167 
2
7062 16 16 0
7062 22 12 0
2
42 168 
2
7063 16 16 0
7063 24 10 0
2
42 169 
2
7064 16 16 0
7064 18 2 0
2
42 170 
2
7065 16 16 0
7065 26 14 0
2
42 171 
2
7066 16 16 0
7066 20 4 0
2
42 172 
2
7067 16 16 0
7067 26 8 0
2
42 173 
2
7068 16 16 0
7068 26 6 0
2
42 174 
2
7069 16 16 0
7069 20 32 0
2
42 175 
2
7070 16 16 0
7070 6 8 0
2
42 176 
2
7071 16 16 0
7071 20 30 0
2
42 177 
2
7072 16 16 0
7072 8 4 0
2
42 178 
2
7073 16 16 0
7073 10 2 0
2
42 179 
2
7074 16 16 0
7074 30 22 0
2
42 180 
2
7075 16 16 0
7075 26 26 0
2
42 181 
2
7076 16 16 0
7076 32 20 0
2
42 182 
2
7077 16 16 0
7077 32 10 0
2
20 40 
2
7057 14 16 0
7057 10 16 0
2
21 41 
2
6850 20 14 0
6850 20 12 0
2
38 40 
2
7058 4 16 0
7058 10 16 0
2
39 41 
2
6851 22 8 0
6851 20 12 0
2
246 42 
2
7078 34 30 0
7078 16 16 0
2
40 42 
2
7079 10 16 0
7079 16 16 0
2
244 42 
2
7080 34 34 0
7080 16 16 0
2
20 42 
2
7081 14 16 0
7081 16 16 0
2
246 42 
2
7082 34 30 0
7082 16 16 0
2
40 42 
2
7083 10 16 0
7083 16 16 0
2
245 42 
2
7084 34 32 0
7084 16 16 0
2
244 43 
2
6851 34 34 0
6851 18 14 0
2
41 43 
2
6852 20 12 0
6852 18 14 0
2
245 43 
2
6853 34 32 0
6853 18 14 0
2
21 43 
2
6854 20 14 0
6854 18 14 0
2
244 43 
2
6855 34 34 0
6855 18 14 0
2
41 43 
2
6856 20 12 0
6856 18 14 0
2
245 43 
2
6857 34 32 0
6857 18 14 0
2
42 162 
2
7085 16 16 0
7085 30 18 0
2
43 96 
2
6858 18 14 0
6858 16 4 0
2
42 163 
2
7086 16 16 0
7086 24 22 0
2
42 164 
2
7087 16 16 0
7087 26 20 0
2
42 166 
2
7088 16 16 0
7088 20 22 0
2
42 167 
2
7089 16 16 0
7089 22 12 0
2
42 168 
2
7090 16 16 0
7090 24 10 0
2
42 169 
2
7091 16 16 0
7091 18 2 0
2
42 170 
2
7092 16 16 0
7092 26 14 0
2
42 171 
2
7093 16 16 0
7093 20 4 0
2
42 172 
2
7094 16 16 0
7094 26 8 0
2
42 173 
2
7095 16 16 0
7095 26 6 0
2
42 174 
2
7096 16 16 0
7096 20 32 0
2
42 175 
2
7097 16 16 0
7097 6 8 0
2
42 176 
2
7098 16 16 0
7098 20 30 0
2
42 177 
2
7099 16 16 0
7099 8 4 0
2
42 178 
2
7100 16 16 0
7100 10 2 0
2
42 179 
2
7101 16 16 0
7101 30 22 0
2
42 180 
2
7102 16 16 0
7102 26 26 0
2
42 181 
2
7103 16 16 0
7103 32 20 0
2
42 182 
2
7104 16 16 0
7104 32 10 0
2
42 183 
2
7105 16 16 0
7105 2 8 0
2
40 42 
2
7106 10 16 0
7106 16 16 0
2
41 43 
2
6859 20 12 0
6859 18 14 0
2
42 162 
2
7107 16 16 0
7107 30 18 0
2
43 96 
2
6860 18 14 0
6860 16 4 0
2
42 163 
2
7108 16 16 0
7108 24 22 0
2
43 97 
2
6861 18 14 0
6861 12 14 0
2
42 164 
2
7109 16 16 0
7109 26 20 0
2
42 166 
2
7110 16 16 0
7110 20 22 0
2
42 167 
2
7111 16 16 0
7111 22 12 0
2
42 168 
2
7112 16 16 0
7112 24 10 0
2
42 169 
2
7113 16 16 0
7113 18 2 0
2
42 170 
2
7114 16 16 0
7114 26 14 0
2
42 171 
2
7115 16 16 0
7115 20 4 0
2
42 172 
2
7116 16 16 0
7116 26 8 0
2
42 173 
2
7117 16 16 0
7117 26 6 0
2
42 174 
2
7118 16 16 0
7118 20 32 0
2
42 175 
2
7119 16 16 0
7119 6 8 0
2
42 176 
2
7120 16 16 0
7120 20 30 0
2
42 177 
2
7121 16 16 0
7121 8 4 0
2
42 178 
2
7122 16 16 0
7122 10 2 0
2
42 179 
2
7123 16 16 0
7123 30 22 0
2
42 180 
2
7124 16 16 0
7124 26 26 0
2
42 181 
2
7125 16 16 0
7125 32 20 0
2
42 182 
2
7126 16 16 0
7126 32 10 0
2
42 183 
2
7127 16 16 0
7127 2 8 0
2
20 40 
2
7107 14 16 0
7107 10 16 0
2
21 41 
2
6860 20 14 0
6860 20 12 0
2
18 38 
2
7059 4 18 0
7059 4 16 0
2
19 39 
2
6852 20 8 0
6852 22 8 0
2
16 36 
2
7011 4 24 0
7011 4 22 0
2
17 37 
2
6826 26 4 0
6826 24 4 0
2
14 34 
2
6881 4 26 0
6881 2 24 0
2
15 35 
2
6775 26 2 0
6775 28 2 0
2
12 32 
2
6619 2 26 0
6619 2 28 0
2
13 33 
2
6603 30 2 0
6603 32 2 0
2
30 32 
2
6620 4 28 0
6620 2 28 0
2
31 33 
2
6604 32 6 0
6604 32 2 0
2
247 34 
2
6882 34 28 0
6882 2 24 0
2
32 34 
2
6883 2 28 0
6883 2 24 0
2
248 34 
2
6884 34 26 0
6884 2 24 0
2
12 34 
2
6885 2 26 0
6885 2 24 0
2
244 34 
2
6886 34 34 0
6886 2 24 0
2
32 34 
2
6887 2 28 0
6887 2 24 0
2
246 34 
2
6888 34 30 0
6888 2 24 0
2
246 35 
2
6776 34 30 0
6776 28 2 0
2
33 35 
2
6777 32 2 0
6777 28 2 0
2
245 35 
2
6778 34 32 0
6778 28 2 0
2
13 35 
2
6779 30 2 0
6779 28 2 0
2
246 35 
2
6780 34 30 0
6780 28 2 0
2
33 35 
2
6781 32 2 0
6781 28 2 0
2
248 35 
2
6782 34 26 0
6782 28 2 0
2
246 36 
2
7012 34 30 0
7012 4 22 0
2
34 36 
2
7013 2 24 0
7013 4 22 0
2
248 36 
2
7014 34 26 0
7014 4 22 0
2
14 36 
2
7015 4 26 0
7015 4 22 0
2
249 36 
2
7016 34 24 0
7016 4 22 0
2
34 36 
2
7017 2 24 0
7017 4 22 0
2
244 36 
2
7018 34 34 0
7018 4 22 0
2
244 37 
2
6827 34 34 0
6827 24 4 0
2
35 37 
2
6828 28 2 0
6828 24 4 0
2
245 37 
2
6829 34 32 0
6829 24 4 0
2
15 37 
2
6830 26 2 0
6830 24 4 0
2
246 37 
2
6831 34 30 0
6831 24 4 0
2
35 37 
2
6832 28 2 0
6832 24 4 0
2
244 37 
2
6833 34 34 0
6833 24 4 0
2
245 38 
2
7060 34 32 0
7060 4 16 0
2
36 38 
2
7061 4 22 0
7061 4 16 0
2
244 38 
2
7062 34 34 0
7062 4 16 0
2
16 38 
2
7063 4 24 0
7063 4 16 0
2
245 38 
2
7064 34 32 0
7064 4 16 0
2
36 38 
2
7065 4 22 0
7065 4 16 0
2
244 38 
2
7066 34 34 0
7066 4 16 0
2
246 39 
2
6853 34 30 0
6853 22 8 0
2
37 39 
2
6854 24 4 0
6854 22 8 0
2
247 39 
2
6855 34 28 0
6855 22 8 0
2
17 39 
2
6856 26 4 0
6856 22 8 0
2
246 39 
2
6857 34 30 0
6857 22 8 0
2
37 39 
2
6858 24 4 0
6858 22 8 0
2
244 39 
2
6859 34 34 0
6859 22 8 0
2
244 40 
2
7108 34 34 0
7108 10 16 0
2
38 40 
2
7109 4 16 0
7109 10 16 0
2
247 40 
2
7110 34 28 0
7110 10 16 0
2
18 40 
2
7111 4 18 0
7111 10 16 0
2
244 40 
2
7112 34 34 0
7112 10 16 0
2
38 40 
2
7113 4 16 0
7113 10 16 0
2
246 40 
2
7114 34 30 0
7114 10 16 0
2
245 41 
2
6861 34 32 0
6861 20 12 0
2
39 41 
2
6862 22 8 0
6862 20 12 0
2
246 41 
2
6863 34 30 0
6863 20 12 0
2
19 41 
2
6864 20 8 0
6864 20 12 0
2
244 41 
2
6865 34 34 0
6865 20 12 0
2
39 41 
2
6866 22 8 0
6866 20 12 0
2
245 41 
2
6867 34 32 0
6867 20 12 0
2
244 42 
2
7128 34 34 0
7128 16 16 0
2
40 42 
2
7129 10 16 0
7129 16 16 0
2
245 42 
2
7130 34 32 0
7130 16 16 0
2
20 42 
2
7131 14 16 0
7131 16 16 0
2
247 42 
2
7132 34 28 0
7132 16 16 0
2
40 42 
2
7133 10 16 0
7133 16 16 0
2
244 42 
2
7134 34 34 0
7134 16 16 0
2
244 43 
2
6862 34 34 0
6862 18 14 0
2
41 43 
2
6868 20 12 0
6868 18 14 0
2
246 43 
2
6869 34 30 0
6869 18 14 0
2
21 43 
2
6870 20 14 0
6870 18 14 0
2
244 43 
2
6871 34 34 0
6871 18 14 0
2
41 43 
2
6872 20 12 0
6872 18 14 0
2
245 43 
2
6873 34 32 0
6873 18 14 0
2
42 182 
2
7135 16 16 0
7135 32 10 0
2
43 99 
2
6874 18 14 0
6874 18 24 0
2
42 183 
2
7136 16 16 0
7136 2 8 0
2
42 184 
2
7137 16 16 0
7137 30 8 0
2
40 42 
2
7138 10 16 0
7138 16 16 0
2
41 43 
2
6875 20 12 0
6875 18 14 0
2
42 182 
2
7139 16 16 0
7139 32 10 0
2
43 98 
2
6876 18 14 0
6876 22 16 0
2
42 183 
2
7140 16 16 0
7140 2 8 0
2
42 184 
2
7141 16 16 0
7141 30 8 0
2
20 40 
2
7139 14 16 0
7139 10 16 0
2
21 41 
2
6876 20 14 0
6876 20 12 0
2
38 40 
2
7140 4 16 0
7140 10 16 0
2
39 41 
2
6877 22 8 0
6877 20 12 0
2
245 42 
2
7142 34 32 0
7142 16 16 0
2
40 42 
2
7143 10 16 0
7143 16 16 0
2
244 42 
2
7144 34 34 0
7144 16 16 0
2
20 42 
2
7145 14 16 0
7145 16 16 0
2
245 42 
2
7146 34 32 0
7146 16 16 0
2
40 42 
2
7147 10 16 0
7147 16 16 0
2
244 42 
2
7148 34 34 0
7148 16 16 0
2
244 43 
2
6877 34 34 0
6877 18 14 0
2
41 43 
2
6878 20 12 0
6878 18 14 0
2
246 43 
2
6879 34 30 0
6879 18 14 0
2
21 43 
2
6880 20 14 0
6880 18 14 0
2
245 43 
2
6881 34 32 0
6881 18 14 0
2
41 43 
2
6882 20 12 0
6882 18 14 0
2
244 43 
2
6883 34 34 0
6883 18 14 0
2
42 183 
2
7149 16 16 0
7149 2 8 0
2
43 98 
2
6884 18 14 0
6884 22 16 0
2
42 184 
2
7150 16 16 0
7150 30 8 0
2
43 99 
2
6885 18 14 0
6885 18 24 0
2
42 185 
2
7151 16 16 0
7151 24 30 0
2
40 42 
2
7152 10 16 0
7152 16 16 0
2
41 43 
2
6886 20 12 0
6886 18 14 0
2
42 183 
2
7153 16 16 0
7153 2 8 0
2
43 101 
2
6887 18 14 0
6887 18 18 0
2
42 184 
2
7154 16 16 0
7154 30 8 0
2
42 185 
2
7155 16 16 0
7155 24 30 0
2
20 40 
2
7153 14 16 0
7153 10 16 0
2
21 41 
2
6887 20 14 0
6887 20 12 0
2
18 38 
2
7141 4 18 0
7141 4 16 0
2
19 39 
2
6878 20 8 0
6878 22 8 0
2
36 38 
2
7142 4 22 0
7142 4 16 0
2
37 39 
2
6879 24 4 0
6879 22 8 0
2
244 40 
2
7154 34 34 0
7154 10 16 0
2
38 40 
2
7155 4 16 0
7155 10 16 0
2
245 40 
2
7156 34 32 0
7156 10 16 0
2
18 40 
2
7157 4 18 0
7157 10 16 0
2
246 40 
2
7158 34 30 0
7158 10 16 0
2
38 40 
2
7159 4 16 0
7159 10 16 0
2
244 40 
2
7160 34 34 0
7160 10 16 0
2
247 41 
2
6888 34 28 0
6888 20 12 0
2
39 41 
2
6889 22 8 0
6889 20 12 0
2
249 41 
2
6890 34 24 0
6890 20 12 0
2
19 41 
2
6891 20 8 0
6891 20 12 0
2
248 41 
2
6892 34 26 0
6892 20 12 0
2
39 41 
2
6893 22 8 0
6893 20 12 0
2
246 41 
2
6894 34 30 0
6894 20 12 0
2
247 42 
2
7156 34 28 0
7156 16 16 0
2
40 42 
2
7161 10 16 0
7161 16 16 0
2
246 42 
2
7162 34 30 0
7162 16 16 0
2
20 42 
2
7163 14 16 0
7163 16 16 0
2
244 42 
2
7164 34 34 0
7164 16 16 0
2
40 42 
2
7165 10 16 0
7165 16 16 0
2
246 42 
2
7166 34 30 0
7166 16 16 0
2
248 43 
2
6888 34 26 0
6888 18 14 0
2
41 43 
2
6895 20 12 0
6895 18 14 0
2
247 43 
2
6896 34 28 0
6896 18 14 0
2
21 43 
2
6897 20 14 0
6897 18 14 0
2
246 43 
2
6898 34 30 0
6898 18 14 0
2
41 43 
2
6899 20 12 0
6899 18 14 0
2
247 43 
2
6900 34 28 0
6900 18 14 0
2
42 75 
2
7167 16 16 0
7167 10 30 0
2
43 100 
2
6901 18 14 0
6901 12 10 0
2
42 76 
2
7168 16 16 0
7168 6 24 0
2
42 77 
2
7169 16 16 0
7169 14 32 0
2
40 42 
2
7170 10 16 0
7170 16 16 0
2
41 43 
2
6902 20 12 0
6902 18 14 0
2
42 75 
2
7171 16 16 0
7171 10 30 0
2
43 100 
2
6903 18 14 0
6903 12 10 0
2
42 76 
2
7172 16 16 0
7172 6 24 0
2
43 101 
2
6904 18 14 0
6904 18 18 0
2
42 77 
2
7173 16 16 0
7173 14 32 0
2
20 40 
2
7171 14 16 0
7171 10 16 0
2
21 41 
2
6903 20 14 0
6903 20 12 0
2
38 40 
2
7172 4 16 0
7172 10 16 0
2
39 41 
2
6904 22 8 0
6904 20 12 0
2
244 42 
2
7174 34 34 0
7174 16 16 0
2
40 42 
2
7175 10 16 0
7175 16 16 0
2
247 42 
2
7176 34 28 0
7176 16 16 0
2
20 42 
2
7177 14 16 0
7177 16 16 0
2
246 42 
2
7178 34 30 0
7178 16 16 0
2
40 42 
2
7179 10 16 0
7179 16 16 0
2
244 42 
2
7180 34 34 0
7180 16 16 0
2
244 43 
2
6905 34 34 0
6905 18 14 0
2
41 43 
2
6906 20 12 0
6906 18 14 0
2
246 43 
2
6907 34 30 0
6907 18 14 0
2
21 43 
2
6908 20 14 0
6908 18 14 0
2
245 43 
2
6909 34 32 0
6909 18 14 0
2
41 43 
2
6910 20 12 0
6910 18 14 0
2
244 43 
2
6911 34 34 0
6911 18 14 0
2
42 76 
2
7181 16 16 0
7181 6 24 0
2
43 103 
2
6912 18 14 0
6912 14 6 0
2
42 77 
2
7182 16 16 0
7182 14 32 0
2
42 78 
2
7183 16 16 0
7183 10 28 0
2
40 42 
2
7184 10 16 0
7184 16 16 0
2
41 43 
2
6913 20 12 0
6913 18 14 0
2
42 76 
2
7185 16 16 0
7185 6 24 0
2
43 102 
2
6914 18 14 0
6914 14 8 0
2
42 77 
2
7186 16 16 0
7186 14 32 0
2
42 78 
2
7187 16 16 0
7187 10 28 0
2
20 40 
2
7185 14 16 0
7185 10 16 0
2
21 41 
2
6914 20 14 0
6914 20 12 0
2
18 38 
2
7173 4 18 0
7173 4 16 0
2
19 39 
2
6905 20 8 0
6905 22 8 0
2
16 36 
2
7143 4 24 0
7143 4 22 0
2
17 37 
2
6880 26 4 0
6880 24 4 0
2
34 36 
2
7144 2 24 0
7144 4 22 0
2
35 37 
2
6881 28 2 0
6881 24 4 0
2
245 38 
2
7174 34 32 0
7174 4 16 0
2
36 38 
2
7175 4 22 0
7175 4 16 0
2
248 38 
2
7176 34 26 0
7176 4 16 0
2
16 38 
2
7177 4 24 0
7177 4 16 0
2
249 38 
2
7178 34 24 0
7178 4 16 0
2
36 38 
2
7179 4 22 0
7179 4 16 0
2
245 38 
2
7180 34 32 0
7180 4 16 0
2
245 39 
2
6906 34 32 0
6906 22 8 0
2
37 39 
2
6907 24 4 0
6907 22 8 0
2
244 39 
2
6908 34 34 0
6908 22 8 0
2
17 39 
2
6909 26 4 0
6909 22 8 0
2
246 39 
2
6910 34 30 0
6910 22 8 0
2
37 39 
2
6911 24 4 0
6911 22 8 0
2
245 39 
2
6912 34 32 0
6912 22 8 0
2
244 40 
2
7186 34 34 0
7186 10 16 0
2
38 40 
2
7187 4 16 0
7187 10 16 0
2
245 40 
2
7188 34 32 0
7188 10 16 0
2
18 40 
2
7189 4 18 0
7189 10 16 0
2
246 40 
2
7190 34 30 0
7190 10 16 0
2
38 40 
2
7191 4 16 0
7191 10 16 0
2
244 40 
2
7192 34 34 0
7192 10 16 0
2
244 41 
2
6915 34 34 0
6915 20 12 0
2
39 41 
2
6916 22 8 0
6916 20 12 0
2
246 41 
2
6917 34 30 0
6917 20 12 0
2
19 41 
2
6918 20 8 0
6918 20 12 0
2
244 41 
2
6919 34 34 0
6919 20 12 0
2
39 41 
2
6920 22 8 0
6920 20 12 0
2
245 41 
2
6921 34 32 0
6921 20 12 0
2
248 42 
2
7188 34 26 0
7188 16 16 0
2
40 42 
2
7193 10 16 0
7193 16 16 0
2
245 42 
2
7194 34 32 0
7194 16 16 0
2
20 42 
2
7195 14 16 0
7195 16 16 0
2
246 42 
2
7196 34 30 0
7196 16 16 0
2
40 42 
2
7197 10 16 0
7197 16 16 0
2
244 42 
2
7198 34 34 0
7198 16 16 0
2
245 43 
2
6915 34 32 0
6915 18 14 0
2
41 43 
2
6922 20 12 0
6922 18 14 0
2
244 43 
2
6923 34 34 0
6923 18 14 0
2
21 43 
2
6924 20 14 0
6924 18 14 0
2
245 43 
2
6925 34 32 0
6925 18 14 0
2
41 43 
2
6926 20 12 0
6926 18 14 0
2
244 43 
2
6927 34 34 0
6927 18 14 0
2
42 75 
2
7199 16 16 0
7199 10 30 0
2
43 102 
2
6928 18 14 0
6928 14 8 0
2
42 76 
2
7200 16 16 0
7200 6 24 0
2
43 103 
2
6929 18 14 0
6929 14 6 0
2
42 77 
2
7201 16 16 0
7201 14 32 0
2
42 78 
2
7202 16 16 0
7202 10 28 0
2
42 79 
2
7203 16 16 0
7203 2 20 0
2
42 80 
2
7204 16 16 0
7204 24 28 0
2
42 81 
2
7205 16 16 0
7205 6 6 0
2
42 82 
2
7206 16 16 0
7206 28 22 0
2
42 83 
2
7207 16 16 0
7207 10 4 0
2
42 84 
2
7208 16 16 0
7208 28 24 0
2
42 85 
2
7209 16 16 0
7209 30 20 0
2
42 88 
2
7210 16 16 0
7210 12 4 0
2
42 110 
2
7211 16 16 0
7211 6 20 0
2
42 127 
2
7212 16 16 0
7212 12 18 0
2
42 132 
2
7213 16 16 0
7213 8 16 0
2
42 133 
2
7214 16 16 0
7214 10 12 0
2
42 134 
2
7215 16 16 0
7215 16 30 0
2
42 135 
2
7216 16 16 0
7216 10 26 0
2
42 136 
2
7217 16 16 0
7217 16 26 0
2
42 137 
2
7218 16 16 0
7218 16 28 0
2
42 138 
2
7219 16 16 0
7219 10 20 0
2
40 42 
2
7220 10 16 0
7220 16 16 0
2
41 43 
2
6930 20 12 0
6930 18 14 0
2
42 75 
2
7221 16 16 0
7221 10 30 0
2
43 105 
2
6931 18 14 0
6931 20 16 0
2
42 76 
2
7222 16 16 0
7222 6 24 0
2
42 77 
2
7223 16 16 0
7223 14 32 0
2
42 78 
2
7224 16 16 0
7224 10 28 0
2
42 79 
2
7225 16 16 0
7225 2 20 0
2
42 80 
2
7226 16 16 0
7226 24 28 0
2
42 81 
2
7227 16 16 0
7227 6 6 0
2
42 82 
2
7228 16 16 0
7228 28 22 0
2
42 83 
2
7229 16 16 0
7229 10 4 0
2
42 84 
2
7230 16 16 0
7230 28 24 0
2
42 85 
2
7231 16 16 0
7231 30 20 0
2
42 88 
2
7232 16 16 0
7232 12 4 0
2
42 110 
2
7233 16 16 0
7233 6 20 0
2
42 127 
2
7234 16 16 0
7234 12 18 0
2
42 132 
2
7235 16 16 0
7235 8 16 0
2
42 133 
2
7236 16 16 0
7236 10 12 0
2
42 134 
2
7237 16 16 0
7237 16 30 0
2
42 135 
2
7238 16 16 0
7238 10 26 0
2
42 136 
2
7239 16 16 0
7239 16 26 0
2
42 137 
2
7240 16 16 0
7240 16 28 0
2
42 138 
2
7241 16 16 0
7241 10 20 0
2
20 40 
2
7221 14 16 0
7221 10 16 0
2
21 41 
2
6931 20 14 0
6931 20 12 0
2
38 40 
2
7222 4 16 0
7222 10 16 0
2
39 41 
2
6932 22 8 0
6932 20 12 0
2
244 42 
2
7242 34 34 0
7242 16 16 0
2
40 42 
2
7243 10 16 0
7243 16 16 0
2
246 42 
2
7244 34 30 0
7244 16 16 0
2
20 42 
2
7245 14 16 0
7245 16 16 0
2
245 42 
2
7246 34 32 0
7246 16 16 0
2
40 42 
2
7247 10 16 0
7247 16 16 0
2
244 42 
2
7248 34 34 0
7248 16 16 0
2
246 43 
2
6932 34 30 0
6932 18 14 0
2
41 43 
2
6933 20 12 0
6933 18 14 0
2
247 43 
2
6934 34 28 0
6934 18 14 0
2
21 43 
2
6935 20 14 0
6935 18 14 0
2
245 43 
2
6936 34 32 0
6936 18 14 0
2
41 43 
2
6937 20 12 0
6937 18 14 0
2
244 43 
2
6938 34 34 0
6938 18 14 0
2
42 76 
2
7249 16 16 0
7249 6 24 0
2
43 104 
2
6939 18 14 0
6939 22 26 0
2
42 77 
2
7250 16 16 0
7250 14 32 0
2
42 78 
2
7251 16 16 0
7251 10 28 0
2
42 79 
2
7252 16 16 0
7252 2 20 0
2
42 80 
2
7253 16 16 0
7253 24 28 0
2
42 81 
2
7254 16 16 0
7254 6 6 0
2
42 82 
2
7255 16 16 0
7255 28 22 0
2
42 83 
2
7256 16 16 0
7256 10 4 0
2
42 84 
2
7257 16 16 0
7257 28 24 0
2
42 85 
2
7258 16 16 0
7258 30 20 0
2
42 88 
2
7259 16 16 0
7259 12 4 0
2
42 110 
2
7260 16 16 0
7260 6 20 0
2
42 127 
2
7261 16 16 0
7261 12 18 0
2
42 132 
2
7262 16 16 0
7262 8 16 0
2
42 133 
2
7263 16 16 0
7263 10 12 0
2
42 134 
2
7264 16 16 0
7264 16 30 0
2
42 135 
2
7265 16 16 0
7265 10 26 0
2
42 136 
2
7266 16 16 0
7266 16 26 0
2
42 137 
2
7267 16 16 0
7267 16 28 0
2
42 138 
2
7268 16 16 0
7268 10 20 0
2
42 139 
2
7269 16 16 0
7269 12 26 0
2
40 42 
2
7270 10 16 0
7270 16 16 0
2
41 43 
2
6940 20 12 0
6940 18 14 0
2
42 76 
2
7271 16 16 0
7271 6 24 0
2
43 104 
2
6941 18 14 0
6941 22 26 0
2
42 77 
2
7272 16 16 0
7272 14 32 0
2
43 105 
2
6942 18 14 0
6942 20 16 0
2
42 78 
2
7273 16 16 0
7273 10 28 0
2
42 79 
2
7274 16 16 0
7274 2 20 0
2
42 80 
2
7275 16 16 0
7275 24 28 0
2
42 81 
2
7276 16 16 0
7276 6 6 0
2
42 82 
2
7277 16 16 0
7277 28 22 0
2
42 83 
2
7278 16 16 0
7278 10 4 0
2
42 84 
2
7279 16 16 0
7279 28 24 0
2
42 85 
2
7280 16 16 0
7280 30 20 0
2
42 88 
2
7281 16 16 0
7281 12 4 0
2
42 110 
2
7282 16 16 0
7282 6 20 0
2
42 127 
2
7283 16 16 0
7283 12 18 0
2
42 132 
2
7284 16 16 0
7284 8 16 0
2
42 133 
2
7285 16 16 0
7285 10 12 0
2
42 134 
2
7286 16 16 0
7286 16 30 0
2
42 135 
2
7287 16 16 0
7287 10 26 0
2
42 136 
2
7288 16 16 0
7288 16 26 0
2
42 137 
2
7289 16 16 0
7289 16 28 0
2
42 138 
2
7290 16 16 0
7290 10 20 0
2
42 139 
2
7291 16 16 0
7291 12 26 0
2
20 40 
2
7271 14 16 0
7271 10 16 0
2
21 41 
2
6941 20 14 0
6941 20 12 0
2
18 38 
2
7223 4 18 0
7223 4 16 0
2
19 39 
2
6933 20 8 0
6933 22 8 0
2
36 38 
2
7224 4 22 0
7224 4 16 0
2
37 39 
2
6934 24 4 0
6934 22 8 0
2
245 40 
2
7272 34 32 0
7272 10 16 0
2
38 40 
2
7273 4 16 0
7273 10 16 0
2
244 40 
2
7274 34 34 0
7274 10 16 0
2
18 40 
2
7275 4 18 0
7275 10 16 0
2
245 40 
2
7276 34 32 0
7276 10 16 0
2
38 40 
2
7277 4 16 0
7277 10 16 0
2
244 40 
2
7278 34 34 0
7278 10 16 0
2
244 41 
2
6942 34 34 0
6942 20 12 0
2
39 41 
2
6943 22 8 0
6943 20 12 0
2
247 41 
2
6944 34 28 0
6944 20 12 0
2
19 41 
2
6945 20 8 0
6945 20 12 0
2
245 41 
2
6946 34 32 0
6946 20 12 0
2
39 41 
2
6947 22 8 0
6947 20 12 0
2
247 41 
2
6948 34 28 0
6948 20 12 0
2
245 42 
2
7292 34 32 0
7292 16 16 0
2
40 42 
2
7293 10 16 0
7293 16 16 0
2
247 42 
2
7294 34 28 0
7294 16 16 0
2
20 42 
2
7295 14 16 0
7295 16 16 0
2
244 42 
2
7296 34 34 0
7296 16 16 0
2
40 42 
2
7297 10 16 0
7297 16 16 0
2
245 42 
2
7298 34 32 0
7298 16 16 0
2
245 43 
2
6943 34 32 0
6943 18 14 0
2
41 43 
2
6949 20 12 0
6949 18 14 0
2
245 43 
2
6950 34 32 0
6950 18 14 0
2
21 43 
2
6951 20 14 0
6951 18 14 0
2
247 43 
2
6952 34 28 0
6952 18 14 0
2
41 43 
2
6953 20 12 0
6953 18 14 0
2
244 43 
2
6954 34 34 0
6954 18 14 0
2
42 138 
2
7299 16 16 0
7299 10 20 0
2
43 107 
2
6955 18 14 0
6955 30 16 0
2
42 139 
2
7300 16 16 0
7300 12 26 0
2
42 140 
2
7301 16 16 0
7301 14 18 0
2
40 42 
2
7302 10 16 0
7302 16 16 0
2
41 43 
2
6956 20 12 0
6956 18 14 0
2
42 138 
2
7303 16 16 0
7303 10 20 0
2
43 106 
2
6957 18 14 0
6957 24 20 0
2
42 139 
2
7304 16 16 0
7304 12 26 0
2
42 140 
2
7305 16 16 0
7305 14 18 0
2
20 40 
2
7303 14 16 0
7303 10 16 0
2
21 41 
2
6957 20 14 0
6957 20 12 0
2
38 40 
2
7304 4 16 0
7304 10 16 0
2
39 41 
2
6958 22 8 0
6958 20 12 0
2
244 42 
2
7306 34 34 0
7306 16 16 0
2
40 42 
2
7307 10 16 0
7307 16 16 0
2
245 42 
2
7308 34 32 0
7308 16 16 0
2
20 42 
2
7309 14 16 0
7309 16 16 0
2
244 42 
2
7310 34 34 0
7310 16 16 0
2
40 42 
2
7311 10 16 0
7311 16 16 0
2
245 42 
2
7312 34 32 0
7312 16 16 0
2
244 43 
2
6958 34 34 0
6958 18 14 0
2
41 43 
2
6959 20 12 0
6959 18 14 0
2
245 43 
2
6960 34 32 0
6960 18 14 0
2
21 43 
2
6961 20 14 0
6961 18 14 0
2
244 43 
2
6962 34 34 0
6962 18 14 0
2
41 43 
2
6963 20 12 0
6963 18 14 0
2
245 43 
2
6964 34 32 0
6964 18 14 0
2
42 139 
2
7313 16 16 0
7313 12 26 0
2
43 106 
2
6965 18 14 0
6965 24 20 0
2
42 140 
2
7314 16 16 0
7314 14 18 0
2
43 107 
2
6966 18 14 0
6966 30 16 0
2
42 141 
2
7315 16 16 0
7315 14 20 0
2
40 42 
2
7316 10 16 0
7316 16 16 0
2
41 43 
2
6967 20 12 0
6967 18 14 0
2
42 139 
2
7317 16 16 0
7317 12 26 0
2
43 109 
2
6968 18 14 0
6968 26 10 0
2
42 140 
2
7318 16 16 0
7318 14 18 0
2
42 141 
2
7319 16 16 0
7319 14 20 0
2
20 40 
2
7317 14 16 0
7317 10 16 0
2
21 41 
2
6968 20 14 0
6968 20 12 0
2
18 38 
2
7305 4 18 0
7305 4 16 0
2
19 39 
2
6959 20 8 0
6959 22 8 0
2
16 36 
2
7225 4 24 0
7225 4 22 0
2
17 37 
2
6935 26 4 0
6935 24 4 0
2
14 34 
2
7145 4 26 0
7145 2 24 0
2
15 35 
2
6882 26 2 0
6882 28 2 0
2
32 34 
2
7146 2 28 0
7146 2 24 0
2
33 35 
2
6883 32 2 0
6883 28 2 0
2
245 36 
2
7226 34 32 0
7226 4 22 0
2
34 36 
2
7227 2 24 0
7227 4 22 0
2
244 36 
2
7228 34 34 0
7228 4 22 0
2
14 36 
2
7229 4 26 0
7229 4 22 0
2
246 36 
2
7230 34 30 0
7230 4 22 0
2
34 36 
2
7231 2 24 0
7231 4 22 0
2
245 36 
2
7232 34 32 0
7232 4 22 0
2
246 37 
2
6936 34 30 0
6936 24 4 0
2
35 37 
2
6937 28 2 0
6937 24 4 0
2
247 37 
2
6938 34 28 0
6938 24 4 0
2
15 37 
2
6939 26 2 0
6939 24 4 0
2
245 37 
2
6940 34 32 0
6940 24 4 0
2
35 37 
2
6941 28 2 0
6941 24 4 0
2
246 37 
2
6942 34 30 0
6942 24 4 0
2
246 38 
2
7306 34 30 0
7306 4 16 0
2
36 38 
2
7307 4 22 0
7307 4 16 0
2
247 38 
2
7308 34 28 0
7308 4 16 0
2
16 38 
2
7309 4 24 0
7309 4 16 0
2
246 38 
2
7310 34 30 0
7310 4 16 0
2
36 38 
2
7311 4 22 0
7311 4 16 0
2
247 38 
2
7312 34 28 0
7312 4 16 0
2
246 39 
2
6960 34 30 0
6960 22 8 0
2
37 39 
2
6961 24 4 0
6961 22 8 0
2
247 39 
2
6962 34 28 0
6962 22 8 0
2
17 39 
2
6963 26 4 0
6963 22 8 0
2
246 39 
2
6964 34 30 0
6964 22 8 0
2
37 39 
2
6965 24 4 0
6965 22 8 0
2
244 39 
2
6966 34 34 0
6966 22 8 0
2
245 40 
2
7318 34 32 0
7318 10 16 0
2
38 40 
2
7319 4 16 0
7319 10 16 0
2
244 40 
2
7320 34 34 0
7320 10 16 0
2
18 40 
2
7321 4 18 0
7321 10 16 0
2
246 40 
2
7322 34 30 0
7322 10 16 0
2
38 40 
2
7323 4 16 0
7323 10 16 0
2
245 40 
2
7324 34 32 0
7324 10 16 0
2
244 41 
2
6969 34 34 0
6969 20 12 0
2
39 41 
2
6970 22 8 0
6970 20 12 0
2
246 41 
2
6971 34 30 0
6971 20 12 0
2
19 41 
2
6972 20 8 0
6972 20 12 0
2
244 41 
2
6973 34 34 0
6973 20 12 0
2
39 41 
2
6974 22 8 0
6974 20 12 0
2
245 41 
2
6975 34 32 0
6975 20 12 0
2
247 42 
2
7320 34 28 0
7320 16 16 0
2
40 42 
2
7325 10 16 0
7325 16 16 0
2
244 42 
2
7326 34 34 0
7326 16 16 0
2
20 42 
2
7327 14 16 0
7327 16 16 0
2
245 42 
2
7328 34 32 0
7328 16 16 0
2
40 42 
2
7329 10 16 0
7329 16 16 0
2
244 42 
2
7330 34 34 0
7330 16 16 0
2
245 43 
2
6969 34 32 0
6969 18 14 0
2
41 43 
2
6976 20 12 0
6976 18 14 0
2
246 43 
2
6977 34 30 0
6977 18 14 0
2
21 43 
2
6978 20 14 0
6978 18 14 0
2
244 43 
2
6979 34 34 0
6979 18 14 0
2
41 43 
2
6980 20 12 0
6980 18 14 0
2
245 43 
2
6981 34 32 0
6981 18 14 0
2
42 138 
2
7331 16 16 0
7331 10 20 0
2
43 108 
2
6982 18 14 0
6982 28 10 0
2
42 139 
2
7332 16 16 0
7332 12 26 0
2
42 140 
2
7333 16 16 0
7333 14 18 0
2
42 141 
2
7334 16 16 0
7334 14 20 0
2
42 142 
2
7335 16 16 0
7335 8 12 0
2
42 143 
2
7336 16 16 0
7336 22 24 0
2
42 144 
2
7337 16 16 0
7337 24 18 0
2
42 145 
2
7338 16 16 0
7338 22 10 0
2
42 146 
2
7339 16 16 0
7339 30 12 0
2
42 147 
2
7340 16 16 0
7340 4 8 0
2
42 148 
2
7341 16 16 0
7341 12 30 0
2
42 165 
2
7342 16 16 0
7342 4 20 0
2
42 187 
2
7343 16 16 0
7343 12 28 0
2
42 190 
2
7344 16 16 0
7344 26 16 0
2
42 192 
2
7345 16 16 0
7345 18 26 0
2
42 193 
2
7346 16 16 0
7346 6 16 0
2
42 194 
2
7347 16 16 0
7347 14 22 0
2
42 195 
2
7348 16 16 0
7348 10 22 0
2
42 196 
2
7349 16 16 0
7349 8 18 0
2
42 197 
2
7350 16 16 0
7350 16 22 0
2
42 198 
2
7351 16 16 0
7351 16 18 0
2
40 42 
2
7352 10 16 0
7352 16 16 0
2
41 43 
2
6983 20 12 0
6983 18 14 0
2
42 138 
2
7353 16 16 0
7353 10 20 0
2
43 108 
2
6984 18 14 0
6984 28 10 0
2
42 139 
2
7354 16 16 0
7354 12 26 0
2
43 109 
2
6985 18 14 0
6985 26 10 0
2
42 140 
2
7355 16 16 0
7355 14 18 0
2
42 141 
2
7356 16 16 0
7356 14 20 0
2
42 142 
2
7357 16 16 0
7357 8 12 0
2
42 143 
2
7358 16 16 0
7358 22 24 0
2
42 144 
2
7359 16 16 0
7359 24 18 0
2
42 145 
2
7360 16 16 0
7360 22 10 0
2
42 146 
2
7361 16 16 0
7361 30 12 0
2
42 147 
2
7362 16 16 0
7362 4 8 0
2
42 148 
2
7363 16 16 0
7363 12 30 0
2
42 165 
2
7364 16 16 0
7364 4 20 0
2
42 187 
2
7365 16 16 0
7365 12 28 0
2
42 190 
2
7366 16 16 0
7366 26 16 0
2
42 192 
2
7367 16 16 0
7367 18 26 0
2
42 193 
2
7368 16 16 0
7368 6 16 0
2
42 194 
2
7369 16 16 0
7369 14 22 0
2
42 195 
2
7370 16 16 0
7370 10 22 0
2
42 196 
2
7371 16 16 0
7371 8 18 0
2
42 197 
2
7372 16 16 0
7372 16 22 0
2
42 198 
2
7373 16 16 0
7373 16 18 0
2
20 40 
2
7353 14 16 0
7353 10 16 0
2
21 41 
2
6984 20 14 0
6984 20 12 0
2
38 40 
2
7354 4 16 0
7354 10 16 0
2
39 41 
2
6985 22 8 0
6985 20 12 0
2
244 42 
2
7374 34 34 0
7374 16 16 0
2
40 42 
2
7375 10 16 0
7375 16 16 0
2
245 42 
2
7376 34 32 0
7376 16 16 0
2
20 42 
2
7377 14 16 0
7377 16 16 0
2
244 42 
2
7378 34 34 0
7378 16 16 0
2
40 42 
2
7379 10 16 0
7379 16 16 0
2
245 42 
2
7380 34 32 0
7380 16 16 0
2
244 43 
2
6986 34 34 0
6986 18 14 0
2
41 43 
2
6987 20 12 0
6987 18 14 0
2
245 43 
2
6988 34 32 0
6988 18 14 0
2
21 43 
2
6989 20 14 0
6989 18 14 0
2
244 43 
2
6990 34 34 0
6990 18 14 0
2
41 43 
2
6991 20 12 0
6991 18 14 0
2
246 43 
2
6992 34 30 0
6992 18 14 0
2
42 139 
2
7381 16 16 0
7381 12 26 0
2
43 112 
2
6993 18 14 0
6993 30 14 0
2
42 140 
2
7382 16 16 0
7382 14 18 0
2
42 141 
2
7383 16 16 0
7383 14 20 0
2
42 142 
2
7384 16 16 0
7384 8 12 0
2
42 143 
2
7385 16 16 0
7385 22 24 0
2
42 144 
2
7386 16 16 0
7386 24 18 0
2
42 145 
2
7387 16 16 0
7387 22 10 0
2
42 146 
2
7388 16 16 0
7388 30 12 0
2
42 147 
2
7389 16 16 0
7389 4 8 0
2
42 148 
2
7390 16 16 0
7390 12 30 0
2
42 165 
2
7391 16 16 0
7391 4 20 0
2
42 187 
2
7392 16 16 0
7392 12 28 0
2
42 190 
2
7393 16 16 0
7393 26 16 0
2
42 192 
2
7394 16 16 0
7394 18 26 0
2
42 193 
2
7395 16 16 0
7395 6 16 0
2
42 194 
2
7396 16 16 0
7396 14 22 0
2
42 195 
2
7397 16 16 0
7397 10 22 0
2
42 196 
2
7398 16 16 0
7398 8 18 0
2
42 197 
2
7399 16 16 0
7399 16 22 0
2
42 198 
2
7400 16 16 0
7400 16 18 0
2
42 199 
2
7401 16 16 0
7401 14 28 0
2
40 42 
2
7402 10 16 0
7402 16 16 0
2
41 43 
2
6994 20 12 0
6994 18 14 0
2
42 139 
2
7403 16 16 0
7403 12 26 0
2
43 111 
2
6995 18 14 0
6995 18 6 0
2
42 140 
2
7404 16 16 0
7404 14 18 0
2
42 141 
2
7405 16 16 0
7405 14 20 0
2
42 142 
2
7406 16 16 0
7406 8 12 0
2
42 143 
2
7407 16 16 0
7407 22 24 0
2
42 144 
2
7408 16 16 0
7408 24 18 0
2
42 145 
2
7409 16 16 0
7409 22 10 0
2
42 146 
2
7410 16 16 0
7410 30 12 0
2
42 147 
2
7411 16 16 0
7411 4 8 0
2
42 148 
2
7412 16 16 0
7412 12 30 0
2
42 165 
2
7413 16 16 0
7413 4 20 0
2
42 187 
2
7414 16 16 0
7414 12 28 0
2
42 190 
2
7415 16 16 0
7415 26 16 0
2
42 192 
2
7416 16 16 0
7416 18 26 0
2
42 193 
2
7417 16 16 0
7417 6 16 0
2
42 194 
2
7418 16 16 0
7418 14 22 0
2
42 195 
2
7419 16 16 0
7419 10 22 0
2
42 196 
2
7420 16 16 0
7420 8 18 0
2
42 197 
2
7421 16 16 0
7421 16 22 0
2
42 198 
2
7422 16 16 0
7422 16 18 0
2
42 199 
2
7423 16 16 0
7423 14 28 0
2
20 40 
2
7403 14 16 0
7403 10 16 0
2
21 41 
2
6995 20 14 0
6995 20 12 0
2
18 38 
2
7355 4 18 0
7355 4 16 0
2
19 39 
2
6986 20 8 0
6986 22 8 0
2
36 38 
2
7356 4 22 0
7356 4 16 0
2
37 39 
2
6987 24 4 0
6987 22 8 0
2
244 40 
2
7404 34 34 0
7404 10 16 0
2
38 40 
2
7405 4 16 0
7405 10 16 0
2
245 40 
2
7406 34 32 0
7406 10 16 0
2
18 40 
2
7407 4 18 0
7407 10 16 0
2
244 40 
2
7408 34 34 0
7408 10 16 0
2
38 40 
2
7409 4 16 0
7409 10 16 0
2
245 40 
2
7410 34 32 0
7410 10 16 0
2
246 41 
2
6996 34 30 0
6996 20 12 0
2
39 41 
2
6997 22 8 0
6997 20 12 0
2
249 41 
2
6998 34 24 0
6998 20 12 0
2
19 41 
2
6999 20 8 0
6999 20 12 0
2
246 41 
2
7000 34 30 0
7000 20 12 0
2
39 41 
2
7001 22 8 0
7001 20 12 0
2
247 41 
2
7002 34 28 0
7002 20 12 0
2
244 42 
2
7424 34 34 0
7424 16 16 0
2
40 42 
2
7425 10 16 0
7425 16 16 0
2
245 42 
2
7426 34 32 0
7426 16 16 0
2
20 42 
2
7427 14 16 0
7427 16 16 0
2
244 42 
2
7428 34 34 0
7428 16 16 0
2
40 42 
2
7429 10 16 0
7429 16 16 0
2
245 42 
2
7430 34 32 0
7430 16 16 0
2
247 43 
2
6996 34 28 0
6996 18 14 0
2
41 43 
2
7003 20 12 0
7003 18 14 0
2
244 43 
2
7004 34 34 0
7004 18 14 0
2
21 43 
2
7005 20 14 0
7005 18 14 0
2
245 43 
2
7006 34 32 0
7006 18 14 0
2
41 43 
2
7007 20 12 0
7007 18 14 0
2
244 43 
2
7008 34 34 0
7008 18 14 0
2
42 198 
2
7431 16 16 0
7431 16 18 0
2
43 111 
2
7009 18 14 0
7009 18 6 0
2
42 199 
2
7432 16 16 0
7432 14 28 0
2
43 112 
2
7010 18 14 0
7010 30 14 0
2
42 200 
2
7433 16 16 0
7433 10 18 0
2
40 42 
2
7434 10 16 0
7434 16 16 0
2
41 43 
2
7011 20 12 0
7011 18 14 0
2
42 198 
2
7435 16 16 0
7435 16 18 0
2
43 114 
2
7012 18 14 0
7012 30 10 0
2
42 199 
2
7436 16 16 0
7436 14 28 0
2
42 200 
2
7437 16 16 0
7437 10 18 0
2
20 40 
2
7435 14 16 0
7435 10 16 0
2
21 41 
2
7012 20 14 0
7012 20 12 0
2
38 40 
2
7436 4 16 0
7436 10 16 0
2
39 41 
2
7013 22 8 0
7013 20 12 0
2
244 42 
2
7438 34 34 0
7438 16 16 0
2
40 42 
2
7439 10 16 0
7439 16 16 0
2
246 42 
2
7440 34 30 0
7440 16 16 0
2
20 42 
2
7441 14 16 0
7441 16 16 0
2
244 42 
2
7442 34 34 0
7442 16 16 0
2
40 42 
2
7443 10 16 0
7443 16 16 0
2
246 42 
2
7444 34 30 0
7444 16 16 0
2
245 43 
2
7013 34 32 0
7013 18 14 0
2
41 43 
2
7014 20 12 0
7014 18 14 0
2
244 43 
2
7015 34 34 0
7015 18 14 0
2
21 43 
2
7016 20 14 0
7016 18 14 0
2
247 43 
2
7017 34 28 0
7017 18 14 0
2
41 43 
2
7018 20 12 0
7018 18 14 0
2
245 43 
2
7019 34 32 0
7019 18 14 0
2
42 199 
2
7445 16 16 0
7445 14 28 0
2
43 113 
2
7020 18 14 0
7020 22 4 0
2
42 200 
2
7446 16 16 0
7446 10 18 0
2
42 201 
2
7447 16 16 0
7447 18 20 0
2
40 42 
2
7448 10 16 0
7448 16 16 0
2
41 43 
2
7021 20 12 0
7021 18 14 0
2
42 199 
2
7449 16 16 0
7449 14 28 0
2
43 113 
2
7022 18 14 0
7022 22 4 0
2
42 200 
2
7450 16 16 0
7450 10 18 0
2
43 114 
2
7023 18 14 0
7023 30 10 0
2
42 201 
2
7451 16 16 0
7451 18 20 0
2
20 40 
2
7449 14 16 0
7449 10 16 0
2
21 41 
2
7022 20 14 0
7022 20 12 0
2
18 38 
2
7437 4 18 0
7437 4 16 0
2
19 39 
2
7014 20 8 0
7014 22 8 0
2
16 36 
2
7357 4 24 0
7357 4 22 0
2
17 37 
2
6988 26 4 0
6988 24 4 0
2
34 36 
2
7358 2 24 0
7358 4 22 0
2
35 37 
2
6989 28 2 0
6989 24 4 0
2
245 38 
2
7438 34 32 0
7438 4 16 0
2
36 38 
2
7439 4 22 0
7439 4 16 0
2
247 38 
2
7440 34 28 0
7440 4 16 0
2
16 38 
2
7441 4 24 0
7441 4 16 0
2
245 38 
2
7442 34 32 0
7442 4 16 0
2
36 38 
2
7443 4 22 0
7443 4 16 0
2
247 38 
2
7444 34 28 0
7444 4 16 0
2
246 39 
2
7015 34 30 0
7015 22 8 0
2
37 39 
2
7016 24 4 0
7016 22 8 0
2
248 39 
2
7017 34 26 0
7017 22 8 0
2
17 39 
2
7018 26 4 0
7018 22 8 0
2
246 39 
2
7019 34 30 0
7019 22 8 0
2
37 39 
2
7020 24 4 0
7020 22 8 0
2
244 39 
2
7021 34 34 0
7021 22 8 0
2
244 40 
2
7450 34 34 0
7450 10 16 0
2
38 40 
2
7451 4 16 0
7451 10 16 0
2
245 40 
2
7452 34 32 0
7452 10 16 0
2
18 40 
2
7453 4 18 0
7453 10 16 0
2
244 40 
2
7454 34 34 0
7454 10 16 0
2
38 40 
2
7455 4 16 0
7455 10 16 0
2
245 40 
2
7456 34 32 0
7456 10 16 0
2
246 41 
2
7023 34 30 0
7023 20 12 0
2
39 41 
2
7024 22 8 0
7024 20 12 0
2
245 41 
2
7025 34 32 0
7025 20 12 0
2
19 41 
2
7026 20 8 0
7026 20 12 0
2
244 41 
2
7027 34 34 0
7027 20 12 0
2
39 41 
2
7028 22 8 0
7028 20 12 0
2
246 41 
2
7029 34 30 0
7029 20 12 0
2
246 42 
2
7452 34 30 0
7452 16 16 0
2
40 42 
2
7457 10 16 0
7457 16 16 0
2
244 42 
2
7458 34 34 0
7458 16 16 0
2
20 42 
2
7459 14 16 0
7459 16 16 0
2
245 42 
2
7460 34 32 0
7460 16 16 0
2
40 42 
2
7461 10 16 0
7461 16 16 0
2
244 42 
2
7462 34 34 0
7462 16 16 0
2
248 43 
2
7024 34 26 0
7024 18 14 0
2
41 43 
2
7030 20 12 0
7030 18 14 0
2
245 43 
2
7031 34 32 0
7031 18 14 0
2
21 43 
2
7032 20 14 0
7032 18 14 0
2
244 43 
2
7033 34 34 0
7033 18 14 0
2
41 43 
2
7034 20 12 0
7034 18 14 0
2
246 43 
2
7035 34 30 0
7035 18 14 0
2
42 198 
2
7463 16 16 0
7463 16 18 0
2
43 116 
2
7036 18 14 0
7036 8 8 0
2
42 199 
2
7464 16 16 0
7464 14 28 0
2
42 200 
2
7465 16 16 0
7465 10 18 0
2
42 201 
2
7466 16 16 0
7466 18 20 0
2
42 202 
2
7467 16 16 0
7467 14 14 0
2
42 203 
2
7468 16 16 0
7468 2 14 0
2
42 204 
2
7469 16 16 0
7469 20 20 0
2
42 205 
2
7470 16 16 0
7470 18 10 0
2
42 206 
2
7471 16 16 0
7471 26 24 0
2
42 207 
2
7472 16 16 0
7472 4 10 0
2
42 208 
2
7473 16 16 0
7473 32 16 0
2
42 209 
2
7474 16 16 0
7474 2 18 0
2
42 210 
2
7475 16 16 0
7475 8 24 0
2
42 211 
2
7476 16 16 0
7476 6 18 0
2
42 212 
2
7477 16 16 0
7477 16 24 0
2
42 213 
2
7478 16 16 0
7478 16 32 0
2
42 214 
2
7479 16 16 0
7479 12 20 0
2
42 215 
2
7480 16 16 0
7480 18 16 0
2
42 216 
2
7481 16 16 0
7481 8 20 0
2
42 217 
2
7482 16 16 0
7482 14 26 0
2
42 218 
2
7483 16 16 0
7483 10 24 0
2
40 42 
2
7484 10 16 0
7484 16 16 0
2
41 43 
2
7037 20 12 0
7037 18 14 0
2
42 198 
2
7485 16 16 0
7485 16 18 0
2
43 115 
2
7038 18 14 0
7038 2 10 0
2
42 199 
2
7486 16 16 0
7486 14 28 0
2
42 200 
2
7487 16 16 0
7487 10 18 0
2
42 201 
2
7488 16 16 0
7488 18 20 0
2
42 202 
2
7489 16 16 0
7489 14 14 0
2
42 203 
2
7490 16 16 0
7490 2 14 0
2
42 204 
2
7491 16 16 0
7491 20 20 0
2
42 205 
2
7492 16 16 0
7492 18 10 0
2
42 206 
2
7493 16 16 0
7493 26 24 0
2
42 207 
2
7494 16 16 0
7494 4 10 0
2
42 208 
2
7495 16 16 0
7495 32 16 0
2
42 209 
2
7496 16 16 0
7496 2 18 0
2
42 210 
2
7497 16 16 0
7497 8 24 0
2
42 211 
2
7498 16 16 0
7498 6 18 0
2
42 212 
2
7499 16 16 0
7499 16 24 0
2
42 213 
2
7500 16 16 0
7500 16 32 0
2
42 214 
2
7501 16 16 0
7501 12 20 0
2
42 215 
2
7502 16 16 0
7502 18 16 0
2
42 216 
2
7503 16 16 0
7503 8 20 0
2
42 217 
2
7504 16 16 0
7504 14 26 0
2
42 218 
2
7505 16 16 0
7505 10 24 0
2
20 40 
2
7485 14 16 0
7485 10 16 0
2
21 41 
2
7038 20 14 0
7038 20 12 0
2
38 40 
2
7486 4 16 0
7486 10 16 0
2
39 41 
2
7039 22 8 0
7039 20 12 0
2
244 42 
2
7506 34 34 0
7506 16 16 0
2
40 42 
2
7507 10 16 0
7507 16 16 0
2
245 42 
2
7508 34 32 0
7508 16 16 0
2
20 42 
2
7509 14 16 0
7509 16 16 0
2
244 42 
2
7510 34 34 0
7510 16 16 0
2
40 42 
2
7511 10 16 0
7511 16 16 0
2
245 42 
2
7512 34 32 0
7512 16 16 0
2
244 43 
2
7039 34 34 0
7039 18 14 0
2
41 43 
2
7040 20 12 0
7040 18 14 0
2
245 43 
2
7041 34 32 0
7041 18 14 0
2
21 43 
2
7042 20 14 0
7042 18 14 0
2
244 43 
2
7043 34 34 0
7043 18 14 0
2
41 43 
2
7044 20 12 0
7044 18 14 0
2
245 43 
2
7045 34 32 0
7045 18 14 0
2
42 199 
2
7513 16 16 0
7513 14 28 0
2
43 115 
2
7046 18 14 0
7046 2 10 0
2
42 200 
2
7514 16 16 0
7514 10 18 0
2
43 116 
2
7047 18 14 0
7047 8 8 0
2
42 201 
2
7515 16 16 0
7515 18 20 0
2
42 202 
2
7516 16 16 0
7516 14 14 0
2
42 203 
2
7517 16 16 0
7517 2 14 0
2
42 204 
2
7518 16 16 0
7518 20 20 0
2
42 205 
2
7519 16 16 0
7519 18 10 0
2
42 206 
2
7520 16 16 0
7520 26 24 0
2
42 207 
2
7521 16 16 0
7521 4 10 0
2
42 208 
2
7522 16 16 0
7522 32 16 0
2
42 209 
2
7523 16 16 0
7523 2 18 0
2
42 210 
2
7524 16 16 0
7524 8 24 0
2
42 211 
2
7525 16 16 0
7525 6 18 0
2
42 212 
2
7526 16 16 0
7526 16 24 0
2
42 213 
2
7527 16 16 0
7527 16 32 0
2
42 214 
2
7528 16 16 0
7528 12 20 0
2
42 215 
2
7529 16 16 0
7529 18 16 0
2
42 216 
2
7530 16 16 0
7530 8 20 0
2
42 217 
2
7531 16 16 0
7531 14 26 0
2
42 218 
2
7532 16 16 0
7532 10 24 0
2
42 219 
2
7533 16 16 0
7533 24 24 0
2
40 42 
2
7534 10 16 0
7534 16 16 0
2
41 43 
2
7048 20 12 0
7048 18 14 0
2
42 199 
2
7535 16 16 0
7535 14 28 0
2
43 118 
2
7049 18 14 0
7049 12 12 0
2
42 200 
2
7536 16 16 0
7536 10 18 0
2
42 201 
2
7537 16 16 0
7537 18 20 0
2
42 202 
2
7538 16 16 0
7538 14 14 0
2
42 203 
2
7539 16 16 0
7539 2 14 0
2
42 204 
2
7540 16 16 0
7540 20 20 0
2
42 205 
2
7541 16 16 0
7541 18 10 0
2
42 206 
2
7542 16 16 0
7542 26 24 0
2
42 207 
2
7543 16 16 0
7543 4 10 0
2
42 208 
2
7544 16 16 0
7544 32 16 0
2
42 209 
2
7545 16 16 0
7545 2 18 0
2
42 210 
2
7546 16 16 0
7546 8 24 0
2
42 211 
2
7547 16 16 0
7547 6 18 0
2
42 212 
2
7548 16 16 0
7548 16 24 0
2
42 213 
2
7549 16 16 0
7549 16 32 0
2
42 214 
2
7550 16 16 0
7550 12 20 0
2
42 215 
2
7551 16 16 0
7551 18 16 0
2
42 216 
2
7552 16 16 0
7552 8 20 0
2
42 217 
2
7553 16 16 0
7553 14 26 0
2
42 218 
2
7554 16 16 0
7554 10 24 0
2
42 219 
2
7555 16 16 0
7555 24 24 0
2
20 40 
2
7535 14 16 0
7535 10 16 0
2
21 41 
2
7049 20 14 0
7049 20 12 0
2
18 38 
2
7487 4 18 0
7487 4 16 0
2
19 39 
2
7040 20 8 0
7040 22 8 0
2
36 38 
2
7488 4 22 0
7488 4 16 0
2
37 39 
2
7041 24 4 0
7041 22 8 0
2
244 40 
2
7536 34 34 0
7536 10 16 0
2
38 40 
2
7537 4 16 0
7537 10 16 0
2
245 40 
2
7538 34 32 0
7538 10 16 0
2
18 40 
2
7539 4 18 0
7539 10 16 0
2
244 40 
2
7540 34 34 0
7540 10 16 0
2
38 40 
2
7541 4 16 0
7541 10 16 0
2
245 40 
2
7542 34 32 0
7542 10 16 0
2
244 41 
2
7050 34 34 0
7050 20 12 0
2
39 41 
2
7051 22 8 0
7051 20 12 0
2
245 41 
2
7052 34 32 0
7052 20 12 0
2
19 41 
2
7053 20 8 0
7053 20 12 0
2
244 41 
2
7054 34 34 0
7054 20 12 0
2
39 41 
2
7055 22 8 0
7055 20 12 0
2
245 41 
2
7056 34 32 0
7056 20 12 0
2
244 42 
2
7556 34 34 0
7556 16 16 0
2
40 42 
2
7557 10 16 0
7557 16 16 0
2
245 42 
2
7558 34 32 0
7558 16 16 0
2
20 42 
2
7559 14 16 0
7559 16 16 0
2
244 42 
2
7560 34 34 0
7560 16 16 0
2
40 42 
2
7561 10 16 0
7561 16 16 0
2
245 42 
2
7562 34 32 0
7562 16 16 0
2
246 43 
2
7050 34 30 0
7050 18 14 0
2
41 43 
2
7057 20 12 0
7057 18 14 0
2
244 43 
2
7058 34 34 0
7058 18 14 0
2
21 43 
2
7059 20 14 0
7059 18 14 0
2
246 43 
2
7060 34 30 0
7060 18 14 0
2
41 43 
2
7061 20 12 0
7061 18 14 0
2
247 43 
2
7062 34 28 0
7062 18 14 0
2
42 218 
2
7563 16 16 0
7563 10 24 0
2
43 117 
2
7063 18 14 0
7063 12 8 0
2
42 219 
2
7564 16 16 0
7564 24 24 0
2
42 220 
2
7565 16 16 0
7565 12 24 0
2
40 42 
2
7566 10 16 0
7566 16 16 0
2
41 43 
2
7064 20 12 0
7064 18 14 0
2
42 218 
2
7567 16 16 0
7567 10 24 0
2
43 117 
2
7065 18 14 0
7065 12 8 0
2
42 219 
2
7568 16 16 0
7568 24 24 0
2
43 118 
2
7066 18 14 0
7066 12 12 0
2
42 220 
2
7569 16 16 0
7569 12 24 0
2
20 40 
2
7567 14 16 0
7567 10 16 0
2
21 41 
2
7065 20 14 0
7065 20 12 0
2
38 40 
2
7568 4 16 0
7568 10 16 0
2
39 41 
2
7066 22 8 0
7066 20 12 0
2
244 42 
2
7570 34 34 0
7570 16 16 0
2
40 42 
2
7571 10 16 0
7571 16 16 0
2
246 42 
2
7572 34 30 0
7572 16 16 0
2
20 42 
2
7573 14 16 0
7573 16 16 0
2
244 42 
2
7574 34 34 0
7574 16 16 0
2
40 42 
2
7575 10 16 0
7575 16 16 0
2
246 42 
2
7576 34 30 0
7576 16 16 0
2
245 43 
2
7067 34 32 0
7067 18 14 0
2
41 43 
2
7068 20 12 0
7068 18 14 0
2
244 43 
2
7069 34 34 0
7069 18 14 0
2
21 43 
2
7070 20 14 0
7070 18 14 0
2
246 43 
2
7071 34 30 0
7071 18 14 0
2
41 43 
2
7072 20 12 0
7072 18 14 0
2
245 43 
2
7073 34 32 0
7073 18 14 0
2
42 219 
2
7577 16 16 0
7577 24 24 0
2
43 120 
2
7074 18 14 0
7074 28 20 0
2
42 220 
2
7578 16 16 0
7578 12 24 0
2
42 221 
2
7579 16 16 0
7579 6 22 0
2
40 42 
2
7580 10 16 0
7580 16 16 0
2
41 43 
2
7075 20 12 0
7075 18 14 0
2
42 219 
2
7581 16 16 0
7581 24 24 0
2
43 119 
2
7076 18 14 0
7076 22 18 0
2
42 220 
2
7582 16 16 0
7582 12 24 0
2
42 221 
2
7583 16 16 0
7583 6 22 0
2
20 40 
2
7581 14 16 0
7581 10 16 0
2
21 41 
2
7076 20 14 0
7076 20 12 0
2
18 38 
2
7569 4 18 0
7569 4 16 0
2
19 39 
2
7067 20 8 0
7067 22 8 0
2
16 36 
2
7489 4 24 0
7489 4 22 0
2
17 37 
2
7042 26 4 0
7042 24 4 0
2
14 34 
2
7359 4 26 0
7359 2 24 0
2
15 35 
2
6990 26 2 0
6990 28 2 0
2
12 32 
2
7147 2 26 0
7147 2 28 0
2
13 33 
2
6884 30 2 0
6884 32 2 0
2
10 30 
2
6621 6 28 0
6621 4 28 0
2
11 31 
2
6605 32 4 0
6605 32 6 0
2
28 30 
2
6622 4 30 0
6622 4 28 0
2
29 31 
2
6606 32 26 0
6606 32 6 0
2
246 32 
2
7148 34 30 0
7148 2 28 0
2
30 32 
2
7149 4 28 0
7149 2 28 0
2
245 32 
2
7150 34 32 0
7150 2 28 0
2
10 32 
2
7151 6 28 0
7151 2 28 0
2
246 32 
2
7152 34 30 0
7152 2 28 0
2
30 32 
2
7153 4 28 0
7153 2 28 0
2
248 32 
2
7154 34 26 0
7154 2 28 0
2
246 33 
2
6885 34 30 0
6885 32 2 0
2
31 33 
2
6886 32 6 0
6886 32 2 0
2
245 33 
2
6887 34 32 0
6887 32 2 0
2
11 33 
2
6888 32 4 0
6888 32 2 0
2
244 33 
2
6889 34 34 0
6889 32 2 0
2
31 33 
2
6890 32 6 0
6890 32 2 0
2
246 33 
2
6891 34 30 0
6891 32 2 0
2
244 34 
2
7360 34 34 0
7360 2 24 0
2
32 34 
2
7361 2 28 0
7361 2 24 0
2
245 34 
2
7362 34 32 0
7362 2 24 0
2
12 34 
2
7363 2 26 0
7363 2 24 0
2
244 34 
2
7364 34 34 0
7364 2 24 0
2
32 34 
2
7365 2 28 0
7365 2 24 0
2
245 34 
2
7366 34 32 0
7366 2 24 0
2
245 35 
2
6991 34 32 0
6991 28 2 0
2
33 35 
2
6992 32 2 0
6992 28 2 0
2
244 35 
2
6993 34 34 0
6993 28 2 0
2
13 35 
2
6994 30 2 0
6994 28 2 0
2
245 35 
2
6995 34 32 0
6995 28 2 0
2
33 35 
2
6996 32 2 0
6996 28 2 0
2
248 35 
2
6997 34 26 0
6997 28 2 0
2
244 36 
2
7490 34 34 0
7490 4 22 0
2
34 36 
2
7491 2 24 0
7491 4 22 0
2
245 36 
2
7492 34 32 0
7492 4 22 0
2
14 36 
2
7493 4 26 0
7493 4 22 0
2
244 36 
2
7494 34 34 0
7494 4 22 0
2
34 36 
2
7495 2 24 0
7495 4 22 0
2
245 36 
2
7496 34 32 0
7496 4 22 0
2
246 37 
2
7043 34 30 0
7043 24 4 0
2
35 37 
2
7044 28 2 0
7044 24 4 0
2
247 37 
2
7045 34 28 0
7045 24 4 0
2
15 37 
2
7046 26 2 0
7046 24 4 0
2
244 37 
2
7047 34 34 0
7047 24 4 0
2
35 37 
2
7048 28 2 0
7048 24 4 0
2
245 37 
2
7049 34 32 0
7049 24 4 0
2
245 38 
2
7570 34 32 0
7570 4 16 0
2
36 38 
2
7571 4 22 0
7571 4 16 0
2
247 38 
2
7572 34 28 0
7572 4 16 0
2
16 38 
2
7573 4 24 0
7573 4 16 0
2
245 38 
2
7574 34 32 0
7574 4 16 0
2
36 38 
2
7575 4 22 0
7575 4 16 0
2
247 38 
2
7576 34 28 0
7576 4 16 0
2
246 39 
2
7068 34 30 0
7068 22 8 0
2
37 39 
2
7069 24 4 0
7069 22 8 0
2
245 39 
2
7070 34 32 0
7070 22 8 0
2
17 39 
2
7071 26 4 0
7071 22 8 0
2
244 39 
2
7072 34 34 0
7072 22 8 0
2
37 39 
2
7073 24 4 0
7073 22 8 0
2
246 39 
2
7074 34 30 0
7074 22 8 0
2
244 40 
2
7582 34 34 0
7582 10 16 0
2
38 40 
2
7583 4 16 0
7583 10 16 0
2
245 40 
2
7584 34 32 0
7584 10 16 0
2
18 40 
2
7585 4 18 0
7585 10 16 0
2
244 40 
2
7586 34 34 0
7586 10 16 0
2
38 40 
2
7587 4 16 0
7587 10 16 0
2
245 40 
2
7588 34 32 0
7588 10 16 0
2
244 41 
2
7077 34 34 0
7077 20 12 0
2
39 41 
2
7078 22 8 0
7078 20 12 0
2
247 41 
2
7079 34 28 0
7079 20 12 0
2
19 41 
2
7080 20 8 0
7080 20 12 0
2
245 41 
2
7081 34 32 0
7081 20 12 0
2
39 41 
2
7082 22 8 0
7082 20 12 0
2
244 41 
2
7083 34 34 0
7083 20 12 0
2
246 42 
2
7584 34 30 0
7584 16 16 0
2
40 42 
2
7589 10 16 0
7589 16 16 0
2
244 42 
2
7590 34 34 0
7590 16 16 0
2
20 42 
2
7591 14 16 0
7591 16 16 0
2
245 42 
2
7592 34 32 0
7592 16 16 0
2
40 42 
2
7593 10 16 0
7593 16 16 0
2
244 42 
2
7594 34 34 0
7594 16 16 0
2
245 43 
2
7077 34 32 0
7077 18 14 0
2
41 43 
2
7084 20 12 0
7084 18 14 0
2
246 43 
2
7085 34 30 0
7085 18 14 0
2
21 43 
2
7086 20 14 0
7086 18 14 0
2
244 43 
2
7087 34 34 0
7087 18 14 0
2
41 43 
2
7088 20 12 0
7088 18 14 0
2
245 43 
2
7089 34 32 0
7089 18 14 0
2
42 218 
2
7595 16 16 0
7595 10 24 0
2
43 119 
2
7090 18 14 0
7090 22 18 0
2
42 219 
2
7596 16 16 0
7596 24 24 0
2
43 120 
2
7091 18 14 0
7091 28 20 0
2
42 220 
2
7597 16 16 0
7597 12 24 0
2
42 221 
2
7598 16 16 0
7598 6 22 0
2
42 222 
2
7599 16 16 0
7599 6 14 0
2
42 223 
2
7600 16 16 0
7600 14 12 0
2
42 224 
2
7601 16 16 0
7601 24 12 0
2
42 225 
2
7602 16 16 0
7602 20 18 0
2
42 226 
2
7603 16 16 0
7603 18 32 0
2
42 227 
2
7604 16 16 0
7604 2 12 0
2
42 228 
2
7605 16 16 0
7605 12 2 0
2
42 229 
2
7606 16 16 0
7606 2 16 0
2
42 230 
2
7607 16 16 0
7607 10 8 0
2
42 231 
2
7608 16 16 0
7608 14 30 0
2
42 232 
2
7609 16 16 0
7609 26 22 0
2
42 233 
2
7610 16 16 0
7610 8 22 0
2
42 234 
2
7611 16 16 0
7611 12 22 0
2
42 235 
2
7612 16 16 0
7612 14 24 0
2
42 236 
2
7613 16 16 0
7613 8 10 0
2
42 237 
2
7614 16 16 0
7614 20 28 0
2
42 238 
2
7615 16 16 0
7615 14 10 0
2
40 42 
2
7616 10 16 0
7616 16 16 0
2
41 43 
2
7092 20 12 0
7092 18 14 0
2
42 218 
2
7617 16 16 0
7617 10 24 0
2
43 122 
2
7093 18 14 0
7093 12 6 0
2
42 219 
2
7618 16 16 0
7618 24 24 0
2
42 220 
2
7619 16 16 0
7619 12 24 0
2
42 221 
2
7620 16 16 0
7620 6 22 0
2
42 222 
2
7621 16 16 0
7621 6 14 0
2
42 223 
2
7622 16 16 0
7622 14 12 0
2
42 224 
2
7623 16 16 0
7623 24 12 0
2
42 225 
2
7624 16 16 0
7624 20 18 0
2
42 226 
2
7625 16 16 0
7625 18 32 0
2
42 227 
2
7626 16 16 0
7626 2 12 0
2
42 228 
2
7627 16 16 0
7627 12 2 0
2
42 229 
2
7628 16 16 0
7628 2 16 0
2
42 230 
2
7629 16 16 0
7629 10 8 0
2
42 231 
2
7630 16 16 0
7630 14 30 0
2
42 232 
2
7631 16 16 0
7631 26 22 0
2
42 233 
2
7632 16 16 0
7632 8 22 0
2
42 234 
2
7633 16 16 0
7633 12 22 0
2
42 235 
2
7634 16 16 0
7634 14 24 0
2
42 236 
2
7635 16 16 0
7635 8 10 0
2
42 237 
2
7636 16 16 0
7636 20 28 0
2
42 238 
2
7637 16 16 0
7637 14 10 0
2
20 40 
2
7617 14 16 0
7617 10 16 0
2
21 41 
2
7093 20 14 0
7093 20 12 0
2
38 40 
2
7618 4 16 0
7618 10 16 0
2
39 41 
2
7094 22 8 0
7094 20 12 0
2
244 42 
2
7638 34 34 0
7638 16 16 0
2
40 42 
2
7639 10 16 0
7639 16 16 0
2
245 42 
2
7640 34 32 0
7640 16 16 0
2
20 42 
2
7641 14 16 0
7641 16 16 0
2
244 42 
2
7642 34 34 0
7642 16 16 0
2
40 42 
2
7643 10 16 0
7643 16 16 0
2
245 42 
2
7644 34 32 0
7644 16 16 0
2
244 43 
2
7094 34 34 0
7094 18 14 0
2
41 43 
2
7095 20 12 0
7095 18 14 0
2
245 43 
2
7096 34 32 0
7096 18 14 0
2
21 43 
2
7097 20 14 0
7097 18 14 0
2
244 43 
2
7098 34 34 0
7098 18 14 0
2
41 43 
2
7099 20 12 0
7099 18 14 0
2
245 43 
2
7100 34 32 0
7100 18 14 0
2
42 219 
2
7645 16 16 0
7645 24 24 0
2
43 121 
2
7101 18 14 0
7101 8 14 0
2
42 220 
2
7646 16 16 0
7646 12 24 0
2
42 221 
2
7647 16 16 0
7647 6 22 0
2
42 222 
2
7648 16 16 0
7648 6 14 0
2
42 223 
2
7649 16 16 0
7649 14 12 0
2
42 224 
2
7650 16 16 0
7650 24 12 0
2
42 225 
2
7651 16 16 0
7651 20 18 0
2
42 226 
2
7652 16 16 0
7652 18 32 0
2
42 227 
2
7653 16 16 0
7653 2 12 0
2
42 228 
2
7654 16 16 0
7654 12 2 0
2
42 229 
2
7655 16 16 0
7655 2 16 0
2
42 230 
2
7656 16 16 0
7656 10 8 0
2
42 231 
2
7657 16 16 0
7657 14 30 0
2
42 232 
2
7658 16 16 0
7658 26 22 0
2
42 233 
2
7659 16 16 0
7659 8 22 0
2
42 234 
2
7660 16 16 0
7660 12 22 0
2
42 235 
2
7661 16 16 0
7661 14 24 0
2
42 236 
2
7662 16 16 0
7662 8 10 0
2
42 237 
2
7663 16 16 0
7663 20 28 0
2
42 238 
2
7664 16 16 0
7664 14 10 0
2
42 239 
2
7665 16 16 0
7665 16 20 0
2
40 42 
2
7666 10 16 0
7666 16 16 0
2
41 43 
2
7102 20 12 0
7102 18 14 0
2
42 219 
2
7667 16 16 0
7667 24 24 0
2
43 121 
2
7103 18 14 0
7103 8 14 0
2
42 220 
2
7668 16 16 0
7668 12 24 0
2
43 122 
2
7104 18 14 0
7104 12 6 0
2
42 221 
2
7669 16 16 0
7669 6 22 0
2
42 222 
2
7670 16 16 0
7670 6 14 0
2
42 223 
2
7671 16 16 0
7671 14 12 0
2
42 224 
2
7672 16 16 0
7672 24 12 0
2
42 225 
2
7673 16 16 0
7673 20 18 0
2
42 226 
2
7674 16 16 0
7674 18 32 0
2
42 227 
2
7675 16 16 0
7675 2 12 0
2
42 228 
2
7676 16 16 0
7676 12 2 0
2
42 229 
2
7677 16 16 0
7677 2 16 0
2
42 230 
2
7678 16 16 0
7678 10 8 0
2
42 231 
2
7679 16 16 0
7679 14 30 0
2
42 232 
2
7680 16 16 0
7680 26 22 0
2
42 233 
2
7681 16 16 0
7681 8 22 0
2
42 234 
2
7682 16 16 0
7682 12 22 0
2
42 235 
2
7683 16 16 0
7683 14 24 0
2
42 236 
2
7684 16 16 0
7684 8 10 0
2
42 237 
2
7685 16 16 0
7685 20 28 0
2
42 238 
2
7686 16 16 0
7686 14 10 0
2
42 239 
2
7687 16 16 0
7687 16 20 0
2
20 40 
2
7667 14 16 0
7667 10 16 0
2
21 41 
2
7103 20 14 0
7103 20 12 0
2
18 38 
2
7619 4 18 0
7619 4 16 0
2
19 39 
2
7095 20 8 0
7095 22 8 0
2
36 38 
2
7620 4 22 0
7620 4 16 0
2
37 39 
2
7096 24 4 0
7096 22 8 0
2
244 40 
2
7668 34 34 0
7668 10 16 0
2
38 40 
2
7669 4 16 0
7669 10 16 0
2
245 40 
2
7670 34 32 0
7670 10 16 0
2
18 40 
2
7671 4 18 0
7671 10 16 0
2
244 40 
2
7672 34 34 0
7672 10 16 0
2
38 40 
2
7673 4 16 0
7673 10 16 0
2
245 40 
2
7674 34 32 0
7674 10 16 0
2
244 41 
2
7104 34 34 0
7104 20 12 0
2
39 41 
2
7105 22 8 0
7105 20 12 0
2
247 41 
2
7106 34 28 0
7106 20 12 0
2
19 41 
2
7107 20 8 0
7107 20 12 0
2
245 41 
2
7108 34 32 0
7108 20 12 0
2
39 41 
2
7109 22 8 0
7109 20 12 0
2
248 41 
2
7110 34 26 0
7110 20 12 0
2
244 42 
2
7688 34 34 0
7688 16 16 0
2
40 42 
2
7689 10 16 0
7689 16 16 0
2
245 42 
2
7690 34 32 0
7690 16 16 0
2
20 42 
2
7691 14 16 0
7691 16 16 0
2
244 42 
2
7692 34 34 0
7692 16 16 0
2
40 42 
2
7693 10 16 0
7693 16 16 0
2
245 42 
2
7694 34 32 0
7694 16 16 0
2
246 43 
2
7105 34 30 0
7105 18 14 0
2
41 43 
2
7111 20 12 0
7111 18 14 0
2
245 43 
2
7112 34 32 0
7112 18 14 0
2
21 43 
2
7113 20 14 0
7113 18 14 0
2
247 43 
2
7114 34 28 0
7114 18 14 0
2
41 43 
2
7115 20 12 0
7115 18 14 0
2
244 43 
2
7116 34 34 0
7116 18 14 0
2
42 238 
2
7695 16 16 0
7695 14 10 0
2
43 124 
2
7117 18 14 0
7117 20 26 0
2
42 239 
2
7696 16 16 0
7696 16 20 0
2
42 50 
2
7697 16 16 0
7697 4 12 0
2
40 42 
2
7698 10 16 0
7698 16 16 0
2
41 43 
2
7118 20 12 0
7118 18 14 0
2
42 238 
2
7699 16 16 0
7699 14 10 0
2
43 123 
2
7119 18 14 0
7119 22 20 0
2
42 239 
2
7700 16 16 0
7700 16 20 0
2
42 50 
2
7701 16 16 0
7701 4 12 0
2
20 40 
2
7699 14 16 0
7699 10 16 0
2
21 41 
2
7119 20 14 0
7119 20 12 0
2
38 40 
2
7700 4 16 0
7700 10 16 0
2
39 41 
2
7120 22 8 0
7120 20 12 0
2
244 42 
2
7702 34 34 0
7702 16 16 0
2
40 42 
2
7703 10 16 0
7703 16 16 0
2
246 42 
2
7704 34 30 0
7704 16 16 0
2
20 42 
2
7705 14 16 0
7705 16 16 0
2
244 42 
2
7706 34 34 0
7706 16 16 0
2
40 42 
2
7707 10 16 0
7707 16 16 0
2
246 42 
2
7708 34 30 0
7708 16 16 0
2
244 43 
2
7120 34 34 0
7120 18 14 0
2
41 43 
2
7121 20 12 0
7121 18 14 0
2
245 43 
2
7122 34 32 0
7122 18 14 0
2
21 43 
2
7123 20 14 0
7123 18 14 0
2
244 43 
2
7124 34 34 0
7124 18 14 0
2
41 43 
2
7125 20 12 0
7125 18 14 0
2
245 43 
2
7126 34 32 0
7126 18 14 0
2
42 239 
2
7709 16 16 0
7709 16 20 0
2
43 123 
2
7127 18 14 0
7127 22 20 0
2
42 50 
2
7710 16 16 0
7710 4 12 0
2
43 124 
2
7128 18 14 0
7128 20 26 0
2
42 45 
2
7711 16 16 0
7711 16 2 0
2
40 42 
2
7712 10 16 0
7712 16 16 0
2
41 43 
2
7129 20 12 0
7129 18 14 0
2
42 239 
2
7713 16 16 0
7713 16 20 0
2
43 126 
2
7130 18 14 0
7130 16 10 0
2
42 50 
2
7714 16 16 0
7714 4 12 0
2
42 45 
2
7715 16 16 0
7715 16 2 0
2
20 40 
2
7713 14 16 0
7713 10 16 0
2
21 41 
2
7130 20 14 0
7130 20 12 0
2
18 38 
2
7701 4 18 0
7701 4 16 0
2
19 39 
2
7121 20 8 0
7121 22 8 0
2
16 36 
2
7621 4 24 0
7621 4 22 0
2
17 37 
2
7097 26 4 0
7097 24 4 0
2
34 36 
2
7622 2 24 0
7622 4 22 0
2
35 37 
2
7098 28 2 0
7098 24 4 0
2
245 38 
2
7702 34 32 0
7702 4 16 0
2
36 38 
2
7703 4 22 0
7703 4 16 0
2
247 38 
2
7704 34 28 0
7704 4 16 0
2
16 38 
2
7705 4 24 0
7705 4 16 0
2
245 38 
2
7706 34 32 0
7706 4 16 0
2
36 38 
2
7707 4 22 0
7707 4 16 0
2
247 38 
2
7708 34 28 0
7708 4 16 0
2
246 39 
2
7122 34 30 0
7122 22 8 0
2
37 39 
2
7123 24 4 0
7123 22 8 0
2
247 39 
2
7124 34 28 0
7124 22 8 0
2
17 39 
2
7125 26 4 0
7125 22 8 0
2
246 39 
2
7126 34 30 0
7126 22 8 0
2
37 39 
2
7127 24 4 0
7127 22 8 0
2
247 39 
2
7128 34 28 0
7128 22 8 0
2
244 40 
2
7714 34 34 0
7714 10 16 0
2
38 40 
2
7715 4 16 0
7715 10 16 0
2
245 40 
2
7716 34 32 0
7716 10 16 0
2
18 40 
2
7717 4 18 0
7717 10 16 0
2
244 40 
2
7718 34 34 0
7718 10 16 0
2
38 40 
2
7719 4 16 0
7719 10 16 0
2
245 40 
2
7720 34 32 0
7720 10 16 0
2
244 41 
2
7131 34 34 0
7131 20 12 0
2
39 41 
2
7132 22 8 0
7132 20 12 0
2
245 41 
2
7133 34 32 0
7133 20 12 0
2
19 41 
2
7134 20 8 0
7134 20 12 0
2
246 41 
2
7135 34 30 0
7135 20 12 0
2
39 41 
2
7136 22 8 0
7136 20 12 0
2
244 41 
2
7137 34 34 0
7137 20 12 0
2
246 42 
2
7716 34 30 0
7716 16 16 0
2
40 42 
2
7721 10 16 0
7721 16 16 0
2
244 42 
2
7722 34 34 0
7722 16 16 0
2
20 42 
2
7723 14 16 0
7723 16 16 0
2
245 42 
2
7724 34 32 0
7724 16 16 0
2
40 42 
2
7725 10 16 0
7725 16 16 0
2
244 42 
2
7726 34 34 0
7726 16 16 0
2
246 43 
2
7131 34 30 0
7131 18 14 0
2
41 43 
2
7138 20 12 0
7138 18 14 0
2
245 43 
2
7139 34 32 0
7139 18 14 0
2
21 43 
2
7140 20 14 0
7140 18 14 0
2
244 43 
2
7141 34 34 0
7141 18 14 0
2
41 43 
2
7142 20 12 0
7142 18 14 0
2
246 43 
2
7143 34 30 0
7143 18 14 0
2
42 238 
2
7727 16 16 0
7727 14 10 0
2
43 125 
2
7144 18 14 0
7144 12 16 0
2
42 239 
2
7728 16 16 0
7728 16 20 0
2
42 50 
2
7729 16 16 0
7729 4 12 0
2
42 45 
2
7730 16 16 0
7730 16 2 0
2
42 47 
2
7731 16 16 0
7731 26 12 0
2
42 49 
2
7732 16 16 0
7732 32 14 0
2
42 52 
2
7733 16 16 0
7733 18 4 0
2
42 53 
2
7734 16 16 0
7734 18 8 0
2
42 54 
2
7735 16 16 0
7735 24 6 0
2
42 55 
2
7736 16 16 0
7736 24 2 0
2
42 56 
2
7737 16 16 0
7737 32 18 0
2
42 57 
2
7738 16 16 0
7738 22 28 0
2
42 58 
2
7739 16 16 0
7739 10 10 0
2
42 59 
2
7740 16 16 0
7740 28 16 0
2
42 60 
2
7741 16 16 0
7741 16 8 0
2
42 61 
2
7742 16 16 0
7742 18 30 0
2
42 62 
2
7743 16 16 0
7743 20 24 0
2
42 63 
2
7744 16 16 0
7744 16 12 0
2
42 64 
2
7745 16 16 0
7745 16 6 0
2
42 65 
2
7746 16 16 0
7746 10 6 0
2
42 66 
2
7747 16 16 0
7747 18 22 0
2
40 42 
2
7748 10 16 0
7748 16 16 0
2
41 43 
2
7145 20 12 0
7145 18 14 0
2
42 238 
2
7749 16 16 0
7749 14 10 0
2
43 125 
2
7146 18 14 0
7146 12 16 0
2
42 239 
2
7750 16 16 0
7750 16 20 0
2
43 126 
2
7147 18 14 0
7147 16 10 0
2
42 50 
2
7751 16 16 0
7751 4 12 0
2
42 45 
2
7752 16 16 0
7752 16 2 0
2
42 47 
2
7753 16 16 0
7753 26 12 0
2
42 49 
2
7754 16 16 0
7754 32 14 0
2
42 52 
2
7755 16 16 0
7755 18 4 0
2
42 53 
2
7756 16 16 0
7756 18 8 0
2
42 54 
2
7757 16 16 0
7757 24 6 0
2
42 55 
2
7758 16 16 0
7758 24 2 0
2
42 56 
2
7759 16 16 0
7759 32 18 0
2
42 57 
2
7760 16 16 0
7760 22 28 0
2
42 58 
2
7761 16 16 0
7761 10 10 0
2
42 59 
2
7762 16 16 0
7762 28 16 0
2
42 60 
2
7763 16 16 0
7763 16 8 0
2
42 61 
2
7764 16 16 0
7764 18 30 0
2
42 62 
2
7765 16 16 0
7765 20 24 0
2
42 63 
2
7766 16 16 0
7766 16 12 0
2
42 64 
2
7767 16 16 0
7767 16 6 0
2
42 65 
2
7768 16 16 0
7768 10 6 0
2
42 66 
2
7769 16 16 0
7769 18 22 0
2
20 40 
2
7749 14 16 0
7749 10 16 0
2
21 41 
2
7146 20 14 0
7146 20 12 0
2
38 40 
2
7750 4 16 0
7750 10 16 0
2
39 41 
2
7147 22 8 0
7147 20 12 0
2
244 42 
2
7770 34 34 0
7770 16 16 0
2
40 42 
2
7771 10 16 0
7771 16 16 0
2
245 42 
2
7772 34 32 0
7772 16 16 0
2
20 42 
2
7773 14 16 0
7773 16 16 0
2
244 42 
2
7774 34 34 0
7774 16 16 0
2
40 42 
2
7775 10 16 0
7775 16 16 0
2
245 42 
2
7776 34 32 0
7776 16 16 0
2
247 43 
2
7148 34 28 0
7148 18 14 0
2
41 43 
2
7149 20 12 0
7149 18 14 0
2
248 43 
2
7150 34 26 0
7150 18 14 0
2
21 43 
2
7151 20 14 0
7151 18 14 0
2
247 43 
2
7152 34 28 0
7152 18 14 0
2
41 43 
2
7153 20 12 0
7153 18 14 0
2
249 43 
2
7154 34 24 0
7154 18 14 0
2
42 239 
2
7777 16 16 0
7777 16 20 0
2
43 129 
2
7155 18 14 0
7155 28 12 0
2
42 50 
2
7778 16 16 0
7778 4 12 0
2
42 45 
2
7779 16 16 0
7779 16 2 0
2
42 47 
2
7780 16 16 0
7780 26 12 0
2
42 49 
2
7781 16 16 0
7781 32 14 0
2
42 52 
2
7782 16 16 0
7782 18 4 0
2
42 53 
2
7783 16 16 0
7783 18 8 0
2
42 54 
2
7784 16 16 0
7784 24 6 0
2
42 55 
2
7785 16 16 0
7785 24 2 0
2
42 56 
2
7786 16 16 0
7786 32 18 0
2
42 57 
2
7787 16 16 0
7787 22 28 0
2
42 58 
2
7788 16 16 0
7788 10 10 0
2
42 59 
2
7789 16 16 0
7789 28 16 0
2
42 60 
2
7790 16 16 0
7790 16 8 0
2
42 61 
2
7791 16 16 0
7791 18 30 0
2
42 62 
2
7792 16 16 0
7792 20 24 0
2
42 63 
2
7793 16 16 0
7793 16 12 0
2
42 64 
2
7794 16 16 0
7794 16 6 0
2
42 65 
2
7795 16 16 0
7795 10 6 0
2
42 66 
2
7796 16 16 0
7796 18 22 0
2
42 67 
2
7797 16 16 0
7797 18 28 0
2
40 42 
2
7798 10 16 0
7798 16 16 0
2
41 43 
2
7156 20 12 0
7156 18 14 0
2
42 239 
2
7799 16 16 0
7799 16 20 0
2
43 128 
2
7157 18 14 0
7157 16 14 0
2
42 50 
2
7800 16 16 0
7800 4 12 0
2
42 45 
2
7801 16 16 0
7801 16 2 0
2
42 47 
2
7802 16 16 0
7802 26 12 0
2
42 49 
2
7803 16 16 0
7803 32 14 0
2
42 52 
2
7804 16 16 0
7804 18 4 0
2
42 53 
2
7805 16 16 0
7805 18 8 0
2
42 54 
2
7806 16 16 0
7806 24 6 0
2
42 55 
2
7807 16 16 0
7807 24 2 0
2
42 56 
2
7808 16 16 0
7808 32 18 0
2
42 57 
2
7809 16 16 0
7809 22 28 0
2
42 58 
2
7810 16 16 0
7810 10 10 0
2
42 59 
2
7811 16 16 0
7811 28 16 0
2
42 60 
2
7812 16 16 0
7812 16 8 0
2
42 61 
2
7813 16 16 0
7813 18 30 0
2
42 62 
2
7814 16 16 0
7814 20 24 0
2
42 63 
2
7815 16 16 0
7815 16 12 0
2
42 64 
2
7816 16 16 0
7816 16 6 0
2
42 65 
2
7817 16 16 0
7817 10 6 0
2
42 66 
2
7818 16 16 0
7818 18 22 0
2
42 67 
2
7819 16 16 0
7819 18 28 0
2
20 40 
2
7799 14 16 0
7799 10 16 0
2
21 41 
2
7157 20 14 0
7157 20 12 0
2
18 38 
2
7751 4 18 0
7751 4 16 0
2
19 39 
2
7148 20 8 0
7148 22 8 0
2
36 38 
2
7752 4 22 0
7752 4 16 0
2
37 39 
2
7149 24 4 0
7149 22 8 0
2
244 40 
2
7800 34 34 0
7800 10 16 0
2
38 40 
2
7801 4 16 0
7801 10 16 0
2
245 40 
2
7802 34 32 0
7802 10 16 0
2
18 40 
2
7803 4 18 0
7803 10 16 0
2
244 40 
2
7804 34 34 0
7804 10 16 0
2
38 40 
2
7805 4 16 0
7805 10 16 0
2
245 40 
2
7806 34 32 0
7806 10 16 0
2
248 41 
2
7158 34 26 0
7158 20 12 0
2
39 41 
2
7159 22 8 0
7159 20 12 0
2
245 41 
2
7160 34 32 0
7160 20 12 0
2
19 41 
2
7161 20 8 0
7161 20 12 0
2
247 41 
2
7162 34 28 0
7162 20 12 0
2
39 41 
2
7163 22 8 0
7163 20 12 0
2
245 41 
2
7164 34 32 0
7164 20 12 0
2
244 42 
2
7820 34 34 0
7820 16 16 0
2
40 42 
2
7821 10 16 0
7821 16 16 0
2
245 42 
2
7822 34 32 0
7822 16 16 0
2
20 42 
2
7823 14 16 0
7823 16 16 0
2
244 42 
2
7824 34 34 0
7824 16 16 0
2
40 42 
2
7825 10 16 0
7825 16 16 0
2
245 42 
2
7826 34 32 0
7826 16 16 0
2
249 43 
2
7158 34 24 0
7158 18 14 0
2
41 43 
2
7165 20 12 0
7165 18 14 0
2
247 43 
2
7166 34 28 0
7166 18 14 0
2
21 43 
2
7167 20 14 0
7167 18 14 0
2
244 43 
2
7168 34 34 0
7168 18 14 0
2
41 43 
2
7169 20 12 0
7169 18 14 0
2
245 43 
2
7170 34 32 0
7170 18 14 0
2
42 66 
2
7827 16 16 0
7827 18 22 0
2
43 128 
2
7171 18 14 0
7171 16 14 0
2
42 67 
2
7828 16 16 0
7828 18 28 0
2
43 129 
2
7172 18 14 0
7172 28 12 0
2
42 68 
2
7829 16 16 0
7829 18 12 0
2
40 42 
2
7830 10 16 0
7830 16 16 0
2
41 43 
2
7173 20 12 0
7173 18 14 0
2
42 66 
2
7831 16 16 0
7831 18 22 0
2
43 131 
2
7174 18 14 0
7174 28 14 0
2
42 67 
2
7832 16 16 0
7832 18 28 0
2
42 68 
2
7833 16 16 0
7833 18 12 0
2
20 40 
2
7831 14 16 0
7831 10 16 0
2
21 41 
2
7174 20 14 0
7174 20 12 0
2
38 40 
2
7832 4 16 0
7832 10 16 0
2
39 41 
2
7175 22 8 0
7175 20 12 0
2
244 42 
2
7834 34 34 0
7834 16 16 0
2
40 42 
2
7835 10 16 0
7835 16 16 0
2
246 42 
2
7836 34 30 0
7836 16 16 0
2
20 42 
2
7837 14 16 0
7837 16 16 0
2
244 42 
2
7838 34 34 0
7838 16 16 0
2
40 42 
2
7839 10 16 0
7839 16 16 0
2
246 42 
2
7840 34 30 0
7840 16 16 0
2
246 43 
2
7175 34 30 0
7175 18 14 0
2
41 43 
2
7176 20 12 0
7176 18 14 0
2
244 43 
2
7177 34 34 0
7177 18 14 0
2
21 43 
2
7178 20 14 0
7178 18 14 0
2
247 43 
2
7179 34 28 0
7179 18 14 0
2
41 43 
2
7180 20 12 0
7180 18 14 0
2
246 43 
2
7181 34 30 0
7181 18 14 0
2
42 67 
2
7841 16 16 0
7841 18 28 0
2
43 130 
2
7182 18 14 0
7182 22 6 0
2
42 68 
2
7842 16 16 0
7842 18 12 0
2
42 86 
2
7843 16 16 0
7843 6 10 0
2
40 42 
2
7844 10 16 0
7844 16 16 0
2
41 43 
2
7183 20 12 0
7183 18 14 0
2
42 67 
2
7845 16 16 0
7845 18 28 0
2
43 130 
2
7184 18 14 0
7184 22 6 0
2
42 68 
2
7846 16 16 0
7846 18 12 0
2
43 131 
2
7185 18 14 0
7185 28 14 0
2
42 86 
2
7847 16 16 0
7847 6 10 0
2
20 40 
2
7845 14 16 0
7845 10 16 0
2
21 41 
2
7184 20 14 0
7184 20 12 0
2
18 38 
2
7833 4 18 0
7833 4 16 0
2
19 39 
2
7176 20 8 0
7176 22 8 0
2
16 36 
2
7753 4 24 0
7753 4 22 0
2
17 37 
2
7150 26 4 0
7150 24 4 0
2
14 34 
2
7623 4 26 0
7623 2 24 0
2
15 35 
2
7099 26 2 0
7099 28 2 0
2
32 34 
2
7624 2 28 0
7624 2 24 0
2
33 35 
2
7100 32 2 0
7100 28 2 0
2
244 36 
2
7754 34 34 0
7754 4 22 0
2
34 36 
2
7755 2 24 0
7755 4 22 0
2
245 36 
2
7756 34 32 0
7756 4 22 0
2
14 36 
2
7757 4 26 0
7757 4 22 0
2
244 36 
2
7758 34 34 0
7758 4 22 0
2
34 36 
2
7759 2 24 0
7759 4 22 0
2
245 36 
2
7760 34 32 0
7760 4 22 0
2
244 37 
2
7151 34 34 0
7151 24 4 0
2
35 37 
2
7152 28 2 0
7152 24 4 0
2
245 37 
2
7153 34 32 0
7153 24 4 0
2
15 37 
2
7154 26 2 0
7154 24 4 0
2
246 37 
2
7155 34 30 0
7155 24 4 0
2
35 37 
2
7156 28 2 0
7156 24 4 0
2
244 37 
2
7157 34 34 0
7157 24 4 0
2
245 38 
2
7834 34 32 0
7834 4 16 0
2
36 38 
2
7835 4 22 0
7835 4 16 0
2
247 38 
2
7836 34 28 0
7836 4 16 0
2
16 38 
2
7837 4 24 0
7837 4 16 0
2
245 38 
2
7838 34 32 0
7838 4 16 0
2
36 38 
2
7839 4 22 0
7839 4 16 0
2
247 38 
2
7840 34 28 0
7840 4 16 0
2
245 39 
2
7177 34 32 0
7177 22 8 0
2
37 39 
2
7178 24 4 0
7178 22 8 0
2
248 39 
2
7179 34 26 0
7179 22 8 0
2
17 39 
2
7180 26 4 0
7180 22 8 0
2
249 39 
2
7181 34 24 0
7181 22 8 0
2
37 39 
2
7182 24 4 0
7182 22 8 0
2
244 39 
2
7183 34 34 0
7183 22 8 0
2
244 40 
2
7846 34 34 0
7846 10 16 0
2
38 40 
2
7847 4 16 0
7847 10 16 0
2
245 40 
2
7848 34 32 0
7848 10 16 0
2
18 40 
2
7849 4 18 0
7849 10 16 0
2
244 40 
2
7850 34 34 0
7850 10 16 0
2
38 40 
2
7851 4 16 0
7851 10 16 0
2
245 40 
2
7852 34 32 0
7852 10 16 0
2
245 41 
2
7185 34 32 0
7185 20 12 0
2
39 41 
2
7186 22 8 0
7186 20 12 0
2
247 41 
2
7187 34 28 0
7187 20 12 0
2
19 41 
2
7188 20 8 0
7188 20 12 0
2
244 41 
2
7189 34 34 0
7189 20 12 0
2
39 41 
2
7190 22 8 0
7190 20 12 0
2
245 41 
2
7191 34 32 0
7191 20 12 0
2
246 42 
2
7848 34 30 0
7848 16 16 0
2
40 42 
2
7853 10 16 0
7853 16 16 0
2
244 42 
2
7854 34 34 0
7854 16 16 0
2
20 42 
2
7855 14 16 0
7855 16 16 0
2
245 42 
2
7856 34 32 0
7856 16 16 0
2
40 42 
2
7857 10 16 0
7857 16 16 0
2
244 42 
2
7858 34 34 0
7858 16 16 0
2
246 43 
2
7186 34 30 0
7186 18 14 0
2
41 43 
2
7192 20 12 0
7192 18 14 0
2
246 43 
2
7193 34 30 0
7193 18 14 0
2
21 43 
2
7194 20 14 0
7194 18 14 0
2
244 43 
2
7195 34 34 0
7195 18 14 0
2
41 43 
2
7196 20 12 0
7196 18 14 0
2
245 43 
2
7197 34 32 0
7197 18 14 0
2
42 66 
2
7859 16 16 0
7859 18 22 0
2
43 150 
2
7198 18 14 0
7198 24 8 0
2
42 67 
2
7860 16 16 0
7860 18 28 0
2
42 68 
2
7861 16 16 0
7861 18 12 0
2
42 86 
2
7862 16 16 0
7862 6 10 0
2
42 87 
2
7863 16 16 0
7863 22 14 0
2
42 89 
2
7864 16 16 0
7864 24 14 0
2
42 90 
2
7865 16 16 0
7865 20 10 0
2
42 91 
2
7866 16 16 0
7866 28 8 0
2
42 92 
2
7867 16 16 0
7867 32 12 0
2
42 93 
2
7868 16 16 0
7868 20 2 0
2
42 94 
2
7869 16 16 0
7869 8 6 0
2
42 95 
2
7870 16 16 0
7870 6 12 0
2
42 96 
2
7871 16 16 0
7871 16 4 0
2
42 97 
2
7872 16 16 0
7872 12 14 0
2
42 98 
2
7873 16 16 0
7873 22 16 0
2
42 99 
2
7874 16 16 0
7874 18 24 0
2
42 100 
2
7875 16 16 0
7875 12 10 0
2
42 101 
2
7876 16 16 0
7876 18 18 0
2
42 102 
2
7877 16 16 0
7877 14 8 0
2
42 103 
2
7878 16 16 0
7878 14 6 0
2
42 104 
2
7879 16 16 0
7879 22 26 0
2
40 42 
2
7880 10 16 0
7880 16 16 0
2
41 43 
2
7199 20 12 0
7199 18 14 0
2
42 66 
2
7881 16 16 0
7881 18 22 0
2
43 149 
2
7200 18 14 0
7200 20 6 0
2
42 67 
2
7882 16 16 0
7882 18 28 0
2
42 68 
2
7883 16 16 0
7883 18 12 0
2
42 86 
2
7884 16 16 0
7884 6 10 0
2
42 87 
2
7885 16 16 0
7885 22 14 0
2
42 89 
2
7886 16 16 0
7886 24 14 0
2
42 90 
2
7887 16 16 0
7887 20 10 0
2
42 91 
2
7888 16 16 0
7888 28 8 0
2
42 92 
2
7889 16 16 0
7889 32 12 0
2
42 93 
2
7890 16 16 0
7890 20 2 0
2
42 94 
2
7891 16 16 0
7891 8 6 0
2
42 95 
2
7892 16 16 0
7892 6 12 0
2
42 96 
2
7893 16 16 0
7893 16 4 0
2
42 97 
2
7894 16 16 0
7894 12 14 0
2
42 98 
2
7895 16 16 0
7895 22 16 0
2
42 99 
2
7896 16 16 0
7896 18 24 0
2
42 100 
2
7897 16 16 0
7897 12 10 0
2
42 101 
2
7898 16 16 0
7898 18 18 0
2
42 102 
2
7899 16 16 0
7899 14 8 0
2
42 103 
2
7900 16 16 0
7900 14 6 0
2
42 104 
2
7901 16 16 0
7901 22 26 0
2
20 40 
2
7881 14 16 0
7881 10 16 0
2
21 41 
2
7200 20 14 0
7200 20 12 0
2
38 40 
2
7882 4 16 0
7882 10 16 0
2
39 41 
2
7201 22 8 0
7201 20 12 0
2
244 42 
2
7902 34 34 0
7902 16 16 0
2
40 42 
2
7903 10 16 0
7903 16 16 0
2
245 42 
2
7904 34 32 0
7904 16 16 0
2
20 42 
2
7905 14 16 0
7905 16 16 0
2
244 42 
2
7906 34 34 0
7906 16 16 0
2
40 42 
2
7907 10 16 0
7907 16 16 0
2
245 42 
2
7908 34 32 0
7908 16 16 0
2
244 43 
2
7201 34 34 0
7201 18 14 0
2
41 43 
2
7202 20 12 0
7202 18 14 0
2
245 43 
2
7203 34 32 0
7203 18 14 0
2
21 43 
2
7204 20 14 0
7204 18 14 0
2
244 43 
2
7205 34 34 0
7205 18 14 0
2
41 43 
2
7206 20 12 0
7206 18 14 0
2
245 43 
2
7207 34 32 0
7207 18 14 0
2
42 67 
2
7909 16 16 0
7909 18 28 0
2
43 149 
2
7208 18 14 0
7208 20 6 0
2
42 68 
2
7910 16 16 0
7910 18 12 0
2
43 150 
2
7209 18 14 0
7209 24 8 0
2
42 86 
2
7911 16 16 0
7911 6 10 0
2
42 87 
2
7912 16 16 0
7912 22 14 0
2
42 89 
2
7913 16 16 0
7913 24 14 0
2
42 90 
2
7914 16 16 0
7914 20 10 0
2
42 91 
2
7915 16 16 0
7915 28 8 0
2
42 92 
2
7916 16 16 0
7916 32 12 0
2
42 93 
2
7917 16 16 0
7917 20 2 0
2
42 94 
2
7918 16 16 0
7918 8 6 0
2
42 95 
2
7919 16 16 0
7919 6 12 0
2
42 96 
2
7920 16 16 0
7920 16 4 0
2
42 97 
2
7921 16 16 0
7921 12 14 0
2
42 98 
2
7922 16 16 0
7922 22 16 0
2
42 99 
2
7923 16 16 0
7923 18 24 0
2
42 100 
2
7924 16 16 0
7924 12 10 0
2
42 101 
2
7925 16 16 0
7925 18 18 0
2
42 102 
2
7926 16 16 0
7926 14 8 0
2
42 103 
2
7927 16 16 0
7927 14 6 0
2
42 104 
2
7928 16 16 0
7928 22 26 0
2
42 105 
2
7929 16 16 0
7929 20 16 0
2
40 42 
2
7930 10 16 0
7930 16 16 0
2
41 43 
2
7210 20 12 0
7210 18 14 0
2
42 67 
2
7931 16 16 0
7931 18 28 0
2
43 152 
2
7211 18 14 0
7211 22 30 0
2
42 68 
2
7932 16 16 0
7932 18 12 0
2
42 86 
2
7933 16 16 0
7933 6 10 0
2
42 87 
2
7934 16 16 0
7934 22 14 0
2
42 89 
2
7935 16 16 0
7935 24 14 0
2
42 90 
2
7936 16 16 0
7936 20 10 0
2
42 91 
2
7937 16 16 0
7937 28 8 0
2
42 92 
2
7938 16 16 0
7938 32 12 0
2
42 93 
2
7939 16 16 0
7939 20 2 0
2
42 94 
2
7940 16 16 0
7940 8 6 0
2
42 95 
2
7941 16 16 0
7941 6 12 0
2
42 96 
2
7942 16 16 0
7942 16 4 0
2
42 97 
2
7943 16 16 0
7943 12 14 0
2
42 98 
2
7944 16 16 0
7944 22 16 0
2
42 99 
2
7945 16 16 0
7945 18 24 0
2
42 100 
2
7946 16 16 0
7946 12 10 0
2
42 101 
2
7947 16 16 0
7947 18 18 0
2
42 102 
2
7948 16 16 0
7948 14 8 0
2
42 103 
2
7949 16 16 0
7949 14 6 0
2
42 104 
2
7950 16 16 0
7950 22 26 0
2
42 105 
2
7951 16 16 0
7951 20 16 0
2
20 40 
2
7931 14 16 0
7931 10 16 0
2
21 41 
2
7211 20 14 0
7211 20 12 0
2
18 38 
2
7883 4 18 0
7883 4 16 0
2
19 39 
2
7202 20 8 0
7202 22 8 0
2
36 38 
2
7884 4 22 0
7884 4 16 0
2
37 39 
2
7203 24 4 0
7203 22 8 0
2
244 40 
2
7932 34 34 0
7932 10 16 0
2
38 40 
2
7933 4 16 0
7933 10 16 0
2
245 40 
2
7934 34 32 0
7934 10 16 0
2
18 40 
2
7935 4 18 0
7935 10 16 0
2
244 40 
2
7936 34 34 0
7936 10 16 0
2
38 40 
2
7937 4 16 0
7937 10 16 0
2
245 40 
2
7938 34 32 0
7938 10 16 0
2
244 41 
2
7212 34 34 0
7212 20 12 0
2
39 41 
2
7213 22 8 0
7213 20 12 0
2
245 41 
2
7214 34 32 0
7214 20 12 0
2
19 41 
2
7215 20 8 0
7215 20 12 0
2
244 41 
2
7216 34 34 0
7216 20 12 0
2
39 41 
2
7217 22 8 0
7217 20 12 0
2
245 41 
2
7218 34 32 0
7218 20 12 0
2
244 42 
2
7952 34 34 0
7952 16 16 0
2
40 42 
2
7953 10 16 0
7953 16 16 0
2
245 42 
2
7954 34 32 0
7954 16 16 0
2
20 42 
2
7955 14 16 0
7955 16 16 0
2
244 42 
2
7956 34 34 0
7956 16 16 0
2
40 42 
2
7957 10 16 0
7957 16 16 0
2
245 42 
2
7958 34 32 0
7958 16 16 0
2
246 43 
2
7212 34 30 0
7212 18 14 0
2
41 43 
2
7219 20 12 0
7219 18 14 0
2
244 43 
2
7220 34 34 0
7220 18 14 0
2
21 43 
2
7221 20 14 0
7221 18 14 0
2
245 43 
2
7222 34 32 0
7222 18 14 0
2
41 43 
2
7223 20 12 0
7223 18 14 0
2
244 43 
2
7224 34 34 0
7224 18 14 0
2
42 104 
2
7959 16 16 0
7959 22 26 0
2
43 151 
2
7225 18 14 0
7225 22 2 0
2
42 105 
2
7960 16 16 0
7960 20 16 0
2
42 106 
2
7961 16 16 0
7961 24 20 0
2
40 42 
2
7962 10 16 0
7962 16 16 0
2
41 43 
2
7226 20 12 0
7226 18 14 0
2
42 104 
2
7963 16 16 0
7963 22 26 0
2
43 151 
2
7227 18 14 0
7227 22 2 0
2
42 105 
2
7964 16 16 0
7964 20 16 0
2
43 152 
2
7228 18 14 0
7228 22 30 0
2
42 106 
2
7965 16 16 0
7965 24 20 0
2
20 40 
2
7963 14 16 0
7963 10 16 0
2
21 41 
2
7227 20 14 0
7227 20 12 0
2
38 40 
2
7964 4 16 0
7964 10 16 0
2
39 41 
2
7228 22 8 0
7228 20 12 0
2
244 42 
2
7966 34 34 0
7966 16 16 0
2
40 42 
2
7967 10 16 0
7967 16 16 0
2
246 42 
2
7968 34 30 0
7968 16 16 0
2
20 42 
2
7969 14 16 0
7969 16 16 0
2
244 42 
2
7970 34 34 0
7970 16 16 0
2
40 42 
2
7971 10 16 0
7971 16 16 0
2
246 42 
2
7972 34 30 0
7972 16 16 0
2
245 43 
2
7229 34 32 0
7229 18 14 0
2
41 43 
2
7230 20 12 0
7230 18 14 0
2
244 43 
2
7231 34 34 0
7231 18 14 0
2
21 43 
2
7232 20 14 0
7232 18 14 0
2
246 43 
2
7233 34 30 0
7233 18 14 0
2
41 43 
2
7234 20 12 0
7234 18 14 0
2
245 43 
2
7235 34 32 0
7235 18 14 0
2
42 105 
2
7973 16 16 0
7973 20 16 0
2
43 154 
2
7236 18 14 0
7236 28 18 0
2
42 106 
2
7974 16 16 0
7974 24 20 0
2
42 107 
2
7975 16 16 0
7975 30 16 0
2
40 42 
2
7976 10 16 0
7976 16 16 0
2
41 43 
2
7237 20 12 0
7237 18 14 0
2
42 105 
2
7977 16 16 0
7977 20 16 0
2
43 153 
2
7238 18 14 0
7238 24 26 0
2
42 106 
2
7978 16 16 0
7978 24 20 0
2
42 107 
2
7979 16 16 0
7979 30 16 0
2
20 40 
2
7977 14 16 0
7977 10 16 0
2
21 41 
2
7238 20 14 0
7238 20 12 0
2
18 38 
2
7965 4 18 0
7965 4 16 0
2
19 39 
2
7229 20 8 0
7229 22 8 0
2
16 36 
2
7885 4 24 0
7885 4 22 0
2
17 37 
2
7204 26 4 0
7204 24 4 0
2
34 36 
2
7886 2 24 0
7886 4 22 0
2
35 37 
2
7205 28 2 0
7205 24 4 0
2
245 38 
2
7966 34 32 0
7966 4 16 0
2
36 38 
2
7967 4 22 0
7967 4 16 0
2
247 38 
2
7968 34 28 0
7968 4 16 0
2
16 38 
2
7969 4 24 0
7969 4 16 0
2
245 38 
2
7970 34 32 0
7970 4 16 0
2
36 38 
2
7971 4 22 0
7971 4 16 0
2
247 38 
2
7972 34 28 0
7972 4 16 0
2
247 39 
2
7230 34 28 0
7230 22 8 0
2
37 39 
2
7231 24 4 0
7231 22 8 0
2
248 39 
2
7232 34 26 0
7232 22 8 0
2
17 39 
2
7233 26 4 0
7233 22 8 0
2
244 39 
2
7234 34 34 0
7234 22 8 0
2
37 39 
2
7235 24 4 0
7235 22 8 0
2
246 39 
2
7236 34 30 0
7236 22 8 0
2
244 40 
2
7978 34 34 0
7978 10 16 0
2
38 40 
2
7979 4 16 0
7979 10 16 0
2
245 40 
2
7980 34 32 0
7980 10 16 0
2
18 40 
2
7981 4 18 0
7981 10 16 0
2
244 40 
2
7982 34 34 0
7982 10 16 0
2
38 40 
2
7983 4 16 0
7983 10 16 0
2
245 40 
2
7984 34 32 0
7984 10 16 0
2
244 41 
2
7239 34 34 0
7239 20 12 0
2
39 41 
2
7240 22 8 0
7240 20 12 0
2
246 41 
2
7241 34 30 0
7241 20 12 0
2
19 41 
2
7242 20 8 0
7242 20 12 0
2
245 41 
2
7243 34 32 0
7243 20 12 0
2
39 41 
2
7244 22 8 0
7244 20 12 0
2
244 41 
2
7245 34 34 0
7245 20 12 0
2
246 42 
2
7980 34 30 0
7980 16 16 0
2
40 42 
2
7985 10 16 0
7985 16 16 0
2
244 42 
2
7986 34 34 0
7986 16 16 0
2
20 42 
2
7987 14 16 0
7987 16 16 0
2
245 42 
2
7988 34 32 0
7988 16 16 0
2
40 42 
2
7989 10 16 0
7989 16 16 0
2
244 42 
2
7990 34 34 0
7990 16 16 0
2
245 43 
2
7239 34 32 0
7239 18 14 0
2
41 43 
2
7246 20 12 0
7246 18 14 0
2
246 43 
2
7247 34 30 0
7247 18 14 0
2
21 43 
2
7248 20 14 0
7248 18 14 0
2
245 43 
2
7249 34 32 0
7249 18 14 0
2
41 43 
2
7250 20 12 0
7250 18 14 0
2
244 43 
2
7251 34 34 0
7251 18 14 0
2
42 104 
2
7991 16 16 0
7991 22 26 0
2
43 153 
2
7252 18 14 0
7252 24 26 0
2
42 105 
2
7992 16 16 0
7992 20 16 0
2
43 154 
2
7253 18 14 0
7253 28 18 0
2
42 106 
2
7993 16 16 0
7993 24 20 0
2
42 107 
2
7994 16 16 0
7994 30 16 0
2
42 108 
2
7995 16 16 0
7995 28 10 0
2
42 109 
2
7996 16 16 0
7996 26 10 0
2
42 111 
2
7997 16 16 0
7997 18 6 0
2
42 112 
2
7998 16 16 0
7998 30 14 0
2
42 113 
2
7999 16 16 0
7999 22 4 0
2
42 114 
2
8000 16 16 0
8000 30 10 0
2
42 115 
2
8001 16 16 0
8001 2 10 0
2
42 116 
2
8002 16 16 0
8002 8 8 0
2
42 117 
2
8003 16 16 0
8003 12 8 0
2
42 118 
2
8004 16 16 0
8004 12 12 0
2
42 119 
2
8005 16 16 0
8005 22 18 0
2
42 120 
2
8006 16 16 0
8006 28 20 0
2
42 121 
2
8007 16 16 0
8007 8 14 0
2
42 122 
2
8008 16 16 0
8008 12 6 0
2
42 123 
2
8009 16 16 0
8009 22 20 0
2
42 124 
2
8010 16 16 0
8010 20 26 0
2
42 125 
2
8011 16 16 0
8011 12 16 0
2
40 42 
2
8012 10 16 0
8012 16 16 0
2
41 43 
2
7254 20 12 0
7254 18 14 0
2
42 104 
2
8013 16 16 0
8013 22 26 0
2
43 156 
2
7255 18 14 0
7255 26 18 0
2
42 105 
2
8014 16 16 0
8014 20 16 0
2
42 106 
2
8015 16 16 0
8015 24 20 0
2
42 107 
2
8016 16 16 0
8016 30 16 0
2
42 108 
2
8017 16 16 0
8017 28 10 0
2
42 109 
2
8018 16 16 0
8018 26 10 0
2
42 111 
2
8019 16 16 0
8019 18 6 0
2
42 112 
2
8020 16 16 0
8020 30 14 0
2
42 113 
2
8021 16 16 0
8021 22 4 0
2
42 114 
2
8022 16 16 0
8022 30 10 0
2
42 115 
2
8023 16 16 0
8023 2 10 0
2
42 116 
2
8024 16 16 0
8024 8 8 0
2
42 117 
2
8025 16 16 0
8025 12 8 0
2
42 118 
2
8026 16 16 0
8026 12 12 0
2
42 119 
2
8027 16 16 0
8027 22 18 0
2
42 120 
2
8028 16 16 0
8028 28 20 0
2
42 121 
2
8029 16 16 0
8029 8 14 0
2
42 122 
2
8030 16 16 0
8030 12 6 0
2
42 123 
2
8031 16 16 0
8031 22 20 0
2
42 124 
2
8032 16 16 0
8032 20 26 0
2
42 125 
2
8033 16 16 0
8033 12 16 0
2
20 40 
2
8013 14 16 0
8013 10 16 0
2
21 41 
2
7255 20 14 0
7255 20 12 0
2
38 40 
2
8014 4 16 0
8014 10 16 0
2
39 41 
2
7256 22 8 0
7256 20 12 0
2
244 42 
2
8034 34 34 0
8034 16 16 0
2
40 42 
2
8035 10 16 0
8035 16 16 0
2
245 42 
2
8036 34 32 0
8036 16 16 0
2
20 42 
2
8037 14 16 0
8037 16 16 0
2
244 42 
2
8038 34 34 0
8038 16 16 0
2
40 42 
2
8039 10 16 0
8039 16 16 0
2
245 42 
2
8040 34 32 0
8040 16 16 0
2
244 43 
2
7256 34 34 0
7256 18 14 0
2
41 43 
2
7257 20 12 0
7257 18 14 0
2
245 43 
2
7258 34 32 0
7258 18 14 0
2
21 43 
2
7259 20 14 0
7259 18 14 0
2
244 43 
2
7260 34 34 0
7260 18 14 0
2
41 43 
2
7261 20 12 0
7261 18 14 0
2
245 43 
2
7262 34 32 0
7262 18 14 0
2
42 105 
2
8041 16 16 0
8041 20 16 0
2
43 155 
2
7263 18 14 0
7263 22 22 0
2
42 106 
2
8042 16 16 0
8042 24 20 0
2
42 107 
2
8043 16 16 0
8043 30 16 0
2
42 108 
2
8044 16 16 0
8044 28 10 0
2
42 109 
2
8045 16 16 0
8045 26 10 0
2
42 111 
2
8046 16 16 0
8046 18 6 0
2
42 112 
2
8047 16 16 0
8047 30 14 0
2
42 113 
2
8048 16 16 0
8048 22 4 0
2
42 114 
2
8049 16 16 0
8049 30 10 0
2
42 115 
2
8050 16 16 0
8050 2 10 0
2
42 116 
2
8051 16 16 0
8051 8 8 0
2
42 117 
2
8052 16 16 0
8052 12 8 0
2
42 118 
2
8053 16 16 0
8053 12 12 0
2
42 119 
2
8054 16 16 0
8054 22 18 0
2
42 120 
2
8055 16 16 0
8055 28 20 0
2
42 121 
2
8056 16 16 0
8056 8 14 0
2
42 122 
2
8057 16 16 0
8057 12 6 0
2
42 123 
2
8058 16 16 0
8058 22 20 0
2
42 124 
2
8059 16 16 0
8059 20 26 0
2
42 125 
2
8060 16 16 0
8060 12 16 0
2
42 126 
2
8061 16 16 0
8061 16 10 0
2
40 42 
2
8062 10 16 0
8062 16 16 0
2
41 43 
2
7264 20 12 0
7264 18 14 0
2
42 105 
2
8063 16 16 0
8063 20 16 0
2
43 155 
2
7265 18 14 0
7265 22 22 0
2
42 106 
2
8064 16 16 0
8064 24 20 0
2
43 156 
2
7266 18 14 0
7266 26 18 0
2
42 107 
2
8065 16 16 0
8065 30 16 0
2
42 108 
2
8066 16 16 0
8066 28 10 0
2
42 109 
2
8067 16 16 0
8067 26 10 0
2
42 111 
2
8068 16 16 0
8068 18 6 0
2
42 112 
2
8069 16 16 0
8069 30 14 0
2
42 113 
2
8070 16 16 0
8070 22 4 0
2
42 114 
2
8071 16 16 0
8071 30 10 0
2
42 115 
2
8072 16 16 0
8072 2 10 0
2
42 116 
2
8073 16 16 0
8073 8 8 0
2
42 117 
2
8074 16 16 0
8074 12 8 0
2
42 118 
2
8075 16 16 0
8075 12 12 0
2
42 119 
2
8076 16 16 0
8076 22 18 0
2
42 120 
2
8077 16 16 0
8077 28 20 0
2
42 121 
2
8078 16 16 0
8078 8 14 0
2
42 122 
2
8079 16 16 0
8079 12 6 0
2
42 123 
2
8080 16 16 0
8080 22 20 0
2
42 124 
2
8081 16 16 0
8081 20 26 0
2
42 125 
2
8082 16 16 0
8082 12 16 0
2
42 126 
2
8083 16 16 0
8083 16 10 0
2
20 40 
2
8063 14 16 0
8063 10 16 0
2
21 41 
2
7265 20 14 0
7265 20 12 0
2
18 38 
2
8015 4 18 0
8015 4 16 0
2
19 39 
2
7257 20 8 0
7257 22 8 0
2
36 38 
2
8016 4 22 0
8016 4 16 0
2
37 39 
2
7258 24 4 0
7258 22 8 0
2
244 40 
2
8064 34 34 0
8064 10 16 0
2
38 40 
2
8065 4 16 0
8065 10 16 0
2
245 40 
2
8066 34 32 0
8066 10 16 0
2
18 40 
2
8067 4 18 0
8067 10 16 0
2
244 40 
2
8068 34 34 0
8068 10 16 0
2
38 40 
2
8069 4 16 0
8069 10 16 0
2
245 40 
2
8070 34 32 0
8070 10 16 0
2
245 41 
2
7266 34 32 0
7266 20 12 0
2
39 41 
2
7267 22 8 0
7267 20 12 0
2
247 41 
2
7268 34 28 0
7268 20 12 0
2
19 41 
2
7269 20 8 0
7269 20 12 0
2
244 41 
2
7270 34 34 0
7270 20 12 0
2
39 41 
2
7271 22 8 0
7271 20 12 0
2
246 41 
2
7272 34 30 0
7272 20 12 0
2
244 42 
2
8084 34 34 0
8084 16 16 0
2
40 42 
2
8085 10 16 0
8085 16 16 0
2
245 42 
2
8086 34 32 0
8086 16 16 0
2
20 42 
2
8087 14 16 0
8087 16 16 0
2
244 42 
2
8088 34 34 0
8088 16 16 0
2
40 42 
2
8089 10 16 0
8089 16 16 0
2
245 42 
2
8090 34 32 0
8090 16 16 0
2
244 43 
2
7267 34 34 0
7267 18 14 0
2
41 43 
2
7273 20 12 0
7273 18 14 0
2
247 43 
2
7274 34 28 0
7274 18 14 0
2
21 43 
2
7275 20 14 0
7275 18 14 0
2
246 43 
2
7276 34 30 0
7276 18 14 0
2
41 43 
2
7277 20 12 0
7277 18 14 0
2
247 43 
2
7278 34 28 0
7278 18 14 0
2
42 125 
2
8091 16 16 0
8091 12 16 0
2
43 158 
2
7279 18 14 0
7279 4 14 0
2
42 126 
2
8092 16 16 0
8092 16 10 0
2
42 128 
2
8093 16 16 0
8093 16 14 0
2
40 42 
2
8094 10 16 0
8094 16 16 0
2
41 43 
2
7280 20 12 0
7280 18 14 0
2
42 125 
2
8095 16 16 0
8095 12 16 0
2
43 157 
2
7281 18 14 0
7281 24 16 0
2
42 126 
2
8096 16 16 0
8096 16 10 0
2
42 128 
2
8097 16 16 0
8097 16 14 0
2
20 40 
2
8095 14 16 0
8095 10 16 0
2
21 41 
2
7281 20 14 0
7281 20 12 0
2
38 40 
2
8096 4 16 0
8096 10 16 0
2
39 41 
2
7282 22 8 0
7282 20 12 0
2
244 42 
2
8098 34 34 0
8098 16 16 0
2
40 42 
2
8099 10 16 0
8099 16 16 0
2
246 42 
2
8100 34 30 0
8100 16 16 0
2
20 42 
2
8101 14 16 0
8101 16 16 0
2
244 42 
2
8102 34 34 0
8102 16 16 0
2
40 42 
2
8103 10 16 0
8103 16 16 0
2
246 42 
2
8104 34 30 0
8104 16 16 0
2
244 43 
2
7282 34 34 0
7282 18 14 0
2
41 43 
2
7283 20 12 0
7283 18 14 0
2
245 43 
2
7284 34 32 0
7284 18 14 0
2
21 43 
2
7285 20 14 0
7285 18 14 0
2
244 43 
2
7286 34 34 0
7286 18 14 0
2
41 43 
2
7287 20 12 0
7287 18 14 0
2
245 43 
2
7288 34 32 0
7288 18 14 0
2
42 126 
2
8105 16 16 0
8105 16 10 0
2
43 157 
2
7289 18 14 0
7289 24 16 0
2
42 128 
2
8106 16 16 0
8106 16 14 0
2
43 158 
2
7290 18 14 0
7290 4 14 0
2
42 129 
2
8107 16 16 0
8107 28 12 0
2
40 42 
2
8108 10 16 0
8108 16 16 0
2
41 43 
2
7291 20 12 0
7291 18 14 0
2
42 126 
2
8109 16 16 0
8109 16 10 0
2
43 160 
2
7292 18 14 0
7292 10 14 0
2
42 128 
2
8110 16 16 0
8110 16 14 0
2
42 129 
2
8111 16 16 0
8111 28 12 0
2
20 40 
2
8109 14 16 0
8109 10 16 0
2
21 41 
2
7292 20 14 0
7292 20 12 0
2
18 38 
2
8097 4 18 0
8097 4 16 0
2
19 39 
2
7283 20 8 0
7283 22 8 0
2
16 36 
2
8017 4 24 0
8017 4 22 0
2
17 37 
2
7259 26 4 0
7259 24 4 0
2
14 34 
2
7887 4 26 0
7887 2 24 0
2
15 35 
2
7206 26 2 0
7206 28 2 0
2
12 32 
2
7625 2 26 0
7625 2 28 0
2
13 33 
2
7101 30 2 0
7101 32 2 0
2
30 32 
2
7626 4 28 0
7626 2 28 0
2
31 33 
2
7102 32 6 0
7102 32 2 0
2
244 34 
2
7888 34 34 0
7888 2 24 0
2
32 34 
2
7889 2 28 0
7889 2 24 0
2
245 34 
2
7890 34 32 0
7890 2 24 0
2
12 34 
2
7891 2 26 0
7891 2 24 0
2
244 34 
2
7892 34 34 0
7892 2 24 0
2
32 34 
2
7893 2 28 0
7893 2 24 0
2
245 34 
2
7894 34 32 0
7894 2 24 0
2
246 35 
2
7207 34 30 0
7207 28 2 0
2
33 35 
2
7208 32 2 0
7208 28 2 0
2
244 35 
2
7209 34 34 0
7209 28 2 0
2
13 35 
2
7210 30 2 0
7210 28 2 0
2
245 35 
2
7211 34 32 0
7211 28 2 0
2
33 35 
2
7212 32 2 0
7212 28 2 0
2
247 35 
2
7213 34 28 0
7213 28 2 0
2
244 36 
2
8018 34 34 0
8018 4 22 0
2
34 36 
2
8019 2 24 0
8019 4 22 0
2
245 36 
2
8020 34 32 0
8020 4 22 0
2
14 36 
2
8021 4 26 0
8021 4 22 0
2
244 36 
2
8022 34 34 0
8022 4 22 0
2
34 36 
2
8023 2 24 0
8023 4 22 0
2
245 36 
2
8024 34 32 0
8024 4 22 0
2
246 37 
2
7260 34 30 0
7260 24 4 0
2
35 37 
2
7261 28 2 0
7261 24 4 0
2
247 37 
2
7262 34 28 0
7262 24 4 0
2
15 37 
2
7263 26 2 0
7263 24 4 0
2
244 37 
2
7264 34 34 0
7264 24 4 0
2
35 37 
2
7265 28 2 0
7265 24 4 0
2
246 37 
2
7266 34 30 0
7266 24 4 0
2
245 38 
2
8098 34 32 0
8098 4 16 0
2
36 38 
2
8099 4 22 0
8099 4 16 0
2
247 38 
2
8100 34 28 0
8100 4 16 0
2
16 38 
2
8101 4 24 0
8101 4 16 0
2
245 38 
2
8102 34 32 0
8102 4 16 0
2
36 38 
2
8103 4 22 0
8103 4 16 0
2
247 38 
2
8104 34 28 0
8104 4 16 0
2
246 39 
2
7284 34 30 0
7284 22 8 0
2
37 39 
2
7285 24 4 0
7285 22 8 0
2
247 39 
2
7286 34 28 0
7286 22 8 0
2
17 39 
2
7287 26 4 0
7287 22 8 0
2
246 39 
2
7288 34 30 0
7288 22 8 0
2
37 39 
2
7289 24 4 0
7289 22 8 0
2
244 39 
2
7290 34 34 0
7290 22 8 0
2
244 40 
2
8110 34 34 0
8110 10 16 0
2
38 40 
2
8111 4 16 0
8111 10 16 0
2
245 40 
2
8112 34 32 0
8112 10 16 0
2
18 40 
2
8113 4 18 0
8113 10 16 0
2
244 40 
2
8114 34 34 0
8114 10 16 0
2
38 40 
2
8115 4 16 0
8115 10 16 0
2
245 40 
2
8116 34 32 0
8116 10 16 0
2
244 41 
2
7293 34 34 0
7293 20 12 0
2
39 41 
2
7294 22 8 0
7294 20 12 0
2
245 41 
2
7295 34 32 0
7295 20 12 0
2
19 41 
2
7296 20 8 0
7296 20 12 0
2
246 41 
2
7297 34 30 0
7297 20 12 0
2
39 41 
2
7298 22 8 0
7298 20 12 0
2
244 41 
2
7299 34 34 0
7299 20 12 0
2
246 42 
2
8112 34 30 0
8112 16 16 0
2
40 42 
2
8117 10 16 0
8117 16 16 0
2
244 42 
2
8118 34 34 0
8118 16 16 0
2
20 42 
2
8119 14 16 0
8119 16 16 0
2
245 42 
2
8120 34 32 0
8120 16 16 0
2
40 42 
2
8121 10 16 0
8121 16 16 0
2
244 42 
2
8122 34 34 0
8122 16 16 0
2
246 43 
2
7293 34 30 0
7293 18 14 0
2
41 43 
2
7300 20 12 0
7300 18 14 0
2
245 43 
2
7301 34 32 0
7301 18 14 0
2
21 43 
2
7302 20 14 0
7302 18 14 0
2
244 43 
2
7303 34 34 0
7303 18 14 0
2
41 43 
2
7304 20 12 0
7304 18 14 0
2
245 43 
2
7305 34 32 0
7305 18 14 0
2
42 125 
2
8123 16 16 0
8123 12 16 0
2
43 159 
2
7306 18 14 0
7306 14 4 0
2
42 126 
2
8124 16 16 0
8124 16 10 0
2
42 128 
2
8125 16 16 0
8125 16 14 0
2
42 129 
2
8126 16 16 0
8126 28 12 0
2
42 130 
2
8127 16 16 0
8127 22 6 0
2
42 131 
2
8128 16 16 0
8128 28 14 0
2
42 149 
2
8129 16 16 0
8129 20 6 0
2
42 150 
2
8130 16 16 0
8130 24 8 0
2
42 151 
2
8131 16 16 0
8131 22 2 0
2
42 152 
2
8132 16 16 0
8132 22 30 0
2
42 153 
2
8133 16 16 0
8133 24 26 0
2
42 154 
2
8134 16 16 0
8134 28 18 0
2
42 155 
2
8135 16 16 0
8135 22 22 0
2
42 156 
2
8136 16 16 0
8136 26 18 0
2
42 157 
2
8137 16 16 0
8137 24 16 0
2
42 158 
2
8138 16 16 0
8138 4 14 0
2
42 159 
2
8139 16 16 0
8139 14 4 0
2
42 160 
2
8140 16 16 0
8140 10 14 0
2
42 161 
2
8141 16 16 0
8141 14 2 0
2
42 162 
2
8142 16 16 0
8142 30 18 0
2
42 163 
2
8143 16 16 0
8143 24 22 0
2
40 42 
2
8144 10 16 0
8144 16 16 0
2
41 43 
2
7307 20 12 0
7307 18 14 0
2
42 125 
2
8145 16 16 0
8145 12 16 0
2
43 159 
2
8140 18 14 0
8140 14 4 0
2
42 126 
2
8146 16 16 0
8146 16 10 0
2
43 160 
2
8141 18 14 0
8141 10 14 0
2
42 128 
2
8147 16 16 0
8147 16 14 0
2
42 129 
2
8148 16 16 0
8148 28 12 0
2
42 130 
2
8149 16 16 0
8149 22 6 0
2
42 131 
2
8150 16 16 0
8150 28 14 0
2
42 149 
2
8151 16 16 0
8151 20 6 0
2
42 150 
2
8152 16 16 0
8152 24 8 0
2
42 151 
2
8153 16 16 0
8153 22 2 0
2
42 152 
2
8154 16 16 0
8154 22 30 0
2
42 153 
2
8155 16 16 0
8155 24 26 0
2
42 154 
2
8156 16 16 0
8156 28 18 0
2
42 155 
2
8157 16 16 0
8157 22 22 0
2
42 156 
2
8158 16 16 0
8158 26 18 0
2
42 157 
2
8159 16 16 0
8159 24 16 0
2
42 158 
2
8160 16 16 0
8160 4 14 0
2
42 159 
2
8161 16 16 0
8161 14 4 0
2
42 160 
2
8162 16 16 0
8162 10 14 0
2
42 161 
2
8163 16 16 0
8163 14 2 0
2
42 162 
2
8164 16 16 0
8164 30 18 0
2
42 163 
2
8165 16 16 0
8165 24 22 0
2
20 40 
2
8145 14 16 0
8145 10 16 0
2
21 41 
2
7308 20 14 0
7308 20 12 0
2
38 40 
2
8146 4 16 0
8146 10 16 0
2
39 41 
2
7309 22 8 0
7309 20 12 0
2
244 42 
2
8166 34 34 0
8166 16 16 0
2
40 42 
2
8167 10 16 0
8167 16 16 0
2
245 42 
2
8168 34 32 0
8168 16 16 0
2
20 42 
2
8169 14 16 0
8169 16 16 0
2
244 42 
2
8170 34 34 0
8170 16 16 0
2
40 42 
2
8171 10 16 0
8171 16 16 0
2
245 42 
2
8172 34 32 0
8172 16 16 0
2
244 43 
2
8142 34 34 0
8142 18 14 0
2
41 43 
2
8143 20 12 0
8143 18 14 0
2
245 43 
2
8144 34 32 0
8144 18 14 0
2
21 43 
2
8145 20 14 0
8145 18 14 0
2
244 43 
2
8146 34 34 0
8146 18 14 0
2
41 43 
2
8147 20 12 0
8147 18 14 0
2
245 43 
2
8148 34 32 0
8148 18 14 0
2
42 126 
2
8173 16 16 0
8173 16 10 0
2
43 162 
2
8165 18 14 0
8165 30 18 0
2
42 128 
2
8174 16 16 0
8174 16 14 0
2
42 129 
2
8175 16 16 0
8175 28 12 0
2
42 130 
2
8176 16 16 0
8176 22 6 0
2
42 131 
2
8177 16 16 0
8177 28 14 0
2
42 149 
2
8178 16 16 0
8178 20 6 0
2
42 150 
2
8179 16 16 0
8179 24 8 0
2
42 151 
2
8180 16 16 0
8180 22 2 0
2
42 152 
2
8181 16 16 0
8181 22 30 0
2
42 153 
2
8182 16 16 0
8182 24 26 0
2
42 154 
2
8183 16 16 0
8183 28 18 0
2
42 155 
2
8184 16 16 0
8184 22 22 0
2
42 156 
2
8185 16 16 0
8185 26 18 0
2
42 157 
2
8186 16 16 0
8186 24 16 0
2
42 158 
2
8187 16 16 0
8187 4 14 0
2
42 159 
2
8188 16 16 0
8188 14 4 0
2
42 160 
2
8189 16 16 0
8189 10 14 0
2
42 161 
2
8190 16 16 0
8190 14 2 0
2
42 162 
2
8191 16 16 0
8191 30 18 0
2
42 163 
2
8192 16 16 0
8192 24 22 0
2
42 164 
2
8193 16 16 0
8193 26 20 0
2
40 42 
2
8194 10 16 0
8194 16 16 0
2
41 43 
2
8166 20 12 0
8166 18 14 0
2
42 126 
2
8195 16 16 0
8195 16 10 0
2
43 161 
2
8191 18 14 0
8191 14 2 0
2
42 128 
2
8196 16 16 0
8196 16 14 0
2
42 129 
2
8197 16 16 0
8197 28 12 0
2
42 130 
2
8198 16 16 0
8198 22 6 0
2
42 131 
2
8199 16 16 0
8199 28 14 0
2
42 149 
2
8200 16 16 0
8200 20 6 0
2
42 150 
2
8201 16 16 0
8201 24 8 0
2
42 151 
2
8202 16 16 0
8202 22 2 0
2
42 152 
2
8203 16 16 0
8203 22 30 0
2
42 153 
2
8204 16 16 0
8204 24 26 0
2
42 154 
2
8205 16 16 0
8205 28 18 0
2
42 155 
2
8206 16 16 0
8206 22 22 0
2
42 156 
2
8207 16 16 0
8207 26 18 0
2
42 157 
2
8208 16 16 0
8208 24 16 0
2
42 158 
2
8209 16 16 0
8209 4 14 0
2
42 159 
2
8210 16 16 0
8210 14 4 0
2
42 160 
2
8211 16 16 0
8211 10 14 0
2
42 161 
2
8212 16 16 0
8212 14 2 0
2
42 162 
2
8213 16 16 0
8213 30 18 0
2
42 163 
2
8214 16 16 0
8214 24 22 0
2
42 164 
2
8215 16 16 0
8215 26 20 0
2
20 40 
2
8195 14 16 0
8195 10 16 0
2
21 41 
2
8167 20 14 0
8167 20 12 0
2
18 38 
2
8147 4 18 0
8147 4 16 0
2
19 39 
2
7310 20 8 0
7310 22 8 0
2
36 38 
2
8148 4 22 0
8148 4 16 0
2
37 39 
2
7311 24 4 0
7311 22 8 0
2
244 40 
2
8196 34 34 0
8196 10 16 0
2
38 40 
2
8197 4 16 0
8197 10 16 0
2
245 40 
2
8198 34 32 0
8198 10 16 0
2
18 40 
2
8199 4 18 0
8199 10 16 0
2
244 40 
2
8200 34 34 0
8200 10 16 0
2
38 40 
2
8201 4 16 0
8201 10 16 0
2
245 40 
2
8202 34 32 0
8202 10 16 0
2
246 41 
2
8168 34 30 0
8168 20 12 0
2
39 41 
2
8169 22 8 0
8169 20 12 0
2
247 41 
2
8170 34 28 0
8170 20 12 0
2
19 41 
2
8171 20 8 0
8171 20 12 0
2
246 41 
2
8172 34 30 0
8172 20 12 0
2
39 41 
2
8173 22 8 0
8173 20 12 0
2
244 41 
2
8174 34 34 0
8174 20 12 0
2
244 42 
2
8216 34 34 0
8216 16 16 0
2
40 42 
2
8217 10 16 0
8217 16 16 0
2
245 42 
2
8218 34 32 0
8218 16 16 0
2
20 42 
2
8219 14 16 0
8219 16 16 0
2
246 42 
2
8220 34 30 0
8220 16 16 0
2
40 42 
2
8221 10 16 0
8221 16 16 0
2
244 42 
2
8222 34 34 0
8222 16 16 0
2
244 43 
2
8192 34 34 0
8192 18 14 0
2
41 43 
2
8193 20 12 0
8193 18 14 0
2
245 43 
2
8194 34 32 0
8194 18 14 0
2
21 43 
2
8195 20 14 0
8195 18 14 0
2
246 43 
2
8196 34 30 0
8196 18 14 0
2
41 43 
2
8197 20 12 0
8197 18 14 0
2
247 43 
2
8198 34 28 0
8198 18 14 0
2
42 163 
2
8223 16 16 0
8223 24 22 0
2
43 161 
2
8213 18 14 0
8213 14 2 0
2
42 164 
2
8224 16 16 0
8224 26 20 0
2
43 162 
2
8214 18 14 0
8214 30 18 0
2
42 166 
2
8225 16 16 0
8225 20 22 0
2
40 42 
2
8226 10 16 0
8226 16 16 0
2
41 43 
2
8215 20 12 0
8215 18 14 0
2
42 163 
2
8227 16 16 0
8227 24 22 0
2
43 164 
2
8225 18 14 0
8225 26 20 0
2
42 164 
2
8228 16 16 0
8228 26 20 0
2
42 166 
2
8229 16 16 0
8229 20 22 0
2
20 40 
2
8227 14 16 0
8227 10 16 0
2
21 41 
2
8216 20 14 0
8216 20 12 0
2
38 40 
2
8228 4 16 0
8228 10 16 0
2
39 41 
2
8217 22 8 0
8217 20 12 0
2
245 42 
2
8230 34 32 0
8230 16 16 0
2
40 42 
2
8231 10 16 0
8231 16 16 0
2
244 42 
2
8232 34 34 0
8232 16 16 0
2
20 42 
2
8233 14 16 0
8233 16 16 0
2
245 42 
2
8234 34 32 0
8234 16 16 0
2
40 42 
2
8235 10 16 0
8235 16 16 0
2
244 42 
2
8236 34 34 0
8236 16 16 0
2
245 43 
2
8226 34 32 0
8226 18 14 0
2
41 43 
2
8227 20 12 0
8227 18 14 0
2
244 43 
2
8228 34 34 0
8228 18 14 0
2
21 43 
2
8229 20 14 0
8229 18 14 0
2
247 43 
2
8230 34 28 0
8230 18 14 0
2
41 43 
2
8231 20 12 0
8231 18 14 0
2
249 43 
2
8232 34 24 0
8232 18 14 0
2
42 164 
2
8237 16 16 0
8237 26 20 0
2
43 163 
2
8233 18 14 0
8233 24 22 0
2
42 166 
2
8238 16 16 0
8238 20 22 0
2
42 167 
2
8239 16 16 0
8239 22 12 0
2
40 42 
2
8240 10 16 0
8240 16 16 0
2
41 43 
2
8234 20 12 0
8234 18 14 0
2
42 164 
2
8241 16 16 0
8241 26 20 0
2
43 163 
2
8235 18 14 0
8235 24 22 0
2
42 166 
2
8242 16 16 0
8242 20 22 0
2
43 164 
2
8242 18 14 0
8242 26 20 0
2
42 167 
2
8243 16 16 0
8243 22 12 0
2
20 40 
2
8241 14 16 0
8241 10 16 0
2
21 41 
2
8235 20 14 0
8235 20 12 0
2
18 38 
2
8229 4 18 0
8229 4 16 0
2
19 39 
2
8218 20 8 0
8218 22 8 0
2
16 36 
2
8149 4 24 0
8149 4 22 0
2
17 37 
2
7312 26 4 0
7312 24 4 0
2
34 36 
2
8150 2 24 0
8150 4 22 0
2
35 37 
2
7313 28 2 0
7313 24 4 0
2
246 38 
2
8230 34 30 0
8230 4 16 0
2
36 38 
2
8231 4 22 0
8231 4 16 0
2
248 38 
2
8232 34 26 0
8232 4 16 0
2
16 38 
2
8233 4 24 0
8233 4 16 0
2
246 38 
2
8234 34 30 0
8234 4 16 0
2
36 38 
2
8235 4 22 0
8235 4 16 0
2
247 38 
2
8236 34 28 0
8236 4 16 0
2
244 39 
2
8219 34 34 0
8219 22 8 0
2
37 39 
2
8220 24 4 0
8220 22 8 0
2
245 39 
2
8221 34 32 0
8221 22 8 0
2
17 39 
2
8222 26 4 0
8222 22 8 0
2
246 39 
2
8223 34 30 0
8223 22 8 0
2
37 39 
2
8224 24 4 0
8224 22 8 0
2
244 39 
2
8225 34 34 0
8225 22 8 0
2
245 40 
2
8242 34 32 0
8242 10 16 0
2
38 40 
2
8243 4 16 0
8243 10 16 0
2
247 40 
2
8244 34 28 0
8244 10 16 0
2
18 40 
2
8245 4 18 0
8245 10 16 0
2
244 40 
2
8246 34 34 0
8246 10 16 0
2
38 40 
2
8247 4 16 0
8247 10 16 0
2
245 40 
2
8248 34 32 0
8248 10 16 0
2
248 41 
2
8236 34 26 0
8236 20 12 0
2
39 41 
2
8237 22 8 0
8237 20 12 0
2
245 41 
2
8238 34 32 0
8238 20 12 0
2
19 41 
2
8239 20 8 0
8239 20 12 0
2
244 41 
2
8240 34 34 0
8240 20 12 0
2
39 41 
2
8241 22 8 0
8241 20 12 0
2
246 41 
2
8242 34 30 0
8242 20 12 0
2
248 42 
2
8244 34 26 0
8244 16 16 0
2
40 42 
2
8249 10 16 0
8249 16 16 0
2
246 42 
2
8250 34 30 0
8250 16 16 0
2
20 42 
2
8251 14 16 0
8251 16 16 0
2
244 42 
2
8252 34 34 0
8252 16 16 0
2
40 42 
2
8253 10 16 0
8253 16 16 0
2
245 42 
2
8254 34 32 0
8254 16 16 0
2
244 43 
2
8243 34 34 0
8243 18 14 0
2
41 43 
2
8244 20 12 0
8244 18 14 0
2
245 43 
2
8245 34 32 0
8245 18 14 0
2
21 43 
2
8246 20 14 0
8246 18 14 0
2
246 43 
2
8247 34 30 0
8247 18 14 0
2
41 43 
2
8248 20 12 0
8248 18 14 0
2
244 43 
2
8249 34 34 0
8249 18 14 0
2
42 163 
2
8255 16 16 0
8255 24 22 0
2
43 167 
2
8250 18 14 0
8250 22 12 0
2
42 164 
2
8256 16 16 0
8256 26 20 0
2
42 166 
2
8257 16 16 0
8257 20 22 0
2
42 167 
2
8258 16 16 0
8258 22 12 0
2
42 168 
2
8259 16 16 0
8259 24 10 0
2
42 169 
2
8260 16 16 0
8260 18 2 0
2
42 170 
2
8261 16 16 0
8261 26 14 0
2
42 171 
2
8262 16 16 0
8262 20 4 0
2
42 172 
2
8263 16 16 0
8263 26 8 0
2
42 173 
2
8264 16 16 0
8264 26 6 0
2
42 174 
2
8265 16 16 0
8265 20 32 0
2
42 175 
2
8266 16 16 0
8266 6 8 0
2
42 176 
2
8267 16 16 0
8267 20 30 0
2
42 177 
2
8268 16 16 0
8268 8 4 0
2
42 178 
2
8269 16 16 0
8269 10 2 0
2
42 179 
2
8270 16 16 0
8270 30 22 0
2
42 180 
2
8271 16 16 0
8271 26 26 0
2
42 181 
2
8272 16 16 0
8272 32 20 0
2
42 182 
2
8273 16 16 0
8273 32 10 0
2
42 183 
2
8274 16 16 0
8274 2 8 0
2
42 184 
2
8275 16 16 0
8275 30 8 0
2
40 42 
2
8276 10 16 0
8276 16 16 0
2
41 43 
2
8251 20 12 0
8251 18 14 0
2
42 163 
2
8277 16 16 0
8277 24 22 0
2
43 166 
2
8258 18 14 0
8258 20 22 0
2
42 164 
2
8278 16 16 0
8278 26 20 0
2
42 166 
2
8279 16 16 0
8279 20 22 0
2
42 167 
2
8280 16 16 0
8280 22 12 0
2
42 168 
2
8281 16 16 0
8281 24 10 0
2
42 169 
2
8282 16 16 0
8282 18 2 0
2
42 170 
2
8283 16 16 0
8283 26 14 0
2
42 171 
2
8284 16 16 0
8284 20 4 0
2
42 172 
2
8285 16 16 0
8285 26 8 0
2
42 173 
2
8286 16 16 0
8286 26 6 0
2
42 174 
2
8287 16 16 0
8287 20 32 0
2
42 175 
2
8288 16 16 0
8288 6 8 0
2
42 176 
2
8289 16 16 0
8289 20 30 0
2
42 177 
2
8290 16 16 0
8290 8 4 0
2
42 178 
2
8291 16 16 0
8291 10 2 0
2
42 179 
2
8292 16 16 0
8292 30 22 0
2
42 180 
2
8293 16 16 0
8293 26 26 0
2
42 181 
2
8294 16 16 0
8294 32 20 0
2
42 182 
2
8295 16 16 0
8295 32 10 0
2
42 183 
2
8296 16 16 0
8296 2 8 0
2
42 184 
2
8297 16 16 0
8297 30 8 0
2
20 40 
2
8277 14 16 0
8277 10 16 0
2
21 41 
2
8252 20 14 0
8252 20 12 0
2
38 40 
2
8278 4 16 0
8278 10 16 0
2
39 41 
2
8253 22 8 0
8253 20 12 0
2
244 42 
2
8298 34 34 0
8298 16 16 0
2
40 42 
2
8299 10 16 0
8299 16 16 0
2
245 42 
2
8300 34 32 0
8300 16 16 0
2
20 42 
2
8301 14 16 0
8301 16 16 0
2
244 42 
2
8302 34 34 0
8302 16 16 0
2
40 42 
2
8303 10 16 0
8303 16 16 0
2
245 42 
2
8304 34 32 0
8304 16 16 0
2
245 43 
2
8259 34 32 0
8259 18 14 0
2
41 43 
2
8260 20 12 0
8260 18 14 0
2
244 43 
2
8261 34 34 0
8261 18 14 0
2
21 43 
2
8262 20 14 0
8262 18 14 0
2
245 43 
2
8263 34 32 0
8263 18 14 0
2
41 43 
2
8264 20 12 0
8264 18 14 0
2
244 43 
2
8265 34 34 0
8265 18 14 0
2
42 164 
2
8305 16 16 0
8305 26 20 0
2
43 166 
2
8280 18 14 0
8280 20 22 0
2
42 166 
2
8306 16 16 0
8306 20 22 0
2
43 167 
2
8281 18 14 0
8281 22 12 0
2
42 167 
2
8307 16 16 0
8307 22 12 0
2
42 168 
2
8308 16 16 0
8308 24 10 0
2
42 169 
2
8309 16 16 0
8309 18 2 0
2
42 170 
2
8310 16 16 0
8310 26 14 0
2
42 171 
2
8311 16 16 0
8311 20 4 0
2
42 172 
2
8312 16 16 0
8312 26 8 0
2
42 173 
2
8313 16 16 0
8313 26 6 0
2
42 174 
2
8314 16 16 0
8314 20 32 0
2
42 175 
2
8315 16 16 0
8315 6 8 0
2
42 176 
2
8316 16 16 0
8316 20 30 0
2
42 177 
2
8317 16 16 0
8317 8 4 0
2
42 178 
2
8318 16 16 0
8318 10 2 0
2
42 179 
2
8319 16 16 0
8319 30 22 0
2
42 180 
2
8320 16 16 0
8320 26 26 0
2
42 181 
2
8321 16 16 0
8321 32 20 0
2
42 182 
2
8322 16 16 0
8322 32 10 0
2
42 183 
2
8323 16 16 0
8323 2 8 0
2
42 184 
2
8324 16 16 0
8324 30 8 0
2
42 185 
2
8325 16 16 0
8325 24 30 0
2
40 42 
2
8326 10 16 0
8326 16 16 0
2
41 43 
2
8282 20 12 0
8282 18 14 0
2
42 164 
2
8327 16 16 0
8327 26 20 0
2
43 169 
2
8310 18 14 0
8310 18 2 0
2
42 166 
2
8328 16 16 0
8328 20 22 0
2
42 167 
2
8329 16 16 0
8329 22 12 0
2
42 168 
2
8330 16 16 0
8330 24 10 0
2
42 169 
2
8331 16 16 0
8331 18 2 0
2
42 170 
2
8332 16 16 0
8332 26 14 0
2
42 171 
2
8333 16 16 0
8333 20 4 0
2
42 172 
2
8334 16 16 0
8334 26 8 0
2
42 173 
2
8335 16 16 0
8335 26 6 0
2
42 174 
2
8336 16 16 0
8336 20 32 0
2
42 175 
2
8337 16 16 0
8337 6 8 0
2
42 176 
2
8338 16 16 0
8338 20 30 0
2
42 177 
2
8339 16 16 0
8339 8 4 0
2
42 178 
2
8340 16 16 0
8340 10 2 0
2
42 179 
2
8341 16 16 0
8341 30 22 0
2
42 180 
2
8342 16 16 0
8342 26 26 0
2
42 181 
2
8343 16 16 0
8343 32 20 0
2
42 182 
2
8344 16 16 0
8344 32 10 0
2
42 183 
2
8345 16 16 0
8345 2 8 0
2
42 184 
2
8346 16 16 0
8346 30 8 0
2
42 185 
2
8347 16 16 0
8347 24 30 0
2
20 40 
2
8327 14 16 0
8327 10 16 0
2
21 41 
2
8283 20 14 0
8283 20 12 0
2
18 38 
2
8279 4 18 0
8279 4 16 0
2
19 39 
2
8254 20 8 0
8254 22 8 0
2
36 38 
2
8280 4 22 0
8280 4 16 0
2
37 39 
2
8255 24 4 0
8255 22 8 0
2
244 40 
2
8328 34 34 0
8328 10 16 0
2
38 40 
2
8329 4 16 0
8329 10 16 0
2
245 40 
2
8330 34 32 0
8330 10 16 0
2
18 40 
2
8331 4 18 0
8331 10 16 0
2
244 40 
2
8332 34 34 0
8332 10 16 0
2
38 40 
2
8333 4 16 0
8333 10 16 0
2
245 40 
2
8334 34 32 0
8334 10 16 0
2
246 41 
2
8284 34 30 0
8284 20 12 0
2
39 41 
2
8285 22 8 0
8285 20 12 0
2
247 41 
2
8286 34 28 0
8286 20 12 0
2
19 41 
2
8287 20 8 0
8287 20 12 0
2
246 41 
2
8288 34 30 0
8288 20 12 0
2
39 41 
2
8289 22 8 0
8289 20 12 0
2
244 41 
2
8290 34 34 0
8290 20 12 0
2
244 42 
2
8348 34 34 0
8348 16 16 0
2
40 42 
2
8349 10 16 0
8349 16 16 0
2
246 42 
2
8350 34 30 0
8350 16 16 0
2
20 42 
2
8351 14 16 0
8351 16 16 0
2
245 42 
2
8352 34 32 0
8352 16 16 0
2
40 42 
2
8353 10 16 0
8353 16 16 0
2
244 42 
2
8354 34 34 0
8354 16 16 0
2
244 43 
2
8311 34 34 0
8311 18 14 0
2
41 43 
2
8312 20 12 0
8312 18 14 0
2
245 43 
2
8313 34 32 0
8313 18 14 0
2
21 43 
2
8314 20 14 0
8314 18 14 0
2
244 43 
2
8315 34 34 0
8315 18 14 0
2
41 43 
2
8316 20 12 0
8316 18 14 0
2
245 43 
2
8317 34 32 0
8317 18 14 0
2
42 184 
2
8355 16 16 0
8355 30 8 0
2
43 168 
2
8331 18 14 0
8331 24 10 0
2
42 185 
2
8356 16 16 0
8356 24 30 0
2
42 186 
2
8357 16 16 0
8357 28 6 0
2
40 42 
2
8358 10 16 0
8358 16 16 0
2
41 43 
2
8332 20 12 0
8332 18 14 0
2
42 184 
2
8359 16 16 0
8359 30 8 0
2
43 168 
2
8333 18 14 0
8333 24 10 0
2
42 185 
2
8360 16 16 0
8360 24 30 0
2
43 169 
2
8334 18 14 0
8334 18 2 0
2
42 186 
2
8361 16 16 0
8361 28 6 0
2
20 40 
2
8359 14 16 0
8359 10 16 0
2
21 41 
2
8333 20 14 0
8333 20 12 0
2
38 40 
2
8360 4 16 0
8360 10 16 0
2
39 41 
2
8334 22 8 0
8334 20 12 0
2
244 42 
2
8362 34 34 0
8362 16 16 0
2
40 42 
2
8363 10 16 0
8363 16 16 0
2
247 42 
2
8364 34 28 0
8364 16 16 0
2
20 42 
2
8365 14 16 0
8365 16 16 0
2
244 42 
2
8366 34 34 0
8366 16 16 0
2
40 42 
2
8367 10 16 0
8367 16 16 0
2
247 42 
2
8368 34 28 0
8368 16 16 0
2
244 43 
2
8335 34 34 0
8335 18 14 0
2
41 43 
2
8336 20 12 0
8336 18 14 0
2
245 43 
2
8337 34 32 0
8337 18 14 0
2
21 43 
2
8338 20 14 0
8338 18 14 0
2
246 43 
2
8339 34 30 0
8339 18 14 0
2
41 43 
2
8340 20 12 0
8340 18 14 0
2
244 43 
2
8341 34 34 0
8341 18 14 0
2
42 185 
2
8369 16 16 0
8369 24 30 0
2
43 171 
2
8342 18 14 0
8342 20 4 0
2
42 186 
2
8370 16 16 0
8370 28 6 0
2
42 188 
2
8371 16 16 0
8371 30 6 0
2
40 42 
2
8372 10 16 0
8372 16 16 0
2
41 43 
2
8343 20 12 0
8343 18 14 0
2
42 185 
2
8373 16 16 0
8373 24 30 0
2
43 170 
2
8344 18 14 0
8344 26 14 0
2
42 186 
2
8374 16 16 0
8374 28 6 0
2
42 188 
2
8375 16 16 0
8375 30 6 0
2
20 40 
2
8373 14 16 0
8373 10 16 0
2
21 41 
2
8344 20 14 0
8344 20 12 0
2
18 38 
2
8361 4 18 0
8361 4 16 0
2
19 39 
2
8335 20 8 0
8335 22 8 0
2
16 36 
2
8281 4 24 0
8281 4 22 0
2
17 37 
2
8256 26 4 0
8256 24 4 0
2
14 34 
2
8151 4 26 0
8151 2 24 0
2
15 35 
2
7314 26 2 0
7314 28 2 0
2
32 34 
2
8152 2 28 0
8152 2 24 0
2
33 35 
2
7315 32 2 0
7315 28 2 0
2
244 36 
2
8282 34 34 0
8282 4 22 0
2
34 36 
2
8283 2 24 0
8283 4 22 0
2
245 36 
2
8284 34 32 0
8284 4 22 0
2
14 36 
2
8285 4 26 0
8285 4 22 0
2
244 36 
2
8286 34 34 0
8286 4 22 0
2
34 36 
2
8287 2 24 0
8287 4 22 0
2
245 36 
2
8288 34 32 0
8288 4 22 0
2
244 37 
2
8257 34 34 0
8257 24 4 0
2
35 37 
2
8258 28 2 0
8258 24 4 0
2
246 37 
2
8259 34 30 0
8259 24 4 0
2
15 37 
2
8260 26 2 0
8260 24 4 0
2
247 37 
2
8261 34 28 0
8261 24 4 0
2
35 37 
2
8262 28 2 0
8262 24 4 0
2
246 37 
2
8263 34 30 0
8263 24 4 0
2
245 38 
2
8362 34 32 0
8362 4 16 0
2
36 38 
2
8363 4 22 0
8363 4 16 0
2
248 38 
2
8364 34 26 0
8364 4 16 0
2
16 38 
2
8365 4 24 0
8365 4 16 0
2
245 38 
2
8366 34 32 0
8366 4 16 0
2
36 38 
2
8367 4 22 0
8367 4 16 0
2
248 38 
2
8368 34 26 0
8368 4 16 0
2
246 39 
2
8336 34 30 0
8336 22 8 0
2
37 39 
2
8337 24 4 0
8337 22 8 0
2
244 39 
2
8338 34 34 0
8338 22 8 0
2
17 39 
2
8339 26 4 0
8339 22 8 0
2
245 39 
2
8340 34 32 0
8340 22 8 0
2
37 39 
2
8341 24 4 0
8341 22 8 0
2
246 39 
2
8342 34 30 0
8342 22 8 0
2
247 40 
2
8374 34 28 0
8374 10 16 0
2
38 40 
2
8375 4 16 0
8375 10 16 0
2
244 40 
2
8376 34 34 0
8376 10 16 0
2
18 40 
2
8377 4 18 0
8377 10 16 0
2
247 40 
2
8378 34 28 0
8378 10 16 0
2
38 40 
2
8379 4 16 0
8379 10 16 0
2
244 40 
2
8380 34 34 0
8380 10 16 0
2
244 41 
2
8345 34 34 0
8345 20 12 0
2
39 41 
2
8346 22 8 0
8346 20 12 0
2
246 41 
2
8347 34 30 0
8347 20 12 0
2
19 41 
2
8348 20 8 0
8348 20 12 0
2
245 41 
2
8349 34 32 0
8349 20 12 0
2
39 41 
2
8350 22 8 0
8350 20 12 0
2
244 41 
2
8351 34 34 0
8351 20 12 0
2
245 42 
2
8376 34 32 0
8376 16 16 0
2
40 42 
2
8381 10 16 0
8381 16 16 0
2
246 42 
2
8382 34 30 0
8382 16 16 0
2
20 42 
2
8383 14 16 0
8383 16 16 0
2
244 42 
2
8384 34 34 0
8384 16 16 0
2
40 42 
2
8385 10 16 0
8385 16 16 0
2
246 42 
2
8386 34 30 0
8386 16 16 0
2
245 43 
2
8345 34 32 0
8345 18 14 0
2
41 43 
2
8352 20 12 0
8352 18 14 0
2
246 43 
2
8353 34 30 0
8353 18 14 0
2
21 43 
2
8354 20 14 0
8354 18 14 0
2
245 43 
2
8355 34 32 0
8355 18 14 0
2
41 43 
2
8356 20 12 0
8356 18 14 0
2
244 43 
2
8357 34 34 0
8357 18 14 0
2
42 77 
2
8387 16 16 0
8387 14 32 0
2
43 170 
2
8358 18 14 0
8358 26 14 0
2
42 78 
2
8388 16 16 0
8388 10 28 0
2
43 171 
2
8359 18 14 0
8359 20 4 0
2
42 79 
2
8389 16 16 0
8389 2 20 0
2
40 42 
2
8390 10 16 0
8390 16 16 0
2
41 43 
2
8360 20 12 0
8360 18 14 0
2
42 77 
2
8391 16 16 0
8391 14 32 0
2
43 173 
2
8361 18 14 0
8361 26 6 0
2
42 78 
2
8392 16 16 0
8392 10 28 0
2
42 79 
2
8393 16 16 0
8393 2 20 0
2
20 40 
2
8391 14 16 0
8391 10 16 0
2
21 41 
2
8361 20 14 0
8361 20 12 0
2
38 40 
2
8392 4 16 0
8392 10 16 0
2
39 41 
2
8362 22 8 0
8362 20 12 0
2
245 42 
2
8394 34 32 0
8394 16 16 0
2
40 42 
2
8395 10 16 0
8395 16 16 0
2
244 42 
2
8396 34 34 0
8396 16 16 0
2
20 42 
2
8397 14 16 0
8397 16 16 0
2
245 42 
2
8398 34 32 0
8398 16 16 0
2
40 42 
2
8399 10 16 0
8399 16 16 0
2
248 42 
2
8400 34 26 0
8400 16 16 0
2
246 43 
2
8362 34 30 0
8362 18 14 0
2
41 43 
2
8363 20 12 0
8363 18 14 0
2
249 43 
2
8364 34 24 0
8364 18 14 0
2
21 43 
2
8365 20 14 0
8365 18 14 0
2
246 43 
2
8366 34 30 0
8366 18 14 0
2
41 43 
2
8367 20 12 0
8367 18 14 0
2
249 43 
2
8368 34 24 0
8368 18 14 0
2
42 78 
2
8401 16 16 0
8401 10 28 0
2
43 172 
2
8369 18 14 0
8369 26 8 0
2
42 79 
2
8402 16 16 0
8402 2 20 0
2
42 80 
2
8403 16 16 0
8403 24 28 0
2
40 42 
2
8404 10 16 0
8404 16 16 0
2
41 43 
2
8370 20 12 0
8370 18 14 0
2
42 78 
2
8405 16 16 0
8405 10 28 0
2
43 172 
2
8371 18 14 0
8371 26 8 0
2
42 79 
2
8406 16 16 0
8406 2 20 0
2
43 173 
2
8372 18 14 0
8372 26 6 0
2
42 80 
2
8407 16 16 0
8407 24 28 0
2
20 40 
2
8405 14 16 0
8405 10 16 0
2
21 41 
2
8371 20 14 0
8371 20 12 0
2
18 38 
2
8393 4 18 0
8393 4 16 0
2
19 39 
2
8363 20 8 0
8363 22 8 0
2
36 38 
2
8394 4 22 0
8394 4 16 0
2
37 39 
2
8364 24 4 0
8364 22 8 0
2
246 40 
2
8406 34 30 0
8406 10 16 0
2
38 40 
2
8407 4 16 0
8407 10 16 0
2
244 40 
2
8408 34 34 0
8408 10 16 0
2
18 40 
2
8409 4 18 0
8409 10 16 0
2
245 40 
2
8410 34 32 0
8410 10 16 0
2
38 40 
2
8411 4 16 0
8411 10 16 0
2
246 40 
2
8412 34 30 0
8412 10 16 0
2
245 41 
2
8372 34 32 0
8372 20 12 0
2
39 41 
2
8373 22 8 0
8373 20 12 0
2
248 41 
2
8374 34 26 0
8374 20 12 0
2
19 41 
2
8375 20 8 0
8375 20 12 0
2
246 41 
2
8376 34 30 0
8376 20 12 0
2
39 41 
2
8377 22 8 0
8377 20 12 0
2
248 41 
2
8378 34 26 0
8378 20 12 0
2
247 42 
2
8408 34 28 0
8408 16 16 0
2
40 42 
2
8413 10 16 0
8413 16 16 0
2
244 42 
2
8414 34 34 0
8414 16 16 0
2
20 42 
2
8415 14 16 0
8415 16 16 0
2
245 42 
2
8416 34 32 0
8416 16 16 0
2
40 42 
2
8417 10 16 0
8417 16 16 0
2
244 42 
2
8418 34 34 0
8418 16 16 0
2
244 43 
2
8373 34 34 0
8373 18 14 0
2
41 43 
2
8379 20 12 0
8379 18 14 0
2
245 43 
2
8380 34 32 0
8380 18 14 0
2
21 43 
2
8381 20 14 0
8381 18 14 0
2
247 43 
2
8382 34 28 0
8382 18 14 0
2
41 43 
2
8383 20 12 0
8383 18 14 0
2
245 43 
2
8384 34 32 0
8384 18 14 0
2
42 77 
2
8419 16 16 0
8419 14 32 0
2
43 175 
2
8385 18 14 0
8385 6 8 0
2
42 78 
2
8420 16 16 0
8420 10 28 0
2
42 79 
2
8421 16 16 0
8421 2 20 0
2
42 80 
2
8422 16 16 0
8422 24 28 0
2
42 81 
2
8423 16 16 0
8423 6 6 0
2
42 82 
2
8424 16 16 0
8424 28 22 0
2
42 83 
2
8425 16 16 0
8425 10 4 0
2
42 84 
2
8426 16 16 0
8426 28 24 0
2
42 85 
2
8427 16 16 0
8427 30 20 0
2
42 88 
2
8428 16 16 0
8428 12 4 0
2
42 110 
2
8429 16 16 0
8429 6 20 0
2
42 127 
2
8430 16 16 0
8430 12 18 0
2
42 132 
2
8431 16 16 0
8431 8 16 0
2
42 133 
2
8432 16 16 0
8432 10 12 0
2
42 134 
2
8433 16 16 0
8433 16 30 0
2
42 135 
2
8434 16 16 0
8434 10 26 0
2
42 136 
2
8435 16 16 0
8435 16 26 0
2
42 137 
2
8436 16 16 0
8436 16 28 0
2
42 138 
2
8437 16 16 0
8437 10 20 0
2
42 139 
2
8438 16 16 0
8438 12 26 0
2
42 140 
2
8439 16 16 0
8439 14 18 0
2
40 42 
2
8440 10 16 0
8440 16 16 0
2
41 43 
2
8386 20 12 0
8386 18 14 0
2
42 77 
2
8441 16 16 0
8441 14 32 0
2
43 174 
2
8387 18 14 0
8387 20 32 0
2
42 78 
2
8442 16 16 0
8442 10 28 0
2
42 79 
2
8443 16 16 0
8443 2 20 0
2
42 80 
2
8444 16 16 0
8444 24 28 0
2
42 81 
2
8445 16 16 0
8445 6 6 0
2
42 82 
2
8446 16 16 0
8446 28 22 0
2
42 83 
2
8447 16 16 0
8447 10 4 0
2
42 84 
2
8448 16 16 0
8448 28 24 0
2
42 85 
2
8449 16 16 0
8449 30 20 0
2
42 88 
2
8450 16 16 0
8450 12 4 0
2
42 110 
2
8451 16 16 0
8451 6 20 0
2
42 127 
2
8452 16 16 0
8452 12 18 0
2
42 132 
2
8453 16 16 0
8453 8 16 0
2
42 133 
2
8454 16 16 0
8454 10 12 0
2
42 134 
2
8455 16 16 0
8455 16 30 0
2
42 135 
2
8456 16 16 0
8456 10 26 0
2
42 136 
2
8457 16 16 0
8457 16 26 0
2
42 137 
2
8458 16 16 0
8458 16 28 0
2
42 138 
2
8459 16 16 0
8459 10 20 0
2
42 139 
2
8460 16 16 0
8460 12 26 0
2
42 140 
2
8461 16 16 0
8461 14 18 0
2
20 40 
2
8441 14 16 0
8441 10 16 0
2
21 41 
2
8387 20 14 0
8387 20 12 0
2
38 40 
2
8442 4 16 0
8442 10 16 0
2
39 41 
2
8388 22 8 0
8388 20 12 0
2
245 42 
2
8462 34 32 0
8462 16 16 0
2
40 42 
2
8463 10 16 0
8463 16 16 0
2
244 42 
2
8464 34 34 0
8464 16 16 0
2
20 42 
2
8465 14 16 0
8465 16 16 0
2
246 42 
2
8466 34 30 0
8466 16 16 0
2
40 42 
2
8467 10 16 0
8467 16 16 0
2
244 42 
2
8468 34 34 0
8468 16 16 0
2
244 43 
2
8388 34 34 0
8388 18 14 0
2
41 43 
2
8389 20 12 0
8389 18 14 0
2
245 43 
2
8390 34 32 0
8390 18 14 0
2
21 43 
2
8391 20 14 0
8391 18 14 0
2
244 43 
2
8392 34 34 0
8392 18 14 0
2
41 43 
2
8393 20 12 0
8393 18 14 0
2
246 43 
2
8394 34 30 0
8394 18 14 0
2
42 78 
2
8469 16 16 0
8469 10 28 0
2
43 174 
2
8395 18 14 0
8395 20 32 0
2
42 79 
2
8470 16 16 0
8470 2 20 0
2
43 175 
2
8396 18 14 0
8396 6 8 0
2
42 80 
2
8471 16 16 0
8471 24 28 0
2
42 81 
2
8472 16 16 0
8472 6 6 0
2
42 82 
2
8473 16 16 0
8473 28 22 0
2
42 83 
2
8474 16 16 0
8474 10 4 0
2
42 84 
2
8475 16 16 0
8475 28 24 0
2
42 85 
2
8476 16 16 0
8476 30 20 0
2
42 88 
2
8477 16 16 0
8477 12 4 0
2
42 110 
2
8478 16 16 0
8478 6 20 0
2
42 127 
2
8479 16 16 0
8479 12 18 0
2
42 132 
2
8480 16 16 0
8480 8 16 0
2
42 133 
2
8481 16 16 0
8481 10 12 0
2
42 134 
2
8482 16 16 0
8482 16 30 0
2
42 135 
2
8483 16 16 0
8483 10 26 0
2
42 136 
2
8484 16 16 0
8484 16 26 0
2
42 137 
2
8485 16 16 0
8485 16 28 0
2
42 138 
2
8486 16 16 0
8486 10 20 0
2
42 139 
2
8487 16 16 0
8487 12 26 0
2
42 140 
2
8488 16 16 0
8488 14 18 0
2
42 141 
2
8489 16 16 0
8489 14 20 0
2
40 42 
2
8490 10 16 0
8490 16 16 0
2
41 43 
2
8397 20 12 0
8397 18 14 0
2
42 78 
2
8491 16 16 0
8491 10 28 0
2
43 177 
2
8398 18 14 0
8398 8 4 0
2
42 79 
2
8492 16 16 0
8492 2 20 0
2
42 80 
2
8493 16 16 0
8493 24 28 0
2
42 81 
2
8494 16 16 0
8494 6 6 0
2
42 82 
2
8495 16 16 0
8495 28 22 0
2
42 83 
2
8496 16 16 0
8496 10 4 0
2
42 84 
2
8497 16 16 0
8497 28 24 0
2
42 85 
2
8498 16 16 0
8498 30 20 0
2
42 88 
2
8499 16 16 0
8499 12 4 0
2
42 110 
2
8500 16 16 0
8500 6 20 0
2
42 127 
2
8501 16 16 0
8501 12 18 0
2
42 132 
2
8502 16 16 0
8502 8 16 0
2
42 133 
2
8503 16 16 0
8503 10 12 0
2
42 134 
2
8504 16 16 0
8504 16 30 0
2
42 135 
2
8505 16 16 0
8505 10 26 0
2
42 136 
2
8506 16 16 0
8506 16 26 0
2
42 137 
2
8507 16 16 0
8507 16 28 0
2
42 138 
2
8508 16 16 0
8508 10 20 0
2
42 139 
2
8509 16 16 0
8509 12 26 0
2
42 140 
2
8510 16 16 0
8510 14 18 0
2
42 141 
2
8511 16 16 0
8511 14 20 0
2
20 40 
2
8491 14 16 0
8491 10 16 0
2
21 41 
2
8398 20 14 0
8398 20 12 0
2
18 38 
2
8443 4 18 0
8443 4 16 0
2
19 39 
2
8389 20 8 0
8389 22 8 0
2
16 36 
2
8395 4 24 0
8395 4 22 0
2
17 37 
2
8365 26 4 0
8365 24 4 0
2
34 36 
2
8396 2 24 0
8396 4 22 0
2
35 37 
2
8366 28 2 0
8366 24 4 0
2
245 38 
2
8444 34 32 0
8444 4 16 0
2
36 38 
2
8445 4 22 0
8445 4 16 0
2
244 38 
2
8446 34 34 0
8446 4 16 0
2
16 38 
2
8447 4 24 0
8447 4 16 0
2
246 38 
2
8448 34 30 0
8448 4 16 0
2
36 38 
2
8449 4 22 0
8449 4 16 0
2
245 38 
2
8450 34 32 0
8450 4 16 0
2
246 39 
2
8390 34 30 0
8390 22 8 0
2
37 39 
2
8391 24 4 0
8391 22 8 0
2
247 39 
2
8392 34 28 0
8392 22 8 0
2
17 39 
2
8393 26 4 0
8393 22 8 0
2
248 39 
2
8394 34 26 0
8394 22 8 0
2
37 39 
2
8395 24 4 0
8395 22 8 0
2
247 39 
2
8396 34 28 0
8396 22 8 0
2
244 40 
2
8492 34 34 0
8492 10 16 0
2
38 40 
2
8493 4 16 0
8493 10 16 0
2
245 40 
2
8494 34 32 0
8494 10 16 0
2
18 40 
2
8495 4 18 0
8495 10 16 0
2
244 40 
2
8496 34 34 0
8496 10 16 0
2
38 40 
2
8497 4 16 0
8497 10 16 0
2
246 40 
2
8498 34 30 0
8498 10 16 0
2
244 41 
2
8399 34 34 0
8399 20 12 0
2
39 41 
2
8400 22 8 0
8400 20 12 0
2
245 41 
2
8401 34 32 0
8401 20 12 0
2
19 41 
2
8402 20 8 0
8402 20 12 0
2
246 41 
2
8403 34 30 0
8403 20 12 0
2
39 41 
2
8404 22 8 0
8404 20 12 0
2
244 41 
2
8405 34 34 0
8405 20 12 0
2
245 42 
2
8512 34 32 0
8512 16 16 0
2
40 42 
2
8513 10 16 0
8513 16 16 0
2
244 42 
2
8514 34 34 0
8514 16 16 0
2
20 42 
2
8515 14 16 0
8515 16 16 0
2
246 42 
2
8516 34 30 0
8516 16 16 0
2
40 42 
2
8517 10 16 0
8517 16 16 0
2
245 42 
2
8518 34 32 0
8518 16 16 0
2
247 43 
2
8399 34 28 0
8399 18 14 0
2
41 43 
2
8406 20 12 0
8406 18 14 0
2
245 43 
2
8407 34 32 0
8407 18 14 0
2
21 43 
2
8408 20 14 0
8408 18 14 0
2
246 43 
2
8409 34 30 0
8409 18 14 0
2
41 43 
2
8410 20 12 0
8410 18 14 0
2
244 43 
2
8411 34 34 0
8411 18 14 0
2
42 140 
2
8519 16 16 0
8519 14 18 0
2
43 176 
2
8412 18 14 0
8412 20 30 0
2
42 141 
2
8520 16 16 0
8520 14 20 0
2
42 142 
2
8521 16 16 0
8521 8 12 0
2
40 42 
2
8522 10 16 0
8522 16 16 0
2
41 43 
2
8413 20 12 0
8413 18 14 0
2
42 140 
2
8523 16 16 0
8523 14 18 0
2
43 176 
2
8414 18 14 0
8414 20 30 0
2
42 141 
2
8524 16 16 0
8524 14 20 0
2
43 177 
2
8415 18 14 0
8415 8 4 0
2
42 142 
2
8525 16 16 0
8525 8 12 0
2
20 40 
2
8523 14 16 0
8523 10 16 0
2
21 41 
2
8414 20 14 0
8414 20 12 0
2
38 40 
2
8524 4 16 0
8524 10 16 0
2
39 41 
2
8415 22 8 0
8415 20 12 0
2
245 42 
2
8526 34 32 0
8526 16 16 0
2
40 42 
2
8527 10 16 0
8527 16 16 0
2
244 42 
2
8528 34 34 0
8528 16 16 0
2
20 42 
2
8529 14 16 0
8529 16 16 0
2
245 42 
2
8530 34 32 0
8530 16 16 0
2
40 42 
2
8531 10 16 0
8531 16 16 0
2
244 42 
2
8532 34 34 0
8532 16 16 0
2
246 43 
2
8416 34 30 0
8416 18 14 0
2
41 43 
2
8417 20 12 0
8417 18 14 0
2
247 43 
2
8418 34 28 0
8418 18 14 0
2
21 43 
2
8419 20 14 0
8419 18 14 0
2
246 43 
2
8420 34 30 0
8420 18 14 0
2
41 43 
2
8421 20 12 0
8421 18 14 0
2
245 43 
2
8422 34 32 0
8422 18 14 0
2
42 141 
2
8533 16 16 0
8533 14 20 0
2
43 179 
2
8423 18 14 0
8423 30 22 0
2
42 142 
2
8534 16 16 0
8534 8 12 0
2
42 143 
2
8535 16 16 0
8535 22 24 0
2
40 42 
2
8536 10 16 0
8536 16 16 0
2
41 43 
2
8424 20 12 0
8424 18 14 0
2
42 141 
2
8537 16 16 0
8537 14 20 0
2
43 178 
2
8425 18 14 0
8425 10 2 0
2
42 142 
2
8538 16 16 0
8538 8 12 0
2
42 143 
2
8539 16 16 0
8539 22 24 0
2
20 40 
2
8537 14 16 0
8537 10 16 0
2
21 41 
2
8425 20 14 0
8425 20 12 0
2
18 38 
2
8525 4 18 0
8525 4 16 0
2
19 39 
2
8416 20 8 0
8416 22 8 0
2
36 38 
2
8526 4 22 0
8526 4 16 0
2
37 39 
2
8417 24 4 0
8417 22 8 0
2
244 40 
2
8538 34 34 0
8538 10 16 0
2
38 40 
2
8539 4 16 0
8539 10 16 0
2
246 40 
2
8540 34 30 0
8540 10 16 0
2
18 40 
2
8541 4 18 0
8541 10 16 0
2
244 40 
2
8542 34 34 0
8542 10 16 0
2
38 40 
2
8543 4 16 0
8543 10 16 0
2
246 40 
2
8544 34 30 0
8544 10 16 0
2
245 41 
2
8426 34 32 0
8426 20 12 0
2
39 41 
2
8427 22 8 0
8427 20 12 0
2
244 41 
2
8428 34 34 0
8428 20 12 0
2
19 41 
2
8429 20 8 0
8429 20 12 0
2
245 41 
2
8430 34 32 0
8430 20 12 0
2
39 41 
2
8431 22 8 0
8431 20 12 0
2
244 41 
2
8432 34 34 0
8432 20 12 0
2
247 42 
2
8540 34 28 0
8540 16 16 0
2
40 42 
2
8545 10 16 0
8545 16 16 0
2
244 42 
2
8546 34 34 0
8546 16 16 0
2
20 42 
2
8547 14 16 0
8547 16 16 0
2
246 42 
2
8548 34 30 0
8548 16 16 0
2
40 42 
2
8549 10 16 0
8549 16 16 0
2
244 42 
2
8550 34 34 0
8550 16 16 0
2
246 43 
2
8426 34 30 0
8426 18 14 0
2
41 43 
2
8433 20 12 0
8433 18 14 0
2
245 43 
2
8434 34 32 0
8434 18 14 0
2
21 43 
2
8435 20 14 0
8435 18 14 0
2
244 43 
2
8436 34 34 0
8436 18 14 0
2
41 43 
2
8437 20 12 0
8437 18 14 0
2
245 43 
2
8438 34 32 0
8438 18 14 0
2
42 140 
2
8551 16 16 0
8551 14 18 0
2
43 178 
2
8439 18 14 0
8439 10 2 0
2
42 141 
2
8552 16 16 0
8552 14 20 0
2
43 179 
2
8440 18 14 0
8440 30 22 0
2
42 142 
2
8553 16 16 0
8553 8 12 0
2
42 143 
2
8554 16 16 0
8554 22 24 0
2
42 144 
2
8555 16 16 0
8555 24 18 0
2
42 145 
2
8556 16 16 0
8556 22 10 0
2
42 146 
2
8557 16 16 0
8557 30 12 0
2
42 147 
2
8558 16 16 0
8558 4 8 0
2
42 148 
2
8559 16 16 0
8559 12 30 0
2
42 165 
2
8560 16 16 0
8560 4 20 0
2
42 187 
2
8561 16 16 0
8561 12 28 0
2
42 190 
2
8562 16 16 0
8562 26 16 0
2
42 192 
2
8563 16 16 0
8563 18 26 0
2
42 193 
2
8564 16 16 0
8564 6 16 0
2
42 194 
2
8565 16 16 0
8565 14 22 0
2
42 195 
2
8566 16 16 0
8566 10 22 0
2
42 196 
2
8567 16 16 0
8567 8 18 0
2
42 197 
2
8568 16 16 0
8568 16 22 0
2
42 198 
2
8569 16 16 0
8569 16 18 0
2
42 199 
2
8570 16 16 0
8570 14 28 0
2
42 200 
2
8571 16 16 0
8571 10 18 0
2
40 42 
2
8572 10 16 0
8572 16 16 0
2
41 43 
2
8441 20 12 0
8441 18 14 0
2
42 140 
2
8573 16 16 0
8573 14 18 0
2
43 181 
2
8442 18 14 0
8442 32 20 0
2
42 141 
2
8574 16 16 0
8574 14 20 0
2
42 142 
2
8575 16 16 0
8575 8 12 0
2
42 143 
2
8576 16 16 0
8576 22 24 0
2
42 144 
2
8577 16 16 0
8577 24 18 0
2
42 145 
2
8578 16 16 0
8578 22 10 0
2
42 146 
2
8579 16 16 0
8579 30 12 0
2
42 147 
2
8580 16 16 0
8580 4 8 0
2
42 148 
2
8581 16 16 0
8581 12 30 0
2
42 165 
2
8582 16 16 0
8582 4 20 0
2
42 187 
2
8583 16 16 0
8583 12 28 0
2
42 190 
2
8584 16 16 0
8584 26 16 0
2
42 192 
2
8585 16 16 0
8585 18 26 0
2
42 193 
2
8586 16 16 0
8586 6 16 0
2
42 194 
2
8587 16 16 0
8587 14 22 0
2
42 195 
2
8588 16 16 0
8588 10 22 0
2
42 196 
2
8589 16 16 0
8589 8 18 0
2
42 197 
2
8590 16 16 0
8590 16 22 0
2
42 198 
2
8591 16 16 0
8591 16 18 0
2
42 199 
2
8592 16 16 0
8592 14 28 0
2
42 200 
2
8593 16 16 0
8593 10 18 0
2
20 40 
2
8573 14 16 0
8573 10 16 0
2
21 41 
2
8442 20 14 0
8442 20 12 0
2
38 40 
2
8574 4 16 0
8574 10 16 0
2
39 41 
2
8443 22 8 0
8443 20 12 0
2
244 42 
2
8594 34 34 0
8594 16 16 0
2
40 42 
2
8595 10 16 0
8595 16 16 0
2
245 42 
2
8596 34 32 0
8596 16 16 0
2
20 42 
2
8597 14 16 0
8597 16 16 0
2
244 42 
2
8598 34 34 0
8598 16 16 0
2
40 42 
2
8599 10 16 0
8599 16 16 0
2
245 42 
2
8600 34 32 0
8600 16 16 0
2
244 43 
2
8443 34 34 0
8443 18 14 0
2
41 43 
2
8444 20 12 0
8444 18 14 0
2
246 43 
2
8445 34 30 0
8445 18 14 0
2
21 43 
2
8446 20 14 0
8446 18 14 0
2
245 43 
2
8447 34 32 0
8447 18 14 0
2
41 43 
2
8448 20 12 0
8448 18 14 0
2
244 43 
2
8449 34 34 0
8449 18 14 0
2
42 141 
2
8601 16 16 0
8601 14 20 0
2
43 180 
2
8450 18 14 0
8450 26 26 0
2
42 142 
2
8602 16 16 0
8602 8 12 0
2
42 143 
2
8603 16 16 0
8603 22 24 0
2
42 144 
2
8604 16 16 0
8604 24 18 0
2
42 145 
2
8605 16 16 0
8605 22 10 0
2
42 146 
2
8606 16 16 0
8606 30 12 0
2
42 147 
2
8607 16 16 0
8607 4 8 0
2
42 148 
2
8608 16 16 0
8608 12 30 0
2
42 165 
2
8609 16 16 0
8609 4 20 0
2
42 187 
2
8610 16 16 0
8610 12 28 0
2
42 190 
2
8611 16 16 0
8611 26 16 0
2
42 192 
2
8612 16 16 0
8612 18 26 0
2
42 193 
2
8613 16 16 0
8613 6 16 0
2
42 194 
2
8614 16 16 0
8614 14 22 0
2
42 195 
2
8615 16 16 0
8615 10 22 0
2
42 196 
2
8616 16 16 0
8616 8 18 0
2
42 197 
2
8617 16 16 0
8617 16 22 0
2
42 198 
2
8618 16 16 0
8618 16 18 0
2
42 199 
2
8619 16 16 0
8619 14 28 0
2
42 200 
2
8620 16 16 0
8620 10 18 0
2
42 201 
2
8621 16 16 0
8621 18 20 0
2
40 42 
2
8622 10 16 0
8622 16 16 0
2
41 43 
2
8451 20 12 0
8451 18 14 0
2
42 141 
2
8623 16 16 0
8623 14 20 0
2
43 180 
2
8452 18 14 0
8452 26 26 0
2
42 142 
2
8624 16 16 0
8624 8 12 0
2
43 181 
2
8453 18 14 0
8453 32 20 0
2
42 143 
2
8625 16 16 0
8625 22 24 0
2
42 144 
2
8626 16 16 0
8626 24 18 0
2
42 145 
2
8627 16 16 0
8627 22 10 0
2
42 146 
2
8628 16 16 0
8628 30 12 0
2
42 147 
2
8629 16 16 0
8629 4 8 0
2
42 148 
2
8630 16 16 0
8630 12 30 0
2
42 165 
2
8631 16 16 0
8631 4 20 0
2
42 187 
2
8632 16 16 0
8632 12 28 0
2
42 190 
2
8633 16 16 0
8633 26 16 0
2
42 192 
2
8634 16 16 0
8634 18 26 0
2
42 193 
2
8635 16 16 0
8635 6 16 0
2
42 194 
2
8636 16 16 0
8636 14 22 0
2
42 195 
2
8637 16 16 0
8637 10 22 0
2
42 196 
2
8638 16 16 0
8638 8 18 0
2
42 197 
2
8639 16 16 0
8639 16 22 0
2
42 198 
2
8640 16 16 0
8640 16 18 0
2
42 199 
2
8641 16 16 0
8641 14 28 0
2
42 200 
2
8642 16 16 0
8642 10 18 0
2
42 201 
2
8643 16 16 0
8643 18 20 0
2
20 40 
2
8623 14 16 0
8623 10 16 0
2
21 41 
2
8452 20 14 0
8452 20 12 0
2
18 38 
2
8575 4 18 0
8575 4 16 0
2
19 39 
2
8444 20 8 0
8444 22 8 0
2
16 36 
2
8527 4 24 0
8527 4 22 0
2
17 37 
2
8418 26 4 0
8418 24 4 0
2
14 34 
2
8397 4 26 0
8397 2 24 0
2
15 35 
2
8367 26 2 0
8367 28 2 0
2
12 32 
2
8153 2 26 0
8153 2 28 0
2
13 33 
2
7316 30 2 0
7316 32 2 0
2
10 30 
2
7627 6 28 0
7627 4 28 0
2
11 31 
2
7103 32 4 0
7103 32 6 0
2
8 28 
2
6623 6 30 0
6623 4 30 0
2
9 29 
2
6607 32 24 0
6607 32 26 0
2
6 26 
2
4581 6 32 0
4581 2 30 0
2
7 27 
2
4598 28 30 0
4598 32 28 0
2
4 24 
2
83 8 32 0
83 2 32 0
2
5 25 
2
83 26 32 0
83 30 30 0
2
22 24 
2
84 4 32 0
84 2 32 0
2
23 25 
2
84 32 30 0
84 30 30 0
2
246 26 
2
4582 34 30 0
4582 2 30 0
2
24 26 
2
4583 2 32 0
4583 2 30 0
2
248 26 
2
4584 34 26 0
4584 2 30 0
2
4 26 
2
4585 8 32 0
4585 2 30 0
2
249 26 
2
4586 34 24 0
4586 2 30 0
2
24 26 
2
4587 2 32 0
4587 2 30 0
2
247 26 
2
4588 34 28 0
4588 2 30 0
2
246 27 
2
4599 34 30 0
4599 32 28 0
2
25 27 
2
4600 30 30 0
4600 32 28 0
2
247 27 
2
4601 34 28 0
4601 32 28 0
2
5 27 
2
4602 26 32 0
4602 32 28 0
2
246 27 
2
4603 34 30 0
4603 32 28 0
2
25 27 
2
4604 30 30 0
4604 32 28 0
2
247 27 
2
4605 34 28 0
4605 32 28 0
2
245 28 
2
6624 34 32 0
6624 4 30 0
2
26 28 
2
6625 2 30 0
6625 4 30 0
2
249 28 
2
6626 34 24 0
6626 4 30 0
2
6 28 
2
6627 6 32 0
6627 4 30 0
2
252 28 
2
6628 34 18 0
6628 4 30 0
2
26 28 
2
6629 2 30 0
6629 4 30 0
2
249 28 
2
6630 34 24 0
6630 4 30 0
2
247 29 
2
6608 34 28 0
6608 32 26 0
2
27 29 
2
6609 32 28 0
6609 32 26 0
2
245 29 
2
6610 34 32 0
6610 32 26 0
2
7 29 
2
6611 28 30 0
6611 32 26 0
2
244 29 
2
6612 34 34 0
6612 32 26 0
2
27 29 
2
6613 32 28 0
6613 32 26 0
2
247 29 
2
6614 34 28 0
6614 32 26 0
2
244 30 
2
7628 34 34 0
7628 4 28 0
2
28 30 
2
7629 4 30 0
7629 4 28 0
2
245 30 
2
7630 34 32 0
7630 4 28 0
2
8 30 
2
7631 6 30 0
7631 4 28 0
2
244 30 
2
7632 34 34 0
7632 4 28 0
2
28 30 
2
7633 4 30 0
7633 4 28 0
2
245 30 
2
7634 34 32 0
7634 4 28 0
2
245 31 
2
7104 34 32 0
7104 32 6 0
2
29 31 
2
7105 32 26 0
7105 32 6 0
2
248 31 
2
7106 34 26 0
7106 32 6 0
2
9 31 
2
7107 32 24 0
7107 32 6 0
2
246 31 
2
7108 34 30 0
7108 32 6 0
2
29 31 
2
7109 32 26 0
7109 32 6 0
2
249 31 
2
7110 34 24 0
7110 32 6 0
2
244 32 
2
8154 34 34 0
8154 2 28 0
2
30 32 
2
8155 4 28 0
8155 2 28 0
2
245 32 
2
8156 34 32 0
8156 2 28 0
2
10 32 
2
8157 6 28 0
8157 2 28 0
2
244 32 
2
8158 34 34 0
8158 2 28 0
2
30 32 
2
8159 4 28 0
8159 2 28 0
2
245 32 
2
8160 34 32 0
8160 2 28 0
2
244 33 
2
7317 34 34 0
7317 32 2 0
2
31 33 
2
7318 32 6 0
7318 32 2 0
2
246 33 
2
7319 34 30 0
7319 32 2 0
2
11 33 
2
7320 32 4 0
7320 32 2 0
2
245 33 
2
7321 34 32 0
7321 32 2 0
2
31 33 
2
7322 32 6 0
7322 32 2 0
2
244 33 
2
7323 34 34 0
7323 32 2 0
2
246 34 
2
8398 34 30 0
8398 2 24 0
2
32 34 
2
8399 2 28 0
8399 2 24 0
2
249 34 
2
8400 34 24 0
8400 2 24 0
2
12 34 
2
8401 2 26 0
8401 2 24 0
2
244 34 
2
8402 34 34 0
8402 2 24 0
2
32 34 
2
8403 2 28 0
8403 2 24 0
2
245 34 
2
8404 34 32 0
8404 2 24 0
2
250 35 
2
8368 34 22 0
8368 28 2 0
2
33 35 
2
8369 32 2 0
8369 28 2 0
2
244 35 
2
8370 34 34 0
8370 28 2 0
2
13 35 
2
8371 30 2 0
8371 28 2 0
2
246 35 
2
8372 34 30 0
8372 28 2 0
2
33 35 
2
8373 32 2 0
8373 28 2 0
2
249 35 
2
8374 34 24 0
8374 28 2 0
2
247 36 
2
8528 34 28 0
8528 4 22 0
2
34 36 
2
8529 2 24 0
8529 4 22 0
2
246 36 
2
8530 34 30 0
8530 4 22 0
2
14 36 
2
8531 4 26 0
8531 4 22 0
2
247 36 
2
8532 34 28 0
8532 4 22 0
2
34 36 
2
8533 2 24 0
8533 4 22 0
2
245 36 
2
8534 34 32 0
8534 4 22 0
2
245 37 
2
8419 34 32 0
8419 24 4 0
2
35 37 
2
8420 28 2 0
8420 24 4 0
2
244 37 
2
8421 34 34 0
8421 24 4 0
2
15 37 
2
8422 26 2 0
8422 24 4 0
2
246 37 
2
8423 34 30 0
8423 24 4 0
2
35 37 
2
8424 28 2 0
8424 24 4 0
2
244 37 
2
8425 34 34 0
8425 24 4 0
2
244 38 
2
8576 34 34 0
8576 4 16 0
2
36 38 
2
8577 4 22 0
8577 4 16 0
2
245 38 
2
8578 34 32 0
8578 4 16 0
2
16 38 
2
8579 4 24 0
8579 4 16 0
2
244 38 
2
8580 34 34 0
8580 4 16 0
2
36 38 
2
8581 4 22 0
8581 4 16 0
2
245 38 
2
8582 34 32 0
8582 4 16 0
2
247 39 
2
8445 34 28 0
8445 22 8 0
2
37 39 
2
8446 24 4 0
8446 22 8 0
2
248 39 
2
8447 34 26 0
8447 22 8 0
2
17 39 
2
8448 26 4 0
8448 22 8 0
2
247 39 
2
8449 34 28 0
8449 22 8 0
2
37 39 
2
8450 24 4 0
8450 22 8 0
2
246 39 
2
8451 34 30 0
8451 22 8 0
2
244 40 
2
8624 34 34 0
8624 10 16 0
2
38 40 
2
8625 4 16 0
8625 10 16 0
2
245 40 
2
8626 34 32 0
8626 10 16 0
2
18 40 
2
8627 4 18 0
8627 10 16 0
2
244 40 
2
8628 34 34 0
8628 10 16 0
2
38 40 
2
8629 4 16 0
8629 10 16 0
2
245 40 
2
8630 34 32 0
8630 10 16 0
2
244 41 
2
8453 34 34 0
8453 20 12 0
2
39 41 
2
8454 22 8 0
8454 20 12 0
2
246 41 
2
8455 34 30 0
8455 20 12 0
2
19 41 
2
8456 20 8 0
8456 20 12 0
2
244 41 
2
8457 34 34 0
8457 20 12 0
2
39 41 
2
8458 22 8 0
8458 20 12 0
2
245 41 
2
8459 34 32 0
8459 20 12 0
2
244 42 
2
8644 34 34 0
8644 16 16 0
2
40 42 
2
8645 10 16 0
8645 16 16 0
2
245 42 
2
8646 34 32 0
8646 16 16 0
2
20 42 
2
8647 14 16 0
8647 16 16 0
2
244 42 
2
8648 34 34 0
8648 16 16 0
2
40 42 
2
8649 10 16 0
8649 16 16 0
2
245 42 
2
8650 34 32 0
8650 16 16 0
2
245 43 
2
8454 34 32 0
8454 18 14 0
2
41 43 
2
8460 20 12 0
8460 18 14 0
2
244 43 
2
8461 34 34 0
8461 18 14 0
2
21 43 
2
8462 20 14 0
8462 18 14 0
2
246 43 
2
8463 34 30 0
8463 18 14 0
2
41 43 
2
8464 20 12 0
8464 18 14 0
2
245 43 
2
8465 34 32 0
8465 18 14 0
2
42 200 
2
8651 16 16 0
8651 10 18 0
2
43 183 
2
8466 18 14 0
8466 2 8 0
2
42 201 
2
8652 16 16 0
8652 18 20 0
2
42 202 
2
8653 16 16 0
8653 14 14 0
2
40 42 
2
8654 10 16 0
8654 16 16 0
2
41 43 
2
8467 20 12 0
8467 18 14 0
2
42 200 
2
8655 16 16 0
8655 10 18 0
2
43 182 
2
8468 18 14 0
8468 32 10 0
2
42 201 
2
8656 16 16 0
8656 18 20 0
2
42 202 
2
8657 16 16 0
8657 14 14 0
2
20 40 
2
8655 14 16 0
8655 10 16 0
2
21 41 
2
8468 20 14 0
8468 20 12 0
2
38 40 
2
8656 4 16 0
8656 10 16 0
2
39 41 
2
8469 22 8 0
8469 20 12 0
2
244 42 
2
8658 34 34 0
8658 16 16 0
2
40 42 
2
8659 10 16 0
8659 16 16 0
2
245 42 
2
8660 34 32 0
8660 16 16 0
2
20 42 
2
8661 14 16 0
8661 16 16 0
2
244 42 
2
8662 34 34 0
8662 16 16 0
2
40 42 
2
8663 10 16 0
8663 16 16 0
2
245 42 
2
8664 34 32 0
8664 16 16 0
2
245 43 
2
8469 34 32 0
8469 18 14 0
2
41 43 
2
8470 20 12 0
8470 18 14 0
2
244 43 
2
8471 34 34 0
8471 18 14 0
2
21 43 
2
8472 20 14 0
8472 18 14 0
2
245 43 
2
8473 34 32 0
8473 18 14 0
2
41 43 
2
8474 20 12 0
8474 18 14 0
2
244 43 
2
8475 34 34 0
8475 18 14 0
2
42 201 
2
8665 16 16 0
8665 18 20 0
2
43 182 
2
8476 18 14 0
8476 32 10 0
2
42 202 
2
8666 16 16 0
8666 14 14 0
2
43 183 
2
8477 18 14 0
8477 2 8 0
2
42 203 
2
8667 16 16 0
8667 2 14 0
2
40 42 
2
8668 10 16 0
8668 16 16 0
2
41 43 
2
8478 20 12 0
8478 18 14 0
2
42 201 
2
8669 16 16 0
8669 18 20 0
2
43 185 
2
8479 18 14 0
8479 24 30 0
2
42 202 
2
8670 16 16 0
8670 14 14 0
2
42 203 
2
8671 16 16 0
8671 2 14 0
2
20 40 
2
8669 14 16 0
8669 10 16 0
2
21 41 
2
8479 20 14 0
8479 20 12 0
2
18 38 
2
8657 4 18 0
8657 4 16 0
2
19 39 
2
8470 20 8 0
8470 22 8 0
2
36 38 
2
8658 4 22 0
8658 4 16 0
2
37 39 
2
8471 24 4 0
8471 22 8 0
2
244 40 
2
8670 34 34 0
8670 10 16 0
2
38 40 
2
8671 4 16 0
8671 10 16 0
2
245 40 
2
8672 34 32 0
8672 10 16 0
2
18 40 
2
8673 4 18 0
8673 10 16 0
2
244 40 
2
8674 34 34 0
8674 10 16 0
2
38 40 
2
8675 4 16 0
8675 10 16 0
2
245 40 
2
8676 34 32 0
8676 10 16 0
2
244 41 
2
8480 34 34 0
8480 20 12 0
2
39 41 
2
8481 22 8 0
8481 20 12 0
2
246 41 
2
8482 34 30 0
8482 20 12 0
2
19 41 
2
8483 20 8 0
8483 20 12 0
2
244 41 
2
8484 34 34 0
8484 20 12 0
2
39 41 
2
8485 22 8 0
8485 20 12 0
2
245 41 
2
8486 34 32 0
8486 20 12 0
2
246 42 
2
8672 34 30 0
8672 16 16 0
2
40 42 
2
8677 10 16 0
8677 16 16 0
2
244 42 
2
8678 34 34 0
8678 16 16 0
2
20 42 
2
8679 14 16 0
8679 16 16 0
2
245 42 
2
8680 34 32 0
8680 16 16 0
2
40 42 
2
8681 10 16 0
8681 16 16 0
2
244 42 
2
8682 34 34 0
8682 16 16 0
2
245 43 
2
8480 34 32 0
8480 18 14 0
2
41 43 
2
8487 20 12 0
8487 18 14 0
2
244 43 
2
8488 34 34 0
8488 18 14 0
2
21 43 
2
8489 20 14 0
8489 18 14 0
2
245 43 
2
8490 34 32 0
8490 18 14 0
2
41 43 
2
8491 20 12 0
8491 18 14 0
2
246 43 
2
8492 34 30 0
8492 18 14 0
2
42 200 
2
8683 16 16 0
8683 10 18 0
2
43 184 
2
8493 18 14 0
8493 30 8 0
2
42 201 
2
8684 16 16 0
8684 18 20 0
2
42 202 
2
8685 16 16 0
8685 14 14 0
2
42 203 
2
8686 16 16 0
8686 2 14 0
2
42 204 
2
8687 16 16 0
8687 20 20 0
2
42 205 
2
8688 16 16 0
8688 18 10 0
2
42 206 
2
8689 16 16 0
8689 26 24 0
2
42 207 
2
8690 16 16 0
8690 4 10 0
2
42 208 
2
8691 16 16 0
8691 32 16 0
2
42 209 
2
8692 16 16 0
8692 2 18 0
2
42 210 
2
8693 16 16 0
8693 8 24 0
2
42 211 
2
8694 16 16 0
8694 6 18 0
2
42 212 
2
8695 16 16 0
8695 16 24 0
2
42 213 
2
8696 16 16 0
8696 16 32 0
2
42 214 
2
8697 16 16 0
8697 12 20 0
2
42 215 
2
8698 16 16 0
8698 18 16 0
2
42 216 
2
8699 16 16 0
8699 8 20 0
2
42 217 
2
8700 16 16 0
8700 14 26 0
2
42 218 
2
8701 16 16 0
8701 10 24 0
2
42 219 
2
8702 16 16 0
8702 24 24 0
2
42 220 
2
8703 16 16 0
8703 12 24 0
2
40 42 
2
8704 10 16 0
8704 16 16 0
2
41 43 
2
8494 20 12 0
8494 18 14 0
2
42 200 
2
8705 16 16 0
8705 10 18 0
2
43 184 
2
8495 18 14 0
8495 30 8 0
2
42 201 
2
8706 16 16 0
8706 18 20 0
2
43 185 
2
8496 18 14 0
8496 24 30 0
2
42 202 
2
8707 16 16 0
8707 14 14 0
2
42 203 
2
8708 16 16 0
8708 2 14 0
2
42 204 
2
8709 16 16 0
8709 20 20 0
2
42 205 
2
8710 16 16 0
8710 18 10 0
2
42 206 
2
8711 16 16 0
8711 26 24 0
2
42 207 
2
8712 16 16 0
8712 4 10 0
2
42 208 
2
8713 16 16 0
8713 32 16 0
2
42 209 
2
8714 16 16 0
8714 2 18 0
2
42 210 
2
8715 16 16 0
8715 8 24 0
2
42 211 
2
8716 16 16 0
8716 6 18 0
2
42 212 
2
8717 16 16 0
8717 16 24 0
2
42 213 
2
8718 16 16 0
8718 16 32 0
2
42 214 
2
8719 16 16 0
8719 12 20 0
2
42 215 
2
8720 16 16 0
8720 18 16 0
2
42 216 
2
8721 16 16 0
8721 8 20 0
2
42 217 
2
8722 16 16 0
8722 14 26 0
2
42 218 
2
8723 16 16 0
8723 10 24 0
2
42 219 
2
8724 16 16 0
8724 24 24 0
2
42 220 
2
8725 16 16 0
8725 12 24 0
2
20 40 
2
8705 14 16 0
8705 10 16 0
2
21 41 
2
8495 20 14 0
8495 20 12 0
2
38 40 
2
8706 4 16 0
8706 10 16 0
2
39 41 
2
8496 22 8 0
8496 20 12 0
2
244 42 
2
8726 34 34 0
8726 16 16 0
2
40 42 
2
8727 10 16 0
8727 16 16 0
2
245 42 
2
8728 34 32 0
8728 16 16 0
2
20 42 
2
8729 14 16 0
8729 16 16 0
2
244 42 
2
8730 34 34 0
8730 16 16 0
2
40 42 
2
8731 10 16 0
8731 16 16 0
2
245 42 
2
8732 34 32 0
8732 16 16 0
2
245 43 
2
8497 34 32 0
8497 18 14 0
2
41 43 
2
8498 20 12 0
8498 18 14 0
2
244 43 
2
8499 34 34 0
8499 18 14 0
2
21 43 
2
8500 20 14 0
8500 18 14 0
2
246 43 
2
8501 34 30 0
8501 18 14 0
2
41 43 
2
8502 20 12 0
8502 18 14 0
2
245 43 
2
8503 34 32 0
8503 18 14 0
2
42 201 
2
8733 16 16 0
8733 18 20 0
2
43 188 
2
8504 18 14 0
8504 30 6 0
2
42 202 
2
8734 16 16 0
8734 14 14 0
2
42 203 
2
8735 16 16 0
8735 2 14 0
2
42 204 
2
8736 16 16 0
8736 20 20 0
2
42 205 
2
8737 16 16 0
8737 18 10 0
2
42 206 
2
8738 16 16 0
8738 26 24 0
2
42 207 
2
8739 16 16 0
8739 4 10 0
2
42 208 
2
8740 16 16 0
8740 32 16 0
2
42 209 
2
8741 16 16 0
8741 2 18 0
2
42 210 
2
8742 16 16 0
8742 8 24 0
2
42 211 
2
8743 16 16 0
8743 6 18 0
2
42 212 
2
8744 16 16 0
8744 16 24 0
2
42 213 
2
8745 16 16 0
8745 16 32 0
2
42 214 
2
8746 16 16 0
8746 12 20 0
2
42 215 
2
8747 16 16 0
8747 18 16 0
2
42 216 
2
8748 16 16 0
8748 8 20 0
2
42 217 
2
8749 16 16 0
8749 14 26 0
2
42 218 
2
8750 16 16 0
8750 10 24 0
2
42 219 
2
8751 16 16 0
8751 24 24 0
2
42 220 
2
8752 16 16 0
8752 12 24 0
2
42 221 
2
8753 16 16 0
8753 6 22 0
2
40 42 
2
8754 10 16 0
8754 16 16 0
2
41 43 
2
8505 20 12 0
8505 18 14 0
2
42 201 
2
8755 16 16 0
8755 18 20 0
2
43 186 
2
8506 18 14 0
8506 28 6 0
2
42 202 
2
8756 16 16 0
8756 14 14 0
2
42 203 
2
8757 16 16 0
8757 2 14 0
2
42 204 
2
8758 16 16 0
8758 20 20 0
2
42 205 
2
8759 16 16 0
8759 18 10 0
2
42 206 
2
8760 16 16 0
8760 26 24 0
2
42 207 
2
8761 16 16 0
8761 4 10 0
2
42 208 
2
8762 16 16 0
8762 32 16 0
2
42 209 
2
8763 16 16 0
8763 2 18 0
2
42 210 
2
8764 16 16 0
8764 8 24 0
2
42 211 
2
8765 16 16 0
8765 6 18 0
2
42 212 
2
8766 16 16 0
8766 16 24 0
2
42 213 
2
8767 16 16 0
8767 16 32 0
2
42 214 
2
8768 16 16 0
8768 12 20 0
2
42 215 
2
8769 16 16 0
8769 18 16 0
2
42 216 
2
8770 16 16 0
8770 8 20 0
2
42 217 
2
8771 16 16 0
8771 14 26 0
2
42 218 
2
8772 16 16 0
8772 10 24 0
2
42 219 
2
8773 16 16 0
8773 24 24 0
2
42 220 
2
8774 16 16 0
8774 12 24 0
2
42 221 
2
8775 16 16 0
8775 6 22 0
2
20 40 
2
8755 14 16 0
8755 10 16 0
2
21 41 
2
8506 20 14 0
8506 20 12 0
2
18 38 
2
8707 4 18 0
8707 4 16 0
2
19 39 
2
8497 20 8 0
8497 22 8 0
2
16 36 
2
8659 4 24 0
8659 4 22 0
2
17 37 
2
8472 26 4 0
8472 24 4 0
2
34 36 
2
8660 2 24 0
8660 4 22 0
2
35 37 
2
8473 28 2 0
8473 24 4 0
2
244 38 
2
8708 34 34 0
8708 4 16 0
2
36 38 
2
8709 4 22 0
8709 4 16 0
2
245 38 
2
8710 34 32 0
8710 4 16 0
2
16 38 
2
8711 4 24 0
8711 4 16 0
2
244 38 
2
8712 34 34 0
8712 4 16 0
2
36 38 
2
8713 4 22 0
8713 4 16 0
2
245 38 
2
8714 34 32 0
8714 4 16 0
2
247 39 
2
8498 34 28 0
8498 22 8 0
2
37 39 
2
8499 24 4 0
8499 22 8 0
2
245 39 
2
8500 34 32 0
8500 22 8 0
2
17 39 
2
8501 26 4 0
8501 22 8 0
2
244 39 
2
8502 34 34 0
8502 22 8 0
2
37 39 
2
8503 24 4 0
8503 22 8 0
2
246 39 
2
8504 34 30 0
8504 22 8 0
2
244 40 
2
8756 34 34 0
8756 10 16 0
2
38 40 
2
8757 4 16 0
8757 10 16 0
2
245 40 
2
8758 34 32 0
8758 10 16 0
2
18 40 
2
8759 4 18 0
8759 10 16 0
2
244 40 
2
8760 34 34 0
8760 10 16 0
2
38 40 
2
8761 4 16 0
8761 10 16 0
2
245 40 
2
8762 34 32 0
8762 10 16 0
2
244 41 
2
8507 34 34 0
8507 20 12 0
2
39 41 
2
8508 22 8 0
8508 20 12 0
2
246 41 
2
8509 34 30 0
8509 20 12 0
2
19 41 
2
8510 20 8 0
8510 20 12 0
2
244 41 
2
8511 34 34 0
8511 20 12 0
2
39 41 
2
8512 22 8 0
8512 20 12 0
2
246 41 
2
8513 34 30 0
8513 20 12 0
2
244 42 
2
8776 34 34 0
8776 16 16 0
2
40 42 
2
8777 10 16 0
8777 16 16 0
2
245 42 
2
8778 34 32 0
8778 16 16 0
2
20 42 
2
8779 14 16 0
8779 16 16 0
2
244 42 
2
8780 34 34 0
8780 16 16 0
2
40 42 
2
8781 10 16 0
8781 16 16 0
2
245 42 
2
8782 34 32 0
8782 16 16 0
2
245 43 
2
8507 34 32 0
8507 18 14 0
2
41 43 
2
8514 20 12 0
8514 18 14 0
2
245 43 
2
8515 34 32 0
8515 18 14 0
2
21 43 
2
8516 20 14 0
8516 18 14 0
2
244 43 
2
8517 34 34 0
8517 18 14 0
2
41 43 
2
8518 20 12 0
8518 18 14 0
2
246 43 
2
8519 34 30 0
8519 18 14 0
2
42 220 
2
8783 16 16 0
8783 12 24 0
2
43 186 
2
8520 18 14 0
8520 28 6 0
2
42 221 
2
8784 16 16 0
8784 6 22 0
2
43 188 
2
8521 18 14 0
8521 30 6 0
2
42 222 
2
8785 16 16 0
8785 6 14 0
2
40 42 
2
8786 10 16 0
8786 16 16 0
2
41 43 
2
8522 20 12 0
8522 18 14 0
2
42 220 
2
8787 16 16 0
8787 12 24 0
2
43 191 
2
8523 18 14 0
8523 28 4 0
2
42 221 
2
8788 16 16 0
8788 6 22 0
2
42 222 
2
8789 16 16 0
8789 6 14 0
2
20 40 
2
8787 14 16 0
8787 10 16 0
2
21 41 
2
8523 20 14 0
8523 20 12 0
2
38 40 
2
8788 4 16 0
8788 10 16 0
2
39 41 
2
8524 22 8 0
8524 20 12 0
2
244 42 
2
8790 34 34 0
8790 16 16 0
2
40 42 
2
8791 10 16 0
8791 16 16 0
2
245 42 
2
8792 34 32 0
8792 16 16 0
2
20 42 
2
8793 14 16 0
8793 16 16 0
2
244 42 
2
8794 34 34 0
8794 16 16 0
2
40 42 
2
8795 10 16 0
8795 16 16 0
2
245 42 
2
8796 34 32 0
8796 16 16 0
2
244 43 
2
8524 34 34 0
8524 18 14 0
2
41 43 
2
8525 20 12 0
8525 18 14 0
2
246 43 
2
8526 34 30 0
8526 18 14 0
2
21 43 
2
8527 20 14 0
8527 18 14 0
2
248 43 
2
8528 34 26 0
8528 18 14 0
2
41 43 
2
8529 20 12 0
8529 18 14 0
2
250 43 
2
8530 34 22 0
8530 18 14 0
2
42 221 
2
8797 16 16 0
8797 6 22 0
2
43 189 
2
8531 18 14 0
8531 32 8 0
2
42 222 
2
8798 16 16 0
8798 6 14 0
2
42 223 
2
8799 16 16 0
8799 14 12 0
2
40 42 
2
8800 10 16 0
8800 16 16 0
2
41 43 
2
8532 20 12 0
8532 18 14 0
2
42 221 
2
8801 16 16 0
8801 6 22 0
2
43 189 
2
8533 18 14 0
8533 32 8 0
2
42 222 
2
8802 16 16 0
8802 6 14 0
2
43 191 
2
8534 18 14 0
8534 28 4 0
2
42 223 
2
8803 16 16 0
8803 14 12 0
2
20 40 
2
8801 14 16 0
8801 10 16 0
2
21 41 
2
8533 20 14 0
8533 20 12 0
2
18 38 
2
8789 4 18 0
8789 4 16 0
2
19 39 
2
8525 20 8 0
8525 22 8 0
2
36 38 
2
8790 4 22 0
8790 4 16 0
2
37 39 
2
8526 24 4 0
8526 22 8 0
2
244 40 
2
8802 34 34 0
8802 10 16 0
2
38 40 
2
8803 4 16 0
8803 10 16 0
2
245 40 
2
8804 34 32 0
8804 10 16 0
2
18 40 
2
8805 4 18 0
8805 10 16 0
2
244 40 
2
8806 34 34 0
8806 10 16 0
2
38 40 
2
8807 4 16 0
8807 10 16 0
2
245 40 
2
8808 34 32 0
8808 10 16 0
2
246 41 
2
8534 34 30 0
8534 20 12 0
2
39 41 
2
8535 22 8 0
8535 20 12 0
2
247 41 
2
8536 34 28 0
8536 20 12 0
2
19 41 
2
8537 20 8 0
8537 20 12 0
2
245 41 
2
8538 34 32 0
8538 20 12 0
2
39 41 
2
8539 22 8 0
8539 20 12 0
2
248 41 
2
8540 34 26 0
8540 20 12 0
2
246 42 
2
8804 34 30 0
8804 16 16 0
2
40 42 
2
8809 10 16 0
8809 16 16 0
2
244 42 
2
8810 34 34 0
8810 16 16 0
2
20 42 
2
8811 14 16 0
8811 16 16 0
2
245 42 
2
8812 34 32 0
8812 16 16 0
2
40 42 
2
8813 10 16 0
8813 16 16 0
2
244 42 
2
8814 34 34 0
8814 16 16 0
2
244 43 
2
8535 34 34 0
8535 18 14 0
2
41 43 
2
8541 20 12 0
8541 18 14 0
2
245 43 
2
8542 34 32 0
8542 18 14 0
2
21 43 
2
8543 20 14 0
8543 18 14 0
2
247 43 
2
8544 34 28 0
8544 18 14 0
2
41 43 
2
8545 20 12 0
8545 18 14 0
2
245 43 
2
8546 34 32 0
8546 18 14 0
2
42 220 
2
8815 16 16 0
8815 12 24 0
2
43 241 
2
8547 18 14 0
8547 32 22 0
2
42 221 
2
8816 16 16 0
8816 6 22 0
2
42 222 
2
8817 16 16 0
8817 6 14 0
2
42 223 
2
8818 16 16 0
8818 14 12 0
2
42 224 
2
8819 16 16 0
8819 24 12 0
2
42 225 
2
8820 16 16 0
8820 20 18 0
2
42 226 
2
8821 16 16 0
8821 18 32 0
2
42 227 
2
8822 16 16 0
8822 2 12 0
2
42 228 
2
8823 16 16 0
8823 12 2 0
2
42 229 
2
8824 16 16 0
8824 2 16 0
2
42 230 
2
8825 16 16 0
8825 10 8 0
2
42 231 
2
8826 16 16 0
8826 14 30 0
2
42 232 
2
8827 16 16 0
8827 26 22 0
2
42 233 
2
8828 16 16 0
8828 8 22 0
2
42 234 
2
8829 16 16 0
8829 12 22 0
2
42 235 
2
8830 16 16 0
8830 14 24 0
2
42 236 
2
8831 16 16 0
8831 8 10 0
2
42 237 
2
8832 16 16 0
8832 20 28 0
2
42 238 
2
8833 16 16 0
8833 14 10 0
2
42 239 
2
8834 16 16 0
8834 16 20 0
2
42 50 
2
8835 16 16 0
8835 4 12 0
2
40 42 
2
8836 10 16 0
8836 16 16 0
2
41 43 
2
8548 20 12 0
8548 18 14 0
2
42 220 
2
8837 16 16 0
8837 12 24 0
2
43 240 
2
8549 18 14 0
8549 6 4 0
2
42 221 
2
8838 16 16 0
8838 6 22 0
2
42 222 
2
8839 16 16 0
8839 6 14 0
2
42 223 
2
8840 16 16 0
8840 14 12 0
2
42 224 
2
8841 16 16 0
8841 24 12 0
2
42 225 
2
8842 16 16 0
8842 20 18 0
2
42 226 
2
8843 16 16 0
8843 18 32 0
2
42 227 
2
8844 16 16 0
8844 2 12 0
2
42 228 
2
8845 16 16 0
8845 12 2 0
2
42 229 
2
8846 16 16 0
8846 2 16 0
2
42 230 
2
8847 16 16 0
8847 10 8 0
2
42 231 
2
8848 16 16 0
8848 14 30 0
2
42 232 
2
8849 16 16 0
8849 26 22 0
2
42 233 
2
8850 16 16 0
8850 8 22 0
2
42 234 
2
8851 16 16 0
8851 12 22 0
2
42 235 
2
8852 16 16 0
8852 14 24 0
2
42 236 
2
8853 16 16 0
8853 8 10 0
2
42 237 
2
8854 16 16 0
8854 20 28 0
2
42 238 
2
8855 16 16 0
8855 14 10 0
2
42 239 
2
8856 16 16 0
8856 16 20 0
2
42 50 
2
8857 16 16 0
8857 4 12 0
2
20 40 
2
8837 14 16 0
8837 10 16 0
2
21 41 
2
8549 20 14 0
8549 20 12 0
2
38 40 
2
8838 4 16 0
8838 10 16 0
2
39 41 
2
8550 22 8 0
8550 20 12 0
2
244 42 
2
8858 34 34 0
8858 16 16 0
2
40 42 
2
8859 10 16 0
8859 16 16 0
2
245 42 
2
8860 34 32 0
8860 16 16 0
2
20 42 
2
8861 14 16 0
8861 16 16 0
2
244 42 
2
8862 34 34 0
8862 16 16 0
2
40 42 
2
8863 10 16 0
8863 16 16 0
2
245 42 
2
8864 34 32 0
8864 16 16 0
2
245 43 
2
8550 34 32 0
8550 18 14 0
2
41 43 
2
8551 20 12 0
8551 18 14 0
2
246 43 
2
8552 34 30 0
8552 18 14 0
2
21 43 
2
8553 20 14 0
8553 18 14 0
2
244 43 
2
8554 34 34 0
8554 18 14 0
2
41 43 
2
8555 20 12 0
8555 18 14 0
2
246 43 
2
8556 34 30 0
8556 18 14 0
2
42 221 
2
8865 16 16 0
8865 6 22 0
2
43 240 
2
8557 18 14 0
8557 6 4 0
2
42 222 
2
8866 16 16 0
8866 6 14 0
2
43 241 
2
8558 18 14 0
8558 32 22 0
2
42 223 
2
8867 16 16 0
8867 14 12 0
2
42 224 
2
8868 16 16 0
8868 24 12 0
2
42 225 
2
8869 16 16 0
8869 20 18 0
2
42 226 
2
8870 16 16 0
8870 18 32 0
2
42 227 
2
8871 16 16 0
8871 2 12 0
2
42 228 
2
8872 16 16 0
8872 12 2 0
2
42 229 
2
8873 16 16 0
8873 2 16 0
2
42 230 
2
8874 16 16 0
8874 10 8 0
2
42 231 
2
8875 16 16 0
8875 14 30 0
2
42 232 
2
8876 16 16 0
8876 26 22 0
2
42 233 
2
8877 16 16 0
8877 8 22 0
2
42 234 
2
8878 16 16 0
8878 12 22 0
2
42 235 
2
8879 16 16 0
8879 14 24 0
2
42 236 
2
8880 16 16 0
8880 8 10 0
2
42 237 
2
8881 16 16 0
8881 20 28 0
2
42 238 
2
8882 16 16 0
8882 14 10 0
2
42 239 
2
8883 16 16 0
8883 16 20 0
2
42 50 
2
8884 16 16 0
8884 4 12 0
2
42 45 
2
8885 16 16 0
8885 16 2 0
2
40 42 
2
8886 10 16 0
8886 16 16 0
2
41 43 
2
8559 20 12 0
8559 18 14 0
2
42 221 
2
8887 16 16 0
8887 6 22 0
2
43 243 
2
8560 18 14 0
8560 26 28 0
2
42 222 
2
8888 16 16 0
8888 6 14 0
2
42 223 
2
8889 16 16 0
8889 14 12 0
2
42 224 
2
8890 16 16 0
8890 24 12 0
2
42 225 
2
8891 16 16 0
8891 20 18 0
2
42 226 
2
8892 16 16 0
8892 18 32 0
2
42 227 
2
8893 16 16 0
8893 2 12 0
2
42 228 
2
8894 16 16 0
8894 12 2 0
2
42 229 
2
8895 16 16 0
8895 2 16 0
2
42 230 
2
8896 16 16 0
8896 10 8 0
2
42 231 
2
8897 16 16 0
8897 14 30 0
2
42 232 
2
8898 16 16 0
8898 26 22 0
2
42 233 
2
8899 16 16 0
8899 8 22 0
2
42 234 
2
8900 16 16 0
8900 12 22 0
2
42 235 
2
8901 16 16 0
8901 14 24 0
2
42 236 
2
8902 16 16 0
8902 8 10 0
2
42 237 
2
8903 16 16 0
8903 20 28 0
2
42 238 
2
8904 16 16 0
8904 14 10 0
2
42 239 
2
8905 16 16 0
8905 16 20 0
2
42 50 
2
8906 16 16 0
8906 4 12 0
2
42 45 
2
8907 16 16 0
8907 16 2 0
2
20 40 
2
8887 14 16 0
8887 10 16 0
2
21 41 
2
8560 20 14 0
8560 20 12 0
2
18 38 
2
8839 4 18 0
8839 4 16 0
2
19 39 
2
8551 20 8 0
8551 22 8 0
2
16 36 
2
8791 4 24 0
8791 4 22 0
2
17 37 
2
8527 26 4 0
8527 24 4 0
2
14 34 
2
8661 4 26 0
8661 2 24 0
2
15 35 
2
8474 26 2 0
8474 28 2 0
2
32 34 
2
8662 2 28 0
8662 2 24 0
2
33 35 
2
8475 32 2 0
8475 28 2 0
2
246 36 
2
8792 34 30 0
8792 4 22 0
2
34 36 
2
8793 2 24 0
8793 4 22 0
2
247 36 
2
8794 34 28 0
8794 4 22 0
2
14 36 
2
8795 4 26 0
8795 4 22 0
2
246 36 
2
8796 34 30 0
8796 4 22 0
2
34 36 
2
8797 2 24 0
8797 4 22 0
2
244 36 
2
8798 34 34 0
8798 4 22 0
2
249 37 
2
8528 34 24 0
8528 24 4 0
2
35 37 
2
8529 28 2 0
8529 24 4 0
2
251 37 
2
8530 34 20 0
8530 24 4 0
2
15 37 
2
8531 26 2 0
8531 24 4 0
2
248 37 
2
8532 34 26 0
8532 24 4 0
2
35 37 
2
8533 28 2 0
8533 24 4 0
2
249 37 
2
8534 34 24 0
8534 24 4 0
2
244 38 
2
8840 34 34 0
8840 4 16 0
2
36 38 
2
8841 4 22 0
8841 4 16 0
2
245 38 
2
8842 34 32 0
8842 4 16 0
2
16 38 
2
8843 4 24 0
8843 4 16 0
2
244 38 
2
8844 34 34 0
8844 4 16 0
2
36 38 
2
8845 4 22 0
8845 4 16 0
2
245 38 
2
8846 34 32 0
8846 4 16 0
2
247 39 
2
8552 34 28 0
8552 22 8 0
2
37 39 
2
8553 24 4 0
8553 22 8 0
2
245 39 
2
8554 34 32 0
8554 22 8 0
2
17 39 
2
8555 26 4 0
8555 22 8 0
2
247 39 
2
8556 34 28 0
8556 22 8 0
2
37 39 
2
8557 24 4 0
8557 22 8 0
2
244 39 
2
8558 34 34 0
8558 22 8 0
2
244 40 
2
8888 34 34 0
8888 10 16 0
2
38 40 
2
8889 4 16 0
8889 10 16 0
2
245 40 
2
8890 34 32 0
8890 10 16 0
2
18 40 
2
8891 4 18 0
8891 10 16 0
2
244 40 
2
8892 34 34 0
8892 10 16 0
2
38 40 
2
8893 4 16 0
8893 10 16 0
2
245 40 
2
8894 34 32 0
8894 10 16 0
2
244 41 
2
8561 34 34 0
8561 20 12 0
2
39 41 
2
8562 22 8 0
8562 20 12 0
2
246 41 
2
8563 34 30 0
8563 20 12 0
2
19 41 
2
8564 20 8 0
8564 20 12 0
2
244 41 
2
8565 34 34 0
8565 20 12 0
2
39 41 
2
8566 22 8 0
8566 20 12 0
2
245 41 
2
8567 34 32 0
8567 20 12 0
2
244 42 
2
8908 34 34 0
8908 16 16 0
2
40 42 
2
8909 10 16 0
8909 16 16 0
2
245 42 
2
8910 34 32 0
8910 16 16 0
2
20 42 
2
8911 14 16 0
8911 16 16 0
2
244 42 
2
8912 34 34 0
8912 16 16 0
2
40 42 
2
8913 10 16 0
8913 16 16 0
2
245 42 
2
8914 34 32 0
8914 16 16 0
2
245 43 
2
8561 34 32 0
8561 18 14 0
2
41 43 
2
8568 20 12 0
8568 18 14 0
2
244 43 
2
8569 34 34 0
8569 18 14 0
2
21 43 
2
8570 20 14 0
8570 18 14 0
2
245 43 
2
8571 34 32 0
8571 18 14 0
2
41 43 
2
8572 20 12 0
8572 18 14 0
2
244 43 
2
8573 34 34 0
8573 18 14 0
2
42 50 
2
8915 16 16 0
8915 4 12 0
2
43 242 
2
8574 18 14 0
8574 4 6 0
2
42 45 
2
8916 16 16 0
8916 16 2 0
2
42 47 
2
8917 16 16 0
8917 26 12 0
2
40 42 
2
8918 10 16 0
8918 16 16 0
2
41 43 
2
8575 20 12 0
8575 18 14 0
2
42 50 
2
8919 16 16 0
8919 4 12 0
2
43 242 
2
8576 18 14 0
8576 4 6 0
2
42 45 
2
8920 16 16 0
8920 16 2 0
2
43 243 
2
8577 18 14 0
8577 26 28 0
2
42 47 
2
8921 16 16 0
8921 26 12 0
2
20 40 
2
8919 14 16 0
8919 10 16 0
2
21 41 
2
8576 20 14 0
8576 20 12 0
2
18 38 
2
8894 4 18 0
8894 4 16 0
2
19 39 
2
8567 20 8 0
8567 22 8 0
2
16 36 
2
8846 4 24 0
8846 4 22 0
2
17 37 
2
8558 26 4 0
8558 24 4 0
2
14 34 
2
8798 4 26 0
8798 2 24 0
2
15 35 
2
8534 26 2 0
8534 28 2 0
2
12 32 
2
8663 2 26 0
8663 2 28 0
2
13 33 
2
8476 30 2 0
8476 32 2 0
2
10 30 
2
8160 6 28 0
8160 4 28 0
2
11 31 
2
7323 32 4 0
7323 32 6 0
2
8 28 
2
7634 6 30 0
7634 4 30 0
2
9 29 
2
7110 32 24 0
7110 32 26 0
2
6 26 
2
6630 6 32 0
6630 2 30 0
2
7 27 
2
6614 28 30 0
6614 32 28 0
2
4 24 
2
4588 8 32 0
4588 2 32 0
2
5 25 
2
4605 26 32 0
4605 30 30 0
2
2 22 
2
85 24 32 0
85 4 32 0
2
3 23 
2
85 26 30 0
85 32 30 0
2
1 23 
2
86 30 32 0
86 32 30 0
2
0 22 
2
86 10 32 0
86 4 32 0
2
0 1 
2
87 10 32 0
87 30 32 0
2
2 3 
2
86 24 32 0
86 26 30 0
2
4 5 
2
4606 8 32 0
4606 26 32 0
2
6 7 
2
6631 6 32 0
6631 28 30 0
2
8 9 
2
7635 6 30 0
7635 32 24 0
2
10 11 
2
8161 6 28 0
8161 32 4 0
2
12 13 
2
8664 2 26 0
8664 30 2 0
2
14 15 
2
8799 4 26 0
8799 26 2 0
2
16 17 
2
8847 4 24 0
8847 26 4 0
2
18 19 
2
8895 4 18 0
8895 20 8 0
2
20 21 
2
8920 14 16 0
8920 20 14 0
