35 35 1
244 68
10 32 0
30 32 0
24 32 0
26 30 0
8 32 0
26 32 0
6 32 0
28 30 0
6 30 0
32 24 0
6 28 0
32 4 0
2 26 0
30 2 0
4 26 0
26 2 0
4 24 0
26 4 0
4 18 0
20 8 0
14 16 0
20 14 0
4 32 0
32 30 0
2 32 0
30 30 0
2 30 0
32 28 0
4 30 0
32 26 0
4 28 0
32 6 0
2 28 0
32 2 0
2 24 0
28 2 0
4 22 0
24 4 0
4 16 0
22 8 0
10 16 0
20 12 0
16 16 0
18 14 0
30 26 0
16 2 0
28 26 0
26 12 0
22 32 0
32 14 0
4 12 0
12 32 0
18 4 0
18 8 0
24 6 0
24 2 0
32 18 0
22 28 0
10 10 0
28 16 0
16 8 0
18 30 0
20 24 0
16 12 0
16 6 0
10 6 0
18 22 0
18 28 0
18 12 0
6 26 0
8 2 0
8 28 0
8 30 0
2 22 0
8 26 0
10 30 0
6 24 0
14 32 0
10 28 0
2 20 0
24 28 0
6 6 0
28 22 0
10 4 0
28 24 0
30 20 0
6 10 0
22 14 0
12 4 0
24 14 0
20 10 0
28 8 0
32 12 0
20 2 0
8 6 0
6 12 0
16 4 0
12 14 0
22 16 0
18 24 0
12 10 0
18 18 0
14 8 0
14 6 0
22 26 0
20 16 0
24 20 0
30 16 0
28 10 0
26 10 0
6 20 0
18 6 0
30 14 0
22 4 0
30 10 0
2 10 0
8 8 0
12 8 0
12 12 0
22 18 0
28 20 0
8 14 0
12 6 0
22 20 0
20 26 0
12 16 0
16 10 0
12 18 0
16 14 0
28 12 0
22 6 0
28 14 0
8 16 0
10 12 0
16 30 0
10 26 0
16 26 0
16 28 0
10 20 0
12 26 0
14 18 0
14 20 0
8 12 0
22 24 0
24 18 0
22 10 0
30 12 0
4 8 0
12 30 0
20 6 0
24 8 0
22 2 0
22 30 0
24 26 0
28 18 0
22 22 0
26 18 0
24 16 0
4 14 0
14 4 0
10 14 0
14 2 0
30 18 0
24 22 0
26 20 0
4 20 0
20 22 0
22 12 0
24 10 0
18 2 0
26 14 0
20 4 0
26 8 0
26 6 0
20 32 0
6 8 0
20 30 0
8 4 0
10 2 0
30 22 0
26 26 0
32 20 0
32 10 0
2 8 0
30 8 0
24 30 0
28 6 0
12 28 0
30 6 0
32 8 0
26 16 0
28 4 0
18 26 0
6 16 0
14 22 0
10 22 0
8 18 0
16 22 0
16 18 0
14 28 0
10 18 0
18 20 0
14 14 0
2 14 0
20 20 0
18 10 0
26 24 0
4 10 0
32 16 0
2 18 0
8 24 0
6 18 0
16 24 0
16 32 0
12 20 0
18 16 0
8 20 0
14 26 0
10 24 0
24 24 0
12 24 0
6 22 0
6 14 0
14 12 0
24 12 0
20 18 0
18 32 0
2 12 0
12 2 0
2 16 0
10 8 0
14 30 0
26 22 0
8 22 0
12 22 0
14 24 0
8 10 0
20 28 0
14 10 0
16 20 0
6 4 0
32 22 0
4 6 0
26 28 0
34 34 0
34 32 0
34 30 0
34 28 0
34 26 0
34 24 0
34 22 0
34 20 0
34 18 0
34 16 0
34 14 0
34 12 0
34 10 0
34 8 0
34 6 0
34 4 0
34 2 0
34 0 0
32 34 0
32 0 0
30 34 0
30 0 0
28 34 0
28 0 0
26 34 0
26 0 0
24 34 0
24 0 0
22 34 0
22 0 0
20 34 0
20 0 0
18 34 0
18 0 0
16 34 0
16 0 0
14 34 0
14 0 0
12 34 0
12 0 0
10 34 0
10 0 0
8 34 0
8 0 0
6 34 0
6 0 0
4 34 0
4 0 0
2 34 0
2 0 0
0 34 0
0 32 0
0 30 0
0 28 0
0 26 0
0 24 0
0 22 0
0 20 0
0 18 0
0 16 0
0 14 0
0 12 0
0 10 0
0 8 0
0 6 0
0 4 0
0 2 0
0 0 0
19460 8920
2
0 1 
2
0 10 32 0
0 30 32 0
2
2 3 
2
0 24 32 0
0 26 30 0
2
4 5 
2
0 8 32 0
0 26 32 0
2
6 7 
2
0 6 32 0
0 28 30 0
2
8 9 
2
0 6 30 0
0 32 24 0
2
10 11 
2
0 6 28 0
0 32 4 0
2
12 13 
2
0 2 26 0
0 30 2 0
2
14 15 
2
0 4 26 0
0 26 2 0
2
16 17 
2
0 4 24 0
0 26 4 0
2
18 19 
2
0 4 18 0
0 20 8 0
2
20 21 
2
0 14 16 0
0 20 14 0
2
0 22 
2
1 10 32 0
1 4 32 0
2
1 23 
2
1 30 32 0
1 32 30 0
2
24 24 
1
0 2 32 0
2
22 24 
2
2 4 32 0
2 2 32 0
2
24 24 
1
3 2 32 0
2
2 24 
2
4 24 32 0
4 2 32 0
2
24 24 
1
5 2 32 0
2
22 24 
2
6 4 32 0
6 2 32 0
2
24 24 
1
7 2 32 0
2
25 25 
1
0 30 30 0
2
23 25 
2
2 32 30 0
2 30 30 0
2
25 25 
1
3 30 30 0
2
3 25 
2
4 26 30 0
4 30 30 0
2
25 25 
1
5 30 30 0
2
23 25 
2
6 32 30 0
6 30 30 0
2
25 25 
1
7 30 30 0
2
26 26 
1
0 2 30 0
2
24 26 
2
8 2 32 0
8 2 30 0
2
26 26 
1
9 2 30 0
2
4 26 
2
10 8 32 0
10 2 30 0
2
26 26 
1
11 2 30 0
2
24 26 
2
12 2 32 0
12 2 30 0
2
26 26 
1
13 2 30 0
2
27 27 
1
0 32 28 0
2
25 27 
2
8 30 30 0
8 32 28 0
2
27 27 
1
9 32 28 0
2
5 27 
2
10 26 32 0
10 32 28 0
2
27 27 
1
11 32 28 0
2
25 27 
2
12 30 30 0
12 32 28 0
2
27 27 
1
13 32 28 0
2
28 28 
1
0 4 30 0
2
26 28 
2
14 2 30 0
14 4 30 0
2
28 28 
1
15 4 30 0
2
6 28 
2
16 6 32 0
16 4 30 0
2
28 28 
1
17 4 30 0
2
26 28 
2
18 2 30 0
18 4 30 0
2
28 28 
1
19 4 30 0
2
29 29 
1
0 32 26 0
2
27 29 
2
14 32 28 0
14 32 26 0
2
29 29 
1
15 32 26 0
2
7 29 
2
16 28 30 0
16 32 26 0
2
29 29 
1
17 32 26 0
2
27 29 
2
18 32 28 0
18 32 26 0
2
29 29 
1
19 32 26 0
2
30 30 
1
0 4 28 0
2
28 30 
2
20 4 30 0
20 4 28 0
2
30 30 
1
21 4 28 0
2
8 30 
2
22 6 30 0
22 4 28 0
2
30 30 
1
23 4 28 0
2
28 30 
2
24 4 30 0
24 4 28 0
2
30 30 
1
25 4 28 0
2
31 31 
1
0 32 6 0
2
29 31 
2
20 32 26 0
20 32 6 0
2
31 31 
1
21 32 6 0
2
9 31 
2
22 32 24 0
22 32 6 0
2
31 31 
1
23 32 6 0
2
29 31 
2
24 32 26 0
24 32 6 0
2
31 31 
1
25 32 6 0
2
32 32 
1
0 2 28 0
2
30 32 
2
26 4 28 0
26 2 28 0
2
32 32 
1
27 2 28 0
2
10 32 
2
28 6 28 0
28 2 28 0
2
32 32 
1
29 2 28 0
2
30 32 
2
30 4 28 0
30 2 28 0
2
32 32 
1
31 2 28 0
2
33 33 
1
0 32 2 0
2
31 33 
2
26 32 6 0
26 32 2 0
2
33 33 
1
27 32 2 0
2
11 33 
2
28 32 4 0
28 32 2 0
2
33 33 
1
29 32 2 0
2
31 33 
2
30 32 6 0
30 32 2 0
2
33 33 
1
31 32 2 0
2
34 34 
1
0 2 24 0
2
32 34 
2
32 2 28 0
32 2 24 0
2
34 34 
1
33 2 24 0
2
12 34 
2
34 2 26 0
34 2 24 0
2
34 34 
1
35 2 24 0
2
32 34 
2
36 2 28 0
36 2 24 0
2
34 34 
1
37 2 24 0
2
35 35 
1
0 28 2 0
2
33 35 
2
32 32 2 0
32 28 2 0
2
35 35 
1
33 28 2 0
2
13 35 
2
34 30 2 0
34 28 2 0
2
35 35 
1
35 28 2 0
2
33 35 
2
36 32 2 0
36 28 2 0
2
35 35 
1
37 28 2 0
2
36 36 
1
0 4 22 0
2
34 36 
2
38 2 24 0
38 4 22 0
2
36 36 
1
39 4 22 0
2
14 36 
2
40 4 26 0
40 4 22 0
2
36 36 
1
41 4 22 0
2
34 36 
2
42 2 24 0
42 4 22 0
2
36 36 
1
43 4 22 0
2
37 37 
1
0 24 4 0
2
35 37 
2
38 28 2 0
38 24 4 0
2
37 37 
1
39 24 4 0
2
15 37 
2
40 26 2 0
40 24 4 0
2
37 37 
1
41 24 4 0
2
35 37 
2
42 28 2 0
42 24 4 0
2
37 37 
1
43 24 4 0
2
38 38 
1
0 4 16 0
2
36 38 
2
44 4 22 0
44 4 16 0
2
38 38 
1
45 4 16 0
2
16 38 
2
46 4 24 0
46 4 16 0
2
38 38 
1
47 4 16 0
2
36 38 
2
48 4 22 0
48 4 16 0
2
38 38 
1
49 4 16 0
2
39 39 
1
0 22 8 0
2
37 39 
2
44 24 4 0
44 22 8 0
2
39 39 
1
45 22 8 0
2
17 39 
2
46 26 4 0
46 22 8 0
2
39 39 
1
47 22 8 0
2
37 39 
2
48 24 4 0
48 22 8 0
2
39 39 
1
49 22 8 0
2
40 40 
1
0 10 16 0
2
38 40 
2
50 4 16 0
50 10 16 0
2
40 40 
1
51 10 16 0
2
18 40 
2
52 4 18 0
52 10 16 0
2
40 40 
1
53 10 16 0
2
38 40 
2
54 4 16 0
54 10 16 0
2
40 40 
1
55 10 16 0
2
41 41 
1
0 20 12 0
2
39 41 
2
50 22 8 0
50 20 12 0
2
41 41 
1
51 20 12 0
2
19 41 
2
52 20 8 0
52 20 12 0
2
41 41 
1
53 20 12 0
2
39 41 
2
54 22 8 0
54 20 12 0
2
41 41 
1
55 20 12 0
2
42 42 
1
0 16 16 0
2
40 42 
2
56 10 16 0
56 16 16 0
2
42 42 
1
57 16 16 0
2
20 42 
2
58 14 16 0
58 16 16 0
2
42 42 
1
59 16 16 0
2
40 42 
2
60 10 16 0
60 16 16 0
2
42 42 
1
61 16 16 0
2
43 43 
1
0 18 14 0
2
41 43 
2
56 20 12 0
56 18 14 0
2
43 43 
1
57 18 14 0
2
21 43 
2
58 20 14 0
58 18 14 0
2
43 43 
1
59 18 14 0
2
41 43 
2
60 20 12 0
60 18 14 0
2
43 43 
1
61 18 14 0
2
42 44 
2
62 16 16 0
62 30 26 0
2
43 45 
2
62 18 14 0
62 16 2 0
2
42 46 
2
63 16 16 0
63 28 26 0
2
43 47 
2
63 18 14 0
63 26 12 0
2
42 48 
2
64 16 16 0
64 22 32 0
2
43 49 
2
64 18 14 0
64 32 14 0
2
40 42 
2
65 10 16 0
65 16 16 0
2
41 43 
2
65 20 12 0
65 18 14 0
2
42 44 
2
66 16 16 0
66 30 26 0
2
43 45 
2
66 18 14 0
66 16 2 0
2
42 46 
2
67 16 16 0
67 28 26 0
2
43 47 
2
67 18 14 0
67 26 12 0
2
42 48 
2
68 16 16 0
68 22 32 0
2
43 49 
2
68 18 14 0
68 32 14 0
2
20 40 
2
66 14 16 0
66 10 16 0
2
21 41 
2
66 20 14 0
66 20 12 0
2
38 40 
2
67 4 16 0
67 10 16 0
2
39 41 
2
67 22 8 0
67 20 12 0
2
42 42 
1
69 16 16 0
2
40 42 
2
70 10 16 0
70 16 16 0
2
42 42 
1
71 16 16 0
2
20 42 
2
72 14 16 0
72 16 16 0
2
42 42 
1
73 16 16 0
2
40 42 
2
74 10 16 0
74 16 16 0
2
42 42 
1
75 16 16 0
2
43 43 
1
69 18 14 0
2
41 43 
2
70 20 12 0
70 18 14 0
2
43 43 
1
71 18 14 0
2
21 43 
2
72 20 14 0
72 18 14 0
2
43 43 
1
73 18 14 0
2
41 43 
2
74 20 12 0
74 18 14 0
2
43 43 
1
75 18 14 0
2
42 46 
2
76 16 16 0
76 28 26 0
2
43 50 
2
76 18 14 0
76 4 12 0
2
42 48 
2
77 16 16 0
77 22 32 0
2
43 45 
2
77 18 14 0
77 16 2 0
2
42 51 
2
78 16 16 0
78 12 32 0
2
43 47 
2
78 18 14 0
78 26 12 0
2
43 49 
2
79 18 14 0
79 32 14 0
2
43 52 
2
80 18 14 0
80 18 4 0
2
43 53 
2
81 18 14 0
81 18 8 0
2
43 54 
2
82 18 14 0
82 24 6 0
2
43 55 
2
83 18 14 0
83 24 2 0
2
43 56 
2
84 18 14 0
84 32 18 0
2
43 57 
2
85 18 14 0
85 22 28 0
2
43 58 
2
86 18 14 0
86 10 10 0
2
43 59 
2
87 18 14 0
87 28 16 0
2
43 60 
2
88 18 14 0
88 16 8 0
2
43 61 
2
89 18 14 0
89 18 30 0
2
43 62 
2
90 18 14 0
90 20 24 0
2
43 63 
2
91 18 14 0
91 16 12 0
2
43 64 
2
92 18 14 0
92 16 6 0
2
43 65 
2
93 18 14 0
93 10 6 0
2
43 66 
2
94 18 14 0
94 18 22 0
2
43 67 
2
95 18 14 0
95 18 28 0
2
43 68 
2
96 18 14 0
96 18 12 0
2
40 42 
2
79 10 16 0
79 16 16 0
2
41 43 
2
97 20 12 0
97 18 14 0
2
42 46 
2
80 16 16 0
80 28 26 0
2
43 50 
2
98 18 14 0
98 4 12 0
2
42 48 
2
81 16 16 0
81 22 32 0
2
43 45 
2
99 18 14 0
99 16 2 0
2
42 51 
2
82 16 16 0
82 12 32 0
2
43 47 
2
100 18 14 0
100 26 12 0
2
43 49 
2
101 18 14 0
101 32 14 0
2
43 52 
2
102 18 14 0
102 18 4 0
2
43 53 
2
103 18 14 0
103 18 8 0
2
43 54 
2
104 18 14 0
104 24 6 0
2
43 55 
2
105 18 14 0
105 24 2 0
2
43 56 
2
106 18 14 0
106 32 18 0
2
43 57 
2
107 18 14 0
107 22 28 0
2
43 58 
2
108 18 14 0
108 10 10 0
2
43 59 
2
109 18 14 0
109 28 16 0
2
43 60 
2
110 18 14 0
110 16 8 0
2
43 61 
2
111 18 14 0
111 18 30 0
2
43 62 
2
112 18 14 0
112 20 24 0
2
43 63 
2
113 18 14 0
113 16 12 0
2
43 64 
2
114 18 14 0
114 16 6 0
2
43 65 
2
115 18 14 0
115 10 6 0
2
43 66 
2
116 18 14 0
116 18 22 0
2
43 67 
2
117 18 14 0
117 18 28 0
2
43 68 
2
118 18 14 0
118 18 12 0
2
20 40 
2
80 14 16 0
80 10 16 0
2
21 41 
2
98 20 14 0
98 20 12 0
2
18 38 
2
68 4 18 0
68 4 16 0
2
19 39 
2
68 20 8 0
68 22 8 0
2
36 38 
2
69 4 22 0
69 4 16 0
2
37 39 
2
69 24 4 0
69 22 8 0
2
40 40 
1
81 10 16 0
2
38 40 
2
82 4 16 0
82 10 16 0
2
40 40 
1
83 10 16 0
2
18 40 
2
84 4 18 0
84 10 16 0
2
40 40 
1
85 10 16 0
2
38 40 
2
86 4 16 0
86 10 16 0
2
40 40 
1
87 10 16 0
2
41 41 
1
99 20 12 0
2
39 41 
2
100 22 8 0
100 20 12 0
2
41 41 
1
101 20 12 0
2
19 41 
2
102 20 8 0
102 20 12 0
2
41 41 
1
103 20 12 0
2
39 41 
2
104 22 8 0
104 20 12 0
2
41 41 
1
105 20 12 0
2
42 42 
1
83 16 16 0
2
40 42 
2
88 10 16 0
88 16 16 0
2
42 42 
1
89 16 16 0
2
20 42 
2
90 14 16 0
90 16 16 0
2
42 42 
1
91 16 16 0
2
40 42 
2
92 10 16 0
92 16 16 0
2
42 42 
1
93 16 16 0
2
43 43 
1
119 18 14 0
2
41 43 
2
120 20 12 0
120 18 14 0
2
43 43 
1
121 18 14 0
2
21 43 
2
122 20 14 0
122 18 14 0
2
43 43 
1
123 18 14 0
2
41 43 
2
124 20 12 0
124 18 14 0
2
43 43 
1
125 18 14 0
2
42 44 
2
94 16 16 0
94 30 26 0
2
43 45 
2
126 18 14 0
126 16 2 0
2
42 46 
2
95 16 16 0
95 28 26 0
2
43 47 
2
127 18 14 0
127 26 12 0
2
42 48 
2
96 16 16 0
96 22 32 0
2
43 49 
2
128 18 14 0
128 32 14 0
2
42 51 
2
97 16 16 0
97 12 32 0
2
43 52 
2
129 18 14 0
129 18 4 0
2
42 69 
2
98 16 16 0
98 6 26 0
2
43 53 
2
130 18 14 0
130 18 8 0
2
42 70 
2
99 16 16 0
99 8 2 0
2
43 54 
2
131 18 14 0
131 24 6 0
2
42 71 
2
100 16 16 0
100 8 28 0
2
43 55 
2
132 18 14 0
132 24 2 0
2
42 72 
2
101 16 16 0
101 8 30 0
2
43 56 
2
133 18 14 0
133 32 18 0
2
42 73 
2
102 16 16 0
102 2 22 0
2
43 57 
2
134 18 14 0
134 22 28 0
2
42 74 
2
103 16 16 0
103 8 26 0
2
43 58 
2
135 18 14 0
135 10 10 0
2
42 75 
2
104 16 16 0
104 10 30 0
2
43 59 
2
136 18 14 0
136 28 16 0
2
42 76 
2
105 16 16 0
105 6 24 0
2
43 60 
2
137 18 14 0
137 16 8 0
2
42 77 
2
106 16 16 0
106 14 32 0
2
43 61 
2
138 18 14 0
138 18 30 0
2
42 78 
2
107 16 16 0
107 10 28 0
2
43 62 
2
139 18 14 0
139 20 24 0
2
42 79 
2
108 16 16 0
108 2 20 0
2
43 63 
2
140 18 14 0
140 16 12 0
2
42 80 
2
109 16 16 0
109 24 28 0
2
43 64 
2
141 18 14 0
141 16 6 0
2
42 81 
2
110 16 16 0
110 6 6 0
2
43 65 
2
142 18 14 0
142 10 6 0
2
42 82 
2
111 16 16 0
111 28 22 0
2
43 66 
2
143 18 14 0
143 18 22 0
2
42 83 
2
112 16 16 0
112 10 4 0
2
43 67 
2
144 18 14 0
144 18 28 0
2
42 84 
2
113 16 16 0
113 28 24 0
2
43 68 
2
145 18 14 0
145 18 12 0
2
42 85 
2
114 16 16 0
114 30 20 0
2
43 86 
2
146 18 14 0
146 6 10 0
2
40 42 
2
115 10 16 0
115 16 16 0
2
41 43 
2
147 20 12 0
147 18 14 0
2
42 44 
2
116 16 16 0
116 30 26 0
2
43 45 
2
148 18 14 0
148 16 2 0
2
42 46 
2
117 16 16 0
117 28 26 0
2
43 47 
2
149 18 14 0
149 26 12 0
2
42 48 
2
118 16 16 0
118 22 32 0
2
43 49 
2
150 18 14 0
150 32 14 0
2
42 51 
2
119 16 16 0
119 12 32 0
2
43 52 
2
151 18 14 0
151 18 4 0
2
42 69 
2
120 16 16 0
120 6 26 0
2
43 53 
2
152 18 14 0
152 18 8 0
2
42 70 
2
121 16 16 0
121 8 2 0
2
43 54 
2
153 18 14 0
153 24 6 0
2
42 71 
2
122 16 16 0
122 8 28 0
2
43 55 
2
154 18 14 0
154 24 2 0
2
42 72 
2
123 16 16 0
123 8 30 0
2
43 56 
2
155 18 14 0
155 32 18 0
2
42 73 
2
124 16 16 0
124 2 22 0
2
43 57 
2
156 18 14 0
156 22 28 0
2
42 74 
2
125 16 16 0
125 8 26 0
2
43 58 
2
157 18 14 0
157 10 10 0
2
42 75 
2
126 16 16 0
126 10 30 0
2
43 59 
2
158 18 14 0
158 28 16 0
2
42 76 
2
127 16 16 0
127 6 24 0
2
43 60 
2
159 18 14 0
159 16 8 0
2
42 77 
2
128 16 16 0
128 14 32 0
2
43 61 
2
160 18 14 0
160 18 30 0
2
42 78 
2
129 16 16 0
129 10 28 0
2
43 62 
2
161 18 14 0
161 20 24 0
2
42 79 
2
130 16 16 0
130 2 20 0
2
43 63 
2
162 18 14 0
162 16 12 0
2
42 80 
2
131 16 16 0
131 24 28 0
2
43 64 
2
163 18 14 0
163 16 6 0
2
42 81 
2
132 16 16 0
132 6 6 0
2
43 65 
2
164 18 14 0
164 10 6 0
2
42 82 
2
133 16 16 0
133 28 22 0
2
43 66 
2
165 18 14 0
165 18 22 0
2
42 83 
2
134 16 16 0
134 10 4 0
2
43 67 
2
166 18 14 0
166 18 28 0
2
42 84 
2
135 16 16 0
135 28 24 0
2
43 68 
2
167 18 14 0
167 18 12 0
2
42 85 
2
136 16 16 0
136 30 20 0
2
43 86 
2
168 18 14 0
168 6 10 0
2
20 40 
2
116 14 16 0
116 10 16 0
2
21 41 
2
148 20 14 0
148 20 12 0
2
38 40 
2
117 4 16 0
117 10 16 0
2
39 41 
2
149 22 8 0
149 20 12 0
2
42 42 
1
137 16 16 0
2
40 42 
2
138 10 16 0
138 16 16 0
2
42 42 
1
139 16 16 0
2
20 42 
2
140 14 16 0
140 16 16 0
2
42 42 
1
141 16 16 0
2
40 42 
2
142 10 16 0
142 16 16 0
2
42 42 
1
143 16 16 0
2
43 43 
1
169 18 14 0
2
41 43 
2
170 20 12 0
170 18 14 0
2
43 43 
1
171 18 14 0
2
21 43 
2
172 20 14 0
172 18 14 0
2
43 43 
1
173 18 14 0
2
41 43 
2
174 20 12 0
174 18 14 0
2
43 43 
1
175 18 14 0
2
42 46 
2
144 16 16 0
144 28 26 0
2
43 68 
2
176 18 14 0
176 18 12 0
2
42 48 
2
145 16 16 0
145 22 32 0
2
43 86 
2
177 18 14 0
177 6 10 0
2
42 51 
2
146 16 16 0
146 12 32 0
2
43 87 
2
178 18 14 0
178 22 14 0
2
42 69 
2
147 16 16 0
147 6 26 0
2
42 70 
2
148 16 16 0
148 8 2 0
2
42 71 
2
149 16 16 0
149 8 28 0
2
42 72 
2
150 16 16 0
150 8 30 0
2
42 73 
2
151 16 16 0
151 2 22 0
2
42 74 
2
152 16 16 0
152 8 26 0
2
42 75 
2
153 16 16 0
153 10 30 0
2
42 76 
2
154 16 16 0
154 6 24 0
2
42 77 
2
155 16 16 0
155 14 32 0
2
42 78 
2
156 16 16 0
156 10 28 0
2
42 79 
2
157 16 16 0
157 2 20 0
2
42 80 
2
158 16 16 0
158 24 28 0
2
42 81 
2
159 16 16 0
159 6 6 0
2
42 82 
2
160 16 16 0
160 28 22 0
2
42 83 
2
161 16 16 0
161 10 4 0
2
42 84 
2
162 16 16 0
162 28 24 0
2
42 85 
2
163 16 16 0
163 30 20 0
2
42 88 
2
164 16 16 0
164 12 4 0
2
40 42 
2
165 10 16 0
165 16 16 0
2
41 43 
2
179 20 12 0
179 18 14 0
2
42 46 
2
166 16 16 0
166 28 26 0
2
43 68 
2
180 18 14 0
180 18 12 0
2
42 48 
2
167 16 16 0
167 22 32 0
2
43 86 
2
181 18 14 0
181 6 10 0
2
42 51 
2
168 16 16 0
168 12 32 0
2
43 87 
2
182 18 14 0
182 22 14 0
2
42 69 
2
169 16 16 0
169 6 26 0
2
42 70 
2
170 16 16 0
170 8 2 0
2
42 71 
2
171 16 16 0
171 8 28 0
2
42 72 
2
172 16 16 0
172 8 30 0
2
42 73 
2
173 16 16 0
173 2 22 0
2
42 74 
2
174 16 16 0
174 8 26 0
2
42 75 
2
175 16 16 0
175 10 30 0
2
42 76 
2
176 16 16 0
176 6 24 0
2
42 77 
2
177 16 16 0
177 14 32 0
2
42 78 
2
178 16 16 0
178 10 28 0
2
42 79 
2
179 16 16 0
179 2 20 0
2
42 80 
2
180 16 16 0
180 24 28 0
2
42 81 
2
181 16 16 0
181 6 6 0
2
42 82 
2
182 16 16 0
182 28 22 0
2
42 83 
2
183 16 16 0
183 10 4 0
2
42 84 
2
184 16 16 0
184 28 24 0
2
42 85 
2
185 16 16 0
185 30 20 0
2
42 88 
2
186 16 16 0
186 12 4 0
2
20 40 
2
166 14 16 0
166 10 16 0
2
21 41 
2
180 20 14 0
180 20 12 0
2
18 38 
2
118 4 18 0
118 4 16 0
2
19 39 
2
150 20 8 0
150 22 8 0
2
16 36 
2
70 4 24 0
70 4 22 0
2
17 37 
2
70 26 4 0
70 24 4 0
2
34 36 
2
71 2 24 0
71 4 22 0
2
35 37 
2
71 28 2 0
71 24 4 0
2
38 38 
1
119 4 16 0
2
36 38 
2
120 4 22 0
120 4 16 0
2
38 38 
1
121 4 16 0
2
16 38 
2
122 4 24 0
122 4 16 0
2
38 38 
1
123 4 16 0
2
36 38 
2
124 4 22 0
124 4 16 0
2
38 38 
1
125 4 16 0
2
39 39 
1
151 22 8 0
2
37 39 
2
152 24 4 0
152 22 8 0
2
39 39 
1
153 22 8 0
2
17 39 
2
154 26 4 0
154 22 8 0
2
39 39 
1
155 22 8 0
2
37 39 
2
156 24 4 0
156 22 8 0
2
39 39 
1
157 22 8 0
2
40 40 
1
167 10 16 0
2
38 40 
2
168 4 16 0
168 10 16 0
2
40 40 
1
169 10 16 0
2
18 40 
2
170 4 18 0
170 10 16 0
2
40 40 
1
171 10 16 0
2
38 40 
2
172 4 16 0
172 10 16 0
2
40 40 
1
173 10 16 0
2
41 41 
1
181 20 12 0
2
39 41 
2
182 22 8 0
182 20 12 0
2
41 41 
1
183 20 12 0
2
19 41 
2
184 20 8 0
184 20 12 0
2
41 41 
1
185 20 12 0
2
39 41 
2
186 22 8 0
186 20 12 0
2
41 41 
1
187 20 12 0
2
42 42 
1
187 16 16 0
2
40 42 
2
188 10 16 0
188 16 16 0
2
42 42 
1
189 16 16 0
2
20 42 
2
190 14 16 0
190 16 16 0
2
42 42 
1
191 16 16 0
2
40 42 
2
192 10 16 0
192 16 16 0
2
42 42 
1
193 16 16 0
2
43 43 
1
183 18 14 0
2
41 43 
2
188 20 12 0
188 18 14 0
2
43 43 
1
189 18 14 0
2
21 43 
2
190 20 14 0
190 18 14 0
2
43 43 
1
191 18 14 0
2
41 43 
2
192 20 12 0
192 18 14 0
2
43 43 
1
193 18 14 0
2
42 44 
2
194 16 16 0
194 30 26 0
2
43 86 
2
194 18 14 0
194 6 10 0
2
42 46 
2
195 16 16 0
195 28 26 0
2
43 87 
2
195 18 14 0
195 22 14 0
2
42 48 
2
196 16 16 0
196 22 32 0
2
43 89 
2
196 18 14 0
196 24 14 0
2
42 51 
2
197 16 16 0
197 12 32 0
2
42 69 
2
198 16 16 0
198 6 26 0
2
42 70 
2
199 16 16 0
199 8 2 0
2
42 71 
2
200 16 16 0
200 8 28 0
2
42 72 
2
201 16 16 0
201 8 30 0
2
42 73 
2
202 16 16 0
202 2 22 0
2
42 74 
2
203 16 16 0
203 8 26 0
2
42 75 
2
204 16 16 0
204 10 30 0
2
42 76 
2
205 16 16 0
205 6 24 0
2
42 77 
2
206 16 16 0
206 14 32 0
2
42 78 
2
207 16 16 0
207 10 28 0
2
42 79 
2
208 16 16 0
208 2 20 0
2
42 80 
2
209 16 16 0
209 24 28 0
2
42 81 
2
210 16 16 0
210 6 6 0
2
42 82 
2
211 16 16 0
211 28 22 0
2
42 83 
2
212 16 16 0
212 10 4 0
2
40 42 
2
213 10 16 0
213 16 16 0
2
41 43 
2
197 20 12 0
197 18 14 0
2
42 44 
2
214 16 16 0
214 30 26 0
2
43 86 
2
198 18 14 0
198 6 10 0
2
42 46 
2
215 16 16 0
215 28 26 0
2
43 87 
2
199 18 14 0
199 22 14 0
2
42 48 
2
216 16 16 0
216 22 32 0
2
43 89 
2
200 18 14 0
200 24 14 0
2
42 51 
2
217 16 16 0
217 12 32 0
2
42 69 
2
218 16 16 0
218 6 26 0
2
42 70 
2
219 16 16 0
219 8 2 0
2
42 71 
2
220 16 16 0
220 8 28 0
2
42 72 
2
221 16 16 0
221 8 30 0
2
42 73 
2
222 16 16 0
222 2 22 0
2
42 74 
2
223 16 16 0
223 8 26 0
2
42 75 
2
224 16 16 0
224 10 30 0
2
42 76 
2
225 16 16 0
225 6 24 0
2
42 77 
2
226 16 16 0
226 14 32 0
2
42 78 
2
227 16 16 0
227 10 28 0
2
42 79 
2
228 16 16 0
228 2 20 0
2
42 80 
2
229 16 16 0
229 24 28 0
2
42 81 
2
230 16 16 0
230 6 6 0
2
42 82 
2
231 16 16 0
231 28 22 0
2
42 83 
2
232 16 16 0
232 10 4 0
2
20 40 
2
214 14 16 0
214 10 16 0
2
21 41 
2
198 20 14 0
198 20 12 0
2
38 40 
2
215 4 16 0
215 10 16 0
2
39 41 
2
199 22 8 0
199 20 12 0
2
42 42 
1
233 16 16 0
2
40 42 
2
234 10 16 0
234 16 16 0
2
42 42 
1
235 16 16 0
2
20 42 
2
236 14 16 0
236 16 16 0
2
42 42 
1
237 16 16 0
2
40 42 
2
238 10 16 0
238 16 16 0
2
42 42 
1
239 16 16 0
2
43 43 
1
201 18 14 0
2
41 43 
2
202 20 12 0
202 18 14 0
2
43 43 
1
203 18 14 0
2
21 43 
2
204 20 14 0
204 18 14 0
2
43 43 
1
205 18 14 0
2
41 43 
2
206 20 12 0
206 18 14 0
2
43 43 
1
207 18 14 0
2
42 46 
2
240 16 16 0
240 28 26 0
2
43 68 
2
208 18 14 0
208 18 12 0
2
42 48 
2
241 16 16 0
241 22 32 0
2
43 86 
2
209 18 14 0
209 6 10 0
2
42 51 
2
242 16 16 0
242 12 32 0
2
43 87 
2
210 18 14 0
210 22 14 0
2
42 69 
2
243 16 16 0
243 6 26 0
2
43 89 
2
211 18 14 0
211 24 14 0
2
42 70 
2
244 16 16 0
244 8 2 0
2
43 90 
2
212 18 14 0
212 20 10 0
2
42 71 
2
245 16 16 0
245 8 28 0
2
43 91 
2
213 18 14 0
213 28 8 0
2
42 72 
2
246 16 16 0
246 8 30 0
2
43 92 
2
214 18 14 0
214 32 12 0
2
42 73 
2
247 16 16 0
247 2 22 0
2
43 93 
2
215 18 14 0
215 20 2 0
2
42 74 
2
248 16 16 0
248 8 26 0
2
43 94 
2
216 18 14 0
216 8 6 0
2
42 75 
2
249 16 16 0
249 10 30 0
2
43 95 
2
217 18 14 0
217 6 12 0
2
42 76 
2
250 16 16 0
250 6 24 0
2
43 96 
2
218 18 14 0
218 16 4 0
2
42 77 
2
251 16 16 0
251 14 32 0
2
43 97 
2
219 18 14 0
219 12 14 0
2
42 78 
2
252 16 16 0
252 10 28 0
2
43 98 
2
220 18 14 0
220 22 16 0
2
42 79 
2
253 16 16 0
253 2 20 0
2
43 99 
2
221 18 14 0
221 18 24 0
2
42 80 
2
254 16 16 0
254 24 28 0
2
43 100 
2
222 18 14 0
222 12 10 0
2
42 81 
2
255 16 16 0
255 6 6 0
2
43 101 
2
223 18 14 0
223 18 18 0
2
42 82 
2
256 16 16 0
256 28 22 0
2
43 102 
2
224 18 14 0
224 14 8 0
2
42 83 
2
257 16 16 0
257 10 4 0
2
43 103 
2
225 18 14 0
225 14 6 0
2
42 84 
2
258 16 16 0
258 28 24 0
2
43 104 
2
226 18 14 0
226 22 26 0
2
43 105 
2
227 18 14 0
227 20 16 0
2
43 106 
2
228 18 14 0
228 24 20 0
2
40 42 
2
259 10 16 0
259 16 16 0
2
41 43 
2
229 20 12 0
229 18 14 0
2
42 46 
2
260 16 16 0
260 28 26 0
2
43 68 
2
230 18 14 0
230 18 12 0
2
42 48 
2
261 16 16 0
261 22 32 0
2
43 86 
2
231 18 14 0
231 6 10 0
2
42 51 
2
262 16 16 0
262 12 32 0
2
43 87 
2
232 18 14 0
232 22 14 0
2
42 69 
2
263 16 16 0
263 6 26 0
2
43 89 
2
233 18 14 0
233 24 14 0
2
42 70 
2
264 16 16 0
264 8 2 0
2
43 90 
2
234 18 14 0
234 20 10 0
2
42 71 
2
265 16 16 0
265 8 28 0
2
43 91 
2
235 18 14 0
235 28 8 0
2
42 72 
2
266 16 16 0
266 8 30 0
2
43 92 
2
236 18 14 0
236 32 12 0
2
42 73 
2
267 16 16 0
267 2 22 0
2
43 93 
2
237 18 14 0
237 20 2 0
2
42 74 
2
268 16 16 0
268 8 26 0
2
43 94 
2
238 18 14 0
238 8 6 0
2
42 75 
2
269 16 16 0
269 10 30 0
2
43 95 
2
239 18 14 0
239 6 12 0
2
42 76 
2
270 16 16 0
270 6 24 0
2
43 96 
2
240 18 14 0
240 16 4 0
2
42 77 
2
271 16 16 0
271 14 32 0
2
43 97 
2
241 18 14 0
241 12 14 0
2
42 78 
2
272 16 16 0
272 10 28 0
2
43 98 
2
242 18 14 0
242 22 16 0
2
42 79 
2
273 16 16 0
273 2 20 0
2
43 99 
2
243 18 14 0
243 18 24 0
2
42 80 
2
274 16 16 0
274 24 28 0
2
43 100 
2
244 18 14 0
244 12 10 0
2
42 81 
2
275 16 16 0
275 6 6 0
2
43 101 
2
245 18 14 0
245 18 18 0
2
42 82 
2
276 16 16 0
276 28 22 0
2
43 102 
2
246 18 14 0
246 14 8 0
2
42 83 
2
277 16 16 0
277 10 4 0
2
43 103 
2
247 18 14 0
247 14 6 0
2
42 84 
2
278 16 16 0
278 28 24 0
2
43 104 
2
248 18 14 0
248 22 26 0
2
43 105 
2
249 18 14 0
249 20 16 0
2
43 106 
2
250 18 14 0
250 24 20 0
2
20 40 
2
260 14 16 0
260 10 16 0
2
21 41 
2
230 20 14 0
230 20 12 0
2
18 38 
2
216 4 18 0
216 4 16 0
2
19 39 
2
200 20 8 0
200 22 8 0
2
36 38 
2
217 4 22 0
217 4 16 0
2
37 39 
2
201 24 4 0
201 22 8 0
2
40 40 
1
261 10 16 0
2
38 40 
2
262 4 16 0
262 10 16 0
2
40 40 
1
263 10 16 0
2
18 40 
2
264 4 18 0
264 10 16 0
2
40 40 
1
265 10 16 0
2
38 40 
2
266 4 16 0
266 10 16 0
2
40 40 
1
267 10 16 0
2
41 41 
1
231 20 12 0
2
39 41 
2
232 22 8 0
232 20 12 0
2
41 41 
1
233 20 12 0
2
19 41 
2
234 20 8 0
234 20 12 0
2
41 41 
1
235 20 12 0
2
39 41 
2
236 22 8 0
236 20 12 0
2
41 41 
1
237 20 12 0
2
42 42 
1
279 16 16 0
2
40 42 
2
280 10 16 0
280 16 16 0
2
42 42 
1
281 16 16 0
2
20 42 
2
282 14 16 0
282 16 16 0
2
42 42 
1
283 16 16 0
2
40 42 
2
284 10 16 0
284 16 16 0
2
42 42 
1
285 16 16 0
2
43 43 
1
251 18 14 0
2
41 43 
2
252 20 12 0
252 18 14 0
2
43 43 
1
253 18 14 0
2
21 43 
2
254 20 14 0
254 18 14 0
2
43 43 
1
255 18 14 0
2
41 43 
2
256 20 12 0
256 18 14 0
2
43 43 
1
257 18 14 0
2
42 48 
2
286 16 16 0
286 22 32 0
2
43 86 
2
258 18 14 0
258 6 10 0
2
42 51 
2
287 16 16 0
287 12 32 0
2
43 87 
2
259 18 14 0
259 22 14 0
2
42 69 
2
288 16 16 0
288 6 26 0
2
43 89 
2
260 18 14 0
260 24 14 0
2
43 90 
2
261 18 14 0
261 20 10 0
2
43 91 
2
262 18 14 0
262 28 8 0
2
43 92 
2
263 18 14 0
263 32 12 0
2
43 93 
2
264 18 14 0
264 20 2 0
2
43 94 
2
265 18 14 0
265 8 6 0
2
43 95 
2
266 18 14 0
266 6 12 0
2
43 96 
2
267 18 14 0
267 16 4 0
2
43 97 
2
268 18 14 0
268 12 14 0
2
43 98 
2
269 18 14 0
269 22 16 0
2
43 99 
2
270 18 14 0
270 18 24 0
2
43 100 
2
271 18 14 0
271 12 10 0
2
43 101 
2
272 18 14 0
272 18 18 0
2
43 102 
2
273 18 14 0
273 14 8 0
2
43 103 
2
274 18 14 0
274 14 6 0
2
43 104 
2
275 18 14 0
275 22 26 0
2
43 105 
2
276 18 14 0
276 20 16 0
2
43 106 
2
277 18 14 0
277 24 20 0
2
43 107 
2
278 18 14 0
278 30 16 0
2
40 42 
2
289 10 16 0
289 16 16 0
2
41 43 
2
279 20 12 0
279 18 14 0
2
42 48 
2
290 16 16 0
290 22 32 0
2
43 86 
2
280 18 14 0
280 6 10 0
2
42 51 
2
291 16 16 0
291 12 32 0
2
43 87 
2
281 18 14 0
281 22 14 0
2
42 69 
2
292 16 16 0
292 6 26 0
2
43 89 
2
282 18 14 0
282 24 14 0
2
43 90 
2
283 18 14 0
283 20 10 0
2
43 91 
2
284 18 14 0
284 28 8 0
2
43 92 
2
285 18 14 0
285 32 12 0
2
43 93 
2
286 18 14 0
286 20 2 0
2
43 94 
2
287 18 14 0
287 8 6 0
2
43 95 
2
288 18 14 0
288 6 12 0
2
43 96 
2
289 18 14 0
289 16 4 0
2
43 97 
2
290 18 14 0
290 12 14 0
2
43 98 
2
291 18 14 0
291 22 16 0
2
43 99 
2
292 18 14 0
292 18 24 0
2
43 100 
2
293 18 14 0
293 12 10 0
2
43 101 
2
294 18 14 0
294 18 18 0
2
43 102 
2
295 18 14 0
295 14 8 0
2
43 103 
2
296 18 14 0
296 14 6 0
2
43 104 
2
297 18 14 0
297 22 26 0
2
43 105 
2
298 18 14 0
298 20 16 0
2
43 106 
2
299 18 14 0
299 24 20 0
2
43 107 
2
300 18 14 0
300 30 16 0
2
20 40 
2
290 14 16 0
290 10 16 0
2
21 41 
2
280 20 14 0
280 20 12 0
2
38 40 
2
291 4 16 0
291 10 16 0
2
39 41 
2
281 22 8 0
281 20 12 0
2
42 42 
1
293 16 16 0
2
40 42 
2
294 10 16 0
294 16 16 0
2
42 42 
1
295 16 16 0
2
20 42 
2
296 14 16 0
296 16 16 0
2
42 42 
1
297 16 16 0
2
40 42 
2
298 10 16 0
298 16 16 0
2
42 42 
1
299 16 16 0
2
43 43 
1
301 18 14 0
2
41 43 
2
302 20 12 0
302 18 14 0
2
43 43 
1
303 18 14 0
2
21 43 
2
304 20 14 0
304 18 14 0
2
43 43 
1
305 18 14 0
2
41 43 
2
306 20 12 0
306 18 14 0
2
43 43 
1
307 18 14 0
2
42 51 
2
300 16 16 0
300 12 32 0
2
43 106 
2
308 18 14 0
308 24 20 0
2
42 69 
2
301 16 16 0
301 6 26 0
2
43 107 
2
309 18 14 0
309 30 16 0
2
42 70 
2
302 16 16 0
302 8 2 0
2
43 108 
2
310 18 14 0
310 28 10 0
2
40 42 
2
303 10 16 0
303 16 16 0
2
41 43 
2
311 20 12 0
311 18 14 0
2
42 51 
2
304 16 16 0
304 12 32 0
2
43 106 
2
312 18 14 0
312 24 20 0
2
42 69 
2
305 16 16 0
305 6 26 0
2
43 107 
2
313 18 14 0
313 30 16 0
2
42 70 
2
306 16 16 0
306 8 2 0
2
43 108 
2
314 18 14 0
314 28 10 0
2
20 40 
2
304 14 16 0
304 10 16 0
2
21 41 
2
312 20 14 0
312 20 12 0
2
18 38 
2
292 4 18 0
292 4 16 0
2
19 39 
2
282 20 8 0
282 22 8 0
2
16 36 
2
218 4 24 0
218 4 22 0
2
17 37 
2
202 26 4 0
202 24 4 0
2
14 34 
2
72 4 26 0
72 2 24 0
2
15 35 
2
72 26 2 0
72 28 2 0
2
32 34 
2
73 2 28 0
73 2 24 0
2
33 35 
2
73 32 2 0
73 28 2 0
2
36 36 
1
219 4 22 0
2
34 36 
2
220 2 24 0
220 4 22 0
2
36 36 
1
221 4 22 0
2
14 36 
2
222 4 26 0
222 4 22 0
2
36 36 
1
223 4 22 0
2
34 36 
2
224 2 24 0
224 4 22 0
2
36 36 
1
225 4 22 0
2
37 37 
1
203 24 4 0
2
35 37 
2
204 28 2 0
204 24 4 0
2
37 37 
1
205 24 4 0
2
15 37 
2
206 26 2 0
206 24 4 0
2
37 37 
1
207 24 4 0
2
35 37 
2
208 28 2 0
208 24 4 0
2
37 37 
1
209 24 4 0
2
38 38 
1
293 4 16 0
2
36 38 
2
294 4 22 0
294 4 16 0
2
38 38 
1
295 4 16 0
2
16 38 
2
296 4 24 0
296 4 16 0
2
38 38 
1
297 4 16 0
2
36 38 
2
298 4 22 0
298 4 16 0
2
38 38 
1
299 4 16 0
2
39 39 
1
283 22 8 0
2
37 39 
2
284 24 4 0
284 22 8 0
2
39 39 
1
285 22 8 0
2
17 39 
2
286 26 4 0
286 22 8 0
2
39 39 
1
287 22 8 0
2
37 39 
2
288 24 4 0
288 22 8 0
2
39 39 
1
289 22 8 0
2
40 40 
1
305 10 16 0
2
38 40 
2
306 4 16 0
306 10 16 0
2
40 40 
1
307 10 16 0
2
18 40 
2
308 4 18 0
308 10 16 0
2
40 40 
1
309 10 16 0
2
38 40 
2
310 4 16 0
310 10 16 0
2
40 40 
1
311 10 16 0
2
41 41 
1
313 20 12 0
2
39 41 
2
314 22 8 0
314 20 12 0
2
41 41 
1
315 20 12 0
2
19 41 
2
316 20 8 0
316 20 12 0
2
41 41 
1
317 20 12 0
2
39 41 
2
318 22 8 0
318 20 12 0
2
41 41 
1
319 20 12 0
2
42 42 
1
307 16 16 0
2
40 42 
2
312 10 16 0
312 16 16 0
2
42 42 
1
313 16 16 0
2
20 42 
2
314 14 16 0
314 16 16 0
2
42 42 
1
315 16 16 0
2
40 42 
2
316 10 16 0
316 16 16 0
2
42 42 
1
317 16 16 0
2
43 43 
1
315 18 14 0
2
41 43 
2
320 20 12 0
320 18 14 0
2
43 43 
1
321 18 14 0
2
21 43 
2
322 20 14 0
322 18 14 0
2
43 43 
1
323 18 14 0
2
41 43 
2
324 20 12 0
324 18 14 0
2
43 43 
1
325 18 14 0
2
42 48 
2
318 16 16 0
318 22 32 0
2
43 107 
2
326 18 14 0
326 30 16 0
2
42 51 
2
319 16 16 0
319 12 32 0
2
43 108 
2
327 18 14 0
327 28 10 0
2
42 69 
2
320 16 16 0
320 6 26 0
2
43 109 
2
328 18 14 0
328 26 10 0
2
42 70 
2
321 16 16 0
321 8 2 0
2
42 71 
2
322 16 16 0
322 8 28 0
2
42 72 
2
323 16 16 0
323 8 30 0
2
42 73 
2
324 16 16 0
324 2 22 0
2
42 74 
2
325 16 16 0
325 8 26 0
2
42 75 
2
326 16 16 0
326 10 30 0
2
42 76 
2
327 16 16 0
327 6 24 0
2
42 77 
2
328 16 16 0
328 14 32 0
2
42 78 
2
329 16 16 0
329 10 28 0
2
42 79 
2
330 16 16 0
330 2 20 0
2
42 80 
2
331 16 16 0
331 24 28 0
2
42 81 
2
332 16 16 0
332 6 6 0
2
42 82 
2
333 16 16 0
333 28 22 0
2
42 83 
2
334 16 16 0
334 10 4 0
2
42 84 
2
335 16 16 0
335 28 24 0
2
42 85 
2
336 16 16 0
336 30 20 0
2
42 88 
2
337 16 16 0
337 12 4 0
2
42 110 
2
338 16 16 0
338 6 20 0
2
40 42 
2
339 10 16 0
339 16 16 0
2
41 43 
2
329 20 12 0
329 18 14 0
2
42 48 
2
340 16 16 0
340 22 32 0
2
43 107 
2
330 18 14 0
330 30 16 0
2
42 51 
2
341 16 16 0
341 12 32 0
2
43 108 
2
331 18 14 0
331 28 10 0
2
42 69 
2
342 16 16 0
342 6 26 0
2
43 109 
2
332 18 14 0
332 26 10 0
2
42 70 
2
343 16 16 0
343 8 2 0
2
42 71 
2
344 16 16 0
344 8 28 0
2
42 72 
2
345 16 16 0
345 8 30 0
2
42 73 
2
346 16 16 0
346 2 22 0
2
42 74 
2
347 16 16 0
347 8 26 0
2
42 75 
2
348 16 16 0
348 10 30 0
2
42 76 
2
349 16 16 0
349 6 24 0
2
42 77 
2
350 16 16 0
350 14 32 0
2
42 78 
2
351 16 16 0
351 10 28 0
2
42 79 
2
352 16 16 0
352 2 20 0
2
42 80 
2
353 16 16 0
353 24 28 0
2
42 81 
2
354 16 16 0
354 6 6 0
2
42 82 
2
355 16 16 0
355 28 22 0
2
42 83 
2
356 16 16 0
356 10 4 0
2
42 84 
2
357 16 16 0
357 28 24 0
2
42 85 
2
358 16 16 0
358 30 20 0
2
42 88 
2
359 16 16 0
359 12 4 0
2
42 110 
2
360 16 16 0
360 6 20 0
2
20 40 
2
340 14 16 0
340 10 16 0
2
21 41 
2
330 20 14 0
330 20 12 0
2
38 40 
2
341 4 16 0
341 10 16 0
2
39 41 
2
331 22 8 0
331 20 12 0
2
42 42 
1
361 16 16 0
2
40 42 
2
362 10 16 0
362 16 16 0
2
42 42 
1
363 16 16 0
2
20 42 
2
364 14 16 0
364 16 16 0
2
42 42 
1
365 16 16 0
2
40 42 
2
366 10 16 0
366 16 16 0
2
42 42 
1
367 16 16 0
2
43 43 
1
333 18 14 0
2
41 43 
2
334 20 12 0
334 18 14 0
2
43 43 
1
335 18 14 0
2
21 43 
2
336 20 14 0
336 18 14 0
2
43 43 
1
337 18 14 0
2
41 43 
2
338 20 12 0
338 18 14 0
2
43 43 
1
339 18 14 0
2
42 51 
2
368 16 16 0
368 12 32 0
2
43 106 
2
340 18 14 0
340 24 20 0
2
42 69 
2
369 16 16 0
369 6 26 0
2
43 107 
2
341 18 14 0
341 30 16 0
2
42 70 
2
370 16 16 0
370 8 2 0
2
43 108 
2
342 18 14 0
342 28 10 0
2
42 71 
2
371 16 16 0
371 8 28 0
2
43 109 
2
343 18 14 0
343 26 10 0
2
42 72 
2
372 16 16 0
372 8 30 0
2
43 111 
2
344 18 14 0
344 18 6 0
2
42 73 
2
373 16 16 0
373 2 22 0
2
43 112 
2
345 18 14 0
345 30 14 0
2
42 74 
2
374 16 16 0
374 8 26 0
2
43 113 
2
346 18 14 0
346 22 4 0
2
42 75 
2
375 16 16 0
375 10 30 0
2
43 114 
2
347 18 14 0
347 30 10 0
2
42 76 
2
376 16 16 0
376 6 24 0
2
43 115 
2
348 18 14 0
348 2 10 0
2
42 77 
2
377 16 16 0
377 14 32 0
2
43 116 
2
349 18 14 0
349 8 8 0
2
42 78 
2
378 16 16 0
378 10 28 0
2
43 117 
2
350 18 14 0
350 12 8 0
2
42 79 
2
379 16 16 0
379 2 20 0
2
43 118 
2
351 18 14 0
351 12 12 0
2
42 80 
2
380 16 16 0
380 24 28 0
2
43 119 
2
352 18 14 0
352 22 18 0
2
42 81 
2
381 16 16 0
381 6 6 0
2
43 120 
2
353 18 14 0
353 28 20 0
2
42 82 
2
382 16 16 0
382 28 22 0
2
43 121 
2
354 18 14 0
354 8 14 0
2
42 83 
2
383 16 16 0
383 10 4 0
2
43 122 
2
355 18 14 0
355 12 6 0
2
42 84 
2
384 16 16 0
384 28 24 0
2
43 123 
2
356 18 14 0
356 22 20 0
2
42 85 
2
385 16 16 0
385 30 20 0
2
43 124 
2
357 18 14 0
357 20 26 0
2
42 88 
2
386 16 16 0
386 12 4 0
2
43 125 
2
358 18 14 0
358 12 16 0
2
42 110 
2
387 16 16 0
387 6 20 0
2
43 126 
2
359 18 14 0
359 16 10 0
2
42 127 
2
388 16 16 0
388 12 18 0
2
43 128 
2
360 18 14 0
360 16 14 0
2
40 42 
2
389 10 16 0
389 16 16 0
2
41 43 
2
361 20 12 0
361 18 14 0
2
42 51 
2
390 16 16 0
390 12 32 0
2
43 106 
2
362 18 14 0
362 24 20 0
2
42 69 
2
391 16 16 0
391 6 26 0
2
43 107 
2
363 18 14 0
363 30 16 0
2
42 70 
2
392 16 16 0
392 8 2 0
2
43 108 
2
364 18 14 0
364 28 10 0
2
42 71 
2
393 16 16 0
393 8 28 0
2
43 109 
2
365 18 14 0
365 26 10 0
2
42 72 
2
394 16 16 0
394 8 30 0
2
43 111 
2
366 18 14 0
366 18 6 0
2
42 73 
2
395 16 16 0
395 2 22 0
2
43 112 
2
367 18 14 0
367 30 14 0
2
42 74 
2
396 16 16 0
396 8 26 0
2
43 113 
2
368 18 14 0
368 22 4 0
2
42 75 
2
397 16 16 0
397 10 30 0
2
43 114 
2
369 18 14 0
369 30 10 0
2
42 76 
2
398 16 16 0
398 6 24 0
2
43 115 
2
370 18 14 0
370 2 10 0
2
42 77 
2
399 16 16 0
399 14 32 0
2
43 116 
2
371 18 14 0
371 8 8 0
2
42 78 
2
400 16 16 0
400 10 28 0
2
43 117 
2
372 18 14 0
372 12 8 0
2
42 79 
2
401 16 16 0
401 2 20 0
2
43 118 
2
373 18 14 0
373 12 12 0
2
42 80 
2
402 16 16 0
402 24 28 0
2
43 119 
2
374 18 14 0
374 22 18 0
2
42 81 
2
403 16 16 0
403 6 6 0
2
43 120 
2
375 18 14 0
375 28 20 0
2
42 82 
2
404 16 16 0
404 28 22 0
2
43 121 
2
376 18 14 0
376 8 14 0
2
42 83 
2
405 16 16 0
405 10 4 0
2
43 122 
2
377 18 14 0
377 12 6 0
2
42 84 
2
406 16 16 0
406 28 24 0
2
43 123 
2
378 18 14 0
378 22 20 0
2
42 85 
2
407 16 16 0
407 30 20 0
2
43 124 
2
379 18 14 0
379 20 26 0
2
42 88 
2
408 16 16 0
408 12 4 0
2
43 125 
2
380 18 14 0
380 12 16 0
2
42 110 
2
409 16 16 0
409 6 20 0
2
43 126 
2
381 18 14 0
381 16 10 0
2
42 127 
2
410 16 16 0
410 12 18 0
2
43 128 
2
382 18 14 0
382 16 14 0
2
20 40 
2
390 14 16 0
390 10 16 0
2
21 41 
2
362 20 14 0
362 20 12 0
2
18 38 
2
342 4 18 0
342 4 16 0
2
19 39 
2
332 20 8 0
332 22 8 0
2
36 38 
2
343 4 22 0
343 4 16 0
2
37 39 
2
333 24 4 0
333 22 8 0
2
40 40 
1
391 10 16 0
2
38 40 
2
392 4 16 0
392 10 16 0
2
40 40 
1
393 10 16 0
2
18 40 
2
394 4 18 0
394 10 16 0
2
40 40 
1
395 10 16 0
2
38 40 
2
396 4 16 0
396 10 16 0
2
40 40 
1
397 10 16 0
2
41 41 
1
363 20 12 0
2
39 41 
2
364 22 8 0
364 20 12 0
2
41 41 
1
365 20 12 0
2
19 41 
2
366 20 8 0
366 20 12 0
2
41 41 
1
367 20 12 0
2
39 41 
2
368 22 8 0
368 20 12 0
2
41 41 
1
369 20 12 0
2
42 42 
1
411 16 16 0
2
40 42 
2
412 10 16 0
412 16 16 0
2
42 42 
1
413 16 16 0
2
20 42 
2
414 14 16 0
414 16 16 0
2
42 42 
1
415 16 16 0
2
40 42 
2
416 10 16 0
416 16 16 0
2
42 42 
1
417 16 16 0
2
43 43 
1
383 18 14 0
2
41 43 
2
384 20 12 0
384 18 14 0
2
43 43 
1
385 18 14 0
2
21 43 
2
386 20 14 0
386 18 14 0
2
43 43 
1
387 18 14 0
2
41 43 
2
388 20 12 0
388 18 14 0
2
43 43 
1
389 18 14 0
2
42 85 
2
418 16 16 0
418 30 20 0
2
43 107 
2
390 18 14 0
390 30 16 0
2
42 88 
2
419 16 16 0
419 12 4 0
2
43 108 
2
391 18 14 0
391 28 10 0
2
42 110 
2
420 16 16 0
420 6 20 0
2
43 109 
2
392 18 14 0
392 26 10 0
2
43 111 
2
393 18 14 0
393 18 6 0
2
43 112 
2
394 18 14 0
394 30 14 0
2
43 113 
2
395 18 14 0
395 22 4 0
2
43 114 
2
396 18 14 0
396 30 10 0
2
43 115 
2
397 18 14 0
397 2 10 0
2
43 116 
2
398 18 14 0
398 8 8 0
2
43 117 
2
399 18 14 0
399 12 8 0
2
43 118 
2
400 18 14 0
400 12 12 0
2
43 119 
2
401 18 14 0
401 22 18 0
2
43 120 
2
402 18 14 0
402 28 20 0
2
43 121 
2
403 18 14 0
403 8 14 0
2
43 122 
2
404 18 14 0
404 12 6 0
2
43 123 
2
405 18 14 0
405 22 20 0
2
43 124 
2
406 18 14 0
406 20 26 0
2
43 125 
2
407 18 14 0
407 12 16 0
2
43 126 
2
408 18 14 0
408 16 10 0
2
43 128 
2
409 18 14 0
409 16 14 0
2
43 129 
2
410 18 14 0
410 28 12 0
2
40 42 
2
421 10 16 0
421 16 16 0
2
41 43 
2
411 20 12 0
411 18 14 0
2
42 85 
2
422 16 16 0
422 30 20 0
2
43 107 
2
412 18 14 0
412 30 16 0
2
42 88 
2
423 16 16 0
423 12 4 0
2
43 108 
2
413 18 14 0
413 28 10 0
2
42 110 
2
424 16 16 0
424 6 20 0
2
43 109 
2
414 18 14 0
414 26 10 0
2
43 111 
2
415 18 14 0
415 18 6 0
2
43 112 
2
416 18 14 0
416 30 14 0
2
43 113 
2
417 18 14 0
417 22 4 0
2
43 114 
2
418 18 14 0
418 30 10 0
2
43 115 
2
419 18 14 0
419 2 10 0
2
43 116 
2
420 18 14 0
420 8 8 0
2
43 117 
2
421 18 14 0
421 12 8 0
2
43 118 
2
422 18 14 0
422 12 12 0
2
43 119 
2
423 18 14 0
423 22 18 0
2
43 120 
2
424 18 14 0
424 28 20 0
2
43 121 
2
425 18 14 0
425 8 14 0
2
43 122 
2
426 18 14 0
426 12 6 0
2
43 123 
2
427 18 14 0
427 22 20 0
2
43 124 
2
428 18 14 0
428 20 26 0
2
43 125 
2
429 18 14 0
429 12 16 0
2
43 126 
2
430 18 14 0
430 16 10 0
2
43 128 
2
431 18 14 0
431 16 14 0
2
43 129 
2
432 18 14 0
432 28 12 0
2
20 40 
2
422 14 16 0
422 10 16 0
2
21 41 
2
412 20 14 0
412 20 12 0
2
38 40 
2
423 4 16 0
423 10 16 0
2
39 41 
2
413 22 8 0
413 20 12 0
2
42 42 
1
425 16 16 0
2
40 42 
2
426 10 16 0
426 16 16 0
2
42 42 
1
427 16 16 0
2
20 42 
2
428 14 16 0
428 16 16 0
2
42 42 
1
429 16 16 0
2
40 42 
2
430 10 16 0
430 16 16 0
2
42 42 
1
431 16 16 0
2
43 43 
1
433 18 14 0
2
41 43 
2
434 20 12 0
434 18 14 0
2
43 43 
1
435 18 14 0
2
21 43 
2
436 20 14 0
436 18 14 0
2
43 43 
1
437 18 14 0
2
41 43 
2
438 20 12 0
438 18 14 0
2
43 43 
1
439 18 14 0
2
42 88 
2
432 16 16 0
432 12 4 0
2
43 128 
2
440 18 14 0
440 16 14 0
2
42 110 
2
433 16 16 0
433 6 20 0
2
43 129 
2
441 18 14 0
441 28 12 0
2
42 127 
2
434 16 16 0
434 12 18 0
2
43 130 
2
442 18 14 0
442 22 6 0
2
40 42 
2
435 10 16 0
435 16 16 0
2
41 43 
2
443 20 12 0
443 18 14 0
2
42 88 
2
436 16 16 0
436 12 4 0
2
43 128 
2
444 18 14 0
444 16 14 0
2
42 110 
2
437 16 16 0
437 6 20 0
2
43 129 
2
445 18 14 0
445 28 12 0
2
42 127 
2
438 16 16 0
438 12 18 0
2
43 130 
2
446 18 14 0
446 22 6 0
2
20 40 
2
436 14 16 0
436 10 16 0
2
21 41 
2
444 20 14 0
444 20 12 0
2
18 38 
2
424 4 18 0
424 4 16 0
2
19 39 
2
414 20 8 0
414 22 8 0
2
16 36 
2
344 4 24 0
344 4 22 0
2
17 37 
2
334 26 4 0
334 24 4 0
2
34 36 
2
345 2 24 0
345 4 22 0
2
35 37 
2
335 28 2 0
335 24 4 0
2
38 38 
1
425 4 16 0
2
36 38 
2
426 4 22 0
426 4 16 0
2
38 38 
1
427 4 16 0
2
16 38 
2
428 4 24 0
428 4 16 0
2
38 38 
1
429 4 16 0
2
36 38 
2
430 4 22 0
430 4 16 0
2
38 38 
1
431 4 16 0
2
39 39 
1
415 22 8 0
2
37 39 
2
416 24 4 0
416 22 8 0
2
39 39 
1
417 22 8 0
2
17 39 
2
418 26 4 0
418 22 8 0
2
39 39 
1
419 22 8 0
2
37 39 
2
420 24 4 0
420 22 8 0
2
39 39 
1
421 22 8 0
2
40 40 
1
437 10 16 0
2
38 40 
2
438 4 16 0
438 10 16 0
2
40 40 
1
439 10 16 0
2
18 40 
2
440 4 18 0
440 10 16 0
2
40 40 
1
441 10 16 0
2
38 40 
2
442 4 16 0
442 10 16 0
2
40 40 
1
443 10 16 0
2
41 41 
1
445 20 12 0
2
39 41 
2
446 22 8 0
446 20 12 0
2
41 41 
1
447 20 12 0
2
19 41 
2
448 20 8 0
448 20 12 0
2
41 41 
1
449 20 12 0
2
39 41 
2
450 22 8 0
450 20 12 0
2
41 41 
1
451 20 12 0
2
42 42 
1
439 16 16 0
2
40 42 
2
444 10 16 0
444 16 16 0
2
42 42 
1
445 16 16 0
2
20 42 
2
446 14 16 0
446 16 16 0
2
42 42 
1
447 16 16 0
2
40 42 
2
448 10 16 0
448 16 16 0
2
42 42 
1
449 16 16 0
2
43 43 
1
447 18 14 0
2
41 43 
2
452 20 12 0
452 18 14 0
2
43 43 
1
453 18 14 0
2
21 43 
2
454 20 14 0
454 18 14 0
2
43 43 
1
455 18 14 0
2
41 43 
2
456 20 12 0
456 18 14 0
2
43 43 
1
457 18 14 0
2
42 85 
2
450 16 16 0
450 30 20 0
2
43 129 
2
458 18 14 0
458 28 12 0
2
42 88 
2
451 16 16 0
451 12 4 0
2
43 130 
2
459 18 14 0
459 22 6 0
2
42 110 
2
452 16 16 0
452 6 20 0
2
43 131 
2
460 18 14 0
460 28 14 0
2
42 127 
2
453 16 16 0
453 12 18 0
2
42 132 
2
454 16 16 0
454 8 16 0
2
42 133 
2
455 16 16 0
455 10 12 0
2
42 134 
2
456 16 16 0
456 16 30 0
2
42 135 
2
457 16 16 0
457 10 26 0
2
42 136 
2
458 16 16 0
458 16 26 0
2
42 137 
2
459 16 16 0
459 16 28 0
2
42 138 
2
460 16 16 0
460 10 20 0
2
42 139 
2
461 16 16 0
461 12 26 0
2
42 140 
2
462 16 16 0
462 14 18 0
2
42 141 
2
463 16 16 0
463 14 20 0
2
42 142 
2
464 16 16 0
464 8 12 0
2
42 143 
2
465 16 16 0
465 22 24 0
2
42 144 
2
466 16 16 0
466 24 18 0
2
42 145 
2
467 16 16 0
467 22 10 0
2
42 146 
2
468 16 16 0
468 30 12 0
2
42 147 
2
469 16 16 0
469 4 8 0
2
42 148 
2
470 16 16 0
470 12 30 0
2
40 42 
2
471 10 16 0
471 16 16 0
2
41 43 
2
461 20 12 0
461 18 14 0
2
42 85 
2
472 16 16 0
472 30 20 0
2
43 129 
2
462 18 14 0
462 28 12 0
2
42 88 
2
473 16 16 0
473 12 4 0
2
43 130 
2
463 18 14 0
463 22 6 0
2
42 110 
2
474 16 16 0
474 6 20 0
2
43 131 
2
464 18 14 0
464 28 14 0
2
42 127 
2
475 16 16 0
475 12 18 0
2
42 132 
2
476 16 16 0
476 8 16 0
2
42 133 
2
477 16 16 0
477 10 12 0
2
42 134 
2
478 16 16 0
478 16 30 0
2
42 135 
2
479 16 16 0
479 10 26 0
2
42 136 
2
480 16 16 0
480 16 26 0
2
42 137 
2
481 16 16 0
481 16 28 0
2
42 138 
2
482 16 16 0
482 10 20 0
2
42 139 
2
483 16 16 0
483 12 26 0
2
42 140 
2
484 16 16 0
484 14 18 0
2
42 141 
2
485 16 16 0
485 14 20 0
2
42 142 
2
486 16 16 0
486 8 12 0
2
42 143 
2
487 16 16 0
487 22 24 0
2
42 144 
2
488 16 16 0
488 24 18 0
2
42 145 
2
489 16 16 0
489 22 10 0
2
42 146 
2
490 16 16 0
490 30 12 0
2
42 147 
2
491 16 16 0
491 4 8 0
2
42 148 
2
492 16 16 0
492 12 30 0
2
20 40 
2
472 14 16 0
472 10 16 0
2
21 41 
2
462 20 14 0
462 20 12 0
2
38 40 
2
473 4 16 0
473 10 16 0
2
39 41 
2
463 22 8 0
463 20 12 0
2
42 42 
1
493 16 16 0
2
40 42 
2
494 10 16 0
494 16 16 0
2
42 42 
1
495 16 16 0
2
20 42 
2
496 14 16 0
496 16 16 0
2
42 42 
1
497 16 16 0
2
40 42 
2
498 10 16 0
498 16 16 0
2
42 42 
1
499 16 16 0
2
43 43 
1
465 18 14 0
2
41 43 
2
466 20 12 0
466 18 14 0
2
43 43 
1
467 18 14 0
2
21 43 
2
468 20 14 0
468 18 14 0
2
43 43 
1
469 18 14 0
2
41 43 
2
470 20 12 0
470 18 14 0
2
43 43 
1
471 18 14 0
2
42 88 
2
500 16 16 0
500 12 4 0
2
43 128 
2
472 18 14 0
472 16 14 0
2
42 110 
2
501 16 16 0
501 6 20 0
2
43 129 
2
473 18 14 0
473 28 12 0
2
42 127 
2
502 16 16 0
502 12 18 0
2
43 130 
2
474 18 14 0
474 22 6 0
2
42 132 
2
503 16 16 0
503 8 16 0
2
43 131 
2
475 18 14 0
475 28 14 0
2
42 133 
2
504 16 16 0
504 10 12 0
2
43 149 
2
476 18 14 0
476 20 6 0
2
42 134 
2
505 16 16 0
505 16 30 0
2
43 150 
2
477 18 14 0
477 24 8 0
2
42 135 
2
506 16 16 0
506 10 26 0
2
43 151 
2
478 18 14 0
478 22 2 0
2
42 136 
2
507 16 16 0
507 16 26 0
2
43 152 
2
479 18 14 0
479 22 30 0
2
42 137 
2
508 16 16 0
508 16 28 0
2
43 153 
2
480 18 14 0
480 24 26 0
2
42 138 
2
509 16 16 0
509 10 20 0
2
43 154 
2
481 18 14 0
481 28 18 0
2
42 139 
2
510 16 16 0
510 12 26 0
2
43 155 
2
482 18 14 0
482 22 22 0
2
42 140 
2
511 16 16 0
511 14 18 0
2
43 156 
2
483 18 14 0
483 26 18 0
2
42 141 
2
512 16 16 0
512 14 20 0
2
43 157 
2
484 18 14 0
484 24 16 0
2
42 142 
2
513 16 16 0
513 8 12 0
2
43 158 
2
485 18 14 0
485 4 14 0
2
42 143 
2
514 16 16 0
514 22 24 0
2
43 159 
2
486 18 14 0
486 14 4 0
2
42 144 
2
515 16 16 0
515 24 18 0
2
43 160 
2
487 18 14 0
487 10 14 0
2
42 145 
2
516 16 16 0
516 22 10 0
2
43 161 
2
488 18 14 0
488 14 2 0
2
42 146 
2
517 16 16 0
517 30 12 0
2
43 162 
2
489 18 14 0
489 30 18 0
2
42 147 
2
518 16 16 0
518 4 8 0
2
43 163 
2
490 18 14 0
490 24 22 0
2
42 148 
2
519 16 16 0
519 12 30 0
2
43 164 
2
491 18 14 0
491 26 20 0
2
42 165 
2
520 16 16 0
520 4 20 0
2
43 166 
2
492 18 14 0
492 20 22 0
2
40 42 
2
521 10 16 0
521 16 16 0
2
41 43 
2
493 20 12 0
493 18 14 0
2
42 88 
2
522 16 16 0
522 12 4 0
2
43 128 
2
494 18 14 0
494 16 14 0
2
42 110 
2
523 16 16 0
523 6 20 0
2
43 129 
2
495 18 14 0
495 28 12 0
2
42 127 
2
524 16 16 0
524 12 18 0
2
43 130 
2
496 18 14 0
496 22 6 0
2
42 132 
2
525 16 16 0
525 8 16 0
2
43 131 
2
497 18 14 0
497 28 14 0
2
42 133 
2
526 16 16 0
526 10 12 0
2
43 149 
2
498 18 14 0
498 20 6 0
2
42 134 
2
527 16 16 0
527 16 30 0
2
43 150 
2
499 18 14 0
499 24 8 0
2
42 135 
2
528 16 16 0
528 10 26 0
2
43 151 
2
500 18 14 0
500 22 2 0
2
42 136 
2
529 16 16 0
529 16 26 0
2
43 152 
2
501 18 14 0
501 22 30 0
2
42 137 
2
530 16 16 0
530 16 28 0
2
43 153 
2
502 18 14 0
502 24 26 0
2
42 138 
2
531 16 16 0
531 10 20 0
2
43 154 
2
503 18 14 0
503 28 18 0
2
42 139 
2
532 16 16 0
532 12 26 0
2
43 155 
2
504 18 14 0
504 22 22 0
2
42 140 
2
533 16 16 0
533 14 18 0
2
43 156 
2
505 18 14 0
505 26 18 0
2
42 141 
2
534 16 16 0
534 14 20 0
2
43 157 
2
506 18 14 0
506 24 16 0
2
42 142 
2
535 16 16 0
535 8 12 0
2
43 158 
2
507 18 14 0
507 4 14 0
2
42 143 
2
536 16 16 0
536 22 24 0
2
43 159 
2
508 18 14 0
508 14 4 0
2
42 144 
2
537 16 16 0
537 24 18 0
2
43 160 
2
509 18 14 0
509 10 14 0
2
42 145 
2
538 16 16 0
538 22 10 0
2
43 161 
2
510 18 14 0
510 14 2 0
2
42 146 
2
539 16 16 0
539 30 12 0
2
43 162 
2
511 18 14 0
511 30 18 0
2
42 147 
2
540 16 16 0
540 4 8 0
2
43 163 
2
512 18 14 0
512 24 22 0
2
42 148 
2
541 16 16 0
541 12 30 0
2
43 164 
2
513 18 14 0
513 26 20 0
2
42 165 
2
542 16 16 0
542 4 20 0
2
43 166 
2
514 18 14 0
514 20 22 0
2
20 40 
2
522 14 16 0
522 10 16 0
2
21 41 
2
494 20 14 0
494 20 12 0
2
18 38 
2
474 4 18 0
474 4 16 0
2
19 39 
2
464 20 8 0
464 22 8 0
2
36 38 
2
475 4 22 0
475 4 16 0
2
37 39 
2
465 24 4 0
465 22 8 0
2
40 40 
1
523 10 16 0
2
38 40 
2
524 4 16 0
524 10 16 0
2
40 40 
1
525 10 16 0
2
18 40 
2
526 4 18 0
526 10 16 0
2
40 40 
1
527 10 16 0
2
38 40 
2
528 4 16 0
528 10 16 0
2
40 40 
1
529 10 16 0
2
41 41 
1
495 20 12 0
2
39 41 
2
496 22 8 0
496 20 12 0
2
41 41 
1
497 20 12 0
2
19 41 
2
498 20 8 0
498 20 12 0
2
41 41 
1
499 20 12 0
2
39 41 
2
500 22 8 0
500 20 12 0
2
41 41 
1
501 20 12 0
2
42 42 
1
543 16 16 0
2
40 42 
2
544 10 16 0
544 16 16 0
2
42 42 
1
545 16 16 0
2
20 42 
2
546 14 16 0
546 16 16 0
2
42 42 
1
547 16 16 0
2
40 42 
2
548 10 16 0
548 16 16 0
2
42 42 
1
549 16 16 0
2
43 43 
1
515 18 14 0
2
41 43 
2
516 20 12 0
516 18 14 0
2
43 43 
1
517 18 14 0
2
21 43 
2
518 20 14 0
518 18 14 0
2
43 43 
1
519 18 14 0
2
41 43 
2
520 20 12 0
520 18 14 0
2
43 43 
1
521 18 14 0
2
42 85 
2
550 16 16 0
550 30 20 0
2
43 129 
2
522 18 14 0
522 28 12 0
2
42 88 
2
551 16 16 0
551 12 4 0
2
43 130 
2
523 18 14 0
523 22 6 0
2
42 110 
2
552 16 16 0
552 6 20 0
2
43 131 
2
524 18 14 0
524 28 14 0
2
42 127 
2
553 16 16 0
553 12 18 0
2
43 149 
2
525 18 14 0
525 20 6 0
2
42 132 
2
554 16 16 0
554 8 16 0
2
43 150 
2
526 18 14 0
526 24 8 0
2
42 133 
2
555 16 16 0
555 10 12 0
2
43 151 
2
527 18 14 0
527 22 2 0
2
42 134 
2
556 16 16 0
556 16 30 0
2
43 152 
2
528 18 14 0
528 22 30 0
2
42 135 
2
557 16 16 0
557 10 26 0
2
43 153 
2
529 18 14 0
529 24 26 0
2
42 136 
2
558 16 16 0
558 16 26 0
2
43 154 
2
530 18 14 0
530 28 18 0
2
42 137 
2
559 16 16 0
559 16 28 0
2
43 155 
2
531 18 14 0
531 22 22 0
2
42 138 
2
560 16 16 0
560 10 20 0
2
43 156 
2
532 18 14 0
532 26 18 0
2
42 139 
2
561 16 16 0
561 12 26 0
2
43 157 
2
533 18 14 0
533 24 16 0
2
42 140 
2
562 16 16 0
562 14 18 0
2
43 158 
2
534 18 14 0
534 4 14 0
2
42 141 
2
563 16 16 0
563 14 20 0
2
43 159 
2
535 18 14 0
535 14 4 0
2
42 142 
2
564 16 16 0
564 8 12 0
2
43 160 
2
536 18 14 0
536 10 14 0
2
42 143 
2
565 16 16 0
565 22 24 0
2
43 161 
2
537 18 14 0
537 14 2 0
2
42 144 
2
566 16 16 0
566 24 18 0
2
43 162 
2
538 18 14 0
538 30 18 0
2
42 145 
2
567 16 16 0
567 22 10 0
2
43 163 
2
539 18 14 0
539 24 22 0
2
42 146 
2
568 16 16 0
568 30 12 0
2
43 164 
2
540 18 14 0
540 26 20 0
2
43 166 
2
541 18 14 0
541 20 22 0
2
43 167 
2
542 18 14 0
542 22 12 0
2
40 42 
2
569 10 16 0
569 16 16 0
2
41 43 
2
543 20 12 0
543 18 14 0
2
42 85 
2
570 16 16 0
570 30 20 0
2
43 129 
2
544 18 14 0
544 28 12 0
2
42 88 
2
571 16 16 0
571 12 4 0
2
43 130 
2
545 18 14 0
545 22 6 0
2
42 110 
2
572 16 16 0
572 6 20 0
2
43 131 
2
546 18 14 0
546 28 14 0
2
42 127 
2
573 16 16 0
573 12 18 0
2
43 149 
2
547 18 14 0
547 20 6 0
2
42 132 
2
574 16 16 0
574 8 16 0
2
43 150 
2
548 18 14 0
548 24 8 0
2
42 133 
2
575 16 16 0
575 10 12 0
2
43 151 
2
549 18 14 0
549 22 2 0
2
42 134 
2
576 16 16 0
576 16 30 0
2
43 152 
2
550 18 14 0
550 22 30 0
2
42 135 
2
577 16 16 0
577 10 26 0
2
43 153 
2
551 18 14 0
551 24 26 0
2
42 136 
2
578 16 16 0
578 16 26 0
2
43 154 
2
552 18 14 0
552 28 18 0
2
42 137 
2
579 16 16 0
579 16 28 0
2
43 155 
2
553 18 14 0
553 22 22 0
2
42 138 
2
580 16 16 0
580 10 20 0
2
43 156 
2
554 18 14 0
554 26 18 0
2
42 139 
2
581 16 16 0
581 12 26 0
2
43 157 
2
555 18 14 0
555 24 16 0
2
42 140 
2
582 16 16 0
582 14 18 0
2
43 158 
2
556 18 14 0
556 4 14 0
2
42 141 
2
583 16 16 0
583 14 20 0
2
43 159 
2
557 18 14 0
557 14 4 0
2
42 142 
2
584 16 16 0
584 8 12 0
2
43 160 
2
558 18 14 0
558 10 14 0
2
42 143 
2
585 16 16 0
585 22 24 0
2
43 161 
2
559 18 14 0
559 14 2 0
2
42 144 
2
586 16 16 0
586 24 18 0
2
43 162 
2
560 18 14 0
560 30 18 0
2
42 145 
2
587 16 16 0
587 22 10 0
2
43 163 
2
561 18 14 0
561 24 22 0
2
42 146 
2
588 16 16 0
588 30 12 0
2
43 164 
2
562 18 14 0
562 26 20 0
2
43 166 
2
563 18 14 0
563 20 22 0
2
43 167 
2
564 18 14 0
564 22 12 0
2
20 40 
2
570 14 16 0
570 10 16 0
2
21 41 
2
544 20 14 0
544 20 12 0
2
38 40 
2
571 4 16 0
571 10 16 0
2
39 41 
2
545 22 8 0
545 20 12 0
2
42 42 
1
589 16 16 0
2
40 42 
2
590 10 16 0
590 16 16 0
2
42 42 
1
591 16 16 0
2
20 42 
2
592 14 16 0
592 16 16 0
2
42 42 
1
593 16 16 0
2
40 42 
2
594 10 16 0
594 16 16 0
2
42 42 
1
595 16 16 0
2
43 43 
1
565 18 14 0
2
41 43 
2
566 20 12 0
566 18 14 0
2
43 43 
1
567 18 14 0
2
21 43 
2
568 20 14 0
568 18 14 0
2
43 43 
1
569 18 14 0
2
41 43 
2
570 20 12 0
570 18 14 0
2
43 43 
1
571 18 14 0
2
42 88 
2
596 16 16 0
596 12 4 0
2
43 166 
2
572 18 14 0
572 20 22 0
2
42 110 
2
597 16 16 0
597 6 20 0
2
43 167 
2
573 18 14 0
573 22 12 0
2
42 127 
2
598 16 16 0
598 12 18 0
2
43 168 
2
574 18 14 0
574 24 10 0
2
42 132 
2
599 16 16 0
599 8 16 0
2
42 133 
2
600 16 16 0
600 10 12 0
2
42 134 
2
601 16 16 0
601 16 30 0
2
42 135 
2
602 16 16 0
602 10 26 0
2
42 136 
2
603 16 16 0
603 16 26 0
2
42 137 
2
604 16 16 0
604 16 28 0
2
42 138 
2
605 16 16 0
605 10 20 0
2
42 139 
2
606 16 16 0
606 12 26 0
2
42 140 
2
607 16 16 0
607 14 18 0
2
42 141 
2
608 16 16 0
608 14 20 0
2
42 142 
2
609 16 16 0
609 8 12 0
2
42 143 
2
610 16 16 0
610 22 24 0
2
42 144 
2
611 16 16 0
611 24 18 0
2
42 145 
2
612 16 16 0
612 22 10 0
2
42 146 
2
613 16 16 0
613 30 12 0
2
42 147 
2
614 16 16 0
614 4 8 0
2
40 42 
2
615 10 16 0
615 16 16 0
2
41 43 
2
575 20 12 0
575 18 14 0
2
42 88 
2
616 16 16 0
616 12 4 0
2
43 166 
2
576 18 14 0
576 20 22 0
2
42 110 
2
617 16 16 0
617 6 20 0
2
43 167 
2
577 18 14 0
577 22 12 0
2
42 127 
2
618 16 16 0
618 12 18 0
2
43 168 
2
578 18 14 0
578 24 10 0
2
42 132 
2
619 16 16 0
619 8 16 0
2
42 133 
2
620 16 16 0
620 10 12 0
2
42 134 
2
621 16 16 0
621 16 30 0
2
42 135 
2
622 16 16 0
622 10 26 0
2
42 136 
2
623 16 16 0
623 16 26 0
2
42 137 
2
624 16 16 0
624 16 28 0
2
42 138 
2
625 16 16 0
625 10 20 0
2
42 139 
2
626 16 16 0
626 12 26 0
2
42 140 
2
627 16 16 0
627 14 18 0
2
42 141 
2
628 16 16 0
628 14 20 0
2
42 142 
2
629 16 16 0
629 8 12 0
2
42 143 
2
630 16 16 0
630 22 24 0
2
42 144 
2
631 16 16 0
631 24 18 0
2
42 145 
2
632 16 16 0
632 22 10 0
2
42 146 
2
633 16 16 0
633 30 12 0
2
42 147 
2
634 16 16 0
634 4 8 0
2
20 40 
2
616 14 16 0
616 10 16 0
2
21 41 
2
576 20 14 0
576 20 12 0
2
18 38 
2
572 4 18 0
572 4 16 0
2
19 39 
2
546 20 8 0
546 22 8 0
2
16 36 
2
476 4 24 0
476 4 22 0
2
17 37 
2
466 26 4 0
466 24 4 0
2
14 34 
2
346 4 26 0
346 2 24 0
2
15 35 
2
336 26 2 0
336 28 2 0
2
12 32 
2
74 2 26 0
74 2 28 0
2
13 33 
2
74 30 2 0
74 32 2 0
2
30 32 
2
75 4 28 0
75 2 28 0
2
31 33 
2
75 32 6 0
75 32 2 0
2
34 34 
1
347 2 24 0
2
32 34 
2
348 2 28 0
348 2 24 0
2
34 34 
1
349 2 24 0
2
12 34 
2
350 2 26 0
350 2 24 0
2
34 34 
1
351 2 24 0
2
32 34 
2
352 2 28 0
352 2 24 0
2
34 34 
1
353 2 24 0
2
35 35 
1
337 28 2 0
2
33 35 
2
338 32 2 0
338 28 2 0
2
35 35 
1
339 28 2 0
2
13 35 
2
340 30 2 0
340 28 2 0
2
35 35 
1
341 28 2 0
2
33 35 
2
342 32 2 0
342 28 2 0
2
35 35 
1
343 28 2 0
2
36 36 
1
477 4 22 0
2
34 36 
2
478 2 24 0
478 4 22 0
2
36 36 
1
479 4 22 0
2
14 36 
2
480 4 26 0
480 4 22 0
2
36 36 
1
481 4 22 0
2
34 36 
2
482 2 24 0
482 4 22 0
2
36 36 
1
483 4 22 0
2
37 37 
1
467 24 4 0
2
35 37 
2
468 28 2 0
468 24 4 0
2
37 37 
1
469 24 4 0
2
15 37 
2
470 26 2 0
470 24 4 0
2
37 37 
1
471 24 4 0
2
35 37 
2
472 28 2 0
472 24 4 0
2
37 37 
1
473 24 4 0
2
38 38 
1
573 4 16 0
2
36 38 
2
574 4 22 0
574 4 16 0
2
38 38 
1
575 4 16 0
2
16 38 
2
576 4 24 0
576 4 16 0
2
38 38 
1
577 4 16 0
2
36 38 
2
578 4 22 0
578 4 16 0
2
38 38 
1
579 4 16 0
2
39 39 
1
547 22 8 0
2
37 39 
2
548 24 4 0
548 22 8 0
2
39 39 
1
549 22 8 0
2
17 39 
2
550 26 4 0
550 22 8 0
2
39 39 
1
551 22 8 0
2
37 39 
2
552 24 4 0
552 22 8 0
2
39 39 
1
553 22 8 0
2
40 40 
1
617 10 16 0
2
38 40 
2
618 4 16 0
618 10 16 0
2
40 40 
1
619 10 16 0
2
18 40 
2
620 4 18 0
620 10 16 0
2
40 40 
1
621 10 16 0
2
38 40 
2
622 4 16 0
622 10 16 0
2
40 40 
1
623 10 16 0
2
41 41 
1
577 20 12 0
2
39 41 
2
578 22 8 0
578 20 12 0
2
41 41 
1
579 20 12 0
2
19 41 
2
580 20 8 0
580 20 12 0
2
41 41 
1
581 20 12 0
2
39 41 
2
582 22 8 0
582 20 12 0
2
41 41 
1
583 20 12 0
2
42 42 
1
635 16 16 0
2
40 42 
2
636 10 16 0
636 16 16 0
2
42 42 
1
637 16 16 0
2
20 42 
2
638 14 16 0
638 16 16 0
2
42 42 
1
639 16 16 0
2
40 42 
2
640 10 16 0
640 16 16 0
2
42 42 
1
641 16 16 0
2
43 43 
1
579 18 14 0
2
41 43 
2
584 20 12 0
584 18 14 0
2
43 43 
1
585 18 14 0
2
21 43 
2
586 20 14 0
586 18 14 0
2
43 43 
1
587 18 14 0
2
41 43 
2
588 20 12 0
588 18 14 0
2
43 43 
1
589 18 14 0
2
42 110 
2
642 16 16 0
642 6 20 0
2
43 167 
2
590 18 14 0
590 22 12 0
2
42 127 
2
643 16 16 0
643 12 18 0
2
43 168 
2
591 18 14 0
591 24 10 0
2
42 132 
2
644 16 16 0
644 8 16 0
2
43 169 
2
592 18 14 0
592 18 2 0
2
40 42 
2
645 10 16 0
645 16 16 0
2
41 43 
2
593 20 12 0
593 18 14 0
2
42 110 
2
646 16 16 0
646 6 20 0
2
43 167 
2
594 18 14 0
594 22 12 0
2
42 127 
2
647 16 16 0
647 12 18 0
2
43 168 
2
595 18 14 0
595 24 10 0
2
42 132 
2
648 16 16 0
648 8 16 0
2
43 169 
2
596 18 14 0
596 18 2 0
2
20 40 
2
646 14 16 0
646 10 16 0
2
21 41 
2
594 20 14 0
594 20 12 0
2
38 40 
2
647 4 16 0
647 10 16 0
2
39 41 
2
595 22 8 0
595 20 12 0
2
42 42 
1
649 16 16 0
2
40 42 
2
650 10 16 0
650 16 16 0
2
42 42 
1
651 16 16 0
2
20 42 
2
652 14 16 0
652 16 16 0
2
42 42 
1
653 16 16 0
2
40 42 
2
654 10 16 0
654 16 16 0
2
42 42 
1
655 16 16 0
2
43 43 
1
597 18 14 0
2
41 43 
2
598 20 12 0
598 18 14 0
2
43 43 
1
599 18 14 0
2
21 43 
2
600 20 14 0
600 18 14 0
2
43 43 
1
601 18 14 0
2
41 43 
2
602 20 12 0
602 18 14 0
2
43 43 
1
603 18 14 0
2
42 127 
2
656 16 16 0
656 12 18 0
2
43 166 
2
604 18 14 0
604 20 22 0
2
42 132 
2
657 16 16 0
657 8 16 0
2
43 167 
2
605 18 14 0
605 22 12 0
2
42 133 
2
658 16 16 0
658 10 12 0
2
43 168 
2
606 18 14 0
606 24 10 0
2
43 169 
2
607 18 14 0
607 18 2 0
2
43 170 
2
608 18 14 0
608 26 14 0
2
43 171 
2
609 18 14 0
609 20 4 0
2
43 172 
2
610 18 14 0
610 26 8 0
2
43 173 
2
611 18 14 0
611 26 6 0
2
43 174 
2
612 18 14 0
612 20 32 0
2
43 175 
2
613 18 14 0
613 6 8 0
2
43 176 
2
614 18 14 0
614 20 30 0
2
43 177 
2
615 18 14 0
615 8 4 0
2
43 178 
2
616 18 14 0
616 10 2 0
2
43 179 
2
617 18 14 0
617 30 22 0
2
43 180 
2
618 18 14 0
618 26 26 0
2
43 181 
2
619 18 14 0
619 32 20 0
2
43 182 
2
620 18 14 0
620 32 10 0
2
43 183 
2
621 18 14 0
621 2 8 0
2
43 184 
2
622 18 14 0
622 30 8 0
2
43 185 
2
623 18 14 0
623 24 30 0
2
43 186 
2
624 18 14 0
624 28 6 0
2
40 42 
2
659 10 16 0
659 16 16 0
2
41 43 
2
625 20 12 0
625 18 14 0
2
42 127 
2
660 16 16 0
660 12 18 0
2
43 166 
2
626 18 14 0
626 20 22 0
2
42 132 
2
661 16 16 0
661 8 16 0
2
43 167 
2
627 18 14 0
627 22 12 0
2
42 133 
2
662 16 16 0
662 10 12 0
2
43 168 
2
628 18 14 0
628 24 10 0
2
43 169 
2
629 18 14 0
629 18 2 0
2
43 170 
2
630 18 14 0
630 26 14 0
2
43 171 
2
631 18 14 0
631 20 4 0
2
43 172 
2
632 18 14 0
632 26 8 0
2
43 173 
2
633 18 14 0
633 26 6 0
2
43 174 
2
634 18 14 0
634 20 32 0
2
43 175 
2
635 18 14 0
635 6 8 0
2
43 176 
2
636 18 14 0
636 20 30 0
2
43 177 
2
637 18 14 0
637 8 4 0
2
43 178 
2
638 18 14 0
638 10 2 0
2
43 179 
2
639 18 14 0
639 30 22 0
2
43 180 
2
640 18 14 0
640 26 26 0
2
43 181 
2
641 18 14 0
641 32 20 0
2
43 182 
2
642 18 14 0
642 32 10 0
2
43 183 
2
643 18 14 0
643 2 8 0
2
43 184 
2
644 18 14 0
644 30 8 0
2
43 185 
2
645 18 14 0
645 24 30 0
2
43 186 
2
646 18 14 0
646 28 6 0
2
20 40 
2
660 14 16 0
660 10 16 0
2
21 41 
2
626 20 14 0
626 20 12 0
2
18 38 
2
648 4 18 0
648 4 16 0
2
19 39 
2
596 20 8 0
596 22 8 0
2
36 38 
2
649 4 22 0
649 4 16 0
2
37 39 
2
597 24 4 0
597 22 8 0
2
40 40 
1
661 10 16 0
2
38 40 
2
662 4 16 0
662 10 16 0
2
40 40 
1
663 10 16 0
2
18 40 
2
664 4 18 0
664 10 16 0
2
40 40 
1
665 10 16 0
2
38 40 
2
666 4 16 0
666 10 16 0
2
40 40 
1
667 10 16 0
2
41 41 
1
627 20 12 0
2
39 41 
2
628 22 8 0
628 20 12 0
2
41 41 
1
629 20 12 0
2
19 41 
2
630 20 8 0
630 20 12 0
2
41 41 
1
631 20 12 0
2
39 41 
2
632 22 8 0
632 20 12 0
2
41 41 
1
633 20 12 0
2
42 42 
1
663 16 16 0
2
40 42 
2
668 10 16 0
668 16 16 0
2
42 42 
1
669 16 16 0
2
20 42 
2
670 14 16 0
670 16 16 0
2
42 42 
1
671 16 16 0
2
40 42 
2
672 10 16 0
672 16 16 0
2
42 42 
1
673 16 16 0
2
43 43 
1
647 18 14 0
2
41 43 
2
648 20 12 0
648 18 14 0
2
43 43 
1
649 18 14 0
2
21 43 
2
650 20 14 0
650 18 14 0
2
43 43 
1
651 18 14 0
2
41 43 
2
652 20 12 0
652 18 14 0
2
43 43 
1
653 18 14 0
2
42 110 
2
674 16 16 0
674 6 20 0
2
43 167 
2
654 18 14 0
654 22 12 0
2
42 127 
2
675 16 16 0
675 12 18 0
2
43 168 
2
655 18 14 0
655 24 10 0
2
42 132 
2
676 16 16 0
676 8 16 0
2
43 169 
2
656 18 14 0
656 18 2 0
2
42 133 
2
677 16 16 0
677 10 12 0
2
43 170 
2
657 18 14 0
657 26 14 0
2
42 134 
2
678 16 16 0
678 16 30 0
2
43 171 
2
658 18 14 0
658 20 4 0
2
42 135 
2
679 16 16 0
679 10 26 0
2
43 172 
2
659 18 14 0
659 26 8 0
2
42 136 
2
680 16 16 0
680 16 26 0
2
43 173 
2
660 18 14 0
660 26 6 0
2
42 137 
2
681 16 16 0
681 16 28 0
2
43 174 
2
661 18 14 0
661 20 32 0
2
42 138 
2
682 16 16 0
682 10 20 0
2
43 175 
2
662 18 14 0
662 6 8 0
2
42 139 
2
683 16 16 0
683 12 26 0
2
43 176 
2
663 18 14 0
663 20 30 0
2
42 140 
2
684 16 16 0
684 14 18 0
2
43 177 
2
664 18 14 0
664 8 4 0
2
42 141 
2
685 16 16 0
685 14 20 0
2
43 178 
2
665 18 14 0
665 10 2 0
2
42 142 
2
686 16 16 0
686 8 12 0
2
43 179 
2
666 18 14 0
666 30 22 0
2
42 143 
2
687 16 16 0
687 22 24 0
2
43 180 
2
667 18 14 0
667 26 26 0
2
42 144 
2
688 16 16 0
688 24 18 0
2
43 181 
2
668 18 14 0
668 32 20 0
2
42 145 
2
689 16 16 0
689 22 10 0
2
43 182 
2
669 18 14 0
669 32 10 0
2
42 146 
2
690 16 16 0
690 30 12 0
2
43 183 
2
670 18 14 0
670 2 8 0
2
42 147 
2
691 16 16 0
691 4 8 0
2
43 184 
2
671 18 14 0
671 30 8 0
2
42 148 
2
692 16 16 0
692 12 30 0
2
43 185 
2
672 18 14 0
672 24 30 0
2
42 165 
2
693 16 16 0
693 4 20 0
2
43 186 
2
673 18 14 0
673 28 6 0
2
42 187 
2
694 16 16 0
694 12 28 0
2
43 188 
2
674 18 14 0
674 30 6 0
2
40 42 
2
695 10 16 0
695 16 16 0
2
41 43 
2
675 20 12 0
675 18 14 0
2
42 110 
2
696 16 16 0
696 6 20 0
2
43 167 
2
676 18 14 0
676 22 12 0
2
42 127 
2
697 16 16 0
697 12 18 0
2
43 168 
2
677 18 14 0
677 24 10 0
2
42 132 
2
698 16 16 0
698 8 16 0
2
43 169 
2
678 18 14 0
678 18 2 0
2
42 133 
2
699 16 16 0
699 10 12 0
2
43 170 
2
679 18 14 0
679 26 14 0
2
42 134 
2
700 16 16 0
700 16 30 0
2
43 171 
2
680 18 14 0
680 20 4 0
2
42 135 
2
701 16 16 0
701 10 26 0
2
43 172 
2
681 18 14 0
681 26 8 0
2
42 136 
2
702 16 16 0
702 16 26 0
2
43 173 
2
682 18 14 0
682 26 6 0
2
42 137 
2
703 16 16 0
703 16 28 0
2
43 174 
2
683 18 14 0
683 20 32 0
2
42 138 
2
704 16 16 0
704 10 20 0
2
43 175 
2
684 18 14 0
684 6 8 0
2
42 139 
2
705 16 16 0
705 12 26 0
2
43 176 
2
685 18 14 0
685 20 30 0
2
42 140 
2
706 16 16 0
706 14 18 0
2
43 177 
2
686 18 14 0
686 8 4 0
2
42 141 
2
707 16 16 0
707 14 20 0
2
43 178 
2
687 18 14 0
687 10 2 0
2
42 142 
2
708 16 16 0
708 8 12 0
2
43 179 
2
688 18 14 0
688 30 22 0
2
42 143 
2
709 16 16 0
709 22 24 0
2
43 180 
2
689 18 14 0
689 26 26 0
2
42 144 
2
710 16 16 0
710 24 18 0
2
43 181 
2
690 18 14 0
690 32 20 0
2
42 145 
2
711 16 16 0
711 22 10 0
2
43 182 
2
691 18 14 0
691 32 10 0
2
42 146 
2
712 16 16 0
712 30 12 0
2
43 183 
2
692 18 14 0
692 2 8 0
2
42 147 
2
713 16 16 0
713 4 8 0
2
43 184 
2
693 18 14 0
693 30 8 0
2
42 148 
2
714 16 16 0
714 12 30 0
2
43 185 
2
694 18 14 0
694 24 30 0
2
42 165 
2
715 16 16 0
715 4 20 0
2
43 186 
2
695 18 14 0
695 28 6 0
2
42 187 
2
716 16 16 0
716 12 28 0
2
43 188 
2
696 18 14 0
696 30 6 0
2
20 40 
2
696 14 16 0
696 10 16 0
2
21 41 
2
676 20 14 0
676 20 12 0
2
38 40 
2
697 4 16 0
697 10 16 0
2
39 41 
2
677 22 8 0
677 20 12 0
2
42 42 
1
717 16 16 0
2
40 42 
2
718 10 16 0
718 16 16 0
2
42 42 
1
719 16 16 0
2
20 42 
2
720 14 16 0
720 16 16 0
2
42 42 
1
721 16 16 0
2
40 42 
2
722 10 16 0
722 16 16 0
2
42 42 
1
723 16 16 0
2
43 43 
1
697 18 14 0
2
41 43 
2
698 20 12 0
698 18 14 0
2
43 43 
1
699 18 14 0
2
21 43 
2
700 20 14 0
700 18 14 0
2
43 43 
1
701 18 14 0
2
41 43 
2
702 20 12 0
702 18 14 0
2
43 43 
1
703 18 14 0
2
42 127 
2
724 16 16 0
724 12 18 0
2
43 186 
2
704 18 14 0
704 28 6 0
2
42 132 
2
725 16 16 0
725 8 16 0
2
43 188 
2
705 18 14 0
705 30 6 0
2
42 133 
2
726 16 16 0
726 10 12 0
2
43 189 
2
706 18 14 0
706 32 8 0
2
42 134 
2
727 16 16 0
727 16 30 0
2
42 135 
2
728 16 16 0
728 10 26 0
2
42 136 
2
729 16 16 0
729 16 26 0
2
42 137 
2
730 16 16 0
730 16 28 0
2
42 138 
2
731 16 16 0
731 10 20 0
2
42 139 
2
732 16 16 0
732 12 26 0
2
42 140 
2
733 16 16 0
733 14 18 0
2
42 141 
2
734 16 16 0
734 14 20 0
2
42 142 
2
735 16 16 0
735 8 12 0
2
42 143 
2
736 16 16 0
736 22 24 0
2
42 144 
2
737 16 16 0
737 24 18 0
2
42 145 
2
738 16 16 0
738 22 10 0
2
42 146 
2
739 16 16 0
739 30 12 0
2
42 147 
2
740 16 16 0
740 4 8 0
2
42 148 
2
741 16 16 0
741 12 30 0
2
42 165 
2
742 16 16 0
742 4 20 0
2
42 187 
2
743 16 16 0
743 12 28 0
2
42 190 
2
744 16 16 0
744 26 16 0
2
40 42 
2
745 10 16 0
745 16 16 0
2
41 43 
2
707 20 12 0
707 18 14 0
2
42 127 
2
746 16 16 0
746 12 18 0
2
43 186 
2
708 18 14 0
708 28 6 0
2
42 132 
2
747 16 16 0
747 8 16 0
2
43 188 
2
709 18 14 0
709 30 6 0
2
42 133 
2
748 16 16 0
748 10 12 0
2
43 189 
2
710 18 14 0
710 32 8 0
2
42 134 
2
749 16 16 0
749 16 30 0
2
42 135 
2
750 16 16 0
750 10 26 0
2
42 136 
2
751 16 16 0
751 16 26 0
2
42 137 
2
752 16 16 0
752 16 28 0
2
42 138 
2
753 16 16 0
753 10 20 0
2
42 139 
2
754 16 16 0
754 12 26 0
2
42 140 
2
755 16 16 0
755 14 18 0
2
42 141 
2
756 16 16 0
756 14 20 0
2
42 142 
2
757 16 16 0
757 8 12 0
2
42 143 
2
758 16 16 0
758 22 24 0
2
42 144 
2
759 16 16 0
759 24 18 0
2
42 145 
2
760 16 16 0
760 22 10 0
2
42 146 
2
761 16 16 0
761 30 12 0
2
42 147 
2
762 16 16 0
762 4 8 0
2
42 148 
2
763 16 16 0
763 12 30 0
2
42 165 
2
764 16 16 0
764 4 20 0
2
42 187 
2
765 16 16 0
765 12 28 0
2
42 190 
2
766 16 16 0
766 26 16 0
2
20 40 
2
746 14 16 0
746 10 16 0
2
21 41 
2
708 20 14 0
708 20 12 0
2
18 38 
2
698 4 18 0
698 4 16 0
2
19 39 
2
678 20 8 0
678 22 8 0
2
16 36 
2
650 4 24 0
650 4 22 0
2
17 37 
2
598 26 4 0
598 24 4 0
2
34 36 
2
651 2 24 0
651 4 22 0
2
35 37 
2
599 28 2 0
599 24 4 0
2
38 38 
1
699 4 16 0
2
36 38 
2
700 4 22 0
700 4 16 0
2
38 38 
1
701 4 16 0
2
16 38 
2
702 4 24 0
702 4 16 0
2
38 38 
1
703 4 16 0
2
36 38 
2
704 4 22 0
704 4 16 0
2
38 38 
1
705 4 16 0
2
39 39 
1
679 22 8 0
2
37 39 
2
680 24 4 0
680 22 8 0
2
39 39 
1
681 22 8 0
2
17 39 
2
682 26 4 0
682 22 8 0
2
39 39 
1
683 22 8 0
2
37 39 
2
684 24 4 0
684 22 8 0
2
39 39 
1
685 22 8 0
2
40 40 
1
747 10 16 0
2
38 40 
2
748 4 16 0
748 10 16 0
2
40 40 
1
749 10 16 0
2
18 40 
2
750 4 18 0
750 10 16 0
2
40 40 
1
751 10 16 0
2
38 40 
2
752 4 16 0
752 10 16 0
2
40 40 
1
753 10 16 0
2
41 41 
1
709 20 12 0
2
39 41 
2
710 22 8 0
710 20 12 0
2
41 41 
1
711 20 12 0
2
19 41 
2
712 20 8 0
712 20 12 0
2
41 41 
1
713 20 12 0
2
39 41 
2
714 22 8 0
714 20 12 0
2
41 41 
1
715 20 12 0
2
42 42 
1
767 16 16 0
2
40 42 
2
768 10 16 0
768 16 16 0
2
42 42 
1
769 16 16 0
2
20 42 
2
770 14 16 0
770 16 16 0
2
42 42 
1
771 16 16 0
2
40 42 
2
772 10 16 0
772 16 16 0
2
42 42 
1
773 16 16 0
2
43 43 
1
711 18 14 0
2
41 43 
2
716 20 12 0
716 18 14 0
2
43 43 
1
717 18 14 0
2
21 43 
2
718 20 14 0
718 18 14 0
2
43 43 
1
719 18 14 0
2
41 43 
2
720 20 12 0
720 18 14 0
2
43 43 
1
721 18 14 0
2
42 148 
2
774 16 16 0
774 12 30 0
2
43 188 
2
722 18 14 0
722 30 6 0
2
42 165 
2
775 16 16 0
775 4 20 0
2
43 189 
2
723 18 14 0
723 32 8 0
2
42 187 
2
776 16 16 0
776 12 28 0
2
43 191 
2
724 18 14 0
724 28 4 0
2
40 42 
2
777 10 16 0
777 16 16 0
2
41 43 
2
725 20 12 0
725 18 14 0
2
42 148 
2
778 16 16 0
778 12 30 0
2
43 188 
2
726 18 14 0
726 30 6 0
2
42 165 
2
779 16 16 0
779 4 20 0
2
43 189 
2
727 18 14 0
727 32 8 0
2
42 187 
2
780 16 16 0
780 12 28 0
2
43 191 
2
728 18 14 0
728 28 4 0
2
20 40 
2
778 14 16 0
778 10 16 0
2
21 41 
2
726 20 14 0
726 20 12 0
2
38 40 
2
779 4 16 0
779 10 16 0
2
39 41 
2
727 22 8 0
727 20 12 0
2
42 42 
1
781 16 16 0
2
40 42 
2
782 10 16 0
782 16 16 0
2
42 42 
1
783 16 16 0
2
20 42 
2
784 14 16 0
784 16 16 0
2
42 42 
1
785 16 16 0
2
40 42 
2
786 10 16 0
786 16 16 0
2
42 42 
1
787 16 16 0
2
43 43 
1
729 18 14 0
2
41 43 
2
730 20 12 0
730 18 14 0
2
43 43 
1
731 18 14 0
2
21 43 
2
732 20 14 0
732 18 14 0
2
43 43 
1
733 18 14 0
2
41 43 
2
734 20 12 0
734 18 14 0
2
43 43 
1
735 18 14 0
2
42 165 
2
788 16 16 0
788 4 20 0
2
43 79 
2
736 18 14 0
736 2 20 0
2
42 187 
2
789 16 16 0
789 12 28 0
2
43 80 
2
737 18 14 0
737 24 28 0
2
42 190 
2
790 16 16 0
790 26 16 0
2
43 81 
2
738 18 14 0
738 6 6 0
2
40 42 
2
791 10 16 0
791 16 16 0
2
41 43 
2
739 20 12 0
739 18 14 0
2
42 165 
2
792 16 16 0
792 4 20 0
2
43 79 
2
740 18 14 0
740 2 20 0
2
42 187 
2
793 16 16 0
793 12 28 0
2
43 80 
2
741 18 14 0
741 24 28 0
2
42 190 
2
794 16 16 0
794 26 16 0
2
43 81 
2
742 18 14 0
742 6 6 0
2
20 40 
2
792 14 16 0
792 10 16 0
2
21 41 
2
740 20 14 0
740 20 12 0
2
18 38 
2
780 4 18 0
780 4 16 0
2
19 39 
2
728 20 8 0
728 22 8 0
2
36 38 
2
781 4 22 0
781 4 16 0
2
37 39 
2
729 24 4 0
729 22 8 0
2
40 40 
1
793 10 16 0
2
38 40 
2
794 4 16 0
794 10 16 0
2
40 40 
1
795 10 16 0
2
18 40 
2
796 4 18 0
796 10 16 0
2
40 40 
1
797 10 16 0
2
38 40 
2
798 4 16 0
798 10 16 0
2
40 40 
1
799 10 16 0
2
41 41 
1
741 20 12 0
2
39 41 
2
742 22 8 0
742 20 12 0
2
41 41 
1
743 20 12 0
2
19 41 
2
744 20 8 0
744 20 12 0
2
41 41 
1
745 20 12 0
2
39 41 
2
746 22 8 0
746 20 12 0
2
41 41 
1
747 20 12 0
2
42 42 
1
795 16 16 0
2
40 42 
2
800 10 16 0
800 16 16 0
2
42 42 
1
801 16 16 0
2
20 42 
2
802 14 16 0
802 16 16 0
2
42 42 
1
803 16 16 0
2
40 42 
2
804 10 16 0
804 16 16 0
2
42 42 
1
805 16 16 0
2
43 43 
1
743 18 14 0
2
41 43 
2
748 20 12 0
748 18 14 0
2
43 43 
1
749 18 14 0
2
21 43 
2
750 20 14 0
750 18 14 0
2
43 43 
1
751 18 14 0
2
41 43 
2
752 20 12 0
752 18 14 0
2
43 43 
1
753 18 14 0
2
42 148 
2
806 16 16 0
806 12 30 0
2
43 80 
2
754 18 14 0
754 24 28 0
2
42 165 
2
807 16 16 0
807 4 20 0
2
43 81 
2
755 18 14 0
755 6 6 0
2
42 187 
2
808 16 16 0
808 12 28 0
2
43 82 
2
756 18 14 0
756 28 22 0
2
42 190 
2
809 16 16 0
809 26 16 0
2
42 192 
2
810 16 16 0
810 18 26 0
2
42 193 
2
811 16 16 0
811 6 16 0
2
42 194 
2
812 16 16 0
812 14 22 0
2
42 195 
2
813 16 16 0
813 10 22 0
2
42 196 
2
814 16 16 0
814 8 18 0
2
42 197 
2
815 16 16 0
815 16 22 0
2
42 198 
2
816 16 16 0
816 16 18 0
2
42 199 
2
817 16 16 0
817 14 28 0
2
42 200 
2
818 16 16 0
818 10 18 0
2
42 201 
2
819 16 16 0
819 18 20 0
2
42 202 
2
820 16 16 0
820 14 14 0
2
42 203 
2
821 16 16 0
821 2 14 0
2
42 204 
2
822 16 16 0
822 20 20 0
2
42 205 
2
823 16 16 0
823 18 10 0
2
42 206 
2
824 16 16 0
824 26 24 0
2
42 207 
2
825 16 16 0
825 4 10 0
2
42 208 
2
826 16 16 0
826 32 16 0
2
40 42 
2
827 10 16 0
827 16 16 0
2
41 43 
2
757 20 12 0
757 18 14 0
2
42 148 
2
828 16 16 0
828 12 30 0
2
43 80 
2
758 18 14 0
758 24 28 0
2
42 165 
2
829 16 16 0
829 4 20 0
2
43 81 
2
759 18 14 0
759 6 6 0
2
42 187 
2
830 16 16 0
830 12 28 0
2
43 82 
2
760 18 14 0
760 28 22 0
2
42 190 
2
831 16 16 0
831 26 16 0
2
42 192 
2
832 16 16 0
832 18 26 0
2
42 193 
2
833 16 16 0
833 6 16 0
2
42 194 
2
834 16 16 0
834 14 22 0
2
42 195 
2
835 16 16 0
835 10 22 0
2
42 196 
2
836 16 16 0
836 8 18 0
2
42 197 
2
837 16 16 0
837 16 22 0
2
42 198 
2
838 16 16 0
838 16 18 0
2
42 199 
2
839 16 16 0
839 14 28 0
2
42 200 
2
840 16 16 0
840 10 18 0
2
42 201 
2
841 16 16 0
841 18 20 0
2
42 202 
2
842 16 16 0
842 14 14 0
2
42 203 
2
843 16 16 0
843 2 14 0
2
42 204 
2
844 16 16 0
844 20 20 0
2
42 205 
2
845 16 16 0
845 18 10 0
2
42 206 
2
846 16 16 0
846 26 24 0
2
42 207 
2
847 16 16 0
847 4 10 0
2
42 208 
2
848 16 16 0
848 32 16 0
2
20 40 
2
828 14 16 0
828 10 16 0
2
21 41 
2
758 20 14 0
758 20 12 0
2
38 40 
2
829 4 16 0
829 10 16 0
2
39 41 
2
759 22 8 0
759 20 12 0
2
42 42 
1
849 16 16 0
2
40 42 
2
850 10 16 0
850 16 16 0
2
42 42 
1
851 16 16 0
2
20 42 
2
852 14 16 0
852 16 16 0
2
42 42 
1
853 16 16 0
2
40 42 
2
854 10 16 0
854 16 16 0
2
42 42 
1
855 16 16 0
2
43 43 
1
761 18 14 0
2
41 43 
2
762 20 12 0
762 18 14 0
2
43 43 
1
763 18 14 0
2
21 43 
2
764 20 14 0
764 18 14 0
2
43 43 
1
765 18 14 0
2
41 43 
2
766 20 12 0
766 18 14 0
2
43 43 
1
767 18 14 0
2
42 165 
2
856 16 16 0
856 4 20 0
2
43 79 
2
768 18 14 0
768 2 20 0
2
42 187 
2
857 16 16 0
857 12 28 0
2
43 80 
2
769 18 14 0
769 24 28 0
2
42 190 
2
858 16 16 0
858 26 16 0
2
43 81 
2
770 18 14 0
770 6 6 0
2
42 192 
2
859 16 16 0
859 18 26 0
2
43 82 
2
771 18 14 0
771 28 22 0
2
42 193 
2
860 16 16 0
860 6 16 0
2
43 83 
2
772 18 14 0
772 10 4 0
2
42 194 
2
861 16 16 0
861 14 22 0
2
43 84 
2
773 18 14 0
773 28 24 0
2
42 195 
2
862 16 16 0
862 10 22 0
2
43 85 
2
774 18 14 0
774 30 20 0
2
42 196 
2
863 16 16 0
863 8 18 0
2
43 88 
2
775 18 14 0
775 12 4 0
2
42 197 
2
864 16 16 0
864 16 22 0
2
43 110 
2
776 18 14 0
776 6 20 0
2
42 198 
2
865 16 16 0
865 16 18 0
2
43 127 
2
777 18 14 0
777 12 18 0
2
42 199 
2
866 16 16 0
866 14 28 0
2
43 132 
2
778 18 14 0
778 8 16 0
2
42 200 
2
867 16 16 0
867 10 18 0
2
43 133 
2
779 18 14 0
779 10 12 0
2
42 201 
2
868 16 16 0
868 18 20 0
2
43 134 
2
780 18 14 0
780 16 30 0
2
42 202 
2
869 16 16 0
869 14 14 0
2
43 135 
2
781 18 14 0
781 10 26 0
2
42 203 
2
870 16 16 0
870 2 14 0
2
43 136 
2
782 18 14 0
782 16 26 0
2
42 204 
2
871 16 16 0
871 20 20 0
2
43 137 
2
783 18 14 0
783 16 28 0
2
42 205 
2
872 16 16 0
872 18 10 0
2
43 138 
2
784 18 14 0
784 10 20 0
2
42 206 
2
873 16 16 0
873 26 24 0
2
43 139 
2
785 18 14 0
785 12 26 0
2
42 207 
2
874 16 16 0
874 4 10 0
2
43 140 
2
786 18 14 0
786 14 18 0
2
42 208 
2
875 16 16 0
875 32 16 0
2
43 141 
2
787 18 14 0
787 14 20 0
2
42 209 
2
876 16 16 0
876 2 18 0
2
43 142 
2
788 18 14 0
788 8 12 0
2
40 42 
2
877 10 16 0
877 16 16 0
2
41 43 
2
789 20 12 0
789 18 14 0
2
42 165 
2
878 16 16 0
878 4 20 0
2
43 79 
2
790 18 14 0
790 2 20 0
2
42 187 
2
879 16 16 0
879 12 28 0
2
43 80 
2
791 18 14 0
791 24 28 0
2
42 190 
2
880 16 16 0
880 26 16 0
2
43 81 
2
792 18 14 0
792 6 6 0
2
42 192 
2
881 16 16 0
881 18 26 0
2
43 82 
2
793 18 14 0
793 28 22 0
2
42 193 
2
882 16 16 0
882 6 16 0
2
43 83 
2
794 18 14 0
794 10 4 0
2
42 194 
2
883 16 16 0
883 14 22 0
2
43 84 
2
795 18 14 0
795 28 24 0
2
42 195 
2
884 16 16 0
884 10 22 0
2
43 85 
2
796 18 14 0
796 30 20 0
2
42 196 
2
885 16 16 0
885 8 18 0
2
43 88 
2
797 18 14 0
797 12 4 0
2
42 197 
2
886 16 16 0
886 16 22 0
2
43 110 
2
798 18 14 0
798 6 20 0
2
42 198 
2
887 16 16 0
887 16 18 0
2
43 127 
2
799 18 14 0
799 12 18 0
2
42 199 
2
888 16 16 0
888 14 28 0
2
43 132 
2
800 18 14 0
800 8 16 0
2
42 200 
2
889 16 16 0
889 10 18 0
2
43 133 
2
801 18 14 0
801 10 12 0
2
42 201 
2
890 16 16 0
890 18 20 0
2
43 134 
2
802 18 14 0
802 16 30 0
2
42 202 
2
891 16 16 0
891 14 14 0
2
43 135 
2
803 18 14 0
803 10 26 0
2
42 203 
2
892 16 16 0
892 2 14 0
2
43 136 
2
804 18 14 0
804 16 26 0
2
42 204 
2
893 16 16 0
893 20 20 0
2
43 137 
2
805 18 14 0
805 16 28 0
2
42 205 
2
894 16 16 0
894 18 10 0
2
43 138 
2
806 18 14 0
806 10 20 0
2
42 206 
2
895 16 16 0
895 26 24 0
2
43 139 
2
807 18 14 0
807 12 26 0
2
42 207 
2
896 16 16 0
896 4 10 0
2
43 140 
2
808 18 14 0
808 14 18 0
2
42 208 
2
897 16 16 0
897 32 16 0
2
43 141 
2
809 18 14 0
809 14 20 0
2
42 209 
2
898 16 16 0
898 2 18 0
2
43 142 
2
810 18 14 0
810 8 12 0
2
20 40 
2
878 14 16 0
878 10 16 0
2
21 41 
2
790 20 14 0
790 20 12 0
2
18 38 
2
830 4 18 0
830 4 16 0
2
19 39 
2
760 20 8 0
760 22 8 0
2
16 36 
2
782 4 24 0
782 4 22 0
2
17 37 
2
730 26 4 0
730 24 4 0
2
14 34 
2
652 4 26 0
652 2 24 0
2
15 35 
2
600 26 2 0
600 28 2 0
2
32 34 
2
653 2 28 0
653 2 24 0
2
33 35 
2
601 32 2 0
601 28 2 0
2
36 36 
1
783 4 22 0
2
34 36 
2
784 2 24 0
784 4 22 0
2
36 36 
1
785 4 22 0
2
14 36 
2
786 4 26 0
786 4 22 0
2
36 36 
1
787 4 22 0
2
34 36 
2
788 2 24 0
788 4 22 0
2
36 36 
1
789 4 22 0
2
37 37 
1
731 24 4 0
2
35 37 
2
732 28 2 0
732 24 4 0
2
37 37 
1
733 24 4 0
2
15 37 
2
734 26 2 0
734 24 4 0
2
37 37 
1
735 24 4 0
2
35 37 
2
736 28 2 0
736 24 4 0
2
37 37 
1
737 24 4 0
2
38 38 
1
831 4 16 0
2
36 38 
2
832 4 22 0
832 4 16 0
2
38 38 
1
833 4 16 0
2
16 38 
2
834 4 24 0
834 4 16 0
2
38 38 
1
835 4 16 0
2
36 38 
2
836 4 22 0
836 4 16 0
2
38 38 
1
837 4 16 0
2
39 39 
1
761 22 8 0
2
37 39 
2
762 24 4 0
762 22 8 0
2
39 39 
1
763 22 8 0
2
17 39 
2
764 26 4 0
764 22 8 0
2
39 39 
1
765 22 8 0
2
37 39 
2
766 24 4 0
766 22 8 0
2
39 39 
1
767 22 8 0
2
40 40 
1
879 10 16 0
2
38 40 
2
880 4 16 0
880 10 16 0
2
40 40 
1
881 10 16 0
2
18 40 
2
882 4 18 0
882 10 16 0
2
40 40 
1
883 10 16 0
2
38 40 
2
884 4 16 0
884 10 16 0
2
40 40 
1
885 10 16 0
2
41 41 
1
791 20 12 0
2
39 41 
2
792 22 8 0
792 20 12 0
2
41 41 
1
793 20 12 0
2
19 41 
2
794 20 8 0
794 20 12 0
2
41 41 
1
795 20 12 0
2
39 41 
2
796 22 8 0
796 20 12 0
2
41 41 
1
797 20 12 0
2
42 42 
1
899 16 16 0
2
40 42 
2
900 10 16 0
900 16 16 0
2
42 42 
1
901 16 16 0
2
20 42 
2
902 14 16 0
902 16 16 0
2
42 42 
1
903 16 16 0
2
40 42 
2
904 10 16 0
904 16 16 0
2
42 42 
1
905 16 16 0
2
43 43 
1
811 18 14 0
2
41 43 
2
812 20 12 0
812 18 14 0
2
43 43 
1
813 18 14 0
2
21 43 
2
814 20 14 0
814 18 14 0
2
43 43 
1
815 18 14 0
2
41 43 
2
816 20 12 0
816 18 14 0
2
43 43 
1
817 18 14 0
2
42 148 
2
906 16 16 0
906 12 30 0
2
43 80 
2
818 18 14 0
818 24 28 0
2
42 165 
2
907 16 16 0
907 4 20 0
2
43 81 
2
819 18 14 0
819 6 6 0
2
42 187 
2
908 16 16 0
908 12 28 0
2
43 82 
2
820 18 14 0
820 28 22 0
2
42 190 
2
909 16 16 0
909 26 16 0
2
43 83 
2
821 18 14 0
821 10 4 0
2
42 192 
2
910 16 16 0
910 18 26 0
2
43 84 
2
822 18 14 0
822 28 24 0
2
42 193 
2
911 16 16 0
911 6 16 0
2
43 85 
2
823 18 14 0
823 30 20 0
2
42 194 
2
912 16 16 0
912 14 22 0
2
43 88 
2
824 18 14 0
824 12 4 0
2
42 195 
2
913 16 16 0
913 10 22 0
2
43 110 
2
825 18 14 0
825 6 20 0
2
42 196 
2
914 16 16 0
914 8 18 0
2
43 127 
2
826 18 14 0
826 12 18 0
2
42 197 
2
915 16 16 0
915 16 22 0
2
43 132 
2
827 18 14 0
827 8 16 0
2
42 198 
2
916 16 16 0
916 16 18 0
2
43 133 
2
828 18 14 0
828 10 12 0
2
42 199 
2
917 16 16 0
917 14 28 0
2
43 134 
2
829 18 14 0
829 16 30 0
2
42 200 
2
918 16 16 0
918 10 18 0
2
43 135 
2
830 18 14 0
830 10 26 0
2
42 201 
2
919 16 16 0
919 18 20 0
2
43 136 
2
831 18 14 0
831 16 26 0
2
42 202 
2
920 16 16 0
920 14 14 0
2
43 137 
2
832 18 14 0
832 16 28 0
2
42 203 
2
921 16 16 0
921 2 14 0
2
43 138 
2
833 18 14 0
833 10 20 0
2
42 204 
2
922 16 16 0
922 20 20 0
2
43 139 
2
834 18 14 0
834 12 26 0
2
42 205 
2
923 16 16 0
923 18 10 0
2
43 140 
2
835 18 14 0
835 14 18 0
2
42 206 
2
924 16 16 0
924 26 24 0
2
43 141 
2
836 18 14 0
836 14 20 0
2
43 142 
2
837 18 14 0
837 8 12 0
2
43 143 
2
838 18 14 0
838 22 24 0
2
40 42 
2
925 10 16 0
925 16 16 0
2
41 43 
2
839 20 12 0
839 18 14 0
2
42 148 
2
926 16 16 0
926 12 30 0
2
43 80 
2
840 18 14 0
840 24 28 0
2
42 165 
2
927 16 16 0
927 4 20 0
2
43 81 
2
841 18 14 0
841 6 6 0
2
42 187 
2
928 16 16 0
928 12 28 0
2
43 82 
2
842 18 14 0
842 28 22 0
2
42 190 
2
929 16 16 0
929 26 16 0
2
43 83 
2
843 18 14 0
843 10 4 0
2
42 192 
2
930 16 16 0
930 18 26 0
2
43 84 
2
844 18 14 0
844 28 24 0
2
42 193 
2
931 16 16 0
931 6 16 0
2
43 85 
2
845 18 14 0
845 30 20 0
2
42 194 
2
932 16 16 0
932 14 22 0
2
43 88 
2
846 18 14 0
846 12 4 0
2
42 195 
2
933 16 16 0
933 10 22 0
2
43 110 
2
847 18 14 0
847 6 20 0
2
42 196 
2
934 16 16 0
934 8 18 0
2
43 127 
2
848 18 14 0
848 12 18 0
2
42 197 
2
935 16 16 0
935 16 22 0
2
43 132 
2
849 18 14 0
849 8 16 0
2
42 198 
2
936 16 16 0
936 16 18 0
2
43 133 
2
850 18 14 0
850 10 12 0
2
42 199 
2
937 16 16 0
937 14 28 0
2
43 134 
2
851 18 14 0
851 16 30 0
2
42 200 
2
938 16 16 0
938 10 18 0
2
43 135 
2
852 18 14 0
852 10 26 0
2
42 201 
2
939 16 16 0
939 18 20 0
2
43 136 
2
853 18 14 0
853 16 26 0
2
42 202 
2
940 16 16 0
940 14 14 0
2
43 137 
2
854 18 14 0
854 16 28 0
2
42 203 
2
941 16 16 0
941 2 14 0
2
43 138 
2
855 18 14 0
855 10 20 0
2
42 204 
2
942 16 16 0
942 20 20 0
2
43 139 
2
856 18 14 0
856 12 26 0
2
42 205 
2
943 16 16 0
943 18 10 0
2
43 140 
2
857 18 14 0
857 14 18 0
2
42 206 
2
944 16 16 0
944 26 24 0
2
43 141 
2
858 18 14 0
858 14 20 0
2
43 142 
2
859 18 14 0
859 8 12 0
2
43 143 
2
860 18 14 0
860 22 24 0
2
20 40 
2
926 14 16 0
926 10 16 0
2
21 41 
2
840 20 14 0
840 20 12 0
2
38 40 
2
927 4 16 0
927 10 16 0
2
39 41 
2
841 22 8 0
841 20 12 0
2
42 42 
1
945 16 16 0
2
40 42 
2
946 10 16 0
946 16 16 0
2
42 42 
1
947 16 16 0
2
20 42 
2
948 14 16 0
948 16 16 0
2
42 42 
1
949 16 16 0
2
40 42 
2
950 10 16 0
950 16 16 0
2
42 42 
1
951 16 16 0
2
43 43 
1
861 18 14 0
2
41 43 
2
862 20 12 0
862 18 14 0
2
43 43 
1
863 18 14 0
2
21 43 
2
864 20 14 0
864 18 14 0
2
43 43 
1
865 18 14 0
2
41 43 
2
866 20 12 0
866 18 14 0
2
43 43 
1
867 18 14 0
2
42 165 
2
952 16 16 0
952 4 20 0
2
43 142 
2
868 18 14 0
868 8 12 0
2
42 187 
2
953 16 16 0
953 12 28 0
2
43 143 
2
869 18 14 0
869 22 24 0
2
42 190 
2
954 16 16 0
954 26 16 0
2
43 144 
2
870 18 14 0
870 24 18 0
2
42 192 
2
955 16 16 0
955 18 26 0
2
42 193 
2
956 16 16 0
956 6 16 0
2
42 194 
2
957 16 16 0
957 14 22 0
2
42 195 
2
958 16 16 0
958 10 22 0
2
42 196 
2
959 16 16 0
959 8 18 0
2
42 197 
2
960 16 16 0
960 16 22 0
2
42 198 
2
961 16 16 0
961 16 18 0
2
42 199 
2
962 16 16 0
962 14 28 0
2
42 200 
2
963 16 16 0
963 10 18 0
2
42 201 
2
964 16 16 0
964 18 20 0
2
42 202 
2
965 16 16 0
965 14 14 0
2
42 203 
2
966 16 16 0
966 2 14 0
2
42 204 
2
967 16 16 0
967 20 20 0
2
42 205 
2
968 16 16 0
968 18 10 0
2
42 206 
2
969 16 16 0
969 26 24 0
2
42 207 
2
970 16 16 0
970 4 10 0
2
40 42 
2
971 10 16 0
971 16 16 0
2
41 43 
2
871 20 12 0
871 18 14 0
2
42 165 
2
972 16 16 0
972 4 20 0
2
43 142 
2
872 18 14 0
872 8 12 0
2
42 187 
2
973 16 16 0
973 12 28 0
2
43 143 
2
873 18 14 0
873 22 24 0
2
42 190 
2
974 16 16 0
974 26 16 0
2
43 144 
2
874 18 14 0
874 24 18 0
2
42 192 
2
975 16 16 0
975 18 26 0
2
42 193 
2
976 16 16 0
976 6 16 0
2
42 194 
2
977 16 16 0
977 14 22 0
2
42 195 
2
978 16 16 0
978 10 22 0
2
42 196 
2
979 16 16 0
979 8 18 0
2
42 197 
2
980 16 16 0
980 16 22 0
2
42 198 
2
981 16 16 0
981 16 18 0
2
42 199 
2
982 16 16 0
982 14 28 0
2
42 200 
2
983 16 16 0
983 10 18 0
2
42 201 
2
984 16 16 0
984 18 20 0
2
42 202 
2
985 16 16 0
985 14 14 0
2
42 203 
2
986 16 16 0
986 2 14 0
2
42 204 
2
987 16 16 0
987 20 20 0
2
42 205 
2
988 16 16 0
988 18 10 0
2
42 206 
2
989 16 16 0
989 26 24 0
2
42 207 
2
990 16 16 0
990 4 10 0
2
20 40 
2
972 14 16 0
972 10 16 0
2
21 41 
2
872 20 14 0
872 20 12 0
2
18 38 
2
928 4 18 0
928 4 16 0
2
19 39 
2
842 20 8 0
842 22 8 0
2
36 38 
2
929 4 22 0
929 4 16 0
2
37 39 
2
843 24 4 0
843 22 8 0
2
40 40 
1
973 10 16 0
2
38 40 
2
974 4 16 0
974 10 16 0
2
40 40 
1
975 10 16 0
2
18 40 
2
976 4 18 0
976 10 16 0
2
40 40 
1
977 10 16 0
2
38 40 
2
978 4 16 0
978 10 16 0
2
40 40 
1
979 10 16 0
2
41 41 
1
873 20 12 0
2
39 41 
2
874 22 8 0
874 20 12 0
2
41 41 
1
875 20 12 0
2
19 41 
2
876 20 8 0
876 20 12 0
2
41 41 
1
877 20 12 0
2
39 41 
2
878 22 8 0
878 20 12 0
2
41 41 
1
879 20 12 0
2
42 42 
1
991 16 16 0
2
40 42 
2
992 10 16 0
992 16 16 0
2
42 42 
1
993 16 16 0
2
20 42 
2
994 14 16 0
994 16 16 0
2
42 42 
1
995 16 16 0
2
40 42 
2
996 10 16 0
996 16 16 0
2
42 42 
1
997 16 16 0
2
43 43 
1
875 18 14 0
2
41 43 
2
880 20 12 0
880 18 14 0
2
43 43 
1
881 18 14 0
2
21 43 
2
882 20 14 0
882 18 14 0
2
43 43 
1
883 18 14 0
2
41 43 
2
884 20 12 0
884 18 14 0
2
43 43 
1
885 18 14 0
2
42 187 
2
998 16 16 0
998 12 28 0
2
43 143 
2
886 18 14 0
886 22 24 0
2
42 190 
2
999 16 16 0
999 26 16 0
2
43 144 
2
887 18 14 0
887 24 18 0
2
42 192 
2
1000 16 16 0
1000 18 26 0
2
43 145 
2
888 18 14 0
888 22 10 0
2
40 42 
2
1001 10 16 0
1001 16 16 0
2
41 43 
2
889 20 12 0
889 18 14 0
2
42 187 
2
1002 16 16 0
1002 12 28 0
2
43 143 
2
890 18 14 0
890 22 24 0
2
42 190 
2
1003 16 16 0
1003 26 16 0
2
43 144 
2
891 18 14 0
891 24 18 0
2
42 192 
2
1004 16 16 0
1004 18 26 0
2
43 145 
2
892 18 14 0
892 22 10 0
2
20 40 
2
1002 14 16 0
1002 10 16 0
2
21 41 
2
890 20 14 0
890 20 12 0
2
38 40 
2
1003 4 16 0
1003 10 16 0
2
39 41 
2
891 22 8 0
891 20 12 0
2
42 42 
1
1005 16 16 0
2
40 42 
2
1006 10 16 0
1006 16 16 0
2
42 42 
1
1007 16 16 0
2
20 42 
2
1008 14 16 0
1008 16 16 0
2
42 42 
1
1009 16 16 0
2
40 42 
2
1010 10 16 0
1010 16 16 0
2
42 42 
1
1011 16 16 0
2
43 43 
1
893 18 14 0
2
41 43 
2
894 20 12 0
894 18 14 0
2
43 43 
1
895 18 14 0
2
21 43 
2
896 20 14 0
896 18 14 0
2
43 43 
1
897 18 14 0
2
41 43 
2
898 20 12 0
898 18 14 0
2
43 43 
1
899 18 14 0
2
42 190 
2
1012 16 16 0
1012 26 16 0
2
43 142 
2
900 18 14 0
900 8 12 0
2
42 192 
2
1013 16 16 0
1013 18 26 0
2
43 143 
2
901 18 14 0
901 22 24 0
2
42 193 
2
1014 16 16 0
1014 6 16 0
2
43 144 
2
902 18 14 0
902 24 18 0
2
43 145 
2
903 18 14 0
903 22 10 0
2
43 146 
2
904 18 14 0
904 30 12 0
2
43 147 
2
905 18 14 0
905 4 8 0
2
43 148 
2
927 18 14 0
927 12 30 0
2
43 165 
2
973 18 14 0
973 4 20 0
2
43 187 
2
1003 18 14 0
1003 12 28 0
2
43 190 
2
1013 18 14 0
1013 26 16 0
2
43 192 
2
1014 18 14 0
1014 18 26 0
2
43 193 
2
1015 18 14 0
1015 6 16 0
2
43 194 
2
1016 18 14 0
1016 14 22 0
2
43 195 
2
1017 18 14 0
1017 10 22 0
2
43 196 
2
1018 18 14 0
1018 8 18 0
2
43 197 
2
1019 18 14 0
1019 16 22 0
2
43 198 
2
1020 18 14 0
1020 16 18 0
2
43 199 
2
1021 18 14 0
1021 14 28 0
2
43 200 
2
1022 18 14 0
1022 10 18 0
2
43 201 
2
1023 18 14 0
1023 18 20 0
2
43 202 
2
1024 18 14 0
1024 14 14 0
2
40 42 
2
1015 10 16 0
1015 16 16 0
2
41 43 
2
1025 20 12 0
1025 18 14 0
2
42 190 
2
1016 16 16 0
1016 26 16 0
2
43 142 
2
1026 18 14 0
1026 8 12 0
2
42 192 
2
1017 16 16 0
1017 18 26 0
2
43 143 
2
1027 18 14 0
1027 22 24 0
2
42 193 
2
1018 16 16 0
1018 6 16 0
2
43 144 
2
1028 18 14 0
1028 24 18 0
2
43 145 
2
1029 18 14 0
1029 22 10 0
2
43 146 
2
1030 18 14 0
1030 30 12 0
2
43 147 
2
1031 18 14 0
1031 4 8 0
2
43 148 
2
1032 18 14 0
1032 12 30 0
2
43 165 
2
1033 18 14 0
1033 4 20 0
2
43 187 
2
1034 18 14 0
1034 12 28 0
2
43 190 
2
1035 18 14 0
1035 26 16 0
2
43 192 
2
1036 18 14 0
1036 18 26 0
2
43 193 
2
1037 18 14 0
1037 6 16 0
2
43 194 
2
1038 18 14 0
1038 14 22 0
2
43 195 
2
1039 18 14 0
1039 10 22 0
2
43 196 
2
1040 18 14 0
1040 8 18 0
2
43 197 
2
1041 18 14 0
1041 16 22 0
2
43 198 
2
1042 18 14 0
1042 16 18 0
2
43 199 
2
1043 18 14 0
1043 14 28 0
2
43 200 
2
1044 18 14 0
1044 10 18 0
2
43 201 
2
1045 18 14 0
1045 18 20 0
2
43 202 
2
1046 18 14 0
1046 14 14 0
2
20 40 
2
1016 14 16 0
1016 10 16 0
2
21 41 
2
1026 20 14 0
1026 20 12 0
2
18 38 
2
1004 4 18 0
1004 4 16 0
2
19 39 
2
892 20 8 0
892 22 8 0
2
16 36 
2
930 4 24 0
930 4 22 0
2
17 37 
2
844 26 4 0
844 24 4 0
2
34 36 
2
931 2 24 0
931 4 22 0
2
35 37 
2
845 28 2 0
845 24 4 0
2
38 38 
1
1005 4 16 0
2
36 38 
2
1006 4 22 0
1006 4 16 0
2
38 38 
1
1007 4 16 0
2
16 38 
2
1008 4 24 0
1008 4 16 0
2
38 38 
1
1009 4 16 0
2
36 38 
2
1010 4 22 0
1010 4 16 0
2
38 38 
1
1011 4 16 0
2
39 39 
1
893 22 8 0
2
37 39 
2
894 24 4 0
894 22 8 0
2
39 39 
1
895 22 8 0
2
17 39 
2
896 26 4 0
896 22 8 0
2
39 39 
1
897 22 8 0
2
37 39 
2
898 24 4 0
898 22 8 0
2
39 39 
1
899 22 8 0
2
40 40 
1
1017 10 16 0
2
38 40 
2
1018 4 16 0
1018 10 16 0
2
40 40 
1
1019 10 16 0
2
18 40 
2
1020 4 18 0
1020 10 16 0
2
40 40 
1
1021 10 16 0
2
38 40 
2
1022 4 16 0
1022 10 16 0
2
40 40 
1
1023 10 16 0
2
41 41 
1
1027 20 12 0
2
39 41 
2
1028 22 8 0
1028 20 12 0
2
41 41 
1
1029 20 12 0
2
19 41 
2
1030 20 8 0
1030 20 12 0
2
41 41 
1
1031 20 12 0
2
39 41 
2
1032 22 8 0
1032 20 12 0
2
41 41 
1
1033 20 12 0
2
42 42 
1
1019 16 16 0
2
40 42 
2
1024 10 16 0
1024 16 16 0
2
42 42 
1
1025 16 16 0
2
20 42 
2
1026 14 16 0
1026 16 16 0
2
42 42 
1
1027 16 16 0
2
40 42 
2
1028 10 16 0
1028 16 16 0
2
42 42 
1
1029 16 16 0
2
43 43 
1
1047 18 14 0
2
41 43 
2
1048 20 12 0
1048 18 14 0
2
43 43 
1
1049 18 14 0
2
21 43 
2
1050 20 14 0
1050 18 14 0
2
43 43 
1
1051 18 14 0
2
41 43 
2
1052 20 12 0
1052 18 14 0
2
43 43 
1
1053 18 14 0
2
42 187 
2
1035 16 16 0
1035 12 28 0
2
43 143 
2
1054 18 14 0
1054 22 24 0
2
42 190 
2
1036 16 16 0
1036 26 16 0
2
43 144 
2
1055 18 14 0
1055 24 18 0
2
42 192 
2
1037 16 16 0
1037 18 26 0
2
43 145 
2
1056 18 14 0
1056 22 10 0
2
42 193 
2
1038 16 16 0
1038 6 16 0
2
43 146 
2
1057 18 14 0
1057 30 12 0
2
42 194 
2
1039 16 16 0
1039 14 22 0
2
43 147 
2
1058 18 14 0
1058 4 8 0
2
42 195 
2
1040 16 16 0
1040 10 22 0
2
43 148 
2
1059 18 14 0
1059 12 30 0
2
42 196 
2
1041 16 16 0
1041 8 18 0
2
43 165 
2
1060 18 14 0
1060 4 20 0
2
42 197 
2
1042 16 16 0
1042 16 22 0
2
43 187 
2
1061 18 14 0
1061 12 28 0
2
42 198 
2
1043 16 16 0
1043 16 18 0
2
43 190 
2
1062 18 14 0
1062 26 16 0
2
42 199 
2
1044 16 16 0
1044 14 28 0
2
43 192 
2
1063 18 14 0
1063 18 26 0
2
42 200 
2
1045 16 16 0
1045 10 18 0
2
43 193 
2
1064 18 14 0
1064 6 16 0
2
42 201 
2
1046 16 16 0
1046 18 20 0
2
43 194 
2
1065 18 14 0
1065 14 22 0
2
42 202 
2
1047 16 16 0
1047 14 14 0
2
43 195 
2
1066 18 14 0
1066 10 22 0
2
42 203 
2
1048 16 16 0
1048 2 14 0
2
43 196 
2
1067 18 14 0
1067 8 18 0
2
42 204 
2
1049 16 16 0
1049 20 20 0
2
43 197 
2
1068 18 14 0
1068 16 22 0
2
42 205 
2
1050 16 16 0
1050 18 10 0
2
43 198 
2
1069 18 14 0
1069 16 18 0
2
42 206 
2
1051 16 16 0
1051 26 24 0
2
43 199 
2
1070 18 14 0
1070 14 28 0
2
42 207 
2
1052 16 16 0
1052 4 10 0
2
43 200 
2
1071 18 14 0
1071 10 18 0
2
42 208 
2
1053 16 16 0
1053 32 16 0
2
43 201 
2
1072 18 14 0
1072 18 20 0
2
42 209 
2
1054 16 16 0
1054 2 18 0
2
43 202 
2
1073 18 14 0
1073 14 14 0
2
42 210 
2
1055 16 16 0
1055 8 24 0
2
43 203 
2
1074 18 14 0
1074 2 14 0
2
40 42 
2
1056 10 16 0
1056 16 16 0
2
41 43 
2
1075 20 12 0
1075 18 14 0
2
42 187 
2
1062 16 16 0
1062 12 28 0
2
43 143 
2
1076 18 14 0
1076 22 24 0
2
42 190 
2
1063 16 16 0
1063 26 16 0
2
43 144 
2
1077 18 14 0
1077 24 18 0
2
42 192 
2
1064 16 16 0
1064 18 26 0
2
43 145 
2
1078 18 14 0
1078 22 10 0
2
42 193 
2
1065 16 16 0
1065 6 16 0
2
43 146 
2
1079 18 14 0
1079 30 12 0
2
42 194 
2
1066 16 16 0
1066 14 22 0
2
43 147 
2
1080 18 14 0
1080 4 8 0
2
42 195 
2
1067 16 16 0
1067 10 22 0
2
43 148 
2
1081 18 14 0
1081 12 30 0
2
42 196 
2
1068 16 16 0
1068 8 18 0
2
43 165 
2
1082 18 14 0
1082 4 20 0
2
42 197 
2
1069 16 16 0
1069 16 22 0
2
43 187 
2
1083 18 14 0
1083 12 28 0
2
42 198 
2
1070 16 16 0
1070 16 18 0
2
43 190 
2
1084 18 14 0
1084 26 16 0
2
42 199 
2
1071 16 16 0
1071 14 28 0
2
43 192 
2
1085 18 14 0
1085 18 26 0
2
42 200 
2
1072 16 16 0
1072 10 18 0
2
43 193 
2
1086 18 14 0
1086 6 16 0
2
42 201 
2
1073 16 16 0
1073 18 20 0
2
43 194 
2
1087 18 14 0
1087 14 22 0
2
42 202 
2
1074 16 16 0
1074 14 14 0
2
43 195 
2
1088 18 14 0
1088 10 22 0
2
42 203 
2
1075 16 16 0
1075 2 14 0
2
43 196 
2
1089 18 14 0
1089 8 18 0
2
42 204 
2
1076 16 16 0
1076 20 20 0
2
43 197 
2
1090 18 14 0
1090 16 22 0
2
42 205 
2
1077 16 16 0
1077 18 10 0
2
43 198 
2
1091 18 14 0
1091 16 18 0
2
42 206 
2
1078 16 16 0
1078 26 24 0
2
43 199 
2
1092 18 14 0
1092 14 28 0
2
42 207 
2
1079 16 16 0
1079 4 10 0
2
43 200 
2
1093 18 14 0
1093 10 18 0
2
42 208 
2
1080 16 16 0
1080 32 16 0
2
43 201 
2
1094 18 14 0
1094 18 20 0
2
42 209 
2
1081 16 16 0
1081 2 18 0
2
43 202 
2
1095 18 14 0
1095 14 14 0
2
42 210 
2
1082 16 16 0
1082 8 24 0
2
43 203 
2
1096 18 14 0
1096 2 14 0
2
20 40 
2
1057 14 16 0
1057 10 16 0
2
21 41 
2
1076 20 14 0
1076 20 12 0
2
38 40 
2
1058 4 16 0
1058 10 16 0
2
39 41 
2
1077 22 8 0
1077 20 12 0
2
42 42 
1
1083 16 16 0
2
40 42 
2
1084 10 16 0
1084 16 16 0
2
42 42 
1
1085 16 16 0
2
20 42 
2
1086 14 16 0
1086 16 16 0
2
42 42 
1
1087 16 16 0
2
40 42 
2
1088 10 16 0
1088 16 16 0
2
42 42 
1
1089 16 16 0
2
43 43 
1
1097 18 14 0
2
41 43 
2
1098 20 12 0
1098 18 14 0
2
43 43 
1
1099 18 14 0
2
21 43 
2
1100 20 14 0
1100 18 14 0
2
43 43 
1
1101 18 14 0
2
41 43 
2
1102 20 12 0
1102 18 14 0
2
43 43 
1
1103 18 14 0
2
42 190 
2
1090 16 16 0
1090 26 16 0
2
43 202 
2
1104 18 14 0
1104 14 14 0
2
42 192 
2
1091 16 16 0
1091 18 26 0
2
43 203 
2
1105 18 14 0
1105 2 14 0
2
42 193 
2
1092 16 16 0
1092 6 16 0
2
43 204 
2
1106 18 14 0
1106 20 20 0
2
42 194 
2
1093 16 16 0
1093 14 22 0
2
42 195 
2
1094 16 16 0
1094 10 22 0
2
42 196 
2
1095 16 16 0
1095 8 18 0
2
42 197 
2
1096 16 16 0
1096 16 22 0
2
42 198 
2
1097 16 16 0
1097 16 18 0
2
42 199 
2
1098 16 16 0
1098 14 28 0
2
42 200 
2
1099 16 16 0
1099 10 18 0
2
42 201 
2
1100 16 16 0
1100 18 20 0
2
42 202 
2
1105 16 16 0
1105 14 14 0
2
42 203 
2
1106 16 16 0
1106 2 14 0
2
42 204 
2
1107 16 16 0
1107 20 20 0
2
42 205 
2
1108 16 16 0
1108 18 10 0
2
42 206 
2
1109 16 16 0
1109 26 24 0
2
42 207 
2
1110 16 16 0
1110 4 10 0
2
42 208 
2
1111 16 16 0
1111 32 16 0
2
42 209 
2
1112 16 16 0
1112 2 18 0
2
42 210 
2
1113 16 16 0
1113 8 24 0
2
42 211 
2
1114 16 16 0
1114 6 18 0
2
40 42 
2
1115 10 16 0
1115 16 16 0
2
41 43 
2
1107 20 12 0
1107 18 14 0
2
42 190 
2
1116 16 16 0
1116 26 16 0
2
43 202 
2
1108 18 14 0
1108 14 14 0
2
42 192 
2
1117 16 16 0
1117 18 26 0
2
43 203 
2
1109 18 14 0
1109 2 14 0
2
42 193 
2
1118 16 16 0
1118 6 16 0
2
43 204 
2
1110 18 14 0
1110 20 20 0
2
42 194 
2
1119 16 16 0
1119 14 22 0
2
42 195 
2
1120 16 16 0
1120 10 22 0
2
42 196 
2
1121 16 16 0
1121 8 18 0
2
42 197 
2
1122 16 16 0
1122 16 22 0
2
42 198 
2
1123 16 16 0
1123 16 18 0
2
42 199 
2
1124 16 16 0
1124 14 28 0
2
42 200 
2
1125 16 16 0
1125 10 18 0
2
42 201 
2
1126 16 16 0
1126 18 20 0
2
42 202 
2
1127 16 16 0
1127 14 14 0
2
42 203 
2
1128 16 16 0
1128 2 14 0
2
42 204 
2
1129 16 16 0
1129 20 20 0
2
42 205 
2
1130 16 16 0
1130 18 10 0
2
42 206 
2
1131 16 16 0
1131 26 24 0
2
42 207 
2
1132 16 16 0
1132 4 10 0
2
42 208 
2
1133 16 16 0
1133 32 16 0
2
42 209 
2
1134 16 16 0
1134 2 18 0
2
42 210 
2
1135 16 16 0
1135 8 24 0
2
42 211 
2
1136 16 16 0
1136 6 18 0
2
20 40 
2
1116 14 16 0
1116 10 16 0
2
21 41 
2
1108 20 14 0
1108 20 12 0
2
18 38 
2
1059 4 18 0
1059 4 16 0
2
19 39 
2
1078 20 8 0
1078 22 8 0
2
36 38 
2
1060 4 22 0
1060 4 16 0
2
37 39 
2
1079 24 4 0
1079 22 8 0
2
40 40 
1
1117 10 16 0
2
38 40 
2
1118 4 16 0
1118 10 16 0
2
40 40 
1
1119 10 16 0
2
18 40 
2
1120 4 18 0
1120 10 16 0
2
40 40 
1
1121 10 16 0
2
38 40 
2
1122 4 16 0
1122 10 16 0
2
40 40 
1
1123 10 16 0
2
41 41 
1
1109 20 12 0
2
39 41 
2
1110 22 8 0
1110 20 12 0
2
41 41 
1
1111 20 12 0
2
19 41 
2
1112 20 8 0
1112 20 12 0
2
41 41 
1
1113 20 12 0
2
39 41 
2
1114 22 8 0
1114 20 12 0
2
41 41 
1
1115 20 12 0
2
42 42 
1
1137 16 16 0
2
40 42 
2
1138 10 16 0
1138 16 16 0
2
42 42 
1
1139 16 16 0
2
20 42 
2
1140 14 16 0
1140 16 16 0
2
42 42 
1
1141 16 16 0
2
40 42 
2
1142 10 16 0
1142 16 16 0
2
42 42 
1
1143 16 16 0
2
43 43 
1
1111 18 14 0
2
41 43 
2
1116 20 12 0
1116 18 14 0
2
43 43 
1
1117 18 14 0
2
21 43 
2
1118 20 14 0
1118 18 14 0
2
43 43 
1
1119 18 14 0
2
41 43 
2
1120 20 12 0
1120 18 14 0
2
43 43 
1
1121 18 14 0
2
42 208 
2
1144 16 16 0
1144 32 16 0
2
43 203 
2
1129 18 14 0
1129 2 14 0
2
42 209 
2
1145 16 16 0
1145 2 18 0
2
43 204 
2
1130 18 14 0
1130 20 20 0
2
42 210 
2
1146 16 16 0
1146 8 24 0
2
43 205 
2
1131 18 14 0
1131 18 10 0
2
40 42 
2
1147 10 16 0
1147 16 16 0
2
41 43 
2
1132 20 12 0
1132 18 14 0
2
42 208 
2
1148 16 16 0
1148 32 16 0
2
43 203 
2
1133 18 14 0
1133 2 14 0
2
42 209 
2
1149 16 16 0
1149 2 18 0
2
43 204 
2
1134 18 14 0
1134 20 20 0
2
42 210 
2
1150 16 16 0
1150 8 24 0
2
43 205 
2
1135 18 14 0
1135 18 10 0
2
20 40 
2
1148 14 16 0
1148 10 16 0
2
21 41 
2
1133 20 14 0
1133 20 12 0
2
38 40 
2
1149 4 16 0
1149 10 16 0
2
39 41 
2
1134 22 8 0
1134 20 12 0
2
42 42 
1
1151 16 16 0
2
40 42 
2
1152 10 16 0
1152 16 16 0
2
42 42 
1
1153 16 16 0
2
20 42 
2
1154 14 16 0
1154 16 16 0
2
42 42 
1
1155 16 16 0
2
40 42 
2
1156 10 16 0
1156 16 16 0
2
42 42 
1
1157 16 16 0
2
43 43 
1
1136 18 14 0
2
41 43 
2
1137 20 12 0
1137 18 14 0
2
43 43 
1
1138 18 14 0
2
21 43 
2
1139 20 14 0
1139 18 14 0
2
43 43 
1
1140 18 14 0
2
41 43 
2
1141 20 12 0
1141 18 14 0
2
43 43 
1
1142 18 14 0
2
42 209 
2
1158 16 16 0
1158 2 18 0
2
43 202 
2
1143 18 14 0
1143 14 14 0
2
42 210 
2
1159 16 16 0
1159 8 24 0
2
43 203 
2
1144 18 14 0
1144 2 14 0
2
42 211 
2
1160 16 16 0
1160 6 18 0
2
43 204 
2
1145 18 14 0
1145 20 20 0
2
43 205 
2
1146 18 14 0
1146 18 10 0
2
43 206 
2
1147 18 14 0
1147 26 24 0
2
43 207 
2
1148 18 14 0
1148 4 10 0
2
43 208 
2
1149 18 14 0
1149 32 16 0
2
43 209 
2
1159 18 14 0
1159 2 18 0
2
43 210 
2
1160 18 14 0
1160 8 24 0
2
43 211 
2
1161 18 14 0
1161 6 18 0
2
43 212 
2
1162 18 14 0
1162 16 24 0
2
43 213 
2
1163 18 14 0
1163 16 32 0
2
43 214 
2
1164 18 14 0
1164 12 20 0
2
43 215 
2
1165 18 14 0
1165 18 16 0
2
43 216 
2
1166 18 14 0
1166 8 20 0
2
43 217 
2
1167 18 14 0
1167 14 26 0
2
43 218 
2
1168 18 14 0
1168 10 24 0
2
43 219 
2
1169 18 14 0
1169 24 24 0
2
43 220 
2
1170 18 14 0
1170 12 24 0
2
43 221 
2
1171 18 14 0
1171 6 22 0
2
43 222 
2
1172 18 14 0
1172 6 14 0
2
40 42 
2
1161 10 16 0
1161 16 16 0
2
41 43 
2
1173 20 12 0
1173 18 14 0
2
42 209 
2
1162 16 16 0
1162 2 18 0
2
43 202 
2
1174 18 14 0
1174 14 14 0
2
42 210 
2
1163 16 16 0
1163 8 24 0
2
43 203 
2
1175 18 14 0
1175 2 14 0
2
42 211 
2
1164 16 16 0
1164 6 18 0
2
43 204 
2
1176 18 14 0
1176 20 20 0
2
43 205 
2
1177 18 14 0
1177 18 10 0
2
43 206 
2
1178 18 14 0
1178 26 24 0
2
43 207 
2
1179 18 14 0
1179 4 10 0
2
43 208 
2
1180 18 14 0
1180 32 16 0
2
43 209 
2
1181 18 14 0
1181 2 18 0
2
43 210 
2
1182 18 14 0
1182 8 24 0
2
43 211 
2
1183 18 14 0
1183 6 18 0
2
43 212 
2
1184 18 14 0
1184 16 24 0
2
43 213 
2
1185 18 14 0
1185 16 32 0
2
43 214 
2
1186 18 14 0
1186 12 20 0
2
43 215 
2
1187 18 14 0
1187 18 16 0
2
43 216 
2
1188 18 14 0
1188 8 20 0
2
43 217 
2
1189 18 14 0
1189 14 26 0
2
43 218 
2
1190 18 14 0
1190 10 24 0
2
43 219 
2
1191 18 14 0
1191 24 24 0
2
43 220 
2
1192 18 14 0
1192 12 24 0
2
43 221 
2
1193 18 14 0
1193 6 22 0
2
43 222 
2
1194 18 14 0
1194 6 14 0
2
20 40 
2
1162 14 16 0
1162 10 16 0
2
21 41 
2
1174 20 14 0
1174 20 12 0
2
18 38 
2
1150 4 18 0
1150 4 16 0
2
19 39 
2
1135 20 8 0
1135 22 8 0
2
16 36 
2
1061 4 24 0
1061 4 22 0
2
17 37 
2
1080 26 4 0
1080 24 4 0
2
14 34 
2
932 4 26 0
932 2 24 0
2
15 35 
2
846 26 2 0
846 28 2 0
2
12 32 
2
654 2 26 0
654 2 28 0
2
13 33 
2
602 30 2 0
602 32 2 0
2
10 30 
2
76 6 28 0
76 4 28 0
2
11 31 
2
76 32 4 0
76 32 6 0
2
28 30 
2
77 4 30 0
77 4 28 0
2
29 31 
2
77 32 26 0
77 32 6 0
2
32 32 
1
655 2 28 0
2
30 32 
2
656 4 28 0
656 2 28 0
2
32 32 
1
657 2 28 0
2
10 32 
2
658 6 28 0
658 2 28 0
2
32 32 
1
659 2 28 0
2
30 32 
2
660 4 28 0
660 2 28 0
2
32 32 
1
661 2 28 0
2
33 33 
1
603 32 2 0
2
31 33 
2
604 32 6 0
604 32 2 0
2
33 33 
1
605 32 2 0
2
11 33 
2
606 32 4 0
606 32 2 0
2
33 33 
1
607 32 2 0
2
31 33 
2
608 32 6 0
608 32 2 0
2
33 33 
1
609 32 2 0
2
34 34 
1
933 2 24 0
2
32 34 
2
934 2 28 0
934 2 24 0
2
34 34 
1
935 2 24 0
2
12 34 
2
936 2 26 0
936 2 24 0
2
34 34 
1
937 2 24 0
2
32 34 
2
938 2 28 0
938 2 24 0
2
34 34 
1
939 2 24 0
2
35 35 
1
847 28 2 0
2
33 35 
2
848 32 2 0
848 28 2 0
2
35 35 
1
849 28 2 0
2
13 35 
2
850 30 2 0
850 28 2 0
2
35 35 
1
851 28 2 0
2
33 35 
2
852 32 2 0
852 28 2 0
2
35 35 
1
853 28 2 0
2
36 36 
1
1062 4 22 0
2
34 36 
2
1063 2 24 0
1063 4 22 0
2
36 36 
1
1064 4 22 0
2
14 36 
2
1065 4 26 0
1065 4 22 0
2
36 36 
1
1066 4 22 0
2
34 36 
2
1067 2 24 0
1067 4 22 0
2
36 36 
1
1068 4 22 0
2
37 37 
1
1081 24 4 0
2
35 37 
2
1082 28 2 0
1082 24 4 0
2
37 37 
1
1083 24 4 0
2
15 37 
2
1084 26 2 0
1084 24 4 0
2
37 37 
1
1085 24 4 0
2
35 37 
2
1086 28 2 0
1086 24 4 0
2
37 37 
1
1087 24 4 0
2
38 38 
1
1151 4 16 0
2
36 38 
2
1152 4 22 0
1152 4 16 0
2
38 38 
1
1153 4 16 0
2
16 38 
2
1154 4 24 0
1154 4 16 0
2
38 38 
1
1155 4 16 0
2
36 38 
2
1156 4 22 0
1156 4 16 0
2
38 38 
1
1157 4 16 0
2
39 39 
1
1136 22 8 0
2
37 39 
2
1137 24 4 0
1137 22 8 0
2
39 39 
1
1138 22 8 0
2
17 39 
2
1139 26 4 0
1139 22 8 0
2
39 39 
1
1140 22 8 0
2
37 39 
2
1141 24 4 0
1141 22 8 0
2
39 39 
1
1142 22 8 0
2
40 40 
1
1163 10 16 0
2
38 40 
2
1164 4 16 0
1164 10 16 0
2
40 40 
1
1165 10 16 0
2
18 40 
2
1166 4 18 0
1166 10 16 0
2
40 40 
1
1167 10 16 0
2
38 40 
2
1168 4 16 0
1168 10 16 0
2
40 40 
1
1169 10 16 0
2
41 41 
1
1175 20 12 0
2
39 41 
2
1176 22 8 0
1176 20 12 0
2
41 41 
1
1177 20 12 0
2
19 41 
2
1178 20 8 0
1178 20 12 0
2
41 41 
1
1179 20 12 0
2
39 41 
2
1180 22 8 0
1180 20 12 0
2
41 41 
1
1181 20 12 0
2
42 42 
1
1165 16 16 0
2
40 42 
2
1170 10 16 0
1170 16 16 0
2
42 42 
1
1171 16 16 0
2
20 42 
2
1172 14 16 0
1172 16 16 0
2
42 42 
1
1173 16 16 0
2
40 42 
2
1174 10 16 0
1174 16 16 0
2
42 42 
1
1175 16 16 0
2
43 43 
1
1195 18 14 0
2
41 43 
2
1196 20 12 0
1196 18 14 0
2
43 43 
1
1197 18 14 0
2
21 43 
2
1198 20 14 0
1198 18 14 0
2
43 43 
1
1199 18 14 0
2
41 43 
2
1200 20 12 0
1200 18 14 0
2
43 43 
1
1201 18 14 0
2
42 208 
2
1181 16 16 0
1181 32 16 0
2
43 203 
2
1202 18 14 0
1202 2 14 0
2
42 209 
2
1182 16 16 0
1182 2 18 0
2
43 204 
2
1203 18 14 0
1203 20 20 0
2
42 210 
2
1183 16 16 0
1183 8 24 0
2
43 205 
2
1204 18 14 0
1204 18 10 0
2
42 211 
2
1184 16 16 0
1184 6 18 0
2
43 206 
2
1205 18 14 0
1205 26 24 0
2
42 212 
2
1185 16 16 0
1185 16 24 0
2
43 207 
2
1206 18 14 0
1206 4 10 0
2
42 213 
2
1186 16 16 0
1186 16 32 0
2
43 208 
2
1207 18 14 0
1207 32 16 0
2
42 214 
2
1187 16 16 0
1187 12 20 0
2
43 209 
2
1208 18 14 0
1208 2 18 0
2
42 215 
2
1188 16 16 0
1188 18 16 0
2
43 210 
2
1209 18 14 0
1209 8 24 0
2
42 216 
2
1189 16 16 0
1189 8 20 0
2
43 211 
2
1210 18 14 0
1210 6 18 0
2
42 217 
2
1190 16 16 0
1190 14 26 0
2
43 212 
2
1211 18 14 0
1211 16 24 0
2
42 218 
2
1191 16 16 0
1191 10 24 0
2
43 213 
2
1212 18 14 0
1212 16 32 0
2
42 219 
2
1192 16 16 0
1192 24 24 0
2
43 214 
2
1213 18 14 0
1213 12 20 0
2
42 220 
2
1193 16 16 0
1193 12 24 0
2
43 215 
2
1214 18 14 0
1214 18 16 0
2
42 221 
2
1194 16 16 0
1194 6 22 0
2
43 216 
2
1215 18 14 0
1215 8 20 0
2
42 222 
2
1195 16 16 0
1195 6 14 0
2
43 217 
2
1216 18 14 0
1216 14 26 0
2
42 223 
2
1196 16 16 0
1196 14 12 0
2
43 218 
2
1217 18 14 0
1217 10 24 0
2
42 224 
2
1197 16 16 0
1197 24 12 0
2
43 219 
2
1218 18 14 0
1218 24 24 0
2
42 225 
2
1198 16 16 0
1198 20 18 0
2
43 220 
2
1219 18 14 0
1219 12 24 0
2
42 226 
2
1199 16 16 0
1199 18 32 0
2
43 221 
2
1220 18 14 0
1220 6 22 0
2
42 227 
2
1200 16 16 0
1200 2 12 0
2
43 222 
2
1221 18 14 0
1221 6 14 0
2
42 228 
2
1201 16 16 0
1201 12 2 0
2
43 223 
2
1222 18 14 0
1222 14 12 0
2
40 42 
2
1202 10 16 0
1202 16 16 0
2
41 43 
2
1223 20 12 0
1223 18 14 0
2
42 208 
2
1208 16 16 0
1208 32 16 0
2
43 203 
2
1224 18 14 0
1224 2 14 0
2
42 209 
2
1209 16 16 0
1209 2 18 0
2
43 204 
2
1225 18 14 0
1225 20 20 0
2
42 210 
2
1210 16 16 0
1210 8 24 0
2
43 205 
2
1226 18 14 0
1226 18 10 0
2
42 211 
2
1211 16 16 0
1211 6 18 0
2
43 206 
2
1227 18 14 0
1227 26 24 0
2
42 212 
2
1212 16 16 0
1212 16 24 0
2
43 207 
2
1228 18 14 0
1228 4 10 0
2
42 213 
2
1213 16 16 0
1213 16 32 0
2
43 208 
2
1229 18 14 0
1229 32 16 0
2
42 214 
2
1214 16 16 0
1214 12 20 0
2
43 209 
2
1230 18 14 0
1230 2 18 0
2
42 215 
2
1215 16 16 0
1215 18 16 0
2
43 210 
2
1231 18 14 0
1231 8 24 0
2
42 216 
2
1216 16 16 0
1216 8 20 0
2
43 211 
2
1232 18 14 0
1232 6 18 0
2
42 217 
2
1217 16 16 0
1217 14 26 0
2
43 212 
2
1233 18 14 0
1233 16 24 0
2
42 218 
2
1218 16 16 0
1218 10 24 0
2
43 213 
2
1234 18 14 0
1234 16 32 0
2
42 219 
2
1219 16 16 0
1219 24 24 0
2
43 214 
2
1235 18 14 0
1235 12 20 0
2
42 220 
2
1220 16 16 0
1220 12 24 0
2
43 215 
2
1236 18 14 0
1236 18 16 0
2
42 221 
2
1221 16 16 0
1221 6 22 0
2
43 216 
2
1237 18 14 0
1237 8 20 0
2
42 222 
2
1222 16 16 0
1222 6 14 0
2
43 217 
2
1238 18 14 0
1238 14 26 0
2
42 223 
2
1223 16 16 0
1223 14 12 0
2
43 218 
2
1239 18 14 0
1239 10 24 0
2
42 224 
2
1224 16 16 0
1224 24 12 0
2
43 219 
2
1240 18 14 0
1240 24 24 0
2
42 225 
2
1225 16 16 0
1225 20 18 0
2
43 220 
2
1241 18 14 0
1241 12 24 0
2
42 226 
2
1226 16 16 0
1226 18 32 0
2
43 221 
2
1242 18 14 0
1242 6 22 0
2
42 227 
2
1227 16 16 0
1227 2 12 0
2
43 222 
2
1243 18 14 0
1243 6 14 0
2
42 228 
2
1228 16 16 0
1228 12 2 0
2
43 223 
2
1244 18 14 0
1244 14 12 0
2
20 40 
2
1203 14 16 0
1203 10 16 0
2
21 41 
2
1224 20 14 0
1224 20 12 0
2
38 40 
2
1204 4 16 0
1204 10 16 0
2
39 41 
2
1225 22 8 0
1225 20 12 0
2
42 42 
1
1229 16 16 0
2
40 42 
2
1230 10 16 0
1230 16 16 0
2
42 42 
1
1231 16 16 0
2
20 42 
2
1232 14 16 0
1232 16 16 0
2
42 42 
1
1233 16 16 0
2
40 42 
2
1234 10 16 0
1234 16 16 0
2
42 42 
1
1235 16 16 0
2
43 43 
1
1245 18 14 0
2
41 43 
2
1246 20 12 0
1246 18 14 0
2
43 43 
1
1247 18 14 0
2
21 43 
2
1248 20 14 0
1248 18 14 0
2
43 43 
1
1249 18 14 0
2
41 43 
2
1250 20 12 0
1250 18 14 0
2
43 43 
1
1251 18 14 0
2
42 209 
2
1236 16 16 0
1236 2 18 0
2
43 222 
2
1252 18 14 0
1252 6 14 0
2
42 210 
2
1237 16 16 0
1237 8 24 0
2
43 223 
2
1253 18 14 0
1253 14 12 0
2
42 211 
2
1238 16 16 0
1238 6 18 0
2
43 224 
2
1254 18 14 0
1254 24 12 0
2
42 212 
2
1239 16 16 0
1239 16 24 0
2
42 213 
2
1240 16 16 0
1240 16 32 0
2
42 214 
2
1241 16 16 0
1241 12 20 0
2
42 215 
2
1242 16 16 0
1242 18 16 0
2
42 216 
2
1243 16 16 0
1243 8 20 0
2
42 217 
2
1244 16 16 0
1244 14 26 0
2
42 218 
2
1245 16 16 0
1245 10 24 0
2
42 219 
2
1246 16 16 0
1246 24 24 0
2
42 220 
2
1247 16 16 0
1247 12 24 0
2
42 221 
2
1248 16 16 0
1248 6 22 0
2
42 222 
2
1253 16 16 0
1253 6 14 0
2
42 223 
2
1254 16 16 0
1254 14 12 0
2
42 224 
2
1255 16 16 0
1255 24 12 0
2
42 225 
2
1256 16 16 0
1256 20 18 0
2
42 226 
2
1257 16 16 0
1257 18 32 0
2
42 227 
2
1258 16 16 0
1258 2 12 0
2
42 228 
2
1259 16 16 0
1259 12 2 0
2
42 229 
2
1260 16 16 0
1260 2 16 0
2
40 42 
2
1261 10 16 0
1261 16 16 0
2
41 43 
2
1255 20 12 0
1255 18 14 0
2
42 209 
2
1262 16 16 0
1262 2 18 0
2
43 222 
2
1256 18 14 0
1256 6 14 0
2
42 210 
2
1263 16 16 0
1263 8 24 0
2
43 223 
2
1257 18 14 0
1257 14 12 0
2
42 211 
2
1264 16 16 0
1264 6 18 0
2
43 224 
2
1258 18 14 0
1258 24 12 0
2
42 212 
2
1265 16 16 0
1265 16 24 0
2
42 213 
2
1266 16 16 0
1266 16 32 0
2
42 214 
2
1267 16 16 0
1267 12 20 0
2
42 215 
2
1268 16 16 0
1268 18 16 0
2
42 216 
2
1269 16 16 0
1269 8 20 0
2
42 217 
2
1270 16 16 0
1270 14 26 0
2
42 218 
2
1271 16 16 0
1271 10 24 0
2
42 219 
2
1272 16 16 0
1272 24 24 0
2
42 220 
2
1273 16 16 0
1273 12 24 0
2
42 221 
2
1274 16 16 0
1274 6 22 0
2
42 222 
2
1275 16 16 0
1275 6 14 0
2
42 223 
2
1276 16 16 0
1276 14 12 0
2
42 224 
2
1277 16 16 0
1277 24 12 0
2
42 225 
2
1278 16 16 0
1278 20 18 0
2
42 226 
2
1279 16 16 0
1279 18 32 0
2
42 227 
2
1280 16 16 0
1280 2 12 0
2
42 228 
2
1281 16 16 0
1281 12 2 0
2
42 229 
2
1282 16 16 0
1282 2 16 0
2
20 40 
2
1262 14 16 0
1262 10 16 0
2
21 41 
2
1256 20 14 0
1256 20 12 0
2
18 38 
2
1205 4 18 0
1205 4 16 0
2
19 39 
2
1226 20 8 0
1226 22 8 0
2
36 38 
2
1206 4 22 0
1206 4 16 0
2
37 39 
2
1227 24 4 0
1227 22 8 0
2
40 40 
1
1263 10 16 0
2
38 40 
2
1264 4 16 0
1264 10 16 0
2
40 40 
1
1265 10 16 0
2
18 40 
2
1266 4 18 0
1266 10 16 0
2
40 40 
1
1267 10 16 0
2
38 40 
2
1268 4 16 0
1268 10 16 0
2
40 40 
1
1269 10 16 0
2
41 41 
1
1257 20 12 0
2
39 41 
2
1258 22 8 0
1258 20 12 0
2
41 41 
1
1259 20 12 0
2
19 41 
2
1260 20 8 0
1260 20 12 0
2
41 41 
1
1261 20 12 0
2
39 41 
2
1262 22 8 0
1262 20 12 0
2
41 41 
1
1263 20 12 0
2
42 42 
1
1283 16 16 0
2
40 42 
2
1284 10 16 0
1284 16 16 0
2
42 42 
1
1285 16 16 0
2
20 42 
2
1286 14 16 0
1286 16 16 0
2
42 42 
1
1287 16 16 0
2
40 42 
2
1288 10 16 0
1288 16 16 0
2
42 42 
1
1289 16 16 0
2
43 43 
1
1259 18 14 0
2
41 43 
2
1264 20 12 0
1264 18 14 0
2
43 43 
1
1265 18 14 0
2
21 43 
2
1266 20 14 0
1266 18 14 0
2
43 43 
1
1267 18 14 0
2
41 43 
2
1268 20 12 0
1268 18 14 0
2
43 43 
1
1269 18 14 0
2
42 208 
2
1290 16 16 0
1290 32 16 0
2
43 223 
2
1277 18 14 0
1277 14 12 0
2
42 209 
2
1291 16 16 0
1291 2 18 0
2
43 224 
2
1278 18 14 0
1278 24 12 0
2
42 210 
2
1292 16 16 0
1292 8 24 0
2
43 225 
2
1279 18 14 0
1279 20 18 0
2
42 211 
2
1293 16 16 0
1293 6 18 0
2
42 212 
2
1294 16 16 0
1294 16 24 0
2
42 213 
2
1295 16 16 0
1295 16 32 0
2
42 214 
2
1296 16 16 0
1296 12 20 0
2
42 215 
2
1297 16 16 0
1297 18 16 0
2
42 216 
2
1298 16 16 0
1298 8 20 0
2
42 217 
2
1299 16 16 0
1299 14 26 0
2
42 218 
2
1300 16 16 0
1300 10 24 0
2
42 219 
2
1301 16 16 0
1301 24 24 0
2
42 220 
2
1302 16 16 0
1302 12 24 0
2
42 221 
2
1303 16 16 0
1303 6 22 0
2
42 222 
2
1304 16 16 0
1304 6 14 0
2
42 223 
2
1305 16 16 0
1305 14 12 0
2
42 224 
2
1306 16 16 0
1306 24 12 0
2
42 225 
2
1307 16 16 0
1307 20 18 0
2
42 226 
2
1308 16 16 0
1308 18 32 0
2
40 42 
2
1309 10 16 0
1309 16 16 0
2
41 43 
2
1280 20 12 0
1280 18 14 0
2
42 208 
2
1310 16 16 0
1310 32 16 0
2
43 223 
2
1306 18 14 0
1306 14 12 0
2
42 209 
2
1311 16 16 0
1311 2 18 0
2
43 224 
2
1307 18 14 0
1307 24 12 0
2
42 210 
2
1312 16 16 0
1312 8 24 0
2
43 225 
2
1308 18 14 0
1308 20 18 0
2
42 211 
2
1313 16 16 0
1313 6 18 0
2
42 212 
2
1314 16 16 0
1314 16 24 0
2
42 213 
2
1315 16 16 0
1315 16 32 0
2
42 214 
2
1316 16 16 0
1316 12 20 0
2
42 215 
2
1317 16 16 0
1317 18 16 0
2
42 216 
2
1318 16 16 0
1318 8 20 0
2
42 217 
2
1319 16 16 0
1319 14 26 0
2
42 218 
2
1320 16 16 0
1320 10 24 0
2
42 219 
2
1321 16 16 0
1321 24 24 0
2
42 220 
2
1322 16 16 0
1322 12 24 0
2
42 221 
2
1323 16 16 0
1323 6 22 0
2
42 222 
2
1324 16 16 0
1324 6 14 0
2
42 223 
2
1325 16 16 0
1325 14 12 0
2
42 224 
2
1326 16 16 0
1326 24 12 0
2
42 225 
2
1327 16 16 0
1327 20 18 0
2
42 226 
2
1328 16 16 0
1328 18 32 0
2
20 40 
2
1310 14 16 0
1310 10 16 0
2
21 41 
2
1281 20 14 0
1281 20 12 0
2
38 40 
2
1311 4 16 0
1311 10 16 0
2
39 41 
2
1282 22 8 0
1282 20 12 0
2
42 42 
1
1329 16 16 0
2
40 42 
2
1330 10 16 0
1330 16 16 0
2
42 42 
1
1331 16 16 0
2
20 42 
2
1332 14 16 0
1332 16 16 0
2
42 42 
1
1333 16 16 0
2
40 42 
2
1334 10 16 0
1334 16 16 0
2
42 42 
1
1335 16 16 0
2
43 43 
1
1309 18 14 0
2
41 43 
2
1310 20 12 0
1310 18 14 0
2
43 43 
1
1311 18 14 0
2
21 43 
2
1312 20 14 0
1312 18 14 0
2
43 43 
1
1313 18 14 0
2
41 43 
2
1314 20 12 0
1314 18 14 0
2
43 43 
1
1315 18 14 0
2
42 209 
2
1336 16 16 0
1336 2 18 0
2
43 222 
2
1325 18 14 0
1325 6 14 0
2
42 210 
2
1337 16 16 0
1337 8 24 0
2
43 223 
2
1326 18 14 0
1326 14 12 0
2
42 211 
2
1338 16 16 0
1338 6 18 0
2
43 224 
2
1327 18 14 0
1327 24 12 0
2
42 212 
2
1339 16 16 0
1339 16 24 0
2
43 225 
2
1328 18 14 0
1328 20 18 0
2
42 213 
2
1340 16 16 0
1340 16 32 0
2
43 226 
2
1329 18 14 0
1329 18 32 0
2
42 214 
2
1341 16 16 0
1341 12 20 0
2
43 227 
2
1330 18 14 0
1330 2 12 0
2
42 215 
2
1342 16 16 0
1342 18 16 0
2
43 228 
2
1331 18 14 0
1331 12 2 0
2
42 216 
2
1343 16 16 0
1343 8 20 0
2
43 229 
2
1332 18 14 0
1332 2 16 0
2
42 217 
2
1344 16 16 0
1344 14 26 0
2
43 230 
2
1333 18 14 0
1333 10 8 0
2
42 218 
2
1345 16 16 0
1345 10 24 0
2
43 231 
2
1334 18 14 0
1334 14 30 0
2
42 219 
2
1346 16 16 0
1346 24 24 0
2
43 232 
2
1335 18 14 0
1335 26 22 0
2
42 220 
2
1347 16 16 0
1347 12 24 0
2
43 233 
2
1336 18 14 0
1336 8 22 0
2
42 221 
2
1348 16 16 0
1348 6 22 0
2
43 234 
2
1337 18 14 0
1337 12 22 0
2
42 222 
2
1349 16 16 0
1349 6 14 0
2
43 235 
2
1338 18 14 0
1338 14 24 0
2
42 223 
2
1350 16 16 0
1350 14 12 0
2
43 236 
2
1339 18 14 0
1339 8 10 0
2
42 224 
2
1351 16 16 0
1351 24 12 0
2
43 237 
2
1340 18 14 0
1340 20 28 0
2
42 225 
2
1352 16 16 0
1352 20 18 0
2
43 238 
2
1341 18 14 0
1341 14 10 0
2
42 226 
2
1353 16 16 0
1353 18 32 0
2
43 239 
2
1342 18 14 0
1342 16 20 0
2
42 227 
2
1354 16 16 0
1354 2 12 0
2
43 50 
2
1343 18 14 0
1343 4 12 0
2
43 45 
2
1344 18 14 0
1344 16 2 0
2
43 47 
2
1345 18 14 0
1345 26 12 0
2
40 42 
2
1355 10 16 0
1355 16 16 0
2
41 43 
2
1346 20 12 0
1346 18 14 0
2
42 209 
2
1356 16 16 0
1356 2 18 0
2
43 222 
2
1350 18 14 0
1350 6 14 0
2
42 210 
2
1357 16 16 0
1357 8 24 0
2
43 223 
2
1351 18 14 0
1351 14 12 0
2
42 211 
2
1358 16 16 0
1358 6 18 0
2
43 224 
2
1352 18 14 0
1352 24 12 0
2
42 212 
2
1359 16 16 0
1359 16 24 0
2
43 225 
2
1353 18 14 0
1353 20 18 0
2
42 213 
2
1360 16 16 0
1360 16 32 0
2
43 226 
2
1354 18 14 0
1354 18 32 0
2
42 214 
2
1361 16 16 0
1361 12 20 0
2
43 227 
2
1355 18 14 0
1355 2 12 0
2
42 215 
2
1362 16 16 0
1362 18 16 0
2
43 228 
2
1356 18 14 0
1356 12 2 0
2
42 216 
2
1363 16 16 0
1363 8 20 0
2
43 229 
2
1357 18 14 0
1357 2 16 0
2
42 217 
2
1364 16 16 0
1364 14 26 0
2
43 230 
2
1358 18 14 0
1358 10 8 0
2
42 218 
2
1365 16 16 0
1365 10 24 0
2
43 231 
2
1359 18 14 0
1359 14 30 0
2
42 219 
2
1366 16 16 0
1366 24 24 0
2
43 232 
2
1360 18 14 0
1360 26 22 0
2
42 220 
2
1367 16 16 0
1367 12 24 0
2
43 233 
2
1361 18 14 0
1361 8 22 0
2
42 221 
2
1368 16 16 0
1368 6 22 0
2
43 234 
2
1362 18 14 0
1362 12 22 0
2
42 222 
2
1369 16 16 0
1369 6 14 0
2
43 235 
2
1363 18 14 0
1363 14 24 0
2
42 223 
2
1370 16 16 0
1370 14 12 0
2
43 236 
2
1364 18 14 0
1364 8 10 0
2
42 224 
2
1371 16 16 0
1371 24 12 0
2
43 237 
2
1365 18 14 0
1365 20 28 0
2
42 225 
2
1372 16 16 0
1372 20 18 0
2
43 238 
2
1366 18 14 0
1366 14 10 0
2
42 226 
2
1373 16 16 0
1373 18 32 0
2
43 239 
2
1367 18 14 0
1367 16 20 0
2
42 227 
2
1374 16 16 0
1374 2 12 0
2
43 50 
2
1368 18 14 0
1368 4 12 0
2
43 45 
2
1369 18 14 0
1369 16 2 0
2
43 47 
2
1370 18 14 0
1370 26 12 0
2
20 40 
2
1356 14 16 0
1356 10 16 0
2
21 41 
2
1347 20 14 0
1347 20 12 0
2
18 38 
2
1312 4 18 0
1312 4 16 0
2
19 39 
2
1283 20 8 0
1283 22 8 0
2
16 36 
2
1207 4 24 0
1207 4 22 0
2
17 37 
2
1228 26 4 0
1228 24 4 0
2
34 36 
2
1208 2 24 0
1208 4 22 0
2
35 37 
2
1229 28 2 0
1229 24 4 0
2
38 38 
1
1313 4 16 0
2
36 38 
2
1314 4 22 0
1314 4 16 0
2
38 38 
1
1315 4 16 0
2
16 38 
2
1316 4 24 0
1316 4 16 0
2
38 38 
1
1317 4 16 0
2
36 38 
2
1318 4 22 0
1318 4 16 0
2
38 38 
1
1319 4 16 0
2
39 39 
1
1284 22 8 0
2
37 39 
2
1285 24 4 0
1285 22 8 0
2
39 39 
1
1286 22 8 0
2
17 39 
2
1287 26 4 0
1287 22 8 0
2
39 39 
1
1288 22 8 0
2
37 39 
2
1289 24 4 0
1289 22 8 0
2
39 39 
1
1290 22 8 0
2
40 40 
1
1357 10 16 0
2
38 40 
2
1358 4 16 0
1358 10 16 0
2
40 40 
1
1359 10 16 0
2
18 40 
2
1360 4 18 0
1360 10 16 0
2
40 40 
1
1361 10 16 0
2
38 40 
2
1362 4 16 0
1362 10 16 0
2
40 40 
1
1363 10 16 0
2
41 41 
1
1348 20 12 0
2
39 41 
2
1349 22 8 0
1349 20 12 0
2
41 41 
1
1350 20 12 0
2
19 41 
2
1351 20 8 0
1351 20 12 0
2
41 41 
1
1352 20 12 0
2
39 41 
2
1353 22 8 0
1353 20 12 0
2
41 41 
1
1354 20 12 0
2
42 42 
1
1375 16 16 0
2
40 42 
2
1376 10 16 0
1376 16 16 0
2
42 42 
1
1377 16 16 0
2
20 42 
2
1378 14 16 0
1378 16 16 0
2
42 42 
1
1379 16 16 0
2
40 42 
2
1380 10 16 0
1380 16 16 0
2
42 42 
1
1381 16 16 0
2
43 43 
1
1371 18 14 0
2
41 43 
2
1372 20 12 0
1372 18 14 0
2
43 43 
1
1373 18 14 0
2
21 43 
2
1374 20 14 0
1374 18 14 0
2
43 43 
1
1375 18 14 0
2
41 43 
2
1376 20 12 0
1376 18 14 0
2
43 43 
1
1377 18 14 0
2
42 210 
2
1382 16 16 0
1382 8 24 0
2
43 223 
2
1378 18 14 0
1378 14 12 0
2
42 211 
2
1383 16 16 0
1383 6 18 0
2
43 224 
2
1379 18 14 0
1379 24 12 0
2
42 212 
2
1384 16 16 0
1384 16 24 0
2
43 225 
2
1380 18 14 0
1380 20 18 0
2
43 226 
2
1381 18 14 0
1381 18 32 0
2
43 227 
2
1382 18 14 0
1382 2 12 0
2
43 228 
2
1383 18 14 0
1383 12 2 0
2
43 229 
2
1384 18 14 0
1384 2 16 0
2
43 230 
2
1385 18 14 0
1385 10 8 0
2
43 231 
2
1386 18 14 0
1386 14 30 0
2
43 232 
2
1387 18 14 0
1387 26 22 0
2
43 233 
2
1388 18 14 0
1388 8 22 0
2
43 234 
2
1389 18 14 0
1389 12 22 0
2
43 235 
2
1390 18 14 0
1390 14 24 0
2
43 236 
2
1391 18 14 0
1391 8 10 0
2
43 237 
2
1392 18 14 0
1392 20 28 0
2
43 238 
2
1393 18 14 0
1393 14 10 0
2
43 239 
2
1394 18 14 0
1394 16 20 0
2
43 50 
2
1395 18 14 0
1395 4 12 0
2
43 45 
2
1396 18 14 0
1396 16 2 0
2
43 47 
2
1397 18 14 0
1397 26 12 0
2
43 49 
2
1398 18 14 0
1398 32 14 0
2
40 42 
2
1385 10 16 0
1385 16 16 0
2
41 43 
2
1399 20 12 0
1399 18 14 0
2
42 210 
2
1386 16 16 0
1386 8 24 0
2
43 223 
2
1400 18 14 0
1400 14 12 0
2
42 211 
2
1387 16 16 0
1387 6 18 0
2
43 224 
2
1401 18 14 0
1401 24 12 0
2
42 212 
2
1388 16 16 0
1388 16 24 0
2
43 225 
2
1402 18 14 0
1402 20 18 0
2
43 226 
2
1403 18 14 0
1403 18 32 0
2
43 227 
2
1404 18 14 0
1404 2 12 0
2
43 228 
2
1405 18 14 0
1405 12 2 0
2
43 229 
2
1406 18 14 0
1406 2 16 0
2
43 230 
2
1407 18 14 0
1407 10 8 0
2
43 231 
2
1408 18 14 0
1408 14 30 0
2
43 232 
2
1409 18 14 0
1409 26 22 0
2
43 233 
2
1410 18 14 0
1410 8 22 0
2
43 234 
2
1411 18 14 0
1411 12 22 0
2
43 235 
2
1412 18 14 0
1412 14 24 0
2
43 236 
2
1413 18 14 0
1413 8 10 0
2
43 237 
2
1414 18 14 0
1414 20 28 0
2
43 238 
2
1415 18 14 0
1415 14 10 0
2
43 239 
2
1416 18 14 0
1416 16 20 0
2
43 50 
2
1417 18 14 0
1417 4 12 0
2
43 45 
2
1418 18 14 0
1418 16 2 0
2
43 47 
2
1419 18 14 0
1419 26 12 0
2
43 49 
2
1420 18 14 0
1420 32 14 0
2
20 40 
2
1386 14 16 0
1386 10 16 0
2
21 41 
2
1400 20 14 0
1400 20 12 0
2
38 40 
2
1387 4 16 0
1387 10 16 0
2
39 41 
2
1401 22 8 0
1401 20 12 0
2
42 42 
1
1389 16 16 0
2
40 42 
2
1390 10 16 0
1390 16 16 0
2
42 42 
1
1391 16 16 0
2
20 42 
2
1392 14 16 0
1392 16 16 0
2
42 42 
1
1393 16 16 0
2
40 42 
2
1394 10 16 0
1394 16 16 0
2
42 42 
1
1395 16 16 0
2
43 43 
1
1421 18 14 0
2
41 43 
2
1422 20 12 0
1422 18 14 0
2
43 43 
1
1423 18 14 0
2
21 43 
2
1424 20 14 0
1424 18 14 0
2
43 43 
1
1425 18 14 0
2
41 43 
2
1426 20 12 0
1426 18 14 0
2
43 43 
1
1427 18 14 0
2
42 211 
2
1396 16 16 0
1396 6 18 0
2
43 47 
2
1428 18 14 0
1428 26 12 0
2
42 212 
2
1397 16 16 0
1397 16 24 0
2
43 49 
2
1429 18 14 0
1429 32 14 0
2
42 213 
2
1398 16 16 0
1398 16 32 0
2
43 52 
2
1430 18 14 0
1430 18 4 0
2
40 42 
2
1399 10 16 0
1399 16 16 0
2
41 43 
2
1431 20 12 0
1431 18 14 0
2
42 211 
2
1400 16 16 0
1400 6 18 0
2
43 47 
2
1432 18 14 0
1432 26 12 0
2
42 212 
2
1401 16 16 0
1401 16 24 0
2
43 49 
2
1433 18 14 0
1433 32 14 0
2
42 213 
2
1402 16 16 0
1402 16 32 0
2
43 52 
2
1434 18 14 0
1434 18 4 0
2
20 40 
2
1400 14 16 0
1400 10 16 0
2
21 41 
2
1432 20 14 0
1432 20 12 0
2
18 38 
2
1388 4 18 0
1388 4 16 0
2
19 39 
2
1402 20 8 0
1402 22 8 0
2
36 38 
2
1389 4 22 0
1389 4 16 0
2
37 39 
2
1403 24 4 0
1403 22 8 0
2
40 40 
1
1401 10 16 0
2
38 40 
2
1402 4 16 0
1402 10 16 0
2
40 40 
1
1403 10 16 0
2
18 40 
2
1404 4 18 0
1404 10 16 0
2
40 40 
1
1405 10 16 0
2
38 40 
2
1406 4 16 0
1406 10 16 0
2
40 40 
1
1407 10 16 0
2
41 41 
1
1433 20 12 0
2
39 41 
2
1434 22 8 0
1434 20 12 0
2
41 41 
1
1435 20 12 0
2
19 41 
2
1436 20 8 0
1436 20 12 0
2
41 41 
1
1437 20 12 0
2
39 41 
2
1438 22 8 0
1438 20 12 0
2
41 41 
1
1439 20 12 0
2
42 42 
1
1403 16 16 0
2
40 42 
2
1408 10 16 0
1408 16 16 0
2
42 42 
1
1409 16 16 0
2
20 42 
2
1410 14 16 0
1410 16 16 0
2
42 42 
1
1411 16 16 0
2
40 42 
2
1412 10 16 0
1412 16 16 0
2
42 42 
1
1413 16 16 0
2
43 43 
1
1435 18 14 0
2
41 43 
2
1440 20 12 0
1440 18 14 0
2
43 43 
1
1441 18 14 0
2
21 43 
2
1442 20 14 0
1442 18 14 0
2
43 43 
1
1443 18 14 0
2
41 43 
2
1444 20 12 0
1444 18 14 0
2
43 43 
1
1445 18 14 0
2
42 210 
2
1414 16 16 0
1414 8 24 0
2
43 49 
2
1446 18 14 0
1446 32 14 0
2
42 211 
2
1415 16 16 0
1415 6 18 0
2
43 52 
2
1447 18 14 0
1447 18 4 0
2
42 212 
2
1416 16 16 0
1416 16 24 0
2
43 53 
2
1448 18 14 0
1448 18 8 0
2
42 213 
2
1417 16 16 0
1417 16 32 0
2
42 214 
2
1418 16 16 0
1418 12 20 0
2
42 215 
2
1419 16 16 0
1419 18 16 0
2
42 216 
2
1420 16 16 0
1420 8 20 0
2
42 217 
2
1421 16 16 0
1421 14 26 0
2
42 218 
2
1422 16 16 0
1422 10 24 0
2
42 219 
2
1423 16 16 0
1423 24 24 0
2
42 220 
2
1424 16 16 0
1424 12 24 0
2
42 221 
2
1425 16 16 0
1425 6 22 0
2
42 222 
2
1426 16 16 0
1426 6 14 0
2
42 223 
2
1427 16 16 0
1427 14 12 0
2
42 224 
2
1428 16 16 0
1428 24 12 0
2
42 225 
2
1429 16 16 0
1429 20 18 0
2
42 226 
2
1430 16 16 0
1430 18 32 0
2
42 227 
2
1431 16 16 0
1431 2 12 0
2
42 228 
2
1432 16 16 0
1432 12 2 0
2
42 229 
2
1433 16 16 0
1433 2 16 0
2
42 230 
2
1434 16 16 0
1434 10 8 0
2
40 42 
2
1435 10 16 0
1435 16 16 0
2
41 43 
2
1449 20 12 0
1449 18 14 0
2
42 210 
2
1436 16 16 0
1436 8 24 0
2
43 49 
2
1450 18 14 0
1450 32 14 0
2
42 211 
2
1437 16 16 0
1437 6 18 0
2
43 52 
2
1451 18 14 0
1451 18 4 0
2
42 212 
2
1438 16 16 0
1438 16 24 0
2
43 53 
2
1452 18 14 0
1452 18 8 0
2
42 213 
2
1439 16 16 0
1439 16 32 0
2
42 214 
2
1440 16 16 0
1440 12 20 0
2
42 215 
2
1441 16 16 0
1441 18 16 0
2
42 216 
2
1442 16 16 0
1442 8 20 0
2
42 217 
2
1443 16 16 0
1443 14 26 0
2
42 218 
2
1444 16 16 0
1444 10 24 0
2
42 219 
2
1445 16 16 0
1445 24 24 0
2
42 220 
2
1446 16 16 0
1446 12 24 0
2
42 221 
2
1447 16 16 0
1447 6 22 0
2
42 222 
2
1448 16 16 0
1448 6 14 0
2
42 223 
2
1449 16 16 0
1449 14 12 0
2
42 224 
2
1450 16 16 0
1450 24 12 0
2
42 225 
2
1451 16 16 0
1451 20 18 0
2
42 226 
2
1452 16 16 0
1452 18 32 0
2
42 227 
2
1453 16 16 0
1453 2 12 0
2
42 228 
2
1454 16 16 0
1454 12 2 0
2
42 229 
2
1455 16 16 0
1455 2 16 0
2
42 230 
2
1456 16 16 0
1456 10 8 0
2
20 40 
2
1436 14 16 0
1436 10 16 0
2
21 41 
2
1450 20 14 0
1450 20 12 0
2
38 40 
2
1437 4 16 0
1437 10 16 0
2
39 41 
2
1451 22 8 0
1451 20 12 0
2
42 42 
1
1457 16 16 0
2
40 42 
2
1458 10 16 0
1458 16 16 0
2
42 42 
1
1459 16 16 0
2
20 42 
2
1460 14 16 0
1460 16 16 0
2
42 42 
1
1461 16 16 0
2
40 42 
2
1462 10 16 0
1462 16 16 0
2
42 42 
1
1463 16 16 0
2
43 43 
1
1453 18 14 0
2
41 43 
2
1454 20 12 0
1454 18 14 0
2
43 43 
1
1455 18 14 0
2
21 43 
2
1456 20 14 0
1456 18 14 0
2
43 43 
1
1457 18 14 0
2
41 43 
2
1458 20 12 0
1458 18 14 0
2
43 43 
1
1459 18 14 0
2
42 211 
2
1464 16 16 0
1464 6 18 0
2
43 47 
2
1460 18 14 0
1460 26 12 0
2
42 212 
2
1465 16 16 0
1465 16 24 0
2
43 49 
2
1461 18 14 0
1461 32 14 0
2
42 213 
2
1466 16 16 0
1466 16 32 0
2
43 52 
2
1462 18 14 0
1462 18 4 0
2
42 214 
2
1467 16 16 0
1467 12 20 0
2
43 53 
2
1463 18 14 0
1463 18 8 0
2
42 215 
2
1468 16 16 0
1468 18 16 0
2
43 54 
2
1464 18 14 0
1464 24 6 0
2
42 216 
2
1469 16 16 0
1469 8 20 0
2
43 55 
2
1465 18 14 0
1465 24 2 0
2
42 217 
2
1470 16 16 0
1470 14 26 0
2
43 56 
2
1466 18 14 0
1466 32 18 0
2
42 218 
2
1471 16 16 0
1471 10 24 0
2
43 57 
2
1467 18 14 0
1467 22 28 0
2
42 219 
2
1472 16 16 0
1472 24 24 0
2
43 58 
2
1468 18 14 0
1468 10 10 0
2
42 220 
2
1473 16 16 0
1473 12 24 0
2
43 59 
2
1469 18 14 0
1469 28 16 0
2
42 221 
2
1474 16 16 0
1474 6 22 0
2
43 60 
2
1470 18 14 0
1470 16 8 0
2
42 222 
2
1475 16 16 0
1475 6 14 0
2
43 61 
2
1471 18 14 0
1471 18 30 0
2
42 223 
2
1476 16 16 0
1476 14 12 0
2
43 62 
2
1472 18 14 0
1472 20 24 0
2
42 224 
2
1477 16 16 0
1477 24 12 0
2
43 63 
2
1473 18 14 0
1473 16 12 0
2
42 225 
2
1478 16 16 0
1478 20 18 0
2
43 64 
2
1474 18 14 0
1474 16 6 0
2
42 226 
2
1479 16 16 0
1479 18 32 0
2
43 65 
2
1475 18 14 0
1475 10 6 0
2
42 227 
2
1480 16 16 0
1480 2 12 0
2
43 66 
2
1476 18 14 0
1476 18 22 0
2
42 228 
2
1481 16 16 0
1481 12 2 0
2
43 67 
2
1477 18 14 0
1477 18 28 0
2
42 229 
2
1482 16 16 0
1482 2 16 0
2
43 68 
2
1478 18 14 0
1478 18 12 0
2
42 230 
2
1483 16 16 0
1483 10 8 0
2
43 86 
2
1479 18 14 0
1479 6 10 0
2
42 231 
2
1484 16 16 0
1484 14 30 0
2
43 87 
2
1480 18 14 0
1480 22 14 0
2
40 42 
2
1485 10 16 0
1485 16 16 0
2
41 43 
2
1481 20 12 0
1481 18 14 0
2
42 211 
2
1486 16 16 0
1486 6 18 0
2
43 47 
2
1482 18 14 0
1482 26 12 0
2
42 212 
2
1487 16 16 0
1487 16 24 0
2
43 49 
2
1483 18 14 0
1483 32 14 0
2
42 213 
2
1488 16 16 0
1488 16 32 0
2
43 52 
2
1484 18 14 0
1484 18 4 0
2
42 214 
2
1489 16 16 0
1489 12 20 0
2
43 53 
2
1485 18 14 0
1485 18 8 0
2
42 215 
2
1490 16 16 0
1490 18 16 0
2
43 54 
2
1486 18 14 0
1486 24 6 0
2
42 216 
2
1491 16 16 0
1491 8 20 0
2
43 55 
2
1487 18 14 0
1487 24 2 0
2
42 217 
2
1492 16 16 0
1492 14 26 0
2
43 56 
2
1488 18 14 0
1488 32 18 0
2
42 218 
2
1493 16 16 0
1493 10 24 0
2
43 57 
2
1489 18 14 0
1489 22 28 0
2
42 219 
2
1494 16 16 0
1494 24 24 0
2
43 58 
2
1490 18 14 0
1490 10 10 0
2
42 220 
2
1495 16 16 0
1495 12 24 0
2
43 59 
2
1491 18 14 0
1491 28 16 0
2
42 221 
2
1496 16 16 0
1496 6 22 0
2
43 60 
2
1492 18 14 0
1492 16 8 0
2
42 222 
2
1497 16 16 0
1497 6 14 0
2
43 61 
2
1493 18 14 0
1493 18 30 0
2
42 223 
2
1498 16 16 0
1498 14 12 0
2
43 62 
2
1494 18 14 0
1494 20 24 0
2
42 224 
2
1499 16 16 0
1499 24 12 0
2
43 63 
2
1495 18 14 0
1495 16 12 0
2
42 225 
2
1500 16 16 0
1500 20 18 0
2
43 64 
2
1496 18 14 0
1496 16 6 0
2
42 226 
2
1501 16 16 0
1501 18 32 0
2
43 65 
2
1497 18 14 0
1497 10 6 0
2
42 227 
2
1502 16 16 0
1502 2 12 0
2
43 66 
2
1498 18 14 0
1498 18 22 0
2
42 228 
2
1503 16 16 0
1503 12 2 0
2
43 67 
2
1499 18 14 0
1499 18 28 0
2
42 229 
2
1504 16 16 0
1504 2 16 0
2
43 68 
2
1500 18 14 0
1500 18 12 0
2
42 230 
2
1505 16 16 0
1505 10 8 0
2
43 86 
2
1501 18 14 0
1501 6 10 0
2
42 231 
2
1506 16 16 0
1506 14 30 0
2
43 87 
2
1502 18 14 0
1502 22 14 0
2
20 40 
2
1486 14 16 0
1486 10 16 0
2
21 41 
2
1482 20 14 0
1482 20 12 0
2
18 38 
2
1438 4 18 0
1438 4 16 0
2
19 39 
2
1452 20 8 0
1452 22 8 0
2
16 36 
2
1390 4 24 0
1390 4 22 0
2
17 37 
2
1404 26 4 0
1404 24 4 0
2
14 34 
2
1209 4 26 0
1209 2 24 0
2
15 35 
2
1230 26 2 0
1230 28 2 0
2
32 34 
2
1210 2 28 0
1210 2 24 0
2
33 35 
2
1231 32 2 0
1231 28 2 0
2
36 36 
1
1391 4 22 0
2
34 36 
2
1392 2 24 0
1392 4 22 0
2
36 36 
1
1393 4 22 0
2
14 36 
2
1394 4 26 0
1394 4 22 0
2
36 36 
1
1395 4 22 0
2
34 36 
2
1396 2 24 0
1396 4 22 0
2
36 36 
1
1397 4 22 0
2
37 37 
1
1405 24 4 0
2
35 37 
2
1406 28 2 0
1406 24 4 0
2
37 37 
1
1407 24 4 0
2
15 37 
2
1408 26 2 0
1408 24 4 0
2
37 37 
1
1409 24 4 0
2
35 37 
2
1410 28 2 0
1410 24 4 0
2
37 37 
1
1411 24 4 0
2
38 38 
1
1439 4 16 0
2
36 38 
2
1440 4 22 0
1440 4 16 0
2
38 38 
1
1441 4 16 0
2
16 38 
2
1442 4 24 0
1442 4 16 0
2
38 38 
1
1443 4 16 0
2
36 38 
2
1444 4 22 0
1444 4 16 0
2
38 38 
1
1445 4 16 0
2
39 39 
1
1453 22 8 0
2
37 39 
2
1454 24 4 0
1454 22 8 0
2
39 39 
1
1455 22 8 0
2
17 39 
2
1456 26 4 0
1456 22 8 0
2
39 39 
1
1457 22 8 0
2
37 39 
2
1458 24 4 0
1458 22 8 0
2
39 39 
1
1459 22 8 0
2
40 40 
1
1487 10 16 0
2
38 40 
2
1488 4 16 0
1488 10 16 0
2
40 40 
1
1489 10 16 0
2
18 40 
2
1490 4 18 0
1490 10 16 0
2
40 40 
1
1491 10 16 0
2
38 40 
2
1492 4 16 0
1492 10 16 0
2
40 40 
1
1493 10 16 0
2
41 41 
1
1483 20 12 0
2
39 41 
2
1484 22 8 0
1484 20 12 0
2
41 41 
1
1485 20 12 0
2
19 41 
2
1486 20 8 0
1486 20 12 0
2
41 41 
1
1487 20 12 0
2
39 41 
2
1488 22 8 0
1488 20 12 0
2
41 41 
1
1489 20 12 0
2
42 42 
1
1507 16 16 0
2
40 42 
2
1508 10 16 0
1508 16 16 0
2
42 42 
1
1509 16 16 0
2
20 42 
2
1510 14 16 0
1510 16 16 0
2
42 42 
1
1511 16 16 0
2
40 42 
2
1512 10 16 0
1512 16 16 0
2
42 42 
1
1513 16 16 0
2
43 43 
1
1503 18 14 0
2
41 43 
2
1504 20 12 0
1504 18 14 0
2
43 43 
1
1505 18 14 0
2
21 43 
2
1506 20 14 0
1506 18 14 0
2
43 43 
1
1507 18 14 0
2
41 43 
2
1508 20 12 0
1508 18 14 0
2
43 43 
1
1509 18 14 0
2
42 228 
2
1514 16 16 0
1514 12 2 0
2
43 49 
2
1510 18 14 0
1510 32 14 0
2
42 229 
2
1515 16 16 0
1515 2 16 0
2
43 52 
2
1511 18 14 0
1511 18 4 0
2
42 230 
2
1516 16 16 0
1516 10 8 0
2
43 53 
2
1512 18 14 0
1512 18 8 0
2
43 54 
2
1513 18 14 0
1513 24 6 0
2
43 55 
2
1514 18 14 0
1514 24 2 0
2
43 56 
2
1515 18 14 0
1515 32 18 0
2
43 57 
2
1516 18 14 0
1516 22 28 0
2
43 58 
2
1517 18 14 0
1517 10 10 0
2
43 59 
2
1518 18 14 0
1518 28 16 0
2
43 60 
2
1519 18 14 0
1519 16 8 0
2
43 61 
2
1520 18 14 0
1520 18 30 0
2
43 62 
2
1521 18 14 0
1521 20 24 0
2
43 63 
2
1522 18 14 0
1522 16 12 0
2
43 64 
2
1523 18 14 0
1523 16 6 0
2
43 65 
2
1524 18 14 0
1524 10 6 0
2
43 66 
2
1525 18 14 0
1525 18 22 0
2
43 67 
2
1526 18 14 0
1526 18 28 0
2
43 68 
2
1527 18 14 0
1527 18 12 0
2
43 86 
2
1528 18 14 0
1528 6 10 0
2
43 87 
2
1529 18 14 0
1529 22 14 0
2
43 89 
2
1530 18 14 0
1530 24 14 0
2
40 42 
2
1517 10 16 0
1517 16 16 0
2
41 43 
2
1531 20 12 0
1531 18 14 0
2
42 228 
2
1518 16 16 0
1518 12 2 0
2
43 49 
2
1532 18 14 0
1532 32 14 0
2
42 229 
2
1519 16 16 0
1519 2 16 0
2
43 52 
2
1533 18 14 0
1533 18 4 0
2
42 230 
2
1520 16 16 0
1520 10 8 0
2
43 53 
2
1534 18 14 0
1534 18 8 0
2
43 54 
2
1535 18 14 0
1535 24 6 0
2
43 55 
2
1536 18 14 0
1536 24 2 0
2
43 56 
2
1537 18 14 0
1537 32 18 0
2
43 57 
2
1538 18 14 0
1538 22 28 0
2
43 58 
2
1539 18 14 0
1539 10 10 0
2
43 59 
2
1540 18 14 0
1540 28 16 0
2
43 60 
2
1541 18 14 0
1541 16 8 0
2
43 61 
2
1542 18 14 0
1542 18 30 0
2
43 62 
2
1543 18 14 0
1543 20 24 0
2
43 63 
2
1544 18 14 0
1544 16 12 0
2
43 64 
2
1545 18 14 0
1545 16 6 0
2
43 65 
2
1546 18 14 0
1546 10 6 0
2
43 66 
2
1547 18 14 0
1547 18 22 0
2
43 67 
2
1548 18 14 0
1548 18 28 0
2
43 68 
2
1549 18 14 0
1549 18 12 0
2
43 86 
2
1550 18 14 0
1550 6 10 0
2
43 87 
2
1551 18 14 0
1551 22 14 0
2
43 89 
2
1552 18 14 0
1552 24 14 0
2
20 40 
2
1518 14 16 0
1518 10 16 0
2
21 41 
2
1532 20 14 0
1532 20 12 0
2
38 40 
2
1519 4 16 0
1519 10 16 0
2
39 41 
2
1533 22 8 0
1533 20 12 0
2
42 42 
1
1521 16 16 0
2
40 42 
2
1522 10 16 0
1522 16 16 0
2
42 42 
1
1523 16 16 0
2
20 42 
2
1524 14 16 0
1524 16 16 0
2
42 42 
1
1525 16 16 0
2
40 42 
2
1526 10 16 0
1526 16 16 0
2
42 42 
1
1527 16 16 0
2
43 43 
1
1553 18 14 0
2
41 43 
2
1554 20 12 0
1554 18 14 0
2
43 43 
1
1555 18 14 0
2
21 43 
2
1556 20 14 0
1556 18 14 0
2
43 43 
1
1557 18 14 0
2
41 43 
2
1558 20 12 0
1558 18 14 0
2
43 43 
1
1559 18 14 0
2
42 229 
2
1528 16 16 0
1528 2 16 0
2
43 87 
2
1560 18 14 0
1560 22 14 0
2
42 230 
2
1529 16 16 0
1529 10 8 0
2
43 89 
2
1561 18 14 0
1561 24 14 0
2
42 231 
2
1530 16 16 0
1530 14 30 0
2
43 90 
2
1562 18 14 0
1562 20 10 0
2
40 42 
2
1531 10 16 0
1531 16 16 0
2
41 43 
2
1563 20 12 0
1563 18 14 0
2
42 229 
2
1532 16 16 0
1532 2 16 0
2
43 87 
2
1564 18 14 0
1564 22 14 0
2
42 230 
2
1533 16 16 0
1533 10 8 0
2
43 89 
2
1565 18 14 0
1565 24 14 0
2
42 231 
2
1534 16 16 0
1534 14 30 0
2
43 90 
2
1566 18 14 0
1566 20 10 0
2
20 40 
2
1532 14 16 0
1532 10 16 0
2
21 41 
2
1564 20 14 0
1564 20 12 0
2
18 38 
2
1520 4 18 0
1520 4 16 0
2
19 39 
2
1534 20 8 0
1534 22 8 0
2
36 38 
2
1521 4 22 0
1521 4 16 0
2
37 39 
2
1535 24 4 0
1535 22 8 0
2
40 40 
1
1533 10 16 0
2
38 40 
2
1534 4 16 0
1534 10 16 0
2
40 40 
1
1535 10 16 0
2
18 40 
2
1536 4 18 0
1536 10 16 0
2
40 40 
1
1537 10 16 0
2
38 40 
2
1538 4 16 0
1538 10 16 0
2
40 40 
1
1539 10 16 0
2
41 41 
1
1565 20 12 0
2
39 41 
2
1566 22 8 0
1566 20 12 0
2
41 41 
1
1567 20 12 0
2
19 41 
2
1568 20 8 0
1568 20 12 0
2
41 41 
1
1569 20 12 0
2
39 41 
2
1570 22 8 0
1570 20 12 0
2
41 41 
1
1571 20 12 0
2
42 42 
1
1535 16 16 0
2
40 42 
2
1540 10 16 0
1540 16 16 0
2
42 42 
1
1541 16 16 0
2
20 42 
2
1542 14 16 0
1542 16 16 0
2
42 42 
1
1543 16 16 0
2
40 42 
2
1544 10 16 0
1544 16 16 0
2
42 42 
1
1545 16 16 0
2
43 43 
1
1567 18 14 0
2
41 43 
2
1572 20 12 0
1572 18 14 0
2
43 43 
1
1573 18 14 0
2
21 43 
2
1574 20 14 0
1574 18 14 0
2
43 43 
1
1575 18 14 0
2
41 43 
2
1576 20 12 0
1576 18 14 0
2
43 43 
1
1577 18 14 0
2
42 228 
2
1546 16 16 0
1546 12 2 0
2
43 89 
2
1578 18 14 0
1578 24 14 0
2
42 229 
2
1547 16 16 0
1547 2 16 0
2
43 90 
2
1579 18 14 0
1579 20 10 0
2
42 230 
2
1548 16 16 0
1548 10 8 0
2
43 91 
2
1580 18 14 0
1580 28 8 0
2
42 231 
2
1549 16 16 0
1549 14 30 0
2
42 232 
2
1550 16 16 0
1550 26 22 0
2
42 233 
2
1551 16 16 0
1551 8 22 0
2
42 234 
2
1552 16 16 0
1552 12 22 0
2
42 235 
2
1553 16 16 0
1553 14 24 0
2
42 236 
2
1554 16 16 0
1554 8 10 0
2
42 237 
2
1555 16 16 0
1555 20 28 0
2
42 238 
2
1556 16 16 0
1556 14 10 0
2
42 239 
2
1557 16 16 0
1557 16 20 0
2
42 50 
2
1558 16 16 0
1558 4 12 0
2
42 45 
2
1559 16 16 0
1559 16 2 0
2
42 47 
2
1560 16 16 0
1560 26 12 0
2
42 49 
2
1561 16 16 0
1561 32 14 0
2
42 52 
2
1562 16 16 0
1562 18 4 0
2
42 53 
2
1563 16 16 0
1563 18 8 0
2
42 54 
2
1564 16 16 0
1564 24 6 0
2
42 55 
2
1565 16 16 0
1565 24 2 0
2
42 56 
2
1566 16 16 0
1566 32 18 0
2
40 42 
2
1567 10 16 0
1567 16 16 0
2
41 43 
2
1581 20 12 0
1581 18 14 0
2
42 228 
2
1568 16 16 0
1568 12 2 0
2
43 89 
2
1582 18 14 0
1582 24 14 0
2
42 229 
2
1569 16 16 0
1569 2 16 0
2
43 90 
2
1583 18 14 0
1583 20 10 0
2
42 230 
2
1570 16 16 0
1570 10 8 0
2
43 91 
2
1584 18 14 0
1584 28 8 0
2
42 231 
2
1571 16 16 0
1571 14 30 0
2
42 232 
2
1572 16 16 0
1572 26 22 0
2
42 233 
2
1573 16 16 0
1573 8 22 0
2
42 234 
2
1574 16 16 0
1574 12 22 0
2
42 235 
2
1575 16 16 0
1575 14 24 0
2
42 236 
2
1576 16 16 0
1576 8 10 0
2
42 237 
2
1577 16 16 0
1577 20 28 0
2
42 238 
2
1578 16 16 0
1578 14 10 0
2
42 239 
2
1579 16 16 0
1579 16 20 0
2
42 50 
2
1580 16 16 0
1580 4 12 0
2
42 45 
2
1581 16 16 0
1581 16 2 0
2
42 47 
2
1582 16 16 0
1582 26 12 0
2
42 49 
2
1583 16 16 0
1583 32 14 0
2
42 52 
2
1584 16 16 0
1584 18 4 0
2
42 53 
2
1585 16 16 0
1585 18 8 0
2
42 54 
2
1586 16 16 0
1586 24 6 0
2
42 55 
2
1587 16 16 0
1587 24 2 0
2
42 56 
2
1588 16 16 0
1588 32 18 0
2
20 40 
2
1568 14 16 0
1568 10 16 0
2
21 41 
2
1582 20 14 0
1582 20 12 0
2
38 40 
2
1569 4 16 0
1569 10 16 0
2
39 41 
2
1583 22 8 0
1583 20 12 0
2
42 42 
1
1589 16 16 0
2
40 42 
2
1590 10 16 0
1590 16 16 0
2
42 42 
1
1591 16 16 0
2
20 42 
2
1592 14 16 0
1592 16 16 0
2
42 42 
1
1593 16 16 0
2
40 42 
2
1594 10 16 0
1594 16 16 0
2
42 42 
1
1595 16 16 0
2
43 43 
1
1585 18 14 0
2
41 43 
2
1586 20 12 0
1586 18 14 0
2
43 43 
1
1587 18 14 0
2
21 43 
2
1588 20 14 0
1588 18 14 0
2
43 43 
1
1589 18 14 0
2
41 43 
2
1590 20 12 0
1590 18 14 0
2
43 43 
1
1591 18 14 0
2
42 229 
2
1596 16 16 0
1596 2 16 0
2
43 87 
2
1592 18 14 0
1592 22 14 0
2
42 230 
2
1597 16 16 0
1597 10 8 0
2
43 89 
2
1593 18 14 0
1593 24 14 0
2
42 231 
2
1598 16 16 0
1598 14 30 0
2
43 90 
2
1594 18 14 0
1594 20 10 0
2
42 232 
2
1599 16 16 0
1599 26 22 0
2
43 91 
2
1595 18 14 0
1595 28 8 0
2
42 233 
2
1600 16 16 0
1600 8 22 0
2
43 92 
2
1596 18 14 0
1596 32 12 0
2
42 234 
2
1601 16 16 0
1601 12 22 0
2
43 93 
2
1597 18 14 0
1597 20 2 0
2
42 235 
2
1602 16 16 0
1602 14 24 0
2
43 94 
2
1598 18 14 0
1598 8 6 0
2
42 236 
2
1603 16 16 0
1603 8 10 0
2
43 95 
2
1599 18 14 0
1599 6 12 0
2
42 237 
2
1604 16 16 0
1604 20 28 0
2
43 96 
2
1600 18 14 0
1600 16 4 0
2
42 238 
2
1605 16 16 0
1605 14 10 0
2
43 97 
2
1601 18 14 0
1601 12 14 0
2
42 239 
2
1606 16 16 0
1606 16 20 0
2
43 98 
2
1602 18 14 0
1602 22 16 0
2
42 50 
2
1607 16 16 0
1607 4 12 0
2
43 99 
2
1603 18 14 0
1603 18 24 0
2
42 45 
2
1608 16 16 0
1608 16 2 0
2
43 100 
2
1604 18 14 0
1604 12 10 0
2
42 47 
2
1609 16 16 0
1609 26 12 0
2
43 101 
2
1605 18 14 0
1605 18 18 0
2
42 49 
2
1610 16 16 0
1610 32 14 0
2
43 102 
2
1606 18 14 0
1606 14 8 0
2
42 52 
2
1611 16 16 0
1611 18 4 0
2
43 103 
2
1607 18 14 0
1607 14 6 0
2
42 53 
2
1612 16 16 0
1612 18 8 0
2
43 104 
2
1608 18 14 0
1608 22 26 0
2
42 54 
2
1613 16 16 0
1613 24 6 0
2
43 105 
2
1609 18 14 0
1609 20 16 0
2
42 55 
2
1614 16 16 0
1614 24 2 0
2
43 106 
2
1610 18 14 0
1610 24 20 0
2
42 56 
2
1615 16 16 0
1615 32 18 0
2
43 107 
2
1611 18 14 0
1611 30 16 0
2
42 57 
2
1616 16 16 0
1616 22 28 0
2
43 108 
2
1612 18 14 0
1612 28 10 0
2
40 42 
2
1617 10 16 0
1617 16 16 0
2
41 43 
2
1613 20 12 0
1613 18 14 0
2
42 229 
2
1618 16 16 0
1618 2 16 0
2
43 87 
2
1614 18 14 0
1614 22 14 0
2
42 230 
2
1619 16 16 0
1619 10 8 0
2
43 89 
2
1615 18 14 0
1615 24 14 0
2
42 231 
2
1620 16 16 0
1620 14 30 0
2
43 90 
2
1616 18 14 0
1616 20 10 0
2
42 232 
2
1621 16 16 0
1621 26 22 0
2
43 91 
2
1617 18 14 0
1617 28 8 0
2
42 233 
2
1622 16 16 0
1622 8 22 0
2
43 92 
2
1618 18 14 0
1618 32 12 0
2
42 234 
2
1623 16 16 0
1623 12 22 0
2
43 93 
2
1619 18 14 0
1619 20 2 0
2
42 235 
2
1624 16 16 0
1624 14 24 0
2
43 94 
2
1620 18 14 0
1620 8 6 0
2
42 236 
2
1625 16 16 0
1625 8 10 0
2
43 95 
2
1621 18 14 0
1621 6 12 0
2
42 237 
2
1626 16 16 0
1626 20 28 0
2
43 96 
2
1622 18 14 0
1622 16 4 0
2
42 238 
2
1627 16 16 0
1627 14 10 0
2
43 97 
2
1623 18 14 0
1623 12 14 0
2
42 239 
2
1628 16 16 0
1628 16 20 0
2
43 98 
2
1624 18 14 0
1624 22 16 0
2
42 50 
2
1629 16 16 0
1629 4 12 0
2
43 99 
2
1625 18 14 0
1625 18 24 0
2
42 45 
2
1630 16 16 0
1630 16 2 0
2
43 100 
2
1626 18 14 0
1626 12 10 0
2
42 47 
2
1631 16 16 0
1631 26 12 0
2
43 101 
2
1627 18 14 0
1627 18 18 0
2
42 49 
2
1632 16 16 0
1632 32 14 0
2
43 102 
2
1628 18 14 0
1628 14 8 0
2
42 52 
2
1633 16 16 0
1633 18 4 0
2
43 103 
2
1629 18 14 0
1629 14 6 0
2
42 53 
2
1634 16 16 0
1634 18 8 0
2
43 104 
2
1630 18 14 0
1630 22 26 0
2
42 54 
2
1635 16 16 0
1635 24 6 0
2
43 105 
2
1631 18 14 0
1631 20 16 0
2
42 55 
2
1636 16 16 0
1636 24 2 0
2
43 106 
2
1632 18 14 0
1632 24 20 0
2
42 56 
2
1637 16 16 0
1637 32 18 0
2
43 107 
2
1633 18 14 0
1633 30 16 0
2
42 57 
2
1638 16 16 0
1638 22 28 0
2
43 108 
2
1634 18 14 0
1634 28 10 0
2
20 40 
2
1618 14 16 0
1618 10 16 0
2
21 41 
2
1614 20 14 0
1614 20 12 0
2
18 38 
2
1570 4 18 0
1570 4 16 0
2
19 39 
2
1584 20 8 0
1584 22 8 0
2
16 36 
2
1522 4 24 0
1522 4 22 0
2
17 37 
2
1536 26 4 0
1536 24 4 0
2
34 36 
2
1523 2 24 0
1523 4 22 0
2
35 37 
2
1537 28 2 0
1537 24 4 0
2
38 38 
1
1571 4 16 0
2
36 38 
2
1572 4 22 0
1572 4 16 0
2
38 38 
1
1573 4 16 0
2
16 38 
2
1574 4 24 0
1574 4 16 0
2
38 38 
1
1575 4 16 0
2
36 38 
2
1576 4 22 0
1576 4 16 0
2
38 38 
1
1577 4 16 0
2
39 39 
1
1585 22 8 0
2
37 39 
2
1586 24 4 0
1586 22 8 0
2
39 39 
1
1587 22 8 0
2
17 39 
2
1588 26 4 0
1588 22 8 0
2
39 39 
1
1589 22 8 0
2
37 39 
2
1590 24 4 0
1590 22 8 0
2
39 39 
1
1591 22 8 0
2
40 40 
1
1619 10 16 0
2
38 40 
2
1620 4 16 0
1620 10 16 0
2
40 40 
1
1621 10 16 0
2
18 40 
2
1622 4 18 0
1622 10 16 0
2
40 40 
1
1623 10 16 0
2
38 40 
2
1624 4 16 0
1624 10 16 0
2
40 40 
1
1625 10 16 0
2
41 41 
1
1615 20 12 0
2
39 41 
2
1616 22 8 0
1616 20 12 0
2
41 41 
1
1617 20 12 0
2
19 41 
2
1618 20 8 0
1618 20 12 0
2
41 41 
1
1619 20 12 0
2
39 41 
2
1620 22 8 0
1620 20 12 0
2
41 41 
1
1621 20 12 0
2
42 42 
1
1639 16 16 0
2
40 42 
2
1640 10 16 0
1640 16 16 0
2
42 42 
1
1641 16 16 0
2
20 42 
2
1642 14 16 0
1642 16 16 0
2
42 42 
1
1643 16 16 0
2
40 42 
2
1644 10 16 0
1644 16 16 0
2
42 42 
1
1645 16 16 0
2
43 43 
1
1635 18 14 0
2
41 43 
2
1636 20 12 0
1636 18 14 0
2
43 43 
1
1637 18 14 0
2
21 43 
2
1638 20 14 0
1638 18 14 0
2
43 43 
1
1639 18 14 0
2
41 43 
2
1640 20 12 0
1640 18 14 0
2
43 43 
1
1641 18 14 0
2
42 228 
2
1646 16 16 0
1646 12 2 0
2
43 89 
2
1642 18 14 0
1642 24 14 0
2
42 229 
2
1647 16 16 0
1647 2 16 0
2
43 90 
2
1643 18 14 0
1643 20 10 0
2
42 230 
2
1648 16 16 0
1648 10 8 0
2
43 91 
2
1644 18 14 0
1644 28 8 0
2
42 231 
2
1649 16 16 0
1649 14 30 0
2
43 92 
2
1645 18 14 0
1645 32 12 0
2
42 232 
2
1650 16 16 0
1650 26 22 0
2
43 93 
2
1646 18 14 0
1646 20 2 0
2
42 233 
2
1651 16 16 0
1651 8 22 0
2
43 94 
2
1647 18 14 0
1647 8 6 0
2
42 234 
2
1652 16 16 0
1652 12 22 0
2
43 95 
2
1648 18 14 0
1648 6 12 0
2
42 235 
2
1653 16 16 0
1653 14 24 0
2
43 96 
2
1649 18 14 0
1649 16 4 0
2
42 236 
2
1654 16 16 0
1654 8 10 0
2
43 97 
2
1650 18 14 0
1650 12 14 0
2
42 237 
2
1655 16 16 0
1655 20 28 0
2
43 98 
2
1651 18 14 0
1651 22 16 0
2
42 238 
2
1656 16 16 0
1656 14 10 0
2
43 99 
2
1652 18 14 0
1652 18 24 0
2
42 239 
2
1657 16 16 0
1657 16 20 0
2
43 100 
2
1653 18 14 0
1653 12 10 0
2
42 50 
2
1658 16 16 0
1658 4 12 0
2
43 101 
2
1654 18 14 0
1654 18 18 0
2
42 45 
2
1659 16 16 0
1659 16 2 0
2
43 102 
2
1655 18 14 0
1655 14 8 0
2
42 47 
2
1660 16 16 0
1660 26 12 0
2
43 103 
2
1656 18 14 0
1656 14 6 0
2
42 49 
2
1661 16 16 0
1661 32 14 0
2
43 104 
2
1657 18 14 0
1657 22 26 0
2
42 52 
2
1662 16 16 0
1662 18 4 0
2
43 105 
2
1658 18 14 0
1658 20 16 0
2
42 53 
2
1663 16 16 0
1663 18 8 0
2
43 106 
2
1659 18 14 0
1659 24 20 0
2
42 54 
2
1664 16 16 0
1664 24 6 0
2
43 107 
2
1660 18 14 0
1660 30 16 0
2
43 108 
2
1661 18 14 0
1661 28 10 0
2
43 109 
2
1662 18 14 0
1662 26 10 0
2
40 42 
2
1665 10 16 0
1665 16 16 0
2
41 43 
2
1663 20 12 0
1663 18 14 0
2
42 228 
2
1666 16 16 0
1666 12 2 0
2
43 89 
2
1664 18 14 0
1664 24 14 0
2
42 229 
2
1667 16 16 0
1667 2 16 0
2
43 90 
2
1665 18 14 0
1665 20 10 0
2
42 230 
2
1668 16 16 0
1668 10 8 0
2
43 91 
2
1666 18 14 0
1666 28 8 0
2
42 231 
2
1669 16 16 0
1669 14 30 0
2
43 92 
2
1667 18 14 0
1667 32 12 0
2
42 232 
2
1670 16 16 0
1670 26 22 0
2
43 93 
2
1668 18 14 0
1668 20 2 0
2
42 233 
2
1671 16 16 0
1671 8 22 0
2
43 94 
2
1669 18 14 0
1669 8 6 0
2
42 234 
2
1672 16 16 0
1672 12 22 0
2
43 95 
2
1670 18 14 0
1670 6 12 0
2
42 235 
2
1673 16 16 0
1673 14 24 0
2
43 96 
2
1671 18 14 0
1671 16 4 0
2
42 236 
2
1674 16 16 0
1674 8 10 0
2
43 97 
2
1672 18 14 0
1672 12 14 0
2
42 237 
2
1675 16 16 0
1675 20 28 0
2
43 98 
2
1673 18 14 0
1673 22 16 0
2
42 238 
2
1676 16 16 0
1676 14 10 0
2
43 99 
2
1674 18 14 0
1674 18 24 0
2
42 239 
2
1677 16 16 0
1677 16 20 0
2
43 100 
2
1675 18 14 0
1675 12 10 0
2
42 50 
2
1678 16 16 0
1678 4 12 0
2
43 101 
2
1676 18 14 0
1676 18 18 0
2
42 45 
2
1679 16 16 0
1679 16 2 0
2
43 102 
2
1677 18 14 0
1677 14 8 0
2
42 47 
2
1680 16 16 0
1680 26 12 0
2
43 103 
2
1678 18 14 0
1678 14 6 0
2
42 49 
2
1681 16 16 0
1681 32 14 0
2
43 104 
2
1679 18 14 0
1679 22 26 0
2
42 52 
2
1682 16 16 0
1682 18 4 0
2
43 105 
2
1680 18 14 0
1680 20 16 0
2
42 53 
2
1683 16 16 0
1683 18 8 0
2
43 106 
2
1681 18 14 0
1681 24 20 0
2
42 54 
2
1684 16 16 0
1684 24 6 0
2
43 107 
2
1682 18 14 0
1682 30 16 0
2
43 108 
2
1683 18 14 0
1683 28 10 0
2
43 109 
2
1684 18 14 0
1684 26 10 0
2
20 40 
2
1666 14 16 0
1666 10 16 0
2
21 41 
2
1664 20 14 0
1664 20 12 0
2
38 40 
2
1667 4 16 0
1667 10 16 0
2
39 41 
2
1665 22 8 0
1665 20 12 0
2
42 42 
1
1685 16 16 0
2
40 42 
2
1686 10 16 0
1686 16 16 0
2
42 42 
1
1687 16 16 0
2
20 42 
2
1688 14 16 0
1688 16 16 0
2
42 42 
1
1689 16 16 0
2
40 42 
2
1690 10 16 0
1690 16 16 0
2
42 42 
1
1691 16 16 0
2
43 43 
1
1685 18 14 0
2
41 43 
2
1686 20 12 0
1686 18 14 0
2
43 43 
1
1687 18 14 0
2
21 43 
2
1688 20 14 0
1688 18 14 0
2
43 43 
1
1689 18 14 0
2
41 43 
2
1690 20 12 0
1690 18 14 0
2
43 43 
1
1691 18 14 0
2
42 229 
2
1692 16 16 0
1692 2 16 0
2
43 108 
2
1692 18 14 0
1692 28 10 0
2
42 230 
2
1693 16 16 0
1693 10 8 0
2
43 109 
2
1693 18 14 0
1693 26 10 0
2
42 231 
2
1694 16 16 0
1694 14 30 0
2
43 111 
2
1694 18 14 0
1694 18 6 0
2
42 232 
2
1695 16 16 0
1695 26 22 0
2
42 233 
2
1696 16 16 0
1696 8 22 0
2
42 234 
2
1697 16 16 0
1697 12 22 0
2
42 235 
2
1698 16 16 0
1698 14 24 0
2
42 236 
2
1699 16 16 0
1699 8 10 0
2
42 237 
2
1700 16 16 0
1700 20 28 0
2
42 238 
2
1701 16 16 0
1701 14 10 0
2
42 239 
2
1702 16 16 0
1702 16 20 0
2
42 50 
2
1703 16 16 0
1703 4 12 0
2
42 45 
2
1704 16 16 0
1704 16 2 0
2
42 47 
2
1705 16 16 0
1705 26 12 0
2
42 49 
2
1706 16 16 0
1706 32 14 0
2
42 52 
2
1707 16 16 0
1707 18 4 0
2
42 53 
2
1708 16 16 0
1708 18 8 0
2
42 54 
2
1709 16 16 0
1709 24 6 0
2
42 55 
2
1710 16 16 0
1710 24 2 0
2
40 42 
2
1711 10 16 0
1711 16 16 0
2
41 43 
2
1695 20 12 0
1695 18 14 0
2
42 229 
2
1712 16 16 0
1712 2 16 0
2
43 108 
2
1696 18 14 0
1696 28 10 0
2
42 230 
2
1713 16 16 0
1713 10 8 0
2
43 109 
2
1697 18 14 0
1697 26 10 0
2
42 231 
2
1714 16 16 0
1714 14 30 0
2
43 111 
2
1698 18 14 0
1698 18 6 0
2
42 232 
2
1715 16 16 0
1715 26 22 0
2
42 233 
2
1716 16 16 0
1716 8 22 0
2
42 234 
2
1717 16 16 0
1717 12 22 0
2
42 235 
2
1718 16 16 0
1718 14 24 0
2
42 236 
2
1719 16 16 0
1719 8 10 0
2
42 237 
2
1720 16 16 0
1720 20 28 0
2
42 238 
2
1721 16 16 0
1721 14 10 0
2
42 239 
2
1722 16 16 0
1722 16 20 0
2
42 50 
2
1723 16 16 0
1723 4 12 0
2
42 45 
2
1724 16 16 0
1724 16 2 0
2
42 47 
2
1725 16 16 0
1725 26 12 0
2
42 49 
2
1726 16 16 0
1726 32 14 0
2
42 52 
2
1727 16 16 0
1727 18 4 0
2
42 53 
2
1728 16 16 0
1728 18 8 0
2
42 54 
2
1729 16 16 0
1729 24 6 0
2
42 55 
2
1730 16 16 0
1730 24 2 0
2
20 40 
2
1712 14 16 0
1712 10 16 0
2
21 41 
2
1696 20 14 0
1696 20 12 0
2
18 38 
2
1668 4 18 0
1668 4 16 0
2
19 39 
2
1666 20 8 0
1666 22 8 0
2
36 38 
2
1669 4 22 0
1669 4 16 0
2
37 39 
2
1667 24 4 0
1667 22 8 0
2
40 40 
1
1713 10 16 0
2
38 40 
2
1714 4 16 0
1714 10 16 0
2
40 40 
1
1715 10 16 0
2
18 40 
2
1716 4 18 0
1716 10 16 0
2
40 40 
1
1717 10 16 0
2
38 40 
2
1718 4 16 0
1718 10 16 0
2
40 40 
1
1719 10 16 0
2
41 41 
1
1697 20 12 0
2
39 41 
2
1698 22 8 0
1698 20 12 0
2
41 41 
1
1699 20 12 0
2
19 41 
2
1700 20 8 0
1700 20 12 0
2
41 41 
1
1701 20 12 0
2
39 41 
2
1702 22 8 0
1702 20 12 0
2
41 41 
1
1703 20 12 0
2
42 42 
1
1731 16 16 0
2
40 42 
2
1732 10 16 0
1732 16 16 0
2
42 42 
1
1733 16 16 0
2
20 42 
2
1734 14 16 0
1734 16 16 0
2
42 42 
1
1735 16 16 0
2
40 42 
2
1736 10 16 0
1736 16 16 0
2
42 42 
1
1737 16 16 0
2
43 43 
1
1699 18 14 0
2
41 43 
2
1704 20 12 0
1704 18 14 0
2
43 43 
1
1705 18 14 0
2
21 43 
2
1706 20 14 0
1706 18 14 0
2
43 43 
1
1707 18 14 0
2
41 43 
2
1708 20 12 0
1708 18 14 0
2
43 43 
1
1709 18 14 0
2
42 230 
2
1738 16 16 0
1738 10 8 0
2
43 109 
2
1710 18 14 0
1710 26 10 0
2
42 231 
2
1739 16 16 0
1739 14 30 0
2
43 111 
2
1711 18 14 0
1711 18 6 0
2
42 232 
2
1740 16 16 0
1740 26 22 0
2
43 112 
2
1712 18 14 0
1712 30 14 0
2
40 42 
2
1741 10 16 0
1741 16 16 0
2
41 43 
2
1713 20 12 0
1713 18 14 0
2
42 230 
2
1742 16 16 0
1742 10 8 0
2
43 109 
2
1714 18 14 0
1714 26 10 0
2
42 231 
2
1743 16 16 0
1743 14 30 0
2
43 111 
2
1715 18 14 0
1715 18 6 0
2
42 232 
2
1744 16 16 0
1744 26 22 0
2
43 112 
2
1716 18 14 0
1716 30 14 0
2
20 40 
2
1742 14 16 0
1742 10 16 0
2
21 41 
2
1714 20 14 0
1714 20 12 0
2
38 40 
2
1743 4 16 0
1743 10 16 0
2
39 41 
2
1715 22 8 0
1715 20 12 0
2
42 42 
1
1745 16 16 0
2
40 42 
2
1746 10 16 0
1746 16 16 0
2
42 42 
1
1747 16 16 0
2
20 42 
2
1748 14 16 0
1748 16 16 0
2
42 42 
1
1749 16 16 0
2
40 42 
2
1750 10 16 0
1750 16 16 0
2
42 42 
1
1751 16 16 0
2
43 43 
1
1717 18 14 0
2
41 43 
2
1718 20 12 0
1718 18 14 0
2
43 43 
1
1719 18 14 0
2
21 43 
2
1720 20 14 0
1720 18 14 0
2
43 43 
1
1721 18 14 0
2
41 43 
2
1722 20 12 0
1722 18 14 0
2
43 43 
1
1723 18 14 0
2
42 231 
2
1752 16 16 0
1752 14 30 0
2
43 108 
2
1724 18 14 0
1724 28 10 0
2
42 232 
2
1753 16 16 0
1753 26 22 0
2
43 109 
2
1725 18 14 0
1725 26 10 0
2
42 233 
2
1754 16 16 0
1754 8 22 0
2
43 111 
2
1726 18 14 0
1726 18 6 0
2
43 112 
2
1727 18 14 0
1727 30 14 0
2
43 113 
2
1728 18 14 0
1728 22 4 0
2
43 114 
2
1729 18 14 0
1729 30 10 0
2
43 115 
2
1730 18 14 0
1730 2 10 0
2
43 116 
2
1731 18 14 0
1731 8 8 0
2
43 117 
2
1732 18 14 0
1732 12 8 0
2
43 118 
2
1733 18 14 0
1733 12 12 0
2
43 119 
2
1734 18 14 0
1734 22 18 0
2
43 120 
2
1735 18 14 0
1735 28 20 0
2
43 121 
2
1736 18 14 0
1736 8 14 0
2
43 122 
2
1737 18 14 0
1737 12 6 0
2
43 123 
2
1738 18 14 0
1738 22 20 0
2
43 124 
2
1739 18 14 0
1739 20 26 0
2
43 125 
2
1740 18 14 0
1740 12 16 0
2
43 126 
2
1741 18 14 0
1741 16 10 0
2
43 128 
2
1742 18 14 0
1742 16 14 0
2
43 129 
2
1743 18 14 0
1743 28 12 0
2
43 130 
2
1744 18 14 0
1744 22 6 0
2
40 42 
2
1755 10 16 0
1755 16 16 0
2
41 43 
2
1745 20 12 0
1745 18 14 0
2
42 231 
2
1756 16 16 0
1756 14 30 0
2
43 108 
2
1746 18 14 0
1746 28 10 0
2
42 232 
2
1757 16 16 0
1757 26 22 0
2
43 109 
2
1747 18 14 0
1747 26 10 0
2
42 233 
2
1758 16 16 0
1758 8 22 0
2
43 111 
2
1748 18 14 0
1748 18 6 0
2
43 112 
2
1749 18 14 0
1749 30 14 0
2
43 113 
2
1750 18 14 0
1750 22 4 0
2
43 114 
2
1751 18 14 0
1751 30 10 0
2
43 115 
2
1752 18 14 0
1752 2 10 0
2
43 116 
2
1753 18 14 0
1753 8 8 0
2
43 117 
2
1754 18 14 0
1754 12 8 0
2
43 118 
2
1755 18 14 0
1755 12 12 0
2
43 119 
2
1756 18 14 0
1756 22 18 0
2
43 120 
2
1757 18 14 0
1757 28 20 0
2
43 121 
2
1758 18 14 0
1758 8 14 0
2
43 122 
2
1759 18 14 0
1759 12 6 0
2
43 123 
2
1760 18 14 0
1760 22 20 0
2
43 124 
2
1761 18 14 0
1761 20 26 0
2
43 125 
2
1762 18 14 0
1762 12 16 0
2
43 126 
2
1763 18 14 0
1763 16 10 0
2
43 128 
2
1764 18 14 0
1764 16 14 0
2
43 129 
2
1765 18 14 0
1765 28 12 0
2
43 130 
2
1766 18 14 0
1766 22 6 0
2
20 40 
2
1756 14 16 0
1756 10 16 0
2
21 41 
2
1746 20 14 0
1746 20 12 0
2
18 38 
2
1744 4 18 0
1744 4 16 0
2
19 39 
2
1716 20 8 0
1716 22 8 0
2
16 36 
2
1670 4 24 0
1670 4 22 0
2
17 37 
2
1668 26 4 0
1668 24 4 0
2
14 34 
2
1524 4 26 0
1524 2 24 0
2
15 35 
2
1538 26 2 0
1538 28 2 0
2
12 32 
2
1211 2 26 0
1211 2 28 0
2
13 33 
2
1232 30 2 0
1232 32 2 0
2
30 32 
2
1212 4 28 0
1212 2 28 0
2
31 33 
2
1233 32 6 0
1233 32 2 0
2
34 34 
1
1525 2 24 0
2
32 34 
2
1526 2 28 0
1526 2 24 0
2
34 34 
1
1527 2 24 0
2
12 34 
2
1528 2 26 0
1528 2 24 0
2
34 34 
1
1529 2 24 0
2
32 34 
2
1530 2 28 0
1530 2 24 0
2
34 34 
1
1531 2 24 0
2
35 35 
1
1539 28 2 0
2
33 35 
2
1540 32 2 0
1540 28 2 0
2
35 35 
1
1541 28 2 0
2
13 35 
2
1542 30 2 0
1542 28 2 0
2
35 35 
1
1543 28 2 0
2
33 35 
2
1544 32 2 0
1544 28 2 0
2
35 35 
1
1545 28 2 0
2
36 36 
1
1671 4 22 0
2
34 36 
2
1672 2 24 0
1672 4 22 0
2
36 36 
1
1673 4 22 0
2
14 36 
2
1674 4 26 0
1674 4 22 0
2
36 36 
1
1675 4 22 0
2
34 36 
2
1676 2 24 0
1676 4 22 0
2
36 36 
1
1677 4 22 0
2
37 37 
1
1669 24 4 0
2
35 37 
2
1670 28 2 0
1670 24 4 0
2
37 37 
1
1671 24 4 0
2
15 37 
2
1672 26 2 0
1672 24 4 0
2
37 37 
1
1673 24 4 0
2
35 37 
2
1674 28 2 0
1674 24 4 0
2
37 37 
1
1675 24 4 0
2
38 38 
1
1745 4 16 0
2
36 38 
2
1746 4 22 0
1746 4 16 0
2
38 38 
1
1747 4 16 0
2
16 38 
2
1748 4 24 0
1748 4 16 0
2
38 38 
1
1749 4 16 0
2
36 38 
2
1750 4 22 0
1750 4 16 0
2
38 38 
1
1751 4 16 0
2
39 39 
1
1717 22 8 0
2
37 39 
2
1718 24 4 0
1718 22 8 0
2
39 39 
1
1719 22 8 0
2
17 39 
2
1720 26 4 0
1720 22 8 0
2
39 39 
1
1721 22 8 0
2
37 39 
2
1722 24 4 0
1722 22 8 0
2
39 39 
1
1723 22 8 0
2
40 40 
1
1757 10 16 0
2
38 40 
2
1758 4 16 0
1758 10 16 0
2
40 40 
1
1759 10 16 0
2
18 40 
2
1760 4 18 0
1760 10 16 0
2
40 40 
1
1761 10 16 0
2
38 40 
2
1762 4 16 0
1762 10 16 0
2
40 40 
1
1763 10 16 0
2
41 41 
1
1747 20 12 0
2
39 41 
2
1748 22 8 0
1748 20 12 0
2
41 41 
1
1749 20 12 0
2
19 41 
2
1750 20 8 0
1750 20 12 0
2
41 41 
1
1751 20 12 0
2
39 41 
2
1752 22 8 0
1752 20 12 0
2
41 41 
1
1753 20 12 0
2
42 42 
1
1759 16 16 0
2
40 42 
2
1764 10 16 0
1764 16 16 0
2
42 42 
1
1765 16 16 0
2
20 42 
2
1766 14 16 0
1766 16 16 0
2
42 42 
1
1767 16 16 0
2
40 42 
2
1768 10 16 0
1768 16 16 0
2
42 42 
1
1769 16 16 0
2
43 43 
1
1767 18 14 0
2
41 43 
2
1768 20 12 0
1768 18 14 0
2
43 43 
1
1769 18 14 0
2
21 43 
2
1770 20 14 0
1770 18 14 0
2
43 43 
1
1771 18 14 0
2
41 43 
2
1772 20 12 0
1772 18 14 0
2
43 43 
1
1773 18 14 0
2
42 230 
2
1770 16 16 0
1770 10 8 0
2
43 109 
2
1774 18 14 0
1774 26 10 0
2
42 231 
2
1771 16 16 0
1771 14 30 0
2
43 111 
2
1775 18 14 0
1775 18 6 0
2
42 232 
2
1772 16 16 0
1772 26 22 0
2
43 112 
2
1776 18 14 0
1776 30 14 0
2
42 233 
2
1773 16 16 0
1773 8 22 0
2
43 113 
2
1777 18 14 0
1777 22 4 0
2
42 234 
2
1774 16 16 0
1774 12 22 0
2
43 114 
2
1778 18 14 0
1778 30 10 0
2
42 235 
2
1775 16 16 0
1775 14 24 0
2
43 115 
2
1779 18 14 0
1779 2 10 0
2
42 236 
2
1776 16 16 0
1776 8 10 0
2
43 116 
2
1780 18 14 0
1780 8 8 0
2
42 237 
2
1777 16 16 0
1777 20 28 0
2
43 117 
2
1781 18 14 0
1781 12 8 0
2
42 238 
2
1778 16 16 0
1778 14 10 0
2
43 118 
2
1782 18 14 0
1782 12 12 0
2
42 239 
2
1779 16 16 0
1779 16 20 0
2
43 119 
2
1783 18 14 0
1783 22 18 0
2
42 50 
2
1780 16 16 0
1780 4 12 0
2
43 120 
2
1784 18 14 0
1784 28 20 0
2
42 45 
2
1781 16 16 0
1781 16 2 0
2
43 121 
2
1785 18 14 0
1785 8 14 0
2
42 47 
2
1782 16 16 0
1782 26 12 0
2
43 122 
2
1786 18 14 0
1786 12 6 0
2
42 49 
2
1783 16 16 0
1783 32 14 0
2
43 123 
2
1787 18 14 0
1787 22 20 0
2
42 52 
2
1784 16 16 0
1784 18 4 0
2
43 124 
2
1788 18 14 0
1788 20 26 0
2
42 53 
2
1785 16 16 0
1785 18 8 0
2
43 125 
2
1789 18 14 0
1789 12 16 0
2
42 54 
2
1786 16 16 0
1786 24 6 0
2
43 126 
2
1790 18 14 0
1790 16 10 0
2
42 55 
2
1787 16 16 0
1787 24 2 0
2
43 128 
2
1791 18 14 0
1791 16 14 0
2
42 56 
2
1788 16 16 0
1788 32 18 0
2
43 129 
2
1792 18 14 0
1792 28 12 0
2
42 57 
2
1789 16 16 0
1789 22 28 0
2
43 130 
2
1793 18 14 0
1793 22 6 0
2
42 58 
2
1790 16 16 0
1790 10 10 0
2
43 131 
2
1794 18 14 0
1794 28 14 0
2
40 42 
2
1791 10 16 0
1791 16 16 0
2
41 43 
2
1795 20 12 0
1795 18 14 0
2
42 230 
2
1792 16 16 0
1792 10 8 0
2
43 109 
2
1796 18 14 0
1796 26 10 0
2
42 231 
2
1793 16 16 0
1793 14 30 0
2
43 111 
2
1797 18 14 0
1797 18 6 0
2
42 232 
2
1794 16 16 0
1794 26 22 0
2
43 112 
2
1798 18 14 0
1798 30 14 0
2
42 233 
2
1795 16 16 0
1795 8 22 0
2
43 113 
2
1799 18 14 0
1799 22 4 0
2
42 234 
2
1796 16 16 0
1796 12 22 0
2
43 114 
2
1800 18 14 0
1800 30 10 0
2
42 235 
2
1797 16 16 0
1797 14 24 0
2
43 115 
2
1801 18 14 0
1801 2 10 0
2
42 236 
2
1798 16 16 0
1798 8 10 0
2
43 116 
2
1802 18 14 0
1802 8 8 0
2
42 237 
2
1799 16 16 0
1799 20 28 0
2
43 117 
2
1803 18 14 0
1803 12 8 0
2
42 238 
2
1800 16 16 0
1800 14 10 0
2
43 118 
2
1804 18 14 0
1804 12 12 0
2
42 239 
2
1801 16 16 0
1801 16 20 0
2
43 119 
2
1805 18 14 0
1805 22 18 0
2
42 50 
2
1802 16 16 0
1802 4 12 0
2
43 120 
2
1806 18 14 0
1806 28 20 0
2
42 45 
2
1803 16 16 0
1803 16 2 0
2
43 121 
2
1807 18 14 0
1807 8 14 0
2
42 47 
2
1804 16 16 0
1804 26 12 0
2
43 122 
2
1808 18 14 0
1808 12 6 0
2
42 49 
2
1805 16 16 0
1805 32 14 0
2
43 123 
2
1809 18 14 0
1809 22 20 0
2
42 52 
2
1806 16 16 0
1806 18 4 0
2
43 124 
2
1810 18 14 0
1810 20 26 0
2
42 53 
2
1807 16 16 0
1807 18 8 0
2
43 125 
2
1811 18 14 0
1811 12 16 0
2
42 54 
2
1808 16 16 0
1808 24 6 0
2
43 126 
2
1812 18 14 0
1812 16 10 0
2
42 55 
2
1809 16 16 0
1809 24 2 0
2
43 128 
2
1813 18 14 0
1813 16 14 0
2
42 56 
2
1810 16 16 0
1810 32 18 0
2
43 129 
2
1814 18 14 0
1814 28 12 0
2
42 57 
2
1811 16 16 0
1811 22 28 0
2
43 130 
2
1815 18 14 0
1815 22 6 0
2
42 58 
2
1812 16 16 0
1812 10 10 0
2
43 131 
2
1816 18 14 0
1816 28 14 0
2
20 40 
2
1792 14 16 0
1792 10 16 0
2
21 41 
2
1796 20 14 0
1796 20 12 0
2
38 40 
2
1793 4 16 0
1793 10 16 0
2
39 41 
2
1797 22 8 0
1797 20 12 0
2
42 42 
1
1813 16 16 0
2
40 42 
2
1814 10 16 0
1814 16 16 0
2
42 42 
1
1815 16 16 0
2
20 42 
2
1816 14 16 0
1816 16 16 0
2
42 42 
1
1817 16 16 0
2
40 42 
2
1818 10 16 0
1818 16 16 0
2
42 42 
1
1819 16 16 0
2
43 43 
1
1817 18 14 0
2
41 43 
2
1818 20 12 0
1818 18 14 0
2
43 43 
1
1819 18 14 0
2
21 43 
2
1820 20 14 0
1820 18 14 0
2
43 43 
1
1821 18 14 0
2
41 43 
2
1822 20 12 0
1822 18 14 0
2
43 43 
1
1823 18 14 0
2
42 231 
2
1820 16 16 0
1820 14 30 0
2
43 130 
2
1824 18 14 0
1824 22 6 0
2
42 232 
2
1821 16 16 0
1821 26 22 0
2
43 131 
2
1825 18 14 0
1825 28 14 0
2
42 233 
2
1822 16 16 0
1822 8 22 0
2
43 149 
2
1826 18 14 0
1826 20 6 0
2
42 234 
2
1823 16 16 0
1823 12 22 0
2
42 235 
2
1824 16 16 0
1824 14 24 0
2
42 236 
2
1825 16 16 0
1825 8 10 0
2
42 237 
2
1826 16 16 0
1826 20 28 0
2
42 238 
2
1827 16 16 0
1827 14 10 0
2
42 239 
2
1828 16 16 0
1828 16 20 0
2
42 50 
2
1829 16 16 0
1829 4 12 0
2
42 45 
2
1830 16 16 0
1830 16 2 0
2
42 47 
2
1831 16 16 0
1831 26 12 0
2
42 49 
2
1832 16 16 0
1832 32 14 0
2
42 52 
2
1833 16 16 0
1833 18 4 0
2
42 53 
2
1834 16 16 0
1834 18 8 0
2
42 54 
2
1835 16 16 0
1835 24 6 0
2
42 55 
2
1836 16 16 0
1836 24 2 0
2
42 56 
2
1837 16 16 0
1837 32 18 0
2
42 57 
2
1838 16 16 0
1838 22 28 0
2
42 58 
2
1839 16 16 0
1839 10 10 0
2
42 59 
2
1840 16 16 0
1840 28 16 0
2
40 42 
2
1841 10 16 0
1841 16 16 0
2
41 43 
2
1827 20 12 0
1827 18 14 0
2
42 231 
2
1842 16 16 0
1842 14 30 0
2
43 130 
2
1828 18 14 0
1828 22 6 0
2
42 232 
2
1843 16 16 0
1843 26 22 0
2
43 131 
2
1829 18 14 0
1829 28 14 0
2
42 233 
2
1844 16 16 0
1844 8 22 0
2
43 149 
2
1830 18 14 0
1830 20 6 0
2
42 234 
2
1845 16 16 0
1845 12 22 0
2
42 235 
2
1846 16 16 0
1846 14 24 0
2
42 236 
2
1847 16 16 0
1847 8 10 0
2
42 237 
2
1848 16 16 0
1848 20 28 0
2
42 238 
2
1849 16 16 0
1849 14 10 0
2
42 239 
2
1850 16 16 0
1850 16 20 0
2
42 50 
2
1851 16 16 0
1851 4 12 0
2
42 45 
2
1852 16 16 0
1852 16 2 0
2
42 47 
2
1853 16 16 0
1853 26 12 0
2
42 49 
2
1854 16 16 0
1854 32 14 0
2
42 52 
2
1855 16 16 0
1855 18 4 0
2
42 53 
2
1856 16 16 0
1856 18 8 0
2
42 54 
2
1857 16 16 0
1857 24 6 0
2
42 55 
2
1858 16 16 0
1858 24 2 0
2
42 56 
2
1859 16 16 0
1859 32 18 0
2
42 57 
2
1860 16 16 0
1860 22 28 0
2
42 58 
2
1861 16 16 0
1861 10 10 0
2
42 59 
2
1862 16 16 0
1862 28 16 0
2
20 40 
2
1842 14 16 0
1842 10 16 0
2
21 41 
2
1828 20 14 0
1828 20 12 0
2
18 38 
2
1794 4 18 0
1794 4 16 0
2
19 39 
2
1798 20 8 0
1798 22 8 0
2
36 38 
2
1795 4 22 0
1795 4 16 0
2
37 39 
2
1799 24 4 0
1799 22 8 0
2
40 40 
1
1843 10 16 0
2
38 40 
2
1844 4 16 0
1844 10 16 0
2
40 40 
1
1845 10 16 0
2
18 40 
2
1846 4 18 0
1846 10 16 0
2
40 40 
1
1847 10 16 0
2
38 40 
2
1848 4 16 0
1848 10 16 0
2
40 40 
1
1849 10 16 0
2
41 41 
1
1829 20 12 0
2
39 41 
2
1830 22 8 0
1830 20 12 0
2
41 41 
1
1831 20 12 0
2
19 41 
2
1832 20 8 0
1832 20 12 0
2
41 41 
1
1833 20 12 0
2
39 41 
2
1834 22 8 0
1834 20 12 0
2
41 41 
1
1835 20 12 0
2
42 42 
1
1863 16 16 0
2
40 42 
2
1864 10 16 0
1864 16 16 0
2
42 42 
1
1865 16 16 0
2
20 42 
2
1866 14 16 0
1866 16 16 0
2
42 42 
1
1867 16 16 0
2
40 42 
2
1868 10 16 0
1868 16 16 0
2
42 42 
1
1869 16 16 0
2
43 43 
1
1831 18 14 0
2
41 43 
2
1836 20 12 0
1836 18 14 0
2
43 43 
1
1837 18 14 0
2
21 43 
2
1838 20 14 0
1838 18 14 0
2
43 43 
1
1839 18 14 0
2
41 43 
2
1840 20 12 0
1840 18 14 0
2
43 43 
1
1841 18 14 0
2
42 56 
2
1870 16 16 0
1870 32 18 0
2
43 131 
2
1842 18 14 0
1842 28 14 0
2
42 57 
2
1871 16 16 0
1871 22 28 0
2
43 149 
2
1843 18 14 0
1843 20 6 0
2
42 58 
2
1872 16 16 0
1872 10 10 0
2
43 150 
2
1844 18 14 0
1844 24 8 0
2
40 42 
2
1873 10 16 0
1873 16 16 0
2
41 43 
2
1845 20 12 0
1845 18 14 0
2
42 56 
2
1874 16 16 0
1874 32 18 0
2
43 131 
2
1846 18 14 0
1846 28 14 0
2
42 57 
2
1875 16 16 0
1875 22 28 0
2
43 149 
2
1847 18 14 0
1847 20 6 0
2
42 58 
2
1876 16 16 0
1876 10 10 0
2
43 150 
2
1848 18 14 0
1848 24 8 0
2
20 40 
2
1874 14 16 0
1874 10 16 0
2
21 41 
2
1846 20 14 0
1846 20 12 0
2
38 40 
2
1875 4 16 0
1875 10 16 0
2
39 41 
2
1847 22 8 0
1847 20 12 0
2
42 42 
1
1877 16 16 0
2
40 42 
2
1878 10 16 0
1878 16 16 0
2
42 42 
1
1879 16 16 0
2
20 42 
2
1880 14 16 0
1880 16 16 0
2
42 42 
1
1881 16 16 0
2
40 42 
2
1882 10 16 0
1882 16 16 0
2
42 42 
1
1883 16 16 0
2
43 43 
1
1849 18 14 0
2
41 43 
2
1850 20 12 0
1850 18 14 0
2
43 43 
1
1851 18 14 0
2
21 43 
2
1852 20 14 0
1852 18 14 0
2
43 43 
1
1853 18 14 0
2
41 43 
2
1854 20 12 0
1854 18 14 0
2
43 43 
1
1855 18 14 0
2
42 57 
2
1884 16 16 0
1884 22 28 0
2
43 130 
2
1856 18 14 0
1856 22 6 0
2
42 58 
2
1885 16 16 0
1885 10 10 0
2
43 131 
2
1857 18 14 0
1857 28 14 0
2
42 59 
2
1886 16 16 0
1886 28 16 0
2
43 149 
2
1858 18 14 0
1858 20 6 0
2
43 150 
2
1859 18 14 0
1859 24 8 0
2
43 151 
2
1860 18 14 0
1860 22 2 0
2
43 152 
2
1861 18 14 0
1861 22 30 0
2
43 153 
2
1862 18 14 0
1862 24 26 0
2
43 154 
2
1863 18 14 0
1863 28 18 0
2
43 155 
2
1864 18 14 0
1864 22 22 0
2
43 156 
2
1865 18 14 0
1865 26 18 0
2
43 157 
2
1866 18 14 0
1866 24 16 0
2
43 158 
2
1867 18 14 0
1867 4 14 0
2
43 159 
2
1868 18 14 0
1868 14 4 0
2
43 160 
2
1869 18 14 0
1869 10 14 0
2
43 161 
2
1870 18 14 0
1870 14 2 0
2
43 162 
2
1871 18 14 0
1871 30 18 0
2
43 163 
2
1872 18 14 0
1872 24 22 0
2
43 164 
2
1873 18 14 0
1873 26 20 0
2
43 166 
2
1874 18 14 0
1874 20 22 0
2
43 167 
2
1875 18 14 0
1875 22 12 0
2
43 168 
2
1876 18 14 0
1876 24 10 0
2
40 42 
2
1887 10 16 0
1887 16 16 0
2
41 43 
2
1877 20 12 0
1877 18 14 0
2
42 57 
2
1888 16 16 0
1888 22 28 0
2
43 130 
2
1878 18 14 0
1878 22 6 0
2
42 58 
2
1889 16 16 0
1889 10 10 0
2
43 131 
2
1879 18 14 0
1879 28 14 0
2
42 59 
2
1890 16 16 0
1890 28 16 0
2
43 149 
2
1880 18 14 0
1880 20 6 0
2
43 150 
2
1881 18 14 0
1881 24 8 0
2
43 151 
2
1882 18 14 0
1882 22 2 0
2
43 152 
2
1883 18 14 0
1883 22 30 0
2
43 153 
2
1884 18 14 0
1884 24 26 0
2
43 154 
2
1885 18 14 0
1885 28 18 0
2
43 155 
2
1886 18 14 0
1886 22 22 0
2
43 156 
2
1887 18 14 0
1887 26 18 0
2
43 157 
2
1888 18 14 0
1888 24 16 0
2
43 158 
2
1889 18 14 0
1889 4 14 0
2
43 159 
2
1890 18 14 0
1890 14 4 0
2
43 160 
2
1891 18 14 0
1891 10 14 0
2
43 161 
2
1892 18 14 0
1892 14 2 0
2
43 162 
2
1893 18 14 0
1893 30 18 0
2
43 163 
2
1894 18 14 0
1894 24 22 0
2
43 164 
2
1895 18 14 0
1895 26 20 0
2
43 166 
2
1896 18 14 0
1896 20 22 0
2
43 167 
2
1897 18 14 0
1897 22 12 0
2
43 168 
2
1898 18 14 0
1898 24 10 0
2
20 40 
2
1888 14 16 0
1888 10 16 0
2
21 41 
2
1878 20 14 0
1878 20 12 0
2
18 38 
2
1876 4 18 0
1876 4 16 0
2
19 39 
2
1848 20 8 0
1848 22 8 0
2
16 36 
2
1796 4 24 0
1796 4 22 0
2
17 37 
2
1800 26 4 0
1800 24 4 0
2
34 36 
2
1797 2 24 0
1797 4 22 0
2
35 37 
2
1801 28 2 0
1801 24 4 0
2
38 38 
1
1877 4 16 0
2
36 38 
2
1878 4 22 0
1878 4 16 0
2
38 38 
1
1879 4 16 0
2
16 38 
2
1880 4 24 0
1880 4 16 0
2
38 38 
1
1881 4 16 0
2
36 38 
2
1882 4 22 0
1882 4 16 0
2
38 38 
1
1883 4 16 0
2
39 39 
1
1849 22 8 0
2
37 39 
2
1850 24 4 0
1850 22 8 0
2
39 39 
1
1851 22 8 0
2
17 39 
2
1852 26 4 0
1852 22 8 0
2
39 39 
1
1853 22 8 0
2
37 39 
2
1854 24 4 0
1854 22 8 0
2
39 39 
1
1855 22 8 0
2
40 40 
1
1889 10 16 0
2
38 40 
2
1890 4 16 0
1890 10 16 0
2
40 40 
1
1891 10 16 0
2
18 40 
2
1892 4 18 0
1892 10 16 0
2
40 40 
1
1893 10 16 0
2
38 40 
2
1894 4 16 0
1894 10 16 0
2
40 40 
1
1895 10 16 0
2
41 41 
1
1879 20 12 0
2
39 41 
2
1880 22 8 0
1880 20 12 0
2
41 41 
1
1881 20 12 0
2
19 41 
2
1882 20 8 0
1882 20 12 0
2
41 41 
1
1883 20 12 0
2
39 41 
2
1884 22 8 0
1884 20 12 0
2
41 41 
1
1885 20 12 0
2
42 42 
1
1891 16 16 0
2
40 42 
2
1896 10 16 0
1896 16 16 0
2
42 42 
1
1897 16 16 0
2
20 42 
2
1898 14 16 0
1898 16 16 0
2
42 42 
1
1899 16 16 0
2
40 42 
2
1900 10 16 0
1900 16 16 0
2
42 42 
1
1901 16 16 0
2
43 43 
1
1899 18 14 0
2
41 43 
2
1900 20 12 0
1900 18 14 0
2
43 43 
1
1901 18 14 0
2
21 43 
2
1902 20 14 0
1902 18 14 0
2
43 43 
1
1903 18 14 0
2
41 43 
2
1904 20 12 0
1904 18 14 0
2
43 43 
1
1905 18 14 0
2
42 56 
2
1902 16 16 0
1902 32 18 0
2
43 131 
2
1906 18 14 0
1906 28 14 0
2
42 57 
2
1903 16 16 0
1903 22 28 0
2
43 149 
2
1907 18 14 0
1907 20 6 0
2
42 58 
2
1904 16 16 0
1904 10 10 0
2
43 150 
2
1908 18 14 0
1908 24 8 0
2
42 59 
2
1905 16 16 0
1905 28 16 0
2
43 151 
2
1909 18 14 0
1909 22 2 0
2
42 60 
2
1906 16 16 0
1906 16 8 0
2
43 152 
2
1910 18 14 0
1910 22 30 0
2
42 61 
2
1907 16 16 0
1907 18 30 0
2
43 153 
2
1911 18 14 0
1911 24 26 0
2
42 62 
2
1908 16 16 0
1908 20 24 0
2
43 154 
2
1912 18 14 0
1912 28 18 0
2
42 63 
2
1909 16 16 0
1909 16 12 0
2
43 155 
2
1913 18 14 0
1913 22 22 0
2
42 64 
2
1910 16 16 0
1910 16 6 0
2
43 156 
2
1914 18 14 0
1914 26 18 0
2
42 65 
2
1911 16 16 0
1911 10 6 0
2
43 157 
2
1915 18 14 0
1915 24 16 0
2
42 66 
2
1912 16 16 0
1912 18 22 0
2
43 158 
2
1916 18 14 0
1916 4 14 0
2
42 67 
2
1913 16 16 0
1913 18 28 0
2
43 159 
2
1917 18 14 0
1917 14 4 0
2
42 68 
2
1914 16 16 0
1914 18 12 0
2
43 160 
2
1918 18 14 0
1918 10 14 0
2
42 86 
2
1915 16 16 0
1915 6 10 0
2
43 161 
2
1919 18 14 0
1919 14 2 0
2
42 87 
2
1916 16 16 0
1916 22 14 0
2
43 162 
2
1920 18 14 0
1920 30 18 0
2
42 89 
2
1917 16 16 0
1917 24 14 0
2
43 163 
2
1921 18 14 0
1921 24 22 0
2
42 90 
2
1918 16 16 0
1918 20 10 0
2
43 164 
2
1922 18 14 0
1922 26 20 0
2
42 91 
2
1919 16 16 0
1919 28 8 0
2
43 166 
2
1923 18 14 0
1923 20 22 0
2
42 92 
2
1920 16 16 0
1920 32 12 0
2
43 167 
2
1924 18 14 0
1924 22 12 0
2
42 93 
2
1921 16 16 0
1921 20 2 0
2
43 168 
2
1925 18 14 0
1925 24 10 0
2
42 94 
2
1922 16 16 0
1922 8 6 0
2
43 169 
2
1926 18 14 0
1926 18 2 0
2
40 42 
2
1923 10 16 0
1923 16 16 0
2
41 43 
2
1927 20 12 0
1927 18 14 0
2
42 56 
2
1924 16 16 0
1924 32 18 0
2
43 131 
2
1928 18 14 0
1928 28 14 0
2
42 57 
2
1925 16 16 0
1925 22 28 0
2
43 149 
2
1929 18 14 0
1929 20 6 0
2
42 58 
2
1926 16 16 0
1926 10 10 0
2
43 150 
2
1930 18 14 0
1930 24 8 0
2
42 59 
2
1927 16 16 0
1927 28 16 0
2
43 151 
2
1931 18 14 0
1931 22 2 0
2
42 60 
2
1928 16 16 0
1928 16 8 0
2
43 152 
2
1932 18 14 0
1932 22 30 0
2
42 61 
2
1929 16 16 0
1929 18 30 0
2
43 153 
2
1933 18 14 0
1933 24 26 0
2
42 62 
2
1930 16 16 0
1930 20 24 0
2
43 154 
2
1934 18 14 0
1934 28 18 0
2
42 63 
2
1931 16 16 0
1931 16 12 0
2
43 155 
2
1935 18 14 0
1935 22 22 0
2
42 64 
2
1932 16 16 0
1932 16 6 0
2
43 156 
2
1936 18 14 0
1936 26 18 0
2
42 65 
2
1933 16 16 0
1933 10 6 0
2
43 157 
2
1937 18 14 0
1937 24 16 0
2
42 66 
2
1934 16 16 0
1934 18 22 0
2
43 158 
2
1938 18 14 0
1938 4 14 0
2
42 67 
2
1935 16 16 0
1935 18 28 0
2
43 159 
2
1939 18 14 0
1939 14 4 0
2
42 68 
2
1936 16 16 0
1936 18 12 0
2
43 160 
2
1940 18 14 0
1940 10 14 0
2
42 86 
2
1937 16 16 0
1937 6 10 0
2
43 161 
2
1941 18 14 0
1941 14 2 0
2
42 87 
2
1938 16 16 0
1938 22 14 0
2
43 162 
2
1942 18 14 0
1942 30 18 0
2
42 89 
2
1939 16 16 0
1939 24 14 0
2
43 163 
2
1943 18 14 0
1943 24 22 0
2
42 90 
2
1940 16 16 0
1940 20 10 0
2
43 164 
2
1944 18 14 0
1944 26 20 0
2
42 91 
2
1941 16 16 0
1941 28 8 0
2
43 166 
2
1945 18 14 0
1945 20 22 0
2
42 92 
2
1942 16 16 0
1942 32 12 0
2
43 167 
2
1946 18 14 0
1946 22 12 0
2
42 93 
2
1943 16 16 0
1943 20 2 0
2
43 168 
2
1947 18 14 0
1947 24 10 0
2
42 94 
2
1944 16 16 0
1944 8 6 0
2
43 169 
2
1948 18 14 0
1948 18 2 0
2
20 40 
2
1924 14 16 0
1924 10 16 0
2
21 41 
2
1928 20 14 0
1928 20 12 0
2
38 40 
2
1925 4 16 0
1925 10 16 0
2
39 41 
2
1929 22 8 0
1929 20 12 0
2
42 42 
1
1945 16 16 0
2
40 42 
2
1946 10 16 0
1946 16 16 0
2
42 42 
1
1947 16 16 0
2
20 42 
2
1948 14 16 0
1948 16 16 0
2
42 42 
1
1949 16 16 0
2
40 42 
2
1950 10 16 0
1950 16 16 0
2
42 42 
1
1951 16 16 0
2
43 43 
1
1949 18 14 0
2
41 43 
2
1950 20 12 0
1950 18 14 0
2
43 43 
1
1951 18 14 0
2
21 43 
2
1952 20 14 0
1952 18 14 0
2
43 43 
1
1953 18 14 0
2
41 43 
2
1954 20 12 0
1954 18 14 0
2
43 43 
1
1955 18 14 0
2
42 57 
2
1952 16 16 0
1952 22 28 0
2
43 168 
2
1956 18 14 0
1956 24 10 0
2
42 58 
2
1953 16 16 0
1953 10 10 0
2
43 169 
2
1957 18 14 0
1957 18 2 0
2
42 59 
2
1954 16 16 0
1954 28 16 0
2
43 170 
2
1958 18 14 0
1958 26 14 0
2
42 60 
2
1955 16 16 0
1955 16 8 0
2
42 61 
2
1956 16 16 0
1956 18 30 0
2
42 62 
2
1957 16 16 0
1957 20 24 0
2
42 63 
2
1958 16 16 0
1958 16 12 0
2
42 64 
2
1959 16 16 0
1959 16 6 0
2
42 65 
2
1960 16 16 0
1960 10 6 0
2
42 66 
2
1961 16 16 0
1961 18 22 0
2
42 67 
2
1962 16 16 0
1962 18 28 0
2
42 68 
2
1963 16 16 0
1963 18 12 0
2
42 86 
2
1964 16 16 0
1964 6 10 0
2
42 87 
2
1965 16 16 0
1965 22 14 0
2
42 89 
2
1966 16 16 0
1966 24 14 0
2
42 90 
2
1967 16 16 0
1967 20 10 0
2
42 91 
2
1968 16 16 0
1968 28 8 0
2
42 92 
2
1969 16 16 0
1969 32 12 0
2
42 93 
2
1970 16 16 0
1970 20 2 0
2
42 94 
2
1971 16 16 0
1971 8 6 0
2
42 95 
2
1972 16 16 0
1972 6 12 0
2
40 42 
2
1973 10 16 0
1973 16 16 0
2
41 43 
2
1959 20 12 0
1959 18 14 0
2
42 57 
2
1974 16 16 0
1974 22 28 0
2
43 168 
2
1960 18 14 0
1960 24 10 0
2
42 58 
2
1975 16 16 0
1975 10 10 0
2
43 169 
2
1961 18 14 0
1961 18 2 0
2
42 59 
2
1976 16 16 0
1976 28 16 0
2
43 170 
2
1962 18 14 0
1962 26 14 0
2
42 60 
2
1977 16 16 0
1977 16 8 0
2
42 61 
2
1978 16 16 0
1978 18 30 0
2
42 62 
2
1979 16 16 0
1979 20 24 0
2
42 63 
2
1980 16 16 0
1980 16 12 0
2
42 64 
2
1981 16 16 0
1981 16 6 0
2
42 65 
2
1982 16 16 0
1982 10 6 0
2
42 66 
2
1983 16 16 0
1983 18 22 0
2
42 67 
2
1984 16 16 0
1984 18 28 0
2
42 68 
2
1985 16 16 0
1985 18 12 0
2
42 86 
2
1986 16 16 0
1986 6 10 0
2
42 87 
2
1987 16 16 0
1987 22 14 0
2
42 89 
2
1988 16 16 0
1988 24 14 0
2
42 90 
2
1989 16 16 0
1989 20 10 0
2
42 91 
2
1990 16 16 0
1990 28 8 0
2
42 92 
2
1991 16 16 0
1991 32 12 0
2
42 93 
2
1992 16 16 0
1992 20 2 0
2
42 94 
2
1993 16 16 0
1993 8 6 0
2
42 95 
2
1994 16 16 0
1994 6 12 0
2
20 40 
2
1974 14 16 0
1974 10 16 0
2
21 41 
2
1960 20 14 0
1960 20 12 0
2
18 38 
2
1926 4 18 0
1926 4 16 0
2
19 39 
2
1930 20 8 0
1930 22 8 0
2
36 38 
2
1927 4 22 0
1927 4 16 0
2
37 39 
2
1931 24 4 0
1931 22 8 0
2
40 40 
1
1975 10 16 0
2
38 40 
2
1976 4 16 0
1976 10 16 0
2
40 40 
1
1977 10 16 0
2
18 40 
2
1978 4 18 0
1978 10 16 0
2
40 40 
1
1979 10 16 0
2
38 40 
2
1980 4 16 0
1980 10 16 0
2
40 40 
1
1981 10 16 0
2
41 41 
1
1961 20 12 0
2
39 41 
2
1962 22 8 0
1962 20 12 0
2
41 41 
1
1963 20 12 0
2
19 41 
2
1964 20 8 0
1964 20 12 0
2
41 41 
1
1965 20 12 0
2
39 41 
2
1966 22 8 0
1966 20 12 0
2
41 41 
1
1967 20 12 0
2
42 42 
1
1995 16 16 0
2
40 42 
2
1996 10 16 0
1996 16 16 0
2
42 42 
1
1997 16 16 0
2
20 42 
2
1998 14 16 0
1998 16 16 0
2
42 42 
1
1999 16 16 0
2
40 42 
2
2000 10 16 0
2000 16 16 0
2
42 42 
1
2001 16 16 0
2
43 43 
1
1963 18 14 0
2
41 43 
2
1968 20 12 0
1968 18 14 0
2
43 43 
1
1969 18 14 0
2
21 43 
2
1970 20 14 0
1970 18 14 0
2
43 43 
1
1971 18 14 0
2
41 43 
2
1972 20 12 0
1972 18 14 0
2
43 43 
1
1973 18 14 0
2
42 56 
2
2002 16 16 0
2002 32 18 0
2
43 169 
2
1974 18 14 0
1974 18 2 0
2
42 57 
2
2003 16 16 0
2003 22 28 0
2
43 170 
2
1975 18 14 0
1975 26 14 0
2
42 58 
2
2004 16 16 0
2004 10 10 0
2
43 171 
2
1976 18 14 0
1976 20 4 0
2
42 59 
2
2005 16 16 0
2005 28 16 0
2
42 60 
2
2006 16 16 0
2006 16 8 0
2
42 61 
2
2007 16 16 0
2007 18 30 0
2
42 62 
2
2008 16 16 0
2008 20 24 0
2
42 63 
2
2009 16 16 0
2009 16 12 0
2
42 64 
2
2010 16 16 0
2010 16 6 0
2
42 65 
2
2011 16 16 0
2011 10 6 0
2
42 66 
2
2012 16 16 0
2012 18 22 0
2
42 67 
2
2013 16 16 0
2013 18 28 0
2
42 68 
2
2014 16 16 0
2014 18 12 0
2
42 86 
2
2015 16 16 0
2015 6 10 0
2
42 87 
2
2016 16 16 0
2016 22 14 0
2
42 89 
2
2017 16 16 0
2017 24 14 0
2
42 90 
2
2018 16 16 0
2018 20 10 0
2
42 91 
2
2019 16 16 0
2019 28 8 0
2
42 92 
2
2020 16 16 0
2020 32 12 0
2
40 42 
2
2021 10 16 0
2021 16 16 0
2
41 43 
2
1977 20 12 0
1977 18 14 0
2
42 56 
2
2022 16 16 0
2022 32 18 0
2
43 169 
2
1978 18 14 0
1978 18 2 0
2
42 57 
2
2023 16 16 0
2023 22 28 0
2
43 170 
2
1979 18 14 0
1979 26 14 0
2
42 58 
2
2024 16 16 0
2024 10 10 0
2
43 171 
2
1980 18 14 0
1980 20 4 0
2
42 59 
2
2025 16 16 0
2025 28 16 0
2
42 60 
2
2026 16 16 0
2026 16 8 0
2
42 61 
2
2027 16 16 0
2027 18 30 0
2
42 62 
2
2028 16 16 0
2028 20 24 0
2
42 63 
2
2029 16 16 0
2029 16 12 0
2
42 64 
2
2030 16 16 0
2030 16 6 0
2
42 65 
2
2031 16 16 0
2031 10 6 0
2
42 66 
2
2032 16 16 0
2032 18 22 0
2
42 67 
2
2033 16 16 0
2033 18 28 0
2
42 68 
2
2034 16 16 0
2034 18 12 0
2
42 86 
2
2035 16 16 0
2035 6 10 0
2
42 87 
2
2036 16 16 0
2036 22 14 0
2
42 89 
2
2037 16 16 0
2037 24 14 0
2
42 90 
2
2038 16 16 0
2038 20 10 0
2
42 91 
2
2039 16 16 0
2039 28 8 0
2
42 92 
2
2040 16 16 0
2040 32 12 0
2
20 40 
2
2022 14 16 0
2022 10 16 0
2
21 41 
2
1978 20 14 0
1978 20 12 0
2
38 40 
2
2023 4 16 0
2023 10 16 0
2
39 41 
2
1979 22 8 0
1979 20 12 0
2
42 42 
1
2041 16 16 0
2
40 42 
2
2042 10 16 0
2042 16 16 0
2
42 42 
1
2043 16 16 0
2
20 42 
2
2044 14 16 0
2044 16 16 0
2
42 42 
1
2045 16 16 0
2
40 42 
2
2046 10 16 0
2046 16 16 0
2
42 42 
1
2047 16 16 0
2
43 43 
1
1981 18 14 0
2
41 43 
2
1982 20 12 0
1982 18 14 0
2
43 43 
1
1983 18 14 0
2
21 43 
2
1984 20 14 0
1984 18 14 0
2
43 43 
1
1985 18 14 0
2
41 43 
2
1986 20 12 0
1986 18 14 0
2
43 43 
1
1987 18 14 0
2
42 57 
2
2048 16 16 0
2048 22 28 0
2
43 168 
2
1988 18 14 0
1988 24 10 0
2
42 58 
2
2049 16 16 0
2049 10 10 0
2
43 169 
2
1989 18 14 0
1989 18 2 0
2
42 59 
2
2050 16 16 0
2050 28 16 0
2
43 170 
2
1990 18 14 0
1990 26 14 0
2
42 60 
2
2051 16 16 0
2051 16 8 0
2
43 171 
2
1991 18 14 0
1991 20 4 0
2
42 61 
2
2052 16 16 0
2052 18 30 0
2
43 172 
2
1992 18 14 0
1992 26 8 0
2
42 62 
2
2053 16 16 0
2053 20 24 0
2
43 173 
2
1993 18 14 0
1993 26 6 0
2
42 63 
2
2054 16 16 0
2054 16 12 0
2
43 174 
2
1994 18 14 0
1994 20 32 0
2
42 64 
2
2055 16 16 0
2055 16 6 0
2
43 175 
2
1995 18 14 0
1995 6 8 0
2
42 65 
2
2056 16 16 0
2056 10 6 0
2
43 176 
2
1996 18 14 0
1996 20 30 0
2
42 66 
2
2057 16 16 0
2057 18 22 0
2
43 177 
2
1997 18 14 0
1997 8 4 0
2
42 67 
2
2058 16 16 0
2058 18 28 0
2
43 178 
2
1998 18 14 0
1998 10 2 0
2
42 68 
2
2059 16 16 0
2059 18 12 0
2
43 179 
2
1999 18 14 0
1999 30 22 0
2
42 86 
2
2060 16 16 0
2060 6 10 0
2
43 180 
2
2000 18 14 0
2000 26 26 0
2
42 87 
2
2061 16 16 0
2061 22 14 0
2
43 181 
2
2001 18 14 0
2001 32 20 0
2
42 89 
2
2062 16 16 0
2062 24 14 0
2
43 182 
2
2002 18 14 0
2002 32 10 0
2
42 90 
2
2063 16 16 0
2063 20 10 0
2
43 183 
2
2003 18 14 0
2003 2 8 0
2
42 91 
2
2064 16 16 0
2064 28 8 0
2
43 184 
2
2004 18 14 0
2004 30 8 0
2
42 92 
2
2065 16 16 0
2065 32 12 0
2
43 185 
2
2005 18 14 0
2005 24 30 0
2
42 93 
2
2066 16 16 0
2066 20 2 0
2
43 186 
2
2006 18 14 0
2006 28 6 0
2
43 188 
2
2007 18 14 0
2007 30 6 0
2
43 189 
2
2008 18 14 0
2008 32 8 0
2
40 42 
2
2067 10 16 0
2067 16 16 0
2
41 43 
2
2009 20 12 0
2009 18 14 0
2
42 57 
2
2068 16 16 0
2068 22 28 0
2
43 168 
2
2010 18 14 0
2010 24 10 0
2
42 58 
2
2069 16 16 0
2069 10 10 0
2
43 169 
2
2011 18 14 0
2011 18 2 0
2
42 59 
2
2070 16 16 0
2070 28 16 0
2
43 170 
2
2012 18 14 0
2012 26 14 0
2
42 60 
2
2071 16 16 0
2071 16 8 0
2
43 171 
2
2013 18 14 0
2013 20 4 0
2
42 61 
2
2072 16 16 0
2072 18 30 0
2
43 172 
2
2014 18 14 0
2014 26 8 0
2
42 62 
2
2073 16 16 0
2073 20 24 0
2
43 173 
2
2015 18 14 0
2015 26 6 0
2
42 63 
2
2074 16 16 0
2074 16 12 0
2
43 174 
2
2016 18 14 0
2016 20 32 0
2
42 64 
2
2075 16 16 0
2075 16 6 0
2
43 175 
2
2017 18 14 0
2017 6 8 0
2
42 65 
2
2076 16 16 0
2076 10 6 0
2
43 176 
2
2018 18 14 0
2018 20 30 0
2
42 66 
2
2077 16 16 0
2077 18 22 0
2
43 177 
2
2019 18 14 0
2019 8 4 0
2
42 67 
2
2078 16 16 0
2078 18 28 0
2
43 178 
2
2020 18 14 0
2020 10 2 0
2
42 68 
2
2079 16 16 0
2079 18 12 0
2
43 179 
2
2021 18 14 0
2021 30 22 0
2
42 86 
2
2080 16 16 0
2080 6 10 0
2
43 180 
2
2022 18 14 0
2022 26 26 0
2
42 87 
2
2081 16 16 0
2081 22 14 0
2
43 181 
2
2023 18 14 0
2023 32 20 0
2
42 89 
2
2082 16 16 0
2082 24 14 0
2
43 182 
2
2024 18 14 0
2024 32 10 0
2
42 90 
2
2083 16 16 0
2083 20 10 0
2
43 183 
2
2025 18 14 0
2025 2 8 0
2
42 91 
2
2084 16 16 0
2084 28 8 0
2
43 184 
2
2026 18 14 0
2026 30 8 0
2
42 92 
2
2085 16 16 0
2085 32 12 0
2
43 185 
2
2027 18 14 0
2027 24 30 0
2
42 93 
2
2086 16 16 0
2086 20 2 0
2
43 186 
2
2028 18 14 0
2028 28 6 0
2
43 188 
2
2029 18 14 0
2029 30 6 0
2
43 189 
2
2030 18 14 0
2030 32 8 0
2
20 40 
2
2068 14 16 0
2068 10 16 0
2
21 41 
2
2010 20 14 0
2010 20 12 0
2
18 38 
2
2024 4 18 0
2024 4 16 0
2
19 39 
2
1980 20 8 0
1980 22 8 0
2
16 36 
2
1928 4 24 0
1928 4 22 0
2
17 37 
2
1932 26 4 0
1932 24 4 0
2
14 34 
2
1798 4 26 0
1798 2 24 0
2
15 35 
2
1802 26 2 0
1802 28 2 0
2
32 34 
2
1799 2 28 0
1799 2 24 0
2
33 35 
2
1803 32 2 0
1803 28 2 0
2
36 36 
1
1929 4 22 0
2
34 36 
2
1930 2 24 0
1930 4 22 0
2
36 36 
1
1931 4 22 0
2
14 36 
2
1932 4 26 0
1932 4 22 0
2
36 36 
1
1933 4 22 0
2
34 36 
2
1934 2 24 0
1934 4 22 0
2
36 36 
1
1935 4 22 0
2
37 37 
1
1933 24 4 0
2
35 37 
2
1934 28 2 0
1934 24 4 0
2
37 37 
1
1935 24 4 0
2
15 37 
2
1936 26 2 0
1936 24 4 0
2
37 37 
1
1937 24 4 0
2
35 37 
2
1938 28 2 0
1938 24 4 0
2
37 37 
1
1939 24 4 0
2
38 38 
1
2025 4 16 0
2
36 38 
2
2026 4 22 0
2026 4 16 0
2
38 38 
1
2027 4 16 0
2
16 38 
2
2028 4 24 0
2028 4 16 0
2
38 38 
1
2029 4 16 0
2
36 38 
2
2030 4 22 0
2030 4 16 0
2
38 38 
1
2031 4 16 0
2
39 39 
1
1981 22 8 0
2
37 39 
2
1982 24 4 0
1982 22 8 0
2
39 39 
1
1983 22 8 0
2
17 39 
2
1984 26 4 0
1984 22 8 0
2
39 39 
1
1985 22 8 0
2
37 39 
2
1986 24 4 0
1986 22 8 0
2
39 39 
1
1987 22 8 0
2
40 40 
1
2069 10 16 0
2
38 40 
2
2070 4 16 0
2070 10 16 0
2
40 40 
1
2071 10 16 0
2
18 40 
2
2072 4 18 0
2072 10 16 0
2
40 40 
1
2073 10 16 0
2
38 40 
2
2074 4 16 0
2074 10 16 0
2
40 40 
1
2075 10 16 0
2
41 41 
1
2011 20 12 0
2
39 41 
2
2012 22 8 0
2012 20 12 0
2
41 41 
1
2013 20 12 0
2
19 41 
2
2014 20 8 0
2014 20 12 0
2
41 41 
1
2015 20 12 0
2
39 41 
2
2016 22 8 0
2016 20 12 0
2
41 41 
1
2017 20 12 0
2
42 42 
1
2087 16 16 0
2
40 42 
2
2088 10 16 0
2088 16 16 0
2
42 42 
1
2089 16 16 0
2
20 42 
2
2090 14 16 0
2090 16 16 0
2
42 42 
1
2091 16 16 0
2
40 42 
2
2092 10 16 0
2092 16 16 0
2
42 42 
1
2093 16 16 0
2
43 43 
1
2031 18 14 0
2
41 43 
2
2032 20 12 0
2032 18 14 0
2
43 43 
1
2033 18 14 0
2
21 43 
2
2034 20 14 0
2034 18 14 0
2
43 43 
1
2035 18 14 0
2
41 43 
2
2036 20 12 0
2036 18 14 0
2
43 43 
1
2037 18 14 0
2
42 58 
2
2094 16 16 0
2094 10 10 0
2
43 169 
2
2038 18 14 0
2038 18 2 0
2
42 59 
2
2095 16 16 0
2095 28 16 0
2
43 170 
2
2039 18 14 0
2039 26 14 0
2
42 60 
2
2096 16 16 0
2096 16 8 0
2
43 171 
2
2040 18 14 0
2040 20 4 0
2
43 172 
2
2041 18 14 0
2041 26 8 0
2
43 173 
2
2042 18 14 0
2042 26 6 0
2
43 174 
2
2043 18 14 0
2043 20 32 0
2
43 175 
2
2044 18 14 0
2044 6 8 0
2
43 176 
2
2045 18 14 0
2045 20 30 0
2
43 177 
2
2046 18 14 0
2046 8 4 0
2
43 178 
2
2047 18 14 0
2047 10 2 0
2
43 179 
2
2048 18 14 0
2048 30 22 0
2
43 180 
2
2049 18 14 0
2049 26 26 0
2
43 181 
2
2050 18 14 0
2050 32 20 0
2
43 182 
2
2051 18 14 0
2051 32 10 0
2
43 183 
2
2052 18 14 0
2052 2 8 0
2
43 184 
2
2053 18 14 0
2053 30 8 0
2
43 185 
2
2054 18 14 0
2054 24 30 0
2
43 186 
2
2055 18 14 0
2055 28 6 0
2
43 188 
2
2056 18 14 0
2056 30 6 0
2
43 189 
2
2057 18 14 0
2057 32 8 0
2
43 191 
2
2058 18 14 0
2058 28 4 0
2
40 42 
2
2097 10 16 0
2097 16 16 0
2
41 43 
2
2059 20 12 0
2059 18 14 0
2
42 58 
2
2098 16 16 0
2098 10 10 0
2
43 169 
2
2060 18 14 0
2060 18 2 0
2
42 59 
2
2099 16 16 0
2099 28 16 0
2
43 170 
2
2061 18 14 0
2061 26 14 0
2
42 60 
2
2100 16 16 0
2100 16 8 0
2
43 171 
2
2062 18 14 0
2062 20 4 0
2
43 172 
2
2063 18 14 0
2063 26 8 0
2
43 173 
2
2064 18 14 0
2064 26 6 0
2
43 174 
2
2065 18 14 0
2065 20 32 0
2
43 175 
2
2066 18 14 0
2066 6 8 0
2
43 176 
2
2067 18 14 0
2067 20 30 0
2
43 177 
2
2068 18 14 0
2068 8 4 0
2
43 178 
2
2069 18 14 0
2069 10 2 0
2
43 179 
2
2070 18 14 0
2070 30 22 0
2
43 180 
2
2071 18 14 0
2071 26 26 0
2
43 181 
2
2072 18 14 0
2072 32 20 0
2
43 182 
2
2073 18 14 0
2073 32 10 0
2
43 183 
2
2074 18 14 0
2074 2 8 0
2
43 184 
2
2075 18 14 0
2075 30 8 0
2
43 185 
2
2076 18 14 0
2076 24 30 0
2
43 186 
2
2077 18 14 0
2077 28 6 0
2
43 188 
2
2078 18 14 0
2078 30 6 0
2
43 189 
2
2079 18 14 0
2079 32 8 0
2
43 191 
2
2080 18 14 0
2080 28 4 0
2
20 40 
2
2098 14 16 0
2098 10 16 0
2
21 41 
2
2060 20 14 0
2060 20 12 0
2
38 40 
2
2099 4 16 0
2099 10 16 0
2
39 41 
2
2061 22 8 0
2061 20 12 0
2
42 42 
1
2101 16 16 0
2
40 42 
2
2102 10 16 0
2102 16 16 0
2
42 42 
1
2103 16 16 0
2
20 42 
2
2104 14 16 0
2104 16 16 0
2
42 42 
1
2105 16 16 0
2
40 42 
2
2106 10 16 0
2106 16 16 0
2
42 42 
1
2107 16 16 0
2
43 43 
1
2081 18 14 0
2
41 43 
2
2082 20 12 0
2082 18 14 0
2
43 43 
1
2083 18 14 0
2
21 43 
2
2084 20 14 0
2084 18 14 0
2
43 43 
1
2085 18 14 0
2
41 43 
2
2086 20 12 0
2086 18 14 0
2
43 43 
1
2087 18 14 0
2
42 59 
2
2108 16 16 0
2108 28 16 0
2
43 189 
2
2088 18 14 0
2088 32 8 0
2
42 60 
2
2109 16 16 0
2109 16 8 0
2
43 191 
2
2089 18 14 0
2089 28 4 0
2
42 61 
2
2110 16 16 0
2110 18 30 0
2
43 240 
2
2090 18 14 0
2090 6 4 0
2
40 42 
2
2111 10 16 0
2111 16 16 0
2
41 43 
2
2091 20 12 0
2091 18 14 0
2
42 59 
2
2112 16 16 0
2112 28 16 0
2
43 189 
2
2092 18 14 0
2092 32 8 0
2
42 60 
2
2113 16 16 0
2113 16 8 0
2
43 191 
2
2093 18 14 0
2093 28 4 0
2
42 61 
2
2114 16 16 0
2114 18 30 0
2
43 240 
2
2094 18 14 0
2094 6 4 0
2
20 40 
2
2112 14 16 0
2112 10 16 0
2
21 41 
2
2092 20 14 0
2092 20 12 0
2
18 38 
2
2100 4 18 0
2100 4 16 0
2
19 39 
2
2062 20 8 0
2062 22 8 0
2
36 38 
2
2101 4 22 0
2101 4 16 0
2
37 39 
2
2063 24 4 0
2063 22 8 0
2
40 40 
1
2113 10 16 0
2
38 40 
2
2114 4 16 0
2114 10 16 0
2
40 40 
1
2115 10 16 0
2
18 40 
2
2116 4 18 0
2116 10 16 0
2
40 40 
1
2117 10 16 0
2
38 40 
2
2118 4 16 0
2118 10 16 0
2
40 40 
1
2119 10 16 0
2
41 41 
1
2093 20 12 0
2
39 41 
2
2094 22 8 0
2094 20 12 0
2
41 41 
1
2095 20 12 0
2
19 41 
2
2096 20 8 0
2096 20 12 0
2
41 41 
1
2097 20 12 0
2
39 41 
2
2098 22 8 0
2098 20 12 0
2
41 41 
1
2099 20 12 0
2
42 42 
1
2115 16 16 0
2
40 42 
2
2120 10 16 0
2120 16 16 0
2
42 42 
1
2121 16 16 0
2
20 42 
2
2122 14 16 0
2122 16 16 0
2
42 42 
1
2123 16 16 0
2
40 42 
2
2124 10 16 0
2124 16 16 0
2
42 42 
1
2125 16 16 0
2
43 43 
1
2095 18 14 0
2
41 43 
2
2100 20 12 0
2100 18 14 0
2
43 43 
1
2101 18 14 0
2
21 43 
2
2102 20 14 0
2102 18 14 0
2
43 43 
1
2103 18 14 0
2
41 43 
2
2104 20 12 0
2104 18 14 0
2
43 43 
1
2105 18 14 0
2
42 58 
2
2126 16 16 0
2126 10 10 0
2
43 191 
2
2106 18 14 0
2106 28 4 0
2
42 59 
2
2127 16 16 0
2127 28 16 0
2
43 240 
2
2107 18 14 0
2107 6 4 0
2
42 60 
2
2128 16 16 0
2128 16 8 0
2
43 241 
2
2108 18 14 0
2108 32 22 0
2
42 61 
2
2129 16 16 0
2129 18 30 0
2
42 62 
2
2130 16 16 0
2130 20 24 0
2
42 63 
2
2131 16 16 0
2131 16 12 0
2
42 64 
2
2132 16 16 0
2132 16 6 0
2
42 65 
2
2133 16 16 0
2133 10 6 0
2
42 66 
2
2134 16 16 0
2134 18 22 0
2
42 67 
2
2135 16 16 0
2135 18 28 0
2
42 68 
2
2136 16 16 0
2136 18 12 0
2
42 86 
2
2137 16 16 0
2137 6 10 0
2
42 87 
2
2138 16 16 0
2138 22 14 0
2
42 89 
2
2139 16 16 0
2139 24 14 0
2
42 90 
2
2140 16 16 0
2140 20 10 0
2
42 91 
2
2141 16 16 0
2141 28 8 0
2
42 92 
2
2142 16 16 0
2142 32 12 0
2
42 93 
2
2143 16 16 0
2143 20 2 0
2
42 94 
2
2144 16 16 0
2144 8 6 0
2
42 95 
2
2145 16 16 0
2145 6 12 0
2
42 96 
2
2146 16 16 0
2146 16 4 0
2
40 42 
2
2147 10 16 0
2147 16 16 0
2
41 43 
2
2109 20 12 0
2109 18 14 0
2
42 58 
2
2148 16 16 0
2148 10 10 0
2
43 191 
2
2110 18 14 0
2110 28 4 0
2
42 59 
2
2149 16 16 0
2149 28 16 0
2
43 240 
2
2111 18 14 0
2111 6 4 0
2
42 60 
2
2150 16 16 0
2150 16 8 0
2
43 241 
2
2112 18 14 0
2112 32 22 0
2
42 61 
2
2151 16 16 0
2151 18 30 0
2
42 62 
2
2152 16 16 0
2152 20 24 0
2
42 63 
2
2153 16 16 0
2153 16 12 0
2
42 64 
2
2154 16 16 0
2154 16 6 0
2
42 65 
2
2155 16 16 0
2155 10 6 0
2
42 66 
2
2156 16 16 0
2156 18 22 0
2
42 67 
2
2157 16 16 0
2157 18 28 0
2
42 68 
2
2158 16 16 0
2158 18 12 0
2
42 86 
2
2159 16 16 0
2159 6 10 0
2
42 87 
2
2160 16 16 0
2160 22 14 0
2
42 89 
2
2161 16 16 0
2161 24 14 0
2
42 90 
2
2162 16 16 0
2162 20 10 0
2
42 91 
2
2163 16 16 0
2163 28 8 0
2
42 92 
2
2164 16 16 0
2164 32 12 0
2
42 93 
2
2165 16 16 0
2165 20 2 0
2
42 94 
2
2166 16 16 0
2166 8 6 0
2
42 95 
2
2167 16 16 0
2167 6 12 0
2
42 96 
2
2168 16 16 0
2168 16 4 0
2
20 40 
2
2148 14 16 0
2148 10 16 0
2
21 41 
2
2110 20 14 0
2110 20 12 0
2
38 40 
2
2149 4 16 0
2149 10 16 0
2
39 41 
2
2111 22 8 0
2111 20 12 0
2
42 42 
1
2169 16 16 0
2
40 42 
2
2170 10 16 0
2170 16 16 0
2
42 42 
1
2171 16 16 0
2
20 42 
2
2172 14 16 0
2172 16 16 0
2
42 42 
1
2173 16 16 0
2
40 42 
2
2174 10 16 0
2174 16 16 0
2
42 42 
1
2175 16 16 0
2
43 43 
1
2113 18 14 0
2
41 43 
2
2114 20 12 0
2114 18 14 0
2
43 43 
1
2115 18 14 0
2
21 43 
2
2116 20 14 0
2116 18 14 0
2
43 43 
1
2117 18 14 0
2
41 43 
2
2118 20 12 0
2118 18 14 0
2
43 43 
1
2119 18 14 0
2
42 59 
2
2176 16 16 0
2176 28 16 0
2
43 81 
2
2120 18 14 0
2120 6 6 0
2
42 60 
2
2177 16 16 0
2177 16 8 0
2
43 82 
2
2121 18 14 0
2121 28 22 0
2
42 61 
2
2178 16 16 0
2178 18 30 0
2
43 83 
2
2122 18 14 0
2122 10 4 0
2
42 62 
2
2179 16 16 0
2179 20 24 0
2
42 63 
2
2180 16 16 0
2180 16 12 0
2
42 64 
2
2181 16 16 0
2181 16 6 0
2
42 65 
2
2182 16 16 0
2182 10 6 0
2
42 66 
2
2183 16 16 0
2183 18 22 0
2
42 67 
2
2184 16 16 0
2184 18 28 0
2
42 68 
2
2185 16 16 0
2185 18 12 0
2
42 86 
2
2186 16 16 0
2186 6 10 0
2
42 87 
2
2187 16 16 0
2187 22 14 0
2
42 89 
2
2188 16 16 0
2188 24 14 0
2
42 90 
2
2189 16 16 0
2189 20 10 0
2
42 91 
2
2190 16 16 0
2190 28 8 0
2
42 92 
2
2191 16 16 0
2191 32 12 0
2
42 93 
2
2192 16 16 0
2192 20 2 0
2
42 94 
2
2193 16 16 0
2193 8 6 0
2
42 95 
2
2194 16 16 0
2194 6 12 0
2
42 96 
2
2195 16 16 0
2195 16 4 0
2
42 97 
2
2196 16 16 0
2196 12 14 0
2
40 42 
2
2197 10 16 0
2197 16 16 0
2
41 43 
2
2123 20 12 0
2123 18 14 0
2
42 59 
2
2198 16 16 0
2198 28 16 0
2
43 81 
2
2124 18 14 0
2124 6 6 0
2
42 60 
2
2199 16 16 0
2199 16 8 0
2
43 82 
2
2125 18 14 0
2125 28 22 0
2
42 61 
2
2200 16 16 0
2200 18 30 0
2
43 83 
2
2126 18 14 0
2126 10 4 0
2
42 62 
2
2201 16 16 0
2201 20 24 0
2
42 63 
2
2202 16 16 0
2202 16 12 0
2
42 64 
2
2203 16 16 0
2203 16 6 0
2
42 65 
2
2204 16 16 0
2204 10 6 0
2
42 66 
2
2205 16 16 0
2205 18 22 0
2
42 67 
2
2206 16 16 0
2206 18 28 0
2
42 68 
2
2207 16 16 0
2207 18 12 0
2
42 86 
2
2208 16 16 0
2208 6 10 0
2
42 87 
2
2209 16 16 0
2209 22 14 0
2
42 89 
2
2210 16 16 0
2210 24 14 0
2
42 90 
2
2211 16 16 0
2211 20 10 0
2
42 91 
2
2212 16 16 0
2212 28 8 0
2
42 92 
2
2213 16 16 0
2213 32 12 0
2
42 93 
2
2214 16 16 0
2214 20 2 0
2
42 94 
2
2215 16 16 0
2215 8 6 0
2
42 95 
2
2216 16 16 0
2216 6 12 0
2
42 96 
2
2217 16 16 0
2217 16 4 0
2
42 97 
2
2218 16 16 0
2218 12 14 0
2
20 40 
2
2198 14 16 0
2198 10 16 0
2
21 41 
2
2124 20 14 0
2124 20 12 0
2
18 38 
2
2150 4 18 0
2150 4 16 0
2
19 39 
2
2112 20 8 0
2112 22 8 0
2
16 36 
2
2102 4 24 0
2102 4 22 0
2
17 37 
2
2064 26 4 0
2064 24 4 0
2
34 36 
2
2103 2 24 0
2103 4 22 0
2
35 37 
2
2065 28 2 0
2065 24 4 0
2
38 38 
1
2151 4 16 0
2
36 38 
2
2152 4 22 0
2152 4 16 0
2
38 38 
1
2153 4 16 0
2
16 38 
2
2154 4 24 0
2154 4 16 0
2
38 38 
1
2155 4 16 0
2
36 38 
2
2156 4 22 0
2156 4 16 0
2
38 38 
1
2157 4 16 0
2
39 39 
1
2113 22 8 0
2
37 39 
2
2114 24 4 0
2114 22 8 0
2
39 39 
1
2115 22 8 0
2
17 39 
2
2116 26 4 0
2116 22 8 0
2
39 39 
1
2117 22 8 0
2
37 39 
2
2118 24 4 0
2118 22 8 0
2
39 39 
1
2119 22 8 0
2
40 40 
1
2199 10 16 0
2
38 40 
2
2200 4 16 0
2200 10 16 0
2
40 40 
1
2201 10 16 0
2
18 40 
2
2202 4 18 0
2202 10 16 0
2
40 40 
1
2203 10 16 0
2
38 40 
2
2204 4 16 0
2204 10 16 0
2
40 40 
1
2205 10 16 0
2
41 41 
1
2125 20 12 0
2
39 41 
2
2126 22 8 0
2126 20 12 0
2
41 41 
1
2127 20 12 0
2
19 41 
2
2128 20 8 0
2128 20 12 0
2
41 41 
1
2129 20 12 0
2
39 41 
2
2130 22 8 0
2130 20 12 0
2
41 41 
1
2131 20 12 0
2
42 42 
1
2219 16 16 0
2
40 42 
2
2220 10 16 0
2220 16 16 0
2
42 42 
1
2221 16 16 0
2
20 42 
2
2222 14 16 0
2222 16 16 0
2
42 42 
1
2223 16 16 0
2
40 42 
2
2224 10 16 0
2224 16 16 0
2
42 42 
1
2225 16 16 0
2
43 43 
1
2127 18 14 0
2
41 43 
2
2132 20 12 0
2132 18 14 0
2
43 43 
1
2133 18 14 0
2
21 43 
2
2134 20 14 0
2134 18 14 0
2
43 43 
1
2135 18 14 0
2
41 43 
2
2136 20 12 0
2136 18 14 0
2
43 43 
1
2137 18 14 0
2
42 94 
2
2226 16 16 0
2226 8 6 0
2
43 82 
2
2138 18 14 0
2138 28 22 0
2
42 95 
2
2227 16 16 0
2227 6 12 0
2
43 83 
2
2139 18 14 0
2139 10 4 0
2
42 96 
2
2228 16 16 0
2228 16 4 0
2
43 84 
2
2140 18 14 0
2140 28 24 0
2
40 42 
2
2229 10 16 0
2229 16 16 0
2
41 43 
2
2141 20 12 0
2141 18 14 0
2
42 94 
2
2230 16 16 0
2230 8 6 0
2
43 82 
2
2142 18 14 0
2142 28 22 0
2
42 95 
2
2231 16 16 0
2231 6 12 0
2
43 83 
2
2143 18 14 0
2143 10 4 0
2
42 96 
2
2232 16 16 0
2232 16 4 0
2
43 84 
2
2144 18 14 0
2144 28 24 0
2
20 40 
2
2230 14 16 0
2230 10 16 0
2
21 41 
2
2142 20 14 0
2142 20 12 0
2
38 40 
2
2231 4 16 0
2231 10 16 0
2
39 41 
2
2143 22 8 0
2143 20 12 0
2
42 42 
1
2233 16 16 0
2
40 42 
2
2234 10 16 0
2234 16 16 0
2
42 42 
1
2235 16 16 0
2
20 42 
2
2236 14 16 0
2236 16 16 0
2
42 42 
1
2237 16 16 0
2
40 42 
2
2238 10 16 0
2238 16 16 0
2
42 42 
1
2239 16 16 0
2
43 43 
1
2145 18 14 0
2
41 43 
2
2146 20 12 0
2146 18 14 0
2
43 43 
1
2147 18 14 0
2
21 43 
2
2148 20 14 0
2148 18 14 0
2
43 43 
1
2149 18 14 0
2
41 43 
2
2150 20 12 0
2150 18 14 0
2
43 43 
1
2151 18 14 0
2
42 95 
2
2240 16 16 0
2240 6 12 0
2
43 81 
2
2152 18 14 0
2152 6 6 0
2
42 96 
2
2241 16 16 0
2241 16 4 0
2
43 82 
2
2153 18 14 0
2153 28 22 0
2
42 97 
2
2242 16 16 0
2242 12 14 0
2
43 83 
2
2154 18 14 0
2154 10 4 0
2
43 84 
2
2155 18 14 0
2155 28 24 0
2
43 85 
2
2156 18 14 0
2156 30 20 0
2
43 88 
2
2157 18 14 0
2157 12 4 0
2
43 110 
2
2158 18 14 0
2158 6 20 0
2
43 127 
2
2159 18 14 0
2159 12 18 0
2
43 132 
2
2160 18 14 0
2160 8 16 0
2
43 133 
2
2161 18 14 0
2161 10 12 0
2
43 134 
2
2162 18 14 0
2162 16 30 0
2
43 135 
2
2163 18 14 0
2163 10 26 0
2
43 136 
2
2164 18 14 0
2164 16 26 0
2
43 137 
2
2165 18 14 0
2165 16 28 0
2
43 138 
2
2166 18 14 0
2166 10 20 0
2
43 139 
2
2167 18 14 0
2167 12 26 0
2
43 140 
2
2168 18 14 0
2168 14 18 0
2
43 141 
2
2169 18 14 0
2169 14 20 0
2
43 142 
2
2170 18 14 0
2170 8 12 0
2
43 143 
2
2171 18 14 0
2171 22 24 0
2
43 144 
2
2172 18 14 0
2172 24 18 0
2
40 42 
2
2243 10 16 0
2243 16 16 0
2
41 43 
2
2173 20 12 0
2173 18 14 0
2
42 95 
2
2244 16 16 0
2244 6 12 0
2
43 81 
2
2174 18 14 0
2174 6 6 0
2
42 96 
2
2245 16 16 0
2245 16 4 0
2
43 82 
2
2175 18 14 0
2175 28 22 0
2
42 97 
2
2246 16 16 0
2246 12 14 0
2
43 83 
2
2176 18 14 0
2176 10 4 0
2
43 84 
2
2177 18 14 0
2177 28 24 0
2
43 85 
2
2178 18 14 0
2178 30 20 0
2
43 88 
2
2179 18 14 0
2179 12 4 0
2
43 110 
2
2180 18 14 0
2180 6 20 0
2
43 127 
2
2181 18 14 0
2181 12 18 0
2
43 132 
2
2182 18 14 0
2182 8 16 0
2
43 133 
2
2183 18 14 0
2183 10 12 0
2
43 134 
2
2184 18 14 0
2184 16 30 0
2
43 135 
2
2185 18 14 0
2185 10 26 0
2
43 136 
2
2186 18 14 0
2186 16 26 0
2
43 137 
2
2187 18 14 0
2187 16 28 0
2
43 138 
2
2188 18 14 0
2188 10 20 0
2
43 139 
2
2189 18 14 0
2189 12 26 0
2
43 140 
2
2190 18 14 0
2190 14 18 0
2
43 141 
2
2191 18 14 0
2191 14 20 0
2
43 142 
2
2192 18 14 0
2192 8 12 0
2
43 143 
2
2193 18 14 0
2193 22 24 0
2
43 144 
2
2194 18 14 0
2194 24 18 0
2
20 40 
2
2244 14 16 0
2244 10 16 0
2
21 41 
2
2174 20 14 0
2174 20 12 0
2
18 38 
2
2232 4 18 0
2232 4 16 0
2
19 39 
2
2144 20 8 0
2144 22 8 0
2
36 38 
2
2233 4 22 0
2233 4 16 0
2
37 39 
2
2145 24 4 0
2145 22 8 0
2
40 40 
1
2245 10 16 0
2
38 40 
2
2246 4 16 0
2246 10 16 0
2
40 40 
1
2247 10 16 0
2
18 40 
2
2248 4 18 0
2248 10 16 0
2
40 40 
1
2249 10 16 0
2
38 40 
2
2250 4 16 0
2250 10 16 0
2
40 40 
1
2251 10 16 0
2
41 41 
1
2175 20 12 0
2
39 41 
2
2176 22 8 0
2176 20 12 0
2
41 41 
1
2177 20 12 0
2
19 41 
2
2178 20 8 0
2178 20 12 0
2
41 41 
1
2179 20 12 0
2
39 41 
2
2180 22 8 0
2180 20 12 0
2
41 41 
1
2181 20 12 0
2
42 42 
1
2247 16 16 0
2
40 42 
2
2252 10 16 0
2252 16 16 0
2
42 42 
1
2253 16 16 0
2
20 42 
2
2254 14 16 0
2254 16 16 0
2
42 42 
1
2255 16 16 0
2
40 42 
2
2256 10 16 0
2256 16 16 0
2
42 42 
1
2257 16 16 0
2
43 43 
1
2195 18 14 0
2
41 43 
2
2196 20 12 0
2196 18 14 0
2
43 43 
1
2197 18 14 0
2
21 43 
2
2198 20 14 0
2198 18 14 0
2
43 43 
1
2199 18 14 0
2
41 43 
2
2200 20 12 0
2200 18 14 0
2
43 43 
1
2201 18 14 0
2
42 94 
2
2258 16 16 0
2258 8 6 0
2
43 82 
2
2202 18 14 0
2202 28 22 0
2
42 95 
2
2259 16 16 0
2259 6 12 0
2
43 83 
2
2203 18 14 0
2203 10 4 0
2
42 96 
2
2260 16 16 0
2260 16 4 0
2
43 84 
2
2204 18 14 0
2204 28 24 0
2
42 97 
2
2261 16 16 0
2261 12 14 0
2
43 85 
2
2205 18 14 0
2205 30 20 0
2
42 98 
2
2262 16 16 0
2262 22 16 0
2
43 88 
2
2206 18 14 0
2206 12 4 0
2
42 99 
2
2263 16 16 0
2263 18 24 0
2
43 110 
2
2207 18 14 0
2207 6 20 0
2
42 100 
2
2264 16 16 0
2264 12 10 0
2
43 127 
2
2208 18 14 0
2208 12 18 0
2
42 101 
2
2265 16 16 0
2265 18 18 0
2
43 132 
2
2209 18 14 0
2209 8 16 0
2
42 102 
2
2266 16 16 0
2266 14 8 0
2
43 133 
2
2210 18 14 0
2210 10 12 0
2
42 103 
2
2267 16 16 0
2267 14 6 0
2
43 134 
2
2211 18 14 0
2211 16 30 0
2
42 104 
2
2268 16 16 0
2268 22 26 0
2
43 135 
2
2212 18 14 0
2212 10 26 0
2
42 105 
2
2269 16 16 0
2269 20 16 0
2
43 136 
2
2213 18 14 0
2213 16 26 0
2
42 106 
2
2270 16 16 0
2270 24 20 0
2
43 137 
2
2214 18 14 0
2214 16 28 0
2
42 107 
2
2271 16 16 0
2271 30 16 0
2
43 138 
2
2215 18 14 0
2215 10 20 0
2
42 108 
2
2272 16 16 0
2272 28 10 0
2
43 139 
2
2216 18 14 0
2216 12 26 0
2
42 109 
2
2273 16 16 0
2273 26 10 0
2
43 140 
2
2217 18 14 0
2217 14 18 0
2
42 111 
2
2274 16 16 0
2274 18 6 0
2
43 141 
2
2218 18 14 0
2218 14 20 0
2
42 112 
2
2275 16 16 0
2275 30 14 0
2
43 142 
2
2219 18 14 0
2219 8 12 0
2
42 113 
2
2276 16 16 0
2276 22 4 0
2
43 143 
2
2220 18 14 0
2220 22 24 0
2
42 114 
2
2277 16 16 0
2277 30 10 0
2
43 144 
2
2221 18 14 0
2221 24 18 0
2
42 115 
2
2278 16 16 0
2278 2 10 0
2
43 145 
2
2222 18 14 0
2222 22 10 0
2
40 42 
2
2279 10 16 0
2279 16 16 0
2
41 43 
2
2223 20 12 0
2223 18 14 0
2
42 94 
2
2280 16 16 0
2280 8 6 0
2
43 82 
2
2224 18 14 0
2224 28 22 0
2
42 95 
2
2281 16 16 0
2281 6 12 0
2
43 83 
2
2225 18 14 0
2225 10 4 0
2
42 96 
2
2282 16 16 0
2282 16 4 0
2
43 84 
2
2226 18 14 0
2226 28 24 0
2
42 97 
2
2283 16 16 0
2283 12 14 0
2
43 85 
2
2227 18 14 0
2227 30 20 0
2
42 98 
2
2284 16 16 0
2284 22 16 0
2
43 88 
2
2228 18 14 0
2228 12 4 0
2
42 99 
2
2285 16 16 0
2285 18 24 0
2
43 110 
2
2229 18 14 0
2229 6 20 0
2
42 100 
2
2286 16 16 0
2286 12 10 0
2
43 127 
2
2230 18 14 0
2230 12 18 0
2
42 101 
2
2287 16 16 0
2287 18 18 0
2
43 132 
2
2231 18 14 0
2231 8 16 0
2
42 102 
2
2288 16 16 0
2288 14 8 0
2
43 133 
2
2232 18 14 0
2232 10 12 0
2
42 103 
2
2289 16 16 0
2289 14 6 0
2
43 134 
2
2233 18 14 0
2233 16 30 0
2
42 104 
2
2290 16 16 0
2290 22 26 0
2
43 135 
2
2234 18 14 0
2234 10 26 0
2
42 105 
2
2291 16 16 0
2291 20 16 0
2
43 136 
2
2235 18 14 0
2235 16 26 0
2
42 106 
2
2292 16 16 0
2292 24 20 0
2
43 137 
2
2236 18 14 0
2236 16 28 0
2
42 107 
2
2293 16 16 0
2293 30 16 0
2
43 138 
2
2237 18 14 0
2237 10 20 0
2
42 108 
2
2294 16 16 0
2294 28 10 0
2
43 139 
2
2238 18 14 0
2238 12 26 0
2
42 109 
2
2295 16 16 0
2295 26 10 0
2
43 140 
2
2239 18 14 0
2239 14 18 0
2
42 111 
2
2296 16 16 0
2296 18 6 0
2
43 141 
2
2240 18 14 0
2240 14 20 0
2
42 112 
2
2297 16 16 0
2297 30 14 0
2
43 142 
2
2241 18 14 0
2241 8 12 0
2
42 113 
2
2298 16 16 0
2298 22 4 0
2
43 143 
2
2242 18 14 0
2242 22 24 0
2
42 114 
2
2299 16 16 0
2299 30 10 0
2
43 144 
2
2243 18 14 0
2243 24 18 0
2
42 115 
2
2300 16 16 0
2300 2 10 0
2
43 145 
2
2244 18 14 0
2244 22 10 0
2
20 40 
2
2280 14 16 0
2280 10 16 0
2
21 41 
2
2224 20 14 0
2224 20 12 0
2
38 40 
2
2281 4 16 0
2281 10 16 0
2
39 41 
2
2225 22 8 0
2225 20 12 0
2
42 42 
1
2301 16 16 0
2
40 42 
2
2302 10 16 0
2302 16 16 0
2
42 42 
1
2303 16 16 0
2
20 42 
2
2304 14 16 0
2304 16 16 0
2
42 42 
1
2305 16 16 0
2
40 42 
2
2306 10 16 0
2306 16 16 0
2
42 42 
1
2307 16 16 0
2
43 43 
1
2245 18 14 0
2
41 43 
2
2246 20 12 0
2246 18 14 0
2
43 43 
1
2247 18 14 0
2
21 43 
2
2248 20 14 0
2248 18 14 0
2
43 43 
1
2249 18 14 0
2
41 43 
2
2250 20 12 0
2250 18 14 0
2
43 43 
1
2251 18 14 0
2
42 95 
2
2308 16 16 0
2308 6 12 0
2
43 144 
2
2252 18 14 0
2252 24 18 0
2
42 96 
2
2309 16 16 0
2309 16 4 0
2
43 145 
2
2253 18 14 0
2253 22 10 0
2
42 97 
2
2310 16 16 0
2310 12 14 0
2
43 146 
2
2254 18 14 0
2254 30 12 0
2
42 98 
2
2311 16 16 0
2311 22 16 0
2
42 99 
2
2312 16 16 0
2312 18 24 0
2
42 100 
2
2313 16 16 0
2313 12 10 0
2
42 101 
2
2314 16 16 0
2314 18 18 0
2
42 102 
2
2315 16 16 0
2315 14 8 0
2
42 103 
2
2316 16 16 0
2316 14 6 0
2
42 104 
2
2317 16 16 0
2317 22 26 0
2
42 105 
2
2318 16 16 0
2318 20 16 0
2
42 106 
2
2319 16 16 0
2319 24 20 0
2
42 107 
2
2320 16 16 0
2320 30 16 0
2
42 108 
2
2321 16 16 0
2321 28 10 0
2
42 109 
2
2322 16 16 0
2322 26 10 0
2
42 111 
2
2323 16 16 0
2323 18 6 0
2
42 112 
2
2324 16 16 0
2324 30 14 0
2
42 113 
2
2325 16 16 0
2325 22 4 0
2
42 114 
2
2326 16 16 0
2326 30 10 0
2
42 115 
2
2327 16 16 0
2327 2 10 0
2
42 116 
2
2328 16 16 0
2328 8 8 0
2
40 42 
2
2329 10 16 0
2329 16 16 0
2
41 43 
2
2255 20 12 0
2255 18 14 0
2
42 95 
2
2330 16 16 0
2330 6 12 0
2
43 144 
2
2256 18 14 0
2256 24 18 0
2
42 96 
2
2331 16 16 0
2331 16 4 0
2
43 145 
2
2257 18 14 0
2257 22 10 0
2
42 97 
2
2332 16 16 0
2332 12 14 0
2
43 146 
2
2258 18 14 0
2258 30 12 0
2
42 98 
2
2333 16 16 0
2333 22 16 0
2
42 99 
2
2334 16 16 0
2334 18 24 0
2
42 100 
2
2335 16 16 0
2335 12 10 0
2
42 101 
2
2336 16 16 0
2336 18 18 0
2
42 102 
2
2337 16 16 0
2337 14 8 0
2
42 103 
2
2338 16 16 0
2338 14 6 0
2
42 104 
2
2339 16 16 0
2339 22 26 0
2
42 105 
2
2340 16 16 0
2340 20 16 0
2
42 106 
2
2341 16 16 0
2341 24 20 0
2
42 107 
2
2342 16 16 0
2342 30 16 0
2
42 108 
2
2343 16 16 0
2343 28 10 0
2
42 109 
2
2344 16 16 0
2344 26 10 0
2
42 111 
2
2345 16 16 0
2345 18 6 0
2
42 112 
2
2346 16 16 0
2346 30 14 0
2
42 113 
2
2347 16 16 0
2347 22 4 0
2
42 114 
2
2348 16 16 0
2348 30 10 0
2
42 115 
2
2349 16 16 0
2349 2 10 0
2
42 116 
2
2350 16 16 0
2350 8 8 0
2
20 40 
2
2330 14 16 0
2330 10 16 0
2
21 41 
2
2256 20 14 0
2256 20 12 0
2
18 38 
2
2282 4 18 0
2282 4 16 0
2
19 39 
2
2226 20 8 0
2226 22 8 0
2
16 36 
2
2234 4 24 0
2234 4 22 0
2
17 37 
2
2146 26 4 0
2146 24 4 0
2
14 34 
2
2104 4 26 0
2104 2 24 0
2
15 35 
2
2066 26 2 0
2066 28 2 0
2
12 32 
2
1800 2 26 0
1800 2 28 0
2
13 33 
2
1804 30 2 0
1804 32 2 0
2
10 30 
2
1213 6 28 0
1213 4 28 0
2
11 31 
2
1234 32 4 0
1234 32 6 0
2
8 28 
2
78 6 30 0
78 4 30 0
2
9 29 
2
78 32 24 0
78 32 26 0
2
26 28 
2
79 2 30 0
79 4 30 0
2
27 29 
2
79 32 28 0
79 32 26 0
2
30 30 
1
1214 4 28 0
2
28 30 
2
1215 4 30 0
1215 4 28 0
2
30 30 
1
1216 4 28 0
2
8 30 
2
1217 6 30 0
1217 4 28 0
2
30 30 
1
1218 4 28 0
2
28 30 
2
1219 4 30 0
1219 4 28 0
2
30 30 
1
1220 4 28 0
2
31 31 
1
1235 32 6 0
2
29 31 
2
1236 32 26 0
1236 32 6 0
2
31 31 
1
1237 32 6 0
2
9 31 
2
1238 32 24 0
1238 32 6 0
2
31 31 
1
1239 32 6 0
2
29 31 
2
1240 32 26 0
1240 32 6 0
2
31 31 
1
1241 32 6 0
2
32 32 
1
1801 2 28 0
2
30 32 
2
1802 4 28 0
1802 2 28 0
2
32 32 
1
1803 2 28 0
2
10 32 
2
1804 6 28 0
1804 2 28 0
2
32 32 
1
1805 2 28 0
2
30 32 
2
1806 4 28 0
1806 2 28 0
2
32 32 
1
1807 2 28 0
2
33 33 
1
1805 32 2 0
2
31 33 
2
1806 32 6 0
1806 32 2 0
2
33 33 
1
1807 32 2 0
2
11 33 
2
1808 32 4 0
1808 32 2 0
2
33 33 
1
1809 32 2 0
2
31 33 
2
1810 32 6 0
1810 32 2 0
2
33 33 
1
1811 32 2 0
2
34 34 
1
2105 2 24 0
2
32 34 
2
2106 2 28 0
2106 2 24 0
2
34 34 
1
2107 2 24 0
2
12 34 
2
2108 2 26 0
2108 2 24 0
2
34 34 
1
2109 2 24 0
2
32 34 
2
2110 2 28 0
2110 2 24 0
2
34 34 
1
2111 2 24 0
2
35 35 
1
2067 28 2 0
2
33 35 
2
2068 32 2 0
2068 28 2 0
2
35 35 
1
2069 28 2 0
2
13 35 
2
2070 30 2 0
2070 28 2 0
2
35 35 
1
2071 28 2 0
2
33 35 
2
2072 32 2 0
2072 28 2 0
2
35 35 
1
2073 28 2 0
2
36 36 
1
2235 4 22 0
2
34 36 
2
2236 2 24 0
2236 4 22 0
2
36 36 
1
2237 4 22 0
2
14 36 
2
2238 4 26 0
2238 4 22 0
2
36 36 
1
2239 4 22 0
2
34 36 
2
2240 2 24 0
2240 4 22 0
2
36 36 
1
2241 4 22 0
2
37 37 
1
2147 24 4 0
2
35 37 
2
2148 28 2 0
2148 24 4 0
2
37 37 
1
2149 24 4 0
2
15 37 
2
2150 26 2 0
2150 24 4 0
2
37 37 
1
2151 24 4 0
2
35 37 
2
2152 28 2 0
2152 24 4 0
2
37 37 
1
2153 24 4 0
2
38 38 
1
2283 4 16 0
2
36 38 
2
2284 4 22 0
2284 4 16 0
2
38 38 
1
2285 4 16 0
2
16 38 
2
2286 4 24 0
2286 4 16 0
2
38 38 
1
2287 4 16 0
2
36 38 
2
2288 4 22 0
2288 4 16 0
2
38 38 
1
2289 4 16 0
2
39 39 
1
2227 22 8 0
2
37 39 
2
2228 24 4 0
2228 22 8 0
2
39 39 
1
2229 22 8 0
2
17 39 
2
2230 26 4 0
2230 22 8 0
2
39 39 
1
2231 22 8 0
2
37 39 
2
2232 24 4 0
2232 22 8 0
2
39 39 
1
2233 22 8 0
2
40 40 
1
2331 10 16 0
2
38 40 
2
2332 4 16 0
2332 10 16 0
2
40 40 
1
2333 10 16 0
2
18 40 
2
2334 4 18 0
2334 10 16 0
2
40 40 
1
2335 10 16 0
2
38 40 
2
2336 4 16 0
2336 10 16 0
2
40 40 
1
2337 10 16 0
2
41 41 
1
2257 20 12 0
2
39 41 
2
2258 22 8 0
2258 20 12 0
2
41 41 
1
2259 20 12 0
2
19 41 
2
2260 20 8 0
2260 20 12 0
2
41 41 
1
2261 20 12 0
2
39 41 
2
2262 22 8 0
2262 20 12 0
2
41 41 
1
2263 20 12 0
2
42 42 
1
2351 16 16 0
2
40 42 
2
2352 10 16 0
2352 16 16 0
2
42 42 
1
2353 16 16 0
2
20 42 
2
2354 14 16 0
2354 16 16 0
2
42 42 
1
2355 16 16 0
2
40 42 
2
2356 10 16 0
2356 16 16 0
2
42 42 
1
2357 16 16 0
2
43 43 
1
2259 18 14 0
2
41 43 
2
2264 20 12 0
2264 18 14 0
2
43 43 
1
2265 18 14 0
2
21 43 
2
2266 20 14 0
2266 18 14 0
2
43 43 
1
2267 18 14 0
2
41 43 
2
2268 20 12 0
2268 18 14 0
2
43 43 
1
2269 18 14 0
2
42 94 
2
2358 16 16 0
2358 8 6 0
2
43 145 
2
2270 18 14 0
2270 22 10 0
2
42 95 
2
2359 16 16 0
2359 6 12 0
2
43 146 
2
2271 18 14 0
2271 30 12 0
2
42 96 
2
2360 16 16 0
2360 16 4 0
2
43 147 
2
2272 18 14 0
2272 4 8 0
2
42 97 
2
2361 16 16 0
2361 12 14 0
2
42 98 
2
2362 16 16 0
2362 22 16 0
2
42 99 
2
2363 16 16 0
2363 18 24 0
2
42 100 
2
2364 16 16 0
2364 12 10 0
2
42 101 
2
2365 16 16 0
2365 18 18 0
2
42 102 
2
2366 16 16 0
2366 14 8 0
2
42 103 
2
2367 16 16 0
2367 14 6 0
2
42 104 
2
2368 16 16 0
2368 22 26 0
2
42 105 
2
2369 16 16 0
2369 20 16 0
2
42 106 
2
2370 16 16 0
2370 24 20 0
2
42 107 
2
2371 16 16 0
2371 30 16 0
2
42 108 
2
2372 16 16 0
2372 28 10 0
2
42 109 
2
2373 16 16 0
2373 26 10 0
2
42 111 
2
2374 16 16 0
2374 18 6 0
2
42 112 
2
2375 16 16 0
2375 30 14 0
2
42 113 
2
2376 16 16 0
2376 22 4 0
2
40 42 
2
2377 10 16 0
2377 16 16 0
2
41 43 
2
2273 20 12 0
2273 18 14 0
2
42 94 
2
2378 16 16 0
2378 8 6 0
2
43 145 
2
2274 18 14 0
2274 22 10 0
2
42 95 
2
2379 16 16 0
2379 6 12 0
2
43 146 
2
2275 18 14 0
2275 30 12 0
2
42 96 
2
2380 16 16 0
2380 16 4 0
2
43 147 
2
2276 18 14 0
2276 4 8 0
2
42 97 
2
2381 16 16 0
2381 12 14 0
2
42 98 
2
2382 16 16 0
2382 22 16 0
2
42 99 
2
2383 16 16 0
2383 18 24 0
2
42 100 
2
2384 16 16 0
2384 12 10 0
2
42 101 
2
2385 16 16 0
2385 18 18 0
2
42 102 
2
2386 16 16 0
2386 14 8 0
2
42 103 
2
2387 16 16 0
2387 14 6 0
2
42 104 
2
2388 16 16 0
2388 22 26 0
2
42 105 
2
2389 16 16 0
2389 20 16 0
2
42 106 
2
2390 16 16 0
2390 24 20 0
2
42 107 
2
2391 16 16 0
2391 30 16 0
2
42 108 
2
2392 16 16 0
2392 28 10 0
2
42 109 
2
2393 16 16 0
2393 26 10 0
2
42 111 
2
2394 16 16 0
2394 18 6 0
2
42 112 
2
2395 16 16 0
2395 30 14 0
2
42 113 
2
2396 16 16 0
2396 22 4 0
2
20 40 
2
2378 14 16 0
2378 10 16 0
2
21 41 
2
2274 20 14 0
2274 20 12 0
2
38 40 
2
2379 4 16 0
2379 10 16 0
2
39 41 
2
2275 22 8 0
2275 20 12 0
2
42 42 
1
2397 16 16 0
2
40 42 
2
2398 10 16 0
2398 16 16 0
2
42 42 
1
2399 16 16 0
2
20 42 
2
2400 14 16 0
2400 16 16 0
2
42 42 
1
2401 16 16 0
2
40 42 
2
2402 10 16 0
2402 16 16 0
2
42 42 
1
2403 16 16 0
2
43 43 
1
2277 18 14 0
2
41 43 
2
2278 20 12 0
2278 18 14 0
2
43 43 
1
2279 18 14 0
2
21 43 
2
2280 20 14 0
2280 18 14 0
2
43 43 
1
2281 18 14 0
2
41 43 
2
2282 20 12 0
2282 18 14 0
2
43 43 
1
2283 18 14 0
2
42 95 
2
2404 16 16 0
2404 6 12 0
2
43 144 
2
2284 18 14 0
2284 24 18 0
2
42 96 
2
2405 16 16 0
2405 16 4 0
2
43 145 
2
2285 18 14 0
2285 22 10 0
2
42 97 
2
2406 16 16 0
2406 12 14 0
2
43 146 
2
2286 18 14 0
2286 30 12 0
2
42 98 
2
2407 16 16 0
2407 22 16 0
2
43 147 
2
2287 18 14 0
2287 4 8 0
2
42 99 
2
2408 16 16 0
2408 18 24 0
2
43 148 
2
2288 18 14 0
2288 12 30 0
2
42 100 
2
2409 16 16 0
2409 12 10 0
2
43 165 
2
2289 18 14 0
2289 4 20 0
2
42 101 
2
2410 16 16 0
2410 18 18 0
2
43 187 
2
2290 18 14 0
2290 12 28 0
2
42 102 
2
2411 16 16 0
2411 14 8 0
2
43 190 
2
2291 18 14 0
2291 26 16 0
2
42 103 
2
2412 16 16 0
2412 14 6 0
2
43 192 
2
2292 18 14 0
2292 18 26 0
2
42 104 
2
2413 16 16 0
2413 22 26 0
2
43 193 
2
2293 18 14 0
2293 6 16 0
2
42 105 
2
2414 16 16 0
2414 20 16 0
2
43 194 
2
2294 18 14 0
2294 14 22 0
2
42 106 
2
2415 16 16 0
2415 24 20 0
2
43 195 
2
2295 18 14 0
2295 10 22 0
2
42 107 
2
2416 16 16 0
2416 30 16 0
2
43 196 
2
2296 18 14 0
2296 8 18 0
2
42 108 
2
2417 16 16 0
2417 28 10 0
2
43 197 
2
2297 18 14 0
2297 16 22 0
2
42 109 
2
2418 16 16 0
2418 26 10 0
2
43 198 
2
2298 18 14 0
2298 16 18 0
2
42 111 
2
2419 16 16 0
2419 18 6 0
2
43 199 
2
2299 18 14 0
2299 14 28 0
2
42 112 
2
2420 16 16 0
2420 30 14 0
2
43 200 
2
2300 18 14 0
2300 10 18 0
2
42 113 
2
2421 16 16 0
2421 22 4 0
2
43 201 
2
2301 18 14 0
2301 18 20 0
2
42 114 
2
2422 16 16 0
2422 30 10 0
2
43 202 
2
2302 18 14 0
2302 14 14 0
2
43 203 
2
2303 18 14 0
2303 2 14 0
2
43 204 
2
2304 18 14 0
2304 20 20 0
2
40 42 
2
2423 10 16 0
2423 16 16 0
2
41 43 
2
2305 20 12 0
2305 18 14 0
2
42 95 
2
2424 16 16 0
2424 6 12 0
2
43 144 
2
2306 18 14 0
2306 24 18 0
2
42 96 
2
2425 16 16 0
2425 16 4 0
2
43 145 
2
2307 18 14 0
2307 22 10 0
2
42 97 
2
2426 16 16 0
2426 12 14 0
2
43 146 
2
2308 18 14 0
2308 30 12 0
2
42 98 
2
2427 16 16 0
2427 22 16 0
2
43 147 
2
2309 18 14 0
2309 4 8 0
2
42 99 
2
2428 16 16 0
2428 18 24 0
2
43 148 
2
2310 18 14 0
2310 12 30 0
2
42 100 
2
2429 16 16 0
2429 12 10 0
2
43 165 
2
2311 18 14 0
2311 4 20 0
2
42 101 
2
2430 16 16 0
2430 18 18 0
2
43 187 
2
2312 18 14 0
2312 12 28 0
2
42 102 
2
2431 16 16 0
2431 14 8 0
2
43 190 
2
2313 18 14 0
2313 26 16 0
2
42 103 
2
2432 16 16 0
2432 14 6 0
2
43 192 
2
2314 18 14 0
2314 18 26 0
2
42 104 
2
2433 16 16 0
2433 22 26 0
2
43 193 
2
2315 18 14 0
2315 6 16 0
2
42 105 
2
2434 16 16 0
2434 20 16 0
2
43 194 
2
2316 18 14 0
2316 14 22 0
2
42 106 
2
2435 16 16 0
2435 24 20 0
2
43 195 
2
2317 18 14 0
2317 10 22 0
2
42 107 
2
2436 16 16 0
2436 30 16 0
2
43 196 
2
2318 18 14 0
2318 8 18 0
2
42 108 
2
2437 16 16 0
2437 28 10 0
2
43 197 
2
2319 18 14 0
2319 16 22 0
2
42 109 
2
2438 16 16 0
2438 26 10 0
2
43 198 
2
2320 18 14 0
2320 16 18 0
2
42 111 
2
2439 16 16 0
2439 18 6 0
2
43 199 
2
2321 18 14 0
2321 14 28 0
2
42 112 
2
2440 16 16 0
2440 30 14 0
2
43 200 
2
2322 18 14 0
2322 10 18 0
2
42 113 
2
2441 16 16 0
2441 22 4 0
2
43 201 
2
2323 18 14 0
2323 18 20 0
2
42 114 
2
2442 16 16 0
2442 30 10 0
2
43 202 
2
2324 18 14 0
2324 14 14 0
2
43 203 
2
2325 18 14 0
2325 2 14 0
2
43 204 
2
2326 18 14 0
2326 20 20 0
2
20 40 
2
2424 14 16 0
2424 10 16 0
2
21 41 
2
2306 20 14 0
2306 20 12 0
2
18 38 
2
2380 4 18 0
2380 4 16 0
2
19 39 
2
2276 20 8 0
2276 22 8 0
2
36 38 
2
2381 4 22 0
2381 4 16 0
2
37 39 
2
2277 24 4 0
2277 22 8 0
2
40 40 
1
2425 10 16 0
2
38 40 
2
2426 4 16 0
2426 10 16 0
2
40 40 
1
2427 10 16 0
2
18 40 
2
2428 4 18 0
2428 10 16 0
2
40 40 
1
2429 10 16 0
2
38 40 
2
2430 4 16 0
2430 10 16 0
2
40 40 
1
2431 10 16 0
2
41 41 
1
2307 20 12 0
2
39 41 
2
2308 22 8 0
2308 20 12 0
2
41 41 
1
2309 20 12 0
2
19 41 
2
2310 20 8 0
2310 20 12 0
2
41 41 
1
2311 20 12 0
2
39 41 
2
2312 22 8 0
2312 20 12 0
2
41 41 
1
2313 20 12 0
2
42 42 
1
2443 16 16 0
2
40 42 
2
2444 10 16 0
2444 16 16 0
2
42 42 
1
2445 16 16 0
2
20 42 
2
2446 14 16 0
2446 16 16 0
2
42 42 
1
2447 16 16 0
2
40 42 
2
2448 10 16 0
2448 16 16 0
2
42 42 
1
2449 16 16 0
2
43 43 
1
2327 18 14 0
2
41 43 
2
2328 20 12 0
2328 18 14 0
2
43 43 
1
2329 18 14 0
2
21 43 
2
2330 20 14 0
2330 18 14 0
2
43 43 
1
2331 18 14 0
2
41 43 
2
2332 20 12 0
2332 18 14 0
2
43 43 
1
2333 18 14 0
2
42 96 
2
2450 16 16 0
2450 16 4 0
2
43 145 
2
2334 18 14 0
2334 22 10 0
2
42 97 
2
2451 16 16 0
2451 12 14 0
2
43 146 
2
2335 18 14 0
2335 30 12 0
2
42 98 
2
2452 16 16 0
2452 22 16 0
2
43 147 
2
2336 18 14 0
2336 4 8 0
2
43 148 
2
2337 18 14 0
2337 12 30 0
2
43 165 
2
2338 18 14 0
2338 4 20 0
2
43 187 
2
2339 18 14 0
2339 12 28 0
2
43 190 
2
2340 18 14 0
2340 26 16 0
2
43 192 
2
2341 18 14 0
2341 18 26 0
2
43 193 
2
2342 18 14 0
2342 6 16 0
2
43 194 
2
2343 18 14 0
2343 14 22 0
2
43 195 
2
2344 18 14 0
2344 10 22 0
2
43 196 
2
2345 18 14 0
2345 8 18 0
2
43 197 
2
2346 18 14 0
2346 16 22 0
2
43 198 
2
2347 18 14 0
2347 16 18 0
2
43 199 
2
2348 18 14 0
2348 14 28 0
2
43 200 
2
2349 18 14 0
2349 10 18 0
2
43 201 
2
2350 18 14 0
2350 18 20 0
2
43 202 
2
2351 18 14 0
2351 14 14 0
2
43 203 
2
2352 18 14 0
2352 2 14 0
2
43 204 
2
2353 18 14 0
2353 20 20 0
2
43 205 
2
2354 18 14 0
2354 18 10 0
2
40 42 
2
2453 10 16 0
2453 16 16 0
2
41 43 
2
2355 20 12 0
2355 18 14 0
2
42 96 
2
2454 16 16 0
2454 16 4 0
2
43 145 
2
2356 18 14 0
2356 22 10 0
2
42 97 
2
2455 16 16 0
2455 12 14 0
2
43 146 
2
2357 18 14 0
2357 30 12 0
2
42 98 
2
2456 16 16 0
2456 22 16 0
2
43 147 
2
2358 18 14 0
2358 4 8 0
2
43 148 
2
2359 18 14 0
2359 12 30 0
2
43 165 
2
2360 18 14 0
2360 4 20 0
2
43 187 
2
2361 18 14 0
2361 12 28 0
2
43 190 
2
2362 18 14 0
2362 26 16 0
2
43 192 
2
2363 18 14 0
2363 18 26 0
2
43 193 
2
2364 18 14 0
2364 6 16 0
2
43 194 
2
2365 18 14 0
2365 14 22 0
2
43 195 
2
2366 18 14 0
2366 10 22 0
2
43 196 
2
2367 18 14 0
2367 8 18 0
2
43 197 
2
2368 18 14 0
2368 16 22 0
2
43 198 
2
2369 18 14 0
2369 16 18 0
2
43 199 
2
2370 18 14 0
2370 14 28 0
2
43 200 
2
2371 18 14 0
2371 10 18 0
2
43 201 
2
2372 18 14 0
2372 18 20 0
2
43 202 
2
2373 18 14 0
2373 14 14 0
2
43 203 
2
2374 18 14 0
2374 2 14 0
2
43 204 
2
2375 18 14 0
2375 20 20 0
2
43 205 
2
2376 18 14 0
2376 18 10 0
2
20 40 
2
2454 14 16 0
2454 10 16 0
2
21 41 
2
2356 20 14 0
2356 20 12 0
2
38 40 
2
2455 4 16 0
2455 10 16 0
2
39 41 
2
2357 22 8 0
2357 20 12 0
2
42 42 
1
2457 16 16 0
2
40 42 
2
2458 10 16 0
2458 16 16 0
2
42 42 
1
2459 16 16 0
2
20 42 
2
2460 14 16 0
2460 16 16 0
2
42 42 
1
2461 16 16 0
2
40 42 
2
2462 10 16 0
2462 16 16 0
2
42 42 
1
2463 16 16 0
2
43 43 
1
2377 18 14 0
2
41 43 
2
2378 20 12 0
2378 18 14 0
2
43 43 
1
2379 18 14 0
2
21 43 
2
2380 20 14 0
2380 18 14 0
2
43 43 
1
2381 18 14 0
2
41 43 
2
2382 20 12 0
2382 18 14 0
2
43 43 
1
2383 18 14 0
2
42 97 
2
2464 16 16 0
2464 12 14 0
2
43 204 
2
2384 18 14 0
2384 20 20 0
2
42 98 
2
2465 16 16 0
2465 22 16 0
2
43 205 
2
2385 18 14 0
2385 18 10 0
2
42 99 
2
2466 16 16 0
2466 18 24 0
2
43 206 
2
2386 18 14 0
2386 26 24 0
2
40 42 
2
2467 10 16 0
2467 16 16 0
2
41 43 
2
2387 20 12 0
2387 18 14 0
2
42 97 
2
2468 16 16 0
2468 12 14 0
2
43 204 
2
2388 18 14 0
2388 20 20 0
2
42 98 
2
2469 16 16 0
2469 22 16 0
2
43 205 
2
2389 18 14 0
2389 18 10 0
2
42 99 
2
2470 16 16 0
2470 18 24 0
2
43 206 
2
2390 18 14 0
2390 26 24 0
2
20 40 
2
2468 14 16 0
2468 10 16 0
2
21 41 
2
2388 20 14 0
2388 20 12 0
2
18 38 
2
2456 4 18 0
2456 4 16 0
2
19 39 
2
2358 20 8 0
2358 22 8 0
2
16 36 
2
2382 4 24 0
2382 4 22 0
2
17 37 
2
2278 26 4 0
2278 24 4 0
2
34 36 
2
2383 2 24 0
2383 4 22 0
2
35 37 
2
2279 28 2 0
2279 24 4 0
2
38 38 
1
2457 4 16 0
2
36 38 
2
2458 4 22 0
2458 4 16 0
2
38 38 
1
2459 4 16 0
2
16 38 
2
2460 4 24 0
2460 4 16 0
2
38 38 
1
2461 4 16 0
2
36 38 
2
2462 4 22 0
2462 4 16 0
2
38 38 
1
2463 4 16 0
2
39 39 
1
2359 22 8 0
2
37 39 
2
2360 24 4 0
2360 22 8 0
2
39 39 
1
2361 22 8 0
2
17 39 
2
2362 26 4 0
2362 22 8 0
2
39 39 
1
2363 22 8 0
2
37 39 
2
2364 24 4 0
2364 22 8 0
2
39 39 
1
2365 22 8 0
2
40 40 
1
2469 10 16 0
2
38 40 
2
2470 4 16 0
2470 10 16 0
2
40 40 
1
2471 10 16 0
2
18 40 
2
2472 4 18 0
2472 10 16 0
2
40 40 
1
2473 10 16 0
2
38 40 
2
2474 4 16 0
2474 10 16 0
2
40 40 
1
2475 10 16 0
2
41 41 
1
2389 20 12 0
2
39 41 
2
2390 22 8 0
2390 20 12 0
2
41 41 
1
2391 20 12 0
2
19 41 
2
2392 20 8 0
2392 20 12 0
2
41 41 
1
2393 20 12 0
2
39 41 
2
2394 22 8 0
2394 20 12 0
2
41 41 
1
2395 20 12 0
2
42 42 
1
2471 16 16 0
2
40 42 
2
2476 10 16 0
2476 16 16 0
2
42 42 
1
2477 16 16 0
2
20 42 
2
2478 14 16 0
2478 16 16 0
2
42 42 
1
2479 16 16 0
2
40 42 
2
2480 10 16 0
2480 16 16 0
2
42 42 
1
2481 16 16 0
2
43 43 
1
2391 18 14 0
2
41 43 
2
2396 20 12 0
2396 18 14 0
2
43 43 
1
2397 18 14 0
2
21 43 
2
2398 20 14 0
2398 18 14 0
2
43 43 
1
2399 18 14 0
2
41 43 
2
2400 20 12 0
2400 18 14 0
2
43 43 
1
2401 18 14 0
2
42 96 
2
2482 16 16 0
2482 16 4 0
2
43 205 
2
2402 18 14 0
2402 18 10 0
2
42 97 
2
2483 16 16 0
2483 12 14 0
2
43 206 
2
2403 18 14 0
2403 26 24 0
2
42 98 
2
2484 16 16 0
2484 22 16 0
2
43 207 
2
2404 18 14 0
2404 4 10 0
2
42 99 
2
2485 16 16 0
2485 18 24 0
2
42 100 
2
2486 16 16 0
2486 12 10 0
2
42 101 
2
2487 16 16 0
2487 18 18 0
2
42 102 
2
2488 16 16 0
2488 14 8 0
2
42 103 
2
2489 16 16 0
2489 14 6 0
2
42 104 
2
2490 16 16 0
2490 22 26 0
2
42 105 
2
2491 16 16 0
2491 20 16 0
2
42 106 
2
2492 16 16 0
2492 24 20 0
2
42 107 
2
2493 16 16 0
2493 30 16 0
2
42 108 
2
2494 16 16 0
2494 28 10 0
2
42 109 
2
2495 16 16 0
2495 26 10 0
2
42 111 
2
2496 16 16 0
2496 18 6 0
2
42 112 
2
2497 16 16 0
2497 30 14 0
2
42 113 
2
2498 16 16 0
2498 22 4 0
2
42 114 
2
2499 16 16 0
2499 30 10 0
2
42 115 
2
2500 16 16 0
2500 2 10 0
2
42 116 
2
2501 16 16 0
2501 8 8 0
2
42 117 
2
2502 16 16 0
2502 12 8 0
2
40 42 
2
2503 10 16 0
2503 16 16 0
2
41 43 
2
2405 20 12 0
2405 18 14 0
2
42 96 
2
2504 16 16 0
2504 16 4 0
2
43 205 
2
2406 18 14 0
2406 18 10 0
2
42 97 
2
2505 16 16 0
2505 12 14 0
2
43 206 
2
2407 18 14 0
2407 26 24 0
2
42 98 
2
2506 16 16 0
2506 22 16 0
2
43 207 
2
2408 18 14 0
2408 4 10 0
2
42 99 
2
2507 16 16 0
2507 18 24 0
2
42 100 
2
2508 16 16 0
2508 12 10 0
2
42 101 
2
2509 16 16 0
2509 18 18 0
2
42 102 
2
2510 16 16 0
2510 14 8 0
2
42 103 
2
2511 16 16 0
2511 14 6 0
2
42 104 
2
2512 16 16 0
2512 22 26 0
2
42 105 
2
2513 16 16 0
2513 20 16 0
2
42 106 
2
2514 16 16 0
2514 24 20 0
2
42 107 
2
2515 16 16 0
2515 30 16 0
2
42 108 
2
2516 16 16 0
2516 28 10 0
2
42 109 
2
2517 16 16 0
2517 26 10 0
2
42 111 
2
2518 16 16 0
2518 18 6 0
2
42 112 
2
2519 16 16 0
2519 30 14 0
2
42 113 
2
2520 16 16 0
2520 22 4 0
2
42 114 
2
2521 16 16 0
2521 30 10 0
2
42 115 
2
2522 16 16 0
2522 2 10 0
2
42 116 
2
2523 16 16 0
2523 8 8 0
2
42 117 
2
2524 16 16 0
2524 12 8 0
2
20 40 
2
2504 14 16 0
2504 10 16 0
2
21 41 
2
2406 20 14 0
2406 20 12 0
2
38 40 
2
2505 4 16 0
2505 10 16 0
2
39 41 
2
2407 22 8 0
2407 20 12 0
2
42 42 
1
2525 16 16 0
2
40 42 
2
2526 10 16 0
2526 16 16 0
2
42 42 
1
2527 16 16 0
2
20 42 
2
2528 14 16 0
2528 16 16 0
2
42 42 
1
2529 16 16 0
2
40 42 
2
2530 10 16 0
2530 16 16 0
2
42 42 
1
2531 16 16 0
2
43 43 
1
2409 18 14 0
2
41 43 
2
2410 20 12 0
2410 18 14 0
2
43 43 
1
2411 18 14 0
2
21 43 
2
2412 20 14 0
2412 18 14 0
2
43 43 
1
2413 18 14 0
2
41 43 
2
2414 20 12 0
2414 18 14 0
2
43 43 
1
2415 18 14 0
2
42 97 
2
2532 16 16 0
2532 12 14 0
2
43 204 
2
2416 18 14 0
2416 20 20 0
2
42 98 
2
2533 16 16 0
2533 22 16 0
2
43 205 
2
2417 18 14 0
2417 18 10 0
2
42 99 
2
2534 16 16 0
2534 18 24 0
2
43 206 
2
2418 18 14 0
2418 26 24 0
2
42 100 
2
2535 16 16 0
2535 12 10 0
2
43 207 
2
2419 18 14 0
2419 4 10 0
2
42 101 
2
2536 16 16 0
2536 18 18 0
2
43 208 
2
2420 18 14 0
2420 32 16 0
2
42 102 
2
2537 16 16 0
2537 14 8 0
2
43 209 
2
2421 18 14 0
2421 2 18 0
2
42 103 
2
2538 16 16 0
2538 14 6 0
2
43 210 
2
2422 18 14 0
2422 8 24 0
2
42 104 
2
2539 16 16 0
2539 22 26 0
2
43 211 
2
2423 18 14 0
2423 6 18 0
2
42 105 
2
2540 16 16 0
2540 20 16 0
2
43 212 
2
2424 18 14 0
2424 16 24 0
2
42 106 
2
2541 16 16 0
2541 24 20 0
2
43 213 
2
2425 18 14 0
2425 16 32 0
2
42 107 
2
2542 16 16 0
2542 30 16 0
2
43 214 
2
2426 18 14 0
2426 12 20 0
2
42 108 
2
2543 16 16 0
2543 28 10 0
2
43 215 
2
2427 18 14 0
2427 18 16 0
2
42 109 
2
2544 16 16 0
2544 26 10 0
2
43 216 
2
2428 18 14 0
2428 8 20 0
2
42 111 
2
2545 16 16 0
2545 18 6 0
2
43 217 
2
2429 18 14 0
2429 14 26 0
2
42 112 
2
2546 16 16 0
2546 30 14 0
2
43 218 
2
2430 18 14 0
2430 10 24 0
2
42 113 
2
2547 16 16 0
2547 22 4 0
2
43 219 
2
2431 18 14 0
2431 24 24 0
2
42 114 
2
2548 16 16 0
2548 30 10 0
2
43 220 
2
2432 18 14 0
2432 12 24 0
2
42 115 
2
2549 16 16 0
2549 2 10 0
2
43 221 
2
2433 18 14 0
2433 6 22 0
2
42 116 
2
2550 16 16 0
2550 8 8 0
2
43 222 
2
2434 18 14 0
2434 6 14 0
2
42 117 
2
2551 16 16 0
2551 12 8 0
2
43 223 
2
2435 18 14 0
2435 14 12 0
2
42 118 
2
2552 16 16 0
2552 12 12 0
2
43 224 
2
2436 18 14 0
2436 24 12 0
2
40 42 
2
2553 10 16 0
2553 16 16 0
2
41 43 
2
2437 20 12 0
2437 18 14 0
2
42 97 
2
2554 16 16 0
2554 12 14 0
2
43 204 
2
2438 18 14 0
2438 20 20 0
2
42 98 
2
2555 16 16 0
2555 22 16 0
2
43 205 
2
2439 18 14 0
2439 18 10 0
2
42 99 
2
2556 16 16 0
2556 18 24 0
2
43 206 
2
2440 18 14 0
2440 26 24 0
2
42 100 
2
2557 16 16 0
2557 12 10 0
2
43 207 
2
2441 18 14 0
2441 4 10 0
2
42 101 
2
2558 16 16 0
2558 18 18 0
2
43 208 
2
2442 18 14 0
2442 32 16 0
2
42 102 
2
2559 16 16 0
2559 14 8 0
2
43 209 
2
2443 18 14 0
2443 2 18 0
2
42 103 
2
2560 16 16 0
2560 14 6 0
2
43 210 
2
2444 18 14 0
2444 8 24 0
2
42 104 
2
2561 16 16 0
2561 22 26 0
2
43 211 
2
2445 18 14 0
2445 6 18 0
2
42 105 
2
2562 16 16 0
2562 20 16 0
2
43 212 
2
2446 18 14 0
2446 16 24 0
2
42 106 
2
2563 16 16 0
2563 24 20 0
2
43 213 
2
2447 18 14 0
2447 16 32 0
2
42 107 
2
2564 16 16 0
2564 30 16 0
2
43 214 
2
2448 18 14 0
2448 12 20 0
2
42 108 
2
2565 16 16 0
2565 28 10 0
2
43 215 
2
2449 18 14 0
2449 18 16 0
2
42 109 
2
2566 16 16 0
2566 26 10 0
2
43 216 
2
2450 18 14 0
2450 8 20 0
2
42 111 
2
2567 16 16 0
2567 18 6 0
2
43 217 
2
2451 18 14 0
2451 14 26 0
2
42 112 
2
2568 16 16 0
2568 30 14 0
2
43 218 
2
2452 18 14 0
2452 10 24 0
2
42 113 
2
2569 16 16 0
2569 22 4 0
2
43 219 
2
2453 18 14 0
2453 24 24 0
2
42 114 
2
2570 16 16 0
2570 30 10 0
2
43 220 
2
2454 18 14 0
2454 12 24 0
2
42 115 
2
2571 16 16 0
2571 2 10 0
2
43 221 
2
2455 18 14 0
2455 6 22 0
2
42 116 
2
2572 16 16 0
2572 8 8 0
2
43 222 
2
2456 18 14 0
2456 6 14 0
2
42 117 
2
2573 16 16 0
2573 12 8 0
2
43 223 
2
2457 18 14 0
2457 14 12 0
2
42 118 
2
2574 16 16 0
2574 12 12 0
2
43 224 
2
2458 18 14 0
2458 24 12 0
2
20 40 
2
2554 14 16 0
2554 10 16 0
2
21 41 
2
2438 20 14 0
2438 20 12 0
2
18 38 
2
2506 4 18 0
2506 4 16 0
2
19 39 
2
2408 20 8 0
2408 22 8 0
2
36 38 
2
2507 4 22 0
2507 4 16 0
2
37 39 
2
2409 24 4 0
2409 22 8 0
2
40 40 
1
2555 10 16 0
2
38 40 
2
2556 4 16 0
2556 10 16 0
2
40 40 
1
2557 10 16 0
2
18 40 
2
2558 4 18 0
2558 10 16 0
2
40 40 
1
2559 10 16 0
2
38 40 
2
2560 4 16 0
2560 10 16 0
2
40 40 
1
2561 10 16 0
2
41 41 
1
2439 20 12 0
2
39 41 
2
2440 22 8 0
2440 20 12 0
2
41 41 
1
2441 20 12 0
2
19 41 
2
2442 20 8 0
2442 20 12 0
2
41 41 
1
2443 20 12 0
2
39 41 
2
2444 22 8 0
2444 20 12 0
2
41 41 
1
2445 20 12 0
2
42 42 
1
2575 16 16 0
2
40 42 
2
2576 10 16 0
2576 16 16 0
2
42 42 
1
2577 16 16 0
2
20 42 
2
2578 14 16 0
2578 16 16 0
2
42 42 
1
2579 16 16 0
2
40 42 
2
2580 10 16 0
2580 16 16 0
2
42 42 
1
2581 16 16 0
2
43 43 
1
2459 18 14 0
2
41 43 
2
2460 20 12 0
2460 18 14 0
2
43 43 
1
2461 18 14 0
2
21 43 
2
2462 20 14 0
2462 18 14 0
2
43 43 
1
2463 18 14 0
2
41 43 
2
2464 20 12 0
2464 18 14 0
2
43 43 
1
2465 18 14 0
2
42 115 
2
2582 16 16 0
2582 2 10 0
2
43 205 
2
2466 18 14 0
2466 18 10 0
2
42 116 
2
2583 16 16 0
2583 8 8 0
2
43 206 
2
2467 18 14 0
2467 26 24 0
2
42 117 
2
2584 16 16 0
2584 12 8 0
2
43 207 
2
2468 18 14 0
2468 4 10 0
2
43 208 
2
2469 18 14 0
2469 32 16 0
2
43 209 
2
2470 18 14 0
2470 2 18 0
2
43 210 
2
2471 18 14 0
2471 8 24 0
2
43 211 
2
2472 18 14 0
2472 6 18 0
2
43 212 
2
2473 18 14 0
2473 16 24 0
2
43 213 
2
2474 18 14 0
2474 16 32 0
2
43 214 
2
2475 18 14 0
2475 12 20 0
2
43 215 
2
2476 18 14 0
2476 18 16 0
2
43 216 
2
2477 18 14 0
2477 8 20 0
2
43 217 
2
2478 18 14 0
2478 14 26 0
2
43 218 
2
2479 18 14 0
2479 10 24 0
2
43 219 
2
2480 18 14 0
2480 24 24 0
2
43 220 
2
2481 18 14 0
2481 12 24 0
2
43 221 
2
2482 18 14 0
2482 6 22 0
2
43 222 
2
2483 18 14 0
2483 6 14 0
2
43 223 
2
2484 18 14 0
2484 14 12 0
2
43 224 
2
2485 18 14 0
2485 24 12 0
2
43 225 
2
2486 18 14 0
2486 20 18 0
2
40 42 
2
2585 10 16 0
2585 16 16 0
2
41 43 
2
2487 20 12 0
2487 18 14 0
2
42 115 
2
2586 16 16 0
2586 2 10 0
2
43 205 
2
2488 18 14 0
2488 18 10 0
2
42 116 
2
2587 16 16 0
2587 8 8 0
2
43 206 
2
2489 18 14 0
2489 26 24 0
2
42 117 
2
2588 16 16 0
2588 12 8 0
2
43 207 
2
2490 18 14 0
2490 4 10 0
2
43 208 
2
2491 18 14 0
2491 32 16 0
2
43 209 
2
2492 18 14 0
2492 2 18 0
2
43 210 
2
2493 18 14 0
2493 8 24 0
2
43 211 
2
2494 18 14 0
2494 6 18 0
2
43 212 
2
2495 18 14 0
2495 16 24 0
2
43 213 
2
2496 18 14 0
2496 16 32 0
2
43 214 
2
2497 18 14 0
2497 12 20 0
2
43 215 
2
2498 18 14 0
2498 18 16 0
2
43 216 
2
2499 18 14 0
2499 8 20 0
2
43 217 
2
2500 18 14 0
2500 14 26 0
2
43 218 
2
2501 18 14 0
2501 10 24 0
2
43 219 
2
2502 18 14 0
2502 24 24 0
2
43 220 
2
2503 18 14 0
2503 12 24 0
2
43 221 
2
2504 18 14 0
2504 6 22 0
2
43 222 
2
2505 18 14 0
2505 6 14 0
2
43 223 
2
2506 18 14 0
2506 14 12 0
2
43 224 
2
2507 18 14 0
2507 24 12 0
2
43 225 
2
2508 18 14 0
2508 20 18 0
2
20 40 
2
2586 14 16 0
2586 10 16 0
2
21 41 
2
2488 20 14 0
2488 20 12 0
2
38 40 
2
2587 4 16 0
2587 10 16 0
2
39 41 
2
2489 22 8 0
2489 20 12 0
2
42 42 
1
2589 16 16 0
2
40 42 
2
2590 10 16 0
2590 16 16 0
2
42 42 
1
2591 16 16 0
2
20 42 
2
2592 14 16 0
2592 16 16 0
2
42 42 
1
2593 16 16 0
2
40 42 
2
2594 10 16 0
2594 16 16 0
2
42 42 
1
2595 16 16 0
2
43 43 
1
2509 18 14 0
2
41 43 
2
2510 20 12 0
2510 18 14 0
2
43 43 
1
2511 18 14 0
2
21 43 
2
2512 20 14 0
2512 18 14 0
2
43 43 
1
2513 18 14 0
2
41 43 
2
2514 20 12 0
2514 18 14 0
2
43 43 
1
2515 18 14 0
2
42 116 
2
2596 16 16 0
2596 8 8 0
2
43 224 
2
2516 18 14 0
2516 24 12 0
2
42 117 
2
2597 16 16 0
2597 12 8 0
2
43 225 
2
2517 18 14 0
2517 20 18 0
2
42 118 
2
2598 16 16 0
2598 12 12 0
2
43 226 
2
2518 18 14 0
2518 18 32 0
2
40 42 
2
2599 10 16 0
2599 16 16 0
2
41 43 
2
2519 20 12 0
2519 18 14 0
2
42 116 
2
2600 16 16 0
2600 8 8 0
2
43 224 
2
2520 18 14 0
2520 24 12 0
2
42 117 
2
2601 16 16 0
2601 12 8 0
2
43 225 
2
2521 18 14 0
2521 20 18 0
2
42 118 
2
2602 16 16 0
2602 12 12 0
2
43 226 
2
2522 18 14 0
2522 18 32 0
2
20 40 
2
2600 14 16 0
2600 10 16 0
2
21 41 
2
2520 20 14 0
2520 20 12 0
2
18 38 
2
2588 4 18 0
2588 4 16 0
2
19 39 
2
2490 20 8 0
2490 22 8 0
2
16 36 
2
2508 4 24 0
2508 4 22 0
2
17 37 
2
2410 26 4 0
2410 24 4 0
2
14 34 
2
2384 4 26 0
2384 2 24 0
2
15 35 
2
2280 26 2 0
2280 28 2 0
2
32 34 
2
2385 2 28 0
2385 2 24 0
2
33 35 
2
2281 32 2 0
2281 28 2 0
2
36 36 
1
2509 4 22 0
2
34 36 
2
2510 2 24 0
2510 4 22 0
2
36 36 
1
2511 4 22 0
2
14 36 
2
2512 4 26 0
2512 4 22 0
2
36 36 
1
2513 4 22 0
2
34 36 
2
2514 2 24 0
2514 4 22 0
2
36 36 
1
2515 4 22 0
2
37 37 
1
2411 24 4 0
2
35 37 
2
2412 28 2 0
2412 24 4 0
2
37 37 
1
2413 24 4 0
2
15 37 
2
2414 26 2 0
2414 24 4 0
2
37 37 
1
2415 24 4 0
2
35 37 
2
2416 28 2 0
2416 24 4 0
2
37 37 
1
2417 24 4 0
2
38 38 
1
2589 4 16 0
2
36 38 
2
2590 4 22 0
2590 4 16 0
2
38 38 
1
2591 4 16 0
2
16 38 
2
2592 4 24 0
2592 4 16 0
2
38 38 
1
2593 4 16 0
2
36 38 
2
2594 4 22 0
2594 4 16 0
2
38 38 
1
2595 4 16 0
2
39 39 
1
2491 22 8 0
2
37 39 
2
2492 24 4 0
2492 22 8 0
2
39 39 
1
2493 22 8 0
2
17 39 
2
2494 26 4 0
2494 22 8 0
2
39 39 
1
2495 22 8 0
2
37 39 
2
2496 24 4 0
2496 22 8 0
2
39 39 
1
2497 22 8 0
2
40 40 
1
2601 10 16 0
2
38 40 
2
2602 4 16 0
2602 10 16 0
2
40 40 
1
2603 10 16 0
2
18 40 
2
2604 4 18 0
2604 10 16 0
2
40 40 
1
2605 10 16 0
2
38 40 
2
2606 4 16 0
2606 10 16 0
2
40 40 
1
2607 10 16 0
2
41 41 
1
2521 20 12 0
2
39 41 
2
2522 22 8 0
2522 20 12 0
2
41 41 
1
2523 20 12 0
2
19 41 
2
2524 20 8 0
2524 20 12 0
2
41 41 
1
2525 20 12 0
2
39 41 
2
2526 22 8 0
2526 20 12 0
2
41 41 
1
2527 20 12 0
2
42 42 
1
2603 16 16 0
2
40 42 
2
2608 10 16 0
2608 16 16 0
2
42 42 
1
2609 16 16 0
2
20 42 
2
2610 14 16 0
2610 16 16 0
2
42 42 
1
2611 16 16 0
2
40 42 
2
2612 10 16 0
2612 16 16 0
2
42 42 
1
2613 16 16 0
2
43 43 
1
2523 18 14 0
2
41 43 
2
2528 20 12 0
2528 18 14 0
2
43 43 
1
2529 18 14 0
2
21 43 
2
2530 20 14 0
2530 18 14 0
2
43 43 
1
2531 18 14 0
2
41 43 
2
2532 20 12 0
2532 18 14 0
2
43 43 
1
2533 18 14 0
2
42 115 
2
2614 16 16 0
2614 2 10 0
2
43 225 
2
2534 18 14 0
2534 20 18 0
2
42 116 
2
2615 16 16 0
2615 8 8 0
2
43 226 
2
2535 18 14 0
2535 18 32 0
2
42 117 
2
2616 16 16 0
2616 12 8 0
2
43 227 
2
2536 18 14 0
2536 2 12 0
2
42 118 
2
2617 16 16 0
2617 12 12 0
2
42 119 
2
2618 16 16 0
2618 22 18 0
2
42 120 
2
2619 16 16 0
2619 28 20 0
2
42 121 
2
2620 16 16 0
2620 8 14 0
2
42 122 
2
2621 16 16 0
2621 12 6 0
2
42 123 
2
2622 16 16 0
2622 22 20 0
2
42 124 
2
2623 16 16 0
2623 20 26 0
2
42 125 
2
2624 16 16 0
2624 12 16 0
2
42 126 
2
2625 16 16 0
2625 16 10 0
2
42 128 
2
2626 16 16 0
2626 16 14 0
2
42 129 
2
2627 16 16 0
2627 28 12 0
2
42 130 
2
2628 16 16 0
2628 22 6 0
2
42 131 
2
2629 16 16 0
2629 28 14 0
2
42 149 
2
2630 16 16 0
2630 20 6 0
2
42 150 
2
2631 16 16 0
2631 24 8 0
2
42 151 
2
2632 16 16 0
2632 22 2 0
2
42 152 
2
2633 16 16 0
2633 22 30 0
2
42 153 
2
2634 16 16 0
2634 24 26 0
2
40 42 
2
2635 10 16 0
2635 16 16 0
2
41 43 
2
2537 20 12 0
2537 18 14 0
2
42 115 
2
2636 16 16 0
2636 2 10 0
2
43 225 
2
2538 18 14 0
2538 20 18 0
2
42 116 
2
2637 16 16 0
2637 8 8 0
2
43 226 
2
2539 18 14 0
2539 18 32 0
2
42 117 
2
2638 16 16 0
2638 12 8 0
2
43 227 
2
2540 18 14 0
2540 2 12 0
2
42 118 
2
2639 16 16 0
2639 12 12 0
2
42 119 
2
2640 16 16 0
2640 22 18 0
2
42 120 
2
2641 16 16 0
2641 28 20 0
2
42 121 
2
2642 16 16 0
2642 8 14 0
2
42 122 
2
2643 16 16 0
2643 12 6 0
2
42 123 
2
2644 16 16 0
2644 22 20 0
2
42 124 
2
2645 16 16 0
2645 20 26 0
2
42 125 
2
2646 16 16 0
2646 12 16 0
2
42 126 
2
2647 16 16 0
2647 16 10 0
2
42 128 
2
2648 16 16 0
2648 16 14 0
2
42 129 
2
2649 16 16 0
2649 28 12 0
2
42 130 
2
2650 16 16 0
2650 22 6 0
2
42 131 
2
2651 16 16 0
2651 28 14 0
2
42 149 
2
2652 16 16 0
2652 20 6 0
2
42 150 
2
2653 16 16 0
2653 24 8 0
2
42 151 
2
2654 16 16 0
2654 22 2 0
2
42 152 
2
2655 16 16 0
2655 22 30 0
2
42 153 
2
2656 16 16 0
2656 24 26 0
2
20 40 
2
2636 14 16 0
2636 10 16 0
2
21 41 
2
2538 20 14 0
2538 20 12 0
2
38 40 
2
2637 4 16 0
2637 10 16 0
2
39 41 
2
2539 22 8 0
2539 20 12 0
2
42 42 
1
2657 16 16 0
2
40 42 
2
2658 10 16 0
2658 16 16 0
2
42 42 
1
2659 16 16 0
2
20 42 
2
2660 14 16 0
2660 16 16 0
2
42 42 
1
2661 16 16 0
2
40 42 
2
2662 10 16 0
2662 16 16 0
2
42 42 
1
2663 16 16 0
2
43 43 
1
2541 18 14 0
2
41 43 
2
2542 20 12 0
2542 18 14 0
2
43 43 
1
2543 18 14 0
2
21 43 
2
2544 20 14 0
2544 18 14 0
2
43 43 
1
2545 18 14 0
2
41 43 
2
2546 20 12 0
2546 18 14 0
2
43 43 
1
2547 18 14 0
2
42 116 
2
2664 16 16 0
2664 8 8 0
2
43 224 
2
2548 18 14 0
2548 24 12 0
2
42 117 
2
2665 16 16 0
2665 12 8 0
2
43 225 
2
2549 18 14 0
2549 20 18 0
2
42 118 
2
2666 16 16 0
2666 12 12 0
2
43 226 
2
2550 18 14 0
2550 18 32 0
2
42 119 
2
2667 16 16 0
2667 22 18 0
2
43 227 
2
2551 18 14 0
2551 2 12 0
2
42 120 
2
2668 16 16 0
2668 28 20 0
2
43 228 
2
2552 18 14 0
2552 12 2 0
2
42 121 
2
2669 16 16 0
2669 8 14 0
2
43 229 
2
2553 18 14 0
2553 2 16 0
2
42 122 
2
2670 16 16 0
2670 12 6 0
2
43 230 
2
2554 18 14 0
2554 10 8 0
2
42 123 
2
2671 16 16 0
2671 22 20 0
2
43 231 
2
2555 18 14 0
2555 14 30 0
2
42 124 
2
2672 16 16 0
2672 20 26 0
2
43 232 
2
2556 18 14 0
2556 26 22 0
2
42 125 
2
2673 16 16 0
2673 12 16 0
2
43 233 
2
2557 18 14 0
2557 8 22 0
2
42 126 
2
2674 16 16 0
2674 16 10 0
2
43 234 
2
2558 18 14 0
2558 12 22 0
2
42 128 
2
2675 16 16 0
2675 16 14 0
2
43 235 
2
2559 18 14 0
2559 14 24 0
2
42 129 
2
2676 16 16 0
2676 28 12 0
2
43 236 
2
2560 18 14 0
2560 8 10 0
2
42 130 
2
2677 16 16 0
2677 22 6 0
2
43 237 
2
2561 18 14 0
2561 20 28 0
2
42 131 
2
2678 16 16 0
2678 28 14 0
2
43 238 
2
2562 18 14 0
2562 14 10 0
2
42 149 
2
2679 16 16 0
2679 20 6 0
2
43 239 
2
2563 18 14 0
2563 16 20 0
2
42 150 
2
2680 16 16 0
2680 24 8 0
2
43 50 
2
2564 18 14 0
2564 4 12 0
2
42 151 
2
2681 16 16 0
2681 22 2 0
2
43 45 
2
2565 18 14 0
2565 16 2 0
2
42 152 
2
2682 16 16 0
2682 22 30 0
2
43 47 
2
2566 18 14 0
2566 26 12 0
2
42 153 
2
2683 16 16 0
2683 24 26 0
2
43 49 
2
2567 18 14 0
2567 32 14 0
2
42 154 
2
2684 16 16 0
2684 28 18 0
2
43 52 
2
2568 18 14 0
2568 18 4 0
2
40 42 
2
2685 10 16 0
2685 16 16 0
2
41 43 
2
2569 20 12 0
2569 18 14 0
2
42 116 
2
2686 16 16 0
2686 8 8 0
2
43 224 
2
2570 18 14 0
2570 24 12 0
2
42 117 
2
2687 16 16 0
2687 12 8 0
2
43 225 
2
2571 18 14 0
2571 20 18 0
2
42 118 
2
2688 16 16 0
2688 12 12 0
2
43 226 
2
2572 18 14 0
2572 18 32 0
2
42 119 
2
2689 16 16 0
2689 22 18 0
2
43 227 
2
2573 18 14 0
2573 2 12 0
2
42 120 
2
2690 16 16 0
2690 28 20 0
2
43 228 
2
2574 18 14 0
2574 12 2 0
2
42 121 
2
2691 16 16 0
2691 8 14 0
2
43 229 
2
2575 18 14 0
2575 2 16 0
2
42 122 
2
2692 16 16 0
2692 12 6 0
2
43 230 
2
2576 18 14 0
2576 10 8 0
2
42 123 
2
2693 16 16 0
2693 22 20 0
2
43 231 
2
2577 18 14 0
2577 14 30 0
2
42 124 
2
2694 16 16 0
2694 20 26 0
2
43 232 
2
2578 18 14 0
2578 26 22 0
2
42 125 
2
2695 16 16 0
2695 12 16 0
2
43 233 
2
2579 18 14 0
2579 8 22 0
2
42 126 
2
2696 16 16 0
2696 16 10 0
2
43 234 
2
2580 18 14 0
2580 12 22 0
2
42 128 
2
2697 16 16 0
2697 16 14 0
2
43 235 
2
2581 18 14 0
2581 14 24 0
2
42 129 
2
2698 16 16 0
2698 28 12 0
2
43 236 
2
2582 18 14 0
2582 8 10 0
2
42 130 
2
2699 16 16 0
2699 22 6 0
2
43 237 
2
2583 18 14 0
2583 20 28 0
2
42 131 
2
2700 16 16 0
2700 28 14 0
2
43 238 
2
2584 18 14 0
2584 14 10 0
2
42 149 
2
2701 16 16 0
2701 20 6 0
2
43 239 
2
2585 18 14 0
2585 16 20 0
2
42 150 
2
2702 16 16 0
2702 24 8 0
2
43 50 
2
2586 18 14 0
2586 4 12 0
2
42 151 
2
2703 16 16 0
2703 22 2 0
2
43 45 
2
2587 18 14 0
2587 16 2 0
2
42 152 
2
2704 16 16 0
2704 22 30 0
2
43 47 
2
2588 18 14 0
2588 26 12 0
2
42 153 
2
2705 16 16 0
2705 24 26 0
2
43 49 
2
2589 18 14 0
2589 32 14 0
2
42 154 
2
2706 16 16 0
2706 28 18 0
2
43 52 
2
2590 18 14 0
2590 18 4 0
2
20 40 
2
2686 14 16 0
2686 10 16 0
2
21 41 
2
2570 20 14 0
2570 20 12 0
2
18 38 
2
2638 4 18 0
2638 4 16 0
2
19 39 
2
2540 20 8 0
2540 22 8 0
2
36 38 
2
2639 4 22 0
2639 4 16 0
2
37 39 
2
2541 24 4 0
2541 22 8 0
2
40 40 
1
2687 10 16 0
2
38 40 
2
2688 4 16 0
2688 10 16 0
2
40 40 
1
2689 10 16 0
2
18 40 
2
2690 4 18 0
2690 10 16 0
2
40 40 
1
2691 10 16 0
2
38 40 
2
2692 4 16 0
2692 10 16 0
2
40 40 
1
2693 10 16 0
2
41 41 
1
2571 20 12 0
2
39 41 
2
2572 22 8 0
2572 20 12 0
2
41 41 
1
2573 20 12 0
2
19 41 
2
2574 20 8 0
2574 20 12 0
2
41 41 
1
2575 20 12 0
2
39 41 
2
2576 22 8 0
2576 20 12 0
2
41 41 
1
2577 20 12 0
2
42 42 
1
2707 16 16 0
2
40 42 
2
2708 10 16 0
2708 16 16 0
2
42 42 
1
2709 16 16 0
2
20 42 
2
2710 14 16 0
2710 16 16 0
2
42 42 
1
2711 16 16 0
2
40 42 
2
2712 10 16 0
2712 16 16 0
2
42 42 
1
2713 16 16 0
2
43 43 
1
2591 18 14 0
2
41 43 
2
2592 20 12 0
2592 18 14 0
2
43 43 
1
2593 18 14 0
2
21 43 
2
2594 20 14 0
2594 18 14 0
2
43 43 
1
2595 18 14 0
2
41 43 
2
2596 20 12 0
2596 18 14 0
2
43 43 
1
2597 18 14 0
2
42 115 
2
2714 16 16 0
2714 2 10 0
2
43 225 
2
2598 18 14 0
2598 20 18 0
2
42 116 
2
2715 16 16 0
2715 8 8 0
2
43 226 
2
2599 18 14 0
2599 18 32 0
2
42 117 
2
2716 16 16 0
2716 12 8 0
2
43 227 
2
2600 18 14 0
2600 2 12 0
2
42 118 
2
2717 16 16 0
2717 12 12 0
2
43 228 
2
2601 18 14 0
2601 12 2 0
2
42 119 
2
2718 16 16 0
2718 22 18 0
2
43 229 
2
2602 18 14 0
2602 2 16 0
2
42 120 
2
2719 16 16 0
2719 28 20 0
2
43 230 
2
2603 18 14 0
2603 10 8 0
2
42 121 
2
2720 16 16 0
2720 8 14 0
2
43 231 
2
2604 18 14 0
2604 14 30 0
2
42 122 
2
2721 16 16 0
2721 12 6 0
2
43 232 
2
2605 18 14 0
2605 26 22 0
2
42 123 
2
2722 16 16 0
2722 22 20 0
2
43 233 
2
2606 18 14 0
2606 8 22 0
2
42 124 
2
2723 16 16 0
2723 20 26 0
2
43 234 
2
2607 18 14 0
2607 12 22 0
2
42 125 
2
2724 16 16 0
2724 12 16 0
2
43 235 
2
2608 18 14 0
2608 14 24 0
2
42 126 
2
2725 16 16 0
2725 16 10 0
2
43 236 
2
2609 18 14 0
2609 8 10 0
2
42 128 
2
2726 16 16 0
2726 16 14 0
2
43 237 
2
2610 18 14 0
2610 20 28 0
2
42 129 
2
2727 16 16 0
2727 28 12 0
2
43 238 
2
2611 18 14 0
2611 14 10 0
2
42 130 
2
2728 16 16 0
2728 22 6 0
2
43 239 
2
2612 18 14 0
2612 16 20 0
2
42 131 
2
2729 16 16 0
2729 28 14 0
2
43 50 
2
2613 18 14 0
2613 4 12 0
2
42 149 
2
2730 16 16 0
2730 20 6 0
2
43 45 
2
2614 18 14 0
2614 16 2 0
2
42 150 
2
2731 16 16 0
2731 24 8 0
2
43 47 
2
2615 18 14 0
2615 26 12 0
2
42 151 
2
2732 16 16 0
2732 22 2 0
2
43 49 
2
2616 18 14 0
2616 32 14 0
2
43 52 
2
2617 18 14 0
2617 18 4 0
2
43 53 
2
2618 18 14 0
2618 18 8 0
2
40 42 
2
2733 10 16 0
2733 16 16 0
2
41 43 
2
2619 20 12 0
2619 18 14 0
2
42 115 
2
2734 16 16 0
2734 2 10 0
2
43 225 
2
2620 18 14 0
2620 20 18 0
2
42 116 
2
2735 16 16 0
2735 8 8 0
2
43 226 
2
2621 18 14 0
2621 18 32 0
2
42 117 
2
2736 16 16 0
2736 12 8 0
2
43 227 
2
2622 18 14 0
2622 2 12 0
2
42 118 
2
2737 16 16 0
2737 12 12 0
2
43 228 
2
2623 18 14 0
2623 12 2 0
2
42 119 
2
2738 16 16 0
2738 22 18 0
2
43 229 
2
2624 18 14 0
2624 2 16 0
2
42 120 
2
2739 16 16 0
2739 28 20 0
2
43 230 
2
2625 18 14 0
2625 10 8 0
2
42 121 
2
2740 16 16 0
2740 8 14 0
2
43 231 
2
2626 18 14 0
2626 14 30 0
2
42 122 
2
2741 16 16 0
2741 12 6 0
2
43 232 
2
2627 18 14 0
2627 26 22 0
2
42 123 
2
2742 16 16 0
2742 22 20 0
2
43 233 
2
2628 18 14 0
2628 8 22 0
2
42 124 
2
2743 16 16 0
2743 20 26 0
2
43 234 
2
2629 18 14 0
2629 12 22 0
2
42 125 
2
2744 16 16 0
2744 12 16 0
2
43 235 
2
2630 18 14 0
2630 14 24 0
2
42 126 
2
2745 16 16 0
2745 16 10 0
2
43 236 
2
2631 18 14 0
2631 8 10 0
2
42 128 
2
2746 16 16 0
2746 16 14 0
2
43 237 
2
2632 18 14 0
2632 20 28 0
2
42 129 
2
2747 16 16 0
2747 28 12 0
2
43 238 
2
2633 18 14 0
2633 14 10 0
2
42 130 
2
2748 16 16 0
2748 22 6 0
2
43 239 
2
2634 18 14 0
2634 16 20 0
2
42 131 
2
2749 16 16 0
2749 28 14 0
2
43 50 
2
2635 18 14 0
2635 4 12 0
2
42 149 
2
2750 16 16 0
2750 20 6 0
2
43 45 
2
2636 18 14 0
2636 16 2 0
2
42 150 
2
2751 16 16 0
2751 24 8 0
2
43 47 
2
2637 18 14 0
2637 26 12 0
2
42 151 
2
2752 16 16 0
2752 22 2 0
2
43 49 
2
2638 18 14 0
2638 32 14 0
2
43 52 
2
2639 18 14 0
2639 18 4 0
2
43 53 
2
2640 18 14 0
2640 18 8 0
2
20 40 
2
2734 14 16 0
2734 10 16 0
2
21 41 
2
2620 20 14 0
2620 20 12 0
2
38 40 
2
2735 4 16 0
2735 10 16 0
2
39 41 
2
2621 22 8 0
2621 20 12 0
2
42 42 
1
2753 16 16 0
2
40 42 
2
2754 10 16 0
2754 16 16 0
2
42 42 
1
2755 16 16 0
2
20 42 
2
2756 14 16 0
2756 16 16 0
2
42 42 
1
2757 16 16 0
2
40 42 
2
2758 10 16 0
2758 16 16 0
2
42 42 
1
2759 16 16 0
2
43 43 
1
2641 18 14 0
2
41 43 
2
2642 20 12 0
2642 18 14 0
2
43 43 
1
2643 18 14 0
2
21 43 
2
2644 20 14 0
2644 18 14 0
2
43 43 
1
2645 18 14 0
2
41 43 
2
2646 20 12 0
2646 18 14 0
2
43 43 
1
2647 18 14 0
2
42 116 
2
2760 16 16 0
2760 8 8 0
2
43 52 
2
2648 18 14 0
2648 18 4 0
2
42 117 
2
2761 16 16 0
2761 12 8 0
2
43 53 
2
2649 18 14 0
2649 18 8 0
2
42 118 
2
2762 16 16 0
2762 12 12 0
2
43 54 
2
2650 18 14 0
2650 24 6 0
2
42 119 
2
2763 16 16 0
2763 22 18 0
2
42 120 
2
2764 16 16 0
2764 28 20 0
2
42 121 
2
2765 16 16 0
2765 8 14 0
2
42 122 
2
2766 16 16 0
2766 12 6 0
2
42 123 
2
2767 16 16 0
2767 22 20 0
2
42 124 
2
2768 16 16 0
2768 20 26 0
2
42 125 
2
2769 16 16 0
2769 12 16 0
2
42 126 
2
2770 16 16 0
2770 16 10 0
2
42 128 
2
2771 16 16 0
2771 16 14 0
2
42 129 
2
2772 16 16 0
2772 28 12 0
2
42 130 
2
2773 16 16 0
2773 22 6 0
2
42 131 
2
2774 16 16 0
2774 28 14 0
2
42 149 
2
2775 16 16 0
2775 20 6 0
2
42 150 
2
2776 16 16 0
2776 24 8 0
2
42 151 
2
2777 16 16 0
2777 22 2 0
2
42 152 
2
2778 16 16 0
2778 22 30 0
2
40 42 
2
2779 10 16 0
2779 16 16 0
2
41 43 
2
2651 20 12 0
2651 18 14 0
2
42 116 
2
2780 16 16 0
2780 8 8 0
2
43 52 
2
2652 18 14 0
2652 18 4 0
2
42 117 
2
2781 16 16 0
2781 12 8 0
2
43 53 
2
2653 18 14 0
2653 18 8 0
2
42 118 
2
2782 16 16 0
2782 12 12 0
2
43 54 
2
2654 18 14 0
2654 24 6 0
2
42 119 
2
2783 16 16 0
2783 22 18 0
2
42 120 
2
2784 16 16 0
2784 28 20 0
2
42 121 
2
2785 16 16 0
2785 8 14 0
2
42 122 
2
2786 16 16 0
2786 12 6 0
2
42 123 
2
2787 16 16 0
2787 22 20 0
2
42 124 
2
2788 16 16 0
2788 20 26 0
2
42 125 
2
2789 16 16 0
2789 12 16 0
2
42 126 
2
2790 16 16 0
2790 16 10 0
2
42 128 
2
2791 16 16 0
2791 16 14 0
2
42 129 
2
2792 16 16 0
2792 28 12 0
2
42 130 
2
2793 16 16 0
2793 22 6 0
2
42 131 
2
2794 16 16 0
2794 28 14 0
2
42 149 
2
2795 16 16 0
2795 20 6 0
2
42 150 
2
2796 16 16 0
2796 24 8 0
2
42 151 
2
2797 16 16 0
2797 22 2 0
2
42 152 
2
2798 16 16 0
2798 22 30 0
2
20 40 
2
2780 14 16 0
2780 10 16 0
2
21 41 
2
2652 20 14 0
2652 20 12 0
2
18 38 
2
2736 4 18 0
2736 4 16 0
2
19 39 
2
2622 20 8 0
2622 22 8 0
2
16 36 
2
2640 4 24 0
2640 4 22 0
2
17 37 
2
2542 26 4 0
2542 24 4 0
2
34 36 
2
2641 2 24 0
2641 4 22 0
2
35 37 
2
2543 28 2 0
2543 24 4 0
2
38 38 
1
2737 4 16 0
2
36 38 
2
2738 4 22 0
2738 4 16 0
2
38 38 
1
2739 4 16 0
2
16 38 
2
2740 4 24 0
2740 4 16 0
2
38 38 
1
2741 4 16 0
2
36 38 
2
2742 4 22 0
2742 4 16 0
2
38 38 
1
2743 4 16 0
2
39 39 
1
2623 22 8 0
2
37 39 
2
2624 24 4 0
2624 22 8 0
2
39 39 
1
2625 22 8 0
2
17 39 
2
2626 26 4 0
2626 22 8 0
2
39 39 
1
2627 22 8 0
2
37 39 
2
2628 24 4 0
2628 22 8 0
2
39 39 
1
2629 22 8 0
2
40 40 
1
2781 10 16 0
2
38 40 
2
2782 4 16 0
2782 10 16 0
2
40 40 
1
2783 10 16 0
2
18 40 
2
2784 4 18 0
2784 10 16 0
2
40 40 
1
2785 10 16 0
2
38 40 
2
2786 4 16 0
2786 10 16 0
2
40 40 
1
2787 10 16 0
2
41 41 
1
2653 20 12 0
2
39 41 
2
2654 22 8 0
2654 20 12 0
2
41 41 
1
2655 20 12 0
2
19 41 
2
2656 20 8 0
2656 20 12 0
2
41 41 
1
2657 20 12 0
2
39 41 
2
2658 22 8 0
2658 20 12 0
2
41 41 
1
2659 20 12 0
2
42 42 
1
2799 16 16 0
2
40 42 
2
2800 10 16 0
2800 16 16 0
2
42 42 
1
2801 16 16 0
2
20 42 
2
2802 14 16 0
2802 16 16 0
2
42 42 
1
2803 16 16 0
2
40 42 
2
2804 10 16 0
2804 16 16 0
2
42 42 
1
2805 16 16 0
2
43 43 
1
2655 18 14 0
2
41 43 
2
2660 20 12 0
2660 18 14 0
2
43 43 
1
2661 18 14 0
2
21 43 
2
2662 20 14 0
2662 18 14 0
2
43 43 
1
2663 18 14 0
2
41 43 
2
2664 20 12 0
2664 18 14 0
2
43 43 
1
2665 18 14 0
2
42 117 
2
2806 16 16 0
2806 12 8 0
2
43 53 
2
2666 18 14 0
2666 18 8 0
2
42 118 
2
2807 16 16 0
2807 12 12 0
2
43 54 
2
2667 18 14 0
2667 24 6 0
2
42 119 
2
2808 16 16 0
2808 22 18 0
2
43 55 
2
2668 18 14 0
2668 24 2 0
2
40 42 
2
2809 10 16 0
2809 16 16 0
2
41 43 
2
2669 20 12 0
2669 18 14 0
2
42 117 
2
2810 16 16 0
2810 12 8 0
2
43 53 
2
2670 18 14 0
2670 18 8 0
2
42 118 
2
2811 16 16 0
2811 12 12 0
2
43 54 
2
2671 18 14 0
2671 24 6 0
2
42 119 
2
2812 16 16 0
2812 22 18 0
2
43 55 
2
2672 18 14 0
2672 24 2 0
2
20 40 
2
2810 14 16 0
2810 10 16 0
2
21 41 
2
2670 20 14 0
2670 20 12 0
2
38 40 
2
2811 4 16 0
2811 10 16 0
2
39 41 
2
2671 22 8 0
2671 20 12 0
2
42 42 
1
2813 16 16 0
2
40 42 
2
2814 10 16 0
2814 16 16 0
2
42 42 
1
2815 16 16 0
2
20 42 
2
2816 14 16 0
2816 16 16 0
2
42 42 
1
2817 16 16 0
2
40 42 
2
2818 10 16 0
2818 16 16 0
2
42 42 
1
2819 16 16 0
2
43 43 
1
2673 18 14 0
2
41 43 
2
2674 20 12 0
2674 18 14 0
2
43 43 
1
2675 18 14 0
2
21 43 
2
2676 20 14 0
2676 18 14 0
2
43 43 
1
2677 18 14 0
2
41 43 
2
2678 20 12 0
2678 18 14 0
2
43 43 
1
2679 18 14 0
2
42 118 
2
2820 16 16 0
2820 12 12 0
2
43 52 
2
2680 18 14 0
2680 18 4 0
2
42 119 
2
2821 16 16 0
2821 22 18 0
2
43 53 
2
2681 18 14 0
2681 18 8 0
2
42 120 
2
2822 16 16 0
2822 28 20 0
2
43 54 
2
2682 18 14 0
2682 24 6 0
2
43 55 
2
2683 18 14 0
2683 24 2 0
2
43 56 
2
2684 18 14 0
2684 32 18 0
2
43 57 
2
2685 18 14 0
2685 22 28 0
2
43 58 
2
2686 18 14 0
2686 10 10 0
2
43 59 
2
2687 18 14 0
2687 28 16 0
2
43 60 
2
2688 18 14 0
2688 16 8 0
2
43 61 
2
2689 18 14 0
2689 18 30 0
2
43 62 
2
2690 18 14 0
2690 20 24 0
2
43 63 
2
2691 18 14 0
2691 16 12 0
2
43 64 
2
2692 18 14 0
2692 16 6 0
2
43 65 
2
2693 18 14 0
2693 10 6 0
2
43 66 
2
2694 18 14 0
2694 18 22 0
2
43 67 
2
2695 18 14 0
2695 18 28 0
2
43 68 
2
2696 18 14 0
2696 18 12 0
2
43 86 
2
2697 18 14 0
2697 6 10 0
2
43 87 
2
2698 18 14 0
2698 22 14 0
2
43 89 
2
2699 18 14 0
2699 24 14 0
2
43 90 
2
2700 18 14 0
2700 20 10 0
2
40 42 
2
2823 10 16 0
2823 16 16 0
2
41 43 
2
2701 20 12 0
2701 18 14 0
2
42 118 
2
2824 16 16 0
2824 12 12 0
2
43 52 
2
2702 18 14 0
2702 18 4 0
2
42 119 
2
2825 16 16 0
2825 22 18 0
2
43 53 
2
2703 18 14 0
2703 18 8 0
2
42 120 
2
2826 16 16 0
2826 28 20 0
2
43 54 
2
2704 18 14 0
2704 24 6 0
2
43 55 
2
2705 18 14 0
2705 24 2 0
2
43 56 
2
2706 18 14 0
2706 32 18 0
2
43 57 
2
2707 18 14 0
2707 22 28 0
2
43 58 
2
2708 18 14 0
2708 10 10 0
2
43 59 
2
2709 18 14 0
2709 28 16 0
2
43 60 
2
2710 18 14 0
2710 16 8 0
2
43 61 
2
2711 18 14 0
2711 18 30 0
2
43 62 
2
2712 18 14 0
2712 20 24 0
2
43 63 
2
2713 18 14 0
2713 16 12 0
2
43 64 
2
2714 18 14 0
2714 16 6 0
2
43 65 
2
2715 18 14 0
2715 10 6 0
2
43 66 
2
2716 18 14 0
2716 18 22 0
2
43 67 
2
2717 18 14 0
2717 18 28 0
2
43 68 
2
2718 18 14 0
2718 18 12 0
2
43 86 
2
2719 18 14 0
2719 6 10 0
2
43 87 
2
2720 18 14 0
2720 22 14 0
2
43 89 
2
2721 18 14 0
2721 24 14 0
2
43 90 
2
2722 18 14 0
2722 20 10 0
2
20 40 
2
2824 14 16 0
2824 10 16 0
2
21 41 
2
2702 20 14 0
2702 20 12 0
2
18 38 
2
2812 4 18 0
2812 4 16 0
2
19 39 
2
2672 20 8 0
2672 22 8 0
2
36 38 
2
2813 4 22 0
2813 4 16 0
2
37 39 
2
2673 24 4 0
2673 22 8 0
2
40 40 
1
2825 10 16 0
2
38 40 
2
2826 4 16 0
2826 10 16 0
2
40 40 
1
2827 10 16 0
2
18 40 
2
2828 4 18 0
2828 10 16 0
2
40 40 
1
2829 10 16 0
2
38 40 
2
2830 4 16 0
2830 10 16 0
2
40 40 
1
2831 10 16 0
2
41 41 
1
2703 20 12 0
2
39 41 
2
2704 22 8 0
2704 20 12 0
2
41 41 
1
2705 20 12 0
2
19 41 
2
2706 20 8 0
2706 20 12 0
2
41 41 
1
2707 20 12 0
2
39 41 
2
2708 22 8 0
2708 20 12 0
2
41 41 
1
2709 20 12 0
2
42 42 
1
2827 16 16 0
2
40 42 
2
2832 10 16 0
2832 16 16 0
2
42 42 
1
2833 16 16 0
2
20 42 
2
2834 14 16 0
2834 16 16 0
2
42 42 
1
2835 16 16 0
2
40 42 
2
2836 10 16 0
2836 16 16 0
2
42 42 
1
2837 16 16 0
2
43 43 
1
2723 18 14 0
2
41 43 
2
2724 20 12 0
2724 18 14 0
2
43 43 
1
2725 18 14 0
2
21 43 
2
2726 20 14 0
2726 18 14 0
2
43 43 
1
2727 18 14 0
2
41 43 
2
2728 20 12 0
2728 18 14 0
2
43 43 
1
2729 18 14 0
2
42 117 
2
2838 16 16 0
2838 12 8 0
2
43 53 
2
2730 18 14 0
2730 18 8 0
2
42 118 
2
2839 16 16 0
2839 12 12 0
2
43 54 
2
2731 18 14 0
2731 24 6 0
2
42 119 
2
2840 16 16 0
2840 22 18 0
2
43 55 
2
2732 18 14 0
2732 24 2 0
2
42 120 
2
2841 16 16 0
2841 28 20 0
2
43 56 
2
2733 18 14 0
2733 32 18 0
2
42 121 
2
2842 16 16 0
2842 8 14 0
2
43 57 
2
2734 18 14 0
2734 22 28 0
2
42 122 
2
2843 16 16 0
2843 12 6 0
2
43 58 
2
2735 18 14 0
2735 10 10 0
2
42 123 
2
2844 16 16 0
2844 22 20 0
2
43 59 
2
2736 18 14 0
2736 28 16 0
2
42 124 
2
2845 16 16 0
2845 20 26 0
2
43 60 
2
2737 18 14 0
2737 16 8 0
2
42 125 
2
2846 16 16 0
2846 12 16 0
2
43 61 
2
2738 18 14 0
2738 18 30 0
2
42 126 
2
2847 16 16 0
2847 16 10 0
2
43 62 
2
2739 18 14 0
2739 20 24 0
2
42 128 
2
2848 16 16 0
2848 16 14 0
2
43 63 
2
2740 18 14 0
2740 16 12 0
2
42 129 
2
2849 16 16 0
2849 28 12 0
2
43 64 
2
2741 18 14 0
2741 16 6 0
2
42 130 
2
2850 16 16 0
2850 22 6 0
2
43 65 
2
2742 18 14 0
2742 10 6 0
2
42 131 
2
2851 16 16 0
2851 28 14 0
2
43 66 
2
2743 18 14 0
2743 18 22 0
2
42 149 
2
2852 16 16 0
2852 20 6 0
2
43 67 
2
2744 18 14 0
2744 18 28 0
2
42 150 
2
2853 16 16 0
2853 24 8 0
2
43 68 
2
2745 18 14 0
2745 18 12 0
2
42 151 
2
2854 16 16 0
2854 22 2 0
2
43 86 
2
2746 18 14 0
2746 6 10 0
2
42 152 
2
2855 16 16 0
2855 22 30 0
2
43 87 
2
2747 18 14 0
2747 22 14 0
2
42 153 
2
2856 16 16 0
2856 24 26 0
2
43 89 
2
2748 18 14 0
2748 24 14 0
2
42 154 
2
2857 16 16 0
2857 28 18 0
2
43 90 
2
2749 18 14 0
2749 20 10 0
2
42 155 
2
2858 16 16 0
2858 22 22 0
2
43 91 
2
2750 18 14 0
2750 28 8 0
2
40 42 
2
2859 10 16 0
2859 16 16 0
2
41 43 
2
2751 20 12 0
2751 18 14 0
2
42 117 
2
2860 16 16 0
2860 12 8 0
2
43 53 
2
2752 18 14 0
2752 18 8 0
2
42 118 
2
2861 16 16 0
2861 12 12 0
2
43 54 
2
2753 18 14 0
2753 24 6 0
2
42 119 
2
2862 16 16 0
2862 22 18 0
2
43 55 
2
2754 18 14 0
2754 24 2 0
2
42 120 
2
2863 16 16 0
2863 28 20 0
2
43 56 
2
2755 18 14 0
2755 32 18 0
2
42 121 
2
2864 16 16 0
2864 8 14 0
2
43 57 
2
2756 18 14 0
2756 22 28 0
2
42 122 
2
2865 16 16 0
2865 12 6 0
2
43 58 
2
2757 18 14 0
2757 10 10 0
2
42 123 
2
2866 16 16 0
2866 22 20 0
2
43 59 
2
2758 18 14 0
2758 28 16 0
2
42 124 
2
2867 16 16 0
2867 20 26 0
2
43 60 
2
2759 18 14 0
2759 16 8 0
2
42 125 
2
2868 16 16 0
2868 12 16 0
2
43 61 
2
2760 18 14 0
2760 18 30 0
2
42 126 
2
2869 16 16 0
2869 16 10 0
2
43 62 
2
2761 18 14 0
2761 20 24 0
2
42 128 
2
2870 16 16 0
2870 16 14 0
2
43 63 
2
2762 18 14 0
2762 16 12 0
2
42 129 
2
2871 16 16 0
2871 28 12 0
2
43 64 
2
2763 18 14 0
2763 16 6 0
2
42 130 
2
2872 16 16 0
2872 22 6 0
2
43 65 
2
2764 18 14 0
2764 10 6 0
2
42 131 
2
2873 16 16 0
2873 28 14 0
2
43 66 
2
2765 18 14 0
2765 18 22 0
2
42 149 
2
2874 16 16 0
2874 20 6 0
2
43 67 
2
2766 18 14 0
2766 18 28 0
2
42 150 
2
2875 16 16 0
2875 24 8 0
2
43 68 
2
2767 18 14 0
2767 18 12 0
2
42 151 
2
2876 16 16 0
2876 22 2 0
2
43 86 
2
2768 18 14 0
2768 6 10 0
2
42 152 
2
2877 16 16 0
2877 22 30 0
2
43 87 
2
2769 18 14 0
2769 22 14 0
2
42 153 
2
2878 16 16 0
2878 24 26 0
2
43 89 
2
2770 18 14 0
2770 24 14 0
2
42 154 
2
2879 16 16 0
2879 28 18 0
2
43 90 
2
2771 18 14 0
2771 20 10 0
2
42 155 
2
2880 16 16 0
2880 22 22 0
2
43 91 
2
2772 18 14 0
2772 28 8 0
2
20 40 
2
2860 14 16 0
2860 10 16 0
2
21 41 
2
2752 20 14 0
2752 20 12 0
2
38 40 
2
2861 4 16 0
2861 10 16 0
2
39 41 
2
2753 22 8 0
2753 20 12 0
2
42 42 
1
2881 16 16 0
2
40 42 
2
2882 10 16 0
2882 16 16 0
2
42 42 
1
2883 16 16 0
2
20 42 
2
2884 14 16 0
2884 16 16 0
2
42 42 
1
2885 16 16 0
2
40 42 
2
2886 10 16 0
2886 16 16 0
2
42 42 
1
2887 16 16 0
2
43 43 
1
2773 18 14 0
2
41 43 
2
2774 20 12 0
2774 18 14 0
2
43 43 
1
2775 18 14 0
2
21 43 
2
2776 20 14 0
2776 18 14 0
2
43 43 
1
2777 18 14 0
2
41 43 
2
2778 20 12 0
2778 18 14 0
2
43 43 
1
2779 18 14 0
2
42 118 
2
2888 16 16 0
2888 12 12 0
2
43 90 
2
2780 18 14 0
2780 20 10 0
2
42 119 
2
2889 16 16 0
2889 22 18 0
2
43 91 
2
2781 18 14 0
2781 28 8 0
2
42 120 
2
2890 16 16 0
2890 28 20 0
2
43 92 
2
2782 18 14 0
2782 32 12 0
2
42 121 
2
2891 16 16 0
2891 8 14 0
2
42 122 
2
2892 16 16 0
2892 12 6 0
2
42 123 
2
2893 16 16 0
2893 22 20 0
2
42 124 
2
2894 16 16 0
2894 20 26 0
2
42 125 
2
2895 16 16 0
2895 12 16 0
2
42 126 
2
2896 16 16 0
2896 16 10 0
2
42 128 
2
2897 16 16 0
2897 16 14 0
2
42 129 
2
2898 16 16 0
2898 28 12 0
2
42 130 
2
2899 16 16 0
2899 22 6 0
2
42 131 
2
2900 16 16 0
2900 28 14 0
2
42 149 
2
2901 16 16 0
2901 20 6 0
2
42 150 
2
2902 16 16 0
2902 24 8 0
2
42 151 
2
2903 16 16 0
2903 22 2 0
2
42 152 
2
2904 16 16 0
2904 22 30 0
2
42 153 
2
2905 16 16 0
2905 24 26 0
2
42 154 
2
2906 16 16 0
2906 28 18 0
2
42 155 
2
2907 16 16 0
2907 22 22 0
2
42 156 
2
2908 16 16 0
2908 26 18 0
2
40 42 
2
2909 10 16 0
2909 16 16 0
2
41 43 
2
2783 20 12 0
2783 18 14 0
2
42 118 
2
2910 16 16 0
2910 12 12 0
2
43 90 
2
2784 18 14 0
2784 20 10 0
2
42 119 
2
2911 16 16 0
2911 22 18 0
2
43 91 
2
2785 18 14 0
2785 28 8 0
2
42 120 
2
2912 16 16 0
2912 28 20 0
2
43 92 
2
2786 18 14 0
2786 32 12 0
2
42 121 
2
2913 16 16 0
2913 8 14 0
2
42 122 
2
2914 16 16 0
2914 12 6 0
2
42 123 
2
2915 16 16 0
2915 22 20 0
2
42 124 
2
2916 16 16 0
2916 20 26 0
2
42 125 
2
2917 16 16 0
2917 12 16 0
2
42 126 
2
2918 16 16 0
2918 16 10 0
2
42 128 
2
2919 16 16 0
2919 16 14 0
2
42 129 
2
2920 16 16 0
2920 28 12 0
2
42 130 
2
2921 16 16 0
2921 22 6 0
2
42 131 
2
2922 16 16 0
2922 28 14 0
2
42 149 
2
2923 16 16 0
2923 20 6 0
2
42 150 
2
2924 16 16 0
2924 24 8 0
2
42 151 
2
2925 16 16 0
2925 22 2 0
2
42 152 
2
2926 16 16 0
2926 22 30 0
2
42 153 
2
2927 16 16 0
2927 24 26 0
2
42 154 
2
2928 16 16 0
2928 28 18 0
2
42 155 
2
2929 16 16 0
2929 22 22 0
2
42 156 
2
2930 16 16 0
2930 26 18 0
2
20 40 
2
2910 14 16 0
2910 10 16 0
2
21 41 
2
2784 20 14 0
2784 20 12 0
2
18 38 
2
2862 4 18 0
2862 4 16 0
2
19 39 
2
2754 20 8 0
2754 22 8 0
2
16 36 
2
2814 4 24 0
2814 4 22 0
2
17 37 
2
2674 26 4 0
2674 24 4 0
2
14 34 
2
2642 4 26 0
2642 2 24 0
2
15 35 
2
2544 26 2 0
2544 28 2 0
2
12 32 
2
2386 2 26 0
2386 2 28 0
2
13 33 
2
2282 30 2 0
2282 32 2 0
2
30 32 
2
2387 4 28 0
2387 2 28 0
2
31 33 
2
2283 32 6 0
2283 32 2 0
2
34 34 
1
2643 2 24 0
2
32 34 
2
2644 2 28 0
2644 2 24 0
2
34 34 
1
2645 2 24 0
2
12 34 
2
2646 2 26 0
2646 2 24 0
2
34 34 
1
2647 2 24 0
2
32 34 
2
2648 2 28 0
2648 2 24 0
2
34 34 
1
2649 2 24 0
2
35 35 
1
2545 28 2 0
2
33 35 
2
2546 32 2 0
2546 28 2 0
2
35 35 
1
2547 28 2 0
2
13 35 
2
2548 30 2 0
2548 28 2 0
2
35 35 
1
2549 28 2 0
2
33 35 
2
2550 32 2 0
2550 28 2 0
2
35 35 
1
2551 28 2 0
2
36 36 
1
2815 4 22 0
2
34 36 
2
2816 2 24 0
2816 4 22 0
2
36 36 
1
2817 4 22 0
2
14 36 
2
2818 4 26 0
2818 4 22 0
2
36 36 
1
2819 4 22 0
2
34 36 
2
2820 2 24 0
2820 4 22 0
2
36 36 
1
2821 4 22 0
2
37 37 
1
2675 24 4 0
2
35 37 
2
2676 28 2 0
2676 24 4 0
2
37 37 
1
2677 24 4 0
2
15 37 
2
2678 26 2 0
2678 24 4 0
2
37 37 
1
2679 24 4 0
2
35 37 
2
2680 28 2 0
2680 24 4 0
2
37 37 
1
2681 24 4 0
2
38 38 
1
2863 4 16 0
2
36 38 
2
2864 4 22 0
2864 4 16 0
2
38 38 
1
2865 4 16 0
2
16 38 
2
2866 4 24 0
2866 4 16 0
2
38 38 
1
2867 4 16 0
2
36 38 
2
2868 4 22 0
2868 4 16 0
2
38 38 
1
2869 4 16 0
2
39 39 
1
2755 22 8 0
2
37 39 
2
2756 24 4 0
2756 22 8 0
2
39 39 
1
2757 22 8 0
2
17 39 
2
2758 26 4 0
2758 22 8 0
2
39 39 
1
2759 22 8 0
2
37 39 
2
2760 24 4 0
2760 22 8 0
2
39 39 
1
2761 22 8 0
2
40 40 
1
2911 10 16 0
2
38 40 
2
2912 4 16 0
2912 10 16 0
2
40 40 
1
2913 10 16 0
2
18 40 
2
2914 4 18 0
2914 10 16 0
2
40 40 
1
2915 10 16 0
2
38 40 
2
2916 4 16 0
2916 10 16 0
2
40 40 
1
2917 10 16 0
2
41 41 
1
2785 20 12 0
2
39 41 
2
2786 22 8 0
2786 20 12 0
2
41 41 
1
2787 20 12 0
2
19 41 
2
2788 20 8 0
2788 20 12 0
2
41 41 
1
2789 20 12 0
2
39 41 
2
2790 22 8 0
2790 20 12 0
2
41 41 
1
2791 20 12 0
2
42 42 
1
2931 16 16 0
2
40 42 
2
2932 10 16 0
2932 16 16 0
2
42 42 
1
2933 16 16 0
2
20 42 
2
2934 14 16 0
2934 16 16 0
2
42 42 
1
2935 16 16 0
2
40 42 
2
2936 10 16 0
2936 16 16 0
2
42 42 
1
2937 16 16 0
2
43 43 
1
2787 18 14 0
2
41 43 
2
2792 20 12 0
2792 18 14 0
2
43 43 
1
2793 18 14 0
2
21 43 
2
2794 20 14 0
2794 18 14 0
2
43 43 
1
2795 18 14 0
2
41 43 
2
2796 20 12 0
2796 18 14 0
2
43 43 
1
2797 18 14 0
2
42 153 
2
2938 16 16 0
2938 24 26 0
2
43 91 
2
2798 18 14 0
2798 28 8 0
2
42 154 
2
2939 16 16 0
2939 28 18 0
2
43 92 
2
2799 18 14 0
2799 32 12 0
2
42 155 
2
2940 16 16 0
2940 22 22 0
2
43 93 
2
2800 18 14 0
2800 20 2 0
2
40 42 
2
2941 10 16 0
2941 16 16 0
2
41 43 
2
2801 20 12 0
2801 18 14 0
2
42 153 
2
2942 16 16 0
2942 24 26 0
2
43 91 
2
2802 18 14 0
2802 28 8 0
2
42 154 
2
2943 16 16 0
2943 28 18 0
2
43 92 
2
2803 18 14 0
2803 32 12 0
2
42 155 
2
2944 16 16 0
2944 22 22 0
2
43 93 
2
2804 18 14 0
2804 20 2 0
2
20 40 
2
2942 14 16 0
2942 10 16 0
2
21 41 
2
2802 20 14 0
2802 20 12 0
2
38 40 
2
2943 4 16 0
2943 10 16 0
2
39 41 
2
2803 22 8 0
2803 20 12 0
2
42 42 
1
2945 16 16 0
2
40 42 
2
2946 10 16 0
2946 16 16 0
2
42 42 
1
2947 16 16 0
2
20 42 
2
2948 14 16 0
2948 16 16 0
2
42 42 
1
2949 16 16 0
2
40 42 
2
2950 10 16 0
2950 16 16 0
2
42 42 
1
2951 16 16 0
2
43 43 
1
2805 18 14 0
2
41 43 
2
2806 20 12 0
2806 18 14 0
2
43 43 
1
2807 18 14 0
2
21 43 
2
2808 20 14 0
2808 18 14 0
2
43 43 
1
2809 18 14 0
2
41 43 
2
2810 20 12 0
2810 18 14 0
2
43 43 
1
2811 18 14 0
2
42 154 
2
2952 16 16 0
2952 28 18 0
2
43 90 
2
2812 18 14 0
2812 20 10 0
2
42 155 
2
2953 16 16 0
2953 22 22 0
2
43 91 
2
2813 18 14 0
2813 28 8 0
2
42 156 
2
2954 16 16 0
2954 26 18 0
2
43 92 
2
2814 18 14 0
2814 32 12 0
2
43 93 
2
2815 18 14 0
2815 20 2 0
2
43 94 
2
2816 18 14 0
2816 8 6 0
2
43 95 
2
2817 18 14 0
2817 6 12 0
2
43 96 
2
2818 18 14 0
2818 16 4 0
2
43 97 
2
2819 18 14 0
2819 12 14 0
2
43 98 
2
2820 18 14 0
2820 22 16 0
2
43 99 
2
2821 18 14 0
2821 18 24 0
2
43 100 
2
2822 18 14 0
2822 12 10 0
2
43 101 
2
2823 18 14 0
2823 18 18 0
2
43 102 
2
2824 18 14 0
2824 14 8 0
2
43 103 
2
2825 18 14 0
2825 14 6 0
2
43 104 
2
2826 18 14 0
2826 22 26 0
2
43 105 
2
2827 18 14 0
2827 20 16 0
2
43 106 
2
2828 18 14 0
2828 24 20 0
2
43 107 
2
2829 18 14 0
2829 30 16 0
2
43 108 
2
2830 18 14 0
2830 28 10 0
2
43 109 
2
2831 18 14 0
2831 26 10 0
2
43 111 
2
2832 18 14 0
2832 18 6 0
2
40 42 
2
2955 10 16 0
2955 16 16 0
2
41 43 
2
2833 20 12 0
2833 18 14 0
2
42 154 
2
2956 16 16 0
2956 28 18 0
2
43 90 
2
2834 18 14 0
2834 20 10 0
2
42 155 
2
2957 16 16 0
2957 22 22 0
2
43 91 
2
2835 18 14 0
2835 28 8 0
2
42 156 
2
2958 16 16 0
2958 26 18 0
2
43 92 
2
2836 18 14 0
2836 32 12 0
2
43 93 
2
2837 18 14 0
2837 20 2 0
2
43 94 
2
2838 18 14 0
2838 8 6 0
2
43 95 
2
2839 18 14 0
2839 6 12 0
2
43 96 
2
2840 18 14 0
2840 16 4 0
2
43 97 
2
2841 18 14 0
2841 12 14 0
2
43 98 
2
2842 18 14 0
2842 22 16 0
2
43 99 
2
2843 18 14 0
2843 18 24 0
2
43 100 
2
2844 18 14 0
2844 12 10 0
2
43 101 
2
2845 18 14 0
2845 18 18 0
2
43 102 
2
2846 18 14 0
2846 14 8 0
2
43 103 
2
2847 18 14 0
2847 14 6 0
2
43 104 
2
2848 18 14 0
2848 22 26 0
2
43 105 
2
2849 18 14 0
2849 20 16 0
2
43 106 
2
2850 18 14 0
2850 24 20 0
2
43 107 
2
2851 18 14 0
2851 30 16 0
2
43 108 
2
2852 18 14 0
2852 28 10 0
2
43 109 
2
2853 18 14 0
2853 26 10 0
2
43 111 
2
2854 18 14 0
2854 18 6 0
2
20 40 
2
2956 14 16 0
2956 10 16 0
2
21 41 
2
2834 20 14 0
2834 20 12 0
2
18 38 
2
2944 4 18 0
2944 4 16 0
2
19 39 
2
2804 20 8 0
2804 22 8 0
2
36 38 
2
2945 4 22 0
2945 4 16 0
2
37 39 
2
2805 24 4 0
2805 22 8 0
2
40 40 
1
2957 10 16 0
2
38 40 
2
2958 4 16 0
2958 10 16 0
2
40 40 
1
2959 10 16 0
2
18 40 
2
2960 4 18 0
2960 10 16 0
2
40 40 
1
2961 10 16 0
2
38 40 
2
2962 4 16 0
2962 10 16 0
2
40 40 
1
2963 10 16 0
2
41 41 
1
2835 20 12 0
2
39 41 
2
2836 22 8 0
2836 20 12 0
2
41 41 
1
2837 20 12 0
2
19 41 
2
2838 20 8 0
2838 20 12 0
2
41 41 
1
2839 20 12 0
2
39 41 
2
2840 22 8 0
2840 20 12 0
2
41 41 
1
2841 20 12 0
2
42 42 
1
2959 16 16 0
2
40 42 
2
2964 10 16 0
2964 16 16 0
2
42 42 
1
2965 16 16 0
2
20 42 
2
2966 14 16 0
2966 16 16 0
2
42 42 
1
2967 16 16 0
2
40 42 
2
2968 10 16 0
2968 16 16 0
2
42 42 
1
2969 16 16 0
2
43 43 
1
2855 18 14 0
2
41 43 
2
2856 20 12 0
2856 18 14 0
2
43 43 
1
2857 18 14 0
2
21 43 
2
2858 20 14 0
2858 18 14 0
2
43 43 
1
2859 18 14 0
2
41 43 
2
2860 20 12 0
2860 18 14 0
2
43 43 
1
2861 18 14 0
2
42 153 
2
2970 16 16 0
2970 24 26 0
2
43 91 
2
2862 18 14 0
2862 28 8 0
2
42 154 
2
2971 16 16 0
2971 28 18 0
2
43 92 
2
2863 18 14 0
2863 32 12 0
2
42 155 
2
2972 16 16 0
2972 22 22 0
2
43 93 
2
2864 18 14 0
2864 20 2 0
2
42 156 
2
2973 16 16 0
2973 26 18 0
2
43 94 
2
2865 18 14 0
2865 8 6 0
2
42 157 
2
2974 16 16 0
2974 24 16 0
2
43 95 
2
2866 18 14 0
2866 6 12 0
2
42 158 
2
2975 16 16 0
2975 4 14 0
2
43 96 
2
2867 18 14 0
2867 16 4 0
2
42 159 
2
2976 16 16 0
2976 14 4 0
2
43 97 
2
2868 18 14 0
2868 12 14 0
2
42 160 
2
2977 16 16 0
2977 10 14 0
2
43 98 
2
2869 18 14 0
2869 22 16 0
2
42 161 
2
2978 16 16 0
2978 14 2 0
2
43 99 
2
2870 18 14 0
2870 18 24 0
2
42 162 
2
2979 16 16 0
2979 30 18 0
2
43 100 
2
2871 18 14 0
2871 12 10 0
2
42 163 
2
2980 16 16 0
2980 24 22 0
2
43 101 
2
2872 18 14 0
2872 18 18 0
2
42 164 
2
2981 16 16 0
2981 26 20 0
2
43 102 
2
2873 18 14 0
2873 14 8 0
2
42 166 
2
2982 16 16 0
2982 20 22 0
2
43 103 
2
2874 18 14 0
2874 14 6 0
2
42 167 
2
2983 16 16 0
2983 22 12 0
2
43 104 
2
2875 18 14 0
2875 22 26 0
2
42 168 
2
2984 16 16 0
2984 24 10 0
2
43 105 
2
2876 18 14 0
2876 20 16 0
2
42 169 
2
2985 16 16 0
2985 18 2 0
2
43 106 
2
2877 18 14 0
2877 24 20 0
2
42 170 
2
2986 16 16 0
2986 26 14 0
2
43 107 
2
2878 18 14 0
2878 30 16 0
2
42 171 
2
2987 16 16 0
2987 20 4 0
2
43 108 
2
2879 18 14 0
2879 28 10 0
2
42 172 
2
2988 16 16 0
2988 26 8 0
2
43 109 
2
2880 18 14 0
2880 26 10 0
2
42 173 
2
2989 16 16 0
2989 26 6 0
2
43 111 
2
2881 18 14 0
2881 18 6 0
2
42 174 
2
2990 16 16 0
2990 20 32 0
2
43 112 
2
2882 18 14 0
2882 30 14 0
2
40 42 
2
2991 10 16 0
2991 16 16 0
2
41 43 
2
2883 20 12 0
2883 18 14 0
2
42 153 
2
2992 16 16 0
2992 24 26 0
2
43 91 
2
2884 18 14 0
2884 28 8 0
2
42 154 
2
2993 16 16 0
2993 28 18 0
2
43 92 
2
2885 18 14 0
2885 32 12 0
2
42 155 
2
2994 16 16 0
2994 22 22 0
2
43 93 
2
2886 18 14 0
2886 20 2 0
2
42 156 
2
2995 16 16 0
2995 26 18 0
2
43 94 
2
2887 18 14 0
2887 8 6 0
2
42 157 
2
2996 16 16 0
2996 24 16 0
2
43 95 
2
2888 18 14 0
2888 6 12 0
2
42 158 
2
2997 16 16 0
2997 4 14 0
2
43 96 
2
2889 18 14 0
2889 16 4 0
2
42 159 
2
2998 16 16 0
2998 14 4 0
2
43 97 
2
2890 18 14 0
2890 12 14 0
2
42 160 
2
2999 16 16 0
2999 10 14 0
2
43 98 
2
2891 18 14 0
2891 22 16 0
2
42 161 
2
3000 16 16 0
3000 14 2 0
2
43 99 
2
2892 18 14 0
2892 18 24 0
2
42 162 
2
3001 16 16 0
3001 30 18 0
2
43 100 
2
2893 18 14 0
2893 12 10 0
2
42 163 
2
3002 16 16 0
3002 24 22 0
2
43 101 
2
2894 18 14 0
2894 18 18 0
2
42 164 
2
3003 16 16 0
3003 26 20 0
2
43 102 
2
2895 18 14 0
2895 14 8 0
2
42 166 
2
3004 16 16 0
3004 20 22 0
2
43 103 
2
2896 18 14 0
2896 14 6 0
2
42 167 
2
3005 16 16 0
3005 22 12 0
2
43 104 
2
2897 18 14 0
2897 22 26 0
2
42 168 
2
3006 16 16 0
3006 24 10 0
2
43 105 
2
2898 18 14 0
2898 20 16 0
2
42 169 
2
3007 16 16 0
3007 18 2 0
2
43 106 
2
2899 18 14 0
2899 24 20 0
2
42 170 
2
3008 16 16 0
3008 26 14 0
2
43 107 
2
2900 18 14 0
2900 30 16 0
2
42 171 
2
3009 16 16 0
3009 20 4 0
2
43 108 
2
2901 18 14 0
2901 28 10 0
2
42 172 
2
3010 16 16 0
3010 26 8 0
2
43 109 
2
2902 18 14 0
2902 26 10 0
2
42 173 
2
3011 16 16 0
3011 26 6 0
2
43 111 
2
2903 18 14 0
2903 18 6 0
2
42 174 
2
3012 16 16 0
3012 20 32 0
2
43 112 
2
2904 18 14 0
2904 30 14 0
2
20 40 
2
2992 14 16 0
2992 10 16 0
2
21 41 
2
2884 20 14 0
2884 20 12 0
2
38 40 
2
2993 4 16 0
2993 10 16 0
2
39 41 
2
2885 22 8 0
2885 20 12 0
2
42 42 
1
3013 16 16 0
2
40 42 
2
3014 10 16 0
3014 16 16 0
2
42 42 
1
3015 16 16 0
2
20 42 
2
3016 14 16 0
3016 16 16 0
2
42 42 
1
3017 16 16 0
2
40 42 
2
3018 10 16 0
3018 16 16 0
2
42 42 
1
3019 16 16 0
2
43 43 
1
2905 18 14 0
2
41 43 
2
2906 20 12 0
2906 18 14 0
2
43 43 
1
2907 18 14 0
2
21 43 
2
2908 20 14 0
2908 18 14 0
2
43 43 
1
2909 18 14 0
2
41 43 
2
2910 20 12 0
2910 18 14 0
2
43 43 
1
2911 18 14 0
2
42 154 
2
3020 16 16 0
3020 28 18 0
2
43 111 
2
2912 18 14 0
2912 18 6 0
2
42 155 
2
3021 16 16 0
3021 22 22 0
2
43 112 
2
2913 18 14 0
2913 30 14 0
2
42 156 
2
3022 16 16 0
3022 26 18 0
2
43 113 
2
2914 18 14 0
2914 22 4 0
2
42 157 
2
3023 16 16 0
3023 24 16 0
2
42 158 
2
3024 16 16 0
3024 4 14 0
2
42 159 
2
3025 16 16 0
3025 14 4 0
2
42 160 
2
3026 16 16 0
3026 10 14 0
2
42 161 
2
3027 16 16 0
3027 14 2 0
2
42 162 
2
3028 16 16 0
3028 30 18 0
2
42 163 
2
3029 16 16 0
3029 24 22 0
2
42 164 
2
3030 16 16 0
3030 26 20 0
2
42 166 
2
3031 16 16 0
3031 20 22 0
2
42 167 
2
3032 16 16 0
3032 22 12 0
2
42 168 
2
3033 16 16 0
3033 24 10 0
2
42 169 
2
3034 16 16 0
3034 18 2 0
2
42 170 
2
3035 16 16 0
3035 26 14 0
2
42 171 
2
3036 16 16 0
3036 20 4 0
2
42 172 
2
3037 16 16 0
3037 26 8 0
2
42 173 
2
3038 16 16 0
3038 26 6 0
2
42 174 
2
3039 16 16 0
3039 20 32 0
2
42 175 
2
3040 16 16 0
3040 6 8 0
2
40 42 
2
3041 10 16 0
3041 16 16 0
2
41 43 
2
2915 20 12 0
2915 18 14 0
2
42 154 
2
3042 16 16 0
3042 28 18 0
2
43 111 
2
2916 18 14 0
2916 18 6 0
2
42 155 
2
3043 16 16 0
3043 22 22 0
2
43 112 
2
2917 18 14 0
2917 30 14 0
2
42 156 
2
3044 16 16 0
3044 26 18 0
2
43 113 
2
2918 18 14 0
2918 22 4 0
2
42 157 
2
3045 16 16 0
3045 24 16 0
2
42 158 
2
3046 16 16 0
3046 4 14 0
2
42 159 
2
3047 16 16 0
3047 14 4 0
2
42 160 
2
3048 16 16 0
3048 10 14 0
2
42 161 
2
3049 16 16 0
3049 14 2 0
2
42 162 
2
3050 16 16 0
3050 30 18 0
2
42 163 
2
3051 16 16 0
3051 24 22 0
2
42 164 
2
3052 16 16 0
3052 26 20 0
2
42 166 
2
3053 16 16 0
3053 20 22 0
2
42 167 
2
3054 16 16 0
3054 22 12 0
2
42 168 
2
3055 16 16 0
3055 24 10 0
2
42 169 
2
3056 16 16 0
3056 18 2 0
2
42 170 
2
3057 16 16 0
3057 26 14 0
2
42 171 
2
3058 16 16 0
3058 20 4 0
2
42 172 
2
3059 16 16 0
3059 26 8 0
2
42 173 
2
3060 16 16 0
3060 26 6 0
2
42 174 
2
3061 16 16 0
3061 20 32 0
2
42 175 
2
3062 16 16 0
3062 6 8 0
2
20 40 
2
3042 14 16 0
3042 10 16 0
2
21 41 
2
2916 20 14 0
2916 20 12 0
2
18 38 
2
2994 4 18 0
2994 4 16 0
2
19 39 
2
2886 20 8 0
2886 22 8 0
2
16 36 
2
2946 4 24 0
2946 4 22 0
2
17 37 
2
2806 26 4 0
2806 24 4 0
2
34 36 
2
2947 2 24 0
2947 4 22 0
2
35 37 
2
2807 28 2 0
2807 24 4 0
2
38 38 
1
2995 4 16 0
2
36 38 
2
2996 4 22 0
2996 4 16 0
2
38 38 
1
2997 4 16 0
2
16 38 
2
2998 4 24 0
2998 4 16 0
2
38 38 
1
2999 4 16 0
2
36 38 
2
3000 4 22 0
3000 4 16 0
2
38 38 
1
3001 4 16 0
2
39 39 
1
2887 22 8 0
2
37 39 
2
2888 24 4 0
2888 22 8 0
2
39 39 
1
2889 22 8 0
2
17 39 
2
2890 26 4 0
2890 22 8 0
2
39 39 
1
2891 22 8 0
2
37 39 
2
2892 24 4 0
2892 22 8 0
2
39 39 
1
2893 22 8 0
2
40 40 
1
3043 10 16 0
2
38 40 
2
3044 4 16 0
3044 10 16 0
2
40 40 
1
3045 10 16 0
2
18 40 
2
3046 4 18 0
3046 10 16 0
2
40 40 
1
3047 10 16 0
2
38 40 
2
3048 4 16 0
3048 10 16 0
2
40 40 
1
3049 10 16 0
2
41 41 
1
2917 20 12 0
2
39 41 
2
2918 22 8 0
2918 20 12 0
2
41 41 
1
2919 20 12 0
2
19 41 
2
2920 20 8 0
2920 20 12 0
2
41 41 
1
2921 20 12 0
2
39 41 
2
2922 22 8 0
2922 20 12 0
2
41 41 
1
2923 20 12 0
2
42 42 
1
3063 16 16 0
2
40 42 
2
3064 10 16 0
3064 16 16 0
2
42 42 
1
3065 16 16 0
2
20 42 
2
3066 14 16 0
3066 16 16 0
2
42 42 
1
3067 16 16 0
2
40 42 
2
3068 10 16 0
3068 16 16 0
2
42 42 
1
3069 16 16 0
2
43 43 
1
2919 18 14 0
2
41 43 
2
2924 20 12 0
2924 18 14 0
2
43 43 
1
2925 18 14 0
2
21 43 
2
2926 20 14 0
2926 18 14 0
2
43 43 
1
2927 18 14 0
2
41 43 
2
2928 20 12 0
2928 18 14 0
2
43 43 
1
2929 18 14 0
2
42 153 
2
3070 16 16 0
3070 24 26 0
2
43 112 
2
2930 18 14 0
2930 30 14 0
2
42 154 
2
3071 16 16 0
3071 28 18 0
2
43 113 
2
2931 18 14 0
2931 22 4 0
2
42 155 
2
3072 16 16 0
3072 22 22 0
2
43 114 
2
2932 18 14 0
2932 30 10 0
2
42 156 
2
3073 16 16 0
3073 26 18 0
2
42 157 
2
3074 16 16 0
3074 24 16 0
2
42 158 
2
3075 16 16 0
3075 4 14 0
2
42 159 
2
3076 16 16 0
3076 14 4 0
2
42 160 
2
3077 16 16 0
3077 10 14 0
2
42 161 
2
3078 16 16 0
3078 14 2 0
2
42 162 
2
3079 16 16 0
3079 30 18 0
2
42 163 
2
3080 16 16 0
3080 24 22 0
2
42 164 
2
3081 16 16 0
3081 26 20 0
2
42 166 
2
3082 16 16 0
3082 20 22 0
2
42 167 
2
3083 16 16 0
3083 22 12 0
2
42 168 
2
3084 16 16 0
3084 24 10 0
2
42 169 
2
3085 16 16 0
3085 18 2 0
2
42 170 
2
3086 16 16 0
3086 26 14 0
2
42 171 
2
3087 16 16 0
3087 20 4 0
2
42 172 
2
3088 16 16 0
3088 26 8 0
2
40 42 
2
3089 10 16 0
3089 16 16 0
2
41 43 
2
2933 20 12 0
2933 18 14 0
2
42 153 
2
3090 16 16 0
3090 24 26 0
2
43 112 
2
2934 18 14 0
2934 30 14 0
2
42 154 
2
3091 16 16 0
3091 28 18 0
2
43 113 
2
2935 18 14 0
2935 22 4 0
2
42 155 
2
3092 16 16 0
3092 22 22 0
2
43 114 
2
2936 18 14 0
2936 30 10 0
2
42 156 
2
3093 16 16 0
3093 26 18 0
2
42 157 
2
3094 16 16 0
3094 24 16 0
2
42 158 
2
3095 16 16 0
3095 4 14 0
2
42 159 
2
3096 16 16 0
3096 14 4 0
2
42 160 
2
3097 16 16 0
3097 10 14 0
2
42 161 
2
3098 16 16 0
3098 14 2 0
2
42 162 
2
3099 16 16 0
3099 30 18 0
2
42 163 
2
3100 16 16 0
3100 24 22 0
2
42 164 
2
3101 16 16 0
3101 26 20 0
2
42 166 
2
3102 16 16 0
3102 20 22 0
2
42 167 
2
3103 16 16 0
3103 22 12 0
2
42 168 
2
3104 16 16 0
3104 24 10 0
2
42 169 
2
3105 16 16 0
3105 18 2 0
2
42 170 
2
3106 16 16 0
3106 26 14 0
2
42 171 
2
3107 16 16 0
3107 20 4 0
2
42 172 
2
3108 16 16 0
3108 26 8 0
2
20 40 
2
3090 14 16 0
3090 10 16 0
2
21 41 
2
2934 20 14 0
2934 20 12 0
2
38 40 
2
3091 4 16 0
3091 10 16 0
2
39 41 
2
2935 22 8 0
2935 20 12 0
2
42 42 
1
3109 16 16 0
2
40 42 
2
3110 10 16 0
3110 16 16 0
2
42 42 
1
3111 16 16 0
2
20 42 
2
3112 14 16 0
3112 16 16 0
2
42 42 
1
3113 16 16 0
2
40 42 
2
3114 10 16 0
3114 16 16 0
2
42 42 
1
3115 16 16 0
2
43 43 
1
2937 18 14 0
2
41 43 
2
2938 20 12 0
2938 18 14 0
2
43 43 
1
2939 18 14 0
2
21 43 
2
2940 20 14 0
2940 18 14 0
2
43 43 
1
2941 18 14 0
2
41 43 
2
2942 20 12 0
2942 18 14 0
2
43 43 
1
2943 18 14 0
2
42 154 
2
3116 16 16 0
3116 28 18 0
2
43 111 
2
2944 18 14 0
2944 18 6 0
2
42 155 
2
3117 16 16 0
3117 22 22 0
2
43 112 
2
2945 18 14 0
2945 30 14 0
2
42 156 
2
3118 16 16 0
3118 26 18 0
2
43 113 
2
2946 18 14 0
2946 22 4 0
2
42 157 
2
3119 16 16 0
3119 24 16 0
2
43 114 
2
2947 18 14 0
2947 30 10 0
2
42 158 
2
3120 16 16 0
3120 4 14 0
2
43 115 
2
2948 18 14 0
2948 2 10 0
2
42 159 
2
3121 16 16 0
3121 14 4 0
2
43 116 
2
2949 18 14 0
2949 8 8 0
2
42 160 
2
3122 16 16 0
3122 10 14 0
2
43 117 
2
2950 18 14 0
2950 12 8 0
2
42 161 
2
3123 16 16 0
3123 14 2 0
2
43 118 
2
2951 18 14 0
2951 12 12 0
2
42 162 
2
3124 16 16 0
3124 30 18 0
2
43 119 
2
2952 18 14 0
2952 22 18 0
2
42 163 
2
3125 16 16 0
3125 24 22 0
2
43 120 
2
2953 18 14 0
2953 28 20 0
2
42 164 
2
3126 16 16 0
3126 26 20 0
2
43 121 
2
2954 18 14 0
2954 8 14 0
2
42 166 
2
3127 16 16 0
3127 20 22 0
2
43 122 
2
2955 18 14 0
2955 12 6 0
2
42 167 
2
3128 16 16 0
3128 22 12 0
2
43 123 
2
2956 18 14 0
2956 22 20 0
2
42 168 
2
3129 16 16 0
3129 24 10 0
2
43 124 
2
2957 18 14 0
2957 20 26 0
2
42 169 
2
3130 16 16 0
3130 18 2 0
2
43 125 
2
2958 18 14 0
2958 12 16 0
2
42 170 
2
3131 16 16 0
3131 26 14 0
2
43 126 
2
2959 18 14 0
2959 16 10 0
2
42 171 
2
3132 16 16 0
3132 20 4 0
2
43 128 
2
2960 18 14 0
2960 16 14 0
2
42 172 
2
3133 16 16 0
3133 26 8 0
2
43 129 
2
2961 18 14 0
2961 28 12 0
2
42 173 
2
3134 16 16 0
3134 26 6 0
2
43 130 
2
2962 18 14 0
2962 22 6 0
2
43 131 
2
2963 18 14 0
2963 28 14 0
2
43 149 
2
2964 18 14 0
2964 20 6 0
2
40 42 
2
3135 10 16 0
3135 16 16 0
2
41 43 
2
2965 20 12 0
2965 18 14 0
2
42 154 
2
3136 16 16 0
3136 28 18 0
2
43 111 
2
2966 18 14 0
2966 18 6 0
2
42 155 
2
3137 16 16 0
3137 22 22 0
2
43 112 
2
2967 18 14 0
2967 30 14 0
2
42 156 
2
3138 16 16 0
3138 26 18 0
2
43 113 
2
2968 18 14 0
2968 22 4 0
2
42 157 
2
3139 16 16 0
3139 24 16 0
2
43 114 
2
2969 18 14 0
2969 30 10 0
2
42 158 
2
3140 16 16 0
3140 4 14 0
2
43 115 
2
2970 18 14 0
2970 2 10 0
2
42 159 
2
3141 16 16 0
3141 14 4 0
2
43 116 
2
2971 18 14 0
2971 8 8 0
2
42 160 
2
3142 16 16 0
3142 10 14 0
2
43 117 
2
2972 18 14 0
2972 12 8 0
2
42 161 
2
3143 16 16 0
3143 14 2 0
2
43 118 
2
2973 18 14 0
2973 12 12 0
2
42 162 
2
3144 16 16 0
3144 30 18 0
2
43 119 
2
2974 18 14 0
2974 22 18 0
2
42 163 
2
3145 16 16 0
3145 24 22 0
2
43 120 
2
2975 18 14 0
2975 28 20 0
2
42 164 
2
3146 16 16 0
3146 26 20 0
2
43 121 
2
2976 18 14 0
2976 8 14 0
2
42 166 
2
3147 16 16 0
3147 20 22 0
2
43 122 
2
2977 18 14 0
2977 12 6 0
2
42 167 
2
3148 16 16 0
3148 22 12 0
2
43 123 
2
2978 18 14 0
2978 22 20 0
2
42 168 
2
3149 16 16 0
3149 24 10 0
2
43 124 
2
2979 18 14 0
2979 20 26 0
2
42 169 
2
3150 16 16 0
3150 18 2 0
2
43 125 
2
2980 18 14 0
2980 12 16 0
2
42 170 
2
3151 16 16 0
3151 26 14 0
2
43 126 
2
2981 18 14 0
2981 16 10 0
2
42 171 
2
3152 16 16 0
3152 20 4 0
2
43 128 
2
2982 18 14 0
2982 16 14 0
2
42 172 
2
3153 16 16 0
3153 26 8 0
2
43 129 
2
2983 18 14 0
2983 28 12 0
2
42 173 
2
3154 16 16 0
3154 26 6 0
2
43 130 
2
2984 18 14 0
2984 22 6 0
2
43 131 
2
2985 18 14 0
2985 28 14 0
2
43 149 
2
2986 18 14 0
2986 20 6 0
2
20 40 
2
3136 14 16 0
3136 10 16 0
2
21 41 
2
2966 20 14 0
2966 20 12 0
2
18 38 
2
3092 4 18 0
3092 4 16 0
2
19 39 
2
2936 20 8 0
2936 22 8 0
2
36 38 
2
3093 4 22 0
3093 4 16 0
2
37 39 
2
2937 24 4 0
2937 22 8 0
2
40 40 
1
3137 10 16 0
2
38 40 
2
3138 4 16 0
3138 10 16 0
2
40 40 
1
3139 10 16 0
2
18 40 
2
3140 4 18 0
3140 10 16 0
2
40 40 
1
3141 10 16 0
2
38 40 
2
3142 4 16 0
3142 10 16 0
2
40 40 
1
3143 10 16 0
2
41 41 
1
2967 20 12 0
2
39 41 
2
2968 22 8 0
2968 20 12 0
2
41 41 
1
2969 20 12 0
2
19 41 
2
2970 20 8 0
2970 20 12 0
2
41 41 
1
2971 20 12 0
2
39 41 
2
2972 22 8 0
2972 20 12 0
2
41 41 
1
2973 20 12 0
2
42 42 
1
3155 16 16 0
2
40 42 
2
3156 10 16 0
3156 16 16 0
2
42 42 
1
3157 16 16 0
2
20 42 
2
3158 14 16 0
3158 16 16 0
2
42 42 
1
3159 16 16 0
2
40 42 
2
3160 10 16 0
3160 16 16 0
2
42 42 
1
3161 16 16 0
2
43 43 
1
2987 18 14 0
2
41 43 
2
2988 20 12 0
2988 18 14 0
2
43 43 
1
2989 18 14 0
2
21 43 
2
2990 20 14 0
2990 18 14 0
2
43 43 
1
2991 18 14 0
2
41 43 
2
2992 20 12 0
2992 18 14 0
2
43 43 
1
2993 18 14 0
2
42 155 
2
3162 16 16 0
3162 22 22 0
2
43 112 
2
2994 18 14 0
2994 30 14 0
2
42 156 
2
3163 16 16 0
3163 26 18 0
2
43 113 
2
2995 18 14 0
2995 22 4 0
2
42 157 
2
3164 16 16 0
3164 24 16 0
2
43 114 
2
2996 18 14 0
2996 30 10 0
2
43 115 
2
2997 18 14 0
2997 2 10 0
2
43 116 
2
2998 18 14 0
2998 8 8 0
2
43 117 
2
2999 18 14 0
2999 12 8 0
2
43 118 
2
3000 18 14 0
3000 12 12 0
2
43 119 
2
3001 18 14 0
3001 22 18 0
2
43 120 
2
3002 18 14 0
3002 28 20 0
2
43 121 
2
3003 18 14 0
3003 8 14 0
2
43 122 
2
3004 18 14 0
3004 12 6 0
2
43 123 
2
3005 18 14 0
3005 22 20 0
2
43 124 
2
3006 18 14 0
3006 20 26 0
2
43 125 
2
3007 18 14 0
3007 12 16 0
2
43 126 
2
3008 18 14 0
3008 16 10 0
2
43 128 
2
3009 18 14 0
3009 16 14 0
2
43 129 
2
3010 18 14 0
3010 28 12 0
2
43 130 
2
3011 18 14 0
3011 22 6 0
2
43 131 
2
3012 18 14 0
3012 28 14 0
2
43 149 
2
3013 18 14 0
3013 20 6 0
2
43 150 
2
3014 18 14 0
3014 24 8 0
2
40 42 
2
3165 10 16 0
3165 16 16 0
2
41 43 
2
3015 20 12 0
3015 18 14 0
2
42 155 
2
3166 16 16 0
3166 22 22 0
2
43 112 
2
3016 18 14 0
3016 30 14 0
2
42 156 
2
3167 16 16 0
3167 26 18 0
2
43 113 
2
3017 18 14 0
3017 22 4 0
2
42 157 
2
3168 16 16 0
3168 24 16 0
2
43 114 
2
3018 18 14 0
3018 30 10 0
2
43 115 
2
3019 18 14 0
3019 2 10 0
2
43 116 
2
3020 18 14 0
3020 8 8 0
2
43 117 
2
3021 18 14 0
3021 12 8 0
2
43 118 
2
3022 18 14 0
3022 12 12 0
2
43 119 
2
3023 18 14 0
3023 22 18 0
2
43 120 
2
3024 18 14 0
3024 28 20 0
2
43 121 
2
3025 18 14 0
3025 8 14 0
2
43 122 
2
3026 18 14 0
3026 12 6 0
2
43 123 
2
3027 18 14 0
3027 22 20 0
2
43 124 
2
3028 18 14 0
3028 20 26 0
2
43 125 
2
3029 18 14 0
3029 12 16 0
2
43 126 
2
3030 18 14 0
3030 16 10 0
2
43 128 
2
3031 18 14 0
3031 16 14 0
2
43 129 
2
3032 18 14 0
3032 28 12 0
2
43 130 
2
3033 18 14 0
3033 22 6 0
2
43 131 
2
3034 18 14 0
3034 28 14 0
2
43 149 
2
3035 18 14 0
3035 20 6 0
2
43 150 
2
3036 18 14 0
3036 24 8 0
2
20 40 
2
3166 14 16 0
3166 10 16 0
2
21 41 
2
3016 20 14 0
3016 20 12 0
2
38 40 
2
3167 4 16 0
3167 10 16 0
2
39 41 
2
3017 22 8 0
3017 20 12 0
2
42 42 
1
3169 16 16 0
2
40 42 
2
3170 10 16 0
3170 16 16 0
2
42 42 
1
3171 16 16 0
2
20 42 
2
3172 14 16 0
3172 16 16 0
2
42 42 
1
3173 16 16 0
2
40 42 
2
3174 10 16 0
3174 16 16 0
2
42 42 
1
3175 16 16 0
2
43 43 
1
3037 18 14 0
2
41 43 
2
3038 20 12 0
3038 18 14 0
2
43 43 
1
3039 18 14 0
2
21 43 
2
3040 20 14 0
3040 18 14 0
2
43 43 
1
3041 18 14 0
2
41 43 
2
3042 20 12 0
3042 18 14 0
2
43 43 
1
3043 18 14 0
2
42 156 
2
3176 16 16 0
3176 26 18 0
2
43 149 
2
3044 18 14 0
3044 20 6 0
2
42 157 
2
3177 16 16 0
3177 24 16 0
2
43 150 
2
3045 18 14 0
3045 24 8 0
2
42 158 
2
3178 16 16 0
3178 4 14 0
2
43 151 
2
3046 18 14 0
3046 22 2 0
2
40 42 
2
3179 10 16 0
3179 16 16 0
2
41 43 
2
3047 20 12 0
3047 18 14 0
2
42 156 
2
3180 16 16 0
3180 26 18 0
2
43 149 
2
3048 18 14 0
3048 20 6 0
2
42 157 
2
3181 16 16 0
3181 24 16 0
2
43 150 
2
3049 18 14 0
3049 24 8 0
2
42 158 
2
3182 16 16 0
3182 4 14 0
2
43 151 
2
3050 18 14 0
3050 22 2 0
2
20 40 
2
3180 14 16 0
3180 10 16 0
2
21 41 
2
3048 20 14 0
3048 20 12 0
2
18 38 
2
3168 4 18 0
3168 4 16 0
2
19 39 
2
3018 20 8 0
3018 22 8 0
2
16 36 
2
3094 4 24 0
3094 4 22 0
2
17 37 
2
2938 26 4 0
2938 24 4 0
2
14 34 
2
2948 4 26 0
2948 2 24 0
2
15 35 
2
2808 26 2 0
2808 28 2 0
2
32 34 
2
2949 2 28 0
2949 2 24 0
2
33 35 
2
2809 32 2 0
2809 28 2 0
2
36 36 
1
3095 4 22 0
2
34 36 
2
3096 2 24 0
3096 4 22 0
2
36 36 
1
3097 4 22 0
2
14 36 
2
3098 4 26 0
3098 4 22 0
2
36 36 
1
3099 4 22 0
2
34 36 
2
3100 2 24 0
3100 4 22 0
2
36 36 
1
3101 4 22 0
2
37 37 
1
2939 24 4 0
2
35 37 
2
2940 28 2 0
2940 24 4 0
2
37 37 
1
2941 24 4 0
2
15 37 
2
2942 26 2 0
2942 24 4 0
2
37 37 
1
2943 24 4 0
2
35 37 
2
2944 28 2 0
2944 24 4 0
2
37 37 
1
2945 24 4 0
2
38 38 
1
3169 4 16 0
2
36 38 
2
3170 4 22 0
3170 4 16 0
2
38 38 
1
3171 4 16 0
2
16 38 
2
3172 4 24 0
3172 4 16 0
2
38 38 
1
3173 4 16 0
2
36 38 
2
3174 4 22 0
3174 4 16 0
2
38 38 
1
3175 4 16 0
2
39 39 
1
3019 22 8 0
2
37 39 
2
3020 24 4 0
3020 22 8 0
2
39 39 
1
3021 22 8 0
2
17 39 
2
3022 26 4 0
3022 22 8 0
2
39 39 
1
3023 22 8 0
2
37 39 
2
3024 24 4 0
3024 22 8 0
2
39 39 
1
3025 22 8 0
2
40 40 
1
3181 10 16 0
2
38 40 
2
3182 4 16 0
3182 10 16 0
2
40 40 
1
3183 10 16 0
2
18 40 
2
3184 4 18 0
3184 10 16 0
2
40 40 
1
3185 10 16 0
2
38 40 
2
3186 4 16 0
3186 10 16 0
2
40 40 
1
3187 10 16 0
2
41 41 
1
3049 20 12 0
2
39 41 
2
3050 22 8 0
3050 20 12 0
2
41 41 
1
3051 20 12 0
2
19 41 
2
3052 20 8 0
3052 20 12 0
2
41 41 
1
3053 20 12 0
2
39 41 
2
3054 22 8 0
3054 20 12 0
2
41 41 
1
3055 20 12 0
2
42 42 
1
3183 16 16 0
2
40 42 
2
3188 10 16 0
3188 16 16 0
2
42 42 
1
3189 16 16 0
2
20 42 
2
3190 14 16 0
3190 16 16 0
2
42 42 
1
3191 16 16 0
2
40 42 
2
3192 10 16 0
3192 16 16 0
2
42 42 
1
3193 16 16 0
2
43 43 
1
3051 18 14 0
2
41 43 
2
3056 20 12 0
3056 18 14 0
2
43 43 
1
3057 18 14 0
2
21 43 
2
3058 20 14 0
3058 18 14 0
2
43 43 
1
3059 18 14 0
2
41 43 
2
3060 20 12 0
3060 18 14 0
2
43 43 
1
3061 18 14 0
2
42 155 
2
3194 16 16 0
3194 22 22 0
2
43 150 
2
3062 18 14 0
3062 24 8 0
2
42 156 
2
3195 16 16 0
3195 26 18 0
2
43 151 
2
3063 18 14 0
3063 22 2 0
2
42 157 
2
3196 16 16 0
3196 24 16 0
2
43 152 
2
3064 18 14 0
3064 22 30 0
2
42 158 
2
3197 16 16 0
3197 4 14 0
2
42 159 
2
3198 16 16 0
3198 14 4 0
2
42 160 
2
3199 16 16 0
3199 10 14 0
2
42 161 
2
3200 16 16 0
3200 14 2 0
2
42 162 
2
3201 16 16 0
3201 30 18 0
2
42 163 
2
3202 16 16 0
3202 24 22 0
2
42 164 
2
3203 16 16 0
3203 26 20 0
2
42 166 
2
3204 16 16 0
3204 20 22 0
2
42 167 
2
3205 16 16 0
3205 22 12 0
2
42 168 
2
3206 16 16 0
3206 24 10 0
2
42 169 
2
3207 16 16 0
3207 18 2 0
2
42 170 
2
3208 16 16 0
3208 26 14 0
2
42 171 
2
3209 16 16 0
3209 20 4 0
2
42 172 
2
3210 16 16 0
3210 26 8 0
2
42 173 
2
3211 16 16 0
3211 26 6 0
2
42 174 
2
3212 16 16 0
3212 20 32 0
2
42 175 
2
3213 16 16 0
3213 6 8 0
2
42 176 
2
3214 16 16 0
3214 20 30 0
2
40 42 
2
3215 10 16 0
3215 16 16 0
2
41 43 
2
3065 20 12 0
3065 18 14 0
2
42 155 
2
3216 16 16 0
3216 22 22 0
2
43 150 
2
3066 18 14 0
3066 24 8 0
2
42 156 
2
3217 16 16 0
3217 26 18 0
2
43 151 
2
3067 18 14 0
3067 22 2 0
2
42 157 
2
3218 16 16 0
3218 24 16 0
2
43 152 
2
3068 18 14 0
3068 22 30 0
2
42 158 
2
3219 16 16 0
3219 4 14 0
2
42 159 
2
3220 16 16 0
3220 14 4 0
2
42 160 
2
3221 16 16 0
3221 10 14 0
2
42 161 
2
3222 16 16 0
3222 14 2 0
2
42 162 
2
3223 16 16 0
3223 30 18 0
2
42 163 
2
3224 16 16 0
3224 24 22 0
2
42 164 
2
3225 16 16 0
3225 26 20 0
2
42 166 
2
3226 16 16 0
3226 20 22 0
2
42 167 
2
3227 16 16 0
3227 22 12 0
2
42 168 
2
3228 16 16 0
3228 24 10 0
2
42 169 
2
3229 16 16 0
3229 18 2 0
2
42 170 
2
3230 16 16 0
3230 26 14 0
2
42 171 
2
3231 16 16 0
3231 20 4 0
2
42 172 
2
3232 16 16 0
3232 26 8 0
2
42 173 
2
3233 16 16 0
3233 26 6 0
2
42 174 
2
3234 16 16 0
3234 20 32 0
2
42 175 
2
3235 16 16 0
3235 6 8 0
2
42 176 
2
3236 16 16 0
3236 20 30 0
2
20 40 
2
3216 14 16 0
3216 10 16 0
2
21 41 
2
3066 20 14 0
3066 20 12 0
2
38 40 
2
3217 4 16 0
3217 10 16 0
2
39 41 
2
3067 22 8 0
3067 20 12 0
2
42 42 
1
3237 16 16 0
2
40 42 
2
3238 10 16 0
3238 16 16 0
2
42 42 
1
3239 16 16 0
2
20 42 
2
3240 14 16 0
3240 16 16 0
2
42 42 
1
3241 16 16 0
2
40 42 
2
3242 10 16 0
3242 16 16 0
2
42 42 
1
3243 16 16 0
2
43 43 
1
3069 18 14 0
2
41 43 
2
3070 20 12 0
3070 18 14 0
2
43 43 
1
3071 18 14 0
2
21 43 
2
3072 20 14 0
3072 18 14 0
2
43 43 
1
3073 18 14 0
2
41 43 
2
3074 20 12 0
3074 18 14 0
2
43 43 
1
3075 18 14 0
2
42 156 
2
3244 16 16 0
3244 26 18 0
2
43 149 
2
3076 18 14 0
3076 20 6 0
2
42 157 
2
3245 16 16 0
3245 24 16 0
2
43 150 
2
3077 18 14 0
3077 24 8 0
2
42 158 
2
3246 16 16 0
3246 4 14 0
2
43 151 
2
3078 18 14 0
3078 22 2 0
2
42 159 
2
3247 16 16 0
3247 14 4 0
2
43 152 
2
3079 18 14 0
3079 22 30 0
2
42 160 
2
3248 16 16 0
3248 10 14 0
2
43 153 
2
3091 18 14 0
3091 24 26 0
2
42 161 
2
3249 16 16 0
3249 14 2 0
2
43 154 
2
3137 18 14 0
3137 28 18 0
2
42 162 
2
3250 16 16 0
3250 30 18 0
2
43 155 
2
3217 18 14 0
3217 22 22 0
2
42 163 
2
3251 16 16 0
3251 24 22 0
2
43 156 
2
3245 18 14 0
3245 26 18 0
2
42 164 
2
3252 16 16 0
3252 26 20 0
2
43 157 
2
3246 18 14 0
3246 24 16 0
2
42 166 
2
3253 16 16 0
3253 20 22 0
2
43 158 
2
3247 18 14 0
3247 4 14 0
2
42 167 
2
3254 16 16 0
3254 22 12 0
2
43 159 
2
3248 18 14 0
3248 14 4 0
2
42 168 
2
3255 16 16 0
3255 24 10 0
2
43 160 
2
3249 18 14 0
3249 10 14 0
2
42 169 
2
3256 16 16 0
3256 18 2 0
2
43 161 
2
3250 18 14 0
3250 14 2 0
2
42 170 
2
3257 16 16 0
3257 26 14 0
2
43 162 
2
3251 18 14 0
3251 30 18 0
2
42 171 
2
3258 16 16 0
3258 20 4 0
2
43 163 
2
3252 18 14 0
3252 24 22 0
2
42 172 
2
3259 16 16 0
3259 26 8 0
2
43 164 
2
3253 18 14 0
3253 26 20 0
2
42 173 
2
3260 16 16 0
3260 26 6 0
2
43 166 
2
3254 18 14 0
3254 20 22 0
2
42 174 
2
3261 16 16 0
3261 20 32 0
2
43 167 
2
3255 18 14 0
3255 22 12 0
2
42 175 
2
3262 16 16 0
3262 6 8 0
2
43 168 
2
3256 18 14 0
3256 24 10 0
2
42 176 
2
3263 16 16 0
3263 20 30 0
2
43 169 
2
3257 18 14 0
3257 18 2 0
2
42 177 
2
3264 16 16 0
3264 8 4 0
2
43 170 
2
3258 18 14 0
3258 26 14 0
2
40 42 
2
3265 10 16 0
3265 16 16 0
2
41 43 
2
3259 20 12 0
3259 18 14 0
2
42 156 
2
3266 16 16 0
3266 26 18 0
2
43 149 
2
3260 18 14 0
3260 20 6 0
2
42 157 
2
3267 16 16 0
3267 24 16 0
2
43 150 
2
3261 18 14 0
3261 24 8 0
2
42 158 
2
3268 16 16 0
3268 4 14 0
2
43 151 
2
3262 18 14 0
3262 22 2 0
2
42 159 
2
3269 16 16 0
3269 14 4 0
2
43 152 
2
3263 18 14 0
3263 22 30 0
2
42 160 
2
3270 16 16 0
3270 10 14 0
2
43 153 
2
3264 18 14 0
3264 24 26 0
2
42 161 
2
3271 16 16 0
3271 14 2 0
2
43 154 
2
3265 18 14 0
3265 28 18 0
2
42 162 
2
3272 16 16 0
3272 30 18 0
2
43 155 
2
3266 18 14 0
3266 22 22 0
2
42 163 
2
3273 16 16 0
3273 24 22 0
2
43 156 
2
3267 18 14 0
3267 26 18 0
2
42 164 
2
3274 16 16 0
3274 26 20 0
2
43 157 
2
3268 18 14 0
3268 24 16 0
2
42 166 
2
3275 16 16 0
3275 20 22 0
2
43 158 
2
3269 18 14 0
3269 4 14 0
2
42 167 
2
3276 16 16 0
3276 22 12 0
2
43 159 
2
3270 18 14 0
3270 14 4 0
2
42 168 
2
3277 16 16 0
3277 24 10 0
2
43 160 
2
3271 18 14 0
3271 10 14 0
2
42 169 
2
3278 16 16 0
3278 18 2 0
2
43 161 
2
3272 18 14 0
3272 14 2 0
2
42 170 
2
3279 16 16 0
3279 26 14 0
2
43 162 
2
3273 18 14 0
3273 30 18 0
2
42 171 
2
3280 16 16 0
3280 20 4 0
2
43 163 
2
3274 18 14 0
3274 24 22 0
2
42 172 
2
3281 16 16 0
3281 26 8 0
2
43 164 
2
3275 18 14 0
3275 26 20 0
2
42 173 
2
3282 16 16 0
3282 26 6 0
2
43 166 
2
3276 18 14 0
3276 20 22 0
2
42 174 
2
3283 16 16 0
3283 20 32 0
2
43 167 
2
3277 18 14 0
3277 22 12 0
2
42 175 
2
3284 16 16 0
3284 6 8 0
2
43 168 
2
3278 18 14 0
3278 24 10 0
2
42 176 
2
3285 16 16 0
3285 20 30 0
2
43 169 
2
3279 18 14 0
3279 18 2 0
2
42 177 
2
3286 16 16 0
3286 8 4 0
2
43 170 
2
3280 18 14 0
3280 26 14 0
2
20 40 
2
3266 14 16 0
3266 10 16 0
2
21 41 
2
3260 20 14 0
3260 20 12 0
2
18 38 
2
3218 4 18 0
3218 4 16 0
2
19 39 
2
3068 20 8 0
3068 22 8 0
2
36 38 
2
3219 4 22 0
3219 4 16 0
2
37 39 
2
3069 24 4 0
3069 22 8 0
2
40 40 
1
3267 10 16 0
2
38 40 
2
3268 4 16 0
3268 10 16 0
2
40 40 
1
3269 10 16 0
2
18 40 
2
3270 4 18 0
3270 10 16 0
2
40 40 
1
3271 10 16 0
2
38 40 
2
3272 4 16 0
3272 10 16 0
2
40 40 
1
3273 10 16 0
2
41 41 
1
3261 20 12 0
2
39 41 
2
3262 22 8 0
3262 20 12 0
2
41 41 
1
3263 20 12 0
2
19 41 
2
3264 20 8 0
3264 20 12 0
2
41 41 
1
3265 20 12 0
2
39 41 
2
3266 22 8 0
3266 20 12 0
2
41 41 
1
3267 20 12 0
2
42 42 
1
3287 16 16 0
2
40 42 
2
3288 10 16 0
3288 16 16 0
2
42 42 
1
3289 16 16 0
2
20 42 
2
3290 14 16 0
3290 16 16 0
2
42 42 
1
3291 16 16 0
2
40 42 
2
3292 10 16 0
3292 16 16 0
2
42 42 
1
3293 16 16 0
2
43 43 
1
3281 18 14 0
2
41 43 
2
3282 20 12 0
3282 18 14 0
2
43 43 
1
3283 18 14 0
2
21 43 
2
3284 20 14 0
3284 18 14 0
2
43 43 
1
3285 18 14 0
2
41 43 
2
3286 20 12 0
3286 18 14 0
2
43 43 
1
3287 18 14 0
2
42 174 
2
3294 16 16 0
3294 20 32 0
2
43 150 
2
3288 18 14 0
3288 24 8 0
2
42 175 
2
3295 16 16 0
3295 6 8 0
2
43 151 
2
3289 18 14 0
3289 22 2 0
2
42 176 
2
3296 16 16 0
3296 20 30 0
2
43 152 
2
3290 18 14 0
3290 22 30 0
2
43 153 
2
3291 18 14 0
3291 24 26 0
2
43 154 
2
3292 18 14 0
3292 28 18 0
2
43 155 
2
3293 18 14 0
3293 22 22 0
2
43 156 
2
3294 18 14 0
3294 26 18 0
2
43 157 
2
3295 18 14 0
3295 24 16 0
2
43 158 
2
3296 18 14 0
3296 4 14 0
2
43 159 
2
3297 18 14 0
3297 14 4 0
2
43 160 
2
3298 18 14 0
3298 10 14 0
2
43 161 
2
3299 18 14 0
3299 14 2 0
2
43 162 
2
3300 18 14 0
3300 30 18 0
2
43 163 
2
3301 18 14 0
3301 24 22 0
2
43 164 
2
3302 18 14 0
3302 26 20 0
2
43 166 
2
3303 18 14 0
3303 20 22 0
2
43 167 
2
3304 18 14 0
3304 22 12 0
2
43 168 
2
3305 18 14 0
3305 24 10 0
2
43 169 
2
3306 18 14 0
3306 18 2 0
2
43 170 
2
3307 18 14 0
3307 26 14 0
2
43 171 
2
3308 18 14 0
3308 20 4 0
2
40 42 
2
3297 10 16 0
3297 16 16 0
2
41 43 
2
3309 20 12 0
3309 18 14 0
2
42 174 
2
3298 16 16 0
3298 20 32 0
2
43 150 
2
3310 18 14 0
3310 24 8 0
2
42 175 
2
3299 16 16 0
3299 6 8 0
2
43 151 
2
3311 18 14 0
3311 22 2 0
2
42 176 
2
3300 16 16 0
3300 20 30 0
2
43 152 
2
3312 18 14 0
3312 22 30 0
2
43 153 
2
3313 18 14 0
3313 24 26 0
2
43 154 
2
3314 18 14 0
3314 28 18 0
2
43 155 
2
3315 18 14 0
3315 22 22 0
2
43 156 
2
3316 18 14 0
3316 26 18 0
2
43 157 
2
3317 18 14 0
3317 24 16 0
2
43 158 
2
3318 18 14 0
3318 4 14 0
2
43 159 
2
3319 18 14 0
3319 14 4 0
2
43 160 
2
3320 18 14 0
3320 10 14 0
2
43 161 
2
3321 18 14 0
3321 14 2 0
2
43 162 
2
3322 18 14 0
3322 30 18 0
2
43 163 
2
3323 18 14 0
3323 24 22 0
2
43 164 
2
3324 18 14 0
3324 26 20 0
2
43 166 
2
3325 18 14 0
3325 20 22 0
2
43 167 
2
3326 18 14 0
3326 22 12 0
2
43 168 
2
3327 18 14 0
3327 24 10 0
2
43 169 
2
3328 18 14 0
3328 18 2 0
2
43 170 
2
3329 18 14 0
3329 26 14 0
2
43 171 
2
3330 18 14 0
3330 20 4 0
2
20 40 
2
3298 14 16 0
3298 10 16 0
2
21 41 
2
3310 20 14 0
3310 20 12 0
2
38 40 
2
3299 4 16 0
3299 10 16 0
2
39 41 
2
3311 22 8 0
3311 20 12 0
2
42 42 
1
3301 16 16 0
2
40 42 
2
3302 10 16 0
3302 16 16 0
2
42 42 
1
3303 16 16 0
2
20 42 
2
3304 14 16 0
3304 16 16 0
2
42 42 
1
3305 16 16 0
2
40 42 
2
3306 10 16 0
3306 16 16 0
2
42 42 
1
3307 16 16 0
2
43 43 
1
3331 18 14 0
2
41 43 
2
3332 20 12 0
3332 18 14 0
2
43 43 
1
3333 18 14 0
2
21 43 
2
3334 20 14 0
3334 18 14 0
2
43 43 
1
3335 18 14 0
2
41 43 
2
3336 20 12 0
3336 18 14 0
2
43 43 
1
3337 18 14 0
2
42 175 
2
3308 16 16 0
3308 6 8 0
2
43 170 
2
3338 18 14 0
3338 26 14 0
2
42 176 
2
3309 16 16 0
3309 20 30 0
2
43 171 
2
3339 18 14 0
3339 20 4 0
2
42 177 
2
3310 16 16 0
3310 8 4 0
2
43 172 
2
3340 18 14 0
3340 26 8 0
2
40 42 
2
3311 10 16 0
3311 16 16 0
2
41 43 
2
3341 20 12 0
3341 18 14 0
2
42 175 
2
3312 16 16 0
3312 6 8 0
2
43 170 
2
3342 18 14 0
3342 26 14 0
2
42 176 
2
3313 16 16 0
3313 20 30 0
2
43 171 
2
3343 18 14 0
3343 20 4 0
2
42 177 
2
3314 16 16 0
3314 8 4 0
2
43 172 
2
3344 18 14 0
3344 26 8 0
2
20 40 
2
3312 14 16 0
3312 10 16 0
2
21 41 
2
3342 20 14 0
3342 20 12 0
2
18 38 
2
3300 4 18 0
3300 4 16 0
2
19 39 
2
3312 20 8 0
3312 22 8 0
2
16 36 
2
3220 4 24 0
3220 4 22 0
2
17 37 
2
3070 26 4 0
3070 24 4 0
2
34 36 
2
3221 2 24 0
3221 4 22 0
2
35 37 
2
3071 28 2 0
3071 24 4 0
2
38 38 
1
3301 4 16 0
2
36 38 
2
3302 4 22 0
3302 4 16 0
2
38 38 
1
3303 4 16 0
2
16 38 
2
3304 4 24 0
3304 4 16 0
2
38 38 
1
3305 4 16 0
2
36 38 
2
3306 4 22 0
3306 4 16 0
2
38 38 
1
3307 4 16 0
2
39 39 
1
3313 22 8 0
2
37 39 
2
3314 24 4 0
3314 22 8 0
2
39 39 
1
3315 22 8 0
2
17 39 
2
3316 26 4 0
3316 22 8 0
2
39 39 
1
3317 22 8 0
2
37 39 
2
3318 24 4 0
3318 22 8 0
2
39 39 
1
3319 22 8 0
2
40 40 
1
3313 10 16 0
2
38 40 
2
3314 4 16 0
3314 10 16 0
2
40 40 
1
3315 10 16 0
2
18 40 
2
3316 4 18 0
3316 10 16 0
2
40 40 
1
3317 10 16 0
2
38 40 
2
3318 4 16 0
3318 10 16 0
2
40 40 
1
3319 10 16 0
2
41 41 
1
3343 20 12 0
2
39 41 
2
3344 22 8 0
3344 20 12 0
2
41 41 
1
3345 20 12 0
2
19 41 
2
3346 20 8 0
3346 20 12 0
2
41 41 
1
3347 20 12 0
2
39 41 
2
3348 22 8 0
3348 20 12 0
2
41 41 
1
3349 20 12 0
2
42 42 
1
3315 16 16 0
2
40 42 
2
3320 10 16 0
3320 16 16 0
2
42 42 
1
3321 16 16 0
2
20 42 
2
3322 14 16 0
3322 16 16 0
2
42 42 
1
3323 16 16 0
2
40 42 
2
3324 10 16 0
3324 16 16 0
2
42 42 
1
3325 16 16 0
2
43 43 
1
3345 18 14 0
2
41 43 
2
3350 20 12 0
3350 18 14 0
2
43 43 
1
3351 18 14 0
2
21 43 
2
3352 20 14 0
3352 18 14 0
2
43 43 
1
3353 18 14 0
2
41 43 
2
3354 20 12 0
3354 18 14 0
2
43 43 
1
3355 18 14 0
2
42 174 
2
3326 16 16 0
3326 20 32 0
2
43 171 
2
3356 18 14 0
3356 20 4 0
2
42 175 
2
3327 16 16 0
3327 6 8 0
2
43 172 
2
3357 18 14 0
3357 26 8 0
2
42 176 
2
3328 16 16 0
3328 20 30 0
2
43 173 
2
3358 18 14 0
3358 26 6 0
2
42 177 
2
3329 16 16 0
3329 8 4 0
2
42 178 
2
3330 16 16 0
3330 10 2 0
2
42 179 
2
3331 16 16 0
3331 30 22 0
2
42 180 
2
3332 16 16 0
3332 26 26 0
2
42 181 
2
3333 16 16 0
3333 32 20 0
2
42 182 
2
3334 16 16 0
3334 32 10 0
2
42 183 
2
3335 16 16 0
3335 2 8 0
2
42 184 
2
3336 16 16 0
3336 30 8 0
2
42 185 
2
3337 16 16 0
3337 24 30 0
2
42 186 
2
3338 16 16 0
3338 28 6 0
2
42 188 
2
3339 16 16 0
3339 30 6 0
2
42 189 
2
3340 16 16 0
3340 32 8 0
2
42 191 
2
3341 16 16 0
3341 28 4 0
2
42 240 
2
3342 16 16 0
3342 6 4 0
2
42 241 
2
3343 16 16 0
3343 32 22 0
2
42 242 
2
3344 16 16 0
3344 4 6 0
2
40 42 
2
3345 10 16 0
3345 16 16 0
2
41 43 
2
3359 20 12 0
3359 18 14 0
2
42 174 
2
3346 16 16 0
3346 20 32 0
2
43 171 
2
3360 18 14 0
3360 20 4 0
2
42 175 
2
3347 16 16 0
3347 6 8 0
2
43 172 
2
3361 18 14 0
3361 26 8 0
2
42 176 
2
3348 16 16 0
3348 20 30 0
2
43 173 
2
3362 18 14 0
3362 26 6 0
2
42 177 
2
3349 16 16 0
3349 8 4 0
2
42 178 
2
3350 16 16 0
3350 10 2 0
2
42 179 
2
3351 16 16 0
3351 30 22 0
2
42 180 
2
3352 16 16 0
3352 26 26 0
2
42 181 
2
3353 16 16 0
3353 32 20 0
2
42 182 
2
3354 16 16 0
3354 32 10 0
2
42 183 
2
3355 16 16 0
3355 2 8 0
2
42 184 
2
3356 16 16 0
3356 30 8 0
2
42 185 
2
3357 16 16 0
3357 24 30 0
2
42 186 
2
3358 16 16 0
3358 28 6 0
2
42 188 
2
3359 16 16 0
3359 30 6 0
2
42 189 
2
3360 16 16 0
3360 32 8 0
2
42 191 
2
3361 16 16 0
3361 28 4 0
2
42 240 
2
3362 16 16 0
3362 6 4 0
2
42 241 
2
3363 16 16 0
3363 32 22 0
2
42 242 
2
3364 16 16 0
3364 4 6 0
2
20 40 
2
3346 14 16 0
3346 10 16 0
2
21 41 
2
3360 20 14 0
3360 20 12 0
2
38 40 
2
3347 4 16 0
3347 10 16 0
2
39 41 
2
3361 22 8 0
3361 20 12 0
2
42 42 
1
3365 16 16 0
2
40 42 
2
3366 10 16 0
3366 16 16 0
2
42 42 
1
3367 16 16 0
2
20 42 
2
3368 14 16 0
3368 16 16 0
2
42 42 
1
3369 16 16 0
2
40 42 
2
3370 10 16 0
3370 16 16 0
2
42 42 
1
3371 16 16 0
2
43 43 
1
3363 18 14 0
2
41 43 
2
3364 20 12 0
3364 18 14 0
2
43 43 
1
3365 18 14 0
2
21 43 
2
3366 20 14 0
3366 18 14 0
2
43 43 
1
3367 18 14 0
2
41 43 
2
3368 20 12 0
3368 18 14 0
2
43 43 
1
3369 18 14 0
2
42 175 
2
3372 16 16 0
3372 6 8 0
2
43 170 
2
3370 18 14 0
3370 26 14 0
2
42 176 
2
3373 16 16 0
3373 20 30 0
2
43 171 
2
3371 18 14 0
3371 20 4 0
2
42 177 
2
3374 16 16 0
3374 8 4 0
2
43 172 
2
3372 18 14 0
3372 26 8 0
2
42 178 
2
3375 16 16 0
3375 10 2 0
2
43 173 
2
3373 18 14 0
3373 26 6 0
2
42 179 
2
3376 16 16 0
3376 30 22 0
2
43 174 
2
3374 18 14 0
3374 20 32 0
2
42 180 
2
3377 16 16 0
3377 26 26 0
2
43 175 
2
3375 18 14 0
3375 6 8 0
2
42 181 
2
3378 16 16 0
3378 32 20 0
2
43 176 
2
3376 18 14 0
3376 20 30 0
2
42 182 
2
3379 16 16 0
3379 32 10 0
2
43 177 
2
3377 18 14 0
3377 8 4 0
2
42 183 
2
3380 16 16 0
3380 2 8 0
2
43 178 
2
3378 18 14 0
3378 10 2 0
2
42 184 
2
3381 16 16 0
3381 30 8 0
2
43 179 
2
3379 18 14 0
3379 30 22 0
2
42 185 
2
3382 16 16 0
3382 24 30 0
2
43 180 
2
3380 18 14 0
3380 26 26 0
2
42 186 
2
3383 16 16 0
3383 28 6 0
2
43 181 
2
3381 18 14 0
3381 32 20 0
2
42 188 
2
3384 16 16 0
3384 30 6 0
2
43 182 
2
3382 18 14 0
3382 32 10 0
2
42 189 
2
3385 16 16 0
3385 32 8 0
2
43 183 
2
3383 18 14 0
3383 2 8 0
2
42 191 
2
3386 16 16 0
3386 28 4 0
2
43 184 
2
3384 18 14 0
3384 30 8 0
2
42 240 
2
3387 16 16 0
3387 6 4 0
2
43 185 
2
3385 18 14 0
3385 24 30 0
2
42 241 
2
3388 16 16 0
3388 32 22 0
2
43 186 
2
3386 18 14 0
3386 28 6 0
2
42 242 
2
3389 16 16 0
3389 4 6 0
2
43 188 
2
3387 18 14 0
3387 30 6 0
2
42 243 
2
3390 16 16 0
3390 26 28 0
2
43 189 
2
3388 18 14 0
3388 32 8 0
2
43 191 
2
3389 18 14 0
3389 28 4 0
2
43 240 
2
3390 18 14 0
3390 6 4 0
2
40 42 
2
3391 10 16 0
3391 16 16 0
2
41 43 
2
3391 20 12 0
3391 18 14 0
2
42 175 
2
3392 16 16 0
3392 6 8 0
2
43 170 
2
3392 18 14 0
3392 26 14 0
2
42 176 
2
3393 16 16 0
3393 20 30 0
2
43 171 
2
3393 18 14 0
3393 20 4 0
2
42 177 
2
3394 16 16 0
3394 8 4 0
2
43 172 
2
3394 18 14 0
3394 26 8 0
2
42 178 
2
3395 16 16 0
3395 10 2 0
2
43 173 
2
3395 18 14 0
3395 26 6 0
2
42 179 
2
3396 16 16 0
3396 30 22 0
2
43 174 
2
3396 18 14 0
3396 20 32 0
2
42 180 
2
3397 16 16 0
3397 26 26 0
2
43 175 
2
3397 18 14 0
3397 6 8 0
2
42 181 
2
3398 16 16 0
3398 32 20 0
2
43 176 
2
3398 18 14 0
3398 20 30 0
2
42 182 
2
3399 16 16 0
3399 32 10 0
2
43 177 
2
3399 18 14 0
3399 8 4 0
2
42 183 
2
3400 16 16 0
3400 2 8 0
2
43 178 
2
3400 18 14 0
3400 10 2 0
2
42 184 
2
3401 16 16 0
3401 30 8 0
2
43 179 
2
3401 18 14 0
3401 30 22 0
2
42 185 
2
3402 16 16 0
3402 24 30 0
2
43 180 
2
3402 18 14 0
3402 26 26 0
2
42 186 
2
3403 16 16 0
3403 28 6 0
2
43 181 
2
3403 18 14 0
3403 32 20 0
2
42 188 
2
3404 16 16 0
3404 30 6 0
2
43 182 
2
3404 18 14 0
3404 32 10 0
2
42 189 
2
3405 16 16 0
3405 32 8 0
2
43 183 
2
3405 18 14 0
3405 2 8 0
2
42 191 
2
3406 16 16 0
3406 28 4 0
2
43 184 
2
3406 18 14 0
3406 30 8 0
2
42 240 
2
3407 16 16 0
3407 6 4 0
2
43 185 
2
3407 18 14 0
3407 24 30 0
2
42 241 
2
3408 16 16 0
3408 32 22 0
2
43 186 
2
3408 18 14 0
3408 28 6 0
2
42 242 
2
3409 16 16 0
3409 4 6 0
2
43 188 
2
3409 18 14 0
3409 30 6 0
2
42 243 
2
3410 16 16 0
3410 26 28 0
2
43 189 
2
3410 18 14 0
3410 32 8 0
2
43 191 
2
3411 18 14 0
3411 28 4 0
2
43 240 
2
3412 18 14 0
3412 6 4 0
2
20 40 
2
3392 14 16 0
3392 10 16 0
2
21 41 
2
3392 20 14 0
3392 20 12 0
2
18 38 
2
3348 4 18 0
3348 4 16 0
2
19 39 
2
3362 20 8 0
3362 22 8 0
2
36 38 
2
3349 4 22 0
3349 4 16 0
2
37 39 
2
3363 24 4 0
3363 22 8 0
2
40 40 
1
3393 10 16 0
2
38 40 
2
3394 4 16 0
3394 10 16 0
2
40 40 
1
3395 10 16 0
2
18 40 
2
3396 4 18 0
3396 10 16 0
2
40 40 
1
3397 10 16 0
2
38 40 
2
3398 4 16 0
3398 10 16 0
2
40 40 
1
3399 10 16 0
2
41 41 
1
3393 20 12 0
2
39 41 
2
3394 22 8 0
3394 20 12 0
2
41 41 
1
3395 20 12 0
2
19 41 
2
3396 20 8 0
3396 20 12 0
2
41 41 
1
3397 20 12 0
2
39 41 
2
3398 22 8 0
3398 20 12 0
2
41 41 
1
3399 20 12 0
2
42 42 
1
3411 16 16 0
2
40 42 
2
3412 10 16 0
3412 16 16 0
2
42 42 
1
3413 16 16 0
2
20 42 
2
3414 14 16 0
3414 16 16 0
2
42 42 
1
3415 16 16 0
2
40 42 
2
3416 10 16 0
3416 16 16 0
2
42 42 
1
3417 16 16 0
2
43 43 
1
3413 18 14 0
2
41 43 
2
3414 20 12 0
3414 18 14 0
2
43 43 
1
3415 18 14 0
2
21 43 
2
3416 20 14 0
3416 18 14 0
2
43 43 
1
3417 18 14 0
2
41 43 
2
3418 20 12 0
3418 18 14 0
2
43 43 
1
3419 18 14 0
2
42 176 
2
3418 16 16 0
3418 20 30 0
2
43 171 
2
3420 18 14 0
3420 20 4 0
2
42 177 
2
3419 16 16 0
3419 8 4 0
2
43 172 
2
3421 18 14 0
3421 26 8 0
2
42 178 
2
3420 16 16 0
3420 10 2 0
2
43 173 
2
3422 18 14 0
3422 26 6 0
2
43 174 
2
3423 18 14 0
3423 20 32 0
2
43 175 
2
3424 18 14 0
3424 6 8 0
2
43 176 
2
3425 18 14 0
3425 20 30 0
2
43 177 
2
3426 18 14 0
3426 8 4 0
2
43 178 
2
3427 18 14 0
3427 10 2 0
2
43 179 
2
3428 18 14 0
3428 30 22 0
2
43 180 
2
3429 18 14 0
3429 26 26 0
2
43 181 
2
3430 18 14 0
3430 32 20 0
2
43 182 
2
3431 18 14 0
3431 32 10 0
2
43 183 
2
3432 18 14 0
3432 2 8 0
2
43 184 
2
3433 18 14 0
3433 30 8 0
2
43 185 
2
3434 18 14 0
3434 24 30 0
2
43 186 
2
3435 18 14 0
3435 28 6 0
2
43 188 
2
3436 18 14 0
3436 30 6 0
2
43 189 
2
3437 18 14 0
3437 32 8 0
2
43 191 
2
3438 18 14 0
3438 28 4 0
2
43 240 
2
3439 18 14 0
3439 6 4 0
2
43 241 
2
3440 18 14 0
3440 32 22 0
2
40 42 
2
3421 10 16 0
3421 16 16 0
2
41 43 
2
3441 20 12 0
3441 18 14 0
2
42 176 
2
3426 16 16 0
3426 20 30 0
2
43 171 
2
3442 18 14 0
3442 20 4 0
2
42 177 
2
3427 16 16 0
3427 8 4 0
2
43 172 
2
3443 18 14 0
3443 26 8 0
2
42 178 
2
3428 16 16 0
3428 10 2 0
2
43 173 
2
3444 18 14 0
3444 26 6 0
2
43 174 
2
3445 18 14 0
3445 20 32 0
2
43 175 
2
3446 18 14 0
3446 6 8 0
2
43 176 
2
3447 18 14 0
3447 20 30 0
2
43 177 
2
3448 18 14 0
3448 8 4 0
2
43 178 
2
3449 18 14 0
3449 10 2 0
2
43 179 
2
3450 18 14 0
3450 30 22 0
2
43 180 
2
3451 18 14 0
3451 26 26 0
2
43 181 
2
3452 18 14 0
3452 32 20 0
2
43 182 
2
3453 18 14 0
3453 32 10 0
2
43 183 
2
3454 18 14 0
3454 2 8 0
2
43 184 
2
3455 18 14 0
3455 30 8 0
2
43 185 
2
3456 18 14 0
3456 24 30 0
2
43 186 
2
3457 18 14 0
3457 28 6 0
2
43 188 
2
3458 18 14 0
3458 30 6 0
2
43 189 
2
3459 18 14 0
3459 32 8 0
2
43 191 
2
3460 18 14 0
3460 28 4 0
2
43 240 
2
3461 18 14 0
3461 6 4 0
2
43 241 
2
3462 18 14 0
3462 32 22 0
2
20 40 
2
3422 14 16 0
3422 10 16 0
2
21 41 
2
3442 20 14 0
3442 20 12 0
2
38 40 
2
3423 4 16 0
3423 10 16 0
2
39 41 
2
3443 22 8 0
3443 20 12 0
2
42 42 
1
3429 16 16 0
2
40 42 
2
3430 10 16 0
3430 16 16 0
2
42 42 
1
3431 16 16 0
2
20 42 
2
3432 14 16 0
3432 16 16 0
2
42 42 
1
3433 16 16 0
2
40 42 
2
3434 10 16 0
3434 16 16 0
2
42 42 
1
3435 16 16 0
2
43 43 
1
3463 18 14 0
2
41 43 
2
3464 20 12 0
3464 18 14 0
2
43 43 
1
3465 18 14 0
2
21 43 
2
3466 20 14 0
3466 18 14 0
2
43 43 
1
3467 18 14 0
2
41 43 
2
3468 20 12 0
3468 18 14 0
2
43 43 
1
3469 18 14 0
2
42 177 
2
3449 16 16 0
3449 8 4 0
2
43 240 
2
3470 18 14 0
3470 6 4 0
2
42 178 
2
3450 16 16 0
3450 10 2 0
2
43 241 
2
3471 18 14 0
3471 32 22 0
2
42 179 
2
3451 16 16 0
3451 30 22 0
2
43 242 
2
3472 18 14 0
3472 4 6 0
2
40 42 
2
3452 10 16 0
3452 16 16 0
2
41 43 
2
3473 20 12 0
3473 18 14 0
2
42 177 
2
3453 16 16 0
3453 8 4 0
2
43 240 
2
3474 18 14 0
3474 6 4 0
2
42 178 
2
3454 16 16 0
3454 10 2 0
2
43 241 
2
3475 18 14 0
3475 32 22 0
2
42 179 
2
3455 16 16 0
3455 30 22 0
2
43 242 
2
3476 18 14 0
3476 4 6 0
2
20 40 
2
3453 14 16 0
3453 10 16 0
2
21 41 
2
3474 20 14 0
3474 20 12 0
2
18 38 
2
3424 4 18 0
3424 4 16 0
2
19 39 
2
3444 20 8 0
3444 22 8 0
2
16 36 
2
3350 4 24 0
3350 4 22 0
2
17 37 
2
3364 26 4 0
3364 24 4 0
2
14 34 
2
3222 4 26 0
3222 2 24 0
2
15 35 
2
3072 26 2 0
3072 28 2 0
2
12 32 
2
2950 2 26 0
2950 2 28 0
2
13 33 
2
2810 30 2 0
2810 32 2 0
2
10 30 
2
2388 6 28 0
2388 4 28 0
2
11 31 
2
2284 32 4 0
2284 32 6 0
2
28 30 
2
2389 4 30 0
2389 4 28 0
2
29 31 
2
2285 32 26 0
2285 32 6 0
2
32 32 
1
2951 2 28 0
2
30 32 
2
2952 4 28 0
2952 2 28 0
2
32 32 
1
2953 2 28 0
2
10 32 
2
2954 6 28 0
2954 2 28 0
2
32 32 
1
2955 2 28 0
2
30 32 
2
2956 4 28 0
2956 2 28 0
2
32 32 
1
2957 2 28 0
2
33 33 
1
2811 32 2 0
2
31 33 
2
2812 32 6 0
2812 32 2 0
2
33 33 
1
2813 32 2 0
2
11 33 
2
2814 32 4 0
2814 32 2 0
2
33 33 
1
2815 32 2 0
2
31 33 
2
2816 32 6 0
2816 32 2 0
2
33 33 
1
2817 32 2 0
2
34 34 
1
3223 2 24 0
2
32 34 
2
3224 2 28 0
3224 2 24 0
2
34 34 
1
3225 2 24 0
2
12 34 
2
3226 2 26 0
3226 2 24 0
2
34 34 
1
3227 2 24 0
2
32 34 
2
3228 2 28 0
3228 2 24 0
2
34 34 
1
3229 2 24 0
2
35 35 
1
3073 28 2 0
2
33 35 
2
3074 32 2 0
3074 28 2 0
2
35 35 
1
3075 28 2 0
2
13 35 
2
3076 30 2 0
3076 28 2 0
2
35 35 
1
3077 28 2 0
2
33 35 
2
3078 32 2 0
3078 28 2 0
2
35 35 
1
3079 28 2 0
2
36 36 
1
3351 4 22 0
2
34 36 
2
3352 2 24 0
3352 4 22 0
2
36 36 
1
3353 4 22 0
2
14 36 
2
3354 4 26 0
3354 4 22 0
2
36 36 
1
3355 4 22 0
2
34 36 
2
3356 2 24 0
3356 4 22 0
2
36 36 
1
3357 4 22 0
2
37 37 
1
3365 24 4 0
2
35 37 
2
3366 28 2 0
3366 24 4 0
2
37 37 
1
3367 24 4 0
2
15 37 
2
3368 26 2 0
3368 24 4 0
2
37 37 
1
3369 24 4 0
2
35 37 
2
3370 28 2 0
3370 24 4 0
2
37 37 
1
3371 24 4 0
2
38 38 
1
3425 4 16 0
2
36 38 
2
3426 4 22 0
3426 4 16 0
2
38 38 
1
3427 4 16 0
2
16 38 
2
3428 4 24 0
3428 4 16 0
2
38 38 
1
3429 4 16 0
2
36 38 
2
3430 4 22 0
3430 4 16 0
2
38 38 
1
3431 4 16 0
2
39 39 
1
3445 22 8 0
2
37 39 
2
3446 24 4 0
3446 22 8 0
2
39 39 
1
3447 22 8 0
2
17 39 
2
3448 26 4 0
3448 22 8 0
2
39 39 
1
3449 22 8 0
2
37 39 
2
3450 24 4 0
3450 22 8 0
2
39 39 
1
3451 22 8 0
2
40 40 
1
3454 10 16 0
2
38 40 
2
3455 4 16 0
3455 10 16 0
2
40 40 
1
3456 10 16 0
2
18 40 
2
3457 4 18 0
3457 10 16 0
2
40 40 
1
3458 10 16 0
2
38 40 
2
3459 4 16 0
3459 10 16 0
2
40 40 
1
3460 10 16 0
2
41 41 
1
3475 20 12 0
2
39 41 
2
3476 22 8 0
3476 20 12 0
2
41 41 
1
3477 20 12 0
2
19 41 
2
3478 20 8 0
3478 20 12 0
2
41 41 
1
3479 20 12 0
2
39 41 
2
3480 22 8 0
3480 20 12 0
2
41 41 
1
3481 20 12 0
2
42 42 
1
3456 16 16 0
2
40 42 
2
3461 10 16 0
3461 16 16 0
2
42 42 
1
3462 16 16 0
2
20 42 
2
3463 14 16 0
3463 16 16 0
2
42 42 
1
3464 16 16 0
2
40 42 
2
3465 10 16 0
3465 16 16 0
2
42 42 
1
3466 16 16 0
2
43 43 
1
3477 18 14 0
2
41 43 
2
3482 20 12 0
3482 18 14 0
2
43 43 
1
3483 18 14 0
2
21 43 
2
3484 20 14 0
3484 18 14 0
2
43 43 
1
3485 18 14 0
2
41 43 
2
3486 20 12 0
3486 18 14 0
2
43 43 
1
3487 18 14 0
2
42 69 
2
3467 16 16 0
3467 6 26 0
2
43 241 
2
3488 18 14 0
3488 32 22 0
2
42 70 
2
3468 16 16 0
3468 8 2 0
2
43 242 
2
3489 18 14 0
3489 4 6 0
2
42 71 
2
3469 16 16 0
3469 8 28 0
2
43 243 
2
3490 18 14 0
3490 26 28 0
2
40 42 
2
3470 10 16 0
3470 16 16 0
2
41 43 
2
3491 20 12 0
3491 18 14 0
2
42 69 
2
3471 16 16 0
3471 6 26 0
2
43 241 
2
3492 18 14 0
3492 32 22 0
2
42 70 
2
3472 16 16 0
3472 8 2 0
2
43 242 
2
3493 18 14 0
3493 4 6 0
2
42 71 
2
3473 16 16 0
3473 8 28 0
2
43 243 
2
3494 18 14 0
3494 26 28 0
2
20 40 
2
3471 14 16 0
3471 10 16 0
2
21 41 
2
3492 20 14 0
3492 20 12 0
2
38 40 
2
3472 4 16 0
3472 10 16 0
2
39 41 
2
3493 22 8 0
3493 20 12 0
2
42 42 
1
3474 16 16 0
2
40 42 
2
3475 10 16 0
3475 16 16 0
2
42 42 
1
3476 16 16 0
2
20 42 
2
3477 14 16 0
3477 16 16 0
2
42 42 
1
3478 16 16 0
2
40 42 
2
3479 10 16 0
3479 16 16 0
2
42 42 
1
3480 16 16 0
2
43 43 
1
3495 18 14 0
2
41 43 
2
3496 20 12 0
3496 18 14 0
2
43 43 
1
3497 18 14 0
2
21 43 
2
3498 20 14 0
3498 18 14 0
2
43 43 
1
3499 18 14 0
2
41 43 
2
3500 20 12 0
3500 18 14 0
2
43 43 
1
3501 18 14 0
2
42 70 
2
3481 16 16 0
3481 8 2 0
2
43 83 
2
3502 18 14 0
3502 10 4 0
2
42 71 
2
3482 16 16 0
3482 8 28 0
2
43 84 
2
3503 18 14 0
3503 28 24 0
2
42 72 
2
3483 16 16 0
3483 8 30 0
2
43 85 
2
3504 18 14 0
3504 30 20 0
2
43 88 
2
3505 18 14 0
3505 12 4 0
2
43 110 
2
3506 18 14 0
3506 6 20 0
2
43 127 
2
3507 18 14 0
3507 12 18 0
2
43 132 
2
3508 18 14 0
3508 8 16 0
2
43 133 
2
3509 18 14 0
3509 10 12 0
2
43 134 
2
3510 18 14 0
3510 16 30 0
2
43 135 
2
3511 18 14 0
3511 10 26 0
2
43 136 
2
3512 18 14 0
3512 16 26 0
2
43 137 
2
3513 18 14 0
3513 16 28 0
2
43 138 
2
3514 18 14 0
3514 10 20 0
2
43 139 
2
3515 18 14 0
3515 12 26 0
2
43 140 
2
3516 18 14 0
3516 14 18 0
2
43 141 
2
3517 18 14 0
3517 14 20 0
2
43 142 
2
3518 18 14 0
3518 8 12 0
2
43 143 
2
3519 18 14 0
3519 22 24 0
2
43 144 
2
3520 18 14 0
3520 24 18 0
2
43 145 
2
3521 18 14 0
3521 22 10 0
2
43 146 
2
3522 18 14 0
3522 30 12 0
2
40 42 
2
3484 10 16 0
3484 16 16 0
2
41 43 
2
3523 20 12 0
3523 18 14 0
2
42 70 
2
3485 16 16 0
3485 8 2 0
2
43 83 
2
3524 18 14 0
3524 10 4 0
2
42 71 
2
3486 16 16 0
3486 8 28 0
2
43 84 
2
3525 18 14 0
3525 28 24 0
2
42 72 
2
3487 16 16 0
3487 8 30 0
2
43 85 
2
3526 18 14 0
3526 30 20 0
2
43 88 
2
3527 18 14 0
3527 12 4 0
2
43 110 
2
3528 18 14 0
3528 6 20 0
2
43 127 
2
3529 18 14 0
3529 12 18 0
2
43 132 
2
3530 18 14 0
3530 8 16 0
2
43 133 
2
3531 18 14 0
3531 10 12 0
2
43 134 
2
3532 18 14 0
3532 16 30 0
2
43 135 
2
3533 18 14 0
3533 10 26 0
2
43 136 
2
3534 18 14 0
3534 16 26 0
2
43 137 
2
3535 18 14 0
3535 16 28 0
2
43 138 
2
3536 18 14 0
3536 10 20 0
2
43 139 
2
3537 18 14 0
3537 12 26 0
2
43 140 
2
3538 18 14 0
3538 14 18 0
2
43 141 
2
3539 18 14 0
3539 14 20 0
2
43 142 
2
3540 18 14 0
3540 8 12 0
2
43 143 
2
3541 18 14 0
3541 22 24 0
2
43 144 
2
3542 18 14 0
3542 24 18 0
2
43 145 
2
3543 18 14 0
3543 22 10 0
2
43 146 
2
3544 18 14 0
3544 30 12 0
2
20 40 
2
3485 14 16 0
3485 10 16 0
2
21 41 
2
3524 20 14 0
3524 20 12 0
2
18 38 
2
3473 4 18 0
3473 4 16 0
2
19 39 
2
3494 20 8 0
3494 22 8 0
2
36 38 
2
3474 4 22 0
3474 4 16 0
2
37 39 
2
3495 24 4 0
3495 22 8 0
2
40 40 
1
3486 10 16 0
2
38 40 
2
3487 4 16 0
3487 10 16 0
2
40 40 
1
3488 10 16 0
2
18 40 
2
3489 4 18 0
3489 10 16 0
2
40 40 
1
3490 10 16 0
2
38 40 
2
3491 4 16 0
3491 10 16 0
2
40 40 
1
3492 10 16 0
2
41 41 
1
3525 20 12 0
2
39 41 
2
3526 22 8 0
3526 20 12 0
2
41 41 
1
3527 20 12 0
2
19 41 
2
3528 20 8 0
3528 20 12 0
2
41 41 
1
3529 20 12 0
2
39 41 
2
3530 22 8 0
3530 20 12 0
2
41 41 
1
3531 20 12 0
2
42 42 
1
3488 16 16 0
2
40 42 
2
3493 10 16 0
3493 16 16 0
2
42 42 
1
3494 16 16 0
2
20 42 
2
3495 14 16 0
3495 16 16 0
2
42 42 
1
3496 16 16 0
2
40 42 
2
3497 10 16 0
3497 16 16 0
2
42 42 
1
3498 16 16 0
2
43 43 
1
3545 18 14 0
2
41 43 
2
3546 20 12 0
3546 18 14 0
2
43 43 
1
3547 18 14 0
2
21 43 
2
3548 20 14 0
3548 18 14 0
2
43 43 
1
3549 18 14 0
2
41 43 
2
3550 20 12 0
3550 18 14 0
2
43 43 
1
3551 18 14 0
2
42 69 
2
3499 16 16 0
3499 6 26 0
2
43 84 
2
3552 18 14 0
3552 28 24 0
2
42 70 
2
3500 16 16 0
3500 8 2 0
2
43 85 
2
3553 18 14 0
3553 30 20 0
2
42 71 
2
3501 16 16 0
3501 8 28 0
2
43 88 
2
3554 18 14 0
3554 12 4 0
2
42 72 
2
3502 16 16 0
3502 8 30 0
2
43 110 
2
3555 18 14 0
3555 6 20 0
2
42 73 
2
3503 16 16 0
3503 2 22 0
2
43 127 
2
3556 18 14 0
3556 12 18 0
2
42 74 
2
3504 16 16 0
3504 8 26 0
2
43 132 
2
3557 18 14 0
3557 8 16 0
2
42 75 
2
3505 16 16 0
3505 10 30 0
2
43 133 
2
3558 18 14 0
3558 10 12 0
2
42 76 
2
3506 16 16 0
3506 6 24 0
2
43 134 
2
3559 18 14 0
3559 16 30 0
2
42 77 
2
3507 16 16 0
3507 14 32 0
2
43 135 
2
3560 18 14 0
3560 10 26 0
2
42 78 
2
3508 16 16 0
3508 10 28 0
2
43 136 
2
3561 18 14 0
3561 16 26 0
2
42 79 
2
3509 16 16 0
3509 2 20 0
2
43 137 
2
3562 18 14 0
3562 16 28 0
2
42 80 
2
3510 16 16 0
3510 24 28 0
2
43 138 
2
3563 18 14 0
3563 10 20 0
2
42 81 
2
3511 16 16 0
3511 6 6 0
2
43 139 
2
3564 18 14 0
3564 12 26 0
2
42 82 
2
3512 16 16 0
3512 28 22 0
2
43 140 
2
3565 18 14 0
3565 14 18 0
2
42 83 
2
3525 16 16 0
3525 10 4 0
2
43 141 
2
3566 18 14 0
3566 14 20 0
2
42 84 
2
3553 16 16 0
3553 28 24 0
2
43 142 
2
3567 18 14 0
3567 8 12 0
2
42 85 
2
3554 16 16 0
3554 30 20 0
2
43 143 
2
3568 18 14 0
3568 22 24 0
2
42 88 
2
3555 16 16 0
3555 12 4 0
2
43 144 
2
3569 18 14 0
3569 24 18 0
2
42 110 
2
3556 16 16 0
3556 6 20 0
2
43 145 
2
3570 18 14 0
3570 22 10 0
2
42 127 
2
3557 16 16 0
3557 12 18 0
2
43 146 
2
3571 18 14 0
3571 30 12 0
2
42 132 
2
3558 16 16 0
3558 8 16 0
2
43 147 
2
3572 18 14 0
3572 4 8 0
2
40 42 
2
3559 10 16 0
3559 16 16 0
2
41 43 
2
3573 20 12 0
3573 18 14 0
2
42 69 
2
3560 16 16 0
3560 6 26 0
2
43 84 
2
3574 18 14 0
3574 28 24 0
2
42 70 
2
3561 16 16 0
3561 8 2 0
2
43 85 
2
3575 18 14 0
3575 30 20 0
2
42 71 
2
3562 16 16 0
3562 8 28 0
2
43 88 
2
3576 18 14 0
3576 12 4 0
2
42 72 
2
3563 16 16 0
3563 8 30 0
2
43 110 
2
3577 18 14 0
3577 6 20 0
2
42 73 
2
3564 16 16 0
3564 2 22 0
2
43 127 
2
3578 18 14 0
3578 12 18 0
2
42 74 
2
3565 16 16 0
3565 8 26 0
2
43 132 
2
3579 18 14 0
3579 8 16 0
2
42 75 
2
3566 16 16 0
3566 10 30 0
2
43 133 
2
3580 18 14 0
3580 10 12 0
2
42 76 
2
3567 16 16 0
3567 6 24 0
2
43 134 
2
3581 18 14 0
3581 16 30 0
2
42 77 
2
3568 16 16 0
3568 14 32 0
2
43 135 
2
3582 18 14 0
3582 10 26 0
2
42 78 
2
3569 16 16 0
3569 10 28 0
2
43 136 
2
3583 18 14 0
3583 16 26 0
2
42 79 
2
3570 16 16 0
3570 2 20 0
2
43 137 
2
3584 18 14 0
3584 16 28 0
2
42 80 
2
3571 16 16 0
3571 24 28 0
2
43 138 
2
3585 18 14 0
3585 10 20 0
2
42 81 
2
3572 16 16 0
3572 6 6 0
2
43 139 
2
3586 18 14 0
3586 12 26 0
2
42 82 
2
3573 16 16 0
3573 28 22 0
2
43 140 
2
3587 18 14 0
3587 14 18 0
2
42 83 
2
3574 16 16 0
3574 10 4 0
2
43 141 
2
3588 18 14 0
3588 14 20 0
2
42 84 
2
3575 16 16 0
3575 28 24 0
2
43 142 
2
3589 18 14 0
3589 8 12 0
2
42 85 
2
3576 16 16 0
3576 30 20 0
2
43 143 
2
3590 18 14 0
3590 22 24 0
2
42 88 
2
3577 16 16 0
3577 12 4 0
2
43 144 
2
3591 18 14 0
3591 24 18 0
2
42 110 
2
3578 16 16 0
3578 6 20 0
2
43 145 
2
3592 18 14 0
3592 22 10 0
2
42 127 
2
3579 16 16 0
3579 12 18 0
2
43 146 
2
3593 18 14 0
3593 30 12 0
2
42 132 
2
3580 16 16 0
3580 8 16 0
2
43 147 
2
3594 18 14 0
3594 4 8 0
2
20 40 
2
3560 14 16 0
3560 10 16 0
2
21 41 
2
3574 20 14 0
3574 20 12 0
2
38 40 
2
3561 4 16 0
3561 10 16 0
2
39 41 
2
3575 22 8 0
3575 20 12 0
2
42 42 
1
3581 16 16 0
2
40 42 
2
3582 10 16 0
3582 16 16 0
2
42 42 
1
3583 16 16 0
2
20 42 
2
3584 14 16 0
3584 16 16 0
2
42 42 
1
3585 16 16 0
2
40 42 
2
3586 10 16 0
3586 16 16 0
2
42 42 
1
3587 16 16 0
2
43 43 
1
3595 18 14 0
2
41 43 
2
3596 20 12 0
3596 18 14 0
2
43 43 
1
3597 18 14 0
2
21 43 
2
3598 20 14 0
3598 18 14 0
2
43 43 
1
3599 18 14 0
2
41 43 
2
3600 20 12 0
3600 18 14 0
2
43 43 
1
3601 18 14 0
2
42 70 
2
3588 16 16 0
3588 8 2 0
2
43 146 
2
3602 18 14 0
3602 30 12 0
2
42 71 
2
3589 16 16 0
3589 8 28 0
2
43 147 
2
3603 18 14 0
3603 4 8 0
2
42 72 
2
3590 16 16 0
3590 8 30 0
2
43 148 
2
3604 18 14 0
3604 12 30 0
2
42 73 
2
3591 16 16 0
3591 2 22 0
2
43 165 
2
3605 18 14 0
3605 4 20 0
2
42 74 
2
3592 16 16 0
3592 8 26 0
2
43 187 
2
3606 18 14 0
3606 12 28 0
2
42 75 
2
3593 16 16 0
3593 10 30 0
2
43 190 
2
3607 18 14 0
3607 26 16 0
2
42 76 
2
3594 16 16 0
3594 6 24 0
2
43 192 
2
3608 18 14 0
3608 18 26 0
2
42 77 
2
3595 16 16 0
3595 14 32 0
2
43 193 
2
3609 18 14 0
3609 6 16 0
2
42 78 
2
3596 16 16 0
3596 10 28 0
2
43 194 
2
3610 18 14 0
3610 14 22 0
2
42 79 
2
3597 16 16 0
3597 2 20 0
2
43 195 
2
3611 18 14 0
3611 10 22 0
2
42 80 
2
3598 16 16 0
3598 24 28 0
2
43 196 
2
3612 18 14 0
3612 8 18 0
2
42 81 
2
3599 16 16 0
3599 6 6 0
2
43 197 
2
3613 18 14 0
3613 16 22 0
2
42 82 
2
3600 16 16 0
3600 28 22 0
2
43 198 
2
3614 18 14 0
3614 16 18 0
2
42 83 
2
3601 16 16 0
3601 10 4 0
2
43 199 
2
3615 18 14 0
3615 14 28 0
2
42 84 
2
3602 16 16 0
3602 28 24 0
2
43 200 
2
3616 18 14 0
3616 10 18 0
2
42 85 
2
3603 16 16 0
3603 30 20 0
2
43 201 
2
3617 18 14 0
3617 18 20 0
2
42 88 
2
3604 16 16 0
3604 12 4 0
2
43 202 
2
3618 18 14 0
3618 14 14 0
2
42 110 
2
3605 16 16 0
3605 6 20 0
2
43 203 
2
3619 18 14 0
3619 2 14 0
2
42 127 
2
3606 16 16 0
3606 12 18 0
2
43 204 
2
3620 18 14 0
3620 20 20 0
2
42 132 
2
3607 16 16 0
3607 8 16 0
2
43 205 
2
3621 18 14 0
3621 18 10 0
2
42 133 
2
3608 16 16 0
3608 10 12 0
2
43 206 
2
3622 18 14 0
3622 26 24 0
2
40 42 
2
3609 10 16 0
3609 16 16 0
2
41 43 
2
3623 20 12 0
3623 18 14 0
2
42 70 
2
3610 16 16 0
3610 8 2 0
2
43 146 
2
3624 18 14 0
3624 30 12 0
2
42 71 
2
3611 16 16 0
3611 8 28 0
2
43 147 
2
3625 18 14 0
3625 4 8 0
2
42 72 
2
3612 16 16 0
3612 8 30 0
2
43 148 
2
3626 18 14 0
3626 12 30 0
2
42 73 
2
3613 16 16 0
3613 2 22 0
2
43 165 
2
3627 18 14 0
3627 4 20 0
2
42 74 
2
3614 16 16 0
3614 8 26 0
2
43 187 
2
3628 18 14 0
3628 12 28 0
2
42 75 
2
3615 16 16 0
3615 10 30 0
2
43 190 
2
3629 18 14 0
3629 26 16 0
2
42 76 
2
3616 16 16 0
3616 6 24 0
2
43 192 
2
3630 18 14 0
3630 18 26 0
2
42 77 
2
3617 16 16 0
3617 14 32 0
2
43 193 
2
3631 18 14 0
3631 6 16 0
2
42 78 
2
3618 16 16 0
3618 10 28 0
2
43 194 
2
3632 18 14 0
3632 14 22 0
2
42 79 
2
3619 16 16 0
3619 2 20 0
2
43 195 
2
3633 18 14 0
3633 10 22 0
2
42 80 
2
3620 16 16 0
3620 24 28 0
2
43 196 
2
3634 18 14 0
3634 8 18 0
2
42 81 
2
3621 16 16 0
3621 6 6 0
2
43 197 
2
3635 18 14 0
3635 16 22 0
2
42 82 
2
3622 16 16 0
3622 28 22 0
2
43 198 
2
3636 18 14 0
3636 16 18 0
2
42 83 
2
3623 16 16 0
3623 10 4 0
2
43 199 
2
3637 18 14 0
3637 14 28 0
2
42 84 
2
3624 16 16 0
3624 28 24 0
2
43 200 
2
3638 18 14 0
3638 10 18 0
2
42 85 
2
3625 16 16 0
3625 30 20 0
2
43 201 
2
3639 18 14 0
3639 18 20 0
2
42 88 
2
3626 16 16 0
3626 12 4 0
2
43 202 
2
3640 18 14 0
3640 14 14 0
2
42 110 
2
3627 16 16 0
3627 6 20 0
2
43 203 
2
3641 18 14 0
3641 2 14 0
2
42 127 
2
3628 16 16 0
3628 12 18 0
2
43 204 
2
3642 18 14 0
3642 20 20 0
2
42 132 
2
3629 16 16 0
3629 8 16 0
2
43 205 
2
3643 18 14 0
3643 18 10 0
2
42 133 
2
3630 16 16 0
3630 10 12 0
2
43 206 
2
3644 18 14 0
3644 26 24 0
2
20 40 
2
3610 14 16 0
3610 10 16 0
2
21 41 
2
3624 20 14 0
3624 20 12 0
2
18 38 
2
3562 4 18 0
3562 4 16 0
2
19 39 
2
3576 20 8 0
3576 22 8 0
2
16 36 
2
3475 4 24 0
3475 4 22 0
2
17 37 
2
3496 26 4 0
3496 24 4 0
2
34 36 
2
3476 2 24 0
3476 4 22 0
2
35 37 
2
3497 28 2 0
3497 24 4 0
2
38 38 
1
3563 4 16 0
2
36 38 
2
3564 4 22 0
3564 4 16 0
2
38 38 
1
3565 4 16 0
2
16 38 
2
3566 4 24 0
3566 4 16 0
2
38 38 
1
3567 4 16 0
2
36 38 
2
3568 4 22 0
3568 4 16 0
2
38 38 
1
3569 4 16 0
2
39 39 
1
3577 22 8 0
2
37 39 
2
3578 24 4 0
3578 22 8 0
2
39 39 
1
3579 22 8 0
2
17 39 
2
3580 26 4 0
3580 22 8 0
2
39 39 
1
3581 22 8 0
2
37 39 
2
3582 24 4 0
3582 22 8 0
2
39 39 
1
3583 22 8 0
2
40 40 
1
3611 10 16 0
2
38 40 
2
3612 4 16 0
3612 10 16 0
2
40 40 
1
3613 10 16 0
2
18 40 
2
3614 4 18 0
3614 10 16 0
2
40 40 
1
3615 10 16 0
2
38 40 
2
3616 4 16 0
3616 10 16 0
2
40 40 
1
3617 10 16 0
2
41 41 
1
3625 20 12 0
2
39 41 
2
3626 22 8 0
3626 20 12 0
2
41 41 
1
3627 20 12 0
2
19 41 
2
3628 20 8 0
3628 20 12 0
2
41 41 
1
3629 20 12 0
2
39 41 
2
3630 22 8 0
3630 20 12 0
2
41 41 
1
3631 20 12 0
2
42 42 
1
3631 16 16 0
2
40 42 
2
3632 10 16 0
3632 16 16 0
2
42 42 
1
3633 16 16 0
2
20 42 
2
3634 14 16 0
3634 16 16 0
2
42 42 
1
3635 16 16 0
2
40 42 
2
3636 10 16 0
3636 16 16 0
2
42 42 
1
3637 16 16 0
2
43 43 
1
3645 18 14 0
2
41 43 
2
3646 20 12 0
3646 18 14 0
2
43 43 
1
3647 18 14 0
2
21 43 
2
3648 20 14 0
3648 18 14 0
2
43 43 
1
3649 18 14 0
2
41 43 
2
3650 20 12 0
3650 18 14 0
2
43 43 
1
3651 18 14 0
2
42 132 
2
3638 16 16 0
3638 8 16 0
2
43 147 
2
3652 18 14 0
3652 4 8 0
2
42 133 
2
3639 16 16 0
3639 10 12 0
2
43 148 
2
3653 18 14 0
3653 12 30 0
2
42 134 
2
3640 16 16 0
3640 16 30 0
2
43 165 
2
3654 18 14 0
3654 4 20 0
2
43 187 
2
3655 18 14 0
3655 12 28 0
2
43 190 
2
3656 18 14 0
3656 26 16 0
2
43 192 
2
3657 18 14 0
3657 18 26 0
2
43 193 
2
3658 18 14 0
3658 6 16 0
2
43 194 
2
3659 18 14 0
3659 14 22 0
2
43 195 
2
3660 18 14 0
3660 10 22 0
2
43 196 
2
3661 18 14 0
3661 8 18 0
2
43 197 
2
3662 18 14 0
3662 16 22 0
2
43 198 
2
3663 18 14 0
3663 16 18 0
2
43 199 
2
3664 18 14 0
3664 14 28 0
2
43 200 
2
3665 18 14 0
3665 10 18 0
2
43 201 
2
3666 18 14 0
3666 18 20 0
2
43 202 
2
3667 18 14 0
3667 14 14 0
2
43 203 
2
3668 18 14 0
3668 2 14 0
2
43 204 
2
3669 18 14 0
3669 20 20 0
2
43 205 
2
3670 18 14 0
3670 18 10 0
2
43 206 
2
3671 18 14 0
3671 26 24 0
2
43 207 
2
3672 18 14 0
3672 4 10 0
2
40 42 
2
3641 10 16 0
3641 16 16 0
2
41 43 
2
3673 20 12 0
3673 18 14 0
2
42 132 
2
3642 16 16 0
3642 8 16 0
2
43 147 
2
3674 18 14 0
3674 4 8 0
2
42 133 
2
3643 16 16 0
3643 10 12 0
2
43 148 
2
3675 18 14 0
3675 12 30 0
2
42 134 
2
3644 16 16 0
3644 16 30 0
2
43 165 
2
3676 18 14 0
3676 4 20 0
2
43 187 
2
3677 18 14 0
3677 12 28 0
2
43 190 
2
3678 18 14 0
3678 26 16 0
2
43 192 
2
3679 18 14 0
3679 18 26 0
2
43 193 
2
3680 18 14 0
3680 6 16 0
2
43 194 
2
3681 18 14 0
3681 14 22 0
2
43 195 
2
3682 18 14 0
3682 10 22 0
2
43 196 
2
3683 18 14 0
3683 8 18 0
2
43 197 
2
3684 18 14 0
3684 16 22 0
2
43 198 
2
3685 18 14 0
3685 16 18 0
2
43 199 
2
3686 18 14 0
3686 14 28 0
2
43 200 
2
3687 18 14 0
3687 10 18 0
2
43 201 
2
3688 18 14 0
3688 18 20 0
2
43 202 
2
3689 18 14 0
3689 14 14 0
2
43 203 
2
3690 18 14 0
3690 2 14 0
2
43 204 
2
3691 18 14 0
3691 20 20 0
2
43 205 
2
3692 18 14 0
3692 18 10 0
2
43 206 
2
3693 18 14 0
3693 26 24 0
2
43 207 
2
3694 18 14 0
3694 4 10 0
2
20 40 
2
3642 14 16 0
3642 10 16 0
2
21 41 
2
3674 20 14 0
3674 20 12 0
2
38 40 
2
3643 4 16 0
3643 10 16 0
2
39 41 
2
3675 22 8 0
3675 20 12 0
2
42 42 
1
3645 16 16 0
2
40 42 
2
3646 10 16 0
3646 16 16 0
2
42 42 
1
3647 16 16 0
2
20 42 
2
3648 14 16 0
3648 16 16 0
2
42 42 
1
3649 16 16 0
2
40 42 
2
3650 10 16 0
3650 16 16 0
2
42 42 
1
3651 16 16 0
2
43 43 
1
3695 18 14 0
2
41 43 
2
3696 20 12 0
3696 18 14 0
2
43 43 
1
3697 18 14 0
2
21 43 
2
3698 20 14 0
3698 18 14 0
2
43 43 
1
3699 18 14 0
2
41 43 
2
3700 20 12 0
3700 18 14 0
2
43 43 
1
3701 18 14 0
2
42 133 
2
3652 16 16 0
3652 10 12 0
2
43 206 
2
3702 18 14 0
3702 26 24 0
2
42 134 
2
3653 16 16 0
3653 16 30 0
2
43 207 
2
3703 18 14 0
3703 4 10 0
2
42 135 
2
3654 16 16 0
3654 10 26 0
2
43 208 
2
3704 18 14 0
3704 32 16 0
2
43 209 
2
3705 18 14 0
3705 2 18 0
2
43 210 
2
3706 18 14 0
3706 8 24 0
2
43 211 
2
3707 18 14 0
3707 6 18 0
2
43 212 
2
3708 18 14 0
3708 16 24 0
2
43 213 
2
3709 18 14 0
3709 16 32 0
2
43 214 
2
3710 18 14 0
3710 12 20 0
2
43 215 
2
3711 18 14 0
3711 18 16 0
2
43 216 
2
3712 18 14 0
3712 8 20 0
2
43 217 
2
3713 18 14 0
3713 14 26 0
2
43 218 
2
3714 18 14 0
3714 10 24 0
2
43 219 
2
3715 18 14 0
3715 24 24 0
2
43 220 
2
3716 18 14 0
3716 12 24 0
2
43 221 
2
3717 18 14 0
3717 6 22 0
2
43 222 
2
3718 18 14 0
3718 6 14 0
2
43 223 
2
3719 18 14 0
3719 14 12 0
2
43 224 
2
3720 18 14 0
3720 24 12 0
2
43 225 
2
3721 18 14 0
3721 20 18 0
2
43 226 
2
3722 18 14 0
3722 18 32 0
2
40 42 
2
3655 10 16 0
3655 16 16 0
2
41 43 
2
3723 20 12 0
3723 18 14 0
2
42 133 
2
3656 16 16 0
3656 10 12 0
2
43 206 
2
3724 18 14 0
3724 26 24 0
2
42 134 
2
3657 16 16 0
3657 16 30 0
2
43 207 
2
3725 18 14 0
3725 4 10 0
2
42 135 
2
3658 16 16 0
3658 10 26 0
2
43 208 
2
3726 18 14 0
3726 32 16 0
2
43 209 
2
3727 18 14 0
3727 2 18 0
2
43 210 
2
3728 18 14 0
3728 8 24 0
2
43 211 
2
3729 18 14 0
3729 6 18 0
2
43 212 
2
3730 18 14 0
3730 16 24 0
2
43 213 
2
3731 18 14 0
3731 16 32 0
2
43 214 
2
3732 18 14 0
3732 12 20 0
2
43 215 
2
3733 18 14 0
3733 18 16 0
2
43 216 
2
3734 18 14 0
3734 8 20 0
2
43 217 
2
3735 18 14 0
3735 14 26 0
2
43 218 
2
3736 18 14 0
3736 10 24 0
2
43 219 
2
3737 18 14 0
3737 24 24 0
2
43 220 
2
3738 18 14 0
3738 12 24 0
2
43 221 
2
3739 18 14 0
3739 6 22 0
2
43 222 
2
3740 18 14 0
3740 6 14 0
2
43 223 
2
3741 18 14 0
3741 14 12 0
2
43 224 
2
3742 18 14 0
3742 24 12 0
2
43 225 
2
3743 18 14 0
3743 20 18 0
2
43 226 
2
3744 18 14 0
3744 18 32 0
2
20 40 
2
3656 14 16 0
3656 10 16 0
2
21 41 
2
3724 20 14 0
3724 20 12 0
2
18 38 
2
3644 4 18 0
3644 4 16 0
2
19 39 
2
3676 20 8 0
3676 22 8 0
2
36 38 
2
3645 4 22 0
3645 4 16 0
2
37 39 
2
3677 24 4 0
3677 22 8 0
2
40 40 
1
3657 10 16 0
2
38 40 
2
3658 4 16 0
3658 10 16 0
2
40 40 
1
3659 10 16 0
2
18 40 
2
3660 4 18 0
3660 10 16 0
2
40 40 
1
3661 10 16 0
2
38 40 
2
3662 4 16 0
3662 10 16 0
2
40 40 
1
3663 10 16 0
2
41 41 
1
3725 20 12 0
2
39 41 
2
3726 22 8 0
3726 20 12 0
2
41 41 
1
3727 20 12 0
2
19 41 
2
3728 20 8 0
3728 20 12 0
2
41 41 
1
3729 20 12 0
2
39 41 
2
3730 22 8 0
3730 20 12 0
2
41 41 
1
3731 20 12 0
2
42 42 
1
3659 16 16 0
2
40 42 
2
3664 10 16 0
3664 16 16 0
2
42 42 
1
3665 16 16 0
2
20 42 
2
3666 14 16 0
3666 16 16 0
2
42 42 
1
3667 16 16 0
2
40 42 
2
3668 10 16 0
3668 16 16 0
2
42 42 
1
3669 16 16 0
2
43 43 
1
3745 18 14 0
2
41 43 
2
3746 20 12 0
3746 18 14 0
2
43 43 
1
3747 18 14 0
2
21 43 
2
3748 20 14 0
3748 18 14 0
2
43 43 
1
3749 18 14 0
2
41 43 
2
3750 20 12 0
3750 18 14 0
2
43 43 
1
3751 18 14 0
2
42 132 
2
3670 16 16 0
3670 8 16 0
2
43 207 
2
3752 18 14 0
3752 4 10 0
2
42 133 
2
3671 16 16 0
3671 10 12 0
2
43 208 
2
3753 18 14 0
3753 32 16 0
2
42 134 
2
3672 16 16 0
3672 16 30 0
2
43 209 
2
3754 18 14 0
3754 2 18 0
2
42 135 
2
3673 16 16 0
3673 10 26 0
2
43 210 
2
3755 18 14 0
3755 8 24 0
2
42 136 
2
3674 16 16 0
3674 16 26 0
2
43 211 
2
3756 18 14 0
3756 6 18 0
2
42 137 
2
3675 16 16 0
3675 16 28 0
2
43 212 
2
3757 18 14 0
3757 16 24 0
2
42 138 
2
3676 16 16 0
3676 10 20 0
2
43 213 
2
3758 18 14 0
3758 16 32 0
2
42 139 
2
3677 16 16 0
3677 12 26 0
2
43 214 
2
3759 18 14 0
3759 12 20 0
2
42 140 
2
3678 16 16 0
3678 14 18 0
2
43 215 
2
3760 18 14 0
3760 18 16 0
2
42 141 
2
3679 16 16 0
3679 14 20 0
2
43 216 
2
3761 18 14 0
3761 8 20 0
2
42 142 
2
3680 16 16 0
3680 8 12 0
2
43 217 
2
3762 18 14 0
3762 14 26 0
2
42 143 
2
3681 16 16 0
3681 22 24 0
2
43 218 
2
3763 18 14 0
3763 10 24 0
2
42 144 
2
3682 16 16 0
3682 24 18 0
2
43 219 
2
3764 18 14 0
3764 24 24 0
2
42 145 
2
3683 16 16 0
3683 22 10 0
2
43 220 
2
3765 18 14 0
3765 12 24 0
2
42 146 
2
3684 16 16 0
3684 30 12 0
2
43 221 
2
3766 18 14 0
3766 6 22 0
2
42 147 
2
3685 16 16 0
3685 4 8 0
2
43 222 
2
3767 18 14 0
3767 6 14 0
2
42 148 
2
3686 16 16 0
3686 12 30 0
2
43 223 
2
3768 18 14 0
3768 14 12 0
2
42 165 
2
3687 16 16 0
3687 4 20 0
2
43 224 
2
3769 18 14 0
3769 24 12 0
2
42 187 
2
3688 16 16 0
3688 12 28 0
2
43 225 
2
3770 18 14 0
3770 20 18 0
2
42 190 
2
3689 16 16 0
3689 26 16 0
2
43 226 
2
3771 18 14 0
3771 18 32 0
2
42 192 
2
3690 16 16 0
3690 18 26 0
2
43 227 
2
3772 18 14 0
3772 2 12 0
2
40 42 
2
3691 10 16 0
3691 16 16 0
2
41 43 
2
3773 20 12 0
3773 18 14 0
2
42 132 
2
3692 16 16 0
3692 8 16 0
2
43 207 
2
3774 18 14 0
3774 4 10 0
2
42 133 
2
3693 16 16 0
3693 10 12 0
2
43 208 
2
3775 18 14 0
3775 32 16 0
2
42 134 
2
3694 16 16 0
3694 16 30 0
2
43 209 
2
3776 18 14 0
3776 2 18 0
2
42 135 
2
3695 16 16 0
3695 10 26 0
2
43 210 
2
3777 18 14 0
3777 8 24 0
2
42 136 
2
3696 16 16 0
3696 16 26 0
2
43 211 
2
3778 18 14 0
3778 6 18 0
2
42 137 
2
3697 16 16 0
3697 16 28 0
2
43 212 
2
3779 18 14 0
3779 16 24 0
2
42 138 
2
3698 16 16 0
3698 10 20 0
2
43 213 
2
3780 18 14 0
3780 16 32 0
2
42 139 
2
3699 16 16 0
3699 12 26 0
2
43 214 
2
3781 18 14 0
3781 12 20 0
2
42 140 
2
3700 16 16 0
3700 14 18 0
2
43 215 
2
3782 18 14 0
3782 18 16 0
2
42 141 
2
3701 16 16 0
3701 14 20 0
2
43 216 
2
3783 18 14 0
3783 8 20 0
2
42 142 
2
3702 16 16 0
3702 8 12 0
2
43 217 
2
3784 18 14 0
3784 14 26 0
2
42 143 
2
3703 16 16 0
3703 22 24 0
2
43 218 
2
3785 18 14 0
3785 10 24 0
2
42 144 
2
3704 16 16 0
3704 24 18 0
2
43 219 
2
3786 18 14 0
3786 24 24 0
2
42 145 
2
3705 16 16 0
3705 22 10 0
2
43 220 
2
3787 18 14 0
3787 12 24 0
2
42 146 
2
3706 16 16 0
3706 30 12 0
2
43 221 
2
3788 18 14 0
3788 6 22 0
2
42 147 
2
3707 16 16 0
3707 4 8 0
2
43 222 
2
3789 18 14 0
3789 6 14 0
2
42 148 
2
3708 16 16 0
3708 12 30 0
2
43 223 
2
3790 18 14 0
3790 14 12 0
2
42 165 
2
3709 16 16 0
3709 4 20 0
2
43 224 
2
3791 18 14 0
3791 24 12 0
2
42 187 
2
3710 16 16 0
3710 12 28 0
2
43 225 
2
3792 18 14 0
3792 20 18 0
2
42 190 
2
3711 16 16 0
3711 26 16 0
2
43 226 
2
3793 18 14 0
3793 18 32 0
2
42 192 
2
3712 16 16 0
3712 18 26 0
2
43 227 
2
3794 18 14 0
3794 2 12 0
2
20 40 
2
3692 14 16 0
3692 10 16 0
2
21 41 
2
3774 20 14 0
3774 20 12 0
2
38 40 
2
3693 4 16 0
3693 10 16 0
2
39 41 
2
3775 22 8 0
3775 20 12 0
2
42 42 
1
3713 16 16 0
2
40 42 
2
3714 10 16 0
3714 16 16 0
2
42 42 
1
3715 16 16 0
2
20 42 
2
3716 14 16 0
3716 16 16 0
2
42 42 
1
3717 16 16 0
2
40 42 
2
3718 10 16 0
3718 16 16 0
2
42 42 
1
3719 16 16 0
2
43 43 
1
3795 18 14 0
2
41 43 
2
3796 20 12 0
3796 18 14 0
2
43 43 
1
3797 18 14 0
2
21 43 
2
3798 20 14 0
3798 18 14 0
2
43 43 
1
3799 18 14 0
2
41 43 
2
3800 20 12 0
3800 18 14 0
2
43 43 
1
3801 18 14 0
2
42 133 
2
3720 16 16 0
3720 10 12 0
2
43 226 
2
3802 18 14 0
3802 18 32 0
2
42 134 
2
3721 16 16 0
3721 16 30 0
2
43 227 
2
3803 18 14 0
3803 2 12 0
2
42 135 
2
3722 16 16 0
3722 10 26 0
2
43 228 
2
3804 18 14 0
3804 12 2 0
2
42 136 
2
3723 16 16 0
3723 16 26 0
2
43 229 
2
3805 18 14 0
3805 2 16 0
2
42 137 
2
3724 16 16 0
3724 16 28 0
2
43 230 
2
3806 18 14 0
3806 10 8 0
2
42 138 
2
3725 16 16 0
3725 10 20 0
2
43 231 
2
3807 18 14 0
3807 14 30 0
2
42 139 
2
3726 16 16 0
3726 12 26 0
2
43 232 
2
3808 18 14 0
3808 26 22 0
2
42 140 
2
3727 16 16 0
3727 14 18 0
2
43 233 
2
3809 18 14 0
3809 8 22 0
2
42 141 
2
3728 16 16 0
3728 14 20 0
2
43 234 
2
3810 18 14 0
3810 12 22 0
2
42 142 
2
3729 16 16 0
3729 8 12 0
2
43 235 
2
3811 18 14 0
3811 14 24 0
2
42 143 
2
3730 16 16 0
3730 22 24 0
2
43 236 
2
3812 18 14 0
3812 8 10 0
2
42 144 
2
3731 16 16 0
3731 24 18 0
2
43 237 
2
3813 18 14 0
3813 20 28 0
2
42 145 
2
3732 16 16 0
3732 22 10 0
2
43 238 
2
3814 18 14 0
3814 14 10 0
2
42 146 
2
3733 16 16 0
3733 30 12 0
2
43 239 
2
3815 18 14 0
3815 16 20 0
2
42 147 
2
3734 16 16 0
3734 4 8 0
2
43 50 
2
3816 18 14 0
3816 4 12 0
2
42 148 
2
3735 16 16 0
3735 12 30 0
2
43 45 
2
3817 18 14 0
3817 16 2 0
2
42 165 
2
3736 16 16 0
3736 4 20 0
2
43 47 
2
3818 18 14 0
3818 26 12 0
2
42 187 
2
3737 16 16 0
3737 12 28 0
2
43 49 
2
3819 18 14 0
3819 32 14 0
2
42 190 
2
3738 16 16 0
3738 26 16 0
2
43 52 
2
3820 18 14 0
3820 18 4 0
2
42 192 
2
3739 16 16 0
3739 18 26 0
2
43 53 
2
3821 18 14 0
3821 18 8 0
2
42 193 
2
3740 16 16 0
3740 6 16 0
2
43 54 
2
3822 18 14 0
3822 24 6 0
2
40 42 
2
3741 10 16 0
3741 16 16 0
2
41 43 
2
3823 20 12 0
3823 18 14 0
2
42 133 
2
3742 16 16 0
3742 10 12 0
2
43 226 
2
3824 18 14 0
3824 18 32 0
2
42 134 
2
3743 16 16 0
3743 16 30 0
2
43 227 
2
3825 18 14 0
3825 2 12 0
2
42 135 
2
3744 16 16 0
3744 10 26 0
2
43 228 
2
3826 18 14 0
3826 12 2 0
2
42 136 
2
3745 16 16 0
3745 16 26 0
2
43 229 
2
3827 18 14 0
3827 2 16 0
2
42 137 
2
3746 16 16 0
3746 16 28 0
2
43 230 
2
3828 18 14 0
3828 10 8 0
2
42 138 
2
3747 16 16 0
3747 10 20 0
2
43 231 
2
3829 18 14 0
3829 14 30 0
2
42 139 
2
3748 16 16 0
3748 12 26 0
2
43 232 
2
3830 18 14 0
3830 26 22 0
2
42 140 
2
3749 16 16 0
3749 14 18 0
2
43 233 
2
3831 18 14 0
3831 8 22 0
2
42 141 
2
3750 16 16 0
3750 14 20 0
2
43 234 
2
3832 18 14 0
3832 12 22 0
2
42 142 
2
3751 16 16 0
3751 8 12 0
2
43 235 
2
3833 18 14 0
3833 14 24 0
2
42 143 
2
3752 16 16 0
3752 22 24 0
2
43 236 
2
3834 18 14 0
3834 8 10 0
2
42 144 
2
3753 16 16 0
3753 24 18 0
2
43 237 
2
3835 18 14 0
3835 20 28 0
2
42 145 
2
3754 16 16 0
3754 22 10 0
2
43 238 
2
3836 18 14 0
3836 14 10 0
2
42 146 
2
3755 16 16 0
3755 30 12 0
2
43 239 
2
3837 18 14 0
3837 16 20 0
2
42 147 
2
3756 16 16 0
3756 4 8 0
2
43 50 
2
3838 18 14 0
3838 4 12 0
2
42 148 
2
3757 16 16 0
3757 12 30 0
2
43 45 
2
3839 18 14 0
3839 16 2 0
2
42 165 
2
3758 16 16 0
3758 4 20 0
2
43 47 
2
3840 18 14 0
3840 26 12 0
2
42 187 
2
3759 16 16 0
3759 12 28 0
2
43 49 
2
3841 18 14 0
3841 32 14 0
2
42 190 
2
3760 16 16 0
3760 26 16 0
2
43 52 
2
3842 18 14 0
3842 18 4 0
2
42 192 
2
3761 16 16 0
3761 18 26 0
2
43 53 
2
3843 18 14 0
3843 18 8 0
2
42 193 
2
3762 16 16 0
3762 6 16 0
2
43 54 
2
3844 18 14 0
3844 24 6 0
2
20 40 
2
3742 14 16 0
3742 10 16 0
2
21 41 
2
3824 20 14 0
3824 20 12 0
2
18 38 
2
3694 4 18 0
3694 4 16 0
2
19 39 
2
3776 20 8 0
3776 22 8 0
2
16 36 
2
3646 4 24 0
3646 4 22 0
2
17 37 
2
3678 26 4 0
3678 24 4 0
2
14 34 
2
3477 4 26 0
3477 2 24 0
2
15 35 
2
3498 26 2 0
3498 28 2 0
2
32 34 
2
3478 2 28 0
3478 2 24 0
2
33 35 
2
3499 32 2 0
3499 28 2 0
2
36 36 
1
3647 4 22 0
2
34 36 
2
3648 2 24 0
3648 4 22 0
2
36 36 
1
3649 4 22 0
2
14 36 
2
3650 4 26 0
3650 4 22 0
2
36 36 
1
3651 4 22 0
2
34 36 
2
3652 2 24 0
3652 4 22 0
2
36 36 
1
3653 4 22 0
2
37 37 
1
3679 24 4 0
2
35 37 
2
3680 28 2 0
3680 24 4 0
2
37 37 
1
3681 24 4 0
2
15 37 
2
3682 26 2 0
3682 24 4 0
2
37 37 
1
3683 24 4 0
2
35 37 
2
3684 28 2 0
3684 24 4 0
2
37 37 
1
3685 24 4 0
2
38 38 
1
3695 4 16 0
2
36 38 
2
3696 4 22 0
3696 4 16 0
2
38 38 
1
3697 4 16 0
2
16 38 
2
3698 4 24 0
3698 4 16 0
2
38 38 
1
3699 4 16 0
2
36 38 
2
3700 4 22 0
3700 4 16 0
2
38 38 
1
3701 4 16 0
2
39 39 
1
3777 22 8 0
2
37 39 
2
3778 24 4 0
3778 22 8 0
2
39 39 
1
3779 22 8 0
2
17 39 
2
3780 26 4 0
3780 22 8 0
2
39 39 
1
3781 22 8 0
2
37 39 
2
3782 24 4 0
3782 22 8 0
2
39 39 
1
3783 22 8 0
2
40 40 
1
3743 10 16 0
2
38 40 
2
3744 4 16 0
3744 10 16 0
2
40 40 
1
3745 10 16 0
2
18 40 
2
3746 4 18 0
3746 10 16 0
2
40 40 
1
3747 10 16 0
2
38 40 
2
3748 4 16 0
3748 10 16 0
2
40 40 
1
3749 10 16 0
2
41 41 
1
3825 20 12 0
2
39 41 
2
3826 22 8 0
3826 20 12 0
2
41 41 
1
3827 20 12 0
2
19 41 
2
3828 20 8 0
3828 20 12 0
2
41 41 
1
3829 20 12 0
2
39 41 
2
3830 22 8 0
3830 20 12 0
2
41 41 
1
3831 20 12 0
2
42 42 
1
3763 16 16 0
2
40 42 
2
3764 10 16 0
3764 16 16 0
2
42 42 
1
3765 16 16 0
2
20 42 
2
3766 14 16 0
3766 16 16 0
2
42 42 
1
3767 16 16 0
2
40 42 
2
3768 10 16 0
3768 16 16 0
2
42 42 
1
3769 16 16 0
2
43 43 
1
3845 18 14 0
2
41 43 
2
3846 20 12 0
3846 18 14 0
2
43 43 
1
3847 18 14 0
2
21 43 
2
3848 20 14 0
3848 18 14 0
2
43 43 
1
3849 18 14 0
2
41 43 
2
3850 20 12 0
3850 18 14 0
2
43 43 
1
3851 18 14 0
2
42 192 
2
3770 16 16 0
3770 18 26 0
2
43 227 
2
3852 18 14 0
3852 2 12 0
2
42 193 
2
3771 16 16 0
3771 6 16 0
2
43 228 
2
3853 18 14 0
3853 12 2 0
2
42 194 
2
3772 16 16 0
3772 14 22 0
2
43 229 
2
3854 18 14 0
3854 2 16 0
2
43 230 
2
3855 18 14 0
3855 10 8 0
2
43 231 
2
3856 18 14 0
3856 14 30 0
2
43 232 
2
3857 18 14 0
3857 26 22 0
2
43 233 
2
3858 18 14 0
3858 8 22 0
2
43 234 
2
3859 18 14 0
3859 12 22 0
2
43 235 
2
3860 18 14 0
3860 14 24 0
2
43 236 
2
3861 18 14 0
3861 8 10 0
2
43 237 
2
3862 18 14 0
3862 20 28 0
2
43 238 
2
3863 18 14 0
3863 14 10 0
2
43 239 
2
3864 18 14 0
3864 16 20 0
2
43 50 
2
3865 18 14 0
3865 4 12 0
2
43 45 
2
3866 18 14 0
3866 16 2 0
2
43 47 
2
3867 18 14 0
3867 26 12 0
2
43 49 
2
3868 18 14 0
3868 32 14 0
2
43 52 
2
3869 18 14 0
3869 18 4 0
2
43 53 
2
3870 18 14 0
3870 18 8 0
2
43 54 
2
3871 18 14 0
3871 24 6 0
2
43 55 
2
3872 18 14 0
3872 24 2 0
2
40 42 
2
3773 10 16 0
3773 16 16 0
2
41 43 
2
3873 20 12 0
3873 18 14 0
2
42 192 
2
3774 16 16 0
3774 18 26 0
2
43 227 
2
3874 18 14 0
3874 2 12 0
2
42 193 
2
3775 16 16 0
3775 6 16 0
2
43 228 
2
3875 18 14 0
3875 12 2 0
2
42 194 
2
3776 16 16 0
3776 14 22 0
2
43 229 
2
3876 18 14 0
3876 2 16 0
2
43 230 
2
3877 18 14 0
3877 10 8 0
2
43 231 
2
3878 18 14 0
3878 14 30 0
2
43 232 
2
3879 18 14 0
3879 26 22 0
2
43 233 
2
3880 18 14 0
3880 8 22 0
2
43 234 
2
3881 18 14 0
3881 12 22 0
2
43 235 
2
3882 18 14 0
3882 14 24 0
2
43 236 
2
3883 18 14 0
3883 8 10 0
2
43 237 
2
3884 18 14 0
3884 20 28 0
2
43 238 
2
3885 18 14 0
3885 14 10 0
2
43 239 
2
3886 18 14 0
3886 16 20 0
2
43 50 
2
3887 18 14 0
3887 4 12 0
2
43 45 
2
3888 18 14 0
3888 16 2 0
2
43 47 
2
3889 18 14 0
3889 26 12 0
2
43 49 
2
3890 18 14 0
3890 32 14 0
2
43 52 
2
3891 18 14 0
3891 18 4 0
2
43 53 
2
3892 18 14 0
3892 18 8 0
2
43 54 
2
3893 18 14 0
3893 24 6 0
2
43 55 
2
3894 18 14 0
3894 24 2 0
2
20 40 
2
3774 14 16 0
3774 10 16 0
2
21 41 
2
3874 20 14 0
3874 20 12 0
2
38 40 
2
3775 4 16 0
3775 10 16 0
2
39 41 
2
3875 22 8 0
3875 20 12 0
2
42 42 
1
3777 16 16 0
2
40 42 
2
3778 10 16 0
3778 16 16 0
2
42 42 
1
3779 16 16 0
2
20 42 
2
3780 14 16 0
3780 16 16 0
2
42 42 
1
3781 16 16 0
2
40 42 
2
3782 10 16 0
3782 16 16 0
2
42 42 
1
3783 16 16 0
2
43 43 
1
3895 18 14 0
2
41 43 
2
3896 20 12 0
3896 18 14 0
2
43 43 
1
3897 18 14 0
2
21 43 
2
3898 20 14 0
3898 18 14 0
2
43 43 
1
3899 18 14 0
2
41 43 
2
3900 20 12 0
3900 18 14 0
2
43 43 
1
3901 18 14 0
2
42 193 
2
3784 16 16 0
3784 6 16 0
2
43 54 
2
3902 18 14 0
3902 24 6 0
2
42 194 
2
3785 16 16 0
3785 14 22 0
2
43 55 
2
3903 18 14 0
3903 24 2 0
2
42 195 
2
3786 16 16 0
3786 10 22 0
2
43 56 
2
3904 18 14 0
3904 32 18 0
2
43 57 
2
3905 18 14 0
3905 22 28 0
2
43 58 
2
3906 18 14 0
3906 10 10 0
2
43 59 
2
3907 18 14 0
3907 28 16 0
2
43 60 
2
3908 18 14 0
3908 16 8 0
2
43 61 
2
3909 18 14 0
3909 18 30 0
2
43 62 
2
3910 18 14 0
3910 20 24 0
2
43 63 
2
3911 18 14 0
3911 16 12 0
2
43 64 
2
3912 18 14 0
3912 16 6 0
2
43 65 
2
3913 18 14 0
3913 10 6 0
2
43 66 
2
3914 18 14 0
3914 18 22 0
2
43 67 
2
3915 18 14 0
3915 18 28 0
2
43 68 
2
3916 18 14 0
3916 18 12 0
2
43 86 
2
3917 18 14 0
3917 6 10 0
2
43 87 
2
3918 18 14 0
3918 22 14 0
2
43 89 
2
3919 18 14 0
3919 24 14 0
2
43 90 
2
3920 18 14 0
3920 20 10 0
2
43 91 
2
3921 18 14 0
3921 28 8 0
2
43 92 
2
3922 18 14 0
3922 32 12 0
2
40 42 
2
3787 10 16 0
3787 16 16 0
2
41 43 
2
3923 20 12 0
3923 18 14 0
2
42 193 
2
3788 16 16 0
3788 6 16 0
2
43 54 
2
3924 18 14 0
3924 24 6 0
2
42 194 
2
3789 16 16 0
3789 14 22 0
2
43 55 
2
3925 18 14 0
3925 24 2 0
2
42 195 
2
3790 16 16 0
3790 10 22 0
2
43 56 
2
3926 18 14 0
3926 32 18 0
2
43 57 
2
3927 18 14 0
3927 22 28 0
2
43 58 
2
3928 18 14 0
3928 10 10 0
2
43 59 
2
3929 18 14 0
3929 28 16 0
2
43 60 
2
3930 18 14 0
3930 16 8 0
2
43 61 
2
3931 18 14 0
3931 18 30 0
2
43 62 
2
3932 18 14 0
3932 20 24 0
2
43 63 
2
3933 18 14 0
3933 16 12 0
2
43 64 
2
3934 18 14 0
3934 16 6 0
2
43 65 
2
3935 18 14 0
3935 10 6 0
2
43 66 
2
3936 18 14 0
3936 18 22 0
2
43 67 
2
3937 18 14 0
3937 18 28 0
2
43 68 
2
3938 18 14 0
3938 18 12 0
2
43 86 
2
3939 18 14 0
3939 6 10 0
2
43 87 
2
3940 18 14 0
3940 22 14 0
2
43 89 
2
3941 18 14 0
3941 24 14 0
2
43 90 
2
3942 18 14 0
3942 20 10 0
2
43 91 
2
3943 18 14 0
3943 28 8 0
2
43 92 
2
3944 18 14 0
3944 32 12 0
2
20 40 
2
3788 14 16 0
3788 10 16 0
2
21 41 
2
3924 20 14 0
3924 20 12 0
2
18 38 
2
3776 4 18 0
3776 4 16 0
2
19 39 
2
3876 20 8 0
3876 22 8 0
2
36 38 
2
3777 4 22 0
3777 4 16 0
2
37 39 
2
3877 24 4 0
3877 22 8 0
2
40 40 
1
3789 10 16 0
2
38 40 
2
3790 4 16 0
3790 10 16 0
2
40 40 
1
3791 10 16 0
2
18 40 
2
3792 4 18 0
3792 10 16 0
2
40 40 
1
3793 10 16 0
2
38 40 
2
3794 4 16 0
3794 10 16 0
2
40 40 
1
3795 10 16 0
2
41 41 
1
3925 20 12 0
2
39 41 
2
3926 22 8 0
3926 20 12 0
2
41 41 
1
3927 20 12 0
2
19 41 
2
3928 20 8 0
3928 20 12 0
2
41 41 
1
3929 20 12 0
2
39 41 
2
3930 22 8 0
3930 20 12 0
2
41 41 
1
3931 20 12 0
2
42 42 
1
3791 16 16 0
2
40 42 
2
3796 10 16 0
3796 16 16 0
2
42 42 
1
3797 16 16 0
2
20 42 
2
3798 14 16 0
3798 16 16 0
2
42 42 
1
3799 16 16 0
2
40 42 
2
3800 10 16 0
3800 16 16 0
2
42 42 
1
3801 16 16 0
2
43 43 
1
3945 18 14 0
2
41 43 
2
3946 20 12 0
3946 18 14 0
2
43 43 
1
3947 18 14 0
2
21 43 
2
3948 20 14 0
3948 18 14 0
2
43 43 
1
3949 18 14 0
2
41 43 
2
3950 20 12 0
3950 18 14 0
2
43 43 
1
3951 18 14 0
2
42 192 
2
3802 16 16 0
3802 18 26 0
2
43 55 
2
3952 18 14 0
3952 24 2 0
2
42 193 
2
3803 16 16 0
3803 6 16 0
2
43 56 
2
3953 18 14 0
3953 32 18 0
2
42 194 
2
3804 16 16 0
3804 14 22 0
2
43 57 
2
3954 18 14 0
3954 22 28 0
2
42 195 
2
3805 16 16 0
3805 10 22 0
2
43 58 
2
3955 18 14 0
3955 10 10 0
2
42 196 
2
3806 16 16 0
3806 8 18 0
2
43 59 
2
3956 18 14 0
3956 28 16 0
2
42 197 
2
3807 16 16 0
3807 16 22 0
2
43 60 
2
3957 18 14 0
3957 16 8 0
2
42 198 
2
3808 16 16 0
3808 16 18 0
2
43 61 
2
3958 18 14 0
3958 18 30 0
2
42 199 
2
3809 16 16 0
3809 14 28 0
2
43 62 
2
3959 18 14 0
3959 20 24 0
2
42 200 
2
3810 16 16 0
3810 10 18 0
2
43 63 
2
3960 18 14 0
3960 16 12 0
2
42 201 
2
3811 16 16 0
3811 18 20 0
2
43 64 
2
3961 18 14 0
3961 16 6 0
2
42 202 
2
3812 16 16 0
3812 14 14 0
2
43 65 
2
3962 18 14 0
3962 10 6 0
2
42 203 
2
3813 16 16 0
3813 2 14 0
2
43 66 
2
3963 18 14 0
3963 18 22 0
2
42 204 
2
3814 16 16 0
3814 20 20 0
2
43 67 
2
3964 18 14 0
3964 18 28 0
2
42 205 
2
3815 16 16 0
3815 18 10 0
2
43 68 
2
3965 18 14 0
3965 18 12 0
2
42 206 
2
3816 16 16 0
3816 26 24 0
2
43 86 
2
3966 18 14 0
3966 6 10 0
2
42 207 
2
3817 16 16 0
3817 4 10 0
2
43 87 
2
3967 18 14 0
3967 22 14 0
2
42 208 
2
3818 16 16 0
3818 32 16 0
2
43 89 
2
3968 18 14 0
3968 24 14 0
2
42 209 
2
3819 16 16 0
3819 2 18 0
2
43 90 
2
3969 18 14 0
3969 20 10 0
2
42 210 
2
3820 16 16 0
3820 8 24 0
2
43 91 
2
3970 18 14 0
3970 28 8 0
2
42 211 
2
3821 16 16 0
3821 6 18 0
2
43 92 
2
3971 18 14 0
3971 32 12 0
2
42 212 
2
3822 16 16 0
3822 16 24 0
2
43 93 
2
3972 18 14 0
3972 20 2 0
2
40 42 
2
3823 10 16 0
3823 16 16 0
2
41 43 
2
3973 20 12 0
3973 18 14 0
2
42 192 
2
3824 16 16 0
3824 18 26 0
2
43 55 
2
3974 18 14 0
3974 24 2 0
2
42 193 
2
3825 16 16 0
3825 6 16 0
2
43 56 
2
3975 18 14 0
3975 32 18 0
2
42 194 
2
3826 16 16 0
3826 14 22 0
2
43 57 
2
3976 18 14 0
3976 22 28 0
2
42 195 
2
3827 16 16 0
3827 10 22 0
2
43 58 
2
3977 18 14 0
3977 10 10 0
2
42 196 
2
3828 16 16 0
3828 8 18 0
2
43 59 
2
3978 18 14 0
3978 28 16 0
2
42 197 
2
3829 16 16 0
3829 16 22 0
2
43 60 
2
3979 18 14 0
3979 16 8 0
2
42 198 
2
3830 16 16 0
3830 16 18 0
2
43 61 
2
3980 18 14 0
3980 18 30 0
2
42 199 
2
3831 16 16 0
3831 14 28 0
2
43 62 
2
3981 18 14 0
3981 20 24 0
2
42 200 
2
3832 16 16 0
3832 10 18 0
2
43 63 
2
3982 18 14 0
3982 16 12 0
2
42 201 
2
3833 16 16 0
3833 18 20 0
2
43 64 
2
3983 18 14 0
3983 16 6 0
2
42 202 
2
3834 16 16 0
3834 14 14 0
2
43 65 
2
3984 18 14 0
3984 10 6 0
2
42 203 
2
3835 16 16 0
3835 2 14 0
2
43 66 
2
3985 18 14 0
3985 18 22 0
2
42 204 
2
3836 16 16 0
3836 20 20 0
2
43 67 
2
3986 18 14 0
3986 18 28 0
2
42 205 
2
3837 16 16 0
3837 18 10 0
2
43 68 
2
3987 18 14 0
3987 18 12 0
2
42 206 
2
3838 16 16 0
3838 26 24 0
2
43 86 
2
3988 18 14 0
3988 6 10 0
2
42 207 
2
3839 16 16 0
3839 4 10 0
2
43 87 
2
3989 18 14 0
3989 22 14 0
2
42 208 
2
3840 16 16 0
3840 32 16 0
2
43 89 
2
3990 18 14 0
3990 24 14 0
2
42 209 
2
3841 16 16 0
3841 2 18 0
2
43 90 
2
3991 18 14 0
3991 20 10 0
2
42 210 
2
3842 16 16 0
3842 8 24 0
2
43 91 
2
3992 18 14 0
3992 28 8 0
2
42 211 
2
3843 16 16 0
3843 6 18 0
2
43 92 
2
3993 18 14 0
3993 32 12 0
2
42 212 
2
3844 16 16 0
3844 16 24 0
2
43 93 
2
3994 18 14 0
3994 20 2 0
2
20 40 
2
3824 14 16 0
3824 10 16 0
2
21 41 
2
3974 20 14 0
3974 20 12 0
2
38 40 
2
3825 4 16 0
3825 10 16 0
2
39 41 
2
3975 22 8 0
3975 20 12 0
2
42 42 
1
3845 16 16 0
2
40 42 
2
3846 10 16 0
3846 16 16 0
2
42 42 
1
3847 16 16 0
2
20 42 
2
3848 14 16 0
3848 16 16 0
2
42 42 
1
3849 16 16 0
2
40 42 
2
3850 10 16 0
3850 16 16 0
2
42 42 
1
3851 16 16 0
2
43 43 
1
3995 18 14 0
2
41 43 
2
3996 20 12 0
3996 18 14 0
2
43 43 
1
3997 18 14 0
2
21 43 
2
3998 20 14 0
3998 18 14 0
2
43 43 
1
3999 18 14 0
2
41 43 
2
4000 20 12 0
4000 18 14 0
2
43 43 
1
4001 18 14 0
2
42 193 
2
3852 16 16 0
3852 6 16 0
2
43 92 
2
4002 18 14 0
4002 32 12 0
2
42 194 
2
3853 16 16 0
3853 14 22 0
2
43 93 
2
4003 18 14 0
4003 20 2 0
2
42 195 
2
3854 16 16 0
3854 10 22 0
2
43 94 
2
4004 18 14 0
4004 8 6 0
2
42 196 
2
3855 16 16 0
3855 8 18 0
2
43 95 
2
4005 18 14 0
4005 6 12 0
2
42 197 
2
3856 16 16 0
3856 16 22 0
2
43 96 
2
4006 18 14 0
4006 16 4 0
2
42 198 
2
3857 16 16 0
3857 16 18 0
2
43 97 
2
4007 18 14 0
4007 12 14 0
2
42 199 
2
3858 16 16 0
3858 14 28 0
2
43 98 
2
4008 18 14 0
4008 22 16 0
2
42 200 
2
3859 16 16 0
3859 10 18 0
2
43 99 
2
4009 18 14 0
4009 18 24 0
2
42 201 
2
3860 16 16 0
3860 18 20 0
2
43 100 
2
4010 18 14 0
4010 12 10 0
2
42 202 
2
3861 16 16 0
3861 14 14 0
2
43 101 
2
4011 18 14 0
4011 18 18 0
2
42 203 
2
3862 16 16 0
3862 2 14 0
2
43 102 
2
4012 18 14 0
4012 14 8 0
2
42 204 
2
3863 16 16 0
3863 20 20 0
2
43 103 
2
4013 18 14 0
4013 14 6 0
2
42 205 
2
3864 16 16 0
3864 18 10 0
2
43 104 
2
4014 18 14 0
4014 22 26 0
2
42 206 
2
3865 16 16 0
3865 26 24 0
2
43 105 
2
4015 18 14 0
4015 20 16 0
2
42 207 
2
3866 16 16 0
3866 4 10 0
2
43 106 
2
4016 18 14 0
4016 24 20 0
2
42 208 
2
3867 16 16 0
3867 32 16 0
2
43 107 
2
4017 18 14 0
4017 30 16 0
2
42 209 
2
3868 16 16 0
3868 2 18 0
2
43 108 
2
4018 18 14 0
4018 28 10 0
2
42 210 
2
3869 16 16 0
3869 8 24 0
2
43 109 
2
4019 18 14 0
4019 26 10 0
2
42 211 
2
3870 16 16 0
3870 6 18 0
2
43 111 
2
4020 18 14 0
4020 18 6 0
2
42 212 
2
3871 16 16 0
3871 16 24 0
2
43 112 
2
4021 18 14 0
4021 30 14 0
2
42 213 
2
3872 16 16 0
3872 16 32 0
2
43 113 
2
4022 18 14 0
4022 22 4 0
2
40 42 
2
3873 10 16 0
3873 16 16 0
2
41 43 
2
4023 20 12 0
4023 18 14 0
2
42 193 
2
3874 16 16 0
3874 6 16 0
2
43 92 
2
4024 18 14 0
4024 32 12 0
2
42 194 
2
3875 16 16 0
3875 14 22 0
2
43 93 
2
4025 18 14 0
4025 20 2 0
2
42 195 
2
3876 16 16 0
3876 10 22 0
2
43 94 
2
4026 18 14 0
4026 8 6 0
2
42 196 
2
3877 16 16 0
3877 8 18 0
2
43 95 
2
4027 18 14 0
4027 6 12 0
2
42 197 
2
3878 16 16 0
3878 16 22 0
2
43 96 
2
4028 18 14 0
4028 16 4 0
2
42 198 
2
3879 16 16 0
3879 16 18 0
2
43 97 
2
4029 18 14 0
4029 12 14 0
2
42 199 
2
3880 16 16 0
3880 14 28 0
2
43 98 
2
4030 18 14 0
4030 22 16 0
2
42 200 
2
3881 16 16 0
3881 10 18 0
2
43 99 
2
4031 18 14 0
4031 18 24 0
2
42 201 
2
3882 16 16 0
3882 18 20 0
2
43 100 
2
4032 18 14 0
4032 12 10 0
2
42 202 
2
3883 16 16 0
3883 14 14 0
2
43 101 
2
4033 18 14 0
4033 18 18 0
2
42 203 
2
3884 16 16 0
3884 2 14 0
2
43 102 
2
4034 18 14 0
4034 14 8 0
2
42 204 
2
3885 16 16 0
3885 20 20 0
2
43 103 
2
4035 18 14 0
4035 14 6 0
2
42 205 
2
3886 16 16 0
3886 18 10 0
2
43 104 
2
4036 18 14 0
4036 22 26 0
2
42 206 
2
3887 16 16 0
3887 26 24 0
2
43 105 
2
4037 18 14 0
4037 20 16 0
2
42 207 
2
3888 16 16 0
3888 4 10 0
2
43 106 
2
4038 18 14 0
4038 24 20 0
2
42 208 
2
3889 16 16 0
3889 32 16 0
2
43 107 
2
4039 18 14 0
4039 30 16 0
2
42 209 
2
3890 16 16 0
3890 2 18 0
2
43 108 
2
4040 18 14 0
4040 28 10 0
2
42 210 
2
3891 16 16 0
3891 8 24 0
2
43 109 
2
4041 18 14 0
4041 26 10 0
2
42 211 
2
3892 16 16 0
3892 6 18 0
2
43 111 
2
4042 18 14 0
4042 18 6 0
2
42 212 
2
3893 16 16 0
3893 16 24 0
2
43 112 
2
4043 18 14 0
4043 30 14 0
2
42 213 
2
3894 16 16 0
3894 16 32 0
2
43 113 
2
4044 18 14 0
4044 22 4 0
2
20 40 
2
3874 14 16 0
3874 10 16 0
2
21 41 
2
4024 20 14 0
4024 20 12 0
2
18 38 
2
3826 4 18 0
3826 4 16 0
2
19 39 
2
3976 20 8 0
3976 22 8 0
2
16 36 
2
3778 4 24 0
3778 4 22 0
2
17 37 
2
3878 26 4 0
3878 24 4 0
2
34 36 
2
3779 2 24 0
3779 4 22 0
2
35 37 
2
3879 28 2 0
3879 24 4 0
2
38 38 
1
3827 4 16 0
2
36 38 
2
3828 4 22 0
3828 4 16 0
2
38 38 
1
3829 4 16 0
2
16 38 
2
3830 4 24 0
3830 4 16 0
2
38 38 
1
3831 4 16 0
2
36 38 
2
3832 4 22 0
3832 4 16 0
2
38 38 
1
3833 4 16 0
2
39 39 
1
3977 22 8 0
2
37 39 
2
3978 24 4 0
3978 22 8 0
2
39 39 
1
3979 22 8 0
2
17 39 
2
3980 26 4 0
3980 22 8 0
2
39 39 
1
3981 22 8 0
2
37 39 
2
3982 24 4 0
3982 22 8 0
2
39 39 
1
3983 22 8 0
2
40 40 
1
3875 10 16 0
2
38 40 
2
3876 4 16 0
3876 10 16 0
2
40 40 
1
3877 10 16 0
2
18 40 
2
3878 4 18 0
3878 10 16 0
2
40 40 
1
3879 10 16 0
2
38 40 
2
3880 4 16 0
3880 10 16 0
2
40 40 
1
3881 10 16 0
2
41 41 
1
4025 20 12 0
2
39 41 
2
4026 22 8 0
4026 20 12 0
2
41 41 
1
4027 20 12 0
2
19 41 
2
4028 20 8 0
4028 20 12 0
2
41 41 
1
4029 20 12 0
2
39 41 
2
4030 22 8 0
4030 20 12 0
2
41 41 
1
4031 20 12 0
2
42 42 
1
3895 16 16 0
2
40 42 
2
3896 10 16 0
3896 16 16 0
2
42 42 
1
3897 16 16 0
2
20 42 
2
3898 14 16 0
3898 16 16 0
2
42 42 
1
3899 16 16 0
2
40 42 
2
3900 10 16 0
3900 16 16 0
2
42 42 
1
3901 16 16 0
2
43 43 
1
4045 18 14 0
2
41 43 
2
4046 20 12 0
4046 18 14 0
2
43 43 
1
4047 18 14 0
2
21 43 
2
4048 20 14 0
4048 18 14 0
2
43 43 
1
4049 18 14 0
2
41 43 
2
4050 20 12 0
4050 18 14 0
2
43 43 
1
4051 18 14 0
2
42 212 
2
3902 16 16 0
3902 16 24 0
2
43 93 
2
4052 18 14 0
4052 20 2 0
2
42 213 
2
3903 16 16 0
3903 16 32 0
2
43 94 
2
4053 18 14 0
4053 8 6 0
2
42 214 
2
3904 16 16 0
3904 12 20 0
2
43 95 
2
4054 18 14 0
4054 6 12 0
2
43 96 
2
4055 18 14 0
4055 16 4 0
2
43 97 
2
4056 18 14 0
4056 12 14 0
2
43 98 
2
4057 18 14 0
4057 22 16 0
2
43 99 
2
4058 18 14 0
4058 18 24 0
2
43 100 
2
4059 18 14 0
4059 12 10 0
2
43 101 
2
4060 18 14 0
4060 18 18 0
2
43 102 
2
4061 18 14 0
4061 14 8 0
2
43 103 
2
4062 18 14 0
4062 14 6 0
2
43 104 
2
4063 18 14 0
4063 22 26 0
2
43 105 
2
4064 18 14 0
4064 20 16 0
2
43 106 
2
4065 18 14 0
4065 24 20 0
2
43 107 
2
4066 18 14 0
4066 30 16 0
2
43 108 
2
4067 18 14 0
4067 28 10 0
2
43 109 
2
4068 18 14 0
4068 26 10 0
2
43 111 
2
4069 18 14 0
4069 18 6 0
2
43 112 
2
4070 18 14 0
4070 30 14 0
2
43 113 
2
4071 18 14 0
4071 22 4 0
2
43 114 
2
4072 18 14 0
4072 30 10 0
2
40 42 
2
3905 10 16 0
3905 16 16 0
2
41 43 
2
4073 20 12 0
4073 18 14 0
2
42 212 
2
3906 16 16 0
3906 16 24 0
2
43 93 
2
4074 18 14 0
4074 20 2 0
2
42 213 
2
3907 16 16 0
3907 16 32 0
2
43 94 
2
4075 18 14 0
4075 8 6 0
2
42 214 
2
3908 16 16 0
3908 12 20 0
2
43 95 
2
4076 18 14 0
4076 6 12 0
2
43 96 
2
4077 18 14 0
4077 16 4 0
2
43 97 
2
4078 18 14 0
4078 12 14 0
2
43 98 
2
4079 18 14 0
4079 22 16 0
2
43 99 
2
4080 18 14 0
4080 18 24 0
2
43 100 
2
4081 18 14 0
4081 12 10 0
2
43 101 
2
4082 18 14 0
4082 18 18 0
2
43 102 
2
4083 18 14 0
4083 14 8 0
2
43 103 
2
4084 18 14 0
4084 14 6 0
2
43 104 
2
4085 18 14 0
4085 22 26 0
2
43 105 
2
4086 18 14 0
4086 20 16 0
2
43 106 
2
4087 18 14 0
4087 24 20 0
2
43 107 
2
4088 18 14 0
4088 30 16 0
2
43 108 
2
4089 18 14 0
4089 28 10 0
2
43 109 
2
4090 18 14 0
4090 26 10 0
2
43 111 
2
4091 18 14 0
4091 18 6 0
2
43 112 
2
4092 18 14 0
4092 30 14 0
2
43 113 
2
4093 18 14 0
4093 22 4 0
2
43 114 
2
4094 18 14 0
4094 30 10 0
2
20 40 
2
3906 14 16 0
3906 10 16 0
2
21 41 
2
4074 20 14 0
4074 20 12 0
2
38 40 
2
3907 4 16 0
3907 10 16 0
2
39 41 
2
4075 22 8 0
4075 20 12 0
2
42 42 
1
3909 16 16 0
2
40 42 
2
3910 10 16 0
3910 16 16 0
2
42 42 
1
3911 16 16 0
2
20 42 
2
3912 14 16 0
3912 16 16 0
2
42 42 
1
3913 16 16 0
2
40 42 
2
3914 10 16 0
3914 16 16 0
2
42 42 
1
3915 16 16 0
2
43 43 
1
4095 18 14 0
2
41 43 
2
4096 20 12 0
4096 18 14 0
2
43 43 
1
4097 18 14 0
2
21 43 
2
4098 20 14 0
4098 18 14 0
2
43 43 
1
4099 18 14 0
2
41 43 
2
4100 20 12 0
4100 18 14 0
2
43 43 
1
4101 18 14 0
2
42 213 
2
3916 16 16 0
3916 16 32 0
2
43 113 
2
4102 18 14 0
4102 22 4 0
2
42 214 
2
3917 16 16 0
3917 12 20 0
2
43 114 
2
4103 18 14 0
4103 30 10 0
2
42 215 
2
3918 16 16 0
3918 18 16 0
2
43 115 
2
4104 18 14 0
4104 2 10 0
2
43 116 
2
4105 18 14 0
4105 8 8 0
2
43 117 
2
4106 18 14 0
4106 12 8 0
2
43 118 
2
4107 18 14 0
4107 12 12 0
2
43 119 
2
4108 18 14 0
4108 22 18 0
2
43 120 
2
4109 18 14 0
4109 28 20 0
2
43 121 
2
4110 18 14 0
4110 8 14 0
2
43 122 
2
4111 18 14 0
4111 12 6 0
2
43 123 
2
4112 18 14 0
4112 22 20 0
2
43 124 
2
4113 18 14 0
4113 20 26 0
2
43 125 
2
4114 18 14 0
4114 12 16 0
2
43 126 
2
4115 18 14 0
4115 16 10 0
2
43 128 
2
4116 18 14 0
4116 16 14 0
2
43 129 
2
4117 18 14 0
4117 28 12 0
2
43 130 
2
4118 18 14 0
4118 22 6 0
2
43 131 
2
4119 18 14 0
4119 28 14 0
2
43 149 
2
4120 18 14 0
4120 20 6 0
2
43 150 
2
4121 18 14 0
4121 24 8 0
2
43 151 
2
4122 18 14 0
4122 22 2 0
2
40 42 
2
3919 10 16 0
3919 16 16 0
2
41 43 
2
4123 20 12 0
4123 18 14 0
2
42 213 
2
3920 16 16 0
3920 16 32 0
2
43 113 
2
4124 18 14 0
4124 22 4 0
2
42 214 
2
3921 16 16 0
3921 12 20 0
2
43 114 
2
4125 18 14 0
4125 30 10 0
2
42 215 
2
3922 16 16 0
3922 18 16 0
2
43 115 
2
4126 18 14 0
4126 2 10 0
2
43 116 
2
4127 18 14 0
4127 8 8 0
2
43 117 
2
4128 18 14 0
4128 12 8 0
2
43 118 
2
4129 18 14 0
4129 12 12 0
2
43 119 
2
4130 18 14 0
4130 22 18 0
2
43 120 
2
4131 18 14 0
4131 28 20 0
2
43 121 
2
4132 18 14 0
4132 8 14 0
2
43 122 
2
4133 18 14 0
4133 12 6 0
2
43 123 
2
4134 18 14 0
4134 22 20 0
2
43 124 
2
4135 18 14 0
4135 20 26 0
2
43 125 
2
4136 18 14 0
4136 12 16 0
2
43 126 
2
4137 18 14 0
4137 16 10 0
2
43 128 
2
4138 18 14 0
4138 16 14 0
2
43 129 
2
4139 18 14 0
4139 28 12 0
2
43 130 
2
4140 18 14 0
4140 22 6 0
2
43 131 
2
4141 18 14 0
4141 28 14 0
2
43 149 
2
4142 18 14 0
4142 20 6 0
2
43 150 
2
4143 18 14 0
4143 24 8 0
2
43 151 
2
4144 18 14 0
4144 22 2 0
2
20 40 
2
3920 14 16 0
3920 10 16 0
2
21 41 
2
4124 20 14 0
4124 20 12 0
2
18 38 
2
3908 4 18 0
3908 4 16 0
2
19 39 
2
4076 20 8 0
4076 22 8 0
2
36 38 
2
3909 4 22 0
3909 4 16 0
2
37 39 
2
4077 24 4 0
4077 22 8 0
2
40 40 
1
3921 10 16 0
2
38 40 
2
3922 4 16 0
3922 10 16 0
2
40 40 
1
3923 10 16 0
2
18 40 
2
3924 4 18 0
3924 10 16 0
2
40 40 
1
3925 10 16 0
2
38 40 
2
3926 4 16 0
3926 10 16 0
2
40 40 
1
3927 10 16 0
2
41 41 
1
4125 20 12 0
2
39 41 
2
4126 22 8 0
4126 20 12 0
2
41 41 
1
4127 20 12 0
2
19 41 
2
4128 20 8 0
4128 20 12 0
2
41 41 
1
4129 20 12 0
2
39 41 
2
4130 22 8 0
4130 20 12 0
2
41 41 
1
4131 20 12 0
2
42 42 
1
3923 16 16 0
2
40 42 
2
3928 10 16 0
3928 16 16 0
2
42 42 
1
3929 16 16 0
2
20 42 
2
3930 14 16 0
3930 16 16 0
2
42 42 
1
3931 16 16 0
2
40 42 
2
3932 10 16 0
3932 16 16 0
2
42 42 
1
3933 16 16 0
2
43 43 
1
4145 18 14 0
2
41 43 
2
4146 20 12 0
4146 18 14 0
2
43 43 
1
4147 18 14 0
2
21 43 
2
4148 20 14 0
4148 18 14 0
2
43 43 
1
4149 18 14 0
2
41 43 
2
4150 20 12 0
4150 18 14 0
2
43 43 
1
4151 18 14 0
2
42 212 
2
3934 16 16 0
3934 16 24 0
2
43 114 
2
4152 18 14 0
4152 30 10 0
2
42 213 
2
3935 16 16 0
3935 16 32 0
2
43 115 
2
4153 18 14 0
4153 2 10 0
2
42 214 
2
3936 16 16 0
3936 12 20 0
2
43 116 
2
4154 18 14 0
4154 8 8 0
2
42 215 
2
3937 16 16 0
3937 18 16 0
2
43 117 
2
4155 18 14 0
4155 12 8 0
2
42 216 
2
3938 16 16 0
3938 8 20 0
2
43 118 
2
4156 18 14 0
4156 12 12 0
2
42 217 
2
3939 16 16 0
3939 14 26 0
2
43 119 
2
4157 18 14 0
4157 22 18 0
2
42 218 
2
3940 16 16 0
3940 10 24 0
2
43 120 
2
4158 18 14 0
4158 28 20 0
2
42 219 
2
3941 16 16 0
3941 24 24 0
2
43 121 
2
4159 18 14 0
4159 8 14 0
2
42 220 
2
3942 16 16 0
3942 12 24 0
2
43 122 
2
4160 18 14 0
4160 12 6 0
2
42 221 
2
3943 16 16 0
3943 6 22 0
2
43 123 
2
4161 18 14 0
4161 22 20 0
2
42 222 
2
3944 16 16 0
3944 6 14 0
2
43 124 
2
4162 18 14 0
4162 20 26 0
2
42 223 
2
3945 16 16 0
3945 14 12 0
2
43 125 
2
4163 18 14 0
4163 12 16 0
2
42 224 
2
3946 16 16 0
3946 24 12 0
2
43 126 
2
4164 18 14 0
4164 16 10 0
2
42 225 
2
3947 16 16 0
3947 20 18 0
2
43 128 
2
4165 18 14 0
4165 16 14 0
2
42 226 
2
3948 16 16 0
3948 18 32 0
2
43 129 
2
4166 18 14 0
4166 28 12 0
2
42 227 
2
3949 16 16 0
3949 2 12 0
2
43 130 
2
4167 18 14 0
4167 22 6 0
2
42 228 
2
3950 16 16 0
3950 12 2 0
2
43 131 
2
4168 18 14 0
4168 28 14 0
2
42 229 
2
3951 16 16 0
3951 2 16 0
2
43 149 
2
4169 18 14 0
4169 20 6 0
2
42 230 
2
3952 16 16 0
3952 10 8 0
2
43 150 
2
4170 18 14 0
4170 24 8 0
2
42 231 
2
3953 16 16 0
3953 14 30 0
2
43 151 
2
4171 18 14 0
4171 22 2 0
2
42 232 
2
3954 16 16 0
3954 26 22 0
2
43 152 
2
4172 18 14 0
4172 22 30 0
2
40 42 
2
3955 10 16 0
3955 16 16 0
2
41 43 
2
4173 20 12 0
4173 18 14 0
2
42 212 
2
3956 16 16 0
3956 16 24 0
2
43 114 
2
4174 18 14 0
4174 30 10 0
2
42 213 
2
3957 16 16 0
3957 16 32 0
2
43 115 
2
4175 18 14 0
4175 2 10 0
2
42 214 
2
3958 16 16 0
3958 12 20 0
2
43 116 
2
4176 18 14 0
4176 8 8 0
2
42 215 
2
3959 16 16 0
3959 18 16 0
2
43 117 
2
4177 18 14 0
4177 12 8 0
2
42 216 
2
3960 16 16 0
3960 8 20 0
2
43 118 
2
4178 18 14 0
4178 12 12 0
2
42 217 
2
3961 16 16 0
3961 14 26 0
2
43 119 
2
4179 18 14 0
4179 22 18 0
2
42 218 
2
3962 16 16 0
3962 10 24 0
2
43 120 
2
4180 18 14 0
4180 28 20 0
2
42 219 
2
3963 16 16 0
3963 24 24 0
2
43 121 
2
4181 18 14 0
4181 8 14 0
2
42 220 
2
3964 16 16 0
3964 12 24 0
2
43 122 
2
4182 18 14 0
4182 12 6 0
2
42 221 
2
3965 16 16 0
3965 6 22 0
2
43 123 
2
4183 18 14 0
4183 22 20 0
2
42 222 
2
3966 16 16 0
3966 6 14 0
2
43 124 
2
4184 18 14 0
4184 20 26 0
2
42 223 
2
3967 16 16 0
3967 14 12 0
2
43 125 
2
4185 18 14 0
4185 12 16 0
2
42 224 
2
3968 16 16 0
3968 24 12 0
2
43 126 
2
4186 18 14 0
4186 16 10 0
2
42 225 
2
3969 16 16 0
3969 20 18 0
2
43 128 
2
4187 18 14 0
4187 16 14 0
2
42 226 
2
3970 16 16 0
3970 18 32 0
2
43 129 
2
4188 18 14 0
4188 28 12 0
2
42 227 
2
3971 16 16 0
3971 2 12 0
2
43 130 
2
4189 18 14 0
4189 22 6 0
2
42 228 
2
3972 16 16 0
3972 12 2 0
2
43 131 
2
4190 18 14 0
4190 28 14 0
2
42 229 
2
3973 16 16 0
3973 2 16 0
2
43 149 
2
4191 18 14 0
4191 20 6 0
2
42 230 
2
3974 16 16 0
3974 10 8 0
2
43 150 
2
4192 18 14 0
4192 24 8 0
2
42 231 
2
3975 16 16 0
3975 14 30 0
2
43 151 
2
4193 18 14 0
4193 22 2 0
2
42 232 
2
3976 16 16 0
3976 26 22 0
2
43 152 
2
4194 18 14 0
4194 22 30 0
2
20 40 
2
3956 14 16 0
3956 10 16 0
2
21 41 
2
4174 20 14 0
4174 20 12 0
2
38 40 
2
3957 4 16 0
3957 10 16 0
2
39 41 
2
4175 22 8 0
4175 20 12 0
2
42 42 
1
3977 16 16 0
2
40 42 
2
3978 10 16 0
3978 16 16 0
2
42 42 
1
3979 16 16 0
2
20 42 
2
3980 14 16 0
3980 16 16 0
2
42 42 
1
3981 16 16 0
2
40 42 
2
3982 10 16 0
3982 16 16 0
2
42 42 
1
3983 16 16 0
2
43 43 
1
4195 18 14 0
2
41 43 
2
4196 20 12 0
4196 18 14 0
2
43 43 
1
4197 18 14 0
2
21 43 
2
4198 20 14 0
4198 18 14 0
2
43 43 
1
4199 18 14 0
2
41 43 
2
4200 20 12 0
4200 18 14 0
2
43 43 
1
4201 18 14 0
2
42 213 
2
3984 16 16 0
3984 16 32 0
2
43 151 
2
4202 18 14 0
4202 22 2 0
2
42 214 
2
3985 16 16 0
3985 12 20 0
2
43 152 
2
4203 18 14 0
4203 22 30 0
2
42 215 
2
3986 16 16 0
3986 18 16 0
2
43 153 
2
4204 18 14 0
4204 24 26 0
2
42 216 
2
3987 16 16 0
3987 8 20 0
2
43 154 
2
4205 18 14 0
4205 28 18 0
2
42 217 
2
3988 16 16 0
3988 14 26 0
2
43 155 
2
4206 18 14 0
4206 22 22 0
2
42 218 
2
3989 16 16 0
3989 10 24 0
2
43 156 
2
4207 18 14 0
4207 26 18 0
2
42 219 
2
3990 16 16 0
3990 24 24 0
2
43 157 
2
4208 18 14 0
4208 24 16 0
2
42 220 
2
3991 16 16 0
3991 12 24 0
2
43 158 
2
4209 18 14 0
4209 4 14 0
2
42 221 
2
3992 16 16 0
3992 6 22 0
2
43 159 
2
4210 18 14 0
4210 14 4 0
2
42 222 
2
3993 16 16 0
3993 6 14 0
2
43 160 
2
4211 18 14 0
4211 10 14 0
2
42 223 
2
3994 16 16 0
3994 14 12 0
2
43 161 
2
4212 18 14 0
4212 14 2 0
2
42 224 
2
3995 16 16 0
3995 24 12 0
2
43 162 
2
4213 18 14 0
4213 30 18 0
2
42 225 
2
3996 16 16 0
3996 20 18 0
2
43 163 
2
4214 18 14 0
4214 24 22 0
2
42 226 
2
3997 16 16 0
3997 18 32 0
2
43 164 
2
4215 18 14 0
4215 26 20 0
2
42 227 
2
3998 16 16 0
3998 2 12 0
2
43 166 
2
4216 18 14 0
4216 20 22 0
2
42 228 
2
3999 16 16 0
3999 12 2 0
2
43 167 
2
4217 18 14 0
4217 22 12 0
2
42 229 
2
4000 16 16 0
4000 2 16 0
2
43 168 
2
4218 18 14 0
4218 24 10 0
2
42 230 
2
4001 16 16 0
4001 10 8 0
2
43 169 
2
4219 18 14 0
4219 18 2 0
2
42 231 
2
4002 16 16 0
4002 14 30 0
2
43 170 
2
4220 18 14 0
4220 26 14 0
2
42 232 
2
4003 16 16 0
4003 26 22 0
2
43 171 
2
4221 18 14 0
4221 20 4 0
2
42 233 
2
4004 16 16 0
4004 8 22 0
2
43 172 
2
4222 18 14 0
4222 26 8 0
2
40 42 
2
4005 10 16 0
4005 16 16 0
2
41 43 
2
4223 20 12 0
4223 18 14 0
2
42 213 
2
4006 16 16 0
4006 16 32 0
2
43 151 
2
4224 18 14 0
4224 22 2 0
2
42 214 
2
4007 16 16 0
4007 12 20 0
2
43 152 
2
4225 18 14 0
4225 22 30 0
2
42 215 
2
4008 16 16 0
4008 18 16 0
2
43 153 
2
4226 18 14 0
4226 24 26 0
2
42 216 
2
4009 16 16 0
4009 8 20 0
2
43 154 
2
4227 18 14 0
4227 28 18 0
2
42 217 
2
4010 16 16 0
4010 14 26 0
2
43 155 
2
4228 18 14 0
4228 22 22 0
2
42 218 
2
4011 16 16 0
4011 10 24 0
2
43 156 
2
4229 18 14 0
4229 26 18 0
2
42 219 
2
4012 16 16 0
4012 24 24 0
2
43 157 
2
4230 18 14 0
4230 24 16 0
2
42 220 
2
4013 16 16 0
4013 12 24 0
2
43 158 
2
4231 18 14 0
4231 4 14 0
2
42 221 
2
4014 16 16 0
4014 6 22 0
2
43 159 
2
4232 18 14 0
4232 14 4 0
2
42 222 
2
4015 16 16 0
4015 6 14 0
2
43 160 
2
4233 18 14 0
4233 10 14 0
2
42 223 
2
4016 16 16 0
4016 14 12 0
2
43 161 
2
4234 18 14 0
4234 14 2 0
2
42 224 
2
4017 16 16 0
4017 24 12 0
2
43 162 
2
4235 18 14 0
4235 30 18 0
2
42 225 
2
4018 16 16 0
4018 20 18 0
2
43 163 
2
4236 18 14 0
4236 24 22 0
2
42 226 
2
4019 16 16 0
4019 18 32 0
2
43 164 
2
4237 18 14 0
4237 26 20 0
2
42 227 
2
4020 16 16 0
4020 2 12 0
2
43 166 
2
4238 18 14 0
4238 20 22 0
2
42 228 
2
4021 16 16 0
4021 12 2 0
2
43 167 
2
4239 18 14 0
4239 22 12 0
2
42 229 
2
4022 16 16 0
4022 2 16 0
2
43 168 
2
4240 18 14 0
4240 24 10 0
2
42 230 
2
4023 16 16 0
4023 10 8 0
2
43 169 
2
4241 18 14 0
4241 18 2 0
2
42 231 
2
4024 16 16 0
4024 14 30 0
2
43 170 
2
4242 18 14 0
4242 26 14 0
2
42 232 
2
4025 16 16 0
4025 26 22 0
2
43 171 
2
4243 18 14 0
4243 20 4 0
2
42 233 
2
4026 16 16 0
4026 8 22 0
2
43 172 
2
4244 18 14 0
4244 26 8 0
2
20 40 
2
4006 14 16 0
4006 10 16 0
2
21 41 
2
4224 20 14 0
4224 20 12 0
2
18 38 
2
3958 4 18 0
3958 4 16 0
2
19 39 
2
4176 20 8 0
4176 22 8 0
2
16 36 
2
3910 4 24 0
3910 4 22 0
2
17 37 
2
4078 26 4 0
4078 24 4 0
2
14 34 
2
3780 4 26 0
3780 2 24 0
2
15 35 
2
3880 26 2 0
3880 28 2 0
2
12 32 
2
3479 2 26 0
3479 2 28 0
2
13 33 
2
3500 30 2 0
3500 32 2 0
2
30 32 
2
3480 4 28 0
3480 2 28 0
2
31 33 
2
3501 32 6 0
3501 32 2 0
2
34 34 
1
3781 2 24 0
2
32 34 
2
3782 2 28 0
3782 2 24 0
2
34 34 
1
3783 2 24 0
2
12 34 
2
3784 2 26 0
3784 2 24 0
2
34 34 
1
3785 2 24 0
2
32 34 
2
3786 2 28 0
3786 2 24 0
2
34 34 
1
3787 2 24 0
2
35 35 
1
3881 28 2 0
2
33 35 
2
3882 32 2 0
3882 28 2 0
2
35 35 
1
3883 28 2 0
2
13 35 
2
3884 30 2 0
3884 28 2 0
2
35 35 
1
3885 28 2 0
2
33 35 
2
3886 32 2 0
3886 28 2 0
2
35 35 
1
3887 28 2 0
2
36 36 
1
3911 4 22 0
2
34 36 
2
3912 2 24 0
3912 4 22 0
2
36 36 
1
3913 4 22 0
2
14 36 
2
3914 4 26 0
3914 4 22 0
2
36 36 
1
3915 4 22 0
2
34 36 
2
3916 2 24 0
3916 4 22 0
2
36 36 
1
3917 4 22 0
2
37 37 
1
4079 24 4 0
2
35 37 
2
4080 28 2 0
4080 24 4 0
2
37 37 
1
4081 24 4 0
2
15 37 
2
4082 26 2 0
4082 24 4 0
2
37 37 
1
4083 24 4 0
2
35 37 
2
4084 28 2 0
4084 24 4 0
2
37 37 
1
4085 24 4 0
2
38 38 
1
3959 4 16 0
2
36 38 
2
3960 4 22 0
3960 4 16 0
2
38 38 
1
3961 4 16 0
2
16 38 
2
3962 4 24 0
3962 4 16 0
2
38 38 
1
3963 4 16 0
2
36 38 
2
3964 4 22 0
3964 4 16 0
2
38 38 
1
3965 4 16 0
2
39 39 
1
4177 22 8 0
2
37 39 
2
4178 24 4 0
4178 22 8 0
2
39 39 
1
4179 22 8 0
2
17 39 
2
4180 26 4 0
4180 22 8 0
2
39 39 
1
4181 22 8 0
2
37 39 
2
4182 24 4 0
4182 22 8 0
2
39 39 
1
4183 22 8 0
2
40 40 
1
4007 10 16 0
2
38 40 
2
4008 4 16 0
4008 10 16 0
2
40 40 
1
4009 10 16 0
2
18 40 
2
4010 4 18 0
4010 10 16 0
2
40 40 
1
4011 10 16 0
2
38 40 
2
4012 4 16 0
4012 10 16 0
2
40 40 
1
4013 10 16 0
2
41 41 
1
4225 20 12 0
2
39 41 
2
4226 22 8 0
4226 20 12 0
2
41 41 
1
4227 20 12 0
2
19 41 
2
4228 20 8 0
4228 20 12 0
2
41 41 
1
4229 20 12 0
2
39 41 
2
4230 22 8 0
4230 20 12 0
2
41 41 
1
4231 20 12 0
2
42 42 
1
4027 16 16 0
2
40 42 
2
4028 10 16 0
4028 16 16 0
2
42 42 
1
4029 16 16 0
2
20 42 
2
4030 14 16 0
4030 16 16 0
2
42 42 
1
4031 16 16 0
2
40 42 
2
4032 10 16 0
4032 16 16 0
2
42 42 
1
4033 16 16 0
2
43 43 
1
4245 18 14 0
2
41 43 
2
4246 20 12 0
4246 18 14 0
2
43 43 
1
4247 18 14 0
2
21 43 
2
4248 20 14 0
4248 18 14 0
2
43 43 
1
4249 18 14 0
2
41 43 
2
4250 20 12 0
4250 18 14 0
2
43 43 
1
4251 18 14 0
2
42 232 
2
4034 16 16 0
4034 26 22 0
2
43 152 
2
4252 18 14 0
4252 22 30 0
2
42 233 
2
4035 16 16 0
4035 8 22 0
2
43 153 
2
4253 18 14 0
4253 24 26 0
2
42 234 
2
4036 16 16 0
4036 12 22 0
2
43 154 
2
4254 18 14 0
4254 28 18 0
2
43 155 
2
4255 18 14 0
4255 22 22 0
2
43 156 
2
4256 18 14 0
4256 26 18 0
2
43 157 
2
4257 18 14 0
4257 24 16 0
2
43 158 
2
4258 18 14 0
4258 4 14 0
2
43 159 
2
4259 18 14 0
4259 14 4 0
2
43 160 
2
4260 18 14 0
4260 10 14 0
2
43 161 
2
4261 18 14 0
4261 14 2 0
2
43 162 
2
4262 18 14 0
4262 30 18 0
2
43 163 
2
4263 18 14 0
4263 24 22 0
2
43 164 
2
4264 18 14 0
4264 26 20 0
2
43 166 
2
4265 18 14 0
4265 20 22 0
2
43 167 
2
4266 18 14 0
4266 22 12 0
2
43 168 
2
4267 18 14 0
4267 24 10 0
2
43 169 
2
4268 18 14 0
4268 18 2 0
2
43 170 
2
4269 18 14 0
4269 26 14 0
2
43 171 
2
4270 18 14 0
4270 20 4 0
2
43 172 
2
4271 18 14 0
4271 26 8 0
2
43 173 
2
4272 18 14 0
4272 26 6 0
2
40 42 
2
4037 10 16 0
4037 16 16 0
2
41 43 
2
4273 20 12 0
4273 18 14 0
2
42 232 
2
4038 16 16 0
4038 26 22 0
2
43 152 
2
4274 18 14 0
4274 22 30 0
2
42 233 
2
4039 16 16 0
4039 8 22 0
2
43 153 
2
4275 18 14 0
4275 24 26 0
2
42 234 
2
4040 16 16 0
4040 12 22 0
2
43 154 
2
4276 18 14 0
4276 28 18 0
2
43 155 
2
4277 18 14 0
4277 22 22 0
2
43 156 
2
4278 18 14 0
4278 26 18 0
2
43 157 
2
4279 18 14 0
4279 24 16 0
2
43 158 
2
4280 18 14 0
4280 4 14 0
2
43 159 
2
4281 18 14 0
4281 14 4 0
2
43 160 
2
4282 18 14 0
4282 10 14 0
2
43 161 
2
4283 18 14 0
4283 14 2 0
2
43 162 
2
4284 18 14 0
4284 30 18 0
2
43 163 
2
4285 18 14 0
4285 24 22 0
2
43 164 
2
4286 18 14 0
4286 26 20 0
2
43 166 
2
4287 18 14 0
4287 20 22 0
2
43 167 
2
4288 18 14 0
4288 22 12 0
2
43 168 
2
4289 18 14 0
4289 24 10 0
2
43 169 
2
4290 18 14 0
4290 18 2 0
2
43 170 
2
4291 18 14 0
4291 26 14 0
2
43 171 
2
4292 18 14 0
4292 20 4 0
2
43 172 
2
4293 18 14 0
4293 26 8 0
2
43 173 
2
4294 18 14 0
4294 26 6 0
2
20 40 
2
4038 14 16 0
4038 10 16 0
2
21 41 
2
4274 20 14 0
4274 20 12 0
2
38 40 
2
4039 4 16 0
4039 10 16 0
2
39 41 
2
4275 22 8 0
4275 20 12 0
2
42 42 
1
4041 16 16 0
2
40 42 
2
4042 10 16 0
4042 16 16 0
2
42 42 
1
4043 16 16 0
2
20 42 
2
4044 14 16 0
4044 16 16 0
2
42 42 
1
4045 16 16 0
2
40 42 
2
4046 10 16 0
4046 16 16 0
2
42 42 
1
4047 16 16 0
2
43 43 
1
4295 18 14 0
2
41 43 
2
4296 20 12 0
4296 18 14 0
2
43 43 
1
4297 18 14 0
2
21 43 
2
4298 20 14 0
4298 18 14 0
2
43 43 
1
4299 18 14 0
2
41 43 
2
4300 20 12 0
4300 18 14 0
2
43 43 
1
4301 18 14 0
2
42 233 
2
4048 16 16 0
4048 8 22 0
2
43 172 
2
4302 18 14 0
4302 26 8 0
2
42 234 
2
4049 16 16 0
4049 12 22 0
2
43 173 
2
4303 18 14 0
4303 26 6 0
2
42 235 
2
4050 16 16 0
4050 14 24 0
2
43 174 
2
4304 18 14 0
4304 20 32 0
2
43 175 
2
4305 18 14 0
4305 6 8 0
2
43 176 
2
4306 18 14 0
4306 20 30 0
2
43 177 
2
4307 18 14 0
4307 8 4 0
2
43 178 
2
4308 18 14 0
4308 10 2 0
2
43 179 
2
4309 18 14 0
4309 30 22 0
2
43 180 
2
4310 18 14 0
4310 26 26 0
2
43 181 
2
4311 18 14 0
4311 32 20 0
2
43 182 
2
4312 18 14 0
4312 32 10 0
2
43 183 
2
4313 18 14 0
4313 2 8 0
2
43 184 
2
4314 18 14 0
4314 30 8 0
2
43 185 
2
4315 18 14 0
4315 24 30 0
2
43 186 
2
4316 18 14 0
4316 28 6 0
2
43 188 
2
4317 18 14 0
4317 30 6 0
2
43 189 
2
4318 18 14 0
4318 32 8 0
2
43 191 
2
4319 18 14 0
4319 28 4 0
2
43 240 
2
4320 18 14 0
4320 6 4 0
2
43 241 
2
4321 18 14 0
4321 32 22 0
2
43 242 
2
4322 18 14 0
4322 4 6 0
2
40 42 
2
4051 10 16 0
4051 16 16 0
2
41 43 
2
4323 20 12 0
4323 18 14 0
2
42 233 
2
4052 16 16 0
4052 8 22 0
2
43 172 
2
4324 18 14 0
4324 26 8 0
2
42 234 
2
4053 16 16 0
4053 12 22 0
2
43 173 
2
4325 18 14 0
4325 26 6 0
2
42 235 
2
4054 16 16 0
4054 14 24 0
2
43 174 
2
4326 18 14 0
4326 20 32 0
2
43 175 
2
4327 18 14 0
4327 6 8 0
2
43 176 
2
4328 18 14 0
4328 20 30 0
2
43 177 
2
4329 18 14 0
4329 8 4 0
2
43 178 
2
4330 18 14 0
4330 10 2 0
2
43 179 
2
4331 18 14 0
4331 30 22 0
2
43 180 
2
4332 18 14 0
4332 26 26 0
2
43 181 
2
4333 18 14 0
4333 32 20 0
2
43 182 
2
4334 18 14 0
4334 32 10 0
2
43 183 
2
4335 18 14 0
4335 2 8 0
2
43 184 
2
4336 18 14 0
4336 30 8 0
2
43 185 
2
4337 18 14 0
4337 24 30 0
2
43 186 
2
4338 18 14 0
4338 28 6 0
2
43 188 
2
4339 18 14 0
4339 30 6 0
2
43 189 
2
4340 18 14 0
4340 32 8 0
2
43 191 
2
4341 18 14 0
4341 28 4 0
2
43 240 
2
4342 18 14 0
4342 6 4 0
2
43 241 
2
4343 18 14 0
4343 32 22 0
2
43 242 
2
4344 18 14 0
4344 4 6 0
2
20 40 
2
4052 14 16 0
4052 10 16 0
2
21 41 
2
4324 20 14 0
4324 20 12 0
2
18 38 
2
4040 4 18 0
4040 4 16 0
2
19 39 
2
4276 20 8 0
4276 22 8 0
2
36 38 
2
4041 4 22 0
4041 4 16 0
2
37 39 
2
4277 24 4 0
4277 22 8 0
2
40 40 
1
4053 10 16 0
2
38 40 
2
4054 4 16 0
4054 10 16 0
2
40 40 
1
4055 10 16 0
2
18 40 
2
4056 4 18 0
4056 10 16 0
2
40 40 
1
4057 10 16 0
2
38 40 
2
4058 4 16 0
4058 10 16 0
2
40 40 
1
4059 10 16 0
2
41 41 
1
4325 20 12 0
2
39 41 
2
4326 22 8 0
4326 20 12 0
2
41 41 
1
4327 20 12 0
2
19 41 
2
4328 20 8 0
4328 20 12 0
2
41 41 
1
4329 20 12 0
2
39 41 
2
4330 22 8 0
4330 20 12 0
2
41 41 
1
4331 20 12 0
2
42 42 
1
4055 16 16 0
2
40 42 
2
4060 10 16 0
4060 16 16 0
2
42 42 
1
4061 16 16 0
2
20 42 
2
4062 14 16 0
4062 16 16 0
2
42 42 
1
4063 16 16 0
2
40 42 
2
4064 10 16 0
4064 16 16 0
2
42 42 
1
4065 16 16 0
2
43 43 
1
4345 18 14 0
2
41 43 
2
4346 20 12 0
4346 18 14 0
2
43 43 
1
4347 18 14 0
2
21 43 
2
4348 20 14 0
4348 18 14 0
2
43 43 
1
4349 18 14 0
2
41 43 
2
4350 20 12 0
4350 18 14 0
2
43 43 
1
4351 18 14 0
2
42 232 
2
4066 16 16 0
4066 26 22 0
2
43 173 
2
4352 18 14 0
4352 26 6 0
2
42 233 
2
4067 16 16 0
4067 8 22 0
2
43 174 
2
4353 18 14 0
4353 20 32 0
2
42 234 
2
4068 16 16 0
4068 12 22 0
2
43 175 
2
4354 18 14 0
4354 6 8 0
2
42 235 
2
4069 16 16 0
4069 14 24 0
2
43 176 
2
4355 18 14 0
4355 20 30 0
2
42 236 
2
4070 16 16 0
4070 8 10 0
2
43 177 
2
4356 18 14 0
4356 8 4 0
2
42 237 
2
4071 16 16 0
4071 20 28 0
2
43 178 
2
4357 18 14 0
4357 10 2 0
2
42 238 
2
4072 16 16 0
4072 14 10 0
2
43 179 
2
4358 18 14 0
4358 30 22 0
2
42 239 
2
4073 16 16 0
4073 16 20 0
2
43 180 
2
4359 18 14 0
4359 26 26 0
2
42 50 
2
4074 16 16 0
4074 4 12 0
2
43 181 
2
4360 18 14 0
4360 32 20 0
2
42 45 
2
4075 16 16 0
4075 16 2 0
2
43 182 
2
4361 18 14 0
4361 32 10 0
2
42 47 
2
4076 16 16 0
4076 26 12 0
2
43 183 
2
4362 18 14 0
4362 2 8 0
2
42 49 
2
4077 16 16 0
4077 32 14 0
2
43 184 
2
4363 18 14 0
4363 30 8 0
2
42 52 
2
4078 16 16 0
4078 18 4 0
2
43 185 
2
4364 18 14 0
4364 24 30 0
2
42 53 
2
4079 16 16 0
4079 18 8 0
2
43 186 
2
4365 18 14 0
4365 28 6 0
2
42 54 
2
4080 16 16 0
4080 24 6 0
2
43 188 
2
4366 18 14 0
4366 30 6 0
2
42 55 
2
4081 16 16 0
4081 24 2 0
2
43 189 
2
4367 18 14 0
4367 32 8 0
2
42 56 
2
4082 16 16 0
4082 32 18 0
2
43 191 
2
4368 18 14 0
4368 28 4 0
2
42 57 
2
4083 16 16 0
4083 22 28 0
2
43 240 
2
4369 18 14 0
4369 6 4 0
2
42 58 
2
4084 16 16 0
4084 10 10 0
2
43 241 
2
4370 18 14 0
4370 32 22 0
2
42 59 
2
4085 16 16 0
4085 28 16 0
2
43 242 
2
4371 18 14 0
4371 4 6 0
2
42 60 
2
4086 16 16 0
4086 16 8 0
2
43 243 
2
4372 18 14 0
4372 26 28 0
2
40 42 
2
4087 10 16 0
4087 16 16 0
2
41 43 
2
4373 20 12 0
4373 18 14 0
2
42 232 
2
4088 16 16 0
4088 26 22 0
2
43 173 
2
4374 18 14 0
4374 26 6 0
2
42 233 
2
4089 16 16 0
4089 8 22 0
2
43 174 
2
4375 18 14 0
4375 20 32 0
2
42 234 
2
4090 16 16 0
4090 12 22 0
2
43 175 
2
4376 18 14 0
4376 6 8 0
2
42 235 
2
4091 16 16 0
4091 14 24 0
2
43 176 
2
4377 18 14 0
4377 20 30 0
2
42 236 
2
4092 16 16 0
4092 8 10 0
2
43 177 
2
4378 18 14 0
4378 8 4 0
2
42 237 
2
4093 16 16 0
4093 20 28 0
2
43 178 
2
4379 18 14 0
4379 10 2 0
2
42 238 
2
4094 16 16 0
4094 14 10 0
2
43 179 
2
4380 18 14 0
4380 30 22 0
2
42 239 
2
4095 16 16 0
4095 16 20 0
2
43 180 
2
4381 18 14 0
4381 26 26 0
2
42 50 
2
4096 16 16 0
4096 4 12 0
2
43 181 
2
4382 18 14 0
4382 32 20 0
2
42 45 
2
4097 16 16 0
4097 16 2 0
2
43 182 
2
4383 18 14 0
4383 32 10 0
2
42 47 
2
4098 16 16 0
4098 26 12 0
2
43 183 
2
4384 18 14 0
4384 2 8 0
2
42 49 
2
4099 16 16 0
4099 32 14 0
2
43 184 
2
4385 18 14 0
4385 30 8 0
2
42 52 
2
4100 16 16 0
4100 18 4 0
2
43 185 
2
4386 18 14 0
4386 24 30 0
2
42 53 
2
4101 16 16 0
4101 18 8 0
2
43 186 
2
4387 18 14 0
4387 28 6 0
2
42 54 
2
4102 16 16 0
4102 24 6 0
2
43 188 
2
4388 18 14 0
4388 30 6 0
2
42 55 
2
4103 16 16 0
4103 24 2 0
2
43 189 
2
4389 18 14 0
4389 32 8 0
2
42 56 
2
4104 16 16 0
4104 32 18 0
2
43 191 
2
4390 18 14 0
4390 28 4 0
2
42 57 
2
4105 16 16 0
4105 22 28 0
2
43 240 
2
4391 18 14 0
4391 6 4 0
2
42 58 
2
4106 16 16 0
4106 10 10 0
2
43 241 
2
4392 18 14 0
4392 32 22 0
2
42 59 
2
4107 16 16 0
4107 28 16 0
2
43 242 
2
4393 18 14 0
4393 4 6 0
2
42 60 
2
4108 16 16 0
4108 16 8 0
2
43 243 
2
4394 18 14 0
4394 26 28 0
2
20 40 
2
4088 14 16 0
4088 10 16 0
2
21 41 
2
4374 20 14 0
4374 20 12 0
2
38 40 
2
4089 4 16 0
4089 10 16 0
2
39 41 
2
4375 22 8 0
4375 20 12 0
2
42 42 
1
4109 16 16 0
2
40 42 
2
4110 10 16 0
4110 16 16 0
2
42 42 
1
4111 16 16 0
2
20 42 
2
4112 14 16 0
4112 16 16 0
2
42 42 
1
4113 16 16 0
2
40 42 
2
4114 10 16 0
4114 16 16 0
2
42 42 
1
4115 16 16 0
2
43 43 
1
4395 18 14 0
2
41 43 
2
4396 20 12 0
4396 18 14 0
2
43 43 
1
4397 18 14 0
2
21 43 
2
4398 20 14 0
4398 18 14 0
2
43 43 
1
4399 18 14 0
2
41 43 
2
4400 20 12 0
4400 18 14 0
2
43 43 
1
4401 18 14 0
2
42 233 
2
4116 16 16 0
4116 8 22 0
2
43 46 
2
4402 18 14 0
4402 28 26 0
2
42 234 
2
4117 16 16 0
4117 12 22 0
2
42 235 
2
4118 16 16 0
4118 14 24 0
2
42 236 
2
4119 16 16 0
4119 8 10 0
2
42 237 
2
4120 16 16 0
4120 20 28 0
2
42 238 
2
4121 16 16 0
4121 14 10 0
2
42 239 
2
4122 16 16 0
4122 16 20 0
2
42 50 
2
4123 16 16 0
4123 4 12 0
2
42 45 
2
4124 16 16 0
4124 16 2 0
2
42 47 
2
4125 16 16 0
4125 26 12 0
2
42 49 
2
4126 16 16 0
4126 32 14 0
2
42 52 
2
4127 16 16 0
4127 18 4 0
2
42 53 
2
4128 16 16 0
4128 18 8 0
2
42 54 
2
4129 16 16 0
4129 24 6 0
2
42 55 
2
4130 16 16 0
4130 24 2 0
2
42 56 
2
4131 16 16 0
4131 32 18 0
2
42 57 
2
4132 16 16 0
4132 22 28 0
2
42 58 
2
4133 16 16 0
4133 10 10 0
2
42 59 
2
4134 16 16 0
4134 28 16 0
2
42 60 
2
4135 16 16 0
4135 16 8 0
2
42 61 
2
4136 16 16 0
4136 18 30 0
2
40 42 
2
4137 10 16 0
4137 16 16 0
2
41 43 
2
4403 20 12 0
4403 18 14 0
2
42 233 
2
4138 16 16 0
4138 8 22 0
2
43 44 
2
4404 18 14 0
4404 30 26 0
2
42 234 
2
4139 16 16 0
4139 12 22 0
2
42 235 
2
4140 16 16 0
4140 14 24 0
2
42 236 
2
4141 16 16 0
4141 8 10 0
2
42 237 
2
4142 16 16 0
4142 20 28 0
2
42 238 
2
4143 16 16 0
4143 14 10 0
2
42 239 
2
4144 16 16 0
4144 16 20 0
2
42 50 
2
4145 16 16 0
4145 4 12 0
2
42 45 
2
4146 16 16 0
4146 16 2 0
2
42 47 
2
4147 16 16 0
4147 26 12 0
2
42 49 
2
4148 16 16 0
4148 32 14 0
2
42 52 
2
4149 16 16 0
4149 18 4 0
2
42 53 
2
4150 16 16 0
4150 18 8 0
2
42 54 
2
4151 16 16 0
4151 24 6 0
2
42 55 
2
4152 16 16 0
4152 24 2 0
2
42 56 
2
4153 16 16 0
4153 32 18 0
2
42 57 
2
4154 16 16 0
4154 22 28 0
2
42 58 
2
4155 16 16 0
4155 10 10 0
2
42 59 
2
4156 16 16 0
4156 28 16 0
2
42 60 
2
4157 16 16 0
4157 16 8 0
2
42 61 
2
4158 16 16 0
4158 18 30 0
2
20 40 
2
4138 14 16 0
4138 10 16 0
2
21 41 
2
4404 20 14 0
4404 20 12 0
2
18 38 
2
4090 4 18 0
4090 4 16 0
2
19 39 
2
4376 20 8 0
4376 22 8 0
2
16 36 
2
4042 4 24 0
4042 4 22 0
2
17 37 
2
4278 26 4 0
4278 24 4 0
2
34 36 
2
4043 2 24 0
4043 4 22 0
2
35 37 
2
4279 28 2 0
4279 24 4 0
2
38 38 
1
4091 4 16 0
2
36 38 
2
4092 4 22 0
4092 4 16 0
2
38 38 
1
4093 4 16 0
2
16 38 
2
4094 4 24 0
4094 4 16 0
2
38 38 
1
4095 4 16 0
2
36 38 
2
4096 4 22 0
4096 4 16 0
2
38 38 
1
4097 4 16 0
2
39 39 
1
4377 22 8 0
2
37 39 
2
4378 24 4 0
4378 22 8 0
2
39 39 
1
4379 22 8 0
2
17 39 
2
4380 26 4 0
4380 22 8 0
2
39 39 
1
4381 22 8 0
2
37 39 
2
4382 24 4 0
4382 22 8 0
2
39 39 
1
4383 22 8 0
2
40 40 
1
4139 10 16 0
2
38 40 
2
4140 4 16 0
4140 10 16 0
2
40 40 
1
4141 10 16 0
2
18 40 
2
4142 4 18 0
4142 10 16 0
2
40 40 
1
4143 10 16 0
2
38 40 
2
4144 4 16 0
4144 10 16 0
2
40 40 
1
4145 10 16 0
2
41 41 
1
4405 20 12 0
2
39 41 
2
4406 22 8 0
4406 20 12 0
2
41 41 
1
4407 20 12 0
2
19 41 
2
4408 20 8 0
4408 20 12 0
2
41 41 
1
4409 20 12 0
2
39 41 
2
4410 22 8 0
4410 20 12 0
2
41 41 
1
4411 20 12 0
2
42 42 
1
4159 16 16 0
2
40 42 
2
4160 10 16 0
4160 16 16 0
2
42 42 
1
4161 16 16 0
2
20 42 
2
4162 14 16 0
4162 16 16 0
2
42 42 
1
4163 16 16 0
2
40 42 
2
4164 10 16 0
4164 16 16 0
2
42 42 
1
4165 16 16 0
2
43 43 
1
4405 18 14 0
2
41 43 
2
4412 20 12 0
4412 18 14 0
2
43 43 
1
4413 18 14 0
2
21 43 
2
4414 20 14 0
4414 18 14 0
2
43 43 
1
4415 18 14 0
2
41 43 
2
4416 20 12 0
4416 18 14 0
2
43 43 
1
4417 18 14 0
2
42 60 
2
4166 16 16 0
4166 16 8 0
2
43 44 
2
4418 18 14 0
4418 30 26 0
2
42 61 
2
4167 16 16 0
4167 18 30 0
2
43 46 
2
4419 18 14 0
4419 28 26 0
2
42 62 
2
4168 16 16 0
4168 20 24 0
2
40 42 
2
4169 10 16 0
4169 16 16 0
2
41 43 
2
4420 20 12 0
4420 18 14 0
2
42 60 
2
4170 16 16 0
4170 16 8 0
2
43 51 
2
4421 18 14 0
4421 12 32 0
2
42 61 
2
4171 16 16 0
4171 18 30 0
2
42 62 
2
4172 16 16 0
4172 20 24 0
2
20 40 
2
4170 14 16 0
4170 10 16 0
2
21 41 
2
4421 20 14 0
4421 20 12 0
2
38 40 
2
4171 4 16 0
4171 10 16 0
2
39 41 
2
4422 22 8 0
4422 20 12 0
2
42 42 
1
4173 16 16 0
2
40 42 
2
4174 10 16 0
4174 16 16 0
2
42 42 
1
4175 16 16 0
2
20 42 
2
4176 14 16 0
4176 16 16 0
2
42 42 
1
4177 16 16 0
2
40 42 
2
4178 10 16 0
4178 16 16 0
2
42 42 
1
4179 16 16 0
2
43 43 
1
4422 18 14 0
2
41 43 
2
4423 20 12 0
4423 18 14 0
2
43 43 
1
4424 18 14 0
2
21 43 
2
4425 20 14 0
4425 18 14 0
2
43 43 
1
4426 18 14 0
2
41 43 
2
4427 20 12 0
4427 18 14 0
2
43 43 
1
4428 18 14 0
2
42 61 
2
4180 16 16 0
4180 18 30 0
2
43 48 
2
4429 18 14 0
4429 22 32 0
2
42 62 
2
4181 16 16 0
4181 20 24 0
2
42 63 
2
4182 16 16 0
4182 16 12 0
2
40 42 
2
4183 10 16 0
4183 16 16 0
2
41 43 
2
4430 20 12 0
4430 18 14 0
2
42 61 
2
4184 16 16 0
4184 18 30 0
2
43 48 
2
4431 18 14 0
4431 22 32 0
2
42 62 
2
4185 16 16 0
4185 20 24 0
2
43 51 
2
4432 18 14 0
4432 12 32 0
2
42 63 
2
4186 16 16 0
4186 16 12 0
2
20 40 
2
4184 14 16 0
4184 10 16 0
2
21 41 
2
4431 20 14 0
4431 20 12 0
2
18 38 
2
4172 4 18 0
4172 4 16 0
2
19 39 
2
4423 20 8 0
4423 22 8 0
2
36 38 
2
4173 4 22 0
4173 4 16 0
2
37 39 
2
4424 24 4 0
4424 22 8 0
2
40 40 
1
4185 10 16 0
2
38 40 
2
4186 4 16 0
4186 10 16 0
2
40 40 
1
4187 10 16 0
2
18 40 
2
4188 4 18 0
4188 10 16 0
2
40 40 
1
4189 10 16 0
2
38 40 
2
4190 4 16 0
4190 10 16 0
2
40 40 
1
4191 10 16 0
2
41 41 
1
4432 20 12 0
2
39 41 
2
4433 22 8 0
4433 20 12 0
2
41 41 
1
4434 20 12 0
2
19 41 
2
4435 20 8 0
4435 20 12 0
2
41 41 
1
4436 20 12 0
2
39 41 
2
4437 22 8 0
4437 20 12 0
2
41 41 
1
4438 20 12 0
2
42 42 
1
4187 16 16 0
2
40 42 
2
4192 10 16 0
4192 16 16 0
2
42 42 
1
4193 16 16 0
2
20 42 
2
4194 14 16 0
4194 16 16 0
2
42 42 
1
4195 16 16 0
2
40 42 
2
4196 10 16 0
4196 16 16 0
2
42 42 
1
4197 16 16 0
2
43 43 
1
4433 18 14 0
2
41 43 
2
4439 20 12 0
4439 18 14 0
2
43 43 
1
4440 18 14 0
2
21 43 
2
4441 20 14 0
4441 18 14 0
2
43 43 
1
4442 18 14 0
2
41 43 
2
4443 20 12 0
4443 18 14 0
2
43 43 
1
4444 18 14 0
2
42 60 
2
4198 16 16 0
4198 16 8 0
2
43 70 
2
4445 18 14 0
4445 8 2 0
2
42 61 
2
4199 16 16 0
4199 18 30 0
2
42 62 
2
4200 16 16 0
4200 20 24 0
2
42 63 
2
4201 16 16 0
4201 16 12 0
2
42 64 
2
4202 16 16 0
4202 16 6 0
2
42 65 
2
4203 16 16 0
4203 10 6 0
2
42 66 
2
4204 16 16 0
4204 18 22 0
2
42 67 
2
4205 16 16 0
4205 18 28 0
2
42 68 
2
4206 16 16 0
4206 18 12 0
2
42 86 
2
4207 16 16 0
4207 6 10 0
2
42 87 
2
4208 16 16 0
4208 22 14 0
2
42 89 
2
4209 16 16 0
4209 24 14 0
2
42 90 
2
4210 16 16 0
4210 20 10 0
2
42 91 
2
4211 16 16 0
4211 28 8 0
2
42 92 
2
4212 16 16 0
4212 32 12 0
2
42 93 
2
4213 16 16 0
4213 20 2 0
2
42 94 
2
4214 16 16 0
4214 8 6 0
2
42 95 
2
4215 16 16 0
4215 6 12 0
2
42 96 
2
4216 16 16 0
4216 16 4 0
2
42 97 
2
4217 16 16 0
4217 12 14 0
2
42 98 
2
4218 16 16 0
4218 22 16 0
2
40 42 
2
4219 10 16 0
4219 16 16 0
2
41 43 
2
4446 20 12 0
4446 18 14 0
2
42 60 
2
4220 16 16 0
4220 16 8 0
2
43 69 
2
4447 18 14 0
4447 6 26 0
2
42 61 
2
4221 16 16 0
4221 18 30 0
2
42 62 
2
4222 16 16 0
4222 20 24 0
2
42 63 
2
4223 16 16 0
4223 16 12 0
2
42 64 
2
4224 16 16 0
4224 16 6 0
2
42 65 
2
4225 16 16 0
4225 10 6 0
2
42 66 
2
4226 16 16 0
4226 18 22 0
2
42 67 
2
4227 16 16 0
4227 18 28 0
2
42 68 
2
4228 16 16 0
4228 18 12 0
2
42 86 
2
4229 16 16 0
4229 6 10 0
2
42 87 
2
4230 16 16 0
4230 22 14 0
2
42 89 
2
4231 16 16 0
4231 24 14 0
2
42 90 
2
4232 16 16 0
4232 20 10 0
2
42 91 
2
4233 16 16 0
4233 28 8 0
2
42 92 
2
4234 16 16 0
4234 32 12 0
2
42 93 
2
4235 16 16 0
4235 20 2 0
2
42 94 
2
4236 16 16 0
4236 8 6 0
2
42 95 
2
4237 16 16 0
4237 6 12 0
2
42 96 
2
4238 16 16 0
4238 16 4 0
2
42 97 
2
4239 16 16 0
4239 12 14 0
2
42 98 
2
4240 16 16 0
4240 22 16 0
2
20 40 
2
4220 14 16 0
4220 10 16 0
2
21 41 
2
4447 20 14 0
4447 20 12 0
2
38 40 
2
4221 4 16 0
4221 10 16 0
2
39 41 
2
4448 22 8 0
4448 20 12 0
2
42 42 
1
4241 16 16 0
2
40 42 
2
4242 10 16 0
4242 16 16 0
2
42 42 
1
4243 16 16 0
2
20 42 
2
4244 14 16 0
4244 16 16 0
2
42 42 
1
4245 16 16 0
2
40 42 
2
4246 10 16 0
4246 16 16 0
2
42 42 
1
4247 16 16 0
2
43 43 
1
4448 18 14 0
2
41 43 
2
4449 20 12 0
4449 18 14 0
2
43 43 
1
4450 18 14 0
2
21 43 
2
4451 20 14 0
4451 18 14 0
2
43 43 
1
4452 18 14 0
2
41 43 
2
4453 20 12 0
4453 18 14 0
2
43 43 
1
4454 18 14 0
2
42 61 
2
4248 16 16 0
4248 18 30 0
2
43 69 
2
4455 18 14 0
4455 6 26 0
2
42 62 
2
4249 16 16 0
4249 20 24 0
2
43 70 
2
4456 18 14 0
4456 8 2 0
2
42 63 
2
4250 16 16 0
4250 16 12 0
2
42 64 
2
4251 16 16 0
4251 16 6 0
2
42 65 
2
4252 16 16 0
4252 10 6 0
2
42 66 
2
4253 16 16 0
4253 18 22 0
2
42 67 
2
4254 16 16 0
4254 18 28 0
2
42 68 
2
4255 16 16 0
4255 18 12 0
2
42 86 
2
4256 16 16 0
4256 6 10 0
2
42 87 
2
4257 16 16 0
4257 22 14 0
2
42 89 
2
4258 16 16 0
4258 24 14 0
2
42 90 
2
4259 16 16 0
4259 20 10 0
2
42 91 
2
4260 16 16 0
4260 28 8 0
2
42 92 
2
4261 16 16 0
4261 32 12 0
2
42 93 
2
4262 16 16 0
4262 20 2 0
2
42 94 
2
4263 16 16 0
4263 8 6 0
2
42 95 
2
4264 16 16 0
4264 6 12 0
2
42 96 
2
4265 16 16 0
4265 16 4 0
2
42 97 
2
4266 16 16 0
4266 12 14 0
2
42 98 
2
4267 16 16 0
4267 22 16 0
2
42 99 
2
4268 16 16 0
4268 18 24 0
2
40 42 
2
4269 10 16 0
4269 16 16 0
2
41 43 
2
4457 20 12 0
4457 18 14 0
2
42 61 
2
4270 16 16 0
4270 18 30 0
2
43 72 
2
4458 18 14 0
4458 8 30 0
2
42 62 
2
4271 16 16 0
4271 20 24 0
2
42 63 
2
4272 16 16 0
4272 16 12 0
2
42 64 
2
4273 16 16 0
4273 16 6 0
2
42 65 
2
4274 16 16 0
4274 10 6 0
2
42 66 
2
4275 16 16 0
4275 18 22 0
2
42 67 
2
4276 16 16 0
4276 18 28 0
2
42 68 
2
4277 16 16 0
4277 18 12 0
2
42 86 
2
4278 16 16 0
4278 6 10 0
2
42 87 
2
4279 16 16 0
4279 22 14 0
2
42 89 
2
4280 16 16 0
4280 24 14 0
2
42 90 
2
4281 16 16 0
4281 20 10 0
2
42 91 
2
4282 16 16 0
4282 28 8 0
2
42 92 
2
4283 16 16 0
4283 32 12 0
2
42 93 
2
4284 16 16 0
4284 20 2 0
2
42 94 
2
4285 16 16 0
4285 8 6 0
2
42 95 
2
4286 16 16 0
4286 6 12 0
2
42 96 
2
4287 16 16 0
4287 16 4 0
2
42 97 
2
4288 16 16 0
4288 12 14 0
2
42 98 
2
4289 16 16 0
4289 22 16 0
2
42 99 
2
4290 16 16 0
4290 18 24 0
2
20 40 
2
4270 14 16 0
4270 10 16 0
2
21 41 
2
4458 20 14 0
4458 20 12 0
2
18 38 
2
4222 4 18 0
4222 4 16 0
2
19 39 
2
4449 20 8 0
4449 22 8 0
2
16 36 
2
4174 4 24 0
4174 4 22 0
2
17 37 
2
4425 26 4 0
4425 24 4 0
2
14 34 
2
4044 4 26 0
4044 2 24 0
2
15 35 
2
4280 26 2 0
4280 28 2 0
2
32 34 
2
4045 2 28 0
4045 2 24 0
2
33 35 
2
4281 32 2 0
4281 28 2 0
2
36 36 
1
4175 4 22 0
2
34 36 
2
4176 2 24 0
4176 4 22 0
2
36 36 
1
4177 4 22 0
2
14 36 
2
4178 4 26 0
4178 4 22 0
2
36 36 
1
4179 4 22 0
2
34 36 
2
4180 2 24 0
4180 4 22 0
2
36 36 
1
4181 4 22 0
2
37 37 
1
4426 24 4 0
2
35 37 
2
4427 28 2 0
4427 24 4 0
2
37 37 
1
4428 24 4 0
2
15 37 
2
4429 26 2 0
4429 24 4 0
2
37 37 
1
4430 24 4 0
2
35 37 
2
4431 28 2 0
4431 24 4 0
2
37 37 
1
4432 24 4 0
2
38 38 
1
4223 4 16 0
2
36 38 
2
4224 4 22 0
4224 4 16 0
2
38 38 
1
4225 4 16 0
2
16 38 
2
4226 4 24 0
4226 4 16 0
2
38 38 
1
4227 4 16 0
2
36 38 
2
4228 4 22 0
4228 4 16 0
2
38 38 
1
4229 4 16 0
2
39 39 
1
4450 22 8 0
2
37 39 
2
4451 24 4 0
4451 22 8 0
2
39 39 
1
4452 22 8 0
2
17 39 
2
4453 26 4 0
4453 22 8 0
2
39 39 
1
4454 22 8 0
2
37 39 
2
4455 24 4 0
4455 22 8 0
2
39 39 
1
4456 22 8 0
2
40 40 
1
4271 10 16 0
2
38 40 
2
4272 4 16 0
4272 10 16 0
2
40 40 
1
4273 10 16 0
2
18 40 
2
4274 4 18 0
4274 10 16 0
2
40 40 
1
4275 10 16 0
2
38 40 
2
4276 4 16 0
4276 10 16 0
2
40 40 
1
4277 10 16 0
2
41 41 
1
4459 20 12 0
2
39 41 
2
4460 22 8 0
4460 20 12 0
2
41 41 
1
4461 20 12 0
2
19 41 
2
4462 20 8 0
4462 20 12 0
2
41 41 
1
4463 20 12 0
2
39 41 
2
4464 22 8 0
4464 20 12 0
2
41 41 
1
4465 20 12 0
2
42 42 
1
4291 16 16 0
2
40 42 
2
4292 10 16 0
4292 16 16 0
2
42 42 
1
4293 16 16 0
2
20 42 
2
4294 14 16 0
4294 16 16 0
2
42 42 
1
4295 16 16 0
2
40 42 
2
4296 10 16 0
4296 16 16 0
2
42 42 
1
4297 16 16 0
2
43 43 
1
4459 18 14 0
2
41 43 
2
4466 20 12 0
4466 18 14 0
2
43 43 
1
4467 18 14 0
2
21 43 
2
4468 20 14 0
4468 18 14 0
2
43 43 
1
4469 18 14 0
2
41 43 
2
4470 20 12 0
4470 18 14 0
2
43 43 
1
4471 18 14 0
2
42 98 
2
4298 16 16 0
4298 22 16 0
2
43 71 
2
4472 18 14 0
4472 8 28 0
2
42 99 
2
4299 16 16 0
4299 18 24 0
2
42 100 
2
4300 16 16 0
4300 12 10 0
2
40 42 
2
4301 10 16 0
4301 16 16 0
2
41 43 
2
4473 20 12 0
4473 18 14 0
2
42 98 
2
4302 16 16 0
4302 22 16 0
2
43 71 
2
4474 18 14 0
4474 8 28 0
2
42 99 
2
4303 16 16 0
4303 18 24 0
2
43 72 
2
4475 18 14 0
4475 8 30 0
2
42 100 
2
4304 16 16 0
4304 12 10 0
2
20 40 
2
4302 14 16 0
4302 10 16 0
2
21 41 
2
4474 20 14 0
4474 20 12 0
2
38 40 
2
4303 4 16 0
4303 10 16 0
2
39 41 
2
4475 22 8 0
4475 20 12 0
2
42 42 
1
4305 16 16 0
2
40 42 
2
4306 10 16 0
4306 16 16 0
2
42 42 
1
4307 16 16 0
2
20 42 
2
4308 14 16 0
4308 16 16 0
2
42 42 
1
4309 16 16 0
2
40 42 
2
4310 10 16 0
4310 16 16 0
2
42 42 
1
4311 16 16 0
2
43 43 
1
4476 18 14 0
2
41 43 
2
4477 20 12 0
4477 18 14 0
2
43 43 
1
4478 18 14 0
2
21 43 
2
4479 20 14 0
4479 18 14 0
2
43 43 
1
4480 18 14 0
2
41 43 
2
4481 20 12 0
4481 18 14 0
2
43 43 
1
4482 18 14 0
2
42 99 
2
4312 16 16 0
4312 18 24 0
2
43 74 
2
4483 18 14 0
4483 8 26 0
2
42 100 
2
4313 16 16 0
4313 12 10 0
2
42 101 
2
4314 16 16 0
4314 18 18 0
2
40 42 
2
4315 10 16 0
4315 16 16 0
2
41 43 
2
4484 20 12 0
4484 18 14 0
2
42 99 
2
4316 16 16 0
4316 18 24 0
2
43 73 
2
4485 18 14 0
4485 2 22 0
2
42 100 
2
4317 16 16 0
4317 12 10 0
2
42 101 
2
4318 16 16 0
4318 18 18 0
2
20 40 
2
4316 14 16 0
4316 10 16 0
2
21 41 
2
4485 20 14 0
4485 20 12 0
2
18 38 
2
4304 4 18 0
4304 4 16 0
2
19 39 
2
4476 20 8 0
4476 22 8 0
2
36 38 
2
4305 4 22 0
4305 4 16 0
2
37 39 
2
4477 24 4 0
4477 22 8 0
2
40 40 
1
4317 10 16 0
2
38 40 
2
4318 4 16 0
4318 10 16 0
2
40 40 
1
4319 10 16 0
2
18 40 
2
4320 4 18 0
4320 10 16 0
2
40 40 
1
4321 10 16 0
2
38 40 
2
4322 4 16 0
4322 10 16 0
2
40 40 
1
4323 10 16 0
2
41 41 
1
4486 20 12 0
2
39 41 
2
4487 22 8 0
4487 20 12 0
2
41 41 
1
4488 20 12 0
2
19 41 
2
4489 20 8 0
4489 20 12 0
2
41 41 
1
4490 20 12 0
2
39 41 
2
4491 22 8 0
4491 20 12 0
2
41 41 
1
4492 20 12 0
2
42 42 
1
4319 16 16 0
2
40 42 
2
4324 10 16 0
4324 16 16 0
2
42 42 
1
4325 16 16 0
2
20 42 
2
4326 14 16 0
4326 16 16 0
2
42 42 
1
4327 16 16 0
2
40 42 
2
4328 10 16 0
4328 16 16 0
2
42 42 
1
4329 16 16 0
2
43 43 
1
4486 18 14 0
2
41 43 
2
4493 20 12 0
4493 18 14 0
2
43 43 
1
4494 18 14 0
2
21 43 
2
4495 20 14 0
4495 18 14 0
2
43 43 
1
4496 18 14 0
2
41 43 
2
4497 20 12 0
4497 18 14 0
2
43 43 
1
4498 18 14 0
2
42 98 
2
4330 16 16 0
4330 22 16 0
2
43 73 
2
4499 18 14 0
4499 2 22 0
2
42 99 
2
4331 16 16 0
4331 18 24 0
2
43 74 
2
4500 18 14 0
4500 8 26 0
2
42 100 
2
4332 16 16 0
4332 12 10 0
2
42 101 
2
4333 16 16 0
4333 18 18 0
2
42 102 
2
4334 16 16 0
4334 14 8 0
2
42 103 
2
4335 16 16 0
4335 14 6 0
2
42 104 
2
4336 16 16 0
4336 22 26 0
2
42 105 
2
4337 16 16 0
4337 20 16 0
2
42 106 
2
4338 16 16 0
4338 24 20 0
2
42 107 
2
4339 16 16 0
4339 30 16 0
2
42 108 
2
4340 16 16 0
4340 28 10 0
2
42 109 
2
4341 16 16 0
4341 26 10 0
2
42 111 
2
4342 16 16 0
4342 18 6 0
2
42 112 
2
4343 16 16 0
4343 30 14 0
2
42 113 
2
4344 16 16 0
4344 22 4 0
2
42 114 
2
4345 16 16 0
4345 30 10 0
2
42 115 
2
4346 16 16 0
4346 2 10 0
2
42 116 
2
4347 16 16 0
4347 8 8 0
2
42 117 
2
4348 16 16 0
4348 12 8 0
2
42 118 
2
4349 16 16 0
4349 12 12 0
2
42 119 
2
4350 16 16 0
4350 22 18 0
2
40 42 
2
4351 10 16 0
4351 16 16 0
2
41 43 
2
4501 20 12 0
4501 18 14 0
2
42 98 
2
4352 16 16 0
4352 22 16 0
2
43 76 
2
4502 18 14 0
4502 6 24 0
2
42 99 
2
4353 16 16 0
4353 18 24 0
2
42 100 
2
4354 16 16 0
4354 12 10 0
2
42 101 
2
4355 16 16 0
4355 18 18 0
2
42 102 
2
4356 16 16 0
4356 14 8 0
2
42 103 
2
4357 16 16 0
4357 14 6 0
2
42 104 
2
4358 16 16 0
4358 22 26 0
2
42 105 
2
4359 16 16 0
4359 20 16 0
2
42 106 
2
4360 16 16 0
4360 24 20 0
2
42 107 
2
4361 16 16 0
4361 30 16 0
2
42 108 
2
4362 16 16 0
4362 28 10 0
2
42 109 
2
4363 16 16 0
4363 26 10 0
2
42 111 
2
4364 16 16 0
4364 18 6 0
2
42 112 
2
4365 16 16 0
4365 30 14 0
2
42 113 
2
4366 16 16 0
4366 22 4 0
2
42 114 
2
4367 16 16 0
4367 30 10 0
2
42 115 
2
4368 16 16 0
4368 2 10 0
2
42 116 
2
4369 16 16 0
4369 8 8 0
2
42 117 
2
4370 16 16 0
4370 12 8 0
2
42 118 
2
4371 16 16 0
4371 12 12 0
2
42 119 
2
4372 16 16 0
4372 22 18 0
2
20 40 
2
4352 14 16 0
4352 10 16 0
2
21 41 
2
4502 20 14 0
4502 20 12 0
2
38 40 
2
4353 4 16 0
4353 10 16 0
2
39 41 
2
4503 22 8 0
4503 20 12 0
2
42 42 
1
4373 16 16 0
2
40 42 
2
4374 10 16 0
4374 16 16 0
2
42 42 
1
4375 16 16 0
2
20 42 
2
4376 14 16 0
4376 16 16 0
2
42 42 
1
4377 16 16 0
2
40 42 
2
4378 10 16 0
4378 16 16 0
2
42 42 
1
4379 16 16 0
2
43 43 
1
4503 18 14 0
2
41 43 
2
4504 20 12 0
4504 18 14 0
2
43 43 
1
4505 18 14 0
2
21 43 
2
4506 20 14 0
4506 18 14 0
2
43 43 
1
4507 18 14 0
2
41 43 
2
4508 20 12 0
4508 18 14 0
2
43 43 
1
4509 18 14 0
2
42 99 
2
4380 16 16 0
4380 18 24 0
2
43 75 
2
4510 18 14 0
4510 10 30 0
2
42 100 
2
4381 16 16 0
4381 12 10 0
2
42 101 
2
4382 16 16 0
4382 18 18 0
2
42 102 
2
4383 16 16 0
4383 14 8 0
2
42 103 
2
4384 16 16 0
4384 14 6 0
2
42 104 
2
4385 16 16 0
4385 22 26 0
2
42 105 
2
4386 16 16 0
4386 20 16 0
2
42 106 
2
4387 16 16 0
4387 24 20 0
2
42 107 
2
4388 16 16 0
4388 30 16 0
2
42 108 
2
4389 16 16 0
4389 28 10 0
2
42 109 
2
4390 16 16 0
4390 26 10 0
2
42 111 
2
4391 16 16 0
4391 18 6 0
2
42 112 
2
4392 16 16 0
4392 30 14 0
2
42 113 
2
4393 16 16 0
4393 22 4 0
2
42 114 
2
4394 16 16 0
4394 30 10 0
2
42 115 
2
4395 16 16 0
4395 2 10 0
2
42 116 
2
4396 16 16 0
4396 8 8 0
2
42 117 
2
4397 16 16 0
4397 12 8 0
2
42 118 
2
4398 16 16 0
4398 12 12 0
2
42 119 
2
4399 16 16 0
4399 22 18 0
2
42 120 
2
4400 16 16 0
4400 28 20 0
2
40 42 
2
4401 10 16 0
4401 16 16 0
2
41 43 
2
4511 20 12 0
4511 18 14 0
2
42 99 
2
4402 16 16 0
4402 18 24 0
2
43 75 
2
4512 18 14 0
4512 10 30 0
2
42 100 
2
4403 16 16 0
4403 12 10 0
2
43 76 
2
4513 18 14 0
4513 6 24 0
2
42 101 
2
4404 16 16 0
4404 18 18 0
2
42 102 
2
4405 16 16 0
4405 14 8 0
2
42 103 
2
4406 16 16 0
4406 14 6 0
2
42 104 
2
4407 16 16 0
4407 22 26 0
2
42 105 
2
4408 16 16 0
4408 20 16 0
2
42 106 
2
4409 16 16 0
4409 24 20 0
2
42 107 
2
4410 16 16 0
4410 30 16 0
2
42 108 
2
4411 16 16 0
4411 28 10 0
2
42 109 
2
4412 16 16 0
4412 26 10 0
2
42 111 
2
4413 16 16 0
4413 18 6 0
2
42 112 
2
4414 16 16 0
4414 30 14 0
2
42 113 
2
4415 16 16 0
4415 22 4 0
2
42 114 
2
4416 16 16 0
4416 30 10 0
2
42 115 
2
4417 16 16 0
4417 2 10 0
2
42 116 
2
4418 16 16 0
4418 8 8 0
2
42 117 
2
4419 16 16 0
4419 12 8 0
2
42 118 
2
4420 16 16 0
4420 12 12 0
2
42 119 
2
4421 16 16 0
4421 22 18 0
2
42 120 
2
4422 16 16 0
4422 28 20 0
2
20 40 
2
4402 14 16 0
4402 10 16 0
2
21 41 
2
4512 20 14 0
4512 20 12 0
2
18 38 
2
4354 4 18 0
4354 4 16 0
2
19 39 
2
4504 20 8 0
4504 22 8 0
2
16 36 
2
4306 4 24 0
4306 4 22 0
2
17 37 
2
4478 26 4 0
4478 24 4 0
2
34 36 
2
4307 2 24 0
4307 4 22 0
2
35 37 
2
4479 28 2 0
4479 24 4 0
2
38 38 
1
4355 4 16 0
2
36 38 
2
4356 4 22 0
4356 4 16 0
2
38 38 
1
4357 4 16 0
2
16 38 
2
4358 4 24 0
4358 4 16 0
2
38 38 
1
4359 4 16 0
2
36 38 
2
4360 4 22 0
4360 4 16 0
2
38 38 
1
4361 4 16 0
2
39 39 
1
4505 22 8 0
2
37 39 
2
4506 24 4 0
4506 22 8 0
2
39 39 
1
4507 22 8 0
2
17 39 
2
4508 26 4 0
4508 22 8 0
2
39 39 
1
4509 22 8 0
2
37 39 
2
4510 24 4 0
4510 22 8 0
2
39 39 
1
4511 22 8 0
2
40 40 
1
4403 10 16 0
2
38 40 
2
4404 4 16 0
4404 10 16 0
2
40 40 
1
4405 10 16 0
2
18 40 
2
4406 4 18 0
4406 10 16 0
2
40 40 
1
4407 10 16 0
2
38 40 
2
4408 4 16 0
4408 10 16 0
2
40 40 
1
4409 10 16 0
2
41 41 
1
4513 20 12 0
2
39 41 
2
4514 22 8 0
4514 20 12 0
2
41 41 
1
4515 20 12 0
2
19 41 
2
4516 20 8 0
4516 20 12 0
2
41 41 
1
4517 20 12 0
2
39 41 
2
4518 22 8 0
4518 20 12 0
2
41 41 
1
4519 20 12 0
2
42 42 
1
4423 16 16 0
2
40 42 
2
4424 10 16 0
4424 16 16 0
2
42 42 
1
4425 16 16 0
2
20 42 
2
4426 14 16 0
4426 16 16 0
2
42 42 
1
4427 16 16 0
2
40 42 
2
4428 10 16 0
4428 16 16 0
2
42 42 
1
4429 16 16 0
2
43 43 
1
4514 18 14 0
2
41 43 
2
4520 20 12 0
4520 18 14 0
2
43 43 
1
4521 18 14 0
2
21 43 
2
4522 20 14 0
4522 18 14 0
2
43 43 
1
4523 18 14 0
2
41 43 
2
4524 20 12 0
4524 18 14 0
2
43 43 
1
4525 18 14 0
2
42 119 
2
4430 16 16 0
4430 22 18 0
2
43 78 
2
4526 18 14 0
4526 10 28 0
2
42 120 
2
4431 16 16 0
4431 28 20 0
2
42 121 
2
4432 16 16 0
4432 8 14 0
2
40 42 
2
4433 10 16 0
4433 16 16 0
2
41 43 
2
4527 20 12 0
4527 18 14 0
2
42 119 
2
4434 16 16 0
4434 22 18 0
2
43 77 
2
4528 18 14 0
4528 14 32 0
2
42 120 
2
4435 16 16 0
4435 28 20 0
2
42 121 
2
4436 16 16 0
4436 8 14 0
2
20 40 
2
4434 14 16 0
4434 10 16 0
2
21 41 
2
4528 20 14 0
4528 20 12 0
2
38 40 
2
4435 4 16 0
4435 10 16 0
2
39 41 
2
4529 22 8 0
4529 20 12 0
2
42 42 
1
4437 16 16 0
2
40 42 
2
4438 10 16 0
4438 16 16 0
2
42 42 
1
4439 16 16 0
2
20 42 
2
4440 14 16 0
4440 16 16 0
2
42 42 
1
4441 16 16 0
2
40 42 
2
4442 10 16 0
4442 16 16 0
2
42 42 
1
4443 16 16 0
2
43 43 
1
4529 18 14 0
2
41 43 
2
4530 20 12 0
4530 18 14 0
2
43 43 
1
4531 18 14 0
2
21 43 
2
4532 20 14 0
4532 18 14 0
2
43 43 
1
4533 18 14 0
2
41 43 
2
4534 20 12 0
4534 18 14 0
2
43 43 
1
4535 18 14 0
2
42 120 
2
4444 16 16 0
4444 28 20 0
2
43 77 
2
4536 18 14 0
4536 14 32 0
2
42 121 
2
4445 16 16 0
4445 8 14 0
2
43 78 
2
4537 18 14 0
4537 10 28 0
2
42 122 
2
4446 16 16 0
4446 12 6 0
2
40 42 
2
4447 10 16 0
4447 16 16 0
2
41 43 
2
4538 20 12 0
4538 18 14 0
2
42 120 
2
4448 16 16 0
4448 28 20 0
2
43 80 
2
4539 18 14 0
4539 24 28 0
2
42 121 
2
4449 16 16 0
4449 8 14 0
2
42 122 
2
4450 16 16 0
4450 12 6 0
2
20 40 
2
4448 14 16 0
4448 10 16 0
2
21 41 
2
4539 20 14 0
4539 20 12 0
2
18 38 
2
4436 4 18 0
4436 4 16 0
2
19 39 
2
4530 20 8 0
4530 22 8 0
2
36 38 
2
4437 4 22 0
4437 4 16 0
2
37 39 
2
4531 24 4 0
4531 22 8 0
2
40 40 
1
4449 10 16 0
2
38 40 
2
4450 4 16 0
4450 10 16 0
2
40 40 
1
4451 10 16 0
2
18 40 
2
4452 4 18 0
4452 10 16 0
2
40 40 
1
4453 10 16 0
2
38 40 
2
4454 4 16 0
4454 10 16 0
2
40 40 
1
4455 10 16 0
2
41 41 
1
4540 20 12 0
2
39 41 
2
4541 22 8 0
4541 20 12 0
2
41 41 
1
4542 20 12 0
2
19 41 
2
4543 20 8 0
4543 20 12 0
2
41 41 
1
4544 20 12 0
2
39 41 
2
4545 22 8 0
4545 20 12 0
2
41 41 
1
4546 20 12 0
2
42 42 
1
4451 16 16 0
2
40 42 
2
4456 10 16 0
4456 16 16 0
2
42 42 
1
4457 16 16 0
2
20 42 
2
4458 14 16 0
4458 16 16 0
2
42 42 
1
4459 16 16 0
2
40 42 
2
4460 10 16 0
4460 16 16 0
2
42 42 
1
4461 16 16 0
2
43 43 
1
4540 18 14 0
2
41 43 
2
4547 20 12 0
4547 18 14 0
2
43 43 
1
4548 18 14 0
2
21 43 
2
4549 20 14 0
4549 18 14 0
2
43 43 
1
4550 18 14 0
2
41 43 
2
4551 20 12 0
4551 18 14 0
2
43 43 
1
4552 18 14 0
2
42 119 
2
4462 16 16 0
4462 22 18 0
2
43 79 
2
4553 18 14 0
4553 2 20 0
2
42 120 
2
4463 16 16 0
4463 28 20 0
2
42 121 
2
4464 16 16 0
4464 8 14 0
2
42 122 
2
4465 16 16 0
4465 12 6 0
2
42 123 
2
4466 16 16 0
4466 22 20 0
2
42 124 
2
4467 16 16 0
4467 20 26 0
2
42 125 
2
4468 16 16 0
4468 12 16 0
2
42 126 
2
4469 16 16 0
4469 16 10 0
2
42 128 
2
4470 16 16 0
4470 16 14 0
2
42 129 
2
4471 16 16 0
4471 28 12 0
2
42 130 
2
4472 16 16 0
4472 22 6 0
2
42 131 
2
4473 16 16 0
4473 28 14 0
2
42 149 
2
4474 16 16 0
4474 20 6 0
2
42 150 
2
4475 16 16 0
4475 24 8 0
2
42 151 
2
4476 16 16 0
4476 22 2 0
2
42 152 
2
4477 16 16 0
4477 22 30 0
2
42 153 
2
4478 16 16 0
4478 24 26 0
2
42 154 
2
4479 16 16 0
4479 28 18 0
2
42 155 
2
4480 16 16 0
4480 22 22 0
2
42 156 
2
4481 16 16 0
4481 26 18 0
2
42 157 
2
4482 16 16 0
4482 24 16 0
2
40 42 
2
4483 10 16 0
4483 16 16 0
2
41 43 
2
4554 20 12 0
4554 18 14 0
2
42 119 
2
4484 16 16 0
4484 22 18 0
2
43 79 
2
4555 18 14 0
4555 2 20 0
2
42 120 
2
4485 16 16 0
4485 28 20 0
2
43 80 
2
4556 18 14 0
4556 24 28 0
2
42 121 
2
4486 16 16 0
4486 8 14 0
2
42 122 
2
4487 16 16 0
4487 12 6 0
2
42 123 
2
4488 16 16 0
4488 22 20 0
2
42 124 
2
4489 16 16 0
4489 20 26 0
2
42 125 
2
4490 16 16 0
4490 12 16 0
2
42 126 
2
4491 16 16 0
4491 16 10 0
2
42 128 
2
4492 16 16 0
4492 16 14 0
2
42 129 
2
4493 16 16 0
4493 28 12 0
2
42 130 
2
4494 16 16 0
4494 22 6 0
2
42 131 
2
4495 16 16 0
4495 28 14 0
2
42 149 
2
4496 16 16 0
4496 20 6 0
2
42 150 
2
4497 16 16 0
4497 24 8 0
2
42 151 
2
4498 16 16 0
4498 22 2 0
2
42 152 
2
4499 16 16 0
4499 22 30 0
2
42 153 
2
4500 16 16 0
4500 24 26 0
2
42 154 
2
4501 16 16 0
4501 28 18 0
2
42 155 
2
4502 16 16 0
4502 22 22 0
2
42 156 
2
4503 16 16 0
4503 26 18 0
2
42 157 
2
4504 16 16 0
4504 24 16 0
2
20 40 
2
4484 14 16 0
4484 10 16 0
2
21 41 
2
4555 20 14 0
4555 20 12 0
2
38 40 
2
4485 4 16 0
4485 10 16 0
2
39 41 
2
4556 22 8 0
4556 20 12 0
2
42 42 
1
4505 16 16 0
2
40 42 
2
4506 10 16 0
4506 16 16 0
2
42 42 
1
4507 16 16 0
2
20 42 
2
4508 14 16 0
4508 16 16 0
2
42 42 
1
4509 16 16 0
2
40 42 
2
4510 10 16 0
4510 16 16 0
2
42 42 
1
4511 16 16 0
2
43 43 
1
4557 18 14 0
2
41 43 
2
4558 20 12 0
4558 18 14 0
2
43 43 
1
4559 18 14 0
2
21 43 
2
4560 20 14 0
4560 18 14 0
2
43 43 
1
4561 18 14 0
2
41 43 
2
4562 20 12 0
4562 18 14 0
2
43 43 
1
4563 18 14 0
2
42 120 
2
4512 16 16 0
4512 28 20 0
2
43 82 
2
4564 18 14 0
4564 28 22 0
2
42 121 
2
4513 16 16 0
4513 8 14 0
2
42 122 
2
4514 16 16 0
4514 12 6 0
2
42 123 
2
4515 16 16 0
4515 22 20 0
2
42 124 
2
4516 16 16 0
4516 20 26 0
2
42 125 
2
4517 16 16 0
4517 12 16 0
2
42 126 
2
4518 16 16 0
4518 16 10 0
2
42 128 
2
4519 16 16 0
4519 16 14 0
2
42 129 
2
4520 16 16 0
4520 28 12 0
2
42 130 
2
4521 16 16 0
4521 22 6 0
2
42 131 
2
4522 16 16 0
4522 28 14 0
2
42 149 
2
4523 16 16 0
4523 20 6 0
2
42 150 
2
4524 16 16 0
4524 24 8 0
2
42 151 
2
4525 16 16 0
4525 22 2 0
2
42 152 
2
4526 16 16 0
4526 22 30 0
2
42 153 
2
4527 16 16 0
4527 24 26 0
2
42 154 
2
4528 16 16 0
4528 28 18 0
2
42 155 
2
4529 16 16 0
4529 22 22 0
2
42 156 
2
4530 16 16 0
4530 26 18 0
2
42 157 
2
4531 16 16 0
4531 24 16 0
2
42 158 
2
4532 16 16 0
4532 4 14 0
2
40 42 
2
4533 10 16 0
4533 16 16 0
2
41 43 
2
4565 20 12 0
4565 18 14 0
2
42 120 
2
4534 16 16 0
4534 28 20 0
2
43 81 
2
4566 18 14 0
4566 6 6 0
2
42 121 
2
4535 16 16 0
4535 8 14 0
2
42 122 
2
4536 16 16 0
4536 12 6 0
2
42 123 
2
4537 16 16 0
4537 22 20 0
2
42 124 
2
4538 16 16 0
4538 20 26 0
2
42 125 
2
4539 16 16 0
4539 12 16 0
2
42 126 
2
4540 16 16 0
4540 16 10 0
2
42 128 
2
4541 16 16 0
4541 16 14 0
2
42 129 
2
4542 16 16 0
4542 28 12 0
2
42 130 
2
4543 16 16 0
4543 22 6 0
2
42 131 
2
4544 16 16 0
4544 28 14 0
2
42 149 
2
4545 16 16 0
4545 20 6 0
2
42 150 
2
4546 16 16 0
4546 24 8 0
2
42 151 
2
4547 16 16 0
4547 22 2 0
2
42 152 
2
4548 16 16 0
4548 22 30 0
2
42 153 
2
4549 16 16 0
4549 24 26 0
2
42 154 
2
4550 16 16 0
4550 28 18 0
2
42 155 
2
4551 16 16 0
4551 22 22 0
2
42 156 
2
4552 16 16 0
4552 26 18 0
2
42 157 
2
4553 16 16 0
4553 24 16 0
2
42 158 
2
4554 16 16 0
4554 4 14 0
2
20 40 
2
4534 14 16 0
4534 10 16 0
2
21 41 
2
4566 20 14 0
4566 20 12 0
2
18 38 
2
4486 4 18 0
4486 4 16 0
2
19 39 
2
4557 20 8 0
4557 22 8 0
2
16 36 
2
4438 4 24 0
4438 4 22 0
2
17 37 
2
4532 26 4 0
4532 24 4 0
2
14 34 
2
4308 4 26 0
4308 2 24 0
2
15 35 
2
4480 26 2 0
4480 28 2 0
2
12 32 
2
4046 2 26 0
4046 2 28 0
2
13 33 
2
4282 30 2 0
4282 32 2 0
2
10 30 
2
3481 6 28 0
3481 4 28 0
2
11 31 
2
3502 32 4 0
3502 32 6 0
2
8 28 
2
2390 6 30 0
2390 4 30 0
2
9 29 
2
2286 32 24 0
2286 32 26 0
2
6 26 
2
80 6 32 0
80 2 30 0
2
7 27 
2
80 28 30 0
80 32 28 0
2
24 26 
2
81 2 32 0
81 2 30 0
2
25 27 
2
81 30 30 0
81 32 28 0
2
28 28 
1
2391 4 30 0
2
26 28 
2
2392 2 30 0
2392 4 30 0
2
28 28 
1
2393 4 30 0
2
6 28 
2
2394 6 32 0
2394 4 30 0
2
28 28 
1
2395 4 30 0
2
26 28 
2
2396 2 30 0
2396 4 30 0
2
28 28 
1
2397 4 30 0
2
29 29 
1
2287 32 26 0
2
27 29 
2
2288 32 28 0
2288 32 26 0
2
29 29 
1
2289 32 26 0
2
7 29 
2
2290 28 30 0
2290 32 26 0
2
29 29 
1
2291 32 26 0
2
27 29 
2
2292 32 28 0
2292 32 26 0
2
29 29 
1
2293 32 26 0
2
30 30 
1
3482 4 28 0
2
28 30 
2
3483 4 30 0
3483 4 28 0
2
30 30 
1
3484 4 28 0
2
8 30 
2
3485 6 30 0
3485 4 28 0
2
30 30 
1
3486 4 28 0
2
28 30 
2
3487 4 30 0
3487 4 28 0
2
30 30 
1
3488 4 28 0
2
31 31 
1
3503 32 6 0
2
29 31 
2
3504 32 26 0
3504 32 6 0
2
31 31 
1
3505 32 6 0
2
9 31 
2
3506 32 24 0
3506 32 6 0
2
31 31 
1
3507 32 6 0
2
29 31 
2
3508 32 26 0
3508 32 6 0
2
31 31 
1
3509 32 6 0
2
32 32 
1
4047 2 28 0
2
30 32 
2
4048 4 28 0
4048 2 28 0
2
32 32 
1
4049 2 28 0
2
10 32 
2
4050 6 28 0
4050 2 28 0
2
32 32 
1
4051 2 28 0
2
30 32 
2
4052 4 28 0
4052 2 28 0
2
32 32 
1
4053 2 28 0
2
33 33 
1
4283 32 2 0
2
31 33 
2
4284 32 6 0
4284 32 2 0
2
33 33 
1
4285 32 2 0
2
11 33 
2
4286 32 4 0
4286 32 2 0
2
33 33 
1
4287 32 2 0
2
31 33 
2
4288 32 6 0
4288 32 2 0
2
33 33 
1
4289 32 2 0
2
34 34 
1
4309 2 24 0
2
32 34 
2
4310 2 28 0
4310 2 24 0
2
34 34 
1
4311 2 24 0
2
12 34 
2
4312 2 26 0
4312 2 24 0
2
34 34 
1
4313 2 24 0
2
32 34 
2
4314 2 28 0
4314 2 24 0
2
34 34 
1
4315 2 24 0
2
35 35 
1
4481 28 2 0
2
33 35 
2
4482 32 2 0
4482 28 2 0
2
35 35 
1
4483 28 2 0
2
13 35 
2
4484 30 2 0
4484 28 2 0
2
35 35 
1
4485 28 2 0
2
33 35 
2
4486 32 2 0
4486 28 2 0
2
35 35 
1
4487 28 2 0
2
36 36 
1
4439 4 22 0
2
34 36 
2
4440 2 24 0
4440 4 22 0
2
36 36 
1
4441 4 22 0
2
14 36 
2
4442 4 26 0
4442 4 22 0
2
36 36 
1
4443 4 22 0
2
34 36 
2
4444 2 24 0
4444 4 22 0
2
36 36 
1
4445 4 22 0
2
37 37 
1
4533 24 4 0
2
35 37 
2
4534 28 2 0
4534 24 4 0
2
37 37 
1
4535 24 4 0
2
15 37 
2
4536 26 2 0
4536 24 4 0
2
37 37 
1
4537 24 4 0
2
35 37 
2
4538 28 2 0
4538 24 4 0
2
37 37 
1
4539 24 4 0
2
38 38 
1
4487 4 16 0
2
36 38 
2
4488 4 22 0
4488 4 16 0
2
38 38 
1
4489 4 16 0
2
16 38 
2
4490 4 24 0
4490 4 16 0
2
38 38 
1
4491 4 16 0
2
36 38 
2
4492 4 22 0
4492 4 16 0
2
38 38 
1
4493 4 16 0
2
39 39 
1
4558 22 8 0
2
37 39 
2
4559 24 4 0
4559 22 8 0
2
39 39 
1
4560 22 8 0
2
17 39 
2
4561 26 4 0
4561 22 8 0
2
39 39 
1
4562 22 8 0
2
37 39 
2
4563 24 4 0
4563 22 8 0
2
39 39 
1
4564 22 8 0
2
40 40 
1
4535 10 16 0
2
38 40 
2
4536 4 16 0
4536 10 16 0
2
40 40 
1
4537 10 16 0
2
18 40 
2
4538 4 18 0
4538 10 16 0
2
40 40 
1
4539 10 16 0
2
38 40 
2
4540 4 16 0
4540 10 16 0
2
40 40 
1
4541 10 16 0
2
41 41 
1
4567 20 12 0
2
39 41 
2
4568 22 8 0
4568 20 12 0
2
41 41 
1
4569 20 12 0
2
19 41 
2
4570 20 8 0
4570 20 12 0
2
41 41 
1
4571 20 12 0
2
39 41 
2
4572 22 8 0
4572 20 12 0
2
41 41 
1
4573 20 12 0
2
42 42 
1
4555 16 16 0
2
40 42 
2
4556 10 16 0
4556 16 16 0
2
42 42 
1
4557 16 16 0
2
20 42 
2
4558 14 16 0
4558 16 16 0
2
42 42 
1
4559 16 16 0
2
40 42 
2
4560 10 16 0
4560 16 16 0
2
42 42 
1
4561 16 16 0
2
43 43 
1
4567 18 14 0
2
41 43 
2
4574 20 12 0
4574 18 14 0
2
43 43 
1
4575 18 14 0
2
21 43 
2
4576 20 14 0
4576 18 14 0
2
43 43 
1
4577 18 14 0
2
41 43 
2
4578 20 12 0
4578 18 14 0
2
43 43 
1
4579 18 14 0
2
42 157 
2
4562 16 16 0
4562 24 16 0
2
43 81 
2
4580 18 14 0
4580 6 6 0
2
42 158 
2
4563 16 16 0
4563 4 14 0
2
43 82 
2
4581 18 14 0
4581 28 22 0
2
42 159 
2
4564 16 16 0
4564 14 4 0
2
40 42 
2
4565 10 16 0
4565 16 16 0
2
41 43 
2
4582 20 12 0
4582 18 14 0
2
42 157 
2
4566 16 16 0
4566 24 16 0
2
43 84 
2
4583 18 14 0
4583 28 24 0
2
42 158 
2
4567 16 16 0
4567 4 14 0
2
42 159 
2
4568 16 16 0
4568 14 4 0
2
20 40 
2
4566 14 16 0
4566 10 16 0
2
21 41 
2
4583 20 14 0
4583 20 12 0
2
38 40 
2
4567 4 16 0
4567 10 16 0
2
39 41 
2
4584 22 8 0
4584 20 12 0
2
42 42 
1
4569 16 16 0
2
40 42 
2
4570 10 16 0
4570 16 16 0
2
42 42 
1
4571 16 16 0
2
20 42 
2
4572 14 16 0
4572 16 16 0
2
42 42 
1
4573 16 16 0
2
40 42 
2
4574 10 16 0
4574 16 16 0
2
42 42 
1
4575 16 16 0
2
43 43 
1
4584 18 14 0
2
41 43 
2
4585 20 12 0
4585 18 14 0
2
43 43 
1
4586 18 14 0
2
21 43 
2
4587 20 14 0
4587 18 14 0
2
43 43 
1
4588 18 14 0
2
41 43 
2
4589 20 12 0
4589 18 14 0
2
43 43 
1
4590 18 14 0
2
42 158 
2
4576 16 16 0
4576 4 14 0
2
43 83 
2
4591 18 14 0
4591 10 4 0
2
42 159 
2
4577 16 16 0
4577 14 4 0
2
42 160 
2
4578 16 16 0
4578 10 14 0
2
40 42 
2
4579 10 16 0
4579 16 16 0
2
41 43 
2
4592 20 12 0
4592 18 14 0
2
42 158 
2
4580 16 16 0
4580 4 14 0
2
43 83 
2
4593 18 14 0
4593 10 4 0
2
42 159 
2
4581 16 16 0
4581 14 4 0
2
43 84 
2
4594 18 14 0
4594 28 24 0
2
42 160 
2
4582 16 16 0
4582 10 14 0
2
20 40 
2
4580 14 16 0
4580 10 16 0
2
21 41 
2
4593 20 14 0
4593 20 12 0
2
18 38 
2
4568 4 18 0
4568 4 16 0
2
19 39 
2
4585 20 8 0
4585 22 8 0
2
36 38 
2
4569 4 22 0
4569 4 16 0
2
37 39 
2
4586 24 4 0
4586 22 8 0
2
40 40 
1
4581 10 16 0
2
38 40 
2
4582 4 16 0
4582 10 16 0
2
40 40 
1
4583 10 16 0
2
18 40 
2
4584 4 18 0
4584 10 16 0
2
40 40 
1
4585 10 16 0
2
38 40 
2
4586 4 16 0
4586 10 16 0
2
40 40 
1
4587 10 16 0
2
41 41 
1
4594 20 12 0
2
39 41 
2
4595 22 8 0
4595 20 12 0
2
41 41 
1
4596 20 12 0
2
19 41 
2
4597 20 8 0
4597 20 12 0
2
41 41 
1
4598 20 12 0
2
39 41 
2
4599 22 8 0
4599 20 12 0
2
41 41 
1
4600 20 12 0
2
42 42 
1
4583 16 16 0
2
40 42 
2
4588 10 16 0
4588 16 16 0
2
42 42 
1
4589 16 16 0
2
20 42 
2
4590 14 16 0
4590 16 16 0
2
42 42 
1
4591 16 16 0
2
40 42 
2
4592 10 16 0
4592 16 16 0
2
42 42 
1
4593 16 16 0
2
43 43 
1
4595 18 14 0
2
41 43 
2
4601 20 12 0
4601 18 14 0
2
43 43 
1
4602 18 14 0
2
21 43 
2
4603 20 14 0
4603 18 14 0
2
43 43 
1
4604 18 14 0
2
41 43 
2
4605 20 12 0
4605 18 14 0
2
43 43 
1
4606 18 14 0
2
42 157 
2
4594 16 16 0
4594 24 16 0
2
43 88 
2
4607 18 14 0
4607 12 4 0
2
42 158 
2
4595 16 16 0
4595 4 14 0
2
42 159 
2
4596 16 16 0
4596 14 4 0
2
42 160 
2
4597 16 16 0
4597 10 14 0
2
42 161 
2
4598 16 16 0
4598 14 2 0
2
42 162 
2
4599 16 16 0
4599 30 18 0
2
42 163 
2
4600 16 16 0
4600 24 22 0
2
42 164 
2
4601 16 16 0
4601 26 20 0
2
42 166 
2
4602 16 16 0
4602 20 22 0
2
42 167 
2
4603 16 16 0
4603 22 12 0
2
42 168 
2
4604 16 16 0
4604 24 10 0
2
42 169 
2
4605 16 16 0
4605 18 2 0
2
42 170 
2
4606 16 16 0
4606 26 14 0
2
42 171 
2
4607 16 16 0
4607 20 4 0
2
42 172 
2
4608 16 16 0
4608 26 8 0
2
42 173 
2
4609 16 16 0
4609 26 6 0
2
42 174 
2
4610 16 16 0
4610 20 32 0
2
42 175 
2
4611 16 16 0
4611 6 8 0
2
42 176 
2
4612 16 16 0
4612 20 30 0
2
42 177 
2
4613 16 16 0
4613 8 4 0
2
42 178 
2
4614 16 16 0
4614 10 2 0
2
40 42 
2
4615 10 16 0
4615 16 16 0
2
41 43 
2
4608 20 12 0
4608 18 14 0
2
42 157 
2
4616 16 16 0
4616 24 16 0
2
43 85 
2
4609 18 14 0
4609 30 20 0
2
42 158 
2
4617 16 16 0
4617 4 14 0
2
42 159 
2
4618 16 16 0
4618 14 4 0
2
42 160 
2
4619 16 16 0
4619 10 14 0
2
42 161 
2
4620 16 16 0
4620 14 2 0
2
42 162 
2
4621 16 16 0
4621 30 18 0
2
42 163 
2
4622 16 16 0
4622 24 22 0
2
42 164 
2
4623 16 16 0
4623 26 20 0
2
42 166 
2
4624 16 16 0
4624 20 22 0
2
42 167 
2
4625 16 16 0
4625 22 12 0
2
42 168 
2
4626 16 16 0
4626 24 10 0
2
42 169 
2
4627 16 16 0
4627 18 2 0
2
42 170 
2
4628 16 16 0
4628 26 14 0
2
42 171 
2
4629 16 16 0
4629 20 4 0
2
42 172 
2
4630 16 16 0
4630 26 8 0
2
42 173 
2
4631 16 16 0
4631 26 6 0
2
42 174 
2
4632 16 16 0
4632 20 32 0
2
42 175 
2
4633 16 16 0
4633 6 8 0
2
42 176 
2
4634 16 16 0
4634 20 30 0
2
42 177 
2
4635 16 16 0
4635 8 4 0
2
42 178 
2
4636 16 16 0
4636 10 2 0
2
20 40 
2
4616 14 16 0
4616 10 16 0
2
21 41 
2
4609 20 14 0
4609 20 12 0
2
38 40 
2
4617 4 16 0
4617 10 16 0
2
39 41 
2
4610 22 8 0
4610 20 12 0
2
42 42 
1
4637 16 16 0
2
40 42 
2
4638 10 16 0
4638 16 16 0
2
42 42 
1
4639 16 16 0
2
20 42 
2
4640 14 16 0
4640 16 16 0
2
42 42 
1
4641 16 16 0
2
40 42 
2
4642 10 16 0
4642 16 16 0
2
42 42 
1
4643 16 16 0
2
43 43 
1
4610 18 14 0
2
41 43 
2
4611 20 12 0
4611 18 14 0
2
43 43 
1
4612 18 14 0
2
21 43 
2
4613 20 14 0
4613 18 14 0
2
43 43 
1
4614 18 14 0
2
41 43 
2
4615 20 12 0
4615 18 14 0
2
43 43 
1
4616 18 14 0
2
42 158 
2
4644 16 16 0
4644 4 14 0
2
43 85 
2
4617 18 14 0
4617 30 20 0
2
42 159 
2
4645 16 16 0
4645 14 4 0
2
43 88 
2
4618 18 14 0
4618 12 4 0
2
42 160 
2
4646 16 16 0
4646 10 14 0
2
42 161 
2
4647 16 16 0
4647 14 2 0
2
42 162 
2
4648 16 16 0
4648 30 18 0
2
42 163 
2
4649 16 16 0
4649 24 22 0
2
42 164 
2
4650 16 16 0
4650 26 20 0
2
42 166 
2
4651 16 16 0
4651 20 22 0
2
42 167 
2
4652 16 16 0
4652 22 12 0
2
42 168 
2
4653 16 16 0
4653 24 10 0
2
42 169 
2
4654 16 16 0
4654 18 2 0
2
42 170 
2
4655 16 16 0
4655 26 14 0
2
42 171 
2
4656 16 16 0
4656 20 4 0
2
42 172 
2
4657 16 16 0
4657 26 8 0
2
42 173 
2
4658 16 16 0
4658 26 6 0
2
42 174 
2
4659 16 16 0
4659 20 32 0
2
42 175 
2
4660 16 16 0
4660 6 8 0
2
42 176 
2
4661 16 16 0
4661 20 30 0
2
42 177 
2
4662 16 16 0
4662 8 4 0
2
42 178 
2
4663 16 16 0
4663 10 2 0
2
42 179 
2
4664 16 16 0
4664 30 22 0
2
40 42 
2
4665 10 16 0
4665 16 16 0
2
41 43 
2
4619 20 12 0
4619 18 14 0
2
42 158 
2
4666 16 16 0
4666 4 14 0
2
43 127 
2
4620 18 14 0
4620 12 18 0
2
42 159 
2
4667 16 16 0
4667 14 4 0
2
42 160 
2
4668 16 16 0
4668 10 14 0
2
42 161 
2
4669 16 16 0
4669 14 2 0
2
42 162 
2
4670 16 16 0
4670 30 18 0
2
42 163 
2
4671 16 16 0
4671 24 22 0
2
42 164 
2
4672 16 16 0
4672 26 20 0
2
42 166 
2
4673 16 16 0
4673 20 22 0
2
42 167 
2
4674 16 16 0
4674 22 12 0
2
42 168 
2
4675 16 16 0
4675 24 10 0
2
42 169 
2
4676 16 16 0
4676 18 2 0
2
42 170 
2
4677 16 16 0
4677 26 14 0
2
42 171 
2
4678 16 16 0
4678 20 4 0
2
42 172 
2
4679 16 16 0
4679 26 8 0
2
42 173 
2
4680 16 16 0
4680 26 6 0
2
42 174 
2
4681 16 16 0
4681 20 32 0
2
42 175 
2
4682 16 16 0
4682 6 8 0
2
42 176 
2
4683 16 16 0
4683 20 30 0
2
42 177 
2
4684 16 16 0
4684 8 4 0
2
42 178 
2
4685 16 16 0
4685 10 2 0
2
42 179 
2
4686 16 16 0
4686 30 22 0
2
20 40 
2
4666 14 16 0
4666 10 16 0
2
21 41 
2
4620 20 14 0
4620 20 12 0
2
18 38 
2
4618 4 18 0
4618 4 16 0
2
19 39 
2
4611 20 8 0
4611 22 8 0
2
16 36 
2
4570 4 24 0
4570 4 22 0
2
17 37 
2
4587 26 4 0
4587 24 4 0
2
34 36 
2
4571 2 24 0
4571 4 22 0
2
35 37 
2
4588 28 2 0
4588 24 4 0
2
38 38 
1
4619 4 16 0
2
36 38 
2
4620 4 22 0
4620 4 16 0
2
38 38 
1
4621 4 16 0
2
16 38 
2
4622 4 24 0
4622 4 16 0
2
38 38 
1
4623 4 16 0
2
36 38 
2
4624 4 22 0
4624 4 16 0
2
38 38 
1
4625 4 16 0
2
39 39 
1
4612 22 8 0
2
37 39 
2
4613 24 4 0
4613 22 8 0
2
39 39 
1
4614 22 8 0
2
17 39 
2
4615 26 4 0
4615 22 8 0
2
39 39 
1
4616 22 8 0
2
37 39 
2
4617 24 4 0
4617 22 8 0
2
39 39 
1
4618 22 8 0
2
40 40 
1
4667 10 16 0
2
38 40 
2
4668 4 16 0
4668 10 16 0
2
40 40 
1
4669 10 16 0
2
18 40 
2
4670 4 18 0
4670 10 16 0
2
40 40 
1
4671 10 16 0
2
38 40 
2
4672 4 16 0
4672 10 16 0
2
40 40 
1
4673 10 16 0
2
41 41 
1
4621 20 12 0
2
39 41 
2
4622 22 8 0
4622 20 12 0
2
41 41 
1
4623 20 12 0
2
19 41 
2
4624 20 8 0
4624 20 12 0
2
41 41 
1
4625 20 12 0
2
39 41 
2
4626 22 8 0
4626 20 12 0
2
41 41 
1
4627 20 12 0
2
42 42 
1
4687 16 16 0
2
40 42 
2
4688 10 16 0
4688 16 16 0
2
42 42 
1
4689 16 16 0
2
20 42 
2
4690 14 16 0
4690 16 16 0
2
42 42 
1
4691 16 16 0
2
40 42 
2
4692 10 16 0
4692 16 16 0
2
42 42 
1
4693 16 16 0
2
43 43 
1
4621 18 14 0
2
41 43 
2
4628 20 12 0
4628 18 14 0
2
43 43 
1
4629 18 14 0
2
21 43 
2
4630 20 14 0
4630 18 14 0
2
43 43 
1
4631 18 14 0
2
41 43 
2
4632 20 12 0
4632 18 14 0
2
43 43 
1
4633 18 14 0
2
42 178 
2
4694 16 16 0
4694 10 2 0
2
43 110 
2
4634 18 14 0
4634 6 20 0
2
42 179 
2
4695 16 16 0
4695 30 22 0
2
42 180 
2
4696 16 16 0
4696 26 26 0
2
40 42 
2
4697 10 16 0
4697 16 16 0
2
41 43 
2
4635 20 12 0
4635 18 14 0
2
42 178 
2
4698 16 16 0
4698 10 2 0
2
43 110 
2
4636 18 14 0
4636 6 20 0
2
42 179 
2
4699 16 16 0
4699 30 22 0
2
43 127 
2
4637 18 14 0
4637 12 18 0
2
42 180 
2
4700 16 16 0
4700 26 26 0
2
20 40 
2
4698 14 16 0
4698 10 16 0
2
21 41 
2
4636 20 14 0
4636 20 12 0
2
38 40 
2
4699 4 16 0
4699 10 16 0
2
39 41 
2
4637 22 8 0
4637 20 12 0
2
42 42 
1
4701 16 16 0
2
40 42 
2
4702 10 16 0
4702 16 16 0
2
42 42 
1
4703 16 16 0
2
20 42 
2
4704 14 16 0
4704 16 16 0
2
42 42 
1
4705 16 16 0
2
40 42 
2
4706 10 16 0
4706 16 16 0
2
42 42 
1
4707 16 16 0
2
43 43 
1
4638 18 14 0
2
41 43 
2
4639 20 12 0
4639 18 14 0
2
43 43 
1
4640 18 14 0
2
21 43 
2
4641 20 14 0
4641 18 14 0
2
43 43 
1
4642 18 14 0
2
41 43 
2
4643 20 12 0
4643 18 14 0
2
43 43 
1
4644 18 14 0
2
42 179 
2
4708 16 16 0
4708 30 22 0
2
43 133 
2
4645 18 14 0
4645 10 12 0
2
42 180 
2
4709 16 16 0
4709 26 26 0
2
42 181 
2
4710 16 16 0
4710 32 20 0
2
40 42 
2
4711 10 16 0
4711 16 16 0
2
41 43 
2
4646 20 12 0
4646 18 14 0
2
42 179 
2
4712 16 16 0
4712 30 22 0
2
43 132 
2
4647 18 14 0
4647 8 16 0
2
42 180 
2
4713 16 16 0
4713 26 26 0
2
42 181 
2
4714 16 16 0
4714 32 20 0
2
20 40 
2
4712 14 16 0
4712 10 16 0
2
21 41 
2
4647 20 14 0
4647 20 12 0
2
18 38 
2
4700 4 18 0
4700 4 16 0
2
19 39 
2
4638 20 8 0
4638 22 8 0
2
36 38 
2
4701 4 22 0
4701 4 16 0
2
37 39 
2
4639 24 4 0
4639 22 8 0
2
40 40 
1
4713 10 16 0
2
38 40 
2
4714 4 16 0
4714 10 16 0
2
40 40 
1
4715 10 16 0
2
18 40 
2
4716 4 18 0
4716 10 16 0
2
40 40 
1
4717 10 16 0
2
38 40 
2
4718 4 16 0
4718 10 16 0
2
40 40 
1
4719 10 16 0
2
41 41 
1
4648 20 12 0
2
39 41 
2
4649 22 8 0
4649 20 12 0
2
41 41 
1
4650 20 12 0
2
19 41 
2
4651 20 8 0
4651 20 12 0
2
41 41 
1
4652 20 12 0
2
39 41 
2
4653 22 8 0
4653 20 12 0
2
41 41 
1
4654 20 12 0
2
42 42 
1
4715 16 16 0
2
40 42 
2
4720 10 16 0
4720 16 16 0
2
42 42 
1
4721 16 16 0
2
20 42 
2
4722 14 16 0
4722 16 16 0
2
42 42 
1
4723 16 16 0
2
40 42 
2
4724 10 16 0
4724 16 16 0
2
42 42 
1
4725 16 16 0
2
43 43 
1
4648 18 14 0
2
41 43 
2
4655 20 12 0
4655 18 14 0
2
43 43 
1
4656 18 14 0
2
21 43 
2
4657 20 14 0
4657 18 14 0
2
43 43 
1
4658 18 14 0
2
41 43 
2
4659 20 12 0
4659 18 14 0
2
43 43 
1
4660 18 14 0
2
42 71 
2
4726 16 16 0
4726 8 28 0
2
43 132 
2
4661 18 14 0
4661 8 16 0
2
42 72 
2
4727 16 16 0
4727 8 30 0
2
43 133 
2
4662 18 14 0
4662 10 12 0
2
42 73 
2
4728 16 16 0
4728 2 22 0
2
40 42 
2
4729 10 16 0
4729 16 16 0
2
41 43 
2
4663 20 12 0
4663 18 14 0
2
42 71 
2
4730 16 16 0
4730 8 28 0
2
43 135 
2
4664 18 14 0
4664 10 26 0
2
42 72 
2
4731 16 16 0
4731 8 30 0
2
42 73 
2
4732 16 16 0
4732 2 22 0
2
20 40 
2
4730 14 16 0
4730 10 16 0
2
21 41 
2
4664 20 14 0
4664 20 12 0
2
38 40 
2
4731 4 16 0
4731 10 16 0
2
39 41 
2
4665 22 8 0
4665 20 12 0
2
42 42 
1
4733 16 16 0
2
40 42 
2
4734 10 16 0
4734 16 16 0
2
42 42 
1
4735 16 16 0
2
20 42 
2
4736 14 16 0
4736 16 16 0
2
42 42 
1
4737 16 16 0
2
40 42 
2
4738 10 16 0
4738 16 16 0
2
42 42 
1
4739 16 16 0
2
43 43 
1
4665 18 14 0
2
41 43 
2
4666 20 12 0
4666 18 14 0
2
43 43 
1
4667 18 14 0
2
21 43 
2
4668 20 14 0
4668 18 14 0
2
43 43 
1
4669 18 14 0
2
41 43 
2
4670 20 12 0
4670 18 14 0
2
43 43 
1
4671 18 14 0
2
42 72 
2
4740 16 16 0
4740 8 30 0
2
43 134 
2
4672 18 14 0
4672 16 30 0
2
42 73 
2
4741 16 16 0
4741 2 22 0
2
42 74 
2
4742 16 16 0
4742 8 26 0
2
40 42 
2
4743 10 16 0
4743 16 16 0
2
41 43 
2
4673 20 12 0
4673 18 14 0
2
42 72 
2
4744 16 16 0
4744 8 30 0
2
43 134 
2
4674 18 14 0
4674 16 30 0
2
42 73 
2
4745 16 16 0
4745 2 22 0
2
43 135 
2
4675 18 14 0
4675 10 26 0
2
42 74 
2
4746 16 16 0
4746 8 26 0
2
20 40 
2
4744 14 16 0
4744 10 16 0
2
21 41 
2
4674 20 14 0
4674 20 12 0
2
18 38 
2
4732 4 18 0
4732 4 16 0
2
19 39 
2
4666 20 8 0
4666 22 8 0
2
16 36 
2
4702 4 24 0
4702 4 22 0
2
17 37 
2
4640 26 4 0
4640 24 4 0
2
14 34 
2
4572 4 26 0
4572 2 24 0
2
15 35 
2
4589 26 2 0
4589 28 2 0
2
32 34 
2
4573 2 28 0
4573 2 24 0
2
33 35 
2
4590 32 2 0
4590 28 2 0
2
36 36 
1
4703 4 22 0
2
34 36 
2
4704 2 24 0
4704 4 22 0
2
36 36 
1
4705 4 22 0
2
14 36 
2
4706 4 26 0
4706 4 22 0
2
36 36 
1
4707 4 22 0
2
34 36 
2
4708 2 24 0
4708 4 22 0
2
36 36 
1
4709 4 22 0
2
37 37 
1
4641 24 4 0
2
35 37 
2
4642 28 2 0
4642 24 4 0
2
37 37 
1
4643 24 4 0
2
15 37 
2
4644 26 2 0
4644 24 4 0
2
37 37 
1
4645 24 4 0
2
35 37 
2
4646 28 2 0
4646 24 4 0
2
37 37 
1
4647 24 4 0
2
38 38 
1
4733 4 16 0
2
36 38 
2
4734 4 22 0
4734 4 16 0
2
38 38 
1
4735 4 16 0
2
16 38 
2
4736 4 24 0
4736 4 16 0
2
38 38 
1
4737 4 16 0
2
36 38 
2
4738 4 22 0
4738 4 16 0
2
38 38 
1
4739 4 16 0
2
39 39 
1
4667 22 8 0
2
37 39 
2
4668 24 4 0
4668 22 8 0
2
39 39 
1
4669 22 8 0
2
17 39 
2
4670 26 4 0
4670 22 8 0
2
39 39 
1
4671 22 8 0
2
37 39 
2
4672 24 4 0
4672 22 8 0
2
39 39 
1
4673 22 8 0
2
40 40 
1
4745 10 16 0
2
38 40 
2
4746 4 16 0
4746 10 16 0
2
40 40 
1
4747 10 16 0
2
18 40 
2
4748 4 18 0
4748 10 16 0
2
40 40 
1
4749 10 16 0
2
38 40 
2
4750 4 16 0
4750 10 16 0
2
40 40 
1
4751 10 16 0
2
41 41 
1
4675 20 12 0
2
39 41 
2
4676 22 8 0
4676 20 12 0
2
41 41 
1
4677 20 12 0
2
19 41 
2
4678 20 8 0
4678 20 12 0
2
41 41 
1
4679 20 12 0
2
39 41 
2
4680 22 8 0
4680 20 12 0
2
41 41 
1
4681 20 12 0
2
42 42 
1
4747 16 16 0
2
40 42 
2
4752 10 16 0
4752 16 16 0
2
42 42 
1
4753 16 16 0
2
20 42 
2
4754 14 16 0
4754 16 16 0
2
42 42 
1
4755 16 16 0
2
40 42 
2
4756 10 16 0
4756 16 16 0
2
42 42 
1
4757 16 16 0
2
43 43 
1
4676 18 14 0
2
41 43 
2
4682 20 12 0
4682 18 14 0
2
43 43 
1
4683 18 14 0
2
21 43 
2
4684 20 14 0
4684 18 14 0
2
43 43 
1
4685 18 14 0
2
41 43 
2
4686 20 12 0
4686 18 14 0
2
43 43 
1
4687 18 14 0
2
42 71 
2
4758 16 16 0
4758 8 28 0
2
43 137 
2
4688 18 14 0
4688 16 28 0
2
42 72 
2
4759 16 16 0
4759 8 30 0
2
42 73 
2
4760 16 16 0
4760 2 22 0
2
42 74 
2
4761 16 16 0
4761 8 26 0
2
42 75 
2
4762 16 16 0
4762 10 30 0
2
42 76 
2
4763 16 16 0
4763 6 24 0
2
42 77 
2
4764 16 16 0
4764 14 32 0
2
42 78 
2
4765 16 16 0
4765 10 28 0
2
42 79 
2
4766 16 16 0
4766 2 20 0
2
42 80 
2
4767 16 16 0
4767 24 28 0
2
42 81 
2
4768 16 16 0
4768 6 6 0
2
42 82 
2
4769 16 16 0
4769 28 22 0
2
42 83 
2
4770 16 16 0
4770 10 4 0
2
42 84 
2
4771 16 16 0
4771 28 24 0
2
42 85 
2
4772 16 16 0
4772 30 20 0
2
42 88 
2
4773 16 16 0
4773 12 4 0
2
42 110 
2
4774 16 16 0
4774 6 20 0
2
42 127 
2
4775 16 16 0
4775 12 18 0
2
42 132 
2
4776 16 16 0
4776 8 16 0
2
42 133 
2
4777 16 16 0
4777 10 12 0
2
42 134 
2
4778 16 16 0
4778 16 30 0
2
40 42 
2
4779 10 16 0
4779 16 16 0
2
41 43 
2
4689 20 12 0
4689 18 14 0
2
42 71 
2
4780 16 16 0
4780 8 28 0
2
43 136 
2
4690 18 14 0
4690 16 26 0
2
42 72 
2
4781 16 16 0
4781 8 30 0
2
42 73 
2
4782 16 16 0
4782 2 22 0
2
42 74 
2
4783 16 16 0
4783 8 26 0
2
42 75 
2
4784 16 16 0
4784 10 30 0
2
42 76 
2
4785 16 16 0
4785 6 24 0
2
42 77 
2
4786 16 16 0
4786 14 32 0
2
42 78 
2
4787 16 16 0
4787 10 28 0
2
42 79 
2
4788 16 16 0
4788 2 20 0
2
42 80 
2
4789 16 16 0
4789 24 28 0
2
42 81 
2
4790 16 16 0
4790 6 6 0
2
42 82 
2
4791 16 16 0
4791 28 22 0
2
42 83 
2
4792 16 16 0
4792 10 4 0
2
42 84 
2
4793 16 16 0
4793 28 24 0
2
42 85 
2
4794 16 16 0
4794 30 20 0
2
42 88 
2
4795 16 16 0
4795 12 4 0
2
42 110 
2
4796 16 16 0
4796 6 20 0
2
42 127 
2
4797 16 16 0
4797 12 18 0
2
42 132 
2
4798 16 16 0
4798 8 16 0
2
42 133 
2
4799 16 16 0
4799 10 12 0
2
42 134 
2
4800 16 16 0
4800 16 30 0
2
20 40 
2
4780 14 16 0
4780 10 16 0
2
21 41 
2
4690 20 14 0
4690 20 12 0
2
38 40 
2
4781 4 16 0
4781 10 16 0
2
39 41 
2
4691 22 8 0
4691 20 12 0
2
42 42 
1
4801 16 16 0
2
40 42 
2
4802 10 16 0
4802 16 16 0
2
42 42 
1
4803 16 16 0
2
20 42 
2
4804 14 16 0
4804 16 16 0
2
42 42 
1
4805 16 16 0
2
40 42 
2
4806 10 16 0
4806 16 16 0
2
42 42 
1
4807 16 16 0
2
43 43 
1
4691 18 14 0
2
41 43 
2
4692 20 12 0
4692 18 14 0
2
43 43 
1
4693 18 14 0
2
21 43 
2
4694 20 14 0
4694 18 14 0
2
43 43 
1
4695 18 14 0
2
41 43 
2
4696 20 12 0
4696 18 14 0
2
43 43 
1
4697 18 14 0
2
42 72 
2
4808 16 16 0
4808 8 30 0
2
43 136 
2
4698 18 14 0
4698 16 26 0
2
42 73 
2
4809 16 16 0
4809 2 22 0
2
43 137 
2
4699 18 14 0
4699 16 28 0
2
42 74 
2
4810 16 16 0
4810 8 26 0
2
42 75 
2
4811 16 16 0
4811 10 30 0
2
42 76 
2
4812 16 16 0
4812 6 24 0
2
42 77 
2
4813 16 16 0
4813 14 32 0
2
42 78 
2
4814 16 16 0
4814 10 28 0
2
42 79 
2
4815 16 16 0
4815 2 20 0
2
42 80 
2
4816 16 16 0
4816 24 28 0
2
42 81 
2
4817 16 16 0
4817 6 6 0
2
42 82 
2
4818 16 16 0
4818 28 22 0
2
42 83 
2
4819 16 16 0
4819 10 4 0
2
42 84 
2
4820 16 16 0
4820 28 24 0
2
42 85 
2
4821 16 16 0
4821 30 20 0
2
42 88 
2
4822 16 16 0
4822 12 4 0
2
42 110 
2
4823 16 16 0
4823 6 20 0
2
42 127 
2
4824 16 16 0
4824 12 18 0
2
42 132 
2
4825 16 16 0
4825 8 16 0
2
42 133 
2
4826 16 16 0
4826 10 12 0
2
42 134 
2
4827 16 16 0
4827 16 30 0
2
42 135 
2
4828 16 16 0
4828 10 26 0
2
40 42 
2
4829 10 16 0
4829 16 16 0
2
41 43 
2
4700 20 12 0
4700 18 14 0
2
42 72 
2
4830 16 16 0
4830 8 30 0
2
43 139 
2
4701 18 14 0
4701 12 26 0
2
42 73 
2
4831 16 16 0
4831 2 22 0
2
42 74 
2
4832 16 16 0
4832 8 26 0
2
42 75 
2
4833 16 16 0
4833 10 30 0
2
42 76 
2
4834 16 16 0
4834 6 24 0
2
42 77 
2
4835 16 16 0
4835 14 32 0
2
42 78 
2
4836 16 16 0
4836 10 28 0
2
42 79 
2
4837 16 16 0
4837 2 20 0
2
42 80 
2
4838 16 16 0
4838 24 28 0
2
42 81 
2
4839 16 16 0
4839 6 6 0
2
42 82 
2
4840 16 16 0
4840 28 22 0
2
42 83 
2
4841 16 16 0
4841 10 4 0
2
42 84 
2
4842 16 16 0
4842 28 24 0
2
42 85 
2
4843 16 16 0
4843 30 20 0
2
42 88 
2
4844 16 16 0
4844 12 4 0
2
42 110 
2
4845 16 16 0
4845 6 20 0
2
42 127 
2
4846 16 16 0
4846 12 18 0
2
42 132 
2
4847 16 16 0
4847 8 16 0
2
42 133 
2
4848 16 16 0
4848 10 12 0
2
42 134 
2
4849 16 16 0
4849 16 30 0
2
42 135 
2
4850 16 16 0
4850 10 26 0
2
20 40 
2
4830 14 16 0
4830 10 16 0
2
21 41 
2
4701 20 14 0
4701 20 12 0
2
18 38 
2
4782 4 18 0
4782 4 16 0
2
19 39 
2
4692 20 8 0
4692 22 8 0
2
36 38 
2
4783 4 22 0
4783 4 16 0
2
37 39 
2
4693 24 4 0
4693 22 8 0
2
40 40 
1
4831 10 16 0
2
38 40 
2
4832 4 16 0
4832 10 16 0
2
40 40 
1
4833 10 16 0
2
18 40 
2
4834 4 18 0
4834 10 16 0
2
40 40 
1
4835 10 16 0
2
38 40 
2
4836 4 16 0
4836 10 16 0
2
40 40 
1
4837 10 16 0
2
41 41 
1
4702 20 12 0
2
39 41 
2
4703 22 8 0
4703 20 12 0
2
41 41 
1
4704 20 12 0
2
19 41 
2
4705 20 8 0
4705 20 12 0
2
41 41 
1
4706 20 12 0
2
39 41 
2
4707 22 8 0
4707 20 12 0
2
41 41 
1
4708 20 12 0
2
42 42 
1
4851 16 16 0
2
40 42 
2
4852 10 16 0
4852 16 16 0
2
42 42 
1
4853 16 16 0
2
20 42 
2
4854 14 16 0
4854 16 16 0
2
42 42 
1
4855 16 16 0
2
40 42 
2
4856 10 16 0
4856 16 16 0
2
42 42 
1
4857 16 16 0
2
43 43 
1
4702 18 14 0
2
41 43 
2
4709 20 12 0
4709 18 14 0
2
43 43 
1
4710 18 14 0
2
21 43 
2
4711 20 14 0
4711 18 14 0
2
43 43 
1
4712 18 14 0
2
41 43 
2
4713 20 12 0
4713 18 14 0
2
43 43 
1
4714 18 14 0
2
42 134 
2
4858 16 16 0
4858 16 30 0
2
43 138 
2
4715 18 14 0
4715 10 20 0
2
42 135 
2
4859 16 16 0
4859 10 26 0
2
42 136 
2
4860 16 16 0
4860 16 26 0
2
40 42 
2
4861 10 16 0
4861 16 16 0
2
41 43 
2
4716 20 12 0
4716 18 14 0
2
42 134 
2
4862 16 16 0
4862 16 30 0
2
43 138 
2
4717 18 14 0
4717 10 20 0
2
42 135 
2
4863 16 16 0
4863 10 26 0
2
43 139 
2
4718 18 14 0
4718 12 26 0
2
42 136 
2
4864 16 16 0
4864 16 26 0
2
20 40 
2
4862 14 16 0
4862 10 16 0
2
21 41 
2
4717 20 14 0
4717 20 12 0
2
38 40 
2
4863 4 16 0
4863 10 16 0
2
39 41 
2
4718 22 8 0
4718 20 12 0
2
42 42 
1
4865 16 16 0
2
40 42 
2
4866 10 16 0
4866 16 16 0
2
42 42 
1
4867 16 16 0
2
20 42 
2
4868 14 16 0
4868 16 16 0
2
42 42 
1
4869 16 16 0
2
40 42 
2
4870 10 16 0
4870 16 16 0
2
42 42 
1
4871 16 16 0
2
43 43 
1
4719 18 14 0
2
41 43 
2
4720 20 12 0
4720 18 14 0
2
43 43 
1
4721 18 14 0
2
21 43 
2
4722 20 14 0
4722 18 14 0
2
43 43 
1
4723 18 14 0
2
41 43 
2
4724 20 12 0
4724 18 14 0
2
43 43 
1
4725 18 14 0
2
42 135 
2
4872 16 16 0
4872 10 26 0
2
43 141 
2
4726 18 14 0
4726 14 20 0
2
42 136 
2
4873 16 16 0
4873 16 26 0
2
42 137 
2
4874 16 16 0
4874 16 28 0
2
40 42 
2
4875 10 16 0
4875 16 16 0
2
41 43 
2
4727 20 12 0
4727 18 14 0
2
42 135 
2
4876 16 16 0
4876 10 26 0
2
43 140 
2
4728 18 14 0
4728 14 18 0
2
42 136 
2
4877 16 16 0
4877 16 26 0
2
42 137 
2
4878 16 16 0
4878 16 28 0
2
20 40 
2
4876 14 16 0
4876 10 16 0
2
21 41 
2
4728 20 14 0
4728 20 12 0
2
18 38 
2
4864 4 18 0
4864 4 16 0
2
19 39 
2
4719 20 8 0
4719 22 8 0
2
16 36 
2
4784 4 24 0
4784 4 22 0
2
17 37 
2
4694 26 4 0
4694 24 4 0
2
34 36 
2
4785 2 24 0
4785 4 22 0
2
35 37 
2
4695 28 2 0
4695 24 4 0
2
38 38 
1
4865 4 16 0
2
36 38 
2
4866 4 22 0
4866 4 16 0
2
38 38 
1
4867 4 16 0
2
16 38 
2
4868 4 24 0
4868 4 16 0
2
38 38 
1
4869 4 16 0
2
36 38 
2
4870 4 22 0
4870 4 16 0
2
38 38 
1
4871 4 16 0
2
39 39 
1
4720 22 8 0
2
37 39 
2
4721 24 4 0
4721 22 8 0
2
39 39 
1
4722 22 8 0
2
17 39 
2
4723 26 4 0
4723 22 8 0
2
39 39 
1
4724 22 8 0
2
37 39 
2
4725 24 4 0
4725 22 8 0
2
39 39 
1
4726 22 8 0
2
40 40 
1
4877 10 16 0
2
38 40 
2
4878 4 16 0
4878 10 16 0
2
40 40 
1
4879 10 16 0
2
18 40 
2
4880 4 18 0
4880 10 16 0
2
40 40 
1
4881 10 16 0
2
38 40 
2
4882 4 16 0
4882 10 16 0
2
40 40 
1
4883 10 16 0
2
41 41 
1
4729 20 12 0
2
39 41 
2
4730 22 8 0
4730 20 12 0
2
41 41 
1
4731 20 12 0
2
19 41 
2
4732 20 8 0
4732 20 12 0
2
41 41 
1
4733 20 12 0
2
39 41 
2
4734 22 8 0
4734 20 12 0
2
41 41 
1
4735 20 12 0
2
42 42 
1
4879 16 16 0
2
40 42 
2
4884 10 16 0
4884 16 16 0
2
42 42 
1
4885 16 16 0
2
20 42 
2
4886 14 16 0
4886 16 16 0
2
42 42 
1
4887 16 16 0
2
40 42 
2
4888 10 16 0
4888 16 16 0
2
42 42 
1
4889 16 16 0
2
43 43 
1
4729 18 14 0
2
41 43 
2
4736 20 12 0
4736 18 14 0
2
43 43 
1
4737 18 14 0
2
21 43 
2
4738 20 14 0
4738 18 14 0
2
43 43 
1
4739 18 14 0
2
41 43 
2
4740 20 12 0
4740 18 14 0
2
43 43 
1
4741 18 14 0
2
42 134 
2
4890 16 16 0
4890 16 30 0
2
43 140 
2
4742 18 14 0
4742 14 18 0
2
42 135 
2
4891 16 16 0
4891 10 26 0
2
43 141 
2
4743 18 14 0
4743 14 20 0
2
42 136 
2
4892 16 16 0
4892 16 26 0
2
42 137 
2
4893 16 16 0
4893 16 28 0
2
42 138 
2
4894 16 16 0
4894 10 20 0
2
42 139 
2
4895 16 16 0
4895 12 26 0
2
42 140 
2
4896 16 16 0
4896 14 18 0
2
42 141 
2
4897 16 16 0
4897 14 20 0
2
42 142 
2
4898 16 16 0
4898 8 12 0
2
42 143 
2
4899 16 16 0
4899 22 24 0
2
42 144 
2
4900 16 16 0
4900 24 18 0
2
42 145 
2
4901 16 16 0
4901 22 10 0
2
42 146 
2
4902 16 16 0
4902 30 12 0
2
42 147 
2
4903 16 16 0
4903 4 8 0
2
42 148 
2
4904 16 16 0
4904 12 30 0
2
42 165 
2
4905 16 16 0
4905 4 20 0
2
42 187 
2
4906 16 16 0
4906 12 28 0
2
42 190 
2
4907 16 16 0
4907 26 16 0
2
42 192 
2
4908 16 16 0
4908 18 26 0
2
42 193 
2
4909 16 16 0
4909 6 16 0
2
42 194 
2
4910 16 16 0
4910 14 22 0
2
40 42 
2
4911 10 16 0
4911 16 16 0
2
41 43 
2
4744 20 12 0
4744 18 14 0
2
42 134 
2
4912 16 16 0
4912 16 30 0
2
43 143 
2
4900 18 14 0
4900 22 24 0
2
42 135 
2
4913 16 16 0
4913 10 26 0
2
42 136 
2
4914 16 16 0
4914 16 26 0
2
42 137 
2
4915 16 16 0
4915 16 28 0
2
42 138 
2
4916 16 16 0
4916 10 20 0
2
42 139 
2
4917 16 16 0
4917 12 26 0
2
42 140 
2
4918 16 16 0
4918 14 18 0
2
42 141 
2
4919 16 16 0
4919 14 20 0
2
42 142 
2
4920 16 16 0
4920 8 12 0
2
42 143 
2
4921 16 16 0
4921 22 24 0
2
42 144 
2
4922 16 16 0
4922 24 18 0
2
42 145 
2
4923 16 16 0
4923 22 10 0
2
42 146 
2
4924 16 16 0
4924 30 12 0
2
42 147 
2
4925 16 16 0
4925 4 8 0
2
42 148 
2
4926 16 16 0
4926 12 30 0
2
42 165 
2
4927 16 16 0
4927 4 20 0
2
42 187 
2
4928 16 16 0
4928 12 28 0
2
42 190 
2
4929 16 16 0
4929 26 16 0
2
42 192 
2
4930 16 16 0
4930 18 26 0
2
42 193 
2
4931 16 16 0
4931 6 16 0
2
42 194 
2
4932 16 16 0
4932 14 22 0
2
20 40 
2
4912 14 16 0
4912 10 16 0
2
21 41 
2
4745 20 14 0
4745 20 12 0
2
38 40 
2
4913 4 16 0
4913 10 16 0
2
39 41 
2
4746 22 8 0
4746 20 12 0
2
42 42 
1
4933 16 16 0
2
40 42 
2
4934 10 16 0
4934 16 16 0
2
42 42 
1
4935 16 16 0
2
20 42 
2
4936 14 16 0
4936 16 16 0
2
42 42 
1
4937 16 16 0
2
40 42 
2
4938 10 16 0
4938 16 16 0
2
42 42 
1
4939 16 16 0
2
43 43 
1
4901 18 14 0
2
41 43 
2
4902 20 12 0
4902 18 14 0
2
43 43 
1
4903 18 14 0
2
21 43 
2
4904 20 14 0
4904 18 14 0
2
43 43 
1
4905 18 14 0
2
41 43 
2
4906 20 12 0
4906 18 14 0
2
43 43 
1
4907 18 14 0
2
42 135 
2
4940 16 16 0
4940 10 26 0
2
43 142 
2
4921 18 14 0
4921 8 12 0
2
42 136 
2
4941 16 16 0
4941 16 26 0
2
42 137 
2
4942 16 16 0
4942 16 28 0
2
42 138 
2
4943 16 16 0
4943 10 20 0
2
42 139 
2
4944 16 16 0
4944 12 26 0
2
42 140 
2
4945 16 16 0
4945 14 18 0
2
42 141 
2
4946 16 16 0
4946 14 20 0
2
42 142 
2
4947 16 16 0
4947 8 12 0
2
42 143 
2
4948 16 16 0
4948 22 24 0
2
42 144 
2
4949 16 16 0
4949 24 18 0
2
42 145 
2
4950 16 16 0
4950 22 10 0
2
42 146 
2
4951 16 16 0
4951 30 12 0
2
42 147 
2
4952 16 16 0
4952 4 8 0
2
42 148 
2
4953 16 16 0
4953 12 30 0
2
42 165 
2
4954 16 16 0
4954 4 20 0
2
42 187 
2
4955 16 16 0
4955 12 28 0
2
42 190 
2
4956 16 16 0
4956 26 16 0
2
42 192 
2
4957 16 16 0
4957 18 26 0
2
42 193 
2
4958 16 16 0
4958 6 16 0
2
42 194 
2
4959 16 16 0
4959 14 22 0
2
42 195 
2
4960 16 16 0
4960 10 22 0
2
40 42 
2
4961 10 16 0
4961 16 16 0
2
41 43 
2
4922 20 12 0
4922 18 14 0
2
42 135 
2
4962 16 16 0
4962 10 26 0
2
43 142 
2
4948 18 14 0
4948 8 12 0
2
42 136 
2
4963 16 16 0
4963 16 26 0
2
43 143 
2
4949 18 14 0
4949 22 24 0
2
42 137 
2
4964 16 16 0
4964 16 28 0
2
42 138 
2
4965 16 16 0
4965 10 20 0
2
42 139 
2
4966 16 16 0
4966 12 26 0
2
42 140 
2
4967 16 16 0
4967 14 18 0
2
42 141 
2
4968 16 16 0
4968 14 20 0
2
42 142 
2
4969 16 16 0
4969 8 12 0
2
42 143 
2
4970 16 16 0
4970 22 24 0
2
42 144 
2
4971 16 16 0
4971 24 18 0
2
42 145 
2
4972 16 16 0
4972 22 10 0
2
42 146 
2
4973 16 16 0
4973 30 12 0
2
42 147 
2
4974 16 16 0
4974 4 8 0
2
42 148 
2
4975 16 16 0
4975 12 30 0
2
42 165 
2
4976 16 16 0
4976 4 20 0
2
42 187 
2
4977 16 16 0
4977 12 28 0
2
42 190 
2
4978 16 16 0
4978 26 16 0
2
42 192 
2
4979 16 16 0
4979 18 26 0
2
42 193 
2
4980 16 16 0
4980 6 16 0
2
42 194 
2
4981 16 16 0
4981 14 22 0
2
42 195 
2
4982 16 16 0
4982 10 22 0
2
20 40 
2
4962 14 16 0
4962 10 16 0
2
21 41 
2
4923 20 14 0
4923 20 12 0
2
18 38 
2
4914 4 18 0
4914 4 16 0
2
19 39 
2
4747 20 8 0
4747 22 8 0
2
36 38 
2
4915 4 22 0
4915 4 16 0
2
37 39 
2
4748 24 4 0
4748 22 8 0
2
40 40 
1
4963 10 16 0
2
38 40 
2
4964 4 16 0
4964 10 16 0
2
40 40 
1
4965 10 16 0
2
18 40 
2
4966 4 18 0
4966 10 16 0
2
40 40 
1
4967 10 16 0
2
38 40 
2
4968 4 16 0
4968 10 16 0
2
40 40 
1
4969 10 16 0
2
41 41 
1
4924 20 12 0
2
39 41 
2
4925 22 8 0
4925 20 12 0
2
41 41 
1
4926 20 12 0
2
19 41 
2
4927 20 8 0
4927 20 12 0
2
41 41 
1
4928 20 12 0
2
39 41 
2
4929 22 8 0
4929 20 12 0
2
41 41 
1
4930 20 12 0
2
42 42 
1
4983 16 16 0
2
40 42 
2
4984 10 16 0
4984 16 16 0
2
42 42 
1
4985 16 16 0
2
20 42 
2
4986 14 16 0
4986 16 16 0
2
42 42 
1
4987 16 16 0
2
40 42 
2
4988 10 16 0
4988 16 16 0
2
42 42 
1
4989 16 16 0
2
43 43 
1
4950 18 14 0
2
41 43 
2
4951 20 12 0
4951 18 14 0
2
43 43 
1
4952 18 14 0
2
21 43 
2
4953 20 14 0
4953 18 14 0
2
43 43 
1
4954 18 14 0
2
41 43 
2
4955 20 12 0
4955 18 14 0
2
43 43 
1
4956 18 14 0
2
42 194 
2
4990 16 16 0
4990 14 22 0
2
43 145 
2
4973 18 14 0
4973 22 10 0
2
42 195 
2
4991 16 16 0
4991 10 22 0
2
42 196 
2
4992 16 16 0
4992 8 18 0
2
40 42 
2
4993 10 16 0
4993 16 16 0
2
41 43 
2
4974 20 12 0
4974 18 14 0
2
42 194 
2
4994 16 16 0
4994 14 22 0
2
43 144 
2
4975 18 14 0
4975 24 18 0
2
42 195 
2
4995 16 16 0
4995 10 22 0
2
42 196 
2
4996 16 16 0
4996 8 18 0
2
20 40 
2
4994 14 16 0
4994 10 16 0
2
21 41 
2
4975 20 14 0
4975 20 12 0
2
38 40 
2
4995 4 16 0
4995 10 16 0
2
39 41 
2
4976 22 8 0
4976 20 12 0
2
42 42 
1
4997 16 16 0
2
40 42 
2
4998 10 16 0
4998 16 16 0
2
42 42 
1
4999 16 16 0
2
20 42 
2
5000 14 16 0
5000 16 16 0
2
42 42 
1
5001 16 16 0
2
40 42 
2
5002 10 16 0
5002 16 16 0
2
42 42 
1
5003 16 16 0
2
43 43 
1
4976 18 14 0
2
41 43 
2
4977 20 12 0
4977 18 14 0
2
43 43 
1
4978 18 14 0
2
21 43 
2
4979 20 14 0
4979 18 14 0
2
43 43 
1
4980 18 14 0
2
41 43 
2
4981 20 12 0
4981 18 14 0
2
43 43 
1
4982 18 14 0
2
42 195 
2
5004 16 16 0
5004 10 22 0
2
43 144 
2
4983 18 14 0
4983 24 18 0
2
42 196 
2
5005 16 16 0
5005 8 18 0
2
43 145 
2
4984 18 14 0
4984 22 10 0
2
42 197 
2
5006 16 16 0
5006 16 22 0
2
40 42 
2
5007 10 16 0
5007 16 16 0
2
41 43 
2
4985 20 12 0
4985 18 14 0
2
42 195 
2
5008 16 16 0
5008 10 22 0
2
43 147 
2
4986 18 14 0
4986 4 8 0
2
42 196 
2
5009 16 16 0
5009 8 18 0
2
42 197 
2
5010 16 16 0
5010 16 22 0
2
20 40 
2
5008 14 16 0
5008 10 16 0
2
21 41 
2
4986 20 14 0
4986 20 12 0
2
18 38 
2
4996 4 18 0
4996 4 16 0
2
19 39 
2
4977 20 8 0
4977 22 8 0
2
16 36 
2
4916 4 24 0
4916 4 22 0
2
17 37 
2
4749 26 4 0
4749 24 4 0
2
14 34 
2
4786 4 26 0
4786 2 24 0
2
15 35 
2
4696 26 2 0
4696 28 2 0
2
12 32 
2
4574 2 26 0
4574 2 28 0
2
13 33 
2
4591 30 2 0
4591 32 2 0
2
30 32 
2
4575 4 28 0
4575 2 28 0
2
31 33 
2
4592 32 6 0
4592 32 2 0
2
34 34 
1
4787 2 24 0
2
32 34 
2
4788 2 28 0
4788 2 24 0
2
34 34 
1
4789 2 24 0
2
12 34 
2
4790 2 26 0
4790 2 24 0
2
34 34 
1
4791 2 24 0
2
32 34 
2
4792 2 28 0
4792 2 24 0
2
34 34 
1
4793 2 24 0
2
35 35 
1
4697 28 2 0
2
33 35 
2
4698 32 2 0
4698 28 2 0
2
35 35 
1
4699 28 2 0
2
13 35 
2
4700 30 2 0
4700 28 2 0
2
35 35 
1
4701 28 2 0
2
33 35 
2
4702 32 2 0
4702 28 2 0
2
35 35 
1
4703 28 2 0
2
36 36 
1
4917 4 22 0
2
34 36 
2
4918 2 24 0
4918 4 22 0
2
36 36 
1
4919 4 22 0
2
14 36 
2
4920 4 26 0
4920 4 22 0
2
36 36 
1
4921 4 22 0
2
34 36 
2
4922 2 24 0
4922 4 22 0
2
36 36 
1
4923 4 22 0
2
37 37 
1
4750 24 4 0
2
35 37 
2
4751 28 2 0
4751 24 4 0
2
37 37 
1
4752 24 4 0
2
15 37 
2
4753 26 2 0
4753 24 4 0
2
37 37 
1
4754 24 4 0
2
35 37 
2
4755 28 2 0
4755 24 4 0
2
37 37 
1
4756 24 4 0
2
38 38 
1
4997 4 16 0
2
36 38 
2
4998 4 22 0
4998 4 16 0
2
38 38 
1
4999 4 16 0
2
16 38 
2
5000 4 24 0
5000 4 16 0
2
38 38 
1
5001 4 16 0
2
36 38 
2
5002 4 22 0
5002 4 16 0
2
38 38 
1
5003 4 16 0
2
39 39 
1
4978 22 8 0
2
37 39 
2
4979 24 4 0
4979 22 8 0
2
39 39 
1
4980 22 8 0
2
17 39 
2
4981 26 4 0
4981 22 8 0
2
39 39 
1
4982 22 8 0
2
37 39 
2
4983 24 4 0
4983 22 8 0
2
39 39 
1
4984 22 8 0
2
40 40 
1
5009 10 16 0
2
38 40 
2
5010 4 16 0
5010 10 16 0
2
40 40 
1
5011 10 16 0
2
18 40 
2
5012 4 18 0
5012 10 16 0
2
40 40 
1
5013 10 16 0
2
38 40 
2
5014 4 16 0
5014 10 16 0
2
40 40 
1
5015 10 16 0
2
41 41 
1
4987 20 12 0
2
39 41 
2
4988 22 8 0
4988 20 12 0
2
41 41 
1
4989 20 12 0
2
19 41 
2
4990 20 8 0
4990 20 12 0
2
41 41 
1
4991 20 12 0
2
39 41 
2
4992 22 8 0
4992 20 12 0
2
41 41 
1
4993 20 12 0
2
42 42 
1
5011 16 16 0
2
40 42 
2
5016 10 16 0
5016 16 16 0
2
42 42 
1
5017 16 16 0
2
20 42 
2
5018 14 16 0
5018 16 16 0
2
42 42 
1
5019 16 16 0
2
40 42 
2
5020 10 16 0
5020 16 16 0
2
42 42 
1
5021 16 16 0
2
43 43 
1
4987 18 14 0
2
41 43 
2
4994 20 12 0
4994 18 14 0
2
43 43 
1
4995 18 14 0
2
21 43 
2
4996 20 14 0
4996 18 14 0
2
43 43 
1
4997 18 14 0
2
41 43 
2
4998 20 12 0
4998 18 14 0
2
43 43 
1
4999 18 14 0
2
42 194 
2
5022 16 16 0
5022 14 22 0
2
43 146 
2
5000 18 14 0
5000 30 12 0
2
42 195 
2
5023 16 16 0
5023 10 22 0
2
42 196 
2
5024 16 16 0
5024 8 18 0
2
42 197 
2
5025 16 16 0
5025 16 22 0
2
42 198 
2
5026 16 16 0
5026 16 18 0
2
42 199 
2
5027 16 16 0
5027 14 28 0
2
42 200 
2
5028 16 16 0
5028 10 18 0
2
42 201 
2
5029 16 16 0
5029 18 20 0
2
42 202 
2
5030 16 16 0
5030 14 14 0
2
42 203 
2
5031 16 16 0
5031 2 14 0
2
42 204 
2
5032 16 16 0
5032 20 20 0
2
42 205 
2
5033 16 16 0
5033 18 10 0
2
42 206 
2
5034 16 16 0
5034 26 24 0
2
42 207 
2
5035 16 16 0
5035 4 10 0
2
42 208 
2
5036 16 16 0
5036 32 16 0
2
42 209 
2
5037 16 16 0
5037 2 18 0
2
42 210 
2
5038 16 16 0
5038 8 24 0
2
42 211 
2
5039 16 16 0
5039 6 18 0
2
42 212 
2
5040 16 16 0
5040 16 24 0
2
42 213 
2
5041 16 16 0
5041 16 32 0
2
42 214 
2
5042 16 16 0
5042 12 20 0
2
40 42 
2
5043 10 16 0
5043 16 16 0
2
41 43 
2
5001 20 12 0
5001 18 14 0
2
42 194 
2
5044 16 16 0
5044 14 22 0
2
43 146 
2
5002 18 14 0
5002 30 12 0
2
42 195 
2
5045 16 16 0
5045 10 22 0
2
43 147 
2
5003 18 14 0
5003 4 8 0
2
42 196 
2
5046 16 16 0
5046 8 18 0
2
42 197 
2
5047 16 16 0
5047 16 22 0
2
42 198 
2
5048 16 16 0
5048 16 18 0
2
42 199 
2
5049 16 16 0
5049 14 28 0
2
42 200 
2
5050 16 16 0
5050 10 18 0
2
42 201 
2
5051 16 16 0
5051 18 20 0
2
42 202 
2
5052 16 16 0
5052 14 14 0
2
42 203 
2
5053 16 16 0
5053 2 14 0
2
42 204 
2
5054 16 16 0
5054 20 20 0
2
42 205 
2
5055 16 16 0
5055 18 10 0
2
42 206 
2
5056 16 16 0
5056 26 24 0
2
42 207 
2
5057 16 16 0
5057 4 10 0
2
42 208 
2
5058 16 16 0
5058 32 16 0
2
42 209 
2
5059 16 16 0
5059 2 18 0
2
42 210 
2
5060 16 16 0
5060 8 24 0
2
42 211 
2
5061 16 16 0
5061 6 18 0
2
42 212 
2
5062 16 16 0
5062 16 24 0
2
42 213 
2
5063 16 16 0
5063 16 32 0
2
42 214 
2
5064 16 16 0
5064 12 20 0
2
20 40 
2
5044 14 16 0
5044 10 16 0
2
21 41 
2
5002 20 14 0
5002 20 12 0
2
38 40 
2
5045 4 16 0
5045 10 16 0
2
39 41 
2
5003 22 8 0
5003 20 12 0
2
42 42 
1
5065 16 16 0
2
40 42 
2
5066 10 16 0
5066 16 16 0
2
42 42 
1
5067 16 16 0
2
20 42 
2
5068 14 16 0
5068 16 16 0
2
42 42 
1
5069 16 16 0
2
40 42 
2
5070 10 16 0
5070 16 16 0
2
42 42 
1
5071 16 16 0
2
43 43 
1
5004 18 14 0
2
41 43 
2
5005 20 12 0
5005 18 14 0
2
43 43 
1
5006 18 14 0
2
21 43 
2
5007 20 14 0
5007 18 14 0
2
43 43 
1
5008 18 14 0
2
41 43 
2
5009 20 12 0
5009 18 14 0
2
43 43 
1
5010 18 14 0
2
42 195 
2
5072 16 16 0
5072 10 22 0
2
43 165 
2
5011 18 14 0
5011 4 20 0
2
42 196 
2
5073 16 16 0
5073 8 18 0
2
42 197 
2
5074 16 16 0
5074 16 22 0
2
42 198 
2
5075 16 16 0
5075 16 18 0
2
42 199 
2
5076 16 16 0
5076 14 28 0
2
42 200 
2
5077 16 16 0
5077 10 18 0
2
42 201 
2
5078 16 16 0
5078 18 20 0
2
42 202 
2
5079 16 16 0
5079 14 14 0
2
42 203 
2
5080 16 16 0
5080 2 14 0
2
42 204 
2
5081 16 16 0
5081 20 20 0
2
42 205 
2
5082 16 16 0
5082 18 10 0
2
42 206 
2
5083 16 16 0
5083 26 24 0
2
42 207 
2
5084 16 16 0
5084 4 10 0
2
42 208 
2
5085 16 16 0
5085 32 16 0
2
42 209 
2
5086 16 16 0
5086 2 18 0
2
42 210 
2
5087 16 16 0
5087 8 24 0
2
42 211 
2
5088 16 16 0
5088 6 18 0
2
42 212 
2
5089 16 16 0
5089 16 24 0
2
42 213 
2
5090 16 16 0
5090 16 32 0
2
42 214 
2
5091 16 16 0
5091 12 20 0
2
42 215 
2
5092 16 16 0
5092 18 16 0
2
40 42 
2
5093 10 16 0
5093 16 16 0
2
41 43 
2
5012 20 12 0
5012 18 14 0
2
42 195 
2
5094 16 16 0
5094 10 22 0
2
43 148 
2
5013 18 14 0
5013 12 30 0
2
42 196 
2
5095 16 16 0
5095 8 18 0
2
42 197 
2
5096 16 16 0
5096 16 22 0
2
42 198 
2
5097 16 16 0
5097 16 18 0
2
42 199 
2
5098 16 16 0
5098 14 28 0
2
42 200 
2
5099 16 16 0
5099 10 18 0
2
42 201 
2
5100 16 16 0
5100 18 20 0
2
42 202 
2
5101 16 16 0
5101 14 14 0
2
42 203 
2
5102 16 16 0
5102 2 14 0
2
42 204 
2
5103 16 16 0
5103 20 20 0
2
42 205 
2
5104 16 16 0
5104 18 10 0
2
42 206 
2
5105 16 16 0
5105 26 24 0
2
42 207 
2
5106 16 16 0
5106 4 10 0
2
42 208 
2
5107 16 16 0
5107 32 16 0
2
42 209 
2
5108 16 16 0
5108 2 18 0
2
42 210 
2
5109 16 16 0
5109 8 24 0
2
42 211 
2
5110 16 16 0
5110 6 18 0
2
42 212 
2
5111 16 16 0
5111 16 24 0
2
42 213 
2
5112 16 16 0
5112 16 32 0
2
42 214 
2
5113 16 16 0
5113 12 20 0
2
42 215 
2
5114 16 16 0
5114 18 16 0
2
20 40 
2
5094 14 16 0
5094 10 16 0
2
21 41 
2
5013 20 14 0
5013 20 12 0
2
18 38 
2
5046 4 18 0
5046 4 16 0
2
19 39 
2
5004 20 8 0
5004 22 8 0
2
36 38 
2
5047 4 22 0
5047 4 16 0
2
37 39 
2
5005 24 4 0
5005 22 8 0
2
40 40 
1
5095 10 16 0
2
38 40 
2
5096 4 16 0
5096 10 16 0
2
40 40 
1
5097 10 16 0
2
18 40 
2
5098 4 18 0
5098 10 16 0
2
40 40 
1
5099 10 16 0
2
38 40 
2
5100 4 16 0
5100 10 16 0
2
40 40 
1
5101 10 16 0
2
41 41 
1
5014 20 12 0
2
39 41 
2
5015 22 8 0
5015 20 12 0
2
41 41 
1
5016 20 12 0
2
19 41 
2
5017 20 8 0
5017 20 12 0
2
41 41 
1
5018 20 12 0
2
39 41 
2
5019 22 8 0
5019 20 12 0
2
41 41 
1
5020 20 12 0
2
42 42 
1
5115 16 16 0
2
40 42 
2
5116 10 16 0
5116 16 16 0
2
42 42 
1
5117 16 16 0
2
20 42 
2
5118 14 16 0
5118 16 16 0
2
42 42 
1
5119 16 16 0
2
40 42 
2
5120 10 16 0
5120 16 16 0
2
42 42 
1
5121 16 16 0
2
43 43 
1
5014 18 14 0
2
41 43 
2
5021 20 12 0
5021 18 14 0
2
43 43 
1
5022 18 14 0
2
21 43 
2
5023 20 14 0
5023 18 14 0
2
43 43 
1
5024 18 14 0
2
41 43 
2
5025 20 12 0
5025 18 14 0
2
43 43 
1
5026 18 14 0
2
42 214 
2
5122 16 16 0
5122 12 20 0
2
43 148 
2
5027 18 14 0
5027 12 30 0
2
42 215 
2
5123 16 16 0
5123 18 16 0
2
43 165 
2
5028 18 14 0
5028 4 20 0
2
42 216 
2
5124 16 16 0
5124 8 20 0
2
40 42 
2
5125 10 16 0
5125 16 16 0
2
41 43 
2
5029 20 12 0
5029 18 14 0
2
42 214 
2
5126 16 16 0
5126 12 20 0
2
43 190 
2
5030 18 14 0
5030 26 16 0
2
42 215 
2
5127 16 16 0
5127 18 16 0
2
42 216 
2
5128 16 16 0
5128 8 20 0
2
20 40 
2
5126 14 16 0
5126 10 16 0
2
21 41 
2
5030 20 14 0
5030 20 12 0
2
38 40 
2
5127 4 16 0
5127 10 16 0
2
39 41 
2
5031 22 8 0
5031 20 12 0
2
42 42 
1
5129 16 16 0
2
40 42 
2
5130 10 16 0
5130 16 16 0
2
42 42 
1
5131 16 16 0
2
20 42 
2
5132 14 16 0
5132 16 16 0
2
42 42 
1
5133 16 16 0
2
40 42 
2
5134 10 16 0
5134 16 16 0
2
42 42 
1
5135 16 16 0
2
43 43 
1
5031 18 14 0
2
41 43 
2
5032 20 12 0
5032 18 14 0
2
43 43 
1
5033 18 14 0
2
21 43 
2
5034 20 14 0
5034 18 14 0
2
43 43 
1
5035 18 14 0
2
41 43 
2
5036 20 12 0
5036 18 14 0
2
43 43 
1
5037 18 14 0
2
42 215 
2
5136 16 16 0
5136 18 16 0
2
43 187 
2
5038 18 14 0
5038 12 28 0
2
42 216 
2
5137 16 16 0
5137 8 20 0
2
42 217 
2
5138 16 16 0
5138 14 26 0
2
40 42 
2
5139 10 16 0
5139 16 16 0
2
41 43 
2
5039 20 12 0
5039 18 14 0
2
42 215 
2
5140 16 16 0
5140 18 16 0
2
43 187 
2
5040 18 14 0
5040 12 28 0
2
42 216 
2
5141 16 16 0
5141 8 20 0
2
43 190 
2
5041 18 14 0
5041 26 16 0
2
42 217 
2
5142 16 16 0
5142 14 26 0
2
20 40 
2
5140 14 16 0
5140 10 16 0
2
21 41 
2
5040 20 14 0
5040 20 12 0
2
18 38 
2
5128 4 18 0
5128 4 16 0
2
19 39 
2
5032 20 8 0
5032 22 8 0
2
16 36 
2
5048 4 24 0
5048 4 22 0
2
17 37 
2
5006 26 4 0
5006 24 4 0
2
34 36 
2
5049 2 24 0
5049 4 22 0
2
35 37 
2
5007 28 2 0
5007 24 4 0
2
38 38 
1
5129 4 16 0
2
36 38 
2
5130 4 22 0
5130 4 16 0
2
38 38 
1
5131 4 16 0
2
16 38 
2
5132 4 24 0
5132 4 16 0
2
38 38 
1
5133 4 16 0
2
36 38 
2
5134 4 22 0
5134 4 16 0
2
38 38 
1
5135 4 16 0
2
39 39 
1
5033 22 8 0
2
37 39 
2
5034 24 4 0
5034 22 8 0
2
39 39 
1
5035 22 8 0
2
17 39 
2
5036 26 4 0
5036 22 8 0
2
39 39 
1
5037 22 8 0
2
37 39 
2
5038 24 4 0
5038 22 8 0
2
39 39 
1
5039 22 8 0
2
40 40 
1
5141 10 16 0
2
38 40 
2
5142 4 16 0
5142 10 16 0
2
40 40 
1
5143 10 16 0
2
18 40 
2
5144 4 18 0
5144 10 16 0
2
40 40 
1
5145 10 16 0
2
38 40 
2
5146 4 16 0
5146 10 16 0
2
40 40 
1
5147 10 16 0
2
41 41 
1
5041 20 12 0
2
39 41 
2
5042 22 8 0
5042 20 12 0
2
41 41 
1
5043 20 12 0
2
19 41 
2
5044 20 8 0
5044 20 12 0
2
41 41 
1
5045 20 12 0
2
39 41 
2
5046 22 8 0
5046 20 12 0
2
41 41 
1
5047 20 12 0
2
42 42 
1
5143 16 16 0
2
40 42 
2
5148 10 16 0
5148 16 16 0
2
42 42 
1
5149 16 16 0
2
20 42 
2
5150 14 16 0
5150 16 16 0
2
42 42 
1
5151 16 16 0
2
40 42 
2
5152 10 16 0
5152 16 16 0
2
42 42 
1
5153 16 16 0
2
43 43 
1
5042 18 14 0
2
41 43 
2
5048 20 12 0
5048 18 14 0
2
43 43 
1
5049 18 14 0
2
21 43 
2
5050 20 14 0
5050 18 14 0
2
43 43 
1
5051 18 14 0
2
41 43 
2
5052 20 12 0
5052 18 14 0
2
43 43 
1
5053 18 14 0
2
42 214 
2
5154 16 16 0
5154 12 20 0
2
43 193 
2
5054 18 14 0
5054 6 16 0
2
42 215 
2
5155 16 16 0
5155 18 16 0
2
42 216 
2
5156 16 16 0
5156 8 20 0
2
42 217 
2
5157 16 16 0
5157 14 26 0
2
42 218 
2
5158 16 16 0
5158 10 24 0
2
42 219 
2
5159 16 16 0
5159 24 24 0
2
42 220 
2
5160 16 16 0
5160 12 24 0
2
42 221 
2
5161 16 16 0
5161 6 22 0
2
42 222 
2
5162 16 16 0
5162 6 14 0
2
42 223 
2
5163 16 16 0
5163 14 12 0
2
42 224 
2
5164 16 16 0
5164 24 12 0
2
42 225 
2
5165 16 16 0
5165 20 18 0
2
42 226 
2
5166 16 16 0
5166 18 32 0
2
42 227 
2
5167 16 16 0
5167 2 12 0
2
42 228 
2
5168 16 16 0
5168 12 2 0
2
42 229 
2
5169 16 16 0
5169 2 16 0
2
42 230 
2
5170 16 16 0
5170 10 8 0
2
42 231 
2
5171 16 16 0
5171 14 30 0
2
42 232 
2
5172 16 16 0
5172 26 22 0
2
42 233 
2
5173 16 16 0
5173 8 22 0
2
42 234 
2
5174 16 16 0
5174 12 22 0
2
40 42 
2
5175 10 16 0
5175 16 16 0
2
41 43 
2
5055 20 12 0
5055 18 14 0
2
42 214 
2
5176 16 16 0
5176 12 20 0
2
43 192 
2
5056 18 14 0
5056 18 26 0
2
42 215 
2
5177 16 16 0
5177 18 16 0
2
42 216 
2
5178 16 16 0
5178 8 20 0
2
42 217 
2
5179 16 16 0
5179 14 26 0
2
42 218 
2
5180 16 16 0
5180 10 24 0
2
42 219 
2
5181 16 16 0
5181 24 24 0
2
42 220 
2
5182 16 16 0
5182 12 24 0
2
42 221 
2
5183 16 16 0
5183 6 22 0
2
42 222 
2
5184 16 16 0
5184 6 14 0
2
42 223 
2
5185 16 16 0
5185 14 12 0
2
42 224 
2
5186 16 16 0
5186 24 12 0
2
42 225 
2
5187 16 16 0
5187 20 18 0
2
42 226 
2
5188 16 16 0
5188 18 32 0
2
42 227 
2
5189 16 16 0
5189 2 12 0
2
42 228 
2
5190 16 16 0
5190 12 2 0
2
42 229 
2
5191 16 16 0
5191 2 16 0
2
42 230 
2
5192 16 16 0
5192 10 8 0
2
42 231 
2
5193 16 16 0
5193 14 30 0
2
42 232 
2
5194 16 16 0
5194 26 22 0
2
42 233 
2
5195 16 16 0
5195 8 22 0
2
42 234 
2
5196 16 16 0
5196 12 22 0
2
20 40 
2
5176 14 16 0
5176 10 16 0
2
21 41 
2
5056 20 14 0
5056 20 12 0
2
38 40 
2
5177 4 16 0
5177 10 16 0
2
39 41 
2
5057 22 8 0
5057 20 12 0
2
42 42 
1
5197 16 16 0
2
40 42 
2
5198 10 16 0
5198 16 16 0
2
42 42 
1
5199 16 16 0
2
20 42 
2
5200 14 16 0
5200 16 16 0
2
42 42 
1
5201 16 16 0
2
40 42 
2
5202 10 16 0
5202 16 16 0
2
42 42 
1
5203 16 16 0
2
43 43 
1
5057 18 14 0
2
41 43 
2
5058 20 12 0
5058 18 14 0
2
43 43 
1
5059 18 14 0
2
21 43 
2
5060 20 14 0
5060 18 14 0
2
43 43 
1
5061 18 14 0
2
41 43 
2
5062 20 12 0
5062 18 14 0
2
43 43 
1
5063 18 14 0
2
42 215 
2
5204 16 16 0
5204 18 16 0
2
43 192 
2
5064 18 14 0
5064 18 26 0
2
42 216 
2
5205 16 16 0
5205 8 20 0
2
43 193 
2
5065 18 14 0
5065 6 16 0
2
42 217 
2
5206 16 16 0
5206 14 26 0
2
42 218 
2
5207 16 16 0
5207 10 24 0
2
42 219 
2
5208 16 16 0
5208 24 24 0
2
42 220 
2
5209 16 16 0
5209 12 24 0
2
42 221 
2
5210 16 16 0
5210 6 22 0
2
42 222 
2
5211 16 16 0
5211 6 14 0
2
42 223 
2
5212 16 16 0
5212 14 12 0
2
42 224 
2
5213 16 16 0
5213 24 12 0
2
42 225 
2
5214 16 16 0
5214 20 18 0
2
42 226 
2
5215 16 16 0
5215 18 32 0
2
42 227 
2
5216 16 16 0
5216 2 12 0
2
42 228 
2
5217 16 16 0
5217 12 2 0
2
42 229 
2
5218 16 16 0
5218 2 16 0
2
42 230 
2
5219 16 16 0
5219 10 8 0
2
42 231 
2
5220 16 16 0
5220 14 30 0
2
42 232 
2
5221 16 16 0
5221 26 22 0
2
42 233 
2
5222 16 16 0
5222 8 22 0
2
42 234 
2
5223 16 16 0
5223 12 22 0
2
42 235 
2
5224 16 16 0
5224 14 24 0
2
40 42 
2
5225 10 16 0
5225 16 16 0
2
41 43 
2
5066 20 12 0
5066 18 14 0
2
42 215 
2
5226 16 16 0
5226 18 16 0
2
43 195 
2
5095 18 14 0
5095 10 22 0
2
42 216 
2
5227 16 16 0
5227 8 20 0
2
42 217 
2
5228 16 16 0
5228 14 26 0
2
42 218 
2
5229 16 16 0
5229 10 24 0
2
42 219 
2
5230 16 16 0
5230 24 24 0
2
42 220 
2
5231 16 16 0
5231 12 24 0
2
42 221 
2
5232 16 16 0
5232 6 22 0
2
42 222 
2
5233 16 16 0
5233 6 14 0
2
42 223 
2
5234 16 16 0
5234 14 12 0
2
42 224 
2
5235 16 16 0
5235 24 12 0
2
42 225 
2
5236 16 16 0
5236 20 18 0
2
42 226 
2
5237 16 16 0
5237 18 32 0
2
42 227 
2
5238 16 16 0
5238 2 12 0
2
42 228 
2
5239 16 16 0
5239 12 2 0
2
42 229 
2
5240 16 16 0
5240 2 16 0
2
42 230 
2
5241 16 16 0
5241 10 8 0
2
42 231 
2
5242 16 16 0
5242 14 30 0
2
42 232 
2
5243 16 16 0
5243 26 22 0
2
42 233 
2
5244 16 16 0
5244 8 22 0
2
42 234 
2
5245 16 16 0
5245 12 22 0
2
42 235 
2
5246 16 16 0
5246 14 24 0
2
20 40 
2
5226 14 16 0
5226 10 16 0
2
21 41 
2
5067 20 14 0
5067 20 12 0
2
18 38 
2
5178 4 18 0
5178 4 16 0
2
19 39 
2
5058 20 8 0
5058 22 8 0
2
36 38 
2
5179 4 22 0
5179 4 16 0
2
37 39 
2
5059 24 4 0
5059 22 8 0
2
40 40 
1
5227 10 16 0
2
38 40 
2
5228 4 16 0
5228 10 16 0
2
40 40 
1
5229 10 16 0
2
18 40 
2
5230 4 18 0
5230 10 16 0
2
40 40 
1
5231 10 16 0
2
38 40 
2
5232 4 16 0
5232 10 16 0
2
40 40 
1
5233 10 16 0
2
41 41 
1
5068 20 12 0
2
39 41 
2
5069 22 8 0
5069 20 12 0
2
41 41 
1
5070 20 12 0
2
19 41 
2
5071 20 8 0
5071 20 12 0
2
41 41 
1
5072 20 12 0
2
39 41 
2
5073 22 8 0
5073 20 12 0
2
41 41 
1
5074 20 12 0
2
42 42 
1
5247 16 16 0
2
40 42 
2
5248 10 16 0
5248 16 16 0
2
42 42 
1
5249 16 16 0
2
20 42 
2
5250 14 16 0
5250 16 16 0
2
42 42 
1
5251 16 16 0
2
40 42 
2
5252 10 16 0
5252 16 16 0
2
42 42 
1
5253 16 16 0
2
43 43 
1
5096 18 14 0
2
41 43 
2
5097 20 12 0
5097 18 14 0
2
43 43 
1
5098 18 14 0
2
21 43 
2
5099 20 14 0
5099 18 14 0
2
43 43 
1
5100 18 14 0
2
41 43 
2
5101 20 12 0
5101 18 14 0
2
43 43 
1
5102 18 14 0
2
42 234 
2
5254 16 16 0
5254 12 22 0
2
43 194 
2
5103 18 14 0
5103 14 22 0
2
42 235 
2
5255 16 16 0
5255 14 24 0
2
42 236 
2
5256 16 16 0
5256 8 10 0
2
40 42 
2
5257 10 16 0
5257 16 16 0
2
41 43 
2
5104 20 12 0
5104 18 14 0
2
42 234 
2
5258 16 16 0
5258 12 22 0
2
43 194 
2
5105 18 14 0
5105 14 22 0
2
42 235 
2
5259 16 16 0
5259 14 24 0
2
43 195 
2
5106 18 14 0
5106 10 22 0
2
42 236 
2
5260 16 16 0
5260 8 10 0
2
20 40 
2
5258 14 16 0
5258 10 16 0
2
21 41 
2
5105 20 14 0
5105 20 12 0
2
38 40 
2
5259 4 16 0
5259 10 16 0
2
39 41 
2
5106 22 8 0
5106 20 12 0
2
42 42 
1
5261 16 16 0
2
40 42 
2
5262 10 16 0
5262 16 16 0
2
42 42 
1
5263 16 16 0
2
20 42 
2
5264 14 16 0
5264 16 16 0
2
42 42 
1
5265 16 16 0
2
40 42 
2
5266 10 16 0
5266 16 16 0
2
42 42 
1
5267 16 16 0
2
43 43 
1
5107 18 14 0
2
41 43 
2
5108 20 12 0
5108 18 14 0
2
43 43 
1
5109 18 14 0
2
21 43 
2
5110 20 14 0
5110 18 14 0
2
43 43 
1
5111 18 14 0
2
41 43 
2
5112 20 12 0
5112 18 14 0
2
43 43 
1
5113 18 14 0
2
42 235 
2
5268 16 16 0
5268 14 24 0
2
43 197 
2
5114 18 14 0
5114 16 22 0
2
42 236 
2
5269 16 16 0
5269 8 10 0
2
42 237 
2
5270 16 16 0
5270 20 28 0
2
40 42 
2
5271 10 16 0
5271 16 16 0
2
41 43 
2
5115 20 12 0
5115 18 14 0
2
42 235 
2
5272 16 16 0
5272 14 24 0
2
43 196 
2
5116 18 14 0
5116 8 18 0
2
42 236 
2
5273 16 16 0
5273 8 10 0
2
42 237 
2
5274 16 16 0
5274 20 28 0
2
20 40 
2
5272 14 16 0
5272 10 16 0
2
21 41 
2
5116 20 14 0
5116 20 12 0
2
18 38 
2
5260 4 18 0
5260 4 16 0
2
19 39 
2
5107 20 8 0
5107 22 8 0
2
16 36 
2
5180 4 24 0
5180 4 22 0
2
17 37 
2
5060 26 4 0
5060 24 4 0
2
14 34 
2
5050 4 26 0
5050 2 24 0
2
15 35 
2
5008 26 2 0
5008 28 2 0
2
32 34 
2
5051 2 28 0
5051 2 24 0
2
33 35 
2
5009 32 2 0
5009 28 2 0
2
36 36 
1
5181 4 22 0
2
34 36 
2
5182 2 24 0
5182 4 22 0
2
36 36 
1
5183 4 22 0
2
14 36 
2
5184 4 26 0
5184 4 22 0
2
36 36 
1
5185 4 22 0
2
34 36 
2
5186 2 24 0
5186 4 22 0
2
36 36 
1
5187 4 22 0
2
37 37 
1
5061 24 4 0
2
35 37 
2
5062 28 2 0
5062 24 4 0
2
37 37 
1
5063 24 4 0
2
15 37 
2
5064 26 2 0
5064 24 4 0
2
37 37 
1
5065 24 4 0
2
35 37 
2
5066 28 2 0
5066 24 4 0
2
37 37 
1
5067 24 4 0
2
38 38 
1
5261 4 16 0
2
36 38 
2
5262 4 22 0
5262 4 16 0
2
38 38 
1
5263 4 16 0
2
16 38 
2
5264 4 24 0
5264 4 16 0
2
38 38 
1
5265 4 16 0
2
36 38 
2
5266 4 22 0
5266 4 16 0
2
38 38 
1
5267 4 16 0
2
39 39 
1
5108 22 8 0
2
37 39 
2
5109 24 4 0
5109 22 8 0
2
39 39 
1
5110 22 8 0
2
17 39 
2
5111 26 4 0
5111 22 8 0
2
39 39 
1
5112 22 8 0
2
37 39 
2
5113 24 4 0
5113 22 8 0
2
39 39 
1
5114 22 8 0
2
40 40 
1
5273 10 16 0
2
38 40 
2
5274 4 16 0
5274 10 16 0
2
40 40 
1
5275 10 16 0
2
18 40 
2
5276 4 18 0
5276 10 16 0
2
40 40 
1
5277 10 16 0
2
38 40 
2
5278 4 16 0
5278 10 16 0
2
40 40 
1
5279 10 16 0
2
41 41 
1
5117 20 12 0
2
39 41 
2
5118 22 8 0
5118 20 12 0
2
41 41 
1
5119 20 12 0
2
19 41 
2
5120 20 8 0
5120 20 12 0
2
41 41 
1
5121 20 12 0
2
39 41 
2
5122 22 8 0
5122 20 12 0
2
41 41 
1
5123 20 12 0
2
42 42 
1
5275 16 16 0
2
40 42 
2
5280 10 16 0
5280 16 16 0
2
42 42 
1
5281 16 16 0
2
20 42 
2
5282 14 16 0
5282 16 16 0
2
42 42 
1
5283 16 16 0
2
40 42 
2
5284 10 16 0
5284 16 16 0
2
42 42 
1
5285 16 16 0
2
43 43 
1
5117 18 14 0
2
41 43 
2
5124 20 12 0
5124 18 14 0
2
43 43 
1
5125 18 14 0
2
21 43 
2
5126 20 14 0
5126 18 14 0
2
43 43 
1
5127 18 14 0
2
41 43 
2
5128 20 12 0
5128 18 14 0
2
43 43 
1
5129 18 14 0
2
42 234 
2
5286 16 16 0
5286 12 22 0
2
43 196 
2
5130 18 14 0
5130 8 18 0
2
42 235 
2
5287 16 16 0
5287 14 24 0
2
43 197 
2
5131 18 14 0
5131 16 22 0
2
42 236 
2
5288 16 16 0
5288 8 10 0
2
42 237 
2
5289 16 16 0
5289 20 28 0
2
42 238 
2
5290 16 16 0
5290 14 10 0
2
42 239 
2
5291 16 16 0
5291 16 20 0
2
42 50 
2
5292 16 16 0
5292 4 12 0
2
42 45 
2
5293 16 16 0
5293 16 2 0
2
42 47 
2
5294 16 16 0
5294 26 12 0
2
42 49 
2
5295 16 16 0
5295 32 14 0
2
42 52 
2
5296 16 16 0
5296 18 4 0
2
42 53 
2
5297 16 16 0
5297 18 8 0
2
42 54 
2
5298 16 16 0
5298 24 6 0
2
42 55 
2
5299 16 16 0
5299 24 2 0
2
42 56 
2
5300 16 16 0
5300 32 18 0
2
42 57 
2
5301 16 16 0
5301 22 28 0
2
42 58 
2
5302 16 16 0
5302 10 10 0
2
42 59 
2
5303 16 16 0
5303 28 16 0
2
42 60 
2
5304 16 16 0
5304 16 8 0
2
42 61 
2
5305 16 16 0
5305 18 30 0
2
42 62 
2
5306 16 16 0
5306 20 24 0
2
40 42 
2
5307 10 16 0
5307 16 16 0
2
41 43 
2
5132 20 12 0
5132 18 14 0
2
42 234 
2
5308 16 16 0
5308 12 22 0
2
43 199 
2
5133 18 14 0
5133 14 28 0
2
42 235 
2
5309 16 16 0
5309 14 24 0
2
42 236 
2
5310 16 16 0
5310 8 10 0
2
42 237 
2
5311 16 16 0
5311 20 28 0
2
42 238 
2
5312 16 16 0
5312 14 10 0
2
42 239 
2
5313 16 16 0
5313 16 20 0
2
42 50 
2
5314 16 16 0
5314 4 12 0
2
42 45 
2
5315 16 16 0
5315 16 2 0
2
42 47 
2
5316 16 16 0
5316 26 12 0
2
42 49 
2
5317 16 16 0
5317 32 14 0
2
42 52 
2
5318 16 16 0
5318 18 4 0
2
42 53 
2
5319 16 16 0
5319 18 8 0
2
42 54 
2
5320 16 16 0
5320 24 6 0
2
42 55 
2
5321 16 16 0
5321 24 2 0
2
42 56 
2
5322 16 16 0
5322 32 18 0
2
42 57 
2
5323 16 16 0
5323 22 28 0
2
42 58 
2
5324 16 16 0
5324 10 10 0
2
42 59 
2
5325 16 16 0
5325 28 16 0
2
42 60 
2
5326 16 16 0
5326 16 8 0
2
42 61 
2
5327 16 16 0
5327 18 30 0
2
42 62 
2
5328 16 16 0
5328 20 24 0
2
20 40 
2
5308 14 16 0
5308 10 16 0
2
21 41 
2
5133 20 14 0
5133 20 12 0
2
38 40 
2
5309 4 16 0
5309 10 16 0
2
39 41 
2
5134 22 8 0
5134 20 12 0
2
42 42 
1
5329 16 16 0
2
40 42 
2
5330 10 16 0
5330 16 16 0
2
42 42 
1
5331 16 16 0
2
20 42 
2
5332 14 16 0
5332 16 16 0
2
42 42 
1
5333 16 16 0
2
40 42 
2
5334 10 16 0
5334 16 16 0
2
42 42 
1
5335 16 16 0
2
43 43 
1
5134 18 14 0
2
41 43 
2
5135 20 12 0
5135 18 14 0
2
43 43 
1
5136 18 14 0
2
21 43 
2
5137 20 14 0
5137 18 14 0
2
43 43 
1
5138 18 14 0
2
41 43 
2
5139 20 12 0
5139 18 14 0
2
43 43 
1
5140 18 14 0
2
42 235 
2
5336 16 16 0
5336 14 24 0
2
43 198 
2
5141 18 14 0
5141 16 18 0
2
42 236 
2
5337 16 16 0
5337 8 10 0
2
42 237 
2
5338 16 16 0
5338 20 28 0
2
42 238 
2
5339 16 16 0
5339 14 10 0
2
42 239 
2
5340 16 16 0
5340 16 20 0
2
42 50 
2
5341 16 16 0
5341 4 12 0
2
42 45 
2
5342 16 16 0
5342 16 2 0
2
42 47 
2
5343 16 16 0
5343 26 12 0
2
42 49 
2
5344 16 16 0
5344 32 14 0
2
42 52 
2
5345 16 16 0
5345 18 4 0
2
42 53 
2
5346 16 16 0
5346 18 8 0
2
42 54 
2
5347 16 16 0
5347 24 6 0
2
42 55 
2
5348 16 16 0
5348 24 2 0
2
42 56 
2
5349 16 16 0
5349 32 18 0
2
42 57 
2
5350 16 16 0
5350 22 28 0
2
42 58 
2
5351 16 16 0
5351 10 10 0
2
42 59 
2
5352 16 16 0
5352 28 16 0
2
42 60 
2
5353 16 16 0
5353 16 8 0
2
42 61 
2
5354 16 16 0
5354 18 30 0
2
42 62 
2
5355 16 16 0
5355 20 24 0
2
42 63 
2
5356 16 16 0
5356 16 12 0
2
40 42 
2
5357 10 16 0
5357 16 16 0
2
41 43 
2
5142 20 12 0
5142 18 14 0
2
42 235 
2
5358 16 16 0
5358 14 24 0
2
43 198 
2
5143 18 14 0
5143 16 18 0
2
42 236 
2
5359 16 16 0
5359 8 10 0
2
43 199 
2
5144 18 14 0
5144 14 28 0
2
42 237 
2
5360 16 16 0
5360 20 28 0
2
42 238 
2
5361 16 16 0
5361 14 10 0
2
42 239 
2
5362 16 16 0
5362 16 20 0
2
42 50 
2
5363 16 16 0
5363 4 12 0
2
42 45 
2
5364 16 16 0
5364 16 2 0
2
42 47 
2
5365 16 16 0
5365 26 12 0
2
42 49 
2
5366 16 16 0
5366 32 14 0
2
42 52 
2
5367 16 16 0
5367 18 4 0
2
42 53 
2
5368 16 16 0
5368 18 8 0
2
42 54 
2
5369 16 16 0
5369 24 6 0
2
42 55 
2
5370 16 16 0
5370 24 2 0
2
42 56 
2
5371 16 16 0
5371 32 18 0
2
42 57 
2
5372 16 16 0
5372 22 28 0
2
42 58 
2
5373 16 16 0
5373 10 10 0
2
42 59 
2
5374 16 16 0
5374 28 16 0
2
42 60 
2
5375 16 16 0
5375 16 8 0
2
42 61 
2
5376 16 16 0
5376 18 30 0
2
42 62 
2
5377 16 16 0
5377 20 24 0
2
42 63 
2
5378 16 16 0
5378 16 12 0
2
20 40 
2
5358 14 16 0
5358 10 16 0
2
21 41 
2
5143 20 14 0
5143 20 12 0
2
18 38 
2
5310 4 18 0
5310 4 16 0
2
19 39 
2
5135 20 8 0
5135 22 8 0
2
36 38 
2
5311 4 22 0
5311 4 16 0
2
37 39 
2
5136 24 4 0
5136 22 8 0
2
40 40 
1
5359 10 16 0
2
38 40 
2
5360 4 16 0
5360 10 16 0
2
40 40 
1
5361 10 16 0
2
18 40 
2
5362 4 18 0
5362 10 16 0
2
40 40 
1
5363 10 16 0
2
38 40 
2
5364 4 16 0
5364 10 16 0
2
40 40 
1
5365 10 16 0
2
41 41 
1
5144 20 12 0
2
39 41 
2
5145 22 8 0
5145 20 12 0
2
41 41 
1
5146 20 12 0
2
19 41 
2
5147 20 8 0
5147 20 12 0
2
41 41 
1
5148 20 12 0
2
39 41 
2
5149 22 8 0
5149 20 12 0
2
41 41 
1
5150 20 12 0
2
42 42 
1
5379 16 16 0
2
40 42 
2
5380 10 16 0
5380 16 16 0
2
42 42 
1
5381 16 16 0
2
20 42 
2
5382 14 16 0
5382 16 16 0
2
42 42 
1
5383 16 16 0
2
40 42 
2
5384 10 16 0
5384 16 16 0
2
42 42 
1
5385 16 16 0
2
43 43 
1
5145 18 14 0
2
41 43 
2
5151 20 12 0
5151 18 14 0
2
43 43 
1
5152 18 14 0
2
21 43 
2
5153 20 14 0
5153 18 14 0
2
43 43 
1
5154 18 14 0
2
41 43 
2
5155 20 12 0
5155 18 14 0
2
43 43 
1
5156 18 14 0
2
42 62 
2
5386 16 16 0
5386 20 24 0
2
43 201 
2
5157 18 14 0
5157 18 20 0
2
42 63 
2
5387 16 16 0
5387 16 12 0
2
42 64 
2
5388 16 16 0
5388 16 6 0
2
40 42 
2
5389 10 16 0
5389 16 16 0
2
41 43 
2
5158 20 12 0
5158 18 14 0
2
42 62 
2
5390 16 16 0
5390 20 24 0
2
43 200 
2
5159 18 14 0
5159 10 18 0
2
42 63 
2
5391 16 16 0
5391 16 12 0
2
42 64 
2
5392 16 16 0
5392 16 6 0
2
20 40 
2
5390 14 16 0
5390 10 16 0
2
21 41 
2
5159 20 14 0
5159 20 12 0
2
38 40 
2
5391 4 16 0
5391 10 16 0
2
39 41 
2
5160 22 8 0
5160 20 12 0
2
42 42 
1
5393 16 16 0
2
40 42 
2
5394 10 16 0
5394 16 16 0
2
42 42 
1
5395 16 16 0
2
20 42 
2
5396 14 16 0
5396 16 16 0
2
42 42 
1
5397 16 16 0
2
40 42 
2
5398 10 16 0
5398 16 16 0
2
42 42 
1
5399 16 16 0
2
43 43 
1
5160 18 14 0
2
41 43 
2
5161 20 12 0
5161 18 14 0
2
43 43 
1
5162 18 14 0
2
21 43 
2
5163 20 14 0
5163 18 14 0
2
43 43 
1
5164 18 14 0
2
41 43 
2
5165 20 12 0
5165 18 14 0
2
43 43 
1
5166 18 14 0
2
42 63 
2
5400 16 16 0
5400 16 12 0
2
43 200 
2
5167 18 14 0
5167 10 18 0
2
42 64 
2
5401 16 16 0
5401 16 6 0
2
43 201 
2
5168 18 14 0
5168 18 20 0
2
42 65 
2
5402 16 16 0
5402 10 6 0
2
40 42 
2
5403 10 16 0
5403 16 16 0
2
41 43 
2
5169 20 12 0
5169 18 14 0
2
42 63 
2
5404 16 16 0
5404 16 12 0
2
43 203 
2
5170 18 14 0
5170 2 14 0
2
42 64 
2
5405 16 16 0
5405 16 6 0
2
42 65 
2
5406 16 16 0
5406 10 6 0
2
20 40 
2
5404 14 16 0
5404 10 16 0
2
21 41 
2
5170 20 14 0
5170 20 12 0
2
18 38 
2
5392 4 18 0
5392 4 16 0
2
19 39 
2
5161 20 8 0
5161 22 8 0
2
16 36 
2
5312 4 24 0
5312 4 22 0
2
17 37 
2
5137 26 4 0
5137 24 4 0
2
34 36 
2
5313 2 24 0
5313 4 22 0
2
35 37 
2
5138 28 2 0
5138 24 4 0
2
38 38 
1
5393 4 16 0
2
36 38 
2
5394 4 22 0
5394 4 16 0
2
38 38 
1
5395 4 16 0
2
16 38 
2
5396 4 24 0
5396 4 16 0
2
38 38 
1
5397 4 16 0
2
36 38 
2
5398 4 22 0
5398 4 16 0
2
38 38 
1
5399 4 16 0
2
39 39 
1
5162 22 8 0
2
37 39 
2
5163 24 4 0
5163 22 8 0
2
39 39 
1
5164 22 8 0
2
17 39 
2
5165 26 4 0
5165 22 8 0
2
39 39 
1
5166 22 8 0
2
37 39 
2
5167 24 4 0
5167 22 8 0
2
39 39 
1
5168 22 8 0
2
40 40 
1
5405 10 16 0
2
38 40 
2
5406 4 16 0
5406 10 16 0
2
40 40 
1
5407 10 16 0
2
18 40 
2
5408 4 18 0
5408 10 16 0
2
40 40 
1
5409 10 16 0
2
38 40 
2
5410 4 16 0
5410 10 16 0
2
40 40 
1
5411 10 16 0
2
41 41 
1
5171 20 12 0
2
39 41 
2
5172 22 8 0
5172 20 12 0
2
41 41 
1
5173 20 12 0
2
19 41 
2
5174 20 8 0
5174 20 12 0
2
41 41 
1
5175 20 12 0
2
39 41 
2
5176 22 8 0
5176 20 12 0
2
41 41 
1
5177 20 12 0
2
42 42 
1
5407 16 16 0
2
40 42 
2
5412 10 16 0
5412 16 16 0
2
42 42 
1
5413 16 16 0
2
20 42 
2
5414 14 16 0
5414 16 16 0
2
42 42 
1
5415 16 16 0
2
40 42 
2
5416 10 16 0
5416 16 16 0
2
42 42 
1
5417 16 16 0
2
43 43 
1
5171 18 14 0
2
41 43 
2
5178 20 12 0
5178 18 14 0
2
43 43 
1
5179 18 14 0
2
21 43 
2
5180 20 14 0
5180 18 14 0
2
43 43 
1
5181 18 14 0
2
41 43 
2
5182 20 12 0
5182 18 14 0
2
43 43 
1
5183 18 14 0
2
42 62 
2
5418 16 16 0
5418 20 24 0
2
43 202 
2
5184 18 14 0
5184 14 14 0
2
42 63 
2
5419 16 16 0
5419 16 12 0
2
42 64 
2
5420 16 16 0
5420 16 6 0
2
42 65 
2
5421 16 16 0
5421 10 6 0
2
42 66 
2
5422 16 16 0
5422 18 22 0
2
42 67 
2
5423 16 16 0
5423 18 28 0
2
42 68 
2
5424 16 16 0
5424 18 12 0
2
42 86 
2
5425 16 16 0
5425 6 10 0
2
42 87 
2
5426 16 16 0
5426 22 14 0
2
42 89 
2
5427 16 16 0
5427 24 14 0
2
42 90 
2
5428 16 16 0
5428 20 10 0
2
42 91 
2
5429 16 16 0
5429 28 8 0
2
42 92 
2
5430 16 16 0
5430 32 12 0
2
42 93 
2
5431 16 16 0
5431 20 2 0
2
42 94 
2
5432 16 16 0
5432 8 6 0
2
42 95 
2
5433 16 16 0
5433 6 12 0
2
42 96 
2
5434 16 16 0
5434 16 4 0
2
42 97 
2
5435 16 16 0
5435 12 14 0
2
42 98 
2
5436 16 16 0
5436 22 16 0
2
42 99 
2
5437 16 16 0
5437 18 24 0
2
42 100 
2
5438 16 16 0
5438 12 10 0
2
40 42 
2
5439 10 16 0
5439 16 16 0
2
41 43 
2
5185 20 12 0
5185 18 14 0
2
42 62 
2
5440 16 16 0
5440 20 24 0
2
43 202 
2
5186 18 14 0
5186 14 14 0
2
42 63 
2
5441 16 16 0
5441 16 12 0
2
43 203 
2
5187 18 14 0
5187 2 14 0
2
42 64 
2
5442 16 16 0
5442 16 6 0
2
42 65 
2
5443 16 16 0
5443 10 6 0
2
42 66 
2
5444 16 16 0
5444 18 22 0
2
42 67 
2
5445 16 16 0
5445 18 28 0
2
42 68 
2
5446 16 16 0
5446 18 12 0
2
42 86 
2
5447 16 16 0
5447 6 10 0
2
42 87 
2
5448 16 16 0
5448 22 14 0
2
42 89 
2
5449 16 16 0
5449 24 14 0
2
42 90 
2
5450 16 16 0
5450 20 10 0
2
42 91 
2
5451 16 16 0
5451 28 8 0
2
42 92 
2
5452 16 16 0
5452 32 12 0
2
42 93 
2
5453 16 16 0
5453 20 2 0
2
42 94 
2
5454 16 16 0
5454 8 6 0
2
42 95 
2
5455 16 16 0
5455 6 12 0
2
42 96 
2
5456 16 16 0
5456 16 4 0
2
42 97 
2
5457 16 16 0
5457 12 14 0
2
42 98 
2
5458 16 16 0
5458 22 16 0
2
42 99 
2
5459 16 16 0
5459 18 24 0
2
42 100 
2
5460 16 16 0
5460 12 10 0
2
20 40 
2
5440 14 16 0
5440 10 16 0
2
21 41 
2
5186 20 14 0
5186 20 12 0
2
38 40 
2
5441 4 16 0
5441 10 16 0
2
39 41 
2
5187 22 8 0
5187 20 12 0
2
42 42 
1
5461 16 16 0
2
40 42 
2
5462 10 16 0
5462 16 16 0
2
42 42 
1
5463 16 16 0
2
20 42 
2
5464 14 16 0
5464 16 16 0
2
42 42 
1
5465 16 16 0
2
40 42 
2
5466 10 16 0
5466 16 16 0
2
42 42 
1
5467 16 16 0
2
43 43 
1
5188 18 14 0
2
41 43 
2
5189 20 12 0
5189 18 14 0
2
43 43 
1
5190 18 14 0
2
21 43 
2
5191 20 14 0
5191 18 14 0
2
43 43 
1
5192 18 14 0
2
41 43 
2
5193 20 12 0
5193 18 14 0
2
43 43 
1
5194 18 14 0
2
42 63 
2
5468 16 16 0
5468 16 12 0
2
43 205 
2
5195 18 14 0
5195 18 10 0
2
42 64 
2
5469 16 16 0
5469 16 6 0
2
42 65 
2
5470 16 16 0
5470 10 6 0
2
42 66 
2
5471 16 16 0
5471 18 22 0
2
42 67 
2
5472 16 16 0
5472 18 28 0
2
42 68 
2
5473 16 16 0
5473 18 12 0
2
42 86 
2
5474 16 16 0
5474 6 10 0
2
42 87 
2
5475 16 16 0
5475 22 14 0
2
42 89 
2
5476 16 16 0
5476 24 14 0
2
42 90 
2
5477 16 16 0
5477 20 10 0
2
42 91 
2
5478 16 16 0
5478 28 8 0
2
42 92 
2
5479 16 16 0
5479 32 12 0
2
42 93 
2
5480 16 16 0
5480 20 2 0
2
42 94 
2
5481 16 16 0
5481 8 6 0
2
42 95 
2
5482 16 16 0
5482 6 12 0
2
42 96 
2
5483 16 16 0
5483 16 4 0
2
42 97 
2
5484 16 16 0
5484 12 14 0
2
42 98 
2
5485 16 16 0
5485 22 16 0
2
42 99 
2
5486 16 16 0
5486 18 24 0
2
42 100 
2
5487 16 16 0
5487 12 10 0
2
42 101 
2
5488 16 16 0
5488 18 18 0
2
40 42 
2
5489 10 16 0
5489 16 16 0
2
41 43 
2
5196 20 12 0
5196 18 14 0
2
42 63 
2
5490 16 16 0
5490 16 12 0
2
43 204 
2
5197 18 14 0
5197 20 20 0
2
42 64 
2
5491 16 16 0
5491 16 6 0
2
42 65 
2
5492 16 16 0
5492 10 6 0
2
42 66 
2
5493 16 16 0
5493 18 22 0
2
42 67 
2
5494 16 16 0
5494 18 28 0
2
42 68 
2
5495 16 16 0
5495 18 12 0
2
42 86 
2
5496 16 16 0
5496 6 10 0
2
42 87 
2
5497 16 16 0
5497 22 14 0
2
42 89 
2
5498 16 16 0
5498 24 14 0
2
42 90 
2
5499 16 16 0
5499 20 10 0
2
42 91 
2
5500 16 16 0
5500 28 8 0
2
42 92 
2
5501 16 16 0
5501 32 12 0
2
42 93 
2
5502 16 16 0
5502 20 2 0
2
42 94 
2
5503 16 16 0
5503 8 6 0
2
42 95 
2
5504 16 16 0
5504 6 12 0
2
42 96 
2
5505 16 16 0
5505 16 4 0
2
42 97 
2
5506 16 16 0
5506 12 14 0
2
42 98 
2
5507 16 16 0
5507 22 16 0
2
42 99 
2
5508 16 16 0
5508 18 24 0
2
42 100 
2
5509 16 16 0
5509 12 10 0
2
42 101 
2
5510 16 16 0
5510 18 18 0
2
20 40 
2
5490 14 16 0
5490 10 16 0
2
21 41 
2
5197 20 14 0
5197 20 12 0
2
18 38 
2
5442 4 18 0
5442 4 16 0
2
19 39 
2
5188 20 8 0
5188 22 8 0
2
36 38 
2
5443 4 22 0
5443 4 16 0
2
37 39 
2
5189 24 4 0
5189 22 8 0
2
40 40 
1
5491 10 16 0
2
38 40 
2
5492 4 16 0
5492 10 16 0
2
40 40 
1
5493 10 16 0
2
18 40 
2
5494 4 18 0
5494 10 16 0
2
40 40 
1
5495 10 16 0
2
38 40 
2
5496 4 16 0
5496 10 16 0
2
40 40 
1
5497 10 16 0
2
41 41 
1
5198 20 12 0
2
39 41 
2
5199 22 8 0
5199 20 12 0
2
41 41 
1
5200 20 12 0
2
19 41 
2
5201 20 8 0
5201 20 12 0
2
41 41 
1
5202 20 12 0
2
39 41 
2
5203 22 8 0
5203 20 12 0
2
41 41 
1
5204 20 12 0
2
42 42 
1
5511 16 16 0
2
40 42 
2
5512 10 16 0
5512 16 16 0
2
42 42 
1
5513 16 16 0
2
20 42 
2
5514 14 16 0
5514 16 16 0
2
42 42 
1
5515 16 16 0
2
40 42 
2
5516 10 16 0
5516 16 16 0
2
42 42 
1
5517 16 16 0
2
43 43 
1
5198 18 14 0
2
41 43 
2
5205 20 12 0
5205 18 14 0
2
43 43 
1
5206 18 14 0
2
21 43 
2
5207 20 14 0
5207 18 14 0
2
43 43 
1
5208 18 14 0
2
41 43 
2
5209 20 12 0
5209 18 14 0
2
43 43 
1
5210 18 14 0
2
42 100 
2
5518 16 16 0
5518 12 10 0
2
43 204 
2
5211 18 14 0
5211 20 20 0
2
42 101 
2
5519 16 16 0
5519 18 18 0
2
43 205 
2
5212 18 14 0
5212 18 10 0
2
42 102 
2
5520 16 16 0
5520 14 8 0
2
40 42 
2
5521 10 16 0
5521 16 16 0
2
41 43 
2
5213 20 12 0
5213 18 14 0
2
42 100 
2
5522 16 16 0
5522 12 10 0
2
43 207 
2
5214 18 14 0
5214 4 10 0
2
42 101 
2
5523 16 16 0
5523 18 18 0
2
42 102 
2
5524 16 16 0
5524 14 8 0
2
20 40 
2
5522 14 16 0
5522 10 16 0
2
21 41 
2
5214 20 14 0
5214 20 12 0
2
38 40 
2
5523 4 16 0
5523 10 16 0
2
39 41 
2
5215 22 8 0
5215 20 12 0
2
42 42 
1
5525 16 16 0
2
40 42 
2
5526 10 16 0
5526 16 16 0
2
42 42 
1
5527 16 16 0
2
20 42 
2
5528 14 16 0
5528 16 16 0
2
42 42 
1
5529 16 16 0
2
40 42 
2
5530 10 16 0
5530 16 16 0
2
42 42 
1
5531 16 16 0
2
43 43 
1
5215 18 14 0
2
41 43 
2
5216 20 12 0
5216 18 14 0
2
43 43 
1
5217 18 14 0
2
21 43 
2
5218 20 14 0
5218 18 14 0
2
43 43 
1
5219 18 14 0
2
41 43 
2
5220 20 12 0
5220 18 14 0
2
43 43 
1
5221 18 14 0
2
42 101 
2
5532 16 16 0
5532 18 18 0
2
43 206 
2
5222 18 14 0
5222 26 24 0
2
42 102 
2
5533 16 16 0
5533 14 8 0
2
42 103 
2
5534 16 16 0
5534 14 6 0
2
40 42 
2
5535 10 16 0
5535 16 16 0
2
41 43 
2
5223 20 12 0
5223 18 14 0
2
42 101 
2
5536 16 16 0
5536 18 18 0
2
43 206 
2
5224 18 14 0
5224 26 24 0
2
42 102 
2
5537 16 16 0
5537 14 8 0
2
43 207 
2
5225 18 14 0
5225 4 10 0
2
42 103 
2
5538 16 16 0
5538 14 6 0
2
20 40 
2
5536 14 16 0
5536 10 16 0
2
21 41 
2
5224 20 14 0
5224 20 12 0
2
18 38 
2
5524 4 18 0
5524 4 16 0
2
19 39 
2
5216 20 8 0
5216 22 8 0
2
16 36 
2
5444 4 24 0
5444 4 22 0
2
17 37 
2
5190 26 4 0
5190 24 4 0
2
14 34 
2
5314 4 26 0
5314 2 24 0
2
15 35 
2
5139 26 2 0
5139 28 2 0
2
12 32 
2
5052 2 26 0
5052 2 28 0
2
13 33 
2
5010 30 2 0
5010 32 2 0
2
10 30 
2
4576 6 28 0
4576 4 28 0
2
11 31 
2
4593 32 4 0
4593 32 6 0
2
28 30 
2
4577 4 30 0
4577 4 28 0
2
29 31 
2
4594 32 26 0
4594 32 6 0
2
32 32 
1
5053 2 28 0
2
30 32 
2
5054 4 28 0
5054 2 28 0
2
32 32 
1
5055 2 28 0
2
10 32 
2
5056 6 28 0
5056 2 28 0
2
32 32 
1
5057 2 28 0
2
30 32 
2
5058 4 28 0
5058 2 28 0
2
32 32 
1
5059 2 28 0
2
33 33 
1
5011 32 2 0
2
31 33 
2
5012 32 6 0
5012 32 2 0
2
33 33 
1
5013 32 2 0
2
11 33 
2
5014 32 4 0
5014 32 2 0
2
33 33 
1
5015 32 2 0
2
31 33 
2
5016 32 6 0
5016 32 2 0
2
33 33 
1
5017 32 2 0
2
34 34 
1
5315 2 24 0
2
32 34 
2
5316 2 28 0
5316 2 24 0
2
34 34 
1
5317 2 24 0
2
12 34 
2
5318 2 26 0
5318 2 24 0
2
34 34 
1
5319 2 24 0
2
32 34 
2
5320 2 28 0
5320 2 24 0
2
34 34 
1
5321 2 24 0
2
35 35 
1
5140 28 2 0
2
33 35 
2
5141 32 2 0
5141 28 2 0
2
35 35 
1
5142 28 2 0
2
13 35 
2
5143 30 2 0
5143 28 2 0
2
35 35 
1
5144 28 2 0
2
33 35 
2
5145 32 2 0
5145 28 2 0
2
35 35 
1
5146 28 2 0
2
36 36 
1
5445 4 22 0
2
34 36 
2
5446 2 24 0
5446 4 22 0
2
36 36 
1
5447 4 22 0
2
14 36 
2
5448 4 26 0
5448 4 22 0
2
36 36 
1
5449 4 22 0
2
34 36 
2
5450 2 24 0
5450 4 22 0
2
36 36 
1
5451 4 22 0
2
37 37 
1
5191 24 4 0
2
35 37 
2
5192 28 2 0
5192 24 4 0
2
37 37 
1
5193 24 4 0
2
15 37 
2
5194 26 2 0
5194 24 4 0
2
37 37 
1
5195 24 4 0
2
35 37 
2
5196 28 2 0
5196 24 4 0
2
37 37 
1
5197 24 4 0
2
38 38 
1
5525 4 16 0
2
36 38 
2
5526 4 22 0
5526 4 16 0
2
38 38 
1
5527 4 16 0
2
16 38 
2
5528 4 24 0
5528 4 16 0
2
38 38 
1
5529 4 16 0
2
36 38 
2
5530 4 22 0
5530 4 16 0
2
38 38 
1
5531 4 16 0
2
39 39 
1
5217 22 8 0
2
37 39 
2
5218 24 4 0
5218 22 8 0
2
39 39 
1
5219 22 8 0
2
17 39 
2
5220 26 4 0
5220 22 8 0
2
39 39 
1
5221 22 8 0
2
37 39 
2
5222 24 4 0
5222 22 8 0
2
39 39 
1
5223 22 8 0
2
40 40 
1
5537 10 16 0
2
38 40 
2
5538 4 16 0
5538 10 16 0
2
40 40 
1
5539 10 16 0
2
18 40 
2
5540 4 18 0
5540 10 16 0
2
40 40 
1
5541 10 16 0
2
38 40 
2
5542 4 16 0
5542 10 16 0
2
40 40 
1
5543 10 16 0
2
41 41 
1
5225 20 12 0
2
39 41 
2
5226 22 8 0
5226 20 12 0
2
41 41 
1
5227 20 12 0
2
19 41 
2
5228 20 8 0
5228 20 12 0
2
41 41 
1
5229 20 12 0
2
39 41 
2
5230 22 8 0
5230 20 12 0
2
41 41 
1
5231 20 12 0
2
42 42 
1
5539 16 16 0
2
40 42 
2
5544 10 16 0
5544 16 16 0
2
42 42 
1
5545 16 16 0
2
20 42 
2
5546 14 16 0
5546 16 16 0
2
42 42 
1
5547 16 16 0
2
40 42 
2
5548 10 16 0
5548 16 16 0
2
42 42 
1
5549 16 16 0
2
43 43 
1
5226 18 14 0
2
41 43 
2
5232 20 12 0
5232 18 14 0
2
43 43 
1
5233 18 14 0
2
21 43 
2
5234 20 14 0
5234 18 14 0
2
43 43 
1
5235 18 14 0
2
41 43 
2
5236 20 12 0
5236 18 14 0
2
43 43 
1
5237 18 14 0
2
42 100 
2
5550 16 16 0
5550 12 10 0
2
43 209 
2
5238 18 14 0
5238 2 18 0
2
42 101 
2
5551 16 16 0
5551 18 18 0
2
42 102 
2
5552 16 16 0
5552 14 8 0
2
42 103 
2
5553 16 16 0
5553 14 6 0
2
42 104 
2
5554 16 16 0
5554 22 26 0
2
42 105 
2
5555 16 16 0
5555 20 16 0
2
42 106 
2
5556 16 16 0
5556 24 20 0
2
42 107 
2
5557 16 16 0
5557 30 16 0
2
42 108 
2
5558 16 16 0
5558 28 10 0
2
42 109 
2
5559 16 16 0
5559 26 10 0
2
42 111 
2
5560 16 16 0
5560 18 6 0
2
42 112 
2
5561 16 16 0
5561 30 14 0
2
42 113 
2
5562 16 16 0
5562 22 4 0
2
42 114 
2
5563 16 16 0
5563 30 10 0
2
42 115 
2
5564 16 16 0
5564 2 10 0
2
42 116 
2
5565 16 16 0
5565 8 8 0
2
42 117 
2
5566 16 16 0
5566 12 8 0
2
42 118 
2
5567 16 16 0
5567 12 12 0
2
42 119 
2
5568 16 16 0
5568 22 18 0
2
42 120 
2
5569 16 16 0
5569 28 20 0
2
42 121 
2
5570 16 16 0
5570 8 14 0
2
40 42 
2
5571 10 16 0
5571 16 16 0
2
41 43 
2
5239 20 12 0
5239 18 14 0
2
42 100 
2
5572 16 16 0
5572 12 10 0
2
43 208 
2
5240 18 14 0
5240 32 16 0
2
42 101 
2
5573 16 16 0
5573 18 18 0
2
42 102 
2
5574 16 16 0
5574 14 8 0
2
42 103 
2
5575 16 16 0
5575 14 6 0
2
42 104 
2
5576 16 16 0
5576 22 26 0
2
42 105 
2
5577 16 16 0
5577 20 16 0
2
42 106 
2
5578 16 16 0
5578 24 20 0
2
42 107 
2
5579 16 16 0
5579 30 16 0
2
42 108 
2
5580 16 16 0
5580 28 10 0
2
42 109 
2
5581 16 16 0
5581 26 10 0
2
42 111 
2
5582 16 16 0
5582 18 6 0
2
42 112 
2
5583 16 16 0
5583 30 14 0
2
42 113 
2
5584 16 16 0
5584 22 4 0
2
42 114 
2
5585 16 16 0
5585 30 10 0
2
42 115 
2
5586 16 16 0
5586 2 10 0
2
42 116 
2
5587 16 16 0
5587 8 8 0
2
42 117 
2
5588 16 16 0
5588 12 8 0
2
42 118 
2
5589 16 16 0
5589 12 12 0
2
42 119 
2
5590 16 16 0
5590 22 18 0
2
42 120 
2
5591 16 16 0
5591 28 20 0
2
42 121 
2
5592 16 16 0
5592 8 14 0
2
20 40 
2
5572 14 16 0
5572 10 16 0
2
21 41 
2
5240 20 14 0
5240 20 12 0
2
38 40 
2
5573 4 16 0
5573 10 16 0
2
39 41 
2
5241 22 8 0
5241 20 12 0
2
42 42 
1
5593 16 16 0
2
40 42 
2
5594 10 16 0
5594 16 16 0
2
42 42 
1
5595 16 16 0
2
20 42 
2
5596 14 16 0
5596 16 16 0
2
42 42 
1
5597 16 16 0
2
40 42 
2
5598 10 16 0
5598 16 16 0
2
42 42 
1
5599 16 16 0
2
43 43 
1
5241 18 14 0
2
41 43 
2
5242 20 12 0
5242 18 14 0
2
43 43 
1
5243 18 14 0
2
21 43 
2
5244 20 14 0
5244 18 14 0
2
43 43 
1
5245 18 14 0
2
41 43 
2
5246 20 12 0
5246 18 14 0
2
43 43 
1
5247 18 14 0
2
42 101 
2
5600 16 16 0
5600 18 18 0
2
43 208 
2
5248 18 14 0
5248 32 16 0
2
42 102 
2
5601 16 16 0
5601 14 8 0
2
43 209 
2
5249 18 14 0
5249 2 18 0
2
42 103 
2
5602 16 16 0
5602 14 6 0
2
42 104 
2
5603 16 16 0
5603 22 26 0
2
42 105 
2
5604 16 16 0
5604 20 16 0
2
42 106 
2
5605 16 16 0
5605 24 20 0
2
42 107 
2
5606 16 16 0
5606 30 16 0
2
42 108 
2
5607 16 16 0
5607 28 10 0
2
42 109 
2
5608 16 16 0
5608 26 10 0
2
42 111 
2
5609 16 16 0
5609 18 6 0
2
42 112 
2
5610 16 16 0
5610 30 14 0
2
42 113 
2
5611 16 16 0
5611 22 4 0
2
42 114 
2
5612 16 16 0
5612 30 10 0
2
42 115 
2
5613 16 16 0
5613 2 10 0
2
42 116 
2
5614 16 16 0
5614 8 8 0
2
42 117 
2
5615 16 16 0
5615 12 8 0
2
42 118 
2
5616 16 16 0
5616 12 12 0
2
42 119 
2
5617 16 16 0
5617 22 18 0
2
42 120 
2
5618 16 16 0
5618 28 20 0
2
42 121 
2
5619 16 16 0
5619 8 14 0
2
42 122 
2
5620 16 16 0
5620 12 6 0
2
40 42 
2
5621 10 16 0
5621 16 16 0
2
41 43 
2
5250 20 12 0
5250 18 14 0
2
42 101 
2
5622 16 16 0
5622 18 18 0
2
43 211 
2
5251 18 14 0
5251 6 18 0
2
42 102 
2
5623 16 16 0
5623 14 8 0
2
42 103 
2
5624 16 16 0
5624 14 6 0
2
42 104 
2
5625 16 16 0
5625 22 26 0
2
42 105 
2
5626 16 16 0
5626 20 16 0
2
42 106 
2
5627 16 16 0
5627 24 20 0
2
42 107 
2
5628 16 16 0
5628 30 16 0
2
42 108 
2
5629 16 16 0
5629 28 10 0
2
42 109 
2
5630 16 16 0
5630 26 10 0
2
42 111 
2
5631 16 16 0
5631 18 6 0
2
42 112 
2
5632 16 16 0
5632 30 14 0
2
42 113 
2
5633 16 16 0
5633 22 4 0
2
42 114 
2
5634 16 16 0
5634 30 10 0
2
42 115 
2
5635 16 16 0
5635 2 10 0
2
42 116 
2
5636 16 16 0
5636 8 8 0
2
42 117 
2
5637 16 16 0
5637 12 8 0
2
42 118 
2
5638 16 16 0
5638 12 12 0
2
42 119 
2
5639 16 16 0
5639 22 18 0
2
42 120 
2
5640 16 16 0
5640 28 20 0
2
42 121 
2
5641 16 16 0
5641 8 14 0
2
42 122 
2
5642 16 16 0
5642 12 6 0
2
20 40 
2
5622 14 16 0
5622 10 16 0
2
21 41 
2
5251 20 14 0
5251 20 12 0
2
18 38 
2
5574 4 18 0
5574 4 16 0
2
19 39 
2
5242 20 8 0
5242 22 8 0
2
36 38 
2
5575 4 22 0
5575 4 16 0
2
37 39 
2
5243 24 4 0
5243 22 8 0
2
40 40 
1
5623 10 16 0
2
38 40 
2
5624 4 16 0
5624 10 16 0
2
40 40 
1
5625 10 16 0
2
18 40 
2
5626 4 18 0
5626 10 16 0
2
40 40 
1
5627 10 16 0
2
38 40 
2
5628 4 16 0
5628 10 16 0
2
40 40 
1
5629 10 16 0
2
41 41 
1
5252 20 12 0
2
39 41 
2
5253 22 8 0
5253 20 12 0
2
41 41 
1
5254 20 12 0
2
19 41 
2
5255 20 8 0
5255 20 12 0
2
41 41 
1
5256 20 12 0
2
39 41 
2
5257 22 8 0
5257 20 12 0
2
41 41 
1
5258 20 12 0
2
42 42 
1
5643 16 16 0
2
40 42 
2
5644 10 16 0
5644 16 16 0
2
42 42 
1
5645 16 16 0
2
20 42 
2
5646 14 16 0
5646 16 16 0
2
42 42 
1
5647 16 16 0
2
40 42 
2
5648 10 16 0
5648 16 16 0
2
42 42 
1
5649 16 16 0
2
43 43 
1
5252 18 14 0
2
41 43 
2
5259 20 12 0
5259 18 14 0
2
43 43 
1
5260 18 14 0
2
21 43 
2
5261 20 14 0
5261 18 14 0
2
43 43 
1
5262 18 14 0
2
41 43 
2
5263 20 12 0
5263 18 14 0
2
43 43 
1
5264 18 14 0
2
42 121 
2
5650 16 16 0
5650 8 14 0
2
43 210 
2
5265 18 14 0
5265 8 24 0
2
42 122 
2
5651 16 16 0
5651 12 6 0
2
42 123 
2
5652 16 16 0
5652 22 20 0
2
40 42 
2
5653 10 16 0
5653 16 16 0
2
41 43 
2
5266 20 12 0
5266 18 14 0
2
42 121 
2
5654 16 16 0
5654 8 14 0
2
43 210 
2
5267 18 14 0
5267 8 24 0
2
42 122 
2
5655 16 16 0
5655 12 6 0
2
43 211 
2
5268 18 14 0
5268 6 18 0
2
42 123 
2
5656 16 16 0
5656 22 20 0
2
20 40 
2
5654 14 16 0
5654 10 16 0
2
21 41 
2
5267 20 14 0
5267 20 12 0
2
38 40 
2
5655 4 16 0
5655 10 16 0
2
39 41 
2
5268 22 8 0
5268 20 12 0
2
42 42 
1
5657 16 16 0
2
40 42 
2
5658 10 16 0
5658 16 16 0
2
42 42 
1
5659 16 16 0
2
20 42 
2
5660 14 16 0
5660 16 16 0
2
42 42 
1
5661 16 16 0
2
40 42 
2
5662 10 16 0
5662 16 16 0
2
42 42 
1
5663 16 16 0
2
43 43 
1
5269 18 14 0
2
41 43 
2
5270 20 12 0
5270 18 14 0
2
43 43 
1
5271 18 14 0
2
21 43 
2
5272 20 14 0
5272 18 14 0
2
43 43 
1
5273 18 14 0
2
41 43 
2
5274 20 12 0
5274 18 14 0
2
43 43 
1
5275 18 14 0
2
42 122 
2
5664 16 16 0
5664 12 6 0
2
43 213 
2
5276 18 14 0
5276 16 32 0
2
42 123 
2
5665 16 16 0
5665 22 20 0
2
42 124 
2
5666 16 16 0
5666 20 26 0
2
40 42 
2
5667 10 16 0
5667 16 16 0
2
41 43 
2
5277 20 12 0
5277 18 14 0
2
42 122 
2
5668 16 16 0
5668 12 6 0
2
43 212 
2
5278 18 14 0
5278 16 24 0
2
42 123 
2
5669 16 16 0
5669 22 20 0
2
42 124 
2
5670 16 16 0
5670 20 26 0
2
20 40 
2
5668 14 16 0
5668 10 16 0
2
21 41 
2
5278 20 14 0
5278 20 12 0
2
18 38 
2
5656 4 18 0
5656 4 16 0
2
19 39 
2
5269 20 8 0
5269 22 8 0
2
16 36 
2
5576 4 24 0
5576 4 22 0
2
17 37 
2
5244 26 4 0
5244 24 4 0
2
34 36 
2
5577 2 24 0
5577 4 22 0
2
35 37 
2
5245 28 2 0
5245 24 4 0
2
38 38 
1
5657 4 16 0
2
36 38 
2
5658 4 22 0
5658 4 16 0
2
38 38 
1
5659 4 16 0
2
16 38 
2
5660 4 24 0
5660 4 16 0
2
38 38 
1
5661 4 16 0
2
36 38 
2
5662 4 22 0
5662 4 16 0
2
38 38 
1
5663 4 16 0
2
39 39 
1
5270 22 8 0
2
37 39 
2
5271 24 4 0
5271 22 8 0
2
39 39 
1
5272 22 8 0
2
17 39 
2
5273 26 4 0
5273 22 8 0
2
39 39 
1
5274 22 8 0
2
37 39 
2
5275 24 4 0
5275 22 8 0
2
39 39 
1
5276 22 8 0
2
40 40 
1
5669 10 16 0
2
38 40 
2
5670 4 16 0
5670 10 16 0
2
40 40 
1
5671 10 16 0
2
18 40 
2
5672 4 18 0
5672 10 16 0
2
40 40 
1
5673 10 16 0
2
38 40 
2
5674 4 16 0
5674 10 16 0
2
40 40 
1
5675 10 16 0
2
41 41 
1
5279 20 12 0
2
39 41 
2
5280 22 8 0
5280 20 12 0
2
41 41 
1
5281 20 12 0
2
19 41 
2
5282 20 8 0
5282 20 12 0
2
41 41 
1
5283 20 12 0
2
39 41 
2
5284 22 8 0
5284 20 12 0
2
41 41 
1
5285 20 12 0
2
42 42 
1
5671 16 16 0
2
40 42 
2
5676 10 16 0
5676 16 16 0
2
42 42 
1
5677 16 16 0
2
20 42 
2
5678 14 16 0
5678 16 16 0
2
42 42 
1
5679 16 16 0
2
40 42 
2
5680 10 16 0
5680 16 16 0
2
42 42 
1
5681 16 16 0
2
43 43 
1
5279 18 14 0
2
41 43 
2
5286 20 12 0
5286 18 14 0
2
43 43 
1
5287 18 14 0
2
21 43 
2
5288 20 14 0
5288 18 14 0
2
43 43 
1
5289 18 14 0
2
41 43 
2
5290 20 12 0
5290 18 14 0
2
43 43 
1
5291 18 14 0
2
42 121 
2
5682 16 16 0
5682 8 14 0
2
43 212 
2
5292 18 14 0
5292 16 24 0
2
42 122 
2
5683 16 16 0
5683 12 6 0
2
43 213 
2
5293 18 14 0
5293 16 32 0
2
42 123 
2
5684 16 16 0
5684 22 20 0
2
42 124 
2
5685 16 16 0
5685 20 26 0
2
42 125 
2
5686 16 16 0
5686 12 16 0
2
42 126 
2
5687 16 16 0
5687 16 10 0
2
42 128 
2
5688 16 16 0
5688 16 14 0
2
42 129 
2
5689 16 16 0
5689 28 12 0
2
42 130 
2
5690 16 16 0
5690 22 6 0
2
42 131 
2
5691 16 16 0
5691 28 14 0
2
42 149 
2
5692 16 16 0
5692 20 6 0
2
42 150 
2
5693 16 16 0
5693 24 8 0
2
42 151 
2
5694 16 16 0
5694 22 2 0
2
42 152 
2
5695 16 16 0
5695 22 30 0
2
42 153 
2
5696 16 16 0
5696 24 26 0
2
42 154 
2
5697 16 16 0
5697 28 18 0
2
42 155 
2
5698 16 16 0
5698 22 22 0
2
42 156 
2
5699 16 16 0
5699 26 18 0
2
42 157 
2
5700 16 16 0
5700 24 16 0
2
42 158 
2
5701 16 16 0
5701 4 14 0
2
42 159 
2
5702 16 16 0
5702 14 4 0
2
40 42 
2
5703 10 16 0
5703 16 16 0
2
41 43 
2
5294 20 12 0
5294 18 14 0
2
42 121 
2
5704 16 16 0
5704 8 14 0
2
43 215 
2
5295 18 14 0
5295 18 16 0
2
42 122 
2
5705 16 16 0
5705 12 6 0
2
42 123 
2
5706 16 16 0
5706 22 20 0
2
42 124 
2
5707 16 16 0
5707 20 26 0
2
42 125 
2
5708 16 16 0
5708 12 16 0
2
42 126 
2
5709 16 16 0
5709 16 10 0
2
42 128 
2
5710 16 16 0
5710 16 14 0
2
42 129 
2
5711 16 16 0
5711 28 12 0
2
42 130 
2
5712 16 16 0
5712 22 6 0
2
42 131 
2
5713 16 16 0
5713 28 14 0
2
42 149 
2
5714 16 16 0
5714 20 6 0
2
42 150 
2
5715 16 16 0
5715 24 8 0
2
42 151 
2
5716 16 16 0
5716 22 2 0
2
42 152 
2
5717 16 16 0
5717 22 30 0
2
42 153 
2
5718 16 16 0
5718 24 26 0
2
42 154 
2
5719 16 16 0
5719 28 18 0
2
42 155 
2
5720 16 16 0
5720 22 22 0
2
42 156 
2
5721 16 16 0
5721 26 18 0
2
42 157 
2
5722 16 16 0
5722 24 16 0
2
42 158 
2
5723 16 16 0
5723 4 14 0
2
42 159 
2
5724 16 16 0
5724 14 4 0
2
20 40 
2
5704 14 16 0
5704 10 16 0
2
21 41 
2
5295 20 14 0
5295 20 12 0
2
38 40 
2
5705 4 16 0
5705 10 16 0
2
39 41 
2
5296 22 8 0
5296 20 12 0
2
42 42 
1
5725 16 16 0
2
40 42 
2
5726 10 16 0
5726 16 16 0
2
42 42 
1
5727 16 16 0
2
20 42 
2
5728 14 16 0
5728 16 16 0
2
42 42 
1
5729 16 16 0
2
40 42 
2
5730 10 16 0
5730 16 16 0
2
42 42 
1
5731 16 16 0
2
43 43 
1
5296 18 14 0
2
41 43 
2
5297 20 12 0
5297 18 14 0
2
43 43 
1
5298 18 14 0
2
21 43 
2
5299 20 14 0
5299 18 14 0
2
43 43 
1
5300 18 14 0
2
41 43 
2
5301 20 12 0
5301 18 14 0
2
43 43 
1
5302 18 14 0
2
42 122 
2
5732 16 16 0
5732 12 6 0
2
43 214 
2
5303 18 14 0
5303 12 20 0
2
42 123 
2
5733 16 16 0
5733 22 20 0
2
42 124 
2
5734 16 16 0
5734 20 26 0
2
42 125 
2
5735 16 16 0
5735 12 16 0
2
42 126 
2
5736 16 16 0
5736 16 10 0
2
42 128 
2
5737 16 16 0
5737 16 14 0
2
42 129 
2
5738 16 16 0
5738 28 12 0
2
42 130 
2
5739 16 16 0
5739 22 6 0
2
42 131 
2
5740 16 16 0
5740 28 14 0
2
42 149 
2
5741 16 16 0
5741 20 6 0
2
42 150 
2
5742 16 16 0
5742 24 8 0
2
42 151 
2
5743 16 16 0
5743 22 2 0
2
42 152 
2
5744 16 16 0
5744 22 30 0
2
42 153 
2
5745 16 16 0
5745 24 26 0
2
42 154 
2
5746 16 16 0
5746 28 18 0
2
42 155 
2
5747 16 16 0
5747 22 22 0
2
42 156 
2
5748 16 16 0
5748 26 18 0
2
42 157 
2
5749 16 16 0
5749 24 16 0
2
42 158 
2
5750 16 16 0
5750 4 14 0
2
42 159 
2
5751 16 16 0
5751 14 4 0
2
42 160 
2
5752 16 16 0
5752 10 14 0
2
40 42 
2
5753 10 16 0
5753 16 16 0
2
41 43 
2
5304 20 12 0
5304 18 14 0
2
42 122 
2
5754 16 16 0
5754 12 6 0
2
43 214 
2
5305 18 14 0
5305 12 20 0
2
42 123 
2
5755 16 16 0
5755 22 20 0
2
43 215 
2
5306 18 14 0
5306 18 16 0
2
42 124 
2
5756 16 16 0
5756 20 26 0
2
42 125 
2
5757 16 16 0
5757 12 16 0
2
42 126 
2
5758 16 16 0
5758 16 10 0
2
42 128 
2
5759 16 16 0
5759 16 14 0
2
42 129 
2
5760 16 16 0
5760 28 12 0
2
42 130 
2
5761 16 16 0
5761 22 6 0
2
42 131 
2
5762 16 16 0
5762 28 14 0
2
42 149 
2
5763 16 16 0
5763 20 6 0
2
42 150 
2
5764 16 16 0
5764 24 8 0
2
42 151 
2
5765 16 16 0
5765 22 2 0
2
42 152 
2
5766 16 16 0
5766 22 30 0
2
42 153 
2
5767 16 16 0
5767 24 26 0
2
42 154 
2
5768 16 16 0
5768 28 18 0
2
42 155 
2
5769 16 16 0
5769 22 22 0
2
42 156 
2
5770 16 16 0
5770 26 18 0
2
42 157 
2
5771 16 16 0
5771 24 16 0
2
42 158 
2
5772 16 16 0
5772 4 14 0
2
42 159 
2
5773 16 16 0
5773 14 4 0
2
42 160 
2
5774 16 16 0
5774 10 14 0
2
20 40 
2
5754 14 16 0
5754 10 16 0
2
21 41 
2
5305 20 14 0
5305 20 12 0
2
18 38 
2
5706 4 18 0
5706 4 16 0
2
19 39 
2
5297 20 8 0
5297 22 8 0
2
36 38 
2
5707 4 22 0
5707 4 16 0
2
37 39 
2
5298 24 4 0
5298 22 8 0
2
40 40 
1
5755 10 16 0
2
38 40 
2
5756 4 16 0
5756 10 16 0
2
40 40 
1
5757 10 16 0
2
18 40 
2
5758 4 18 0
5758 10 16 0
2
40 40 
1
5759 10 16 0
2
38 40 
2
5760 4 16 0
5760 10 16 0
2
40 40 
1
5761 10 16 0
2
41 41 
1
5306 20 12 0
2
39 41 
2
5307 22 8 0
5307 20 12 0
2
41 41 
1
5308 20 12 0
2
19 41 
2
5309 20 8 0
5309 20 12 0
2
41 41 
1
5310 20 12 0
2
39 41 
2
5311 22 8 0
5311 20 12 0
2
41 41 
1
5312 20 12 0
2
42 42 
1
5775 16 16 0
2
40 42 
2
5776 10 16 0
5776 16 16 0
2
42 42 
1
5777 16 16 0
2
20 42 
2
5778 14 16 0
5778 16 16 0
2
42 42 
1
5779 16 16 0
2
40 42 
2
5780 10 16 0
5780 16 16 0
2
42 42 
1
5781 16 16 0
2
43 43 
1
5307 18 14 0
2
41 43 
2
5313 20 12 0
5313 18 14 0
2
43 43 
1
5314 18 14 0
2
21 43 
2
5315 20 14 0
5315 18 14 0
2
43 43 
1
5316 18 14 0
2
41 43 
2
5317 20 12 0
5317 18 14 0
2
43 43 
1
5318 18 14 0
2
42 159 
2
5782 16 16 0
5782 14 4 0
2
43 217 
2
5319 18 14 0
5319 14 26 0
2
42 160 
2
5783 16 16 0
5783 10 14 0
2
42 161 
2
5784 16 16 0
5784 14 2 0
2
40 42 
2
5785 10 16 0
5785 16 16 0
2
41 43 
2
5320 20 12 0
5320 18 14 0
2
42 159 
2
5786 16 16 0
5786 14 4 0
2
43 216 
2
5321 18 14 0
5321 8 20 0
2
42 160 
2
5787 16 16 0
5787 10 14 0
2
42 161 
2
5788 16 16 0
5788 14 2 0
2
20 40 
2
5786 14 16 0
5786 10 16 0
2
21 41 
2
5321 20 14 0
5321 20 12 0
2
38 40 
2
5787 4 16 0
5787 10 16 0
2
39 41 
2
5322 22 8 0
5322 20 12 0
2
42 42 
1
5789 16 16 0
2
40 42 
2
5790 10 16 0
5790 16 16 0
2
42 42 
1
5791 16 16 0
2
20 42 
2
5792 14 16 0
5792 16 16 0
2
42 42 
1
5793 16 16 0
2
40 42 
2
5794 10 16 0
5794 16 16 0
2
42 42 
1
5795 16 16 0
2
43 43 
1
5322 18 14 0
2
41 43 
2
5323 20 12 0
5323 18 14 0
2
43 43 
1
5324 18 14 0
2
21 43 
2
5325 20 14 0
5325 18 14 0
2
43 43 
1
5326 18 14 0
2
41 43 
2
5327 20 12 0
5327 18 14 0
2
43 43 
1
5328 18 14 0
2
42 160 
2
5796 16 16 0
5796 10 14 0
2
43 216 
2
5329 18 14 0
5329 8 20 0
2
42 161 
2
5797 16 16 0
5797 14 2 0
2
43 217 
2
5330 18 14 0
5330 14 26 0
2
42 162 
2
5798 16 16 0
5798 30 18 0
2
40 42 
2
5799 10 16 0
5799 16 16 0
2
41 43 
2
5331 20 12 0
5331 18 14 0
2
42 160 
2
5800 16 16 0
5800 10 14 0
2
43 219 
2
5332 18 14 0
5332 24 24 0
2
42 161 
2
5801 16 16 0
5801 14 2 0
2
42 162 
2
5802 16 16 0
5802 30 18 0
2
20 40 
2
5800 14 16 0
5800 10 16 0
2
21 41 
2
5332 20 14 0
5332 20 12 0
2
18 38 
2
5788 4 18 0
5788 4 16 0
2
19 39 
2
5323 20 8 0
5323 22 8 0
2
16 36 
2
5708 4 24 0
5708 4 22 0
2
17 37 
2
5299 26 4 0
5299 24 4 0
2
14 34 
2
5578 4 26 0
5578 2 24 0
2
15 35 
2
5246 26 2 0
5246 28 2 0
2
32 34 
2
5579 2 28 0
5579 2 24 0
2
33 35 
2
5247 32 2 0
5247 28 2 0
2
36 36 
1
5709 4 22 0
2
34 36 
2
5710 2 24 0
5710 4 22 0
2
36 36 
1
5711 4 22 0
2
14 36 
2
5712 4 26 0
5712 4 22 0
2
36 36 
1
5713 4 22 0
2
34 36 
2
5714 2 24 0
5714 4 22 0
2
36 36 
1
5715 4 22 0
2
37 37 
1
5300 24 4 0
2
35 37 
2
5301 28 2 0
5301 24 4 0
2
37 37 
1
5302 24 4 0
2
15 37 
2
5303 26 2 0
5303 24 4 0
2
37 37 
1
5304 24 4 0
2
35 37 
2
5305 28 2 0
5305 24 4 0
2
37 37 
1
5306 24 4 0
2
38 38 
1
5789 4 16 0
2
36 38 
2
5790 4 22 0
5790 4 16 0
2
38 38 
1
5791 4 16 0
2
16 38 
2
5792 4 24 0
5792 4 16 0
2
38 38 
1
5793 4 16 0
2
36 38 
2
5794 4 22 0
5794 4 16 0
2
38 38 
1
5795 4 16 0
2
39 39 
1
5324 22 8 0
2
37 39 
2
5325 24 4 0
5325 22 8 0
2
39 39 
1
5326 22 8 0
2
17 39 
2
5327 26 4 0
5327 22 8 0
2
39 39 
1
5328 22 8 0
2
37 39 
2
5329 24 4 0
5329 22 8 0
2
39 39 
1
5330 22 8 0
2
40 40 
1
5801 10 16 0
2
38 40 
2
5802 4 16 0
5802 10 16 0
2
40 40 
1
5803 10 16 0
2
18 40 
2
5804 4 18 0
5804 10 16 0
2
40 40 
1
5805 10 16 0
2
38 40 
2
5806 4 16 0
5806 10 16 0
2
40 40 
1
5807 10 16 0
2
41 41 
1
5333 20 12 0
2
39 41 
2
5334 22 8 0
5334 20 12 0
2
41 41 
1
5335 20 12 0
2
19 41 
2
5336 20 8 0
5336 20 12 0
2
41 41 
1
5337 20 12 0
2
39 41 
2
5338 22 8 0
5338 20 12 0
2
41 41 
1
5339 20 12 0
2
42 42 
1
5803 16 16 0
2
40 42 
2
5808 10 16 0
5808 16 16 0
2
42 42 
1
5809 16 16 0
2
20 42 
2
5810 14 16 0
5810 16 16 0
2
42 42 
1
5811 16 16 0
2
40 42 
2
5812 10 16 0
5812 16 16 0
2
42 42 
1
5813 16 16 0
2
43 43 
1
5333 18 14 0
2
41 43 
2
5340 20 12 0
5340 18 14 0
2
43 43 
1
5341 18 14 0
2
21 43 
2
5342 20 14 0
5342 18 14 0
2
43 43 
1
5343 18 14 0
2
41 43 
2
5344 20 12 0
5344 18 14 0
2
43 43 
1
5345 18 14 0
2
42 159 
2
5814 16 16 0
5814 14 4 0
2
43 218 
2
5346 18 14 0
5346 10 24 0
2
42 160 
2
5815 16 16 0
5815 10 14 0
2
42 161 
2
5816 16 16 0
5816 14 2 0
2
42 162 
2
5817 16 16 0
5817 30 18 0
2
42 163 
2
5818 16 16 0
5818 24 22 0
2
42 164 
2
5819 16 16 0
5819 26 20 0
2
42 166 
2
5820 16 16 0
5820 20 22 0
2
42 167 
2
5821 16 16 0
5821 22 12 0
2
42 168 
2
5822 16 16 0
5822 24 10 0
2
42 169 
2
5823 16 16 0
5823 18 2 0
2
42 170 
2
5824 16 16 0
5824 26 14 0
2
42 171 
2
5825 16 16 0
5825 20 4 0
2
42 172 
2
5826 16 16 0
5826 26 8 0
2
42 173 
2
5827 16 16 0
5827 26 6 0
2
42 174 
2
5828 16 16 0
5828 20 32 0
2
42 175 
2
5829 16 16 0
5829 6 8 0
2
42 176 
2
5830 16 16 0
5830 20 30 0
2
42 177 
2
5831 16 16 0
5831 8 4 0
2
42 178 
2
5832 16 16 0
5832 10 2 0
2
42 179 
2
5833 16 16 0
5833 30 22 0
2
42 180 
2
5834 16 16 0
5834 26 26 0
2
40 42 
2
5835 10 16 0
5835 16 16 0
2
41 43 
2
5347 20 12 0
5347 18 14 0
2
42 159 
2
5836 16 16 0
5836 14 4 0
2
43 218 
2
5348 18 14 0
5348 10 24 0
2
42 160 
2
5837 16 16 0
5837 10 14 0
2
43 219 
2
5349 18 14 0
5349 24 24 0
2
42 161 
2
5838 16 16 0
5838 14 2 0
2
42 162 
2
5839 16 16 0
5839 30 18 0
2
42 163 
2
5840 16 16 0
5840 24 22 0
2
42 164 
2
5841 16 16 0
5841 26 20 0
2
42 166 
2
5842 16 16 0
5842 20 22 0
2
42 167 
2
5843 16 16 0
5843 22 12 0
2
42 168 
2
5844 16 16 0
5844 24 10 0
2
42 169 
2
5845 16 16 0
5845 18 2 0
2
42 170 
2
5846 16 16 0
5846 26 14 0
2
42 171 
2
5847 16 16 0
5847 20 4 0
2
42 172 
2
5848 16 16 0
5848 26 8 0
2
42 173 
2
5849 16 16 0
5849 26 6 0
2
42 174 
2
5850 16 16 0
5850 20 32 0
2
42 175 
2
5851 16 16 0
5851 6 8 0
2
42 176 
2
5852 16 16 0
5852 20 30 0
2
42 177 
2
5853 16 16 0
5853 8 4 0
2
42 178 
2
5854 16 16 0
5854 10 2 0
2
42 179 
2
5855 16 16 0
5855 30 22 0
2
42 180 
2
5856 16 16 0
5856 26 26 0
2
20 40 
2
5836 14 16 0
5836 10 16 0
2
21 41 
2
5348 20 14 0
5348 20 12 0
2
38 40 
2
5837 4 16 0
5837 10 16 0
2
39 41 
2
5349 22 8 0
5349 20 12 0
2
42 42 
1
5857 16 16 0
2
40 42 
2
5858 10 16 0
5858 16 16 0
2
42 42 
1
5859 16 16 0
2
20 42 
2
5860 14 16 0
5860 16 16 0
2
42 42 
1
5861 16 16 0
2
40 42 
2
5862 10 16 0
5862 16 16 0
2
42 42 
1
5863 16 16 0
2
43 43 
1
5350 18 14 0
2
41 43 
2
5351 20 12 0
5351 18 14 0
2
43 43 
1
5352 18 14 0
2
21 43 
2
5353 20 14 0
5353 18 14 0
2
43 43 
1
5354 18 14 0
2
41 43 
2
5355 20 12 0
5355 18 14 0
2
43 43 
1
5356 18 14 0
2
42 160 
2
5864 16 16 0
5864 10 14 0
2
43 221 
2
5357 18 14 0
5357 6 22 0
2
42 161 
2
5865 16 16 0
5865 14 2 0
2
42 162 
2
5866 16 16 0
5866 30 18 0
2
42 163 
2
5867 16 16 0
5867 24 22 0
2
42 164 
2
5868 16 16 0
5868 26 20 0
2
42 166 
2
5869 16 16 0
5869 20 22 0
2
42 167 
2
5870 16 16 0
5870 22 12 0
2
42 168 
2
5871 16 16 0
5871 24 10 0
2
42 169 
2
5872 16 16 0
5872 18 2 0
2
42 170 
2
5873 16 16 0
5873 26 14 0
2
42 171 
2
5874 16 16 0
5874 20 4 0
2
42 172 
2
5875 16 16 0
5875 26 8 0
2
42 173 
2
5876 16 16 0
5876 26 6 0
2
42 174 
2
5877 16 16 0
5877 20 32 0
2
42 175 
2
5878 16 16 0
5878 6 8 0
2
42 176 
2
5879 16 16 0
5879 20 30 0
2
42 177 
2
5880 16 16 0
5880 8 4 0
2
42 178 
2
5881 16 16 0
5881 10 2 0
2
42 179 
2
5882 16 16 0
5882 30 22 0
2
42 180 
2
5883 16 16 0
5883 26 26 0
2
42 181 
2
5884 16 16 0
5884 32 20 0
2
40 42 
2
5885 10 16 0
5885 16 16 0
2
41 43 
2
5358 20 12 0
5358 18 14 0
2
42 160 
2
5886 16 16 0
5886 10 14 0
2
43 220 
2
5359 18 14 0
5359 12 24 0
2
42 161 
2
5887 16 16 0
5887 14 2 0
2
42 162 
2
5888 16 16 0
5888 30 18 0
2
42 163 
2
5889 16 16 0
5889 24 22 0
2
42 164 
2
5890 16 16 0
5890 26 20 0
2
42 166 
2
5891 16 16 0
5891 20 22 0
2
42 167 
2
5892 16 16 0
5892 22 12 0
2
42 168 
2
5893 16 16 0
5893 24 10 0
2
42 169 
2
5894 16 16 0
5894 18 2 0
2
42 170 
2
5895 16 16 0
5895 26 14 0
2
42 171 
2
5896 16 16 0
5896 20 4 0
2
42 172 
2
5897 16 16 0
5897 26 8 0
2
42 173 
2
5898 16 16 0
5898 26 6 0
2
42 174 
2
5899 16 16 0
5899 20 32 0
2
42 175 
2
5900 16 16 0
5900 6 8 0
2
42 176 
2
5901 16 16 0
5901 20 30 0
2
42 177 
2
5902 16 16 0
5902 8 4 0
2
42 178 
2
5903 16 16 0
5903 10 2 0
2
42 179 
2
5904 16 16 0
5904 30 22 0
2
42 180 
2
5905 16 16 0
5905 26 26 0
2
42 181 
2
5906 16 16 0
5906 32 20 0
2
20 40 
2
5886 14 16 0
5886 10 16 0
2
21 41 
2
5359 20 14 0
5359 20 12 0
2
18 38 
2
5838 4 18 0
5838 4 16 0
2
19 39 
2
5350 20 8 0
5350 22 8 0
2
36 38 
2
5839 4 22 0
5839 4 16 0
2
37 39 
2
5351 24 4 0
5351 22 8 0
2
40 40 
1
5887 10 16 0
2
38 40 
2
5888 4 16 0
5888 10 16 0
2
40 40 
1
5889 10 16 0
2
18 40 
2
5890 4 18 0
5890 10 16 0
2
40 40 
1
5891 10 16 0
2
38 40 
2
5892 4 16 0
5892 10 16 0
2
40 40 
1
5893 10 16 0
2
41 41 
1
5360 20 12 0
2
39 41 
2
5361 22 8 0
5361 20 12 0
2
41 41 
1
5362 20 12 0
2
19 41 
2
5363 20 8 0
5363 20 12 0
2
41 41 
1
5364 20 12 0
2
39 41 
2
5365 22 8 0
5365 20 12 0
2
41 41 
1
5366 20 12 0
2
42 42 
1
5907 16 16 0
2
40 42 
2
5908 10 16 0
5908 16 16 0
2
42 42 
1
5909 16 16 0
2
20 42 
2
5910 14 16 0
5910 16 16 0
2
42 42 
1
5911 16 16 0
2
40 42 
2
5912 10 16 0
5912 16 16 0
2
42 42 
1
5913 16 16 0
2
43 43 
1
5360 18 14 0
2
41 43 
2
5367 20 12 0
5367 18 14 0
2
43 43 
1
5368 18 14 0
2
21 43 
2
5369 20 14 0
5369 18 14 0
2
43 43 
1
5370 18 14 0
2
41 43 
2
5371 20 12 0
5371 18 14 0
2
43 43 
1
5372 18 14 0
2
42 180 
2
5914 16 16 0
5914 26 26 0
2
43 220 
2
5373 18 14 0
5373 12 24 0
2
42 181 
2
5915 16 16 0
5915 32 20 0
2
43 221 
2
5374 18 14 0
5374 6 22 0
2
42 182 
2
5916 16 16 0
5916 32 10 0
2
40 42 
2
5917 10 16 0
5917 16 16 0
2
41 43 
2
5375 20 12 0
5375 18 14 0
2
42 180 
2
5918 16 16 0
5918 26 26 0
2
43 223 
2
5376 18 14 0
5376 14 12 0
2
42 181 
2
5919 16 16 0
5919 32 20 0
2
42 182 
2
5920 16 16 0
5920 32 10 0
2
20 40 
2
5918 14 16 0
5918 10 16 0
2
21 41 
2
5376 20 14 0
5376 20 12 0
2
38 40 
2
5919 4 16 0
5919 10 16 0
2
39 41 
2
5377 22 8 0
5377 20 12 0
2
42 42 
1
5921 16 16 0
2
40 42 
2
5922 10 16 0
5922 16 16 0
2
42 42 
1
5923 16 16 0
2
20 42 
2
5924 14 16 0
5924 16 16 0
2
42 42 
1
5925 16 16 0
2
40 42 
2
5926 10 16 0
5926 16 16 0
2
42 42 
1
5927 16 16 0
2
43 43 
1
5377 18 14 0
2
41 43 
2
5378 20 12 0
5378 18 14 0
2
43 43 
1
5379 18 14 0
2
21 43 
2
5380 20 14 0
5380 18 14 0
2
43 43 
1
5381 18 14 0
2
41 43 
2
5382 20 12 0
5382 18 14 0
2
43 43 
1
5383 18 14 0
2
42 181 
2
5928 16 16 0
5928 32 20 0
2
43 222 
2
5384 18 14 0
5384 6 14 0
2
42 182 
2
5929 16 16 0
5929 32 10 0
2
42 183 
2
5930 16 16 0
5930 2 8 0
2
40 42 
2
5931 10 16 0
5931 16 16 0
2
41 43 
2
5385 20 12 0
5385 18 14 0
2
42 181 
2
5932 16 16 0
5932 32 20 0
2
43 222 
2
5386 18 14 0
5386 6 14 0
2
42 182 
2
5933 16 16 0
5933 32 10 0
2
43 223 
2
5387 18 14 0
5387 14 12 0
2
42 183 
2
5934 16 16 0
5934 2 8 0
2
20 40 
2
5932 14 16 0
5932 10 16 0
2
21 41 
2
5386 20 14 0
5386 20 12 0
2
18 38 
2
5920 4 18 0
5920 4 16 0
2
19 39 
2
5378 20 8 0
5378 22 8 0
2
16 36 
2
5840 4 24 0
5840 4 22 0
2
17 37 
2
5352 26 4 0
5352 24 4 0
2
34 36 
2
5841 2 24 0
5841 4 22 0
2
35 37 
2
5353 28 2 0
5353 24 4 0
2
38 38 
1
5921 4 16 0
2
36 38 
2
5922 4 22 0
5922 4 16 0
2
38 38 
1
5923 4 16 0
2
16 38 
2
5924 4 24 0
5924 4 16 0
2
38 38 
1
5925 4 16 0
2
36 38 
2
5926 4 22 0
5926 4 16 0
2
38 38 
1
5927 4 16 0
2
39 39 
1
5379 22 8 0
2
37 39 
2
5380 24 4 0
5380 22 8 0
2
39 39 
1
5381 22 8 0
2
17 39 
2
5382 26 4 0
5382 22 8 0
2
39 39 
1
5383 22 8 0
2
37 39 
2
5384 24 4 0
5384 22 8 0
2
39 39 
1
5385 22 8 0
2
40 40 
1
5933 10 16 0
2
38 40 
2
5934 4 16 0
5934 10 16 0
2
40 40 
1
5935 10 16 0
2
18 40 
2
5936 4 18 0
5936 10 16 0
2
40 40 
1
5937 10 16 0
2
38 40 
2
5938 4 16 0
5938 10 16 0
2
40 40 
1
5939 10 16 0
2
41 41 
1
5387 20 12 0
2
39 41 
2
5388 22 8 0
5388 20 12 0
2
41 41 
1
5389 20 12 0
2
19 41 
2
5390 20 8 0
5390 20 12 0
2
41 41 
1
5391 20 12 0
2
39 41 
2
5392 22 8 0
5392 20 12 0
2
41 41 
1
5393 20 12 0
2
42 42 
1
5935 16 16 0
2
40 42 
2
5940 10 16 0
5940 16 16 0
2
42 42 
1
5941 16 16 0
2
20 42 
2
5942 14 16 0
5942 16 16 0
2
42 42 
1
5943 16 16 0
2
40 42 
2
5944 10 16 0
5944 16 16 0
2
42 42 
1
5945 16 16 0
2
43 43 
1
5388 18 14 0
2
41 43 
2
5394 20 12 0
5394 18 14 0
2
43 43 
1
5395 18 14 0
2
21 43 
2
5396 20 14 0
5396 18 14 0
2
43 43 
1
5397 18 14 0
2
41 43 
2
5398 20 12 0
5398 18 14 0
2
43 43 
1
5399 18 14 0
2
42 73 
2
5946 16 16 0
5946 2 22 0
2
43 225 
2
5400 18 14 0
5400 20 18 0
2
42 74 
2
5947 16 16 0
5947 8 26 0
2
42 75 
2
5948 16 16 0
5948 10 30 0
2
40 42 
2
5949 10 16 0
5949 16 16 0
2
41 43 
2
5401 20 12 0
5401 18 14 0
2
42 73 
2
5950 16 16 0
5950 2 22 0
2
43 224 
2
5402 18 14 0
5402 24 12 0
2
42 74 
2
5951 16 16 0
5951 8 26 0
2
42 75 
2
5952 16 16 0
5952 10 30 0
2
20 40 
2
5950 14 16 0
5950 10 16 0
2
21 41 
2
5402 20 14 0
5402 20 12 0
2
38 40 
2
5951 4 16 0
5951 10 16 0
2
39 41 
2
5403 22 8 0
5403 20 12 0
2
42 42 
1
5953 16 16 0
2
40 42 
2
5954 10 16 0
5954 16 16 0
2
42 42 
1
5955 16 16 0
2
20 42 
2
5956 14 16 0
5956 16 16 0
2
42 42 
1
5957 16 16 0
2
40 42 
2
5958 10 16 0
5958 16 16 0
2
42 42 
1
5959 16 16 0
2
43 43 
1
5403 18 14 0
2
41 43 
2
5404 20 12 0
5404 18 14 0
2
43 43 
1
5405 18 14 0
2
21 43 
2
5406 20 14 0
5406 18 14 0
2
43 43 
1
5407 18 14 0
2
41 43 
2
5408 20 12 0
5408 18 14 0
2
43 43 
1
5409 18 14 0
2
42 74 
2
5960 16 16 0
5960 8 26 0
2
43 224 
2
5410 18 14 0
5410 24 12 0
2
42 75 
2
5961 16 16 0
5961 10 30 0
2
43 225 
2
5411 18 14 0
5411 20 18 0
2
42 76 
2
5962 16 16 0
5962 6 24 0
2
40 42 
2
5963 10 16 0
5963 16 16 0
2
41 43 
2
5412 20 12 0
5412 18 14 0
2
42 74 
2
5964 16 16 0
5964 8 26 0
2
43 227 
2
5413 18 14 0
5413 2 12 0
2
42 75 
2
5965 16 16 0
5965 10 30 0
2
42 76 
2
5966 16 16 0
5966 6 24 0
2
20 40 
2
5964 14 16 0
5964 10 16 0
2
21 41 
2
5413 20 14 0
5413 20 12 0
2
18 38 
2
5952 4 18 0
5952 4 16 0
2
19 39 
2
5404 20 8 0
5404 22 8 0
2
36 38 
2
5953 4 22 0
5953 4 16 0
2
37 39 
2
5405 24 4 0
5405 22 8 0
2
40 40 
1
5965 10 16 0
2
38 40 
2
5966 4 16 0
5966 10 16 0
2
40 40 
1
5967 10 16 0
2
18 40 
2
5968 4 18 0
5968 10 16 0
2
40 40 
1
5969 10 16 0
2
38 40 
2
5970 4 16 0
5970 10 16 0
2
40 40 
1
5971 10 16 0
2
41 41 
1
5414 20 12 0
2
39 41 
2
5415 22 8 0
5415 20 12 0
2
41 41 
1
5416 20 12 0
2
19 41 
2
5417 20 8 0
5417 20 12 0
2
41 41 
1
5418 20 12 0
2
39 41 
2
5419 22 8 0
5419 20 12 0
2
41 41 
1
5420 20 12 0
2
42 42 
1
5967 16 16 0
2
40 42 
2
5972 10 16 0
5972 16 16 0
2
42 42 
1
5973 16 16 0
2
20 42 
2
5974 14 16 0
5974 16 16 0
2
42 42 
1
5975 16 16 0
2
40 42 
2
5976 10 16 0
5976 16 16 0
2
42 42 
1
5977 16 16 0
2
43 43 
1
5414 18 14 0
2
41 43 
2
5421 20 12 0
5421 18 14 0
2
43 43 
1
5422 18 14 0
2
21 43 
2
5423 20 14 0
5423 18 14 0
2
43 43 
1
5424 18 14 0
2
41 43 
2
5425 20 12 0
5425 18 14 0
2
43 43 
1
5426 18 14 0
2
42 73 
2
5978 16 16 0
5978 2 22 0
2
43 226 
2
5427 18 14 0
5427 18 32 0
2
42 74 
2
5979 16 16 0
5979 8 26 0
2
42 75 
2
5980 16 16 0
5980 10 30 0
2
42 76 
2
5981 16 16 0
5981 6 24 0
2
42 77 
2
5982 16 16 0
5982 14 32 0
2
42 78 
2
5983 16 16 0
5983 10 28 0
2
42 79 
2
5984 16 16 0
5984 2 20 0
2
42 80 
2
5985 16 16 0
5985 24 28 0
2
42 81 
2
5986 16 16 0
5986 6 6 0
2
42 82 
2
5987 16 16 0
5987 28 22 0
2
42 83 
2
5988 16 16 0
5988 10 4 0
2
42 84 
2
5989 16 16 0
5989 28 24 0
2
42 85 
2
5990 16 16 0
5990 30 20 0
2
42 88 
2
5991 16 16 0
5991 12 4 0
2
42 110 
2
5992 16 16 0
5992 6 20 0
2
42 127 
2
5993 16 16 0
5993 12 18 0
2
42 132 
2
5994 16 16 0
5994 8 16 0
2
42 133 
2
5995 16 16 0
5995 10 12 0
2
42 134 
2
5996 16 16 0
5996 16 30 0
2
42 135 
2
5997 16 16 0
5997 10 26 0
2
42 136 
2
5998 16 16 0
5998 16 26 0
2
40 42 
2
5999 10 16 0
5999 16 16 0
2
41 43 
2
5428 20 12 0
5428 18 14 0
2
42 73 
2
6000 16 16 0
6000 2 22 0
2
43 226 
2
5429 18 14 0
5429 18 32 0
2
42 74 
2
6001 16 16 0
6001 8 26 0
2
43 227 
2
5430 18 14 0
5430 2 12 0
2
42 75 
2
6002 16 16 0
6002 10 30 0
2
42 76 
2
6003 16 16 0
6003 6 24 0
2
42 77 
2
6004 16 16 0
6004 14 32 0
2
42 78 
2
6005 16 16 0
6005 10 28 0
2
42 79 
2
6006 16 16 0
6006 2 20 0
2
42 80 
2
6007 16 16 0
6007 24 28 0
2
42 81 
2
6008 16 16 0
6008 6 6 0
2
42 82 
2
6009 16 16 0
6009 28 22 0
2
42 83 
2
6010 16 16 0
6010 10 4 0
2
42 84 
2
6011 16 16 0
6011 28 24 0
2
42 85 
2
6012 16 16 0
6012 30 20 0
2
42 88 
2
6013 16 16 0
6013 12 4 0
2
42 110 
2
6014 16 16 0
6014 6 20 0
2
42 127 
2
6015 16 16 0
6015 12 18 0
2
42 132 
2
6016 16 16 0
6016 8 16 0
2
42 133 
2
6017 16 16 0
6017 10 12 0
2
42 134 
2
6018 16 16 0
6018 16 30 0
2
42 135 
2
6019 16 16 0
6019 10 26 0
2
42 136 
2
6020 16 16 0
6020 16 26 0
2
20 40 
2
6000 14 16 0
6000 10 16 0
2
21 41 
2
5429 20 14 0
5429 20 12 0
2
38 40 
2
6001 4 16 0
6001 10 16 0
2
39 41 
2
5430 22 8 0
5430 20 12 0
2
42 42 
1
6021 16 16 0
2
40 42 
2
6022 10 16 0
6022 16 16 0
2
42 42 
1
6023 16 16 0
2
20 42 
2
6024 14 16 0
6024 16 16 0
2
42 42 
1
6025 16 16 0
2
40 42 
2
6026 10 16 0
6026 16 16 0
2
42 42 
1
6027 16 16 0
2
43 43 
1
5431 18 14 0
2
41 43 
2
5432 20 12 0
5432 18 14 0
2
43 43 
1
5433 18 14 0
2
21 43 
2
5434 20 14 0
5434 18 14 0
2
43 43 
1
5435 18 14 0
2
41 43 
2
5436 20 12 0
5436 18 14 0
2
43 43 
1
5437 18 14 0
2
42 74 
2
6028 16 16 0
6028 8 26 0
2
43 229 
2
5438 18 14 0
5438 2 16 0
2
42 75 
2
6029 16 16 0
6029 10 30 0
2
42 76 
2
6030 16 16 0
6030 6 24 0
2
42 77 
2
6031 16 16 0
6031 14 32 0
2
42 78 
2
6032 16 16 0
6032 10 28 0
2
42 79 
2
6033 16 16 0
6033 2 20 0
2
42 80 
2
6034 16 16 0
6034 24 28 0
2
42 81 
2
6035 16 16 0
6035 6 6 0
2
42 82 
2
6036 16 16 0
6036 28 22 0
2
42 83 
2
6037 16 16 0
6037 10 4 0
2
42 84 
2
6038 16 16 0
6038 28 24 0
2
42 85 
2
6039 16 16 0
6039 30 20 0
2
42 88 
2
6040 16 16 0
6040 12 4 0
2
42 110 
2
6041 16 16 0
6041 6 20 0
2
42 127 
2
6042 16 16 0
6042 12 18 0
2
42 132 
2
6043 16 16 0
6043 8 16 0
2
42 133 
2
6044 16 16 0
6044 10 12 0
2
42 134 
2
6045 16 16 0
6045 16 30 0
2
42 135 
2
6046 16 16 0
6046 10 26 0
2
42 136 
2
6047 16 16 0
6047 16 26 0
2
42 137 
2
6048 16 16 0
6048 16 28 0
2
40 42 
2
6049 10 16 0
6049 16 16 0
2
41 43 
2
5439 20 12 0
5439 18 14 0
2
42 74 
2
6050 16 16 0
6050 8 26 0
2
43 228 
2
5440 18 14 0
5440 12 2 0
2
42 75 
2
6051 16 16 0
6051 10 30 0
2
42 76 
2
6052 16 16 0
6052 6 24 0
2
42 77 
2
6053 16 16 0
6053 14 32 0
2
42 78 
2
6054 16 16 0
6054 10 28 0
2
42 79 
2
6055 16 16 0
6055 2 20 0
2
42 80 
2
6056 16 16 0
6056 24 28 0
2
42 81 
2
6057 16 16 0
6057 6 6 0
2
42 82 
2
6058 16 16 0
6058 28 22 0
2
42 83 
2
6059 16 16 0
6059 10 4 0
2
42 84 
2
6060 16 16 0
6060 28 24 0
2
42 85 
2
6061 16 16 0
6061 30 20 0
2
42 88 
2
6062 16 16 0
6062 12 4 0
2
42 110 
2
6063 16 16 0
6063 6 20 0
2
42 127 
2
6064 16 16 0
6064 12 18 0
2
42 132 
2
6065 16 16 0
6065 8 16 0
2
42 133 
2
6066 16 16 0
6066 10 12 0
2
42 134 
2
6067 16 16 0
6067 16 30 0
2
42 135 
2
6068 16 16 0
6068 10 26 0
2
42 136 
2
6069 16 16 0
6069 16 26 0
2
42 137 
2
6070 16 16 0
6070 16 28 0
2
20 40 
2
6050 14 16 0
6050 10 16 0
2
21 41 
2
5440 20 14 0
5440 20 12 0
2
18 38 
2
6002 4 18 0
6002 4 16 0
2
19 39 
2
5431 20 8 0
5431 22 8 0
2
16 36 
2
5954 4 24 0
5954 4 22 0
2
17 37 
2
5406 26 4 0
5406 24 4 0
2
14 34 
2
5842 4 26 0
5842 2 24 0
2
15 35 
2
5354 26 2 0
5354 28 2 0
2
12 32 
2
5580 2 26 0
5580 2 28 0
2
13 33 
2
5248 30 2 0
5248 32 2 0
2
30 32 
2
5581 4 28 0
5581 2 28 0
2
31 33 
2
5249 32 6 0
5249 32 2 0
2
34 34 
1
5843 2 24 0
2
32 34 
2
5844 2 28 0
5844 2 24 0
2
34 34 
1
5845 2 24 0
2
12 34 
2
5846 2 26 0
5846 2 24 0
2
34 34 
1
5847 2 24 0
2
32 34 
2
5848 2 28 0
5848 2 24 0
2
34 34 
1
5849 2 24 0
2
35 35 
1
5355 28 2 0
2
33 35 
2
5356 32 2 0
5356 28 2 0
2
35 35 
1
5357 28 2 0
2
13 35 
2
5358 30 2 0
5358 28 2 0
2
35 35 
1
5359 28 2 0
2
33 35 
2
5360 32 2 0
5360 28 2 0
2
35 35 
1
5361 28 2 0
2
36 36 
1
5955 4 22 0
2
34 36 
2
5956 2 24 0
5956 4 22 0
2
36 36 
1
5957 4 22 0
2
14 36 
2
5958 4 26 0
5958 4 22 0
2
36 36 
1
5959 4 22 0
2
34 36 
2
5960 2 24 0
5960 4 22 0
2
36 36 
1
5961 4 22 0
2
37 37 
1
5407 24 4 0
2
35 37 
2
5408 28 2 0
5408 24 4 0
2
37 37 
1
5409 24 4 0
2
15 37 
2
5410 26 2 0
5410 24 4 0
2
37 37 
1
5411 24 4 0
2
35 37 
2
5412 28 2 0
5412 24 4 0
2
37 37 
1
5413 24 4 0
2
38 38 
1
6003 4 16 0
2
36 38 
2
6004 4 22 0
6004 4 16 0
2
38 38 
1
6005 4 16 0
2
16 38 
2
6006 4 24 0
6006 4 16 0
2
38 38 
1
6007 4 16 0
2
36 38 
2
6008 4 22 0
6008 4 16 0
2
38 38 
1
6009 4 16 0
2
39 39 
1
5432 22 8 0
2
37 39 
2
5433 24 4 0
5433 22 8 0
2
39 39 
1
5434 22 8 0
2
17 39 
2
5435 26 4 0
5435 22 8 0
2
39 39 
1
5436 22 8 0
2
37 39 
2
5437 24 4 0
5437 22 8 0
2
39 39 
1
5438 22 8 0
2
40 40 
1
6051 10 16 0
2
38 40 
2
6052 4 16 0
6052 10 16 0
2
40 40 
1
6053 10 16 0
2
18 40 
2
6054 4 18 0
6054 10 16 0
2
40 40 
1
6055 10 16 0
2
38 40 
2
6056 4 16 0
6056 10 16 0
2
40 40 
1
6057 10 16 0
2
41 41 
1
5441 20 12 0
2
39 41 
2
5442 22 8 0
5442 20 12 0
2
41 41 
1
5443 20 12 0
2
19 41 
2
5444 20 8 0
5444 20 12 0
2
41 41 
1
5445 20 12 0
2
39 41 
2
5446 22 8 0
5446 20 12 0
2
41 41 
1
5447 20 12 0
2
42 42 
1
6071 16 16 0
2
40 42 
2
6072 10 16 0
6072 16 16 0
2
42 42 
1
6073 16 16 0
2
20 42 
2
6074 14 16 0
6074 16 16 0
2
42 42 
1
6075 16 16 0
2
40 42 
2
6076 10 16 0
6076 16 16 0
2
42 42 
1
6077 16 16 0
2
43 43 
1
5441 18 14 0
2
41 43 
2
5448 20 12 0
5448 18 14 0
2
43 43 
1
5449 18 14 0
2
21 43 
2
5450 20 14 0
5450 18 14 0
2
43 43 
1
5451 18 14 0
2
41 43 
2
5452 20 12 0
5452 18 14 0
2
43 43 
1
5453 18 14 0
2
42 136 
2
6078 16 16 0
6078 16 26 0
2
43 228 
2
5454 18 14 0
5454 12 2 0
2
42 137 
2
6079 16 16 0
6079 16 28 0
2
43 229 
2
5455 18 14 0
5455 2 16 0
2
42 138 
2
6080 16 16 0
6080 10 20 0
2
40 42 
2
6081 10 16 0
6081 16 16 0
2
41 43 
2
5456 20 12 0
5456 18 14 0
2
42 136 
2
6082 16 16 0
6082 16 26 0
2
43 231 
2
5457 18 14 0
5457 14 30 0
2
42 137 
2
6083 16 16 0
6083 16 28 0
2
42 138 
2
6084 16 16 0
6084 10 20 0
2
20 40 
2
6082 14 16 0
6082 10 16 0
2
21 41 
2
5457 20 14 0
5457 20 12 0
2
38 40 
2
6083 4 16 0
6083 10 16 0
2
39 41 
2
5458 22 8 0
5458 20 12 0
2
42 42 
1
6085 16 16 0
2
40 42 
2
6086 10 16 0
6086 16 16 0
2
42 42 
1
6087 16 16 0
2
20 42 
2
6088 14 16 0
6088 16 16 0
2
42 42 
1
6089 16 16 0
2
40 42 
2
6090 10 16 0
6090 16 16 0
2
42 42 
1
6091 16 16 0
2
43 43 
1
5458 18 14 0
2
41 43 
2
5459 20 12 0
5459 18 14 0
2
43 43 
1
5460 18 14 0
2
21 43 
2
5461 20 14 0
5461 18 14 0
2
43 43 
1
5462 18 14 0
2
41 43 
2
5463 20 12 0
5463 18 14 0
2
43 43 
1
5464 18 14 0
2
42 137 
2
6092 16 16 0
6092 16 28 0
2
43 230 
2
5465 18 14 0
5465 10 8 0
2
42 138 
2
6093 16 16 0
6093 10 20 0
2
42 139 
2
6094 16 16 0
6094 12 26 0
2
40 42 
2
6095 10 16 0
6095 16 16 0
2
41 43 
2
5466 20 12 0
5466 18 14 0
2
42 137 
2
6096 16 16 0
6096 16 28 0
2
43 230 
2
5467 18 14 0
5467 10 8 0
2
42 138 
2
6097 16 16 0
6097 10 20 0
2
43 231 
2
5468 18 14 0
5468 14 30 0
2
42 139 
2
6098 16 16 0
6098 12 26 0
2
20 40 
2
6096 14 16 0
6096 10 16 0
2
21 41 
2
5467 20 14 0
5467 20 12 0
2
18 38 
2
6084 4 18 0
6084 4 16 0
2
19 39 
2
5459 20 8 0
5459 22 8 0
2
36 38 
2
6085 4 22 0
6085 4 16 0
2
37 39 
2
5460 24 4 0
5460 22 8 0
2
40 40 
1
6097 10 16 0
2
38 40 
2
6098 4 16 0
6098 10 16 0
2
40 40 
1
6099 10 16 0
2
18 40 
2
6100 4 18 0
6100 10 16 0
2
40 40 
1
6101 10 16 0
2
38 40 
2
6102 4 16 0
6102 10 16 0
2
40 40 
1
6103 10 16 0
2
41 41 
1
5468 20 12 0
2
39 41 
2
5469 22 8 0
5469 20 12 0
2
41 41 
1
5470 20 12 0
2
19 41 
2
5471 20 8 0
5471 20 12 0
2
41 41 
1
5472 20 12 0
2
39 41 
2
5473 22 8 0
5473 20 12 0
2
41 41 
1
5474 20 12 0
2
42 42 
1
6099 16 16 0
2
40 42 
2
6104 10 16 0
6104 16 16 0
2
42 42 
1
6105 16 16 0
2
20 42 
2
6106 14 16 0
6106 16 16 0
2
42 42 
1
6107 16 16 0
2
40 42 
2
6108 10 16 0
6108 16 16 0
2
42 42 
1
6109 16 16 0
2
43 43 
1
5469 18 14 0
2
41 43 
2
5475 20 12 0
5475 18 14 0
2
43 43 
1
5476 18 14 0
2
21 43 
2
5477 20 14 0
5477 18 14 0
2
43 43 
1
5478 18 14 0
2
41 43 
2
5479 20 12 0
5479 18 14 0
2
43 43 
1
5480 18 14 0
2
42 136 
2
6110 16 16 0
6110 16 26 0
2
43 233 
2
5481 18 14 0
5481 8 22 0
2
42 137 
2
6111 16 16 0
6111 16 28 0
2
42 138 
2
6112 16 16 0
6112 10 20 0
2
42 139 
2
6113 16 16 0
6113 12 26 0
2
42 140 
2
6114 16 16 0
6114 14 18 0
2
42 141 
2
6115 16 16 0
6115 14 20 0
2
42 142 
2
6116 16 16 0
6116 8 12 0
2
42 143 
2
6117 16 16 0
6117 22 24 0
2
42 144 
2
6118 16 16 0
6118 24 18 0
2
42 145 
2
6119 16 16 0
6119 22 10 0
2
42 146 
2
6120 16 16 0
6120 30 12 0
2
42 147 
2
6121 16 16 0
6121 4 8 0
2
42 148 
2
6122 16 16 0
6122 12 30 0
2
42 165 
2
6123 16 16 0
6123 4 20 0
2
42 187 
2
6124 16 16 0
6124 12 28 0
2
42 190 
2
6125 16 16 0
6125 26 16 0
2
42 192 
2
6126 16 16 0
6126 18 26 0
2
42 193 
2
6127 16 16 0
6127 6 16 0
2
42 194 
2
6128 16 16 0
6128 14 22 0
2
42 195 
2
6129 16 16 0
6129 10 22 0
2
42 196 
2
6130 16 16 0
6130 8 18 0
2
40 42 
2
6131 10 16 0
6131 16 16 0
2
41 43 
2
5482 20 12 0
5482 18 14 0
2
42 136 
2
6132 16 16 0
6132 16 26 0
2
43 232 
2
5483 18 14 0
5483 26 22 0
2
42 137 
2
6133 16 16 0
6133 16 28 0
2
42 138 
2
6134 16 16 0
6134 10 20 0
2
42 139 
2
6135 16 16 0
6135 12 26 0
2
42 140 
2
6136 16 16 0
6136 14 18 0
2
42 141 
2
6137 16 16 0
6137 14 20 0
2
42 142 
2
6138 16 16 0
6138 8 12 0
2
42 143 
2
6139 16 16 0
6139 22 24 0
2
42 144 
2
6140 16 16 0
6140 24 18 0
2
42 145 
2
6141 16 16 0
6141 22 10 0
2
42 146 
2
6142 16 16 0
6142 30 12 0
2
42 147 
2
6143 16 16 0
6143 4 8 0
2
42 148 
2
6144 16 16 0
6144 12 30 0
2
42 165 
2
6145 16 16 0
6145 4 20 0
2
42 187 
2
6146 16 16 0
6146 12 28 0
2
42 190 
2
6147 16 16 0
6147 26 16 0
2
42 192 
2
6148 16 16 0
6148 18 26 0
2
42 193 
2
6149 16 16 0
6149 6 16 0
2
42 194 
2
6150 16 16 0
6150 14 22 0
2
42 195 
2
6151 16 16 0
6151 10 22 0
2
42 196 
2
6152 16 16 0
6152 8 18 0
2
20 40 
2
6132 14 16 0
6132 10 16 0
2
21 41 
2
5483 20 14 0
5483 20 12 0
2
38 40 
2
6133 4 16 0
6133 10 16 0
2
39 41 
2
5484 22 8 0
5484 20 12 0
2
42 42 
1
6153 16 16 0
2
40 42 
2
6154 10 16 0
6154 16 16 0
2
42 42 
1
6155 16 16 0
2
20 42 
2
6156 14 16 0
6156 16 16 0
2
42 42 
1
6157 16 16 0
2
40 42 
2
6158 10 16 0
6158 16 16 0
2
42 42 
1
6159 16 16 0
2
43 43 
1
5484 18 14 0
2
41 43 
2
5485 20 12 0
5485 18 14 0
2
43 43 
1
5486 18 14 0
2
21 43 
2
5487 20 14 0
5487 18 14 0
2
43 43 
1
5488 18 14 0
2
41 43 
2
5489 20 12 0
5489 18 14 0
2
43 43 
1
5490 18 14 0
2
42 137 
2
6160 16 16 0
6160 16 28 0
2
43 232 
2
5491 18 14 0
5491 26 22 0
2
42 138 
2
6161 16 16 0
6161 10 20 0
2
43 233 
2
5492 18 14 0
5492 8 22 0
2
42 139 
2
6162 16 16 0
6162 12 26 0
2
42 140 
2
6163 16 16 0
6163 14 18 0
2
42 141 
2
6164 16 16 0
6164 14 20 0
2
42 142 
2
6165 16 16 0
6165 8 12 0
2
42 143 
2
6166 16 16 0
6166 22 24 0
2
42 144 
2
6167 16 16 0
6167 24 18 0
2
42 145 
2
6168 16 16 0
6168 22 10 0
2
42 146 
2
6169 16 16 0
6169 30 12 0
2
42 147 
2
6170 16 16 0
6170 4 8 0
2
42 148 
2
6171 16 16 0
6171 12 30 0
2
42 165 
2
6172 16 16 0
6172 4 20 0
2
42 187 
2
6173 16 16 0
6173 12 28 0
2
42 190 
2
6174 16 16 0
6174 26 16 0
2
42 192 
2
6175 16 16 0
6175 18 26 0
2
42 193 
2
6176 16 16 0
6176 6 16 0
2
42 194 
2
6177 16 16 0
6177 14 22 0
2
42 195 
2
6178 16 16 0
6178 10 22 0
2
42 196 
2
6179 16 16 0
6179 8 18 0
2
42 197 
2
6180 16 16 0
6180 16 22 0
2
40 42 
2
6181 10 16 0
6181 16 16 0
2
41 43 
2
5493 20 12 0
5493 18 14 0
2
42 137 
2
6182 16 16 0
6182 16 28 0
2
43 235 
2
5494 18 14 0
5494 14 24 0
2
42 138 
2
6183 16 16 0
6183 10 20 0
2
42 139 
2
6184 16 16 0
6184 12 26 0
2
42 140 
2
6185 16 16 0
6185 14 18 0
2
42 141 
2
6186 16 16 0
6186 14 20 0
2
42 142 
2
6187 16 16 0
6187 8 12 0
2
42 143 
2
6188 16 16 0
6188 22 24 0
2
42 144 
2
6189 16 16 0
6189 24 18 0
2
42 145 
2
6190 16 16 0
6190 22 10 0
2
42 146 
2
6191 16 16 0
6191 30 12 0
2
42 147 
2
6192 16 16 0
6192 4 8 0
2
42 148 
2
6193 16 16 0
6193 12 30 0
2
42 165 
2
6194 16 16 0
6194 4 20 0
2
42 187 
2
6195 16 16 0
6195 12 28 0
2
42 190 
2
6196 16 16 0
6196 26 16 0
2
42 192 
2
6197 16 16 0
6197 18 26 0
2
42 193 
2
6198 16 16 0
6198 6 16 0
2
42 194 
2
6199 16 16 0
6199 14 22 0
2
42 195 
2
6200 16 16 0
6200 10 22 0
2
42 196 
2
6201 16 16 0
6201 8 18 0
2
42 197 
2
6202 16 16 0
6202 16 22 0
2
20 40 
2
6182 14 16 0
6182 10 16 0
2
21 41 
2
5494 20 14 0
5494 20 12 0
2
18 38 
2
6134 4 18 0
6134 4 16 0
2
19 39 
2
5485 20 8 0
5485 22 8 0
2
16 36 
2
6086 4 24 0
6086 4 22 0
2
17 37 
2
5461 26 4 0
5461 24 4 0
2
34 36 
2
6087 2 24 0
6087 4 22 0
2
35 37 
2
5462 28 2 0
5462 24 4 0
2
38 38 
1
6135 4 16 0
2
36 38 
2
6136 4 22 0
6136 4 16 0
2
38 38 
1
6137 4 16 0
2
16 38 
2
6138 4 24 0
6138 4 16 0
2
38 38 
1
6139 4 16 0
2
36 38 
2
6140 4 22 0
6140 4 16 0
2
38 38 
1
6141 4 16 0
2
39 39 
1
5486 22 8 0
2
37 39 
2
5487 24 4 0
5487 22 8 0
2
39 39 
1
5488 22 8 0
2
17 39 
2
5489 26 4 0
5489 22 8 0
2
39 39 
1
5490 22 8 0
2
37 39 
2
5491 24 4 0
5491 22 8 0
2
39 39 
1
5492 22 8 0
2
40 40 
1
6183 10 16 0
2
38 40 
2
6184 4 16 0
6184 10 16 0
2
40 40 
1
6185 10 16 0
2
18 40 
2
6186 4 18 0
6186 10 16 0
2
40 40 
1
6187 10 16 0
2
38 40 
2
6188 4 16 0
6188 10 16 0
2
40 40 
1
6189 10 16 0
2
41 41 
1
5495 20 12 0
2
39 41 
2
5496 22 8 0
5496 20 12 0
2
41 41 
1
5497 20 12 0
2
19 41 
2
5498 20 8 0
5498 20 12 0
2
41 41 
1
5499 20 12 0
2
39 41 
2
5500 22 8 0
5500 20 12 0
2
41 41 
1
5501 20 12 0
2
42 42 
1
6203 16 16 0
2
40 42 
2
6204 10 16 0
6204 16 16 0
2
42 42 
1
6205 16 16 0
2
20 42 
2
6206 14 16 0
6206 16 16 0
2
42 42 
1
6207 16 16 0
2
40 42 
2
6208 10 16 0
6208 16 16 0
2
42 42 
1
6209 16 16 0
2
43 43 
1
5495 18 14 0
2
41 43 
2
5502 20 12 0
5502 18 14 0
2
43 43 
1
5503 18 14 0
2
21 43 
2
5504 20 14 0
5504 18 14 0
2
43 43 
1
5505 18 14 0
2
41 43 
2
5506 20 12 0
5506 18 14 0
2
43 43 
1
5507 18 14 0
2
42 196 
2
6210 16 16 0
6210 8 18 0
2
43 234 
2
5508 18 14 0
5508 12 22 0
2
42 197 
2
6211 16 16 0
6211 16 22 0
2
42 198 
2
6212 16 16 0
6212 16 18 0
2
40 42 
2
6213 10 16 0
6213 16 16 0
2
41 43 
2
5509 20 12 0
5509 18 14 0
2
42 196 
2
6214 16 16 0
6214 8 18 0
2
43 234 
2
5510 18 14 0
5510 12 22 0
2
42 197 
2
6215 16 16 0
6215 16 22 0
2
43 235 
2
5511 18 14 0
5511 14 24 0
2
42 198 
2
6216 16 16 0
6216 16 18 0
2
20 40 
2
6214 14 16 0
6214 10 16 0
2
21 41 
2
5510 20 14 0
5510 20 12 0
2
38 40 
2
6215 4 16 0
6215 10 16 0
2
39 41 
2
5511 22 8 0
5511 20 12 0
2
42 42 
1
6217 16 16 0
2
40 42 
2
6218 10 16 0
6218 16 16 0
2
42 42 
1
6219 16 16 0
2
20 42 
2
6220 14 16 0
6220 16 16 0
2
42 42 
1
6221 16 16 0
2
40 42 
2
6222 10 16 0
6222 16 16 0
2
42 42 
1
6223 16 16 0
2
43 43 
1
5512 18 14 0
2
41 43 
2
5513 20 12 0
5513 18 14 0
2
43 43 
1
5514 18 14 0
2
21 43 
2
5515 20 14 0
5515 18 14 0
2
43 43 
1
5516 18 14 0
2
41 43 
2
5517 20 12 0
5517 18 14 0
2
43 43 
1
5518 18 14 0
2
42 197 
2
6224 16 16 0
6224 16 22 0
2
43 237 
2
5519 18 14 0
5519 20 28 0
2
42 198 
2
6225 16 16 0
6225 16 18 0
2
42 199 
2
6226 16 16 0
6226 14 28 0
2
40 42 
2
6227 10 16 0
6227 16 16 0
2
41 43 
2
5520 20 12 0
5520 18 14 0
2
42 197 
2
6228 16 16 0
6228 16 22 0
2
43 236 
2
5521 18 14 0
5521 8 10 0
2
42 198 
2
6229 16 16 0
6229 16 18 0
2
42 199 
2
6230 16 16 0
6230 14 28 0
2
20 40 
2
6228 14 16 0
6228 10 16 0
2
21 41 
2
5521 20 14 0
5521 20 12 0
2
18 38 
2
6216 4 18 0
6216 4 16 0
2
19 39 
2
5512 20 8 0
5512 22 8 0
2
36 38 
2
6217 4 22 0
6217 4 16 0
2
37 39 
2
5513 24 4 0
5513 22 8 0
2
40 40 
1
6229 10 16 0
2
38 40 
2
6230 4 16 0
6230 10 16 0
2
40 40 
1
6231 10 16 0
2
18 40 
2
6232 4 18 0
6232 10 16 0
2
40 40 
1
6233 10 16 0
2
38 40 
2
6234 4 16 0
6234 10 16 0
2
40 40 
1
6235 10 16 0
2
41 41 
1
5522 20 12 0
2
39 41 
2
5523 22 8 0
5523 20 12 0
2
41 41 
1
5524 20 12 0
2
19 41 
2
5525 20 8 0
5525 20 12 0
2
41 41 
1
5526 20 12 0
2
39 41 
2
5527 22 8 0
5527 20 12 0
2
41 41 
1
5528 20 12 0
2
42 42 
1
6231 16 16 0
2
40 42 
2
6236 10 16 0
6236 16 16 0
2
42 42 
1
6237 16 16 0
2
20 42 
2
6238 14 16 0
6238 16 16 0
2
42 42 
1
6239 16 16 0
2
40 42 
2
6240 10 16 0
6240 16 16 0
2
42 42 
1
6241 16 16 0
2
43 43 
1
5522 18 14 0
2
41 43 
2
5529 20 12 0
5529 18 14 0
2
43 43 
1
5530 18 14 0
2
21 43 
2
5531 20 14 0
5531 18 14 0
2
43 43 
1
5532 18 14 0
2
41 43 
2
5533 20 12 0
5533 18 14 0
2
43 43 
1
5534 18 14 0
2
42 196 
2
6242 16 16 0
6242 8 18 0
2
43 236 
2
5535 18 14 0
5535 8 10 0
2
42 197 
2
6243 16 16 0
6243 16 22 0
2
43 237 
2
5536 18 14 0
5536 20 28 0
2
42 198 
2
6244 16 16 0
6244 16 18 0
2
42 199 
2
6245 16 16 0
6245 14 28 0
2
42 200 
2
6246 16 16 0
6246 10 18 0
2
42 201 
2
6247 16 16 0
6247 18 20 0
2
42 202 
2
6248 16 16 0
6248 14 14 0
2
42 203 
2
6249 16 16 0
6249 2 14 0
2
42 204 
2
6250 16 16 0
6250 20 20 0
2
42 205 
2
6251 16 16 0
6251 18 10 0
2
42 206 
2
6252 16 16 0
6252 26 24 0
2
42 207 
2
6253 16 16 0
6253 4 10 0
2
42 208 
2
6254 16 16 0
6254 32 16 0
2
42 209 
2
6255 16 16 0
6255 2 18 0
2
42 210 
2
6256 16 16 0
6256 8 24 0
2
42 211 
2
6257 16 16 0
6257 6 18 0
2
42 212 
2
6258 16 16 0
6258 16 24 0
2
42 213 
2
6259 16 16 0
6259 16 32 0
2
42 214 
2
6260 16 16 0
6260 12 20 0
2
42 215 
2
6261 16 16 0
6261 18 16 0
2
42 216 
2
6262 16 16 0
6262 8 20 0
2
40 42 
2
6263 10 16 0
6263 16 16 0
2
41 43 
2
5537 20 12 0
5537 18 14 0
2
42 196 
2
6264 16 16 0
6264 8 18 0
2
43 239 
2
5538 18 14 0
5538 16 20 0
2
42 197 
2
6265 16 16 0
6265 16 22 0
2
42 198 
2
6266 16 16 0
6266 16 18 0
2
42 199 
2
6267 16 16 0
6267 14 28 0
2
42 200 
2
6268 16 16 0
6268 10 18 0
2
42 201 
2
6269 16 16 0
6269 18 20 0
2
42 202 
2
6270 16 16 0
6270 14 14 0
2
42 203 
2
6271 16 16 0
6271 2 14 0
2
42 204 
2
6272 16 16 0
6272 20 20 0
2
42 205 
2
6273 16 16 0
6273 18 10 0
2
42 206 
2
6274 16 16 0
6274 26 24 0
2
42 207 
2
6275 16 16 0
6275 4 10 0
2
42 208 
2
6276 16 16 0
6276 32 16 0
2
42 209 
2
6277 16 16 0
6277 2 18 0
2
42 210 
2
6278 16 16 0
6278 8 24 0
2
42 211 
2
6279 16 16 0
6279 6 18 0
2
42 212 
2
6280 16 16 0
6280 16 24 0
2
42 213 
2
6281 16 16 0
6281 16 32 0
2
42 214 
2
6282 16 16 0
6282 12 20 0
2
42 215 
2
6283 16 16 0
6283 18 16 0
2
42 216 
2
6284 16 16 0
6284 8 20 0
2
20 40 
2
6264 14 16 0
6264 10 16 0
2
21 41 
2
5538 20 14 0
5538 20 12 0
2
38 40 
2
6265 4 16 0
6265 10 16 0
2
39 41 
2
5539 22 8 0
5539 20 12 0
2
42 42 
1
6285 16 16 0
2
40 42 
2
6286 10 16 0
6286 16 16 0
2
42 42 
1
6287 16 16 0
2
20 42 
2
6288 14 16 0
6288 16 16 0
2
42 42 
1
6289 16 16 0
2
40 42 
2
6290 10 16 0
6290 16 16 0
2
42 42 
1
6291 16 16 0
2
43 43 
1
5539 18 14 0
2
41 43 
2
5540 20 12 0
5540 18 14 0
2
43 43 
1
5541 18 14 0
2
21 43 
2
5542 20 14 0
5542 18 14 0
2
43 43 
1
5543 18 14 0
2
41 43 
2
5544 20 12 0
5544 18 14 0
2
43 43 
1
5545 18 14 0
2
42 197 
2
6292 16 16 0
6292 16 22 0
2
43 238 
2
5546 18 14 0
5546 14 10 0
2
42 198 
2
6293 16 16 0
6293 16 18 0
2
42 199 
2
6294 16 16 0
6294 14 28 0
2
42 200 
2
6295 16 16 0
6295 10 18 0
2
42 201 
2
6296 16 16 0
6296 18 20 0
2
42 202 
2
6297 16 16 0
6297 14 14 0
2
42 203 
2
6298 16 16 0
6298 2 14 0
2
42 204 
2
6299 16 16 0
6299 20 20 0
2
42 205 
2
6300 16 16 0
6300 18 10 0
2
42 206 
2
6301 16 16 0
6301 26 24 0
2
42 207 
2
6302 16 16 0
6302 4 10 0
2
42 208 
2
6303 16 16 0
6303 32 16 0
2
42 209 
2
6304 16 16 0
6304 2 18 0
2
42 210 
2
6305 16 16 0
6305 8 24 0
2
42 211 
2
6306 16 16 0
6306 6 18 0
2
42 212 
2
6307 16 16 0
6307 16 24 0
2
42 213 
2
6308 16 16 0
6308 16 32 0
2
42 214 
2
6309 16 16 0
6309 12 20 0
2
42 215 
2
6310 16 16 0
6310 18 16 0
2
42 216 
2
6311 16 16 0
6311 8 20 0
2
42 217 
2
6312 16 16 0
6312 14 26 0
2
40 42 
2
6313 10 16 0
6313 16 16 0
2
41 43 
2
5547 20 12 0
5547 18 14 0
2
42 197 
2
6314 16 16 0
6314 16 22 0
2
43 238 
2
5548 18 14 0
5548 14 10 0
2
42 198 
2
6315 16 16 0
6315 16 18 0
2
43 239 
2
5549 18 14 0
5549 16 20 0
2
42 199 
2
6316 16 16 0
6316 14 28 0
2
42 200 
2
6317 16 16 0
6317 10 18 0
2
42 201 
2
6318 16 16 0
6318 18 20 0
2
42 202 
2
6319 16 16 0
6319 14 14 0
2
42 203 
2
6320 16 16 0
6320 2 14 0
2
42 204 
2
6321 16 16 0
6321 20 20 0
2
42 205 
2
6322 16 16 0
6322 18 10 0
2
42 206 
2
6323 16 16 0
6323 26 24 0
2
42 207 
2
6324 16 16 0
6324 4 10 0
2
42 208 
2
6325 16 16 0
6325 32 16 0
2
42 209 
2
6326 16 16 0
6326 2 18 0
2
42 210 
2
6327 16 16 0
6327 8 24 0
2
42 211 
2
6328 16 16 0
6328 6 18 0
2
42 212 
2
6329 16 16 0
6329 16 24 0
2
42 213 
2
6330 16 16 0
6330 16 32 0
2
42 214 
2
6331 16 16 0
6331 12 20 0
2
42 215 
2
6332 16 16 0
6332 18 16 0
2
42 216 
2
6333 16 16 0
6333 8 20 0
2
42 217 
2
6334 16 16 0
6334 14 26 0
2
20 40 
2
6314 14 16 0
6314 10 16 0
2
21 41 
2
5548 20 14 0
5548 20 12 0
2
18 38 
2
6266 4 18 0
6266 4 16 0
2
19 39 
2
5540 20 8 0
5540 22 8 0
2
16 36 
2
6218 4 24 0
6218 4 22 0
2
17 37 
2
5514 26 4 0
5514 24 4 0
2
14 34 
2
6088 4 26 0
6088 2 24 0
2
15 35 
2
5463 26 2 0
5463 28 2 0
2
32 34 
2
6089 2 28 0
6089 2 24 0
2
33 35 
2
5464 32 2 0
5464 28 2 0
2
36 36 
1
6219 4 22 0
2
34 36 
2
6220 2 24 0
6220 4 22 0
2
36 36 
1
6221 4 22 0
2
14 36 
2
6222 4 26 0
6222 4 22 0
2
36 36 
1
6223 4 22 0
2
34 36 
2
6224 2 24 0
6224 4 22 0
2
36 36 
1
6225 4 22 0
2
37 37 
1
5515 24 4 0
2
35 37 
2
5516 28 2 0
5516 24 4 0
2
37 37 
1
5517 24 4 0
2
15 37 
2
5518 26 2 0
5518 24 4 0
2
37 37 
1
5519 24 4 0
2
35 37 
2
5520 28 2 0
5520 24 4 0
2
37 37 
1
5521 24 4 0
2
38 38 
1
6267 4 16 0
2
36 38 
2
6268 4 22 0
6268 4 16 0
2
38 38 
1
6269 4 16 0
2
16 38 
2
6270 4 24 0
6270 4 16 0
2
38 38 
1
6271 4 16 0
2
36 38 
2
6272 4 22 0
6272 4 16 0
2
38 38 
1
6273 4 16 0
2
39 39 
1
5541 22 8 0
2
37 39 
2
5542 24 4 0
5542 22 8 0
2
39 39 
1
5543 22 8 0
2
17 39 
2
5544 26 4 0
5544 22 8 0
2
39 39 
1
5545 22 8 0
2
37 39 
2
5546 24 4 0
5546 22 8 0
2
39 39 
1
5547 22 8 0
2
40 40 
1
6315 10 16 0
2
38 40 
2
6316 4 16 0
6316 10 16 0
2
40 40 
1
6317 10 16 0
2
18 40 
2
6318 4 18 0
6318 10 16 0
2
40 40 
1
6319 10 16 0
2
38 40 
2
6320 4 16 0
6320 10 16 0
2
40 40 
1
6321 10 16 0
2
41 41 
1
5549 20 12 0
2
39 41 
2
5550 22 8 0
5550 20 12 0
2
41 41 
1
5551 20 12 0
2
19 41 
2
5552 20 8 0
5552 20 12 0
2
41 41 
1
5553 20 12 0
2
39 41 
2
5554 22 8 0
5554 20 12 0
2
41 41 
1
5555 20 12 0
2
42 42 
1
6335 16 16 0
2
40 42 
2
6336 10 16 0
6336 16 16 0
2
42 42 
1
6337 16 16 0
2
20 42 
2
6338 14 16 0
6338 16 16 0
2
42 42 
1
6339 16 16 0
2
40 42 
2
6340 10 16 0
6340 16 16 0
2
42 42 
1
6341 16 16 0
2
43 43 
1
5550 18 14 0
2
41 43 
2
5556 20 12 0
5556 18 14 0
2
43 43 
1
5557 18 14 0
2
21 43 
2
5558 20 14 0
5558 18 14 0
2
43 43 
1
5559 18 14 0
2
41 43 
2
5560 20 12 0
5560 18 14 0
2
43 43 
1
5561 18 14 0
2
42 216 
2
6342 16 16 0
6342 8 20 0
2
43 45 
2
5562 18 14 0
5562 16 2 0
2
42 217 
2
6343 16 16 0
6343 14 26 0
2
42 218 
2
6344 16 16 0
6344 10 24 0
2
40 42 
2
6345 10 16 0
6345 16 16 0
2
41 43 
2
5563 20 12 0
5563 18 14 0
2
42 216 
2
6346 16 16 0
6346 8 20 0
2
43 50 
2
5564 18 14 0
5564 4 12 0
2
42 217 
2
6347 16 16 0
6347 14 26 0
2
42 218 
2
6348 16 16 0
6348 10 24 0
2
20 40 
2
6346 14 16 0
6346 10 16 0
2
21 41 
2
5564 20 14 0
5564 20 12 0
2
38 40 
2
6347 4 16 0
6347 10 16 0
2
39 41 
2
5565 22 8 0
5565 20 12 0
2
42 42 
1
6349 16 16 0
2
40 42 
2
6350 10 16 0
6350 16 16 0
2
42 42 
1
6351 16 16 0
2
20 42 
2
6352 14 16 0
6352 16 16 0
2
42 42 
1
6353 16 16 0
2
40 42 
2
6354 10 16 0
6354 16 16 0
2
42 42 
1
6355 16 16 0
2
43 43 
1
5565 18 14 0
2
41 43 
2
5566 20 12 0
5566 18 14 0
2
43 43 
1
5567 18 14 0
2
21 43 
2
5568 20 14 0
5568 18 14 0
2
43 43 
1
5569 18 14 0
2
41 43 
2
5570 20 12 0
5570 18 14 0
2
43 43 
1
5571 18 14 0
2
42 217 
2
6356 16 16 0
6356 14 26 0
2
43 50 
2
5572 18 14 0
5572 4 12 0
2
42 218 
2
6357 16 16 0
6357 10 24 0
2
43 45 
2
5573 18 14 0
5573 16 2 0
2
42 219 
2
6358 16 16 0
6358 24 24 0
2
40 42 
2
6359 10 16 0
6359 16 16 0
2
41 43 
2
5574 20 12 0
5574 18 14 0
2
42 217 
2
6360 16 16 0
6360 14 26 0
2
43 49 
2
5575 18 14 0
5575 32 14 0
2
42 218 
2
6361 16 16 0
6361 10 24 0
2
42 219 
2
6362 16 16 0
6362 24 24 0
2
20 40 
2
6360 14 16 0
6360 10 16 0
2
21 41 
2
5575 20 14 0
5575 20 12 0
2
18 38 
2
6348 4 18 0
6348 4 16 0
2
19 39 
2
5566 20 8 0
5566 22 8 0
2
36 38 
2
6349 4 22 0
6349 4 16 0
2
37 39 
2
5567 24 4 0
5567 22 8 0
2
40 40 
1
6361 10 16 0
2
38 40 
2
6362 4 16 0
6362 10 16 0
2
40 40 
1
6363 10 16 0
2
18 40 
2
6364 4 18 0
6364 10 16 0
2
40 40 
1
6365 10 16 0
2
38 40 
2
6366 4 16 0
6366 10 16 0
2
40 40 
1
6367 10 16 0
2
41 41 
1
5576 20 12 0
2
39 41 
2
5577 22 8 0
5577 20 12 0
2
41 41 
1
5578 20 12 0
2
19 41 
2
5579 20 8 0
5579 20 12 0
2
41 41 
1
5580 20 12 0
2
39 41 
2
5581 22 8 0
5581 20 12 0
2
41 41 
1
5582 20 12 0
2
42 42 
1
6363 16 16 0
2
40 42 
2
6368 10 16 0
6368 16 16 0
2
42 42 
1
6369 16 16 0
2
20 42 
2
6370 14 16 0
6370 16 16 0
2
42 42 
1
6371 16 16 0
2
40 42 
2
6372 10 16 0
6372 16 16 0
2
42 42 
1
6373 16 16 0
2
43 43 
1
5576 18 14 0
2
41 43 
2
5583 20 12 0
5583 18 14 0
2
43 43 
1
5584 18 14 0
2
21 43 
2
5585 20 14 0
5585 18 14 0
2
43 43 
1
5586 18 14 0
2
41 43 
2
5587 20 12 0
5587 18 14 0
2
43 43 
1
5588 18 14 0
2
42 216 
2
6374 16 16 0
6374 8 20 0
2
43 47 
2
5589 18 14 0
5589 26 12 0
2
42 217 
2
6375 16 16 0
6375 14 26 0
2
42 218 
2
6376 16 16 0
6376 10 24 0
2
42 219 
2
6377 16 16 0
6377 24 24 0
2
42 220 
2
6378 16 16 0
6378 12 24 0
2
42 221 
2
6379 16 16 0
6379 6 22 0
2
42 222 
2
6380 16 16 0
6380 6 14 0
2
42 223 
2
6381 16 16 0
6381 14 12 0
2
42 224 
2
6382 16 16 0
6382 24 12 0
2
42 225 
2
6383 16 16 0
6383 20 18 0
2
42 226 
2
6384 16 16 0
6384 18 32 0
2
42 227 
2
6385 16 16 0
6385 2 12 0
2
42 228 
2
6386 16 16 0
6386 12 2 0
2
42 229 
2
6387 16 16 0
6387 2 16 0
2
42 230 
2
6388 16 16 0
6388 10 8 0
2
42 231 
2
6389 16 16 0
6389 14 30 0
2
42 232 
2
6390 16 16 0
6390 26 22 0
2
42 233 
2
6391 16 16 0
6391 8 22 0
2
42 234 
2
6392 16 16 0
6392 12 22 0
2
42 235 
2
6393 16 16 0
6393 14 24 0
2
42 236 
2
6394 16 16 0
6394 8 10 0
2
40 42 
2
6395 10 16 0
6395 16 16 0
2
41 43 
2
5590 20 12 0
5590 18 14 0
2
42 216 
2
6396 16 16 0
6396 8 20 0
2
43 47 
2
5591 18 14 0
5591 26 12 0
2
42 217 
2
6397 16 16 0
6397 14 26 0
2
43 49 
2
5592 18 14 0
5592 32 14 0
2
42 218 
2
6398 16 16 0
6398 10 24 0
2
42 219 
2
6399 16 16 0
6399 24 24 0
2
42 220 
2
6400 16 16 0
6400 12 24 0
2
42 221 
2
6401 16 16 0
6401 6 22 0
2
42 222 
2
6402 16 16 0
6402 6 14 0
2
42 223 
2
6403 16 16 0
6403 14 12 0
2
42 224 
2
6404 16 16 0
6404 24 12 0
2
42 225 
2
6405 16 16 0
6405 20 18 0
2
42 226 
2
6406 16 16 0
6406 18 32 0
2
42 227 
2
6407 16 16 0
6407 2 12 0
2
42 228 
2
6408 16 16 0
6408 12 2 0
2
42 229 
2
6409 16 16 0
6409 2 16 0
2
42 230 
2
6410 16 16 0
6410 10 8 0
2
42 231 
2
6411 16 16 0
6411 14 30 0
2
42 232 
2
6412 16 16 0
6412 26 22 0
2
42 233 
2
6413 16 16 0
6413 8 22 0
2
42 234 
2
6414 16 16 0
6414 12 22 0
2
42 235 
2
6415 16 16 0
6415 14 24 0
2
42 236 
2
6416 16 16 0
6416 8 10 0
2
20 40 
2
6396 14 16 0
6396 10 16 0
2
21 41 
2
5591 20 14 0
5591 20 12 0
2
38 40 
2
6397 4 16 0
6397 10 16 0
2
39 41 
2
5592 22 8 0
5592 20 12 0
2
42 42 
1
6417 16 16 0
2
40 42 
2
6418 10 16 0
6418 16 16 0
2
42 42 
1
6419 16 16 0
2
20 42 
2
6420 14 16 0
6420 16 16 0
2
42 42 
1
6421 16 16 0
2
40 42 
2
6422 10 16 0
6422 16 16 0
2
42 42 
1
6423 16 16 0
2
43 43 
1
5593 18 14 0
2
41 43 
2
5594 20 12 0
5594 18 14 0
2
43 43 
1
5595 18 14 0
2
21 43 
2
5596 20 14 0
5596 18 14 0
2
43 43 
1
5597 18 14 0
2
41 43 
2
5598 20 12 0
5598 18 14 0
2
43 43 
1
5599 18 14 0
2
42 217 
2
6424 16 16 0
6424 14 26 0
2
43 53 
2
5600 18 14 0
5600 18 8 0
2
42 218 
2
6425 16 16 0
6425 10 24 0
2
42 219 
2
6426 16 16 0
6426 24 24 0
2
42 220 
2
6427 16 16 0
6427 12 24 0
2
42 221 
2
6428 16 16 0
6428 6 22 0
2
42 222 
2
6429 16 16 0
6429 6 14 0
2
42 223 
2
6430 16 16 0
6430 14 12 0
2
42 224 
2
6431 16 16 0
6431 24 12 0
2
42 225 
2
6432 16 16 0
6432 20 18 0
2
42 226 
2
6433 16 16 0
6433 18 32 0
2
42 227 
2
6434 16 16 0
6434 2 12 0
2
42 228 
2
6435 16 16 0
6435 12 2 0
2
42 229 
2
6436 16 16 0
6436 2 16 0
2
42 230 
2
6437 16 16 0
6437 10 8 0
2
42 231 
2
6438 16 16 0
6438 14 30 0
2
42 232 
2
6439 16 16 0
6439 26 22 0
2
42 233 
2
6440 16 16 0
6440 8 22 0
2
42 234 
2
6441 16 16 0
6441 12 22 0
2
42 235 
2
6442 16 16 0
6442 14 24 0
2
42 236 
2
6443 16 16 0
6443 8 10 0
2
42 237 
2
6444 16 16 0
6444 20 28 0
2
40 42 
2
6445 10 16 0
6445 16 16 0
2
41 43 
2
5601 20 12 0
5601 18 14 0
2
42 217 
2
6446 16 16 0
6446 14 26 0
2
43 52 
2
5602 18 14 0
5602 18 4 0
2
42 218 
2
6447 16 16 0
6447 10 24 0
2
42 219 
2
6448 16 16 0
6448 24 24 0
2
42 220 
2
6449 16 16 0
6449 12 24 0
2
42 221 
2
6450 16 16 0
6450 6 22 0
2
42 222 
2
6451 16 16 0
6451 6 14 0
2
42 223 
2
6452 16 16 0
6452 14 12 0
2
42 224 
2
6453 16 16 0
6453 24 12 0
2
42 225 
2
6454 16 16 0
6454 20 18 0
2
42 226 
2
6455 16 16 0
6455 18 32 0
2
42 227 
2
6456 16 16 0
6456 2 12 0
2
42 228 
2
6457 16 16 0
6457 12 2 0
2
42 229 
2
6458 16 16 0
6458 2 16 0
2
42 230 
2
6459 16 16 0
6459 10 8 0
2
42 231 
2
6460 16 16 0
6460 14 30 0
2
42 232 
2
6461 16 16 0
6461 26 22 0
2
42 233 
2
6462 16 16 0
6462 8 22 0
2
42 234 
2
6463 16 16 0
6463 12 22 0
2
42 235 
2
6464 16 16 0
6464 14 24 0
2
42 236 
2
6465 16 16 0
6465 8 10 0
2
42 237 
2
6466 16 16 0
6466 20 28 0
2
20 40 
2
6446 14 16 0
6446 10 16 0
2
21 41 
2
5602 20 14 0
5602 20 12 0
2
18 38 
2
6398 4 18 0
6398 4 16 0
2
19 39 
2
5593 20 8 0
5593 22 8 0
2
16 36 
2
6350 4 24 0
6350 4 22 0
2
17 37 
2
5568 26 4 0
5568 24 4 0
2
34 36 
2
6351 2 24 0
6351 4 22 0
2
35 37 
2
5569 28 2 0
5569 24 4 0
2
38 38 
1
6399 4 16 0
2
36 38 
2
6400 4 22 0
6400 4 16 0
2
38 38 
1
6401 4 16 0
2
16 38 
2
6402 4 24 0
6402 4 16 0
2
38 38 
1
6403 4 16 0
2
36 38 
2
6404 4 22 0
6404 4 16 0
2
38 38 
1
6405 4 16 0
2
39 39 
1
5594 22 8 0
2
37 39 
2
5595 24 4 0
5595 22 8 0
2
39 39 
1
5596 22 8 0
2
17 39 
2
5597 26 4 0
5597 22 8 0
2
39 39 
1
5598 22 8 0
2
37 39 
2
5599 24 4 0
5599 22 8 0
2
39 39 
1
5600 22 8 0
2
40 40 
1
6447 10 16 0
2
38 40 
2
6448 4 16 0
6448 10 16 0
2
40 40 
1
6449 10 16 0
2
18 40 
2
6450 4 18 0
6450 10 16 0
2
40 40 
1
6451 10 16 0
2
38 40 
2
6452 4 16 0
6452 10 16 0
2
40 40 
1
6453 10 16 0
2
41 41 
1
5603 20 12 0
2
39 41 
2
5604 22 8 0
5604 20 12 0
2
41 41 
1
5605 20 12 0
2
19 41 
2
5606 20 8 0
5606 20 12 0
2
41 41 
1
5607 20 12 0
2
39 41 
2
5608 22 8 0
5608 20 12 0
2
41 41 
1
5609 20 12 0
2
42 42 
1
6467 16 16 0
2
40 42 
2
6468 10 16 0
6468 16 16 0
2
42 42 
1
6469 16 16 0
2
20 42 
2
6470 14 16 0
6470 16 16 0
2
42 42 
1
6471 16 16 0
2
40 42 
2
6472 10 16 0
6472 16 16 0
2
42 42 
1
6473 16 16 0
2
43 43 
1
5603 18 14 0
2
41 43 
2
5610 20 12 0
5610 18 14 0
2
43 43 
1
5611 18 14 0
2
21 43 
2
5612 20 14 0
5612 18 14 0
2
43 43 
1
5613 18 14 0
2
41 43 
2
5614 20 12 0
5614 18 14 0
2
43 43 
1
5615 18 14 0
2
42 236 
2
6474 16 16 0
6474 8 10 0
2
43 52 
2
5616 18 14 0
5616 18 4 0
2
42 237 
2
6475 16 16 0
6475 20 28 0
2
43 53 
2
5617 18 14 0
5617 18 8 0
2
42 238 
2
6476 16 16 0
6476 14 10 0
2
40 42 
2
6477 10 16 0
6477 16 16 0
2
41 43 
2
5618 20 12 0
5618 18 14 0
2
42 236 
2
6478 16 16 0
6478 8 10 0
2
43 55 
2
5619 18 14 0
5619 24 2 0
2
42 237 
2
6479 16 16 0
6479 20 28 0
2
42 238 
2
6480 16 16 0
6480 14 10 0
2
20 40 
2
6478 14 16 0
6478 10 16 0
2
21 41 
2
5619 20 14 0
5619 20 12 0
2
38 40 
2
6479 4 16 0
6479 10 16 0
2
39 41 
2
5620 22 8 0
5620 20 12 0
2
42 42 
1
6481 16 16 0
2
40 42 
2
6482 10 16 0
6482 16 16 0
2
42 42 
1
6483 16 16 0
2
20 42 
2
6484 14 16 0
6484 16 16 0
2
42 42 
1
6485 16 16 0
2
40 42 
2
6486 10 16 0
6486 16 16 0
2
42 42 
1
6487 16 16 0
2
43 43 
1
5620 18 14 0
2
41 43 
2
5621 20 12 0
5621 18 14 0
2
43 43 
1
5622 18 14 0
2
21 43 
2
5623 20 14 0
5623 18 14 0
2
43 43 
1
5624 18 14 0
2
41 43 
2
5625 20 12 0
5625 18 14 0
2
43 43 
1
5626 18 14 0
2
42 237 
2
6488 16 16 0
6488 20 28 0
2
43 54 
2
5627 18 14 0
5627 24 6 0
2
42 238 
2
6489 16 16 0
6489 14 10 0
2
42 239 
2
6490 16 16 0
6490 16 20 0
2
40 42 
2
6491 10 16 0
6491 16 16 0
2
41 43 
2
5628 20 12 0
5628 18 14 0
2
42 237 
2
6492 16 16 0
6492 20 28 0
2
43 54 
2
5629 18 14 0
5629 24 6 0
2
42 238 
2
6493 16 16 0
6493 14 10 0
2
43 55 
2
5630 18 14 0
5630 24 2 0
2
42 239 
2
6494 16 16 0
6494 16 20 0
2
20 40 
2
6492 14 16 0
6492 10 16 0
2
21 41 
2
5629 20 14 0
5629 20 12 0
2
18 38 
2
6480 4 18 0
6480 4 16 0
2
19 39 
2
5621 20 8 0
5621 22 8 0
2
36 38 
2
6481 4 22 0
6481 4 16 0
2
37 39 
2
5622 24 4 0
5622 22 8 0
2
40 40 
1
6493 10 16 0
2
38 40 
2
6494 4 16 0
6494 10 16 0
2
40 40 
1
6495 10 16 0
2
18 40 
2
6496 4 18 0
6496 10 16 0
2
40 40 
1
6497 10 16 0
2
38 40 
2
6498 4 16 0
6498 10 16 0
2
40 40 
1
6499 10 16 0
2
41 41 
1
5630 20 12 0
2
39 41 
2
5631 22 8 0
5631 20 12 0
2
41 41 
1
5632 20 12 0
2
19 41 
2
5633 20 8 0
5633 20 12 0
2
41 41 
1
5634 20 12 0
2
39 41 
2
5635 22 8 0
5635 20 12 0
2
41 41 
1
5636 20 12 0
2
42 42 
1
6495 16 16 0
2
40 42 
2
6500 10 16 0
6500 16 16 0
2
42 42 
1
6501 16 16 0
2
20 42 
2
6502 14 16 0
6502 16 16 0
2
42 42 
1
6503 16 16 0
2
40 42 
2
6504 10 16 0
6504 16 16 0
2
42 42 
1
6505 16 16 0
2
43 43 
1
5631 18 14 0
2
41 43 
2
5637 20 12 0
5637 18 14 0
2
43 43 
1
5638 18 14 0
2
21 43 
2
5639 20 14 0
5639 18 14 0
2
43 43 
1
5640 18 14 0
2
41 43 
2
5641 20 12 0
5641 18 14 0
2
43 43 
1
5642 18 14 0
2
42 236 
2
6506 16 16 0
6506 8 10 0
2
43 57 
2
5643 18 14 0
5643 22 28 0
2
42 237 
2
6507 16 16 0
6507 20 28 0
2
42 238 
2
6508 16 16 0
6508 14 10 0
2
42 239 
2
6509 16 16 0
6509 16 20 0
2
42 50 
2
6510 16 16 0
6510 4 12 0
2
42 45 
2
6511 16 16 0
6511 16 2 0
2
42 47 
2
6512 16 16 0
6512 26 12 0
2
42 49 
2
6513 16 16 0
6513 32 14 0
2
42 52 
2
6514 16 16 0
6514 18 4 0
2
42 53 
2
6515 16 16 0
6515 18 8 0
2
42 54 
2
6516 16 16 0
6516 24 6 0
2
42 55 
2
6517 16 16 0
6517 24 2 0
2
42 56 
2
6518 16 16 0
6518 32 18 0
2
42 57 
2
6519 16 16 0
6519 22 28 0
2
42 58 
2
6520 16 16 0
6520 10 10 0
2
42 59 
2
6521 16 16 0
6521 28 16 0
2
42 60 
2
6522 16 16 0
6522 16 8 0
2
42 61 
2
6523 16 16 0
6523 18 30 0
2
42 62 
2
6524 16 16 0
6524 20 24 0
2
42 63 
2
6525 16 16 0
6525 16 12 0
2
42 64 
2
6526 16 16 0
6526 16 6 0
2
40 42 
2
6527 10 16 0
6527 16 16 0
2
41 43 
2
5644 20 12 0
5644 18 14 0
2
42 236 
2
6528 16 16 0
6528 8 10 0
2
43 56 
2
6519 18 14 0
6519 32 18 0
2
42 237 
2
6529 16 16 0
6529 20 28 0
2
42 238 
2
6530 16 16 0
6530 14 10 0
2
42 239 
2
6531 16 16 0
6531 16 20 0
2
42 50 
2
6532 16 16 0
6532 4 12 0
2
42 45 
2
6533 16 16 0
6533 16 2 0
2
42 47 
2
6534 16 16 0
6534 26 12 0
2
42 49 
2
6535 16 16 0
6535 32 14 0
2
42 52 
2
6536 16 16 0
6536 18 4 0
2
42 53 
2
6537 16 16 0
6537 18 8 0
2
42 54 
2
6538 16 16 0
6538 24 6 0
2
42 55 
2
6539 16 16 0
6539 24 2 0
2
42 56 
2
6540 16 16 0
6540 32 18 0
2
42 57 
2
6541 16 16 0
6541 22 28 0
2
42 58 
2
6542 16 16 0
6542 10 10 0
2
42 59 
2
6543 16 16 0
6543 28 16 0
2
42 60 
2
6544 16 16 0
6544 16 8 0
2
42 61 
2
6545 16 16 0
6545 18 30 0
2
42 62 
2
6546 16 16 0
6546 20 24 0
2
42 63 
2
6547 16 16 0
6547 16 12 0
2
42 64 
2
6548 16 16 0
6548 16 6 0
2
20 40 
2
6528 14 16 0
6528 10 16 0
2
21 41 
2
5645 20 14 0
5645 20 12 0
2
38 40 
2
6529 4 16 0
6529 10 16 0
2
39 41 
2
5646 22 8 0
5646 20 12 0
2
42 42 
1
6549 16 16 0
2
40 42 
2
6550 10 16 0
6550 16 16 0
2
42 42 
1
6551 16 16 0
2
20 42 
2
6552 14 16 0
6552 16 16 0
2
42 42 
1
6553 16 16 0
2
40 42 
2
6554 10 16 0
6554 16 16 0
2
42 42 
1
6555 16 16 0
2
43 43 
1
6520 18 14 0
2
41 43 
2
6521 20 12 0
6521 18 14 0
2
43 43 
1
6522 18 14 0
2
21 43 
2
6523 20 14 0
6523 18 14 0
2
43 43 
1
6524 18 14 0
2
41 43 
2
6525 20 12 0
6525 18 14 0
2
43 43 
1
6526 18 14 0
2
42 237 
2
6556 16 16 0
6556 20 28 0
2
43 56 
2
6541 18 14 0
6541 32 18 0
2
42 238 
2
6557 16 16 0
6557 14 10 0
2
43 57 
2
6542 18 14 0
6542 22 28 0
2
42 239 
2
6558 16 16 0
6558 16 20 0
2
42 50 
2
6559 16 16 0
6559 4 12 0
2
42 45 
2
6560 16 16 0
6560 16 2 0
2
42 47 
2
6561 16 16 0
6561 26 12 0
2
42 49 
2
6562 16 16 0
6562 32 14 0
2
42 52 
2
6563 16 16 0
6563 18 4 0
2
42 53 
2
6564 16 16 0
6564 18 8 0
2
42 54 
2
6565 16 16 0
6565 24 6 0
2
42 55 
2
6566 16 16 0
6566 24 2 0
2
42 56 
2
6567 16 16 0
6567 32 18 0
2
42 57 
2
6568 16 16 0
6568 22 28 0
2
42 58 
2
6569 16 16 0
6569 10 10 0
2
42 59 
2
6570 16 16 0
6570 28 16 0
2
42 60 
2
6571 16 16 0
6571 16 8 0
2
42 61 
2
6572 16 16 0
6572 18 30 0
2
42 62 
2
6573 16 16 0
6573 20 24 0
2
42 63 
2
6574 16 16 0
6574 16 12 0
2
42 64 
2
6575 16 16 0
6575 16 6 0
2
42 65 
2
6576 16 16 0
6576 10 6 0
2
40 42 
2
6577 10 16 0
6577 16 16 0
2
41 43 
2
6543 20 12 0
6543 18 14 0
2
42 237 
2
6578 16 16 0
6578 20 28 0
2
43 59 
2
6571 18 14 0
6571 28 16 0
2
42 238 
2
6579 16 16 0
6579 14 10 0
2
42 239 
2
6580 16 16 0
6580 16 20 0
2
42 50 
2
6581 16 16 0
6581 4 12 0
2
42 45 
2
6582 16 16 0
6582 16 2 0
2
42 47 
2
6583 16 16 0
6583 26 12 0
2
42 49 
2
6584 16 16 0
6584 32 14 0
2
42 52 
2
6585 16 16 0
6585 18 4 0
2
42 53 
2
6586 16 16 0
6586 18 8 0
2
42 54 
2
6587 16 16 0
6587 24 6 0
2
42 55 
2
6588 16 16 0
6588 24 2 0
2
42 56 
2
6589 16 16 0
6589 32 18 0
2
42 57 
2
6590 16 16 0
6590 22 28 0
2
42 58 
2
6591 16 16 0
6591 10 10 0
2
42 59 
2
6592 16 16 0
6592 28 16 0
2
42 60 
2
6593 16 16 0
6593 16 8 0
2
42 61 
2
6594 16 16 0
6594 18 30 0
2
42 62 
2
6595 16 16 0
6595 20 24 0
2
42 63 
2
6596 16 16 0
6596 16 12 0
2
42 64 
2
6597 16 16 0
6597 16 6 0
2
42 65 
2
6598 16 16 0
6598 10 6 0
2
20 40 
2
6578 14 16 0
6578 10 16 0
2
21 41 
2
6544 20 14 0
6544 20 12 0
2
18 38 
2
6530 4 18 0
6530 4 16 0
2
19 39 
2
5647 20 8 0
5647 22 8 0
2
16 36 
2
6482 4 24 0
6482 4 22 0
2
17 37 
2
5623 26 4 0
5623 24 4 0
2
14 34 
2
6352 4 26 0
6352 2 24 0
2
15 35 
2
5570 26 2 0
5570 28 2 0
2
12 32 
2
6090 2 26 0
6090 2 28 0
2
13 33 
2
5465 30 2 0
5465 32 2 0
2
10 30 
2
5582 6 28 0
5582 4 28 0
2
11 31 
2
5250 32 4 0
5250 32 6 0
2
8 28 
2
4578 6 30 0
4578 4 30 0
2
9 29 
2
4595 32 24 0
4595 32 26 0
2
26 28 
2
4579 2 30 0
4579 4 30 0
2
27 29 
2
4596 32 28 0
4596 32 26 0
2
30 30 
1
5583 4 28 0
2
28 30 
2
5584 4 30 0
5584 4 28 0
2
30 30 
1
5585 4 28 0
2
8 30 
2
5586 6 30 0
5586 4 28 0
2
30 30 
1
5587 4 28 0
2
28 30 
2
5588 4 30 0
5588 4 28 0
2
30 30 
1
5589 4 28 0
2
31 31 
1
5251 32 6 0
2
29 31 
2
5252 32 26 0
5252 32 6 0
2
31 31 
1
5253 32 6 0
2
9 31 
2
5254 32 24 0
5254 32 6 0
2
31 31 
1
5255 32 6 0
2
29 31 
2
5256 32 26 0
5256 32 6 0
2
31 31 
1
5257 32 6 0
2
32 32 
1
6091 2 28 0
2
30 32 
2
6092 4 28 0
6092 2 28 0
2
32 32 
1
6093 2 28 0
2
10 32 
2
6094 6 28 0
6094 2 28 0
2
32 32 
1
6095 2 28 0
2
30 32 
2
6096 4 28 0
6096 2 28 0
2
32 32 
1
6097 2 28 0
2
33 33 
1
5466 32 2 0
2
31 33 
2
5467 32 6 0
5467 32 2 0
2
33 33 
1
5468 32 2 0
2
11 33 
2
5469 32 4 0
5469 32 2 0
2
33 33 
1
5470 32 2 0
2
31 33 
2
5471 32 6 0
5471 32 2 0
2
33 33 
1
5472 32 2 0
2
34 34 
1
6353 2 24 0
2
32 34 
2
6354 2 28 0
6354 2 24 0
2
34 34 
1
6355 2 24 0
2
12 34 
2
6356 2 26 0
6356 2 24 0
2
34 34 
1
6357 2 24 0
2
32 34 
2
6358 2 28 0
6358 2 24 0
2
34 34 
1
6359 2 24 0
2
35 35 
1
5571 28 2 0
2
33 35 
2
5572 32 2 0
5572 28 2 0
2
35 35 
1
5573 28 2 0
2
13 35 
2
5574 30 2 0
5574 28 2 0
2
35 35 
1
5575 28 2 0
2
33 35 
2
5576 32 2 0
5576 28 2 0
2
35 35 
1
5577 28 2 0
2
36 36 
1
6483 4 22 0
2
34 36 
2
6484 2 24 0
6484 4 22 0
2
36 36 
1
6485 4 22 0
2
14 36 
2
6486 4 26 0
6486 4 22 0
2
36 36 
1
6487 4 22 0
2
34 36 
2
6488 2 24 0
6488 4 22 0
2
36 36 
1
6489 4 22 0
2
37 37 
1
5624 24 4 0
2
35 37 
2
5625 28 2 0
5625 24 4 0
2
37 37 
1
5626 24 4 0
2
15 37 
2
5627 26 2 0
5627 24 4 0
2
37 37 
1
5628 24 4 0
2
35 37 
2
5629 28 2 0
5629 24 4 0
2
37 37 
1
5630 24 4 0
2
38 38 
1
6531 4 16 0
2
36 38 
2
6532 4 22 0
6532 4 16 0
2
38 38 
1
6533 4 16 0
2
16 38 
2
6534 4 24 0
6534 4 16 0
2
38 38 
1
6535 4 16 0
2
36 38 
2
6536 4 22 0
6536 4 16 0
2
38 38 
1
6537 4 16 0
2
39 39 
1
5648 22 8 0
2
37 39 
2
5649 24 4 0
5649 22 8 0
2
39 39 
1
5650 22 8 0
2
17 39 
2
5651 26 4 0
5651 22 8 0
2
39 39 
1
5652 22 8 0
2
37 39 
2
5653 24 4 0
5653 22 8 0
2
39 39 
1
5654 22 8 0
2
40 40 
1
6579 10 16 0
2
38 40 
2
6580 4 16 0
6580 10 16 0
2
40 40 
1
6581 10 16 0
2
18 40 
2
6582 4 18 0
6582 10 16 0
2
40 40 
1
6583 10 16 0
2
38 40 
2
6584 4 16 0
6584 10 16 0
2
40 40 
1
6585 10 16 0
2
41 41 
1
6545 20 12 0
2
39 41 
2
6546 22 8 0
6546 20 12 0
2
41 41 
1
6547 20 12 0
2
19 41 
2
6548 20 8 0
6548 20 12 0
2
41 41 
1
6549 20 12 0
2
39 41 
2
6550 22 8 0
6550 20 12 0
2
41 41 
1
6551 20 12 0
2
42 42 
1
6599 16 16 0
2
40 42 
2
6600 10 16 0
6600 16 16 0
2
42 42 
1
6601 16 16 0
2
20 42 
2
6602 14 16 0
6602 16 16 0
2
42 42 
1
6603 16 16 0
2
40 42 
2
6604 10 16 0
6604 16 16 0
2
42 42 
1
6605 16 16 0
2
43 43 
1
6572 18 14 0
2
41 43 
2
6573 20 12 0
6573 18 14 0
2
43 43 
1
6574 18 14 0
2
21 43 
2
6575 20 14 0
6575 18 14 0
2
43 43 
1
6576 18 14 0
2
41 43 
2
6577 20 12 0
6577 18 14 0
2
43 43 
1
6578 18 14 0
2
42 64 
2
6606 16 16 0
6606 16 6 0
2
43 58 
2
6592 18 14 0
6592 10 10 0
2
42 65 
2
6607 16 16 0
6607 10 6 0
2
42 66 
2
6608 16 16 0
6608 18 22 0
2
40 42 
2
6609 10 16 0
6609 16 16 0
2
41 43 
2
6593 20 12 0
6593 18 14 0
2
42 64 
2
6610 16 16 0
6610 16 6 0
2
43 58 
2
6594 18 14 0
6594 10 10 0
2
42 65 
2
6611 16 16 0
6611 10 6 0
2
43 59 
2
6595 18 14 0
6595 28 16 0
2
42 66 
2
6612 16 16 0
6612 18 22 0
2
20 40 
2
6610 14 16 0
6610 10 16 0
2
21 41 
2
6594 20 14 0
6594 20 12 0
2
38 40 
2
6611 4 16 0
6611 10 16 0
2
39 41 
2
6595 22 8 0
6595 20 12 0
2
42 42 
1
6613 16 16 0
2
40 42 
2
6614 10 16 0
6614 16 16 0
2
42 42 
1
6615 16 16 0
2
20 42 
2
6616 14 16 0
6616 16 16 0
2
42 42 
1
6617 16 16 0
2
40 42 
2
6618 10 16 0
6618 16 16 0
2
42 42 
1
6619 16 16 0
2
43 43 
1
6596 18 14 0
2
41 43 
2
6597 20 12 0
6597 18 14 0
2
43 43 
1
6598 18 14 0
2
21 43 
2
6599 20 14 0
6599 18 14 0
2
43 43 
1
6600 18 14 0
2
41 43 
2
6601 20 12 0
6601 18 14 0
2
43 43 
1
6602 18 14 0
2
42 65 
2
6620 16 16 0
6620 10 6 0
2
43 61 
2
6603 18 14 0
6603 18 30 0
2
42 66 
2
6621 16 16 0
6621 18 22 0
2
42 67 
2
6622 16 16 0
6622 18 28 0
2
40 42 
2
6623 10 16 0
6623 16 16 0
2
41 43 
2
6604 20 12 0
6604 18 14 0
2
42 65 
2
6624 16 16 0
6624 10 6 0
2
43 60 
2
6605 18 14 0
6605 16 8 0
2
42 66 
2
6625 16 16 0
6625 18 22 0
2
42 67 
2
6626 16 16 0
6626 18 28 0
2
20 40 
2
6624 14 16 0
6624 10 16 0
2
21 41 
2
6605 20 14 0
6605 20 12 0
2
18 38 
2
6612 4 18 0
6612 4 16 0
2
19 39 
2
6596 20 8 0
6596 22 8 0
2
36 38 
2
6613 4 22 0
6613 4 16 0
2
37 39 
2
6597 24 4 0
6597 22 8 0
2
40 40 
1
6625 10 16 0
2
38 40 
2
6626 4 16 0
6626 10 16 0
2
40 40 
1
6627 10 16 0
2
18 40 
2
6628 4 18 0
6628 10 16 0
2
40 40 
1
6629 10 16 0
2
38 40 
2
6630 4 16 0
6630 10 16 0
2
40 40 
1
6631 10 16 0
2
41 41 
1
6606 20 12 0
2
39 41 
2
6607 22 8 0
6607 20 12 0
2
41 41 
1
6608 20 12 0
2
19 41 
2
6609 20 8 0
6609 20 12 0
2
41 41 
1
6610 20 12 0
2
39 41 
2
6611 22 8 0
6611 20 12 0
2
41 41 
1
6612 20 12 0
2
42 42 
1
6627 16 16 0
2
40 42 
2
6632 10 16 0
6632 16 16 0
2
42 42 
1
6633 16 16 0
2
20 42 
2
6634 14 16 0
6634 16 16 0
2
42 42 
1
6635 16 16 0
2
40 42 
2
6636 10 16 0
6636 16 16 0
2
42 42 
1
6637 16 16 0
2
43 43 
1
6606 18 14 0
2
41 43 
2
6613 20 12 0
6613 18 14 0
2
43 43 
1
6614 18 14 0
2
21 43 
2
6615 20 14 0
6615 18 14 0
2
43 43 
1
6616 18 14 0
2
41 43 
2
6617 20 12 0
6617 18 14 0
2
43 43 
1
6618 18 14 0
2
42 64 
2
6638 16 16 0
6638 16 6 0
2
43 60 
2
6619 18 14 0
6619 16 8 0
2
42 65 
2
6639 16 16 0
6639 10 6 0
2
43 61 
2
6620 18 14 0
6620 18 30 0
2
42 66 
2
6640 16 16 0
6640 18 22 0
2
42 67 
2
6641 16 16 0
6641 18 28 0
2
42 68 
2
6642 16 16 0
6642 18 12 0
2
42 86 
2
6643 16 16 0
6643 6 10 0
2
42 87 
2
6644 16 16 0
6644 22 14 0
2
42 89 
2
6645 16 16 0
6645 24 14 0
2
42 90 
2
6646 16 16 0
6646 20 10 0
2
42 91 
2
6647 16 16 0
6647 28 8 0
2
42 92 
2
6648 16 16 0
6648 32 12 0
2
42 93 
2
6649 16 16 0
6649 20 2 0
2
42 94 
2
6650 16 16 0
6650 8 6 0
2
42 95 
2
6651 16 16 0
6651 6 12 0
2
42 96 
2
6652 16 16 0
6652 16 4 0
2
42 97 
2
6653 16 16 0
6653 12 14 0
2
42 98 
2
6654 16 16 0
6654 22 16 0
2
42 99 
2
6655 16 16 0
6655 18 24 0
2
42 100 
2
6656 16 16 0
6656 12 10 0
2
42 101 
2
6657 16 16 0
6657 18 18 0
2
42 102 
2
6658 16 16 0
6658 14 8 0
2
40 42 
2
6659 10 16 0
6659 16 16 0
2
41 43 
2
6621 20 12 0
6621 18 14 0
2
42 64 
2
6660 16 16 0
6660 16 6 0
2
43 63 
2
6622 18 14 0
6622 16 12 0
2
42 65 
2
6661 16 16 0
6661 10 6 0
2
42 66 
2
6662 16 16 0
6662 18 22 0
2
42 67 
2
6663 16 16 0
6663 18 28 0
2
42 68 
2
6664 16 16 0
6664 18 12 0
2
42 86 
2
6665 16 16 0
6665 6 10 0
2
42 87 
2
6666 16 16 0
6666 22 14 0
2
42 89 
2
6667 16 16 0
6667 24 14 0
2
42 90 
2
6668 16 16 0
6668 20 10 0
2
42 91 
2
6669 16 16 0
6669 28 8 0
2
42 92 
2
6670 16 16 0
6670 32 12 0
2
42 93 
2
6671 16 16 0
6671 20 2 0
2
42 94 
2
6672 16 16 0
6672 8 6 0
2
42 95 
2
6673 16 16 0
6673 6 12 0
2
42 96 
2
6674 16 16 0
6674 16 4 0
2
42 97 
2
6675 16 16 0
6675 12 14 0
2
42 98 
2
6676 16 16 0
6676 22 16 0
2
42 99 
2
6677 16 16 0
6677 18 24 0
2
42 100 
2
6678 16 16 0
6678 12 10 0
2
42 101 
2
6679 16 16 0
6679 18 18 0
2
42 102 
2
6680 16 16 0
6680 14 8 0
2
20 40 
2
6660 14 16 0
6660 10 16 0
2
21 41 
2
6622 20 14 0
6622 20 12 0
2
38 40 
2
6661 4 16 0
6661 10 16 0
2
39 41 
2
6623 22 8 0
6623 20 12 0
2
42 42 
1
6681 16 16 0
2
40 42 
2
6682 10 16 0
6682 16 16 0
2
42 42 
1
6683 16 16 0
2
20 42 
2
6684 14 16 0
6684 16 16 0
2
42 42 
1
6685 16 16 0
2
40 42 
2
6686 10 16 0
6686 16 16 0
2
42 42 
1
6687 16 16 0
2
43 43 
1
6623 18 14 0
2
41 43 
2
6624 20 12 0
6624 18 14 0
2
43 43 
1
6625 18 14 0
2
21 43 
2
6626 20 14 0
6626 18 14 0
2
43 43 
1
6627 18 14 0
2
41 43 
2
6628 20 12 0
6628 18 14 0
2
43 43 
1
6629 18 14 0
2
42 65 
2
6688 16 16 0
6688 10 6 0
2
43 62 
2
6630 18 14 0
6630 20 24 0
2
42 66 
2
6689 16 16 0
6689 18 22 0
2
42 67 
2
6690 16 16 0
6690 18 28 0
2
42 68 
2
6691 16 16 0
6691 18 12 0
2
42 86 
2
6692 16 16 0
6692 6 10 0
2
42 87 
2
6693 16 16 0
6693 22 14 0
2
42 89 
2
6694 16 16 0
6694 24 14 0
2
42 90 
2
6695 16 16 0
6695 20 10 0
2
42 91 
2
6696 16 16 0
6696 28 8 0
2
42 92 
2
6697 16 16 0
6697 32 12 0
2
42 93 
2
6698 16 16 0
6698 20 2 0
2
42 94 
2
6699 16 16 0
6699 8 6 0
2
42 95 
2
6700 16 16 0
6700 6 12 0
2
42 96 
2
6701 16 16 0
6701 16 4 0
2
42 97 
2
6702 16 16 0
6702 12 14 0
2
42 98 
2
6703 16 16 0
6703 22 16 0
2
42 99 
2
6704 16 16 0
6704 18 24 0
2
42 100 
2
6705 16 16 0
6705 12 10 0
2
42 101 
2
6706 16 16 0
6706 18 18 0
2
42 102 
2
6707 16 16 0
6707 14 8 0
2
42 103 
2
6708 16 16 0
6708 14 6 0
2
40 42 
2
6709 10 16 0
6709 16 16 0
2
41 43 
2
6631 20 12 0
6631 18 14 0
2
42 65 
2
6710 16 16 0
6710 10 6 0
2
43 62 
2
6632 18 14 0
6632 20 24 0
2
42 66 
2
6711 16 16 0
6711 18 22 0
2
43 63 
2
6633 18 14 0
6633 16 12 0
2
42 67 
2
6712 16 16 0
6712 18 28 0
2
42 68 
2
6713 16 16 0
6713 18 12 0
2
42 86 
2
6714 16 16 0
6714 6 10 0
2
42 87 
2
6715 16 16 0
6715 22 14 0
2
42 89 
2
6716 16 16 0
6716 24 14 0
2
42 90 
2
6717 16 16 0
6717 20 10 0
2
42 91 
2
6718 16 16 0
6718 28 8 0
2
42 92 
2
6719 16 16 0
6719 32 12 0
2
42 93 
2
6720 16 16 0
6720 20 2 0
2
42 94 
2
6721 16 16 0
6721 8 6 0
2
42 95 
2
6722 16 16 0
6722 6 12 0
2
42 96 
2
6723 16 16 0
6723 16 4 0
2
42 97 
2
6724 16 16 0
6724 12 14 0
2
42 98 
2
6725 16 16 0
6725 22 16 0
2
42 99 
2
6726 16 16 0
6726 18 24 0
2
42 100 
2
6727 16 16 0
6727 12 10 0
2
42 101 
2
6728 16 16 0
6728 18 18 0
2
42 102 
2
6729 16 16 0
6729 14 8 0
2
42 103 
2
6730 16 16 0
6730 14 6 0
2
20 40 
2
6710 14 16 0
6710 10 16 0
2
21 41 
2
6632 20 14 0
6632 20 12 0
2
18 38 
2
6662 4 18 0
6662 4 16 0
2
19 39 
2
6624 20 8 0
6624 22 8 0
2
16 36 
2
6614 4 24 0
6614 4 22 0
2
17 37 
2
6598 26 4 0
6598 24 4 0
2
34 36 
2
6615 2 24 0
6615 4 22 0
2
35 37 
2
6599 28 2 0
6599 24 4 0
2
38 38 
1
6663 4 16 0
2
36 38 
2
6664 4 22 0
6664 4 16 0
2
38 38 
1
6665 4 16 0
2
16 38 
2
6666 4 24 0
6666 4 16 0
2
38 38 
1
6667 4 16 0
2
36 38 
2
6668 4 22 0
6668 4 16 0
2
38 38 
1
6669 4 16 0
2
39 39 
1
6625 22 8 0
2
37 39 
2
6626 24 4 0
6626 22 8 0
2
39 39 
1
6627 22 8 0
2
17 39 
2
6628 26 4 0
6628 22 8 0
2
39 39 
1
6629 22 8 0
2
37 39 
2
6630 24 4 0
6630 22 8 0
2
39 39 
1
6631 22 8 0
2
40 40 
1
6711 10 16 0
2
38 40 
2
6712 4 16 0
6712 10 16 0
2
40 40 
1
6713 10 16 0
2
18 40 
2
6714 4 18 0
6714 10 16 0
2
40 40 
1
6715 10 16 0
2
38 40 
2
6716 4 16 0
6716 10 16 0
2
40 40 
1
6717 10 16 0
2
41 41 
1
6633 20 12 0
2
39 41 
2
6634 22 8 0
6634 20 12 0
2
41 41 
1
6635 20 12 0
2
19 41 
2
6636 20 8 0
6636 20 12 0
2
41 41 
1
6637 20 12 0
2
39 41 
2
6638 22 8 0
6638 20 12 0
2
41 41 
1
6639 20 12 0
2
42 42 
1
6731 16 16 0
2
40 42 
2
6732 10 16 0
6732 16 16 0
2
42 42 
1
6733 16 16 0
2
20 42 
2
6734 14 16 0
6734 16 16 0
2
42 42 
1
6735 16 16 0
2
40 42 
2
6736 10 16 0
6736 16 16 0
2
42 42 
1
6737 16 16 0
2
43 43 
1
6634 18 14 0
2
41 43 
2
6640 20 12 0
6640 18 14 0
2
43 43 
1
6641 18 14 0
2
21 43 
2
6642 20 14 0
6642 18 14 0
2
43 43 
1
6643 18 14 0
2
41 43 
2
6644 20 12 0
6644 18 14 0
2
43 43 
1
6645 18 14 0
2
42 102 
2
6738 16 16 0
6738 14 8 0
2
43 65 
2
6711 18 14 0
6711 10 6 0
2
42 103 
2
6739 16 16 0
6739 14 6 0
2
42 104 
2
6740 16 16 0
6740 22 26 0
2
40 42 
2
6741 10 16 0
6741 16 16 0
2
41 43 
2
6712 20 12 0
6712 18 14 0
2
42 102 
2
6742 16 16 0
6742 14 8 0
2
43 64 
2
6713 18 14 0
6713 16 6 0
2
42 103 
2
6743 16 16 0
6743 14 6 0
2
42 104 
2
6744 16 16 0
6744 22 26 0
2
20 40 
2
6742 14 16 0
6742 10 16 0
2
21 41 
2
6713 20 14 0
6713 20 12 0
2
38 40 
2
6743 4 16 0
6743 10 16 0
2
39 41 
2
6714 22 8 0
6714 20 12 0
2
42 42 
1
6745 16 16 0
2
40 42 
2
6746 10 16 0
6746 16 16 0
2
42 42 
1
6747 16 16 0
2
20 42 
2
6748 14 16 0
6748 16 16 0
2
42 42 
1
6749 16 16 0
2
40 42 
2
6750 10 16 0
6750 16 16 0
2
42 42 
1
6751 16 16 0
2
43 43 
1
6714 18 14 0
2
41 43 
2
6715 20 12 0
6715 18 14 0
2
43 43 
1
6716 18 14 0
2
21 43 
2
6717 20 14 0
6717 18 14 0
2
43 43 
1
6718 18 14 0
2
41 43 
2
6719 20 12 0
6719 18 14 0
2
43 43 
1
6720 18 14 0
2
42 103 
2
6752 16 16 0
6752 14 6 0
2
43 64 
2
6721 18 14 0
6721 16 6 0
2
42 104 
2
6753 16 16 0
6753 22 26 0
2
43 65 
2
6722 18 14 0
6722 10 6 0
2
42 105 
2
6754 16 16 0
6754 20 16 0
2
40 42 
2
6755 10 16 0
6755 16 16 0
2
41 43 
2
6723 20 12 0
6723 18 14 0
2
42 103 
2
6756 16 16 0
6756 14 6 0
2
43 67 
2
6724 18 14 0
6724 18 28 0
2
42 104 
2
6757 16 16 0
6757 22 26 0
2
42 105 
2
6758 16 16 0
6758 20 16 0
2
20 40 
2
6756 14 16 0
6756 10 16 0
2
21 41 
2
6724 20 14 0
6724 20 12 0
2
18 38 
2
6744 4 18 0
6744 4 16 0
2
19 39 
2
6715 20 8 0
6715 22 8 0
2
36 38 
2
6745 4 22 0
6745 4 16 0
2
37 39 
2
6716 24 4 0
6716 22 8 0
2
40 40 
1
6757 10 16 0
2
38 40 
2
6758 4 16 0
6758 10 16 0
2
40 40 
1
6759 10 16 0
2
18 40 
2
6760 4 18 0
6760 10 16 0
2
40 40 
1
6761 10 16 0
2
38 40 
2
6762 4 16 0
6762 10 16 0
2
40 40 
1
6763 10 16 0
2
41 41 
1
6725 20 12 0
2
39 41 
2
6726 22 8 0
6726 20 12 0
2
41 41 
1
6727 20 12 0
2
19 41 
2
6728 20 8 0
6728 20 12 0
2
41 41 
1
6729 20 12 0
2
39 41 
2
6730 22 8 0
6730 20 12 0
2
41 41 
1
6731 20 12 0
2
42 42 
1
6759 16 16 0
2
40 42 
2
6764 10 16 0
6764 16 16 0
2
42 42 
1
6765 16 16 0
2
20 42 
2
6766 14 16 0
6766 16 16 0
2
42 42 
1
6767 16 16 0
2
40 42 
2
6768 10 16 0
6768 16 16 0
2
42 42 
1
6769 16 16 0
2
43 43 
1
6725 18 14 0
2
41 43 
2
6732 20 12 0
6732 18 14 0
2
43 43 
1
6733 18 14 0
2
21 43 
2
6734 20 14 0
6734 18 14 0
2
43 43 
1
6735 18 14 0
2
41 43 
2
6736 20 12 0
6736 18 14 0
2
43 43 
1
6737 18 14 0
2
42 102 
2
6770 16 16 0
6770 14 8 0
2
43 66 
2
6738 18 14 0
6738 18 22 0
2
42 103 
2
6771 16 16 0
6771 14 6 0
2
42 104 
2
6772 16 16 0
6772 22 26 0
2
42 105 
2
6773 16 16 0
6773 20 16 0
2
42 106 
2
6774 16 16 0
6774 24 20 0
2
42 107 
2
6775 16 16 0
6775 30 16 0
2
42 108 
2
6776 16 16 0
6776 28 10 0
2
42 109 
2
6777 16 16 0
6777 26 10 0
2
42 111 
2
6778 16 16 0
6778 18 6 0
2
42 112 
2
6779 16 16 0
6779 30 14 0
2
42 113 
2
6780 16 16 0
6780 22 4 0
2
42 114 
2
6781 16 16 0
6781 30 10 0
2
42 115 
2
6782 16 16 0
6782 2 10 0
2
42 116 
2
6783 16 16 0
6783 8 8 0
2
42 117 
2
6784 16 16 0
6784 12 8 0
2
42 118 
2
6785 16 16 0
6785 12 12 0
2
42 119 
2
6786 16 16 0
6786 22 18 0
2
42 120 
2
6787 16 16 0
6787 28 20 0
2
42 121 
2
6788 16 16 0
6788 8 14 0
2
42 122 
2
6789 16 16 0
6789 12 6 0
2
42 123 
2
6790 16 16 0
6790 22 20 0
2
40 42 
2
6791 10 16 0
6791 16 16 0
2
41 43 
2
6739 20 12 0
6739 18 14 0
2
42 102 
2
6792 16 16 0
6792 14 8 0
2
43 66 
2
6740 18 14 0
6740 18 22 0
2
42 103 
2
6793 16 16 0
6793 14 6 0
2
43 67 
2
6741 18 14 0
6741 18 28 0
2
42 104 
2
6794 16 16 0
6794 22 26 0
2
42 105 
2
6795 16 16 0
6795 20 16 0
2
42 106 
2
6796 16 16 0
6796 24 20 0
2
42 107 
2
6797 16 16 0
6797 30 16 0
2
42 108 
2
6798 16 16 0
6798 28 10 0
2
42 109 
2
6799 16 16 0
6799 26 10 0
2
42 111 
2
6800 16 16 0
6800 18 6 0
2
42 112 
2
6801 16 16 0
6801 30 14 0
2
42 113 
2
6802 16 16 0
6802 22 4 0
2
42 114 
2
6803 16 16 0
6803 30 10 0
2
42 115 
2
6804 16 16 0
6804 2 10 0
2
42 116 
2
6805 16 16 0
6805 8 8 0
2
42 117 
2
6806 16 16 0
6806 12 8 0
2
42 118 
2
6807 16 16 0
6807 12 12 0
2
42 119 
2
6808 16 16 0
6808 22 18 0
2
42 120 
2
6809 16 16 0
6809 28 20 0
2
42 121 
2
6810 16 16 0
6810 8 14 0
2
42 122 
2
6811 16 16 0
6811 12 6 0
2
42 123 
2
6812 16 16 0
6812 22 20 0
2
20 40 
2
6792 14 16 0
6792 10 16 0
2
21 41 
2
6740 20 14 0
6740 20 12 0
2
38 40 
2
6793 4 16 0
6793 10 16 0
2
39 41 
2
6741 22 8 0
6741 20 12 0
2
42 42 
1
6813 16 16 0
2
40 42 
2
6814 10 16 0
6814 16 16 0
2
42 42 
1
6815 16 16 0
2
20 42 
2
6816 14 16 0
6816 16 16 0
2
42 42 
1
6817 16 16 0
2
40 42 
2
6818 10 16 0
6818 16 16 0
2
42 42 
1
6819 16 16 0
2
43 43 
1
6742 18 14 0
2
41 43 
2
6743 20 12 0
6743 18 14 0
2
43 43 
1
6744 18 14 0
2
21 43 
2
6745 20 14 0
6745 18 14 0
2
43 43 
1
6746 18 14 0
2
41 43 
2
6747 20 12 0
6747 18 14 0
2
43 43 
1
6748 18 14 0
2
42 103 
2
6820 16 16 0
6820 14 6 0
2
43 86 
2
6749 18 14 0
6749 6 10 0
2
42 104 
2
6821 16 16 0
6821 22 26 0
2
42 105 
2
6822 16 16 0
6822 20 16 0
2
42 106 
2
6823 16 16 0
6823 24 20 0
2
42 107 
2
6824 16 16 0
6824 30 16 0
2
42 108 
2
6825 16 16 0
6825 28 10 0
2
42 109 
2
6826 16 16 0
6826 26 10 0
2
42 111 
2
6827 16 16 0
6827 18 6 0
2
42 112 
2
6828 16 16 0
6828 30 14 0
2
42 113 
2
6829 16 16 0
6829 22 4 0
2
42 114 
2
6830 16 16 0
6830 30 10 0
2
42 115 
2
6831 16 16 0
6831 2 10 0
2
42 116 
2
6832 16 16 0
6832 8 8 0
2
42 117 
2
6833 16 16 0
6833 12 8 0
2
42 118 
2
6834 16 16 0
6834 12 12 0
2
42 119 
2
6835 16 16 0
6835 22 18 0
2
42 120 
2
6836 16 16 0
6836 28 20 0
2
42 121 
2
6837 16 16 0
6837 8 14 0
2
42 122 
2
6838 16 16 0
6838 12 6 0
2
42 123 
2
6839 16 16 0
6839 22 20 0
2
42 124 
2
6840 16 16 0
6840 20 26 0
2
40 42 
2
6841 10 16 0
6841 16 16 0
2
41 43 
2
6750 20 12 0
6750 18 14 0
2
42 103 
2
6842 16 16 0
6842 14 6 0
2
43 68 
2
6751 18 14 0
6751 18 12 0
2
42 104 
2
6843 16 16 0
6843 22 26 0
2
42 105 
2
6844 16 16 0
6844 20 16 0
2
42 106 
2
6845 16 16 0
6845 24 20 0
2
42 107 
2
6846 16 16 0
6846 30 16 0
2
42 108 
2
6847 16 16 0
6847 28 10 0
2
42 109 
2
6848 16 16 0
6848 26 10 0
2
42 111 
2
6849 16 16 0
6849 18 6 0
2
42 112 
2
6850 16 16 0
6850 30 14 0
2
42 113 
2
6851 16 16 0
6851 22 4 0
2
42 114 
2
6852 16 16 0
6852 30 10 0
2
42 115 
2
6853 16 16 0
6853 2 10 0
2
42 116 
2
6854 16 16 0
6854 8 8 0
2
42 117 
2
6855 16 16 0
6855 12 8 0
2
42 118 
2
6856 16 16 0
6856 12 12 0
2
42 119 
2
6857 16 16 0
6857 22 18 0
2
42 120 
2
6858 16 16 0
6858 28 20 0
2
42 121 
2
6859 16 16 0
6859 8 14 0
2
42 122 
2
6860 16 16 0
6860 12 6 0
2
42 123 
2
6861 16 16 0
6861 22 20 0
2
42 124 
2
6862 16 16 0
6862 20 26 0
2
20 40 
2
6842 14 16 0
6842 10 16 0
2
21 41 
2
6751 20 14 0
6751 20 12 0
2
18 38 
2
6794 4 18 0
6794 4 16 0
2
19 39 
2
6742 20 8 0
6742 22 8 0
2
16 36 
2
6746 4 24 0
6746 4 22 0
2
17 37 
2
6717 26 4 0
6717 24 4 0
2
14 34 
2
6616 4 26 0
6616 2 24 0
2
15 35 
2
6600 26 2 0
6600 28 2 0
2
32 34 
2
6617 2 28 0
6617 2 24 0
2
33 35 
2
6601 32 2 0
6601 28 2 0
2
36 36 
1
6747 4 22 0
2
34 36 
2
6748 2 24 0
6748 4 22 0
2
36 36 
1
6749 4 22 0
2
14 36 
2
6750 4 26 0
6750 4 22 0
2
36 36 
1
6751 4 22 0
2
34 36 
2
6752 2 24 0
6752 4 22 0
2
36 36 
1
6753 4 22 0
2
37 37 
1
6718 24 4 0
2
35 37 
2
6719 28 2 0
6719 24 4 0
2
37 37 
1
6720 24 4 0
2
15 37 
2
6721 26 2 0
6721 24 4 0
2
37 37 
1
6722 24 4 0
2
35 37 
2
6723 28 2 0
6723 24 4 0
2
37 37 
1
6724 24 4 0
2
38 38 
1
6795 4 16 0
2
36 38 
2
6796 4 22 0
6796 4 16 0
2
38 38 
1
6797 4 16 0
2
16 38 
2
6798 4 24 0
6798 4 16 0
2
38 38 
1
6799 4 16 0
2
36 38 
2
6800 4 22 0
6800 4 16 0
2
38 38 
1
6801 4 16 0
2
39 39 
1
6743 22 8 0
2
37 39 
2
6744 24 4 0
6744 22 8 0
2
39 39 
1
6745 22 8 0
2
17 39 
2
6746 26 4 0
6746 22 8 0
2
39 39 
1
6747 22 8 0
2
37 39 
2
6748 24 4 0
6748 22 8 0
2
39 39 
1
6749 22 8 0
2
40 40 
1
6843 10 16 0
2
38 40 
2
6844 4 16 0
6844 10 16 0
2
40 40 
1
6845 10 16 0
2
18 40 
2
6846 4 18 0
6846 10 16 0
2
40 40 
1
6847 10 16 0
2
38 40 
2
6848 4 16 0
6848 10 16 0
2
40 40 
1
6849 10 16 0
2
41 41 
1
6752 20 12 0
2
39 41 
2
6753 22 8 0
6753 20 12 0
2
41 41 
1
6754 20 12 0
2
19 41 
2
6755 20 8 0
6755 20 12 0
2
41 41 
1
6756 20 12 0
2
39 41 
2
6757 22 8 0
6757 20 12 0
2
41 41 
1
6758 20 12 0
2
42 42 
1
6863 16 16 0
2
40 42 
2
6864 10 16 0
6864 16 16 0
2
42 42 
1
6865 16 16 0
2
20 42 
2
6866 14 16 0
6866 16 16 0
2
42 42 
1
6867 16 16 0
2
40 42 
2
6868 10 16 0
6868 16 16 0
2
42 42 
1
6869 16 16 0
2
43 43 
1
6752 18 14 0
2
41 43 
2
6759 20 12 0
6759 18 14 0
2
43 43 
1
6760 18 14 0
2
21 43 
2
6761 20 14 0
6761 18 14 0
2
43 43 
1
6762 18 14 0
2
41 43 
2
6763 20 12 0
6763 18 14 0
2
43 43 
1
6764 18 14 0
2
42 123 
2
6870 16 16 0
6870 22 20 0
2
43 68 
2
6765 18 14 0
6765 18 12 0
2
42 124 
2
6871 16 16 0
6871 20 26 0
2
43 86 
2
6766 18 14 0
6766 6 10 0
2
42 125 
2
6872 16 16 0
6872 12 16 0
2
40 42 
2
6873 10 16 0
6873 16 16 0
2
41 43 
2
6767 20 12 0
6767 18 14 0
2
42 123 
2
6874 16 16 0
6874 22 20 0
2
43 89 
2
6768 18 14 0
6768 24 14 0
2
42 124 
2
6875 16 16 0
6875 20 26 0
2
42 125 
2
6876 16 16 0
6876 12 16 0
2
20 40 
2
6874 14 16 0
6874 10 16 0
2
21 41 
2
6768 20 14 0
6768 20 12 0
2
38 40 
2
6875 4 16 0
6875 10 16 0
2
39 41 
2
6769 22 8 0
6769 20 12 0
2
42 42 
1
6877 16 16 0
2
40 42 
2
6878 10 16 0
6878 16 16 0
2
42 42 
1
6879 16 16 0
2
20 42 
2
6880 14 16 0
6880 16 16 0
2
42 42 
1
6881 16 16 0
2
40 42 
2
6882 10 16 0
6882 16 16 0
2
42 42 
1
6883 16 16 0
2
43 43 
1
6769 18 14 0
2
41 43 
2
6770 20 12 0
6770 18 14 0
2
43 43 
1
6771 18 14 0
2
21 43 
2
6772 20 14 0
6772 18 14 0
2
43 43 
1
6773 18 14 0
2
41 43 
2
6774 20 12 0
6774 18 14 0
2
43 43 
1
6775 18 14 0
2
42 124 
2
6884 16 16 0
6884 20 26 0
2
43 87 
2
6776 18 14 0
6776 22 14 0
2
42 125 
2
6885 16 16 0
6885 12 16 0
2
42 126 
2
6886 16 16 0
6886 16 10 0
2
40 42 
2
6887 10 16 0
6887 16 16 0
2
41 43 
2
6777 20 12 0
6777 18 14 0
2
42 124 
2
6888 16 16 0
6888 20 26 0
2
43 87 
2
6778 18 14 0
6778 22 14 0
2
42 125 
2
6889 16 16 0
6889 12 16 0
2
43 89 
2
6779 18 14 0
6779 24 14 0
2
42 126 
2
6890 16 16 0
6890 16 10 0
2
20 40 
2
6888 14 16 0
6888 10 16 0
2
21 41 
2
6778 20 14 0
6778 20 12 0
2
18 38 
2
6876 4 18 0
6876 4 16 0
2
19 39 
2
6770 20 8 0
6770 22 8 0
2
36 38 
2
6877 4 22 0
6877 4 16 0
2
37 39 
2
6771 24 4 0
6771 22 8 0
2
40 40 
1
6889 10 16 0
2
38 40 
2
6890 4 16 0
6890 10 16 0
2
40 40 
1
6891 10 16 0
2
18 40 
2
6892 4 18 0
6892 10 16 0
2
40 40 
1
6893 10 16 0
2
38 40 
2
6894 4 16 0
6894 10 16 0
2
40 40 
1
6895 10 16 0
2
41 41 
1
6779 20 12 0
2
39 41 
2
6780 22 8 0
6780 20 12 0
2
41 41 
1
6781 20 12 0
2
19 41 
2
6782 20 8 0
6782 20 12 0
2
41 41 
1
6783 20 12 0
2
39 41 
2
6784 22 8 0
6784 20 12 0
2
41 41 
1
6785 20 12 0
2
42 42 
1
6891 16 16 0
2
40 42 
2
6896 10 16 0
6896 16 16 0
2
42 42 
1
6897 16 16 0
2
20 42 
2
6898 14 16 0
6898 16 16 0
2
42 42 
1
6899 16 16 0
2
40 42 
2
6900 10 16 0
6900 16 16 0
2
42 42 
1
6901 16 16 0
2
43 43 
1
6780 18 14 0
2
41 43 
2
6786 20 12 0
6786 18 14 0
2
43 43 
1
6787 18 14 0
2
21 43 
2
6788 20 14 0
6788 18 14 0
2
43 43 
1
6789 18 14 0
2
41 43 
2
6790 20 12 0
6790 18 14 0
2
43 43 
1
6791 18 14 0
2
42 123 
2
6902 16 16 0
6902 22 20 0
2
43 91 
2
6792 18 14 0
6792 28 8 0
2
42 124 
2
6903 16 16 0
6903 20 26 0
2
42 125 
2
6904 16 16 0
6904 12 16 0
2
42 126 
2
6905 16 16 0
6905 16 10 0
2
42 128 
2
6906 16 16 0
6906 16 14 0
2
42 129 
2
6907 16 16 0
6907 28 12 0
2
42 130 
2
6908 16 16 0
6908 22 6 0
2
42 131 
2
6909 16 16 0
6909 28 14 0
2
42 149 
2
6910 16 16 0
6910 20 6 0
2
42 150 
2
6911 16 16 0
6911 24 8 0
2
42 151 
2
6912 16 16 0
6912 22 2 0
2
42 152 
2
6913 16 16 0
6913 22 30 0
2
42 153 
2
6914 16 16 0
6914 24 26 0
2
42 154 
2
6915 16 16 0
6915 28 18 0
2
42 155 
2
6916 16 16 0
6916 22 22 0
2
42 156 
2
6917 16 16 0
6917 26 18 0
2
42 157 
2
6918 16 16 0
6918 24 16 0
2
42 158 
2
6919 16 16 0
6919 4 14 0
2
42 159 
2
6920 16 16 0
6920 14 4 0
2
42 160 
2
6921 16 16 0
6921 10 14 0
2
42 161 
2
6922 16 16 0
6922 14 2 0
2
40 42 
2
6923 10 16 0
6923 16 16 0
2
41 43 
2
6793 20 12 0
6793 18 14 0
2
42 123 
2
6924 16 16 0
6924 22 20 0
2
43 90 
2
6794 18 14 0
6794 20 10 0
2
42 124 
2
6925 16 16 0
6925 20 26 0
2
42 125 
2
6926 16 16 0
6926 12 16 0
2
42 126 
2
6927 16 16 0
6927 16 10 0
2
42 128 
2
6928 16 16 0
6928 16 14 0
2
42 129 
2
6929 16 16 0
6929 28 12 0
2
42 130 
2
6930 16 16 0
6930 22 6 0
2
42 131 
2
6931 16 16 0
6931 28 14 0
2
42 149 
2
6932 16 16 0
6932 20 6 0
2
42 150 
2
6933 16 16 0
6933 24 8 0
2
42 151 
2
6934 16 16 0
6934 22 2 0
2
42 152 
2
6935 16 16 0
6935 22 30 0
2
42 153 
2
6936 16 16 0
6936 24 26 0
2
42 154 
2
6937 16 16 0
6937 28 18 0
2
42 155 
2
6938 16 16 0
6938 22 22 0
2
42 156 
2
6939 16 16 0
6939 26 18 0
2
42 157 
2
6940 16 16 0
6940 24 16 0
2
42 158 
2
6941 16 16 0
6941 4 14 0
2
42 159 
2
6942 16 16 0
6942 14 4 0
2
42 160 
2
6943 16 16 0
6943 10 14 0
2
42 161 
2
6944 16 16 0
6944 14 2 0
2
20 40 
2
6924 14 16 0
6924 10 16 0
2
21 41 
2
6794 20 14 0
6794 20 12 0
2
38 40 
2
6925 4 16 0
6925 10 16 0
2
39 41 
2
6795 22 8 0
6795 20 12 0
2
42 42 
1
6945 16 16 0
2
40 42 
2
6946 10 16 0
6946 16 16 0
2
42 42 
1
6947 16 16 0
2
20 42 
2
6948 14 16 0
6948 16 16 0
2
42 42 
1
6949 16 16 0
2
40 42 
2
6950 10 16 0
6950 16 16 0
2
42 42 
1
6951 16 16 0
2
43 43 
1
6795 18 14 0
2
41 43 
2
6796 20 12 0
6796 18 14 0
2
43 43 
1
6797 18 14 0
2
21 43 
2
6798 20 14 0
6798 18 14 0
2
43 43 
1
6799 18 14 0
2
41 43 
2
6800 20 12 0
6800 18 14 0
2
43 43 
1
6801 18 14 0
2
42 124 
2
6952 16 16 0
6952 20 26 0
2
43 90 
2
6802 18 14 0
6802 20 10 0
2
42 125 
2
6953 16 16 0
6953 12 16 0
2
43 91 
2
6803 18 14 0
6803 28 8 0
2
42 126 
2
6954 16 16 0
6954 16 10 0
2
42 128 
2
6955 16 16 0
6955 16 14 0
2
42 129 
2
6956 16 16 0
6956 28 12 0
2
42 130 
2
6957 16 16 0
6957 22 6 0
2
42 131 
2
6958 16 16 0
6958 28 14 0
2
42 149 
2
6959 16 16 0
6959 20 6 0
2
42 150 
2
6960 16 16 0
6960 24 8 0
2
42 151 
2
6961 16 16 0
6961 22 2 0
2
42 152 
2
6962 16 16 0
6962 22 30 0
2
42 153 
2
6963 16 16 0
6963 24 26 0
2
42 154 
2
6964 16 16 0
6964 28 18 0
2
42 155 
2
6965 16 16 0
6965 22 22 0
2
42 156 
2
6966 16 16 0
6966 26 18 0
2
42 157 
2
6967 16 16 0
6967 24 16 0
2
42 158 
2
6968 16 16 0
6968 4 14 0
2
42 159 
2
6969 16 16 0
6969 14 4 0
2
42 160 
2
6970 16 16 0
6970 10 14 0
2
42 161 
2
6971 16 16 0
6971 14 2 0
2
42 162 
2
6972 16 16 0
6972 30 18 0
2
40 42 
2
6973 10 16 0
6973 16 16 0
2
41 43 
2
6804 20 12 0
6804 18 14 0
2
42 124 
2
6974 16 16 0
6974 20 26 0
2
43 93 
2
6805 18 14 0
6805 20 2 0
2
42 125 
2
6975 16 16 0
6975 12 16 0
2
42 126 
2
6976 16 16 0
6976 16 10 0
2
42 128 
2
6977 16 16 0
6977 16 14 0
2
42 129 
2
6978 16 16 0
6978 28 12 0
2
42 130 
2
6979 16 16 0
6979 22 6 0
2
42 131 
2
6980 16 16 0
6980 28 14 0
2
42 149 
2
6981 16 16 0
6981 20 6 0
2
42 150 
2
6982 16 16 0
6982 24 8 0
2
42 151 
2
6983 16 16 0
6983 22 2 0
2
42 152 
2
6984 16 16 0
6984 22 30 0
2
42 153 
2
6985 16 16 0
6985 24 26 0
2
42 154 
2
6986 16 16 0
6986 28 18 0
2
42 155 
2
6987 16 16 0
6987 22 22 0
2
42 156 
2
6988 16 16 0
6988 26 18 0
2
42 157 
2
6989 16 16 0
6989 24 16 0
2
42 158 
2
6990 16 16 0
6990 4 14 0
2
42 159 
2
6991 16 16 0
6991 14 4 0
2
42 160 
2
6992 16 16 0
6992 10 14 0
2
42 161 
2
6993 16 16 0
6993 14 2 0
2
42 162 
2
6994 16 16 0
6994 30 18 0
2
20 40 
2
6974 14 16 0
6974 10 16 0
2
21 41 
2
6805 20 14 0
6805 20 12 0
2
18 38 
2
6926 4 18 0
6926 4 16 0
2
19 39 
2
6796 20 8 0
6796 22 8 0
2
16 36 
2
6878 4 24 0
6878 4 22 0
2
17 37 
2
6772 26 4 0
6772 24 4 0
2
34 36 
2
6879 2 24 0
6879 4 22 0
2
35 37 
2
6773 28 2 0
6773 24 4 0
2
38 38 
1
6927 4 16 0
2
36 38 
2
6928 4 22 0
6928 4 16 0
2
38 38 
1
6929 4 16 0
2
16 38 
2
6930 4 24 0
6930 4 16 0
2
38 38 
1
6931 4 16 0
2
36 38 
2
6932 4 22 0
6932 4 16 0
2
38 38 
1
6933 4 16 0
2
39 39 
1
6797 22 8 0
2
37 39 
2
6798 24 4 0
6798 22 8 0
2
39 39 
1
6799 22 8 0
2
17 39 
2
6800 26 4 0
6800 22 8 0
2
39 39 
1
6801 22 8 0
2
37 39 
2
6802 24 4 0
6802 22 8 0
2
39 39 
1
6803 22 8 0
2
40 40 
1
6975 10 16 0
2
38 40 
2
6976 4 16 0
6976 10 16 0
2
40 40 
1
6977 10 16 0
2
18 40 
2
6978 4 18 0
6978 10 16 0
2
40 40 
1
6979 10 16 0
2
38 40 
2
6980 4 16 0
6980 10 16 0
2
40 40 
1
6981 10 16 0
2
41 41 
1
6806 20 12 0
2
39 41 
2
6807 22 8 0
6807 20 12 0
2
41 41 
1
6808 20 12 0
2
19 41 
2
6809 20 8 0
6809 20 12 0
2
41 41 
1
6810 20 12 0
2
39 41 
2
6811 22 8 0
6811 20 12 0
2
41 41 
1
6812 20 12 0
2
42 42 
1
6995 16 16 0
2
40 42 
2
6996 10 16 0
6996 16 16 0
2
42 42 
1
6997 16 16 0
2
20 42 
2
6998 14 16 0
6998 16 16 0
2
42 42 
1
6999 16 16 0
2
40 42 
2
7000 10 16 0
7000 16 16 0
2
42 42 
1
7001 16 16 0
2
43 43 
1
6806 18 14 0
2
41 43 
2
6813 20 12 0
6813 18 14 0
2
43 43 
1
6814 18 14 0
2
21 43 
2
6815 20 14 0
6815 18 14 0
2
43 43 
1
6816 18 14 0
2
41 43 
2
6817 20 12 0
6817 18 14 0
2
43 43 
1
6818 18 14 0
2
42 161 
2
7002 16 16 0
7002 14 2 0
2
43 92 
2
6819 18 14 0
6819 32 12 0
2
42 162 
2
7003 16 16 0
7003 30 18 0
2
42 163 
2
7004 16 16 0
7004 24 22 0
2
40 42 
2
7005 10 16 0
7005 16 16 0
2
41 43 
2
6820 20 12 0
6820 18 14 0
2
42 161 
2
7006 16 16 0
7006 14 2 0
2
43 92 
2
6821 18 14 0
6821 32 12 0
2
42 162 
2
7007 16 16 0
7007 30 18 0
2
43 93 
2
6822 18 14 0
6822 20 2 0
2
42 163 
2
7008 16 16 0
7008 24 22 0
2
20 40 
2
7006 14 16 0
7006 10 16 0
2
21 41 
2
6821 20 14 0
6821 20 12 0
2
38 40 
2
7007 4 16 0
7007 10 16 0
2
39 41 
2
6822 22 8 0
6822 20 12 0
2
42 42 
1
7009 16 16 0
2
40 42 
2
7010 10 16 0
7010 16 16 0
2
42 42 
1
7011 16 16 0
2
20 42 
2
7012 14 16 0
7012 16 16 0
2
42 42 
1
7013 16 16 0
2
40 42 
2
7014 10 16 0
7014 16 16 0
2
42 42 
1
7015 16 16 0
2
43 43 
1
6823 18 14 0
2
41 43 
2
6824 20 12 0
6824 18 14 0
2
43 43 
1
6825 18 14 0
2
21 43 
2
6826 20 14 0
6826 18 14 0
2
43 43 
1
6827 18 14 0
2
41 43 
2
6828 20 12 0
6828 18 14 0
2
43 43 
1
6829 18 14 0
2
42 162 
2
7016 16 16 0
7016 30 18 0
2
43 95 
2
6830 18 14 0
6830 6 12 0
2
42 163 
2
7017 16 16 0
7017 24 22 0
2
42 164 
2
7018 16 16 0
7018 26 20 0
2
40 42 
2
7019 10 16 0
7019 16 16 0
2
41 43 
2
6831 20 12 0
6831 18 14 0
2
42 162 
2
7020 16 16 0
7020 30 18 0
2
43 94 
2
6832 18 14 0
6832 8 6 0
2
42 163 
2
7021 16 16 0
7021 24 22 0
2
42 164 
2
7022 16 16 0
7022 26 20 0
2
20 40 
2
7020 14 16 0
7020 10 16 0
2
21 41 
2
6832 20 14 0
6832 20 12 0
2
18 38 
2
7008 4 18 0
7008 4 16 0
2
19 39 
2
6823 20 8 0
6823 22 8 0
2
36 38 
2
7009 4 22 0
7009 4 16 0
2
37 39 
2
6824 24 4 0
6824 22 8 0
2
40 40 
1
7021 10 16 0
2
38 40 
2
7022 4 16 0
7022 10 16 0
2
40 40 
1
7023 10 16 0
2
18 40 
2
7024 4 18 0
7024 10 16 0
2
40 40 
1
7025 10 16 0
2
38 40 
2
7026 4 16 0
7026 10 16 0
2
40 40 
1
7027 10 16 0
2
41 41 
1
6833 20 12 0
2
39 41 
2
6834 22 8 0
6834 20 12 0
2
41 41 
1
6835 20 12 0
2
19 41 
2
6836 20 8 0
6836 20 12 0
2
41 41 
1
6837 20 12 0
2
39 41 
2
6838 22 8 0
6838 20 12 0
2
41 41 
1
6839 20 12 0
2
42 42 
1
7023 16 16 0
2
40 42 
2
7028 10 16 0
7028 16 16 0
2
42 42 
1
7029 16 16 0
2
20 42 
2
7030 14 16 0
7030 16 16 0
2
42 42 
1
7031 16 16 0
2
40 42 
2
7032 10 16 0
7032 16 16 0
2
42 42 
1
7033 16 16 0
2
43 43 
1
6833 18 14 0
2
41 43 
2
6840 20 12 0
6840 18 14 0
2
43 43 
1
6841 18 14 0
2
21 43 
2
6842 20 14 0
6842 18 14 0
2
43 43 
1
6843 18 14 0
2
41 43 
2
6844 20 12 0
6844 18 14 0
2
43 43 
1
6845 18 14 0
2
42 161 
2
7034 16 16 0
7034 14 2 0
2
43 94 
2
6846 18 14 0
6846 8 6 0
2
42 162 
2
7035 16 16 0
7035 30 18 0
2
43 95 
2
6847 18 14 0
6847 6 12 0
2
42 163 
2
7036 16 16 0
7036 24 22 0
2
42 164 
2
7037 16 16 0
7037 26 20 0
2
42 166 
2
7038 16 16 0
7038 20 22 0
2
42 167 
2
7039 16 16 0
7039 22 12 0
2
42 168 
2
7040 16 16 0
7040 24 10 0
2
42 169 
2
7041 16 16 0
7041 18 2 0
2
42 170 
2
7042 16 16 0
7042 26 14 0
2
42 171 
2
7043 16 16 0
7043 20 4 0
2
42 172 
2
7044 16 16 0
7044 26 8 0
2
42 173 
2
7045 16 16 0
7045 26 6 0
2
42 174 
2
7046 16 16 0
7046 20 32 0
2
42 175 
2
7047 16 16 0
7047 6 8 0
2
42 176 
2
7048 16 16 0
7048 20 30 0
2
42 177 
2
7049 16 16 0
7049 8 4 0
2
42 178 
2
7050 16 16 0
7050 10 2 0
2
42 179 
2
7051 16 16 0
7051 30 22 0
2
42 180 
2
7052 16 16 0
7052 26 26 0
2
42 181 
2
7053 16 16 0
7053 32 20 0
2
42 182 
2
7054 16 16 0
7054 32 10 0
2
40 42 
2
7055 10 16 0
7055 16 16 0
2
41 43 
2
6848 20 12 0
6848 18 14 0
2
42 161 
2
7056 16 16 0
7056 14 2 0
2
43 97 
2
6849 18 14 0
6849 12 14 0
2
42 162 
2
7057 16 16 0
7057 30 18 0
2
42 163 
2
7058 16 16 0
7058 24 22 0
2
42 164 
2
7059 16 16 0
7059 26 20 0
2
42 166 
2
7060 16 16 0
7060 20 22 0
2
42 167 
2
7061 16 16 0
7061 22 12 0
2
42 168 
2
7062 16 16 0
7062 24 10 0
2
42 169 
2
7063 16 16 0
7063 18 2 0
2
42 170 
2
7064 16 16 0
7064 26 14 0
2
42 171 
2
7065 16 16 0
7065 20 4 0
2
42 172 
2
7066 16 16 0
7066 26 8 0
2
42 173 
2
7067 16 16 0
7067 26 6 0
2
42 174 
2
7068 16 16 0
7068 20 32 0
2
42 175 
2
7069 16 16 0
7069 6 8 0
2
42 176 
2
7070 16 16 0
7070 20 30 0
2
42 177 
2
7071 16 16 0
7071 8 4 0
2
42 178 
2
7072 16 16 0
7072 10 2 0
2
42 179 
2
7073 16 16 0
7073 30 22 0
2
42 180 
2
7074 16 16 0
7074 26 26 0
2
42 181 
2
7075 16 16 0
7075 32 20 0
2
42 182 
2
7076 16 16 0
7076 32 10 0
2
20 40 
2
7056 14 16 0
7056 10 16 0
2
21 41 
2
6849 20 14 0
6849 20 12 0
2
38 40 
2
7057 4 16 0
7057 10 16 0
2
39 41 
2
6850 22 8 0
6850 20 12 0
2
42 42 
1
7077 16 16 0
2
40 42 
2
7078 10 16 0
7078 16 16 0
2
42 42 
1
7079 16 16 0
2
20 42 
2
7080 14 16 0
7080 16 16 0
2
42 42 
1
7081 16 16 0
2
40 42 
2
7082 10 16 0
7082 16 16 0
2
42 42 
1
7083 16 16 0
2
43 43 
1
6850 18 14 0
2
41 43 
2
6851 20 12 0
6851 18 14 0
2
43 43 
1
6852 18 14 0
2
21 43 
2
6853 20 14 0
6853 18 14 0
2
43 43 
1
6854 18 14 0
2
41 43 
2
6855 20 12 0
6855 18 14 0
2
43 43 
1
6856 18 14 0
2
42 162 
2
7084 16 16 0
7084 30 18 0
2
43 96 
2
6857 18 14 0
6857 16 4 0
2
42 163 
2
7085 16 16 0
7085 24 22 0
2
42 164 
2
7086 16 16 0
7086 26 20 0
2
42 166 
2
7087 16 16 0
7087 20 22 0
2
42 167 
2
7088 16 16 0
7088 22 12 0
2
42 168 
2
7089 16 16 0
7089 24 10 0
2
42 169 
2
7090 16 16 0
7090 18 2 0
2
42 170 
2
7091 16 16 0
7091 26 14 0
2
42 171 
2
7092 16 16 0
7092 20 4 0
2
42 172 
2
7093 16 16 0
7093 26 8 0
2
42 173 
2
7094 16 16 0
7094 26 6 0
2
42 174 
2
7095 16 16 0
7095 20 32 0
2
42 175 
2
7096 16 16 0
7096 6 8 0
2
42 176 
2
7097 16 16 0
7097 20 30 0
2
42 177 
2
7098 16 16 0
7098 8 4 0
2
42 178 
2
7099 16 16 0
7099 10 2 0
2
42 179 
2
7100 16 16 0
7100 30 22 0
2
42 180 
2
7101 16 16 0
7101 26 26 0
2
42 181 
2
7102 16 16 0
7102 32 20 0
2
42 182 
2
7103 16 16 0
7103 32 10 0
2
42 183 
2
7104 16 16 0
7104 2 8 0
2
40 42 
2
7105 10 16 0
7105 16 16 0
2
41 43 
2
6858 20 12 0
6858 18 14 0
2
42 162 
2
7106 16 16 0
7106 30 18 0
2
43 96 
2
6859 18 14 0
6859 16 4 0
2
42 163 
2
7107 16 16 0
7107 24 22 0
2
43 97 
2
6860 18 14 0
6860 12 14 0
2
42 164 
2
7108 16 16 0
7108 26 20 0
2
42 166 
2
7109 16 16 0
7109 20 22 0
2
42 167 
2
7110 16 16 0
7110 22 12 0
2
42 168 
2
7111 16 16 0
7111 24 10 0
2
42 169 
2
7112 16 16 0
7112 18 2 0
2
42 170 
2
7113 16 16 0
7113 26 14 0
2
42 171 
2
7114 16 16 0
7114 20 4 0
2
42 172 
2
7115 16 16 0
7115 26 8 0
2
42 173 
2
7116 16 16 0
7116 26 6 0
2
42 174 
2
7117 16 16 0
7117 20 32 0
2
42 175 
2
7118 16 16 0
7118 6 8 0
2
42 176 
2
7119 16 16 0
7119 20 30 0
2
42 177 
2
7120 16 16 0
7120 8 4 0
2
42 178 
2
7121 16 16 0
7121 10 2 0
2
42 179 
2
7122 16 16 0
7122 30 22 0
2
42 180 
2
7123 16 16 0
7123 26 26 0
2
42 181 
2
7124 16 16 0
7124 32 20 0
2
42 182 
2
7125 16 16 0
7125 32 10 0
2
42 183 
2
7126 16 16 0
7126 2 8 0
2
20 40 
2
7106 14 16 0
7106 10 16 0
2
21 41 
2
6859 20 14 0
6859 20 12 0
2
18 38 
2
7058 4 18 0
7058 4 16 0
2
19 39 
2
6851 20 8 0
6851 22 8 0
2
16 36 
2
7010 4 24 0
7010 4 22 0
2
17 37 
2
6825 26 4 0
6825 24 4 0
2
14 34 
2
6880 4 26 0
6880 2 24 0
2
15 35 
2
6774 26 2 0
6774 28 2 0
2
12 32 
2
6618 2 26 0
6618 2 28 0
2
13 33 
2
6602 30 2 0
6602 32 2 0
2
30 32 
2
6619 4 28 0
6619 2 28 0
2
31 33 
2
6603 32 6 0
6603 32 2 0
2
34 34 
1
6881 2 24 0
2
32 34 
2
6882 2 28 0
6882 2 24 0
2
34 34 
1
6883 2 24 0
2
12 34 
2
6884 2 26 0
6884 2 24 0
2
34 34 
1
6885 2 24 0
2
32 34 
2
6886 2 28 0
6886 2 24 0
2
34 34 
1
6887 2 24 0
2
35 35 
1
6775 28 2 0
2
33 35 
2
6776 32 2 0
6776 28 2 0
2
35 35 
1
6777 28 2 0
2
13 35 
2
6778 30 2 0
6778 28 2 0
2
35 35 
1
6779 28 2 0
2
33 35 
2
6780 32 2 0
6780 28 2 0
2
35 35 
1
6781 28 2 0
2
36 36 
1
7011 4 22 0
2
34 36 
2
7012 2 24 0
7012 4 22 0
2
36 36 
1
7013 4 22 0
2
14 36 
2
7014 4 26 0
7014 4 22 0
2
36 36 
1
7015 4 22 0
2
34 36 
2
7016 2 24 0
7016 4 22 0
2
36 36 
1
7017 4 22 0
2
37 37 
1
6826 24 4 0
2
35 37 
2
6827 28 2 0
6827 24 4 0
2
37 37 
1
6828 24 4 0
2
15 37 
2
6829 26 2 0
6829 24 4 0
2
37 37 
1
6830 24 4 0
2
35 37 
2
6831 28 2 0
6831 24 4 0
2
37 37 
1
6832 24 4 0
2
38 38 
1
7059 4 16 0
2
36 38 
2
7060 4 22 0
7060 4 16 0
2
38 38 
1
7061 4 16 0
2
16 38 
2
7062 4 24 0
7062 4 16 0
2
38 38 
1
7063 4 16 0
2
36 38 
2
7064 4 22 0
7064 4 16 0
2
38 38 
1
7065 4 16 0
2
39 39 
1
6852 22 8 0
2
37 39 
2
6853 24 4 0
6853 22 8 0
2
39 39 
1
6854 22 8 0
2
17 39 
2
6855 26 4 0
6855 22 8 0
2
39 39 
1
6856 22 8 0
2
37 39 
2
6857 24 4 0
6857 22 8 0
2
39 39 
1
6858 22 8 0
2
40 40 
1
7107 10 16 0
2
38 40 
2
7108 4 16 0
7108 10 16 0
2
40 40 
1
7109 10 16 0
2
18 40 
2
7110 4 18 0
7110 10 16 0
2
40 40 
1
7111 10 16 0
2
38 40 
2
7112 4 16 0
7112 10 16 0
2
40 40 
1
7113 10 16 0
2
41 41 
1
6860 20 12 0
2
39 41 
2
6861 22 8 0
6861 20 12 0
2
41 41 
1
6862 20 12 0
2
19 41 
2
6863 20 8 0
6863 20 12 0
2
41 41 
1
6864 20 12 0
2
39 41 
2
6865 22 8 0
6865 20 12 0
2
41 41 
1
6866 20 12 0
2
42 42 
1
7127 16 16 0
2
40 42 
2
7128 10 16 0
7128 16 16 0
2
42 42 
1
7129 16 16 0
2
20 42 
2
7130 14 16 0
7130 16 16 0
2
42 42 
1
7131 16 16 0
2
40 42 
2
7132 10 16 0
7132 16 16 0
2
42 42 
1
7133 16 16 0
2
43 43 
1
6861 18 14 0
2
41 43 
2
6867 20 12 0
6867 18 14 0
2
43 43 
1
6868 18 14 0
2
21 43 
2
6869 20 14 0
6869 18 14 0
2
43 43 
1
6870 18 14 0
2
41 43 
2
6871 20 12 0
6871 18 14 0
2
43 43 
1
6872 18 14 0
2
42 182 
2
7134 16 16 0
7134 32 10 0
2
43 99 
2
6873 18 14 0
6873 18 24 0
2
42 183 
2
7135 16 16 0
7135 2 8 0
2
42 184 
2
7136 16 16 0
7136 30 8 0
2
40 42 
2
7137 10 16 0
7137 16 16 0
2
41 43 
2
6874 20 12 0
6874 18 14 0
2
42 182 
2
7138 16 16 0
7138 32 10 0
2
43 98 
2
6875 18 14 0
6875 22 16 0
2
42 183 
2
7139 16 16 0
7139 2 8 0
2
42 184 
2
7140 16 16 0
7140 30 8 0
2
20 40 
2
7138 14 16 0
7138 10 16 0
2
21 41 
2
6875 20 14 0
6875 20 12 0
2
38 40 
2
7139 4 16 0
7139 10 16 0
2
39 41 
2
6876 22 8 0
6876 20 12 0
2
42 42 
1
7141 16 16 0
2
40 42 
2
7142 10 16 0
7142 16 16 0
2
42 42 
1
7143 16 16 0
2
20 42 
2
7144 14 16 0
7144 16 16 0
2
42 42 
1
7145 16 16 0
2
40 42 
2
7146 10 16 0
7146 16 16 0
2
42 42 
1
7147 16 16 0
2
43 43 
1
6876 18 14 0
2
41 43 
2
6877 20 12 0
6877 18 14 0
2
43 43 
1
6878 18 14 0
2
21 43 
2
6879 20 14 0
6879 18 14 0
2
43 43 
1
6880 18 14 0
2
41 43 
2
6881 20 12 0
6881 18 14 0
2
43 43 
1
6882 18 14 0
2
42 183 
2
7148 16 16 0
7148 2 8 0
2
43 98 
2
6883 18 14 0
6883 22 16 0
2
42 184 
2
7149 16 16 0
7149 30 8 0
2
43 99 
2
6884 18 14 0
6884 18 24 0
2
42 185 
2
7150 16 16 0
7150 24 30 0
2
40 42 
2
7151 10 16 0
7151 16 16 0
2
41 43 
2
6885 20 12 0
6885 18 14 0
2
42 183 
2
7152 16 16 0
7152 2 8 0
2
43 101 
2
6886 18 14 0
6886 18 18 0
2
42 184 
2
7153 16 16 0
7153 30 8 0
2
42 185 
2
7154 16 16 0
7154 24 30 0
2
20 40 
2
7152 14 16 0
7152 10 16 0
2
21 41 
2
6886 20 14 0
6886 20 12 0
2
18 38 
2
7140 4 18 0
7140 4 16 0
2
19 39 
2
6877 20 8 0
6877 22 8 0
2
36 38 
2
7141 4 22 0
7141 4 16 0
2
37 39 
2
6878 24 4 0
6878 22 8 0
2
40 40 
1
7153 10 16 0
2
38 40 
2
7154 4 16 0
7154 10 16 0
2
40 40 
1
7155 10 16 0
2
18 40 
2
7156 4 18 0
7156 10 16 0
2
40 40 
1
7157 10 16 0
2
38 40 
2
7158 4 16 0
7158 10 16 0
2
40 40 
1
7159 10 16 0
2
41 41 
1
6887 20 12 0
2
39 41 
2
6888 22 8 0
6888 20 12 0
2
41 41 
1
6889 20 12 0
2
19 41 
2
6890 20 8 0
6890 20 12 0
2
41 41 
1
6891 20 12 0
2
39 41 
2
6892 22 8 0
6892 20 12 0
2
41 41 
1
6893 20 12 0
2
42 42 
1
7155 16 16 0
2
40 42 
2
7160 10 16 0
7160 16 16 0
2
42 42 
1
7161 16 16 0
2
20 42 
2
7162 14 16 0
7162 16 16 0
2
42 42 
1
7163 16 16 0
2
40 42 
2
7164 10 16 0
7164 16 16 0
2
42 42 
1
7165 16 16 0
2
43 43 
1
6887 18 14 0
2
41 43 
2
6894 20 12 0
6894 18 14 0
2
43 43 
1
6895 18 14 0
2
21 43 
2
6896 20 14 0
6896 18 14 0
2
43 43 
1
6897 18 14 0
2
41 43 
2
6898 20 12 0
6898 18 14 0
2
43 43 
1
6899 18 14 0
2
42 75 
2
7166 16 16 0
7166 10 30 0
2
43 100 
2
6900 18 14 0
6900 12 10 0
2
42 76 
2
7167 16 16 0
7167 6 24 0
2
42 77 
2
7168 16 16 0
7168 14 32 0
2
40 42 
2
7169 10 16 0
7169 16 16 0
2
41 43 
2
6901 20 12 0
6901 18 14 0
2
42 75 
2
7170 16 16 0
7170 10 30 0
2
43 100 
2
6902 18 14 0
6902 12 10 0
2
42 76 
2
7171 16 16 0
7171 6 24 0
2
43 101 
2
6903 18 14 0
6903 18 18 0
2
42 77 
2
7172 16 16 0
7172 14 32 0
2
20 40 
2
7170 14 16 0
7170 10 16 0
2
21 41 
2
6902 20 14 0
6902 20 12 0
2
38 40 
2
7171 4 16 0
7171 10 16 0
2
39 41 
2
6903 22 8 0
6903 20 12 0
2
42 42 
1
7173 16 16 0
2
40 42 
2
7174 10 16 0
7174 16 16 0
2
42 42 
1
7175 16 16 0
2
20 42 
2
7176 14 16 0
7176 16 16 0
2
42 42 
1
7177 16 16 0
2
40 42 
2
7178 10 16 0
7178 16 16 0
2
42 42 
1
7179 16 16 0
2
43 43 
1
6904 18 14 0
2
41 43 
2
6905 20 12 0
6905 18 14 0
2
43 43 
1
6906 18 14 0
2
21 43 
2
6907 20 14 0
6907 18 14 0
2
43 43 
1
6908 18 14 0
2
41 43 
2
6909 20 12 0
6909 18 14 0
2
43 43 
1
6910 18 14 0
2
42 76 
2
7180 16 16 0
7180 6 24 0
2
43 103 
2
6911 18 14 0
6911 14 6 0
2
42 77 
2
7181 16 16 0
7181 14 32 0
2
42 78 
2
7182 16 16 0
7182 10 28 0
2
40 42 
2
7183 10 16 0
7183 16 16 0
2
41 43 
2
6912 20 12 0
6912 18 14 0
2
42 76 
2
7184 16 16 0
7184 6 24 0
2
43 102 
2
6913 18 14 0
6913 14 8 0
2
42 77 
2
7185 16 16 0
7185 14 32 0
2
42 78 
2
7186 16 16 0
7186 10 28 0
2
20 40 
2
7184 14 16 0
7184 10 16 0
2
21 41 
2
6913 20 14 0
6913 20 12 0
2
18 38 
2
7172 4 18 0
7172 4 16 0
2
19 39 
2
6904 20 8 0
6904 22 8 0
2
16 36 
2
7142 4 24 0
7142 4 22 0
2
17 37 
2
6879 26 4 0
6879 24 4 0
2
34 36 
2
7143 2 24 0
7143 4 22 0
2
35 37 
2
6880 28 2 0
6880 24 4 0
2
38 38 
1
7173 4 16 0
2
36 38 
2
7174 4 22 0
7174 4 16 0
2
38 38 
1
7175 4 16 0
2
16 38 
2
7176 4 24 0
7176 4 16 0
2
38 38 
1
7177 4 16 0
2
36 38 
2
7178 4 22 0
7178 4 16 0
2
38 38 
1
7179 4 16 0
2
39 39 
1
6905 22 8 0
2
37 39 
2
6906 24 4 0
6906 22 8 0
2
39 39 
1
6907 22 8 0
2
17 39 
2
6908 26 4 0
6908 22 8 0
2
39 39 
1
6909 22 8 0
2
37 39 
2
6910 24 4 0
6910 22 8 0
2
39 39 
1
6911 22 8 0
2
40 40 
1
7185 10 16 0
2
38 40 
2
7186 4 16 0
7186 10 16 0
2
40 40 
1
7187 10 16 0
2
18 40 
2
7188 4 18 0
7188 10 16 0
2
40 40 
1
7189 10 16 0
2
38 40 
2
7190 4 16 0
7190 10 16 0
2
40 40 
1
7191 10 16 0
2
41 41 
1
6914 20 12 0
2
39 41 
2
6915 22 8 0
6915 20 12 0
2
41 41 
1
6916 20 12 0
2
19 41 
2
6917 20 8 0
6917 20 12 0
2
41 41 
1
6918 20 12 0
2
39 41 
2
6919 22 8 0
6919 20 12 0
2
41 41 
1
6920 20 12 0
2
42 42 
1
7187 16 16 0
2
40 42 
2
7192 10 16 0
7192 16 16 0
2
42 42 
1
7193 16 16 0
2
20 42 
2
7194 14 16 0
7194 16 16 0
2
42 42 
1
7195 16 16 0
2
40 42 
2
7196 10 16 0
7196 16 16 0
2
42 42 
1
7197 16 16 0
2
43 43 
1
6914 18 14 0
2
41 43 
2
6921 20 12 0
6921 18 14 0
2
43 43 
1
6922 18 14 0
2
21 43 
2
6923 20 14 0
6923 18 14 0
2
43 43 
1
6924 18 14 0
2
41 43 
2
6925 20 12 0
6925 18 14 0
2
43 43 
1
6926 18 14 0
2
42 75 
2
7198 16 16 0
7198 10 30 0
2
43 102 
2
6927 18 14 0
6927 14 8 0
2
42 76 
2
7199 16 16 0
7199 6 24 0
2
43 103 
2
6928 18 14 0
6928 14 6 0
2
42 77 
2
7200 16 16 0
7200 14 32 0
2
42 78 
2
7201 16 16 0
7201 10 28 0
2
42 79 
2
7202 16 16 0
7202 2 20 0
2
42 80 
2
7203 16 16 0
7203 24 28 0
2
42 81 
2
7204 16 16 0
7204 6 6 0
2
42 82 
2
7205 16 16 0
7205 28 22 0
2
42 83 
2
7206 16 16 0
7206 10 4 0
2
42 84 
2
7207 16 16 0
7207 28 24 0
2
42 85 
2
7208 16 16 0
7208 30 20 0
2
42 88 
2
7209 16 16 0
7209 12 4 0
2
42 110 
2
7210 16 16 0
7210 6 20 0
2
42 127 
2
7211 16 16 0
7211 12 18 0
2
42 132 
2
7212 16 16 0
7212 8 16 0
2
42 133 
2
7213 16 16 0
7213 10 12 0
2
42 134 
2
7214 16 16 0
7214 16 30 0
2
42 135 
2
7215 16 16 0
7215 10 26 0
2
42 136 
2
7216 16 16 0
7216 16 26 0
2
42 137 
2
7217 16 16 0
7217 16 28 0
2
42 138 
2
7218 16 16 0
7218 10 20 0
2
40 42 
2
7219 10 16 0
7219 16 16 0
2
41 43 
2
6929 20 12 0
6929 18 14 0
2
42 75 
2
7220 16 16 0
7220 10 30 0
2
43 105 
2
6930 18 14 0
6930 20 16 0
2
42 76 
2
7221 16 16 0
7221 6 24 0
2
42 77 
2
7222 16 16 0
7222 14 32 0
2
42 78 
2
7223 16 16 0
7223 10 28 0
2
42 79 
2
7224 16 16 0
7224 2 20 0
2
42 80 
2
7225 16 16 0
7225 24 28 0
2
42 81 
2
7226 16 16 0
7226 6 6 0
2
42 82 
2
7227 16 16 0
7227 28 22 0
2
42 83 
2
7228 16 16 0
7228 10 4 0
2
42 84 
2
7229 16 16 0
7229 28 24 0
2
42 85 
2
7230 16 16 0
7230 30 20 0
2
42 88 
2
7231 16 16 0
7231 12 4 0
2
42 110 
2
7232 16 16 0
7232 6 20 0
2
42 127 
2
7233 16 16 0
7233 12 18 0
2
42 132 
2
7234 16 16 0
7234 8 16 0
2
42 133 
2
7235 16 16 0
7235 10 12 0
2
42 134 
2
7236 16 16 0
7236 16 30 0
2
42 135 
2
7237 16 16 0
7237 10 26 0
2
42 136 
2
7238 16 16 0
7238 16 26 0
2
42 137 
2
7239 16 16 0
7239 16 28 0
2
42 138 
2
7240 16 16 0
7240 10 20 0
2
20 40 
2
7220 14 16 0
7220 10 16 0
2
21 41 
2
6930 20 14 0
6930 20 12 0
2
38 40 
2
7221 4 16 0
7221 10 16 0
2
39 41 
2
6931 22 8 0
6931 20 12 0
2
42 42 
1
7241 16 16 0
2
40 42 
2
7242 10 16 0
7242 16 16 0
2
42 42 
1
7243 16 16 0
2
20 42 
2
7244 14 16 0
7244 16 16 0
2
42 42 
1
7245 16 16 0
2
40 42 
2
7246 10 16 0
7246 16 16 0
2
42 42 
1
7247 16 16 0
2
43 43 
1
6931 18 14 0
2
41 43 
2
6932 20 12 0
6932 18 14 0
2
43 43 
1
6933 18 14 0
2
21 43 
2
6934 20 14 0
6934 18 14 0
2
43 43 
1
6935 18 14 0
2
41 43 
2
6936 20 12 0
6936 18 14 0
2
43 43 
1
6937 18 14 0
2
42 76 
2
7248 16 16 0
7248 6 24 0
2
43 104 
2
6938 18 14 0
6938 22 26 0
2
42 77 
2
7249 16 16 0
7249 14 32 0
2
42 78 
2
7250 16 16 0
7250 10 28 0
2
42 79 
2
7251 16 16 0
7251 2 20 0
2
42 80 
2
7252 16 16 0
7252 24 28 0
2
42 81 
2
7253 16 16 0
7253 6 6 0
2
42 82 
2
7254 16 16 0
7254 28 22 0
2
42 83 
2
7255 16 16 0
7255 10 4 0
2
42 84 
2
7256 16 16 0
7256 28 24 0
2
42 85 
2
7257 16 16 0
7257 30 20 0
2
42 88 
2
7258 16 16 0
7258 12 4 0
2
42 110 
2
7259 16 16 0
7259 6 20 0
2
42 127 
2
7260 16 16 0
7260 12 18 0
2
42 132 
2
7261 16 16 0
7261 8 16 0
2
42 133 
2
7262 16 16 0
7262 10 12 0
2
42 134 
2
7263 16 16 0
7263 16 30 0
2
42 135 
2
7264 16 16 0
7264 10 26 0
2
42 136 
2
7265 16 16 0
7265 16 26 0
2
42 137 
2
7266 16 16 0
7266 16 28 0
2
42 138 
2
7267 16 16 0
7267 10 20 0
2
42 139 
2
7268 16 16 0
7268 12 26 0
2
40 42 
2
7269 10 16 0
7269 16 16 0
2
41 43 
2
6939 20 12 0
6939 18 14 0
2
42 76 
2
7270 16 16 0
7270 6 24 0
2
43 104 
2
6940 18 14 0
6940 22 26 0
2
42 77 
2
7271 16 16 0
7271 14 32 0
2
43 105 
2
6941 18 14 0
6941 20 16 0
2
42 78 
2
7272 16 16 0
7272 10 28 0
2
42 79 
2
7273 16 16 0
7273 2 20 0
2
42 80 
2
7274 16 16 0
7274 24 28 0
2
42 81 
2
7275 16 16 0
7275 6 6 0
2
42 82 
2
7276 16 16 0
7276 28 22 0
2
42 83 
2
7277 16 16 0
7277 10 4 0
2
42 84 
2
7278 16 16 0
7278 28 24 0
2
42 85 
2
7279 16 16 0
7279 30 20 0
2
42 88 
2
7280 16 16 0
7280 12 4 0
2
42 110 
2
7281 16 16 0
7281 6 20 0
2
42 127 
2
7282 16 16 0
7282 12 18 0
2
42 132 
2
7283 16 16 0
7283 8 16 0
2
42 133 
2
7284 16 16 0
7284 10 12 0
2
42 134 
2
7285 16 16 0
7285 16 30 0
2
42 135 
2
7286 16 16 0
7286 10 26 0
2
42 136 
2
7287 16 16 0
7287 16 26 0
2
42 137 
2
7288 16 16 0
7288 16 28 0
2
42 138 
2
7289 16 16 0
7289 10 20 0
2
42 139 
2
7290 16 16 0
7290 12 26 0
2
20 40 
2
7270 14 16 0
7270 10 16 0
2
21 41 
2
6940 20 14 0
6940 20 12 0
2
18 38 
2
7222 4 18 0
7222 4 16 0
2
19 39 
2
6932 20 8 0
6932 22 8 0
2
36 38 
2
7223 4 22 0
7223 4 16 0
2
37 39 
2
6933 24 4 0
6933 22 8 0
2
40 40 
1
7271 10 16 0
2
38 40 
2
7272 4 16 0
7272 10 16 0
2
40 40 
1
7273 10 16 0
2
18 40 
2
7274 4 18 0
7274 10 16 0
2
40 40 
1
7275 10 16 0
2
38 40 
2
7276 4 16 0
7276 10 16 0
2
40 40 
1
7277 10 16 0
2
41 41 
1
6941 20 12 0
2
39 41 
2
6942 22 8 0
6942 20 12 0
2
41 41 
1
6943 20 12 0
2
19 41 
2
6944 20 8 0
6944 20 12 0
2
41 41 
1
6945 20 12 0
2
39 41 
2
6946 22 8 0
6946 20 12 0
2
41 41 
1
6947 20 12 0
2
42 42 
1
7291 16 16 0
2
40 42 
2
7292 10 16 0
7292 16 16 0
2
42 42 
1
7293 16 16 0
2
20 42 
2
7294 14 16 0
7294 16 16 0
2
42 42 
1
7295 16 16 0
2
40 42 
2
7296 10 16 0
7296 16 16 0
2
42 42 
1
7297 16 16 0
2
43 43 
1
6942 18 14 0
2
41 43 
2
6948 20 12 0
6948 18 14 0
2
43 43 
1
6949 18 14 0
2
21 43 
2
6950 20 14 0
6950 18 14 0
2
43 43 
1
6951 18 14 0
2
41 43 
2
6952 20 12 0
6952 18 14 0
2
43 43 
1
6953 18 14 0
2
42 138 
2
7298 16 16 0
7298 10 20 0
2
43 107 
2
6954 18 14 0
6954 30 16 0
2
42 139 
2
7299 16 16 0
7299 12 26 0
2
42 140 
2
7300 16 16 0
7300 14 18 0
2
40 42 
2
7301 10 16 0
7301 16 16 0
2
41 43 
2
6955 20 12 0
6955 18 14 0
2
42 138 
2
7302 16 16 0
7302 10 20 0
2
43 106 
2
6956 18 14 0
6956 24 20 0
2
42 139 
2
7303 16 16 0
7303 12 26 0
2
42 140 
2
7304 16 16 0
7304 14 18 0
2
20 40 
2
7302 14 16 0
7302 10 16 0
2
21 41 
2
6956 20 14 0
6956 20 12 0
2
38 40 
2
7303 4 16 0
7303 10 16 0
2
39 41 
2
6957 22 8 0
6957 20 12 0
2
42 42 
1
7305 16 16 0
2
40 42 
2
7306 10 16 0
7306 16 16 0
2
42 42 
1
7307 16 16 0
2
20 42 
2
7308 14 16 0
7308 16 16 0
2
42 42 
1
7309 16 16 0
2
40 42 
2
7310 10 16 0
7310 16 16 0
2
42 42 
1
7311 16 16 0
2
43 43 
1
6957 18 14 0
2
41 43 
2
6958 20 12 0
6958 18 14 0
2
43 43 
1
6959 18 14 0
2
21 43 
2
6960 20 14 0
6960 18 14 0
2
43 43 
1
6961 18 14 0
2
41 43 
2
6962 20 12 0
6962 18 14 0
2
43 43 
1
6963 18 14 0
2
42 139 
2
7312 16 16 0
7312 12 26 0
2
43 106 
2
6964 18 14 0
6964 24 20 0
2
42 140 
2
7313 16 16 0
7313 14 18 0
2
43 107 
2
6965 18 14 0
6965 30 16 0
2
42 141 
2
7314 16 16 0
7314 14 20 0
2
40 42 
2
7315 10 16 0
7315 16 16 0
2
41 43 
2
6966 20 12 0
6966 18 14 0
2
42 139 
2
7316 16 16 0
7316 12 26 0
2
43 109 
2
6967 18 14 0
6967 26 10 0
2
42 140 
2
7317 16 16 0
7317 14 18 0
2
42 141 
2
7318 16 16 0
7318 14 20 0
2
20 40 
2
7316 14 16 0
7316 10 16 0
2
21 41 
2
6967 20 14 0
6967 20 12 0
2
18 38 
2
7304 4 18 0
7304 4 16 0
2
19 39 
2
6958 20 8 0
6958 22 8 0
2
16 36 
2
7224 4 24 0
7224 4 22 0
2
17 37 
2
6934 26 4 0
6934 24 4 0
2
14 34 
2
7144 4 26 0
7144 2 24 0
2
15 35 
2
6881 26 2 0
6881 28 2 0
2
32 34 
2
7145 2 28 0
7145 2 24 0
2
33 35 
2
6882 32 2 0
6882 28 2 0
2
36 36 
1
7225 4 22 0
2
34 36 
2
7226 2 24 0
7226 4 22 0
2
36 36 
1
7227 4 22 0
2
14 36 
2
7228 4 26 0
7228 4 22 0
2
36 36 
1
7229 4 22 0
2
34 36 
2
7230 2 24 0
7230 4 22 0
2
36 36 
1
7231 4 22 0
2
37 37 
1
6935 24 4 0
2
35 37 
2
6936 28 2 0
6936 24 4 0
2
37 37 
1
6937 24 4 0
2
15 37 
2
6938 26 2 0
6938 24 4 0
2
37 37 
1
6939 24 4 0
2
35 37 
2
6940 28 2 0
6940 24 4 0
2
37 37 
1
6941 24 4 0
2
38 38 
1
7305 4 16 0
2
36 38 
2
7306 4 22 0
7306 4 16 0
2
38 38 
1
7307 4 16 0
2
16 38 
2
7308 4 24 0
7308 4 16 0
2
38 38 
1
7309 4 16 0
2
36 38 
2
7310 4 22 0
7310 4 16 0
2
38 38 
1
7311 4 16 0
2
39 39 
1
6959 22 8 0
2
37 39 
2
6960 24 4 0
6960 22 8 0
2
39 39 
1
6961 22 8 0
2
17 39 
2
6962 26 4 0
6962 22 8 0
2
39 39 
1
6963 22 8 0
2
37 39 
2
6964 24 4 0
6964 22 8 0
2
39 39 
1
6965 22 8 0
2
40 40 
1
7317 10 16 0
2
38 40 
2
7318 4 16 0
7318 10 16 0
2
40 40 
1
7319 10 16 0
2
18 40 
2
7320 4 18 0
7320 10 16 0
2
40 40 
1
7321 10 16 0
2
38 40 
2
7322 4 16 0
7322 10 16 0
2
40 40 
1
7323 10 16 0
2
41 41 
1
6968 20 12 0
2
39 41 
2
6969 22 8 0
6969 20 12 0
2
41 41 
1
6970 20 12 0
2
19 41 
2
6971 20 8 0
6971 20 12 0
2
41 41 
1
6972 20 12 0
2
39 41 
2
6973 22 8 0
6973 20 12 0
2
41 41 
1
6974 20 12 0
2
42 42 
1
7319 16 16 0
2
40 42 
2
7324 10 16 0
7324 16 16 0
2
42 42 
1
7325 16 16 0
2
20 42 
2
7326 14 16 0
7326 16 16 0
2
42 42 
1
7327 16 16 0
2
40 42 
2
7328 10 16 0
7328 16 16 0
2
42 42 
1
7329 16 16 0
2
43 43 
1
6968 18 14 0
2
41 43 
2
6975 20 12 0
6975 18 14 0
2
43 43 
1
6976 18 14 0
2
21 43 
2
6977 20 14 0
6977 18 14 0
2
43 43 
1
6978 18 14 0
2
41 43 
2
6979 20 12 0
6979 18 14 0
2
43 43 
1
6980 18 14 0
2
42 138 
2
7330 16 16 0
7330 10 20 0
2
43 108 
2
6981 18 14 0
6981 28 10 0
2
42 139 
2
7331 16 16 0
7331 12 26 0
2
42 140 
2
7332 16 16 0
7332 14 18 0
2
42 141 
2
7333 16 16 0
7333 14 20 0
2
42 142 
2
7334 16 16 0
7334 8 12 0
2
42 143 
2
7335 16 16 0
7335 22 24 0
2
42 144 
2
7336 16 16 0
7336 24 18 0
2
42 145 
2
7337 16 16 0
7337 22 10 0
2
42 146 
2
7338 16 16 0
7338 30 12 0
2
42 147 
2
7339 16 16 0
7339 4 8 0
2
42 148 
2
7340 16 16 0
7340 12 30 0
2
42 165 
2
7341 16 16 0
7341 4 20 0
2
42 187 
2
7342 16 16 0
7342 12 28 0
2
42 190 
2
7343 16 16 0
7343 26 16 0
2
42 192 
2
7344 16 16 0
7344 18 26 0
2
42 193 
2
7345 16 16 0
7345 6 16 0
2
42 194 
2
7346 16 16 0
7346 14 22 0
2
42 195 
2
7347 16 16 0
7347 10 22 0
2
42 196 
2
7348 16 16 0
7348 8 18 0
2
42 197 
2
7349 16 16 0
7349 16 22 0
2
42 198 
2
7350 16 16 0
7350 16 18 0
2
40 42 
2
7351 10 16 0
7351 16 16 0
2
41 43 
2
6982 20 12 0
6982 18 14 0
2
42 138 
2
7352 16 16 0
7352 10 20 0
2
43 108 
2
6983 18 14 0
6983 28 10 0
2
42 139 
2
7353 16 16 0
7353 12 26 0
2
43 109 
2
6984 18 14 0
6984 26 10 0
2
42 140 
2
7354 16 16 0
7354 14 18 0
2
42 141 
2
7355 16 16 0
7355 14 20 0
2
42 142 
2
7356 16 16 0
7356 8 12 0
2
42 143 
2
7357 16 16 0
7357 22 24 0
2
42 144 
2
7358 16 16 0
7358 24 18 0
2
42 145 
2
7359 16 16 0
7359 22 10 0
2
42 146 
2
7360 16 16 0
7360 30 12 0
2
42 147 
2
7361 16 16 0
7361 4 8 0
2
42 148 
2
7362 16 16 0
7362 12 30 0
2
42 165 
2
7363 16 16 0
7363 4 20 0
2
42 187 
2
7364 16 16 0
7364 12 28 0
2
42 190 
2
7365 16 16 0
7365 26 16 0
2
42 192 
2
7366 16 16 0
7366 18 26 0
2
42 193 
2
7367 16 16 0
7367 6 16 0
2
42 194 
2
7368 16 16 0
7368 14 22 0
2
42 195 
2
7369 16 16 0
7369 10 22 0
2
42 196 
2
7370 16 16 0
7370 8 18 0
2
42 197 
2
7371 16 16 0
7371 16 22 0
2
42 198 
2
7372 16 16 0
7372 16 18 0
2
20 40 
2
7352 14 16 0
7352 10 16 0
2
21 41 
2
6983 20 14 0
6983 20 12 0
2
38 40 
2
7353 4 16 0
7353 10 16 0
2
39 41 
2
6984 22 8 0
6984 20 12 0
2
42 42 
1
7373 16 16 0
2
40 42 
2
7374 10 16 0
7374 16 16 0
2
42 42 
1
7375 16 16 0
2
20 42 
2
7376 14 16 0
7376 16 16 0
2
42 42 
1
7377 16 16 0
2
40 42 
2
7378 10 16 0
7378 16 16 0
2
42 42 
1
7379 16 16 0
2
43 43 
1
6985 18 14 0
2
41 43 
2
6986 20 12 0
6986 18 14 0
2
43 43 
1
6987 18 14 0
2
21 43 
2
6988 20 14 0
6988 18 14 0
2
43 43 
1
6989 18 14 0
2
41 43 
2
6990 20 12 0
6990 18 14 0
2
43 43 
1
6991 18 14 0
2
42 139 
2
7380 16 16 0
7380 12 26 0
2
43 112 
2
6992 18 14 0
6992 30 14 0
2
42 140 
2
7381 16 16 0
7381 14 18 0
2
42 141 
2
7382 16 16 0
7382 14 20 0
2
42 142 
2
7383 16 16 0
7383 8 12 0
2
42 143 
2
7384 16 16 0
7384 22 24 0
2
42 144 
2
7385 16 16 0
7385 24 18 0
2
42 145 
2
7386 16 16 0
7386 22 10 0
2
42 146 
2
7387 16 16 0
7387 30 12 0
2
42 147 
2
7388 16 16 0
7388 4 8 0
2
42 148 
2
7389 16 16 0
7389 12 30 0
2
42 165 
2
7390 16 16 0
7390 4 20 0
2
42 187 
2
7391 16 16 0
7391 12 28 0
2
42 190 
2
7392 16 16 0
7392 26 16 0
2
42 192 
2
7393 16 16 0
7393 18 26 0
2
42 193 
2
7394 16 16 0
7394 6 16 0
2
42 194 
2
7395 16 16 0
7395 14 22 0
2
42 195 
2
7396 16 16 0
7396 10 22 0
2
42 196 
2
7397 16 16 0
7397 8 18 0
2
42 197 
2
7398 16 16 0
7398 16 22 0
2
42 198 
2
7399 16 16 0
7399 16 18 0
2
42 199 
2
7400 16 16 0
7400 14 28 0
2
40 42 
2
7401 10 16 0
7401 16 16 0
2
41 43 
2
6993 20 12 0
6993 18 14 0
2
42 139 
2
7402 16 16 0
7402 12 26 0
2
43 111 
2
6994 18 14 0
6994 18 6 0
2
42 140 
2
7403 16 16 0
7403 14 18 0
2
42 141 
2
7404 16 16 0
7404 14 20 0
2
42 142 
2
7405 16 16 0
7405 8 12 0
2
42 143 
2
7406 16 16 0
7406 22 24 0
2
42 144 
2
7407 16 16 0
7407 24 18 0
2
42 145 
2
7408 16 16 0
7408 22 10 0
2
42 146 
2
7409 16 16 0
7409 30 12 0
2
42 147 
2
7410 16 16 0
7410 4 8 0
2
42 148 
2
7411 16 16 0
7411 12 30 0
2
42 165 
2
7412 16 16 0
7412 4 20 0
2
42 187 
2
7413 16 16 0
7413 12 28 0
2
42 190 
2
7414 16 16 0
7414 26 16 0
2
42 192 
2
7415 16 16 0
7415 18 26 0
2
42 193 
2
7416 16 16 0
7416 6 16 0
2
42 194 
2
7417 16 16 0
7417 14 22 0
2
42 195 
2
7418 16 16 0
7418 10 22 0
2
42 196 
2
7419 16 16 0
7419 8 18 0
2
42 197 
2
7420 16 16 0
7420 16 22 0
2
42 198 
2
7421 16 16 0
7421 16 18 0
2
42 199 
2
7422 16 16 0
7422 14 28 0
2
20 40 
2
7402 14 16 0
7402 10 16 0
2
21 41 
2
6994 20 14 0
6994 20 12 0
2
18 38 
2
7354 4 18 0
7354 4 16 0
2
19 39 
2
6985 20 8 0
6985 22 8 0
2
36 38 
2
7355 4 22 0
7355 4 16 0
2
37 39 
2
6986 24 4 0
6986 22 8 0
2
40 40 
1
7403 10 16 0
2
38 40 
2
7404 4 16 0
7404 10 16 0
2
40 40 
1
7405 10 16 0
2
18 40 
2
7406 4 18 0
7406 10 16 0
2
40 40 
1
7407 10 16 0
2
38 40 
2
7408 4 16 0
7408 10 16 0
2
40 40 
1
7409 10 16 0
2
41 41 
1
6995 20 12 0
2
39 41 
2
6996 22 8 0
6996 20 12 0
2
41 41 
1
6997 20 12 0
2
19 41 
2
6998 20 8 0
6998 20 12 0
2
41 41 
1
6999 20 12 0
2
39 41 
2
7000 22 8 0
7000 20 12 0
2
41 41 
1
7001 20 12 0
2
42 42 
1
7423 16 16 0
2
40 42 
2
7424 10 16 0
7424 16 16 0
2
42 42 
1
7425 16 16 0
2
20 42 
2
7426 14 16 0
7426 16 16 0
2
42 42 
1
7427 16 16 0
2
40 42 
2
7428 10 16 0
7428 16 16 0
2
42 42 
1
7429 16 16 0
2
43 43 
1
6995 18 14 0
2
41 43 
2
7002 20 12 0
7002 18 14 0
2
43 43 
1
7003 18 14 0
2
21 43 
2
7004 20 14 0
7004 18 14 0
2
43 43 
1
7005 18 14 0
2
41 43 
2
7006 20 12 0
7006 18 14 0
2
43 43 
1
7007 18 14 0
2
42 198 
2
7430 16 16 0
7430 16 18 0
2
43 111 
2
7008 18 14 0
7008 18 6 0
2
42 199 
2
7431 16 16 0
7431 14 28 0
2
43 112 
2
7009 18 14 0
7009 30 14 0
2
42 200 
2
7432 16 16 0
7432 10 18 0
2
40 42 
2
7433 10 16 0
7433 16 16 0
2
41 43 
2
7010 20 12 0
7010 18 14 0
2
42 198 
2
7434 16 16 0
7434 16 18 0
2
43 114 
2
7011 18 14 0
7011 30 10 0
2
42 199 
2
7435 16 16 0
7435 14 28 0
2
42 200 
2
7436 16 16 0
7436 10 18 0
2
20 40 
2
7434 14 16 0
7434 10 16 0
2
21 41 
2
7011 20 14 0
7011 20 12 0
2
38 40 
2
7435 4 16 0
7435 10 16 0
2
39 41 
2
7012 22 8 0
7012 20 12 0
2
42 42 
1
7437 16 16 0
2
40 42 
2
7438 10 16 0
7438 16 16 0
2
42 42 
1
7439 16 16 0
2
20 42 
2
7440 14 16 0
7440 16 16 0
2
42 42 
1
7441 16 16 0
2
40 42 
2
7442 10 16 0
7442 16 16 0
2
42 42 
1
7443 16 16 0
2
43 43 
1
7012 18 14 0
2
41 43 
2
7013 20 12 0
7013 18 14 0
2
43 43 
1
7014 18 14 0
2
21 43 
2
7015 20 14 0
7015 18 14 0
2
43 43 
1
7016 18 14 0
2
41 43 
2
7017 20 12 0
7017 18 14 0
2
43 43 
1
7018 18 14 0
2
42 199 
2
7444 16 16 0
7444 14 28 0
2
43 113 
2
7019 18 14 0
7019 22 4 0
2
42 200 
2
7445 16 16 0
7445 10 18 0
2
42 201 
2
7446 16 16 0
7446 18 20 0
2
40 42 
2
7447 10 16 0
7447 16 16 0
2
41 43 
2
7020 20 12 0
7020 18 14 0
2
42 199 
2
7448 16 16 0
7448 14 28 0
2
43 113 
2
7021 18 14 0
7021 22 4 0
2
42 200 
2
7449 16 16 0
7449 10 18 0
2
43 114 
2
7022 18 14 0
7022 30 10 0
2
42 201 
2
7450 16 16 0
7450 18 20 0
2
20 40 
2
7448 14 16 0
7448 10 16 0
2
21 41 
2
7021 20 14 0
7021 20 12 0
2
18 38 
2
7436 4 18 0
7436 4 16 0
2
19 39 
2
7013 20 8 0
7013 22 8 0
2
16 36 
2
7356 4 24 0
7356 4 22 0
2
17 37 
2
6987 26 4 0
6987 24 4 0
2
34 36 
2
7357 2 24 0
7357 4 22 0
2
35 37 
2
6988 28 2 0
6988 24 4 0
2
38 38 
1
7437 4 16 0
2
36 38 
2
7438 4 22 0
7438 4 16 0
2
38 38 
1
7439 4 16 0
2
16 38 
2
7440 4 24 0
7440 4 16 0
2
38 38 
1
7441 4 16 0
2
36 38 
2
7442 4 22 0
7442 4 16 0
2
38 38 
1
7443 4 16 0
2
39 39 
1
7014 22 8 0
2
37 39 
2
7015 24 4 0
7015 22 8 0
2
39 39 
1
7016 22 8 0
2
17 39 
2
7017 26 4 0
7017 22 8 0
2
39 39 
1
7018 22 8 0
2
37 39 
2
7019 24 4 0
7019 22 8 0
2
39 39 
1
7020 22 8 0
2
40 40 
1
7449 10 16 0
2
38 40 
2
7450 4 16 0
7450 10 16 0
2
40 40 
1
7451 10 16 0
2
18 40 
2
7452 4 18 0
7452 10 16 0
2
40 40 
1
7453 10 16 0
2
38 40 
2
7454 4 16 0
7454 10 16 0
2
40 40 
1
7455 10 16 0
2
41 41 
1
7022 20 12 0
2
39 41 
2
7023 22 8 0
7023 20 12 0
2
41 41 
1
7024 20 12 0
2
19 41 
2
7025 20 8 0
7025 20 12 0
2
41 41 
1
7026 20 12 0
2
39 41 
2
7027 22 8 0
7027 20 12 0
2
41 41 
1
7028 20 12 0
2
42 42 
1
7451 16 16 0
2
40 42 
2
7456 10 16 0
7456 16 16 0
2
42 42 
1
7457 16 16 0
2
20 42 
2
7458 14 16 0
7458 16 16 0
2
42 42 
1
7459 16 16 0
2
40 42 
2
7460 10 16 0
7460 16 16 0
2
42 42 
1
7461 16 16 0
2
43 43 
1
7023 18 14 0
2
41 43 
2
7029 20 12 0
7029 18 14 0
2
43 43 
1
7030 18 14 0
2
21 43 
2
7031 20 14 0
7031 18 14 0
2
43 43 
1
7032 18 14 0
2
41 43 
2
7033 20 12 0
7033 18 14 0
2
43 43 
1
7034 18 14 0
2
42 198 
2
7462 16 16 0
7462 16 18 0
2
43 116 
2
7035 18 14 0
7035 8 8 0
2
42 199 
2
7463 16 16 0
7463 14 28 0
2
42 200 
2
7464 16 16 0
7464 10 18 0
2
42 201 
2
7465 16 16 0
7465 18 20 0
2
42 202 
2
7466 16 16 0
7466 14 14 0
2
42 203 
2
7467 16 16 0
7467 2 14 0
2
42 204 
2
7468 16 16 0
7468 20 20 0
2
42 205 
2
7469 16 16 0
7469 18 10 0
2
42 206 
2
7470 16 16 0
7470 26 24 0
2
42 207 
2
7471 16 16 0
7471 4 10 0
2
42 208 
2
7472 16 16 0
7472 32 16 0
2
42 209 
2
7473 16 16 0
7473 2 18 0
2
42 210 
2
7474 16 16 0
7474 8 24 0
2
42 211 
2
7475 16 16 0
7475 6 18 0
2
42 212 
2
7476 16 16 0
7476 16 24 0
2
42 213 
2
7477 16 16 0
7477 16 32 0
2
42 214 
2
7478 16 16 0
7478 12 20 0
2
42 215 
2
7479 16 16 0
7479 18 16 0
2
42 216 
2
7480 16 16 0
7480 8 20 0
2
42 217 
2
7481 16 16 0
7481 14 26 0
2
42 218 
2
7482 16 16 0
7482 10 24 0
2
40 42 
2
7483 10 16 0
7483 16 16 0
2
41 43 
2
7036 20 12 0
7036 18 14 0
2
42 198 
2
7484 16 16 0
7484 16 18 0
2
43 115 
2
7037 18 14 0
7037 2 10 0
2
42 199 
2
7485 16 16 0
7485 14 28 0
2
42 200 
2
7486 16 16 0
7486 10 18 0
2
42 201 
2
7487 16 16 0
7487 18 20 0
2
42 202 
2
7488 16 16 0
7488 14 14 0
2
42 203 
2
7489 16 16 0
7489 2 14 0
2
42 204 
2
7490 16 16 0
7490 20 20 0
2
42 205 
2
7491 16 16 0
7491 18 10 0
2
42 206 
2
7492 16 16 0
7492 26 24 0
2
42 207 
2
7493 16 16 0
7493 4 10 0
2
42 208 
2
7494 16 16 0
7494 32 16 0
2
42 209 
2
7495 16 16 0
7495 2 18 0
2
42 210 
2
7496 16 16 0
7496 8 24 0
2
42 211 
2
7497 16 16 0
7497 6 18 0
2
42 212 
2
7498 16 16 0
7498 16 24 0
2
42 213 
2
7499 16 16 0
7499 16 32 0
2
42 214 
2
7500 16 16 0
7500 12 20 0
2
42 215 
2
7501 16 16 0
7501 18 16 0
2
42 216 
2
7502 16 16 0
7502 8 20 0
2
42 217 
2
7503 16 16 0
7503 14 26 0
2
42 218 
2
7504 16 16 0
7504 10 24 0
2
20 40 
2
7484 14 16 0
7484 10 16 0
2
21 41 
2
7037 20 14 0
7037 20 12 0
2
38 40 
2
7485 4 16 0
7485 10 16 0
2
39 41 
2
7038 22 8 0
7038 20 12 0
2
42 42 
1
7505 16 16 0
2
40 42 
2
7506 10 16 0
7506 16 16 0
2
42 42 
1
7507 16 16 0
2
20 42 
2
7508 14 16 0
7508 16 16 0
2
42 42 
1
7509 16 16 0
2
40 42 
2
7510 10 16 0
7510 16 16 0
2
42 42 
1
7511 16 16 0
2
43 43 
1
7038 18 14 0
2
41 43 
2
7039 20 12 0
7039 18 14 0
2
43 43 
1
7040 18 14 0
2
21 43 
2
7041 20 14 0
7041 18 14 0
2
43 43 
1
7042 18 14 0
2
41 43 
2
7043 20 12 0
7043 18 14 0
2
43 43 
1
7044 18 14 0
2
42 199 
2
7512 16 16 0
7512 14 28 0
2
43 115 
2
7045 18 14 0
7045 2 10 0
2
42 200 
2
7513 16 16 0
7513 10 18 0
2
43 116 
2
7046 18 14 0
7046 8 8 0
2
42 201 
2
7514 16 16 0
7514 18 20 0
2
42 202 
2
7515 16 16 0
7515 14 14 0
2
42 203 
2
7516 16 16 0
7516 2 14 0
2
42 204 
2
7517 16 16 0
7517 20 20 0
2
42 205 
2
7518 16 16 0
7518 18 10 0
2
42 206 
2
7519 16 16 0
7519 26 24 0
2
42 207 
2
7520 16 16 0
7520 4 10 0
2
42 208 
2
7521 16 16 0
7521 32 16 0
2
42 209 
2
7522 16 16 0
7522 2 18 0
2
42 210 
2
7523 16 16 0
7523 8 24 0
2
42 211 
2
7524 16 16 0
7524 6 18 0
2
42 212 
2
7525 16 16 0
7525 16 24 0
2
42 213 
2
7526 16 16 0
7526 16 32 0
2
42 214 
2
7527 16 16 0
7527 12 20 0
2
42 215 
2
7528 16 16 0
7528 18 16 0
2
42 216 
2
7529 16 16 0
7529 8 20 0
2
42 217 
2
7530 16 16 0
7530 14 26 0
2
42 218 
2
7531 16 16 0
7531 10 24 0
2
42 219 
2
7532 16 16 0
7532 24 24 0
2
40 42 
2
7533 10 16 0
7533 16 16 0
2
41 43 
2
7047 20 12 0
7047 18 14 0
2
42 199 
2
7534 16 16 0
7534 14 28 0
2
43 118 
2
7048 18 14 0
7048 12 12 0
2
42 200 
2
7535 16 16 0
7535 10 18 0
2
42 201 
2
7536 16 16 0
7536 18 20 0
2
42 202 
2
7537 16 16 0
7537 14 14 0
2
42 203 
2
7538 16 16 0
7538 2 14 0
2
42 204 
2
7539 16 16 0
7539 20 20 0
2
42 205 
2
7540 16 16 0
7540 18 10 0
2
42 206 
2
7541 16 16 0
7541 26 24 0
2
42 207 
2
7542 16 16 0
7542 4 10 0
2
42 208 
2
7543 16 16 0
7543 32 16 0
2
42 209 
2
7544 16 16 0
7544 2 18 0
2
42 210 
2
7545 16 16 0
7545 8 24 0
2
42 211 
2
7546 16 16 0
7546 6 18 0
2
42 212 
2
7547 16 16 0
7547 16 24 0
2
42 213 
2
7548 16 16 0
7548 16 32 0
2
42 214 
2
7549 16 16 0
7549 12 20 0
2
42 215 
2
7550 16 16 0
7550 18 16 0
2
42 216 
2
7551 16 16 0
7551 8 20 0
2
42 217 
2
7552 16 16 0
7552 14 26 0
2
42 218 
2
7553 16 16 0
7553 10 24 0
2
42 219 
2
7554 16 16 0
7554 24 24 0
2
20 40 
2
7534 14 16 0
7534 10 16 0
2
21 41 
2
7048 20 14 0
7048 20 12 0
2
18 38 
2
7486 4 18 0
7486 4 16 0
2
19 39 
2
7039 20 8 0
7039 22 8 0
2
36 38 
2
7487 4 22 0
7487 4 16 0
2
37 39 
2
7040 24 4 0
7040 22 8 0
2
40 40 
1
7535 10 16 0
2
38 40 
2
7536 4 16 0
7536 10 16 0
2
40 40 
1
7537 10 16 0
2
18 40 
2
7538 4 18 0
7538 10 16 0
2
40 40 
1
7539 10 16 0
2
38 40 
2
7540 4 16 0
7540 10 16 0
2
40 40 
1
7541 10 16 0
2
41 41 
1
7049 20 12 0
2
39 41 
2
7050 22 8 0
7050 20 12 0
2
41 41 
1
7051 20 12 0
2
19 41 
2
7052 20 8 0
7052 20 12 0
2
41 41 
1
7053 20 12 0
2
39 41 
2
7054 22 8 0
7054 20 12 0
2
41 41 
1
7055 20 12 0
2
42 42 
1
7555 16 16 0
2
40 42 
2
7556 10 16 0
7556 16 16 0
2
42 42 
1
7557 16 16 0
2
20 42 
2
7558 14 16 0
7558 16 16 0
2
42 42 
1
7559 16 16 0
2
40 42 
2
7560 10 16 0
7560 16 16 0
2
42 42 
1
7561 16 16 0
2
43 43 
1
7049 18 14 0
2
41 43 
2
7056 20 12 0
7056 18 14 0
2
43 43 
1
7057 18 14 0
2
21 43 
2
7058 20 14 0
7058 18 14 0
2
43 43 
1
7059 18 14 0
2
41 43 
2
7060 20 12 0
7060 18 14 0
2
43 43 
1
7061 18 14 0
2
42 218 
2
7562 16 16 0
7562 10 24 0
2
43 117 
2
7062 18 14 0
7062 12 8 0
2
42 219 
2
7563 16 16 0
7563 24 24 0
2
42 220 
2
7564 16 16 0
7564 12 24 0
2
40 42 
2
7565 10 16 0
7565 16 16 0
2
41 43 
2
7063 20 12 0
7063 18 14 0
2
42 218 
2
7566 16 16 0
7566 10 24 0
2
43 117 
2
7064 18 14 0
7064 12 8 0
2
42 219 
2
7567 16 16 0
7567 24 24 0
2
43 118 
2
7065 18 14 0
7065 12 12 0
2
42 220 
2
7568 16 16 0
7568 12 24 0
2
20 40 
2
7566 14 16 0
7566 10 16 0
2
21 41 
2
7064 20 14 0
7064 20 12 0
2
38 40 
2
7567 4 16 0
7567 10 16 0
2
39 41 
2
7065 22 8 0
7065 20 12 0
2
42 42 
1
7569 16 16 0
2
40 42 
2
7570 10 16 0
7570 16 16 0
2
42 42 
1
7571 16 16 0
2
20 42 
2
7572 14 16 0
7572 16 16 0
2
42 42 
1
7573 16 16 0
2
40 42 
2
7574 10 16 0
7574 16 16 0
2
42 42 
1
7575 16 16 0
2
43 43 
1
7066 18 14 0
2
41 43 
2
7067 20 12 0
7067 18 14 0
2
43 43 
1
7068 18 14 0
2
21 43 
2
7069 20 14 0
7069 18 14 0
2
43 43 
1
7070 18 14 0
2
41 43 
2
7071 20 12 0
7071 18 14 0
2
43 43 
1
7072 18 14 0
2
42 219 
2
7576 16 16 0
7576 24 24 0
2
43 120 
2
7073 18 14 0
7073 28 20 0
2
42 220 
2
7577 16 16 0
7577 12 24 0
2
42 221 
2
7578 16 16 0
7578 6 22 0
2
40 42 
2
7579 10 16 0
7579 16 16 0
2
41 43 
2
7074 20 12 0
7074 18 14 0
2
42 219 
2
7580 16 16 0
7580 24 24 0
2
43 119 
2
7075 18 14 0
7075 22 18 0
2
42 220 
2
7581 16 16 0
7581 12 24 0
2
42 221 
2
7582 16 16 0
7582 6 22 0
2
20 40 
2
7580 14 16 0
7580 10 16 0
2
21 41 
2
7075 20 14 0
7075 20 12 0
2
18 38 
2
7568 4 18 0
7568 4 16 0
2
19 39 
2
7066 20 8 0
7066 22 8 0
2
16 36 
2
7488 4 24 0
7488 4 22 0
2
17 37 
2
7041 26 4 0
7041 24 4 0
2
14 34 
2
7358 4 26 0
7358 2 24 0
2
15 35 
2
6989 26 2 0
6989 28 2 0
2
12 32 
2
7146 2 26 0
7146 2 28 0
2
13 33 
2
6883 30 2 0
6883 32 2 0
2
10 30 
2
6620 6 28 0
6620 4 28 0
2
11 31 
2
6604 32 4 0
6604 32 6 0
2
28 30 
2
6621 4 30 0
6621 4 28 0
2
29 31 
2
6605 32 26 0
6605 32 6 0
2
32 32 
1
7147 2 28 0
2
30 32 
2
7148 4 28 0
7148 2 28 0
2
32 32 
1
7149 2 28 0
2
10 32 
2
7150 6 28 0
7150 2 28 0
2
32 32 
1
7151 2 28 0
2
30 32 
2
7152 4 28 0
7152 2 28 0
2
32 32 
1
7153 2 28 0
2
33 33 
1
6884 32 2 0
2
31 33 
2
6885 32 6 0
6885 32 2 0
2
33 33 
1
6886 32 2 0
2
11 33 
2
6887 32 4 0
6887 32 2 0
2
33 33 
1
6888 32 2 0
2
31 33 
2
6889 32 6 0
6889 32 2 0
2
33 33 
1
6890 32 2 0
2
34 34 
1
7359 2 24 0
2
32 34 
2
7360 2 28 0
7360 2 24 0
2
34 34 
1
7361 2 24 0
2
12 34 
2
7362 2 26 0
7362 2 24 0
2
34 34 
1
7363 2 24 0
2
32 34 
2
7364 2 28 0
7364 2 24 0
2
34 34 
1
7365 2 24 0
2
35 35 
1
6990 28 2 0
2
33 35 
2
6991 32 2 0
6991 28 2 0
2
35 35 
1
6992 28 2 0
2
13 35 
2
6993 30 2 0
6993 28 2 0
2
35 35 
1
6994 28 2 0
2
33 35 
2
6995 32 2 0
6995 28 2 0
2
35 35 
1
6996 28 2 0
2
36 36 
1
7489 4 22 0
2
34 36 
2
7490 2 24 0
7490 4 22 0
2
36 36 
1
7491 4 22 0
2
14 36 
2
7492 4 26 0
7492 4 22 0
2
36 36 
1
7493 4 22 0
2
34 36 
2
7494 2 24 0
7494 4 22 0
2
36 36 
1
7495 4 22 0
2
37 37 
1
7042 24 4 0
2
35 37 
2
7043 28 2 0
7043 24 4 0
2
37 37 
1
7044 24 4 0
2
15 37 
2
7045 26 2 0
7045 24 4 0
2
37 37 
1
7046 24 4 0
2
35 37 
2
7047 28 2 0
7047 24 4 0
2
37 37 
1
7048 24 4 0
2
38 38 
1
7569 4 16 0
2
36 38 
2
7570 4 22 0
7570 4 16 0
2
38 38 
1
7571 4 16 0
2
16 38 
2
7572 4 24 0
7572 4 16 0
2
38 38 
1
7573 4 16 0
2
36 38 
2
7574 4 22 0
7574 4 16 0
2
38 38 
1
7575 4 16 0
2
39 39 
1
7067 22 8 0
2
37 39 
2
7068 24 4 0
7068 22 8 0
2
39 39 
1
7069 22 8 0
2
17 39 
2
7070 26 4 0
7070 22 8 0
2
39 39 
1
7071 22 8 0
2
37 39 
2
7072 24 4 0
7072 22 8 0
2
39 39 
1
7073 22 8 0
2
40 40 
1
7581 10 16 0
2
38 40 
2
7582 4 16 0
7582 10 16 0
2
40 40 
1
7583 10 16 0
2
18 40 
2
7584 4 18 0
7584 10 16 0
2
40 40 
1
7585 10 16 0
2
38 40 
2
7586 4 16 0
7586 10 16 0
2
40 40 
1
7587 10 16 0
2
41 41 
1
7076 20 12 0
2
39 41 
2
7077 22 8 0
7077 20 12 0
2
41 41 
1
7078 20 12 0
2
19 41 
2
7079 20 8 0
7079 20 12 0
2
41 41 
1
7080 20 12 0
2
39 41 
2
7081 22 8 0
7081 20 12 0
2
41 41 
1
7082 20 12 0
2
42 42 
1
7583 16 16 0
2
40 42 
2
7588 10 16 0
7588 16 16 0
2
42 42 
1
7589 16 16 0
2
20 42 
2
7590 14 16 0
7590 16 16 0
2
42 42 
1
7591 16 16 0
2
40 42 
2
7592 10 16 0
7592 16 16 0
2
42 42 
1
7593 16 16 0
2
43 43 
1
7076 18 14 0
2
41 43 
2
7083 20 12 0
7083 18 14 0
2
43 43 
1
7084 18 14 0
2
21 43 
2
7085 20 14 0
7085 18 14 0
2
43 43 
1
7086 18 14 0
2
41 43 
2
7087 20 12 0
7087 18 14 0
2
43 43 
1
7088 18 14 0
2
42 218 
2
7594 16 16 0
7594 10 24 0
2
43 119 
2
7089 18 14 0
7089 22 18 0
2
42 219 
2
7595 16 16 0
7595 24 24 0
2
43 120 
2
7090 18 14 0
7090 28 20 0
2
42 220 
2
7596 16 16 0
7596 12 24 0
2
42 221 
2
7597 16 16 0
7597 6 22 0
2
42 222 
2
7598 16 16 0
7598 6 14 0
2
42 223 
2
7599 16 16 0
7599 14 12 0
2
42 224 
2
7600 16 16 0
7600 24 12 0
2
42 225 
2
7601 16 16 0
7601 20 18 0
2
42 226 
2
7602 16 16 0
7602 18 32 0
2
42 227 
2
7603 16 16 0
7603 2 12 0
2
42 228 
2
7604 16 16 0
7604 12 2 0
2
42 229 
2
7605 16 16 0
7605 2 16 0
2
42 230 
2
7606 16 16 0
7606 10 8 0
2
42 231 
2
7607 16 16 0
7607 14 30 0
2
42 232 
2
7608 16 16 0
7608 26 22 0
2
42 233 
2
7609 16 16 0
7609 8 22 0
2
42 234 
2
7610 16 16 0
7610 12 22 0
2
42 235 
2
7611 16 16 0
7611 14 24 0
2
42 236 
2
7612 16 16 0
7612 8 10 0
2
42 237 
2
7613 16 16 0
7613 20 28 0
2
42 238 
2
7614 16 16 0
7614 14 10 0
2
40 42 
2
7615 10 16 0
7615 16 16 0
2
41 43 
2
7091 20 12 0
7091 18 14 0
2
42 218 
2
7616 16 16 0
7616 10 24 0
2
43 122 
2
7092 18 14 0
7092 12 6 0
2
42 219 
2
7617 16 16 0
7617 24 24 0
2
42 220 
2
7618 16 16 0
7618 12 24 0
2
42 221 
2
7619 16 16 0
7619 6 22 0
2
42 222 
2
7620 16 16 0
7620 6 14 0
2
42 223 
2
7621 16 16 0
7621 14 12 0
2
42 224 
2
7622 16 16 0
7622 24 12 0
2
42 225 
2
7623 16 16 0
7623 20 18 0
2
42 226 
2
7624 16 16 0
7624 18 32 0
2
42 227 
2
7625 16 16 0
7625 2 12 0
2
42 228 
2
7626 16 16 0
7626 12 2 0
2
42 229 
2
7627 16 16 0
7627 2 16 0
2
42 230 
2
7628 16 16 0
7628 10 8 0
2
42 231 
2
7629 16 16 0
7629 14 30 0
2
42 232 
2
7630 16 16 0
7630 26 22 0
2
42 233 
2
7631 16 16 0
7631 8 22 0
2
42 234 
2
7632 16 16 0
7632 12 22 0
2
42 235 
2
7633 16 16 0
7633 14 24 0
2
42 236 
2
7634 16 16 0
7634 8 10 0
2
42 237 
2
7635 16 16 0
7635 20 28 0
2
42 238 
2
7636 16 16 0
7636 14 10 0
2
20 40 
2
7616 14 16 0
7616 10 16 0
2
21 41 
2
7092 20 14 0
7092 20 12 0
2
38 40 
2
7617 4 16 0
7617 10 16 0
2
39 41 
2
7093 22 8 0
7093 20 12 0
2
42 42 
1
7637 16 16 0
2
40 42 
2
7638 10 16 0
7638 16 16 0
2
42 42 
1
7639 16 16 0
2
20 42 
2
7640 14 16 0
7640 16 16 0
2
42 42 
1
7641 16 16 0
2
40 42 
2
7642 10 16 0
7642 16 16 0
2
42 42 
1
7643 16 16 0
2
43 43 
1
7093 18 14 0
2
41 43 
2
7094 20 12 0
7094 18 14 0
2
43 43 
1
7095 18 14 0
2
21 43 
2
7096 20 14 0
7096 18 14 0
2
43 43 
1
7097 18 14 0
2
41 43 
2
7098 20 12 0
7098 18 14 0
2
43 43 
1
7099 18 14 0
2
42 219 
2
7644 16 16 0
7644 24 24 0
2
43 121 
2
7100 18 14 0
7100 8 14 0
2
42 220 
2
7645 16 16 0
7645 12 24 0
2
42 221 
2
7646 16 16 0
7646 6 22 0
2
42 222 
2
7647 16 16 0
7647 6 14 0
2
42 223 
2
7648 16 16 0
7648 14 12 0
2
42 224 
2
7649 16 16 0
7649 24 12 0
2
42 225 
2
7650 16 16 0
7650 20 18 0
2
42 226 
2
7651 16 16 0
7651 18 32 0
2
42 227 
2
7652 16 16 0
7652 2 12 0
2
42 228 
2
7653 16 16 0
7653 12 2 0
2
42 229 
2
7654 16 16 0
7654 2 16 0
2
42 230 
2
7655 16 16 0
7655 10 8 0
2
42 231 
2
7656 16 16 0
7656 14 30 0
2
42 232 
2
7657 16 16 0
7657 26 22 0
2
42 233 
2
7658 16 16 0
7658 8 22 0
2
42 234 
2
7659 16 16 0
7659 12 22 0
2
42 235 
2
7660 16 16 0
7660 14 24 0
2
42 236 
2
7661 16 16 0
7661 8 10 0
2
42 237 
2
7662 16 16 0
7662 20 28 0
2
42 238 
2
7663 16 16 0
7663 14 10 0
2
42 239 
2
7664 16 16 0
7664 16 20 0
2
40 42 
2
7665 10 16 0
7665 16 16 0
2
41 43 
2
7101 20 12 0
7101 18 14 0
2
42 219 
2
7666 16 16 0
7666 24 24 0
2
43 121 
2
7102 18 14 0
7102 8 14 0
2
42 220 
2
7667 16 16 0
7667 12 24 0
2
43 122 
2
7103 18 14 0
7103 12 6 0
2
42 221 
2
7668 16 16 0
7668 6 22 0
2
42 222 
2
7669 16 16 0
7669 6 14 0
2
42 223 
2
7670 16 16 0
7670 14 12 0
2
42 224 
2
7671 16 16 0
7671 24 12 0
2
42 225 
2
7672 16 16 0
7672 20 18 0
2
42 226 
2
7673 16 16 0
7673 18 32 0
2
42 227 
2
7674 16 16 0
7674 2 12 0
2
42 228 
2
7675 16 16 0
7675 12 2 0
2
42 229 
2
7676 16 16 0
7676 2 16 0
2
42 230 
2
7677 16 16 0
7677 10 8 0
2
42 231 
2
7678 16 16 0
7678 14 30 0
2
42 232 
2
7679 16 16 0
7679 26 22 0
2
42 233 
2
7680 16 16 0
7680 8 22 0
2
42 234 
2
7681 16 16 0
7681 12 22 0
2
42 235 
2
7682 16 16 0
7682 14 24 0
2
42 236 
2
7683 16 16 0
7683 8 10 0
2
42 237 
2
7684 16 16 0
7684 20 28 0
2
42 238 
2
7685 16 16 0
7685 14 10 0
2
42 239 
2
7686 16 16 0
7686 16 20 0
2
20 40 
2
7666 14 16 0
7666 10 16 0
2
21 41 
2
7102 20 14 0
7102 20 12 0
2
18 38 
2
7618 4 18 0
7618 4 16 0
2
19 39 
2
7094 20 8 0
7094 22 8 0
2
36 38 
2
7619 4 22 0
7619 4 16 0
2
37 39 
2
7095 24 4 0
7095 22 8 0
2
40 40 
1
7667 10 16 0
2
38 40 
2
7668 4 16 0
7668 10 16 0
2
40 40 
1
7669 10 16 0
2
18 40 
2
7670 4 18 0
7670 10 16 0
2
40 40 
1
7671 10 16 0
2
38 40 
2
7672 4 16 0
7672 10 16 0
2
40 40 
1
7673 10 16 0
2
41 41 
1
7103 20 12 0
2
39 41 
2
7104 22 8 0
7104 20 12 0
2
41 41 
1
7105 20 12 0
2
19 41 
2
7106 20 8 0
7106 20 12 0
2
41 41 
1
7107 20 12 0
2
39 41 
2
7108 22 8 0
7108 20 12 0
2
41 41 
1
7109 20 12 0
2
42 42 
1
7687 16 16 0
2
40 42 
2
7688 10 16 0
7688 16 16 0
2
42 42 
1
7689 16 16 0
2
20 42 
2
7690 14 16 0
7690 16 16 0
2
42 42 
1
7691 16 16 0
2
40 42 
2
7692 10 16 0
7692 16 16 0
2
42 42 
1
7693 16 16 0
2
43 43 
1
7104 18 14 0
2
41 43 
2
7110 20 12 0
7110 18 14 0
2
43 43 
1
7111 18 14 0
2
21 43 
2
7112 20 14 0
7112 18 14 0
2
43 43 
1
7113 18 14 0
2
41 43 
2
7114 20 12 0
7114 18 14 0
2
43 43 
1
7115 18 14 0
2
42 238 
2
7694 16 16 0
7694 14 10 0
2
43 124 
2
7116 18 14 0
7116 20 26 0
2
42 239 
2
7695 16 16 0
7695 16 20 0
2
42 50 
2
7696 16 16 0
7696 4 12 0
2
40 42 
2
7697 10 16 0
7697 16 16 0
2
41 43 
2
7117 20 12 0
7117 18 14 0
2
42 238 
2
7698 16 16 0
7698 14 10 0
2
43 123 
2
7118 18 14 0
7118 22 20 0
2
42 239 
2
7699 16 16 0
7699 16 20 0
2
42 50 
2
7700 16 16 0
7700 4 12 0
2
20 40 
2
7698 14 16 0
7698 10 16 0
2
21 41 
2
7118 20 14 0
7118 20 12 0
2
38 40 
2
7699 4 16 0
7699 10 16 0
2
39 41 
2
7119 22 8 0
7119 20 12 0
2
42 42 
1
7701 16 16 0
2
40 42 
2
7702 10 16 0
7702 16 16 0
2
42 42 
1
7703 16 16 0
2
20 42 
2
7704 14 16 0
7704 16 16 0
2
42 42 
1
7705 16 16 0
2
40 42 
2
7706 10 16 0
7706 16 16 0
2
42 42 
1
7707 16 16 0
2
43 43 
1
7119 18 14 0
2
41 43 
2
7120 20 12 0
7120 18 14 0
2
43 43 
1
7121 18 14 0
2
21 43 
2
7122 20 14 0
7122 18 14 0
2
43 43 
1
7123 18 14 0
2
41 43 
2
7124 20 12 0
7124 18 14 0
2
43 43 
1
7125 18 14 0
2
42 239 
2
7708 16 16 0
7708 16 20 0
2
43 123 
2
7126 18 14 0
7126 22 20 0
2
42 50 
2
7709 16 16 0
7709 4 12 0
2
43 124 
2
7127 18 14 0
7127 20 26 0
2
42 45 
2
7710 16 16 0
7710 16 2 0
2
40 42 
2
7711 10 16 0
7711 16 16 0
2
41 43 
2
7128 20 12 0
7128 18 14 0
2
42 239 
2
7712 16 16 0
7712 16 20 0
2
43 126 
2
7129 18 14 0
7129 16 10 0
2
42 50 
2
7713 16 16 0
7713 4 12 0
2
42 45 
2
7714 16 16 0
7714 16 2 0
2
20 40 
2
7712 14 16 0
7712 10 16 0
2
21 41 
2
7129 20 14 0
7129 20 12 0
2
18 38 
2
7700 4 18 0
7700 4 16 0
2
19 39 
2
7120 20 8 0
7120 22 8 0
2
16 36 
2
7620 4 24 0
7620 4 22 0
2
17 37 
2
7096 26 4 0
7096 24 4 0
2
34 36 
2
7621 2 24 0
7621 4 22 0
2
35 37 
2
7097 28 2 0
7097 24 4 0
2
38 38 
1
7701 4 16 0
2
36 38 
2
7702 4 22 0
7702 4 16 0
2
38 38 
1
7703 4 16 0
2
16 38 
2
7704 4 24 0
7704 4 16 0
2
38 38 
1
7705 4 16 0
2
36 38 
2
7706 4 22 0
7706 4 16 0
2
38 38 
1
7707 4 16 0
2
39 39 
1
7121 22 8 0
2
37 39 
2
7122 24 4 0
7122 22 8 0
2
39 39 
1
7123 22 8 0
2
17 39 
2
7124 26 4 0
7124 22 8 0
2
39 39 
1
7125 22 8 0
2
37 39 
2
7126 24 4 0
7126 22 8 0
2
39 39 
1
7127 22 8 0
2
40 40 
1
7713 10 16 0
2
38 40 
2
7714 4 16 0
7714 10 16 0
2
40 40 
1
7715 10 16 0
2
18 40 
2
7716 4 18 0
7716 10 16 0
2
40 40 
1
7717 10 16 0
2
38 40 
2
7718 4 16 0
7718 10 16 0
2
40 40 
1
7719 10 16 0
2
41 41 
1
7130 20 12 0
2
39 41 
2
7131 22 8 0
7131 20 12 0
2
41 41 
1
7132 20 12 0
2
19 41 
2
7133 20 8 0
7133 20 12 0
2
41 41 
1
7134 20 12 0
2
39 41 
2
7135 22 8 0
7135 20 12 0
2
41 41 
1
7136 20 12 0
2
42 42 
1
7715 16 16 0
2
40 42 
2
7720 10 16 0
7720 16 16 0
2
42 42 
1
7721 16 16 0
2
20 42 
2
7722 14 16 0
7722 16 16 0
2
42 42 
1
7723 16 16 0
2
40 42 
2
7724 10 16 0
7724 16 16 0
2
42 42 
1
7725 16 16 0
2
43 43 
1
7130 18 14 0
2
41 43 
2
7137 20 12 0
7137 18 14 0
2
43 43 
1
7138 18 14 0
2
21 43 
2
7139 20 14 0
7139 18 14 0
2
43 43 
1
7140 18 14 0
2
41 43 
2
7141 20 12 0
7141 18 14 0
2
43 43 
1
7142 18 14 0
2
42 238 
2
7726 16 16 0
7726 14 10 0
2
43 125 
2
7143 18 14 0
7143 12 16 0
2
42 239 
2
7727 16 16 0
7727 16 20 0
2
42 50 
2
7728 16 16 0
7728 4 12 0
2
42 45 
2
7729 16 16 0
7729 16 2 0
2
42 47 
2
7730 16 16 0
7730 26 12 0
2
42 49 
2
7731 16 16 0
7731 32 14 0
2
42 52 
2
7732 16 16 0
7732 18 4 0
2
42 53 
2
7733 16 16 0
7733 18 8 0
2
42 54 
2
7734 16 16 0
7734 24 6 0
2
42 55 
2
7735 16 16 0
7735 24 2 0
2
42 56 
2
7736 16 16 0
7736 32 18 0
2
42 57 
2
7737 16 16 0
7737 22 28 0
2
42 58 
2
7738 16 16 0
7738 10 10 0
2
42 59 
2
7739 16 16 0
7739 28 16 0
2
42 60 
2
7740 16 16 0
7740 16 8 0
2
42 61 
2
7741 16 16 0
7741 18 30 0
2
42 62 
2
7742 16 16 0
7742 20 24 0
2
42 63 
2
7743 16 16 0
7743 16 12 0
2
42 64 
2
7744 16 16 0
7744 16 6 0
2
42 65 
2
7745 16 16 0
7745 10 6 0
2
42 66 
2
7746 16 16 0
7746 18 22 0
2
40 42 
2
7747 10 16 0
7747 16 16 0
2
41 43 
2
7144 20 12 0
7144 18 14 0
2
42 238 
2
7748 16 16 0
7748 14 10 0
2
43 125 
2
7145 18 14 0
7145 12 16 0
2
42 239 
2
7749 16 16 0
7749 16 20 0
2
43 126 
2
7146 18 14 0
7146 16 10 0
2
42 50 
2
7750 16 16 0
7750 4 12 0
2
42 45 
2
7751 16 16 0
7751 16 2 0
2
42 47 
2
7752 16 16 0
7752 26 12 0
2
42 49 
2
7753 16 16 0
7753 32 14 0
2
42 52 
2
7754 16 16 0
7754 18 4 0
2
42 53 
2
7755 16 16 0
7755 18 8 0
2
42 54 
2
7756 16 16 0
7756 24 6 0
2
42 55 
2
7757 16 16 0
7757 24 2 0
2
42 56 
2
7758 16 16 0
7758 32 18 0
2
42 57 
2
7759 16 16 0
7759 22 28 0
2
42 58 
2
7760 16 16 0
7760 10 10 0
2
42 59 
2
7761 16 16 0
7761 28 16 0
2
42 60 
2
7762 16 16 0
7762 16 8 0
2
42 61 
2
7763 16 16 0
7763 18 30 0
2
42 62 
2
7764 16 16 0
7764 20 24 0
2
42 63 
2
7765 16 16 0
7765 16 12 0
2
42 64 
2
7766 16 16 0
7766 16 6 0
2
42 65 
2
7767 16 16 0
7767 10 6 0
2
42 66 
2
7768 16 16 0
7768 18 22 0
2
20 40 
2
7748 14 16 0
7748 10 16 0
2
21 41 
2
7145 20 14 0
7145 20 12 0
2
38 40 
2
7749 4 16 0
7749 10 16 0
2
39 41 
2
7146 22 8 0
7146 20 12 0
2
42 42 
1
7769 16 16 0
2
40 42 
2
7770 10 16 0
7770 16 16 0
2
42 42 
1
7771 16 16 0
2
20 42 
2
7772 14 16 0
7772 16 16 0
2
42 42 
1
7773 16 16 0
2
40 42 
2
7774 10 16 0
7774 16 16 0
2
42 42 
1
7775 16 16 0
2
43 43 
1
7147 18 14 0
2
41 43 
2
7148 20 12 0
7148 18 14 0
2
43 43 
1
7149 18 14 0
2
21 43 
2
7150 20 14 0
7150 18 14 0
2
43 43 
1
7151 18 14 0
2
41 43 
2
7152 20 12 0
7152 18 14 0
2
43 43 
1
7153 18 14 0
2
42 239 
2
7776 16 16 0
7776 16 20 0
2
43 129 
2
7154 18 14 0
7154 28 12 0
2
42 50 
2
7777 16 16 0
7777 4 12 0
2
42 45 
2
7778 16 16 0
7778 16 2 0
2
42 47 
2
7779 16 16 0
7779 26 12 0
2
42 49 
2
7780 16 16 0
7780 32 14 0
2
42 52 
2
7781 16 16 0
7781 18 4 0
2
42 53 
2
7782 16 16 0
7782 18 8 0
2
42 54 
2
7783 16 16 0
7783 24 6 0
2
42 55 
2
7784 16 16 0
7784 24 2 0
2
42 56 
2
7785 16 16 0
7785 32 18 0
2
42 57 
2
7786 16 16 0
7786 22 28 0
2
42 58 
2
7787 16 16 0
7787 10 10 0
2
42 59 
2
7788 16 16 0
7788 28 16 0
2
42 60 
2
7789 16 16 0
7789 16 8 0
2
42 61 
2
7790 16 16 0
7790 18 30 0
2
42 62 
2
7791 16 16 0
7791 20 24 0
2
42 63 
2
7792 16 16 0
7792 16 12 0
2
42 64 
2
7793 16 16 0
7793 16 6 0
2
42 65 
2
7794 16 16 0
7794 10 6 0
2
42 66 
2
7795 16 16 0
7795 18 22 0
2
42 67 
2
7796 16 16 0
7796 18 28 0
2
40 42 
2
7797 10 16 0
7797 16 16 0
2
41 43 
2
7155 20 12 0
7155 18 14 0
2
42 239 
2
7798 16 16 0
7798 16 20 0
2
43 128 
2
7156 18 14 0
7156 16 14 0
2
42 50 
2
7799 16 16 0
7799 4 12 0
2
42 45 
2
7800 16 16 0
7800 16 2 0
2
42 47 
2
7801 16 16 0
7801 26 12 0
2
42 49 
2
7802 16 16 0
7802 32 14 0
2
42 52 
2
7803 16 16 0
7803 18 4 0
2
42 53 
2
7804 16 16 0
7804 18 8 0
2
42 54 
2
7805 16 16 0
7805 24 6 0
2
42 55 
2
7806 16 16 0
7806 24 2 0
2
42 56 
2
7807 16 16 0
7807 32 18 0
2
42 57 
2
7808 16 16 0
7808 22 28 0
2
42 58 
2
7809 16 16 0
7809 10 10 0
2
42 59 
2
7810 16 16 0
7810 28 16 0
2
42 60 
2
7811 16 16 0
7811 16 8 0
2
42 61 
2
7812 16 16 0
7812 18 30 0
2
42 62 
2
7813 16 16 0
7813 20 24 0
2
42 63 
2
7814 16 16 0
7814 16 12 0
2
42 64 
2
7815 16 16 0
7815 16 6 0
2
42 65 
2
7816 16 16 0
7816 10 6 0
2
42 66 
2
7817 16 16 0
7817 18 22 0
2
42 67 
2
7818 16 16 0
7818 18 28 0
2
20 40 
2
7798 14 16 0
7798 10 16 0
2
21 41 
2
7156 20 14 0
7156 20 12 0
2
18 38 
2
7750 4 18 0
7750 4 16 0
2
19 39 
2
7147 20 8 0
7147 22 8 0
2
36 38 
2
7751 4 22 0
7751 4 16 0
2
37 39 
2
7148 24 4 0
7148 22 8 0
2
40 40 
1
7799 10 16 0
2
38 40 
2
7800 4 16 0
7800 10 16 0
2
40 40 
1
7801 10 16 0
2
18 40 
2
7802 4 18 0
7802 10 16 0
2
40 40 
1
7803 10 16 0
2
38 40 
2
7804 4 16 0
7804 10 16 0
2
40 40 
1
7805 10 16 0
2
41 41 
1
7157 20 12 0
2
39 41 
2
7158 22 8 0
7158 20 12 0
2
41 41 
1
7159 20 12 0
2
19 41 
2
7160 20 8 0
7160 20 12 0
2
41 41 
1
7161 20 12 0
2
39 41 
2
7162 22 8 0
7162 20 12 0
2
41 41 
1
7163 20 12 0
2
42 42 
1
7819 16 16 0
2
40 42 
2
7820 10 16 0
7820 16 16 0
2
42 42 
1
7821 16 16 0
2
20 42 
2
7822 14 16 0
7822 16 16 0
2
42 42 
1
7823 16 16 0
2
40 42 
2
7824 10 16 0
7824 16 16 0
2
42 42 
1
7825 16 16 0
2
43 43 
1
7157 18 14 0
2
41 43 
2
7164 20 12 0
7164 18 14 0
2
43 43 
1
7165 18 14 0
2
21 43 
2
7166 20 14 0
7166 18 14 0
2
43 43 
1
7167 18 14 0
2
41 43 
2
7168 20 12 0
7168 18 14 0
2
43 43 
1
7169 18 14 0
2
42 66 
2
7826 16 16 0
7826 18 22 0
2
43 128 
2
7170 18 14 0
7170 16 14 0
2
42 67 
2
7827 16 16 0
7827 18 28 0
2
43 129 
2
7171 18 14 0
7171 28 12 0
2
42 68 
2
7828 16 16 0
7828 18 12 0
2
40 42 
2
7829 10 16 0
7829 16 16 0
2
41 43 
2
7172 20 12 0
7172 18 14 0
2
42 66 
2
7830 16 16 0
7830 18 22 0
2
43 131 
2
7173 18 14 0
7173 28 14 0
2
42 67 
2
7831 16 16 0
7831 18 28 0
2
42 68 
2
7832 16 16 0
7832 18 12 0
2
20 40 
2
7830 14 16 0
7830 10 16 0
2
21 41 
2
7173 20 14 0
7173 20 12 0
2
38 40 
2
7831 4 16 0
7831 10 16 0
2
39 41 
2
7174 22 8 0
7174 20 12 0
2
42 42 
1
7833 16 16 0
2
40 42 
2
7834 10 16 0
7834 16 16 0
2
42 42 
1
7835 16 16 0
2
20 42 
2
7836 14 16 0
7836 16 16 0
2
42 42 
1
7837 16 16 0
2
40 42 
2
7838 10 16 0
7838 16 16 0
2
42 42 
1
7839 16 16 0
2
43 43 
1
7174 18 14 0
2
41 43 
2
7175 20 12 0
7175 18 14 0
2
43 43 
1
7176 18 14 0
2
21 43 
2
7177 20 14 0
7177 18 14 0
2
43 43 
1
7178 18 14 0
2
41 43 
2
7179 20 12 0
7179 18 14 0
2
43 43 
1
7180 18 14 0
2
42 67 
2
7840 16 16 0
7840 18 28 0
2
43 130 
2
7181 18 14 0
7181 22 6 0
2
42 68 
2
7841 16 16 0
7841 18 12 0
2
42 86 
2
7842 16 16 0
7842 6 10 0
2
40 42 
2
7843 10 16 0
7843 16 16 0
2
41 43 
2
7182 20 12 0
7182 18 14 0
2
42 67 
2
7844 16 16 0
7844 18 28 0
2
43 130 
2
7183 18 14 0
7183 22 6 0
2
42 68 
2
7845 16 16 0
7845 18 12 0
2
43 131 
2
7184 18 14 0
7184 28 14 0
2
42 86 
2
7846 16 16 0
7846 6 10 0
2
20 40 
2
7844 14 16 0
7844 10 16 0
2
21 41 
2
7183 20 14 0
7183 20 12 0
2
18 38 
2
7832 4 18 0
7832 4 16 0
2
19 39 
2
7175 20 8 0
7175 22 8 0
2
16 36 
2
7752 4 24 0
7752 4 22 0
2
17 37 
2
7149 26 4 0
7149 24 4 0
2
14 34 
2
7622 4 26 0
7622 2 24 0
2
15 35 
2
7098 26 2 0
7098 28 2 0
2
32 34 
2
7623 2 28 0
7623 2 24 0
2
33 35 
2
7099 32 2 0
7099 28 2 0
2
36 36 
1
7753 4 22 0
2
34 36 
2
7754 2 24 0
7754 4 22 0
2
36 36 
1
7755 4 22 0
2
14 36 
2
7756 4 26 0
7756 4 22 0
2
36 36 
1
7757 4 22 0
2
34 36 
2
7758 2 24 0
7758 4 22 0
2
36 36 
1
7759 4 22 0
2
37 37 
1
7150 24 4 0
2
35 37 
2
7151 28 2 0
7151 24 4 0
2
37 37 
1
7152 24 4 0
2
15 37 
2
7153 26 2 0
7153 24 4 0
2
37 37 
1
7154 24 4 0
2
35 37 
2
7155 28 2 0
7155 24 4 0
2
37 37 
1
7156 24 4 0
2
38 38 
1
7833 4 16 0
2
36 38 
2
7834 4 22 0
7834 4 16 0
2
38 38 
1
7835 4 16 0
2
16 38 
2
7836 4 24 0
7836 4 16 0
2
38 38 
1
7837 4 16 0
2
36 38 
2
7838 4 22 0
7838 4 16 0
2
38 38 
1
7839 4 16 0
2
39 39 
1
7176 22 8 0
2
37 39 
2
7177 24 4 0
7177 22 8 0
2
39 39 
1
7178 22 8 0
2
17 39 
2
7179 26 4 0
7179 22 8 0
2
39 39 
1
7180 22 8 0
2
37 39 
2
7181 24 4 0
7181 22 8 0
2
39 39 
1
7182 22 8 0
2
40 40 
1
7845 10 16 0
2
38 40 
2
7846 4 16 0
7846 10 16 0
2
40 40 
1
7847 10 16 0
2
18 40 
2
7848 4 18 0
7848 10 16 0
2
40 40 
1
7849 10 16 0
2
38 40 
2
7850 4 16 0
7850 10 16 0
2
40 40 
1
7851 10 16 0
2
41 41 
1
7184 20 12 0
2
39 41 
2
7185 22 8 0
7185 20 12 0
2
41 41 
1
7186 20 12 0
2
19 41 
2
7187 20 8 0
7187 20 12 0
2
41 41 
1
7188 20 12 0
2
39 41 
2
7189 22 8 0
7189 20 12 0
2
41 41 
1
7190 20 12 0
2
42 42 
1
7847 16 16 0
2
40 42 
2
7852 10 16 0
7852 16 16 0
2
42 42 
1
7853 16 16 0
2
20 42 
2
7854 14 16 0
7854 16 16 0
2
42 42 
1
7855 16 16 0
2
40 42 
2
7856 10 16 0
7856 16 16 0
2
42 42 
1
7857 16 16 0
2
43 43 
1
7185 18 14 0
2
41 43 
2
7191 20 12 0
7191 18 14 0
2
43 43 
1
7192 18 14 0
2
21 43 
2
7193 20 14 0
7193 18 14 0
2
43 43 
1
7194 18 14 0
2
41 43 
2
7195 20 12 0
7195 18 14 0
2
43 43 
1
7196 18 14 0
2
42 66 
2
7858 16 16 0
7858 18 22 0
2
43 150 
2
7197 18 14 0
7197 24 8 0
2
42 67 
2
7859 16 16 0
7859 18 28 0
2
42 68 
2
7860 16 16 0
7860 18 12 0
2
42 86 
2
7861 16 16 0
7861 6 10 0
2
42 87 
2
7862 16 16 0
7862 22 14 0
2
42 89 
2
7863 16 16 0
7863 24 14 0
2
42 90 
2
7864 16 16 0
7864 20 10 0
2
42 91 
2
7865 16 16 0
7865 28 8 0
2
42 92 
2
7866 16 16 0
7866 32 12 0
2
42 93 
2
7867 16 16 0
7867 20 2 0
2
42 94 
2
7868 16 16 0
7868 8 6 0
2
42 95 
2
7869 16 16 0
7869 6 12 0
2
42 96 
2
7870 16 16 0
7870 16 4 0
2
42 97 
2
7871 16 16 0
7871 12 14 0
2
42 98 
2
7872 16 16 0
7872 22 16 0
2
42 99 
2
7873 16 16 0
7873 18 24 0
2
42 100 
2
7874 16 16 0
7874 12 10 0
2
42 101 
2
7875 16 16 0
7875 18 18 0
2
42 102 
2
7876 16 16 0
7876 14 8 0
2
42 103 
2
7877 16 16 0
7877 14 6 0
2
42 104 
2
7878 16 16 0
7878 22 26 0
2
40 42 
2
7879 10 16 0
7879 16 16 0
2
41 43 
2
7198 20 12 0
7198 18 14 0
2
42 66 
2
7880 16 16 0
7880 18 22 0
2
43 149 
2
7199 18 14 0
7199 20 6 0
2
42 67 
2
7881 16 16 0
7881 18 28 0
2
42 68 
2
7882 16 16 0
7882 18 12 0
2
42 86 
2
7883 16 16 0
7883 6 10 0
2
42 87 
2
7884 16 16 0
7884 22 14 0
2
42 89 
2
7885 16 16 0
7885 24 14 0
2
42 90 
2
7886 16 16 0
7886 20 10 0
2
42 91 
2
7887 16 16 0
7887 28 8 0
2
42 92 
2
7888 16 16 0
7888 32 12 0
2
42 93 
2
7889 16 16 0
7889 20 2 0
2
42 94 
2
7890 16 16 0
7890 8 6 0
2
42 95 
2
7891 16 16 0
7891 6 12 0
2
42 96 
2
7892 16 16 0
7892 16 4 0
2
42 97 
2
7893 16 16 0
7893 12 14 0
2
42 98 
2
7894 16 16 0
7894 22 16 0
2
42 99 
2
7895 16 16 0
7895 18 24 0
2
42 100 
2
7896 16 16 0
7896 12 10 0
2
42 101 
2
7897 16 16 0
7897 18 18 0
2
42 102 
2
7898 16 16 0
7898 14 8 0
2
42 103 
2
7899 16 16 0
7899 14 6 0
2
42 104 
2
7900 16 16 0
7900 22 26 0
2
20 40 
2
7880 14 16 0
7880 10 16 0
2
21 41 
2
7199 20 14 0
7199 20 12 0
2
38 40 
2
7881 4 16 0
7881 10 16 0
2
39 41 
2
7200 22 8 0
7200 20 12 0
2
42 42 
1
7901 16 16 0
2
40 42 
2
7902 10 16 0
7902 16 16 0
2
42 42 
1
7903 16 16 0
2
20 42 
2
7904 14 16 0
7904 16 16 0
2
42 42 
1
7905 16 16 0
2
40 42 
2
7906 10 16 0
7906 16 16 0
2
42 42 
1
7907 16 16 0
2
43 43 
1
7200 18 14 0
2
41 43 
2
7201 20 12 0
7201 18 14 0
2
43 43 
1
7202 18 14 0
2
21 43 
2
7203 20 14 0
7203 18 14 0
2
43 43 
1
7204 18 14 0
2
41 43 
2
7205 20 12 0
7205 18 14 0
2
43 43 
1
7206 18 14 0
2
42 67 
2
7908 16 16 0
7908 18 28 0
2
43 149 
2
7207 18 14 0
7207 20 6 0
2
42 68 
2
7909 16 16 0
7909 18 12 0
2
43 150 
2
7208 18 14 0
7208 24 8 0
2
42 86 
2
7910 16 16 0
7910 6 10 0
2
42 87 
2
7911 16 16 0
7911 22 14 0
2
42 89 
2
7912 16 16 0
7912 24 14 0
2
42 90 
2
7913 16 16 0
7913 20 10 0
2
42 91 
2
7914 16 16 0
7914 28 8 0
2
42 92 
2
7915 16 16 0
7915 32 12 0
2
42 93 
2
7916 16 16 0
7916 20 2 0
2
42 94 
2
7917 16 16 0
7917 8 6 0
2
42 95 
2
7918 16 16 0
7918 6 12 0
2
42 96 
2
7919 16 16 0
7919 16 4 0
2
42 97 
2
7920 16 16 0
7920 12 14 0
2
42 98 
2
7921 16 16 0
7921 22 16 0
2
42 99 
2
7922 16 16 0
7922 18 24 0
2
42 100 
2
7923 16 16 0
7923 12 10 0
2
42 101 
2
7924 16 16 0
7924 18 18 0
2
42 102 
2
7925 16 16 0
7925 14 8 0
2
42 103 
2
7926 16 16 0
7926 14 6 0
2
42 104 
2
7927 16 16 0
7927 22 26 0
2
42 105 
2
7928 16 16 0
7928 20 16 0
2
40 42 
2
7929 10 16 0
7929 16 16 0
2
41 43 
2
7209 20 12 0
7209 18 14 0
2
42 67 
2
7930 16 16 0
7930 18 28 0
2
43 152 
2
7210 18 14 0
7210 22 30 0
2
42 68 
2
7931 16 16 0
7931 18 12 0
2
42 86 
2
7932 16 16 0
7932 6 10 0
2
42 87 
2
7933 16 16 0
7933 22 14 0
2
42 89 
2
7934 16 16 0
7934 24 14 0
2
42 90 
2
7935 16 16 0
7935 20 10 0
2
42 91 
2
7936 16 16 0
7936 28 8 0
2
42 92 
2
7937 16 16 0
7937 32 12 0
2
42 93 
2
7938 16 16 0
7938 20 2 0
2
42 94 
2
7939 16 16 0
7939 8 6 0
2
42 95 
2
7940 16 16 0
7940 6 12 0
2
42 96 
2
7941 16 16 0
7941 16 4 0
2
42 97 
2
7942 16 16 0
7942 12 14 0
2
42 98 
2
7943 16 16 0
7943 22 16 0
2
42 99 
2
7944 16 16 0
7944 18 24 0
2
42 100 
2
7945 16 16 0
7945 12 10 0
2
42 101 
2
7946 16 16 0
7946 18 18 0
2
42 102 
2
7947 16 16 0
7947 14 8 0
2
42 103 
2
7948 16 16 0
7948 14 6 0
2
42 104 
2
7949 16 16 0
7949 22 26 0
2
42 105 
2
7950 16 16 0
7950 20 16 0
2
20 40 
2
7930 14 16 0
7930 10 16 0
2
21 41 
2
7210 20 14 0
7210 20 12 0
2
18 38 
2
7882 4 18 0
7882 4 16 0
2
19 39 
2
7201 20 8 0
7201 22 8 0
2
36 38 
2
7883 4 22 0
7883 4 16 0
2
37 39 
2
7202 24 4 0
7202 22 8 0
2
40 40 
1
7931 10 16 0
2
38 40 
2
7932 4 16 0
7932 10 16 0
2
40 40 
1
7933 10 16 0
2
18 40 
2
7934 4 18 0
7934 10 16 0
2
40 40 
1
7935 10 16 0
2
38 40 
2
7936 4 16 0
7936 10 16 0
2
40 40 
1
7937 10 16 0
2
41 41 
1
7211 20 12 0
2
39 41 
2
7212 22 8 0
7212 20 12 0
2
41 41 
1
7213 20 12 0
2
19 41 
2
7214 20 8 0
7214 20 12 0
2
41 41 
1
7215 20 12 0
2
39 41 
2
7216 22 8 0
7216 20 12 0
2
41 41 
1
7217 20 12 0
2
42 42 
1
7951 16 16 0
2
40 42 
2
7952 10 16 0
7952 16 16 0
2
42 42 
1
7953 16 16 0
2
20 42 
2
7954 14 16 0
7954 16 16 0
2
42 42 
1
7955 16 16 0
2
40 42 
2
7956 10 16 0
7956 16 16 0
2
42 42 
1
7957 16 16 0
2
43 43 
1
7211 18 14 0
2
41 43 
2
7218 20 12 0
7218 18 14 0
2
43 43 
1
7219 18 14 0
2
21 43 
2
7220 20 14 0
7220 18 14 0
2
43 43 
1
7221 18 14 0
2
41 43 
2
7222 20 12 0
7222 18 14 0
2
43 43 
1
7223 18 14 0
2
42 104 
2
7958 16 16 0
7958 22 26 0
2
43 151 
2
7224 18 14 0
7224 22 2 0
2
42 105 
2
7959 16 16 0
7959 20 16 0
2
42 106 
2
7960 16 16 0
7960 24 20 0
2
40 42 
2
7961 10 16 0
7961 16 16 0
2
41 43 
2
7225 20 12 0
7225 18 14 0
2
42 104 
2
7962 16 16 0
7962 22 26 0
2
43 151 
2
7226 18 14 0
7226 22 2 0
2
42 105 
2
7963 16 16 0
7963 20 16 0
2
43 152 
2
7227 18 14 0
7227 22 30 0
2
42 106 
2
7964 16 16 0
7964 24 20 0
2
20 40 
2
7962 14 16 0
7962 10 16 0
2
21 41 
2
7226 20 14 0
7226 20 12 0
2
38 40 
2
7963 4 16 0
7963 10 16 0
2
39 41 
2
7227 22 8 0
7227 20 12 0
2
42 42 
1
7965 16 16 0
2
40 42 
2
7966 10 16 0
7966 16 16 0
2
42 42 
1
7967 16 16 0
2
20 42 
2
7968 14 16 0
7968 16 16 0
2
42 42 
1
7969 16 16 0
2
40 42 
2
7970 10 16 0
7970 16 16 0
2
42 42 
1
7971 16 16 0
2
43 43 
1
7228 18 14 0
2
41 43 
2
7229 20 12 0
7229 18 14 0
2
43 43 
1
7230 18 14 0
2
21 43 
2
7231 20 14 0
7231 18 14 0
2
43 43 
1
7232 18 14 0
2
41 43 
2
7233 20 12 0
7233 18 14 0
2
43 43 
1
7234 18 14 0
2
42 105 
2
7972 16 16 0
7972 20 16 0
2
43 154 
2
7235 18 14 0
7235 28 18 0
2
42 106 
2
7973 16 16 0
7973 24 20 0
2
42 107 
2
7974 16 16 0
7974 30 16 0
2
40 42 
2
7975 10 16 0
7975 16 16 0
2
41 43 
2
7236 20 12 0
7236 18 14 0
2
42 105 
2
7976 16 16 0
7976 20 16 0
2
43 153 
2
7237 18 14 0
7237 24 26 0
2
42 106 
2
7977 16 16 0
7977 24 20 0
2
42 107 
2
7978 16 16 0
7978 30 16 0
2
20 40 
2
7976 14 16 0
7976 10 16 0
2
21 41 
2
7237 20 14 0
7237 20 12 0
2
18 38 
2
7964 4 18 0
7964 4 16 0
2
19 39 
2
7228 20 8 0
7228 22 8 0
2
16 36 
2
7884 4 24 0
7884 4 22 0
2
17 37 
2
7203 26 4 0
7203 24 4 0
2
34 36 
2
7885 2 24 0
7885 4 22 0
2
35 37 
2
7204 28 2 0
7204 24 4 0
2
38 38 
1
7965 4 16 0
2
36 38 
2
7966 4 22 0
7966 4 16 0
2
38 38 
1
7967 4 16 0
2
16 38 
2
7968 4 24 0
7968 4 16 0
2
38 38 
1
7969 4 16 0
2
36 38 
2
7970 4 22 0
7970 4 16 0
2
38 38 
1
7971 4 16 0
2
39 39 
1
7229 22 8 0
2
37 39 
2
7230 24 4 0
7230 22 8 0
2
39 39 
1
7231 22 8 0
2
17 39 
2
7232 26 4 0
7232 22 8 0
2
39 39 
1
7233 22 8 0
2
37 39 
2
7234 24 4 0
7234 22 8 0
2
39 39 
1
7235 22 8 0
2
40 40 
1
7977 10 16 0
2
38 40 
2
7978 4 16 0
7978 10 16 0
2
40 40 
1
7979 10 16 0
2
18 40 
2
7980 4 18 0
7980 10 16 0
2
40 40 
1
7981 10 16 0
2
38 40 
2
7982 4 16 0
7982 10 16 0
2
40 40 
1
7983 10 16 0
2
41 41 
1
7238 20 12 0
2
39 41 
2
7239 22 8 0
7239 20 12 0
2
41 41 
1
7240 20 12 0
2
19 41 
2
7241 20 8 0
7241 20 12 0
2
41 41 
1
7242 20 12 0
2
39 41 
2
7243 22 8 0
7243 20 12 0
2
41 41 
1
7244 20 12 0
2
42 42 
1
7979 16 16 0
2
40 42 
2
7984 10 16 0
7984 16 16 0
2
42 42 
1
7985 16 16 0
2
20 42 
2
7986 14 16 0
7986 16 16 0
2
42 42 
1
7987 16 16 0
2
40 42 
2
7988 10 16 0
7988 16 16 0
2
42 42 
1
7989 16 16 0
2
43 43 
1
7238 18 14 0
2
41 43 
2
7245 20 12 0
7245 18 14 0
2
43 43 
1
7246 18 14 0
2
21 43 
2
7247 20 14 0
7247 18 14 0
2
43 43 
1
7248 18 14 0
2
41 43 
2
7249 20 12 0
7249 18 14 0
2
43 43 
1
7250 18 14 0
2
42 104 
2
7990 16 16 0
7990 22 26 0
2
43 153 
2
7251 18 14 0
7251 24 26 0
2
42 105 
2
7991 16 16 0
7991 20 16 0
2
43 154 
2
7252 18 14 0
7252 28 18 0
2
42 106 
2
7992 16 16 0
7992 24 20 0
2
42 107 
2
7993 16 16 0
7993 30 16 0
2
42 108 
2
7994 16 16 0
7994 28 10 0
2
42 109 
2
7995 16 16 0
7995 26 10 0
2
42 111 
2
7996 16 16 0
7996 18 6 0
2
42 112 
2
7997 16 16 0
7997 30 14 0
2
42 113 
2
7998 16 16 0
7998 22 4 0
2
42 114 
2
7999 16 16 0
7999 30 10 0
2
42 115 
2
8000 16 16 0
8000 2 10 0
2
42 116 
2
8001 16 16 0
8001 8 8 0
2
42 117 
2
8002 16 16 0
8002 12 8 0
2
42 118 
2
8003 16 16 0
8003 12 12 0
2
42 119 
2
8004 16 16 0
8004 22 18 0
2
42 120 
2
8005 16 16 0
8005 28 20 0
2
42 121 
2
8006 16 16 0
8006 8 14 0
2
42 122 
2
8007 16 16 0
8007 12 6 0
2
42 123 
2
8008 16 16 0
8008 22 20 0
2
42 124 
2
8009 16 16 0
8009 20 26 0
2
42 125 
2
8010 16 16 0
8010 12 16 0
2
40 42 
2
8011 10 16 0
8011 16 16 0
2
41 43 
2
7253 20 12 0
7253 18 14 0
2
42 104 
2
8012 16 16 0
8012 22 26 0
2
43 156 
2
7254 18 14 0
7254 26 18 0
2
42 105 
2
8013 16 16 0
8013 20 16 0
2
42 106 
2
8014 16 16 0
8014 24 20 0
2
42 107 
2
8015 16 16 0
8015 30 16 0
2
42 108 
2
8016 16 16 0
8016 28 10 0
2
42 109 
2
8017 16 16 0
8017 26 10 0
2
42 111 
2
8018 16 16 0
8018 18 6 0
2
42 112 
2
8019 16 16 0
8019 30 14 0
2
42 113 
2
8020 16 16 0
8020 22 4 0
2
42 114 
2
8021 16 16 0
8021 30 10 0
2
42 115 
2
8022 16 16 0
8022 2 10 0
2
42 116 
2
8023 16 16 0
8023 8 8 0
2
42 117 
2
8024 16 16 0
8024 12 8 0
2
42 118 
2
8025 16 16 0
8025 12 12 0
2
42 119 
2
8026 16 16 0
8026 22 18 0
2
42 120 
2
8027 16 16 0
8027 28 20 0
2
42 121 
2
8028 16 16 0
8028 8 14 0
2
42 122 
2
8029 16 16 0
8029 12 6 0
2
42 123 
2
8030 16 16 0
8030 22 20 0
2
42 124 
2
8031 16 16 0
8031 20 26 0
2
42 125 
2
8032 16 16 0
8032 12 16 0
2
20 40 
2
8012 14 16 0
8012 10 16 0
2
21 41 
2
7254 20 14 0
7254 20 12 0
2
38 40 
2
8013 4 16 0
8013 10 16 0
2
39 41 
2
7255 22 8 0
7255 20 12 0
2
42 42 
1
8033 16 16 0
2
40 42 
2
8034 10 16 0
8034 16 16 0
2
42 42 
1
8035 16 16 0
2
20 42 
2
8036 14 16 0
8036 16 16 0
2
42 42 
1
8037 16 16 0
2
40 42 
2
8038 10 16 0
8038 16 16 0
2
42 42 
1
8039 16 16 0
2
43 43 
1
7255 18 14 0
2
41 43 
2
7256 20 12 0
7256 18 14 0
2
43 43 
1
7257 18 14 0
2
21 43 
2
7258 20 14 0
7258 18 14 0
2
43 43 
1
7259 18 14 0
2
41 43 
2
7260 20 12 0
7260 18 14 0
2
43 43 
1
7261 18 14 0
2
42 105 
2
8040 16 16 0
8040 20 16 0
2
43 155 
2
7262 18 14 0
7262 22 22 0
2
42 106 
2
8041 16 16 0
8041 24 20 0
2
42 107 
2
8042 16 16 0
8042 30 16 0
2
42 108 
2
8043 16 16 0
8043 28 10 0
2
42 109 
2
8044 16 16 0
8044 26 10 0
2
42 111 
2
8045 16 16 0
8045 18 6 0
2
42 112 
2
8046 16 16 0
8046 30 14 0
2
42 113 
2
8047 16 16 0
8047 22 4 0
2
42 114 
2
8048 16 16 0
8048 30 10 0
2
42 115 
2
8049 16 16 0
8049 2 10 0
2
42 116 
2
8050 16 16 0
8050 8 8 0
2
42 117 
2
8051 16 16 0
8051 12 8 0
2
42 118 
2
8052 16 16 0
8052 12 12 0
2
42 119 
2
8053 16 16 0
8053 22 18 0
2
42 120 
2
8054 16 16 0
8054 28 20 0
2
42 121 
2
8055 16 16 0
8055 8 14 0
2
42 122 
2
8056 16 16 0
8056 12 6 0
2
42 123 
2
8057 16 16 0
8057 22 20 0
2
42 124 
2
8058 16 16 0
8058 20 26 0
2
42 125 
2
8059 16 16 0
8059 12 16 0
2
42 126 
2
8060 16 16 0
8060 16 10 0
2
40 42 
2
8061 10 16 0
8061 16 16 0
2
41 43 
2
7263 20 12 0
7263 18 14 0
2
42 105 
2
8062 16 16 0
8062 20 16 0
2
43 155 
2
7264 18 14 0
7264 22 22 0
2
42 106 
2
8063 16 16 0
8063 24 20 0
2
43 156 
2
7265 18 14 0
7265 26 18 0
2
42 107 
2
8064 16 16 0
8064 30 16 0
2
42 108 
2
8065 16 16 0
8065 28 10 0
2
42 109 
2
8066 16 16 0
8066 26 10 0
2
42 111 
2
8067 16 16 0
8067 18 6 0
2
42 112 
2
8068 16 16 0
8068 30 14 0
2
42 113 
2
8069 16 16 0
8069 22 4 0
2
42 114 
2
8070 16 16 0
8070 30 10 0
2
42 115 
2
8071 16 16 0
8071 2 10 0
2
42 116 
2
8072 16 16 0
8072 8 8 0
2
42 117 
2
8073 16 16 0
8073 12 8 0
2
42 118 
2
8074 16 16 0
8074 12 12 0
2
42 119 
2
8075 16 16 0
8075 22 18 0
2
42 120 
2
8076 16 16 0
8076 28 20 0
2
42 121 
2
8077 16 16 0
8077 8 14 0
2
42 122 
2
8078 16 16 0
8078 12 6 0
2
42 123 
2
8079 16 16 0
8079 22 20 0
2
42 124 
2
8080 16 16 0
8080 20 26 0
2
42 125 
2
8081 16 16 0
8081 12 16 0
2
42 126 
2
8082 16 16 0
8082 16 10 0
2
20 40 
2
8062 14 16 0
8062 10 16 0
2
21 41 
2
7264 20 14 0
7264 20 12 0
2
18 38 
2
8014 4 18 0
8014 4 16 0
2
19 39 
2
7256 20 8 0
7256 22 8 0
2
36 38 
2
8015 4 22 0
8015 4 16 0
2
37 39 
2
7257 24 4 0
7257 22 8 0
2
40 40 
1
8063 10 16 0
2
38 40 
2
8064 4 16 0
8064 10 16 0
2
40 40 
1
8065 10 16 0
2
18 40 
2
8066 4 18 0
8066 10 16 0
2
40 40 
1
8067 10 16 0
2
38 40 
2
8068 4 16 0
8068 10 16 0
2
40 40 
1
8069 10 16 0
2
41 41 
1
7265 20 12 0
2
39 41 
2
7266 22 8 0
7266 20 12 0
2
41 41 
1
7267 20 12 0
2
19 41 
2
7268 20 8 0
7268 20 12 0
2
41 41 
1
7269 20 12 0
2
39 41 
2
7270 22 8 0
7270 20 12 0
2
41 41 
1
7271 20 12 0
2
42 42 
1
8083 16 16 0
2
40 42 
2
8084 10 16 0
8084 16 16 0
2
42 42 
1
8085 16 16 0
2
20 42 
2
8086 14 16 0
8086 16 16 0
2
42 42 
1
8087 16 16 0
2
40 42 
2
8088 10 16 0
8088 16 16 0
2
42 42 
1
8089 16 16 0
2
43 43 
1
7266 18 14 0
2
41 43 
2
7272 20 12 0
7272 18 14 0
2
43 43 
1
7273 18 14 0
2
21 43 
2
7274 20 14 0
7274 18 14 0
2
43 43 
1
7275 18 14 0
2
41 43 
2
7276 20 12 0
7276 18 14 0
2
43 43 
1
7277 18 14 0
2
42 125 
2
8090 16 16 0
8090 12 16 0
2
43 158 
2
7278 18 14 0
7278 4 14 0
2
42 126 
2
8091 16 16 0
8091 16 10 0
2
42 128 
2
8092 16 16 0
8092 16 14 0
2
40 42 
2
8093 10 16 0
8093 16 16 0
2
41 43 
2
7279 20 12 0
7279 18 14 0
2
42 125 
2
8094 16 16 0
8094 12 16 0
2
43 157 
2
7280 18 14 0
7280 24 16 0
2
42 126 
2
8095 16 16 0
8095 16 10 0
2
42 128 
2
8096 16 16 0
8096 16 14 0
2
20 40 
2
8094 14 16 0
8094 10 16 0
2
21 41 
2
7280 20 14 0
7280 20 12 0
2
38 40 
2
8095 4 16 0
8095 10 16 0
2
39 41 
2
7281 22 8 0
7281 20 12 0
2
42 42 
1
8097 16 16 0
2
40 42 
2
8098 10 16 0
8098 16 16 0
2
42 42 
1
8099 16 16 0
2
20 42 
2
8100 14 16 0
8100 16 16 0
2
42 42 
1
8101 16 16 0
2
40 42 
2
8102 10 16 0
8102 16 16 0
2
42 42 
1
8103 16 16 0
2
43 43 
1
7281 18 14 0
2
41 43 
2
7282 20 12 0
7282 18 14 0
2
43 43 
1
7283 18 14 0
2
21 43 
2
7284 20 14 0
7284 18 14 0
2
43 43 
1
7285 18 14 0
2
41 43 
2
7286 20 12 0
7286 18 14 0
2
43 43 
1
7287 18 14 0
2
42 126 
2
8104 16 16 0
8104 16 10 0
2
43 157 
2
7288 18 14 0
7288 24 16 0
2
42 128 
2
8105 16 16 0
8105 16 14 0
2
43 158 
2
7289 18 14 0
7289 4 14 0
2
42 129 
2
8106 16 16 0
8106 28 12 0
2
40 42 
2
8107 10 16 0
8107 16 16 0
2
41 43 
2
7290 20 12 0
7290 18 14 0
2
42 126 
2
8108 16 16 0
8108 16 10 0
2
43 160 
2
7291 18 14 0
7291 10 14 0
2
42 128 
2
8109 16 16 0
8109 16 14 0
2
42 129 
2
8110 16 16 0
8110 28 12 0
2
20 40 
2
8108 14 16 0
8108 10 16 0
2
21 41 
2
7291 20 14 0
7291 20 12 0
2
18 38 
2
8096 4 18 0
8096 4 16 0
2
19 39 
2
7282 20 8 0
7282 22 8 0
2
16 36 
2
8016 4 24 0
8016 4 22 0
2
17 37 
2
7258 26 4 0
7258 24 4 0
2
14 34 
2
7886 4 26 0
7886 2 24 0
2
15 35 
2
7205 26 2 0
7205 28 2 0
2
12 32 
2
7624 2 26 0
7624 2 28 0
2
13 33 
2
7100 30 2 0
7100 32 2 0
2
30 32 
2
7625 4 28 0
7625 2 28 0
2
31 33 
2
7101 32 6 0
7101 32 2 0
2
34 34 
1
7887 2 24 0
2
32 34 
2
7888 2 28 0
7888 2 24 0
2
34 34 
1
7889 2 24 0
2
12 34 
2
7890 2 26 0
7890 2 24 0
2
34 34 
1
7891 2 24 0
2
32 34 
2
7892 2 28 0
7892 2 24 0
2
34 34 
1
7893 2 24 0
2
35 35 
1
7206 28 2 0
2
33 35 
2
7207 32 2 0
7207 28 2 0
2
35 35 
1
7208 28 2 0
2
13 35 
2
7209 30 2 0
7209 28 2 0
2
35 35 
1
7210 28 2 0
2
33 35 
2
7211 32 2 0
7211 28 2 0
2
35 35 
1
7212 28 2 0
2
36 36 
1
8017 4 22 0
2
34 36 
2
8018 2 24 0
8018 4 22 0
2
36 36 
1
8019 4 22 0
2
14 36 
2
8020 4 26 0
8020 4 22 0
2
36 36 
1
8021 4 22 0
2
34 36 
2
8022 2 24 0
8022 4 22 0
2
36 36 
1
8023 4 22 0
2
37 37 
1
7259 24 4 0
2
35 37 
2
7260 28 2 0
7260 24 4 0
2
37 37 
1
7261 24 4 0
2
15 37 
2
7262 26 2 0
7262 24 4 0
2
37 37 
1
7263 24 4 0
2
35 37 
2
7264 28 2 0
7264 24 4 0
2
37 37 
1
7265 24 4 0
2
38 38 
1
8097 4 16 0
2
36 38 
2
8098 4 22 0
8098 4 16 0
2
38 38 
1
8099 4 16 0
2
16 38 
2
8100 4 24 0
8100 4 16 0
2
38 38 
1
8101 4 16 0
2
36 38 
2
8102 4 22 0
8102 4 16 0
2
38 38 
1
8103 4 16 0
2
39 39 
1
7283 22 8 0
2
37 39 
2
7284 24 4 0
7284 22 8 0
2
39 39 
1
7285 22 8 0
2
17 39 
2
7286 26 4 0
7286 22 8 0
2
39 39 
1
7287 22 8 0
2
37 39 
2
7288 24 4 0
7288 22 8 0
2
39 39 
1
7289 22 8 0
2
40 40 
1
8109 10 16 0
2
38 40 
2
8110 4 16 0
8110 10 16 0
2
40 40 
1
8111 10 16 0
2
18 40 
2
8112 4 18 0
8112 10 16 0
2
40 40 
1
8113 10 16 0
2
38 40 
2
8114 4 16 0
8114 10 16 0
2
40 40 
1
8115 10 16 0
2
41 41 
1
7292 20 12 0
2
39 41 
2
7293 22 8 0
7293 20 12 0
2
41 41 
1
7294 20 12 0
2
19 41 
2
7295 20 8 0
7295 20 12 0
2
41 41 
1
7296 20 12 0
2
39 41 
2
7297 22 8 0
7297 20 12 0
2
41 41 
1
7298 20 12 0
2
42 42 
1
8111 16 16 0
2
40 42 
2
8116 10 16 0
8116 16 16 0
2
42 42 
1
8117 16 16 0
2
20 42 
2
8118 14 16 0
8118 16 16 0
2
42 42 
1
8119 16 16 0
2
40 42 
2
8120 10 16 0
8120 16 16 0
2
42 42 
1
8121 16 16 0
2
43 43 
1
7292 18 14 0
2
41 43 
2
7299 20 12 0
7299 18 14 0
2
43 43 
1
7300 18 14 0
2
21 43 
2
7301 20 14 0
7301 18 14 0
2
43 43 
1
7302 18 14 0
2
41 43 
2
7303 20 12 0
7303 18 14 0
2
43 43 
1
7304 18 14 0
2
42 125 
2
8122 16 16 0
8122 12 16 0
2
43 159 
2
7305 18 14 0
7305 14 4 0
2
42 126 
2
8123 16 16 0
8123 16 10 0
2
42 128 
2
8124 16 16 0
8124 16 14 0
2
42 129 
2
8125 16 16 0
8125 28 12 0
2
42 130 
2
8126 16 16 0
8126 22 6 0
2
42 131 
2
8127 16 16 0
8127 28 14 0
2
42 149 
2
8128 16 16 0
8128 20 6 0
2
42 150 
2
8129 16 16 0
8129 24 8 0
2
42 151 
2
8130 16 16 0
8130 22 2 0
2
42 152 
2
8131 16 16 0
8131 22 30 0
2
42 153 
2
8132 16 16 0
8132 24 26 0
2
42 154 
2
8133 16 16 0
8133 28 18 0
2
42 155 
2
8134 16 16 0
8134 22 22 0
2
42 156 
2
8135 16 16 0
8135 26 18 0
2
42 157 
2
8136 16 16 0
8136 24 16 0
2
42 158 
2
8137 16 16 0
8137 4 14 0
2
42 159 
2
8138 16 16 0
8138 14 4 0
2
42 160 
2
8139 16 16 0
8139 10 14 0
2
42 161 
2
8140 16 16 0
8140 14 2 0
2
42 162 
2
8141 16 16 0
8141 30 18 0
2
42 163 
2
8142 16 16 0
8142 24 22 0
2
40 42 
2
8143 10 16 0
8143 16 16 0
2
41 43 
2
7306 20 12 0
7306 18 14 0
2
42 125 
2
8144 16 16 0
8144 12 16 0
2
43 159 
2
8139 18 14 0
8139 14 4 0
2
42 126 
2
8145 16 16 0
8145 16 10 0
2
43 160 
2
8140 18 14 0
8140 10 14 0
2
42 128 
2
8146 16 16 0
8146 16 14 0
2
42 129 
2
8147 16 16 0
8147 28 12 0
2
42 130 
2
8148 16 16 0
8148 22 6 0
2
42 131 
2
8149 16 16 0
8149 28 14 0
2
42 149 
2
8150 16 16 0
8150 20 6 0
2
42 150 
2
8151 16 16 0
8151 24 8 0
2
42 151 
2
8152 16 16 0
8152 22 2 0
2
42 152 
2
8153 16 16 0
8153 22 30 0
2
42 153 
2
8154 16 16 0
8154 24 26 0
2
42 154 
2
8155 16 16 0
8155 28 18 0
2
42 155 
2
8156 16 16 0
8156 22 22 0
2
42 156 
2
8157 16 16 0
8157 26 18 0
2
42 157 
2
8158 16 16 0
8158 24 16 0
2
42 158 
2
8159 16 16 0
8159 4 14 0
2
42 159 
2
8160 16 16 0
8160 14 4 0
2
42 160 
2
8161 16 16 0
8161 10 14 0
2
42 161 
2
8162 16 16 0
8162 14 2 0
2
42 162 
2
8163 16 16 0
8163 30 18 0
2
42 163 
2
8164 16 16 0
8164 24 22 0
2
20 40 
2
8144 14 16 0
8144 10 16 0
2
21 41 
2
7307 20 14 0
7307 20 12 0
2
38 40 
2
8145 4 16 0
8145 10 16 0
2
39 41 
2
7308 22 8 0
7308 20 12 0
2
42 42 
1
8165 16 16 0
2
40 42 
2
8166 10 16 0
8166 16 16 0
2
42 42 
1
8167 16 16 0
2
20 42 
2
8168 14 16 0
8168 16 16 0
2
42 42 
1
8169 16 16 0
2
40 42 
2
8170 10 16 0
8170 16 16 0
2
42 42 
1
8171 16 16 0
2
43 43 
1
8141 18 14 0
2
41 43 
2
8142 20 12 0
8142 18 14 0
2
43 43 
1
8143 18 14 0
2
21 43 
2
8144 20 14 0
8144 18 14 0
2
43 43 
1
8145 18 14 0
2
41 43 
2
8146 20 12 0
8146 18 14 0
2
43 43 
1
8147 18 14 0
2
42 126 
2
8172 16 16 0
8172 16 10 0
2
43 162 
2
8164 18 14 0
8164 30 18 0
2
42 128 
2
8173 16 16 0
8173 16 14 0
2
42 129 
2
8174 16 16 0
8174 28 12 0
2
42 130 
2
8175 16 16 0
8175 22 6 0
2
42 131 
2
8176 16 16 0
8176 28 14 0
2
42 149 
2
8177 16 16 0
8177 20 6 0
2
42 150 
2
8178 16 16 0
8178 24 8 0
2
42 151 
2
8179 16 16 0
8179 22 2 0
2
42 152 
2
8180 16 16 0
8180 22 30 0
2
42 153 
2
8181 16 16 0
8181 24 26 0
2
42 154 
2
8182 16 16 0
8182 28 18 0
2
42 155 
2
8183 16 16 0
8183 22 22 0
2
42 156 
2
8184 16 16 0
8184 26 18 0
2
42 157 
2
8185 16 16 0
8185 24 16 0
2
42 158 
2
8186 16 16 0
8186 4 14 0
2
42 159 
2
8187 16 16 0
8187 14 4 0
2
42 160 
2
8188 16 16 0
8188 10 14 0
2
42 161 
2
8189 16 16 0
8189 14 2 0
2
42 162 
2
8190 16 16 0
8190 30 18 0
2
42 163 
2
8191 16 16 0
8191 24 22 0
2
42 164 
2
8192 16 16 0
8192 26 20 0
2
40 42 
2
8193 10 16 0
8193 16 16 0
2
41 43 
2
8165 20 12 0
8165 18 14 0
2
42 126 
2
8194 16 16 0
8194 16 10 0
2
43 161 
2
8190 18 14 0
8190 14 2 0
2
42 128 
2
8195 16 16 0
8195 16 14 0
2
42 129 
2
8196 16 16 0
8196 28 12 0
2
42 130 
2
8197 16 16 0
8197 22 6 0
2
42 131 
2
8198 16 16 0
8198 28 14 0
2
42 149 
2
8199 16 16 0
8199 20 6 0
2
42 150 
2
8200 16 16 0
8200 24 8 0
2
42 151 
2
8201 16 16 0
8201 22 2 0
2
42 152 
2
8202 16 16 0
8202 22 30 0
2
42 153 
2
8203 16 16 0
8203 24 26 0
2
42 154 
2
8204 16 16 0
8204 28 18 0
2
42 155 
2
8205 16 16 0
8205 22 22 0
2
42 156 
2
8206 16 16 0
8206 26 18 0
2
42 157 
2
8207 16 16 0
8207 24 16 0
2
42 158 
2
8208 16 16 0
8208 4 14 0
2
42 159 
2
8209 16 16 0
8209 14 4 0
2
42 160 
2
8210 16 16 0
8210 10 14 0
2
42 161 
2
8211 16 16 0
8211 14 2 0
2
42 162 
2
8212 16 16 0
8212 30 18 0
2
42 163 
2
8213 16 16 0
8213 24 22 0
2
42 164 
2
8214 16 16 0
8214 26 20 0
2
20 40 
2
8194 14 16 0
8194 10 16 0
2
21 41 
2
8166 20 14 0
8166 20 12 0
2
18 38 
2
8146 4 18 0
8146 4 16 0
2
19 39 
2
7309 20 8 0
7309 22 8 0
2
36 38 
2
8147 4 22 0
8147 4 16 0
2
37 39 
2
7310 24 4 0
7310 22 8 0
2
40 40 
1
8195 10 16 0
2
38 40 
2
8196 4 16 0
8196 10 16 0
2
40 40 
1
8197 10 16 0
2
18 40 
2
8198 4 18 0
8198 10 16 0
2
40 40 
1
8199 10 16 0
2
38 40 
2
8200 4 16 0
8200 10 16 0
2
40 40 
1
8201 10 16 0
2
41 41 
1
8167 20 12 0
2
39 41 
2
8168 22 8 0
8168 20 12 0
2
41 41 
1
8169 20 12 0
2
19 41 
2
8170 20 8 0
8170 20 12 0
2
41 41 
1
8171 20 12 0
2
39 41 
2
8172 22 8 0
8172 20 12 0
2
41 41 
1
8173 20 12 0
2
42 42 
1
8215 16 16 0
2
40 42 
2
8216 10 16 0
8216 16 16 0
2
42 42 
1
8217 16 16 0
2
20 42 
2
8218 14 16 0
8218 16 16 0
2
42 42 
1
8219 16 16 0
2
40 42 
2
8220 10 16 0
8220 16 16 0
2
42 42 
1
8221 16 16 0
2
43 43 
1
8191 18 14 0
2
41 43 
2
8192 20 12 0
8192 18 14 0
2
43 43 
1
8193 18 14 0
2
21 43 
2
8194 20 14 0
8194 18 14 0
2
43 43 
1
8195 18 14 0
2
41 43 
2
8196 20 12 0
8196 18 14 0
2
43 43 
1
8197 18 14 0
2
42 163 
2
8222 16 16 0
8222 24 22 0
2
43 161 
2
8212 18 14 0
8212 14 2 0
2
42 164 
2
8223 16 16 0
8223 26 20 0
2
43 162 
2
8213 18 14 0
8213 30 18 0
2
42 166 
2
8224 16 16 0
8224 20 22 0
2
40 42 
2
8225 10 16 0
8225 16 16 0
2
41 43 
2
8214 20 12 0
8214 18 14 0
2
42 163 
2
8226 16 16 0
8226 24 22 0
2
43 164 
2
8224 18 14 0
8224 26 20 0
2
42 164 
2
8227 16 16 0
8227 26 20 0
2
42 166 
2
8228 16 16 0
8228 20 22 0
2
20 40 
2
8226 14 16 0
8226 10 16 0
2
21 41 
2
8215 20 14 0
8215 20 12 0
2
38 40 
2
8227 4 16 0
8227 10 16 0
2
39 41 
2
8216 22 8 0
8216 20 12 0
2
42 42 
1
8229 16 16 0
2
40 42 
2
8230 10 16 0
8230 16 16 0
2
42 42 
1
8231 16 16 0
2
20 42 
2
8232 14 16 0
8232 16 16 0
2
42 42 
1
8233 16 16 0
2
40 42 
2
8234 10 16 0
8234 16 16 0
2
42 42 
1
8235 16 16 0
2
43 43 
1
8225 18 14 0
2
41 43 
2
8226 20 12 0
8226 18 14 0
2
43 43 
1
8227 18 14 0
2
21 43 
2
8228 20 14 0
8228 18 14 0
2
43 43 
1
8229 18 14 0
2
41 43 
2
8230 20 12 0
8230 18 14 0
2
43 43 
1
8231 18 14 0
2
42 164 
2
8236 16 16 0
8236 26 20 0
2
43 163 
2
8232 18 14 0
8232 24 22 0
2
42 166 
2
8237 16 16 0
8237 20 22 0
2
42 167 
2
8238 16 16 0
8238 22 12 0
2
40 42 
2
8239 10 16 0
8239 16 16 0
2
41 43 
2
8233 20 12 0
8233 18 14 0
2
42 164 
2
8240 16 16 0
8240 26 20 0
2
43 163 
2
8234 18 14 0
8234 24 22 0
2
42 166 
2
8241 16 16 0
8241 20 22 0
2
43 164 
2
8241 18 14 0
8241 26 20 0
2
42 167 
2
8242 16 16 0
8242 22 12 0
2
20 40 
2
8240 14 16 0
8240 10 16 0
2
21 41 
2
8234 20 14 0
8234 20 12 0
2
18 38 
2
8228 4 18 0
8228 4 16 0
2
19 39 
2
8217 20 8 0
8217 22 8 0
2
16 36 
2
8148 4 24 0
8148 4 22 0
2
17 37 
2
7311 26 4 0
7311 24 4 0
2
34 36 
2
8149 2 24 0
8149 4 22 0
2
35 37 
2
7312 28 2 0
7312 24 4 0
2
38 38 
1
8229 4 16 0
2
36 38 
2
8230 4 22 0
8230 4 16 0
2
38 38 
1
8231 4 16 0
2
16 38 
2
8232 4 24 0
8232 4 16 0
2
38 38 
1
8233 4 16 0
2
36 38 
2
8234 4 22 0
8234 4 16 0
2
38 38 
1
8235 4 16 0
2
39 39 
1
8218 22 8 0
2
37 39 
2
8219 24 4 0
8219 22 8 0
2
39 39 
1
8220 22 8 0
2
17 39 
2
8221 26 4 0
8221 22 8 0
2
39 39 
1
8222 22 8 0
2
37 39 
2
8223 24 4 0
8223 22 8 0
2
39 39 
1
8224 22 8 0
2
40 40 
1
8241 10 16 0
2
38 40 
2
8242 4 16 0
8242 10 16 0
2
40 40 
1
8243 10 16 0
2
18 40 
2
8244 4 18 0
8244 10 16 0
2
40 40 
1
8245 10 16 0
2
38 40 
2
8246 4 16 0
8246 10 16 0
2
40 40 
1
8247 10 16 0
2
41 41 
1
8235 20 12 0
2
39 41 
2
8236 22 8 0
8236 20 12 0
2
41 41 
1
8237 20 12 0
2
19 41 
2
8238 20 8 0
8238 20 12 0
2
41 41 
1
8239 20 12 0
2
39 41 
2
8240 22 8 0
8240 20 12 0
2
41 41 
1
8241 20 12 0
2
42 42 
1
8243 16 16 0
2
40 42 
2
8248 10 16 0
8248 16 16 0
2
42 42 
1
8249 16 16 0
2
20 42 
2
8250 14 16 0
8250 16 16 0
2
42 42 
1
8251 16 16 0
2
40 42 
2
8252 10 16 0
8252 16 16 0
2
42 42 
1
8253 16 16 0
2
43 43 
1
8242 18 14 0
2
41 43 
2
8243 20 12 0
8243 18 14 0
2
43 43 
1
8244 18 14 0
2
21 43 
2
8245 20 14 0
8245 18 14 0
2
43 43 
1
8246 18 14 0
2
41 43 
2
8247 20 12 0
8247 18 14 0
2
43 43 
1
8248 18 14 0
2
42 163 
2
8254 16 16 0
8254 24 22 0
2
43 167 
2
8249 18 14 0
8249 22 12 0
2
42 164 
2
8255 16 16 0
8255 26 20 0
2
42 166 
2
8256 16 16 0
8256 20 22 0
2
42 167 
2
8257 16 16 0
8257 22 12 0
2
42 168 
2
8258 16 16 0
8258 24 10 0
2
42 169 
2
8259 16 16 0
8259 18 2 0
2
42 170 
2
8260 16 16 0
8260 26 14 0
2
42 171 
2
8261 16 16 0
8261 20 4 0
2
42 172 
2
8262 16 16 0
8262 26 8 0
2
42 173 
2
8263 16 16 0
8263 26 6 0
2
42 174 
2
8264 16 16 0
8264 20 32 0
2
42 175 
2
8265 16 16 0
8265 6 8 0
2
42 176 
2
8266 16 16 0
8266 20 30 0
2
42 177 
2
8267 16 16 0
8267 8 4 0
2
42 178 
2
8268 16 16 0
8268 10 2 0
2
42 179 
2
8269 16 16 0
8269 30 22 0
2
42 180 
2
8270 16 16 0
8270 26 26 0
2
42 181 
2
8271 16 16 0
8271 32 20 0
2
42 182 
2
8272 16 16 0
8272 32 10 0
2
42 183 
2
8273 16 16 0
8273 2 8 0
2
42 184 
2
8274 16 16 0
8274 30 8 0
2
40 42 
2
8275 10 16 0
8275 16 16 0
2
41 43 
2
8250 20 12 0
8250 18 14 0
2
42 163 
2
8276 16 16 0
8276 24 22 0
2
43 166 
2
8257 18 14 0
8257 20 22 0
2
42 164 
2
8277 16 16 0
8277 26 20 0
2
42 166 
2
8278 16 16 0
8278 20 22 0
2
42 167 
2
8279 16 16 0
8279 22 12 0
2
42 168 
2
8280 16 16 0
8280 24 10 0
2
42 169 
2
8281 16 16 0
8281 18 2 0
2
42 170 
2
8282 16 16 0
8282 26 14 0
2
42 171 
2
8283 16 16 0
8283 20 4 0
2
42 172 
2
8284 16 16 0
8284 26 8 0
2
42 173 
2
8285 16 16 0
8285 26 6 0
2
42 174 
2
8286 16 16 0
8286 20 32 0
2
42 175 
2
8287 16 16 0
8287 6 8 0
2
42 176 
2
8288 16 16 0
8288 20 30 0
2
42 177 
2
8289 16 16 0
8289 8 4 0
2
42 178 
2
8290 16 16 0
8290 10 2 0
2
42 179 
2
8291 16 16 0
8291 30 22 0
2
42 180 
2
8292 16 16 0
8292 26 26 0
2
42 181 
2
8293 16 16 0
8293 32 20 0
2
42 182 
2
8294 16 16 0
8294 32 10 0
2
42 183 
2
8295 16 16 0
8295 2 8 0
2
42 184 
2
8296 16 16 0
8296 30 8 0
2
20 40 
2
8276 14 16 0
8276 10 16 0
2
21 41 
2
8251 20 14 0
8251 20 12 0
2
38 40 
2
8277 4 16 0
8277 10 16 0
2
39 41 
2
8252 22 8 0
8252 20 12 0
2
42 42 
1
8297 16 16 0
2
40 42 
2
8298 10 16 0
8298 16 16 0
2
42 42 
1
8299 16 16 0
2
20 42 
2
8300 14 16 0
8300 16 16 0
2
42 42 
1
8301 16 16 0
2
40 42 
2
8302 10 16 0
8302 16 16 0
2
42 42 
1
8303 16 16 0
2
43 43 
1
8258 18 14 0
2
41 43 
2
8259 20 12 0
8259 18 14 0
2
43 43 
1
8260 18 14 0
2
21 43 
2
8261 20 14 0
8261 18 14 0
2
43 43 
1
8262 18 14 0
2
41 43 
2
8263 20 12 0
8263 18 14 0
2
43 43 
1
8264 18 14 0
2
42 164 
2
8304 16 16 0
8304 26 20 0
2
43 166 
2
8279 18 14 0
8279 20 22 0
2
42 166 
2
8305 16 16 0
8305 20 22 0
2
43 167 
2
8280 18 14 0
8280 22 12 0
2
42 167 
2
8306 16 16 0
8306 22 12 0
2
42 168 
2
8307 16 16 0
8307 24 10 0
2
42 169 
2
8308 16 16 0
8308 18 2 0
2
42 170 
2
8309 16 16 0
8309 26 14 0
2
42 171 
2
8310 16 16 0
8310 20 4 0
2
42 172 
2
8311 16 16 0
8311 26 8 0
2
42 173 
2
8312 16 16 0
8312 26 6 0
2
42 174 
2
8313 16 16 0
8313 20 32 0
2
42 175 
2
8314 16 16 0
8314 6 8 0
2
42 176 
2
8315 16 16 0
8315 20 30 0
2
42 177 
2
8316 16 16 0
8316 8 4 0
2
42 178 
2
8317 16 16 0
8317 10 2 0
2
42 179 
2
8318 16 16 0
8318 30 22 0
2
42 180 
2
8319 16 16 0
8319 26 26 0
2
42 181 
2
8320 16 16 0
8320 32 20 0
2
42 182 
2
8321 16 16 0
8321 32 10 0
2
42 183 
2
8322 16 16 0
8322 2 8 0
2
42 184 
2
8323 16 16 0
8323 30 8 0
2
42 185 
2
8324 16 16 0
8324 24 30 0
2
40 42 
2
8325 10 16 0
8325 16 16 0
2
41 43 
2
8281 20 12 0
8281 18 14 0
2
42 164 
2
8326 16 16 0
8326 26 20 0
2
43 169 
2
8309 18 14 0
8309 18 2 0
2
42 166 
2
8327 16 16 0
8327 20 22 0
2
42 167 
2
8328 16 16 0
8328 22 12 0
2
42 168 
2
8329 16 16 0
8329 24 10 0
2
42 169 
2
8330 16 16 0
8330 18 2 0
2
42 170 
2
8331 16 16 0
8331 26 14 0
2
42 171 
2
8332 16 16 0
8332 20 4 0
2
42 172 
2
8333 16 16 0
8333 26 8 0
2
42 173 
2
8334 16 16 0
8334 26 6 0
2
42 174 
2
8335 16 16 0
8335 20 32 0
2
42 175 
2
8336 16 16 0
8336 6 8 0
2
42 176 
2
8337 16 16 0
8337 20 30 0
2
42 177 
2
8338 16 16 0
8338 8 4 0
2
42 178 
2
8339 16 16 0
8339 10 2 0
2
42 179 
2
8340 16 16 0
8340 30 22 0
2
42 180 
2
8341 16 16 0
8341 26 26 0
2
42 181 
2
8342 16 16 0
8342 32 20 0
2
42 182 
2
8343 16 16 0
8343 32 10 0
2
42 183 
2
8344 16 16 0
8344 2 8 0
2
42 184 
2
8345 16 16 0
8345 30 8 0
2
42 185 
2
8346 16 16 0
8346 24 30 0
2
20 40 
2
8326 14 16 0
8326 10 16 0
2
21 41 
2
8282 20 14 0
8282 20 12 0
2
18 38 
2
8278 4 18 0
8278 4 16 0
2
19 39 
2
8253 20 8 0
8253 22 8 0
2
36 38 
2
8279 4 22 0
8279 4 16 0
2
37 39 
2
8254 24 4 0
8254 22 8 0
2
40 40 
1
8327 10 16 0
2
38 40 
2
8328 4 16 0
8328 10 16 0
2
40 40 
1
8329 10 16 0
2
18 40 
2
8330 4 18 0
8330 10 16 0
2
40 40 
1
8331 10 16 0
2
38 40 
2
8332 4 16 0
8332 10 16 0
2
40 40 
1
8333 10 16 0
2
41 41 
1
8283 20 12 0
2
39 41 
2
8284 22 8 0
8284 20 12 0
2
41 41 
1
8285 20 12 0
2
19 41 
2
8286 20 8 0
8286 20 12 0
2
41 41 
1
8287 20 12 0
2
39 41 
2
8288 22 8 0
8288 20 12 0
2
41 41 
1
8289 20 12 0
2
42 42 
1
8347 16 16 0
2
40 42 
2
8348 10 16 0
8348 16 16 0
2
42 42 
1
8349 16 16 0
2
20 42 
2
8350 14 16 0
8350 16 16 0
2
42 42 
1
8351 16 16 0
2
40 42 
2
8352 10 16 0
8352 16 16 0
2
42 42 
1
8353 16 16 0
2
43 43 
1
8310 18 14 0
2
41 43 
2
8311 20 12 0
8311 18 14 0
2
43 43 
1
8312 18 14 0
2
21 43 
2
8313 20 14 0
8313 18 14 0
2
43 43 
1
8314 18 14 0
2
41 43 
2
8315 20 12 0
8315 18 14 0
2
43 43 
1
8316 18 14 0
2
42 184 
2
8354 16 16 0
8354 30 8 0
2
43 168 
2
8330 18 14 0
8330 24 10 0
2
42 185 
2
8355 16 16 0
8355 24 30 0
2
42 186 
2
8356 16 16 0
8356 28 6 0
2
40 42 
2
8357 10 16 0
8357 16 16 0
2
41 43 
2
8331 20 12 0
8331 18 14 0
2
42 184 
2
8358 16 16 0
8358 30 8 0
2
43 168 
2
8332 18 14 0
8332 24 10 0
2
42 185 
2
8359 16 16 0
8359 24 30 0
2
43 169 
2
8333 18 14 0
8333 18 2 0
2
42 186 
2
8360 16 16 0
8360 28 6 0
2
20 40 
2
8358 14 16 0
8358 10 16 0
2
21 41 
2
8332 20 14 0
8332 20 12 0
2
38 40 
2
8359 4 16 0
8359 10 16 0
2
39 41 
2
8333 22 8 0
8333 20 12 0
2
42 42 
1
8361 16 16 0
2
40 42 
2
8362 10 16 0
8362 16 16 0
2
42 42 
1
8363 16 16 0
2
20 42 
2
8364 14 16 0
8364 16 16 0
2
42 42 
1
8365 16 16 0
2
40 42 
2
8366 10 16 0
8366 16 16 0
2
42 42 
1
8367 16 16 0
2
43 43 
1
8334 18 14 0
2
41 43 
2
8335 20 12 0
8335 18 14 0
2
43 43 
1
8336 18 14 0
2
21 43 
2
8337 20 14 0
8337 18 14 0
2
43 43 
1
8338 18 14 0
2
41 43 
2
8339 20 12 0
8339 18 14 0
2
43 43 
1
8340 18 14 0
2
42 185 
2
8368 16 16 0
8368 24 30 0
2
43 171 
2
8341 18 14 0
8341 20 4 0
2
42 186 
2
8369 16 16 0
8369 28 6 0
2
42 188 
2
8370 16 16 0
8370 30 6 0
2
40 42 
2
8371 10 16 0
8371 16 16 0
2
41 43 
2
8342 20 12 0
8342 18 14 0
2
42 185 
2
8372 16 16 0
8372 24 30 0
2
43 170 
2
8343 18 14 0
8343 26 14 0
2
42 186 
2
8373 16 16 0
8373 28 6 0
2
42 188 
2
8374 16 16 0
8374 30 6 0
2
20 40 
2
8372 14 16 0
8372 10 16 0
2
21 41 
2
8343 20 14 0
8343 20 12 0
2
18 38 
2
8360 4 18 0
8360 4 16 0
2
19 39 
2
8334 20 8 0
8334 22 8 0
2
16 36 
2
8280 4 24 0
8280 4 22 0
2
17 37 
2
8255 26 4 0
8255 24 4 0
2
14 34 
2
8150 4 26 0
8150 2 24 0
2
15 35 
2
7313 26 2 0
7313 28 2 0
2
32 34 
2
8151 2 28 0
8151 2 24 0
2
33 35 
2
7314 32 2 0
7314 28 2 0
2
36 36 
1
8281 4 22 0
2
34 36 
2
8282 2 24 0
8282 4 22 0
2
36 36 
1
8283 4 22 0
2
14 36 
2
8284 4 26 0
8284 4 22 0
2
36 36 
1
8285 4 22 0
2
34 36 
2
8286 2 24 0
8286 4 22 0
2
36 36 
1
8287 4 22 0
2
37 37 
1
8256 24 4 0
2
35 37 
2
8257 28 2 0
8257 24 4 0
2
37 37 
1
8258 24 4 0
2
15 37 
2
8259 26 2 0
8259 24 4 0
2
37 37 
1
8260 24 4 0
2
35 37 
2
8261 28 2 0
8261 24 4 0
2
37 37 
1
8262 24 4 0
2
38 38 
1
8361 4 16 0
2
36 38 
2
8362 4 22 0
8362 4 16 0
2
38 38 
1
8363 4 16 0
2
16 38 
2
8364 4 24 0
8364 4 16 0
2
38 38 
1
8365 4 16 0
2
36 38 
2
8366 4 22 0
8366 4 16 0
2
38 38 
1
8367 4 16 0
2
39 39 
1
8335 22 8 0
2
37 39 
2
8336 24 4 0
8336 22 8 0
2
39 39 
1
8337 22 8 0
2
17 39 
2
8338 26 4 0
8338 22 8 0
2
39 39 
1
8339 22 8 0
2
37 39 
2
8340 24 4 0
8340 22 8 0
2
39 39 
1
8341 22 8 0
2
40 40 
1
8373 10 16 0
2
38 40 
2
8374 4 16 0
8374 10 16 0
2
40 40 
1
8375 10 16 0
2
18 40 
2
8376 4 18 0
8376 10 16 0
2
40 40 
1
8377 10 16 0
2
38 40 
2
8378 4 16 0
8378 10 16 0
2
40 40 
1
8379 10 16 0
2
41 41 
1
8344 20 12 0
2
39 41 
2
8345 22 8 0
8345 20 12 0
2
41 41 
1
8346 20 12 0
2
19 41 
2
8347 20 8 0
8347 20 12 0
2
41 41 
1
8348 20 12 0
2
39 41 
2
8349 22 8 0
8349 20 12 0
2
41 41 
1
8350 20 12 0
2
42 42 
1
8375 16 16 0
2
40 42 
2
8380 10 16 0
8380 16 16 0
2
42 42 
1
8381 16 16 0
2
20 42 
2
8382 14 16 0
8382 16 16 0
2
42 42 
1
8383 16 16 0
2
40 42 
2
8384 10 16 0
8384 16 16 0
2
42 42 
1
8385 16 16 0
2
43 43 
1
8344 18 14 0
2
41 43 
2
8351 20 12 0
8351 18 14 0
2
43 43 
1
8352 18 14 0
2
21 43 
2
8353 20 14 0
8353 18 14 0
2
43 43 
1
8354 18 14 0
2
41 43 
2
8355 20 12 0
8355 18 14 0
2
43 43 
1
8356 18 14 0
2
42 77 
2
8386 16 16 0
8386 14 32 0
2
43 170 
2
8357 18 14 0
8357 26 14 0
2
42 78 
2
8387 16 16 0
8387 10 28 0
2
43 171 
2
8358 18 14 0
8358 20 4 0
2
42 79 
2
8388 16 16 0
8388 2 20 0
2
40 42 
2
8389 10 16 0
8389 16 16 0
2
41 43 
2
8359 20 12 0
8359 18 14 0
2
42 77 
2
8390 16 16 0
8390 14 32 0
2
43 173 
2
8360 18 14 0
8360 26 6 0
2
42 78 
2
8391 16 16 0
8391 10 28 0
2
42 79 
2
8392 16 16 0
8392 2 20 0
2
20 40 
2
8390 14 16 0
8390 10 16 0
2
21 41 
2
8360 20 14 0
8360 20 12 0
2
38 40 
2
8391 4 16 0
8391 10 16 0
2
39 41 
2
8361 22 8 0
8361 20 12 0
2
42 42 
1
8393 16 16 0
2
40 42 
2
8394 10 16 0
8394 16 16 0
2
42 42 
1
8395 16 16 0
2
20 42 
2
8396 14 16 0
8396 16 16 0
2
42 42 
1
8397 16 16 0
2
40 42 
2
8398 10 16 0
8398 16 16 0
2
42 42 
1
8399 16 16 0
2
43 43 
1
8361 18 14 0
2
41 43 
2
8362 20 12 0
8362 18 14 0
2
43 43 
1
8363 18 14 0
2
21 43 
2
8364 20 14 0
8364 18 14 0
2
43 43 
1
8365 18 14 0
2
41 43 
2
8366 20 12 0
8366 18 14 0
2
43 43 
1
8367 18 14 0
2
42 78 
2
8400 16 16 0
8400 10 28 0
2
43 172 
2
8368 18 14 0
8368 26 8 0
2
42 79 
2
8401 16 16 0
8401 2 20 0
2
42 80 
2
8402 16 16 0
8402 24 28 0
2
40 42 
2
8403 10 16 0
8403 16 16 0
2
41 43 
2
8369 20 12 0
8369 18 14 0
2
42 78 
2
8404 16 16 0
8404 10 28 0
2
43 172 
2
8370 18 14 0
8370 26 8 0
2
42 79 
2
8405 16 16 0
8405 2 20 0
2
43 173 
2
8371 18 14 0
8371 26 6 0
2
42 80 
2
8406 16 16 0
8406 24 28 0
2
20 40 
2
8404 14 16 0
8404 10 16 0
2
21 41 
2
8370 20 14 0
8370 20 12 0
2
18 38 
2
8392 4 18 0
8392 4 16 0
2
19 39 
2
8362 20 8 0
8362 22 8 0
2
36 38 
2
8393 4 22 0
8393 4 16 0
2
37 39 
2
8363 24 4 0
8363 22 8 0
2
40 40 
1
8405 10 16 0
2
38 40 
2
8406 4 16 0
8406 10 16 0
2
40 40 
1
8407 10 16 0
2
18 40 
2
8408 4 18 0
8408 10 16 0
2
40 40 
1
8409 10 16 0
2
38 40 
2
8410 4 16 0
8410 10 16 0
2
40 40 
1
8411 10 16 0
2
41 41 
1
8371 20 12 0
2
39 41 
2
8372 22 8 0
8372 20 12 0
2
41 41 
1
8373 20 12 0
2
19 41 
2
8374 20 8 0
8374 20 12 0
2
41 41 
1
8375 20 12 0
2
39 41 
2
8376 22 8 0
8376 20 12 0
2
41 41 
1
8377 20 12 0
2
42 42 
1
8407 16 16 0
2
40 42 
2
8412 10 16 0
8412 16 16 0
2
42 42 
1
8413 16 16 0
2
20 42 
2
8414 14 16 0
8414 16 16 0
2
42 42 
1
8415 16 16 0
2
40 42 
2
8416 10 16 0
8416 16 16 0
2
42 42 
1
8417 16 16 0
2
43 43 
1
8372 18 14 0
2
41 43 
2
8378 20 12 0
8378 18 14 0
2
43 43 
1
8379 18 14 0
2
21 43 
2
8380 20 14 0
8380 18 14 0
2
43 43 
1
8381 18 14 0
2
41 43 
2
8382 20 12 0
8382 18 14 0
2
43 43 
1
8383 18 14 0
2
42 77 
2
8418 16 16 0
8418 14 32 0
2
43 175 
2
8384 18 14 0
8384 6 8 0
2
42 78 
2
8419 16 16 0
8419 10 28 0
2
42 79 
2
8420 16 16 0
8420 2 20 0
2
42 80 
2
8421 16 16 0
8421 24 28 0
2
42 81 
2
8422 16 16 0
8422 6 6 0
2
42 82 
2
8423 16 16 0
8423 28 22 0
2
42 83 
2
8424 16 16 0
8424 10 4 0
2
42 84 
2
8425 16 16 0
8425 28 24 0
2
42 85 
2
8426 16 16 0
8426 30 20 0
2
42 88 
2
8427 16 16 0
8427 12 4 0
2
42 110 
2
8428 16 16 0
8428 6 20 0
2
42 127 
2
8429 16 16 0
8429 12 18 0
2
42 132 
2
8430 16 16 0
8430 8 16 0
2
42 133 
2
8431 16 16 0
8431 10 12 0
2
42 134 
2
8432 16 16 0
8432 16 30 0
2
42 135 
2
8433 16 16 0
8433 10 26 0
2
42 136 
2
8434 16 16 0
8434 16 26 0
2
42 137 
2
8435 16 16 0
8435 16 28 0
2
42 138 
2
8436 16 16 0
8436 10 20 0
2
42 139 
2
8437 16 16 0
8437 12 26 0
2
42 140 
2
8438 16 16 0
8438 14 18 0
2
40 42 
2
8439 10 16 0
8439 16 16 0
2
41 43 
2
8385 20 12 0
8385 18 14 0
2
42 77 
2
8440 16 16 0
8440 14 32 0
2
43 174 
2
8386 18 14 0
8386 20 32 0
2
42 78 
2
8441 16 16 0
8441 10 28 0
2
42 79 
2
8442 16 16 0
8442 2 20 0
2
42 80 
2
8443 16 16 0
8443 24 28 0
2
42 81 
2
8444 16 16 0
8444 6 6 0
2
42 82 
2
8445 16 16 0
8445 28 22 0
2
42 83 
2
8446 16 16 0
8446 10 4 0
2
42 84 
2
8447 16 16 0
8447 28 24 0
2
42 85 
2
8448 16 16 0
8448 30 20 0
2
42 88 
2
8449 16 16 0
8449 12 4 0
2
42 110 
2
8450 16 16 0
8450 6 20 0
2
42 127 
2
8451 16 16 0
8451 12 18 0
2
42 132 
2
8452 16 16 0
8452 8 16 0
2
42 133 
2
8453 16 16 0
8453 10 12 0
2
42 134 
2
8454 16 16 0
8454 16 30 0
2
42 135 
2
8455 16 16 0
8455 10 26 0
2
42 136 
2
8456 16 16 0
8456 16 26 0
2
42 137 
2
8457 16 16 0
8457 16 28 0
2
42 138 
2
8458 16 16 0
8458 10 20 0
2
42 139 
2
8459 16 16 0
8459 12 26 0
2
42 140 
2
8460 16 16 0
8460 14 18 0
2
20 40 
2
8440 14 16 0
8440 10 16 0
2
21 41 
2
8386 20 14 0
8386 20 12 0
2
38 40 
2
8441 4 16 0
8441 10 16 0
2
39 41 
2
8387 22 8 0
8387 20 12 0
2
42 42 
1
8461 16 16 0
2
40 42 
2
8462 10 16 0
8462 16 16 0
2
42 42 
1
8463 16 16 0
2
20 42 
2
8464 14 16 0
8464 16 16 0
2
42 42 
1
8465 16 16 0
2
40 42 
2
8466 10 16 0
8466 16 16 0
2
42 42 
1
8467 16 16 0
2
43 43 
1
8387 18 14 0
2
41 43 
2
8388 20 12 0
8388 18 14 0
2
43 43 
1
8389 18 14 0
2
21 43 
2
8390 20 14 0
8390 18 14 0
2
43 43 
1
8391 18 14 0
2
41 43 
2
8392 20 12 0
8392 18 14 0
2
43 43 
1
8393 18 14 0
2
42 78 
2
8468 16 16 0
8468 10 28 0
2
43 174 
2
8394 18 14 0
8394 20 32 0
2
42 79 
2
8469 16 16 0
8469 2 20 0
2
43 175 
2
8395 18 14 0
8395 6 8 0
2
42 80 
2
8470 16 16 0
8470 24 28 0
2
42 81 
2
8471 16 16 0
8471 6 6 0
2
42 82 
2
8472 16 16 0
8472 28 22 0
2
42 83 
2
8473 16 16 0
8473 10 4 0
2
42 84 
2
8474 16 16 0
8474 28 24 0
2
42 85 
2
8475 16 16 0
8475 30 20 0
2
42 88 
2
8476 16 16 0
8476 12 4 0
2
42 110 
2
8477 16 16 0
8477 6 20 0
2
42 127 
2
8478 16 16 0
8478 12 18 0
2
42 132 
2
8479 16 16 0
8479 8 16 0
2
42 133 
2
8480 16 16 0
8480 10 12 0
2
42 134 
2
8481 16 16 0
8481 16 30 0
2
42 135 
2
8482 16 16 0
8482 10 26 0
2
42 136 
2
8483 16 16 0
8483 16 26 0
2
42 137 
2
8484 16 16 0
8484 16 28 0
2
42 138 
2
8485 16 16 0
8485 10 20 0
2
42 139 
2
8486 16 16 0
8486 12 26 0
2
42 140 
2
8487 16 16 0
8487 14 18 0
2
42 141 
2
8488 16 16 0
8488 14 20 0
2
40 42 
2
8489 10 16 0
8489 16 16 0
2
41 43 
2
8396 20 12 0
8396 18 14 0
2
42 78 
2
8490 16 16 0
8490 10 28 0
2
43 177 
2
8397 18 14 0
8397 8 4 0
2
42 79 
2
8491 16 16 0
8491 2 20 0
2
42 80 
2
8492 16 16 0
8492 24 28 0
2
42 81 
2
8493 16 16 0
8493 6 6 0
2
42 82 
2
8494 16 16 0
8494 28 22 0
2
42 83 
2
8495 16 16 0
8495 10 4 0
2
42 84 
2
8496 16 16 0
8496 28 24 0
2
42 85 
2
8497 16 16 0
8497 30 20 0
2
42 88 
2
8498 16 16 0
8498 12 4 0
2
42 110 
2
8499 16 16 0
8499 6 20 0
2
42 127 
2
8500 16 16 0
8500 12 18 0
2
42 132 
2
8501 16 16 0
8501 8 16 0
2
42 133 
2
8502 16 16 0
8502 10 12 0
2
42 134 
2
8503 16 16 0
8503 16 30 0
2
42 135 
2
8504 16 16 0
8504 10 26 0
2
42 136 
2
8505 16 16 0
8505 16 26 0
2
42 137 
2
8506 16 16 0
8506 16 28 0
2
42 138 
2
8507 16 16 0
8507 10 20 0
2
42 139 
2
8508 16 16 0
8508 12 26 0
2
42 140 
2
8509 16 16 0
8509 14 18 0
2
42 141 
2
8510 16 16 0
8510 14 20 0
2
20 40 
2
8490 14 16 0
8490 10 16 0
2
21 41 
2
8397 20 14 0
8397 20 12 0
2
18 38 
2
8442 4 18 0
8442 4 16 0
2
19 39 
2
8388 20 8 0
8388 22 8 0
2
16 36 
2
8394 4 24 0
8394 4 22 0
2
17 37 
2
8364 26 4 0
8364 24 4 0
2
34 36 
2
8395 2 24 0
8395 4 22 0
2
35 37 
2
8365 28 2 0
8365 24 4 0
2
38 38 
1
8443 4 16 0
2
36 38 
2
8444 4 22 0
8444 4 16 0
2
38 38 
1
8445 4 16 0
2
16 38 
2
8446 4 24 0
8446 4 16 0
2
38 38 
1
8447 4 16 0
2
36 38 
2
8448 4 22 0
8448 4 16 0
2
38 38 
1
8449 4 16 0
2
39 39 
1
8389 22 8 0
2
37 39 
2
8390 24 4 0
8390 22 8 0
2
39 39 
1
8391 22 8 0
2
17 39 
2
8392 26 4 0
8392 22 8 0
2
39 39 
1
8393 22 8 0
2
37 39 
2
8394 24 4 0
8394 22 8 0
2
39 39 
1
8395 22 8 0
2
40 40 
1
8491 10 16 0
2
38 40 
2
8492 4 16 0
8492 10 16 0
2
40 40 
1
8493 10 16 0
2
18 40 
2
8494 4 18 0
8494 10 16 0
2
40 40 
1
8495 10 16 0
2
38 40 
2
8496 4 16 0
8496 10 16 0
2
40 40 
1
8497 10 16 0
2
41 41 
1
8398 20 12 0
2
39 41 
2
8399 22 8 0
8399 20 12 0
2
41 41 
1
8400 20 12 0
2
19 41 
2
8401 20 8 0
8401 20 12 0
2
41 41 
1
8402 20 12 0
2
39 41 
2
8403 22 8 0
8403 20 12 0
2
41 41 
1
8404 20 12 0
2
42 42 
1
8511 16 16 0
2
40 42 
2
8512 10 16 0
8512 16 16 0
2
42 42 
1
8513 16 16 0
2
20 42 
2
8514 14 16 0
8514 16 16 0
2
42 42 
1
8515 16 16 0
2
40 42 
2
8516 10 16 0
8516 16 16 0
2
42 42 
1
8517 16 16 0
2
43 43 
1
8398 18 14 0
2
41 43 
2
8405 20 12 0
8405 18 14 0
2
43 43 
1
8406 18 14 0
2
21 43 
2
8407 20 14 0
8407 18 14 0
2
43 43 
1
8408 18 14 0
2
41 43 
2
8409 20 12 0
8409 18 14 0
2
43 43 
1
8410 18 14 0
2
42 140 
2
8518 16 16 0
8518 14 18 0
2
43 176 
2
8411 18 14 0
8411 20 30 0
2
42 141 
2
8519 16 16 0
8519 14 20 0
2
42 142 
2
8520 16 16 0
8520 8 12 0
2
40 42 
2
8521 10 16 0
8521 16 16 0
2
41 43 
2
8412 20 12 0
8412 18 14 0
2
42 140 
2
8522 16 16 0
8522 14 18 0
2
43 176 
2
8413 18 14 0
8413 20 30 0
2
42 141 
2
8523 16 16 0
8523 14 20 0
2
43 177 
2
8414 18 14 0
8414 8 4 0
2
42 142 
2
8524 16 16 0
8524 8 12 0
2
20 40 
2
8522 14 16 0
8522 10 16 0
2
21 41 
2
8413 20 14 0
8413 20 12 0
2
38 40 
2
8523 4 16 0
8523 10 16 0
2
39 41 
2
8414 22 8 0
8414 20 12 0
2
42 42 
1
8525 16 16 0
2
40 42 
2
8526 10 16 0
8526 16 16 0
2
42 42 
1
8527 16 16 0
2
20 42 
2
8528 14 16 0
8528 16 16 0
2
42 42 
1
8529 16 16 0
2
40 42 
2
8530 10 16 0
8530 16 16 0
2
42 42 
1
8531 16 16 0
2
43 43 
1
8415 18 14 0
2
41 43 
2
8416 20 12 0
8416 18 14 0
2
43 43 
1
8417 18 14 0
2
21 43 
2
8418 20 14 0
8418 18 14 0
2
43 43 
1
8419 18 14 0
2
41 43 
2
8420 20 12 0
8420 18 14 0
2
43 43 
1
8421 18 14 0
2
42 141 
2
8532 16 16 0
8532 14 20 0
2
43 179 
2
8422 18 14 0
8422 30 22 0
2
42 142 
2
8533 16 16 0
8533 8 12 0
2
42 143 
2
8534 16 16 0
8534 22 24 0
2
40 42 
2
8535 10 16 0
8535 16 16 0
2
41 43 
2
8423 20 12 0
8423 18 14 0
2
42 141 
2
8536 16 16 0
8536 14 20 0
2
43 178 
2
8424 18 14 0
8424 10 2 0
2
42 142 
2
8537 16 16 0
8537 8 12 0
2
42 143 
2
8538 16 16 0
8538 22 24 0
2
20 40 
2
8536 14 16 0
8536 10 16 0
2
21 41 
2
8424 20 14 0
8424 20 12 0
2
18 38 
2
8524 4 18 0
8524 4 16 0
2
19 39 
2
8415 20 8 0
8415 22 8 0
2
36 38 
2
8525 4 22 0
8525 4 16 0
2
37 39 
2
8416 24 4 0
8416 22 8 0
2
40 40 
1
8537 10 16 0
2
38 40 
2
8538 4 16 0
8538 10 16 0
2
40 40 
1
8539 10 16 0
2
18 40 
2
8540 4 18 0
8540 10 16 0
2
40 40 
1
8541 10 16 0
2
38 40 
2
8542 4 16 0
8542 10 16 0
2
40 40 
1
8543 10 16 0
2
41 41 
1
8425 20 12 0
2
39 41 
2
8426 22 8 0
8426 20 12 0
2
41 41 
1
8427 20 12 0
2
19 41 
2
8428 20 8 0
8428 20 12 0
2
41 41 
1
8429 20 12 0
2
39 41 
2
8430 22 8 0
8430 20 12 0
2
41 41 
1
8431 20 12 0
2
42 42 
1
8539 16 16 0
2
40 42 
2
8544 10 16 0
8544 16 16 0
2
42 42 
1
8545 16 16 0
2
20 42 
2
8546 14 16 0
8546 16 16 0
2
42 42 
1
8547 16 16 0
2
40 42 
2
8548 10 16 0
8548 16 16 0
2
42 42 
1
8549 16 16 0
2
43 43 
1
8425 18 14 0
2
41 43 
2
8432 20 12 0
8432 18 14 0
2
43 43 
1
8433 18 14 0
2
21 43 
2
8434 20 14 0
8434 18 14 0
2
43 43 
1
8435 18 14 0
2
41 43 
2
8436 20 12 0
8436 18 14 0
2
43 43 
1
8437 18 14 0
2
42 140 
2
8550 16 16 0
8550 14 18 0
2
43 178 
2
8438 18 14 0
8438 10 2 0
2
42 141 
2
8551 16 16 0
8551 14 20 0
2
43 179 
2
8439 18 14 0
8439 30 22 0
2
42 142 
2
8552 16 16 0
8552 8 12 0
2
42 143 
2
8553 16 16 0
8553 22 24 0
2
42 144 
2
8554 16 16 0
8554 24 18 0
2
42 145 
2
8555 16 16 0
8555 22 10 0
2
42 146 
2
8556 16 16 0
8556 30 12 0
2
42 147 
2
8557 16 16 0
8557 4 8 0
2
42 148 
2
8558 16 16 0
8558 12 30 0
2
42 165 
2
8559 16 16 0
8559 4 20 0
2
42 187 
2
8560 16 16 0
8560 12 28 0
2
42 190 
2
8561 16 16 0
8561 26 16 0
2
42 192 
2
8562 16 16 0
8562 18 26 0
2
42 193 
2
8563 16 16 0
8563 6 16 0
2
42 194 
2
8564 16 16 0
8564 14 22 0
2
42 195 
2
8565 16 16 0
8565 10 22 0
2
42 196 
2
8566 16 16 0
8566 8 18 0
2
42 197 
2
8567 16 16 0
8567 16 22 0
2
42 198 
2
8568 16 16 0
8568 16 18 0
2
42 199 
2
8569 16 16 0
8569 14 28 0
2
42 200 
2
8570 16 16 0
8570 10 18 0
2
40 42 
2
8571 10 16 0
8571 16 16 0
2
41 43 
2
8440 20 12 0
8440 18 14 0
2
42 140 
2
8572 16 16 0
8572 14 18 0
2
43 181 
2
8441 18 14 0
8441 32 20 0
2
42 141 
2
8573 16 16 0
8573 14 20 0
2
42 142 
2
8574 16 16 0
8574 8 12 0
2
42 143 
2
8575 16 16 0
8575 22 24 0
2
42 144 
2
8576 16 16 0
8576 24 18 0
2
42 145 
2
8577 16 16 0
8577 22 10 0
2
42 146 
2
8578 16 16 0
8578 30 12 0
2
42 147 
2
8579 16 16 0
8579 4 8 0
2
42 148 
2
8580 16 16 0
8580 12 30 0
2
42 165 
2
8581 16 16 0
8581 4 20 0
2
42 187 
2
8582 16 16 0
8582 12 28 0
2
42 190 
2
8583 16 16 0
8583 26 16 0
2
42 192 
2
8584 16 16 0
8584 18 26 0
2
42 193 
2
8585 16 16 0
8585 6 16 0
2
42 194 
2
8586 16 16 0
8586 14 22 0
2
42 195 
2
8587 16 16 0
8587 10 22 0
2
42 196 
2
8588 16 16 0
8588 8 18 0
2
42 197 
2
8589 16 16 0
8589 16 22 0
2
42 198 
2
8590 16 16 0
8590 16 18 0
2
42 199 
2
8591 16 16 0
8591 14 28 0
2
42 200 
2
8592 16 16 0
8592 10 18 0
2
20 40 
2
8572 14 16 0
8572 10 16 0
2
21 41 
2
8441 20 14 0
8441 20 12 0
2
38 40 
2
8573 4 16 0
8573 10 16 0
2
39 41 
2
8442 22 8 0
8442 20 12 0
2
42 42 
1
8593 16 16 0
2
40 42 
2
8594 10 16 0
8594 16 16 0
2
42 42 
1
8595 16 16 0
2
20 42 
2
8596 14 16 0
8596 16 16 0
2
42 42 
1
8597 16 16 0
2
40 42 
2
8598 10 16 0
8598 16 16 0
2
42 42 
1
8599 16 16 0
2
43 43 
1
8442 18 14 0
2
41 43 
2
8443 20 12 0
8443 18 14 0
2
43 43 
1
8444 18 14 0
2
21 43 
2
8445 20 14 0
8445 18 14 0
2
43 43 
1
8446 18 14 0
2
41 43 
2
8447 20 12 0
8447 18 14 0
2
43 43 
1
8448 18 14 0
2
42 141 
2
8600 16 16 0
8600 14 20 0
2
43 180 
2
8449 18 14 0
8449 26 26 0
2
42 142 
2
8601 16 16 0
8601 8 12 0
2
42 143 
2
8602 16 16 0
8602 22 24 0
2
42 144 
2
8603 16 16 0
8603 24 18 0
2
42 145 
2
8604 16 16 0
8604 22 10 0
2
42 146 
2
8605 16 16 0
8605 30 12 0
2
42 147 
2
8606 16 16 0
8606 4 8 0
2
42 148 
2
8607 16 16 0
8607 12 30 0
2
42 165 
2
8608 16 16 0
8608 4 20 0
2
42 187 
2
8609 16 16 0
8609 12 28 0
2
42 190 
2
8610 16 16 0
8610 26 16 0
2
42 192 
2
8611 16 16 0
8611 18 26 0
2
42 193 
2
8612 16 16 0
8612 6 16 0
2
42 194 
2
8613 16 16 0
8613 14 22 0
2
42 195 
2
8614 16 16 0
8614 10 22 0
2
42 196 
2
8615 16 16 0
8615 8 18 0
2
42 197 
2
8616 16 16 0
8616 16 22 0
2
42 198 
2
8617 16 16 0
8617 16 18 0
2
42 199 
2
8618 16 16 0
8618 14 28 0
2
42 200 
2
8619 16 16 0
8619 10 18 0
2
42 201 
2
8620 16 16 0
8620 18 20 0
2
40 42 
2
8621 10 16 0
8621 16 16 0
2
41 43 
2
8450 20 12 0
8450 18 14 0
2
42 141 
2
8622 16 16 0
8622 14 20 0
2
43 180 
2
8451 18 14 0
8451 26 26 0
2
42 142 
2
8623 16 16 0
8623 8 12 0
2
43 181 
2
8452 18 14 0
8452 32 20 0
2
42 143 
2
8624 16 16 0
8624 22 24 0
2
42 144 
2
8625 16 16 0
8625 24 18 0
2
42 145 
2
8626 16 16 0
8626 22 10 0
2
42 146 
2
8627 16 16 0
8627 30 12 0
2
42 147 
2
8628 16 16 0
8628 4 8 0
2
42 148 
2
8629 16 16 0
8629 12 30 0
2
42 165 
2
8630 16 16 0
8630 4 20 0
2
42 187 
2
8631 16 16 0
8631 12 28 0
2
42 190 
2
8632 16 16 0
8632 26 16 0
2
42 192 
2
8633 16 16 0
8633 18 26 0
2
42 193 
2
8634 16 16 0
8634 6 16 0
2
42 194 
2
8635 16 16 0
8635 14 22 0
2
42 195 
2
8636 16 16 0
8636 10 22 0
2
42 196 
2
8637 16 16 0
8637 8 18 0
2
42 197 
2
8638 16 16 0
8638 16 22 0
2
42 198 
2
8639 16 16 0
8639 16 18 0
2
42 199 
2
8640 16 16 0
8640 14 28 0
2
42 200 
2
8641 16 16 0
8641 10 18 0
2
42 201 
2
8642 16 16 0
8642 18 20 0
2
20 40 
2
8622 14 16 0
8622 10 16 0
2
21 41 
2
8451 20 14 0
8451 20 12 0
2
18 38 
2
8574 4 18 0
8574 4 16 0
2
19 39 
2
8443 20 8 0
8443 22 8 0
2
16 36 
2
8526 4 24 0
8526 4 22 0
2
17 37 
2
8417 26 4 0
8417 24 4 0
2
14 34 
2
8396 4 26 0
8396 2 24 0
2
15 35 
2
8366 26 2 0
8366 28 2 0
2
12 32 
2
8152 2 26 0
8152 2 28 0
2
13 33 
2
7315 30 2 0
7315 32 2 0
2
10 30 
2
7626 6 28 0
7626 4 28 0
2
11 31 
2
7102 32 4 0
7102 32 6 0
2
8 28 
2
6622 6 30 0
6622 4 30 0
2
9 29 
2
6606 32 24 0
6606 32 26 0
2
6 26 
2
4580 6 32 0
4580 2 30 0
2
7 27 
2
4597 28 30 0
4597 32 28 0
2
4 24 
2
82 8 32 0
82 2 32 0
2
5 25 
2
82 26 32 0
82 30 30 0
2
22 24 
2
83 4 32 0
83 2 32 0
2
23 25 
2
83 32 30 0
83 30 30 0
2
26 26 
1
4581 2 30 0
2
24 26 
2
4582 2 32 0
4582 2 30 0
2
26 26 
1
4583 2 30 0
2
4 26 
2
4584 8 32 0
4584 2 30 0
2
26 26 
1
4585 2 30 0
2
24 26 
2
4586 2 32 0
4586 2 30 0
2
26 26 
1
4587 2 30 0
2
27 27 
1
4598 32 28 0
2
25 27 
2
4599 30 30 0
4599 32 28 0
2
27 27 
1
4600 32 28 0
2
5 27 
2
4601 26 32 0
4601 32 28 0
2
27 27 
1
4602 32 28 0
2
25 27 
2
4603 30 30 0
4603 32 28 0
2
27 27 
1
4604 32 28 0
2
28 28 
1
6623 4 30 0
2
26 28 
2
6624 2 30 0
6624 4 30 0
2
28 28 
1
6625 4 30 0
2
6 28 
2
6626 6 32 0
6626 4 30 0
2
28 28 
1
6627 4 30 0
2
26 28 
2
6628 2 30 0
6628 4 30 0
2
28 28 
1
6629 4 30 0
2
29 29 
1
6607 32 26 0
2
27 29 
2
6608 32 28 0
6608 32 26 0
2
29 29 
1
6609 32 26 0
2
7 29 
2
6610 28 30 0
6610 32 26 0
2
29 29 
1
6611 32 26 0
2
27 29 
2
6612 32 28 0
6612 32 26 0
2
29 29 
1
6613 32 26 0
2
30 30 
1
7627 4 28 0
2
28 30 
2
7628 4 30 0
7628 4 28 0
2
30 30 
1
7629 4 28 0
2
8 30 
2
7630 6 30 0
7630 4 28 0
2
30 30 
1
7631 4 28 0
2
28 30 
2
7632 4 30 0
7632 4 28 0
2
30 30 
1
7633 4 28 0
2
31 31 
1
7103 32 6 0
2
29 31 
2
7104 32 26 0
7104 32 6 0
2
31 31 
1
7105 32 6 0
2
9 31 
2
7106 32 24 0
7106 32 6 0
2
31 31 
1
7107 32 6 0
2
29 31 
2
7108 32 26 0
7108 32 6 0
2
31 31 
1
7109 32 6 0
2
32 32 
1
8153 2 28 0
2
30 32 
2
8154 4 28 0
8154 2 28 0
2
32 32 
1
8155 2 28 0
2
10 32 
2
8156 6 28 0
8156 2 28 0
2
32 32 
1
8157 2 28 0
2
30 32 
2
8158 4 28 0
8158 2 28 0
2
32 32 
1
8159 2 28 0
2
33 33 
1
7316 32 2 0
2
31 33 
2
7317 32 6 0
7317 32 2 0
2
33 33 
1
7318 32 2 0
2
11 33 
2
7319 32 4 0
7319 32 2 0
2
33 33 
1
7320 32 2 0
2
31 33 
2
7321 32 6 0
7321 32 2 0
2
33 33 
1
7322 32 2 0
2
34 34 
1
8397 2 24 0
2
32 34 
2
8398 2 28 0
8398 2 24 0
2
34 34 
1
8399 2 24 0
2
12 34 
2
8400 2 26 0
8400 2 24 0
2
34 34 
1
8401 2 24 0
2
32 34 
2
8402 2 28 0
8402 2 24 0
2
34 34 
1
8403 2 24 0
2
35 35 
1
8367 28 2 0
2
33 35 
2
8368 32 2 0
8368 28 2 0
2
35 35 
1
8369 28 2 0
2
13 35 
2
8370 30 2 0
8370 28 2 0
2
35 35 
1
8371 28 2 0
2
33 35 
2
8372 32 2 0
8372 28 2 0
2
35 35 
1
8373 28 2 0
2
36 36 
1
8527 4 22 0
2
34 36 
2
8528 2 24 0
8528 4 22 0
2
36 36 
1
8529 4 22 0
2
14 36 
2
8530 4 26 0
8530 4 22 0
2
36 36 
1
8531 4 22 0
2
34 36 
2
8532 2 24 0
8532 4 22 0
2
36 36 
1
8533 4 22 0
2
37 37 
1
8418 24 4 0
2
35 37 
2
8419 28 2 0
8419 24 4 0
2
37 37 
1
8420 24 4 0
2
15 37 
2
8421 26 2 0
8421 24 4 0
2
37 37 
1
8422 24 4 0
2
35 37 
2
8423 28 2 0
8423 24 4 0
2
37 37 
1
8424 24 4 0
2
38 38 
1
8575 4 16 0
2
36 38 
2
8576 4 22 0
8576 4 16 0
2
38 38 
1
8577 4 16 0
2
16 38 
2
8578 4 24 0
8578 4 16 0
2
38 38 
1
8579 4 16 0
2
36 38 
2
8580 4 22 0
8580 4 16 0
2
38 38 
1
8581 4 16 0
2
39 39 
1
8444 22 8 0
2
37 39 
2
8445 24 4 0
8445 22 8 0
2
39 39 
1
8446 22 8 0
2
17 39 
2
8447 26 4 0
8447 22 8 0
2
39 39 
1
8448 22 8 0
2
37 39 
2
8449 24 4 0
8449 22 8 0
2
39 39 
1
8450 22 8 0
2
40 40 
1
8623 10 16 0
2
38 40 
2
8624 4 16 0
8624 10 16 0
2
40 40 
1
8625 10 16 0
2
18 40 
2
8626 4 18 0
8626 10 16 0
2
40 40 
1
8627 10 16 0
2
38 40 
2
8628 4 16 0
8628 10 16 0
2
40 40 
1
8629 10 16 0
2
41 41 
1
8452 20 12 0
2
39 41 
2
8453 22 8 0
8453 20 12 0
2
41 41 
1
8454 20 12 0
2
19 41 
2
8455 20 8 0
8455 20 12 0
2
41 41 
1
8456 20 12 0
2
39 41 
2
8457 22 8 0
8457 20 12 0
2
41 41 
1
8458 20 12 0
2
42 42 
1
8643 16 16 0
2
40 42 
2
8644 10 16 0
8644 16 16 0
2
42 42 
1
8645 16 16 0
2
20 42 
2
8646 14 16 0
8646 16 16 0
2
42 42 
1
8647 16 16 0
2
40 42 
2
8648 10 16 0
8648 16 16 0
2
42 42 
1
8649 16 16 0
2
43 43 
1
8453 18 14 0
2
41 43 
2
8459 20 12 0
8459 18 14 0
2
43 43 
1
8460 18 14 0
2
21 43 
2
8461 20 14 0
8461 18 14 0
2
43 43 
1
8462 18 14 0
2
41 43 
2
8463 20 12 0
8463 18 14 0
2
43 43 
1
8464 18 14 0
2
42 200 
2
8650 16 16 0
8650 10 18 0
2
43 183 
2
8465 18 14 0
8465 2 8 0
2
42 201 
2
8651 16 16 0
8651 18 20 0
2
42 202 
2
8652 16 16 0
8652 14 14 0
2
40 42 
2
8653 10 16 0
8653 16 16 0
2
41 43 
2
8466 20 12 0
8466 18 14 0
2
42 200 
2
8654 16 16 0
8654 10 18 0
2
43 182 
2
8467 18 14 0
8467 32 10 0
2
42 201 
2
8655 16 16 0
8655 18 20 0
2
42 202 
2
8656 16 16 0
8656 14 14 0
2
20 40 
2
8654 14 16 0
8654 10 16 0
2
21 41 
2
8467 20 14 0
8467 20 12 0
2
38 40 
2
8655 4 16 0
8655 10 16 0
2
39 41 
2
8468 22 8 0
8468 20 12 0
2
42 42 
1
8657 16 16 0
2
40 42 
2
8658 10 16 0
8658 16 16 0
2
42 42 
1
8659 16 16 0
2
20 42 
2
8660 14 16 0
8660 16 16 0
2
42 42 
1
8661 16 16 0
2
40 42 
2
8662 10 16 0
8662 16 16 0
2
42 42 
1
8663 16 16 0
2
43 43 
1
8468 18 14 0
2
41 43 
2
8469 20 12 0
8469 18 14 0
2
43 43 
1
8470 18 14 0
2
21 43 
2
8471 20 14 0
8471 18 14 0
2
43 43 
1
8472 18 14 0
2
41 43 
2
8473 20 12 0
8473 18 14 0
2
43 43 
1
8474 18 14 0
2
42 201 
2
8664 16 16 0
8664 18 20 0
2
43 182 
2
8475 18 14 0
8475 32 10 0
2
42 202 
2
8665 16 16 0
8665 14 14 0
2
43 183 
2
8476 18 14 0
8476 2 8 0
2
42 203 
2
8666 16 16 0
8666 2 14 0
2
40 42 
2
8667 10 16 0
8667 16 16 0
2
41 43 
2
8477 20 12 0
8477 18 14 0
2
42 201 
2
8668 16 16 0
8668 18 20 0
2
43 185 
2
8478 18 14 0
8478 24 30 0
2
42 202 
2
8669 16 16 0
8669 14 14 0
2
42 203 
2
8670 16 16 0
8670 2 14 0
2
20 40 
2
8668 14 16 0
8668 10 16 0
2
21 41 
2
8478 20 14 0
8478 20 12 0
2
18 38 
2
8656 4 18 0
8656 4 16 0
2
19 39 
2
8469 20 8 0
8469 22 8 0
2
36 38 
2
8657 4 22 0
8657 4 16 0
2
37 39 
2
8470 24 4 0
8470 22 8 0
2
40 40 
1
8669 10 16 0
2
38 40 
2
8670 4 16 0
8670 10 16 0
2
40 40 
1
8671 10 16 0
2
18 40 
2
8672 4 18 0
8672 10 16 0
2
40 40 
1
8673 10 16 0
2
38 40 
2
8674 4 16 0
8674 10 16 0
2
40 40 
1
8675 10 16 0
2
41 41 
1
8479 20 12 0
2
39 41 
2
8480 22 8 0
8480 20 12 0
2
41 41 
1
8481 20 12 0
2
19 41 
2
8482 20 8 0
8482 20 12 0
2
41 41 
1
8483 20 12 0
2
39 41 
2
8484 22 8 0
8484 20 12 0
2
41 41 
1
8485 20 12 0
2
42 42 
1
8671 16 16 0
2
40 42 
2
8676 10 16 0
8676 16 16 0
2
42 42 
1
8677 16 16 0
2
20 42 
2
8678 14 16 0
8678 16 16 0
2
42 42 
1
8679 16 16 0
2
40 42 
2
8680 10 16 0
8680 16 16 0
2
42 42 
1
8681 16 16 0
2
43 43 
1
8479 18 14 0
2
41 43 
2
8486 20 12 0
8486 18 14 0
2
43 43 
1
8487 18 14 0
2
21 43 
2
8488 20 14 0
8488 18 14 0
2
43 43 
1
8489 18 14 0
2
41 43 
2
8490 20 12 0
8490 18 14 0
2
43 43 
1
8491 18 14 0
2
42 200 
2
8682 16 16 0
8682 10 18 0
2
43 184 
2
8492 18 14 0
8492 30 8 0
2
42 201 
2
8683 16 16 0
8683 18 20 0
2
42 202 
2
8684 16 16 0
8684 14 14 0
2
42 203 
2
8685 16 16 0
8685 2 14 0
2
42 204 
2
8686 16 16 0
8686 20 20 0
2
42 205 
2
8687 16 16 0
8687 18 10 0
2
42 206 
2
8688 16 16 0
8688 26 24 0
2
42 207 
2
8689 16 16 0
8689 4 10 0
2
42 208 
2
8690 16 16 0
8690 32 16 0
2
42 209 
2
8691 16 16 0
8691 2 18 0
2
42 210 
2
8692 16 16 0
8692 8 24 0
2
42 211 
2
8693 16 16 0
8693 6 18 0
2
42 212 
2
8694 16 16 0
8694 16 24 0
2
42 213 
2
8695 16 16 0
8695 16 32 0
2
42 214 
2
8696 16 16 0
8696 12 20 0
2
42 215 
2
8697 16 16 0
8697 18 16 0
2
42 216 
2
8698 16 16 0
8698 8 20 0
2
42 217 
2
8699 16 16 0
8699 14 26 0
2
42 218 
2
8700 16 16 0
8700 10 24 0
2
42 219 
2
8701 16 16 0
8701 24 24 0
2
42 220 
2
8702 16 16 0
8702 12 24 0
2
40 42 
2
8703 10 16 0
8703 16 16 0
2
41 43 
2
8493 20 12 0
8493 18 14 0
2
42 200 
2
8704 16 16 0
8704 10 18 0
2
43 184 
2
8494 18 14 0
8494 30 8 0
2
42 201 
2
8705 16 16 0
8705 18 20 0
2
43 185 
2
8495 18 14 0
8495 24 30 0
2
42 202 
2
8706 16 16 0
8706 14 14 0
2
42 203 
2
8707 16 16 0
8707 2 14 0
2
42 204 
2
8708 16 16 0
8708 20 20 0
2
42 205 
2
8709 16 16 0
8709 18 10 0
2
42 206 
2
8710 16 16 0
8710 26 24 0
2
42 207 
2
8711 16 16 0
8711 4 10 0
2
42 208 
2
8712 16 16 0
8712 32 16 0
2
42 209 
2
8713 16 16 0
8713 2 18 0
2
42 210 
2
8714 16 16 0
8714 8 24 0
2
42 211 
2
8715 16 16 0
8715 6 18 0
2
42 212 
2
8716 16 16 0
8716 16 24 0
2
42 213 
2
8717 16 16 0
8717 16 32 0
2
42 214 
2
8718 16 16 0
8718 12 20 0
2
42 215 
2
8719 16 16 0
8719 18 16 0
2
42 216 
2
8720 16 16 0
8720 8 20 0
2
42 217 
2
8721 16 16 0
8721 14 26 0
2
42 218 
2
8722 16 16 0
8722 10 24 0
2
42 219 
2
8723 16 16 0
8723 24 24 0
2
42 220 
2
8724 16 16 0
8724 12 24 0
2
20 40 
2
8704 14 16 0
8704 10 16 0
2
21 41 
2
8494 20 14 0
8494 20 12 0
2
38 40 
2
8705 4 16 0
8705 10 16 0
2
39 41 
2
8495 22 8 0
8495 20 12 0
2
42 42 
1
8725 16 16 0
2
40 42 
2
8726 10 16 0
8726 16 16 0
2
42 42 
1
8727 16 16 0
2
20 42 
2
8728 14 16 0
8728 16 16 0
2
42 42 
1
8729 16 16 0
2
40 42 
2
8730 10 16 0
8730 16 16 0
2
42 42 
1
8731 16 16 0
2
43 43 
1
8496 18 14 0
2
41 43 
2
8497 20 12 0
8497 18 14 0
2
43 43 
1
8498 18 14 0
2
21 43 
2
8499 20 14 0
8499 18 14 0
2
43 43 
1
8500 18 14 0
2
41 43 
2
8501 20 12 0
8501 18 14 0
2
43 43 
1
8502 18 14 0
2
42 201 
2
8732 16 16 0
8732 18 20 0
2
43 188 
2
8503 18 14 0
8503 30 6 0
2
42 202 
2
8733 16 16 0
8733 14 14 0
2
42 203 
2
8734 16 16 0
8734 2 14 0
2
42 204 
2
8735 16 16 0
8735 20 20 0
2
42 205 
2
8736 16 16 0
8736 18 10 0
2
42 206 
2
8737 16 16 0
8737 26 24 0
2
42 207 
2
8738 16 16 0
8738 4 10 0
2
42 208 
2
8739 16 16 0
8739 32 16 0
2
42 209 
2
8740 16 16 0
8740 2 18 0
2
42 210 
2
8741 16 16 0
8741 8 24 0
2
42 211 
2
8742 16 16 0
8742 6 18 0
2
42 212 
2
8743 16 16 0
8743 16 24 0
2
42 213 
2
8744 16 16 0
8744 16 32 0
2
42 214 
2
8745 16 16 0
8745 12 20 0
2
42 215 
2
8746 16 16 0
8746 18 16 0
2
42 216 
2
8747 16 16 0
8747 8 20 0
2
42 217 
2
8748 16 16 0
8748 14 26 0
2
42 218 
2
8749 16 16 0
8749 10 24 0
2
42 219 
2
8750 16 16 0
8750 24 24 0
2
42 220 
2
8751 16 16 0
8751 12 24 0
2
42 221 
2
8752 16 16 0
8752 6 22 0
2
40 42 
2
8753 10 16 0
8753 16 16 0
2
41 43 
2
8504 20 12 0
8504 18 14 0
2
42 201 
2
8754 16 16 0
8754 18 20 0
2
43 186 
2
8505 18 14 0
8505 28 6 0
2
42 202 
2
8755 16 16 0
8755 14 14 0
2
42 203 
2
8756 16 16 0
8756 2 14 0
2
42 204 
2
8757 16 16 0
8757 20 20 0
2
42 205 
2
8758 16 16 0
8758 18 10 0
2
42 206 
2
8759 16 16 0
8759 26 24 0
2
42 207 
2
8760 16 16 0
8760 4 10 0
2
42 208 
2
8761 16 16 0
8761 32 16 0
2
42 209 
2
8762 16 16 0
8762 2 18 0
2
42 210 
2
8763 16 16 0
8763 8 24 0
2
42 211 
2
8764 16 16 0
8764 6 18 0
2
42 212 
2
8765 16 16 0
8765 16 24 0
2
42 213 
2
8766 16 16 0
8766 16 32 0
2
42 214 
2
8767 16 16 0
8767 12 20 0
2
42 215 
2
8768 16 16 0
8768 18 16 0
2
42 216 
2
8769 16 16 0
8769 8 20 0
2
42 217 
2
8770 16 16 0
8770 14 26 0
2
42 218 
2
8771 16 16 0
8771 10 24 0
2
42 219 
2
8772 16 16 0
8772 24 24 0
2
42 220 
2
8773 16 16 0
8773 12 24 0
2
42 221 
2
8774 16 16 0
8774 6 22 0
2
20 40 
2
8754 14 16 0
8754 10 16 0
2
21 41 
2
8505 20 14 0
8505 20 12 0
2
18 38 
2
8706 4 18 0
8706 4 16 0
2
19 39 
2
8496 20 8 0
8496 22 8 0
2
16 36 
2
8658 4 24 0
8658 4 22 0
2
17 37 
2
8471 26 4 0
8471 24 4 0
2
34 36 
2
8659 2 24 0
8659 4 22 0
2
35 37 
2
8472 28 2 0
8472 24 4 0
2
38 38 
1
8707 4 16 0
2
36 38 
2
8708 4 22 0
8708 4 16 0
2
38 38 
1
8709 4 16 0
2
16 38 
2
8710 4 24 0
8710 4 16 0
2
38 38 
1
8711 4 16 0
2
36 38 
2
8712 4 22 0
8712 4 16 0
2
38 38 
1
8713 4 16 0
2
39 39 
1
8497 22 8 0
2
37 39 
2
8498 24 4 0
8498 22 8 0
2
39 39 
1
8499 22 8 0
2
17 39 
2
8500 26 4 0
8500 22 8 0
2
39 39 
1
8501 22 8 0
2
37 39 
2
8502 24 4 0
8502 22 8 0
2
39 39 
1
8503 22 8 0
2
40 40 
1
8755 10 16 0
2
38 40 
2
8756 4 16 0
8756 10 16 0
2
40 40 
1
8757 10 16 0
2
18 40 
2
8758 4 18 0
8758 10 16 0
2
40 40 
1
8759 10 16 0
2
38 40 
2
8760 4 16 0
8760 10 16 0
2
40 40 
1
8761 10 16 0
2
41 41 
1
8506 20 12 0
2
39 41 
2
8507 22 8 0
8507 20 12 0
2
41 41 
1
8508 20 12 0
2
19 41 
2
8509 20 8 0
8509 20 12 0
2
41 41 
1
8510 20 12 0
2
39 41 
2
8511 22 8 0
8511 20 12 0
2
41 41 
1
8512 20 12 0
2
42 42 
1
8775 16 16 0
2
40 42 
2
8776 10 16 0
8776 16 16 0
2
42 42 
1
8777 16 16 0
2
20 42 
2
8778 14 16 0
8778 16 16 0
2
42 42 
1
8779 16 16 0
2
40 42 
2
8780 10 16 0
8780 16 16 0
2
42 42 
1
8781 16 16 0
2
43 43 
1
8506 18 14 0
2
41 43 
2
8513 20 12 0
8513 18 14 0
2
43 43 
1
8514 18 14 0
2
21 43 
2
8515 20 14 0
8515 18 14 0
2
43 43 
1
8516 18 14 0
2
41 43 
2
8517 20 12 0
8517 18 14 0
2
43 43 
1
8518 18 14 0
2
42 220 
2
8782 16 16 0
8782 12 24 0
2
43 186 
2
8519 18 14 0
8519 28 6 0
2
42 221 
2
8783 16 16 0
8783 6 22 0
2
43 188 
2
8520 18 14 0
8520 30 6 0
2
42 222 
2
8784 16 16 0
8784 6 14 0
2
40 42 
2
8785 10 16 0
8785 16 16 0
2
41 43 
2
8521 20 12 0
8521 18 14 0
2
42 220 
2
8786 16 16 0
8786 12 24 0
2
43 191 
2
8522 18 14 0
8522 28 4 0
2
42 221 
2
8787 16 16 0
8787 6 22 0
2
42 222 
2
8788 16 16 0
8788 6 14 0
2
20 40 
2
8786 14 16 0
8786 10 16 0
2
21 41 
2
8522 20 14 0
8522 20 12 0
2
38 40 
2
8787 4 16 0
8787 10 16 0
2
39 41 
2
8523 22 8 0
8523 20 12 0
2
42 42 
1
8789 16 16 0
2
40 42 
2
8790 10 16 0
8790 16 16 0
2
42 42 
1
8791 16 16 0
2
20 42 
2
8792 14 16 0
8792 16 16 0
2
42 42 
1
8793 16 16 0
2
40 42 
2
8794 10 16 0
8794 16 16 0
2
42 42 
1
8795 16 16 0
2
43 43 
1
8523 18 14 0
2
41 43 
2
8524 20 12 0
8524 18 14 0
2
43 43 
1
8525 18 14 0
2
21 43 
2
8526 20 14 0
8526 18 14 0
2
43 43 
1
8527 18 14 0
2
41 43 
2
8528 20 12 0
8528 18 14 0
2
43 43 
1
8529 18 14 0
2
42 221 
2
8796 16 16 0
8796 6 22 0
2
43 189 
2
8530 18 14 0
8530 32 8 0
2
42 222 
2
8797 16 16 0
8797 6 14 0
2
42 223 
2
8798 16 16 0
8798 14 12 0
2
40 42 
2
8799 10 16 0
8799 16 16 0
2
41 43 
2
8531 20 12 0
8531 18 14 0
2
42 221 
2
8800 16 16 0
8800 6 22 0
2
43 189 
2
8532 18 14 0
8532 32 8 0
2
42 222 
2
8801 16 16 0
8801 6 14 0
2
43 191 
2
8533 18 14 0
8533 28 4 0
2
42 223 
2
8802 16 16 0
8802 14 12 0
2
20 40 
2
8800 14 16 0
8800 10 16 0
2
21 41 
2
8532 20 14 0
8532 20 12 0
2
18 38 
2
8788 4 18 0
8788 4 16 0
2
19 39 
2
8524 20 8 0
8524 22 8 0
2
36 38 
2
8789 4 22 0
8789 4 16 0
2
37 39 
2
8525 24 4 0
8525 22 8 0
2
40 40 
1
8801 10 16 0
2
38 40 
2
8802 4 16 0
8802 10 16 0
2
40 40 
1
8803 10 16 0
2
18 40 
2
8804 4 18 0
8804 10 16 0
2
40 40 
1
8805 10 16 0
2
38 40 
2
8806 4 16 0
8806 10 16 0
2
40 40 
1
8807 10 16 0
2
41 41 
1
8533 20 12 0
2
39 41 
2
8534 22 8 0
8534 20 12 0
2
41 41 
1
8535 20 12 0
2
19 41 
2
8536 20 8 0
8536 20 12 0
2
41 41 
1
8537 20 12 0
2
39 41 
2
8538 22 8 0
8538 20 12 0
2
41 41 
1
8539 20 12 0
2
42 42 
1
8803 16 16 0
2
40 42 
2
8808 10 16 0
8808 16 16 0
2
42 42 
1
8809 16 16 0
2
20 42 
2
8810 14 16 0
8810 16 16 0
2
42 42 
1
8811 16 16 0
2
40 42 
2
8812 10 16 0
8812 16 16 0
2
42 42 
1
8813 16 16 0
2
43 43 
1
8534 18 14 0
2
41 43 
2
8540 20 12 0
8540 18 14 0
2
43 43 
1
8541 18 14 0
2
21 43 
2
8542 20 14 0
8542 18 14 0
2
43 43 
1
8543 18 14 0
2
41 43 
2
8544 20 12 0
8544 18 14 0
2
43 43 
1
8545 18 14 0
2
42 220 
2
8814 16 16 0
8814 12 24 0
2
43 241 
2
8546 18 14 0
8546 32 22 0
2
42 221 
2
8815 16 16 0
8815 6 22 0
2
42 222 
2
8816 16 16 0
8816 6 14 0
2
42 223 
2
8817 16 16 0
8817 14 12 0
2
42 224 
2
8818 16 16 0
8818 24 12 0
2
42 225 
2
8819 16 16 0
8819 20 18 0
2
42 226 
2
8820 16 16 0
8820 18 32 0
2
42 227 
2
8821 16 16 0
8821 2 12 0
2
42 228 
2
8822 16 16 0
8822 12 2 0
2
42 229 
2
8823 16 16 0
8823 2 16 0
2
42 230 
2
8824 16 16 0
8824 10 8 0
2
42 231 
2
8825 16 16 0
8825 14 30 0
2
42 232 
2
8826 16 16 0
8826 26 22 0
2
42 233 
2
8827 16 16 0
8827 8 22 0
2
42 234 
2
8828 16 16 0
8828 12 22 0
2
42 235 
2
8829 16 16 0
8829 14 24 0
2
42 236 
2
8830 16 16 0
8830 8 10 0
2
42 237 
2
8831 16 16 0
8831 20 28 0
2
42 238 
2
8832 16 16 0
8832 14 10 0
2
42 239 
2
8833 16 16 0
8833 16 20 0
2
42 50 
2
8834 16 16 0
8834 4 12 0
2
40 42 
2
8835 10 16 0
8835 16 16 0
2
41 43 
2
8547 20 12 0
8547 18 14 0
2
42 220 
2
8836 16 16 0
8836 12 24 0
2
43 240 
2
8548 18 14 0
8548 6 4 0
2
42 221 
2
8837 16 16 0
8837 6 22 0
2
42 222 
2
8838 16 16 0
8838 6 14 0
2
42 223 
2
8839 16 16 0
8839 14 12 0
2
42 224 
2
8840 16 16 0
8840 24 12 0
2
42 225 
2
8841 16 16 0
8841 20 18 0
2
42 226 
2
8842 16 16 0
8842 18 32 0
2
42 227 
2
8843 16 16 0
8843 2 12 0
2
42 228 
2
8844 16 16 0
8844 12 2 0
2
42 229 
2
8845 16 16 0
8845 2 16 0
2
42 230 
2
8846 16 16 0
8846 10 8 0
2
42 231 
2
8847 16 16 0
8847 14 30 0
2
42 232 
2
8848 16 16 0
8848 26 22 0
2
42 233 
2
8849 16 16 0
8849 8 22 0
2
42 234 
2
8850 16 16 0
8850 12 22 0
2
42 235 
2
8851 16 16 0
8851 14 24 0
2
42 236 
2
8852 16 16 0
8852 8 10 0
2
42 237 
2
8853 16 16 0
8853 20 28 0
2
42 238 
2
8854 16 16 0
8854 14 10 0
2
42 239 
2
8855 16 16 0
8855 16 20 0
2
42 50 
2
8856 16 16 0
8856 4 12 0
2
20 40 
2
8836 14 16 0
8836 10 16 0
2
21 41 
2
8548 20 14 0
8548 20 12 0
2
38 40 
2
8837 4 16 0
8837 10 16 0
2
39 41 
2
8549 22 8 0
8549 20 12 0
2
42 42 
1
8857 16 16 0
2
40 42 
2
8858 10 16 0
8858 16 16 0
2
42 42 
1
8859 16 16 0
2
20 42 
2
8860 14 16 0
8860 16 16 0
2
42 42 
1
8861 16 16 0
2
40 42 
2
8862 10 16 0
8862 16 16 0
2
42 42 
1
8863 16 16 0
2
43 43 
1
8549 18 14 0
2
41 43 
2
8550 20 12 0
8550 18 14 0
2
43 43 
1
8551 18 14 0
2
21 43 
2
8552 20 14 0
8552 18 14 0
2
43 43 
1
8553 18 14 0
2
41 43 
2
8554 20 12 0
8554 18 14 0
2
43 43 
1
8555 18 14 0
2
42 221 
2
8864 16 16 0
8864 6 22 0
2
43 240 
2
8556 18 14 0
8556 6 4 0
2
42 222 
2
8865 16 16 0
8865 6 14 0
2
43 241 
2
8557 18 14 0
8557 32 22 0
2
42 223 
2
8866 16 16 0
8866 14 12 0
2
42 224 
2
8867 16 16 0
8867 24 12 0
2
42 225 
2
8868 16 16 0
8868 20 18 0
2
42 226 
2
8869 16 16 0
8869 18 32 0
2
42 227 
2
8870 16 16 0
8870 2 12 0
2
42 228 
2
8871 16 16 0
8871 12 2 0
2
42 229 
2
8872 16 16 0
8872 2 16 0
2
42 230 
2
8873 16 16 0
8873 10 8 0
2
42 231 
2
8874 16 16 0
8874 14 30 0
2
42 232 
2
8875 16 16 0
8875 26 22 0
2
42 233 
2
8876 16 16 0
8876 8 22 0
2
42 234 
2
8877 16 16 0
8877 12 22 0
2
42 235 
2
8878 16 16 0
8878 14 24 0
2
42 236 
2
8879 16 16 0
8879 8 10 0
2
42 237 
2
8880 16 16 0
8880 20 28 0
2
42 238 
2
8881 16 16 0
8881 14 10 0
2
42 239 
2
8882 16 16 0
8882 16 20 0
2
42 50 
2
8883 16 16 0
8883 4 12 0
2
42 45 
2
8884 16 16 0
8884 16 2 0
2
40 42 
2
8885 10 16 0
8885 16 16 0
2
41 43 
2
8558 20 12 0
8558 18 14 0
2
42 221 
2
8886 16 16 0
8886 6 22 0
2
43 243 
2
8559 18 14 0
8559 26 28 0
2
42 222 
2
8887 16 16 0
8887 6 14 0
2
42 223 
2
8888 16 16 0
8888 14 12 0
2
42 224 
2
8889 16 16 0
8889 24 12 0
2
42 225 
2
8890 16 16 0
8890 20 18 0
2
42 226 
2
8891 16 16 0
8891 18 32 0
2
42 227 
2
8892 16 16 0
8892 2 12 0
2
42 228 
2
8893 16 16 0
8893 12 2 0
2
42 229 
2
8894 16 16 0
8894 2 16 0
2
42 230 
2
8895 16 16 0
8895 10 8 0
2
42 231 
2
8896 16 16 0
8896 14 30 0
2
42 232 
2
8897 16 16 0
8897 26 22 0
2
42 233 
2
8898 16 16 0
8898 8 22 0
2
42 234 
2
8899 16 16 0
8899 12 22 0
2
42 235 
2
8900 16 16 0
8900 14 24 0
2
42 236 
2
8901 16 16 0
8901 8 10 0
2
42 237 
2
8902 16 16 0
8902 20 28 0
2
42 238 
2
8903 16 16 0
8903 14 10 0
2
42 239 
2
8904 16 16 0
8904 16 20 0
2
42 50 
2
8905 16 16 0
8905 4 12 0
2
42 45 
2
8906 16 16 0
8906 16 2 0
2
20 40 
2
8886 14 16 0
8886 10 16 0
2
21 41 
2
8559 20 14 0
8559 20 12 0
2
18 38 
2
8838 4 18 0
8838 4 16 0
2
19 39 
2
8550 20 8 0
8550 22 8 0
2
16 36 
2
8790 4 24 0
8790 4 22 0
2
17 37 
2
8526 26 4 0
8526 24 4 0
2
14 34 
2
8660 4 26 0
8660 2 24 0
2
15 35 
2
8473 26 2 0
8473 28 2 0
2
32 34 
2
8661 2 28 0
8661 2 24 0
2
33 35 
2
8474 32 2 0
8474 28 2 0
2
36 36 
1
8791 4 22 0
2
34 36 
2
8792 2 24 0
8792 4 22 0
2
36 36 
1
8793 4 22 0
2
14 36 
2
8794 4 26 0
8794 4 22 0
2
36 36 
1
8795 4 22 0
2
34 36 
2
8796 2 24 0
8796 4 22 0
2
36 36 
1
8797 4 22 0
2
37 37 
1
8527 24 4 0
2
35 37 
2
8528 28 2 0
8528 24 4 0
2
37 37 
1
8529 24 4 0
2
15 37 
2
8530 26 2 0
8530 24 4 0
2
37 37 
1
8531 24 4 0
2
35 37 
2
8532 28 2 0
8532 24 4 0
2
37 37 
1
8533 24 4 0
2
38 38 
1
8839 4 16 0
2
36 38 
2
8840 4 22 0
8840 4 16 0
2
38 38 
1
8841 4 16 0
2
16 38 
2
8842 4 24 0
8842 4 16 0
2
38 38 
1
8843 4 16 0
2
36 38 
2
8844 4 22 0
8844 4 16 0
2
38 38 
1
8845 4 16 0
2
39 39 
1
8551 22 8 0
2
37 39 
2
8552 24 4 0
8552 22 8 0
2
39 39 
1
8553 22 8 0
2
17 39 
2
8554 26 4 0
8554 22 8 0
2
39 39 
1
8555 22 8 0
2
37 39 
2
8556 24 4 0
8556 22 8 0
2
39 39 
1
8557 22 8 0
2
40 40 
1
8887 10 16 0
2
38 40 
2
8888 4 16 0
8888 10 16 0
2
40 40 
1
8889 10 16 0
2
18 40 
2
8890 4 18 0
8890 10 16 0
2
40 40 
1
8891 10 16 0
2
38 40 
2
8892 4 16 0
8892 10 16 0
2
40 40 
1
8893 10 16 0
2
41 41 
1
8560 20 12 0
2
39 41 
2
8561 22 8 0
8561 20 12 0
2
41 41 
1
8562 20 12 0
2
19 41 
2
8563 20 8 0
8563 20 12 0
2
41 41 
1
8564 20 12 0
2
39 41 
2
8565 22 8 0
8565 20 12 0
2
41 41 
1
8566 20 12 0
2
42 42 
1
8907 16 16 0
2
40 42 
2
8908 10 16 0
8908 16 16 0
2
42 42 
1
8909 16 16 0
2
20 42 
2
8910 14 16 0
8910 16 16 0
2
42 42 
1
8911 16 16 0
2
40 42 
2
8912 10 16 0
8912 16 16 0
2
42 42 
1
8913 16 16 0
2
43 43 
1
8560 18 14 0
2
41 43 
2
8567 20 12 0
8567 18 14 0
2
43 43 
1
8568 18 14 0
2
21 43 
2
8569 20 14 0
8569 18 14 0
2
43 43 
1
8570 18 14 0
2
41 43 
2
8571 20 12 0
8571 18 14 0
2
43 43 
1
8572 18 14 0
2
42 50 
2
8914 16 16 0
8914 4 12 0
2
43 242 
2
8573 18 14 0
8573 4 6 0
2
42 45 
2
8915 16 16 0
8915 16 2 0
2
42 47 
2
8916 16 16 0
8916 26 12 0
2
40 42 
2
8917 10 16 0
8917 16 16 0
2
41 43 
2
8574 20 12 0
8574 18 14 0
2
42 50 
2
8918 16 16 0
8918 4 12 0
2
43 242 
2
8575 18 14 0
8575 4 6 0
2
42 45 
2
8919 16 16 0
8919 16 2 0
2
43 243 
2
8576 18 14 0
8576 26 28 0
2
42 47 
2
8920 16 16 0
8920 26 12 0
2
20 40 
2
8918 14 16 0
8918 10 16 0
2
21 41 
2
8575 20 14 0
8575 20 12 0
2
18 38 
2
8893 4 18 0
8893 4 16 0
2
19 39 
2
8566 20 8 0
8566 22 8 0
2
16 36 
2
8845 4 24 0
8845 4 22 0
2
17 37 
2
8557 26 4 0
8557 24 4 0
2
14 34 
2
8797 4 26 0
8797 2 24 0
2
15 35 
2
8533 26 2 0
8533 28 2 0
2
12 32 
2
8662 2 26 0
8662 2 28 0
2
13 33 
2
8475 30 2 0
8475 32 2 0
2
10 30 
2
8159 6 28 0
8159 4 28 0
2
11 31 
2
7322 32 4 0
7322 32 6 0
2
8 28 
2
7633 6 30 0
7633 4 30 0
2
9 29 
2
7109 32 24 0
7109 32 26 0
2
6 26 
2
6629 6 32 0
6629 2 30 0
2
7 27 
2
6613 28 30 0
6613 32 28 0
2
4 24 
2
4587 8 32 0
4587 2 32 0
2
5 25 
2
4604 26 32 0
4604 30 30 0
2
2 22 
2
84 24 32 0
84 4 32 0
2
3 23 
2
84 26 30 0
84 32 30 0
2
1 23 
2
85 30 32 0
85 32 30 0
2
0 22 
2
85 10 32 0
85 4 32 0
2
0 1 
2
86 10 32 0
86 30 32 0
2
2 3 
2
85 24 32 0
85 26 30 0
2
4 5 
2
4605 8 32 0
4605 26 32 0
2
6 7 
2
6630 6 32 0
6630 28 30 0
2
8 9 
2
7634 6 30 0
7634 32 24 0
2
10 11 
2
8160 6 28 0
8160 32 4 0
2
12 13 
2
8663 2 26 0
8663 30 2 0
2
14 15 
2
8798 4 26 0
8798 26 2 0
2
16 17 
2
8846 4 24 0
8846 26 4 0
2
18 19 
2
8894 4 18 0
8894 20 8 0
2
20 21 
2
8919 14 16 0
8919 20 14 0
